<?xml version="1.0" encoding="UTF-8"?><servinfosub IE-ID="en-US0900c8af848d7715" docno="VCC-383168" id="nev13883216n1" xml:lang="en-US">
<title>
<phrase category="" id="nev13883216n2" phrase-urn="urn:x-nevis:phrase:0800c8af82725350">Jammed</phrase>
</title>
<diagnostic j2008use="1" layout="0" paperuse="1" screenuse="1" type="test">
<testgrp IE-ID="en-US0900c8af848d7715_nev13883216n3" id="nev13883216n3" j2008use="1" paperuse="1" resumable="1" screenuse="1" testgrp-id="node1" x="120" y="80">
<title>
<phrase category="" id="nev13883216n4" phrase-urn="urn:x-nevis:phrase:0800c8af82725351">Checking compon#@#@#10#iring</phrase>
</title>
<node>
<test1>
<diaglist>
<dgraphic>
<dgraphic1>
<graphic id="nev13883216n5">
<href>0900c8af80054d4#@#@#9#.jpeg</href>
</graphic>
</dgraphic1>
<dgraphic3>
<graphic id="nev13883216n6">
<href>0900c8af80054cc#@#@#9#.jpeg</href>
</graphic>
</dgraphic3>
</dgraphic>
<ditem>
<ptxt>
<phrase category="" id="nev13883216n7" phrase-urn="urn:x-nevis:phrase:0800c8af82725352">Ignition off</phrase>
</ptxt>
</ditem>
<ditem>
<ptxt>
<phrase category="" id="nev13883216n8" phrase-urn="urn:x-nevis:phrase:0800c8af82725353">Disconnect the #@#@#40#ECM).</phrase>
</ptxt>
</ditem>
</diaglist>
<test2>
<para>
<ptxt>
<phrase category="" id="nev13883216n9" phrase-urn="urn:x-nevis:phrase:0800c8af82725354">Check the exhau#@#@#105#tion.</phrase>
</ptxt>
</para>
<note>
<ptxt>
<phrase category="" id="nev13883216n10" phrase-urn="urn:x-nevis:phrase:0800c8af82725355">This Diagnostic#@#@#150#sary.</phrase>
</ptxt>
</note>
<para>
<ptxt>
<phrase category="" id="nev13883217n1" phrase-urn="urn:x-nevis:phrase:0800c8af82725356">Check the signa#@#@#82#cuit.</phrase>
</ptxt>
<ptxt>
<phrase category="Faulttracing" id="nev13883217n2" phrase-urn="urn:x-nevis:phrase:0800c8af82264ef0">Take readings b#@#@#2#ween:</phrase>
</ptxt>
</para>
<list1 id="nev13883217n3">
<item id="nev13883217n4">
<ptxt id="nev13883217n5">
<phrase category="Faulttracing" id="nev13883217n6" phrase-urn="urn:x-nevis:phrase:0800c8af84335706">Engine control #@#@#38#e #4.</phrase>
</ptxt>
</item>
</list1>
<para>
<ptxt>
<phrase category="" id="nev13883217n7" phrase-urn="urn:x-nevis:phrase:0800c8af82725358">Check the groun#@#@#74#cuit.</phrase>
</ptxt>
<ptxt>
<phrase category="Faulttracing" id="nev13883217n8" phrase-urn="urn:x-nevis:phrase:0800c8af82264ef0">Take readings b#@#@#2#ween:</phrase>
</ptxt>
</para>
<list1 id="nev13883217n9">
<item id="nev13883217n10">
<ptxt id="nev13883218n1">
<phrase category="Faulttracing" id="nev13883218n2" phrase-urn="urn:x-nevis:phrase:0800c8af8433571c">Engine control #@#@#38#e #5.</phrase>
</ptxt>
</item>
</list1>
<para>
<ptxt>
<phrase category="" id="nev13883218n3" phrase-urn="urn:x-nevis:phrase:0800c8af8272535a">Check the power#@#@#82#cuit.</phrase>
</ptxt>
<ptxt>
<phrase category="Faulttracing" id="nev13883218n4" phrase-urn="urn:x-nevis:phrase:0800c8af82264ef0">Take readings b#@#@#2#ween:</phrase>
</ptxt>
</para>
<list1 id="nev13883218n5">
<item id="nev13883218n6">
<ptxt id="nev13883218n7">
<phrase category="Faulttracing" id="nev13883218n8" phrase-urn="urn:x-nevis:phrase:0800c8af8434b8c9">Engine control #@#@#38#e #1.</phrase>
</ptxt>
</item>
</list1>
<para>
<ptxt>
<phrase category="" id="nev13883218n9" phrase-urn="urn:x-nevis:phrase:0800c8af8272535c">Check the cable#@#@#127#cuit.</phrase>
</ptxt>
<ptxt>
<phrase category="" id="nev13883218n10" phrase-urn="urn:x-nevis:phrase:0800c8af8272535d">Measure between:</phrase>
</ptxt>
</para>
<list1 enumtype="d" type="unordered">
<item>
<ptxt>
<phrase category="Faulttracing" id="nev13883219n1" phrase-urn="urn:x-nevis:phrase:0800c8af84335722">Engine Control #@#@#76# (-).</phrase>
</ptxt>
</item>
<item>
<ptxt>
<phrase category="Faulttracing" id="nev13883219n2" phrase-urn="urn:x-nevis:phrase:0800c8af84335733">Engine Control #@#@#76# (+).</phrase>
</ptxt>
</item>
</list1>
<para>
<ptxt>
<phrase category="" id="nev13883219n3" phrase-urn="urn:x-nevis:phrase:0800c8af82725360">Read off the ex#@#@#82#2000.</phrase>
</ptxt>
</para>
<para>
<ptxt>
<phrase category="" id="nev13883219n4" phrase-urn="urn:x-nevis:phrase:0800c8af82725361">Remedy as necessary.</phrase>
</ptxt>
</para>
<list1 enumtype="d" type="unordered">
<title>
<phrase category="" id="nev13883219n5" phrase-urn="urn:x-nevis:phrase:0800c8af82725362">Other information</phrase>
</title>
<item>
<ptxt>
<phrase category="" id="nev13883219n6" phrase-urn="urn:x-nevis:phrase:0800c8af82725363">
<xref>
<ref id="KC09608127"/>
</xref>
</phrase>
</ptxt>
</item>
<item>
<ptxt>
<xref id="nev14432333n100">
<ref id="nev13883219n9"/>
</xref>
</ptxt>
</item>
<item>
<ptxt>
<phrase category="" id="nev13883219n10" phrase-urn="urn:x-nevis:phrase:0800c8af82725365">
<xref>
<ref id="KC09608131"/>
</xref>
</phrase>
</ptxt>
</item>
<item>
<ptxt>
<phrase category="" id="nev13883220n2" phrase-urn="urn:x-nevis:phrase:0800c8af82725366">
<xref>
<ref id="KC09608133"/>
</xref>
</phrase>
</ptxt>
</item>
</list1>
<diaglist>
<dgraphic>
<dgraphic1>
<graphic id="nev13883220n4">
<href>0900c8af8204a44#@#@#9#.jpeg</href>
</graphic>
</dgraphic1>
<dgraphic2>
<graphic id="nev13883220n5">
<href>0900c8af86c8681#@#@#9#.jpeg</href>
</graphic>
<smarttool active="press" id="nev13883220n6" toolname="YECM3024"/>
</dgraphic2>
</dgraphic>
</diaglist>
<grate>
<graphic id="nev13883220n7">
<href>0900c8af8204a38#@#@#9#.jpeg</href>
</graphic>
</grate>
</test2>
</test1>
<question>
Select Continue.
</question>
<resact-grp>
<result button="cont" comp="button" highlight="0"/>
<action j2008use="1" paperuse="1" screenuse="1">
<ptxt>
<xref>
<ref id="nev13883220n9"/>
</xref>
</ptxt>
</action>
</resact-grp>
</node>
</testgrp>
<testgrp id="nev13883220n10" j2008use="1" paperuse="1" resumable="1" screenuse="1" testgrp-id="veria" x="120" y="200">
<title>
<phrase category="" id="nev13883221n1" phrase-urn="urn:x-nevis:phrase:0800c8af82725369">Verification</phrase>
</title>
<subcalloutnode>
<diagcallout>
<xref>
<ref id="nev13883221n2"/>
</xref>
</diagcallout>
<rescall-grp>
<result comp="string" highlight="0" op="eq" return="VERIFIED"/>
<calloutaction>
<return value="FAULT FOUND"/>
</calloutaction>
</rescall-grp>
<rescall-grp>
<result comp="string" highlight="0" op="eq" return="VERIFICATION FAILED"/>
<calloutaction>
<ptxt>
<xref>
<ref id="nev13883221n3"/>
</xref>
</ptxt>
</calloutaction>
</rescall-grp>
</subcalloutnode>
</testgrp>
<testgrp id="nev13883221n4" j2008use="1" paperuse="0" resumable="1" screenuse="1" testgrp-id="info1" x="360" y="200">
<title>
<phrase category="" id="nev13883221n5" phrase-urn="urn:x-nevis:phrase:0800c8af8272536a">Fault-tracing i#@#@#5#ation</phrase>
</title>
<subcalloutnode>
<diagcallout>
<xref>
<ref id="nev13883221n6"/>
</xref>
</diagcallout>
<rescall-grp>
<result comp="string" highlight="0" op="eq" return="FAULTTRACING FAILED"/>
<calloutaction>
<return value="FAULTTRACING FAILED"/>
</calloutaction>
</rescall-grp>
<rescall-grp>
<result comp="string" highlight="0" op="eq" return="NEW TRY"/>
<calloutaction>
<ptxt>
<xref>
<ref id="nev13883221n7"/>
</xref>
</ptxt>
</calloutaction>
</rescall-grp>
</subcalloutnode>
</testgrp>
</diagnostic>
</servinfosub>