<?xml version="1.0" encoding="UTF-8"?><servinfosub IE-ID="en-US0900c8af800c8715" docno="VCC-091535" id="KC01169271" xml:lang="en-US">
<title>
<phrase category="" id="KC06019042" phrase-urn="urn:x-nevis:phrase:0800c8af81719725">Faulty signal</phrase>
</title>
<diagnostic type="test">
<testgrp IE-ID="en-US0900c8af800c8715_KC01305231" id="KC01305231" j2008use="1" paperuse="1" resumable="1" screenuse="1" testgrp-id="a1" x="120" y="80">
<title>
<phrase category="" id="KC06019043" phrase-urn="urn:x-nevis:phrase:0800c8af81719726">Checking for pe#@#@#25#aults</phrase>
</title>
<node>
<test1>
<diaglist>
<dgraphic>
<dgraphic1>
<graphic id="KC06019044">
<href>0900c8af80054d5#@#@#9#.jpeg</href>
</graphic>
</dgraphic1>
</dgraphic>
<ditem>
<ptxt>
<phrase category="" id="KC06019045" phrase-urn="urn:x-nevis:phrase:0800c8af81719727">Ignition on. </phrase>
</ptxt>
</ditem>
</diaglist>
<test2>
<ptxt>
<phrase category="" id="KC06019046" phrase-urn="urn:x-nevis:phrase:0800c8af81719728">Operate each fu#@#@#26#ion. </phrase>
</ptxt>
</test2>
</test1>
<question>Are the control#@#@#5#king?</question>
<resact-grp>
<result button="yes" comp="button" highlight="0"/>
<action j2008use="1" paperuse="1" screenuse="1">
<ptxt>
<xref>
<ref id="KC06019047"/>
</xref>
</ptxt>
</action>
</resact-grp>
<resact-grp>
<result button="no" comp="button" highlight="0"/>
<action j2008use="1" paperuse="1" screenuse="1">
<ptxt>
<xref>
<ref id="KC06019048"/>
</xref>
</ptxt>
</action>
</resact-grp>
</node>
</testgrp>
<testgrp id="KC01305232" j2008use="1" paperuse="1" resumable="1" screenuse="1" testgrp-id="a2" x="120" y="160">
<title>
<phrase category="" id="KC06019049" phrase-urn="urn:x-nevis:phrase:0800c8af81719729">Replacing the c#@#@#3#onent</phrase>
</title>
<node>
<test1>
<diaglist>
<dgraphic>
<dgraphic1>
<graphic id="KC06019050">
<href>0900c8af80054d4#@#@#9#.jpeg</href>
</graphic>
</dgraphic1>
</dgraphic>
<ditem>
<ptxt>
<phrase category="" id="KC06019051" phrase-urn="urn:x-nevis:phrase:0800c8af8171972a">Ignition off. </phrase>
</ptxt>
</ditem>
</diaglist>
<test2>
<ptxt>
<phrase category="" id="KC06019052" phrase-urn="urn:x-nevis:phrase:0800c8af8171972b">The control mod#@#@#32#ault.</phrase>
</ptxt>
<note>
<ptxt>
<phrase category="" id="KC06019053" phrase-urn="urn:x-nevis:phrase:0800c8af8171972c">A new control m#@#@#96#aced.</phrase>
</ptxt>
</note>
<list1>
<title>
<phrase category="" id="KC06019054" phrase-urn="urn:x-nevis:phrase:0800c8af8171972d">Other information:</phrase>
</title>
<item>
<ptxt>
<phrase category="" id="KC06019055" phrase-urn="urn:x-nevis:phrase:0800c8af8171972e">For further inf#@#@#60# see <xref>
<ref id="KC06019056"/>
</xref>.</phrase>
</ptxt>
</item>
</list1>
<para>
<ptxt>
<phrase category="" id="KC06019057" phrase-urn="urn:x-nevis:phrase:0800c8af8171972f">After replacing#@#@#55#ized.</phrase>
</ptxt>
</para>
<para>
<ptxt>
<phrase category="" id="KC06019058" phrase-urn="urn:x-nevis:phrase:0800c8af81719730">Ignition on.</phrase>
</ptxt>
</para>
<para>
<ptxt>
<phrase category="" id="KC06019059" phrase-urn="urn:x-nevis:phrase:0800c8af81719731">Move the window#@#@#45#trol.</phrase>
</ptxt>
<ptxt>
<phrase category="" id="KC06019060" phrase-urn="urn:x-nevis:phrase:0800c8af81719732">Initialize the #@#@#3#dow. </phrase>
</ptxt>
<ptxt>
<phrase category="" id="KC06019061" phrase-urn="urn:x-nevis:phrase:0800c8af81719733">From model year#@#@#107#ion. </phrase>
</ptxt>
</para>
<diaglist>
<dgraphic>
<dgraphic2>
<graphic id="KC06019062">
<href>0900c8af86c8681#@#@#9#.jpeg</href>
</graphic>
<smarttool active="press" id="KC06019063" toolname="XDDMB201"/>
</dgraphic2>
</dgraphic>
<ditem>
<ditemtext>
<ptxt>
<phrase category="" id="KC06019064" phrase-urn="urn:x-nevis:phrase:0800c8af81719734"/>
</ptxt>
</ditemtext>
</ditem>
</diaglist>
</test2>
</test1>
<question>Select Continue.</question>
<resact-grp>
<result button="cont" comp="button" highlight="0"/>
<action j2008use="1" paperuse="1" screenuse="1">
<return value="FAULT FOUND"/>
</action>
</resact-grp>
</node>
</testgrp>
<testgrp id="KC01305233" j2008use="1" paperuse="1" resumable="1" screenuse="1" testgrp-id="interm" x="280" y="80">
<title>
<phrase category="" id="KC06019065" phrase-urn="urn:x-nevis:phrase:0800c8af81719735">Intermittent fault</phrase>
</title>
<subcalloutnode>
<diagcallout>
<xref>
<ref id="KC06019066"/>
</xref>
</diagcallout>
<rescall-grp>
<result comp="string" highlight="0" op="eq" return="DONE"/>
<calloutaction>
<ptxt>
<xref>
<ref id="KC06019067"/>
</xref>
</ptxt>
</calloutaction>
</rescall-grp>
</subcalloutnode>
</testgrp>
<testgrp id="KC01305234" j2008use="1" paperuse="1" resumable="1" screenuse="1" testgrp-id="info2" x="280" y="160">
<title>
<phrase category="" id="KC06019068" phrase-urn="urn:x-nevis:phrase:0800c8af81719736">Fault-tracing i#@#@#5#ation</phrase>
</title>
<subcalloutnode>
<diagcallout>
<xref>
<ref id="KC06019069"/>
</xref>
</diagcallout>
<rescall-grp>
<result comp="string" highlight="0" op="eq" return="NEW TRY"/>
<calloutaction>
<ptxt>
<xref>
<ref id="KC06019070"/>
</xref>
</ptxt>
</calloutaction>
</rescall-grp>
<rescall-grp>
<result comp="string" highlight="0" op="eq" return="FAULT FOUND"/>
<calloutaction>
<return value="FAULT FOUND"/>
</calloutaction>
</rescall-grp>
</subcalloutnode>
</testgrp>
</diagnostic>
</servinfosub>