<?xml version="1.0" encoding="UTF-8"?><servinfosub IE-ID="en-US0900c8af82d17715" docno="VCC-269619" id="nev11069263n1" xml:lang="en-US">
<title>
<phrase category="Title" id="nev11265019n1" phrase-urn="urn:x-nevis:phrase:0800c8af81eb9a59">Fault-tracing</phrase>
</title>
<diagnostic j2008use="1" layout="0" paperuse="1" screenuse="1" type="test">
<testgrp IE-ID="en-US0900c8af82d17715_nev11069263n3" id="nev11069263n3" j2008use="1" paperuse="1" resumable="1" screenuse="1" testgrp-id="node1" x="80" y="60">
<title>
<phrase category="" id="nev11069263n4" phrase-urn="urn:x-nevis:phrase:0800c8af82725f42">Checking compon#@#@#10#iring</phrase>
</title>
<node>
<test1>
<diaglist>
<dgraphic>
<dgraphic1>
<graphic id="nev11069263n5">
<href>0900c8af80054d4#@#@#9#.jpeg</href>
</graphic>
</dgraphic1>
</dgraphic>
<ditem>
<ptxt>
<phrase category="" id="nev11069263n6" phrase-urn="urn:x-nevis:phrase:0800c8af82725f43">Ignition off</phrase>
</ptxt>
</ditem>
</diaglist>
<test2>
<para>
<ptxt>
<phrase category="" id="nev11069263n7" phrase-urn="urn:x-nevis:phrase:0800c8af82725f45">Check the fuel #@#@#13#aks. </phrase>
</ptxt>
</para>
<para>
<ptxt>
<phrase category="" id="nev11069263n8" phrase-urn="urn:x-nevis:phrase:0800c8af82725f46">Check the induc#@#@#22#aks. </phrase>
</ptxt>
</para>
<para>
<ptxt>
<phrase category="" id="nev11069263n9" phrase-urn="urn:x-nevis:phrase:0800c8af82725f47">Remedy as necessary.</phrase>
</ptxt>
</para>
</test2>
</test1>
<question>
Select Continue.
</question>
<resact-grp>
<result button="cont" comp="button" highlight="0"/>
<action j2008use="1" paperuse="1" screenuse="1">
<ptxt>
<xref>
<ref id="nev11069264n8"/>
</xref>
</ptxt>
</action>
</resact-grp>
</node>
</testgrp>
<testgrp id="nev11069264n9" j2008use="1" paperuse="1" resumable="1" screenuse="1" testgrp-id="node2" x="80" y="220">
<title>
<phrase category="" id="nev11069264n10" phrase-urn="urn:x-nevis:phrase:0800c8af82725f28">Checking compon#@#@#10#iring</phrase>
</title>
<node>
<test1>
<diaglist>
<dgraphic>
<dgraphic1>
<graphic id="nev11069265n1">
<href>0900c8af80054d5#@#@#9#.jpeg</href>
</graphic>
</dgraphic1>
</dgraphic>
<ditem>
<ptxt>
<phrase category="" id="nev11069265n2" phrase-urn="urn:x-nevis:phrase:0800c8af82725f29">Ignition off</phrase>
</ptxt>
</ditem>
</diaglist>
<test2>
<para>
<ptxt>
<phrase category="" id="nev11069265n3" phrase-urn="urn:x-nevis:phrase:0800c8af82725f2a">Check the boost#@#@#79#tion.</phrase>
</ptxt>
</para>
<para>
<ptxt>
<phrase category="" id="nev11069265n4" phrase-urn="urn:x-nevis:phrase:0800c8af82725f2b">Check the boost#@#@#23#mage.</phrase>
</ptxt>
</para>
<para>
<ptxt>
<phrase category="" id="nev11069265n5" phrase-urn="urn:x-nevis:phrase:0800c8af82725f2c">Ignition on</phrase>
</ptxt>
</para>
<para>
<ptxt>
<phrase category="" id="nev11069265n6" phrase-urn="urn:x-nevis:phrase:0800c8af82725f2d">Start the engin#@#@#19#peed.</phrase>
</ptxt>
</para>
<para>
<ptxt>
<phrase category="" id="nev11069265n7" phrase-urn="urn:x-nevis:phrase:0800c8af82725f2e">Read the boost #@#@#49#mbol.</phrase>
</ptxt>
<ptxt>
<phrase category="" id="nev11069265n8" phrase-urn="urn:x-nevis:phrase:0800c8af82725f2f">Compare it to t#@#@#15#alue.</phrase>
</ptxt>
</para>
<para>
<ptxt>
<phrase category="" id="nev11069265n9" phrase-urn="urn:x-nevis:phrase:0800c8af82725f30">Remedy as necessary.</phrase>
</ptxt>
</para>
<list1 enumtype="d" type="unordered">
<title>
<phrase category="" id="nev11069265n10" phrase-urn="urn:x-nevis:phrase:0800c8af82725f31">Other information</phrase>
</title>
<item id="nev11069266n1">
<ptxt id="nev11069266n2">
<xref id="nev11667334n100">
<ref id="nev11069266n4"/>
</xref>
</ptxt>
</item>
<item>
<ptxt id="nev11667334n98">
<xref id="nev11667334n97">
<ref id="l1134744791458"/>
</xref>
</ptxt>
</item>
</list1>
<diaglist id="nev11069267n1">
<dgraphic id="nev11069267n2">
<dgraphic2 id="nev11069267n3">
<graphic id="nev11069267n4">
<href>0900c8af86c8681#@#@#9#.jpeg</href>
</graphic>
<smarttool active="press" id="l1125671201098"/>
</dgraphic2>
</dgraphic>
</diaglist>
<grate id="nev11069267n6">
<graphic id="nev11069267n7">
<href>0900c8af8005d25#@#@#9#.jpeg</href>
</graphic>
</grate>
</test2>
</test1>
<question>
Select Continue.
</question>
<resact-grp>
<result button="cont" comp="button" highlight="0"/>
<action j2008use="1" paperuse="1" screenuse="1">
<ptxt>
<xref>
<ref id="nev11069267n9"/>
</xref>
</ptxt>
</action>
</resact-grp>
</node>
</testgrp>
<testgrp id="nev11069267n10" j2008use="1" paperuse="1" resumable="1" screenuse="1" testgrp-id="node3" x="80" y="340">
<title>
<phrase category="" id="nev11069268n1" phrase-urn="urn:x-nevis:phrase:0800c8af82725f35">Checking compon#@#@#10#iring</phrase>
</title>
<node>
<test1>
<diaglist>
<dgraphic>
<dgraphic1>
<graphic id="nev11069268n2">
<href>0900c8af80054d5#@#@#9#.jpeg</href>
</graphic>
</dgraphic1>
</dgraphic>
<ditem>
<ptxt>
<phrase category="" id="nev11069268n3" phrase-urn="urn:x-nevis:phrase:0800c8af82725f36">Ignition off</phrase>
</ptxt>
</ditem>
</diaglist>
<test2>
<para>
<ptxt>
<phrase category="" id="nev11069268n4" phrase-urn="urn:x-nevis:phrase:0800c8af82725f37">Check the impul#@#@#72#tion.</phrase>
</ptxt>
</para>
<para>
<ptxt>
<phrase category="" id="nev11069268n5" phrase-urn="urn:x-nevis:phrase:0800c8af82725f38">Ignition on</phrase>
</ptxt>
</para>
<para>
<ptxt>
<phrase category="" id="nev11069268n6" phrase-urn="urn:x-nevis:phrase:0800c8af82725f39">Start the engin#@#@#19#peed.</phrase>
</ptxt>
</para>
<para>
<ptxt>
<phrase category="" id="nev11069268n7" phrase-urn="urn:x-nevis:phrase:0800c8af82725f3a">Read the impuls#@#@#57#mbol.</phrase>
</ptxt>
</para>
<para>
<ptxt>
<phrase category="" id="nev11069268n8" phrase-urn="urn:x-nevis:phrase:0800c8af82725f3b">Remedy as necessary.</phrase>
</ptxt>
</para>
<list1 enumtype="d" type="unordered">
<title>
<phrase category="" id="nev11069268n9" phrase-urn="urn:x-nevis:phrase:0800c8af82725f3c">Other information</phrase>
</title>
<item id="nev11069268n10">
<ptxt id="nev11069269n1">
<xref id="nev11265055n100">
<ref id="nev11069269n3"/>
</xref>
</ptxt>
</item>
<item>
<ptxt id="nev11667334n95">
<xref id="nev11667334n94">
<ref id="l1134744823005"/>
</xref>
</ptxt>
</item>
</list1>
<diaglist id="nev11069269n6">
<dgraphic id="nev11069269n7">
<dgraphic2 id="nev11069269n8">
<graphic id="nev11069269n9">
<href>0900c8af86c8681#@#@#9#.jpeg</href>
</graphic>
<smarttool active="press" id="l1125671232262"/>
</dgraphic2>
</dgraphic>
</diaglist>
<grate id="nev11069270n1">
<graphic id="nev11069270n2">
<href>0900c8af8005d11#@#@#9#.jpeg</href>
</graphic>
</grate>
</test2>
</test1>
<question>
Select Continue.
</question>
<resact-grp>
<result button="cont" comp="button" highlight="0"/>
<action j2008use="1" paperuse="1" screenuse="1">
<ptxt>
<xref>
<ref id="nev11069270n4"/>
</xref>
</ptxt>
</action>
</resact-grp>
</node>
</testgrp>
<testgrp id="nev11069270n5" j2008use="1" paperuse="1" resumable="1" screenuse="1" testgrp-id="veria" x="80" y="520">
<title>
<phrase category="" id="nev11069270n6" phrase-urn="urn:x-nevis:phrase:0800c8af82725f40">Verification</phrase>
</title>
<subcalloutnode>
<diagcallout>
<xref>
<ref id="nev11069270n7"/>
</xref>
</diagcallout>
<rescall-grp>
<result comp="string" highlight="0" op="eq" return="FAULT FOUND"/>
<calloutaction>
<return value="FAULT FOUND"/>
</calloutaction>
</rescall-grp>
<rescall-grp>
<result comp="string" highlight="0" op="eq" return="NEW TRY"/>
<calloutaction>
<ptxt>
<xref>
<ref id="nev11069270n8"/>
</xref>
</ptxt>
</calloutaction>
</rescall-grp>
</subcalloutnode>
</testgrp>
</diagnostic>
</servinfosub>