<?xml version="1.0" encoding="UTF-8"?><servinfosub IE-ID="en-US0900c8af8804d715" docno="VCC-493527" id="nev24996757n1" original="sv-SE" servinfosubId="nev24996758n1-nev29289545n1" servinfosubRes="0900c8af8816edd9" servinfosubRes2="urn:x-nevis:fragment:0900c8af8804d715:0900c8af8816edd9#nev29289545n1" xml:lang="en-US">
<operationnumbers>
<operationnumber>87308-2</operationnumber>
</operationnumbers>
<title id="nev24996757n2">Defroster dampe#@#@#18#-zone</title>
<procedure id="nev24996758n1-nev29565855n2">
<stepgrp boilerplate="false" context="" id="nev24996758n1-nev29566216n77">
<title id="nev24996758n1-nev29565855n4">Removal</title>
<procstep id="nev24996758n1-nev29565855n5">
<note id="nev24996758n1-nev29565855n7">
<ptxt>Removal steps i#@#@#45#ails.</ptxt>
</note>
</procstep>
<procstep id="nev24996758n1-nev29565855n8">
<para id="nev24996758n1-nev29566216n75">
<ptxt id="nev24996758n1-nev29566216n76">Set the vehicle#@#@#36# mode<xref boilerplate="true" id="nev24996758n1-nev29565856n2">
<ref id="nev24996758n1-nev29565856n3"/>
</xref>
</ptxt>
</para>
</procstep>
<procstep id="nev24996758n1-nev29565856n4">
<para id="nev24996758n1-nev29566216n73">
<ptxt id="nev24996758n1-nev29566216n74">See information#@#@#15#rview<xref boilerplate="true" id="nev24996758n1-nev29565856n8">
<ref id="nev24996758n1-nev29565856n9"/>
</xref>
</ptxt>
</para>
</procstep>
<procstep id="nev24996758n1-nev29565856n10">
<para id="nev24996758n1-nev29566216n71">
<ptxt id="nev24996758n1-nev29566216n72">Remove glove co#@#@#4#tment<xref boilerplate="true" id="nev24996758n1-nev29565857n4">
<ref id="nev24996758n1-nev29565857n5"/>
</xref>
</ptxt>
</para>
</procstep>
<procstep id="nev24996758n1-nev29566216n70">
<grate id="nev24996758n1-nev29566216n68">
<graphic id="nev24996758n1-nev29566216n69">
<href>0900c8af8816ed8#@#@#9#.jpeg</href>
</graphic>
<graphtext id="nev24996758n1-nev29566292n1">
<para id="nev24996758n1-nev29566216n66">
<ptxt id="nev24996758n1-nev29566216n67">Disconnect the #@#@#5#ctor.</ptxt>
</para>
</graphtext>
</grate>
</procstep>
<procstep id="nev24996758n1-nev29565857n6">
<grate id="nev24996758n1-nev29566216n64">
<graphic id="nev24996758n1-nev29566216n65">
<href>0900c8af8684f5e#@#@#9#.jpeg</href>
</graphic>
<graphtext id="nev24996758n1-nev29566296n1">
<para id="nev24996758n1-nev29566216n62">
<ptxt id="nev24996758n1-nev29566216n63">Remove the screw.</ptxt>
</para>
<para id="nev24996758n1-nev29566216n60">
<ptxt id="nev24996758n1-nev29566216n61">
<torque id="nev24996758n1-nev29565858n5">
<ref id="nev24996758n1-nev29565858n6"/>
</torque>
</ptxt>
</para>
<para id="nev24996758n1-nev29566216n58">
<ptxt id="nev24996758n1-nev29566216n59">Undo the hose f#@#@#14#tion.</ptxt>
</para>
</graphtext>
</grate>
</procstep>
<procstep id="nev24996758n1-nev29565858n10">
<grate id="nev24996758n1-nev29566216n56">
<graphic id="nev24996758n1-nev29566216n57">
<href>0900c8af8684f5e#@#@#9#.jpeg</href>
</graphic>
<graphtext id="nev24996758n1-nev29566303n1">
<para id="nev24996758n1-nev29566216n54">
<ptxt id="nev24996758n1-nev29566216n55">Undo the hose f#@#@#14#tion.</ptxt>
</para>
<para id="nev24996758n1-nev29566216n52">
<ptxt id="nev24996758n1-nev29566216n53">Remove the mark#@#@#3#part.</ptxt>
</para>
</graphtext>
</grate>
</procstep>
<procstep id="nev24996758n1-nev29565860n3">
<grate id="nev24996758n1-nev29566216n50">
<graphic id="nev24996758n1-nev29566216n51">
<href>0900c8af8668235#@#@#9#.jpeg</href>
</graphic>
<graphtext id="nev24996758n1-nev29566307n1">
<para id="nev24996758n1-nev29566216n48">
<ptxt id="nev24996758n1-nev29566216n49">Remove the screw.</ptxt>
</para>
<para id="nev24996758n1-nev29566216n46">
<ptxt id="nev24996758n1-nev29566216n47">
<torque id="nev24996758n1-nev29565861n2">
<ref id="nev24996758n1-nev29565861n3"/>
</torque>
</ptxt>
</para>
<para id="nev24996758n1-nev29566216n44">
<ptxt id="nev24996758n1-nev29566216n45">Remove the mark#@#@#3#part.</ptxt>
</para>
</graphtext>
</grate>
</procstep>
<procstep id="nev24996758n1-nev29565861n7">
<grate id="nev24996758n1-nev29566216n42">
<graphic id="nev24996758n1-nev29566216n43">
<href>0900c8af868aaa0#@#@#9#.jpeg</href>
</graphic>
<graphtext id="nev24996758n1-nev29566314n1">
<note id="nev24996758n1-nev29565862n2">
<ptxt>Orientation view</ptxt>
</note>
</graphtext>
</grate>
</procstep>
<procstep id="nev24996758n1-nev29565862n3">
<grate id="nev24996758n1-nev29566216n40">
<graphic id="nev24996758n1-nev29566216n41">
<href>0900c8af868aa8b#@#@#9#.jpeg</href>
</graphic>
<graphtext id="nev24996758n1-nev29566318n1">
<para id="nev24996758n1-nev29566216n38">
<ptxt id="nev24996758n1-nev29566216n39">Remove the screws.</ptxt>
</para>
<para id="nev24996758n1-nev29566216n36">
<ptxt id="nev24996758n1-nev29566216n37">Remove the part#@#@#5#fully</ptxt>
</para>
</graphtext>
</grate>
</procstep>
<procstep id="nev24996758n1-nev29565863n3">
<grate id="nev24996758n1-nev29566216n34">
<graphic id="nev24996758n1-nev29566216n35">
<href>0900c8af868aa9f#@#@#9#.jpeg</href>
</graphic>
<graphtext id="nev24996758n1-nev29566322n1">
<para id="nev24996758n1-nev29566216n32">
<ptxt id="nev24996758n1-nev29566216n33">Disconnect the #@#@#5#ctor.</ptxt>
</para>
<para id="nev24996758n1-nev29566216n30">
<ptxt id="nev24996758n1-nev29566216n31">Remove the mark#@#@#3#part.</ptxt>
</para>
</graphtext>
</grate>
</procstep>
<procstep id="nev24996758n1-nev29565864n3">
<grate id="nev24996758n1-nev29566216n28">
<graphic id="nev24996758n1-nev29566216n29">
<href>0900c8af866c24c#@#@#9#.jpeg</href>
</graphic>
</grate>
</procstep>
</stepgrp>
<stepgrp boilerplate="false" context="" id="nev24996758n1-nev29566216n27">
<title id="nev24996758n1-nev29565864n7">Installation</title>
<procstep id="nev24996758n1-nev29565864n8">
<para id="nev24996758n1-nev29566216n25">
<ptxt id="nev24996758n1-nev29566216n26">To install, rev#@#@#22#dure.</ptxt>
</para>
</procstep>
<procstep id="nev24996758n1-nev29565865n2">
<para id="nev24996758n1-nev29566216n23">
<ptxt id="nev24996758n1-nev29566216n24">Identify accord#@#@#126#otors</ptxt>
</para>
</procstep>
<procstep id="nev24996758n1-nev29565865n6">
<para id="nev24996758n1-nev29566216n21">
<ptxt id="nev24996758n1-nev29566216n22">Calibrate accor#@#@#127#otors</ptxt>
</para>
</procstep>
<procstep id="nev24996758n1-nev29565865n10">
<para id="nev24996758n1-nev29566216n19">
<ptxt id="nev24996758n1-nev29566216n20">Perform climate#@#@#10#cking<xref boilerplate="true" id="nev24996758n1-nev29565866n4">
<ref id="nev24996758n1-nev29565866n5"/>
</xref>
</ptxt>
</para>
</procstep>
</stepgrp>
</procedure>
</servinfosub>