<?xml version="1.0" encoding="UTF-8"?><servinfosub IE-ID="en-US0900c8af8635940a" docno="VCC-468675" id="nev20269403n1" xml:lang="en-US">
<title>
<phrase category="Title" id="nev20269403n2" phrase-urn="urn:x-nevis:phrase:0800c8af81eb9a54">Diagnostic trou#@#@#21#ation</phrase>
<phrase category="Prefix" id="nev20269574n1" phrase-urn="urn:x-nevis:phrase:0800c8af8015c3f5">ECM</phrase>-U007300</title>
<diagnostic j2008use="1" paperuse="1" screenuse="1" type="condition">
<condgrp>
<condition type="condition">
<grate>
<graphic id="l1385390863842">
<href>0900c8af862feae#@#@#11#.jpeg</href>
</graphic>
</grate>
<para>
<ptxt>
<phrase category="Condition" id="nev20269403n3" phrase-urn="urn:x-nevis:phrase:0800c8af81eab0a0">The control mod#@#@#109#ork).</phrase>
</ptxt>
</para>
<note>
<ptxt>
<phrase category="" id="nev20269403n4" phrase-urn="urn:x-nevis:phrase:0800c8af823e701d">In case of syst#@#@#210#tent.</phrase>
</ptxt>
</note>
<para id="nev20269403n5">
<ptxt id="nev20269403n6">
<phrase category="Condition" id="nev20269403n7" phrase-urn="urn:x-nevis:phrase:0800c8af82d99a0a">The diagnostic #@#@#54#ects:</phrase>
</ptxt>
</para>
<list1 id="nev20269403n8">
<item id="nev20269403n9">
<ptxt id="nev20269403n10">
<phrase category="Faulttracing" id="nev20269404n1" phrase-urn="urn:x-nevis:phrase:0800c8af86072428">Serious interfe#@#@#38#cked.</phrase>
</ptxt>
</item>
</list1>
<para id="nev20269404n2">
<ptxt id="nev20269404n3">
<phrase category="Condition" id="nev20269404n4" phrase-urn="urn:x-nevis:phrase:0800c8af82c479d6">The control mod#@#@#67#t of:</phrase>
</ptxt>
</para>
<list1 id="nev20269404n5">
<item id="nev20269404n6">
<ptxt id="nev20269404n7">
<phrase category="Preparatory" id="nev20269404n8" phrase-urn="urn:x-nevis:phrase:0800c8af8031b478">Ignition on.</phrase>
</ptxt>
</item>
</list1>
<note id="nev20606841n100">
<ptxt id="nev20606841n99">
<phrase category="Condition" id="nev20606842n1" phrase-urn="urn:x-nevis:phrase:0800c8af82c4844b">The control mod#@#@#132# met.</phrase>
</ptxt>
</note>
</condition>
</condgrp>
<condgrp>
<condition type="substitution">
<list1 enumtype="d" type="unordered">
<item>
<ptxt>
<phrase category="" id="nev20269404n9" phrase-urn="urn:x-nevis:phrase:0800c8af823e701e">Engine control #@#@#58#ff”. </phrase>
</ptxt>
</item>
</list1>
<hint>
<ptxt>
<phrase category="Faulttracing" id="nev20269404n10" phrase-urn="urn:x-nevis:phrase:0800c8af860d5164">Engine control #@#@#54#oken.</phrase>
<phrase category="Substitution" id="nev20269405n1" phrase-urn="urn:x-nevis:phrase:0800c8af836f6bce">When the power #@#@#87#cate.</phrase>
</ptxt>
</hint>
</condition>
<ps>
<list1 enumtype="d" type="unordered">
<item>
<ptxt>
<phrase category="" id="nev20269405n2" phrase-urn="urn:x-nevis:phrase:0800c8af823e7020">Contact resista#@#@#31#ions.</phrase>
</ptxt>
</item>
<item>
<ptxt>
<phrase category="" id="nev20269405n3" phrase-urn="urn:x-nevis:phrase:0800c8af823e7021">Open circuit on#@#@#18#bles.</phrase>
</ptxt>
</item>
<item>
<ptxt>
<phrase category="" id="nev20269405n4" phrase-urn="urn:x-nevis:phrase:0800c8af823e7022">Short-circuit b#@#@#40#ring.</phrase>
</ptxt>
</item>
<item>
<ptxt>
<phrase category="" id="nev20269405n5" phrase-urn="urn:x-nevis:phrase:0800c8af823e7023">Internal malfun#@#@#32#ECM).</phrase>
</ptxt>
</item>
<item>
<ptxt>
<phrase category="" id="nev20269405n6" phrase-urn="urn:x-nevis:phrase:0800c8af823e7024">Internal malfun#@#@#64#ork. </phrase>
</ptxt>
</item>
</list1>
</ps>
</condgrp>
<condgrp>
<condition type="symptom">
<list1 enumtype="d" type="unordered">
<item>
<ptxt>
<phrase category="Symptom CSC" id="nev20269405n7" phrase-urn="urn:x-nevis:phrase:0800c8af84004ee5">1Q, Driving/Poo#@#@#32#e off</phrase>
</ptxt>
</item>
<item>
<ptxt>
<phrase category="Symptom CSC" id="nev20269405n8" phrase-urn="urn:x-nevis:phrase:0800c8af8388f019">AJ, Driving/Poo#@#@#20#power</phrase>
</ptxt>
</item>
<item>
<ptxt>
<phrase category="Symptom CSC" id="nev20269405n9" phrase-urn="urn:x-nevis:phrase:0800c8af8388f021">AK, Driving/Hes#@#@#33#times</phrase>
</ptxt>
</item>
<item>
<ptxt>
<phrase category="Symptom CSC" id="nev20269405n10" phrase-urn="urn:x-nevis:phrase:0800c8af8388f01b">AL, Driving/Hes#@#@#28#ation</phrase>
</ptxt>
</item>
<item>
<ptxt>
<phrase category="Symptom CSC" id="nev20269406n1" phrase-urn="urn:x-nevis:phrase:0800c8af8388f01f">AM, Driving/Hes#@#@#28#ation</phrase>
</ptxt>
</item>
<item id="nev20269406n2">
<ptxt id="nev20269406n3">
<phrase category="Symptom CSC" id="nev20269406n4" phrase-urn="urn:x-nevis:phrase:0800c8af8388eff8">BV, Driving/Hes#@#@#24#speed</phrase>
</ptxt>
</item>
<item id="nev20269406n5">
<ptxt id="nev20269406n6">
<phrase category="Symptom CSC" id="nev20269406n7" phrase-urn="urn:x-nevis:phrase:0800c8af8388f029">AE, Idling/Unev#@#@#2# idle</phrase>
</ptxt>
</item>
<item id="nev20269406n8">
<ptxt id="nev20269406n9">
<phrase category="Symptom CSC" id="nev20269406n10" phrase-urn="urn:x-nevis:phrase:0800c8af8388f039">AQ, Cruise cont#@#@#14#ngage</phrase>
</ptxt>
</item>
<item id="nev20269407n1">
<ptxt id="nev20269407n2">
<phrase category="Symptom CSC" id="nev20269407n3" phrase-urn="urn:x-nevis:phrase:0800c8af8388f087">EA, Text window#@#@#42#ssage</phrase>
</ptxt>
</item>
</list1>
</condition>
</condgrp>
</diagnostic>
</servinfosub>