<?xml version="1.0" encoding="UTF-8"?><servinfosub IE-ID="en-US0900c8af83b2540a" docno="VCC-158399" id="KC05354974" xml:lang="en-US">
<title>
<phrase category="" id="KC07897345" phrase-urn="urn:x-nevis:phrase:0800c8af81c30fc7">Diagnostic trou#@#@#30#-1260</phrase>
</title>
<diagnostic j2008use="1" paperuse="1" screenuse="1" type="condition">
<condgrp>
<condition type="condition">
<grate>
<graphic id="KC07897346" width="column">
<href>0900c8af80730f5#@#@#9#.jpeg</href>
</graphic>
<graphtext>
<ptxt>
<phrase category="" id="KC07897347" phrase-urn="urn:x-nevis:phrase:0800c8af81c30fc8">The diagnostic #@#@#215# on. </phrase>
</ptxt>
</graphtext>
</grate>
</condition>
</condgrp>
<condgrp>
<condition type="substitution">
<list1 enumtype="d" type="unordered">
<item>
<ptxt>
<phrase category="" id="KC07897348" phrase-urn="urn:x-nevis:phrase:0800c8af81c30fc9">None.</phrase>
</ptxt>
</item>
</list1>
</condition>
<ps>
<list1 enumtype="d" type="unordered">
<item>
<ptxt>
<phrase category="" id="KC07897349" phrase-urn="urn:x-nevis:phrase:0800c8af81c30fca">Fault trace the#@#@#28#CEM).</phrase>
</ptxt>
</item>
</list1>
</ps>
</condgrp>
<condgrp>
<condition type="symptom">
<ptxt/>
</condition>
</condgrp>
</diagnostic>
</servinfosub>