<?xml version="1.0" encoding="UTF-8"?><diagnostic IE-ID="en-US0900c8af803f040a" docno="VCC-027200" id="KC01442873" type="test" xml:lang="en-US">
<title>
<phrase category="" id="KC08872191" phrase-urn="urn:x-nevis:phrase:0800c8af82321e1a">      Verificat#@#@#8#epair</phrase>
</title>
<testgrp IE-ID="en-US0900c8af803f040a_KC01442874" id="KC01442874" paperuse="0" testgrp-id="ebu1">
<title>
<phrase category="" id="KC08872192" phrase-urn="urn:x-nevis:phrase:0800c8af82321e1b">      Verificat#@#@#8#epair</phrase>
</title>
<node>
<test1>
<hint>
<ptxt>
<phrase category="" id="KC08872193" phrase-urn="urn:x-nevis:phrase:0800c8af82321e1c">      After a r#@#@#69#ied. </phrase>
</ptxt>
<ptxt>
<phrase category="" id="KC08872194" phrase-urn="urn:x-nevis:phrase:0800c8af82321e1d">One way of doin#@#@#152#ult. </phrase>
</ptxt>
</hint>
<diaglist>
<dgraphic>
<dgraphic1>
<graphic id="KC08872195">
<href>0900c8af80054d4#@#@#9#.jpeg</href>
</graphic>
</dgraphic1>
<dgraphic2>
<graphic id="KC08872196">
<href>0900c8af80054d7#@#@#9#.jpeg</href>
</graphic>
</dgraphic2>
</dgraphic>
<ditem>
<ptxt>
<phrase category="" id="KC08872197" phrase-urn="urn:x-nevis:phrase:0800c8af82321e0b">Ignition off.</phrase>
</ptxt>
</ditem>
<ditem>
<ptxt>
<phrase category="" id="KC08872198" phrase-urn="urn:x-nevis:phrase:0800c8af82321e0c">Reconnect conne#@#@#17# etc.</phrase>
</ptxt>
</ditem>
<ditem>
<ptxt>
<phrase category="" id="KC08872199" phrase-urn="urn:x-nevis:phrase:0800c8af82321e0d">Shut off ST by #@#@#40#FF”. </phrase>
</ptxt>
</ditem>
<ditem>
<ptxt>
<phrase category="" id="KC08872200" phrase-urn="urn:x-nevis:phrase:0800c8af82321e0e">Disconnect ST f#@#@#9#cart.</phrase>
</ptxt>
</ditem>
</diaglist>
<test2/>
</test1>
<question>Press Continue.</question>
<resact-grp>
<result button="cont" comp="button"/>
<action>
<ptxt>
<xref>
<ref id="KC08872201"/>
</xref>
</ptxt>
</action>
</resact-grp>
</node>
</testgrp>
<testgrp id="KC01442875" testgrp-id="ebu2">
<title>
<phrase category="" id="KC08872202" phrase-urn="urn:x-nevis:phrase:0800c8af82321e0f">      Volvo Sys#@#@#26# tool</phrase>
</title>
<node>
<test1>
<test2>
<para>
<ptxt>
<phrase category="" id="KC08872203" phrase-urn="urn:x-nevis:phrase:0800c8af82321e10">      It is pos#@#@#277# not.</phrase>
</ptxt>
</para>
<para>
<ptxt>
<phrase category="" id="KC08872204" phrase-urn="urn:x-nevis:phrase:0800c8af82321e11">      As regard#@#@#73# not.</phrase>
</ptxt>
</para>
<para>
<title>
<phrase category="" id="KC08872205" phrase-urn="urn:x-nevis:phrase:0800c8af82321e12">      TRIP=YES</phrase>
</title>
<ptxt>
<phrase category="" id="KC08872206" phrase-urn="urn:x-nevis:phrase:0800c8af82321e13">      All the d#@#@#77# run.</phrase>
</ptxt>
</para>
<para>
<title>
<phrase category="" id="KC08872207" phrase-urn="urn:x-nevis:phrase:0800c8af82321e14">      TRIP=NO</phrase>
</title>
<ptxt>
<phrase category="" id="KC08872208" phrase-urn="urn:x-nevis:phrase:0800c8af82321e15">      All diagn#@#@#82#eady.</phrase>
</ptxt>
</para>
<para>
<title>
<phrase category="" id="KC08872209" phrase-urn="urn:x-nevis:phrase:0800c8af82321e16">      REPLACEME#@#@#2# TRIP</phrase>
</title>
<ptxt>
<phrase category="" id="KC08872210" phrase-urn="urn:x-nevis:phrase:0800c8af82321e17">      The ECM h#@#@#98#osis.</phrase>
</ptxt>
<ptxt>
<phrase category="" id="KC08872211" phrase-urn="urn:x-nevis:phrase:0800c8af82321e18">      If a TRIP#@#@#229#STED.</phrase>
</ptxt>
<ptxt>
<phrase category="" id="KC08872212" phrase-urn="urn:x-nevis:phrase:0800c8af82321e19">      Most func#@#@#387#ding.</phrase>
</ptxt>
</para>
</test2>
</test1>
<question>Press Continue.</question>
<resact-grp>
<result button="cont" comp="button"/>
<action>
<return value="DONE"/>
</action>
</resact-grp>
</node>
</testgrp>
</diagnostic>