<?xml version="1.0" encoding="UTF-8"?><script xmlns:nevis="http://www.volvocars.com/namespaces/processing" xmlns:xlink="http://www.w3.org/1999/xlink" IE-ID="en-US0900c8af822d4919" docno="VCC-244680" id="nev10571917n1" nevis:expl-profile="mdl275yr2004, mdl275yr2003, mdl275yr2005, mdl275yr2006, mdl275yr2007, mdl275yr2008" nevis:profile="urn:x-nevis:profile:0b00c8af80206669 urn:x-nevis:profile:0b00c8af80206671 urn:x-nevis:profile:0b00c8af8117443b urn:x-nevis:profile:0b00c8af822b0968 urn:x-nevis:profile:0b00c8af82e48817 urn:x-nevis:profile:0b00c8af838ba0b2" nevis:projectdocument="urn:x-nevis:projectdocument:0800c8af822d4918" nevis:resource="0900c8af822d4972" nevis:resource2="urn:x-nevis:fragment:0900c8af822d4919:0900c8af822d4972#nev10571917n1" nevis:session-id="" qualifierinfotype="14:00" type="" xml:lang="en-US"><title>Erase DTCs, P2 SUB</title><content gui="0" height="91" id="nev10571918n1-nev10571917n3" nevis:expl-profile="mdl275yr2004, mdl275yr2003, mdl275yr2005, mdl275yr2006, mdl275yr2007, mdl275yr2008" nevis:idfrom="nev10571918n1" nevis:prefix="nev10571918n1" nevis:profile="urn:x-nevis:profile:0b00c8af80206669 urn:x-nevis:profile:0b00c8af80206671 urn:x-nevis:profile:0b00c8af8117443b urn:x-nevis:profile:0b00c8af822b0968 urn:x-nevis:profile:0b00c8af82e48817 urn:x-nevis:profile:0b00c8af838ba0b2" nevis:resource="0900c8af822d4974" nevis:resource2="urn:x-nevis:fragment:0900c8af822d4919:0900c8af822d4974#nev10571917n3" width="400" xml:lang="en-US"><nodes id="nev10571918n1-nev10571920n1"><node class="Components.StartNode" id="nev10571918n1-nev10571921n1" nodeid="Start" x="16" y="202"/><node class="Components.VehComm" id="nev10571918n1-nev10571922n1" nodeid="Read AE11" x="155" y="160"><property class="String" id="nev10571918n1-nev10571923n1" name="Mode" type="Internal" value="EcuType" visible="1"/><property class="Int" id="nev10571918n1-nev10571924n1" name="EcuType" type="In" value="395301" visible="0"/><property class="Int" id="nev10571918n1-nev10571925n1" name="ServiceId" type="In" value="5" visible="0"/><property class="String" id="nev10571918n1-nev10571926n1" name="EcuName" type="Out" value="" visible="1"/><property class="Response" id="nev10571918n1-nev10571927n1" name="Result" type="Out" value="" visible="1"/><extension id="nev10571918n1-nev10571928n1"/></node><node class="Components.VehComm" id="nev10571918n1-nev10571929n1" nodeid="Erase AF11" x="312" y="190"><property class="String" id="nev10571918n1-nev10571930n1" name="Mode" type="Internal" value="EcuType" visible="1"/><property class="Int" id="nev10571918n1-nev10571931n1" name="EcuType" type="In" value="395301" visible="0"/><property class="Int" id="nev10571918n1-nev10571932n1" name="ServiceId" type="In" value="6" visible="0"/><property class="String" id="nev10571918n1-nev10571933n1" name="EcuName" type="Out" value="" visible="1"/><property class="Response" id="nev10571918n1-nev10571934n1" name="Result" type="Out" value="" visible="1"/><extension id="nev10571918n1-nev10571935n1"/></node><node class="Components.ValueSetter" id="nev10571918n1-nev10571936n1" nodeid="ValueSetter1" x="470" y="244"><property class="String" id="nev10571918n1-nev10571937n1" name="Text" type="Out" value="" visible="1"/><property class="String" id="nev10571918n1-nev10571938n1" name="Value" type="Out" value="" visible="1"/><extension id="nev10571918n1-nev10571939n1"><valuelist id="nev10571918n1-ev9992533n1"><item id="nev10571918n1-ev9992534n1" value="0"/></valuelist></extension></node><node class="Components.DiagnosticOutput" id="nev10571918n1-nev10571940n1" nodeid="Output" x="639" y="190"><property class="String" id="nev10571918n1-nev10571941n1" name="Result" type="In" value="" visible="1"/></node><node class="Components.ScriptComponent" id="nev10571918n1-nev10571942n1" nodeid="ScriptComponent1" x="639" y="273"/></nodes><handlers id="nev10571918n1-nev10571943n1"><eventhandler id="nev10571918n1-nev10571944n1" name="OnStart" node="Start"><call id="nev10571918n1-nev10571945n1" method="Execute" node="Read AE11"/></eventhandler><eventhandler id="nev10571918n1-nev10571946n1" name="OnPositiveResponse" node="Read AE11"><call id="nev10571918n1-nev10571947n1" method="Execute" node="Erase AF11"/></eventhandler><eventhandler id="nev10571918n1-nev10571948n1" name="OnPositiveResponse" node="Erase AF11"><call id="nev10571918n1-nev10571949n1" method="Execute" node="ValueSetter1"/></eventhandler><eventhandler id="nev10571918n1-nev10571950n1" name="OnValue" node="ValueSetter1"><call id="nev10571918n1-nev10571951n1" method="CloseDialog" node="ScriptComponent1"/></eventhandler><propertyhandler id="nev10571918n1-nev10571952n1" name="Result" node="Read AE11"/><propertyhandler id="nev10571918n1-nev10571953n1" name="Result" node="Erase AF11"/><propertyhandler id="nev10571918n1-nev10571954n1" name="EcuName" node="Read AE11"/><propertyhandler id="nev10571918n1-nev10571955n1" name="Value" node="ValueSetter1"><set id="nev10571918n1-nev10571956n1" node="Output" property="Result"/></propertyhandler></handlers></content></script>