<?xml version="1.0" encoding="UTF-8"?><servinfosub IE-ID="en-US0900c8af80951919" docno="VCC-128481" id="KC01693271" xml:lang="en-US">
<title>Exhaust system,#@#@#14#leaks</title>
<procedure id="KC01693791">
<proctools>
<toolitem id="KC07523139"/>
<toolitem id="KC07523140"/>
</proctools>
<stepgrp>
<procstep id="KC01693792">
<title>Connecting tools</title>
<note>
<ptxt>The exhaust sys#@#@#168#tool.</ptxt>
</note>
<note>
<ptxt>To ensure that #@#@#29#see: <xref>
<ref id="KC07523141"/>
</xref>.</ptxt>
</note>
<grate>
<graphic id="KC07523142">
<href>0900c8af8012449#@#@#9#.jpeg</href>
</graphic>
<graphtext>
<list1 enumtype="d" type="unordered">
<item>
<ptxt>Connect tool <toolitem id="KC07523143"/> and pressure r#@#@#4#ator <toolitem id="KC07523144"/> to the exhaust#@#@#1#pipe </ptxt>
</item>
<item>
<ptxt>B4204S2 engines#@#@#31# ends</ptxt>
</item>
<item>
<ptxt>Adjust the pres#@#@#3#e to <emph>0.4 bar</emph>. A lower press#@#@#66#tem.
</ptxt>
</item>
</list1>
</graphtext>
</grate>
</procstep>
<procstep id="KC01693793">
<title>Operation</title>
<grate>
<graphic id="KC07523145">
<href>0900c8af80121f6#@#@#9#.jpeg</href>
</graphic>
<graphtext>
<list1 enumtype="d" type="unordered">
<item>
<ptxt>Check the exhau#@#@#214#es). </ptxt>
</item>
</list1>
<list1 enumtype="d" type="unordered">
<item>
<ptxt>Only very small#@#@#29#ible.</ptxt>
</item>
</list1>
</graphtext>
</grate>
</procstep>
</stepgrp>
</procedure>
</servinfosub>