<?xml version="1.0" encoding="UTF-8"?><servinfosub IE-ID="en-US0900c8af80537702" docno="VCC-137385" id="KC01626344" xml:lang="en-US">
<title>
<phrase category="" id="KC07554244" phrase-urn="urn:x-nevis:phrase:0800c8af81b97847">Diagnostic trou#@#@#21#ation</phrase>
</title>
<diagnostic j2008use="1" paperuse="1" screenuse="1" type="condition">
<condgrp>
<condition type="condition">
<para>
<ptxt>
<phrase category="" id="KC07554245" phrase-urn="urn:x-nevis:phrase:0800c8af81b97848">Diagnostic trou#@#@#280#ing. </phrase>
</ptxt>
<ptxt>
<phrase category="" id="KC07554246" phrase-urn="urn:x-nevis:phrase:0800c8af81b97849">Diagnostic trou#@#@#250#ning.</phrase>
</ptxt>
</para>
</condition>
</condgrp>
<condgrp>
<condition type="substitution">
<list1 enumtype="d" type="unordered">
<item>
<ptxt>
<phrase category="" id="KC07554247" phrase-urn="urn:x-nevis:phrase:0800c8af81b9784a">The control mod#@#@#69#vel).</phrase>
</ptxt>
</item>
</list1>
</condition>
<ps>
<list1 enumtype="d" type="unordered">
<title>
<phrase category="" id="KC07554248" phrase-urn="urn:x-nevis:phrase:0800c8af81b9784b">Signal too high:</phrase>
</title>
<item>
<ptxt>
<phrase category="" id="KC07554249" phrase-urn="urn:x-nevis:phrase:0800c8af81b9784c">Defective contr#@#@#5#dule.</phrase>
</ptxt>
</item>
</list1>
<list1 enumtype="d" type="unordered">
<title>
<phrase category="" id="KC07554250" phrase-urn="urn:x-nevis:phrase:0800c8af81b9784d">Signal too low:</phrase>
</title>
<item>
<ptxt>
<phrase category="" id="KC07554251" phrase-urn="urn:x-nevis:phrase:0800c8af81b9784e">Defective contr#@#@#5#dule.</phrase>
</ptxt>
</item>
</list1>
<list1 enumtype="d" type="unordered">
<title>
<phrase category="" id="KC07554252" phrase-urn="urn:x-nevis:phrase:0800c8af81b9784f">Faulty signal:</phrase>
</title>
<item>
<ptxt>
<phrase category="" id="KC07554253" phrase-urn="urn:x-nevis:phrase:0800c8af81b97850">Contact resista#@#@#15#inals</phrase>
</ptxt>
</item>
<item>
<ptxt>
<phrase category="" id="KC07554254" phrase-urn="urn:x-nevis:phrase:0800c8af81b97851">Air leakage in #@#@#12#ystem</phrase>
</ptxt>
</item>
<item>
<ptxt>
<phrase category="" id="KC07554255" phrase-urn="urn:x-nevis:phrase:0800c8af81b97852">Defective contr#@#@#5#dule.</phrase>
</ptxt>
</item>
</list1>
</ps>
</condgrp>
<condgrp>
<condition type="symptom">
<list1 enumtype="d" type="unordered">
<item>
<ptxt>
<phrase category="" id="KC07554256" phrase-urn="urn:x-nevis:phrase:0800c8af81b97853">The malfunction#@#@#24#ghts.</phrase>
</ptxt>
</item>
</list1>
</condition>
</condgrp>
</diagnostic>
</servinfosub>