<?xml version="1.0" encoding="UTF-8"?><servinfosub IE-ID="en-US0900c8af85b97702" docno="VCC-458548" id="nev18591399n1" xml:lang="en-US">
<title>
<phrase category="Title" id="nev18591399n2" phrase-urn="urn:x-nevis:phrase:0800c8af81eb9a59">Fault-tracing</phrase>
</title>
<diagnostic j2008use="1" layout="0" paperuse="1" screenuse="1" type="test">
<testgrp IE-ID="en-US0900c8af85b97702_nev18591399n3" id="nev18591399n3" j2008use="1" paperuse="1" resumable="1" screenuse="1" testgrp-id="node1" x="160" y="80">
<title>
<phrase category="" id="nev18591399n4" phrase-urn="urn:x-nevis:phrase:0800c8af8272687a">Information</phrase>
</title>
<node>
<test1>
<test2>
<para id="nev18591399n5">
<ptxt id="nev18591399n6">
<phrase category="Faulttracing" id="nev18591399n7" phrase-urn="urn:x-nevis:phrase:0800c8af81eab281">No fault-tracin#@#@#55#DTC).</phrase>
</ptxt>
</para>
<para id="nev18591399n8">
<ptxt id="nev18591399n9">
<phrase category="Faulttracing" id="nev18591399n10" phrase-urn="urn:x-nevis:phrase:0800c8af831d227d">The diagnostic #@#@#127#ECM).</phrase>
<phrase category="Faulttracing" id="nev18591400n1" phrase-urn="urn:x-nevis:phrase:0800c8af831d229e">This diagnostic#@#@#146#ased.</phrase>
</ptxt>
</para>
<para id="nev18591400n2">
<ptxt id="nev18591400n3">
<phrase category="Faulttracing" id="nev18591400n4" phrase-urn="urn:x-nevis:phrase:0800c8af82264bf7">For further inf#@#@#83#tion.</phrase>
</ptxt>
</para>
</test2>
</test1>
<question>
Select "Contin#@#@#8#xit.
</question>
<resact-grp>
<result button="cont" comp="button" highlight="0"/>
<action j2008use="1" paperuse="1" screenuse="1">
<return value="DONE"/>
</action>
</resact-grp>
</node>
</testgrp>
</diagnostic>
</servinfosub>