<?xml version="1.0" encoding="UTF-8"?><servinfosub IE-ID="en-US0900c8af83c25702" docno="VCC-097225" id="KC01151861" xml:lang="en-US">
<title id="nev12549457n250">Injector/pulse #@#@#14#ement</title>
<procedure id="nev12549457n248">
<stepgrp id="KC01151862">
<procstep id="KC01151863">
<title id="nev12549457n246">Preparation</title>
<para id="nev12549457n244">
<ptxt id="nev12549457n242">Empty the fuel #@#@#25#g to <xref id="nev12549457n240">
<ref id="KC07315679"/>
</xref>. </ptxt>
</para>
<grate id="nev12549457n235">
<graphic id="KC07315680">
<href>0900c8af800579c#@#@#9#.jpeg</href>
</graphic>
<graphtext id="nev12549457n230">
<para id="nev12549457n228">
<ptxt id="nev12549457n226">Remove the char#@#@#42#ings </ptxt>
</para>
</graphtext>
</grate>
<grate id="nev12549457n224">
<graphic id="KC07315681">
<href>0900c8af800579d#@#@#9#.jpeg</href>
</graphic>
<graphtext id="nev12549457n219">
<para id="nev12549457n217">
<ptxt id="nev12549457n215">Remove the cove#@#@#17#ail. </ptxt>
<ptxt id="nev12549457n213">Disconnect the #@#@#15#tors.</ptxt>
<ptxt id="nev12549457n211">Blow clean arou#@#@#12#tors.</ptxt>
<ptxt id="nev12549457n209">Remove the moun#@#@#26#rail.</ptxt>
<ptxt id="nev12549457n207">Open the fuel l#@#@#36#tool <toolitem id="KC07315682"/>.</ptxt>
<ptxt id="nev12549457n202">Spray universal#@#@#64#fold.</ptxt>
<ptxt id="nev12549457n200">Gently work the#@#@#27#ose. </ptxt>
</para>
<note id="nev12549457n198">
<ptxt id="nev12549457n196">Handle the inje#@#@#77#dles.</ptxt>
</note>
</graphtext>
</grate>
</procstep>
<procstep id="nev12549457n194">
<title id="nev12549457n192">Removing injectors</title>
<list1 enumtype="d" id="nev12549457n190" type="unordered">
<title id="nev12549457n188">Remove</title>
<item id="nev12549457n186">
<ptxt id="nev12549457n184">the screws hold#@#@#34#rail </ptxt>
</item>
<item id="nev12549457n182">
<ptxt id="nev12549457n180">the mounting rail</ptxt>
</item>
<item id="nev12549457n178">
<ptxt id="nev12549457n176">the injector.</ptxt>
</item>
</list1>
</procstep>
<procstep id="nev12549457n174">
<title id="nev12549457n172">Removing the pu#@#@#9#amper</title>
<list1 enumtype="d" id="nev12549457n170" type="unordered">
<title id="nev12549457n168">Remove</title>
<item id="nev12549457n166">
<ptxt id="nev12549457n164">the screws hold#@#@#34#rail </ptxt>
</item>
<item id="nev12549457n162">
<ptxt id="nev12549457n160">the mounting rail</ptxt>
</item>
<item id="nev12549457n158">
<ptxt id="nev12549457n156">the pulsation d#@#@#1#mper.</ptxt>
</item>
</list1>
</procstep>
<procstep id="KC01151864">
<title id="nev12549457n154">Installing injectors</title>
<para id="nev12549457n152">
<ptxt id="nev12549457n150">Lubricate the i#@#@#48#lly. </ptxt>
<ptxt id="nev12549457n148">Install the new#@#@#5#ctor.</ptxt>
</para>
</procstep>
<procstep id="nev12549457n146">
<title id="nev12549457n144">Installing the #@#@#11#amper</title>
<para id="nev12549457n142">
<ptxt id="nev12549457n140">Lubricate the n#@#@#59#elly.</ptxt>
<ptxt id="nev12549457n138">Install the new#@#@#13#mper.</ptxt>
</para>
</procstep>
<procstep id="nev12549457n136">
<title id="nev12549457n134">Finishing</title>
<para id="nev12549457n132">
<ptxt id="nev12549457n130">Position the mo#@#@#106#rail.</ptxt>
<ptxt id="nev12549457n128">Tighten the mou#@#@#35#n to <emph id="nev12549457n126">6 Nm</emph>.</ptxt>
</para>
<grate id="nev12549457n124">
<graphic id="KC07315683">
<href>0900c8af800579d#@#@#9#.jpeg</href>
</graphic>
<graphtext id="nev12549457n119">
<para id="nev12549457n117">
<ptxt id="nev12549457n115">Lubricate the i#@#@#32#elly.</ptxt>
<ptxt id="nev12549457n113">Depress the fue#@#@#43#ctly.</ptxt>
<ptxt id="nev12549457n111">Screw the fuel #@#@#39#n to <emph id="nev12549457n109">10 Nm</emph>.</ptxt>
<ptxt id="nev12549457n107">Connect all the#@#@#25#tors.</ptxt>
<ptxt id="nev12549457n105">Press the quick#@#@#55#eard.</ptxt>
<ptxt id="nev12549457n103">Reinstall the c#@#@#20#ail. </ptxt>
</para>
</graphtext>
</grate>
<grate id="nev12549457n101">
<graphic id="KC07315684">
<href>0900c8af800579c#@#@#9#.jpeg</href>
</graphic>
<graphtext id="nev12549457n96">
<para id="nev12549457n94">
<ptxt id="nev12549457n92">Remove the seal#@#@#69#gine.</ptxt>
</para>
</graphtext>
</grate>
<para id="nev12549457n90">
<ptxt id="nev12549457n88">Start the engin#@#@#22#age. </ptxt>
</para>
</procstep>
</stepgrp>
</procedure>
</servinfosub>