<?xml version="1.0" encoding="UTF-8"?><servinfosub IE-ID="en-US0800c8af80a14806" docno="T9995179" id="ST-0800c8af80a14806" xml:lang="en-US">
<title>999 5179 SOCKET </title>
<grate>
<graphic id="0900c8af80054691"/>
<graphtext>
<deflist>
<defitem>
<term>Tool number:</term>
<def>999 5179-0</def>
</defitem>
<defitem>
<term>Tool description:</term>
<def>SOCKET (CHECK-P#@#@#6#.) 79</def>
</defitem>
<defitem>
<term>Tool board:</term>
<def>64</def>
</defitem>
</deflist>
</graphtext>
</grate>
</servinfosub>