<?xml version="1.0" encoding="UTF-8"?><servinfosub IE-ID="en-US0900c8af85775806" docno="VCC-325288" id="nev12734056n1" xml:lang="en-US">
<title>
<phrase category="Title" id="nev12734056n2" phrase-urn="urn:x-nevis:phrase:0800c8af81eabd64">Pre-delivery se#@#@#12#w car</phrase>
</title>
<diagnostic j2008use="1" layout="0" paperuse="1" screenuse="1" type="test">
<testgrp IE-ID="en-US0900c8af85775806_nev12734056n3" id="nev12734056n3" j2008use="1" paperuse="1" resumable="1" screenuse="1" testgrp-id="service" x="120" y="20">
<title>
<phrase category="" id="nev12734056n4" phrase-urn="urn:x-nevis:phrase:0800c8af82741f0f">Read out for new car</phrase>
</title>
<node>
<test1>
<test2>
<list1 enumtype="d" type="unordered">
<title>
<phrase category="" id="nev12734056n10" phrase-urn="urn:x-nevis:phrase:0800c8af82741ee9">Programming pro#@#@#2#dures</phrase>
</title>
<item>
<ptxt>
<phrase category="" id="nev12734057n1" phrase-urn="urn:x-nevis:phrase:0800c8af82741eea">The following d#@#@#59#heck </phrase>
</ptxt>
</item>
<item>
<ptxt>
<phrase category="" id="nev12734057n2" phrase-urn="urn:x-nevis:phrase:0800c8af82741eeb">Select an appro#@#@#77#tion.</phrase>
</ptxt>
</item>
</list1>
<list1 enumtype="n" type="ordered">
<title>
<phrase category="" id="nev12734057n3" phrase-urn="urn:x-nevis:phrase:0800c8af82741eed">Programming:</phrase>
</title>
<item>
<ptxt>
<phrase category="Title" id="nev14242908n1" phrase-urn="urn:x-nevis:phrase:0800c8af834947fc">Transport mode #@#@#30#speed</phrase>
</ptxt>
</item>
<item>
<ptxt>
<phrase category="Title" id="nev14242909n1" phrase-urn="urn:x-nevis:phrase:0800c8af834947f8">Normal mode as #@#@#29#speed</phrase>
</ptxt>
</item>
<item>
<ptxt>
<phrase category="" id="nev12734057n8" phrase-urn="urn:x-nevis:phrase:0800c8af82741ef2">Programming the#@#@#27#(DIM)</phrase>
</ptxt>
</item>
<item id="nev12734057n9">
<ptxt id="nev12734057n10">
<phrase category="Title" id="nev12734058n1" phrase-urn="urn:x-nevis:phrase:0800c8af81eabd71">Resetting the s#@#@#26#(SRI)</phrase>
</ptxt>
</item>
<item>
<ptxt>
<phrase category="" id="nev12734058n2" phrase-urn="urn:x-nevis:phrase:0800c8af82741ef3">Exit.</phrase>
</ptxt>
</item>
</list1>
</test2>
</test1>
<question>
Select one of #@#@#14#ons.
</question>
<resact-grp id="nev12734058n4">
<result button="text" comp="button" highlight="0" id="nev12734058n5" text="1"/>
<action id="nev15469221n100" j2008use="1" paperuse="0" screenuse="1">
<ptxt id="nev15469221n99">
<xref id="nev15469221n98">
<ref id="nev15469221n97"/>
</xref>
</ptxt>
</action>
</resact-grp>
<resact-grp id="nev12734058n10">
<result button="text" comp="button" highlight="0" id="nev12734059n1" text="2"/>
<action id="nev15469221n96" j2008use="1" paperuse="0" screenuse="1">
<ptxt id="nev15469221n95">
<xref id="nev15469221n94">
<ref id="nev15469221n93"/>
</xref>
</ptxt>
</action>
</resact-grp>
<resact-grp id="nev12734059n6">
<result button="text" comp="button" highlight="0" id="nev12734059n7" text="3"/>
<action id="nev15469221n92" j2008use="1" paperuse="0" screenuse="1">
<ptxt id="nev15469221n91">
<xref id="nev15469221n90">
<ref id="nev15469221n89"/>
</xref>
</ptxt>
</action>
</resact-grp>
<resact-grp id="nev12734060n2">
<result button="text" comp="button" highlight="0" id="nev12734060n3" text="4"/>
<action id="nev15469221n88" j2008use="1" paperuse="0" screenuse="1">
<ptxt id="nev15469221n87">
<xref id="nev15469221n86">
<ref id="nev15469221n85"/>
</xref>
</ptxt>
</action>
</resact-grp>
<resact-grp id="nev12734060n8">
<result button="text" comp="button" highlight="0" id="nev12734060n9" text="5"/>
<action id="nev15469221n84" j2008use="1" paperuse="0" screenuse="1">
<return id="nev15469221n83" value="DONE"/>
</action>
</resact-grp>
</node>
</testgrp>
<testgrp id="nev12734063n5" j2008use="1" paperuse="1" resumable="1" screenuse="1" testgrp-id="node2" x="140" y="220">
<title>
<phrase category="Title" id="nev12734121n1" phrase-urn="urn:x-nevis:phrase:0800c8af834947fc">Transport mode #@#@#30#speed</phrase>
</title>
<node>
<test1>
<test2>
<para>
<ptxt>
<phrase category="" id="nev12734063n7" phrase-urn="urn:x-nevis:phrase:0800c8af82741efe">This service pu#@#@#24#mode.</phrase>
</ptxt>
</para>
<para>
<ptxt>
<phrase category="" id="nev12734063n8" phrase-urn="urn:x-nevis:phrase:0800c8af82741eff">In transport mo#@#@#70#ized.</phrase>
</ptxt>
</para>
<para>
<ptxt>
<phrase category="" id="nev12734063n9" phrase-urn="urn:x-nevis:phrase:0800c8af82741f00">The service sho#@#@#41#cle. </phrase>
</ptxt>
</para>
<list1 enumtype="d" type="unordered">
<item>
<ptxt>
<phrase category="" id="nev12734063n10" phrase-urn="urn:x-nevis:phrase:0800c8af82741f01">Ignition on</phrase>
</ptxt>
</item>
<item>
<ptxt>
<phrase category="" id="nev12734064n1" phrase-urn="urn:x-nevis:phrase:0800c8af82741f02">Click the VCT20#@#@#52#ming.</phrase>
</ptxt>
</item>
</list1>
<diaglist>
<dgraphic>
<dgraphic2>
<graphic id="nev12734064n2">
<href>0900c8af86c8681#@#@#9#.jpeg</href>
</graphic>
<smarttool active="press" id="l1173873959051"/>
</dgraphic2>
</dgraphic>
</diaglist>
</test2>
</test1>
<question/>
<resact-grp>
<result button="cont" comp="button" highlight="0"/>
<action j2008use="1" paperuse="1" screenuse="1">
<ptxt>
<xref>
<ref id="nev12734064n5"/>
</xref>
</ptxt>
</action>
</resact-grp>
</node>
</testgrp>
<testgrp id="nev12734064n6" j2008use="1" paperuse="1" resumable="1" screenuse="1" testgrp-id="node3" x="140" y="320">
<title>
<phrase category="Title" id="nev12734279n1" phrase-urn="urn:x-nevis:phrase:0800c8af834947f8">Normal mode as #@#@#29#speed</phrase>
</title>
<node>
<test1>
<test2>
<para>
<ptxt>
<phrase category="" id="nev12734064n8" phrase-urn="urn:x-nevis:phrase:0800c8af82741f06">This service pu#@#@#21#mode.</phrase>
</ptxt>
</para>
<para>
<ptxt>
<phrase category="" id="nev12734064n9" phrase-urn="urn:x-nevis:phrase:0800c8af82741f07">The car must be#@#@#64#lity.</phrase>
</ptxt>
</para>
<list1 enumtype="d" type="unordered">
<item>
<ptxt>
<phrase category="" id="nev12734064n10" phrase-urn="urn:x-nevis:phrase:0800c8af82741f08">Ignition on</phrase>
</ptxt>
</item>
<item>
<ptxt>
<phrase category="" id="nev12734065n1" phrase-urn="urn:x-nevis:phrase:0800c8af82741f09">Click the VCT20#@#@#52#ming.</phrase>
</ptxt>
</item>
</list1>
<diaglist>
<dgraphic>
<dgraphic2>
<graphic id="nev12734065n2">
<href>0900c8af86c8681#@#@#9#.jpeg</href>
</graphic>
<smarttool active="press" id="l1173874274858"/>
</dgraphic2>
</dgraphic>
</diaglist>
</test2>
</test1>
<question/>
<resact-grp>
<result button="cont" comp="button" highlight="0"/>
<action j2008use="1" paperuse="1" screenuse="1">
<ptxt>
<xref>
<ref id="nev12734065n5"/>
</xref>
</ptxt>
</action>
</resact-grp>
</node>
</testgrp>
<testgrp id="nev12734066n1" j2008use="1" paperuse="1" resumable="1" screenuse="1" testgrp-id="progdim" x="140" y="520">
<title>
<phrase category="Title" id="nev12745899n1" phrase-urn="urn:x-nevis:phrase:0800c8af81eabd87">Programming the#@#@#27#(DIM)</phrase>
</title>
<subcalloutnode>
<diagcallout>
<xref id="nev17562260n100">
<ref id="l1322492618618"/>
</xref>
</diagcallout>
<rescall-grp>
<result comp="string" highlight="0" op="eq" return="DONE"/>
<calloutaction>
<ptxt>
<xref>
<ref id="nev12734066n5"/>
</xref>
</ptxt>
</calloutaction>
</rescall-grp>
</subcalloutnode>
</testgrp>
<testgrp id="nev12734066n6" j2008use="1" paperuse="0" resumable="1" screenuse="1" testgrp-id="reset SRI" x="120" y="620">
<title id="nev12734066n7">
<phrase category="Title" id="nev12745900n1" phrase-urn="urn:x-nevis:phrase:0800c8af81eabd71">Resetting the s#@#@#26#(SRI)</phrase>
</title>
<subcalloutnode id="nev12734066n8">
<diagcallout id="nev12734066n9">
<xref id="nev12735712n97">
<ref id="l1173891567923"/>
</xref>
</diagcallout>
<rescall-grp id="nev12735712n96">
<result comp="string" highlight="0" id="nev12735712n95" op="eq" return="DONE"/>
<calloutaction id="nev12735712n94">
<ptxt id="nev12735712n93">
<xref id="nev12735712n92">
<ref id="nev12735712n91"/>
</xref>
</ptxt>
</calloutaction>
</rescall-grp>
</subcalloutnode>
</testgrp>
</diagnostic>
</servinfosub>