<?xml version="1.0" encoding="UTF-8"?><servinfosub IE-ID="en-US0900c8af8538b619" docno="VCC-429097" id="nev16863939n1" xml:lang="en-US">
<title>
<phrase category="" id="nev16863939n2" phrase-urn="urn:x-nevis:phrase:0800c8af8272457d">Fault tracing</phrase>
</title>
<diagnostic j2008use="1" layout="0" paperuse="1" screenuse="1" type="test">
<testgrp IE-ID="en-US0900c8af8538b619_nev16863939n3" id="nev16863939n3" j2008use="1" paperuse="1" resumable="1" screenuse="1" testgrp-id="node2" x="200" y="300">
<title>
<phrase category="" id="nev16863939n4" phrase-urn="urn:x-nevis:phrase:0800c8af8272457e">Checking the status</phrase>
</title>
<node>
<test1>
<diaglist>
<dgraphic id="nev16863939n5">
<dgraphic1 id="nev16863939n6">
<graphic id="nev16863939n7">
<href>0900c8af80054d3#@#@#9#.jpeg</href>
</graphic>
</dgraphic1>
</dgraphic>
<ditem>
<ptxt>
<phrase category="" id="nev16863939n8" phrase-urn="urn:x-nevis:phrase:0800c8af8272457f">Ignition off</phrase>
</ptxt>
</ditem>
<ditem>
<ptxt>
<phrase category="" id="nev16863939n9" phrase-urn="urn:x-nevis:phrase:0800c8af82724580">Wait approximat#@#@#10#onds.</phrase>
</ptxt>
</ditem>
<ditem>
<ptxt>
<phrase category="Faulttracing" id="nev16863939n10" phrase-urn="urn:x-nevis:phrase:0800c8af8265a3f4">Engine running.</phrase>
</ptxt>
</ditem>
<ditem>
<ptxt>
<phrase category="" id="nev16863940n1" phrase-urn="urn:x-nevis:phrase:0800c8af82724583">Read the troubl#@#@#41#mbol.</phrase>
</ptxt>
</ditem>
</diaglist>
<test2>
<para id="nev16863940n2">
<ptxt id="nev16863940n3">
<phrase category="Faulttracing" id="nev16863940n4" phrase-urn="urn:x-nevis:phrase:0800c8af834e5132">The counters ar#@#@#36#atus.</phrase>
<phrase category="Faulttracing" id="nev16863940n5" phrase-urn="urn:x-nevis:phrase:0800c8af834e5136">For general inf#@#@#28# see:</phrase>
<xref id="nev16863940n6">
<ref id="nev16863940n7"/>
</xref>
<phrase category="Faulttracing" id="nev16863940n8" phrase-urn="urn:x-nevis:phrase:0800c8af83535e60">Counters 5, 6 a#@#@#31#heck.</phrase>
</ptxt>
</para>
<para>
<ptxt>
<phrase category="" id="nev16863940n9" phrase-urn="urn:x-nevis:phrase:0800c8af82724584">Counter 1 indic#@#@#76#ated.</phrase>
</ptxt>
<ptxt>
<phrase category="Faulttracing" id="nev16863940n10" phrase-urn="urn:x-nevis:phrase:0800c8af82f6fc90">If the <emph etype="bold">counter 1</emph> is 0 it means #@#@#25#nent.</phrase>
<phrase category="Faulttracing" id="nev16863941n1" phrase-urn="urn:x-nevis:phrase:0800c8af834ea29e">Replace contact#@#@#29#nsor.</phrase>
</ptxt>
</para>
<para>
<ptxt>
<phrase category="Faulttracing" id="nev16863941n2" phrase-urn="urn:x-nevis:phrase:0800c8af834ea300">If <emph etype="bold">counter 1</emph> is over 0, thi#@#@#91#lem).</phrase>
<phrase category="Faulttracing" id="nev16863941n3" phrase-urn="urn:x-nevis:phrase:0800c8af82f6fc9a">The problem has#@#@#40# now.</phrase>
<phrase category="Faulttracing" id="nev16863941n4" phrase-urn="urn:x-nevis:phrase:0800c8af834ea307">Then check <emph etype="bold">counter 4</emph>.</phrase>
<phrase category="Faulttracing" id="nev16863941n5" phrase-urn="urn:x-nevis:phrase:0800c8af834ea313">
<emph etype="bold">Counter 4 </emph>indicates numbe#@#@#15#cles <emph etype="bold">with problem</emph> since the prob#@#@#32#time.</phrase>
</ptxt>
</para>
<list1 id="nev16863941n6">
<item id="nev16863941n7">
<ptxt id="nev16863941n8">
<phrase category="Faulttracing" id="nev16863941n9" phrase-urn="urn:x-nevis:phrase:0800c8af834f139e">If the number o#@#@#80#blem.</phrase>
<phrase category="Faulttracing" id="nev16863941n10" phrase-urn="urn:x-nevis:phrase:0800c8af834ea29e">Replace contact#@#@#29#nsor.</phrase>
</ptxt>
</item>
<item id="nev16863942n1">
<ptxt id="nev16863942n2">
<phrase category="Faulttracing" id="nev16863942n3" phrase-urn="urn:x-nevis:phrase:0800c8af834f13a2">If the number o#@#@#79#blem.</phrase>
<phrase category="Faulttracing" id="nev16863942n4" phrase-urn="urn:x-nevis:phrase:0800c8af82f6fc9e">No action.</phrase>
</ptxt>
</item>
</list1>
<hint id="nev16863942n5">
<ptxt id="nev16863942n6">
<phrase category="Faulttracing" id="nev16863942n7" phrase-urn="urn:x-nevis:phrase:0800c8af834ea324">
<emph etype="bold">Counter 3</emph> indicates numb#@#@#22#ince <emph etype="bold">first time</emph> that the probl#@#@#7#rred.</phrase>
<phrase category="Faulttracing" id="nev16863942n8" phrase-urn="urn:x-nevis:phrase:0800c8af834ea955">If the value for <emph etype="bold">counter 3</emph> is divided by #@#@#9# for <emph etype="bold">counter 4 </emph>, the intensity#@#@#23#ined.</phrase>
<phrase category="Faulttracing" id="nev16863942n9" phrase-urn="urn:x-nevis:phrase:0800c8af834e516b">The higher the #@#@#35#sity.</phrase>
<phrase category="Faulttracing" id="nev16863942n10" phrase-urn="urn:x-nevis:phrase:0800c8af834ea960">A high problem #@#@#49#ften.</phrase>
</ptxt>
</hint>
<note>
<ptxt>
<phrase category="" id="nev16863943n1" phrase-urn="urn:x-nevis:phrase:0800c8af82724589">If the trouble #@#@#115#SWM).</phrase>
</ptxt>
</note>
<para>
<ptxt>
<phrase category="" id="nev16863943n2" phrase-urn="urn:x-nevis:phrase:0800c8af8272458a">Remedy as necessary.</phrase>
</ptxt>
</para>
<list1>
<title>
<phrase category="" id="nev16863943n3" phrase-urn="urn:x-nevis:phrase:0800c8af8272458b">Other information</phrase>
</title>
<item>
<ptxt>
<phrase category="" id="nev16863943n4" phrase-urn="urn:x-nevis:phrase:0800c8af8272458c">
<xref>
<ref id="KC09599623"/>
</xref>
</phrase>
</ptxt>
</item>
<item>
<ptxt>
<phrase category="" id="nev16863943n6" phrase-urn="urn:x-nevis:phrase:0800c8af8272458e">The Steering An#@#@#101# see <xref>
<ref id="KC09599625"/>
</xref>.</phrase>
</ptxt>
</item>
</list1>
<diaglist>
<dgraphic>
<dgraphic2>
<graphic id="nev16863943n8">
<href>0900c8af86c8681#@#@#9#.jpeg</href>
</graphic>
<smarttool active="press" id="nev16863943n9" toolname="GSAS0003"/>
</dgraphic2>
</dgraphic>
</diaglist>
</test2>
</test1>
<question>
Select Continue.
</question>
<resact-grp>
<result button="cont" comp="button" highlight="0"/>
<action j2008use="1" paperuse="1" screenuse="1">
<return value="DONE"/>
</action>
</resact-grp>
</node>
</testgrp>
</diagnostic>
</servinfosub>