<?xml version="1.0" encoding="UTF-8"?><servinfosub IE-ID="en-US0900c8af80120211" docno="VCC-119156" id="KC01214646" xml:lang="en-US">
<title>
<phrase category="" id="KC09370867" phrase-urn="urn:x-nevis:phrase:0800c8af826f546a">Checking sensors</phrase>
</title>
<diagnostic type="test">
<testgrp IE-ID="en-US0900c8af80120211_KC01214647" id="KC01214647" j2008use="1" paperuse="1" resumable="1" screenuse="1" testgrp-id="a1" x="320" y="80">
<title>
<phrase category="" id="KC09370868" phrase-urn="urn:x-nevis:phrase:0800c8af826f546b"/>
</title>
<node>
<test1>
<test2>
<list1 enumtype="n" type="ordered">
<title>
<phrase category="" id="KC09370869" phrase-urn="urn:x-nevis:phrase:0800c8af826f546c">Select the rele#@#@#6#ensor</phrase>
</title>
<item>
<ptxt>
<phrase category="" id="KC09370870" phrase-urn="urn:x-nevis:phrase:0800c8af826f546d">Checking the ti#@#@#5#nsor.</phrase>
</ptxt>
</item>
<item>
<ptxt>
<phrase category="" id="KC09370871" phrase-urn="urn:x-nevis:phrase:0800c8af826f546e">Checking the mo#@#@#9#nsor.</phrase>
</ptxt>
</item>
</list1>
</test2>
</test1>
<question/>
<resact-grp>
<result button="text" comp="button" highlight="0" text="1"/>
<action j2008use="1" paperuse="1" screenuse="1">
<ptxt>
<xref>
<ref id="KC09370873"/>
</xref>
</ptxt>
</action>
</resact-grp>
<resact-grp>
<result button="text" comp="button" highlight="0" text="2"/>
<action j2008use="1" paperuse="1" screenuse="1">
<ptxt>
<xref>
<ref id="KC09370874"/>
</xref>
</ptxt>
</action>
</resact-grp>
</node>
</testgrp>
<testgrp id="KC01214648" j2008use="1" paperuse="1" resumable="1" screenuse="1" testgrp-id="niv" x="200" y="160">
<title>
<phrase category="" id="KC09370875" phrase-urn="urn:x-nevis:phrase:0800c8af826f5470">Checking the ti#@#@#4#ensor</phrase>
</title>
<node>
<test1>
<test2>
<para>
<ptxt>
<phrase category="" id="KC09370876" phrase-urn="urn:x-nevis:phrase:0800c8af826f5471">Open the tailga#@#@#57#osed.</phrase>
</ptxt>
</para>
<para>
<ptxt>
<phrase category="" id="KC09370877" phrase-urn="urn:x-nevis:phrase:0800c8af826f5472">Lock the car wi#@#@#17#trol.</phrase>
</ptxt>
</para>
<para>
<ptxt>
<phrase category="" id="KC09370878" phrase-urn="urn:x-nevis:phrase:0800c8af826f5473">Wait 25 seconds#@#@#86#g it.</phrase>
</ptxt>
</para>
</test2>
</test1>
<question>
Does the alarm#@#@#4#off?
</question>
<resact-grp>
<result button="yes" comp="button" highlight="0"/>
<action j2008use="1" paperuse="1" screenuse="1">
<return value="VERIFIED"/>
</action>
</resact-grp>
<resact-grp>
<result button="no" comp="button" highlight="0"/>
<action j2008use="1" paperuse="1" screenuse="1">
<return value="VERIFICATION FAILED"/>
</action>
</resact-grp>
</node>
</testgrp>
<testgrp id="KC01214649" j2008use="1" paperuse="1" resumable="1" screenuse="1" testgrp-id="rorelse" x="440" y="160">
<title>
<phrase category="" id="KC09370880" phrase-urn="urn:x-nevis:phrase:0800c8af826f5475">Checking the mo#@#@#8#ensor</phrase>
</title>
<node>
<test1>
<test2>
<para>
<ptxt>
<phrase category="" id="KC09370881" phrase-urn="urn:x-nevis:phrase:0800c8af826f5476">Open the window#@#@#35#rol. </phrase>
</ptxt>
</para>
<para>
<ptxt>
<phrase category="" id="KC09370882" phrase-urn="urn:x-nevis:phrase:0800c8af826f5477">Wait 25 seconds#@#@#71# car.</phrase>
</ptxt>
</para>
</test2>
</test1>
<question>
Does the alarm#@#@#4#off?
</question>
<resact-grp>
<result button="yes" comp="button" highlight="0"/>
<action j2008use="1" paperuse="1" screenuse="1">
<return value="VERIFIED"/>
</action>
</resact-grp>
<resact-grp>
<result button="no" comp="button" highlight="0"/>
<action j2008use="1" paperuse="1" screenuse="1">
<return value="VERIFICATION FAILED"/>
</action>
</resact-grp>
</node>
</testgrp>
</diagnostic>
</servinfosub>