<?xml version="1.0" encoding="UTF-8"?><servinfosub IE-ID="en-US0900c8af800cd211" docno="VCC-098278" id="KC01318407" xml:lang="en-US">
<title>
<phrase category="" id="KC09292475" phrase-urn="urn:x-nevis:phrase:0800c8af826d67f0">Signal too high</phrase>
</title>
<diagnostic type="test">
<testgrp IE-ID="en-US0900c8af800cd211_KC01318413" id="KC01318413" j2008use="1" paperuse="1" resumable="1" screenuse="1" testgrp-id="node1" x="120" y="80">
<title>
<phrase category="" id="KC09292476" phrase-urn="urn:x-nevis:phrase:0800c8af826d6801">Checking the tr#@#@#31#ignal</phrase>
</title>
<node>
<test1>
<diaglist>
<dgraphic>
<dgraphic1>
<graphic id="KC09292477">
<href>0900c8af80054d3#@#@#9#.jpeg</href>
</graphic>
</dgraphic1>
<dgraphic2>
<graphic id="KC09292478">
<href>0900c8af80054d7#@#@#9#.jpeg</href>
</graphic>
</dgraphic2>
</dgraphic>
<ditem>
<ptxt>
<phrase category="" id="KC09292479" phrase-urn="urn:x-nevis:phrase:0800c8af826d6811">Ignition off</phrase>
</ptxt>
</ditem>
<ditem>
<ptxt>
<phrase category="" id="KC09292480" phrase-urn="urn:x-nevis:phrase:0800c8af826d6822">Start the engine</phrase>
</ptxt>
</ditem>
<ditem>
<ptxt>
<phrase category="" id="KC09292481" phrase-urn="urn:x-nevis:phrase:0800c8af826d6831">Read off the tr#@#@#18#peed.</phrase>
</ptxt>
</ditem>
</diaglist>
<test2>
<ptxt>
<phrase category="" id="KC09292482" phrase-urn="urn:x-nevis:phrase:0800c8af826d6840">Depress the acc#@#@#97#RPM).</phrase>
</ptxt>
<list1 enumtype="d" type="unordered">
<title>
<phrase category="" id="KC09292483" phrase-urn="urn:x-nevis:phrase:0800c8af826d684e">Other information</phrase>
</title>
<item>
<ptxt>
<phrase category="" id="KC09292484" phrase-urn="urn:x-nevis:phrase:0800c8af826d685e">To access the t#@#@#22# see <xref>
<ref id="KC09292485"/>
</xref>
</phrase>
</ptxt>
</item>
<item>
<ptxt>
<phrase category="" id="KC09292486" phrase-urn="urn:x-nevis:phrase:0800c8af826d686d">To access the c#@#@#24# see <xref>
<ref id="KC09292487"/>
</xref>.</phrase>
</ptxt>
</item>
</list1>
<diaglist>
<dgraphic>
<dgraphic2>
<graphic id="KC09292488">
<href>0900c8af86c8681#@#@#9#.jpeg</href>
</graphic>
<smarttool active="press" id="KC09292489" toolname="XTCMA511"/>
</dgraphic2>
</dgraphic>
<ditem>
<ditemtext>
<ptxt>
<phrase category="" id="KC09292490" phrase-urn="urn:x-nevis:phrase:0800c8af826d687d"/>
</ptxt>
</ditemtext>
</ditem>
</diaglist>
</test2>
</test1>
<question>
Is the speed u#@#@#3#ted?
</question>
<resact-grp>
<result button="yes" comp="button" highlight="0"/>
<action j2008use="1" paperuse="1" screenuse="1">
<ptxt>
<xref>
<ref id="KC09292492"/>
</xref>
</ptxt>
</action>
</resact-grp>
<resact-grp>
<result button="no" comp="button" highlight="0"/>
<action j2008use="1" paperuse="1" screenuse="1">
<ptxt>
<xref>
<ref id="KC09292493"/>
</xref>
</ptxt>
</action>
</resact-grp>
</node>
</testgrp>
<testgrp id="KC01318414" j2008use="1" paperuse="1" resumable="1" screenuse="1" testgrp-id="node2" x="120" y="160">
<title>
<phrase category="" id="KC09292494" phrase-urn="urn:x-nevis:phrase:0800c8af826d689e">Checking wiring#@#@#7#nsors</phrase>
</title>
<node>
<test1>
<diaglist>
<dgraphic>
<dgraphic1>
<graphic id="KC09292495">
<href>0900c8af80054d4#@#@#9#.jpeg</href>
</graphic>
</dgraphic1>
<dgraphic2>
<graphic id="KC09292496">
<href>0900c8af80054d7#@#@#9#.jpeg</href>
</graphic>
</dgraphic2>
<dgraphic3>
<graphic id="KC09292497">
<href>0900c8af80054cc#@#@#9#.jpeg</href>
</graphic>
</dgraphic3>
</dgraphic>
<ditem>
<ptxt>
<phrase category="" id="KC09292498" phrase-urn="urn:x-nevis:phrase:0800c8af826d68ae">Ignition off</phrase>
</ptxt>
</ditem>
<ditem>
<ptxt>
<phrase category="" id="KC09292499" phrase-urn="urn:x-nevis:phrase:0800c8af826d68bd">Connect the bre#@#@#24#ssion</phrase>
</ptxt>
</ditem>
<ditem>
<ptxt>
<phrase category="" id="KC09292500" phrase-urn="urn:x-nevis:phrase:0800c8af826d68cb">Disconnect the #@#@#9#odule</phrase>
</ptxt>
</ditem>
<ditem>
<ptxt>
<phrase category="" id="KC09292501" phrase-urn="urn:x-nevis:phrase:0800c8af826d68d9">Disconnect the #@#@#17#ector</phrase>
</ptxt>
</ditem>
<ditem>
<ptxt>
<phrase category="" id="KC09292502" phrase-urn="urn:x-nevis:phrase:0800c8af826d68e8">Connect adapter <toolitem id="KC09292503"/> and breakout box <toolitem id="KC09292504"/> to the transmi#@#@#33#ide).</phrase>
</ptxt>
</ditem>
</diaglist>
<test2>
<para>
<ptxt>
<phrase category="" id="KC09292505" phrase-urn="urn:x-nevis:phrase:0800c8af826d68fa">Check the wirin#@#@#158#ther.</phrase>
</ptxt>
</para>
<para>
<ptxt>
<phrase category="" id="KC09292506" phrase-urn="urn:x-nevis:phrase:0800c8af826d6909">Check the power#@#@#143#tage.</phrase>
</ptxt>
</para>
<para>
<ptxt>
<phrase category="" id="KC09292507" phrase-urn="urn:x-nevis:phrase:0800c8af826d691a">Check the signa#@#@#138#age. </phrase>
</ptxt>
</para>
<para>
<ptxt>
<phrase category="" id="KC09292508" phrase-urn="urn:x-nevis:phrase:0800c8af826d6928">Remedy as necessary.</phrase>
</ptxt>
</para>
<list1 enumtype="d" type="unordered">
<title>
<phrase category="" id="KC09292509" phrase-urn="urn:x-nevis:phrase:0800c8af826d6935">Other information</phrase>
</title>
<item>
<ptxt>
<phrase category="" id="KC09292510" phrase-urn="urn:x-nevis:phrase:0800c8af826d6947">To connect the #@#@#13# see <xref>
<ref id="KC09292511"/>
</xref>
</phrase>
</ptxt>
</item>
<item>
<ptxt>
<phrase category="" id="KC09292512" phrase-urn="urn:x-nevis:phrase:0800c8af826d6958">To disconnect t#@#@#37# see <xref>
<ref id="KC09292513"/>
</xref>
</phrase>
</ptxt>
</item>
<item>
<ptxt>
<phrase category="" id="KC09292514" phrase-urn="urn:x-nevis:phrase:0800c8af826d6969">To connect the #@#@#43# see <xref>
<ref id="KC09292515"/>
</xref>
</phrase>
</ptxt>
</item>
<item>
<ptxt>
<phrase category="" id="KC09292516" phrase-urn="urn:x-nevis:phrase:0800c8af826d697a">For information#@#@#15# see <xref>
<ref id="KC09292517"/>
</xref>
</phrase>
</ptxt>
</item>
<item>
<ptxt>
<phrase category="" id="KC09292518" phrase-urn="urn:x-nevis:phrase:0800c8af826d6984">For information#@#@#45# see <xref>
<ref id="KC09292519"/>
</xref>
</phrase>
</ptxt>
</item>
<item>
<ptxt>
<phrase category="" id="KC09292520" phrase-urn="urn:x-nevis:phrase:0800c8af826d6994">
<xref>
<ref id="KC09292521"/>
</xref>
</phrase>
</ptxt>
</item>
</list1>
<diaglist>
<dgraphic>
<dgraphic2>
<graphic id="KC09292522">
<href>0900c8af80054d4#@#@#9#.jpeg</href>
</graphic>
<smarttool active="press" id="KC09292523" toolname="VDCDAH"/>
</dgraphic2>
</dgraphic>
<ditem>
<ditemtext>
<ptxt>
<phrase category="" id="KC09292524" phrase-urn="urn:x-nevis:phrase:0800c8af826d699d"/>
</ptxt>
</ditemtext>
</ditem>
</diaglist>
<grate>
<graphic id="KC09292525">
<href>0900c8af800552c#@#@#9#.jpeg</href>
</graphic>
</grate>
</test2>
</test1>
<question>
Was a fault de#@#@#30#als?
</question>
<resact-grp>
<result button="yes" comp="button" highlight="0"/>
<action j2008use="1" paperuse="1" screenuse="1">
<ptxt>
<xref>
<ref id="KC09292527"/>
</xref>
</ptxt>
</action>
</resact-grp>
<resact-grp>
<result button="no" comp="button" highlight="0"/>
<action j2008use="1" paperuse="1" screenuse="1">
<ptxt>
<xref>
<ref id="KC09292528"/>
</xref>
</ptxt>
</action>
</resact-grp>
</node>
</testgrp>
<testgrp id="KC01318415" j2008use="1" paperuse="1" resumable="1" screenuse="1" testgrp-id="node3" x="120" y="80">
<title>
<phrase category="" id="KC09292529" phrase-urn="urn:x-nevis:phrase:0800c8af826d69bd">Checking the co#@#@#7#odule</phrase>
</title>
<node>
<test1>
<diaglist>
<dgraphic>
<dgraphic1>
<graphic id="KC09292530">
<href>0900c8af80054d3#@#@#9#.jpeg</href>
</graphic>
</dgraphic1>
<dgraphic2>
<graphic id="KC09292531">
<href>0900c8af80054d7#@#@#9#.jpeg</href>
</graphic>
</dgraphic2>
<dgraphic3>
<graphic id="KC09292532">
<href>0900c8af80054cc#@#@#9#.jpeg</href>
</graphic>
</dgraphic3>
</dgraphic>
<ditem>
<ptxt>
<phrase category="" id="KC09292533" phrase-urn="urn:x-nevis:phrase:0800c8af826d69cf">Ignition off</phrase>
</ptxt>
</ditem>
<ditem>
<ptxt>
<phrase category="" id="KC09292534" phrase-urn="urn:x-nevis:phrase:0800c8af826d69df">Transmission co#@#@#23#ected</phrase>
</ptxt>
</ditem>
<ditem>
<ptxt>
<phrase category="" id="KC09292535" phrase-urn="urn:x-nevis:phrase:0800c8af826d69f2">The breakout bo#@#@#6#ected</phrase>
</ptxt>
</ditem>
<ditem>
<ptxt>
<phrase category="" id="KC09292536" phrase-urn="urn:x-nevis:phrase:0800c8af826d6a02">Transmission co#@#@#15#ected</phrase>
</ptxt>
</ditem>
<ditem>
<ptxt>
<phrase category="" id="KC09292537" phrase-urn="urn:x-nevis:phrase:0800c8af826d6a11">Connect a tempo#@#@#57#t box</phrase>
</ptxt>
</ditem>
<ditem>
<caution>
<ptxt>
<phrase category="" id="KC09292538" phrase-urn="urn:x-nevis:phrase:0800c8af826d6a20">Check that the #@#@#115#uits.</phrase>
</ptxt>
</caution>
</ditem>
<ditem>
<ptxt>
<phrase category="" id="KC09292539" phrase-urn="urn:x-nevis:phrase:0800c8af826d6a32">Ignition on</phrase>
</ptxt>
</ditem>
<ditem>
<ptxt>
<phrase category="" id="KC09292540" phrase-urn="urn:x-nevis:phrase:0800c8af826d6a42">Read off the status.</phrase>
</ptxt>
</ditem>
</diaglist>
<test2>
<para>
<ptxt>
<phrase category="" id="KC09292541" phrase-urn="urn:x-nevis:phrase:0800c8af826d6a53">Check that the #@#@#70#bove.</phrase>
</ptxt>
</para>
<para>
<ptxt>
<phrase category="" id="KC09292542" phrase-urn="urn:x-nevis:phrase:0800c8af826d6a64">Disconnect the #@#@#76##A53.</phrase>
</ptxt>
</para>
<note>
<ptxt>
<phrase category="" id="KC09292543" phrase-urn="urn:x-nevis:phrase:0800c8af826d6a73">Leave the cable#@#@#36#lace.</phrase>
</ptxt>
</note>
<para>
<ptxt>
<phrase category="" id="KC09292544" phrase-urn="urn:x-nevis:phrase:0800c8af826d6a80">Check that the #@#@#74##A53.</phrase>
</ptxt>
</para>
<para>
<ptxt>
<phrase category="" id="KC09292545" phrase-urn="urn:x-nevis:phrase:0800c8af826d6a93">The transmissio#@#@#215#nsor.</phrase>
</ptxt>
</para>
<para>
<ptxt>
<phrase category="" id="KC09292546" phrase-urn="urn:x-nevis:phrase:0800c8af826d6aa4">The transmissio#@#@#222#dule.</phrase>
</ptxt>
</para>
<para>
<ptxt>
<phrase category="" id="KC09292547" phrase-urn="urn:x-nevis:phrase:0800c8af826d6ab5">Remedy as necessary.</phrase>
</ptxt>
</para>
<list1 enumtype="d" type="unordered">
<title>
<phrase category="" id="KC09292548" phrase-urn="urn:x-nevis:phrase:0800c8af826d6ac3">Other information</phrase>
</title>
<item>
<ptxt>
<phrase category="" id="KC09292549" phrase-urn="urn:x-nevis:phrase:0800c8af826d6ad4">To connect the #@#@#13# see <xref>
<ref id="KC09292550"/>
</xref>
</phrase>
</ptxt>
</item>
<item>
<ptxt>
<phrase category="" id="KC09292551" phrase-urn="urn:x-nevis:phrase:0800c8af826d6ae3">To disconnect t#@#@#25#, see<xref>
<ref id="KC09292552"/>
</xref>
</phrase>
</ptxt>
</item>
<item>
<ptxt>
<phrase category="" id="KC09292553" phrase-urn="urn:x-nevis:phrase:0800c8af826d6af2">To check or rep#@#@#42# see <xref>
<ref id="KC09292554"/>
</xref>
</phrase>
</ptxt>
</item>
<item>
<ptxt>
<phrase category="" id="KC09292555" phrase-urn="urn:x-nevis:phrase:0800c8af826d6b03">To replace the #@#@#34# see <xref>
<ref id="KC09292556"/>
</xref>
</phrase>
</ptxt>
</item>
<item>
<ptxt>
<phrase category="" id="KC09292557" phrase-urn="urn:x-nevis:phrase:0800c8af826d6b12">For information#@#@#15# see <xref>
<ref id="KC09292558"/>
</xref>. </phrase>
</ptxt>
</item>
</list1>
<diaglist>
<dgraphic>
<dgraphic1>
<graphic id="KC09292559">
<href>0900c8af8005444#@#@#9#.jpeg</href>
</graphic>
</dgraphic1>
<dgraphic2>
<graphic id="KC09292560">
<href>0900c8af86c8681#@#@#9#.jpeg</href>
</graphic>
<smarttool active="press" id="KC09292561" toolname="XTCMA573"/>
</dgraphic2>
</dgraphic>
<ditem>
<ditemtext>
<ptxt>
<phrase category="" id="KC09292562" phrase-urn="urn:x-nevis:phrase:0800c8af826d6b23"/>
</ptxt>
</ditemtext>
</ditem>
</diaglist>
</test2>
</test1>
<question>
Was a fault de#@#@#3#ted?
</question>
<resact-grp>
<result button="yes" comp="button" highlight="0"/>
<action j2008use="1" paperuse="1" screenuse="1">
<ptxt>
<xref>
<ref id="KC09292564"/>
</xref>
</ptxt>
</action>
</resact-grp>
<resact-grp>
<result button="no" comp="button" highlight="0"/>
<action j2008use="1" paperuse="1" screenuse="1">
<ptxt>
<xref>
<ref id="KC09292565"/>
</xref>
</ptxt>
</action>
</resact-grp>
</node>
</testgrp>
<testgrp id="KC01318416" j2008use="1" paperuse="1" resumable="1" screenuse="1" testgrp-id="node4" x="120" y="240">
<title>
<phrase category="" id="KC09292566" phrase-urn="urn:x-nevis:phrase:0800c8af826d6b3d">Checking the wi#@#@#13#onent</phrase>
</title>
<node>
<test1>
<diaglist>
<dgraphic>
<dgraphic1>
<graphic id="KC09292567">
<href>0900c8af80054d4#@#@#9#.jpeg</href>
</graphic>
</dgraphic1>
</dgraphic>
<ditem>
<ptxt>
<phrase category="" id="KC09292568" phrase-urn="urn:x-nevis:phrase:0800c8af826d6b4e">Ignition off</phrase>
</ptxt>
</ditem>
<ditem>
<ptxt>
<phrase category="" id="KC09292569" phrase-urn="urn:x-nevis:phrase:0800c8af826d6b5e">Open the transm#@#@#17#stem.</phrase>
</ptxt>
</ditem>
</diaglist>
<test2>
<para>
<ptxt>
<phrase category="" id="KC09292570" phrase-urn="urn:x-nevis:phrase:0800c8af826d6b70">Check the cable#@#@#166#tage.</phrase>
</ptxt>
</para>
<para>
<ptxt>
<phrase category="" id="KC09292571" phrase-urn="urn:x-nevis:phrase:0800c8af826d6b80">Check the signa#@#@#156#tage.</phrase>
</ptxt>
</para>
<para>
<ptxt>
<phrase category="" id="KC09292572" phrase-urn="urn:x-nevis:phrase:0800c8af826d6b90">Remedy as necessary.</phrase>
</ptxt>
</para>
<list1 enumtype="d" type="unordered">
<title>
<phrase category="" id="KC09292573" phrase-urn="urn:x-nevis:phrase:0800c8af826d6b9f">Other information:</phrase>
</title>
<item>
<ptxt>
<phrase category="" id="KC09292574" phrase-urn="urn:x-nevis:phrase:0800c8af826d6bb1">To open the tra#@#@#25# see <xref>
<ref id="KC09292575"/>
</xref>
</phrase>
</ptxt>
</item>
<item>
<ptxt>
<phrase category="" id="KC09292576" phrase-urn="urn:x-nevis:phrase:0800c8af826d6bc1">To connect the #@#@#43# see <xref>
<ref id="KC09292577"/>
</xref>
</phrase>
</ptxt>
</item>
<item>
<ptxt>
<phrase category="" id="KC09292578" phrase-urn="urn:x-nevis:phrase:0800c8af826d6bd0">To replace the #@#@#26# see <xref>
<ref id="KC09292579"/>
</xref>
</phrase>
</ptxt>
</item>
<item>
<ptxt>
<phrase category="" id="KC09292580" phrase-urn="urn:x-nevis:phrase:0800c8af826d6be2">To replace the #@#@#14# see <xref>
<ref id="KC09292581"/>
</xref>
</phrase>
</ptxt>
</item>
<item>
<ptxt>
<phrase category="" id="KC09292582" phrase-urn="urn:x-nevis:phrase:0800c8af826d6bf3">For information#@#@#15# see <xref>
<ref id="KC09292583"/>
</xref>
</phrase>
</ptxt>
</item>
<item>
<ptxt>
<phrase category="" id="KC09292584" phrase-urn="urn:x-nevis:phrase:0800c8af826d6c04">
<xref>
<ref id="KC09292585"/>
</xref>
</phrase>
</ptxt>
</item>
</list1>
<diaglist>
<dgraphic>
<dgraphic1>
<graphic id="KC09292586">
<href>0900c8af8005444#@#@#9#.jpeg</href>
</graphic>
</dgraphic1>
<dgraphic2>
<graphic id="KC09292587">
<href>0900c8af80054d4#@#@#9#.jpeg</href>
</graphic>
<smarttool active="press" id="KC09292588" toolname="ODAH"/>
</dgraphic2>
</dgraphic>
<ditem>
<ditemtext>
<ptxt>
<phrase category="" id="KC09292589" phrase-urn="urn:x-nevis:phrase:0800c8af826d6c16"/>
</ptxt>
</ditemtext>
</ditem>
</diaglist>
</test2>
</test1>
<question>
Select Continue.
</question>
<resact-grp>
<result button="cont" comp="button" highlight="0"/>
<action j2008use="1" paperuse="1" screenuse="1">
<ptxt>
<xref>
<ref id="KC09292591"/>
</xref>
</ptxt>
</action>
</resact-grp>
</node>
</testgrp>
<testgrp id="KC01318417" j2008use="1" paperuse="1" resumable="1" screenuse="1" testgrp-id="adapt" x="120" y="320">
<title>
<phrase category="" id="KC09292592" phrase-urn="urn:x-nevis:phrase:0800c8af826d6c2f">Resetting the “#@#@#42#unter</phrase>
</title>
<subcalloutnode>
<diagcallout>
<xref>
<ref id="KC09292593"/>
</xref>
</diagcallout>
<rescall-grp>
<result comp="string" highlight="0" op="eq" return="DONE"/>
<calloutaction>
<ptxt>
<xref>
<ref id="KC09292594"/>
</xref>
</ptxt>
</calloutaction>
</rescall-grp>
</subcalloutnode>
</testgrp>
<testgrp id="KC01318418" j2008use="1" paperuse="1" resumable="1" screenuse="1" testgrp-id="veri1" x="280" y="80">
<title>
<phrase category="" id="KC09292595" phrase-urn="urn:x-nevis:phrase:0800c8af826d6c40">Verification</phrase>
</title>
<subcalloutnode>
<diagcallout>
<xref>
<ref id="KC09292596"/>
</xref>
</diagcallout>
<rescall-grp>
<result comp="string" highlight="0" op="eq" return="VERIFIED"/>
<calloutaction>
<return value="FAULT FOUND"/>
</calloutaction>
</rescall-grp>
<rescall-grp>
<result comp="string" highlight="0" op="eq" return="VERIFICATION FAILED"/>
<calloutaction>
<ptxt>
<xref>
<ref id="KC09292597"/>
</xref>
</ptxt>
</calloutaction>
</rescall-grp>
<rescall-grp>
<result comp="string" highlight="0" op="eq" return="PAPER"/>
<calloutaction>
<return value="FAULT NOT FOUND"/>
</calloutaction>
</rescall-grp>
</subcalloutnode>
</testgrp>
<testgrp id="KC01318419" j2008use="1" paperuse="0" resumable="1" screenuse="1" testgrp-id="info1" x="440" y="80">
<title>
<phrase category="" id="KC09292598" phrase-urn="urn:x-nevis:phrase:0800c8af826d6c50">Fault-tracing i#@#@#5#ation</phrase>
</title>
<subcalloutnode>
<diagcallout>
<xref>
<ref id="KC09292599"/>
</xref>
</diagcallout>
<rescall-grp>
<result comp="string" highlight="0" op="eq" return="FAULTTRACING FAILED"/>
<calloutaction>
<return value="FAULTTRACING FAILED"/>
</calloutaction>
</rescall-grp>
<rescall-grp>
<result comp="string" highlight="0" op="eq" return="NEW TRY"/>
<calloutaction>
<ptxt>
<xref>
<ref id="KC09292600"/>
</xref>
</ptxt>
</calloutaction>
</rescall-grp>
</subcalloutnode>
</testgrp>
<testgrp id="KC01318420" j2008use="1" paperuse="1" resumable="1" screenuse="1" testgrp-id="intnode" x="280" y="160">
<title>
<phrase category="" id="KC09292601" phrase-urn="urn:x-nevis:phrase:0800c8af826d6c61">Intermittent fault</phrase>
</title>
<node>
<test1>
<diaglist>
<dgraphic>
<dgraphic1>
<graphic id="KC09292602">
<href>0900c8af80054d4#@#@#9#.jpeg</href>
</graphic>
</dgraphic1>
</dgraphic>
<ditem>
<ptxt>
<phrase category="" id="KC09292603" phrase-urn="urn:x-nevis:phrase:0800c8af826d6c72">Ignition off.</phrase>
</ptxt>
</ditem>
</diaglist>
<test2>
<para>
<ptxt>
<phrase category="" id="KC09292604" phrase-urn="urn:x-nevis:phrase:0800c8af826d6c84">Check the power#@#@#157#tage.</phrase>
</ptxt>
</para>
<para>
<ptxt>
<phrase category="" id="KC09292605" phrase-urn="urn:x-nevis:phrase:0800c8af826d6c94">Check the signa#@#@#151#tage.</phrase>
</ptxt>
</para>
<para>
<ptxt>
<phrase category="" id="KC09292606" phrase-urn="urn:x-nevis:phrase:0800c8af826d6ca4">Remedy as necessary.</phrase>
</ptxt>
</para>
<list1 enumtype="d" type="unordered">
<title>
<phrase category="" id="KC09292607" phrase-urn="urn:x-nevis:phrase:0800c8af826d6cb5">Other information</phrase>
</title>
<item>
<ptxt>
<phrase category="" id="KC09292608" phrase-urn="urn:x-nevis:phrase:0800c8af826d6cc7">To connect the #@#@#13# see <xref>
<ref id="KC09292609"/>
</xref>
</phrase>
</ptxt>
</item>
<item>
<ptxt>
<phrase category="" id="KC09292610" phrase-urn="urn:x-nevis:phrase:0800c8af826d6cd6">To disconnect t#@#@#18# see <xref>
<ref id="KC09292611"/>
</xref>
</phrase>
</ptxt>
</item>
<item>
<ptxt>
<phrase category="" id="KC09292612" phrase-urn="urn:x-nevis:phrase:0800c8af826d6ce6">To connect the #@#@#43# see <xref>
<ref id="KC09292613"/>
</xref>
</phrase>
</ptxt>
</item>
<item>
<ptxt>
<phrase category="" id="KC09292614" phrase-urn="urn:x-nevis:phrase:0800c8af826d6cf7">For information#@#@#15# see <xref>
<ref id="KC09292615"/>
</xref>
</phrase>
</ptxt>
</item>
<item>
<ptxt>
<phrase category="" id="KC09292616" phrase-urn="urn:x-nevis:phrase:0800c8af826d67ad">
<xref>
<ref id="KC09292617"/>
</xref>
</phrase>
</ptxt>
</item>
</list1>
<diaglist>
<dgraphic>
<dgraphic2>
<graphic id="KC09292618">
<href>0900c8af80054d4#@#@#9#.jpeg</href>
</graphic>
<smarttool active="press" id="KC09292619" toolname="VDCDAH"/>
</dgraphic2>
</dgraphic>
<ditem>
<ditemtext>
<ptxt>
<phrase category="" id="KC09292620" phrase-urn="urn:x-nevis:phrase:0800c8af826d67c0"/>
</ptxt>
</ditemtext>
</ditem>
</diaglist>
<grate>
<graphic id="KC09292621">
<href>0900c8af800552c#@#@#9#.jpeg</href>
</graphic>
</grate>
</test2>
</test1>
<question>
Select Continue.
</question>
<resact-grp>
<result button="cont" comp="button" highlight="0"/>
<action j2008use="1" paperuse="1" screenuse="1">
<ptxt>
<xref>
<ref id="KC09292623"/>
</xref>
</ptxt>
</action>
</resact-grp>
</node>
</testgrp>
<testgrp id="KC01318421" j2008use="1" paperuse="1" resumable="1" screenuse="1" testgrp-id="info2" x="440" y="160">
<title>
<phrase category="" id="KC09292624" phrase-urn="urn:x-nevis:phrase:0800c8af826d67df">Diagnostic trou#@#@#21#ation</phrase>
</title>
<subcalloutnode>
<diagcallout>
<xref>
<ref id="KC09292625"/>
</xref>
</diagcallout>
<rescall-grp>
<result comp="string" highlight="0" op="eq" return="NEW TRY"/>
<calloutaction>
<ptxt>
<xref>
<ref id="KC09292626"/>
</xref>
</ptxt>
</calloutaction>
</rescall-grp>
<rescall-grp>
<result comp="string" highlight="0" op="eq" return="FAULT FOUND"/>
<calloutaction>
<return value="FAULT FOUND"/>
</calloutaction>
</rescall-grp>
</subcalloutnode>
</testgrp>
</diagnostic>
</servinfosub>