<?xml version="1.0" encoding="UTF-8"?><servinfosub IE-ID="en-US0900c8af844d3211" docno="VCC-370736" id="nev13715607n1" original="sv-SE" servinfosubId="nev13715608n1-nev13715616n1" servinfosubRes="0900c8af844d3219" servinfosubRes2="urn:x-nevis:fragment:0900c8af844d3211:0900c8af844d3219#nev13715616n1" xml:lang="en-US">
<title id="nev13715606n86">Boot, driveshaf#@#@#28#outer</title>
<imagedisclaimer id="nev13715608n1-nev13715615n70"/>
<toolitemtable id="nev13715608n1-nev13715620n1">
<table id="nev13715608n1-nev13715620n2">
<tgroup cols="2" id="nev13715608n1-nev13715620n3">
<colspec colname="COLSPEC0" colwidth="1.00*" id="nev13715608n1-nev13715620n4"/>
<colspec colname="COLSPEC1" colwidth="1.00*" id="nev13715608n1-nev13715620n5"/>
<thead id="nev13715608n1-nev13715620n6">
<row id="nev13715608n1-nev13715620n7">
<entry id="nev13715608n1-nev13715620n8" nameend="COLSPEC1" namest="COLSPEC0" valign="top">
<ptxt id="nev13715608n1-nev13715620n9">
<emph id="nev13715608n1-nev13715620n10">Special tool</emph>
</ptxt>
</entry>
</row>
</thead>
<tbody id="nev13715608n1-nev13715620n11">
<row id="nev13715608n1-nev13715620n12">
<entry id="nev13715608n1-nev13715620n13">
<graphic id="nev13715608n1-nev13715620n14"/>
</entry>
<entry id="nev13715608n1-nev13715620n15">
<ptxt id="nev13715608n1-nev13715620n16">
<emph id="nev13715608n1-nev13715620n17">T9997161 DRIFT</emph>
</ptxt>
<ptxt id="nev13715608n1-nev13715620n18">
<emph id="nev13715608n1-nev13715620n19">Tool number: </emph>T9997161</ptxt>
<ptxt id="nev13715608n1-nev13715620n20">
<emph id="nev13715608n1-nev13715620n21">Tool description: </emph>DRIFT</ptxt>
<ptxt id="nev13715608n1-nev13715620n22">
<emph id="nev13715608n1-nev13715620n23">Tool boards: </emph>
</ptxt>
</entry>
</row>
</tbody>
</tgroup>
</table>
</toolitemtable>
<materialtable id="nev13715608n1-nev13715620n24">
<table id="nev13715608n1-nev13715620n25">
<tgroup cols="2" id="nev13715608n1-nev13715620n26">
<colspec colname="COLSPEC0" colwidth="1.00*" id="nev13715608n1-nev13715620n27"/>
<colspec colname="COLSPEC1" colwidth="1.00*" id="nev13715608n1-nev13715620n28"/>
<thead id="nev13715608n1-nev13715620n29">
<row id="nev13715608n1-nev13715620n30">
<entry id="nev13715608n1-nev13715620n31" nameend="COLSPEC1" namest="COLSPEC0" valign="top">
<ptxt id="nev13715608n1-nev13715620n32">
<emph id="nev13715608n1-nev13715620n33">Materials:</emph>
</ptxt>
</entry>
</row>
</thead>
<tbody id="nev13715608n1-nev13715620n34">
<row id="nev13715608n1-nev13715620n35">
<entry id="nev13715608n1-nev13715620n36">
<ptxt id="nev13715608n1-nev13715620n37">
<emph id="nev13715608n1-nev13715620n38">Designation</emph>
</ptxt>
</entry>
<entry id="nev13715608n1-nev13715620n39">
<ptxt id="nev13715608n1-nev13715620n40">
<emph id="nev13715608n1-nev13715620n41">Part number</emph>
</ptxt>
</entry>
</row>
<row id="nev13715608n1-nev13715620n42">
<entry id="nev13715608n1-nev13715620n43">
<ptxt id="nev13715608n1-nev13715620n44">Spray wax</ptxt>
</entry>
<entry id="nev13715608n1-nev13715620n45">
<ptxt id="nev13715608n1-nev13715620n46">30787812</ptxt>
</entry>
</row>
</tbody>
</tgroup>
</table>
</materialtable>
<procedure id="nev13715608n1-nev13715615n71">
<stepgrp boilerplate="true" context="removal" id="nev13715608n1-nev13715615n72">
<procstep id="nev13715608n1-nev13715615n73">
<title id="nev13715608n1-nev13715615n74"/>
<list1 boilerplate="true" context="remove" enumtype="d" id="nev13715608n1-nev13715615n75" type="unordered">
<item id="nev13715608n1-nev13715615n76">
<ptxt id="nev13715608n1-nev13715615n77">left driveshaft. <xref boilerplate="true" id="nev13715608n1-nev13715615n78">
<ref id="nev13715608n1-nev13715615n79"/>
</xref>
</ptxt>
</item>
<item id="nev13715608n1-nev13715615n80">
<ptxt id="nev13715608n1-nev13715615n81">right drive shaft. <xref boilerplate="true" id="nev13715608n1-nev13715615n82">
<ref id="nev13715608n1-nev13715615n83"/>
</xref>
</ptxt>
</item>
</list1>
</procstep>
<procstep id="nev13715608n1-nev13715615n84">
<title id="nev13715608n1-nev13715615n85"/>
<grate id="nev13715608n1-nev13715615n86">
<graphic id="nev13715608n1-nev13715615n87">
<href>0900c8af8348671#@#@#9#.jpeg</href>
</graphic>
</grate>
</procstep>
<procstep id="nev13715608n1-nev13715615n88">
<title id="nev13715608n1-nev13715615n89"/>
<grate id="nev13715608n1-nev13715615n90">
<graphic id="nev13715608n1-nev13715615n91">
<href>0900c8af8348673#@#@#9#.jpeg</href>
</graphic>
</grate>
</procstep>
<procstep id="nev13715608n1-nev13715615n92">
<title id="nev13715608n1-nev13715615n93"/>
<grate id="nev13715608n1-nev13715615n94">
<graphic id="nev13715608n1-nev13715615n95">
<href>0900c8af834869e#@#@#9#.jpeg</href>
</graphic>
<graphtext id="nev13715608n1-nev13715618n49">
<para id="nev13715608n1-nev13715618n50">
<ptxt id="nev13715608n1-nev13715618n51">
<toolitem boilerplate="true" id="nev13715608n1-nev13715618n52" imageid="0900c8af823395e6"/>
</ptxt>
</para>
</graphtext>
</grate>
</procstep>
<procstep id="nev13715608n1-nev13715615n96">
<title id="nev13715608n1-nev13715615n97"/>
<grate id="nev13715608n1-nev13715615n98">
<graphic id="nev13715608n1-nev13715615n99">
<href>0900c8af8348678#@#@#9#.jpeg</href>
</graphic>
</grate>
</procstep>
<procstep id="nev13715608n1-nev13715615n100">
<title id="nev13715608n1-nev13715618n1"/>
<grate id="nev13715608n1-nev13715618n2">
<graphic id="nev13715608n1-nev13715618n3">
<href>0900c8af834867a#@#@#9#.jpeg</href>
</graphic>
</grate>
</procstep>
<procstep id="nev13715608n1-nev13715618n4">
<title id="nev13715608n1-nev13715618n5"/>
<grate id="nev13715608n1-nev13715618n6">
<graphic id="nev13715608n1-nev13715618n7">
<href>0900c8af834867b#@#@#9#.jpeg</href>
</graphic>
</grate>
</procstep>
</stepgrp>
<stepgrp boilerplate="true" context="installation" id="nev13715608n1-nev13715618n8">
<procstep id="nev13715608n1-nev13715618n9">
<title id="nev13715608n1-nev13715618n10"/>
<grate id="nev13715608n1-nev13715618n11">
<graphic id="nev13715608n1-nev13715618n12">
<href>0900c8af834867a#@#@#9#.jpeg</href>
</graphic>
</grate>
</procstep>
<procstep id="nev13715608n1-nev13715618n13">
<title id="nev13715608n1-nev13715618n14"/>
<grate id="nev13715608n1-nev13715618n15">
<graphic id="nev13715608n1-nev13715618n16">
<href>0900c8af8348678#@#@#9#.jpeg</href>
</graphic>
</grate>
</procstep>
<procstep id="nev13715608n1-nev13715618n17">
<title id="nev13715608n1-nev13715618n18"/>
<grate id="nev13715608n1-nev13715618n19">
<graphic id="nev13715608n1-nev13715618n20">
<href>0900c8af834869f#@#@#9#.jpeg</href>
</graphic>
</grate>
</procstep>
<procstep id="nev13715608n1-nev13715618n21">
<title id="nev13715608n1-nev13715618n22"/>
<grate id="nev13715608n1-nev13715618n23">
<graphic id="nev13715608n1-nev13715618n24">
<href>0900c8af83486a0#@#@#9#.jpeg</href>
</graphic>
<graphtext id="nev13715608n1-nev13715618n25">
<para id="nev13715608n1-nev13715618n26">
<ptxt id="nev13715608n1-nev13715618n27">Apply the corre#@#@#16#ase. <xref boilerplate="true" id="nev13715608n1-nev13715618n28">
<ref id="nev13715608n1-nev13715618n29"/>
</xref>
</ptxt>
</para>
</graphtext>
</grate>
</procstep>
<procstep id="nev13715608n1-nev13715618n30">
<title id="nev13715608n1-nev13715618n31"/>
<grate id="nev13715608n1-nev13715618n32">
<graphic id="nev13715608n1-nev13715618n33">
<href>0900c8af834867e#@#@#9#.jpeg</href>
</graphic>
</grate>
</procstep>
<procstep id="nev13715608n1-nev13715618n34">
<title id="nev13715608n1-nev13715618n35"/>
<grate id="nev13715608n1-nev13715618n36">
<graphic id="nev13715608n1-nev13715618n37">
<href>0900c8af834867f#@#@#9#.jpeg</href>
</graphic>
</grate>
</procstep>
<procstep id="nev13715608n1-nev13715618n38">
<title id="nev13715608n1-nev13715618n39"/>
<list1 boilerplate="true" context="install" enumtype="d" id="nev13715608n1-nev13715618n40" type="unordered">
<item id="nev13715608n1-nev13715618n41">
<ptxt id="nev13715608n1-nev13715618n42">left driveshaft. <xref boilerplate="true" id="nev13715608n1-nev13715618n43">
<ref id="nev13715608n1-nev13715618n44"/>
</xref>
</ptxt>
</item>
<item id="nev13715608n1-nev13715618n45">
<ptxt id="nev13715608n1-nev13715618n46">right drive shaft. <xref boilerplate="true" id="nev13715608n1-nev13715618n47">
<ref id="nev13715608n1-nev13715618n48"/>
</xref>
</ptxt>
</item>
</list1>
</procstep>
<procstep id="nev13715608n1-nev13715620n47">
<title id="nev13715608n1-nev13715620n48"/>
<grate id="nev13715608n1-nev13715620n49">
<graphic id="nev13715608n1-nev13715620n50"/>
<graphtext id="nev13715608n1-nev13715620n51">
<para id="nev13715608n1-nev13715620n52">
<ptxt id="nev13715608n1-nev13715620n53">
<material id="nev13715608n1-nev13715620n54" materialid="30787812" materialname="Spray wax"/>
</ptxt>
</para>
</graphtext>
</grate>
</procstep>
</stepgrp>
</procedure>
</servinfosub>