<?xml version="1.0" encoding="UTF-8"?><servinfosub IE-ID="en-US0900c8af8833ae0d" docno="VCC-473642" id="nev21337280n1" original="sv-SE" servinfosubId="nev21337281n1-nev25810575n1" servinfosubRes="0900c8af8833ae55" servinfosubRes2="urn:x-nevis:fragment:0900c8af8833ae0d:0900c8af8833ae55#nev25810575n1" xml:lang="en-US">
<operationnumbers>
<operationnumber>37206-2</operationnumber>
</operationnumbers>
<title id="nev21337280n2">Central Electro#@#@#11#(CEM)</title>
<procedure id="nev21337281n1-nev26733852n2">
<stepgrp boilerplate="false" context="" id="nev21337281n1-nev30277256n24">
<title id="nev21337281n1-0800c8af844a46f6">Removal</title>
<procstep id="nev21337281n1-nev26735525n14">
<note id="nev21337281n1-0800c8af844a42fa">
<ptxt>Removal steps i#@#@#45#ails.</ptxt>
</note>
</procstep>
<procstep id="nev21337281n1-nev26735525n12">
<para id="nev21337281n1-nev30277256n22">
<ptxt id="nev21337281n1-nev30277256n23">Perform battery#@#@#24#cting<xref boilerplate="true" id="nev21337281n1-0800c8af847c5da5">
<ref id="nev21337281n1-nev26735525n9"/>
</xref>
</ptxt>
</para>
</procstep>
<procstep id="nev21337281n1-nev26735525n7">
<grate id="nev21337281n1-nev30277256n20">
<graphic id="nev21337281n1-nev30277256n21">
<href>0900c8af877d7f9#@#@#9#.jpeg</href>
</graphic>
<graphtext id="nev21337281n1-nev30277348n1">
<note id="nev21337281n1-0800c8af85b47f49">
<ptxt>Orientation view</ptxt>
</note>
</graphtext>
</grate>
</procstep>
<procstep id="nev21337281n1-nev26735525n3">
<grate id="nev21337281n1-nev30277256n18">
<graphic id="nev21337281n1-nev30277256n19">
<href>0900c8af877d7f9#@#@#9#.jpeg</href>
</graphic>
<graphtext id="nev21337281n1-nev30277352n1">
<note id="nev21337281n1-0800c8af85b47f49">
<ptxt>Orientation view</ptxt>
</note>
</graphtext>
</grate>
</procstep>
<procstep id="nev21337281n1-nev26769813n91">
<para id="nev21337281n1-nev30277256n16">
<ptxt id="nev21337281n1-nev30277256n17">Remove airbag d#@#@#12# knee<xref boilerplate="true" id="nev21337281n1-0800c8af8589ab9e">
<ref id="nev21337281n1-nev26770320n84"/>
</xref>
</ptxt>
</para>
</procstep>
<procstep id="nev21337281n1-nev27245421n91">
<grate id="nev21337281n1-nev30277256n14">
<graphic id="nev21337281n1-nev30277256n15">
<href>0900c8af8790291#@#@#9#.jpeg</href>
</graphic>
<graphtext id="nev21337281n1-nev30277359n1">
<note id="nev21337281n1-0800c8af85df4c6e">
<ptxt>The graphic sho#@#@#39#oval.</ptxt>
</note>
</graphtext>
</grate>
</procstep>
<procstep id="nev21337281n1-nev27245421n87">
<grate id="nev21337281n1-nev30277256n12">
<graphic id="nev21337281n1-nev30277256n13">
<href>0900c8af8790291#@#@#9#.jpeg</href>
</graphic>
<graphtext id="nev21337281n1-nev30277363n1">
<para id="nev21337281n1-nev30277256n10">
<ptxt id="nev21337281n1-nev30277256n11">Remove the screws.</ptxt>
</para>
<para id="nev21337281n1-nev30277256n8">
<ptxt id="nev21337281n1-nev30277256n9">Loosen the mark#@#@#13#ails.</ptxt>
</para>
</graphtext>
</grate>
</procstep>
<procstep id="nev21337281n1-nev27245421n80">
<grate id="nev21337281n1-nev30277256n6">
<graphic id="nev21337281n1-nev30277256n7">
<href>0900c8af8790291#@#@#9#.jpeg</href>
</graphic>
<graphtext id="nev21337281n1-nev30277367n1">
<para id="nev21337281n1-nev30277256n4">
<ptxt id="nev21337281n1-nev30277256n5">Disconnect the #@#@#5#ctor.</ptxt>
</para>
</graphtext>
</grate>
</procstep>
<procstep id="nev21337281n1-nev26736060n97">
<grate id="nev21337281n1-nev30277256n2">
<graphic id="nev21337281n1-nev30277256n3">
<href>0900c8af877d7ec#@#@#9#.jpeg</href>
</graphic>
<graphtext id="nev21337281n1-nev30277371n1">
<para id="nev21337281n1-nev30277340n100">
<ptxt id="nev21337281n1-nev30277256n1">Remove the screw.</ptxt>
</para>
<para id="nev21337281n1-nev30277340n98">
<ptxt id="nev21337281n1-nev30277340n99">
<torque id="nev21337281n1-nev26736060n92">
<ref id="nev21337281n1-nev26736060n90"/>
</torque>
</ptxt>
</para>
</graphtext>
</grate>
</procstep>
<procstep id="nev21337281n1-nev26736060n88">
<grate id="nev21337281n1-nev30277340n96">
<graphic id="nev21337281n1-nev30277340n97">
<href>0900c8af877d7ec#@#@#9#.jpeg</href>
</graphic>
<graphtext id="nev21337281n1-nev30277378n1">
<para id="nev21337281n1-nev30277340n94">
<ptxt id="nev21337281n1-nev30277340n95">Remove the clip.</ptxt>
</para>
<para id="nev21337281n1-nev30277340n92">
<ptxt id="nev21337281n1-nev30277340n93">Check that the #@#@#84#ones.</ptxt>
</para>
</graphtext>
</grate>
</procstep>
<procstep id="nev21337281n1-nev26736060n81">
<grate id="nev21337281n1-nev30277340n90">
<graphic id="nev21337281n1-nev30277340n91">
<href>0900c8af877d7ec#@#@#9#.jpeg</href>
</graphic>
<graphtext id="nev21337281n1-nev30277382n1">
<para id="nev21337281n1-nev30277340n88">
<ptxt id="nev21337281n1-nev30277340n89">Remove the mark#@#@#3#part.</ptxt>
</para>
</graphtext>
</grate>
</procstep>
<procstep id="nev21337281n1-nev26736060n76">
<grate id="nev21337281n1-nev30277340n86">
<graphic id="nev21337281n1-nev30277340n87">
<href>0900c8af864ce32#@#@#9#.jpeg</href>
</graphic>
<graphtext id="nev21337281n1-nev30277386n1">
<note id="nev21337281n1-0800c8af844a43ad">
<ptxt>Make sure that #@#@#24#lled.</ptxt>
</note>
</graphtext>
</grate>
</procstep>
<procstep id="nev21337281n1-nev26736060n72">
<grate id="nev21337281n1-nev30277340n84">
<graphic id="nev21337281n1-nev30277340n85">
<href>0900c8af864ce32#@#@#9#.jpeg</href>
</graphic>
<graphtext id="nev21337281n1-nev30277390n1">
<para id="nev21337281n1-nev30277340n82">
<ptxt id="nev21337281n1-nev30277340n83">Fold marked par#@#@#3#side.</ptxt>
</para>
</graphtext>
</grate>
</procstep>
<procstep id="nev21337281n1-nev26736060n67">
<grate id="nev21337281n1-nev30277340n80">
<graphic id="nev21337281n1-nev30277340n81">
<href>0900c8af864ce32#@#@#9#.jpeg</href>
</graphic>
<graphtext id="nev21337281n1-nev30277394n1">
<para id="nev21337281n1-nev30277340n78">
<ptxt id="nev21337281n1-nev30277340n79">Remove the screw.</ptxt>
</para>
<para id="nev21337281n1-nev30277340n76">
<ptxt id="nev21337281n1-nev30277340n77">
<torque id="nev21337281n1-nev26736060n62">
<ref id="nev21337281n1-nev26736060n60"/>
</torque>
</ptxt>
</para>
</graphtext>
</grate>
</procstep>
<procstep id="nev21337281n1-nev26736060n58">
<grate id="nev21337281n1-nev30277340n74">
<graphic id="nev21337281n1-nev30277340n75">
<href>0900c8af864ce32#@#@#9#.jpeg</href>
</graphic>
<graphtext id="nev21337281n1-nev30277401n1">
<para id="nev21337281n1-nev30277340n72">
<ptxt id="nev21337281n1-nev30277340n73">Fold marked par#@#@#3#side.</ptxt>
</para>
</graphtext>
</grate>
</procstep>
<procstep id="nev21337281n1-nev26736060n53">
<grate id="nev21337281n1-nev30277340n70">
<graphic id="nev21337281n1-nev30277340n71">
<href>0900c8af864ce32#@#@#9#.jpeg</href>
</graphic>
<graphtext id="nev21337281n1-nev30277405n1">
<para id="nev21337281n1-nev30277340n68">
<ptxt id="nev21337281n1-nev30277340n69">Remove the screw.</ptxt>
</para>
<para id="nev21337281n1-nev30277340n66">
<ptxt id="nev21337281n1-nev30277340n67">
<torque id="nev21337281n1-nev26736060n48">
<ref id="nev21337281n1-nev26736060n46"/>
</torque>
</ptxt>
</para>
</graphtext>
</grate>
</procstep>
<procstep id="nev21337281n1-nev26736060n44">
<grate id="nev21337281n1-nev30277340n64">
<graphic id="nev21337281n1-nev30277340n65">
<href>0900c8af864ce32#@#@#9#.jpeg</href>
</graphic>
<graphtext id="nev21337281n1-nev30277412n1">
<para id="nev21337281n1-nev30277340n62">
<ptxt id="nev21337281n1-nev30277340n63">Remove the clips.</ptxt>
</para>
</graphtext>
</grate>
</procstep>
<procstep id="nev21337281n1-nev26736060n39">
<grate id="nev21337281n1-nev30277340n60">
<graphic id="nev21337281n1-nev30277340n61">
<href>0900c8af864d469#@#@#9#.jpeg</href>
</graphic>
<graphtext id="nev21337281n1-nev30277416n1">
<note id="nev21337281n1-0800c8af844a43a5">
<ptxt>Make sure that #@#@#43#aged.</ptxt>
</note>
<para id="nev21337281n1-nev30277340n58">
<ptxt id="nev21337281n1-nev30277340n59">Disconnect the #@#@#6#tors.</ptxt>
</para>
</graphtext>
</grate>
</procstep>
<procstep id="nev21337281n1-nev26736060n33">
<grate id="nev21337281n1-nev30277340n56">
<graphic id="nev21337281n1-nev30277340n57">
<href>0900c8af864ce32#@#@#9#.jpeg</href>
</graphic>
</grate>
</procstep>
<procstep id="nev21337281n1-nev26736060n30">
<grate id="nev21337281n1-nev30277340n54">
<graphic id="nev21337281n1-nev30277340n55">
<href>0900c8af864ce32#@#@#9#.jpeg</href>
</graphic>
<graphtext id="nev21337281n1-nev30277423n1">
<para id="nev21337281n1-nev30277340n52">
<ptxt id="nev21337281n1-nev30277340n53">Loosen the clips.</ptxt>
</para>
<para id="nev21337281n1-nev30277340n50">
<ptxt id="nev21337281n1-nev30277340n51">Fold marked par#@#@#3#side.</ptxt>
</para>
</graphtext>
</grate>
</procstep>
<procstep id="nev21337281n1-nev26736060n23">
<grate id="nev21337281n1-nev30277340n48">
<graphic id="nev21337281n1-nev30277340n49">
<href>0900c8af864ce32#@#@#9#.jpeg</href>
</graphic>
<graphtext id="nev21337281n1-nev30277427n1">
<para id="nev21337281n1-nev30277340n46">
<ptxt id="nev21337281n1-nev30277340n47">Remove the screws.</ptxt>
</para>
</graphtext>
</grate>
</procstep>
<procstep id="nev21337281n1-nev26736060n18">
<grate id="nev21337281n1-nev30277340n44">
<graphic id="nev21337281n1-nev30277340n45">
<href>0900c8af864ce33#@#@#9#.jpeg</href>
</graphic>
<graphtext id="nev21337281n1-nev30277431n1">
<para id="nev21337281n1-nev30277340n42">
<ptxt id="nev21337281n1-nev30277340n43">Disconnect the #@#@#5#ctor.</ptxt>
</para>
</graphtext>
</grate>
</procstep>
<procstep id="nev21337281n1-nev26736060n13">
<grate id="nev21337281n1-nev30277340n40">
<graphic id="nev21337281n1-nev30277340n41">
<href>0900c8af864d469#@#@#9#.jpeg</href>
</graphic>
</grate>
</procstep>
</stepgrp>
<stepgrp boilerplate="false" context="" id="nev21337281n1-nev30277340n39">
<title id="nev21337281n1-0800c8af844a46f9">Installation</title>
<procstep id="nev21337281n1-nev26736060n8">
<para id="nev21337281n1-nev30277340n37">
<ptxt id="nev21337281n1-nev30277340n38">To install, rev#@#@#22#dure.</ptxt>
</para>
</procstep>
<procstep id="nev21337281n1-nev26736060n5">
<note id="nev21337281n1-0800c8af84b963cf">
<ptxt>The following s#@#@#51#nent.</ptxt>
</note>
</procstep>
<procstep id="nev21337281n1-nev26736060n3">
<para id="nev21337281n1-nev30277340n35">
<ptxt id="nev21337281n1-nev30277340n36">Order and downl#@#@#35#WARE.</ptxt>
</para>
</procstep>
<procstep id="nev21337281n1-nev26736061n100">
<para id="nev21337281n1-nev30277340n33">
<ptxt id="nev21337281n1-nev30277340n34">Calibration acc#@#@#169#ensor</ptxt>
</para>
</procstep>
<procstep id="nev21337281n1-nev29715449n31">
<note id="nev21337281n1-0800c8af881bb198">
<ptxt>This step is on#@#@#168#HVCH.</ptxt>
</note>
</procstep>
<procstep id="nev21337281n1-nev29741361n64">
<para id="nev21337281n1-nev30277340n31">
<ptxt id="nev21337281n1-nev30277340n32">Clear parking c#@#@#164#stics</ptxt>
</para>
</procstep>
</stepgrp>
</procedure>
</servinfosub>