<?xml version="1.0" encoding="UTF-8"?><servinfosub IE-ID="en-US0900c8af85af9e0d" docno="VCC-161801" id="KC07245331" xml:lang="en-US">
<title>
<phrase category="" id="KC08794168" phrase-urn="urn:x-nevis:phrase:0800c8af81ffbc01">Programming con#@#@#6#odule</phrase>
</title>
<diagnostic j2008use="1" layout="1" paperuse="1" screenuse="1" type="test">
<testgrp IE-ID="en-US0900c8af85af9e0d_KC08089038" id="KC08089038" j2008use="1" paperuse="1" resumable="1" screenuse="1" testgrp-id="a1" x="480" y="40">
<title>
<phrase category="" id="KC08794169" phrase-urn="urn:x-nevis:phrase:0800c8af81ffbc02">Programming pro#@#@#2#dures</phrase>
</title>
<node>
<test1>
<test2>
<para>
<ptxt>
<phrase category="" id="KC08794170" phrase-urn="urn:x-nevis:phrase:0800c8af81ffbc03">The following c#@#@#113#hes. </phrase>
</ptxt>
</para>
<list1 enumtype="n">
<title>
<phrase category="" id="KC08794171" phrase-urn="urn:x-nevis:phrase:0800c8af81ffbc04">Programming:</phrase>
</title>
<item>
<ptxt>
<phrase category="" id="KC08794172" phrase-urn="urn:x-nevis:phrase:0800c8af81ffbc05">Home safe light</phrase>
</ptxt>
</item>
<item>
<ptxt>
<phrase category="" id="KC08794173" phrase-urn="urn:x-nevis:phrase:0800c8af81ffbc06">Daytime running#@#@#1#lamps</phrase>
</ptxt>
</item>
<item>
<ptxt>
<phrase category="" id="KC08794174" phrase-urn="urn:x-nevis:phrase:0800c8af81ffbc07">Tailgate wiper #@#@#10#dels)</phrase>
</ptxt>
</item>
<item>
<ptxt>
<phrase category="" id="KC08794175" phrase-urn="urn:x-nevis:phrase:0800c8af81ffbc08">Time delay, loc#@#@#26#cover</phrase>
</ptxt>
</item>
<item>
<ptxt>
<phrase category="" id="KC08794176" phrase-urn="urn:x-nevis:phrase:0800c8af81ffbc09">Warning for low#@#@#21#non).</phrase>
</ptxt>
</item>
</list1>
</test2>
</test1>
<question>
Use the button#@#@#39#med.
</question>
<resact-grp>
<result button="text" comp="button" highlight="0" text="1"/>
<action j2008use="1" paperuse="1" screenuse="1">
<ptxt>
<xref>
<ref id="KC08794177"/>
</xref>
</ptxt>
</action>
</resact-grp>
<resact-grp>
<result button="text" comp="button" highlight="0" text="2"/>
<action j2008use="1" paperuse="1" screenuse="1">
<ptxt>
<xref>
<ref id="KC08794178"/>
</xref>
</ptxt>
</action>
</resact-grp>
<resact-grp>
<result button="text" comp="button" highlight="0" text="3"/>
<action j2008use="1" paperuse="1" screenuse="1">
<ptxt>
<xref>
<ref id="KC08794179"/>
</xref>
</ptxt>
</action>
</resact-grp>
<resact-grp>
<result button="text" comp="button" highlight="0" text="4"/>
<action j2008use="1" paperuse="1" screenuse="1">
<ptxt>
<xref>
<ref id="KC08794180"/>
</xref>
</ptxt>
</action>
</resact-grp>
<resact-grp>
<result button="text" comp="button" highlight="0" text="5"/>
<action j2008use="1" paperuse="1" screenuse="1">
<ptxt>
<xref>
<ref id="KC08794181"/>
</xref>
</ptxt>
</action>
</resact-grp>
</node>
</testgrp>
<testgrp id="KC08089039" j2008use="1" paperuse="1" resumable="1" screenuse="1" testgrp-id="node2" x="480" y="340">
<title>
<phrase category="" id="KC08794182" phrase-urn="urn:x-nevis:phrase:0800c8af81ffbc0a"/>
</title>
<node>
<test1>
<test2/>
</test1>
<question>
Do you want to#@#@#25#ers?
</question>
<resact-grp>
<result button="yes" comp="button" highlight="0"/>
<action j2008use="1" paperuse="1" screenuse="1">
<ptxt>
<xref>
<ref id="KC08794183"/>
</xref>
</ptxt>
</action>
</resact-grp>
<resact-grp>
<result button="no" comp="button" highlight="0"/>
<action j2008use="1" paperuse="1" screenuse="1">
<return value="FAULT FOUND"/>
</action>
</resact-grp>
</node>
</testgrp>
<testgrp id="KC08089040" j2008use="1" paperuse="1" resumable="1" screenuse="1" testgrp-id="node1" x="880" y="180">
<title>
<phrase category="" id="KC08794184" phrase-urn="urn:x-nevis:phrase:0800c8af81ffbc0b">Programming hom#@#@#8#ights</phrase>
</title>
<node>
<test1>
<test2>
<para>
<ptxt>
<phrase category="" id="KC08794185" phrase-urn="urn:x-nevis:phrase:0800c8af81ffbc0c">The home safe l#@#@#99#omer.</phrase>
</ptxt>
<ptxt>
<phrase category="" id="KC08794186" phrase-urn="urn:x-nevis:phrase:0800c8af81ffbc0d">The factory set#@#@#59#onds.</phrase>
</ptxt>
</para>
<para>
<ptxt>
<phrase category="" id="KC08794187" phrase-urn="urn:x-nevis:phrase:0800c8af81ffbc0e">Read off the pr#@#@#39#mbol.</phrase>
</ptxt>
</para>
<para>
<ptxt>
<phrase category="" id="KC08794188" phrase-urn="urn:x-nevis:phrase:0800c8af81ffbc0f">To change the t#@#@#77#ming.</phrase>
</ptxt>
</para>
<diaglist>
<dgraphic>
<dgraphic2>
<graphic id="KC08794189">
<href>0900c8af86c8681#@#@#9#.jpeg</href>
</graphic>
<smarttool active="press" id="KC08794190" toolname="XCEM0015"/>
</dgraphic2>
</dgraphic>
</diaglist>
</test2>
</test1>
<question>
Select Continue.
</question>
<resact-grp>
<result button="cont" comp="button" highlight="0"/>
<action j2008use="1" paperuse="1" screenuse="1">
<ptxt>
<xref>
<ref id="KC08794192"/>
</xref>
</ptxt>
</action>
</resact-grp>
</node>
</testgrp>
<testgrp id="KC08089041" j2008use="1" paperuse="1" resumable="1" screenuse="1" testgrp-id="node6" x="680" y="180">
<title>
<phrase category="" id="KC08794193" phrase-urn="urn:x-nevis:phrase:0800c8af81ffbc11">Programming day#@#@#13#lamps</phrase>
</title>
<node>
<test1>
<test2>
<para>
<ptxt>
<phrase category="Faulttracing" id="nev18457571n1" phrase-urn="urn:x-nevis:phrase:0800c8af85af9ec0">Six different d#@#@#44#mmed.</phrase>
</ptxt>
<ptxt id="nev18457564n25">
<phrase category="Faulttracing" id="nev18459377n1" phrase-urn="urn:x-nevis:phrase:0800c8af85afa53e">If the vehicle #@#@#55#cted.</phrase>
<phrase category="Faulttracing" id="nev18459378n1" phrase-urn="urn:x-nevis:phrase:0800c8af85afa55e">If the vehicle #@#@#55#cted.</phrase>
</ptxt>
<ptxt id="nev18457564n22">
<phrase category="Faulttracing" id="nev18459379n1" phrase-urn="urn:x-nevis:phrase:0800c8af85afa55f">Vehicles with s#@#@#156#onal.</phrase>
</ptxt>
</para>
<para>
<ptxt>
<phrase category="" id="KC08794195" phrase-urn="urn:x-nevis:phrase:0800c8af81ffbc13">It is also poss#@#@#79# Off.</phrase>
</ptxt>
</para>
<para>
<title>
<phrase category="" id="KC08794196" phrase-urn="urn:x-nevis:phrase:0800c8af81ffbc14">Daytime running#@#@#9#ction</phrase>
</title>
<ptxt>
<phrase category="" id="KC08794197" phrase-urn="urn:x-nevis:phrase:0800c8af81ffbc15"/>
</ptxt>
</para>
<para>
<title>
<phrase category="" id="KC08794198" phrase-urn="urn:x-nevis:phrase:0800c8af81ffbc16">1. Low beam in #@#@#60#zero)</phrase>
</title>
<ptxt>
<phrase category="" id="KC08794199" phrase-urn="urn:x-nevis:phrase:0800c8af81ffbc17">
<emph>Position light #@#@#2#itch:</emph>
</phrase>
</ptxt>
<ptxt>
<phrase category="" id="KC08794200" phrase-urn="urn:x-nevis:phrase:0800c8af81ffbc18">
<emph>OFF:</emph> Parking and da#@#@#92#nsor.</phrase>
</ptxt>
<ptxt>
<phrase category="" id="KC08794201" phrase-urn="urn:x-nevis:phrase:0800c8af81ffbc19">
<emph>Parking lamps:</emph> Only parking l#@#@#10#ated.</phrase>
</ptxt>
<ptxt>
<phrase category="" id="KC08794202" phrase-urn="urn:x-nevis:phrase:0800c8af81ffbc1a">
<emph>ON:</emph> Parking and Bi#@#@#22#ated.</phrase>
</ptxt>
</para>
<para>
<title>
<phrase category="" id="KC08794203" phrase-urn="urn:x-nevis:phrase:0800c8af81ffbc1b">2. Light switch#@#@#57#td). </phrase>
</title>
<ptxt>
<phrase category="" id="KC08794204" phrase-urn="urn:x-nevis:phrase:0800c8af81ffbc1c">
<emph>Position light #@#@#2#itch:</emph>
</phrase>
</ptxt>
<ptxt>
<phrase category="" id="KC08794205" phrase-urn="urn:x-nevis:phrase:0800c8af81ffbc1d">
<emph>OFF:</emph> Daytime runnin#@#@#135#ted).</phrase>
</ptxt>
<ptxt>
<phrase category="" id="KC08794206" phrase-urn="urn:x-nevis:phrase:0800c8af81ffbc1e">
<emph>Parking lamps:</emph> Only parking l#@#@#10#ated.</phrase>
</ptxt>
<ptxt>
<phrase category="" id="KC08794207" phrase-urn="urn:x-nevis:phrase:0800c8af81ffbc1f">
<emph>ON:</emph> Parking and Bi#@#@#22#ated.</phrase>
</ptxt>
</para>
<para>
<title>
<phrase category="" id="KC08794208" phrase-urn="urn:x-nevis:phrase:0800c8af81ffbc20">3. Low beam alw#@#@#60#low).</phrase>
</title>
<ptxt>
<phrase category="" id="KC08794209" phrase-urn="urn:x-nevis:phrase:0800c8af81ffbc21">
<emph>Position light #@#@#2#itch:</emph>
</phrase>
</ptxt>
<ptxt>
<phrase category="" id="KC08794210" phrase-urn="urn:x-nevis:phrase:0800c8af81ffbc22">
<emph>OFF:</emph> Parking and da#@#@#92#nsor.</phrase>
</ptxt>
<ptxt>
<phrase category="" id="KC08794211" phrase-urn="urn:x-nevis:phrase:0800c8af81ffbc23">
<emph>Parking lamps:</emph> Parking and Bi#@#@#22#ated.</phrase>
</ptxt>
<ptxt>
<phrase category="" id="KC08794212" phrase-urn="urn:x-nevis:phrase:0800c8af81ffbc24">
<emph>ON:</emph> Parking and Bi#@#@#22#ated.</phrase>
</ptxt>
</para>
<para id="nev18457564n66">
<title id="nev18457564n64">
<phrase category="Faulttracing" id="nev18459337n1" phrase-urn="urn:x-nevis:phrase:0800c8af85afa1b1">4. Each daytime#@#@#32# POS.</phrase>
</title>
<ptxt id="nev18457564n65">
<phrase category="" id="nev18459341n1" phrase-urn="urn:x-nevis:phrase:0800c8af81ffbc1c">
<emph>Position light #@#@#2#itch:</emph>
</phrase>
</ptxt>
<ptxt id="nev18457564n60">
<phrase category="Faulttracing" id="nev18459342n1" phrase-urn="urn:x-nevis:phrase:0800c8af85afa1b7">
<emph etype="bold">Parking lamps:</emph> Only daytime r#@#@#19#ated.</phrase>
</ptxt>
<ptxt id="nev18457564n58">
<phrase category="Faulttracing" id="nev18459343n1" phrase-urn="urn:x-nevis:phrase:0800c8af85afa1b9">
<emph etype="bold">ON:</emph> Parking and Bi#@#@#22#ated.</phrase>
</ptxt>
<ptxt id="nev18457564n56">
<phrase category="Faulttracing" id="nev18459344n1" phrase-urn="urn:x-nevis:phrase:0800c8af85afa1ba">
<emph etype="bold">Auto:</emph> Daytime runnin#@#@#98#nsor.</phrase>
</ptxt>
</para>
<para id="nev18457564n54">
<title id="nev18457564n52">
<phrase category="Faulttracing" id="nev18459345n1" phrase-urn="urn:x-nevis:phrase:0800c8af85afa21d">5. Each daytime#@#@#27#Auto.</phrase>
</title>
<ptxt id="nev18457564n48">
<phrase category="" id="nev18459348n1" phrase-urn="urn:x-nevis:phrase:0800c8af81ffbc1c">
<emph>Position light #@#@#2#itch:</emph>
</phrase>
</ptxt>
<ptxt id="nev18457564n53">
<phrase category="Faulttracing" id="nev18459347n1" phrase-urn="urn:x-nevis:phrase:0800c8af85afa1bb">
<emph etype="bold">OFF:</emph> No lights acti#@#@#1#ated.</phrase>
</ptxt>
<ptxt id="nev18457564n46">
<phrase category="Faulttracing" id="nev18459349n1" phrase-urn="urn:x-nevis:phrase:0800c8af85afa1b7">
<emph etype="bold">Parking lamps:</emph> Only daytime r#@#@#19#ated.</phrase>
</ptxt>
<ptxt id="nev18457564n44">
<phrase category="Faulttracing" id="nev18459350n1" phrase-urn="urn:x-nevis:phrase:0800c8af85afa1c1">
<emph etype="bold">On:</emph> Only parking l#@#@#10#ated.</phrase>
</ptxt>
<ptxt id="nev18457564n42">
<phrase category="Faulttracing" id="nev18459351n1" phrase-urn="urn:x-nevis:phrase:0800c8af85afa1ba">
<emph etype="bold">Auto:</emph> Daytime runnin#@#@#98#nsor.</phrase>
</ptxt>
</para>
<para id="nev18457564n40">
<title id="nev18457564n38">
<phrase category="Faulttracing" id="nev18459352n1" phrase-urn="urn:x-nevis:phrase:0800c8af85afa21e">6. Each daytime#@#@#42#ions.</phrase>
</title>
<ptxt id="nev18457564n39">
<phrase category="" id="nev18459354n1" phrase-urn="urn:x-nevis:phrase:0800c8af81ffbc1c">
<emph>Position light #@#@#2#itch:</emph>
</phrase>
</ptxt>
<ptxt id="nev18457564n34">
<phrase category="Faulttracing" id="nev18459355n1" phrase-urn="urn:x-nevis:phrase:0800c8af85afa1cf">
<emph etype="bold">OFF:</emph> Daytime runnin#@#@#42#ated.</phrase>
</ptxt>
<ptxt id="nev18457564n32">
<phrase category="Faulttracing" id="nev18459356n1" phrase-urn="urn:x-nevis:phrase:0800c8af85afa1d1">
<emph etype="bold">Parking lamps:</emph> Daytime runnin#@#@#42#ated.</phrase>
</ptxt>
<ptxt id="nev18457564n30">
<phrase category="Faulttracing" id="nev18459357n1" phrase-urn="urn:x-nevis:phrase:0800c8af85afa1b9">
<emph etype="bold">ON:</emph> Parking and Bi#@#@#22#ated.</phrase>
</ptxt>
<ptxt id="nev18457564n28">
<phrase category="Faulttracing" id="nev18459358n1" phrase-urn="urn:x-nevis:phrase:0800c8af85afa1ba">
<emph etype="bold">Auto:</emph> Daytime runnin#@#@#98#nsor.</phrase>
</ptxt>
</para>
<para id="nev11684249n100">
<title id="nev11684249n98">
<phrase category="Faulttracing" id="nev18459359n1" phrase-urn="urn:x-nevis:phrase:0800c8af81e83b1d">Stop</phrase>
</title>
<ptxt id="nev11684249n99">
<phrase category="Faulttracing" id="nev11684252n1" phrase-urn="urn:x-nevis:phrase:0800c8af83557232">Restore the veh#@#@#18#ting.</phrase>
<phrase category="Faulttracing" id="nev11684692n1" phrase-urn="urn:x-nevis:phrase:0800c8af83557372">For information#@#@#83#tion.</phrase>
</ptxt>
</para>
<para>
<title>
<phrase category="" id="KC08794213" phrase-urn="urn:x-nevis:phrase:0800c8af81ffbc25">Daytime running#@#@#7#tatus</phrase>
</title>
<ptxt>
<phrase category="" id="KC08794214" phrase-urn="urn:x-nevis:phrase:0800c8af81ffbc26"/>
</ptxt>
</para>
<para>
<title>
<phrase category="" id="KC08794215" phrase-urn="urn:x-nevis:phrase:0800c8af81ffbc27">1. Daytime runn#@#@#22#s on.</phrase>
</title>
<ptxt>
<phrase category="" id="KC08794216" phrase-urn="urn:x-nevis:phrase:0800c8af81ffbc28">Parking and day#@#@#98#tion.</phrase>
</ptxt>
</para>
<para>
<title>
<phrase category="" id="KC08794217" phrase-urn="urn:x-nevis:phrase:0800c8af81ffbc29">2. Daytime runn#@#@#32#nsor.</phrase>
</title>
<ptxt>
<phrase category="" id="KC08794218" phrase-urn="urn:x-nevis:phrase:0800c8af81ffbc2a">Parking and day#@#@#286#nsor.</phrase>
</ptxt>
</para>
<para>
<title>
<phrase category="" id="KC08794219" phrase-urn="urn:x-nevis:phrase:0800c8af81ffbc2b">3. Daytime runn#@#@#16# Off.</phrase>
</title>
<ptxt>
<phrase category="" id="KC08794220" phrase-urn="urn:x-nevis:phrase:0800c8af81ffbc2c">Parking and day#@#@#95#tion.</phrase>
</ptxt>
</para>
<para>
<ptxt>
<phrase category="" id="KC08794221" phrase-urn="urn:x-nevis:phrase:0800c8af81ffbc2d">It is essential#@#@#54#wed. </phrase>
</ptxt>
</para>
<note>
<ptxt>
<phrase category="" id="KC08794222" phrase-urn="urn:x-nevis:phrase:0800c8af81ffbc2e">It is not permi#@#@#50#rket.</phrase>
</ptxt>
</note>
<para>
<ptxt>
<phrase category="" id="KC08794223" phrase-urn="urn:x-nevis:phrase:0800c8af81ffbc2f">Read off the pr#@#@#39#mbol.</phrase>
</ptxt>
</para>
<para>
<ptxt>
<phrase category="" id="KC08794224" phrase-urn="urn:x-nevis:phrase:0800c8af81ffbc30">To change the s#@#@#72#ming.</phrase>
</ptxt>
</para>
<diaglist>
<dgraphic>
<dgraphic2>
<graphic id="KC08794225">
<href>0900c8af86c8681#@#@#9#.jpeg</href>
</graphic>
<smarttool active="press" id="KC08794226" toolname="XCEM0016"/>
</dgraphic2>
</dgraphic>
</diaglist>
</test2>
</test1>
<question>
Select Continue.
</question>
<resact-grp>
<result button="cont" comp="button" highlight="0"/>
<action j2008use="1" paperuse="1" screenuse="1">
<ptxt>
<xref>
<ref id="KC08794228"/>
</xref>
</ptxt>
</action>
</resact-grp>
</node>
</testgrp>
<testgrp id="KC08089042" j2008use="1" paperuse="1" resumable="1" screenuse="1" testgrp-id="node3" x="480" y="180">
<title>
<phrase category="" id="KC08794229" phrase-urn="urn:x-nevis:phrase:0800c8af81ffbc32">Programming the#@#@#50#dels)</phrase>
</title>
<node>
<test1>
<diaglist>
<ditem>
<ptxt>
<phrase category="" id="KC08794230" phrase-urn="urn:x-nevis:phrase:0800c8af81ffbc33">The wiper funct#@#@#65#ions:</phrase>
</ptxt>
<ptxt>
<phrase category="" id="KC08794231" phrase-urn="urn:x-nevis:phrase:0800c8af81ffbc34">1. The rear win#@#@#40#ally.</phrase>
</ptxt>
<ptxt>
<phrase category="" id="KC08794232" phrase-urn="urn:x-nevis:phrase:0800c8af81ffbc35">2. The tailgate#@#@#108#ated.</phrase>
</ptxt>
</ditem>
</diaglist>
<test2>
<para>
<ptxt>
<phrase category="" id="KC08794233" phrase-urn="urn:x-nevis:phrase:0800c8af81ffbc36">Read off the pr#@#@#39#mbol.</phrase>
</ptxt>
</para>
<para>
<ptxt>
<phrase category="" id="KC08794234" phrase-urn="urn:x-nevis:phrase:0800c8af81ffbc37">To change the s#@#@#72#ming.</phrase>
</ptxt>
</para>
<diaglist>
<dgraphic>
<dgraphic2>
<graphic id="KC08794235">
<href>0900c8af86c8681#@#@#9#.jpeg</href>
</graphic>
<smarttool active="press" id="KC08794236" toolname="XCEM0017"/>
</dgraphic2>
</dgraphic>
</diaglist>
</test2>
</test1>
<question>
Select Continue.
</question>
<resact-grp>
<result button="cont" comp="button" highlight="0"/>
<action j2008use="1" paperuse="1" screenuse="1">
<ptxt>
<xref>
<ref id="KC08794238"/>
</xref>
</ptxt>
</action>
</resact-grp>
</node>
</testgrp>
<testgrp id="KC08089043" j2008use="1" paperuse="1" resumable="1" screenuse="1" testgrp-id="node4" x="280" y="180">
<title>
<phrase category="" id="KC08794239" phrase-urn="urn:x-nevis:phrase:0800c8af81ffbc39">Programming the#@#@#36#lock </phrase>
</title>
<node>
<test1>
<diaglist>
<ditem>
<ptxt>
<phrase category="" id="KC08794240" phrase-urn="urn:x-nevis:phrase:0800c8af81ffbc3a">The time delay #@#@#143#ives:</phrase>
</ptxt>
<ptxt>
<phrase category="" id="KC08794241" phrase-urn="urn:x-nevis:phrase:0800c8af81ffbc3b">1. 10 minute ti#@#@#4#elay.</phrase>
</ptxt>
<ptxt>
<phrase category="" id="KC08794242" phrase-urn="urn:x-nevis:phrase:0800c8af81ffbc3c">2. 0 minute tim#@#@#3#elay.</phrase>
</ptxt>
</ditem>
</diaglist>
<test2>
<para>
<ptxt>
<phrase category="" id="KC08794243" phrase-urn="urn:x-nevis:phrase:0800c8af81ffbbf7">Read off the pr#@#@#39#mbol.</phrase>
</ptxt>
</para>
<para>
<ptxt>
<phrase category="" id="KC08794244" phrase-urn="urn:x-nevis:phrase:0800c8af81ffbbf8">To change the s#@#@#72#ming.</phrase>
</ptxt>
</para>
<diaglist>
<dgraphic>
<dgraphic2>
<graphic id="KC08794245">
<href>0900c8af86c8681#@#@#9#.jpeg</href>
</graphic>
<smarttool active="press" id="KC08794246" toolname="XREM0005"/>
</dgraphic2>
</dgraphic>
</diaglist>
</test2>
</test1>
<question>
Select Continue.
</question>
<resact-grp>
<result button="cont" comp="button" highlight="0"/>
<action j2008use="1" paperuse="1" screenuse="1">
<ptxt>
<xref>
<ref id="KC08794248"/>
</xref>
</ptxt>
</action>
</resact-grp>
</node>
</testgrp>
<testgrp id="KC08089044" j2008use="1" paperuse="1" resumable="1" screenuse="1" testgrp-id="node5" x="80" y="180">
<title>
<phrase category="" id="KC08794249" phrase-urn="urn:x-nevis:phrase:0800c8af81ffbbfa">Programming the#@#@#36#enon)</phrase>
</title>
<node>
<test1>
<diaglist>
<ditem>
<ptxt>
<phrase category="" id="KC08794250" phrase-urn="urn:x-nevis:phrase:0800c8af81ffbbfb">The warning for#@#@#137#ions:</phrase>
</ptxt>
<ptxt>
<phrase category="" id="KC08794251" phrase-urn="urn:x-nevis:phrase:0800c8af81ffbbfc">1. Off</phrase>
</ptxt>
<ptxt>
<phrase category="" id="KC08794252" phrase-urn="urn:x-nevis:phrase:0800c8af81ffbbfd">2. On.</phrase>
</ptxt>
</ditem>
</diaglist>
<test2>
<para>
<ptxt>
<phrase category="" id="KC08794253" phrase-urn="urn:x-nevis:phrase:0800c8af81ffbbfe">Read off the pr#@#@#39#mbol.</phrase>
</ptxt>
</para>
<para>
<ptxt>
<phrase category="" id="KC08794254" phrase-urn="urn:x-nevis:phrase:0800c8af81ffbbff">To change the s#@#@#72#ming.</phrase>
</ptxt>
</para>
<diaglist>
<dgraphic>
<dgraphic2>
<graphic id="KC08794255">
<href>0900c8af86c8681#@#@#9#.jpeg</href>
</graphic>
<smarttool active="press" id="KC08794256" toolname="XCEM0018"/>
</dgraphic2>
</dgraphic>
</diaglist>
</test2>
</test1>
<question>
Select Continue.
</question>
<resact-grp>
<result button="cont" comp="button" highlight="0"/>
<action j2008use="1" paperuse="1" screenuse="1">
<ptxt>
<xref>
<ref id="KC08794258"/>
</xref>
</ptxt>
</action>
</resact-grp>
</node>
</testgrp>
</diagnostic>
</servinfosub>