<?xml version="1.0" encoding="UTF-8"?><servinfosub IE-ID="en-US0900c8af8806de0d" docno="VCC-370472" id="nev13713774n1" original="sv-SE" servinfosubId="nev13713775n1-nev29333513n1" servinfosubRes="0900c8af881cae51" servinfosubRes2="urn:x-nevis:fragment:0900c8af8806de0d:0900c8af881cae51#nev29333513n1" xml:lang="en-US">
<operationnumbers>
<operationnumber>36445-2</operationnumber>
</operationnumbers>
<title id="nev13713773n8">Passenger door #@#@#7#(PDM)</title>
<procedure id="nev13713775n1-nev29673334n1">
<stepgrp boilerplate="false" context="" id="nev13713775n1-nev29683955n45">
<title id="nev13713775n1-0800c8af844a46f6">Removal</title>
<procstep id="nev13713775n1-nev29683955n44">
<para id="nev13713775n1-nev29683955n40">
<ptxt id="nev13713775n1-nev29683955n42">Set the vehicle#@#@#36# mode<xref boilerplate="true" id="nev13713775n1-nev29683955n43">
<ref id="nev13713775n1-nev29683955n41"/>
</xref>
</ptxt>
</para>
</procstep>
<procstep id="nev13713775n1-nev29678684n68">
<para id="nev13713775n1-nev29683955n38">
<ptxt id="nev13713775n1-nev29683955n39">Remove panel si#@#@#8#front<xref boilerplate="true" id="nev13713775n1-0800c8af844e7aa0">
<ref id="nev13713775n1-nev29678684n65"/>
</xref>
</ptxt>
</para>
</procstep>
<procstep id="nev13713775n1-nev29678684n63">
<grate id="nev13713775n1-nev29683955n36">
<graphic id="nev13713775n1-nev29683955n37">
<href>0900c8af881c3ae#@#@#9#.jpeg</href>
</graphic>
<graphtext id="nev13713775n1-nev29686583n1">
<para id="nev13713775n1-nev29683955n34">
<ptxt id="nev13713775n1-nev29683955n35">Release the con#@#@#10#ches.</ptxt>
</para>
<para id="nev13713775n1-nev29683955n32">
<ptxt id="nev13713775n1-nev29683955n33">Disconnect the #@#@#6#tors.</ptxt>
</para>
</graphtext>
</grate>
</procstep>
<procstep id="nev13713775n1-nev29678684n56">
<grate id="nev13713775n1-nev29683955n30">
<graphic id="nev13713775n1-nev29683955n31">
<href>0900c8af881c3de#@#@#9#.jpeg</href>
</graphic>
<graphtext id="nev13713775n1-nev29686587n1">
<para id="nev13713775n1-nev29683955n28">
<ptxt id="nev13713775n1-nev29683955n29">Remove the screws.</ptxt>
</para>
</graphtext>
</grate>
</procstep>
<procstep id="nev13713775n1-nev29678684n51">
<grate id="nev13713775n1-nev29683955n26">
<graphic id="nev13713775n1-nev29683955n27">
<href>0900c8af881c3de#@#@#9#.jpeg</href>
</graphic>
<graphtext id="nev13713775n1-nev29686591n1">
<para id="nev13713775n1-nev29683955n24">
<ptxt id="nev13713775n1-nev29683955n25">Remove the mark#@#@#3#part.</ptxt>
</para>
</graphtext>
</grate>
</procstep>
<procstep id="nev13713775n1-nev29678684n46">
<grate id="nev13713775n1-nev29683955n22">
<graphic id="nev13713775n1-nev29683955n23">
<href>0900c8af881c3f1#@#@#9#.jpeg</href>
</graphic>
<graphtext id="nev13713775n1-nev29686595n1">
<caution id="nev13713775n1-0800c8af85175e66">
<ptxt>Be careful not #@#@#17#ches.</ptxt>
</caution>
<para id="nev13713775n1-nev29683955n20">
<ptxt id="nev13713775n1-nev29683955n21">Release the catches.</ptxt>
</para>
<para id="nev13713775n1-nev29683955n18">
<ptxt id="nev13713775n1-nev29683955n19">Remove the mark#@#@#3#part.</ptxt>
</para>
<para id="nev13713775n1-nev29683955n16">
<ptxt id="nev13713775n1-nev29683955n17">
<equipment equipmentid="" equipmentname="Electrician's screwdriver" id="nev13713775n1-nev29678684n38"/>
</ptxt>
</para>
</graphtext>
</grate>
</procstep>
</stepgrp>
<stepgrp boilerplate="false" context="" id="nev13713775n1-nev29683955n15">
<title id="nev13713775n1-0800c8af844a46f9">Installation</title>
<procstep id="nev13713775n1-nev29673338n8">
<para id="nev13713775n1-nev29683955n13">
<ptxt id="nev13713775n1-nev29683955n14">To install, rev#@#@#22#dure.</ptxt>
</para>
</procstep>
<procstep id="nev13713775n1-nev29673339n2">
<note id="nev13713775n1-0800c8af844a4360">
<ptxt>If the power to#@#@#102#otor.</ptxt>
</note>
</procstep>
<procstep id="nev13713775n1-nev29678684n32">
<para id="nev13713775n1-nev29683955n11">
<ptxt id="nev13713775n1-nev29683955n12">Perform power w#@#@#18#ation<xref boilerplate="true" id="nev13713775n1-0800c8af84c92d83">
<ref id="nev13713775n1-nev29678684n29"/>
</xref>
</ptxt>
</para>
</procstep>
<procstep id="nev13713775n1-nev29673340n1">
<para id="nev13713775n1-nev29683955n9">
<ptxt id="nev13713775n1-nev29683955n10">Order and downl#@#@#52#anges</ptxt>
</para>
</procstep>
</stepgrp>
</procedure>
</servinfosub>