<?xml version="1.0" encoding="UTF-8"?><servinfosub IE-ID="en-US0900c8af86391e0d" docno="VCC-428714" id="nev16823788n1" original="sv-SE" servinfosubId="nev16823789n1-nev20891325n1" servinfosubRes="0900c8af8646a6cd" servinfosubRes2="urn:x-nevis:fragment:0900c8af86391e0d:0900c8af8646a6cd#nev20891325n1" xml:lang="en-US">
<title id="nev16823788n2">Roof, repair</title>
<materialtable id="nev16823789n1-nev21153600n23">
<table id="nev16823789n1-nev21153600n22">
<tgroup cols="2" id="nev16823789n1-nev21153600n21">
<colspec colname="COLSPEC0" colwidth="1.00*" id="nev16823789n1-nev21153600n20"/>
<colspec colname="COLSPEC1" colwidth="1.00*" id="nev16823789n1-nev21153600n19"/>
<thead id="nev16823789n1-nev21153600n18">
<row id="nev16823789n1-nev21153600n17">
<entry id="nev16823789n1-nev21153600n16" nameend="COLSPEC1" namest="COLSPEC0" valign="top">
<ptxt id="nev16823789n1-nev21153600n15">
<emph id="nev16823789n1-nev21153600n14">Materials</emph>
</ptxt>
</entry>
</row>
</thead>
<tbody id="nev16823789n1-nev21153600n13">
<row id="nev16823789n1-nev21153600n12">
<entry id="nev16823789n1-nev21153600n11">
<ptxt id="nev16823789n1-nev21153600n10">
<emph id="nev16823789n1-nev21153600n9">Designation</emph>
</ptxt>
</entry>
<entry id="nev16823789n1-nev21153600n8">
<ptxt id="nev16823789n1-nev21153600n7">
<emph id="nev16823789n1-nev21153600n6">Part number</emph>
</ptxt>
</entry>
</row>
<row id="nev16823789n1-nev21153600n5">
<entry id="nev16823789n1-nev21153600n4">
<ptxt id="nev16823789n1-nev21153600n3">Isopropanol</ptxt>
</entry>
<entry id="nev16823789n1-nev21153600n1">
<ptxt id="nev16823789n1-nev21153662n100">1161721</ptxt>
</entry>
</row>
</tbody>
</tgroup>
</table>
</materialtable>
<procedure id="nev16823789n1-nev21048898n9">
<stepgrp boilerplate="false" context="" id="nev16823789n1-nev21153600n77">
<title id="nev16823789n1-0800c8af844a4708">Repair</title>
<procstep id="nev16823789n1-nev21048899n2">
<grate id="nev16823789n1-nev21153600n75">
<graphic id="nev16823789n1-nev21153600n76">
<href>0900c8af85423d2#@#@#9#.jpeg</href>
</graphic>
</grate>
</procstep>
<procstep id="nev16823789n1-nev21048899n5">
<grate id="nev16823789n1-nev21153600n73">
<graphic id="nev16823789n1-nev21153600n74">
<href>0900c8af85423d2#@#@#9#.jpeg</href>
</graphic>
<graphtext id="nev16823789n1-nev21153669n1">
<para id="nev16823789n1-nev21153600n71">
<ptxt id="nev16823789n1-nev21153600n72">
<material id="nev16823789n1-nev21048900n1" materialid="1161721" materialname="Isopropanol" quantity="0.0" showInProcStep="true"/>
</ptxt>
</para>
</graphtext>
</grate>
</procstep>
<procstep id="nev16823789n1-nev21048900n2">
<note id="nev16823789n1-0800c8af85379dba">
<ptxt>For large dents#@#@#37#Tool.</ptxt>
</note>
</procstep>
<procstep id="nev16823789n1-nev21153600n70">
<para id="nev16823789n1-nev21153600n66">
<ptxt id="nev16823789n1-nev21153600n68">Perform puller #@#@#4#dents<xref boilerplate="true" id="nev16823789n1-nev21153600n69">
<ref id="nev16823789n1-nev21153600n67"/>
</xref>
</ptxt>
</para>
</procstep>
<procstep id="nev16823789n1-nev21048901n1">
<grate id="nev16823789n1-nev21153600n64">
<graphic id="nev16823789n1-nev21153600n65">
<href>0900c8af853fea3#@#@#9#.jpeg</href>
</graphic>
</grate>
</procstep>
<procstep id="nev16823789n1-nev21153600n63">
<para id="nev16823789n1-nev21153600n59">
<ptxt id="nev16823789n1-nev21153600n61">Perform work li#@#@#1#hting<xref boilerplate="true" id="nev16823789n1-nev21153600n62">
<ref id="nev16823789n1-nev21153600n60"/>
</xref>
</ptxt>
</para>
</procstep>
<procstep id="nev16823789n1-nev21048901n10">
<grate id="nev16823789n1-nev21153600n57">
<graphic id="nev16823789n1-nev21153600n58">
<href>0900c8af85423d2#@#@#9#.jpeg</href>
</graphic>
<graphtext id="nev16823789n1-nev21153685n1">
<note id="nev16823789n1-0800c8af8537f59d">
<ptxt>Choose a tool a#@#@#36#e is.</ptxt>
</note>
</graphtext>
</grate>
</procstep>
<procstep id="nev16823789n1-nev21048902n6">
<grate id="nev16823789n1-nev21153600n55">
<graphic id="nev16823789n1-nev21153600n56">
<href>0900c8af85423d3#@#@#9#.jpeg</href>
</graphic>
</grate>
</procstep>
<procstep id="nev16823789n1-nev21048902n9">
<grate id="nev16823789n1-nev21153600n53">
<graphic id="nev16823789n1-nev21153600n54">
<href>0900c8af85386d1#@#@#9#.jpeg</href>
</graphic>
<graphtext id="nev16823789n1-nev21153692n1">
<caution id="nev16823789n1-0800c8af853bbcbb">
<ptxt>Observe caution#@#@#24#step.</ptxt>
</caution>
<note id="nev16823789n1-0800c8af8537f650">
<ptxt>Use the clock m#@#@#29#mage.</ptxt>
</note>
</graphtext>
</grate>
</procstep>
<procstep id="nev16823789n1-nev21048903n7">
<grate id="nev16823789n1-nev21153600n51">
<graphic id="nev16823789n1-nev21153600n52">
<href>0900c8af85423d3#@#@#9#.jpeg</href>
</graphic>
</grate>
</procstep>
<procstep id="nev16823789n1-nev21048903n10">
<grate id="nev16823789n1-nev21153600n49">
<graphic id="nev16823789n1-nev21153600n50">
<href>0900c8af85423d3#@#@#9#.jpeg</href>
</graphic>
<graphtext id="nev16823789n1-nev21153699n1">
<note id="nev16823789n1-0800c8af8537f650">
<ptxt>Use the clock m#@#@#29#mage.</ptxt>
</note>
</graphtext>
</grate>
</procstep>
<procstep id="nev16823789n1-nev21048904n6">
<grate id="nev16823789n1-nev21153600n47">
<graphic id="nev16823789n1-nev21153600n48">
<href>0900c8af853ed6f#@#@#9#.jpeg</href>
</graphic>
</grate>
</procstep>
<procstep id="nev16823789n1-nev21048904n9">
<grate id="nev16823789n1-nev21153600n45">
<graphic id="nev16823789n1-nev21153600n46">
<href>0900c8af85423d4#@#@#9#.jpeg</href>
</graphic>
<graphtext id="nev16823789n1-nev21153706n1">
<note id="nev16823789n1-0800c8af85379e76">
<ptxt>Always start at#@#@#35#face.</ptxt>
</note>
</graphtext>
</grate>
</procstep>
<procstep id="nev16823789n1-nev21048905n5">
<grate id="nev16823789n1-nev21153600n43">
<graphic id="nev16823789n1-nev21153600n44">
<href>0900c8af85386dc#@#@#9#.jpeg</href>
</graphic>
<graphtext id="nev16823789n1-nev21153710n1">
<note id="nev16823789n1-0800c8af85379e76">
<ptxt>Always start at#@#@#35#face.</ptxt>
</note>
<note id="nev16823789n1-0800c8af85379e89">
<ptxt>Hit the panel s#@#@#57#once.</ptxt>
</note>
</graphtext>
</grate>
</procstep>
<procstep id="nev16823789n1-nev21048906n3">
<note id="nev16823789n1-0800c8af85379e8e">
<ptxt>If the result i#@#@#57#gain.</ptxt>
</note>
</procstep>
<procstep id="nev16823789n1-nev21048906n6">
<grate id="nev16823789n1-nev21153600n41">
<graphic id="nev16823789n1-nev21153600n42">
<href>0900c8af85423d4#@#@#9#.jpeg</href>
</graphic>
<graphtext id="nev16823789n1-nev21153714n1">
<para id="nev16823789n1-nev21153600n39">
<ptxt id="nev16823789n1-nev21153600n40">
<material id="nev16823789n1-nev21048907n2" materialid="1161721" materialname="Isopropanol" quantity="0.0" showInProcStep="true"/>
</ptxt>
</para>
</graphtext>
</grate>
</procstep>
<procstep id="nev16823789n1-nev21048907n3">
<para id="nev16823789n1-nev21153600n37">
<ptxt id="nev16823789n1-nev21153600n38">If necessary</ptxt>
</para>
</procstep>
<procstep id="nev16823789n1-nev21153600n36">
<para id="nev16823789n1-nev21153600n32">
<ptxt id="nev16823789n1-nev21153600n34">Perform paint, #@#@#12#edure<xref boilerplate="true" id="nev16823789n1-nev21153600n35">
<ref id="nev16823789n1-nev21153600n33"/>
</xref>
</ptxt>
</para>
</procstep>
<procstep id="nev16823789n1-nev21153600n31">
<para id="nev16823789n1-nev21153600n27">
<ptxt id="nev16823789n1-nev21153600n29">Perform paint, #@#@#14#edure<xref boilerplate="true" id="nev16823789n1-nev21153600n30">
<ref id="nev16823789n1-nev21153600n28"/>
</xref>
</ptxt>
</para>
</procstep>
</stepgrp>
<stepgrp boilerplate="false" context="" id="nev16823789n1-nev21153600n26">
<title id="nev16823789n1-0800c8af844a4703">Check</title>
<procstep id="nev16823789n1-nev21048909n1">
<grate id="nev16823789n1-nev21153600n24">
<graphic id="nev16823789n1-nev21153600n25">
<href>0900c8af85423d4#@#@#9#.jpeg</href>
</graphic>
</grate>
</procstep>
</stepgrp>
</procedure>
</servinfosub>