<?xml version="1.0" encoding="UTF-8"?><servinfosub IE-ID="en-US0900c8af80881e0d" docno="VCC-131921" id="KC01150368" xml:lang="en-US">
<title>Motor, headlamp#@#@#12#acing</title>
<procedure>
<stepgrp id="KC01230200">
<title>Removal</title>
<procstep>
<title>Preparations</title>
<list1 enumtype="d">
<item>
<ptxt>Switch off the #@#@#4#tion.</ptxt>
</item>
</list1>
</procstep>
<procstep>
<title>Headlamp wiper motor</title>
<grate>
<graphic id="KC07537660">
<href>0900c8af8005af7#@#@#9#.jpeg</href>
</graphic>
<graphtext>
<list1 enumtype="d">
<item>
<ptxt>Remove <xref>
<ref id="KC07537661"/>
</xref>
</ptxt>
</item>
<item>
<ptxt>Disconnect the #@#@#34#otor </ptxt>
</item>
<item>
<ptxt>Remove the 2 sc#@#@#30#otor </ptxt>
</item>
<item>
<ptxt>Remove the head#@#@#12#otor.</ptxt>
</item>
</list1>
</graphtext>
</grate>
</procstep>
</stepgrp>
<stepgrp id="KC01230201">
<title>Installation</title>
<procstep>
<title>Headlamp wiper motor</title>
<list1 enumtype="d">
<item>
<ptxt>Position the he#@#@#14#otor </ptxt>
</item>
<item>
<ptxt>Install the scr#@#@#93# to: <emph>8 Nm</emph>
</ptxt>
</item>
<item>
<ptxt>Connect the con#@#@#1#ector</ptxt>
</item>
<item>
<ptxt>Install<xref>
<ref id="KC07537662"/>
</xref>. </ptxt>
</item>
</list1>
</procstep>
</stepgrp>
</procedure>
</servinfosub>