<?xml version="1.0" encoding="UTF-8"?><script xmlns:nevis="http://www.volvocars.com/namespaces/processing" xmlns:xlink="http://www.w3.org/1999/xlink" IE-ID="en-US0900c8af8731d902" docno="VCC-493152" id="nev24889044n1" nevis:expl-profile="mdl235yr2017, mdl236yr2017, mdl235yr2018, mdl236yr2018" nevis:profile="urn:x-nevis:profile:0b00c8af86dd9c01 urn:x-nevis:profile:0b00c8af86dd9c02 urn:x-nevis:profile:0b00c8af8734634a urn:x-nevis:profile:0b00c8af873465d2" nevis:projectdocument="urn:x-nevis:projectdocument:0800c8af8731dab8" nevis:resource="0900c8af8731daf3" nevis:resource2="urn:x-nevis:fragment:0900c8af8731d902:0900c8af8731daf3#nev24889044n1" nevis:session-id="" qualifierinfotype="14:06" xml:lang="en-US"><title id="nev24889044n2"><phrase category="Title" id="nev24889045n1" phrase-urn="urn:x-nevis:phrase:0800c8af86f03262">Component test:</phrase><phrase category="Generic Component" id="nev24889046n1" phrase-urn="urn:x-nevis:phrase:0800c8af86ca46d2">Motor, luggage #@#@#12#cover</phrase></title><content id="nev24889044n3-nev24889032n1" nevis:expl-profile="mdl235yr2017, mdl236yr2017, mdl235yr2018, mdl236yr2018" nevis:idfrom="nev24889044n3" nevis:prefix="nev24889044n3" nevis:profile="urn:x-nevis:profile:0b00c8af86dd9c01 urn:x-nevis:profile:0b00c8af86dd9c02 urn:x-nevis:profile:0b00c8af8734634a urn:x-nevis:profile:0b00c8af873465d2" nevis:resource="0900c8af8731daf1" nevis:resource2="urn:x-nevis:fragment:0900c8af8731d902:0900c8af8731daf1#nev24889032n1" xml:lang="en-US"><nodes id="nev24889044n3-nev24889032n2"/><SpaScript Id="4b7159da-98df-4230-98ef-12e4c5278aab" Name="Component test: Motor, luggage compartment cover " Type="FaultTracing" id="nev24889044n3-nev24889048n1"><Module Annotation="First we run the generic component test module.&#xD;&#xA;After that you can put your individual&#xD;&#xA;component tests..." IsEventHandler="false" Name="Main" id="nev24889044n3-nev24889049n1"><Variable Id="test_remove" Scope="Local" Type="InfoDisplay" id="nev24889044n3-nev24889050n1"><Value Type="InfoDisplayVariable" id="nev24889044n3-nev24889051n1"><infoDisplay id="nev24889044n3-nev24889032n7"><title id="nev24889044n3-nev24889032n8"><freeText id="nev24889044n3-nev24889032n9">Test Test Test</freeText></title><para id="nev24889044n3-nev24889032n10"><freeText id="nev24889044n3-nev24889033n1">Detta är den ge#@#@#45#p... </freeText></para><para id="nev24889044n3-nev24889033n2"><freeText id="nev24889044n3-nev24889033n3">Denna text visa#@#@#42#erats</freeText></para></infoDisplay></Value></Variable><Variable Id="Input" Scope="Input" Type="FaultTracing.Input" id="nev24889044n3-nev24889052n1"/><Component Annotation="Generic test to inform about the DTC condition for faulttracing this cmponent." ComponentId="CallModule_GenericComponentTest" id="nev24889044n3-nev24889053n1"><CallModule id="nev24889044n3-nev24889054n1"><Input Module="GenericComponentTest" id="nev24889044n3-nev24889055n1"><Arg Value="{Input}" id="nev24889044n3-nev24889056n1"/></Input></CallModule></Component><Component ComponentId="RunScript1" id="nev24889044n3-nev24889057n1"><RunScript id="nev24889044n3-nev24889058n1"><Input id="nev24889044n3-nev24889059n1"><NevisLink ProjectDocumentId="0800c8af8731cfb5" VCCNumber="VCC-493137-1" VariantId="0900c8af8731d085" id="nev24889044n3-nev24889060n1"/><Contract id="nev24889044n3-nev24889061n1"/><Arguments id="nev24889044n3-nev24889062n1"/><NevisXRef id="nev24889044n3-nev24889063n1"><ref id="nev24889044n3-nev24889047n1"><locator xlink:href="#nev24889044n3-nev24889047n1" xlink:type="locator"/><locator xlink:href="urn:x-nevis:xref:0800c8af8731cfb5:00000000:00000000#nev24887484n1" xlink:type="locator"/><arc nevis:href="urn:x-nevis:xref:0800c8af8731cfb5:00000000:00000000#nev24887484n1" xlink:title="VCC-493137, Motor, luggage compartment cover" xlink:type="arc"/></ref></NevisXRef></Input></RunScript></Component></Module><Module IsEventHandler="false" Name="Final" id="nev24889044n3-nev24889067n1"/><Module Annotation="Do not touch!" IsEventHandler="false" Name="GenericComponentTest" id="nev24889044n3-nev24889068n1"><Variable Id="InfoDisplayFromGenericLogic" Scope="Local" Type="InfoDisplay" id="nev24889044n3-nev24889069n1"><Value Type="InfoDisplayVariable" id="nev24889044n3-nev24889070n1"><infoDisplay id="nev24889044n3-nev24889034n3"/></Value></Variable><Variable Id="DTCs" Scope="Input" Type="List[String]" id="nev24889044n3-nev24889071n1"/><Component ComponentId="Logger_running_generic" id="nev24889044n3-nev24889072n1"><Logger id="nev24889044n3-nev24889073n1"><Input Text="Running module GenericComponenttest in component test 14:06..........   --- Version: 2015-01-23," id="nev24889044n3-nev24889074n1"/></Logger></Component><Component Annotation="Run the Generic Logic 14:00" ComponentId="RunScript_generic_logic" id="nev24889044n3-nev24889075n1"><RunScript id="nev24889044n3-nev24889076n1"><Input id="nev24889044n3-nev24889077n1"><NevisLink ProjectDocumentId="0800c8af86b6bb5c" VCCNumber="VCC-479232-1" VariantId="0900c8af86b6bb6b" id="nev24889044n3-nev24889078n1"/><Contract id="nev24889044n3-nev24889079n1"><InputVariable Name="DTC_input_data" Type="FaultTracing.Input" id="nev24889044n3-nev24889080n1"/><OutputVariable Name="Error" Type="Double" id="nev24889044n3-nev24889081n1"/><OutputVariable Name="ReturnInfoDisplay" Type="InfoDisplay" id="nev24889044n3-nev24889082n1"/><OutputVariable Name="Only_UC_since_LC" Type="Double" id="nev24889044n3-nev24889083n1"/><OutputVariable Name="TF_since_LC_TestPassedNow" Type="Double" id="nev24889044n3-nev24889084n1"/><OutputVariable Name="TF_since_LC_TestNotRunning" Type="Double" id="nev24889044n3-nev24889085n1"/><OutputVariable Name="TF_since_LC_and_UC_this_OC" Type="Double" id="nev24889044n3-nev24889086n1"/><OutputVariable Name="FaultFreeComponent" Type="Double" id="nev24889044n3-nev24889087n1"/></Contract><Arguments InputValue1="{DTCs}" id="nev24889044n3-nev24889088n1"/><NevisXRef id="nev24889044n3-nev24889036n2"><ref id="nev24889044n3-nev24889036n3"><locator xlink:href="#nev24889044n3-nev24889036n3" xlink:type="locator"/><locator xlink:href="urn:x-nevis:xref:0800c8af86b6bb5c:00000000:00000000#nev22873702n1" xlink:type="locator"/><arc nevis:href="urn:x-nevis:xref:0800c8af86b6bb5c:00000000:00000000#nev22873702n1" xlink:title="VCC-479232, Generic logic for component test" xlink:type="arc"/></ref></NevisXRef></Input></RunScript></Component><If Annotation="if no error show generic info about DTC status for component" LogicId="If_no_error" id="nev24889044n3-nev24889092n1"><LogicStatement Expression="RunScript_generic_logic_Result.Error == False" id="nev24889044n3-nev24889093n1"/><True id="nev24889044n3-nev24889094n1"><Component ComponentId="Logger_showing_infodisplay" id="nev24889044n3-nev24889095n1"><Logger id="nev24889044n3-nev24889096n1"><Input Text="Showing information from generic logic script" id="nev24889044n3-nev24889097n1"/></Logger></Component><Component Annotation="From infodisplay returned by generic logic to a local infodisplay variable due to a bug in SPASE " ComponentId="AssignValue_Infodisplay" id="nev24889044n3-nev24889098n1"><AssignValue id="nev24889044n3-nev24889099n1"><Input AssignTo="{InfoDisplayFromGenericLogic}" Value="{RunScript_generic_logic_Result ReturnInfoDisplay}" id="nev24889044n3-nev24889100n1"/></AssignValue></Component><Component Annotation="Result from the generic logic 14:00" ComponentId="DisplayInformation_FromGenericLogic" id="nev24889044n3-nev24889101n1"><DisplayInformation id="nev24889044n3-nev24889102n1"><Input ButtonType="0" InfoDisplay="{InfoDisplayFromGenericLogic}" id="nev24889044n3-nev24889103n1"/></DisplayInformation></Component><If Annotation="If component only has unconfirmed DTC" LogicId="If_OnlyUnconfirmed" id="nev24889044n3-nev24889104n1"><LogicStatement Expression="RunScript_generic_logic_Result.Only_UC_since_LC == True" id="nev24889044n3-nev24889105n1"/><True id="nev24889044n3-nev24889106n1"><Component ComponentId="Logger_onlyUnconfirmed" id="nev24889044n3-nev24889107n1"><Logger id="nev24889044n3-nev24889108n1"><Input Text="The component Test 14:06, Module: GenericcomponentTest is now starting the 14:00 generic script for only unconfirmed since generic logic responded that there was only unconfirmed DTC" id="nev24889044n3-nev24889109n1"/></Logger></Component><Component Annotation="Generic Logic only for unconfirmed faulttracing" ComponentId="RunScript_OnlyUnconfirmed" id="nev24889044n3-nev24889110n1"><RunScript id="nev24889044n3-nev24889111n1"><Input id="nev24889044n3-nev24889112n1"><NevisLink ProjectDocumentId="0800c8af86bbe0d4" VCCNumber="VCC-479592-1" VariantId="0900c8af86bbddf9" id="nev24889044n3-nev24889113n1"/><Contract id="nev24889044n3-nev24889114n1"><InputVariable Name="AttemptNo" Type="Double" id="nev24889044n3-nev24889115n1"/><InputVariable Name="DTCs" Type="List[String]" id="nev24889044n3-nev24889116n1"/><OutputVariable Name="Verified" Type="Double" id="nev24889044n3-nev24889117n1"/><OutputVariable Name="ReturningInfodisplay" Type="InfoDisplay" id="nev24889044n3-nev24889118n1"/></Contract><Arguments InputValue1="1" InputValue2="{DTCs}" id="nev24889044n3-nev24889119n1"/><NevisXRef id="nev24889044n3-nev24889039n2"><ref id="nev24889044n3-nev24889039n3"><locator xlink:href="#nev24889044n3-nev24889039n3" xlink:type="locator"/><locator xlink:href="urn:x-nevis:xref:0800c8af86bbe0d4:00000000:00000000#nev22964386n1" xlink:type="locator"/><arc nevis:href="urn:x-nevis:xref:0800c8af86bbe0d4:00000000:00000000#nev22964386n1" xlink:title="VCC-479592, GenericLogicForOnlyUnconfirmedComponentTest" xlink:type="arc"/></ref></NevisXRef></Input></RunScript></Component><Component ComponentId="AssignValue_infodisplay" id="nev24889044n3-nev24889123n1"><AssignValue id="nev24889044n3-nev24889124n1"><Input AssignTo="{InfoDisplayFromGenericLogic}" Value="{RunScript_OnlyUnconfirmed_Result ReturningInfodisplay}" id="nev24889044n3-nev24889125n1"/></AssignValue></Component><Component ComponentId="DisplayInformation_ResultOnlyUnconfirmed" id="nev24889044n3-nev24889126n1"><DisplayInformation id="nev24889044n3-nev24889127n1"><Input ButtonType="0" InfoDisplay="{InfoDisplayFromGenericLogic}" id="nev24889044n3-nev24889128n1"/></DisplayInformation></Component><If Annotation="Verified ?" LogicId="If1" id="nev24889044n3-nev24889129n1"><LogicStatement Expression="RunScript_OnlyUnconfirmed_Result.Verified == True" id="nev24889044n3-nev24889130n1"/><True id="nev24889044n3-nev24889131n1"><Component Annotation="Verified" ComponentId="Logger_finished" id="nev24889044n3-nev24889132n1"><Logger id="nev24889044n3-nev24889133n1"><Input Text="Generic fault tracing instructions for only unconfirmed fault finished. the fault is verified..." id="nev24889044n3-nev24889134n1"/></Logger></Component></True><Else id="nev24889044n3-nev24889135n1"><Component ComponentId="Logger_NotVerifiedRetry2" id="nev24889044n3-nev24889136n1"><Logger id="nev24889044n3-nev24889137n1"><Input Text="The only unconfirmed fault is not verified... Running onlyUnconfirmedScript 14:00 one more time..." id="nev24889044n3-nev24889138n1"/></Logger></Component><Component Annotation="Second try" ComponentId="RunScriptUnconfirmed_2" id="nev24889044n3-nev24889139n1"><RunScript id="nev24889044n3-nev24889140n1"><Input id="nev24889044n3-nev24889141n1"><NevisLink ProjectDocumentId="0800c8af86bbe0d4" VCCNumber="VCC-479592-1" VariantId="0900c8af86bbddf9" id="nev24889044n3-nev24889142n1"/><Contract id="nev24889044n3-nev24889143n1"><InputVariable Name="AttemptNo" Type="Double" id="nev24889044n3-nev24889144n1"/><InputVariable Name="DTCs" Type="List[String]" id="nev24889044n3-nev24889145n1"/><OutputVariable Name="Verified" Type="Double" id="nev24889044n3-nev24889146n1"/><OutputVariable Name="ReturningInfodisplay" Type="InfoDisplay" id="nev24889044n3-nev24889147n1"/></Contract><Arguments InputValue1="2" InputValue2="{DTCs}" id="nev24889044n3-nev24889148n1"/><NevisXRef id="nev24889044n3-nev24889041n10"><ref id="nev24889044n3-nev24889042n1"><locator xlink:href="#nev24889044n3-nev24889042n1" xlink:type="locator"/><locator xlink:href="urn:x-nevis:xref:0800c8af86bbe0d4:00000000:00000000#nev22964386n1" xlink:type="locator"/><arc nevis:href="urn:x-nevis:xref:0800c8af86bbe0d4:00000000:00000000#nev22964386n1" xlink:title="VCC-479592, GenericLogicForOnlyUnconfirmedComponentTest" xlink:type="arc"/></ref></NevisXRef></Input></RunScript></Component><Component Annotation="" ComponentId="AssignValue_infodisplay2" id="nev24889044n3-nev24889152n1"><AssignValue id="nev24889044n3-nev24889153n1"><Input AssignTo="{InfoDisplayFromGenericLogic}" Value="{RunScriptUnconfirmed_2_Result ReturningInfodisplay}" id="nev24889044n3-nev24889154n1"/></AssignValue></Component><Component ComponentId="DisplayInformation_ResultUC_2" id="nev24889044n3-nev24889155n1"><DisplayInformation id="nev24889044n3-nev24889156n1"><Input ButtonType="0" InfoDisplay="{InfoDisplayFromGenericLogic}" id="nev24889044n3-nev24889157n1"/></DisplayInformation></Component></Else></If></True><Else id="nev24889044n3-nev24889158n1"/></If></True><Else id="nev24889044n3-nev24889159n1"><Component ComponentId="Logger_error" id="nev24889044n3-nev24889160n1"><Logger id="nev24889044n3-nev24889161n1"><Input Text="Error! Something is wrong in generic logic14:00 script, no condition is true. disabling viewing of the generic information, continueing directly to specific fault tracing..." id="nev24889044n3-nev24889162n1"/></Logger></Component></Else></If><Component ComponentId="Logger_Finished" id="nev24889044n3-nev24889163n1"><Logger id="nev24889044n3-nev24889164n1"><Input Text="Generic module in 14:06 component test is finished, continuing with specific tests...." id="nev24889044n3-nev24889165n1"/></Logger></Component></Module></SpaScript></content></script>