<?xml version="1.0" encoding="UTF-8"?><servinfosub IE-ID="en-US0900c8af86e4a902" docno="VCC-370315" id="nev13712349n1" original="sv-SE" servinfosubId="nev13712350n1-nev20896358n1" servinfosubRes="0900c8af86412ce9" servinfosubRes2="urn:x-nevis:fragment:0900c8af86e4a902:0900c8af86412ce9#nev20896358n1" xml:lang="en-US">
<operationnumbers>
<operationnumber>25418-2</operationnumber>
</operationnumbers>
<title id="nev13712348n48">Catalytic converter</title>
<toolitemtable id="nev13712350n1-nev21002894n12">
<table id="nev13712350n1-nev21002894n11">
<tgroup cols="2" id="nev13712350n1-nev21002894n10">
<colspec colname="COLSPEC0" colwidth="1.00*" id="nev13712350n1-nev21002894n9"/>
<colspec colname="COLSPEC1" colwidth="1.00*" id="nev13712350n1-nev21002894n8"/>
<thead id="nev13712350n1-nev21002894n7">
<row id="nev13712350n1-nev21002894n6">
<entry id="nev13712350n1-nev21002894n5" nameend="COLSPEC1" namest="COLSPEC0" valign="top">
<ptxt id="nev13712350n1-nev21002894n4">
<emph id="nev13712350n1-nev21002894n3">Special tools</emph>
</ptxt>
</entry>
</row>
</thead>
<tbody id="nev13712350n1-nev21002894n2">
<row id="nev13712350n1-nev21002894n1">
<entry id="nev13712350n1-nev21002925n100">
<graphic id="nev13712350n1-nev21002925n99">
<href>0900c8af8005441#@#@#9#.jpeg</href>
</graphic>
</entry>
<entry id="nev13712350n1-nev21002925n98">
<ptxt id="nev13712350n1-nev21002925n97">
<emph id="nev13712350n1-nev21002925n96">999 5543 Socket#@#@#24#nsor)</emph>
</ptxt>
<ptxt id="nev13712350n1-nev21002925n94">
<emph id="nev13712350n1-nev21002925n93">Tool number:</emph>999 5543</ptxt>
<ptxt id="nev13712350n1-nev21002925n92">
<emph id="nev13712350n1-nev21002925n91">Tool description:</emph>Socket NV-22 (h#@#@#15#nsor)</ptxt>
<ptxt id="nev13712350n1-nev21002925n89">
<emph id="nev13712350n1-nev21002925n88">Tool boards:</emph>20</ptxt>
</entry>
</row>
</tbody>
</tgroup>
</table>
</toolitemtable>
<procedure id="nev13712350n1-nev20984470n1">
<stepgrp boilerplate="false" context="" id="nev13712350n1-nev21002894n90">
<title id="nev13712350n1-0800c8af844a46f6">Removal</title>
<procstep id="nev13712350n1-nev20988380n86">
<note id="nev13712350n1-0800c8af844a42fa">
<ptxt>Removal steps i#@#@#45#ails.</ptxt>
</note>
</procstep>
<procstep id="nev13712350n1-nev20988380n74">
<grate id="nev13712350n1-nev21002894n88">
<graphic id="nev13712350n1-nev21002894n89">
<href>0900c8af8346ae4#@#@#9#.jpeg</href>
</graphic>
<graphtext id="nev13712350n1-nev21002932n1">
<para id="nev13712350n1-nev21002894n86">
<ptxt id="nev13712350n1-nev21002894n87">Remove the screws.</ptxt>
</para>
<para id="nev13712350n1-nev21002894n84">
<ptxt id="nev13712350n1-nev21002894n85">
<torque id="nev13712350n1-nev20988557n6">
<ref id="nev13712350n1-nev20988557n4"/>
</torque>
</ptxt>
</para>
</graphtext>
</grate>
</procstep>
<procstep id="nev13712350n1-nev20988380n67">
<grate id="nev13712350n1-nev21002894n82">
<graphic id="nev13712350n1-nev21002894n83">
<href>0900c8af863e78b#@#@#9#.jpeg</href>
</graphic>
<graphtext id="nev13712350n1-nev21002939n1">
<para id="nev13712350n1-nev21002894n80">
<ptxt id="nev13712350n1-nev21002894n81">Remove the screws.</ptxt>
</para>
<para id="nev13712350n1-nev21002894n78">
<ptxt id="nev13712350n1-nev21002894n79">
<torque id="nev13712350n1-nev20988558n98">
<ref id="nev13712350n1-nev20985417n49"/>
</torque>
</ptxt>
</para>
</graphtext>
</grate>
</procstep>
<procstep id="nev13712350n1-nev20988380n61">
<grate id="nev13712350n1-nev21002894n76">
<graphic id="nev13712350n1-nev21002894n77">
<href>0900c8af85b65f4#@#@#9#.jpeg</href>
</graphic>
<graphtext id="nev13712350n1-nev21002946n1">
<para id="nev13712350n1-nev21002894n74">
<ptxt id="nev13712350n1-nev21002894n75">Remove the screws.</ptxt>
</para>
<para id="nev13712350n1-nev21002894n72">
<ptxt id="nev13712350n1-nev21002894n73">
<torque id="nev13712350n1-nev20988558n91">
<ref id="nev13712350n1-nev20984472n5"/>
</torque>
</ptxt>
</para>
</graphtext>
</grate>
</procstep>
<procstep id="nev13712350n1-nev20988380n55">
<grate id="nev13712350n1-nev21002894n70">
<graphic id="nev13712350n1-nev21002894n71">
<href>0900c8af85b65fb#@#@#9#.jpeg</href>
</graphic>
<graphtext id="nev13712350n1-nev21002953n1">
<caution id="nev13712350n1-0800c8af844a40a5">
<ptxt>Note the positi#@#@#12#able.</ptxt>
</caution>
<para id="nev13712350n1-nev21002894n68">
<ptxt id="nev13712350n1-nev21002894n69">Release the con#@#@#10#atch.</ptxt>
</para>
<para id="nev13712350n1-nev21002894n66">
<ptxt id="nev13712350n1-nev21002894n67">Disconnect the #@#@#5#ctor.</ptxt>
</para>
<para id="nev13712350n1-nev21002894n64">
<ptxt id="nev13712350n1-nev21002894n65">Remove the cabl#@#@#11#lips.</ptxt>
</para>
</graphtext>
</grate>
</procstep>
<procstep id="nev13712350n1-nev20988380n52">
<grate id="nev13712350n1-nev21002894n62">
<graphic id="nev13712350n1-nev21002894n63">
<href>0900c8af8561b9b#@#@#9#.jpeg</href>
</graphic>
<graphtext id="nev13712350n1-nev21002957n1">
<para id="nev13712350n1-nev21002894n60">
<ptxt id="nev13712350n1-nev21002894n61">Remove the screws.</ptxt>
</para>
<para id="nev13712350n1-nev21002894n58">
<ptxt id="nev13712350n1-nev21002894n59">Remove the clips.</ptxt>
</para>
</graphtext>
</grate>
</procstep>
<procstep id="nev13712350n1-nev20988380n49">
<grate id="nev13712350n1-nev21002894n56">
<graphic id="nev13712350n1-nev21002894n57">
<href>0900c8af84a38a7#@#@#9#.jpeg</href>
</graphic>
<graphtext id="nev13712350n1-nev21002961n1">
<note id="nev13712350n1-0800c8af844a4387">
<ptxt>Make sure that #@#@#24#lled.</ptxt>
</note>
<para id="nev13712350n1-nev21002894n54">
<ptxt id="nev13712350n1-nev21002894n55">Remove the nuts.</ptxt>
</para>
<para id="nev13712350n1-nev21002894n52">
<ptxt id="nev13712350n1-nev21002894n53">
<torque id="nev13712350n1-nev20988558n68">
<ref id="nev13712350n1-nev20985417n34"/>
</torque>
</ptxt>
</para>
</graphtext>
</grate>
</procstep>
<procstep id="nev13712350n1-nev20988380n42">
<grate id="nev13712350n1-nev21002894n50">
<graphic id="nev13712350n1-nev21002894n51">
<href>0900c8af85b65fd#@#@#9#.jpeg</href>
</graphic>
<graphtext id="nev13712350n1-nev21002968n1">
<caution id="nev13712350n1-0800c8af844a40a5">
<ptxt>Note the positi#@#@#12#able.</ptxt>
</caution>
<para id="nev13712350n1-nev21002894n48">
<ptxt id="nev13712350n1-nev21002894n49">Disconnect the #@#@#5#ctor.</ptxt>
</para>
<para id="nev13712350n1-nev21002894n46">
<ptxt id="nev13712350n1-nev21002894n47">Remove the cabl#@#@#11#lips.</ptxt>
</para>
</graphtext>
</grate>
</procstep>
<procstep id="nev13712350n1-nev20988380n39">
<grate id="nev13712350n1-nev21002894n44">
<graphic id="nev13712350n1-nev21002894n45">
<href>0900c8af85b665d#@#@#9#.jpeg</href>
</graphic>
<graphtext id="nev13712350n1-nev21002972n1">
<para id="nev13712350n1-nev21002894n42">
<ptxt id="nev13712350n1-nev21002894n43">
<toolitem boilerplate="true" id="nev13712350n1-nev20988558n55" imageid="0900c8af80054418"/>
</ptxt>
</para>
<para id="nev13712350n1-nev21002894n40">
<ptxt id="nev13712350n1-nev21002894n41">
<torque id="nev13712350n1-nev20988558n53">
<ref id="nev13712350n1-nev20985417n24"/>
</torque>
</ptxt>
</para>
</graphtext>
</grate>
</procstep>
<procstep id="nev13712350n1-nev20988558n50">
<grate id="nev13712350n1-nev21002894n38">
<graphic id="nev13712350n1-nev21002894n39">
<href>0900c8af863fb35#@#@#9#.jpeg</href>
</graphic>
<graphtext id="nev13712350n1-nev21002982n1">
<para id="nev13712350n1-nev21002894n36">
<ptxt id="nev13712350n1-nev21002894n37">Remove the screws.</ptxt>
</para>
<para id="nev13712350n1-nev21002894n34">
<ptxt id="nev13712350n1-nev21002894n35">
<torque id="nev13712350n1-nev20988558n45">
<ref id="nev13712350n1-nev20988558n43"/>
</torque>
</ptxt>
</para>
</graphtext>
</grate>
</procstep>
<procstep id="nev13712350n1-nev20988558n41">
<grate id="nev13712350n1-nev21002894n32">
<graphic id="nev13712350n1-nev21002894n33">
<href>0900c8af863fb35#@#@#9#.jpeg</href>
</graphic>
<graphtext id="nev13712350n1-nev21002989n1">
<para id="nev13712350n1-nev21002894n30">
<ptxt id="nev13712350n1-nev21002894n31">Remove the screws.</ptxt>
</para>
<para id="nev13712350n1-nev21002894n28">
<ptxt id="nev13712350n1-nev21002894n29">
<torque id="nev13712350n1-nev20988558n36">
<ref id="nev13712350n1-nev20988558n34"/>
</torque>
</ptxt>
</para>
</graphtext>
</grate>
</procstep>
<procstep id="nev13712350n1-nev20988380n30">
<grate id="nev13712350n1-nev21002894n26">
<graphic id="nev13712350n1-nev21002894n27">
<href>0900c8af84a38a9#@#@#9#.jpeg</href>
</graphic>
<graphtext id="nev13712350n1-nev21002996n1">
<para id="nev13712350n1-nev21002894n24">
<ptxt id="nev13712350n1-nev21002894n25">Remove the nuts.</ptxt>
</para>
<para id="nev13712350n1-nev21002894n22">
<ptxt id="nev13712350n1-nev21002894n23">
<torque id="nev13712350n1-nev20988558n28">
<ref id="nev13712350n1-nev20988558n26"/>
</torque>
</ptxt>
</para>
</graphtext>
</grate>
</procstep>
<procstep id="nev13712350n1-nev20988380n26">
<grate id="nev13712350n1-nev21002894n20">
<graphic id="nev13712350n1-nev21002894n21">
<href>0900c8af84a38a9#@#@#9#.jpeg</href>
</graphic>
<graphtext id="nev13712350n1-nev21003003n1">
<para id="nev13712350n1-nev21002894n18">
<ptxt id="nev13712350n1-nev21002894n19">
<toolitem boilerplate="true" id="nev13712350n1-nev20988558n21" imageid="0900c8af80054418"/>
</ptxt>
</para>
<para id="nev13712350n1-nev21002894n16">
<ptxt id="nev13712350n1-nev21002894n17">
<torque id="nev13712350n1-nev20988558n19">
<ref id="nev13712350n1-nev20985417n10"/>
</torque>
</ptxt>
</para>
</graphtext>
</grate>
</procstep>
</stepgrp>
<stepgrp boilerplate="false" context="" id="nev13712350n1-nev21002894n15">
<title id="nev13712350n1-0800c8af844a46f9">Installation</title>
<procstep id="nev13712350n1-nev20988380n15">
<para id="nev13712350n1-nev21002894n13">
<ptxt id="nev13712350n1-nev21002894n14">To install, rev#@#@#22#dure.</ptxt>
</para>
</procstep>
</stepgrp>
</procedure>
</servinfosub>