<?xml version="1.0" encoding="UTF-8"?><servinfosub IE-ID="en-US0900c8af808e681b" docno="VCC-110471" id="KC02391486" xml:lang="en-US">
<title>
<phrase category="" id="KC06929681" phrase-urn="urn:x-nevis:phrase:0800c8af81a085c2">Power supply to#@#@#19#ault.</phrase>
</title>
<diagnostic type="test">
<testgrp IE-ID="en-US0900c8af808e681b_KC02391487" id="KC02391487" j2008use="1" paperuse="1" resumable="1" screenuse="1" testgrp-id="ba7" x="120" y="80">
<title>
<phrase category="" id="KC06929682" phrase-urn="urn:x-nevis:phrase:0800c8af81a085c3">Checking the po#@#@#10# wire</phrase>
</title>
<node>
<test1>
<test2>
<ptxt>
<phrase category="" id="KC06929683" phrase-urn="urn:x-nevis:phrase:0800c8af81a085c4">Check the wire #@#@#127#d in <xref>
<ref id="KC06929684"/>
</xref>.</phrase>
</ptxt>
<note>
<ptxt>
<phrase category="" id="KC06929685" phrase-urn="urn:x-nevis:phrase:0800c8af81a085c5">With ignition o#@#@#136#5.0V.</phrase>
</ptxt>
</note>
<list1 enumtype="d" type="unordered">
<title>
<phrase category="" id="KC06929686" phrase-urn="urn:x-nevis:phrase:0800c8af81a085c6">Additional info#@#@#3#tion:</phrase>
</title>
<item>
<ptxt>
<phrase category="" id="KC06929687" phrase-urn="urn:x-nevis:phrase:0800c8af81a085c8">To connect the #@#@#9# see <xref>
<ref id="KC06929688"/>
</xref>.</phrase>
</ptxt>
</item>
<item>
<ptxt>
<phrase category="" id="KC06929689" phrase-urn="urn:x-nevis:phrase:0800c8af81a085ca">For information#@#@#22# see <xref>
<ref id="KC06929690"/>
</xref>.</phrase>
</ptxt>
</item>
<item>
<ptxt>
<phrase category="" id="KC06929691" phrase-urn="urn:x-nevis:phrase:0800c8af81a085cb">For information#@#@#18# see <xref>
<ref id="KC06929692"/>
</xref>.</phrase>
</ptxt>
</item>
</list1>
<diaglist>
<dgraphic>
<dgraphic1>
<graphic id="KC06929693">
<href>0900c8af80058cb#@#@#9#.jpeg</href>
</graphic>
</dgraphic1>
<dgraphic2>
<graphic id="KC06929694">
<href>0900c8af80054d4#@#@#9#.jpeg</href>
</graphic>
<smarttool active="press" id="KC06929695" toolname="VDCDAH"/>
</dgraphic2>
</dgraphic>
<ditem>
<ditemtext>
<ptxt>
<phrase category="" id="KC06929696" phrase-urn="urn:x-nevis:phrase:0800c8af81a085cc"/>
</ptxt>
</ditemtext>
</ditem>
</diaglist>
</test2>
</test1>
<question>Press Continue #@#@#29#fied.</question>
<resact-grp>
<result button="cont" comp="button" highlight="0"/>
<action j2008use="1" paperuse="1" screenuse="1">
<ptxt>
<xref>
<ref id="KC06929697"/>
</xref>
</ptxt>
</action>
</resact-grp>
</node>
</testgrp>
<testgrp id="KC02391488" j2008use="1" paperuse="1" resumable="1" screenuse="1" testgrp-id="veri" x="440" y="80">
<title>
<phrase category="" id="KC06929698" phrase-urn="urn:x-nevis:phrase:0800c8af81a085cd">Verification</phrase>
</title>
<subcalloutnode>
<diagcallout>
<xref>
<ref id="KC06929699"/>
</xref>
</diagcallout>
<rescall-grp>
<result comp="string" highlight="0" op="eq" return="VERIFIED"/>
<calloutaction>
<return value="FAULT FOUND"/>
</calloutaction>
</rescall-grp>
<rescall-grp>
<result comp="string" highlight="0" op="eq" return="VERIFICATION FAILED"/>
<calloutaction>
<ptxt>
<xref>
<ref id="KC06929700"/>
</xref>
</ptxt>
</calloutaction>
</rescall-grp>
</subcalloutnode>
</testgrp>
<testgrp id="KC02391489" j2008use="1" paperuse="1" resumable="1" screenuse="1" testgrp-id="info1" x="600" y="80">
<title>
<phrase category="" id="KC06929701" phrase-urn="urn:x-nevis:phrase:0800c8af81a085cf">Trouble-shootin#@#@#8#ation</phrase>
</title>
<subcalloutnode>
<diagcallout>
<xref>
<ref id="KC06929702"/>
</xref>
</diagcallout>
<rescall-grp>
<result comp="string" highlight="0" op="eq" return="NEW TRY"/>
<calloutaction>
<ptxt>
<xref>
<ref id="KC06929703"/>
</xref>
</ptxt>
</calloutaction>
</rescall-grp>
<rescall-grp>
<result comp="string" highlight="0" op="eq" return="FAULTTRACING FAILED"/>
<calloutaction>
<return value="FAULTTRACING FAILED"/>
</calloutaction>
</rescall-grp>
</subcalloutnode>
</testgrp>
</diagnostic>
</servinfosub>