<?xml version="1.0" encoding="UTF-8"?><FunctionGroup2 Qualifier="Specifications, mechanical" group="26" name="Cooling system"><serv-cat servcat.name=" Cooling System (Mechanical)"/><serv-cat servcat.name="Cooling Fan"/><doc-head>Engine</doc-head><doc-subhead>Cooling System - Specifications, mechanical</doc-subhead>
          <FunctionGroup3 group="260" name="general">
            <ti_title id="TITitle-12345-95" navTitle="navTitle" shortYearRange="2004-2012" title="ti_title" yearRange="2004-2012">
              <servinfosub IE-ID="en-US0900c8af8653703d" docno="VCC-370339" id="en-US0900c8af8653703d-nev13712670n1" original="sv-SE" servinfosubId="nev13712671n1-nev13712670n4" servinfosubRes="0900c8af869a1a68" servinfosubRes2="urn:x-nevis:fragment:0900c8af8653703d:0900c8af869a1a68#nev13712670n4" xml:lang="en-US" yearRange="2004-2012">
<title id="en-US0900c8af8653703d-nev13712667n87">Water quality</title>
<procedure id="en-US0900c8af8653703d-nev13712671n1-nev13712667n89">
<stepgrp id="en-US0900c8af8653703d-nev13712671n1-nev13712667n90">
<procstep id="en-US0900c8af8653703d-nev13712671n1-nev13712667n91" toc-include="yes">
<title id="en-US0900c8af8653703d-nev13712671n1-nev13712667n92"/>
<table frame="all" id="en-US0900c8af8653703d-nev13712671n1-nev13712667n93" pgwide="1">
<tgroup cols="2" colsep="1" id="en-US0900c8af8653703d-nev13712671n1-nev13712667n95" rowsep="1">
<colspec colwidth="131.82*" id="en-US0900c8af8653703d-nev13712671n1-nev13712667n96"/>
<colspec align="left" colwidth="97.18*" id="en-US0900c8af8653703d-nev13712671n1-nev13712667n97"/>
<thead id="en-US0900c8af8653703d-nev13712671n1-nev13712678n31">
<row id="en-US0900c8af8653703d-nev13712671n1-nev13712678n32">
<entry id="en-US0900c8af8653703d-nev13712671n1-nev13712678n33" morerows="0" rotate="0" valign="middle">
<ptxt id="en-US0900c8af8653703d-nev13712671n1-nev13712678n34">Description</ptxt>
</entry>
<entry id="en-US0900c8af8653703d-nev13712671n1-nev13712678n35" morerows="0" rotate="0" valign="middle">
<ptxt id="en-US0900c8af8653703d-nev13712671n1-nev13712672n2">Quantity</ptxt>
</entry>
</row>
</thead>
<tbody id="en-US0900c8af8653703d-nev13712671n1-nev13712667n98">
<row id="en-US0900c8af8653703d-nev13712671n1-nev13712672n4">
<entry id="en-US0900c8af8653703d-nev13712671n1-nev13712672n5" morerows="0" rotate="0" valign="middle">
<ptxt id="en-US0900c8af8653703d-nev13712671n1-nev13712678n36">Total fixed particles</ptxt>
</entry>
<entry id="en-US0900c8af8653703d-nev13712671n1-nev13712672n7" morerows="0" rotate="0" valign="middle">
<ptxt id="en-US0900c8af8653703d-nev13712671n1-nev13712678n37">&lt; 340 ppm</ptxt>
</entry>
</row>
<row id="en-US0900c8af8653703d-nev13712671n1-nev13712672n9">
<entry align="left" id="en-US0900c8af8653703d-nev13712671n1-nev13712672n10" morerows="0" rotate="0" valign="middle">
<ptxt id="en-US0900c8af8653703d-nev13712671n1-nev13712678n38">Total hardness</ptxt>
</entry>
<entry id="en-US0900c8af8653703d-nev13712671n1-nev13712672n12" morerows="0" rotate="0" valign="middle">
<ptxt id="en-US0900c8af8653703d-nev13712671n1-nev13712678n39">&lt; 9.5μ° dH </ptxt>
</entry>
</row>
<row id="en-US0900c8af8653703d-nev13712671n1-nev13712672n14">
<entry align="left" id="en-US0900c8af8653703d-nev13712671n1-nev13712672n15" morerows="0" rotate="0" valign="middle">
<ptxt id="en-US0900c8af8653703d-nev13712671n1-nev13712678n40">Chloride</ptxt>
</entry>
<entry id="en-US0900c8af8653703d-nev13712671n1-nev13712672n17" morerows="0" rotate="0" valign="middle">
<ptxt id="en-US0900c8af8653703d-nev13712671n1-nev13712678n41">&lt; 40 ppm</ptxt>
</entry>
</row>
<row id="en-US0900c8af8653703d-nev13712671n1-nev13712672n19">
<entry align="left" id="en-US0900c8af8653703d-nev13712671n1-nev13712672n20" morerows="0" rotate="0" valign="middle">
<ptxt id="en-US0900c8af8653703d-nev13712671n1-nev13712678n42">Sulphate</ptxt>
</entry>
<entry id="en-US0900c8af8653703d-nev13712671n1-nev13712672n22" morerows="0" rotate="0" valign="middle">
<ptxt id="en-US0900c8af8653703d-nev13712671n1-nev13712678n43">&lt; 100 ppm</ptxt>
</entry>
</row>
<row id="en-US0900c8af8653703d-nev13712671n1-nev13712672n24">
<entry align="left" id="en-US0900c8af8653703d-nev13712671n1-nev13712672n25" morerows="0" rotate="0" valign="middle">
<ptxt id="en-US0900c8af8653703d-nev13712671n1-nev13712678n44">pH value</ptxt>
</entry>
<entry id="en-US0900c8af8653703d-nev13712671n1-nev13712672n27" morerows="0" rotate="0" valign="middle">
<ptxt id="en-US0900c8af8653703d-nev13712671n1-nev13712678n45">5.5-9</ptxt>
</entry>
</row>
<row id="en-US0900c8af8653703d-nev13712671n1-nev13712672n29">
<entry align="left" id="en-US0900c8af8653703d-nev13712671n1-nev13712672n30" morerows="0" rotate="0" valign="middle">
<ptxt id="en-US0900c8af8653703d-nev13712671n1-nev13712678n46">Silicon</ptxt>
</entry>
<entry id="en-US0900c8af8653703d-nev13712671n1-nev13712672n32" morerows="0" rotate="0" valign="middle">
<ptxt id="en-US0900c8af8653703d-nev13712671n1-nev13712678n47">&lt; 20 mg SiO2/l</ptxt>
</entry>
</row>
<row id="en-US0900c8af8653703d-nev13712671n1-nev13712672n34">
<entry align="left" id="en-US0900c8af8653703d-nev13712671n1-nev13712672n35" morerows="0" rotate="0" valign="middle">
<ptxt id="en-US0900c8af8653703d-nev13712671n1-nev13712678n48">Iron</ptxt>
</entry>
<entry id="en-US0900c8af8653703d-nev13712671n1-nev13712672n37" morerows="0" rotate="0" valign="middle">
<ptxt id="en-US0900c8af8653703d-nev13712671n1-nev13712678n49">&lt; 0.10 ppm</ptxt>
</entry>
</row>
<row id="en-US0900c8af8653703d-nev13712671n1-nev13712672n39">
<entry align="left" id="en-US0900c8af8653703d-nev13712671n1-nev13712672n40" morerows="0" rotate="0" valign="middle">
<ptxt id="en-US0900c8af8653703d-nev13712671n1-nev13712678n50">Manganese</ptxt>
</entry>
<entry id="en-US0900c8af8653703d-nev13712671n1-nev13712672n42" morerows="0" rotate="0" valign="middle">
<ptxt id="en-US0900c8af8653703d-nev13712671n1-nev13712678n51">&lt; 0.05 ppm</ptxt>
</entry>
</row>
<row id="en-US0900c8af8653703d-nev13712671n1-nev13712672n44">
<entry align="left" id="en-US0900c8af8653703d-nev13712671n1-nev13712672n45" morerows="0" rotate="0" valign="middle">
<ptxt id="en-US0900c8af8653703d-nev13712671n1-nev13712678n52">Conductivity</ptxt>
</entry>
<entry id="en-US0900c8af8653703d-nev13712671n1-nev13712672n47" morerows="0" rotate="0" valign="middle">
<ptxt id="en-US0900c8af8653703d-nev13712671n1-nev13712678n53">&lt; 500 μS/cm</ptxt>
</entry>
</row>
<row id="en-US0900c8af8653703d-nev13712671n1-nev13712672n49">
<entry align="left" id="en-US0900c8af8653703d-nev13712671n1-nev13712672n50" morerows="0" rotate="0" valign="middle">
<ptxt id="en-US0900c8af8653703d-nev13712671n1-nev13712678n54">Organic content COD-Mn</ptxt>
</entry>
<entry id="en-US0900c8af8653703d-nev13712671n1-nev13712672n52" morerows="0" rotate="0" valign="middle">
<ptxt id="en-US0900c8af8653703d-nev13712671n1-nev13712678n55">&lt; 115 mg/l</ptxt>
</entry>
</row>
</tbody>
</tgroup>
</table>
</procstep>
<procstep id="en-US0900c8af8653703d-nev13712671n1-nev17988155n250" toc-include="yes">
<title id="en-US0900c8af8653703d-nev13712671n1-nev17988155n249"/>
<ptxt id="en-US0900c8af8653703d-nev13712671n1-nev17988155n248">For more info see section:<xref id="en-US0900c8af8653703d-nev13712671n1-nev18010821n250">
<ref id="en-US0900c8af881f533d-nev13712668n1(200420052006200720082009201020112012)"/>
</xref>
</ptxt>
</procstep>
</stepgrp>
</procedure>
<servinfosub IE-ID="en-US0900c8af881f533d" docno="VCC-370338" id="en-US0900c8af881f533d-nev13712668n1" original="sv-SE" servinfosubId="nev13712669n1-nev13712668n4" servinfosubRes="0900c8af881f534b" servinfosubRes2="urn:x-nevis:fragment:0900c8af881f533d:0900c8af881f534b#nev13712668n4" xml:lang="en-US">
<title id="en-US0900c8af881f533d-nev13712667n15">Water quality</title>
<toolitemtable id="en-US0900c8af881f533d-nev13712669n1-nev29742073n14">
<table id="en-US0900c8af881f533d-nev13712669n1-nev29742073n13">
<tgroup cols="2" id="en-US0900c8af881f533d-nev13712669n1-nev29742073n12">
<colspec colname="COLSPEC0" colwidth="1.00*" id="en-US0900c8af881f533d-nev13712669n1-nev29742073n11"/>
<colspec colname="COLSPEC1" colwidth="1.00*" id="en-US0900c8af881f533d-nev13712669n1-nev29742073n10"/>
<thead id="en-US0900c8af881f533d-nev13712669n1-nev29742073n9">
<row id="en-US0900c8af881f533d-nev13712669n1-nev29742073n8">
<entry id="en-US0900c8af881f533d-nev13712669n1-nev29742073n7" nameend="COLSPEC1" namest="COLSPEC0" valign="top">
<ptxt id="en-US0900c8af881f533d-nev13712669n1-nev29742073n6">
<emph id="en-US0900c8af881f533d-nev13712669n1-nev29742073n5">Special tools</emph>
</ptxt>
</entry>
</row>
</thead>
<tbody id="en-US0900c8af881f533d-nev13712669n1-nev29742073n4">
<row id="en-US0900c8af881f533d-nev13712669n1-nev29742073n3">
<entry id="en-US0900c8af881f533d-nev13712669n1-nev29742073n2">
<graphic id="en-US0900c8af881f533d-nev13712669n1-nev29742073n1">
<href>0900c8af8005d775_942_708.jpeg</href>
</graphic>
</entry>
<entry id="en-US0900c8af881f533d-nev13712669n1-nev29742168n100">
<ptxt id="en-US0900c8af881f533d-nev13712669n1-nev29742168n99">
<emph id="en-US0900c8af881f533d-nev13712669n1-nev29742168n98">998 5011 ANTI-FREEZE - BATTERY TESTER</emph>
</ptxt>
<ptxt id="en-US0900c8af881f533d-nev13712669n1-nev29742168n96">
<emph id="en-US0900c8af881f533d-nev13712669n1-nev29742168n95">Tool number:</emph>998 5011</ptxt>
<ptxt id="en-US0900c8af881f533d-nev13712669n1-nev29742168n94">
<emph id="en-US0900c8af881f533d-nev13712669n1-nev29742168n93">Tool description:</emph>ANTI-FREEZE - BATTERY TESTER</ptxt>
<ptxt id="en-US0900c8af881f533d-nev13712669n1-nev29742168n91">
<emph id="en-US0900c8af881f533d-nev13712669n1-nev29742168n90">Tool boards:</emph>08</ptxt>
</entry>
</row>
</tbody>
</tgroup>
</table>
</toolitemtable>
<procedure id="en-US0900c8af881f533d-nev13712669n1-nev13712667n16">
<stepgrp boilerplate="false" context="" id="en-US0900c8af881f533d-nev13712669n1-nev29742073n40">
<title id="en-US0900c8af881f533d-nev13712669n1-0800c8af84680294">General information</title>
<procstep id="en-US0900c8af881f533d-nev13712669n1-nev17742634n84">
<para id="en-US0900c8af881f533d-nev13712669n1-nev29742073n38">
<ptxt id="en-US0900c8af881f533d-nev13712669n1-nev29742073n39">Water that does not meet the requirements of the specification can cause corrosion and deposits in the cooling system.</ptxt>
</para>
</procstep>
<procstep id="en-US0900c8af881f533d-nev13712669n1-nev17752240n51">
<para id="en-US0900c8af881f533d-nev13712669n1-nev29742073n36">
<ptxt id="en-US0900c8af881f533d-nev13712669n1-nev29742073n37">As an alternative, distilled water (battery water) can be used.</ptxt>
</para>
</procstep>
</stepgrp>
<stepgrp boilerplate="false" context="" id="en-US0900c8af881f533d-nev13712669n1-nev29742073n35">
<title id="en-US0900c8af881f533d-nev13712669n1-0800c8af858648c5">Mixing ratio</title>
<procstep id="en-US0900c8af881f533d-nev13712669n1-nev17752240n19">
<list1 enumtype="b" id="en-US0900c8af881f533d-nev13712669n1-nev17752303n38" type="unordered">
<item id="en-US0900c8af881f533d-nev13712669n1-nev29742073n34">
<ptxt id="en-US0900c8af881f533d-nev13712669n1-nev29742073n33">50% water</ptxt>
</item>
<item id="en-US0900c8af881f533d-nev13712669n1-nev29742073n32">
<ptxt id="en-US0900c8af881f533d-nev13712669n1-nev29742073n31">50% Volvo coolant, concentrated</ptxt>
</item>
</list1>
</procstep>
<procstep id="en-US0900c8af881f533d-nev13712669n1-nev17752768n87">
<para id="en-US0900c8af881f533d-nev13712669n1-nev29742073n29">
<ptxt id="en-US0900c8af881f533d-nev13712669n1-nev29742073n30">If in doubt about the water meeting the specification requirements, use Volvo ready-mixed coolant instead.</ptxt>
</para>
</procstep>
</stepgrp>
<stepgrp boilerplate="false" context="" id="en-US0900c8af881f533d-nev13712669n1-nev29742073n28">
<title id="en-US0900c8af881f533d-nev13712669n1-nev29742073n27">Check</title>
<procstep id="en-US0900c8af881f533d-nev13712669n1-nev29742073n26">
<grate id="en-US0900c8af881f533d-nev13712669n1-nev29742073n24">
<graphic id="en-US0900c8af881f533d-nev13712669n1-nev29742073n25">
<href>0900c8af86b6498e_945_709.jpeg</href>
</graphic>
<graphtext id="en-US0900c8af881f533d-nev13712669n1-nev29742175n1">
<caution id="en-US0900c8af881f533d-nev13712669n1-nev29742073n23">
<ptxt>To maintain optimal freeze- and corrosion protection, the freezing point must not be less than -32 °C / -26 °F.</ptxt>
</caution>
<para id="en-US0900c8af881f533d-nev13712669n1-nev29742073n20">
<ptxt id="en-US0900c8af881f533d-nev13712669n1-nev29742073n22">
<toolitem boilerplate="true" id="en-US0900c8af881f533d-nev13712669n1-nev29742073n21" imageid="0900c8af8005d775"/>
</ptxt>
</para>
</graphtext>
</grate>
</procstep>
</stepgrp>
<stepgrp boilerplate="false" context="" id="en-US0900c8af881f533d-nev13712669n1-nev29742073n19">
<title id="en-US0900c8af881f533d-nev13712669n1-0800c8af844a4707">Cleaning</title>
<procstep id="en-US0900c8af881f533d-nev13712669n1-nev17752768n23">
<para id="en-US0900c8af881f533d-nev13712669n1-nev29742073n17">
<ptxt id="en-US0900c8af881f533d-nev13712669n1-nev29742073n18">When changing coolant or components, ensure that the system is flushed clean with water that meets the specification requirements.</ptxt>
</para>
</procstep>
<procstep id="en-US0900c8af881f533d-nev13712669n1-nev17752769n72">
<para id="en-US0900c8af881f533d-nev13712669n1-nev29742073n15">
<ptxt id="en-US0900c8af881f533d-nev13712669n1-nev29742073n16">Alternatively, Volvo ready-mixed coolant can be used.</ptxt>
</para>
</procstep>
</stepgrp>
</procedure>
</servinfosub></servinfosub>
            </ti_title>
          </FunctionGroup3>
        </FunctionGroup2>