<?xml version="1.0" encoding="UTF-8"?><orphans><doc-subhead>Springs and wheels</doc-subhead><ti_title><servinfosub IE-ID="en-US0900c8af8591bf0c" docno="VCC-370843" id="en-US0900c8af8591bf0c-nev13716488n1" original="sv-SE" servinfosubId="nev13716489n1-nev18043443n1" servinfosubRes="0900c8af85d21a53" servinfosubRes2="urn:x-nevis:fragment:0900c8af8591bf0c:0900c8af85d21a53#nev18043443n1" xml:lang="en-US" yearRange="">
<title id="en-US0900c8af8591bf0c-nev13716485n29">Front Stabilizer Bar Link</title>
<procedure id="en-US0900c8af8591bf0c-nev13716489n1-nev18043446n2">
<stepgrp boilerplate="false" context="" id="en-US0900c8af8591bf0c-nev13716489n1-nev19125888n98">
<title id="en-US0900c8af8591bf0c-nev13716489n1-nev18043446n4">Removal</title>
<procstep id="en-US0900c8af8591bf0c-nev13716489n1-nev18043446n5">
<note id="en-US0900c8af8591bf0c-nev13716489n1-nev18043446n7">
<ptxt>Removal steps in this procedure may contain installation details.</ptxt>
</note>
</procstep>
<procstep id="en-US0900c8af8591bf0c-nev13716489n1-nev18043446n8">
<para id="en-US0900c8af8591bf0c-nev13716489n1-nev19125888n96">
<ptxt id="en-US0900c8af8591bf0c-nev13716489n1-nev19125888n97">Remove the wheel<xref boilerplate="true" id="en-US0900c8af8591bf0c-nev13716489n1-nev18043447n2">
<ref id="en-US0900c8af86b99124-nev13716510n1(200420052006200720082009201020112012)"/>
</xref>
</ptxt>
</para>
</procstep>
<procstep id="en-US0900c8af8591bf0c-nev13716489n1-nev18043447n4">
<grate id="en-US0900c8af8591bf0c-nev13716489n1-nev19125888n94">
<graphic id="en-US0900c8af8591bf0c-nev13716489n1-nev19125888n95">
<href>0900c8af8591bf64_950_600.jpeg</href>
</graphic>
<graphtext id="en-US0900c8af8591bf0c-nev13716489n1-nev19125912n1">
<list1 enumtype="n" id="en-US0900c8af8591bf0c-nev13716489n1-nev18043447n8" type="ordered">
<item id="en-US0900c8af8591bf0c-nev13716489n1-nev19125888n93">
<ptxt id="en-US0900c8af8591bf0c-nev13716489n1-nev19125888n92">
<torque id="en-US0900c8af8591bf0c-nev13716489n1-nev18043448n1">
<ref id="en-US0900c8af86996e07(null)"/>
</torque>
</ptxt>
</item>
<item id="en-US0900c8af8591bf0c-nev13716489n1-nev19125888n91">
<ptxt id="en-US0900c8af8591bf0c-nev13716489n1-nev19125888n90">
<torque id="en-US0900c8af8591bf0c-nev13716489n1-nev18043448n5">
<ref id="en-US0900c8af86aaa5c6(null)"/>
</torque>
</ptxt>
</item>
</list1>
</graphtext>
</grate>
</procstep>
</stepgrp>
<stepgrp boilerplate="false" context="" id="en-US0900c8af8591bf0c-nev13716489n1-nev19125888n89">
<title id="en-US0900c8af8591bf0c-nev13716489n1-nev18043448n8">Installation</title>
<procstep id="en-US0900c8af8591bf0c-nev13716489n1-nev18043448n9">
<para id="en-US0900c8af8591bf0c-nev13716489n1-nev19125888n87">
<ptxt id="en-US0900c8af8591bf0c-nev13716489n1-nev19125888n88">To install, reverse the removal procedure.</ptxt>
</para>
</procstep>
</stepgrp>
</procedure>
</servinfosub><servinfosub IE-ID="en-US0900c8af8591bf2d" docno="VCC-370843" id="en-US0900c8af8591bf2d-nev13716488n1" original="sv-SE" servinfosubId="nev13716489n1-nev13716490n1" servinfosubRes="0900c8af8591bf6c" servinfosubRes2="urn:x-nevis:fragment:0900c8af8591bf2d:0900c8af8591bf6c#nev13716490n1" xml:lang="en-US" yearRange="">
<title id="en-US0900c8af8591bf2d-nev13716485n29">Front Stabilizer Bar Link</title>
<procedure id="en-US0900c8af8591bf2d-nev13716489n1-nev13716485n72">
<stepgrp boilerplate="false" context="" id="en-US0900c8af8591bf2d-nev13716489n1-nev18043395n21">
<title id="en-US0900c8af8591bf2d-nev13716489n1-nev15229952n99">Removal</title>
<procstep id="en-US0900c8af8591bf2d-nev13716489n1-nev15229944n18">
<note id="en-US0900c8af8591bf2d-nev13716489n1-nev15229952n97">
<ptxt>Removal steps in this procedure may contain installation details.</ptxt>
</note>
</procstep>
<procstep id="en-US0900c8af8591bf2d-nev13716489n1-nev13716485n76">
<para id="en-US0900c8af8591bf2d-nev13716489n1-nev18043395n19">
<ptxt id="en-US0900c8af8591bf2d-nev13716489n1-nev18043395n20">Remove the wheel<xref boilerplate="true" id="en-US0900c8af8591bf2d-nev13716489n1-nev15229952n92">
<ref id="en-US0900c8af86b99124-nev13716510n1(200420052006200720082009201020112012)"/>
</xref>
</ptxt>
</para>
</procstep>
<procstep id="en-US0900c8af8591bf2d-nev13716489n1-nev15229943n51">
<grate id="en-US0900c8af8591bf2d-nev13716489n1-nev18043395n17">
<graphic id="en-US0900c8af8591bf2d-nev13716489n1-nev18043395n18">
<href>0900c8af8591bf64_950_600.jpeg</href>
</graphic>
<graphtext id="en-US0900c8af8591bf2d-nev13716489n1-nev18043490n1">
<list1 enumtype="n" id="en-US0900c8af8591bf2d-nev13716489n1-nev15229952n91" type="ordered">
<item id="en-US0900c8af8591bf2d-nev13716489n1-nev18043395n16">
<ptxt id="en-US0900c8af8591bf2d-nev13716489n1-nev18043395n15">
<torque id="en-US0900c8af8591bf2d-nev13716489n1-nev15229952n89">
<ref id="en-US0900c8af86996e07(null)"/>
</torque>
</ptxt>
</item>
<item id="en-US0900c8af8591bf2d-nev13716489n1-nev18043395n14">
<ptxt id="en-US0900c8af8591bf2d-nev13716489n1-nev18043395n13">
<torque id="en-US0900c8af8591bf2d-nev13716489n1-nev15229952n85">
<ref id="en-US0900c8af86aaa5c6(null)"/>
</torque>
</ptxt>
</item>
</list1>
</graphtext>
</grate>
</procstep>
</stepgrp>
<stepgrp boilerplate="false" context="" id="en-US0900c8af8591bf2d-nev13716489n1-nev18043395n12">
<title id="en-US0900c8af8591bf2d-nev13716489n1-nev15229952n81">Installation</title>
<procstep id="en-US0900c8af8591bf2d-nev13716489n1-nev15229944n39">
<para id="en-US0900c8af8591bf2d-nev13716489n1-nev18043395n10">
<ptxt id="en-US0900c8af8591bf2d-nev13716489n1-nev18043395n11">To install, reverse the removal procedure.</ptxt>
</para>
</procstep>
</stepgrp>
</procedure>
</servinfosub><servinfosub IE-ID="en-US0900c8af8638c4fd" docno="VCC-370843" id="en-US0900c8af8638c4fd-nev13716488n1" original="sv-SE" servinfosubId="nev13716489n1-nev20888684n1" servinfosubRes="0900c8af865f9253" servinfosubRes2="urn:x-nevis:fragment:0900c8af8638c4fd:0900c8af865f9253#nev20888684n1" xml:lang="en-US" yearRange="">
<operationnumbers>
<operationnumber>76208-2</operationnumber>
<operationnumber>76210-2</operationnumber>
</operationnumbers>
<title id="en-US0900c8af8638c4fd-nev13716485n29">Front Stabilizer Bar Link</title>
<procedure id="en-US0900c8af8638c4fd-nev13716489n1-nev21594681n53">
<stepgrp boilerplate="false" context="" id="en-US0900c8af8638c4fd-nev13716489n1-nev21594750n55">
<title id="en-US0900c8af8638c4fd-nev13716489n1-0800c8af844a46f6">Removal</title>
<procstep id="en-US0900c8af8638c4fd-nev13716489n1-nev21594750n70">
<note id="en-US0900c8af8638c4fd-nev13716489n1-nev21594750n54">
<ptxt>Removal steps in this procedure may contain installation details.</ptxt>
</note>
</procstep>
<procstep id="en-US0900c8af8638c4fd-nev13716489n1-nev21594681n50">
<para id="en-US0900c8af8638c4fd-nev13716489n1-nev21594750n52">
<ptxt id="en-US0900c8af8638c4fd-nev13716489n1-nev21594750n53">Remove the wheel<xref boilerplate="true" id="en-US0900c8af8638c4fd-nev13716489n1-0800c8af844f033b">
<ref id="en-US0900c8af86b99124-nev13716510n1(200420052006200720082009201020112012)"/>
</xref>
</ptxt>
</para>
</procstep>
<procstep id="en-US0900c8af8638c4fd-nev13716489n1-nev21594681n45">
<grate id="en-US0900c8af8638c4fd-nev13716489n1-nev21594750n50">
<graphic id="en-US0900c8af8638c4fd-nev13716489n1-nev21594750n51">
<href>0900c8af865f9112_950_900.jpeg</href>
</graphic>
<graphtext id="en-US0900c8af8638c4fd-nev13716489n1-nev21594801n1">
<list1 boilerplate="true" context="remove" enumtype="n" id="en-US0900c8af8638c4fd-nev13716489n1-nev21594681n42" type="ordered">
<item id="en-US0900c8af8638c4fd-nev13716489n1-nev21594750n49">
<ptxt id="en-US0900c8af8638c4fd-nev13716489n1-nev21594750n48">
<torque id="en-US0900c8af8638c4fd-nev13716489n1-nev21594750n78">
<ref id="en-US0900c8af86996e07(null)"/>
</torque>
</ptxt>
</item>
<item id="en-US0900c8af8638c4fd-nev13716489n1-nev21594750n47">
<ptxt id="en-US0900c8af8638c4fd-nev13716489n1-nev21594750n46">
<torque id="en-US0900c8af8638c4fd-nev13716489n1-nev21594750n74">
<ref id="en-US0900c8af86aaa5c6(null)"/>
</torque>
</ptxt>
</item>
</list1>
</graphtext>
</grate>
</procstep>
</stepgrp>
<stepgrp boilerplate="false" context="" id="en-US0900c8af8638c4fd-nev13716489n1-nev21594750n45">
<title id="en-US0900c8af8638c4fd-nev13716489n1-nev21594750n44">Installation</title>
<procstep id="en-US0900c8af8638c4fd-nev13716489n1-nev21594750n58">
<para id="en-US0900c8af8638c4fd-nev13716489n1-nev21594750n42">
<ptxt id="en-US0900c8af8638c4fd-nev13716489n1-nev21594750n43">To install, reverse the removal procedure.</ptxt>
</para>
</procstep>
</stepgrp>
</procedure>
</servinfosub><servinfosub IE-ID="en-US0900c8af85c000f7" docno="VCC-370792" id="en-US0900c8af85c000f7-nev13716090n1" original="sv-SE" servinfosubId="nev13716091n1-nev13716090n4" servinfosubRes="0900c8af85c001cc" servinfosubRes2="urn:x-nevis:fragment:0900c8af85c000f7:0900c8af85c001cc#nev13716090n4" xml:lang="en-US" yearRange="">
<title id="en-US0900c8af85c000f7-nev13716087n71">Front Strut and Spring Assembly</title>
<toolitemtable id="en-US0900c8af85c000f7-nev13716091n1-nev18757495n85">
<table id="en-US0900c8af85c000f7-nev13716091n1-nev18757495n84">
<tgroup cols="2" id="en-US0900c8af85c000f7-nev13716091n1-nev18757495n83">
<colspec colname="COLSPEC0" colwidth="1.00*" id="en-US0900c8af85c000f7-nev13716091n1-nev18757495n82"/>
<colspec colname="COLSPEC1" colwidth="1.00*" id="en-US0900c8af85c000f7-nev13716091n1-nev18757495n81"/>
<thead id="en-US0900c8af85c000f7-nev13716091n1-nev18757495n80">
<row id="en-US0900c8af85c000f7-nev13716091n1-nev18757495n79">
<entry id="en-US0900c8af85c000f7-nev13716091n1-nev18757495n78" nameend="COLSPEC1" namest="COLSPEC0" valign="top">
<ptxt id="en-US0900c8af85c000f7-nev13716091n1-nev18757495n77">
<emph id="en-US0900c8af85c000f7-nev13716091n1-nev18757495n76">Special tools</emph>
</ptxt>
</entry>
</row>
</thead>
<tbody id="en-US0900c8af85c000f7-nev13716091n1-nev18757495n75">
<row id="en-US0900c8af85c000f7-nev13716091n1-nev18757495n74">
<entry id="en-US0900c8af85c000f7-nev13716091n1-nev18757495n73">
<graphic id="en-US0900c8af85c000f7-nev13716091n1-nev18757495n72">
<href>0900c8af85ba87d1_402_402.jpeg</href>
</graphic>
</entry>
<entry id="en-US0900c8af85c000f7-nev13716091n1-nev18757495n71">
<ptxt id="en-US0900c8af85c000f7-nev13716091n1-nev18757495n70">
<emph id="en-US0900c8af85c000f7-nev13716091n1-nev18757495n69">999 7477 Wire</emph>
</ptxt>
<ptxt id="en-US0900c8af85c000f7-nev13716091n1-nev18757495n67">
<emph id="en-US0900c8af85c000f7-nev13716091n1-nev18757495n66">Tool number:</emph>999 7477</ptxt>
<ptxt id="en-US0900c8af85c000f7-nev13716091n1-nev18757495n65">
<emph id="en-US0900c8af85c000f7-nev13716091n1-nev18757495n64">Tool description:</emph>Wire</ptxt>
<ptxt id="en-US0900c8af85c000f7-nev13716091n1-nev18757495n62">
<emph id="en-US0900c8af85c000f7-nev13716091n1-nev18757495n61">Tool boards:</emph>70</ptxt>
</entry>
</row>
<row id="en-US0900c8af85c000f7-nev13716091n1-nev18757495n60">
<entry id="en-US0900c8af85c000f7-nev13716091n1-nev18757495n59">
<graphic id="en-US0900c8af85c000f7-nev13716091n1-nev18757495n58">
<href>0900c8af80054388_2500_1730.jpeg</href>
</graphic>
</entry>
<entry id="en-US0900c8af85c000f7-nev13716091n1-nev18757495n57">
<ptxt id="en-US0900c8af85c000f7-nev13716091n1-nev18757495n56">
<emph id="en-US0900c8af85c000f7-nev13716091n1-nev18757495n55">999 5500 SOCKET UPPER NUT REAR SHOCK ABSORBER</emph>
</ptxt>
<ptxt id="en-US0900c8af85c000f7-nev13716091n1-nev18757495n53">
<emph id="en-US0900c8af85c000f7-nev13716091n1-nev18757495n52">Tool number:</emph>999 5500</ptxt>
<ptxt id="en-US0900c8af85c000f7-nev13716091n1-nev18757495n51">
<emph id="en-US0900c8af85c000f7-nev13716091n1-nev18757495n50">Tool description:</emph>SOCKET UPPER NUT REAR SHOCK ABSORBER</ptxt>
<ptxt id="en-US0900c8af85c000f7-nev13716091n1-nev18757495n48">
<emph id="en-US0900c8af85c000f7-nev13716091n1-nev18757495n47">Tool boards:</emph>70</ptxt>
</entry>
</row>
<row id="en-US0900c8af85c000f7-nev13716091n1-nev18757495n46">
<entry id="en-US0900c8af85c000f7-nev13716091n1-nev18757495n45">
<graphic id="en-US0900c8af85c000f7-nev13716091n1-nev18757495n44">
<href>0900c8af800549f7_2500_1875.jpeg</href>
</graphic>
</entry>
<entry id="en-US0900c8af85c000f7-nev13716091n1-nev18757495n43">
<ptxt id="en-US0900c8af85c000f7-nev13716091n1-nev18757495n42">
<emph id="en-US0900c8af85c000f7-nev13716091n1-nev18757495n41">951 2911 Hydraulic piston</emph>
</ptxt>
<ptxt id="en-US0900c8af85c000f7-nev13716091n1-nev18757495n39">
<emph id="en-US0900c8af85c000f7-nev13716091n1-nev18757495n38">Tool number:</emph>951 2911</ptxt>
<ptxt id="en-US0900c8af85c000f7-nev13716091n1-nev18757495n37">
<emph id="en-US0900c8af85c000f7-nev13716091n1-nev18757495n36">Tool description:</emph>Hydraulic piston</ptxt>
<ptxt id="en-US0900c8af85c000f7-nev13716091n1-nev18757495n34">
<emph id="en-US0900c8af85c000f7-nev13716091n1-nev18757495n33">Tool boards:</emph>70</ptxt>
</entry>
</row>
<row id="en-US0900c8af85c000f7-nev13716091n1-nev18757495n32">
<entry id="en-US0900c8af85c000f7-nev13716091n1-nev18757495n31">
<graphic id="en-US0900c8af85c000f7-nev13716091n1-nev18757495n30">
<href>0900c8af80054a09_2500_1828.jpeg</href>
</graphic>
</entry>
<entry id="en-US0900c8af85c000f7-nev13716091n1-nev18757495n29">
<ptxt id="en-US0900c8af85c000f7-nev13716091n1-nev18757495n28">
<emph id="en-US0900c8af85c000f7-nev13716091n1-nev18757495n27">951 2914 Claw (size 2, for hydraulic piston 9512911)</emph>
</ptxt>
<ptxt id="en-US0900c8af85c000f7-nev13716091n1-nev18757495n25">
<emph id="en-US0900c8af85c000f7-nev13716091n1-nev18757495n24">Tool number:</emph>951 2914</ptxt>
<ptxt id="en-US0900c8af85c000f7-nev13716091n1-nev18757495n23">
<emph id="en-US0900c8af85c000f7-nev13716091n1-nev18757495n22">Tool description:</emph>Claw (size 2, for hydraulic piston 9512911)</ptxt>
<ptxt id="en-US0900c8af85c000f7-nev13716091n1-nev18757495n20">
<emph id="en-US0900c8af85c000f7-nev13716091n1-nev18757495n19">Tool boards:</emph>70</ptxt>
</entry>
</row>
</tbody>
</tgroup>
</table>
</toolitemtable>
<procedure id="en-US0900c8af85c000f7-nev13716091n1-nev13716087n73">
<stepgrp boilerplate="false" context="" id="en-US0900c8af85c000f7-nev13716091n1-nev18756691n3">
<title id="en-US0900c8af85c000f7-nev13716091n1-0800c8af844a46f6">Removal</title>
<procstep id="en-US0900c8af85c000f7-nev13716091n1-nev14786239n68">
<note id="en-US0900c8af85c000f7-nev13716091n1-0800c8af844a42fa">
<ptxt>Removal steps in this procedure may contain installation details.</ptxt>
</note>
</procstep>
<procstep id="en-US0900c8af85c000f7-nev13716091n1-nev13716087n77">
<para id="en-US0900c8af85c000f7-nev13716091n1-nev18756691n1">
<ptxt id="en-US0900c8af85c000f7-nev13716091n1-nev18756691n2">Remove Front Strut and Spring Assembly<xref boilerplate="true" id="en-US0900c8af85c000f7-nev13716091n1-0800c8af84722804">
<ref id="en-US0900c8af85c03bfb-nev13716082n1(2004200520062007200820092010),en-US0900c8af85c03bfb-nev13716082n1(20112012),en-US0900c8af85c03bfb-nev13716082n1(200520062007200820092010)"/>
</xref>
</ptxt>
</para>
</procstep>
<procstep id="en-US0900c8af85c000f7-nev13716091n1-nev18757495n100">
<grate id="en-US0900c8af85c000f7-nev13716091n1-nev18757495n98">
<graphic id="en-US0900c8af85c000f7-nev13716091n1-nev18757495n99">
<href>0900c8af85c000b9_950_600.jpeg</href>
</graphic>
<graphtext id="en-US0900c8af85c000f7-nev13716091n1-nev18757514n1">
<para id="en-US0900c8af85c000f7-nev13716091n1-nev18757495n95">
<ptxt id="en-US0900c8af85c000f7-nev13716091n1-nev18757495n97">
<toolitem boilerplate="true" id="en-US0900c8af85c000f7-nev13716091n1-nev18757495n96" imageid="0900c8af85ba87d1"/>
</ptxt>
</para>
</graphtext>
</grate>
</procstep>
<procstep id="en-US0900c8af85c000f7-nev13716091n1-nev14786208n29">
<grate id="en-US0900c8af85c000f7-nev13716091n1-nev13716087n85">
<graphic id="en-US0900c8af85c000f7-nev13716091n1-nev13716087n86">
<href>0900c8af834946a1_950_600.jpeg</href>
</graphic>
<graphtext id="en-US0900c8af85c000f7-nev13716091n1-nev18757521n1">
<para id="en-US0900c8af85c000f7-nev13716091n1-nev18757495n93">
<ptxt id="en-US0900c8af85c000f7-nev13716091n1-nev18757495n94">
<torque id="en-US0900c8af85c000f7-nev13716091n1-nev13716087n98">
<ref id="en-US0900c8af83434c4f(null)"/>
</torque>
</ptxt>
</para>
<para id="en-US0900c8af85c000f7-nev13716091n1-nev18757495n91">
<ptxt id="en-US0900c8af85c000f7-nev13716091n1-nev18757495n92">
<toolitem boilerplate="true" id="en-US0900c8af85c000f7-nev13716091n1-nev14786252n9" imageid="0900c8af80054388"/>
<toolitem boilerplate="false" id="en-US0900c8af85c000f7-nev13716091n1-nev14786252n8" imageid="0900c8af800549f7"/>
<toolitem boilerplate="false" id="en-US0900c8af85c000f7-nev13716091n1-nev14786252n7" imageid="0900c8af80054a09"/>
</ptxt>
</para>
</graphtext>
</grate>
</procstep>
<procstep id="en-US0900c8af85c000f7-nev13716091n1-nev14786208n20">
<grate id="en-US0900c8af85c000f7-nev13716091n1-nev13716092n72">
<graphic id="en-US0900c8af85c000f7-nev13716091n1-nev13716092n73">
<href>0900c8af841baf8e_950_900.jpeg</href>
</graphic>
<graphtext id="en-US0900c8af85c000f7-nev13716091n1-nev18757537n1">
<note id="en-US0900c8af85c000f7-nev13716091n1-0800c8af844a42eb">
<ptxt>Note the position of each component before removal.</ptxt>
</note>
</graphtext>
</grate>
</procstep>
<procstep id="en-US0900c8af85c000f7-nev13716091n1-nev14786208n18">
<grate id="en-US0900c8af85c000f7-nev13716091n1-nev13716092n57">
<graphic id="en-US0900c8af85c000f7-nev13716091n1-nev13716092n58">
<href>0900c8af834946c3_950_900.jpeg</href>
</graphic>
</grate>
</procstep>
</stepgrp>
<stepgrp boilerplate="false" context="" id="en-US0900c8af85c000f7-nev13716091n1-nev18757495n90">
<title id="en-US0900c8af85c000f7-nev13716091n1-0800c8af844a46f9">Installation</title>
<procstep id="en-US0900c8af85c000f7-nev13716091n1-nev14786242n92">
<para id="en-US0900c8af85c000f7-nev13716091n1-nev18757495n88">
<ptxt id="en-US0900c8af85c000f7-nev13716091n1-nev18757495n89">To install, reverse the removal procedure.</ptxt>
</para>
</procstep>
<procstep id="en-US0900c8af85c000f7-nev13716091n1-nev14786248n65">
<title id="en-US0900c8af85c000f7-nev13716091n1-0800c8af844a4213">Vehicles with high intensity discharge headlamps</title>
</procstep>
<procstep id="en-US0900c8af85c000f7-nev13716091n1-nev17565766n77">
<para id="en-US0900c8af85c000f7-nev13716091n1-nev18757495n86">
<ptxt id="en-US0900c8af85c000f7-nev13716091n1-nev18757495n87">Calibrate according to: DIAGNOSTICS/CAR COMMUNICATION/Advanced/SUM/Calibrating position sensor and resistance</ptxt>
</para>
</procstep>
<procstep id="en-US0900c8af85c000f7-nev13716091n1-nev14786251n79">
<title id="en-US0900c8af85c000f7-nev13716091n1-0800c8af844a41e8">All vehicles</title>
</procstep>
</stepgrp>
</procedure>
</servinfosub><torqueinfo IE-ID="en-US0900c8af84f04000" docno="VCC-414818" id="en-US0900c8af84f04000-nev15554863n1" original="sv-SE" torqueId="nev15554864n1-nev15554863n3" torqueRes="0900c8af84f04068" torqueRes2="urn:x-nevis:fragment:0900c8af84f04000:0900c8af84f04068#nev15554863n3" xml:lang="en-US" yearRange="">
<component id="en-US0900c8af84f04000-nev15554863n2">Wheel to hub (early version)</component>
<stage id="en-US0900c8af84f04000-nev15554864n1-nev15554894n250">
<value id="en-US0900c8af84f04000-nev15554864n1-nev15554894n249" unit="Nm">20</value>
</stage>
<stage id="en-US0900c8af84f04000-nev15554864n1-nev15554894n248">
<value id="en-US0900c8af84f04000-nev15554864n1-nev15554894n247" unit="Nm">110</value>
</stage>
</torqueinfo><torqueinfo IE-ID="en-US0900c8af84776e72" docno="VCC-391459" id="en-US0900c8af84776e72-nev14254220n1" original="sv-SE" torqueId="nev14254221n1-nev14254220n3" torqueRes="0900c8af84776e8a" torqueRes2="urn:x-nevis:fragment:0900c8af84776e72:0900c8af84776e8a#nev14254220n3" xml:lang="en-US" yearRange="">
<component id="en-US0900c8af84776e72-nev14254220n2">Ground screw</component>
<value id="en-US0900c8af84776e72-nev14254221n1-nev14254222n250" unit="Nm">25</value>
</torqueinfo><torqueinfo IE-ID="en-US0900c8af85992d70" docno="VCC-452736" id="en-US0900c8af85992d70-nev18114118n85" original="sv-SE" torqueId="nev18114121n1-nev18114120n4" torqueRes="0900c8af85992d92" torqueRes2="urn:x-nevis:fragment:0900c8af85992d70:0900c8af85992d92#nev18114120n4" xml:lang="en-US" yearRange="">
<component id="en-US0900c8af85992d70-nev18114118n84">Rear shock absorber top mount, to Shock absorber, Nivomat</component>
<value id="en-US0900c8af85992d70-nev18114121n1-nev18114118n81" loosen="false" unit="Nm">60</value>
</torqueinfo><servinfosub IE-ID="en-US0900c8af84599ae3" docno="VCC-370835" id="en-US0900c8af84599ae3-nev13831110n1" original="sv-SE" servinfosubId="nev13831111n1-nev13831110n4" servinfosubRes="0900c8af84599b07" servinfosubRes2="urn:x-nevis:fragment:0900c8af84599ae3:0900c8af84599b07#nev13831110n4" xml:lang="en-US" yearRange="">
<title id="en-US0900c8af84599ae3-nev13831110n2">Shock absorber front</title>
<procedure id="en-US0900c8af84599ae3-nev13831111n1-nev13831076n28">
<stepgrp boilerplate="false" context="" id="en-US0900c8af84599ae3-nev13831111n1-nev13831076n48">
<title id="en-US0900c8af84599ae3-nev13831111n1-nev13831076n27">Removal and Installation</title>
<procstep id="en-US0900c8af84599ae3-nev13831111n1-nev13831076n39">
<para id="en-US0900c8af84599ae3-nev13831111n1-nev13831076n22">
<ptxt id="en-US0900c8af84599ae3-nev13831111n1-nev13831076n24">Perform strut and spring assembly front<xref boilerplate="true" id="en-US0900c8af84599ae3-nev13831111n1-nev13831076n25">
<ref id="en-US0900c8af84599ae3-nev13831111n1-nev13831076n23"/>
</xref>
</ptxt>
</para>
</procstep>
</stepgrp>
</procedure>
</servinfosub><servinfosub IE-ID="en-US0900c8af8572dfc0" docno="VCC-370835" id="en-US0900c8af8572dfc0-nev13831110n1" original="sv-SE" servinfosubId="nev13831111n1-nev17482013n1" servinfosubRes="0900c8af85909c32" servinfosubRes2="urn:x-nevis:fragment:0900c8af8572dfc0:0900c8af85909c32#nev17482013n1" xml:lang="en-US" yearRange="">
<operationnumbers>
<operationnumber>76122-2</operationnumber>
<operationnumber>76102-2</operationnumber>
</operationnumbers>
<title id="en-US0900c8af8572dfc0-nev13831110n2">Shock absorber front</title>
<procedure id="en-US0900c8af8572dfc0-nev13831111n1-nev18002340n75">
<stepgrp boilerplate="false" context="" id="en-US0900c8af8572dfc0-nev13831111n1-nev18010799n53">
<title id="en-US0900c8af8572dfc0-nev13831111n1-0800c8af844a46f7">Removal and Installation</title>
<procstep id="en-US0900c8af8572dfc0-nev13831111n1-nev18002340n72">
<para id="en-US0900c8af8572dfc0-nev13831111n1-nev18010799n51">
<ptxt id="en-US0900c8af8572dfc0-nev13831111n1-nev18010799n52">Replace shock absorber<xref boilerplate="true" id="en-US0900c8af8572dfc0-nev13831111n1-0800c8af85908bdc">
<ref id="en-US0900c8af85c03bfb-nev13716082n1(2004200520062007200820092010),en-US0900c8af85c03bfb-nev13716082n1(20112012),en-US0900c8af85c03bfb-nev13716082n1(200520062007200820092010)"/>
</xref>
</ptxt>
</para>
</procstep>
</stepgrp>
</procedure>
</servinfosub><servinfosub IE-ID="en-US0900c8af87703f77" docno="VCC-370835" id="en-US0900c8af87703f77-nev13831110n1" original="sv-SE" servinfosubId="nev13831111n1-nev24494231n1" servinfosubRes="0900c8af87703f82" servinfosubRes2="urn:x-nevis:fragment:0900c8af87703f77:0900c8af87703f82#nev24494231n1" xml:lang="en-US" yearRange="">
<operationnumbers>
<operationnumber>76122-2</operationnumber>
<operationnumber>76102-2</operationnumber>
</operationnumbers>
<title id="en-US0900c8af87703f77-nev13831110n2">Shock absorber front</title>
<toolitemtable id="en-US0900c8af87703f77-nev13831111n1-nev26166049n32">
<table id="en-US0900c8af87703f77-nev13831111n1-nev26166049n31">
<tgroup cols="2" id="en-US0900c8af87703f77-nev13831111n1-nev26166049n30">
<colspec colname="COLSPEC0" colwidth="1.00*" id="en-US0900c8af87703f77-nev13831111n1-nev26166049n29"/>
<colspec colname="COLSPEC1" colwidth="1.00*" id="en-US0900c8af87703f77-nev13831111n1-nev26166049n28"/>
<thead id="en-US0900c8af87703f77-nev13831111n1-nev26166049n27">
<row id="en-US0900c8af87703f77-nev13831111n1-nev26166049n26">
<entry id="en-US0900c8af87703f77-nev13831111n1-nev26166049n25" nameend="COLSPEC1" namest="COLSPEC0" valign="top">
<ptxt id="en-US0900c8af87703f77-nev13831111n1-nev26166049n24">
<emph id="en-US0900c8af87703f77-nev13831111n1-nev26166049n23">Special tools</emph>
</ptxt>
</entry>
</row>
</thead>
<tbody id="en-US0900c8af87703f77-nev13831111n1-nev26166049n22">
<row id="en-US0900c8af87703f77-nev13831111n1-nev26166049n21">
<entry id="en-US0900c8af87703f77-nev13831111n1-nev26166049n20">
<graphic id="en-US0900c8af87703f77-nev13831111n1-nev26166049n19">
<href>0900c8af875c8879_402_402.jpeg</href>
</graphic>
</entry>
<entry id="en-US0900c8af87703f77-nev13831111n1-nev26166049n18">
<ptxt id="en-US0900c8af87703f77-nev13831111n1-nev26166049n17">
<emph id="en-US0900c8af87703f77-nev13831111n1-nev26166049n16">999 7621 Position adjuster</emph>
</ptxt>
<ptxt id="en-US0900c8af87703f77-nev13831111n1-nev26166049n14">
<emph id="en-US0900c8af87703f77-nev13831111n1-nev26166049n13">Tool number:</emph>999 7621</ptxt>
<ptxt id="en-US0900c8af87703f77-nev13831111n1-nev26166049n12">
<emph id="en-US0900c8af87703f77-nev13831111n1-nev26166049n11">Tool description:</emph>Position adjuster</ptxt>
<ptxt id="en-US0900c8af87703f77-nev13831111n1-nev26166049n9">
<emph id="en-US0900c8af87703f77-nev13831111n1-nev26166049n8">Tool boards:</emph>70</ptxt>
</entry>
</row>
<row id="en-US0900c8af87703f77-nev13831111n1-nev26166049n7">
<entry id="en-US0900c8af87703f77-nev13831111n1-nev26166049n6">
<graphic id="en-US0900c8af87703f77-nev13831111n1-nev26166049n5">
<href>0900c8af85c57f3f_402_402.jpeg</href>
</graphic>
</entry>
<entry id="en-US0900c8af87703f77-nev13831111n1-nev26166049n4">
<ptxt id="en-US0900c8af87703f77-nev13831111n1-nev26166049n3">
<emph id="en-US0900c8af87703f77-nev13831111n1-nev26166049n2">951 2911 Hydraulic piston</emph>
</ptxt>
<ptxt id="en-US0900c8af87703f77-nev13831111n1-nev26166905n100">
<emph id="en-US0900c8af87703f77-nev13831111n1-nev26166905n99">Tool number:</emph>951 2911</ptxt>
<ptxt id="en-US0900c8af87703f77-nev13831111n1-nev26166905n98">
<emph id="en-US0900c8af87703f77-nev13831111n1-nev26166905n97">Tool description:</emph>Hydraulic piston</ptxt>
<ptxt id="en-US0900c8af87703f77-nev13831111n1-nev26166905n95">
<emph id="en-US0900c8af87703f77-nev13831111n1-nev26166905n94">Tool boards:</emph>70</ptxt>
</entry>
</row>
<row id="en-US0900c8af87703f77-nev13831111n1-nev26166905n93">
<entry id="en-US0900c8af87703f77-nev13831111n1-nev26166905n92">
<graphic id="en-US0900c8af87703f77-nev13831111n1-nev26166905n91">
<href>0900c8af85ba87d1_402_402.jpeg</href>
</graphic>
</entry>
<entry id="en-US0900c8af87703f77-nev13831111n1-nev26166905n90">
<ptxt id="en-US0900c8af87703f77-nev13831111n1-nev26166905n89">
<emph id="en-US0900c8af87703f77-nev13831111n1-nev26166905n88">999 7477 Wire</emph>
</ptxt>
<ptxt id="en-US0900c8af87703f77-nev13831111n1-nev26166905n86">
<emph id="en-US0900c8af87703f77-nev13831111n1-nev26166905n85">Tool number:</emph>999 7477</ptxt>
<ptxt id="en-US0900c8af87703f77-nev13831111n1-nev26166905n84">
<emph id="en-US0900c8af87703f77-nev13831111n1-nev26166905n83">Tool description:</emph>Wire</ptxt>
<ptxt id="en-US0900c8af87703f77-nev13831111n1-nev26166905n81">
<emph id="en-US0900c8af87703f77-nev13831111n1-nev26166905n80">Tool boards:</emph>70</ptxt>
</entry>
</row>
<row id="en-US0900c8af87703f77-nev13831111n1-nev26166905n79">
<entry id="en-US0900c8af87703f77-nev13831111n1-nev26166905n78">
<graphic id="en-US0900c8af87703f77-nev13831111n1-nev26166905n77">
<href>0900c8af86b98c0b_402_402.jpeg</href>
</graphic>
</entry>
<entry id="en-US0900c8af87703f77-nev13831111n1-nev26166905n76">
<ptxt id="en-US0900c8af87703f77-nev13831111n1-nev26166905n75">
<emph id="en-US0900c8af87703f77-nev13831111n1-nev26166905n74">999 7569 Claw</emph>
</ptxt>
<ptxt id="en-US0900c8af87703f77-nev13831111n1-nev26166905n72">
<emph id="en-US0900c8af87703f77-nev13831111n1-nev26166905n71">Tool number:</emph>999 7569</ptxt>
<ptxt id="en-US0900c8af87703f77-nev13831111n1-nev26166905n70">
<emph id="en-US0900c8af87703f77-nev13831111n1-nev26166905n69">Tool description:</emph>Claw</ptxt>
<ptxt id="en-US0900c8af87703f77-nev13831111n1-nev26166905n67">
<emph id="en-US0900c8af87703f77-nev13831111n1-nev26166905n66">Tool boards:</emph>70</ptxt>
</entry>
</row>
<row id="en-US0900c8af87703f77-nev13831111n1-nev26166905n65">
<entry id="en-US0900c8af87703f77-nev13831111n1-nev26166905n64">
<graphic id="en-US0900c8af87703f77-nev13831111n1-nev26166905n63">
<href>0900c8af80054388_2500_1730.jpeg</href>
</graphic>
</entry>
<entry id="en-US0900c8af87703f77-nev13831111n1-nev26166905n62">
<ptxt id="en-US0900c8af87703f77-nev13831111n1-nev26166905n61">
<emph id="en-US0900c8af87703f77-nev13831111n1-nev26166905n60">999 5500 SOCKET UPPER NUT REAR SHOCK ABSORBER</emph>
</ptxt>
<ptxt id="en-US0900c8af87703f77-nev13831111n1-nev26166905n58">
<emph id="en-US0900c8af87703f77-nev13831111n1-nev26166905n57">Tool number:</emph>999 5500</ptxt>
<ptxt id="en-US0900c8af87703f77-nev13831111n1-nev26166905n56">
<emph id="en-US0900c8af87703f77-nev13831111n1-nev26166905n55">Tool description:</emph>SOCKET UPPER NUT REAR SHOCK ABSORBER</ptxt>
<ptxt id="en-US0900c8af87703f77-nev13831111n1-nev26166905n53">
<emph id="en-US0900c8af87703f77-nev13831111n1-nev26166905n52">Tool boards:</emph>70</ptxt>
</entry>
</row>
</tbody>
</tgroup>
</table>
</toolitemtable>
<procedure id="en-US0900c8af87703f77-nev13831111n1-nev24496377n2">
<stepgrp boilerplate="false" context="" id="en-US0900c8af87703f77-nev13831111n1-nev26166049n83">
<title id="en-US0900c8af87703f77-nev13831111n1-0800c8af844a46f6">Removal</title>
<procstep id="en-US0900c8af87703f77-nev13831111n1-nev24496377n5">
<para id="en-US0900c8af87703f77-nev13831111n1-nev26166049n81">
<ptxt id="en-US0900c8af87703f77-nev13831111n1-nev26166049n82">Remove Front Strut and Spring Assembly<xref boilerplate="true" id="en-US0900c8af87703f77-nev13831111n1-0800c8af84722804">
<ref id="en-US0900c8af85c03bfb-nev13716082n1(2004200520062007200820092010),en-US0900c8af85c03bfb-nev13716082n1(20112012),en-US0900c8af85c03bfb-nev13716082n1(200520062007200820092010)"/>
</xref>
</ptxt>
</para>
</procstep>
<procstep id="en-US0900c8af87703f77-nev13831111n1-nev25697440n36">
<title id="en-US0900c8af87703f77-nev13831111n1-0800c8af84fbdb27">Vehicles with the 4C system.</title>
</procstep>
<procstep id="en-US0900c8af87703f77-nev13831111n1-nev25697440n34">
<grate id="en-US0900c8af87703f77-nev13831111n1-nev26166049n79">
<graphic id="en-US0900c8af87703f77-nev13831111n1-nev26166049n80">
<href>0900c8af875d651a_945_709.jpeg</href>
</graphic>
</grate>
</procstep>
<procstep id="en-US0900c8af87703f77-nev13831111n1-nev25697440n31">
<title id="en-US0900c8af87703f77-nev13831111n1-0800c8af844a41e8">All vehicles</title>
</procstep>
<procstep id="en-US0900c8af87703f77-nev13831111n1-nev25697440n29">
<grate id="en-US0900c8af87703f77-nev13831111n1-nev26166049n77">
<graphic id="en-US0900c8af87703f77-nev13831111n1-nev26166049n78">
<href>0900c8af875d651b_945_709.jpeg</href>
</graphic>
<graphtext id="en-US0900c8af87703f77-nev13831111n1-nev26166932n1">
<caution id="en-US0900c8af87703f77-nev13831111n1-0800c8af851608e0">
<ptxt>Make sure that the component is positioned correctly.</ptxt>
</caution>
<para id="en-US0900c8af87703f77-nev13831111n1-nev26166049n75">
<ptxt id="en-US0900c8af87703f77-nev13831111n1-nev26166049n76">
<toolitem boilerplate="true" id="en-US0900c8af87703f77-nev13831111n1-nev25697440n24" imageid="0900c8af875c8879"/>
</ptxt>
</para>
</graphtext>
</grate>
</procstep>
<procstep id="en-US0900c8af87703f77-nev13831111n1-nev24496378n1">
<grate id="en-US0900c8af87703f77-nev13831111n1-nev26166049n73">
<graphic id="en-US0900c8af87703f77-nev13831111n1-nev26166049n74">
<href>0900c8af86699c11_950_900.jpeg</href>
</graphic>
<graphtext id="en-US0900c8af87703f77-nev13831111n1-nev26166939n1">
<warning id="en-US0900c8af87703f77-nev13831111n1-0800c8af866f030c">
<ptxt>The safety wire must be installed while the spring is compressed.</ptxt>
</warning>
<para id="en-US0900c8af87703f77-nev13831111n1-nev26166049n71">
<ptxt id="en-US0900c8af87703f77-nev13831111n1-nev26166049n72">
<toolitem boilerplate="true" id="en-US0900c8af87703f77-nev13831111n1-nev24496378n9" imageid="0900c8af85c57f3f"/>
<toolitem boilerplate="false" id="en-US0900c8af87703f77-nev13831111n1-nev24496378n10" imageid="0900c8af85ba87d1"/>
<toolitem boilerplate="false" id="en-US0900c8af87703f77-nev13831111n1-nev24496379n1" imageid="0900c8af86b98c0b"/>
</ptxt>
</para>
</graphtext>
</grate>
</procstep>
<procstep id="en-US0900c8af87703f77-nev13831111n1-nev24496379n2">
<grate id="en-US0900c8af87703f77-nev13831111n1-nev26166049n69">
<graphic id="en-US0900c8af87703f77-nev13831111n1-nev26166049n70">
<href>0900c8af86699ab8_950_900.jpeg</href>
</graphic>
<graphtext id="en-US0900c8af87703f77-nev13831111n1-nev26166952n1">
<caution id="en-US0900c8af87703f77-nev13831111n1-0800c8af844a4125">
<ptxt>Make sure that a new nut is installed.</ptxt>
</caution>
<para id="en-US0900c8af87703f77-nev13831111n1-nev26166049n67">
<ptxt id="en-US0900c8af87703f77-nev13831111n1-nev26166049n68">Remove the nut.</ptxt>
</para>
<para id="en-US0900c8af87703f77-nev13831111n1-nev26166049n65">
<ptxt id="en-US0900c8af87703f77-nev13831111n1-nev26166049n66">
<toolitem boilerplate="true" id="en-US0900c8af87703f77-nev13831111n1-nev24496380n3" imageid="0900c8af80054388"/>
</ptxt>
</para>
<para id="en-US0900c8af87703f77-nev13831111n1-nev26166049n63">
<ptxt id="en-US0900c8af87703f77-nev13831111n1-nev26166049n64">
<torque id="en-US0900c8af87703f77-nev13831111n1-nev24496380n6">
<ref id="en-US0900c8af83434c4f(null)"/>
</torque>
</ptxt>
</para>
</graphtext>
</grate>
</procstep>
</stepgrp>
<stepgrp boilerplate="false" context="" id="en-US0900c8af87703f77-nev13831111n1-nev26166049n62">
<title id="en-US0900c8af87703f77-nev13831111n1-0800c8af85785bbc">Transferring components</title>
<procstep id="en-US0900c8af87703f77-nev13831111n1-nev24496380n10">
<grate id="en-US0900c8af87703f77-nev13831111n1-nev26166049n60">
<graphic id="en-US0900c8af87703f77-nev13831111n1-nev26166049n61">
<href>0900c8af86691b04_950_900.jpeg</href>
</graphic>
<graphtext id="en-US0900c8af87703f77-nev13831111n1-nev26166962n1">
<warning id="en-US0900c8af87703f77-nev13831111n1-0800c8af844a483a">
<ptxt>Take extra care when handling the compressed spring.</ptxt>
</warning>
</graphtext>
</grate>
</procstep>
</stepgrp>
<stepgrp boilerplate="false" context="" id="en-US0900c8af87703f77-nev13831111n1-nev26166049n59">
<title id="en-US0900c8af87703f77-nev13831111n1-0800c8af844a46f9">Installation</title>
<procstep id="en-US0900c8af87703f77-nev13831111n1-nev25722896n17">
<grate id="en-US0900c8af87703f77-nev13831111n1-nev26166049n57">
<graphic id="en-US0900c8af87703f77-nev13831111n1-nev26166049n58">
<href>0900c8af875eae4a_945_709.jpeg</href>
</graphic>
<graphtext id="en-US0900c8af87703f77-nev13831111n1-nev26166966n1">
<caution id="en-US0900c8af87703f77-nev13831111n1-0800c8af851608e0">
<ptxt>Make sure that the component is positioned correctly.</ptxt>
</caution>
<para id="en-US0900c8af87703f77-nev13831111n1-nev26166049n55">
<ptxt id="en-US0900c8af87703f77-nev13831111n1-nev26166049n56">
<toolitem boilerplate="true" id="en-US0900c8af87703f77-nev13831111n1-nev25722896n12" imageid="0900c8af875c8879"/>
</ptxt>
</para>
</graphtext>
</grate>
</procstep>
<procstep id="en-US0900c8af87703f77-nev13831111n1-nev24496381n8">
<grate id="en-US0900c8af87703f77-nev13831111n1-nev26166049n53">
<graphic id="en-US0900c8af87703f77-nev13831111n1-nev26166049n54">
<href>0900c8af875eae4b_945_709.jpeg</href>
</graphic>
<graphtext id="en-US0900c8af87703f77-nev13831111n1-nev26166973n1">
<note id="en-US0900c8af87703f77-nev13831111n1-0800c8af844a4313">
<ptxt>The component can only be installed in 1 position.</ptxt>
</note>
</graphtext>
</grate>
</procstep>
<procstep id="en-US0900c8af87703f77-nev13831111n1-nev25722896n7">
<grate id="en-US0900c8af87703f77-nev13831111n1-nev26166049n51">
<graphic id="en-US0900c8af87703f77-nev13831111n1-nev26166049n52">
<href>0900c8af875eae4c_945_709.jpeg</href>
</graphic>
<graphtext id="en-US0900c8af87703f77-nev13831111n1-nev26166977n1">
<note id="en-US0900c8af87703f77-nev13831111n1-0800c8af844a438b">
<ptxt>Make sure that the spring is correctly located in the lower spring seat.</ptxt>
</note>
</graphtext>
</grate>
</procstep>
<procstep id="en-US0900c8af87703f77-nev13831111n1-nev26002225n66">
<para id="en-US0900c8af87703f77-nev13831111n1-nev26166049n49">
<ptxt id="en-US0900c8af87703f77-nev13831111n1-nev26166049n50">To install, reverse the removal procedure.</ptxt>
</para>
</procstep>
<procstep id="en-US0900c8af87703f77-nev13831111n1-nev25987548n60">
<grate id="en-US0900c8af87703f77-nev13831111n1-nev26166049n47">
<graphic id="en-US0900c8af87703f77-nev13831111n1-nev26166049n48">
<href>0900c8af8766e618_945_709.jpeg</href>
</graphic>
<graphtext id="en-US0900c8af87703f77-nev13831111n1-nev26166981n1">
<para id="en-US0900c8af87703f77-nev13831111n1-nev26166049n45">
<ptxt id="en-US0900c8af87703f77-nev13831111n1-nev26166049n46">Install the screws.</ptxt>
</para>
</graphtext>
</grate>
</procstep>
<procstep id="en-US0900c8af87703f77-nev13831111n1-nev25722896n3">
<title id="en-US0900c8af87703f77-nev13831111n1-0800c8af85160469">Applies to the left-hand side:</title>
</procstep>
<procstep id="en-US0900c8af87703f77-nev13831111n1-nev25987548n55">
<grate id="en-US0900c8af87703f77-nev13831111n1-nev26166049n43">
<graphic id="en-US0900c8af87703f77-nev13831111n1-nev26166049n44">
<href>0900c8af8766e619_945_709.jpeg</href>
</graphic>
<graphtext id="en-US0900c8af87703f77-nev13831111n1-nev26166985n1">
<caution id="en-US0900c8af87703f77-nev13831111n1-0800c8af844a414f">
<ptxt>Make sure that the installation marks are aligned.</ptxt>
</caution>
<para id="en-US0900c8af87703f77-nev13831111n1-nev26166049n41">
<ptxt id="en-US0900c8af87703f77-nev13831111n1-nev26166049n42">Locate relevant marking.</ptxt>
</para>
</graphtext>
</grate>
</procstep>
<procstep id="en-US0900c8af87703f77-nev13831111n1-nev25987548n50">
<title id="en-US0900c8af87703f77-nev13831111n1-0800c8af85160454">Applies to the right-hand side</title>
</procstep>
<procstep id="en-US0900c8af87703f77-nev13831111n1-nev25987548n48">
<grate id="en-US0900c8af87703f77-nev13831111n1-nev26166049n39">
<graphic id="en-US0900c8af87703f77-nev13831111n1-nev26166049n40">
<href>0900c8af8766e61a_945_709.jpeg</href>
</graphic>
<graphtext id="en-US0900c8af87703f77-nev13831111n1-nev26166989n1">
<caution id="en-US0900c8af87703f77-nev13831111n1-0800c8af844a414f">
<ptxt>Make sure that the installation marks are aligned.</ptxt>
</caution>
<para id="en-US0900c8af87703f77-nev13831111n1-nev26166049n37">
<ptxt id="en-US0900c8af87703f77-nev13831111n1-nev26166049n38">Locate relevant marking.</ptxt>
</para>
</graphtext>
</grate>
</procstep>
<procstep id="en-US0900c8af87703f77-nev13831111n1-nev25987548n64">
<grate id="en-US0900c8af87703f77-nev13831111n1-nev26166049n35">
<graphic id="en-US0900c8af87703f77-nev13831111n1-nev26166049n36">
<href>0900c8af8766e617_945_709.jpeg</href>
</graphic>
<graphtext id="en-US0900c8af87703f77-nev13831111n1-nev26166993n1">
<note id="en-US0900c8af87703f77-nev13831111n1-0800c8af869ffce4">
<ptxt>Make sure at the installation that the component has not become twisted.</ptxt>
</note>
</graphtext>
</grate>
</procstep>
<procstep id="en-US0900c8af87703f77-nev13831111n1-nev24496383n7">
<para id="en-US0900c8af87703f77-nev13831111n1-nev26166049n33">
<ptxt id="en-US0900c8af87703f77-nev13831111n1-nev26166049n34">Install the spring strut<xref boilerplate="true" id="en-US0900c8af87703f77-nev13831111n1-0800c8af86a9a420">
<ref id="en-US0900c8af85c03bfb-nev13716082n1(2004200520062007200820092010),en-US0900c8af85c03bfb-nev13716082n1(20112012),en-US0900c8af85c03bfb-nev13716082n1(200520062007200820092010)"/>
</xref>
</ptxt>
</para>
</procstep>
</stepgrp>
</procedure>
</servinfosub><servinfosub IE-ID="en-US0900c8af84599b31" docno="VCC-370833" id="en-US0900c8af84599b31-nev13716431n1" original="sv-SE" servinfosubId="nev13716432n1-nev13831115n1" servinfosubRes="0900c8af84599b3e" servinfosubRes2="urn:x-nevis:fragment:0900c8af84599b31:0900c8af84599b3e#nev13831115n1" xml:lang="en-US" yearRange="">
<title id="en-US0900c8af84599b31-nev13716430n28">Spring</title>
<procedure id="en-US0900c8af84599b31-nev13716432n1-nev13831118n98">
<stepgrp boilerplate="false" context="" id="en-US0900c8af84599b31-nev13716432n1-nev13831076n18">
<title id="en-US0900c8af84599b31-nev13716432n1-nev13831118n97">Removal and Installation</title>
<procstep id="en-US0900c8af84599b31-nev13716432n1-nev13831076n9">
<para id="en-US0900c8af84599b31-nev13716432n1-nev13831118n92">
<ptxt id="en-US0900c8af84599b31-nev13716432n1-nev13831118n94">Perform strut and spring assembly front<xref boilerplate="true" id="en-US0900c8af84599b31-nev13716432n1-nev13831118n95">
<ref id="en-US0900c8af84599b31-nev13716432n1-nev13831118n93"/>
</xref>
</ptxt>
</para>
</procstep>
</stepgrp>
</procedure>
</servinfosub><servinfosub IE-ID="en-US0900c8af86392012" docno="VCC-370833" id="en-US0900c8af86392012-nev13716431n1" original="sv-SE" servinfosubId="nev13716432n1-nev20891487n1" servinfosubRes="0900c8af867dfe37" servinfosubRes2="urn:x-nevis:fragment:0900c8af86392012:0900c8af867dfe37#nev20891487n1" xml:lang="en-US" yearRange="">
<operationnumbers>
<operationnumber>72304-2</operationnumber>
</operationnumbers>
<title id="en-US0900c8af86392012-nev13716430n28">Spring</title>
<procedure id="en-US0900c8af86392012-nev13716432n1-nev21867913n86">
<stepgrp boilerplate="false" context="" id="en-US0900c8af86392012-nev13716432n1-nev21867913n85">
<title id="en-US0900c8af86392012-nev13716432n1-nev21867913n84">Removal and Installation</title>
<procstep id="en-US0900c8af86392012-nev13716432n1-nev21867913n83">
<para id="en-US0900c8af86392012-nev13716432n1-nev21867913n79">
<ptxt id="en-US0900c8af86392012-nev13716432n1-nev21867913n81">Follow the instructions regarding shock absorber<xref boilerplate="true" id="en-US0900c8af86392012-nev13716432n1-nev21867913n82">
<ref id="en-US0900c8af86392012-nev13716432n1-nev21867913n80"/>
</xref>
</ptxt>
</para>
</procstep>
</stepgrp>
</procedure>
</servinfosub><servinfosub IE-ID="en-US0900c8af85665226" docno="VCC-370853" id="en-US0900c8af85665226-nev13716565n1" original="sv-SE" servinfosubId="nev13716566n1-nev17353309n1" servinfosubRes="0900c8af8591ae19" servinfosubRes2="urn:x-nevis:fragment:0900c8af85665226:0900c8af8591ae19#nev17353309n1" xml:lang="en-US" yearRange="">
<operationnumbers>
<operationnumber>77322-2</operationnumber>
<operationnumber>77320-2</operationnumber>
</operationnumbers>
<title id="en-US0900c8af85665226-nev13716564n50">Wheel bearings and wheel hubs, front</title>
<procedure id="en-US0900c8af85665226-nev13716566n1-nev17353553n59">
<stepgrp boilerplate="false" context="" id="en-US0900c8af85665226-nev13716566n1-nev18039716n24">
<title id="en-US0900c8af85665226-nev13716566n1-0800c8af844a46f6">Removal</title>
<procstep id="en-US0900c8af85665226-nev13716566n1-nev17908323n76">
<note id="en-US0900c8af85665226-nev13716566n1-0800c8af844a42fa">
<ptxt>Removal steps in this procedure may contain installation details.</ptxt>
</note>
</procstep>
<procstep id="en-US0900c8af85665226-nev13716566n1-nev17353075n48">
<para id="en-US0900c8af85665226-nev13716566n1-nev18039716n22">
<ptxt id="en-US0900c8af85665226-nev13716566n1-nev18039716n23">Remove the wheel<xref boilerplate="true" id="en-US0900c8af85665226-nev13716566n1-0800c8af844f033b">
<ref id="en-US0900c8af86b99124-nev13716510n1(200420052006200720082009201020112012)"/>
</xref>
</ptxt>
</para>
</procstep>
<procstep id="en-US0900c8af85665226-nev13716566n1-nev17353075n18">
<grate id="en-US0900c8af85665226-nev13716566n1-nev18039716n21">
<graphic id="en-US0900c8af85665226-nev13716566n1-0900c8af83455f2f">
<href>0900c8af83455f2f_950_600.jpeg</href>
</graphic>
<graphtext id="en-US0900c8af85665226-nev13716566n1-nev18039902n1">
<para id="en-US0900c8af85665226-nev13716566n1-nev18039716n19">
<ptxt id="en-US0900c8af85665226-nev13716566n1-nev18039716n20">
<torque id="en-US0900c8af85665226-nev13716566n1-nev17353553n49">
<ref id="en-US0900c8af84f55f6c(null)"/>
</torque>
</ptxt>
</para>
</graphtext>
</grate>
</procstep>
<procstep id="en-US0900c8af85665226-nev13716566n1-nev17353323n94">
<grate id="en-US0900c8af85665226-nev13716566n1-nev18039716n18">
<graphic id="en-US0900c8af85665226-nev13716566n1-0900c8af847263b8">
<href>0900c8af847263b8_950_900.jpeg</href>
</graphic>
<graphtext id="en-US0900c8af85665226-nev13716566n1-nev18039909n1">
<para id="en-US0900c8af85665226-nev13716566n1-nev18039716n16">
<ptxt id="en-US0900c8af85665226-nev13716566n1-nev18039716n17">
<torque id="en-US0900c8af85665226-nev13716566n1-nev17353553n43">
<ref id="en-US0900c8af8460593c(null)"/>
</torque>
</ptxt>
</para>
</graphtext>
</grate>
</procstep>
<procstep id="en-US0900c8af85665226-nev13716566n1-nev17353323n23">
<grate id="en-US0900c8af85665226-nev13716566n1-nev18039716n15">
<graphic id="en-US0900c8af85665226-nev13716566n1-0900c8af858de52a">
<href>0900c8af858de52a_950_600.jpeg</href>
</graphic>
</grate>
</procstep>
<procstep id="en-US0900c8af85665226-nev13716566n1-nev17353538n87">
<grate id="en-US0900c8af85665226-nev13716566n1-nev18039716n14">
<graphic id="en-US0900c8af85665226-nev13716566n1-0900c8af858de536">
<href>0900c8af858de536_950_600.jpeg</href>
</graphic>
<graphtext id="en-US0900c8af85665226-nev13716566n1-nev18039919n1">
<para id="en-US0900c8af85665226-nev13716566n1-nev18039716n12">
<ptxt id="en-US0900c8af85665226-nev13716566n1-nev18039716n13">
<torque id="en-US0900c8af85665226-nev13716566n1-nev17962341n28">
<ref id="en-US0900c8af85665226-nev13716566n1-nev17962341n26"/>
</torque>
</ptxt>
</para>
</graphtext>
</grate>
</procstep>
<procstep id="en-US0900c8af85665226-nev13716566n1-nev17353540n18">
<grate id="en-US0900c8af85665226-nev13716566n1-nev18039716n11">
<graphic id="en-US0900c8af85665226-nev13716566n1-0900c8af858de520">
<href>0900c8af858de520_950_600.jpeg</href>
</graphic>
<graphtext id="en-US0900c8af85665226-nev13716566n1-nev18039926n1">
<caution id="en-US0900c8af85665226-nev13716566n1-0800c8af844a4156">
<ptxt>Make sure that the area around the component is clean and free of foreign material.</ptxt>
</caution>
</graphtext>
</grate>
</procstep>
</stepgrp>
<stepgrp boilerplate="false" context="" id="en-US0900c8af85665226-nev13716566n1-nev18039716n10">
<title id="en-US0900c8af85665226-nev13716566n1-0800c8af844a46f9">Installation</title>
<procstep id="en-US0900c8af85665226-nev13716566n1-nev17353547n27">
<para id="en-US0900c8af85665226-nev13716566n1-nev18039716n8">
<ptxt id="en-US0900c8af85665226-nev13716566n1-nev18039716n9">To install, reverse the removal procedure.</ptxt>
</para>
</procstep>
</stepgrp>
</procedure>
</servinfosub><servinfosub IE-ID="en-US0900c8af85d222ca" docno="VCC-370853" id="en-US0900c8af85d222ca-nev13716565n1" original="sv-SE" servinfosubId="nev13716566n1-nev19126700n1" servinfosubRes="0900c8af85f4cc4c" servinfosubRes2="urn:x-nevis:fragment:0900c8af85d222ca:0900c8af85f4cc4c#nev19126700n1" xml:lang="en-US" yearRange="">
<operationnumbers>
<operationnumber>77322-2</operationnumber>
<operationnumber>77320-2</operationnumber>
</operationnumbers>
<title id="en-US0900c8af85d222ca-nev13716564n50">Wheel bearings and wheel hubs, front</title>
<toolitemtable id="en-US0900c8af85d222ca-nev13716566n1-nev19586961n69">
<table id="en-US0900c8af85d222ca-nev13716566n1-nev19586961n68">
<tgroup cols="2" id="en-US0900c8af85d222ca-nev13716566n1-nev19586961n67">
<colspec colname="COLSPEC0" colwidth="1.00*" id="en-US0900c8af85d222ca-nev13716566n1-nev19586961n66"/>
<colspec colname="COLSPEC1" colwidth="1.00*" id="en-US0900c8af85d222ca-nev13716566n1-nev19586961n65"/>
<thead id="en-US0900c8af85d222ca-nev13716566n1-nev19586961n64">
<row id="en-US0900c8af85d222ca-nev13716566n1-nev19586961n63">
<entry id="en-US0900c8af85d222ca-nev13716566n1-nev19586961n62" nameend="COLSPEC1" namest="COLSPEC0" valign="top">
<ptxt id="en-US0900c8af85d222ca-nev13716566n1-nev19586961n61">
<emph id="en-US0900c8af85d222ca-nev13716566n1-nev19586961n60">Special tools</emph>
</ptxt>
</entry>
</row>
</thead>
<tbody id="en-US0900c8af85d222ca-nev13716566n1-nev19586961n59">
<row id="en-US0900c8af85d222ca-nev13716566n1-nev19586961n58">
<entry id="en-US0900c8af85d222ca-nev13716566n1-nev19586961n57">
<graphic id="en-US0900c8af85d222ca-nev13716566n1-nev19586961n56">
<href>0900c8af81620663_674_504.jpeg</href>
</graphic>
</entry>
<entry id="en-US0900c8af85d222ca-nev13716566n1-nev19586961n55">
<ptxt id="en-US0900c8af85d222ca-nev13716566n1-nev19586961n54">
<emph id="en-US0900c8af85d222ca-nev13716566n1-nev19586961n53">951 2945 Puller</emph>
</ptxt>
<ptxt id="en-US0900c8af85d222ca-nev13716566n1-nev19586961n51">
<emph id="en-US0900c8af85d222ca-nev13716566n1-nev19586961n50">Tool number:</emph>951 2945</ptxt>
<ptxt id="en-US0900c8af85d222ca-nev13716566n1-nev19586961n49">
<emph id="en-US0900c8af85d222ca-nev13716566n1-nev19586961n48">Tool description:</emph>Puller</ptxt>
<ptxt id="en-US0900c8af85d222ca-nev13716566n1-nev19586961n46">
<emph id="en-US0900c8af85d222ca-nev13716566n1-nev19586961n45">Tool boards:</emph>61</ptxt>
</entry>
</row>
</tbody>
</tgroup>
</table>
</toolitemtable>
<procedure id="en-US0900c8af85d222ca-nev13716566n1-nev19461959n2">
<stepgrp boilerplate="false" context="" id="en-US0900c8af85d222ca-nev13716566n1-nev19586958n7">
<title id="en-US0900c8af85d222ca-nev13716566n1-0800c8af844a46f6">Removal</title>
<procstep id="en-US0900c8af85d222ca-nev13716566n1-nev19527683n2">
<note id="en-US0900c8af85d222ca-nev13716566n1-0800c8af844a42fa">
<ptxt>Removal steps in this procedure may contain installation details.</ptxt>
</note>
</procstep>
<procstep id="en-US0900c8af85d222ca-nev13716566n1-nev19533461n58">
<para id="en-US0900c8af85d222ca-nev13716566n1-nev19586958n5">
<ptxt id="en-US0900c8af85d222ca-nev13716566n1-nev19586958n6">See information about lifting points body<xref boilerplate="true" id="en-US0900c8af85d222ca-nev13716566n1-0800c8af84650bad">
<ref id="en-US0900c8af844d5601-nev13716792n1(200420052006200720082009201020112012)"/>
</xref>
</ptxt>
</para>
</procstep>
<procstep id="en-US0900c8af85d222ca-nev13716566n1-nev19527687n99">
<para id="en-US0900c8af85d222ca-nev13716566n1-nev19586958n3">
<ptxt id="en-US0900c8af85d222ca-nev13716566n1-nev19586958n4">Remove the wheel<xref boilerplate="true" id="en-US0900c8af85d222ca-nev13716566n1-0800c8af844f033b">
<ref id="en-US0900c8af86b99124-nev13716510n1(200420052006200720082009201020112012)"/>
</xref>
</ptxt>
</para>
</procstep>
<procstep id="en-US0900c8af85d222ca-nev13716566n1-nev19586842n93">
<grate id="en-US0900c8af85d222ca-nev13716566n1-nev19586958n1">
<graphic id="en-US0900c8af85d222ca-nev13716566n1-nev19586958n2">
<href>0900c8af858b1b31_950_600.jpeg</href>
</graphic>
<graphtext id="en-US0900c8af85d222ca-nev13716566n1-nev19586979n1">
<para id="en-US0900c8af85d222ca-nev13716566n1-nev19586961n99">
<ptxt id="en-US0900c8af85d222ca-nev13716566n1-nev19586961n100">
<torque id="en-US0900c8af85d222ca-nev13716566n1-nev19586842n90">
<ref id="en-US0900c8af8593b651(null)"/>
</torque>
</ptxt>
</para>
</graphtext>
</grate>
</procstep>
<procstep id="en-US0900c8af85d222ca-nev13716566n1-nev19586842n86">
<grate id="en-US0900c8af85d222ca-nev13716566n1-nev19586961n97">
<graphic id="en-US0900c8af85d222ca-nev13716566n1-nev19586961n98">
<href>0900c8af858b1b33_950_600.jpeg</href>
</graphic>
<graphtext id="en-US0900c8af85d222ca-nev13716566n1-nev19586986n1">
<para id="en-US0900c8af85d222ca-nev13716566n1-nev19586961n95">
<ptxt id="en-US0900c8af85d222ca-nev13716566n1-nev19586961n96">
<toolitem boilerplate="true" id="en-US0900c8af85d222ca-nev13716566n1-nev19586842n82" imageid="0900c8af81620663"/>
</ptxt>
</para>
</graphtext>
</grate>
</procstep>
<procstep id="en-US0900c8af85d222ca-nev13716566n1-nev19527687n82">
<grate id="en-US0900c8af85d222ca-nev13716566n1-nev19586961n93">
<graphic id="en-US0900c8af85d222ca-nev13716566n1-nev19586961n94">
<href>0900c8af85f4caf9_950_900.jpeg</href>
</graphic>
<graphtext id="en-US0900c8af85d222ca-nev13716566n1-nev19586993n1">
<para id="en-US0900c8af85d222ca-nev13716566n1-nev19586961n89">
<ptxt id="en-US0900c8af85d222ca-nev13716566n1-nev19586961n91">
<torque id="en-US0900c8af85d222ca-nev13716566n1-nev19586961n92">
<ref id="en-US0900c8af84f55f6c(null)"/>
</torque>
</ptxt>
</para>
</graphtext>
</grate>
</procstep>
<procstep id="en-US0900c8af85d222ca-nev13716566n1-nev19527687n76">
<grate id="en-US0900c8af85d222ca-nev13716566n1-nev19586961n87">
<graphic id="en-US0900c8af85d222ca-nev13716566n1-nev19586961n88">
<href>0900c8af847263b8_950_900.jpeg</href>
</graphic>
<graphtext id="en-US0900c8af85d222ca-nev13716566n1-nev19587000n1">
<para id="en-US0900c8af85d222ca-nev13716566n1-nev19586961n85">
<ptxt id="en-US0900c8af85d222ca-nev13716566n1-nev19586961n86">
<torque id="en-US0900c8af85d222ca-nev13716566n1-nev19527687n28">
<ref id="en-US0900c8af8460593c(null)"/>
</torque>
</ptxt>
</para>
</graphtext>
</grate>
</procstep>
<procstep id="en-US0900c8af85d222ca-nev13716566n1-nev19527687n25">
<grate id="en-US0900c8af85d222ca-nev13716566n1-nev19586961n83">
<graphic id="en-US0900c8af85d222ca-nev13716566n1-nev19586961n84">
<href>0900c8af85ed5f24_950_900.jpeg</href>
</graphic>
<graphtext id="en-US0900c8af85d222ca-nev13716566n1-nev19587007n1">
<para id="en-US0900c8af85d222ca-nev13716566n1-nev19586961n81">
<ptxt id="en-US0900c8af85d222ca-nev13716566n1-nev19586961n82">
<torque id="en-US0900c8af85d222ca-nev13716566n1-nev19527687n22">
<ref id="en-US0900c8af85d222ca-nev13716566n1-nev19527687n20"/>
</torque>
</ptxt>
</para>
</graphtext>
</grate>
</procstep>
<procstep id="en-US0900c8af85d222ca-nev13716566n1-nev19527687n70">
<grate id="en-US0900c8af85d222ca-nev13716566n1-nev19586961n79">
<graphic id="en-US0900c8af85d222ca-nev13716566n1-nev19586961n80">
<href>0900c8af858de52a_950_600.jpeg</href>
</graphic>
</grate>
</procstep>
<procstep id="en-US0900c8af85d222ca-nev13716566n1-nev19527687n67">
<grate id="en-US0900c8af85d222ca-nev13716566n1-nev19586961n77">
<graphic id="en-US0900c8af85d222ca-nev13716566n1-nev19586961n78">
<href>0900c8af858de536_950_600.jpeg</href>
</graphic>
<graphtext id="en-US0900c8af85d222ca-nev13716566n1-nev19587017n1">
<para id="en-US0900c8af85d222ca-nev13716566n1-nev19586961n75">
<ptxt id="en-US0900c8af85d222ca-nev13716566n1-nev19586961n76">
<torque id="en-US0900c8af85d222ca-nev13716566n1-nev19527687n14">
<ref id="en-US0900c8af85d222ca-nev13716566n1-nev19461962n10"/>
</torque>
</ptxt>
</para>
</graphtext>
</grate>
</procstep>
<procstep id="en-US0900c8af85d222ca-nev13716566n1-nev19527687n61">
<grate id="en-US0900c8af85d222ca-nev13716566n1-nev19586961n73">
<graphic id="en-US0900c8af85d222ca-nev13716566n1-nev19586961n74">
<href>0900c8af858de520_950_600.jpeg</href>
</graphic>
<graphtext id="en-US0900c8af85d222ca-nev13716566n1-nev19587024n1">
<caution id="en-US0900c8af85d222ca-nev13716566n1-0800c8af844a4156">
<ptxt>Make sure that the area around the component is clean and free of foreign material.</ptxt>
</caution>
</graphtext>
</grate>
</procstep>
</stepgrp>
<stepgrp boilerplate="false" context="" id="en-US0900c8af85d222ca-nev13716566n1-nev19586961n72">
<title id="en-US0900c8af85d222ca-nev13716566n1-0800c8af844a46f9">Installation</title>
<procstep id="en-US0900c8af85d222ca-nev13716566n1-nev19527687n55">
<para id="en-US0900c8af85d222ca-nev13716566n1-nev19586961n70">
<ptxt id="en-US0900c8af85d222ca-nev13716566n1-nev19586961n71">To install, reverse the removal procedure.</ptxt>
</para>
</procstep>
</stepgrp>
</procedure>
</servinfosub><torqueinfo IE-ID="en-US0900c8af85d808cc" docno="VCC-461857" id="en-US0900c8af85d808cc-nev19130141n85" original="sv-SE" torqueId="nev19252356n1-nev19252355n4" torqueRes="0900c8af85d808d9" torqueRes2="urn:x-nevis:fragment:0900c8af85d808cc:0900c8af85d808d9#nev19252355n4" xml:lang="en-US" yearRange="">
<component id="en-US0900c8af85d808cc-nev19130141n84">Wheel hub to longitudinal stay</component>
<value id="en-US0900c8af85d808cc-nev19252356n1-nev19130141n81" loosen="false" unit="Nm">65</value>
</torqueinfo></ti_title></orphans>