<?xml version="1.0" encoding="UTF-8"?><FunctionGroup2 Qualifier="Cleaning, Inspection and Adjustment" group="46" name="Rear axle, drive shafts"><serv-cat servcat.name=" Differentials @AnD@ Drive Axles"/><serv-cat servcat.name="Axle Shafts"/><doc-head>Driveline/Axles</doc-head><doc-subhead>Rear Axle, Drive Shafts - Cleaning, Inspection and Adjustment</doc-subhead>
          <FunctionGroup3 group="465" name="final drive (front and rear)">
            <ti_title id="TITitle-12345-742" navTitle="navTitle" shortYearRange="2005-2010" title="ti_title" trans="AW50/51 AWD" yearRange="2005-2010">
              <servinfosub IE-ID="en-US0900c8af847e43c8" docno="VCC-392414" id="en-US0900c8af847e43c8-nev14380888n1" original="sv-SE" servinfosubId="nev14380889n1-nev14380888n4" servinfosubRes="0900c8af84b55ca7" servinfosubRes2="urn:x-nevis:fragment:0900c8af847e43c8:0900c8af84b55ca7#nev14380888n4" xml:lang="en-US" yearRange="2009">
<title id="en-US0900c8af847e43c8-nev14380888n2">Active On Demand Coupling Fluid Level Check (2009)</title>
<materialtable id="en-US0900c8af847e43c8-nev14380889n1-nev15016158n14">
<table id="en-US0900c8af847e43c8-nev14380889n1-nev15016158n13">
<tgroup cols="2" id="en-US0900c8af847e43c8-nev14380889n1-nev15016158n12">
<colspec colname="COLSPEC0" colwidth="1.00*" id="en-US0900c8af847e43c8-nev14380889n1-nev15016158n11"/>
<colspec colname="COLSPEC1" colwidth="1.00*" id="en-US0900c8af847e43c8-nev14380889n1-nev15016158n10"/>
<thead id="en-US0900c8af847e43c8-nev14380889n1-nev15016158n9">
<row id="en-US0900c8af847e43c8-nev14380889n1-nev15016158n8">
<entry id="en-US0900c8af847e43c8-nev14380889n1-nev15016158n7" nameend="COLSPEC1" namest="COLSPEC0" valign="top">
<ptxt id="en-US0900c8af847e43c8-nev14380889n1-nev15016158n6">
<emph id="en-US0900c8af847e43c8-nev14380889n1-nev15016158n5">Materials</emph>
</ptxt>
</entry>
</row>
</thead>
<tbody id="en-US0900c8af847e43c8-nev14380889n1-nev15016158n3">
<row id="en-US0900c8af847e43c8-nev14380889n1-nev15016158n2">
<entry id="en-US0900c8af847e43c8-nev14380889n1-nev15016158n1">
<ptxt id="en-US0900c8af847e43c8-nev14380889n1-nev15016159n100">
<emph id="en-US0900c8af847e43c8-nev14380889n1-nev15016159n99">Designation</emph>
</ptxt>
</entry>
<entry id="en-US0900c8af847e43c8-nev14380889n1-nev15016159n97">
<ptxt id="en-US0900c8af847e43c8-nev14380889n1-nev15016159n96">
<emph id="en-US0900c8af847e43c8-nev14380889n1-nev15016159n95">Part number</emph>
</ptxt>
</entry>
</row>
<row id="en-US0900c8af847e43c8-nev14380889n1-nev15016159n93">
<entry id="en-US0900c8af847e43c8-nev14380889n1-nev15016159n92">
<ptxt id="en-US0900c8af847e43c8-nev14380889n1-nev15016159n91">Transmission oil</ptxt>
</entry>
<entry id="en-US0900c8af847e43c8-nev14380889n1-nev15016159n89">
<ptxt id="en-US0900c8af847e43c8-nev14380889n1-nev15016159n88">30759648</ptxt>
</entry>
</row>
</tbody>
</tgroup>
</table>
</materialtable>
<procedure id="en-US0900c8af847e43c8-nev14380889n1-nev14736782n48">
<stepgrp boilerplate="false" context="" id="en-US0900c8af847e43c8-nev14380889n1-nev15016158n45">
<title id="en-US0900c8af847e43c8-nev14380889n1-nev15010343n18">Removal</title>
<procstep id="en-US0900c8af847e43c8-nev14380889n1-nev14736311n91">
<grate id="en-US0900c8af847e43c8-nev14380889n1-nev14736782n44">
<graphic id="en-US0900c8af847e43c8-nev14380889n1-nev14736782n45">
<href>0900c8af84a00faa_950_600.jpeg</href>
</graphic>
<graphtext id="en-US0900c8af847e43c8-nev14380889n1-nev15016163n1">
<warning id="en-US0900c8af847e43c8-nev14380889n1-nev15010343n17">
<ptxt>Be prepared to collect escaping fluid.</ptxt>
</warning>
</graphtext>
</grate>
</procstep>
</stepgrp>
<stepgrp boilerplate="false" context="" id="en-US0900c8af847e43c8-nev14380889n1-nev15016158n42">
<title id="en-US0900c8af847e43c8-nev14380889n1-nev15010343n15">Filling</title>
<procstep id="en-US0900c8af847e43c8-nev14380889n1-nev14736757n74">
<grate id="en-US0900c8af847e43c8-nev14380889n1-nev14736782n38">
<graphic id="en-US0900c8af847e43c8-nev14380889n1-nev14736782n39">
<href>0900c8af84a00fc5_950_600.jpeg</href>
</graphic>
<graphtext id="en-US0900c8af847e43c8-nev14380889n1-nev15016167n1">
<caution id="en-US0900c8af847e43c8-nev14380889n1-nev15010343n14">
<ptxt>The fluid must be allowed to escape until a continuous flow changes into single drops.</ptxt>
</caution>
<para id="en-US0900c8af847e43c8-nev14380889n1-nev15016158n38">
<ptxt id="en-US0900c8af847e43c8-nev14380889n1-nev15016158n39">
<material id="en-US0900c8af847e43c8-nev14380889n1-nev14736782n35" materialid="30759648" materialname="Transmission oil" quantity="0.0"/>
</ptxt>
</para>
</graphtext>
</grate>
</procstep>
</stepgrp>
<stepgrp boilerplate="false" context="" id="en-US0900c8af847e43c8-nev14380889n1-nev15016158n37">
<title id="en-US0900c8af847e43c8-nev14380889n1-nev15010343n10">Installation</title>
<procstep id="en-US0900c8af847e43c8-nev14380889n1-nev14736782n77">
<grate id="en-US0900c8af847e43c8-nev14380889n1-nev14736782n27">
<graphic id="en-US0900c8af847e43c8-nev14380889n1-nev14736782n28">
<href>0900c8af84a00faa_950_600.jpeg</href>
</graphic>
<graphtext id="en-US0900c8af847e43c8-nev14380889n1-nev15016174n1">
<para id="en-US0900c8af847e43c8-nev14380889n1-nev15016158n32">
<ptxt id="en-US0900c8af847e43c8-nev14380889n1-nev15016158n34">
<torque id="en-US0900c8af847e43c8-nev14380889n1-nev15016158n35">
<ref id="en-US0900c8af8494cbe1(null)"/>
</torque>
</ptxt>
</para>
</graphtext>
</grate>
</procstep>
<procstep id="en-US0900c8af847e43c8-nev14380889n1-nev14994107n65">
<para id="en-US0900c8af847e43c8-nev14380889n1-nev15016158n29">
<ptxt id="en-US0900c8af847e43c8-nev14380889n1-nev15016158n30">Carry out a road test.</ptxt>
</para>
</procstep>
</stepgrp>
<stepgrp boilerplate="false" context="" id="en-US0900c8af847e43c8-nev14380889n1-nev15016158n28">
<title id="en-US0900c8af847e43c8-nev14380889n1-nev15010343n5">Removal</title>
<procstep id="en-US0900c8af847e43c8-nev14380889n1-nev14994118n47">
<grate id="en-US0900c8af847e43c8-nev14380889n1-nev14994177n50">
<graphic id="en-US0900c8af847e43c8-nev14380889n1-nev14994177n51">
<href>0900c8af84a00faa_950_600.jpeg</href>
</graphic>
</grate>
</procstep>
</stepgrp>
<stepgrp boilerplate="false" context="" id="en-US0900c8af847e43c8-nev14380889n1-nev15016158n26">
<title id="en-US0900c8af847e43c8-nev14380889n1-nev15010343n3">Filling</title>
<procstep id="en-US0900c8af847e43c8-nev14380889n1-nev14994121n4">
<grate id="en-US0900c8af847e43c8-nev14380889n1-nev14994177n46">
<graphic id="en-US0900c8af847e43c8-nev14380889n1-nev14994177n47">
<href>0900c8af84a00fc5_950_600.jpeg</href>
</graphic>
<graphtext id="en-US0900c8af847e43c8-nev14380889n1-nev15016184n1">
<caution id="en-US0900c8af847e43c8-nev14380889n1-nev15010343n2">
<ptxt>The fluid must be allowed to escape until a continuous flow changes into single drops.</ptxt>
</caution>
<para id="en-US0900c8af847e43c8-nev14380889n1-nev15016158n22">
<ptxt id="en-US0900c8af847e43c8-nev14380889n1-nev15016158n23">
<material id="en-US0900c8af847e43c8-nev14380889n1-nev14994177n41" materialid="30759648" materialname="Transmission oil" quantity="0.0"/>
</ptxt>
</para>
</graphtext>
</grate>
</procstep>
<procstep id="en-US0900c8af847e43c8-nev14380889n1-nev14736759n66">
<grate id="en-US0900c8af847e43c8-nev14380889n1-nev14736782n31">
<graphic id="en-US0900c8af847e43c8-nev14380889n1-nev14736782n32">
<href>0900c8af84a00fc4_950_600.jpeg</href>
</graphic>
</grate>
</procstep>
</stepgrp>
<stepgrp boilerplate="false" context="" id="en-US0900c8af847e43c8-nev14380889n1-nev15016158n21">
<title id="en-US0900c8af847e43c8-nev14380889n1-nev15016156n96">Installation</title>
<procstep id="en-US0900c8af847e43c8-nev14380889n1-nev14994125n68">
<grate id="en-US0900c8af847e43c8-nev14380889n1-nev14994177n35">
<graphic id="en-US0900c8af847e43c8-nev14380889n1-nev14994177n36">
<href>0900c8af84a00faa_950_600.jpeg</href>
</graphic>
<graphtext id="en-US0900c8af847e43c8-nev14380889n1-nev15016194n1">
<para id="en-US0900c8af847e43c8-nev14380889n1-nev15016158n16">
<ptxt id="en-US0900c8af847e43c8-nev14380889n1-nev15016158n18">
<torque id="en-US0900c8af847e43c8-nev14380889n1-nev15016158n19">
<ref id="en-US0900c8af8494cbe1(null)"/>
</torque>
</ptxt>
</para>
</graphtext>
</grate>
</procstep>
</stepgrp>
</procedure>
<torqueinfo IE-ID="en-US0900c8af8494cbe1" docno="VCC-395184" id="en-US0900c8af8494cbe1-nev14604112n1" original="sv-SE" torqueId="nev14604113n1-nev14604112n3" torqueRes="0900c8af8494cc0a" torqueRes2="urn:x-nevis:fragment:0900c8af8494cbe1:0900c8af8494cc0a#nev14604112n3" xml:lang="en-US">
<component id="en-US0900c8af8494cbe1-nev14604112n2">Oil plug, Active On-Demand Coupling</component>
<value id="en-US0900c8af8494cbe1-nev14604113n1-nev14604126n250" unit="Nm">35</value>
</torqueinfo></servinfosub>
              <servinfosub IE-ID="en-US0900c8af850acbdf" docno="VCC-392414" id="en-US0900c8af850acbdf-nev14380888n1" original="sv-SE" servinfosubId="nev14380889n1-nev14398991n1" servinfosubRes="0900c8af850acbe2" servinfosubRes2="urn:x-nevis:fragment:0900c8af850acbdf:0900c8af850acbe2#nev14398991n1" xml:lang="en-US" yearRange="2005-2008">
<title id="en-US0900c8af850acbdf-nev14380888n2">Active On Demand Coupling Fluid Level Check (2005-2008)</title>
<toolitemtable id="en-US0900c8af850acbdf-nev14380889n1-nev16117933n26">
<table id="en-US0900c8af850acbdf-nev14380889n1-nev16117933n25">
<tgroup cols="2" id="en-US0900c8af850acbdf-nev14380889n1-nev16117933n24">
<colspec colname="COLSPEC0" colwidth="1.00*" id="en-US0900c8af850acbdf-nev14380889n1-nev16117933n23"/>
<colspec colname="COLSPEC1" colwidth="1.00*" id="en-US0900c8af850acbdf-nev14380889n1-nev16117933n22"/>
<thead id="en-US0900c8af850acbdf-nev14380889n1-nev16117933n21">
<row id="en-US0900c8af850acbdf-nev14380889n1-nev16117933n20">
<entry id="en-US0900c8af850acbdf-nev14380889n1-nev16117933n19" nameend="COLSPEC1" namest="COLSPEC0" valign="top">
<ptxt id="en-US0900c8af850acbdf-nev14380889n1-nev16117933n18">
<emph id="en-US0900c8af850acbdf-nev14380889n1-nev16117933n17">Special tools</emph>
</ptxt>
</entry>
</row>
</thead>
<tbody id="en-US0900c8af850acbdf-nev14380889n1-nev16117933n16">
<row id="en-US0900c8af850acbdf-nev14380889n1-nev16117933n15">
<entry id="en-US0900c8af850acbdf-nev14380889n1-nev16117933n14">
<graphic id="en-US0900c8af850acbdf-nev14380889n1-nev16117933n13">
<href>0900c8af84b8a316_402_402.jpeg</href>
</graphic>
</entry>
<entry id="en-US0900c8af850acbdf-nev14380889n1-nev16117933n12">
<ptxt id="en-US0900c8af850acbdf-nev14380889n1-nev16117933n11">
<emph id="en-US0900c8af850acbdf-nev14380889n1-nev16117933n10">999 7408 Oil gun</emph>
</ptxt>
<ptxt id="en-US0900c8af850acbdf-nev14380889n1-nev16117933n8">
<emph id="en-US0900c8af850acbdf-nev14380889n1-nev16117933n7">Tool number:</emph>999 7408</ptxt>
<ptxt id="en-US0900c8af850acbdf-nev14380889n1-nev16117933n6">
<emph id="en-US0900c8af850acbdf-nev14380889n1-nev16117933n5">Tool description:</emph>Oil gun</ptxt>
<ptxt id="en-US0900c8af850acbdf-nev14380889n1-nev16117933n3">
<emph id="en-US0900c8af850acbdf-nev14380889n1-nev16117933n2">Tool boards:</emph>43</ptxt>
</entry>
</row>
</tbody>
</tgroup>
</table>
</toolitemtable>
<materialtable id="en-US0900c8af850acbdf-nev14380889n1-nev16117933n1">
<table id="en-US0900c8af850acbdf-nev14380889n1-nev16117934n100">
<tgroup cols="2" id="en-US0900c8af850acbdf-nev14380889n1-nev16117934n99">
<colspec colname="COLSPEC0" colwidth="1.00*" id="en-US0900c8af850acbdf-nev14380889n1-nev16117934n98"/>
<colspec colname="COLSPEC1" colwidth="1.00*" id="en-US0900c8af850acbdf-nev14380889n1-nev16117934n97"/>
<thead id="en-US0900c8af850acbdf-nev14380889n1-nev16117934n96">
<row id="en-US0900c8af850acbdf-nev14380889n1-nev16117934n95">
<entry id="en-US0900c8af850acbdf-nev14380889n1-nev16117934n94" nameend="COLSPEC1" namest="COLSPEC0" valign="top">
<ptxt id="en-US0900c8af850acbdf-nev14380889n1-nev16117934n93">
<emph id="en-US0900c8af850acbdf-nev14380889n1-nev16117934n92">Materials</emph>
</ptxt>
</entry>
</row>
</thead>
<tbody id="en-US0900c8af850acbdf-nev14380889n1-nev16117934n91">
<row id="en-US0900c8af850acbdf-nev14380889n1-nev16117934n90">
<entry id="en-US0900c8af850acbdf-nev14380889n1-nev16117934n89">
<ptxt id="en-US0900c8af850acbdf-nev14380889n1-nev16117934n88">
<emph id="en-US0900c8af850acbdf-nev14380889n1-nev16117934n87">Designation</emph>
</ptxt>
</entry>
<entry id="en-US0900c8af850acbdf-nev14380889n1-nev16117934n86">
<ptxt id="en-US0900c8af850acbdf-nev14380889n1-nev16117934n85">
<emph id="en-US0900c8af850acbdf-nev14380889n1-nev16117934n84">Part number</emph>
</ptxt>
</entry>
</row>
<row id="en-US0900c8af850acbdf-nev14380889n1-nev16117934n83">
<entry id="en-US0900c8af850acbdf-nev14380889n1-nev16117934n82">
<ptxt id="en-US0900c8af850acbdf-nev14380889n1-nev16117934n81">Transmission oil</ptxt>
</entry>
<entry id="en-US0900c8af850acbdf-nev14380889n1-nev16117934n79">
<ptxt id="en-US0900c8af850acbdf-nev14380889n1-nev16117934n78">30759648</ptxt>
</entry>
</row>
</tbody>
</tgroup>
</table>
</materialtable>
<procedure id="en-US0900c8af850acbdf-nev14380889n1-nev14739292n75">
<stepgrp boilerplate="false" context="" id="en-US0900c8af850acbdf-nev14380889n1-nev16117933n45">
<title id="en-US0900c8af850acbdf-nev14380889n1-nev14994066n46">Removal</title>
<procstep id="en-US0900c8af850acbdf-nev14380889n1-nev14739289n32">
<grate id="en-US0900c8af850acbdf-nev14380889n1-nev14739292n71">
<graphic id="en-US0900c8af850acbdf-nev14380889n1-nev14739292n72">
<href>0900c8af84a00e73_950_600.jpeg</href>
</graphic>
<graphtext id="en-US0900c8af850acbdf-nev14380889n1-nev16117941n1">
<warning id="en-US0900c8af850acbdf-nev14380889n1-nev14994066n45">
<ptxt>Be prepared to collect escaping fluid.</ptxt>
</warning>
</graphtext>
</grate>
</procstep>
</stepgrp>
<stepgrp boilerplate="false" context="" id="en-US0900c8af850acbdf-nev14380889n1-nev16117933n44">
<title id="en-US0900c8af850acbdf-nev14380889n1-nev14994066n43">Filling</title>
<procstep id="en-US0900c8af850acbdf-nev14380889n1-nev14739289n25">
<grate id="en-US0900c8af850acbdf-nev14380889n1-nev14739292n65">
<graphic id="en-US0900c8af850acbdf-nev14380889n1-nev14739292n66">
<href>0900c8af84a00ecb_950_600.jpeg</href>
</graphic>
<graphtext id="en-US0900c8af850acbdf-nev14380889n1-nev16117945n1">
<caution id="en-US0900c8af850acbdf-nev14380889n1-nev14994066n42">
<ptxt>The fluid must be allowed to escape until a continuous flow changes into single drops.</ptxt>
</caution>
<para id="en-US0900c8af850acbdf-nev14380889n1-nev16117933n42">
<ptxt id="en-US0900c8af850acbdf-nev14380889n1-nev16117933n43">
<material id="en-US0900c8af850acbdf-nev14380889n1-nev14739292n62" materialid="30759648" materialname="Transmission oil" quantity="0.0"/>
</ptxt>
</para>
</graphtext>
</grate>
</procstep>
</stepgrp>
<stepgrp boilerplate="false" context="" id="en-US0900c8af850acbdf-nev14380889n1-nev16117933n41">
<title id="en-US0900c8af850acbdf-nev14380889n1-nev14994066n38">Installation</title>
<procstep id="en-US0900c8af850acbdf-nev14380889n1-nev14739291n4">
<grate id="en-US0900c8af850acbdf-nev14380889n1-nev14739292n54">
<graphic id="en-US0900c8af850acbdf-nev14380889n1-nev14739292n55">
<href>0900c8af84a00e73_950_600.jpeg</href>
</graphic>
<graphtext id="en-US0900c8af850acbdf-nev14380889n1-nev16117952n1">
<para id="en-US0900c8af850acbdf-nev14380889n1-nev16117933n39">
<ptxt id="en-US0900c8af850acbdf-nev14380889n1-nev16117933n40">
<torque id="en-US0900c8af850acbdf-nev14380889n1-nev14739490n89">
<ref id="en-US0900c8af8494cbe1(null)"/>
</torque>
</ptxt>
</para>
</graphtext>
</grate>
</procstep>
<procstep id="en-US0900c8af850acbdf-nev14380889n1-nev14993895n59">
<para id="en-US0900c8af850acbdf-nev14380889n1-nev16117933n37">
<ptxt id="en-US0900c8af850acbdf-nev14380889n1-nev16117933n38">Carry out a road test.</ptxt>
</para>
</procstep>
</stepgrp>
<stepgrp boilerplate="false" context="" id="en-US0900c8af850acbdf-nev14380889n1-nev16117933n36">
<title id="en-US0900c8af850acbdf-nev14380889n1-nev14994066n31">Removal</title>
<procstep id="en-US0900c8af850acbdf-nev14380889n1-nev14739303n100">
<grate id="en-US0900c8af850acbdf-nev14380889n1-nev14739490n77">
<graphic id="en-US0900c8af850acbdf-nev14380889n1-nev14739490n78">
<href>0900c8af84a00e73_950_600.jpeg</href>
</graphic>
<graphtext id="en-US0900c8af850acbdf-nev14380889n1-nev16117959n1">
<warning id="en-US0900c8af850acbdf-nev14380889n1-nev14994066n30">
<ptxt>Be prepared to collect escaping fluid.</ptxt>
</warning>
</graphtext>
</grate>
</procstep>
</stepgrp>
<stepgrp boilerplate="false" context="" id="en-US0900c8af850acbdf-nev14380889n1-nev16117933n35">
<title id="en-US0900c8af850acbdf-nev14380889n1-nev14994066n28">Filling</title>
<procstep id="en-US0900c8af850acbdf-nev14380889n1-nev14739303n47">
<grate id="en-US0900c8af850acbdf-nev14380889n1-nev14739490n71">
<graphic id="en-US0900c8af850acbdf-nev14380889n1-nev14739490n72">
<href>0900c8af84a00ea0_950_600.jpeg</href>
</graphic>
<graphtext id="en-US0900c8af850acbdf-nev14380889n1-nev16117963n1">
<caution id="en-US0900c8af850acbdf-nev14380889n1-nev14994066n27">
<ptxt>The fluid must be allowed to escape until a continuous flow changes into single drops.</ptxt>
</caution>
<para id="en-US0900c8af850acbdf-nev14380889n1-nev16117933n33">
<ptxt id="en-US0900c8af850acbdf-nev14380889n1-nev16117933n34">
<material id="en-US0900c8af850acbdf-nev14380889n1-nev14739490n68" materialid="30759648" materialname="Transmission oil" quantity="0.0"/>
</ptxt>
</para>
</graphtext>
</grate>
</procstep>
<procstep id="en-US0900c8af850acbdf-nev14380889n1-nev14739289n22">
<grate id="en-US0900c8af850acbdf-nev14380889n1-nev14739292n58">
<graphic id="en-US0900c8af850acbdf-nev14380889n1-nev14739292n59">
<href>0900c8af84a00ec3_950_600.jpeg</href>
</graphic>
<graphtext id="en-US0900c8af850acbdf-nev14380889n1-nev16117970n1">
<para id="en-US0900c8af850acbdf-nev14380889n1-nev16117933n30">
<ptxt id="en-US0900c8af850acbdf-nev14380889n1-nev16117933n32">
<toolitem boilerplate="true" id="en-US0900c8af850acbdf-nev14380889n1-nev16117933n31" imageid="0900c8af84b8a316"/>
</ptxt>
</para>
</graphtext>
</grate>
</procstep>
</stepgrp>
<stepgrp boilerplate="false" context="" id="en-US0900c8af850acbdf-nev14380889n1-nev16117933n29">
<title id="en-US0900c8af850acbdf-nev14380889n1-nev14994066n23">Installation</title>
<procstep id="en-US0900c8af850acbdf-nev14380889n1-nev14739309n18">
<grate id="en-US0900c8af850acbdf-nev14380889n1-nev14739490n62">
<graphic id="en-US0900c8af850acbdf-nev14380889n1-nev14739490n63">
<href>0900c8af84a00e73_950_600.jpeg</href>
</graphic>
<graphtext id="en-US0900c8af850acbdf-nev14380889n1-nev16117977n1">
<para id="en-US0900c8af850acbdf-nev14380889n1-nev16117933n27">
<ptxt id="en-US0900c8af850acbdf-nev14380889n1-nev16117933n28">
<torque id="en-US0900c8af850acbdf-nev14380889n1-nev14739490n61">
<ref id="en-US0900c8af8494cbe1(null)"/>
</torque>
</ptxt>
</para>
</graphtext>
</grate>
</procstep>
</stepgrp>
</procedure>
<torqueinfo IE-ID="en-US0900c8af8494cbe1" docno="VCC-395184" id="en-US0900c8af8494cbe1-nev14604112n1" original="sv-SE" torqueId="nev14604113n1-nev14604112n3" torqueRes="0900c8af8494cc0a" torqueRes2="urn:x-nevis:fragment:0900c8af8494cbe1:0900c8af8494cc0a#nev14604112n3" xml:lang="en-US">
<component id="en-US0900c8af8494cbe1-nev14604112n2">Oil plug, Active On-Demand Coupling</component>
<value id="en-US0900c8af8494cbe1-nev14604113n1-nev14604126n250" unit="Nm">35</value>
</torqueinfo></servinfosub>
              <servinfosub IE-ID="en-US0900c8af850acba7" docno="VCC-392415" id="en-US0900c8af850acba7-nev14380893n1" original="sv-SE" servinfosubId="nev14380894n1-nev14380893n4" servinfosubRes="0900c8af850acbaf" servinfosubRes2="urn:x-nevis:fragment:0900c8af850acba7:0900c8af850acbaf#nev14380893n4" xml:lang="en-US" yearRange="2009, 2010">
<title id="en-US0900c8af850acba7-nev14380893n2">Differential Fluid Level Check (2009, 2010)</title>
<toolitemtable id="en-US0900c8af850acba7-nev14380894n1-nev16117282n10">
<table id="en-US0900c8af850acba7-nev14380894n1-nev16117282n9">
<tgroup cols="2" id="en-US0900c8af850acba7-nev14380894n1-nev16117282n8">
<colspec colname="COLSPEC0" colwidth="1.00*" id="en-US0900c8af850acba7-nev14380894n1-nev16117282n7"/>
<colspec colname="COLSPEC1" colwidth="1.00*" id="en-US0900c8af850acba7-nev14380894n1-nev16117282n6"/>
<thead id="en-US0900c8af850acba7-nev14380894n1-nev16117282n5">
<row id="en-US0900c8af850acba7-nev14380894n1-nev16117282n4">
<entry id="en-US0900c8af850acba7-nev14380894n1-nev16117282n3" nameend="COLSPEC1" namest="COLSPEC0" valign="top">
<ptxt id="en-US0900c8af850acba7-nev14380894n1-nev16117282n2">
<emph id="en-US0900c8af850acba7-nev14380894n1-nev16117282n1">Special tools</emph>
</ptxt>
</entry>
</row>
</thead>
<tbody id="en-US0900c8af850acba7-nev14380894n1-nev16117831n100">
<row id="en-US0900c8af850acba7-nev14380894n1-nev16117831n99">
<entry id="en-US0900c8af850acba7-nev14380894n1-nev16117831n98">
<graphic id="en-US0900c8af850acba7-nev14380894n1-nev16117831n97">
<href>0900c8af84b8a316_402_402.jpeg</href>
</graphic>
</entry>
<entry id="en-US0900c8af850acba7-nev14380894n1-nev16117831n96">
<ptxt id="en-US0900c8af850acba7-nev14380894n1-nev16117831n95">
<emph id="en-US0900c8af850acba7-nev14380894n1-nev16117831n94">999 7408 Oil gun</emph>
</ptxt>
<ptxt id="en-US0900c8af850acba7-nev14380894n1-nev16117831n92">
<emph id="en-US0900c8af850acba7-nev14380894n1-nev16117831n91">Tool number:</emph>999 7408</ptxt>
<ptxt id="en-US0900c8af850acba7-nev14380894n1-nev16117831n90">
<emph id="en-US0900c8af850acba7-nev14380894n1-nev16117831n89">Tool description:</emph>Oil gun</ptxt>
<ptxt id="en-US0900c8af850acba7-nev14380894n1-nev16117831n87">
<emph id="en-US0900c8af850acba7-nev14380894n1-nev16117831n86">Tool boards:</emph>43</ptxt>
</entry>
</row>
</tbody>
</tgroup>
</table>
</toolitemtable>
<materialtable id="en-US0900c8af850acba7-nev14380894n1-nev16117831n85">
<table id="en-US0900c8af850acba7-nev14380894n1-nev16117831n84">
<tgroup cols="2" id="en-US0900c8af850acba7-nev14380894n1-nev16117831n83">
<colspec colname="COLSPEC0" colwidth="1.00*" id="en-US0900c8af850acba7-nev14380894n1-nev16117831n82"/>
<colspec colname="COLSPEC1" colwidth="1.00*" id="en-US0900c8af850acba7-nev14380894n1-nev16117831n81"/>
<thead id="en-US0900c8af850acba7-nev14380894n1-nev16117831n80">
<row id="en-US0900c8af850acba7-nev14380894n1-nev16117831n79">
<entry id="en-US0900c8af850acba7-nev14380894n1-nev16117831n78" nameend="COLSPEC1" namest="COLSPEC0" valign="top">
<ptxt id="en-US0900c8af850acba7-nev14380894n1-nev16117831n77">
<emph id="en-US0900c8af850acba7-nev14380894n1-nev16117831n76">Materials</emph>
</ptxt>
</entry>
</row>
</thead>
<tbody id="en-US0900c8af850acba7-nev14380894n1-nev16117831n75">
<row id="en-US0900c8af850acba7-nev14380894n1-nev16117831n74">
<entry id="en-US0900c8af850acba7-nev14380894n1-nev16117831n73">
<ptxt id="en-US0900c8af850acba7-nev14380894n1-nev16117831n72">
<emph id="en-US0900c8af850acba7-nev14380894n1-nev16117831n71">Designation</emph>
</ptxt>
</entry>
<entry id="en-US0900c8af850acba7-nev14380894n1-nev16117831n70">
<ptxt id="en-US0900c8af850acba7-nev14380894n1-nev16117831n69">
<emph id="en-US0900c8af850acba7-nev14380894n1-nev16117831n68">Part number</emph>
</ptxt>
</entry>
</row>
<row id="en-US0900c8af850acba7-nev14380894n1-nev16117831n67">
<entry id="en-US0900c8af850acba7-nev14380894n1-nev16117831n66">
<ptxt id="en-US0900c8af850acba7-nev14380894n1-nev16117831n65">Rear axle oil</ptxt>
</entry>
<entry id="en-US0900c8af850acba7-nev14380894n1-nev16117831n63">
<ptxt id="en-US0900c8af850acba7-nev14380894n1-nev16117831n62">1161620</ptxt>
</entry>
</row>
</tbody>
</tgroup>
</table>
</materialtable>
<procedure id="en-US0900c8af850acba7-nev14380894n1-nev14738699n87">
<stepgrp boilerplate="false" context="" id="en-US0900c8af850acba7-nev14380894n1-nev16117282n20">
<title id="en-US0900c8af850acba7-nev14380894n1-nev14767470n43">Removal</title>
<procstep id="en-US0900c8af850acba7-nev14380894n1-nev14738605n22">
<grate id="en-US0900c8af850acba7-nev14380894n1-nev14738699n83">
<graphic id="en-US0900c8af850acba7-nev14380894n1-nev14738699n84">
<href>0900c8af84a00e76_950_600.jpeg</href>
</graphic>
<graphtext id="en-US0900c8af850acba7-nev14380894n1-nev16117838n1">
<warning id="en-US0900c8af850acba7-nev14380894n1-nev14767470n42">
<ptxt>Be prepared to collect escaping fluid.</ptxt>
</warning>
</graphtext>
</grate>
</procstep>
</stepgrp>
<stepgrp boilerplate="false" context="" id="en-US0900c8af850acba7-nev14380894n1-nev16117282n19">
<title id="en-US0900c8af850acba7-nev14380894n1-nev14767470n40">Check</title>
<procstep id="en-US0900c8af850acba7-nev14380894n1-nev14738605n15">
<grate id="en-US0900c8af850acba7-nev14380894n1-nev14738699n77">
<graphic id="en-US0900c8af850acba7-nev14380894n1-nev14738699n78">
<href>0900c8af84a00e82_950_600.jpeg</href>
</graphic>
<graphtext id="en-US0900c8af850acba7-nev14380894n1-nev16117842n1">
<caution id="en-US0900c8af850acba7-nev14380894n1-nev14767470n39">
<ptxt>The fluid must be allowed to escape until a continuous flow changes into single drops.</ptxt>
</caution>
<para id="en-US0900c8af850acba7-nev14380894n1-nev16117282n17">
<ptxt id="en-US0900c8af850acba7-nev14380894n1-nev16117282n18">
<material id="en-US0900c8af850acba7-nev14380894n1-nev14738699n74" materialid="1161620" materialname="Rear axle oil" quantity="0.0"/>
</ptxt>
</para>
</graphtext>
</grate>
</procstep>
<procstep id="en-US0900c8af850acba7-nev14380894n1-nev14738605n12">
<grate id="en-US0900c8af850acba7-nev14380894n1-nev14738699n70">
<graphic id="en-US0900c8af850acba7-nev14380894n1-nev14738699n71">
<href>0900c8af84a00e89_950_600.jpeg</href>
</graphic>
<graphtext id="en-US0900c8af850acba7-nev14380894n1-nev16117849n1">
<para id="en-US0900c8af850acba7-nev14380894n1-nev16117282n14">
<ptxt id="en-US0900c8af850acba7-nev14380894n1-nev16117282n16">
<toolitem boilerplate="true" id="en-US0900c8af850acba7-nev14380894n1-nev16117282n15" imageid="0900c8af84b8a316"/>
</ptxt>
</para>
</graphtext>
</grate>
</procstep>
</stepgrp>
<stepgrp boilerplate="false" context="" id="en-US0900c8af850acba7-nev14380894n1-nev16117282n13">
<title id="en-US0900c8af850acba7-nev14380894n1-nev14767470n35">Installation</title>
<procstep id="en-US0900c8af850acba7-nev14380894n1-nev14738698n66">
<grate id="en-US0900c8af850acba7-nev14380894n1-nev14738699n66">
<graphic id="en-US0900c8af850acba7-nev14380894n1-nev14738699n67">
<href>0900c8af84a00e76_950_600.jpeg</href>
</graphic>
<graphtext id="en-US0900c8af850acba7-nev14380894n1-nev16117856n1">
<para id="en-US0900c8af850acba7-nev14380894n1-nev16117282n11">
<ptxt id="en-US0900c8af850acba7-nev14380894n1-nev16117282n12">
<torque id="en-US0900c8af850acba7-nev14380894n1-nev14767470n34">
<ref id="en-US0900c8af8494cbb6(null)"/>
</torque>
</ptxt>
</para>
</graphtext>
</grate>
</procstep>
</stepgrp>
</procedure>
<torqueinfo IE-ID="en-US0900c8af8494cbb6" docno="VCC-383627" id="en-US0900c8af8494cbb6-nev13904054n1" original="sv-SE" torqueId="nev13904055n1-nev13904054n3" torqueRes="0900c8af8494cbff" torqueRes2="urn:x-nevis:fragment:0900c8af8494cbb6:0900c8af8494cbff#nev13904054n3" xml:lang="en-US">
<component id="en-US0900c8af8494cbb6-nev13904054n2">Oil plug, final drive</component>
<value id="en-US0900c8af8494cbb6-nev13904055n1-nev13904056n250" unit="Nm">35</value>
</torqueinfo></servinfosub>
              <servinfosub IE-ID="en-US0900c8af850acbbf" docno="VCC-392415" id="en-US0900c8af850acbbf-nev14380893n1" original="sv-SE" servinfosubId="nev14380894n1-nev14398995n1" servinfosubRes="0900c8af850acbc5" servinfosubRes2="urn:x-nevis:fragment:0900c8af850acbbf:0900c8af850acbc5#nev14398995n1" xml:lang="en-US" yearRange="2005-2008">
<title id="en-US0900c8af850acbbf-nev14380893n2">Differential Fluid Level Check (2005-2008)</title>
<toolitemtable id="en-US0900c8af850acbbf-nev14380894n1-nev16117904n75">
<table id="en-US0900c8af850acbbf-nev14380894n1-nev16117904n74">
<tgroup cols="2" id="en-US0900c8af850acbbf-nev14380894n1-nev16117904n73">
<colspec colname="COLSPEC0" colwidth="1.00*" id="en-US0900c8af850acbbf-nev14380894n1-nev16117904n72"/>
<colspec colname="COLSPEC1" colwidth="1.00*" id="en-US0900c8af850acbbf-nev14380894n1-nev16117904n71"/>
<thead id="en-US0900c8af850acbbf-nev14380894n1-nev16117904n70">
<row id="en-US0900c8af850acbbf-nev14380894n1-nev16117904n69">
<entry id="en-US0900c8af850acbbf-nev14380894n1-nev16117904n68" nameend="COLSPEC1" namest="COLSPEC0" valign="top">
<ptxt id="en-US0900c8af850acbbf-nev14380894n1-nev16117904n67">
<emph id="en-US0900c8af850acbbf-nev14380894n1-nev16117904n66">Special tools</emph>
</ptxt>
</entry>
</row>
</thead>
<tbody id="en-US0900c8af850acbbf-nev14380894n1-nev16117904n65">
<row id="en-US0900c8af850acbbf-nev14380894n1-nev16117904n64">
<entry id="en-US0900c8af850acbbf-nev14380894n1-nev16117904n63">
<graphic id="en-US0900c8af850acbbf-nev14380894n1-nev16117904n62">
<href>0900c8af84b8a316_402_402.jpeg</href>
</graphic>
</entry>
<entry id="en-US0900c8af850acbbf-nev14380894n1-nev16117904n61">
<ptxt id="en-US0900c8af850acbbf-nev14380894n1-nev16117904n60">
<emph id="en-US0900c8af850acbbf-nev14380894n1-nev16117904n59">999 7408 Oil gun</emph>
</ptxt>
<ptxt id="en-US0900c8af850acbbf-nev14380894n1-nev16117904n57">
<emph id="en-US0900c8af850acbbf-nev14380894n1-nev16117904n56">Tool number:</emph>999 7408</ptxt>
<ptxt id="en-US0900c8af850acbbf-nev14380894n1-nev16117904n55">
<emph id="en-US0900c8af850acbbf-nev14380894n1-nev16117904n54">Tool description:</emph>Oil gun</ptxt>
<ptxt id="en-US0900c8af850acbbf-nev14380894n1-nev16117904n52">
<emph id="en-US0900c8af850acbbf-nev14380894n1-nev16117904n51">Tool boards:</emph>43</ptxt>
</entry>
</row>
</tbody>
</tgroup>
</table>
</toolitemtable>
<materialtable id="en-US0900c8af850acbbf-nev14380894n1-nev16117904n50">
<table id="en-US0900c8af850acbbf-nev14380894n1-nev16117904n49">
<tgroup cols="2" id="en-US0900c8af850acbbf-nev14380894n1-nev16117904n48">
<colspec colname="COLSPEC0" colwidth="1.00*" id="en-US0900c8af850acbbf-nev14380894n1-nev16117904n47"/>
<colspec colname="COLSPEC1" colwidth="1.00*" id="en-US0900c8af850acbbf-nev14380894n1-nev16117904n46"/>
<thead id="en-US0900c8af850acbbf-nev14380894n1-nev16117904n45">
<row id="en-US0900c8af850acbbf-nev14380894n1-nev16117904n44">
<entry id="en-US0900c8af850acbbf-nev14380894n1-nev16117904n43" nameend="COLSPEC1" namest="COLSPEC0" valign="top">
<ptxt id="en-US0900c8af850acbbf-nev14380894n1-nev16117904n42">
<emph id="en-US0900c8af850acbbf-nev14380894n1-nev16117904n41">Materials</emph>
</ptxt>
</entry>
</row>
</thead>
<tbody id="en-US0900c8af850acbbf-nev14380894n1-nev16117904n40">
<row id="en-US0900c8af850acbbf-nev14380894n1-nev16117904n39">
<entry id="en-US0900c8af850acbbf-nev14380894n1-nev16117904n38">
<ptxt id="en-US0900c8af850acbbf-nev14380894n1-nev16117904n37">
<emph id="en-US0900c8af850acbbf-nev14380894n1-nev16117904n36">Designation</emph>
</ptxt>
</entry>
<entry id="en-US0900c8af850acbbf-nev14380894n1-nev16117904n35">
<ptxt id="en-US0900c8af850acbbf-nev14380894n1-nev16117904n34">
<emph id="en-US0900c8af850acbbf-nev14380894n1-nev16117904n33">Part number</emph>
</ptxt>
</entry>
</row>
<row id="en-US0900c8af850acbbf-nev14380894n1-nev16117904n32">
<entry id="en-US0900c8af850acbbf-nev14380894n1-nev16117904n31">
<ptxt id="en-US0900c8af850acbbf-nev14380894n1-nev16117904n30">Rear axle oil</ptxt>
</entry>
<entry id="en-US0900c8af850acbbf-nev14380894n1-nev16117904n28">
<ptxt id="en-US0900c8af850acbbf-nev14380894n1-nev16117904n27">1161620</ptxt>
</entry>
</row>
</tbody>
</tgroup>
</table>
</materialtable>
<procedure id="en-US0900c8af850acbbf-nev14380894n1-nev14738703n44">
<stepgrp boilerplate="false" context="" id="en-US0900c8af850acbbf-nev14380894n1-nev16117904n84">
<title id="en-US0900c8af850acbbf-nev14380894n1-nev14767443n1">Check</title>
<procstep id="en-US0900c8af850acbbf-nev14380894n1-nev14738699n27">
<grate id="en-US0900c8af850acbbf-nev14380894n1-nev14738703n40">
<graphic id="en-US0900c8af850acbbf-nev14380894n1-nev14738703n41">
<href>0900c8af84a00e91_950_600.jpeg</href>
</graphic>
<graphtext id="en-US0900c8af850acbbf-nev14380894n1-nev16117911n1">
<warning id="en-US0900c8af850acbbf-nev14380894n1-nev14767445n100">
<ptxt>Be prepared to collect escaping fluid.</ptxt>
</warning>
</graphtext>
</grate>
</procstep>
<procstep id="en-US0900c8af850acbbf-nev14380894n1-nev14738699n20">
<grate id="en-US0900c8af850acbbf-nev14380894n1-nev14738703n34">
<graphic id="en-US0900c8af850acbbf-nev14380894n1-nev14738703n35">
<href>0900c8af84a00ea0_950_600.jpeg</href>
</graphic>
<graphtext id="en-US0900c8af850acbbf-nev14380894n1-nev16117915n1">
<caution id="en-US0900c8af850acbbf-nev14380894n1-nev14767445n99">
<ptxt>The fluid must be allowed to escape until a continuous flow changes into single drops.</ptxt>
</caution>
<para id="en-US0900c8af850acbbf-nev14380894n1-nev16117904n82">
<ptxt id="en-US0900c8af850acbbf-nev14380894n1-nev16117904n83">
<material id="en-US0900c8af850acbbf-nev14380894n1-nev14738703n31" materialid="1161620" materialname="Rear axle oil" quantity="0.0"/>
</ptxt>
</para>
</graphtext>
</grate>
</procstep>
<procstep id="en-US0900c8af850acbbf-nev14380894n1-nev14738699n17">
<grate id="en-US0900c8af850acbbf-nev14380894n1-nev14738703n27">
<graphic id="en-US0900c8af850acbbf-nev14380894n1-nev14738703n28">
<href>0900c8af84a00ea5_950_600.jpeg</href>
</graphic>
<graphtext id="en-US0900c8af850acbbf-nev14380894n1-nev16117922n1">
<para id="en-US0900c8af850acbbf-nev14380894n1-nev16117904n79">
<ptxt id="en-US0900c8af850acbbf-nev14380894n1-nev16117904n81">
<toolitem boilerplate="true" id="en-US0900c8af850acbbf-nev14380894n1-nev16117904n80" imageid="0900c8af84b8a316"/>
</ptxt>
</para>
</graphtext>
</grate>
</procstep>
</stepgrp>
<stepgrp boilerplate="false" context="" id="en-US0900c8af850acbbf-nev14380894n1-nev16117904n78">
<title id="en-US0900c8af850acbbf-nev14380894n1-nev14767445n95">Installation</title>
<procstep id="en-US0900c8af850acbbf-nev14380894n1-nev14738701n79">
<grate id="en-US0900c8af850acbbf-nev14380894n1-nev14738703n23">
<graphic id="en-US0900c8af850acbbf-nev14380894n1-nev14738703n24">
<href>0900c8af84a00e91_950_600.jpeg</href>
</graphic>
<graphtext id="en-US0900c8af850acbbf-nev14380894n1-nev16117929n1">
<para id="en-US0900c8af850acbbf-nev14380894n1-nev16117904n76">
<ptxt id="en-US0900c8af850acbbf-nev14380894n1-nev16117904n77">
<torque id="en-US0900c8af850acbbf-nev14380894n1-nev14767445n94">
<ref id="en-US0900c8af8494cbb6(null)"/>
</torque>
</ptxt>
</para>
</graphtext>
</grate>
</procstep>
</stepgrp>
</procedure>
<torqueinfo IE-ID="en-US0900c8af8494cbb6" docno="VCC-383627" id="en-US0900c8af8494cbb6-nev13904054n1" original="sv-SE" torqueId="nev13904055n1-nev13904054n3" torqueRes="0900c8af8494cbff" torqueRes2="urn:x-nevis:fragment:0900c8af8494cbb6:0900c8af8494cbff#nev13904054n3" xml:lang="en-US">
<component id="en-US0900c8af8494cbb6-nev13904054n2">Oil plug, final drive</component>
<value id="en-US0900c8af8494cbb6-nev13904055n1-nev13904056n250" unit="Nm">35</value>
</torqueinfo></servinfosub>
              <servinfosub IE-ID="en-US0900c8af844d2d18" docno="VCC-370725" id="en-US0900c8af844d2d18-nev13715461n1" original="sv-SE" servinfosubId="nev13715462n1-nev13715461n4" servinfosubRes="0900c8af844d2d1a" servinfosubRes2="urn:x-nevis:fragment:0900c8af844d2d18:0900c8af844d2d1a#nev13715461n4" xml:lang="en-US" yearRange="2005-2010">
<title id="en-US0900c8af844d2d18-nev13715460n81">Test driving clutch four-wheel drive on lift</title>
<procedure id="en-US0900c8af844d2d18-nev13715462n1-nev13715460n82">
<stepgrp id="en-US0900c8af844d2d18-nev13715462n1-nev13715460n83">
<procstep id="en-US0900c8af844d2d18-nev13715462n1-nev13715460n84">
<title id="en-US0900c8af844d2d18-nev13715462n1-nev13715460n85">Test driving</title>
<warning id="en-US0900c8af844d2d18-nev13715462n1-nev13715460n86">
<ptxt id="en-US0900c8af844d2d18-nev13715462n1-nev13715460n87">Ensure that the vehicle is safely raised. Check that no objects are caught in the tire treads.</ptxt>
</warning>
<caution id="en-US0900c8af844d2d18-nev13715462n1-nev13715460n88">
<ptxt id="en-US0900c8af844d2d18-nev13715462n1-nev13715460n89">The test must be carried out on a raised vehicle so that all four wheels are free to turn, with attachment a long way out on the link arms, so as not to damage the drive shafts.</ptxt>
</caution>
<note id="en-US0900c8af844d2d18-nev13715462n1-nev13715460n90">
<ptxt id="en-US0900c8af844d2d18-nev13715462n1-nev13715460n91">If the vehicle has STC or DSTC, the function must be deactivated.</ptxt>
</note>
<hint id="en-US0900c8af844d2d18-nev13715462n1-nev13715460n92">
<ptxt id="en-US0900c8af844d2d18-nev13715462n1-nev13715460n93">Read the oil pressure sensor signal using parameter readout, graphical display.</ptxt>
</hint>
<list1 enumtype="d" id="en-US0900c8af844d2d18-nev13715462n1-nev13715460n94" type="unordered">
<item id="en-US0900c8af844d2d18-nev13715462n1-nev13715460n95">
<ptxt id="en-US0900c8af844d2d18-nev13715462n1-nev13715460n96">Ignition off.</ptxt>
</item>
<item id="en-US0900c8af844d2d18-nev13715462n1-nev13715460n97">
<ptxt id="en-US0900c8af844d2d18-nev13715462n1-nev13715460n98">Raise the vehicle so that all the wheels hang free.</ptxt>
</item>
<item id="en-US0900c8af844d2d18-nev13715462n1-nev13715460n99">
<ptxt id="en-US0900c8af844d2d18-nev13715462n1-nev13715460n100">Depress the brake pedal.</ptxt>
</item>
<item id="en-US0900c8af844d2d18-nev13715462n1-nev13715463n1">
<ptxt id="en-US0900c8af844d2d18-nev13715462n1-nev13715463n2">Move the gear selector lever to the P position.</ptxt>
</item>
<item id="en-US0900c8af844d2d18-nev13715462n1-nev13715463n3">
<ptxt id="en-US0900c8af844d2d18-nev13715462n1-nev13715463n4">Start the engine.</ptxt>
</item>
<item id="en-US0900c8af844d2d18-nev13715462n1-nev13715463n5">
<ptxt id="en-US0900c8af844d2d18-nev13715462n1-nev13715463n6">Move the gear selector lever to the D position.</ptxt>
</item>
<item id="en-US0900c8af844d2d18-nev13715462n1-nev13715463n7">
<ptxt id="en-US0900c8af844d2d18-nev13715462n1-nev13715463n8">Release the brake pedal so that the vehicle idles. At least one wheel on each axle should rotate.</ptxt>
</item>
</list1>
<para id="en-US0900c8af844d2d18-nev13715462n1-nev13715463n16">
<ptxt id="en-US0900c8af844d2d18-nev13715462n1-nev13715463n17">Read the oil pressure sensor signal to check functionality. Oil pressure must be between 0.5 and 1.0 MPa.</ptxt>
</para>
<list1 enumtype="d" id="en-US0900c8af844d2d18-nev13715462n1-nev13715463n18" type="unordered">
<item id="en-US0900c8af844d2d18-nev13715462n1-nev13715463n19">
<ptxt id="en-US0900c8af844d2d18-nev13715462n1-nev13715463n20">Switch off the engine.</ptxt>
</item>
<item id="en-US0900c8af844d2d18-nev13715462n1-nev13715463n21">
<ptxt id="en-US0900c8af844d2d18-nev13715462n1-nev13715463n22">Move the gear selector lever to the P position.</ptxt>
</item>
<item id="en-US0900c8af844d2d18-nev13715462n1-nev13715463n23">
<ptxt id="en-US0900c8af844d2d18-nev13715462n1-nev13715463n24">Engage the parking brake.</ptxt>
</item>
<item id="en-US0900c8af844d2d18-nev13715462n1-nev13715463n25">
<ptxt id="en-US0900c8af844d2d18-nev13715462n1-nev13715463n26">Start the engine.</ptxt>
</item>
<item id="en-US0900c8af844d2d18-nev13715462n1-nev13715463n27">
<ptxt id="en-US0900c8af844d2d18-nev13715462n1-nev13715463n28">Move the gear selector lever to the D position.</ptxt>
</item>
<item id="en-US0900c8af844d2d18-nev13715462n1-nev13715463n29">
<ptxt id="en-US0900c8af844d2d18-nev13715462n1-nev13715463n30">Release the brake pedal slowly when the car is idling ("simulating starting in reverse").</ptxt>
</item>
<item id="en-US0900c8af844d2d18-nev13715462n1-nev13715463n31">
<ptxt id="en-US0900c8af844d2d18-nev13715462n1-nev13715463n32">The front wheels should now rotate slower than normal and the rear wheels should be stationary.</ptxt>
</item>
</list1>
<para id="en-US0900c8af844d2d18-nev13715462n1-nev13715463n33">
<ptxt id="en-US0900c8af844d2d18-nev13715462n1-nev13715463n34">Read the oil pressure sensor signal to check functionality. Oil pressure should be between 1.0 and 1.5 MPa.</ptxt>
</para>
</procstep>
</stepgrp>
</procedure>
</servinfosub>
            </ti_title>
            <ti_title id="TITitle-12345-743" navTitle="navTitle" shortYearRange="2005-2010" title="ti_title" trans="M66 AWD" yearRange="2005-2010">
              <ptxt><xref dupFrag="true" refid="en-US0900c8af850acba7-nev14380893n1"/></ptxt>
              <servinfosub IE-ID="en-US0900c8af844d2d23" docno="VCC-370725" id="en-US0900c8af844d2d23-nev13715461n1" original="sv-SE" servinfosubId="nev13715462n1-nev13715464n1" servinfosubRes="0900c8af844d2d25" servinfosubRes2="urn:x-nevis:fragment:0900c8af844d2d23:0900c8af844d2d25#nev13715464n1" xml:lang="en-US" yearRange="2005-2010">
<title id="en-US0900c8af844d2d23-nev13715460n81">Test driving clutch four-wheel drive on lift</title>
<procedure id="en-US0900c8af844d2d23-nev13715462n1-nev13715463n35">
<stepgrp id="en-US0900c8af844d2d23-nev13715462n1-nev13715463n36">
<procstep id="en-US0900c8af844d2d23-nev13715462n1-nev13715463n37">
<title id="en-US0900c8af844d2d23-nev13715462n1-nev13715463n38">Test driving</title>
<warning id="en-US0900c8af844d2d23-nev13715462n1-nev13715463n39">
<ptxt id="en-US0900c8af844d2d23-nev13715462n1-nev13715463n40">Ensure that the vehicle is safely raised. Check that no objects are caught in the tire treads.</ptxt>
</warning>
<caution id="en-US0900c8af844d2d23-nev13715462n1-nev13715463n41">
<ptxt id="en-US0900c8af844d2d23-nev13715462n1-nev13715463n42">The test must be carried out on a raised vehicle so that all four wheels are free to turn, with attachment a long way out on the link arms, so as not to damage the drive shafts.</ptxt>
</caution>
<note id="en-US0900c8af844d2d23-nev13715462n1-nev13715463n43">
<ptxt id="en-US0900c8af844d2d23-nev13715462n1-nev13715463n44">If the vehicle has STC or DSTC, the function must be deactivated.</ptxt>
</note>
<hint id="en-US0900c8af844d2d23-nev13715462n1-nev13715463n45">
<ptxt id="en-US0900c8af844d2d23-nev13715462n1-nev13715463n46">Read the oil pressure sensor signal using parameter readout, graphical display.</ptxt>
</hint>
<list1 enumtype="d" id="en-US0900c8af844d2d23-nev13715462n1-nev13715463n47" type="unordered">
<item id="en-US0900c8af844d2d23-nev13715462n1-nev13715463n48">
<ptxt id="en-US0900c8af844d2d23-nev13715462n1-nev13715463n49">Ignition off.</ptxt>
</item>
<item id="en-US0900c8af844d2d23-nev13715462n1-nev13715463n50">
<ptxt id="en-US0900c8af844d2d23-nev13715462n1-nev13715463n51">Raise the vehicle so that all the wheels hang free.</ptxt>
</item>
<item id="en-US0900c8af844d2d23-nev13715462n1-nev13715463n52">
<ptxt id="en-US0900c8af844d2d23-nev13715462n1-nev13715463n53">The parking brake must not be engaged.</ptxt>
</item>
<item id="en-US0900c8af844d2d23-nev13715462n1-nev13715463n54">
<ptxt id="en-US0900c8af844d2d23-nev13715462n1-nev13715463n55">Start the engine. Allow the engine to idle.</ptxt>
</item>
<item id="en-US0900c8af844d2d23-nev13715462n1-nev13715463n56">
<ptxt id="en-US0900c8af844d2d23-nev13715462n1-nev13715463n57">Engage second gear.</ptxt>
</item>
</list1>
<para id="en-US0900c8af844d2d23-nev13715462n1-nev13715463n58">
<ptxt id="en-US0900c8af844d2d23-nev13715462n1-nev13715463n59">At least one wheel per axle should rotate.</ptxt>
<ptxt id="en-US0900c8af844d2d23-nev13715462n1-nev13715463n60">Read the oil pressure sensor signal. Oil pressure should be between 0.5 and 1.0 MPa.</ptxt>
</para>
<list1 enumtype="d" id="en-US0900c8af844d2d23-nev13715462n1-nev13715463n61" type="unordered">
<item id="en-US0900c8af844d2d23-nev13715462n1-nev13715463n62">
<ptxt id="en-US0900c8af844d2d23-nev13715462n1-nev13715463n63">Depress the clutch pedal.</ptxt>
</item>
<item id="en-US0900c8af844d2d23-nev13715462n1-nev13715463n64">
<ptxt id="en-US0900c8af844d2d23-nev13715462n1-nev13715463n65">Engage the parking brake.</ptxt>
</item>
<item id="en-US0900c8af844d2d23-nev13715462n1-nev13715463n66">
<ptxt id="en-US0900c8af844d2d23-nev13715462n1-nev13715463n67">Engage second gear.</ptxt>
</item>
<item id="en-US0900c8af844d2d23-nev13715462n1-nev13715463n68">
<ptxt id="en-US0900c8af844d2d23-nev13715462n1-nev13715463n69">Begin the oil pressure readout.</ptxt>
</item>
<item id="en-US0900c8af844d2d23-nev13715462n1-nev13715463n70">
<ptxt id="en-US0900c8af844d2d23-nev13715462n1-nev13715463n71">Release the clutch.</ptxt>
</item>
</list1>
<para id="en-US0900c8af844d2d23-nev13715462n1-nev13715463n72">
<ptxt id="en-US0900c8af844d2d23-nev13715462n1-nev13715463n73">The engine should now stop.</ptxt>
<ptxt id="en-US0900c8af844d2d23-nev13715462n1-nev13715463n74">Read the oil pressure sensor signal. Oil pressure should briefly rise to between 1.5 and 3.5 MPa.</ptxt>
</para>
</procstep>
</stepgrp>
</procedure>
</servinfosub>
            </ti_title>
            <ti_title engine="B5254T3" id="TITitle-12345-744" navTitle="navTitle" shortYearRange="2005-2007" title="ti_title" trans="AW50/51 AWD; M66 AWD" yearRange="2005-2007">
              <servinfosub IE-ID="en-US0900c8af844d2d26" docno="VCC-370726" id="en-US0900c8af844d2d26-nev13715466n1" original="sv-SE" servinfosubId="nev13715467n1-nev13715466n4" servinfosubRes="0900c8af844d2d2e" servinfosubRes2="urn:x-nevis:fragment:0900c8af844d2d26:0900c8af844d2d2e#nev13715466n4" xml:lang="en-US" yearRange="2005-2007">
<title>Final drive, transfer of components</title>
<procedure>
<note>
<ptxt>As the illustrations in this service information are used for different model years and / or models, some variation may occur. However, the essential information is always correct.</ptxt>
</note>
<stepgrp id="en-US0900c8af844d2d26-nev13715467n1-nev13715463n77">
<title>Removal</title>
<procstep id="en-US0900c8af844d2d26-nev13715467n1-nev13715463n78">
<title>Removing the final drive</title>
<para>
<ptxt>Remove the final drive. See: <xref>
<ref id="en-US0900c8af844d2bee-nev13715424n1(200820092010),en-US0900c8af844d2bee-nev13715424n1(200520062007)"/>
</xref>.</ptxt>
</para>
</procstep>
<procstep id="en-US0900c8af844d2d26-nev13715467n1-nev13715463n80">
<title>Removing the Active on Demand Coupling</title>
<grate>
<graphic id="en-US0900c8af844d2d26-nev13715467n1-nev13715463n81">
<href>0900c8af80060ebb_315_236.jpeg</href>
</graphic>
<graphtext>
<para>
<ptxt>Place the AOC (Active on Demand Coupling)/ final drive over a stable container together with some supports.</ptxt>
</para>
<para>
<ptxt>Remove the 4 screws holding the Active on Demand Coupling.</ptxt>
<ptxt>Pull the AOC (Active on Demand Coupling) straight out from the final drive.</ptxt>
<ptxt>Place the coupling on a clean surface.</ptxt>
</para>
</graphtext>
</grate>
</procstep>
<procstep id="en-US0900c8af844d2d26-nev13715467n1-nev13715463n82">
<title>Checking the Active on Demand Coupling</title>
<grate>
<graphic id="en-US0900c8af844d2d26-nev13715467n1-nev13715463n83">
<href>0900c8af80060ec4_315_236.jpeg</href>
</graphic>
<graphtext>
<para>
<ptxt>Check carefully that the space for the AOC (Active on Demand Coupling) in the final drive housing is completely clean.</ptxt>
<ptxt>There must not be any lint from paper or cloths.</ptxt>
</para>
</graphtext>
</grate>
<grate>
<graphic id="en-US0900c8af844d2d26-nev13715467n1-nev13715463n84">
<href>0900c8af80060ece_315_236.jpeg</href>
</graphic>
<graphtext>
<para>
<ptxt>Check thoroughly that the Active on Demand Coupling is clean. Also check that the mating surface is not damaged.</ptxt>
<ptxt>Place the new O-ring on the Active on Demand Coupling.</ptxt>
</para>
</graphtext>
</grate>
</procstep>
</stepgrp>
<stepgrp id="en-US0900c8af844d2d26-nev13715467n1-nev13715463n85">
<title>Installation</title>
<note>
<ptxt>For tightening torques, see: <xref>
<ref id="en-US0900c8af84f0359d-nev13714415n1(2004200520062007200820092010),en-US0900c8af84f0359d-nev13714415n1(200520062007200820092010),en-US0900c8af84f0359d-nev13714415n1(20112012)"/>
</xref>. </ptxt>
</note>
<procstep id="en-US0900c8af844d2d26-nev13715467n1-nev13715463n87">
<title>Installing the Active on Demand Coupling</title>
<grate>
<graphic id="en-US0900c8af844d2d26-nev13715467n1-nev13715463n88">
<href>0900c8af80060ebb_315_236.jpeg</href>
</graphic>
<graphtext>
<para>
<ptxt>Install the AOC (Active on Demand Coupling) on the new final drive.</ptxt>
<ptxt>Ensure that the gasket does not jump out of position.</ptxt>
</para>
<para>
<ptxt>Install the 4 M8 screws for the Active on Demand Coupling. Tighten. </ptxt>
<ptxt>Tighten the screws alternately and crosswise to light contact.</ptxt>
</para>
</graphtext>
</grate>
</procstep>
<procstep id="en-US0900c8af844d2d26-nev13715467n1-nev13715463n89">
<title>Installing the final drive</title>
<para>
<ptxt>Install the final drive. See: <xref>
<ref id="en-US0900c8af844d2bee-nev13715424n1(200820092010),en-US0900c8af844d2bee-nev13715424n1(200520062007)"/>
</xref>. </ptxt>
</para>
</procstep>
</stepgrp>
</procedure>
<servinfosub IE-ID="en-US0900c8af844d2bee" docno="VCC-370720" id="en-US0900c8af844d2bee-nev13715424n1" original="sv-SE" servinfosubId="nev13715425n1-nev13715424n4" servinfosubRes="0900c8af844d2bf0" servinfosubRes2="urn:x-nevis:fragment:0900c8af844d2bee:0900c8af844d2bf0#nev13715424n4" xml:lang="en-US">
<title id="en-US0900c8af844d2bee-nev13715423n89">Final drive</title>
<procedure id="en-US0900c8af844d2bee-nev13715425n1-nev13715423n90">
<proctools id="en-US0900c8af844d2bee-nev13715425n1-nev13715426n46">
<toolitem id="en-US0900c8af844d2bee-nev13715425n1-nev13715423n91"/>
</proctools>
<note id="en-US0900c8af844d2bee-nev13715425n1-nev13715426n47">
<ptxt id="en-US0900c8af844d2bee-nev13715425n1-nev13715426n48">As the illustrations in this service information are used for different model years and / or models, some variation may occur. However, the essential information is always correct.</ptxt>
</note>
<stepgrp id="en-US0900c8af844d2bee-nev13715425n1-nev13715423n92">
<title id="en-US0900c8af844d2bee-nev13715425n1-nev13715426n49">Preparatory work</title>
<procstep id="en-US0900c8af844d2bee-nev13715425n1-nev13715423n93">
<title id="en-US0900c8af844d2bee-nev13715425n1-nev13715426n50">Preparations</title>
<para id="en-US0900c8af844d2bee-nev13715425n1-nev13715426n51">
<ptxt id="en-US0900c8af844d2bee-nev13715425n1-nev13715426n52">Raise the vehicle. See: <xref id="en-US0900c8af844d2bee-nev13715425n1-nev13715426n53">
<ref id="en-US0900c8af844d5601-nev13716792n1(200420052006200720082009201020112012)"/>
</xref>.</ptxt>
</para>
<note id="en-US0900c8af844d2bee-nev13715425n1-nev13715426n54">
<ptxt id="en-US0900c8af844d2bee-nev13715425n1-nev13715426n55">Make sure that the rear air baffle can be removed. </ptxt>
</note>
<list1 enumtype="d" id="en-US0900c8af844d2bee-nev13715425n1-nev13715426n56" type="unordered">
<title id="en-US0900c8af844d2bee-nev13715425n1-nev13715426n57">Remove:</title>
<item id="en-US0900c8af844d2bee-nev13715425n1-nev13715426n58">
<ptxt id="en-US0900c8af844d2bee-nev13715425n1-nev13715426n59">the rear wheels</ptxt>
</item>
<item id="en-US0900c8af844d2bee-nev13715425n1-nev13715426n60">
<ptxt id="en-US0900c8af844d2bee-nev13715425n1-nev13715426n61">the propeller shaft from the flange. See: <xref id="en-US0900c8af844d2bee-nev13715425n1-nev13715426n62">
<ref id="en-US0900c8af844d2a04-nev13715387n1(200820092010),en-US0900c8af844d2a04-nev13715387n1(200520062007)"/>
</xref>
</ptxt>
</item>
<item id="en-US0900c8af844d2bee-nev13715425n1-nev13715426n63">
<ptxt id="en-US0900c8af844d2bee-nev13715425n1-nev13715426n64">the rear springs. See: <xref id="en-US0900c8af844d2bee-nev13715425n1-nev13715426n65">
<ref id="en-US0900c8af85cb08e0-nev13716436n1(200520062007200820092010),en-US0900c8af844d4b22-nev13716436n1(200520062007200820092010),en-US0900c8af85cb08e0-nev13716436n1(2004200520062007200820092010),en-US0900c8af85cb08e0-nev13716436n1(20112012)"/>
</xref>
</ptxt>
</item>
<item id="en-US0900c8af844d2bee-nev13715425n1-nev13715426n66">
<ptxt id="en-US0900c8af844d2bee-nev13715425n1-nev13715426n67">the rear drive shafts. See: <xref id="en-US0900c8af844d2bee-nev13715425n1-nev13715426n68">
<ref id="en-US0900c8af852a57c1-nev13715508n1(200820092010),en-US0900c8af852a57c1-nev13715508n1(200520062007)"/>
</xref>.</ptxt>
</item>
</list1>
</procstep>
</stepgrp>
<stepgrp id="en-US0900c8af844d2bee-nev13715425n1-nev13715423n98">
<title id="en-US0900c8af844d2bee-nev13715425n1-nev13715426n69">Removal</title>
<procstep id="en-US0900c8af844d2bee-nev13715425n1-nev13715423n99">
<title id="en-US0900c8af844d2bee-nev13715425n1-nev13715426n70">Removing the lower mounting for the shock absorbers</title>
<grate id="en-US0900c8af844d2bee-nev13715425n1-nev13715426n71">
<graphic id="en-US0900c8af844d2bee-nev13715425n1-nev13715423n100">
<href>0900c8af81620f1c_674_505.jpeg</href>
</graphic>
<graphtext id="en-US0900c8af844d2bee-nev13715425n1-nev13715426n72">
<para id="en-US0900c8af844d2bee-nev13715425n1-nev13715426n73">
<ptxt id="en-US0900c8af844d2bee-nev13715425n1-nev13715426n74">Remove the shock absorber on both sides.</ptxt>
</para>
</graphtext>
</grate>
</procstep>
<procstep id="en-US0900c8af844d2bee-nev13715425n1-nev13715426n1">
<title id="en-US0900c8af844d2bee-nev13715425n1-nev13715426n75">Removing the air baffle</title>
<grate id="en-US0900c8af844d2bee-nev13715425n1-nev13715426n76">
<graphic id="en-US0900c8af844d2bee-nev13715425n1-nev13715426n2">
<href>0900c8af807314ef_674_506.jpeg</href>
</graphic>
<graphtext id="en-US0900c8af844d2bee-nev13715425n1-nev13715426n77">
<para id="en-US0900c8af844d2bee-nev13715425n1-nev13715426n78">
<ptxt id="en-US0900c8af844d2bee-nev13715425n1-nev13715426n79">Remove the air baffle on both sides.</ptxt>
</para>
</graphtext>
</grate>
</procstep>
<procstep id="en-US0900c8af844d2bee-nev13715425n1-nev13715426n3">
<title id="en-US0900c8af844d2bee-nev13715425n1-nev13715426n80">Disconnecting the connector for the differential electronic module (DEM)</title>
<grate id="en-US0900c8af844d2bee-nev13715425n1-nev13715426n81">
<graphic id="en-US0900c8af844d2bee-nev13715425n1-nev13715426n4">
<href>0900c8af8162145d_674_506.jpeg</href>
</graphic>
<graphtext id="en-US0900c8af844d2bee-nev13715425n1-nev13715426n82">
<ptxt id="en-US0900c8af844d2bee-nev13715425n1-nev13715426n83">Disconnect the connector for the differential electronic module (DEM) on the right-hand side. Release the connector from the 1 clip.</ptxt>
<ptxt id="en-US0900c8af844d2bee-nev13715425n1-nev13715426n84">Remove any auxiliary/extra cable harnesses from their holders on the sub-frame.</ptxt>
</graphtext>
</grate>
</procstep>
<procstep id="en-US0900c8af844d2bee-nev13715425n1-nev13715426n5">
<title id="en-US0900c8af844d2bee-nev13715425n1-nev13715426n85">Removing the front mounting for the support arms</title>
<grate id="en-US0900c8af844d2bee-nev13715425n1-nev13715426n86">
<graphic id="en-US0900c8af844d2bee-nev13715425n1-nev13715426n6">
<href>0900c8af807315bc_674_506.jpeg</href>
</graphic>
<graphtext id="en-US0900c8af844d2bee-nev13715425n1-nev13715426n87">
<list1 enumtype="d" id="en-US0900c8af844d2bee-nev13715425n1-nev13715426n88" type="unordered">
<title id="en-US0900c8af844d2bee-nev13715425n1-nev13715426n89">Remove the following on both sides:</title>
<item id="en-US0900c8af844d2bee-nev13715425n1-nev13715426n90">
<ptxt id="en-US0900c8af844d2bee-nev13715425n1-nev13715426n91">the connector for the ABS sensor (2). Disconnect the connector and the cable harness from the clips</ptxt>
</item>
<item id="en-US0900c8af844d2bee-nev13715425n1-nev13715426n92">
<ptxt id="en-US0900c8af844d2bee-nev13715425n1-nev13715426n93">the 2 screws (1).</ptxt>
</item>
</list1>
</graphtext>
</grate>
</procstep>
<procstep id="en-US0900c8af844d2bee-nev13715425n1-nev13715426n7">
<title id="en-US0900c8af844d2bee-nev13715425n1-nev13715426n94">Removing the clips for the brake cable</title>
<grate id="en-US0900c8af844d2bee-nev13715425n1-nev13715426n95">
<graphic id="en-US0900c8af844d2bee-nev13715425n1-nev13715426n8">
<href>0900c8af807315a3_674_506.jpeg</href>
</graphic>
<graphtext id="en-US0900c8af844d2bee-nev13715425n1-nev13715426n96">
<list1 enumtype="d" id="en-US0900c8af844d2bee-nev13715425n1-nev13715426n97" type="unordered">
<title id="en-US0900c8af844d2bee-nev13715425n1-nev13715426n98">Remove the following on both sides:</title>
<item id="en-US0900c8af844d2bee-nev13715425n1-nev13715426n99">
<ptxt id="en-US0900c8af844d2bee-nev13715425n1-nev13715426n100">the screw</ptxt>
</item>
<item id="en-US0900c8af844d2bee-nev13715425n1-nev13715427n1">
<ptxt id="en-US0900c8af844d2bee-nev13715425n1-nev13715427n2">the 1 clip.</ptxt>
</item>
</list1>
<para id="en-US0900c8af844d2bee-nev13715425n1-nev13715427n3">
<ptxt id="en-US0900c8af844d2bee-nev13715425n1-nev13715427n4">Unhook the exhaust system from the bushings in front of the rear axle.</ptxt>
</para>
</graphtext>
</grate>
</procstep>
<procstep id="en-US0900c8af844d2bee-nev13715425n1-nev13715426n9">
<title id="en-US0900c8af844d2bee-nev13715425n1-nev13715427n5">Removing the sub-frame</title>
<grate id="en-US0900c8af844d2bee-nev13715425n1-nev13715427n6">
<graphic id="en-US0900c8af844d2bee-nev13715425n1-nev13715426n10">
<href>0900c8af81620f1e_674_505.jpeg</href>
</graphic>
<graphtext id="en-US0900c8af844d2bee-nev13715425n1-nev13715427n7">
<para id="en-US0900c8af844d2bee-nev13715425n1-nev13715427n8">
<ptxt id="en-US0900c8af844d2bee-nev13715425n1-nev13715427n9">Position <toolitem id="en-US0900c8af844d2bee-nev13715425n1-nev13715426n11"/> centrally under the sub-frame. Support with a spacer so that the contact surface is straight. </ptxt>
<ptxt id="en-US0900c8af844d2bee-nev13715425n1-nev13715427n10">Raise the jack to light contact.</ptxt>
</para>
<para id="en-US0900c8af844d2bee-nev13715425n1-nev13715427n11">
<ptxt id="en-US0900c8af844d2bee-nev13715425n1-nev13715427n12">Remove the 3 screws on each side of the sub-frame.</ptxt>
</para>
<note id="en-US0900c8af844d2bee-nev13715425n1-nev13715427n13">
<ptxt id="en-US0900c8af844d2bee-nev13715425n1-nev13715427n14">Make sure that no cables/hoses are trapped when lowering the sub-frame.</ptxt>
</note>
<para id="en-US0900c8af844d2bee-nev13715425n1-nev13715427n15">
<ptxt id="en-US0900c8af844d2bee-nev13715425n1-nev13715427n16">Lower the sub-frame approximately 5 cm.</ptxt>
</para>
</graphtext>
</grate>
</procstep>
<procstep id="en-US0900c8af844d2bee-nev13715425n1-nev13715426n12">
<title id="en-US0900c8af844d2bee-nev13715425n1-nev13715427n17">Removing the screws from the bracket for the evaporative emission canister (EVAP canister)</title>
<grate id="en-US0900c8af844d2bee-nev13715425n1-nev13715427n18">
<graphic id="en-US0900c8af844d2bee-nev13715425n1-nev13715426n13">
<href>0900c8af8162145f_674_504.jpeg</href>
</graphic>
<graphtext id="en-US0900c8af844d2bee-nev13715425n1-nev13715427n19">
<para id="en-US0900c8af844d2bee-nev13715425n1-nev13715427n20">
<ptxt id="en-US0900c8af844d2bee-nev13715425n1-nev13715427n21">Remove the screws for the bracket for the evaporative emission canister (EVAP canister).</ptxt>
</para>
<note id="en-US0900c8af844d2bee-nev13715425n1-nev13715427n22">
<ptxt id="en-US0900c8af844d2bee-nev13715425n1-nev13715427n23">Only applies to USA.</ptxt>
</note>
<list1 enumtype="d" id="en-US0900c8af844d2bee-nev13715425n1-nev13715427n24" type="unordered">
<title id="en-US0900c8af844d2bee-nev13715425n1-nev13715427n25">Remove:</title>
<item id="en-US0900c8af844d2bee-nev13715425n1-nev13715427n26">
<ptxt id="en-US0900c8af844d2bee-nev13715425n1-nev13715427n27">the connector and clip on the bracket</ptxt>
</item>
<item id="en-US0900c8af844d2bee-nev13715425n1-nev13715427n28">
<ptxt id="en-US0900c8af844d2bee-nev13715425n1-nev13715427n29">the brackets acc. to: <xref id="en-US0900c8af844d2bee-nev13715425n1-nev13715427n30">
<ref id="en-US0900c8af844c9a50-nev13711973n1(200820092010),en-US0900c8af844c9a35-nev13711973n1(2004200520062007),en-US0900c8af844c9a35-nev13711973n1(20082009201020112012),en-US0900c8af844c9a35-nev13711973n1(200820092010),en-US0900c8af844c9a50-nev13711973n1(200520062007),en-US0900c8af844c9a35-nev13711973n1(200520062007),en-US0900c8af844c9a35-nev13711973n1(200520062007200820092010)"/>
</xref>.</ptxt>
</item>
</list1>
<note id="en-US0900c8af844d2bee-nev13715425n1-nev13715427n31">
<ptxt id="en-US0900c8af844d2bee-nev13715425n1-nev13715427n32">Make sure that no cables/hoses are trapped when lowering the sub-frame.</ptxt>
</note>
<para id="en-US0900c8af844d2bee-nev13715425n1-nev13715427n33">
<ptxt id="en-US0900c8af844d2bee-nev13715425n1-nev13715427n34">Lower the sub-frame.</ptxt>
</para>
</graphtext>
</grate>
</procstep>
<procstep id="en-US0900c8af844d2bee-nev13715425n1-nev13715426n15">
<title id="en-US0900c8af844d2bee-nev13715425n1-nev13715427n35">Removing the final drive</title>
<grate id="en-US0900c8af844d2bee-nev13715425n1-nev13715427n36">
<graphic id="en-US0900c8af844d2bee-nev13715425n1-nev13715426n16">
<href>0900c8af81621465_674_506.jpeg</href>
</graphic>
<graphtext id="en-US0900c8af844d2bee-nev13715425n1-nev13715427n37">
<list1 enumtype="d" id="en-US0900c8af844d2bee-nev13715425n1-nev13715427n38" type="unordered">
<title id="en-US0900c8af844d2bee-nev13715425n1-nev13715427n39">Remove:</title>
<item id="en-US0900c8af844d2bee-nev13715425n1-nev13715427n40">
<ptxt id="en-US0900c8af844d2bee-nev13715425n1-nev13715427n41">the screws for the final drive</ptxt>
</item>
<item id="en-US0900c8af844d2bee-nev13715425n1-nev13715427n42">
<ptxt id="en-US0900c8af844d2bee-nev13715425n1-nev13715427n43">the final drive.</ptxt>
</item>
</list1>
</graphtext>
</grate>
</procstep>
<procstep id="en-US0900c8af844d2bee-nev13715425n1-nev13715426n17">
<title id="en-US0900c8af844d2bee-nev13715425n1-nev13715427n44">Transferring components</title>
<para id="en-US0900c8af844d2bee-nev13715425n1-nev13715427n45">
<ptxt id="en-US0900c8af844d2bee-nev13715425n1-nev13715427n46">When replacing the final drive, see: <xref id="en-US0900c8af844d2bee-nev13715425n1-nev13715427n47">
<ref id="en-US0900c8af844d2d26-nev13715466n1(200520062007),en-US0900c8af844d2d26-nev13715466n1(200820092010)"/>
</xref>. </ptxt>
</para>
</procstep>
</stepgrp>
<stepgrp id="en-US0900c8af844d2bee-nev13715425n1-nev13715426n19">
<title id="en-US0900c8af844d2bee-nev13715425n1-nev13715427n48">Installation</title>
<note id="en-US0900c8af844d2bee-nev13715425n1-nev13715427n49">
<ptxt id="en-US0900c8af844d2bee-nev13715425n1-nev13715427n50">For tightening torques, see: <xref id="en-US0900c8af844d2bee-nev13715425n1-nev13715427n51">
<ref id="en-US0900c8af84f0359d-nev13714415n1(2004200520062007200820092010),en-US0900c8af84f0359d-nev13714415n1(200520062007200820092010),en-US0900c8af84f0359d-nev13714415n1(20112012)"/>
</xref>. </ptxt>
</note>
<procstep id="en-US0900c8af844d2bee-nev13715425n1-nev13715426n21">
<title id="en-US0900c8af844d2bee-nev13715425n1-nev13715427n52">Installing the final drive</title>
<grate id="en-US0900c8af844d2bee-nev13715425n1-nev13715427n53">
<graphic id="en-US0900c8af844d2bee-nev13715425n1-nev13715426n22">
<href>0900c8af81621465_674_506.jpeg</href>
</graphic>
<graphtext id="en-US0900c8af844d2bee-nev13715425n1-nev13715427n54">
<para id="en-US0900c8af844d2bee-nev13715425n1-nev13715427n55">
<ptxt id="en-US0900c8af844d2bee-nev13715425n1-nev13715427n56">Install the 3 x M12 screws. Tighten.</ptxt>
</para>
</graphtext>
</grate>
</procstep>
<procstep id="en-US0900c8af844d2bee-nev13715425n1-nev13715426n23">
<title id="en-US0900c8af844d2bee-nev13715425n1-nev13715427n57">Installing the bracket for the evaporative emission canister (EVAP canister)</title>
<grate id="en-US0900c8af844d2bee-nev13715425n1-nev13715427n58">
<graphic id="en-US0900c8af844d2bee-nev13715425n1-nev13715426n24">
<href>0900c8af8162145f_674_504.jpeg</href>
</graphic>
<graphtext id="en-US0900c8af844d2bee-nev13715425n1-nev13715427n59">
<note id="en-US0900c8af844d2bee-nev13715425n1-nev13715427n60">
<ptxt id="en-US0900c8af844d2bee-nev13715425n1-nev13715427n61">Make sure that no cables/hoses are trapped when installing the sub-frame.</ptxt>
</note>
<para id="en-US0900c8af844d2bee-nev13715425n1-nev13715427n62">
<ptxt id="en-US0900c8af844d2bee-nev13715425n1-nev13715427n63">Raise the sub-frame until approximately 5 cm remains.</ptxt>
</para>
<para id="en-US0900c8af844d2bee-nev13715425n1-nev13715427n64">
<ptxt id="en-US0900c8af844d2bee-nev13715425n1-nev13715427n65">Install the bracket to the evaporative emission canister (EVAP canister). Use 4 M6 screws. Tighten.</ptxt>
</para>
<note id="en-US0900c8af844d2bee-nev13715425n1-nev13715427n66">
<ptxt id="en-US0900c8af844d2bee-nev13715425n1-nev13715427n67">Only applies to USA.</ptxt>
</note>
<list1 enumtype="d" id="en-US0900c8af844d2bee-nev13715425n1-nev13715427n68" type="unordered">
<title id="en-US0900c8af844d2bee-nev13715425n1-nev13715427n69">Install:</title>
<item id="en-US0900c8af844d2bee-nev13715425n1-nev13715427n70">
<ptxt id="en-US0900c8af844d2bee-nev13715425n1-nev13715427n71">the brackets. See: <xref id="en-US0900c8af844d2bee-nev13715425n1-nev13715427n72">
<ref id="en-US0900c8af844c9a50-nev13711973n1(200820092010),en-US0900c8af844c9a35-nev13711973n1(2004200520062007),en-US0900c8af844c9a35-nev13711973n1(20082009201020112012),en-US0900c8af844c9a35-nev13711973n1(200820092010),en-US0900c8af844c9a50-nev13711973n1(200520062007),en-US0900c8af844c9a35-nev13711973n1(200520062007),en-US0900c8af844c9a35-nev13711973n1(200520062007200820092010)"/>
</xref>
</ptxt>
</item>
<item id="en-US0900c8af844d2bee-nev13715425n1-nev13715427n73">
<ptxt id="en-US0900c8af844d2bee-nev13715425n1-nev13715427n74">the connector and the clip on the bracket.</ptxt>
</item>
</list1>
</graphtext>
</grate>
</procstep>
<procstep id="en-US0900c8af844d2bee-nev13715425n1-nev13715426n26">
<title id="en-US0900c8af844d2bee-nev13715425n1-nev13715427n75">Installing the sub-frame</title>
<grate id="en-US0900c8af844d2bee-nev13715425n1-nev13715427n76">
<graphic id="en-US0900c8af844d2bee-nev13715425n1-nev13715426n27">
<href>0900c8af81620f1e_674_505.jpeg</href>
</graphic>
<graphtext id="en-US0900c8af844d2bee-nev13715425n1-nev13715427n77">
<note id="en-US0900c8af844d2bee-nev13715425n1-nev13715427n78">
<ptxt id="en-US0900c8af844d2bee-nev13715425n1-nev13715427n79">Make sure that no cables/hoses are trapped when lowering the sub-frame. </ptxt>
</note>
<para id="en-US0900c8af844d2bee-nev13715425n1-nev13715427n80">
<ptxt id="en-US0900c8af844d2bee-nev13715425n1-nev13715427n81">Carefully lift the sub-frame.</ptxt>
</para>
<para id="en-US0900c8af844d2bee-nev13715425n1-nev13715427n82">
<ptxt id="en-US0900c8af844d2bee-nev13715425n1-nev13715427n83">Install the 3 screws on both sides. Tighten. See:<xref id="en-US0900c8af844d2bee-nev13715425n1-nev13715427n84">
<ref id="en-US0900c8af85c1ceca-nev13716044n1(200420052006200720082009201020112012)"/>
</xref>. </ptxt>
<ptxt id="en-US0900c8af844d2bee-nev13715425n1-nev13715427n85">Remove the lifting table.</ptxt>
</para>
</graphtext>
</grate>
</procstep>
<procstep id="en-US0900c8af844d2bee-nev13715425n1-nev13715426n29">
<title id="en-US0900c8af844d2bee-nev13715425n1-nev13715427n86">Installing the clips for the brake cable</title>
<grate id="en-US0900c8af844d2bee-nev13715425n1-nev13715427n87">
<graphic id="en-US0900c8af844d2bee-nev13715425n1-nev13715426n30">
<href>0900c8af807315a3_674_506.jpeg</href>
</graphic>
<graphtext id="en-US0900c8af844d2bee-nev13715425n1-nev13715427n88">
<list1 enumtype="d" id="en-US0900c8af844d2bee-nev13715425n1-nev13715427n89" type="unordered">
<title id="en-US0900c8af844d2bee-nev13715425n1-nev13715427n90">Install on both sides:</title>
<item id="en-US0900c8af844d2bee-nev13715425n1-nev13715427n91">
<ptxt id="en-US0900c8af844d2bee-nev13715425n1-nev13715427n92">the screw</ptxt>
</item>
<item id="en-US0900c8af844d2bee-nev13715425n1-nev13715427n93">
<ptxt id="en-US0900c8af844d2bee-nev13715425n1-nev13715427n94">the 1 clip.</ptxt>
</item>
</list1>
<para id="en-US0900c8af844d2bee-nev13715425n1-nev13715427n95">
<ptxt id="en-US0900c8af844d2bee-nev13715425n1-nev13715427n96">Hook the exhaust system into place on the bushings in front of the rear axle.</ptxt>
</para>
</graphtext>
</grate>
</procstep>
<procstep id="en-US0900c8af844d2bee-nev13715425n1-nev13715426n31">
<title id="en-US0900c8af844d2bee-nev13715425n1-nev13715427n97">Installing the front mounting for the support arms</title>
<grate id="en-US0900c8af844d2bee-nev13715425n1-nev13715427n98">
<graphic id="en-US0900c8af844d2bee-nev13715425n1-nev13715426n32">
<href>0900c8af807315bc_674_506.jpeg</href>
</graphic>
<graphtext id="en-US0900c8af844d2bee-nev13715425n1-nev13715427n99">
<list1 enumtype="d" id="en-US0900c8af844d2bee-nev13715425n1-nev13715427n100" type="unordered">
<title id="en-US0900c8af844d2bee-nev13715425n1-nev13715428n1">Install on both sides:</title>
<item id="en-US0900c8af844d2bee-nev13715425n1-nev13715428n2">
<ptxt id="en-US0900c8af844d2bee-nev13715425n1-nev13715428n3">the 2 screws (1). Tighten. See:<xref id="en-US0900c8af844d2bee-nev13715425n1-nev13715428n4">
<ref id="en-US0900c8af85c1ceca-nev13716044n1(200420052006200720082009201020112012)"/>
</xref>
</ptxt>
</item>
<item id="en-US0900c8af844d2bee-nev13715425n1-nev13715428n5">
<ptxt id="en-US0900c8af844d2bee-nev13715425n1-nev13715428n6">the connector for the ABS sensor (2).</ptxt>
</item>
</list1>
</graphtext>
</grate>
</procstep>
<procstep id="en-US0900c8af844d2bee-nev13715425n1-nev13715426n34">
<title id="en-US0900c8af844d2bee-nev13715425n1-nev13715428n7">Connecting the connector for the differential electronic module (DEM) </title>
<grate id="en-US0900c8af844d2bee-nev13715425n1-nev13715428n8">
<graphic id="en-US0900c8af844d2bee-nev13715425n1-nev13715426n35">
<href>0900c8af8162145d_674_506.jpeg</href>
</graphic>
<graphtext id="en-US0900c8af844d2bee-nev13715425n1-nev13715428n9">
<para id="en-US0900c8af844d2bee-nev13715425n1-nev13715428n10">
<ptxt id="en-US0900c8af844d2bee-nev13715425n1-nev13715428n11">Installing the clip and the connector for the differential electronic module (DEM) on the right hand side.</ptxt>
<ptxt id="en-US0900c8af844d2bee-nev13715425n1-nev13715428n12">Install any auxiliary/extra cable harnesses in their holders on the sub-frame.</ptxt>
</para>
</graphtext>
</grate>
</procstep>
<procstep id="en-US0900c8af844d2bee-nev13715425n1-nev13715426n36">
<title id="en-US0900c8af844d2bee-nev13715425n1-nev13715428n13">Installing the air baffle</title>
<grate id="en-US0900c8af844d2bee-nev13715425n1-nev13715428n14">
<graphic id="en-US0900c8af844d2bee-nev13715425n1-nev13715426n37">
<href>0900c8af807314ef_674_506.jpeg</href>
</graphic>
<graphtext id="en-US0900c8af844d2bee-nev13715425n1-nev13715428n15">
<para id="en-US0900c8af844d2bee-nev13715425n1-nev13715428n16">
<ptxt id="en-US0900c8af844d2bee-nev13715425n1-nev13715428n17">Install the air baffle on both sides.</ptxt>
</para>
</graphtext>
</grate>
</procstep>
<procstep id="en-US0900c8af844d2bee-nev13715425n1-nev13715426n38">
<title id="en-US0900c8af844d2bee-nev13715425n1-nev13715428n18">Installing the lower mounting for the shock absorber</title>
<grate id="en-US0900c8af844d2bee-nev13715425n1-nev13715428n19">
<graphic id="en-US0900c8af844d2bee-nev13715425n1-nev13715426n39">
<href>0900c8af81620f1c_674_505.jpeg</href>
</graphic>
<graphtext id="en-US0900c8af844d2bee-nev13715425n1-nev13715428n20">
<para id="en-US0900c8af844d2bee-nev13715425n1-nev13715428n21">
<ptxt id="en-US0900c8af844d2bee-nev13715425n1-nev13715428n22">Install the shock absorber on both sides. </ptxt>
<ptxt id="en-US0900c8af844d2bee-nev13715425n1-nev13715428n23">Tighten, see: <xref id="en-US0900c8af844d2bee-nev13715425n1-nev13715428n24">
<ref id="en-US0900c8af85cabd8b-nev13716424n1(200420052006200720082009201020112012)"/>
</xref>. </ptxt>
</para>
</graphtext>
</grate>
</procstep>
</stepgrp>
<stepgrp id="en-US0900c8af844d2bee-nev13715425n1-nev13715426n41">
<title id="en-US0900c8af844d2bee-nev13715425n1-nev13715428n25">Finishing</title>
<procstep id="en-US0900c8af844d2bee-nev13715425n1-nev13715426n42">
<title id="en-US0900c8af844d2bee-nev13715425n1-nev13715428n26">Finishing</title>
<list1 enumtype="d" id="en-US0900c8af844d2bee-nev13715425n1-nev13715428n27" type="unordered">
<title id="en-US0900c8af844d2bee-nev13715425n1-nev13715428n28">Install:</title>
<item id="en-US0900c8af844d2bee-nev13715425n1-nev13715428n29">
<ptxt id="en-US0900c8af844d2bee-nev13715425n1-nev13715428n30">the rear drive shafts. See: <xref id="en-US0900c8af844d2bee-nev13715425n1-nev13715428n31">
<ref id="en-US0900c8af852a57c1-nev13715508n1(200820092010),en-US0900c8af852a57c1-nev13715508n1(200520062007)"/>
</xref>.</ptxt>
</item>
<item id="en-US0900c8af844d2bee-nev13715425n1-nev13715428n32">
<ptxt id="en-US0900c8af844d2bee-nev13715425n1-nev13715428n33">the rear springs. See: <xref id="en-US0900c8af844d2bee-nev13715425n1-nev13715428n34">
<ref id="en-US0900c8af85cb08e0-nev13716436n1(200520062007200820092010),en-US0900c8af844d4b22-nev13716436n1(200520062007200820092010),en-US0900c8af85cb08e0-nev13716436n1(2004200520062007200820092010),en-US0900c8af85cb08e0-nev13716436n1(20112012)"/>
</xref>
</ptxt>
</item>
<item id="en-US0900c8af844d2bee-nev13715425n1-nev13715428n35">
<ptxt id="en-US0900c8af844d2bee-nev13715425n1-nev13715428n36">the propeller shaft on the flange. See: <xref id="en-US0900c8af844d2bee-nev13715425n1-nev13715428n37">
<ref id="en-US0900c8af844d2a04-nev13715387n1(200820092010),en-US0900c8af844d2a04-nev13715387n1(200520062007)"/>
</xref>
</ptxt>
</item>
<item id="en-US0900c8af844d2bee-nev13715425n1-nev13715428n38">
<ptxt id="en-US0900c8af844d2bee-nev13715425n1-nev13715428n39">the rear wheels.</ptxt>
</item>
</list1>
</procstep>
</stepgrp>
</procedure>
</servinfosub><servinfosub IE-ID="en-US0900c8af84f0359d" docno="VCC-370640" id="en-US0900c8af84f0359d-nev13714415n1" original="sv-SE" servinfosubId="nev13714416n1-nev13714415n4" servinfosubRes="0900c8af84f035e8" servinfosubRes2="urn:x-nevis:fragment:0900c8af84f0359d:0900c8af84f035e8#nev13714415n4" xml:lang="en-US">
<title id="en-US0900c8af84f0359d-nev13714414n43">Tightening torque</title>
<topic id="en-US0900c8af84f0359d-nev13714416n1-nev13714414n44">
<title id="en-US0900c8af84f0359d-nev13714416n1-nev13714414n47">General tightening torques</title>
<caution id="en-US0900c8af84f0359d-nev13714416n1-nev13714414n48">
<ptxt id="en-US0900c8af84f0359d-nev13714416n1-nev13714414n49">Screws coated with a locking fluid or self locking nuts must be replaced with <emph id="en-US0900c8af84f0359d-nev13714416n1-nev13714414n50">new</emph> when reinstalled.</ptxt>
</caution>
<para id="en-US0900c8af84f0359d-nev13714416n1-nev13714414n51">
<ptxt id="en-US0900c8af84f0359d-nev13714416n1-nev13714414n52">See the table below to find the tightening torques for components not included in the summary.</ptxt>
<ptxt id="en-US0900c8af84f0359d-nev13714416n1-nev13714414n53">Nuts and screws which are not self locking can be reused provided that they are in good condition.</ptxt>
</para>
<table frame="all" id="en-US0900c8af84f0359d-nev13714416n1-nev13714414n54" pgwide="1">
<tgroup cols="2" colsep="1" id="en-US0900c8af84f0359d-nev13714416n1-nev13714414n55" rowsep="1">
<colspec colname="colspec0" colwidth="198*" id="en-US0900c8af84f0359d-nev13714416n1-nev13714414n56"/>
<colspec colname="colspec1" colwidth="198*" id="en-US0900c8af84f0359d-nev13714416n1-nev13714414n57"/>
<tbody id="en-US0900c8af84f0359d-nev13714416n1-nev13714414n58">
<row id="en-US0900c8af84f0359d-nev13714416n1-nev13714414n59">
<entry id="en-US0900c8af84f0359d-nev13714416n1-nev13714414n60" nameend="colspec1" namest="colspec0">
<ptxt id="en-US0900c8af84f0359d-nev13714416n1-nev13714414n61">Applies to screwed joint with strength class 8.8.</ptxt>
</entry>
</row>
<row id="en-US0900c8af84f0359d-nev13714416n1-nev13714414n62">
<entry align="left" id="en-US0900c8af84f0359d-nev13714416n1-nev13714414n63" valign="top">
<ptxt id="en-US0900c8af84f0359d-nev13714416n1-nev13714414n64">Thread </ptxt>
</entry>
<entry align="left" id="en-US0900c8af84f0359d-nev13714416n1-nev13714414n65" valign="top">
<ptxt id="en-US0900c8af84f0359d-nev13714416n1-nev13714414n66">Tightening torque (Nm)</ptxt>
</entry>
</row>
<row id="en-US0900c8af84f0359d-nev13714416n1-nev13714414n67">
<entry align="left" id="en-US0900c8af84f0359d-nev13714416n1-nev13714414n68" valign="top">
<ptxt id="en-US0900c8af84f0359d-nev13714416n1-nev13714414n69">M5</ptxt>
</entry>
<entry align="left" id="en-US0900c8af84f0359d-nev13714416n1-nev13714414n70" valign="top">
<ptxt id="en-US0900c8af84f0359d-nev13714416n1-nev13714414n71">5</ptxt>
</entry>
</row>
<row id="en-US0900c8af84f0359d-nev13714416n1-nev13714414n72">
<entry align="left" id="en-US0900c8af84f0359d-nev13714416n1-nev13714414n73" valign="top">
<ptxt id="en-US0900c8af84f0359d-nev13714416n1-nev13714414n74">M6</ptxt>
</entry>
<entry align="left" id="en-US0900c8af84f0359d-nev13714416n1-nev13714414n75" valign="top">
<ptxt id="en-US0900c8af84f0359d-nev13714416n1-nev13714414n76">10</ptxt>
</entry>
</row>
<row id="en-US0900c8af84f0359d-nev13714416n1-nev13714414n77">
<entry align="left" id="en-US0900c8af84f0359d-nev13714416n1-nev13714414n78" valign="top">
<ptxt id="en-US0900c8af84f0359d-nev13714416n1-nev13714414n79">M7</ptxt>
</entry>
<entry align="left" id="en-US0900c8af84f0359d-nev13714416n1-nev13714414n80" valign="top">
<ptxt id="en-US0900c8af84f0359d-nev13714416n1-nev13714414n81">17</ptxt>
</entry>
</row>
<row id="en-US0900c8af84f0359d-nev13714416n1-nev13714414n82">
<entry align="left" id="en-US0900c8af84f0359d-nev13714416n1-nev13714414n83" valign="top">
<ptxt id="en-US0900c8af84f0359d-nev13714416n1-nev13714414n84">M8</ptxt>
</entry>
<entry align="left" id="en-US0900c8af84f0359d-nev13714416n1-nev13714414n85" valign="top">
<ptxt id="en-US0900c8af84f0359d-nev13714416n1-nev13714414n86">24</ptxt>
</entry>
</row>
<row id="en-US0900c8af84f0359d-nev13714416n1-nev13714414n87">
<entry align="left" id="en-US0900c8af84f0359d-nev13714416n1-nev13714414n88" valign="top">
<ptxt id="en-US0900c8af84f0359d-nev13714416n1-nev13714414n89">M10</ptxt>
</entry>
<entry align="left" id="en-US0900c8af84f0359d-nev13714416n1-nev13714414n90" valign="top">
<ptxt id="en-US0900c8af84f0359d-nev13714416n1-nev13714414n91">50</ptxt>
</entry>
</row>
<row id="en-US0900c8af84f0359d-nev13714416n1-nev13714414n92">
<entry align="left" id="en-US0900c8af84f0359d-nev13714416n1-nev13714414n93" valign="top">
<ptxt id="en-US0900c8af84f0359d-nev13714416n1-nev13714414n94">M12</ptxt>
</entry>
<entry align="left" id="en-US0900c8af84f0359d-nev13714416n1-nev13714414n95" valign="top">
<ptxt id="en-US0900c8af84f0359d-nev13714416n1-nev13714414n96">80</ptxt>
</entry>
</row>
<row id="en-US0900c8af84f0359d-nev13714416n1-nev13714414n97">
<entry align="left" id="en-US0900c8af84f0359d-nev13714416n1-nev13714414n98" valign="top">
<ptxt id="en-US0900c8af84f0359d-nev13714416n1-nev13714414n99">M14</ptxt>
</entry>
<entry align="left" id="en-US0900c8af84f0359d-nev13714416n1-nev13714414n100" valign="top">
<ptxt id="en-US0900c8af84f0359d-nev13714416n1-nev13714417n1">130</ptxt>
</entry>
</row>
</tbody>
</tgroup>
</table>
</topic>
<topic id="en-US0900c8af84f0359d-nev13714416n1-nev13714414n45">
<title id="en-US0900c8af84f0359d-nev13714416n1-nev13714417n2">Summary of tightening torques for specific components </title>
<caution id="en-US0900c8af84f0359d-nev13714416n1-nev13714417n3">
<ptxt id="en-US0900c8af84f0359d-nev13714416n1-nev13714417n4">Screws coated with locking fluid or sealant must always be replaced with new when reinstalled.</ptxt>
</caution>
<para id="en-US0900c8af84f0359d-nev13714416n1-nev13714417n5">
<ptxt id="en-US0900c8af84f0359d-nev13714416n1-nev13714417n6">Always use <emph id="en-US0900c8af84f0359d-nev13714416n1-nev13714417n7">new screws and nuts</emph> when angle tightening. Any exceptions to this rule will be indicated in the method.</ptxt>
</para>
<para id="en-US0900c8af84f0359d-nev13714416n1-nev13714417n8">
<ptxt id="en-US0900c8af84f0359d-nev13714416n1-nev13714417n9">Angle tightening in tight spaces, see <xref id="en-US0900c8af84f0359d-nev13714416n1-nev13714417n10">
<ref id="en-US0900c8af844c5c9b-nev13709716n1(200420052006200720082009201020112012)"/>
</xref>. </ptxt>
</para>
<table frame="all" id="en-US0900c8af84f0359d-nev13714416n1-nev13714417n11" pgwide="1">
<title id="en-US0900c8af84f0359d-nev13714416n1-nev13714417n12">AW</title>
<tgroup cols="2" colsep="1" id="en-US0900c8af84f0359d-nev13714416n1-nev13714417n13" rowsep="1">
<colspec colname="colspec0" colwidth="198*" id="en-US0900c8af84f0359d-nev13714416n1-nev13714417n14"/>
<colspec colname="colspec1" colwidth="198*" id="en-US0900c8af84f0359d-nev13714416n1-nev13714417n15"/>
<tbody id="en-US0900c8af84f0359d-nev13714416n1-nev13714417n16">
<row id="en-US0900c8af84f0359d-nev13714416n1-nev13714417n17">
<entry colname="colspec0" id="en-US0900c8af84f0359d-nev13714416n1-nev13714417n18">
<ptxt id="en-US0900c8af84f0359d-nev13714416n1-nev13714417n19">
<emph id="en-US0900c8af84f0359d-nev13714416n1-nev13714417n20">The nut for the lever and gear shift linkage rod</emph>
</ptxt>
</entry>
<entry colname="colspec1" id="en-US0900c8af84f0359d-nev13714416n1-nev13714417n21">
<ptxt id="en-US0900c8af84f0359d-nev13714416n1-nev13714417n22">16 Nm</ptxt>
</entry>
</row>
<row id="en-US0900c8af84f0359d-nev13714416n1-nev13714417n23">
<entry colname="colspec0" id="en-US0900c8af84f0359d-nev13714416n1-nev13714417n24">
<ptxt id="en-US0900c8af84f0359d-nev13714416n1-nev13714417n25">
<emph id="en-US0900c8af84f0359d-nev13714416n1-nev13714417n26">Oil plug for transmission</emph>
</ptxt>
</entry>
<entry colname="colspec1" id="en-US0900c8af84f0359d-nev13714416n1-nev13714417n27">
<ptxt id="en-US0900c8af84f0359d-nev13714416n1-nev13714417n28">40 Nm</ptxt>
</entry>
</row>
<row id="en-US0900c8af84f0359d-nev13714416n1-nev13714417n29">
<entry colname="colspec0" id="en-US0900c8af84f0359d-nev13714416n1-nev13714417n30">
<ptxt id="en-US0900c8af84f0359d-nev13714416n1-nev13714417n31">
<emph id="en-US0900c8af84f0359d-nev13714416n1-nev13714417n32">Screw, carrier plate - torque converter</emph>
</ptxt>
<ptxt id="en-US0900c8af84f0359d-nev13714416n1-nev13714417n33">6 screws</ptxt>
</entry>
<entry colname="colspec1" id="en-US0900c8af84f0359d-nev13714416n1-nev13714417n34">
<ptxt id="en-US0900c8af84f0359d-nev13714416n1-nev13714417n35">35 Nm</ptxt>
</entry>
</row>
<row id="en-US0900c8af84f0359d-nev13714416n1-nev13714417n36">
<entry colname="colspec0" id="en-US0900c8af84f0359d-nev13714416n1-nev13714417n37">
<ptxt id="en-US0900c8af84f0359d-nev13714416n1-nev13714417n38">
<emph id="en-US0900c8af84f0359d-nev13714416n1-nev13714417n39">Screw, oil pipe - dipstick pipe - transmission</emph>
</ptxt>
</entry>
<entry colname="colspec1" id="en-US0900c8af84f0359d-nev13714416n1-nev13714417n40">
<ptxt id="en-US0900c8af84f0359d-nev13714416n1-nev13714417n41">15 Nm</ptxt>
</entry>
</row>
<row id="en-US0900c8af84f0359d-nev13714416n1-nev13714417n42">
<entry colname="colspec0" id="en-US0900c8af84f0359d-nev13714416n1-nev13714417n43">
<ptxt id="en-US0900c8af84f0359d-nev13714416n1-nev13714417n44">
<emph id="en-US0900c8af84f0359d-nev13714416n1-nev13714417n45">Screw, oil pipe - transmission</emph>
</ptxt>
</entry>
<entry colname="colspec1" id="en-US0900c8af84f0359d-nev13714416n1-nev13714417n46">
<ptxt id="en-US0900c8af84f0359d-nev13714416n1-nev13714417n47">6 Nm</ptxt>
</entry>
</row>
<row id="en-US0900c8af84f0359d-nev13714416n1-nev13714417n48">
<entry colname="colspec0" id="en-US0900c8af84f0359d-nev13714416n1-nev13714417n49">
<ptxt id="en-US0900c8af84f0359d-nev13714416n1-nev13714417n50">
<emph id="en-US0900c8af84f0359d-nev13714416n1-nev13714417n51">Transmission input speed sensor/transmission output speed sensor</emph>
</ptxt>
</entry>
<entry colname="colspec1" id="en-US0900c8af84f0359d-nev13714416n1-nev13714417n52">
<ptxt id="en-US0900c8af84f0359d-nev13714416n1-nev13714417n53">5.5 Nm</ptxt>
</entry>
</row>
<row id="en-US0900c8af84f0359d-nev13714416n1-nev13714419n1">
<entry id="en-US0900c8af84f0359d-nev13714416n1-nev13714419n2">
<ptxt id="en-US0900c8af84f0359d-nev13714416n1-nev13714419n3">
<emph id="en-US0900c8af84f0359d-nev13714416n1-nev13714419n4">Mounting to transmission, (M10)</emph>
</ptxt>
</entry>
<entry id="en-US0900c8af84f0359d-nev13714416n1-nev13714419n5">
<ptxt id="en-US0900c8af84f0359d-nev13714416n1-nev13714419n6">Step 1 30 Nm</ptxt>
<ptxt id="en-US0900c8af84f0359d-nev13714416n1-nev13714419n7">Step 2 160°</ptxt>
</entry>
</row>
</tbody>
</tgroup>
</table>
<table frame="all" id="en-US0900c8af84f0359d-nev13714416n1-nev13714417n54" pgwide="1">
<title id="en-US0900c8af84f0359d-nev13714416n1-nev13714417n55">M56/M66</title>
<tgroup cols="2" id="en-US0900c8af84f0359d-nev13714416n1-nev13714417n56">
<colspec colname="col1" id="en-US0900c8af84f0359d-nev13714416n1-nev13714417n57"/>
<colspec colname="col2" id="en-US0900c8af84f0359d-nev13714416n1-nev13714417n58"/>
<tbody id="en-US0900c8af84f0359d-nev13714416n1-nev13714417n59">
<row id="en-US0900c8af84f0359d-nev13714416n1-nev13714417n60">
<entry colname="col1" id="en-US0900c8af84f0359d-nev13714416n1-nev13714417n61">
<ptxt id="en-US0900c8af84f0359d-nev13714416n1-nev13714417n62">
<emph id="en-US0900c8af84f0359d-nev13714416n1-nev13714417n63">Back-up (reversing) lamps switch</emph>
</ptxt>
</entry>
<entry colname="col2" id="en-US0900c8af84f0359d-nev13714416n1-nev13714417n64">
<ptxt id="en-US0900c8af84f0359d-nev13714416n1-nev13714417n65">25 Nm</ptxt>
</entry>
</row>
<row id="en-US0900c8af84f0359d-nev13714416n1-nev13714419n14">
<entry id="en-US0900c8af84f0359d-nev13714416n1-nev13714419n15">
<ptxt id="en-US0900c8af84f0359d-nev13714416n1-nev13714419n16">
<emph id="en-US0900c8af84f0359d-nev13714416n1-nev13714419n17">Engine mount (M12)</emph>
</ptxt>
</entry>
<entry id="en-US0900c8af84f0359d-nev13714416n1-nev13714419n18">
<ptxt id="en-US0900c8af84f0359d-nev13714416n1-nev13714419n19">Step 1 30 Nm</ptxt>
<ptxt id="en-US0900c8af84f0359d-nev13714416n1-nev13714419n20">Stage 2 80°</ptxt>
</entry>
</row>
<row id="en-US0900c8af84f0359d-nev13714416n1-nev13714417n66">
<entry colname="col1" id="en-US0900c8af84f0359d-nev13714416n1-nev13714417n67">
<ptxt id="en-US0900c8af84f0359d-nev13714416n1-nev13714417n68">
<emph id="en-US0900c8af84f0359d-nev13714416n1-nev13714417n69">Oil plug for transmission</emph>
</ptxt>
</entry>
<entry colname="col2" id="en-US0900c8af84f0359d-nev13714416n1-nev13714417n70">
<ptxt id="en-US0900c8af84f0359d-nev13714416n1-nev13714417n71">35 Nm</ptxt>
</entry>
</row>
</tbody>
</tgroup>
</table>
<table frame="all" id="en-US0900c8af84f0359d-nev13714416n1-nev13714417n72" pgwide="1">
<title id="en-US0900c8af84f0359d-nev13714416n1-nev13714417n73">MMT6/MTX75/IB5/B6/MPS6</title>
<tgroup cols="2" id="en-US0900c8af84f0359d-nev13714416n1-nev13714417n74">
<colspec colname="col1" id="en-US0900c8af84f0359d-nev13714416n1-nev13714417n75"/>
<colspec colname="col2" id="en-US0900c8af84f0359d-nev13714416n1-nev13714417n76"/>
<tbody id="en-US0900c8af84f0359d-nev13714416n1-nev13714417n77">
<row id="en-US0900c8af84f0359d-nev13714416n1-nev13714417n78">
<entry colname="col1" id="en-US0900c8af84f0359d-nev13714416n1-nev13714417n79">
<ptxt id="en-US0900c8af84f0359d-nev13714416n1-nev13714417n80">
<emph id="en-US0900c8af84f0359d-nev13714416n1-nev13714417n81">Engine mount, left side</emph>
</ptxt>
</entry>
<entry colname="col2" id="en-US0900c8af84f0359d-nev13714416n1-nev13714417n82">
<ptxt id="en-US0900c8af84f0359d-nev13714416n1-nev13714417n83">Screw, M14, 120 Nm, Nuts, 4 pcs., 35 Nm + 60°</ptxt>
</entry>
</row>
<row id="en-US0900c8af84f0359d-nev13714416n1-nev13714417n84">
<entry colname="col1" id="en-US0900c8af84f0359d-nev13714416n1-nev13714417n85">
<ptxt id="en-US0900c8af84f0359d-nev13714416n1-nev13714417n86">
<emph id="en-US0900c8af84f0359d-nev13714416n1-nev13714417n87">Oil plug for transmission</emph>
</ptxt>
</entry>
<entry colname="col2" id="en-US0900c8af84f0359d-nev13714416n1-nev13714417n88">
<ptxt id="en-US0900c8af84f0359d-nev13714416n1-nev13714417n89">35 Nm</ptxt>
</entry>
</row>
<row id="en-US0900c8af84f0359d-nev13714416n1-nev13714417n90">
<entry colname="col1" id="en-US0900c8af84f0359d-nev13714416n1-nev13714417n91">
<ptxt id="en-US0900c8af84f0359d-nev13714416n1-nev13714417n92">
<emph id="en-US0900c8af84f0359d-nev13714416n1-nev13714417n93">Screw drive shaft - wheel hub</emph>
</ptxt>
</entry>
<entry colname="col2" id="en-US0900c8af84f0359d-nev13714416n1-nev13714417n94">
<ptxt id="en-US0900c8af84f0359d-nev13714416n1-nev13714417n95">35 Nm + 90°</ptxt>
</entry>
</row>
<row id="en-US0900c8af84f0359d-nev13714416n1-nev13714417n96">
<entry colname="col1" id="en-US0900c8af84f0359d-nev13714416n1-nev13714417n97">
<ptxt id="en-US0900c8af84f0359d-nev13714416n1-nev13714417n98">
<emph id="en-US0900c8af84f0359d-nev13714416n1-nev13714417n99">Screw clutch cylinder</emph>
</ptxt>
</entry>
<entry colname="col2" id="en-US0900c8af84f0359d-nev13714416n1-nev13714417n100">
<ptxt id="en-US0900c8af84f0359d-nev13714416n1-nev13714418n1">10 Nm</ptxt>
</entry>
</row>
<row id="en-US0900c8af84f0359d-nev13714416n1-nev13714419n8">
<entry id="en-US0900c8af84f0359d-nev13714416n1-nev13714419n9">
<ptxt id="en-US0900c8af84f0359d-nev13714416n1-nev13714419n10">
<emph id="en-US0900c8af84f0359d-nev13714416n1-nev13714419n11">Flywheel (applies to MPS6)</emph>
</ptxt>
</entry>
<entry id="en-US0900c8af84f0359d-nev13714416n1-nev13714419n12">
<ptxt id="en-US0900c8af84f0359d-nev13714416n1-nev13714419n13">114 Nm</ptxt>
</entry>
</row>
</tbody>
</tgroup>
</table>
<table frame="all" id="en-US0900c8af84f0359d-nev13714416n1-nev13714418n2" pgwide="1">
<title id="en-US0900c8af84f0359d-nev13714416n1-nev13714418n3">AWD</title>
<tgroup cols="2" id="en-US0900c8af84f0359d-nev13714416n1-nev13714418n4">
<colspec colname="col1" id="en-US0900c8af84f0359d-nev13714416n1-nev13714418n5"/>
<colspec colname="col2" id="en-US0900c8af84f0359d-nev13714416n1-nev13714418n6"/>
<tbody id="en-US0900c8af84f0359d-nev13714416n1-nev13714418n7">
<row id="en-US0900c8af84f0359d-nev13714416n1-nev13714418n95">
<entry id="en-US0900c8af84f0359d-nev13714416n1-nev13714418n96">
<ptxt id="en-US0900c8af84f0359d-nev13714416n1-nev13714418n97">
<emph id="en-US0900c8af84f0359d-nev13714416n1-nev13714418n98">Final drive against rear bushing</emph>
</ptxt>
</entry>
<entry id="en-US0900c8af84f0359d-nev13714416n1-nev13714418n99">
<ptxt id="en-US0900c8af84f0359d-nev13714416n1-nev13714418n100">80 Nm</ptxt>
</entry>
</row>
<row id="en-US0900c8af84f0359d-nev13714416n1-nev13714418n8">
<entry id="en-US0900c8af84f0359d-nev13714416n1-nev13714418n9">
<ptxt id="en-US0900c8af84f0359d-nev13714416n1-nev13714418n10">
<emph id="en-US0900c8af84f0359d-nev13714416n1-nev13714418n11">Bevel gear screw - transmission</emph>
</ptxt>
</entry>
<entry id="en-US0900c8af84f0359d-nev13714416n1-nev13714418n12">
<ptxt id="en-US0900c8af84f0359d-nev13714416n1-nev13714418n13">75 Nm</ptxt>
</entry>
</row>
<row id="en-US0900c8af84f0359d-nev13714416n1-nev13714418n14">
<entry colname="col1" id="en-US0900c8af84f0359d-nev13714416n1-nev13714418n15">
<ptxt id="en-US0900c8af84f0359d-nev13714416n1-nev13714418n16">
<emph id="en-US0900c8af84f0359d-nev13714416n1-nev13714418n17">Propeller shaft CV</emph>
</ptxt>
</entry>
<entry colname="col2" id="en-US0900c8af84f0359d-nev13714416n1-nev13714418n18">
<ptxt id="en-US0900c8af84f0359d-nev13714416n1-nev13714418n19">Stage 1.....The screws opposite each other. Tighten to 10 Nm</ptxt>
<ptxt id="en-US0900c8af84f0359d-nev13714416n1-nev13714418n20">Stage 2.....All screws. Tighten to 25 Nm.</ptxt>
</entry>
</row>
<row id="en-US0900c8af84f0359d-nev13714416n1-nev13714418n21">
<entry colname="col1" id="en-US0900c8af84f0359d-nev13714416n1-nev13714418n22">
<ptxt id="en-US0900c8af84f0359d-nev13714416n1-nev13714418n23">
<emph id="en-US0900c8af84f0359d-nev13714416n1-nev13714418n24">Level/filler plug final drive housing </emph>
</ptxt>
<note id="en-US0900c8af84f0359d-nev13714416n1-nev13714418n25">
<ptxt id="en-US0900c8af84f0359d-nev13714416n1-nev13714418n26">2 plugs, 1 for the Active on Demand Coupling and 1 for the final drive</ptxt>
</note>
</entry>
<entry colname="col2" id="en-US0900c8af84f0359d-nev13714416n1-nev13714418n27">
<ptxt id="en-US0900c8af84f0359d-nev13714416n1-nev13714418n28">35 Nm</ptxt>
</entry>
</row>
<row id="en-US0900c8af84f0359d-nev13714416n1-nev13714418n29">
<entry colname="col1" id="en-US0900c8af84f0359d-nev13714416n1-nev13714418n30">
<ptxt id="en-US0900c8af84f0359d-nev13714416n1-nev13714418n31">
<emph id="en-US0900c8af84f0359d-nev13714416n1-nev13714418n32">Level/filler plug, bevel gear </emph>
</ptxt>
</entry>
<entry colname="col2" id="en-US0900c8af84f0359d-nev13714416n1-nev13714418n33">
<ptxt id="en-US0900c8af84f0359d-nev13714416n1-nev13714418n34">35 Nm</ptxt>
</entry>
</row>
<row id="en-US0900c8af84f0359d-nev13714416n1-nev14606952n247">
<entry id="en-US0900c8af84f0359d-nev13714416n1-nev14606952n246">
<ptxt id="en-US0900c8af84f0359d-nev13714416n1-nev14606952n245">
<emph id="en-US0900c8af84f0359d-nev13714416n1-nev14606952n242">Oil plug, final drive</emph>
</ptxt>
</entry>
<entry id="en-US0900c8af84f0359d-nev13714416n1-nev14606952n244">
<ptxt id="en-US0900c8af84f0359d-nev13714416n1-nev14606952n243">35 Nm</ptxt>
</entry>
</row>
<row id="en-US0900c8af84f0359d-nev13714416n1-nev14606952n241">
<entry id="en-US0900c8af84f0359d-nev13714416n1-nev14606952n240">
<ptxt id="en-US0900c8af84f0359d-nev13714416n1-nev14606952n239">
<emph id="en-US0900c8af84f0359d-nev13714416n1-nev14606952n236">Oil plug, Active On-Demand Coupling</emph>
</ptxt>
</entry>
<entry id="en-US0900c8af84f0359d-nev13714416n1-nev14606952n238">
<ptxt id="en-US0900c8af84f0359d-nev13714416n1-nev14606952n237">35 Nm</ptxt>
</entry>
</row>
<row id="en-US0900c8af84f0359d-nev13714416n1-nev13714418n35">
<entry colname="col1" id="en-US0900c8af84f0359d-nev13714416n1-nev13714418n36">
<ptxt id="en-US0900c8af84f0359d-nev13714416n1-nev13714418n37">
<emph id="en-US0900c8af84f0359d-nev13714416n1-nev13714418n38">Pinion nut (Active on Demand Coupling)</emph>
</ptxt>
</entry>
<entry colname="col2" id="en-US0900c8af84f0359d-nev13714416n1-nev13714418n39">
<ptxt id="en-US0900c8af84f0359d-nev13714416n1-nev13714418n40">100 Nm</ptxt>
</entry>
</row>
<row id="en-US0900c8af84f0359d-nev13714416n1-nev13714418n41">
<entry colname="col1" id="en-US0900c8af84f0359d-nev13714416n1-nev13714418n42">
<ptxt id="en-US0900c8af84f0359d-nev13714416n1-nev13714418n43">
<emph id="en-US0900c8af84f0359d-nev13714416n1-nev13714418n44">Screw oil pump (Active on Demand Coupling)</emph>
</ptxt>
</entry>
<entry colname="col2" id="en-US0900c8af84f0359d-nev13714416n1-nev13714418n45">
<ptxt id="en-US0900c8af84f0359d-nev13714416n1-nev13714418n46">5.5 Nm</ptxt>
</entry>
</row>
<row id="en-US0900c8af84f0359d-nev13714416n1-nev13714418n47">
<entry colname="col1" id="en-US0900c8af84f0359d-nev13714416n1-nev13714418n48">
<ptxt id="en-US0900c8af84f0359d-nev13714416n1-nev13714418n49">
<emph id="en-US0900c8af84f0359d-nev13714416n1-nev13714418n50">Screw control module (Active on Demand Coupling)</emph>
</ptxt>
</entry>
<entry colname="col2" id="en-US0900c8af84f0359d-nev13714416n1-nev13714418n51">
<ptxt id="en-US0900c8af84f0359d-nev13714416n1-nev13714418n52">5.5 Nm</ptxt>
</entry>
</row>
<row id="en-US0900c8af84f0359d-nev13714416n1-nev13714418n53">
<entry colname="col1" id="en-US0900c8af84f0359d-nev13714416n1-nev13714418n54">
<ptxt id="en-US0900c8af84f0359d-nev13714416n1-nev13714418n55">
<emph id="en-US0900c8af84f0359d-nev13714416n1-nev13714418n56">Adjusting nut bevel gear</emph>
</ptxt>
</entry>
<entry colname="col2" id="en-US0900c8af84f0359d-nev13714416n1-nev13714418n57">
<ptxt id="en-US0900c8af84f0359d-nev13714416n1-nev13714418n58">50 Nm</ptxt>
</entry>
</row>
</tbody>
</tgroup>
</table>
</topic>
</servinfosub></servinfosub>
            </ti_title>
            
            <ti_title engine="B5254T7" id="TITitle-12345-745" navTitle="navTitle" shortYearRange="2008-2010" title="ti_title" trans="AW50/51 AWD; M66 AWD" yearRange="2008-2010">
              <ptxt><xref dupFrag="true" refid="en-US0900c8af844d2d26-nev13715466n1"/></ptxt>
            </ti_title>
            
          </FunctionGroup3>
        </FunctionGroup2>