<?xml version="1.0" encoding="UTF-8"?><FunctionGroup2 Qualifier="Specifications, electrical/electronic" group="46" name="Rear axle, drive shafts"><serv-cat servcat.name=" Differentials @AnD@ Drive Axles"/><serv-cat servcat.name="Axle Shafts"/><doc-head>Driveline/Axles</doc-head><doc-subhead>Rear Axle, Drive Shafts - Specifications, electrical/electronic</doc-subhead>
          <FunctionGroup3 group="465" name="final drive (front and rear)">
            <ti_title id="TITitle-12345-70" navTitle="navTitle" shortYearRange="2005-2010" title="ti_title" trans="AW50/51 AWD; M66 AWD" yearRange="2005-2010">
              <servinfo IE-ID="en-US0900c8af817d621d" docno="VCC-157349" id="en-US0900c8af817d621d-KC06252656" xml:lang="en-US" yearRange="2005-2010">
<title>Signal specification, differential electronic module (DEM)</title>
<ref id="en-US0900c8af8632e39a(200520062007200820092010)"/>
<servinfosub IE-ID="en-US0900c8af8632e39a" docno="VCC-157350" id="en-US0900c8af8632e39a-KC06252657" servinfosubId="nev20684463n1-nev20684463n2" servinfosubRes="0900c8af8632e3cf" servinfosubRes2="urn:x-nevis:fragment:0900c8af8632e39a:0900c8af8632e3cf#nev20684463n2" xml:lang="en-US">
<title>Signal specification, differential electronic module (DEM)</title>
<procedure id="en-US0900c8af8632e39a-nev20684463n1-nev20803362n1">
<procstep id="en-US0900c8af8632e39a-nev20684463n1-KC06252659" toc-include="yes">
<title id="en-US0900c8af8632e39a-nev20684463n1-nev20803363n1">Signal specification</title>
<grate id="en-US0900c8af8632e39a-nev20684463n1-nev20803364n1">
<title id="en-US0900c8af8632e39a-nev20684463n1-nev20803365n1">Connector A</title>
<graphic id="en-US0900c8af8632e39a-nev20684463n1-KC07194529">
<href>0900c8af8005d26b_674_389.jpeg</href>
</graphic>
<graphtext id="en-US0900c8af8632e39a-nev20684463n1-nev20803369n1">
<para id="en-US0900c8af8632e39a-nev20684463n1-nev20803370n1">
<ptxt id="en-US0900c8af8632e39a-nev20684463n1-nev20803371n1">All the values indicated are taken between the terminal in column 1 and terminals #2 or #4 (ground).</ptxt>
</para>
<para id="en-US0900c8af8632e39a-nev20684463n1-nev20803372n1">
<ptxt id="en-US0900c8af8632e39a-nev20684463n1-nev20803373n1">Pins 3, 5, and 6 are not used.</ptxt>
</para>
<table frame="none" id="en-US0900c8af8632e39a-nev20684463n1-nev20803374n1" pgwide="1">
<tgroup cols="4" colsep="0" id="en-US0900c8af8632e39a-nev20684463n1-nev20803375n1" rowsep="0">
<colspec colwidth="50*" id="en-US0900c8af8632e39a-nev20684463n1-nev20803376n1"/>
<colspec colwidth="218*" id="en-US0900c8af8632e39a-nev20684463n1-nev20803377n1"/>
<colspec colwidth="46*" id="en-US0900c8af8632e39a-nev20684463n1-nev20803378n1"/>
<colspec colwidth="214*" id="en-US0900c8af8632e39a-nev20684463n1-nev20803379n1"/>
<tbody id="en-US0900c8af8632e39a-nev20684463n1-nev20803380n1">
<row id="en-US0900c8af8632e39a-nev20684463n1-nev20803381n1">
<entry align="left" id="en-US0900c8af8632e39a-nev20684463n1-nev20803382n1" morerows="0" rotate="0" valign="top"/>
<entry align="left" id="en-US0900c8af8632e39a-nev20684463n1-nev20803383n1" morerows="0" rotate="0" valign="top">
<ptxt id="en-US0900c8af8632e39a-nev20684463n1-nev20803384n1">U = DC in volts (V)</ptxt>
</entry>
<entry align="left" id="en-US0900c8af8632e39a-nev20684463n1-nev20803385n1" morerows="0" rotate="0" valign="top"/>
<entry align="left" id="en-US0900c8af8632e39a-nev20684463n1-nev20803386n1" morerows="0" rotate="0" valign="top">
<ptxt id="en-US0900c8af8632e39a-nev20684463n1-nev20803387n1">Ubat = battery voltage (V)</ptxt>
</entry>
</row>
<row id="en-US0900c8af8632e39a-nev20684463n1-nev20803388n1">
<entry align="left" id="en-US0900c8af8632e39a-nev20684463n1-nev20803389n1" morerows="0" rotate="0" valign="top"/>
<entry align="left" id="en-US0900c8af8632e39a-nev20684463n1-nev20803390n1" morerows="0" rotate="0" valign="top">
<ptxt id="en-US0900c8af8632e39a-nev20684463n1-nev20803391n1">I = current in amperes (A)</ptxt>
</entry>
<entry align="left" id="en-US0900c8af8632e39a-nev20684463n1-nev20803392n1" morerows="0" rotate="0" valign="top"/>
<entry align="left" id="en-US0900c8af8632e39a-nev20684463n1-nev20803393n1" morerows="0" rotate="0" valign="top">
<ptxt id="en-US0900c8af8632e39a-nev20684463n1-nev20803394n1">Ulow = Voltage near 0 V</ptxt>
</entry>
</row>
<row id="en-US0900c8af8632e39a-nev20684463n1-nev20803395n1">
<entry align="left" id="en-US0900c8af8632e39a-nev20684463n1-nev20803396n1" morerows="0" rotate="0" valign="top"/>
<entry align="left" id="en-US0900c8af8632e39a-nev20684463n1-nev20803397n1" morerows="0" rotate="0" valign="top">
<ptxt id="en-US0900c8af8632e39a-nev20684463n1-nev20803398n1">F = Frequency in Hertz (Hz)</ptxt>
</entry>
<entry align="left" id="en-US0900c8af8632e39a-nev20684463n1-nev20803399n1" morerows="0" rotate="0" valign="top"/>
<entry align="left" id="en-US0900c8af8632e39a-nev20684463n1-nev20803400n1" morerows="0" rotate="0" valign="top">
<ptxt id="en-US0900c8af8632e39a-nev20684463n1-nev20803401n1"/>
</entry>
</row>
</tbody>
</tgroup>
</table>
</graphtext>
</grate>
<table frame="all" id="en-US0900c8af8632e39a-nev20684463n1-nev20803402n1" pgwide="1">
<tgroup cols="4" colsep="1" id="en-US0900c8af8632e39a-nev20684463n1-nev20803403n1" rowsep="1">
<colspec colwidth="60*" id="en-US0900c8af8632e39a-nev20684463n1-nev20803404n1"/>
<colspec colwidth="193*" id="en-US0900c8af8632e39a-nev20684463n1-nev20803405n1"/>
<colspec colwidth="210*" id="en-US0900c8af8632e39a-nev20684463n1-nev20803406n1"/>
<colspec colwidth="187*" id="en-US0900c8af8632e39a-nev20684463n1-nev20803407n1"/>
<tbody id="en-US0900c8af8632e39a-nev20684463n1-nev20803408n1">
<row id="en-US0900c8af8632e39a-nev20684463n1-nev20803409n1">
<entry align="center" id="en-US0900c8af8632e39a-nev20684463n1-nev20803410n1" morerows="0" rotate="0" valign="top">
<ptxt id="en-US0900c8af8632e39a-nev20684463n1-nev20803411n1">
<emph etype="bold" id="en-US0900c8af8632e39a-nev20684463n1-nev20803412n1">ECU</emph>
</ptxt>
</entry>
<entry align="left" id="en-US0900c8af8632e39a-nev20684463n1-nev20803413n1" morerows="0" rotate="0" valign="top">
<ptxt id="en-US0900c8af8632e39a-nev20684463n1-nev20803414n1">
<emph etype="bold" id="en-US0900c8af8632e39a-nev20684463n1-nev20803415n1">Signal type</emph>
</ptxt>
</entry>
<entry align="left" id="en-US0900c8af8632e39a-nev20684463n1-nev20803416n1" morerows="0" rotate="0" valign="top">
<ptxt id="en-US0900c8af8632e39a-nev20684463n1-nev20803417n1">
<emph etype="bold" id="en-US0900c8af8632e39a-nev20684463n1-nev20803418n1">Ignition on </emph>
</ptxt>
</entry>
<entry align="left" id="en-US0900c8af8632e39a-nev20684463n1-nev20803419n1" morerows="0" rotate="0" valign="top">
<ptxt id="en-US0900c8af8632e39a-nev20684463n1-nev20803420n1">
<emph etype="bold" id="en-US0900c8af8632e39a-nev20684463n1-nev20803421n1">Miscellaneous</emph>
</ptxt>
</entry>
</row>
<row id="en-US0900c8af8632e39a-nev20684463n1-nev20803422n1">
<entry align="center" id="en-US0900c8af8632e39a-nev20684463n1-nev20803423n1" morerows="0" rotate="0" valign="top">
<ptxt id="en-US0900c8af8632e39a-nev20684463n1-nev20803424n1">#A1</ptxt>
</entry>
<entry align="left" id="en-US0900c8af8632e39a-nev20684463n1-nev20803425n1" morerows="0" rotate="0" valign="top">
<ptxt id="en-US0900c8af8632e39a-nev20684463n1-nev20803426n1">Power supply</ptxt>
</entry>
<entry align="left" id="en-US0900c8af8632e39a-nev20684463n1-nev20803427n1" morerows="0" rotate="0" valign="top">
<ptxt id="en-US0900c8af8632e39a-nev20684463n1-nev20803428n1">U = Ubat </ptxt>
</entry>
<entry align="left" id="en-US0900c8af8632e39a-nev20684463n1-nev20803429n1" morerows="0" rotate="0" valign="top">
<ptxt id="en-US0900c8af8632e39a-nev20684463n1-nev20803430n1">With a 10 A fuse.</ptxt>
</entry>
</row>
<row id="en-US0900c8af8632e39a-nev20684463n1-nev20803431n1">
<entry align="center" id="en-US0900c8af8632e39a-nev20684463n1-nev20803432n1" morerows="0" rotate="0" valign="top">
<ptxt id="en-US0900c8af8632e39a-nev20684463n1-nev20803433n1">#A2</ptxt>
</entry>
<entry align="left" id="en-US0900c8af8632e39a-nev20684463n1-nev20803434n1" morerows="0" rotate="0" valign="top">
<ptxt id="en-US0900c8af8632e39a-nev20684463n1-nev20803435n1">Signal ground 1</ptxt>
</entry>
<entry align="left" id="en-US0900c8af8632e39a-nev20684463n1-nev20803436n1" morerows="0" rotate="0" valign="top">
<ptxt id="en-US0900c8af8632e39a-nev20684463n1-nev20803437n1">U = Ulow</ptxt>
</entry>
<entry align="left" id="en-US0900c8af8632e39a-nev20684463n1-nev20803438n1" morerows="0" rotate="0" valign="top">
<ptxt id="en-US0900c8af8632e39a-nev20684463n1-nev20803439n1">-</ptxt>
</entry>
</row>
<row id="en-US0900c8af8632e39a-nev20684463n1-nev20803440n1">
<entry align="center" id="en-US0900c8af8632e39a-nev20684463n1-nev20803441n1" morerows="0" rotate="0" valign="top">
<ptxt id="en-US0900c8af8632e39a-nev20684463n1-nev20803442n1">#A3</ptxt>
</entry>
<entry align="left" id="en-US0900c8af8632e39a-nev20684463n1-nev20803443n1" morerows="0" rotate="0" valign="top">
<ptxt id="en-US0900c8af8632e39a-nev20684463n1-nev20803444n1">-</ptxt>
</entry>
<entry align="left" id="en-US0900c8af8632e39a-nev20684463n1-nev20803445n1" morerows="0" rotate="0" valign="top">
<ptxt id="en-US0900c8af8632e39a-nev20684463n1-nev20803446n1">-</ptxt>
</entry>
<entry align="left" id="en-US0900c8af8632e39a-nev20684463n1-nev20803447n1" morerows="0" rotate="0" valign="top">
<ptxt id="en-US0900c8af8632e39a-nev20684463n1-nev20803448n1">-</ptxt>
</entry>
</row>
<row id="en-US0900c8af8632e39a-nev20684463n1-nev20803449n1">
<entry align="center" id="en-US0900c8af8632e39a-nev20684463n1-nev20803450n1" morerows="0" rotate="0" valign="top">
<ptxt id="en-US0900c8af8632e39a-nev20684463n1-nev20803451n1">#A4</ptxt>
</entry>
<entry align="left" id="en-US0900c8af8632e39a-nev20684463n1-nev20803452n1" morerows="0" rotate="0" valign="top">
<ptxt id="en-US0900c8af8632e39a-nev20684463n1-nev20803453n1">Signal ground 2</ptxt>
</entry>
<entry align="left" id="en-US0900c8af8632e39a-nev20684463n1-nev20803454n1" morerows="0" rotate="0" valign="top">
<ptxt id="en-US0900c8af8632e39a-nev20684463n1-nev20803455n1">U = Ulow</ptxt>
</entry>
<entry align="left" id="en-US0900c8af8632e39a-nev20684463n1-nev20803456n1" morerows="0" rotate="0" valign="top">
<ptxt id="en-US0900c8af8632e39a-nev20684463n1-nev20803457n1">-</ptxt>
</entry>
</row>
<row id="en-US0900c8af8632e39a-nev20684463n1-nev20803458n1">
<entry align="center" id="en-US0900c8af8632e39a-nev20684463n1-nev20803459n1" morerows="0" rotate="0" valign="top">
<ptxt id="en-US0900c8af8632e39a-nev20684463n1-nev20803460n1">#A5</ptxt>
</entry>
<entry align="left" id="en-US0900c8af8632e39a-nev20684463n1-nev20803461n1" morerows="0" rotate="0" valign="top">
<ptxt id="en-US0900c8af8632e39a-nev20684463n1-nev20803462n1">-</ptxt>
</entry>
<entry align="left" id="en-US0900c8af8632e39a-nev20684463n1-nev20803463n1" morerows="0" rotate="0" valign="top">
<ptxt id="en-US0900c8af8632e39a-nev20684463n1-nev20803464n1">-</ptxt>
</entry>
<entry align="left" id="en-US0900c8af8632e39a-nev20684463n1-nev20803465n1" morerows="0" rotate="0" valign="top">
<ptxt id="en-US0900c8af8632e39a-nev20684463n1-nev20803466n1">-</ptxt>
</entry>
</row>
<row id="en-US0900c8af8632e39a-nev20684463n1-nev20803467n1">
<entry align="center" id="en-US0900c8af8632e39a-nev20684463n1-nev20803468n1" morerows="0" rotate="0" valign="top">
<ptxt id="en-US0900c8af8632e39a-nev20684463n1-nev20803469n1">#A6</ptxt>
</entry>
<entry align="left" id="en-US0900c8af8632e39a-nev20684463n1-nev20803470n1" morerows="0" rotate="0" valign="top">
<ptxt id="en-US0900c8af8632e39a-nev20684463n1-nev20803471n1">-</ptxt>
</entry>
<entry align="left" id="en-US0900c8af8632e39a-nev20684463n1-nev20803472n1" morerows="0" rotate="0" valign="top">
<ptxt id="en-US0900c8af8632e39a-nev20684463n1-nev20803473n1">-</ptxt>
</entry>
<entry align="left" id="en-US0900c8af8632e39a-nev20684463n1-nev20803474n1" morerows="0" rotate="0" valign="top">
<ptxt id="en-US0900c8af8632e39a-nev20684463n1-nev20803475n1">-</ptxt>
</entry>
</row>
<row id="en-US0900c8af8632e39a-nev20684463n1-nev20803476n1">
<entry align="center" id="en-US0900c8af8632e39a-nev20684463n1-nev20803477n1" morerows="0" rotate="0" valign="top">
<ptxt id="en-US0900c8af8632e39a-nev20684463n1-nev20803478n1">#A7</ptxt>
</entry>
<entry align="left" id="en-US0900c8af8632e39a-nev20684463n1-nev20803479n1" morerows="0" rotate="0" valign="top">
<ptxt id="en-US0900c8af8632e39a-nev20684463n1-nev20803480n1">Control modules communication cable (CAN L)</ptxt>
</entry>
<entry align="left" id="en-US0900c8af8632e39a-nev20684463n1-nev20803483n1" morerows="0" rotate="0" valign="top">
<ptxt id="en-US0900c8af8632e39a-nev20684463n1-nev20803484n1">U=1.0–2.5 V</ptxt>
</entry>
<entry align="left" id="en-US0900c8af8632e39a-nev20684463n1-nev20803485n1" morerows="0" rotate="0" valign="top">
<ptxt id="en-US0900c8af8632e39a-nev20684463n1-nev20803486n1">-</ptxt>
</entry>
</row>
<row id="en-US0900c8af8632e39a-nev20684463n1-nev20803487n1">
<entry align="center" id="en-US0900c8af8632e39a-nev20684463n1-nev20803488n1" morerows="0" rotate="0" valign="top">
<ptxt id="en-US0900c8af8632e39a-nev20684463n1-nev20803489n1">#A8</ptxt>
</entry>
<entry align="left" id="en-US0900c8af8632e39a-nev20684463n1-nev20803490n1" morerows="0" rotate="0" valign="top">
<ptxt id="en-US0900c8af8632e39a-nev20684463n1-nev20803491n1">Control modules communication cable (CAN H)</ptxt>
</entry>
<entry align="left" id="en-US0900c8af8632e39a-nev20684463n1-nev20803494n1" morerows="0" rotate="0" valign="top">
<ptxt id="en-US0900c8af8632e39a-nev20684463n1-nev20803495n1">U=2.5–4.0 V</ptxt>
</entry>
<entry align="left" id="en-US0900c8af8632e39a-nev20684463n1-nev20803496n1" morerows="0" rotate="0" valign="top">
<ptxt id="en-US0900c8af8632e39a-nev20684463n1-nev20803497n1">-</ptxt>
</entry>
</row>
</tbody>
</tgroup>
</table>
<grate id="en-US0900c8af8632e39a-nev20684463n1-nev20803498n1">
<title id="en-US0900c8af8632e39a-nev20684463n1-nev20803499n1">Connector B</title>
<graphic id="en-US0900c8af8632e39a-nev20684463n1-KC07194530">
<href>0900c8af8005d26d_674_312.jpeg</href>
</graphic>
<graphtext id="en-US0900c8af8632e39a-nev20684463n1-nev20803503n1">
<para id="en-US0900c8af8632e39a-nev20684463n1-nev20803504n1">
<ptxt id="en-US0900c8af8632e39a-nev20684463n1-nev20803505n1">All the values indicated are taken between the terminal in column 1 and terminal #2 (ground).</ptxt>
</para>
</graphtext>
</grate>
<table frame="all" id="en-US0900c8af8632e39a-nev20684463n1-nev20803506n1" pgwide="1">
<tgroup cols="4" colsep="1" id="en-US0900c8af8632e39a-nev20684463n1-nev20803507n1" rowsep="1">
<colspec colwidth="60*" id="en-US0900c8af8632e39a-nev20684463n1-nev20803508n1"/>
<colspec colwidth="193*" id="en-US0900c8af8632e39a-nev20684463n1-nev20803509n1"/>
<colspec colwidth="210*" id="en-US0900c8af8632e39a-nev20684463n1-nev20803510n1"/>
<colspec colwidth="187*" id="en-US0900c8af8632e39a-nev20684463n1-nev20803511n1"/>
<tbody id="en-US0900c8af8632e39a-nev20684463n1-nev20803512n1">
<row id="en-US0900c8af8632e39a-nev20684463n1-nev20803513n1">
<entry align="center" id="en-US0900c8af8632e39a-nev20684463n1-nev20803514n1" morerows="0" rotate="0" valign="top">
<ptxt id="en-US0900c8af8632e39a-nev20684463n1-nev20803515n1">
<emph etype="bold" id="en-US0900c8af8632e39a-nev20684463n1-nev20803516n1">ECU</emph>
</ptxt>
</entry>
<entry align="left" id="en-US0900c8af8632e39a-nev20684463n1-nev20803517n1" morerows="0" rotate="0" valign="top">
<ptxt id="en-US0900c8af8632e39a-nev20684463n1-nev20803518n1">
<emph etype="bold" id="en-US0900c8af8632e39a-nev20684463n1-nev20803519n1">Signal type</emph>
</ptxt>
</entry>
<entry align="left" id="en-US0900c8af8632e39a-nev20684463n1-nev20803520n1" morerows="0" rotate="0" valign="top">
<ptxt id="en-US0900c8af8632e39a-nev20684463n1-nev20803521n1">
<emph etype="bold" id="en-US0900c8af8632e39a-nev20684463n1-nev20803522n1">Ignition on </emph>
</ptxt>
</entry>
<entry align="left" id="en-US0900c8af8632e39a-nev20684463n1-nev20803523n1" morerows="0" rotate="0" valign="top">
<ptxt id="en-US0900c8af8632e39a-nev20684463n1-nev20803524n1">
<emph etype="bold" id="en-US0900c8af8632e39a-nev20684463n1-nev20803525n1">Miscellaneous</emph>
</ptxt>
</entry>
</row>
<row id="en-US0900c8af8632e39a-nev20684463n1-nev20803526n1">
<entry align="center" id="en-US0900c8af8632e39a-nev20684463n1-nev20803527n1" morerows="0" rotate="0" valign="top">
<ptxt id="en-US0900c8af8632e39a-nev20684463n1-nev20803528n1">#B1</ptxt>
</entry>
<entry align="left" id="en-US0900c8af8632e39a-nev20684463n1-nev20803529n1" morerows="0" rotate="0" valign="top">
<ptxt id="en-US0900c8af8632e39a-nev20684463n1-nev20803530n1">Power supply</ptxt>
</entry>
<entry align="left" id="en-US0900c8af8632e39a-nev20684463n1-nev20803531n1" morerows="0" rotate="0" valign="top">
<ptxt id="en-US0900c8af8632e39a-nev20684463n1-nev20803532n1">U = Ubat </ptxt>
</entry>
<entry align="left" id="en-US0900c8af8632e39a-nev20684463n1-nev20803533n1" morerows="0" rotate="0" valign="top">
<ptxt id="en-US0900c8af8632e39a-nev20684463n1-nev20803534n1">-</ptxt>
</entry>
</row>
<row id="en-US0900c8af8632e39a-nev20684463n1-nev20803535n1">
<entry align="center" id="en-US0900c8af8632e39a-nev20684463n1-nev20803536n1" morerows="0" rotate="0" valign="top">
<ptxt id="en-US0900c8af8632e39a-nev20684463n1-nev20803537n1">#B2</ptxt>
</entry>
<entry align="left" id="en-US0900c8af8632e39a-nev20684463n1-nev20803538n1" morerows="0" rotate="0" valign="top">
<ptxt id="en-US0900c8af8632e39a-nev20684463n1-nev20803539n1">Signal ground</ptxt>
</entry>
<entry align="left" id="en-US0900c8af8632e39a-nev20684463n1-nev20803540n1" morerows="0" rotate="0" valign="top">
<ptxt id="en-US0900c8af8632e39a-nev20684463n1-nev20803541n1">U = Ulow</ptxt>
</entry>
<entry align="left" id="en-US0900c8af8632e39a-nev20684463n1-nev20803542n1" morerows="0" rotate="0" valign="top">
<ptxt id="en-US0900c8af8632e39a-nev20684463n1-nev20803543n1">-</ptxt>
</entry>
</row>
</tbody>
</tgroup>
</table>
</procstep>
</procedure>
</servinfosub></servinfo>
              <!--<nevisid documentType="servinfosub" id="0900c8af8632e39a" notFirstLevelInfo="true" title="Signalbeskrivning, styrenhet fyrhjulsdrift (DEM)" vccNumber="VCC-157350-1" yearRange="2005-2010"/>-->
            </ti_title>
            
          </FunctionGroup3>
        </FunctionGroup2>