<?xml version="1.0" encoding="UTF-8"?><FunctionGroup2 Qualifier="General Information" group="83" name="Doors and lids"><serv-cat servcat.name=" Sun Roof/T-Top/Convertible Top"/><serv-cat servcat.name=" Exterior Body Panels"/><serv-cat servcat.name="Door Locks @AnD@ Anti-Theft Systems"/><doc-head>Accessories and Body, Cab</doc-head><doc-subhead>Doors And Lids - General Information</doc-subhead>
          <FunctionGroup3 group="832" name="trunk lid, tailgate with hinge and support">
            <ti_title id="TITitle-12345-187" navTitle="navTitle" shortYearRange="2004-2012" title="ti_title" yearRange="2004-2012">
              <servinfosub IE-ID="en-US0900c8af844d6a11" docno="VCC-370964" id="en-US0900c8af844d6a11-nev13717454n1" original="sv-SE" servinfosubId="nev13717455n1-nev13717454n4" servinfosubRes="0900c8af844d6a13" servinfosubRes2="urn:x-nevis:fragment:0900c8af844d6a11:0900c8af844d6a13#nev13717454n4" xml:lang="en-US" yearRange="2004-2012">
<title id="en-US0900c8af844d6a11-nev13717453n15">Emergency opening tailgate</title>
<procedure id="en-US0900c8af844d6a11-nev13717455n1-nev13717453n24">
<note id="en-US0900c8af844d6a11-nev13717455n1-nev13717453n25">
<ptxt id="en-US0900c8af844d6a11-nev13717455n1-nev13717453n26">As the illustrations in this service information are used for different model years and / or models, some variation may occur. However, the essential information in the illustrations is always correct.</ptxt>
</note>
<stepgrp id="en-US0900c8af844d6a11-nev13717455n1-nev13717453n16">
<title id="en-US0900c8af844d6a11-nev13717455n1-nev13717453n27">Emergency opening</title>
<procstep id="en-US0900c8af844d6a11-nev13717455n1-nev13717453n17">
<title id="en-US0900c8af844d6a11-nev13717455n1-nev13717453n28">Emergency opening of the tailgate</title>
<grate id="en-US0900c8af844d6a11-nev13717455n1-nev13717453n29">
<graphic id="en-US0900c8af844d6a11-nev13717455n1-nev13717453n18">
<href>0900c8af8135ae25_674_505.jpeg</href>
</graphic>
<graphtext id="en-US0900c8af844d6a11-nev13717455n1-nev13717453n30">
<list1 enumtype="d" id="en-US0900c8af844d6a11-nev13717455n1-nev13717453n31" type="unordered">
<title id="en-US0900c8af844d6a11-nev13717455n1-nev13717453n32">Remove:</title>
<item id="en-US0900c8af844d6a11-nev13717455n1-nev13717453n33">
<ptxt id="en-US0900c8af844d6a11-nev13717455n1-nev13717453n34">the inner handle</ptxt>
</item>
<item id="en-US0900c8af844d6a11-nev13717455n1-nev13717453n35">
<ptxt id="en-US0900c8af844d6a11-nev13717455n1-nev13717453n36">the tailgate panel. See: <xref id="en-US0900c8af844d6a11-nev13717455n1-nev13717453n37">
<ref id="en-US0900c8af844d7e5b-nev13718067n1(200420052006200720082009201020112012)"/>
</xref>
</ptxt>
</item>
</list1>
</graphtext>
</grate>
<grate id="en-US0900c8af844d6a11-nev13717455n1-nev13717453n38">
<graphic id="en-US0900c8af844d6a11-nev13717455n1-nev13717453n20">
<href>0900c8af8135ae27_674_505.jpeg</href>
</graphic>
<graphtext id="en-US0900c8af844d6a11-nev13717455n1-nev13717453n39">
<list1 enumtype="d" id="en-US0900c8af844d6a11-nev13717455n1-nev13717453n40" type="unordered">
<item id="en-US0900c8af844d6a11-nev13717455n1-nev13717453n41">
<ptxt id="en-US0900c8af844d6a11-nev13717455n1-nev13717453n42">the 3 screws. Remove the lock mechanism.</ptxt>
</item>
</list1>
<para id="en-US0900c8af844d6a11-nev13717455n1-nev13717453n43">
<ptxt id="en-US0900c8af844d6a11-nev13717455n1-nev13717453n44">Push up the tailgate.</ptxt>
</para>
</graphtext>
</grate>
</procstep>
</stepgrp>
<stepgrp id="en-US0900c8af844d6a11-nev13717455n1-nev13717453n21">
<title id="en-US0900c8af844d6a11-nev13717455n1-nev13717453n45">Finishing</title>
<procstep id="en-US0900c8af844d6a11-nev13717455n1-nev13717453n22">
<title id="en-US0900c8af844d6a11-nev13717455n1-nev13717453n46">Installing lock mechanism</title>
<para id="en-US0900c8af844d6a11-nev13717455n1-nev13717453n47">
<ptxt id="en-US0900c8af844d6a11-nev13717455n1-nev13717453n48">Install the lock mechanism. See: <xref id="en-US0900c8af844d6a11-nev13717455n1-nev13717453n49">
<ref id="en-US0900c8af844d6eb8-nev13717598n1(200420052006200720082009201020112012)"/>
</xref>. </ptxt>
</para>
</procstep>
</stepgrp>
</procedure>
<servinfosub IE-ID="en-US0900c8af844d7e5b" docno="VCC-371115" id="en-US0900c8af844d7e5b-nev13718067n1" original="sv-SE" servinfosubId="nev13718068n1-nev13718067n4" servinfosubRes="0900c8af844d7e5d" servinfosubRes2="urn:x-nevis:fragment:0900c8af844d7e5b:0900c8af844d7e5d#nev13718067n4" xml:lang="en-US">
<title id="en-US0900c8af844d7e5b-nev13718066n38">Tailgate/trunk lid panel</title>
<procedure id="en-US0900c8af844d7e5b-nev13718068n1-nev13718066n49">
<note id="en-US0900c8af844d7e5b-nev13718068n1-nev13718066n50">
<ptxt id="en-US0900c8af844d7e5b-nev13718068n1-nev13718066n51">The illustrations in this service information are used for different model years and/or models. Some variation may occur. However, the essential information in the illustrations is always correct.</ptxt>
</note>
<stepgrp id="en-US0900c8af844d7e5b-nev13718068n1-nev13718066n39">
<title id="en-US0900c8af844d7e5b-nev13718068n1-nev13718066n52">Removal</title>
<procstep id="en-US0900c8af844d7e5b-nev13718068n1-nev13718066n40">
<title id="en-US0900c8af844d7e5b-nev13718068n1-nev13718066n53">Removing the tailgate panel</title>
<grate id="en-US0900c8af844d7e5b-nev13718068n1-nev13718066n54">
<graphic id="en-US0900c8af844d7e5b-nev13718068n1-nev13718066n41">
<href>0900c8af813599ce_674_506.jpeg</href>
</graphic>
<graphtext id="en-US0900c8af844d7e5b-nev13718068n1-nev13718066n55">
<para id="en-US0900c8af844d7e5b-nev13718068n1-nev13718066n56">
<ptxt id="en-US0900c8af844d7e5b-nev13718068n1-nev13718066n57">Open the tailgate.</ptxt>
</para>
<para id="en-US0900c8af844d7e5b-nev13718068n1-nev13718066n58">
<ptxt id="en-US0900c8af844d7e5b-nev13718068n1-nev13718066n59">Remove the closing handle panel.</ptxt>
</para>
<hint id="en-US0900c8af844d7e5b-nev13718068n1-nev13718066n60">
<ptxt id="en-US0900c8af844d7e5b-nev13718068n1-nev13718066n61">Use a weatherstrip tool.</ptxt>
</hint>
</graphtext>
</grate>
<grate id="en-US0900c8af844d7e5b-nev13718068n1-nev13718066n62">
<graphic id="en-US0900c8af844d7e5b-nev13718068n1-nev13718066n42">
<href>0900c8af813599cf_674_505.jpeg</href>
</graphic>
<graphtext id="en-US0900c8af844d7e5b-nev13718068n1-nev13718066n63">
<para id="en-US0900c8af844d7e5b-nev13718068n1-nev13718066n64">
<ptxt id="en-US0900c8af844d7e5b-nev13718068n1-nev13718066n65">Remove the tailgate panel. It is secured with 6 clips.</ptxt>
</para>
<hint id="en-US0900c8af844d7e5b-nev13718068n1-nev13718066n66">
<ptxt id="en-US0900c8af844d7e5b-nev13718068n1-nev13718066n67">Begin by pulling the closing handle down.</ptxt>
</hint>
</graphtext>
</grate>
<grate id="en-US0900c8af844d7e5b-nev13718068n1-nev13718066n68">
<graphic id="en-US0900c8af844d7e5b-nev13718068n1-nev13718066n43">
<href>0900c8af813599cb_674_505.jpeg</href>
</graphic>
<graphtext id="en-US0900c8af844d7e5b-nev13718068n1-nev13718066n69">
<para id="en-US0900c8af844d7e5b-nev13718068n1-nev13718066n70">
<ptxt id="en-US0900c8af844d7e5b-nev13718068n1-nev13718066n71">Detach the panels at the edges. They are secured with clips, 1 per side. </ptxt>
</para>
<caution id="en-US0900c8af844d7e5b-nev13718068n1-nev13718066n72">
<ptxt id="en-US0900c8af844d7e5b-nev13718068n1-nev13718066n73">The panels on the sides are connected to the center panel. </ptxt>
</caution>
</graphtext>
</grate>
<grate id="en-US0900c8af844d7e5b-nev13718068n1-nev13718066n74">
<graphic id="en-US0900c8af844d7e5b-nev13718068n1-nev13718066n44">
<href>0900c8af813599cc_674_505.jpeg</href>
</graphic>
<graphtext id="en-US0900c8af844d7e5b-nev13718068n1-nev13718066n75">
<para id="en-US0900c8af844d7e5b-nev13718068n1-nev13718066n76">
<ptxt id="en-US0900c8af844d7e5b-nev13718068n1-nev13718066n77">Remove the center panel and the panels at the edges. They are secured with 4 clips.</ptxt>
</para>
</graphtext>
</grate>
</procstep>
</stepgrp>
<stepgrp id="en-US0900c8af844d7e5b-nev13718068n1-nev13718066n45">
<title id="en-US0900c8af844d7e5b-nev13718068n1-nev13718066n78">Installation</title>
<procstep id="en-US0900c8af844d7e5b-nev13718068n1-nev13718066n46">
<title id="en-US0900c8af844d7e5b-nev13718068n1-nev13718066n79">Installing the tailgate panel</title>
<grate id="en-US0900c8af844d7e5b-nev13718068n1-nev13718066n80">
<graphic id="en-US0900c8af844d7e5b-nev13718068n1-nev13718066n47">
<href>0900c8af813599cd_674_505.jpeg</href>
</graphic>
<graphtext id="en-US0900c8af844d7e5b-nev13718068n1-nev13718066n81">
<para id="en-US0900c8af844d7e5b-nev13718068n1-nev13718066n82">
<ptxt id="en-US0900c8af844d7e5b-nev13718068n1-nev13718066n83">Ensure that the 3 panels are connected.</ptxt>
</para>
<list1 enumtype="d" id="en-US0900c8af844d7e5b-nev13718068n1-nev13718066n84" type="unordered">
<title id="en-US0900c8af844d7e5b-nev13718068n1-nev13718066n85">Install:</title>
<item id="en-US0900c8af844d7e5b-nev13718068n1-nev13718066n86">
<ptxt id="en-US0900c8af844d7e5b-nev13718068n1-nev13718066n87">the center panel using the 4 clips</ptxt>
</item>
<item id="en-US0900c8af844d7e5b-nev13718068n1-nev13718066n88">
<ptxt id="en-US0900c8af844d7e5b-nev13718068n1-nev13718066n89">the panels at the sides using the clips, 1 per side.</ptxt>
</item>
</list1>
</graphtext>
</grate>
<grate id="en-US0900c8af844d7e5b-nev13718068n1-nev13718066n90">
<graphic id="en-US0900c8af844d7e5b-nev13718068n1-nev13718066n48">
<href>0900c8af813599d0_674_505.jpeg</href>
</graphic>
<graphtext id="en-US0900c8af844d7e5b-nev13718068n1-nev13718066n91">
<list1 enumtype="d" id="en-US0900c8af844d7e5b-nev13718068n1-nev13718066n92" type="unordered">
<item id="en-US0900c8af844d7e5b-nev13718068n1-nev13718066n93">
<ptxt id="en-US0900c8af844d7e5b-nev13718068n1-nev13718066n94">the tailgate panel using the 6 clips</ptxt>
</item>
<item id="en-US0900c8af844d7e5b-nev13718068n1-nev13718066n95">
<ptxt id="en-US0900c8af844d7e5b-nev13718068n1-nev13718066n96">the closing handle using the 2 clips.</ptxt>
</item>
</list1>
<para id="en-US0900c8af844d7e5b-nev13718068n1-nev13718066n97">
<ptxt id="en-US0900c8af844d7e5b-nev13718068n1-nev13718066n98">Ensure that the clips are correctly located in relation to the tailgate.</ptxt>
</para>
<para id="en-US0900c8af844d7e5b-nev13718068n1-nev13718066n99">
<ptxt id="en-US0900c8af844d7e5b-nev13718068n1-nev13718066n100">Install the closing handle panel.</ptxt>
<ptxt id="en-US0900c8af844d7e5b-nev13718068n1-nev13718069n1">Close the tailgate.</ptxt>
</para>
</graphtext>
</grate>
</procstep>
</stepgrp>
</procedure>
</servinfosub><servinfosub IE-ID="en-US0900c8af844d6eb8" docno="VCC-370988" id="en-US0900c8af844d6eb8-nev13717598n1" original="sv-SE" servinfosubId="nev13717599n1-nev13717598n4" servinfosubRes="0900c8af844d6eba" servinfosubRes2="urn:x-nevis:fragment:0900c8af844d6eb8:0900c8af844d6eba#nev13717598n4" xml:lang="en-US">
<title id="en-US0900c8af844d6eb8-nev13717595n73">Trunk lid/tailgate lock mechanism</title>
<procedure id="en-US0900c8af844d6eb8-nev13717599n1-nev13717595n82">
<note id="en-US0900c8af844d6eb8-nev13717599n1-nev13717595n83">
<ptxt id="en-US0900c8af844d6eb8-nev13717599n1-nev13717595n84">The illustrations in this service information are used for different model years and/or models. Some variation may occur. However, the essential information in the illustrations is always correct.</ptxt>
</note>
<stepgrp id="en-US0900c8af844d6eb8-nev13717599n1-nev13717595n74">
<title id="en-US0900c8af844d6eb8-nev13717599n1-nev13717595n85">Removal</title>
<procstep id="en-US0900c8af844d6eb8-nev13717599n1-nev13717595n75">
<title id="en-US0900c8af844d6eb8-nev13717599n1-nev13717595n86">Removing the lock mechanism</title>
<para id="en-US0900c8af844d6eb8-nev13717599n1-nev13717595n87">
<ptxt id="en-US0900c8af844d6eb8-nev13717599n1-nev13717595n88">Open the tailgate.</ptxt>
</para>
<grate id="en-US0900c8af844d6eb8-nev13717599n1-nev13717595n89">
<graphic id="en-US0900c8af844d6eb8-nev13717599n1-nev13717595n76">
<href>0900c8af8135aab0_674_505.jpeg</href>
</graphic>
<graphtext id="en-US0900c8af844d6eb8-nev13717599n1-nev13717595n90">
<list1 enumtype="d" id="en-US0900c8af844d6eb8-nev13717599n1-nev13717595n91" type="unordered">
<title id="en-US0900c8af844d6eb8-nev13717599n1-nev13717595n92">Remove:</title>
<item id="en-US0900c8af844d6eb8-nev13717599n1-nev13717595n93">
<ptxt id="en-US0900c8af844d6eb8-nev13717599n1-nev13717595n94">the tailgate panel. See: <xref id="en-US0900c8af844d6eb8-nev13717599n1-nev13717595n95">
<ref id="en-US0900c8af844d7e5b-nev13718067n1(200420052006200720082009201020112012)"/>
</xref>
</ptxt>
</item>
<item id="en-US0900c8af844d6eb8-nev13717599n1-nev13717595n96">
<ptxt id="en-US0900c8af844d6eb8-nev13717599n1-nev13717595n97">the connector for the lock mechanism.</ptxt>
</item>
</list1>
<hint id="en-US0900c8af844d6eb8-nev13717599n1-nev13717595n98">
<ptxt id="en-US0900c8af844d6eb8-nev13717599n1-nev13717595n99">Press the connector using a screwdriver to disconnect it.</ptxt>
</hint>
<para id="en-US0900c8af844d6eb8-nev13717599n1-nev13717595n100">
<ptxt id="en-US0900c8af844d6eb8-nev13717599n1-nev13717600n1">Remove the 3 screws.</ptxt>
</para>
</graphtext>
</grate>
</procstep>
</stepgrp>
<stepgrp id="en-US0900c8af844d6eb8-nev13717599n1-nev13717595n78">
<title id="en-US0900c8af844d6eb8-nev13717599n1-nev13717600n2">Installation</title>
<note id="en-US0900c8af844d6eb8-nev13717599n1-nev13717600n3">
<ptxt id="en-US0900c8af844d6eb8-nev13717599n1-nev13717600n4">For tightening torques, see: <xref id="en-US0900c8af844d6eb8-nev13717599n1-nev13717600n5">
<ref id="en-US0900c8af84f45f03-nev13716570n1(2004200520062007200820092010),en-US0900c8af84f45f03-nev13716570n1(2011)"/>
</xref>. </ptxt>
</note>
<procstep id="en-US0900c8af844d6eb8-nev13717599n1-nev13717595n80">
<title id="en-US0900c8af844d6eb8-nev13717599n1-nev13717600n6">Installing lock mechanism</title>
<list1 enumtype="d" id="en-US0900c8af844d6eb8-nev13717599n1-nev13717600n7" type="unordered">
<title id="en-US0900c8af844d6eb8-nev13717599n1-nev13717600n8">Install:</title>
<item id="en-US0900c8af844d6eb8-nev13717599n1-nev13717600n9">
<ptxt id="en-US0900c8af844d6eb8-nev13717599n1-nev13717600n10">the lock mechanism</ptxt>
</item>
<item id="en-US0900c8af844d6eb8-nev13717599n1-nev13717600n11">
<ptxt id="en-US0900c8af844d6eb8-nev13717599n1-nev13717600n12">the 3 M8 screws. Tighten</ptxt>
</item>
<item id="en-US0900c8af844d6eb8-nev13717599n1-nev13717600n13">
<ptxt id="en-US0900c8af844d6eb8-nev13717599n1-nev13717600n14">the connector</ptxt>
</item>
<item id="en-US0900c8af844d6eb8-nev13717599n1-nev13717600n15">
<ptxt id="en-US0900c8af844d6eb8-nev13717599n1-nev13717600n16">the tailgate's panel, see: <xref id="en-US0900c8af844d6eb8-nev13717599n1-nev13717600n17">
<ref id="en-US0900c8af844d7e5b-nev13718067n1(200420052006200720082009201020112012)"/>
</xref>.</ptxt>
</item>
</list1>
</procstep>
</stepgrp>
</procedure>
</servinfosub></servinfosub>
            </ti_title>
          </FunctionGroup3>
          <FunctionGroup3 group="836" name="roof hatch">
            <ti_title id="TITitle-12345-188" navTitle="navTitle" shortYearRange="2004-2012" title="ti_title" yearRange="2004-2012">
              <servinfosub IE-ID="en-US0900c8af844d72c8" docno="VCC-371014" id="en-US0900c8af844d72c8-nev13717727n1" original="sv-SE" servinfosubId="nev13717728n1-nev13717727n4" servinfosubRes="0900c8af844d72ce" servinfosubRes2="urn:x-nevis:fragment:0900c8af844d72c8:0900c8af844d72ce#nev13717727n4" xml:lang="en-US" yearRange="2004">
<title id="en-US0900c8af844d72c8-nev13717726n30">Emergency opening sun roof (2004)</title>
<procedure id="en-US0900c8af844d72c8-nev13717728n1-nev13717726n39">
<note id="en-US0900c8af844d72c8-nev13717728n1-nev13717726n40">
<ptxt id="en-US0900c8af844d72c8-nev13717728n1-nev13717726n41">The illustrations in this service information are used for different model years and/or models. Some variation may occur. However, the essential information in the illustrations is always correct.</ptxt>
</note>
<stepgrp id="en-US0900c8af844d72c8-nev13717728n1-nev13717726n31">
<title id="en-US0900c8af844d72c8-nev13717728n1-nev13717726n42">Emergency opening</title>
<procstep id="en-US0900c8af844d72c8-nev13717728n1-nev13717726n32">
<title id="en-US0900c8af844d72c8-nev13717728n1-nev13717726n43">Emergency opening of the sun roof</title>
<grate id="en-US0900c8af844d72c8-nev13717728n1-nev13717726n44">
<graphic id="en-US0900c8af844d72c8-nev13717728n1-nev13717726n33">
<href>0900c8af8135ae60_674_505.jpeg</href>
</graphic>
<graphtext id="en-US0900c8af844d72c8-nev13717728n1-nev13717726n45">
<para id="en-US0900c8af844d72c8-nev13717728n1-nev13717726n46">
<ptxt id="en-US0900c8af844d72c8-nev13717728n1-nev13717726n47">Remove the front interior lighting. See: <xref id="en-US0900c8af844d72c8-nev13717728n1-nev13717726n48">
<ref id="en-US0900c8af844cc9b8-nev13713573n1(200720082009201020112012),en-US0900c8af844cc978-nev13713573n1(2004),en-US0900c8af844cc96e-nev13713573n1(20052006)"/>
</xref>. </ptxt>
</para>
<para id="en-US0900c8af844d72c8-nev13717728n1-nev13717726n49">
<ptxt id="en-US0900c8af844d72c8-nev13717728n1-nev13717726n50">Using a hex socket, turn the screw clockwise to open the sun roof.</ptxt>
</para>
</graphtext>
</grate>
</procstep>
</stepgrp>
<stepgrp id="en-US0900c8af844d72c8-nev13717728n1-nev13717726n35">
<title id="en-US0900c8af844d72c8-nev13717728n1-nev13717726n51">Finishing</title>
<procstep id="en-US0900c8af844d72c8-nev13717728n1-nev13717726n36">
<title id="en-US0900c8af844d72c8-nev13717728n1-nev13717726n52">Closing the sun roof</title>
<grate id="en-US0900c8af844d72c8-nev13717728n1-nev13717726n53">
<graphic id="en-US0900c8af844d72c8-nev13717728n1-nev13717726n37">
<href>0900c8af8135ae60_674_505.jpeg</href>
</graphic>
<graphtext id="en-US0900c8af844d72c8-nev13717728n1-nev13717726n54">
<para id="en-US0900c8af844d72c8-nev13717728n1-nev13717726n55">
<ptxt id="en-US0900c8af844d72c8-nev13717728n1-nev13717726n56">Using a hex socket, turn the screw counter-clockwise to close the sun roof.</ptxt>
</para>
<para id="en-US0900c8af844d72c8-nev13717728n1-nev13717726n57">
<ptxt id="en-US0900c8af844d72c8-nev13717728n1-nev13717726n58">Install the front interior lighting. See: <xref id="en-US0900c8af844d72c8-nev13717728n1-nev13717726n59">
<ref id="en-US0900c8af844cc9b8-nev13713573n1(200720082009201020112012),en-US0900c8af844cc978-nev13713573n1(2004),en-US0900c8af844cc96e-nev13713573n1(20052006)"/>
</xref>. </ptxt>
</para>
</graphtext>
</grate>
</procstep>
</stepgrp>
</procedure>
<servinfosub IE-ID="en-US0900c8af844cc9b8" docno="VCC-370425" id="en-US0900c8af844cc9b8-nev13713573n1" original="sv-SE" servinfosubId="nev13713574n1-nev13713584n1" servinfosubRes="0900c8af844cc9c1" servinfosubRes2="urn:x-nevis:fragment:0900c8af844cc9b8:0900c8af844cc9c1#nev13713584n1" xml:lang="en-US">
<operationnumbers>
<operationnumber>35402-2</operationnumber>
</operationnumbers>
<title id="en-US0900c8af844cc9b8-nev13713566n94">Lighting, internal front</title>
<imagedisclaimer id="en-US0900c8af844cc9b8-nev13713574n1-nev13713583n11"/>
<procedure id="en-US0900c8af844cc9b8-nev13713574n1-nev13713583n12">
<stepgrp boilerplate="true" context="removal" id="en-US0900c8af844cc9b8-nev13713574n1-nev13713583n13">
<procstep id="en-US0900c8af844cc9b8-nev13713574n1-nev13713583n14">
<title id="en-US0900c8af844cc9b8-nev13713574n1-nev13713583n15"/>
<grate id="en-US0900c8af844cc9b8-nev13713574n1-nev13713583n16">
<graphic id="en-US0900c8af844cc9b8-nev13713574n1-nev13713583n17">
<href>0900c8af8321e052_950_600.jpeg</href>
</graphic>
</grate>
</procstep>
<procstep id="en-US0900c8af844cc9b8-nev13713574n1-nev13713583n18">
<title id="en-US0900c8af844cc9b8-nev13713574n1-nev13713583n19"/>
<grate id="en-US0900c8af844cc9b8-nev13713574n1-nev13713583n20">
<graphic id="en-US0900c8af844cc9b8-nev13713574n1-nev13713583n21">
<href>0900c8af82d507ec_950_600.jpeg</href>
</graphic>
<graphtext id="en-US0900c8af844cc9b8-nev13713574n1-nev13713583n22">
<note id="en-US0900c8af844cc9b8-nev13713574n1-nev13713583n23">
<ptxt id="en-US0900c8af844cc9b8-nev13713574n1-nev13713583n24">Make sure that the component terminals are not bent or damaged.</ptxt>
</note>
</graphtext>
</grate>
</procstep>
</stepgrp>
<stepgrp boilerplate="true" context="installation" id="en-US0900c8af844cc9b8-nev13713574n1-nev13713583n25">
<procstep id="en-US0900c8af844cc9b8-nev13713574n1-nev13713583n26">
<title id="en-US0900c8af844cc9b8-nev13713574n1-nev13713583n27"/>
<para id="en-US0900c8af844cc9b8-nev13713574n1-nev13713583n35">
<ptxt id="en-US0900c8af844cc9b8-nev13713574n1-nev13713583n36">To install, reverse the removal procedure</ptxt>
</para>
</procstep>
</stepgrp>
</procedure>
</servinfosub><servinfosub IE-ID="en-US0900c8af844cc978" docno="VCC-370425" id="en-US0900c8af844cc978-nev13713573n1" original="sv-SE" servinfosubId="nev13713574n1-nev13713576n1" servinfosubRes="0900c8af844cc97a" servinfosubRes2="urn:x-nevis:fragment:0900c8af844cc978:0900c8af844cc97a#nev13713576n1" xml:lang="en-US">
<title id="en-US0900c8af844cc978-nev13713566n94">Lighting, internal front</title>
<procedure id="en-US0900c8af844cc978-nev13713574n1-nev13713575n68">
<note id="en-US0900c8af844cc978-nev13713574n1-nev13713575n69">
<ptxt id="en-US0900c8af844cc978-nev13713574n1-nev13713575n70">As the illustrations in this service information are used for different model years and/or models, some variation may occur. However, the essential information in the illustrations is always correct.</ptxt>
</note>
<stepgrp id="en-US0900c8af844cc978-nev13713574n1-nev13713575n56">
<title id="en-US0900c8af844cc978-nev13713574n1-nev13713575n71">Preparatory work</title>
<procstep id="en-US0900c8af844cc978-nev13713574n1-nev13713575n57">
<title id="en-US0900c8af844cc978-nev13713574n1-nev13713575n72">Ignition off</title>
<grate id="en-US0900c8af844cc978-nev13713574n1-nev13713575n73">
<graphic id="en-US0900c8af844cc978-nev13713574n1-nev13713575n58">
<href>0900c8af80057a75_2500_1876.jpeg</href>
</graphic>
<graphtext id="en-US0900c8af844cc978-nev13713574n1-nev13713575n74">
<para id="en-US0900c8af844cc978-nev13713574n1-nev13713575n75">
<ptxt id="en-US0900c8af844cc978-nev13713574n1-nev13713575n76">Ignition off</ptxt>
</para>
</graphtext>
</grate>
</procstep>
</stepgrp>
<stepgrp id="en-US0900c8af844cc978-nev13713574n1-nev13713575n59">
<title id="en-US0900c8af844cc978-nev13713574n1-nev13713575n77">Removal</title>
<procstep id="en-US0900c8af844cc978-nev13713574n1-nev13713575n60">
<title id="en-US0900c8af844cc978-nev13713574n1-nev13713575n78">Removing cover</title>
<grate id="en-US0900c8af844cc978-nev13713574n1-nev13713575n79">
<graphic id="en-US0900c8af844cc978-nev13713574n1-nev13713575n61">
<href>0900c8af81ada84f_674_505.jpeg</href>
</graphic>
<graphtext id="en-US0900c8af844cc978-nev13713574n1-nev13713575n80">
<para id="en-US0900c8af844cc978-nev13713574n1-nev13713575n81">
<ptxt id="en-US0900c8af844cc978-nev13713574n1-nev13713575n82">Remove the cover, use a bone knife.</ptxt>
</para>
</graphtext>
</grate>
</procstep>
<procstep id="en-US0900c8af844cc978-nev13713574n1-nev13713575n62">
<title id="en-US0900c8af844cc978-nev13713574n1-nev13713575n83">Removing the interior lighting</title>
<grate id="en-US0900c8af844cc978-nev13713574n1-nev13713575n84">
<graphic id="en-US0900c8af844cc978-nev13713574n1-nev13713575n63">
<href>0900c8af81ada848_674_506.jpeg</href>
</graphic>
<graphtext id="en-US0900c8af844cc978-nev13713574n1-nev13713575n85">
<list1 enumtype="d" id="en-US0900c8af844cc978-nev13713574n1-nev13713575n86" type="unordered">
<title id="en-US0900c8af844cc978-nev13713574n1-nev13713575n87">Remove:</title>
<item id="en-US0900c8af844cc978-nev13713574n1-nev13713575n88">
<ptxt id="en-US0900c8af844cc978-nev13713574n1-nev13713575n89">1 screw</ptxt>
</item>
<item id="en-US0900c8af844cc978-nev13713574n1-nev13713575n90">
<ptxt id="en-US0900c8af844cc978-nev13713574n1-nev13713575n91">interior lighting, pull down</ptxt>
</item>
<item id="en-US0900c8af844cc978-nev13713574n1-nev13713575n92">
<ptxt id="en-US0900c8af844cc978-nev13713574n1-nev13713575n93">microphone (vehicle with telephone)</ptxt>
</item>
<item id="en-US0900c8af844cc978-nev13713574n1-nev13713575n94">
<ptxt id="en-US0900c8af844cc978-nev13713574n1-nev13713575n95">the connectors.</ptxt>
</item>
</list1>
</graphtext>
</grate>
</procstep>
</stepgrp>
<stepgrp id="en-US0900c8af844cc978-nev13713574n1-nev13713575n64">
<title id="en-US0900c8af844cc978-nev13713574n1-nev13713575n96">Installation</title>
<procstep id="en-US0900c8af844cc978-nev13713574n1-nev13713575n65">
<title id="en-US0900c8af844cc978-nev13713574n1-nev13713575n97">Installing the interior lighting</title>
<grate id="en-US0900c8af844cc978-nev13713574n1-nev13713575n98">
<graphic id="en-US0900c8af844cc978-nev13713574n1-nev13713575n66">
<href>0900c8af80126bb5_674_253.jpeg</href>
</graphic>
<graphtext id="en-US0900c8af844cc978-nev13713574n1-nev13713575n99">
<list1 enumtype="d" id="en-US0900c8af844cc978-nev13713574n1-nev13713575n100" type="unordered">
<title id="en-US0900c8af844cc978-nev13713574n1-nev13713578n1">Install:</title>
<item id="en-US0900c8af844cc978-nev13713574n1-nev13713578n2">
<ptxt id="en-US0900c8af844cc978-nev13713574n1-nev13713578n3">the connectors</ptxt>
</item>
<item id="en-US0900c8af844cc978-nev13713574n1-nev13713578n4">
<ptxt id="en-US0900c8af844cc978-nev13713574n1-nev13713578n5">microphone (vehicle with telephone)</ptxt>
</item>
</list1>
<note id="en-US0900c8af844cc978-nev13713574n1-nev13713578n6">
<ptxt id="en-US0900c8af844cc978-nev13713574n1-nev13713578n7">The arrow on the microphone must point towards the driver's seat.</ptxt>
</note>
<list1 enumtype="d" id="en-US0900c8af844cc978-nev13713574n1-nev13713578n8" type="unordered">
<item id="en-US0900c8af844cc978-nev13713574n1-nev13713578n9">
<ptxt id="en-US0900c8af844cc978-nev13713574n1-nev13713578n10">the interior lighting</ptxt>
</item>
<item id="en-US0900c8af844cc978-nev13713574n1-nev13713578n11">
<ptxt id="en-US0900c8af844cc978-nev13713574n1-nev13713578n12">the screw.</ptxt>
</item>
</list1>
</graphtext>
</grate>
</procstep>
<procstep id="en-US0900c8af844cc978-nev13713574n1-nev13713575n67">
<title id="en-US0900c8af844cc978-nev13713574n1-nev13713578n13">Installing cover</title>
<para id="en-US0900c8af844cc978-nev13713574n1-nev13713578n14">
<ptxt id="en-US0900c8af844cc978-nev13713574n1-nev13713578n15">Fit the cover.</ptxt>
</para>
</procstep>
</stepgrp>
</procedure>
</servinfosub><servinfosub IE-ID="en-US0900c8af844cc96e" docno="VCC-370425" id="en-US0900c8af844cc96e-nev13713573n1" original="sv-SE" servinfosubId="nev13713574n1-nev13713573n4" servinfosubRes="0900c8af844cc970" servinfosubRes2="urn:x-nevis:fragment:0900c8af844cc96e:0900c8af844cc970#nev13713573n4" xml:lang="en-US">
<title id="en-US0900c8af844cc96e-nev13713566n94">Lighting, internal front</title>
<procedure id="en-US0900c8af844cc96e-nev13713574n1-nev13713575n7">
<note id="en-US0900c8af844cc96e-nev13713574n1-nev13713575n8">
<ptxt id="en-US0900c8af844cc96e-nev13713574n1-nev13713575n9">As the illustrations in this service information are used for different model years and/or models, some variation may occur. However, the essential information in the illustrations is always correct.</ptxt>
</note>
<stepgrp id="en-US0900c8af844cc96e-nev13713574n1-nev13713566n95">
<title id="en-US0900c8af844cc96e-nev13713574n1-nev13713575n10">Preparatory work</title>
<procstep id="en-US0900c8af844cc96e-nev13713574n1-nev13713566n96">
<title id="en-US0900c8af844cc96e-nev13713574n1-nev13713575n11">Ignition off</title>
<grate id="en-US0900c8af844cc96e-nev13713574n1-nev13713575n12">
<graphic id="en-US0900c8af844cc96e-nev13713574n1-nev13713566n97">
<href>0900c8af80057a75_2500_1876.jpeg</href>
</graphic>
<graphtext id="en-US0900c8af844cc96e-nev13713574n1-nev13713575n13">
<para id="en-US0900c8af844cc96e-nev13713574n1-nev13713575n14">
<ptxt id="en-US0900c8af844cc96e-nev13713574n1-nev13713575n15">Ignition off</ptxt>
</para>
</graphtext>
</grate>
</procstep>
</stepgrp>
<stepgrp id="en-US0900c8af844cc96e-nev13713574n1-nev13713566n98">
<title id="en-US0900c8af844cc96e-nev13713574n1-nev13713575n16">Removal</title>
<procstep id="en-US0900c8af844cc96e-nev13713574n1-nev13713566n99">
<title id="en-US0900c8af844cc96e-nev13713574n1-nev13713575n17">Removing cover</title>
<grate id="en-US0900c8af844cc96e-nev13713574n1-nev13713575n18">
<graphic id="en-US0900c8af844cc96e-nev13713574n1-nev13713566n100">
<href>0900c8af81ada845_674_505.jpeg</href>
</graphic>
<graphtext id="en-US0900c8af844cc96e-nev13713574n1-nev13713575n19">
<para id="en-US0900c8af844cc96e-nev13713574n1-nev13713575n20">
<ptxt id="en-US0900c8af844cc96e-nev13713574n1-nev13713575n21">Remove the cover/storage compartment, use a bone knife. </ptxt>
</para>
</graphtext>
</grate>
</procstep>
<procstep id="en-US0900c8af844cc96e-nev13713574n1-nev13713575n1">
<title id="en-US0900c8af844cc96e-nev13713574n1-nev13713575n22">Removing the interior lighting</title>
<grate id="en-US0900c8af844cc96e-nev13713574n1-nev13713575n23">
<graphic id="en-US0900c8af844cc96e-nev13713574n1-nev13713575n2">
<href>0900c8af81ada848_674_506.jpeg</href>
</graphic>
<graphtext id="en-US0900c8af844cc96e-nev13713574n1-nev13713575n24">
<list1 enumtype="d" id="en-US0900c8af844cc96e-nev13713574n1-nev13713575n25" type="unordered">
<title id="en-US0900c8af844cc96e-nev13713574n1-nev13713575n26">Remove:</title>
<item id="en-US0900c8af844cc96e-nev13713574n1-nev13713575n27">
<ptxt id="en-US0900c8af844cc96e-nev13713574n1-nev13713575n28">1 screw</ptxt>
</item>
<item id="en-US0900c8af844cc96e-nev13713574n1-nev13713575n29">
<ptxt id="en-US0900c8af844cc96e-nev13713574n1-nev13713575n30">interior lighting, pull down</ptxt>
</item>
<item id="en-US0900c8af844cc96e-nev13713574n1-nev13713575n31">
<ptxt id="en-US0900c8af844cc96e-nev13713574n1-nev13713575n32">microphone (vehicle with telephone)</ptxt>
</item>
<item id="en-US0900c8af844cc96e-nev13713574n1-nev13713575n33">
<ptxt id="en-US0900c8af844cc96e-nev13713574n1-nev13713575n34">the connectors.</ptxt>
</item>
</list1>
</graphtext>
</grate>
</procstep>
</stepgrp>
<stepgrp id="en-US0900c8af844cc96e-nev13713574n1-nev13713575n3">
<title id="en-US0900c8af844cc96e-nev13713574n1-nev13713575n35">Installation</title>
<procstep id="en-US0900c8af844cc96e-nev13713574n1-nev13713575n4">
<title id="en-US0900c8af844cc96e-nev13713574n1-nev13713575n36">Installing the interior lighting</title>
<grate id="en-US0900c8af844cc96e-nev13713574n1-nev13713575n37">
<graphic id="en-US0900c8af844cc96e-nev13713574n1-nev13713575n5">
<href>0900c8af80126bb5_674_253.jpeg</href>
</graphic>
<graphtext id="en-US0900c8af844cc96e-nev13713574n1-nev13713575n38">
<list1 enumtype="d" id="en-US0900c8af844cc96e-nev13713574n1-nev13713575n39" type="unordered">
<title id="en-US0900c8af844cc96e-nev13713574n1-nev13713575n40">Install:</title>
<item id="en-US0900c8af844cc96e-nev13713574n1-nev13713575n41">
<ptxt id="en-US0900c8af844cc96e-nev13713574n1-nev13713575n42">the connectors</ptxt>
</item>
<item id="en-US0900c8af844cc96e-nev13713574n1-nev13713575n43">
<ptxt id="en-US0900c8af844cc96e-nev13713574n1-nev13713575n44">microphone (vehicle with telephone)</ptxt>
</item>
</list1>
<note id="en-US0900c8af844cc96e-nev13713574n1-nev13713575n45">
<ptxt id="en-US0900c8af844cc96e-nev13713574n1-nev13713575n46">The arrow on the microphone must point towards the driver's seat.</ptxt>
</note>
<list1 enumtype="d" id="en-US0900c8af844cc96e-nev13713574n1-nev13713575n47" type="unordered">
<item id="en-US0900c8af844cc96e-nev13713574n1-nev13713575n48">
<ptxt id="en-US0900c8af844cc96e-nev13713574n1-nev13713575n49">the interior lighting</ptxt>
</item>
<item id="en-US0900c8af844cc96e-nev13713574n1-nev13713575n50">
<ptxt id="en-US0900c8af844cc96e-nev13713574n1-nev13713575n51">the screw.</ptxt>
</item>
</list1>
</graphtext>
</grate>
</procstep>
<procstep id="en-US0900c8af844cc96e-nev13713574n1-nev13713575n6">
<title id="en-US0900c8af844cc96e-nev13713574n1-nev13713575n52">Installing cover</title>
<para id="en-US0900c8af844cc96e-nev13713574n1-nev13713575n53">
<ptxt id="en-US0900c8af844cc96e-nev13713574n1-nev13713575n54">Fit the cover/storage compartment.</ptxt>
</para>
</procstep>
</stepgrp>
</procedure>
</servinfosub></servinfosub>
              <servinfosub IE-ID="en-US0900c8af844d72cf" docno="VCC-371014" id="en-US0900c8af844d72cf-nev13717727n1" original="sv-SE" servinfosubId="nev13717728n1-nev13717729n1" servinfosubRes="0900c8af844d72db" servinfosubRes2="urn:x-nevis:fragment:0900c8af844d72cf:0900c8af844d72db#nev13717729n1" xml:lang="en-US" yearRange="2005, 2006">
<title id="en-US0900c8af844d72cf-nev13717726n30">Emergency opening sun roof (2005, 2006)</title>
<procedure id="en-US0900c8af844d72cf-nev13717728n1-nev13717726n69">
<note id="en-US0900c8af844d72cf-nev13717728n1-nev13717726n70">
<ptxt id="en-US0900c8af844d72cf-nev13717728n1-nev13717726n71">The illustrations in this service information are used for different model years and/or models. Some variation may occur. However, the essential information in the illustrations is always correct.</ptxt>
</note>
<stepgrp id="en-US0900c8af844d72cf-nev13717728n1-nev13717726n61">
<title id="en-US0900c8af844d72cf-nev13717728n1-nev13717726n72">Emergency opening</title>
<procstep id="en-US0900c8af844d72cf-nev13717728n1-nev13717726n62">
<title id="en-US0900c8af844d72cf-nev13717728n1-nev13717726n73">Emergency opening of the sun roof</title>
<grate id="en-US0900c8af844d72cf-nev13717728n1-nev13717726n74">
<graphic id="en-US0900c8af844d72cf-nev13717728n1-nev13717726n63">
<href>0900c8af8135ae60_674_505.jpeg</href>
</graphic>
<graphtext id="en-US0900c8af844d72cf-nev13717728n1-nev13717726n75">
<para id="en-US0900c8af844d72cf-nev13717728n1-nev13717726n76">
<ptxt id="en-US0900c8af844d72cf-nev13717728n1-nev13717726n77">Remove the front interior lighting. See: <xref id="en-US0900c8af844d72cf-nev13717728n1-nev13717726n78">
<ref id="en-US0900c8af844cc9b8-nev13713573n1(200720082009201020112012),en-US0900c8af844cc978-nev13713573n1(2004),en-US0900c8af844cc96e-nev13713573n1(20052006)"/>
</xref>. </ptxt>
</para>
<para id="en-US0900c8af844d72cf-nev13717728n1-nev13717726n79">
<ptxt id="en-US0900c8af844d72cf-nev13717728n1-nev13717726n80">Using a hex socket, turn the screw clockwise to open the sun roof.</ptxt>
</para>
</graphtext>
</grate>
</procstep>
</stepgrp>
<stepgrp id="en-US0900c8af844d72cf-nev13717728n1-nev13717726n65">
<title id="en-US0900c8af844d72cf-nev13717728n1-nev13717726n81">Finishing</title>
<procstep id="en-US0900c8af844d72cf-nev13717728n1-nev13717726n66">
<title id="en-US0900c8af844d72cf-nev13717728n1-nev13717726n82">Closing the sun roof</title>
<grate id="en-US0900c8af844d72cf-nev13717728n1-nev13717726n83">
<graphic id="en-US0900c8af844d72cf-nev13717728n1-nev13717726n67">
<href>0900c8af8135ae60_674_505.jpeg</href>
</graphic>
<graphtext id="en-US0900c8af844d72cf-nev13717728n1-nev13717726n84">
<para id="en-US0900c8af844d72cf-nev13717728n1-nev13717726n85">
<ptxt id="en-US0900c8af844d72cf-nev13717728n1-nev13717726n86">Using a hex socket, turn the screw counter-clockwise to close the sun roof.</ptxt>
</para>
<para id="en-US0900c8af844d72cf-nev13717728n1-nev13717726n87">
<ptxt id="en-US0900c8af844d72cf-nev13717728n1-nev13717726n88">Install the front interior lighting. See: <xref id="en-US0900c8af844d72cf-nev13717728n1-nev13717726n89">
<ref id="en-US0900c8af844cc9b8-nev13713573n1(200720082009201020112012),en-US0900c8af844cc978-nev13713573n1(2004),en-US0900c8af844cc96e-nev13713573n1(20052006)"/>
</xref>. </ptxt>
</para>
</graphtext>
</grate>
</procstep>
</stepgrp>
</procedure>
<servinfosub IE-ID="en-US0900c8af844cc9b8" docno="VCC-370425" id="en-US0900c8af844cc9b8-nev13713573n1" original="sv-SE" servinfosubId="nev13713574n1-nev13713584n1" servinfosubRes="0900c8af844cc9c1" servinfosubRes2="urn:x-nevis:fragment:0900c8af844cc9b8:0900c8af844cc9c1#nev13713584n1" xml:lang="en-US">
<operationnumbers>
<operationnumber>35402-2</operationnumber>
</operationnumbers>
<title id="en-US0900c8af844cc9b8-nev13713566n94">Lighting, internal front</title>
<imagedisclaimer id="en-US0900c8af844cc9b8-nev13713574n1-nev13713583n11"/>
<procedure id="en-US0900c8af844cc9b8-nev13713574n1-nev13713583n12">
<stepgrp boilerplate="true" context="removal" id="en-US0900c8af844cc9b8-nev13713574n1-nev13713583n13">
<procstep id="en-US0900c8af844cc9b8-nev13713574n1-nev13713583n14">
<title id="en-US0900c8af844cc9b8-nev13713574n1-nev13713583n15"/>
<grate id="en-US0900c8af844cc9b8-nev13713574n1-nev13713583n16">
<graphic id="en-US0900c8af844cc9b8-nev13713574n1-nev13713583n17">
<href>0900c8af8321e052_950_600.jpeg</href>
</graphic>
</grate>
</procstep>
<procstep id="en-US0900c8af844cc9b8-nev13713574n1-nev13713583n18">
<title id="en-US0900c8af844cc9b8-nev13713574n1-nev13713583n19"/>
<grate id="en-US0900c8af844cc9b8-nev13713574n1-nev13713583n20">
<graphic id="en-US0900c8af844cc9b8-nev13713574n1-nev13713583n21">
<href>0900c8af82d507ec_950_600.jpeg</href>
</graphic>
<graphtext id="en-US0900c8af844cc9b8-nev13713574n1-nev13713583n22">
<note id="en-US0900c8af844cc9b8-nev13713574n1-nev13713583n23">
<ptxt id="en-US0900c8af844cc9b8-nev13713574n1-nev13713583n24">Make sure that the component terminals are not bent or damaged.</ptxt>
</note>
</graphtext>
</grate>
</procstep>
</stepgrp>
<stepgrp boilerplate="true" context="installation" id="en-US0900c8af844cc9b8-nev13713574n1-nev13713583n25">
<procstep id="en-US0900c8af844cc9b8-nev13713574n1-nev13713583n26">
<title id="en-US0900c8af844cc9b8-nev13713574n1-nev13713583n27"/>
<para id="en-US0900c8af844cc9b8-nev13713574n1-nev13713583n35">
<ptxt id="en-US0900c8af844cc9b8-nev13713574n1-nev13713583n36">To install, reverse the removal procedure</ptxt>
</para>
</procstep>
</stepgrp>
</procedure>
</servinfosub><servinfosub IE-ID="en-US0900c8af844cc978" docno="VCC-370425" id="en-US0900c8af844cc978-nev13713573n1" original="sv-SE" servinfosubId="nev13713574n1-nev13713576n1" servinfosubRes="0900c8af844cc97a" servinfosubRes2="urn:x-nevis:fragment:0900c8af844cc978:0900c8af844cc97a#nev13713576n1" xml:lang="en-US">
<title id="en-US0900c8af844cc978-nev13713566n94">Lighting, internal front</title>
<procedure id="en-US0900c8af844cc978-nev13713574n1-nev13713575n68">
<note id="en-US0900c8af844cc978-nev13713574n1-nev13713575n69">
<ptxt id="en-US0900c8af844cc978-nev13713574n1-nev13713575n70">As the illustrations in this service information are used for different model years and/or models, some variation may occur. However, the essential information in the illustrations is always correct.</ptxt>
</note>
<stepgrp id="en-US0900c8af844cc978-nev13713574n1-nev13713575n56">
<title id="en-US0900c8af844cc978-nev13713574n1-nev13713575n71">Preparatory work</title>
<procstep id="en-US0900c8af844cc978-nev13713574n1-nev13713575n57">
<title id="en-US0900c8af844cc978-nev13713574n1-nev13713575n72">Ignition off</title>
<grate id="en-US0900c8af844cc978-nev13713574n1-nev13713575n73">
<graphic id="en-US0900c8af844cc978-nev13713574n1-nev13713575n58">
<href>0900c8af80057a75_2500_1876.jpeg</href>
</graphic>
<graphtext id="en-US0900c8af844cc978-nev13713574n1-nev13713575n74">
<para id="en-US0900c8af844cc978-nev13713574n1-nev13713575n75">
<ptxt id="en-US0900c8af844cc978-nev13713574n1-nev13713575n76">Ignition off</ptxt>
</para>
</graphtext>
</grate>
</procstep>
</stepgrp>
<stepgrp id="en-US0900c8af844cc978-nev13713574n1-nev13713575n59">
<title id="en-US0900c8af844cc978-nev13713574n1-nev13713575n77">Removal</title>
<procstep id="en-US0900c8af844cc978-nev13713574n1-nev13713575n60">
<title id="en-US0900c8af844cc978-nev13713574n1-nev13713575n78">Removing cover</title>
<grate id="en-US0900c8af844cc978-nev13713574n1-nev13713575n79">
<graphic id="en-US0900c8af844cc978-nev13713574n1-nev13713575n61">
<href>0900c8af81ada84f_674_505.jpeg</href>
</graphic>
<graphtext id="en-US0900c8af844cc978-nev13713574n1-nev13713575n80">
<para id="en-US0900c8af844cc978-nev13713574n1-nev13713575n81">
<ptxt id="en-US0900c8af844cc978-nev13713574n1-nev13713575n82">Remove the cover, use a bone knife.</ptxt>
</para>
</graphtext>
</grate>
</procstep>
<procstep id="en-US0900c8af844cc978-nev13713574n1-nev13713575n62">
<title id="en-US0900c8af844cc978-nev13713574n1-nev13713575n83">Removing the interior lighting</title>
<grate id="en-US0900c8af844cc978-nev13713574n1-nev13713575n84">
<graphic id="en-US0900c8af844cc978-nev13713574n1-nev13713575n63">
<href>0900c8af81ada848_674_506.jpeg</href>
</graphic>
<graphtext id="en-US0900c8af844cc978-nev13713574n1-nev13713575n85">
<list1 enumtype="d" id="en-US0900c8af844cc978-nev13713574n1-nev13713575n86" type="unordered">
<title id="en-US0900c8af844cc978-nev13713574n1-nev13713575n87">Remove:</title>
<item id="en-US0900c8af844cc978-nev13713574n1-nev13713575n88">
<ptxt id="en-US0900c8af844cc978-nev13713574n1-nev13713575n89">1 screw</ptxt>
</item>
<item id="en-US0900c8af844cc978-nev13713574n1-nev13713575n90">
<ptxt id="en-US0900c8af844cc978-nev13713574n1-nev13713575n91">interior lighting, pull down</ptxt>
</item>
<item id="en-US0900c8af844cc978-nev13713574n1-nev13713575n92">
<ptxt id="en-US0900c8af844cc978-nev13713574n1-nev13713575n93">microphone (vehicle with telephone)</ptxt>
</item>
<item id="en-US0900c8af844cc978-nev13713574n1-nev13713575n94">
<ptxt id="en-US0900c8af844cc978-nev13713574n1-nev13713575n95">the connectors.</ptxt>
</item>
</list1>
</graphtext>
</grate>
</procstep>
</stepgrp>
<stepgrp id="en-US0900c8af844cc978-nev13713574n1-nev13713575n64">
<title id="en-US0900c8af844cc978-nev13713574n1-nev13713575n96">Installation</title>
<procstep id="en-US0900c8af844cc978-nev13713574n1-nev13713575n65">
<title id="en-US0900c8af844cc978-nev13713574n1-nev13713575n97">Installing the interior lighting</title>
<grate id="en-US0900c8af844cc978-nev13713574n1-nev13713575n98">
<graphic id="en-US0900c8af844cc978-nev13713574n1-nev13713575n66">
<href>0900c8af80126bb5_674_253.jpeg</href>
</graphic>
<graphtext id="en-US0900c8af844cc978-nev13713574n1-nev13713575n99">
<list1 enumtype="d" id="en-US0900c8af844cc978-nev13713574n1-nev13713575n100" type="unordered">
<title id="en-US0900c8af844cc978-nev13713574n1-nev13713578n1">Install:</title>
<item id="en-US0900c8af844cc978-nev13713574n1-nev13713578n2">
<ptxt id="en-US0900c8af844cc978-nev13713574n1-nev13713578n3">the connectors</ptxt>
</item>
<item id="en-US0900c8af844cc978-nev13713574n1-nev13713578n4">
<ptxt id="en-US0900c8af844cc978-nev13713574n1-nev13713578n5">microphone (vehicle with telephone)</ptxt>
</item>
</list1>
<note id="en-US0900c8af844cc978-nev13713574n1-nev13713578n6">
<ptxt id="en-US0900c8af844cc978-nev13713574n1-nev13713578n7">The arrow on the microphone must point towards the driver's seat.</ptxt>
</note>
<list1 enumtype="d" id="en-US0900c8af844cc978-nev13713574n1-nev13713578n8" type="unordered">
<item id="en-US0900c8af844cc978-nev13713574n1-nev13713578n9">
<ptxt id="en-US0900c8af844cc978-nev13713574n1-nev13713578n10">the interior lighting</ptxt>
</item>
<item id="en-US0900c8af844cc978-nev13713574n1-nev13713578n11">
<ptxt id="en-US0900c8af844cc978-nev13713574n1-nev13713578n12">the screw.</ptxt>
</item>
</list1>
</graphtext>
</grate>
</procstep>
<procstep id="en-US0900c8af844cc978-nev13713574n1-nev13713575n67">
<title id="en-US0900c8af844cc978-nev13713574n1-nev13713578n13">Installing cover</title>
<para id="en-US0900c8af844cc978-nev13713574n1-nev13713578n14">
<ptxt id="en-US0900c8af844cc978-nev13713574n1-nev13713578n15">Fit the cover.</ptxt>
</para>
</procstep>
</stepgrp>
</procedure>
</servinfosub><servinfosub IE-ID="en-US0900c8af844cc96e" docno="VCC-370425" id="en-US0900c8af844cc96e-nev13713573n1" original="sv-SE" servinfosubId="nev13713574n1-nev13713573n4" servinfosubRes="0900c8af844cc970" servinfosubRes2="urn:x-nevis:fragment:0900c8af844cc96e:0900c8af844cc970#nev13713573n4" xml:lang="en-US">
<title id="en-US0900c8af844cc96e-nev13713566n94">Lighting, internal front</title>
<procedure id="en-US0900c8af844cc96e-nev13713574n1-nev13713575n7">
<note id="en-US0900c8af844cc96e-nev13713574n1-nev13713575n8">
<ptxt id="en-US0900c8af844cc96e-nev13713574n1-nev13713575n9">As the illustrations in this service information are used for different model years and/or models, some variation may occur. However, the essential information in the illustrations is always correct.</ptxt>
</note>
<stepgrp id="en-US0900c8af844cc96e-nev13713574n1-nev13713566n95">
<title id="en-US0900c8af844cc96e-nev13713574n1-nev13713575n10">Preparatory work</title>
<procstep id="en-US0900c8af844cc96e-nev13713574n1-nev13713566n96">
<title id="en-US0900c8af844cc96e-nev13713574n1-nev13713575n11">Ignition off</title>
<grate id="en-US0900c8af844cc96e-nev13713574n1-nev13713575n12">
<graphic id="en-US0900c8af844cc96e-nev13713574n1-nev13713566n97">
<href>0900c8af80057a75_2500_1876.jpeg</href>
</graphic>
<graphtext id="en-US0900c8af844cc96e-nev13713574n1-nev13713575n13">
<para id="en-US0900c8af844cc96e-nev13713574n1-nev13713575n14">
<ptxt id="en-US0900c8af844cc96e-nev13713574n1-nev13713575n15">Ignition off</ptxt>
</para>
</graphtext>
</grate>
</procstep>
</stepgrp>
<stepgrp id="en-US0900c8af844cc96e-nev13713574n1-nev13713566n98">
<title id="en-US0900c8af844cc96e-nev13713574n1-nev13713575n16">Removal</title>
<procstep id="en-US0900c8af844cc96e-nev13713574n1-nev13713566n99">
<title id="en-US0900c8af844cc96e-nev13713574n1-nev13713575n17">Removing cover</title>
<grate id="en-US0900c8af844cc96e-nev13713574n1-nev13713575n18">
<graphic id="en-US0900c8af844cc96e-nev13713574n1-nev13713566n100">
<href>0900c8af81ada845_674_505.jpeg</href>
</graphic>
<graphtext id="en-US0900c8af844cc96e-nev13713574n1-nev13713575n19">
<para id="en-US0900c8af844cc96e-nev13713574n1-nev13713575n20">
<ptxt id="en-US0900c8af844cc96e-nev13713574n1-nev13713575n21">Remove the cover/storage compartment, use a bone knife. </ptxt>
</para>
</graphtext>
</grate>
</procstep>
<procstep id="en-US0900c8af844cc96e-nev13713574n1-nev13713575n1">
<title id="en-US0900c8af844cc96e-nev13713574n1-nev13713575n22">Removing the interior lighting</title>
<grate id="en-US0900c8af844cc96e-nev13713574n1-nev13713575n23">
<graphic id="en-US0900c8af844cc96e-nev13713574n1-nev13713575n2">
<href>0900c8af81ada848_674_506.jpeg</href>
</graphic>
<graphtext id="en-US0900c8af844cc96e-nev13713574n1-nev13713575n24">
<list1 enumtype="d" id="en-US0900c8af844cc96e-nev13713574n1-nev13713575n25" type="unordered">
<title id="en-US0900c8af844cc96e-nev13713574n1-nev13713575n26">Remove:</title>
<item id="en-US0900c8af844cc96e-nev13713574n1-nev13713575n27">
<ptxt id="en-US0900c8af844cc96e-nev13713574n1-nev13713575n28">1 screw</ptxt>
</item>
<item id="en-US0900c8af844cc96e-nev13713574n1-nev13713575n29">
<ptxt id="en-US0900c8af844cc96e-nev13713574n1-nev13713575n30">interior lighting, pull down</ptxt>
</item>
<item id="en-US0900c8af844cc96e-nev13713574n1-nev13713575n31">
<ptxt id="en-US0900c8af844cc96e-nev13713574n1-nev13713575n32">microphone (vehicle with telephone)</ptxt>
</item>
<item id="en-US0900c8af844cc96e-nev13713574n1-nev13713575n33">
<ptxt id="en-US0900c8af844cc96e-nev13713574n1-nev13713575n34">the connectors.</ptxt>
</item>
</list1>
</graphtext>
</grate>
</procstep>
</stepgrp>
<stepgrp id="en-US0900c8af844cc96e-nev13713574n1-nev13713575n3">
<title id="en-US0900c8af844cc96e-nev13713574n1-nev13713575n35">Installation</title>
<procstep id="en-US0900c8af844cc96e-nev13713574n1-nev13713575n4">
<title id="en-US0900c8af844cc96e-nev13713574n1-nev13713575n36">Installing the interior lighting</title>
<grate id="en-US0900c8af844cc96e-nev13713574n1-nev13713575n37">
<graphic id="en-US0900c8af844cc96e-nev13713574n1-nev13713575n5">
<href>0900c8af80126bb5_674_253.jpeg</href>
</graphic>
<graphtext id="en-US0900c8af844cc96e-nev13713574n1-nev13713575n38">
<list1 enumtype="d" id="en-US0900c8af844cc96e-nev13713574n1-nev13713575n39" type="unordered">
<title id="en-US0900c8af844cc96e-nev13713574n1-nev13713575n40">Install:</title>
<item id="en-US0900c8af844cc96e-nev13713574n1-nev13713575n41">
<ptxt id="en-US0900c8af844cc96e-nev13713574n1-nev13713575n42">the connectors</ptxt>
</item>
<item id="en-US0900c8af844cc96e-nev13713574n1-nev13713575n43">
<ptxt id="en-US0900c8af844cc96e-nev13713574n1-nev13713575n44">microphone (vehicle with telephone)</ptxt>
</item>
</list1>
<note id="en-US0900c8af844cc96e-nev13713574n1-nev13713575n45">
<ptxt id="en-US0900c8af844cc96e-nev13713574n1-nev13713575n46">The arrow on the microphone must point towards the driver's seat.</ptxt>
</note>
<list1 enumtype="d" id="en-US0900c8af844cc96e-nev13713574n1-nev13713575n47" type="unordered">
<item id="en-US0900c8af844cc96e-nev13713574n1-nev13713575n48">
<ptxt id="en-US0900c8af844cc96e-nev13713574n1-nev13713575n49">the interior lighting</ptxt>
</item>
<item id="en-US0900c8af844cc96e-nev13713574n1-nev13713575n50">
<ptxt id="en-US0900c8af844cc96e-nev13713574n1-nev13713575n51">the screw.</ptxt>
</item>
</list1>
</graphtext>
</grate>
</procstep>
<procstep id="en-US0900c8af844cc96e-nev13713574n1-nev13713575n6">
<title id="en-US0900c8af844cc96e-nev13713574n1-nev13713575n52">Installing cover</title>
<para id="en-US0900c8af844cc96e-nev13713574n1-nev13713575n53">
<ptxt id="en-US0900c8af844cc96e-nev13713574n1-nev13713575n54">Fit the cover/storage compartment.</ptxt>
</para>
</procstep>
</stepgrp>
</procedure>
</servinfosub></servinfosub>
              <servinfosub IE-ID="en-US0900c8af844d72e0" docno="VCC-371014" id="en-US0900c8af844d72e0-nev13717727n1" original="sv-SE" servinfosubId="nev13717728n1-nev13717731n1" servinfosubRes="0900c8af844d72eb" servinfosubRes2="urn:x-nevis:fragment:0900c8af844d72e0:0900c8af844d72eb#nev13717731n1" xml:lang="en-US" yearRange="2007-2012">
<title id="en-US0900c8af844d72e0-nev13717726n30">Emergency opening sun roof (2007-2012)</title>
<procedure id="en-US0900c8af844d72e0-nev13717728n1-nev13717726n99">
<note id="en-US0900c8af844d72e0-nev13717728n1-nev13717726n100">
<ptxt id="en-US0900c8af844d72e0-nev13717728n1-nev13717733n1">The illustrations in this service information are used for different model years and/or models. Some variation may occur. However, the essential information in the illustrations is always correct.</ptxt>
</note>
<stepgrp id="en-US0900c8af844d72e0-nev13717728n1-nev13717726n91">
<title id="en-US0900c8af844d72e0-nev13717728n1-nev13717733n2">Emergency opening</title>
<procstep id="en-US0900c8af844d72e0-nev13717728n1-nev13717726n92">
<title id="en-US0900c8af844d72e0-nev13717728n1-nev13717733n3">Emergency opening of the sun roof</title>
<grate id="en-US0900c8af844d72e0-nev13717728n1-nev13717733n4">
<graphic id="en-US0900c8af844d72e0-nev13717728n1-nev13717726n93">
<href>0900c8af8135ae60_674_505.jpeg</href>
</graphic>
<graphtext id="en-US0900c8af844d72e0-nev13717728n1-nev13717733n5">
<para id="en-US0900c8af844d72e0-nev13717728n1-nev13717733n6">
<ptxt id="en-US0900c8af844d72e0-nev13717728n1-nev13717733n7">Remove the front interior lighting. See: <xref id="en-US0900c8af844d72e0-nev13717728n1-nev13717733n8">
<ref id="en-US0900c8af844cc9b8-nev13713573n1(200720082009201020112012),en-US0900c8af844cc978-nev13713573n1(2004),en-US0900c8af844cc96e-nev13713573n1(20052006)"/>
</xref>. </ptxt>
</para>
<para id="en-US0900c8af844d72e0-nev13717728n1-nev13717733n9">
<ptxt id="en-US0900c8af844d72e0-nev13717728n1-nev13717733n10">Using a hex socket, turn the screw clockwise to open the sun roof.</ptxt>
</para>
</graphtext>
</grate>
</procstep>
</stepgrp>
<stepgrp id="en-US0900c8af844d72e0-nev13717728n1-nev13717726n95">
<title id="en-US0900c8af844d72e0-nev13717728n1-nev13717733n11">Finishing</title>
<procstep id="en-US0900c8af844d72e0-nev13717728n1-nev13717726n96">
<title id="en-US0900c8af844d72e0-nev13717728n1-nev13717733n12">Closing the sun roof</title>
<grate id="en-US0900c8af844d72e0-nev13717728n1-nev13717733n13">
<graphic id="en-US0900c8af844d72e0-nev13717728n1-nev13717726n97">
<href>0900c8af8135ae60_674_505.jpeg</href>
</graphic>
<graphtext id="en-US0900c8af844d72e0-nev13717728n1-nev13717733n14">
<para id="en-US0900c8af844d72e0-nev13717728n1-nev13717733n15">
<ptxt id="en-US0900c8af844d72e0-nev13717728n1-nev13717733n16">Using a hex socket, turn the screw counter-clockwise to close the sun roof.</ptxt>
</para>
<para id="en-US0900c8af844d72e0-nev13717728n1-nev13717733n17">
<ptxt id="en-US0900c8af844d72e0-nev13717728n1-nev13717733n18">Install the front interior lighting. See: <xref id="en-US0900c8af844d72e0-nev13717728n1-nev13717733n19">
<ref id="en-US0900c8af844cc9b8-nev13713573n1(200720082009201020112012),en-US0900c8af844cc978-nev13713573n1(2004),en-US0900c8af844cc96e-nev13713573n1(20052006)"/>
</xref>. </ptxt>
</para>
</graphtext>
</grate>
</procstep>
</stepgrp>
</procedure>
<servinfosub IE-ID="en-US0900c8af844cc9b8" docno="VCC-370425" id="en-US0900c8af844cc9b8-nev13713573n1" original="sv-SE" servinfosubId="nev13713574n1-nev13713584n1" servinfosubRes="0900c8af844cc9c1" servinfosubRes2="urn:x-nevis:fragment:0900c8af844cc9b8:0900c8af844cc9c1#nev13713584n1" xml:lang="en-US">
<operationnumbers>
<operationnumber>35402-2</operationnumber>
</operationnumbers>
<title id="en-US0900c8af844cc9b8-nev13713566n94">Lighting, internal front</title>
<imagedisclaimer id="en-US0900c8af844cc9b8-nev13713574n1-nev13713583n11"/>
<procedure id="en-US0900c8af844cc9b8-nev13713574n1-nev13713583n12">
<stepgrp boilerplate="true" context="removal" id="en-US0900c8af844cc9b8-nev13713574n1-nev13713583n13">
<procstep id="en-US0900c8af844cc9b8-nev13713574n1-nev13713583n14">
<title id="en-US0900c8af844cc9b8-nev13713574n1-nev13713583n15"/>
<grate id="en-US0900c8af844cc9b8-nev13713574n1-nev13713583n16">
<graphic id="en-US0900c8af844cc9b8-nev13713574n1-nev13713583n17">
<href>0900c8af8321e052_950_600.jpeg</href>
</graphic>
</grate>
</procstep>
<procstep id="en-US0900c8af844cc9b8-nev13713574n1-nev13713583n18">
<title id="en-US0900c8af844cc9b8-nev13713574n1-nev13713583n19"/>
<grate id="en-US0900c8af844cc9b8-nev13713574n1-nev13713583n20">
<graphic id="en-US0900c8af844cc9b8-nev13713574n1-nev13713583n21">
<href>0900c8af82d507ec_950_600.jpeg</href>
</graphic>
<graphtext id="en-US0900c8af844cc9b8-nev13713574n1-nev13713583n22">
<note id="en-US0900c8af844cc9b8-nev13713574n1-nev13713583n23">
<ptxt id="en-US0900c8af844cc9b8-nev13713574n1-nev13713583n24">Make sure that the component terminals are not bent or damaged.</ptxt>
</note>
</graphtext>
</grate>
</procstep>
</stepgrp>
<stepgrp boilerplate="true" context="installation" id="en-US0900c8af844cc9b8-nev13713574n1-nev13713583n25">
<procstep id="en-US0900c8af844cc9b8-nev13713574n1-nev13713583n26">
<title id="en-US0900c8af844cc9b8-nev13713574n1-nev13713583n27"/>
<para id="en-US0900c8af844cc9b8-nev13713574n1-nev13713583n35">
<ptxt id="en-US0900c8af844cc9b8-nev13713574n1-nev13713583n36">To install, reverse the removal procedure</ptxt>
</para>
</procstep>
</stepgrp>
</procedure>
</servinfosub><servinfosub IE-ID="en-US0900c8af844cc978" docno="VCC-370425" id="en-US0900c8af844cc978-nev13713573n1" original="sv-SE" servinfosubId="nev13713574n1-nev13713576n1" servinfosubRes="0900c8af844cc97a" servinfosubRes2="urn:x-nevis:fragment:0900c8af844cc978:0900c8af844cc97a#nev13713576n1" xml:lang="en-US">
<title id="en-US0900c8af844cc978-nev13713566n94">Lighting, internal front</title>
<procedure id="en-US0900c8af844cc978-nev13713574n1-nev13713575n68">
<note id="en-US0900c8af844cc978-nev13713574n1-nev13713575n69">
<ptxt id="en-US0900c8af844cc978-nev13713574n1-nev13713575n70">As the illustrations in this service information are used for different model years and/or models, some variation may occur. However, the essential information in the illustrations is always correct.</ptxt>
</note>
<stepgrp id="en-US0900c8af844cc978-nev13713574n1-nev13713575n56">
<title id="en-US0900c8af844cc978-nev13713574n1-nev13713575n71">Preparatory work</title>
<procstep id="en-US0900c8af844cc978-nev13713574n1-nev13713575n57">
<title id="en-US0900c8af844cc978-nev13713574n1-nev13713575n72">Ignition off</title>
<grate id="en-US0900c8af844cc978-nev13713574n1-nev13713575n73">
<graphic id="en-US0900c8af844cc978-nev13713574n1-nev13713575n58">
<href>0900c8af80057a75_2500_1876.jpeg</href>
</graphic>
<graphtext id="en-US0900c8af844cc978-nev13713574n1-nev13713575n74">
<para id="en-US0900c8af844cc978-nev13713574n1-nev13713575n75">
<ptxt id="en-US0900c8af844cc978-nev13713574n1-nev13713575n76">Ignition off</ptxt>
</para>
</graphtext>
</grate>
</procstep>
</stepgrp>
<stepgrp id="en-US0900c8af844cc978-nev13713574n1-nev13713575n59">
<title id="en-US0900c8af844cc978-nev13713574n1-nev13713575n77">Removal</title>
<procstep id="en-US0900c8af844cc978-nev13713574n1-nev13713575n60">
<title id="en-US0900c8af844cc978-nev13713574n1-nev13713575n78">Removing cover</title>
<grate id="en-US0900c8af844cc978-nev13713574n1-nev13713575n79">
<graphic id="en-US0900c8af844cc978-nev13713574n1-nev13713575n61">
<href>0900c8af81ada84f_674_505.jpeg</href>
</graphic>
<graphtext id="en-US0900c8af844cc978-nev13713574n1-nev13713575n80">
<para id="en-US0900c8af844cc978-nev13713574n1-nev13713575n81">
<ptxt id="en-US0900c8af844cc978-nev13713574n1-nev13713575n82">Remove the cover, use a bone knife.</ptxt>
</para>
</graphtext>
</grate>
</procstep>
<procstep id="en-US0900c8af844cc978-nev13713574n1-nev13713575n62">
<title id="en-US0900c8af844cc978-nev13713574n1-nev13713575n83">Removing the interior lighting</title>
<grate id="en-US0900c8af844cc978-nev13713574n1-nev13713575n84">
<graphic id="en-US0900c8af844cc978-nev13713574n1-nev13713575n63">
<href>0900c8af81ada848_674_506.jpeg</href>
</graphic>
<graphtext id="en-US0900c8af844cc978-nev13713574n1-nev13713575n85">
<list1 enumtype="d" id="en-US0900c8af844cc978-nev13713574n1-nev13713575n86" type="unordered">
<title id="en-US0900c8af844cc978-nev13713574n1-nev13713575n87">Remove:</title>
<item id="en-US0900c8af844cc978-nev13713574n1-nev13713575n88">
<ptxt id="en-US0900c8af844cc978-nev13713574n1-nev13713575n89">1 screw</ptxt>
</item>
<item id="en-US0900c8af844cc978-nev13713574n1-nev13713575n90">
<ptxt id="en-US0900c8af844cc978-nev13713574n1-nev13713575n91">interior lighting, pull down</ptxt>
</item>
<item id="en-US0900c8af844cc978-nev13713574n1-nev13713575n92">
<ptxt id="en-US0900c8af844cc978-nev13713574n1-nev13713575n93">microphone (vehicle with telephone)</ptxt>
</item>
<item id="en-US0900c8af844cc978-nev13713574n1-nev13713575n94">
<ptxt id="en-US0900c8af844cc978-nev13713574n1-nev13713575n95">the connectors.</ptxt>
</item>
</list1>
</graphtext>
</grate>
</procstep>
</stepgrp>
<stepgrp id="en-US0900c8af844cc978-nev13713574n1-nev13713575n64">
<title id="en-US0900c8af844cc978-nev13713574n1-nev13713575n96">Installation</title>
<procstep id="en-US0900c8af844cc978-nev13713574n1-nev13713575n65">
<title id="en-US0900c8af844cc978-nev13713574n1-nev13713575n97">Installing the interior lighting</title>
<grate id="en-US0900c8af844cc978-nev13713574n1-nev13713575n98">
<graphic id="en-US0900c8af844cc978-nev13713574n1-nev13713575n66">
<href>0900c8af80126bb5_674_253.jpeg</href>
</graphic>
<graphtext id="en-US0900c8af844cc978-nev13713574n1-nev13713575n99">
<list1 enumtype="d" id="en-US0900c8af844cc978-nev13713574n1-nev13713575n100" type="unordered">
<title id="en-US0900c8af844cc978-nev13713574n1-nev13713578n1">Install:</title>
<item id="en-US0900c8af844cc978-nev13713574n1-nev13713578n2">
<ptxt id="en-US0900c8af844cc978-nev13713574n1-nev13713578n3">the connectors</ptxt>
</item>
<item id="en-US0900c8af844cc978-nev13713574n1-nev13713578n4">
<ptxt id="en-US0900c8af844cc978-nev13713574n1-nev13713578n5">microphone (vehicle with telephone)</ptxt>
</item>
</list1>
<note id="en-US0900c8af844cc978-nev13713574n1-nev13713578n6">
<ptxt id="en-US0900c8af844cc978-nev13713574n1-nev13713578n7">The arrow on the microphone must point towards the driver's seat.</ptxt>
</note>
<list1 enumtype="d" id="en-US0900c8af844cc978-nev13713574n1-nev13713578n8" type="unordered">
<item id="en-US0900c8af844cc978-nev13713574n1-nev13713578n9">
<ptxt id="en-US0900c8af844cc978-nev13713574n1-nev13713578n10">the interior lighting</ptxt>
</item>
<item id="en-US0900c8af844cc978-nev13713574n1-nev13713578n11">
<ptxt id="en-US0900c8af844cc978-nev13713574n1-nev13713578n12">the screw.</ptxt>
</item>
</list1>
</graphtext>
</grate>
</procstep>
<procstep id="en-US0900c8af844cc978-nev13713574n1-nev13713575n67">
<title id="en-US0900c8af844cc978-nev13713574n1-nev13713578n13">Installing cover</title>
<para id="en-US0900c8af844cc978-nev13713574n1-nev13713578n14">
<ptxt id="en-US0900c8af844cc978-nev13713574n1-nev13713578n15">Fit the cover.</ptxt>
</para>
</procstep>
</stepgrp>
</procedure>
</servinfosub><servinfosub IE-ID="en-US0900c8af844cc96e" docno="VCC-370425" id="en-US0900c8af844cc96e-nev13713573n1" original="sv-SE" servinfosubId="nev13713574n1-nev13713573n4" servinfosubRes="0900c8af844cc970" servinfosubRes2="urn:x-nevis:fragment:0900c8af844cc96e:0900c8af844cc970#nev13713573n4" xml:lang="en-US">
<title id="en-US0900c8af844cc96e-nev13713566n94">Lighting, internal front</title>
<procedure id="en-US0900c8af844cc96e-nev13713574n1-nev13713575n7">
<note id="en-US0900c8af844cc96e-nev13713574n1-nev13713575n8">
<ptxt id="en-US0900c8af844cc96e-nev13713574n1-nev13713575n9">As the illustrations in this service information are used for different model years and/or models, some variation may occur. However, the essential information in the illustrations is always correct.</ptxt>
</note>
<stepgrp id="en-US0900c8af844cc96e-nev13713574n1-nev13713566n95">
<title id="en-US0900c8af844cc96e-nev13713574n1-nev13713575n10">Preparatory work</title>
<procstep id="en-US0900c8af844cc96e-nev13713574n1-nev13713566n96">
<title id="en-US0900c8af844cc96e-nev13713574n1-nev13713575n11">Ignition off</title>
<grate id="en-US0900c8af844cc96e-nev13713574n1-nev13713575n12">
<graphic id="en-US0900c8af844cc96e-nev13713574n1-nev13713566n97">
<href>0900c8af80057a75_2500_1876.jpeg</href>
</graphic>
<graphtext id="en-US0900c8af844cc96e-nev13713574n1-nev13713575n13">
<para id="en-US0900c8af844cc96e-nev13713574n1-nev13713575n14">
<ptxt id="en-US0900c8af844cc96e-nev13713574n1-nev13713575n15">Ignition off</ptxt>
</para>
</graphtext>
</grate>
</procstep>
</stepgrp>
<stepgrp id="en-US0900c8af844cc96e-nev13713574n1-nev13713566n98">
<title id="en-US0900c8af844cc96e-nev13713574n1-nev13713575n16">Removal</title>
<procstep id="en-US0900c8af844cc96e-nev13713574n1-nev13713566n99">
<title id="en-US0900c8af844cc96e-nev13713574n1-nev13713575n17">Removing cover</title>
<grate id="en-US0900c8af844cc96e-nev13713574n1-nev13713575n18">
<graphic id="en-US0900c8af844cc96e-nev13713574n1-nev13713566n100">
<href>0900c8af81ada845_674_505.jpeg</href>
</graphic>
<graphtext id="en-US0900c8af844cc96e-nev13713574n1-nev13713575n19">
<para id="en-US0900c8af844cc96e-nev13713574n1-nev13713575n20">
<ptxt id="en-US0900c8af844cc96e-nev13713574n1-nev13713575n21">Remove the cover/storage compartment, use a bone knife. </ptxt>
</para>
</graphtext>
</grate>
</procstep>
<procstep id="en-US0900c8af844cc96e-nev13713574n1-nev13713575n1">
<title id="en-US0900c8af844cc96e-nev13713574n1-nev13713575n22">Removing the interior lighting</title>
<grate id="en-US0900c8af844cc96e-nev13713574n1-nev13713575n23">
<graphic id="en-US0900c8af844cc96e-nev13713574n1-nev13713575n2">
<href>0900c8af81ada848_674_506.jpeg</href>
</graphic>
<graphtext id="en-US0900c8af844cc96e-nev13713574n1-nev13713575n24">
<list1 enumtype="d" id="en-US0900c8af844cc96e-nev13713574n1-nev13713575n25" type="unordered">
<title id="en-US0900c8af844cc96e-nev13713574n1-nev13713575n26">Remove:</title>
<item id="en-US0900c8af844cc96e-nev13713574n1-nev13713575n27">
<ptxt id="en-US0900c8af844cc96e-nev13713574n1-nev13713575n28">1 screw</ptxt>
</item>
<item id="en-US0900c8af844cc96e-nev13713574n1-nev13713575n29">
<ptxt id="en-US0900c8af844cc96e-nev13713574n1-nev13713575n30">interior lighting, pull down</ptxt>
</item>
<item id="en-US0900c8af844cc96e-nev13713574n1-nev13713575n31">
<ptxt id="en-US0900c8af844cc96e-nev13713574n1-nev13713575n32">microphone (vehicle with telephone)</ptxt>
</item>
<item id="en-US0900c8af844cc96e-nev13713574n1-nev13713575n33">
<ptxt id="en-US0900c8af844cc96e-nev13713574n1-nev13713575n34">the connectors.</ptxt>
</item>
</list1>
</graphtext>
</grate>
</procstep>
</stepgrp>
<stepgrp id="en-US0900c8af844cc96e-nev13713574n1-nev13713575n3">
<title id="en-US0900c8af844cc96e-nev13713574n1-nev13713575n35">Installation</title>
<procstep id="en-US0900c8af844cc96e-nev13713574n1-nev13713575n4">
<title id="en-US0900c8af844cc96e-nev13713574n1-nev13713575n36">Installing the interior lighting</title>
<grate id="en-US0900c8af844cc96e-nev13713574n1-nev13713575n37">
<graphic id="en-US0900c8af844cc96e-nev13713574n1-nev13713575n5">
<href>0900c8af80126bb5_674_253.jpeg</href>
</graphic>
<graphtext id="en-US0900c8af844cc96e-nev13713574n1-nev13713575n38">
<list1 enumtype="d" id="en-US0900c8af844cc96e-nev13713574n1-nev13713575n39" type="unordered">
<title id="en-US0900c8af844cc96e-nev13713574n1-nev13713575n40">Install:</title>
<item id="en-US0900c8af844cc96e-nev13713574n1-nev13713575n41">
<ptxt id="en-US0900c8af844cc96e-nev13713574n1-nev13713575n42">the connectors</ptxt>
</item>
<item id="en-US0900c8af844cc96e-nev13713574n1-nev13713575n43">
<ptxt id="en-US0900c8af844cc96e-nev13713574n1-nev13713575n44">microphone (vehicle with telephone)</ptxt>
</item>
</list1>
<note id="en-US0900c8af844cc96e-nev13713574n1-nev13713575n45">
<ptxt id="en-US0900c8af844cc96e-nev13713574n1-nev13713575n46">The arrow on the microphone must point towards the driver's seat.</ptxt>
</note>
<list1 enumtype="d" id="en-US0900c8af844cc96e-nev13713574n1-nev13713575n47" type="unordered">
<item id="en-US0900c8af844cc96e-nev13713574n1-nev13713575n48">
<ptxt id="en-US0900c8af844cc96e-nev13713574n1-nev13713575n49">the interior lighting</ptxt>
</item>
<item id="en-US0900c8af844cc96e-nev13713574n1-nev13713575n50">
<ptxt id="en-US0900c8af844cc96e-nev13713574n1-nev13713575n51">the screw.</ptxt>
</item>
</list1>
</graphtext>
</grate>
</procstep>
<procstep id="en-US0900c8af844cc96e-nev13713574n1-nev13713575n6">
<title id="en-US0900c8af844cc96e-nev13713574n1-nev13713575n52">Installing cover</title>
<para id="en-US0900c8af844cc96e-nev13713574n1-nev13713575n53">
<ptxt id="en-US0900c8af844cc96e-nev13713574n1-nev13713575n54">Fit the cover/storage compartment.</ptxt>
</para>
</procstep>
</stepgrp>
</procedure>
</servinfosub></servinfosub>
            </ti_title>
          </FunctionGroup3>
        </FunctionGroup2>