<?xml version="1.0" encoding="UTF-8"?><orphans><doc-subhead>Engine with mountings and equipment-Ignition and control systems</doc-subhead><ti_title><servinfosub IE-ID="en-US0900c8af8135ab6f" docno="VCC-156444" id="en-US0900c8af8135ab6f-KC03015382" xml:lang="en-US" yearRange="">
<title>Description of frozen values</title>
<procedure>
<procstep id="en-US0900c8af8135ab6f-KC03097366">
<title>Explanation</title>
<para>
<ptxt>Not all the parameters described need to be implemented in the control module. This varies from system to system.</ptxt>
</para>
<para>
<ptxt>Frozen values are parameter values that are stored when a diagnostic trouble code (DTC) is stored.</ptxt>
</para>
<para>
<ptxt>Bank 1 indicates cylinders 1-3 on 6 cylinder engines and all cylinders on 5-cylinder engines.</ptxt>
</para>
<para>
<ptxt>Bank 2 indicates cylinders 4-6 on 6-cylinder engines.</ptxt>
</para>
</procstep>
<procstep id="en-US0900c8af8135ab6f-KC03097367">
<title>Condition, fuel trim bank X:</title>
<para>
<ptxt>Fuel trim can assume 5 different conditions:</ptxt>
</para>
<list1 enumtype="n" type="ordered">
<item>
<ptxt>
<emph>No fuel trim, the start conditions have not been met.</emph> This condition occurs at the crank or immediately after start before fuel trim has started.</ptxt>
<ptxt/>
</item>
<item>
<ptxt>
<emph>Fuel trim with two probes.</emph> This situation occurs during driving when both probes are used during fuel trim (part load)</ptxt>
</item>
<item>
<ptxt>
<emph>No fuel trim, operation with predefined values.</emph> This situation occurs during hard acceleration or during fuel shut-off when there is no fuel trim and operation is under
predefined values</ptxt>
</item>
<item>
<ptxt>
<emph>No fuel trim, operation with system error.</emph> This situation occurs when an earlier diagnostic trouble code (DTC) was stored that caused the fuel trim to be disabled</ptxt>
</item>
<item>
<ptxt>
<emph>Fuel trim with one probe (front).</emph> This situation occurs at idling speed or during light acceleration when one probe (front) is used during fuel trim.</ptxt>
</item>
</list1>
</procstep>
<procstep id="en-US0900c8af8135ab6f-KC03097368">
<title>Calculated load, %</title>
<para>
<ptxt>Indicates the calculated engine load. The value is given as a percentage of full load. </ptxt>
</para>
</procstep>
<procstep id="en-US0900c8af8135ab6f-KC03097369">
<title>Engine coolant temperature (ECT), °C</title>
<para>
<ptxt>Indicates the engine temperature. The value is given in °C.</ptxt>
</para>
</procstep>
<procstep id="en-US0900c8af8135ab6f-KC03097370">
<title>Fuel trim, quick adjustment, bank X %</title>
<para>
<ptxt>Quick adjustment is the adaptation value which is used to continuously adapt the fuel / air mixture during operation. The maximum limit of the value is ±25%. The normal value is 0% (i.e.
no adaptation).</ptxt>
</para>
</procstep>
<procstep id="en-US0900c8af8135ab6f-KC03097371">
<title>Fuel trim, slow adjustment, bank X % </title>
<para>
<ptxt>Slow adjustment is the fuel trim value that is used to adapt the fuel / air mixture during longer periods. This value takes into consideration factors such as the aging of components and
component tolerances. The maximum limit of the value is ±25%. The normal value is 0% (i.e. no adaptation).</ptxt>
</para>
</procstep>
<procstep id="en-US0900c8af8135ab6f-KC03097372">
<title>Engine speed (rpm)</title>
<para>
<ptxt>Indicates the engine speed (RPM). The value is given in rpm. </ptxt>
</para>
</procstep>
<procstep id="en-US0900c8af8135ab6f-KC03097373">
<title>Vehicle speed, km/h</title>
<para>
<ptxt>Indicates the vehicle speed. The value is given in km/h.</ptxt>
</para>
</procstep>
<procstep id="en-US0900c8af8135ab6f-KC03097374">
<title>Boost pressure</title>
<para>
<ptxt>Indicates the engine volumetric efficiency. The value is given as a % compared to the atmospheric pressure (during positive boost pressure the value will be higher than 100%).</ptxt>
</para>
</procstep>
<procstep id="en-US0900c8af8135ab6f-KC03097375">
<title>Battery voltage</title>
<para>
<ptxt>Indicates the system voltage. The value is given in volts.</ptxt>
</para>
</procstep>
<procstep id="en-US0900c8af8135ab6f-KC03097376">
<title>Throttle angle</title>
<para>
<ptxt>Indicates the throttle angle. The value is given as a percentage of maximum reading. </ptxt>
</para>
</procstep>
<procstep id="en-US0900c8af8135ab6f-KC03097377">
<title>Air mass</title>
<para>
<ptxt>Indicates the mass air flow. The value is given in kg/h.</ptxt>
</para>
</procstep>
<procstep id="en-US0900c8af8135ab6f-KC03097378">
<title>Outside temperature</title>
<para>
<ptxt>Indicates the outside temperature. The value is given in °C.</ptxt>
</para>
</procstep>
<procstep id="en-US0900c8af8135ab6f-KC03097379">
<title>Fuel pressure fuel rail</title>
<para>
<ptxt>Indicates the relative fuel pressure in the fuel rail. The value is given in kPa.</ptxt>
</para>
</procstep>
</procedure>
</servinfosub><servinfosub IE-ID="en-US0900c8af81dac77d" docno="VCC-163792" id="en-US0900c8af81dac77d-KC08252113" xml:lang="en-US" yearRange="">
<title>Description of frozen values</title>
<procedure>
<procstep id="en-US0900c8af81dac77d-KC08252117">
<title>Explanation</title>
<hint>
<ptxt>Not all described parameters are implemented in the control module. This varies between systems and markets.</ptxt>
</hint>
<para>
<ptxt>Bank 1: indicates all cylinders on 5-cylinder engines.</ptxt>
</para>
</procstep>
<procstep id="en-US0900c8af81dac77d-KC08252118">
<title>Ignition switch (via CAN):</title>
<para>
<ptxt>The engine control module (ECM) calculates the status of the signal from the central electronic module (CEM) via CAN communication.</ptxt>
<ptxt>Position 2 = Ignition switch in position 2 (ignition on).</ptxt>
<ptxt>Position 3 = Ignition switch in position 3 (start).</ptxt>
<ptxt>Engine running = Ignition switch in position 2 (ignition on) and engine running.</ptxt>
</para>
</procstep>
<procstep id="en-US0900c8af81dac77d-KC08252119">
<title>Brake pedal (via CAN) (%)</title>
<para>
<ptxt>The engine control module (ECM) calculates the status of the signal from the brake control module (BCM) via CAN communication.</ptxt>
</para>
</procstep>
<procstep id="en-US0900c8af81dac77d-KC08252120">
<title>Engine speed (rpm)</title>
<para>
<ptxt>The engine control module (ECM) calculates engine speed from the impulse sensor signal.</ptxt>
</para>
</procstep>
<procstep id="en-US0900c8af81dac77d-KC08252121">
<title>Boost pressure (hPa)</title>
<para>
<ptxt>The value is calculated from the boost pressure sensor and indicates the pressure in the induction system after the turbocharger but before the throttle.</ptxt>
<ptxt>The engine control module (ECM) calculates boost pressure from the boost pressure sensor. The pressure is relative to atmospheric pressure.</ptxt>
</para>
</procstep>
<procstep id="en-US0900c8af81dac77d-KC08252122">
<title>Air mass (kg/h)</title>
<para>
<ptxt>The value indicates the air mass that passes through the mass air flow sensor.
</ptxt>
<ptxt>The engine control module (ECM) calculates the values from the mass air flow sensor signal.</ptxt>
</para>
</procstep>
<procstep id="en-US0900c8af81dac77d-KC08252123">
<title>Engine temperature (°C)</title>
<para>
<ptxt>The engine control module (ECM) calculates temperature from the engine temperature sensor signal.</ptxt>
</para>
</procstep>
<procstep id="en-US0900c8af81dac77d-KC08252124">
<title>Engine temperature, start (°C)</title>
<para>
<ptxt>The engine control module (ECM) calculates temperature from the engine temperature sensor signal. The value indicates the temperature of the engine upon engine start in the operating cycle in which the diagnostic trouble code (DTC) was generated.</ptxt>
</para>
</procstep>
<procstep id="en-US0900c8af81dac77d-KC08252125">
<title>Fuel pressure (Pa)</title>
<para>
<ptxt>The engine control module (ECM) calculates the pressure from the fuel pressure sensor signal.</ptxt>
<ptxt>The parameter indicates absolute pressure.</ptxt>
</para>
</procstep>
<procstep id="en-US0900c8af81dac77d-KC08252126">
<title>Fuel temperature (°C)</title>
<para>
<ptxt>The engine control module (ECM) calculates the temperature from the fuel temperature sensor signal. </ptxt>
<ptxt>The fuel temperature sensor is integrated in the fuel pressure sensor.
</ptxt>
</para>
</procstep>
<procstep id="en-US0900c8af81dac77d-KC08252127">
<title>Calculated load (%)</title>
<para>
<ptxt>The value, calculated by the engine control module, indicates engine efficiency. The engine control module (ECM) calculates the value from air mass, engine speed, boost pressure, throttle angle, etc. A value over 100% indicates turbocharging (overpressure).</ptxt>
</para>
</procstep>
<procstep id="en-US0900c8af81dac77d-KC08252128">
<title>Speed (km/h)</title>
<para>
<ptxt>The value indicates vehicle speed.</ptxt>
<ptxt>The engine control module (ECM) receives information on vehicle speed from the brake control module (BCM) via CAN communication.</ptxt>
</para>
</procstep>
<procstep id="en-US0900c8af81dac77d-KC08252129">
<title>Ignition angle (°BTDC)</title>
<para>
<ptxt>The value indicates the ignition angle for cylinder 1.</ptxt>
</para>
</procstep>
<procstep id="en-US0900c8af81dac77d-KC08252130">
<title>Ignition retardation, knocking (CA)</title>
<para>
<ptxt>Ignition retardation requested to due cylinder knocking.
</ptxt>
<ptxt>Measurement interval 0 - 72 CA.</ptxt>
<ptxt>Normal value 0 CA.</ptxt>
<ptxt>The value indicated is the average value for ignition retardation of all cylinders.
</ptxt>
<ptxt>CA = Crank Angle.</ptxt>
</para>
</procstep>
<procstep id="en-US0900c8af81dac77d-KC08252131">
<title>Atmospheric pressure (Pa)</title>
<para>
<ptxt>The value indicates atmospheric pressure at the engine control module (ECM).</ptxt>
<ptxt>The engine control module (ECM) calculates the value from the integrated atmospheric pressure sensor.</ptxt>
<ptxt>The normal value at 0 meters above sea level is 1013 hPa.</ptxt>
</para>
</procstep>
<procstep id="en-US0900c8af81dac77d-KC08252132">
<title>Outside temperature (°C)</title>
<para>
<ptxt>The engine control module (ECM) calculates the temperature from the outside temperature sensor signal.</ptxt>
</para>
</procstep>
<procstep id="en-US0900c8af81dac77d-KC08252133">
<title>Intake air temperature (°C)</title>
<para>
<ptxt>The engine control module (ECM) calculates the temperature from the intake air temperature sensor.</ptxt>
</para>
</procstep>
<procstep id="en-US0900c8af81dac77d-KC08252134">
<title>EVAP valve (%)</title>
<para>
<ptxt>The value indicates the control module output signal for EVAP valve regulation, i.e. how much the EVAP valve should open to purge the canister.</ptxt>
<ptxt>0 % = no regulation (EVAP valve closed).</ptxt>
<ptxt>100 % = full regulation (EVAP valve fully open).</ptxt>
</para>
</procstep>
<procstep id="en-US0900c8af81dac77d-KC08252135">
<title>Throttle angle (%)</title>
<para>
<ptxt>The engine control module (ECM) calculates the value from the throttle position sensor. The value is calculated linearly from the throttle position sensor's output signal (0-5V) and indicates how much the throttle is open.</ptxt>
<ptxt>Approx. 6-14 % = idling (0% throttle angle, desired value).
</ptxt>
<ptxt>Approx. 85-100 % = throttle fully open (100% throttle angle, desired value).</ptxt>
</para>
</procstep>
<procstep id="en-US0900c8af81dac77d-KC08252136">
<title>Accelerator pedal position sensor, PWM (%)</title>
<para>
<ptxt>PWM signal from the accelerator pedal position sensor to the engine control module (ECM). The control module calculates the value from the accelerator pedal position sensor's digital output.
</ptxt>
<ptxt>The value indicates the position of the accelerator pedal.</ptxt>
<ptxt>Approx. 8 % = accelerator pedal fully released.</ptxt>
<ptxt>Approx. 88 % = accelerator pedal fully depressed.</ptxt>
</para>
</procstep>
<procstep id="en-US0900c8af81dac77d-KC08252137">
<title>Accelerator pedal position sensor, analog (%)</title>
<para>
<ptxt>Analog signal from the accelerator pedal position sensor to the engine control module (ECM). The control module calculates the value from the accelerator pedal position sensor's analog output.</ptxt>
<ptxt>The value indicates the position of the accelerator pedal.</ptxt>
<ptxt>Approx. 8 % = accelerator pedal fully released.</ptxt>
<ptxt>Approx. 88 % = accelerator pedal fully depressed.</ptxt>
</para>
</procstep>
<procstep id="en-US0900c8af81dac77d-KC08252138">
<title>Throttle angle, desired value (%)</title>
<para>
<ptxt>The value indicates the engine control module (ECM) calculated value for throttle opening (throttle angle).</ptxt>
<ptxt>The parameter value cannot be directly compared to the actual value for the throttle angle.</ptxt>
<ptxt>0% = idling.</ptxt>
<ptxt>100% = throttle fully open.</ptxt>
</para>
</procstep>
<procstep id="en-US0900c8af81dac77d-KC08252139">
<title>Fuel trim, rapid adjustment, bank X (%)</title>
<para>
<ptxt>Rapid adjustment is the continual adaptation of the fuel/air mixture during operation.</ptxt>
<ptxt>Bank 2 only applies to 6-cylinder engines.</ptxt>
</para>
<hint>
<ptxt>Fuel trim returns to 0% once diagnostic trouble codes (DTCs) have been cleared.</ptxt>
</hint>
</procstep>
<procstep id="en-US0900c8af81dac77d-KC08252140">
<title>Fuel trim, slow adjustment, bank X (%) </title>
<para>
<ptxt>Slow adjustment is the fuel trim value that adjusts the fuel/air mixture for a longer period of time and factors in component aging, tolerances, etc.</ptxt>
<ptxt>Bank 2 only applies to 6-cylinder engines.</ptxt>
</para>
<hint>
<ptxt>Fuel trim returns to 0% once diagnostic trouble codes (DTCs) have been cleared.</ptxt>
</hint>
</procstep>
<procstep id="en-US0900c8af81dac77d-KC08252141">
<title>Front heated oxygen sensor, bank 1 (λ)</title>
<para>
<ptxt>The normal value is λ = 1.</ptxt>
<ptxt>If the mixture is rich, λ is less than 1.</ptxt>
<ptxt>If the mixture is lean, λ is greater than 1.</ptxt>
</para>
</procstep>
<procstep id="en-US0900c8af81dac77d-KC08252142">
<title>Power supply, engine control module (ECM) (V)</title>
<para>
<ptxt>The value indicates the power supplied to the engine control module (ECM).
</ptxt>
</para>
</procstep>
<procstep id="en-US0900c8af81dac77d-KC08252143">
<title>Intake values, opening angle (CA)</title>
<para>
<ptxt>The parameter corresponds to the "Camshaft shift angle" but is calculated from another reference position on the crankshaft.</ptxt>
<ptxt>The engine control module (ECM) calculates the value using signals from the impulse sensor (crankshaft position) and the camshaft sensor (camshaft position).</ptxt>
<ptxt>The value indicates when the intake valves open relative to top dead center (TDC) of the cylinders. </ptxt>
<ptxt>The value reduces the farther out the camshaft is guided.</ptxt>
<ptxt>When the camshaft is in its 0 position (camshaft not guided out), the angle is 27°CA; when it has been guided out fully the angle is -23°CA.</ptxt>
<ptxt>CA = Crank Angle.</ptxt>
</para>
</procstep>
<procstep id="en-US0900c8af81dac77d-KC08252144">
<title>Exhaust valves, closing angles (CA)</title>
<para>
<ptxt>The parameter corresponds to the "Camshaft shift angle" but is calculated from another reference position on the crankshaft.</ptxt>
<ptxt>The engine control module (ECM) calculates the value using signals from the impulse sensor (crankshaft position) and the camshaft sensor (camshaft position).</ptxt>
<ptxt>The value indicates when the exhaust valves close relative to top dead center (TDC) of the cylinders. The value decreases as the camshaft is guided out.</ptxt>
<ptxt>When the camshaft is in its 0 position (camshaft not guided out), the angle is 26.5°CA; when it has been guided out fully the angle is -3.5°CA.</ptxt>
<ptxt>CA = Crank Angle.</ptxt>
</para>
</procstep>
<procstep id="en-US0900c8af81dac77d-KC08252145">
<title>Time after engine start (s)</title>
<para>
<ptxt>The value indicates how much time has elapsed between engine start and diagnostic trouble code (DTC) generation.</ptxt>
</para>
</procstep>
</procedure>
</servinfosub><servinfosub IE-ID="en-US0900c8af83831348" docno="VCC-149262" id="en-US0900c8af83831348-KC03020738" xml:lang="en-US" yearRange="">
<title id="en-US0900c8af83831348-nev11393844n250">Description of frozen values</title>
<procedure id="en-US0900c8af83831348-nev11393844n248">
<procstep id="en-US0900c8af83831348-KC03020739">
<title id="en-US0900c8af83831348-nev11393844n246">Explanation</title>
<para id="en-US0900c8af83831348-nev11393844n244">
<ptxt id="en-US0900c8af83831348-nev11393844n242">Not all the parameters described need to be implemented in the control module. This varies from system to system.</ptxt>
</para>
<para id="en-US0900c8af83831348-nev11393844n240">
<ptxt id="en-US0900c8af83831348-nev11393844n238">Frozen values are parameter values that are stored when a diagnostic trouble code (DTC) is stored.</ptxt>
</para>
</procstep>
<procstep id="en-US0900c8af83831348-KC03020740">
<title id="en-US0900c8af83831348-nev11393844n236">Status</title>
<para id="en-US0900c8af83831348-nev11393844n234">
<ptxt id="en-US0900c8af83831348-nev11393844n232">A diagnostic trouble code (DTC) stored in the engine control module (ECM) can be found in four different status positions: </ptxt>
</para>
<list1 enumtype="b" id="en-US0900c8af83831348-nev11393844n230" type="unordered">
<item id="en-US0900c8af83831348-nev11393844n228">
<ptxt id="en-US0900c8af83831348-nev11393844n226">
<emph id="en-US0900c8af83831348-nev11393844n224">
<literal id="en-US0900c8af83831348-nev11394624n118">Temporary</literal>
</emph>: When a fault is detected by the engine control module (ECM) the diagnostic trouble code (DTC) is first stored in the  <literal id="en-US0900c8af83831348-nev11394629n172">Temporary</literal> status. </ptxt>
</item>
<item id="en-US0900c8af83831348-nev11393844n222">
<ptxt id="en-US0900c8af83831348-nev11393844n220">
<emph id="en-US0900c8af83831348-nev11393844n218">
<literal id="en-US0900c8af83831348-nev11394625n191">Not yet stored</literal>
</emph>: If the fault remains at the next diagnosis the diagnostic trouble code (DTC) is stored in the  <literal id="en-US0900c8af83831348-nev11394631n245">Not yet stored</literal> status.</ptxt>
</item>
<item id="en-US0900c8af83831348-nev11393844n216">
<ptxt id="en-US0900c8af83831348-nev11393844n214">
<emph id="en-US0900c8af83831348-nev11393844n212">
<literal id="en-US0900c8af83831348-nev11394625n14">Stored</literal>
</emph>: If the fault is still active at the next operating cycle, the diagnostic trouble code (DTC) is stored in  <literal id="en-US0900c8af83831348-nev11394631n68">Stored</literal> status. </ptxt>
</item>
<item id="en-US0900c8af83831348-nev11393844n210">
<ptxt id="en-US0900c8af83831348-nev11393844n208">
<emph id="en-US0900c8af83831348-nev11393844n206">
<literal id="en-US0900c8af83831348-nev11394627n87">Erased</literal>
</emph>: If an existing fault disappears and does not recur after a certain number of fault-free operating cycles, the engine control module (ECM), stores the diagnostic trouble code (DTC) as status  <literal id="en-US0900c8af83831348-nev11394632n141">Erased</literal> depending on the diagnostic trouble code (DTC) and previous status of the diagnostic trouble code (DTC). The diagnostic trouble code (DTC) remains here until the engine control module (ECM) is erased of diagnostic trouble codes (DTCs) or is disconnected from current.</ptxt>
</item>
</list1>
<hint id="en-US0900c8af83831348-nev11393844n204">
<ptxt id="en-US0900c8af83831348-nev11393844n202">The diagnostic trouble codes (DTCs) in  <literal id="en-US0900c8af83831348-nev11393846n205">Temporary, Not yet stored</literal> and  <literal id="en-US0900c8af83831348-nev11393846n31">Stored</literal> are read in the normal manner. When reading with Reading off extended diagnostic trouble code (DTC) information the diagnostic trouble codes (DTCs) can also be read in Erased status. </ptxt>
</hint>
</procstep>
<procstep id="en-US0900c8af83831348-KC03020741">
<title id="en-US0900c8af83831348-nev11393844n200">Outside temperature (via central electronic module (CEM)) (°C)</title>
<para id="en-US0900c8af83831348-nev11393844n198">
<ptxt id="en-US0900c8af83831348-nev11393844n196">Measurement range -40 - +120 °C.</ptxt>
<ptxt id="en-US0900c8af83831348-nev11393844n194">The engine control module (ECM) derives the temperature from the outside temperature sensor signal.</ptxt>
</para>
</procstep>
<procstep id="en-US0900c8af83831348-KC03020742">
<title id="en-US0900c8af83831348-nev11393844n192">Atmospheric pressure (Pa)</title>
<para id="en-US0900c8af83831348-nev11393844n190">
<ptxt id="en-US0900c8af83831348-nev11393844n188">Measurement range 0-2267 hPa.</ptxt>
<ptxt id="en-US0900c8af83831348-nev11393844n186">The value indicates atmospheric pressure at the engine control module (ECM). Normal value at sea level is 1013 hPa.</ptxt>
</para>
</procstep>
<procstep id="en-US0900c8af83831348-KC03020743">
<title id="en-US0900c8af83831348-nev11393844n184">Vehicle speed (km/h)</title>
<para id="en-US0900c8af83831348-nev11393844n182">
<ptxt id="en-US0900c8af83831348-nev11393844n180">Measurement range 0 - 255 km/h.</ptxt>
<ptxt id="en-US0900c8af83831348-nev11393844n178">The value displays the vehicle speed.</ptxt>
</para>
</procstep>
<procstep id="en-US0900c8af83831348-KC03020744">
<title id="en-US0900c8af83831348-nev11393844n176">Engine speed (rpm)</title>
<para id="en-US0900c8af83831348-nev11393844n174">
<ptxt id="en-US0900c8af83831348-nev11393844n172">Measurement range 0-10400 rpm.</ptxt>
<ptxt id="en-US0900c8af83831348-nev11393844n170">The engine control module (ECM) derives the engine speed (RPM) from the engine speed (RPM) sensor signal. The idle speed varies depending on the engine coolant temperature (ECT) (850 ± 50rpm).</ptxt>
</para>
</procstep>
<procstep id="en-US0900c8af83831348-KC03020745">
<title id="en-US0900c8af83831348-nev11393844n168">Engine load (g/rev)</title>
<para id="en-US0900c8af83831348-nev11393844n166">
<ptxt id="en-US0900c8af83831348-nev11393844n164">The parameter indicates the engine load.</ptxt>
<ptxt id="en-US0900c8af83831348-nev11393844n162">Measurement range 0-2 g/rev.</ptxt>
</para>
</procstep>
<procstep id="en-US0900c8af83831348-KC03020746">
<title id="en-US0900c8af83831348-nev11393844n160">Manifold absolute pressure (MAP) (Pa)</title>
<para id="en-US0900c8af83831348-nev11393844n158">
<ptxt id="en-US0900c8af83831348-nev11393844n156">Measurement range -400 - 2200 hPa. The normal pressure (atmospheric pressure at sea level) is approximately 1013 hPa at ignition on (open throttle). </ptxt>
</para>
</procstep>
<procstep id="en-US0900c8af83831348-KC03020747">
<title id="en-US0900c8af83831348-nev11393844n154">Engine coolant temperature (ECT) (°C)</title>
<para id="en-US0900c8af83831348-nev11393844n152">
<ptxt id="en-US0900c8af83831348-nev11393844n150">Measurement range -40 - +120 °C.</ptxt>
<ptxt id="en-US0900c8af83831348-nev11393844n148">The engine control module (ECM) derives the temperature from the engine coolant temperature (ECT) sensor signal.</ptxt>
</para>
</procstep>
<procstep id="en-US0900c8af83831348-KC03020748">
<title id="en-US0900c8af83831348-nev11393844n146">Fuel trim, rapid adjustment</title>
<para id="en-US0900c8af83831348-nev11393844n144">
<ptxt id="en-US0900c8af83831348-nev11393844n142">The parameter displays the adaptation factor of the λ probe.</ptxt>
<ptxt id="en-US0900c8af83831348-nev11393844n140">Measurement range 0-2 λ-adap. Compensates the injection period at the relevant load so that the λ-value can be correctly reached. Normal value 1.</ptxt>
</para>
</procstep>
<procstep id="en-US0900c8af83831348-KC03020749">
<title id="en-US0900c8af83831348-nev11393844n138">Fuel trim, slow adjustment</title>
<para id="en-US0900c8af83831348-nev11393844n136">
<ptxt id="en-US0900c8af83831348-nev11393844n134">The parameter displays the adaptation factor of the λ probe.</ptxt>
<ptxt id="en-US0900c8af83831348-nev11393844n132">Measurement range 0-2 λ-adap. Compensates the injection period at the relevant load so that the λ-value can be correctly reached. Normal value 1.</ptxt>
</para>
</procstep>
<procstep id="en-US0900c8af83831348-KC03020750">
<title id="en-US0900c8af83831348-nev11393844n130">Gear shift position</title>
<para id="en-US0900c8af83831348-nev11393844n128">
<ptxt id="en-US0900c8af83831348-nev11393844n126">The parameter indicates the gear position.</ptxt>
<ptxt id="en-US0900c8af83831348-nev11393844n124">Inactive = Gear position P/N.</ptxt>
</para>
</procstep>
<procstep id="en-US0900c8af83831348-KC03020751">
<title id="en-US0900c8af83831348-nev11393844n122">Engine cooling fan (%)</title>
<para id="en-US0900c8af83831348-nev11393844n120">
<ptxt id="en-US0900c8af83831348-nev12150672n250">Measurement range: 0 - 100%</ptxt>
<ptxt id="en-US0900c8af83831348-nev12150672n248">PWM signals transmitted by the engine control module (ECM) to the engine cooling fan control module to control the speed of the engine cooling fan.</ptxt>
</para>
</procstep>
<procstep id="en-US0900c8af83831348-KC03020752">
<title id="en-US0900c8af83831348-nev11393844n112">A/C request</title>
<para id="en-US0900c8af83831348-nev11393844n110">
<ptxt id="en-US0900c8af83831348-nev11393844n108">The deployment signal from the engine control module (ECM) to the air conditioning (A/C) compressor relay. </ptxt>
<ptxt id="en-US0900c8af83831348-nev11393844n106">Active = The engine control module (ECM) does not activate the air conditioning (A/C) compressor relay. </ptxt>
<ptxt id="en-US0900c8af83831348-nev11393844n104">Inactive = The engine control module (ECM) activates the air conditioning (A/C) compressor relay. </ptxt>
</para>
</procstep>
<procstep id="en-US0900c8af83831348-KC03020753">
<title id="en-US0900c8af83831348-nev11393844n102">Air conditioning (A/C) compressor</title>
<para id="en-US0900c8af83831348-nev11393844n100">
<ptxt id="en-US0900c8af83831348-nev11393844n98">The parameter indicates the air conditioning (A/C) compressor status.</ptxt>
</para>
</procstep>
<procstep id="en-US0900c8af83831348-KC03020754">
<title id="en-US0900c8af83831348-nev11393844n96">Brake pedal</title>
<para id="en-US0900c8af83831348-nev11393844n94">
<ptxt id="en-US0900c8af83831348-nev11393844n92">The parameter indicates the brake pedal position.</ptxt>
</para>
</procstep>
<procstep id="en-US0900c8af83831348-KC03020755">
<title id="en-US0900c8af83831348-nev11393844n90">EVAP canister purge valve</title>
<para id="en-US0900c8af83831348-nev11393844n88">
<ptxt id="en-US0900c8af83831348-nev11393844n86">The parameter indicates the EVAP canister purge valve position.</ptxt>
</para>
</procstep>
<procstep id="en-US0900c8af83831348-KC03020756">
<title id="en-US0900c8af83831348-nev11393844n84">Cruise control</title>
<para id="en-US0900c8af83831348-nev11393844n82">
<ptxt id="en-US0900c8af83831348-nev11393844n80">The parameter indicates cruise control status.</ptxt>
</para>
</procstep>
<procstep id="en-US0900c8af83831348-KC03020757">
<title id="en-US0900c8af83831348-nev11393844n78">EVAP canister shut-off valve</title>
<para id="en-US0900c8af83831348-nev11393844n76">
<ptxt id="en-US0900c8af83831348-nev11393844n74">The parameter indicates the EVAP canister shut-off valve position.</ptxt>
</para>
</procstep>
<procstep id="en-US0900c8af83831348-KC03020758">
<title id="en-US0900c8af83831348-nev11393844n72">Battery voltage (V)</title>
<para id="en-US0900c8af83831348-nev11393844n70">
<ptxt id="en-US0900c8af83831348-nev11393844n68">Measurement range 0-20 V.</ptxt>
<ptxt id="en-US0900c8af83831348-nev11393844n66">The normal value is 13-14.5 V when the generator (GEN) is charging.</ptxt>
<ptxt id="en-US0900c8af83831348-nev11393844n64">The value indicates the voltage at the engine control module (ECM).</ptxt>
</para>
</procstep>
<procstep id="en-US0900c8af83831348-KC03020759">
<title id="en-US0900c8af83831348-nev11393844n62">Passenger compartment temperature (via central electronic module (CEM)) (°C) </title>
<para id="en-US0900c8af83831348-nev11393844n60">
<ptxt id="en-US0900c8af83831348-nev11393844n58">The parameter indicates the car's passenger compartment temperature.</ptxt>
</para>
</procstep>
<procstep id="en-US0900c8af83831348-KC03020760">
<title id="en-US0900c8af83831348-nev11393844n56">Total mileage (via central electronic module (CEM)) (km)</title>
<para id="en-US0900c8af83831348-nev11393844n54">
<ptxt id="en-US0900c8af83831348-nev11393844n52">The parameter indicates the car's total mileage.</ptxt>
</para>
</procstep>
<procstep id="en-US0900c8af83831348-KC03020761">
<title id="en-US0900c8af83831348-nev11393844n50">Fuel pressure (Pa)</title>
<para id="en-US0900c8af83831348-nev11393844n48">
<ptxt id="en-US0900c8af83831348-nev11393844n46">Measurement range 0-1067 kPa.</ptxt>
<ptxt id="en-US0900c8af83831348-nev11393844n44">The parameter indicates absolute pressure.</ptxt>
<ptxt id="en-US0900c8af83831348-nev11393844n42">Normal value 480 ± 5 kPa when idling with the engine at operating temperature. The pressure drops when the ignition is switched off.</ptxt>
</para>
</procstep>
<procstep id="en-US0900c8af83831348-KC03020762">
<title id="en-US0900c8af83831348-nev11393844n40">Ignition advance (°)</title>
<para id="en-US0900c8af83831348-nev11393844n38">
<ptxt id="en-US0900c8af83831348-nev11393844n36">Measurement range -20 - +62 ° btdc.</ptxt>
<ptxt id="en-US0900c8af83831348-nev11393844n34">Normal value when idling varies depending on the engine coolant temperature (ECT) etc.</ptxt>
</para>
</procstep>
<procstep id="en-US0900c8af83831348-KC03020763">
<title id="en-US0900c8af83831348-nev11393844n32">Mass air flow (g/s)</title>
<para id="en-US0900c8af83831348-nev11393844n30">
<ptxt id="en-US0900c8af83831348-nev11393844n28">Measurement range 0-200 g/s.</ptxt>
<ptxt id="en-US0900c8af83831348-nev11393844n26">The value indicates the mass air flow that passes through the mass air flow (MAF) sensor. The engine control module (ECM) calculates the value based on the signal from the mass air flow (MAF) sensor. </ptxt>
<ptxt id="en-US0900c8af83831348-nev11393844n24">Normal value with the engine at operating temperature and idling and under no load, neutral and air conditioning (A/C) switched off: approximately 4 g/s.</ptxt>
</para>
</procstep>
<procstep id="en-US0900c8af83831348-KC03020764">
<title id="en-US0900c8af83831348-nev11393844n22">Intake air temperature (IAT) (°C)</title>
<para id="en-US0900c8af83831348-nev11393844n20">
<ptxt id="en-US0900c8af83831348-nev11393844n18">Measurement range -40 - +120 °C.</ptxt>
<ptxt id="en-US0900c8af83831348-nev11393844n16">The engine control module (ECM) calculates the temperature from the temperature sensor for intake air (integrated in the mass air flow (MAF) sensor).</ptxt>
</para>
</procstep>
<procstep id="en-US0900c8af83831348-KC03020765">
<title id="en-US0900c8af83831348-nev11393844n14">Throttle angle, actual value (%)</title>
<para id="en-US0900c8af83831348-nev11393844n12">
<ptxt id="en-US0900c8af83831348-nev11393844n10">Measurement range 0 -100 %.</ptxt>
<ptxt id="en-US0900c8af83831348-nev11393844n8">The engine control module (ECM) calculates the value from potentiometer 1 for the throttle position (TP) sensor. The value indicates the throttle opening.</ptxt>
<ptxt id="en-US0900c8af83831348-nev11393844n6">If a fault is detected in the throttle position (TP) sensor, potentiometer 1, by the engine control module (ECM), the value from the throttle position (TP) sensor, potentiometer 2, will be used to represent the throttle angle. This presumes that the function of throttle position (TP) sensor, potentiometer 2 is OK. </ptxt>
<ptxt id="en-US0900c8af83831348-nev11393844n4">0 % = throttle shut.</ptxt>
<ptxt id="en-US0900c8af83831348-nev11393844n2">100 % = throttle fully open. This corresponds to an opening angle of approximately 84 degrees.</ptxt>
<ptxt id="en-US0900c8af83831348-nev11393845n250">Must follow the parameter "Throttle angle, desired value". </ptxt>
</para>
</procstep>
<procstep id="en-US0900c8af83831348-KC03020766">
<title id="en-US0900c8af83831348-nev11393845n248">Fuel level (via central electronic module (CEM)) (I) </title>
<para id="en-US0900c8af83831348-nev11393845n246">
<ptxt id="en-US0900c8af83831348-nev11393845n244">The parameter indicates the fuel level in the fuel tank.</ptxt>
</para>
</procstep>
<procstep id="en-US0900c8af83831348-KC03020767">
<title id="en-US0900c8af83831348-nev11393845n242">Calculated three-way catalytic converter (TWC) temperature (°C)</title>
<para id="en-US0900c8af83831348-nev11393845n240">
<ptxt id="en-US0900c8af83831348-nev11393845n238">The parameter indicates the calculated temperature of the three-way catalytic converter (TWC). </ptxt>
</para>
</procstep>
<procstep id="en-US0900c8af83831348-KC03020768">
<title id="en-US0900c8af83831348-nev11393845n236">Calculated exhaust temperature (°C)</title>
<para id="en-US0900c8af83831348-nev11393845n234">
<ptxt id="en-US0900c8af83831348-nev11393845n232">The parameter indicates the calculated temperature of the exhaust temperature. </ptxt>
</para>
</procstep>
<procstep id="en-US0900c8af83831348-KC03020769">
<title id="en-US0900c8af83831348-nev11393845n230">Throttle position, circuit 1 (%)</title>
<para id="en-US0900c8af83831348-nev11393845n228">
<ptxt id="en-US0900c8af83831348-nev11393845n226">Measurement range -3 - +130 %.</ptxt>
<ptxt id="en-US0900c8af83831348-nev11393845n224">Normal value 0 - 100 %.</ptxt>
<ptxt id="en-US0900c8af83831348-nev11393845n222">There is an electrical fault if the displayed value is outside the measurement range. The value must increase with increased throttle angle. </ptxt>
<ptxt id="en-US0900c8af83831348-nev11393845n220">Approximately 0 % = throttle closed.</ptxt>
<ptxt id="en-US0900c8af83831348-nev11393845n218">Approximately 100 % = wide open throttle (WOT). This corresponds to an opening angle of approximately 84 degrees.</ptxt>
</para>
</procstep>
<procstep id="en-US0900c8af83831348-KC03020770">
<title id="en-US0900c8af83831348-nev11393845n216">Throttle position, circuit 2 (%)</title>
<para id="en-US0900c8af83831348-nev11393845n214">
<ptxt id="en-US0900c8af83831348-nev11393845n212">Measurement range -4 - +140 %.</ptxt>
<ptxt id="en-US0900c8af83831348-nev11393845n210">Normal value 0 - 100 %.</ptxt>
<ptxt id="en-US0900c8af83831348-nev11393845n208">There is an electrical fault if the displayed value is outside the measurement range. The value must increase with increased throttle angle. </ptxt>
<ptxt id="en-US0900c8af83831348-nev11393845n206">Approximately 0 % = throttle closed.</ptxt>
<ptxt id="en-US0900c8af83831348-nev11393845n204">Approximately 100 % = wide open throttle (WOT). This corresponds to an opening angle of approximately 84 degrees.</ptxt>
</para>
</procstep>
<procstep id="en-US0900c8af83831348-KC03020771">
<title id="en-US0900c8af83831348-nev11393845n202">Accelerator pedal (AP), PWM (%)</title>
<para id="en-US0900c8af83831348-nev11393845n200">
<ptxt id="en-US0900c8af83831348-nev11393845n198">Measurement range 0 -100 %.</ptxt>
<ptxt id="en-US0900c8af83831348-nev11393845n196">PWM signal from the accelerator pedal (AP) position sensor to the engine control module (ECM). The value indicates the accelerator pedal (AP) position.</ptxt>
<ptxt id="en-US0900c8af83831348-nev11393845n194">Approximately 8 %= the accelerator pedal (AP) completely released.</ptxt>
<ptxt id="en-US0900c8af83831348-nev11393845n192">Approximately 88 %= the accelerator pedal (AP) completely depressed.</ptxt>
<ptxt id="en-US0900c8af83831348-nev11393845n190">The PWM signal is used if there is a fault with the analog signal.</ptxt>
</para>
<hint id="en-US0900c8af83831348-nev11393845n188">
<ptxt id="en-US0900c8af83831348-nev11393845n186">The value must follow the parameter "Accelerator pedal, analog". </ptxt>
</hint>
</procstep>
<procstep id="en-US0900c8af83831348-KC03020772">
<title id="en-US0900c8af83831348-nev11393845n184">Accelerator pedal (AP), analog (%)</title>
<para id="en-US0900c8af83831348-nev11393845n182">
<ptxt id="en-US0900c8af83831348-nev11393845n180">Measurement range 0 -100 %.</ptxt>
<ptxt id="en-US0900c8af83831348-nev11393845n178">Analog signal from the accelerator pedal (AP) position sensor to the engine control module (ECM). The value indicates the accelerator pedal (AP) position.</ptxt>
<ptxt id="en-US0900c8af83831348-nev11393845n176">Approximately 8 %= the accelerator pedal (AP) completely released.</ptxt>
<ptxt id="en-US0900c8af83831348-nev11393845n174">Approximately 88 %= the accelerator pedal (AP) completely depressed.</ptxt>
<ptxt id="en-US0900c8af83831348-nev11393845n172">The analog signal is usually used by the engine control module (ECM). </ptxt>
</para>
<hint id="en-US0900c8af83831348-nev11393845n170">
<ptxt id="en-US0900c8af83831348-nev11393845n168">The value must follow the parameter "Accelerator pedal, PWM". </ptxt>
</hint>
</procstep>
<procstep id="en-US0900c8af83831348-KC03020773">
<title id="en-US0900c8af83831348-nev11393845n166">Throttle angle, desired value (%)</title>
<para id="en-US0900c8af83831348-nev11393845n164">
<ptxt id="en-US0900c8af83831348-nev11393845n162">Measurement range 0 -100 %.</ptxt>
<ptxt id="en-US0900c8af83831348-nev11393845n160">The value indicates the signal transmitted to the throttle unit from the engine control module (ECM).</ptxt>
<ptxt id="en-US0900c8af83831348-nev11393845n158">0 % = throttle shut.</ptxt>
<ptxt id="en-US0900c8af83831348-nev11393845n156">100 % = throttle fully open. This corresponds to an opening angle of approximately 84 degrees.</ptxt>
</para>
</procstep>
</procedure>
</servinfosub></ti_title></orphans>