<?xml version="1.0" encoding="UTF-8"?><orphans><doc-subhead>Standard parts, service and maintenance material</doc-subhead><ti_title><servinfosub IE-ID="en-US0900c8af851c5dad" docno="VCC-424392" id="en-US0900c8af851c5dad-nev16426566n1" original="sv-SE" servinfosubId="nev16426567n1-nev16426566n3" servinfosubRes="0900c8af851c5e16" servinfosubRes2="urn:x-nevis:fragment:0900c8af851c5dad:0900c8af851c5e16#nev16426566n3" xml:lang="en-US" yearRange="">
<title id="en-US0900c8af851c5dad-nev16426566n2">Brake pads rear (EPB)</title>
<procedure id="en-US0900c8af851c5dad-nev16426567n1-nev16426568n218">
<procstep id="en-US0900c8af851c5dad-nev16426567n1-nev16426568n217">
<title id="en-US0900c8af851c5dad-nev16426567n1-nev16426568n216">Pad thickness (2x) + disc thickness</title>
<table id="en-US0900c8af851c5dad-nev16426567n1-nev16426568n215">
<tgroup cols="3" id="en-US0900c8af851c5dad-nev16426567n1-nev16426568n214">
<colspec colname="col1" colwidth="1.15*" id="en-US0900c8af851c5dad-nev16426567n1-nev16426568n213"/>
<colspec colname="col2" colwidth="0.91*" id="en-US0900c8af851c5dad-nev16426567n1-nev16426568n212"/>
<colspec colname="col3" colwidth="0.91*" id="en-US0900c8af851c5dad-nev16426567n1-nev16426568n211"/>
<tbody id="en-US0900c8af851c5dad-nev16426567n1-nev16426568n210">
<row id="en-US0900c8af851c5dad-nev16426567n1-nev16426568n209">
<entry id="en-US0900c8af851c5dad-nev16426567n1-nev16426568n208">
<ptxt id="en-US0900c8af851c5dad-nev16426567n1-nev16426568n207">
<emph id="en-US0900c8af851c5dad-nev16426567n1-nev16426568n206">Model</emph>
</ptxt>
</entry>
<entry id="en-US0900c8af851c5dad-nev16426567n1-nev16426568n205">
<ptxt id="en-US0900c8af851c5dad-nev16426567n1-nev16426568n204">
<emph id="en-US0900c8af851c5dad-nev16426567n1-nev16426568n203">Type</emph>
</ptxt>
</entry>
<entry id="en-US0900c8af851c5dad-nev16426567n1-nev16426568n202">
<ptxt id="en-US0900c8af851c5dad-nev16426567n1-nev16426568n201">
<emph id="en-US0900c8af851c5dad-nev16426567n1-nev16426568n200">Min dimensions mm</emph>
</ptxt>
</entry>
</row>
<row id="en-US0900c8af851c5dad-nev16426567n1-nev16426568n199">
<entry id="en-US0900c8af851c5dad-nev16426567n1-nev16426568n198">
<ptxt id="en-US0900c8af851c5dad-nev16426567n1-nev16426568n197">S80 (07-) / S60 (11-) / V60 (11-) / V70 (08-) / XC70 (08-)</ptxt>
</entry>
<entry id="en-US0900c8af851c5dad-nev16426567n1-nev16426568n196">
<ptxt id="en-US0900c8af851c5dad-nev16426567n1-nev16426568n195">solid</ptxt>
</entry>
<entry id="en-US0900c8af851c5dad-nev16426567n1-nev16426568n194">
<ptxt id="en-US0900c8af851c5dad-nev16426567n1-nev16426568n193">16</ptxt>
</entry>
</row>
<row id="en-US0900c8af851c5dad-nev16426567n1-nev16426568n192">
<entry id="en-US0900c8af851c5dad-nev16426567n1-nev16426568n191">
<ptxt id="en-US0900c8af851c5dad-nev16426567n1-nev16426568n190">XC60</ptxt>
</entry>
<entry id="en-US0900c8af851c5dad-nev16426567n1-nev16426568n189">
<ptxt id="en-US0900c8af851c5dad-nev16426567n1-nev16426568n188">vent</ptxt>
</entry>
<entry id="en-US0900c8af851c5dad-nev16426567n1-nev16426568n187">
<ptxt id="en-US0900c8af851c5dad-nev16426567n1-nev16426568n186">26</ptxt>
</entry>
</row>
</tbody>
</tgroup>
</table>
</procstep>
</procedure>
</servinfosub><servinfosub IE-ID="en-US0900c8af885dc9b0" docno="VCC-370750" id="en-US0900c8af885dc9b0-nev13715774n1" original="sv-SE" servinfosubId="nev13715775n1-nev20895988n1" servinfosubRes="0900c8af86a624ce" servinfosubRes2="urn:x-nevis:fragment:0900c8af885dc9b0:0900c8af86a624ce#nev20895988n1" xml:lang="en-US" yearRange="">
<operationnumbers>
<operationnumber>51064-2</operationnumber>
</operationnumbers>
<title id="en-US0900c8af885dc9b0-nev13715773n50">Brake pads, front, check</title>
<toolitemtable id="en-US0900c8af885dc9b0-nev13715775n1-nev22503100n67">
<table id="en-US0900c8af885dc9b0-nev13715775n1-nev22503100n66">
<tgroup cols="2" id="en-US0900c8af885dc9b0-nev13715775n1-nev22503100n65">
<colspec colname="COLSPEC0" colwidth="1.00*" id="en-US0900c8af885dc9b0-nev13715775n1-nev22503100n64"/>
<colspec colname="COLSPEC1" colwidth="1.00*" id="en-US0900c8af885dc9b0-nev13715775n1-nev22503100n63"/>
<thead id="en-US0900c8af885dc9b0-nev13715775n1-nev22503100n62">
<row id="en-US0900c8af885dc9b0-nev13715775n1-nev22503100n61">
<entry id="en-US0900c8af885dc9b0-nev13715775n1-nev22503100n60" nameend="COLSPEC1" namest="COLSPEC0" valign="top">
<ptxt id="en-US0900c8af885dc9b0-nev13715775n1-nev22503100n59">
<emph id="en-US0900c8af885dc9b0-nev13715775n1-nev22503100n58">Special tools</emph>
</ptxt>
</entry>
</row>
</thead>
<tbody id="en-US0900c8af885dc9b0-nev13715775n1-nev22503100n57">
<row id="en-US0900c8af885dc9b0-nev13715775n1-nev22503100n56">
<entry id="en-US0900c8af885dc9b0-nev13715775n1-nev22503100n55">
<graphic id="en-US0900c8af885dc9b0-nev13715775n1-nev22503100n54">
<href>0900c8af850b1cba_402_402.jpeg</href>
</graphic>
</entry>
<entry id="en-US0900c8af885dc9b0-nev13715775n1-nev22503100n53">
<ptxt id="en-US0900c8af885dc9b0-nev13715775n1-nev22503100n52">
<emph id="en-US0900c8af885dc9b0-nev13715775n1-nev22503100n51">999 7437 Measuring tools</emph>
</ptxt>
<ptxt id="en-US0900c8af885dc9b0-nev13715775n1-nev22503100n49">
<emph id="en-US0900c8af885dc9b0-nev13715775n1-nev22503100n48">Tool number:</emph>999 7437</ptxt>
<ptxt id="en-US0900c8af885dc9b0-nev13715775n1-nev22503100n47">
<emph id="en-US0900c8af885dc9b0-nev13715775n1-nev22503100n46">Tool description:</emph>Measuring tools</ptxt>
<ptxt id="en-US0900c8af885dc9b0-nev13715775n1-nev22503100n44">
<emph id="en-US0900c8af885dc9b0-nev13715775n1-nev22503100n43">Tool boards:</emph>50</ptxt>
</entry>
</row>
</tbody>
</tgroup>
</table>
</toolitemtable>
<procedure id="en-US0900c8af885dc9b0-nev13715775n1-nev22502659n1">
<stepgrp boilerplate="false" context="" id="en-US0900c8af885dc9b0-nev13715775n1-nev22503100n86">
<title id="en-US0900c8af885dc9b0-nev13715775n1-0800c8af844a4703">Check</title>
<procstep id="en-US0900c8af885dc9b0-nev13715775n1-nev22503100n85">
<grate id="en-US0900c8af885dc9b0-nev13715775n1-nev22503100n83">
<graphic id="en-US0900c8af885dc9b0-nev13715775n1-nev22503100n84">
<href>0900c8af86a6248b_950_900.jpeg</href>
</graphic>
<graphtext id="en-US0900c8af885dc9b0-nev13715775n1-nev22503107n1">
<para id="en-US0900c8af885dc9b0-nev13715775n1-nev22503100n80">
<ptxt id="en-US0900c8af885dc9b0-nev13715775n1-nev22503100n82">
<toolitem boilerplate="true" id="en-US0900c8af885dc9b0-nev13715775n1-nev22503100n81" imageid="0900c8af850b1cba"/>
</ptxt>
</para>
<para id="en-US0900c8af885dc9b0-nev13715775n1-nev22503100n78">
<ptxt id="en-US0900c8af885dc9b0-nev13715775n1-nev22503100n79">Note the value.</ptxt>
</para>
</graphtext>
</grate>
</procstep>
<procstep id="en-US0900c8af885dc9b0-nev13715775n1-nev22503100n77">
<para id="en-US0900c8af885dc9b0-nev13715775n1-nev22503100n73">
<ptxt id="en-US0900c8af885dc9b0-nev13715775n1-nev22503100n75">See information about brake pads front<xref boilerplate="true" id="en-US0900c8af885dc9b0-nev13715775n1-nev22503100n76">
<ref id="en-US0900c8af8682879c-nev13715783n1(20042005200620072008200920102011)"/>
</xref>
</ptxt>
</para>
</procstep>
<procstep id="en-US0900c8af885dc9b0-nev13715775n1-nev22503100n72">
<para id="en-US0900c8af885dc9b0-nev13715775n1-nev22503100n68">
<ptxt id="en-US0900c8af885dc9b0-nev13715775n1-nev22503100n70">Replace brake pads front<xref boilerplate="true" id="en-US0900c8af885dc9b0-nev13715775n1-nev22503100n71">
<ref id="en-US0900c8af878e00e8-nev13715754n1(2008200920102012),en-US0900c8af878e00e8-nev13715754n1(2004200520062007),en-US0900c8af878e00e8-nev13715754n1(200520062007200820092010),en-US0900c8af878e00e8-nev13715754n1(200820092010),en-US0900c8af878e00e8-nev13715754n1(200520062007)"/>
</xref>
</ptxt>
</para>
</procstep>
</stepgrp>
</procedure>
</servinfosub><servinfosub IE-ID="en-US0900c8af85216624" docno="VCC-423699" id="en-US0900c8af85216624-nev16388943n1" original="sv-SE" servinfosubId="nev16388944n1-nev16405148n1" servinfosubRes="0900c8af851cf017" servinfosubRes2="urn:x-nevis:fragment:0900c8af85216624:0900c8af851cf017#nev16405148n1" xml:lang="en-US" yearRange="">
<title id="en-US0900c8af85216624-nev16388943n2">Brake pads, rear, check</title>
<toolitemtable id="en-US0900c8af85216624-nev16388944n1-nev16428661n83">
<table id="en-US0900c8af85216624-nev16388944n1-nev16428661n82">
<tgroup cols="2" id="en-US0900c8af85216624-nev16388944n1-nev16428661n81">
<colspec colname="COLSPEC0" colwidth="1.00*" id="en-US0900c8af85216624-nev16388944n1-nev16428661n80"/>
<colspec colname="COLSPEC1" colwidth="1.00*" id="en-US0900c8af85216624-nev16388944n1-nev16428661n79"/>
<thead id="en-US0900c8af85216624-nev16388944n1-nev16428661n78">
<row id="en-US0900c8af85216624-nev16388944n1-nev16428661n77">
<entry id="en-US0900c8af85216624-nev16388944n1-nev16428661n76" nameend="COLSPEC1" namest="COLSPEC0" valign="top">
<ptxt id="en-US0900c8af85216624-nev16388944n1-nev16428661n75">
<emph id="en-US0900c8af85216624-nev16388944n1-nev16428661n74">Special tools</emph>
</ptxt>
</entry>
</row>
</thead>
<tbody id="en-US0900c8af85216624-nev16388944n1-nev16428661n73">
<row id="en-US0900c8af85216624-nev16388944n1-nev16428661n72">
<entry id="en-US0900c8af85216624-nev16388944n1-nev16428661n71">
<graphic id="en-US0900c8af85216624-nev16388944n1-nev16428661n70">
<href>0900c8af850b1cba_402_402.jpeg</href>
</graphic>
</entry>
<entry id="en-US0900c8af85216624-nev16388944n1-nev16428661n69">
<ptxt id="en-US0900c8af85216624-nev16388944n1-nev16428661n68">
<emph id="en-US0900c8af85216624-nev16388944n1-nev16428661n67">999 7437 Measuring tools</emph>
</ptxt>
<ptxt id="en-US0900c8af85216624-nev16388944n1-nev16428661n65">
<emph id="en-US0900c8af85216624-nev16388944n1-nev16428661n64">Tool number:</emph>999 7437</ptxt>
<ptxt id="en-US0900c8af85216624-nev16388944n1-nev16428661n63">
<emph id="en-US0900c8af85216624-nev16388944n1-nev16428661n62">Tool description:</emph>Measuring tools</ptxt>
<ptxt id="en-US0900c8af85216624-nev16388944n1-nev16428661n60">
<emph id="en-US0900c8af85216624-nev16388944n1-nev16428661n59">Tool boards:</emph>50</ptxt>
</entry>
</row>
</tbody>
</tgroup>
</table>
</toolitemtable>
<procedure id="en-US0900c8af85216624-nev16388944n1-nev16405141n66">
<stepgrp boilerplate="false" context="" id="en-US0900c8af85216624-nev16388944n1-nev16428661n94">
<title id="en-US0900c8af85216624-nev16388944n1-0800c8af844a4703">Check</title>
<procstep id="en-US0900c8af85216624-nev16388944n1-nev16405141n71">
<para id="en-US0900c8af85216624-nev16388944n1-nev16428661n92">
<ptxt id="en-US0900c8af85216624-nev16388944n1-nev16428661n93">Remove the wheel<xref boilerplate="true" id="en-US0900c8af85216624-nev16388944n1-0800c8af844f033b">
<ref id="en-US0900c8af86b99124-nev13716510n1(200420052006200720082009201020112012)"/>
</xref>
</ptxt>
</para>
</procstep>
<procstep id="en-US0900c8af85216624-nev16388944n1-nev16405141n82">
<grate id="en-US0900c8af85216624-nev16388944n1-nev16405141n59">
<graphic id="en-US0900c8af85216624-nev16388944n1-nev16405141n60">
<href>0900c8af851b0832_950_600.jpeg</href>
</graphic>
</grate>
</procstep>
<procstep id="en-US0900c8af85216624-nev16388944n1-nev16406076n79">
<grate id="en-US0900c8af85216624-nev16388944n1-nev16406076n58">
<graphic id="en-US0900c8af85216624-nev16388944n1-nev16406076n59">
<href>0900c8af851b8dd7_950_600.jpeg</href>
</graphic>
<graphtext id="en-US0900c8af85216624-nev16388944n1-nev16428674n1">
<para id="en-US0900c8af85216624-nev16388944n1-nev16428661n90">
<ptxt id="en-US0900c8af85216624-nev16388944n1-nev16428661n91">Note the value.</ptxt>
</para>
<para id="en-US0900c8af85216624-nev16388944n1-nev16428661n88">
<ptxt id="en-US0900c8af85216624-nev16388944n1-nev16428661n89">
<toolitem boilerplate="true" id="en-US0900c8af85216624-nev16388944n1-nev16406076n7" imageid="0900c8af850b1cba"/>
</ptxt>
</para>
</graphtext>
</grate>
</procstep>
<procstep id="en-US0900c8af85216624-nev16388944n1-nev16421194n34">
<para id="en-US0900c8af85216624-nev16388944n1-nev16428661n84">
<ptxt id="en-US0900c8af85216624-nev16388944n1-nev16428661n86">See information about brake pads rear (epb)<xref boilerplate="true" id="en-US0900c8af85216624-nev16388944n1-nev16428661n87">
<ref id="en-US0900c8af85216624-nev16388944n1-nev16428661n85"/>
</xref>
</ptxt>
</para>
</procstep>
</stepgrp>
</procedure>
</servinfosub><servinfosub IE-ID="en-US0900c8af83c796a1" docno="VCC-099671" id="en-US0900c8af83c796a1-KC01117857" servinfosubId="nev20683402n1-nev20683402n2" servinfosubRes="0900c8af862b93ee" servinfosubRes2="urn:x-nevis:fragment:0900c8af83c796a1:0900c8af862b93ee#nev20683402n2" xml:lang="en-US" yearRange="">
<title id="en-US0900c8af83c796a1-nev12567030n250">Option</title>
<table id="en-US0900c8af83c796a1-nev20683402n1-nev12567030n248" pgwide="1">
<title id="en-US0900c8af83c796a1-nev20683402n1-nev12567030n246">
<emph etype="ital" id="en-US0900c8af83c796a1-nev20683402n1-nev12567030n244">Check the following from inside the car: </emph>
</title>
<tgroup cols="2" colsep="0" id="en-US0900c8af83c796a1-nev20683402n1-nev12567030n242" rowsep="0">
<colspec colwidth="159*" id="en-US0900c8af83c796a1-nev20683402n1-nev12567030n240"/>
<colspec colwidth="369*" id="en-US0900c8af83c796a1-nev20683402n1-nev12567030n239"/>
<tbody id="en-US0900c8af83c796a1-nev20683402n1-nev12567030n238">
<row id="en-US0900c8af83c796a1-nev20683402n1-nev12567030n236">
<entry align="left" id="en-US0900c8af83c796a1-nev20683402n1-nev12567030n234" valign="top">
<ptxt id="en-US0900c8af83c796a1-nev20683402n1-nev12567030n232">
<emph id="en-US0900c8af83c796a1-nev20683402n1-nev12567030n230">Door mirrors</emph>
</ptxt>
</entry>
<entry align="left" id="en-US0900c8af83c796a1-nev20683402n1-nev12567030n228" valign="top">
<ptxt id="en-US0900c8af83c796a1-nev20683402n1-nev12567030n226">Check that the glass is undamaged and that the internal mirror can be moved to the anti-dazzle position. Check the mirror mounting.</ptxt>
<ptxt id="en-US0900c8af83c796a1-nev20683402n1-nev12567030n224">Check the function of the outer mirrors.</ptxt>
</entry>
</row>
<row id="en-US0900c8af83c796a1-nev20683402n1-nev12567030n222">
<entry align="left" id="en-US0900c8af83c796a1-nev20683402n1-nev12567030n220" valign="top">
<ptxt id="en-US0900c8af83c796a1-nev20683402n1-nev12567030n218">
<emph id="en-US0900c8af83c796a1-nev20683402n1-nev12567030n216">Glove compartment and centre console lighting </emph>
</ptxt>
</entry>
<entry align="left" id="en-US0900c8af83c796a1-nev20683402n1-nev12567030n214" valign="top">
<ptxt id="en-US0900c8af83c796a1-nev20683402n1-nev12567030n212">Check the function.</ptxt>
<ptxt id="en-US0900c8af83c796a1-nev20683402n1-nev12567030n210">Check the courtesy lighting and door lamps.</ptxt>
</entry>
</row>
<row id="en-US0900c8af83c796a1-nev20683402n1-nev12567030n208">
<entry align="left" id="en-US0900c8af83c796a1-nev20683402n1-nev12567030n206" valign="top">
<ptxt id="en-US0900c8af83c796a1-nev20683402n1-nev12567030n204">
<emph id="en-US0900c8af83c796a1-nev20683402n1-nev12567030n202">Courtesy lighting</emph>
</ptxt>
</entry>
<entry align="left" id="en-US0900c8af83c796a1-nev20683402n1-nev12567030n200" valign="top">
<ptxt id="en-US0900c8af83c796a1-nev20683402n1-nev12567030n198">Check the function. The front and rear roof lamps.</ptxt>
</entry>
</row>
<row id="en-US0900c8af83c796a1-nev20683402n1-nev12567030n196">
<entry align="left" id="en-US0900c8af83c796a1-nev20683402n1-nev12567030n194" valign="top">
<ptxt id="en-US0900c8af83c796a1-nev20683402n1-nev12567030n192">
<emph id="en-US0900c8af83c796a1-nev20683402n1-nev12567030n190">Indicator lamps</emph>
</ptxt>
</entry>
<entry align="left" id="en-US0900c8af83c796a1-nev20683402n1-nev12567030n188" valign="top">
<ptxt id="en-US0900c8af83c796a1-nev20683402n1-nev12567030n186">Check the function of all control and warning lamps.</ptxt>
</entry>
</row>
<row id="en-US0900c8af83c796a1-nev20683402n1-nev12567030n184">
<entry align="left" id="en-US0900c8af83c796a1-nev20683402n1-nev12567030n182" valign="top">
<ptxt id="en-US0900c8af83c796a1-nev20683402n1-nev12567030n180">
<emph id="en-US0900c8af83c796a1-nev20683402n1-nev12567030n178">Instrument lighting</emph>
</ptxt>
</entry>
<entry align="left" id="en-US0900c8af83c796a1-nev20683402n1-nev12567030n176" valign="top">
<ptxt id="en-US0900c8af83c796a1-nev20683402n1-nev12567030n174">Check the function and that the lighting strength can be controlled.</ptxt>
</entry>
</row>
<row id="en-US0900c8af83c796a1-nev20683402n1-nev12567030n172">
<entry align="left" id="en-US0900c8af83c796a1-nev20683402n1-nev12567030n170" valign="top">
<ptxt id="en-US0900c8af83c796a1-nev20683402n1-nev12567030n168">
<emph id="en-US0900c8af83c796a1-nev20683402n1-nev12567030n166">Climate control</emph>
</ptxt>
</entry>
<entry align="left" id="en-US0900c8af83c796a1-nev20683402n1-nev12567030n164" valign="top">
<ptxt id="en-US0900c8af83c796a1-nev20683402n1-nev12567030n162">Check function switch.</ptxt>
</entry>
</row>
<row id="en-US0900c8af83c796a1-nev20683402n1-nev12567030n160">
<entry align="left" id="en-US0900c8af83c796a1-nev20683402n1-nev12567030n158" valign="top">
<ptxt id="en-US0900c8af83c796a1-nev20683402n1-nev12567030n156">
<emph id="en-US0900c8af83c796a1-nev20683402n1-nev12567030n154">Rear windscreen demister</emph>
</ptxt>
</entry>
<entry align="left" id="en-US0900c8af83c796a1-nev20683402n1-nev12567030n152" valign="top">
<ptxt id="en-US0900c8af83c796a1-nev20683402n1-nev12567030n150">Check that bulb in the switch is operating.</ptxt>
</entry>
</row>
<row id="en-US0900c8af83c796a1-nev20683402n1-nev12567030n148">
<entry align="left" id="en-US0900c8af83c796a1-nev20683402n1-nev12567030n146" valign="top">
<ptxt id="en-US0900c8af83c796a1-nev20683402n1-nev12567030n144">
<emph id="en-US0900c8af83c796a1-nev20683402n1-nev12567030n142">Signal</emph>
</ptxt>
</entry>
<entry align="left" id="en-US0900c8af83c796a1-nev20683402n1-nev12567030n140" valign="top">
<ptxt id="en-US0900c8af83c796a1-nev20683402n1-nev12567030n138">Check the function.</ptxt>
</entry>
</row>
<row id="en-US0900c8af83c796a1-nev20683402n1-nev12567030n136">
<entry align="left" id="en-US0900c8af83c796a1-nev20683402n1-nev12567030n134" valign="top">
<ptxt id="en-US0900c8af83c796a1-nev20683402n1-nev12567030n132">
<emph id="en-US0900c8af83c796a1-nev20683402n1-nev12567030n130">Turn signal lamps</emph>
</ptxt>
</entry>
<entry align="left" id="en-US0900c8af83c796a1-nev20683402n1-nev12567030n128" valign="top">
<ptxt id="en-US0900c8af83c796a1-nev20683402n1-nev12567030n126">Check the function.</ptxt>
</entry>
</row>
<row id="en-US0900c8af83c796a1-nev20683402n1-nev12567030n124">
<entry align="left" id="en-US0900c8af83c796a1-nev20683402n1-nev12567030n122" valign="top">
<ptxt id="en-US0900c8af83c796a1-nev20683402n1-nev12567030n120">
<emph id="en-US0900c8af83c796a1-nev20683402n1-nev12567030n118">High and low beams</emph>
</ptxt>
</entry>
<entry align="left" id="en-US0900c8af83c796a1-nev20683402n1-nev12567030n116" valign="top">
<ptxt id="en-US0900c8af83c796a1-nev20683402n1-nev12567030n114">Check the function and the low beam setting</ptxt>
</entry>
</row>
<row id="en-US0900c8af83c796a1-nev20683402n1-nev12567030n112">
<entry align="left" id="en-US0900c8af83c796a1-nev20683402n1-nev12567030n110" valign="top">
<ptxt id="en-US0900c8af83c796a1-nev20683402n1-nev12567030n108">
<emph id="en-US0900c8af83c796a1-nev20683402n1-nev12567030n106">Seat belts</emph>
</ptxt>
</entry>
<entry align="left" id="en-US0900c8af83c796a1-nev20683402n1-nev12567030n104" valign="top">
<ptxt id="en-US0900c8af83c796a1-nev20683402n1-nev12567030n102">Jerk the seat belt and check the lock function. Inspect the seat belt, mountings and locks for any signs of wear or damage. Check that the warning system functions.</ptxt>
</entry>
</row>
</tbody>
</tgroup>
</table>
<table id="en-US0900c8af83c796a1-nev20683402n1-nev12567030n100" pgwide="1">
<title id="en-US0900c8af83c796a1-nev20683402n1-nev12567030n98">
<emph etype="ital" id="en-US0900c8af83c796a1-nev20683402n1-nev12567030n96">Check the following from outside the car: </emph>
</title>
<tgroup cols="2" colsep="0" id="en-US0900c8af83c796a1-nev20683402n1-nev12567030n94" rowsep="0">
<colspec colwidth="138*" id="en-US0900c8af83c796a1-nev20683402n1-nev12567030n92"/>
<colspec colwidth="318*" id="en-US0900c8af83c796a1-nev20683402n1-nev12567030n91"/>
<tbody id="en-US0900c8af83c796a1-nev20683402n1-nev12567030n90">
<row id="en-US0900c8af83c796a1-nev20683402n1-nev12567030n88">
<entry align="left" id="en-US0900c8af83c796a1-nev20683402n1-nev12567030n86" valign="top">
<ptxt id="en-US0900c8af83c796a1-nev20683402n1-nev12567030n84">
<emph id="en-US0900c8af83c796a1-nev20683402n1-nev12567030n82">Exterior lighting and reflectors and any fog lamps, front and rear</emph>
</ptxt>
</entry>
<entry align="left" id="en-US0900c8af83c796a1-nev20683402n1-nev12567030n80" valign="top">
<ptxt id="en-US0900c8af83c796a1-nev20683402n1-nev12567030n78">Check the function and for any damage. Check the alignment of the spoiler lamps.</ptxt>
</entry>
</row>
<row id="en-US0900c8af83c796a1-nev20683402n1-nev12567030n76">
<entry align="left" id="en-US0900c8af83c796a1-nev20683402n1-nev12567030n74" valign="top">
<ptxt id="en-US0900c8af83c796a1-nev20683402n1-nev12567030n72">
<emph id="en-US0900c8af83c796a1-nev20683402n1-nev12567030n70">Number plate, front and rear </emph>
</ptxt>
</entry>
<entry align="left" id="en-US0900c8af83c796a1-nev20683402n1-nev12567030n68" valign="top">
<ptxt id="en-US0900c8af83c796a1-nev20683402n1-nev12567030n66">Check the mounting. Check for any damage.</ptxt>
<ptxt id="en-US0900c8af83c796a1-nev20683402n1-nev12567030n64">Check the function of the number plate lamps.</ptxt>
</entry>
</row>
<row id="en-US0900c8af83c796a1-nev20683402n1-nev12567030n62">
<entry align="left" id="en-US0900c8af83c796a1-nev20683402n1-nev12567030n60" valign="top">
<ptxt id="en-US0900c8af83c796a1-nev20683402n1-nev12567030n58">
<emph id="en-US0900c8af83c796a1-nev20683402n1-nev12567030n56">Body and glass</emph>
</ptxt>
</entry>
<entry align="left" id="en-US0900c8af83c796a1-nev20683402n1-nev12567030n54" valign="top">
<ptxt id="en-US0900c8af83c796a1-nev20683402n1-nev12567030n52">Check the condition of the windscreen and for any defects in the other windows.</ptxt>
<ptxt id="en-US0900c8af83c796a1-nev20683402n1-nev12567030n50"> Inspect for bodywork damage that needs correcting or touching up.</ptxt>
</entry>
</row>
<row id="en-US0900c8af83c796a1-nev20683402n1-nev12567030n48">
<entry align="left" id="en-US0900c8af83c796a1-nev20683402n1-nev12567030n46" valign="top">
<ptxt id="en-US0900c8af83c796a1-nev20683402n1-nev12567030n44">
<emph id="en-US0900c8af83c796a1-nev20683402n1-nev12567030n42">Doors</emph>
</ptxt>
</entry>
<entry align="left" id="en-US0900c8af83c796a1-nev20683402n1-nev12567030n40" valign="top">
<ptxt id="en-US0900c8af83c796a1-nev20683402n1-nev12567030n38">Check the function of all the door locks, hinges and doorstops.</ptxt>
<ptxt id="en-US0900c8af83c796a1-nev20683402n1-nev12567030n36">Check the weatherstrips, lock facings and window lift mechanisms. </ptxt>
</entry>
</row>
<row id="en-US0900c8af83c796a1-nev20683402n1-nev12567030n34">
<entry align="left" id="en-US0900c8af83c796a1-nev20683402n1-nev12567030n32" valign="top">
<ptxt id="en-US0900c8af83c796a1-nev20683402n1-nev12567030n30">
<emph id="en-US0900c8af83c796a1-nev20683402n1-nev12567030n28">Remote control</emph>
</ptxt>
</entry>
<entry align="left" id="en-US0900c8af83c796a1-nev20683402n1-nev12567030n26" valign="top">
<ptxt id="en-US0900c8af83c796a1-nev20683402n1-nev12567030n24">Check the function.</ptxt>
<ptxt id="en-US0900c8af83c796a1-nev20683402n1-nev12567030n22">Also check the function of the alarm.</ptxt>
</entry>
</row>
<row id="en-US0900c8af83c796a1-nev20683402n1-nev12567030n20">
<entry align="left" id="en-US0900c8af83c796a1-nev20683402n1-nev12567030n18" valign="top">
<ptxt id="en-US0900c8af83c796a1-nev20683402n1-nev12567030n16">
<emph id="en-US0900c8af83c796a1-nev20683402n1-nev12567030n14">Door mirrors</emph>
</ptxt>
</entry>
<entry align="left" id="en-US0900c8af83c796a1-nev20683402n1-nev12567030n12" valign="top">
<ptxt id="en-US0900c8af83c796a1-nev20683402n1-nev12567030n10">Check the mounting and that the glass is undamaged.</ptxt>
<ptxt id="en-US0900c8af83c796a1-nev20683402n1-nev12567030n8">Test the fold function.</ptxt>
</entry>
</row>
<row id="en-US0900c8af83c796a1-nev20683402n1-nev12567030n6">
<entry align="left" id="en-US0900c8af83c796a1-nev20683402n1-nev12567030n4" valign="top">
<ptxt id="en-US0900c8af83c796a1-nev20683402n1-nev12567030n2">
<emph id="en-US0900c8af83c796a1-nev20683402n1-nev12567031n250">Wheels, tyres and mudguards </emph>
</ptxt>
</entry>
<entry align="left" id="en-US0900c8af83c796a1-nev20683402n1-nev12567031n248" valign="top">
<ptxt id="en-US0900c8af83c796a1-nev20683402n1-nev12567031n246">Check and/or adjust the tyre pressure. </ptxt>
<ptxt id="en-US0900c8af83c796a1-nev20683402n1-nev12567031n244">Check the condition of the rims.</ptxt>
<ptxt id="en-US0900c8af83c796a1-nev20683402n1-nev12567031n242">Check that the mudguards are securely installed.</ptxt>
</entry>
</row>
<row id="en-US0900c8af83c796a1-nev20683402n1-nev12567031n240">
<entry align="left" id="en-US0900c8af83c796a1-nev20683402n1-nev12567031n238" valign="top">
<ptxt id="en-US0900c8af83c796a1-nev20683402n1-nev12567031n236">
<emph id="en-US0900c8af83c796a1-nev20683402n1-nev12567031n234">Petrol / diesel heaters (where applicable) </emph>
</ptxt>
</entry>
<entry align="left" id="en-US0900c8af83c796a1-nev20683402n1-nev12567031n232" valign="top">
<ptxt id="en-US0900c8af83c796a1-nev20683402n1-nev12567031n230">Check the function.</ptxt>
</entry>
</row>
</tbody>
</tgroup>
</table>
<table id="en-US0900c8af83c796a1-nev20683402n1-nev12567031n228" pgwide="1">
<title id="en-US0900c8af83c796a1-nev20683402n1-nev12567031n226">
<emph etype="ital" id="en-US0900c8af83c796a1-nev20683402n1-nev12567031n224">Recommendations to the customer:</emph>
</title>
<tgroup cols="2" colsep="0" id="en-US0900c8af83c796a1-nev20683402n1-nev12567031n222" rowsep="1">
<colspec colwidth="161*" id="en-US0900c8af83c796a1-nev20683402n1-nev12567031n220"/>
<colspec colwidth="367*" id="en-US0900c8af83c796a1-nev20683402n1-nev12567031n219"/>
<tbody id="en-US0900c8af83c796a1-nev20683402n1-nev12567031n218">
<row id="en-US0900c8af83c796a1-nev20683402n1-nev12567031n216">
<entry align="left" id="en-US0900c8af83c796a1-nev20683402n1-nev12567031n214" valign="top">
<ptxt id="en-US0900c8af83c796a1-nev20683402n1-nev12567031n212">
<emph id="en-US0900c8af83c796a1-nev20683402n1-nev12567031n210">Changing the batteries in the control units or operating devices </emph>
</ptxt>
</entry>
<entry align="left" id="en-US0900c8af83c796a1-nev20683402n1-nev12567031n208" valign="top">
<ptxt id="en-US0900c8af83c796a1-nev20683402n1-nev12567031n206">Replace the batteries at every service. Applies to equipment such as remote controls.</ptxt>
</entry>
</row>
</tbody>
</tgroup>
</table>
</servinfosub></ti_title></orphans>