<?xml version="1.0" encoding="UTF-8"?><FunctionGroup2 Qualifier="General Safety Information" group="87" name="Climate units"><serv-cat servcat.name=" Cooling System (Mechanical)"/><serv-cat servcat.name=" Heater"/><serv-cat servcat.name="Automatic HVAC System"/><doc-head>HVAC</doc-head><doc-subhead>Climate Units - General Safety Information</doc-subhead>
          <!--<FunctionGroup3 group="NULL" name="NULL">
            <ti_title id="TITitle-12345" navTitle="navTitle" shortYearRange="2004-2010" title="ti_title" yearRange="2004-2010">
              <nevisid documentType="servinfosub" id="0900c8af80c4844f" title="Battery, charging" vccNumber="VCC-021045-1" yearRange="2004-2010"/>
              <nevisid documentType="servinfosub" id="0900c8af800c057c" title="Ignition and high voltage components" vccNumber="VCC-021044-1" yearRange="2004-2010"/>
            </ti_title>
          </FunctionGroup3>-->
          <FunctionGroup3 group="870" name="general">
            <ti_title id="TITitle-12345-173" navTitle="navTitle" shortYearRange="2004-2012" title="ti_title" yearRange="2004-2012">
              <servinfosub IE-ID="en-US0900c8af86308222" docno="VCC-371197" id="en-US0900c8af86308222-nev13718446n1" original="sv-SE" servinfosubId="nev13718447n1-nev13718446n4" servinfosubRes="0900c8af86308229" servinfosubRes2="urn:x-nevis:fragment:0900c8af86308222:0900c8af86308229#nev13718446n4" xml:lang="en-US" yearRange="2004-2010">
<title id="en-US0900c8af86308222-nev13718445n63">Refrigerant (2004-2010)</title>
<procedure id="en-US0900c8af86308222-nev13718447n1-nev13718445n66">
<stepgrp boilerplate="false" context="" id="en-US0900c8af86308222-nev13718447n1-nev20741161n18">
<title id="en-US0900c8af86308222-nev13718447n1-0800c8af860cf168">Safety precautions</title>
<procstep id="en-US0900c8af86308222-nev13718447n1-nev20741161n17">
<warning id="en-US0900c8af86308222-nev13718447n1-nev20741161n16">
<ptxt>Always follow the manufacturer’s instructions for the correct servicing unit operating procedure.</ptxt>
</warning>
</procstep>
<procstep id="en-US0900c8af86308222-nev13718447n1-nev20695935n61">
<warning id="en-US0900c8af86308222-nev13718447n1-0800c8af844a47df">
<ptxt>Only qualified technicians are allowed to work on air conditioning (A/C) systems.</ptxt>
</warning>
</procstep>
<procstep id="en-US0900c8af86308222-nev13718447n1-nev20695935n73">
<warning id="en-US0900c8af86308222-nev13718447n1-0800c8af844a47d1">
<ptxt>Wear safety goggles and protective gloves.</ptxt>
</warning>
</procstep>
<procstep id="en-US0900c8af86308222-nev13718447n1-nev20695935n71">
<warning id="en-US0900c8af86308222-nev13718447n1-0800c8af845ac7a3">
<ptxt>EYE CONTACT: If refrigerant comes into contact with the eyes, immediately flush the eyes with plenty of water for 15 minutes. Seek medical attention.</ptxt>
</warning>
</procstep>
<procstep id="en-US0900c8af86308222-nev13718447n1-nev20695935n69">
<warning id="en-US0900c8af86308222-nev13718447n1-0800c8af845ac7a2">
<ptxt>SKIN CONTACT: If liquid refrigerant comes into contact with the skin, it produces severe frostbite. Immediately flush affected areas with water for 15 minutes. Seek medical attention.</ptxt>
</warning>
</procstep>
<procstep id="en-US0900c8af86308222-nev13718447n1-nev20695935n63">
<warning id="en-US0900c8af86308222-nev13718447n1-0800c8af845ac7b2">
<ptxt>INHALED: Toxic gases generated when refrigerant is heated are hazardous to health. The gases have an irritating smell and can cause lung damage. The symptoms can continue for a long time after having been in contact with the gases. The gases can cause lung damage even if the amount of gas in the air is too small to smell.</ptxt>
</warning>
</procstep>
<procstep id="en-US0900c8af86308222-nev13718447n1-nev20695935n67">
<warning id="en-US0900c8af86308222-nev13718447n1-0800c8af844a47f1">
<ptxt>Refrigerant is flammable and explosive.</ptxt>
</warning>
</procstep>
<procstep id="en-US0900c8af86308222-nev13718447n1-nev20695935n65">
<warning id="en-US0900c8af86308222-nev13718447n1-0800c8af844a4817">
<ptxt>Make sure that refrigerant bottles are not exposed to temperatures greater than 45°C.</ptxt>
</warning>
</procstep>
<procstep id="en-US0900c8af86308222-nev13718447n1-nev20695935n59">
<warning id="en-US0900c8af86308222-nev13718447n1-0800c8af844a4823">
<ptxt>Make sure that the local regulations regarding work on air conditioning (A/C) systems are adhered to.</ptxt>
</warning>
</procstep>
</stepgrp>
</procedure>
</servinfosub>
              <servinfosub IE-ID="en-US0900c8af863081dd" docno="VCC-371189" id="en-US0900c8af863081dd-nev13720035n1" original="sv-SE" servinfosubId="nev13720036n1-nev13720035n4" servinfosubRes="0900c8af863081ed" servinfosubRes2="urn:x-nevis:fragment:0900c8af863081dd:0900c8af863081ed#nev13720035n4" xml:lang="en-US" yearRange="2004-2012">
<title id="en-US0900c8af863081dd-nev13720034n34">Safety information air conditioning system</title>
<procedure id="en-US0900c8af863081dd-nev13720036n1-nev13720034n35">
<stepgrp boilerplate="false" context="" id="en-US0900c8af863081dd-nev13720036n1-nev20741161n21">
<title id="en-US0900c8af863081dd-nev13720036n1-0800c8af845a0fd7">Safety information</title>
<procstep id="en-US0900c8af863081dd-nev13720036n1-nev13720034n36">
<warning id="en-US0900c8af863081dd-nev13720036n1-0800c8af844a47df">
<ptxt>Only qualified technicians are allowed to work on air conditioning (A/C) systems.</ptxt>
</warning>
</procstep>
<procstep id="en-US0900c8af863081dd-nev13720036n1-nev18667671n9">
<warning id="en-US0900c8af863081dd-nev13720036n1-0800c8af844a4823">
<ptxt>Make sure that the local regulations regarding work on air conditioning (A/C) systems are adhered to.</ptxt>
</warning>
</procstep>
<procstep id="en-US0900c8af863081dd-nev13720036n1-nev18667672n95">
<warning id="en-US0900c8af863081dd-nev13720036n1-0800c8af844a47e1">
<ptxt>Always follow the manufacturer’s instructions for the correct servicing unit operating procedure.</ptxt>
</warning>
</procstep>
<procstep id="en-US0900c8af863081dd-nev13720036n1-nev18667671n15">
<warning id="en-US0900c8af863081dd-nev13720036n1-0800c8af844a4806">
<ptxt>Make sure that the air conditioning (A/C) system is at ambient temperature before carrying out any repair.</ptxt>
</warning>
</procstep>
<procstep id="en-US0900c8af863081dd-nev13720036n1-nev18667671n1">
<warning id="en-US0900c8af863081dd-nev13720036n1-0800c8af844a480f">
<ptxt>Provide adequate ventilation when handling refrigerant.</ptxt>
</warning>
</procstep>
<procstep id="en-US0900c8af863081dd-nev13720036n1-nev18667671n11">
<warning id="en-US0900c8af863081dd-nev13720036n1-0800c8af844a47f1">
<ptxt>Refrigerant is flammable and explosive.</ptxt>
</warning>
</procstep>
<procstep id="en-US0900c8af863081dd-nev13720036n1-nev18667671n7">
<warning id="en-US0900c8af863081dd-nev13720036n1-0800c8af844a4817">
<ptxt>Make sure that refrigerant bottles are not exposed to temperatures greater than 45°C.</ptxt>
</warning>
</procstep>
<procstep id="en-US0900c8af863081dd-nev13720036n1-nev18667672n99">
<warning id="en-US0900c8af863081dd-nev13720036n1-0800c8af844a47ee">
<ptxt>Never release refrigerant into the atmosphere.</ptxt>
</warning>
</procstep>
<procstep id="en-US0900c8af863081dd-nev13720036n1-nev18667671n3">
<warning id="en-US0900c8af863081dd-nev13720036n1-0800c8af844a47ef">
<ptxt>Gaseous refrigerant has a higher density than air. There is a danger of suffocation when working close to the ground or in workshop pits.</ptxt>
</warning>
</procstep>
<procstep id="en-US0900c8af863081dd-nev13720036n1-nev13720037n46">
<caution id="en-US0900c8af863081dd-nev13720036n1-0800c8af844a40e3">
<ptxt>Refrigerant reacts chemically with certain plastics. Only use seals intended for refrigerant.</ptxt>
</caution>
</procstep>
<procstep id="en-US0900c8af863081dd-nev13720036n1-nev18667672n97">
<warning id="en-US0900c8af863081dd-nev13720036n1-0800c8af844a47cf">
<ptxt>Only use special tools, equipment and lubricants that are approved for the type of refrigerant being used.</ptxt>
</warning>
</procstep>
<procstep id="en-US0900c8af863081dd-nev13720036n1-nev13720034n46">
<warning id="en-US0900c8af863081dd-nev13720036n1-0800c8af844a47db">
<ptxt>When handling refrigerants, always wear protective goggles and gloves made of fluoroelastomer. Leather or fabric gloves are not suitable.</ptxt>
</warning>
</procstep>
<procstep id="en-US0900c8af863081dd-nev13720036n1-nev18667672n93">
<caution id="en-US0900c8af863081dd-nev13720036n1-0800c8af844a40c3">
<ptxt>Do not mix refrigerant oils for different types of refrigerant.</ptxt>
</caution>
</procstep>
<procstep id="en-US0900c8af863081dd-nev13720036n1-nev18667672n91">
<caution id="en-US0900c8af863081dd-nev13720036n1-0800c8af844a40c4">
<ptxt>Never mix different types of refrigerant or equipment intended for them.</ptxt>
</caution>
</procstep>
<procstep id="en-US0900c8af863081dd-nev13720036n1-nev18667672n88">
<caution id="en-US0900c8af863081dd-nev13720036n1-0800c8af844a40e8">
<ptxt>If the air conditioning (A/C) compressor is damaged, the fixed orifice tube can become blocked with metal particles.</ptxt>
</caution>
</procstep>
<procstep id="en-US0900c8af863081dd-nev13720036n1-nev20741161n20">
<warning id="en-US0900c8af863081dd-nev13720036n1-nev20741161n19">
<ptxt>Wear safety goggles and protective gloves.</ptxt>
</warning>
</procstep>
<procstep id="en-US0900c8af863081dd-nev13720036n1-nev18667671n17">
<warning id="en-US0900c8af863081dd-nev13720036n1-0800c8af845ac7a3">
<ptxt>EYE CONTACT: If refrigerant comes into contact with the eyes, immediately flush the eyes with plenty of water for 15 minutes. Seek medical attention.</ptxt>
</warning>
</procstep>
<procstep id="en-US0900c8af863081dd-nev13720036n1-nev20694293n90">
<warning id="en-US0900c8af863081dd-nev13720036n1-0800c8af845ac7a2">
<ptxt>SKIN CONTACT: If liquid refrigerant comes into contact with the skin, it produces severe frostbite. Immediately flush affected areas with water for 15 minutes. Seek medical attention.</ptxt>
</warning>
</procstep>
<procstep id="en-US0900c8af863081dd-nev13720036n1-nev18667671n13">
<warning id="en-US0900c8af863081dd-nev13720036n1-0800c8af845ac7b2">
<ptxt>INHALED: Toxic gases generated when refrigerant is heated are hazardous to health. The gases have an irritating smell and can cause lung damage. The symptoms can continue for a long time after having been in contact with the gases. The gases can cause lung damage even if the amount of gas in the air is too small to smell.</ptxt>
</warning>
</procstep>
</stepgrp>
</procedure>
</servinfosub>
            </ti_title>
          </FunctionGroup3>
          <FunctionGroup3 group="871" name="control">
            <ti_title id="TITitle-12345-174" navTitle="navTitle" shortYearRange="2004-2010" title="ti_title" yearRange="2004-2010">
              <ptxt><xref dupFrag="true" refid="en-US0900c8af80c4844f-KC01151273"/></ptxt>
              <ptxt><xref dupFrag="true" refid="en-US0900c8af800c057c-KC01247102"/></ptxt>
            </ti_title>
          </FunctionGroup3>
        </FunctionGroup2>