<?xml version="1.0" encoding="UTF-8"?><FunctionGroup2 Qualifier="Specifications, other" group="43" name="Transmission"><serv-cat servcat.name=" Manual Trans"/><serv-cat servcat.name=" Clutches Manual @AnD@ Hydraulic"/><serv-cat servcat.name="Automatic Trans"/><doc-head>Transmission</doc-head><doc-subhead>Transmission - Specifications, other</doc-subhead>
          <FunctionGroup3 group="437" name="automatic, transmission (hydromechanical)">
            <ti_title id="TITitle-12345-139" navTitle="navTitle" shortYearRange="2005-2010" title="ti_title" trans="AW50/51 AWD" yearRange="2005-2010">
              <!--<nevisid documentType="servinfosub" id="0900c8af81336947" notFirstLevelInfo="true" title="Description of activations" vccNumber="VCC-149052-2" yearRange="2005-2010"/>-->
              <!--<nevisid documentType="servinfosub" id="0900c8af8133690a" notFirstLevelInfo="true" title="Description of parameters" vccNumber="VCC-149006-2" yearRange="2005-2010"/>-->
              <!--<nevisid documentType="servinfosub" id="0900c8af8133696c" notFirstLevelInfo="true" title="Description of reading off extended diagnostic trouble code (DTC) information" vccNumber="VCC-149075-2" yearRange="2005-2010"/>-->
              <servinfo IE-ID="en-US0900c8af81334dba" docno="VCC-149099" id="en-US0900c8af81334dba-KC03020032" xml:lang="en-US" yearRange="2005-2010">
<title>Vehicle communication information, transmission control module (TCM)</title>
<ref id="en-US0900c8af8133690a(200420052006200720082009201020112012),en-US0900c8af8133690a(200520062007200820092010)"/>
<ref id="en-US0900c8af81336947(200420052006200720082009201020112012),en-US0900c8af81336947(200520062007200820092010)"/>
<ref id="en-US0900c8af8133696c(200420052006200720082009201020112012),en-US0900c8af8133696c(200520062007200820092010)"/>
<servinfosub IE-ID="en-US0900c8af8133690a" docno="VCC-149006" id="en-US0900c8af8133690a-KC02745552" servinfosubId="nev20685009n1-nev20685009n2" servinfosubRes="0900c8af862c1a94" servinfosubRes2="urn:x-nevis:fragment:0900c8af8133690a:0900c8af862c1a94#nev20685009n2" xml:lang="en-US">
<title>Vehicle communication information, transmission control module (TCM)</title>
<procedure>
<title>Parameters, status</title>
<procstep id="en-US0900c8af8133690a-nev20685009n1-KC03019871">
<title>General</title>
<para>
<ptxt>Certain values are not the same as those contained in the signal specification. This is because read off values are calculated and filtered by the transmission control module (TCM). In certain
cases the engine must be running to obtain the relevant values.</ptxt>
</para>
</procstep>
<procstep id="en-US0900c8af8133690a-nev20685009n1-KC03019872">
<title>Kickdown, status</title>
<para>
<ptxt>The value indicates the status of the kickdown function. Kickdown is activated if the limit for the kickdown function in the accelerator pedal (AP) is passed (approximately 87 %). During
rapid acceleration, with the accelerator pedal (AP) depressed to approximately 87 %, the transmission control module (TCM) receives a signal about kickdown.</ptxt>
<ptxt>Not active = Kickdown is not activated.</ptxt>
<ptxt>Active = Kickdown is activated.</ptxt>
</para>
</procstep>
<procstep id="en-US0900c8af8133690a-nev20685009n1-KC03019873">
<title>Stop (brake) light switch, status</title>
<para>
<ptxt>The value indicates the status of the stop lamp switch. The engine control module (ECM) sends a signal on the controller area network (CAN) about the position of the stop lamp switch: activated
or not activated. The transmission control module (TCM) uses the signal for the internal gear functions and diagnosing the transmission. </ptxt>
<ptxt>Not active = Stop lamp switch off.</ptxt>
<ptxt>Active = Stop lamp switch on.</ptxt>
</para>
</procstep>
<procstep id="en-US0900c8af8133690a-nev20685009n1-KC03019874">
<title>Lock-up function according to solenoids</title>
<para>
<ptxt>The value indicates the status of the lock-up function according to how the solenoids are controlled.</ptxt>
<ptxt>No lock-up.</ptxt>
<ptxt>Slipping lock-up.</ptxt>
<ptxt>Locked lock-up (engaged).</ptxt>
</para>
</procstep>
<procstep id="en-US0900c8af8133690a-nev20685009n1-KC03019875">
<title>Gear-shift position sensor, position</title>
<para>
<ptxt>The value indicates the position of the gear selector sensor.</ptxt>
<ptxt>The positions P/R/N/D can be displayed.</ptxt>
</para>
<hint>
<ptxt>Position D is indicated in both D position and Geartronic position. </ptxt>
</hint>
</procstep>
<procstep id="en-US0900c8af8133690a-nev20685009n1-KC03019876">
<title>Geartronic status</title>
<para>
<ptxt>The value indicates whether Geartronic is selected or not. The signal from the gear selector module (GSM) to the transmission control module (TCM). </ptxt>
</para>
<ptxt>Not active = The gear selector in position P/R/N/D.</ptxt>
<ptxt>Active = The gear selector in position Geartronic.</ptxt>
</procstep>
<procstep id="en-US0900c8af8133690a-nev20685009n1-KC03019877">
<title>Geartronic, shift up (+)</title>
<para>
<ptxt>The value indicates which function the gear selector module (GSM) transmits to the transmission control module (TCM).</ptxt>
<ptxt>No = No shift up request.</ptxt>
<ptxt>Yes = Shift up request.</ptxt>
</para>
</procstep>
<procstep id="en-US0900c8af8133690a-nev20685009n1-KC03019878">
<title>Geartronic, shift down (-)</title>
<para>
<ptxt>The value indicates which function the gear selector module (GSM) transmits to the transmission control module (TCM).</ptxt>
<ptxt>No = No shift down request.</ptxt>
<ptxt>Yes = Shift down request.</ptxt>
</para>
</procstep>
<procstep id="en-US0900c8af8133690a-nev20685009n1-KC03019879">
<title>Gear selector, starting position</title>
<para>
<ptxt>The value indicates the calculated position of the gear position sensor for allowing the engine to start. Starting is allowed in positions P and N.</ptxt>
<ptxt>The positions P/R/N/D can be displayed.</ptxt>
</para>
<hint>
<ptxt>Position D is indicated in both D position and Geartronic position. </ptxt>
</hint>
</procstep>
<procstep id="en-US0900c8af8133690a-nev20685009n1-KC03019880">
<title>Gear selector, diagnostic</title>
<para>
<ptxt>The value indicates the calculated position of the gear position sensor for diagnosing a correct gear position. </ptxt>
<ptxt>The positions P/R/N/D/Undefined R position/Undefined D position can be indicated.</ptxt>
</para>
<hint>
<ptxt>Position D is indicated in both D position and Geartronic position. </ptxt>
</hint>
</procstep>
<procstep id="en-US0900c8af8133690a-nev20685009n1-KC03019881">
<title>Gear selector inhibitor status request </title>
<para>
<ptxt>The value indicates the status of the gear selector inhibitor (shiftlock) in the gear selector assembly. The transmission control module (TCM) controls a solenoid in the gear selector assembly
that locks the gear selector.</ptxt>
<ptxt>Active = The solenoid locks the gear selector.</ptxt>
<ptxt>Not active = The solenoid allows the gear selector to be moved. </ptxt>
</para>
</procstep>
<procstep id="en-US0900c8af8133690a-nev20685009n1-KC03019882">
<title>Start inhibitor status request</title>
<para>
<ptxt>The value indicates the status of the start inhibitor. The transmission control module (TCM) receives a signal from the gear selector module (GSM) indicating the present position of the gear
selector. If the gear selector is in a position other than P or N, the engine is not permitted to start as the transmission control module (TCM) activates the start inhibitor relay. </ptxt>
<ptxt>Start permitted.</ptxt>
<ptxt>Start not permitted.</ptxt>
</para>
</procstep>
<procstep id="en-US0900c8af8133690a-nev20685009n1-KC03019883">
<title>Winter program status</title>
<para>
<ptxt>The value indicates the shifting program that the transmission control module (TCM) has selected. The control module has selected the program based on the signal from the mode selector W
(winter mode). The signal from the gear selector module (GSM) to the transmission control module (TCM).</ptxt>
<ptxt>Active = Winter mode engaged.</ptxt>
<ptxt>Not active = Winter mode disengaged.</ptxt>
</para>
</procstep>
<procstep id="en-US0900c8af8133690a-nev20685009n1-KC03019884">
<title>Gear according to solenoids</title>
<para>
<ptxt>The value indicates which gear is selected according to the position of the solenoids.</ptxt>
</para>
<list1 enumtype="d" type="unordered">
<item>
<ptxt>R (Back-up gear)</ptxt>
</item>
<item>
<ptxt>Gear 1</ptxt>
</item>
<item>
<ptxt>Gear 2</ptxt>
</item>
<item>
<ptxt>Gear 3</ptxt>
</item>
<item>
<ptxt>Gear 4</ptxt>
</item>
<item>
<ptxt>Gear 5.</ptxt>
</item>
</list1>
</procstep>
<procstep id="en-US0900c8af8133690a-nev20685009n1-KC03019885">
<title>Shift solenoids S1, S2, S3, S4, S5</title>
<para>
<ptxt>The value indicates the status of the solenoid.</ptxt>
<ptxt>OFF = The solenoid is not activated</ptxt>
<ptxt>ON = The solenoid is activated</ptxt>
</para>
</procstep>
<procstep id="en-US0900c8af8133690a-nev20685009n1-KC03019886">
<title>Request to light the malfunction indicator lamp (MIL)</title>
<para>
<ptxt>The value indicates if and in what way the transmission control module (TCM) request to light the malfunction indicator lamp (MIL).</ptxt>
<ptxt>No = No request.</ptxt>
<ptxt>Yes (continuous) = Request to light the lamp continuously.</ptxt>
<ptxt>Yes (flashing) = Request for flashing lamp.</ptxt>
</para>
</procstep>
<procstep id="en-US0900c8af8133690a-nev20685009n1-KC03019887">
<title>Requested text message</title>
<para>
<ptxt>The value indicates whether the transmission control module (TCM) requests for a text message to be displayed in the driver information module (DIM).</ptxt>
<ptxt>No = No request.</ptxt>
<ptxt>Yes = Request to display message.</ptxt>
</para>
</procstep>
<procstep id="en-US0900c8af8133690a-nev20685009n1-KC03019888">
<title>Engine running</title>
<para>
<ptxt>The value indicates the status of the engine. The transmission control module (TCM) obtains the value via the control area network (CAN) from the central electronic module (CEM). </ptxt>
<ptxt>Yes = Engine running.</ptxt>
<ptxt>No = Engine switched off.</ptxt>
</para>
</procstep>
</procedure>
<procedure>
<title>Parameters, value</title>
<procstep id="en-US0900c8af8133690a-nev20685009n1-KC03019889">
<title>Engine speed (RPM)</title>
<para>
<ptxt>The value indicates the engine speed (RPM). The transmission control module (TCM) obtains the value via the controller area network (CAN) from the engine control module (ECM), where the
transmission control module (TCM) compares the signal with its own speed sensor signal. </ptxt>
<ptxt>Measurement range: 0 - 8191 rpm.</ptxt>
<ptxt>Idling speed: 850 rpm.</ptxt>
</para>
</procstep>
<procstep id="en-US0900c8af8133690a-nev20685009n1-KC03019890">
<title>Engine torque</title>
<para>
<ptxt>The value indicates the present engine torque. The transmission control module (TCM) obtains the value via the controller area network (CAN) from the engine control module (ECM).</ptxt>
<ptxt>Measurement range: -512 - +511 Nm.</ptxt>
</para>
</procstep>
<procstep id="en-US0900c8af8133690a-nev20685009n1-KC03019891">
<title>Calculated torque to transmission</title>
<para>
<ptxt>The value indicates the engine torque which the transmission control module (TCM) calculates that the transmission is receiving from the engine. </ptxt>
<ptxt>Measurement range: -512 - +511 Nm.</ptxt>
</para>
</procstep>
<procstep id="en-US0900c8af8133690a-nev20685009n1-KC03019892">
<title>Accelerator pedal (AP) position</title>
<para>
<ptxt>The value indicates the position of the accelerator pedal (AP). The transmission control module (TCM) obtains the value via the controller area network (CAN) from the engine control module
(ECM). The transmission control module (TCM) uses the signal to regulate the system pressure in the transmission. </ptxt>
<ptxt>Measurement range: 0 - 100%.</ptxt>
<ptxt>&amp;gt;87% = kickdown.</ptxt>
</para>
</procstep>
<procstep id="en-US0900c8af8133690a-nev20685009n1-KC03019893">
<title>Engine coolant temperature (ECT)</title>
<para>
<ptxt>The value indicates the engine coolant temperature. The transmission control module (TCM) obtains the value via the controller area network (CAN) from the engine control module (ECM), where the
transmission control module (TCM) uses the signal to control lock-up. </ptxt>
<ptxt>Measurement range: -60 - +195°C</ptxt>
</para>
</procstep>
<procstep id="en-US0900c8af8133690a-nev20685009n1-KC03019894">
<title>Oil temperature</title>
<para>
<ptxt>The value indicates the oil temperature in the transmission. The transmission control module (TCM) calculates the temperature from the oil temperature sensor signal. </ptxt>
<ptxt>Measurement range: -100 - +200°C</ptxt>
</para>
</procstep>
<procstep id="en-US0900c8af8133690a-nev20685009n1-KC03019895">
<title>Transmission oil temperature at start</title>
<para>
<ptxt>The value indicates the temperature of the oil in the transmission when the engine was started in the present operating cycle.</ptxt>
<ptxt>Measurement range: -100 - + 200°C</ptxt>
</para>
</procstep>
<procstep id="en-US0900c8af8133690a-nev20685009n1-KC03019896">
<title>Oil temperature within the range 100 - 110°C/110 - 120°C/120 - 130°C/130 - 140°C/140 - 150°C/150°C-</title>
<para>
<ptxt>The value indicates the total time that the oil temperature was within the relevant temperature range. </ptxt>
<ptxt>The time is indicated in hours.</ptxt>
<ptxt>Measurement range: 0 - 29826 h.</ptxt>
</para>
</procstep>
<procstep id="en-US0900c8af8133690a-nev20685009n1-KC03019897">
<title>Vehicle speed transmission control module (TCM)</title>
<para>
<ptxt>The value displays the vehicle speed. The transmission control module (TCM) receives a signal from the transmission speed sensor which is affected by a toothed pulse wheel and calculates the
vehicle speed based on the signal. The speed sensor is an "active" sensor. The signal oscillates between a peak and a trough value. The transmission control module (TCM) calculates the speed which is
directly proportional to the frequency. </ptxt>
<ptxt>Measurement range: 0 - 655 km/h.</ptxt>
</para>
</procstep>
<procstep id="en-US0900c8af8133690a-nev20685009n1-KC03019898">
<title>Speed signal from the brake control module (BCM)</title>
<para>
<ptxt>The value indicates the output speed. The transmission control module (TCM) obtains the value via the controller area network (CAN) from the brake control module (BCM), where the transmission
control module (TCM) compares the signal with the signal from the transmission output speed sensor. </ptxt>
<ptxt>Measurement range: 0 - 320 km/h.</ptxt>
</para>
</procstep>
<procstep id="en-US0900c8af8133690a-nev20685009n1-KC03019899">
<title>Transmission input speed sensor</title>
<para>
<ptxt>The value indicates the input speed. The speed can be generated with the engine idling and the gear selector in P/N position. If the gear selector is in any other position, a gear is engaged
and the transmission input shaft is connected to the output shaft and an RPM will not be indicated until the car is driven. Depending on slippage in the torque converter the transmission speed and
the engine speed will differ when the lock-up function is not engaged. With lock-up engaged the transmission speed should be the same as engine speed (RPM). </ptxt>
<ptxt>Measurement range: 0 - 10000 rpm.</ptxt>
</para>
</procstep>
<procstep id="en-US0900c8af8133690a-nev20685009n1-KC03019900">
<title>Transmission output speed sensor</title>
<para>
<ptxt>The value indicates the output speed. The transmission control module (TCM) receives a signal from the transmission speed sensor which is affected by a toothed pulse wheel on the output shaft.
The value can be compared with the calculated speed from the brake control module (BCM).</ptxt>
<ptxt>Measurement range: 0 - 10 000 rpm.</ptxt>
</para>
</procstep>
<procstep id="en-US0900c8af8133690a-nev20685009n1-KC03019901">
<title>Output speed from the brake control module (BCM)</title>
<para>
<ptxt>The value indicates the output speed. The transmission control module (TCM) calculates the speed signal from the brake control module (BCM) into a speed. This value can be compared with the
speed from the transmission speed sensor. </ptxt>
<ptxt>Measurement range: 0-10,000 rpm.</ptxt>
</para>
</procstep>
<procstep id="en-US0900c8af8133690a-nev20685009n1-KC03019902">
<title>Linear pressure solenoid SLS, current</title>
<para>
<ptxt>The value indicates the amperage passing through the solenoid circuit. A lower amperage gives a higher reference pressure, which gives a higher line pressure.</ptxt>
<ptxt>Measurement range: 0 - 1000 mA.</ptxt>
</para>
</procstep>
<procstep id="en-US0900c8af8133690a-nev20685009n1-KC03019903">
<title>Linear pressure solenoid SLS, requested current</title>
<para>
<ptxt>Indicates the requested amperage from the transmission control module (TCM) to the solenoid. The value can be used to compare with the value read off in the circuit. </ptxt>
<ptxt>Measurement range: 0 - 1000 mA.</ptxt>
</para>
</procstep>
<procstep id="en-US0900c8af8133690a-nev20685009n1-KC03019904">
<title>Lock-up solenoid SLU, current</title>
<para>
<ptxt>The value indicates the amperage passing through the solenoid circuit. A lower amperage gives a higher reference pressure, which gives a higher line pressure.</ptxt>
<ptxt>Measurement range: 0 - 1000 mA.</ptxt>
</para>
</procstep>
<procstep id="en-US0900c8af8133690a-nev20685009n1-KC03019905">
<title>Lock-up solenoid SLU, requested current</title>
<para>
<ptxt>Indicates the requested amperage from the transmission control module (TCM) to the solenoid. The value can be used to compare with the value read off in the circuit.</ptxt>
<ptxt>Measurement range: 0 - 1000 mA.</ptxt>
</para>
</procstep>
<procstep id="en-US0900c8af8133690a-nev20685009n1-KC03019906">
<title>Linear pressure solenoid SLT, current</title>
<para>
<ptxt>The value indicates the amperage passing through the solenoid circuit. A lower amperage gives a higher reference pressure, which gives a higher line pressure. Solenoid control is directly
dependent on the accelerator pedal (AP) signal. The higher the signal from the accelerator pedal (AP) the lower the amperage through the solenoid and therefore the higher the line pressure. </ptxt>
<ptxt>Measurement range: 0 - 1000 mA.</ptxt>
<ptxt>Normal value at released accelerator pedal (AP): approximately 1000 mA.</ptxt>
</para>
</procstep>
<procstep id="en-US0900c8af8133690a-nev20685009n1-KC03019907">
<title>Linear pressure solenoid SLT, requested current</title>
<para>
<ptxt>Indicates the requested amperage from the transmission control module (TCM) to the solenoid. The value can be used to compare with the value read off in the circuit.</ptxt>
<ptxt>Measurement range: 0 - 1000 mA.</ptxt>
</para>
</procstep>
<procstep id="en-US0900c8af8133690a-nev20685009n1-KC03019908">
<title>Control module power supply</title>
<para>
<ptxt>The value indicates battery voltage at the transmission control module (TCM).</ptxt>
<ptxt>Measurement range: 0.0 -25.5 V</ptxt>
</para>
</procstep>
<procstep id="en-US0900c8af8133690a-nev20685009n1-KC03019909">
<title>Relevant gear ratio</title>
<para>
<ptxt>The value indicates the transmission gear ratio. The transmission control module (TCM) uses the input and output speeds to calculate the gear ratio. For the correct gear ratio, see the table
below:</ptxt>
</para>
<table frame="all">
<tgroup cols="2" colsep="1" rowsep="1">
<colspec colwidth="264*"/>
<colspec colwidth="264*"/>
<tbody>
<row>
<entry align="center" valign="top">
<ptxt>Gear </ptxt>
</entry>
<entry align="center" valign="top">
<ptxt>AW55-51 </ptxt>
</entry>
</row>
<row>
<entry align="center" valign="top">
<ptxt>R</ptxt>
</entry>
<entry align="center" valign="top">
<ptxt>3.234 </ptxt>
</entry>
</row>
<row>
<entry align="center" valign="top">
<ptxt>1</ptxt>
</entry>
<entry align="center" valign="top">
<ptxt>4.769</ptxt>
</entry>
</row>
<row>
<entry align="center" valign="top">
<ptxt>2</ptxt>
</entry>
<entry align="center" valign="top">
<ptxt>2.994</ptxt>
</entry>
</row>
<row>
<entry align="center" valign="top">
<ptxt>3</ptxt>
</entry>
<entry align="center" valign="top">
<ptxt>1.957</ptxt>
</entry>
</row>
<row>
<entry align="center" valign="top">
<ptxt>4</ptxt>
</entry>
<entry align="center" valign="top">
<ptxt>1.324</ptxt>
</entry>
</row>
<row>
<entry align="center" valign="top">
<ptxt>5</ptxt>
</entry>
<entry align="center" valign="top">
<ptxt>1.018</ptxt>
</entry>
</row>
</tbody>
</tgroup>
</table>
</procstep>
<procstep id="en-US0900c8af8133690a-nev20685009n1-KC03019910">
<title>Anticipated gear ratio</title>
<para>
<ptxt>The value indicates the gear ratio anticipated by the transmission control module (TCM). Compare the values with the “ Gear ratio” table.</ptxt>
</para>
</procstep>
<procstep id="en-US0900c8af8133690a-nev20685009n1-KC03019911">
<title>Passenger compartment temperature</title>
<para>
<ptxt>The value indicates the passenger compartment temperature. The transmission control module (TCM) obtains the value via the controller area network (CAN) from the central electronic module
(CEM).</ptxt>
<ptxt>Measurement range: -60 to +195°C.</ptxt>
<ptxt>If the temperature +194°C or +195°C is displayed, the value from the controller area network (CAN) is faulty according to the transmission control module (TCM).</ptxt>
</para>
</procstep>
<procstep id="en-US0900c8af8133690a-nev20685009n1-KC03019912">
<title>Outside temperature</title>
<para>
<ptxt>The value indicates the outside temperature. The transmission control module (TCM) obtains the value via the controller area network (CAN) from the central electronic module (CEM). </ptxt>
<ptxt>Measurement range: -128 to +127°C.</ptxt>
<ptxt>If the temperature +126°C or +127°C is displayed, the value from the controller area network (CAN) is faulty according to the transmission control module (TCM).</ptxt>
</para>
</procstep>
<procstep id="en-US0900c8af8133690a-nev20685009n1-KC03019913">
<title>Battery voltage, central electronic module (CEM)</title>
<para>
<ptxt>The value indicates the battery voltage at the central electronic module (CEM). The accessory electronic module (AEM) obtains the value via the control area network (CAN) from the central
electronic module (CEM).</ptxt>
<ptxt>Measurement range: 5 - 38 V.</ptxt>
<ptxt>Normal value when the generator (GEN) is charging: 13.0 - 14.5 V.</ptxt>
<ptxt>If the voltage 36.75 V or 36.875 V is displayed, the value from the control area network (CAN) is faulty according to the transmission control module (TCM).</ptxt>
</para>
</procstep>
<procstep id="en-US0900c8af8133690a-nev20685009n1-KC03019914">
<title>Mileage</title>
<para>
<ptxt>The value indicates the mileage. The transmission control module (TCM) obtains the value via the controller area network (CAN) from the central electronic module (CEM).</ptxt>
<ptxt>Measurement range: 0 - 1,048,575 km.</ptxt>
<ptxt>If the mileage 16,777,214 km or 16,777,215 km is displayed, the value from the controller area network (CAN) is faulty according to the transmission control module (TCM).</ptxt>
</para>
</procstep>
</procedure>
</servinfosub><servinfosub IE-ID="en-US0900c8af81336947" docno="VCC-149052" id="en-US0900c8af81336947-KC02745554" servinfosubId="nev20685018n1-nev20685018n2" servinfosubRes="0900c8af862c1aa6" servinfosubRes2="urn:x-nevis:fragment:0900c8af81336947:0900c8af862c1aa6#nev20685018n2" xml:lang="en-US">
<title>Description of activations</title>
<procedure>
<title/>
<procstep>
<title>Activating components</title>
<para>
<ptxt>This function allows a number of components to be activated so that their functions can be checked. The following components can be activated.</ptxt>
</para>
<note>
<ptxt>The noise level from the solenoids can be high, depending on the temperature of the transmission and the oil. When the transmission is very cold, the noise level can be very low.</ptxt>
</note>
<grate>
<graphic id="en-US0900c8af81336947-nev20685018n1-KC05379081">
<href>0900c8af80a53bd3_674_505.jpeg</href>
</graphic>
</grate>
</procstep>
<procstep>
<title>Shift solenoids S1, S2, S3, S4, S5</title>
<ptxt/>
<para>
<ptxt>Activating shift solenoids S1, S2, S3, S4, S5</ptxt>
<ptxt>“Clicking sound" in the transmission (use a stethoscope) and the status should change between OFF/ON.</ptxt>
</para>
</procstep>
<procstep>
<title>Line pressure solenoid SLU, SLS, SLT</title>
<para>
<ptxt>Activating line pressure solenoid STH.</ptxt>
<ptxt>“Clicking sound" in the transmission (use a stethoscope) and the current must vary.</ptxt>
</para>
</procstep>
</procedure>
</servinfosub><servinfosub IE-ID="en-US0900c8af8133696c" docno="VCC-149075" id="en-US0900c8af8133696c-KC03007722" servinfosubId="nev20685029n1-nev20685029n2" servinfosubRes="0900c8af862c1abd" servinfosubRes2="urn:x-nevis:fragment:0900c8af8133696c:0900c8af862c1abd#nev20685029n2" xml:lang="en-US">
<title>Description of reading off extended diagnostic trouble code (DTC) information</title>
<procedure>
<stepgrp>
<procstep>
<title>Contents</title>
<para>
<ptxt>Select type of description.</ptxt>
</para>
<list1 enumtype="b" type="unordered">
<item>
<ptxt>
<xref>
<ref id="en-US0900c8af8346b40e-KC03019917(null)"/>
</xref>
</ptxt>
</item>
<item>
<ptxt>
<xref>
<ref id="en-US0900c8af80881abc-KC01107012(null)"/>
</xref>
</ptxt>
</item>
<item>
<ptxt>
<xref>
<ref id="en-US0900c8af836fee22-KC01107010(null)"/>
</xref>
</ptxt>
</item>
</list1>
</procstep>
</stepgrp>
</procedure>
</servinfosub></servinfo>
            </ti_title>
            <ti_title id="TITitle-12345-140" navTitle="navTitle" shortYearRange="2004-2012" title="ti_title" trans="AW55-50/51SN" yearRange="2004-2012">
              <!--<nevisid documentType="servinfosub" id="0900c8af81336947" notFirstLevelInfo="true" title="Description of activations" vccNumber="VCC-149052-2" yearRange="2004-2012"/>-->
              <!--<nevisid documentType="servinfosub" id="0900c8af8133690a" notFirstLevelInfo="true" title="Description of parameters" vccNumber="VCC-149006-2" yearRange="2004-2012"/>-->
              <!--<nevisid documentType="servinfosub" id="0900c8af8133696c" notFirstLevelInfo="true" title="Description of reading off extended diagnostic trouble code (DTC) information" vccNumber="VCC-149075-2" yearRange="2004-2012"/>-->
              <ptxt><xref dupFrag="true" refid="en-US0900c8af8133690a-KC02745552"/></ptxt>
            </ti_title>
          </FunctionGroup3>
        </FunctionGroup2>