<?xml version="1.0" encoding="UTF-8"?><FunctionGroup2 Qualifier="General Safety Information" group="39" name="Media, communication and navigation"><serv-cat servcat.name=" Navigation System"/><serv-cat servcat.name=" Entertainment Systems"/><serv-cat servcat.name="Antenna Systems"/><doc-head>Accessories and Body, Cab</doc-head><doc-subhead>Media, Communication And Navigation - General Safety Information</doc-subhead>
          <!--<FunctionGroup3 group="NULL" name="NULL">
            <ti_title id="TITitle-12345" navTitle="navTitle" shortYearRange="2004-2010" title="ti_title" yearRange="2004-2010">
              <nevisid documentType="servinfosub" id="0900c8af80c4844f" title="Battery, charging" vccNumber="VCC-021045-1" yearRange="2004-2010"/>
              <nevisid documentType="servinfosub" id="0900c8af800c057c" title="Ignition and high voltage components" vccNumber="VCC-021044-1" yearRange="2004-2010"/>
            </ti_title>
          </FunctionGroup3>-->
          <FunctionGroup3 group="394" name="communication radio, mobile telephone">
            <ti_title id="TITitle-12345-163" navTitle="navTitle" shortYearRange="2004-2010" title="ti_title" yearRange="2004-2010">
              <!--<nevisid documentType="servinfosub" id="0900c8af80c4844f" notFirstLevelInfo="true" title="Battery, charging" vccNumber="VCC-021045-1" yearRange="2004-2010"/>-->
              <ptxt><xref dupFrag="true" refid="en-US0900c8af800c057c-KC01247102"/></ptxt>
              <!--<nevisid documentType="servinfosub" id="0900c8af800c057c" notFirstLevelInfo="true" title="Ignition and high voltage components" vccNumber="VCC-021044-1" yearRange="2004-2010"/>-->
            </ti_title>
          </FunctionGroup3>
        </FunctionGroup2>