<?xml version="1.0" encoding="UTF-8"?><FunctionGroup2 Qualifier="Removal, replacement and installation" group="27" name="Engine control"><serv-cat servcat.name="Fuel System"/><doc-head>Engine</doc-head><doc-subhead>Engine Control - Removal, replacement and installation</doc-subhead>
          <FunctionGroup3 group="271" name="gas pedal control">
            <ti_title id="TITitle-12345-358" navTitle="navTitle" shortYearRange="2004-2012" title="ti_title" yearRange="2004-2012">
              <servinfosub IE-ID="en-US0900c8af87c19ddd" docno="VCC-370349" id="en-US0900c8af87c19ddd-nev13712873n1" original="sv-SE" servinfosubId="nev13712874n1-nev21703857n1" servinfosubRes="0900c8af87c19e4e" servinfosubRes2="urn:x-nevis:fragment:0900c8af87c19ddd:0900c8af87c19e4e#nev21703857n1" xml:lang="en-US" yearRange="2004-2012">
<operationnumbers>
<operationnumber>27116-2</operationnumber>
</operationnumbers>
<title id="en-US0900c8af87c19ddd-nev13712872n81">Accelerator pedal</title>
<procedure id="en-US0900c8af87c19ddd-nev13712874n1-nev21703859n2">
<stepgrp boilerplate="false" context="" id="en-US0900c8af87c19ddd-nev13712874n1-nev28108660n22">
<title id="en-US0900c8af87c19ddd-nev13712874n1-0800c8af844a46f6">Removal</title>
<procstep id="en-US0900c8af87c19ddd-nev13712874n1-nev28108660n43">
<grate id="en-US0900c8af87c19ddd-nev13712874n1-nev28108660n20">
<graphic id="en-US0900c8af87c19ddd-nev13712874n1-nev28108660n21">
<href>0900c8af87b5b2a0_950_600.jpeg</href>
</graphic>
<graphtext id="en-US0900c8af87c19ddd-nev13712874n1-nev28108698n1">
<para id="en-US0900c8af87c19ddd-nev13712874n1-nev28108660n18">
<ptxt id="en-US0900c8af87c19ddd-nev13712874n1-nev28108660n19">Disconnect the connector.</ptxt>
</para>
</graphtext>
</grate>
</procstep>
<procstep id="en-US0900c8af87c19ddd-nev13712874n1-nev28108660n38">
<grate id="en-US0900c8af87c19ddd-nev13712874n1-nev28108660n16">
<graphic id="en-US0900c8af87c19ddd-nev13712874n1-nev28108660n17">
<href>0900c8af87b5b29f_950_600.jpeg</href>
</graphic>
<graphtext id="en-US0900c8af87c19ddd-nev13712874n1-nev28108702n1">
<para id="en-US0900c8af87c19ddd-nev13712874n1-nev28108660n14">
<ptxt id="en-US0900c8af87c19ddd-nev13712874n1-nev28108660n15">Remove the nuts.</ptxt>
</para>
<para id="en-US0900c8af87c19ddd-nev13712874n1-nev28108660n12">
<ptxt id="en-US0900c8af87c19ddd-nev13712874n1-nev28108660n13">Remove the marked part.</ptxt>
</para>
</graphtext>
</grate>
</procstep>
</stepgrp>
<stepgrp boilerplate="false" context="" id="en-US0900c8af87c19ddd-nev13712874n1-nev28108660n11">
<title id="en-US0900c8af87c19ddd-nev13712874n1-0800c8af844a46f9">Installation</title>
<procstep id="en-US0900c8af87c19ddd-nev13712874n1-nev28108660n29">
<para id="en-US0900c8af87c19ddd-nev13712874n1-nev28108660n9">
<ptxt id="en-US0900c8af87c19ddd-nev13712874n1-nev28108660n10">To install, reverse the removal procedure.</ptxt>
</para>
</procstep>
<procstep id="en-US0900c8af87c19ddd-nev13712874n1-nev21703860n3">
<grate id="en-US0900c8af87c19ddd-nev13712874n1-nev28108660n7">
<graphic id="en-US0900c8af87c19ddd-nev13712874n1-nev28108660n8">
<href>0900c8af8667e567_950_600.jpeg</href>
</graphic>
<graphtext id="en-US0900c8af87c19ddd-nev13712874n1-nev28108706n1">
<note id="en-US0900c8af87c19ddd-nev13712874n1-0800c8af854bf2da">
<ptxt>Note the position.</ptxt>
</note>
<para id="en-US0900c8af87c19ddd-nev13712874n1-nev28108660n5">
<ptxt id="en-US0900c8af87c19ddd-nev13712874n1-nev28108660n6">Use a cable tie</ptxt>
</para>
</graphtext>
</grate>
</procstep>
</stepgrp>
</procedure>
</servinfosub>
            </ti_title>
          </FunctionGroup3>
        </FunctionGroup2>