<?xml version="1.0" encoding="UTF-8"?><FunctionGroup2 Qualifier="Component location" group="46" name="Rear axle, drive shafts"><serv-cat servcat.name=" Differentials @AnD@ Drive Axles"/><serv-cat servcat.name="Axle Shafts"/><doc-head>Driveline/Axles</doc-head><doc-subhead>Rear Axle, Drive Shafts - Component location</doc-subhead>
          <FunctionGroup3 group="465" name="final drive (front and rear)">
            <ti_title id="TITitle-12345-214" navTitle="navTitle" shortYearRange="2005-2010" title="ti_title" trans="AW50/51 AWD; M66 AWD" yearRange="2005-2010">
              <!--<nevisid documentType="servinfosub" id="0900c8af817d630f" notFirstLevelInfo="true" title="Location of components" vccNumber="VCC-157364-1" yearRange="2005-2010"/>-->
              <servinfo IE-ID="en-US0900c8af817d62c6" docno="VCC-157363" id="en-US0900c8af817d62c6-KC06252662" xml:lang="en-US" yearRange="2005-2010">
<title>Location of components, differential electronic module (DEM)</title>
<ref id="en-US0900c8af817d630f(200520062007200820092010)"/>
<servinfosub IE-ID="en-US0900c8af817d630f" docno="VCC-157364" id="en-US0900c8af817d630f-KC06252663" servinfosubId="nev20682422n1-nev20682422n2" servinfosubRes="0900c8af862b8b13" servinfosubRes2="urn:x-nevis:fragment:0900c8af817d630f:0900c8af862b8b13#nev20682422n2" xml:lang="en-US">
<title>Location of components, differential electronic module (DEM)</title>
<grate pgwide="1">
<graphic id="en-US0900c8af817d630f-nev20682422n1-KC07194659" width="page">
<href>0900c8af81621372_674_505.jpeg</href>
</graphic>
</grate>
<list1 enumtype="n" type="ordered">
<title>Overview</title>
<item>
<ptxt>Differential electronic module (DEM)</ptxt>
</item>
<item>
<ptxt>Oil pressure and temperature sensor</ptxt>
</item>
<item>
<ptxt>Electric feed pump</ptxt>
</item>
<item>
<ptxt>Control valve/axial solenoid.</ptxt>
</item>
</list1>
</servinfosub></servinfo>
            </ti_title>
            
          </FunctionGroup3>
        </FunctionGroup2>