<?xml version="1.0" encoding="UTF-8"?><FunctionGroup2 Qualifier="General Information" group="17" name="Service and maintenance"><serv-cat servcat.name="Procedures"/><doc-head>Maintenance</doc-head><doc-subhead>Service And Maintenance - General Information</doc-subhead>
          <FunctionGroup3 group="NULL" name="NULL">
            <ti_title id="TITitle-12345-178" navTitle="navTitle" shortYearRange="2010-2012" title="ti_title" yearRange="2010-2012">
              <!--<nevisid documentType="servinfosub" id="0900c8af80498afd" notFirstLevelInfo="true" title="RAPGARD-F paintwork protection" vccNumber="VCC-083120-2" yearRange="2010-2012"/>-->
              <servinfo IE-ID="en-US0900c8af804076e8" docno="VCC-037328" id="en-US0900c8af804076e8-KC01504742" xml:lang="en-US" yearRange="2010-2012">
<title>RAPGARD-F™ paintwork protection</title>
<ref id="en-US0900c8af80498afd(201020112012)"/>
<servinfosub IE-ID="en-US0900c8af80498afd" docno="VCC-083120" id="en-US0900c8af80498afd-KC01504743" xml:lang="en-US">
<title>RAPGARD-F™ paintwork protection</title>
<procedure id="en-US0900c8af80498afd-KC01552756" opcode="1234" opnbr="1234">
<stepgrp>
<procstep>
<title/>
<grate>
<graphic id="en-US0900c8af80498afd-KC08866244" width="column">
<href>0900c8af803f7cc9_674_654.jpeg</href>
</graphic>
<graphtext>
<ptxt>During storage and transport the paintwork on the engine hood, roof and trunk lid of cars is protected by RAPGARD-F, a white plastic
film with synthetic rubber adhesive, which is applied to the car in the factory. </ptxt>
<ptxt>RAPGARD-F must be left on the car until approximately <emph etype="bold">48 hours</emph> prior to delivery to the customer. </ptxt>
<ptxt>
<emph etype="bold">The maximum storage time for RAPGARD-F is 6 months from the date of manufacture.</emph>
</ptxt>
<ptxt>The date of manufacture can be obtained by the dealer using the chassis number register.</ptxt>
<ptxt>If the plastic film becomes detached at any point, the loose section must be removed as soon as possible. </ptxt>
<ptxt>
<emph etype="bold">The white areas in the picture show where RAPGARD-F is applied</emph>.</ptxt>
</graphtext>
</grate>
</procstep>
</stepgrp>
<stepgrp>
<title>Removal of RAPGARD-F</title>
<procstep>
<title>Temperature:</title>
<ptxt>A temperature of <emph etype="bold">20°C</emph> is ideal for removing RAPGARD-F. The temperatures permitted are
as follows: </ptxt>
<list1 type="unordered">
<item>
<ptxt>Minimum temperature <emph etype="bold">0°C</emph>
</ptxt>
</item>
<item>
<ptxt>Maximum temperature <emph etype="bold">35°C</emph>.</ptxt>
</item>
</list1>
<caution>
<ptxt>If the body and ambient temperature is higher than 35° C, the car should be parked in the shade and the body cooled with cold
water. The adhesive RAPGARD-F may otherwise stick to the paint.</ptxt>
</caution>
</procstep>
<procstep>
<title>Method of removal</title>
<grate>
<graphic id="en-US0900c8af80498afd-KC08866245" width="column">
<href>0900c8af803f7ccf_674_573.jpeg</href>
</graphic>
<graphtext>
<ptxt>
<emph etype="ital">Pull off the RAPGARD film by hand only. No tools may be used.</emph>
</ptxt>
<ptxt>Begin by loosening the film at the corners.</ptxt>
</graphtext>
</grate>
<grate>
<graphic id="en-US0900c8af80498afd-KC08866246" width="column">
<href>0900c8af803f7ccc_674_764.jpeg</href>
</graphic>
<graphtext>
<ptxt>Place the hands as close as possible to the body so that the film is lifted off parallel to the body (see the illustration). </ptxt>
<ptxt>This will minimize the quantity of adhesive remaining on the body.</ptxt>
<ptxt>The method shown in the crossed-out illustration is incorrect.</ptxt>
</graphtext>
</grate>
<grate>
<graphic id="en-US0900c8af80498afd-KC08866247" width="column">
<href>0900c8af803f7cd2_674_608.jpeg</href>
</graphic>
<graphtext>
<ptxt>On large surfaces, such as the hood and roof, pull alternately from two corners until the film is loose.</ptxt>
</graphtext>
</grate>
</procstep>
<procstep>
<title>Plastic residue</title>
<grate>
<graphic id="en-US0900c8af80498afd-KC08866248" width="column">
<href>0900c8af8011ffff_674_555.jpeg</href>
</graphic>
<graphtext>
<ptxt>After RAPGARD-F is removed, there may still be plastic residue caught under the washer jets. The jets must be lifted slightly when
RAPGARD-F is removed to avoid this.</ptxt>
<ptxt>Use flat-nosed pliers to press in the locking clips on the jet and then lift it in order to remove the RAPGARD-F.</ptxt>
<ptxt>After removing RAPGARD-F, press the washer jet firmly into place on the hood.</ptxt>
</graphtext>
</grate>
</procstep>
<procstep>
<title>Adhesive residue</title>
<ptxt>Wash the car with water when the film has been removed. Dry the car and inspect for adhesive residue on the
paintwork.</ptxt>
<ptxt>Any adhesive residue must be removed using auto-cleaner, P/N 1161300 or 1161450.</ptxt>
</procstep>
<procstep>
<title>Bubbling</title>
<ptxt>Inspect paintwork for bubbling after any adhesive residue has been removed. Bubbling is usually temporary and will
disappear within <emph etype="bold">24 hours</emph>. If there is still bubbling after <emph etype="bold">48 hours</emph>, heat carefully using a
hot-air gun. Hold the air pistol approximately <emph etype="bold">30 cm</emph>from the paint. </ptxt>
<note>
<ptxt>the temperature of paintwork
must not exceed 100 °C!</ptxt>
</note>
<ptxt>If the bubbling persists, the paintwork must be sanded down and touched up.</ptxt>
</procstep>
</stepgrp>
</procedure>
</servinfosub></servinfo>
            </ti_title>
          </FunctionGroup3>
        </FunctionGroup2>