<?xml version="1.0" encoding="UTF-8"?><FunctionGroup2 Qualifier="Design and Function" group="33" name="Starting system"><serv-cat servcat.name="Starter"/><doc-head>Engine</doc-head><doc-subhead>Starting System - Design and Function</doc-subhead>
          <FunctionGroup3 group="NULL" name="NULL">
            <ti_title id="TITitle-12345-16" navTitle="navTitle" shortYearRange="2004-2012" title="ti_title" yearRange="2004-2012">
              <!--<nevisid documentType="servinfosub" id="0900c8af80cda1ee" notFirstLevelInfo="true" title="Design" vccNumber="VCC-154057-1" yearRange="2004-2012"/>-->
              <!--<nevisid documentType="servinfosub" id="0900c8af80cda1f4" notFirstLevelInfo="true" title="Function" vccNumber="VCC-154058-1" yearRange="2004-2012"/>-->
              <ptxt><xref dupFrag="true" refid="en-US0900c8af80cda1f4-KC02780249"/></ptxt>
              <!--<nevisid documentType="servinfosub" id="0900c8af84fa2a1e" notFirstLevelInfo="true" title="System overview" vccNumber="VCC-154056-1" yearRange="2004-2012"/>-->
            </ti_title>
          </FunctionGroup3>
        </FunctionGroup2>