<?xml version="1.0" encoding="UTF-8"?><FunctionGroup2 Qualifier="Specifications, other" group="59" name="Brake control system"><serv-cat servcat.name="Anti-Lock/Traction Control"/><doc-head>Brakes</doc-head><doc-subhead>Brake Control System - Specifications, other</doc-subhead>
          <FunctionGroup3 group="593" name="anti-lock brake (anti-skid)">
            <ti_title id="TITitle-12345-142" navTitle="navTitle" shortYearRange="2004-2010" title="ti_title" yearRange="2004-2010">
              <!--<nevisid documentType="servinfosub" id="0900c8af86f5d6b2" notFirstLevelInfo="true" title="Beskrivning av aktiveringar" vccNumber="VCC-149010-1" yearRange="2004-2010"/>-->
              <!--<nevisid documentType="servinfosub" id="0900c8af80cc43ae" notFirstLevelInfo="true" title="Description of parameters" vccNumber="VCC-148987-2" yearRange="2004-2010"/>-->
              <!--<nevisid documentType="servinfosub" id="0900c8af80cc44ba" notFirstLevelInfo="true" title="Description of reading off extended diagnostic trouble code (DTC) information" vccNumber="VCC-149056-2" yearRange="2004-2010"/>-->
              <servinfo IE-ID="en-US0900c8af80c57f47" docno="VCC-149080" id="en-US0900c8af80c57f47-KC02725370" xml:lang="en-US" yearRange="2004-2010">
<title>Vehicle communication information, brake control module (BCM)</title>
<ref id="en-US0900c8af80cc43ae(20112012),en-US0900c8af80cc43ae(2004200520062007200820092010)"/>
<ref id="en-US0900c8af86f5d6b2(20112012),en-US0900c8af86f5d6b2(2004200520062007200820092010)"/>
<ref id="en-US0900c8af80cc44ba(2004200520062007200820092010),en-US0900c8af80cc44ba(20112012)"/>
<servinfosub IE-ID="en-US0900c8af80cc43ae" docno="VCC-148987" id="en-US0900c8af80cc43ae-KC02707041" servinfosubId="nev20684996n1-nev20684996n2" servinfosubRes="0900c8af862c1a78" servinfosubRes2="urn:x-nevis:fragment:0900c8af80cc43ae:0900c8af862c1a78#nev20684996n2" xml:lang="en-US">
<title>Vehicle communication information, brake control module (BCM)</title>
<procedure>
<title>Parameters, status</title>
<note>
<ptxt>The parameters that can be read off are determined by the functions (STC/TRACS/DSTC) with which the car is equipped. </ptxt>
</note>
<procstep>
<title>Stop lamp switch</title>
<para>
<ptxt>The value indicates the status of the stop lamp switch. The brake control module (BCM) receives the value from the engine control module (ECM) via the Control area network (CAN). </ptxt>
<ptxt>Active (pressed in) = Stop (brake) lamp switch activated.</ptxt>
<ptxt>Not activated = Stop (brake) lamp switch not activated.</ptxt>
</para>
</procstep>
<procstep>
<title>Engine running</title>
<para>
<ptxt>The value indicates the status of the engine. The brake control module (BCM) receives the value from the central electronic module (CEM) via the Control area network (CAN).</ptxt>
<ptxt>Yes = Engine running.</ptxt>
<ptxt>No = Engine switched off.</ptxt>
</para>
</procstep>
<procstep>
<title>Safety level</title>
<para>
<ptxt>The value indicates the present safety level of the brake control module (BCM). The safety level changes depending on which diagnostic functions are activated by VIDA in the control module.
VIDA automatically selects the correct safety level depending on the diagnostic function. The activation of components/functions and calibration can only be performed at level 1 or 2.</ptxt>
<ptxt>Basic level = Normal position.</ptxt>
<ptxt>Level 1 = Safety level 1 activated.</ptxt>
<ptxt>Level 2 = Safety level 2 activated.</ptxt>
</para>
</procstep>
<procstep>
<title>ABS/EBD/TC/SC/AYC control function</title>
<note>
<ptxt>The SC/DSTC parameter is only updated in cars fitted with STC/DSTC.</ptxt>
</note>
<para>
<ptxt>The values indicate the status of each function.</ptxt>
<ptxt>The status may vary depending on detected faults, driving, etc. </ptxt>
<ptxt>AYC is indicated as switched off until the steering wheel has been initiated and the car has been driven at above 10 km/h.</ptxt>
<ptxt>Switched off = Function blocked.</ptxt>
<ptxt>Permitted = Function accessible.</ptxt>
</para>
</procstep>
<procstep>
<title>STC/DSTC switch indication (STC)</title>
<note>
<ptxt>Only cars with STC/DSTC.</ptxt>
</note>
<para>
<ptxt>The value indicates the status of the indicator LED in the STC/DSTC switch. The requested status of the brake control module (BCM) that is sent out on the CAN network.</ptxt>
<ptxt>On = STC/DSTC indication activated.</ptxt>
<ptxt>Off = STC/DSTC indication not activated.</ptxt>
</para>
</procstep>
<procstep>
<title>Direction of steering right / left</title>
<note>
<ptxt>Only cars with DSTC.</ptxt>
</note>
<para>
<ptxt>The value indicates the direction in which the steering wheel is turned in relation to the stored center position. The brake control module (BCM) receives the value from the steering wheel
module (SWM) via the Control area network (CAN).</ptxt>
<ptxt>Right = The steering wheel is turned to the right.</ptxt>
<ptxt>Left = The steering wheel is turned to the left.</ptxt>
</para>
</procstep>
</procedure>
<procedure>
<title>Parameters, value</title>
<procstep>
<title>Power supply</title>
<para>
<ptxt>The value indicates the power supply for the brake control module (BCM). </ptxt>
<ptxt>Measurement range: 0-18 V</ptxt>
</para>
</procstep>
<procstep>
<title>Battery voltage, central electronic module (CEM)</title>
<para>
<ptxt>The value indicates the battery voltage at the central electronic module (CEM). The brake control module (BCM) receives the value from the central electronic module (CEM) via the Control area
network (CAN).</ptxt>
<ptxt>Measurement range: 0-32 V.</ptxt>
</para>
</procstep>
<procstep>
<title>Passenger compartment temperature</title>
<para>
<ptxt>The value indicates the passenger compartment temperature. The brake control module (BCM) receives the value from the central electronic module (CEM) via the Control area network (CAN).</ptxt>
<ptxt>Measurement range: -60°C - +195°C.</ptxt>
</para>
</procstep>
<procstep>
<title>Outside temperature</title>
<para>
<ptxt>The value indicates the outside temperature. The brake control module (BCM) receives the value from the central electronic module (CEM) via the Control area network (CAN).</ptxt>
<ptxt>Measurement range: -128°C - +127°C.</ptxt>
</para>
</procstep>
<procstep>
<title>Mileage</title>
<para>
<ptxt>The value indicates the mileage. The brake control module (BCM) receives the value from the central electronic module (CEM) via the Control area network (CAN).</ptxt>
<ptxt>Measurement range: 0 and upwards.</ptxt>
</para>
</procstep>
<procstep>
<title>Pedal position sensor position</title>
<para>
<ptxt>Value from the pedal position sensor. The value indicates the position of the pedal position sensor.</ptxt>
<ptxt>Measurement range: 0- 45 mm.</ptxt>
</para>
</procstep>
<procstep>
<title>The speed of the pedal position sensor</title>
<para>
<ptxt>Value from the pedal position sensor. The value indicates the speed of the pedal position sensor, i.e. how quickly the brake pedal is depressed or released. When the pedal is depressed,
positive values are indicated. When the pedal is released, negative values are indicated.</ptxt>
<ptxt>Measurement range: -200- +200 mm/s.</ptxt>
</para>
</procstep>
<procstep>
<title>Wheel speed</title>
<para>
<ptxt>Value from the wheel sensors. The brake control module (BCM) calculates the wheel speed using the relevant wheel sensor.</ptxt>
<ptxt>Measurement range: 0.60-300 km/h.</ptxt>
</para>
</procstep>
<procstep>
<title>Vehicle reference speed</title>
<para>
<ptxt>The value indicates the speed of the car in km/h. The value is calculated from the values from all the wheel sensors.</ptxt>
<ptxt>Measurement range: 0.60-300 km/h.</ptxt>
</para>
</procstep>
<procstep>
<title>Wheel acceleration</title>
<para>
<ptxt>The value indicates the acceleration or deceleration of the wheels. The brake control module (BCM) derives the wheel acceleration or deceleration from the relevant wheel sensor signal. The
value may vary dependent on the road surface. Uneven road surfaces give large variations.</ptxt>
<ptxt>Measurement range: 0-200 m/s<sup>2</sup>
</ptxt>
</para>
</procstep>
<procstep>
<title>Acceleration of the car, positive or negative</title>
<para>
<ptxt>The value indicates the acceleration/deceleration of the car. The brake control module (BCM) derives the acceleration/deceleration of the car from the relevant wheel sensor signal.</ptxt>
<ptxt>Measurement range: 0-200 m/s<sup>2</sup>.</ptxt>
</para>
</procstep>
<procstep>
<title>The brake disc temperature</title>
<para>
<ptxt>The value indicates the temperature of the brake discs. The brake control module (BCM) calculates the brake disc temperature based on the length of time the traction control system has been
operating or the ABS has been activated.</ptxt>
<ptxt>Measurement range: 0°C - 920 °C</ptxt>
</para>
</procstep>
<procstep>
<title>Steering wheel angle sensor, present value</title>
<note>
<ptxt>Only cars with DSTC.</ptxt>
</note>
<para>
<ptxt>The value indicates the position of the steering wheel. The brake control module (BCM) receives the value from the steering wheel module (SWM) via the Control area network (CAN).</ptxt>
<ptxt>Measurement range: -720- +720 °/s.</ptxt>
<ptxt>Positive values = Left</ptxt>
<ptxt>Negative values = Right</ptxt>
</para>
</procstep>
<procstep>
<title>Steering wheel angle speed</title>
<note>
<ptxt>Only cars with DSTC.</ptxt>
</note>
<para>
<ptxt>The value displays the speed at which the steering wheel is turned. The brake control module (BCM) receives the value from the steering wheel module (SWM) via the Control area network (CAN).
</ptxt>
<ptxt>Measurement range: -1500- +1500 °/s.</ptxt>
</para>
</procstep>
<procstep>
<title>Yaw angle signal (DSTC)</title>
<note>
<ptxt>Only cars with DSTC.</ptxt>
</note>
<para>
<ptxt>The value indicates the yaw angle speed, i.e. the speed at which the car turns on flat ground. The signal from the yaw rate sensor, which is integrated in the body sensor cluster stability
sensor (BSC), transmits information to the brake control module (BCM) about the rate of yaw (steering direction) of the car in °/s. A positive value indicates steering to the left. A negative
value indicates steering to the right.</ptxt>
<ptxt>Measurement range: -80- +80 °/s</ptxt>
</para>
<hint>
<ptxt>The value can be influenced by moving the rear or front section rapidly sideways.</ptxt>
</hint>
</procstep>
<procstep>
<title>Lateral accelerometer, signal</title>
<note>
<ptxt>Only cars with DSTC.</ptxt>
</note>
<para>
<ptxt>The value indicates the lateral accelerometer signal, i.e. the lateral incline of the car. The signal from the lateral accelerometer, which is integrated in the body sensor cluster stability
sensor (BSC), transmits information to the brake control module (BCM) about the lateral acceleration of the car. Turning left produces a body roll to the right, giving a positive value. Turning right
produces a body roll to the left, giving a negative value. </ptxt>
<ptxt>Measurement range: -20- +20 m/s<sup>2</sup>
</ptxt>
</para>
<hint>
<ptxt>The value can be influenced by changing the sideways incline of the car, for example by raising the right or left-hand side of the car. </ptxt>
</hint>
</procstep>
<procstep>
<title>Brake pressure sensor</title>
<note>
<ptxt>Only cars with DSTC.</ptxt>
</note>
<para>
<ptxt>The value indicates the brake pressure in the hydraulic modulator. The internal brake pressure sensor transmits a signal to the brake control module (BCM) containing information about the
pressure in the brake system.</ptxt>
<ptxt>Measurement range: 0-300 bar.</ptxt>
</para>
</procstep>
<procstep>
<title>Accelerometer, signal</title>
<note>
<ptxt>Only cars with DSTC and AWD.</ptxt>
</note>
<para>
<ptxt>The value indicates the accelerometer signal, i.e. the longitudinal incline of the car. The signal from the accelerometer, which is integrated in the body sensor cluster stability sensor (BSC),
transmits information to the brake control module (BCM) about the longitudinal acceleration of the car. A positive value indicates acceleration, i.e. the front of the car is raised. A negative value
indicates deceleration, i.e. the front of the car is lowered.</ptxt>
<ptxt>Measurement range: -20- +20 m/s<sup>2</sup>
</ptxt>
</para>
<hint>
<ptxt>The value can be affected by changing the longitudinal incline of the car, for example by raising or lower the front or rear end of the car.</ptxt>
</hint>
</procstep>
</procedure>
<procedure>
<title>Offset values (only cars with DSTC)</title>
<hint>
<ptxt>The offset value is an adaptive correction value which indicates the individual offset for the sensor. The brake control module (BCM) uses the value to determine the correct start value
when the DSTC (dynamic stability and traction control) system is started up. If the normal value has changed during an operating cycle, the value is stored in the EEPROM memory of the brake control
module (BCM) after the ignition is switched off. The value is then reloaded to the internal memory when the ignition is switched on.</ptxt>
<ptxt>The offset values can also change shortly after the ignition was switched off.</ptxt>
</hint>
<procstep>
<title>Steering wheel angle sensor, stored offset value</title>
<para>
<ptxt>The value is stored in the EEPROM memory of the brake control module (BCM).</ptxt>
<ptxt>Measurement range: -20- +20 °/s</ptxt>
</para>
</procstep>
<procstep>
<title>Steering wheel angle sensor, offset value</title>
<para>
<ptxt>Present value for this operating cycle. A diagnostic trouble code (DTC) is stored and DSTC (dynamic stability and traction control) is shut off at ±15 °/s</ptxt>
<ptxt>Measurement range: -20- +20 °/s</ptxt>
</para>
</procstep>
<procstep>
<title>Yaw rate sensor, offset value</title>
<para>
<ptxt>Present value for this operating cycle. A diagnostic trouble code (DTC) is stored and DSTC (dynamic stability and traction control) is shut off at ±10 °/s</ptxt>
<ptxt>Measurement range: -25- +25 °/s</ptxt>
</para>
</procstep>
<procstep>
<title>Lateral accelerometer, stored offset value</title>
<para>
<ptxt>The value is stored in the EEPROM memory of the brake control module (BCM).</ptxt>
<ptxt>Measurement range: -10- +10 m/s<sup>2</sup>
</ptxt>
</para>
</procstep>
<procstep>
<title>Lateral accelerometer, offset value</title>
<para>
<ptxt>Present value for this operating cycle. A diagnostic trouble code (DTC) is stored and DSTC (dynamic stability and traction control) is shut off at ± 1.7 m/s<sup>2</sup>
</ptxt>
<ptxt>Measurement range: -10- +10 m/s<sup>2</sup>
</ptxt>
</para>
</procstep>
<procstep>
<title>Brake pressure sensor, stored offset value</title>
<para>
<ptxt>The value is stored in the EEPROM memory of the brake control module (BCM).</ptxt>
<ptxt>Measurement range: -20- +20 bar</ptxt>
</para>
</procstep>
<procstep>
<title>Brake pressure sensor, offset value</title>
<para>
<ptxt>Present value for this operating cycle. A diagnostic trouble code (DTC) is stored and DSTC (dynamic stability and traction control) is shut off at ±8 bar.</ptxt>
<ptxt>Measurement range: -20- +20 bar</ptxt>
</para>
</procstep>
<procstep>
<title>Accelerometer, stored offset value (DSTC AWD)</title>
<para>
<ptxt>The value is stored in the EEPROM memory of the brake control module (BCM).</ptxt>
<ptxt>Measurement range: -10- +10 m/s<sup>2</sup>
</ptxt>
</para>
</procstep>
<procstep>
<title>Accelerometer, signal (DSTC (dynamic stability and traction control))</title>
<para>
<ptxt>Present value for this operating cycle. A diagnostic trouble code (DTC) is stored and DSTC (dynamic stability and traction control) is shut off at ± 1.7 m/s<sup>2</sup>.</ptxt>
<ptxt>Measurement range: -10- +10 m/s<sup>2</sup>
</ptxt>
</para>
</procstep>
</procedure>
</servinfosub><servinfosub IE-ID="en-US0900c8af86f5d6b2" docno="VCC-149010" id="en-US0900c8af86f5d6b2-KC02706976" servinfosubId="nev20685010n1-nev20685010n2" servinfosubRes="0900c8af862c1a96" servinfosubRes2="urn:x-nevis:fragment:0900c8af86f5d6b2:0900c8af862c1a96#nev20685010n2" xml:lang="en-US">
<title>Beskrivning av aktiveringar</title>
<procedure>
<stepgrp>
<title>Allmänt</title>
<procstep>
<title/>
<para>
<ptxt>Hydraulventiler och pumpmotor kan aktiveras. Ventilerna och pumpmotorn
aktiveras och avaktiveras under ca 4 sekunder. Eftersom bromssystemet kan
vara olika utrustade med exempelvis dragkrafts- och stabilitetsfunktion
så är det inte säkert att alla komponenter är möjliga
att aktivera för aktuell styrenhet.</ptxt>
</para>
<para>
<ptxt/>
</para>
</procstep>
</stepgrp>
<stepgrp>
<title>Aktiveringar samtliga varianter</title>
<procstep>
<title>Inloppsventil vänster fram</title>
<para>
<ptxt>Aktivering av inloppsventil vänster framhjul.</ptxt>
<ptxt>"Klickljud" i hydraulaggregatet.</ptxt>
</para>
</procstep>
<procstep>
<title>Inloppsventil höger fram</title>
<para>
<ptxt>Aktivering av inloppsventil höger framhjul.</ptxt>
<ptxt>"Klickljud" i hydraulaggregatet.</ptxt>
</para>
</procstep>
<procstep>
<title>Inloppsventil vänster bak</title>
<para>
<ptxt>Aktivering av inloppsventil vänster bakhjul.</ptxt>
<ptxt>"Klickljud" i hydraulaggregatet.</ptxt>
</para>
</procstep>
<procstep>
<title>Inloppsventil höger bak</title>
<para>
<ptxt>Aktivering av inloppsventil höger bakhjul.</ptxt>
<ptxt>"Klickljud" i hydraulaggregatet.</ptxt>
</para>
</procstep>
<procstep>
<title>Utloppsventil vänster fram</title>
<para>
<ptxt>Aktivering av utloppsventil vänster framhjul.</ptxt>
<ptxt>"Klickljud" i hydraulaggregatet.</ptxt>
</para>
</procstep>
<procstep>
<title>Utloppsventil höger fram</title>
<para>
<ptxt>Aktivering av utloppsventil höger framhjul.</ptxt>
<ptxt>"Klickljud" i hydraulaggregatet.</ptxt>
</para>
</procstep>
<procstep>
<title>Utloppsventil vänster bak</title>
<para>
<ptxt>Aktivering av utloppsventil vänster bakhjul.</ptxt>
<ptxt>"Klickljud" i hydraulaggregatet.</ptxt>
</para>
</procstep>
<procstep>
<title>Utloppsventil höger bak</title>
<para>
<ptxt>Aktivering av utloppsventil höger bakhjul.</ptxt>
<ptxt>"Klickljud" i hydraulaggregatet.</ptxt>
</para>
</procstep>
<procstep>
<title>Pumpmotor</title>
<para>
<ptxt>Aktivering av hydraulaggregatets pumpmotor.</ptxt>
<ptxt>Ett “brummande” ska höras från pumpmotorn.</ptxt>
</para>
</procstep>
</stepgrp>
<stepgrp>
<title>Funktion endast bilar med STC/TRACS/DSTC</title>
<procstep>
<title>TRACS ventil 1 respektive 2</title>
<para>
<ptxt>Aktivering av TRACS ventil 1 respektive 2.</ptxt>
<ptxt>"Klickljud" i hydraulaggregatet.</ptxt>
</para>
</procstep>
<procstep>
<title>Stabilitetssensor (BSC) ventil 1 respektive 2 (aktiv girkontroll)</title>
<para>
<ptxt>Aktivering av stabilitetssensor (BSC) ventil 1 respektive 2.</ptxt>
<ptxt>"Klickljud" i hydraulaggregatet.</ptxt>
</para>
</procstep>
</stepgrp>
</procedure>
</servinfosub><servinfosub IE-ID="en-US0900c8af80cc44ba" docno="VCC-149056" id="en-US0900c8af80cc44ba-KC02706945" servinfosubId="nev20685019n1-nev20685019n2" servinfosubRes="0900c8af862c1aa8" servinfosubRes2="urn:x-nevis:fragment:0900c8af80cc44ba:0900c8af862c1aa8#nev20685019n2" xml:lang="en-US">
<title>Description of reading off extended diagnostic trouble code (DTC) information</title>
<procedure>
<stepgrp>
<procstep>
<title>Contents</title>
<para>
<ptxt>Select type of description.</ptxt>
</para>
<list1 enumtype="b" type="unordered">
<item>
<ptxt>
<xref>
<ref id="en-US0900c8af80cc4469-KC02725212(null)"/>
</xref>
</ptxt>
</item>
<item>
<ptxt>
<xref>
<ref id="en-US0900c8af836fee22-KC01107010(null)"/>
</xref>
</ptxt>
</item>
<item>
<ptxt>
<xref>
<ref id="en-US0900c8af80881abc-KC01107012(null)"/>
</xref>
</ptxt>
</item>
</list1>
</procstep>
</stepgrp>
</procedure>
</servinfosub></servinfo>
            </ti_title>
            <ti_title engine="B5254T7" id="TITitle-12345-143" navTitle="navTitle" shortYearRange="2011-2012" title="ti_title" yearRange="2011, 2012">
              <!--<nevisid documentType="servinfosub" id="0900c8af86f5d6b2" notFirstLevelInfo="true" title="Beskrivning av aktiveringar" vccNumber="VCC-149010-1" yearRange="2011, 2012"/>-->
              <!--<nevisid documentType="servinfosub" id="0900c8af80cc43ae" notFirstLevelInfo="true" title="Description of parameters" vccNumber="VCC-148987-2" yearRange="2011, 2012"/>-->
              <!--<nevisid documentType="servinfosub" id="0900c8af80cc44ba" notFirstLevelInfo="true" title="Description of reading off extended diagnostic trouble code (DTC) information" vccNumber="VCC-149056-2" yearRange="2011, 2012"/>-->
              <ptxt><xref dupFrag="true" refid="en-US0900c8af80cc43ae-KC02707041"/></ptxt>
            </ti_title>
          </FunctionGroup3>
        </FunctionGroup2>