<?xml version="1.0" encoding="UTF-8"?><FunctionGroup2 Qualifier="Design and Function" group="89" name="Miscellaneous"><serv-cat servcat.name=" Exterior/Interior Trim"/><serv-cat servcat.name="Towing Systems"/><doc-head>Accessories and Body, Cab</doc-head><doc-subhead>Miscellaneous - Design and Function</doc-subhead>
          <FunctionGroup3 group="892" name="recovery and towing unit">
            <ti_title id="TITitle-12345-55" navTitle="navTitle" shortYearRange="2004-2012" title="ti_title" yearRange="2004-2012">
              <!--<nevisid documentType="servinfosub" id="0900c8af838cf578" notFirstLevelInfo="true" title="Design" vccNumber="VCC-155867-1" yearRange="2004-2012"/>-->
              <!--<nevisid documentType="servinfosub" id="0900c8af8135998e" notFirstLevelInfo="true" title="Diagnostic functions" vccNumber="VCC-155869-1" yearRange="2004-2012"/>-->
              <!--<nevisid documentType="servinfosub" id="0900c8af81359992" notFirstLevelInfo="true" title="Downloading software and replacing the control module" vccNumber="VCC-155870-1" yearRange="2004-2012"/>-->
              <!--<nevisid documentType="servinfosub" id="0900c8af838cf592" notFirstLevelInfo="true" title="Function" vccNumber="VCC-155868-1" yearRange="2004-2012"/>-->
              <!--<nevisid documentType="servinfosub" id="0900c8af838cf55d" notFirstLevelInfo="true" title="System overview" vccNumber="VCC-155866-1" yearRange="2004-2012"/>-->
              <ptxt><xref dupFrag="true" refid="en-US0900c8af838cf55d-KC03089808"/></ptxt>
            </ti_title>
          </FunctionGroup3>
        </FunctionGroup2>