<?xml version="1.0" encoding="UTF-8"?><FunctionGroup2 Qualifier="Cleaning, Inspection and Adjustment" group="55" name="Parking brake"><serv-cat servcat.name=" Parking Brake System"/><serv-cat servcat.name="Mechanical - Hydraulic"/><doc-head>Brakes</doc-head><doc-subhead>Parking Brake - Cleaning, Inspection and Adjustment</doc-subhead>
          <FunctionGroup3 group="551" name="brake control">
            <ti_title id="TITitle-12345-750" navTitle="navTitle" shortYearRange="2004-2012" title="ti_title" yearRange="2004-2012">
              <servinfosub IE-ID="en-US0900c8af844d3d3c" docno="VCC-370769" id="en-US0900c8af844d3d3c-nev13715962n1" original="sv-SE" servinfosubId="nev13715963n1-nev13715969n1" servinfosubRes="0900c8af844d3d45" servinfosubRes2="urn:x-nevis:fragment:0900c8af844d3d3c:0900c8af844d3d45#nev13715969n1" xml:lang="en-US" yearRange="2008-2010">
<operationnumbers>
<operationnumber>55102-2</operationnumber>
</operationnumbers>
<title id="en-US0900c8af844d3d3c-nev13715959n83">Parking brake, adjusting (2008-2010)</title>
<imagedisclaimer id="en-US0900c8af844d3d3c-nev13715963n1-nev13715964n85"/>
<procedure id="en-US0900c8af844d3d3c-nev13715963n1-nev13715964n86">
<stepgrp boilerplate="true" context="removal" id="en-US0900c8af844d3d3c-nev13715963n1-nev13715964n87">
<note id="en-US0900c8af844d3d3c-nev13715963n1-nev13715964n88">
<ptxt id="en-US0900c8af844d3d3c-nev13715963n1-nev13715964n89">Removal steps in this procedure may contain installation details.</ptxt>
</note>
<procstep id="en-US0900c8af844d3d3c-nev13715963n1-nev13715964n90">
<title id="en-US0900c8af844d3d3c-nev13715963n1-nev13715964n91"/>
<para id="en-US0900c8af844d3d3c-nev13715963n1-nev13715964n92">
<ptxt id="en-US0900c8af844d3d3c-nev13715963n1-nev13715964n93">Remove cup holder floor console. <xref boilerplate="true" id="en-US0900c8af844d3d3c-nev13715963n1-nev13715964n94">
<ref id="en-US0900c8af844da0bb-nev13719106n1(20082009201020112012),en-US0900c8af844da09e-nev13719106n1(2004200520062007)"/>
</xref>
</ptxt>
</para>
</procstep>
<procstep id="en-US0900c8af844d3d3c-nev13715963n1-nev13715964n96">
<title id="en-US0900c8af844d3d3c-nev13715963n1-nev13715964n97"/>
<grate id="en-US0900c8af844d3d3c-nev13715963n1-nev13715964n98">
<graphic id="en-US0900c8af844d3d3c-nev13715963n1-nev13715964n99">
<href>0900c8af8441a284_950_600.jpeg</href>
</graphic>
</grate>
</procstep>
<procstep id="en-US0900c8af844d3d3c-nev13715963n1-nev13715964n100">
<title id="en-US0900c8af844d3d3c-nev13715963n1-nev13715971n1"/>
<grate id="en-US0900c8af844d3d3c-nev13715963n1-nev13715971n2">
<graphic id="en-US0900c8af844d3d3c-nev13715963n1-nev13715971n3">
<href>0900c8af8441a287_950_600.jpeg</href>
</graphic>
</grate>
</procstep>
<procstep id="en-US0900c8af844d3d3c-nev13715963n1-nev13715971n4">
<title id="en-US0900c8af844d3d3c-nev13715963n1-nev13715971n5"/>
<note id="en-US0900c8af844d3d3c-nev13715963n1-nev13715971n6">
<ptxt id="en-US0900c8af844d3d3c-nev13715963n1-nev13715971n7">Make sure that the road wheels freely rotate after the adjustment.</ptxt>
</note>
</procstep>
</stepgrp>
<stepgrp boilerplate="true" context="installation" id="en-US0900c8af844d3d3c-nev13715963n1-nev13715971n8">
<procstep id="en-US0900c8af844d3d3c-nev13715963n1-nev13715971n9">
<title id="en-US0900c8af844d3d3c-nev13715963n1-nev13715971n10"/>
<para id="en-US0900c8af844d3d3c-nev13715963n1-nev13715971n11">
<ptxt id="en-US0900c8af844d3d3c-nev13715963n1-nev13715971n12">To install, reverse the removal procedure.</ptxt>
</para>
</procstep>
</stepgrp>
</procedure>
<servinfosub IE-ID="en-US0900c8af844da0bb" docno="VCC-371280" id="en-US0900c8af844da0bb-nev13719106n1" original="sv-SE" servinfosubId="nev13719107n1-nev13719111n1" servinfosubRes="0900c8af844da0c0" servinfosubRes2="urn:x-nevis:fragment:0900c8af844da0bb:0900c8af844da0c0#nev13719111n1" xml:lang="en-US">
<operationnumbers>
<operationnumber>88272-2</operationnumber>
</operationnumbers>
<title id="en-US0900c8af844da0bb-nev13719103n53">Floor Consol Cup holder</title>
<imagedisclaimer id="en-US0900c8af844da0bb-nev13719107n1-nev13719110n27"/>
<procedure id="en-US0900c8af844da0bb-nev13719107n1-nev13719110n28">
<stepgrp boilerplate="true" context="removalinstallation" id="en-US0900c8af844da0bb-nev13719107n1-nev13719110n29">
<procstep id="en-US0900c8af844da0bb-nev13719107n1-nev13719110n30">
<title id="en-US0900c8af844da0bb-nev13719107n1-nev13719110n31"/>
<grate id="en-US0900c8af844da0bb-nev13719107n1-nev13719110n32">
<graphic id="en-US0900c8af844da0bb-nev13719107n1-nev13719110n33">
<href>0900c8af83ce0d26_950_600.jpeg</href>
</graphic>
</grate>
</procstep>
</stepgrp>
</procedure>
</servinfosub><servinfosub IE-ID="en-US0900c8af844da09e" docno="VCC-371280" id="en-US0900c8af844da09e-nev13719106n1" original="sv-SE" servinfosubId="nev13719107n1-nev13719106n4" servinfosubRes="0900c8af844da0a0" servinfosubRes2="urn:x-nevis:fragment:0900c8af844da09e:0900c8af844da0a0#nev13719106n4" xml:lang="en-US">
<title id="en-US0900c8af844da09e-nev13719103n53">Floor Consol Cup holder</title>
<procedure id="en-US0900c8af844da09e-nev13719107n1-nev13719103n59">
<note id="en-US0900c8af844da09e-nev13719107n1-nev13719103n60">
<ptxt id="en-US0900c8af844da09e-nev13719107n1-nev13719103n61">The illustrations in this service information are used for different model years and/or models. Some variation may occur. However, the essential information in the illustrations is always correct.</ptxt>
</note>
<stepgrp id="en-US0900c8af844da09e-nev13719107n1-nev13719103n54">
<title id="en-US0900c8af844da09e-nev13719107n1-nev13719103n62">Removal</title>
<procstep id="en-US0900c8af844da09e-nev13719107n1-nev13719103n55">
<title id="en-US0900c8af844da09e-nev13719107n1-nev13719103n63">Removing the mug holder</title>
<grate id="en-US0900c8af844da09e-nev13719107n1-nev13719103n64">
<graphic id="en-US0900c8af844da09e-nev13719107n1-nev13719103n56">
<href>0900c8af80445c5b_674_505.jpeg</href>
</graphic>
<graphtext id="en-US0900c8af844da09e-nev13719107n1-nev13719103n65">
<para id="en-US0900c8af844da09e-nev13719107n1-nev13719103n66">
<ptxt id="en-US0900c8af844da09e-nev13719107n1-nev13719103n67">Remove the mug holder by pulling it straight up.</ptxt>
</para>
<hint id="en-US0900c8af844da09e-nev13719107n1-nev13719103n68">
<ptxt id="en-US0900c8af844da09e-nev13719107n1-nev13719103n69">Using a weatherstrip tool, start at one of the rear corners. </ptxt>
</hint>
</graphtext>
</grate>
</procstep>
</stepgrp>
<stepgrp id="en-US0900c8af844da09e-nev13719107n1-nev13719103n57">
<title id="en-US0900c8af844da09e-nev13719107n1-nev13719103n70">Installation</title>
<procstep id="en-US0900c8af844da09e-nev13719107n1-nev13719103n58">
<title id="en-US0900c8af844da09e-nev13719107n1-nev13719103n71">Installing the mug holder</title>
<para id="en-US0900c8af844da09e-nev13719107n1-nev13719103n72">
<ptxt id="en-US0900c8af844da09e-nev13719107n1-nev13719103n73">Install the mug holder by pressing it straight down.</ptxt>
</para>
</procstep>
</stepgrp>
</procedure>
</servinfosub></servinfosub>
              <servinfosub IE-ID="en-US0900c8af8592987f" docno="VCC-370769" id="en-US0900c8af8592987f-nev13715962n1" original="sv-SE" servinfosubId="nev13715963n1-nev13715962n4" servinfosubRes="0900c8af859298ab" servinfosubRes2="urn:x-nevis:fragment:0900c8af8592987f:0900c8af859298ab#nev13715962n4" xml:lang="en-US" yearRange="2004-2007, 2011, 2012">
<operationnumbers>
<operationnumber>55102-2</operationnumber>
</operationnumbers>
<title id="en-US0900c8af8592987f-nev13715959n83">Parking brake, adjusting (2004-2007, 2011, 2012)</title>
<procedure id="en-US0900c8af8592987f-nev13715963n1-nev13715959n85">
<stepgrp boilerplate="false" context="" id="en-US0900c8af8592987f-nev13715963n1-nev18052977n30">
<title id="en-US0900c8af8592987f-nev13715963n1-0800c8af844a46f6">Removal</title>
<procstep id="en-US0900c8af8592987f-nev13715963n1-nev18052977n31">
<para id="en-US0900c8af8592987f-nev13715963n1-nev18052977n26">
<ptxt id="en-US0900c8af8592987f-nev13715963n1-nev18052977n28">Remove cup holder floor console<xref boilerplate="true" id="en-US0900c8af8592987f-nev13715963n1-nev18052977n29">
<ref id="en-US0900c8af844da0bb-nev13719106n1(20082009201020112012),en-US0900c8af844da09e-nev13719106n1(2004200520062007)"/>
</xref>
</ptxt>
</para>
</procstep>
<procstep id="en-US0900c8af8592987f-nev13715963n1-nev18052977n25">
<grate id="en-US0900c8af8592987f-nev13715963n1-nev18052977n23">
<graphic id="en-US0900c8af8592987f-nev13715963n1-nev18052977n24">
<href>0900c8af8441a284_950_600.jpeg</href>
</graphic>
</grate>
</procstep>
<procstep id="en-US0900c8af8592987f-nev13715963n1-nev18052977n22">
<grate id="en-US0900c8af8592987f-nev13715963n1-nev18052977n20">
<graphic id="en-US0900c8af8592987f-nev13715963n1-nev18052977n21">
<href>0900c8af8441a287_950_600.jpeg</href>
</graphic>
</grate>
</procstep>
<procstep id="en-US0900c8af8592987f-nev13715963n1-nev18052977n19">
<note id="en-US0900c8af8592987f-nev13715963n1-nev18052977n18">
<ptxt>Make sure that the road wheels freely rotate after the adjustment.</ptxt>
</note>
</procstep>
</stepgrp>
<stepgrp boilerplate="false" context="" id="en-US0900c8af8592987f-nev13715963n1-nev18052977n17">
<title id="en-US0900c8af8592987f-nev13715963n1-nev18052977n16">Installation</title>
<procstep id="en-US0900c8af8592987f-nev13715963n1-nev18052977n15">
<para id="en-US0900c8af8592987f-nev13715963n1-nev18052977n11">
<ptxt id="en-US0900c8af8592987f-nev13715963n1-nev18052977n13">Install floor console cup holder<xref boilerplate="true" id="en-US0900c8af8592987f-nev13715963n1-nev18052977n14">
<ref id="en-US0900c8af844da0bb-nev13719106n1(20082009201020112012),en-US0900c8af844da09e-nev13719106n1(2004200520062007)"/>
</xref>
</ptxt>
</para>
</procstep>
</stepgrp>
</procedure>
<servinfosub IE-ID="en-US0900c8af844da0bb" docno="VCC-371280" id="en-US0900c8af844da0bb-nev13719106n1" original="sv-SE" servinfosubId="nev13719107n1-nev13719111n1" servinfosubRes="0900c8af844da0c0" servinfosubRes2="urn:x-nevis:fragment:0900c8af844da0bb:0900c8af844da0c0#nev13719111n1" xml:lang="en-US">
<operationnumbers>
<operationnumber>88272-2</operationnumber>
</operationnumbers>
<title id="en-US0900c8af844da0bb-nev13719103n53">Floor Consol Cup holder</title>
<imagedisclaimer id="en-US0900c8af844da0bb-nev13719107n1-nev13719110n27"/>
<procedure id="en-US0900c8af844da0bb-nev13719107n1-nev13719110n28">
<stepgrp boilerplate="true" context="removalinstallation" id="en-US0900c8af844da0bb-nev13719107n1-nev13719110n29">
<procstep id="en-US0900c8af844da0bb-nev13719107n1-nev13719110n30">
<title id="en-US0900c8af844da0bb-nev13719107n1-nev13719110n31"/>
<grate id="en-US0900c8af844da0bb-nev13719107n1-nev13719110n32">
<graphic id="en-US0900c8af844da0bb-nev13719107n1-nev13719110n33">
<href>0900c8af83ce0d26_950_600.jpeg</href>
</graphic>
</grate>
</procstep>
</stepgrp>
</procedure>
</servinfosub><servinfosub IE-ID="en-US0900c8af844da09e" docno="VCC-371280" id="en-US0900c8af844da09e-nev13719106n1" original="sv-SE" servinfosubId="nev13719107n1-nev13719106n4" servinfosubRes="0900c8af844da0a0" servinfosubRes2="urn:x-nevis:fragment:0900c8af844da09e:0900c8af844da0a0#nev13719106n4" xml:lang="en-US">
<title id="en-US0900c8af844da09e-nev13719103n53">Floor Consol Cup holder</title>
<procedure id="en-US0900c8af844da09e-nev13719107n1-nev13719103n59">
<note id="en-US0900c8af844da09e-nev13719107n1-nev13719103n60">
<ptxt id="en-US0900c8af844da09e-nev13719107n1-nev13719103n61">The illustrations in this service information are used for different model years and/or models. Some variation may occur. However, the essential information in the illustrations is always correct.</ptxt>
</note>
<stepgrp id="en-US0900c8af844da09e-nev13719107n1-nev13719103n54">
<title id="en-US0900c8af844da09e-nev13719107n1-nev13719103n62">Removal</title>
<procstep id="en-US0900c8af844da09e-nev13719107n1-nev13719103n55">
<title id="en-US0900c8af844da09e-nev13719107n1-nev13719103n63">Removing the mug holder</title>
<grate id="en-US0900c8af844da09e-nev13719107n1-nev13719103n64">
<graphic id="en-US0900c8af844da09e-nev13719107n1-nev13719103n56">
<href>0900c8af80445c5b_674_505.jpeg</href>
</graphic>
<graphtext id="en-US0900c8af844da09e-nev13719107n1-nev13719103n65">
<para id="en-US0900c8af844da09e-nev13719107n1-nev13719103n66">
<ptxt id="en-US0900c8af844da09e-nev13719107n1-nev13719103n67">Remove the mug holder by pulling it straight up.</ptxt>
</para>
<hint id="en-US0900c8af844da09e-nev13719107n1-nev13719103n68">
<ptxt id="en-US0900c8af844da09e-nev13719107n1-nev13719103n69">Using a weatherstrip tool, start at one of the rear corners. </ptxt>
</hint>
</graphtext>
</grate>
</procstep>
</stepgrp>
<stepgrp id="en-US0900c8af844da09e-nev13719107n1-nev13719103n57">
<title id="en-US0900c8af844da09e-nev13719107n1-nev13719103n70">Installation</title>
<procstep id="en-US0900c8af844da09e-nev13719107n1-nev13719103n58">
<title id="en-US0900c8af844da09e-nev13719107n1-nev13719103n71">Installing the mug holder</title>
<para id="en-US0900c8af844da09e-nev13719107n1-nev13719103n72">
<ptxt id="en-US0900c8af844da09e-nev13719107n1-nev13719103n73">Install the mug holder by pressing it straight down.</ptxt>
</para>
</procstep>
</stepgrp>
</procedure>
</servinfosub></servinfosub>
            </ti_title>
          </FunctionGroup3>
        </FunctionGroup2>