<?xml version="1.0" encoding="UTF-8"?><FunctionGroup2 Qualifier="Cleaning, Inspection and Adjustment" group="60" name="General"><serv-cat servcat.name=" Steering Column"/><serv-cat servcat.name=" Manual @AnD@ Power Steering"/><serv-cat servcat.name=" Steering Linkage"/><serv-cat servcat.name=" Steering Gear"/><serv-cat servcat.name=" Wheel @AnD@ Tire System"/><serv-cat servcat.name=" Suspension Rear"/><serv-cat servcat.name=" Suspension Front"/><serv-cat servcat.name="Wheel Alignment"/><doc-head>Suspension</doc-head><doc-subhead>General - Cleaning, Inspection and Adjustment</doc-subhead>
          <FunctionGroup3 group="601" name="wheel alignment">
            <ti_title id="TITitle-12345-752" navTitle="navTitle" shortYearRange="2004-2012" title="ti_title" yearRange="2004-2012">
              <servinfosub IE-ID="en-US0900c8af85999521" docno="VCC-370789" id="en-US0900c8af85999521-nev13716074n1" original="sv-SE" servinfosubId="nev13716075n1-nev13716074n4" servinfosubRes="0900c8af85999585" servinfosubRes2="urn:x-nevis:fragment:0900c8af85999521:0900c8af85999585#nev13716074n4" xml:lang="en-US" yearRange="2004-2012">
<title id="en-US0900c8af85999521-nev13716076n2">Wheel angles, check</title>
<procedure id="en-US0900c8af85999521-nev13716075n1-nev13716076n36">
<stepgrp boilerplate="false" context="" id="en-US0900c8af85999521-nev13716075n1-nev18117436n30">
<title id="en-US0900c8af85999521-nev13716075n1-nev18117436n29">Adjustment</title>
<procstep id="en-US0900c8af85999521-nev13716075n1-nev18117436n28">
<note id="en-US0900c8af85999521-nev13716075n1-nev18117436n27">
<ptxt>For latest updated wheel camber specifications, see Technical Journal 19674.</ptxt>
</note>
</procstep>
</stepgrp>
</procedure>
</servinfosub>
            </ti_title>
          </FunctionGroup3>
        </FunctionGroup2>