<?xml version="1.0" encoding="UTF-8"?><FunctionGroup2 Qualifier="Installation instructions, accessories" group="52" name="Hydraulic/Vacuum-hydraulic brakes"><serv-cat servcat.name="Mechanical - Hydraulic"/><doc-head>Brakes</doc-head><doc-subhead>Hydraulic-Vacuum-Hydraulic Brakes - Installation instructions, accessories</doc-subhead>
          <FunctionGroup3 group="524" name="brake control">
            <ti_title id="TITitle-12345-779" navTitle="navTitle" shortYearRange="2008-2012" title="ti_title" yearRange="2008-2012">
              <i2 IE-ID="en-US0900c8af854fa0e0" docno="VCC-431577" id="en-US0900c8af854fa0e0-nev17186381n1" original="sv-SE" xml:lang="en-US" yearRange="2008-2012">
<frontm id="en-US0900c8af854fa0e0-nev17186383n1-nev17203644n60">
<prolog>
<tpnbr>31330697</tpnbr>
</prolog>
<titlep id="en-US0900c8af854fa0e0-nev17186383n1-nev17203644n59">
<grate id="en-US0900c8af854fa0e0-nev17186383n1-nev17203644n54">
<graphic id="en-US0900c8af854fa0e0-nev17186383n1-nev17203643n40">
<href>0900c8af854b4e13_1890_1417.jpeg</href>
</graphic>
</grate>
<title id="en-US0900c8af854fa0e0-nev17186381n2">Sport pedals</title>
</titlep>
<preface id="en-US0900c8af854fa0e0-nev17186383n1-nev17203644n53">
<toolpics id="en-US0900c8af854fa0e0-nev17186383n1-nev17203644n51">
<title id="en-US0900c8af854fa0e0-nev17186383n1-0800c8af84f6831f">Equipment</title>
<i2graphic id="en-US0900c8af854fa0e0-nev17186383n1-nev17203643n34">
<href>0900c8af83557dc0_283_283.jpeg</href>
</i2graphic>
<i2graphic id="en-US0900c8af854fa0e0-nev17186383n1-nev17203643n33">
<href>0900c8af84563d89_283_283.jpeg</href>
</i2graphic>
</toolpics>
<kitpics id="en-US0900c8af854fa0e0-nev17186383n1-nev17203644n52">
<title id="en-US0900c8af854fa0e0-nev17186383n1-0800c8af84f6835a">Component overview</title>
<i2graphic id="en-US0900c8af854fa0e0-nev17186383n1-nev17203643n37">
<href>0900c8af854b4e73_1890_1417.jpeg</href>
</i2graphic>
<i2graphic id="en-US0900c8af854fa0e0-nev17186383n1-nev17203643n36">
<href>0900c8af854f9e56_1890_1417.jpeg</href>
</i2graphic>
</kitpics>
</preface>
</frontm>
<body id="en-US0900c8af854fa0e0-nev17186383n1-nev17203644n61">
<servinfosub docno="VCC-431577" id="en-US0900c8af854fa0e0-nev17186383n1-nev17186381n1" original="sv-SE" servinfosubId="nev17186383n1-nev17186381n4" servinfosubRes="0900c8af85522525" servinfosubRes2="urn:x-nevis:fragment:0900c8af854fa0e0:0900c8af85522525#nev17186381n4">
<operationnumbers>
<operationnumber>88035</operationnumber>
</operationnumbers>
<procedure id="en-US0900c8af854fa0e0-nev17186383n1-nev17188105n58">
<stepgrp boilerplate="false" context="" id="en-US0900c8af854fa0e0-nev17186383n1-nev17203644n50">
<title id="en-US0900c8af854fa0e0-nev17186383n1-0800c8af84f682f9">Information</title>
<procstep id="en-US0900c8af854fa0e0-nev17186383n1-nev17186479n17">
<list1 enumtype="b" id="en-US0900c8af854fa0e0-nev13396149n248" type="unordered">
<item id="en-US0900c8af854fa0e0-nev13396149n246">
<ptxt id="en-US0900c8af854fa0e0-nev13396149n244">  Read through all of the instructions before starting installation.</ptxt>
</item>
<item id="en-US0900c8af854fa0e0-nev13396149n240">
<ptxt id="en-US0900c8af854fa0e0-nev13396149n238">Notifications and warning texts are for your safety and to minimise the risk of something breaking during installation.</ptxt>
</item>
<item id="en-US0900c8af854fa0e0-nev13396149n236">
<ptxt id="en-US0900c8af854fa0e0-nev13396149n234">Ensure that all tools stated in the instructions are available before starting installation.</ptxt>
</item>
<item id="en-US0900c8af854fa0e0-nev13396149n232">
<ptxt id="en-US0900c8af854fa0e0-nev13396149n230">Certain steps in the instructions are only presented in the form of images. Explanatory text is also given for more complicated steps.</ptxt>
</item>
<item id="en-US0900c8af854fa0e0-nev13396149n228">
<ptxt id="en-US0900c8af854fa0e0-nev13396149n226">In the event of any problems with the instructions or the accessory, contact your local Volvo dealer.</ptxt>
</item>
</list1>
</procstep>
</stepgrp>
<stepgrp boilerplate="false" context="" id="en-US0900c8af854fa0e0-nev17186383n1-nev17203644n47">
<title id="en-US0900c8af854fa0e0-nev17186383n1-0800c8af84fbdb3d">Accessory installation</title>
<procstep id="en-US0900c8af854fa0e0-nev17186383n1-nev17186479n47">
<grate id="en-US0900c8af854fa0e0-nev17186383n1-nev17203643n27">
<graphic id="en-US0900c8af854fa0e0-nev17186383n1-nev17203643n28">
<href>0900c8af854b4e82_945_709.jpeg</href>
</graphic>
<graphtext id="en-US0900c8af854fa0e0-nev17186383n1-nev17203762n1">
<para id="en-US0900c8af854fa0e0-nev17186383n1-nev17203644n45">
<ptxt id="en-US0900c8af854fa0e0-nev17186383n1-nev17203644n46">Clean the surface.</ptxt>
</para>
</graphtext>
</grate>
</procstep>
<procstep id="en-US0900c8af854fa0e0-nev17186383n1-nev17186479n62">
<grate id="en-US0900c8af854fa0e0-nev17186383n1-nev17203643n23">
<graphic id="en-US0900c8af854fa0e0-nev17186383n1-nev17203643n24">
<href>0900c8af854b4fb6_945_709.jpeg</href>
</graphic>
</grate>
</procstep>
<procstep id="en-US0900c8af854fa0e0-nev17186383n1-nev17186479n77">
<grate id="en-US0900c8af854fa0e0-nev17186383n1-nev17203643n21">
<graphic id="en-US0900c8af854fa0e0-nev17186383n1-nev17203643n22">
<href>0900c8af854b6454_945_709.jpeg</href>
</graphic>
</grate>
</procstep>
<procstep id="en-US0900c8af854fa0e0-nev17186383n1-nev17186479n92">
<grate id="en-US0900c8af854fa0e0-nev17186383n1-nev17203643n19">
<graphic id="en-US0900c8af854fa0e0-nev17186383n1-nev17203643n20">
<href>0900c8af854b645b_945_709.jpeg</href>
</graphic>
<graphtext id="en-US0900c8af854fa0e0-nev17186383n1-nev17203772n1">
<caution id="en-US0900c8af854fa0e0-nev17186383n1-0800c8af8550259c">
<ptxt>Using a mirror check that the pedal rubber covers the edges of the pedal.</ptxt>
</caution>
</graphtext>
</grate>
</procstep>
<procstep id="en-US0900c8af854fa0e0-nev17186383n1-nev17188381n69">
<title id="en-US0900c8af854fa0e0-nev17186383n1-0800c8af84fbdb38">Right-hand drive vehicles</title>
</procstep>
<procstep id="en-US0900c8af854fa0e0-nev17186383n1-nev17186477n7">
<grate id="en-US0900c8af854fa0e0-nev17186383n1-nev17203643n17">
<graphic id="en-US0900c8af854fa0e0-nev17186383n1-nev17203643n18">
<href>0900c8af854b6469_945_709.jpeg</href>
</graphic>
<graphtext id="en-US0900c8af854fa0e0-nev17186383n1-nev17203776n1">
<para id="en-US0900c8af854fa0e0-nev17186383n1-nev17203644n43">
<ptxt id="en-US0900c8af854fa0e0-nev17186383n1-nev17203644n44">Hook the pedal rubber onto the long side of the accelerator pedal.</ptxt>
</para>
</graphtext>
</grate>
</procstep>
<procstep id="en-US0900c8af854fa0e0-nev17186383n1-nev17186477n22">
<grate id="en-US0900c8af854fa0e0-nev17186383n1-nev17203643n13">
<graphic id="en-US0900c8af854fa0e0-nev17186383n1-nev17203643n14">
<href>0900c8af854b6470_945_709.jpeg</href>
</graphic>
<graphtext id="en-US0900c8af854fa0e0-nev17186383n1-nev17203780n1">
<para id="en-US0900c8af854fa0e0-nev17186383n1-nev17203644n41">
<ptxt id="en-US0900c8af854fa0e0-nev17186383n1-nev17203644n42">Press the pedal rubber towards the pedal and at the same time fold the pedal rubber's profile over the pedal using a straightening tool.</ptxt>
</para>
</graphtext>
</grate>
</procstep>
<procstep id="en-US0900c8af854fa0e0-nev17186383n1-nev17186477n37">
<grate id="en-US0900c8af854fa0e0-nev17186383n1-nev17203643n9">
<graphic id="en-US0900c8af854fa0e0-nev17186383n1-nev17203643n10">
<href>0900c8af854b662c_945_709.jpeg</href>
</graphic>
</grate>
</procstep>
<procstep id="en-US0900c8af854fa0e0-nev17186383n1-nev17186477n52">
<grate id="en-US0900c8af854fa0e0-nev17186383n1-nev17203643n7">
<graphic id="en-US0900c8af854fa0e0-nev17186383n1-nev17203643n8">
<href>0900c8af854b645b_945_709.jpeg</href>
</graphic>
<graphtext id="en-US0900c8af854fa0e0-nev17186383n1-nev17203787n1">
<caution id="en-US0900c8af854fa0e0-nev17186383n1-0800c8af8550259c">
<ptxt>Using a mirror check that the pedal rubber covers the edges of the pedal.</ptxt>
</caution>
</graphtext>
</grate>
</procstep>
<procstep id="en-US0900c8af854fa0e0-nev17186383n1-nev17188381n26">
<title id="en-US0900c8af854fa0e0-nev17186383n1-0800c8af84fbdb36">Cars with automatic transmissions</title>
</procstep>
<procstep id="en-US0900c8af854fa0e0-nev17186383n1-nev17186477n67">
<grate id="en-US0900c8af854fa0e0-nev17186383n1-nev17203643n5">
<graphic id="en-US0900c8af854fa0e0-nev17186383n1-nev17203643n6">
<href>0900c8af84e5e26b_945_709.jpeg</href>
</graphic>
<graphtext id="en-US0900c8af854fa0e0-nev17186383n1-nev17203791n1">
<para id="en-US0900c8af854fa0e0-nev17186383n1-nev17203644n39">
<ptxt id="en-US0900c8af854fa0e0-nev17186383n1-nev17203644n40">The part is not to be reused.</ptxt>
</para>
</graphtext>
</grate>
</procstep>
<procstep id="en-US0900c8af854fa0e0-nev17186383n1-nev17186477n97">
<grate id="en-US0900c8af854fa0e0-nev17186383n1-nev17203643n1">
<graphic id="en-US0900c8af854fa0e0-nev17186383n1-nev17203643n2">
<href>0900c8af8552141b_945_709.jpeg</href>
</graphic>
<graphtext id="en-US0900c8af854fa0e0-nev17186383n1-nev17203795n1">
<para id="en-US0900c8af854fa0e0-nev17186383n1-nev17203644n37">
<ptxt id="en-US0900c8af854fa0e0-nev17186383n1-nev17203644n38">Hook the pedal rubber onto the pedal at the lower edge and pull the pedal rubber upward.</ptxt>
</para>
</graphtext>
</grate>
</procstep>
<procstep id="en-US0900c8af854fa0e0-nev17186383n1-nev17186376n12">
<grate id="en-US0900c8af854fa0e0-nev17186383n1-nev17203644n97">
<graphic id="en-US0900c8af854fa0e0-nev17186383n1-nev17203644n98">
<href>0900c8af8552145e_945_709.jpeg</href>
</graphic>
<graphtext id="en-US0900c8af854fa0e0-nev17186383n1-nev17203799n1">
<para id="en-US0900c8af854fa0e0-nev17186383n1-nev17203644n35">
<ptxt id="en-US0900c8af854fa0e0-nev17186383n1-nev17203644n36">Press the pedal rubber towards the pedal and at the same time fold the pedal rubber's profile over the pedal using a straightening tool.</ptxt>
</para>
</graphtext>
</grate>
</procstep>
<procstep id="en-US0900c8af854fa0e0-nev17186383n1-nev17186376n27">
<grate id="en-US0900c8af854fa0e0-nev17186383n1-nev17203644n93">
<graphic id="en-US0900c8af854fa0e0-nev17186383n1-nev17203644n94">
<href>0900c8af854b6927_945_709.jpeg</href>
</graphic>
<graphtext id="en-US0900c8af854fa0e0-nev17186383n1-nev17203803n1">
<caution id="en-US0900c8af854fa0e0-nev17186383n1-0800c8af8550259c">
<ptxt>Using a mirror check that the pedal rubber covers the edges of the pedal.</ptxt>
</caution>
</graphtext>
</grate>
</procstep>
<procstep id="en-US0900c8af854fa0e0-nev17186383n1-nev17188401n55">
<title id="en-US0900c8af854fa0e0-nev17186383n1-0800c8af84fbdb35">Cars with manual transmissions</title>
</procstep>
<procstep id="en-US0900c8af854fa0e0-nev17186383n1-nev17188096n55">
<grate id="en-US0900c8af854fa0e0-nev17186383n1-nev17203644n91">
<graphic id="en-US0900c8af854fa0e0-nev17186383n1-nev17203644n92">
<href>0900c8af84e5e2b6_945_709.jpeg</href>
</graphic>
<graphtext id="en-US0900c8af854fa0e0-nev17186383n1-nev17203807n1">
<para id="en-US0900c8af854fa0e0-nev17186383n1-nev17203644n33">
<ptxt id="en-US0900c8af854fa0e0-nev17186383n1-nev17203644n34">The part is not to be reused.</ptxt>
</para>
</graphtext>
</grate>
</procstep>
<procstep id="en-US0900c8af854fa0e0-nev17186383n1-nev17188098n25">
<grate id="en-US0900c8af854fa0e0-nev17186383n1-nev17203644n87">
<graphic id="en-US0900c8af854fa0e0-nev17186383n1-nev17203644n88">
<href>0900c8af85521472_945_709.jpeg</href>
</graphic>
<graphtext id="en-US0900c8af854fa0e0-nev17186383n1-nev17203811n1">
<para id="en-US0900c8af854fa0e0-nev17186383n1-nev17203644n31">
<ptxt id="en-US0900c8af854fa0e0-nev17186383n1-nev17203644n32">Hook the pedal rubber onto the pedal at the lower edge and pull the pedal rubber upward.</ptxt>
</para>
</graphtext>
</grate>
</procstep>
<procstep id="en-US0900c8af854fa0e0-nev17186383n1-nev17188099n4">
<grate id="en-US0900c8af854fa0e0-nev17186383n1-nev17203644n83">
<graphic id="en-US0900c8af854fa0e0-nev17186383n1-nev17203644n84">
<href>0900c8af85521466_945_709.jpeg</href>
</graphic>
<graphtext id="en-US0900c8af854fa0e0-nev17186383n1-nev17203815n1">
<para id="en-US0900c8af854fa0e0-nev17186383n1-nev17203644n29">
<ptxt id="en-US0900c8af854fa0e0-nev17186383n1-nev17203644n30">Press the pedal rubber towards the pedal and at the same time fold the pedal rubber's profile over the pedal using a straightening tool.</ptxt>
</para>
</graphtext>
</grate>
</procstep>
<procstep id="en-US0900c8af854fa0e0-nev17186383n1-nev17188101n79">
<grate id="en-US0900c8af854fa0e0-nev17186383n1-nev17203644n79">
<graphic id="en-US0900c8af854fa0e0-nev17186383n1-nev17203644n80">
<href>0900c8af854ef820_945_709.jpeg</href>
</graphic>
<graphtext id="en-US0900c8af854fa0e0-nev17186383n1-nev17203819n1">
<caution id="en-US0900c8af854fa0e0-nev17186383n1-0800c8af8550259c">
<ptxt>Using a mirror check that the pedal rubber covers the edges of the pedal.</ptxt>
</caution>
</graphtext>
</grate>
</procstep>
<procstep id="en-US0900c8af854fa0e0-nev17186383n1-nev17188403n89">
<title id="en-US0900c8af854fa0e0-nev17186383n1-0800c8af84fbdb37">Left hand drive vehicles</title>
</procstep>
<procstep id="en-US0900c8af854fa0e0-nev17186383n1-nev17188403n26">
<para id="en-US0900c8af854fa0e0-nev17186383n1-nev17203644n27">
<ptxt id="en-US0900c8af854fa0e0-nev17186383n1-nev17203644n28">Repeat method steps for the clutch pedal.</ptxt>
</para>
</procstep>
<procstep id="en-US0900c8af854fa0e0-nev17186383n1-nev17188402n75">
<title id="en-US0900c8af854fa0e0-nev17186383n1-0800c8af84fbdb38">Right-hand drive vehicles</title>
</procstep>
<procstep id="en-US0900c8af854fa0e0-nev17186383n1-nev17188102n50">
<grate id="en-US0900c8af854fa0e0-nev17186383n1-nev17203644n75">
<graphic id="en-US0900c8af854fa0e0-nev17186383n1-nev17203644n76">
<href>0900c8af854f9f5c_945_709.jpeg</href>
</graphic>
<graphtext id="en-US0900c8af854fa0e0-nev17186383n1-nev17203823n1">
<para id="en-US0900c8af854fa0e0-nev17186383n1-nev17203644n25">
<ptxt id="en-US0900c8af854fa0e0-nev17186383n1-nev17203644n26">The part is not to be reused.</ptxt>
</para>
</graphtext>
</grate>
</procstep>
<procstep id="en-US0900c8af854fa0e0-nev17186383n1-nev17188103n17">
<grate id="en-US0900c8af854fa0e0-nev17186383n1-nev17203644n71">
<graphic id="en-US0900c8af854fa0e0-nev17186383n1-nev17203644n72">
<href>0900c8af8552147d_945_709.jpeg</href>
</graphic>
<graphtext id="en-US0900c8af854fa0e0-nev17186383n1-nev17203827n1">
<para id="en-US0900c8af854fa0e0-nev17186383n1-nev17203644n23">
<ptxt id="en-US0900c8af854fa0e0-nev17186383n1-nev17203644n24">Hook the pedal rubber onto the pedal at the lower edge and pull the pedal rubber upward.</ptxt>
</para>
</graphtext>
</grate>
</procstep>
<procstep id="en-US0900c8af854fa0e0-nev17186383n1-nev17188105n80">
<grate id="en-US0900c8af854fa0e0-nev17186383n1-nev17203644n67">
<graphic id="en-US0900c8af854fa0e0-nev17186383n1-nev17203644n68">
<href>0900c8af854f9ff2_945_709.jpeg</href>
</graphic>
<graphtext id="en-US0900c8af854fa0e0-nev17186383n1-nev17203831n1">
<para id="en-US0900c8af854fa0e0-nev17186383n1-nev17203644n21">
<ptxt id="en-US0900c8af854fa0e0-nev17186383n1-nev17203644n22">Press the pedal rubber towards the pedal and at the same time fold the pedal rubber's profile over the pedal using a straightening tool.</ptxt>
</para>
</graphtext>
</grate>
</procstep>
</stepgrp>
</procedure>
<kitnumbers>
<kitnumber>31330701</kitnumber>
<kitnumber>31330700</kitnumber>
<kitnumber>31330699</kitnumber>
<kitnumber>31330698</kitnumber>
</kitnumbers>
</servinfosub>
</body>
<servinfosub IE-ID="en-US0900c8af87185c8e" docno="VCC-125191" id="en-US0900c8af87185c8e-KC01109525" xml:lang="en-US">
<title id="en-US0900c8af87185c8e-nev13396149n250">INTRODUCTION</title>
<list1 enumtype="b" id="en-US0900c8af87185c8e-nev13396149n248" type="unordered">
<item id="en-US0900c8af87185c8e-nev13396149n246">
<ptxt id="en-US0900c8af87185c8e-nev13396149n244">  Read through all of the instructions before starting installation.</ptxt>
</item>
<item id="en-US0900c8af87185c8e-nev13396149n240">
<ptxt id="en-US0900c8af87185c8e-nev13396149n238">Notifications and warning texts are for your safety and to minimise the risk of something breaking during installation.</ptxt>
</item>
<item id="en-US0900c8af87185c8e-nev13396149n236">
<ptxt id="en-US0900c8af87185c8e-nev13396149n234">Ensure that all tools stated in the instructions are available before starting installation.</ptxt>
</item>
<item id="en-US0900c8af87185c8e-nev13396149n232">
<ptxt id="en-US0900c8af87185c8e-nev13396149n230">Certain steps in the instructions are only presented in the form of images. Explanatory text is also given for more complicated steps.</ptxt>
</item>
<item id="en-US0900c8af87185c8e-nev13396149n228">
<ptxt id="en-US0900c8af87185c8e-nev13396149n226">In the event of any problems with the instructions or the accessory, contact your local Volvo dealer.</ptxt>
</item>
</list1>
</servinfosub></i2>
            </ti_title>
          </FunctionGroup3>
        </FunctionGroup2>