<?xml version="1.0" encoding="UTF-8"?><FunctionGroup2 Qualifier="Specifications, other" group="83" name="Doors and lids"><serv-cat servcat.name=" Sun Roof/T-Top/Convertible Top"/><serv-cat servcat.name=" Exterior Body Panels"/><serv-cat servcat.name="Door Locks @AnD@ Anti-Theft Systems"/><doc-head>Accessories and Body, Cab</doc-head><doc-subhead>Doors And Lids - Specifications, other</doc-subhead>
          <!--<FunctionGroup3 group="NULL" name="NULL">
            <ti_title id="TITitle-12345" navTitle="navTitle" shortYearRange="2005-2012" title="ti_title" yearRange="2005-2012">
              <nevisid documentType="servinfosub" id="0900c8af81dac6e4" title="Description of parameters" vccNumber="VCC-163772-1" yearRange="2005-2012"/>
              <nevisid documentType="servinfosub" id="0900c8af81dac6f3" title="Description of parameters" vccNumber="VCC-163774-1" yearRange="2005-2012"/>
            </ti_title>
          </FunctionGroup3>-->
          <FunctionGroup3 group="831" name="side door with operation">
            <ti_title id="TITitle-12345-147" navTitle="navTitle" shortYearRange="2004-2012" title="ti_title" yearRange="2004-2012">
              <!--<nevisid documentType="servinfosub" id="0900c8af80cc4460" notFirstLevelInfo="true" title="Description of activations" vccNumber="VCC-149013-1" yearRange="2004-2012"/>-->
              <!--<nevisid documentType="servinfosub" id="0900c8af80cc44ac" notFirstLevelInfo="true" title="Description of activations" vccNumber="VCC-149043-1" yearRange="2004-2012"/>-->
              <!--<nevisid documentType="servinfosub" id="0900c8af80cc43f5" notFirstLevelInfo="true" title="Description of parameters (2004)" vccNumber="VCC-148990-1" yearRange="2004"/>-->
              <!--<nevisid documentType="servinfosub" id="0900c8af80cc4428" notFirstLevelInfo="true" title="Description of parameters (2004)" vccNumber="VCC-148997-1" yearRange="2004"/>-->
              <!--<nevisid documentType="servinfosub" id="0900c8af80cc44c4" notFirstLevelInfo="true" title="Description of reading off of extended diagnostic trouble code (DTC) information" vccNumber="VCC-149059-1" yearRange="2004-2012"/>-->
              <!--<nevisid documentType="servinfosub" id="0900c8af80cc44e1" notFirstLevelInfo="true" title="Description of reading off of extended diagnostic trouble code (DTC) information" vccNumber="VCC-149066-1" yearRange="2004-2012"/>-->
              <servinfo IE-ID="en-US0900c8af80c57f5c" docno="VCC-149083" id="en-US0900c8af80c57f5c-KC02725381" xml:lang="en-US" yearRange="2004">
<title>Vehicle communication information, driver door module (DDM)</title>
<ref id="en-US0900c8af80cc43f5(2004)"/>
<ref id="en-US0900c8af80cc4460(200420052006200720082009201020112012)"/>
<ref id="en-US0900c8af80cc44c4(200420052006200720082009201020112012)"/>
<servinfosub IE-ID="en-US0900c8af80cc4460" docno="VCC-149013" id="en-US0900c8af80cc4460-KC02706007" servinfosubId="nev20685012n1-nev20685012n2" servinfosubRes="0900c8af862c1a9a" servinfosubRes2="urn:x-nevis:fragment:0900c8af80cc4460:0900c8af862c1a9a#nev20685012n2" xml:lang="en-US">
<title>Vehicle communication information, driver door module (DDM) (2004)</title>
<procedure>
<stepgrp>
<title>Component / function</title>
<note>
<ptxt>The illustration shows the control panel for the driver door in a left-hand drive car. The control panel and numbering in a right-hand
drive car is the mirror image of left-hand drive. </ptxt>
</note>
<procstep id="en-US0900c8af80cc4460-nev20685012n1-KC02725195">
<title/>
<grate>
<graphic id="en-US0900c8af80cc4460-nev20685012n1-KC03019915">
<href>0900c8af807316f7_674_505.jpeg</href>
</graphic>
</grate>
<list1 enumtype="n">
<item>
<ptxt>Window button for operating the window in the driver's door</ptxt>
</item>
<item>
<ptxt>Window button for operating the window in the passenger door</ptxt>
</item>
<item>
<ptxt>Window button for operating the window in the rear door on the driver's side</ptxt>
</item>
<item>
<ptxt>Window button for operating the window in the rear door on the passenger side.</ptxt>
</item>
</list1>
<note>
<ptxt>The diagnostic trouble code (DTC) is stored if buttons are activated for more than 60 seconds.</ptxt>
</note>
</procstep>
<procstep id="en-US0900c8af80cc4460-nev20685012n1-KC02725196">
<title>Driver's side front, window button up, activated</title>
<para>
<ptxt>Activation of window button 1, up.</ptxt>
</para>
</procstep>
<procstep id="en-US0900c8af80cc4460-nev20685012n1-KC02725197">
<title>Driver's side front, window button down, activated</title>
<para>
<ptxt>Activation of window button 1, down.</ptxt>
</para>
</procstep>
<procstep id="en-US0900c8af80cc4460-nev20685012n1-KC02725198">
<title>Passenger side front, window button up, activated</title>
<para>
<ptxt>Activation of window button 2, up.</ptxt>
</para>
</procstep>
<procstep id="en-US0900c8af80cc4460-nev20685012n1-KC02725199">
<title>Passenger side front, window button down, activated</title>
<para>
<ptxt>Activation of window button 2, down.</ptxt>
</para>
</procstep>
<procstep id="en-US0900c8af80cc4460-nev20685012n1-KC02725200">
<title>Driver's side rear, window button up, activated</title>
<para>
<ptxt>Activation of window button 3, up.</ptxt>
</para>
</procstep>
<procstep id="en-US0900c8af80cc4460-nev20685012n1-KC02725201">
<title>Driver's side rear, window button down, activated</title>
<para>
<ptxt>Activation of window button 3, down.</ptxt>
</para>
</procstep>
<procstep id="en-US0900c8af80cc4460-nev20685012n1-KC02725202">
<title>Passenger side rear, window button up, activated</title>
<para>
<ptxt>Activation of window button 4, up.</ptxt>
</para>
</procstep>
<procstep id="en-US0900c8af80cc4460-nev20685012n1-KC02725203">
<title>Passenger side rear, window button down, activated</title>
<para>
<ptxt>Activation of window button 4, down.</ptxt>
</para>
</procstep>
<procstep id="en-US0900c8af80cc4460-nev20685012n1-KC02725204">
<title>Central locking switch, unlocking activated</title>
<para>
<ptxt>Activating central locking button, unlocking.</ptxt>
</para>
</procstep>
<procstep id="en-US0900c8af80cc4460-nev20685012n1-KC02725205">
<title>Central locking switch, locking activated</title>
<para>
<ptxt>Activating central locking button, locking.</ptxt>
</para>
</procstep>
<procstep id="en-US0900c8af80cc4460-nev20685012n1-KC02725206">
<title>Power window motor, up, activated</title>
<para>
<ptxt>Activation of the power window motor in the driver's door, up. </ptxt>
</para>
</procstep>
<procstep id="en-US0900c8af80cc4460-nev20685012n1-KC02725207">
<title>Power window motor, down, activated</title>
<para>
<ptxt>Activation of the power window motor in the driver's door, down. </ptxt>
</para>
</procstep>
<procstep id="en-US0900c8af80cc4460-nev20685012n1-KC02725208">
<title>Mirror lamp, activated</title>
<para>
<ptxt>Indicates whether the driver's door mirror lamp is activated or not according to the control module.</ptxt>
</para>
</procstep>
<procstep id="en-US0900c8af80cc4460-nev20685012n1-KC02725209">
<title>Turn signal lamps</title>
<para>
<ptxt>Indicates whether the turn signal lamp on the driver's door is activated or not according to the control module.</ptxt>
</para>
</procstep>
<procstep id="en-US0900c8af80cc4460-nev20685012n1-KC02725210">
<title>Child-safety button</title>
<para>
<ptxt>Indicates whether the child-safety button is activated or not according to the control module.</ptxt>
</para>
</procstep>
</stepgrp>
</procedure>
</servinfosub><servinfosub IE-ID="en-US0900c8af80cc44c4" docno="VCC-149059" id="en-US0900c8af80cc44c4-KC02707086" servinfosubId="nev20685021n1-nev20685021n2" servinfosubRes="0900c8af862c1aac" servinfosubRes2="urn:x-nevis:fragment:0900c8af80cc44c4:0900c8af862c1aac#nev20685021n2" xml:lang="en-US">
<title>Description of reading off of extended diagnostic trouble code (DTC) information </title>
<procedure>
<stepgrp>
<procstep>
<title>Contents</title>
<para>
<ptxt>Select type of description.</ptxt>
</para>
<list1 enumtype="b" type="unordered">
<item>
<ptxt>
<xref>
<ref id="en-US0900c8af80cc4479-KC02725248(null)"/>
</xref>
</ptxt>
</item>
<item>
<ptxt>
<xref>
<ref id="en-US0900c8af80881abc-KC01107012(null)"/>
</xref>
</ptxt>
</item>
<item>
<ptxt>
<xref>
<ref id="en-US0900c8af836fee22-KC01107010(null)"/>
</xref>
</ptxt>
</item>
</list1>
</procstep>
</stepgrp>
</procedure>
</servinfosub><servinfosub IE-ID="en-US0900c8af80cc43f5" docno="VCC-148990" id="en-US0900c8af80cc43f5-KC02706037" servinfosubId="nev20684999n1-nev20684999n2" servinfosubRes="0900c8af862c1a7e" servinfosubRes2="urn:x-nevis:fragment:0900c8af80cc43f5:0900c8af862c1a7e#nev20684999n2" xml:lang="en-US">
<title>Description of parameters</title>
<procedure>
<stepgrp>
<title>Parameters, status</title>
<note>
<ptxt>The illustration shows the control panel for the driver door in a left-hand drive car. The control panel and numbering in a right-hand
drive car is the mirror image of left-hand drive. </ptxt>
</note>
<procstep id="en-US0900c8af80cc43f5-nev20684999n1-KC02725043">
<title/>
<grate>
<graphic id="en-US0900c8af80cc43f5-nev20684999n1-KC03019870">
<href>0900c8af807316f7_674_505.jpeg</href>
</graphic>
</grate>
<list1 enumtype="n">
<item>
<ptxt>Window button for operating the window in the driver's door</ptxt>
</item>
<item>
<ptxt>Window button for operating the window in the passenger door</ptxt>
</item>
<item>
<ptxt>Window button for operating the window in the rear door on the driver's side</ptxt>
</item>
<item>
<ptxt>Window button for operating the window in the rear door on the passenger side.</ptxt>
</item>
</list1>
</procstep>
<procstep id="en-US0900c8af80cc43f5-nev20684999n1-KC02725044">
<title>Driver's side front, window button up</title>
<para>
<ptxt>Read out of whether the control module interprets that window button 1 is activated or not activated in the up direction.</ptxt>
</para>
</procstep>
<procstep id="en-US0900c8af80cc43f5-nev20684999n1-KC02725045">
<title>Driver's side front, window button down</title>
<para>
<ptxt>Read out of whether control module interprets that the window button 1 is activated or not activated in the down direction.</ptxt>
</para>
</procstep>
<procstep id="en-US0900c8af80cc43f5-nev20684999n1-KC02725046">
<title>Passenger side front, window button up</title>
<para>
<ptxt>Read out of whether the control module interprets that window button 2 is activated or not activated in the up direction.</ptxt>
</para>
</procstep>
<procstep id="en-US0900c8af80cc43f5-nev20684999n1-KC02725047">
<title>Passenger side front, window button down</title>
<para>
<ptxt>Read out of whether the control module interprets that window button 2 is activated or not activated in the down direction.</ptxt>
</para>
</procstep>
<procstep id="en-US0900c8af80cc43f5-nev20684999n1-KC02725048">
<title>Driver's side rear, window button up</title>
<para>
<ptxt>Read out of whether the control module interprets that window button 3 is activated or not activated in the up direction.</ptxt>
</para>
</procstep>
<procstep id="en-US0900c8af80cc43f5-nev20684999n1-KC02725049">
<title>Driver's side rear, window button down</title>
<para>
<ptxt>Read out of whether control module interprets that the window button 3 is activated or not activated in the down direction.</ptxt>
</para>
</procstep>
<procstep id="en-US0900c8af80cc43f5-nev20684999n1-KC02725050">
<title>Passenger side rear, window button up</title>
<para>
<ptxt>Read out of whether the control module interprets that window button 4 is activated or not activated in the up direction.</ptxt>
</para>
</procstep>
<procstep id="en-US0900c8af80cc43f5-nev20684999n1-KC02725051">
<title>Passenger side rear, window button down</title>
<para>
<ptxt>Read out of whether control module interprets that the window button 4 is activated or not activated in the down direction.</ptxt>
</para>
</procstep>
<procstep id="en-US0900c8af80cc43f5-nev20684999n1-KC02725052">
<title>Central locking switch, unlocking</title>
<para>
<ptxt>Read out of whether the control module interprets that the driver's door button for central locking, unlocking, is activated or not. </ptxt>
</para>
</procstep>
<procstep id="en-US0900c8af80cc43f5-nev20684999n1-KC02725053">
<title>Central locking switch, locking</title>
<para>
<ptxt>Read out of whether the control module interprets that the driver's door button for central locking, locking, is activated or not. </ptxt>
</para>
</procstep>
<procstep id="en-US0900c8af80cc43f5-nev20684999n1-KC02725054">
<title>Power window motor, up</title>
<para>
<ptxt>Read out of whether the control module interprets that the driver's door window motor is activated or not activated in the up direction.</ptxt>
</para>
</procstep>
<procstep id="en-US0900c8af80cc43f5-nev20684999n1-KC02725055">
<title>Power window motor, down</title>
<para>
<ptxt>Read out of whether the control module interprets that the driver's door window motor is activated or not activated in the down direction.
</ptxt>
</para>
</procstep>
<procstep id="en-US0900c8af80cc43f5-nev20684999n1-KC02725056">
<title>Lock motor M1</title>
<para>
<ptxt>Read out of whether the control module interprets that driver's door lock motor M1 is activated or not.</ptxt>
<ptxt>Lock motor M1 is active when locking the central locking. </ptxt>
</para>
</procstep>
<procstep id="en-US0900c8af80cc43f5-nev20684999n1-KC02725057">
<title>Lock motor M2</title>
<para>
<ptxt>Read out of whether the control module interprets that driver's door lock motor M2 is activated or not.</ptxt>
<ptxt>Lock motor M2 is active when unlocking the central locking and/or deadlocks.</ptxt>
</para>
</procstep>
<procstep id="en-US0900c8af80cc43f5-nev20684999n1-KC02725058">
<title>Lock motor M3</title>
<para>
<ptxt>Read out of whether the control module interprets that driver's door lock motor M3 is activated or not.</ptxt>
<ptxt>Lock motor M3 is active when locking the deadlocks. </ptxt>
</para>
</procstep>
<procstep id="en-US0900c8af80cc43f5-nev20684999n1-KC02725059">
<title>Mirror motor MUD (Mirror up and down)</title>
<para>
<ptxt>Read out of whether the control module interprets that driver's door mirror motor MUD (Mirror up and down) is activated or not.</ptxt>
</para>
</procstep>
<procstep id="en-US0900c8af80cc43f5-nev20684999n1-KC02725060">
<title>Mirror motor MLR (Mirror Left and Right)</title>
<para>
<ptxt>Read out of whether the control module interprets that driver's door mirror motor MLR (Mirror Left and Right) is activated or not.</ptxt>
</para>
</procstep>
<procstep id="en-US0900c8af80cc43f5-nev20684999n1-KC02725061">
<title>Mirror motor MC (Mirror Common)</title>
<para>
<ptxt>Read out of whether the control module interprets that driver's door mirror motor MC (Mirror Common) is activated or not.</ptxt>
</para>
</procstep>
<procstep id="en-US0900c8af80cc43f5-nev20684999n1-KC02725062">
<title>Mirror motor MF (Mirror Fold)</title>
<para>
<ptxt>Read out of whether the control module interprets that driver's door mirror motor MF (Mirror Fold) is activated or not.</ptxt>
</para>
</procstep>
<procstep id="en-US0900c8af80cc43f5-nev20684999n1-KC02725063">
<title>Mirror heater</title>
<para>
<ptxt>Read out of whether the control module interprets that the driver's door mirror heater is activated or not.</ptxt>
</para>
</procstep>
<procstep id="en-US0900c8af80cc43f5-nev20684999n1-KC02725064">
<title>Door mirror lamp</title>
<para>
<ptxt>Read out of whether the control module interprets that the driver's door mirror lamp is activated or not.</ptxt>
<ptxt>The key must not be in the ignition when reading off the status. </ptxt>
</para>
</procstep>
<procstep id="en-US0900c8af80cc43f5-nev20684999n1-KC02725065">
<title>Turn signal lamps</title>
<para>
<ptxt>Read out of whether the control module interprets that the driver's door turn signal lamp is activated or not.</ptxt>
</para>
</procstep>
<procstep id="en-US0900c8af80cc43f5-nev20684999n1-KC02725066">
<title>Child-safety button</title>
<para>
<ptxt>Read out of whether control module interprets that the child-safety button is activated or not.</ptxt>
</para>
</procstep>
<procstep id="en-US0900c8af80cc43f5-nev20684999n1-KC02725067">
<title>Window initialization</title>
<para>
<ptxt>Indicates whether the window in the driver's door is initialized or not.</ptxt>
</para>
</procstep>
</stepgrp>
<stepgrp>
<title>Parameters, value</title>
<procstep id="en-US0900c8af80cc43f5-nev20684999n1-KC02725068">
<title>Power supply</title>
<para>
<ptxt>Reading off the power supply to the control module.</ptxt>
</para>
</procstep>
<procstep id="en-US0900c8af80cc43f5-nev20684999n1-KC02725069">
<title>Driver's door, door mirror position, X axis</title>
<para>
<ptxt>Indicates the present door mirror position in the X axis.</ptxt>
</para>
<para>
<ptxt>Measurement range 0-5 V.</ptxt>
</para>
</procstep>
<procstep id="en-US0900c8af80cc43f5-nev20684999n1-KC02725070">
<title>Driver's door, door mirror position, Y axis</title>
<para>
<ptxt>Indicates the present door mirror position in the Y axis.</ptxt>
</para>
<para>
<ptxt>Measurement range 0-5 V.</ptxt>
</para>
</procstep>
</stepgrp>
</procedure>
</servinfosub></servinfo>
              <servinfo IE-ID="en-US0900c8af81dac6e8" docno="VCC-163773" id="en-US0900c8af81dac6e8-KC08251830" xml:lang="en-US" yearRange="2005-2012">
<title>Vehicle communication information, driver door module (DDM)</title>
<ref id="en-US0900c8af81dac6f3(20052006200720082009201020112012)"/>
<ref id="en-US0900c8af80cc4460(200420052006200720082009201020112012)"/>
<ref id="en-US0900c8af80cc44c4(200420052006200720082009201020112012)"/>
<servinfosub IE-ID="en-US0900c8af81dac6f3" docno="VCC-163774" id="en-US0900c8af81dac6f3-KC08251590" servinfosubId="nev20685094n1-nev20685094n2" servinfosubRes="0900c8af862c1b42" servinfosubRes2="urn:x-nevis:fragment:0900c8af81dac6f3:0900c8af862c1b42#nev20685094n2" xml:lang="en-US">
<title>Vehicle communication information, driver door module (DDM) (2005-2012)</title>
<procedure>
<stepgrp>
<title>Parameter status</title>
<note>
<ptxt>The illustration depicts driver's door control panel of a left-hand drive vehicle. The control panel and numbering are reversed on a right-hand drive vehicle.
</ptxt>
</note>
<procstep id="en-US0900c8af81dac6f3-nev20685094n1-KC08251834">
<title/>
<grate>
<graphic id="en-US0900c8af81dac6f3-nev20685094n1-KC08251860">
<href>0900c8af807316f7_674_505.jpeg</href>
</graphic>
</grate>
<list1 enumtype="n">
<item>
<ptxt>Window button for operating the driver's door window.</ptxt>
</item>
<item>
<ptxt>Window button for operating the passenger door window.</ptxt>
</item>
<item>
<ptxt>Window button for operating the rear door window on the driver's side.</ptxt>
</item>
<item>
<ptxt>Window button for operating the rear door window on the passenger side.</ptxt>
</item>
</list1>
</procstep>
<procstep id="en-US0900c8af81dac6f3-nev20685094n1-KC08251835">
<title>Driver's side front, window button up</title>
<para>
<ptxt>Readout as to whether the control module registers window button 1 as activated or unactivated in the up direction.</ptxt>
</para>
</procstep>
<procstep id="en-US0900c8af81dac6f3-nev20685094n1-KC08251836">
<title>Driver's side front, window button down</title>
<para>
<ptxt>Readout as to whether the control module registers window button 1 as activated or unactivated in the down direction.</ptxt>
</para>
</procstep>
<procstep id="en-US0900c8af81dac6f3-nev20685094n1-KC08251837">
<title>Passenger side front, window button up</title>
<para>
<ptxt>Readout as to whether the control module registers window button 2 as activated or unactivated in the up direction.</ptxt>
</para>
</procstep>
<procstep id="en-US0900c8af81dac6f3-nev20685094n1-KC08251838">
<title>Passenger side front, window button down</title>
<para>
<ptxt>Readout as to whether the control module registers window button 2 as activated or unactivated in the down direction.</ptxt>
</para>
</procstep>
<procstep id="en-US0900c8af81dac6f3-nev20685094n1-KC08251839">
<title>Driver's side rear, window button up</title>
<para>
<ptxt>Readout as to whether the control module registers window button 3 as activated or unactivated in the up direction.</ptxt>
</para>
</procstep>
<procstep id="en-US0900c8af81dac6f3-nev20685094n1-KC08251840">
<title>Driver's side rear, window button down</title>
<para>
<ptxt>Readout as to whether the control module registers window button 3 as activated or unactivated in the down direction.</ptxt>
</para>
</procstep>
<procstep id="en-US0900c8af81dac6f3-nev20685094n1-KC08251841">
<title>Passenger side rear, window button up</title>
<para>
<ptxt>Readout as to whether the control module registers window button 4 as activated or unactivated in the up direction.</ptxt>
</para>
</procstep>
<procstep id="en-US0900c8af81dac6f3-nev20685094n1-KC08251842">
<title>Passenger side rear, window button down</title>
<para>
<ptxt>Readout as to whether the control module registers window button 4 as activated or unactivated in the down direction.</ptxt>
</para>
</procstep>
<procstep id="en-US0900c8af81dac6f3-nev20685094n1-KC08251843">
<title>Central locking switch, unlocking</title>
<para>
<ptxt>Readout as to whether the control module registers central locking button on the driver's door as activated or unactivated for unlocking.
</ptxt>
</para>
</procstep>
<procstep id="en-US0900c8af81dac6f3-nev20685094n1-KC08251844">
<title>Central locking switch, locking</title>
<para>
<ptxt>Readout as to whether the control module registers central locking button on the driver's door as activated or unactivated for locking.
</ptxt>
</para>
</procstep>
<procstep id="en-US0900c8af81dac6f3-nev20685094n1-KC08251845">
<title>Window motor, up</title>
<para>
<ptxt>Readout as to whether the control module registers the driver's door window motor as activated or unactivated in the up direction.</ptxt>
</para>
</procstep>
<procstep id="en-US0900c8af81dac6f3-nev20685094n1-KC08251846">
<title>Window motor, down</title>
<para>
<ptxt>Readout as to whether the control module registers the driver's door window motor as activated or unactivated in the down direction.</ptxt>
</para>
</procstep>
<procstep id="en-US0900c8af81dac6f3-nev20685094n1-KC08251847">
<title>Locking motor M1</title>
<para>
<ptxt>Readout as to whether the control module registers driver's door locking motor M1 as activated or unactivated.</ptxt>
<ptxt>Locking motor M1 is active when locking the central locking system.
</ptxt>
</para>
</procstep>
<procstep id="en-US0900c8af81dac6f3-nev20685094n1-KC08251848">
<title>Locking motor M2</title>
<para>
<ptxt>Readout as to whether the control module registers driver's door locking motor M2 as activated or unactivated.</ptxt>
<ptxt>Locking motor M2 is active when unlocking the central locking system and/or deadlocks.</ptxt>
</para>
</procstep>
<procstep id="en-US0900c8af81dac6f3-nev20685094n1-KC08251849">
<title>Locking motor M3</title>
<para>
<ptxt>Readout as to whether the control module registers driver's door locking motor M3 as activated or unactivated.</ptxt>
<ptxt>Locking motor M3 is active when locking the deadlocks.
</ptxt>
</para>
</procstep>
<procstep id="en-US0900c8af81dac6f3-nev20685094n1-KC08251850">
<title>Mirror motor MUD (Mirror Up and Down)</title>
<para>
<ptxt>Readout as to whether the control module registers driver's door mirror motor MUD (Mirror Up and Down) as activated or unactivated.</ptxt>
</para>
</procstep>
<procstep id="en-US0900c8af81dac6f3-nev20685094n1-KC08251851">
<title>Mirror motor MLR (Mirror Left and Right)</title>
<para>
<ptxt>Readout as to whether the control module registers driver's door mirror motor MLR (Mirror Left and Right) as activated or unactivated.</ptxt>
</para>
</procstep>
<procstep id="en-US0900c8af81dac6f3-nev20685094n1-KC08251852">
<title>Mirror motor MC (Mirror Common)</title>
<para>
<ptxt>Readout as to whether the control module registers driver's door mirror motor MC (Mirror Common) as activated or unactivated.</ptxt>
</para>
</procstep>
<procstep id="en-US0900c8af81dac6f3-nev20685094n1-KC08251853">
<title>Mirror motor MF (Mirror Fold)</title>
<para>
<ptxt>Readout as to whether the control module registers driver's door mirror motor MF (Mirror Fold) as activated or unactivated.</ptxt>
</para>
</procstep>
<procstep id="en-US0900c8af81dac6f3-nev20685094n1-KC08251854">
<title>Mirror heating</title>
<para>
<ptxt>Readout as to whether the control module registers driver's door mirror heating as activated or unactivated.</ptxt>
</para>
</procstep>
<procstep id="en-US0900c8af81dac6f3-nev20685094n1-KC08251855">
<title>Mirror lighting</title>
<para>
<ptxt>Readout as to whether the control module registers driver's door mirror lighting as activated or unactivated.</ptxt>
<ptxt>The key must not be in the ignition switch when reading status.
</ptxt>
</para>
</procstep>
<procstep id="en-US0900c8af81dac6f3-nev20685094n1-KC08251856">
<title>Direction indicator</title>
<para>
<ptxt>Readout as to whether the control module registers the driver's door direction indicator as activated or unactivated.</ptxt>
</para>
</procstep>
<procstep id="en-US0900c8af81dac6f3-nev20685094n1-KC08251857">
<title>Child safety button</title>
<para>
<ptxt>Readout as to whether the control module registers the child safety button as activated or unactivated.</ptxt>
</para>
</procstep>
<procstep id="en-US0900c8af81dac6f3-nev20685094n1-KC08251858">
<title>Window initiation</title>
<para>
<ptxt>Readout as to whether the driver's door window has been initiated.</ptxt>
</para>
</procstep>
</stepgrp>
<stepgrp>
<title>Parameter values</title>
<procstep id="en-US0900c8af81dac6f3-nev20685094n1-KC08251859">
<title>Power supply</title>
<para>
<ptxt>Readout of the power supply to the control module.</ptxt>
</para>
</procstep>
</stepgrp>
</procedure>
</servinfosub><servinfosub IE-ID="en-US0900c8af80cc4460" docno="VCC-149013" id="en-US0900c8af80cc4460-KC02706007" servinfosubId="nev20685012n1-nev20685012n2" servinfosubRes="0900c8af862c1a9a" servinfosubRes2="urn:x-nevis:fragment:0900c8af80cc4460:0900c8af862c1a9a#nev20685012n2" xml:lang="en-US">
<title>Description of activations</title>
<procedure>
<stepgrp>
<title>Component / function</title>
<note>
<ptxt>The illustration shows the control panel for the driver door in a left-hand drive car. The control panel and numbering in a right-hand
drive car is the mirror image of left-hand drive. </ptxt>
</note>
<procstep id="en-US0900c8af80cc4460-nev20685012n1-KC02725195">
<title/>
<grate>
<graphic id="en-US0900c8af80cc4460-nev20685012n1-KC03019915">
<href>0900c8af807316f7_674_505.jpeg</href>
</graphic>
</grate>
<list1 enumtype="n">
<item>
<ptxt>Window button for operating the window in the driver's door</ptxt>
</item>
<item>
<ptxt>Window button for operating the window in the passenger door</ptxt>
</item>
<item>
<ptxt>Window button for operating the window in the rear door on the driver's side</ptxt>
</item>
<item>
<ptxt>Window button for operating the window in the rear door on the passenger side.</ptxt>
</item>
</list1>
<note>
<ptxt>The diagnostic trouble code (DTC) is stored if buttons are activated for more than 60 seconds.</ptxt>
</note>
</procstep>
<procstep id="en-US0900c8af80cc4460-nev20685012n1-KC02725196">
<title>Driver's side front, window button up, activated</title>
<para>
<ptxt>Activation of window button 1, up.</ptxt>
</para>
</procstep>
<procstep id="en-US0900c8af80cc4460-nev20685012n1-KC02725197">
<title>Driver's side front, window button down, activated</title>
<para>
<ptxt>Activation of window button 1, down.</ptxt>
</para>
</procstep>
<procstep id="en-US0900c8af80cc4460-nev20685012n1-KC02725198">
<title>Passenger side front, window button up, activated</title>
<para>
<ptxt>Activation of window button 2, up.</ptxt>
</para>
</procstep>
<procstep id="en-US0900c8af80cc4460-nev20685012n1-KC02725199">
<title>Passenger side front, window button down, activated</title>
<para>
<ptxt>Activation of window button 2, down.</ptxt>
</para>
</procstep>
<procstep id="en-US0900c8af80cc4460-nev20685012n1-KC02725200">
<title>Driver's side rear, window button up, activated</title>
<para>
<ptxt>Activation of window button 3, up.</ptxt>
</para>
</procstep>
<procstep id="en-US0900c8af80cc4460-nev20685012n1-KC02725201">
<title>Driver's side rear, window button down, activated</title>
<para>
<ptxt>Activation of window button 3, down.</ptxt>
</para>
</procstep>
<procstep id="en-US0900c8af80cc4460-nev20685012n1-KC02725202">
<title>Passenger side rear, window button up, activated</title>
<para>
<ptxt>Activation of window button 4, up.</ptxt>
</para>
</procstep>
<procstep id="en-US0900c8af80cc4460-nev20685012n1-KC02725203">
<title>Passenger side rear, window button down, activated</title>
<para>
<ptxt>Activation of window button 4, down.</ptxt>
</para>
</procstep>
<procstep id="en-US0900c8af80cc4460-nev20685012n1-KC02725204">
<title>Central locking switch, unlocking activated</title>
<para>
<ptxt>Activating central locking button, unlocking.</ptxt>
</para>
</procstep>
<procstep id="en-US0900c8af80cc4460-nev20685012n1-KC02725205">
<title>Central locking switch, locking activated</title>
<para>
<ptxt>Activating central locking button, locking.</ptxt>
</para>
</procstep>
<procstep id="en-US0900c8af80cc4460-nev20685012n1-KC02725206">
<title>Power window motor, up, activated</title>
<para>
<ptxt>Activation of the power window motor in the driver's door, up. </ptxt>
</para>
</procstep>
<procstep id="en-US0900c8af80cc4460-nev20685012n1-KC02725207">
<title>Power window motor, down, activated</title>
<para>
<ptxt>Activation of the power window motor in the driver's door, down. </ptxt>
</para>
</procstep>
<procstep id="en-US0900c8af80cc4460-nev20685012n1-KC02725208">
<title>Mirror lamp, activated</title>
<para>
<ptxt>Indicates whether the driver's door mirror lamp is activated or not according to the control module.</ptxt>
</para>
</procstep>
<procstep id="en-US0900c8af80cc4460-nev20685012n1-KC02725209">
<title>Turn signal lamps</title>
<para>
<ptxt>Indicates whether the turn signal lamp on the driver's door is activated or not according to the control module.</ptxt>
</para>
</procstep>
<procstep id="en-US0900c8af80cc4460-nev20685012n1-KC02725210">
<title>Child-safety button</title>
<para>
<ptxt>Indicates whether the child-safety button is activated or not according to the control module.</ptxt>
</para>
</procstep>
</stepgrp>
</procedure>
</servinfosub><servinfosub IE-ID="en-US0900c8af80cc44c4" docno="VCC-149059" id="en-US0900c8af80cc44c4-KC02707086" servinfosubId="nev20685021n1-nev20685021n2" servinfosubRes="0900c8af862c1aac" servinfosubRes2="urn:x-nevis:fragment:0900c8af80cc44c4:0900c8af862c1aac#nev20685021n2" xml:lang="en-US">
<title>Description of reading off of extended diagnostic trouble code (DTC) information </title>
<procedure>
<stepgrp>
<procstep>
<title>Contents</title>
<para>
<ptxt>Select type of description.</ptxt>
</para>
<list1 enumtype="b" type="unordered">
<item>
<ptxt>
<xref>
<ref id="en-US0900c8af80cc4479-KC02725248(null)"/>
</xref>
</ptxt>
</item>
<item>
<ptxt>
<xref>
<ref id="en-US0900c8af80881abc-KC01107012(null)"/>
</xref>
</ptxt>
</item>
<item>
<ptxt>
<xref>
<ref id="en-US0900c8af836fee22-KC01107010(null)"/>
</xref>
</ptxt>
</item>
</list1>
</procstep>
</stepgrp>
</procedure>
</servinfosub></servinfo>
              <servinfo IE-ID="en-US0900c8af80c57f84" docno="VCC-149090" id="en-US0900c8af80c57f84-KC02725401" xml:lang="en-US" yearRange="2004">
<title>Vehicle communication information, passenger door module (PDM)</title>
<ref id="en-US0900c8af80cc4428(2004)"/>
<ref id="en-US0900c8af80cc44ac(200420052006200720082009201020112012)"/>
<ref id="en-US0900c8af80cc44e1(200420052006200720082009201020112012)"/>
<servinfosub IE-ID="en-US0900c8af80cc4428" docno="VCC-148997" id="en-US0900c8af80cc4428-KC02706372" servinfosubId="nev20685004n1-nev20685004n2" servinfosubRes="0900c8af862c1a89" servinfosubRes2="urn:x-nevis:fragment:0900c8af80cc4428:0900c8af862c1a89#nev20685004n2" xml:lang="en-US">
<title>Vehicle communication information, passenger door module (PDM) (2004)</title>
<procedure>
<stepgrp>
<title>Parameters, status</title>
<procstep id="en-US0900c8af80cc4428-nev20685004n1-KC02725126">
<title>Window button, up</title>
<para>
<ptxt>Indicates whether the window button is activated or not activated in the up direction according to the control module.</ptxt>
</para>
</procstep>
<procstep id="en-US0900c8af80cc4428-nev20685004n1-KC02725127">
<title>Window button, down</title>
<para>
<ptxt>Indicates whether the window button is activated or not activated in the down direction according to the control module.</ptxt>
</para>
</procstep>
<procstep id="en-US0900c8af80cc4428-nev20685004n1-KC02725128">
<title>Central locking switch, unlocking</title>
<para>
<ptxt>Indicates whether the passenger door button for central locking, unlocking, is activated or not according to the control module. </ptxt>
</para>
</procstep>
<procstep id="en-US0900c8af80cc4428-nev20685004n1-KC02725129">
<title>Central locking switch, locking</title>
<para>
<ptxt>Indicates whether the passenger door button for central locking, locking, is activated or not according to the control module. </ptxt>
</para>
</procstep>
<procstep id="en-US0900c8af80cc4428-nev20685004n1-KC02725130">
<title>Power window motor, up</title>
<para>
<ptxt>Indicates whether the power window motor in the passenger door is activated or not activated in the up direction according to the control
module.</ptxt>
</para>
</procstep>
<procstep id="en-US0900c8af80cc4428-nev20685004n1-KC02725131">
<title>Power window motor, down</title>
<para>
<ptxt>Indicates whether the power window motor in the passenger door is activated or not activated in the down direction according to the control
module.</ptxt>
</para>
</procstep>
<procstep id="en-US0900c8af80cc4428-nev20685004n1-KC02725132">
<title>Lock motor M1</title>
<para>
<ptxt>Indicates whether passenger door lock motor M1 is activated or not according to the control module.</ptxt>
</para>
</procstep>
<procstep id="en-US0900c8af80cc4428-nev20685004n1-KC02725133">
<title>Lock motor M2</title>
<para>
<ptxt>Indicates whether passenger door lock motor M2 is activated or not according to the control module.</ptxt>
</para>
</procstep>
<procstep id="en-US0900c8af80cc4428-nev20685004n1-KC02725134">
<title>Lock motor M3</title>
<para>
<ptxt>Indicates whether passenger door lock motor M3 is activated or not according to the control module.</ptxt>
</para>
</procstep>
<procstep id="en-US0900c8af80cc4428-nev20685004n1-KC02725135">
<title>Mirror motor MUD (Mirror up and down)</title>
<para>
<ptxt>Indicates whether the passenger door mirror motor for Mirror up and down is activated or not according to the control module.</ptxt>
</para>
</procstep>
<procstep id="en-US0900c8af80cc4428-nev20685004n1-KC02725136">
<title>Mirror motor MLR (Mirror Left and Right)</title>
<para>
<ptxt>Indicates whether the passenger door mirror motor for mirror Left and Right is activated or not according to the control module.</ptxt>
</para>
</procstep>
<procstep id="en-US0900c8af80cc4428-nev20685004n1-KC02725137">
<title>Mirror motor MC (Mirror Common)</title>
<para>
<ptxt>Indicates whether the passenger door mirror motor for Mirror Common is activated or not according to the control module.</ptxt>
</para>
</procstep>
<procstep id="en-US0900c8af80cc4428-nev20685004n1-KC02725138">
<title>Mirror motor MF (Mirror Fold)</title>
<para>
<ptxt>Indicates whether the passenger door mirror motor for Mirror Fold is activated or not according to the control module.</ptxt>
</para>
</procstep>
<procstep id="en-US0900c8af80cc4428-nev20685004n1-KC02725139">
<title>Mirror heater</title>
<para>
<ptxt>Indicates whether the passenger door mirror heater is activated or not according to the control module.</ptxt>
</para>
</procstep>
<procstep id="en-US0900c8af80cc4428-nev20685004n1-KC02725140">
<title>Door mirror lamp</title>
<para>
<ptxt>Indicates whether the passenger door mirror lamp is activated or not according to the control module.</ptxt>
</para>
</procstep>
<procstep id="en-US0900c8af80cc4428-nev20685004n1-KC02725141">
<title>Turn signal lamps</title>
<para>
<ptxt>Indicates whether the passenger door turn signal lamp is activated or not according to the control module.</ptxt>
</para>
</procstep>
<procstep id="en-US0900c8af80cc4428-nev20685004n1-KC02725142">
<title>Window initialization</title>
<para>
<ptxt>Indicates whether the window in the passenger door is initialized or not.</ptxt>
</para>
</procstep>
</stepgrp>
<stepgrp>
<title>Parameters, value</title>
<procstep id="en-US0900c8af80cc4428-nev20685004n1-KC02725143">
<title>Power supply</title>
<para>
<ptxt>Reading off the power supply to the control module.</ptxt>
</para>
</procstep>
<procstep id="en-US0900c8af80cc4428-nev20685004n1-KC02725144">
<title>Passenger door, door mirror position, X axis</title>
<para>
<ptxt>Indicates the present door mirror position in the X axis.</ptxt>
</para>
<para>
<ptxt>Measurement range 0 - 5 V.</ptxt>
</para>
</procstep>
<procstep id="en-US0900c8af80cc4428-nev20685004n1-KC02725145">
<title>Passenger door, door mirror position, Y axis</title>
<para>
<ptxt>Indicates the present door mirror position in the Y axis.</ptxt>
</para>
<para>
<ptxt>Measurement range 0 - 5 V.</ptxt>
</para>
</procstep>
</stepgrp>
</procedure>
</servinfosub><servinfosub IE-ID="en-US0900c8af80cc44e1" docno="VCC-149066" id="en-US0900c8af80cc44e1-KC02706405" servinfosubId="nev20685025n1-nev20685025n2" servinfosubRes="0900c8af862c1ab5" servinfosubRes2="urn:x-nevis:fragment:0900c8af80cc44e1:0900c8af862c1ab5#nev20685025n2" xml:lang="en-US">
<title>Description of reading off of extended diagnostic trouble code (DTC) information </title>
<procedure>
<stepgrp>
<procstep>
<title>Contents</title>
<para>
<ptxt>Select type of description.</ptxt>
</para>
<list1 enumtype="b" type="unordered">
<item>
<ptxt>
<xref>
<ref id="en-US0900c8af80cc448d-KC02725275(null)"/>
</xref>
</ptxt>
</item>
<item>
<ptxt>
<xref>
<ref id="en-US0900c8af80881abc-KC01107012(null)"/>
</xref>
</ptxt>
</item>
<item>
<ptxt>
<xref>
<ref id="en-US0900c8af836fee22-KC01107010(null)"/>
</xref>
</ptxt>
</item>
</list1>
</procstep>
</stepgrp>
</procedure>
</servinfosub><servinfosub IE-ID="en-US0900c8af80cc44ac" docno="VCC-149043" id="en-US0900c8af80cc44ac-KC02706491" servinfosubId="nev20685016n1-nev20685016n2" servinfosubRes="0900c8af862c1aa2" servinfosubRes2="urn:x-nevis:fragment:0900c8af80cc44ac:0900c8af862c1aa2#nev20685016n2" xml:lang="en-US">
<title>Description of activations</title>
<procedure>
<stepgrp>
<title>Component / function</title>
<procstep id="en-US0900c8af80cc44ac-nev20685016n1-KC02725309">
<title>Window button up, activated</title>
<para>
<ptxt>Activation of passenger door window button, up. </ptxt>
</para>
</procstep>
<procstep id="en-US0900c8af80cc44ac-nev20685016n1-KC02725310">
<title>Window button down, activated</title>
<para>
<ptxt>Activation of passenger door window button, down. </ptxt>
</para>
</procstep>
<procstep id="en-US0900c8af80cc44ac-nev20685016n1-KC02725311">
<title>Central locking switch, passenger door, unlocking activated </title>
<para>
<ptxt>Activating central locking button, passenger door, unlocking. </ptxt>
</para>
</procstep>
<procstep id="en-US0900c8af80cc44ac-nev20685016n1-KC02725312">
<title>Central locking switch, passenger door, locking activated </title>
<para>
<ptxt>Activating central locking button, passenger door, locking. </ptxt>
</para>
</procstep>
<procstep id="en-US0900c8af80cc44ac-nev20685016n1-KC02725313">
<title>Power window motor, up, activated</title>
<para>
<ptxt>Activation of the power window motor in the driver's door, up. </ptxt>
</para>
</procstep>
<procstep id="en-US0900c8af80cc44ac-nev20685016n1-KC02725314">
<title>Power window motor, down, activated</title>
<para>
<ptxt>Activation of the power window motor in the passenger door, down. </ptxt>
</para>
</procstep>
<procstep id="en-US0900c8af80cc44ac-nev20685016n1-KC02725315">
<title>Mirror lamp, activated</title>
<para>
<ptxt>Activation of the lamp in the passenger door mirror.</ptxt>
</para>
</procstep>
<procstep id="en-US0900c8af80cc44ac-nev20685016n1-KC02725316">
<title>Turn signal lamps</title>
<para>
<ptxt>Activation of the turn signal lamp in the passenger door.</ptxt>
</para>
</procstep>
</stepgrp>
</procedure>
</servinfosub></servinfo>
              <servinfo IE-ID="en-US0900c8af81dac6e1" docno="VCC-163771" id="en-US0900c8af81dac6e1-KC08251808" xml:lang="en-US" yearRange="2005-2012">
<title>Vehicle communication information, passenger door module (PDM)</title>
<ref id="en-US0900c8af81dac6e4(20052006200720082009201020112012)"/>
<ref id="en-US0900c8af80cc44ac(200420052006200720082009201020112012)"/>
<ref id="en-US0900c8af80cc44e1(200420052006200720082009201020112012)"/>
<servinfosub IE-ID="en-US0900c8af80cc44e1" docno="VCC-149066" id="en-US0900c8af80cc44e1-KC02706405" servinfosubId="nev20685025n1-nev20685025n2" servinfosubRes="0900c8af862c1ab5" servinfosubRes2="urn:x-nevis:fragment:0900c8af80cc44e1:0900c8af862c1ab5#nev20685025n2" xml:lang="en-US">
<title>Vehicle communication information, passenger door module (PDM) (2005-2012)</title>
<procedure>
<stepgrp>
<procstep>
<title>Contents</title>
<para>
<ptxt>Select type of description.</ptxt>
</para>
<list1 enumtype="b" type="unordered">
<item>
<ptxt>
<xref>
<ref id="en-US0900c8af80cc448d-KC02725275(null)"/>
</xref>
</ptxt>
</item>
<item>
<ptxt>
<xref>
<ref id="en-US0900c8af80881abc-KC01107012(null)"/>
</xref>
</ptxt>
</item>
<item>
<ptxt>
<xref>
<ref id="en-US0900c8af836fee22-KC01107010(null)"/>
</xref>
</ptxt>
</item>
</list1>
</procstep>
</stepgrp>
</procedure>
</servinfosub><servinfosub IE-ID="en-US0900c8af80cc44ac" docno="VCC-149043" id="en-US0900c8af80cc44ac-KC02706491" servinfosubId="nev20685016n1-nev20685016n2" servinfosubRes="0900c8af862c1aa2" servinfosubRes2="urn:x-nevis:fragment:0900c8af80cc44ac:0900c8af862c1aa2#nev20685016n2" xml:lang="en-US">
<title>Description of activations</title>
<procedure>
<stepgrp>
<title>Component / function</title>
<procstep id="en-US0900c8af80cc44ac-nev20685016n1-KC02725309">
<title>Window button up, activated</title>
<para>
<ptxt>Activation of passenger door window button, up. </ptxt>
</para>
</procstep>
<procstep id="en-US0900c8af80cc44ac-nev20685016n1-KC02725310">
<title>Window button down, activated</title>
<para>
<ptxt>Activation of passenger door window button, down. </ptxt>
</para>
</procstep>
<procstep id="en-US0900c8af80cc44ac-nev20685016n1-KC02725311">
<title>Central locking switch, passenger door, unlocking activated </title>
<para>
<ptxt>Activating central locking button, passenger door, unlocking. </ptxt>
</para>
</procstep>
<procstep id="en-US0900c8af80cc44ac-nev20685016n1-KC02725312">
<title>Central locking switch, passenger door, locking activated </title>
<para>
<ptxt>Activating central locking button, passenger door, locking. </ptxt>
</para>
</procstep>
<procstep id="en-US0900c8af80cc44ac-nev20685016n1-KC02725313">
<title>Power window motor, up, activated</title>
<para>
<ptxt>Activation of the power window motor in the driver's door, up. </ptxt>
</para>
</procstep>
<procstep id="en-US0900c8af80cc44ac-nev20685016n1-KC02725314">
<title>Power window motor, down, activated</title>
<para>
<ptxt>Activation of the power window motor in the passenger door, down. </ptxt>
</para>
</procstep>
<procstep id="en-US0900c8af80cc44ac-nev20685016n1-KC02725315">
<title>Mirror lamp, activated</title>
<para>
<ptxt>Activation of the lamp in the passenger door mirror.</ptxt>
</para>
</procstep>
<procstep id="en-US0900c8af80cc44ac-nev20685016n1-KC02725316">
<title>Turn signal lamps</title>
<para>
<ptxt>Activation of the turn signal lamp in the passenger door.</ptxt>
</para>
</procstep>
</stepgrp>
</procedure>
</servinfosub><servinfosub IE-ID="en-US0900c8af81dac6e4" docno="VCC-163772" id="en-US0900c8af81dac6e4-KC08251559" servinfosubId="nev20685093n1-nev20685093n2" servinfosubRes="0900c8af862c1b40" servinfosubRes2="urn:x-nevis:fragment:0900c8af81dac6e4:0900c8af862c1b40#nev20685093n2" xml:lang="en-US">
<title>Description of parameters</title>
<procedure>
<stepgrp>
<title>Parameter status</title>
<procstep id="en-US0900c8af81dac6e4-nev20685093n1-KC08251812">
<title>Window button, up</title>
<para>
<ptxt>Readout as to whether the control module registers the window button as activated or unactivated in the up direction.</ptxt>
</para>
</procstep>
<procstep id="en-US0900c8af81dac6e4-nev20685093n1-KC08251813">
<title>Window button, down</title>
<para>
<ptxt>Readout as to whether the control module registers the window button as activated or unactivated in the down direction.</ptxt>
</para>
</procstep>
<procstep id="en-US0900c8af81dac6e4-nev20685093n1-KC08251814">
<title>Central locking switch, unlocking</title>
<para>
<ptxt>Readout as to whether the control module registers central locking button on the passenger door as activated or unactivated for unlocking.
</ptxt>
</para>
</procstep>
<procstep id="en-US0900c8af81dac6e4-nev20685093n1-KC08251815">
<title>Central locking switch, locking</title>
<para>
<ptxt>Readout as to whether the control module registers central locking button on the passenger door as activated or unactivated for locking.
</ptxt>
</para>
</procstep>
<procstep id="en-US0900c8af81dac6e4-nev20685093n1-KC08251816">
<title>Window motor, up</title>
<para>
<ptxt>Readout as to whether the control module registers the passenger door window motor as activated or unactivated in the up direction.</ptxt>
</para>
</procstep>
<procstep id="en-US0900c8af81dac6e4-nev20685093n1-KC08251817">
<title>Window motor, down</title>
<para>
<ptxt>Readout as to whether the control module registers the passenger door window motor as activated or unactivated in the down direction.</ptxt>
</para>
</procstep>
<procstep id="en-US0900c8af81dac6e4-nev20685093n1-KC08251818">
<title>Locking motor M1</title>
<para>
<ptxt>Readout as to whether the control module registers passenger door locking motor M1 as activated or unactivated.</ptxt>
</para>
</procstep>
<procstep id="en-US0900c8af81dac6e4-nev20685093n1-KC08251819">
<title>Locking motor M2</title>
<para>
<ptxt>Readout as to whether the control module registers passenger door locking motor M2 as activated or unactivated.</ptxt>
</para>
</procstep>
<procstep id="en-US0900c8af81dac6e4-nev20685093n1-KC08251820">
<title>Locking motor M3</title>
<para>
<ptxt>Readout as to whether the control module registers passenger door locking motor M3 as activated or unactivated.</ptxt>
</para>
</procstep>
<procstep id="en-US0900c8af81dac6e4-nev20685093n1-KC08251821">
<title>Mirror motor MUD (Mirror Up and Down)</title>
<para>
<ptxt>Readout as to whether the control module registers passenger door mirror motor MUD (Mirror Up and Down) as activated or unactivated.</ptxt>
</para>
</procstep>
<procstep id="en-US0900c8af81dac6e4-nev20685093n1-KC08251822">
<title>Mirror motor MLR (Mirror Left and Right)</title>
<para>
<ptxt>Readout as to whether the control module registers passenger door mirror motor MLR (Mirror Left and Right) as activated or unactivated.</ptxt>
</para>
</procstep>
<procstep id="en-US0900c8af81dac6e4-nev20685093n1-KC08251823">
<title>Mirror motor MC (Mirror Common)</title>
<para>
<ptxt>Readout as to whether the control module registers passenger door mirror motor MC (Mirror Common) as activated or unactivated.</ptxt>
</para>
</procstep>
<procstep id="en-US0900c8af81dac6e4-nev20685093n1-KC08251824">
<title>Mirror motor MF (Mirror Fold)</title>
<para>
<ptxt>Readout as to whether the control module registers passenger door mirror motor MF (Mirror Fold) as activated or unactivated.</ptxt>
</para>
</procstep>
<procstep id="en-US0900c8af81dac6e4-nev20685093n1-KC08251825">
<title>Mirror heating</title>
<para>
<ptxt>Readout as to whether the control module registers passenger door mirror heating as activated or unactivated.</ptxt>
</para>
</procstep>
<procstep id="en-US0900c8af81dac6e4-nev20685093n1-KC08251826">
<title>Mirror lighting</title>
<para>
<ptxt>Readout as to whether the control module registers the passenger door mirror lighting as activated or unactivated.</ptxt>
</para>
</procstep>
<procstep id="en-US0900c8af81dac6e4-nev20685093n1-KC08251827">
<title>Direction indicator</title>
<para>
<ptxt>Readout as to whether the control module registers the passenger door direction indicator as activated or unactivated.</ptxt>
</para>
</procstep>
<procstep id="en-US0900c8af81dac6e4-nev20685093n1-KC08251828">
<title>Window initiation</title>
<para>
<ptxt>Readout as to whether the passenger door window has been initiated.</ptxt>
</para>
</procstep>
</stepgrp>
<stepgrp>
<title>Parameter values</title>
<procstep id="en-US0900c8af81dac6e4-nev20685093n1-KC08251829">
<title>Power supply</title>
<para>
<ptxt>Readout of the power supply to the control module.</ptxt>
</para>
</procstep>
</stepgrp>
</procedure>
</servinfosub></servinfo>
            </ti_title>
          </FunctionGroup3>
        </FunctionGroup2>