<?xml version="1.0" encoding="UTF-8"?><FunctionGroup2 Qualifier="Specifications, mechanical" group="83" name="Doors and lids"><serv-cat servcat.name=" Sun Roof/T-Top/Convertible Top"/><serv-cat servcat.name=" Exterior Body Panels"/><serv-cat servcat.name="Door Locks @AnD@ Anti-Theft Systems"/><doc-head>Accessories and Body, Cab</doc-head><doc-subhead>Doors And Lids - Specifications, mechanical</doc-subhead>
          <FunctionGroup3 group="830" name="general">
            <ti_title id="TITitle-12345-122" navTitle="navTitle" shortYearRange="2004-2012" title="ti_title" yearRange="2004-2012">
              <servinfosub IE-ID="en-US0900c8af844d6506" docno="VCC-370929" id="en-US0900c8af844d6506-nev13717305n1" original="sv-SE" servinfosubId="nev13717306n1-nev13717305n4" servinfosubRes="0900c8af844d6508" servinfosubRes2="urn:x-nevis:fragment:0900c8af844d6506:0900c8af844d6508#nev13717305n4" xml:lang="en-US" yearRange="2004-2012">
<title id="en-US0900c8af844d6506-nev13717302n54">Doors and hatches</title>
<procedure id="en-US0900c8af844d6506-nev13717306n1-nev13717302n67">
<stepgrp id="en-US0900c8af844d6506-nev13717306n1-nev13717302n55">
<procstep id="en-US0900c8af844d6506-nev13717306n1-nev13717302n56">
<title id="en-US0900c8af844d6506-nev13717306n1-nev13717302n68">Adjustment measurements</title>
<para id="en-US0900c8af844d6506-nev13717306n1-nev13717302n69">
<ptxt id="en-US0900c8af844d6506-nev13717306n1-nev13717302n70">Below you will find the measurements for the body gaps measured when manufacturing the vehicle. The measurements are an average value of the measurements on the new values.</ptxt>
<ptxt id="en-US0900c8af844d6506-nev13717306n1-nev13717302n71">Measuring takes place on a painted body. The gap increases by 0.2 mm for an unpainted body.</ptxt>
</para>
<note id="en-US0900c8af844d6506-nev13717306n1-nev13717302n72">
<ptxt id="en-US0900c8af844d6506-nev13717306n1-nev13717302n73">The measurements vary from one vehicle to another. This list is only a base from which to start.</ptxt>
</note>
<para id="en-US0900c8af844d6506-nev13717306n1-nev13717302n74">
<ptxt id="en-US0900c8af844d6506-nev13717306n1-nev13717302n75">No max. or min. measurements are given since there must be harmony between the gaps on the visual surface.</ptxt>
</para>
<note id="en-US0900c8af844d6506-nev13717306n1-nev13717302n76">
<ptxt id="en-US0900c8af844d6506-nev13717306n1-nev13717302n77">The final check/adjustment shall be performed when the vehicle is painted in the correct color.</ptxt>
</note>
<para id="en-US0900c8af844d6506-nev13717306n1-nev13717302n78">
<ptxt id="en-US0900c8af844d6506-nev13717306n1-nev13717302n79">If a black unpainted front fender is fitted on a white vehicle, it will be much harder to see the size of the gap between the fender and the door.</ptxt>
</para>
</procstep>
<procstep id="en-US0900c8af844d6506-nev13717306n1-nev13717302n57">
<title id="en-US0900c8af844d6506-nev13717306n1-nev13717302n80">Level adjustment (applies when adjusting doors, fenders and hatches)</title>
<grate id="en-US0900c8af844d6506-nev13717306n1-nev13717302n81">
<graphic id="en-US0900c8af844d6506-nev13717306n1-nev13717302n58">
<href>0900c8af800580f3_674_505.jpeg</href>
</graphic>
<graphtext id="en-US0900c8af844d6506-nev13717306n1-nev13717302n82">
<para id="en-US0900c8af844d6506-nev13717306n1-nev13717302n83">
<ptxt id="en-US0900c8af844d6506-nev13717306n1-nev13717302n84">The front part must be positioned above the part behind it (see illustration), partly to overlap in case of a collision, partly to reduce wind noise.</ptxt>
<ptxt id="en-US0900c8af844d6506-nev13717306n1-nev13717302n85">Measurement M1 = 0.5 mm.</ptxt>
</para>
</graphtext>
</grate>
</procstep>
<procstep id="en-US0900c8af844d6506-nev13717306n1-nev13717302n59">
<title id="en-US0900c8af844d6506-nev13717306n1-nev13717302n86">Measurements, engine hood</title>
<grate id="en-US0900c8af844d6506-nev13717306n1-nev13717302n87">
<graphic id="en-US0900c8af844d6506-nev13717306n1-nev13717302n60">
<href>0900c8af81a725c8_674_505.jpeg</href>
</graphic>
<graphtext id="en-US0900c8af844d6506-nev13717306n1-nev13717302n88">
<para id="en-US0900c8af844d6506-nev13717306n1-nev13717302n89">
<ptxt id="en-US0900c8af844d6506-nev13717306n1-nev13717302n90">F1 = 3.0 mm</ptxt>
<ptxt id="en-US0900c8af844d6506-nev13717306n1-nev13717302n91">F2 = 3.0 mm</ptxt>
<ptxt id="en-US0900c8af844d6506-nev13717306n1-nev13717302n92">F3 = 3.0 mm</ptxt>
<ptxt id="en-US0900c8af844d6506-nev13717306n1-nev13717302n93">F4 = 3.0 mm</ptxt>
<ptxt id="en-US0900c8af844d6506-nev13717306n1-nev13717302n94">F5 = 1.0 mm</ptxt>
<ptxt id="en-US0900c8af844d6506-nev13717306n1-nev13717302n95">F6 = 3.0 mm</ptxt>
<ptxt id="en-US0900c8af844d6506-nev13717306n1-nev13717302n96">F7 = 3.3 mm</ptxt>
<ptxt id="en-US0900c8af844d6506-nev13717306n1-nev13717302n97">F8 = 2.8 mm</ptxt>
<ptxt id="en-US0900c8af844d6506-nev13717306n1-nev13717302n98">F9 = 0.7 mm</ptxt>
</para>
</graphtext>
</grate>
</procstep>
<procstep id="en-US0900c8af844d6506-nev13717306n1-nev13717302n61">
<title id="en-US0900c8af844d6506-nev13717306n1-nev13717302n99">Measurements, doors</title>
<grate id="en-US0900c8af844d6506-nev13717306n1-nev13717302n100">
<graphic id="en-US0900c8af844d6506-nev13717306n1-nev13717302n62">
<href>0900c8af81a725d6_674_505.jpeg</href>
</graphic>
<graphtext id="en-US0900c8af844d6506-nev13717306n1-nev13717307n1">
<para id="en-US0900c8af844d6506-nev13717306n1-nev13717307n2">
<ptxt id="en-US0900c8af844d6506-nev13717306n1-nev13717307n3">S1 = 3.1 mm</ptxt>
<ptxt id="en-US0900c8af844d6506-nev13717306n1-nev13717307n4">S2 = 4.0 mm</ptxt>
<ptxt id="en-US0900c8af844d6506-nev13717306n1-nev13717307n5">S3 = 3.3 mm</ptxt>
<ptxt id="en-US0900c8af844d6506-nev13717306n1-nev13717307n6">S4 = 5.0 mm</ptxt>
<ptxt id="en-US0900c8af844d6506-nev13717306n1-nev13717307n7">S5 = 2.5 mm</ptxt>
<ptxt id="en-US0900c8af844d6506-nev13717306n1-nev13717307n8">S6 = 2.2 mm</ptxt>
<ptxt id="en-US0900c8af844d6506-nev13717306n1-nev13717307n9">S7 = 2.7 mm</ptxt>
</para>
</graphtext>
</grate>
<grate id="en-US0900c8af844d6506-nev13717306n1-nev13717307n10">
<graphic id="en-US0900c8af844d6506-nev13717306n1-nev13717302n63">
<href>0900c8af81a725d9_674_506.jpeg</href>
</graphic>
<graphtext id="en-US0900c8af844d6506-nev13717306n1-nev13717307n11">
<para id="en-US0900c8af844d6506-nev13717306n1-nev13717307n12">
<ptxt id="en-US0900c8af844d6506-nev13717306n1-nev13717307n13">Measurements apply without rubber strip on the door arch. </ptxt>
<ptxt id="en-US0900c8af844d6506-nev13717306n1-nev13717307n14">S8 = 8.0 mm</ptxt>
<ptxt id="en-US0900c8af844d6506-nev13717306n1-nev13717307n15">S9 = 9.0 mm</ptxt>
<ptxt id="en-US0900c8af844d6506-nev13717306n1-nev13717307n16">S10 = 9.3 mm</ptxt>
<ptxt id="en-US0900c8af844d6506-nev13717306n1-nev13717307n17">S11 = 9.2 mm</ptxt>
<ptxt id="en-US0900c8af844d6506-nev13717306n1-nev13717307n18">S12 = 9.2 mm</ptxt>
<ptxt id="en-US0900c8af844d6506-nev13717306n1-nev13717307n19">S13 = 9.1 mm</ptxt>
</para>
</graphtext>
</grate>
</procstep>
<procstep id="en-US0900c8af844d6506-nev13717306n1-nev13717302n64">
<title id="en-US0900c8af844d6506-nev13717306n1-nev13717307n20">Measurements, trunk lid</title>
<grate id="en-US0900c8af844d6506-nev13717306n1-nev13717307n21">
<graphic id="en-US0900c8af844d6506-nev13717306n1-nev13717302n65">
<href>0900c8af81a725dc_674_505.jpeg</href>
</graphic>
<graphtext id="en-US0900c8af844d6506-nev13717306n1-nev13717307n22">
<para id="en-US0900c8af844d6506-nev13717306n1-nev13717307n23">
<title id="en-US0900c8af844d6506-nev13717306n1-nev13717307n24">V50</title>
<ptxt id="en-US0900c8af844d6506-nev13717306n1-nev13717307n25">R1 = 4.5 mm</ptxt>
<ptxt id="en-US0900c8af844d6506-nev13717306n1-nev13717307n26">R2 = 6.1 mm</ptxt>
<ptxt id="en-US0900c8af844d6506-nev13717306n1-nev13717307n27">R3 = 0.7 mm</ptxt>
<ptxt id="en-US0900c8af844d6506-nev13717306n1-nev13717307n28">R4 = 4.0 mm</ptxt>
<ptxt id="en-US0900c8af844d6506-nev13717306n1-nev13717307n29">R5 = 4.0 mm</ptxt>
<ptxt id="en-US0900c8af844d6506-nev13717306n1-nev13717307n30">R6 = 4.0 mm</ptxt>
</para>
</graphtext>
</grate>
<grate id="en-US0900c8af844d6506-nev13717306n1-nev13717307n31">
<graphic id="en-US0900c8af844d6506-nev13717306n1-nev13717302n66">
<href>0900c8af81a725de_674_504.jpeg</href>
</graphic>
<graphtext id="en-US0900c8af844d6506-nev13717306n1-nev13717307n32">
<para id="en-US0900c8af844d6506-nev13717306n1-nev13717307n33">
<title id="en-US0900c8af844d6506-nev13717306n1-nev13717307n34">S40 (04-)</title>
<ptxt id="en-US0900c8af844d6506-nev13717306n1-nev13717307n35">R7 = 3.3 mm</ptxt>
<ptxt id="en-US0900c8af844d6506-nev13717306n1-nev13717307n36">R8 = 3.1 mm</ptxt>
<ptxt id="en-US0900c8af844d6506-nev13717306n1-nev13717307n37">R9 = 0.8 mm</ptxt>
<ptxt id="en-US0900c8af844d6506-nev13717306n1-nev13717307n38">R10 = 1.3 mm</ptxt>
<ptxt id="en-US0900c8af844d6506-nev13717306n1-nev13717307n39">R11 = 4.0 mm</ptxt>
</para>
</graphtext>
</grate>
</procstep>
</stepgrp>
</procedure>
</servinfosub>
            </ti_title>
          </FunctionGroup3>
        </FunctionGroup2>