<?xml version="1.0" encoding="UTF-8"?><FunctionGroup2 Qualifier="Installation instructions, accessories" group="35" name="Lighting"><serv-cat servcat.name=" Interior/Illumination Lights"/><serv-cat servcat.name="Exterior Lights"/><doc-head>Accessories and Body, Cab</doc-head><doc-subhead>Lighting - Installation instructions, accessories</doc-subhead>
          <FunctionGroup3 group="356" name="extra lamps, accessories">
            <ti_title id="TITitle-12345-776" navTitle="navTitle" shortYearRange="2011-2012" title="ti_title" yearRange="2011, 2012">
              <i2 IE-ID="en-US0900c8af851423f3" docno="VCC-423413" id="en-US0900c8af851423f3-nev16253869n1" original="sv-SE" xml:lang="en-US" yearRange="2011, 2012">
<frontm id="en-US0900c8af851423f3-nev16253871n1-nev16329530n81">
<prolog>
<tpnbr>31330682</tpnbr>
</prolog>
<titlep id="en-US0900c8af851423f3-nev16253871n1-nev16329530n80">
<grate id="en-US0900c8af851423f3-nev16253871n1-nev16329530n75">
<graphic id="en-US0900c8af851423f3-nev16253871n1-nev16280825n16">
<href>0900c8af85148fdf_1890_1417.jpeg</href>
</graphic>
</grate>
<title id="en-US0900c8af851423f3-nev16253869n2">Daytime Running Light LED</title>
</titlep>
<preface id="en-US0900c8af851423f3-nev16253871n1-nev16329530n74">
<toolpics id="en-US0900c8af851423f3-nev16253871n1-nev16329530n72">
<title id="en-US0900c8af851423f3-nev16253871n1-0800c8af84f6831f">Equipment</title>
<i2graphic id="en-US0900c8af851423f3-nev16253871n1-nev16280825n9">
<href>0900c8af83616a68_283_283.jpeg</href>
</i2graphic>
<i2graphic id="en-US0900c8af851423f3-nev16253871n1-nev16280825n8">
<href>0900c8af84fe1a69_283_283.jpeg</href>
</i2graphic>
</toolpics>
<kitpics id="en-US0900c8af851423f3-nev16253871n1-nev16329530n73">
<title id="en-US0900c8af851423f3-nev16253871n1-0800c8af84f6835a">Component overview</title>
<i2graphic id="en-US0900c8af851423f3-nev16253871n1-nev16280825n12">
<href>0900c8af85149023_1890_1417.jpeg</href>
</i2graphic>
</kitpics>
</preface>
</frontm>
<body id="en-US0900c8af851423f3-nev16253871n1-nev16329530n82">
<servinfosub docno="VCC-423413" id="en-US0900c8af851423f3-nev16253871n1-nev16253869n1" original="sv-SE" servinfosubId="nev16253871n1-nev16253869n4" servinfosubRes="0900c8af8516e470" servinfosubRes2="urn:x-nevis:fragment:0900c8af851423f3:0900c8af8516e470#nev16253869n4">
<operationnumbers>
<operationnumber>35618</operationnumber>
</operationnumbers>
<procedure id="en-US0900c8af851423f3-nev16253871n1-nev16280825n7">
<stepgrp boilerplate="false" context="" id="en-US0900c8af851423f3-nev16253871n1-nev16329530n71">
<title id="en-US0900c8af851423f3-nev16253871n1-0800c8af84f682f9">Information</title>
<procstep id="en-US0900c8af851423f3-nev16253871n1-nev16280800n64">
<list1 enumtype="b" id="en-US0900c8af851423f3-nev13396149n248" type="unordered">
<item id="en-US0900c8af851423f3-nev13396149n246">
<ptxt id="en-US0900c8af851423f3-nev13396149n244">  Read through all of the instructions before starting installation.</ptxt>
</item>
<item id="en-US0900c8af851423f3-nev13396149n240">
<ptxt id="en-US0900c8af851423f3-nev13396149n238">Notifications and warning texts are for your safety and to minimise the risk of something breaking during installation.</ptxt>
</item>
<item id="en-US0900c8af851423f3-nev13396149n236">
<ptxt id="en-US0900c8af851423f3-nev13396149n234">Ensure that all tools stated in the instructions are available before starting installation.</ptxt>
</item>
<item id="en-US0900c8af851423f3-nev13396149n232">
<ptxt id="en-US0900c8af851423f3-nev13396149n230">Certain steps in the instructions are only presented in the form of images. Explanatory text is also given for more complicated steps.</ptxt>
</item>
<item id="en-US0900c8af851423f3-nev13396149n228">
<ptxt id="en-US0900c8af851423f3-nev13396149n226">In the event of any problems with the instructions or the accessory, contact your local Volvo dealer.</ptxt>
</item>
</list1>
</procstep>
</stepgrp>
<stepgrp boilerplate="false" context="" id="en-US0900c8af851423f3-nev16253871n1-nev16329530n68">
<title id="en-US0900c8af851423f3-nev16253871n1-0800c8af84f6830b">Conditions</title>
<procstep id="en-US0900c8af851423f3-nev16253871n1-nev16280815n37">
<grate id="en-US0900c8af851423f3-nev16253871n1-nev16280892n99">
<graphic id="en-US0900c8af851423f3-nev16253871n1-nev16280892n100">
<href>0900c8af84aa37cb_945_709.jpeg</href>
</graphic>
<graphtext id="en-US0900c8af851423f3-nev16253871n1-nev16329549n1">
<para id="en-US0900c8af851423f3-nev16253871n1-nev16329530n66">
<ptxt id="en-US0900c8af851423f3-nev16253871n1-nev16329530n67">Set the ignition key to position 0.</ptxt>
</para>
</graphtext>
</grate>
</procstep>
</stepgrp>
<stepgrp boilerplate="false" context="" id="en-US0900c8af851423f3-nev16253871n1-nev16329530n65">
<title id="en-US0900c8af851423f3-nev16253871n1-0800c8af844a46f6">Removal</title>
<procstep id="en-US0900c8af851423f3-nev16253871n1-nev16280817n45">
<grate id="en-US0900c8af851423f3-nev16253871n1-nev16280892n95">
<graphic id="en-US0900c8af851423f3-nev16253871n1-nev16280892n96">
<href>0900c8af848e9a64_945_709.jpeg</href>
</graphic>
<graphtext id="en-US0900c8af851423f3-nev16253871n1-nev16329553n1">
<para id="en-US0900c8af851423f3-nev16253871n1-nev16329530n63">
<ptxt id="en-US0900c8af851423f3-nev16253871n1-nev16329530n64">Remove the panel.</ptxt>
</para>
</graphtext>
</grate>
</procstep>
<procstep id="en-US0900c8af851423f3-nev16253871n1-nev16280820n78">
<grate id="en-US0900c8af851423f3-nev16253871n1-nev16280892n91">
<graphic id="en-US0900c8af851423f3-nev16253871n1-nev16280892n92">
<href>0900c8af848e9a68_945_709.jpeg</href>
</graphic>
</grate>
</procstep>
<procstep id="en-US0900c8af851423f3-nev16253871n1-nev16280820n7">
<grate id="en-US0900c8af851423f3-nev16253871n1-nev16280892n89">
<graphic id="en-US0900c8af851423f3-nev16253871n1-nev16280892n90">
<href>0900c8af848e9a82_945_709.jpeg</href>
</graphic>
<graphtext id="en-US0900c8af851423f3-nev16253871n1-nev16329560n1">
<para id="en-US0900c8af851423f3-nev16253871n1-nev16329530n61">
<ptxt id="en-US0900c8af851423f3-nev16253871n1-nev16329530n62">Disconnect the connector.</ptxt>
</para>
</graphtext>
</grate>
</procstep>
</stepgrp>
<stepgrp boilerplate="false" context="" id="en-US0900c8af851423f3-nev16253871n1-nev16329530n60">
<title id="en-US0900c8af851423f3-nev16253871n1-0800c8af84fbdb3d">Accessory installation</title>
<procstep id="en-US0900c8af851423f3-nev16253871n1-nev16280824n63">
<grate id="en-US0900c8af851423f3-nev16253871n1-nev16280892n84">
<graphic id="en-US0900c8af851423f3-nev16253871n1-nev16280892n85">
<href>0900c8af848e9a8c_945_709.jpeg</href>
</graphic>
</grate>
</procstep>
<procstep id="en-US0900c8af851423f3-nev16253871n1-nev16280825n74">
<grate id="en-US0900c8af851423f3-nev16253871n1-nev16280892n82">
<graphic id="en-US0900c8af851423f3-nev16253871n1-nev16280892n83">
<href>0900c8af848e9ab0_945_709.jpeg</href>
</graphic>
</grate>
</procstep>
</stepgrp>
<stepgrp boilerplate="false" context="" id="en-US0900c8af851423f3-nev16253871n1-nev16329530n59">
<title id="en-US0900c8af851423f3-nev16253871n1-0800c8af844a46f6">Removal</title>
<procstep id="en-US0900c8af851423f3-nev16253871n1-nev16283003n18">
<grate id="en-US0900c8af851423f3-nev16253871n1-nev16283567n73">
<graphic id="en-US0900c8af851423f3-nev16253871n1-nev16283567n74">
<href>0900c8af8515175f_945_709.jpeg</href>
</graphic>
<graphtext id="en-US0900c8af851423f3-nev16253871n1-nev16329570n1">
<para id="en-US0900c8af851423f3-nev16253871n1-nev16329530n57">
<ptxt id="en-US0900c8af851423f3-nev16253871n1-nev16329530n58">Remove the panel.</ptxt>
</para>
</graphtext>
</grate>
</procstep>
</stepgrp>
<stepgrp boilerplate="false" context="" id="en-US0900c8af851423f3-nev16253871n1-nev16329530n56">
<title id="en-US0900c8af851423f3-nev16253871n1-0800c8af84fbdb3d">Accessory installation</title>
<procstep id="en-US0900c8af851423f3-nev16253871n1-nev16283092n92">
<grate id="en-US0900c8af851423f3-nev16253871n1-nev16283567n68">
<graphic id="en-US0900c8af851423f3-nev16253871n1-nev16283567n69">
<href>0900c8af85151774_945_709.jpeg</href>
</graphic>
<graphtext id="en-US0900c8af851423f3-nev16253871n1-nev16329574n1">
<para id="en-US0900c8af851423f3-nev16253871n1-nev16329530n54">
<ptxt id="en-US0900c8af851423f3-nev16253871n1-nev16329530n55">Locate the pre-routed connector.</ptxt>
</para>
</graphtext>
</grate>
</procstep>
<procstep id="en-US0900c8af851423f3-nev16253871n1-nev16283092n66">
<grate id="en-US0900c8af851423f3-nev16253871n1-nev16283567n64">
<graphic id="en-US0900c8af851423f3-nev16253871n1-nev16283567n65">
<href>0900c8af848e9b77_945_709.jpeg</href>
</graphic>
<graphtext id="en-US0900c8af851423f3-nev16253871n1-nev16329578n1">
<para id="en-US0900c8af851423f3-nev16253871n1-nev16329530n52">
<ptxt id="en-US0900c8af851423f3-nev16253871n1-nev16329530n53">Connect the connector.</ptxt>
</para>
</graphtext>
</grate>
</procstep>
<procstep id="en-US0900c8af851423f3-nev16253871n1-nev16283092n40">
<grate id="en-US0900c8af851423f3-nev16253871n1-nev16283567n60">
<graphic id="en-US0900c8af851423f3-nev16253871n1-nev16283567n61">
<href>0900c8af85148d5a_945_709.jpeg</href>
</graphic>
</grate>
</procstep>
<procstep id="en-US0900c8af851423f3-nev16253871n1-nev16283093n36">
<grate id="en-US0900c8af851423f3-nev16253871n1-nev16329530n50">
<graphic id="en-US0900c8af851423f3-nev16253871n1-nev16329530n51">
<href>0900c8af85151766_945_709.jpeg</href>
</graphic>
<graphtext id="en-US0900c8af851423f3-nev16253871n1-nev16329585n1">
<para id="en-US0900c8af851423f3-nev16253871n1-nev16329530n48">
<ptxt id="en-US0900c8af851423f3-nev16253871n1-nev16329530n49">Reinstall the removed parts in reverse order.</ptxt>
</para>
</graphtext>
</grate>
</procstep>
<procstep id="en-US0900c8af851423f3-nev16253871n1-nev16283092n14">
<grate id="en-US0900c8af851423f3-nev16253871n1-nev16283567n58">
<graphic id="en-US0900c8af851423f3-nev16253871n1-nev16283567n59">
<href>0900c8af83616d68_945_709.jpeg</href>
</graphic>
<graphtext id="en-US0900c8af851423f3-nev16253871n1-nev16329589n1">
<para id="en-US0900c8af851423f3-nev16253871n1-nev16329530n46">
<ptxt id="en-US0900c8af851423f3-nev16253871n1-nev16329530n47">Download software (application) for the accessory's function according to the service information in VIDA. See VIDA or the accessories catalogue for software part number.</ptxt>
</para>
</graphtext>
</grate>
</procstep>
</stepgrp>
</procedure>
<kitnumbers>
<kitnumber>31330687</kitnumber>
<kitnumber>31330686</kitnumber>
</kitnumbers>
</servinfosub>
</body>
<servinfosub IE-ID="en-US0900c8af87185c8e" docno="VCC-125191" id="en-US0900c8af87185c8e-KC01109525" xml:lang="en-US">
<title id="en-US0900c8af87185c8e-nev13396149n250">INTRODUCTION</title>
<list1 enumtype="b" id="en-US0900c8af87185c8e-nev13396149n248" type="unordered">
<item id="en-US0900c8af87185c8e-nev13396149n246">
<ptxt id="en-US0900c8af87185c8e-nev13396149n244">  Read through all of the instructions before starting installation.</ptxt>
</item>
<item id="en-US0900c8af87185c8e-nev13396149n240">
<ptxt id="en-US0900c8af87185c8e-nev13396149n238">Notifications and warning texts are for your safety and to minimise the risk of something breaking during installation.</ptxt>
</item>
<item id="en-US0900c8af87185c8e-nev13396149n236">
<ptxt id="en-US0900c8af87185c8e-nev13396149n234">Ensure that all tools stated in the instructions are available before starting installation.</ptxt>
</item>
<item id="en-US0900c8af87185c8e-nev13396149n232">
<ptxt id="en-US0900c8af87185c8e-nev13396149n230">Certain steps in the instructions are only presented in the form of images. Explanatory text is also given for more complicated steps.</ptxt>
</item>
<item id="en-US0900c8af87185c8e-nev13396149n228">
<ptxt id="en-US0900c8af87185c8e-nev13396149n226">In the event of any problems with the instructions or the accessory, contact your local Volvo dealer.</ptxt>
</item>
</list1>
</servinfosub></i2>
            </ti_title>
          </FunctionGroup3>
        </FunctionGroup2>