<?xml version="1.0" encoding="UTF-8"?><FunctionGroup2 Qualifier="General Safety Information" group="59" name="Brake control system"><serv-cat servcat.name="Anti-Lock/Traction Control"/><doc-head>Brakes</doc-head><doc-subhead>Brake Control System - General Safety Information</doc-subhead>
          <!--<FunctionGroup3 group="NULL" name="NULL">
            <ti_title id="TITitle-12345" navTitle="navTitle" shortYearRange="2004-2010" title="ti_title" yearRange="2004-2010">
              <nevisid documentType="servinfosub" id="0900c8af80c4844f" title="Battery, charging" vccNumber="VCC-021045-1" yearRange="2004-2010"/>
              <nevisid documentType="servinfosub" id="0900c8af800c057c" title="Ignition and high voltage components" vccNumber="VCC-021044-1" yearRange="2004-2010"/>
            </ti_title>
          </FunctionGroup3>-->
          <FunctionGroup3 group="593" name="anti-lock brake (anti-skid)">
            <ti_title id="TITitle-12345-169" navTitle="navTitle" shortYearRange="2004-2010" title="ti_title" yearRange="2004-2010">
              <ptxt><xref dupFrag="true" refid="en-US0900c8af80c4844f-KC01151273"/></ptxt>
            </ti_title>
          </FunctionGroup3>
        </FunctionGroup2>