<?xml version="1.0" encoding="UTF-8"?><script xmlns:nevis="http://www.volvocars.com/namespaces/processing" xmlns:xlink="http://www.w3.org/1999/xlink" IE-ID="en-US0900c8af85222901" docno="VCC-425484" id="nev16514337n1" nevis:expl-profile="mdl872yr2001tmn39, mdl873yr2001tmn39, mdl873yr2003tmn39, mdl872yr2002tmn39, mdl873yr2002tmn39, mdl873yr2000tmn39, mdl872yr2000tmn39, mdl873yr2004tmn39, mdl873yr2005tmn39" nevis:profile="urn:x-nevis:profile:0b00c8af80206412 urn:x-nevis:profile:0b00c8af8020642d urn:x-nevis:profile:0b00c8af80206454 urn:x-nevis:profile:0b00c8af80206490 urn:x-nevis:profile:0b00c8af80206499 urn:x-nevis:profile:0b00c8af802064a7 urn:x-nevis:profile:0b00c8af80206537 urn:x-nevis:profile:0b00c8af80206569 urn:x-nevis:profile:0b00c8af816362b2" nevis:projectdocument="urn:x-nevis:projectdocument:0800c8af85222900" nevis:resource="0900c8af85222905" nevis:resource2="urn:x-nevis:fragment:0900c8af85222901:0900c8af85222905#nev16514337n1" nevis:session-id="" qualifierinfotype="14:00" type="" xml:lang="en-US"><title>Read vehicle speed</title><content gui="1" height="140" id="nev16514337n2-nev16514333n1" nevis:expl-profile="mdl872yr2001tmn39, mdl873yr2001tmn39, mdl873yr2003tmn39, mdl872yr2002tmn39, mdl873yr2002tmn39, mdl873yr2000tmn39, mdl872yr2000tmn39, mdl873yr2004tmn39, mdl873yr2005tmn39" nevis:idfrom="nev16514337n2" nevis:prefix="nev16514337n2" nevis:profile="urn:x-nevis:profile:0b00c8af80206412 urn:x-nevis:profile:0b00c8af8020642d urn:x-nevis:profile:0b00c8af80206454 urn:x-nevis:profile:0b00c8af80206490 urn:x-nevis:profile:0b00c8af80206499 urn:x-nevis:profile:0b00c8af802064a7 urn:x-nevis:profile:0b00c8af80206537 urn:x-nevis:profile:0b00c8af80206569 urn:x-nevis:profile:0b00c8af816362b2" nevis:resource="0900c8af85222903" nevis:resource2="urn:x-nevis:fragment:0900c8af85222901:0900c8af85222903#nev16514333n1" width="400" xml:lang="en-US"><nodes id="nev16514337n2-nev16514333n2"><node class="Components.StartNode" id="nev16514337n2-nev16514333n3" nodeid="Start" x="17" y="58"/><node class="Components.Gui.ParameterLabel" id="nev16514337n2-nev16514333n4" nodeid="ParameterLabel1" x="541" y="53"><gui height="70" id="nev16514337n2-nev16514333n5" width="380" x="10" y="10"/><property class="Parameter" id="nev16514337n2-nev16514333n6" name="Parameter" type="In" value="" visible="1"/><property class="String" id="nev16514337n2-nev16514333n7" name="Title" type="In" value="" visible="1"/><property class="String" id="nev16514337n2-nev16514333n8" name="Value" type="In" value="" visible="1"/><property class="String" id="nev16514337n2-nev16514333n9" name="Unit" type="In" value="" visible="1"/></node><node class="Components.ScriptComponent" id="nev16514337n2-nev16514333n10" nodeid="ScriptComponent1" x="209" y="253"/><node class="Components.IdentifierComponent" id="nev16514337n2-nev16514334n1" nodeid="IdentifierComponent1" x="374" y="23"><property class="Parameter" id="nev16514337n2-nev16514334n2" name="Vehicle speed SP sensor" type="Out" value="" visible="1"/><extension id="nev16514337n2-nev16514334n3"><identifier ecu="437601" ecuMode="EcuType" id="nev16514337n2-nev16514334n4" read="9" type="REOFF" value="10"><parameter id="nev16514337n2-nev16514334n5" name="Vehicle speed SP sensor" textid="15219"/></identifier></extension></node><node class="Components.Repeater" id="nev16514337n2-nev16514334n6" nodeid="Repeater1" x="211" y="107"/><node class="Components.ScriptButton" id="nev16514337n2-nev16514334n7" nodeid="Hide button" x="21" y="253"><gui height="30" id="nev16514337n2-nev16514334n8" width="110" x="280" y="100"/><property class="String" id="nev16514337n2-nev16514334n9" name="Text" type="In" value="" visible="0"/><property class="String" id="nev16514337n2-nev16514334n10" name="StartDisabled" type="Internal" value="false" visible="1"/><extension id="nev16514337n2-nev16514335n1"><phrase category="script" id="nev16514337n2-nev16514335n2" phrase-urn="urn:x-nevis:phrase:0800c8af8178a3a1">Hide</phrase></extension></node></nodes><handlers id="nev16514337n2-nev16514335n3"><eventhandler id="nev16514337n2-nev16514335n4" name="OnStart" node="Start"><call id="nev16514337n2-nev16514335n5" method="UpdateTitles" node="IdentifierComponent1"/><call id="nev16514337n2-nev16514335n6" method="Start" node="Repeater1"/></eventhandler><eventhandler id="nev16514337n2-nev16514335n7" name="OnRepeat" node="Repeater1"><call id="nev16514337n2-nev16514335n8" method="Read" node="IdentifierComponent1"/></eventhandler><eventhandler id="nev16514337n2-nev16514335n9" name="Click" node="Hide button"><call id="nev16514337n2-nev16514335n10" method="CloseDialog" node="ScriptComponent1"/></eventhandler><propertyhandler id="nev16514337n2-nev16514336n1" name="Vehicle speed SP sensor" node="IdentifierComponent1"><set id="nev16514337n2-nev16514336n2" node="ParameterLabel1" property="Parameter"/></propertyhandler></handlers></content></script>