<?xml version="1.0" encoding="UTF-8"?><servinfosub IE-ID="en-US0900c8af85ca4901" docno="VCC-370734" id="nev13715547n1" original="sv-SE" servinfosubId="nev13715548n1-nev13715547n4" servinfosubRes="0900c8af85ca4909" servinfosubRes2="urn:x-nevis:fragment:0900c8af85ca4901:0900c8af85ca4909#nev13715547n4" xml:lang="en-US">
<title id="nev13715546n8">Driveshaft left</title>
<toolitemtable id="nev13715548n1-nev19004079n21">
<table id="nev13715548n1-nev19004079n20">
<tgroup cols="2" id="nev13715548n1-nev19004079n19">
<colspec colname="COLSPEC0" colwidth="1.00*" id="nev13715548n1-nev19004079n18"/>
<colspec colname="COLSPEC1" colwidth="1.00*" id="nev13715548n1-nev19004079n17"/>
<thead id="nev13715548n1-nev19004079n16">
<row id="nev13715548n1-nev19004079n15">
<entry id="nev13715548n1-nev19004079n14" nameend="COLSPEC1" namest="COLSPEC0" valign="top">
<ptxt id="nev13715548n1-nev19004079n13">
<emph id="nev13715548n1-nev19004079n12">Special tools</emph>
</ptxt>
</entry>
</row>
</thead>
<tbody id="nev13715548n1-nev19004079n11">
<row id="nev13715548n1-nev19004079n10">
<entry id="nev13715548n1-nev19004079n9">
<graphic id="nev13715548n1-nev19004079n8">
<href>0900c8af800549e#@#@#9#.jpeg</href>
</graphic>
</entry>
<entry id="nev13715548n1-nev19004079n7">
<ptxt id="nev13715548n1-nev19004079n6">
<emph id="nev13715548n1-nev19004079n5">951 2923 Hydrau#@#@#12#inder</emph>
</ptxt>
<ptxt id="nev13715548n1-nev19004079n3">
<emph id="nev13715548n1-nev19004079n2">Tool number:</emph>951 2923</ptxt>
<ptxt id="nev13715548n1-nev19004079n1">
<emph id="nev13715548n1-nev19004098n100">Tool description:</emph>Hydraulic hole #@#@#3#inder</ptxt>
<ptxt id="nev13715548n1-nev19004098n98">
<emph id="nev13715548n1-nev19004098n97">Tool boards:</emph>65</ptxt>
</entry>
</row>
<row id="nev13715548n1-nev19004098n96">
<entry id="nev13715548n1-nev19004098n95">
<graphic id="nev13715548n1-nev19004098n94">
<href>0900c8af836c9b4#@#@#9#.jpeg</href>
</graphic>
</entry>
<entry id="nev13715548n1-nev19004098n93">
<ptxt id="nev13715548n1-nev19004098n92">
<emph id="nev13715548n1-nev19004098n91">999 7251 Press tool</emph>
</ptxt>
<ptxt id="nev13715548n1-nev19004098n89">
<emph id="nev13715548n1-nev19004098n88">Tool number:</emph>999 7251</ptxt>
<ptxt id="nev13715548n1-nev19004098n87">
<emph id="nev13715548n1-nev19004098n86">Tool description:</emph>Press tool</ptxt>
<ptxt id="nev13715548n1-nev19004098n84">
<emph id="nev13715548n1-nev19004098n83">Tool boards:</emph>40</ptxt>
</entry>
</row>
<row id="nev13715548n1-nev19004098n82">
<entry id="nev13715548n1-nev19004098n81">
<graphic id="nev13715548n1-nev19004098n80">
<href>0900c8af823395e#@#@#9#.jpeg</href>
</graphic>
</entry>
<entry id="nev13715548n1-nev19004098n79">
<ptxt id="nev13715548n1-nev19004098n78">
<emph id="nev13715548n1-nev19004098n77">999 7162 Claw</emph>
</ptxt>
<ptxt id="nev13715548n1-nev19004098n75">
<emph id="nev13715548n1-nev19004098n74">Tool number:</emph>999 7162</ptxt>
<ptxt id="nev13715548n1-nev19004098n73">
<emph id="nev13715548n1-nev19004098n72">Tool description:</emph>Claw</ptxt>
<ptxt id="nev13715548n1-nev19004098n70">
<emph id="nev13715548n1-nev19004098n69">Tool boards:</emph>46</ptxt>
</entry>
</row>
</tbody>
</tgroup>
</table>
</toolitemtable>
<procedure id="nev13715548n1-nev13715546n39">
<stepgrp boilerplate="false" context="" id="nev13715548n1-nev19004079n35">
<title id="nev13715548n1-0800c8af844a46f6">Removal</title>
<procstep id="nev13715548n1-nev14128551n35">
<note id="nev13715548n1-0800c8af844a42fa">
<ptxt>Removal steps i#@#@#45#ails.</ptxt>
</note>
</procstep>
<procstep id="nev13715548n1-nev16663502n45">
<warning id="nev13715548n1-0800c8af85227854">
<ptxt>Do not use magn#@#@#172#odes.</ptxt>
</warning>
</procstep>
<procstep id="nev13715548n1-nev16663581n8">
<note id="nev13715548n1-0800c8af852278ab">
<ptxt>Any magnetized #@#@#71#nent.</ptxt>
</note>
</procstep>
<procstep id="nev13715548n1-nev14120144n4">
<para id="nev13715548n1-nev19004079n33">
<ptxt id="nev13715548n1-nev19004079n34">Remove the wheel<xref boilerplate="true" id="nev13715548n1-0800c8af844f033b">
<ref id="nev13715548n1-nev14120424n23"/>
</xref>
</ptxt>
</para>
</procstep>
<procstep id="nev13715548n1-nev14120390n87">
<para id="nev13715548n1-nev19004079n31">
<ptxt id="nev13715548n1-nev19004079n32">Loosen wheel spindle<xref boilerplate="true" id="nev13715548n1-0800c8af8470aac3">
<ref id="nev13715548n1-nev14120424n18"/>
</xref>
</ptxt>
</para>
</procstep>
<procstep id="nev13715548n1-nev14120390n60">
<grate id="nev13715548n1-nev18966097n63">
<graphic id="nev13715548n1-nev18966097n64">
<href>0900c8af847263b#@#@#9#.jpeg</href>
</graphic>
<graphtext id="nev13715548n1-nev19004117n1">
<para id="nev13715548n1-nev19004079n29">
<ptxt id="nev13715548n1-nev19004079n30">
<torque id="nev13715548n1-nev19001618n32">
<ref id="nev13715548n1-nev19001618n30"/>
</torque>
</ptxt>
</para>
</graphtext>
</grate>
</procstep>
<procstep id="nev13715548n1-nev14120390n14">
<grate id="nev13715548n1-nev18966097n59">
<graphic id="nev13715548n1-nev18966097n60">
<href>0900c8af8345dcb#@#@#9#.jpeg</href>
</graphic>
<graphtext id="nev13715548n1-nev19004124n1">
<para id="nev13715548n1-nev19004079n27">
<ptxt id="nev13715548n1-nev19004079n28">
<toolitem boilerplate="true" id="nev13715548n1-nev14120424n10" imageid="0900c8af800549e6"/>
<toolitem boilerplate="false" id="nev13715548n1-nev14120424n9" imageid="0900c8af836c9b42"/>
</ptxt>
</para>
</graphtext>
</grate>
</procstep>
<procstep id="nev13715548n1-nev14120422n100">
<grate id="nev13715548n1-nev18966097n55">
<graphic id="nev13715548n1-nev18966097n56">
<href>0900c8af831f58d#@#@#9#.jpeg</href>
</graphic>
</grate>
</procstep>
<procstep id="nev13715548n1-nev14130279n75">
<grate id="nev13715548n1-nev18966097n53">
<graphic id="nev13715548n1-nev18966097n54">
<href>0900c8af83632ae#@#@#9#.jpeg</href>
</graphic>
</grate>
</procstep>
<procstep id="nev13715548n1-nev14120413n78">
<grate id="nev13715548n1-nev18966097n51">
<graphic id="nev13715548n1-nev18966097n52">
<href>0900c8af84622b3#@#@#9#.jpeg</href>
</graphic>
<graphtext id="nev13715548n1-nev19004140n1">
<warning id="nev13715548n1-0800c8af844a4837">
<ptxt>Be prepared to #@#@#18#luid.</ptxt>
</warning>
<para id="nev13715548n1-nev19004079n25">
<ptxt id="nev13715548n1-nev19004079n26">
<toolitem boilerplate="true" id="nev13715548n1-nev14120425n100" imageid="0900c8af823395e8"/>
</ptxt>
</para>
</graphtext>
</grate>
</procstep>
</stepgrp>
<stepgrp boilerplate="false" context="" id="nev13715548n1-nev19004079n24">
<title id="nev13715548n1-0800c8af844a46f9">Installation</title>
<procstep id="nev13715548n1-nev14120418n77">
<para id="nev13715548n1-nev19004079n22">
<ptxt id="nev13715548n1-nev19004079n23">To install, rev#@#@#22#dure.</ptxt>
</para>
</procstep>
</stepgrp>
</procedure>
</servinfosub>