<?xml version="1.0" encoding="UTF-8"?><servinfosub IE-ID="en-US0900c8af87378713" docno="VCC-370828" id="nev13716354n1" original="sv-SE" servinfosubId="nev13716355n1-nev23774014n1" servinfosubRes="0900c8af8737876e" servinfosubRes2="urn:x-nevis:fragment:0900c8af87378713:0900c8af8737876e#nev23774014n1" xml:lang="en-US">
<title id="nev13716353n8">Rear subframe</title>
<toolitemtable id="nev13716355n1-nev24983182n74">
<table id="nev13716355n1-nev24983182n73">
<tgroup cols="2" id="nev13716355n1-nev24983182n72">
<colspec colname="COLSPEC0" colwidth="1.00*" id="nev13716355n1-nev24983182n71"/>
<colspec colname="COLSPEC1" colwidth="1.00*" id="nev13716355n1-nev24983182n70"/>
<thead id="nev13716355n1-nev24983182n69">
<row id="nev13716355n1-nev24983182n68">
<entry id="nev13716355n1-nev24983182n67" nameend="COLSPEC1" namest="COLSPEC0" valign="top">
<ptxt id="nev13716355n1-nev24983182n66">
<emph id="nev13716355n1-nev24983182n65">Special tools</emph>
</ptxt>
</entry>
</row>
</thead>
<tbody id="nev13716355n1-nev24983182n64">
<row id="nev13716355n1-nev24983182n63">
<entry id="nev13716355n1-nev24983182n62">
<graphic id="nev13716355n1-nev24983182n61">
<href>0900c8af86a3a0b#@#@#9#.jpeg</href>
</graphic>
</entry>
<entry id="nev13716355n1-nev24983182n60">
<ptxt id="nev13716355n1-nev24983182n59">
<emph id="nev13716355n1-nev24983182n58">999 7538 Puller</emph>
</ptxt>
<ptxt id="nev13716355n1-nev24983182n56">
<emph id="nev13716355n1-nev24983182n55">Tool number:</emph>999 7538</ptxt>
<ptxt id="nev13716355n1-nev24983182n54">
<emph id="nev13716355n1-nev24983182n53">Tool description:</emph>Puller</ptxt>
<ptxt id="nev13716355n1-nev24983182n51">
<emph id="nev13716355n1-nev24983182n50">Tool boards:</emph>61</ptxt>
</entry>
</row>
<row id="nev13716355n1-nev24983182n49">
<entry id="nev13716355n1-nev24983182n48">
<graphic id="nev13716355n1-nev24983182n47">
<href>0900c8af8044532#@#@#9#.jpeg</href>
</graphic>
</entry>
<entry id="nev13716355n1-nev24983182n46">
<ptxt id="nev13716355n1-nev24983182n45">
<emph id="nev13716355n1-nev24983182n44">951 2951 Liftin#@#@#6#pment</emph>
</ptxt>
<ptxt id="nev13716355n1-nev24983182n42">
<emph id="nev13716355n1-nev24983182n41">Tool number:</emph>951 2951</ptxt>
<ptxt id="nev13716355n1-nev24983182n40">
<emph id="nev13716355n1-nev24983182n39">Tool description:</emph>Lifting equipment</ptxt>
<ptxt id="nev13716355n1-nev24983182n37">
<emph id="nev13716355n1-nev24983182n36">Tool boards:</emph>
</ptxt>
</entry>
</row>
<row id="nev13716355n1-nev24983182n35">
<entry id="nev13716355n1-nev24983182n34">
<graphic id="nev13716355n1-nev24983182n33">
<href>0900c8af869f154#@#@#9#.jpeg</href>
</graphic>
</entry>
<entry id="nev13716355n1-nev24983182n32">
<ptxt id="nev13716355n1-nev24983182n31">
<emph id="nev13716355n1-nev24983182n30">999 7536 Locati#@#@#1#g pin</emph>
</ptxt>
<ptxt id="nev13716355n1-nev24983182n28">
<emph id="nev13716355n1-nev24983182n27">Tool number:</emph>999 7536</ptxt>
<ptxt id="nev13716355n1-nev24983182n26">
<emph id="nev13716355n1-nev24983182n25">Tool description:</emph>Locating pin</ptxt>
<ptxt id="nev13716355n1-nev24983182n23">
<emph id="nev13716355n1-nev24983182n22">Tool boards:</emph>21</ptxt>
</entry>
</row>
</tbody>
</tgroup>
</table>
</toolitemtable>
<procedure id="nev13716355n1-nev23774615n5">
<stepgrp boilerplate="false" context="" id="nev13716355n1-nev24982231n30">
<title id="nev13716355n1-0800c8af844a46f6">Removal</title>
<procstep id="nev13716355n1-nev23774615n8">
<note id="nev13716355n1-0800c8af844a42fa">
<ptxt>Removal steps i#@#@#45#ails.</ptxt>
</note>
</procstep>
<procstep id="nev13716355n1-nev23774616n7">
<para id="nev13716355n1-nev24982231n28">
<ptxt id="nev13716355n1-nev24982231n29">See information#@#@#20# lift<xref boilerplate="true" id="nev13716355n1-0800c8af85bd358e">
<ref id="nev13716355n1-nev23774617n2"/>
</xref>
</ptxt>
</para>
</procstep>
<procstep id="nev13716355n1-nev23774617n9">
<title id="nev13716355n1-0800c8af864c7f31">Vehicles with a#@#@#8#nsion</title>
</procstep>
<procstep id="nev13716355n1-nev23774618n1">
<para id="nev13716355n1-nev24982231n26">
<ptxt id="nev13716355n1-nev24982231n27">Empty air sprin#@#@#119#rvoir</ptxt>
</para>
</procstep>
<procstep id="nev13716355n1-nev23774618n5">
<para id="nev13716355n1-nev24982231n24">
<ptxt id="nev13716355n1-nev24982231n25">On both sides.</ptxt>
</para>
</procstep>
<procstep id="nev13716355n1-nev23774618n9">
<title id="nev13716355n1-0800c8af844a41e8">All vehicles</title>
</procstep>
<procstep id="nev13716355n1-nev23773796n67">
<para id="nev13716355n1-nev24982231n22">
<ptxt id="nev13716355n1-nev24982231n23">Remove rear sho#@#@#6#orber<xref boilerplate="true" id="nev13716355n1-0800c8af869fad28">
<ref id="nev13716355n1-nev23773796n64"/>
</xref>
</ptxt>
</para>
</procstep>
<procstep id="nev13716355n1-nev23774619n1">
<grate id="nev13716355n1-nev24982231n20">
<graphic id="nev13716355n1-nev24982231n21">
<href>0900c8af867072e#@#@#9#.jpeg</href>
</graphic>
<graphtext id="nev13716355n1-nev24983201n1">
<para id="nev13716355n1-nev24982231n18">
<ptxt id="nev13716355n1-nev24982231n19">Remove the fast#@#@#1#ners.</ptxt>
</para>
<para id="nev13716355n1-nev24982231n16">
<ptxt id="nev13716355n1-nev24982231n17">Remove the mark#@#@#3#part.</ptxt>
</para>
</graphtext>
</grate>
</procstep>
<procstep id="nev13716355n1-nev23774620n1">
<grate id="nev13716355n1-nev24982231n14">
<graphic id="nev13716355n1-nev24982231n15">
<href>0900c8af8670ed7#@#@#9#.jpeg</href>
</graphic>
<graphtext id="nev13716355n1-nev24983205n1">
<para id="nev13716355n1-nev24982231n12">
<ptxt id="nev13716355n1-nev24982231n13">Disconnect the #@#@#6#tors.</ptxt>
</para>
<para id="nev13716355n1-nev24982231n10">
<ptxt id="nev13716355n1-nev24982231n11">Remove the cabl#@#@#11#lips.</ptxt>
</para>
</graphtext>
</grate>
</procstep>
<procstep id="nev13716355n1-nev23774621n1">
<grate id="nev13716355n1-nev24982231n8">
<graphic id="nev13716355n1-nev24982231n9">
<href>0900c8af864f553#@#@#9#.jpeg</href>
</graphic>
<graphtext id="nev13716355n1-nev24983209n1">
<para id="nev13716355n1-nev24982231n6">
<ptxt id="nev13716355n1-nev24982231n7">Remove the mark#@#@#3#part.</ptxt>
</para>
</graphtext>
</grate>
</procstep>
<procstep id="nev13716355n1-nev23774621n8">
<grate id="nev13716355n1-nev24982231n4">
<graphic id="nev13716355n1-nev24982231n5">
<href>0900c8af864f563#@#@#9#.jpeg</href>
</graphic>
<graphtext id="nev13716355n1-nev24983213n1">
<note id="nev13716355n1-0800c8af85d76404">
<ptxt>Make sure that #@#@#38# way.</ptxt>
</note>
<para id="nev13716355n1-nev24982231n2">
<ptxt id="nev13716355n1-nev24982231n3">Remove the screws.</ptxt>
</para>
<para id="nev13716355n1-nev24983180n100">
<ptxt id="nev13716355n1-nev24982231n1">
<torque id="nev13716355n1-nev23774622n9">
<ref id="nev13716355n1-nev23774622n10"/>
</torque>
</ptxt>
</para>
</graphtext>
</grate>
</procstep>
<procstep id="nev13716355n1-nev23774623n1">
<para id="nev13716355n1-nev24983180n98">
<ptxt id="nev13716355n1-nev24983180n99">Repeat the step#@#@#28#side.</ptxt>
</para>
</procstep>
<procstep id="nev13716355n1-nev23774640n8">
<grate id="nev13716355n1-nev24983180n96">
<graphic id="nev13716355n1-nev24983180n97">
<href>0900c8af8672410#@#@#9#.jpeg</href>
</graphic>
<graphtext id="nev13716355n1-nev24983220n1">
<para id="nev13716355n1-nev24983180n94">
<ptxt id="nev13716355n1-nev24983180n95">Remove the fast#@#@#1#ners.</ptxt>
</para>
<para id="nev13716355n1-nev24983180n92">
<ptxt id="nev13716355n1-nev24983180n93">Remove the mark#@#@#3#part.</ptxt>
</para>
<para id="nev13716355n1-nev24983180n90">
<ptxt id="nev13716355n1-nev24983180n91">On both sides.</ptxt>
</para>
</graphtext>
</grate>
</procstep>
<procstep id="nev13716355n1-nev23788419n88">
<grate id="nev13716355n1-nev24983180n88">
<graphic id="nev13716355n1-nev24983180n89">
<href>0900c8af867079f#@#@#9#.jpeg</href>
</graphic>
<graphtext id="nev13716355n1-nev24983224n1">
<para id="nev13716355n1-nev24983180n86">
<ptxt id="nev13716355n1-nev24983180n87">Remove the screws.</ptxt>
</para>
<para id="nev13716355n1-nev24983180n84">
<ptxt id="nev13716355n1-nev24983180n85">Remove the mark#@#@#3#part.</ptxt>
</para>
<para id="nev13716355n1-nev24983180n82">
<ptxt id="nev13716355n1-nev24983180n83">
<torque id="nev13716355n1-nev23788419n81">
<ref id="nev13716355n1-nev23788419n79"/>
</torque>
</ptxt>
</para>
</graphtext>
</grate>
</procstep>
<procstep id="nev13716355n1-nev23773796n30">
<grate id="nev13716355n1-nev24983180n80">
<graphic id="nev13716355n1-nev24983180n81">
<href>0900c8af867079f#@#@#9#.jpeg</href>
</graphic>
<graphtext id="nev13716355n1-nev24983231n1">
<note id="nev13716355n1-0800c8af844a42f6">
<ptxt>Use a new seal.</ptxt>
</note>
<para id="nev13716355n1-nev24983180n78">
<ptxt id="nev13716355n1-nev24983180n79">Remove the nuts.</ptxt>
</para>
<para id="nev13716355n1-nev24983180n76">
<ptxt id="nev13716355n1-nev24983180n77">
<torque id="nev13716355n1-nev23773796n24">
<ref id="nev13716355n1-nev23773796n22"/>
</torque>
</ptxt>
</para>
</graphtext>
</grate>
</procstep>
<procstep id="nev13716355n1-nev23773796n20">
<grate id="nev13716355n1-nev24983180n74">
<graphic id="nev13716355n1-nev24983180n75">
<href>0900c8af86707d3#@#@#9#.jpeg</href>
</graphic>
<graphtext id="nev13716355n1-nev24983238n1">
<note id="nev13716355n1-0800c8af844a432f">
<ptxt>This step requi#@#@#29#cian.</ptxt>
</note>
<para id="nev13716355n1-nev24983180n72">
<ptxt id="nev13716355n1-nev24983180n73">Remove the mark#@#@#13#ails.</ptxt>
</para>
</graphtext>
</grate>
</procstep>
<procstep id="nev13716355n1-nev23774623n5">
<grate id="nev13716355n1-nev24983180n70">
<graphic id="nev13716355n1-nev24983180n71">
<href>0900c8af8670f4d#@#@#9#.jpeg</href>
</graphic>
<graphtext id="nev13716355n1-nev24983242n1">
<caution id="nev13716355n1-0800c8af8456c459">
<ptxt>The number of c#@#@#76#tion.</ptxt>
</caution>
<para id="nev13716355n1-nev24983180n68">
<ptxt id="nev13716355n1-nev24983180n69">Disconnect the #@#@#6#tors.</ptxt>
</para>
<para id="nev13716355n1-nev24983180n66">
<ptxt id="nev13716355n1-nev24983180n67">Remove the cabl#@#@#11#lips.</ptxt>
</para>
</graphtext>
</grate>
</procstep>
<procstep id="nev13716355n1-nev23774624n7">
<grate id="nev13716355n1-nev24983180n64">
<graphic id="nev13716355n1-nev24983180n65">
<href>0900c8af8670f83#@#@#9#.jpeg</href>
</graphic>
<graphtext id="nev13716355n1-nev24983246n1">
<note id="nev13716355n1-0800c8af84fbdaa0">
<ptxt>The screws may #@#@#18#cess.</ptxt>
</note>
<para id="nev13716355n1-nev24983180n62">
<ptxt id="nev13716355n1-nev24983180n63">Remove the screws.</ptxt>
</para>
<para id="nev13716355n1-nev24983180n60">
<ptxt id="nev13716355n1-nev24983180n61">
<torque id="nev13716355n1-nev23774625n8">
<ref id="nev13716355n1-nev23774625n9"/>
</torque>
</ptxt>
</para>
<para id="nev13716355n1-nev24983180n58">
<ptxt id="nev13716355n1-nev24983180n59">Disconnect the #@#@#6#tors.</ptxt>
</para>
<para id="nev13716355n1-nev24983180n56">
<ptxt id="nev13716355n1-nev24983180n57">Remove the cabl#@#@#11#lips.</ptxt>
</para>
</graphtext>
</grate>
</procstep>
<procstep id="nev13716355n1-nev23774626n6">
<grate id="nev13716355n1-nev24983180n54">
<graphic id="nev13716355n1-nev24983180n55">
<href>0900c8af867c436#@#@#9#.jpeg</href>
</graphic>
<graphtext id="nev13716355n1-nev24983253n1">
<para id="nev13716355n1-nev24983180n52">
<ptxt id="nev13716355n1-nev24983180n53">Loosen the clips.</ptxt>
</para>
</graphtext>
</grate>
</procstep>
<procstep id="nev13716355n1-nev23774628n3">
<title id="nev13716355n1-0800c8af844a41f5">Vehicles with f#@#@#19#eater</title>
</procstep>
<procstep id="nev13716355n1-nev23774628n5">
<grate id="nev13716355n1-nev24983180n50">
<graphic id="nev13716355n1-nev24983180n51">
<href>0900c8af8679d19#@#@#9#.jpeg</href>
</graphic>
<graphtext id="nev13716355n1-nev24983257n1">
<para id="nev13716355n1-nev24983180n48">
<ptxt id="nev13716355n1-nev24983180n49">Loosen the clips.</ptxt>
</para>
<para id="nev13716355n1-nev24983180n46">
<ptxt id="nev13716355n1-nev24983180n47">Remove the screw.</ptxt>
</para>
<para id="nev13716355n1-nev24983180n44">
<ptxt id="nev13716355n1-nev24983180n45">
<torque id="nev13716355n1-nev23774629n7">
<ref id="nev13716355n1-nev23774629n8"/>
</torque>
</ptxt>
</para>
</graphtext>
</grate>
</procstep>
<procstep id="nev13716355n1-nev23774629n9">
<title id="nev13716355n1-0800c8af864c7f31">Vehicles with a#@#@#8#nsion</title>
</procstep>
<procstep id="nev13716355n1-nev23774630n1">
<grate id="nev13716355n1-nev24983180n42">
<graphic id="nev13716355n1-nev24983180n43">
<href>0900c8af8670741#@#@#9#.jpeg</href>
</graphic>
<graphtext id="nev13716355n1-nev24983264n1">
<para id="nev13716355n1-nev24983180n40">
<ptxt id="nev13716355n1-nev24983180n41">Loosen the clips.</ptxt>
</para>
</graphtext>
</grate>
</procstep>
<procstep id="nev13716355n1-nev23774630n8">
<grate id="nev13716355n1-nev24983180n38">
<graphic id="nev13716355n1-nev24983180n39">
<href>0900c8af8671d12#@#@#9#.jpeg</href>
</graphic>
<graphtext id="nev13716355n1-nev24983268n1">
<para id="nev13716355n1-nev24983180n36">
<ptxt id="nev13716355n1-nev24983180n37">Undo the hoses #@#@#16#ions.</ptxt>
</para>
<para id="nev13716355n1-nev24983180n34">
<ptxt id="nev13716355n1-nev24983180n35">
<torque id="nev13716355n1-nev23774631n7">
<ref id="nev13716355n1-nev23774631n8"/>
</torque>
</ptxt>
</para>
</graphtext>
</grate>
</procstep>
<procstep id="nev13716355n1-nev23774631n9">
<grate id="nev13716355n1-nev24983180n32">
<graphic id="nev13716355n1-nev24983180n33">
<href>0900c8af86b6433#@#@#9#.jpeg</href>
</graphic>
<graphtext id="nev13716355n1-nev24983275n1">
<para id="nev13716355n1-nev24983180n30">
<ptxt id="nev13716355n1-nev24983180n31">Remove the clips.</ptxt>
</para>
<para id="nev13716355n1-nev24983180n28">
<ptxt id="nev13716355n1-nev24983180n29">Remove the mark#@#@#3#part.</ptxt>
</para>
</graphtext>
</grate>
</procstep>
<procstep id="nev13716355n1-nev23774632n9">
<grate id="nev13716355n1-nev24983180n26">
<graphic id="nev13716355n1-nev24983180n27">
<href>0900c8af8670f2d#@#@#9#.jpeg</href>
</graphic>
<graphtext id="nev13716355n1-nev24983279n1">
<para id="nev13716355n1-nev24983180n24">
<ptxt id="nev13716355n1-nev24983180n25">Undo the hose f#@#@#14#tion.</ptxt>
</para>
<para id="nev13716355n1-nev24983180n22">
<ptxt id="nev13716355n1-nev24983180n23">
<torque id="nev13716355n1-nev23774633n8">
<ref id="nev13716355n1-nev23774633n9"/>
</torque>
</ptxt>
</para>
</graphtext>
</grate>
</procstep>
<procstep id="nev13716355n1-nev23774633n10">
<grate id="nev13716355n1-nev24983180n20">
<graphic id="nev13716355n1-nev24983180n21">
<href>0900c8af867076a#@#@#9#.jpeg</href>
</graphic>
<graphtext id="nev13716355n1-nev24983286n1">
<para id="nev13716355n1-nev24983180n18">
<ptxt id="nev13716355n1-nev24983180n19">Loosen the clips.</ptxt>
</para>
</graphtext>
</grate>
</procstep>
<procstep id="nev13716355n1-nev23774634n7">
<grate id="nev13716355n1-nev24983180n16">
<graphic id="nev13716355n1-nev24983180n17">
<href>0900c8af865d4a5#@#@#9#.jpeg</href>
</graphic>
<graphtext id="nev13716355n1-nev24983290n1">
<para id="nev13716355n1-nev24983180n14">
<ptxt id="nev13716355n1-nev24983180n15">Undo the hose f#@#@#14#tion.</ptxt>
</para>
<para id="nev13716355n1-nev24983180n12">
<ptxt id="nev13716355n1-nev24983180n13">
<torque id="nev13716355n1-nev23774635n6">
<ref id="nev13716355n1-nev23774635n7"/>
</torque>
</ptxt>
</para>
<para id="nev13716355n1-nev24983180n10">
<ptxt id="nev13716355n1-nev24983180n11">Depress the loc#@#@#7#vice.</ptxt>
</para>
<para id="nev13716355n1-nev24983180n8">
<ptxt id="nev13716355n1-nev24983180n9">On both sides.</ptxt>
</para>
</graphtext>
</grate>
</procstep>
<procstep id="nev13716355n1-nev23774636n4">
<grate id="nev13716355n1-nev24983180n6">
<graphic id="nev13716355n1-nev24983180n7">
<href>0900c8af865d50e#@#@#9#.jpeg</href>
</graphic>
<graphtext id="nev13716355n1-nev24983297n1">
<para id="nev13716355n1-nev24983180n4">
<ptxt id="nev13716355n1-nev24983180n5">Remove the mark#@#@#3#part.</ptxt>
</para>
<para id="nev13716355n1-nev24983180n2">
<ptxt id="nev13716355n1-nev24983180n3">On both sides.</ptxt>
</para>
</graphtext>
</grate>
</procstep>
<procstep id="nev13716355n1-nev23774637n4">
<grate id="nev13716355n1-nev24983181n100">
<graphic id="nev13716355n1-nev24983180n1">
<href>0900c8af8686a67#@#@#9#.jpeg</href>
</graphic>
<graphtext id="nev13716355n1-nev24983301n1">
<para id="nev13716355n1-nev24983181n98">
<ptxt id="nev13716355n1-nev24983181n99">Remove the fast#@#@#1#ners.</ptxt>
</para>
<para id="nev13716355n1-nev24983181n96">
<ptxt id="nev13716355n1-nev24983181n97">On both sides.</ptxt>
</para>
<list1 enumtype="n" id="nev13716355n1-nev23774638n4" type="ordered">
<item id="nev13716355n1-nev24983181n95">
<ptxt id="nev13716355n1-nev24983181n94">
<torque id="nev13716355n1-nev23774638n7">
<ref id="nev13716355n1-nev23774638n8"/>
</torque>
</ptxt>
</item>
<item id="nev13716355n1-nev24983181n93">
<ptxt id="nev13716355n1-nev24983181n92">
<torque id="nev13716355n1-nev23774639n1">
<ref id="nev13716355n1-nev23774639n2"/>
</torque>
</ptxt>
</item>
</list1>
<para id="nev13716355n1-nev24983181n90">
<ptxt id="nev13716355n1-nev24983181n91">Remove the mark#@#@#3#part.</ptxt>
</para>
</graphtext>
</grate>
</procstep>
<procstep id="nev13716355n1-nev23774639n6">
<title id="nev13716355n1-0800c8af844a41e8">All vehicles</title>
</procstep>
<procstep id="nev13716355n1-nev23774639n8">
<grate id="nev13716355n1-nev24983181n88">
<graphic id="nev13716355n1-nev24983181n89">
<href>0900c8af867cae8#@#@#9#.jpeg</href>
</graphic>
<graphtext id="nev13716355n1-nev24983311n1">
<para id="nev13716355n1-nev24983181n86">
<ptxt id="nev13716355n1-nev24983181n87">Remove the clips.</ptxt>
</para>
<para id="nev13716355n1-nev24983181n84">
<ptxt id="nev13716355n1-nev24983181n85">Remove the mark#@#@#3#part.</ptxt>
</para>
</graphtext>
</grate>
</procstep>
<procstep id="nev13716355n1-nev23774642n7">
<grate id="nev13716355n1-nev24983181n82">
<graphic id="nev13716355n1-nev24983181n83">
<href>0900c8af869f250#@#@#9#.jpeg</href>
</graphic>
<graphtext id="nev13716355n1-nev24983315n1">
<caution id="nev13716355n1-0800c8af844a4125">
<ptxt>Make sure that #@#@#18#lled.</ptxt>
</caution>
<para id="nev13716355n1-nev24983181n80">
<ptxt id="nev13716355n1-nev24983181n81">Remove the nut.</ptxt>
</para>
<para id="nev13716355n1-nev24983181n78">
<ptxt id="nev13716355n1-nev24983181n79">
<torque id="nev13716355n1-nev23774643n8">
<ref id="nev13716355n1-nev23774643n9"/>
</torque>
</ptxt>
</para>
</graphtext>
</grate>
</procstep>
<procstep id="nev13716355n1-nev23774643n10">
<grate id="nev13716355n1-nev24983181n76">
<graphic id="nev13716355n1-nev24983181n77">
<href>0900c8af869ff5b#@#@#9#.jpeg</href>
</graphic>
<graphtext id="nev13716355n1-nev24983322n1">
<caution id="nev13716355n1-0800c8af844a4126">
<ptxt>Make sure that #@#@#19#lled.</ptxt>
</caution>
<note id="nev13716355n1-0800c8af844a4321">
<ptxt>Only tighten th#@#@#64#tion.</ptxt>
</note>
<para id="nev13716355n1-nev24983181n74">
<ptxt id="nev13716355n1-nev24983181n75">Remove the screw.</ptxt>
</para>
<para id="nev13716355n1-nev24983181n72">
<ptxt id="nev13716355n1-nev24983181n73">
<toolitem boilerplate="true" id="nev13716355n1-nev23774645n3" imageid="0900c8af86a3a0b7"/>
</ptxt>
</para>
</graphtext>
</grate>
</procstep>
<procstep id="nev13716355n1-nev23774645n4">
<grate id="nev13716355n1-nev24983181n70">
<graphic id="nev13716355n1-nev24983181n71">
<href>0900c8af86a9069#@#@#9#.jpeg</href>
</graphic>
<graphtext id="nev13716355n1-nev24983329n1">
<caution id="nev13716355n1-0800c8af8648c267">
<ptxt>Place the compo#@#@#34#port.</ptxt>
</caution>
<para id="nev13716355n1-nev24983181n68">
<ptxt id="nev13716355n1-nev24983181n69">Remove the mark#@#@#13#ails.</ptxt>
</para>
<para id="nev13716355n1-nev24983181n66">
<ptxt id="nev13716355n1-nev24983181n67">On both sides.</ptxt>
</para>
</graphtext>
</grate>
</procstep>
<procstep id="nev13716355n1-nev23774747n8">
<para id="nev13716355n1-nev24983181n64">
<ptxt id="nev13716355n1-nev24983181n65">Repeat the step#@#@#28#side.</ptxt>
</para>
</procstep>
<procstep id="nev13716355n1-nev23774646n6">
<grate id="nev13716355n1-nev24983181n62">
<graphic id="nev13716355n1-nev24983181n63">
<href>0900c8af86a9ac4#@#@#9#.jpeg</href>
</graphic>
<graphtext id="nev13716355n1-nev24983333n1">
<note id="nev13716355n1-0800c8af854bf2da">
<ptxt>Note the position.</ptxt>
</note>
<para id="nev13716355n1-nev24983181n60">
<ptxt id="nev13716355n1-nev24983181n61">Remove the screw.</ptxt>
</para>
<para id="nev13716355n1-nev24983181n58">
<ptxt id="nev13716355n1-nev24983181n59">Remove the mark#@#@#3#part.</ptxt>
</para>
<para id="nev13716355n1-nev24983181n56">
<ptxt id="nev13716355n1-nev24983181n57">
<torque id="nev13716355n1-nev23774647n10">
<ref id="nev13716355n1-nev23774648n1"/>
</torque>
</ptxt>
</para>
<para id="nev13716355n1-nev24983181n54">
<ptxt id="nev13716355n1-nev24983181n55">On both sides.</ptxt>
</para>
</graphtext>
</grate>
</procstep>
<procstep id="nev13716355n1-nev23774648n5">
<title id="nev13716355n1-0800c8af864cdee2">Vehicles withou#@#@#11#nsion</title>
</procstep>
<procstep id="nev13716355n1-nev23774648n7">
<para id="nev13716355n1-nev24983181n52">
<ptxt id="nev13716355n1-nev24983181n53">Remove leafspring<xref boilerplate="true" id="nev13716355n1-0800c8af86aa0bdc">
<ref id="nev13716355n1-nev23774649n2"/>
</xref>
</ptxt>
</para>
</procstep>
<procstep id="nev13716355n1-nev23774649n3">
<title id="nev13716355n1-0800c8af844a41e8">All vehicles</title>
</procstep>
<procstep id="nev13716355n1-nev23774649n5">
<para id="nev13716355n1-nev24983181n50">
<ptxt id="nev13716355n1-nev24983181n51">Remove control arm<xref boilerplate="true" id="nev13716355n1-0800c8af86a9aba9">
<ref id="nev13716355n1-nev23774649n10"/>
</xref>
</ptxt>
</para>
</procstep>
<procstep id="nev13716355n1-nev23774650n1">
<grate id="nev13716355n1-nev24983181n48">
<graphic id="nev13716355n1-nev24983181n49">
<href>0900c8af8671ca6#@#@#9#.jpeg</href>
</graphic>
<graphtext id="nev13716355n1-nev24983346n1">
<para id="nev13716355n1-nev24983181n46">
<ptxt id="nev13716355n1-nev24983181n47">
<toolitem boilerplate="true" id="nev13716355n1-nev23774650n7" imageid="0900c8af80445329"/>
</ptxt>
</para>
</graphtext>
</grate>
</procstep>
<procstep id="nev13716355n1-nev23774748n87">
<grate id="nev13716355n1-nev24983181n44">
<graphic id="nev13716355n1-nev24983181n45">
<href>0900c8af86e0cc0#@#@#9#.jpeg</href>
</graphic>
<graphtext id="nev13716355n1-nev24983353n1">
<para id="nev13716355n1-nev24983181n42">
<ptxt id="nev13716355n1-nev24983181n43">Loosen the clips.</ptxt>
</para>
</graphtext>
</grate>
</procstep>
<procstep id="nev13716355n1-nev23774650n8">
<grate id="nev13716355n1-nev24983181n40">
<graphic id="nev13716355n1-nev24983181n41">
<href>0900c8af8671cf4#@#@#9#.jpeg</href>
</graphic>
<graphtext id="nev13716355n1-nev24983357n1">
<caution id="nev13716355n1-0800c8af844a4154">
<ptxt>Make sure that #@#@#19#lled.</ptxt>
</caution>
<list1 boilerplate="true" context="remove" enumtype="n" id="nev13716355n1-nev23774651n4" type="ordered">
<item id="nev13716355n1-nev24983181n39">
<ptxt id="nev13716355n1-nev24983181n38">
<torque id="nev13716355n1-nev23774651n7">
<ref id="nev13716355n1-nev23774651n8"/>
</torque>
</ptxt>
</item>
<item id="nev13716355n1-nev24983181n37">
<ptxt id="nev13716355n1-nev24983181n36">
<torque id="nev13716355n1-nev23774652n1">
<ref id="nev13716355n1-nev23774652n2"/>
</torque>
</ptxt>
</item>
</list1>
</graphtext>
</grate>
</procstep>
<procstep id="nev13716355n1-nev23774652n3">
<grate id="nev13716355n1-nev24983181n34">
<graphic id="nev13716355n1-nev24983181n35">
<href>0900c8af8671cf5#@#@#9#.jpeg</href>
</graphic>
<graphtext id="nev13716355n1-nev24983367n1">
<caution id="nev13716355n1-0800c8af844a4154">
<ptxt>Make sure that #@#@#19#lled.</ptxt>
</caution>
<note id="nev13716355n1-0800c8af844a4396">
<ptxt>Make sure that #@#@#15#atch.</ptxt>
</note>
<para id="nev13716355n1-nev24983181n32">
<ptxt id="nev13716355n1-nev24983181n33">Remove the screws.</ptxt>
</para>
<para id="nev13716355n1-nev24983181n30">
<ptxt id="nev13716355n1-nev24983181n31">
<torque id="nev13716355n1-nev23774653n6">
<ref id="nev13716355n1-nev23774653n7"/>
</torque>
</ptxt>
</para>
<para id="nev13716355n1-nev24983181n28">
<ptxt id="nev13716355n1-nev24983181n29">Lower to suitab#@#@#5#ight.</ptxt>
</para>
</graphtext>
</grate>
</procstep>
</stepgrp>
<stepgrp boilerplate="false" context="" id="nev13716355n1-nev24983181n27">
<title id="nev13716355n1-0800c8af85785bbc">Transferring co#@#@#3#nents</title>
<procstep id="nev13716355n1-nev23774654n3">
<grate id="nev13716355n1-nev24983181n25">
<graphic id="nev13716355n1-nev24983181n26">
<href>0900c8af86a9098#@#@#9#.jpeg</href>
</graphic>
<graphtext id="nev13716355n1-nev24983374n1">
<para id="nev13716355n1-nev24983181n23">
<ptxt id="nev13716355n1-nev24983181n24">Remove the screws.</ptxt>
</para>
<para id="nev13716355n1-nev24983181n21">
<ptxt id="nev13716355n1-nev24983181n22">
<torque id="nev13716355n1-nev23774655n2">
<ref id="nev13716355n1-nev23774655n3"/>
</torque>
</ptxt>
</para>
<para id="nev13716355n1-nev24983181n19">
<ptxt id="nev13716355n1-nev24983181n20">On both sides.</ptxt>
</para>
</graphtext>
</grate>
</procstep>
<procstep id="nev13716355n1-nev23774655n7">
<grate id="nev13716355n1-nev24983181n17">
<graphic id="nev13716355n1-nev24983181n18">
<href>0900c8af86a9a56#@#@#9#.jpeg</href>
</graphic>
<graphtext id="nev13716355n1-nev24983381n1">
<caution id="nev13716355n1-0800c8af844a4154">
<ptxt>Make sure that #@#@#19#lled.</ptxt>
</caution>
<para id="nev13716355n1-nev24983181n15">
<ptxt id="nev13716355n1-nev24983181n16">Remove the screws.</ptxt>
</para>
<para id="nev13716355n1-nev24983181n13">
<ptxt id="nev13716355n1-nev24983181n14">Remove the mark#@#@#3#part.</ptxt>
</para>
<para id="nev13716355n1-nev24983181n11">
<ptxt id="nev13716355n1-nev24983181n12">
<torque id="nev13716355n1-nev23774657n1">
<ref id="nev13716355n1-nev23774657n2"/>
</torque>
</ptxt>
</para>
</graphtext>
</grate>
</procstep>
<procstep id="nev13716355n1-nev23774657n3">
<title id="nev13716355n1-0800c8af864c7f31">Vehicles with a#@#@#8#nsion</title>
</procstep>
<procstep id="nev13716355n1-nev23774657n5">
<grate id="nev13716355n1-nev24983181n9">
<graphic id="nev13716355n1-nev24983181n10">
<href>0900c8af86a9abc#@#@#9#.jpeg</href>
</graphic>
<graphtext id="nev13716355n1-nev24983388n1">
<para id="nev13716355n1-nev24983181n7">
<ptxt id="nev13716355n1-nev24983181n8">Remove the cabl#@#@#11#lips.</ptxt>
</para>
<para id="nev13716355n1-nev24983181n5">
<ptxt id="nev13716355n1-nev24983181n6">On both sides.</ptxt>
</para>
</graphtext>
</grate>
</procstep>
<procstep id="nev13716355n1-nev23774658n5">
<grate id="nev13716355n1-nev24983181n3">
<graphic id="nev13716355n1-nev24983181n4">
<href>0900c8af86a9abc#@#@#9#.jpeg</href>
</graphic>
<graphtext id="nev13716355n1-nev24983392n1">
<para id="nev13716355n1-nev24983181n1">
<ptxt id="nev13716355n1-nev24983181n2">Loosen the clip.</ptxt>
</para>
</graphtext>
</grate>
</procstep>
<procstep id="nev13716355n1-nev23774659n2">
<grate id="nev13716355n1-nev24983182n99">
<graphic id="nev13716355n1-nev24983182n100">
<href>0900c8af86a9ac3#@#@#9#.jpeg</href>
</graphic>
<graphtext id="nev13716355n1-nev24983396n1">
<para id="nev13716355n1-nev24983182n97">
<ptxt id="nev13716355n1-nev24983182n98">Remove the screws.</ptxt>
</para>
<para id="nev13716355n1-nev24983182n95">
<ptxt id="nev13716355n1-nev24983182n96">
<torque id="nev13716355n1-nev23774660n1">
<ref id="nev13716355n1-nev23774660n2"/>
</torque>
</ptxt>
</para>
<para id="nev13716355n1-nev24983182n93">
<ptxt id="nev13716355n1-nev24983182n94">Remove the mark#@#@#3#part.</ptxt>
</para>
</graphtext>
</grate>
</procstep>
</stepgrp>
<stepgrp boilerplate="false" context="" id="nev13716355n1-nev24983182n92">
<title id="nev13716355n1-0800c8af844a46f9">Installation</title>
<procstep id="nev13716355n1-nev23774660n8">
<para id="nev13716355n1-nev24983182n90">
<ptxt id="nev13716355n1-nev24983182n91">To install, rev#@#@#22#dure.</ptxt>
</para>
</procstep>
</stepgrp>
<stepgrp boilerplate="false" context="" id="nev13716355n1-nev24983182n89">
<title id="nev13716355n1-0800c8af85a77b96">Securing</title>
<procstep id="nev13716355n1-nev23774661n4">
<grate id="nev13716355n1-nev24983182n87">
<graphic id="nev13716355n1-nev24983182n88">
<href>0900c8af869fbcd#@#@#9#.jpeg</href>
</graphic>
<graphtext id="nev13716355n1-nev24983403n1">
<para id="nev13716355n1-nev24983182n85">
<ptxt id="nev13716355n1-nev24983182n86">
<toolitem boilerplate="true" id="nev13716355n1-nev23774662n2" imageid="0900c8af869f154e"/>
</ptxt>
</para>
</graphtext>
</grate>
</procstep>
<procstep id="nev13716355n1-nev24372034n89">
<grate id="nev13716355n1-nev24983182n83">
<graphic id="nev13716355n1-nev24983182n84">
<href>0900c8af86b6bb0#@#@#9#.jpeg</href>
</graphic>
<graphtext id="nev13716355n1-nev24983410n1">
<note id="nev13716355n1-0800c8af844a4321">
<ptxt>Only tighten th#@#@#64#tion.</ptxt>
</note>
</graphtext>
</grate>
</procstep>
<procstep id="nev13716355n1-nev24372673n74">
<para id="nev13716355n1-nev24983182n81">
<ptxt id="nev13716355n1-nev24983182n82">Install upper c#@#@#5#l arm<xref boilerplate="true" id="nev13716355n1-0800c8af86efb4a1">
<ref id="nev13716355n1-nev24372673n71"/>
</xref>
</ptxt>
</para>
</procstep>
<procstep id="nev13716355n1-nev23774662n3">
<title id="nev13716355n1-0800c8af864c7f31">Vehicles with a#@#@#8#nsion</title>
</procstep>
<procstep id="nev13716355n1-nev23774662n5">
<para id="nev13716355n1-nev24983182n79">
<ptxt id="nev13716355n1-nev24983182n80">Fill air spring#@#@#118#rvoir</ptxt>
</para>
</procstep>
<procstep id="nev13716355n1-nev24368956n62">
<para id="nev13716355n1-nev24983182n77">
<ptxt id="nev13716355n1-nev24983182n78">On both sides.</ptxt>
</para>
</procstep>
<procstep id="nev13716355n1-nev23774662n9">
<caution id="nev13716355n1-0800c8af8707c93c">
<ptxt>Make sure that #@#@#52#icle.</ptxt>
</caution>
</procstep>
<procstep id="nev13716355n1-nev23774663n3">
<title id="nev13716355n1-0800c8af844a41e8">All vehicles</title>
</procstep>
<procstep id="nev13716355n1-nev23774663n5">
<para id="nev13716355n1-nev24983182n75">
<ptxt id="nev13716355n1-nev24983182n76">Follow the inst#@#@#26#ngles<xref boilerplate="true" id="nev13716355n1-0800c8af86a9ac8e">
<ref id="nev13716355n1-nev23774663n10"/>
</xref>
</ptxt>
</para>
</procstep>
</stepgrp>
</procedure>
</servinfosub>