<?xml version="1.0" encoding="UTF-8"?><script xmlns:nevis="http://www.volvocars.com/namespaces/processing" xmlns:xlink="http://www.w3.org/1999/xlink" IE-ID="en-US0900c8af851d1713" docno="VCC-417401" id="nev15758167n1" nevis:expl-profile="mdl533yr2011eng216, mdl542yr2011eng216, mdl544yr2011eng216, mdl545yr2011eng216, mdl542yr2011eng226, mdl533yr2011eng226, mdl544yr2011eng226, mdl545yr2011eng226, mdl544yr2012eng216, mdl544yr2012eng226, mdl545yr2012eng216, mdl545yr2012eng226, mdl533yr2012eng226, mdl533yr2012eng216, mdl542yr2012eng226, mdl542yr2012eng216, mdl542yr2013eng216, mdl542yr2013eng226, mdl533yr2013eng216, mdl533yr2013eng226" nevis:profile="urn:x-nevis:profile:0b00c8af84920098 urn:x-nevis:profile:0b00c8af84920103 urn:x-nevis:profile:0b00c8af8492016a urn:x-nevis:profile:0b00c8af849201a6 urn:x-nevis:profile:0b00c8af84bd8927 urn:x-nevis:profile:0b00c8af84e5dcc2 urn:x-nevis:profile:0b00c8af84e5dcf1 urn:x-nevis:profile:0b00c8af84e5dd2b urn:x-nevis:profile:0b00c8af84eb836a urn:x-nevis:profile:0b00c8af84eb843e urn:x-nevis:profile:0b00c8af84eb84dd urn:x-nevis:profile:0b00c8af84eb84df urn:x-nevis:profile:0b00c8af84eb86a7 urn:x-nevis:profile:0b00c8af84eb86ab urn:x-nevis:profile:0b00c8af84ebe923 urn:x-nevis:profile:0b00c8af84ebe924 urn:x-nevis:profile:0b00c8af8520c30c urn:x-nevis:profile:0b00c8af8520c30d urn:x-nevis:profile:0b00c8af852277dc urn:x-nevis:profile:0b00c8af852277dd" nevis:projectdocument="urn:x-nevis:projectdocument:0800c8af84f846c7" nevis:resource="0900c8af851e2804" nevis:resource2="urn:x-nevis:fragment:0900c8af851d1713:0900c8af851e2804#nev15758167n1" nevis:session-id="" qualifierinfotype="14:00" type="" xml:lang="en-US"><title><phrase category="Title" id="nev15758167n2" phrase-urn="urn:x-nevis:phrase:0800c8af8457b61d">Checking the ai#@#@#15#ensor</phrase></title><content gui="1" height="465" id="nev15758167n3-nev15758158n1" nevis:expl-profile="mdl533yr2011eng216, mdl542yr2011eng216, mdl544yr2011eng216, mdl545yr2011eng216, mdl542yr2011eng226, mdl533yr2011eng226, mdl544yr2011eng226, mdl545yr2011eng226, mdl544yr2012eng216, mdl544yr2012eng226, mdl545yr2012eng216, mdl545yr2012eng226, mdl533yr2012eng226, mdl533yr2012eng216, mdl542yr2012eng226, mdl542yr2012eng216, mdl542yr2013eng216, mdl542yr2013eng226, mdl533yr2013eng216, mdl533yr2013eng226" nevis:idfrom="nev15758167n3" nevis:prefix="nev15758167n3" nevis:profile="urn:x-nevis:profile:0b00c8af84920098 urn:x-nevis:profile:0b00c8af84920103 urn:x-nevis:profile:0b00c8af8492016a urn:x-nevis:profile:0b00c8af849201a6 urn:x-nevis:profile:0b00c8af84bd8927 urn:x-nevis:profile:0b00c8af84e5dcc2 urn:x-nevis:profile:0b00c8af84e5dcf1 urn:x-nevis:profile:0b00c8af84e5dd2b urn:x-nevis:profile:0b00c8af84eb836a urn:x-nevis:profile:0b00c8af84eb843e urn:x-nevis:profile:0b00c8af84eb84dd urn:x-nevis:profile:0b00c8af84eb84df urn:x-nevis:profile:0b00c8af84eb86a7 urn:x-nevis:profile:0b00c8af84eb86ab urn:x-nevis:profile:0b00c8af84ebe923 urn:x-nevis:profile:0b00c8af84ebe924 urn:x-nevis:profile:0b00c8af8520c30c urn:x-nevis:profile:0b00c8af8520c30d urn:x-nevis:profile:0b00c8af852277dc urn:x-nevis:profile:0b00c8af852277dd" nevis:resource="0900c8af851e2806" nevis:resource2="urn:x-nevis:fragment:0900c8af851d1713:0900c8af851e2806#nev15758158n1" width="735" xml:lang="en-US"><nodes id="nev15758167n3-nev16462200n1"><node class="Components.StartNode" id="nev15758167n3-nev16462201n1" nodeid="Start" x="27" y="204"/><node class="Components.InfoDisplay" id="nev15758167n3-nev16462202n1" nodeid="InfoDisplay1" x="249" y="47"><gui height="390" id="nev15758167n3-nev16462203n1" width="350" x="5" y="10"/><property class="String" id="nev15758167n3-nev16462204n1" name="Content" type="In" value="" visible="1"/><extension id="nev15758167n3-nev16462205n1"><para id="nev15758167n3-nev15758158n10"><phrase category="Faulttracing" id="nev15758167n3-nev15758159n1" phrase-urn="urn:x-nevis:phrase:0800c8af845dfa1e">The engine shou#@#@#45#rted.</phrase><phrase category="Faulttracing" id="nev15758167n3-nev15758159n2" phrase-urn="urn:x-nevis:phrase:0800c8af845df2b7">To start readin#@#@#9#tart.</phrase><phrase category="Faulttracing" id="nev15758167n3-nev15758159n3" phrase-urn="urn:x-nevis:phrase:0800c8af845d69e9">To stop reading#@#@#17#tton.</phrase><phrase category="Faulttracing" id="nev15758167n3-nev15758159n4" phrase-urn="urn:x-nevis:phrase:0800c8af845d6a10">The temperature#@#@#39#ight.</phrase><phrase category="Faulttracing" id="nev15758167n3-nev15758159n5" phrase-urn="urn:x-nevis:phrase:0800c8af845d6a17">The current tem#@#@#52#raph.</phrase></para><para id="nev15758167n3-nev15758159n6"/><b id="nev15758167n3-nev15758159n7"><phrase category="Faulttracing" id="nev15758167n3-nev15758159n8" phrase-urn="urn:x-nevis:phrase:0800c8af81c96026">Note!</phrase><phrase category="Faulttracing" id="nev15758167n3-nev15758159n9" phrase-urn="urn:x-nevis:phrase:0800c8af845e0377">During a cold s#@#@#160#arm).</phrase></b></extension></node><node class="Components.ScriptButton" id="nev15758167n3-nev16462206n1" nodeid="Button1" x="122" y="283"><gui height="23" id="nev15758167n3-nev16462207n1" width="75" x="645" y="410"/><property class="String" id="nev15758167n3-nev16462208n1" name="Text" type="In" value="" visible="1"/><property class="String" id="nev15758167n3-nev16462209n1" name="StartDisabled" type="Internal" value="false" visible="1"/><property class="String" id="nev15758167n3-nev16462210n1" name="StartVisible" type="Internal" value="true" visible="1"/><extension id="nev15758167n3-nev16462211n1"><phrase category="Faulttracing" id="nev15758167n3-nev15758160n6" phrase-urn="urn:x-nevis:phrase:0800c8af8178a390">Exit</phrase></extension></node><node class="Components.ScriptComponent" id="nev15758167n3-nev16462212n1" nodeid="Script1" x="345" y="505"/><node class="Components.ScriptPlotter" id="nev15758167n3-nev16462213n1" nodeid="Plotter1" x="593" y="83"><gui height="295" id="nev15758167n3-nev16462214n1" width="360" x="365" y="35"/><property class="String" id="nev15758167n3-nev16462215n1" name="AutoStart" type="Internal" value="False" visible="0"/><property class="String" id="nev15758167n3-nev16462216n1" name="Locked" type="Internal" value="false" visible="0"/><property class="String" id="nev15758167n3-nev16462217n1" name="AutoScale" type="Internal" value="True" visible="0"/><extension id="nev15758167n3-nev16462218n1"><identifier ecu="284101" ecuMode="EcuType" id="nev15758167n3-nev16462219n1" read="100" type="REID" value="D91C"><parameter flags="A" id="nev15758167n3-nev16462220n1" name="Intake air temperature MAF" textid="75998"/></identifier></extension></node><node class="Components.IdentifierComponent" id="nev15758167n3-nev16462221n1" nodeid="Parameter1" x="535" y="227"><property class="Parameter" id="nev15758167n3-nev16462222n1" name="Intake air temperature (MAF)" type="Out" value="" visible="1"/><extension id="nev15758167n3-nev16462223n1"><identifier ecu="284101" ecuMode="EcuType" id="nev15758167n3-nev16462224n1" read="100" type="REID" value="F40F"><parameter id="nev15758167n3-nev16462225n1" name="Intake air temperature (MAF)" textid="75998"/></identifier></extension></node><node class="Components.Repeater" id="nev15758167n3-nev16462226n1" nodeid="Repeater1" x="345" y="273"><property class="Int" id="nev15758167n3-nev16462227n1" name="Wait" type="Internal" value="500" visible="1"/><property class="Int" id="nev15758167n3-nev16462228n1" name="NoOfRepeats" type="Internal" value="0" visible="1"/></node><node class="Components.Gui.ParameterLabel" id="nev15758167n3-nev16462229n1" nodeid="ParameterLabel1" x="788" y="234"><gui height="70" id="nev15758167n3-nev16462230n1" width="355" x="365" y="330"/><property class="Parameter" id="nev15758167n3-nev16462231n1" name="Parameter" type="In" value="" visible="1"/><property class="String" id="nev15758167n3-nev16462232n1" name="Title" type="In" value="" visible="1"/><property class="String" id="nev15758167n3-nev16462233n1" name="Value" type="In" value="" visible="1"/><property class="String" id="nev15758167n3-nev16462234n1" name="Unit" type="In" value="" visible="1"/><property class="String" id="nev15758167n3-nev16462235n1" name="StartVisible" type="Internal" value="true" visible="0"/></node><node class="Components.Constant" id="nev15758167n3-nev16462236n1" nodeid="Constant1" x="585" y="506"><property class="String" id="nev15758167n3-nev16462237n1" name="Text" type="Out" value="Styrenheten kan inte utföra tjänsten!" visible="1"/><extension id="nev15758167n3-nev16462238n1"><text id="nev15758167n3-nev15758163n4" type="nevis"><phrase category="Faulttracing" id="nev15758167n3-nev15758163n5" phrase-urn="urn:x-nevis:phrase:0800c8af83456523">The control mod#@#@#25#task!</phrase></text></extension></node><node class="Components.Constant" id="nev15758167n3-nev16462239n1" nodeid="Constant2" x="576" y="640"><property class="String" id="nev15758167n3-nev16462240n1" name="Text" type="Out" value="Ingen kontakt med fordonet!" visible="1"/><extension id="nev15758167n3-nev16462241n1"><text id="nev15758167n3-nev15758163n9" type="nevis"><phrase category="Faulttracing" id="nev15758167n3-nev15758163n10" phrase-urn="urn:x-nevis:phrase:0800c8af834c1f57">No contact with#@#@#4#icle!</phrase></text></extension></node><node class="Components.ScriptLabel" id="nev15758167n3-nev16462242n1" nodeid="Label1" x="835" y="410"><gui height="40" id="nev15758167n3-nev16462243n1" width="360" x="365" y="10"/><property class="String" id="nev15758167n3-nev16462244n1" name="Text" type="In" value="" visible="1"/><property class="Parameter" id="nev15758167n3-nev16462245n1" name="Parameter" type="In" value="" visible="1"/></node></nodes><handlers id="nev15758167n3-nev16462246n1"><eventhandler id="nev15758167n3-nev16462247n1" name="OnStart" node="Start"><call id="nev15758167n3-nev16462248n1" method="Enable" node="Button1"/><call id="nev15758167n3-nev16462249n1" method="UpdateTitles" node="Parameter1"/><call id="nev15758167n3-nev16462250n1" method="Start" node="Repeater1"/></eventhandler><eventhandler id="nev15758167n3-nev16462251n1" name="Click" node="Button1"><call id="nev15758167n3-nev16462252n1" method="Stop" node="Repeater1"/><call id="nev15758167n3-nev16462253n1" method="CloseDialog" node="Script1"/></eventhandler><eventhandler id="nev15758167n3-nev16462254n1" name="OnRepeat" node="Repeater1"><call id="nev15758167n3-nev16462255n1" method="Read" node="Parameter1"/></eventhandler><eventhandler id="nev15758167n3-nev16462256n1" name="OnNoResponse" node="Script1"><call id="nev15758167n3-nev16462257n1" method="Trigger" node="Constant1"/></eventhandler><eventhandler id="nev15758167n3-nev16462258n1" name="OnNegativeResponse" node="Script1"><call id="nev15758167n3-nev16462259n1" method="Trigger" node="Constant1"/></eventhandler><eventhandler id="nev15758167n3-nev16462260n1" name="OnNoContact" node="Script1"><call id="nev15758167n3-nev16462261n1" method="Trigger" node="Constant2"/></eventhandler><propertyhandler id="nev15758167n3-nev16462262n1" name="Text" node="Constant2"><set id="nev15758167n3-nev16462263n1" node="Label1" property="Text"/></propertyhandler><propertyhandler id="nev15758167n3-nev16462264n1" name="Text" node="Constant1"><set id="nev15758167n3-nev16462265n1" node="Label1" property="Text"/></propertyhandler><propertyhandler id="nev15758167n3-nev16462266n1" name="Intake air temperature (MAF)" node="Parameter1"><set id="nev15758167n3-nev16462267n1" node="ParameterLabel1" property="Parameter"/></propertyhandler></handlers></content></script>