<?xml version="1.0" encoding="UTF-8"?><servinfosub IE-ID="en-US0900c8af835f3713" docno="VCC-292358" id="nev11803172n1" xml:lang="en-US">
<title>
<phrase category="Title" id="nev11803172n2" phrase-urn="urn:x-nevis:phrase:0800c8af81eb9a59">Fault-tracing</phrase>
</title>
<diagnostic j2008use="1" layout="0" paperuse="1" screenuse="1" type="test">
<testgrp IE-ID="en-US0900c8af835f3713_nev11803172n3" id="nev11803172n3" j2008use="1" paperuse="1" resumable="1" screenuse="1" testgrp-id="statusnod" x="100" y="40">
<title>
<phrase category="" id="nev11803172n4" phrase-urn="urn:x-nevis:phrase:0800c8af82726857">Checking the status</phrase>
</title>
<node>
<test1>
<diaglist>
<dgraphic>
<dgraphic1>
<graphic id="nev11803172n5">
<href>0900c8af80054d3#@#@#9#.jpeg</href>
</graphic>
</dgraphic1>
</dgraphic>
<ditem>
<ptxt>
<phrase category="" id="nev11803172n6" phrase-urn="urn:x-nevis:phrase:0800c8af82726858">Start the engine.</phrase>
</ptxt>
</ditem>
<ditem>
<ptxt>
<phrase category="" id="nev11803172n7" phrase-urn="urn:x-nevis:phrase:0800c8af82726859">A/C on.</phrase>
</ptxt>
</ditem>
</diaglist>
<test2>
<para>
<ptxt>
<phrase category="" id="nev11803172n8" phrase-urn="urn:x-nevis:phrase:0800c8af8272685a">Read the diagno#@#@#111#list.</phrase>
</ptxt>
</para>
<para>
<ptxt>
<phrase category="" id="nev11803172n9" phrase-urn="urn:x-nevis:phrase:0800c8af8272685b">Check if the ma#@#@#131#ed”. </phrase>
</ptxt>
</para>
<para>
<ptxt>
<phrase category="" id="nev11803172n10" phrase-urn="urn:x-nevis:phrase:0800c8af8272685c">If the trouble #@#@#202# now.</phrase>
</ptxt>
</para>
<note>
<ptxt>
<phrase category="" id="nev11803173n1" phrase-urn="urn:x-nevis:phrase:0800c8af8272685d">Trouble status #@#@#84#ycle.</phrase>
</ptxt>
</note>
<diaglist>
<dgraphic>
<dgraphic2>
<graphic id="nev11803173n2">
<href>0900c8af86c8681#@#@#9#.jpeg</href>
</graphic>
<smarttool active="press" id="l1142946149761"/>
</dgraphic2>
</dgraphic>
</diaglist>
<grate>
<graphic id="nev11803173n4">
<href>0900c8af81d9aef#@#@#9#.jpeg</href>
</graphic>
</grate>
</test2>
</test1>
<question>
Select Continue.
</question>
<resact-grp>
<result button="cont" comp="button" highlight="0" text=""/>
<action j2008use="1" paperuse="1" screenuse="1">
<ptxt>
<xref>
<ref id="nev11803173n6"/>
</xref>
</ptxt>
</action>
</resact-grp>
</node>
</testgrp>
<testgrp id="nev11803173n7" j2008use="1" paperuse="1" resumable="1" screenuse="1" testgrp-id="node1" x="100" y="180">
<title>
<phrase category="" id="nev11803173n8" phrase-urn="urn:x-nevis:phrase:0800c8af82726861">Replacing the c#@#@#3#onent</phrase>
</title>
<node>
<test1>
<test2>
<para>
<ptxt>
<phrase category="" id="nev11803173n9" phrase-urn="urn:x-nevis:phrase:0800c8af82726862">Engine control #@#@#64#ged. </phrase>
</ptxt>
</para>
<para>
<ptxt>
<phrase category="" id="nev11803173n10" phrase-urn="urn:x-nevis:phrase:0800c8af82726863">If the malfunct#@#@#355#asis.</phrase>
</ptxt>
</para>
<para>
<ptxt>
<phrase category="" id="nev11803174n1" phrase-urn="urn:x-nevis:phrase:0800c8af82726865">Remedy as necessary.</phrase>
</ptxt>
</para>
<list1 enumtype="d" type="unordered">
<title>
<phrase category="" id="nev11803174n2" phrase-urn="urn:x-nevis:phrase:0800c8af82726866">Other information</phrase>
</title>
<item>
<ptxt>
<xref id="nev12051121n100">
<ref id="nev11803174n4"/>
</xref>
</ptxt>
</item>
<item>
<ptxt>
<xref id="nev12051121n98">
<ref id="nev11803174n6"/>
</xref>
</ptxt>
</item>
<item>
<ptxt>
<xref id="nev11803174n7">
<ref id="nev11803174n8"/>
</xref>
</ptxt>
</item>
<item>
<ptxt>
<xref id="nev11803174n9">
<ref id="nev11803174n10"/>
</xref>
</ptxt>
</item>
</list1>
<grate>
<graphic id="nev11803175n1">
<href>0900c8af81d9aef#@#@#9#.jpeg</href>
</graphic>
</grate>
</test2>
</test1>
<question>
Select Continue.
</question>
<resact-grp>
<result button="cont" comp="button" highlight="0"/>
<action id="nev11803175n3" j2008use="1" paperuse="0" screenuse="1">
<ptxt id="nev11803175n4">
<xref id="nev11803175n5">
<ref id="nev11803175n6"/>
</xref>
</ptxt>
</action>
</resact-grp>
</node>
</testgrp>
<testgrp id="nev11803175n7" j2008use="1" paperuse="0" resumable="1" screenuse="1" testgrp-id="info1" x="100" y="420">
<title>
<phrase category="" id="nev11803175n8" phrase-urn="urn:x-nevis:phrase:0800c8af8272686d">Troubleshooting#@#@#7#ation</phrase>
</title>
<subcalloutnode>
<diagcallout>
<xref>
<ref id="nev11803175n9"/>
</xref>
</diagcallout>
<rescall-grp>
<result comp="string" highlight="0" op="eq" return="FAULTTRACING FAILED"/>
<calloutaction>
<return value="FAULTTRACING FAILED"/>
</calloutaction>
</rescall-grp>
<rescall-grp>
<result comp="string" highlight="0" op="eq" return="NEW TRY"/>
<calloutaction>
<ptxt>
<xref>
<ref id="nev11803175n10"/>
</xref>
</ptxt>
</calloutaction>
</rescall-grp>
</subcalloutnode>
</testgrp>
<testgrp id="nev11803176n1" j2008use="1" paperuse="0" resumable="1" screenuse="1" testgrp-id="veria" x="100" y="320">
<title id="nev11803176n2">
<phrase category="Title" id="nev11803176n3" phrase-urn="urn:x-nevis:phrase:0800c8af81eb9dd1">Verification</phrase>
</title>
<subcalloutnode id="nev11803176n4">
<diagcallout id="nev11803176n5">
<xref id="nev11803176n6">
<ref id="nev11803176n7"/>
</xref>
</diagcallout>
<rescall-grp id="nev11803176n8">
<result comp="string" highlight="0" id="nev11803176n9" op="eq" return="VERIFICATION FAILED"/>
<calloutaction id="nev11803176n10">
<ptxt id="nev11803177n1">
<xref id="nev11803177n2">
<ref id="nev11803177n3"/>
</xref>
</ptxt>
</calloutaction>
</rescall-grp>
<rescall-grp id="nev11803177n4">
<result comp="string" highlight="0" id="nev11803177n5" op="eq" return="VERIFIED"/>
<calloutaction id="nev11803177n6">
<return id="nev11803177n7" value="FAULT FOUND"/>
</calloutaction>
</rescall-grp>
</subcalloutnode>
</testgrp>
</diagnostic>
</servinfosub>