<?xml version="1.0" encoding="UTF-8"?><servinfosub IE-ID="en-US0900c8af80116406" docno="VCC-107217" id="KC01210710" xml:lang="en-US">
<title>
<phrase category="" id="KC06067904" phrase-urn="urn:x-nevis:phrase:0800c8af8172f2ab">Faulty control</phrase>
</title>
<diagnostic type="test">
<testgrp IE-ID="en-US0900c8af80116406_KC01210711" id="KC01210711" j2008use="1" paperuse="1" resumable="1" screenuse="1" testgrp-id="node1" x="120" y="80">
<title>
<phrase category="" id="KC06067905" phrase-urn="urn:x-nevis:phrase:0800c8af8172f2ac">Checking component</phrase>
</title>
<node>
<test1>
<test2>
<para>
<ptxt>
<phrase category="" id="KC06067906" phrase-urn="urn:x-nevis:phrase:0800c8af8172f2ad"> Check camshaft#@#@#78#g to <xref>
<ref id="KC06067907"/>
</xref>
</phrase>
</ptxt>
</para>
<para>
<ptxt>
<phrase category="" id="KC06067908" phrase-urn="urn:x-nevis:phrase:0800c8af8172f2ae">Remedy as necessary</phrase>
</ptxt>
</para>
<list1 enumtype="d" type="unordered">
<title>
<phrase category="" id="KC06067909" phrase-urn="urn:x-nevis:phrase:0800c8af8172f2af">Other information:</phrase>
</title>
<item>
<ptxt>
<phrase category="" id="KC06067910" phrase-urn="urn:x-nevis:phrase:0800c8af8172f2b0">For the camshaf#@#@#35# see <xref>
<ref id="KC06067911"/>
</xref>.</phrase>
</ptxt>
</item>
<item>
<ptxt>
<phrase category="" id="KC06067912" phrase-urn="urn:x-nevis:phrase:0800c8af8172f2b1">To access/repla#@#@#38# see <xref>
<ref id="KC06067913"/>
</xref>. </phrase>
</ptxt>
</item>
<item>
<ptxt>
<phrase category="" id="KC06067914" phrase-urn="urn:x-nevis:phrase:0800c8af8172f2b2">For information#@#@#15# see <xref>
<ref id="KC06067915"/>
</xref>. </phrase>
</ptxt>
</item>
</list1>
<diaglist>
<dgraphic>
<dgraphic1>
<graphic id="KC06067916">
<href>0900c8af80058a0#@#@#9#.jpeg</href>
</graphic>
</dgraphic1>
</dgraphic>
</diaglist>
<grate>
<graphic id="KC06067917">
<href>0900c8af80057a3#@#@#9#.jpeg</href>
</graphic>
</grate>
</test2>
</test1>
<question/>
<resact-grp>
<result button="cont" comp="button" highlight="0"/>
<action j2008use="1" paperuse="1" screenuse="1">
<ptxt>
<xref>
<ref id="KC06067918"/>
</xref>
</ptxt>
</action>
</resact-grp>
</node>
</testgrp>
<testgrp id="KC01210712" j2008use="1" paperuse="1" resumable="1" screenuse="1" testgrp-id="veria" x="120" y="200">
<title>
<phrase category="" id="KC06067919" phrase-urn="urn:x-nevis:phrase:0800c8af8172f2b3">Verification</phrase>
</title>
<subcalloutnode>
<diagcallout>
<xref>
<ref id="KC06067920"/>
</xref>
</diagcallout>
<rescall-grp>
<result comp="string" highlight="0" op="eq" return="VERIFIED"/>
<calloutaction>
<return value="FAULT FOUND"/>
</calloutaction>
</rescall-grp>
<rescall-grp>
<result comp="string" highlight="0" op="eq" return="VERIFICATION FAILED"/>
<calloutaction>
<ptxt>
<xref>
<ref id="KC06067921"/>
</xref>
</ptxt>
</calloutaction>
</rescall-grp>
</subcalloutnode>
</testgrp>
<testgrp id="KC01210713" j2008use="1" paperuse="0" resumable="1" screenuse="1" testgrp-id="info1" x="360" y="200">
<title>
<phrase category="" id="KC06067922" phrase-urn="urn:x-nevis:phrase:0800c8af8172f2b4">Fault-tracing i#@#@#5#ation</phrase>
</title>
<subcalloutnode>
<diagcallout>
<xref>
<ref id="KC06067923"/>
</xref>
</diagcallout>
<rescall-grp>
<result comp="string" highlight="0" op="eq" return="FAULTTRACING FAILED"/>
<calloutaction>
<return value="FAULTTRACING FAILED"/>
</calloutaction>
</rescall-grp>
<rescall-grp>
<result comp="string" highlight="0" op="eq" return="NEW TRY"/>
<calloutaction>
<ptxt>
<xref>
<ref id="KC06067924"/>
</xref>
</ptxt>
</calloutaction>
</rescall-grp>
</subcalloutnode>
</testgrp>
</diagnostic>
</servinfosub>