<?xml version="1.0" encoding="UTF-8"?><script xmlns:nevis="http://www.volvocars.com/namespaces/processing" xmlns:xlink="http://www.w3.org/1999/xlink" IE-ID="en-US0900c8af8408e406" docno="VCC-309027" id="nev12325905n1" nevis:expl-profile="mdl542yr2006, mdl542yr2007, mdl542yr2008, mdl542yr2009, mdl542yr2010, mdl542yr2011, mdl542yr2012, mdl542yr2013" nevis:profile="urn:x-nevis:profile:0b00c8af817ac33f urn:x-nevis:profile:0b00c8af82e3ac56 urn:x-nevis:profile:0b00c8af83affa46 urn:x-nevis:profile:0b00c8af83f1ad9d urn:x-nevis:profile:0b00c8af8415509d urn:x-nevis:profile:0b00c8af847139e4 urn:x-nevis:profile:0b00c8af84eb8113 urn:x-nevis:profile:0b00c8af8520c261" nevis:projectdocument="urn:x-nevis:projectdocument:0800c8af83a2a61b" nevis:resource="0900c8af8408e413" nevis:resource2="urn:x-nevis:fragment:0900c8af8408e406:0900c8af8408e413#nev12325905n1" nevis:session-id="" qualifierinfotype="14:00" type="" xml:lang="en-US"><title><phrase category="Title" id="nev12575900n1" phrase-urn="urn:x-nevis:phrase:0800c8af81eb9dbc">Reading off dia#@#@#7# data</phrase></title><content gui="1" height="680" id="nev12325906n1-nev12325905n3" nevis:expl-profile="mdl542yr2006, mdl542yr2007, mdl542yr2008, mdl542yr2009, mdl542yr2010, mdl542yr2011, mdl542yr2012, mdl542yr2013" nevis:idfrom="nev12325906n1" nevis:prefix="nev12325906n1" nevis:profile="urn:x-nevis:profile:0b00c8af817ac33f urn:x-nevis:profile:0b00c8af82e3ac56 urn:x-nevis:profile:0b00c8af83affa46 urn:x-nevis:profile:0b00c8af83f1ad9d urn:x-nevis:profile:0b00c8af8415509d urn:x-nevis:profile:0b00c8af847139e4 urn:x-nevis:profile:0b00c8af84eb8113 urn:x-nevis:profile:0b00c8af8520c261" nevis:resource="0900c8af8408e411" nevis:resource2="urn:x-nevis:fragment:0900c8af8408e406:0900c8af8408e411#nev12325905n3" width="920" xml:lang="en-US"><nodes id="nev12325906n1-nev13100726n1"><node class="Components.StartNode" id="nev12325906n1-nev13100727n1" nodeid="Start" x="20" y="298"/><node class="Components.ScriptComponent" id="nev12325906n1-nev13100728n1" nodeid="Script1" x="802" y="144"/><node class="Components.Gui.ParameterList" id="nev12325906n1-nev13100729n1" nodeid="BackCalibratedSensorvalues" x="189" y="429"><gui height="265" id="nev12325906n1-nev13100730n1" width="290" x="20" y="55"/><property class="String" id="nev12325906n1-nev13100731n1" name="ShowValues" type="Internal" value="True" visible="0"/><property class="Parameter" id="nev12325906n1-nev13100732n1" name="Parameter" type="Out" value="" visible="1"/><property class="String" id="nev12325906n1-nev13100733n1" name="StartVisible" type="Internal" value="true" visible="1"/><extension id="nev12325906n1-nev13100734n1"><identifier ecu="836901" ecuMode="EcuType" id="nev12325906n1-nev13100735n1" read="2" type="BLOFF" value="08"><parameter id="nev12325906n1-nev13100736n1" name="Lägesgivare gränser (0)" textid="1002220"/><parameter id="nev12325906n1-nev13100737n1" name="Lägesgivare gränser (1)" textid="1002221"/><parameter id="nev12325906n1-nev13100738n1" name="Lägesgivare gränser (2)" textid="1002222"/><parameter id="nev12325906n1-nev13100739n1" name="Lägesgivare gränser (3)" textid="1002223"/><parameter id="nev12325906n1-nev13100740n1" name="Lägesgivare gränser (4)" textid="1002224"/><parameter id="nev12325906n1-nev13100741n1" name="Lägesgivare gränser (5)" textid="1002225"/><parameter id="nev12325906n1-nev13100742n1" name="Lägesgivare gränser (6)" textid="1002226"/><parameter id="nev12325906n1-nev13100743n1" name="Lägesgivare gränser (7)" textid="1002227"/><parameter id="nev12325906n1-nev13100744n1" name="Lägesgivare gränser (8)" textid="1002228"/><parameter id="nev12325906n1-nev13100745n1" name="Lägesgivare gränser (9)" textid="1002230"/><parameter id="nev12325906n1-nev13100746n1" name="Lägesgivare gränser (10)" textid="1002231"/></identifier></extension></node><node class="Components.Gui.ParameterList" id="nev12325906n1-nev13100747n1" nodeid="FrontCalibratedSensorvalues" x="185" y="646"><gui height="265" id="nev12325906n1-nev13100748n1" width="290" x="335" y="55"/><property class="String" id="nev12325906n1-nev13100749n1" name="ShowValues" type="Internal" value="True" visible="0"/><property class="Parameter" id="nev12325906n1-nev13100750n1" name="Parameter" type="Out" value="" visible="1"/><property class="String" id="nev12325906n1-nev13100751n1" name="StartVisible" type="Internal" value="true" visible="1"/><extension id="nev12325906n1-nev13100752n1"><identifier ecu="836901" ecuMode="EcuType" id="nev12325906n1-nev13100753n1" read="2" type="BLOFF" value="09"><parameter id="nev12325906n1-nev13100754n1" name="Position encoder limits (0)" textid="1002220"/><parameter id="nev12325906n1-nev13100755n1" name="Position encoder limits (1)" textid="1002221"/><parameter id="nev12325906n1-nev13100756n1" name="Position encoder limits (2)" textid="1002222"/><parameter id="nev12325906n1-nev13100757n1" name="Position encoder limits (3)" textid="1002223"/><parameter id="nev12325906n1-nev13100758n1" name="Position encoder limits (4)" textid="1002224"/><parameter id="nev12325906n1-nev13100759n1" name="Position encoder limits (5)" textid="1002225"/><parameter id="nev12325906n1-nev13100760n1" name="Position encoder limits (6)" textid="1002226"/><parameter id="nev12325906n1-nev13100761n1" name="Position encoder limits (7)" textid="1002227"/><parameter id="nev12325906n1-nev13100762n1" name="Position encoder limits (8)" textid="1002228"/></identifier></extension></node><node class="Components.Gui.ParameterList" id="nev12325906n1-nev13100763n1" nodeid="HallsensorStatus" x="362" y="241"><gui height="265" id="nev12325906n1-nev13100764n1" width="240" x="655" y="55"/><property class="String" id="nev12325906n1-nev13100765n1" name="ShowValues" type="Internal" value="True" visible="0"/><property class="Parameter" id="nev12325906n1-nev13100766n1" name="Parameter" type="Out" value="" visible="1"/><property class="String" id="nev12325906n1-nev13100767n1" name="StartVisible" type="Internal" value="true" visible="1"/><extension id="nev12325906n1-nev13100768n1"><identifier ecu="836901" ecuMode="EcuType" id="nev12325906n1-nev13100769n1" read="4" type="REID" value="71A1"><parameter id="nev12325906n1-nev13100770n1" name="Hallsensor 1" textid="92025"/></identifier><identifier ecu="836901" ecuMode="EcuType" id="nev12325906n1-nev13100771n1" read="4" type="REID" value="71A2"><parameter id="nev12325906n1-nev13100772n1" name="Hallsensor 5" textid="92026"/></identifier><identifier ecu="836901" ecuMode="EcuType" id="nev12325906n1-nev13100773n1" read="4" type="REID" value="71A3"><parameter id="nev12325906n1-nev13100774n1" name="Hallsensor 3" textid="92027"/></identifier><identifier ecu="836901" ecuMode="EcuType" id="nev12325906n1-nev13100775n1" read="4" type="REID" value="71A6"><parameter id="nev12325906n1-nev13100776n1" name="Hallsensor 6" textid="92028"/></identifier><identifier ecu="836901" ecuMode="EcuType" id="nev12325906n1-nev13100777n1" read="4" type="REID" value="71A7"><parameter id="nev12325906n1-nev13100778n1" name="Hallsensor 7" textid="92029"/></identifier><identifier ecu="836901" ecuMode="EcuType" id="nev12325906n1-nev13100779n1" read="4" type="REID" value="71A8"><parameter id="nev12325906n1-nev13100780n1" name="Hallsensor 19" textid="92030"/></identifier><identifier ecu="836901" ecuMode="EcuType" id="nev12325906n1-nev13100781n1" read="4" type="REID" value="71A9"><parameter id="nev12325906n1-nev13100782n1" name="Hallsensor 9" textid="92031"/></identifier><identifier ecu="836901" ecuMode="EcuType" id="nev12325906n1-nev13100783n1" read="4" type="REID" value="71B0"><parameter id="nev12325906n1-nev13100784n1" name="Hallsensor 10" textid="92032"/></identifier><identifier ecu="836901" ecuMode="EcuType" id="nev12325906n1-nev13100785n1" read="4" type="REID" value="71B1"><parameter id="nev12325906n1-nev13100786n1" name="Hallsensor 11" textid="92033"/></identifier><identifier ecu="836901" ecuMode="EcuType" id="nev12325906n1-nev13100787n1" read="4" type="REID" value="71B2"><parameter id="nev12325906n1-nev13100788n1" name="Hallsensor 12" textid="92034"/></identifier><identifier ecu="836901" ecuMode="EcuType" id="nev12325906n1-nev13100789n1" read="4" type="REID" value="71B3"><parameter id="nev12325906n1-nev13100790n1" name="Hallsensor 13" textid="92035"/></identifier><identifier ecu="836901" ecuMode="EcuType" id="nev12325906n1-nev13100791n1" read="4" type="REID" value="71B4"><parameter id="nev12325906n1-nev13100792n1" name="Hallsensor 18" textid="92036"/></identifier><identifier ecu="836901" ecuMode="EcuType" id="nev12325906n1-nev13100793n1" read="4" type="REID" value="71B5"><parameter id="nev12325906n1-nev13100794n1" name="Hallsensor 15" textid="92037"/></identifier><identifier ecu="836901" ecuMode="EcuType" id="nev12325906n1-nev13100795n1" read="4" type="REID" value="71B6"><parameter id="nev12325906n1-nev13100796n1" name="Hallsensor 16" textid="92038"/></identifier></extension></node><node class="Components.ScriptButton" id="nev12325906n1-nev13100797n1" nodeid="Button1" x="646" y="40"><gui height="60" id="nev12325906n1-nev13100798n1" width="695" x="120" y="580"/><property class="String" id="nev12325906n1-nev13100799n1" name="Text" type="In" value="" visible="1"/><property class="String" id="nev12325906n1-nev13100800n1" name="StartDisabled" type="Internal" value="false" visible="1"/><property class="String" id="nev12325906n1-nev13100801n1" name="StartVisible" type="Internal" value="true" visible="1"/><extension id="nev12325906n1-nev13100802n1"><phrase category="Faulttracing" id="nev12325906n1-nev13009065n1" phrase-urn="urn:x-nevis:phrase:0800c8af81b6b138">Hide</phrase></extension></node><node class="Components.Gui.ParameterList" id="nev12325906n1-nev13100803n1" nodeid="ParameterList1" x="184" y="11"><gui height="180" id="nev12325906n1-nev13100804n1" width="870" x="20" y="380"/><property class="String" id="nev12325906n1-nev13100805n1" name="ShowValues" type="Internal" value="True" visible="0"/><property class="Parameter" id="nev12325906n1-nev13100806n1" name="Parameter" type="Out" value="" visible="1"/><property class="String" id="nev12325906n1-nev13100807n1" name="StartVisible" type="Internal" value="true" visible="1"/><extension id="nev12325906n1-nev13100808n1"><identifier ecu="836901" ecuMode="EcuType" id="nev12325906n1-nev13100809n1" read="4" type="REID" value="70D1"><parameter id="nev12325906n1-nev13100810n1" name="Lägesgivare 2, bakre takdel" textid="86093"/></identifier><identifier ecu="836901" ecuMode="EcuType" id="nev12325906n1-nev13100811n1" read="4" type="REID" value="71D1"><parameter id="nev12325906n1-nev13100812n1" name="Lägesgivare 2, bakre takdel" textid="86093"/></identifier><identifier ecu="836901" ecuMode="EcuType" id="nev12325906n1-nev13100813n1" read="4" type="REID" value="71D2"><parameter id="nev12325906n1-nev13100814n1" name="Lägesgivare 17, främre takdel" textid="86092"/></identifier><identifier ecu="836901" ecuMode="EcuType" id="nev12325906n1-nev13100815n1" read="4" type="REID" value="70D2"><parameter id="nev12325906n1-nev13100816n1" name="Lägesgivare 17, främre takdel" textid="86092"/></identifier><identifier ecu="836901" ecuMode="EcuType" id="nev12325906n1-nev13100817n1" read="4" type="REID" value="A000"><parameter id="nev12325906n1-nev13100818n1" name="Senaste aktiverade rörelsen" textid="1005514"/></identifier><identifier ecu="836901" ecuMode="EcuType" id="nev12325906n1-nev13100819n1" read="4" type="REID" value="A001"><parameter id="nev12325906n1-nev13100820n1" name="Senast stoppade eller ej påbörjade rörelse" textid="1005604"/></identifier><identifier ecu="836901" ecuMode="EcuType" id="nev12325906n1-nev13100821n1" read="4" type="REID" value="A002"><parameter id="nev12325906n1-nev13100822n1" name="Ej uppfyllt villkor" textid="1005606"/></identifier><identifier ecu="836901" ecuMode="EcuType" id="nev12325906n1-nev13100823n1" read="4" type="REID" value="A003"><parameter id="nev12325906n1-nev13100824n1" name="Felaktig komponent" textid="1005607"/></identifier></extension></node><node class="Components.ScriptLabel" id="nev12325906n1-nev13100825n1" nodeid="Label1" x="461" y="108"><gui height="20" id="nev12325906n1-nev13100826n1" width="525" x="25" y="350"/><property class="String" id="nev12325906n1-nev13100827n1" name="Text" type="In" value="" visible="1"/><property class="Parameter" id="nev12325906n1-nev13100828n1" name="Parameter" type="In" value="" visible="1"/></node><node class="Components.ScriptLabel" id="nev12325906n1-nev13100829n1" nodeid="ScriptLabel1" x="695" y="318"><gui height="20" id="nev12325906n1-nev13100830n1" width="240" x="655" y="25"/><property class="String" id="nev12325906n1-nev13100831n1" name="Text" type="In" value="" visible="1"/><property class="Parameter" id="nev12325906n1-nev13100832n1" name="Parameter" type="In" value="" visible="1"/></node><node class="Components.ScriptLabel" id="nev12325906n1-nev13100833n1" nodeid="ScriptLabel2" x="478" y="470"><gui height="20" id="nev12325906n1-nev13100834n1" width="290" x="20" y="25"/><property class="String" id="nev12325906n1-nev13100835n1" name="Text" type="In" value="" visible="1"/><property class="Parameter" id="nev12325906n1-nev13100836n1" name="Parameter" type="In" value="" visible="1"/></node><node class="Components.ScriptLabel" id="nev12325906n1-nev13100837n1" nodeid="ScriptLabel3" x="484" y="651"><gui height="20" id="nev12325906n1-nev13100838n1" width="285" x="340" y="25"/><property class="String" id="nev12325906n1-nev13100839n1" name="Text" type="In" value="" visible="1"/><property class="Parameter" id="nev12325906n1-nev13100840n1" name="Parameter" type="In" value="" visible="1"/></node><node class="Components.Constant" id="nev12325906n1-nev13100841n1" nodeid="Rörelserelaterad felinfo" x="337" y="93"><property class="String" id="nev12325906n1-nev13100842n1" name="Text" type="Out" value="Rörelserelaterad felinformation." visible="1"/><extension id="nev12325906n1-nev13100843n1"><text id="nev12325906n1-nev12576023n1" type="nevis"><phrase category="Faulttracing" id="nev12325906n1-nev12575901n1" phrase-urn="urn:x-nevis:phrase:0800c8af83c21aa4">Motion related #@#@#13#tion.</phrase></text></extension></node><node class="Components.Constant" id="nev12325906n1-nev13100844n1" nodeid="Ärvärden" x="570" y="352"><property class="String" id="nev12325906n1-nev13100845n1" name="Text" type="Out" value="Ärvärden hallsensorer." visible="1"/><extension id="nev12325906n1-nev13100846n1"><text id="nev12325906n1-nev12576027n1" type="nevis"><phrase category="Faulttracing" id="nev12325906n1-nev12575902n1" phrase-urn="urn:x-nevis:phrase:0800c8af83c21aa5">Actual values h#@#@#7#sors.</phrase></text></extension></node><node class="Components.Constant" id="nev12325906n1-nev13100847n1" nodeid="Front roof Calib" x="338" y="640"><property class="String" id="nev12325906n1-nev13100848n1" name="Text" type="Out" value="Kalibrerade värden - främre takdel." visible="1"/><extension id="nev12325906n1-nev13100849n1"><text id="nev12325906n1-nev12576031n1" type="nevis"><phrase category="Faulttracing" id="nev12325906n1-nev12575904n1" phrase-urn="urn:x-nevis:phrase:0800c8af83c21aa9">Calibrated valu#@#@#19#tion.</phrase></text></extension></node><node class="Components.Constant" id="nev12325906n1-nev13100850n1" nodeid="Back roof Calib" x="333" y="461"><property class="String" id="nev12325906n1-nev13100851n1" name="Text" type="Out" value="Kalibrerade värden - bakre takdel." visible="1"/><extension id="nev12325906n1-nev13100852n1"><text id="nev12325906n1-nev12576035n1" type="nevis"><phrase category="Faulttracing" id="nev12325906n1-nev12575903n1" phrase-urn="urn:x-nevis:phrase:0800c8af83c21aa8">Calibrated valu#@#@#18#tion.</phrase></text></extension></node><node class="Components.Repeater" id="nev12325906n1-nev13100853n1" nodeid="Repeater1" x="236" y="236"><property class="Int" id="nev12325906n1-nev13100854n1" name="Wait" type="Internal" value="3000" visible="1"/><property class="Int" id="nev12325906n1-nev13100855n1" name="NoOfRepeats" type="Internal" value="0" visible="1"/></node></nodes><handlers id="nev12325906n1-nev13100856n1"><eventhandler id="nev12325906n1-nev13100857n1" name="OnStart" node="Start"><call id="nev12325906n1-nev13100858n1" method="Trigger" node="Rörelserelaterad felinfo"/><call id="nev12325906n1-nev13100859n1" method="Trigger" node="Ärvärden"/><call id="nev12325906n1-nev13100860n1" method="Trigger" node="Back roof Calib"/><call id="nev12325906n1-nev13100861n1" method="Trigger" node="Front roof Calib"/><call id="nev12325906n1-nev13100862n1" method="Read" node="FrontCalibratedSensorvalues"/><call id="nev12325906n1-nev13100863n1" method="Read" node="BackCalibratedSensorvalues"/><call id="nev12325906n1-nev13100864n1" method="Read" node="ParameterList1"/><call id="nev12325906n1-nev13100865n1" method="Start" node="Repeater1"/></eventhandler><eventhandler id="nev12325906n1-nev13100866n1" name="Click" node="Button1"><call id="nev12325906n1-nev13100867n1" method="Stop" node="Repeater1"/><call id="nev12325906n1-nev13100868n1" method="CloseDialog" node="Script1"/></eventhandler><eventhandler id="nev12325906n1-nev13100869n1" name="OnRepeat" node="Repeater1"><call id="nev12325906n1-nev13100870n1" method="Read" node="HallsensorStatus"/></eventhandler><propertyhandler id="nev12325906n1-nev13100871n1" name="Text" node="Rörelserelaterad felinfo"><set id="nev12325906n1-nev13100872n1" node="Label1" property="Text"/></propertyhandler><propertyhandler id="nev12325906n1-nev13100873n1" name="Text" node="Ärvärden"><set id="nev12325906n1-nev13100874n1" node="ScriptLabel1" property="Text"/></propertyhandler><propertyhandler id="nev12325906n1-nev13100875n1" name="Text" node="Front roof Calib"><set id="nev12325906n1-nev13100876n1" node="ScriptLabel3" property="Text"/></propertyhandler><propertyhandler id="nev12325906n1-nev13100877n1" name="Text" node="Back roof Calib"><set id="nev12325906n1-nev13100878n1" node="ScriptLabel2" property="Text"/></propertyhandler></handlers></content></script>