<?xml version="1.0" encoding="UTF-8"?><servinfosub IE-ID="en-US0900c8af85b34406" docno="VCC-456582" id="nev18505918n1" xml:lang="en-US">
<title>
<phrase category="Title" id="nev18505918n2" phrase-urn="urn:x-nevis:phrase:0800c8af81eb9a54">Diagnostic trou#@#@#21#ation</phrase>
<phrase category="Prefix" id="nev18505918n3" phrase-urn="urn:x-nevis:phrase:0800c8af8015c3f5">ECM</phrase>-P062E09</title>
<diagnostic j2008use="1" paperuse="1" screenuse="1" type="condition">
<condgrp>
<condition type="condition">
<grate id="nev18505918n4">
<graphic id="nev18505918n5">
<href>0900c8af850acee#@#@#10#.jpeg</href>
</graphic>
</grate>
<para>
<ptxt>
<phrase category="Condition" id="nev18505918n6" phrase-urn="urn:x-nevis:phrase:0800c8af84c8c43a">The Engine cont#@#@#49#gnal.</phrase>
</ptxt>
<ptxt>
<phrase category="Condition" id="nev18505918n7" phrase-urn="urn:x-nevis:phrase:0800c8af834ddf26">The diagnostic #@#@#48#ects:</phrase>
</ptxt>
</para>
<list1 id="nev18505918n8">
<item id="nev18505918n9">
<ptxt id="nev18505918n10">
<phrase category="Condition" id="nev18505919n1" phrase-urn="urn:x-nevis:phrase:0800c8af84c8c43d">The current sig#@#@#34#uest.</phrase>
</ptxt>
</item>
</list1>
<para id="nev18505919n2">
<ptxt id="nev18505919n3">
<phrase category="Condition" id="nev18505919n4" phrase-urn="urn:x-nevis:phrase:0800c8af82c479d6">The control mod#@#@#67#t of:</phrase>
</ptxt>
</para>
<list1 id="nev18505919n5">
<item id="nev18505919n6">
<ptxt id="nev18505919n7">
<phrase category="Preparatory" id="nev18505919n8" phrase-urn="urn:x-nevis:phrase:0800c8af81eb9771">Engine running.</phrase>
</ptxt>
</item>
</list1>
<note id="nev18505919n9">
<ptxt id="nev18505919n10">
<phrase category="Condition" id="nev18505920n1" phrase-urn="urn:x-nevis:phrase:0800c8af82c4844b">The control mod#@#@#132# met.</phrase>
</ptxt>
</note>
</condition>
</condgrp>
<condgrp>
<condition type="substitution">
<list1 enumtype="d" type="unordered">
<item>
<ptxt>
<phrase category="" id="nev18505920n2" phrase-urn="urn:x-nevis:phrase:0800c8af823e7608">Nothing.</phrase>
</ptxt>
</item>
</list1>
</condition>
<ps>
<list1 enumtype="d" type="unordered">
<item id="nev18505920n3">
<ptxt id="nev18505920n4">
<phrase category="Possible source" id="nev18505920n5" phrase-urn="urn:x-nevis:phrase:0800c8af81eb9604">Contact resista#@#@#29#nals.</phrase>
</ptxt>
</item>
<item>
<ptxt>
<phrase category="Possible source" id="nev18505920n6" phrase-urn="urn:x-nevis:phrase:0800c8af81eaba5c">Damaged engine #@#@#16#ECM).</phrase>
</ptxt>
</item>
</list1>
</ps>
</condgrp>
<condgrp>
<condition type="symptom">
<list1 enumtype="d" type="unordered">
<item id="nev18505920n7">
<ptxt id="nev18505920n8">
<phrase category="Symptom CSC" id="nev18505920n9" phrase-urn="urn:x-nevis:phrase:0800c8af8388f076">DL, Warning lig#@#@#85#ation</phrase>
</ptxt>
</item>
<item id="nev18505920n10">
<ptxt id="nev18505921n1">
<phrase category="Symptom CSC" id="nev18505921n2" phrase-urn="urn:x-nevis:phrase:0800c8af8388f05b">BJ, Starting/En#@#@#39#times</phrase>
</ptxt>
</item>
<item id="nev18505921n3">
<ptxt id="nev18505921n4">
<phrase category="Symptom CSC" id="nev18505921n5" phrase-urn="urn:x-nevis:phrase:0800c8af8388f00f">AB, Starting/En#@#@#52#times</phrase>
</ptxt>
</item>
</list1>
</condition>
</condgrp>
</diagnostic>
</servinfosub>