<?xml version="1.0" encoding="UTF-8"?><diagnostic IE-ID="en-US0900c8af80c49406" docno="VCC-152793" id="KC02758227" type="test" xml:lang="en-US">
<title>
<phrase category="" id="KC09453323" phrase-urn="urn:x-nevis:phrase:0800c8af82709697">Verification</phrase>
</title>
<testgrp IE-ID="en-US0900c8af80c49406_KC02758362" id="KC02758362" j2008use="1" paperuse="1" resumable="1" screenuse="1" testgrp-id="verifnode" x="120" y="120">
<title>
<phrase category="" id="KC09453324" phrase-urn="urn:x-nevis:phrase:0800c8af82709698">Verification</phrase>
</title>
<node>
<test1>
<hint>
<ptxt>
<phrase category="" id="KC09453325" phrase-urn="urn:x-nevis:phrase:0800c8af82709699">After carrying #@#@#50#died.</phrase>
</ptxt>
</hint>
<diaglist>
<dgraphic>
<dgraphic1>
<graphic id="KC09453326">
<href>0900c8af80054d3#@#@#9#.jpeg</href>
</graphic>
</dgraphic1>
<dgraphic2>
<graphic id="KC09453327">
<href>0900c8af80054d7#@#@#9#.jpeg</href>
</graphic>
</dgraphic2>
</dgraphic>
<ditem>
<ptxt>
<phrase category="" id="KC09453328" phrase-urn="urn:x-nevis:phrase:0800c8af8270969a">Ignition off</phrase>
</ptxt>
</ditem>
<ditem>
<ptxt>
<phrase category="" id="KC09453329" phrase-urn="urn:x-nevis:phrase:0800c8af8270969b">Reinstall the c#@#@#21# etc.</phrase>
</ptxt>
</ditem>
<ditem>
<ptxt>
<phrase category="" id="KC09453330" phrase-urn="urn:x-nevis:phrase:0800c8af8270969c">Start the engine</phrase>
</ptxt>
</ditem>
<ditem>
<ptxt>
<phrase category="" id="KC09453331" phrase-urn="urn:x-nevis:phrase:0800c8af8270969d">Read off the ai#@#@#24#ssure</phrase>
</ptxt>
</ditem>
<ditem>
<ptxt>
<phrase category="" id="KC09453332" phrase-urn="urn:x-nevis:phrase:0800c8af8270969e">A/C on</phrase>
</ptxt>
</ditem>
<ditem>
<ptxt>
<phrase category="" id="KC09453333" phrase-urn="urn:x-nevis:phrase:0800c8af8270969f">Blower fan on.</phrase>
</ptxt>
</ditem>
</diaglist>
<test2>
<para>
<ptxt>
<phrase category="" id="KC09453334" phrase-urn="urn:x-nevis:phrase:0800c8af827096a0">Check that the #@#@#180#ting.</phrase>
</ptxt>
</para>
<diaglist>
<dgraphic>
<dgraphic2>
<graphic id="KC09453335">
<href>0900c8af86c8681#@#@#9#.jpeg</href>
</graphic>
<smarttool active="press" id="KC09453336" toolname="YECM1041"/>
</dgraphic2>
</dgraphic>
<ditem>
<ditemtext>
<ptxt>
<phrase category="" id="KC09453337" phrase-urn="urn:x-nevis:phrase:0800c8af827096a3"/>
</ptxt>
</ditemtext>
</ditem>
</diaglist>
</test2>
</test1>
<question>
Is the functio#@#@#1# OK?
</question>
<resact-grp>
<result button="yes" comp="button" highlight="0"/>
<action j2008use="1" paperuse="1" screenuse="1">
<return value="VERIFIED"/>
</action>
</resact-grp>
<resact-grp>
<result button="no" comp="button" highlight="0"/>
<action j2008use="1" paperuse="1" screenuse="1">
<return value="VERIFICATION FAILED"/>
</action>
</resact-grp>
</node>
</testgrp>
</diagnostic>