<?xml version="1.0" encoding="UTF-8"?><servinfosub IE-ID="en-US0900c8af844f0b0e" docno="VCC-370920" id="nev13717229n1" original="sv-SE" servinfosubId="nev13717230n1-nev13720445n1" servinfosubRes="0900c8af844f0ba7" servinfosubRes2="urn:x-nevis:fragment:0900c8af844f0b0e:0900c8af844f0ba7#nev13720445n1" xml:lang="en-US">
<title id="nev13717228n51">
<phrase category="proc_title" id="nev13737954n1" phrase-urn="urn:x-nevis:phrase:0800c8af8447971f">Front end</phrase>
</title>
<imagedisclaimer id="nev13717230n1-nev13720444n27"/>
<procedure id="nev13717230n1-nev13720444n28">
<stepgrp boilerplate="false" id="nev13717230n1-nev13720444n29">
<procstep id="nev13717230n1-nev13720444n30">
<title id="nev13717230n1-nev13720444n31"/>
<grate id="nev13717230n1-nev13720444n32">
<graphic id="nev13717230n1-nev13720444n33">
<href>0900c8af8345cf4#@#@#9#.jpeg</href>
</graphic>
<graphtext id="nev13717230n1-nev13720444n34">
<para id="nev13717230n1-nev13720444n35">
<title id="nev13717230n1-nev13720444n36">Explanation of #@#@#5#sions</title>
<ptxt id="nev13717230n1-nev13720444n37">The dimensions #@#@#30#lows:</ptxt>
</para>
<para id="nev13717230n1-nev13720444n49">
<ptxt id="nev13717230n1-nev13720444n50">Symbol number 1#@#@#48#nter.</ptxt>
</para>
<para id="nev13717230n1-nev13720444n51">
<ptxt id="nev13717230n1-nev13720444n52">Symbol number 2#@#@#45#edge.</ptxt>
</para>
</graphtext>
</grate>
</procstep>
<procstep id="nev13717230n1-nev13720444n38">
<title id="nev13717230n1-nev13720444n39"/>
<grate id="nev13717230n1-nev13720444n40">
<graphic id="nev13717230n1-nev13720444n41">
<href>0900c8af8345cf5#@#@#9#.jpeg</href>
</graphic>
<graphtext id="nev13717230n1-nev13720444n42">
<para id="nev13717230n1-nev13720444n43">
<ptxt id="nev13717230n1-nev13720444n44">Symbol number 3#@#@#102#cess.</ptxt>
</para>
<para id="nev13717230n1-nev13720444n53">
<ptxt id="nev13717230n1-nev13720444n54">If only one mea#@#@#156#tion.</ptxt>
</para>
</graphtext>
</grate>
</procstep>
<procstep id="nev13717230n1-nev13720444n45">
<title id="nev13717230n1-nev13720444n46"/>
<grate id="nev13717230n1-nev13720444n47" pgwide="1">
<graphic id="nev13717230n1-nev13720444n48">
<href>0900c8af8345da1#@#@#11#.jpeg</href>
</graphic>
</grate>
</procstep>
</stepgrp>
</procedure>
</servinfosub>