<?xml version="1.0" encoding="UTF-8"?><servinfosub IE-ID="en-US0900c8af8014941c" docno="VCC-144405" id="KC01214915" xml:lang="en-US">
<title>Pinion seal fin#@#@#14#acing</title>
<procedure>
<proctools>
<toolitem id="KC07571344"/>
<toolitem id="KC07571345"/>
</proctools>
<note>
<ptxt>As the illustra#@#@#160#rect.</ptxt>
</note>
<stepgrp id="KC01214916">
<title>Removal</title>
<procstep id="KC01214917">
<title>Removing the Ac#@#@#18#pling</title>
<para>
<ptxt>Remove the Acti#@#@#22# See <xref>
<ref id="KC07571346"/>
</xref>.</ptxt>
</para>
</procstep>
<procstep id="KC01214918">
<title>Removing the pi#@#@#4# seal</title>
<grate>
<graphic id="KC07571347">
<href>0900c8af80060f0#@#@#9#.jpeg</href>
</graphic>
<graphtext>
<para>
<ptxt>The seal consis#@#@#11#arts.</ptxt>
<ptxt>Use extractor <toolitem id="KC07571348"/>. </ptxt>
</para>
<note>
<ptxt>The screw and i#@#@#72#ctor.</ptxt>
</note>
<para>
<ptxt>Tap the tool on#@#@#163#eal. </ptxt>
<ptxt>Remove the seal#@#@#30#ctor.</ptxt>
<ptxt>Check that no s#@#@#35#ive. </ptxt>
<ptxt>If the inner pa#@#@#83#part.</ptxt>
</para>
<note>
<ptxt>Do not knock in#@#@#120#aft. </ptxt>
</note>
<para>
<ptxt>Check that no s#@#@#35#ive. </ptxt>
</para>
</graphtext>
</grate>
</procstep>
</stepgrp>
<stepgrp id="KC01214919">
<title>Installation</title>
<procstep id="KC01214920">
<title>Installing the #@#@#6# seal</title>
<grate>
<graphic id="KC07571349">
<href>0900c8af80060ef#@#@#9#.jpeg</href>
</graphic>
<graphtext>
<para>
<ptxt>The seal consis#@#@#42#nit. </ptxt>
<ptxt>Lubricate the l#@#@#83#ack).</ptxt>
</para>
<para>
<ptxt>Use drift <toolitem id="KC07571350"/> for installati#@#@#163#ing. </ptxt>
</para>
<para>
<ptxt>Install the Act#@#@#58# See <xref>
<ref id="KC07571351"/>
</xref>.</ptxt>
</para>
</graphtext>
</grate>
</procstep>
<procstep id="KC01214921">
<title>Refilling the o#@#@#24#using</title>
<para>
<ptxt>Top up the oil #@#@#39# See <xref>
<ref id="KC07571352"/>
</xref>.</ptxt>
</para>
</procstep>
<procstep id="KC01214922">
<title>Installing the #@#@#9#ystem</title>
<para>
<ptxt>Install the exh#@#@#12# See <xref>
<ref id="KC07571353"/>
</xref>. </ptxt>
</para>
</procstep>
</stepgrp>
</procedure>
</servinfosub>