<?xml version="1.0" encoding="UTF-8"?><servinfosub IE-ID="en-US0900c8af84e8141c" docno="VCC-377089" id="nev13907991n1" original="sv-SE" servinfosubId="nev13907992n1-nev13907991n4" servinfosubRes="0900c8af84e81421" servinfosubRes2="urn:x-nevis:fragment:0900c8af84e8141c:0900c8af84e81421#nev13907991n4" xml:lang="en-US">
<title id="nev13907991n2">Engine Rear Low#@#@#18#or LH</title>
<procedure id="nev13907992n1-nev13908015n13">
<stepgrp boilerplate="false" context="" id="nev13907992n1-nev15451602n46">
<title id="nev13907992n1-nev14256421n57">Removal</title>
<procstep id="nev13907992n1-nev13908864n7">
<note id="nev13907992n1-nev14256421n56">
<ptxt>Removal steps i#@#@#45#ails.</ptxt>
</note>
</procstep>
<procstep id="nev13907992n1-nev15451602n87">
<para id="nev13907992n1-nev15451602n40">
<ptxt id="nev13907992n1-nev15451602n42">Follow instruct#@#@#29#frame<xref boilerplate="true" id="nev13907992n1-nev15451602n43">
<ref id="nev13907992n1-nev15451602n41"/>
</xref>
</ptxt>
</para>
</procstep>
<procstep id="nev13907992n1-nev13907996n94">
<grate id="nev13907992n1-nev13908015n9">
<graphic id="nev13907992n1-nev13908015n10">
<href>0900c8af8309d81#@#@#9#.jpeg</href>
</graphic>
</grate>
</procstep>
<procstep id="nev13907992n1-nev13907996n81">
<grate id="nev13907992n1-nev13908015n7">
<graphic id="nev13907992n1-nev13908015n8">
<href>0900c8af846164d#@#@#9#.jpeg</href>
</graphic>
<graphtext id="nev13907992n1-nev15451634n1">
<para id="nev13907992n1-nev15451602n37">
<ptxt id="nev13907992n1-nev15451602n38">
<torque id="nev13907992n1-nev13908015n6">
<ref id="nev13907992n1-nev13908015n4"/>
</torque>
</ptxt>
</para>
</graphtext>
</grate>
</procstep>
<procstep id="nev13907992n1-nev13907996n48">
<grate id="nev13907992n1-nev13908015n1">
<graphic id="nev13907992n1-nev13908015n2">
<href>0900c8af846164d#@#@#9#.jpeg</href>
</graphic>
<graphtext id="nev13907992n1-nev15451641n1">
<para id="nev13907992n1-nev15451602n35">
<ptxt id="nev13907992n1-nev15451602n36">
<torque id="nev13907992n1-nev13908034n100">
<ref id="nev13907992n1-nev13908034n98"/>
</torque>
</ptxt>
</para>
</graphtext>
</grate>
</procstep>
<procstep id="nev13907992n1-nev13907998n59">
<grate id="nev13907992n1-nev13908034n95">
<graphic id="nev13907992n1-nev13908034n96">
<href>0900c8af846164d#@#@#9#.jpeg</href>
</graphic>
</grate>
</procstep>
<procstep id="nev13907992n1-nev13907998n18">
<grate id="nev13907992n1-nev13908034n93">
<graphic id="nev13907992n1-nev13908034n94">
<href>0900c8af846164d#@#@#9#.jpeg</href>
</graphic>
<graphtext id="nev13907992n1-nev15451651n1">
<list1 enumtype="n" id="nev13907992n1-nev13908034n92" type="ordered">
<item id="nev13907992n1-nev15451602n34">
<ptxt id="nev13907992n1-nev15451602n33">
<torque id="nev13907992n1-nev14256421n50">
<ref id="nev13907992n1-nev14256421n48"/>
</torque>
</ptxt>
</item>
<item id="nev13907992n1-nev15451602n32">
<ptxt id="nev13907992n1-nev15451602n31">
<torque id="nev13907992n1-nev13908034n86">
<ref id="nev13907992n1-nev13908034n84"/>
</torque>
</ptxt>
</item>
<item id="nev13907992n1-nev15451602n30">
<ptxt id="nev13907992n1-nev15451602n29">
<torque id="nev13907992n1-nev13908034n82">
<ref id="nev13907992n1-nev13908034n80"/>
</torque>
</ptxt>
</item>
</list1>
</graphtext>
</grate>
</procstep>
</stepgrp>
<stepgrp boilerplate="false" context="" id="nev13907992n1-nev15451602n28">
<title id="nev13907992n1-nev14256421n42">Installation</title>
<procstep id="nev13907992n1-nev13908864n31">
<para id="nev13907992n1-nev15451602n24">
<ptxt id="nev13907992n1-nev15451602n25">To install, rev#@#@#22#dure.</ptxt>
</para>
</procstep>
</stepgrp>
</procedure>
</servinfosub>