<?xml version="1.0" encoding="UTF-8"?><servinfosub IE-ID="en-US0900c8af804a141c" docno="VCC-090253" id="KC01505894" xml:lang="en-US">
<title>
<phrase category="" id="KC08593685" phrase-urn="urn:x-nevis:phrase:0800c8af81de4ec5">Fault-tracing i#@#@#5#ation</phrase>
</title>
<diagnostic type="condition">
<condgrp>
<condition type="condition">
<grate>
<graphic id="KC08593686">
<href>0900c8af86c8681#@#@#9#.jpeg</href>
</graphic>
</grate>
</condition>
<ps>
<list1 enumtype="d" type="unordered">
<item>
<ptxt>
<phrase category="" id="KC08593687" phrase-urn="urn:x-nevis:phrase:0800c8af81de4ec6">Open-circuit, s#@#@#100#DLC).</phrase>
</ptxt>
</item>
<item>
<ptxt>
<phrase category="" id="KC08593688" phrase-urn="urn:x-nevis:phrase:0800c8af81de4ec7">Open-circuit in#@#@#70#ound.</phrase>
</ptxt>
</item>
<item>
<ptxt>
<phrase category="" id="KC08593689" phrase-urn="urn:x-nevis:phrase:0800c8af81de4ec8">Open-circuit in#@#@#40#ule. </phrase>
</ptxt>
</item>
<item>
<ptxt>
<phrase category="" id="KC08593690" phrase-urn="urn:x-nevis:phrase:0800c8af81de4ec9">Defective VCT 2#@#@#18#ring.</phrase>
</ptxt>
</item>
</list1>
<note>
<ptxt>
<phrase category="" id="KC08593691" phrase-urn="urn:x-nevis:phrase:0800c8af81de4eca">Check the batte#@#@#37#ing. </phrase>
</ptxt>
</note>
</ps>
</condgrp>
<condgrp>
<condition type="symptom">
<list1 enumtype="d" type="unordered">
<item>
<ptxt>
<phrase category="" id="KC08593692" phrase-urn="urn:x-nevis:phrase:0800c8af81de4ecb">No communicatio#@#@#43#stem.</phrase>
</ptxt>
</item>
</list1>
</condition>
</condgrp>
</diagnostic>
</servinfosub>