<?xml version="1.0" encoding="UTF-8"?><servinfosub IE-ID="en-US0900c8af835f341c" docno="VCC-128759" id="KC01624523" xml:lang="en-US">
<title id="nev11802672n250">Crankshaft seal#@#@#11#acing</title>
<procedure id="nev11802672n248">
<proctools id="nev11802672n246">
<toolitem id="KC07524887"/>
<toolitem id="KC07524888"/>
<toolitem id="KC07524889"/>
<toolitem id="KC07524890"/>
<toolitem id="nev11803393n182" imageid="0900c8af827aedfb"/>
<toolitem id="KC07524891"/>
<toolitem id="KC07524892"/>
</proctools>
<note id="nev11802672n226">
<ptxt id="nev11802672n224">As the illustra#@#@#160#rect.</ptxt>
</note>
<stepgrp id="KC01695364">
<procstep id="KC01695365">
<title id="nev11802672n222">Removing the fl#@#@#19#plate</title>
<grate id="nev11802672n220">
<graphic id="KC07524893" width="column">
<href>0900c8af8005dcf#@#@#9#.jpeg</href>
</graphic>
<graphtext id="nev11802672n215">
<list1 enumtype="d" id="nev11802672n213" type="unordered">
<title id="nev11802672n211">Remove the gearbox:</title>
<item id="nev11802672n209">
<ptxt id="nev11802672n207">
<emph id="nev11802672n205">M3P</emph> see <xref id="nev11802672n203">
<ref id="KC07524894"/>
</xref>.</ptxt>
</item>
<item id="nev11802672n198">
<ptxt id="nev11802672n196">
<emph id="nev11802672n194">M5P</emph> see <xref id="nev11802672n192">
<ref id="KC07524895"/>
</xref>.</ptxt>
</item>
<item id="nev11802672n187">
<ptxt id="nev11802672n185">
<emph id="nev11802672n183">M56</emph> see <xref id="nev11802672n181">
<ref id="KC07524896"/>
</xref>.</ptxt>
</item>
<item id="nev11802672n176">
<ptxt id="nev11802672n174">
<emph id="nev11802672n172">AW55-50SN</emph> see <xref id="nev11802672n170">
<ref id="KC07524897"/>
</xref>.</ptxt>
</item>
</list1>
<para id="nev11802672n165">
<ptxt id="nev11802672n163">Remove the flyw#@#@#33#ctor <toolitem id="KC07524898"/> as a counterho#@#@#29#rews.</ptxt>
</para>
</graphtext>
</grate>
</procstep>
<procstep id="KC01695366">
<title id="nev11802672n158">Removing the seal</title>
<grate id="nev11802672n156">
<graphic id="KC07524899">
<href>0900c8af8005769#@#@#9#.jpeg</href>
</graphic>
<graphtext id="nev11802672n151">
<note id="nev11802672n149">
<ptxt id="nev11802672n147">Do not damage t#@#@#50#block</ptxt>
</note>
<para id="nev11802672n145">
<ptxt id="nev11802672n143">Remove the old #@#@#16#ctor <toolitem id="KC07524900"/>.</ptxt>
</para>
<para id="nev11802672n138">
<ptxt id="nev11802672n136">Clean around th#@#@#93#oles.</ptxt>
<ptxt id="nev11802672n134">If necessary wa#@#@#109# air.</ptxt>
</para>
</graphtext>
</grate>
<grate id="nev11802672n132">
<graphic id="KC07524901">
<href>0900c8af8005769#@#@#9#.jpeg</href>
</graphic>
<graphtext id="nev11802672n127">
<caution id="nev11802672n125">
<ptxt id="nev11802672n123">When cleaning w#@#@#75#used.</ptxt>
<ptxt id="nev11802672n121">It is extremely#@#@#86#kage.</ptxt>
</caution>
<note id="nev11802672n119">
<ptxt id="nev11802672n117">To clean the cr#@#@#24#024. </ptxt>
</note>
</graphtext>
</grate>
</procstep>
<procstep id="KC01695367">
<title id="nev11802672n115">Installing the #@#@#7# ring</title>
<caution id="nev11802672n113">
<ptxt id="nev11802672n111">Only Volvo appr#@#@#109#coke.</ptxt>
</caution>
<para id="nev11802672n109">
<ptxt id="nev11802672n107">Lubricate the s#@#@#75#eal. </ptxt>
</para>
<grate id="nev11802672n105">
<graphic id="KC07524902">
<href>0900c8af81d9b1e#@#@#9#.jpeg</href>
</graphic>
<graphtext id="nev11803356n74">
<ptxt id="nev11803387n122">Thread the seal#@#@#50#tool <toolitem id="nev11803388n170" imageid="0900c8af827aedfb"/> with the felt #@#@#144#ift: <toolitem id="nev11803390n107" imageid="0900c8af827aedfb"/> using the scre#@#@#122#tool:<toolitem id="nev11803392n152" imageid="0900c8af827aedfb"/>. Discard the o#@#@#23#eel. </ptxt>
</graphtext>
</grate>
</procstep>
<procstep id="KC01695368">
<title id="nev11802672n71">Installing flyw#@#@#17#plate</title>
<grate id="nev11802672n69">
<graphic id="KC07524906">
<href>0900c8af8005dcf#@#@#9#.jpeg</href>
</graphic>
<graphtext id="nev11802672n64">
<caution id="nev11802672n62">
<ptxt id="nev11802672n60">Ensure that the#@#@#157#les. </ptxt>
</caution>
<list1 enumtype="d" id="nev11802672n58" type="unordered">
<title id="nev11802672n56">Install:</title>
<item id="nev11802672n54">
<ptxt id="nev11802672n52">the flywheel an#@#@#10#plate</ptxt>
</item>
<item id="nev11802672n50">
<ptxt id="nev11802672n48">the 3 studs <toolitem id="KC07524907"/> distributed as#@#@#61#haft.</ptxt>
</item>
</list1>
<note id="nev11802672n43">
<ptxt id="nev11802672n41">Check that the #@#@#132#rked.</ptxt>
</note>
</graphtext>
</grate>
<grate id="nev11802672n39">
<graphic id="KC07524908">
<href>0900c8af8005dcf#@#@#9#.jpeg</href>
</graphic>
<graphtext id="nev11802672n34">
<caution id="nev11802672n32">
<ptxt id="nev11802672n30">It is important#@#@#100#lled.</ptxt>
<ptxt id="nev11802672n28">Always use new #@#@#121#read.</ptxt>
</caution>
<list1 enumtype="d" id="nev11802672n26" type="unordered">
<item id="nev11802672n24">
<ptxt id="nev11802672n22">Align gear sector: <toolitem id="KC07524909"/>. </ptxt>
</item>
<item id="nev11802672n17">
<ptxt id="nev11802672n15">Pull the flywhe#@#@#70#tool <toolitem id="KC07524910"/>. The turned se#@#@#64#late.</ptxt>
</item>
</list1>
<list1 enumtype="d" id="nev11802672n10" type="unordered">
<item id="nev11802672n8">
<ptxt id="nev11802672n6">Install the oth#@#@#27#e to <emph id="nev11802672n4"> 45 Nm</emph>.</ptxt>
</item>
<item id="nev11802672n2">
<ptxt id="nev11802715n250">Replace the 3 x#@#@#58#e to <emph id="nev11802715n248"> 45 Nm</emph>.</ptxt>
</item>
<item id="nev11802715n246">
<ptxt id="nev11802715n244">Then angle-tigh#@#@#30# Use <toolitem id="KC07524911"/>. Flywheel: <emph id="nev11802715n239">65°</emph>. Carrier plate<emph id="nev11802715n237">50°</emph>.</ptxt>
</item>
<item id="nev11802715n235">
<ptxt id="nev11802715n233">Ensure that the#@#@#82#utch.</ptxt>
</item>
</list1>
</graphtext>
</grate>
</procstep>
<procstep id="KC01695369">
<title id="nev11802715n231">Installing the #@#@#2#arbox</title>
<list1 enumtype="d" id="nev11802715n229" type="unordered">
<title id="nev11802715n227">Install the tra#@#@#4#ssion</title>
<item id="nev11802715n225">
<ptxt id="nev11802715n223">
<emph id="nev11802715n221">M3P</emph> see <xref id="nev11802715n219">
<ref id="KC07524912"/>
</xref>.</ptxt>
</item>
<item id="nev11802715n214">
<ptxt id="nev11802715n212">
<emph id="nev11802715n210">M5P</emph> see <xref id="nev11802715n208">
<ref id="KC07524913"/>
</xref>.</ptxt>
</item>
<item id="nev11802715n203">
<ptxt id="nev11802715n201">
<emph id="nev11802715n199">M56</emph> see <xref id="nev11802715n197">
<ref id="KC07524914"/>
</xref>.</ptxt>
</item>
<item id="nev11802715n192">
<ptxt id="nev11802715n190">
<emph id="nev11802715n188">AW55-50SN</emph> see <xref id="nev11802715n186">
<ref id="KC07524915"/>
</xref>.</ptxt>
</item>
</list1>
</procstep>
<procstep id="KC01695370">
<title id="nev11802715n181">Checking the engine:</title>
<ptxt id="nev11802715n179">
<emph id="nev11802715n177">Test drive the #@#@#51#rbox.</emph>
</ptxt>
</procstep>
</stepgrp>
</procedure>
</servinfosub>