<?xml version="1.0" encoding="UTF-8"?><servinfosub IE-ID="en-US0900c8af8011c41c" docno="VCC-113839" id="KC01132247" xml:lang="en-US">
<title>
<phrase category="" id="KC06065172" phrase-urn="urn:x-nevis:phrase:0800c8af817323be">Diagnostic trou#@#@#15#ation</phrase>
</title>
<diagnostic j2008use="1" paperuse="1" screenuse="1" type="condition">
<condgrp>
<condition type="condition">
<para>
<ptxt>
<phrase category="" id="KC06065173" phrase-urn="urn:x-nevis:phrase:0800c8af817323bf">If the central #@#@#179# set.</phrase>
</ptxt>
</para>
</condition>
</condgrp>
<condgrp>
<condition type="substitution">
<list1 enumtype="d" type="unordered">
<item>
<ptxt>
<phrase category="" id="KC06065174" phrase-urn="urn:x-nevis:phrase:0800c8af817323c0">None.</phrase>
</ptxt>
</item>
</list1>
</condition>
<ps>
<list1 enumtype="d" type="unordered">
<item>
<ptxt>
<phrase category="" id="KC06065175" phrase-urn="urn:x-nevis:phrase:0800c8af817323c1">Defective relay#@#@#26#oil).</phrase>
</ptxt>
</item>
<item>
<ptxt>
<phrase category="" id="KC06065176" phrase-urn="urn:x-nevis:phrase:0800c8af817323c2">Defective contr#@#@#3#unit.</phrase>
</ptxt>
</item>
</list1>
</ps>
</condgrp>
<condgrp>
<condition type="symptom">
<list1 enumtype="d" type="unordered">
<item>
<ptxt>
<phrase category="" id="KC06065177" phrase-urn="urn:x-nevis:phrase:0800c8af817323c3">Electric window#@#@#15#work.</phrase>
</ptxt>
</item>
</list1>
</condition>
</condgrp>
</diagnostic>
</servinfosub>