<?xml version="1.0" encoding="UTF-8"?><servinfosub IE-ID="en-US0900c8af8011e41c" docno="VCC-116106" id="KC01114469" xml:lang="en-US">
<title>
<phrase category="" id="KC09363506" phrase-urn="urn:x-nevis:phrase:0800c8af826f04ef">Capacitance too#@#@#17#fault</phrase>
</title>
<diagnostic j2008use="1" paperuse="1" screenuse="1" type="test">
<testgrp IE-ID="en-US0900c8af8011e41c_KC01148453" id="KC01148453" j2008use="1" paperuse="1" resumable="1" screenuse="1" testgrp-id="s1" x="120" y="120">
<title>
<phrase category="" id="KC09363507" phrase-urn="urn:x-nevis:phrase:0800c8af826f04fd">Checking the co#@#@#2#onent</phrase>
</title>
<node>
<test1>
<diaglist>
<dgraphic>
<dgraphic1>
<graphic id="KC09363508">
<href>0900c8af80054d5#@#@#9#.jpeg</href>
</graphic>
</dgraphic1>
<dgraphic2>
<graphic id="KC09363509">
<href>0900c8af80054d7#@#@#9#.jpeg</href>
</graphic>
</dgraphic2>
</dgraphic>
<ditem>
<ptxt>
<phrase category="" id="KC09363510" phrase-urn="urn:x-nevis:phrase:0800c8af826f0325">Ignition off</phrase>
</ptxt>
</ditem>
<ditem>
<ptxt>
<phrase category="" id="KC09363511" phrase-urn="urn:x-nevis:phrase:0800c8af826f0326">Disconnect the #@#@#51# side</phrase>
</ptxt>
</ditem>
<ditem>
<ptxt>
<phrase category="" id="KC09363512" phrase-urn="urn:x-nevis:phrase:0800c8af826f0327">Connect special#@#@#1#tool <toolitem id="KC09363513"/> to the airbag #@#@#36#side </phrase>
</ptxt>
</ditem>
<ditem>
<warning>
<ptxt>
<phrase category="" id="KC09363514" phrase-urn="urn:x-nevis:phrase:0800c8af826f0328">Under no circum#@#@#156#bag! </phrase>
</ptxt>
</warning>
<note>
<ptxt>
<phrase category="" id="KC09363515" phrase-urn="urn:x-nevis:phrase:0800c8af826f0335">The special too#@#@#133#rder.</phrase>
</ptxt>
</note>
</ditem>
<ditem>
<ptxt>
<phrase category="" id="KC09363516" phrase-urn="urn:x-nevis:phrase:0800c8af826f0346">Switch on the i#@#@#20#onds.</phrase>
</ptxt>
</ditem>
</diaglist>
<test2>
<para>
<ptxt>
<phrase category="" id="KC09363517" phrase-urn="urn:x-nevis:phrase:0800c8af826f0355">Read off diagno#@#@#21#TCs).</phrase>
</ptxt>
<ptxt>
<phrase category="" id="KC09363518" phrase-urn="urn:x-nevis:phrase:0800c8af826f0362">Try a new airba#@#@#113#ault.</phrase>
</ptxt>
</para>
<list1 enumtype="d" type="unordered">
<title>
<phrase category="" id="KC09363519" phrase-urn="urn:x-nevis:phrase:0800c8af826f036d">Other information:</phrase>
</title>
<item>
<ptxt>
<phrase category="" id="KC09363520" phrase-urn="urn:x-nevis:phrase:0800c8af826f037a">To access or re#@#@#38#, see<xref>
<ref id="KC09363521"/>
</xref>
</phrase>
</ptxt>
</item>
<item>
<ptxt>
<phrase category="" id="KC09363522" phrase-urn="urn:x-nevis:phrase:0800c8af826f038a">To check the sp#@#@#11# see <xref>
<ref id="KC09363523"/>
</xref>
</phrase>
</ptxt>
</item>
</list1>
<diaglist>
<dgraphic>
<dgraphic2>
<graphic id="KC09363524">
<href>0900c8af86c8681#@#@#9#.jpeg</href>
</graphic>
<smarttool active="press" id="KC09363525" toolname="XSRSAE01"/>
</dgraphic2>
</dgraphic>
<ditem>
<ditemtext>
<ptxt>
<phrase category="" id="KC09363526" phrase-urn="urn:x-nevis:phrase:0800c8af826f0397"/>
</ptxt>
</ditemtext>
</ditem>
</diaglist>
</test2>
</test1>
<question>
Does the statu#@#@#42#nge?
</question>
<resact-grp>
<result button="yes" comp="button" highlight="0"/>
<action j2008use="1" paperuse="1" screenuse="1">
<ptxt>
<xref>
<ref id="KC09363528"/>
</xref>
</ptxt>
</action>
</resact-grp>
<resact-grp>
<result button="no" comp="button" highlight="0"/>
<action j2008use="1" paperuse="1" screenuse="1">
<ptxt>
<xref>
<ref id="KC09363529"/>
</xref>
</ptxt>
</action>
</resact-grp>
</node>
</testgrp>
<testgrp id="KC01148454" j2008use="1" paperuse="1" resumable="1" screenuse="1" testgrp-id="node1" x="120" y="200">
<title>
<phrase category="" id="KC09363530" phrase-urn="urn:x-nevis:phrase:0800c8af826f03b6">Checking compon#@#@#10#iring</phrase>
</title>
<node>
<test1>
<diaglist>
<dgraphic>
<dgraphic1>
<graphic id="KC09363531">
<href>0900c8af80054d4#@#@#9#.jpeg</href>
</graphic>
</dgraphic1>
</dgraphic>
<ditem>
<ptxt>
<phrase category="" id="KC09363532" phrase-urn="urn:x-nevis:phrase:0800c8af826f03c7">Ignition off</phrase>
</ptxt>
</ditem>
<ditem>
<ptxt>
<phrase category="" id="KC09363533" phrase-urn="urn:x-nevis:phrase:0800c8af826f03d7">Disconnect spec#@#@#4#tool <toolitem id="KC09363534"/> from the right#@#@#57#side.</phrase>
</ptxt>
</ditem>
</diaglist>
<test2>
<warning>
<ptxt>
<phrase category="" id="KC09363535" phrase-urn="urn:x-nevis:phrase:0800c8af826f03e6">Under no circum#@#@#156#bag! </phrase>
</ptxt>
</warning>
<caution>
<ptxt>
<phrase category="" id="KC09363536" phrase-urn="urn:x-nevis:phrase:0800c8af826f03f4">Do not touch th#@#@#117#ule. </phrase>
</ptxt>
</caution>
<para>
<ptxt>
<phrase category="" id="KC09363537" phrase-urn="urn:x-nevis:phrase:0800c8af826f0402">Check the cable#@#@#148#g to <xref>
<ref id="KC09363538"/>
</xref>.</phrase>
</ptxt>
</para>
<para>
<ptxt>
<phrase category="" id="KC09363539" phrase-urn="urn:x-nevis:phrase:0800c8af826f0413">Check the cable#@#@#148#g to <xref>
<ref id="KC09363540"/>
</xref>.</phrase>
</ptxt>
</para>
<para>
<ptxt>
<phrase category="" id="KC09363541" phrase-urn="urn:x-nevis:phrase:0800c8af826f0421">Remedy as necessary.</phrase>
</ptxt>
</para>
<list1 enumtype="d" type="unordered">
<title>
<phrase category="" id="KC09363542" phrase-urn="urn:x-nevis:phrase:0800c8af826f0430">Other information:</phrase>
</title>
<item>
<ptxt>
<phrase category="" id="KC09363543" phrase-urn="urn:x-nevis:phrase:0800c8af826f043e">To access and r#@#@#44# see <xref>
<ref id="KC09363544"/>
</xref>
</phrase>
</ptxt>
</item>
<item>
<ptxt>
<phrase category="" id="KC09363545" phrase-urn="urn:x-nevis:phrase:0800c8af826f044d">To access the v#@#@#46# see <xref>
<ref id="KC09363546"/>
</xref>
</phrase>
</ptxt>
</item>
<item>
<ptxt>
<phrase category="" id="KC09363547" phrase-urn="urn:x-nevis:phrase:0800c8af826f045d">To connect the #@#@#13# see <xref>
<ref id="KC09363548"/>
</xref>
</phrase>
</ptxt>
</item>
<item>
<ptxt>
<phrase category="" id="KC09363549" phrase-urn="urn:x-nevis:phrase:0800c8af826f046b">With the igniti#@#@#56#tool <toolitem id="KC09363550"/> connected to t#@#@#148#nite </phrase>
</ptxt>
</item>
<item>
<ptxt>
<phrase category="" id="KC09363551" phrase-urn="urn:x-nevis:phrase:0800c8af826f047a">With the igniti#@#@#163# kΩ. </phrase>
</ptxt>
</item>
<item>
<ptxt>
<phrase category="" id="KC09363552" phrase-urn="urn:x-nevis:phrase:0800c8af826f0488">With the igniti#@#@#177#inite</phrase>
</ptxt>
</item>
<item>
<ptxt>
<phrase category="" id="KC09363553" phrase-urn="urn:x-nevis:phrase:0800c8af826f0496">To repair the w#@#@#6# see <xref>
<ref id="KC09363554"/>
</xref>
</phrase>
</ptxt>
</item>
<item>
<ptxt>
<phrase category="" id="KC09363555" phrase-urn="urn:x-nevis:phrase:0800c8af826f04a4">For other value#@#@#2# see <xref>
<ref id="KC09363556"/>
</xref>. </phrase>
</ptxt>
</item>
</list1>
<diaglist>
<dgraphic>
<dgraphic1>
<graphic id="KC09363557">
<href>0900c8af80058d2#@#@#9#.jpeg</href>
</graphic>
</dgraphic1>
<dgraphic2>
<graphic id="KC09363558">
<href>0900c8af80054d4#@#@#9#.jpeg</href>
</graphic>
<smarttool active="press" id="KC09363559" toolname="ODAH"/>
</dgraphic2>
</dgraphic>
<ditem>
<ditemtext>
<ptxt>
<phrase category="" id="KC09363560" phrase-urn="urn:x-nevis:phrase:0800c8af826f04b3"/>
</ptxt>
</ditemtext>
</ditem>
</diaglist>
<grate>
<graphic id="KC09363561">
<href>0900c8af80058a2#@#@#9#.jpeg</href>
</graphic>
</grate>
</test2>
</test1>
<question>
Select "Contin#@#@#34#ed. 
</question>
<resact-grp>
<result button="cont" comp="button" highlight="0"/>
<action j2008use="1" paperuse="1" screenuse="1">
<ptxt>
<xref>
<ref id="KC09363563"/>
</xref>
</ptxt>
</action>
</resact-grp>
</node>
</testgrp>
<testgrp id="KC01148455" j2008use="1" paperuse="1" resumable="1" screenuse="1" testgrp-id="info1" x="280" y="120">
<title>
<phrase category="" id="KC09363564" phrase-urn="urn:x-nevis:phrase:0800c8af826f04cf">Fault-tracing i#@#@#5#ation</phrase>
</title>
<subcalloutnode>
<diagcallout>
<xref>
<ref id="KC09363565"/>
</xref>
</diagcallout>
<rescall-grp>
<result comp="string" highlight="0" op="eq" return="FAULTTRACING FAILED"/>
<calloutaction>
<return value="FAULTTRACING FAILED"/>
</calloutaction>
</rescall-grp>
<rescall-grp>
<result comp="string" highlight="0" op="eq" return="NEW TRY"/>
<calloutaction>
<ptxt>
<xref>
<ref id="KC09363566"/>
</xref>
</ptxt>
</calloutaction>
</rescall-grp>
</subcalloutnode>
</testgrp>
<testgrp id="KC01148456" j2008use="1" paperuse="1" resumable="1" screenuse="1" testgrp-id="veri" x="120" y="280">
<title>
<phrase category="" id="KC09363567" phrase-urn="urn:x-nevis:phrase:0800c8af826f04e0">Verification</phrase>
</title>
<subcalloutnode>
<diagcallout>
<xref>
<ref id="KC09363568"/>
</xref>
</diagcallout>
<rescall-grp>
<result comp="string" highlight="0" op="eq" return="VERIFIED"/>
<calloutaction>
<return value="FAULT FOUND"/>
</calloutaction>
</rescall-grp>
<rescall-grp>
<result comp="string" highlight="0" op="eq" return="VERIFICATION FAILED"/>
<calloutaction>
<ptxt>
<xref>
<ref id="KC09363569"/>
</xref>
</ptxt>
</calloutaction>
</rescall-grp>
</subcalloutnode>
</testgrp>
</diagnostic>
</servinfosub>