<?xml version="1.0" encoding="UTF-8"?><servinfosub IE-ID="en-US0900c8af8069e31d" docno="VCC-087238" id="KC02215798" xml:lang="en-US">
<title>
<phrase category="" id="KC08586946" phrase-urn="urn:x-nevis:phrase:0800c8af81de3e7a">Checking engine#@#@#12# (FC)</phrase>
</title>
<diagnostic type="test">
<testgrp IE-ID="en-US0900c8af8069e31d_KC02263537" id="KC02263537" j2008use="1" paperuse="1" resumable="0" screenuse="1" testgrp-id="veri2" x="120" y="80">
<title>
<phrase category="" id="KC08586947" phrase-urn="urn:x-nevis:phrase:0800c8af81de3e7b">Checking engine#@#@#12# (FC)</phrase>
</title>
<node>
<test1>
<hint>
<ptxt>
<phrase category="" id="KC08586948" phrase-urn="urn:x-nevis:phrase:0800c8af81de3e7c">When a fault ha#@#@#71#sts. </phrase>
</ptxt>
<ptxt>
<phrase category="" id="KC08586949" phrase-urn="urn:x-nevis:phrase:0800c8af81de3e7d">Carry out the f#@#@#4#wing:</phrase>
</ptxt>
</hint>
<diaglist>
<dgraphic>
<dgraphic1>
<graphic id="KC08586950">
<href>0900c8af80054d3#@#@#9#.jpeg</href>
</graphic>
</dgraphic1>
<dgraphic2>
<graphic id="KC08586951">
<href>0900c8af80054d7#@#@#9#.jpeg</href>
</graphic>
</dgraphic2>
</dgraphic>
<ditem>
<ptxt>
<phrase category="" id="KC08586952" phrase-urn="urn:x-nevis:phrase:0800c8af81de3e7e">Ignition off.</phrase>
</ptxt>
</ditem>
<ditem>
<ptxt>
<phrase category="" id="KC08586953" phrase-urn="urn:x-nevis:phrase:0800c8af81de3e7f">Connect connect#@#@#21#ents.</phrase>
</ptxt>
</ditem>
<ditem>
<ptxt>
<phrase category="" id="KC08586954" phrase-urn="urn:x-nevis:phrase:0800c8af81de3e80">Start engine.</phrase>
</ptxt>
</ditem>
</diaglist>
<test2>
<diaglist>
<dgraphic>
<dgraphic2>
<graphic id="KC08586955">
<href>0900c8af8005433#@#@#9#.jpeg</href>
</graphic>
<smarttool active="press" id="KC08586956" toolname="EF9A502"/>
</dgraphic2>
</dgraphic>
<ditem>
<ditemtext>
<ptxt>
<phrase category="" id="KC08586957" phrase-urn="urn:x-nevis:phrase:0800c8af81de3e81">Select the Volv#@#@#57#ent. </phrase>
</ptxt>
</ditemtext>
</ditem>
</diaglist>
</test2>
</test1>
<question>The engine cool#@#@#44#02°C.</question>
<resact-grp>
<result button="ok" comp="button" highlight="0"/>
<action j2008use="1" paperuse="1" screenuse="1">
<return value="VERIFIED"/>
</action>
</resact-grp>
<resact-grp>
<result button="notok" comp="button" highlight="0"/>
<action j2008use="1" paperuse="1" screenuse="1">
<return value="VERIFICATION FAILED"/>
</action>
</resact-grp>
</node>
</testgrp>
</diagnostic>
</servinfosub>