<?xml version="1.0" encoding="UTF-8"?><servinfosub IE-ID="en-US0900c8af8013f31d" docno="VCC-136650" id="KC01106805" xml:lang="en-US">
<title>Frozen values s#@#@#28#ption</title>
<procedure>
<procstep id="KC01112636">
<title>Explanation</title>
<para>
<ptxt>Not all the par#@#@#93#stem.</ptxt>
</para>
<para>
<ptxt>Frozen values a#@#@#78#ored.</ptxt>
</para>
</procstep>
<procstep id="KC01112637">
<title>Battery voltage#@#@#3#alue </title>
<para>
<ptxt>Measurement ran#@#@#7#8.4 V</ptxt>
</para>
<para>
<ptxt>Normal value wh#@#@#43#.5 V </ptxt>
</para>
<para>
<ptxt>The value indic#@#@#41#dule.</ptxt>
</para>
</procstep>
<procstep id="KC01112638">
<title>Distance, value </title>
<para>
<ptxt>Measurement ran#@#@#11#75 km</ptxt>
</para>
<para>
<ptxt>The value indic#@#@#86#ored.</ptxt>
</para>
</procstep>
<procstep id="KC01112639">
<title>Passenger compa#@#@#21#alue </title>
<para>
<ptxt>Measurement ran#@#@#13#95 °C</ptxt>
</para>
<para>
<ptxt>The value indic#@#@#96#red. </ptxt>
</para>
</procstep>
<procstep>
<title>Outside tempera#@#@#7#alue </title>
<para>
<ptxt>Measurement ran#@#@#17#75 °C</ptxt>
</para>
<para>
<ptxt>The value indic#@#@#81#ored.</ptxt>
</para>
</procstep>
<procstep>
<title>Engine running,#@#@#3#atus </title>
<para>
<ptxt>The status disp#@#@#81#ored.</ptxt>
</para>
<para>
<ptxt>Yes = the engin#@#@#8#nning</ptxt>
<ptxt>No = the engine#@#@#11#nning</ptxt>
</para>
</procstep>
<procstep>
<title>Time, value </title>
<para>
<ptxt>The value displ#@#@#75#ored.</ptxt>
</para>
</procstep>
</procedure>
</servinfosub>