<?xml version="1.0" encoding="UTF-8"?><servinfosub IE-ID="en-US0900c8af84e4131d" docno="VCC-410449" id="nev15397129n1" xml:lang="en-US">
<title>
<phrase category="Title" id="nev15397129n2" phrase-urn="urn:x-nevis:phrase:0800c8af81eb9a54">Diagnostic trou#@#@#21#ation</phrase>
<phrase category="Prefix" id="nev15397129n3" phrase-urn="urn:x-nevis:phrase:0800c8af8015c3f5">ECM</phrase>-P256600</title>
<diagnostic j2008use="1" paperuse="1" screenuse="1" type="condition">
<condgrp>
<condition type="condition">
<grate id="nev15397129n4">
<graphic id="nev15397129n5">
<href>0900c8af81620f9#@#@#9#.jpeg</href>
</graphic>
</grate>
<para>
<ptxt>
<phrase category="Condition" id="nev15397129n6" phrase-urn="urn:x-nevis:phrase:0800c8af83ee88c7">The engine syst#@#@#45#ine).</phrase>
<phrase category="Condition" id="nev15397129n7" phrase-urn="urn:x-nevis:phrase:0800c8af83ee88f0">The function co#@#@#153#city.</phrase>
</ptxt>
</para>
<para id="nev15397129n8">
<ptxt id="nev15397129n9">
<phrase category="Condition" id="nev15397129n10" phrase-urn="urn:x-nevis:phrase:0800c8af83ee8923">A position sens#@#@#84#ades.</phrase>
</ptxt>
</para>
<para id="nev15397130n1">
<ptxt id="nev15397130n2">
<phrase category="Condition" id="nev15397130n3" phrase-urn="urn:x-nevis:phrase:0800c8af82c4843c">The diagnostic #@#@#59#that:</phrase>
</ptxt>
</para>
<list1 id="nev15397130n4">
<item id="nev15397130n5">
<ptxt id="nev15397130n6">
<phrase category="Condition" id="nev15397130n7" phrase-urn="urn:x-nevis:phrase:0800c8af83ee8912">Signal from pos#@#@#32#sing.</phrase>
</ptxt>
</item>
</list1>
<para id="nev15397130n8">
<ptxt id="nev15397130n9">
<phrase category="Condition" id="nev15397130n10" phrase-urn="urn:x-nevis:phrase:0800c8af82c479d6">The control mod#@#@#67#t of:</phrase>
</ptxt>
</para>
<list1 id="nev15397131n1">
<item id="nev15397131n2">
<ptxt id="nev15397131n3">
<phrase category="Condition" id="nev15578164n1" phrase-urn="urn:x-nevis:phrase:0800c8af82c47c8e">Ignition switch#@#@#8#n II.</phrase>
</ptxt>
</item>
</list1>
<note id="nev15397131n5">
<ptxt id="nev15397131n6">
<phrase category="Condition" id="nev15397131n7" phrase-urn="urn:x-nevis:phrase:0800c8af82c4844b">The control mod#@#@#132# met.</phrase>
</ptxt>
</note>
</condition>
</condgrp>
<condgrp>
<condition type="substitution">
<list1 enumtype="d" type="unordered">
<item>
<ptxt>
<phrase category="Substitution" id="nev15397135n1" phrase-urn="urn:x-nevis:phrase:0800c8af825bde2f">No exhaust gas #@#@#23#trol.</phrase>
</ptxt>
</item>
</list1>
</condition>
<ps>
<list1 enumtype="d" type="unordered">
<item>
<ptxt>
<phrase category="Possible source" id="nev15397131n9" phrase-urn="urn:x-nevis:phrase:0800c8af81eb95cb">Loose connections.</phrase>
</ptxt>
</item>
<item id="nev15397131n10">
<ptxt id="nev15397132n1">
<phrase category="Possible source" id="nev15397132n2" phrase-urn="urn:x-nevis:phrase:0800c8af81eb9604">Contact resista#@#@#29#nals.</phrase>
</ptxt>
</item>
<item id="nev15397132n3">
<ptxt id="nev15397132n4">
<phrase category="Possible source" id="nev15397132n5" phrase-urn="urn:x-nevis:phrase:0800c8af83eeb91d">Moisture in air#@#@#9#stem.</phrase>
</ptxt>
</item>
<item id="nev15397132n6">
<ptxt id="nev15397132n7">
<phrase category="Possible source" id="nev15397132n8" phrase-urn="urn:x-nevis:phrase:0800c8af8365075c">Damaged positio#@#@#4#nsor.</phrase>
</ptxt>
</item>
</list1>
</ps>
</condgrp>
<condgrp>
<condition type="symptom">
<list1 enumtype="d" type="unordered">
<item>
<ptxt>
<phrase category="Symptom CSC" id="nev15397132n9" phrase-urn="urn:x-nevis:phrase:0800c8af8388f076">DL, Warning lig#@#@#85#ation</phrase>
</ptxt>
</item>
</list1>
</condition>
</condgrp>
</diagnostic>
</servinfosub>