<?xml version="1.0" encoding="UTF-8"?><servinfosub IE-ID="en-US0900c8af806a831d" docno="VCC-109090" id="KC02155957" xml:lang="en-US">
<title>
<phrase category="" id="KC08670884" phrase-urn="urn:x-nevis:phrase:0800c8af81e1c9b1">Signal too low.#@#@#11#fault</phrase>
</title>
<diagnostic type="test">
<testgrp IE-ID="en-US0900c8af806a831d_KC02155958" id="KC02155958" j2008use="1" paperuse="1" resumable="1" screenuse="1" testgrp-id="ha5" x="120" y="160">
<title>
<phrase category="" id="KC08670885" phrase-urn="urn:x-nevis:phrase:0800c8af81e1c9c0">Checking the po#@#@#10# wire</phrase>
</title>
<node>
<test1>
<note>
<ptxt>
<phrase category="" id="KC08670886" phrase-urn="urn:x-nevis:phrase:0800c8af81e1c9cf">When the power #@#@#263# set.</phrase>
</ptxt>
</note>
<diaglist>
<dgraphic>
<dgraphic1>
<graphic id="KC08670887">
<href>0900c8af80054d5#@#@#9#.jpeg</href>
</graphic>
</dgraphic1>
<dgraphic2>
<graphic id="KC08670888">
<href>0900c8af80054d7#@#@#9#.jpeg</href>
</graphic>
</dgraphic2>
</dgraphic>
<ditem>
<ptxt>
<phrase category="" id="KC08670889" phrase-urn="urn:x-nevis:phrase:0800c8af81e1c9e1">Ignition off.</phrase>
</ptxt>
</ditem>
<ditem>
<ptxt>
<phrase category="" id="KC08670890" phrase-urn="urn:x-nevis:phrase:0800c8af81e1c9ef">EGR converter c#@#@#17#cted.</phrase>
</ptxt>
</ditem>
<ditem>
<ptxt>
<phrase category="" id="KC08670891" phrase-urn="urn:x-nevis:phrase:0800c8af81e1ca01">Ignition on and#@#@#10#y on.</phrase>
</ptxt>
</ditem>
</diaglist>
<test2>
<ptxt>
<phrase category="" id="KC08670892" phrase-urn="urn:x-nevis:phrase:0800c8af81e1ca13">Connect a voltm#@#@#53#ound.</phrase>
</ptxt>
<list1 enumtype="d" type="unordered">
<title>
<phrase category="" id="KC08670893" phrase-urn="urn:x-nevis:phrase:0800c8af81e1ca21">Additional info#@#@#3#tion:</phrase>
</title>
<item>
<ptxt>
<phrase category="" id="KC08670894" phrase-urn="urn:x-nevis:phrase:0800c8af81e1ca34">To connect the #@#@#9# see <xref>
<ref id="KC08670895"/>
</xref>.</phrase>
</ptxt>
</item>
<item>
<ptxt>
<phrase category="" id="KC08670896" phrase-urn="urn:x-nevis:phrase:0800c8af81e1ca45">For information#@#@#12# see <xref>
<ref id="KC08670897"/>
</xref>
</phrase>
</ptxt>
</item>
</list1>
<diaglist>
<dgraphic>
<dgraphic1>
<graphic id="KC08670898">
<href>0900c8af80054d6#@#@#9#.jpeg</href>
</graphic>
</dgraphic1>
<dgraphic2>
<graphic id="KC08670899">
<href>0900c8af80054d4#@#@#9#.jpeg</href>
</graphic>
<smarttool active="press" id="KC08670900" toolname="VDCDAH"/>
</dgraphic2>
</dgraphic>
<ditem>
<ditemtext>
<ptxt>
<phrase category="" id="KC08670901" phrase-urn="urn:x-nevis:phrase:0800c8af81e1ca56"/>
</ptxt>
</ditemtext>
</ditem>
</diaglist>
<grate>
<graphic id="KC08670902">
<href>0900c8af805dbb5#@#@#9#.jpeg</href>
</graphic>
</grate>
</test2>
</test1>
<question>The voltmeter s#@#@#25#tage.</question>
<resact-grp>
<result button="ok" comp="button" highlight="0"/>
<action j2008use="1" paperuse="1" screenuse="1">
<ptxt>
<xref>
<ref id="KC08670903"/>
</xref>
</ptxt>
</action>
</resact-grp>
<resact-grp>
<result button="notok" comp="button" highlight="0"/>
<action j2008use="1" paperuse="1" screenuse="1">
<ptxt>
<xref>
<ref id="KC08670904"/>
</xref>
</ptxt>
</action>
</resact-grp>
</node>
</testgrp>
<testgrp id="KC02155959" j2008use="1" paperuse="1" resumable="1" screenuse="1" testgrp-id="ha5-1" x="280" y="160">
<title>
<phrase category="" id="KC08670905" phrase-urn="urn:x-nevis:phrase:0800c8af81e1ca67">Checking the fuse</phrase>
</title>
<node>
<test1>
<test2>
<ptxt>
<phrase category="" id="KC08670906" phrase-urn="urn:x-nevis:phrase:0800c8af81e1ca77">Check fuse B/5 #@#@#188#d in <xref>
<ref id="KC08670907"/>
</xref>.</phrase>
</ptxt>
<ptxt>
<phrase category="" id="KC08670908" phrase-urn="urn:x-nevis:phrase:0800c8af81e1ca88">If the fuse is #@#@#161#d in <xref>
<ref id="KC08670909"/>
</xref>. Also check th#@#@#73#d in <xref>
<ref id="KC08670910"/>
</xref>.</phrase>
</ptxt>
<diaglist>
<dgraphic>
<dgraphic2>
<graphic id="KC08670911">
<href>0900c8af80054d4#@#@#9#.jpeg</href>
</graphic>
<smarttool active="press" id="KC08670912" toolname="ODAH"/>
</dgraphic2>
</dgraphic>
<ditem>
<ditemtext>
<ptxt>
<phrase category="" id="KC08670913" phrase-urn="urn:x-nevis:phrase:0800c8af81e1ca9a"/>
</ptxt>
</ditemtext>
</ditem>
</diaglist>
<grate>
<graphic id="KC08670914">
<href>0900c8af805dbb5#@#@#9#.jpeg</href>
</graphic>
</grate>
</test2>
</test1>
<question/>
<resact-grp>
<result button="cont" comp="button" highlight="0"/>
<action j2008use="1" paperuse="1" screenuse="1">
<ptxt>
<xref>
<ref id="KC08670915"/>
</xref>
</ptxt>
</action>
</resact-grp>
</node>
</testgrp>
<testgrp id="KC02155960" j2008use="1" paperuse="1" resumable="1" screenuse="1" testgrp-id="ha6" x="120" y="240">
<title>
<phrase category="" id="KC08670916" phrase-urn="urn:x-nevis:phrase:0800c8af81e1caa9">Checking the si#@#@#4# wire</phrase>
</title>
<node>
<test1>
<test2>
<ptxt>
<phrase category="" id="KC08670917" phrase-urn="urn:x-nevis:phrase:0800c8af81e1cab9">Check the signa#@#@#110#d in <xref>
<ref id="KC08670918"/>
</xref>, and short cir#@#@#26#d in <xref>
<ref id="KC08670919"/>
</xref>, and check the#@#@#72#d in <xref>
<ref id="KC08670920"/>
</xref>.</phrase>
</ptxt>
<note>
<ptxt>
<phrase category="" id="KC08670921" phrase-urn="urn:x-nevis:phrase:0800c8af81e1cac7">With ignition o#@#@#222#ound.</phrase>
</ptxt>
</note>
<diaglist>
<dgraphic>
<dgraphic1>
<graphic id="KC08670922">
<href>0900c8af80054d6#@#@#9#.jpeg</href>
</graphic>
</dgraphic1>
<dgraphic2>
<graphic id="KC08670923">
<href>0900c8af80054d4#@#@#9#.jpeg</href>
</graphic>
<smarttool active="press" id="KC08670924" toolname="ODAH"/>
</dgraphic2>
</dgraphic>
<ditem>
<ditemtext>
<ptxt>
<phrase category="" id="KC08670925" phrase-urn="urn:x-nevis:phrase:0800c8af81e1cada"/>
</ptxt>
</ditemtext>
</ditem>
</diaglist>
</test2>
</test1>
<question>Is there a fault?</question>
<resact-grp>
<result button="yes" comp="button" highlight="0"/>
<action j2008use="1" paperuse="1" screenuse="1">
<ptxt>
<xref>
<ref id="KC08670926"/>
</xref>
</ptxt>
</action>
</resact-grp>
<resact-grp>
<result button="no" comp="button" highlight="0"/>
<action j2008use="1" paperuse="1" screenuse="1">
<ptxt>
<xref>
<ref id="KC08670927"/>
</xref>
</ptxt>
</action>
</resact-grp>
</node>
</testgrp>
<testgrp id="KC03573204" j2008use="1" paperuse="1" resumable="1" screenuse="1" testgrp-id="ha7" x="120" y="320">
<title>
<phrase category="" id="KC08670928" phrase-urn="urn:x-nevis:phrase:0800c8af81e1caec">Checking the EG#@#@#6#erter</phrase>
</title>
<node>
<test1>
<diaglist>
<dgraphic>
<dgraphic1>
<graphic id="KC08670929">
<href>0900c8af80054d4#@#@#9#.jpeg</href>
</graphic>
</dgraphic1>
<dgraphic2>
<graphic id="KC08670930">
<href>0900c8af80054d7#@#@#9#.jpeg</href>
</graphic>
</dgraphic2>
</dgraphic>
<ditem>
<ptxt>
<phrase category="" id="KC08670931" phrase-urn="urn:x-nevis:phrase:0800c8af81e1cafd">Ignition off.</phrase>
</ptxt>
</ditem>
<ditem>
<ptxt>
<phrase category="" id="KC08670932" phrase-urn="urn:x-nevis:phrase:0800c8af81e1cb0c">Connect the con#@#@#31# etc.</phrase>
</ptxt>
</ditem>
</diaglist>
<test2>
<ptxt>
<phrase category="" id="KC08670933" phrase-urn="urn:x-nevis:phrase:0800c8af81e1cb1f">Check if the EG#@#@#30#d in <xref>
<ref id="KC08670934"/>
</xref>.</phrase>
</ptxt>
</test2>
</test1>
<question>Does the EGR re#@#@#9#work?</question>
<resact-grp>
<result button="yes" comp="button" highlight="0"/>
<action j2008use="1" paperuse="1" screenuse="1">
<ptxt>
<xref>
<ref id="KC08670935"/>
</xref>
</ptxt>
</action>
</resact-grp>
<resact-grp>
<result button="no" comp="button" highlight="0"/>
<action j2008use="1" paperuse="1" screenuse="1">
<ptxt>
<xref>
<ref id="KC08670936"/>
</xref>
</ptxt>
</action>
</resact-grp>
</node>
</testgrp>
<testgrp id="KC03573205" j2008use="1" paperuse="1" resumable="1" screenuse="1" testgrp-id="ha7-1" x="280" y="320">
<title>
<phrase category="" id="KC08670937" phrase-urn="urn:x-nevis:phrase:0800c8af81e1cb31">Checking for co#@#@#25#ation</phrase>
</title>
<node>
<test1>
<test2>
<ptxt>
<phrase category="" id="KC08670938" phrase-urn="urn:x-nevis:phrase:0800c8af81e1cb44">The cause of th#@#@#116#ed in<xref>
<ref id="KC08670939"/>
</xref>.</phrase>
</ptxt>
<diaglist>
<dgraphic>
<dgraphic1>
<graphic id="KC08670940">
<href>0900c8af801280d#@#@#9#.jpeg</href>
</graphic>
</dgraphic1>
</dgraphic>
</diaglist>
</test2>
</test1>
<question/>
<resact-grp>
<result button="cont" comp="button" highlight="0"/>
<action j2008use="1" paperuse="1" screenuse="1">
<ptxt>
<xref>
<ref id="KC08670941"/>
</xref>
</ptxt>
</action>
</resact-grp>
</node>
</testgrp>
<testgrp id="KC02155961" j2008use="1" paperuse="1" resumable="1" screenuse="1" testgrp-id="ha7-2" x="280" y="400">
<title>
<phrase category="" id="KC08670942" phrase-urn="urn:x-nevis:phrase:0800c8af81e1cb57">Replacing the c#@#@#3#onent</phrase>
</title>
<node>
<test1>
<test2>
<ptxt>
<phrase category="" id="KC08670943" phrase-urn="urn:x-nevis:phrase:0800c8af81e1cb68">Test with a new#@#@#27#d in <xref>
<ref id="KC08670944"/>
</xref>.</phrase>
</ptxt>
<grate>
<graphic id="KC08670945">
<href>0900c8af803f8b5#@#@#9#.jpeg</href>
</graphic>
</grate>
</test2>
</test1>
<question/>
<resact-grp>
<result button="cont" comp="button" highlight="0"/>
<action j2008use="1" paperuse="1" screenuse="1">
<ptxt>
<xref>
<ref id="KC08670946"/>
</xref>
</ptxt>
</action>
</resact-grp>
</node>
</testgrp>
<testgrp id="KC02155962" j2008use="1" paperuse="1" resumable="1" screenuse="1" testgrp-id="veri" x="440" y="80">
<title>
<phrase category="" id="KC08670947" phrase-urn="urn:x-nevis:phrase:0800c8af81e1cb7d">Verification</phrase>
</title>
<subcalloutnode>
<diagcallout>
<xref>
<ref id="KC08670948"/>
</xref>
</diagcallout>
<rescall-grp>
<result comp="string" highlight="0" op="eq" return="VERIFIED"/>
<calloutaction>
<return value="FAULT FOUND"/>
</calloutaction>
</rescall-grp>
<rescall-grp>
<result comp="string" highlight="0" op="eq" return="VERIFICATION FAILED"/>
<calloutaction>
<ptxt>
<xref>
<ref id="KC08670949"/>
</xref>
</ptxt>
</calloutaction>
</rescall-grp>
</subcalloutnode>
</testgrp>
<testgrp id="KC02155963" j2008use="1" paperuse="1" resumable="1" screenuse="1" testgrp-id="info1" x="600" y="80">
<title>
<phrase category="" id="KC08670950" phrase-urn="urn:x-nevis:phrase:0800c8af81e1cb92">Trouble-shootin#@#@#8#ation</phrase>
</title>
<subcalloutnode>
<diagcallout>
<xref>
<ref id="KC08670951"/>
</xref>
</diagcallout>
<rescall-grp>
<result comp="string" highlight="0" op="eq" return="NEW TRY"/>
<calloutaction>
<ptxt>
<xref>
<ref id="KC08670952"/>
</xref>
</ptxt>
</calloutaction>
</rescall-grp>
<rescall-grp>
<result comp="string" highlight="0" op="eq" return="FAULTTRACING FAILED"/>
<calloutaction>
<return value="FAULTTRACING FAILED"/>
</calloutaction>
</rescall-grp>
</subcalloutnode>
</testgrp>
</diagnostic>
</servinfosub>