<?xml version="1.0" encoding="UTF-8"?><servinfosub IE-ID="en-US0900c8af8068aa03" docno="VCC-083051" id="KC02183777" xml:lang="en-US">
<title>Replacing passe#@#@#12#cover</title>
<procedure id="KC03564667">
<stepgrp id="KC03564668">
<title>Removing</title>
<procstep>
<title/>
<grate>
<graphic id="KC08551788" width="column">
<href>0900c8af8068aa0#@#@#9#.jpeg</href>
</graphic>
<graphtext>
<para>
<ptxt>Disconnect batt#@#@#13#lead.</ptxt>
</para>
<para>
<ptxt>Remove the airb#@#@#47#dure
<xref>
<ref id="KC08551789"/>
</xref>.</ptxt>
</para>
<para>
<ptxt>Remove the two #@#@#7#lips.</ptxt>
</para>
</graphtext>
</grate>
</procstep>
<procstep>
<title/>
<grate>
<graphic id="KC08551790" width="column">
<href>0900c8af8068aa0#@#@#9#.jpeg</href>
</graphic>
<graphtext>
<para>
<ptxt>Drill out the t#@#@#48#ard.
</ptxt>
<ptxt>Use a ♦ 3 mm dr#@#@#3# bit.</ptxt>
</para>
</graphtext>
</grate>
</procstep>
<procstep>
<title/>
<grate>
<graphic id="KC08551791" width="column">
<href>0900c8af8068aa1#@#@#9#.jpeg</href>
</graphic>
<graphtext>
<para>
<ptxt>Remove the felt#@#@#56#rail.</ptxt>
</para>
</graphtext>
</grate>
</procstep>
<procstep>
<title/>
<grate>
<graphic id="KC08551792" width="column">
<href>0900c8af8068aa0#@#@#9#.jpeg</href>
</graphic>
<graphtext>
<para>
<ptxt>Drill out the 4#@#@#55#ill.
</ptxt>
<ptxt>Use a ♦ 3 mm dr#@#@#3# bit.</ptxt>
</para>
</graphtext>
</grate>
</procstep>
<procstep>
<title/>
<grate>
<graphic id="KC08551793" width="column">
<href>0900c8af8068aa0#@#@#9#.jpeg</href>
</graphic>
<graphtext>
<para>
<ptxt>Remove the 3 fr#@#@#22#over.</ptxt>
</para>
</graphtext>
</grate>
</procstep>
<procstep>
<title/>
<grate>
<graphic id="KC08551794" width="column">
<href>0900c8af8068aa0#@#@#9#.jpeg</href>
</graphic>
<graphtext>
<para>
<ptxt>Cut off the spr#@#@#74#raps.</ptxt>
</para>
</graphtext>
</grate>
</procstep>
<procstep>
<title/>
<grate>
<graphic id="KC08551795" width="column">
<href>0900c8af8068aa0#@#@#9#.jpeg</href>
</graphic>
<graphtext>
<para>
<ptxt>Detach the cove#@#@#19#ward.</ptxt>
<ptxt>Clean swarf fro#@#@#32# air.</ptxt>
</para>
</graphtext>
</grate>
</procstep>
</stepgrp>
<stepgrp id="KC03564669">
<title>Installing</title>
<procstep>
<title/>
<grate>
<graphic id="KC08551796" width="column">
<href>0900c8af8068aa0#@#@#9#.jpeg</href>
</graphic>
<graphtext>
<para>
<ptxt>Transfer the me#@#@#33#uds.
</ptxt>
</para>
</graphtext>
</grate>
</procstep>
<procstep>
<title/>
<grate>
<graphic id="KC08551797" width="column">
<href>0900c8af8068aa0#@#@#9#.jpeg</href>
</graphic>
<graphtext>
<para>
<ptxt>Apply/paint on #@#@#79#ish.
</ptxt>
</para>
</graphtext>
</grate>
</procstep>
<procstep>
<title/>
<grate>
<graphic id="KC08551798" width="column">
<href>0900c8af8068aa0#@#@#9#.jpeg</href>
</graphic>
<graphtext>
<para>
<ptxt>Install new cov#@#@#15#oard.</ptxt>
<ptxt>First apply the#@#@#28#them.</ptxt>
<ptxt>Install a pop r#@#@#69# yet.</ptxt>
</para>
</graphtext>
</grate>
</procstep>
<procstep>
<title/>
<grate>
<graphic id="KC08551799" width="column">
<href>0900c8af8068aa0#@#@#9#.jpeg</href>
</graphic>
<graphtext>
<para>
<ptxt>Install a rivet#@#@#31#e it.</ptxt>
<ptxt>Close the guide#@#@#2#ivet.</ptxt>
<ptxt>Close both the #@#@#9#vets.</ptxt>
<ptxt>Install new fel#@#@#22#vets.</ptxt>
</para>
</graphtext>
</grate>
</procstep>
<procstep>
<title/>
<grate>
<graphic id="KC08551800" width="column">
<href>0900c8af8068aa0#@#@#9#.jpeg</href>
</graphic>
<graphtext>
<para>
<ptxt>Tighten nuts. T#@#@#10#3 Nm.</ptxt>
<ptxt>Position the re#@#@#36#lips.</ptxt>
</para>
</graphtext>
</grate>
</procstep>
<procstep>
<title/>
<grate>
<graphic id="KC08551801" width="column">
<href>0900c8af8068aa0#@#@#9#.jpeg</href>
</graphic>
<graphtext>
<para>
<ptxt>Remove the back#@#@#52#over.</ptxt>
<ptxt>Press the retai#@#@#20#tape.</ptxt>
</para>
</graphtext>
</grate>
</procstep>
<procstep>
<title/>
<grate>
<graphic id="KC08551802" width="column">
<href>0900c8af8068aa1#@#@#9#.jpeg</href>
</graphic>
<graphtext>
<para>
<ptxt>The outer lower#@#@#86#ling.</ptxt>
<ptxt>First clean the#@#@#34#r H.
</ptxt>
<ptxt>Bond with adhes#@#@#67#ards.</ptxt>
</para>
</graphtext>
</grate>
</procstep>
<procstep>
<title/>
<grate>
<graphic id="KC08551803" width="column">
<href>0900c8af8068aa0#@#@#9#.jpeg</href>
</graphic>
<graphtext>
<para>
<ptxt>Install the scr#@#@#4#lips.</ptxt>
</para>
<ptxt>Install the air#@#@#19#g to
<xref>
<ref id="KC08551804"/>
</xref>.
</ptxt>
</graphtext>
</grate>
</procstep>
</stepgrp>
</procedure>
</servinfosub>