<?xml version="1.0" encoding="UTF-8"?><diagnostic IE-ID="en-US0900c8af805daa03" docno="VCC-050456" id="KC02135809" type="test" xml:lang="en-US">
<title>
<phrase category="" id="KC08404891" phrase-urn="urn:x-nevis:phrase:0800c8af81dc4443"/>
</title>
<testgrp IE-ID="en-US0900c8af805daa03_KC02141329" id="KC02141329" j2008use="1" paperuse="1" resumable="1" screenuse="1" testgrp-id="k5" x="80" y="40">
<title>
<phrase category="" id="KC08404892" phrase-urn="urn:x-nevis:phrase:0800c8af81dc4444">      Checking #@#@#46#units</phrase>
</title>
<node>
<test1>
<diaglist>
<dgraphic>
<dgraphic1>
<graphic id="KC08404893">
<href>0900c8af80054d4#@#@#9#.jpeg</href>
</graphic>
</dgraphic1>
<dgraphic3>
<graphic id="KC08404894">
<href>0900c8af80054cc#@#@#9#.jpeg</href>
</graphic>
</dgraphic3>
</dgraphic>
<ditem>
<ptxt>
<phrase category="" id="KC08404895" phrase-urn="urn:x-nevis:phrase:0800c8af81dc4445">      Ignition off.</phrase>
</ptxt>
</ditem>
<ditem>
<ptxt>
<phrase category="" id="KC08404896" phrase-urn="urn:x-nevis:phrase:0800c8af81dc4446">      Reinstall#@#@#22# 2/7.</phrase>
</ptxt>
</ditem>
<ditem>
<ptxt>
<phrase category="" id="KC08404897" phrase-urn="urn:x-nevis:phrase:0800c8af81dc4447">      Remove al#@#@#9#nels.</phrase>
</ptxt>
</ditem>
<ditem>
<ptxt>
<phrase category="" id="KC08404898" phrase-urn="urn:x-nevis:phrase:0800c8af81dc4448">      Open cent#@#@#23#tors.</phrase>
</ptxt>
</ditem>
</diaglist>
<test2>
<ptxt>
<phrase category="" id="KC08404899" phrase-urn="urn:x-nevis:phrase:0800c8af81dc4449">      Front doo#@#@#3#nits:</phrase>
</ptxt>
<diaglist>
<dgraphic>
<dgraphic1>
<graphic id="KC08404900">
<href>0900c8af805da78#@#@#9#.jpeg</href>
</graphic>
</dgraphic1>
<dgraphic2>
<graphic id="KC08404901">
<href>0900c8af80054d4#@#@#9#.jpeg</href>
</graphic>
<smarttool active="press" id="KC08404902" toolname="ODAH"/>
</dgraphic2>
</dgraphic>
<ditem>
<ditemtext>
<ptxt>
<phrase category="" id="KC08404903" phrase-urn="urn:x-nevis:phrase:0800c8af81dc444a">      Connect a#@#@#74#ctor.</phrase>
</ptxt>
</ditemtext>
</ditem>
</diaglist>
<grate>
<graphic id="KC08404904" width="column">
<href>0900c8af805da75#@#@#9#.jpeg</href>
</graphic>
</grate>
</test2>
</test1>
<question>Ohmmeter should#@#@#65#osed.</question>
<resact-grp>
<result button="ok" comp="button" highlight="0"/>
<action j2008use="1" paperuse="0" screenuse="1">
<ptxt>
<xref>
<ref id="KC08404905"/>
</xref>
</ptxt>
</action>
</resact-grp>
<resact-grp>
<result button="notok" comp="button" highlight="0"/>
<action j2008use="1" paperuse="0" screenuse="1">
<ptxt>
<xref>
<ref id="KC08404906"/>
</xref>
</ptxt>
</action>
</resact-grp>
</node>
</testgrp>
<testgrp id="KC02141330" j2008use="1" paperuse="1" resumable="1" screenuse="1" testgrp-id="k5b" x="80" y="120">
<title>
<phrase category="" id="KC08404907" phrase-urn="urn:x-nevis:phrase:0800c8af81dc444b">      Checking #@#@#57#inued</phrase>
</title>
<node>
<test1>
<diaglist>
<dgraphic>
<dgraphic1>
<graphic id="KC08404908">
<href>0900c8af80054d4#@#@#9#.jpeg</href>
</graphic>
</dgraphic1>
</dgraphic>
<ditem>
<ptxt>
<phrase category="" id="KC08404909" phrase-urn="urn:x-nevis:phrase:0800c8af81dc444c">      Ignition off.</phrase>
</ptxt>
</ditem>
<ditem>
<ptxt>
<phrase category="" id="KC08404910" phrase-urn="urn:x-nevis:phrase:0800c8af81dc444d">      All door #@#@#10#oved.</phrase>
</ptxt>
</ditem>
</diaglist>
<test2>
<ptxt>
<phrase category="" id="KC08404911" phrase-urn="urn:x-nevis:phrase:0800c8af81dc444e">      Rear door#@#@#2#nits:</phrase>
</ptxt>
<diaglist>
<dgraphic>
<dgraphic1>
<graphic id="KC08404912">
<href>0900c8af805da7b#@#@#9#.jpeg</href>
</graphic>
</dgraphic1>
<dgraphic2>
<graphic id="KC08404913">
<href>0900c8af80054d4#@#@#9#.jpeg</href>
</graphic>
<smarttool active="press" id="KC08404914" toolname="ODAH"/>
</dgraphic2>
</dgraphic>
<ditem>
<ditemtext>
<ptxt>
<phrase category="" id="KC08404915" phrase-urn="urn:x-nevis:phrase:0800c8af81dc444f">      Connect a#@#@#72#ctor.</phrase>
</ptxt>
</ditemtext>
</ditem>
</diaglist>
<grate>
<graphic id="KC08404916">
<href>0900c8af805daa2#@#@#9#.jpeg</href>
</graphic>
</grate>
</test2>
</test1>
<question>Ohmmeter should#@#@#66#door.</question>
<resact-grp>
<result button="ok" comp="button" highlight="0"/>
<action j2008use="1" paperuse="0" screenuse="1">
<ptxt>
<xref>
<ref id="KC08404917"/>
</xref>
</ptxt>
</action>
</resact-grp>
<resact-grp>
<result button="notok" comp="button" highlight="0"/>
<action j2008use="1" paperuse="0" screenuse="1">
<ptxt>
<xref>
<ref id="KC08404918"/>
</xref>
</ptxt>
</action>
</resact-grp>
</node>
</testgrp>
<testgrp id="KC02141331" j2008use="1" paperuse="0" resumable="1" screenuse="1" testgrp-id="k5-1" x="240" y="120">
<title>
<phrase category="" id="KC08404919" phrase-urn="urn:x-nevis:phrase:0800c8af81dc4450">Fault sources</phrase>
</title>
<node>
<test1>
<test2>
<diaglist>
<ditem>
<ptxt>
<phrase category="" id="KC08404920" phrase-urn="urn:x-nevis:phrase:0800c8af81dc4451">      Fault in #@#@#136#unit.</phrase>
</ptxt>
</ditem>
</diaglist>
</test2>
</test1>
<question>Press Continue #@#@#18#ired.</question>
<resact-grp>
<result button="cont" comp="button" highlight="0"/>
<action j2008use="1" paperuse="0" screenuse="1">
<return value="FAULT FOUND"/>
</action>
</resact-grp>
</node>
</testgrp>
<testgrp id="KC02141332" j2008use="1" paperuse="1" resumable="1" screenuse="1" testgrp-id="k6" x="80" y="280">
<title>
<phrase category="" id="KC08404921" phrase-urn="urn:x-nevis:phrase:0800c8af81dc4452">      Checking #@#@#57#units</phrase>
</title>
<node>
<test1>
<diaglist>
<dgraphic>
<dgraphic1>
<graphic id="KC08404922">
<href>0900c8af80054d4#@#@#9#.jpeg</href>
</graphic>
</dgraphic1>
<dgraphic2>
<graphic id="KC08404923">
<href>0900c8af80054d7#@#@#9#.jpeg</href>
</graphic>
</dgraphic2>
</dgraphic>
<ditem>
<ptxt>
<phrase category="" id="KC08404924" phrase-urn="urn:x-nevis:phrase:0800c8af81dc4453">      Ignition off.</phrase>
</ptxt>
</ditem>
<ditem>
<ptxt>
<phrase category="" id="KC08404925" phrase-urn="urn:x-nevis:phrase:0800c8af81dc4454">      All door #@#@#10#oved.</phrase>
</ptxt>
</ditem>
<ditem>
<ptxt>
<phrase category="" id="KC08404926" phrase-urn="urn:x-nevis:phrase:0800c8af81dc4455">      Central l#@#@#25#ened.</phrase>
</ptxt>
</ditem>
</diaglist>
<test2>
<ptxt>
<phrase category="" id="KC08404927" phrase-urn="urn:x-nevis:phrase:0800c8af81dc4456">      Front doo#@#@#4#its. </phrase>
</ptxt>
<diaglist>
<dgraphic>
<dgraphic1>
<graphic id="KC08404928">
<href>0900c8af805da9c#@#@#9#.jpeg</href>
</graphic>
</dgraphic1>
<dgraphic2>
<graphic id="KC08404929">
<href>0900c8af80054d4#@#@#9#.jpeg</href>
</graphic>
<smarttool active="press" id="KC08404930" toolname="ODAH"/>
</dgraphic2>
</dgraphic>
<ditem>
<ditemtext>
<ptxt>
<phrase category="" id="KC08404931" phrase-urn="urn:x-nevis:phrase:0800c8af81dc4457">      Connect a#@#@#77#ound.</phrase>
</ptxt>
</ditemtext>
</ditem>
</diaglist>
<grate>
<graphic id="KC08404932" width="column">
<href>0900c8af805da75#@#@#9#.jpeg</href>
</graphic>
</grate>
</test2>
</test1>
<question>Ohmmeter should#@#@#9# 0 Ω.</question>
<resact-grp>
<result button="ok" comp="button" highlight="0"/>
<action j2008use="1" paperuse="0" screenuse="1">
<ptxt>
<xref>
<ref id="KC08404933"/>
</xref>
</ptxt>
</action>
</resact-grp>
<resact-grp>
<result button="notok" comp="button" highlight="0"/>
<action j2008use="1" paperuse="0" screenuse="1">
<ptxt>
<xref>
<ref id="KC08404934"/>
</xref>
</ptxt>
</action>
</resact-grp>
</node>
</testgrp>
<testgrp id="KC02141333" j2008use="1" paperuse="1" resumable="1" screenuse="1" testgrp-id="k6b" x="80" y="360">
<title>
<phrase category="" id="KC08404935" phrase-urn="urn:x-nevis:phrase:0800c8af81dc4458">      Checking #@#@#68#inued</phrase>
</title>
<node>
<test1>
<diaglist>
<dgraphic>
<dgraphic1>
<graphic id="KC08404936">
<href>0900c8af80054d4#@#@#9#.jpeg</href>
</graphic>
</dgraphic1>
<dgraphic2>
<graphic id="KC08404937">
<href>0900c8af80054d7#@#@#9#.jpeg</href>
</graphic>
</dgraphic2>
</dgraphic>
<ditem>
<ptxt>
<phrase category="" id="KC08404938" phrase-urn="urn:x-nevis:phrase:0800c8af81dc4459">      Ignition off.</phrase>
</ptxt>
</ditem>
<ditem>
<ptxt>
<phrase category="" id="KC08404939" phrase-urn="urn:x-nevis:phrase:0800c8af81dc445a">      All door #@#@#10#oved.</phrase>
</ptxt>
</ditem>
<ditem>
<ptxt>
<phrase category="" id="KC08404940" phrase-urn="urn:x-nevis:phrase:0800c8af81dc445b">      Central l#@#@#25#ened.</phrase>
</ptxt>
</ditem>
</diaglist>
<test2>
<ptxt>
<phrase category="" id="KC08404941" phrase-urn="urn:x-nevis:phrase:0800c8af81dc445c">      Rear door#@#@#2#nits:</phrase>
</ptxt>
<diaglist>
<dgraphic>
<dgraphic1>
<graphic id="KC08404942">
<href>0900c8af805da7b#@#@#9#.jpeg</href>
</graphic>
</dgraphic1>
<dgraphic2>
<graphic id="KC08404943">
<href>0900c8af80054d4#@#@#9#.jpeg</href>
</graphic>
<smarttool active="press" id="KC08404944" toolname="ODAH"/>
</dgraphic2>
</dgraphic>
<ditem>
<ditemtext>
<ptxt>
<phrase category="" id="KC08404945" phrase-urn="urn:x-nevis:phrase:0800c8af81dc445d">      Connect a#@#@#70#ound.</phrase>
</ptxt>
</ditemtext>
</ditem>
</diaglist>
<grate>
<graphic id="KC08404946">
<href>0900c8af805daa2#@#@#9#.jpeg</href>
</graphic>
</grate>
</test2>
</test1>
<question>Ohmmeter should#@#@#9# 0 Ω.</question>
<resact-grp>
<result button="ok" comp="button" highlight="0"/>
<action j2008use="1" paperuse="0" screenuse="1">
<ptxt>
<xref>
<ref id="KC08404947"/>
</xref>
</ptxt>
</action>
</resact-grp>
<resact-grp>
<result button="notok" comp="button" highlight="0"/>
<action j2008use="1" paperuse="0" screenuse="1">
<ptxt>
<xref>
<ref id="KC08404948"/>
</xref>
</ptxt>
</action>
</resact-grp>
</node>
</testgrp>
<testgrp id="KC02141334" j2008use="1" paperuse="0" resumable="1" screenuse="1" testgrp-id="k6-1" x="240" y="280">
<title>
<phrase category="" id="KC08404949" phrase-urn="urn:x-nevis:phrase:0800c8af81dc445e">Checking for op#@#@#5#rcuit</phrase>
</title>
<node>
<test1>
<test2>
<diaglist>
<dgraphic>
<dgraphic1>
<graphic id="KC08404950">
<href>0900c8af805da9c#@#@#9#.jpeg</href>
</graphic>
</dgraphic1>
<dgraphic2>
<graphic id="KC08404951">
<href>0900c8af80054d4#@#@#9#.jpeg</href>
</graphic>
<smarttool active="press" id="KC08404952" toolname="ODAH"/>
</dgraphic2>
</dgraphic>
<ditem>
<ditemtext>
<ptxt>
<phrase category="" id="KC08404953" phrase-urn="urn:x-nevis:phrase:0800c8af81dc445f">      Open-circ#@#@#246#al T.</phrase>
</ptxt>
</ditemtext>
</ditem>
</diaglist>
<grate>
<graphic id="KC08404954">
<href>0900c8af805da75#@#@#9#.jpeg</href>
</graphic>
</grate>
</test2>
</test1>
<question>Press Continue #@#@#18#ired.</question>
<resact-grp>
<result button="cont" comp="button" highlight="0"/>
<action j2008use="1" paperuse="0" screenuse="1">
<ptxt>
<xref>
<ref id="KC08404955"/>
</xref>
</ptxt>
</action>
</resact-grp>
</node>
</testgrp>
<testgrp id="KC02141335" j2008use="1" paperuse="0" resumable="1" screenuse="1" testgrp-id="k6-2" x="240" y="360">
<title>
<phrase category="" id="KC08404956" phrase-urn="urn:x-nevis:phrase:0800c8af81dc4460">Checking for op#@#@#5#rcuit</phrase>
</title>
<node>
<test1>
<test2>
<diaglist>
<dgraphic>
<dgraphic1>
<graphic id="KC08404957">
<href>0900c8af805da7b#@#@#9#.jpeg</href>
</graphic>
</dgraphic1>
<dgraphic2>
<graphic id="KC08404958">
<href>0900c8af80054d4#@#@#9#.jpeg</href>
</graphic>
<smarttool active="press" id="KC08404959" toolname="ODAH"/>
</dgraphic2>
</dgraphic>
<ditem>
<ditemtext>
<ptxt>
<phrase category="" id="KC08404960" phrase-urn="urn:x-nevis:phrase:0800c8af81dc4462">      Open-circ#@#@#132# per <xref>
<ref id="KC08404961"/>
</xref>. Correct fault#@#@#153#al T.</phrase>
</ptxt>
</ditemtext>
</ditem>
</diaglist>
<grate>
<graphic id="KC08404962">
<href>0900c8af805daa2#@#@#9#.jpeg</href>
</graphic>
</grate>
</test2>
</test1>
<question>Press Continue #@#@#18#ired.</question>
<resact-grp>
<result button="cont" comp="button" highlight="0"/>
<action j2008use="1" paperuse="0" screenuse="1">
<return value="FAULT FOUND"/>
</action>
</resact-grp>
</node>
</testgrp>
<testgrp id="KC02141336" j2008use="1" paperuse="0" resumable="1" screenuse="1" testgrp-id="k6-3" x="240" y="440">
<title>
<phrase category="" id="KC08404963" phrase-urn="urn:x-nevis:phrase:0800c8af81dc4463">Checking for op#@#@#22#rcuit</phrase>
</title>
<node>
<test1>
<test2>
<diaglist>
<dgraphic>
<dgraphic1>
<graphic id="KC08404964">
<href>0900c8af805da9c#@#@#9#.jpeg</href>
</graphic>
</dgraphic1>
<dgraphic2>
<graphic id="KC08404965">
<href>0900c8af80054d4#@#@#9#.jpeg</href>
</graphic>
<smarttool active="press" id="KC08404966" toolname="ODAH"/>
</dgraphic2>
</dgraphic>
<ditem>
<ditemtext>
<ptxt>
<phrase category="" id="KC08404967" phrase-urn="urn:x-nevis:phrase:0800c8af81dc4464">      Open-circ#@#@#140# per <xref>
<ref id="KC08404968"/>
</xref> or short-circu#@#@#15# per <xref>
<ref id="KC08404969"/>
</xref>. Correct fault#@#@#173#side.</phrase>
</ptxt>
</ditemtext>
</ditem>
</diaglist>
<grate>
<graphic id="KC08404970">
<href>0900c8af805da75#@#@#9#.jpeg</href>
</graphic>
</grate>
</test2>
</test1>
<question>Press Continue #@#@#18#ired.</question>
<resact-grp>
<result button="cont" comp="button" highlight="0"/>
<action j2008use="1" paperuse="0" screenuse="1">
<ptxt>
<xref>
<ref id="KC08404971"/>
</xref>
</ptxt>
</action>
</resact-grp>
</node>
</testgrp>
<testgrp id="KC02141337" j2008use="1" paperuse="0" resumable="1" screenuse="1" testgrp-id="k6-4" x="240" y="520">
<title>
<phrase category="" id="KC08404972" phrase-urn="urn:x-nevis:phrase:0800c8af81dc4465">Checking for op#@#@#22#rcuit</phrase>
</title>
<node>
<test1>
<test2>
<diaglist>
<dgraphic>
<dgraphic1>
<graphic id="KC08404973">
<href>0900c8af805da7b#@#@#9#.jpeg</href>
</graphic>
</dgraphic1>
<dgraphic2>
<graphic id="KC08404974">
<href>0900c8af80054d4#@#@#9#.jpeg</href>
</graphic>
<smarttool active="press" id="KC08404975" toolname="ODAH"/>
</dgraphic2>
</dgraphic>
<ditem>
<ditemtext>
<ptxt>
<phrase category="" id="KC08404976" phrase-urn="urn:x-nevis:phrase:0800c8af81dc4466">      Open-circ#@#@#140# per <xref>
<ref id="KC08404977"/>
</xref> or short-circu#@#@#15# per <xref>
<ref id="KC08404978"/>
</xref>. Correct fault#@#@#177#mber.</phrase>
</ptxt>
</ditemtext>
</ditem>
</diaglist>
<grate>
<graphic id="KC08404979">
<href>0900c8af805daa2#@#@#9#.jpeg</href>
</graphic>
</grate>
</test2>
</test1>
<question>Press Continue #@#@#18#ired.</question>
<resact-grp>
<result button="cont" comp="button" highlight="0"/>
<action j2008use="1" paperuse="0" screenuse="1">
<return value="FAULT FOUND"/>
</action>
</resact-grp>
</node>
</testgrp>
</diagnostic>