<?xml version="1.0" encoding="UTF-8"?><script xmlns:nevis="http://www.volvocars.com/namespaces/processing" xmlns:xlink="http://www.w3.org/1999/xlink" IE-ID="en-US0900c8af826b5a03" docno="VCC-237503" id="nev10184317n1" nevis:expl-profile="mdl644yr2000, mdl645yr2000, mdl644yr2003, mdl644yr2002, mdl645yr2002, mdl644yr1999, mdl644yr2001, mdl644yr2004, mdl645yr1999, mdl645yr2004, mdl645yr2003, mdl645yr2001" nevis:profile="urn:x-nevis:profile:0b00c8af802065ab urn:x-nevis:profile:0b00c8af802065ad urn:x-nevis:profile:0b00c8af802065af urn:x-nevis:profile:0b00c8af802065b3 urn:x-nevis:profile:0b00c8af802065b8 urn:x-nevis:profile:0b00c8af802065bd urn:x-nevis:profile:0b00c8af802065bf urn:x-nevis:profile:0b00c8af802065c5 urn:x-nevis:profile:0b00c8af802065c6 urn:x-nevis:profile:0b00c8af802065ca urn:x-nevis:profile:0b00c8af802065cc urn:x-nevis:profile:0b00c8af802065e4" nevis:projectdocument="urn:x-nevis:projectdocument:0800c8af81de8589" nevis:resource="0900c8af826b5a07" nevis:resource2="urn:x-nevis:fragment:0900c8af826b5a03:0900c8af826b5a07#nev10184317n1" nevis:session-id="" qualifierinfotype="14:00" type="" xml:lang="en-US"><title>Read air temper#@#@#13#DC15C</title><content gui="1" height="150" id="nev10184318n1-nev10184317n3" nevis:expl-profile="mdl644yr2000, mdl645yr2000, mdl644yr2003, mdl644yr2002, mdl645yr2002, mdl644yr1999, mdl644yr2001, mdl644yr2004, mdl645yr1999, mdl645yr2004, mdl645yr2003, mdl645yr2001" nevis:idfrom="nev10184318n1" nevis:prefix="nev10184318n1" nevis:profile="urn:x-nevis:profile:0b00c8af802065ab urn:x-nevis:profile:0b00c8af802065ad urn:x-nevis:profile:0b00c8af802065af urn:x-nevis:profile:0b00c8af802065b3 urn:x-nevis:profile:0b00c8af802065b8 urn:x-nevis:profile:0b00c8af802065bd urn:x-nevis:profile:0b00c8af802065bf urn:x-nevis:profile:0b00c8af802065c5 urn:x-nevis:profile:0b00c8af802065c6 urn:x-nevis:profile:0b00c8af802065ca urn:x-nevis:profile:0b00c8af802065cc urn:x-nevis:profile:0b00c8af802065e4" nevis:resource="0900c8af826b5a09" nevis:resource2="urn:x-nevis:fragment:0900c8af826b5a03:0900c8af826b5a09#nev10184317n3" width="400" xml:lang="en-US"><nodes id="nev10184318n1-nev10764853n1"><node class="Components.StartNode" id="nev10184318n1-nev10764854n1" nodeid="Start" x="17" y="58"/><node class="Components.Gui.ParameterLabel" id="nev10184318n1-nev10764855n1" nodeid="ParameterLabel1" x="431" y="40"><gui height="70" id="nev10184318n1-nev10764856n1" width="380" x="10" y="10"/><property class="Parameter" id="nev10184318n1-nev10764857n1" name="Parameter" type="In" value="" visible="1"/><property class="String" id="nev10184318n1-nev10764858n1" name="Title" type="In" value="" visible="1"/><property class="String" id="nev10184318n1-nev10764859n1" name="Value" type="In" value="" visible="1"/><property class="String" id="nev10184318n1-nev10764860n1" name="Unit" type="In" value="" visible="1"/></node><node class="Components.ScriptComponent" id="nev10184318n1-nev10764861n1" nodeid="ScriptComponent1" x="184" y="387"/><node class="Components.IdentifierComponent" id="nev10184318n1-nev10764862n1" nodeid="IdentifierComponent1" x="279" y="18"><property class="Parameter" id="nev10184318n1-nev10764863n1" name="Intake air temperature" type="Out" value="" visible="1"/><extension id="nev10184318n1-nev10764864n1"><identifier ecu="284101" ecuMode="EcuType" id="nev10184318n1-nev10764865n1" read="25" type="REOFF" value="A9"><parameter id="nev10184318n1-nev10764866n1" name="Intake air temperature" textid="4896"/></identifier></extension></node><node class="Components.ScriptButton" id="nev10184318n1-nev10764867n1" nodeid="Hide" x="21" y="253"><gui height="30" id="nev10184318n1-nev10764868n1" width="110" x="280" y="100"/><property class="String" id="nev10184318n1-nev10764869n1" name="Text" type="In" value="" visible="0"/><property class="String" id="nev10184318n1-nev10764870n1" name="StartDisabled" type="Internal" value="false" visible="1"/><extension id="nev10184318n1-nev10764871n1"><phrase category="Faulttracing" id="nev10184318n1-nev10184966n1" phrase-urn="urn:x-nevis:phrase:0800c8af81b6b138">Hide</phrase></extension></node><node class="Components.Repeater" id="nev10184318n1-nev10764872n1" nodeid="Iterator" x="125" y="81"><property class="Int" id="nev10184318n1-nev10764873n1" name="Wait" type="Internal" value="500" visible="1"/></node><node class="Components.VehComm" id="nev10184318n1-nev10764874n1" nodeid="StopDiagnosticSession" x="182" y="237"><property class="String" id="nev10184318n1-nev10764875n1" name="Mode" type="Internal" value="EcuType" visible="1"/><property class="Int" id="nev10184318n1-nev10764876n1" name="EcuType" type="In" value="284101" visible="0"/><property class="Int" id="nev10184318n1-nev10764877n1" name="ServiceId" type="In" value="27" visible="0"/><property class="String" id="nev10184318n1-nev10764878n1" name="EcuName" type="Out" value="" visible="1"/><property class="Response" id="nev10184318n1-nev10764879n1" name="Result" type="Out" value="" visible="1"/><extension id="nev10184318n1-nev10764880n1"/></node></nodes><handlers id="nev10184318n1-nev10764881n1"><eventhandler id="nev10184318n1-nev10764882n1" name="OnStart" node="Start"><call id="nev10184318n1-nev10764883n1" method="UpdateTitles" node="IdentifierComponent1"/><call id="nev10184318n1-nev10764884n1" method="Start" node="Iterator"/></eventhandler><eventhandler id="nev10184318n1-nev10764885n1" name="OnRepeat" node="Iterator"><call id="nev10184318n1-nev10764886n1" method="Read" node="IdentifierComponent1"/></eventhandler><eventhandler id="nev10184318n1-nev10764887n1" name="Click" node="Hide"><call id="nev10184318n1-nev10764888n1" method="Execute" node="StopDiagnosticSession"/><call id="nev10184318n1-nev10764889n1" method="CloseDialog" node="ScriptComponent1"/></eventhandler><propertyhandler id="nev10184318n1-nev10764890n1" name="Intake air temperature" node="IdentifierComponent1"><set id="nev10184318n1-nev10764891n1" node="ParameterLabel1" property="Parameter"/></propertyhandler></handlers></content></script>