<?xml version="1.0" encoding="UTF-8"?><servinfosub IE-ID="en-US0900c8af844d5a03" docno="VCC-370885" id="nev13716942n1" original="sv-SE" servinfosubId="nev13716943n1-nev13716949n1" servinfosubRes="0900c8af844d5a05" servinfosubRes2="urn:x-nevis:fragment:0900c8af844d5a03:0900c8af844d5a05#nev13716949n1" xml:lang="en-US">
<operationnumbers>
<operationnumber>86131-3</operationnumber>
</operationnumbers>
<title id="nev13716941n24">Rear bumper rail</title>
<imagedisclaimer id="nev13716943n1-nev13716948n40"/>
<procedure id="nev13716943n1-nev13716948n41">
<stepgrp boilerplate="true" context="removal" id="nev13716943n1-nev13716948n42">
<procstep id="nev13716943n1-nev13716948n43">
<title id="nev13716943n1-nev13716948n44"/>
<list1 boilerplate="true" context="remove" enumtype="d" id="nev13716943n1-nev13716948n76" type="unordered">
<item id="nev13716943n1-nev13716948n77">
<ptxt id="nev13716943n1-nev13716948n78">Shell, lower pa#@#@#14#per. <xref boilerplate="true" id="nev13716943n1-nev13716948n79">
<ref id="nev13716943n1-nev13716948n80"/>
</xref>
</ptxt>
</item>
<item id="nev13716943n1-nev13716948n81">
<ptxt id="nev13716943n1-nev13716948n82">Shell, upper pa#@#@#14#per. <xref boilerplate="true" id="nev13716943n1-nev13716948n83">
<ref id="nev13716943n1-nev13716948n84"/>
</xref>
</ptxt>
</item>
</list1>
</procstep>
<procstep id="nev13716943n1-nev13716948n48">
<title id="nev13716943n1-nev13716948n49"/>
<para id="nev13716943n1-nev13716948n50">
<ptxt id="nev13716943n1-nev13716948n51">Determine the e#@#@#16#age. <xref boilerplate="true" id="nev13716943n1-nev13716948n52">
<ref id="nev13716943n1-nev13716948n53"/>
</xref>.</ptxt>
</para>
</procstep>
<procstep id="nev13716943n1-nev13716948n54">
<title id="nev13716943n1-nev13716948n55"/>
<grate id="nev13716943n1-nev13716948n56">
<graphic id="nev13716943n1-nev13716948n57">
<href>0900c8af838650b#@#@#9#.jpeg</href>
</graphic>
<graphtext id="nev13716943n1-nev13716948n98">
<para id="nev13716943n1-nev13716948n99">
<ptxt id="nev13716943n1-nev13716948n100">
<torque id="nev13716943n1-nev13716951n1">
<ref id="nev13716943n1-nev13716951n2"/>
</torque>
</ptxt>
</para>
</graphtext>
</grate>
</procstep>
<procstep id="nev13716943n1-nev13716948n58">
<title id="nev13716943n1-nev13716948n59"/>
<para id="nev13716943n1-nev13716948n60">
<ptxt id="nev13716943n1-nev13716948n61">Rust proof. <xref boilerplate="true" id="nev13716943n1-nev13716948n62">
<ref id="nev13716943n1-nev13716948n63"/>
</xref>.</ptxt>
</para>
</procstep>
</stepgrp>
<stepgrp boilerplate="true" context="installation" id="nev13716943n1-nev13716948n87">
<procstep id="nev13716943n1-nev13716948n88">
<title id="nev13716943n1-nev13716948n89"/>
<para id="nev13716943n1-nev13716948n90">
<ptxt id="nev13716943n1-nev13716948n91">Install in the #@#@#9#rder.</ptxt>
</para>
</procstep>
<procstep id="nev13716943n1-nev13716948n92">
<title id="nev13716943n1-nev13716948n93"/>
<para id="nev13716943n1-nev13716948n94">
<ptxt id="nev13716943n1-nev13716948n95">Check whiplash #@#@#7#ion. <xref boilerplate="true" id="nev13716943n1-nev13716948n96">
<ref id="nev13716943n1-nev13716948n97"/>
</xref>.</ptxt>
</para>
</procstep>
</stepgrp>
</procedure>
</servinfosub>