<?xml version="1.0" encoding="UTF-8"?><servinfosub IE-ID="en-US0900c8af88523a03" docno="VCC-471254" id="nev21107055n1" original="sv-SE" servinfosubId="nev21107056n1-nev27663319n1" servinfosubRes="0900c8af88523a33" servinfosubRes2="urn:x-nevis:fragment:0900c8af88523a03:0900c8af88523a33#nev27663319n1" xml:lang="en-US">
<operationnumbers>
<operationnumber>39441-1</operationnumber>
</operationnumbers>
<title id="nev21107055n2">Microphone, Act#@#@#22# rear</title>
<materialtable id="nev21107056n1-nev30793932n100">
<table id="nev21107056n1-nev30793932n99">
<tgroup cols="2" id="nev21107056n1-nev30793932n98">
<colspec colname="COLSPEC0" colwidth="1.00*" id="nev21107056n1-nev30793932n97"/>
<colspec colname="COLSPEC1" colwidth="1.00*" id="nev21107056n1-nev30793932n96"/>
<thead id="nev21107056n1-nev30793932n95">
<row id="nev21107056n1-nev30793932n94">
<entry id="nev21107056n1-nev30793932n93" nameend="COLSPEC1" namest="COLSPEC0" valign="top">
<ptxt id="nev21107056n1-nev30793932n92">
<emph id="nev21107056n1-nev30793932n91">Materials</emph>
</ptxt>
</entry>
</row>
</thead>
<tbody id="nev21107056n1-nev30793932n90">
<row id="nev21107056n1-nev30793932n89">
<entry id="nev21107056n1-nev30793932n88">
<ptxt id="nev21107056n1-nev30793932n87">
<emph id="nev21107056n1-nev30793932n86">Designation</emph>
</ptxt>
</entry>
<entry id="nev21107056n1-nev30793932n85">
<ptxt id="nev21107056n1-nev30793932n84">
<emph id="nev21107056n1-nev30793932n83">Part number</emph>
</ptxt>
</entry>
</row>
<row id="nev21107056n1-nev30793932n82">
<entry id="nev21107056n1-nev30793932n81">
<ptxt id="nev21107056n1-nev30793932n80">Anti-squeak tape</ptxt>
</entry>
<entry id="nev21107056n1-nev30793932n78">
<ptxt id="nev21107056n1-nev30793932n77">1161842</ptxt>
</entry>
</row>
</tbody>
</tgroup>
</table>
</materialtable>
<procedure id="nev21107056n1-nev27663444n9">
<stepgrp boilerplate="false" context="" id="nev21107056n1-nev30793833n86">
<title id="nev21107056n1-0800c8af844a46f6">Removal</title>
<procstep id="nev21107056n1-nev30761253n48">
<note id="nev21107056n1-0800c8af844a42fa">
<ptxt>Removal steps i#@#@#45#ails.</ptxt>
</note>
</procstep>
<procstep id="nev21107056n1-nev30761253n46">
<note id="nev21107056n1-0800c8af8641c7ac">
<ptxt>Removal steps i#@#@#45#ails.</ptxt>
</note>
</procstep>
<procstep id="nev21107056n1-nev30761253n44">
<list1 boilerplate="true" context="remove" enumtype="b" id="nev21107056n1-nev30761253n43" type="unordered">
<item id="nev21107056n1-nev30793833n85">
<ptxt id="nev21107056n1-nev30793833n84">A-pillar trim panel<xref boilerplate="true" id="nev21107056n1-0800c8af8816ec74">
<ref id="nev21107056n1-nev30761253n39"/>
</xref>
</ptxt>
</item>
<item id="nev21107056n1-nev30793833n83">
<ptxt id="nev21107056n1-nev30793833n82">B-pillar trim panel<xref boilerplate="true" id="nev21107056n1-0800c8af8816ec94">
<ref id="nev21107056n1-nev30761253n35"/>
</xref>
</ptxt>
</item>
<item id="nev21107056n1-nev30793833n81">
<ptxt id="nev21107056n1-nev30793833n80">panel C-pillar<xref boilerplate="true" id="nev21107056n1-0800c8af8816eca6">
<ref id="nev21107056n1-nev30761253n31"/>
</xref>
</ptxt>
</item>
<item id="nev21107056n1-nev30793833n79">
<ptxt id="nev21107056n1-nev30793833n78">panel, D-pillar<xref boilerplate="true" id="nev21107056n1-0800c8af8816ecb7">
<ref id="nev21107056n1-nev30761253n27"/>
</xref>
</ptxt>
</item>
<item id="nev21107056n1-nev30793833n77">
<ptxt id="nev21107056n1-nev30793833n75">Sun visor<xref boilerplate="true" id="nev21107056n1-nev30793833n76">
<ref id="nev21107056n1-nev30793833n74"/>
</xref>
</ptxt>
</item>
<item id="nev21107056n1-nev30793833n73">
<ptxt id="nev21107056n1-nev30793833n72">overhead console OHC<xref boilerplate="true" id="nev21107056n1-0800c8af883d79fa">
<ref id="nev21107056n1-nev30761253n23"/>
</xref>
</ptxt>
</item>
</list1>
</procstep>
<procstep id="nev21107056n1-nev30761253n22">
<grate id="nev21107056n1-nev30793833n70">
<graphic id="nev21107056n1-nev30793833n71">
<href>0900c8af8732f68#@#@#9#.jpeg</href>
</graphic>
</grate>
</procstep>
<procstep id="nev21107056n1-nev30761253n19">
<grate id="nev21107056n1-nev30793833n68">
<graphic id="nev21107056n1-nev30793833n69">
<href>0900c8af8732f6e#@#@#9#.jpeg</href>
</graphic>
</grate>
</procstep>
<procstep id="nev21107056n1-nev30761253n16">
<grate id="nev21107056n1-nev30793833n66">
<graphic id="nev21107056n1-nev30793833n67">
<href>0900c8af879d141#@#@#9#.jpeg</href>
</graphic>
<graphtext id="nev21107056n1-nev30793961n1">
<para id="nev21107056n1-nev30793833n64">
<ptxt id="nev21107056n1-nev30793833n65">Repeat on the o#@#@#5#side.</ptxt>
</para>
</graphtext>
</grate>
</procstep>
<procstep id="nev21107056n1-nev30761253n11">
<grate id="nev21107056n1-nev30793833n62">
<graphic id="nev21107056n1-nev30793833n63">
<href>0900c8af871b092#@#@#9#.jpeg</href>
</graphic>
<graphtext id="nev21107056n1-nev30793965n1">
<para id="nev21107056n1-nev30793833n60">
<ptxt id="nev21107056n1-nev30793833n61">Repeat on the o#@#@#5#side.</ptxt>
</para>
</graphtext>
</grate>
</procstep>
<procstep id="nev21107056n1-nev30761253n6">
<grate id="nev21107056n1-nev30793833n58">
<graphic id="nev21107056n1-nev30793833n59">
<href>0900c8af871b092#@#@#9#.jpeg</href>
</graphic>
<graphtext id="nev21107056n1-nev30793969n1">
<para id="nev21107056n1-nev30793833n56">
<ptxt id="nev21107056n1-nev30793833n57">Remove the screws.</ptxt>
</para>
<para id="nev21107056n1-nev30793833n54">
<ptxt id="nev21107056n1-nev30793833n55">
<torque id="nev21107056n1-nev30761253n1">
<ref id="nev21107056n1-nev30761522n99"/>
</torque>
</ptxt>
</para>
<para id="nev21107056n1-nev30793833n52">
<ptxt id="nev21107056n1-nev30793833n53">Repeat on the o#@#@#5#side.</ptxt>
</para>
</graphtext>
</grate>
</procstep>
<procstep id="nev21107056n1-nev30761522n95">
<grate id="nev21107056n1-nev30793833n50">
<graphic id="nev21107056n1-nev30793833n51">
<href>0900c8af8656e63#@#@#9#.jpeg</href>
</graphic>
<graphtext id="nev21107056n1-nev30793976n1">
<para id="nev21107056n1-nev30793833n48">
<ptxt id="nev21107056n1-nev30793833n49">Remove the mark#@#@#3#part.</ptxt>
</para>
</graphtext>
</grate>
</procstep>
<procstep id="nev21107056n1-nev30761522n90">
<grate id="nev21107056n1-nev30793833n46">
<graphic id="nev21107056n1-nev30793833n47">
<href>0900c8af8656e72#@#@#9#.jpeg</href>
</graphic>
<graphtext id="nev21107056n1-nev30793980n1">
<note id="nev21107056n1-0800c8af85df4c6e">
<ptxt>The graphic sho#@#@#39#oval.</ptxt>
</note>
</graphtext>
</grate>
</procstep>
<procstep id="nev21107056n1-nev30761522n86">
<grate id="nev21107056n1-nev30793833n44">
<graphic id="nev21107056n1-nev30793833n45">
<href>0900c8af8656e72#@#@#9#.jpeg</href>
</graphic>
<graphtext id="nev21107056n1-nev30793984n1">
<para id="nev21107056n1-nev30793833n42">
<ptxt id="nev21107056n1-nev30793833n43">Remove the mark#@#@#3#part.</ptxt>
</para>
</graphtext>
</grate>
</procstep>
<procstep id="nev21107056n1-nev30761522n81">
<grate id="nev21107056n1-nev30793833n40">
<graphic id="nev21107056n1-nev30793833n41">
<href>0900c8af871b842#@#@#9#.jpeg</href>
</graphic>
<graphtext id="nev21107056n1-nev30793988n1">
<para id="nev21107056n1-nev30793833n38">
<ptxt id="nev21107056n1-nev30793833n39">Remove the screws.</ptxt>
</para>
</graphtext>
</grate>
</procstep>
<procstep id="nev21107056n1-nev30761522n37">
<grate id="nev21107056n1-nev30793833n36">
<graphic id="nev21107056n1-nev30793833n37">
<href>0900c8af87765d9#@#@#9#.jpeg</href>
</graphic>
<graphtext id="nev21107056n1-nev30793992n1">
<para id="nev21107056n1-nev30793833n34">
<ptxt id="nev21107056n1-nev30793833n35">Remove the clip.</ptxt>
</para>
</graphtext>
</grate>
</procstep>
<procstep id="nev21107056n1-nev30761522n32">
<title id="nev21107056n1-0800c8af844a4258">Vehicles with g#@#@#10#panel</title>
</procstep>
<procstep id="nev21107056n1-nev30761522n30">
<grate id="nev21107056n1-nev30793833n32">
<graphic id="nev21107056n1-nev30793833n33">
<href>0900c8af873467a#@#@#9#.jpeg</href>
</graphic>
<graphtext id="nev21107056n1-nev30793996n1">
<caution id="nev21107056n1-0800c8af844a4193">
<ptxt>Take extra care#@#@#24#iner.</ptxt>
</caution>
<note id="nev21107056n1-0800c8af865b295f">
<ptxt>Velcro strip</ptxt>
</note>
<para id="nev21107056n1-nev30793833n30">
<ptxt id="nev21107056n1-nev30793833n31">
<equipment equipmentid="" equipmentname="Interior trim remover" id="nev21107056n1-nev30761522n25"/>
</ptxt>
</para>
</graphtext>
</grate>
</procstep>
<procstep id="nev21107056n1-nev30761522n22">
<title id="nev21107056n1-0800c8af844a41e8">All vehicles</title>
</procstep>
<procstep id="nev21107056n1-nev30761522n20">
<grate id="nev21107056n1-nev30793833n28">
<graphic id="nev21107056n1-nev30793833n29">
<href>0900c8af86576e6#@#@#9#.jpeg</href>
</graphic>
<graphtext id="nev21107056n1-nev30794003n1">
<caution id="nev21107056n1-0800c8af844a4193">
<ptxt>Take extra care#@#@#24#iner.</ptxt>
</caution>
<note id="nev21107056n1-0800c8af865b295f">
<ptxt>Velcro strip</ptxt>
</note>
<para id="nev21107056n1-nev30793833n26">
<ptxt id="nev21107056n1-nev30793833n27">
<equipment equipmentid="" equipmentname="Interior trim remover" id="nev21107056n1-nev30761522n15"/>
</ptxt>
</para>
</graphtext>
</grate>
</procstep>
<procstep id="nev21107056n1-nev30761522n12">
<grate id="nev21107056n1-nev30793833n24">
<graphic id="nev21107056n1-nev30793833n25">
<href>0900c8af8734586#@#@#9#.jpeg</href>
</graphic>
<graphtext id="nev21107056n1-nev30794010n1">
<para id="nev21107056n1-nev30793833n22">
<ptxt id="nev21107056n1-nev30793833n23">Remove the part#@#@#5#fully</ptxt>
</para>
</graphtext>
</grate>
</procstep>
<procstep id="nev21107056n1-nev30761522n7">
<grate id="nev21107056n1-nev30793833n20">
<graphic id="nev21107056n1-nev30793833n21">
<href>0900c8af8733ee6#@#@#9#.jpeg</href>
</graphic>
<graphtext id="nev21107056n1-nev30794014n1">
<caution id="nev21107056n1-0800c8af844a4193">
<ptxt>Take extra care#@#@#24#iner.</ptxt>
</caution>
<hint id="nev21107056n1-0800c8af869f230f">
<ptxt>This step may r#@#@#32#cian.</ptxt>
</hint>
<para id="nev21107056n1-nev30793833n18">
<ptxt id="nev21107056n1-nev30793833n19">Lower to suitab#@#@#5#ight.</ptxt>
</para>
</graphtext>
</grate>
</procstep>
<procstep id="nev21107056n1-nev27663445n2">
<grate id="nev21107056n1-nev30793833n16">
<graphic id="nev21107056n1-nev30793833n17">
<href>0900c8af866f89c#@#@#9#.jpeg</href>
</graphic>
<graphtext id="nev21107056n1-nev30794018n1">
<note id="nev21107056n1-0800c8af85b47f49">
<ptxt>Orientation view</ptxt>
</note>
</graphtext>
</grate>
</procstep>
<procstep id="nev21107056n1-nev27663446n4">
<grate id="nev21107056n1-nev30793833n14">
<graphic id="nev21107056n1-nev30793833n15">
<href>0900c8af866f89c#@#@#9#.jpeg</href>
</graphic>
<graphtext id="nev21107056n1-nev30794022n1">
<para id="nev21107056n1-nev30793833n12">
<ptxt id="nev21107056n1-nev30793833n13">Disconnect the #@#@#5#ctor.</ptxt>
</para>
</graphtext>
</grate>
</procstep>
<procstep id="nev21107056n1-nev27663447n1">
<grate id="nev21107056n1-nev30793833n10">
<graphic id="nev21107056n1-nev30793833n11">
<href>0900c8af866f89c#@#@#9#.jpeg</href>
</graphic>
<graphtext id="nev21107056n1-nev30794026n1">
<caution id="nev21107056n1-0800c8af85bdfd34">
<ptxt>Take care not t#@#@#18#iner.</ptxt>
</caution>
<para id="nev21107056n1-nev30793833n8">
<ptxt id="nev21107056n1-nev30793833n9">Remove the mark#@#@#3#part.</ptxt>
</para>
</graphtext>
</grate>
</procstep>
</stepgrp>
<stepgrp boilerplate="false" context="" id="nev21107056n1-nev30793833n7">
<title id="nev21107056n1-0800c8af844a46f9">Installation</title>
<procstep id="nev21107056n1-nev27663448n2">
<para id="nev21107056n1-nev30793833n5">
<ptxt id="nev21107056n1-nev30793833n6">To install, rev#@#@#22#dure.</ptxt>
</para>
</procstep>
<procstep id="nev21107056n1-nev27663448n6">
<grate id="nev21107056n1-nev30793833n3">
<graphic id="nev21107056n1-nev30793833n4">
<href>0900c8af867c890#@#@#9#.jpeg</href>
</graphic>
<graphtext id="nev21107056n1-nev30794030n1">
<note id="nev21107056n1-0800c8af866fe669">
<ptxt>Replace the tap#@#@#18#orly.</ptxt>
</note>
<para id="nev21107056n1-nev30793833n1">
<ptxt id="nev21107056n1-nev30793833n2">
<material id="nev21107056n1-nev27663449n4" materialid="1161842" materialname="Anti-squeak tape" quantity="0.0" showInProcStep="true"/>
</ptxt>
</para>
</graphtext>
</grate>
</procstep>
</stepgrp>
</procedure>
</servinfosub>