<?xml version="1.0" encoding="UTF-8"?><servinfosub IE-ID="en-US0900c8af80cbe50c" docno="VCC-147178" id="KC02712999" xml:lang="en-US">
<title>
<phrase category="" id="KC07843529" phrase-urn="urn:x-nevis:phrase:0800c8af81c216b1">Diagnostic trou#@#@#34#-6E0B</phrase>
</title>
<diagnostic type="condition">
<condgrp>
<condition type="condition">
<grate>
<graphic id="KC07843530">
<href>0900c8af804456b#@#@#9#.jpeg</href>
</graphic>
<graphtext>
<para>
<ptxt>
<phrase category="" id="KC07843531" phrase-urn="urn:x-nevis:phrase:0800c8af81c216b3">The diagnostic #@#@#178#mon).</phrase>
</ptxt>
</para>
</graphtext>
</grate>
</condition>
</condgrp>
<condgrp>
<condition type="substitution">
<list1 enumtype="d" type="unordered">
<item>
<ptxt>
<phrase category="" id="KC07843532" phrase-urn="urn:x-nevis:phrase:0800c8af81c216b5">None.</phrase>
</ptxt>
</item>
</list1>
</condition>
<ps>
<list1 enumtype="d" type="unordered">
<item>
<ptxt>
<phrase category="" id="KC07843533" phrase-urn="urn:x-nevis:phrase:0800c8af81c216b6">Short-circuit t#@#@#39#mon).</phrase>
</ptxt>
</item>
</list1>
</ps>
</condgrp>
<condgrp>
<condition type="symptom">
<list1 enumtype="d" type="unordered">
<item>
<ptxt>
<phrase category="" id="KC07843534" phrase-urn="urn:x-nevis:phrase:0800c8af81c216b7">Door mirror con#@#@#18#tion.</phrase>
</ptxt>
</item>
</list1>
</condition>
</condgrp>
</diagnostic>
</servinfosub>