<?xml version="1.0" encoding="UTF-8"?><diagnostic IE-ID="en-US0900c8af81dac50c" docno="VCC-163737" id="KC08251180" type="test" xml:lang="en-US">
<title>
<phrase category="" id="KC09583320" phrase-urn="urn:x-nevis:phrase:0800c8af82722e41">Verification</phrase>
</title>
<testgrp IE-ID="en-US0900c8af81dac50c_KC08251186" id="KC08251186" j2008use="1" paperuse="1" resumable="1" screenuse="1" testgrp-id="verifnode" x="240" y="120">
<title>
<phrase category="" id="KC09583321" phrase-urn="urn:x-nevis:phrase:0800c8af82722e42">Verification</phrase>
</title>
<node>
<test1>
<hint>
<ptxt>
<phrase category="" id="KC09583322" phrase-urn="urn:x-nevis:phrase:0800c8af82722e43">After repair, i#@#@#52#died.</phrase>
</ptxt>
</hint>
<diaglist>
<dgraphic>
<dgraphic1>
<graphic id="KC09583323">
<href>0900c8af80054d5#@#@#9#.jpeg</href>
</graphic>
</dgraphic1>
<dgraphic2>
<graphic id="KC09583324">
<href>0900c8af80054d7#@#@#9#.jpeg</href>
</graphic>
</dgraphic2>
</dgraphic>
<ditem>
<ptxt>
<phrase category="" id="KC09583325" phrase-urn="urn:x-nevis:phrase:0800c8af82722e44">Verification sh#@#@#122#ible.</phrase>
</ptxt>
</ditem>
<ditem>
<ptxt>
<phrase category="" id="KC09583326" phrase-urn="urn:x-nevis:phrase:0800c8af82722e45">Ignition off.</phrase>
</ptxt>
</ditem>
<ditem>
<ptxt>
<phrase category="" id="KC09583327" phrase-urn="urn:x-nevis:phrase:0800c8af82722e46">Restore the con#@#@#20# etc.</phrase>
</ptxt>
</ditem>
<ditem>
<ptxt>
<phrase category="" id="KC09583328" phrase-urn="urn:x-nevis:phrase:0800c8af82722e47">Ignition on.</phrase>
</ptxt>
</ditem>
</diaglist>
<test2>
<para>
<ptxt>
<phrase category="" id="KC09583329" phrase-urn="urn:x-nevis:phrase:0800c8af82722e48">Read the engine#@#@#39#mbol.</phrase>
</ptxt>
</para>
<para>
<ptxt>
<phrase category="" id="KC09583330" phrase-urn="urn:x-nevis:phrase:0800c8af82722e49">Check that the #@#@#60#s up.</phrase>
</ptxt>
</para>
<diaglist>
<dgraphic>
<dgraphic2>
<graphic id="KC09583331">
<href>0900c8af86c8681#@#@#9#.jpeg</href>
</graphic>
<smarttool active="press" id="KC09583332" toolname="YECM5005"/>
</dgraphic2>
</dgraphic>
<ditem>
<ditemtext>
<ptxt>
<phrase category="" id="KC09583333" phrase-urn="urn:x-nevis:phrase:0800c8af82722e4a"/>
</ptxt>
</ditemtext>
</ditem>
</diaglist>
</test2>
</test1>
<question>
Is the value OK?
</question>
<resact-grp>
<result button="yes" comp="button" highlight="0"/>
<action j2008use="1" paperuse="1" screenuse="1">
<return value="VERIFIED"/>
</action>
</resact-grp>
<resact-grp>
<result button="no" comp="button" highlight="0"/>
<action j2008use="1" paperuse="1" screenuse="1">
<return value="VERIFICATION FAILED"/>
</action>
</resact-grp>
</node>
</testgrp>
</diagnostic>