<?xml version="1.0" encoding="UTF-8"?><diagnostic IE-ID="en-US0900c8af817c850c" docno="VCC-162179" id="KC06222188" type="test" xml:lang="en-US">
<title>
<phrase category="" id="KC09568779" phrase-urn="urn:x-nevis:phrase:0800c8af82720896">Verification</phrase>
</title>
<testgrp IE-ID="en-US0900c8af817c850c_KC06222189" id="KC06222189" j2008use="1" paperuse="1" resumable="1" screenuse="1" testgrp-id="verifnode" x="120" y="120">
<title>
<phrase category="" id="KC09568780" phrase-urn="urn:x-nevis:phrase:0800c8af82720897">Verification</phrase>
</title>
<node>
<test1>
<hint>
<ptxt>
<phrase category="" id="KC09568781" phrase-urn="urn:x-nevis:phrase:0800c8af82720898">After carrying #@#@#50#died.</phrase>
</ptxt>
</hint>
<diaglist>
<dgraphic>
<dgraphic1>
<graphic id="KC09568782">
<href>0900c8af80054d3#@#@#9#.jpeg</href>
</graphic>
</dgraphic1>
<dgraphic2>
<graphic id="KC09568783">
<href>0900c8af80054d7#@#@#9#.jpeg</href>
</graphic>
</dgraphic2>
</dgraphic>
<ditem>
<ptxt>
<phrase category="" id="KC09568784" phrase-urn="urn:x-nevis:phrase:0800c8af82720899">Ignition off</phrase>
</ptxt>
</ditem>
<ditem>
<ptxt>
<phrase category="" id="KC09568785" phrase-urn="urn:x-nevis:phrase:0800c8af8272089a">Reinstall the c#@#@#21# etc.</phrase>
</ptxt>
</ditem>
<ditem>
<ptxt>
<phrase category="" id="KC09568786" phrase-urn="urn:x-nevis:phrase:0800c8af8272089b">Start the engin#@#@#23#stic.</phrase>
</ptxt>
</ditem>
</diaglist>
<test2>
<ptxt>
<phrase category="" id="KC09568787" phrase-urn="urn:x-nevis:phrase:0800c8af8272089d">Read off the di#@#@#70#DTC).</phrase>
</ptxt>
<ptxt>
<phrase category="" id="KC09568788" phrase-urn="urn:x-nevis:phrase:0800c8af8272089e">Check that the #@#@#131#und”.</phrase>
</ptxt>
<diaglist>
<dgraphic>
<dgraphic2>
<graphic id="KC09568789">
<href>0900c8af86c8681#@#@#9#.jpeg</href>
</graphic>
<smarttool active="press" id="KC09568790" toolname="XECM2004"/>
</dgraphic2>
</dgraphic>
<ditem>
<ditemtext>
<ptxt>
<phrase category="" id="KC09568791" phrase-urn="urn:x-nevis:phrase:0800c8af8272089f"/>
</ptxt>
</ditemtext>
</ditem>
</diaglist>
</test2>
</test1>
<question>
Is the fault s#@#@#22#ed”?
</question>
<resact-grp>
<result button="yes" comp="button" highlight="0"/>
<action j2008use="1" paperuse="1" screenuse="1">
<return value="VERIFIED"/>
</action>
</resact-grp>
<resact-grp>
<result button="no" comp="button" highlight="0"/>
<action j2008use="1" paperuse="1" screenuse="1">
<return value="VERIFICATION FAILED"/>
</action>
</resact-grp>
</node>
</testgrp>
</diagnostic>