<?xml version="1.0" encoding="UTF-8"?><servinfosub IE-ID="en-US0900c8af8593a905" docno="VCC-445217" id="nev17666865n1" servinfosubId="nev20684744n1-nev20684744n2" servinfosubRes="0900c8af862b9f30" servinfosubRes2="urn:x-nevis:fragment:0900c8af8593a905:0900c8af862b9f30#nev20684744n2" xml:lang="en-US">
<title id="nev17666865n2">Signal descript#@#@#54#/PDM)</title>
<para id="nev20684744n1-nev17666865n3">
<title id="nev20684744n1-nev17666865n4">General</title>
<ptxt id="nev20684744n1-nev17666865n5">All the values #@#@#160#ntry.</ptxt>
</para>
<note id="nev20684744n1-nev17666865n6">
<ptxt id="nev20684744n1-nev17666865n7">It is important#@#@#78#ings.</ptxt>
</note>
<table frame="none" id="nev20684744n1-nev17666865n8" pgwide="0.8">
<tgroup cols="4" colsep="0" id="nev20684744n1-nev17666865n9" rowsep="0">
<colspec colwidth="48*" id="nev20684744n1-nev17666865n10"/>
<colspec colwidth="125*" id="nev20684744n1-nev17666866n1"/>
<colspec colwidth="46*" id="nev20684744n1-nev17666866n2"/>
<colspec colwidth="177*" id="nev20684744n1-nev17666866n3"/>
<tbody id="nev20684744n1-nev17666866n4">
<row id="nev20684744n1-nev17666866n5">
<entry align="left" id="nev20684744n1-nev17666866n6" valign="top">
<ptxt id="nev20684744n1-nev17666866n7">U=</ptxt>
</entry>
<entry align="left" id="nev20684744n1-nev17666866n8" valign="top">
<ptxt id="nev20684744n1-nev17666866n9">DC voltage in v#@#@#3#s (V)</ptxt>
</entry>
<entry align="left" id="nev20684744n1-nev17666866n10" valign="top">
<ptxt id="nev20684744n1-nev17666867n1">U<sub id="nev20684744n1-nev17666867n2">AC</sub> =</ptxt>
</entry>
<entry align="left" id="nev20684744n1-nev17666867n3" valign="top">
<ptxt id="nev20684744n1-nev17666867n4">AC voltage in v#@#@#4# (V) </ptxt>
</entry>
</row>
<row id="nev20684744n1-nev17666867n5">
<entry align="left" id="nev20684744n1-nev17666867n6" valign="top">
<ptxt id="nev20684744n1-nev17666867n7">U<sub id="nev20684744n1-nev17666867n8">bat</sub> =</ptxt>
</entry>
<entry align="left" id="nev20684744n1-nev17666867n9" valign="top">
<ptxt id="nev20684744n1-nev17666867n10">Battery voltage#@#@#8#s (V)</ptxt>
</entry>
<entry align="left" id="nev20684744n1-nev17666868n1" valign="top">
<ptxt id="nev20684744n1-nev17666868n2">f =</ptxt>
</entry>
<entry align="left" id="nev20684744n1-nev17666868n3" valign="top">
<ptxt id="nev20684744n1-nev17666868n4">Frequency in He#@#@#3# (Hz)</ptxt>
</entry>
</row>
<row id="nev20684744n1-nev17666868n5">
<entry align="left" id="nev20684744n1-nev17666868n6" valign="top">
<ptxt id="nev20684744n1-nev17666868n7">U<sub id="nev20684744n1-nev17666868n8">low</sub> =</ptxt>
</entry>
<entry align="left" id="nev20684744n1-nev17666868n9" valign="top">
<ptxt id="nev20684744n1-nev17666868n10">Voltage approxi#@#@#5#y 0 V</ptxt>
</entry>
<entry align="left" id="nev20684744n1-nev17666869n1" valign="top">
<ptxt id="nev20684744n1-nev17666869n2">t =</ptxt>
</entry>
<entry align="left" id="nev20684744n1-nev17666869n3" valign="top">
<ptxt id="nev20684744n1-nev17666869n4">Time in seconds (s)</ptxt>
</entry>
</row>
<row id="nev20684744n1-nev17666869n5">
<entry align="left" id="nev20684744n1-nev17666869n6" valign="top">
<ptxt id="nev20684744n1-nev17666869n7">PWM =</ptxt>
</entry>
<entry align="left" id="nev20684744n1-nev17666869n8" valign="top">
<ptxt id="nev20684744n1-nev17666869n9">Pulse width mod#@#@#13# in %</ptxt>
</entry>
<entry id="nev20684744n1-nev17666869n10"/>
<entry id="nev20684744n1-nev17666870n1"/>
</row>
</tbody>
</tgroup>
</table>
<grate id="nev20684744n1-nev17666870n2" pgwide="1">
<graphic id="nev20684744n1-nev17666870n4">
<href>0900c8af8337d13#@#@#9#.jpeg</href>
</graphic>
</grate>
<table colsep="1" frame="all" id="nev20684744n1-nev17666870n5" pgwide="1" rowsep="1">
<title id="nev20684744n1-nev17666870n6">Connector C1, f#@#@#4# door</title>
<tgroup cols="6" colsep="1" id="nev20684744n1-nev17666870n7" rowsep="1">
<colspec colname="COLSPEC0" colwidth="38.64*" id="nev20684744n1-nev17666870n8"/>
<colspec colwidth="38.64*" id="nev20684744n1-nev17666870n9"/>
<colspec colname="col3" colwidth="77.12*" id="nev20684744n1-nev17666870n10"/>
<colspec colwidth="70.20*" id="nev20684744n1-nev17666871n1"/>
<colspec colwidth="66.02*" id="nev20684744n1-nev17666871n2"/>
<colspec colname="col6" colwidth="68.95*" id="nev20684744n1-nev17666871n3"/>
<thead id="nev20684744n1-nev17666871n4">
<row id="nev20684744n1-nev17666871n8">
<entry align="left" id="nev20684744n1-nev17666871n9" valign="top">
<ptxt id="nev20684744n1-nev17666871n10">
<emph id="nev20684744n1-nev17666872n1">Breakout box te#@#@#1#minal</emph>
</ptxt>
</entry>
<entry align="left" id="nev20684744n1-nev17666872n2" valign="top">
<ptxt id="nev20684744n1-nev17666872n3">
<emph id="nev20684744n1-nev17666872n4">Control module #@#@#3#minal</emph>
</ptxt>
</entry>
<entry align="left" id="nev20684744n1-nev17666872n5" valign="top">
<ptxt id="nev20684744n1-nev17666872n6">
<emph id="nev20684744n1-nev17666872n7">Signal type</emph>
</ptxt>
</entry>
<entry align="left" id="nev20684744n1-nev17666872n8" valign="top">
<ptxt id="nev20684744n1-nev17666872n9">
<emph id="nev20684744n1-nev17666872n10">Ignition off</emph>
</ptxt>
<ptxt id="nev20684744n1-nev17666873n1">
<emph id="nev20684744n1-nev17666873n2">Inactive/active</emph>
</ptxt>
</entry>
<entry align="left" id="nev20684744n1-nev17666873n3" valign="top">
<ptxt id="nev20684744n1-nev17666873n4">
<emph id="nev20684744n1-nev17666873n5">Ignition on</emph>
</ptxt>
<ptxt id="nev20684744n1-nev17666873n6">
<emph id="nev20684744n1-nev17666873n7">Inactive/active</emph>
</ptxt>
</entry>
<entry align="left" id="nev20684744n1-nev17666873n8" valign="top">
<ptxt id="nev20684744n1-nev17666873n9">
<emph id="nev20684744n1-nev17666873n10">Miscellaneous</emph>
</ptxt>
</entry>
</row>
</thead>
<tbody id="nev20684744n1-nev17666874n1">
<row id="nev20684744n1-nev17666874n2">
<entry align="left" id="nev20684744n1-nev17666874n3" valign="top">
<ptxt id="nev20684744n1-nev17666874n4">#1</ptxt>
</entry>
<entry align="left" id="nev20684744n1-nev17666874n5" valign="top">
<ptxt id="nev20684744n1-nev17666874n6">#C1:1</ptxt>
</entry>
<entry align="left" id="nev20684744n1-nev17666874n7" valign="top">
<ptxt id="nev20684744n1-nev17666874n8">Window motor, t#@#@#11#down)</ptxt>
</entry>
<entry align="left" id="nev20684744n1-nev17666874n9" valign="top">
<ptxt id="nev20684744n1-nev17666874n10">U = 0 V</ptxt>
</entry>
<entry align="left" id="nev20684744n1-nev17666875n1" valign="top">
<ptxt id="nev20684744n1-nev17666875n2">U=0 V / U=U<sub id="nev20684744n1-nev17666875n3">bat</sub>
</ptxt>
</entry>
<entry align="left" id="nev20684744n1-nev17666875n4" valign="top">
<ptxt id="nev20684744n1-nev17666875n5">Normally the mo#@#@#63#ndow.</ptxt>
</entry>
</row>
<row id="nev20684744n1-nev17666875n6">
<entry align="left" id="nev20684744n1-nev17666875n7" valign="top">
<ptxt id="nev20684744n1-nev17666875n8">#2</ptxt>
</entry>
<entry align="left" id="nev20684744n1-nev17666875n9" valign="top">
<ptxt id="nev20684744n1-nev17666875n10">#C1:2</ptxt>
</entry>
<entry align="left" id="nev20684744n1-nev17666876n1" valign="top">
<ptxt id="nev20684744n1-nev17666876n2">Control module #@#@#7#upply</ptxt>
</entry>
<entry align="left" id="nev20684744n1-nev17666876n3" valign="top">
<ptxt id="nev20684744n1-nev17666876n4">U = U<sub id="nev20684744n1-nev17666876n5">bat</sub>
</ptxt>
</entry>
<entry align="left" id="nev20684744n1-nev17666876n6" valign="top">
<ptxt id="nev20684744n1-nev17666876n7">U = U<sub id="nev20684744n1-nev17666876n8">bat</sub>
</ptxt>
</entry>
<entry align="left" id="nev20684744n1-nev17666876n9" valign="top">
<ptxt id="nev20684744n1-nev17666876n10">-</ptxt>
</entry>
</row>
<row id="nev20684744n1-nev17666877n1">
<entry align="left" id="nev20684744n1-nev17666877n2" valign="top">
<ptxt id="nev20684744n1-nev17666877n3">#3</ptxt>
</entry>
<entry align="left" id="nev20684744n1-nev17666877n4" valign="top">
<ptxt id="nev20684744n1-nev17666877n5">#C1:3</ptxt>
</entry>
<entry align="left" id="nev20684744n1-nev17666877n6" valign="top">
<ptxt id="nev20684744n1-nev17666877n7">Central locking</ptxt>
</entry>
<entry align="left" id="nev20684744n1-nev17666877n8" valign="top">
<ptxt id="nev20684744n1-nev17666877n9">U = 0 V or U = U<sub id="nev20684744n1-nev17666877n10">bat</sub>, depending on #@#@#8#mand.</ptxt>
</entry>
<entry align="left" id="nev20684744n1-nev17666878n1" valign="top">
<ptxt id="nev20684744n1-nev17666878n2">U = 0 V or U = U<sub id="nev20684744n1-nev17666878n3">bat</sub>, depending on #@#@#8#mand.</ptxt>
</entry>
<entry align="left" id="nev20684744n1-nev17666878n4" valign="top">
<ptxt id="nev20684744n1-nev17666878n5">The polarity ch#@#@#28#king.</ptxt>
</entry>
</row>
<row id="nev20684744n1-nev17666878n6">
<entry align="left" id="nev20684744n1-nev17666878n7" valign="top">
<ptxt id="nev20684744n1-nev17666878n8">#4</ptxt>
</entry>
<entry align="left" id="nev20684744n1-nev17666878n9" valign="top">
<ptxt id="nev20684744n1-nev17666878n10">#C1:4</ptxt>
</entry>
<entry align="left" id="nev20684744n1-nev17666879n1" valign="top">
<ptxt id="nev20684744n1-nev17666879n2">Lock motor, common</ptxt>
</entry>
<entry align="left" id="nev20684744n1-nev17666879n3" valign="top">
<ptxt id="nev20684744n1-nev17666879n4">U = 0 V or U = U<sub id="nev20684744n1-nev17666879n5">bat</sub>, depending on #@#@#8#mand.</ptxt>
</entry>
<entry align="left" id="nev20684744n1-nev17666879n6" valign="top">
<ptxt id="nev20684744n1-nev17666879n7">U = 0 V or U = U<sub id="nev20684744n1-nev17666879n8">bat</sub>, depending on #@#@#8#mand.</ptxt>
</entry>
<entry align="left" id="nev20684744n1-nev17666879n9" valign="top">
<ptxt id="nev20684744n1-nev17666879n10">The polarity ch#@#@#28#king.</ptxt>
</entry>
</row>
<row id="nev20684744n1-nev17666880n1">
<entry align="left" id="nev20684744n1-nev17666880n2" valign="top">
<ptxt id="nev20684744n1-nev17666880n3">#5</ptxt>
</entry>
<entry align="left" id="nev20684744n1-nev17666880n4" valign="top">
<ptxt id="nev20684744n1-nev17666880n5">#C1:5</ptxt>
</entry>
<entry align="left" id="nev20684744n1-nev17666880n6" valign="top">
<ptxt id="nev20684744n1-nev17666880n7">Lock motor, dea#@#@#1#locks</ptxt>
</entry>
<entry align="left" id="nev20684744n1-nev17666880n8">
<ptxt id="nev20684744n1-nev17666880n9">U = 0 V or U = U<sub id="nev20684744n1-nev17666880n10">bat</sub>, depending on #@#@#8#mand.</ptxt>
</entry>
<entry align="left" id="nev20684744n1-nev17666881n1">
<ptxt id="nev20684744n1-nev17666881n2">U = 0 V or U = U<sub id="nev20684744n1-nev17666881n3">bat</sub>, depending on #@#@#8#mand.</ptxt>
</entry>
<entry align="left" id="nev20684744n1-nev17666881n4" valign="top">
<ptxt id="nev20684744n1-nev17666881n5">The polarity ch#@#@#28#king.</ptxt>
<ptxt id="nev20684744n1-nev17666881n6">Blocked lock po#@#@#49#ypes.</ptxt>
</entry>
</row>
<row id="nev20684744n1-nev17666881n7">
<entry align="left" id="nev20684744n1-nev17666881n8" valign="top">
<ptxt id="nev20684744n1-nev17666881n9">#6</ptxt>
</entry>
<entry align="left" id="nev20684744n1-nev17666881n10" valign="top">
<ptxt id="nev20684744n1-nev17666882n1">#C1:6</ptxt>
</entry>
<entry align="left" id="nev20684744n1-nev17666882n2" valign="top">
<ptxt id="nev20684744n1-nev17666882n3">Reserve</ptxt>
</entry>
<entry align="left" id="nev20684744n1-nev17666882n4" valign="top">
<ptxt id="nev20684744n1-nev17666882n5">-</ptxt>
</entry>
<entry align="left" id="nev20684744n1-nev17666882n6" valign="top">
<ptxt id="nev20684744n1-nev17666882n7">-</ptxt>
</entry>
<entry id="nev20684744n1-nev17666882n8">
<ptxt id="nev20684744n1-nev17666882n9">-</ptxt>
</entry>
</row>
<row id="nev20684744n1-nev17666882n10">
<entry align="left" id="nev20684744n1-nev17666883n1" valign="top">
<ptxt id="nev20684744n1-nev17666883n2">#7</ptxt>
</entry>
<entry align="left" id="nev20684744n1-nev17666883n3" valign="top">
<ptxt id="nev20684744n1-nev17666883n4">#C1:7</ptxt>
</entry>
<entry align="left" id="nev20684744n1-nev17666883n5" valign="top">
<ptxt id="nev20684744n1-nev17666883n6">Reserve</ptxt>
</entry>
<entry align="left" id="nev20684744n1-nev17666883n7" valign="top">
<ptxt id="nev20684744n1-nev17666883n8">-</ptxt>
</entry>
<entry align="left" id="nev20684744n1-nev17666883n9" valign="top">
<ptxt id="nev20684744n1-nev17666883n10">-</ptxt>
</entry>
<entry id="nev20684744n1-nev17666884n1">
<ptxt id="nev20684744n1-nev17666884n2">-</ptxt>
</entry>
</row>
<row id="nev20684744n1-nev17666884n3">
<entry id="nev20684744n1-nev17666884n4">
<ptxt id="nev20684744n1-nev17666884n5">#8</ptxt>
</entry>
<entry id="nev20684744n1-nev17666884n6">
<ptxt id="nev20684744n1-nev17666884n7">#C1:8</ptxt>
</entry>
<entry id="nev20684744n1-nev17666884n8">
<ptxt id="nev20684744n1-nev17666884n9">Communication LIN</ptxt>
</entry>
<entry id="nev20684744n1-nev17666884n10">
<ptxt id="nev20684744n1-nev17666885n1">U = 5 - 8 V</ptxt>
</entry>
<entry id="nev20684744n1-nev17666885n2">
<ptxt id="nev20684744n1-nev17666885n3">U = 5 - 8 V</ptxt>
</entry>
<entry id="nev20684744n1-nev17666885n4">
<ptxt id="nev20684744n1-nev17666885n5">Communication w#@#@#27#anel.</ptxt>
<ptxt id="nev20684744n1-nev17666885n6">Communication w#@#@#29#oors.</ptxt>
</entry>
</row>
<row id="nev20684744n1-nev17666885n7">
<entry id="nev20684744n1-nev17666885n8">
<ptxt id="nev20684744n1-nev17666885n9">#9</ptxt>
</entry>
<entry id="nev20684744n1-nev17666885n10">
<ptxt id="nev20684744n1-nev17666886n1">#C1:9</ptxt>
</entry>
<entry id="nev20684744n1-nev17666886n2">
<ptxt id="nev20684744n1-nev17666886n3">Hall sensor, si#@#@#1#nal 2</ptxt>
</entry>
<entry id="nev20684744n1-nev17666886n4">
<ptxt id="nev20684744n1-nev17666886n5">Pulsed signal</ptxt>
</entry>
<entry id="nev20684744n1-nev17666886n6">
<ptxt id="nev20684744n1-nev17666886n7">Pulsed signal</ptxt>
</entry>
<entry id="nev20684744n1-nev17666886n8">
<ptxt id="nev20684744n1-nev17666886n9">Pulse's high va#@#@#10#.1 V.</ptxt>
<ptxt id="nev20684744n1-nev17666886n10">Pulse's low val#@#@#9#.1 V.</ptxt>
</entry>
</row>
<row id="nev20684744n1-nev17666887n1">
<entry id="nev20684744n1-nev17666887n2">
<ptxt id="nev20684744n1-nev17666887n3">#10</ptxt>
</entry>
<entry id="nev20684744n1-nev17666887n4">
<ptxt id="nev20684744n1-nev17666887n5">#C1:10</ptxt>
</entry>
<entry id="nev20684744n1-nev17666887n6">
<ptxt id="nev20684744n1-nev17666887n7">Hall sensor, si#@#@#1#nal 1</ptxt>
</entry>
<entry id="nev20684744n1-nev17666887n8">
<ptxt id="nev20684744n1-nev17666887n9">Pulsed signal</ptxt>
</entry>
<entry id="nev20684744n1-nev17666887n10">
<ptxt id="nev20684744n1-nev17666888n1">Pulsed signal</ptxt>
</entry>
<entry id="nev20684744n1-nev17666888n2">
<ptxt id="nev20684744n1-nev17666888n3">Pulse's high va#@#@#10#.1 V.</ptxt>
<ptxt id="nev20684744n1-nev17666888n4">Pulse's low val#@#@#9#.1 V.</ptxt>
</entry>
</row>
<row id="nev20684744n1-nev17666888n5">
<entry id="nev20684744n1-nev17666888n6">
<ptxt id="nev20684744n1-nev17666888n7">#11</ptxt>
</entry>
<entry id="nev20684744n1-nev17666888n8">
<ptxt id="nev20684744n1-nev17666888n9">#C1:11</ptxt>
</entry>
<entry id="nev20684744n1-nev17666888n10">
<ptxt id="nev20684744n1-nev17666889n1">Reserve</ptxt>
</entry>
<entry id="nev20684744n1-nev17666889n2">
<ptxt id="nev20684744n1-nev17666889n3"/>
</entry>
<entry id="nev20684744n1-nev17666889n4">
<ptxt id="nev20684744n1-nev17666889n5"/>
</entry>
<entry id="nev20684744n1-nev17666889n6">
<ptxt id="nev20684744n1-nev17666889n7"/>
</entry>
</row>
<row id="nev20684744n1-nev17666889n8">
<entry id="nev20684744n1-nev17666889n9">
<ptxt id="nev20684744n1-nev17666889n10">#12</ptxt>
</entry>
<entry id="nev20684744n1-nev17666890n1">
<ptxt id="nev20684744n1-nev17666890n2">#C1:12</ptxt>
</entry>
<entry id="nev20684744n1-nev17666890n3">
<ptxt id="nev20684744n1-nev17666890n4">Window motor, t#@#@#9# (up)</ptxt>
</entry>
<entry id="nev20684744n1-nev17666890n5">
<ptxt id="nev20684744n1-nev17666890n6">U = 0 V</ptxt>
</entry>
<entry id="nev20684744n1-nev17666890n7">
<ptxt id="nev20684744n1-nev17666890n8">U=0 V / U=U<sub id="nev20684744n1-nev17666890n9">bat</sub>
</ptxt>
</entry>
<entry id="nev20684744n1-nev17666890n10">
<ptxt id="nev20684744n1-nev17666891n1">Normally the mo#@#@#63#ndow.</ptxt>
</entry>
</row>
<row id="nev20684744n1-nev17666891n2">
<entry id="nev20684744n1-nev17666891n3">
<ptxt id="nev20684744n1-nev17666891n4">#13</ptxt>
</entry>
<entry id="nev20684744n1-nev17666891n5">
<ptxt id="nev20684744n1-nev17666891n6">#C1:13</ptxt>
</entry>
<entry id="nev20684744n1-nev17666891n7">
<ptxt id="nev20684744n1-nev17666891n8">Ground</ptxt>
</entry>
<entry id="nev20684744n1-nev17666891n9">
<ptxt id="nev20684744n1-nev17666891n10">U = 0 V</ptxt>
</entry>
<entry id="nev20684744n1-nev17666892n1">
<ptxt id="nev20684744n1-nev17666892n2">U = 0 V</ptxt>
</entry>
<entry id="nev20684744n1-nev17666892n3">
<ptxt id="nev20684744n1-nev17666892n4">-</ptxt>
</entry>
</row>
<row id="nev20684744n1-nev17666892n5">
<entry id="nev20684744n1-nev17666892n6">
<ptxt id="nev20684744n1-nev17666892n7">#14</ptxt>
</entry>
<entry id="nev20684744n1-nev17666892n8">
<ptxt id="nev20684744n1-nev17666892n9">#C1:14</ptxt>
</entry>
<entry id="nev20684744n1-nev17666892n10">
<ptxt id="nev20684744n1-nev17666893n1">Locking feedbac#@#@#4#round</ptxt>
</entry>
<entry id="nev20684744n1-nev17666893n2">
<ptxt id="nev20684744n1-nev17666893n3">U = 0 V</ptxt>
</entry>
<entry id="nev20684744n1-nev17666893n4">
<ptxt id="nev20684744n1-nev17666893n5">U = 0 V</ptxt>
</entry>
<entry id="nev20684744n1-nev17666893n6">
<ptxt id="nev20684744n1-nev17666893n7">-</ptxt>
</entry>
</row>
<row id="nev20684744n1-nev17666893n8">
<entry id="nev20684744n1-nev17666893n9">
<ptxt id="nev20684744n1-nev17666893n10">#15</ptxt>
</entry>
<entry id="nev20684744n1-nev17666894n1">
<ptxt id="nev20684744n1-nev17666894n2">#C1:15</ptxt>
</entry>
<entry id="nev20684744n1-nev17666894n3">
<ptxt id="nev20684744n1-nev17666894n4">Reserve</ptxt>
</entry>
<entry id="nev20684744n1-nev17666894n5">
<ptxt id="nev20684744n1-nev17666894n6">-</ptxt>
</entry>
<entry id="nev20684744n1-nev17666894n7">
<ptxt id="nev20684744n1-nev17666894n8">-</ptxt>
</entry>
<entry id="nev20684744n1-nev17666894n9">
<ptxt id="nev20684744n1-nev17666894n10">-</ptxt>
</entry>
</row>
<row id="nev20684744n1-nev17666895n1">
<entry id="nev20684744n1-nev17666895n2">
<ptxt id="nev20684744n1-nev17666895n3">#16</ptxt>
</entry>
<entry id="nev20684744n1-nev17666895n4">
<ptxt id="nev20684744n1-nev17666895n5">#C1:16</ptxt>
</entry>
<entry id="nev20684744n1-nev17666895n6">
<ptxt id="nev20684744n1-nev17666895n7">Reserve</ptxt>
</entry>
<entry id="nev20684744n1-nev17666895n8">
<ptxt id="nev20684744n1-nev17666895n9">-</ptxt>
</entry>
<entry id="nev20684744n1-nev17666895n10">
<ptxt id="nev20684744n1-nev17666896n1">-</ptxt>
</entry>
<entry id="nev20684744n1-nev17666896n2">
<ptxt id="nev20684744n1-nev17666896n3">-</ptxt>
</entry>
</row>
<row id="nev20684744n1-nev17666896n4">
<entry id="nev20684744n1-nev17666896n5">
<ptxt id="nev20684744n1-nev17666896n6">#17</ptxt>
</entry>
<entry id="nev20684744n1-nev17666896n7">
<ptxt id="nev20684744n1-nev17666896n8">#C1:17</ptxt>
</entry>
<entry id="nev20684744n1-nev17666896n9">
<ptxt id="nev20684744n1-nev17666896n10">Hall sensor, ground</ptxt>
</entry>
<entry id="nev20684744n1-nev17666897n1">
<ptxt id="nev20684744n1-nev17666897n2">U = 0 V</ptxt>
</entry>
<entry id="nev20684744n1-nev17666897n3">
<ptxt id="nev20684744n1-nev17666897n4">U = 0 V</ptxt>
</entry>
<entry id="nev20684744n1-nev17666897n5">
<ptxt id="nev20684744n1-nev17666897n6">-</ptxt>
</entry>
</row>
<row id="nev20684744n1-nev17666897n7">
<entry id="nev20684744n1-nev17666897n8">
<ptxt id="nev20684744n1-nev17666897n9">#18</ptxt>
</entry>
<entry id="nev20684744n1-nev17666897n10">
<ptxt id="nev20684744n1-nev17666898n1">#C1:18</ptxt>
</entry>
<entry id="nev20684744n1-nev17666898n2">
<ptxt id="nev20684744n1-nev17666898n3">Reserve</ptxt>
</entry>
<entry id="nev20684744n1-nev17666898n4">
<ptxt id="nev20684744n1-nev17666898n5">-</ptxt>
</entry>
<entry id="nev20684744n1-nev17666898n6">
<ptxt id="nev20684744n1-nev17666898n7"/>
</entry>
<entry id="nev20684744n1-nev17666898n8">
<ptxt id="nev20684744n1-nev17666898n9">-</ptxt>
</entry>
</row>
<row id="nev20684744n1-nev17666898n10">
<entry id="nev20684744n1-nev17666899n1">
<ptxt id="nev20684744n1-nev17666899n2">#19</ptxt>
</entry>
<entry id="nev20684744n1-nev17666899n3">
<ptxt id="nev20684744n1-nev17666899n4">#C1:19</ptxt>
</entry>
<entry id="nev20684744n1-nev17666899n5">
<ptxt id="nev20684744n1-nev17666899n6">Unlocking, feedback</ptxt>
</entry>
<entry id="nev20684744n1-nev17666899n7">
<ptxt id="nev20684744n1-nev17666899n8">0 V at unlocked#@#@#4#ition</ptxt>
<ptxt id="nev20684744n1-nev17666899n9">U<sub id="nev20684744n1-nev17666899n10">bat</sub> in locked position</ptxt>
</entry>
<entry id="nev20684744n1-nev17666900n1">
<ptxt id="nev20684744n1-nev17666900n2">0 V at unlocked#@#@#4#ition</ptxt>
<ptxt id="nev20684744n1-nev17666900n3">U<sub id="nev20684744n1-nev17666900n4">bat</sub> in locked position</ptxt>
</entry>
<entry id="nev20684744n1-nev17666900n5">
<ptxt id="nev20684744n1-nev17666900n6">A break in the #@#@#65#cked.</ptxt>
</entry>
</row>
<row id="nev20684744n1-nev17666900n7">
<entry id="nev20684744n1-nev17666900n8">
<ptxt id="nev20684744n1-nev17666900n9">#20</ptxt>
</entry>
<entry id="nev20684744n1-nev17666900n10">
<ptxt id="nev20684744n1-nev17666901n1">#C1:20</ptxt>
</entry>
<entry id="nev20684744n1-nev17666901n2">
<ptxt id="nev20684744n1-nev17666901n3">Reserve</ptxt>
</entry>
<entry id="nev20684744n1-nev17666901n4">
<ptxt id="nev20684744n1-nev17666901n5">-</ptxt>
</entry>
<entry id="nev20684744n1-nev17666901n6">
<ptxt id="nev20684744n1-nev17666901n7"/>
</entry>
<entry id="nev20684744n1-nev17666901n8">
<ptxt id="nev20684744n1-nev17666901n9">-</ptxt>
</entry>
</row>
<row id="nev20684744n1-nev17666901n10">
<entry id="nev20684744n1-nev17666902n1">
<ptxt id="nev20684744n1-nev17666902n2">#21</ptxt>
</entry>
<entry id="nev20684744n1-nev17666902n3">
<ptxt id="nev20684744n1-nev17666902n4">#C1:21</ptxt>
</entry>
<entry id="nev20684744n1-nev17666902n5">
<ptxt id="nev20684744n1-nev17666902n6">Power supply, H#@#@#5#ensor</ptxt>
</entry>
<entry id="nev20684744n1-nev17666902n7">
<ptxt id="nev20684744n1-nev17666902n8">U = 0 V</ptxt>
</entry>
<entry id="nev20684744n1-nev17666902n9">
<ptxt id="nev20684744n1-nev17666902n10">U = U<sub id="nev20684744n1-nev17666903n1">bat</sub>
</ptxt>
</entry>
<entry id="nev20684744n1-nev17666903n2">
<ptxt id="nev20684744n1-nev17666903n3">-</ptxt>
</entry>
</row>
<row id="nev20684744n1-nev17666903n4">
<entry id="nev20684744n1-nev17666903n5">
<ptxt id="nev20684744n1-nev17666903n6">#22</ptxt>
</entry>
<entry id="nev20684744n1-nev17666903n7">
<ptxt id="nev20684744n1-nev17666903n8">#C1:22</ptxt>
</entry>
<entry id="nev20684744n1-nev17666903n9">
<ptxt id="nev20684744n1-nev17666903n10">Reserve</ptxt>
</entry>
<entry id="nev20684744n1-nev17666904n1">
<ptxt id="nev20684744n1-nev17666904n2">-</ptxt>
</entry>
<entry id="nev20684744n1-nev17666904n3">
<ptxt id="nev20684744n1-nev17666904n4">-</ptxt>
</entry>
<entry id="nev20684744n1-nev17666904n5">
<ptxt id="nev20684744n1-nev17666904n6">-</ptxt>
</entry>
</row>
</tbody>
</tgroup>
</table>
<table colsep="1" frame="all" id="nev20684744n1-nev17666904n7" pgwide="1" rowsep="1">
<title id="nev20684744n1-nev17666904n8">Connector C1, r#@#@#3# door</title>
<tgroup cols="6" colsep="1" id="nev20684744n1-nev17666904n9" rowsep="1">
<colspec colname="COLSPEC0" colwidth="37.92*" id="nev20684744n1-nev17666904n10"/>
<colspec colwidth="39.77*" id="nev20684744n1-nev17666905n1"/>
<colspec colname="col3" colwidth="76.15*" id="nev20684744n1-nev17666905n2"/>
<colspec colwidth="70.45*" id="nev20684744n1-nev17666905n3"/>
<colspec colwidth="66.03*" id="nev20684744n1-nev17666905n4"/>
<colspec colname="col6" colwidth="69.20*" id="nev20684744n1-nev17666905n5"/>
<thead id="nev20684744n1-nev17666905n6">
<row id="nev20684744n1-nev17666905n10">
<entry align="left" id="nev20684744n1-nev17666906n1" valign="top">
<ptxt id="nev20684744n1-nev17666906n2">
<emph id="nev20684744n1-nev17666906n3">Breakout box te#@#@#1#minal</emph>
</ptxt>
</entry>
<entry align="left" id="nev20684744n1-nev17666906n4" valign="top">
<ptxt id="nev20684744n1-nev17666906n5">
<emph id="nev20684744n1-nev17666906n6">Control module #@#@#3#minal</emph>
</ptxt>
</entry>
<entry align="left" id="nev20684744n1-nev17666906n7" valign="top">
<ptxt id="nev20684744n1-nev17666906n8">
<emph id="nev20684744n1-nev17666906n9">Signal type</emph>
</ptxt>
</entry>
<entry align="left" id="nev20684744n1-nev17666906n10" valign="top">
<ptxt id="nev20684744n1-nev17666907n1">
<emph id="nev20684744n1-nev17666907n2">Ignition off</emph>
</ptxt>
<ptxt id="nev20684744n1-nev17666907n3">
<emph id="nev20684744n1-nev17666907n4">Inactive/active</emph>
</ptxt>
</entry>
<entry align="left" id="nev20684744n1-nev17666907n5" valign="top">
<ptxt id="nev20684744n1-nev17666907n6">
<emph id="nev20684744n1-nev17666907n7">Ignition on</emph>
</ptxt>
<ptxt id="nev20684744n1-nev17666907n8">
<emph id="nev20684744n1-nev17666907n9">Inactive/active</emph>
</ptxt>
</entry>
<entry align="left" id="nev20684744n1-nev17666907n10" valign="top">
<ptxt id="nev20684744n1-nev17666908n1">
<emph id="nev20684744n1-nev17666908n2">Miscellaneous</emph>
</ptxt>
</entry>
</row>
</thead>
<tbody id="nev20684744n1-nev17666908n3">
<row id="nev20684744n1-nev17666908n4">
<entry align="left" id="nev20684744n1-nev17666908n5" valign="top">
<ptxt id="nev20684744n1-nev17666908n6">#1</ptxt>
</entry>
<entry align="left" id="nev20684744n1-nev17666908n7" valign="top">
<ptxt id="nev20684744n1-nev17666908n8">#C1:1</ptxt>
</entry>
<entry align="left" id="nev20684744n1-nev17666908n9">
<ptxt id="nev20684744n1-nev17666908n10">Window motor down</ptxt>
</entry>
<entry align="left" id="nev20684744n1-nev17666909n1">
<ptxt id="nev20684744n1-nev17666909n2">U = 0 V</ptxt>
</entry>
<entry align="left" id="nev20684744n1-nev17666909n3">
<ptxt id="nev20684744n1-nev17666909n4">U=0 V / U=U<sub id="nev20684744n1-nev17666909n5">bat</sub>
</ptxt>
</entry>
<entry align="left" id="nev20684744n1-nev17666909n6" valign="top">
<ptxt id="nev20684744n1-nev17666909n7">Normally the mo#@#@#63#ndow.</ptxt>
</entry>
</row>
<row id="nev20684744n1-nev17666909n8">
<entry align="left" id="nev20684744n1-nev17666909n9" valign="top">
<ptxt id="nev20684744n1-nev17666909n10">#2</ptxt>
</entry>
<entry align="left" id="nev20684744n1-nev17666910n1" valign="top">
<ptxt id="nev20684744n1-nev17666910n2">#C1:2</ptxt>
</entry>
<entry align="left" id="nev20684744n1-nev17666910n3">
<ptxt id="nev20684744n1-nev17666910n4">Control module #@#@#7#upply</ptxt>
</entry>
<entry align="left" id="nev20684744n1-nev17666910n5">
<ptxt id="nev20684744n1-nev17666910n6">U = U<sub id="nev20684744n1-nev17666910n7">bat</sub>
</ptxt>
</entry>
<entry align="left" id="nev20684744n1-nev17666910n8">
<ptxt id="nev20684744n1-nev17666910n9">U = U<sub id="nev20684744n1-nev17666910n10">bat</sub>
</ptxt>
</entry>
<entry align="left" id="nev20684744n1-nev17666911n1" valign="top">
<ptxt id="nev20684744n1-nev17666911n2">-</ptxt>
</entry>
</row>
<row id="nev20684744n1-nev17666911n3">
<entry align="left" id="nev20684744n1-nev17666911n4" valign="top">
<ptxt id="nev20684744n1-nev17666911n5">#3</ptxt>
</entry>
<entry align="left" id="nev20684744n1-nev17666911n6" valign="top">
<ptxt id="nev20684744n1-nev17666911n7">#C1:3</ptxt>
</entry>
<entry align="left" id="nev20684744n1-nev17666911n8">
<ptxt id="nev20684744n1-nev17666911n9">Central locking</ptxt>
</entry>
<entry align="left" id="nev20684744n1-nev17666911n10">
<ptxt id="nev20684744n1-nev17666912n1">U = 0 V or U = U<sub id="nev20684744n1-nev17666912n2">bat</sub>, depending on #@#@#8#mand.</ptxt>
</entry>
<entry align="left" id="nev20684744n1-nev17666912n3">
<ptxt id="nev20684744n1-nev17666912n4">U = 0 V or U = U<sub id="nev20684744n1-nev17666912n5">bat</sub>, depending on #@#@#8#mand.</ptxt>
</entry>
<entry align="left" id="nev20684744n1-nev17666912n6">
<ptxt id="nev20684744n1-nev17666912n7">The polarity ch#@#@#28#king.</ptxt>
</entry>
</row>
<row id="nev20684744n1-nev17666912n8">
<entry align="left" id="nev20684744n1-nev17666912n9" valign="top">
<ptxt id="nev20684744n1-nev17666912n10">#4</ptxt>
</entry>
<entry align="left" id="nev20684744n1-nev17666913n1" valign="top">
<ptxt id="nev20684744n1-nev17666913n2">#C1:4</ptxt>
</entry>
<entry align="left" id="nev20684744n1-nev17666913n3">
<ptxt id="nev20684744n1-nev17666913n4">Lock motor, common</ptxt>
</entry>
<entry align="left" id="nev20684744n1-nev17666913n5">
<ptxt id="nev20684744n1-nev17666913n6">U = 0 V or U = U<sub id="nev20684744n1-nev17666913n7">bat</sub>, depending on #@#@#8#mand.</ptxt>
</entry>
<entry align="left" id="nev20684744n1-nev17666913n8">
<ptxt id="nev20684744n1-nev17666913n9">U = 0 V or U = U<sub id="nev20684744n1-nev17666913n10">bat</sub>, depending on #@#@#8#mand.</ptxt>
</entry>
<entry align="left" id="nev20684744n1-nev17666914n1">
<ptxt id="nev20684744n1-nev17666914n2">The polarity ch#@#@#28#king.</ptxt>
</entry>
</row>
<row id="nev20684744n1-nev17666914n3">
<entry align="left" id="nev20684744n1-nev17666914n4" valign="top">
<ptxt id="nev20684744n1-nev17666914n5">#5</ptxt>
</entry>
<entry align="left" id="nev20684744n1-nev17666914n6" valign="top">
<ptxt id="nev20684744n1-nev17666914n7">#C1:5</ptxt>
</entry>
<entry align="left" id="nev20684744n1-nev17666914n8">
<ptxt id="nev20684744n1-nev17666914n9">Lock motor, chi#@#@#10#locks</ptxt>
</entry>
<entry align="left" id="nev20684744n1-nev17666914n10">
<ptxt id="nev20684744n1-nev17666915n1">U = 0 V or U = U<sub id="nev20684744n1-nev17666915n2">bat</sub>, depending on #@#@#8#mand.</ptxt>
</entry>
<entry align="left" id="nev20684744n1-nev17666915n3">
<ptxt id="nev20684744n1-nev17666915n4">U = 0 V or U = U<sub id="nev20684744n1-nev17666915n5">bat</sub>, depending on #@#@#8#mand.</ptxt>
</entry>
<entry align="left" id="nev20684744n1-nev17666915n6">
<ptxt id="nev20684744n1-nev17666915n7">The polarity ch#@#@#28#king.</ptxt>
<ptxt id="nev20684744n1-nev17666915n8">Child-proof loc#@#@#53#ypes.</ptxt>
</entry>
</row>
<row id="nev20684744n1-nev17666915n9">
<entry align="left" id="nev20684744n1-nev17666915n10" valign="top">
<ptxt id="nev20684744n1-nev17666916n1">#6</ptxt>
</entry>
<entry align="left" id="nev20684744n1-nev17666916n2" valign="top">
<ptxt id="nev20684744n1-nev17666916n3">#C1:6</ptxt>
</entry>
<entry align="left" id="nev20684744n1-nev17666916n4" valign="top">
<ptxt id="nev20684744n1-nev17666916n5">Status door loc#@#@#11#cator</ptxt>
</entry>
<entry align="left" id="nev20684744n1-nev17666916n6" valign="top">
<ptxt id="nev20684744n1-nev17666916n7">U = 0 V / U = U<sub id="nev20684744n1-nev17666916n8">bat</sub>
<sub id="nev20684744n1-nev17666916n9"/>
</ptxt>
</entry>
<entry align="left" id="nev20684744n1-nev17666916n10" valign="top">
<ptxt id="nev20684744n1-nev17666917n1">U = 0 V / U = U<sub id="nev20684744n1-nev17666917n2">bat</sub>
<sub id="nev20684744n1-nev17666917n3"/>
</ptxt>
</entry>
<entry id="nev20684744n1-nev17666917n4">
<ptxt id="nev20684744n1-nev17666917n5">Only certain ty#@#@#10#icle.</ptxt>
</entry>
</row>
<row id="nev20684744n1-nev17666917n6">
<entry align="left" id="nev20684744n1-nev17666917n7" valign="top">
<ptxt id="nev20684744n1-nev17666917n8">#7</ptxt>
</entry>
<entry align="left" id="nev20684744n1-nev17666917n9" valign="top">
<ptxt id="nev20684744n1-nev17666917n10">#C1:7</ptxt>
</entry>
<entry align="left" id="nev20684744n1-nev17666918n1" valign="top">
<ptxt id="nev20684744n1-nev17666918n2">Control panel i#@#@#6#ation</ptxt>
</entry>
<entry align="left" id="nev20684744n1-nev17666918n3" valign="top">
<ptxt id="nev20684744n1-nev17666918n4">U = 0 V / U = U<sub id="nev20684744n1-nev17666918n5">bat</sub>
<sub id="nev20684744n1-nev17666918n6"/>
</ptxt>
</entry>
<entry align="left" id="nev20684744n1-nev17666918n7" valign="top">
<ptxt id="nev20684744n1-nev17666918n8">U = 0 V / U = U<sub id="nev20684744n1-nev17666918n9">bat</sub>
<sub id="nev20684744n1-nev17666918n10"/>
</ptxt>
</entry>
<entry id="nev20684744n1-nev17666919n1">
<ptxt id="nev20684744n1-nev17666919n2">-</ptxt>
</entry>
</row>
<row id="nev20684744n1-nev17666919n3">
<entry id="nev20684744n1-nev17666919n4">
<ptxt id="nev20684744n1-nev17666919n5">#8</ptxt>
</entry>
<entry id="nev20684744n1-nev17666919n6">
<ptxt id="nev20684744n1-nev17666919n7">#C1:8</ptxt>
</entry>
<entry id="nev20684744n1-nev17666919n8">
<ptxt id="nev20684744n1-nev17666919n9">Power supply, H#@#@#5#ensor</ptxt>
</entry>
<entry id="nev20684744n1-nev17666919n10">
<ptxt id="nev20684744n1-nev17666920n1">U = 0 V</ptxt>
</entry>
<entry id="nev20684744n1-nev17666920n2">
<ptxt id="nev20684744n1-nev17666920n3">U = U<sub id="nev20684744n1-nev17666920n4">bat</sub>
</ptxt>
</entry>
<entry id="nev20684744n1-nev17666920n5">
<ptxt id="nev20684744n1-nev17666920n6">-</ptxt>
</entry>
</row>
<row id="nev20684744n1-nev17666920n7">
<entry id="nev20684744n1-nev17666920n8">
<ptxt id="nev20684744n1-nev17666920n9">#9</ptxt>
</entry>
<entry id="nev20684744n1-nev17666920n10">
<ptxt id="nev20684744n1-nev17666921n1">#C1:9</ptxt>
</entry>
<entry id="nev20684744n1-nev17666921n2">
<ptxt id="nev20684744n1-nev17666921n3">Hall sensor 2</ptxt>
</entry>
<entry id="nev20684744n1-nev17666921n4">
<ptxt id="nev20684744n1-nev17666921n5">Pulsed signal</ptxt>
</entry>
<entry id="nev20684744n1-nev17666921n6">
<ptxt id="nev20684744n1-nev17666921n7">Pulsed signal</ptxt>
</entry>
<entry id="nev20684744n1-nev17666921n8">
<ptxt id="nev20684744n1-nev17666921n9">Pulse's high va#@#@#10#.1 V.</ptxt>
<ptxt id="nev20684744n1-nev17666921n10">Pulse's low val#@#@#9#.1 V.</ptxt>
</entry>
</row>
<row id="nev20684744n1-nev17666922n1">
<entry id="nev20684744n1-nev17666922n2">
<ptxt id="nev20684744n1-nev17666922n3">#10</ptxt>
</entry>
<entry id="nev20684744n1-nev17666922n4">
<ptxt id="nev20684744n1-nev17666922n5">#C1:10</ptxt>
</entry>
<entry id="nev20684744n1-nev17666922n6">
<ptxt id="nev20684744n1-nev17666922n7">Hall sensor 1</ptxt>
</entry>
<entry id="nev20684744n1-nev17666922n8">
<ptxt id="nev20684744n1-nev17666922n9">Pulsed signal</ptxt>
</entry>
<entry id="nev20684744n1-nev17666922n10">
<ptxt id="nev20684744n1-nev17666923n1">Pulsed signal</ptxt>
</entry>
<entry id="nev20684744n1-nev17666923n2">
<ptxt id="nev20684744n1-nev17666923n3">Pulse's high va#@#@#10#.1 V.</ptxt>
<ptxt id="nev20684744n1-nev17666923n4">Pulse's low val#@#@#9#.1 V.</ptxt>
</entry>
</row>
<row id="nev20684744n1-nev17666923n5">
<entry id="nev20684744n1-nev17666923n6">
<ptxt id="nev20684744n1-nev17666923n7">#11</ptxt>
</entry>
<entry id="nev20684744n1-nev17666923n8">
<ptxt id="nev20684744n1-nev17666923n9">#C1:11</ptxt>
</entry>
<entry id="nev20684744n1-nev17666923n10">
<ptxt id="nev20684744n1-nev17666924n1">Signal from loc#@#@#18# down</ptxt>
</entry>
<entry id="nev20684744n1-nev17666924n2">
<ptxt id="nev20684744n1-nev17666924n3"> U=U<sub id="nev20684744n1-nev17666924n4">bat</sub>/U=0 V</ptxt>
</entry>
<entry id="nev20684744n1-nev17666924n5">
<ptxt id="nev20684744n1-nev17666924n6"> U=U<sub id="nev20684744n1-nev17666924n7">bat</sub>/U=0 V</ptxt>
</entry>
<entry id="nev20684744n1-nev17666924n8">
<ptxt id="nev20684744n1-nev17666924n9">Active when ope#@#@#53#tion.</ptxt>
<ptxt id="nev20684744n1-nev17666924n10"/>
</entry>
</row>
<row id="nev20684744n1-nev17666925n1">
<entry id="nev20684744n1-nev17666925n2">
<ptxt id="nev20684744n1-nev17666925n3">#12</ptxt>
</entry>
<entry id="nev20684744n1-nev17666925n4">
<ptxt id="nev20684744n1-nev17666925n5">#C1:12</ptxt>
</entry>
<entry id="nev20684744n1-nev17666925n6">
<ptxt id="nev20684744n1-nev17666925n7">Window motor, up</ptxt>
</entry>
<entry id="nev20684744n1-nev17666925n8">
<ptxt id="nev20684744n1-nev17666925n9">U = 0 V</ptxt>
</entry>
<entry id="nev20684744n1-nev17666925n10">
<ptxt id="nev20684744n1-nev17666926n1">U=0 V / U=U<sub id="nev20684744n1-nev17666926n2">bat</sub>
</ptxt>
</entry>
<entry id="nev20684744n1-nev17666926n3">
<ptxt id="nev20684744n1-nev17666926n4">Normally the mo#@#@#63#ndow.</ptxt>
</entry>
</row>
<row id="nev20684744n1-nev17666926n5">
<entry id="nev20684744n1-nev17666926n6">
<ptxt id="nev20684744n1-nev17666926n7">#13</ptxt>
</entry>
<entry id="nev20684744n1-nev17666926n8">
<ptxt id="nev20684744n1-nev17666926n9">#C1:13</ptxt>
</entry>
<entry id="nev20684744n1-nev17666926n10">
<ptxt id="nev20684744n1-nev17666927n1">Ground</ptxt>
</entry>
<entry id="nev20684744n1-nev17666927n2">
<ptxt id="nev20684744n1-nev17666927n3">U = 0 V</ptxt>
</entry>
<entry id="nev20684744n1-nev17666927n4">
<ptxt id="nev20684744n1-nev17666927n5">U = 0 V</ptxt>
</entry>
<entry id="nev20684744n1-nev17666927n6">
<ptxt id="nev20684744n1-nev17666927n7">-</ptxt>
</entry>
</row>
<row id="nev20684744n1-nev17666927n8">
<entry id="nev20684744n1-nev17666927n9">
<ptxt id="nev20684744n1-nev17666927n10">#14</ptxt>
</entry>
<entry id="nev20684744n1-nev17666928n1">
<ptxt id="nev20684744n1-nev17666928n2">#C1:14</ptxt>
</entry>
<entry id="nev20684744n1-nev17666928n3">
<ptxt id="nev20684744n1-nev17666928n4">Hall sensor, ground</ptxt>
</entry>
<entry id="nev20684744n1-nev17666928n5">
<ptxt id="nev20684744n1-nev17666928n6">U = 0 V</ptxt>
</entry>
<entry id="nev20684744n1-nev17666928n7">
<ptxt id="nev20684744n1-nev17666928n8">U = 0 V</ptxt>
</entry>
<entry id="nev20684744n1-nev17666928n9">
<ptxt id="nev20684744n1-nev17666928n10">Note! Used as c#@#@#35#ches.</ptxt>
</entry>
</row>
<row id="nev20684744n1-nev17666929n1">
<entry id="nev20684744n1-nev17666929n2">
<ptxt id="nev20684744n1-nev17666929n3">#15</ptxt>
</entry>
<entry id="nev20684744n1-nev17666929n4">
<ptxt id="nev20684744n1-nev17666929n5">#C1:15</ptxt>
</entry>
<entry id="nev20684744n1-nev17666929n6">
<ptxt id="nev20684744n1-nev17666929n7">Lock control lo#@#@#7#cking</ptxt>
</entry>
<entry id="nev20684744n1-nev17666929n8">
<ptxt id="nev20684744n1-nev17666929n9">U=U<sub id="nev20684744n1-nev17666929n10">bat</sub>/U=0 V</ptxt>
</entry>
<entry id="nev20684744n1-nev17666930n1">
<ptxt id="nev20684744n1-nev17666930n2">U=U<sub id="nev20684744n1-nev17666930n3">bat</sub>/U=0 V</ptxt>
</entry>
<entry id="nev20684744n1-nev17666930n4">
<ptxt id="nev20684744n1-nev17666930n5">Only certain ty#@#@#10#icle.</ptxt>
</entry>
</row>
<row id="nev20684744n1-nev17666930n6">
<entry id="nev20684744n1-nev17666930n7">
<ptxt id="nev20684744n1-nev17666930n8">#16</ptxt>
</entry>
<entry id="nev20684744n1-nev17666930n9">
<ptxt id="nev20684744n1-nev17666930n10">#C1:16</ptxt>
</entry>
<entry id="nev20684744n1-nev17666931n1">
<ptxt id="nev20684744n1-nev17666931n2">Reserve</ptxt>
</entry>
<entry id="nev20684744n1-nev17666931n3">
<ptxt id="nev20684744n1-nev17666931n4">-</ptxt>
</entry>
<entry id="nev20684744n1-nev17666931n5">
<ptxt id="nev20684744n1-nev17666931n6">-</ptxt>
</entry>
<entry id="nev20684744n1-nev17666931n7">
<ptxt id="nev20684744n1-nev17666931n8">-</ptxt>
</entry>
</row>
<row id="nev20684744n1-nev17666931n9">
<entry id="nev20684744n1-nev17666931n10">
<ptxt id="nev20684744n1-nev17666932n1">#17</ptxt>
</entry>
<entry id="nev20684744n1-nev17666932n2">
<ptxt id="nev20684744n1-nev17666932n3">#C1:17</ptxt>
</entry>
<entry id="nev20684744n1-nev17666932n4">
<ptxt id="nev20684744n1-nev17666932n5">Reserve</ptxt>
</entry>
<entry id="nev20684744n1-nev17666932n6">
<ptxt id="nev20684744n1-nev17666932n7">-</ptxt>
</entry>
<entry id="nev20684744n1-nev17666932n8">
<ptxt id="nev20684744n1-nev17666932n9">-</ptxt>
</entry>
<entry id="nev20684744n1-nev17666932n10">
<ptxt id="nev20684744n1-nev17666933n1">-</ptxt>
</entry>
</row>
<row id="nev20684744n1-nev17666933n2">
<entry id="nev20684744n1-nev17666933n3">
<ptxt id="nev20684744n1-nev17666933n4">#18</ptxt>
</entry>
<entry id="nev20684744n1-nev17666933n5">
<ptxt id="nev20684744n1-nev17666933n6">#C1:18</ptxt>
</entry>
<entry id="nev20684744n1-nev17666933n7">
<ptxt id="nev20684744n1-nev17666933n8">Reserve</ptxt>
</entry>
<entry id="nev20684744n1-nev17666933n9">
<ptxt id="nev20684744n1-nev17666933n10">-</ptxt>
</entry>
<entry id="nev20684744n1-nev17666934n1">
<ptxt id="nev20684744n1-nev17666934n2">-</ptxt>
</entry>
<entry id="nev20684744n1-nev17666934n3">
<ptxt id="nev20684744n1-nev17666934n4">-</ptxt>
</entry>
</row>
<row id="nev20684744n1-nev17666934n5">
<entry id="nev20684744n1-nev17666934n6">
<ptxt id="nev20684744n1-nev17666934n7">#19</ptxt>
</entry>
<entry id="nev20684744n1-nev17666934n8">
<ptxt id="nev20684744n1-nev17666934n9">#C1:19</ptxt>
</entry>
<entry id="nev20684744n1-nev17666934n10">
<ptxt id="nev20684744n1-nev17666935n1">Child safety lo#@#@#7#dback</ptxt>
</entry>
<entry id="nev20684744n1-nev17666935n2">
<ptxt id="nev20684744n1-nev17666935n3">U=U<sub id="nev20684744n1-nev17666935n4">bat</sub>/U=0 V</ptxt>
</entry>
<entry id="nev20684744n1-nev17666935n5">
<ptxt id="nev20684744n1-nev17666935n6">U=U<sub id="nev20684744n1-nev17666935n7">bat</sub>/U=0 V</ptxt>
</entry>
<entry id="nev20684744n1-nev17666935n8">
<ptxt id="nev20684744n1-nev17666935n9">Only certain ty#@#@#10#icle.</ptxt>
<ptxt id="nev20684744n1-nev17666935n10">Broken circuit #@#@#58#cked.</ptxt>
</entry>
</row>
<row id="nev20684744n1-nev17666936n1">
<entry id="nev20684744n1-nev17666936n2">
<ptxt id="nev20684744n1-nev17666936n3">#20</ptxt>
</entry>
<entry id="nev20684744n1-nev17666936n4">
<ptxt id="nev20684744n1-nev17666936n5">#C1:20</ptxt>
</entry>
<entry id="nev20684744n1-nev17666936n6">
<ptxt id="nev20684744n1-nev17666936n7">Reconnecting lock</ptxt>
</entry>
<entry id="nev20684744n1-nev17666936n8">
<ptxt id="nev20684744n1-nev17666936n9">Unlocked: U = 0#@#@#13#U = U<sub id="nev20684744n1-nev17666936n10">bat</sub>
</ptxt>
</entry>
<entry id="nev20684744n1-nev17666937n1">
<ptxt id="nev20684744n1-nev17666937n2">Unlocked: U = 0#@#@#13#U = U<sub id="nev20684744n1-nev17666937n3">bat</sub>
</ptxt>
</entry>
<entry id="nev20684744n1-nev17666937n4">
<ptxt id="nev20684744n1-nev17666937n5">Broken circuit #@#@#56#cked.</ptxt>
</entry>
</row>
<row id="nev20684744n1-nev17666937n6">
<entry id="nev20684744n1-nev17666937n7">
<ptxt id="nev20684744n1-nev17666937n8">#21</ptxt>
</entry>
<entry id="nev20684744n1-nev17666937n9">
<ptxt id="nev20684744n1-nev17666937n10">#C1:21</ptxt>
</entry>
<entry id="nev20684744n1-nev17666938n1">
<ptxt id="nev20684744n1-nev17666938n2">Communication c#@#@#4#, LIN</ptxt>
</entry>
<entry id="nev20684744n1-nev17666938n3">
<ptxt id="nev20684744n1-nev17666938n4">U = 5 - 8 V</ptxt>
</entry>
<entry id="nev20684744n1-nev17666938n5">
<ptxt id="nev20684744n1-nev17666938n6">U = 5 - 8 V</ptxt>
</entry>
<entry id="nev20684744n1-nev17666938n7">
<ptxt id="nev20684744n1-nev17666938n8">-</ptxt>
</entry>
</row>
<row id="nev20684744n1-nev17666938n9">
<entry id="nev20684744n1-nev17666938n10">
<ptxt id="nev20684744n1-nev17666939n1">#22</ptxt>
</entry>
<entry id="nev20684744n1-nev17666939n2">
<ptxt id="nev20684744n1-nev17666939n3">#C1:22</ptxt>
</entry>
<entry id="nev20684744n1-nev17666939n4">
<ptxt id="nev20684744n1-nev17666939n5">Signal from loc#@#@#16#ow up</ptxt>
</entry>
<entry id="nev20684744n1-nev17666939n6">
<ptxt id="nev20684744n1-nev17666939n7"> U=U<sub id="nev20684744n1-nev17666939n8">bat</sub>/U=0 V</ptxt>
</entry>
<entry id="nev20684744n1-nev17666939n9">
<ptxt id="nev20684744n1-nev17666939n10"> U=U<sub id="nev20684744n1-nev17666940n1">bat</sub>/U=0 V</ptxt>
</entry>
<entry id="nev20684744n1-nev17666940n2">
<ptxt id="nev20684744n1-nev17666940n3">Active when ope#@#@#49#trol.</ptxt>
</entry>
</row>
</tbody>
</tgroup>
</table>
<grate id="nev20684744n1-nev17666940n4" pgwide="1">
<graphic id="nev20684744n1-nev17666940n6">
<href>0900c8af8337d14#@#@#10#.jpeg</href>
</graphic>
</grate>
<table colsep="1" frame="all" id="nev20684744n1-nev17666940n7" pgwide="1" rowsep="1">
<title id="nev20684744n1-nev18059049n244">Connector C2, f#@#@#4# door</title>
<tgroup cols="6" id="nev20684744n1-nev17666940n8">
<colspec colname="col1" colwidth="37.84*" id="nev20684744n1-nev17666940n9"/>
<colspec colname="col2" colwidth="39.53*" id="nev20684744n1-nev17666940n10"/>
<colspec colname="col3" colwidth="76.30*" id="nev20684744n1-nev17666941n1"/>
<colspec colname="col4" colwidth="70.37*" id="nev20684744n1-nev17666941n2"/>
<colspec colname="col5" colwidth="65.55*" id="nev20684744n1-nev17666941n3"/>
<colspec colname="col6" colwidth="69.94*" id="nev20684744n1-nev17666941n4"/>
<thead id="nev20684744n1-nev17666941n5">
<row id="nev20684744n1-nev17666941n9">
<entry id="nev20684744n1-nev17666941n10" valign="top">
<ptxt id="nev20684744n1-nev17666942n1">
<emph id="nev20684744n1-nev17666942n2">Breakout box te#@#@#1#minal</emph>
</ptxt>
</entry>
<entry id="nev20684744n1-nev17666942n3" valign="top">
<ptxt id="nev20684744n1-nev17666942n4">
<emph id="nev20684744n1-nev17666942n5">Control module #@#@#3#minal</emph>
</ptxt>
</entry>
<entry id="nev20684744n1-nev17666942n6" valign="top">
<ptxt id="nev20684744n1-nev17666942n7">
<emph id="nev20684744n1-nev17666942n8">Signal type</emph>
</ptxt>
</entry>
<entry id="nev20684744n1-nev17666942n9" valign="top">
<ptxt id="nev20684744n1-nev17666942n10">
<emph id="nev20684744n1-nev17666943n1">Ignition off</emph>
</ptxt>
<ptxt id="nev20684744n1-nev17666943n2">
<emph id="nev20684744n1-nev17666943n3">Inactive/active</emph>
</ptxt>
</entry>
<entry id="nev20684744n1-nev17666943n4" valign="top">
<ptxt id="nev20684744n1-nev17666943n5">
<emph id="nev20684744n1-nev17666943n6">Ignition on</emph>
</ptxt>
<ptxt id="nev20684744n1-nev17666943n7">
<emph id="nev20684744n1-nev17666943n8">Inactive/active</emph>
</ptxt>
</entry>
<entry id="nev20684744n1-nev17666943n9" valign="top">
<ptxt id="nev20684744n1-nev17666943n10">
<emph id="nev20684744n1-nev17666944n1">Miscellaneous</emph>
</ptxt>
</entry>
</row>
</thead>
<tbody id="nev20684744n1-nev17666944n2">
<row id="nev20684744n1-nev17666944n3">
<entry id="nev20684744n1-nev17666944n4">
<ptxt id="nev20684744n1-nev17666944n5">#31</ptxt>
</entry>
<entry id="nev20684744n1-nev17666944n6">
<ptxt id="nev20684744n1-nev17666944n7">C2:1</ptxt>
</entry>
<entry id="nev20684744n1-nev17666944n8">
<ptxt id="nev20684744n1-nev17666944n9">CAN H</ptxt>
</entry>
<entry id="nev20684744n1-nev17666944n10">
<ptxt id="nev20684744n1-nev17666945n1">U = 1.5 - 2.5 V</ptxt>
</entry>
<entry id="nev20684744n1-nev17666945n2">
<ptxt id="nev20684744n1-nev17666945n3">U = 1.5 - 2.5 V</ptxt>
</entry>
<entry id="nev20684744n1-nev17666945n4">
<ptxt id="nev20684744n1-nev17666945n5">-</ptxt>
</entry>
</row>
<row id="nev20684744n1-nev17666945n6">
<entry id="nev20684744n1-nev17666945n7">
<ptxt id="nev20684744n1-nev17666945n8">#32</ptxt>
</entry>
<entry id="nev20684744n1-nev17666945n9">
<ptxt id="nev20684744n1-nev17666945n10">C2:2</ptxt>
</entry>
<entry id="nev20684744n1-nev17666946n1">
<ptxt id="nev20684744n1-nev17666946n2">BLIS, LED</ptxt>
</entry>
<entry id="nev20684744n1-nev17666946n3">
<ptxt id="nev20684744n1-nev17735204n244">U = 0 V</ptxt>
</entry>
<entry id="nev20684744n1-nev17666946n5">
<ptxt id="nev20684744n1-nev17666946n6">U = U<sub id="nev20684744n1-nev17735204n243">bat</sub>
</ptxt>
</entry>
<entry id="nev20684744n1-nev17666946n7">
<ptxt id="nev20684744n1-nev17666946n8">-</ptxt>
</entry>
</row>
<row id="nev20684744n1-nev17666946n9">
<entry id="nev20684744n1-nev17666946n10">
<ptxt id="nev20684744n1-nev17666947n1">#33</ptxt>
</entry>
<entry id="nev20684744n1-nev17666947n2">
<ptxt id="nev20684744n1-nev17666947n3">C2:3</ptxt>
</entry>
<entry id="nev20684744n1-nev17666947n4">
<ptxt id="nev20684744n1-nev17666947n5">Lock indication, LED</ptxt>
</entry>
<entry id="nev20684744n1-nev17666947n6">
<ptxt id="nev20684744n1-nev17666947n7">U = 0 V / U = U<sub id="nev20684744n1-nev17666947n8">bat</sub>
<sub id="nev20684744n1-nev17666947n9"/>
</ptxt>
</entry>
<entry id="nev20684744n1-nev17666947n10">
<ptxt id="nev20684744n1-nev17666948n1">U = 0 V / U = U<sub id="nev20684744n1-nev17666948n2">bat</sub>
<sub id="nev20684744n1-nev17666948n3"/>
</ptxt>
</entry>
<entry id="nev20684744n1-nev17666948n4">
<ptxt id="nev20684744n1-nev17666948n5">Only certain ty#@#@#10#icle.</ptxt>
</entry>
</row>
<row id="nev20684744n1-nev17666948n6">
<entry id="nev20684744n1-nev17666948n7">
<ptxt id="nev20684744n1-nev17666948n8">#34</ptxt>
</entry>
<entry id="nev20684744n1-nev17666948n9">
<ptxt id="nev20684744n1-nev17666948n10">C2:4</ptxt>
</entry>
<entry id="nev20684744n1-nev17666949n1">
<ptxt id="nev20684744n1-nev17666949n2">Lighting, local#@#@#3#ntrol</ptxt>
</entry>
<entry id="nev20684744n1-nev17666949n3">
<ptxt id="nev20684744n1-nev17666949n4">U=0 V / U=U<sub id="nev20684744n1-nev17666949n5">bat</sub>
</ptxt>
</entry>
<entry id="nev20684744n1-nev17666949n6">
<ptxt id="nev20684744n1-nev17666949n7">U=0 V / U=U<sub id="nev20684744n1-nev17666949n8">bat</sub>
</ptxt>
</entry>
<entry id="nev20684744n1-nev17666949n9">
<ptxt id="nev20684744n1-nev17666949n10">-</ptxt>
</entry>
</row>
<row id="nev20684744n1-nev17666950n1">
<entry id="nev20684744n1-nev17666950n2">
<ptxt id="nev20684744n1-nev17666950n3">#35</ptxt>
</entry>
<entry id="nev20684744n1-nev17666950n4">
<ptxt id="nev20684744n1-nev17666950n5">C2:5</ptxt>
</entry>
<entry id="nev20684744n1-nev17666950n6">
<ptxt id="nev20684744n1-nev17666950n7">Turn signal lam#@#@#27#upply</ptxt>
</entry>
<entry id="nev20684744n1-nev17666950n8">
<ptxt id="nev20684744n1-nev17666950n9">U = 0 V</ptxt>
</entry>
<entry id="nev20684744n1-nev17666950n10">
<ptxt id="nev20684744n1-nev17666951n1">U=0 V / U=U<sub id="nev20684744n1-nev17666951n2">bat</sub>
</ptxt>
</entry>
<entry id="nev20684744n1-nev17666951n3">
<ptxt id="nev20684744n1-nev17666951n4">-</ptxt>
</entry>
</row>
<row id="nev20684744n1-nev17666951n5">
<entry id="nev20684744n1-nev17666951n6">
<ptxt id="nev20684744n1-nev17666951n7">#36</ptxt>
</entry>
<entry id="nev20684744n1-nev17666951n8">
<ptxt id="nev20684744n1-nev17666951n9">C2:6</ptxt>
</entry>
<entry id="nev20684744n1-nev17666951n10">
<ptxt id="nev20684744n1-nev17666952n1">Surroundings li#@#@#15#upply</ptxt>
</entry>
<entry id="nev20684744n1-nev17666952n2">
<ptxt id="nev20684744n1-nev17666952n3">U = 0 V </ptxt>
</entry>
<entry id="nev20684744n1-nev17666952n4">
<ptxt id="nev20684744n1-nev17666952n5">U=0 V / U=U<sub id="nev20684744n1-nev17666952n6">bat</sub>
</ptxt>
</entry>
<entry id="nev20684744n1-nev17666952n7">
<ptxt id="nev20684744n1-nev17666952n8">-</ptxt>
</entry>
</row>
<row id="nev20684744n1-nev17666952n9">
<entry id="nev20684744n1-nev17666952n10">
<ptxt id="nev20684744n1-nev17666953n1">#37</ptxt>
</entry>
<entry id="nev20684744n1-nev17666953n2">
<ptxt id="nev20684744n1-nev17666953n3">C2:7</ptxt>
</entry>
<entry id="nev20684744n1-nev17666953n4">
<ptxt id="nev20684744n1-nev17666953n5">Door mirror def#@#@#15#upply</ptxt>
</entry>
<entry id="nev20684744n1-nev17666953n6">
<ptxt id="nev20684744n1-nev17666953n7">U = 0 V</ptxt>
</entry>
<entry id="nev20684744n1-nev17666953n8">
<ptxt id="nev20684744n1-nev17666953n9">U = 0 / U = U<sub id="nev20684744n1-nev17666953n10">bat</sub>
</ptxt>
</entry>
<entry id="nev20684744n1-nev17666954n1">
<ptxt id="nev20684744n1-nev17666954n2">-</ptxt>
</entry>
</row>
<row id="nev20684744n1-nev17666954n3">
<entry id="nev20684744n1-nev17666954n4">
<ptxt id="nev20684744n1-nev17666954n5">#38</ptxt>
</entry>
<entry id="nev20684744n1-nev17666954n6">
<ptxt id="nev20684744n1-nev17666954n7">C2:8</ptxt>
</entry>
<entry id="nev20684744n1-nev17666954n8">
<ptxt id="nev20684744n1-nev17666954n9">Door mirror, ex#@#@#2#nding</ptxt>
<ptxt id="nev20684744n1-nev17666954n10">/ Mirror motor #@#@#2#/down</ptxt>
</entry>
<entry id="nev20684744n1-nev17666955n1">
<ptxt id="nev20684744n1-nev17666955n2">U = 0 V</ptxt>
</entry>
<entry id="nev20684744n1-nev17666955n3">
<ptxt id="nev20684744n1-nev17666955n4">U = 0 V or U = U<sub id="nev20684744n1-nev17666955n5">bat</sub>, depending on #@#@#3#mand.</ptxt>
</entry>
<entry id="nev20684744n1-nev17666955n6">
<ptxt id="nev20684744n1-nev17666955n7">Extending rearv#@#@#81# C2:9</ptxt>
</entry>
</row>
<row id="nev20684744n1-nev17666955n8">
<entry id="nev20684744n1-nev17666955n9">
<ptxt id="nev20684744n1-nev17666955n10">#39</ptxt>
</entry>
<entry id="nev20684744n1-nev17666956n1">
<ptxt id="nev20684744n1-nev17666956n2">C2:9</ptxt>
</entry>
<entry id="nev20684744n1-nev17666956n3">
<ptxt id="nev20684744n1-nev17666956n4">Mirror motor, common</ptxt>
</entry>
<entry id="nev20684744n1-nev17666956n5">
<ptxt id="nev20684744n1-nev17666956n6">U = 0 V</ptxt>
</entry>
<entry id="nev20684744n1-nev17666956n7">
<ptxt id="nev20684744n1-nev17666956n8">U = 0 V or U = U<sub id="nev20684744n1-nev17666956n9">bat</sub>, depending on #@#@#3#mand.</ptxt>
</entry>
<entry id="nev20684744n1-nev17666956n10">
<ptxt id="nev20684744n1-nev17666957n1">Mirror right/le#@#@#18#2:10.</ptxt>
<ptxt id="nev20684744n1-nev17666957n2">Mirror up/down #@#@#14#C2:8.</ptxt>
</entry>
</row>
<row id="nev20684744n1-nev17666957n3">
<entry id="nev20684744n1-nev17666957n4">
<ptxt id="nev20684744n1-nev17666957n5">#40</ptxt>
</entry>
<entry id="nev20684744n1-nev17666957n6">
<ptxt id="nev20684744n1-nev17666957n7">C2:10</ptxt>
</entry>
<entry id="nev20684744n1-nev17666957n8">
<ptxt id="nev20684744n1-nev17666957n9">Mirror motor le#@#@#3#right</ptxt>
</entry>
<entry id="nev20684744n1-nev17666957n10">
<ptxt id="nev20684744n1-nev17666958n1">U = 0 V</ptxt>
</entry>
<entry id="nev20684744n1-nev17666958n2">
<ptxt id="nev20684744n1-nev17666958n3">U = 0 V or U = U<sub id="nev20684744n1-nev17666958n4">bat</sub>, depending on #@#@#3#mand.</ptxt>
</entry>
<entry id="nev20684744n1-nev17666958n5">
<ptxt id="nev20684744n1-nev17666958n6">Mirror right/le#@#@#17#C2:9.</ptxt>
</entry>
</row>
<row id="nev20684744n1-nev17666958n7">
<entry id="nev20684744n1-nev17666958n8">
<ptxt id="nev20684744n1-nev17666958n9">#41</ptxt>
</entry>
<entry id="nev20684744n1-nev17666958n10">
<ptxt id="nev20684744n1-nev17666959n1">C2:11</ptxt>
</entry>
<entry id="nev20684744n1-nev17666959n2">
<ptxt id="nev20684744n1-nev17666959n3">Door mirror, re#@#@#3#cting</ptxt>
</entry>
<entry id="nev20684744n1-nev17666959n4">
<ptxt id="nev20684744n1-nev17666959n5">U = 0 V</ptxt>
</entry>
<entry id="nev20684744n1-nev17666959n6">
<ptxt id="nev20684744n1-nev17666959n7">U = 0 V or U = U<sub id="nev20684744n1-nev17666959n8">bat</sub>, depending on #@#@#3#mand.</ptxt>
</entry>
<entry id="nev20684744n1-nev17666959n9">
<ptxt id="nev20684744n1-nev17666959n10">Folding out/in #@#@#21#C2:8.</ptxt>
</entry>
</row>
<row id="nev20684744n1-nev17666960n1">
<entry id="nev20684744n1-nev17666960n2">
<ptxt id="nev20684744n1-nev17666960n3">#42</ptxt>
</entry>
<entry id="nev20684744n1-nev17666960n4">
<ptxt id="nev20684744n1-nev17666960n5">C2:12</ptxt>
</entry>
<entry id="nev20684744n1-nev17666960n6">
<ptxt id="nev20684744n1-nev17666960n7">Door mirror pot#@#@#15#down)</ptxt>
</entry>
<entry id="nev20684744n1-nev17666960n8">
<ptxt id="nev20684744n1-nev17666960n9">U = 0 V</ptxt>
</entry>
<entry id="nev20684744n1-nev17666960n10">
<ptxt id="nev20684744n1-nev17666961n1">U=0V-5V</ptxt>
</entry>
<entry id="nev20684744n1-nev17666961n2">
<ptxt id="nev20684744n1-nev17666961n3">Only certain ty#@#@#10#icle.</ptxt>
</entry>
</row>
<row id="nev20684744n1-nev17666961n4">
<entry id="nev20684744n1-nev17666961n5">
<ptxt id="nev20684744n1-nev17666961n6">#43</ptxt>
</entry>
<entry id="nev20684744n1-nev17666961n7">
<ptxt id="nev20684744n1-nev17666961n8">C2:13</ptxt>
</entry>
<entry id="nev20684744n1-nev17666961n9">
<ptxt id="nev20684744n1-nev17666961n10">CAN L</ptxt>
</entry>
<entry id="nev20684744n1-nev17666962n1">
<ptxt id="nev20684744n1-nev17666962n2">U = 1.5 - 2.5 V</ptxt>
</entry>
<entry id="nev20684744n1-nev17666962n3">
<ptxt id="nev20684744n1-nev17666962n4">U = 1.5 - 2.5 V</ptxt>
</entry>
<entry id="nev20684744n1-nev17666962n5">
<ptxt id="nev20684744n1-nev17666962n6">-</ptxt>
</entry>
</row>
<row id="nev20684744n1-nev17666962n7">
<entry id="nev20684744n1-nev17666962n8">
<ptxt id="nev20684744n1-nev17666962n9">#44</ptxt>
</entry>
<entry id="nev20684744n1-nev17666962n10">
<ptxt id="nev20684744n1-nev17666963n1">C2:14</ptxt>
</entry>
<entry id="nev20684744n1-nev17666963n2">
<ptxt id="nev20684744n1-nev17666963n3">Lock control lo#@#@#7#cking</ptxt>
</entry>
<entry id="nev20684744n1-nev17666963n4">
<ptxt id="nev20684744n1-nev17666963n5">U=U<sub id="nev20684744n1-nev17666963n6">bat</sub>/U=0 V</ptxt>
</entry>
<entry id="nev20684744n1-nev17666963n7">
<ptxt id="nev20684744n1-nev17666963n8">U=U<sub id="nev20684744n1-nev17666963n9">bat</sub>/U=0 V</ptxt>
</entry>
<entry id="nev20684744n1-nev17666963n10">
<ptxt id="nev20684744n1-nev17666964n1">Not always used#@#@#44#sion.</ptxt>
</entry>
</row>
<row id="nev20684744n1-nev17666964n2">
<entry id="nev20684744n1-nev17666964n3">
<ptxt id="nev20684744n1-nev17666964n4">#45</ptxt>
</entry>
<entry id="nev20684744n1-nev17666964n5">
<ptxt id="nev20684744n1-nev17666964n6">C2:15</ptxt>
</entry>
<entry id="nev20684744n1-nev17666964n7">
<ptxt id="nev20684744n1-nev17666964n8">Lock control lo#@#@#9#cking</ptxt>
</entry>
<entry id="nev20684744n1-nev17666964n9">
<ptxt id="nev20684744n1-nev17666964n10">U=U<sub id="nev20684744n1-nev17666965n1">bat</sub>/U=0 V</ptxt>
</entry>
<entry id="nev20684744n1-nev17666965n2">
<ptxt id="nev20684744n1-nev17666965n3">U=U<sub id="nev20684744n1-nev17666965n4">bat</sub>/U=0 V</ptxt>
</entry>
<entry id="nev20684744n1-nev17666965n5">
<ptxt id="nev20684744n1-nev17666965n6">Not always used#@#@#44#sion.</ptxt>
</entry>
</row>
<row id="nev20684744n1-nev17666965n7">
<entry id="nev20684744n1-nev17666965n8">
<ptxt id="nev20684744n1-nev17666965n9">#46</ptxt>
</entry>
<entry id="nev20684744n1-nev17666965n10">
<ptxt id="nev20684744n1-nev17666966n1">C2:16</ptxt>
</entry>
<entry id="nev20684744n1-nev17666966n2">
<ptxt id="nev20684744n1-nev17666966n3">Control window,#@#@#19#side)</ptxt>
<ptxt id="nev20684744n1-nev17666966n4">Control panel, #@#@#17#side)</ptxt>
</entry>
<entry id="nev20684744n1-nev17666966n5">
<ptxt id="nev20684744n1-nev17666966n6">U = 0 V</ptxt>
</entry>
<entry id="nev20684744n1-nev17666966n7">
<ptxt id="nev20684744n1-nev17666966n8">U = 0 V</ptxt>
</entry>
<entry id="nev20684744n1-nev17666966n9">
<ptxt id="nev20684744n1-nev17666966n10">-</ptxt>
</entry>
</row>
<row id="nev20684744n1-nev17666967n1">
<entry id="nev20684744n1-nev17666967n2">
<ptxt id="nev20684744n1-nev17666967n3">#47</ptxt>
</entry>
<entry id="nev20684744n1-nev17666967n4">
<ptxt id="nev20684744n1-nev17666967n5">C2:17</ptxt>
</entry>
<entry id="nev20684744n1-nev17666967n6">
<ptxt id="nev20684744n1-nev17666967n7">Central locking#@#@#11#round</ptxt>
</entry>
<entry id="nev20684744n1-nev17666967n8">
<ptxt id="nev20684744n1-nev17666967n9">U = 0 V</ptxt>
</entry>
<entry id="nev20684744n1-nev17666967n10">
<ptxt id="nev20684744n1-nev17666968n1">U = 0 V</ptxt>
</entry>
<entry id="nev20684744n1-nev17666968n2">
<ptxt id="nev20684744n1-nev17666968n3">Not always used#@#@#44#sion.</ptxt>
</entry>
</row>
<row id="nev20684744n1-nev17666968n4">
<entry id="nev20684744n1-nev17666968n5">
<ptxt id="nev20684744n1-nev17666968n6">#48</ptxt>
</entry>
<entry id="nev20684744n1-nev17666968n7">
<ptxt id="nev20684744n1-nev17666968n8">C2:18</ptxt>
</entry>
<entry id="nev20684744n1-nev17666968n9">
<ptxt id="nev20684744n1-nev17666968n10">Door mirror, ground</ptxt>
</entry>
<entry id="nev20684744n1-nev17666969n1">
<ptxt id="nev20684744n1-nev17666969n2">U = 0 V</ptxt>
</entry>
<entry id="nev20684744n1-nev17666969n3">
<ptxt id="nev20684744n1-nev17666969n4">U = 0 V</ptxt>
</entry>
<entry id="nev20684744n1-nev17666969n5">
<ptxt id="nev20684744n1-nev17666969n6">-</ptxt>
</entry>
</row>
<row id="nev20684744n1-nev17666969n7">
<entry id="nev20684744n1-nev17666969n8">
<ptxt id="nev20684744n1-nev17666969n9">#49</ptxt>
</entry>
<entry id="nev20684744n1-nev17666969n10">
<ptxt id="nev20684744n1-nev17666970n1">C2:19</ptxt>
</entry>
<entry id="nev20684744n1-nev17666970n2">
<ptxt id="nev20684744n1-nev17666970n3">Mirror potentio#@#@#8#round</ptxt>
</entry>
<entry id="nev20684744n1-nev17666970n4">
<ptxt id="nev20684744n1-nev17666970n5">U = 0 V</ptxt>
</entry>
<entry id="nev20684744n1-nev17666970n6">
<ptxt id="nev20684744n1-nev17666970n7">U = 0 V</ptxt>
</entry>
<entry id="nev20684744n1-nev17666970n8">
<ptxt id="nev20684744n1-nev17666970n9">Only certain ty#@#@#10#icle.</ptxt>
</entry>
</row>
<row id="nev20684744n1-nev17666970n10">
<entry id="nev20684744n1-nev17666971n1">
<ptxt id="nev20684744n1-nev17666971n2">#50</ptxt>
</entry>
<entry id="nev20684744n1-nev17666971n3">
<ptxt id="nev20684744n1-nev17666971n4">C2:20</ptxt>
</entry>
<entry id="nev20684744n1-nev17666971n5">
<ptxt id="nev20684744n1-nev17666971n6">BLIS LED, ground</ptxt>
</entry>
<entry id="nev20684744n1-nev17666971n7">
<ptxt id="nev20684744n1-nev17735204n242">U = 0 V</ptxt>
</entry>
<entry id="nev20684744n1-nev17666971n9">
<ptxt id="nev20684744n1-nev17666971n10">U = 0 V</ptxt>
</entry>
<entry id="nev20684744n1-nev17666972n1">
<ptxt id="nev20684744n1-nev17666972n2">-</ptxt>
</entry>
</row>
<row id="nev20684744n1-nev17666972n3">
<entry id="nev20684744n1-nev17666972n4">
<ptxt id="nev20684744n1-nev17666972n5">#51</ptxt>
</entry>
<entry id="nev20684744n1-nev17666972n6">
<ptxt id="nev20684744n1-nev17666972n7">C2:21</ptxt>
</entry>
<entry id="nev20684744n1-nev17666972n8">
<ptxt id="nev20684744n1-nev17666972n9">Signal from loc#@#@#18# down</ptxt>
</entry>
<entry id="nev20684744n1-nev17666972n10">
<ptxt id="nev20684744n1-nev17666973n1">U=U<sub id="nev20684744n1-nev17666973n2">bat</sub>/U=0 V</ptxt>
</entry>
<entry id="nev20684744n1-nev17666973n3">
<ptxt id="nev20684744n1-nev17666973n4">U=U<sub id="nev20684744n1-nev17666973n5">bat</sub>/U=0 V</ptxt>
</entry>
<entry id="nev20684744n1-nev17666973n6">
<ptxt id="nev20684744n1-nev17666973n7">Active when ope#@#@#49#trol.</ptxt>
<ptxt id="nev20684744n1-nev17666973n8">Passenger side.</ptxt>
</entry>
</row>
<row id="nev20684744n1-nev17666973n9">
<entry id="nev20684744n1-nev17666973n10">
<ptxt id="nev20684744n1-nev17666974n1">#52</ptxt>
</entry>
<entry id="nev20684744n1-nev17666974n2">
<ptxt id="nev20684744n1-nev17666974n3">C2:22</ptxt>
</entry>
<entry id="nev20684744n1-nev17666974n4">
<ptxt id="nev20684744n1-nev17666974n5">Signal from loc#@#@#16#ow up</ptxt>
</entry>
<entry id="nev20684744n1-nev17666974n6">
<ptxt id="nev20684744n1-nev17666974n7">U=U<sub id="nev20684744n1-nev17666974n8">bat</sub>/U=0 V</ptxt>
</entry>
<entry id="nev20684744n1-nev17666974n9">
<ptxt id="nev20684744n1-nev17666974n10">U=U<sub id="nev20684744n1-nev17666975n1">bat</sub>/U=0 V</ptxt>
</entry>
<entry id="nev20684744n1-nev17666975n2">
<ptxt id="nev20684744n1-nev17666975n3">Active when ope#@#@#49#trol.</ptxt>
<ptxt id="nev20684744n1-nev17666975n4">Passenger side.</ptxt>
</entry>
</row>
<row id="nev20684744n1-nev17666975n5">
<entry id="nev20684744n1-nev17666975n6">
<ptxt id="nev20684744n1-nev17666975n7">#53</ptxt>
</entry>
<entry id="nev20684744n1-nev17666975n8">
<ptxt id="nev20684744n1-nev17666975n9">C2:23</ptxt>
</entry>
<entry id="nev20684744n1-nev17666975n10">
<ptxt id="nev20684744n1-nev17666976n1">Mirror potentio#@#@#14# feed</ptxt>
</entry>
<entry id="nev20684744n1-nev17666976n2">
<ptxt id="nev20684744n1-nev17666976n3">U = 0 V</ptxt>
</entry>
<entry id="nev20684744n1-nev17666976n4">
<ptxt id="nev20684744n1-nev17666976n5">U = 5 V</ptxt>
</entry>
<entry id="nev20684744n1-nev17666976n6">
<ptxt id="nev20684744n1-nev17666976n7">Only certain ty#@#@#10#icle.</ptxt>
</entry>
</row>
<row id="nev20684744n1-nev17666976n8">
<entry id="nev20684744n1-nev17666976n9">
<ptxt id="nev20684744n1-nev17666976n10">#54</ptxt>
</entry>
<entry id="nev20684744n1-nev17666977n1">
<ptxt id="nev20684744n1-nev17666977n2">C2:24</ptxt>
</entry>
<entry id="nev20684744n1-nev17666977n3">
<ptxt id="nev20684744n1-nev17666977n4">Door mirror pot#@#@#16#right</ptxt>
</entry>
<entry id="nev20684744n1-nev17666977n5">
<ptxt id="nev20684744n1-nev17666977n6">U = 0 V</ptxt>
</entry>
<entry id="nev20684744n1-nev17666977n7">
<ptxt id="nev20684744n1-nev17666977n8">U=0V-5V</ptxt>
</entry>
<entry id="nev20684744n1-nev17666977n9">
<ptxt id="nev20684744n1-nev17666977n10">Only certain ty#@#@#10#icle.</ptxt>
</entry>
</row>
</tbody>
</tgroup>
</table>
</servinfosub>