<?xml version="1.0" encoding="UTF-8"?><servinfosub IE-ID="en-US0900c8af8047c905" docno="VCC-061124" id="KC01560972" xml:lang="en-US">
<title>
<phrase category="" id="KC06542980" phrase-urn="urn:x-nevis:phrase:0800c8af8197439a">Voltage too hig#@#@#16#fault</phrase>
</title>
<diagnostic type="test">
<testgrp IE-ID="en-US0900c8af8047c905_KC01590930" id="KC01590930" j2008use="1" paperuse="1" resumable="1" screenuse="1" testgrp-id="Node1" x="160" y="120">
<title>
<phrase category="" id="KC06542981" phrase-urn="urn:x-nevis:phrase:0800c8af8197439b">Checking components</phrase>
</title>
<node>
<test1>
<test2>
<para>
<ptxt>
<phrase category="" id="KC06542982" phrase-urn="urn:x-nevis:phrase:0800c8af8197439c">Check generator#@#@#2#GEN).</phrase>
</ptxt>
</para>
<para>
<ptxt>
<phrase category="" id="KC06542983" phrase-urn="urn:x-nevis:phrase:0800c8af8197439d">Check charge relay.</phrase>
</ptxt>
</para>
</test2>
</test1>
<question>Select "Continue".</question>
<resact-grp>
<result button="cont" comp="button" highlight="0"/>
<action j2008use="1" paperuse="1" screenuse="1">
<ptxt>
<xref>
<ref id="KC06542984"/>
</xref>
</ptxt>
</action>
</resact-grp>
</node>
</testgrp>
<testgrp id="KC01590931" j2008use="1" paperuse="1" resumable="1" screenuse="1" testgrp-id="INFO" x="480" y="120">
<title>
<phrase category="" id="KC06542985" phrase-urn="urn:x-nevis:phrase:0800c8af8197439e">Fault-tracing i#@#@#5#ation</phrase>
</title>
<subcalloutnode>
<diagcallout>
<xref>
<ref id="KC06542986"/>
</xref>
</diagcallout>
<rescall-grp>
<result comp="string" highlight="0" op="eq" return="NEW TRY"/>
<calloutaction>
<ptxt>
<xref>
<ref id="KC06542987"/>
</xref>
</ptxt>
</calloutaction>
</rescall-grp>
<rescall-grp>
<result comp="string" highlight="0" op="eq" return="DONE"/>
<calloutaction>
<return value="DONE"/>
</calloutaction>
</rescall-grp>
<rescall-grp>
<result comp="string" highlight="0" op="eq" return="FAULT FOUND"/>
<calloutaction>
<return value="FAULT FOUND"/>
</calloutaction>
</rescall-grp>
</subcalloutnode>
</testgrp>
</diagnostic>
</servinfosub>