<?xml version="1.0" encoding="UTF-8"?><servinfosub IE-ID="en-US0900c8af80512905" docno="VCC-121486" id="KC01626619" xml:lang="en-US">
<title>
<phrase category="" id="KC07483372" phrase-urn="urn:x-nevis:phrase:0800c8af81b6d7ad">Short-circuit t#@#@#11#ltage</phrase>
</title>
<diagnostic type="test">
<testgrp IE-ID="en-US0900c8af80512905_KC01627134" id="KC01627134" j2008use="1" paperuse="1" resumable="1" screenuse="1" testgrp-id="dad1" x="120" y="120">
<title>
<phrase category="" id="KC07483373" phrase-urn="urn:x-nevis:phrase:0800c8af81b6d7ae">Checking the li#@#@#19#d STH</phrase>
</title>
<node>
<test1>
<diaglist>
<dgraphic>
<dgraphic1>
<graphic id="KC07483374">
<href>0900c8af80054d5#@#@#9#.jpeg</href>
</graphic>
</dgraphic1>
</dgraphic>
<ditem>
<ptxt>
<phrase category="" id="KC07483375" phrase-urn="urn:x-nevis:phrase:0800c8af81b6d7af">Ignition on</phrase>
</ptxt>
</ditem>
<ditem>
<ptxt>
<phrase category="" id="KC07483376" phrase-urn="urn:x-nevis:phrase:0800c8af81b6d7b2">Go into scrolli#@#@#4#alues</phrase>
</ptxt>
</ditem>
<ditem>
<ptxt>
<phrase category="" id="KC07483377" phrase-urn="urn:x-nevis:phrase:0800c8af81b6d7b5">Read off the cu#@#@#24#rcuit</phrase>
</ptxt>
</ditem>
<ditem>
<ptxt>
<phrase category="" id="KC07483378" phrase-urn="urn:x-nevis:phrase:0800c8af81b6d7b8">Depress the acc#@#@#22#owly.</phrase>
</ptxt>
</ditem>
</diaglist>
<test2>
<diaglist>
<dgraphic>
<dgraphic2>
<graphic id="KC07483379">
<href>0900c8af86c8681#@#@#9#.jpeg</href>
</graphic>
<smarttool active="press" id="KC07483380" toolname="XTCMA509"/>
</dgraphic2>
</dgraphic>
<ditem>
<ditemtext>
<ptxt>
<phrase category="" id="KC07483381" phrase-urn="urn:x-nevis:phrase:0800c8af81b6d7bb"/>
</ptxt>
</ditemtext>
</ditem>
<ditem>
<ditemtext>
<ptxt>
<phrase category="" id="KC07483382" phrase-urn="urn:x-nevis:phrase:0800c8af81b6d7be"/>
</ptxt>
</ditemtext>
</ditem>
</diaglist>
</test2>
</test1>
<question>The current sho#@#@#52#sed. </question>
<resact-grp>
<result button="ok" comp="button" highlight="0"/>
<action j2008use="1" paperuse="1" screenuse="1">
<ptxt>
<xref>
<ref id="KC07483383"/>
</xref>
</ptxt>
</action>
</resact-grp>
<resact-grp>
<result button="notok" comp="button" highlight="0"/>
<action j2008use="1" paperuse="0" screenuse="1">
<ptxt>
<xref>
<ref id="KC07483384"/>
</xref>
</ptxt>
</action>
</resact-grp>
</node>
</testgrp>
<testgrp id="KC01627135" j2008use="1" paperuse="0" resumable="1" screenuse="1" testgrp-id="dad2-0screen" x="134" y="1320">
<title>
<phrase category="" id="KC07483385" phrase-urn="urn:x-nevis:phrase:0800c8af81b6d7c0">Connecting the #@#@#7#t box</phrase>
</title>
<iecalloutnode>
<diagcallout>
<xref>
<ref id="KC07483386"/>
</xref>
</diagcallout>
<test1>
<test2/>
</test1>
<question/>
<resact-grp>
<result comp="string" highlight="0" op="eq" return="CONNECTED"/>
<action j2008use="1" paperuse="0" screenuse="1">
<ptxt>
<xref>
<ref id="KC07483387"/>
</xref>
</ptxt>
</action>
</resact-grp>
<resact-grp>
<result comp="string" highlight="0" op="eq" return="FAULT FOUND"/>
<action j2008use="1" paperuse="0" screenuse="1">
<ptxt>
<xref>
<ref id="KC07483388"/>
</xref>
</ptxt>
</action>
</resact-grp>
<resact-grp>
<result comp="string" highlight="0" op="eq" return="FAULT NOT FOUND"/>
<action j2008use="1" paperuse="0" screenuse="1">
<ptxt>
<xref>
<ref id="KC07483389"/>
</xref>
</ptxt>
</action>
</resact-grp>
<resact-grp>
<result comp="string" highlight="0" op="eq" return="FAULTTRACING FAILED"/>
<action j2008use="1" paperuse="0" screenuse="1">
<ptxt>
<xref>
<ref id="KC07483390"/>
</xref>
</ptxt>
</action>
</resact-grp>
</iecalloutnode>
</testgrp>
<testgrp id="KC01627136" j2008use="1" paperuse="1" resumable="1" screenuse="1" testgrp-id="dad2" x="120" y="200">
<title>
<phrase category="" id="KC07483391" phrase-urn="urn:x-nevis:phrase:0800c8af81b6d7c2">Checking resist#@#@#23#rcuit</phrase>
</title>
<node>
<test1>
<diaglist>
<dgraphic>
<dgraphic1>
<graphic id="KC07483392">
<href>0900c8af80054d4#@#@#9#.jpeg</href>
</graphic>
</dgraphic1>
<dgraphic3>
<graphic id="KC07483393">
<href>0900c8af80054cc#@#@#9#.jpeg</href>
</graphic>
</dgraphic3>
</dgraphic>
<ditem>
<ptxt>
<phrase category="" id="KC07483394" phrase-urn="urn:x-nevis:phrase:0800c8af81b6d7c4">Ignition off</phrase>
</ptxt>
</ditem>
<ditem>
<ptxt>
<phrase category="" id="KC07483395" phrase-urn="urn:x-nevis:phrase:0800c8af81b6d7c5">Control module #@#@#8#cted.</phrase>
</ptxt>
</ditem>
</diaglist>
<test2>
<ptxt>
<phrase category="" id="KC07483396" phrase-urn="urn:x-nevis:phrase:0800c8af81b6d7cb">Connect an ohmm#@#@#49# box.</phrase>
</ptxt>
<diaglist>
<dgraphic>
<dgraphic1>
<graphic id="KC07483397">
<href>0900c8af8005444#@#@#9#.jpeg</href>
</graphic>
</dgraphic1>
<dgraphic2>
<graphic id="KC07483398">
<href>0900c8af80054d4#@#@#9#.jpeg</href>
</graphic>
<smarttool active="auto" id="KC07483399" toolname="ODA"/>
</dgraphic2>
</dgraphic>
<ditem>
<ditemtext>
<ptxt>
<phrase category="" id="KC07483400" phrase-urn="urn:x-nevis:phrase:0800c8af81b6d7cc"/>
</ptxt>
</ditemtext>
</ditem>
</diaglist>
</test2>
</test1>
<question>The ohmmeter sh#@#@#25#-6 Ω.</question>
<resact-grp>
<result button="ok" comp="button" highlight="0"/>
<action j2008use="1" paperuse="1" screenuse="1">
<ptxt>
<xref>
<ref id="KC07483401"/>
</xref>
</ptxt>
</action>
</resact-grp>
<resact-grp>
<result button="notok" comp="button" highlight="0"/>
<action j2008use="1" paperuse="1" screenuse="1">
<ptxt>
<xref>
<ref id="KC07483402"/>
</xref>
</ptxt>
</action>
</resact-grp>
</node>
</testgrp>
<testgrp id="KC01627137" j2008use="1" paperuse="1" resumable="1" screenuse="1" testgrp-id="dad3" x="120" y="280">
<title>
<phrase category="" id="KC07483403" phrase-urn="urn:x-nevis:phrase:0800c8af81b6d7cd">Checking the so#@#@#33#ssion</phrase>
</title>
<node>
<test1>
<diaglist>
<dgraphic>
<dgraphic1>
<graphic id="KC07483404">
<href>0900c8af80054d4#@#@#9#.jpeg</href>
</graphic>
</dgraphic1>
<dgraphic2>
<graphic id="KC07483405">
<href>0900c8af80054d7#@#@#9#.jpeg</href>
</graphic>
</dgraphic2>
</dgraphic>
<ditem>
<ptxt>
<phrase category="" id="KC07483406" phrase-urn="urn:x-nevis:phrase:0800c8af81b6d7cf">Ignition off</phrase>
</ptxt>
</ditem>
<ditem>
<ptxt>
<phrase category="" id="KC07483407" phrase-urn="urn:x-nevis:phrase:0800c8af81b6d7d1">Disconnect the #@#@#24#ctor.</phrase>
</ptxt>
</ditem>
</diaglist>
<test2>
<ptxt>
<phrase category="" id="KC07483408" phrase-urn="urn:x-nevis:phrase:0800c8af81b6d7d3">Connect an ohmm#@#@#121#, see<xref>
<ref id="KC07483409"/>
</xref>. </phrase>
</ptxt>
<diaglist>
<dgraphic>
<dgraphic1>
<graphic id="KC07483410">
<href>0900c8af8012233#@#@#9#.jpeg</href>
</graphic>
</dgraphic1>
<dgraphic2>
<graphic id="KC07483411">
<href>0900c8af80054d4#@#@#9#.jpeg</href>
</graphic>
<smarttool active="auto" id="KC07483412" toolname="ODA"/>
</dgraphic2>
</dgraphic>
<ditem>
<ditemtext>
<ptxt>
<phrase category="" id="KC07483413" phrase-urn="urn:x-nevis:phrase:0800c8af81b6d7d4"/>
</ptxt>
</ditemtext>
</ditem>
</diaglist>
</test2>
</test1>
<question>The ohmmeter sh#@#@#25#-6 Ω.</question>
<resact-grp>
<result button="ok" comp="button" highlight="0"/>
<action j2008use="1" paperuse="1" screenuse="1">
<ptxt>
<xref>
<ref id="KC07483414"/>
</xref>
</ptxt>
</action>
</resact-grp>
<resact-grp>
<result button="notok" comp="button" highlight="0"/>
<action j2008use="1" paperuse="1" screenuse="1">
<ptxt>
<xref>
<ref id="KC07483415"/>
</xref>
</ptxt>
</action>
</resact-grp>
</node>
</testgrp>
<testgrp id="KC01627138" j2008use="1" paperuse="1" resumable="1" screenuse="1" testgrp-id="dad3-1" x="280" y="280">
<title>
<phrase category="" id="KC07483416" phrase-urn="urn:x-nevis:phrase:0800c8af81b6d7d6">Checking for a #@#@#8#rcuit</phrase>
</title>
<node>
<test1>
<test2>
<ptxt>
<phrase category="" id="KC07483417" phrase-urn="urn:x-nevis:phrase:0800c8af81b6d7d9">Check cables be#@#@#143#ther.</phrase>
</ptxt>
<diaglist>
<dgraphic>
<dgraphic1>
<graphic id="KC07483418">
<href>0900c8af8012233#@#@#9#.jpeg</href>
</graphic>
</dgraphic1>
<dgraphic2>
<graphic id="KC07483419">
<href>0900c8af80054d4#@#@#9#.jpeg</href>
</graphic>
<smarttool active="auto" id="KC07483420" toolname="ODA"/>
</dgraphic2>
</dgraphic>
<ditem>
<ditemtext>
<ptxt>
<phrase category="" id="KC07483421" phrase-urn="urn:x-nevis:phrase:0800c8af81b6d7dd"/>
</ptxt>
</ditemtext>
</ditem>
</diaglist>
</test2>
</test1>
<question>Select "Continu#@#@#31#ired.</question>
<resact-grp>
<result button="cont" comp="button" highlight="0"/>
<action j2008use="1" paperuse="1" screenuse="1">
<ptxt>
<xref>
<ref id="KC07483422"/>
</xref>
</ptxt>
</action>
</resact-grp>
</node>
</testgrp>
<testgrp id="KC01627139" j2008use="1" paperuse="1" resumable="1" screenuse="1" testgrp-id="dad4" x="120" y="360">
<title>
<phrase category="" id="KC07483423" phrase-urn="urn:x-nevis:phrase:0800c8af81b6d7df">Checking the re#@#@#19#d STH</phrase>
</title>
<node>
<test1>
<diaglist>
<dgraphic>
<dgraphic1>
<graphic id="KC07483424">
<href>0900c8af80054d4#@#@#9#.jpeg</href>
</graphic>
</dgraphic1>
<dgraphic2>
<graphic id="KC07483425">
<href>0900c8af80054d7#@#@#9#.jpeg</href>
</graphic>
</dgraphic2>
</dgraphic>
<ditem>
<ptxt>
<phrase category="" id="KC07483426" phrase-urn="urn:x-nevis:phrase:0800c8af81b6d7e0">Ignition off</phrase>
</ptxt>
</ditem>
<ditem>
<ptxt>
<phrase category="" id="KC07483427" phrase-urn="urn:x-nevis:phrase:0800c8af81b6d7e1">Open the contro#@#@#16#ng to<xref>
<ref id="KC07483428"/>
</xref>
</phrase>
</ptxt>
</ditem>
<ditem>
<ptxt>
<phrase category="" id="KC07483429" phrase-urn="urn:x-nevis:phrase:0800c8af81b6d7e4">Disconnect the #@#@#8# STH.</phrase>
</ptxt>
</ditem>
</diaglist>
<test2>
<ptxt>
<phrase category="" id="KC07483430" phrase-urn="urn:x-nevis:phrase:0800c8af81b6d7e5">Connect the ohm#@#@#45#tor. </phrase>
</ptxt>
<diaglist>
<dgraphic>
<dgraphic1>
<graphic id="KC07483431">
<href>0900c8af803f574#@#@#9#.jpeg</href>
</graphic>
</dgraphic1>
<dgraphic2>
<graphic id="KC07483432">
<href>0900c8af80054d4#@#@#9#.jpeg</href>
</graphic>
<smarttool active="auto" id="KC07483433" toolname="ODA"/>
</dgraphic2>
</dgraphic>
<ditem>
<ditemtext>
<ptxt>
<phrase category="" id="KC07483434" phrase-urn="urn:x-nevis:phrase:0800c8af81b6d7e6"/>
</ptxt>
</ditemtext>
</ditem>
</diaglist>
</test2>
</test1>
<question>The ohmmeter sh#@#@#25#-6 Ω.</question>
<resact-grp>
<result button="ok" comp="button" highlight="0"/>
<action j2008use="1" paperuse="1" screenuse="1">
<ptxt>
<xref>
<ref id="KC07483435"/>
</xref>
</ptxt>
</action>
</resact-grp>
<resact-grp>
<result button="notok" comp="button" highlight="0"/>
<action j2008use="1" paperuse="1" screenuse="1">
<ptxt>
<xref>
<ref id="KC07483436"/>
</xref>
</ptxt>
</action>
</resact-grp>
</node>
</testgrp>
<testgrp id="KC01627140" j2008use="1" paperuse="1" resumable="1" screenuse="1" testgrp-id="dad4-1" x="280" y="360">
<title>
<phrase category="" id="KC07483437" phrase-urn="urn:x-nevis:phrase:0800c8af81b6d7e8">Checking for a #@#@#8#rcuit</phrase>
</title>
<node>
<test1>
<test2>
<ptxt>
<phrase category="" id="KC07483438" phrase-urn="urn:x-nevis:phrase:0800c8af81b6d7ea">Check the cable#@#@#104#ther.</phrase>
</ptxt>
<ptxt>
<phrase category="" id="KC07483439" phrase-urn="urn:x-nevis:phrase:0800c8af81b6d7eb">To replace the #@#@#13#, see<xref>
<ref id="KC07483440"/>
</xref>. </phrase>
</ptxt>
<diaglist>
<dgraphic>
<dgraphic2>
<graphic id="KC07483441">
<href>0900c8af80054d4#@#@#9#.jpeg</href>
</graphic>
<smarttool active="auto" id="KC07483442" toolname="ODA"/>
</dgraphic2>
</dgraphic>
<ditem>
<ditemtext>
<ptxt>
<phrase category="" id="KC07483443" phrase-urn="urn:x-nevis:phrase:0800c8af81b6d7ed"/>
</ptxt>
</ditemtext>
</ditem>
</diaglist>
</test2>
</test1>
<question>Select "Continu#@#@#31#ired.</question>
<resact-grp>
<result button="cont" comp="button" highlight="0"/>
<action j2008use="1" paperuse="1" screenuse="1">
<ptxt>
<xref>
<ref id="KC07483444"/>
</xref>
</ptxt>
</action>
</resact-grp>
</node>
</testgrp>
<testgrp id="KC01627141" j2008use="1" paperuse="1" resumable="1" screenuse="1" testgrp-id="dad4-2" x="280" y="440">
<title>
<phrase category="" id="KC07483445" phrase-urn="urn:x-nevis:phrase:0800c8af81b6d7ee">Replacing the c#@#@#3#onent</phrase>
</title>
<node>
<test1>
<test2>
<ptxt>
<phrase category="" id="KC07483446" phrase-urn="urn:x-nevis:phrase:0800c8af81b6d7f0">Replace the tra#@#@#33#g to <xref>
<ref id="KC07483447"/>
</xref>. </phrase>
</ptxt>
<grate>
<graphic id="KC07483448" width="column">
<href>0900c8af803f704#@#@#9#.jpeg</href>
</graphic>
</grate>
</test2>
</test1>
<question>Select "Continu#@#@#31#ired.</question>
<resact-grp>
<result button="cont" comp="button" highlight="0"/>
<action j2008use="1" paperuse="1" screenuse="1">
<ptxt>
<xref>
<ref id="KC07483449"/>
</xref>
</ptxt>
</action>
</resact-grp>
</node>
</testgrp>
<testgrp id="KC01627142" j2008use="1" paperuse="1" resumable="1" screenuse="1" testgrp-id="dad5" x="120" y="520">
<title>
<phrase category="" id="KC07483450" phrase-urn="urn:x-nevis:phrase:0800c8af81b6d7f2">Checking the co#@#@#52#tage </phrase>
</title>
<node>
<test1>
<diaglist>
<dgraphic>
<dgraphic1>
<graphic id="KC07483451">
<href>0900c8af80054d5#@#@#9#.jpeg</href>
</graphic>
</dgraphic1>
<dgraphic3>
<graphic id="KC07483452">
<href>0900c8af80054cc#@#@#9#.jpeg</href>
</graphic>
</dgraphic3>
</dgraphic>
<ditem>
<ptxt>
<phrase category="" id="KC07483453" phrase-urn="urn:x-nevis:phrase:0800c8af81b6d7f6">Ignition off</phrase>
</ptxt>
</ditem>
<ditem>
<ptxt>
<phrase category="" id="KC07483454" phrase-urn="urn:x-nevis:phrase:0800c8af81b6d7f8">Breakout box co#@#@#2#ected</phrase>
</ptxt>
</ditem>
<ditem>
<ptxt>
<phrase category="" id="KC07483455" phrase-urn="urn:x-nevis:phrase:0800c8af81b6d7f9">Connect the con#@#@#7#dule.</phrase>
</ptxt>
</ditem>
<ditem>
<ptxt>
<phrase category="" id="KC07483456" phrase-urn="urn:x-nevis:phrase:0800c8af81b6d801">Ignition on.</phrase>
</ptxt>
</ditem>
</diaglist>
<test2>
<ptxt>
<phrase category="" id="KC07483457" phrase-urn="urn:x-nevis:phrase:0800c8af81b6d803">Connect a voltm#@#@#49# box.</phrase>
</ptxt>
<diaglist>
<dgraphic>
<dgraphic1>
<graphic id="KC07483458">
<href>0900c8af8005444#@#@#9#.jpeg</href>
</graphic>
</dgraphic1>
<dgraphic2>
<graphic id="KC07483459">
<href>0900c8af80054d4#@#@#9#.jpeg</href>
</graphic>
<smarttool active="auto" id="KC07483460" toolname="VDCDA"/>
</dgraphic2>
</dgraphic>
<ditem>
<ditemtext>
<ptxt>
<phrase category="" id="KC07483461" phrase-urn="urn:x-nevis:phrase:0800c8af81b6d807"/>
</ptxt>
</ditemtext>
</ditem>
</diaglist>
</test2>
</test1>
<question>The voltmeter s#@#@#12#-6 V.</question>
<resact-grp>
<result button="ok" comp="button" highlight="0"/>
<action j2008use="1" paperuse="1" screenuse="1">
<ptxt>
<xref>
<ref id="KC07483462"/>
</xref>
</ptxt>
</action>
</resact-grp>
<resact-grp>
<result button="notok" comp="button" highlight="0"/>
<action j2008use="1" paperuse="1" screenuse="1">
<ptxt>
<xref>
<ref id="KC07483463"/>
</xref>
</ptxt>
</action>
</resact-grp>
</node>
</testgrp>
<testgrp id="KC01627143" j2008use="1" paperuse="1" resumable="1" screenuse="1" testgrp-id="dad5-1" x="280" y="520">
<title>
<phrase category="" id="KC07483464" phrase-urn="urn:x-nevis:phrase:0800c8af81b6d80b">Checking for a #@#@#8#rcuit</phrase>
</title>
<node>
<test1>
<test2>
<ptxt>
<phrase category="" id="KC07483465" phrase-urn="urn:x-nevis:phrase:0800c8af81b6d80e">Check the cable#@#@#109#ng to<xref>
<ref id="KC07483466"/>
</xref>. </phrase>
</ptxt>
<ptxt>
<phrase category="" id="KC07483467" phrase-urn="urn:x-nevis:phrase:0800c8af81b6d813">To replace the #@#@#13#, see<xref>
<ref id="KC07483468"/>
</xref>. </phrase>
</ptxt>
<diaglist>
<dgraphic>
<dgraphic2>
<graphic id="KC07483469">
<href>0900c8af80054d4#@#@#9#.jpeg</href>
</graphic>
<smarttool active="auto" id="KC07483470" toolname="ODA"/>
</dgraphic2>
</dgraphic>
<ditem>
<ditemtext>
<ptxt>
<phrase category="" id="KC07483471" phrase-urn="urn:x-nevis:phrase:0800c8af81b6d814"/>
</ptxt>
</ditemtext>
</ditem>
</diaglist>
</test2>
</test1>
<question>Select "Continu#@#@#31#ired.</question>
<resact-grp>
<result button="cont" comp="button" highlight="0"/>
<action j2008use="1" paperuse="1" screenuse="1">
<ptxt>
<xref>
<ref id="KC07483472"/>
</xref>
</ptxt>
</action>
</resact-grp>
</node>
</testgrp>
<testgrp id="KC01627144" j2008use="1" paperuse="1" resumable="1" screenuse="1" testgrp-id="dad6" x="120" y="600">
<title>
<phrase category="" id="KC07483473" phrase-urn="urn:x-nevis:phrase:0800c8af81b6d815">Checking the si#@#@#43#ltage</phrase>
</title>
<node>
<test1>
<diaglist>
<dgraphic>
<dgraphic1>
<graphic id="KC07483474">
<href>0900c8af80054d5#@#@#9#.jpeg</href>
</graphic>
</dgraphic1>
</dgraphic>
<ditem>
<ptxt>
<phrase category="" id="KC07483475" phrase-urn="urn:x-nevis:phrase:0800c8af81b6d817">Ignition on.</phrase>
</ptxt>
</ditem>
</diaglist>
<test2>
<ptxt>
<phrase category="" id="KC07483476" phrase-urn="urn:x-nevis:phrase:0800c8af81b6d819">Connect a voltm#@#@#48# box.</phrase>
</ptxt>
<diaglist>
<dgraphic>
<dgraphic1>
<graphic id="KC07483477">
<href>0900c8af8005444#@#@#9#.jpeg</href>
</graphic>
</dgraphic1>
<dgraphic2>
<graphic id="KC07483478">
<href>0900c8af80054d4#@#@#9#.jpeg</href>
</graphic>
<smarttool id="KC07483479" toolname="VDCDA"/>
</dgraphic2>
</dgraphic>
<ditem>
<ditemtext>
<ptxt>
<phrase category="" id="KC07483480" phrase-urn="urn:x-nevis:phrase:0800c8af81b6d81a"/>
</ptxt>
</ditemtext>
</ditem>
</diaglist>
</test2>
</test1>
<question>The voltmeter s#@#@#12#-2 V.</question>
<resact-grp>
<result button="ok" comp="button" highlight="0"/>
<action j2008use="1" paperuse="1" screenuse="1">
<ptxt>
<xref>
<ref id="KC07483481"/>
</xref>
</ptxt>
</action>
</resact-grp>
<resact-grp>
<result button="notok" comp="button" highlight="0"/>
<action j2008use="1" paperuse="1" screenuse="1">
<ptxt>
<xref>
<ref id="KC07483482"/>
</xref>
</ptxt>
</action>
</resact-grp>
</node>
</testgrp>
<testgrp id="KC01627145" j2008use="1" paperuse="1" resumable="1" screenuse="1" testgrp-id="dad6-1" x="280" y="600">
<title>
<phrase category="" id="KC07483483" phrase-urn="urn:x-nevis:phrase:0800c8af81b6d81b">Checking for a #@#@#8#rcuit</phrase>
</title>
<node>
<test1>
<test2>
<ptxt>
<phrase category="" id="KC07483484" phrase-urn="urn:x-nevis:phrase:0800c8af81b6d81c">Check the cable#@#@#121#ng to<xref>
<ref id="KC07483485"/>
</xref>. </phrase>
</ptxt>
<ptxt>
<phrase category="" id="KC07483486" phrase-urn="urn:x-nevis:phrase:0800c8af81b6d81f">To replace the #@#@#13#, see<xref>
<ref id="KC07483487"/>
</xref>. </phrase>
</ptxt>
<diaglist>
<dgraphic>
<dgraphic2>
<graphic id="KC07483488">
<href>0900c8af80054d4#@#@#9#.jpeg</href>
</graphic>
<smarttool active="auto" id="KC07483489" toolname="ODA"/>
</dgraphic2>
</dgraphic>
<ditem>
<ditemtext>
<ptxt>
<phrase category="" id="KC07483490" phrase-urn="urn:x-nevis:phrase:0800c8af81b6d820"/>
</ptxt>
</ditemtext>
</ditem>
</diaglist>
</test2>
</test1>
<question>Select "Continu#@#@#31#ired.</question>
<resact-grp>
<result button="cont" comp="button" highlight="0"/>
<action j2008use="1" paperuse="1" screenuse="1">
<ptxt>
<xref>
<ref id="KC07483491"/>
</xref>
</ptxt>
</action>
</resact-grp>
</node>
</testgrp>
<testgrp id="KC01627146" j2008use="1" paperuse="1" resumable="1" screenuse="1" testgrp-id="dad7" x="120" y="680">
<title>
<phrase category="" id="KC07483492" phrase-urn="urn:x-nevis:phrase:0800c8af81b6d821">Checking the co#@#@#7#odule</phrase>
</title>
<node>
<test1>
<hint>
<ptxt>
<phrase category="" id="KC07483493" phrase-urn="urn:x-nevis:phrase:0800c8af81b6d823">The transmissio#@#@#170#lows:</phrase>
</ptxt>
</hint>
<diaglist>
<dgraphic>
<dgraphic1>
<graphic id="KC07483494">
<href>0900c8af80054d5#@#@#9#.jpeg</href>
</graphic>
</dgraphic1>
<dgraphic2>
<graphic id="KC07483495">
<href>0900c8af80054d7#@#@#9#.jpeg</href>
</graphic>
</dgraphic2>
</dgraphic>
<ditem>
<ptxt>
<phrase category="" id="KC07483496" phrase-urn="urn:x-nevis:phrase:0800c8af81b6d827">Ignition off</phrase>
</ptxt>
</ditem>
<ditem>
<ptxt>
<phrase category="" id="KC07483497" phrase-urn="urn:x-nevis:phrase:0800c8af81b6d829">Install the con#@#@#2#ctors</phrase>
</ptxt>
</ditem>
<ditem>
<ptxt>
<phrase category="" id="KC07483498" phrase-urn="urn:x-nevis:phrase:0800c8af81b6d82a">Ignition on</phrase>
</ptxt>
</ditem>
<ditem>
<ptxt>
<phrase category="" id="KC07483499" phrase-urn="urn:x-nevis:phrase:0800c8af81b6d82d">Go into scrolli#@#@#4#alues</phrase>
</ptxt>
</ditem>
<ditem>
<ptxt>
<phrase category="" id="KC07483500" phrase-urn="urn:x-nevis:phrase:0800c8af81b6d82e">Read off the cu#@#@#24#rcuit</phrase>
</ptxt>
</ditem>
<ditem>
<ptxt>
<phrase category="" id="KC07483501" phrase-urn="urn:x-nevis:phrase:0800c8af81b6d82f">Depress the acc#@#@#22#owly.</phrase>
</ptxt>
</ditem>
</diaglist>
<test2>
<diaglist>
<dgraphic>
<dgraphic2>
<graphic id="KC07483502">
<href>0900c8af86c8681#@#@#9#.jpeg</href>
</graphic>
<smarttool active="press" id="KC07483503" toolname="XTCMA509"/>
</dgraphic2>
</dgraphic>
<ditem>
<ditemtext>
<ptxt>
<phrase category="" id="KC07483504" phrase-urn="urn:x-nevis:phrase:0800c8af81b6d831"/>
</ptxt>
</ditemtext>
</ditem>
<ditem>
<ditemtext>
<ptxt>
<phrase category="" id="KC07483505" phrase-urn="urn:x-nevis:phrase:0800c8af81b6d833"/>
</ptxt>
</ditemtext>
</ditem>
</diaglist>
</test2>
</test1>
<question>The current sho#@#@#52#sed. </question>
<resact-grp>
<result button="ok" comp="button" highlight="0"/>
<action j2008use="1" paperuse="1" screenuse="1">
<ptxt>
<xref>
<ref id="KC07483506"/>
</xref>
</ptxt>
</action>
</resact-grp>
<resact-grp>
<result button="notok" comp="button" highlight="0"/>
<action j2008use="1" paperuse="1" screenuse="1">
<ptxt>
<xref>
<ref id="KC07483507"/>
</xref>
</ptxt>
</action>
</resact-grp>
</node>
</testgrp>
<testgrp id="KC01627147" j2008use="1" paperuse="1" resumable="1" screenuse="1" testgrp-id="dad7-1" x="280" y="680">
<title>
<phrase category="" id="KC07483508" phrase-urn="urn:x-nevis:phrase:0800c8af81b6d834">Replacing the c#@#@#3#onent</phrase>
</title>
<node>
<test1>
<diaglist>
<dgraphic>
<dgraphic1>
<graphic id="KC07483509">
<href>0900c8af80054d4#@#@#9#.jpeg</href>
</graphic>
</dgraphic1>
</dgraphic>
<ditem>
<ptxt>
<phrase category="" id="KC07483510" phrase-urn="urn:x-nevis:phrase:0800c8af81b6d837">Ignition off.</phrase>
</ptxt>
</ditem>
</diaglist>
<test2>
<ptxt>
<phrase category="" id="KC07483511" phrase-urn="urn:x-nevis:phrase:0800c8af81b6d838">Try a new contr#@#@#18#g to <xref>
<ref id="KC07483512"/>
</xref>. </phrase>
</ptxt>
<caution>
<ptxt>
<phrase category="" id="KC07483513" phrase-urn="urn:x-nevis:phrase:0800c8af81b6d83a">It is important#@#@#143#TCM).</phrase>
</ptxt>
</caution>
<grate>
<graphic id="KC07483514">
<href>0900c8af8012283#@#@#9#.jpeg</href>
</graphic>
</grate>
</test2>
</test1>
<question>Select "Continu#@#@#31#ired.</question>
<resact-grp>
<result button="cont" comp="button" highlight="0"/>
<action j2008use="1" paperuse="1" screenuse="1">
<ptxt>
<xref>
<ref id="KC07483515"/>
</xref>
</ptxt>
</action>
</resact-grp>
</node>
</testgrp>
<testgrp id="KC01627148" j2008use="1" paperuse="1" resumable="1" screenuse="1" testgrp-id="dad8" x="120" y="760">
<title>
<phrase category="" id="KC07483516" phrase-urn="urn:x-nevis:phrase:0800c8af81b6d83d">Check for an in#@#@#19#rcuit</phrase>
</title>
<node>
<test1>
<test2>
<ptxt>
<phrase category="" id="KC07483517" phrase-urn="urn:x-nevis:phrase:0800c8af81b6d83e">Check the cable#@#@#142#g to <xref>
<ref id="KC07483518"/>
</xref> and an intermi#@#@#29#ther.</phrase>
</ptxt>
<ptxt>
<phrase category="" id="KC07483519" phrase-urn="urn:x-nevis:phrase:0800c8af81b6d83f">To replace the #@#@#14# see <xref>
<ref id="KC07483520"/>
</xref>.</phrase>
</ptxt>
<diaglist>
<dgraphic>
<dgraphic2>
<graphic id="KC07483521">
<href>0900c8af80054d4#@#@#9#.jpeg</href>
</graphic>
<smarttool active="auto" id="KC07483522" toolname="ODA"/>
</dgraphic2>
</dgraphic>
<ditem>
<ditemtext>
<ptxt>
<phrase category="" id="KC07483523" phrase-urn="urn:x-nevis:phrase:0800c8af81b6d840"/>
</ptxt>
</ditemtext>
</ditem>
</diaglist>
</test2>
</test1>
<question>Select "Continu#@#@#31#ired.</question>
<resact-grp>
<result button="cont" comp="button" highlight="0"/>
<action j2008use="1" paperuse="1" screenuse="1">
<ptxt>
<xref>
<ref id="KC07483524"/>
</xref>
</ptxt>
</action>
</resact-grp>
</node>
</testgrp>
<testgrp id="KC01627149" j2008use="1" paperuse="1" resumable="1" screenuse="1" testgrp-id="dad9" x="120" y="840">
<title>
<phrase category="" id="KC07483525" phrase-urn="urn:x-nevis:phrase:0800c8af81b6d843">Checking the li#@#@#6#ssure</phrase>
</title>
<node>
<test1>
<test2>
<ptxt>
<phrase category="" id="KC07483526" phrase-urn="urn:x-nevis:phrase:0800c8af81b6d844">Diagnostic trou#@#@#146#sure.</phrase>
</ptxt>
<ptxt>
<phrase category="" id="KC07483527" phrase-urn="urn:x-nevis:phrase:0800c8af81b6d845">Check the line #@#@#17#g to <xref>
<ref id="KC07483528"/>
</xref>.</phrase>
</ptxt>
<grate>
<graphic id="KC07483529">
<href>0900c8af8012284#@#@#9#.jpeg</href>
</graphic>
</grate>
</test2>
</test1>
<question>Is line pressure OK?</question>
<resact-grp>
<result button="yes" comp="button" highlight="0"/>
<action j2008use="1" paperuse="1" screenuse="1">
<ptxt>
<xref>
<ref id="KC07483530"/>
</xref>
</ptxt>
</action>
</resact-grp>
<resact-grp>
<result button="no" comp="button" highlight="0"/>
<action j2008use="1" paperuse="1" screenuse="1">
<ptxt>
<xref>
<ref id="KC07483531"/>
</xref>
</ptxt>
</action>
</resact-grp>
</node>
</testgrp>
<testgrp id="KC01627150" j2008use="1" paperuse="1" resumable="1" screenuse="1" testgrp-id="dad10" x="120" y="920">
<title>
<phrase category="" id="KC07483532" phrase-urn="urn:x-nevis:phrase:0800c8af81b6d848">Checking the en#@#@#29#ction</phrase>
</title>
<node>
<test1>
<diaglist>
<dgraphic>
<dgraphic1>
<graphic id="KC07483533">
<href>0900c8af80054d4#@#@#9#.jpeg</href>
</graphic>
</dgraphic1>
<dgraphic3>
<graphic id="KC07483534">
<href>0900c8af80054cc#@#@#9#.jpeg</href>
</graphic>
</dgraphic3>
</dgraphic>
<ditem>
<ptxt>
<phrase category="" id="KC07483535" phrase-urn="urn:x-nevis:phrase:0800c8af81b6d849">Ignition off</phrase>
</ptxt>
</ditem>
<ditem>
<ptxt>
<phrase category="" id="KC07483536" phrase-urn="urn:x-nevis:phrase:0800c8af81b6d84b">Disconnect the #@#@#95#g to <xref>
<ref id="KC07483537"/>
</xref>. </phrase>
</ptxt>
</ditem>
</diaglist>
<test2>
<ptxt>
<phrase category="" id="KC07483538" phrase-urn="urn:x-nevis:phrase:0800c8af81b6d84d">Check the line #@#@#23#g to <xref>
<ref id="KC07483539"/>
</xref>. </phrase>
</ptxt>
<grate>
<graphic id="KC07483540">
<href>0900c8af8012284#@#@#9#.jpeg</href>
</graphic>
</grate>
</test2>
</test1>
<question>Is line pressure OK?</question>
<resact-grp>
<result button="yes" comp="button" highlight="0"/>
<action j2008use="1" paperuse="1" screenuse="1">
<ptxt>
<xref>
<ref id="KC07483541"/>
</xref>
</ptxt>
</action>
</resact-grp>
<resact-grp>
<result button="no" comp="button" highlight="0"/>
<action j2008use="1" paperuse="1" screenuse="1">
<ptxt>
<xref>
<ref id="KC07483542"/>
</xref>
</ptxt>
</action>
</resact-grp>
</node>
</testgrp>
<testgrp id="KC01627151" j2008use="1" paperuse="1" resumable="1" screenuse="1" testgrp-id="dad10-1" x="280" y="920">
<title>
<phrase category="" id="KC07483543" phrase-urn="urn:x-nevis:phrase:0800c8af81b6d850">Fault-tracing i#@#@#5#ation</phrase>
</title>
<node>
<test1>
<test2>
<ptxt>
<phrase category="" id="KC07483544" phrase-urn="urn:x-nevis:phrase:0800c8af81b6d852">The old transmi#@#@#35#tive.</phrase>
</ptxt>
</test2>
</test1>
<question>Select "Continue".</question>
<resact-grp>
<result button="cont" comp="button" highlight="0"/>
<action j2008use="1" paperuse="1" screenuse="1">
<return value="FAULT FOUND"/>
</action>
</resact-grp>
</node>
</testgrp>
<testgrp id="KC01627152" j2008use="1" paperuse="1" resumable="1" screenuse="1" testgrp-id="dad10-2" x="280" y="1000">
<title>
<phrase category="" id="KC07483545" phrase-urn="urn:x-nevis:phrase:0800c8af81b6d854">Checking the tr#@#@#47#inued</phrase>
</title>
<node>
<test1>
<diaglist>
<dgraphic>
<dgraphic1>
<graphic id="KC07483546">
<href>0900c8af80054d4#@#@#9#.jpeg</href>
</graphic>
</dgraphic1>
<dgraphic3>
<graphic id="KC07483547">
<href>0900c8af80054cc#@#@#9#.jpeg</href>
</graphic>
</dgraphic3>
</dgraphic>
<ditem>
<ptxt>
<phrase category="" id="KC07483548" phrase-urn="urn:x-nevis:phrase:0800c8af81b6d855">Ignition off</phrase>
</ptxt>
</ditem>
<ditem>
<ptxt>
<phrase category="" id="KC07483549" phrase-urn="urn:x-nevis:phrase:0800c8af81b6d857">Reinstall the o#@#@#31#(TCM)</phrase>
</ptxt>
</ditem>
</diaglist>
</test1>
<question>Select "Continue".</question>
<resact-grp>
<result button="cont" comp="button" highlight="0"/>
<action j2008use="1" paperuse="1" screenuse="1">
<ptxt>
<xref>
<ref id="KC07483550"/>
</xref>
</ptxt>
</action>
</resact-grp>
</node>
</testgrp>
<testgrp id="KC01627153" j2008use="1" paperuse="1" resumable="1" screenuse="1" testgrp-id="dad11" x="120" y="1080">
<title>
<phrase category="" id="KC07483551" phrase-urn="urn:x-nevis:phrase:0800c8af81b6d859">Test drive</phrase>
</title>
<node>
<test1>
<diaglist>
<ditem>
<ptxt>
<phrase category="" id="KC07483552" phrase-urn="urn:x-nevis:phrase:0800c8af81b6d85b">Make the car re#@#@#15#iving</phrase>
</ptxt>
</ditem>
<ditem>
<ptxt>
<phrase category="" id="KC07483553" phrase-urn="urn:x-nevis:phrase:0800c8af81b6d85d">Test-drive the #@#@#11#ng to<xref>
<ref id="KC07483554"/>
</xref>. </phrase>
</ptxt>
</ditem>
</diaglist>
<test2>
<ptxt>
<phrase category="" id="KC07483555" phrase-urn="urn:x-nevis:phrase:0800c8af81b6d861">Note the perfor#@#@#43#rive.</phrase>
</ptxt>
<grate>
<graphic id="KC07483556">
<href>0900c8af80121ce#@#@#9#.jpeg</href>
</graphic>
</grate>
</test2>
</test1>
<question>Is the transmis#@#@#28#toms?</question>
<resact-grp>
<result button="yes" comp="button" highlight="0"/>
<action j2008use="1" paperuse="1" screenuse="1">
<ptxt>
<xref>
<ref id="KC07483557"/>
</xref>
</ptxt>
</action>
</resact-grp>
<resact-grp>
<result button="no" comp="button" highlight="0"/>
<action j2008use="1" paperuse="1" screenuse="1">
<ptxt>
<xref>
<ref id="KC07483558"/>
</xref>
</ptxt>
</action>
</resact-grp>
</node>
</testgrp>
<testgrp id="KC01627154" j2008use="1" paperuse="1" resumable="1" screenuse="1" testgrp-id="dad11-1" x="280" y="1080">
<title>
<phrase category="" id="KC07483559" phrase-urn="urn:x-nevis:phrase:0800c8af81b6d864">Fault-tracing i#@#@#5#ation</phrase>
</title>
<node>
<test1>
<test2>
<ptxt>
<phrase category="" id="KC07483560" phrase-urn="urn:x-nevis:phrase:0800c8af81b6d865">The transmissio#@#@#20#ctly.</phrase>
</ptxt>
</test2>
</test1>
<question>Select "Continue".</question>
<resact-grp>
<result button="cont" comp="button" highlight="0"/>
<action j2008use="1" paperuse="1" screenuse="1">
<return value="FAULT FOUND"/>
</action>
</resact-grp>
</node>
</testgrp>
<testgrp id="KC01627155" j2008use="1" paperuse="1" resumable="1" screenuse="1" testgrp-id="dad11-2" x="280" y="1160">
<title>
<phrase category="" id="KC07483561" phrase-urn="urn:x-nevis:phrase:0800c8af81b6d867">Replacing the c#@#@#3#onent</phrase>
</title>
<node>
<test1>
<test2>
<ptxt>
<phrase category="" id="KC07483562" phrase-urn="urn:x-nevis:phrase:0800c8af81b6d869">Try a new contr#@#@#18#g to <xref>
<ref id="KC07483563"/>
</xref>. </phrase>
</ptxt>
<grate>
<graphic id="KC07483564" width="column">
<href>0900c8af803f704#@#@#9#.jpeg</href>
</graphic>
</grate>
</test2>
</test1>
<question>Select "Continu#@#@#31#ired.</question>
<resact-grp>
<result button="cont" comp="button" highlight="0"/>
<action j2008use="1" paperuse="1" screenuse="1">
<ptxt>
<xref>
<ref id="KC07483565"/>
</xref>
</ptxt>
</action>
</resact-grp>
</node>
</testgrp>
<testgrp id="KC01627156" j2008use="1" paperuse="1" resumable="1" screenuse="1" testgrp-id="dadveri" x="440" y="120">
<title>
<phrase category="" id="KC07483566" phrase-urn="urn:x-nevis:phrase:0800c8af81b6d86b">Verification</phrase>
</title>
<subcalloutnode>
<diagcallout>
<xref>
<ref id="KC07483567"/>
</xref>
</diagcallout>
<rescall-grp>
<result comp="string" highlight="0" op="eq" return="VERIFIED"/>
<calloutaction>
<return value="FAULT FOUND"/>
</calloutaction>
</rescall-grp>
<rescall-grp>
<result comp="string" highlight="0" op="eq" return="VERIFICATION FAILED"/>
<calloutaction>
<ptxt>
<xref>
<ref id="KC07483568"/>
</xref>
</ptxt>
</calloutaction>
</rescall-grp>
</subcalloutnode>
</testgrp>
<testgrp id="KC01627157" j2008use="1" paperuse="1" resumable="1" screenuse="1" testgrp-id="info1" x="600" y="120">
<title>
<phrase category="" id="KC07483569" phrase-urn="urn:x-nevis:phrase:0800c8af81b6d86d">Fault-tracing i#@#@#5#ation</phrase>
</title>
<subcalloutnode>
<diagcallout>
<xref>
<ref id="KC07483570"/>
</xref>
</diagcallout>
<rescall-grp>
<result comp="string" highlight="0" op="eq" return="FAULTTRACING FAILED"/>
<calloutaction>
<return value="FAULTTRACING FAILED"/>
</calloutaction>
</rescall-grp>
<rescall-grp>
<result comp="string" highlight="0" op="eq" return="NEW TRY"/>
<calloutaction>
<ptxt>
<xref>
<ref id="KC07483571"/>
</xref>
</ptxt>
</calloutaction>
</rescall-grp>
</subcalloutnode>
</testgrp>
</diagnostic>
</servinfosub>