<?xml version="1.0" encoding="UTF-8"?><servinfosub IE-ID="en-US0900c8af8044260b" docno="VCC-053190" id="KC01401030" xml:lang="en-US">
<title>
<phrase category="" id="KC07412578" phrase-urn="urn:x-nevis:phrase:0800c8af81b4c851"> Signal missing#@#@#16#ault </phrase>
</title>
<diagnostic type="test">
<testgrp IE-ID="en-US0900c8af8044260b_KC01589708" id="KC01589708" j2008use="1" paperuse="1" resumable="1" screenuse="1" testgrp-id="NODE1" x="160" y="120">
<title>
<phrase category="" id="KC07412579" phrase-urn="urn:x-nevis:phrase:0800c8af81b4c852"> Checking cable#@#@#11#nals </phrase>
</title>
<node>
<test1>
<test2>
<para>
<ptxt>
<phrase category="" id="KC07412580" phrase-urn="urn:x-nevis:phrase:0800c8af81b4c853"> Check engine s#@#@#83# See <xref>
<ref id="KC07412581"/>
</xref>and contact res#@#@#22# See <xref>
<ref id="KC07412582"/>
</xref>. </phrase>
</ptxt>
</para>
<para>
<ptxt>
<phrase category="" id="KC07412583" phrase-urn="urn:x-nevis:phrase:0800c8af81b4c854"> Check cable be#@#@#120# See <xref>
<ref id="KC07412584"/>
</xref>. </phrase>
</ptxt>
</para>
<para>
<ptxt>
<phrase category="" id="KC07412585" phrase-urn="urn:x-nevis:phrase:0800c8af81b4c855"> Check cable be#@#@#120# See <xref>
<ref id="KC07412586"/>
</xref>, short-circuit#@#@#19# See <xref>
<ref id="KC07412587"/>
</xref>and for a short#@#@#22# See <xref>
<ref id="KC07412588"/>
</xref>. </phrase>
</ptxt>
</para>
<para>
<ptxt>
<phrase category="" id="KC07412589" phrase-urn="urn:x-nevis:phrase:0800c8af81b4c856"> Check engine s#@#@#14#sor. </phrase>
</ptxt>
</para>
<diaglist>
<dgraphic>
<dgraphic2>
<graphic id="KC07412590">
<href>0900c8af80054d4#@#@#9#.jpeg</href>
</graphic>
<smarttool id="KC07412591" toolname="ODA"/>
</dgraphic2>
</dgraphic>
<ditem>
<ditemtext>
<ptxt>
<phrase category="" id="KC07412592" phrase-urn="urn:x-nevis:phrase:0800c8af81b4c857"/>
</ptxt>
</ditemtext>
</ditem>
</diaglist>
</test2>
</test1>
<question> Select "Contin#@#@#33#red. </question>
<resact-grp>
<result button="cont" comp="button" highlight="0"/>
<action j2008use="1" paperuse="1" screenuse="1">
<ptxt>
<xref>
<ref id="KC07412593"/>
</xref>
</ptxt>
</action>
</resact-grp>
</node>
</testgrp>
<testgrp id="KC01589709" j2008use="1" paperuse="1" resumable="1" screenuse="1" testgrp-id="INFO2" x="400" y="120">
<title>
<phrase category="" id="KC07412594" phrase-urn="urn:x-nevis:phrase:0800c8af81b4c858"> Fault-tracing #@#@#7#tion </phrase>
</title>
<subcalloutnode>
<diagcallout>
<xref>
<ref id="KC07412595"/>
</xref>
</diagcallout>
<rescall-grp>
<result comp="string" highlight="0" op="eq" return="NEW TRY"/>
<calloutaction>
<ptxt>
<xref>
<ref id="KC07412596"/>
</xref>
</ptxt>
</calloutaction>
</rescall-grp>
<rescall-grp>
<result comp="string" highlight="0" op="eq" return="DONE"/>
<calloutaction>
<return value="DONE"/>
</calloutaction>
</rescall-grp>
<rescall-grp>
<result comp="string" highlight="0" op="eq" return="FAULT FOUND"/>
<calloutaction>
<return value="FAULT FOUND"/>
</calloutaction>
</rescall-grp>
</subcalloutnode>
</testgrp>
</diagnostic>
</servinfosub>