<?xml version="1.0" encoding="UTF-8"?><servinfosub IE-ID="en-US0900c8af808e660b" docno="VCC-104347" id="KC02391906" xml:lang="en-US">
<title>
<phrase category="" id="KC08654432" phrase-urn="urn:x-nevis:phrase:0800c8af81dfb20d">Checking thrott#@#@#29#inal </phrase>
</title>
<diagnostic j2008use="1" paperuse="1" screenuse="1" type="test">
<testgrp IE-ID="en-US0900c8af808e660b_KC02417207" id="KC02417207" j2008use="1" paperuse="1" resumable="1" screenuse="1" testgrp-id="node1" x="120" y="80">
<title>
<phrase category="" id="KC08654433" phrase-urn="urn:x-nevis:phrase:0800c8af81dfb20e">Checking thrott#@#@#29#inal </phrase>
</title>
<node>
<test1>
<test2>
<list1>
<title>
<phrase category="" id="KC08654434" phrase-urn="urn:x-nevis:phrase:0800c8af81dfb20f">Checking power #@#@#1#upply</phrase>
</title>
<item>
<ptxt>
<phrase category="" id="KC08654435" phrase-urn="urn:x-nevis:phrase:0800c8af81dfb210">Check fuse 11 B#@#@#92#g to <xref>
<ref id="KC08654436"/>
</xref>
</phrase>
</ptxt>
</item>
<item>
<ptxt>
<phrase category="" id="KC08654437" phrase-urn="urn:x-nevis:phrase:0800c8af81dfb211">Check power sup#@#@#68#tage.</phrase>
</ptxt>
</item>
</list1>
<list1>
<title>
<phrase category="" id="KC08654438" phrase-urn="urn:x-nevis:phrase:0800c8af81dfb212">Checking ground#@#@#4#minal</phrase>
</title>
<item>
<ptxt>
<phrase category="" id="KC08654439" phrase-urn="urn:x-nevis:phrase:0800c8af81dfb213">Check ground le#@#@#93#g to <xref>
<ref id="KC08654440"/>
</xref>
</phrase>
</ptxt>
</item>
<item>
<ptxt>
<phrase category="" id="KC08654441" phrase-urn="urn:x-nevis:phrase:0800c8af81dfb214">Check throttle #@#@#66#g to <xref>
<ref id="KC08654442"/>
</xref>
</phrase>
</ptxt>
</item>
</list1>
<para>
<ptxt>
<phrase category="" id="KC08654443" phrase-urn="urn:x-nevis:phrase:0800c8af81dfb215">Remedy as necessary</phrase>
</ptxt>
</para>
<list1 enumtype="d" type="unordered">
<title>
<phrase category="" id="KC08654444" phrase-urn="urn:x-nevis:phrase:0800c8af81dfb216">Other information</phrase>
</title>
<item>
<ptxt>
<phrase category="" id="KC08654445" phrase-urn="urn:x-nevis:phrase:0800c8af81dfb217">Power supply to#@#@#71#elay.</phrase>
</ptxt>
</item>
<item>
<ptxt>
<phrase category="" id="KC08654446" phrase-urn="urn:x-nevis:phrase:0800c8af81dfb218">Ground terminal#@#@#126#motor</phrase>
</ptxt>
</item>
<item>
<ptxt>
<phrase category="" id="KC08654447" phrase-urn="urn:x-nevis:phrase:0800c8af81dfb219">For information#@#@#15# see <xref>
<ref id="KC08654448"/>
</xref>. </phrase>
</ptxt>
</item>
<item>
<ptxt>
<phrase category="" id="KC08654449" phrase-urn="urn:x-nevis:phrase:0800c8af81dfb21a">For information#@#@#41#agram</phrase>
</ptxt>
</item>
</list1>
<diaglist>
<dgraphic>
<dgraphic1>
<graphic id="KC08654450">
<href>0900c8af80058c5#@#@#9#.jpeg</href>
</graphic>
</dgraphic1>
<dgraphic2>
<graphic id="KC08654451">
<href>0900c8af80054d4#@#@#9#.jpeg</href>
</graphic>
<smarttool active="press" id="KC08654452" toolname="VDCD40H"/>
</dgraphic2>
</dgraphic>
<ditem>
<ditemtext>
<ptxt>
<phrase category="" id="KC08654453" phrase-urn="urn:x-nevis:phrase:0800c8af81dfb21b"/>
</ptxt>
</ditemtext>
</ditem>
</diaglist>
</test2>
</test1>
<question>Was a fault det#@#@#1#cted?</question>
<resact-grp>
<result button="yes" comp="button" highlight="0"/>
<action j2008use="1" paperuse="1" screenuse="1">
<return value="FAULT FOUND"/>
</action>
</resact-grp>
<resact-grp>
<result button="no" comp="button" highlight="0"/>
<action j2008use="1" paperuse="1" screenuse="1">
<ptxt>
<xref>
<ref id="KC08654454"/>
</xref>
</ptxt>
</action>
</resact-grp>
</node>
</testgrp>
<testgrp id="KC02417208" j2008use="1" paperuse="1" resumable="1" screenuse="1" testgrp-id="info4" x="320" y="80">
<title>
<phrase category="" id="KC08654455" phrase-urn="urn:x-nevis:phrase:0800c8af81dfb21c">Fault-tracing i#@#@#5#ation</phrase>
</title>
<subcalloutnode>
<diagcallout>
<xref>
<ref id="KC08654456"/>
</xref>
</diagcallout>
<rescall-grp>
<result comp="string" highlight="0" op="eq" return="NEW TRY"/>
<calloutaction>
<ptxt>
<xref>
<ref id="KC08654457"/>
</xref>
</ptxt>
</calloutaction>
</rescall-grp>
<rescall-grp>
<result comp="string" highlight="0" op="eq" return="FAULTTRACING FAILED"/>
<calloutaction>
<return value="FAULTTRACING FAILED"/>
</calloutaction>
</rescall-grp>
</subcalloutnode>
</testgrp>
</diagnostic>
</servinfosub>