<?xml version="1.0" encoding="UTF-8"?><diagnostic IE-ID="en-US0900c8af8007260b" docno="VCC-116735" id="KC01128030" type="test" xml:lang="en-US">
<title>
<phrase category="" id="KC09367169" phrase-urn="urn:x-nevis:phrase:0800c8af826f4b34">Verification</phrase>
</title>
<testgrp IE-ID="en-US0900c8af8007260b_KC01298656" id="KC01298656" j2008use="1" paperuse="1" resumable="1" screenuse="1" testgrp-id="verifnode" x="280" y="80">
<title>
<phrase category="" id="KC09367170" phrase-urn="urn:x-nevis:phrase:0800c8af826f4b35">Verification</phrase>
</title>
<node>
<test1>
<hint>
<ptxt>
<phrase category="" id="KC09367171" phrase-urn="urn:x-nevis:phrase:0800c8af826f4b36">After carrying #@#@#50#died.</phrase>
</ptxt>
</hint>
<diaglist>
<dgraphic>
<dgraphic1>
<graphic id="KC09367172">
<href>0900c8af80054d5#@#@#9#.jpeg</href>
</graphic>
</dgraphic1>
<dgraphic2>
<graphic id="KC09367173">
<href>0900c8af80054d7#@#@#9#.jpeg</href>
</graphic>
</dgraphic2>
</dgraphic>
<ditem>
<ptxt>
<phrase category="" id="KC09367174" phrase-urn="urn:x-nevis:phrase:0800c8af826f4b37">Ignition off.</phrase>
</ptxt>
</ditem>
<ditem>
<ptxt>
<phrase category="" id="KC09367175" phrase-urn="urn:x-nevis:phrase:0800c8af826f4b38">Reinstall the c#@#@#35# etc.</phrase>
</ptxt>
</ditem>
<ditem>
<ptxt>
<phrase category="" id="KC09367176" phrase-urn="urn:x-nevis:phrase:0800c8af826f4b39">Ignition on.</phrase>
</ptxt>
</ditem>
<ditem>
<ptxt>
<phrase category="" id="KC09367177" phrase-urn="urn:x-nevis:phrase:0800c8af826f4b3a">Gear selector i#@#@#8#on P.</phrase>
</ptxt>
</ditem>
<ditem>
<ptxt>
<phrase category="" id="KC09367178" phrase-urn="urn:x-nevis:phrase:0800c8af826f4b3b">Activate soleno#@#@#1#d S3.</phrase>
</ptxt>
</ditem>
</diaglist>
<test2>
<ptxt>
<phrase category="" id="KC09367179" phrase-urn="urn:x-nevis:phrase:0800c8af826f4b3c">The value shoul#@#@#23#d ON.</phrase>
</ptxt>
<diaglist>
<dgraphic>
<dgraphic2>
<graphic id="KC09367180">
<href>0900c8af86c8681#@#@#9#.jpeg</href>
</graphic>
<smarttool active="press" id="KC09367181" toolname="XTCMA550"/>
</dgraphic2>
</dgraphic>
<ditem>
<ditemtext>
<ptxt>
<phrase category="" id="KC09367182" phrase-urn="urn:x-nevis:phrase:0800c8af826f4b3d"/>
</ptxt>
</ditemtext>
</ditem>
</diaglist>
</test2>
</test1>
<question>
Does the value#@#@#23# ON?
</question>
<resact-grp>
<result button="yes" comp="button" highlight="0"/>
<action j2008use="1" paperuse="1" screenuse="1">
<return value="VERIFIED"/>
</action>
</resact-grp>
<resact-grp>
<result button="no" comp="button" highlight="0"/>
<action j2008use="1" paperuse="0" screenuse="1">
<return value="VERIFICATION FAILED"/>
</action>
</resact-grp>
</node>
</testgrp>
</diagnostic>