<?xml version="1.0" encoding="UTF-8"?><servinfosub IE-ID="en-US0900c8af8067c60b" docno="VCC-074604" id="KC02063222" xml:lang="en-US">
<title>
<phrase category="" id="KC08506623" phrase-urn="urn:x-nevis:phrase:0800c8af81dcf65f">Checking alarm #@#@#27# lid </phrase>
</title>
<diagnostic type="test">
<testgrp IE-ID="en-US0900c8af8067c60b_KC02339392" id="KC02339392" testgrp-id="d1">
<title>
<phrase category="" id="KC08506624" phrase-urn="urn:x-nevis:phrase:0800c8af81dcf660">      Checking #@#@#16#ntact</phrase>
</title>
<node>
<test1>
<diaglist>
<dgraphic>
<dgraphic1>
<graphic id="KC08506625">
<href>0900c8af80054d4#@#@#9#.jpeg</href>
</graphic>
</dgraphic1>
</dgraphic>
<ditem>
<ptxt>
<phrase category="" id="KC08506626" phrase-urn="urn:x-nevis:phrase:0800c8af81dcf661">      Ignition off.</phrase>
</ptxt>
</ditem>
<ditem>
<ptxt>
<phrase category="" id="KC08506627" phrase-urn="urn:x-nevis:phrase:0800c8af81dcf662">      Open the #@#@#5# lid.</phrase>
</ptxt>
</ditem>
<ditem>
<ptxt>
<phrase category="" id="KC08506628" phrase-urn="urn:x-nevis:phrase:0800c8af81dcf663">      Set the t#@#@#31#on'. </phrase>
</ptxt>
<ptxt>
<phrase category="" id="KC08506629" phrase-urn="urn:x-nevis:phrase:0800c8af81dcf664">      The trunk#@#@#17#e on.</phrase>
</ptxt>
</ditem>
</diaglist>
<test2>
<diaglist>
<ditem>
<ptxt>
<phrase category="" id="KC08506630" phrase-urn="urn:x-nevis:phrase:0800c8af81dcf665">
<emph etype="bold">4-door:</emph>
</phrase>
</ptxt>
<ptxt>
<phrase category="" id="KC08506631" phrase-urn="urn:x-nevis:phrase:0800c8af81dcf666">      Close the#@#@#57#iver.</phrase>
</ptxt>
<ptxt>
<phrase category="" id="KC08506632" phrase-urn="urn:x-nevis:phrase:0800c8af81dcf667">      The trunk#@#@#16# out.</phrase>
</ptxt>
<ptxt>
<phrase category="" id="KC08506633" phrase-urn="urn:x-nevis:phrase:0800c8af81dcf668">      (The catc#@#@#58#ton).</phrase>
</ptxt>
</ditem>
<ditem>
<ptxt>
<phrase category="" id="KC08506634" phrase-urn="urn:x-nevis:phrase:0800c8af81dcf669">
<emph etype="bold">5-door:</emph>
</phrase>
</ptxt>
<ptxt>
<phrase category="" id="KC08506635" phrase-urn="urn:x-nevis:phrase:0800c8af81dcf66a">      Close the#@#@#4#lgate</phrase>
</ptxt>
</ditem>
</diaglist>
<grate>
<graphic id="KC08506636">
<href>0900c8af8067c64#@#@#9#.jpeg</href>
</graphic>
<graphic id="KC08506637">
<href>0900c8af8067c64#@#@#9#.jpeg</href>
</graphic>
</grate>
</test2>
</test1>
<question>The light shoul#@#@#4# out.</question>
<resact-grp>
<result button="ok" comp="button"/>
<action j2008use="1" paperuse="0" screenuse="1">
<ptxt>
<xref>
<ref id="KC08506638"/>
</xref>
</ptxt>
</action>
</resact-grp>
<resact-grp>
<result button="notok" comp="button"/>
<action j2008use="1" paperuse="0" screenuse="1">
<ptxt>
<xref>
<ref id="KC08506639"/>
</xref>
</ptxt>
</action>
</resact-grp>
</node>
</testgrp>
<testgrp id="KC02339393" j2008use="1" paperuse="1" resumable="1" screenuse="1" testgrp-id="d1-1" x="320" y="80">
<title>
<phrase category="" id="KC08506640" phrase-urn="urn:x-nevis:phrase:0800c8af81dcf66b">Replacement of #@#@#4#onent</phrase>
</title>
<node>
<test1>
<test2>
<diaglist>
<ditem>
<ptxt>
<phrase category="" id="KC08506641" phrase-urn="urn:x-nevis:phrase:0800c8af81dcf66c">      Check the#@#@#83#king.</phrase>
</ptxt>
</ditem>
<ditem>
<ptxt>
<phrase category="" id="KC08506642" phrase-urn="urn:x-nevis:phrase:0800c8af81dcf66d">      Investiga#@#@#17#ting.</phrase>
</ptxt>
</ditem>
</diaglist>
</test2>
</test1>
<question>Press Continue #@#@#18#ired.</question>
<resact-grp>
<result button="cont" comp="button" highlight="0"/>
<action j2008use="1" paperuse="1" screenuse="1">
<return value="FAULT FOUND"/>
</action>
</resact-grp>
</node>
</testgrp>
<testgrp id="KC02339394" testgrp-id="d2">
<title>
<phrase category="" id="KC08506643" phrase-urn="urn:x-nevis:phrase:0800c8af81dcf66e">Checking the tr#@#@#26#ent A</phrase>
</title>
<node>
<test1>
<diaglist>
<dgraphic>
<dgraphic1>
<graphic id="KC08506644">
<href>0900c8af80054d4#@#@#9#.jpeg</href>
</graphic>
</dgraphic1>
<dgraphic3>
<graphic id="KC08506645">
<href>0900c8af80054d7#@#@#9#.jpeg</href>
</graphic>
</dgraphic3>
</dgraphic>
<ditem>
<ptxt>
<phrase category="" id="KC08506646" phrase-urn="urn:x-nevis:phrase:0800c8af81dcf66f">      Ignition off.</phrase>
</ptxt>
</ditem>
<ditem>
<ptxt>
<phrase category="" id="KC08506647" phrase-urn="urn:x-nevis:phrase:0800c8af81dcf670">      Remove th#@#@#39#runk.</phrase>
</ptxt>
</ditem>
<ditem>
<ptxt>
<phrase category="" id="KC08506648" phrase-urn="urn:x-nevis:phrase:0800c8af81dcf671">      Disconnec#@#@#28# A16.</phrase>
</ptxt>
</ditem>
<ditem>
<ptxt>
<phrase category="" id="KC08506649" phrase-urn="urn:x-nevis:phrase:0800c8af81dcf672">
<emph etype="bold">4-door:</emph>
</phrase>
</ptxt>
<ptxt>
<phrase category="" id="KC08506650" phrase-urn="urn:x-nevis:phrase:0800c8af81dcf673">      Close the#@#@#58#iver.</phrase>
</ptxt>
</ditem>
<ditem>
<ptxt>
<phrase category="" id="KC08506651" phrase-urn="urn:x-nevis:phrase:0800c8af81dcf674">
<emph etype="bold">5-door:</emph>
</phrase>
</ptxt>
<ptxt>
<phrase category="" id="KC08506652" phrase-urn="urn:x-nevis:phrase:0800c8af81dcf675">      Close the#@#@#5#gate.</phrase>
</ptxt>
</ditem>
</diaglist>
<test2>
<diaglist>
<dgraphic>
<dgraphic1>
<graphic id="KC08506653">
<href>0900c8af801281d#@#@#9#.jpeg</href>
</graphic>
</dgraphic1>
<dgraphic2>
<graphic id="KC08506654">
<href>0900c8af80054d4#@#@#9#.jpeg</href>
</graphic>
<smarttool active="press" id="KC08506655" toolname="ODAH"/>
</dgraphic2>
</dgraphic>
<ditem>
<ditemtext>
<ptxt>
<phrase category="" id="KC08506656" phrase-urn="urn:x-nevis:phrase:0800c8af81dcf676">      Connect a#@#@#42#em 9.</phrase>
</ptxt>
</ditemtext>
</ditem>
</diaglist>
<grate>
<graphic id="KC08506657" width="column">
<href>0900c8af8067c64#@#@#9#.jpeg</href>
</graphic>
</grate>
</test2>
</test1>
<question>The ohmmeter sh#@#@#14#nity.</question>
<resact-grp>
<result button="ok" comp="button"/>
<action j2008use="1" paperuse="0" screenuse="1">
<ptxt>
<xref>
<ref id="KC08506658"/>
</xref>
</ptxt>
</action>
</resact-grp>
<resact-grp>
<result button="notok" comp="button"/>
<action j2008use="1" paperuse="0" screenuse="1">
<ptxt>
<xref>
<ref id="KC08506659"/>
</xref>
</ptxt>
</action>
</resact-grp>
</node>
</testgrp>
<testgrp id="KC02339395" testgrp-id="d2.1">
<title>
<phrase category="" id="KC08506660" phrase-urn="urn:x-nevis:phrase:0800c8af81dcf677">Checking the tr#@#@#26#ent B</phrase>
</title>
<node>
<test1>
<diaglist>
<dgraphic>
<dgraphic1>
<graphic id="KC08506661">
<href>0900c8af80054d4#@#@#9#.jpeg</href>
</graphic>
</dgraphic1>
</dgraphic>
<ditem>
<ptxt>
<phrase category="" id="KC08506662" phrase-urn="urn:x-nevis:phrase:0800c8af81dcf678">
<emph etype="bold">4-door:</emph>
</phrase>
</ptxt>
<ptxt>
<phrase category="" id="KC08506663" phrase-urn="urn:x-nevis:phrase:0800c8af81dcf679">      Reset the#@#@#43#tton.</phrase>
</ptxt>
</ditem>
<ditem>
<ptxt>
<phrase category="" id="KC08506664" phrase-urn="urn:x-nevis:phrase:0800c8af81dcf67a">
<emph etype="bold">5-door</emph>
</phrase>
</ptxt>
<ptxt>
<phrase category="" id="KC08506665" phrase-urn="urn:x-nevis:phrase:0800c8af81dcf67b">      Open the #@#@#4#gate.</phrase>
</ptxt>
</ditem>
</diaglist>
<test2>
<diaglist>
<dgraphic>
<dgraphic1>
<graphic id="KC08506666">
<href>0900c8af801281d#@#@#9#.jpeg</href>
</graphic>
</dgraphic1>
<dgraphic2>
<graphic id="KC08506667">
<href>0900c8af80054d4#@#@#9#.jpeg</href>
</graphic>
<smarttool id="KC08506668" toolname="ODA"/>
</dgraphic2>
</dgraphic>
<ditem>
<ditemtext>
<ptxt>
<phrase category="" id="KC08506669" phrase-urn="urn:x-nevis:phrase:0800c8af81dcf67c">      Connect a#@#@#32#ound.</phrase>
</ptxt>
</ditemtext>
</ditem>
</diaglist>
</test2>
</test1>
<question>The ohmmeter sh#@#@#21#hms.
</question>
<resact-grp>
<result button="ok" comp="button"/>
<action j2008use="1" paperuse="0" screenuse="1">
<ptxt>
<xref>
<ref id="KC08506670"/>
</xref>
</ptxt>
</action>
</resact-grp>
<resact-grp>
<result button="notok" comp="button"/>
<action j2008use="1" paperuse="0" screenuse="1">
<ptxt>
<xref>
<ref id="KC08506671"/>
</xref>
</ptxt>
</action>
</resact-grp>
</node>
</testgrp>
<testgrp id="KC02339396" paperuse="0" testgrp-id="d2.1-1">
<title>
<phrase category="" id="KC08506672" phrase-urn="urn:x-nevis:phrase:0800c8af81dcf67d">Checking for sh#@#@#6#rcuit</phrase>
</title>
<node>
<test1>
<test2>
<diaglist>
<dgraphic>
<dgraphic1>
<graphic id="KC08506673">
<href>0900c8af801281d#@#@#9#.jpeg</href>
</graphic>
</dgraphic1>
<dgraphic2>
<graphic id="KC08506674">
<href>0900c8af80054d4#@#@#9#.jpeg</href>
</graphic>
<smarttool active="press" id="KC08506675" toolname="ODAH"/>
</dgraphic2>
</dgraphic>
<ditem>
<ditemtext>
<ptxt>
<phrase category="" id="KC08506676" phrase-urn="urn:x-nevis:phrase:0800c8af81dcf67e">      There is #@#@#98# see <xref>
<ref id="KC08506677"/>
</xref>.</phrase>
</ptxt>
<ptxt>
<phrase category="" id="KC08506678" phrase-urn="urn:x-nevis:phrase:0800c8af81dcf680">   Rectify the #@#@#19#lead.</phrase>
</ptxt>
</ditemtext>
</ditem>
</diaglist>
<grate>
<graphic id="KC08506679">
<href>0900c8af800570b#@#@#9#.jpeg</href>
</graphic>
</grate>
</test2>
</test1>
<question>Press Continue #@#@#18#ired.</question>
<resact-grp>
<result button="cont" comp="button"/>
<action>
<return value="FAULT FOUND"/>
</action>
</resact-grp>
</node>
</testgrp>
<testgrp id="KC02339397" paperuse="0" testgrp-id="d2-2">
<title>
<phrase category="" id="KC08506680" phrase-urn="urn:x-nevis:phrase:0800c8af81dcf681">Checking for op#@#@#5#rcuit</phrase>
</title>
<node>
<test1>
<test2>
<diaglist>
<dgraphic>
<dgraphic1>
<graphic id="KC08506681">
<href>0900c8af801281d#@#@#9#.jpeg</href>
</graphic>
</dgraphic1>
<dgraphic2>
<graphic id="KC08506682">
<href>0900c8af80054d4#@#@#9#.jpeg</href>
</graphic>
<smarttool active="press" id="KC08506683" toolname="ODAH"/>
</dgraphic2>
</dgraphic>
<ditem>
<ditemtext>
<ptxt>
<phrase category="" id="KC08506684" phrase-urn="urn:x-nevis:phrase:0800c8af81dcf682">      There is #@#@#98# see <xref>
<ref id="KC08506685"/>
</xref>.</phrase>
</ptxt>
<ptxt>
<phrase category="" id="KC08506686" phrase-urn="urn:x-nevis:phrase:0800c8af81dcf683"> The ohmmeter s#@#@#16#ity. </phrase>
</ptxt>
<ptxt>
<phrase category="" id="KC08506687" phrase-urn="urn:x-nevis:phrase:0800c8af81dcf684">   Rectify the #@#@#19#lead.</phrase>
</ptxt>
</ditemtext>
</ditem>
</diaglist>
<grate>
<graphic id="KC08506688">
<href>0900c8af800570b#@#@#9#.jpeg</href>
</graphic>
</grate>
</test2>
</test1>
<question>Press Continue #@#@#18#ired.</question>
<resact-grp>
<result button="cont" comp="button"/>
<action>
<return value="FAULT FOUND"/>
</action>
</resact-grp>
</node>
</testgrp>
<testgrp id="KC02339398" testgrp-id="d3">
<title>
<phrase category="" id="KC08506689" phrase-urn="urn:x-nevis:phrase:0800c8af81dcf685">Checking the si#@#@#19#ent A</phrase>
</title>
<node>
<test1>
<diaglist>
<dgraphic>
<dgraphic1>
<graphic id="KC08506690">
<href>0900c8af80054d4#@#@#9#.jpeg</href>
</graphic>
</dgraphic1>
<dgraphic2>
<graphic id="KC08506691">
<href>0900c8af80054d7#@#@#9#.jpeg</href>
</graphic>
</dgraphic2>
<dgraphic3>
<graphic id="KC08506692">
<href>0900c8af80054cc#@#@#9#.jpeg</href>
</graphic>
</dgraphic3>
</dgraphic>
<ditem>
<ptxt>
<phrase category="" id="KC08506693" phrase-urn="urn:x-nevis:phrase:0800c8af81dcf686">      Ignition off.</phrase>
</ptxt>
</ditem>
<ditem>
<ptxt>
<phrase category="" id="KC08506694" phrase-urn="urn:x-nevis:phrase:0800c8af81dcf687">      Plug in t#@#@#16#ctor.</phrase>
</ptxt>
</ditem>
<ditem>
<ptxt>
<phrase category="" id="KC08506695" phrase-urn="urn:x-nevis:phrase:0800c8af81dcf688">      Close the#@#@#2#runk.</phrase>
</ptxt>
</ditem>
<ditem>
<ptxt>
<phrase category="" id="KC08506696" phrase-urn="urn:x-nevis:phrase:0800c8af81dcf689">      Remove th#@#@#30#/F). </phrase>
</ptxt>
</ditem>
</diaglist>
<test2>
<diaglist>
<dgraphic>
<dgraphic1>
<graphic id="KC08506697">
<href>0900c8af801281c#@#@#9#.jpeg</href>
</graphic>
</dgraphic1>
<dgraphic2>
<graphic id="KC08506698">
<href>0900c8af80054d4#@#@#9#.jpeg</href>
</graphic>
<smarttool active="press" id="KC08506699" toolname="ODAH"/>
</dgraphic2>
</dgraphic>
<ditem>
<ditemtext>
<ptxt>
<phrase category="" id="KC08506700" phrase-urn="urn:x-nevis:phrase:0800c8af81dcf68a">      Connect a#@#@#58#base.</phrase>
</ptxt>
</ditemtext>
</ditem>
</diaglist>
<grate>
<graphic id="KC08506701" width="column">
<href>0900c8af8067c53#@#@#9#.jpeg</href>
</graphic>
</grate>
</test2>
</test1>
<question>The ohmmeter sh#@#@#40#osed.</question>
<resact-grp>
<result button="ok" comp="button"/>
<action j2008use="0" screenuse="0">
<ptxt>Open the trunk
#@#@#37#ment.</ptxt>
</action>
<action paperuse="0">
<ptxt>
<xref>
<ref id="KC08506702"/>
</xref>
</ptxt>
</action>
</resact-grp>
<resact-grp>
<result button="notok" comp="button"/>
<action j2008use="1" paperuse="0" screenuse="1">
<ptxt>
<xref>
<ref id="KC08506703"/>
</xref>
</ptxt>
</action>
</resact-grp>
</node>
</testgrp>
<testgrp id="KC02339399" testgrp-id="d3.1">
<title>
<phrase category="" id="KC08506704" phrase-urn="urn:x-nevis:phrase:0800c8af81dcf68b">Checking the si#@#@#19#ent B</phrase>
</title>
<node>
<test1>
<diaglist>
<dgraphic>
<dgraphic1>
<graphic id="KC08506705">
<href>0900c8af80054d4#@#@#9#.jpeg</href>
</graphic>
</dgraphic1>
</dgraphic>
<ditem>
<ptxt>
<phrase category="" id="KC08506706" phrase-urn="urn:x-nevis:phrase:0800c8af81dcf68c">      Open the #@#@#5# lid.</phrase>
</ptxt>
</ditem>
</diaglist>
<test2>
<diaglist>
<dgraphic>
<dgraphic1>
<graphic id="KC08506707">
<href>0900c8af801281c#@#@#9#.jpeg</href>
</graphic>
</dgraphic1>
<dgraphic2>
<graphic id="KC08506708">
<href>0900c8af80054d4#@#@#9#.jpeg</href>
</graphic>
<smarttool active="press" id="KC08506709" toolname="ODAH"/>
</dgraphic2>
</dgraphic>
<ditem>
<ditemtext>
<ptxt>
<phrase category="" id="KC08506710" phrase-urn="urn:x-nevis:phrase:0800c8af81dcf68d">      Connect a#@#@#35# 31. </phrase>
</ptxt>
</ditemtext>
</ditem>
</diaglist>
<grate>
<graphic id="KC08506711">
<href>0900c8af8067c64#@#@#9#.jpeg</href>
</graphic>
</grate>
</test2>
</test1>
<question>The ohmmeter sh#@#@#30#open.</question>
<resact-grp>
<result button="ok" comp="button"/>
<action j2008use="1" paperuse="0" screenuse="1">
<return value="FAULT NOT FOUND"/>
</action>
</resact-grp>
<resact-grp>
<result button="notok" comp="button"/>
<action j2008use="1" paperuse="0" screenuse="1">
<ptxt>
<xref>
<ref id="KC08506712"/>
</xref>
</ptxt>
</action>
</resact-grp>
</node>
</testgrp>
<testgrp id="KC02339400" paperuse="0" testgrp-id="d3.1-3">
<title>
<phrase category="" id="KC08506713" phrase-urn="urn:x-nevis:phrase:0800c8af81dcf68e">Checking for op#@#@#5#rcuit</phrase>
</title>
<node>
<test1>
<test2>
<diaglist>
<dgraphic>
<dgraphic1>
<graphic id="KC08506714">
<href>0900c8af801281d#@#@#9#.jpeg</href>
</graphic>
</dgraphic1>
<dgraphic2>
<graphic id="KC08506715">
<href>0900c8af80054d4#@#@#9#.jpeg</href>
</graphic>
<smarttool active="press" id="KC08506716" toolname="ODAH"/>
</dgraphic2>
</dgraphic>
<ditem>
<ditemtext>
<ptxt>
<phrase category="" id="KC08506717" phrase-urn="urn:x-nevis:phrase:0800c8af81dcf68f">   There is a b#@#@#98# see <xref>
<ref id="KC08506718"/>
</xref>.</phrase>
</ptxt>
<ptxt>
<phrase category="" id="KC08506719" phrase-urn="urn:x-nevis:phrase:0800c8af81dcf690">   Rectify the #@#@#55#dule.</phrase>
</ptxt>
</ditemtext>
</ditem>
</diaglist>
<grate>
<graphic id="KC08506720">
<href>0900c8af800570b#@#@#9#.jpeg</href>
</graphic>
</grate>
</test2>
</test1>
<question>Press Continue #@#@#18#ired.</question>
<resact-grp>
<result button="cont" comp="button"/>
<action>
<return value="FAULT FOUND"/>
</action>
</resact-grp>
</node>
</testgrp>
<testgrp id="KC02339401" paperuse="0" testgrp-id="d3-3">
<title>
<phrase category="" id="KC08506721" phrase-urn="urn:x-nevis:phrase:0800c8af81dcf691">Checking for sh#@#@#6#rcuit</phrase>
</title>
<node>
<test1>
<test2>
<diaglist>
<dgraphic>
<dgraphic1>
<graphic id="KC08506722">
<href>0900c8af801281d#@#@#9#.jpeg</href>
</graphic>
</dgraphic1>
<dgraphic2>
<graphic id="KC08506723">
<href>0900c8af80054d4#@#@#9#.jpeg</href>
</graphic>
<smarttool active="press" id="KC08506724" toolname="ODAH"/>
</dgraphic2>
</dgraphic>
<ditem>
<ditemtext>
<ptxt>
<phrase category="" id="KC08506725" phrase-urn="urn:x-nevis:phrase:0800c8af81dcf692">   There is a s#@#@#98# see <xref>
<ref id="KC08506726"/>
</xref>.</phrase>
</ptxt>
<ptxt>
<phrase category="" id="KC08506727" phrase-urn="urn:x-nevis:phrase:0800c8af81dcf693">   Rectify the #@#@#53#dule.</phrase>
</ptxt>
</ditemtext>
</ditem>
</diaglist>
<grate>
<graphic id="KC08506728">
<href>0900c8af800570c#@#@#9#.jpeg</href>
</graphic>
</grate>
</test2>
</test1>
<question>Press Continue #@#@#18#ired.</question>
<resact-grp>
<result button="cont" comp="button"/>
<action>
<return value="FAULT FOUND"/>
</action>
</resact-grp>
</node>
</testgrp>
</diagnostic>
</servinfosub>