<?xml version="1.0" encoding="UTF-8"?><servinfosub IE-ID="en-US0900c8af850e960b" docno="VCC-159395" id="KC05308791" xml:lang="en-US">
<title id="nev12272609n250">Phone module (P#@#@#9#acing</title>
<procedure id="nev12272609n248">
<note id="nev12272609n246">
<ptxt id="nev12272609n244">The illustratio#@#@#176#rect.</ptxt>
</note>
<stepgrp id="KC05355768">
<procstep id="KC05355770">
<title id="nev12272609n242">Removing the ph#@#@#11#(PHM)</title>
<grate id="nev12272609n240">
<graphic id="KC07210582">
<href>0900c8af8012857#@#@#9#.jpeg</href>
</graphic>
<graphtext id="nev12272609n235">
<para id="nev12272609n233">
<ptxt id="nev12272609n231">Deactivate the #@#@#51# See <xref id="nev12272609n229">
<ref id="KC07210583"/>
</xref>.</ptxt>
</para>
<note id="nev12272609n224">
<ptxt id="nev12272609n222">Only the Volvo #@#@#39#tery.</ptxt>
</note>
<para id="nev12272609n220">
<ptxt id="nev12272609n218">Remove the radi#@#@#15# See <xref id="nev12272609n216">
<ref id="KC07210584"/>
</xref>
</ptxt>
<ptxt id="nev12272609n211">Press in the ca#@#@#45#hone.</ptxt>
<ptxt id="nev12272609n209">Disconnect the #@#@#31# (3).</ptxt>
</para>
</graphtext>
</grate>
</procstep>
<procstep id="KC05355771">
<title id="nev12272609n207">Installing the #@#@#13#(PHM)</title>
<grate id="nev12272609n205">
<graphic id="KC07210585">
<href>0900c8af8012857#@#@#9#.jpeg</href>
</graphic>
<graphtext id="nev12272609n200">
<para id="nev12272609n198">
<ptxt id="nev12272609n196">Install the con#@#@#24# (3).</ptxt>
<ptxt id="nev12272609n194">Install the rad#@#@#16# See <xref id="nev12272609n192">
<ref id="KC07210586"/>
</xref>. </ptxt>
</para>
<caution id="nev12272609n187">
<ptxt id="nev12272609n185">Ensure that the#@#@#34#rame.</ptxt>
</caution>
<note id="nev12272609n183">
<ptxt id="nev12272609n181">After replacing#@#@#73#mmed.</ptxt>
</note>
<para id="nev12272609n179">
<ptxt id="nev12272609n177">
<emph id="nev12272609n175">Without</emph> Volvo On Call:</ptxt>
</para>
<list1 enumtype="d" id="nev12272609n173" type="unordered">
<item id="nev12272609n171">
<ptxt id="nev12272609n169">Order the softw#@#@#4# See <swfunction action="order" id="KC07210587"/>
</ptxt>
</item>
</list1>
<para id="nev12272609n157">
<ptxt id="nev12272609n155">
<emph id="nev12272609n153">With</emph> Volvo On Call:</ptxt>
</para>
<list1 enumtype="d" id="nev12272609n151" type="unordered">
<item id="nev12272609n149">
<ptxt id="nev12272609n147">Order the softw#@#@#4# See <swfunction action="order" id="nev16174998n229"/>
</ptxt>
</item>
</list1>
</graphtext>
</grate>
</procstep>
<procstep id="KC05355772">
<title id="nev12272609n135">Activating Volv#@#@#45#(PHM)</title>
<list1 enumtype="n" id="nev12272609n133" type="ordered">
<item id="nev12272609n131">
<ptxt id="nev12272609n129">After the softw#@#@#73#splay</ptxt>
</item>
<item id="nev12272609n127">
<ptxt id="nev12272609n125">
<emph id="nev12272609n123">NOTE!</emph> Activation sho#@#@#34#utes </ptxt>
</item>
<item id="nev12272609n121">
<ptxt id="nev12272609n119">Drive the car o#@#@#80# area</ptxt>
</item>
<item id="nev12272609n117">
<ptxt id="nev12272609n115">When the system#@#@#72#ayed </ptxt>
</item>
<item id="nev12272609n113">
<ptxt id="nev12272609n111">Press the ON CA#@#@#181#rship</ptxt>
</item>
<item id="nev12272609n109">
<ptxt id="nev12272609n107">The Volvo On Ca#@#@#198# made</ptxt>
</item>
<item id="nev12272609n105">
<ptxt id="nev12272609n103">When the custom#@#@#287#ters)</ptxt>
</item>
<item id="nev12272609n101">
<ptxt id="nev12272609n99">Volvo On Call i#@#@#15# use.</ptxt>
</item>
</list1>
</procstep>
</stepgrp>
</procedure>
</servinfosub>