<?xml version="1.0" encoding="UTF-8"?><script xmlns:nevis="http://www.volvocars.com/namespaces/processing" xmlns:xlink="http://www.w3.org/1999/xlink" IE-ID="en-US0900c8af8294660b" docno="VCC-251092" id="nev10697278n1" nevis:expl-profile="mdl384yr2006tmn48, mdl285yr2006tmn48, mdl285yr2006tmn49, mdl384yr2006tmn49, mdl384yr2007tmn49, mdl384yr2007tmn48, mdl285yr2007tmn48, mdl285yr2007tmn49, mdl285yr2008tmn49, mdl384yr2008tmn49, mdl384yr2009tmn49" nevis:profile="urn:x-nevis:profile:0b00c8af822b0a24 urn:x-nevis:profile:0b00c8af822b0a43 urn:x-nevis:profile:0b00c8af8247f3b4 urn:x-nevis:profile:0b00c8af824c7e6f urn:x-nevis:profile:0b00c8af82e3b039 urn:x-nevis:profile:0b00c8af82e3b03a urn:x-nevis:profile:0b00c8af82e4818d urn:x-nevis:profile:0b00c8af82e48197 urn:x-nevis:profile:0b00c8af83affc5d urn:x-nevis:profile:0b00c8af83b00084 urn:x-nevis:profile:0b00c8af83f2e576" nevis:projectdocument="urn:x-nevis:projectdocument:0800c8af82513f57" nevis:resource="0900c8af82946613" nevis:resource2="urn:x-nevis:fragment:0900c8af8294660b:0900c8af82946613#nev10697278n1" nevis:session-id="" qualifierinfotype="14:00" type="" xml:lang="en-US"><title>Read/activate s#@#@#17#CM D2</title><content gui="1" height="150" id="nev10697278n2-nev10697279n1" nevis:expl-profile="mdl384yr2006tmn48, mdl285yr2006tmn48, mdl285yr2006tmn49, mdl384yr2006tmn49, mdl384yr2007tmn49, mdl384yr2007tmn48, mdl285yr2007tmn48, mdl285yr2007tmn49, mdl285yr2008tmn49, mdl384yr2008tmn49, mdl384yr2009tmn49" nevis:idfrom="nev10697278n2" nevis:prefix="nev10697278n2" nevis:profile="urn:x-nevis:profile:0b00c8af822b0a24 urn:x-nevis:profile:0b00c8af822b0a43 urn:x-nevis:profile:0b00c8af8247f3b4 urn:x-nevis:profile:0b00c8af824c7e6f urn:x-nevis:profile:0b00c8af82e3b039 urn:x-nevis:profile:0b00c8af82e3b03a urn:x-nevis:profile:0b00c8af82e4818d urn:x-nevis:profile:0b00c8af82e48197 urn:x-nevis:profile:0b00c8af83affc5d urn:x-nevis:profile:0b00c8af83b00084 urn:x-nevis:profile:0b00c8af83f2e576" nevis:resource="0900c8af82946611" nevis:resource2="urn:x-nevis:fragment:0900c8af8294660b:0900c8af82946611#nev10697279n1" width="400" xml:lang="en-US"><nodes id="nev10697278n2-nev10925594n1"><node class="Components.StartNode" id="nev10697278n2-nev10925595n1" nodeid="Start" x="17" y="58"/><node class="Components.Gui.ParameterLabel" id="nev10697278n2-nev10925596n1" nodeid="ParameterLabel1" x="611" y="7"><gui height="70" id="nev10697278n2-nev10925597n1" width="380" x="10" y="10"/><property class="Parameter" id="nev10697278n2-nev10925598n1" name="Parameter" type="In" value="" visible="1"/><property class="String" id="nev10697278n2-nev10925599n1" name="Title" type="In" value="" visible="1"/><property class="String" id="nev10697278n2-nev10925600n1" name="Value" type="In" value="" visible="1"/><property class="String" id="nev10697278n2-nev10925601n1" name="Unit" type="In" value="" visible="1"/></node><node class="Components.ScriptComponent" id="nev10697278n2-nev10925602n1" nodeid="ScriptComponent1" x="223" y="688"/><node class="Components.ScriptButton" id="nev10697278n2-nev10925603n1" nodeid="ScriptButton1" x="59" y="557"><gui height="30" id="nev10697278n2-nev10925604n1" width="110" x="280" y="110"/><property class="String" id="nev10697278n2-nev10925605n1" name="Text" type="In" value="" visible="0"/><property class="String" id="nev10697278n2-nev10925606n1" name="StartDisabled" type="Internal" value="false" visible="1"/><extension id="nev10697278n2-nev10925607n1"><phrase category="Faulttracing" id="nev10697278n2-nev10925593n1" phrase-urn="urn:x-nevis:phrase:0800c8af81b6b138">Hide</phrase></extension></node><node class="Components.IdentifierComponent" id="nev10697278n2-nev10925608n1" nodeid="IdentifierComponent1" x="386" y="22"><property class="Parameter" id="nev10697278n2-nev10925609n1" name="Linear pressure solenoid SLC2, current" type="Out" value="" visible="1"/><extension id="nev10697278n2-nev10925610n1"><identifier ecu="437601" ecuMode="EcuType" id="nev10697278n2-nev10925611n1" read="4" type="REID" value="0333"><parameter id="nev10697278n2-nev10925612n1" name="Linear pressure solenoid SLC2, current" textid="84454"/></identifier></extension></node><node class="Components.Repeater" id="nev10697278n2-nev10925613n1" nodeid="Repeater1" x="170" y="80"><property class="Int" id="nev10697278n2-nev10925614n1" name="Wait" type="Internal" value="500" visible="1"/></node><node class="Components.ScriptButton" id="nev10697278n2-nev10925615n1" nodeid="ScriptButton2" x="57" y="212"><gui height="30" id="nev10697278n2-nev10925616n1" width="110" x="10" y="110"/><property class="String" id="nev10697278n2-nev10925617n1" name="Text" type="In" value="" visible="1"/><property class="String" id="nev10697278n2-nev10925618n1" name="StartDisabled" type="Internal" value="false" visible="1"/><extension id="nev10697278n2-nev10925619n1"><phrase category="Faulttracing" id="nev10697278n2-nev10925591n1" phrase-urn="urn:x-nevis:phrase:0800c8af8178a380">Start</phrase></extension></node><node class="Components.ScriptButton" id="nev10697278n2-nev10925620n1" nodeid="ScriptButton3" x="56" y="377"><gui height="30" id="nev10697278n2-nev10925621n1" width="110" x="145" y="110"/><property class="String" id="nev10697278n2-nev10925622n1" name="Text" type="In" value="" visible="1"/><property class="String" id="nev10697278n2-nev10925623n1" name="StartDisabled" type="Internal" value="false" visible="1"/><extension id="nev10697278n2-nev10925624n1"><phrase category="Faulttracing" id="nev10697278n2-nev10925592n1" phrase-urn="urn:x-nevis:phrase:0800c8af81e83af2">Stop</phrase></extension></node><node class="Components.Activation" id="nev10697278n2-nev10925625n1" nodeid="Activation1" x="253" y="212"><extension id="nev10697278n2-nev10925626n1"><identifier ecu="437601" ecuMode="EcuType" id="nev10697278n2-nev10925627n1" rawValues="Mask=FF,Value=FA" type="REID" useRaw="true" value="0A36" write="15"/></extension></node><node class="Components.Activation" id="nev10697278n2-nev10925628n1" nodeid="Activation2" x="252" y="377"><extension id="nev10697278n2-nev10925629n1"><identifier ecu="437601" ecuMode="EcuType" id="nev10697278n2-nev10925630n1" rawValues="Mask=FF,Value=19" type="REID" useRaw="true" value="0A36" write="15"/></extension></node><node class="Components.VehComm" id="nev10697278n2-nev10925631n1" nodeid="VehComm1" x="257" y="534"><property class="String" id="nev10697278n2-nev10925632n1" name="Mode" type="Internal" value="EcuType" visible="1"/><property class="Int" id="nev10697278n2-nev10925633n1" name="EcuType" type="In" value="437601" visible="0"/><property class="Int" id="nev10697278n2-nev10925634n1" name="ServiceId" type="In" value="27" visible="0"/><property class="String" id="nev10697278n2-nev10925635n1" name="EcuName" type="Out" value="" visible="1"/><property class="Response" id="nev10697278n2-nev10925636n1" name="Result" type="Out" value="" visible="1"/><extension id="nev10697278n2-nev10925637n1"/></node></nodes><handlers id="nev10697278n2-nev10925638n1"><eventhandler id="nev10697278n2-nev10925639n1" name="OnStart" node="Start"><call id="nev10697278n2-nev10925640n1" method="UpdateTitles" node="IdentifierComponent1"/><call id="nev10697278n2-nev10925641n1" method="Start" node="Repeater1"/></eventhandler><eventhandler id="nev10697278n2-nev10925642n1" name="Click" node="ScriptButton1"><call id="nev10697278n2-nev10925643n1" method="CloseDialog" node="ScriptComponent1"/><call id="nev10697278n2-nev10925644n1" method="Execute" node="VehComm1"/></eventhandler><eventhandler id="nev10697278n2-nev10925645n1" name="OnRepeat" node="Repeater1"><call id="nev10697278n2-nev10925646n1" method="Read" node="IdentifierComponent1"/></eventhandler><eventhandler id="nev10697278n2-nev10925647n1" name="Click" node="ScriptButton2"><call id="nev10697278n2-nev10925648n1" method="Activate" node="Activation1"/></eventhandler><eventhandler id="nev10697278n2-nev10925649n1" name="Click" node="ScriptButton3"><call id="nev10697278n2-nev10925650n1" method="Activate" node="Activation2"/></eventhandler><propertyhandler id="nev10697278n2-nev10925651n1" name="Linear pressure solenoid SLC2, current" node="IdentifierComponent1"><set id="nev10697278n2-nev10925652n1" node="ParameterLabel1" property="Parameter"/></propertyhandler></handlers></content></script>