<?xml version="1.0" encoding="UTF-8"?><i2 IE-ID="en-US0900c8af8620a101" docno="VCC-467600" id="nev20087347n1" original="sv-SE" xml:lang="en-US">
<frontm id="nev20087347n2-nev20628314n60">
<prolog>
<tpnbr>31414346</tpnbr>
</prolog>
<titlep id="nev20087347n2-nev20628314n59">
<grate id="nev20087347n2-nev20628314n54">
<graphic id="nev20087347n2-nev20505467n4">
<href>0900c8af860413f#@#@#11#.jpeg</href>
</graphic>
</grate>
<title id="nev20087347n3">Electric engine#@#@#20#sign)</title>
</titlep>
<preface id="nev20087347n2-nev20628314n53">
<toolpics id="nev20087347n2-nev20628314n51">
<title id="nev20087347n2-0800c8af84f6831f">Equipment</title>
<i2graphic id="nev20087347n2-nev20505467n10">
<href>0900c8af84fe1a6#@#@#9#.jpeg</href>
</i2graphic>
<i2graphic id="nev20087347n2-nev20505468n1">
<href>0900c8af85b62fb#@#@#9#.jpeg</href>
</i2graphic>
<i2graphic id="nev20087347n2-nev20505468n2">
<href>0900c8af83557b7#@#@#9#.jpeg</href>
</i2graphic>
<i2graphic id="nev20087347n2-nev20505468n3">
<href>0900c8af8356c20#@#@#9#.jpeg</href>
</i2graphic>
</toolpics>
<kitpics id="nev20087347n2-nev20628314n52">
<title id="nev20087347n2-0800c8af84f6835a">Component overview</title>
<i2graphic id="nev20087347n2-nev20505468n7">
<href>0900c8af861e92e#@#@#11#.jpeg</href>
</i2graphic>
<i2graphic id="nev20087347n2-nev20505468n8">
<href>0900c8af861e930#@#@#11#.jpeg</href>
</i2graphic>
<i2graphic id="nev20087347n2-nev20505829n44">
<href>0900c8af860f2a9#@#@#11#.jpeg</href>
</i2graphic>
</kitpics>
</preface>
</frontm>
<body id="nev20087347n2-nev20628314n61">
<servinfosub docno="VCC-467600" id="nev20087347n2-nev20087347n1" original="sv-SE" servinfosubId="nev20087347n2-nev20505453n1" servinfosubRes="0900c8af86254273" servinfosubRes2="urn:x-nevis:fragment:0900c8af8620a101:0900c8af86254273#nev20505453n1">
<operationnumbers>
<operationnumber>87652-2</operationnumber>
</operationnumbers>
<materialtable id="nev20087347n2-nev20628357n88">
<table id="nev20087347n2-nev20628357n87">
<tgroup cols="2" id="nev20087347n2-nev20628357n86">
<colspec colname="COLSPEC0" colwidth="1.00*" id="nev20087347n2-nev20628357n85"/>
<colspec colname="COLSPEC1" colwidth="1.00*" id="nev20087347n2-nev20628357n84"/>
<thead id="nev20087347n2-nev20628357n83">
<row id="nev20087347n2-nev20628357n82">
<entry id="nev20087347n2-nev20628357n81" nameend="COLSPEC1" namest="COLSPEC0" valign="top">
<ptxt id="nev20087347n2-nev20628357n80">
<emph id="nev20087347n2-nev20628357n79">Materials</emph>
</ptxt>
</entry>
</row>
</thead>
<tbody id="nev20087347n2-nev20628357n78">
<row id="nev20087347n2-nev20628357n77">
<entry id="nev20087347n2-nev20628357n76">
<ptxt id="nev20087347n2-nev20628357n75">
<emph id="nev20087347n2-nev20628357n74">Designation</emph>
</ptxt>
</entry>
<entry id="nev20087347n2-nev20628357n73">
<ptxt id="nev20087347n2-nev20628357n72">
<emph id="nev20087347n2-nev20628357n71">Part number</emph>
</ptxt>
</entry>
</row>
<row id="nev20087347n2-nev20628357n70">
<entry id="nev20087347n2-nev20628357n69">
<ptxt id="nev20087347n2-nev20628357n68">soap solution</ptxt>
</entry>
<entry id="nev20087347n2-nev20628357n66">
<ptxt id="nev20087347n2-nev20628357n65"/>
</entry>
</row>
<row id="nev20087347n2-nev20628357n64">
<entry id="nev20087347n2-nev20628357n63">
<ptxt id="nev20087347n2-nev20628357n62">Grease</ptxt>
</entry>
<entry id="nev20087347n2-nev20628357n60">
<ptxt id="nev20087347n2-nev20628357n59">1161761</ptxt>
</entry>
</row>
</tbody>
</tgroup>
</table>
</materialtable>
<procedure id="nev20087347n2-nev20505472n6">
<stepgrp boilerplate="false" context="" id="nev20087347n2-nev20628314n49">
<title id="nev20087347n2-0800c8af84f682f9">Information</title>
<procstep id="nev20087347n2-nev20505472n10">
<list1 enumtype="b" id="nev13396149n248" type="unordered">
<item id="nev13396149n246">
<ptxt id="nev13396149n244">  Read through #@#@#48#tion.</ptxt>
</item>
<item id="nev13396149n240">
<ptxt id="nev13396149n238">Notifications a#@#@#99#tion.</ptxt>
</item>
<item id="nev13396149n236">
<ptxt id="nev13396149n234">Ensure that all#@#@#72#tion.</ptxt>
</item>
<item id="nev13396149n232">
<ptxt id="nev13396149n230">Certain steps i#@#@#114#teps.</ptxt>
</item>
<item id="nev13396149n228">
<ptxt id="nev13396149n226">In the event of#@#@#81#aler.</ptxt>
</item>
</list1>
</procstep>
</stepgrp>
<stepgrp boilerplate="false" context="" id="nev20087347n2-nev20628314n46">
<title id="nev20087347n2-0800c8af84f6830b">Conditions</title>
<procstep id="nev20087347n2-nev20505473n7">
<para id="nev20087347n2-nev20628314n44">
<ptxt id="nev20087347n2-nev20628314n45">When installing#@#@#47#es C.</ptxt>
</para>
</procstep>
</stepgrp>
<stepgrp boilerplate="false" context="" id="nev20087347n2-nev20628314n43">
<title id="nev20087347n2-0800c8af844a46ee">Color symbols</title>
<procstep id="nev20087347n2-nev20505474n4">
<grate id="nev20087347n2-nev20628314n41">
<graphic id="nev20087347n2-nev20628314n42">
<href>0900c8af8579af4#@#@#9#.jpeg</href>
</graphic>
<graphtext id="nev20087347n2-nev20628389n1">
<note id="nev20087347n2-0800c8af857d02fc">
<ptxt>This colour cha#@#@#127#teps.</ptxt>
</note>
<list1 enumtype="n" id="nev20087347n2-nev20505474n10" type="ordered">
<item id="nev20087347n2-nev20628314n40">
<ptxt id="nev20087347n2-nev20628314n39">Used for focuse#@#@#55#hing.</ptxt>
</item>
<item id="nev20087347n2-nev20628314n38">
<ptxt id="nev20087347n2-nev20628314n37">Used as extra c#@#@#57#arts.</ptxt>
</item>
<item id="nev20087347n2-nev20628314n36">
<ptxt id="nev20087347n2-nev20628314n35">Used for attach#@#@#73# etc.</ptxt>
</item>
<item id="nev20087347n2-nev20628314n34">
<ptxt id="nev20087347n2-nev20628314n33">Used when the c#@#@#68#side.</ptxt>
</item>
<item id="nev20087347n2-nev20628314n32">
<ptxt id="nev20087347n2-nev20628314n31">Used for standa#@#@#22#ools.</ptxt>
</item>
<item id="nev20087347n2-nev20628314n30">
<ptxt id="nev20087347n2-nev20628314n29">Used as backgro#@#@#28#ents.</ptxt>
</item>
</list1>
</graphtext>
</grate>
</procstep>
</stepgrp>
<stepgrp boilerplate="false" context="" id="nev20087347n2-nev20628314n28">
<title id="nev20087347n2-0800c8af844a46f6">Removal</title>
<procstep id="nev20087347n2-nev20505477n2">
<grate id="nev20087347n2-nev20628314n26">
<graphic id="nev20087347n2-nev20628314n27">
<href>0900c8af8526c20#@#@#9#.jpeg</href>
</graphic>
</grate>
</procstep>
<procstep id="nev20087347n2-nev20505477n5">
<grate id="nev20087347n2-nev20628314n24">
<graphic id="nev20087347n2-nev20628314n25">
<href>0900c8af861ff71#@#@#9#.jpeg</href>
</graphic>
<graphtext id="nev20087347n2-nev20628396n1">
<para id="nev20087347n2-nev20628314n22">
<ptxt id="nev20087347n2-nev20628314n23">Remove the screws.</ptxt>
</para>
</graphtext>
</grate>
</procstep>
<procstep id="nev20087347n2-nev20505478n2">
<grate id="nev20087347n2-nev20628314n20">
<graphic id="nev20087347n2-nev20628314n21">
<href>0900c8af860fd6f#@#@#9#.jpeg</href>
</graphic>
<graphtext id="nev20087347n2-nev20628400n1">
<para id="nev20087347n2-nev20628314n18">
<ptxt id="nev20087347n2-nev20628314n19">Clean the Bumpe#@#@#11#face.</ptxt>
</para>
<para id="nev20087347n2-nev20628314n16">
<ptxt id="nev20087347n2-nev20628314n17">
<material id="nev20087347n2-nev20505479n1" materialid="" materialname="soap solution" quantity="0.0"/>
</ptxt>
</para>
</graphtext>
</grate>
</procstep>
<procstep id="nev20087347n2-nev20505479n2">
<grate id="nev20087347n2-nev20628314n14">
<graphic id="nev20087347n2-nev20628314n15">
<href>0900c8af860fd70#@#@#9#.jpeg</href>
</graphic>
<graphtext id="nev20087347n2-nev20628407n1">
<note id="nev20087347n2-0800c8af85e91ab6">
<ptxt>Check that the #@#@#16#rect.</ptxt>
</note>
<para id="nev20087347n2-nev20628314n12">
<ptxt id="nev20087347n2-nev20628314n13">Use the templat#@#@#30#ions.</ptxt>
</para>
<para id="nev20087347n2-nev20628314n10">
<ptxt id="nev20087347n2-nev20628314n11">Cut following t#@#@#11#ines.</ptxt>
</para>
</graphtext>
</grate>
</procstep>
<procstep id="nev20087347n2-nev20505480n4">
<grate id="nev20087347n2-nev20628314n8">
<graphic id="nev20087347n2-nev20628314n9">
<href>0900c8af860fdda#@#@#9#.jpeg</href>
</graphic>
<graphtext id="nev20087347n2-nev20628411n1">
<para id="nev20087347n2-nev20628314n6">
<ptxt id="nev20087347n2-nev20628314n7">Secure the temp#@#@#10#tape.</ptxt>
</para>
</graphtext>
</grate>
</procstep>
<procstep id="nev20087347n2-nev20505481n1">
<grate id="nev20087347n2-nev20628314n4">
<graphic id="nev20087347n2-nev20628314n5">
<href>0900c8af860fdfa#@#@#9#.jpeg</href>
</graphic>
<graphtext id="nev20087347n2-nev20628415n1">
<caution id="nev20087347n2-0800c8af851650a8">
<ptxt>Cut carefully t#@#@#43#jury.</ptxt>
</caution>
<para id="nev20087347n2-nev20628314n2">
<ptxt id="nev20087347n2-nev20628314n3">Adjust the hole#@#@#30#sary.</ptxt>
</para>
</graphtext>
</grate>
</procstep>
</stepgrp>
<stepgrp boilerplate="false" context="" id="nev20087347n2-nev20628314n1">
<title id="nev20087347n2-0800c8af84fbdb3d">Accessory insta#@#@#2#ation</title>
<procstep id="nev20087347n2-nev20505482n3">
<grate id="nev20087347n2-nev20628356n99">
<graphic id="nev20087347n2-nev20628356n100">
<href>0900c8af861e934#@#@#9#.jpeg</href>
</graphic>
</grate>
</procstep>
<procstep id="nev20087347n2-nev20505482n6">
<grate id="nev20087347n2-nev20628356n97">
<graphic id="nev20087347n2-nev20628356n98">
<href>0900c8af861bca2#@#@#9#.jpeg</href>
</graphic>
</grate>
</procstep>
<procstep id="nev20087347n2-nev20505482n9">
<grate id="nev20087347n2-nev20628356n95">
<graphic id="nev20087347n2-nev20628356n96">
<href>0900c8af857cfe5#@#@#9#.jpeg</href>
</graphic>
</grate>
</procstep>
</stepgrp>
<stepgrp boilerplate="false" context="" id="nev20087347n2-nev20628356n94">
<title id="nev20087347n2-0800c8af844a46f6">Removal</title>
<procstep id="nev20087347n2-nev20505483n5">
<grate id="nev20087347n2-nev20628356n92">
<graphic id="nev20087347n2-nev20628356n93">
<href>0900c8af861980b#@#@#9#.jpeg</href>
</graphic>
<graphtext id="nev20087347n2-nev20628428n1">
<para id="nev20087347n2-nev20628356n90">
<ptxt id="nev20087347n2-nev20628356n91">Remove the screws.</ptxt>
</para>
</graphtext>
</grate>
</procstep>
<procstep id="nev20087347n2-nev20505484n2">
<grate id="nev20087347n2-nev20628356n88">
<graphic id="nev20087347n2-nev20628356n89">
<href>0900c8af855344a#@#@#9#.jpeg</href>
</graphic>
<graphtext id="nev20087347n2-nev20628432n1">
<para id="nev20087347n2-nev20628356n86">
<ptxt id="nev20087347n2-nev20628356n87">Remove the panel.</ptxt>
</para>
</graphtext>
</grate>
</procstep>
<procstep id="nev20087347n2-nev20505484n9">
<grate id="nev20087347n2-nev20628356n84">
<graphic id="nev20087347n2-nev20628356n85">
<href>0900c8af84eca75#@#@#9#.jpeg</href>
</graphic>
<graphtext id="nev20087347n2-nev20628436n1">
<para id="nev20087347n2-nev20628356n82">
<ptxt id="nev20087347n2-nev20628356n83">Fold the wing l#@#@#6#side.</ptxt>
</para>
</graphtext>
</grate>
</procstep>
</stepgrp>
<stepgrp boilerplate="false" context="" id="nev20087347n2-nev20628356n81">
<title id="nev20087347n2-0800c8af84fbdb3d">Accessory insta#@#@#2#ation</title>
<procstep id="nev20087347n2-nev20505485n9">
<grate id="nev20087347n2-nev20628356n79">
<graphic id="nev20087347n2-nev20628356n80">
<href>0900c8af861980c#@#@#9#.jpeg</href>
</graphic>
<graphtext id="nev20087347n2-nev20628440n1">
<caution id="nev20087347n2-nev20628356n78">
<ptxt>Ensure that the#@#@#58#ents.</ptxt>
</caution>
</graphtext>
</grate>
</procstep>
<procstep id="nev20087347n2-nev20505486n2">
<grate id="nev20087347n2-nev20628356n76">
<graphic id="nev20087347n2-nev20628356n77">
<href>0900c8af861b29d#@#@#9#.jpeg</href>
</graphic>
</grate>
</procstep>
<procstep id="nev20087347n2-nev20628356n75">
<grate id="nev20087347n2-nev20628356n73">
<graphic id="nev20087347n2-nev20628356n74">
<href>0900c8af86253c5#@#@#9#.jpeg</href>
</graphic>
<graphtext id="nev20087347n2-nev20628447n1">
<para id="nev20087347n2-nev20628356n71">
<ptxt id="nev20087347n2-nev20628356n72">Attach any exce#@#@#25#ness.</ptxt>
</para>
</graphtext>
</grate>
</procstep>
<procstep id="nev20087347n2-nev20505486n5">
<grate id="nev20087347n2-nev20628356n69">
<graphic id="nev20087347n2-nev20628356n70">
<href>0900c8af861ffaa#@#@#9#.jpeg</href>
</graphic>
<graphtext id="nev20087347n2-nev20628451n1">
<note id="nev20087347n2-0800c8af85b47f49">
<ptxt>Orientation view</ptxt>
</note>
</graphtext>
</grate>
</procstep>
<procstep id="nev20087347n2-nev20505487n1">
<grate id="nev20087347n2-nev20628356n67">
<graphic id="nev20087347n2-nev20628356n68">
<href>0900c8af861ffae#@#@#9#.jpeg</href>
</graphic>
</grate>
</procstep>
</stepgrp>
<stepgrp boilerplate="false" context="" id="nev20087347n2-nev20628356n66">
<title id="nev20087347n2-0800c8af844a46f6">Removal</title>
<procstep id="nev20087347n2-nev20505487n7">
<grate id="nev20087347n2-nev20628356n64">
<graphic id="nev20087347n2-nev20628356n65">
<href>0900c8af8462ee6#@#@#9#.jpeg</href>
</graphic>
<graphtext id="nev20087347n2-nev20628458n1">
<para id="nev20087347n2-nev20628356n62">
<ptxt id="nev20087347n2-nev20628356n63">Place a contain#@#@#12# car.</ptxt>
</para>
<para id="nev20087347n2-nev20628356n60">
<ptxt id="nev20087347n2-nev20628356n61">Drain the coolant.</ptxt>
</para>
</graphtext>
</grate>
</procstep>
<procstep id="nev20087347n2-nev20505488n7">
<grate id="nev20087347n2-nev20628356n58">
<graphic id="nev20087347n2-nev20628356n59">
<href>0900c8af861dd7c#@#@#9#.jpeg</href>
</graphic>
<graphtext id="nev20087347n2-nev20628462n1">
<note id="nev20087347n2-0800c8af85b47f49">
<ptxt>Orientation view</ptxt>
</note>
</graphtext>
</grate>
</procstep>
<procstep id="nev20087347n2-nev20505489n3">
<grate id="nev20087347n2-nev20628356n56">
<graphic id="nev20087347n2-nev20628356n57">
<href>0900c8af861e964#@#@#9#.jpeg</href>
</graphic>
<graphtext id="nev20087347n2-nev20628466n1">
<para id="nev20087347n2-nev20628356n54">
<ptxt id="nev20087347n2-nev20628356n55">Loosen the clip.</ptxt>
</para>
</graphtext>
</grate>
</procstep>
</stepgrp>
<stepgrp boilerplate="false" context="" id="nev20087347n2-nev20628356n53">
<title id="nev20087347n2-0800c8af84fbdb3d">Accessory insta#@#@#2#ation</title>
<procstep id="nev20087347n2-nev20505490n3">
<grate id="nev20087347n2-nev20628356n51">
<graphic id="nev20087347n2-nev20628356n52">
<href>0900c8af861bcbb#@#@#9#.jpeg</href>
</graphic>
</grate>
</procstep>
</stepgrp>
<stepgrp boilerplate="false" context="" id="nev20087347n2-nev20628356n50">
<title id="nev20087347n2-0800c8af844a46f9">Installation</title>
<procstep id="nev20087347n2-nev20505490n9">
<grate id="nev20087347n2-nev20628356n48">
<graphic id="nev20087347n2-nev20628356n49">
<href>0900c8af861e95e#@#@#9#.jpeg</href>
</graphic>
<graphtext id="nev20087347n2-nev20628473n1">
<para id="nev20087347n2-nev20628356n46">
<ptxt id="nev20087347n2-nev20628356n47">Install the clip(s).</ptxt>
</para>
</graphtext>
</grate>
</procstep>
</stepgrp>
<stepgrp boilerplate="false" context="" id="nev20087347n2-nev20628356n45">
<title id="nev20087347n2-0800c8af844a46f6">Removal</title>
<procstep id="nev20087347n2-nev20505491n9">
<grate id="nev20087347n2-nev20628356n43">
<graphic id="nev20087347n2-nev20628356n44">
<href>0900c8af861dd79#@#@#9#.jpeg</href>
</graphic>
<graphtext id="nev20087347n2-nev20628477n1">
<warning id="nev20087347n2-0800c8af844a4837">
<ptxt>Be prepared to #@#@#18#luid.</ptxt>
</warning>
<para id="nev20087347n2-nev20628356n41">
<ptxt id="nev20087347n2-nev20628356n42">Loosen the clip.</ptxt>
</para>
<para id="nev20087347n2-nev20628356n39">
<ptxt id="nev20087347n2-nev20628356n40">Remove the hose.</ptxt>
</para>
</graphtext>
</grate>
</procstep>
<procstep id="nev20087347n2-nev20505492n2">
<grate id="nev20087347n2-nev20628356n37">
<graphic id="nev20087347n2-nev20628356n38">
<href>0900c8af861dd8d#@#@#9#.jpeg</href>
</graphic>
<graphtext id="nev20087347n2-nev20628481n1">
<para id="nev20087347n2-nev20628356n35">
<ptxt id="nev20087347n2-nev20628356n36">Remove the hose.</ptxt>
</para>
<para id="nev20087347n2-nev20628356n33">
<ptxt id="nev20087347n2-nev20628356n34">The part is not#@#@#9#used.</ptxt>
</para>
</graphtext>
</grate>
</procstep>
</stepgrp>
<stepgrp boilerplate="false" context="" id="nev20087347n2-nev20628356n32">
<title id="nev20087347n2-0800c8af84fbdb3d">Accessory insta#@#@#2#ation</title>
<procstep id="nev20087347n2-nev20505492n8">
<grate id="nev20087347n2-nev20628356n30">
<graphic id="nev20087347n2-nev20628356n31">
<href>0900c8af861e0fa#@#@#9#.jpeg</href>
</graphic>
<graphtext id="nev20087347n2-nev20628485n1">
<para id="nev20087347n2-nev20628356n28">
<ptxt id="nev20087347n2-nev20628356n29">Install the hose.</ptxt>
</para>
<para id="nev20087347n2-nev20628356n26">
<ptxt id="nev20087347n2-nev20628356n27">Tighten the hos#@#@#4#amps.</ptxt>
</para>
</graphtext>
</grate>
</procstep>
<procstep id="nev20087347n2-nev20591466n72">
<grate id="nev20087347n2-nev20628356n24">
<graphic id="nev20087347n2-nev20628356n25">
<href>0900c8af86234fe#@#@#9#.jpeg</href>
</graphic>
</grate>
</procstep>
<procstep id="nev20087347n2-nev20505493n1">
<grate id="nev20087347n2-nev20628356n22">
<graphic id="nev20087347n2-nev20628356n23">
<href>0900c8af861e0fa#@#@#9#.jpeg</href>
</graphic>
<graphtext id="nev20087347n2-nev20628492n1">
<para id="nev20087347n2-nev20628356n20">
<ptxt id="nev20087347n2-nev20628356n21">Install the hose.</ptxt>
</para>
<para id="nev20087347n2-nev20628356n18">
<ptxt id="nev20087347n2-nev20628356n19">Tighten the hos#@#@#3#lamp.</ptxt>
</para>
</graphtext>
</grate>
</procstep>
<procstep id="nev20087347n2-nev20505493n8">
<grate id="nev20087347n2-nev20628356n16">
<graphic id="nev20087347n2-nev20628356n17">
<href>0900c8af8578565#@#@#9#.jpeg</href>
</graphic>
<graphtext id="nev20087347n2-nev20628496n1">
<caution id="nev20087347n2-0800c8af85164e4a">
<ptxt>No grease on co#@#@#10#aces.</ptxt>
</caution>
<para id="nev20087347n2-nev20628356n14">
<ptxt id="nev20087347n2-nev20628356n15">Lubricate the O#@#@#1#ring.</ptxt>
</para>
<para id="nev20087347n2-nev20628356n12">
<ptxt id="nev20087347n2-nev20628356n13">
<material id="nev20087347n2-nev20505494n9" materialid="1161761" materialname="Grease" quantity="0.0"/>
</ptxt>
</para>
</graphtext>
</grate>
</procstep>
<procstep id="nev20087347n2-nev20505494n10">
<grate id="nev20087347n2-nev20628356n10">
<graphic id="nev20087347n2-nev20628356n11">
<href>0900c8af861e0fb#@#@#9#.jpeg</href>
</graphic>
<graphtext id="nev20087347n2-nev20628503n1">
<para id="nev20087347n2-nev20628356n8">
<ptxt id="nev20087347n2-nev20628356n9">Install the hose.</ptxt>
</para>
<para id="nev20087347n2-nev20628356n6">
<ptxt id="nev20087347n2-nev20628356n7">Tighten the hos#@#@#3#lamp.</ptxt>
</para>
<para id="nev20087347n2-nev20628356n4">
<ptxt id="nev20087347n2-nev20628356n5">Connect the pre#@#@#8#able.</ptxt>
</para>
<para id="nev20087347n2-nev20628356n2">
<ptxt id="nev20087347n2-nev20628356n3">Install the catch.</ptxt>
</para>
</graphtext>
</grate>
</procstep>
</stepgrp>
<stepgrp boilerplate="false" context="" id="nev20087347n2-nev20628356n1">
<title id="nev20087347n2-0800c8af844a46f9">Installation</title>
<procstep id="nev20087347n2-nev20505496n3">
<grate id="nev20087347n2-nev20628357n99">
<graphic id="nev20087347n2-nev20628357n100">
<href>0900c8af857aa4f#@#@#9#.jpeg</href>
</graphic>
<graphtext id="nev20087347n2-nev20628507n1">
<para id="nev20087347n2-nev20628357n97">
<ptxt id="nev20087347n2-nev20628357n98">Reinstall the r#@#@#25#rder.</ptxt>
</para>
<para id="nev20087347n2-nev20628357n95">
<ptxt id="nev20087347n2-nev20628357n96">Fill with coola#@#@#42#ture.</ptxt>
</para>
<para id="nev20087347n2-nev20628357n93">
<ptxt id="nev20087347n2-nev20628357n94">Vent the coolin#@#@#26#kage.</ptxt>
</para>
<para id="nev20087347n2-nev20628357n91">
<ptxt id="nev20087347n2-nev20628357n92">Post-fill the c#@#@#22#sary.</ptxt>
</para>
</graphtext>
</grate>
</procstep>
</stepgrp>
</procedure>
<kitnumbers>
<kitnumber>31359328</kitnumber>
</kitnumbers>
</servinfosub>
</body>
</i2>