<?xml version="1.0" encoding="UTF-8"?><servinfosub IE-ID="en-US0900c8af80681101" docno="VCC-079631" id="KC02025638" xml:lang="en-US">
<title>Badge
</title>
<procedure>
<stepgrp>
<procstep>
<title/>
<grate>
<graphic id="KC08532948">
<href>0900c8af8068111#@#@#9#.jpeg</href>
</graphic>
<graphtext>
<list1 enumtype="d">
<title>Remove badge:
</title>
<item>
<ptxt>Warm the badge #@#@#26#gun.
</ptxt>
</item>
<item>
<ptxt>Carefully lift #@#@#21#dge.
</ptxt>
</item>
</list1>
<list1 enumtype="d">
<title>Install the badge:
</title>
<item>
<ptxt>The car should #@#@#19#ure.
</ptxt>
</item>
<item>
<ptxt>Wash the mating#@#@#96# H".
</ptxt>
<note>
<ptxt>Avoid skin cont#@#@#17# H".
</ptxt>
</note>
</item>
<item>
<ptxt>Measure and mar#@#@#81#ide.
</ptxt>
<note>
<ptxt>All "model desi#@#@#100#dge.
</ptxt>
</note>
</item>
<item>
<ptxt>Remove the prot#@#@#45#dge.
</ptxt>
</item>
<item>
<ptxt>Press the badge#@#@#11#ody.
</ptxt>
</item>
<item>
<ptxt>Check around th#@#@#78#ork.
</ptxt>
</item>
</list1>
</graphtext>
</grate>
</procstep>
<procstep>
<title/>
<grate>
<graphic id="KC08532949">
<href>0900c8af8068111#@#@#9#.jpeg</href>
</graphic>
</grate>
</procstep>
</stepgrp>
</procedure>
</servinfosub>