<?xml version="1.0" encoding="UTF-8"?><servinfosub IE-ID="en-US0900c8af85b34710" docno="VCC-456747" id="nev18506727n1" xml:lang="en-US">
<title>
<phrase category="Title" id="nev18506727n2" phrase-urn="urn:x-nevis:phrase:0800c8af81eb9a54">Diagnostic trou#@#@#21#ation</phrase>
<phrase category="Prefix" id="nev18506727n3" phrase-urn="urn:x-nevis:phrase:0800c8af8015c3f5">ECM</phrase>-P209628</title>
<diagnostic j2008use="1" paperuse="1" screenuse="1" type="condition">
<condgrp>
<condition type="condition">
<grate>
<graphic id="nev18506727n4">
<href>0900c8af8510274#@#@#9#.jpeg</href>
</graphic>
<graphtext>
<para>
<ptxt>
<phrase category="" id="nev18506727n5" phrase-urn="urn:x-nevis:phrase:0800c8af81a9c8be">The engine cont#@#@#204#wing.</phrase>
</ptxt>
</para>
<list1 enumtype="d" type="unordered">
<item>
<ptxt>
<phrase category="Condition" id="nev18506727n6" phrase-urn="urn:x-nevis:phrase:0800c8af81eab05d">The engine cont#@#@#86#lues.</phrase>
<phrase category="Condition" id="nev18506727n7" phrase-urn="urn:x-nevis:phrase:0800c8af8511875a">The fault code #@#@#31#much.</phrase>
</ptxt>
<note>
<ptxt>
<phrase category="" id="nev18506727n8" phrase-urn="urn:x-nevis:phrase:0800c8af81a9c8c0">The fault may b#@#@#55#uit. </phrase>
</ptxt>
</note>
</item>
<item>
<ptxt>
<phrase category="" id="nev18506727n9" phrase-urn="urn:x-nevis:phrase:0800c8af81a9c8c1">The signal from#@#@#156#ture </phrase>
</ptxt>
</item>
<item>
<ptxt>
<phrase category="" id="nev18506727n10" phrase-urn="urn:x-nevis:phrase:0800c8af81a9c8c2">The signal from#@#@#156#ture </phrase>
</ptxt>
</item>
<item>
<ptxt>
<phrase category="" id="nev18506728n1" phrase-urn="urn:x-nevis:phrase:0800c8af81a9c8c3">The signal from#@#@#144#ECM).</phrase>
</ptxt>
</item>
</list1>
</graphtext>
</grate>
</condition>
</condgrp>
<condgrp>
<condition type="substitution">
<list1 enumtype="d" type="unordered">
<item>
<ptxt>
<phrase category="" id="nev18506728n2" phrase-urn="urn:x-nevis:phrase:0800c8af81a9c8c4">The heated oxyg#@#@#31#abled</phrase>
</ptxt>
</item>
<item>
<ptxt>
<phrase category="" id="nev18506728n3" phrase-urn="urn:x-nevis:phrase:0800c8af81a9c8c5">Three-way catal#@#@#41#bled.</phrase>
</ptxt>
</item>
</list1>
</condition>
<ps>
<list1 enumtype="d" type="unordered">
<item>
<ptxt>
<phrase category="" id="nev18506728n4" phrase-urn="urn:x-nevis:phrase:0800c8af81a9c8c6">Leakage in the #@#@#9#ystem</phrase>
</ptxt>
</item>
<item>
<ptxt>
<phrase category="" id="nev18506728n5" phrase-urn="urn:x-nevis:phrase:0800c8af81a9c8c7">Heated oxygen s#@#@#55#ture </phrase>
</ptxt>
</item>
<item>
<ptxt>
<phrase category="" id="nev18506728n6" phrase-urn="urn:x-nevis:phrase:0800c8af81a9c8c8">Damaged heated #@#@#16#O2S).</phrase>
</ptxt>
</item>
</list1>
</ps>
</condgrp>
<condgrp>
<condition type="symptom">
<list1 enumtype="d" type="unordered">
<item>
<ptxt>
<phrase category="Symptom CSC" id="nev18506728n7" phrase-urn="urn:x-nevis:phrase:0800c8af8388f076">DL, Warning lig#@#@#85#ation</phrase>
</ptxt>
</item>
</list1>
</condition>
</condgrp>
</diagnostic>
</servinfosub>