<?xml version="1.0" encoding="UTF-8"?><script xmlns:nevis="http://www.volvocars.com/namespaces/processing" xmlns:xlink="http://www.w3.org/1999/xlink" IE-ID="en-US0900c8af8644d710" docno="VCC-443136" id="nev17578805n1" nevis:expl-profile="mdl525yr2013, mdl526yr2013, mdl525yr2014, mdl526yr2014, mdl526yr2015, mdl525yr2015, mdl525yr2016, mdl526yr2016" nevis:profile="urn:x-nevis:profile:0b00c8af85025cbc urn:x-nevis:profile:0b00c8af85025cc4 urn:x-nevis:profile:0b00c8af8569a64b urn:x-nevis:profile:0b00c8af8569a80c urn:x-nevis:profile:0b00c8af861bd2c7 urn:x-nevis:profile:0b00c8af862296a5 urn:x-nevis:profile:0b00c8af86576caa urn:x-nevis:profile:0b00c8af86576f47" nevis:projectdocument="urn:x-nevis:projectdocument:0800c8af8578e4b4" nevis:resource="0900c8af8644d715" nevis:resource2="urn:x-nevis:fragment:0900c8af8644d710:0900c8af8644d715#nev17578805n1" nevis:session-id="" qualifierinfotype="14:00" type="" xml:lang="en-US"><title><phrase category="Title" id="nev21060306n1" phrase-urn="urn:x-nevis:phrase:0800c8af86109a44">Open circuit on#@#@#61#ICM))</phrase></title><content gui="1" height="595" id="nev17578805n3-nev17578770n1" nevis:expl-profile="mdl525yr2013, mdl526yr2013, mdl525yr2014, mdl526yr2014, mdl526yr2015, mdl525yr2015, mdl525yr2016, mdl526yr2016" nevis:idfrom="nev17578805n3" nevis:prefix="nev17578805n3" nevis:profile="urn:x-nevis:profile:0b00c8af85025cbc urn:x-nevis:profile:0b00c8af85025cc4 urn:x-nevis:profile:0b00c8af8569a64b urn:x-nevis:profile:0b00c8af8569a80c urn:x-nevis:profile:0b00c8af861bd2c7 urn:x-nevis:profile:0b00c8af862296a5 urn:x-nevis:profile:0b00c8af86576caa urn:x-nevis:profile:0b00c8af86576f47" nevis:resource="0900c8af8644d717" nevis:resource2="urn:x-nevis:fragment:0900c8af8644d710:0900c8af8644d717#nev17578770n1" width="505" xml:lang="en-US"><nodes id="nev17578805n3-nev21060307n1"><node class="Components.StartNode" id="nev17578805n3-nev21060308n1" nodeid="Start" x="648" y="1410"/><node class="Components.ScriptComponent" id="nev17578805n3-nev21060309n1" nodeid="Script1" x="1307" y="285"/><node class="Components.Gui.ParameterLabel" id="nev17578805n3-nev21060310n1" nodeid="ParameterLabel1" x="581" y="1003"><gui height="70" id="nev17578805n3-nev21060311n1" width="490" x="5" y="445"/><property class="Parameter" id="nev17578805n3-nev21060312n1" name="Parameter" type="In" value="" visible="1"/><property class="String" id="nev17578805n3-nev21060313n1" name="Title" type="In" value="" visible="1"/><property class="String" id="nev17578805n3-nev21060314n1" name="Value" type="In" value="" visible="1"/><property class="String" id="nev17578805n3-nev21060315n1" name="Unit" type="In" value="" visible="1"/><property class="String" id="nev17578805n3-nev21060316n1" name="StartVisible" type="Internal" value="True" visible="0"/></node><node class="Components.ScriptButton" id="nev17578805n3-nev21060317n1" nodeid="Startknapp" x="167" y="946"><gui height="30" id="nev17578805n3-nev21060318n1" width="110" x="110" y="540"/><property class="String" id="nev17578805n3-nev21060319n1" name="Text" type="In" value="" visible="1"/><property class="String" id="nev17578805n3-nev21060320n1" name="StartDisabled" type="Internal" value="false" visible="1"/><property class="String" id="nev17578805n3-nev21060321n1" name="StartVisible" type="Internal" value="true" visible="1"/><extension id="nev17578805n3-nev21060322n1"><phrase category="Faulttracing" id="nev17578805n3-nev17578771n8" phrase-urn="urn:x-nevis:phrase:0800c8af8178a380">Start</phrase></extension></node><node class="Components.ResultGet" id="nev17578805n3-nev21060323n1" nodeid="ResponseGet1" x="237" y="536"><property class="Response" id="nev17578805n3-nev21060324n1" name="InValue" type="In" value="" visible="1"/><property class="String" id="nev17578805n3-nev21060325n1" name="AUD" type="Out" value="" visible="1"/><property class="String" id="nev17578805n3-nev21060326n1" name="TVM" type="Out" value="" visible="1"/><property class="String" id="nev17578805n3-nev21060327n1" name="DABM" type="Out" value="" visible="1"/><property class="String" id="nev17578805n3-nev21060328n1" name="PHM" type="Out" value="" visible="1"/><extension id="nev17578805n3-nev21060329n1"><get id="nev17578805n3-nev17723152n1" property="AUD"><getbyname id="nev17578805n3-nev17723153n1" key="Records"/><getbyid id="nev17578805n3-nev17723154n1" key="61702" name="ListItem" title="Vehicle Configuration Parameters"/><getbyname id="nev17578805n3-nev17723155n1" key="Parameters"/><getbyid id="nev17578805n3-nev17723156n1" key="1001069" name="Parameter" title="Radio, förstärkare och högtalarsystem"/><getbyname id="nev17578805n3-nev17723157n1" key="value"/></get><get id="nev17578805n3-nev17723158n1" property="TVM"><getbyname id="nev17578805n3-nev17723159n1" key="Records"/><getbyid id="nev17578805n3-nev17723160n1" key="61702" name="ListItem" title="Vehicle Configuration Parameters"/><getbyname id="nev17578805n3-nev17723161n1" key="Parameters"/><getbyid id="nev17578805n3-nev17723162n1" key="1018353" name="Parameter" title="TV tuner"/><getbyname id="nev17578805n3-nev17723163n1" key="value"/></get><get id="nev17578805n3-nev17723164n1" property="DABM"><getbyname id="nev17578805n3-nev17723165n1" key="Records"/><getbyid id="nev17578805n3-nev17723166n1" key="61702" name="ListItem" title="Vehicle Configuration Parameters"/><getbyname id="nev17578805n3-nev17723167n1" key="Parameters"/><getbyid id="nev17578805n3-nev17723168n1" key="1001081" name="Parameter" title="Digital radiomottagare"/><getbyname id="nev17578805n3-nev17723169n1" key="value"/></get><get id="nev17578805n3-nev17723170n1" property="PHM"><getbyname id="nev17578805n3-nev17723171n1" key="Records"/><getbyid id="nev17578805n3-nev17723172n1" key="61702" name="ListItem" title="Vehicle Configuration Parameters"/><getbyname id="nev17578805n3-nev17723173n1" key="Parameters"/><getbyid id="nev17578805n3-nev17723174n1" key="32538" name="Parameter" title="Telefon"/><getbyname id="nev17578805n3-nev17723175n1" key="value"/></get></extension></node><node class="Components.ListField" id="nev17578805n3-nev21060330n1" nodeid="List1" x="1305" y="585"><gui height="105" id="nev17578805n3-nev21060331n1" width="490" x="5" y="330"/><property class="String" id="nev17578805n3-nev21060332n1" name="Text" type="Out" value="" visible="1"/><property class="String" id="nev17578805n3-nev21060333n1" name="Tag" type="Out" value="" visible="1"/></node><node class="Components.ScriptLabel" id="nev17578805n3-nev21060334n1" nodeid="Titel" x="1045" y="1307"><gui height="20" id="nev17578805n3-nev21060335n1" width="485" x="5" y="245"/><property class="String" id="nev17578805n3-nev21060336n1" name="Text" type="In" value="" visible="1"/><property class="Parameter" id="nev17578805n3-nev21060337n1" name="Parameter" type="In" value="" visible="1"/></node><node class="Components.ScriptButton" id="nev17578805n3-nev21060338n1" nodeid="ButtonClose" x="1152" y="180"><gui height="30" id="nev17578805n3-nev21060339n1" width="110" x="300" y="545"/><property class="String" id="nev17578805n3-nev21060340n1" name="Text" type="In" value="" visible="1"/><property class="String" id="nev17578805n3-nev21060341n1" name="StartDisabled" type="Internal" value="False" visible="1"/><property class="String" id="nev17578805n3-nev21060342n1" name="StartVisible" type="Internal" value="true" visible="1"/><extension id="nev17578805n3-nev21060343n1"><phrase category="Faulttracing" id="nev17578805n3-nev17578777n1" phrase-urn="urn:x-nevis:phrase:0800c8af8178a3fd">Exit</phrase></extension></node><node class="Components.Comment" id="nev17578805n3-nev21060344n1" nodeid="Comment3" x="103" y="472"><extension id="nev17578805n3-nev21060345n1">Vehicle Configu#@#@#12#eters</extension></node><node class="Components.VehComm" id="nev17578805n3-nev21060346n1" nodeid="Carconfig_F106" x="98" y="506"><property class="String" id="nev17578805n3-nev21060347n1" name="Mode" type="Internal" value="EcuType" visible="1"/><property class="Int" id="nev17578805n3-nev21060348n1" name="EcuType" type="In" value="372302" visible="0"/><property class="Int" id="nev17578805n3-nev21060349n1" name="ServiceId" type="In" value="100" visible="0"/><property class="String" id="nev17578805n3-nev21060350n1" name="EcuName" type="Out" value="" visible="1"/><property class="Response" id="nev17578805n3-nev21060351n1" name="Result" type="Out" value="" visible="1"/><property class="String" id="nev17578805n3-nev21060352n1" name="Identifier" type="In" value="F106" visible="0"/><extension id="nev17578805n3-nev21060353n1"><insertparam id="nev17578805n3-nev17578779n7" name="Identifier"/></extension></node><node class="Components.Comparer" id="nev17578805n3-nev21060354n1" nodeid="PHM?Nej=1" x="650" y="663"><property class="String" id="nev17578805n3-nev21060355n1" name="Mode" type="Internal" value="String" visible="1"/><property class="String" id="nev17578805n3-nev21060356n1" name="Value1" type="In" value="" visible="1"/><property class="String" id="nev17578805n3-nev21060357n1" name="Value2" type="In" value="1" visible="0"/></node><node class="Components.Constant" id="nev17578805n3-nev21060358n1" nodeid="ICM=1" x="644" y="66"><property class="String" id="nev17578805n3-nev21060359n1" name="Text" type="Out" value="ICM" visible="1"/><extension id="nev17578805n3-nev21060360n1"><text id="nev17578805n3-nev17578780n5" type="raw">ICM</text></extension></node><node class="Components.Comment" id="nev17578805n3-nev21060361n1" nodeid="Comment10" x="40" y="243"><extension id="nev17578805n3-nev21060362n1">Lista på vilka #@#@#125#HM=6
</extension></node><node class="Components.Comparer" id="nev17578805n3-nev21060363n1" nodeid="TVM?Nej=1" x="647" y="415"><property class="String" id="nev17578805n3-nev21060364n1" name="Mode" type="Internal" value="String" visible="1"/><property class="String" id="nev17578805n3-nev21060365n1" name="Value1" type="In" value="" visible="1"/><property class="String" id="nev17578805n3-nev21060366n1" name="Value2" type="In" value="1" visible="0"/></node><node class="Components.Comment" id="nev17578805n3-nev21060367n1" nodeid="Comment12" x="543" y="273"><extension id="nev17578805n3-nev21060368n1">Jämför med 0x0A#@#@#10#Y555)</extension></node><node class="Components.Comment" id="nev17578805n3-nev21060369n1" nodeid="Comment13" x="648" y="279"><extension id="nev17578805n3-nev21060370n1">Jämför med 0x19=L0</extension></node><node class="Components.Comparer" id="nev17578805n3-nev21060371n1" nodeid="AUD?L0=ingen AUD" x="536" y="296"><property class="String" id="nev17578805n3-nev21060372n1" name="Mode" type="Internal" value="String" visible="1"/><property class="String" id="nev17578805n3-nev21060373n1" name="Value1" type="In" value="" visible="1"/><property class="String" id="nev17578805n3-nev21060374n1" name="Value2" type="In" value="10" visible="0"/></node><node class="Components.Comparer" id="nev17578805n3-nev21060375n1" nodeid="DABM?" x="647" y="541"><property class="String" id="nev17578805n3-nev21060376n1" name="Mode" type="Internal" value="String" visible="1"/><property class="String" id="nev17578805n3-nev21060377n1" name="Value1" type="In" value="" visible="1"/><property class="String" id="nev17578805n3-nev21060378n1" name="Value2" type="In" value="2" visible="0"/></node><node class="Components.Comparer" id="nev17578805n3-nev21060379n1" nodeid="L0?=ingen AUD" x="648" y="296"><property class="String" id="nev17578805n3-nev21060380n1" name="Mode" type="Internal" value="String" visible="1"/><property class="String" id="nev17578805n3-nev21060381n1" name="Value1" type="In" value="" visible="1"/><property class="String" id="nev17578805n3-nev21060382n1" name="Value2" type="In" value="25" visible="0"/></node><node class="Components.Comment" id="nev17578805n3-nev21060383n1" nodeid="Comment11" x="656" y="526"><extension id="nev17578805n3-nev21060384n1">Har bilen DABM?</extension></node><node class="Components.Comment" id="nev17578805n3-nev21060385n1" nodeid="Comment8" x="330" y="867"><extension id="nev17578805n3-nev21060386n1">OBS!

Använder #@#@#60#2.1.
</extension></node><node class="Components.Constant" id="nev17578805n3-nev21060387n1" nodeid="Ingen PHM" x="880" y="676"><property class="String" id="nev17578805n3-nev21060388n1" name="Text" type="Out" value="Ingen PHM" visible="1"/><extension id="nev17578805n3-nev21060389n1"><text id="nev17578805n3-nev17578784n3" type="raw">Ingen PHM</text></extension></node><node class="Components.Constant" id="nev17578805n3-nev21060390n1" nodeid="Ingen AUD" x="870" y="309"><property class="String" id="nev17578805n3-nev21060391n1" name="Text" type="Out" value="Ingen AUD" visible="1"/><extension id="nev17578805n3-nev21060392n1"><text id="nev17578805n3-nev17578784n7" type="raw">Ingen AUD</text></extension></node><node class="Components.Constant" id="nev17578805n3-nev21060393n1" nodeid="Ingen TVM" x="867" y="430"><property class="String" id="nev17578805n3-nev21060394n1" name="Text" type="Out" value="Ingen TVM" visible="1"/><extension id="nev17578805n3-nev21060395n1"><text id="nev17578805n3-nev17578785n1" type="raw">Ingen TVM</text></extension></node><node class="Components.Comment" id="nev17578805n3-nev21060396n1" nodeid="Comment4" x="37" y="50"><extension id="nev17578805n3-nev21060397n1">Ring Brake Diag#@#@#251#nalys</extension></node><node class="Components.Constant" id="nev17578805n3-nev21060398n1" nodeid="Styrenheter på MOST-slingan" x="898" y="1195"><property class="String" id="nev17578805n3-nev21060399n1" name="Text" type="Out" value="Styrenheter på MOST-slingan" visible="1"/><extension id="nev17578805n3-nev21060400n1"><text id="nev17578805n3-nev17578787n3" type="nevis"><phrase category="Title" id="nev17578805n3-nev17578787n4" phrase-urn="urn:x-nevis:phrase:0800c8af843b63d6">Control modules#@#@#8#-loop</phrase></text></extension></node><node class="Components.Comment" id="nev17578805n3-nev21060401n1" nodeid="Comment2" x="467" y="970"><extension id="nev17578805n3-nev21060402n1">Läser DID 8334</extension></node><node class="Components.IdentifierComponent" id="nev17578805n3-nev21060403n1" nodeid="DID 8334" x="453" y="990"><property class="Parameter" id="nev17578805n3-nev21060404n1" name="Antal noder efter ring break" type="Out" value="" visible="1"/><extension id="nev17578805n3-nev21060405n1"><identifier ecu="393901" ecuMode="EcuType" id="nev17578805n3-nev21060406n1" read="100" type="REID" value="8334"><parameter id="nev17578805n3-nev21060407n1" name="Antal noder efter ring break" textid="1001008"/></identifier></extension></node><node class="Components.Constant" id="nev17578805n3-nev21060408n1" nodeid="Tryck på start" x="902" y="1382"><property class="String" id="nev17578805n3-nev21060409n1" name="Text" type="Out" value="Gå igenom punkterna ovan innan start av skript." visible="1"/><extension id="nev17578805n3-nev21060410n1"><text id="nev17578805n3-nev19012456n1" type="nevis"><phrase category="Faulttracing" id="nev17578805n3-nev18957147n1" phrase-urn="urn:x-nevis:phrase:0800c8af85c781f2">Go through the #@#@#35#ript.</phrase></text></extension></node><node class="Components.Constant" id="nev17578805n3-nev21060411n1" nodeid="Vänta" x="902" y="1291"><property class="String" id="nev17578805n3-nev21060412n1" name="Text" type="Out" value="Vänta i 30 sekunder, därefter ställs diagnosen." visible="1"/><extension id="nev17578805n3-nev21060413n1"><text id="nev17578805n3-nev19012460n1" type="nevis"><phrase category="Faulttracing" id="nev17578805n3-nev18957146n1" phrase-urn="urn:x-nevis:phrase:0800c8af85c7313f">Wait 30 seconds#@#@#24#made.</phrase></text></extension></node><node class="Components.Constant" id="nev17578805n3-nev21060414n1" nodeid="AUD=3" x="757" y="309"><property class="String" id="nev17578805n3-nev21060415n1" name="Text" type="Out" value="AUD" visible="1"/><extension id="nev17578805n3-nev21060416n1"><text id="nev17578805n3-nev17578789n9" type="raw">AUD</text></extension></node><node class="Components.Constant" id="nev17578805n3-nev21060417n1" nodeid="TVM=4" x="756" y="430"><property class="String" id="nev17578805n3-nev21060418n1" name="Text" type="Out" value="TVM" visible="1"/><extension id="nev17578805n3-nev21060419n1"><text id="nev17578805n3-nev17578790n3" type="raw">TVM</text></extension></node><node class="Components.Constant" id="nev17578805n3-nev21060420n1" nodeid="DABM=5" x="759" y="552"><property class="String" id="nev17578805n3-nev21060421n1" name="Text" type="Out" value="DABM" visible="1"/><extension id="nev17578805n3-nev21060422n1"><text id="nev17578805n3-nev17578791n1" type="raw">DABM</text></extension></node><node class="Components.Constant" id="nev17578805n3-nev21060423n1" nodeid="PHM=6" x="762" y="677"><property class="String" id="nev17578805n3-nev21060424n1" name="Text" type="Out" value="PHM" visible="1"/><extension id="nev17578805n3-nev21060425n1"><text id="nev17578805n3-nev17578783n7" type="raw">PHM</text></extension></node><node class="Components.Constant" id="nev17578805n3-nev21060426n1" nodeid="IAM=2" x="645" y="179"><property class="String" id="nev17578805n3-nev21060427n1" name="Text" type="Out" value="IAM" visible="1"/><extension id="nev17578805n3-nev21060428n1"><text id="nev17578805n3-nev17578785n9" type="raw">IAM</text></extension></node><node class="Components.Constant" id="nev17578805n3-nev21060429n1" nodeid="Ingen DABM" x="871" y="554"><property class="String" id="nev17578805n3-nev21060430n1" name="Text" type="Out" value="Ingen RDAR eller DABM" visible="1"/><extension id="nev17578805n3-nev21060431n1"><text id="nev17578805n3-nev17578785n5" type="raw">Ingen RDAR elle#@#@#1# DABM</text></extension></node><node class="Components.RunScript" id="nev17578805n3-nev21060432n1" nodeid="VCC-351787" x="1544" y="273"><property class="String" id="nev17578805n3-nev21060433n1" name="Result" type="Out" value="" visible="1"/><extension id="nev17578805n3-nev21060434n1"><xml id="nev17578805n3-nev17578777n5"><ref id="nev17578805n3-nev17578777n6"><locator xlink:href="#nev17578805n3-nev17578777n6" xlink:type="locator"/><locator xlink:href="urn:x-nevis:xref:0800c8af8430b8e2:00000000:00000000#nev13459544n1" xlink:type="locator"/><arc nevis:href="urn:x-nevis:xref:0800c8af8430b8e2:00000000:00000000#nev13459544n1" xlink:title="VCC-351787, Error message, OnNoRespons" xlink:type="arc"/></ref></xml></extension></node><node class="Components.RunScript" id="nev17578805n3-nev21060438n1" nodeid="VCC-352667" x="1472" y="361"><property class="String" id="nev17578805n3-nev21060439n1" name="Result" type="Out" value="" visible="1"/><extension id="nev17578805n3-nev21060440n1"><xml id="nev17578805n3-nev17578777n10"><ref id="nev17578805n3-nev17578778n1"><locator xlink:href="#nev17578805n3-nev17578778n1" xlink:type="locator"/><locator xlink:href="urn:x-nevis:xref:0800c8af8431f3b4:00000000:00000000#nev13469607n1" xlink:type="locator"/><arc nevis:href="urn:x-nevis:xref:0800c8af8431f3b4:00000000:00000000#nev13469607n1" xlink:title="VCC-352667, Error message, OnNoContact" xlink:type="arc"/></ref></xml></extension></node><node class="Components.RunScript" id="nev17578805n3-nev21060444n1" nodeid="VCC-351907" x="1545" y="448"><property class="String" id="nev17578805n3-nev21060445n1" name="Result" type="Out" value="" visible="1"/><extension id="nev17578805n3-nev21060446n1"><xml id="nev17578805n3-nev17578778n5"><ref id="nev17578805n3-nev17578778n6"><locator xlink:href="#nev17578805n3-nev17578778n6" xlink:type="locator"/><locator xlink:href="urn:x-nevis:xref:0800c8af8430c3a5:00000000:00000000#nev13461630n1" xlink:type="locator"/><arc nevis:href="urn:x-nevis:xref:0800c8af8430c3a5:00000000:00000000#nev13461630n1" xlink:title="VCC-351907, Error message, OnNegativeRespons" xlink:type="arc"/></ref></xml></extension></node><node class="Components.Comment" id="nev17578805n3-nev21060450n1" nodeid="Comment1" x="658" y="649"><extension id="nev17578805n3-nev21060451n1">Har bilen PHM?</extension></node><node class="Components.Comment" id="nev17578805n3-nev21060452n1" nodeid="Comment5" x="659" y="403"><extension id="nev17578805n3-nev21060453n1">Har bilen TVM?</extension></node><node class="Components.Comment" id="nev17578805n3-nev21060454n1" nodeid="Comment6" x="653" y="167"><extension id="nev17578805n3-nev21060455n1">Har bilen IAM</extension></node><node class="Components.Delay" id="nev17578805n3-nev21060456n1" nodeid="Delay_30" x="322" y="1055"><property class="Int" id="nev17578805n3-nev21060457n1" name="Value" type="In" value="30000" visible="0"/></node><node class="Components.Clock" id="nev17578805n3-nev21060458n1" nodeid="Clock_30" x="325" y="953"><gui height="40" id="nev17578805n3-nev21060459n1" width="152" x="170" y="275"/></node><node class="Components.InfoDisplay" id="nev17578805n3-nev21060460n1" nodeid="InfoDisplay1" x="1035" y="1502"><gui height="235" id="nev17578805n3-nev21060461n1" width="490" x="0" y="5"/><property class="String" id="nev17578805n3-nev21060462n1" name="Content" type="In" value="" visible="1"/><extension id="nev17578805n3-nev21060463n1"/></node><node class="Components.InfoDisplayContent" id="nev17578805n3-nev21060464n1" nodeid="InfoDisplayContent1" x="902" y="1486"><property class="String" id="nev17578805n3-nev21060465n1" name="Content" type="Out" value="" visible="1"/><extension id="nev17578805n3-nev21060466n1"><phrase category="Faulttracing" id="nev17578805n3-nev18957148n1" phrase-urn="urn:x-nevis:phrase:0800c8af85c781f2">Go through the #@#@#35#ript.</phrase><para id="nev17578805n3-nev19012514n1"><table id="nev17578805n3-nev19012515n1"><tr id="nev17578805n3-nev19012516n1"><td id="nev17578805n3-nev19012517n1"><phrase category="Entities" id="nev17578805n3-nev18957433n1" phrase-urn="urn:x-nevis:phrase:0800c8af843d0b94">1.</phrase><phrase category="Condition" id="nev17578805n3-nev18957434n1" phrase-urn="urn:x-nevis:phrase:0800c8af82c47c8e">Ignition switch#@#@#8#n II.</phrase></td></tr><tr id="nev17578805n3-nev19012518n1"><td id="nev17578805n3-nev19012519n1"><phrase category="Entities" id="nev17578805n3-nev18957435n1" phrase-urn="urn:x-nevis:phrase:0800c8af843d0bfb">2.</phrase><phrase category="Faulttracing" id="nev17578805n3-nev19018673n1" phrase-urn="urn:x-nevis:phrase:0800c8af85cb702e">Install fuse F2#@#@#72#/36).</phrase></td></tr><tr id="nev17578805n3-nev19012520n1"><td id="nev17578805n3-nev19012521n1"><phrase category="Preparatory" id="nev17578805n3-nev18957437n1" phrase-urn="urn:x-nevis:phrase:0800c8af83926ba9">3.</phrase><phrase category="Faulttracing" id="nev17578805n3-nev18957438n1" phrase-urn="urn:x-nevis:phrase:0800c8af81eb944f">Wait 30 seconds.</phrase></td></tr><tr id="nev17578805n3-nev19012522n1"><td id="nev17578805n3-nev19012523n1"><phrase category="Preparatory" id="nev17578805n3-nev18957439n1" phrase-urn="urn:x-nevis:phrase:0800c8af83926ba7">4.</phrase><phrase category="Faulttracing" id="nev17578805n3-nev19018674n1" phrase-urn="urn:x-nevis:phrase:0800c8af85cb7040">Reinstall fuse #@#@#74#/36).</phrase></td></tr><tr id="nev17578805n3-nev19012524n1"><td id="nev17578805n3-nev19012525n1"><phrase category="Entities" id="nev17578805n3-nev18957441n1" phrase-urn="urn:x-nevis:phrase:0800c8af8470abd5">5.</phrase><phrase category="Faulttracing" id="nev17578805n3-nev18957442n1" phrase-urn="urn:x-nevis:phrase:0800c8af85c740e4">Wait until the #@#@#9#arts.</phrase></td></tr><tr id="nev17578805n3-nev19012526n1"><td id="nev17578805n3-nev19012527n1"><phrase category="Entities" id="nev17578805n3-nev18957443n1" phrase-urn="urn:x-nevis:phrase:0800c8af8470abd6">6.</phrase><phrase category="Preparatory" id="nev17578805n3-nev18957444n1" phrase-urn="urn:x-nevis:phrase:0800c8af84c62b12">Press start</phrase></td></tr></table></para><para id="nev17578805n3-nev19012528n1"><b id="nev17578805n3-nev19012529n1"><phrase category="Faulttracing" id="nev17578805n3-nev18957429n1" phrase-urn="urn:x-nevis:phrase:0800c8af81c96026">Note!</phrase><phrase category="Faulttracing" id="nev17578805n3-nev18957430n1" phrase-urn="urn:x-nevis:phrase:0800c8af84c10d42">Check that the #@#@#92#evel.</phrase></b></para></extension></node></nodes><handlers id="nev17578805n3-nev21060467n1"><eventhandler id="nev17578805n3-nev21060468n1" name="OnNoResponse" node="Script1"><call id="nev17578805n3-nev21060469n1" method="Run" node="VCC-351787"/><call id="nev17578805n3-nev21060470n1" method="CloseDialog" node="Script1"/></eventhandler><eventhandler id="nev17578805n3-nev21060471n1" name="OnNegativeResponse" node="Script1"><call id="nev17578805n3-nev21060472n1" method="Run" node="VCC-351907"/><call id="nev17578805n3-nev21060473n1" method="CloseDialog" node="Script1"/></eventhandler><eventhandler id="nev17578805n3-nev21060474n1" name="Click" node="Startknapp"><call id="nev17578805n3-nev21060475n1" method="Trigger" node="Vänta"/><call id="nev17578805n3-nev21060476n1" method="Clear" node="List1"/><call id="nev17578805n3-nev21060477n1" method="Disable" node="Startknapp"/><call id="nev17578805n3-nev21060478n1" method="Disable" node="ButtonClose"/><call id="nev17578805n3-nev21060479n1" method="UpdateTitles" node="DID 8334"/><call id="nev17578805n3-nev21060480n1" method="Start" node="Clock_30"/><call id="nev17578805n3-nev21060481n1" method="Execute" node="Delay_30"/></eventhandler><eventhandler id="nev17578805n3-nev21060482n1" name="OnStart" node="Start"><call id="nev17578805n3-nev21060483n1" method="Clear" node="List1"/><call id="nev17578805n3-nev21060484n1" method="Trigger" node="Tryck på start"/><call id="nev17578805n3-nev21060485n1" method="Trigger" node="InfoDisplayContent1"/></eventhandler><eventhandler id="nev17578805n3-nev21060486n1" name="Click" node="ButtonClose"><call id="nev17578805n3-nev21060487n1" method="CloseDialog" node="Script1"/></eventhandler><eventhandler id="nev17578805n3-nev21060488n1" name="OnNoContact" node="Script1"><call id="nev17578805n3-nev21060489n1" method="Run" node="VCC-352667"/><call id="nev17578805n3-nev21060490n1" method="CloseDialog" node="Script1"/></eventhandler><eventhandler id="nev17578805n3-nev21060491n1" name="OnPositiveResponse" node="Carconfig_F106"><call id="nev17578805n3-nev21060492n1" method="Execute" node="ResponseGet1"/></eventhandler><eventhandler id="nev17578805n3-nev21060493n1" name="OnFalse" node="PHM?Nej=1"><call id="nev17578805n3-nev21060494n1" method="Trigger" node="PHM=6"/></eventhandler><eventhandler id="nev17578805n3-nev21060495n1" name="OnTrigger" node="ICM=1"><call id="nev17578805n3-nev21060496n1" method="AddItem" node="List1"><parameter id="nev17578805n3-nev21060497n1" node="ICM=1" property="Text"/><parameter id="nev17578805n3-nev21060498n1" node="ICM=1" property="Text"/></call></eventhandler><eventhandler id="nev17578805n3-nev21060499n1" name="OnFalse" node="TVM?Nej=1"><call id="nev17578805n3-nev21060500n1" method="Trigger" node="TVM=4"/></eventhandler><eventhandler id="nev17578805n3-nev21060501n1" name="OnFalse" node="AUD?L0=ingen AUD"><call id="nev17578805n3-nev21060502n1" method="Compare" node="L0?=ingen AUD"/></eventhandler><eventhandler id="nev17578805n3-nev21060503n1" name="OnTrue" node="DABM?"><call id="nev17578805n3-nev21060504n1" method="Trigger" node="DABM=5"/></eventhandler><eventhandler id="nev17578805n3-nev21060505n1" name="OnFalse" node="L0?=ingen AUD"><call id="nev17578805n3-nev21060506n1" method="Trigger" node="AUD=3"/></eventhandler><eventhandler id="nev17578805n3-nev21060507n1" name="OnGet" node="ResponseGet1"><call id="nev17578805n3-nev21060508n1" method="Trigger" node="ICM=1"/><call id="nev17578805n3-nev21060509n1" method="Trigger" node="IAM=2"/><call id="nev17578805n3-nev21060510n1" method="Compare" node="AUD?L0=ingen AUD"/><call id="nev17578805n3-nev21060511n1" method="Compare" node="TVM?Nej=1"/><call id="nev17578805n3-nev21060512n1" method="Compare" node="DABM?"/><call id="nev17578805n3-nev21060513n1" method="Compare" node="PHM?Nej=1"/></eventhandler><eventhandler id="nev17578805n3-nev21060514n1" name="OnTrue" node="PHM?Nej=1"><call id="nev17578805n3-nev21060515n1" method="Trigger" node="Ingen PHM"/></eventhandler><eventhandler id="nev17578805n3-nev21060516n1" name="OnTrigger" node="Ingen PHM"><call id="nev17578805n3-nev21060517n1" method="LogMessage" node="Script1"><parameter id="nev17578805n3-nev21060518n1" node="Ingen PHM" property="Text"/></call></eventhandler><eventhandler id="nev17578805n3-nev21060519n1" name="OnTrue" node="AUD?L0=ingen AUD"><call id="nev17578805n3-nev21060520n1" method="Trigger" node="Ingen AUD"/></eventhandler><eventhandler id="nev17578805n3-nev21060521n1" name="OnTrue" node="L0?=ingen AUD"><call id="nev17578805n3-nev21060522n1" method="Trigger" node="Ingen AUD"/></eventhandler><eventhandler id="nev17578805n3-nev21060523n1" name="OnTrigger" node="Ingen AUD"><call id="nev17578805n3-nev21060524n1" method="LogMessage" node="Script1"><parameter id="nev17578805n3-nev21060525n1" node="Ingen AUD" property="Text"/></call></eventhandler><eventhandler id="nev17578805n3-nev21060526n1" name="OnTrue" node="TVM?Nej=1"><call id="nev17578805n3-nev21060527n1" method="Trigger" node="Ingen TVM"/></eventhandler><eventhandler id="nev17578805n3-nev21060528n1" name="OnFalse" node="DABM?"><call id="nev17578805n3-nev21060529n1" method="Trigger" node="Ingen DABM"/></eventhandler><eventhandler id="nev17578805n3-nev21060530n1" name="OnTrigger" node="Ingen TVM"><call id="nev17578805n3-nev21060531n1" method="LogMessage" node="Script1"><parameter id="nev17578805n3-nev21060532n1" node="Ingen TVM" property="Text"/></call></eventhandler><eventhandler id="nev17578805n3-nev21060533n1" name="OnPositiveResponse" node="DID 8334"><call id="nev17578805n3-nev21060534n1" method="Enable" node="Startknapp"/><call id="nev17578805n3-nev21060535n1" method="Trigger" node="Styrenheter på MOST-slingan"/></eventhandler><eventhandler id="nev17578805n3-nev21060536n1" name="OnTrigger" node="AUD=3"><call id="nev17578805n3-nev21060537n1" method="AddItem" node="List1"><parameter id="nev17578805n3-nev21060538n1" node="AUD=3" property="Text"/><parameter id="nev17578805n3-nev21060539n1" node="AUD=3" property="Text"/></call></eventhandler><eventhandler id="nev17578805n3-nev21060540n1" name="OnTrigger" node="TVM=4"><call id="nev17578805n3-nev21060541n1" method="AddItem" node="List1"><parameter id="nev17578805n3-nev21060542n1" node="TVM=4" property="Text"/><parameter id="nev17578805n3-nev21060543n1" node="TVM=4" property="Text"/></call></eventhandler><eventhandler id="nev17578805n3-nev21060544n1" name="OnTrigger" node="DABM=5"><call id="nev17578805n3-nev21060545n1" method="AddItem" node="List1"><parameter id="nev17578805n3-nev21060546n1" node="DABM=5" property="Text"/><parameter id="nev17578805n3-nev21060547n1" node="DABM=5" property="Text"/></call></eventhandler><eventhandler id="nev17578805n3-nev21060548n1" name="OnTrigger" node="PHM=6"><call id="nev17578805n3-nev21060549n1" method="AddItem" node="List1"><parameter id="nev17578805n3-nev21060550n1" node="PHM=6" property="Text"/><parameter id="nev17578805n3-nev21060551n1" node="PHM=6" property="Text"/></call></eventhandler><eventhandler id="nev17578805n3-nev21060552n1" name="OnTrigger" node="IAM=2"><call id="nev17578805n3-nev21060553n1" method="AddItem" node="List1"><parameter id="nev17578805n3-nev21060554n1" node="IAM=2" property="Text"/><parameter id="nev17578805n3-nev21060555n1" node="IAM=2" property="Text"/></call></eventhandler><eventhandler id="nev17578805n3-nev21060556n1" name="OnTrigger" node="Ingen DABM"><call id="nev17578805n3-nev21060557n1" method="LogMessage" node="Script1"><parameter id="nev17578805n3-nev21060558n1" node="Ingen DABM" property="Text"/></call></eventhandler><eventhandler id="nev17578805n3-nev21060559n1" name="OnContinue" node="Delay_30"><call id="nev17578805n3-nev21060560n1" method="Stop" node="Clock_30"/><call id="nev17578805n3-nev21060561n1" method="Reset" node="Clock_30"/><call id="nev17578805n3-nev21060562n1" method="Read" node="DID 8334"/><call id="nev17578805n3-nev21060563n1" method="Execute" node="Carconfig_F106"/></eventhandler><propertyhandler id="nev17578805n3-nev21060564n1" name="AUD" node="ResponseGet1"><set id="nev17578805n3-nev21060565n1" node="AUD?L0=ingen AUD" property="Value1"/><set id="nev17578805n3-nev21060566n1" node="L0?=ingen AUD" property="Value1"/></propertyhandler><propertyhandler id="nev17578805n3-nev21060567n1" name="Result" node="Carconfig_F106"><set id="nev17578805n3-nev21060568n1" node="ResponseGet1" property="InValue"/></propertyhandler><propertyhandler id="nev17578805n3-nev21060569n1" name="TVM" node="ResponseGet1"><set id="nev17578805n3-nev21060570n1" node="TVM?Nej=1" property="Value1"/></propertyhandler><propertyhandler id="nev17578805n3-nev21060571n1" name="Text" node="Styrenheter på MOST-slingan"><set id="nev17578805n3-nev21060572n1" node="Titel" property="Text"/></propertyhandler><propertyhandler id="nev17578805n3-nev21060573n1" name="Antal noder efter ring break" node="DID 8334"><set id="nev17578805n3-nev21060574n1" node="ParameterLabel1" property="Parameter"/></propertyhandler><propertyhandler id="nev17578805n3-nev21060575n1" name="Text" node="Vänta"><set id="nev17578805n3-nev21060576n1" node="Titel" property="Text"/></propertyhandler><propertyhandler id="nev17578805n3-nev21060577n1" name="Text" node="Tryck på start"><set id="nev17578805n3-nev21060578n1" node="Titel" property="Text"/></propertyhandler><propertyhandler id="nev17578805n3-nev21060579n1" name="DABM" node="ResponseGet1"><set id="nev17578805n3-nev21060580n1" node="DABM?" property="Value1"/></propertyhandler><propertyhandler id="nev17578805n3-nev21060581n1" name="PHM" node="ResponseGet1"><set id="nev17578805n3-nev21060582n1" node="PHM?Nej=1" property="Value1"/></propertyhandler><propertyhandler id="nev17578805n3-nev21060583n1" name="Content" node="InfoDisplayContent1"><set id="nev17578805n3-nev21060584n1" node="InfoDisplay1" property="Content"/></propertyhandler></handlers></content></script>