<?xml version="1.0" encoding="UTF-8"?><servinfosub IE-ID="en-US0900c8af8441a710" docno="VCC-320312" id="nev12640341n1" xml:lang="en-US">
<title>
<phrase category="" id="nev12640341n2" phrase-urn="urn:x-nevis:phrase:0800c8af82722d39">Flow fault</phrase>
</title>
<diagnostic j2008use="1" layout="0" paperuse="1" screenuse="1" type="test">
<testgrp IE-ID="en-US0900c8af8441a710_nev12640341n3" id="nev12640341n3" j2008use="1" paperuse="1" resumable="1" screenuse="1" testgrp-id="node1" x="120" y="60">
<title>
<phrase category="" id="nev12640341n4" phrase-urn="urn:x-nevis:phrase:0800c8af82722d3b">Checking cables#@#@#10#nents</phrase>
</title>
<node>
<test1>
<diaglist>
<dgraphic>
<dgraphic1>
<graphic id="nev12640341n5">
<href>0900c8af80054d4#@#@#9#.jpeg</href>
</graphic>
</dgraphic1>
</dgraphic>
<ditem>
<ptxt>
<phrase category="" id="nev12640341n6" phrase-urn="urn:x-nevis:phrase:0800c8af82722d3c">Ignition off.</phrase>
</ptxt>
</ditem>
</diaglist>
<test2>
<para>
<ptxt>
<phrase category="" id="nev12640341n7" phrase-urn="urn:x-nevis:phrase:0800c8af82722d3d">Check the exhau#@#@#48#flow.</phrase>
</ptxt>
</para>
<para id="nev12660850n90">
<ptxt id="nev12660850n89">
<phrase category="" id="nev12660852n1" phrase-urn="urn:x-nevis:phrase:0800c8af82722d3e">Check the funct#@#@#47#mbol.</phrase>
</ptxt>
</para>
<hint>
<ptxt>
<phrase category="" id="nev12640341n9" phrase-urn="urn:x-nevis:phrase:0800c8af82722d3f">The diagnostic #@#@#108#d 10.</phrase>
</ptxt>
</hint>
<para>
<ptxt>
<phrase category="" id="nev12640341n10" phrase-urn="urn:x-nevis:phrase:0800c8af82722d40">Remedy as necessary.</phrase>
</ptxt>
</para>
<list1 enumtype="d" type="unordered">
<title>
<phrase category="" id="nev12640342n1" phrase-urn="urn:x-nevis:phrase:0800c8af82722d41">Other information</phrase>
</title>
<item>
<ptxt>
<xref id="nev12772490n100">
<ref id="l1169725339396"/>
</xref>
</ptxt>
</item>
<item>
<ptxt>
<xref id="nev13468789n100">
<ref id="l1169725399265"/>
</xref>
</ptxt>
</item>
<item>
<ptxt>
<xref id="nev13593376n100">
<ref id="l1169725424569"/>
</xref>
</ptxt>
</item>
<item>
<ptxt>
<xref id="nev12660850n94">
<ref id="l1169725476566"/>
</xref>
</ptxt>
</item>
<item>
<ptxt>
<xref id="nev12660850n92">
<ref id="l1169725546322"/>
</xref>
</ptxt>
</item>
</list1>
<diaglist>
<dgraphic>
<dgraphic1>
<graphic id="nev12640343n2">
<href>0900c8af81a7246#@#@#9#.jpeg</href>
</graphic>
</dgraphic1>
<dgraphic2>
<graphic id="nev12640343n3">
<href>0900c8af86c8681#@#@#9#.jpeg</href>
</graphic>
<smarttool active="press" id="nev12640343n4" toolname="yecm5015"/>
</dgraphic2>
</dgraphic>
</diaglist>
<grate>
<graphic id="nev12640343n6">
<href>0900c8af81d9a16#@#@#9#.jpeg</href>
</graphic>
</grate>
</test2>
</test1>
<question>
Select Continue.
</question>
<resact-grp id="nev12640343n8">
<result button="cont" comp="button" highlight="0" id="nev12640343n9"/>
<action id="nev12640343n10" j2008use="1" paperuse="0" screenuse="1">
<ptxt id="nev12640344n1">
<xref id="nev12640344n2">
<ref id="nev12640344n3"/>
</xref>
</ptxt>
</action>
</resact-grp>
</node>
</testgrp>
<testgrp id="nev12640344n4" j2008use="1" paperuse="1" resumable="1" screenuse="1" testgrp-id="veria" x="120" y="160">
<title>
<phrase category="" id="nev12640344n5" phrase-urn="urn:x-nevis:phrase:0800c8af82722d49">Verification</phrase>
</title>
<subcalloutnode>
<diagcallout>
<xref id="nev12640344n6">
<ref id="nev12640344n7"/>
</xref>
</diagcallout>
<rescall-grp>
<result comp="string" highlight="0" op="eq" return="VERIFIED"/>
<calloutaction>
<return value="FAULT FOUND"/>
</calloutaction>
</rescall-grp>
<rescall-grp>
<result comp="string" highlight="0" op="eq" return="VERIFICATION FAILED"/>
<calloutaction>
<ptxt>
<xref>
<ref id="nev12640344n8"/>
</xref>
</ptxt>
</calloutaction>
</rescall-grp>
</subcalloutnode>
</testgrp>
<testgrp id="nev12640344n9" j2008use="1" paperuse="0" resumable="1" screenuse="1" testgrp-id="info1" x="120" y="340">
<title>
<phrase category="" id="nev12640344n10" phrase-urn="urn:x-nevis:phrase:0800c8af82722d4a">Fault-tracing i#@#@#5#ation</phrase>
</title>
<subcalloutnode>
<diagcallout>
<xref>
<ref id="nev12640345n1"/>
</xref>
</diagcallout>
<rescall-grp>
<result comp="string" highlight="0" op="eq" return="FAULTTRACING FAILED"/>
<calloutaction>
<return value="FAULTTRACING FAILED"/>
</calloutaction>
</rescall-grp>
<rescall-grp>
<result comp="string" highlight="0" op="eq" return="NEW TRY"/>
<calloutaction>
<ptxt>
<xref>
<ref id="nev12640345n2"/>
</xref>
</ptxt>
</calloutaction>
</rescall-grp>
</subcalloutnode>
</testgrp>
</diagnostic>
</servinfosub>