<?xml version="1.0" encoding="UTF-8"?><script xmlns:nevis="http://www.volvocars.com/namespaces/processing" xmlns:xlink="http://www.w3.org/1999/xlink" IE-ID="en-US0900c8af85625710" docno="VCC-282405" id="nev11309897n1" nevis:expl-profile="mdl124yr2008, mdl135yr2008, mdl136yr2008, mdl124yr2009, mdl135yr2009, mdl136yr2009, mdl156yr2009, mdl144yr2009, mdl136yr2010, mdl135yr2010, mdl156yr2010, mdl124yr2010, mdl144yr2010, mdl134yr2011, mdl155yr2011, mdl124yr2011, mdl135yr2011, mdl144yr2011, mdl136yr2011, mdl156yr2011, mdl124yr2012, mdl134yr2012, mdl135yr2012, mdl136yr2012, mdl144yr2012, mdl155yr2012, mdl156yr2012, mdl124yr2013, mdl135yr2013, mdl136yr2013, mdl134yr2013, mdl155yr2013, mdl156yr2013, mdl144yr2008" nevis:profile="urn:x-nevis:profile:0b00c8af838b9dc6 urn:x-nevis:profile:0b00c8af839e8e09 urn:x-nevis:profile:0b00c8af839e8e0b urn:x-nevis:profile:0b00c8af83f1dcfd urn:x-nevis:profile:0b00c8af83f23801 urn:x-nevis:profile:0b00c8af83f24029 urn:x-nevis:profile:0b00c8af83f34b0e urn:x-nevis:profile:0b00c8af83f4b28f urn:x-nevis:profile:0b00c8af84103a21 urn:x-nevis:profile:0b00c8af84103b76 urn:x-nevis:profile:0b00c8af841040db urn:x-nevis:profile:0b00c8af84116a24 urn:x-nevis:profile:0b00c8af8414d8c5 urn:x-nevis:profile:0b00c8af846772f5 urn:x-nevis:profile:0b00c8af84677309 urn:x-nevis:profile:0b00c8af8494c645 urn:x-nevis:profile:0b00c8af84adce35 urn:x-nevis:profile:0b00c8af84adce3d urn:x-nevis:profile:0b00c8af84add34d urn:x-nevis:profile:0b00c8af84ae12aa urn:x-nevis:profile:0b00c8af84eb8104 urn:x-nevis:profile:0b00c8af84eb8105 urn:x-nevis:profile:0b00c8af84eb8108 urn:x-nevis:profile:0b00c8af84eb8109 urn:x-nevis:profile:0b00c8af84eb810a urn:x-nevis:profile:0b00c8af84eb810c urn:x-nevis:profile:0b00c8af84eb810d urn:x-nevis:profile:0b00c8af8520c3a1 urn:x-nevis:profile:0b00c8af8520c3a3 urn:x-nevis:profile:0b00c8af8520c3a4 urn:x-nevis:profile:0b00c8af8520c3a5 urn:x-nevis:profile:0b00c8af8520c3a6 urn:x-nevis:profile:0b00c8af8520c3a7 urn:x-nevis:profile:0b00c8af854bcc10" nevis:projectdocument="urn:x-nevis:projectdocument:0800c8af833c8a0e" nevis:resource="0900c8af8439efb1" nevis:resource2="urn:x-nevis:fragment:0900c8af85625710:0900c8af8439efb1#nev11309897n1" nevis:session-id="" qualifierinfotype="14:00" type="" xml:lang="en-US"><title>Read/Prog dista#@#@#34#M Y2 </title><content gui="1" height="520" id="nev11309898n1-nev11309897n3" nevis:expl-profile="mdl124yr2008, mdl135yr2008, mdl136yr2008, mdl124yr2009, mdl135yr2009, mdl136yr2009, mdl156yr2009, mdl144yr2009, mdl136yr2010, mdl135yr2010, mdl156yr2010, mdl124yr2010, mdl144yr2010, mdl134yr2011, mdl155yr2011, mdl124yr2011, mdl135yr2011, mdl144yr2011, mdl136yr2011, mdl156yr2011, mdl124yr2012, mdl134yr2012, mdl135yr2012, mdl136yr2012, mdl144yr2012, mdl155yr2012, mdl156yr2012, mdl124yr2013, mdl135yr2013, mdl136yr2013, mdl134yr2013, mdl155yr2013, mdl156yr2013, mdl144yr2008" nevis:idfrom="nev11309898n1" nevis:prefix="nev11309898n1" nevis:profile="urn:x-nevis:profile:0b00c8af838b9dc6 urn:x-nevis:profile:0b00c8af839e8e09 urn:x-nevis:profile:0b00c8af839e8e0b urn:x-nevis:profile:0b00c8af83f1dcfd urn:x-nevis:profile:0b00c8af83f23801 urn:x-nevis:profile:0b00c8af83f24029 urn:x-nevis:profile:0b00c8af83f34b0e urn:x-nevis:profile:0b00c8af83f4b28f urn:x-nevis:profile:0b00c8af84103a21 urn:x-nevis:profile:0b00c8af84103b76 urn:x-nevis:profile:0b00c8af841040db urn:x-nevis:profile:0b00c8af84116a24 urn:x-nevis:profile:0b00c8af8414d8c5 urn:x-nevis:profile:0b00c8af846772f5 urn:x-nevis:profile:0b00c8af84677309 urn:x-nevis:profile:0b00c8af8494c645 urn:x-nevis:profile:0b00c8af84adce35 urn:x-nevis:profile:0b00c8af84adce3d urn:x-nevis:profile:0b00c8af84add34d urn:x-nevis:profile:0b00c8af84ae12aa urn:x-nevis:profile:0b00c8af84eb8104 urn:x-nevis:profile:0b00c8af84eb8105 urn:x-nevis:profile:0b00c8af84eb8108 urn:x-nevis:profile:0b00c8af84eb8109 urn:x-nevis:profile:0b00c8af84eb810a urn:x-nevis:profile:0b00c8af84eb810c urn:x-nevis:profile:0b00c8af84eb810d urn:x-nevis:profile:0b00c8af8520c3a1 urn:x-nevis:profile:0b00c8af8520c3a3 urn:x-nevis:profile:0b00c8af8520c3a4 urn:x-nevis:profile:0b00c8af8520c3a5 urn:x-nevis:profile:0b00c8af8520c3a6 urn:x-nevis:profile:0b00c8af8520c3a7 urn:x-nevis:profile:0b00c8af854bcc10" nevis:resource="0900c8af8439ef9c" nevis:resource2="urn:x-nevis:fragment:0900c8af85625710:0900c8af8439ef9c#nev11309897n3" width="395" xml:lang="en-US"><nodes id="nev11309898n1-nev13513812n1"><node class="Components.StartNode" id="nev11309898n1-nev13513813n1" nodeid="Start" x="10" y="10"/><node class="Components.IdentifierComponent" id="nev11309898n1-nev13513814n1" nodeid="IdentifierComponent1" x="314" y="90"><property class="Parameter" id="nev11309898n1-nev13513815n1" name="Distance condition for service miles =" type="Out" value="" visible="1"/><extension id="nev11309898n1-nev13513816n1"><identifier ecu="381101" ecuMode="EcuType" id="nev11309898n1-nev13513817n1" read="100" type="REID" value="D909"><parameter id="nev11309898n1-nev13513818n1" name="Distance condition for service miles =" textid="15021"/></identifier></extension></node><node class="Components.Gui.ParameterLabel" id="nev11309898n1-nev13513819n1" nodeid="ParameterLabel1" x="543" y="121"><gui height="72" id="nev11309898n1-nev13513820n1" width="361" x="15" y="225"/><property class="Parameter" id="nev11309898n1-nev13513821n1" name="Parameter" type="In" value="" visible="1"/><property class="String" id="nev11309898n1-nev13513822n1" name="Title" type="In" value="" visible="1"/><property class="String" id="nev11309898n1-nev13513823n1" name="Value" type="In" value="" visible="1"/><property class="String" id="nev11309898n1-nev13513824n1" name="Unit" type="In" value="" visible="1"/><property class="String" id="nev11309898n1-nev13513825n1" name="StartVisible" type="Internal" value="true" visible="0"/></node><node class="Components.Gui.ActivationList" id="nev11309898n1-nev13513826n1" nodeid="ActivationList1" x="312" y="252"><gui height="134" id="nev11309898n1-nev13513827n1" width="362" x="15" y="320"/><extension id="nev11309898n1-nev13513828n1"><identifier ecu="381101" ecuMode="EcuType" id="nev11309898n1-nev13513829n1" stop="16" type="REID" value="D909" write="119"><parameter id="nev11309898n1-nev13513830n1" name="Distance condition for service miles =" textid="15021"><value id="nev11309898n1-nev13513831n1" textid="1010299"/><value id="nev11309898n1-nev13513832n1" textid="19747"/><value id="nev11309898n1-nev13513833n1" textid="91903"/><value id="nev11309898n1-nev13513834n1" textid="19749"/><value id="nev11309898n1-nev13513835n1" textid="71306"/></parameter></identifier></extension></node><node class="Components.ScriptComponent" id="nev11309898n1-nev13513836n1" nodeid="ScriptComponent1" x="316" y="407"/><node class="Components.ScriptButton" id="nev11309898n1-nev13513837n1" nodeid="Start prog" x="60" y="133"><gui height="40" id="nev11309898n1-nev13513838n1" width="120" x="15" y="470"/><property class="String" id="nev11309898n1-nev13513839n1" name="Text" type="In" value="" visible="1"/><property class="String" id="nev11309898n1-nev13513840n1" name="StartDisabled" type="Internal" value="false" visible="1"/><property class="String" id="nev11309898n1-nev13513841n1" name="StartVisible" type="Internal" value="true" visible="1"/><extension id="nev11309898n1-nev13513842n1"><phrase category="Faulttracing" id="nev11309898n1-nev11417272n1" phrase-urn="urn:x-nevis:phrase:0800c8af8178a38e">Start programming</phrase></extension></node><node class="Components.ScriptButton" id="nev11309898n1-nev13513843n1" nodeid="Hide" x="63" y="324"><gui height="40" id="nev11309898n1-nev13513844n1" width="120" x="255" y="470"/><property class="String" id="nev11309898n1-nev13513845n1" name="Text" type="In" value="" visible="1"/><property class="String" id="nev11309898n1-nev13513846n1" name="StartDisabled" type="Internal" value="false" visible="1"/><property class="String" id="nev11309898n1-nev13513847n1" name="StartVisible" type="Internal" value="true" visible="1"/><extension id="nev11309898n1-nev13513848n1"><phrase category="Faulttracing" id="nev11309898n1-nev12747010n1" phrase-urn="urn:x-nevis:phrase:0800c8af8178a392">Continue</phrase></extension></node><node class="Components.InfoDisplay" id="nev11309898n1-nev13513849n1" nodeid="InfoDisplay1" x="537" y="27"><gui height="185" id="nev11309898n1-nev13513850n1" width="360" x="15" y="15"/><property class="String" id="nev11309898n1-nev13513851n1" name="Content" type="In" value="" visible="1"/><extension id="nev11309898n1-nev13513852n1"/></node><node class="Components.InfoDisplayContent" id="nev11309898n1-nev13513853n1" nodeid="InfoDisplayContent1" x="313" y="12"><property class="String" id="nev11309898n1-nev13513854n1" name="Content" type="Out" value="" visible="1"/><extension id="nev11309898n1-nev13513855n1"><para id="nev11309898n1-nev12746370n1"><b id="nev11309898n1-nev12746371n1"><phrase category="Title" id="nev11309898n1-nev12746321n1" phrase-urn="urn:x-nevis:phrase:0800c8af81eabd82">Programming dis#@#@#31#iles)</phrase></b><list id="nev11309898n1-nev12746372n1"><li id="nev11309898n1-nev12746373n1"><phrase category="Preparatory" id="nev11309898n1-nev12746322n1" phrase-urn="urn:x-nevis:phrase:0800c8af8031b478">Ignition on.</phrase></li></list></para><para id="nev11309898n1-nev12746374n1"><phrase category="Faulttracing" id="nev11309898n1-nev12746323n1" phrase-urn="urn:x-nevis:phrase:0800c8af833ea469">There are three#@#@#38#mmed.</phrase><phrase category="Faulttracing" id="nev11309898n1-nev12746324n1" phrase-urn="urn:x-nevis:phrase:0800c8af833c8990">This parameter #@#@#115#s up.</phrase></para></extension></node></nodes><handlers id="nev11309898n1-nev13513856n1"><eventhandler id="nev11309898n1-nev13513857n1" name="OnStart" node="Start"><call id="nev11309898n1-nev13513858n1" method="Trigger" node="InfoDisplayContent1"/><call id="nev11309898n1-nev13513859n1" method="UpdateTitles" node="IdentifierComponent1"/><call id="nev11309898n1-nev13513860n1" method="Read" node="IdentifierComponent1"/></eventhandler><eventhandler id="nev11309898n1-nev13513861n1" name="Click" node="Start prog"><call id="nev11309898n1-nev13513862n1" method="ActivateSelected" node="ActivationList1"/></eventhandler><eventhandler id="nev11309898n1-nev13513863n1" name="Click" node="Hide"><call id="nev11309898n1-nev13513864n1" method="CloseDialog" node="ScriptComponent1"/></eventhandler><eventhandler id="nev11309898n1-nev13513865n1" name="OnPositiveResponse" node="ActivationList1"><call id="nev11309898n1-nev13513866n1" method="Read" node="IdentifierComponent1"/></eventhandler><eventhandler id="nev11309898n1-nev13513867n1" name="OnNoResponse" node="ActivationList1"><call id="nev11309898n1-nev13513868n1" method="Read" node="IdentifierComponent1"/></eventhandler><eventhandler id="nev11309898n1-nev13513869n1" name="OnNoContact" node="ActivationList1"><call id="nev11309898n1-nev13513870n1" method="Read" node="IdentifierComponent1"/></eventhandler><eventhandler id="nev11309898n1-nev13513871n1" name="OnNegativeResponse" node="ActivationList1"><call id="nev11309898n1-nev13513872n1" method="Read" node="IdentifierComponent1"/></eventhandler><propertyhandler id="nev11309898n1-nev13513873n1" name="Distance condition for service miles =" node="IdentifierComponent1"><set id="nev11309898n1-nev13513874n1" node="ParameterLabel1" property="Parameter"/></propertyhandler><propertyhandler id="nev11309898n1-nev13513875n1" name="Content" node="InfoDisplayContent1"><set id="nev11309898n1-nev13513876n1" node="InfoDisplay1" property="Content"/></propertyhandler></handlers></content></script>