<?xml version="1.0" encoding="UTF-8"?><servinfosub IE-ID="en-US0900c8af83a8e710" docno="VCC-153106" id="KC02714899" xml:lang="en-US">
<title>
<phrase category="" id="KC09455762" phrase-urn="urn:x-nevis:phrase:0800c8af82709d65">Signal too high</phrase>
</title>
<diagnostic j2008use="1" layout="0" paperuse="1" screenuse="1" type="test">
<testgrp IE-ID="en-US0900c8af83a8e710_KC02762502" id="KC02762502" j2008use="1" paperuse="1" resumable="1" screenuse="1" testgrp-id="s1" x="100" y="120">
<title>
<phrase category="" id="KC09455763" phrase-urn="urn:x-nevis:phrase:0800c8af82709d66">Checking the co#@#@#2#onent</phrase>
</title>
<node>
<test1>
<warning>
<ptxt>
<phrase category="" id="KC09455764" phrase-urn="urn:x-nevis:phrase:0800c8af82709d67">Under no circum#@#@#186#ploy!</phrase>
</ptxt>
</warning>
<caution>
<ptxt>
<phrase category="" id="KC09455765" phrase-urn="urn:x-nevis:phrase:0800c8af82709d68">Do not touch th#@#@#164#SRS).</phrase>
</ptxt>
</caution>
<diaglist>
<dgraphic>
<dgraphic1>
<graphic id="KC09455766">
<href>0900c8af80054d4#@#@#9#.jpeg</href>
</graphic>
</dgraphic1>
<dgraphic2>
<graphic id="KC09455767">
<href>0900c8af80054d7#@#@#9#.jpeg</href>
</graphic>
</dgraphic2>
</dgraphic>
<ditem>
<ptxt>
<phrase category="" id="KC09455768" phrase-urn="urn:x-nevis:phrase:0800c8af82709d69">Check cables an#@#@#120#ttom </phrase>
</ptxt>
</ditem>
<ditem>
<ptxt>
<phrase category="" id="KC09455769" phrase-urn="urn:x-nevis:phrase:0800c8af82709d6a">If the diagnost#@#@#67#g to:</phrase>
</ptxt>
</ditem>
<ditem>
<ptxt>
<phrase category="" id="KC09455770" phrase-urn="urn:x-nevis:phrase:0800c8af82709d6b">Switch off the #@#@#20#conds</phrase>
</ptxt>
</ditem>
<ditem>
<ptxt>
<phrase category="" id="KC09455771" phrase-urn="urn:x-nevis:phrase:0800c8af82709d6c">Disconnect the #@#@#55#miter</phrase>
</ptxt>
</ditem>
<ditem>
<ptxt>
<phrase category="" id="KC09455772" phrase-urn="urn:x-nevis:phrase:0800c8af82709d6d">Connect a speci#@#@#79#use: <toolitem id="KC09455773"/>
</phrase>
</ptxt>
<note>
<ptxt>
<phrase category="" id="KC09455774" phrase-urn="urn:x-nevis:phrase:0800c8af82709d6e">The special too#@#@#139#rder.</phrase>
</ptxt>
</note>
</ditem>
<ditem>
<ptxt>
<phrase category="" id="KC09455775" phrase-urn="urn:x-nevis:phrase:0800c8af82709d6f">Switch on the i#@#@#20#onds.</phrase>
</ptxt>
</ditem>
</diaglist>
<test2>
<para>
<ptxt>
<phrase category="" id="KC09455776" phrase-urn="urn:x-nevis:phrase:0800c8af82709d70">Read diagnostic#@#@#42#bol. </phrase>
</ptxt>
</para>
<para>
<ptxt>
<phrase category="" id="KC09455777" phrase-urn="urn:x-nevis:phrase:0800c8af82709d71">If the diagnost#@#@#168#ttom.</phrase>
</ptxt>
<ptxt>
<phrase category="" id="KC09455778" phrase-urn="urn:x-nevis:phrase:0800c8af82709d72">If the diagnost#@#@#72#ttom.</phrase>
</ptxt>
</para>
<list1 enumtype="d" type="unordered">
<title>
<phrase category="" id="KC09455779" phrase-urn="urn:x-nevis:phrase:0800c8af82709d73">Other information</phrase>
</title>
<item>
<ptxt>
<phrase category="" id="KC09455780" phrase-urn="urn:x-nevis:phrase:0800c8af82709d74">
<xref>
<ref id="KC09455781"/>
</xref>
</phrase>
</ptxt>
</item>
<item>
<ptxt>
<phrase category="" id="KC09455782" phrase-urn="urn:x-nevis:phrase:0800c8af82709d75">
<xref>
<ref id="KC09455783"/>
</xref>
</phrase>
</ptxt>
</item>
<item>
<ptxt>
<phrase category="" id="KC09455784" phrase-urn="urn:x-nevis:phrase:0800c8af82709d76">For further inf#@#@#61#agram</phrase>
</ptxt>
</item>
<item>
<ptxt>
<phrase category="" id="KC09455785" phrase-urn="urn:x-nevis:phrase:0800c8af82709d77">To access or re#@#@#73#See: <xref>
<ref id="KC09455786"/>
</xref>
</phrase>
</ptxt>
</item>
<item>
<ptxt id="nev10784029n100">
<phrase category="Faulttracing" id="nev10784030n1" phrase-urn="urn:x-nevis:phrase:0800c8af82751d9d">To access/repla#@#@#49#tors:</phrase>
</ptxt>
<ptxt id="nev10784029n98">
<xref id="nev12336869n100">
<ref id="l1106906032892"/>
</xref>
</ptxt>
</item>
<item>
<ptxt>
<phrase category="" id="KC09455789" phrase-urn="urn:x-nevis:phrase:0800c8af82709d79">Checking the sp#@#@#7#ool: <xref>
<ref id="KC09455790"/>
</xref>
</phrase>
</ptxt>
</item>
<item>
<ptxt>
<phrase category="" id="KC09455791" phrase-urn="urn:x-nevis:phrase:0800c8af82709d7a">Disassembling c#@#@#6#ors: <xref>
<ref id="KC09455792"/>
</xref>
</phrase>
</ptxt>
</item>
<item>
<ptxt>
<phrase category="" id="KC09455793" phrase-urn="urn:x-nevis:phrase:0800c8af82709d7b">
<xref>
<ref id="KC09455794"/>
</xref>
</phrase>
</ptxt>
</item>
</list1>
<diaglist>
<dgraphic>
<dgraphic2>
<graphic id="KC09455795">
<href>0900c8af86c8681#@#@#9#.jpeg</href>
</graphic>
<smarttool active="press" id="KC09455796" toolname="YSRS0008"/>
</dgraphic2>
</dgraphic>
<ditem>
<ditemtext>
<ptxt>
<phrase category="" id="KC09455797" phrase-urn="urn:x-nevis:phrase:0800c8af82709d7c"/>
</ptxt>
</ditemtext>
</ditem>
</diaglist>
</test2>
</test1>
<question>
Select an alte#@#@#4#ive!
</question>
<resact-grp>
<result button="text" comp="button" highlight="0" text="1"/>
<action j2008use="1" paperuse="1" screenuse="1">
<ptxt>
<xref>
<ref id="KC09455799"/>
</xref>
</ptxt>
</action>
</resact-grp>
<resact-grp>
<result button="text" comp="button" highlight="0" text="2"/>
<action j2008use="1" paperuse="1" screenuse="1">
<ptxt>
<xref>
<ref id="KC09455800"/>
</xref>
</ptxt>
</action>
</resact-grp>
</node>
</testgrp>
<testgrp id="KC02762503" j2008use="1" paperuse="1" resumable="1" screenuse="1" testgrp-id="node1" x="120" y="200">
<title>
<phrase category="" id="KC09455801" phrase-urn="urn:x-nevis:phrase:0800c8af82709d7e">Checking the co#@#@#13#iring</phrase>
</title>
<node>
<test1>
<diaglist>
<dgraphic>
<dgraphic1>
<graphic id="KC09455802">
<href>0900c8af80054d4#@#@#9#.jpeg</href>
</graphic>
</dgraphic1>
</dgraphic>
<ditem>
<ptxt>
<phrase category="" id="KC09455803" phrase-urn="urn:x-nevis:phrase:0800c8af82709d7f">Switch off the #@#@#20#conds</phrase>
</ptxt>
</ditem>
<ditem>
<ptxt>
<phrase category="" id="KC09455804" phrase-urn="urn:x-nevis:phrase:0800c8af82709d80">Disconnect the #@#@#27#ctor </phrase>
</ptxt>
</ditem>
<ditem>
<ptxt>
<phrase category="" id="KC09455805" phrase-urn="urn:x-nevis:phrase:0800c8af82709d81">Disconnect the #@#@#58#SRS).</phrase>
</ptxt>
</ditem>
</diaglist>
<test2>
<warning>
<ptxt>
<phrase category="" id="KC09455806" phrase-urn="urn:x-nevis:phrase:0800c8af82709d82">Under no circum#@#@#186#ploy!</phrase>
</ptxt>
</warning>
<caution>
<ptxt>
<phrase category="" id="KC09455807" phrase-urn="urn:x-nevis:phrase:0800c8af82709d83">Do not touch th#@#@#164#SRS).</phrase>
</ptxt>
</caution>
<para>
<ptxt>
<phrase category="" id="KC09455808" phrase-urn="urn:x-nevis:phrase:0800c8af82709d84">Check the conne#@#@#150#tors.</phrase>
</ptxt>
</para>
<para>
<ptxt>
<phrase category="" id="KC09455809" phrase-urn="urn:x-nevis:phrase:0800c8af82709d85">Remedy as necessary.</phrase>
</ptxt>
</para>
<para>
<ptxt>
<phrase category="" id="KC09455810" phrase-urn="urn:x-nevis:phrase:0800c8af82709d86">Check the SRS i#@#@#157#tage.</phrase>
</ptxt>
<ptxt>
<phrase category="" id="KC09455811" phrase-urn="urn:x-nevis:phrase:0800c8af82709d87">Check the cable#@#@#4#ween:</phrase>
</ptxt>
</para>
<list1 enumtype="d" type="unordered">
<item>
<ptxt>
<phrase category="" id="KC09455812" phrase-urn="urn:x-nevis:phrase:0800c8af82709d88">Supplemental re#@#@#117#l #1 </phrase>
</ptxt>
</item>
<item>
<ptxt>
<phrase category="" id="KC09455813" phrase-urn="urn:x-nevis:phrase:0800c8af82709d89">Supplemental re#@#@#118# #2. </phrase>
</ptxt>
</item>
</list1>
<para>
<ptxt>
<phrase category="" id="KC09455814" phrase-urn="urn:x-nevis:phrase:0800c8af82709d8a">Remedy as necessary.</phrase>
</ptxt>
</para>
<list1 enumtype="d" type="unordered">
<title>
<phrase category="" id="KC09455815" phrase-urn="urn:x-nevis:phrase:0800c8af82709d8b">Other information</phrase>
</title>
<item>
<ptxt>
<phrase category="" id="KC09455816" phrase-urn="urn:x-nevis:phrase:0800c8af82709d8c">
<xref>
<ref id="KC09455817"/>
</xref>
</phrase>
</ptxt>
</item>
<item>
<ptxt>
<phrase category="" id="KC09455818" phrase-urn="urn:x-nevis:phrase:0800c8af82709d8d">
<xref>
<ref id="KC09455819"/>
</xref>
</phrase>
</ptxt>
</item>
<item>
<ptxt>
<phrase category="" id="KC09455820" phrase-urn="urn:x-nevis:phrase:0800c8af82709d8e">For further inf#@#@#61#agram</phrase>
</ptxt>
</item>
<item>
<ptxt>
<phrase category="" id="KC09455821" phrase-urn="urn:x-nevis:phrase:0800c8af82709d8f">To access or re#@#@#73#See: <xref>
<ref id="KC09455822"/>
</xref>
</phrase>
</ptxt>
</item>
<item>
<ptxt id="nev10784029n95">
<phrase category="Faulttracing" id="nev10784032n1" phrase-urn="urn:x-nevis:phrase:0800c8af82751d9d">To access/repla#@#@#49#tors:</phrase>
</ptxt>
<ptxt id="nev10784029n93">
<xref id="nev12336869n98">
<ref id="l1106906069861"/>
</xref>
</ptxt>
</item>
<item>
<ptxt>
<phrase category="" id="KC09455825" phrase-urn="urn:x-nevis:phrase:0800c8af82709d92">For information#@#@#33#see: <xref>
<ref id="KC09455826"/>
</xref>
</phrase>
</ptxt>
</item>
<item>
<ptxt>
<phrase category="" id="KC09455827" phrase-urn="urn:x-nevis:phrase:0800c8af82709d93">
<xref>
<ref id="KC09455828"/>
</xref>
</phrase>
</ptxt>
</item>
</list1>
<diaglist>
<dgraphic>
<dgraphic1>
<graphic id="KC09455829">
<href>0900c8af80126b2#@#@#9#.jpeg</href>
</graphic>
</dgraphic1>
</dgraphic>
</diaglist>
</test2>
</test1>
<question>
Select "Contin#@#@#34#ed. 
</question>
<resact-grp>
<result button="cont" comp="button" highlight="0"/>
<action j2008use="1" paperuse="1" screenuse="1">
<ptxt>
<xref>
<ref id="KC09455831"/>
</xref>
</ptxt>
</action>
</resact-grp>
</node>
</testgrp>
<testgrp id="KC02762504" j2008use="1" paperuse="1" resumable="1" screenuse="1" testgrp-id="veri" x="120" y="280">
<title>
<phrase category="" id="KC09455832" phrase-urn="urn:x-nevis:phrase:0800c8af82709d96">Verification</phrase>
</title>
<subcalloutnode>
<diagcallout>
<xref>
<ref id="KC09455833"/>
</xref>
</diagcallout>
<rescall-grp>
<result comp="string" highlight="0" op="eq" return="VERIFIED"/>
<calloutaction>
<return value="FAULT FOUND"/>
</calloutaction>
</rescall-grp>
<rescall-grp>
<result comp="string" highlight="0" op="eq" return="VERIFICATION FAILED"/>
<calloutaction>
<ptxt>
<xref>
<ref id="KC09455834"/>
</xref>
</ptxt>
</calloutaction>
</rescall-grp>
</subcalloutnode>
</testgrp>
<testgrp id="KC02762505" j2008use="1" paperuse="1" resumable="1" screenuse="1" testgrp-id="info1" x="120" y="360">
<title>
<phrase category="" id="KC09455835" phrase-urn="urn:x-nevis:phrase:0800c8af82709d97">Fault-tracing i#@#@#5#ation</phrase>
</title>
<subcalloutnode>
<diagcallout>
<xref>
<ref id="KC09455836"/>
</xref>
</diagcallout>
<rescall-grp>
<result comp="string" highlight="0" op="eq" return="FAULTTRACING FAILED"/>
<calloutaction>
<return value="FAULT NOT FOUND"/>
</calloutaction>
</rescall-grp>
<rescall-grp>
<result comp="string" highlight="0" op="eq" return="NEW TRY"/>
<calloutaction>
<ptxt>
<xref>
<ref id="KC09455837"/>
</xref>
</ptxt>
</calloutaction>
</rescall-grp>
</subcalloutnode>
</testgrp>
</diagnostic>
</servinfosub>