<?xml version="1.0" encoding="UTF-8"?><servinfosub IE-ID="en-US0900c8af800dab1f" docno="VCC-098385" id="KC01112539" xml:lang="en-US">
<title>Fuel tank fille#@#@#2#cover</title>
<procedure>
<stepgrp>
<procstep>
<title>Replacing the f#@#@#21# lock</title>
<grate>
<graphic id="KC07317834">
<href>0900c8af80059b4#@#@#9#.jpeg</href>
</graphic>
<graphtext>
<list1 enumtype="d" type="unordered">
<title>Remove:</title>
<item>
<ptxt>the panel in th#@#@#28#g to <xref>
<ref id="KC07317835"/>
</xref>
</ptxt>
</item>
<item>
<ptxt>the connector</ptxt>
</item>
<item>
<ptxt>two screws hold#@#@#22# body</ptxt>
</item>
<item>
<ptxt>two screws hold#@#@#29#ket. </ptxt>
</item>
</list1>
</graphtext>
</grate>
<para>
<title>Install:</title>
<ptxt>In reverse order.</ptxt>
</para>
</procstep>
<procstep>
<title>Replacing the f#@#@#23#inges</title>
<para>
<ptxt>Press the pin o#@#@#13#inge.</ptxt>
<ptxt>Pull off the hinge.</ptxt>
</para>
<para>
<title>Install:</title>
<ptxt>In reverse order.</ptxt>
</para>
</procstep>
</stepgrp>
</procedure>
</servinfosub>