<?xml version="1.0" encoding="UTF-8"?><servinfosub IE-ID="en-US0900c8af85d2201c" docno="VCC-407598" id="nev15236364n1" original="sv-SE" servinfosubId="nev20688746n1-nev20688746n2" servinfosubRes="0900c8af862c3c36" servinfosubRes2="urn:x-nevis:fragment:0900c8af85d2201c:0900c8af862c3c36#nev20688746n2" xml:lang="en-US">
<title id="nev15236364n2">System overview</title>
<topic id="nev20688746n1-nev15236364n3">
<title id="nev20688746n1-nev15236364n4">Control module</title>
<grate id="nev20688746n1-nev15344237n244" pgwide="1">
<graphic id="nev20688746n1-nev15344237n243">
<href>0900c8af84c91fb#@#@#10#.jpeg</href>
</graphic>
</grate>
<note id="nev20688746n1-nev15236401n244">
<ptxt id="nev20688746n1-nev15236401n243">The document de#@#@#203#IAM).</ptxt>
<ptxt id="nev20688746n1-nev15344237n239">For more inform#@#@#56#ensus</ptxt>
</note>
<list1 enumtype="d" id="nev20688746n1-nev15236364n7" type="unordered">
<title id="nev20688746n1-nev15236364n8">The integrated #@#@#36# for:</title>
<item id="nev20688746n1-nev15236364n9">
<ptxt id="nev20688746n1-nev15236364n10">Radio reception#@#@#3#M/FM.</ptxt>
</item>
<item id="nev20688746n1-nev15236401n242">
<ptxt id="nev20688746n1-nev15236401n241">Radio reception#@#@#36#ent).</ptxt>
</item>
<item id="nev20688746n1-nev15236401n240">
<ptxt id="nev20688746n1-nev15236401n239">RDS-reception (#@#@#33#ent).</ptxt>
</item>
<item id="nev20688746n1-nev15236365n1">
<ptxt id="nev20688746n1-nev15236365n2">CD-playback.</ptxt>
</item>
<item id="nev20688746n1-nev15236401n238">
<ptxt id="nev20688746n1-nev15236401n237">DVD-playback (o#@#@#57#dia).</ptxt>
</item>
<item id="nev20688746n1-nev15236401n236">
<ptxt id="nev20688746n1-nev15236401n235">USB/iPod-playba#@#@#76#dia).</ptxt>
</item>
<item id="nev20688746n1-nev15236401n234">
<ptxt id="nev20688746n1-nev15236401n233">Bluetooth (High#@#@#125#2DP).</ptxt>
</item>
<item id="nev20688746n1-nev15236365n3">
<ptxt id="nev20688746n1-nev15236365n4">AUX-playback.</ptxt>
</item>
<item id="nev20688746n1-nev15236401n232">
<ptxt id="nev20688746n1-nev15236401n231">HDD (only in ve#@#@#39#ion).</ptxt>
</item>
<item id="nev20688746n1-nev15236401n230">
<ptxt id="nev20688746n1-nev15236401n229">Navigation (onl#@#@#46#ion).</ptxt>
</item>
<item id="nev20688746n1-nev15236365n5">
<ptxt id="nev20688746n1-nev15236365n6">Voice-control (#@#@#49#ion).</ptxt>
</item>
</list1>
<para id="nev20688746n1-nev15236365n9">
<ptxt id="nev20688746n1-nev15236365n10">The integrated #@#@#182#work.</ptxt>
</para>
<para id="nev20688746n1-nev15236366n1">
<ptxt id="nev20688746n1-nev15236366n2">The integrated #@#@#112#dule.</ptxt>
</para>
<para id="nev20688746n1-nev15236366n3">
<ptxt id="nev20688746n1-nev15236366n4">Integrated Audi#@#@#45#sole.</ptxt>
</para>
<para id="nev20688746n1-nev15236366n5">
<ptxt id="nev20688746n1-nev15236366n6">In order to fun#@#@#286#ITP).</ptxt>
</para>
<list1 enumtype="d" id="nev20688746n1-nev15236366n7" type="unordered">
<title id="nev20688746n1-nev15236366n8">The following v#@#@#50#able:</title>
<item id="nev20688746n1-nev15236366n9">
<ptxt id="nev20688746n1-nev15236366n10">
<emph etype="bold" id="nev20688746n1-nev15236367n1">Integrated ampl#@#@#42#0 W),</emph> with integrate#@#@#57# mm).</ptxt>
</item>
<item id="nev20688746n1-nev15236367n2">
<ptxt id="nev20688746n1-nev15236367n3">
<emph etype="bold" id="nev20688746n1-nev15236367n4">Without integra#@#@#28#nce),</emph>with built-in r#@#@#141#AUD).</ptxt>
</item>
<item id="nev20688746n1-nev15236367n5">
<ptxt id="nev20688746n1-nev15236367n6">
<emph etype="bold" id="nev20688746n1-nev15236367n7">Without integra#@#@#68#dia),</emph>with built-in r#@#@#146#AUD).</ptxt>
</item>
</list1>
<para id="nev20688746n1-nev15236367n8">
<ptxt id="nev20688746n1-nev15236367n9">RDS reception (#@#@#128# USA.</ptxt>
</para>
<para id="nev20688746n1-nev15236367n10">
<ptxt id="nev20688746n1-nev15236368n1">There are versi#@#@#204#rket.</ptxt>
</para>
<para id="nev20688746n1-nev15236368n2">
<ptxt id="nev20688746n1-nev15236368n3">The Integrated #@#@#75# DVD.</ptxt>
</para>
<list1 enumtype="d" id="nev20688746n1-nev15236368n4" type="unordered">
<title id="nev20688746n1-nev15236401n228">Support availab#@#@#20#mats:</title>
<item id="nev20688746n1-nev15236368n5">
<ptxt id="nev20688746n1-nev15236368n6">MP3</ptxt>
</item>
<item id="nev20688746n1-nev15236368n7">
<ptxt id="nev20688746n1-nev15236368n8">WMA</ptxt>
</item>
<item id="nev20688746n1-nev15236401n227">
<ptxt id="nev20688746n1-nev15236401n226">aac (High perfo#@#@#61#edia)</ptxt>
</item>
</list1>
<para id="nev20688746n1-nev15236368n9">
<ptxt id="nev20688746n1-nev15236368n10">The integrated #@#@#47#nput.</ptxt>
<ptxt id="nev20688746n1-nev15236401n223">Integrated Audi#@#@#71#ance)</ptxt>
</para>
<para id="nev20688746n1-nev15236369n1">
<ptxt id="nev20688746n1-nev15236369n2">Integrated Audi#@#@#122#nce).</ptxt>
</para>
<list1 enumtype="d" id="nev20688746n1-nev15236369n3" type="unordered">
<title id="nev20688746n1-nev15236401n222">Support availab#@#@#20#mats:</title>
<item id="nev20688746n1-nev15236369n4">
<ptxt id="nev20688746n1-nev15236369n5">MP3</ptxt>
</item>
<item id="nev20688746n1-nev15236401n221">
<ptxt id="nev20688746n1-nev15236401n220">WMA</ptxt>
</item>
<item id="nev20688746n1-nev15236369n6">
<ptxt id="nev20688746n1-nev15236369n7">wav (Performance)</ptxt>
</item>
<item id="nev20688746n1-nev15236401n219">
<ptxt id="nev20688746n1-nev15236401n218">aac (High perfo#@#@#61#edia)</ptxt>
</item>
</list1>
<para id="nev20688746n1-nev15236401n217">
<ptxt id="nev20688746n1-nev15236401n216">Versions of Int#@#@#92# DVD.</ptxt>
</para>
<list1 enumtype="d" id="nev20688746n1-nev15236401n215" type="unordered">
<title id="nev20688746n1-nev15236401n213">Support availab#@#@#20#mats:</title>
<item id="nev20688746n1-nev15236401n214">
<ptxt id="nev20688746n1-nev15236401n212">MPEG1 according#@#@#16#ndard</ptxt>
</item>
<item id="nev20688746n1-nev15236401n211">
<ptxt id="nev20688746n1-nev15236401n210">MPEG2 according#@#@#17#ndard</ptxt>
</item>
<item id="nev20688746n1-nev15236401n209">
<ptxt id="nev20688746n1-nev15236401n208">MPEG4 (DivX/Xvi#@#@#46#ivx".</ptxt>
</item>
</list1>
<para id="nev20688746n1-nev15236401n207">
<ptxt id="nev20688746n1-nev15236401n206">Versions of Int#@#@#106#tion.</ptxt>
</para>
<list1 enumtype="d" id="nev20688746n1-nev15236401n205" type="unordered">
<title id="nev20688746n1-nev15236401n203">Support availab#@#@#20#mats:</title>
<item id="nev20688746n1-nev15236401n204">
<ptxt id="nev20688746n1-nev15236401n202">MPEG4 (DivX/Xvi#@#@#46#ivx".</ptxt>
</item>
</list1>
<para id="nev20688746n1-nev15236369n10">
<ptxt id="nev20688746n1-nev15236370n1">The speakers mo#@#@#227#dia).</ptxt>
</para>
<para id="nev20688746n1-nev15236370n2">
<ptxt id="nev20688746n1-nev15236370n3">For more inform#@#@#108#AUD).</ptxt>
</para>
<para id="nev20688746n1-nev15236370n4">
<ptxt id="nev20688746n1-nev15236370n5">The integrated #@#@#319#icle.</ptxt>
</para>
</topic>
<topic id="nev20688746n1-nev15236370n6">
<title id="nev20688746n1-nev15236370n7">Signals</title>
<para id="nev20688746n1-nev15236370n8">
<ptxt id="nev20688746n1-nev15236370n9">The table below#@#@#275#ions.</ptxt>
</para>
<table frame="all" id="nev20688746n1-nev15236370n10" pgwide="1">
<tgroup cols="2" id="nev20688746n1-nev15236371n1">
<colspec colname="col1" colwidth="50*" id="nev20688746n1-nev15236371n2"/>
<colspec colname="col2" colwidth="50*" id="nev20688746n1-nev15236371n3"/>
<tbody id="nev20688746n1-nev15236371n4">
<row id="nev20688746n1-nev15236371n5">
<entry id="nev20688746n1-nev15236371n6" morerows="0" rotate="0">
<title id="nev20688746n1-nev15236371n7">Input signals</title>
</entry>
<entry id="nev20688746n1-nev15236371n8" morerows="0" rotate="0">
<title id="nev20688746n1-nev15236371n9">Output signals</title>
</entry>
</row>
<row id="nev20688746n1-nev15236371n10">
<entry id="nev20688746n1-nev15236372n1" morerows="0" rotate="0" rowsep="0">
<ptxt id="nev20688746n1-nev15236372n2">
<emph etype="bold" id="nev20688746n1-nev15236372n3">Directly connected:</emph>
</ptxt>
</entry>
<entry id="nev20688746n1-nev15236372n4" morerows="0" rotate="0" rowsep="0">
<ptxt id="nev20688746n1-nev15236372n5">
<emph etype="bold" id="nev20688746n1-nev15236372n6">Directly connected:</emph>
</ptxt>
</entry>
</row>
<row id="nev20688746n1-nev15236372n7">
<entry id="nev20688746n1-nev15236372n8" morerows="0" rotate="0">
<list1 enumtype="d" id="nev20688746n1-nev15236372n9" type="unordered">
<item id="nev20688746n1-nev15236372n10">
<ptxt id="nev20688746n1-nev15236373n1">Power supply</ptxt>
</item>
<item id="nev20688746n1-nev15236373n2">
<ptxt id="nev20688746n1-nev15236373n3">Ground</ptxt>
</item>
<item id="nev20688746n1-nev15236373n4">
<ptxt id="nev20688746n1-nev15236373n5">Antenna booster#@#@#29#6/16)</ptxt>
</item>
<item id="nev20688746n1-nev15236401n201">
<ptxt id="nev20688746n1-nev15236401n200">Antenna booster#@#@#26#6/71)</ptxt>
</item>
<item id="nev20688746n1-nev15236373n6">
<ptxt id="nev20688746n1-nev15236373n7">Microphone (sig#@#@#7#6/98)</ptxt>
</item>
<item id="nev20688746n1-nev15236373n10">
<ptxt id="nev20688746n1-nev15236374n1">AUX input (16/123)</ptxt>
</item>
<item id="nev20688746n1-nev15236374n2">
<ptxt id="nev20688746n1-nev15236374n3">USB/iPod input #@#@#2#7/42)</ptxt>
</item>
<item id="nev20688746n1-nev15236401n199">
<ptxt id="nev20688746n1-nev15236401n198">GPS-antenna (16#@#@#38#tion)</ptxt>
</item>
<item id="nev20688746n1-nev15236401n197">
<ptxt id="nev20688746n1-nev15236401n196">VICS-antenna (1#@#@#55#rket)</ptxt>
</item>
</list1>
</entry>
<entry id="nev20688746n1-nev15236374n4" morerows="0" rotate="0">
<list1 enumtype="d" id="nev20688746n1-nev15236374n5" type="unordered">
<item id="nev20688746n1-nev15236374n6">
<ptxt id="nev20688746n1-nev15236374n7">Loudspeaker (16#@#@#57#only)</ptxt>
</item>
<item id="nev20688746n1-nev15236374n8">
<ptxt id="nev20688746n1-nev15236374n9">Microphone (pha#@#@#13#6/98)</ptxt>
</item>
<item id="nev20688746n1-nev15236374n10">
<ptxt id="nev20688746n1-nev15236375n1">Antenna booster#@#@#27#6/16)</ptxt>
</item>
<item id="nev20688746n1-nev15236401n195">
<ptxt id="nev20688746n1-nev15236401n194">Antenna booster#@#@#24#6/71)</ptxt>
</item>
<item id="nev20688746n1-nev15236375n2">
<ptxt id="nev20688746n1-nev15236375n3">USB/iPod input #@#@#2#7/42)</ptxt>
</item>
<item id="nev20688746n1-nev15236401n193">
<ptxt id="nev20688746n1-nev15236401n192">Infotainment co#@#@#51#CVBS)</ptxt>
</item>
<item id="nev20688746n1-nev15236401n191">
<ptxt id="nev20688746n1-nev15236401n190">GPS-antenna (16#@#@#53#tion)</ptxt>
</item>
<item id="nev20688746n1-nev15236401n189">
<ptxt id="nev20688746n1-nev15236401n188">VICS-antenna (1#@#@#70#feed)</ptxt>
</item>
</list1>
</entry>
</row>
<row id="nev20688746n1-nev15236401n143">
<entry id="nev20688746n1-nev15236401n142" morerows="0" rotate="0" rowsep="0">
<ptxt id="nev20688746n1-nev15236401n169">
<emph etype="bold" id="nev20688746n1-nev15236401n168">Via Bluetooth:</emph>
</ptxt>
</entry>
<entry id="nev20688746n1-nev15236401n140" morerows="0" rotate="0" rowsep="0">
<ptxt id="nev20688746n1-nev15236401n166">
<emph etype="bold" id="nev20688746n1-nev15236401n165">Via Bluetooth:</emph>
</ptxt>
</entry>
</row>
<row id="nev20688746n1-nev15236401n138">
<entry id="nev20688746n1-nev15236401n137" morerows="0" rotate="0">
<list1 enumtype="d" id="nev20688746n1-nev15236401n162" type="unordered">
<item id="nev20688746n1-nev15236401n161">
<ptxt id="nev20688746n1-nev15236401n160">Telephone hands#@#@#78#dia).</ptxt>
</item>
<item id="nev20688746n1-nev15236401n159">
<ptxt id="nev20688746n1-nev15236401n158">Infotainment re#@#@#16#tion)</ptxt>
</item>
</list1>
</entry>
<entry id="nev20688746n1-nev15236401n135" morerows="0" rotate="0">
<list1 enumtype="d" id="nev20688746n1-nev15236401n152" type="unordered">
<item id="nev20688746n1-nev15236401n151">
<ptxt id="nev20688746n1-nev15236401n150">Telephone hands#@#@#78#dia).</ptxt>
</item>
</list1>
</entry>
</row>
<row id="nev20688746n1-nev15236375n4">
<entry id="nev20688746n1-nev15236375n5" morerows="0" rotate="0" rowsep="0">
<ptxt id="nev20688746n1-nev15236375n6">
<emph etype="bold" id="nev20688746n1-nev15236375n7">Via MOST commun#@#@#3#tion:</emph>
</ptxt>
</entry>
<entry id="nev20688746n1-nev15236375n8" morerows="0" rotate="0" rowsep="0">
<ptxt id="nev20688746n1-nev15236375n9">
<emph etype="bold" id="nev20688746n1-nev15236375n10">Via MOST commun#@#@#3#tion:</emph>
</ptxt>
</entry>
</row>
<row id="nev20688746n1-nev15236376n1">
<entry id="nev20688746n1-nev15236376n2" morerows="0" rotate="0">
<list1 enumtype="d" id="nev20688746n1-nev15236376n3" type="unordered">
<item id="nev20688746n1-nev15236376n4">
<ptxt id="nev20688746n1-nev15236376n5">Infotainment co#@#@#21#/281)</ptxt>
</item>
<item id="nev20688746n1-nev15236376n6">
<ptxt id="nev20688746n1-nev15236376n7">Phone module (P#@#@#7#/60).</ptxt>
</item>
<item id="nev20688746n1-nev15236376n8">
<ptxt id="nev20688746n1-nev15236376n9">Television Modu#@#@#11#6/36)</ptxt>
</item>
<item id="nev20688746n1-nev15328112n244">
<ptxt id="nev20688746n1-nev15328112n243">Remote Digital #@#@#53#tion)</ptxt>
</item>
<item id="nev20688746n1-nev15236376n10">
<ptxt id="nev20688746n1-nev15236377n1">Digital Audio B#@#@#54#tion)</ptxt>
</item>
<item id="nev20688746n1-nev16071032n244">
<ptxt id="nev20688746n1-nev16071032n243">Rear seat enter#@#@#52#dent)</ptxt>
</item>
</list1>
</entry>
<entry id="nev20688746n1-nev15236377n2" morerows="0" rotate="0">
<list1 enumtype="d" id="nev20688746n1-nev15236377n3" type="unordered">
<item id="nev20688746n1-nev15236377n4">
<ptxt id="nev20688746n1-nev15236377n5">Infotainment co#@#@#21#/281)</ptxt>
</item>
<item id="nev20688746n1-nev15236377n6">
<ptxt id="nev20688746n1-nev15236377n7">Audio module (A#@#@#86#dia).</ptxt>
</item>
<item id="nev20688746n1-nev15236377n10">
<ptxt id="nev20688746n1-nev15236378n1">Phone module (P#@#@#7#/60).</ptxt>
</item>
<item id="nev20688746n1-nev16071032n242">
<ptxt id="nev20688746n1-nev16071032n241">Rear seat enter#@#@#52#dent)</ptxt>
</item>
</list1>
</entry>
</row>
</tbody>
</tgroup>
</table>
<grate id="nev20688746n1-nev15363216n244" pgwide="1">
<graphic id="nev20688746n1-nev15363216n243">
<href>0900c8af8508ab9#@#@#11#.jpeg</href>
</graphic>
</grate>
</topic>
</servinfosub>