<?xml version="1.0" encoding="UTF-8"?><diagnostic IE-ID="en-US0900c8af8592901c" docno="VCC-411639" id="nev15443293n1" j2008use="1" layout="0" paperuse="1" screenuse="1" type="test" xml:lang="en-US">
<title>
<phrase category="" id="nev15443293n2" phrase-urn="urn:x-nevis:phrase:0800c8af82725fe0">Verification</phrase>
</title>
<testgrp IE-ID="en-US0900c8af8592901c_nev15443293n3" id="nev15443293n3" j2008use="1" paperuse="1" resumable="1" screenuse="1" testgrp-id="verifnode" x="120" y="100">
<title>
<phrase category="" id="nev15443293n4" phrase-urn="urn:x-nevis:phrase:0800c8af82725fe1">Verification</phrase>
</title>
<node>
<test1>
<hint>
<ptxt>
<phrase category="" id="nev15443293n5" phrase-urn="urn:x-nevis:phrase:0800c8af82725fe2">After carrying #@#@#50#died.</phrase>
</ptxt>
</hint>
<diaglist>
<dgraphic>
<dgraphic1>
<graphic id="nev15443293n6">
<href>0900c8af80054d5#@#@#9#.jpeg</href>
</graphic>
</dgraphic1>
<dgraphic2>
<graphic id="nev15443293n7">
<href>0900c8af80054d7#@#@#9#.jpeg</href>
</graphic>
</dgraphic2>
</dgraphic>
<ditem>
<ptxt>
<phrase category="" id="nev15443293n8" phrase-urn="urn:x-nevis:phrase:0800c8af82725fe3">Ignition off</phrase>
</ptxt>
</ditem>
<ditem>
<ptxt>
<phrase category="" id="nev15443293n9" phrase-urn="urn:x-nevis:phrase:0800c8af82725fe4">Reconnect the c#@#@#22# etc.</phrase>
</ptxt>
</ditem>
<ditem id="nev15443293n10">
<ptxt id="nev15443294n1">
<phrase category="Preparatory" id="nev15443294n2" phrase-urn="urn:x-nevis:phrase:0800c8af8031b478">Ignition on.</phrase>
</ptxt>
</ditem>
</diaglist>
<test2>
<para id="nev15443294n3">
<ptxt id="nev15443294n4">
<phrase category="Faulttracing" id="nev15443294n5" phrase-urn="urn:x-nevis:phrase:0800c8af81eab7d8">Read off the in#@#@#22#IAT).</phrase>
</ptxt>
</para>
<para id="nev15443294n6">
<ptxt id="nev15443294n7">
<phrase category="Faulttracing" id="nev15443294n8" phrase-urn="urn:x-nevis:phrase:0800c8af81eb9125">Check that the #@#@#31#ange.</phrase>
</ptxt>
</para>
<diaglist>
<dgraphic>
<dgraphic2>
<graphic id="nev15443294n9">
<href>0900c8af86c8681#@#@#9#.jpeg</href>
</graphic>
<smarttool active="press" id="nev15443294n10"/>
</dgraphic2>
</dgraphic>
</diaglist>
</test2>
</test1>
<question>
Is the value w#@#@#22#nge?
</question>
<resact-grp>
<result button="yes" comp="button" highlight="0"/>
<action j2008use="1" paperuse="1" screenuse="1">
<return value="VERIFIED"/>
</action>
</resact-grp>
<resact-grp>
<result button="no" comp="button" highlight="0"/>
<action j2008use="1" paperuse="1" screenuse="1">
<return value="VERIFICATION FAILED"/>
</action>
</resact-grp>
</node>
</testgrp>
</diagnostic>