<?xml version="1.0" encoding="UTF-8"?><servinfosub IE-ID="en-US0900c8af85b3401c" docno="VCC-456361" id="nev18504897n1" xml:lang="en-US">
<title>
<phrase category="Title" id="nev18504897n2" phrase-urn="urn:x-nevis:phrase:0800c8af81eb9a54">Diagnostic trou#@#@#21#ation</phrase>
<phrase category="Prefix" id="nev18504897n3" phrase-urn="urn:x-nevis:phrase:0800c8af8015c3f5">ECM</phrase>-P217800</title>
<diagnostic j2008use="1" paperuse="1" screenuse="1" type="condition">
<condgrp>
<condition type="condition">
<para>
<ptxt>
<phrase category="" id="nev18504897n4" phrase-urn="urn:x-nevis:phrase:0800c8af81a9c099">The engine cont#@#@#554#ges. </phrase>
</ptxt>
<ptxt>
<phrase category="" id="nev18504897n5" phrase-urn="urn:x-nevis:phrase:0800c8af81a9c09a">The diagnostic #@#@#79#ons. </phrase>
</ptxt>
</para>
</condition>
</condgrp>
<condgrp>
<condition type="substitution">
<para>
<ptxt>
<phrase category="" id="nev18504897n6" phrase-urn="urn:x-nevis:phrase:0800c8af81a9c09b">None.</phrase>
</ptxt>
</para>
</condition>
<ps>
<list1 enumtype="d" type="unordered">
<item id="nev18504897n7">
<ptxt id="nev18504897n8">
<phrase category="Possible source" id="nev18504897n9" phrase-urn="urn:x-nevis:phrase:0800c8af81eab974">Air leakage dow#@#@#93#nit).</phrase>
</ptxt>
</item>
<item id="nev18504897n10">
<ptxt id="nev18504898n1">
<phrase category="Possible source" id="nev18504898n2" phrase-urn="urn:x-nevis:phrase:0800c8af8374c225">Damaged mass ai#@#@#15#MAF).</phrase>
</ptxt>
</item>
<item>
<ptxt>
<phrase category="" id="nev18504898n3" phrase-urn="urn:x-nevis:phrase:0800c8af81a9c09c">Air leakage in #@#@#13#ystem</phrase>
</ptxt>
</item>
<item>
<ptxt>
<phrase category="" id="nev18504898n4" phrase-urn="urn:x-nevis:phrase:0800c8af81a9c09d">Low fuel pressure</phrase>
</ptxt>
</item>
<item>
<ptxt>
<phrase category="" id="nev18504898n5" phrase-urn="urn:x-nevis:phrase:0800c8af81a9c09e">Damaged heated #@#@#16#O2S).</phrase>
</ptxt>
</item>
<item id="nev18504898n6">
<ptxt id="nev18504898n7">
<phrase category="Faulttracing" id="nev18504898n8" phrase-urn="urn:x-nevis:phrase:0800c8af841d963b">Damaged or inco#@#@#25#lves.</phrase>
</ptxt>
</item>
</list1>
</ps>
</condgrp>
<condgrp>
<condition type="symptom">
<list1 enumtype="d" type="unordered">
<item>
<ptxt>
<phrase category="Symptom CSC" id="nev18504898n9" phrase-urn="urn:x-nevis:phrase:0800c8af8388f076">DL, Warning lig#@#@#85#ation</phrase>
</ptxt>
</item>
</list1>
</condition>
</condgrp>
</diagnostic>
</servinfosub>