<?xml version="1.0" encoding="UTF-8"?><servinfosub IE-ID="en-US0900c8af87b08709" docno="VCC-502589" id="nev27916396n1" original="sv-SE" servinfosubId="nev27916397n1-nev27916396n3" servinfosubRes="0900c8af87eadb8e" servinfosubRes2="urn:x-nevis:fragment:0900c8af87b08709:0900c8af87eadb8e#nev27916396n3" xml:lang="en-US">
<title id="nev27916396n2">Front end</title>
<procedure id="nev27916397n1-nev28761784n250">
<stepgrp id="nev27916397n1-nev28761784n249">
<procstep id="nev27916397n1-nev28761784n248" toc-include="yes">
<grate id="nev27916397n1-nev28761784n247">
<graphic id="nev27916397n1-nev28761784n246">
<href>0900c8af8345cf4#@#@#9#.jpeg</href>
</graphic>
<graphtext id="nev27916397n1-nev28761784n242">
<list1 enumtype="n" id="nev27916397n1-nev28761784n238">
<item id="nev27916397n1-nev28761784n237">
<ptxt id="nev27916397n1-nev28761784n235">Measure from th#@#@#4#ntre.</ptxt>
</item>
<item id="nev27916397n1-nev28761784n234">
<ptxt id="nev27916397n1-nev28761784n233">Measure from th#@#@#2#edge.</ptxt>
</item>
<item id="nev27916397n1-nev28761784n232">
<ptxt id="nev27916397n1-nev28761784n231">Measure from th#@#@#5# edge</ptxt>
</item>
</list1>
</graphtext>
</grate>
<grate id="nev27916397n1-nev28761784n219">
<graphic id="nev27916397n1-nev28761784n218">
<href>0900c8af8345cf5#@#@#9#.jpeg</href>
</graphic>
<graphtext id="nev27916397n1-nev28761784n214">
<ptxt id="nev27916397n1-nev28761784n212">Measurement tak#@#@#221#gure.</ptxt>
</graphtext>
</grate>
<grate id="nev27916397n1-nev28761784n210" pgwide="1">
<graphic id="nev27916397n1-nev28761784n209">
<href>0900c8af87eadb1#@#@#11#.jpeg</href>
</graphic>
</grate>
</procstep>
</stepgrp>
</procedure>
</servinfosub>