<?xml version="1.0" encoding="UTF-8"?><servinfosub IE-ID="en-US0900c8af80bec709" docno="VCC-090830" id="KC01143061" xml:lang="en-US">
<title>Switches lights#@#@#6#acing</title>
<procedure>
<stepgrp id="KC01188802">
<title>Removal</title>
<procstep>
<title>Light switches #@#@#3#embly</title>
<grate>
<graphic id="KC03291274">
<href>0900c8af80057b9#@#@#9#.jpeg</href>
</graphic>
<graphtext>
<list1 enumtype="d">
<item>
<ptxt>Ignition off</ptxt>
</item>
<item>
<ptxt>Remove the fuse#@#@#8#over </ptxt>
</item>
<item>
<ptxt>Press out the l#@#@#19#hind.</ptxt>
</item>
</list1>
</graphtext>
</grate>
</procstep>
<procstep>
<title>Bulb</title>
<list1 enumtype="d">
<item>
<ptxt>Remove the ligh#@#@#3#witch</ptxt>
</item>
<item>
<ptxt>Twist counter-c#@#@#59#ulb. </ptxt>
</item>
</list1>
</procstep>
</stepgrp>
<stepgrp id="KC01188803">
<title>Installation</title>
<procstep>
<title>Bulb and light #@#@#1#witch</title>
<para>
<ptxt>In reverse order.</ptxt>
</para>
</procstep>
</stepgrp>
</procedure>
</servinfosub>