<?xml version="1.0" encoding="UTF-8"?><servinfosub IE-ID="en-US0900c8af80512709" docno="VCC-121383" id="KC01605589" xml:lang="en-US">
<title>
<phrase category="" id="KC07482551" phrase-urn="urn:x-nevis:phrase:0800c8af81b6d255">Signal missing</phrase>
</title>
<diagnostic type="test">
<testgrp IE-ID="en-US0900c8af80512709_KC01762291" id="KC01762291" j2008use="0" paperuse="1" resumable="1" screenuse="0" testgrp-id="node00" x="134" y="520">
<title>
<phrase category="" id="KC07482552" phrase-urn="urn:x-nevis:phrase:0800c8af81b6d258">DTC Text</phrase>
</title>
<node>
<test1>
<test2>
<diaglist>
<ditem>
<ditemtext>
<ptxt>
<phrase category="" id="KC07482553" phrase-urn="urn:x-nevis:phrase:0800c8af81b6d259"/>
</ptxt>
</ditemtext>
</ditem>
</diaglist>
</test2>
</test1>
<question>Select Continue.</question>
<resact-grp>
<result button="cont" comp="button" highlight="0"/>
<action j2008use="1" paperuse="1" screenuse="1">
<ptxt>
<xref>
<ref id="KC07482554"/>
</xref>
</ptxt>
</action>
</resact-grp>
</node>
</testgrp>
<testgrp id="KC01762292" j2008use="1" paperuse="1" resumable="1" screenuse="1" testgrp-id="node0" x="200" y="40">
<title>
<phrase category="" id="KC07482555" phrase-urn="urn:x-nevis:phrase:0800c8af81b6d25a">Connecting the #@#@#7#t box</phrase>
</title>
<iecalloutnode>
<diagcallout>
<xref>
<ref id="KC07482556"/>
</xref>
</diagcallout>
<test1>
<diaglist>
<dgraphic>
<dgraphic1>
<graphic id="KC07482557">
<href>0900c8af80054d4#@#@#9#.jpeg</href>
</graphic>
</dgraphic1>
<dgraphic2>
<graphic id="KC07482558">
<href>0900c8af80054d6#@#@#9#.jpeg</href>
</graphic>
</dgraphic2>
<dgraphic3>
<graphic id="KC07482559">
<href>0900c8af80054cc#@#@#9#.jpeg</href>
</graphic>
</dgraphic3>
</dgraphic>
<ditem>
<ptxt>
<phrase category="" id="KC07482560" phrase-urn="urn:x-nevis:phrase:0800c8af81b6d25d">Ignition off</phrase>
</ptxt>
</ditem>
<ditem>
<ptxt>
<phrase category="" id="KC07482561" phrase-urn="urn:x-nevis:phrase:0800c8af81b6d25e">Connector connected</phrase>
</ptxt>
</ditem>
<ditem>
<ptxt>
<phrase category="" id="KC07482562" phrase-urn="urn:x-nevis:phrase:0800c8af81b6d260">ECC control mod#@#@#9#cted.</phrase>
</ptxt>
</ditem>
</diaglist>
<test2>
<ptxt>
<phrase category="" id="KC07482563" phrase-urn="urn:x-nevis:phrase:0800c8af81b6d262">Connect the bre#@#@#51#ring.</phrase>
</ptxt>
<diaglist>
<dgraphic>
<dgraphic1>
<graphic id="KC07482564">
<href>0900c8af8005444#@#@#9#.jpeg</href>
</graphic>
</dgraphic1>
</dgraphic>
</diaglist>
</test2>
</test1>
<question/>
<resact-grp>
<result comp="string" highlight="0" op="eq" return="FAULT FOUND"/>
<action j2008use="1" paperuse="1" screenuse="1">
<ptxt>
<xref>
<ref id="KC07482565"/>
</xref>
</ptxt>
</action>
</resact-grp>
<resact-grp>
<result comp="string" highlight="0" op="eq" return="FAULT NOT FOUND"/>
<action j2008use="1" paperuse="1" screenuse="1">
<ptxt>
<xref>
<ref id="KC07482566"/>
</xref>
</ptxt>
</action>
</resact-grp>
<resact-grp>
<result comp="string" highlight="0" op="eq" return="FAULTTRACING FAILED"/>
<action j2008use="1" paperuse="1" screenuse="1">
<ptxt>
<xref>
<ref id="KC07482567"/>
</xref>
</ptxt>
</action>
</resact-grp>
<resact-grp>
<result comp="string" highlight="0" op="eq" return="DONE"/>
<action j2008use="1" paperuse="1" screenuse="1">
<ptxt>
<xref>
<ref id="KC07482568"/>
</xref>
</ptxt>
</action>
</resact-grp>
</iecalloutnode>
</testgrp>
<testgrp id="KC01762293" j2008use="1" paperuse="1" resumable="1" screenuse="1" testgrp-id="node99" x="308" y="520">
<title>
<phrase category="" id="KC07482569" phrase-urn="urn:x-nevis:phrase:0800c8af81b6d265">Checking voltage</phrase>
</title>
<node>
<test1>
<diaglist>
<dgraphic>
<dgraphic1>
<graphic id="KC07482570">
<href>0900c8af80054d5#@#@#9#.jpeg</href>
</graphic>
</dgraphic1>
</dgraphic>
<ditem>
<ptxt>
<phrase category="" id="KC07482571" phrase-urn="urn:x-nevis:phrase:0800c8af81b6d267">Ignition on.</phrase>
</ptxt>
</ditem>
</diaglist>
<test2>
<ptxt>
<phrase category="" id="KC07482572" phrase-urn="urn:x-nevis:phrase:0800c8af81b6d269">Connect a voltm#@#@#48#box. </phrase>
</ptxt>
<ptxt>
<phrase category="" id="KC07482573" phrase-urn="urn:x-nevis:phrase:0800c8af81b6d26b">The voltmeter s#@#@#72#low: </phrase>
</ptxt>
<list1 enumtype="d" type="unordered">
<item>
<ptxt>
<phrase category="" id="KC07482574" phrase-urn="urn:x-nevis:phrase:0800c8af81b6d26e">Position AUTO: #@#@#12#y 0 V</phrase>
</ptxt>
</item>
<item>
<ptxt>
<phrase category="" id="KC07482575" phrase-urn="urn:x-nevis:phrase:0800c8af81b6d270">Position 0: app#@#@#9#y 0 V</phrase>
</ptxt>
</item>
<item>
<ptxt>
<phrase category="" id="KC07482576" phrase-urn="urn:x-nevis:phrase:0800c8af81b6d273">Position 1: app#@#@#11#1.3 V</phrase>
</ptxt>
</item>
<item>
<ptxt>
<phrase category="" id="KC07482577" phrase-urn="urn:x-nevis:phrase:0800c8af81b6d274">Position 2: app#@#@#11#1.4 V</phrase>
</ptxt>
</item>
<item>
<ptxt>
<phrase category="" id="KC07482578" phrase-urn="urn:x-nevis:phrase:0800c8af81b6d275">Position 3: app#@#@#11#1.5 V</phrase>
</ptxt>
</item>
<item>
<ptxt>
<phrase category="" id="KC07482579" phrase-urn="urn:x-nevis:phrase:0800c8af81b6d27a">Position 4: app#@#@#12#.7 V.</phrase>
</ptxt>
</item>
</list1>
<diaglist>
<dgraphic>
<dgraphic1>
<graphic id="KC07482580">
<href>0900c8af8005444#@#@#9#.jpeg</href>
</graphic>
</dgraphic1>
<dgraphic2>
<graphic id="KC07482581">
<href>0900c8af80054d4#@#@#9#.jpeg</href>
</graphic>
<smarttool id="KC07482582" toolname="VDCDA"/>
</dgraphic2>
</dgraphic>
<ditem>
<ditemtext>
<ptxt>
<phrase category="" id="KC07482583" phrase-urn="urn:x-nevis:phrase:0800c8af81b6d250"/>
</ptxt>
</ditemtext>
</ditem>
</diaglist>
</test2>
</test1>
<question>Are the voltage#@#@#8#s OK?</question>
<resact-grp>
<result button="yes" comp="button" highlight="0"/>
<action j2008use="1" paperuse="1" screenuse="1">
<ptxt>
<xref>
<ref id="KC07482584"/>
</xref>
</ptxt>
</action>
</resact-grp>
<resact-grp>
<result button="no" comp="button" highlight="0"/>
<action j2008use="1" paperuse="1" screenuse="1">
<ptxt>
<xref>
<ref id="KC07482585"/>
</xref>
</ptxt>
</action>
</resact-grp>
</node>
</testgrp>
<testgrp id="KC01762294" j2008use="1" paperuse="1" resumable="1" screenuse="1" testgrp-id="node1" x="200" y="120">
<title>
<phrase category="" id="KC07482586" phrase-urn="urn:x-nevis:phrase:0800c8af81b6d251">Checking the re#@#@#16#cable</phrase>
</title>
<node>
<test1>
<diaglist>
<dgraphic>
<dgraphic1>
<graphic id="KC07482587">
<href>0900c8af80054d4#@#@#9#.jpeg</href>
</graphic>
</dgraphic1>
<dgraphic2>
<graphic id="KC07482588">
<href>0900c8af80054d7#@#@#9#.jpeg</href>
</graphic>
</dgraphic2>
<dgraphic3>
<graphic id="KC07482589">
<href>0900c8af80054cc#@#@#9#.jpeg</href>
</graphic>
</dgraphic3>
</dgraphic>
<ditem>
<ptxt>
<phrase category="" id="KC07482590" phrase-urn="urn:x-nevis:phrase:0800c8af81b6d27b">Ignition off</phrase>
</ptxt>
</ditem>
<ditem>
<ptxt>
<phrase category="" id="KC07482591" phrase-urn="urn:x-nevis:phrase:0800c8af81b6d27e">Disconnect the #@#@#13#odule</phrase>
</ptxt>
</ditem>
<ditem>
<ptxt>
<phrase category="" id="KC07482592" phrase-urn="urn:x-nevis:phrase:0800c8af81b6d284">Disconnect the #@#@#36#unit.</phrase>
</ptxt>
</ditem>
</diaglist>
<test2>
<ptxt>
<phrase category="" id="KC07482593" phrase-urn="urn:x-nevis:phrase:0800c8af81b6d286">Connect an ohmm#@#@#112#nit. </phrase>
</ptxt>
<diaglist>
<dgraphic>
<dgraphic1>
<graphic id="KC07482594">
<href>0900c8af80122ee#@#@#9#.jpeg</href>
</graphic>
</dgraphic1>
<dgraphic2>
<graphic id="KC07482595">
<href>0900c8af80054d4#@#@#9#.jpeg</href>
</graphic>
<smarttool id="KC07482596" toolname="ODA"/>
</dgraphic2>
</dgraphic>
<ditem>
<ditemtext>
<ptxt>
<phrase category="" id="KC07482597" phrase-urn="urn:x-nevis:phrase:0800c8af81b6d288"/>
</ptxt>
</ditemtext>
</ditem>
</diaglist>
</test2>
</test1>
<question>The ohmmeter sh#@#@#9# 0 Ω.</question>
<resact-grp>
<result button="ok" comp="button" highlight="0"/>
<action j2008use="1" paperuse="1" screenuse="1">
<ptxt>
<xref>
<ref id="KC07482598"/>
</xref>
</ptxt>
</action>
</resact-grp>
<resact-grp>
<result button="notok" comp="button" highlight="0"/>
<action j2008use="1" paperuse="1" screenuse="1">
<ptxt>
<xref>
<ref id="KC07482599"/>
</xref>
</ptxt>
</action>
</resact-grp>
</node>
</testgrp>
<testgrp id="KC01762295" j2008use="1" paperuse="1" resumable="1" screenuse="1" testgrp-id="node31" x="200" y="200">
<title>
<phrase category="" id="KC07482600" phrase-urn="urn:x-nevis:phrase:0800c8af81b6d28a">Checking the re#@#@#16#cable</phrase>
</title>
<node>
<test1>
<diaglist>
<dgraphic>
<dgraphic1>
<graphic id="KC07482601">
<href>0900c8af80054d4#@#@#9#.jpeg</href>
</graphic>
</dgraphic1>
<dgraphic2>
<graphic id="KC07482602">
<href>0900c8af80054d7#@#@#9#.jpeg</href>
</graphic>
</dgraphic2>
</dgraphic>
<ditem>
<ptxt>
<phrase category="" id="KC07482603" phrase-urn="urn:x-nevis:phrase:0800c8af81b6d28c">Ignition off</phrase>
</ptxt>
</ditem>
<ditem>
<ptxt>
<phrase category="" id="KC07482604" phrase-urn="urn:x-nevis:phrase:0800c8af81b6d28e">The connector f#@#@#41#ted. </phrase>
</ptxt>
</ditem>
</diaglist>
<test2>
<ptxt>
<phrase category="" id="KC07482605" phrase-urn="urn:x-nevis:phrase:0800c8af81b6d290">Connect an ohmm#@#@#82#unit.</phrase>
</ptxt>
<diaglist>
<dgraphic>
<dgraphic1>
<graphic id="KC07482606">
<href>0900c8af80122ee#@#@#9#.jpeg</href>
</graphic>
</dgraphic1>
<dgraphic2>
<graphic id="KC07482607">
<href>0900c8af80054d4#@#@#9#.jpeg</href>
</graphic>
<smarttool id="KC07482608" toolname="ODA"/>
</dgraphic2>
</dgraphic>
<ditem>
<ditemtext>
<ptxt>
<phrase category="" id="KC07482609" phrase-urn="urn:x-nevis:phrase:0800c8af81b6d291"/>
</ptxt>
</ditemtext>
</ditem>
</diaglist>
</test2>
</test1>
<question>The ohmmeter sh#@#@#9# 0 Ω.</question>
<resact-grp>
<result button="ok" comp="button" highlight="0"/>
<action j2008use="1" paperuse="1" screenuse="1">
<ptxt>
<xref>
<ref id="KC07482610"/>
</xref>
</ptxt>
</action>
</resact-grp>
<resact-grp>
<result button="notok" comp="button" highlight="0"/>
<action j2008use="1" paperuse="1" screenuse="1">
<ptxt>
<xref>
<ref id="KC07482611"/>
</xref>
</ptxt>
</action>
</resact-grp>
</node>
</testgrp>
<testgrp id="KC01762296" j2008use="1" paperuse="1" resumable="1" screenuse="1" testgrp-id="node41" x="482" y="520">
<title>
<phrase category="" id="KC07482612" phrase-urn="urn:x-nevis:phrase:0800c8af81b6d294">Checking for an#@#@#8#rcuit</phrase>
</title>
<node>
<test1>
<test2>
<ptxt>
<phrase category="" id="KC07482613" phrase-urn="urn:x-nevis:phrase:0800c8af81b6d298">Check the cable#@#@#140#g to <xref>
<ref id="KC07482614"/>
</xref>.</phrase>
</ptxt>
<diaglist>
<dgraphic>
<dgraphic1>
<graphic id="KC07482615">
<href>0900c8af80122ee#@#@#9#.jpeg</href>
</graphic>
</dgraphic1>
<dgraphic2>
<graphic id="KC07482616">
<href>0900c8af80054d4#@#@#9#.jpeg</href>
</graphic>
<smarttool id="KC07482617" toolname="ODA"/>
</dgraphic2>
</dgraphic>
<ditem>
<ditemtext>
<ptxt>
<phrase category="" id="KC07482618" phrase-urn="urn:x-nevis:phrase:0800c8af81b6d29a"/>
</ptxt>
</ditemtext>
</ditem>
</diaglist>
</test2>
</test1>
<question>Select Continue#@#@#29#died.</question>
<resact-grp>
<result button="cont" comp="button" highlight="0"/>
<action j2008use="1" paperuse="1" screenuse="1">
<ptxt>
<xref>
<ref id="KC07482619"/>
</xref>
</ptxt>
</action>
</resact-grp>
</node>
</testgrp>
<testgrp id="KC01762297" j2008use="1" paperuse="1" resumable="1" screenuse="1" testgrp-id="node2" x="200" y="280">
<title>
<phrase category="" id="KC07482620" phrase-urn="urn:x-nevis:phrase:0800c8af81b6d2a0">Checking the re#@#@#16#cable</phrase>
</title>
<node>
<test1>
<diaglist>
<dgraphic>
<dgraphic1>
<graphic id="KC07482621">
<href>0900c8af80054d4#@#@#9#.jpeg</href>
</graphic>
</dgraphic1>
<dgraphic2>
<graphic id="KC07482622">
<href>0900c8af80054d7#@#@#9#.jpeg</href>
</graphic>
</dgraphic2>
</dgraphic>
<ditem>
<ptxt>
<phrase category="" id="KC07482623" phrase-urn="urn:x-nevis:phrase:0800c8af81b6d2a5">Ignition off</phrase>
</ptxt>
</ditem>
<ditem>
<ptxt>
<phrase category="" id="KC07482624" phrase-urn="urn:x-nevis:phrase:0800c8af81b6d2ad">Disconnect the #@#@#31#otor.</phrase>
</ptxt>
</ditem>
</diaglist>
<test2>
<ptxt>
<phrase category="" id="KC07482625" phrase-urn="urn:x-nevis:phrase:0800c8af81b6d2b0">Connect an ohmm#@#@#108#unit.</phrase>
</ptxt>
<diaglist>
<dgraphic>
<dgraphic1>
<graphic id="KC07482626">
<href>0900c8af80122ed#@#@#9#.jpeg</href>
</graphic>
</dgraphic1>
<dgraphic2>
<graphic id="KC07482627">
<href>0900c8af80054d4#@#@#9#.jpeg</href>
</graphic>
<smarttool id="KC07482628" toolname="ODA"/>
</dgraphic2>
</dgraphic>
<ditem>
<ditemtext>
<ptxt>
<phrase category="" id="KC07482629" phrase-urn="urn:x-nevis:phrase:0800c8af81b6d2b1"/>
</ptxt>
</ditemtext>
</ditem>
</diaglist>
</test2>
</test1>
<question>The ohmmeter sh#@#@#23# 0Ω. </question>
<resact-grp>
<result button="ok" comp="button" highlight="0"/>
<action j2008use="1" paperuse="1" screenuse="1">
<ptxt>
<xref>
<ref id="KC07482630"/>
</xref>
</ptxt>
</action>
</resact-grp>
<resact-grp>
<result button="notok" comp="button" highlight="0"/>
<action j2008use="1" paperuse="1" screenuse="1">
<ptxt>
<xref>
<ref id="KC07482631"/>
</xref>
</ptxt>
</action>
</resact-grp>
</node>
</testgrp>
<testgrp id="KC01762298" j2008use="1" paperuse="1" resumable="1" screenuse="1" testgrp-id="node42" x="656" y="520">
<title>
<phrase category="" id="KC07482632" phrase-urn="urn:x-nevis:phrase:0800c8af81b6d2b3">Checking for an#@#@#8#rcuit</phrase>
</title>
<node>
<test1>
<test2>
<ptxt>
<phrase category="" id="KC07482633" phrase-urn="urn:x-nevis:phrase:0800c8af81b6d2b4">Check the cable#@#@#111#g to <xref>
<ref id="KC07482634"/>
</xref>.</phrase>
</ptxt>
<diaglist>
<dgraphic>
<dgraphic1>
<graphic id="KC07482635">
<href>0900c8af80122ee#@#@#9#.jpeg</href>
</graphic>
</dgraphic1>
<dgraphic2>
<graphic id="KC07482636">
<href>0900c8af80054d4#@#@#9#.jpeg</href>
</graphic>
<smarttool id="KC07482637" toolname="ODA"/>
</dgraphic2>
</dgraphic>
<ditem>
<ditemtext>
<ptxt>
<phrase category="" id="KC07482638" phrase-urn="urn:x-nevis:phrase:0800c8af81b6d2b6"/>
</ptxt>
</ditemtext>
</ditem>
</diaglist>
</test2>
</test1>
<question>Select Continue#@#@#29#died.</question>
<resact-grp>
<result button="cont" comp="button" highlight="0"/>
<action j2008use="1" paperuse="1" screenuse="1">
<ptxt>
<xref>
<ref id="KC07482639"/>
</xref>
</ptxt>
</action>
</resact-grp>
</node>
</testgrp>
<testgrp id="KC01762299" j2008use="1" paperuse="1" resumable="1" screenuse="1" testgrp-id="node32" x="830" y="520">
<title>
<phrase category="" id="KC07482640" phrase-urn="urn:x-nevis:phrase:0800c8af81b6d2b7">Replacing the c#@#@#3#onent</phrase>
</title>
<node>
<test1>
<test2>
<list1 enumtype="d" type="unordered">
<item>
<ptxt>
<phrase category="" id="KC07482641" phrase-urn="urn:x-nevis:phrase:0800c8af81b6d2b8">Replace the blo#@#@#22#g to <xref>
<ref id="KC07482642"/>
</xref>.</phrase>
</ptxt>
</item>
</list1>
</test2>
</test1>
<question>Select "Continu#@#@#35#aced.</question>
<resact-grp>
<result button="cont" comp="button" highlight="0"/>
<action j2008use="1" paperuse="1" screenuse="1">
<ptxt>
<xref>
<ref id="KC07482643"/>
</xref>
</ptxt>
</action>
</resact-grp>
</node>
</testgrp>
<testgrp id="KC01762300" j2008use="1" paperuse="1" resumable="1" screenuse="1" testgrp-id="node3" x="400" y="280">
<title>
<phrase category="" id="KC07482644" phrase-urn="urn:x-nevis:phrase:0800c8af81b6d2bc">Replacing the c#@#@#3#onent</phrase>
</title>
<node>
<test1>
<test2>
<list1 enumtype="d" type="unordered">
<item>
<ptxt>
<phrase category="" id="KC07482645" phrase-urn="urn:x-nevis:phrase:0800c8af81b6d2c0">Replace the blo#@#@#14#unit.</phrase>
</ptxt>
</item>
</list1>
</test2>
</test1>
<question>Select "Continu#@#@#35#aced.</question>
<resact-grp>
<result button="cont" comp="button" highlight="0"/>
<action j2008use="1" paperuse="1" screenuse="1">
<ptxt>
<xref>
<ref id="KC07482646"/>
</xref>
</ptxt>
</action>
</resact-grp>
</node>
</testgrp>
<testgrp id="KC01762301" j2008use="1" paperuse="1" resumable="1" screenuse="1" testgrp-id="node4" x="160" y="360">
<title>
<phrase category="" id="KC07482647" phrase-urn="urn:x-nevis:phrase:0800c8af81b6d2c4">Checking for an#@#@#8#rcuit</phrase>
</title>
<node>
<test1>
<test2>
<ptxt>
<phrase category="" id="KC07482648" phrase-urn="urn:x-nevis:phrase:0800c8af81b6d2c6">Check the cable#@#@#152#g to <xref>
<ref id="KC07482649"/>
</xref>.</phrase>
</ptxt>
<diaglist>
<dgraphic>
<dgraphic1>
<graphic id="KC07482650">
<href>0900c8af80122ee#@#@#9#.jpeg</href>
</graphic>
</dgraphic1>
<dgraphic2>
<graphic id="KC07482651">
<href>0900c8af80054d4#@#@#9#.jpeg</href>
</graphic>
<smarttool id="KC07482652" toolname="ODA"/>
</dgraphic2>
</dgraphic>
<ditem>
<ditemtext>
<ptxt>
<phrase category="" id="KC07482653" phrase-urn="urn:x-nevis:phrase:0800c8af81b6d2c9"/>
</ptxt>
</ditemtext>
</ditem>
</diaglist>
</test2>
</test1>
<question>Select Continue#@#@#29#died.</question>
<resact-grp>
<result button="cont" comp="button" highlight="0"/>
<action j2008use="1" paperuse="1" screenuse="1">
<ptxt>
<xref>
<ref id="KC07482654"/>
</xref>
</ptxt>
</action>
</resact-grp>
</node>
</testgrp>
<testgrp id="KC01762302" j2008use="1" paperuse="1" resumable="1" screenuse="1" testgrp-id="veri" x="600" y="280">
<title>
<phrase category="" id="KC07482655" phrase-urn="urn:x-nevis:phrase:0800c8af81b6d2cb">Verification</phrase>
</title>
<subcalloutnode>
<diagcallout>
<xref>
<ref id="KC07482656"/>
</xref>
</diagcallout>
<rescall-grp>
<result comp="string" highlight="0" op="eq" return="VERIFIED"/>
<calloutaction>
<return value="FAULT FOUND"/>
</calloutaction>
</rescall-grp>
<rescall-grp>
<result comp="string" highlight="0" op="eq" return="VERIFICATION FAILED"/>
<calloutaction>
<ptxt>
<xref>
<ref id="KC07482657"/>
</xref>
</ptxt>
</calloutaction>
</rescall-grp>
</subcalloutnode>
</testgrp>
<testgrp id="KC01762303" j2008use="1" paperuse="1" resumable="1" screenuse="1" testgrp-id="info1" x="600" y="120">
<title>
<phrase category="" id="KC07482658" phrase-urn="urn:x-nevis:phrase:0800c8af81b6d2cd">Fault-tracing i#@#@#5#ation</phrase>
</title>
<subcalloutnode>
<diagcallout>
<xref>
<ref id="KC07482659"/>
</xref>
</diagcallout>
<rescall-grp>
<result comp="string" highlight="0" op="eq" return="NEW TRY"/>
<calloutaction>
<ptxt>
<xref>
<ref id="KC07482660"/>
</xref>
</ptxt>
</calloutaction>
</rescall-grp>
<rescall-grp>
<result comp="string" highlight="0" op="eq" return="FAULTTRACING FAILED"/>
<calloutaction>
<return value="FAULTTRACING FAILED"/>
</calloutaction>
</rescall-grp>
</subcalloutnode>
</testgrp>
</diagnostic>
</servinfosub>