<?xml version="1.0" encoding="UTF-8"?><servinfosub IE-ID="en-US0900c8af85337709" docno="VCC-131928" id="KC01253528" servinfosubId="nev20683526n1-nev20683526n2" servinfosubRes="0900c8af862b94fc" servinfosubRes2="urn:x-nevis:fragment:0900c8af85337709:0900c8af862b94fc#nev20683526n2" xml:lang="en-US">
<title id="nev12234184n250">Service Program B</title>
<table frame="all" id="nev20683526n1-nev12234184n248" pgwide="1">
<tgroup cols="12" colsep="1" id="nev20683526n1-nev12234184n246" rowsep="1">
<colspec colwidth="113*" id="nev20683526n1-nev12234184n244"/>
<colspec colname="col2" colwidth="119*" id="nev20683526n1-nev12234184n243"/>
<colspec colname="col3" colwidth="22*" id="nev20683526n1-nev12234184n242"/>
<colspec colname="col4" colwidth="22*" id="nev20683526n1-nev12234184n241"/>
<colspec colname="col5" colwidth="22*" id="nev20683526n1-nev12234184n240"/>
<colspec colname="col6" colwidth="23*" id="nev20683526n1-nev12234184n239"/>
<colspec colname="col7" colwidth="23*" id="nev20683526n1-nev12234184n238"/>
<colspec colname="col8" colwidth="23*" id="nev20683526n1-nev12234184n237"/>
<colspec colname="col9" colwidth="22*" id="nev20683526n1-nev12234184n236"/>
<colspec colname="col10" colwidth="22*" id="nev20683526n1-nev12234184n235"/>
<colspec colname="col11" colwidth="22*" id="nev20683526n1-nev12234184n234"/>
<colspec colname="col12" colwidth="23*" id="nev20683526n1-nev12234184n233"/>
<tbody id="nev20683526n1-nev12234184n232">
<row id="nev20683526n1-nev12234184n230">
<entry align="left" id="nev20683526n1-nev12234184n228" rowsep="0" valign="top">
<ptxt id="nev20683526n1-nev12234184n226">
<emph id="nev20683526n1-nev12234184n224">Programme item:</emph>
</ptxt>
</entry>
<entry align="right" id="nev20683526n1-nev12234184n222" rowsep="0" valign="middle">
<ptxt id="nev20683526n1-nev12234184n220">
<emph id="nev20683526n1-nev12234184n218">year:</emph>
</ptxt>
</entry>
<entry align="center" id="nev20683526n1-nev12234184n216" valign="middle">
<ptxt id="nev20683526n1-nev12234184n214">
<emph id="nev20683526n1-nev12234184n212">11</emph>
</ptxt>
</entry>
<entry align="center" id="nev20683526n1-nev12234184n210" valign="middle">
<ptxt id="nev20683526n1-nev12234184n208">
<emph id="nev20683526n1-nev12234184n206">12</emph>
</ptxt>
</entry>
<entry align="center" id="nev20683526n1-nev12234184n204" valign="middle">
<ptxt id="nev20683526n1-nev12234184n202">
<emph id="nev20683526n1-nev12234184n200">13</emph>
</ptxt>
</entry>
<entry align="center" id="nev20683526n1-nev12234184n198" valign="middle">
<ptxt id="nev20683526n1-nev12234184n196">
<emph id="nev20683526n1-nev12234184n194">14</emph>
</ptxt>
</entry>
<entry align="center" id="nev20683526n1-nev12234184n192" valign="middle">
<ptxt id="nev20683526n1-nev12234184n190">
<emph id="nev20683526n1-nev12234184n188">15</emph>
</ptxt>
</entry>
<entry align="center" id="nev20683526n1-nev12234184n186" valign="middle">
<ptxt id="nev20683526n1-nev12234184n184">
<emph id="nev20683526n1-nev12234184n182">16</emph>
</ptxt>
</entry>
<entry align="center" id="nev20683526n1-nev12234184n180" valign="middle">
<ptxt id="nev20683526n1-nev12234184n178">
<emph id="nev20683526n1-nev12234184n176">17</emph>
</ptxt>
</entry>
<entry align="center" id="nev20683526n1-nev12234184n174" valign="middle">
<ptxt id="nev20683526n1-nev12234184n172">
<emph id="nev20683526n1-nev12234184n170">18</emph>
</ptxt>
</entry>
<entry align="center" id="nev20683526n1-nev12234184n168" valign="middle">
<ptxt id="nev20683526n1-nev12234184n166">
<emph id="nev20683526n1-nev12234184n164">19</emph>
</ptxt>
</entry>
<entry align="center" id="nev20683526n1-nev12234184n162" valign="middle">
<ptxt id="nev20683526n1-nev12234184n160">
<emph id="nev20683526n1-nev12234184n158">20</emph>
</ptxt>
</entry>
</row>
<row id="nev20683526n1-nev12234184n156">
<entry align="left" id="nev20683526n1-nev12234184n154" valign="top">
<ptxt id="nev20683526n1-nev12234184n152">
<emph id="nev20683526n1-nev12234184n150">S60 petrol engines</emph>
</ptxt>
</entry>
<entry align="right" id="nev20683526n1-nev12234184n148" valign="middle">
<ptxt id="nev20683526n1-nev12234184n146">
<emph id="nev20683526n1-nev12234184n144">km x 1000:</emph>
</ptxt>
</entry>
<entry align="center" id="nev20683526n1-nev12234184n142" valign="middle">
<ptxt id="nev20683526n1-nev12234184n140">
<emph id="nev20683526n1-nev12234184n138">220</emph>
</ptxt>
</entry>
<entry align="center" id="nev20683526n1-nev12234184n136" valign="middle">
<ptxt id="nev20683526n1-nev12234184n134">
<emph id="nev20683526n1-nev12234184n132">240</emph>
</ptxt>
</entry>
<entry align="center" id="nev20683526n1-nev12234184n130" valign="middle">
<ptxt id="nev20683526n1-nev12234184n128">
<emph id="nev20683526n1-nev12234184n126">260</emph>
</ptxt>
</entry>
<entry align="center" id="nev20683526n1-nev12234184n124" valign="middle">
<ptxt id="nev20683526n1-nev12234184n122">
<emph id="nev20683526n1-nev12234184n120">280</emph>
</ptxt>
</entry>
<entry align="center" id="nev20683526n1-nev12234184n118" valign="middle">
<ptxt id="nev20683526n1-nev12234184n116">
<emph id="nev20683526n1-nev12234184n114">300</emph>
</ptxt>
</entry>
<entry align="center" id="nev20683526n1-nev12234184n112" valign="middle">
<ptxt id="nev20683526n1-nev12234184n110">
<emph id="nev20683526n1-nev12234184n108">320</emph>
</ptxt>
</entry>
<entry align="center" id="nev20683526n1-nev12234184n106" valign="middle">
<ptxt id="nev20683526n1-nev12234184n104">
<emph id="nev20683526n1-nev12234184n102">340</emph>
</ptxt>
</entry>
<entry align="center" id="nev20683526n1-nev12234184n100" valign="middle">
<ptxt id="nev20683526n1-nev12234184n98">
<emph id="nev20683526n1-nev12234184n96">360</emph>
</ptxt>
</entry>
<entry align="center" id="nev20683526n1-nev12234184n94" valign="middle">
<ptxt id="nev20683526n1-nev12234184n92">
<emph id="nev20683526n1-nev12234184n90">380</emph>
</ptxt>
</entry>
<entry align="center" id="nev20683526n1-nev12234184n88" valign="middle">
<ptxt id="nev20683526n1-nev12234184n86">
<emph id="nev20683526n1-nev12234184n84">400</emph>
</ptxt>
</entry>
</row>
<row id="nev20683526n1-nev12234184n82">
<entry align="left" id="nev20683526n1-nev12234184n80" valign="top">
<ptxt id="nev20683526n1-nev12234184n78">
<emph id="nev20683526n1-nev12234184n76">Automatic trans#@#@#2#ssion</emph>
</ptxt>
<ptxt id="nev20683526n1-nev12234184n74">-check start in#@#@#2#rlock</ptxt>
</entry>
<entry align="left" id="nev20683526n1-nev12234184n72" valign="middle"/>
<entry align="center" id="nev20683526n1-nev12234184n70" valign="middle">
<ptxt id="nev20683526n1-nev12234184n68">x</ptxt>
</entry>
<entry align="center" id="nev20683526n1-nev12234184n66" valign="middle">
<ptxt id="nev20683526n1-nev12234184n64">x</ptxt>
</entry>
<entry align="center" id="nev20683526n1-nev12234184n62" valign="middle">
<ptxt id="nev20683526n1-nev12234184n60">x</ptxt>
</entry>
<entry align="center" id="nev20683526n1-nev12234184n58" valign="middle">
<ptxt id="nev20683526n1-nev12234184n56">x</ptxt>
</entry>
<entry align="center" id="nev20683526n1-nev12234184n54" valign="middle">
<ptxt id="nev20683526n1-nev12234184n52">x</ptxt>
</entry>
<entry align="center" id="nev20683526n1-nev12234184n50" valign="middle">
<ptxt id="nev20683526n1-nev12234184n48">x</ptxt>
</entry>
<entry align="center" id="nev20683526n1-nev12234184n46" valign="middle">
<ptxt id="nev20683526n1-nev12234184n44">x</ptxt>
</entry>
<entry align="center" id="nev20683526n1-nev12234184n42" valign="middle">
<ptxt id="nev20683526n1-nev12234184n40">x</ptxt>
</entry>
<entry align="center" id="nev20683526n1-nev12234184n38" valign="middle">
<ptxt id="nev20683526n1-nev12234184n36">x</ptxt>
</entry>
<entry align="center" id="nev20683526n1-nev12234184n34" valign="middle">
<ptxt id="nev20683526n1-nev12234184n32">x</ptxt>
</entry>
</row>
<row id="nev20683526n1-nev12234184n30">
<entry align="left" id="nev20683526n1-nev12234184n28" valign="top">
<ptxt id="nev20683526n1-nev12234184n26">
<emph id="nev20683526n1-nev12234184n24">Parking brake</emph>
</ptxt>
<ptxt id="nev20683526n1-nev12234184n22">-check/adjust</ptxt>
</entry>
<entry align="left" id="nev20683526n1-nev12234184n20" valign="middle"/>
<entry align="center" id="nev20683526n1-nev12234184n18" valign="middle">
<ptxt id="nev20683526n1-nev12234184n16">x</ptxt>
</entry>
<entry align="center" id="nev20683526n1-nev12234184n14" valign="middle">
<ptxt id="nev20683526n1-nev12234184n12">x</ptxt>
</entry>
<entry align="center" id="nev20683526n1-nev12234184n10" valign="middle">
<ptxt id="nev20683526n1-nev12234184n8">x</ptxt>
</entry>
<entry align="center" id="nev20683526n1-nev12234184n6" valign="middle">
<ptxt id="nev20683526n1-nev12234184n4">x</ptxt>
</entry>
<entry align="center" id="nev20683526n1-nev12234184n2" valign="middle">
<ptxt id="nev20683526n1-nev12234185n250">x</ptxt>
</entry>
<entry align="center" id="nev20683526n1-nev12234185n248" valign="middle">
<ptxt id="nev20683526n1-nev12234185n246">x</ptxt>
</entry>
<entry align="center" id="nev20683526n1-nev12234185n244" valign="middle">
<ptxt id="nev20683526n1-nev12234185n242">x</ptxt>
</entry>
<entry align="center" id="nev20683526n1-nev12234185n240" valign="middle">
<ptxt id="nev20683526n1-nev12234185n238">x</ptxt>
</entry>
<entry align="center" id="nev20683526n1-nev12234185n236" valign="middle">
<ptxt id="nev20683526n1-nev12234185n234">x</ptxt>
</entry>
<entry align="center" id="nev20683526n1-nev12234185n232" valign="middle">
<ptxt id="nev20683526n1-nev12234185n230">x</ptxt>
</entry>
</row>
<row id="nev20683526n1-nev12234185n228">
<entry align="left" id="nev20683526n1-nev12234185n226" valign="top">
<ptxt id="nev20683526n1-nev12234185n224">
<emph id="nev20683526n1-nev12234185n222">Exterior lighting</emph>
</ptxt>
<ptxt id="nev20683526n1-nev12234185n220">-check function</ptxt>
</entry>
<entry align="left" id="nev20683526n1-nev12234185n218" valign="middle"/>
<entry align="center" id="nev20683526n1-nev12234185n216" valign="middle">
<ptxt id="nev20683526n1-nev12234185n214">x</ptxt>
</entry>
<entry align="center" id="nev20683526n1-nev12234185n212" valign="middle">
<ptxt id="nev20683526n1-nev12234185n210">x</ptxt>
</entry>
<entry align="center" id="nev20683526n1-nev12234185n208" valign="middle">
<ptxt id="nev20683526n1-nev12234185n206">x</ptxt>
</entry>
<entry align="center" id="nev20683526n1-nev12234185n204" valign="middle">
<ptxt id="nev20683526n1-nev12234185n202">x</ptxt>
</entry>
<entry align="center" id="nev20683526n1-nev12234185n200" valign="middle">
<ptxt id="nev20683526n1-nev12234185n198">x</ptxt>
</entry>
<entry align="center" id="nev20683526n1-nev12234185n196" valign="middle">
<ptxt id="nev20683526n1-nev12234185n194">x</ptxt>
</entry>
<entry align="center" id="nev20683526n1-nev12234185n192" valign="middle">
<ptxt id="nev20683526n1-nev12234185n190">x</ptxt>
</entry>
<entry align="center" id="nev20683526n1-nev12234185n188" valign="middle">
<ptxt id="nev20683526n1-nev12234185n186">x</ptxt>
</entry>
<entry align="center" id="nev20683526n1-nev12234185n184" valign="middle">
<ptxt id="nev20683526n1-nev12234185n182">x</ptxt>
</entry>
<entry align="center" id="nev20683526n1-nev12234185n180" valign="middle">
<ptxt id="nev20683526n1-nev12234185n178">x</ptxt>
</entry>
</row>
<row id="nev20683526n1-nev12234185n176">
<entry align="left" id="nev20683526n1-nev12234185n174" valign="top">
<ptxt id="nev20683526n1-nev12234185n172">
<emph id="nev20683526n1-nev12234185n170">Wipers/washers #@#@#35#lamps</emph>
</ptxt>
<ptxt id="nev20683526n1-nev12234185n168">-check function/wear</ptxt>
</entry>
<entry align="left" id="nev20683526n1-nev12234185n166" valign="middle"/>
<entry align="center" id="nev20683526n1-nev12234185n164" valign="middle">
<ptxt id="nev20683526n1-nev12234185n162">x</ptxt>
</entry>
<entry align="center" id="nev20683526n1-nev12234185n160" valign="middle">
<ptxt id="nev20683526n1-nev12234185n158">x</ptxt>
</entry>
<entry align="center" id="nev20683526n1-nev12234185n156" valign="middle">
<ptxt id="nev20683526n1-nev12234185n154">x</ptxt>
</entry>
<entry align="center" id="nev20683526n1-nev12234185n152" valign="middle">
<ptxt id="nev20683526n1-nev12234185n150">x</ptxt>
</entry>
<entry align="center" id="nev20683526n1-nev12234185n148" valign="middle">
<ptxt id="nev20683526n1-nev12234185n146">x</ptxt>
</entry>
<entry align="center" id="nev20683526n1-nev12234185n144" valign="middle">
<ptxt id="nev20683526n1-nev12234185n142">x</ptxt>
</entry>
<entry align="center" id="nev20683526n1-nev12234185n140" valign="middle">
<ptxt id="nev20683526n1-nev12234185n138">x</ptxt>
</entry>
<entry align="center" id="nev20683526n1-nev12234185n136" valign="middle">
<ptxt id="nev20683526n1-nev12234185n134">x</ptxt>
</entry>
<entry align="center" id="nev20683526n1-nev12234185n132" valign="middle">
<ptxt id="nev20683526n1-nev12234185n130">x</ptxt>
</entry>
<entry align="center" id="nev20683526n1-nev12234185n128" valign="middle">
<ptxt id="nev20683526n1-nev12234185n126">x</ptxt>
</entry>
</row>
<row id="nev20683526n1-nev12234185n124">
<entry align="left" id="nev20683526n1-nev12234185n122" valign="top">
<ptxt id="nev20683526n1-nev12234185n120">
<emph id="nev20683526n1-nev12234185n118">Crankcase venti#@#@#1#ation</emph>
</ptxt>
<ptxt id="nev20683526n1-nev12234185n116">(turbo engines only)</ptxt>
<ptxt id="nev20683526n1-nev12234185n114">-clean</ptxt>
</entry>
<entry align="left" id="nev20683526n1-nev12234185n112" valign="middle">
<ptxt id="nev20683526n1-nev12234185n110">Remove the gene#@#@#33#oses.</ptxt>
</entry>
<entry align="center" id="nev20683526n1-nev12234185n108" valign="middle"/>
<entry align="center" id="nev20683526n1-nev12234185n106" valign="middle">
<ptxt id="nev20683526n1-nev12234185n104">x</ptxt>
</entry>
<entry align="center" id="nev20683526n1-nev12234185n102" valign="middle"/>
<entry align="center" id="nev20683526n1-nev12234185n100" valign="middle"/>
<entry align="center" id="nev20683526n1-nev12234185n98" valign="middle"/>
<entry align="center" id="nev20683526n1-nev12234185n96" valign="middle">
<ptxt id="nev20683526n1-nev12234185n94">x</ptxt>
</entry>
<entry align="center" id="nev20683526n1-nev12234185n92" valign="middle"/>
<entry align="center" id="nev20683526n1-nev12234185n90" valign="middle"/>
<entry align="center" id="nev20683526n1-nev12234185n88" valign="middle"/>
<entry align="center" id="nev20683526n1-nev12234185n86" valign="middle">
<ptxt id="nev20683526n1-nev12234185n84">x</ptxt>
</entry>
</row>
<row id="nev20683526n1-nev12234185n82">
<entry align="left" id="nev20683526n1-nev12234185n80" valign="top">
<ptxt id="nev20683526n1-nev12234185n78">
<emph id="nev20683526n1-nev12234185n76">Engine</emph>
</ptxt>
<ptxt id="nev20683526n1-nev12234185n74">-check for leaks</ptxt>
</entry>
<entry align="left" id="nev20683526n1-nev12234185n72" valign="middle"/>
<entry align="center" id="nev20683526n1-nev12234185n70" valign="middle">
<ptxt id="nev20683526n1-nev12234185n68">x</ptxt>
</entry>
<entry align="center" id="nev20683526n1-nev12234185n66" valign="middle">
<ptxt id="nev20683526n1-nev12234185n64">x</ptxt>
</entry>
<entry align="center" id="nev20683526n1-nev12234185n62" valign="middle">
<ptxt id="nev20683526n1-nev12234185n60">x</ptxt>
</entry>
<entry align="center" id="nev20683526n1-nev12234185n58" valign="middle">
<ptxt id="nev20683526n1-nev12234185n56">x</ptxt>
</entry>
<entry align="center" id="nev20683526n1-nev12234185n54" valign="middle">
<ptxt id="nev20683526n1-nev12234185n52">x</ptxt>
</entry>
<entry align="center" id="nev20683526n1-nev12234185n50" valign="middle">
<ptxt id="nev20683526n1-nev12234185n48">x</ptxt>
</entry>
<entry align="center" id="nev20683526n1-nev12234185n46" valign="middle">
<ptxt id="nev20683526n1-nev12234185n44">x</ptxt>
</entry>
<entry align="center" id="nev20683526n1-nev12234185n42" valign="middle">
<ptxt id="nev20683526n1-nev12234185n40">x</ptxt>
</entry>
<entry align="center" id="nev20683526n1-nev12234185n38" valign="middle">
<ptxt id="nev20683526n1-nev12234185n36">x</ptxt>
</entry>
<entry align="center" id="nev20683526n1-nev12234185n34" valign="middle">
<ptxt id="nev20683526n1-nev12234185n32">x</ptxt>
</entry>
</row>
<row id="nev20683526n1-nev12234185n30">
<entry align="left" id="nev20683526n1-nev12234185n28" rowsep="0" valign="top">
<ptxt id="nev20683526n1-nev12234185n26">
<emph id="nev20683526n1-nev12234185n24">Programme item:</emph>
</ptxt>
</entry>
<entry align="right" id="nev20683526n1-nev12234185n22" rowsep="0" valign="middle">
<ptxt id="nev20683526n1-nev12234185n20">
<emph id="nev20683526n1-nev12234185n18">year:</emph>
</ptxt>
</entry>
<entry align="center" id="nev20683526n1-nev12234185n16" valign="middle">
<ptxt id="nev20683526n1-nev12234185n14">
<emph id="nev20683526n1-nev12234185n12">11</emph>
</ptxt>
</entry>
<entry align="center" id="nev20683526n1-nev12234185n10" valign="middle">
<ptxt id="nev20683526n1-nev12234185n8">
<emph id="nev20683526n1-nev12234185n6">12</emph>
</ptxt>
</entry>
<entry align="center" id="nev20683526n1-nev12234185n4" valign="middle">
<ptxt id="nev20683526n1-nev12234185n2">
<emph id="nev20683526n1-nev12234186n250">13</emph>
</ptxt>
</entry>
<entry align="center" id="nev20683526n1-nev12234186n248" valign="middle">
<ptxt id="nev20683526n1-nev12234186n246">
<emph id="nev20683526n1-nev12234186n244">14</emph>
</ptxt>
</entry>
<entry align="center" id="nev20683526n1-nev12234186n242" valign="middle">
<ptxt id="nev20683526n1-nev12234186n240">
<emph id="nev20683526n1-nev12234186n238">15</emph>
</ptxt>
</entry>
<entry align="center" id="nev20683526n1-nev12234186n236" valign="middle">
<ptxt id="nev20683526n1-nev12234186n234">
<emph id="nev20683526n1-nev12234186n232">16</emph>
</ptxt>
</entry>
<entry align="center" id="nev20683526n1-nev12234186n230" valign="middle">
<ptxt id="nev20683526n1-nev12234186n228">
<emph id="nev20683526n1-nev12234186n226">17</emph>
</ptxt>
</entry>
<entry align="center" id="nev20683526n1-nev12234186n224" valign="middle">
<ptxt id="nev20683526n1-nev12234186n222">
<emph id="nev20683526n1-nev12234186n220">18</emph>
</ptxt>
</entry>
<entry align="center" id="nev20683526n1-nev12234186n218" valign="middle">
<ptxt id="nev20683526n1-nev12234186n216">
<emph id="nev20683526n1-nev12234186n214">19</emph>
</ptxt>
</entry>
<entry align="center" id="nev20683526n1-nev12234186n212" valign="middle">
<ptxt id="nev20683526n1-nev12234186n210">
<emph id="nev20683526n1-nev12234186n208">20</emph>
</ptxt>
</entry>
</row>
<row id="nev20683526n1-nev12234186n206">
<entry align="left" id="nev20683526n1-nev12234186n204" valign="top">
<ptxt id="nev20683526n1-nev12234186n202">
<emph id="nev20683526n1-nev12234186n200">S60 petrol engines</emph>
</ptxt>
</entry>
<entry align="right" id="nev20683526n1-nev12234186n198" valign="middle">
<ptxt id="nev20683526n1-nev12234186n196">
<emph id="nev20683526n1-nev12234186n194">km x 1000:</emph>
</ptxt>
</entry>
<entry align="center" id="nev20683526n1-nev12234186n192" valign="middle">
<ptxt id="nev20683526n1-nev12234186n190">
<emph id="nev20683526n1-nev12234186n188">220</emph>
</ptxt>
</entry>
<entry align="center" id="nev20683526n1-nev12234186n186" valign="middle">
<ptxt id="nev20683526n1-nev12234186n184">
<emph id="nev20683526n1-nev12234186n182">240</emph>
</ptxt>
</entry>
<entry align="center" id="nev20683526n1-nev12234186n180" valign="middle">
<ptxt id="nev20683526n1-nev12234186n178">
<emph id="nev20683526n1-nev12234186n176">260</emph>
</ptxt>
</entry>
<entry align="center" id="nev20683526n1-nev12234186n174" valign="middle">
<ptxt id="nev20683526n1-nev12234186n172">
<emph id="nev20683526n1-nev12234186n170">280</emph>
</ptxt>
</entry>
<entry align="center" id="nev20683526n1-nev12234186n168" valign="middle">
<ptxt id="nev20683526n1-nev12234186n166">
<emph id="nev20683526n1-nev12234186n164">300</emph>
</ptxt>
</entry>
<entry align="center" id="nev20683526n1-nev12234186n162" valign="middle">
<ptxt id="nev20683526n1-nev12234186n160">
<emph id="nev20683526n1-nev12234186n158">320</emph>
</ptxt>
</entry>
<entry align="center" id="nev20683526n1-nev12234186n156" valign="middle">
<ptxt id="nev20683526n1-nev12234186n154">
<emph id="nev20683526n1-nev12234186n152">340</emph>
</ptxt>
</entry>
<entry align="center" id="nev20683526n1-nev12234186n150" valign="middle">
<ptxt id="nev20683526n1-nev12234186n148">
<emph id="nev20683526n1-nev12234186n146">360</emph>
</ptxt>
</entry>
<entry align="center" id="nev20683526n1-nev12234186n144" valign="middle">
<ptxt id="nev20683526n1-nev12234186n142">
<emph id="nev20683526n1-nev12234186n140">380</emph>
</ptxt>
</entry>
<entry align="center" id="nev20683526n1-nev12234186n138" valign="middle">
<ptxt id="nev20683526n1-nev12234186n136">
<emph id="nev20683526n1-nev12234186n134">400</emph>
</ptxt>
</entry>
</row>
<row id="nev20683526n1-nev12234186n132">
<entry align="left" colsep="0" id="nev20683526n1-nev12234186n130" valign="top">
<ptxt id="nev20683526n1-nev12234186n128">
<emph etype="bold" id="nev20683526n1-nev12234186n126">Raise the car</emph>
</ptxt>
</entry>
<entry align="left" colsep="0" id="nev20683526n1-nev12234186n124" valign="middle"/>
<entry align="center" colsep="0" id="nev20683526n1-nev12234186n122" valign="middle"/>
<entry align="center" colsep="0" id="nev20683526n1-nev12234186n120" valign="middle"/>
<entry align="center" colsep="0" id="nev20683526n1-nev12234186n118" valign="middle"/>
<entry align="center" colsep="0" id="nev20683526n1-nev12234186n116" valign="middle"/>
<entry align="center" colsep="0" id="nev20683526n1-nev12234186n114" valign="middle"/>
<entry align="center" colsep="0" id="nev20683526n1-nev12234186n112" valign="middle"/>
<entry align="center" colsep="0" id="nev20683526n1-nev12234186n110" valign="middle"/>
<entry align="center" colsep="0" id="nev20683526n1-nev12234186n108" valign="middle"/>
<entry align="center" colsep="0" id="nev20683526n1-nev12234186n106" valign="middle"/>
<entry align="center" id="nev20683526n1-nev12234186n104" valign="middle"/>
</row>
<row id="nev20683526n1-nev12234186n102">
<entry align="left" id="nev20683526n1-nev12234186n100" valign="top">
<ptxt id="nev20683526n1-nev12234186n98">
<emph id="nev20683526n1-nev12234186n96">Engine,</emph>
</ptxt>
<ptxt id="nev20683526n1-nev12234186n94">
<emph id="nev20683526n1-nev12234186n92">gearbox,</emph>
</ptxt>
<ptxt id="nev20683526n1-nev12234186n90">
<emph id="nev20683526n1-nev12234186n88">transmission</emph>
</ptxt>
<ptxt id="nev20683526n1-nev12234186n86">-check for leaks</ptxt>
</entry>
<entry align="left" id="nev20683526n1-nev12234186n84" valign="middle">
<ptxt id="nev20683526n1-nev12234186n82">If the gearbox #@#@#24#evel.</ptxt>
</entry>
<entry align="center" id="nev20683526n1-nev12234186n80" valign="middle">
<ptxt id="nev20683526n1-nev12234186n78">x</ptxt>
</entry>
<entry align="center" id="nev20683526n1-nev12234186n76" valign="middle">
<ptxt id="nev20683526n1-nev12234186n74">x</ptxt>
</entry>
<entry align="center" id="nev20683526n1-nev12234186n72" valign="middle">
<ptxt id="nev20683526n1-nev12234186n70">x</ptxt>
</entry>
<entry align="center" id="nev20683526n1-nev12234186n68" valign="middle">
<ptxt id="nev20683526n1-nev12234186n66">x</ptxt>
</entry>
<entry align="center" id="nev20683526n1-nev12234186n64" valign="middle">
<ptxt id="nev20683526n1-nev12234186n62">x</ptxt>
</entry>
<entry align="center" id="nev20683526n1-nev12234186n60" valign="middle">
<ptxt id="nev20683526n1-nev12234186n58">x</ptxt>
</entry>
<entry align="center" id="nev20683526n1-nev12234186n56" valign="middle">
<ptxt id="nev20683526n1-nev12234186n54">x</ptxt>
</entry>
<entry align="center" id="nev20683526n1-nev12234186n52" valign="middle">
<ptxt id="nev20683526n1-nev12234186n50">x</ptxt>
</entry>
<entry align="center" id="nev20683526n1-nev12234186n48" valign="middle">
<ptxt id="nev20683526n1-nev12234186n46">x</ptxt>
</entry>
<entry align="center" id="nev20683526n1-nev12234186n44" valign="middle">
<ptxt id="nev20683526n1-nev12234186n42">x</ptxt>
</entry>
</row>
<row id="nev20683526n1-nev12234186n40">
<entry align="left" id="nev20683526n1-nev12234186n38" valign="top">
<ptxt id="nev20683526n1-nev12234186n36">
<emph id="nev20683526n1-nev12234186n34">Engine oil,</emph>
</ptxt>
<ptxt id="nev20683526n1-nev12234186n32">
<emph id="nev20683526n1-nev12234186n30">oil filter</emph>
</ptxt>
<ptxt id="nev20683526n1-nev12234186n28">-drain the oil #@#@#17#lter.</ptxt>
</entry>
<entry align="left" id="nev20683526n1-nev12234186n26" valign="middle">
<ptxt id="nev20683526n1-nev12234186n24">
<emph id="nev20683526n1-nev12234186n22">B52x4x</emph>, see <xref id="nev20683526n1-nev12234186n20">
<ref id="nev20683526n1-KC08708160"/>
</xref>.</ptxt>
</entry>
<entry align="center" id="nev20683526n1-nev12234186n15" valign="middle">
<ptxt id="nev20683526n1-nev12234186n13">x</ptxt>
</entry>
<entry align="center" id="nev20683526n1-nev12234186n11" valign="middle">
<ptxt id="nev20683526n1-nev12234186n9">x</ptxt>
</entry>
<entry align="center" id="nev20683526n1-nev12234186n7" valign="middle">
<ptxt id="nev20683526n1-nev12234186n5">x</ptxt>
</entry>
<entry align="center" id="nev20683526n1-nev12234186n3" valign="middle">
<ptxt id="nev20683526n1-nev12234186n1">x</ptxt>
</entry>
<entry align="center" id="nev20683526n1-nev12234187n249" valign="middle">
<ptxt id="nev20683526n1-nev12234187n247">x</ptxt>
</entry>
<entry align="center" id="nev20683526n1-nev12234187n245" valign="middle">
<ptxt id="nev20683526n1-nev12234187n243">x</ptxt>
</entry>
<entry align="center" id="nev20683526n1-nev12234187n241" valign="middle">
<ptxt id="nev20683526n1-nev12234187n239">x</ptxt>
</entry>
<entry align="center" id="nev20683526n1-nev12234187n237" valign="middle">
<ptxt id="nev20683526n1-nev12234187n235">x</ptxt>
</entry>
<entry align="center" id="nev20683526n1-nev12234187n233" valign="middle">
<ptxt id="nev20683526n1-nev12234187n231">x</ptxt>
</entry>
<entry align="center" id="nev20683526n1-nev12234187n229" valign="middle">
<ptxt id="nev20683526n1-nev12234187n227">x</ptxt>
</entry>
</row>
<row id="nev20683526n1-nev12234187n225">
<entry align="left" id="nev20683526n1-nev12234187n223" valign="top">
<ptxt id="nev20683526n1-nev12234187n221">
<emph id="nev20683526n1-nev12234187n219">Automatic gearbox</emph>
</ptxt>
<ptxt id="nev20683526n1-nev12234187n217">Normally, the o#@#@#26#nged.</ptxt>
<ptxt id="nev20683526n1-nev12234187n215">Change the oil #@#@#47#this.</ptxt>
</entry>
<entry align="left" id="nev20683526n1-nev12234187n213" valign="middle">
<note id="nev20683526n1-nev12234187n211">
<ptxt id="nev20683526n1-nev12234187n209">Cars used as ta#@#@#78#gram.</ptxt>
</note>
<ptxt id="nev20683526n1-nev12234187n207">
<emph id="nev20683526n1-nev12234187n205">AW55-50</emph>, see <xref id="nev20683526n1-nev12234187n203">
<ref id="nev20683526n1-KC08708161"/>
</xref>.</ptxt>
</entry>
<entry align="center" id="nev20683526n1-nev12234187n198" valign="middle"/>
<entry align="center" id="nev20683526n1-nev12234187n196" valign="middle">
<ptxt id="nev20683526n1-nev12234187n194">x</ptxt>
</entry>
<entry align="center" id="nev20683526n1-nev12234187n192" valign="middle"/>
<entry align="center" id="nev20683526n1-nev12234187n190" valign="middle"/>
<entry align="center" id="nev20683526n1-nev12234187n188" valign="middle"/>
<entry align="center" id="nev20683526n1-nev12234187n186" valign="middle">
<ptxt id="nev20683526n1-nev12234187n184">x</ptxt>
</entry>
<entry align="center" id="nev20683526n1-nev12234187n182" valign="middle"/>
<entry align="center" id="nev20683526n1-nev12234187n180" valign="middle"/>
<entry align="center" id="nev20683526n1-nev12234187n178" valign="middle"/>
<entry align="center" id="nev20683526n1-nev12234187n176" valign="middle">
<ptxt id="nev20683526n1-nev12234187n174">x</ptxt>
</entry>
</row>
<row id="nev20683526n1-nev12234187n172">
<entry align="left" id="nev20683526n1-nev12234187n170" valign="top">
<ptxt id="nev20683526n1-nev12234187n168">
<emph id="nev20683526n1-nev12234187n166">Wheels and tyres</emph>
</ptxt>
<ptxt id="nev20683526n1-nev12234187n164">-check for dama#@#@#6# wear</ptxt>
</entry>
<entry align="left" id="nev20683526n1-nev12234187n162" valign="middle"/>
<entry align="center" id="nev20683526n1-nev12234187n160" valign="middle">
<ptxt id="nev20683526n1-nev12234187n158">x</ptxt>
</entry>
<entry align="center" id="nev20683526n1-nev12234187n156" valign="middle">
<ptxt id="nev20683526n1-nev12234187n154">x</ptxt>
</entry>
<entry align="center" id="nev20683526n1-nev12234187n152" valign="middle">
<ptxt id="nev20683526n1-nev12234187n150">x</ptxt>
</entry>
<entry align="center" id="nev20683526n1-nev12234187n148" valign="middle">
<ptxt id="nev20683526n1-nev12234187n146">x</ptxt>
</entry>
<entry align="center" id="nev20683526n1-nev12234187n144" valign="middle">
<ptxt id="nev20683526n1-nev12234187n142">x</ptxt>
</entry>
<entry align="center" id="nev20683526n1-nev12234187n140" valign="middle">
<ptxt id="nev20683526n1-nev12234187n138">x</ptxt>
</entry>
<entry align="center" id="nev20683526n1-nev12234187n136" valign="middle">
<ptxt id="nev20683526n1-nev12234187n134">x</ptxt>
</entry>
<entry align="center" id="nev20683526n1-nev12234187n132" valign="middle">
<ptxt id="nev20683526n1-nev12234187n130">x</ptxt>
</entry>
<entry align="center" id="nev20683526n1-nev12234187n128" valign="middle">
<ptxt id="nev20683526n1-nev12234187n126">x</ptxt>
</entry>
<entry align="center" id="nev20683526n1-nev12234187n124" valign="middle">
<ptxt id="nev20683526n1-nev12234187n122">x</ptxt>
</entry>
</row>
<row id="nev20683526n1-nev12234187n120">
<entry align="left" id="nev20683526n1-nev12234187n118" rowsep="0" valign="top">
<ptxt id="nev20683526n1-nev12234187n116">
<emph id="nev20683526n1-nev12234187n114">Programme item:</emph>
</ptxt>
</entry>
<entry align="right" id="nev20683526n1-nev12234187n112" rowsep="0" valign="middle">
<ptxt id="nev20683526n1-nev12234187n110">
<emph id="nev20683526n1-nev12234187n108">year:</emph>
</ptxt>
</entry>
<entry align="center" id="nev20683526n1-nev12234187n106" valign="middle">
<ptxt id="nev20683526n1-nev12234187n104">
<emph id="nev20683526n1-nev12234187n102">11</emph>
</ptxt>
</entry>
<entry align="center" id="nev20683526n1-nev12234187n100" valign="middle">
<ptxt id="nev20683526n1-nev12234187n98">
<emph id="nev20683526n1-nev12234187n96">12</emph>
</ptxt>
</entry>
<entry align="center" id="nev20683526n1-nev12234187n94" valign="middle">
<ptxt id="nev20683526n1-nev12234187n92">
<emph id="nev20683526n1-nev12234187n90">13</emph>
</ptxt>
</entry>
<entry align="center" id="nev20683526n1-nev12234187n88" valign="middle">
<ptxt id="nev20683526n1-nev12234187n86">
<emph id="nev20683526n1-nev12234187n84">14</emph>
</ptxt>
</entry>
<entry align="center" id="nev20683526n1-nev12234187n82" valign="middle">
<ptxt id="nev20683526n1-nev12234187n80">
<emph id="nev20683526n1-nev12234187n78">15</emph>
</ptxt>
</entry>
<entry align="center" id="nev20683526n1-nev12234187n76" valign="middle">
<ptxt id="nev20683526n1-nev12234187n74">
<emph id="nev20683526n1-nev12234187n72">16</emph>
</ptxt>
</entry>
<entry align="center" id="nev20683526n1-nev12234187n70" valign="middle">
<ptxt id="nev20683526n1-nev12234187n68">
<emph id="nev20683526n1-nev12234187n66">17</emph>
</ptxt>
</entry>
<entry align="center" id="nev20683526n1-nev12234187n64" valign="middle">
<ptxt id="nev20683526n1-nev12234187n62">
<emph id="nev20683526n1-nev12234187n60">18</emph>
</ptxt>
</entry>
<entry align="center" id="nev20683526n1-nev12234187n58" valign="middle">
<ptxt id="nev20683526n1-nev12234187n56">
<emph id="nev20683526n1-nev12234187n54">19</emph>
</ptxt>
</entry>
<entry align="center" id="nev20683526n1-nev12234187n52" valign="middle">
<ptxt id="nev20683526n1-nev12234187n50">
<emph id="nev20683526n1-nev12234187n48">20</emph>
</ptxt>
</entry>
</row>
<row id="nev20683526n1-nev12234187n46">
<entry align="left" id="nev20683526n1-nev12234187n44" valign="top">
<ptxt id="nev20683526n1-nev12234187n42">
<emph id="nev20683526n1-nev12234187n40">S60 petrol engines</emph>
</ptxt>
</entry>
<entry align="right" id="nev20683526n1-nev12234187n38" valign="middle">
<ptxt id="nev20683526n1-nev12234187n36">
<emph id="nev20683526n1-nev12234187n34">km x 1000:</emph>
</ptxt>
</entry>
<entry align="center" id="nev20683526n1-nev12234187n32" valign="middle">
<ptxt id="nev20683526n1-nev12234187n30">
<emph id="nev20683526n1-nev12234187n28">220</emph>
</ptxt>
</entry>
<entry align="center" id="nev20683526n1-nev12234187n26" valign="middle">
<ptxt id="nev20683526n1-nev12234187n24">
<emph id="nev20683526n1-nev12234187n22">240</emph>
</ptxt>
</entry>
<entry align="center" id="nev20683526n1-nev12234187n20" valign="middle">
<ptxt id="nev20683526n1-nev12234187n18">
<emph id="nev20683526n1-nev12234187n16">260</emph>
</ptxt>
</entry>
<entry align="center" id="nev20683526n1-nev12234187n14" valign="middle">
<ptxt id="nev20683526n1-nev12234187n12">
<emph id="nev20683526n1-nev12234187n10">280</emph>
</ptxt>
</entry>
<entry align="center" id="nev20683526n1-nev12234187n8" valign="middle">
<ptxt id="nev20683526n1-nev12234187n6">
<emph id="nev20683526n1-nev12234187n4">300</emph>
</ptxt>
</entry>
<entry align="center" id="nev20683526n1-nev12234187n2" valign="middle">
<ptxt id="nev20683526n1-nev12234188n250">
<emph id="nev20683526n1-nev12234188n248">320</emph>
</ptxt>
</entry>
<entry align="center" id="nev20683526n1-nev12234188n246" valign="middle">
<ptxt id="nev20683526n1-nev12234188n244">
<emph id="nev20683526n1-nev12234188n242">340</emph>
</ptxt>
</entry>
<entry align="center" id="nev20683526n1-nev12234188n240" valign="middle">
<ptxt id="nev20683526n1-nev12234188n238">
<emph id="nev20683526n1-nev12234188n236">360</emph>
</ptxt>
</entry>
<entry align="center" id="nev20683526n1-nev12234188n234" valign="middle">
<ptxt id="nev20683526n1-nev12234188n232">
<emph id="nev20683526n1-nev12234188n230">380</emph>
</ptxt>
</entry>
<entry align="center" id="nev20683526n1-nev12234188n228" valign="middle">
<ptxt id="nev20683526n1-nev12234188n226">
<emph id="nev20683526n1-nev12234188n224">400</emph>
</ptxt>
</entry>
</row>
<row id="nev20683526n1-nev12234188n222" rowsep="0">
<entry align="left" id="nev20683526n1-nev12234188n220" valign="top">
<ptxt id="nev20683526n1-nev12234188n218">
<emph id="nev20683526n1-nev12234188n216">Drive shafts</emph>
</ptxt>
<ptxt id="nev20683526n1-nev12234188n214">-check for play</ptxt>
<ptxt id="nev20683526n1-nev12234188n212"/>
</entry>
<entry align="left" id="nev20683526n1-nev12234188n210" valign="middle"/>
<entry align="center" id="nev20683526n1-nev12234188n208" valign="middle">
<ptxt id="nev20683526n1-nev12234188n206">x</ptxt>
</entry>
<entry align="center" id="nev20683526n1-nev12234188n204" valign="middle">
<ptxt id="nev20683526n1-nev12234188n202">x</ptxt>
</entry>
<entry align="center" id="nev20683526n1-nev12234188n200" valign="middle">
<ptxt id="nev20683526n1-nev12234188n198">x</ptxt>
</entry>
<entry align="center" id="nev20683526n1-nev12234188n196" valign="middle">
<ptxt id="nev20683526n1-nev12234188n194">x</ptxt>
</entry>
<entry align="center" id="nev20683526n1-nev12234188n192" valign="middle">
<ptxt id="nev20683526n1-nev12234188n190">x</ptxt>
</entry>
<entry align="center" id="nev20683526n1-nev12234188n188" valign="middle">
<ptxt id="nev20683526n1-nev12234188n186">x</ptxt>
</entry>
<entry align="center" id="nev20683526n1-nev12234188n184" valign="middle">
<ptxt id="nev20683526n1-nev12234188n182">x</ptxt>
</entry>
<entry align="center" id="nev20683526n1-nev12234188n180" valign="middle">
<ptxt id="nev20683526n1-nev12234188n178">x</ptxt>
</entry>
<entry align="center" id="nev20683526n1-nev12234188n176" valign="middle">
<ptxt id="nev20683526n1-nev12234188n174">x</ptxt>
</entry>
<entry align="center" id="nev20683526n1-nev12234188n172" valign="middle">
<ptxt id="nev20683526n1-nev12234188n170">x</ptxt>
</entry>
</row>
<row id="nev20683526n1-nev12234188n168">
<entry align="left" id="nev20683526n1-nev12234188n166" valign="top">
<ptxt id="nev20683526n1-nev12234188n164">-check the rubb#@#@#5#llows</ptxt>
</entry>
<entry align="left" id="nev20683526n1-nev12234188n162" valign="middle"/>
<entry align="center" id="nev20683526n1-nev12234188n160" valign="middle">
<ptxt id="nev20683526n1-nev12234188n158">x</ptxt>
</entry>
<entry align="center" id="nev20683526n1-nev12234188n156" valign="middle">
<ptxt id="nev20683526n1-nev12234188n154">x</ptxt>
</entry>
<entry align="center" id="nev20683526n1-nev12234188n152" valign="middle">
<ptxt id="nev20683526n1-nev12234188n150">x</ptxt>
</entry>
<entry align="center" id="nev20683526n1-nev12234188n148" valign="middle">
<ptxt id="nev20683526n1-nev12234188n146">x</ptxt>
</entry>
<entry align="center" id="nev20683526n1-nev12234188n144" valign="middle">
<ptxt id="nev20683526n1-nev12234188n142">x</ptxt>
</entry>
<entry align="center" id="nev20683526n1-nev12234188n140" valign="middle">
<ptxt id="nev20683526n1-nev12234188n138">x</ptxt>
</entry>
<entry align="center" id="nev20683526n1-nev12234188n136" valign="middle">
<ptxt id="nev20683526n1-nev12234188n134">x</ptxt>
</entry>
<entry align="center" id="nev20683526n1-nev12234188n132" valign="middle">
<ptxt id="nev20683526n1-nev12234188n130">x</ptxt>
</entry>
<entry align="center" id="nev20683526n1-nev12234188n128" valign="middle">
<ptxt id="nev20683526n1-nev12234188n126">x</ptxt>
</entry>
<entry align="center" id="nev20683526n1-nev12234188n124" valign="middle">
<ptxt id="nev20683526n1-nev12234188n122">x</ptxt>
</entry>
</row>
<row id="nev20683526n1-nev12234188n120">
<entry align="left" id="nev20683526n1-nev12234188n118" valign="top">
<ptxt id="nev20683526n1-nev12234188n116">
<emph id="nev20683526n1-nev12234188n114">Brake pads,</emph>
</ptxt>
<ptxt id="nev20683526n1-nev12234188n112">
<emph id="nev20683526n1-nev12234188n110">brake disks</emph>
</ptxt>
<ptxt id="nev20683526n1-nev12234188n108">-check</ptxt>
</entry>
<entry align="left" id="nev20683526n1-nev12234188n106" valign="middle">
<xref id="nev20683526n1-nev16740146n231">
<ref id="nev20683526n1-nev16740146n230"/>
</xref>
<xref id="nev20683526n1-nev16740146n226">
<ref id="nev20683526n1-nev16740146n225"/>
</xref>
</entry>
<entry align="center" id="nev20683526n1-nev12234188n98" valign="middle">
<ptxt id="nev20683526n1-nev12234188n96">x</ptxt>
</entry>
<entry align="center" id="nev20683526n1-nev12234188n94" valign="middle">
<ptxt id="nev20683526n1-nev12234188n92">x</ptxt>
</entry>
<entry align="center" id="nev20683526n1-nev12234188n90" valign="middle">
<ptxt id="nev20683526n1-nev12234188n88">x</ptxt>
</entry>
<entry align="center" id="nev20683526n1-nev12234188n86" valign="middle">
<ptxt id="nev20683526n1-nev12234188n84">x</ptxt>
</entry>
<entry align="center" id="nev20683526n1-nev12234188n82" valign="middle">
<ptxt id="nev20683526n1-nev12234188n80">x</ptxt>
</entry>
<entry align="center" id="nev20683526n1-nev12234188n78" valign="middle">
<ptxt id="nev20683526n1-nev12234188n76">x</ptxt>
</entry>
<entry align="center" id="nev20683526n1-nev12234188n74" valign="middle">
<ptxt id="nev20683526n1-nev12234188n72">x</ptxt>
</entry>
<entry align="center" id="nev20683526n1-nev12234188n70" valign="middle">
<ptxt id="nev20683526n1-nev12234188n68">x</ptxt>
</entry>
<entry align="center" id="nev20683526n1-nev12234188n66" valign="middle">
<ptxt id="nev20683526n1-nev12234188n64">x</ptxt>
</entry>
<entry align="center" id="nev20683526n1-nev12234188n62" valign="middle">
<ptxt id="nev20683526n1-nev12234188n60">x</ptxt>
</entry>
</row>
<row id="nev20683526n1-nev12234188n58">
<entry align="left" id="nev20683526n1-nev12234188n56" valign="top">
<ptxt id="nev20683526n1-nev12234188n54">
<emph id="nev20683526n1-nev12234188n52">Brake pipe,</emph>
</ptxt>
<ptxt id="nev20683526n1-nev12234188n50">
<emph id="nev20683526n1-nev12234188n48">fuel lines,</emph>
</ptxt>
<ptxt id="nev20683526n1-nev12234188n46">
<emph id="nev20683526n1-nev12234188n44">fuel filter</emph>
</ptxt>
<ptxt id="nev20683526n1-nev12234188n42">-check for leak#@#@#3#amage</ptxt>
</entry>
<entry align="left" id="nev20683526n1-nev12234188n40" valign="middle"/>
<entry align="center" id="nev20683526n1-nev12234188n38" valign="middle">
<ptxt id="nev20683526n1-nev12234188n36">x</ptxt>
</entry>
<entry align="center" id="nev20683526n1-nev12234188n34" valign="middle">
<ptxt id="nev20683526n1-nev12234188n32">x</ptxt>
</entry>
<entry align="center" id="nev20683526n1-nev12234188n30" valign="middle">
<ptxt id="nev20683526n1-nev12234188n28">x</ptxt>
</entry>
<entry align="center" id="nev20683526n1-nev12234188n26" valign="middle">
<ptxt id="nev20683526n1-nev12234188n24">x</ptxt>
</entry>
<entry align="center" id="nev20683526n1-nev12234188n22" valign="middle">
<ptxt id="nev20683526n1-nev12234188n20">x</ptxt>
</entry>
<entry align="center" id="nev20683526n1-nev12234188n18" valign="middle">
<ptxt id="nev20683526n1-nev12234188n16">x</ptxt>
</entry>
<entry align="center" id="nev20683526n1-nev12234188n14" valign="middle">
<ptxt id="nev20683526n1-nev12234188n12">x</ptxt>
</entry>
<entry align="center" id="nev20683526n1-nev12234188n10" valign="middle">
<ptxt id="nev20683526n1-nev12234188n8">x</ptxt>
</entry>
<entry align="center" id="nev20683526n1-nev12234188n6" valign="middle">
<ptxt id="nev20683526n1-nev12234188n4">x</ptxt>
</entry>
<entry align="center" id="nev20683526n1-nev12234188n2" valign="middle">
<ptxt id="nev20683526n1-nev12234189n250">x</ptxt>
</entry>
</row>
<row id="nev20683526n1-nev12234189n248">
<entry align="left" id="nev20683526n1-nev12234189n246" valign="top">
<ptxt id="nev20683526n1-nev12234189n244">
<emph id="nev20683526n1-nev12234189n242">Fuel filter</emph>
</ptxt>
<ptxt id="nev20683526n1-nev12234189n240">-change</ptxt>
</entry>
<entry align="left" id="nev20683526n1-nev12234189n238" valign="middle"/>
<entry align="center" id="nev20683526n1-nev12234189n236" valign="middle"/>
<entry align="center" id="nev20683526n1-nev12234189n234" valign="middle"/>
<entry align="center" id="nev20683526n1-nev12234189n232" valign="middle"/>
<entry align="center" id="nev20683526n1-nev12234189n230" valign="middle"/>
<entry align="center" id="nev20683526n1-nev12234189n228" valign="middle"/>
<entry align="center" id="nev20683526n1-nev12234189n226" valign="middle">
<ptxt id="nev20683526n1-nev12234189n224">x</ptxt>
</entry>
<entry align="center" id="nev20683526n1-nev12234189n222" valign="middle"/>
<entry align="center" id="nev20683526n1-nev12234189n220" valign="middle"/>
<entry align="center" id="nev20683526n1-nev12234189n218" valign="middle"/>
<entry align="center" id="nev20683526n1-nev12234189n216" valign="middle"/>
</row>
<row id="nev20683526n1-nev12234189n214">
<entry align="left" id="nev20683526n1-nev12234189n212" valign="top">
<ptxt id="nev20683526n1-nev12234189n210">
<emph id="nev20683526n1-nev12234189n208">Exhaust system</emph>
</ptxt>
<ptxt id="nev20683526n1-nev12234189n206">-check integrit#@#@#7#nsion</ptxt>
</entry>
<entry align="left" id="nev20683526n1-nev12234189n204" valign="middle"/>
<entry align="center" id="nev20683526n1-nev12234189n202" valign="middle">
<ptxt id="nev20683526n1-nev12234189n200">x</ptxt>
</entry>
<entry align="center" id="nev20683526n1-nev12234189n198" valign="middle">
<ptxt id="nev20683526n1-nev12234189n196">x</ptxt>
</entry>
<entry align="center" id="nev20683526n1-nev12234189n194" valign="middle">
<ptxt id="nev20683526n1-nev12234189n192">x</ptxt>
</entry>
<entry align="center" id="nev20683526n1-nev12234189n190" valign="middle">
<ptxt id="nev20683526n1-nev12234189n188">x</ptxt>
</entry>
<entry align="center" id="nev20683526n1-nev12234189n186" valign="middle">
<ptxt id="nev20683526n1-nev12234189n184">x</ptxt>
</entry>
<entry align="center" id="nev20683526n1-nev12234189n182" valign="middle">
<ptxt id="nev20683526n1-nev12234189n180">x</ptxt>
</entry>
<entry align="center" id="nev20683526n1-nev12234189n178" valign="middle">
<ptxt id="nev20683526n1-nev12234189n176">x</ptxt>
</entry>
<entry align="center" id="nev20683526n1-nev12234189n174" valign="middle">
<ptxt id="nev20683526n1-nev12234189n172">x</ptxt>
</entry>
<entry align="center" id="nev20683526n1-nev12234189n170" valign="middle">
<ptxt id="nev20683526n1-nev12234189n168">x</ptxt>
</entry>
<entry align="center" id="nev20683526n1-nev12234189n166" valign="middle">
<ptxt id="nev20683526n1-nev12234189n164">x</ptxt>
</entry>
</row>
<row id="nev20683526n1-nev12234189n162">
<entry align="left" colsep="0" id="nev20683526n1-nev12234189n160" valign="top">
<ptxt id="nev20683526n1-nev12234189n158">
<emph etype="bold" id="nev20683526n1-nev12234189n156">Lift the front #@#@#1#heels</emph>
</ptxt>
</entry>
<entry align="left" colsep="0" id="nev20683526n1-nev12234189n154" valign="middle"/>
<entry align="center" colsep="0" id="nev20683526n1-nev12234189n152" valign="middle"/>
<entry align="center" colsep="0" id="nev20683526n1-nev12234189n150" valign="middle"/>
<entry align="center" colsep="0" id="nev20683526n1-nev12234189n148" valign="middle"/>
<entry align="center" colsep="0" id="nev20683526n1-nev12234189n146" valign="middle"/>
<entry align="center" colsep="0" id="nev20683526n1-nev12234189n144" valign="middle"/>
<entry align="center" colsep="0" id="nev20683526n1-nev12234189n142" valign="middle"/>
<entry align="center" colsep="0" id="nev20683526n1-nev12234189n140" valign="middle"/>
<entry align="center" colsep="0" id="nev20683526n1-nev12234189n138" valign="middle"/>
<entry align="center" colsep="0" id="nev20683526n1-nev12234189n136" valign="middle"/>
<entry align="center" id="nev20683526n1-nev12234189n134" valign="middle"/>
</row>
<row id="nev20683526n1-nev12234189n132">
<entry align="left" id="nev20683526n1-nev12234189n130" rowsep="0" valign="top">
<ptxt id="nev20683526n1-nev12234189n128">
<emph id="nev20683526n1-nev12234189n126">Programme item:</emph>
</ptxt>
</entry>
<entry align="right" id="nev20683526n1-nev12234189n124" rowsep="0" valign="middle">
<ptxt id="nev20683526n1-nev12234189n122">
<emph id="nev20683526n1-nev12234189n120">year:</emph>
</ptxt>
</entry>
<entry align="center" id="nev20683526n1-nev12234189n118" valign="middle">
<ptxt id="nev20683526n1-nev12234189n116">
<emph id="nev20683526n1-nev12234189n114">11</emph>
</ptxt>
</entry>
<entry align="center" id="nev20683526n1-nev12234189n112" valign="middle">
<ptxt id="nev20683526n1-nev12234189n110">
<emph id="nev20683526n1-nev12234189n108">12</emph>
</ptxt>
</entry>
<entry align="center" id="nev20683526n1-nev12234189n106" valign="middle">
<ptxt id="nev20683526n1-nev12234189n104">
<emph id="nev20683526n1-nev12234189n102">13</emph>
</ptxt>
</entry>
<entry align="center" id="nev20683526n1-nev12234189n100" valign="middle">
<ptxt id="nev20683526n1-nev12234189n98">
<emph id="nev20683526n1-nev12234189n96">14</emph>
</ptxt>
</entry>
<entry align="center" id="nev20683526n1-nev12234189n94" valign="middle">
<ptxt id="nev20683526n1-nev12234189n92">
<emph id="nev20683526n1-nev12234189n90">15</emph>
</ptxt>
</entry>
<entry align="center" id="nev20683526n1-nev12234189n88" valign="middle">
<ptxt id="nev20683526n1-nev12234189n86">
<emph id="nev20683526n1-nev12234189n84">16</emph>
</ptxt>
</entry>
<entry align="center" id="nev20683526n1-nev12234189n82" valign="middle">
<ptxt id="nev20683526n1-nev12234189n80">
<emph id="nev20683526n1-nev12234189n78">17</emph>
</ptxt>
</entry>
<entry align="center" id="nev20683526n1-nev12234189n76" valign="middle">
<ptxt id="nev20683526n1-nev12234189n74">
<emph id="nev20683526n1-nev12234189n72">18</emph>
</ptxt>
</entry>
<entry align="center" id="nev20683526n1-nev12234189n70" valign="middle">
<ptxt id="nev20683526n1-nev12234189n68">
<emph id="nev20683526n1-nev12234189n66">19</emph>
</ptxt>
</entry>
<entry align="center" id="nev20683526n1-nev12234189n64" valign="middle">
<ptxt id="nev20683526n1-nev12234189n62">
<emph id="nev20683526n1-nev12234189n60">20</emph>
</ptxt>
</entry>
</row>
<row id="nev20683526n1-nev12234189n58">
<entry align="left" id="nev20683526n1-nev12234189n56" valign="top">
<ptxt id="nev20683526n1-nev12234189n54">
<emph id="nev20683526n1-nev12234189n52">S60 petrol engines</emph>
</ptxt>
</entry>
<entry align="right" id="nev20683526n1-nev12234189n50" valign="middle">
<ptxt id="nev20683526n1-nev12234189n48">
<emph id="nev20683526n1-nev12234189n46">km x 1000:</emph>
</ptxt>
</entry>
<entry align="center" id="nev20683526n1-nev12234189n44" valign="middle">
<ptxt id="nev20683526n1-nev12234189n42">
<emph id="nev20683526n1-nev12234189n40">220</emph>
</ptxt>
</entry>
<entry align="center" id="nev20683526n1-nev12234189n38" valign="middle">
<ptxt id="nev20683526n1-nev12234189n36">
<emph id="nev20683526n1-nev12234189n34">240</emph>
</ptxt>
</entry>
<entry align="center" id="nev20683526n1-nev12234189n32" valign="middle">
<ptxt id="nev20683526n1-nev12234189n30">
<emph id="nev20683526n1-nev12234189n28">260</emph>
</ptxt>
</entry>
<entry align="center" id="nev20683526n1-nev12234189n26" valign="middle">
<ptxt id="nev20683526n1-nev12234189n24">
<emph id="nev20683526n1-nev12234189n22">280</emph>
</ptxt>
</entry>
<entry align="center" id="nev20683526n1-nev12234189n20" valign="middle">
<ptxt id="nev20683526n1-nev12234189n18">
<emph id="nev20683526n1-nev12234189n16">300</emph>
</ptxt>
</entry>
<entry align="center" id="nev20683526n1-nev12234189n14" valign="middle">
<ptxt id="nev20683526n1-nev12234189n12">
<emph id="nev20683526n1-nev12234189n10">320</emph>
</ptxt>
</entry>
<entry align="center" id="nev20683526n1-nev12234189n8" valign="middle">
<ptxt id="nev20683526n1-nev12234189n6">
<emph id="nev20683526n1-nev12234189n4">340</emph>
</ptxt>
</entry>
<entry align="center" id="nev20683526n1-nev12234189n2" valign="middle">
<ptxt id="nev20683526n1-nev12234190n250">
<emph id="nev20683526n1-nev12234190n248">360</emph>
</ptxt>
</entry>
<entry align="center" id="nev20683526n1-nev12234190n246" valign="middle">
<ptxt id="nev20683526n1-nev12234190n244">
<emph id="nev20683526n1-nev12234190n242">380</emph>
</ptxt>
</entry>
<entry align="center" id="nev20683526n1-nev12234190n240" valign="middle">
<ptxt id="nev20683526n1-nev12234190n238">
<emph id="nev20683526n1-nev12234190n236">400</emph>
</ptxt>
</entry>
</row>
<row id="nev20683526n1-nev12234190n234">
<entry align="left" id="nev20683526n1-nev12234190n232" valign="top">
<ptxt id="nev20683526n1-nev12234190n230">
<emph id="nev20683526n1-nev12234190n228">Front suspension,</emph>
</ptxt>
<ptxt id="nev20683526n1-nev12234190n226">
<emph id="nev20683526n1-nev12234190n224">steering system</emph>
</ptxt>
<ptxt id="nev20683526n1-nev12234190n222">-check for wear</ptxt>
</entry>
<entry align="left" id="nev20683526n1-nev12234190n220" valign="middle"/>
<entry align="center" id="nev20683526n1-nev12234190n218" valign="middle">
<ptxt id="nev20683526n1-nev12234190n216">x</ptxt>
</entry>
<entry align="center" id="nev20683526n1-nev12234190n214" valign="middle">
<ptxt id="nev20683526n1-nev12234190n212">x</ptxt>
</entry>
<entry align="center" id="nev20683526n1-nev12234190n210" valign="middle">
<ptxt id="nev20683526n1-nev12234190n208">x</ptxt>
</entry>
<entry align="center" id="nev20683526n1-nev12234190n206" valign="middle">
<ptxt id="nev20683526n1-nev12234190n204">x</ptxt>
</entry>
<entry align="center" id="nev20683526n1-nev12234190n202" valign="middle">
<ptxt id="nev20683526n1-nev12234190n200">x</ptxt>
</entry>
<entry align="center" id="nev20683526n1-nev12234190n198" valign="middle">
<ptxt id="nev20683526n1-nev12234190n196">x</ptxt>
</entry>
<entry align="center" id="nev20683526n1-nev12234190n194" valign="middle">
<ptxt id="nev20683526n1-nev12234190n192">x</ptxt>
</entry>
<entry align="center" id="nev20683526n1-nev12234190n190" valign="middle">
<ptxt id="nev20683526n1-nev12234190n188">x</ptxt>
</entry>
<entry align="center" id="nev20683526n1-nev12234190n186" valign="middle">
<ptxt id="nev20683526n1-nev12234190n184">x</ptxt>
</entry>
<entry align="center" id="nev20683526n1-nev12234190n182" valign="middle">
<ptxt id="nev20683526n1-nev12234190n180">x</ptxt>
</entry>
</row>
<row id="nev20683526n1-nev12234190n178">
<entry align="left" id="nev20683526n1-nev12234190n176" valign="top">
<ptxt id="nev20683526n1-nev12234190n174">
<emph id="nev20683526n1-nev12234190n172">Rear wheel susp#@#@#1#nsion</emph>
</ptxt>
<ptxt id="nev20683526n1-nev12234190n170">-check for wear</ptxt>
</entry>
<entry align="left" id="nev20683526n1-nev12234190n168" valign="middle"/>
<entry align="center" id="nev20683526n1-nev12234190n166" valign="middle">
<ptxt id="nev20683526n1-nev12234190n164">x</ptxt>
</entry>
<entry align="center" id="nev20683526n1-nev12234190n162" valign="middle">
<ptxt id="nev20683526n1-nev12234190n160">x</ptxt>
</entry>
<entry align="center" id="nev20683526n1-nev12234190n158" valign="middle">
<ptxt id="nev20683526n1-nev12234190n156">x</ptxt>
</entry>
<entry align="center" id="nev20683526n1-nev12234190n154" valign="middle">
<ptxt id="nev20683526n1-nev12234190n152">x</ptxt>
</entry>
<entry align="center" id="nev20683526n1-nev12234190n150" valign="middle">
<ptxt id="nev20683526n1-nev12234190n148">x</ptxt>
</entry>
<entry align="center" id="nev20683526n1-nev12234190n146" valign="middle">
<ptxt id="nev20683526n1-nev12234190n144">x</ptxt>
</entry>
<entry align="center" id="nev20683526n1-nev12234190n142" valign="middle">
<ptxt id="nev20683526n1-nev12234190n140">x</ptxt>
</entry>
<entry align="center" id="nev20683526n1-nev12234190n138" valign="middle">
<ptxt id="nev20683526n1-nev12234190n136">x</ptxt>
</entry>
<entry align="center" id="nev20683526n1-nev12234190n134" valign="middle">
<ptxt id="nev20683526n1-nev12234190n132">x</ptxt>
</entry>
<entry align="center" id="nev20683526n1-nev12234190n130" valign="middle">
<ptxt id="nev20683526n1-nev12234190n128">x</ptxt>
</entry>
</row>
<row id="nev20683526n1-nev12234190n126">
<entry align="left" colsep="0" id="nev20683526n1-nev12234190n124" valign="top">
<ptxt id="nev20683526n1-nev12234190n122">
<emph etype="bold" id="nev20683526n1-nev12234190n120">Lower the car</emph>
</ptxt>
</entry>
<entry align="left" colsep="0" id="nev20683526n1-nev12234190n118" valign="middle"/>
<entry align="center" colsep="0" id="nev20683526n1-nev12234190n116" valign="middle"/>
<entry align="center" colsep="0" id="nev20683526n1-nev12234190n114" valign="middle"/>
<entry align="center" colsep="0" id="nev20683526n1-nev12234190n112" valign="middle"/>
<entry align="center" colsep="0" id="nev20683526n1-nev12234190n110" valign="middle"/>
<entry align="center" colsep="0" id="nev20683526n1-nev12234190n108" valign="middle"/>
<entry align="center" colsep="0" id="nev20683526n1-nev12234190n106" valign="middle"/>
<entry align="center" colsep="0" id="nev20683526n1-nev12234190n104" valign="middle"/>
<entry align="center" colsep="0" id="nev20683526n1-nev12234190n102" valign="middle"/>
<entry align="center" colsep="0" id="nev20683526n1-nev12234190n100" valign="middle"/>
<entry align="center" id="nev20683526n1-nev12234190n98" valign="middle"/>
</row>
<row id="nev20683526n1-nev12234190n96">
<entry align="left" id="nev20683526n1-nev12234190n94" valign="top">
<ptxt id="nev20683526n1-nev12234190n92">
<emph id="nev20683526n1-nev12234190n90">Air filter</emph>
</ptxt>
<ptxt id="nev20683526n1-nev12234190n88">-change</ptxt>
</entry>
<entry align="left" id="nev20683526n1-nev12234190n86" valign="middle">
<ptxt id="nev20683526n1-nev12234190n84">Clean the air f#@#@#10#ing. </ptxt>
</entry>
<entry align="center" id="nev20683526n1-nev12234190n82" valign="middle"/>
<entry align="center" id="nev20683526n1-nev12234190n80" valign="middle">
<ptxt id="nev20683526n1-nev12234190n78">x</ptxt>
</entry>
<entry align="center" id="nev20683526n1-nev12234190n76" valign="middle"/>
<entry align="center" id="nev20683526n1-nev12234190n74" valign="middle"/>
<entry align="center" id="nev20683526n1-nev12234190n72" valign="middle">
<ptxt id="nev20683526n1-nev12234190n70">x</ptxt>
</entry>
<entry align="center" id="nev20683526n1-nev12234190n68" valign="middle"/>
<entry align="center" id="nev20683526n1-nev12234190n66" valign="middle"/>
<entry align="center" id="nev20683526n1-nev12234190n64" valign="middle">
<ptxt id="nev20683526n1-nev12234190n62">x</ptxt>
</entry>
<entry align="center" id="nev20683526n1-nev12234190n60" valign="middle"/>
<entry align="center" id="nev20683526n1-nev12234190n58" valign="middle"/>
</row>
<row id="nev20683526n1-nev12234190n56">
<entry align="left" id="nev20683526n1-nev12234190n54" valign="top">
<ptxt id="nev20683526n1-nev12234190n52">
<emph id="nev20683526n1-nev12234190n50">Spark plug</emph>
</ptxt>
<ptxt id="nev20683526n1-nev12234190n48">-change</ptxt>
</entry>
<entry align="left" id="nev20683526n1-nev12234190n46" valign="middle"/>
<entry align="center" id="nev20683526n1-nev12234190n44" valign="middle"/>
<entry align="center" id="nev20683526n1-nev12234190n42" valign="middle">
<ptxt id="nev20683526n1-nev12234190n40">x</ptxt>
</entry>
<entry align="center" id="nev20683526n1-nev12234190n38" valign="middle"/>
<entry align="center" id="nev20683526n1-nev12234190n36" valign="middle"/>
<entry align="center" id="nev20683526n1-nev12234190n34" valign="middle">
<ptxt id="nev20683526n1-nev12234190n32">x</ptxt>
</entry>
<entry align="center" id="nev20683526n1-nev12234190n30" valign="middle"/>
<entry align="center" id="nev20683526n1-nev12234190n28" valign="middle"/>
<entry align="center" id="nev20683526n1-nev12234190n26" valign="middle">
<ptxt id="nev20683526n1-nev12234190n24">x</ptxt>
</entry>
<entry align="center" id="nev20683526n1-nev12234190n22" valign="middle"/>
<entry align="center" id="nev20683526n1-nev12234190n20" valign="middle"/>
</row>
<row id="nev20683526n1-nev12234190n18">
<entry align="left" id="nev20683526n1-nev12234190n16" rowsep="0" valign="top">
<ptxt id="nev20683526n1-nev12234190n14">
<emph id="nev20683526n1-nev12234190n12">Programme item:</emph>
</ptxt>
</entry>
<entry align="right" id="nev20683526n1-nev12234190n10" rowsep="0" valign="middle">
<ptxt id="nev20683526n1-nev12234190n8">
<emph id="nev20683526n1-nev12234190n6">year:</emph>
</ptxt>
</entry>
<entry align="center" id="nev20683526n1-nev12234190n4" valign="middle">
<ptxt id="nev20683526n1-nev12234190n2">
<emph id="nev20683526n1-nev12234191n250">11</emph>
</ptxt>
</entry>
<entry align="center" id="nev20683526n1-nev12234191n248" valign="middle">
<ptxt id="nev20683526n1-nev12234191n246">
<emph id="nev20683526n1-nev12234191n244">12</emph>
</ptxt>
</entry>
<entry align="center" id="nev20683526n1-nev12234191n242" valign="middle">
<ptxt id="nev20683526n1-nev12234191n240">
<emph id="nev20683526n1-nev12234191n238">13</emph>
</ptxt>
</entry>
<entry align="center" id="nev20683526n1-nev12234191n236" valign="middle">
<ptxt id="nev20683526n1-nev12234191n234">
<emph id="nev20683526n1-nev12234191n232">14</emph>
</ptxt>
</entry>
<entry align="center" id="nev20683526n1-nev12234191n230" valign="middle">
<ptxt id="nev20683526n1-nev12234191n228">
<emph id="nev20683526n1-nev12234191n226">15</emph>
</ptxt>
</entry>
<entry align="center" id="nev20683526n1-nev12234191n224" valign="middle">
<ptxt id="nev20683526n1-nev12234191n222">
<emph id="nev20683526n1-nev12234191n220">16</emph>
</ptxt>
</entry>
<entry align="center" id="nev20683526n1-nev12234191n218" valign="middle">
<ptxt id="nev20683526n1-nev12234191n216">
<emph id="nev20683526n1-nev12234191n214">17</emph>
</ptxt>
</entry>
<entry align="center" id="nev20683526n1-nev12234191n212" valign="middle">
<ptxt id="nev20683526n1-nev12234191n210">
<emph id="nev20683526n1-nev12234191n208">18</emph>
</ptxt>
</entry>
<entry align="center" id="nev20683526n1-nev12234191n206" valign="middle">
<ptxt id="nev20683526n1-nev12234191n204">
<emph id="nev20683526n1-nev12234191n202">19</emph>
</ptxt>
</entry>
<entry align="center" id="nev20683526n1-nev12234191n200" valign="middle">
<ptxt id="nev20683526n1-nev12234191n198">
<emph id="nev20683526n1-nev12234191n196">20</emph>
</ptxt>
</entry>
</row>
<row id="nev20683526n1-nev12234191n194">
<entry align="left" id="nev20683526n1-nev12234191n192" valign="top">
<ptxt id="nev20683526n1-nev12234191n190">
<emph id="nev20683526n1-nev12234191n188">S60 petrol engines</emph>
</ptxt>
</entry>
<entry align="right" id="nev20683526n1-nev12234191n186" valign="middle">
<ptxt id="nev20683526n1-nev12234191n184">
<emph id="nev20683526n1-nev12234191n182">km x 1000:</emph>
</ptxt>
</entry>
<entry align="center" id="nev20683526n1-nev12234191n180" valign="middle">
<ptxt id="nev20683526n1-nev12234191n178">
<emph id="nev20683526n1-nev12234191n176">220</emph>
</ptxt>
</entry>
<entry align="center" id="nev20683526n1-nev12234191n174" valign="middle">
<ptxt id="nev20683526n1-nev12234191n172">
<emph id="nev20683526n1-nev12234191n170">240</emph>
</ptxt>
</entry>
<entry align="center" id="nev20683526n1-nev12234191n168" valign="middle">
<ptxt id="nev20683526n1-nev12234191n166">
<emph id="nev20683526n1-nev12234191n164">260</emph>
</ptxt>
</entry>
<entry align="center" id="nev20683526n1-nev12234191n162" valign="middle">
<ptxt id="nev20683526n1-nev12234191n160">
<emph id="nev20683526n1-nev12234191n158">280</emph>
</ptxt>
</entry>
<entry align="center" id="nev20683526n1-nev12234191n156" valign="middle">
<ptxt id="nev20683526n1-nev12234191n154">
<emph id="nev20683526n1-nev12234191n152">300</emph>
</ptxt>
</entry>
<entry align="center" id="nev20683526n1-nev12234191n150" valign="middle">
<ptxt id="nev20683526n1-nev12234191n148">
<emph id="nev20683526n1-nev12234191n146">320</emph>
</ptxt>
</entry>
<entry align="center" id="nev20683526n1-nev12234191n144" valign="middle">
<ptxt id="nev20683526n1-nev12234191n142">
<emph id="nev20683526n1-nev12234191n140">340</emph>
</ptxt>
</entry>
<entry align="center" id="nev20683526n1-nev12234191n138" valign="middle">
<ptxt id="nev20683526n1-nev12234191n136">
<emph id="nev20683526n1-nev12234191n134">360</emph>
</ptxt>
</entry>
<entry align="center" id="nev20683526n1-nev12234191n132" valign="middle">
<ptxt id="nev20683526n1-nev12234191n130">
<emph id="nev20683526n1-nev12234191n128">380</emph>
</ptxt>
</entry>
<entry align="center" id="nev20683526n1-nev12234191n126" valign="middle">
<ptxt id="nev20683526n1-nev12234191n124">
<emph id="nev20683526n1-nev12234191n122">400</emph>
</ptxt>
</entry>
</row>
<row id="nev20683526n1-nev12234191n120">
<entry align="left" id="nev20683526n1-nev12234191n118" valign="top">
<ptxt id="nev20683526n1-nev12234191n116">
<emph id="nev20683526n1-nev12234191n114">Automatic gearbox</emph>
</ptxt>
<ptxt id="nev20683526n1-nev12234191n112">-top up the oil</ptxt>
</entry>
<entry align="left" id="nev20683526n1-nev12234191n110" valign="middle"/>
<entry align="center" id="nev20683526n1-nev12234191n108" valign="middle"/>
<entry align="center" id="nev20683526n1-nev12234191n106" valign="middle">
<ptxt id="nev20683526n1-nev12234191n104">x</ptxt>
</entry>
<entry align="center" id="nev20683526n1-nev12234191n102" valign="middle"/>
<entry align="center" id="nev20683526n1-nev12234191n100" valign="middle"/>
<entry align="center" id="nev20683526n1-nev12234191n98" valign="middle"/>
<entry align="center" id="nev20683526n1-nev12234191n96" valign="middle">
<ptxt id="nev20683526n1-nev12234191n94">x</ptxt>
</entry>
<entry align="center" id="nev20683526n1-nev12234191n92" valign="middle"/>
<entry align="center" id="nev20683526n1-nev12234191n90" valign="middle"/>
<entry align="center" id="nev20683526n1-nev12234191n88" valign="middle"/>
<entry align="center" id="nev20683526n1-nev12234191n86" valign="middle">
<ptxt id="nev20683526n1-nev12234191n84">x</ptxt>
</entry>
</row>
<row id="nev20683526n1-nev12234191n82">
<entry align="left" id="nev20683526n1-nev12234191n80" valign="top">
<ptxt id="nev20683526n1-nev12234191n78">
<emph id="nev20683526n1-nev12234191n76">Fluid levels - #@#@#6# bay </emph>
</ptxt>
<ptxt id="nev20683526n1-nev12234191n74">-check/adjust</ptxt>
<ptxt id="nev20683526n1-nev12234191n72">brake fluid,</ptxt>
<ptxt id="nev20683526n1-nev12234191n70">clutch fluid,</ptxt>
<ptxt id="nev20683526n1-nev12234191n68">steering servo #@#@#1#luid,</ptxt>
<ptxt id="nev20683526n1-nev12234191n66">washer fluid,</ptxt>
<ptxt id="nev20683526n1-nev12234191n64">coolant.</ptxt>
</entry>
<entry align="left" id="nev20683526n1-nev12234191n62" valign="middle"/>
<entry align="center" id="nev20683526n1-nev12234191n60" valign="middle">
<ptxt id="nev20683526n1-nev12234191n58">x</ptxt>
</entry>
<entry align="center" id="nev20683526n1-nev12234191n56" valign="middle">
<ptxt id="nev20683526n1-nev12234191n54">x</ptxt>
</entry>
<entry align="center" id="nev20683526n1-nev12234191n52" valign="middle">
<ptxt id="nev20683526n1-nev12234191n50">x</ptxt>
</entry>
<entry align="center" id="nev20683526n1-nev12234191n48" valign="middle">
<ptxt id="nev20683526n1-nev12234191n46">x</ptxt>
</entry>
<entry align="center" id="nev20683526n1-nev12234191n44" valign="middle">
<ptxt id="nev20683526n1-nev12234191n42">x</ptxt>
</entry>
<entry align="center" id="nev20683526n1-nev12234191n40" valign="middle">
<ptxt id="nev20683526n1-nev12234191n38">x</ptxt>
</entry>
<entry align="center" id="nev20683526n1-nev12234191n36" valign="middle">
<ptxt id="nev20683526n1-nev12234191n34">x</ptxt>
</entry>
<entry align="center" id="nev20683526n1-nev12234191n32" valign="middle">
<ptxt id="nev20683526n1-nev12234191n30">x</ptxt>
</entry>
<entry align="center" id="nev20683526n1-nev12234191n28" valign="middle">
<ptxt id="nev20683526n1-nev12234191n26">x</ptxt>
</entry>
<entry align="center" id="nev20683526n1-nev12234191n24" valign="middle">
<ptxt id="nev20683526n1-nev12234191n22">x</ptxt>
</entry>
</row>
<row id="nev20683526n1-nev12234191n20">
<entry align="left" id="nev20683526n1-nev12234191n18" valign="top">
<ptxt id="nev20683526n1-nev12234191n16">
<emph id="nev20683526n1-nev12234191n14">Coolant</emph>
</ptxt>
<ptxt id="nev20683526n1-nev12234191n12">-check/adjust c#@#@#30#ction</ptxt>
</entry>
<entry align="left" id="nev20683526n1-nev12234191n10" valign="middle"/>
<entry align="center" id="nev20683526n1-nev12234191n8" valign="middle">
<ptxt id="nev20683526n1-nev12234191n6">x</ptxt>
</entry>
<entry align="center" id="nev20683526n1-nev12234191n4" valign="middle">
<ptxt id="nev20683526n1-nev12234191n2">x</ptxt>
</entry>
<entry align="center" id="nev20683526n1-nev12234192n250" valign="middle">
<ptxt id="nev20683526n1-nev12234192n248">x</ptxt>
</entry>
<entry align="center" id="nev20683526n1-nev12234192n246" valign="middle">
<ptxt id="nev20683526n1-nev12234192n244">x</ptxt>
</entry>
<entry align="center" id="nev20683526n1-nev12234192n242" valign="middle">
<ptxt id="nev20683526n1-nev12234192n240">x</ptxt>
</entry>
<entry align="center" id="nev20683526n1-nev12234192n238" valign="middle">
<ptxt id="nev20683526n1-nev12234192n236">x</ptxt>
</entry>
<entry align="center" id="nev20683526n1-nev12234192n234" valign="middle">
<ptxt id="nev20683526n1-nev12234192n232">x</ptxt>
</entry>
<entry align="center" id="nev20683526n1-nev12234192n230" valign="middle">
<ptxt id="nev20683526n1-nev12234192n228">x</ptxt>
</entry>
<entry align="center" id="nev20683526n1-nev12234192n226" valign="middle">
<ptxt id="nev20683526n1-nev12234192n224">x</ptxt>
</entry>
<entry align="center" id="nev20683526n1-nev12234192n222" valign="middle">
<ptxt id="nev20683526n1-nev12234192n220">x</ptxt>
</entry>
</row>
<row id="nev20683526n1-nev12234192n218">
<entry align="left" id="nev20683526n1-nev12234192n216" valign="top">
<ptxt id="nev20683526n1-nev12234192n214">
<emph id="nev20683526n1-nev12234192n212">Battery</emph>
</ptxt>
<ptxt id="nev20683526n1-nev12234192n210">-check battery #@#@#5#nals,</ptxt>
<ptxt id="nev20683526n1-nev12234192n208">electrolyte level,</ptxt>
<ptxt id="nev20683526n1-nev12234192n206">mounting</ptxt>
</entry>
<entry align="left" id="nev20683526n1-nev12234192n204" valign="middle"/>
<entry align="center" id="nev20683526n1-nev12234192n202" valign="middle">
<ptxt id="nev20683526n1-nev12234192n200">x</ptxt>
</entry>
<entry align="center" id="nev20683526n1-nev12234192n198" valign="middle">
<ptxt id="nev20683526n1-nev12234192n196">x</ptxt>
</entry>
<entry align="center" id="nev20683526n1-nev12234192n194" valign="middle">
<ptxt id="nev20683526n1-nev12234192n192">x</ptxt>
</entry>
<entry align="center" id="nev20683526n1-nev12234192n190" valign="middle">
<ptxt id="nev20683526n1-nev12234192n188">x</ptxt>
</entry>
<entry align="center" id="nev20683526n1-nev12234192n186" valign="middle">
<ptxt id="nev20683526n1-nev12234192n184">x</ptxt>
</entry>
<entry align="center" id="nev20683526n1-nev12234192n182" valign="middle">
<ptxt id="nev20683526n1-nev12234192n180">x</ptxt>
</entry>
<entry align="center" id="nev20683526n1-nev12234192n178" valign="middle">
<ptxt id="nev20683526n1-nev12234192n176">x</ptxt>
</entry>
<entry align="center" id="nev20683526n1-nev12234192n174" valign="middle">
<ptxt id="nev20683526n1-nev12234192n172">x</ptxt>
</entry>
<entry align="center" id="nev20683526n1-nev12234192n170" valign="middle">
<ptxt id="nev20683526n1-nev12234192n168">x</ptxt>
</entry>
<entry align="center" id="nev20683526n1-nev12234192n166" valign="middle">
<ptxt id="nev20683526n1-nev12234192n164">x</ptxt>
</entry>
</row>
<row id="nev20683526n1-nev12234192n162">
<entry align="left" id="nev20683526n1-nev12234192n160" rowsep="0" valign="top">
<ptxt id="nev20683526n1-nev12234192n158">
<emph id="nev20683526n1-nev12234192n156">Accessory Drive#@#@#1#Belt </emph>
</ptxt>
<ptxt id="nev20683526n1-nev12234192n154"/>
<ptxt id="nev20683526n1-nev12234192n152">-change</ptxt>
<ptxt id="nev20683526n1-nev12234192n150">or:</ptxt>
</entry>
<entry align="left" id="nev20683526n1-nev12234192n148" rowsep="0" valign="middle">
<ptxt id="nev20683526n1-nev12234192n146">
<emph id="nev20683526n1-nev12234192n144">B52x4x</emph>, see <xref id="nev20683526n1-nev12234192n142">
<ref id="nev20683526n1-KC08708162"/>
</xref>
</ptxt>
</entry>
<entry align="center" id="nev20683526n1-nev12234192n138" valign="middle"/>
<entry align="center" id="nev20683526n1-nev12234192n136" valign="middle"/>
<entry align="center" id="nev20683526n1-nev12234192n134" valign="middle"/>
<entry align="center" id="nev20683526n1-nev12234192n132" valign="middle"/>
<entry align="center" id="nev20683526n1-nev12234192n130" valign="middle"/>
<entry align="center" id="nev20683526n1-nev12234192n128" valign="middle">
<ptxt id="nev20683526n1-nev12234192n126">x</ptxt>
</entry>
<entry align="center" id="nev20683526n1-nev12234192n124" valign="middle"/>
<entry align="center" id="nev20683526n1-nev12234192n122" valign="middle"/>
<entry align="center" id="nev20683526n1-nev12234192n120" valign="middle"/>
<entry align="center" id="nev20683526n1-nev12234192n118" valign="middle"/>
</row>
<row id="nev20683526n1-nev12234192n116">
<entry align="left" id="nev20683526n1-nev12234192n114" valign="top">
<ptxt id="nev20683526n1-nev12234192n112">-change belt ev#@#@#8#ears </ptxt>
</entry>
<entry align="left" id="nev20683526n1-nev12234192n110" valign="middle"/>
<entry align="center" id="nev20683526n1-nev12234192n108" valign="middle"/>
<entry align="center" id="nev20683526n1-nev12234192n106" valign="middle"/>
<entry align="center" id="nev20683526n1-nev12234192n104" valign="middle"/>
<entry align="center" id="nev20683526n1-nev12234192n102" valign="middle"/>
<entry align="center" id="nev20683526n1-nev12234192n100" valign="middle"/>
<entry align="center" id="nev20683526n1-nev12234192n98" valign="middle"/>
<entry align="center" id="nev20683526n1-nev12234192n96" valign="middle"/>
<entry align="center" id="nev20683526n1-nev12234192n94" valign="middle"/>
<entry align="center" id="nev20683526n1-nev12234192n92" valign="middle"/>
<entry align="center" id="nev20683526n1-nev12234192n90" valign="middle">
<ptxt id="nev20683526n1-nev12234192n88">x</ptxt>
</entry>
</row>
<row id="nev20683526n1-nev12234192n86">
<entry align="left" id="nev20683526n1-nev12234192n84" rowsep="0" valign="top">
<ptxt id="nev20683526n1-nev12234192n82">
<emph id="nev20683526n1-nev12234192n80">Programme item:</emph>
</ptxt>
</entry>
<entry align="right" id="nev20683526n1-nev12234192n78" rowsep="0" valign="middle">
<ptxt id="nev20683526n1-nev12234192n76">
<emph id="nev20683526n1-nev12234192n74">year:</emph>
</ptxt>
</entry>
<entry align="center" id="nev20683526n1-nev12234192n72" valign="middle">
<ptxt id="nev20683526n1-nev12234192n70">
<emph id="nev20683526n1-nev12234192n68">11</emph>
</ptxt>
</entry>
<entry align="center" id="nev20683526n1-nev12234192n66" valign="middle">
<ptxt id="nev20683526n1-nev12234192n64">
<emph id="nev20683526n1-nev12234192n62">12</emph>
</ptxt>
</entry>
<entry align="center" id="nev20683526n1-nev12234192n60" valign="middle">
<ptxt id="nev20683526n1-nev12234192n58">
<emph id="nev20683526n1-nev12234192n56">13</emph>
</ptxt>
</entry>
<entry align="center" id="nev20683526n1-nev12234192n54" valign="middle">
<ptxt id="nev20683526n1-nev12234192n52">
<emph id="nev20683526n1-nev12234192n50">14</emph>
</ptxt>
</entry>
<entry align="center" id="nev20683526n1-nev12234192n48" valign="middle">
<ptxt id="nev20683526n1-nev12234192n46">
<emph id="nev20683526n1-nev12234192n44">15</emph>
</ptxt>
</entry>
<entry align="center" id="nev20683526n1-nev12234192n42" valign="middle">
<ptxt id="nev20683526n1-nev12234192n40">
<emph id="nev20683526n1-nev12234192n38">16</emph>
</ptxt>
</entry>
<entry align="center" id="nev20683526n1-nev12234192n36" valign="middle">
<ptxt id="nev20683526n1-nev12234192n34">
<emph id="nev20683526n1-nev12234192n32">17</emph>
</ptxt>
</entry>
<entry align="center" id="nev20683526n1-nev12234192n30" valign="middle">
<ptxt id="nev20683526n1-nev12234192n28">
<emph id="nev20683526n1-nev12234192n26">18</emph>
</ptxt>
</entry>
<entry align="center" id="nev20683526n1-nev12234192n24" valign="middle">
<ptxt id="nev20683526n1-nev12234192n22">
<emph id="nev20683526n1-nev12234192n20">19</emph>
</ptxt>
</entry>
<entry align="center" id="nev20683526n1-nev12234192n18" valign="middle">
<ptxt id="nev20683526n1-nev12234192n16">
<emph id="nev20683526n1-nev12234192n14">20</emph>
</ptxt>
</entry>
</row>
<row id="nev20683526n1-nev12234192n12">
<entry align="left" id="nev20683526n1-nev12234192n10" valign="top">
<ptxt id="nev20683526n1-nev12234192n8">
<emph id="nev20683526n1-nev12234192n6">S60 petrol engines</emph>
</ptxt>
</entry>
<entry align="right" id="nev20683526n1-nev12234192n4" valign="middle">
<ptxt id="nev20683526n1-nev12234192n2">
<emph id="nev20683526n1-nev12234193n250">km x 1000:</emph>
</ptxt>
</entry>
<entry align="center" id="nev20683526n1-nev12234193n248" valign="middle">
<ptxt id="nev20683526n1-nev12234193n246">
<emph id="nev20683526n1-nev12234193n244">220</emph>
</ptxt>
</entry>
<entry align="center" id="nev20683526n1-nev12234193n242" valign="middle">
<ptxt id="nev20683526n1-nev12234193n240">
<emph id="nev20683526n1-nev12234193n238">240</emph>
</ptxt>
</entry>
<entry align="center" id="nev20683526n1-nev12234193n236" valign="middle">
<ptxt id="nev20683526n1-nev12234193n234">
<emph id="nev20683526n1-nev12234193n232">260</emph>
</ptxt>
</entry>
<entry align="center" id="nev20683526n1-nev12234193n230" valign="middle">
<ptxt id="nev20683526n1-nev12234193n228">
<emph id="nev20683526n1-nev12234193n226">280</emph>
</ptxt>
</entry>
<entry align="center" id="nev20683526n1-nev12234193n224" valign="middle">
<ptxt id="nev20683526n1-nev12234193n222">
<emph id="nev20683526n1-nev12234193n220">300</emph>
</ptxt>
</entry>
<entry align="center" id="nev20683526n1-nev12234193n218" valign="middle">
<ptxt id="nev20683526n1-nev12234193n216">
<emph id="nev20683526n1-nev12234193n214">320</emph>
</ptxt>
</entry>
<entry align="center" id="nev20683526n1-nev12234193n212" valign="middle">
<ptxt id="nev20683526n1-nev12234193n210">
<emph id="nev20683526n1-nev12234193n208">340</emph>
</ptxt>
</entry>
<entry align="center" id="nev20683526n1-nev12234193n206" valign="middle">
<ptxt id="nev20683526n1-nev12234193n204">
<emph id="nev20683526n1-nev12234193n202">360</emph>
</ptxt>
</entry>
<entry align="center" id="nev20683526n1-nev12234193n200" valign="middle">
<ptxt id="nev20683526n1-nev12234193n198">
<emph id="nev20683526n1-nev12234193n196">380</emph>
</ptxt>
</entry>
<entry align="center" id="nev20683526n1-nev12234193n194" valign="middle">
<ptxt id="nev20683526n1-nev12234193n192">
<emph id="nev20683526n1-nev12234193n190">400</emph>
</ptxt>
</entry>
</row>
<row id="nev20683526n1-nev12234193n188">
<entry align="left" id="nev20683526n1-nev12234193n186" rowsep="0" valign="top">
<ptxt id="nev20683526n1-nev12234193n184">
<emph id="nev20683526n1-nev12234193n182">Camshaft belt </emph>
</ptxt>
<ptxt id="nev20683526n1-nev12234193n180">-change belt as#@#@#31#, or:</ptxt>
</entry>
<entry align="left" id="nev20683526n1-nev12234193n178" rowsep="0" valign="middle">
<ptxt id="nev20683526n1-nev12234193n176">
<emph id="nev20683526n1-nev12234193n174">B52x4S</emph> see <xref id="nev20683526n1-nev12234193n172">
<ref id="nev20683526n1-KC08708163"/>
</xref>
</ptxt>
<ptxt id="nev20683526n1-nev12234193n167">
<emph id="nev20683526n1-nev12234193n165">B52x4T</emph> see <xref id="nev20683526n1-nev12234193n163">
<ref id="nev20683526n1-KC08708164"/>
</xref>
</ptxt>
</entry>
<entry align="center" id="nev20683526n1-nev12234193n158" valign="middle"/>
<entry align="center" id="nev20683526n1-nev12234193n156" valign="middle"/>
<entry align="center" id="nev20683526n1-nev12234193n154" valign="middle"/>
<entry align="center" id="nev20683526n1-nev12234193n152" valign="middle"/>
<entry align="center" id="nev20683526n1-nev12234193n150" valign="middle"/>
<entry align="center" id="nev20683526n1-nev12234193n148" valign="middle">
<ptxt id="nev20683526n1-nev12234193n146">x</ptxt>
</entry>
<entry align="center" id="nev20683526n1-nev12234193n144" valign="middle"/>
<entry align="center" id="nev20683526n1-nev12234193n142" valign="middle"/>
<entry align="center" id="nev20683526n1-nev12234193n140" valign="middle"/>
<entry align="center" id="nev20683526n1-nev12234193n138" valign="middle"/>
</row>
<row id="nev20683526n1-nev12234193n136">
<entry align="left" id="nev20683526n1-nev12234193n134" rowsep="0" valign="top">
<ptxt id="nev20683526n1-nev12234193n132">-change belt ev#@#@#7#years</ptxt>
</entry>
<entry align="left" id="nev20683526n1-nev12234193n130" rowsep="0" valign="middle"/>
<entry align="center" id="nev20683526n1-nev12234193n128" valign="middle"/>
<entry align="center" id="nev20683526n1-nev12234193n126" valign="middle"/>
<entry align="center" id="nev20683526n1-nev12234193n124" valign="middle"/>
<entry align="center" id="nev20683526n1-nev12234193n122" valign="middle"/>
<entry align="center" id="nev20683526n1-nev12234193n120" valign="middle"/>
<entry align="center" id="nev20683526n1-nev12234193n118" valign="middle"/>
<entry align="center" id="nev20683526n1-nev12234193n116" valign="middle"/>
<entry align="center" id="nev20683526n1-nev12234193n114" valign="middle"/>
<entry align="center" id="nev20683526n1-nev12234193n112" valign="middle"/>
<entry align="center" id="nev20683526n1-nev12234193n110" valign="middle">
<ptxt id="nev20683526n1-nev12234193n108">x</ptxt>
</entry>
</row>
<row id="nev20683526n1-nev12234193n106">
<entry align="left" id="nev20683526n1-nev12234193n104" valign="top">
<ptxt id="nev20683526n1-nev12234193n102">
<emph id="nev20683526n1-nev12234193n100">Belt tensioner</emph>
</ptxt>
<ptxt id="nev20683526n1-nev12234193n98">-change</ptxt>
</entry>
<entry align="left" id="nev20683526n1-nev12234193n96" valign="middle"/>
<entry align="center" id="nev20683526n1-nev12234193n94" valign="middle"/>
<entry align="center" id="nev20683526n1-nev12234193n92" valign="middle"/>
<entry align="center" id="nev20683526n1-nev12234193n90" valign="middle"/>
<entry align="center" id="nev20683526n1-nev12234193n88" valign="middle"/>
<entry align="center" id="nev20683526n1-nev12234193n86" valign="middle"/>
<entry align="center" id="nev20683526n1-nev12234193n84" valign="middle">
<ptxt id="nev20683526n1-nev12234193n82">x</ptxt>
</entry>
<entry align="center" id="nev20683526n1-nev12234193n80" valign="middle"/>
<entry align="center" id="nev20683526n1-nev12234193n78" valign="middle"/>
<entry align="center" id="nev20683526n1-nev12234193n76" valign="middle"/>
<entry align="center" id="nev20683526n1-nev12234193n74" valign="middle"/>
</row>
<row id="nev20683526n1-nev12234193n72">
<entry align="left" id="nev20683526n1-nev12234193n70" valign="top">
<ptxt id="nev20683526n1-nev12234193n68">
<emph id="nev20683526n1-nev12234193n66">Doors,</emph>
</ptxt>
<ptxt id="nev20683526n1-nev12234193n64">
<emph id="nev20683526n1-nev12234193n62"> hood,</emph>
</ptxt>
<ptxt id="nev20683526n1-nev12234193n60">
<emph id="nev20683526n1-nev12234193n58">detachable tow hitch</emph>
</ptxt>
<ptxt id="nev20683526n1-nev12234193n56">-grease</ptxt>
</entry>
<entry align="left" id="nev20683526n1-nev12234193n54" valign="middle"/>
<entry align="center" id="nev20683526n1-nev12234193n52" valign="middle">
<ptxt id="nev20683526n1-nev12234193n50">x</ptxt>
</entry>
<entry align="center" id="nev20683526n1-nev12234193n48" valign="middle">
<ptxt id="nev20683526n1-nev12234193n46">x</ptxt>
</entry>
<entry align="center" id="nev20683526n1-nev12234193n44" valign="middle">
<ptxt id="nev20683526n1-nev12234193n42">x</ptxt>
</entry>
<entry align="center" id="nev20683526n1-nev12234193n40" valign="middle">
<ptxt id="nev20683526n1-nev12234193n38">x</ptxt>
</entry>
<entry align="center" id="nev20683526n1-nev12234193n36" valign="middle">
<ptxt id="nev20683526n1-nev12234193n34">x</ptxt>
</entry>
<entry align="center" id="nev20683526n1-nev12234193n32" valign="middle">
<ptxt id="nev20683526n1-nev12234193n30">x</ptxt>
</entry>
<entry align="center" id="nev20683526n1-nev12234193n28" valign="middle">
<ptxt id="nev20683526n1-nev12234193n26">x</ptxt>
</entry>
<entry align="center" id="nev20683526n1-nev12234193n24" valign="middle">
<ptxt id="nev20683526n1-nev12234193n22">x</ptxt>
</entry>
<entry align="center" id="nev20683526n1-nev12234193n20" valign="middle">
<ptxt id="nev20683526n1-nev12234193n18">x</ptxt>
</entry>
<entry align="center" id="nev20683526n1-nev12234193n16" valign="middle">
<ptxt id="nev20683526n1-nev12234193n14">x</ptxt>
</entry>
</row>
<row id="nev20683526n1-nev12234193n12">
<entry align="left" id="nev20683526n1-nev12234193n10" rowsep="0" valign="top">
<ptxt id="nev20683526n1-nev12234193n8">
<emph id="nev20683526n1-nev12234193n6">Programme item:</emph>
</ptxt>
</entry>
<entry align="right" id="nev20683526n1-nev12234193n4" rowsep="0" valign="middle">
<ptxt id="nev20683526n1-nev12234193n2">
<emph id="nev20683526n1-nev12234194n250">year:</emph>
</ptxt>
</entry>
<entry align="center" id="nev20683526n1-nev12234194n248" valign="middle">
<ptxt id="nev20683526n1-nev12234194n246">
<emph id="nev20683526n1-nev12234194n244">11</emph>
</ptxt>
</entry>
<entry align="center" id="nev20683526n1-nev12234194n242" valign="middle">
<ptxt id="nev20683526n1-nev12234194n240">
<emph id="nev20683526n1-nev12234194n238">12</emph>
</ptxt>
</entry>
<entry align="center" id="nev20683526n1-nev12234194n236" valign="middle">
<ptxt id="nev20683526n1-nev12234194n234">
<emph id="nev20683526n1-nev12234194n232">13</emph>
</ptxt>
</entry>
<entry align="center" id="nev20683526n1-nev12234194n230" valign="middle">
<ptxt id="nev20683526n1-nev12234194n228">
<emph id="nev20683526n1-nev12234194n226">14</emph>
</ptxt>
</entry>
<entry align="center" id="nev20683526n1-nev12234194n224" valign="middle">
<ptxt id="nev20683526n1-nev12234194n222">
<emph id="nev20683526n1-nev12234194n220">15</emph>
</ptxt>
</entry>
<entry align="center" id="nev20683526n1-nev12234194n218" valign="middle">
<ptxt id="nev20683526n1-nev12234194n216">
<emph id="nev20683526n1-nev12234194n214">16</emph>
</ptxt>
</entry>
<entry align="center" id="nev20683526n1-nev12234194n212" valign="middle">
<ptxt id="nev20683526n1-nev12234194n210">
<emph id="nev20683526n1-nev12234194n208">17</emph>
</ptxt>
</entry>
<entry align="center" id="nev20683526n1-nev12234194n206" valign="middle">
<ptxt id="nev20683526n1-nev12234194n204">
<emph id="nev20683526n1-nev12234194n202">18</emph>
</ptxt>
</entry>
<entry align="center" id="nev20683526n1-nev12234194n200" valign="middle">
<ptxt id="nev20683526n1-nev12234194n198">
<emph id="nev20683526n1-nev12234194n196">19</emph>
</ptxt>
</entry>
<entry align="center" id="nev20683526n1-nev12234194n194" valign="middle">
<ptxt id="nev20683526n1-nev12234194n192">
<emph id="nev20683526n1-nev12234194n190">20</emph>
</ptxt>
</entry>
</row>
<row id="nev20683526n1-nev12234194n188">
<entry align="left" id="nev20683526n1-nev12234194n186" valign="top">
<ptxt id="nev20683526n1-nev12234194n184">
<emph id="nev20683526n1-nev12234194n182">S60 petrol engines</emph>
</ptxt>
</entry>
<entry align="right" id="nev20683526n1-nev12234194n180" valign="middle">
<ptxt id="nev20683526n1-nev12234194n178">
<emph id="nev20683526n1-nev12234194n176">km x 1000:</emph>
</ptxt>
</entry>
<entry align="center" id="nev20683526n1-nev12234194n174" valign="middle">
<ptxt id="nev20683526n1-nev12234194n172">
<emph id="nev20683526n1-nev12234194n170">220</emph>
</ptxt>
</entry>
<entry align="center" id="nev20683526n1-nev12234194n168" valign="middle">
<ptxt id="nev20683526n1-nev12234194n166">
<emph id="nev20683526n1-nev12234194n164">240</emph>
</ptxt>
</entry>
<entry align="center" id="nev20683526n1-nev12234194n162" valign="middle">
<ptxt id="nev20683526n1-nev12234194n160">
<emph id="nev20683526n1-nev12234194n158">260</emph>
</ptxt>
</entry>
<entry align="center" id="nev20683526n1-nev12234194n156" valign="middle">
<ptxt id="nev20683526n1-nev12234194n154">
<emph id="nev20683526n1-nev12234194n152">280</emph>
</ptxt>
</entry>
<entry align="center" id="nev20683526n1-nev12234194n150" valign="middle">
<ptxt id="nev20683526n1-nev12234194n148">
<emph id="nev20683526n1-nev12234194n146">300</emph>
</ptxt>
</entry>
<entry align="center" id="nev20683526n1-nev12234194n144" valign="middle">
<ptxt id="nev20683526n1-nev12234194n142">
<emph id="nev20683526n1-nev12234194n140">320</emph>
</ptxt>
</entry>
<entry align="center" id="nev20683526n1-nev12234194n138" valign="middle">
<ptxt id="nev20683526n1-nev12234194n136">
<emph id="nev20683526n1-nev12234194n134">340</emph>
</ptxt>
</entry>
<entry align="center" id="nev20683526n1-nev12234194n132" valign="middle">
<ptxt id="nev20683526n1-nev12234194n130">
<emph id="nev20683526n1-nev12234194n128">360</emph>
</ptxt>
</entry>
<entry align="center" id="nev20683526n1-nev12234194n126" valign="middle">
<ptxt id="nev20683526n1-nev12234194n124">
<emph id="nev20683526n1-nev12234194n122">380</emph>
</ptxt>
</entry>
<entry align="center" id="nev20683526n1-nev12234194n120" valign="middle">
<ptxt id="nev20683526n1-nev12234194n118">
<emph id="nev20683526n1-nev12234194n116">400</emph>
</ptxt>
</entry>
</row>
<row id="nev20683526n1-nev12234194n114">
<entry align="left" id="nev20683526n1-nev12234194n112" valign="top">
<ptxt id="nev20683526n1-nev12234194n110">
<emph id="nev20683526n1-nev12234194n108">Cabin filter</emph>
</ptxt>
<ptxt id="nev20683526n1-nev12234194n106">-change</ptxt>
</entry>
<entry align="left" id="nev20683526n1-nev12234194n104" valign="middle"/>
<entry align="center" id="nev20683526n1-nev12234194n102" valign="middle">
<ptxt id="nev20683526n1-nev12234194n100">x</ptxt>
</entry>
<entry align="center" id="nev20683526n1-nev12234194n98" valign="middle">
<ptxt id="nev20683526n1-nev12234194n96">x</ptxt>
</entry>
<entry align="center" id="nev20683526n1-nev12234194n94" valign="middle">
<ptxt id="nev20683526n1-nev12234194n92">x</ptxt>
</entry>
<entry align="center" id="nev20683526n1-nev12234194n90" valign="middle">
<ptxt id="nev20683526n1-nev12234194n88">x</ptxt>
</entry>
<entry align="center" id="nev20683526n1-nev12234194n86" valign="middle">
<ptxt id="nev20683526n1-nev12234194n84">x</ptxt>
</entry>
<entry align="center" id="nev20683526n1-nev12234194n82" valign="middle">
<ptxt id="nev20683526n1-nev12234194n80">x</ptxt>
</entry>
<entry align="center" id="nev20683526n1-nev12234194n78" valign="middle">
<ptxt id="nev20683526n1-nev12234194n76">x</ptxt>
</entry>
<entry align="center" id="nev20683526n1-nev12234194n74" valign="middle">
<ptxt id="nev20683526n1-nev12234194n72">x</ptxt>
</entry>
<entry align="center" id="nev20683526n1-nev12234194n70" valign="middle">
<ptxt id="nev20683526n1-nev12234194n68">x</ptxt>
</entry>
<entry align="center" id="nev20683526n1-nev12234194n66" valign="middle">
<ptxt id="nev20683526n1-nev12234194n64">x</ptxt>
</entry>
</row>
<row id="nev20683526n1-nev12234194n62">
<entry align="left" id="nev20683526n1-nev12234194n60" rowsep="0" valign="top">
<ptxt id="nev20683526n1-nev12234194n58">
<emph id="nev20683526n1-nev12234194n56">Brake fluid</emph>
</ptxt>
<ptxt id="nev20683526n1-nev12234194n54">-change</ptxt>
</entry>
<entry align="left" id="nev20683526n1-nev12234194n52" valign="middle">
<ptxt id="nev20683526n1-nev12234194n50">Recommend custo#@#@#80#ions.</ptxt>
</entry>
<entry align="center" id="nev20683526n1-nev12234194n48" valign="middle"/>
<entry align="center" id="nev20683526n1-nev12234194n46" valign="middle">
<ptxt id="nev20683526n1-nev12234194n44">x</ptxt>
</entry>
<entry align="center" id="nev20683526n1-nev12234194n42" valign="middle"/>
<entry align="center" id="nev20683526n1-nev12234194n40" valign="middle">
<ptxt id="nev20683526n1-nev12234194n38">x</ptxt>
</entry>
<entry align="center" id="nev20683526n1-nev12234194n36" valign="middle"/>
<entry align="center" id="nev20683526n1-nev12234194n34" valign="middle">
<ptxt id="nev20683526n1-nev12234194n32">x</ptxt>
</entry>
<entry align="center" id="nev20683526n1-nev12234194n30" valign="middle"/>
<entry align="center" id="nev20683526n1-nev12234194n28" valign="middle">
<ptxt id="nev20683526n1-nev12234194n26">x</ptxt>
</entry>
<entry align="center" id="nev20683526n1-nev12234194n24" valign="middle"/>
<entry align="center" id="nev20683526n1-nev12234194n22" valign="middle">
<ptxt id="nev20683526n1-nev12234194n20">x</ptxt>
</entry>
</row>
<row id="nev20683526n1-nev12234194n18">
<entry id="nev20683526n1-nev12234194n16"/>
<entry align="left" colname="col2" id="nev20683526n1-nev12234194n14" valign="middle">
<note id="nev20683526n1-nev12234194n12">
<ptxt id="nev20683526n1-nev12234194n10">The fluid must #@#@#94#ates.</ptxt>
</note>
</entry>
<entry align="center" id="nev20683526n1-nev12234194n8" valign="middle">
<ptxt id="nev20683526n1-nev12234194n6">x</ptxt>
</entry>
<entry align="center" id="nev20683526n1-nev12234194n4" valign="middle">
<ptxt id="nev20683526n1-nev12234194n2">x</ptxt>
</entry>
<entry align="center" id="nev20683526n1-nev12234195n250" valign="middle">
<ptxt id="nev20683526n1-nev12234195n248">x</ptxt>
</entry>
<entry align="center" id="nev20683526n1-nev12234195n246" valign="middle">
<ptxt id="nev20683526n1-nev12234195n244">x</ptxt>
</entry>
<entry align="center" id="nev20683526n1-nev12234195n242" valign="middle">
<ptxt id="nev20683526n1-nev12234195n240">x</ptxt>
</entry>
<entry align="center" id="nev20683526n1-nev12234195n238" valign="middle">
<ptxt id="nev20683526n1-nev12234195n236">x</ptxt>
</entry>
<entry align="center" id="nev20683526n1-nev12234195n234" valign="middle">
<ptxt id="nev20683526n1-nev12234195n232">x</ptxt>
</entry>
<entry align="center" id="nev20683526n1-nev12234195n230" valign="middle">
<ptxt id="nev20683526n1-nev12234195n228">x</ptxt>
</entry>
<entry align="center" id="nev20683526n1-nev12234195n226" valign="middle">
<ptxt id="nev20683526n1-nev12234195n224">x</ptxt>
</entry>
<entry align="center" id="nev20683526n1-nev12234195n222" valign="middle">
<ptxt id="nev20683526n1-nev12234195n220">x</ptxt>
</entry>
</row>
<row id="nev20683526n1-nev12234195n184">
<entry align="left" id="nev20683526n1-nev12234195n182" valign="top">
<ptxt id="nev20683526n1-nev12234195n180">
<emph id="nev20683526n1-nev12234195n178">SRL</emph>
</ptxt>
<ptxt id="nev20683526n1-nev12234195n176">-extinguish ser#@#@#4# lamp</ptxt>
</entry>
<entry align="left" id="nev20683526n1-nev12234195n174" valign="middle">
<ptxt id="nev20683526n1-nev12234195n172">See <xref id="nev20683526n1-nev12234195n170">
<ref id="nev20683526n1-KC08708165"/>
</xref>. </ptxt>
</entry>
<entry align="center" id="nev20683526n1-nev12234195n165" valign="middle">
<ptxt id="nev20683526n1-nev12234195n163">x</ptxt>
</entry>
<entry align="center" id="nev20683526n1-nev12234195n161" valign="middle">
<ptxt id="nev20683526n1-nev12234195n159">x</ptxt>
</entry>
<entry align="center" id="nev20683526n1-nev12234195n157" valign="middle">
<ptxt id="nev20683526n1-nev12234195n155">x</ptxt>
</entry>
<entry align="center" id="nev20683526n1-nev12234195n153" valign="middle">
<ptxt id="nev20683526n1-nev12234195n151">x</ptxt>
</entry>
<entry align="center" id="nev20683526n1-nev12234195n149" valign="middle">
<ptxt id="nev20683526n1-nev12234195n147">x</ptxt>
</entry>
<entry align="center" id="nev20683526n1-nev12234195n145" valign="middle">
<ptxt id="nev20683526n1-nev12234195n143">x</ptxt>
</entry>
<entry align="center" id="nev20683526n1-nev12234195n141" valign="middle">
<ptxt id="nev20683526n1-nev12234195n139">x</ptxt>
</entry>
<entry align="center" id="nev20683526n1-nev12234195n137" valign="middle">
<ptxt id="nev20683526n1-nev12234195n135">x</ptxt>
</entry>
<entry align="center" id="nev20683526n1-nev12234195n133" valign="middle">
<ptxt id="nev20683526n1-nev12234195n131">x</ptxt>
</entry>
<entry align="center" id="nev20683526n1-nev12234195n129" valign="middle">
<ptxt id="nev20683526n1-nev12234195n127">x</ptxt>
</entry>
</row>
</tbody>
</tgroup>
</table>
</servinfosub>