<?xml version="1.0" encoding="UTF-8"?><servinfosub IE-ID="en-US0900c8af81a9d709" docno="VCC-161477" id="KC07232162" xml:lang="en-US">
<title>
<phrase category="" id="KC09562927" phrase-urn="urn:x-nevis:phrase:0800c8af8271f90c">Signal too high</phrase>
</title>
<diagnostic j2008use="1" paperuse="1" screenuse="1" type="test">
<testgrp IE-ID="en-US0900c8af81a9d709_KC07240213" id="KC07240213" j2008use="1" paperuse="1" resumable="1" screenuse="1" testgrp-id="node1" x="120" y="80">
<title>
<phrase category="" id="KC09562928" phrase-urn="urn:x-nevis:phrase:0800c8af8271f90d">Checking the co#@#@#14#iring</phrase>
</title>
<node>
<test1>
<test2>
<para>
<ptxt>
<phrase category="" id="KC09562929" phrase-urn="urn:x-nevis:phrase:0800c8af8271f90e">Check the resis#@#@#64#d #2.</phrase>
</ptxt>
</para>
<para>
<ptxt>
<phrase category="" id="KC09562930" phrase-urn="urn:x-nevis:phrase:0800c8af8271f90f">Check the signa#@#@#134#tage.</phrase>
</ptxt>
</para>
<para>
<ptxt>
<phrase category="" id="KC09562931" phrase-urn="urn:x-nevis:phrase:0800c8af8271f910">Remedy as necessary.</phrase>
</ptxt>
</para>
<list1 enumtype="d" type="unordered">
<title>
<phrase category="" id="KC09562932" phrase-urn="urn:x-nevis:phrase:0800c8af8271f911">Other information</phrase>
</title>
<item>
<ptxt>
<phrase category="" id="KC09562933" phrase-urn="urn:x-nevis:phrase:0800c8af8271f912">
<xref>
<ref id="KC09562934"/>
</xref>
</phrase>
</ptxt>
</item>
<item>
<ptxt>
<phrase category="" id="KC09562935" phrase-urn="urn:x-nevis:phrase:0800c8af8271f913">For information#@#@#34#nes: <xref>
<ref id="KC09562936"/>
</xref>
</phrase>
</ptxt>
</item>
<item>
<ptxt>
<phrase category="" id="KC09562937" phrase-urn="urn:x-nevis:phrase:0800c8af8271f914">For information#@#@#34#nes: <xref>
<ref id="KC09562938"/>
</xref>
</phrase>
</ptxt>
</item>
<item>
<ptxt>
<phrase category="" id="KC09562939" phrase-urn="urn:x-nevis:phrase:0800c8af8271f915">For resistance #@#@#3#ues: <xref>
<ref id="KC09562940"/>
</xref>
</phrase>
</ptxt>
</item>
<item>
<ptxt>
<phrase category="" id="KC09562941" phrase-urn="urn:x-nevis:phrase:0800c8af8271f916">
<xref>
<ref id="KC09562942"/>
</xref>
</phrase>
</ptxt>
</item>
<item>
<ptxt>
<phrase category="" id="KC09562943" phrase-urn="urn:x-nevis:phrase:0800c8af8271f917">
<xref>
<ref id="KC09562944"/>
</xref>
</phrase>
</ptxt>
</item>
</list1>
<diaglist>
<dgraphic>
<dgraphic1>
<graphic id="KC09562945">
<href>0900c8af80058ca#@#@#9#.jpeg</href>
</graphic>
</dgraphic1>
<dgraphic2>
<graphic id="KC09562946">
<href>0900c8af86c8681#@#@#9#.jpeg</href>
</graphic>
<smarttool active="press" id="KC09562947" toolname="XECM1006"/>
</dgraphic2>
</dgraphic>
<ditem>
<ditemtext>
<ptxt>
<phrase category="" id="KC09562948" phrase-urn="urn:x-nevis:phrase:0800c8af8271f918"/>
</ptxt>
</ditemtext>
</ditem>
</diaglist>
<grate>
<graphic id="KC09562949">
<href>0900c8af8005789#@#@#9#.jpeg</href>
</graphic>
</grate>
</test2>
</test1>
<question>
Select Continue.
</question>
<resact-grp>
<result button="cont" comp="button" highlight="0"/>
<action j2008use="1" paperuse="1" screenuse="1">
<ptxt>
<xref>
<ref id="KC09562951"/>
</xref>
</ptxt>
</action>
</resact-grp>
</node>
</testgrp>
<testgrp id="KC07240214" j2008use="1" paperuse="1" resumable="1" screenuse="1" testgrp-id="ecm-ver1" x="320" y="80">
<title>
<phrase category="" id="KC09562952" phrase-urn="urn:x-nevis:phrase:0800c8af8271f91a">Verification</phrase>
</title>
<subcalloutnode>
<diagcallout>
<xref>
<ref id="KC09562953"/>
</xref>
</diagcallout>
<rescall-grp>
<result comp="string" highlight="0" op="eq" return="VERIFICATION FAILED"/>
<calloutaction>
<ptxt>
<xref>
<ref id="KC09562954"/>
</xref>
</ptxt>
</calloutaction>
</rescall-grp>
<rescall-grp>
<result comp="string" highlight="0" op="eq" return="VERIFIED"/>
<calloutaction>
<return value="FAULT FOUND"/>
</calloutaction>
</rescall-grp>
</subcalloutnode>
</testgrp>
<testgrp id="KC07240215" j2008use="1" paperuse="1" resumable="1" screenuse="1" testgrp-id="info1" x="480" y="80">
<title>
<phrase category="" id="KC09562955" phrase-urn="urn:x-nevis:phrase:0800c8af8271f91b">Fault-tracing i#@#@#5#ation</phrase>
</title>
<subcalloutnode>
<diagcallout>
<xref>
<ref id="KC09562956"/>
</xref>
</diagcallout>
<rescall-grp>
<result comp="string" highlight="0" op="eq" return="FAULTTRACING FAILED"/>
<calloutaction>
<return value="FAULTTRACING FAILED"/>
</calloutaction>
</rescall-grp>
<rescall-grp>
<result comp="string" highlight="0" op="eq" return="NEW TRY"/>
<calloutaction>
<ptxt>
<xref>
<ref id="KC09562957"/>
</xref>
</ptxt>
</calloutaction>
</rescall-grp>
</subcalloutnode>
</testgrp>
</diagnostic>
</servinfosub>