<?xml version="1.0" encoding="UTF-8"?><servinfosub IE-ID="en-US0900c8af84e27709" docno="VCC-401585" id="nev14961347n1" xml:lang="en-US">
<title>
<phrase category="Title" id="nev14961347n2" phrase-urn="urn:x-nevis:phrase:0800c8af81ea4c43">Fault-tracing i#@#@#5#ation</phrase>
</title>
<diagnostic j2008use="1" layout="0" paperuse="1" screenuse="1" type="test">
<testgrp IE-ID="en-US0900c8af84e27709_nev14961347n3" id="nev14961347n3" j2008use="1" paperuse="1" resumable="1" screenuse="1" testgrp-id="node2" x="120" y="120">
<title>
<phrase category="" id="nev14961347n4" phrase-urn="urn:x-nevis:phrase:0800c8af8270849c">Fault-tracing i#@#@#6#tion </phrase>
</title>
<node>
<test1>
<diaglist/>
<test2>
<para>
<ptxt>
<phrase category="Faulttracing" id="nev14961350n1" phrase-urn="urn:x-nevis:phrase:0800c8af8226518e">The control mod#@#@#32#ault.</phrase>
</ptxt>
</para>
<para>
<ptxt>
<phrase category="" id="nev14961347n8" phrase-urn="urn:x-nevis:phrase:0800c8af827084a0">If the fault is#@#@#201#curs.</phrase>
</ptxt>
</para>
<para>
<ptxt>
<phrase category="Faulttracing" id="nev14961394n1" phrase-urn="urn:x-nevis:phrase:0800c8af8319d7a6">In the event of#@#@#60#aced.</phrase>
</ptxt>
</para>
<diaglist/>
<grate>
<graphic id="nev14961347n10">
<href>0900c8af84e174a#@#@#11#.jpeg</href>
</graphic>
</grate>
</test2>
</test1>
<question>
Select Continue.
</question>
<resact-grp>
<result button="cont" comp="button" highlight="0"/>
<action id="nev14961348n2" j2008use="1" paperuse="0" screenuse="1">
<return id="nev14961348n3" value="FAULT FOUND"/>
</action>
</resact-grp>
</node>
</testgrp>
</diagnostic>
</servinfosub>