<?xml version="1.0" encoding="UTF-8"?><servinfosub IE-ID="en-US0900c8af808e8709" docno="VCC-111908" id="KC02398231" xml:lang="en-US">
<title>
<phrase category="" id="KC08920466" phrase-urn="urn:x-nevis:phrase:0800c8af823317d8">Internal fault</phrase>
</title>
<diagnostic j2008use="1" paperuse="1" screenuse="1" type="test">
<testgrp IE-ID="en-US0900c8af808e8709_KC02398232" id="KC02398232" j2008use="1" paperuse="1" resumable="1" screenuse="1" testgrp-id="statuskoll" x="240" y="40">
<title>
<phrase category="" id="KC08920467" phrase-urn="urn:x-nevis:phrase:0800c8af823317d9">Status check</phrase>
</title>
<node>
<test1>
<test2>
<para>
<ptxt>
<phrase category="" id="KC08920468" phrase-urn="urn:x-nevis:phrase:0800c8af823317da">Check the inter#@#@#52#VIDA.</phrase>
</ptxt>
</para>
<diaglist>
<dgraphic>
<dgraphic2>
<graphic id="KC08920469">
<href>0900c8af86c8681#@#@#9#.jpeg</href>
</graphic>
<smarttool active="press" id="KC08920470" toolname="XCIMB201"/>
</dgraphic2>
</dgraphic>
<ditem>
<ditemtext>
<ptxt>
<phrase category="" id="KC08920471" phrase-urn="urn:x-nevis:phrase:0800c8af823317db"/>
</ptxt>
</ditemtext>
</ditem>
</diaglist>
</test2>
</test1>
<question>Does the test d#@#@#73#T OK?</question>
<resact-grp>
<result button="yes" comp="button" highlight="0"/>
<action j2008use="1" paperuse="1" screenuse="1">
<ptxt>
<xref>
<ref id="KC08920472"/>
</xref>
</ptxt>
</action>
</resact-grp>
<resact-grp>
<result button="no" comp="button" highlight="0"/>
<action j2008use="1" paperuse="1" screenuse="1">
<ptxt>
<xref>
<ref id="KC08920473"/>
</xref>
</ptxt>
</action>
</resact-grp>
</node>
</testgrp>
<testgrp id="KC02398233" j2008use="1" paperuse="1" resumable="1" screenuse="1" testgrp-id="permanent" x="160" y="120">
<title>
<phrase category="" id="KC08920474" phrase-urn="urn:x-nevis:phrase:0800c8af823317dc">Replacing the c#@#@#19#panel</phrase>
</title>
<node>
<test1>
<test2>
<para>
<ptxt>
<phrase category="" id="KC08920475" phrase-urn="urn:x-nevis:phrase:0800c8af823317dd">To access / rep#@#@#35# see <xref>
<ref id="KC08920476"/>
</xref>.</phrase>
</ptxt>
</para>
<grate>
<graphic id="KC08920477">
<href>0900c8af8012202#@#@#9#.jpeg</href>
</graphic>
</grate>
</test2>
</test1>
<question>Select Continue.</question>
<resact-grp>
<result button="cont" comp="button" highlight="0"/>
<action j2008use="1" paperuse="1" screenuse="1">
<ptxt>
<xref>
<ref id="KC08920478"/>
</xref>
</ptxt>
</action>
</resact-grp>
</node>
</testgrp>
<testgrp id="KC02398234" j2008use="1" paperuse="1" resumable="1" screenuse="1" testgrp-id="verifiering" x="160" y="200">
<title>
<phrase category="" id="KC08920479" phrase-urn="urn:x-nevis:phrase:0800c8af823317de">Verification</phrase>
</title>
<subcalloutnode>
<diagcallout>
<xref>
<ref id="KC08920480"/>
</xref>
</diagcallout>
<rescall-grp>
<result comp="string" highlight="0" op="eq" return="VERIFIED"/>
<calloutaction>
<return value="FAULT FOUND"/>
</calloutaction>
</rescall-grp>
<rescall-grp>
<result comp="string" highlight="0" op="eq" return="VERIFICATION FAILED"/>
<calloutaction>
<ptxt>
<xref>
<ref id="KC08920481"/>
</xref>
</ptxt>
</calloutaction>
</rescall-grp>
</subcalloutnode>
</testgrp>
<testgrp id="KC02398235" j2008use="1" paperuse="1" resumable="1" screenuse="1" testgrp-id="felinfoperm" x="160" y="280">
<title>
<phrase category="" id="KC08920482" phrase-urn="urn:x-nevis:phrase:0800c8af823317df">Fault-tracing i#@#@#5#ation</phrase>
</title>
<subcalloutnode>
<diagcallout>
<xref>
<ref id="KC08920483"/>
</xref>
</diagcallout>
<rescall-grp>
<result comp="string" highlight="0" op="eq" return="FAULTTRACING FAILED"/>
<calloutaction>
<return value="FAULTTRACING FAILED"/>
</calloutaction>
</rescall-grp>
<rescall-grp>
<result comp="string" highlight="0" op="eq" return="NEW TRY"/>
<calloutaction>
<ptxt>
<xref>
<ref id="KC08920484"/>
</xref>
</ptxt>
</calloutaction>
</rescall-grp>
</subcalloutnode>
</testgrp>
<testgrp id="KC02398236" j2008use="1" paperuse="1" resumable="1" screenuse="1" testgrp-id="intermittent" x="360" y="120">
<title>
<phrase category="" id="KC08920485" phrase-urn="urn:x-nevis:phrase:0800c8af823317e0">Information</phrase>
</title>
<node>
<test1>
<test2>
<para>
<ptxt>
<phrase category="" id="KC08920486" phrase-urn="urn:x-nevis:phrase:0800c8af823317e1">The combined in#@#@#107#sent.</phrase>
</ptxt>
</para>
<grate>
<graphic id="KC08920487">
<href>0900c8af8012202#@#@#9#.jpeg</href>
</graphic>
</grate>
</test2>
</test1>
<question>Select Continue.</question>
<resact-grp>
<result button="cont" comp="button" highlight="0"/>
<action j2008use="1" paperuse="1" screenuse="1">
<ptxt>
<xref>
<ref id="KC08920488"/>
</xref>
</ptxt>
</action>
</resact-grp>
</node>
</testgrp>
<testgrp id="KC02398237" j2008use="1" paperuse="1" resumable="1" screenuse="1" testgrp-id="felinfointer" x="360" y="200">
<title>
<phrase category="" id="KC08920489" phrase-urn="urn:x-nevis:phrase:0800c8af823317e2">Fault-tracing i#@#@#5#ation</phrase>
</title>
<subcalloutnode>
<diagcallout>
<xref>
<ref id="KC08920490"/>
</xref>
</diagcallout>
<rescall-grp>
<result comp="string" highlight="0" op="eq" return="NEW TRY"/>
<calloutaction>
<ptxt>
<xref>
<ref id="KC08920491"/>
</xref>
</ptxt>
</calloutaction>
</rescall-grp>
<rescall-grp>
<result comp="string" highlight="0" op="eq" return="FAULT FOUND"/>
<calloutaction>
<return value="DONE"/>
</calloutaction>
</rescall-grp>
<rescall-grp>
<result comp="string" highlight="0" op="eq" return="DONE"/>
<calloutaction>
<return value="DONE"/>
</calloutaction>
</rescall-grp>
</subcalloutnode>
</testgrp>
</diagnostic>
</servinfosub>