<?xml version="1.0" encoding="UTF-8"?><servinfosub IE-ID="en-US0900c8af82e8e605" docno="VCC-275972" id="nev11144242n1" xml:lang="en-US">
<title>
<phrase category="Title" id="nev11144246n1" phrase-urn="urn:x-nevis:phrase:0800c8af81eb9a59">Fault-tracing</phrase>
</title>
<diagnostic j2008use="1" layout="1" paperuse="1" screenuse="1" type="test">
<testgrp IE-ID="en-US0900c8af82e8e605_nev11144242n3" id="nev11144242n3" j2008use="1" paperuse="1" resumable="1" screenuse="1" testgrp-id="node1" x="140" y="40">
<title>
<phrase category="" id="nev11144242n4" phrase-urn="urn:x-nevis:phrase:0800c8af8270981d">Checking the co#@#@#13#iring</phrase>
</title>
<node>
<test1>
<test2>
<para>
<ptxt>
<phrase category="" id="nev11144242n5" phrase-urn="urn:x-nevis:phrase:0800c8af8270981e">Check the syste#@#@#64#tion.</phrase>
</ptxt>
</para>
<para>
<ptxt>
<phrase category="" id="nev11144242n6" phrase-urn="urn:x-nevis:phrase:0800c8af8270981f">Check the condi#@#@#55#stem.</phrase>
</ptxt>
</para>
<para>
<ptxt>
<phrase category="" id="nev11144242n7" phrase-urn="urn:x-nevis:phrase:0800c8af82709821">Remedy as necessary.</phrase>
</ptxt>
</para>
<hint>
<ptxt>
<phrase category="" id="nev11144242n8" phrase-urn="urn:x-nevis:phrase:0800c8af82709822">The diagnostic #@#@#56#elay.</phrase>
</ptxt>
</hint>
<list1 enumtype="d" type="unordered">
<title>
<phrase category="" id="nev11144242n9" phrase-urn="urn:x-nevis:phrase:0800c8af82709823">Other information</phrase>
</title>
<item>
<ptxt>
<phrase category="" id="nev11144242n10" phrase-urn="urn:x-nevis:phrase:0800c8af82709825">For further inf#@#@#55#gram </phrase>
</ptxt>
</item>
<item>
<ptxt>
<xref id="nev11388162n100">
<ref id="l1131523724194"/>
</xref>
</ptxt>
</item>
</list1>
<diaglist>
<dgraphic>
<dgraphic2>
<graphic id="nev11144243n3">
<href>0900c8af86c8681#@#@#9#.jpeg</href>
</graphic>
<smarttool active="press" id="nev11144243n4"/>
</dgraphic2>
</dgraphic>
</diaglist>
<grate>
<graphic id="nev11144243n6">
<href>0900c8af80054da#@#@#9#.jpeg</href>
</graphic>
</grate>
</test2>
</test1>
<question/>
<resact-grp>
<result button="cont" comp="button" highlight="0"/>
<action j2008use="1" paperuse="1" screenuse="1">
<ptxt>
<xref>
<ref id="nev11144243n8"/>
</xref>
</ptxt>
</action>
</resact-grp>
</node>
</testgrp>
<testgrp id="nev11144243n9" j2008use="1" paperuse="1" resumable="1" screenuse="1" testgrp-id="ecm-ver1" x="180" y="200">
<title>
<phrase category="" id="nev11144243n10" phrase-urn="urn:x-nevis:phrase:0800c8af8270981a">Verification</phrase>
</title>
<subcalloutnode>
<diagcallout>
<xref id="nev11225709n100">
<ref id="nev11144244n1"/>
</xref>
</diagcallout>
<rescall-grp>
<result comp="string" highlight="0" op="eq" return="VERIFICATION FAILED"/>
<calloutaction>
<ptxt>
<xref>
<ref id="nev11144244n2"/>
</xref>
</ptxt>
</calloutaction>
</rescall-grp>
<rescall-grp>
<result comp="string" highlight="0" op="eq" return="VERIFIED"/>
<calloutaction>
<return value="FAULT FOUND"/>
</calloutaction>
</rescall-grp>
</subcalloutnode>
</testgrp>
<testgrp id="nev11144244n3" j2008use="1" paperuse="1" resumable="1" screenuse="1" testgrp-id="info1" x="80" y="380">
<title>
<phrase category="" id="nev11144244n4" phrase-urn="urn:x-nevis:phrase:0800c8af8270981b">Fault-tracing i#@#@#5#ation</phrase>
</title>
<subcalloutnode>
<diagcallout>
<xref>
<ref id="nev11144244n5"/>
</xref>
</diagcallout>
<rescall-grp>
<result comp="string" highlight="0" op="eq" return="FAULTTRACING FAILED"/>
<calloutaction>
<return value="FAULTTRACING FAILED"/>
</calloutaction>
</rescall-grp>
<rescall-grp>
<result comp="string" highlight="0" op="eq" return="NEW TRY"/>
<calloutaction>
<ptxt>
<xref>
<ref id="nev11144244n6"/>
</xref>
</ptxt>
</calloutaction>
</rescall-grp>
</subcalloutnode>
</testgrp>
</diagnostic>
</servinfosub>