<?xml version="1.0" encoding="UTF-8"?><servinfosub IE-ID="en-US0900c8af83a8e605" docno="VCC-153180" id="KC02715070" xml:lang="en-US">
<title>
<phrase category="" id="KC09457786" phrase-urn="urn:x-nevis:phrase:0800c8af82709ef2">Signal too high</phrase>
</title>
<diagnostic j2008use="1" layout="0" paperuse="1" screenuse="1" type="test">
<testgrp IE-ID="en-US0900c8af83a8e605_KC02764732" id="KC02764732" j2008use="1" paperuse="1" resumable="1" screenuse="1" testgrp-id="s1" x="120" y="120">
<title>
<phrase category="" id="KC09457787" phrase-urn="urn:x-nevis:phrase:0800c8af82709ef3">Checking the co#@#@#2#onent</phrase>
</title>
<node>
<test1>
<warning>
<ptxt>
<phrase category="" id="KC09457788" phrase-urn="urn:x-nevis:phrase:0800c8af82709ef4">Under no circum#@#@#186#ploy!</phrase>
</ptxt>
</warning>
<caution>
<ptxt>
<phrase category="" id="KC09457789" phrase-urn="urn:x-nevis:phrase:0800c8af82709ef5">Do not touch th#@#@#164#SRS).</phrase>
</ptxt>
</caution>
<diaglist>
<dgraphic>
<dgraphic1>
<graphic id="KC09457790">
<href>0900c8af80054d4#@#@#9#.jpeg</href>
</graphic>
</dgraphic1>
<dgraphic2>
<graphic id="KC09457791">
<href>0900c8af80054d7#@#@#9#.jpeg</href>
</graphic>
</dgraphic2>
</dgraphic>
<ditem>
<ptxt>
<phrase category="" id="KC09457792" phrase-urn="urn:x-nevis:phrase:0800c8af82709ef6">Check cables an#@#@#120#ttom </phrase>
</ptxt>
</ditem>
<ditem>
<ptxt>
<phrase category="" id="KC09457793" phrase-urn="urn:x-nevis:phrase:0800c8af82709ef7">If the diagnost#@#@#67#g to:</phrase>
</ptxt>
</ditem>
<ditem>
<ptxt>
<phrase category="" id="KC09457794" phrase-urn="urn:x-nevis:phrase:0800c8af82709ef8">Switch off the #@#@#20#conds</phrase>
</ptxt>
</ditem>
<ditem>
<ptxt>
<phrase category="" id="KC09457795" phrase-urn="urn:x-nevis:phrase:0800c8af82709ef9">Disconnect the #@#@#56#miter</phrase>
</ptxt>
</ditem>
<ditem>
<ptxt>
<phrase category="" id="KC09457796" phrase-urn="urn:x-nevis:phrase:0800c8af82709efa">Connect a speci#@#@#79#use: <toolitem id="KC09457797"/>
</phrase>
</ptxt>
<note>
<ptxt>
<phrase category="" id="KC09457798" phrase-urn="urn:x-nevis:phrase:0800c8af82709efb">The special too#@#@#139#rder.</phrase>
</ptxt>
</note>
</ditem>
<ditem>
<ptxt>
<phrase category="" id="KC09457799" phrase-urn="urn:x-nevis:phrase:0800c8af82709efc">Switch on the i#@#@#20#onds.</phrase>
</ptxt>
</ditem>
</diaglist>
<test2>
<para>
<ptxt>
<phrase category="" id="KC09457800" phrase-urn="urn:x-nevis:phrase:0800c8af82709efd">Read diagnostic#@#@#42#bol. </phrase>
</ptxt>
</para>
<para>
<ptxt>
<phrase category="" id="KC09457801" phrase-urn="urn:x-nevis:phrase:0800c8af82709efe">If the diagnost#@#@#169#ttom.</phrase>
</ptxt>
<ptxt>
<phrase category="" id="KC09457802" phrase-urn="urn:x-nevis:phrase:0800c8af82709eff">If the diagnost#@#@#72#ttom.</phrase>
</ptxt>
</para>
<list1 enumtype="d" type="unordered">
<title>
<phrase category="" id="KC09457803" phrase-urn="urn:x-nevis:phrase:0800c8af82709f00">Other information</phrase>
</title>
<item>
<ptxt>
<phrase category="" id="KC09457804" phrase-urn="urn:x-nevis:phrase:0800c8af82709f01">
<xref>
<ref id="KC09457805"/>
</xref>
</phrase>
</ptxt>
</item>
<item>
<ptxt>
<phrase category="" id="KC09457806" phrase-urn="urn:x-nevis:phrase:0800c8af82709f02">
<xref>
<ref id="KC09457807"/>
</xref>
</phrase>
</ptxt>
</item>
<item>
<ptxt>
<phrase category="" id="KC09457808" phrase-urn="urn:x-nevis:phrase:0800c8af82709f03">For further inf#@#@#61#agram</phrase>
</ptxt>
</item>
<item>
<ptxt>
<phrase category="" id="KC09457809" phrase-urn="urn:x-nevis:phrase:0800c8af82709f04">To access or re#@#@#73#See: <xref>
<ref id="KC09457810"/>
</xref>
</phrase>
</ptxt>
</item>
<item>
<ptxt id="nev10779427n100">
<phrase category="Faulttracing" id="nev10779428n1" phrase-urn="urn:x-nevis:phrase:0800c8af82a68a9f">To access/repla#@#@#52#tors:</phrase>
</ptxt>
<ptxt id="nev10779427n98">
<xref id="nev12336843n100">
<ref id="l1106809286487"/>
</xref>
</ptxt>
</item>
<item>
<ptxt>
<phrase category="" id="KC09457813" phrase-urn="urn:x-nevis:phrase:0800c8af82709f06">Checking the sp#@#@#7#ool: <xref>
<ref id="KC09457814"/>
</xref>
</phrase>
</ptxt>
</item>
<item>
<ptxt>
<phrase category="" id="KC09457815" phrase-urn="urn:x-nevis:phrase:0800c8af82709f07">Disassembling c#@#@#6#ors: <xref>
<ref id="KC09457816"/>
</xref>
</phrase>
</ptxt>
</item>
<item>
<ptxt>
<phrase category="" id="KC09457817" phrase-urn="urn:x-nevis:phrase:0800c8af82709f08">
<xref>
<ref id="KC09457818"/>
</xref>
</phrase>
</ptxt>
</item>
</list1>
<diaglist>
<dgraphic>
<dgraphic2>
<graphic id="KC09457819">
<href>0900c8af86c8681#@#@#9#.jpeg</href>
</graphic>
<smarttool active="press" id="KC09457820" toolname="YSRS0008"/>
</dgraphic2>
</dgraphic>
<ditem>
<ditemtext>
<ptxt>
<phrase category="" id="KC09457821" phrase-urn="urn:x-nevis:phrase:0800c8af82709f09"/>
</ptxt>
</ditemtext>
</ditem>
</diaglist>
</test2>
</test1>
<question>
Select an alte#@#@#4#ive!
</question>
<resact-grp>
<result button="text" comp="button" highlight="0" text="1"/>
<action j2008use="1" paperuse="1" screenuse="1">
<ptxt>
<xref>
<ref id="KC09457823"/>
</xref>
</ptxt>
</action>
</resact-grp>
<resact-grp>
<result button="text" comp="button" highlight="0" text="2"/>
<action j2008use="1" paperuse="1" screenuse="1">
<ptxt>
<xref>
<ref id="KC09457824"/>
</xref>
</ptxt>
</action>
</resact-grp>
</node>
</testgrp>
<testgrp id="KC02764733" j2008use="1" paperuse="1" resumable="1" screenuse="1" testgrp-id="node1" x="120" y="200">
<title>
<phrase category="" id="KC09457825" phrase-urn="urn:x-nevis:phrase:0800c8af82709f0b">Checking the co#@#@#13#iring</phrase>
</title>
<node>
<test1>
<diaglist>
<dgraphic>
<dgraphic1>
<graphic id="KC09457826">
<href>0900c8af80054d4#@#@#9#.jpeg</href>
</graphic>
</dgraphic1>
</dgraphic>
<ditem>
<ptxt>
<phrase category="" id="KC09457827" phrase-urn="urn:x-nevis:phrase:0800c8af82709f0c">Switch off the #@#@#20#conds</phrase>
</ptxt>
</ditem>
<ditem>
<ptxt>
<phrase category="" id="KC09457828" phrase-urn="urn:x-nevis:phrase:0800c8af82709f0d">Disconnect the #@#@#27#ctor </phrase>
</ptxt>
</ditem>
<ditem>
<ptxt>
<phrase category="" id="KC09457829" phrase-urn="urn:x-nevis:phrase:0800c8af82709f0e">Disconnect the #@#@#58#SRS).</phrase>
</ptxt>
</ditem>
</diaglist>
<test2>
<warning>
<ptxt>
<phrase category="" id="KC09457830" phrase-urn="urn:x-nevis:phrase:0800c8af82709f0f">Under no circum#@#@#186#ploy!</phrase>
</ptxt>
</warning>
<caution>
<ptxt>
<phrase category="" id="KC09457831" phrase-urn="urn:x-nevis:phrase:0800c8af82709f10">Do not touch th#@#@#164#SRS).</phrase>
</ptxt>
</caution>
<para>
<ptxt>
<phrase category="" id="KC09457832" phrase-urn="urn:x-nevis:phrase:0800c8af82709f11">Check the conne#@#@#150#tors.</phrase>
</ptxt>
</para>
<para>
<ptxt>
<phrase category="" id="KC09457833" phrase-urn="urn:x-nevis:phrase:0800c8af82709f12">Remedy as necessary.</phrase>
</ptxt>
</para>
<para>
<ptxt>
<phrase category="" id="KC09457834" phrase-urn="urn:x-nevis:phrase:0800c8af82709f13">Check the SRS i#@#@#157#tage.</phrase>
</ptxt>
<ptxt>
<phrase category="" id="KC09457835" phrase-urn="urn:x-nevis:phrase:0800c8af82709f14">Check the cable#@#@#4#ween:</phrase>
</ptxt>
</para>
<list1 enumtype="d" type="unordered">
<item>
<ptxt>
<phrase category="" id="KC09457836" phrase-urn="urn:x-nevis:phrase:0800c8af82709f15">Supplemental re#@#@#118#l #1 </phrase>
</ptxt>
</item>
<item>
<ptxt>
<phrase category="" id="KC09457837" phrase-urn="urn:x-nevis:phrase:0800c8af82709f16">Supplemental re#@#@#118#l #2.</phrase>
</ptxt>
</item>
</list1>
<para>
<ptxt>
<phrase category="" id="KC09457838" phrase-urn="urn:x-nevis:phrase:0800c8af82709f17">Remedy as necessary.</phrase>
</ptxt>
</para>
<list1 enumtype="d" type="unordered">
<title>
<phrase category="" id="KC09457839" phrase-urn="urn:x-nevis:phrase:0800c8af82709f18">Other information</phrase>
</title>
<item>
<ptxt>
<phrase category="" id="KC09457840" phrase-urn="urn:x-nevis:phrase:0800c8af82709f19">
<xref>
<ref id="KC09457841"/>
</xref>
</phrase>
</ptxt>
</item>
<item>
<ptxt>
<phrase category="" id="KC09457842" phrase-urn="urn:x-nevis:phrase:0800c8af82709f1a">
<xref>
<ref id="KC09457843"/>
</xref>
</phrase>
</ptxt>
</item>
<item>
<ptxt>
<phrase category="" id="KC09457844" phrase-urn="urn:x-nevis:phrase:0800c8af82709f1c">For further inf#@#@#61#agram</phrase>
</ptxt>
</item>
<item>
<ptxt>
<phrase category="" id="KC09457845" phrase-urn="urn:x-nevis:phrase:0800c8af82709f1d">To access or re#@#@#73#See: <xref>
<ref id="KC09457846"/>
</xref>
</phrase>
</ptxt>
</item>
<item>
<ptxt id="nev10779427n95">
<phrase category="Faulttracing" id="nev10779429n1" phrase-urn="urn:x-nevis:phrase:0800c8af82a68a9f">To access/repla#@#@#52#tors:</phrase>
</ptxt>
<ptxt id="nev10779427n93">
<xref id="nev12336843n98">
<ref id="l1106809330568"/>
</xref>
</ptxt>
</item>
<item>
<ptxt>
<phrase category="" id="KC09457849" phrase-urn="urn:x-nevis:phrase:0800c8af82709f1f">For information#@#@#33#see: <xref>
<ref id="KC09457850"/>
</xref>
</phrase>
</ptxt>
</item>
<item>
<ptxt>
<phrase category="" id="KC09457851" phrase-urn="urn:x-nevis:phrase:0800c8af82709f20">
<xref>
<ref id="KC09457852"/>
</xref>
</phrase>
</ptxt>
</item>
</list1>
<diaglist>
<dgraphic>
<dgraphic1>
<graphic id="KC09457853">
<href>0900c8af80126b2#@#@#9#.jpeg</href>
</graphic>
</dgraphic1>
</dgraphic>
</diaglist>
</test2>
</test1>
<question>
Select "Contin#@#@#34#ed. 
</question>
<resact-grp>
<result button="cont" comp="button" highlight="0"/>
<action j2008use="1" paperuse="1" screenuse="1">
<ptxt>
<xref>
<ref id="KC09457855"/>
</xref>
</ptxt>
</action>
</resact-grp>
</node>
</testgrp>
<testgrp id="KC02764734" j2008use="1" paperuse="1" resumable="1" screenuse="1" testgrp-id="veri" x="120" y="280">
<title>
<phrase category="" id="KC09457856" phrase-urn="urn:x-nevis:phrase:0800c8af82709f22">Verification</phrase>
</title>
<subcalloutnode>
<diagcallout>
<xref>
<ref id="KC09457857"/>
</xref>
</diagcallout>
<rescall-grp>
<result comp="string" highlight="0" op="eq" return="VERIFIED"/>
<calloutaction>
<return value="FAULT FOUND"/>
</calloutaction>
</rescall-grp>
<rescall-grp>
<result comp="string" highlight="0" op="eq" return="VERIFICATION FAILED"/>
<calloutaction>
<ptxt>
<xref>
<ref id="KC09457858"/>
</xref>
</ptxt>
</calloutaction>
</rescall-grp>
</subcalloutnode>
</testgrp>
<testgrp id="KC02764735" j2008use="1" paperuse="1" resumable="1" screenuse="1" testgrp-id="info1" x="120" y="360">
<title>
<phrase category="" id="KC09457859" phrase-urn="urn:x-nevis:phrase:0800c8af82709f23">Fault-tracing i#@#@#5#ation</phrase>
</title>
<subcalloutnode>
<diagcallout>
<xref>
<ref id="KC09457860"/>
</xref>
</diagcallout>
<rescall-grp>
<result comp="string" highlight="0" op="eq" return="FAULTTRACING FAILED"/>
<calloutaction>
<return value="FAULT NOT FOUND"/>
</calloutaction>
</rescall-grp>
<rescall-grp>
<result comp="string" highlight="0" op="eq" return="NEW TRY"/>
<calloutaction>
<ptxt>
<xref>
<ref id="KC09457861"/>
</xref>
</ptxt>
</calloutaction>
</rescall-grp>
</subcalloutnode>
</testgrp>
</diagnostic>
</servinfosub>