<?xml version="1.0" encoding="UTF-8"?><servinfosub IE-ID="en-US0900c8af8091b605" docno="VCC-113083" id="KC02444527" xml:lang="en-US">
<title>
<phrase category="" id="KC08680703" phrase-urn="urn:x-nevis:phrase:0800c8af81e2620e">Signal missing.#@#@#11#fault</phrase>
</title>
<diagnostic type="test">
<testgrp IE-ID="en-US0900c8af8091b605_KC02479901" id="KC02479901" j2008use="1" paperuse="1" resumable="1" screenuse="1" testgrp-id="pb1" x="240" y="160">
<title>
<phrase category="" id="KC08680704" phrase-urn="urn:x-nevis:phrase:0800c8af81e2620f">Checking component</phrase>
</title>
<node>
<test1>
<diaglist>
<dgraphic>
<dgraphic1>
<graphic id="KC08680705">
<href>0900c8af80054d5#@#@#9#.jpeg</href>
</graphic>
</dgraphic1>
<dgraphic2>
<graphic id="KC08680706">
<href>0900c8af803f116#@#@#9#.jpeg</href>
</graphic>
</dgraphic2>
<dgraphic3>
<graphic id="KC08680707">
<href>0900c8af8005715#@#@#9#.jpeg</href>
</graphic>
</dgraphic3>
</dgraphic>
<ditem>
<ptxt>
<phrase category="" id="KC08680708" phrase-urn="urn:x-nevis:phrase:0800c8af81e26210">Make a note of #@#@#21#code.</phrase>
</ptxt>
</ditem>
<ditem>
<ptxt>
<phrase category="" id="KC08680709" phrase-urn="urn:x-nevis:phrase:0800c8af81e26211">Ignition off.</phrase>
</ptxt>
</ditem>
<ditem>
<ptxt>
<phrase category="" id="KC08680710" phrase-urn="urn:x-nevis:phrase:0800c8af81e26212">Disconnect the #@#@#17#lead.</phrase>
</ptxt>
</ditem>
<ditem>
<ptxt>
<phrase category="" id="KC08680711" phrase-urn="urn:x-nevis:phrase:0800c8af81e26213">Disconnect the #@#@#31#bag. </phrase>
</ptxt>
<warning>
<ptxt>
<phrase category="" id="KC08680712" phrase-urn="urn:x-nevis:phrase:0800c8af81e26214">Under no circum#@#@#147#rbag!</phrase>
</ptxt>
</warning>
</ditem>
<ditem>
<ptxt>
<phrase category="" id="KC08680713" phrase-urn="urn:x-nevis:phrase:0800c8af81e26215">Install special#@#@#1#tool <toolitem id="KC08680714"/> on the driver'#@#@#14#ctor.</phrase>
</ptxt>
<caution>
<ptxt>
<phrase category="" id="KC08680715" phrase-urn="urn:x-nevis:phrase:0800c8af81e26216">The special too#@#@#121#rder.</phrase>
</ptxt>
</caution>
</ditem>
<ditem>
<ptxt>
<phrase category="" id="KC08680716" phrase-urn="urn:x-nevis:phrase:0800c8af81e26217">Connect the bat#@#@#14#lead.</phrase>
</ptxt>
</ditem>
<ditem>
<ptxt>
<phrase category="" id="KC08680717" phrase-urn="urn:x-nevis:phrase:0800c8af81e26218">Ignition on.</phrase>
</ptxt>
</ditem>
<ditem>
<ptxt>
<phrase category="" id="KC08680718" phrase-urn="urn:x-nevis:phrase:0800c8af81e26219">Read off diagno#@#@#21#TCs).</phrase>
</ptxt>
</ditem>
</diaglist>
<test2>
<ptxt>
<phrase category="" id="KC08680719" phrase-urn="urn:x-nevis:phrase:0800c8af81e2621a">If the fault is#@#@#189#ion. </phrase>
</ptxt>
<diaglist>
<dgraphic>
<dgraphic2>
<graphic id="KC08680720">
<href>0900c8af86c8681#@#@#9#.jpeg</href>
</graphic>
<smarttool active="press" id="KC08680721" toolname="XSRSAE01"/>
</dgraphic2>
</dgraphic>
<ditem>
<ditemtext>
<ptxt>
<phrase category="" id="KC08680722" phrase-urn="urn:x-nevis:phrase:0800c8af81e2621b"/>
</ptxt>
</ditemtext>
</ditem>
<ditem>
<ditemtext>
<ptxt>
<phrase category="" id="KC08680723" phrase-urn="urn:x-nevis:phrase:0800c8af81e2621c"/>
</ptxt>
</ditemtext>
</ditem>
</diaglist>
<grate>
<graphic id="KC08680724">
<href>0900c8af803f8a0#@#@#9#.jpeg</href>
</graphic>
<graphtext>
<list1 enumtype="d" type="unordered">
<title>
<phrase category="" id="KC08680725" phrase-urn="urn:x-nevis:phrase:0800c8af81e2621d">Other information:</phrase>
</title>
<item>
<ptxt>
<phrase category="" id="KC08680726" phrase-urn="urn:x-nevis:phrase:0800c8af81e2621e">To access / rep#@#@#25# see <xref>
<ref id="KC08680727"/>
</xref>.</phrase>
</ptxt>
</item>
</list1>
</graphtext>
</grate>
</test2>
</test1>
<question>Does the diagno#@#@#33#ange?</question>
<resact-grp>
<result button="yes" comp="button" highlight="0"/>
<action j2008use="1" paperuse="1" screenuse="1">
<ptxt>
<xref>
<ref id="KC08680728"/>
</xref>
</ptxt>
</action>
</resact-grp>
<resact-grp>
<result button="no" comp="button" highlight="0"/>
<action j2008use="1" paperuse="1" screenuse="1">
<ptxt>
<xref>
<ref id="KC08680729"/>
</xref>
</ptxt>
</action>
</resact-grp>
</node>
</testgrp>
<testgrp id="KC02479902" j2008use="1" paperuse="1" resumable="1" screenuse="1" testgrp-id="pb2">
<title>
<phrase category="" id="KC08680730" phrase-urn="urn:x-nevis:phrase:0800c8af81e2621f">Checking compon#@#@#10#iring</phrase>
</title>
<node>
<test1>
<diaglist>
<dgraphic>
<dgraphic1>
<graphic id="KC08680731">
<href>0900c8af80054d5#@#@#9#.jpeg</href>
</graphic>
</dgraphic1>
<dgraphic2>
<graphic id="KC08680732">
<href>0900c8af8005715#@#@#9#.jpeg</href>
</graphic>
</dgraphic2>
<dgraphic3>
<graphic id="KC08680733">
<href>0900c8af8012813#@#@#9#.jpeg</href>
</graphic>
</dgraphic3>
</dgraphic>
<ditem>
<ptxt>
<phrase category="" id="KC08680734" phrase-urn="urn:x-nevis:phrase:0800c8af81e26220">Ignition off.</phrase>
</ptxt>
</ditem>
<ditem>
<ptxt>
<phrase category="" id="KC08680735" phrase-urn="urn:x-nevis:phrase:0800c8af81e26221">Disconnect the #@#@#17#lead.</phrase>
</ptxt>
</ditem>
<ditem>
<ptxt>
<phrase category="" id="KC08680736" phrase-urn="urn:x-nevis:phrase:0800c8af81e26222">Remove special tool <toolitem id="KC08680737"/>.</phrase>
</ptxt>
</ditem>
<ditem>
<ptxt>
<phrase category="" id="KC08680738" phrase-urn="urn:x-nevis:phrase:0800c8af81e26223">Ignition on.</phrase>
</ptxt>
</ditem>
<ditem>
<ptxt>
<phrase category="" id="KC08680739" phrase-urn="urn:x-nevis:phrase:0800c8af81e26224">Disconnect the #@#@#10#dule.</phrase>
</ptxt>
<warning>
<ptxt>
<phrase category="" id="KC08680740" phrase-urn="urn:x-nevis:phrase:0800c8af81e26225">Under no circum#@#@#147#rbag!</phrase>
</ptxt>
</warning>
</ditem>
</diaglist>
<test2>
<para>
<ptxt>
<phrase category="" id="KC08680741" phrase-urn="urn:x-nevis:phrase:0800c8af81e26226">Check the contr#@#@#96#g to <xref>
<ref id="KC08680742"/>
</xref>.</phrase>
</ptxt>
</para>
<para>
<ptxt>
<phrase category="" id="KC08680743" phrase-urn="urn:x-nevis:phrase:0800c8af81e26227">Check for damag#@#@#7#ully.</phrase>
</ptxt>
</para>
<para>
<ptxt>
<phrase category="" id="KC08680744" phrase-urn="urn:x-nevis:phrase:0800c8af81e26228">Connect an ohmm#@#@#109#g to <xref>
<ref id="KC08680745"/>
</xref>.</phrase>
</ptxt>
</para>
<para>
<ptxt>
<phrase category="" id="KC08680746" phrase-urn="urn:x-nevis:phrase:0800c8af81e26229">Check the conta#@#@#36#g to <xref>
<ref id="KC08680747"/>
</xref>.</phrase>
</ptxt>
</para>
<para>
<ptxt>
<phrase category="" id="KC08680748" phrase-urn="urn:x-nevis:phrase:0800c8af81e2622a">Remedy as necessary.</phrase>
</ptxt>
</para>
<diaglist>
<dgraphic>
<dgraphic1>
<graphic id="KC08680749">
<href>0900c8af80058d2#@#@#9#.jpeg</href>
</graphic>
</dgraphic1>
<dgraphic2>
<graphic id="KC08680750">
<href>0900c8af80054d4#@#@#9#.jpeg</href>
</graphic>
<smarttool active="press" id="KC08680751" toolname="ODAH"/>
</dgraphic2>
</dgraphic>
<ditem>
<ditemtext>
<ptxt>
<phrase category="" id="KC08680752" phrase-urn="urn:x-nevis:phrase:0800c8af81e2622b"/>
</ptxt>
</ditemtext>
</ditem>
</diaglist>
<grate>
<graphic id="KC08680753">
<href>0900c8af80122fd#@#@#9#.jpeg</href>
</graphic>
<graphtext>
<list1 enumtype="d">
<title>
<phrase category="" id="KC08680754" phrase-urn="urn:x-nevis:phrase:0800c8af81e2622c">Other information:</phrase>
</title>
<item>
<ptxt>
<phrase category="" id="KC08680755" phrase-urn="urn:x-nevis:phrase:0800c8af81e2622d">To access the c#@#@#24# see <xref>
<ref id="KC08680756"/>
</xref>.</phrase>
</ptxt>
</item>
<item>
<ptxt>
<phrase category="" id="KC08680757" phrase-urn="urn:x-nevis:phrase:0800c8af81e2622e">To access / rep#@#@#25# see <xref>
<ref id="KC08680758"/>
</xref>.</phrase>
</ptxt>
</item>
<item>
<ptxt>
<phrase category="" id="KC08680759" phrase-urn="urn:x-nevis:phrase:0800c8af81e2622f">To access the c#@#@#12# see <xref>
<ref id="KC08680760"/>
</xref>. </phrase>
</ptxt>
</item>
<item>
<ptxt>
<phrase category="" id="KC08680761" phrase-urn="urn:x-nevis:phrase:0800c8af81e26230">A short-circuit#@#@#202#ally.</phrase>
</ptxt>
</item>
</list1>
</graphtext>
</grate>
</test2>
</test1>
<question>Select Continue#@#@#29#died.</question>
<resact-grp>
<result button="cont" comp="button"/>
<action j2008use="1" paperuse="1" screenuse="1">
<ptxt>
<xref>
<ref id="KC08680762"/>
</xref>
</ptxt>
</action>
</resact-grp>
</node>
</testgrp>
<testgrp id="KC02479903" j2008use="1" paperuse="1" resumable="1" screenuse="1" testgrp-id="pb3ver" x="240" y="240">
<title>
<phrase category="" id="KC08680763" phrase-urn="urn:x-nevis:phrase:0800c8af81e26231">Verification</phrase>
</title>
<subcalloutnode>
<diagcallout>
<xref>
<ref id="KC08680764"/>
</xref>
</diagcallout>
<rescall-grp>
<result comp="string" highlight="0" op="eq" return="VERIFIED"/>
<calloutaction>
<return value="FAULT FOUND"/>
</calloutaction>
</rescall-grp>
<rescall-grp>
<result comp="string" highlight="0" op="eq" return="VERIFICATION FAILED"/>
<calloutaction>
<ptxt>
<xref>
<ref id="KC08680765"/>
</xref>
</ptxt>
</calloutaction>
</rescall-grp>
<rescall-grp>
<result comp="string" highlight="0" op="eq" return="PAPER"/>
<calloutaction>
<return value="FAULT NOT FOUND"/>
</calloutaction>
</rescall-grp>
</subcalloutnode>
</testgrp>
<testgrp id="KC02479904" j2008use="1" paperuse="0" resumable="1" screenuse="1" testgrp-id="info1" x="480" y="240">
<title>
<phrase category="" id="KC08680766" phrase-urn="urn:x-nevis:phrase:0800c8af81e26232">Fault-tracing i#@#@#5#ation</phrase>
</title>
<subcalloutnode>
<diagcallout>
<xref>
<ref id="KC08680767"/>
</xref>
</diagcallout>
<rescall-grp>
<result comp="string" highlight="0" op="eq" return="FAULTTRACING FAILED"/>
<calloutaction>
<return value="FAULTTRACING FAILED"/>
</calloutaction>
</rescall-grp>
<rescall-grp>
<result comp="string" highlight="0" op="eq" return="NEW TRY"/>
<calloutaction>
<ptxt>
<xref>
<ref id="KC08680768"/>
</xref>
</ptxt>
</calloutaction>
</rescall-grp>
</subcalloutnode>
</testgrp>
</diagnostic>
</servinfosub>