<?xml version="1.0" encoding="UTF-8"?><servinfosub IE-ID="en-US0900c8af804a1607" docno="VCC-090365" id="KC01406265" xml:lang="en-US">
<title>Replacing the l#@#@#11#locks</title>
<procedure>
<note>
<ptxt>Before starting#@#@#6# see <xref>
<ref id="KC08189903"/>
</xref>. </ptxt>
</note>
<hint>
<ptxt>Press “Index” t#@#@#25#nts. </ptxt>
</hint>
<stepgrp id="KC01406266">
<title>Replacing the f#@#@#5#latch</title>
<procstep id="KC01406267">
<title>Removing the fr#@#@#4#latch</title>
<grate>
<graphic id="KC08189904" width="column">
<href>0900c8af803f808#@#@#9#.jpeg</href>
</graphic>
<graphtext>
<para>
<ptxt>Set the convert#@#@#32#ated.</ptxt>
<ptxt>Ignition off.</ptxt>
<ptxt>Make a note of #@#@#21#code.</ptxt>
<ptxt>Disconnect the #@#@#17#lead.</ptxt>
</para>
</graphtext>
</grate>
<grate>
<graphic id="KC08189905" width="column">
<href>0900c8af803f7ff#@#@#9#.jpeg</href>
</graphic>
<graphtext>
<list1 enumtype="d" type="unordered">
<title>Remove:</title>
<item>
<ptxt>the textile out#@#@#8# See <xref>
<ref id="KC08189906"/>
</xref>
</ptxt>
</item>
<item>
<ptxt>the cover on th#@#@#15#ember</ptxt>
</item>
<item>
<ptxt>the connector f#@#@#41#raps </ptxt>
</item>
<item>
<ptxt>the drive wire #@#@#24#joint</ptxt>
</item>
<item>
<ptxt>the textile hea#@#@#8# See <xref>
<ref id="KC08189907"/>
</xref>
</ptxt>
</item>
<item>
<ptxt>the weatherstri#@#@#28# See <xref>
<ref id="KC08189908"/>
</xref>. </ptxt>
</item>
</list1>
</graphtext>
</grate>
<grate>
<graphic id="KC08189909" width="column">
<href>0900c8af803f800#@#@#9#.jpeg</href>
</graphic>
<graphtext>
<para>
<ptxt>Carefully remov#@#@#46#mber.</ptxt>
</para>
<note>
<ptxt>Always use new #@#@#26#bers.</ptxt>
</note>
<list1 enumtype="d" type="unordered">
<title>Remove:</title>
<item>
<ptxt>the 2 screws di#@#@#22#stery</ptxt>
</item>
<item>
<ptxt>the 2 screws on#@#@#23#ember</ptxt>
</item>
<item>
<ptxt>the 2 pins for #@#@#15#bly. </ptxt>
</item>
</list1>
<para>
<ptxt>Move the latch #@#@#51#ack. </ptxt>
<ptxt>Replace the latch.</ptxt>
</para>
</graphtext>
</grate>
</procstep>
<procstep id="KC01406268">
<title>Installing the #@#@#6#latch</title>
<para>
<ptxt>Install in reve#@#@#5#rder.</ptxt>
<ptxt>Use new tie str#@#@#14#ring.</ptxt>
</para>
</procstep>
</stepgrp>
<stepgrp id="KC01406269">
<title>Replacing the r#@#@#4#latch</title>
<procstep id="KC01406270">
<title>Removing the re#@#@#3#latch</title>
<grate>
<graphic id="KC08189910">
<href>0900c8af803f802#@#@#9#.jpeg</href>
</graphic>
<graphtext>
<para>
<ptxt>Position the co#@#@#14#ated.</ptxt>
</para>
</graphtext>
</grate>
<grate>
<graphic id="KC08189911">
<href>0900c8af803f80b#@#@#9#.jpeg</href>
</graphic>
<graphtext>
<para>
<ptxt>Lift up the cov#@#@#7#ally.</ptxt>
</para>
</graphtext>
</grate>
<grate>
<graphic id="KC08189912">
<href>0900c8af803f808#@#@#9#.jpeg</href>
</graphic>
<graphtext>
<list1 enumtype="d" type="unordered">
<title>Remove:</title>
<item>
<ptxt>the connectors #@#@#39#meter</ptxt>
</item>
<item>
<ptxt>the tie strap</ptxt>
</item>
<item>
<ptxt>the micro-switch</ptxt>
</item>
<item>
<ptxt>the nut for the#@#@#28#trut </ptxt>
</item>
<item>
<ptxt>the drive wire #@#@#30#int).</ptxt>
</item>
</list1>
<note>
<ptxt>The drive shaft#@#@#31#ment.</ptxt>
</note>
</graphtext>
</grate>
<grate>
<graphic id="KC08189913">
<href>0900c8af803f808#@#@#9#.jpeg</href>
</graphic>
<graphtext>
<list1 enumtype="d" type="unordered">
<title>Remove:</title>
<item>
<ptxt>the 4 screws fo#@#@#10#ting.</ptxt>
</item>
</list1>
<para>
<ptxt>Replace the rea#@#@#3#atch.</ptxt>
</para>
</graphtext>
</grate>
</procstep>
<procstep id="KC01406271">
<title>Installing the #@#@#5#latch</title>
<para>
<ptxt>Install in reve#@#@#5#rder.</ptxt>
</para>
</procstep>
<procstep id="KC01406272">
<title>Adjusting the r#@#@#4#latch</title>
<grate>
<graphic id="KC08189914">
<href>0900c8af803f807#@#@#9#.jpeg</href>
</graphic>
<graphtext>
<para>
<ptxt>Position the co#@#@#37#over.</ptxt>
<ptxt>It should be po#@#@#55#ches.</ptxt>
</para>
</graphtext>
</grate>
<grate>
<graphic id="KC08189915">
<href>0900c8af803f80a#@#@#9#.jpeg</href>
</graphic>
<graphtext>
<list1 enumtype="d" type="unordered">
<title>Remove:</title>
<item>
<ptxt>the cover side #@#@#6# See <xref>
<ref id="KC08189916"/>
</xref>
</ptxt>
</item>
<item>
<ptxt>the drive wire #@#@#19# See <xref>
<ref id="KC08189917"/>
</xref>.</ptxt>
</item>
</list1>
<hint>
<ptxt>The front edge #@#@#104#ition</ptxt>
</hint>
<para>
<ptxt>Measure the dis#@#@#28#ated.</ptxt>
<ptxt>The distance mu#@#@#52#ion. </ptxt>
<ptxt>The distance fr#@#@#96#ver. </ptxt>
<ptxt>If necessary, a#@#@#38#ches.</ptxt>
</para>
</graphtext>
</grate>
</procstep>
</stepgrp>
<stepgrp id="KC01406273">
<title>Replacing the l#@#@#5#cover</title>
<procstep id="KC01406274">
<title>Removing the lo#@#@#4#cover</title>
<grate>
<graphic id="KC08189918">
<href>0900c8af803f808#@#@#9#.jpeg</href>
</graphic>
<graphtext>
<para>
<ptxt>Set the convert#@#@#32#ated.</ptxt>
<ptxt>Ignition off.</ptxt>
<ptxt>Make a note of #@#@#21#code.</ptxt>
<ptxt>Disconnect the #@#@#17#lead.</ptxt>
</para>
</graphtext>
</grate>
<grate>
<graphic id="KC08189919" width="column">
<href>0900c8af803f801#@#@#9#.jpeg</href>
</graphic>
<graphtext>
<para>
<ptxt>Mark up the pos#@#@#39# See <xref>
<ref id="KC08189920"/>
</xref>.</ptxt>
</para>
<list1 enumtype="d" type="unordered">
<title>Remove:</title>
<item>
<ptxt>the tie straps</ptxt>
</item>
<item>
<ptxt>the connector.</ptxt>
</item>
</list1>
<list1 enumtype="d" type="unordered">
<title>Remove:</title>
<item>
<ptxt> the 3 screws f#@#@#24# lock</ptxt>
</item>
<item>
<ptxt> the 2 screws f#@#@#19#cover</ptxt>
</item>
<item>
<ptxt>the micro-switc#@#@#2# See <xref>
<ref id="KC08189921"/>
</xref>. </ptxt>
</item>
</list1>
</graphtext>
</grate>
<grate>
<graphic id="KC08189922" width="column">
<href>0900c8af803f805#@#@#9#.jpeg</href>
</graphic>
<graphtext>
<para>
<ptxt>Release the str#@#@#32#tion.</ptxt>
<ptxt>Move the cog ha#@#@#110#ased.</ptxt>
</para>
<list1 enumtype="d" type="unordered">
<title>Remove:</title>
<item>
<ptxt>the nut for the#@#@#7#leeve</ptxt>
</item>
<item>
<ptxt>the lock.</ptxt>
</item>
</list1>
<para>
<ptxt>Replace the catch.</ptxt>
</para>
</graphtext>
</grate>
</procstep>
<procstep id="KC01406275">
<title>Installing the #@#@#6#cover</title>
<para>
<ptxt>Screw the sleev#@#@#84#oved.</ptxt>
</para>
<grate>
<graphic id="KC08189923">
<href>0900c8af803f805#@#@#9#.jpeg</href>
</graphic>
<graphtext>
<list1 enumtype="d" type="unordered">
<title>Install:</title>
<item>
<ptxt>the new lock on#@#@#75#gages</ptxt>
</item>
<item>
<ptxt>the micro-switc#@#@#2# See <xref>
<ref id="KC08189924"/>
</xref>
</ptxt>
</item>
<item>
<ptxt>the 2 screws fo#@#@#5# lock</ptxt>
</item>
<item>
<ptxt>the 3 screws fo#@#@#24#lock.</ptxt>
</item>
</list1>
<para>
<ptxt>Operate the con#@#@#22# See <xref>
<ref id="KC08189925"/>
</xref>. </ptxt>
<ptxt>Check whether t#@#@#82#ides.</ptxt>
<ptxt>Ensure that loc#@#@#76#gain.</ptxt>
</para>
</graphtext>
</grate>
</procstep>
</stepgrp>
</procedure>
</servinfosub>