<?xml version="1.0" encoding="UTF-8"?><servinfosub IE-ID="en-US0900c8af850e9607" docno="VCC-159214" id="KC05310007" xml:lang="en-US">
<title id="nev12272497n250">Phone module (P#@#@#9#acing</title>
<procedure id="nev12272497n248">
<note id="nev12272497n246">
<ptxt id="nev12272497n244">The illustratio#@#@#176#rect.</ptxt>
</note>
<stepgrp id="KC05355714">
<title id="nev12272497n242">Preparatory work</title>
<procstep id="KC05355715">
<title id="nev12272497n240">Ignition off</title>
<grate id="nev12272497n238">
<graphic id="KC07208471">
<href>0900c8af80057a7#@#@#11#.jpeg</href>
</graphic>
<graphtext id="nev12272497n233">
<para id="nev12272497n231">
<ptxt id="nev12272497n229">Ignition off.</ptxt>
</para>
</graphtext>
</grate>
</procstep>
</stepgrp>
<stepgrp id="KC05355716">
<title id="nev12272497n227">Removal</title>
<procstep id="KC05355717">
<title id="nev12272497n225">Removing the ph#@#@#11#(PHM)</title>
<para id="nev12272497n223">
<ptxt id="nev12272497n221">Remove the audi#@#@#8#See: <xref id="nev12272497n219">
<ref id="KC07208472"/>
</xref>.</ptxt>
</para>
<grate id="nev12272497n214">
<graphic id="KC07208473">
<href>0900c8af81621a7#@#@#9#.jpeg</href>
</graphic>
<graphtext id="nev12272497n209">
<para id="nev12272497n207">
<ptxt id="nev12272497n205">Press in the ca#@#@#79#dule.</ptxt>
</para>
</graphtext>
</grate>
</procstep>
</stepgrp>
<stepgrp id="KC05355718">
<title id="nev12272497n203">Installation</title>
<procstep id="KC05355719">
<title id="nev12272497n201">Installing the #@#@#13#(PHM)</title>
<para id="nev12272497n199">
<ptxt id="nev12272497n197">Install the con#@#@#7#dule.</ptxt>
</para>
<note id="nev12272497n195">
<ptxt id="nev12272497n193">Ensure that the#@#@#32#rame.</ptxt>
</note>
<para id="nev12272497n191">
<ptxt id="nev12272497n189">Install the aud#@#@#9#See: <xref id="nev12272497n187">
<ref id="KC07208474"/>
</xref>. </ptxt>
</para>
</procstep>
<procstep id="KC05355720">
<title id="nev12272497n182">Ordering software</title>
<note id="nev12272497n180">
<ptxt id="nev12272497n178">After replacing#@#@#75#mmed.</ptxt>
</note>
<para id="nev12272497n176">
<ptxt id="nev12272497n174">Order software.#@#@#1#See: <swfunction action="order" id="nev16167704n235"/>
</ptxt>
</para>
</procstep>
</stepgrp>
</procedure>
</servinfosub>