<?xml version="1.0" encoding="UTF-8"?><servinfosub IE-ID="en-US0900c8af8556f607" docno="VCC-291844" id="nev11799455n1" original="sv-SE" servinfosubId="nev20685225n1-nev20685225n2" servinfosubRes="0900c8af862c1c58" servinfosubRes2="urn:x-nevis:fragment:0900c8af8556f607:0900c8af862c1c58#nev20685225n2" xml:lang="en-US">
<title id="nev11799455n2">Description of #@#@#5#eters</title>
<procedure id="nev20685225n1-nev11799455n3">
<stepgrp id="nev20685225n1-nev11799455n4">
<title id="nev20685225n1-nev11799455n5">Parameters, status</title>
<procstep id="nev20685225n1-nev11799455n6">
<title id="nev20685225n1-nev17240256n250">Antenna current</title>
<note id="nev20685225n1-nev17240256n247">
<ptxt id="nev20685225n1-nev17240256n246">Only in vehicle#@#@#84#138-.</ptxt>
</note>
<para id="nev20685225n1-nev17240256n249">
<ptxt id="nev20685225n1-nev17240256n248">Indicates how m#@#@#25#raws.</ptxt>
<ptxt id="nev20685225n1-nev17240256n243">Measurement ran#@#@#13#5 mA.</ptxt>
<ptxt id="nev20685225n1-nev17240256n242">Normal value: M#@#@#16#0 mA.</ptxt>
</para>
<title id="nev20685225n1-nev17240256n227">ECU internal te#@#@#4#ature</title>
<note id="nev20685225n1-nev17240256n226">
<ptxt id="nev20685225n1-nev17240256n225">Only in vehicle#@#@#84#138-.</ptxt>
</note>
<para id="nev20685225n1-nev17240256n224">
<ptxt id="nev20685225n1-nev17240256n223">Describes the i#@#@#26# ECU.</ptxt>
</para>
<title id="nev20685225n1-nev11799455n7">Signal source</title>
<note id="nev20685225n1-nev17240256n222">
<ptxt id="nev20685225n1-nev17240256n221">Not present for#@#@#92#138-.</ptxt>
</note>
<para id="nev20685225n1-nev11799455n8">
<ptxt id="nev20685225n1-nev11799455n9">The Remote Digi#@#@#170#gest.</ptxt>
<ptxt id="nev20685225n1-nev11799458n245"> The following #@#@#39#ible:</ptxt>
</para>
<para id="nev20685225n1-nev11945527n250">
<ptxt id="nev20685225n1-nev11945527n249">No signal = No #@#@#11#cted.</ptxt>
</para>
<para id="nev20685225n1-nev11945527n248">
<ptxt id="nev20685225n1-nev11945527n247">SAT1 = Signal f#@#@#20#cted.</ptxt>
</para>
<para id="nev20685225n1-nev11945527n246">
<ptxt id="nev20685225n1-nev11945527n245">SAT2 = Signal f#@#@#20#cted.</ptxt>
</para>
<para id="nev20685225n1-nev11945527n244">
<ptxt id="nev20685225n1-nev11945527n243">ground transmis#@#@#39#cted.</ptxt>
</para>
<para id="nev20685225n1-nev11945527n242">
<ptxt id="nev20685225n1-nev11945527n241">SAT1 &amp;amp; SAT2#@#@#38#cted.</ptxt>
</para>
<para id="nev20685225n1-nev11945527n240">
<ptxt id="nev20685225n1-nev11945527n239">SAT1 &amp;amp; grou#@#@#67#cted.</ptxt>
</para>
<para id="nev20685225n1-nev11945527n238">
<ptxt id="nev20685225n1-nev11945527n237">SAT2 &amp;amp; grou#@#@#67#cted.</ptxt>
</para>
<para id="nev20685225n1-nev11945527n236">
<ptxt id="nev20685225n1-nev11945527n235">All = Signals f#@#@#20#cted.</ptxt>
</para>
</procstep>
<procstep id="nev20685225n1-nev14582075n247">
<title id="nev20685225n1-nev14582075n246">Signal strength</title>
<note id="nev20685225n1-nev17240256n220">
<ptxt id="nev20685225n1-nev17240256n219">Not present for#@#@#92#138-.</ptxt>
</note>
<note id="nev20685225n1-nev14582075n236">
<ptxt id="nev20685225n1-nev14582075n235">The parameter i#@#@#34#ions.</ptxt>
</note>
<para id="nev20685225n1-nev14582075n245">
<ptxt id="nev20685225n1-nev14582075n244">Following respo#@#@#13#ible:</ptxt>
</para>
<para id="nev20685225n1-nev14582075n243">
<ptxt id="nev20685225n1-nev14582075n242">Excellent signal.</ptxt>
</para>
<para id="nev20685225n1-nev14582075n241">
<ptxt id="nev20685225n1-nev14582075n240">Good signal.</ptxt>
</para>
<para id="nev20685225n1-nev14582075n239">
<ptxt id="nev20685225n1-nev14582075n238">Poor signal.</ptxt>
</para>
<title id="nev20685225n1-nev17240256n233">Power supply</title>
<note id="nev20685225n1-nev17240256n232">
<ptxt id="nev20685225n1-nev17240256n231">Only in vehicle#@#@#84#138-.</ptxt>
</note>
<para id="nev20685225n1-nev17240256n230">
<ptxt id="nev20685225n1-nev17240256n229">Describes the p#@#@#32#enna.</ptxt>
<ptxt id="nev20685225n1-nev17240256n228">Measurement ran#@#@#11#.5 V.</ptxt>
</para>
</procstep>
</stepgrp>
</procedure>
</servinfosub>