<?xml version="1.0" encoding="UTF-8"?><servinfosub IE-ID="en-US0900c8af8061f400" docno="VCC-018349" id="KC02046555" xml:lang="en-US">
<title>
<phrase category="" id="KC08268149" phrase-urn="urn:x-nevis:phrase:0800c8af81db4e15">DTC information#@#@#1#2-3-5</phrase>
</title>
<diagnostic id="KC02245358" type="condition">
<title>
<phrase category="" id="KC08268150" phrase-urn="urn:x-nevis:phrase:0800c8af81db4e16"/>
</title>
<condgrp>
<condition type="condition">
<grate>
<graphic id="KC08268151">
<href>0900c8af801203e#@#@#9#.jpeg</href>
</graphic>
<graphtext>
<ptxt>
<phrase category="" id="KC08268152" phrase-urn="urn:x-nevis:phrase:0800c8af81db4e17">      The contr#@#@#187#-3-5.</phrase>
</ptxt>
</graphtext>
</grate>
</condition>
</condgrp>
<condgrp>
<condition type="substitution">
<ptxt>
<phrase category="" id="KC08268153" phrase-urn="urn:x-nevis:phrase:0800c8af81db4e18">      None.</phrase>
</ptxt>
</condition>
<ps>
<list1 enumtype="d" type="unordered">
<item>
<ptxt>
<phrase category="" id="KC08268154" phrase-urn="urn:x-nevis:phrase:0800c8af81db4e19">      Signal le#@#@#34#pply.</phrase>
</ptxt>
</item>
<item>
<ptxt>
<phrase category="" id="KC08268155" phrase-urn="urn:x-nevis:phrase:0800c8af81db4e1a">      Open-circ#@#@#25#ead. </phrase>
</ptxt>
</item>
<item>
<ptxt>
<phrase category="" id="KC08268156" phrase-urn="urn:x-nevis:phrase:0800c8af81db4e1b">      Contact r#@#@#20#ions.</phrase>
</ptxt>
</item>
<item>
<ptxt>
<phrase category="" id="KC08268157" phrase-urn="urn:x-nevis:phrase:0800c8af81db4e1c">      Faulty EG#@#@#7#rter.</phrase>
</ptxt>
</item>
</list1>
</ps>
</condgrp>
<condgrp>
<condition type="symptom">
<ptxt>
<phrase category="" id="KC08268158" phrase-urn="urn:x-nevis:phrase:0800c8af81db4e1d">      Engine ma#@#@#23#ing. </phrase>
</ptxt>
</condition>
</condgrp>
</diagnostic>
</servinfosub>