<?xml version="1.0" encoding="UTF-8"?><servinfosub IE-ID="en-US0900c8af83c83400" docno="VCC-131938" id="KC01114886" xml:lang="en-US">
<title id="nev12575496n250">Bonnet</title>
<procedure id="nev12575496n248">
<stepgrp id="KC01263772">
<procstep id="KC01263773">
<title id="nev12575496n246">Bonnet - front</title>
<grate id="nev12575496n244">
<graphic id="KC06289381">
<href>0900c8af8005c25#@#@#9#.jpeg</href>
</graphic>
<graphtext id="nev12575496n239">
<para id="nev12575496n237">
<ptxt id="nev12575496n235">FRAA: z = 4.2 ±#@#@#19#nnet)</ptxt>
<ptxt id="nev12575496n233">FRLL: z = 3.9 ±#@#@#17#nnet)</ptxt>
<ptxt id="nev12575496n231">FRMM: z = 3.0 ±#@#@#20#per) </ptxt>
</para>
</graphtext>
</grate>
</procstep>
<procstep id="KC01263774">
<title id="nev12575496n229">Front wing - bonnet</title>
<grate id="nev12575496n227">
<graphic id="KC06289382">
<href>0900c8af8005c25#@#@#9#.jpeg</href>
</graphic>
<graphtext id="nev12575496n222">
<para id="nev12575496n220">
<ptxt id="nev12575496n218">FRCC: y = 3.2 ±#@#@#29#nnet)</ptxt>
<ptxt id="nev12575496n216">FRNN: z = 2.1 ±#@#@#20#amp) </ptxt>
</para>
</graphtext>
</grate>
</procstep>
<procstep id="KC01263775">
<title id="nev12575496n214">Front wing - door</title>
<grate id="nev12575496n212">
<graphic id="KC06289383">
<href>0900c8af80059ba#@#@#9#.jpeg</href>
</graphic>
<graphtext id="nev12575496n207">
<para id="nev12575496n205">
<ptxt id="nev12575496n203">SDII: x 4.9 ± 1#@#@#43#ase) </ptxt>
<ptxt id="nev12575496n201">SDFF: x 4.7± 1.#@#@#19#5 a-b</ptxt>
<ptxt id="nev12575496n199">SDF1F1: x 2.4 ±#@#@#41#ing) </ptxt>
<ptxt id="nev12575496n197">SDKK: 5.5</ptxt>
<ptxt id="nev12575496n195">SDF1F1: x 3.5 ±#@#@#41#oor) </ptxt>
<ptxt id="nev12575496n193">M2 = 160 mm</ptxt>
</para>
</graphtext>
</grate>
</procstep>
</stepgrp>
</procedure>
</servinfosub>