<?xml version="1.0" encoding="UTF-8"?><servinfosub IE-ID="en-US0900c8af844d3400" docno="VCC-370740" id="nev13715677n1" original="sv-SE" servinfosubId="nev13715678n1-nev13715684n1" servinfosubRes="0900c8af844d3410" servinfosubRes2="urn:x-nevis:fragment:0900c8af844d3400:0900c8af844d3410#nev13715684n1" xml:lang="en-US">
<title id="nev13715674n89">Transfer Case C#@#@#17#Seals</title>
<imagedisclaimer id="nev13715678n1-nev13715687n6"/>
<procedure id="nev13715678n1-nev13715686n4">
<proctools id="nev13715678n1-nev13715686n5">
<toolitem id="nev13715678n1-nev13715683n64"/>
<toolitem id="nev13715678n1-nev13715683n65"/>
<toolitem id="nev13715678n1-nev13715683n66"/>
<toolitem id="nev13715678n1-nev13715683n67"/>
<toolitem id="nev13715678n1-nev13715683n68"/>
<toolitem id="nev13715678n1-nev13715683n69"/>
<toolitem id="nev13715678n1-nev13715683n70"/>
<toolitem id="nev13715678n1-nev13715683n71"/>
</proctools>
<stepgrp id="nev13715678n1-nev13715683n72">
<title id="nev13715678n1-nev13715686n8">Preparatory work</title>
<procstep id="nev13715678n1-nev13715683n73">
<title id="nev13715678n1-nev13715686n9">Removing the be#@#@#17# ring</title>
<grate id="nev13715678n1-nev13715686n10">
<graphic id="nev13715678n1-nev13715683n74">
<href>0900c8af8006069#@#@#9#.jpeg</href>
</graphic>
<graphtext id="nev13715678n1-nev13715686n11">
<list1 enumtype="d" id="nev13715678n1-nev13715686n12" type="unordered">
<title id="nev13715678n1-nev13715686n13">Remove:</title>
<item id="nev13715678n1-nev13715686n14">
<ptxt id="nev13715678n1-nev13715686n15">the bevel gear.#@#@#1#See: <xref id="nev13715678n1-nev13715686n16">
<ref id="nev13715678n1-nev13715683n75"/>
</xref>
</ptxt>
</item>
<item id="nev13715678n1-nev13715686n17">
<ptxt id="nev13715678n1-nev13715686n18">the circlip in #@#@#17#cket.</ptxt>
</item>
</list1>
</graphtext>
</grate>
</procstep>
<procstep id="nev13715678n1-nev13715686n91">
<title id="nev13715678n1-nev13715686n92">Action for worn#@#@#13#leeve</title>
<grate id="nev13715678n1-nev13715686n93">
<graphic id="nev13715678n1-nev13715686n94">
<href>0900c8af83d7cfc#@#@#9#.jpeg</href>
</graphic>
<graphtext id="nev13715678n1-nev13715686n95">
<para id="nev13715678n1-nev13715686n96">
<ptxt id="nev13715678n1-nev13715686n97">Cut a Ø 40 mm p#@#@#208#seal.</ptxt>
</para>
</graphtext>
</grate>
</procstep>
<procstep id="nev13715678n1-nev13715686n98">
<title id="nev13715678n1-nev13715686n99"/>
<grate id="nev13715678n1-nev13715686n100">
<graphic id="nev13715678n1-nev13715687n1">
<href>0900c8af83d7cfc#@#@#9#.jpeg</href>
</graphic>
<graphtext id="nev13715678n1-nev13715687n2">
<para id="nev13715678n1-nev13715687n3">
<ptxt id="nev13715678n1-nev13715687n4">Grind a channel#@#@#40#nder <toolitem id="nev13715678n1-nev13715687n5" imageid="0900c8af800548d1"/> attaches. The #@#@#61#ater.</ptxt>
</para>
</graphtext>
</grate>
</procstep>
<procstep id="nev13715678n1-nev13715683n76">
<title id="nev13715678n1-nev13715686n19">Installing tool</title>
<grate id="nev13715678n1-nev13715686n20">
<graphic id="nev13715678n1-nev13715683n77">
<href>0900c8af8006069#@#@#9#.jpeg</href>
</graphic>
<graphtext id="nev13715678n1-nev13715686n21">
<para id="nev13715678n1-nev13715686n22">
<ptxt id="nev13715678n1-nev13715686n23">Install expande#@#@#51#ded: <toolitem id="nev13715678n1-nev13715683n78"/>) for the pulle#@#@#6#nder.</ptxt>
<ptxt id="nev13715678n1-nev13715686n24">
<toolitem id="nev13715678n1-nev13715683n79"/> used with: <toolitem id="nev13715678n1-nev13715683n80"/> (foot operated). </ptxt>
<ptxt id="nev13715678n1-nev13715686n25">Alternatively: <toolitem id="nev13715678n1-nev13715683n81"/>, which consist#@#@#61#pump.</ptxt>
</para>
</graphtext>
</grate>
</procstep>
</stepgrp>
<stepgrp id="nev13715678n1-nev13715683n82">
<title id="nev13715678n1-nev13715686n26">Removal</title>
<procstep id="nev13715678n1-nev13715683n83">
<title id="nev13715678n1-nev13715686n27">Removing the co#@#@#10#ocket</title>
<grate id="nev13715678n1-nev13715686n28">
<graphic id="nev13715678n1-nev13715683n84">
<href>0900c8af800606a#@#@#9#.jpeg</href>
</graphic>
<graphtext id="nev13715678n1-nev13715686n29">
<para id="nev13715678n1-nev13715686n30">
<ptxt id="nev13715678n1-nev13715686n31">Place drain pan#@#@#21#axle.</ptxt>
</para>
<para id="nev13715678n1-nev13715686n32">
<ptxt id="nev13715678n1-nev13715686n33">Ensure that the#@#@#65#tion <toolitem id="nev13715678n1-nev13715683n85"/> between the pu#@#@#105#cket.</ptxt>
<ptxt id="nev13715678n1-nev13715686n34">Apply the pulle#@#@#115#aces.</ptxt>
</para>
<para id="nev13715678n1-nev13715686n35">
<ptxt id="nev13715678n1-nev13715686n36">Remove the socket.</ptxt>
<ptxt id="nev13715678n1-nev13715686n37">Check the matin#@#@#103#sion.</ptxt>
</para>
</graphtext>
</grate>
</procstep>
<procstep id="nev13715678n1-nev13715683n86">
<title id="nev13715678n1-nev13715686n38">Removing the se#@#@#31#ocket</title>
<grate id="nev13715678n1-nev13715686n39">
<graphic id="nev13715678n1-nev13715683n87">
<href>0900c8af8005e7c#@#@#9#.jpeg</href>
</graphic>
<graphtext id="nev13715678n1-nev13715686n40">
<para id="nev13715678n1-nev13715686n41">
<ptxt id="nev13715678n1-nev13715686n42">Remove the seal#@#@#23#axle.</ptxt>
<ptxt id="nev13715678n1-nev13715686n43">Use: <toolitem id="nev13715678n1-nev13715683n88"/> and <toolitem id="nev13715678n1-nev13715683n89"/>.</ptxt>
<ptxt id="nev13715678n1-nev13715686n44">Check that ther#@#@#19#nts. </ptxt>
</para>
</graphtext>
</grate>
</procstep>
<procstep id="nev13715678n1-nev13715683n90">
<title id="nev13715678n1-nev13715686n45">Removing the dr#@#@#17# ring</title>
<grate id="nev13715678n1-nev13715686n46">
<graphic id="nev13715678n1-nev13715683n91">
<href>0900c8af8005e7d#@#@#9#.jpeg</href>
</graphic>
<graphtext id="nev13715678n1-nev13715686n47">
<para id="nev13715678n1-nev13715686n48">
<ptxt id="nev13715678n1-nev13715686n49">Remove the seal#@#@#60#eeve.</ptxt>
<ptxt id="nev13715678n1-nev13715686n50">Use a screwdriver.</ptxt>
<ptxt id="nev13715678n1-nev13715686n51">Check that ther#@#@#19#nts. </ptxt>
</para>
</graphtext>
</grate>
</procstep>
<procstep id="nev13715678n1-nev13715687n7">
<title id="nev13715678n1-nev13715687n8"/>
<grate id="nev13715678n1-nev13715687n9">
<graphic id="nev13715678n1-nev13715687n10">
<href>0900c8af8410b4b#@#@#9#.jpeg</href>
</graphic>
<graphtext id="nev13715678n1-nev13715687n11">
<para id="nev13715678n1-nev13715687n12">
<ptxt id="nev13715678n1-nev13715687n13">
<material id="nev13715678n1-nev13715687n14" materialid="1161370" materialname="Glue"/>
</ptxt>
</para>
</graphtext>
</grate>
</procstep>
</stepgrp>
<stepgrp id="nev13715678n1-nev13715683n92">
<title id="nev13715678n1-nev13715686n52">Installation</title>
<procstep id="nev13715678n1-nev13715683n93">
<title id="nev13715678n1-nev13715686n53">Installing the #@#@#18# ring</title>
<grate id="nev13715678n1-nev13715686n54">
<graphic id="nev13715678n1-nev13715683n94">
<href>0900c8af8005e7c#@#@#9#.jpeg</href>
</graphic>
<graphtext id="nev13715678n1-nev13715686n55">
<list1 enumtype="d" id="nev13715678n1-nev13715686n56" type="unordered">
<title id="nev13715678n1-nev13715686n57">Install:</title>
<item id="nev13715678n1-nev13715686n58">
<ptxt id="nev13715678n1-nev13715686n59">a <emph id="nev13715678n1-nev13715686n60">new</emph> O-ring for the#@#@#40#using</ptxt>
</item>
<item id="nev13715678n1-nev13715686n61">
<ptxt id="nev13715678n1-nev13715686n62">a <emph id="nev13715678n1-nev13715686n63">new</emph> sealing ring f#@#@#14#haft.</ptxt>
</item>
</list1>
<para id="nev13715678n1-nev13715686n64">
<ptxt id="nev13715678n1-nev13715686n65">Lubricate the s#@#@#47#1-3. </ptxt>
<ptxt id="nev13715678n1-nev13715686n66">Use: <toolitem id="nev13715678n1-nev13715683n95"/>.</ptxt>
</para>
</graphtext>
</grate>
</procstep>
<procstep id="nev13715678n1-nev13715683n96">
<title id="nev13715678n1-nev13715686n67">Installing the #@#@#7# ring</title>
<grate id="nev13715678n1-nev13715686n68">
<graphic id="nev13715678n1-nev13715683n97">
<href>0900c8af8005e7c#@#@#9#.jpeg</href>
</graphic>
<graphtext id="nev13715678n1-nev13715686n69">
<para id="nev13715678n1-nev13715686n70">
<ptxt id="nev13715678n1-nev13715686n71">Install the sea#@#@#28#seal.</ptxt>
<ptxt id="nev13715678n1-nev13715686n72">Lubricate the s#@#@#47#1-3. </ptxt>
<ptxt id="nev13715678n1-nev13715686n73">Use: <toolitem id="nev13715678n1-nev13715683n98"/>.</ptxt>
<ptxt id="nev13715678n1-nev13715686n74">Tap in the seal#@#@#55#xle. </ptxt>
</para>
</graphtext>
</grate>
</procstep>
<procstep id="nev13715678n1-nev13715683n99">
<title id="nev13715678n1-nev13715686n75">Installing the #@#@#26#ocket</title>
<grate id="nev13715678n1-nev13715686n76">
<graphic id="nev13715678n1-nev13715683n100">
<href>0900c8af8005e7d#@#@#9#.jpeg</href>
</graphic>
<graphtext id="nev13715678n1-nev13715686n77">
<list1 enumtype="d" id="nev13715678n1-nev13715686n78" type="unordered">
<title id="nev13715678n1-nev13715686n79">Install:</title>
<item id="nev13715678n1-nev13715686n80">
<ptxt id="nev13715678n1-nev13715686n81">the snap ring f#@#@#8#ocket</ptxt>
</item>
<item id="nev13715678n1-nev13715686n82">
<ptxt id="nev13715678n1-nev13715686n83">the socket for #@#@#64#axle.</ptxt>
</item>
</list1>
<para id="nev13715678n1-nev13715686n84">
<ptxt id="nev13715678n1-nev13715686n85">Use a rubber ma#@#@#23#eeve.</ptxt>
</para>
</graphtext>
</grate>
</procstep>
</stepgrp>
<stepgrp id="nev13715678n1-nev13715686n1">
<title id="nev13715678n1-nev13715686n86">Finishing</title>
<procstep id="nev13715678n1-nev13715686n2">
<title id="nev13715678n1-nev13715686n87">Installing the #@#@#5# gear</title>
<para id="nev13715678n1-nev13715686n88">
<ptxt id="nev13715678n1-nev13715686n89">Install the bev#@#@#9#See: <xref id="nev13715678n1-nev13715686n90">
<ref id="nev13715678n1-nev13715686n3"/>
</xref>. </ptxt>
</para>
</procstep>
</stepgrp>
</procedure>
</servinfosub>