<?xml version="1.0" encoding="UTF-8"?><servinfosub IE-ID="en-US0900c8af823dc400" docno="VCC-165965" id="KC08850679" xml:lang="en-US">
<title>
<phrase category="" id="KC09025534" phrase-urn="urn:x-nevis:phrase:0800c8af823dc401">Diagnostic trou#@#@#30#-0579</phrase>
</title>
<diagnostic j2008use="1" paperuse="1" screenuse="1" type="condition">
<condgrp>
<condition type="condition">
<para>
<ptxt>
<phrase category="" id="KC09025535" phrase-urn="urn:x-nevis:phrase:0800c8af823dc402">The engine cont#@#@#165#on.  </phrase>
</ptxt>
<ptxt>
<phrase category="" id="KC09025536" phrase-urn="urn:x-nevis:phrase:0800c8af823dc403">The diagnostic #@#@#44#ving.</phrase>
</ptxt>
</para>
</condition>
</condgrp>
<condgrp>
<condition type="substitution">
<list1 enumtype="d" type="unordered">
<item>
<ptxt>
<phrase category="" id="KC09025537" phrase-urn="urn:x-nevis:phrase:0800c8af823dc404">Nothing.</phrase>
</ptxt>
</item>
</list1>
</condition>
<ps>
<list1 enumtype="d" type="unordered">
<item>
<ptxt>
<phrase category="" id="KC09025538" phrase-urn="urn:x-nevis:phrase:0800c8af823dc405">Cruise control #@#@#48#ing. </phrase>
</ptxt>
</item>
</list1>
</ps>
</condgrp>
<condgrp>
<condition type="symptom">
<list1 enumtype="d" type="unordered">
<item>
<ptxt>
<phrase category="" id="KC09025539" phrase-urn="urn:x-nevis:phrase:0800c8af823dc406">Nothing.</phrase>
</ptxt>
</item>
</list1>
</condition>
</condgrp>
</diagnostic>
</servinfosub>