<?xml version="1.0" encoding="UTF-8"?><servinfosub IE-ID="en-US0900c8af81a99400" docno="VCC-159684" id="KC07194459" xml:lang="en-US">
<title>
<phrase category="" id="KC09545805" phrase-urn="urn:x-nevis:phrase:0800c8af8271d514">Signal too high</phrase>
</title>
<diagnostic j2008use="1" paperuse="1" screenuse="1" type="test">
<testgrp IE-ID="en-US0900c8af81a99400_KC07216559" id="KC07216559" j2008use="1" paperuse="1" resumable="1" screenuse="1" testgrp-id="node1" x="120" y="200">
<title>
<phrase category="" id="KC09545806" phrase-urn="urn:x-nevis:phrase:0800c8af8271d515">Checking the co#@#@#13#iring</phrase>
</title>
<node>
<test1>
<diaglist>
<ditem>
<ptxt>
<phrase category="" id="KC09545807" phrase-urn="urn:x-nevis:phrase:0800c8af8271d516">Check the engin#@#@#83#tion.</phrase>
</ptxt>
</ditem>
</diaglist>
<test2>
<hint>
<ptxt>
<phrase category="" id="KC09545808" phrase-urn="urn:x-nevis:phrase:0800c8af8271d517">The engine spee#@#@#149#bles.</phrase>
</ptxt>
</hint>
<para>
<ptxt>
<phrase category="" id="KC09545809" phrase-urn="urn:x-nevis:phrase:0800c8af8271d518">Interference ca#@#@#129# etc.</phrase>
</ptxt>
</para>
<para>
<ptxt>
<phrase category="" id="KC09545810" phrase-urn="urn:x-nevis:phrase:0800c8af8271d519">Check whether a#@#@#123#ing. </phrase>
</ptxt>
</para>
<para>
<ptxt>
<phrase category="" id="KC09545811" phrase-urn="urn:x-nevis:phrase:0800c8af8271d51a">Remedy as necessary</phrase>
</ptxt>
</para>
<list1 enumtype="d" type="unordered">
<title>
<phrase category="" id="KC09545812" phrase-urn="urn:x-nevis:phrase:0800c8af8271d51b">Other information</phrase>
</title>
<item>
<ptxt>
<phrase category="" id="KC09545813" phrase-urn="urn:x-nevis:phrase:0800c8af8271d51c">
<xref>
<ref id="KC09545814"/>
</xref>
</phrase>
</ptxt>
</item>
</list1>
<grate>
<graphic id="KC09545815">
<href>0900c8af80730e6#@#@#9#.jpeg</href>
</graphic>
</grate>
</test2>
</test1>
<question>
Select Continue.
</question>
<resact-grp>
<result button="cont" comp="button" highlight="0"/>
<action j2008use="1" paperuse="1" screenuse="1">
<ptxt>
<xref>
<ref id="KC09545817"/>
</xref>
</ptxt>
</action>
</resact-grp>
</node>
</testgrp>
<testgrp id="KC07216560" j2008use="1" paperuse="1" resumable="1" screenuse="1" testgrp-id="ecm-ver1" x="320" y="80">
<title>
<phrase category="" id="KC09545818" phrase-urn="urn:x-nevis:phrase:0800c8af8271d51e">Verification</phrase>
</title>
<subcalloutnode>
<diagcallout>
<xref>
<ref id="KC09545819"/>
</xref>
</diagcallout>
<rescall-grp>
<result comp="string" highlight="0" op="eq" return="VERIFICATION FAILED"/>
<calloutaction>
<ptxt>
<xref>
<ref id="KC09545820"/>
</xref>
</ptxt>
</calloutaction>
</rescall-grp>
<rescall-grp>
<result comp="string" highlight="0" op="eq" return="VERIFIED"/>
<calloutaction>
<return value="FAULT FOUND"/>
</calloutaction>
</rescall-grp>
</subcalloutnode>
</testgrp>
<testgrp id="KC07216561" j2008use="1" paperuse="1" resumable="1" screenuse="1" testgrp-id="info1" x="480" y="80">
<title>
<phrase category="" id="KC09545821" phrase-urn="urn:x-nevis:phrase:0800c8af8271d51f">Fault-tracing i#@#@#5#ation</phrase>
</title>
<subcalloutnode>
<diagcallout>
<xref>
<ref id="KC09545822"/>
</xref>
</diagcallout>
<rescall-grp>
<result comp="string" highlight="0" op="eq" return="FAULTTRACING FAILED"/>
<calloutaction>
<return value="FAULTTRACING FAILED"/>
</calloutaction>
</rescall-grp>
<rescall-grp>
<result comp="string" highlight="0" op="eq" return="NEW TRY"/>
<calloutaction>
<ptxt>
<xref>
<ref id="KC09545823"/>
</xref>
</ptxt>
</calloutaction>
</rescall-grp>
</subcalloutnode>
</testgrp>
</diagnostic>
</servinfosub>