<?xml version="1.0" encoding="UTF-8"?><servinfosub IE-ID="en-US0900c8af858eeb0c" docno="VCC-296781" id="nev11980147n1" original="sv-SE" xml:lang="en-US">
<title id="nev11980147n2">Crankshaft seal#@#@#1# rear</title>
<imagedisclaimer id="nev11980147n5"/>
<toolitemtable id="nev17980922n116">
<table id="nev17980922n115">
<tgroup cols="2" id="nev17980922n114">
<colspec colname="COLSPEC0" colwidth="1.00*" id="nev17980922n113"/>
<colspec colname="COLSPEC1" colwidth="1.00*" id="nev17980922n111"/>
<thead id="nev17980922n109">
<row id="nev17980922n108">
<entry id="nev17980922n107" nameend="COLSPEC1" namest="COLSPEC0" valign="top">
<ptxt id="nev17980922n106">
<emph id="nev17980922n105">Special tools</emph>
</ptxt>
</entry>
</row>
</thead>
<tbody id="nev17980922n104">
<row id="nev17980922n103">
<entry id="nev17980922n102">
<graphic id="nev17980922n101">
<href>0900c8af8005477#@#@#9#.jpeg</href>
</graphic>
</entry>
<entry id="nev17980922n97">
<ptxt id="nev17980922n96">
<emph id="nev17980922n95">T9995651 PULLER#@#@#25#5252T</emph>
</ptxt>
<ptxt id="nev17980922n94">
<emph id="nev17980922n93">Tool number: </emph>T9995651</ptxt>
<ptxt id="nev17980922n92">
<emph id="nev17980922n91">Tool description: </emph>PULLER (REAR SE#@#@#16#5252T</ptxt>
<ptxt id="nev17980922n90">
<emph id="nev17980922n89">Tool boards: </emph>21</ptxt>
</entry>
</row>
<row id="nev17980922n88">
<entry id="nev17980922n87">
<graphic id="nev17980922n86">
<href>0900c8af83f5300#@#@#9#.jpeg</href>
</graphic>
</entry>
<entry id="nev17980922n82">
<ptxt id="nev17980922n81">
<emph id="nev17980922n80">T9997311 DRIFT</emph>
</ptxt>
<ptxt id="nev17980922n79">
<emph id="nev17980922n78">Tool number: </emph>T9997311</ptxt>
<ptxt id="nev17980922n77">
<emph id="nev17980922n76">Tool description: </emph>DRIFT</ptxt>
<ptxt id="nev17980922n75">
<emph id="nev17980922n74">Tool boards: </emph>21</ptxt>
</entry>
</row>
</tbody>
</tgroup>
</table>
</toolitemtable>
<materialtable id="nev17980922n73">
<table id="nev17980922n72">
<tgroup cols="2" id="nev17980922n71">
<colspec colname="COLSPEC0" colwidth="1.00*" id="nev17980922n70"/>
<colspec colname="COLSPEC1" colwidth="1.00*" id="nev17980922n68"/>
<thead id="nev17980922n66">
<row id="nev17980922n65">
<entry id="nev17980922n64" nameend="COLSPEC1" namest="COLSPEC0" valign="top">
<ptxt id="nev17980922n63">
<emph id="nev17980922n62">Materials</emph>
</ptxt>
</entry>
</row>
</thead>
<tbody id="nev17980922n61">
<row id="nev17980922n60">
<entry id="nev17980922n59">
<ptxt id="nev17980922n58">
<emph id="nev17980922n57">Designation</emph>
</ptxt>
</entry>
<entry id="nev17980922n56">
<ptxt id="nev17980922n55">
<emph id="nev17980922n54">Part number</emph>
</ptxt>
</entry>
</row>
<row id="nev17980922n53">
<entry id="nev17980922n52">
<ptxt id="nev17980922n51">Engine oil</ptxt>
</entry>
<entry id="nev17980922n50">
<ptxt id="nev17980922n49"/>
</entry>
</row>
</tbody>
</tgroup>
</table>
</materialtable>
<procedure id="nev11980152n2">
<stepgrp boilerplate="true" context="removal" id="nev11980152n3">
<note id="nev11980152n4">
<ptxt id="nev11980152n5">Removal steps i#@#@#45#ails.</ptxt>
</note>
<procstep id="nev11980152n6">
<title id="nev11980152n7"/>
<para id="nev11980152n8">
<ptxt id="nev11980152n9">Remove the carr#@#@#6#ate. <xref boilerplate="true" id="nev11980152n10">
<ref id="nev11980153n1"/>
</xref>
</ptxt>
</para>
</procstep>
<procstep id="nev11980153n2">
<title id="nev11980153n3"/>
<grate id="nev11980153n4">
<graphic id="nev11980153n5">
<href>0900c8af8353944#@#@#9#.jpeg</href>
</graphic>
<graphtext id="nev11980153n6">
<para id="nev11980153n7">
<ptxt id="nev11980153n8">Use special tool: <toolitem id="nev11980153n9" imageid="0900c8af80054779"/>
</ptxt>
</para>
</graphtext>
</grate>
</procstep>
<procstep id="nev11980153n10">
<title id="nev11980154n1"/>
<grate id="nev11980154n2">
<graphic id="nev11980154n3">
<href>0900c8af833c8c8#@#@#9#.jpeg</href>
</graphic>
<graphtext id="nev11980154n4">
<caution id="nev11980154n5">
<ptxt id="nev11980154n6">Cleaning must b#@#@#199#seal.</ptxt>
</caution>
<para id="nev11980154n7">
<ptxt id="nev17980922n232">
<equipment equipmentname="Emery paper" id="nev17980922n205"/>
</ptxt>
</para>
</graphtext>
</grate>
</procstep>
<procstep id="nev17148968n214">
<title id="nev17148968n213">Installation</title>
<grate id="nev17148968n212">
<graphic id="nev17148968n211">
<href>0900c8af852298f#@#@#9#.jpeg</href>
</graphic>
<graphtext id="nev17148968n207">
<para id="nev17148968n206">
<ptxt id="nev17148968n205">Use special tool: <toolitem id="nev17148968n204" imageid="0900c8af83f53005"/>
</ptxt>
</para>
<para id="nev17148968n117">
<ptxt id="nev17980585n226">
<material id="nev17980922n117" materialid="" materialname="Engine oil"/>
</ptxt>
</para>
</graphtext>
</grate>
</procstep>
<procstep id="nev17965765n218">
<title id="nev17965765n217"/>
<grate id="nev17965765n216">
<graphic id="nev17965765n215">
<href>0900c8af858dea1#@#@#9#.jpeg</href>
</graphic>
<graphtext id="nev17965765n211">
<caution id="nev17965765n210">
<ptxt id="nev17965765n209">Make sure that #@#@#33#ctly.</ptxt>
</caution>
</graphtext>
</grate>
</procstep>
<procstep id="nev17148968n114">
<title id="nev17148968n113"/>
<grate id="nev17148968n112">
<graphic id="nev17148968n111">
<href>0900c8af852298e#@#@#9#.jpeg</href>
</graphic>
<graphtext id="nev17965765n208">
<ptxt id="nev17985059n220">
<emph id="nev17985059n206">Tightening torque:</emph> Carrier plate,#@#@#1#80 Nm</ptxt>
</graphtext>
</grate>
</procstep>
<procstep id="nev17148968n107">
<title id="nev17148968n106"/>
<grate id="nev17148968n105">
<graphic id="nev17148968n104">
<href>0900c8af8522d4f#@#@#9#.jpeg</href>
</graphic>
</grate>
</procstep>
<procstep id="nev17966431n206">
<title id="nev17966431n205"/>
<grate id="nev17966431n204">
<graphic id="nev17966431n203">
<href>0900c8af858deb4#@#@#9#.jpeg</href>
</graphic>
<graphtext id="nev17966431n199">
<caution id="nev17966431n197">
<ptxt id="nev17966431n196">Make sure that #@#@#33#ctly.</ptxt>
</caution>
</graphtext>
</grate>
</procstep>
<procstep id="nev17972979n250">
<list1 boilerplate="true" context="install" enumtype="b" id="nev17972979n249" type="unordered">
<item id="nev17972979n248">
<ptxt id="nev17980635n250"> carrier plate. <xref boilerplate="true" id="nev17980635n249">
<ref id="nev17980635n248"/>
</xref>
</ptxt>
</item>
<item id="nev17980866n211">
<ptxt id="nev17980866n210">transaxle <xref boilerplate="true" id="nev17980866n209">
<ref id="nev17980866n208"/>
</xref>
</ptxt>
</item>
</list1>
</procstep>
</stepgrp>
</procedure>
</servinfosub>