<?xml version="1.0" encoding="UTF-8"?><servinfosub IE-ID="en-US0900c8af84276b0c" docno="VCC-154540" id="KC02758761" xml:lang="en-US">
<title>
<phrase category="" id="KC09491886" phrase-urn="urn:x-nevis:phrase:0800c8af8270f82d">Faulty signal</phrase>
</title>
<diagnostic j2008use="1" layout="0" paperuse="1" screenuse="1" type="test">
<testgrp IE-ID="en-US0900c8af84276b0c_KC02790028" id="KC02790028" j2008use="1" paperuse="1" resumable="1" screenuse="1" testgrp-id="node1" x="60" y="120">
<title>
<phrase category="" id="KC09491887" phrase-urn="urn:x-nevis:phrase:0800c8af8270f82e">Checking the status</phrase>
</title>
<node>
<test1>
<diaglist>
<dgraphic>
<dgraphic1>
<graphic id="KC09491888">
<href>0900c8af80054d5#@#@#9#.jpeg</href>
</graphic>
</dgraphic1>
</dgraphic>
<ditem>
<ptxt>
<phrase category="" id="KC09491889" phrase-urn="urn:x-nevis:phrase:0800c8af8270f82f">Ignition on.</phrase>
</ptxt>
</ditem>
</diaglist>
<test2>
<para>
<ptxt>
<phrase category="" id="KC09491890" phrase-urn="urn:x-nevis:phrase:0800c8af8270f830">Activate the se#@#@#12#nder.</phrase>
</ptxt>
</para>
<para>
<ptxt>
<phrase category="" id="KC09491891" phrase-urn="urn:x-nevis:phrase:0800c8af8270f831">Check if the fa#@#@#28#tent.</phrase>
</ptxt>
</para>
<para>
<ptxt>
<phrase category="" id="KC09491892" phrase-urn="urn:x-nevis:phrase:0800c8af8270f832">The seat belt r#@#@#24#tion.</phrase>
</ptxt>
</para>
<para>
<ptxt>
<phrase category="" id="KC09491893" phrase-urn="urn:x-nevis:phrase:0800c8af8270f833">The fault is pe#@#@#47#vate.</phrase>
</ptxt>
</para>
<para>
<ptxt>
<phrase category="" id="KC09491894" phrase-urn="urn:x-nevis:phrase:0800c8af8270f834">If the seat bel#@#@#152#tent.</phrase>
</ptxt>
</para>
<diaglist>
<dgraphic>
<dgraphic2>
<graphic id="KC09491895">
<href>0900c8af86c8681#@#@#9#.jpeg</href>
</graphic>
<smarttool active="press" id="KC09491896" toolname="YCEM002A"/>
</dgraphic2>
</dgraphic>
</diaglist>
</test2>
</test1>
<question>
Select Continue.
</question>
<resact-grp>
<result button="cont" comp="button" highlight="0"/>
<action j2008use="1" paperuse="1" screenuse="1">
<ptxt>
<xref>
<ref id="KC09491899"/>
</xref>
</ptxt>
</action>
</resact-grp>
</node>
</testgrp>
<testgrp id="KC02790029" j2008use="1" paperuse="1" resumable="1" screenuse="1" testgrp-id="node2" x="80" y="240">
<title>
<phrase category="" id="KC09491900" phrase-urn="urn:x-nevis:phrase:0800c8af8270f837">Checking the co#@#@#13#iring</phrase>
</title>
<node>
<test1>
<test2>
<para>
<ptxt>
<phrase category="" id="KC09491901" phrase-urn="urn:x-nevis:phrase:0800c8af8270f838">Check the volta#@#@#171#ated.</phrase>
</ptxt>
</para>
<para>
<ptxt>
<phrase category="" id="KC09491902" phrase-urn="urn:x-nevis:phrase:0800c8af8270f839">Check the contr#@#@#83#tage.</phrase>
</ptxt>
</para>
<para>
<ptxt>
<phrase category="" id="KC09491903" phrase-urn="urn:x-nevis:phrase:0800c8af8270f83a">Take readings b#@#@#2#ween:</phrase>
</ptxt>
</para>
<list1 enumtype="d" type="unordered">
<item>
<ptxt>
<phrase category="" id="KC09491904" phrase-urn="urn:x-nevis:phrase:0800c8af8270f83b">Central electro#@#@#67#l #4.</phrase>
</ptxt>
</item>
</list1>
<para>
<ptxt>
<phrase category="" id="KC09491905" phrase-urn="urn:x-nevis:phrase:0800c8af8270f83c">Remedy as necessary.</phrase>
</ptxt>
</para>
<list1 enumtype="d" type="unordered">
<title>
<phrase category="" id="KC09491906" phrase-urn="urn:x-nevis:phrase:0800c8af8270f83d">Other information</phrase>
</title>
<item>
<ptxt>
<xref id="nev12739755n100">
<ref id="l1173967495576"/>
</xref>
</ptxt>
</item>
<item>
<ptxt>
<xref id="nev12739756n100">
<ref id="l1173967509013"/>
</xref>
</ptxt>
</item>
<item>
<ptxt>
<xref id="nev12739755n96">
<ref id="l1173967522888"/>
</xref>
</ptxt>
</item>
<item>
<ptxt>
<xref id="nev13413713n100">
<ref id="l1173967539325"/>
</xref>
</ptxt>
</item>
<item>
<ptxt>
<xref id="nev12739755n92">
<ref id="l1173967568418"/>
</xref>
</ptxt>
</item>
</list1>
<diaglist>
<dgraphic>
<dgraphic1>
<graphic id="KC09491917">
<href>0900c8af80058b0#@#@#9#.jpeg</href>
</graphic>
</dgraphic1>
<dgraphic2>
<graphic id="KC09491918">
<href>0900c8af80054d4#@#@#9#.jpeg</href>
</graphic>
<smarttool active="press" id="KC09491919" toolname="ODAH"/>
</dgraphic2>
</dgraphic>
</diaglist>
</test2>
</test1>
<question>
Select Continue.
</question>
<resact-grp>
<result button="cont" comp="button" highlight="0"/>
<action j2008use="1" paperuse="1" screenuse="1">
<ptxt>
<xref>
<ref id="KC09491922"/>
</xref>
</ptxt>
</action>
</resact-grp>
</node>
</testgrp>
<testgrp id="KC02790030" j2008use="1" paperuse="1" resumable="1" screenuse="1" testgrp-id="veria" x="80" y="420">
<title>
<phrase category="" id="KC09491923" phrase-urn="urn:x-nevis:phrase:0800c8af8270f845">Verification</phrase>
</title>
<subcalloutnode>
<diagcallout>
<xref>
<ref id="KC09491924"/>
</xref>
</diagcallout>
<rescall-grp>
<result comp="string" highlight="0" op="eq" return="VERIFIED"/>
<calloutaction>
<return value="FAULT FOUND"/>
</calloutaction>
</rescall-grp>
<rescall-grp>
<result comp="string" highlight="0" op="eq" return="VERIFICATION FAILED"/>
<calloutaction>
<ptxt>
<xref>
<ref id="KC09491925"/>
</xref>
</ptxt>
</calloutaction>
</rescall-grp>
</subcalloutnode>
</testgrp>
<testgrp id="KC02790031" j2008use="1" paperuse="1" resumable="1" screenuse="1" testgrp-id="info1" x="80" y="560">
<title>
<phrase category="" id="KC09491926" phrase-urn="urn:x-nevis:phrase:0800c8af8270f846">Fault-tracing i#@#@#5#ation</phrase>
</title>
<subcalloutnode>
<diagcallout>
<xref>
<ref id="KC09491927"/>
</xref>
</diagcallout>
<rescall-grp>
<result comp="string" highlight="0" op="eq" return="FAULTTRACING FAILED"/>
<calloutaction>
<return value="FAULTTRACING FAILED"/>
</calloutaction>
</rescall-grp>
<rescall-grp>
<result comp="string" highlight="0" op="eq" return="NEW TRY"/>
<calloutaction>
<ptxt>
<xref>
<ref id="KC09491928"/>
</xref>
</ptxt>
</calloutaction>
</rescall-grp>
</subcalloutnode>
</testgrp>
</diagnostic>
</servinfosub>