<?xml version="1.0" encoding="UTF-8"?><script xmlns:nevis="http://www.volvocars.com/namespaces/processing" xmlns:xlink="http://www.w3.org/1999/xlink" IE-ID="en-US0900c8af86166313" docno="VCC-468772" id="nev20279419n1" nevis:expl-profile="mdl124yr2014eng246, mdl135yr2014eng246, mdl136yr2014eng246, mdl134yr2014eng246, mdl155yr2014eng246, mdl156yr2014eng246, mdl526yr2015eng257, mdl124yr2015eng246, mdl135yr2015eng246, mdl136yr2015eng246, mdl134yr2015eng246, mdl155yr2015eng246, mdl156yr2015eng246, mdl525yr2015eng257" nevis:profile="urn:x-nevis:profile:0b00c8af856329b3 urn:x-nevis:profile:0b00c8af85632ecb urn:x-nevis:profile:0b00c8af856332b5 urn:x-nevis:profile:0b00c8af856338e7 urn:x-nevis:profile:0b00c8af85633dc9 urn:x-nevis:profile:0b00c8af8569a16f urn:x-nevis:profile:0b00c8af861bd325 urn:x-nevis:profile:0b00c8af8620f7c9 urn:x-nevis:profile:0b00c8af862155a2 urn:x-nevis:profile:0b00c8af8621adb5 urn:x-nevis:profile:0b00c8af8621e8aa urn:x-nevis:profile:0b00c8af862236d6 urn:x-nevis:profile:0b00c8af862294ad urn:x-nevis:profile:0b00c8af862296d7" nevis:projectdocument="urn:x-nevis:projectdocument:0800c8af86166312" nevis:resource="0900c8af8622925c" nevis:resource2="urn:x-nevis:fragment:0900c8af86166313:0900c8af8622925c#nev20279419n1" nevis:session-id="" qualifierinfotype="14:00" type="" xml:lang="en-US"><title>Read ambient te#@#@#4#ature</title><content gui="1" height="115" id="nev20279419n2-nev20279415n1" nevis:expl-profile="mdl124yr2014eng246, mdl135yr2014eng246, mdl136yr2014eng246, mdl134yr2014eng246, mdl155yr2014eng246, mdl156yr2014eng246, mdl526yr2015eng257, mdl124yr2015eng246, mdl135yr2015eng246, mdl136yr2015eng246, mdl134yr2015eng246, mdl155yr2015eng246, mdl156yr2015eng246, mdl525yr2015eng257" nevis:idfrom="nev20279419n2" nevis:prefix="nev20279419n2" nevis:profile="urn:x-nevis:profile:0b00c8af856329b3 urn:x-nevis:profile:0b00c8af85632ecb urn:x-nevis:profile:0b00c8af856332b5 urn:x-nevis:profile:0b00c8af856338e7 urn:x-nevis:profile:0b00c8af85633dc9 urn:x-nevis:profile:0b00c8af8569a16f urn:x-nevis:profile:0b00c8af861bd325 urn:x-nevis:profile:0b00c8af8620f7c9 urn:x-nevis:profile:0b00c8af862155a2 urn:x-nevis:profile:0b00c8af8621adb5 urn:x-nevis:profile:0b00c8af8621e8aa urn:x-nevis:profile:0b00c8af862236d6 urn:x-nevis:profile:0b00c8af862294ad urn:x-nevis:profile:0b00c8af862296d7" nevis:resource="0900c8af8622925a" nevis:resource2="urn:x-nevis:fragment:0900c8af86166313:0900c8af8622925a#nev20279415n1" width="565" xml:lang="en-US"><nodes id="nev20279419n2-nev20563840n1"><node class="Components.StartNode" id="nev20279419n2-nev20563841n1" nodeid="Start" x="23" y="151"/><node class="Components.Gui.ParameterLabel" id="nev20279419n2-nev20563842n1" nodeid="ParameterLabel1" x="637" y="86"><gui height="70" id="nev20279419n2-nev20563843n1" width="555" x="5" y="5"/><property class="Parameter" id="nev20279419n2-nev20563844n1" name="Parameter" type="In" value="" visible="1"/><property class="String" id="nev20279419n2-nev20563845n1" name="Title" type="In" value="" visible="1"/><property class="String" id="nev20279419n2-nev20563846n1" name="Value" type="In" value="" visible="1"/><property class="String" id="nev20279419n2-nev20563847n1" name="Unit" type="In" value="" visible="1"/><property class="String" id="nev20279419n2-nev20563848n1" name="StartVisible" type="Internal" value="true" visible="0"/></node><node class="Components.ScriptComponent" id="nev20279419n2-nev20563849n1" nodeid="ScriptComponent1" x="251" y="387"/><node class="Components.ScriptButton" id="nev20279419n2-nev20563850n1" nodeid="ScriptButton1" x="62" y="385"><gui height="30" id="nev20279419n2-nev20563851n1" width="110" x="450" y="80"/><property class="String" id="nev20279419n2-nev20563852n1" name="Text" type="In" value="" visible="0"/><property class="String" id="nev20279419n2-nev20563853n1" name="StartDisabled" type="Internal" value="false" visible="1"/><property class="String" id="nev20279419n2-nev20563854n1" name="StartVisible" type="Internal" value="true" visible="1"/><extension id="nev20279419n2-nev20563855n1"><phrase category="Faulttracing" id="nev20279419n2-nev20279416n8" phrase-urn="urn:x-nevis:phrase:0800c8af81b6b138">Hide</phrase></extension></node><node class="Components.IdentifierComponent" id="nev20279419n2-nev20563856n1" nodeid="IdentifierComponent1" x="424" y="91"><property class="Parameter" id="nev20279419n2-nev20563857n1" name="Yttertemperatur" type="Out" value="" visible="1"/><extension id="nev20279419n2-nev20563858n1"><identifier ecu="284101" ecuMode="EcuType" id="nev20279419n2-nev20563859n1" read="100" type="REID" value="DD05"><parameter id="nev20279419n2-nev20563860n1" name="Yttertemperatur" textid="1001128"/></identifier></extension></node><node class="Components.Repeater" id="nev20279419n2-nev20563861n1" nodeid="Repeater1" x="229" y="185"><property class="Int" id="nev20279419n2-nev20563862n1" name="Wait" type="Internal" value="500" visible="1"/><property class="Int" id="nev20279419n2-nev20563863n1" name="NoOfRepeats" type="Internal" value="0" visible="1"/></node></nodes><handlers id="nev20279419n2-nev20563864n1"><eventhandler id="nev20279419n2-nev20563865n1" name="OnStart" node="Start"><call id="nev20279419n2-nev20563866n1" method="UpdateTitles" node="IdentifierComponent1"/><call id="nev20279419n2-nev20563867n1" method="Start" node="Repeater1"/></eventhandler><eventhandler id="nev20279419n2-nev20563868n1" name="Click" node="ScriptButton1"><call id="nev20279419n2-nev20563869n1" method="CloseDialog" node="ScriptComponent1"/></eventhandler><eventhandler id="nev20279419n2-nev20563870n1" name="OnRepeat" node="Repeater1"><call id="nev20279419n2-nev20563871n1" method="Read" node="IdentifierComponent1"/></eventhandler><propertyhandler id="nev20279419n2-nev20563872n1" name="Yttertemperatur" node="IdentifierComponent1"><set id="nev20279419n2-nev20563873n1" node="ParameterLabel1" property="Parameter"/></propertyhandler></handlers></content></script>