<?xml version="1.0" encoding="UTF-8"?><servinfosub IE-ID="en-US0900c8af85d21313" docno="VCC-451049" id="nev17919308n1" xml:lang="en-US">
<title>
<phrase category="Title" id="nev17919350n1" phrase-urn="urn:x-nevis:phrase:0800c8af81eb9a54">Diagnostic trou#@#@#21#ation</phrase>
<phrase category="Prefix" id="nev17919351n1" phrase-urn="urn:x-nevis:phrase:0800c8af8015c469">CPM</phrase>-B1D2386</title>
<diagnostic j2008use="1" paperuse="1" screenuse="1" type="condition">
<condgrp>
<condition type="condition">
<grate>
<graphic id="nev17919308n3" width="column">
<href>0900c8af8073189#@#@#9#.jpeg</href>
</graphic>
<graphtext>
<para>
<ptxt>
<phrase category="" id="nev17919308n4" phrase-urn="urn:x-nevis:phrase:0800c8af81c29416">The heater is d#@#@#233#ted. </phrase>
</ptxt>
</para>
<para>
<ptxt>
<phrase category="" id="nev17919308n5" phrase-urn="urn:x-nevis:phrase:0800c8af81c29417">If the heater i#@#@#45#gain.</phrase>
</ptxt>
</para>
<para>
<ptxt>
<phrase category="" id="nev17919308n6" phrase-urn="urn:x-nevis:phrase:0800c8af81c29418">The diagnostic #@#@#63#ated.</phrase>
</ptxt>
</para>
</graphtext>
</grate>
</condition>
</condgrp>
<condgrp>
<condition type="substitution">
<list1 enumtype="d">
<item>
<ptxt>
<phrase category="" id="nev17919308n8" phrase-urn="urn:x-nevis:phrase:0800c8af81c2941a">None.</phrase>
</ptxt>
</item>
</list1>
</condition>
<ps>
<list1 enumtype="d" type="unordered">
<item id="nev19123715n100">
<ptxt id="nev19123715n99">
<phrase category="Possible source" id="nev19123720n1" phrase-urn="urn:x-nevis:phrase:0800c8af81eab96f">Air or leakage #@#@#17#stem.</phrase>
</ptxt>
</item>
<item id="nev19123715n97">
<ptxt id="nev19123715n96">
<phrase category="Possible source" id="nev19123721n1" phrase-urn="urn:x-nevis:phrase:0800c8af81eabb79">Damaged water pump.</phrase>
</ptxt>
</item>
<item id="nev19123715n94">
<ptxt id="nev19123715n93">
<phrase category="Possible source" id="nev19123722n1" phrase-urn="urn:x-nevis:phrase:0800c8af81eabb7a">Damaged engine #@#@#28#nsor.</phrase>
</ptxt>
</item>
<item>
<ptxt>
<phrase category="" id="nev17919308n9" phrase-urn="urn:x-nevis:phrase:0800c8af81c2941b">Damaged overhea#@#@#18#ostat</phrase>
</ptxt>
</item>
</list1>
</ps>
</condgrp>
<condgrp>
<condition type="symptom">
<list1 enumtype="d" type="unordered">
<item id="nev18168850n94">
<ptxt id="nev18168850n93">
<phrase category="Symptom CSC" id="nev18169060n1" phrase-urn="urn:x-nevis:phrase:0800c8af8388f20e">UJ, Parking hea#@#@#12# work</phrase>
</ptxt>
</item>
</list1>
</condition>
</condgrp>
</diagnostic>
</servinfosub>