<?xml version="1.0" encoding="UTF-8"?><script xmlns:nevis="http://www.volvocars.com/namespaces/processing" xmlns:xlink="http://www.w3.org/1999/xlink" IE-ID="en-US0900c8af85708313" docno="VCC-441273" id="nev17456746n1" nevis:expl-profile="mdl525yr2013, mdl526yr2013, mdl124yr2013, mdl144yr2013, mdl135yr2013, mdl136yr2013, mdl134yr2013, mdl155yr2013, mdl156yr2013, mdl124yr2014, mdl144yr2014, mdl135yr2014, mdl136yr2014, mdl134yr2014, mdl138yr2014, mdl155yr2014, mdl156yr2014, mdl525yr2014, mdl526yr2014, mdl526yr2015, mdl124yr2015, mdl135yr2015, mdl136yr2015, mdl134yr2015, mdl155yr2015, mdl156yr2015, mdl525yr2015, mdl138yr2015, mdl134yr2016, mdl155yr2016, mdl156yr2016, mdl157yr2015, mdl124yr2016, mdl135yr2016, mdl136yr2016, mdl138yr2016, mdl157yr2016, mdl525yr2016, mdl526yr2016, mdl144yr2015, mdl137yr2016" nevis:profile="urn:x-nevis:profile:0b00c8af85025cbc urn:x-nevis:profile:0b00c8af85025cc4 urn:x-nevis:profile:0b00c8af8520c3a1 urn:x-nevis:profile:0b00c8af8520c3a2 urn:x-nevis:profile:0b00c8af8520c3a3 urn:x-nevis:profile:0b00c8af8520c3a4 urn:x-nevis:profile:0b00c8af8520c3a5 urn:x-nevis:profile:0b00c8af8520c3a6 urn:x-nevis:profile:0b00c8af8520c3a7 urn:x-nevis:profile:0b00c8af856303ec urn:x-nevis:profile:0b00c8af85632e61 urn:x-nevis:profile:0b00c8af85632eb6 urn:x-nevis:profile:0b00c8af85633292 urn:x-nevis:profile:0b00c8af856337af urn:x-nevis:profile:0b00c8af85633c05 urn:x-nevis:profile:0b00c8af85633da2 urn:x-nevis:profile:0b00c8af8569a13e urn:x-nevis:profile:0b00c8af8569a64b urn:x-nevis:profile:0b00c8af8569a80c urn:x-nevis:profile:0b00c8af861bd2c7 urn:x-nevis:profile:0b00c8af8620f7a0 urn:x-nevis:profile:0b00c8af862154cd urn:x-nevis:profile:0b00c8af8621ada3 urn:x-nevis:profile:0b00c8af8621e88c urn:x-nevis:profile:0b00c8af86223698 urn:x-nevis:profile:0b00c8af86229467 urn:x-nevis:profile:0b00c8af862296a5 urn:x-nevis:profile:0b00c8af8633603b urn:x-nevis:profile:0b00c8af863f4c3a urn:x-nevis:profile:0b00c8af863ffa7b urn:x-nevis:profile:0b00c8af864b2bae urn:x-nevis:profile:0b00c8af86552501 urn:x-nevis:profile:0b00c8af8656e7d2 urn:x-nevis:profile:0b00c8af8656e95f urn:x-nevis:profile:0b00c8af8656ed6f urn:x-nevis:profile:0b00c8af86576304 urn:x-nevis:profile:0b00c8af8657680f urn:x-nevis:profile:0b00c8af86576caa urn:x-nevis:profile:0b00c8af86576f47 urn:x-nevis:profile:0b00c8af868ec1a4 urn:x-nevis:profile:0b00c8af86b49077" nevis:projectdocument="urn:x-nevis:projectdocument:0800c8af85708312" nevis:resource="0900c8af859de1ac" nevis:resource2="urn:x-nevis:fragment:0900c8af85708313:0900c8af859de1ac#nev17456746n1" nevis:session-id="" qualifierinfotype="14:00" type="" xml:lang="en-US"><title><phrase category="Title" id="nev17458310n1" phrase-urn="urn:x-nevis:phrase:0800c8af8571144c">Activation of t#@#@#36#rning</phrase></title><content gui="1" height="300" id="nev17456746n2-nev17456731n1" nevis:expl-profile="mdl525yr2013, mdl526yr2013, mdl124yr2013, mdl144yr2013, mdl135yr2013, mdl136yr2013, mdl134yr2013, mdl155yr2013, mdl156yr2013, mdl124yr2014, mdl144yr2014, mdl135yr2014, mdl136yr2014, mdl134yr2014, mdl138yr2014, mdl155yr2014, mdl156yr2014, mdl525yr2014, mdl526yr2014, mdl526yr2015, mdl124yr2015, mdl135yr2015, mdl136yr2015, mdl134yr2015, mdl155yr2015, mdl156yr2015, mdl525yr2015, mdl138yr2015, mdl134yr2016, mdl155yr2016, mdl156yr2016, mdl157yr2015, mdl124yr2016, mdl135yr2016, mdl136yr2016, mdl138yr2016, mdl157yr2016, mdl525yr2016, mdl526yr2016, mdl144yr2015, mdl137yr2016" nevis:idfrom="nev17456746n2" nevis:prefix="nev17456746n2" nevis:profile="urn:x-nevis:profile:0b00c8af85025cbc urn:x-nevis:profile:0b00c8af85025cc4 urn:x-nevis:profile:0b00c8af8520c3a1 urn:x-nevis:profile:0b00c8af8520c3a2 urn:x-nevis:profile:0b00c8af8520c3a3 urn:x-nevis:profile:0b00c8af8520c3a4 urn:x-nevis:profile:0b00c8af8520c3a5 urn:x-nevis:profile:0b00c8af8520c3a6 urn:x-nevis:profile:0b00c8af8520c3a7 urn:x-nevis:profile:0b00c8af856303ec urn:x-nevis:profile:0b00c8af85632e61 urn:x-nevis:profile:0b00c8af85632eb6 urn:x-nevis:profile:0b00c8af85633292 urn:x-nevis:profile:0b00c8af856337af urn:x-nevis:profile:0b00c8af85633c05 urn:x-nevis:profile:0b00c8af85633da2 urn:x-nevis:profile:0b00c8af8569a13e urn:x-nevis:profile:0b00c8af8569a64b urn:x-nevis:profile:0b00c8af8569a80c urn:x-nevis:profile:0b00c8af861bd2c7 urn:x-nevis:profile:0b00c8af8620f7a0 urn:x-nevis:profile:0b00c8af862154cd urn:x-nevis:profile:0b00c8af8621ada3 urn:x-nevis:profile:0b00c8af8621e88c urn:x-nevis:profile:0b00c8af86223698 urn:x-nevis:profile:0b00c8af86229467 urn:x-nevis:profile:0b00c8af862296a5 urn:x-nevis:profile:0b00c8af8633603b urn:x-nevis:profile:0b00c8af863f4c3a urn:x-nevis:profile:0b00c8af863ffa7b urn:x-nevis:profile:0b00c8af864b2bae urn:x-nevis:profile:0b00c8af86552501 urn:x-nevis:profile:0b00c8af8656e7d2 urn:x-nevis:profile:0b00c8af8656e95f urn:x-nevis:profile:0b00c8af8656ed6f urn:x-nevis:profile:0b00c8af86576304 urn:x-nevis:profile:0b00c8af8657680f urn:x-nevis:profile:0b00c8af86576caa urn:x-nevis:profile:0b00c8af86576f47 urn:x-nevis:profile:0b00c8af868ec1a4 urn:x-nevis:profile:0b00c8af86b49077" nevis:resource="0900c8af859de1ae" nevis:resource2="urn:x-nevis:fragment:0900c8af85708313:0900c8af859de1ae#nev17456731n1" width="495" xml:lang="en-US"><nodes id="nev17456746n2-nev18184780n1"><node class="Components.StartNode" id="nev17456746n2-nev18184781n1" nodeid="Start" x="8" y="167"/><node class="Components.ScriptComponent" id="nev17456746n2-nev18184782n1" nodeid="Close dialog" x="1054" y="183"/><node class="Components.Delay" id="nev17456746n2-nev18184783n1" nodeid="15 sekunder" x="651" y="128"><property class="Int" id="nev17456746n2-nev18184784n1" name="Value" type="In" value="15000" visible="0"/></node><node class="Components.VehComm" id="nev17456746n2-nev18184785n1" nodeid="VehComm1" x="516" y="239"><property class="String" id="nev17456746n2-nev18184786n1" name="Mode" type="Internal" value="EcuType" visible="1"/><property class="Int" id="nev17456746n2-nev18184787n1" name="EcuType" type="In" value="366905" visible="0"/><property class="Int" id="nev17456746n2-nev18184788n1" name="ServiceId" type="In" value="116" visible="0"/><property class="String" id="nev17456746n2-nev18184789n1" name="EcuName" type="Out" value="" visible="1"/><property class="Response" id="nev17456746n2-nev18184790n1" name="Result" type="Out" value="" visible="1"/><property class="String" id="nev17456746n2-nev18184791n1" name="Identifier" type="In" value="A22D" visible="0"/><property class="String" id="nev17456746n2-nev18184792n1" name="Value" type="In" value="0030000000300000" visible="0"/><extension id="nev17456746n2-nev18184793n1"><insertparam id="nev17456746n2-nev17456735n6" name="Value"/><insertparam id="nev17456746n2-nev17456735n7" name="Identifier"/></extension></node><node class="Components.VehComm" id="nev17456746n2-nev18184794n1" nodeid="VehComm2" x="777" y="87"><property class="String" id="nev17456746n2-nev18184795n1" name="Mode" type="Internal" value="EcuType" visible="1"/><property class="Int" id="nev17456746n2-nev18184796n1" name="EcuType" type="In" value="366905" visible="0"/><property class="Int" id="nev17456746n2-nev18184797n1" name="ServiceId" type="In" value="116" visible="0"/><property class="String" id="nev17456746n2-nev18184798n1" name="EcuName" type="Out" value="" visible="1"/><property class="Response" id="nev17456746n2-nev18184799n1" name="Result" type="Out" value="" visible="1"/><property class="String" id="nev17456746n2-nev18184800n1" name="Identifier" type="In" value="A22D" visible="0"/><property class="String" id="nev17456746n2-nev18184801n1" name="Value" type="In" value="0000000000000000" visible="0"/><extension id="nev17456746n2-nev18184802n1"><insertparam id="nev17456746n2-nev17456736n7" name="Value"/><insertparam id="nev17456746n2-nev17456736n8" name="Identifier"/></extension></node><node class="Components.ScriptComponent" id="nev17456746n2-nev18184803n1" nodeid="Script1" x="339" y="551"/><node class="Components.VehComm" id="nev17456746n2-nev18184804n1" nodeid="Security access - unlock!" x="234" y="112"><property class="String" id="nev17456746n2-nev18184805n1" name="Mode" type="Internal" value="EcuType" visible="1"/><property class="Int" id="nev17456746n2-nev18184806n1" name="EcuType" type="In" value="366905" visible="0"/><property class="Int" id="nev17456746n2-nev18184807n1" name="ServiceId" type="In" value="105" visible="0"/><property class="String" id="nev17456746n2-nev18184808n1" name="EcuName" type="Out" value="" visible="1"/><property class="Response" id="nev17456746n2-nev18184809n1" name="Result" type="Out" value="" visible="1"/><property class="String" id="nev17456746n2-nev18184810n1" name="Key" type="In" value="AACCCC3355" visible="0"/><extension id="nev17456746n2-nev18184811n1"><insertparam id="nev17456746n2-nev17456732n9" name="Key"/></extension></node><node class="Components.VehComm" id="nev17456746n2-nev18184812n1" nodeid="Extended session - 1003" x="91" y="45"><property class="String" id="nev17456746n2-nev18184813n1" name="Mode" type="Internal" value="EcuType" visible="1"/><property class="Int" id="nev17456746n2-nev18184814n1" name="EcuType" type="In" value="366905" visible="0"/><property class="Int" id="nev17456746n2-nev18184815n1" name="ServiceId" type="In" value="106" visible="0"/><property class="String" id="nev17456746n2-nev18184816n1" name="EcuName" type="Out" value="" visible="1"/><property class="Response" id="nev17456746n2-nev18184817n1" name="Result" type="Out" value="" visible="1"/><extension id="nev17456746n2-nev18184818n1"/></node><node class="Components.VehComm" id="nev17456746n2-nev18184819n1" nodeid="Default session - 1001" x="340" y="402"><property class="String" id="nev17456746n2-nev18184820n1" name="Mode" type="Internal" value="EcuType" visible="1"/><property class="Int" id="nev17456746n2-nev18184821n1" name="EcuType" type="In" value="366905" visible="0"/><property class="Int" id="nev17456746n2-nev18184822n1" name="ServiceId" type="In" value="112" visible="0"/><property class="String" id="nev17456746n2-nev18184823n1" name="EcuName" type="Out" value="" visible="1"/><property class="Response" id="nev17456746n2-nev18184824n1" name="Result" type="Out" value="" visible="1"/><extension id="nev17456746n2-nev18184825n1"/></node><node class="Components.VehComm" id="nev17456746n2-nev18184826n1" nodeid="1001" x="914" y="132"><property class="String" id="nev17456746n2-nev18184827n1" name="Mode" type="Internal" value="EcuType" visible="1"/><property class="Int" id="nev17456746n2-nev18184828n1" name="EcuType" type="In" value="366905" visible="0"/><property class="Int" id="nev17456746n2-nev18184829n1" name="ServiceId" type="In" value="112" visible="0"/><property class="String" id="nev17456746n2-nev18184830n1" name="EcuName" type="Out" value="" visible="1"/><property class="Response" id="nev17456746n2-nev18184831n1" name="Result" type="Out" value="" visible="1"/><extension id="nev17456746n2-nev18184832n1"/></node><node class="Components.InfoDisplay" id="nev17456746n2-nev18184833n1" nodeid="InfoDisplay1" x="846" y="320"><gui height="100" id="nev17456746n2-nev18184834n1" width="460" x="20" y="90"/><property class="String" id="nev17456746n2-nev18184835n1" name="Content" type="In" value="" visible="1"/><extension id="nev17456746n2-nev18184836n1"/></node><node class="Components.InfoDisplayContent" id="nev17456746n2-nev18184837n1" nodeid="InfoDisplayContent1" x="693" y="279"><property class="String" id="nev17456746n2-nev18184838n1" name="Content" type="Out" value="" visible="1"/><extension id="nev17456746n2-nev18184839n1"><phrase category="Faulttracing" id="nev17456746n2-nev17851980n1" phrase-urn="urn:x-nevis:phrase:0800c8af81adb916">Please wait!</phrase><para id="nev17456746n2-nev17852050n1"><phrase category="Faulttracing" id="nev17456746n2-nev17851981n1" phrase-urn="urn:x-nevis:phrase:0800c8af858d42c1">Visual collisio#@#@#61#onds.</phrase></para></extension></node><node class="Components.RunScript" id="nev17456746n2-nev18184840n1" nodeid="VCC-351787" x="523" y="506"><property class="String" id="nev17456746n2-nev18184841n1" name="Result" type="Out" value="" visible="1"/><extension id="nev17456746n2-nev18184842n1"><xml id="nev17456746n2-nev17852054n1"><ref id="nev17456746n2-nev17851985n1"><locator xlink:href="#nev17456746n2-nev17851985n1" xlink:type="locator"/><locator xlink:href="urn:x-nevis:xref:0800c8af8430b8e2:00000000:00000000#nev13459544n1" xlink:type="locator"/><arc nevis:href="urn:x-nevis:xref:0800c8af8430b8e2:00000000:00000000#nev13459544n1" xlink:title="VCC-351787, Error message, OnNoRespons" xlink:type="arc"/></ref></xml></extension></node><node class="Components.RunScript" id="nev17456746n2-nev18184846n1" nodeid="VCC-352667" x="540" y="566"><property class="String" id="nev17456746n2-nev18184847n1" name="Result" type="Out" value="" visible="1"/><extension id="nev17456746n2-nev18184848n1"><xml id="nev17456746n2-nev17852061n1"><ref id="nev17456746n2-nev17851986n1"><locator xlink:href="#nev17456746n2-nev17851986n1" xlink:type="locator"/><locator xlink:href="urn:x-nevis:xref:0800c8af8431f3b4:00000000:00000000#nev13469607n1" xlink:type="locator"/><arc nevis:href="urn:x-nevis:xref:0800c8af8431f3b4:00000000:00000000#nev13469607n1" xlink:title="VCC-352667, Error message, OnNoContact" xlink:type="arc"/></ref></xml></extension></node><node class="Components.RunScript" id="nev17456746n2-nev18184852n1" nodeid="VCC-351907" x="554" y="626"><property class="String" id="nev17456746n2-nev18184853n1" name="Result" type="Out" value="" visible="1"/><extension id="nev17456746n2-nev18184854n1"><xml id="nev17456746n2-nev17852068n1"><ref id="nev17456746n2-nev17851989n1"><locator xlink:href="#nev17456746n2-nev17851989n1" xlink:type="locator"/><locator xlink:href="urn:x-nevis:xref:0800c8af8430c3a5:00000000:00000000#nev13461630n1" xlink:type="locator"/><arc nevis:href="urn:x-nevis:xref:0800c8af8430c3a5:00000000:00000000#nev13461630n1" xlink:title="VCC-351907, Error message, OnNegativeRespons" xlink:type="arc"/></ref></xml></extension></node><node class="Components.ScriptButton" id="nev17456746n2-nev18184858n1" nodeid="Aktivera_knapp" x="383" y="163"><gui height="55" id="nev17456746n2-nev18184859n1" width="140" x="180" y="20"/><property class="String" id="nev17456746n2-nev18184860n1" name="Text" type="In" value="Starta" visible="1"/><property class="String" id="nev17456746n2-nev18184861n1" name="StartDisabled" type="Internal" value="false" visible="1"/><property class="String" id="nev17456746n2-nev18184862n1" name="StartVisible" type="Internal" value="true" visible="1"/><extension id="nev17456746n2-nev18184863n1"><phrase category="Faulttracing" id="nev17456746n2-nev18184779n1" phrase-urn="urn:x-nevis:phrase:0800c8af8160db4f">Start</phrase></extension></node><node class="Components.ScriptButton" id="nev17456746n2-nev18184864n1" nodeid="Avsluta_knapp" x="127" y="368"><gui height="23" id="nev17456746n2-nev18184865n1" width="75" x="385" y="265"/><property class="String" id="nev17456746n2-nev18184866n1" name="Text" type="In" value="" visible="1"/><property class="String" id="nev17456746n2-nev18184867n1" name="StartDisabled" type="Internal" value="false" visible="1"/><property class="String" id="nev17456746n2-nev18184868n1" name="StartVisible" type="Internal" value="true" visible="1"/><extension id="nev17456746n2-nev18184869n1"><phrase category="Faulttracing" id="nev17456746n2-nev17851984n1" phrase-urn="urn:x-nevis:phrase:0800c8af8178a390">Exit</phrase></extension></node></nodes><handlers id="nev17456746n2-nev18184870n1"><eventhandler id="nev17456746n2-nev18184871n1" name="OnStart" node="Start"><call id="nev17456746n2-nev18184872n1" method="Enable" node="Avsluta_knapp"/><call id="nev17456746n2-nev18184873n1" method="Execute" node="Extended session - 1003"/></eventhandler><eventhandler id="nev17456746n2-nev18184874n1" name="OnContinue" node="15 sekunder"><call id="nev17456746n2-nev18184875n1" method="Execute" node="VehComm2"/></eventhandler><eventhandler id="nev17456746n2-nev18184876n1" name="OnPositiveResponse" node="VehComm1"><call id="nev17456746n2-nev18184877n1" method="Trigger" node="InfoDisplayContent1"/><call id="nev17456746n2-nev18184878n1" method="Execute" node="15 sekunder"/></eventhandler><eventhandler id="nev17456746n2-nev18184879n1" name="OnPositiveResponse" node="VehComm2"><call id="nev17456746n2-nev18184880n1" method="Execute" node="1001"/></eventhandler><eventhandler id="nev17456746n2-nev18184881n1" name="OnNoContact" node="Script1"><call id="nev17456746n2-nev18184882n1" method="Run" node="VCC-352667"/></eventhandler><eventhandler id="nev17456746n2-nev18184883n1" name="OnNoResponse" node="Script1"><call id="nev17456746n2-nev18184884n1" method="Run" node="VCC-351787"/></eventhandler><eventhandler id="nev17456746n2-nev18184885n1" name="OnNegativeResponse" node="Script1"><call id="nev17456746n2-nev18184886n1" method="Run" node="VCC-351907"/></eventhandler><eventhandler id="nev17456746n2-nev18184887n1" name="OnNegativeResponse" node="Security access - unlock!"><call id="nev17456746n2-nev18184888n1" method="Enable" node="Aktivera_knapp"/></eventhandler><eventhandler id="nev17456746n2-nev18184889n1" name="OnNoResponse" node="Security access - unlock!"><call id="nev17456746n2-nev18184890n1" method="Enable" node="Aktivera_knapp"/></eventhandler><eventhandler id="nev17456746n2-nev18184891n1" name="OnPositiveResponse" node="Security access - unlock!"><call id="nev17456746n2-nev18184892n1" method="Enable" node="Aktivera_knapp"/></eventhandler><eventhandler id="nev17456746n2-nev18184893n1" name="OnNoContact" node="Security access - unlock!"><call id="nev17456746n2-nev18184894n1" method="Enable" node="Aktivera_knapp"/></eventhandler><eventhandler id="nev17456746n2-nev18184895n1" name="OnNoContact" node="Extended session - 1003"><call id="nev17456746n2-nev18184896n1" method="Execute" node="Security access - unlock!"/></eventhandler><eventhandler id="nev17456746n2-nev18184897n1" name="OnNegativeResponse" node="Extended session - 1003"><call id="nev17456746n2-nev18184898n1" method="Execute" node="Security access - unlock!"/></eventhandler><eventhandler id="nev17456746n2-nev18184899n1" name="OnNoResponse" node="Extended session - 1003"><call id="nev17456746n2-nev18184900n1" method="Execute" node="Security access - unlock!"/></eventhandler><eventhandler id="nev17456746n2-nev18184901n1" name="OnPositiveResponse" node="Extended session - 1003"><call id="nev17456746n2-nev18184902n1" method="Execute" node="Security access - unlock!"/></eventhandler><eventhandler id="nev17456746n2-nev18184903n1" name="OnNoContact" node="1001"><call id="nev17456746n2-nev18184904n1" method="CloseDialog" node="Close dialog"/></eventhandler><eventhandler id="nev17456746n2-nev18184905n1" name="OnNegativeResponse" node="1001"><call id="nev17456746n2-nev18184906n1" method="CloseDialog" node="Close dialog"/></eventhandler><eventhandler id="nev17456746n2-nev18184907n1" name="OnPositiveResponse" node="1001"><call id="nev17456746n2-nev18184908n1" method="CloseDialog" node="Close dialog"/></eventhandler><eventhandler id="nev17456746n2-nev18184909n1" name="OnNoResponse" node="1001"><call id="nev17456746n2-nev18184910n1" method="CloseDialog" node="Close dialog"/></eventhandler><eventhandler id="nev17456746n2-nev18184911n1" name="Click" node="Aktivera_knapp"><call id="nev17456746n2-nev18184912n1" method="Disable" node="Avsluta_knapp"/><call id="nev17456746n2-nev18184913n1" method="Execute" node="VehComm1"/></eventhandler><eventhandler id="nev17456746n2-nev18184914n1" name="Click" node="Avsluta_knapp"><call id="nev17456746n2-nev18184915n1" method="Execute" node="Default session - 1001"/><call id="nev17456746n2-nev18184916n1" method="CloseDialog" node="Script1"/></eventhandler><propertyhandler id="nev17456746n2-nev18184917n1" name="Content" node="InfoDisplayContent1"><set id="nev17456746n2-nev18184918n1" node="InfoDisplay1" property="Content"/></propertyhandler></handlers></content></script>