<?xml version="1.0" encoding="UTF-8"?><servinfosub IE-ID="en-US0900c8af80542313" docno="VCC-143090" id="KC01651381" xml:lang="en-US">
<title>Ventilation hos#@#@#17#lling</title>
<procedure>
<procstep>
<title>Installing a ve#@#@#9# hose</title>
<grate>
<graphic id="KC06793909">
<href>0900c8af80124b7#@#@#9#.jpeg</href>
</graphic>
<graphtext>
<para>
<ptxt>Remove the cove#@#@#14#tery.</ptxt>
</para>
<para>
<ptxt>Clean the top a#@#@#84# (B).</ptxt>
</para>
<para>
<ptxt>Press the elbow#@#@#166#tray.</ptxt>
</para>
<note>
<ptxt>Check that the #@#@#100#ated.</ptxt>
</note>
<note>
<ptxt>Ensure that the#@#@#28#pped.</ptxt>
</note>
</graphtext>
</grate>
</procstep>
<procstep>
<title>Routing the ven#@#@#34#tment</title>
<grate>
<graphic id="KC06793910">
<href>0900c8af80124b8#@#@#9#.jpeg</href>
</graphic>
<graphtext>
<para>
<ptxt>Remove the batt#@#@#18# (A).</ptxt>
</para>
<para>
<ptxt>Position the ve#@#@#153# (C).</ptxt>
</para>
<note>
<ptxt>Check that the #@#@#45#ded.
</ptxt>
</note>
<list1 enumtype="d" type="unordered">
<title>Reinstall:</title>
<item>
<ptxt>the battery sec#@#@#10#p (A)</ptxt>
</item>
<item>
<ptxt>the cover over #@#@#7#tery.</ptxt>
</item>
</list1>
<note>
<ptxt>Verify the cove#@#@#31#hose.</ptxt>
</note>
</graphtext>
</grate>
</procstep>
<procstep>
<title/>
<grate>
<graphic id="KC06793911">
<href>0900c8af80124b7#@#@#9#.jpeg</href>
</graphic>
<graphtext>
<para>
<ptxt>Position the ve#@#@#82# car.</ptxt>
</para>
<para>
<ptxt>Install the hos#@#@#55#d E).</ptxt>
</para>
<note>
<ptxt>Ensure that the#@#@#28#pped.</ptxt>
</note>
<warning>
<ptxt>PROPOSITION 65 </ptxt>
<ptxt>Battery posts, #@#@#171#ling.</ptxt>
</warning>
</graphtext>
</grate>
</procstep>
</procedure>
</servinfosub>