<?xml version="1.0" encoding="UTF-8"?><diagnostic IE-ID="en-US0900c8af81458707" docno="VCC-156489" id="KC03345926" type="test" xml:lang="en-US">
<title>
<phrase category="" id="KC09519535" phrase-urn="urn:x-nevis:phrase:0800c8af82712c47">Verification</phrase>
</title>
<testgrp IE-ID="en-US0900c8af81458707_KC03345927" id="KC03345927" j2008use="1" paperuse="1" resumable="1" screenuse="1" testgrp-id="verifnode" x="120" y="120">
<title>
<phrase category="" id="KC09519536" phrase-urn="urn:x-nevis:phrase:0800c8af82712c48">Verification</phrase>
</title>
<node>
<test1>
<hint>
<ptxt>
<phrase category="" id="KC09519537" phrase-urn="urn:x-nevis:phrase:0800c8af82712c49">After carrying #@#@#50#died.</phrase>
</ptxt>
</hint>
<diaglist>
<dgraphic>
<dgraphic1>
<graphic id="KC09519538">
<href>0900c8af80054d5#@#@#9#.jpeg</href>
</graphic>
</dgraphic1>
<dgraphic2>
<graphic id="KC09519539">
<href>0900c8af80054d7#@#@#9#.jpeg</href>
</graphic>
</dgraphic2>
</dgraphic>
<ditem>
<ptxt>
<phrase category="" id="KC09519540" phrase-urn="urn:x-nevis:phrase:0800c8af82712c4a">Ignition off</phrase>
</ptxt>
</ditem>
<ditem>
<ptxt>
<phrase category="" id="KC09519541" phrase-urn="urn:x-nevis:phrase:0800c8af82712c4b">Reinstall the c#@#@#21# etc.</phrase>
</ptxt>
</ditem>
<ditem>
<ptxt>
<phrase category="" id="KC09519542" phrase-urn="urn:x-nevis:phrase:0800c8af82712c4c">Ignition on.</phrase>
</ptxt>
</ditem>
</diaglist>
<test2>
<para>
<ptxt>
<phrase category="" id="KC09519543" phrase-urn="urn:x-nevis:phrase:0800c8af82712c4d">Activate the ai#@#@#22#elay.</phrase>
</ptxt>
<ptxt>
<phrase category="" id="KC09519544" phrase-urn="urn:x-nevis:phrase:0800c8af82712c4e">A “clicking sou#@#@#123#ated.</phrase>
</ptxt>
</para>
<diaglist>
<dgraphic>
<dgraphic2>
<graphic id="KC09519545">
<href>0900c8af86c8681#@#@#9#.jpeg</href>
</graphic>
<smarttool active="press" id="KC09519546" toolname="YECM6028"/>
</dgraphic2>
</dgraphic>
<ditem>
<ditemtext>
<ptxt>
<phrase category="" id="KC09519547" phrase-urn="urn:x-nevis:phrase:0800c8af82712c4f"/>
</ptxt>
</ditemtext>
</ditem>
</diaglist>
</test2>
</test1>
<question>
Is the functio#@#@#1# OK?
</question>
<resact-grp>
<result button="yes" comp="button" highlight="0"/>
<action j2008use="1" paperuse="1" screenuse="1">
<return value="VERIFIED"/>
</action>
</resact-grp>
<resact-grp>
<result button="no" comp="button" highlight="0"/>
<action j2008use="1" paperuse="1" screenuse="1">
<return value="VERIFICATION FAILED"/>
</action>
</resact-grp>
</node>
</testgrp>
</diagnostic>