<?xml version="1.0" encoding="UTF-8"?><servinfosub IE-ID="en-US0900c8af864ba707" docno="VCC-462151" id="nev19323274n1" xml:lang="en-US">
<title>
<phrase category="Title" id="nev19323274n2" phrase-urn="urn:x-nevis:phrase:0800c8af81eb9a54">Diagnostic trou#@#@#21#ation</phrase>
<phrase category="Prefix" id="nev19323274n3" phrase-urn="urn:x-nevis:phrase:0800c8af8015c3f5">ECM</phrase>-P050429</title>
<diagnostic j2008use="1" paperuse="1" screenuse="1" type="condition">
<condgrp>
<condition type="condition">
<grate id="nev19323274n4">
<graphic id="nev19323274n5">
<href>0900c8af804456a#@#@#9#.jpeg</href>
</graphic>
</grate>
<para id="nev19323274n6">
<ptxt id="nev19323274n7">
<phrase category="Condition" id="nev19323274n8" phrase-urn="urn:x-nevis:phrase:0800c8af85928d5c">Engine control #@#@#76#ches.</phrase>
<phrase category="Condition" id="nev19323274n9" phrase-urn="urn:x-nevis:phrase:0800c8af85928d5e">Both brake ligh#@#@#85#ECM).</phrase>
<phrase category="Condition" id="nev19323274n10" phrase-urn="urn:x-nevis:phrase:0800c8af85928d5f">The brake light#@#@#77#CEM).</phrase>
</ptxt>
</para>
<hint id="nev19323275n1">
<ptxt id="nev19323275n2">
<phrase category="Condition" id="nev19323275n3" phrase-urn="urn:x-nevis:phrase:0800c8af85928d64">The brake light#@#@#63#nent.</phrase>
</ptxt>
</hint>
<para id="nev19323275n4">
<ptxt id="nev19323275n5">
<phrase category="Condition" id="nev19323275n6" phrase-urn="urn:x-nevis:phrase:0800c8af85928d66">Engine control #@#@#107#ment.</phrase>
<phrase category="Condition" id="nev19323275n7" phrase-urn="urn:x-nevis:phrase:0800c8af85928d68">The control mod#@#@#93#nals.</phrase>
</ptxt>
</para>
<para id="nev19323275n8">
<ptxt id="nev19323275n9">
<phrase category="Condition" id="nev19323275n10" phrase-urn="urn:x-nevis:phrase:0800c8af82c4843c">The diagnostic #@#@#59#that:</phrase>
</ptxt>
</para>
<list1 id="nev19323276n1">
<item id="nev19323276n2">
<ptxt id="nev19323276n3">
<phrase category="Condition" id="nev19323276n4" phrase-urn="urn:x-nevis:phrase:0800c8af85bc7494">The pedal posit#@#@#108#ions.</phrase>
</ptxt>
</item>
</list1>
<para id="nev19323276n5">
<ptxt id="nev19323276n6">
<phrase category="Condition" id="nev19323276n7" phrase-urn="urn:x-nevis:phrase:0800c8af82c479d6">The control mod#@#@#67#t of:</phrase>
</ptxt>
</para>
<list1 id="nev19323276n8">
<item id="nev19323276n9">
<ptxt id="nev19323276n10">
<phrase category="Faulttracing" id="nev19323277n1" phrase-urn="urn:x-nevis:phrase:0800c8af81976d4a">Ignition on.</phrase>
</ptxt>
</item>
<item id="nev19323277n2">
<ptxt id="nev19323277n3">
<phrase category="Condition" id="nev19323277n4" phrase-urn="urn:x-nevis:phrase:0800c8af85928da7">Brake pedal act#@#@#2#tion.</phrase>
</ptxt>
</item>
</list1>
<note id="nev19323277n5">
<ptxt id="nev19323277n6">
<phrase category="Condition" id="nev19323277n7" phrase-urn="urn:x-nevis:phrase:0800c8af82c4844b">The control mod#@#@#132# met.</phrase>
</ptxt>
</note>
</condition>
</condgrp>
<condgrp>
<condition type="substitution">
<list1 enumtype="d" type="unordered">
<item>
<ptxt>
<phrase category="Substitution" id="nev19323277n8" phrase-urn="urn:x-nevis:phrase:0800c8af836ecaec">Cruise control #@#@#57#cted.</phrase>
</ptxt>
</item>
<item id="nev19323277n9">
<ptxt id="nev19323277n10">
<phrase category="Substitution" id="nev19323278n1" phrase-urn="urn:x-nevis:phrase:0800c8af849262e2">The function fo#@#@#35# off.</phrase>
</ptxt>
</item>
<item id="nev19323282n100">
<ptxt id="nev19323282n99">
<phrase category="Faulttracing" id="nev19323295n1" phrase-urn="urn:x-nevis:phrase:0800c8af85e0b29d">The vehicle's p#@#@#78#time.</phrase>
</ptxt>
</item>
</list1>
</condition>
<ps>
<list1 enumtype="d" type="unordered">
<item id="nev19323296n100">
<ptxt id="nev19323296n99">
<phrase category="Faulttracing" id="nev19323339n1" phrase-urn="urn:x-nevis:phrase:0800c8af85e0b33a">Brake lamp swit#@#@#51#lled.</phrase>
</ptxt>
</item>
<item id="nev19323278n5">
<ptxt id="nev19323278n6">
<phrase category="Possible source" id="nev19323278n7" phrase-urn="urn:x-nevis:phrase:0800c8af81eb9604">Contact resista#@#@#29#nals.</phrase>
</ptxt>
</item>
<item id="nev19323278n8">
<ptxt id="nev19323278n9">
<phrase category="Possible source" id="nev19323278n10" phrase-urn="urn:x-nevis:phrase:0800c8af8593075d">Open-circuit to#@#@#54#tact.</phrase>
</ptxt>
</item>
<item id="nev19323279n1">
<ptxt id="nev19323279n2">
<phrase category="Possible source" id="nev19323279n3" phrase-urn="urn:x-nevis:phrase:0800c8af8593075e">Open-circuit, s#@#@#111#tact.</phrase>
</ptxt>
</item>
<item id="nev19323279n4">
<ptxt id="nev19323279n5">
<phrase category="Possible source" id="nev19323279n6" phrase-urn="urn:x-nevis:phrase:0800c8af859306fa">Damaged brake l#@#@#30#itch.</phrase>
</ptxt>
</item>
</list1>
</ps>
</condgrp>
<condgrp>
<condition type="symptom">
<list1 enumtype="d" type="unordered">
<item id="nev19323279n7">
<ptxt id="nev19323279n8">
<phrase category="Symptom CSC" id="nev19323279n9" phrase-urn="urn:x-nevis:phrase:0800c8af8388f137">IV, Text window#@#@#27#ssage</phrase>
</ptxt>
</item>
<item id="nev19323279n10">
<ptxt id="nev19323280n1">
<phrase category="Symptom CSC" id="nev19323280n2" phrase-urn="urn:x-nevis:phrase:0800c8af8388f03d">AR, Cruise cont#@#@#38#gages</phrase>
</ptxt>
</item>
<item id="nev19323280n3">
<ptxt id="nev19323280n4">
<phrase category="Symptom CSC" id="nev19323280n5" phrase-urn="urn:x-nevis:phrase:0800c8af8388f039">AQ, Cruise cont#@#@#14#ngage</phrase>
</ptxt>
</item>
<item id="nev19323280n6">
<ptxt id="nev19323280n7">
<phrase category="Symptom CSC" id="nev19323280n8" phrase-urn="urn:x-nevis:phrase:0800c8af84917216">3M, Driving/Aut#@#@#36# work</phrase>
</ptxt>
</item>
<item id="nev19323280n9">
<ptxt id="nev19323280n10">
<phrase category="Symptom CSC" id="nev19323281n1" phrase-urn="urn:x-nevis:phrase:0800c8af84917218">3N, Idling/Auto#@#@#35# work</phrase>
</ptxt>
</item>
</list1>
</condition>
</condgrp>
</diagnostic>
</servinfosub>