<?xml version="1.0" encoding="UTF-8"?><servinfosub IE-ID="en-US0900c8af806aa41e" docno="VCC-151990" id="KC02014547" xml:lang="en-US">
<title>Battery, replacing</title>
<procedure>
<note>
<ptxt>As the illustra#@#@#181#rect.</ptxt>
</note>
<stepgrp id="KC02051685">
<title>Removal</title>
<procstep id="KC02051686">
<title>Removing, right#@#@#5# side</title>
<grate>
<graphic id="KC07584158">
<href>0900c8af806aa43#@#@#9#.jpeg</href>
</graphic>
<graphtext>
<para>
<ptxt>Remove the lock#@#@#8#rews.</ptxt>
</para>
<para>
<ptxt>Lift out the locker.</ptxt>
</para>
</graphtext>
</grate>
</procstep>
<procstep id="KC02051687">
<title>Removing, left-#@#@#4# side</title>
<grate>
<graphic id="KC07584159">
<href>0900c8af806aa43#@#@#9#.jpeg</href>
</graphic>
<graphtext>
<para>
<ptxt>Switch on the p#@#@#11# (1).</ptxt>
</para>
<para>
<ptxt>Lift up the fra#@#@#37# (2).</ptxt>
</para>
</graphtext>
</grate>
<note>
<ptxt>Place wooden bl#@#@#35#her. </ptxt>
</note>
</procstep>
<procstep id="KC02051688">
<title>Removing the hy#@#@#9#iston</title>
<grate>
<graphic id="KC07584160">
<href>0900c8af806aa43#@#@#9#.jpeg</href>
</graphic>
<graphtext>
<list1 enumtype="d" type="unordered">
<title>Remove:</title>
<item>
<ptxt>the screw for t#@#@#18#n (1)</ptxt>
</item>
<item>
<ptxt>the 2 screws (2).</ptxt>
</item>
</list1>
</graphtext>
</grate>
<grate>
<graphic id="KC07584161">
<href>0900c8af806aa43#@#@#9#.jpeg</href>
</graphic>
<graphtext>
<para>
<ptxt>Press back the #@#@#12#ston.</ptxt>
</para>
<para>
<ptxt>Fold the seat f#@#@#2#ward.</ptxt>
</para>
<para>
<ptxt>Remove the cover.</ptxt>
</para>
</graphtext>
</grate>
</procstep>
<procstep id="KC02051689">
<title>Removing the battery</title>
<grate>
<graphic id="KC07584162">
<href>0900c8af806aa43#@#@#9#.jpeg</href>
</graphic>
<graphtext>
<note>
<ptxt>Check the perfo#@#@#67#See: <xref>
<ref id="KC07584163"/>
</xref>. </ptxt>
</note>
<para>
<ptxt>Remove the drai#@#@#34#tery.</ptxt>
</para>
<para>
<ptxt>Disconnect the #@#@#15#See: <xref>
<ref id="KC07584164"/>
</xref>. </ptxt>
</para>
<para>
<ptxt>Remove the scre#@#@#16#ings.</ptxt>
</para>
<para>
<ptxt>Lift out the ba#@#@#1#tery.</ptxt>
</para>
</graphtext>
</grate>
</procstep>
</stepgrp>
<stepgrp id="KC02051690">
<title>Installation</title>
<note>
<ptxt>For tightening #@#@#9#see: <xref>
<ref id="KC07584165"/>
</xref>. </ptxt>
</note>
<procstep id="KC02051691">
<title>Installing the #@#@#2#ttery</title>
<caution>
<ptxt>When connecting#@#@#38#See: <xref>
<ref id="KC07584166"/>
</xref>.</ptxt>
</caution>
<list1 enumtype="d" type="unordered">
<title>Install:</title>
<item>
<ptxt>the M6 screws f#@#@#18#nting</ptxt>
</item>
<item>
<ptxt>the battery con#@#@#19#See: <xref>
<ref id="KC07584167"/>
</xref>. </ptxt>
</item>
</list1>
<para>
<ptxt>Install the cover.</ptxt>
</para>
<para>
<ptxt>Push the hydrau#@#@#103#rews.</ptxt>
</para>
<para>
<ptxt>Fold back the seat.</ptxt>
</para>
<para>
<ptxt>Install the cov#@#@#14#rews.</ptxt>
</para>
<note>
<ptxt>Remove the wood#@#@#39#cher.</ptxt>
</note>
<para>
<ptxt>Lower the rear #@#@#31#cher.</ptxt>
</para>
<para>
<ptxt>Switch off the #@#@#8#pply.</ptxt>
</para>
</procstep>
<procstep id="KC02051692">
<title>Installing the #@#@#1#ocker</title>
<para>
<ptxt>Lift in the locker.</ptxt>
</para>
<para>
<ptxt>Install the 2 x#@#@#7#rews.</ptxt>
</para>
</procstep>
</stepgrp>
</procedure>
</servinfosub>