<?xml version="1.0" encoding="UTF-8"?><servinfosub IE-ID="en-US0900c8af80689f07" docno="VCC-082247" id="KC02022010" xml:lang="en-US">
<title>
<phrase category="" id="KC08548032" phrase-urn="urn:x-nevis:phrase:0800c8af81dde156">Checking trip c#@#@#2#puter</phrase>
</title>
<diagnostic type="test">
<testgrp IE-ID="en-US0900c8af80689f07_KC02022011" id="KC02022011" j2008use="1" paperuse="1" resumable="1" screenuse="1" testgrp-id="info" x="120" y="80">
<title>
<phrase category="" id="KC08548033" phrase-urn="urn:x-nevis:phrase:0800c8af81dde157"/>
</title>
<subcalloutnode>
<diagcallout>
<xref>
<ref id="KC08548034"/>
</xref>
</diagcallout>
<rescall-grp>
<result comp="string" highlight="0" op="eq" return="YES"/>
<calloutaction>
<ptxt>
<xref>
<ref id="KC08548035"/>
</xref>
</ptxt>
</calloutaction>
</rescall-grp>
<rescall-grp>
<result comp="string" highlight="0" op="eq" return="NO"/>
<calloutaction>
<return value="FAULTTRACING FAILED"/>
</calloutaction>
</rescall-grp>
</subcalloutnode>
</testgrp>
<testgrp id="KC02022012" j2008use="1" paperuse="1" resumable="1" screenuse="1" testgrp-id="b1" x="120" y="160">
<title>
<phrase category="" id="KC08548036" phrase-urn="urn:x-nevis:phrase:0800c8af81dde158">Replacing a fau#@#@#12#puter</phrase>
</title>
<node>
<test1>
<test2>
<ptxt>
<phrase category="" id="KC08548037" phrase-urn="urn:x-nevis:phrase:0800c8af81dde159">Try a new trip #@#@#24#g to:</phrase>
</ptxt>
<list1>
<item>
<ptxt>
<phrase category="" id="KC08548038" phrase-urn="urn:x-nevis:phrase:0800c8af81dde15a">
<xref>
<ref id="KC08548039"/>
</xref>
</phrase>
</ptxt>
</item>
<item>
<ptxt>
<phrase category="" id="KC08548040" phrase-urn="urn:x-nevis:phrase:0800c8af81dde15b">
<xref>
<ref id="KC08548041"/>
</xref>
</phrase>
</ptxt>
</item>
<item>
<ptxt>
<phrase category="" id="KC08548042" phrase-urn="urn:x-nevis:phrase:0800c8af81dde15c">
<xref>
<ref id="KC08548043"/>
</xref>
</phrase>
</ptxt>
</item>
<item>
<ptxt>
<phrase category="" id="KC08548044" phrase-urn="urn:x-nevis:phrase:0800c8af81dde15d">
<xref>
<ref id="KC08548045"/>
</xref>
</phrase>
</ptxt>
</item>
<item>
<ptxt>
<phrase category="" id="KC08548046" phrase-urn="urn:x-nevis:phrase:0800c8af81dde15e">
<xref>
<ref id="KC08548047"/>
</xref>
</phrase>
</ptxt>
</item>
</list1>
<diaglist>
<dgraphic>
<dgraphic1>
<graphic id="KC08548048">
<href>0900c8af803f55f#@#@#9#.jpeg</href>
</graphic>
</dgraphic1>
</dgraphic>
</diaglist>
</test2>
</test1>
<question>Select "Continu#@#@#32#ied.
</question>
<resact-grp>
<result button="cont" comp="button" highlight="0"/>
<action j2008use="1" paperuse="1" screenuse="1">
<return value="FAULT FOUND"/>
</action>
</resact-grp>
</node>
</testgrp>
</diagnostic>
</servinfosub>