<?xml version="1.0" encoding="UTF-8"?><servinfosub IE-ID="en-US0900c8af85ab3a0c" docno="VCC-370308" id="nev13712249n1" original="sv-SE" servinfosubId="nev13712250n1-nev13712267n1" servinfosubRes="0900c8af85af40d1" servinfosubRes2="urn:x-nevis:fragment:0900c8af85ab3a0c:0900c8af85af40d1#nev13712267n1" xml:lang="en-US">
<operationnumbers>
<operationnumber>25121</operationnumber>
</operationnumbers>
<title id="nev13712246n58">Throttle body, #@#@#3#aning</title>
<materialtable id="nev13712250n1-nev18452181n80">
<table id="nev13712250n1-nev18452181n79">
<tgroup cols="2" id="nev13712250n1-nev18452181n78">
<colspec colname="COLSPEC0" colwidth="1.00*" id="nev13712250n1-nev18452181n77"/>
<colspec colname="COLSPEC1" colwidth="1.00*" id="nev13712250n1-nev18452181n76"/>
<thead id="nev13712250n1-nev18452181n75">
<row id="nev13712250n1-nev18452181n74">
<entry id="nev13712250n1-nev18452181n73" nameend="COLSPEC1" namest="COLSPEC0" valign="top">
<ptxt id="nev13712250n1-nev18452181n72">
<emph id="nev13712250n1-nev18452181n71">Materials</emph>
</ptxt>
</entry>
</row>
</thead>
<tbody id="nev13712250n1-nev18452181n70">
<row id="nev13712250n1-nev18452181n69">
<entry id="nev13712250n1-nev18452181n68">
<ptxt id="nev13712250n1-nev18452181n67">
<emph id="nev13712250n1-nev18452181n66">Designation</emph>
</ptxt>
</entry>
<entry id="nev13712250n1-nev18452181n65">
<ptxt id="nev13712250n1-nev18452181n64">
<emph id="nev13712250n1-nev18452181n63">Part number</emph>
</ptxt>
</entry>
</row>
<row id="nev13712250n1-nev18452181n62">
<entry id="nev13712250n1-nev18452181n61">
<ptxt id="nev13712250n1-nev18452181n60">Cleaner</ptxt>
</entry>
<entry id="nev13712250n1-nev18452181n58">
<ptxt id="nev13712250n1-nev18452181n57">31375489, (Chin#@#@#26#5488)</ptxt>
</entry>
</row>
</tbody>
</tgroup>
</table>
</materialtable>
<procedure id="nev13712250n1-nev13712266n73">
<stepgrp boilerplate="false" context="" id="nev13712250n1-nev18452181n88">
<title id="nev13712250n1-0800c8af844a46f6">Removal</title>
<procstep id="nev13712250n1-nev13712266n77">
<para id="nev13712250n1-nev18452181n86">
<ptxt id="nev13712250n1-nev18452181n87">Remove the thro#@#@#4# body<xref boilerplate="true" id="nev13712250n1-0800c8af84670320">
<ref id="nev13712250n1-nev14332321n93"/>
</xref>
</ptxt>
</para>
</procstep>
</stepgrp>
<stepgrp boilerplate="false" context="" id="nev13712250n1-nev18452181n85">
<title id="nev13712250n1-0800c8af844a4707">Cleaning</title>
<procstep id="nev13712250n1-nev18409990n95">
<grate id="nev13712250n1-nev18409990n93">
<graphic id="nev13712250n1-nev18409990n94">
<href>0900c8af857eaf7#@#@#9#.jpeg</href>
</graphic>
</grate>
</procstep>
<procstep id="nev13712250n1-nev14332306n96">
<grate id="nev13712250n1-nev18409990n91">
<graphic id="nev13712250n1-nev18409990n92">
<href>0900c8af8572e39#@#@#9#.jpeg</href>
</graphic>
<graphtext id="nev13712250n1-nev18452211n1">
<note id="nev13712250n1-0800c8af844a43a1">
<ptxt>Make sure that #@#@#47#rial.</ptxt>
</note>
<para id="nev13712250n1-nev18452181n83">
<ptxt id="nev13712250n1-nev18452181n84">
<material id="nev13712250n1-nev18409990n88" materialid="31375489, (China 31375490), (USA/CAN 31375488)" materialname="Cleaner" quantity="1.0"/>
</ptxt>
</para>
</graphtext>
</grate>
</procstep>
<procstep id="nev13712250n1-nev13712269n29">
<para id="nev13712250n1-nev18452181n81">
<ptxt id="nev13712250n1-nev18452181n82">Install throttl#@#@#1# body<xref boilerplate="true" id="nev13712250n1-0800c8af846bb0f6">
<ref id="nev13712250n1-nev14332321n79"/>
</xref>
</ptxt>
</para>
</procstep>
</stepgrp>
</procedure>
</servinfosub>