<?xml version="1.0" encoding="UTF-8"?><servinfosub IE-ID="en-US0900c8af81336512" docno="VCC-146773" id="KC03009099" xml:lang="en-US">
<title>
<phrase category="" id="KC07842212" phrase-urn="urn:x-nevis:phrase:0800c8af81bdcdb7">Diagnostic trou#@#@#30#-0042</phrase>
</title>
<diagnostic type="condition">
<condgrp>
<condition type="condition">
<grate>
<graphic id="KC07842213" width="column">
<href>0900c8af80056d3#@#@#9#.jpeg</href>
</graphic>
<graphtext>
<ptxt>
<phrase category="" id="KC07842214" phrase-urn="urn:x-nevis:phrase:0800c8af81bdcdb8">The oil tempera#@#@#634#DTC).</phrase>
</ptxt>
<para>
<ptxt>
<phrase category="" id="KC07842215" phrase-urn="urn:x-nevis:phrase:0800c8af81bdcdb9">The diagnostic #@#@#64#d on.</phrase>
</ptxt>
</para>
</graphtext>
</grate>
</condition>
</condgrp>
<condgrp>
<condition type="substitution">
<list1 enumtype="d" type="unordered">
<item>
<ptxt>
<phrase category="" id="KC07842216" phrase-urn="urn:x-nevis:phrase:0800c8af81bdcdba">The transmissio#@#@#54#0 °C.</phrase>
</ptxt>
</item>
</list1>
</condition>
<ps>
<list1 enumtype="d" type="unordered">
<item>
<ptxt>
<phrase category="" id="KC07842217" phrase-urn="urn:x-nevis:phrase:0800c8af81bdcdbb">Short-circuit t#@#@#23#cable</phrase>
</ptxt>
</item>
<item>
<ptxt>
<phrase category="" id="KC07842218" phrase-urn="urn:x-nevis:phrase:0800c8af81bdcdbc">The oil tempera#@#@#20# work</phrase>
</ptxt>
</item>
<item>
<ptxt>
<phrase category="" id="KC07842219" phrase-urn="urn:x-nevis:phrase:0800c8af81bdcdbd">The transmissio#@#@#59#ture.</phrase>
</ptxt>
</item>
</list1>
</ps>
</condgrp>
<condgrp>
<condition type="symptom">
<list1 enumtype="d" type="unordered">
<item>
<ptxt>
<phrase category="" id="KC07842220" phrase-urn="urn:x-nevis:phrase:0800c8af81bdcdbf">General warning#@#@#5# lit.</phrase>
</ptxt>
</item>
</list1>
</condition>
</condgrp>
</diagnostic>
</servinfosub>