<?xml version="1.0" encoding="UTF-8"?><servinfosub IE-ID="en-US0900c8af81090012" docno="VCC-152766" id="KC02723955" xml:lang="en-US">
<title>
<phrase category="" id="KC09452518" phrase-urn="urn:x-nevis:phrase:0800c8af8270946b">Internal fault</phrase>
</title>
<diagnostic j2008use="1" paperuse="1" screenuse="1" type="test">
<testgrp IE-ID="en-US0900c8af81090012_KC02757457" id="KC02757457" j2008use="1" paperuse="1" resumable="1" screenuse="1" testgrp-id="node1" x="120" y="80">
<title>
<phrase category="" id="KC09452519" phrase-urn="urn:x-nevis:phrase:0800c8af8270946d">Replacing the c#@#@#3#onent</phrase>
</title>
<node>
<test1>
<test2>
<para>
<ptxt>
<phrase category="" id="KC09452520" phrase-urn="urn:x-nevis:phrase:0800c8af8270946e">The phone modul#@#@#36#ault.</phrase>
</ptxt>
</para>
<para>
<ptxt>
<phrase category="" id="KC09452521" phrase-urn="urn:x-nevis:phrase:0800c8af8270946f">If the fault is#@#@#323#dule.</phrase>
</ptxt>
</para>
<para>
<ptxt>
<phrase category="" id="KC09452522" phrase-urn="urn:x-nevis:phrase:0800c8af82709470">In the event of#@#@#47# See <xref>
<ref id="KC09452523"/>
</xref>. </phrase>
</ptxt>
</para>
<para>
<ptxt>
<phrase category="" id="KC09452524" phrase-urn="urn:x-nevis:phrase:0800c8af82709471">Remedy as necessary.</phrase>
</ptxt>
</para>
<grate>
<graphic id="KC09452525">
<href>0900c8af804457d#@#@#9#.jpeg</href>
</graphic>
</grate>
</test2>
</test1>
<question>
Select Continue.
</question>
<resact-grp>
<result button="cont" comp="button" highlight="0"/>
<action j2008use="1" paperuse="1" screenuse="1">
<ptxt>
<xref>
<ref id="KC09452527"/>
</xref>
</ptxt>
</action>
</resact-grp>
</node>
</testgrp>
<testgrp id="KC02757458" j2008use="1" paperuse="1" resumable="1" screenuse="1" testgrp-id="info1" x="120" y="160">
<title>
<phrase category="" id="KC09452528" phrase-urn="urn:x-nevis:phrase:0800c8af82709474">Fault-tracing i#@#@#5#ation</phrase>
</title>
<subcalloutnode>
<diagcallout>
<xref>
<ref id="KC09452529"/>
</xref>
</diagcallout>
<rescall-grp>
<result comp="string" highlight="0" op="eq" return="NEW TRY"/>
<calloutaction>
<ptxt>
<xref>
<ref id="KC09452530"/>
</xref>
</ptxt>
</calloutaction>
</rescall-grp>
<rescall-grp>
<result comp="string" highlight="0" op="eq" return="FAULT FOUND"/>
<calloutaction>
<return value="DONE"/>
</calloutaction>
</rescall-grp>
</subcalloutnode>
</testgrp>
</diagnostic>
</servinfosub>