<?xml version="1.0" encoding="UTF-8"?><servinfosub IE-ID="en-US0900c8af838f1012" docno="VCC-306049" id="nev12262468n1" xml:lang="en-US">
<title>
<phrase category="" id="nev12262468n2" phrase-urn="urn:x-nevis:phrase:0800c8af81a9eea1">Diagnostic trou#@#@#31#273C </phrase>
</title>
<diagnostic type="condition">
<condgrp>
<condition type="condition">
<grate>
<graphic id="nev12262468n3" width="column">
<href>0900c8af804456c#@#@#9#.jpeg</href>
</graphic>
<graphtext>
<para>
<ptxt>
<phrase category="" id="nev12262468n4" phrase-urn="urn:x-nevis:phrase:0800c8af81a9eea2">The engine cont#@#@#68#CT). </phrase>
</ptxt>
<ptxt>
<phrase category="" id="nev12262468n5" phrase-urn="urn:x-nevis:phrase:0800c8af81a9eea3">A diagnostic tr#@#@#191#alue.</phrase>
</ptxt>
<ptxt>
<phrase category="" id="nev12262468n6" phrase-urn="urn:x-nevis:phrase:0800c8af81a9eea4">The diagnostic #@#@#64#d on.</phrase>
</ptxt>
</para>
</graphtext>
</grate>
</condition>
</condgrp>
<condgrp>
<condition type="substitution">
<list1 enumtype="d" type="unordered">
<item>
<ptxt>
<phrase category="" id="nev12262468n7" phrase-urn="urn:x-nevis:phrase:0800c8af81a9eea5">Initial boost p#@#@#2#ssure</phrase>
</ptxt>
</item>
<item>
<ptxt>
<phrase category="" id="nev12262468n8" phrase-urn="urn:x-nevis:phrase:0800c8af81a9eea6">The engine cool#@#@#184#abled</phrase>
</ptxt>
</item>
<item>
<ptxt>
<phrase category="" id="nev12262468n9" phrase-urn="urn:x-nevis:phrase:0800c8af81a9eea7">The engine cool#@#@#36#eed. </phrase>
</ptxt>
</item>
</list1>
</condition>
<ps>
<list1 enumtype="d" type="unordered">
<item>
<ptxt>
<phrase category="" id="nev12262468n10" phrase-urn="urn:x-nevis:phrase:0800c8af81a9eea8">Short-circuit t#@#@#23#cable</phrase>
</ptxt>
</item>
<item>
<ptxt>
<phrase category="" id="nev12262469n1" phrase-urn="urn:x-nevis:phrase:0800c8af81a9eeaa">Damaged tempera#@#@#7#nsor.</phrase>
</ptxt>
</item>
</list1>
</ps>
</condgrp>
<condgrp>
<condition type="symptom">
<list1 enumtype="d" type="unordered">
<item>
<ptxt>
<phrase category="" id="nev12262469n2" phrase-urn="urn:x-nevis:phrase:0800c8af81a9eeab">Malfunction ind#@#@#16#) lit</phrase>
</ptxt>
</item>
<item>
<ptxt>
<phrase category="" id="nev12262469n3" phrase-urn="urn:x-nevis:phrase:0800c8af81a9eeae">The engine is d#@#@#13#tart.</phrase>
</ptxt>
</item>
</list1>
</condition>
</condgrp>
</diagnostic>
</servinfosub>