<?xml version="1.0" encoding="UTF-8"?><servinfosub IE-ID="en-US0900c8af8042c012" docno="VCC-034465" id="KC01394789" xml:lang="en-US">
<title>
<phrase category="" id="KC08352476" phrase-urn="urn:x-nevis:phrase:0800c8af81dbf377">Connecting the #@#@#7#t box</phrase>
</title>
<diagnostic type="test">
<diagtools tooltype="sptools">
<toolitem id="KC08352477"/>
<toolitem id="KC08352478"/>
</diagtools>
<testgrp IE-ID="en-US0900c8af8042c012_KC01429035" id="KC01429035" j2008use="1" paperuse="1" screenuse="1" testgrp-id="info16" x="160" y="80">
<title>
<phrase category="" id="KC08352479" phrase-urn="urn:x-nevis:phrase:0800c8af81dbf378">Connecting the #@#@#33#ion) </phrase>
</title>
<node>
<test1>
<test2>
<grate>
<graphic id="KC08352480">
<href>0900c8af8005444#@#@#9#.jpeg</href>
</graphic>
</grate>
</test2>
</test1>
<question>Is the breakout#@#@#32#dule?</question>
<resact-grp>
<result button="yes" comp="button" highlight="0"/>
<action j2008use="1" paperuse="0" screenuse="1">
<return value="CONNECTED"/>
</action>
</resact-grp>
<resact-grp>
<result button="no" comp="button" highlight="0"/>
<action j2008use="1" paperuse="1" screenuse="1">
<ptxt>
<xref>
<ref id="KC08352481"/>
</xref>
</ptxt>
</action>
</resact-grp>
</node>
</testgrp>
<testgrp id="KC01429036" j2008use="1" paperuse="1" resumable="1" screenuse="1" testgrp-id="gb1" x="120" y="160">
<title>
<phrase category="" id="KC08352482" phrase-urn="urn:x-nevis:phrase:0800c8af81dbf379">Connecting the #@#@#7#t box</phrase>
</title>
<subcalloutnode>
<diagcallout>
<xref>
<ref id="KC08352483"/>
</xref>
</diagcallout>
<rescall-grp>
<result comp="string" highlight="0" op="eq" return="DONE"/>
<calloutaction>
<ptxt>
<xref>
<ref id="KC08352484"/>
</xref>
</ptxt>
</calloutaction>
</rescall-grp>
</subcalloutnode>
</testgrp>
<testgrp id="KC01429037" j2008use="1" paperuse="1" resumable="1" screenuse="1" testgrp-id="gb2" x="120" y="240">
<title>
<phrase category="" id="KC08352485" phrase-urn="urn:x-nevis:phrase:0800c8af81dbf37a">Checking ground#@#@#5#inals</phrase>
</title>
<node>
<test1>
<diaglist>
<dgraphic>
<dgraphic1>
<graphic id="KC08352486">
<href>0900c8af80054d4#@#@#9#.jpeg</href>
</graphic>
</dgraphic1>
<dgraphic3>
<graphic id="KC08352487">
<href>0900c8af80054cc#@#@#9#.jpeg</href>
</graphic>
</dgraphic3>
</dgraphic>
<ditem>
<ptxt>
<phrase category="" id="KC08352488" phrase-urn="urn:x-nevis:phrase:0800c8af81dbf37b">Ignition off.</phrase>
</ptxt>
</ditem>
<ditem>
<ptxt>
<phrase category="" id="KC08352489" phrase-urn="urn:x-nevis:phrase:0800c8af81dbf37c">Control module #@#@#8#cted.</phrase>
</ptxt>
</ditem>
<ditem>
<ptxt>
<phrase category="" id="KC08352490" phrase-urn="urn:x-nevis:phrase:0800c8af81dbf37d">Turn of all equ#@#@#85#etc).</phrase>
</ptxt>
</ditem>
</diaglist>
<test2>
<ptxt>
<phrase category="" id="KC08352491" phrase-urn="urn:x-nevis:phrase:0800c8af81dbf37e">Connect an ohmm#@#@#42# and:</phrase>
</ptxt>
<ptxt>
<phrase category="" id="KC08352492" phrase-urn="urn:x-nevis:phrase:0800c8af81dbf37f">#20 (#A20) on t#@#@#10#t box</phrase>
</ptxt>
<ptxt>
<phrase category="" id="KC08352493" phrase-urn="urn:x-nevis:phrase:0800c8af81dbf375">#29 (#A29) on t#@#@#11# box.</phrase>
</ptxt>
<diaglist>
<dgraphic>
<dgraphic1>
<graphic id="KC08352494">
<href>0900c8af8005444#@#@#9#.jpeg</href>
</graphic>
</dgraphic1>
<dgraphic2>
<graphic id="KC08352495">
<href>0900c8af80054d4#@#@#9#.jpeg</href>
</graphic>
<smarttool id="KC08352496" toolname="ODA"/>
</dgraphic2>
</dgraphic>
<ditem>
<ditemtext>
<ptxt>
<phrase category="" id="KC08352497" phrase-urn="urn:x-nevis:phrase:0800c8af81dbf376"/>
</ptxt>
</ditemtext>
</ditem>
</diaglist>
</test2>
</test1>
<question>The ohmmeter sh#@#@#39#ings
</question>
<resact-grp>
<result button="ok" comp="button" highlight="0"/>
<action j2008use="1" paperuse="1" screenuse="1">
<return value="FAULT NOT FOUND"/>
</action>
</resact-grp>
<resact-grp>
<result button="notok" comp="button" highlight="0"/>
<action j2008use="1" paperuse="1" screenuse="1">
<ptxt>
<xref>
<ref id="KC08352498"/>
</xref>
</ptxt>
</action>
</resact-grp>
</node>
</testgrp>
<testgrp id="KC01429038" j2008use="1" paperuse="1" resumable="1" screenuse="1" testgrp-id="gb2-1" x="280" y="240">
<title>
<phrase category="" id="KC08352499" phrase-urn="urn:x-nevis:phrase:0800c8af81dbf36f">Checking for an#@#@#42#ation</phrase>
</title>
<node>
<test1>
<test2>
<ptxt>
<phrase category="" id="KC08352500" phrase-urn="urn:x-nevis:phrase:0800c8af81dbf370">Check ground te#@#@#121#g to <xref>
<ref id="KC08352501"/>
</xref> , and contact #@#@#33#g to <xref>
<ref id="KC08352502"/>
</xref>.</phrase>
</ptxt>
<ptxt>
<phrase category="" id="KC08352503" phrase-urn="urn:x-nevis:phrase:0800c8af81dbf371">Check ground le#@#@#60#g to <xref>
<ref id="KC08352504"/>
</xref> , and contact #@#@#33#g to <xref>
<ref id="KC08352505"/>
</xref>. </phrase>
</ptxt>
<diaglist>
<dgraphic>
<dgraphic2>
<graphic id="KC08352506">
<href>0900c8af80054d4#@#@#9#.jpeg</href>
</graphic>
<smarttool active="press" id="KC08352507" toolname="ODAH"/>
</dgraphic2>
</dgraphic>
<ditem>
<ditemtext>
<ptxt>
<phrase category="" id="KC08352508" phrase-urn="urn:x-nevis:phrase:0800c8af81dbf372"/>
</ptxt>
</ditemtext>
</ditem>
</diaglist>
<grate>
<graphic id="KC08352509">
<href>0900c8af80056cb#@#@#9#.jpeg</href>
</graphic>
</grate>
</test2>
</test1>
<question>Select "Continu#@#@#31#ired.</question>
<resact-grp>
<result button="cont" comp="button" highlight="0"/>
<action j2008use="1" paperuse="1" screenuse="1">
<ptxt>
<xref>
<ref id="KC08352510"/>
</xref>
</ptxt>
</action>
</resact-grp>
</node>
</testgrp>
<testgrp id="KC01429039" j2008use="1" paperuse="1" resumable="1" screenuse="1" testgrp-id="verigb" x="600" y="80">
<title>
<phrase category="" id="KC08352511" phrase-urn="urn:x-nevis:phrase:0800c8af81dbf373">Verification</phrase>
</title>
<subcalloutnode>
<diagcallout>
<xref>
<ref id="KC08352512"/>
</xref>
</diagcallout>
<rescall-grp>
<result comp="string" highlight="0" op="eq" return="VERIFIED"/>
<calloutaction>
<return value="FAULT FOUND"/>
</calloutaction>
</rescall-grp>
<rescall-grp>
<result comp="string" op="eq" return="VERIFICATION FAILED"/>
<calloutaction>
<ptxt>
<xref>
<ref id="KC08352513"/>
</xref>
</ptxt>
</calloutaction>
</rescall-grp>
</subcalloutnode>
</testgrp>
<testgrp id="KC01429040" j2008use="1" paperuse="1" resumable="1" screenuse="1" testgrp-id="info1" x="760" y="80">
<title>
<phrase category="" id="KC08352514" phrase-urn="urn:x-nevis:phrase:0800c8af81dbf374">Fault-tracing i#@#@#5#ation</phrase>
</title>
<subcalloutnode>
<diagcallout>
<xref>
<ref id="KC08352515"/>
</xref>
</diagcallout>
<rescall-grp>
<result comp="string" highlight="0" op="eq" return="NEW TRY"/>
<calloutaction>
<ptxt>
<xref>
<ref id="KC08352516"/>
</xref>
</ptxt>
</calloutaction>
</rescall-grp>
<rescall-grp>
<result comp="string" highlight="0" op="eq" return="FAULTTRACING FAILED"/>
<calloutaction>
<return value="FAULTTRACING FAILED"/>
</calloutaction>
</rescall-grp>
</subcalloutnode>
</testgrp>
</diagnostic>
</servinfosub>