<?xml version="1.0" encoding="UTF-8"?><servinfosub IE-ID="en-US0900c8af804a4012" docno="VCC-092736" id="KC01419317" servinfosubId="nev20684218n1-nev20684218n2" servinfosubRes="0900c8af862b9aec" servinfosubRes2="urn:x-nevis:fragment:0900c8af804a4012:0900c8af862b9aec#nev20684218n2" xml:lang="en-US">
<title>Relays in passe#@#@#48#tible</title>
<grate>
<graphic id="nev20684218n1-KC08604067">
<href>0900c8af803f543#@#@#9#.jpeg</href>
</graphic>
<graphtext>
<list1 enumtype="n" type="unordered">
<title>Position of rel#@#@#48#unit:</title>
<item>
<ptxt>201 Fog lamp relay.</ptxt>
</item>
<item>
<ptxt>202 Alarm horn #@#@#1#elay.</ptxt>
</item>
<item>
<ptxt>203 Intermitten#@#@#9#elay.</ptxt>
</item>
<item>
<ptxt>204 Warnings bu#@#@#9#-top.</ptxt>
</item>
<item>
<ptxt>205 Opener trun#@#@#1# lid.</ptxt>
</item>
<item>
<ptxt>206 Left side w#@#@#7#elay.</ptxt>
</item>
<item>
<ptxt>207 Exhaust tem#@#@#17#elay.</ptxt>
</item>
<item>
<ptxt>208 Rear demist#@#@#24#elay.</ptxt>
</item>
<item>
<ptxt>210 Right side #@#@#8#elay.</ptxt>
</item>
<item>
<ptxt>212 Seat belt r#@#@#9#elay.</ptxt>
</item>
<item>
<ptxt>213 Front fog l#@#@#17#ctor.</ptxt>
</item>
<item>
<ptxt>214 Automatic f#@#@#26#dule.</ptxt>
</item>
</list1>
</graphtext>
</grate>
</servinfosub>