<?xml version="1.0" encoding="UTF-8"?><servinfosub IE-ID="en-US0900c8af86392012" docno="VCC-370833" id="nev13716431n1" original="sv-SE" servinfosubId="nev13716432n1-nev20891487n1" servinfosubRes="0900c8af867dfe37" servinfosubRes2="urn:x-nevis:fragment:0900c8af86392012:0900c8af867dfe37#nev20891487n1" xml:lang="en-US">
<operationnumbers>
<operationnumber>72304-2</operationnumber>
</operationnumbers>
<title id="nev13716430n28">Spring</title>
<procedure id="nev13716432n1-nev21867913n86">
<stepgrp boilerplate="false" context="" id="nev13716432n1-nev21867913n85">
<title id="nev13716432n1-nev21867913n84">Removal and Ins#@#@#4#ation</title>
<procstep id="nev13716432n1-nev21867913n83">
<para id="nev13716432n1-nev21867913n79">
<ptxt id="nev13716432n1-nev21867913n81">Follow the inst#@#@#28#orber<xref boilerplate="true" id="nev13716432n1-nev21867913n82">
<ref id="nev13716432n1-nev21867913n80"/>
</xref>
</ptxt>
</para>
</procstep>
</stepgrp>
</procedure>
</servinfosub>