<?xml version="1.0" encoding="UTF-8"?><servinfosub IE-ID="en-US0900c8af84cf6012" docno="VCC-408181" id="nev15270246n1" xml:lang="en-US">
<title id="nev15270246n2">Engine cooling #@#@#14#acing</title>
<imagedisclaimer id="nev15270246n3"/>
<procedure id="nev15270246n4">
<stepgrp boilerplate="true" context="removal" id="nev15270246n5">
<procstep id="nev15270246n6">
<title id="nev15270246n7"/>
<note id="nev15270246n8">
<ptxt id="nev15270246n9">Removal steps i#@#@#45#ails.</ptxt>
</note>
<grate id="nev15270246n10">
<graphic id="nev15270247n1">
<href>0900c8af836063c#@#@#9#.jpeg</href>
</graphic>
</grate>
</procstep>
<procstep id="nev15270247n2">
<title id="nev15270247n3"/>
<grate id="nev15270247n4">
<graphic id="nev15270247n5">
<href>0900c8af8362c0a#@#@#9#.jpeg</href>
</graphic>
</grate>
</procstep>
<procstep id="nev15270247n6">
<title id="nev15270247n7"/>
<grate id="nev15270247n8">
<graphic id="nev15270247n9">
<href>0900c8af8005794#@#@#9#.jpeg</href>
</graphic>
<graphtext id="nev15270247n10">
<note id="nev15270248n1">
<ptxt id="nev15270248n2">Do not loosen t#@#@#21#urns.</ptxt>
</note>
</graphtext>
</grate>
</procstep>
<procstep id="nev15270248n3">
<title id="nev15270248n4"/>
<grate id="nev15270248n5">
<graphic id="nev15270248n6">
<href>0900c8af83d6939#@#@#9#.jpeg</href>
</graphic>
</grate>
</procstep>
<procstep id="nev15270248n7">
<title id="nev15270248n8"/>
<grate id="nev15270248n9">
<graphic id="nev15270248n10">
<href>0900c8af83d6939#@#@#9#.jpeg</href>
</graphic>
<graphtext id="nev15270249n1">
<para id="nev15270249n2">
<ptxt id="nev15270249n3">
<torque id="nev15270249n4">
<ref id="nev15270249n5"/>
</torque>
</ptxt>
</para>
</graphtext>
</grate>
</procstep>
</stepgrp>
<stepgrp boilerplate="true" context="installation" id="nev15270249n6">
<title id="nev15270249n7"/>
<procstep id="nev15270249n8">
<title id="nev15270249n9"/>
<grate id="nev15270249n10">
<graphic id="nev15270250n1">
<href>0900c8af8425f66#@#@#9#.jpeg</href>
</graphic>
<graphtext id="nev15270250n2">
<caution id="nev15270250n3">
<ptxt id="nev15270250n4">Make sure that #@#@#65#ades.</ptxt>
</caution>
<list1 boilerplate="true" enumtype="n" id="nev15270250n5">
<item id="nev15270250n6">
<ptxt id="nev15270250n7">
<material id="nev15270250n8" materialid="987974" materialname="holder"/>
</ptxt>
</item>
<item id="nev15270250n9">
<ptxt id="nev15270250n10">
<material id="nev15270251n1" materialid="983753" materialname="strip clamp"/>
</ptxt>
</item>
</list1>
</graphtext>
</grate>
</procstep>
<procstep id="nev15270251n2">
<title id="nev15270251n3"/>
<ptxt id="nev15270251n4">To install, rev#@#@#22#dure.</ptxt>
</procstep>
</stepgrp>
</procedure>
</servinfosub>