<?xml version="1.0" encoding="UTF-8"?><diagnostic IE-ID="en-US0900c8af80071001" docno="VCC-101337" id="KC01186875" screenuse="1" type="test" xml:lang="en-US">
<title>
<phrase category="" id="KC06043632" phrase-urn="urn:x-nevis:phrase:0800c8af8172c912">Programming of #@#@#36#nce) </phrase>
</title>
<testgrp IE-ID="en-US0900c8af80071001_KC01186876" id="KC01186876" screenuse="1" testgrp-id="node1">
<title>
<phrase category="" id="KC06043633" phrase-urn="urn:x-nevis:phrase:0800c8af8172c913">Programming of #@#@#36#nce) </phrase>
</title>
<node>
<test1>
<test2>
<para>
<ptxt>
<phrase category="" id="KC06043634" phrase-urn="urn:x-nevis:phrase:0800c8af8172c914">A desired unit #@#@#124#lons.</phrase>
</ptxt>
</para>
<para>
<ptxt>
<phrase category="" id="KC06043635" phrase-urn="urn:x-nevis:phrase:0800c8af8172c915">Read the input data.</phrase>
</ptxt>
</para>
<para>
<ptxt>
<phrase category="" id="KC06043636" phrase-urn="urn:x-nevis:phrase:0800c8af8172c911">If the value is#@#@#87#ming.</phrase>
</ptxt>
</para>
<diaglist>
<dgraphic>
<dgraphic2>
<graphic id="KC06043637">
<href>0900c8af86c8681#@#@#9#.jpeg</href>
</graphic>
<smarttool active="press" id="KC06043638" toolname="XDIMB809"/>
</dgraphic2>
</dgraphic>
<ditem>
<ditemtext>
<ptxt>
<phrase category="" id="KC06043639" phrase-urn="urn:x-nevis:phrase:0800c8af8172c910"/>
</ptxt>
</ditemtext>
</ditem>
</diaglist>
</test2>
</test1>
<question>Press Continue.</question>
<resact-grp>
<result button="cont" comp="button"/>
<action>
<return value="DONE"/>
</action>
</resact-grp>
</node>
</testgrp>
</diagnostic>