<?xml version="1.0" encoding="UTF-8"?><servinfosub IE-ID="en-US0900c8af842a7001" docno="VCC-165033" id="KC09018612" xml:lang="en-US">
<title>
<phrase category="" id="KC09018616" phrase-urn="urn:x-nevis:phrase:0800c8af823daa3c">Diagnostic trou#@#@#21#ation</phrase>
</title>
<diagnostic j2008use="1" paperuse="1" screenuse="1" type="condition">
<condgrp>
<condition type="condition">
<grate>
<graphic id="KC09018617" width="column">
<href>0900c8af81d9a53#@#@#9#.jpeg</href>
</graphic>
<graphtext>
<ptxt>
<phrase category="" id="KC09018618" phrase-urn="urn:x-nevis:phrase:0800c8af823daa3d">The transmissio#@#@#556#tion.</phrase>
</ptxt>
<para>
<ptxt>
<phrase category="" id="KC09018619" phrase-urn="urn:x-nevis:phrase:0800c8af823daa3e">The diagnostic #@#@#157#tion.</phrase>
</ptxt>
</para>
</graphtext>
</grate>
</condition>
</condgrp>
<condgrp>
<condition type="substitution">
<list1 enumtype="d" type="unordered">
<item>
<ptxt>
<phrase category="Substitution" id="nev13431179n1" phrase-urn="urn:x-nevis:phrase:0800c8af8369f3e0">Auxiliary program <emph etype="bold">Emergency mode 1</emph> in the transmi#@#@#34#rted.</phrase>
</ptxt>
<hint>
<ptxt>
<phrase category="" id="KC09018621" phrase-urn="urn:x-nevis:phrase:0800c8af823daa41">
<xref>
<ref id="KC09018622"/>
</xref>
</phrase>
</ptxt>
</hint>
</item>
</list1>
</condition>
<ps>
<list1 enumtype="d" type="unordered">
<item>
<ptxt>
<phrase category="" id="KC09018623" phrase-urn="urn:x-nevis:phrase:0800c8af823daa42">Contact resista#@#@#55#tion.</phrase>
</ptxt>
</item>
<item>
<ptxt>
<phrase category="" id="KC09018624" phrase-urn="urn:x-nevis:phrase:0800c8af823daa43">Mechanical faul#@#@#9#rbox.</phrase>
</ptxt>
</item>
</list1>
</ps>
</condgrp>
<condgrp>
<condition type="symptom">
<list1 enumtype="d" type="unordered">
<item>
<ptxt>
<phrase category="" id="KC09018625" phrase-urn="urn:x-nevis:phrase:0800c8af823daa44">Malfunction ind#@#@#17# lit.</phrase>
</ptxt>
</item>
<item>
<ptxt>
<phrase category="" id="KC09018626" phrase-urn="urn:x-nevis:phrase:0800c8af823daa45">General warning#@#@#4#p lit</phrase>
</ptxt>
</item>
<item>
<ptxt>
<phrase category="" id="KC09018627" phrase-urn="urn:x-nevis:phrase:0800c8af823daa46">Abnormally slip#@#@#6#ears.</phrase>
</ptxt>
</item>
<item>
<ptxt>
<phrase category="" id="KC09018628" phrase-urn="urn:x-nevis:phrase:0800c8af823daa47">No gear changing.</phrase>
</ptxt>
</item>
</list1>
</condition>
</condgrp>
</diagnostic>
</servinfosub>