<?xml version="1.0" encoding="UTF-8"?><servinfosub IE-ID="en-US0900c8af8248a001" docno="VCC-249195" id="nev10673230n1" xml:lang="en-US">
<title>
<phrase category="" id="nev10673230n2" phrase-urn="urn:x-nevis:phrase:0800c8af823da94d">Diagnostic trou#@#@#30#-2A50</phrase>
</title>
<diagnostic j2008use="1" paperuse="1" screenuse="1" type="condition">
<condgrp>
<condition type="condition">
<grate>
<graphic id="l1107438881121">
<href>0900c8af817a76f#@#@#9#.jpeg</href>
</graphic>
<graphtext>
<ptxt id="nev10750781n97">
<phrase category="Condition" id="nev10750789n1" phrase-urn="urn:x-nevis:phrase:0800c8af8260b52a">The diagnostic #@#@#135#rect.</phrase>
</ptxt>
<ptxt>
<phrase category="Condition" id="nev10750792n1" phrase-urn="urn:x-nevis:phrase:0800c8af81eaae5f">The diagnostic #@#@#58#ning.</phrase>
</ptxt>
</graphtext>
</grate>
</condition>
</condgrp>
<condgrp>
<condition type="substitution">
<list1 enumtype="d" type="unordered">
<item>
<ptxt>
<phrase category="" id="nev10673230n5" phrase-urn="urn:x-nevis:phrase:0800c8af823da94f">Limitation of e#@#@#18#peed.</phrase>
</ptxt>
</item>
</list1>
</condition>
<ps>
<list1 enumtype="d" type="unordered">
<title id="nev10750781n100">
<phrase category="Qualifier" id="nev10750783n1" phrase-urn="urn:x-nevis:phrase:0800c8af8015c4a8">Signal too high</phrase>
</title>
<item id="nev10794554n100">
<ptxt id="nev10794554n99">
<phrase category="Possible source" id="nev10794595n1" phrase-urn="urn:x-nevis:phrase:0800c8af827791be">Clogged hoses t#@#@#27#trap.</phrase>
</ptxt>
</item>
<item>
<ptxt>
<phrase category="Possible source" id="nev10750784n1" phrase-urn="urn:x-nevis:phrase:0800c8af82673101">Hoses/pipes for#@#@#47#nged.</phrase>
</ptxt>
</item>
<item>
<ptxt>
<phrase category="Possible source" id="nev10750795n1" phrase-urn="urn:x-nevis:phrase:0800c8af81eabb75">Damaged pressur#@#@#4#nsor.</phrase>
</ptxt>
</item>
</list1>
<list1 enumtype="d" id="nev10750781n94">
<title id="nev10750781n93">
<phrase category="Qualifier" id="nev10750793n1" phrase-urn="urn:x-nevis:phrase:0800c8af8015c4aa">Signal too low</phrase>
</title>
<item id="nev10794554n94">
<ptxt id="nev10794554n93">
<phrase category="Possible source" id="nev10794607n1" phrase-urn="urn:x-nevis:phrase:0800c8af81eab907">Contact resista#@#@#30#tors.</phrase>
</ptxt>
</item>
<item id="nev10794554n97">
<ptxt id="nev10794554n96">
<phrase category="Possible source" id="nev10794600n1" phrase-urn="urn:x-nevis:phrase:0800c8af827791be">Clogged hoses t#@#@#27#trap.</phrase>
</ptxt>
</item>
<item id="nev10750781n91">
<ptxt id="nev10750781n90">
<phrase category="Possible source" id="nev10750796n1" phrase-urn="urn:x-nevis:phrase:0800c8af82673101">Hoses/pipes for#@#@#47#nged.</phrase>
</ptxt>
</item>
<item id="nev10750781n79">
<ptxt id="nev10750781n78">
<phrase category="Possible source" id="nev10750801n1" phrase-urn="urn:x-nevis:phrase:0800c8af81eabb75">Damaged pressur#@#@#4#nsor.</phrase>
</ptxt>
</item>
</list1>
<list1 enumtype="d" id="nev10750781n89">
<title id="nev10750781n88">
<phrase category="Qualifier" id="nev10750794n1" phrase-urn="urn:x-nevis:phrase:0800c8af8015c4a2">Faulty signal</phrase>
</title>
<item id="nev10794554n91">
<ptxt id="nev10794554n90">
<phrase category="Possible source" id="nev10794610n1" phrase-urn="urn:x-nevis:phrase:0800c8af827791be">Clogged hoses t#@#@#27#trap.</phrase>
</ptxt>
</item>
<item id="nev10750781n86">
<ptxt id="nev10750781n85">
<phrase category="Possible source" id="nev10750803n1" phrase-urn="urn:x-nevis:phrase:0800c8af82673101">Hoses/pipes for#@#@#47#nged.</phrase>
</ptxt>
</item>
<item id="nev10750781n73">
<ptxt id="nev10750781n72">
<phrase category="Possible source" id="nev10750806n1" phrase-urn="urn:x-nevis:phrase:0800c8af81eabb75">Damaged pressur#@#@#4#nsor.</phrase>
</ptxt>
</item>
</list1>
</ps>
</condgrp>
<condgrp>
<condition type="symptom">
<list1 enumtype="d" type="unordered">
<item id="nev10794532n100">
<ptxt id="nev10794532n99">
<phrase category="Symptom" id="nev10794533n1" phrase-urn="urn:x-nevis:phrase:0800c8af8223cd43">Poor performance</phrase>
</ptxt>
</item>
</list1>
</condition>
</condgrp>
</diagnostic>
</servinfosub>