<?xml version="1.0" encoding="UTF-8"?><servinfosub IE-ID="en-US0900c8af823ca001" docno="VCC-164248" id="KC08798514" xml:lang="en-US">
<title>
<phrase category="" id="KC09585143" phrase-urn="urn:x-nevis:phrase:0800c8af8272334a">Troubleshooting#@#@#7#08204</phrase>
</title>
<diagnostic j2008use="1" paperuse="1" screenuse="1" type="test">
<testgrp IE-ID="en-US0900c8af823ca001_KC09010016" id="KC09010016" j2008use="1" paperuse="1" resumable="1" screenuse="1" testgrp-id="node1" x="120" y="80">
<title>
<phrase category="" id="KC09585144" phrase-urn="urn:x-nevis:phrase:0800c8af8272334b">Reading off dia#@#@#23#DTCs)</phrase>
</title>
<node>
<test1>
<diaglist>
<dgraphic>
<dgraphic1>
<graphic id="KC09585145">
<href>0900c8af80054d5#@#@#9#.jpeg</href>
</graphic>
</dgraphic1>
</dgraphic>
<ditem>
<ptxt>
<phrase category="" id="KC09585146" phrase-urn="urn:x-nevis:phrase:0800c8af8272334c">Ignition on</phrase>
</ptxt>
</ditem>
<ditem>
<ptxt>
<phrase category="" id="KC09585147" phrase-urn="urn:x-nevis:phrase:0800c8af8272334d">Read off diagno#@#@#21#TCs).</phrase>
</ptxt>
</ditem>
</diaglist>
<test2>
<ptxt>
<phrase category="" id="KC09585148" phrase-urn="urn:x-nevis:phrase:0800c8af8272334e">If other diagno#@#@#92#irst.</phrase>
</ptxt>
<diaglist>
<dgraphic>
<dgraphic2>
<graphic id="KC09585149">
<href>0900c8af86c8681#@#@#9#.jpeg</href>
</graphic>
<smarttool active="press" id="KC09585150" toolname="GBCM001"/>
</dgraphic2>
</dgraphic>
<ditem>
<ditemtext>
<ptxt>
<phrase category="" id="KC09585151" phrase-urn="urn:x-nevis:phrase:0800c8af8272334f"/>
</ptxt>
</ditemtext>
</ditem>
</diaglist>
</test2>
</test1>
<question>
Are other diag#@#@#51#204?
</question>
<resact-grp>
<result button="yes" comp="button" highlight="0"/>
<action j2008use="1" paperuse="1" screenuse="1">
<return value="DONE"/>
</action>
</resact-grp>
<resact-grp>
<result button="no" comp="button" highlight="0"/>
<action j2008use="1" paperuse="1" screenuse="1">
<ptxt>
<xref>
<ref id="KC09585153"/>
</xref>
</ptxt>
</action>
</resact-grp>
</node>
</testgrp>
<testgrp id="KC09010017" j2008use="1" paperuse="1" resumable="1" screenuse="1" testgrp-id="node2" x="120" y="160">
<title>
<phrase category="" id="KC09585154" phrase-urn="urn:x-nevis:phrase:0800c8af82723351">Erasing diagnos#@#@#17#(DTC)</phrase>
</title>
<node>
<test1>
<diaglist>
<dgraphic>
<dgraphic1>
<graphic id="KC09585155">
<href>0900c8af80054d5#@#@#9#.jpeg</href>
</graphic>
</dgraphic1>
</dgraphic>
<ditem>
<ptxt>
<phrase category="" id="KC09585156" phrase-urn="urn:x-nevis:phrase:0800c8af82723353">Ignition on</phrase>
</ptxt>
</ditem>
</diaglist>
<test2>
<para>
<ptxt>
<phrase category="" id="KC09585157" phrase-urn="urn:x-nevis:phrase:0800c8af82723354">Erase the diagn#@#@#14#code.</phrase>
</ptxt>
</para>
<diaglist>
<dgraphic>
<dgraphic2>
<graphic id="KC09585158">
<href>0900c8af86c8681#@#@#9#.jpeg</href>
</graphic>
<smarttool active="press" id="KC09585159" toolname="GBCM003"/>
</dgraphic2>
</dgraphic>
<ditem>
<ditemtext>
<ptxt>
<phrase category="" id="KC09585160" phrase-urn="urn:x-nevis:phrase:0800c8af82723356"/>
</ptxt>
</ditemtext>
</ditem>
</diaglist>
</test2>
</test1>
<question>
Select Continue.
</question>
<resact-grp>
<result button="cont" comp="button" highlight="0"/>
<action j2008use="1" paperuse="1" screenuse="1">
<ptxt>
<xref>
<ref id="KC09585162"/>
</xref>
</ptxt>
</action>
</resact-grp>
</node>
</testgrp>
<testgrp id="KC09010018" j2008use="1" paperuse="1" resumable="1" screenuse="1" testgrp-id="node3" x="120" y="240">
<title>
<phrase category="" id="KC09585163" phrase-urn="urn:x-nevis:phrase:0800c8af82723358">Checking the di#@#@#16# code</phrase>
</title>
<node>
<test1>
<diaglist>
<dgraphic>
<dgraphic1>
<graphic id="KC09585164">
<href>0900c8af80054d5#@#@#9#.jpeg</href>
</graphic>
</dgraphic1>
</dgraphic>
<ditem>
<ptxt>
<phrase category="" id="KC09585165" phrase-urn="urn:x-nevis:phrase:0800c8af82723359">Ignition off</phrase>
</ptxt>
</ditem>
<ditem>
<ptxt>
<phrase category="" id="KC09585166" phrase-urn="urn:x-nevis:phrase:0800c8af8272335a">Check the conne#@#@#71#tion.</phrase>
</ptxt>
</ditem>
<ditem>
<ptxt>
<phrase category="" id="KC09585167" phrase-urn="urn:x-nevis:phrase:0800c8af8272335b">Wait a few seconds.</phrase>
</ptxt>
</ditem>
<ditem>
<ptxt>
<phrase category="" id="KC09585168" phrase-urn="urn:x-nevis:phrase:0800c8af8272335c">Switch on the i#@#@#27#onds.</phrase>
</ptxt>
</ditem>
<ditem>
<ptxt>
<phrase category="" id="KC09585169" phrase-urn="urn:x-nevis:phrase:0800c8af8272335d">Read off diagno#@#@#21#TCs).</phrase>
</ptxt>
</ditem>
</diaglist>
<test2>
<ptxt>
<phrase category="" id="KC09585170" phrase-urn="urn:x-nevis:phrase:0800c8af8272335e">If diagnostic t#@#@#76#BCM).</phrase>
</ptxt>
<list1 enumtype="d" type="unordered">
<title>
<phrase category="" id="KC09585171" phrase-urn="urn:x-nevis:phrase:0800c8af8272335f">Other information</phrase>
</title>
<item>
<ptxt>
<phrase category="" id="KC09585172" phrase-urn="urn:x-nevis:phrase:0800c8af82723360">
<xref>
<ref id="KC09585173"/>
</xref>.</phrase>
</ptxt>
</item>
<item>
<ptxt>
<phrase category="" id="KC09585174" phrase-urn="urn:x-nevis:phrase:0800c8af82723361">
<xref>
<ref id="KC09585175"/>
</xref>
</phrase>
</ptxt>
</item>
</list1>
<diaglist>
<dgraphic>
<dgraphic2>
<graphic id="KC09585176">
<href>0900c8af86c8681#@#@#9#.jpeg</href>
</graphic>
<smarttool active="press" id="KC09585177" toolname="GBCM001"/>
</dgraphic2>
</dgraphic>
<ditem>
<ditemtext>
<ptxt>
<phrase category="" id="KC09585178" phrase-urn="urn:x-nevis:phrase:0800c8af82723362"/>
</ptxt>
</ditemtext>
</ditem>
</diaglist>
</test2>
</test1>
<question>
Was diagnostic#@#@#50#ror?
</question>
<resact-grp>
<result button="yes" comp="button" highlight="0"/>
<action j2008use="1" paperuse="1" screenuse="1">
<return value="FAULT FOUND"/>
</action>
</resact-grp>
<resact-grp>
<result button="no" comp="button" highlight="0"/>
<action j2008use="1" paperuse="1" screenuse="1">
<ptxt>
<xref>
<ref id="KC09585180"/>
</xref>
</ptxt>
</action>
</resact-grp>
</node>
</testgrp>
<testgrp id="KC09010019" j2008use="1" paperuse="1" resumable="1" screenuse="1" testgrp-id="node4" x="120" y="320">
<title>
<phrase category="" id="KC09585181" phrase-urn="urn:x-nevis:phrase:0800c8af82723364">Troubleshooting#@#@#7#ation</phrase>
</title>
<node>
<test1>
<test2>
<ptxt>
<phrase category="" id="KC09585182" phrase-urn="urn:x-nevis:phrase:0800c8af82723365">The brake contr#@#@#198#hone.</phrase>
</ptxt>
</test2>
</test1>
<question>
Select Continue.
</question>
<resact-grp>
<result button="cont" comp="button" highlight="0"/>
<action j2008use="1" paperuse="1" screenuse="1">
<return value="FAULT NOT FOUND"/>
</action>
</resact-grp>
</node>
</testgrp>
</diagnostic>
</servinfosub>