<?xml version="1.0" encoding="UTF-8"?><servinfosub IE-ID="en-US0900c8af8012f41f" docno="VCC-126939" id="KC01187313" xml:lang="en-US">
<title>
<phrase category="" id="KC06111330" phrase-urn="urn:x-nevis:phrase:0800c8af817425be">Signal too low.#@#@#14#fault</phrase>
</title>
<diagnostic j2008use="1" paperuse="1" screenuse="1" type="test">
<testgrp IE-ID="en-US0900c8af8012f41f_KC01267936" id="KC01267936" j2008use="1" paperuse="1" resumable="1" screenuse="1" testgrp-id="intnode" x="240" y="80">
<title>
<phrase category="" id="KC06111331" phrase-urn="urn:x-nevis:phrase:0800c8af817425bf">Intermittent fault</phrase>
</title>
<node>
<test1>
<test2>
<para>
<ptxt>
<phrase category="" id="KC06111332" phrase-urn="urn:x-nevis:phrase:0800c8af817425c0">Check the trans#@#@#109#g to <xref>
<ref id="KC06111333"/>
</xref>.</phrase>
</ptxt>
</para>
<para>
<ptxt>
<phrase category="" id="KC06111334" phrase-urn="urn:x-nevis:phrase:0800c8af817425c1">Check the wirin#@#@#265#g to <xref>
<ref id="KC06111335"/>
</xref>. </phrase>
</ptxt>
</para>
<hint>
<ptxt>
<phrase category="" id="KC06111336" phrase-urn="urn:x-nevis:phrase:0800c8af817425c2">Check solenoid #@#@#124#0ºC. </phrase>
</ptxt>
</hint>
<para>
<ptxt>
<phrase category="" id="KC06111337" phrase-urn="urn:x-nevis:phrase:0800c8af817425c3">Remedy as necessary.</phrase>
</ptxt>
</para>
<list1 enumtype="d" type="unordered">
<title>
<phrase category="" id="KC06111338" phrase-urn="urn:x-nevis:phrase:0800c8af817425c5">Other information:</phrase>
</title>
<item>
<ptxt>
<phrase category="" id="KC06111339" phrase-urn="urn:x-nevis:phrase:0800c8af817425c6">To connect the #@#@#13# see <xref>
<ref id="KC06111340"/>
</xref>
</phrase>
</ptxt>
</item>
<item>
<ptxt>
<phrase category="" id="KC06111341" phrase-urn="urn:x-nevis:phrase:0800c8af817425c7">To disconnect t#@#@#18# see <xref>
<ref id="KC06111342"/>
</xref>
</phrase>
</ptxt>
</item>
<item>
<ptxt>
<phrase category="" id="KC06111343" phrase-urn="urn:x-nevis:phrase:0800c8af817425c8">To disconnect t#@#@#27# see <xref>
<ref id="KC06111344"/>
</xref>
</phrase>
</ptxt>
</item>
<item>
<ptxt>
<phrase category="" id="KC06111345" phrase-urn="urn:x-nevis:phrase:0800c8af817425c9">For information#@#@#15# see <xref>
<ref id="KC06111346"/>
</xref>. </phrase>
</ptxt>
</item>
</list1>
<diaglist>
<dgraphic>
<dgraphic1>
<graphic id="KC06111347">
<href>0900c8af80058e2#@#@#9#.jpeg</href>
</graphic>
</dgraphic1>
<dgraphic2>
<graphic id="KC06111348">
<href>0900c8af80054d4#@#@#9#.jpeg</href>
</graphic>
<smarttool active="press" id="KC06111349" toolname="ODAH"/>
</dgraphic2>
</dgraphic>
<ditem>
<ditemtext>
<ptxt>
<phrase category="" id="KC06111350" phrase-urn="urn:x-nevis:phrase:0800c8af817425ca"/>
</ptxt>
</ditemtext>
</ditem>
</diaglist>
<grate>
<graphic id="KC06111351">
<href>0900c8af80058e1#@#@#9#.jpeg</href>
</graphic>
</grate>
</test2>
</test1>
<question>Select Continue#@#@#29#died.</question>
<resact-grp>
<result button="cont" comp="button" highlight="0"/>
<action j2008use="1" paperuse="0" screenuse="1">
<ptxt>
<xref>
<ref id="KC06111352"/>
</xref>
</ptxt>
</action>
</resact-grp>
</node>
</testgrp>
<testgrp id="KC01267937" j2008use="1" paperuse="0" resumable="1" screenuse="1" testgrp-id="info2" x="440" y="80">
<title>
<phrase category="" id="KC06111353" phrase-urn="urn:x-nevis:phrase:0800c8af817425cb">Fault-tracing i#@#@#5#ation</phrase>
</title>
<subcalloutnode>
<diagcallout>
<xref>
<ref id="KC06111354"/>
</xref>
</diagcallout>
<rescall-grp>
<result comp="string" highlight="0" op="eq" return="NEW TRY"/>
<calloutaction>
<ptxt>
<xref>
<ref id="KC06111355"/>
</xref>
</ptxt>
</calloutaction>
</rescall-grp>
<rescall-grp>
<result comp="string" highlight="0" op="eq" return="FAULT FOUND"/>
<calloutaction>
<return value="DONE"/>
</calloutaction>
</rescall-grp>
</subcalloutnode>
</testgrp>
</diagnostic>
</servinfosub>