<?xml version="1.0" encoding="UTF-8"?><servinfosub IE-ID="en-US0900c8af8067b41f" docno="VCC-036023" id="KC02053892" xml:lang="en-US">
<title>Control module #@#@#17#ement</title>
<procedure>
<stepgrp>
<procstep id="KC02053893">
<title>Removal</title>
<grate>
<graphic id="KC08355715" width="column">
<href>0900c8af8067b42#@#@#9#.jpeg</href>
</graphic>
<graphtext>
<note>
<ptxt>Dismantle contr#@#@#16# per <xref>
<ref id="KC08355716"/>
</xref>. </ptxt>
</note>
<list1 enumtype="d" type="unordered">
<item>
<ptxt>Remove holder s#@#@#15#mat. </ptxt>
</item>
<item>
<ptxt>Undo holder; tw#@#@#32#ases.</ptxt>
</item>
</list1>
<note>
<ptxt>Mark position o#@#@#50#late.</ptxt>
</note>
</graphtext>
</grate>
</procstep>
<procstep id="KC02053894">
<title/>
<grate>
<graphic id="KC08355717" width="column">
<href>0900c8af8067b42#@#@#9#.jpeg</href>
</graphic>
<graphtext>
<list1 enumtype="d" type="unordered">
<item>
<ptxt>Turn holders an#@#@#52#ther.</ptxt>
</item>
<item>
<ptxt>Remove connecto#@#@#9#lder.</ptxt>
</item>
</list1>
</graphtext>
</grate>
</procstep>
<procstep id="KC02053895">
<title>Terminal removal</title>
<grate>
<graphic id="KC08355718" width="column">
<href>0900c8af8013721#@#@#9#.jpeg</href>
</graphic>
<graphtext>
<list1 enumtype="d" type="unordered">
<item>
<ptxt>Release the sec#@#@#29#iver.</ptxt>
</item>
</list1>
</graphtext>
</grate>
<grate>
<graphic id="KC08355719">
<href>0900c8af8013720#@#@#9#.jpeg</href>
</graphic>
<graphic id="KC08355720">
<href>0900c8af8013721#@#@#9#.jpeg</href>
</graphic>
<graphic id="KC08355721">
<href>0900c8af8013721#@#@#9#.jpeg</href>
</graphic>
<graphtext>
<list1>
<title>There are two t#@#@#9#ypes:</title>
<item>
<ptxt>A. Single locki#@#@#29#inal)</ptxt>
</item>
<list2>
<item>
<ptxt>minitimer pos. #@#@#21#nd 43</ptxt>
</item>
</list2>
<item>
<ptxt>B. Double locki#@#@#30#inal)</ptxt>
</item>
<list2>
<item>
<ptxt>microtimer pos.#@#@#18#30-41</ptxt>
</item>
</list2>
</list1>
<list1>
<item>
<ptxt>Insert the term#@#@#101#side.</ptxt>
</item>
</list1>
</graphtext>
</grate>
</procstep>
</stepgrp>
<stepgrp>
<procstep id="KC02053896">
<title>Terminal replacement</title>
<list1>
<item>
<ptxt>Replace termina#@#@#20#tool <toolitem id="KC08355722"/>.</ptxt>
</item>
<list2>
<item>
<ptxt>Cut off old ter#@#@#57#loss.</ptxt>
</item>
<item>
<ptxt>Remove insulation.</ptxt>
<caution>
<ptxt>Care must be ta#@#@#18#ands.</ptxt>
</caution>
</item>
<item>
<ptxt>Position stripp#@#@#20#inal.</ptxt>
</item>
<item>
<ptxt>Hand crimp core#@#@#67#tool.</ptxt>
</item>
</list2>
</list1>
<grate>
<graphic id="KC08355723">
<href>0900c8af8013721#@#@#9#.jpeg</href>
</graphic>
<graphtext>
<list1>
<item>
<ptxt>Insert terminal#@#@#59#ace  <emph etype="bold">(A)</emph>.</ptxt>
</item>
<item>
<ptxt>Lock the second#@#@#7#king <emph etype="bold">(B)</emph>.</ptxt>
</item>
</list1>
</graphtext>
</grate>
</procstep>
<procstep id="KC02053897">
<title>Install:</title>
<grate>
<graphic id="KC08355724" width="column">
<href>0900c8af8067b43#@#@#9#.jpeg</href>
</graphic>
<graphtext>
<list1 enumtype="d" type="unordered">
<item>
<ptxt>connector in holder.</ptxt>
</item>
<item>
<ptxt>assemble holder.</ptxt>
</item>
<item>
<ptxt>holder silicone#@#@#8#mat. </ptxt>
</item>
</list1>
<note>
<ptxt>Assemble contro#@#@#15# per <xref>
<ref id="KC08355725"/>
</xref>.</ptxt>
</note>
</graphtext>
</grate>
</procstep>
</stepgrp>
</procedure>
</servinfosub>