<?xml version="1.0" encoding="UTF-8"?><servinfosub IE-ID="en-US0900c8af8505741f" docno="VCC-370262" id="nev13711584n1" original="sv-SE" servinfosubId="nev13711585n1-nev13711615n1" servinfosubRes="0900c8af85058798" servinfosubRes2="urn:x-nevis:fragment:0900c8af8505741f:0900c8af85058798#nev13711615n1" xml:lang="en-US">
<operationnumbers>
<operationnumber>22217-2</operationnumber>
</operationnumbers>
<title id="nev13711583n54">Oil filter</title>
<procedure id="nev13711585n1-nev13711614n37">
<stepgrp boilerplate="false" context="" id="nev13711585n1-nev16040555n63">
<title id="nev13711585n1-0800c8af844a46f6">Removal</title>
<procstep id="nev13711585n1-nev15723989n47">
<note id="nev13711585n1-0800c8af844a42fa">
<ptxt>Removal steps i#@#@#45#ails.</ptxt>
</note>
</procstep>
<procstep id="nev13711585n1-nev13711614n41">
<warning id="nev13711585n1-0800c8af844a483e">
<ptxt>Hot fluid.</ptxt>
</warning>
</procstep>
<procstep id="nev13711585n1-nev13711614n45">
<para id="nev13711585n1-nev16040555n61">
<ptxt id="nev13711585n1-nev16040555n62">Follow instruct#@#@#18#oints<xref boilerplate="true" id="nev13711585n1-0800c8af84739096">
<ref id="nev13711585n1-nev15112459n71"/>
</xref>
</ptxt>
</para>
</procstep>
<procstep id="nev13711585n1-nev15112436n62">
<grate id="nev13711585n1-nev13711614n51">
<graphic id="nev13711585n1-nev13711614n52">
<href>0900c8af8353f54#@#@#9#.jpeg</href>
</graphic>
</grate>
</procstep>
<procstep id="nev13711585n1-nev15112436n61">
<grate id="nev13711585n1-nev13711614n55">
<graphic id="nev13711585n1-nev13711614n56">
<href>0900c8af83f23d5#@#@#9#.jpeg</href>
</graphic>
<graphtext id="nev13711585n1-nev16040712n1">
<warning id="nev13711585n1-0800c8af844a4837">
<ptxt>Be prepared to #@#@#18#luid.</ptxt>
</warning>
<para id="nev13711585n1-nev16040555n59">
<ptxt id="nev13711585n1-nev16040555n60">
<torque id="nev13711585n1-nev13711614n99">
<ref id="nev13711585n1-nev13711614n100"/>
</torque>
</ptxt>
</para>
</graphtext>
</grate>
</procstep>
<procstep id="nev13711585n1-nev15112436n57">
<grate id="nev13711585n1-nev13711614n62">
<graphic id="nev13711585n1-nev13711614n63">
<href>0900c8af83eaeeb#@#@#9#.jpeg</href>
</graphic>
</grate>
</procstep>
<procstep id="nev13711585n1-nev15112436n56">
<grate id="nev13711585n1-nev13711614n66">
<graphic id="nev13711585n1-nev13711614n67">
<href>0900c8af83f23d5#@#@#9#.jpeg</href>
</graphic>
<graphtext id="nev13711585n1-nev16040722n1">
<note id="nev13711585n1-0800c8af844a42f4">
<ptxt>Use suitable pa#@#@#28#luid.</ptxt>
</note>
</graphtext>
</grate>
</procstep>
<procstep id="nev13711585n1-nev15112436n55">
<grate id="nev13711585n1-nev15723995n99">
<graphic id="nev13711585n1-nev15723995n100">
<href>0900c8af84dd86a#@#@#9#.jpeg</href>
</graphic>
<graphtext id="nev13711585n1-nev16040726n1">
<para id="nev13711585n1-nev16040555n57">
<ptxt id="nev13711585n1-nev16040555n58">
<torque id="nev13711585n1-nev13711614n75">
<ref id="nev13711585n1-nev13711614n76"/>
</torque>
</ptxt>
</para>
</graphtext>
</grate>
</procstep>
</stepgrp>
<stepgrp boilerplate="false" context="" id="nev13711585n1-nev16040555n56">
<title id="nev13711585n1-0800c8af844a46f9">Installation</title>
<procstep id="nev13711585n1-nev15723988n87">
<para id="nev13711585n1-nev16040555n54">
<ptxt id="nev13711585n1-nev16040555n55">To install, rev#@#@#22#dure.</ptxt>
</para>
</procstep>
<procstep id="nev13711585n1-nev15723560n95">
<grate id="nev13711585n1-nev15997141n49">
<graphic id="nev13711585n1-nev15997141n50">
<href>0900c8af8502c50#@#@#9#.jpeg</href>
</graphic>
<graphtext id="nev13711585n1-nev16040733n1">
<list1 enumtype="n" id="nev13711585n1-nev15723995n89" type="ordered">
<item id="nev13711585n1-nev16040555n53">
<ptxt id="nev13711585n1-nev16040555n52">See information#@#@#20#ngine<xref boilerplate="true" id="nev13711585n1-0800c8af845a08bc">
<ref id="nev13711585n1-nev15723995n85"/>
</xref>
</ptxt>
</item>
<item id="nev13711585n1-nev16040555n51"/>
<item id="nev13711585n1-nev16040555n50">
<caution id="nev13711585n1-0800c8af8503921f">
<ptxt>The level must #@#@#10# 2/3.</ptxt>
</caution>
</item>
</list1>
</graphtext>
</grate>
</procstep>
</stepgrp>
</procedure>
</servinfosub>