<?xml version="1.0" encoding="UTF-8"?><servinfosub IE-ID="en-US0900c8af8092f41f" docno="VCC-109766" id="KC02414054" xml:lang="en-US">
<title>
<phrase category="" id="KC06659855" phrase-urn="urn:x-nevis:phrase:0800c8af819aa280">Checking leads #@#@#14#ches.</phrase>
</title>
<diagnostic type="test">
<testgrp IE-ID="en-US0900c8af8092f41f_KC02486169" id="KC02486169" j2008use="1" paperuse="1" resumable="1" screenuse="1" testgrp-id="FK2" x="160" y="80">
<title>
<phrase category="" id="KC06659856" phrase-urn="urn:x-nevis:phrase:0800c8af819aa2a6">Checking leads #@#@#14#ches.</phrase>
</title>
<node>
<test1>
<diaglist>
<dgraphic>
<dgraphic1>
<graphic id="KC06659857">
<href>0900c8af80054d4#@#@#9#.jpeg</href>
</graphic>
</dgraphic1>
<dgraphic2>
<graphic id="KC06659858">
<href>0900c8af80054d7#@#@#9#.jpeg</href>
</graphic>
</dgraphic2>
</dgraphic>
<ditem>
<ptxt>
<phrase category="" id="KC06659859" phrase-urn="urn:x-nevis:phrase:0800c8af819aa2cc">Ignition off.</phrase>
</ptxt>
</ditem>
<ditem>
<ptxt>
<phrase category="" id="KC06659860" phrase-urn="urn:x-nevis:phrase:0800c8af819aa2f8">Undo large cont#@#@#18#or 1.</phrase>
</ptxt>
</ditem>
<ditem>
<ptxt>
<phrase category="" id="KC06659861" phrase-urn="urn:x-nevis:phrase:0800c8af819aa32b">Close all doors.</phrase>
</ptxt>
</ditem>
</diaglist>
<test2>
<ptxt>
<phrase category="" id="KC06659862" phrase-urn="urn:x-nevis:phrase:0800c8af819aa34f">Connect an ohmm#@#@#43#1.13.</phrase>
</ptxt>
<diaglist>
<dgraphic>
<dgraphic1>
<graphic id="KC06659863">
<href>0900c8af80122cf#@#@#9#.jpeg</href>
</graphic>
</dgraphic1>
</dgraphic>
<ditem>
<ptxt>
<phrase category="" id="KC06659864" phrase-urn="urn:x-nevis:phrase:0800c8af819aa36d">Ohmmeter should#@#@#21#ance.</phrase>
</ptxt>
</ditem>
<ditem>
<ptxt>
<phrase category="" id="KC06659865" phrase-urn="urn:x-nevis:phrase:0800c8af819aa396">Open each door #@#@#3#turn.</phrase>
</ptxt>
</ditem>
</diaglist>
</test2>
</test1>
<question>Ohmmeter should#@#@#13# 0 Ω.</question>
<resact-grp>
<result button="ok" comp="button" highlight="0"/>
<action j2008use="1" paperuse="1" screenuse="1">
<ptxt>
<xref>
<ref id="KC06659866"/>
</xref>
</ptxt>
</action>
</resact-grp>
<resact-grp>
<result button="notok" comp="button" highlight="0"/>
<action j2008use="1" paperuse="1" screenuse="1">
<ptxt>
<xref>
<ref id="KC06659867"/>
</xref>
</ptxt>
</action>
</resact-grp>
</node>
</testgrp>
<testgrp id="KC02486170" j2008use="1" paperuse="1" resumable="1" screenuse="1" testgrp-id="FK2-1" x="160" y="160">
<title>
<phrase category="" id="KC06659868" phrase-urn="urn:x-nevis:phrase:0800c8af819aa3bc">Install new com#@#@#1#onent</phrase>
</title>
<node>
<test1>
<test2>
<ptxt>
<phrase category="" id="KC06659869" phrase-urn="urn:x-nevis:phrase:0800c8af819aa3ec">Try another con#@#@#14# per <xref>
<ref id="KC06659870"/>
</xref>.</phrase>
</ptxt>
<grate>
<graphic id="KC06659871">
<href>0900c8af80125e5#@#@#9#.jpeg</href>
</graphic>
</grate>
</test2>
</test1>
<question>Select 'Continu#@#@#25#died.</question>
<resact-grp>
<result button="cont" comp="button" highlight="0"/>
<action j2008use="1" paperuse="1" screenuse="1">
<ptxt>
<xref>
<ref id="KC06659872"/>
</xref>
</ptxt>
</action>
</resact-grp>
</node>
</testgrp>
<testgrp id="KC02486171" j2008use="1" paperuse="1" resumable="1" screenuse="1" testgrp-id="FK2-2" x="360" y="80">
<title>
<phrase category="" id="KC06659873" phrase-urn="urn:x-nevis:phrase:0800c8af819aa424">Checking for op#@#@#5#rcuit</phrase>
</title>
<node>
<test1>
<test2>
<ptxt>
<phrase category="" id="KC06659874" phrase-urn="urn:x-nevis:phrase:0800c8af819aa44c">Check leads fro#@#@#63# per <xref>
<ref id="KC06659875"/>
</xref> or for short-c#@#@#19# per <xref>
<ref id="KC06659876"/>
</xref>. Alternatively#@#@#38# see <xref>
<ref id="KC06659877"/>
</xref>.</phrase>
</ptxt>
<diaglist>
<dgraphic>
<dgraphic1>
<graphic id="KC06659878">
<href>0900c8af80122cf#@#@#9#.jpeg</href>
</graphic>
</dgraphic1>
<dgraphic2>
<graphic id="KC06659879">
<href>0900c8af80054d4#@#@#9#.jpeg</href>
</graphic>
<smarttool active="press" id="KC06659880" toolname="ODAH"/>
</dgraphic2>
</dgraphic>
<ditem>
<ditemtext>
<ptxt>
<phrase category="" id="KC06659881" phrase-urn="urn:x-nevis:phrase:0800c8af819aa478"/>
</ptxt>
</ditemtext>
</ditem>
</diaglist>
<grate>
<graphic id="KC06659882">
<href>0900c8af800570b#@#@#9#.jpeg</href>
</graphic>
</grate>
</test2>
</test1>
<question>Select 'Continu#@#@#25#died.</question>
<resact-grp>
<result button="cont" comp="button" highlight="0"/>
<action j2008use="1" paperuse="1" screenuse="1">
<ptxt>
<xref>
<ref id="KC06659883"/>
</xref>
</ptxt>
</action>
</resact-grp>
</node>
</testgrp>
<testgrp id="KC02486172" j2008use="1" paperuse="1" resumable="1" screenuse="1" testgrp-id="VERFK2" x="560" y="80">
<title>
<phrase category="" id="KC06659884" phrase-urn="urn:x-nevis:phrase:0800c8af819aa4a8">Verification</phrase>
</title>
<subcalloutnode>
<diagcallout>
<xref>
<ref id="KC06659885"/>
</xref>
</diagcallout>
<rescall-grp>
<result comp="string" highlight="0" op="eq" return="VERIFIED"/>
<calloutaction>
<return value="FAULT FOUND"/>
</calloutaction>
</rescall-grp>
<rescall-grp>
<result comp="string" highlight="0" op="eq" return="VERIFICATION FAILED"/>
<calloutaction>
<ptxt>
<xref>
<ref id="KC06659886"/>
</xref>
</ptxt>
</calloutaction>
</rescall-grp>
</subcalloutnode>
</testgrp>
<testgrp id="KC02486173" j2008use="1" paperuse="1" resumable="1" screenuse="1" testgrp-id="INFO8" x="720" y="80">
<title>
<phrase category="" id="KC06659887" phrase-urn="urn:x-nevis:phrase:0800c8af819aa4e0">Fault-tracing i#@#@#5#ation</phrase>
</title>
<subcalloutnode>
<diagcallout>
<xref>
<ref id="KC06659888"/>
</xref>
</diagcallout>
<rescall-grp>
<result comp="string" highlight="0" op="eq" return="FAULTTRACING FAILED"/>
<calloutaction>
<return value="FAULTTRACING FAILED"/>
</calloutaction>
</rescall-grp>
<rescall-grp>
<result comp="string" highlight="0" op="eq" return="NEW TRY"/>
<calloutaction>
<ptxt>
<xref>
<ref id="KC06659889"/>
</xref>
</ptxt>
</calloutaction>
</rescall-grp>
</subcalloutnode>
</testgrp>
</diagnostic>
</servinfosub>