<?xml version="1.0" encoding="UTF-8"?><servinfosub IE-ID="en-US0900c8af80135a0f" docno="VCC-132585" id="KC01114918" xml:lang="en-US">
<title>
<phrase category="" id="KC06935490" phrase-urn="urn:x-nevis:phrase:0800c8af81a09f1f">Signal too high#@#@#15#fault</phrase>
</title>
<diagnostic j2008use="1" paperuse="1" screenuse="1" type="test">
<testgrp IE-ID="en-US0900c8af80135a0f_KC01130455" id="KC01130455" j2008use="1" paperuse="1" resumable="1" screenuse="1" testgrp-id="a1" x="200" y="200">
<title>
<phrase category="" id="KC06935491" phrase-urn="urn:x-nevis:phrase:0800c8af81a09f20">Checking the co#@#@#7#odule</phrase>
</title>
<node>
<test1>
<test2>
<para>
<ptxt>
<phrase category="" id="KC06935492" phrase-urn="urn:x-nevis:phrase:0800c8af81a09f21">Check the relay#@#@#147#/113.</phrase>
</ptxt>
</para>
<hint>
<ptxt>
<phrase category="" id="KC06935493" phrase-urn="urn:x-nevis:phrase:0800c8af81a09f23">The voltage bet#@#@#51# 0 V.</phrase>
</ptxt>
</hint>
<diaglist>
<dgraphic>
<dgraphic2>
<graphic id="KC06935494">
<href>0900c8af80054d4#@#@#9#.jpeg</href>
</graphic>
<smarttool active="press" id="KC06935495" toolname="VDCDAH"/>
</dgraphic2>
</dgraphic>
<ditem>
<ditemtext>
<ptxt>
<phrase category="" id="KC06935496" phrase-urn="urn:x-nevis:phrase:0800c8af81a09f24"/>
</ptxt>
</ditemtext>
</ditem>
</diaglist>
<grate>
<graphic id="KC06935497">
<href>0900c8af80058ba#@#@#9#.jpeg</href>
</graphic>
<graphtext>
<para>
<ptxt>
<phrase category="" id="KC06935498" phrase-urn="urn:x-nevis:phrase:0800c8af81a09f26">Replace the con#@#@#52#alue.</phrase>
</ptxt>
</para>
<list1 enumtype="d">
<title>
<phrase category="" id="KC06935499" phrase-urn="urn:x-nevis:phrase:0800c8af81a09f27">Other information:</phrase>
</title>
<item>
<ptxt>
<phrase category="" id="KC06935500" phrase-urn="urn:x-nevis:phrase:0800c8af81a09f28">To access and r#@#@#63# see <xref>
<ref id="KC06935501"/>
</xref>
</phrase>
</ptxt>
</item>
<item>
<ptxt>
<phrase category="" id="KC06935502" phrase-urn="urn:x-nevis:phrase:0800c8af81a09f29">
<xref>
<ref id="KC06935503"/>
</xref>.</phrase>
</ptxt>
</item>
</list1>
</graphtext>
</grate>
</test2>
</test1>
<question>Select Continue.</question>
<resact-grp>
<result button="cont" comp="button" highlight="0"/>
<action j2008use="1" paperuse="1" screenuse="1">
<ptxt>
<xref>
<ref id="KC06935504"/>
</xref>
</ptxt>
</action>
</resact-grp>
</node>
</testgrp>
<testgrp id="KC01130456" j2008use="1" paperuse="1" resumable="1" screenuse="1" testgrp-id="info1" x="360" y="200">
<title>
<phrase category="" id="KC06935505" phrase-urn="urn:x-nevis:phrase:0800c8af81a09f2a">Fault-tracing i#@#@#5#ation</phrase>
</title>
<subcalloutnode>
<diagcallout>
<xref>
<ref id="KC06935506"/>
</xref>
</diagcallout>
<rescall-grp>
<result comp="string" highlight="0" op="eq" return="NEW TRY"/>
<calloutaction>
<ptxt>
<xref>
<ref id="KC06935507"/>
</xref>
</ptxt>
</calloutaction>
</rescall-grp>
<rescall-grp>
<result comp="string" highlight="0" op="eq" return="FAULT FOUND"/>
<calloutaction>
<return value="FAULT FOUND"/>
</calloutaction>
</rescall-grp>
</subcalloutnode>
</testgrp>
</diagnostic>
</servinfosub>