<?xml version="1.0" encoding="UTF-8"?><servinfosub IE-ID="en-US0900c8af81bb6a0f" docno="VCC-076916" id="KC07763428" xml:lang="en-US">
<title>Special tool, 9#@#@#2# 8695</title>
<grate>
<graphic id="KC07763736">
<href>0900c8af803f87d#@#@#9#.jpeg</href>
</graphic>
<graphtext>
<para>
<ptxt>A simple specia#@#@#173#pair.</ptxt>
<ptxt>By removing an #@#@#177#DTC).</ptxt>
<ptxt>The tool has th#@#@#63#ners.</ptxt>
<ptxt>The tool has a #@#@#77#cted.</ptxt>
<ptxt>It is important#@#@#208#cult.</ptxt>
</para>
<note>
<ptxt>To ensure that #@#@#156#tion <xref>
<ref id="KC07763738"/>
</xref>.
</ptxt>
</note>
</graphtext>
</grate>
<grate>
<graphic id="KC07763739">
<href>0900c8af803f116#@#@#9#.jpeg</href>
</graphic>
<graphtext>
<list1 enumtype="b" type="unordered">
<title>Areas of use fo#@#@#19#8695:</title>
<item>
<ptxt>Inspecting the #@#@#42#work.</ptxt>
</item>
<item>
<ptxt>Checking the se#@#@#7#dule.</ptxt>
</item>
<item>
<ptxt>Checking cablin#@#@#60#dule.</ptxt>
</item>
<item>
<ptxt>Checking to asc#@#@#89#ion).</ptxt>
</item>
<item>
<ptxt>When fault-trac#@#@#152#cted.</ptxt>
</item>
</list1>
</graphtext>
</grate>
</servinfosub>