<?xml version="1.0" encoding="UTF-8"?><servinfosub IE-ID="en-US0900c8af8828aa0e" docno="VCC-502787" id="nev27913077n1" original="sv-SE" servinfosubId="nev27913078n1-nev30038302n1" servinfosubRes="0900c8af8829cfdb" servinfosubRes2="urn:x-nevis:fragment:0900c8af8828aa0e:0900c8af8829cfdb#nev30038302n1" xml:lang="en-US">
<title id="nev27913077n2">Engine block, i#@#@#15#nents</title>
<toolitemtable id="nev27913078n1-nev30071843n54">
<table id="nev27913078n1-nev30071843n53">
<tgroup cols="2" id="nev27913078n1-nev30071843n52">
<colspec colname="COLSPEC0" colwidth="1.00*" id="nev27913078n1-nev30071843n51"/>
<colspec colname="COLSPEC1" colwidth="1.00*" id="nev27913078n1-nev30071843n50"/>
<thead id="nev27913078n1-nev30071843n49">
<row id="nev27913078n1-nev30071843n48">
<entry id="nev27913078n1-nev30071843n47" nameend="COLSPEC1" namest="COLSPEC0" valign="top">
<ptxt id="nev27913078n1-nev30071843n46">
<emph id="nev27913078n1-nev30071843n45">Special tools</emph>
</ptxt>
</entry>
</row>
</thead>
<tbody id="nev27913078n1-nev30071843n44">
<row id="nev27913078n1-nev30071843n43">
<entry id="nev27913078n1-nev30071843n42">
<graphic id="nev27913078n1-nev30071843n41">
<href>0900c8af861ff44#@#@#9#.jpeg</href>
</graphic>
</entry>
<entry id="nev27913078n1-nev30071843n40">
<ptxt id="nev27913078n1-nev30071843n39">
<emph id="nev27913078n1-nev30071843n38">999 7505 Cleani#@#@#2# tool</emph>
</ptxt>
<ptxt id="nev27913078n1-nev30071843n36">
<emph id="nev27913078n1-nev30071843n35">Tool number:</emph>999 7505</ptxt>
<ptxt id="nev27913078n1-nev30071843n34">
<emph id="nev27913078n1-nev30071843n33">Tool description:</emph>Cleaning tool</ptxt>
<ptxt id="nev27913078n1-nev30071843n31">
<emph id="nev27913078n1-nev30071843n30">Tool boards:</emph>21</ptxt>
</entry>
</row>
<row id="nev27913078n1-nev30071843n29">
<entry id="nev27913078n1-nev30071843n28">
<graphic id="nev27913078n1-nev30071843n27">
<href>0900c8af8664604#@#@#9#.jpeg</href>
</graphic>
</entry>
<entry id="nev27913078n1-nev30071843n26">
<ptxt id="nev27913078n1-nev30071843n25">
<emph id="nev27913078n1-nev30071843n24">981 4058 Joint #@#@#1#ocket</emph>
</ptxt>
<ptxt id="nev27913078n1-nev30071843n22">
<emph id="nev27913078n1-nev30071843n21">Tool number:</emph>981 4058</ptxt>
<ptxt id="nev27913078n1-nev30071843n20">
<emph id="nev27913078n1-nev30071843n19">Tool description:</emph>Joint socket</ptxt>
<ptxt id="nev27913078n1-nev30071843n17">
<emph id="nev27913078n1-nev30071843n16">Tool boards:</emph>20</ptxt>
</entry>
</row>
<row id="nev27913078n1-nev30071843n15">
<entry id="nev27913078n1-nev30071843n14">
<graphic id="nev27913078n1-nev30071843n13">
<href>0900c8af8646873#@#@#9#.jpeg</href>
</graphic>
</entry>
<entry id="nev27913078n1-nev30071843n12">
<ptxt id="nev27913078n1-nev30071843n11">
<emph id="nev27913078n1-nev30071843n10">981 4198 Crow foot</emph>
</ptxt>
<ptxt id="nev27913078n1-nev30071843n8">
<emph id="nev27913078n1-nev30071843n7">Tool number:</emph>981 4198</ptxt>
<ptxt id="nev27913078n1-nev30071843n6">
<emph id="nev27913078n1-nev30071843n5">Tool description:</emph>Crow foot</ptxt>
<ptxt id="nev27913078n1-nev30071843n3">
<emph id="nev27913078n1-nev30071843n2">Tool boards:</emph>23</ptxt>
</entry>
</row>
</tbody>
</tgroup>
</table>
</toolitemtable>
<materialtable id="nev27913078n1-nev30071843n1">
<table id="nev27913078n1-nev30071844n100">
<tgroup cols="2" id="nev27913078n1-nev30071844n99">
<colspec colname="COLSPEC0" colwidth="1.00*" id="nev27913078n1-nev30071844n98"/>
<colspec colname="COLSPEC1" colwidth="1.00*" id="nev27913078n1-nev30071844n97"/>
<thead id="nev27913078n1-nev30071844n96">
<row id="nev27913078n1-nev30071844n95">
<entry id="nev27913078n1-nev30071844n94" nameend="COLSPEC1" namest="COLSPEC0" valign="top">
<ptxt id="nev27913078n1-nev30071844n93">
<emph id="nev27913078n1-nev30071844n92">Materials</emph>
</ptxt>
</entry>
</row>
</thead>
<tbody id="nev27913078n1-nev30071844n91">
<row id="nev27913078n1-nev30071844n90">
<entry id="nev27913078n1-nev30071844n89">
<ptxt id="nev27913078n1-nev30071844n88">
<emph id="nev27913078n1-nev30071844n87">Designation</emph>
</ptxt>
</entry>
<entry id="nev27913078n1-nev30071844n86">
<ptxt id="nev27913078n1-nev30071844n85">
<emph id="nev27913078n1-nev30071844n84">Part number</emph>
</ptxt>
</entry>
</row>
<row id="nev27913078n1-nev30071844n83">
<entry id="nev27913078n1-nev30071844n82">
<ptxt id="nev27913078n1-nev30071844n81">Lubricant</ptxt>
</entry>
<entry id="nev27913078n1-nev30071844n79">
<ptxt id="nev27913078n1-nev30071844n78">1161150</ptxt>
</entry>
</row>
</tbody>
</tgroup>
</table>
</materialtable>
<procedure id="nev27913078n1-nev30071134n5">
<stepgrp boilerplate="false" context="" id="nev27913078n1-nev30071838n84">
<title id="nev27913078n1-nev30071134n7">Installation</title>
<procstep id="nev27913078n1-nev30071134n8">
<grate id="nev27913078n1-nev30071838n82">
<graphic id="nev27913078n1-nev30071838n83">
<href>0900c8af873460a#@#@#9#.jpeg</href>
</graphic>
<graphtext id="nev27913078n1-nev30071857n1">
<note id="nev27913078n1-nev30071135n3">
<ptxt>Only tighten th#@#@#29#tage.</ptxt>
</note>
<para id="nev27913078n1-nev30071838n80">
<ptxt id="nev27913078n1-nev30071838n81">Install the mar#@#@#9#nent.</ptxt>
</para>
<para id="nev27913078n1-nev30071838n78">
<ptxt id="nev27913078n1-nev30071838n79">Install the screw.</ptxt>
</para>
</graphtext>
</grate>
</procstep>
<procstep id="nev27913078n1-nev30071135n10">
<grate id="nev27913078n1-nev30071838n76">
<graphic id="nev27913078n1-nev30071838n77">
<href>0900c8af871a48a#@#@#9#.jpeg</href>
</graphic>
<graphtext id="nev27913078n1-nev30071861n1">
<para id="nev27913078n1-nev30071838n74">
<ptxt id="nev27913078n1-nev30071838n75">Install the hose.</ptxt>
</para>
<para id="nev27913078n1-nev30071838n72">
<ptxt id="nev27913078n1-nev30071838n73">A click confirm#@#@#43#tion.</ptxt>
</para>
<para id="nev27913078n1-nev30071838n70">
<ptxt id="nev27913078n1-nev30071838n71">Install the screw.</ptxt>
</para>
<para id="nev27913078n1-nev30071838n68">
<ptxt id="nev27913078n1-nev30071838n69">
<torque id="nev27913078n1-nev30071137n5">
<ref id="nev27913078n1-nev30071137n6"/>
</torque>
</ptxt>
</para>
</graphtext>
</grate>
</procstep>
<procstep id="nev27913078n1-nev30071137n7">
<grate id="nev27913078n1-nev30071838n66">
<graphic id="nev27913078n1-nev30071838n67">
<href>0900c8af86699db#@#@#9#.jpeg</href>
</graphic>
<graphtext id="nev27913078n1-nev30071868n1">
<note id="nev27913078n1-nev30071138n2">
<ptxt>Only tighten th#@#@#30#tage.</ptxt>
</note>
<para id="nev27913078n1-nev30071838n64">
<ptxt id="nev27913078n1-nev30071838n65">Install the mar#@#@#9#nent.</ptxt>
</para>
<para id="nev27913078n1-nev30071838n62">
<ptxt id="nev27913078n1-nev30071838n63">Install the screws.</ptxt>
</para>
</graphtext>
</grate>
</procstep>
<procstep id="nev27913078n1-nev30071138n9">
<grate id="nev27913078n1-nev30071838n60">
<graphic id="nev27913078n1-nev30071838n61">
<href>0900c8af86699db#@#@#9#.jpeg</href>
</graphic>
<graphtext id="nev27913078n1-nev30071872n1">
<para id="nev27913078n1-nev30071838n58">
<ptxt id="nev27913078n1-nev30071838n59">Install the mar#@#@#9#nent.</ptxt>
</para>
<para id="nev27913078n1-nev30071838n56">
<ptxt id="nev27913078n1-nev30071838n57">Install the screws.</ptxt>
</para>
<para id="nev27913078n1-nev30071838n54">
<ptxt id="nev27913078n1-nev30071838n55">
<torque id="nev27913078n1-nev30071140n1">
<ref id="nev27913078n1-nev30071140n2"/>
</torque>
</ptxt>
</para>
</graphtext>
</grate>
</procstep>
<procstep id="nev27913078n1-nev30071140n3">
<grate id="nev27913078n1-nev30071838n52">
<graphic id="nev27913078n1-nev30071838n53">
<href>0900c8af86699db#@#@#9#.jpeg</href>
</graphic>
<graphtext id="nev27913078n1-nev30071879n1">
<para id="nev27913078n1-nev30071838n50">
<ptxt id="nev27913078n1-nev30071838n51">Install the mar#@#@#9#nent.</ptxt>
</para>
<para id="nev27913078n1-nev30071838n48">
<ptxt id="nev27913078n1-nev30071838n49">Install the screws.</ptxt>
</para>
<para id="nev27913078n1-nev30071838n46">
<ptxt id="nev27913078n1-nev30071838n47">
<torque id="nev27913078n1-nev30071141n5">
<ref id="nev27913078n1-nev30071141n6"/>
</torque>
</ptxt>
</para>
</graphtext>
</grate>
</procstep>
<procstep id="nev27913078n1-nev30071141n7">
<grate id="nev27913078n1-nev30071838n44">
<graphic id="nev27913078n1-nev30071838n45">
<href>0900c8af866c1e8#@#@#9#.jpeg</href>
</graphic>
<graphtext id="nev27913078n1-nev30071886n1">
<para id="nev27913078n1-nev30071838n42">
<ptxt id="nev27913078n1-nev30071838n43">Install the mar#@#@#9#nent.</ptxt>
</para>
<para id="nev27913078n1-nev30071838n40">
<ptxt id="nev27913078n1-nev30071838n41">
<material id="nev27913078n1-nev30071142n6" materialid="1161150" materialname="Lubricant" quantity="0.1" showInProcStep="true"/>
</ptxt>
</para>
<para id="nev27913078n1-nev30071838n38">
<ptxt id="nev27913078n1-nev30071838n39">Install the screw.</ptxt>
</para>
<para id="nev27913078n1-nev30071838n36">
<ptxt id="nev27913078n1-nev30071838n37">
<torque id="nev27913078n1-nev30071143n2">
<ref id="nev27913078n1-nev30071143n3"/>
</torque>
</ptxt>
</para>
</graphtext>
</grate>
</procstep>
<procstep id="nev27913078n1-nev30071143n4">
<grate id="nev27913078n1-nev30071838n34">
<graphic id="nev27913078n1-nev30071838n35">
<href>0900c8af86699c1#@#@#9#.jpeg</href>
</graphic>
<graphtext id="nev27913078n1-nev30071896n1">
<para id="nev27913078n1-nev30071838n32">
<ptxt id="nev27913078n1-nev30071838n33">Install the mar#@#@#9#nent.</ptxt>
</para>
<para id="nev27913078n1-nev30071838n30">
<ptxt id="nev27913078n1-nev30071838n31">Install the screws.</ptxt>
</para>
<para id="nev27913078n1-nev30071838n28">
<ptxt id="nev27913078n1-nev30071838n29">
<torque id="nev27913078n1-nev30071144n6">
<ref id="nev27913078n1-nev30071144n7"/>
</torque>
</ptxt>
</para>
</graphtext>
</grate>
</procstep>
<procstep id="nev27913078n1-nev30071144n8">
<grate id="nev27913078n1-nev30071838n26">
<graphic id="nev27913078n1-nev30071838n27">
<href>0900c8af866c216#@#@#9#.jpeg</href>
</graphic>
<graphtext id="nev27913078n1-nev30071903n1">
<caution id="nev27913078n1-nev30071145n3">
<ptxt>Make sure that #@#@#51#rial.</ptxt>
</caution>
<para id="nev27913078n1-nev30071838n24">
<ptxt id="nev27913078n1-nev30071838n25">Install the mar#@#@#9#nent.</ptxt>
</para>
</graphtext>
</grate>
</procstep>
<procstep id="nev27913078n1-nev30071145n7">
<grate id="nev27913078n1-nev30071838n22">
<graphic id="nev27913078n1-nev30071838n23">
<href>0900c8af871a44a#@#@#9#.jpeg</href>
</graphic>
<graphtext id="nev27913078n1-nev30071907n1">
<note id="nev27913078n1-nev30071838n21">
<ptxt>Only tighten th#@#@#39#tage.</ptxt>
</note>
<para id="nev27913078n1-nev30071838n19">
<ptxt id="nev27913078n1-nev30071838n20">Install the mar#@#@#9#nent.</ptxt>
</para>
</graphtext>
</grate>
</procstep>
<procstep id="nev27913078n1-nev30071838n18">
<grate id="nev27913078n1-nev30071838n16">
<graphic id="nev27913078n1-nev30071838n17">
<href>0900c8af88278b0#@#@#9#.jpeg</href>
</graphic>
<graphtext id="nev27913078n1-nev30071911n1">
<note id="nev27913078n1-nev30071838n15">
<ptxt>Make sure to fo#@#@#23#ated.</ptxt>
</note>
<para id="nev27913078n1-nev30071838n13">
<ptxt id="nev27913078n1-nev30071838n14">Tighten the bolts.</ptxt>
</para>
<para id="nev27913078n1-nev30071838n9">
<ptxt id="nev27913078n1-nev30071838n11">
<torque id="nev27913078n1-nev30071838n12">
<ref id="nev27913078n1-nev30071838n10"/>
</torque>
</ptxt>
</para>
</graphtext>
</grate>
</procstep>
<procstep id="nev27913078n1-nev30071838n8">
<grate id="nev27913078n1-nev30071838n6">
<graphic id="nev27913078n1-nev30071838n7">
<href>0900c8af88278a0#@#@#9#.jpeg</href>
</graphic>
<graphtext id="nev27913078n1-nev30071918n1">
<para id="nev27913078n1-nev30071838n4">
<ptxt id="nev27913078n1-nev30071838n5">Tighten the nuts.</ptxt>
</para>
<para id="nev27913078n1-nev30071839n100">
<ptxt id="nev27913078n1-nev30071838n2">
<torque id="nev27913078n1-nev30071838n3">
<ref id="nev27913078n1-nev30071838n1"/>
</torque>
</ptxt>
</para>
</graphtext>
</grate>
</procstep>
<procstep id="nev27913078n1-nev30071147n3">
<grate id="nev27913078n1-nev30071839n98">
<graphic id="nev27913078n1-nev30071839n99">
<href>0900c8af861e4e0#@#@#9#.jpeg</href>
</graphic>
<graphtext id="nev27913078n1-nev30071925n1">
<note id="nev27913078n1-nev30071147n8">
<ptxt>Only tighten th#@#@#29#tage.</ptxt>
</note>
<para id="nev27913078n1-nev30071839n96">
<ptxt id="nev27913078n1-nev30071839n97">Install the screw.</ptxt>
</para>
</graphtext>
</grate>
</procstep>
<procstep id="nev27913078n1-nev30071148n2">
<grate id="nev27913078n1-nev30071839n94">
<graphic id="nev27913078n1-nev30071839n95">
<href>0900c8af87308ab#@#@#9#.jpeg</href>
</graphic>
<graphtext id="nev27913078n1-nev30071929n1">
<para id="nev27913078n1-nev30071839n92">
<ptxt id="nev27913078n1-nev30071839n93">Tighten the bolts.</ptxt>
</para>
<para id="nev27913078n1-nev30071839n90">
<ptxt id="nev27913078n1-nev30071839n91">
<torque id="nev27913078n1-nev30071149n1">
<ref id="nev27913078n1-nev30071149n2"/>
</torque>
</ptxt>
</para>
</graphtext>
</grate>
</procstep>
<procstep id="nev27913078n1-nev30071149n3">
<grate id="nev27913078n1-nev30071839n88">
<graphic id="nev27913078n1-nev30071839n89">
<href>0900c8af871a44a#@#@#9#.jpeg</href>
</graphic>
<graphtext id="nev27913078n1-nev30071936n1">
<caution id="nev27913078n1-nev30071149n8">
<ptxt>Make sure that #@#@#51#rial.</ptxt>
</caution>
<para id="nev27913078n1-nev30071839n86">
<ptxt id="nev27913078n1-nev30071839n87">Install the mar#@#@#9#nent.</ptxt>
</para>
<para id="nev27913078n1-nev30071839n84">
<ptxt id="nev27913078n1-nev30071839n85">Install the screws.</ptxt>
</para>
<para id="nev27913078n1-nev30071839n82">
<ptxt id="nev27913078n1-nev30071839n83">
<torque id="nev27913078n1-nev30071150n7">
<ref id="nev27913078n1-nev30071150n8"/>
</torque>
</ptxt>
</para>
</graphtext>
</grate>
</procstep>
<procstep id="nev27913078n1-nev30071150n9">
<grate id="nev27913078n1-nev30071839n80">
<graphic id="nev27913078n1-nev30071839n81">
<href>0900c8af86c1cf9#@#@#9#.jpeg</href>
</graphic>
<graphtext id="nev27913078n1-nev30071943n1">
<caution id="nev27913078n1-nev30071151n4">
<ptxt>Make sure that #@#@#51#rial.</ptxt>
</caution>
<para id="nev27913078n1-nev30071839n78">
<ptxt id="nev27913078n1-nev30071839n79">Install the screw.</ptxt>
</para>
<para id="nev27913078n1-nev30071839n76">
<ptxt id="nev27913078n1-nev30071839n77">
<torque id="nev27913078n1-nev30071151n10">
<ref id="nev27913078n1-nev30071152n1"/>
</torque>
</ptxt>
</para>
</graphtext>
</grate>
</procstep>
<procstep id="nev27913078n1-nev30071152n2">
<grate id="nev27913078n1-nev30071839n74">
<graphic id="nev27913078n1-nev30071839n75">
<href>0900c8af873460a#@#@#9#.jpeg</href>
</graphic>
<graphtext id="nev27913078n1-nev30071950n1">
<para id="nev27913078n1-nev30071839n72">
<ptxt id="nev27913078n1-nev30071839n73">Tighten the screw.</ptxt>
</para>
<para id="nev27913078n1-nev30071839n70">
<ptxt id="nev27913078n1-nev30071839n71">
<torque id="nev27913078n1-nev30071153n1">
<ref id="nev27913078n1-nev30071153n2"/>
</torque>
</ptxt>
</para>
</graphtext>
</grate>
</procstep>
<procstep id="nev27913078n1-nev30071153n3">
<grate id="nev27913078n1-nev30071839n68">
<graphic id="nev27913078n1-nev30071839n69">
<href>0900c8af86bfacc#@#@#9#.jpeg</href>
</graphic>
<graphtext id="nev27913078n1-nev30071957n1">
<para id="nev27913078n1-nev30071839n66">
<ptxt id="nev27913078n1-nev30071839n67">Install the mar#@#@#9#nent.</ptxt>
</para>
<para id="nev27913078n1-nev30071839n64">
<ptxt id="nev27913078n1-nev30071839n65">Install the screws.</ptxt>
</para>
<para id="nev27913078n1-nev30071839n62">
<ptxt id="nev27913078n1-nev30071839n63">
<torque id="nev27913078n1-nev30071154n5">
<ref id="nev27913078n1-nev30071154n6"/>
</torque>
</ptxt>
</para>
</graphtext>
</grate>
</procstep>
<procstep id="nev27913078n1-nev30071154n7">
<grate id="nev27913078n1-nev30071839n60">
<graphic id="nev27913078n1-nev30071839n61">
<href>0900c8af880bfe2#@#@#9#.jpeg</href>
</graphic>
<graphtext id="nev27913078n1-nev30071964n1">
<para id="nev27913078n1-nev30071839n58">
<ptxt id="nev27913078n1-nev30071839n59">Install the screw.</ptxt>
</para>
<para id="nev27913078n1-nev30071839n56">
<ptxt id="nev27913078n1-nev30071839n57">
<torque id="nev27913078n1-nev30071155n6">
<ref id="nev27913078n1-nev30071155n7"/>
</torque>
</ptxt>
</para>
</graphtext>
</grate>
</procstep>
<procstep id="nev27913078n1-nev30071155n8">
<grate id="nev27913078n1-nev30071839n54">
<graphic id="nev27913078n1-nev30071839n55">
<href>0900c8af86bfaa1#@#@#9#.jpeg</href>
</graphic>
<graphtext id="nev27913078n1-nev30071971n1">
<para id="nev27913078n1-nev30071839n52">
<ptxt id="nev27913078n1-nev30071839n53">Install the mar#@#@#9#nent.</ptxt>
</para>
<para id="nev27913078n1-nev30071839n50">
<ptxt id="nev27913078n1-nev30071839n51">Install the screw.</ptxt>
</para>
<para id="nev27913078n1-nev30071839n48">
<ptxt id="nev27913078n1-nev30071839n49">
<torque id="nev27913078n1-nev30071156n10">
<ref id="nev27913078n1-nev30071157n1"/>
</torque>
</ptxt>
</para>
</graphtext>
</grate>
</procstep>
<procstep id="nev27913078n1-nev30071157n2">
<grate id="nev27913078n1-nev30071839n46">
<graphic id="nev27913078n1-nev30071839n47">
<href>0900c8af871a44a#@#@#9#.jpeg</href>
</graphic>
<graphtext id="nev27913078n1-nev30071978n1">
<para id="nev27913078n1-nev30071839n44">
<ptxt id="nev27913078n1-nev30071839n45">Tighten the screw.</ptxt>
</para>
<para id="nev27913078n1-nev30071839n42">
<ptxt id="nev27913078n1-nev30071839n43">
<torque id="nev27913078n1-nev30071158n1">
<ref id="nev27913078n1-nev30071158n2"/>
</torque>
</ptxt>
</para>
</graphtext>
</grate>
</procstep>
<procstep id="nev27913078n1-nev30071159n6">
<grate id="nev27913078n1-nev30071839n40">
<graphic id="nev27913078n1-nev30071839n41">
<href>0900c8af861bcbe#@#@#9#.jpeg</href>
</graphic>
</grate>
</procstep>
<procstep id="nev27913078n1-nev30071159n9">
<grate id="nev27913078n1-nev30071839n38">
<graphic id="nev27913078n1-nev30071839n39">
<href>0900c8af861bddf#@#@#9#.jpeg</href>
</graphic>
<graphtext id="nev27913078n1-nev30071988n1">
<note id="nev27913078n1-nev30071160n4">
<ptxt>Make sure that #@#@#24#lled.</ptxt>
</note>
</graphtext>
</grate>
</procstep>
<procstep id="nev27913078n1-nev30071160n5">
<grate id="nev27913078n1-nev30071839n36">
<graphic id="nev27913078n1-nev30071839n37">
<href>0900c8af865b7a0#@#@#9#.jpeg</href>
</graphic>
<graphtext id="nev27913078n1-nev30071992n1">
<caution id="nev27913078n1-nev30071160n10">
<ptxt>Make sure that #@#@#63#rial.</ptxt>
</caution>
<caution id="nev27913078n1-nev30071161n2">
<ptxt>Make sure that #@#@#51#rial.</ptxt>
</caution>
<note id="nev27913078n1-nev30071161n4">
<ptxt>Always follow t#@#@#34#ions.</ptxt>
</note>
<para id="nev27913078n1-nev30071839n34">
<ptxt id="nev27913078n1-nev30071839n35">
<toolitem boilerplate="true" id="nev27913078n1-nev30071161n7" imageid="0900c8af861ff441"/>
</ptxt>
</para>
</graphtext>
</grate>
</procstep>
<procstep id="nev27913078n1-nev30071161n8">
<grate id="nev27913078n1-nev30071839n32">
<graphic id="nev27913078n1-nev30071839n33">
<href>0900c8af8669186#@#@#9#.jpeg</href>
</graphic>
<graphtext id="nev27913078n1-nev30071999n1">
<para id="nev27913078n1-nev30071839n30">
<ptxt id="nev27913078n1-nev30071839n31">Install the mar#@#@#9#nent.</ptxt>
</para>
<para id="nev27913078n1-nev30071839n28">
<ptxt id="nev27913078n1-nev30071839n29">Install the screws.</ptxt>
</para>
<para id="nev27913078n1-nev30071839n26">
<ptxt id="nev27913078n1-nev30071839n27">
<torque id="nev27913078n1-nev30071162n10">
<ref id="nev27913078n1-nev30071163n1"/>
</torque>
</ptxt>
</para>
</graphtext>
</grate>
</procstep>
<procstep id="nev27913078n1-nev30071839n25">
<grate id="nev27913078n1-nev30071839n23">
<graphic id="nev27913078n1-nev30071839n24">
<href>0900c8af865b78e#@#@#9#.jpeg</href>
</graphic>
<graphtext id="nev27913078n1-nev30072006n1">
<caution id="nev27913078n1-nev30071839n22">
<ptxt>Take extra care#@#@#27#aces.</ptxt>
</caution>
<para id="nev27913078n1-nev30071839n20">
<ptxt id="nev27913078n1-nev30071839n21">Install the mar#@#@#9#nent.</ptxt>
</para>
</graphtext>
</grate>
</procstep>
<procstep id="nev27913078n1-nev30071163n2">
<grate id="nev27913078n1-nev30071839n18">
<graphic id="nev27913078n1-nev30071839n19">
<href>0900c8af861c401#@#@#9#.jpeg</href>
</graphic>
<graphtext id="nev27913078n1-nev30072010n1">
<note id="nev27913078n1-nev30071163n7">
<ptxt>Make sure that #@#@#24#lled.</ptxt>
</note>
<para id="nev27913078n1-nev30071839n16">
<ptxt id="nev27913078n1-nev30071839n17">Install the mar#@#@#9#nent.</ptxt>
</para>
<para id="nev27913078n1-nev30071839n14">
<ptxt id="nev27913078n1-nev30071839n15">Install the screws.</ptxt>
</para>
<para id="nev27913078n1-nev30071839n12">
<ptxt id="nev27913078n1-nev30071839n13">
<torque id="nev27913078n1-nev30071164n6">
<ref id="nev27913078n1-nev30071164n7"/>
</torque>
</ptxt>
</para>
</graphtext>
</grate>
</procstep>
<procstep id="nev27913078n1-nev30071164n8">
<grate id="nev27913078n1-nev30071839n10">
<graphic id="nev27913078n1-nev30071839n11">
<href>0900c8af861bcdb#@#@#9#.jpeg</href>
</graphic>
<graphtext id="nev27913078n1-nev30072017n1">
<caution id="nev27913078n1-nev30071839n9">
<ptxt>Make sure that #@#@#33#ctly.</ptxt>
</caution>
<para id="nev27913078n1-nev30071839n7">
<ptxt id="nev27913078n1-nev30071839n8">Install the mar#@#@#9#nent.</ptxt>
</para>
<para id="nev27913078n1-nev30071839n5">
<ptxt id="nev27913078n1-nev30071839n6">A click confirm#@#@#43#tion.</ptxt>
</para>
</graphtext>
</grate>
</procstep>
<procstep id="nev27913078n1-nev30071165n8">
<grate id="nev27913078n1-nev30071839n3">
<graphic id="nev27913078n1-nev30071839n4">
<href>0900c8af861bd26#@#@#9#.jpeg</href>
</graphic>
<graphtext id="nev27913078n1-nev30072021n1">
<note id="nev27913078n1-nev30071166n3">
<ptxt>Make sure that #@#@#24#lled.</ptxt>
</note>
<note id="nev27913078n1-nev30071166n5">
<ptxt>Only tighten th#@#@#35#tage.</ptxt>
</note>
<para id="nev27913078n1-nev30071839n1">
<ptxt id="nev27913078n1-nev30071839n2">Install the mar#@#@#9#nent.</ptxt>
</para>
</graphtext>
</grate>
</procstep>
<procstep id="nev27913078n1-nev30071166n9">
<grate id="nev27913078n1-nev30071840n99">
<graphic id="nev27913078n1-nev30071840n100">
<href>0900c8af865b7a0#@#@#9#.jpeg</href>
</graphic>
<graphtext id="nev27913078n1-nev30072025n1">
<para id="nev27913078n1-nev30071840n97">
<ptxt id="nev27913078n1-nev30071840n98">Tighten the nuts.</ptxt>
</para>
<para id="nev27913078n1-nev30071840n95">
<ptxt id="nev27913078n1-nev30071840n96">
<torque id="nev27913078n1-nev30071167n8">
<ref id="nev27913078n1-nev30071167n9"/>
</torque>
</ptxt>
</para>
</graphtext>
</grate>
</procstep>
<procstep id="nev27913078n1-nev30071167n10">
<grate id="nev27913078n1-nev30071840n93">
<graphic id="nev27913078n1-nev30071840n94">
<href>0900c8af8669159#@#@#9#.jpeg</href>
</graphic>
<graphtext id="nev27913078n1-nev30072032n1">
<para id="nev27913078n1-nev30071840n91">
<ptxt id="nev27913078n1-nev30071840n92">Install the mar#@#@#9#nent.</ptxt>
</para>
<para id="nev27913078n1-nev30071840n89">
<ptxt id="nev27913078n1-nev30071840n90">Install the screws.</ptxt>
</para>
<para id="nev27913078n1-nev30071840n87">
<ptxt id="nev27913078n1-nev30071840n88">
<torque id="nev27913078n1-nev30071169n2">
<ref id="nev27913078n1-nev30071169n3"/>
</torque>
</ptxt>
</para>
</graphtext>
</grate>
</procstep>
<procstep id="nev27913078n1-nev30071169n4">
<grate id="nev27913078n1-nev30071840n85">
<graphic id="nev27913078n1-nev30071840n86">
<href>0900c8af8600337#@#@#9#.jpeg</href>
</graphic>
</grate>
</procstep>
<procstep id="nev27913078n1-nev30071169n7">
<grate id="nev27913078n1-nev30071840n83">
<graphic id="nev27913078n1-nev30071840n84">
<href>0900c8af8600337#@#@#9#.jpeg</href>
</graphic>
<graphtext id="nev27913078n1-nev30072042n1">
<caution id="nev27913078n1-nev30071170n2">
<ptxt>Make sure that #@#@#33#ctly.</ptxt>
</caution>
</graphtext>
</grate>
</procstep>
<procstep id="nev27913078n1-nev30071170n3">
<grate id="nev27913078n1-nev30071840n81">
<graphic id="nev27913078n1-nev30071840n82">
<href>0900c8af8669121#@#@#9#.jpeg</href>
</graphic>
<graphtext id="nev27913078n1-nev30072046n1">
<para id="nev27913078n1-nev30071840n79">
<ptxt id="nev27913078n1-nev30071840n80">Install the mar#@#@#9#nent.</ptxt>
</para>
<para id="nev27913078n1-nev30071840n77">
<ptxt id="nev27913078n1-nev30071840n78">Install the screws.</ptxt>
</para>
<para id="nev27913078n1-nev30071840n75">
<ptxt id="nev27913078n1-nev30071840n76">
<torque id="nev27913078n1-nev30071171n5">
<ref id="nev27913078n1-nev30071171n6"/>
</torque>
</ptxt>
</para>
</graphtext>
</grate>
</procstep>
<procstep id="nev27913078n1-nev30071171n7">
<grate id="nev27913078n1-nev30071840n73">
<graphic id="nev27913078n1-nev30071840n74">
<href>0900c8af8669121#@#@#9#.jpeg</href>
</graphic>
<graphtext id="nev27913078n1-nev30072053n1">
<para id="nev27913078n1-nev30071840n71">
<ptxt id="nev27913078n1-nev30071840n72">Install the mar#@#@#9#nent.</ptxt>
</para>
<para id="nev27913078n1-nev30071840n69">
<ptxt id="nev27913078n1-nev30071840n70">Install the screws.</ptxt>
</para>
<list1 enumtype="n" id="nev27913078n1-nev30071172n7" type="ordered">
<item id="nev27913078n1-nev30071840n68">
<ptxt id="nev27913078n1-nev30071840n67">
<torque id="nev27913078n1-nev30071172n10">
<ref id="nev27913078n1-nev30071173n1"/>
</torque>
</ptxt>
</item>
<item id="nev27913078n1-nev30071840n66">
<ptxt id="nev27913078n1-nev30071840n65">
<torque id="nev27913078n1-nev30071173n4">
<ref id="nev27913078n1-nev30071173n5"/>
</torque>
</ptxt>
</item>
</list1>
</graphtext>
</grate>
</procstep>
<procstep id="nev27913078n1-nev30071173n6">
<grate id="nev27913078n1-nev30071840n63">
<graphic id="nev27913078n1-nev30071840n64">
<href>0900c8af8669121#@#@#9#.jpeg</href>
</graphic>
<graphtext id="nev27913078n1-nev30072063n1">
<para id="nev27913078n1-nev30071840n61">
<ptxt id="nev27913078n1-nev30071840n62">Install the mar#@#@#9#nent.</ptxt>
</para>
<para id="nev27913078n1-nev30071840n59">
<ptxt id="nev27913078n1-nev30071840n60">Install the screw.</ptxt>
</para>
<para id="nev27913078n1-nev30071840n57">
<ptxt id="nev27913078n1-nev30071840n58">
<torque id="nev27913078n1-nev30071174n8">
<ref id="nev27913078n1-nev30071174n9"/>
</torque>
</ptxt>
</para>
</graphtext>
</grate>
</procstep>
<procstep id="nev27913078n1-nev30071174n10">
<grate id="nev27913078n1-nev30071840n55">
<graphic id="nev27913078n1-nev30071840n56">
<href>0900c8af866caee#@#@#9#.jpeg</href>
</graphic>
<graphtext id="nev27913078n1-nev30072070n1">
<caution id="nev27913078n1-nev30071175n5">
<ptxt>Make sure that #@#@#51#rial.</ptxt>
</caution>
<caution id="nev27913078n1-nev30071175n7">
<ptxt>Make sure that #@#@#29#ated.</ptxt>
</caution>
</graphtext>
</grate>
</procstep>
<procstep id="nev27913078n1-nev30071175n8">
<grate id="nev27913078n1-nev30071840n53">
<graphic id="nev27913078n1-nev30071840n54">
<href>0900c8af8669121#@#@#9#.jpeg</href>
</graphic>
<graphtext id="nev27913078n1-nev30072074n1">
<para id="nev27913078n1-nev30071840n51">
<ptxt id="nev27913078n1-nev30071840n52">Install the mar#@#@#9#nent.</ptxt>
</para>
<para id="nev27913078n1-nev30071840n49">
<ptxt id="nev27913078n1-nev30071840n50">Install the screws.</ptxt>
</para>
<para id="nev27913078n1-nev30071840n47">
<ptxt id="nev27913078n1-nev30071840n48">
<torque id="nev27913078n1-nev30071176n10">
<ref id="nev27913078n1-nev30071177n1"/>
</torque>
</ptxt>
</para>
</graphtext>
</grate>
</procstep>
<procstep id="nev27913078n1-nev30071177n2">
<grate id="nev27913078n1-nev30071840n45">
<graphic id="nev27913078n1-nev30071840n46">
<href>0900c8af87324ad#@#@#9#.jpeg</href>
</graphic>
<graphtext id="nev27913078n1-nev30072081n1">
<para id="nev27913078n1-nev30071840n43">
<ptxt id="nev27913078n1-nev30071840n44">Install the mar#@#@#9#nent.</ptxt>
</para>
<para id="nev27913078n1-nev30071840n41">
<ptxt id="nev27913078n1-nev30071840n42">A click confirm#@#@#43#tion.</ptxt>
</para>
<para id="nev27913078n1-nev30071840n39">
<ptxt id="nev27913078n1-nev30071840n40">Install the screw.</ptxt>
</para>
<para id="nev27913078n1-nev30071840n37">
<ptxt id="nev27913078n1-nev30071840n38">
<torque id="nev27913078n1-nev30071178n4">
<ref id="nev27913078n1-nev30071178n5"/>
</torque>
</ptxt>
</para>
</graphtext>
</grate>
</procstep>
<procstep id="nev27913078n1-nev30071178n6">
<grate id="nev27913078n1-nev30071840n35">
<graphic id="nev27913078n1-nev30071840n36">
<href>0900c8af86682d1#@#@#9#.jpeg</href>
</graphic>
<graphtext id="nev27913078n1-nev30072088n1">
<para id="nev27913078n1-nev30071840n33">
<ptxt id="nev27913078n1-nev30071840n34">Install the mar#@#@#9#nent.</ptxt>
</para>
<para id="nev27913078n1-nev30071840n31">
<ptxt id="nev27913078n1-nev30071840n32">Install the screws.</ptxt>
</para>
<para id="nev27913078n1-nev30071840n29">
<ptxt id="nev27913078n1-nev30071840n30">
<torque id="nev27913078n1-nev30071179n8">
<ref id="nev27913078n1-nev30071179n9"/>
</torque>
</ptxt>
</para>
</graphtext>
</grate>
</procstep>
<procstep id="nev27913078n1-nev30071840n28">
<grate id="nev27913078n1-nev30071840n26">
<graphic id="nev27913078n1-nev30071840n27">
<href>0900c8af8719a3a#@#@#9#.jpeg</href>
</graphic>
<graphtext id="nev27913078n1-nev30072095n1">
<para id="nev27913078n1-nev30071840n24">
<ptxt id="nev27913078n1-nev30071840n25">Install the mar#@#@#9#nent.</ptxt>
</para>
<para id="nev27913078n1-nev30071840n22">
<ptxt id="nev27913078n1-nev30071840n23">Install the screws.</ptxt>
</para>
<para id="nev27913078n1-nev30071840n18">
<ptxt id="nev27913078n1-nev30071840n20">
<torque id="nev27913078n1-nev30071840n21">
<ref id="nev27913078n1-nev30071840n19"/>
</torque>
</ptxt>
</para>
</graphtext>
</grate>
</procstep>
<procstep id="nev27913078n1-nev30071179n10">
<grate id="nev27913078n1-nev30071840n16">
<graphic id="nev27913078n1-nev30071840n17">
<href>0900c8af86682d1#@#@#9#.jpeg</href>
</graphic>
<graphtext id="nev27913078n1-nev30072102n1">
<para id="nev27913078n1-nev30071840n14">
<ptxt id="nev27913078n1-nev30071840n15">Install the mar#@#@#9#nent.</ptxt>
</para>
<para id="nev27913078n1-nev30071840n12">
<ptxt id="nev27913078n1-nev30071840n13">Install the screws.</ptxt>
</para>
<para id="nev27913078n1-nev30071840n10">
<ptxt id="nev27913078n1-nev30071840n11">
<torque id="nev27913078n1-nev30071181n2">
<ref id="nev27913078n1-nev30071181n3"/>
</torque>
</ptxt>
</para>
</graphtext>
</grate>
</procstep>
<procstep id="nev27913078n1-nev30071182n10">
<grate id="nev27913078n1-nev30071840n8">
<graphic id="nev27913078n1-nev30071840n9">
<href>0900c8af86682d1#@#@#9#.jpeg</href>
</graphic>
<graphtext id="nev27913078n1-nev30072109n1">
<para id="nev27913078n1-nev30071840n6">
<ptxt id="nev27913078n1-nev30071840n7">Install the screw.</ptxt>
</para>
<para id="nev27913078n1-nev30071840n4">
<ptxt id="nev27913078n1-nev30071840n5">
<torque id="nev27913078n1-nev30071183n9">
<ref id="nev27913078n1-nev30071183n10"/>
</torque>
</ptxt>
</para>
</graphtext>
</grate>
</procstep>
<procstep id="nev27913078n1-nev30071181n4">
<grate id="nev27913078n1-nev30071840n2">
<graphic id="nev27913078n1-nev30071840n3">
<href>0900c8af86682bc#@#@#9#.jpeg</href>
</graphic>
<graphtext id="nev27913078n1-nev30072116n1">
<note id="nev27913078n1-nev30071181n9">
<ptxt>Make sure that #@#@#51#rial.</ptxt>
</note>
<para id="nev27913078n1-nev30071841n100">
<ptxt id="nev27913078n1-nev30071840n1">Install the mar#@#@#9#nent.</ptxt>
</para>
<para id="nev27913078n1-nev30071841n98">
<ptxt id="nev27913078n1-nev30071841n99">Install the screws.</ptxt>
</para>
<para id="nev27913078n1-nev30071841n96">
<ptxt id="nev27913078n1-nev30071841n97">
<torque id="nev27913078n1-nev30071182n8">
<ref id="nev27913078n1-nev30071182n9"/>
</torque>
</ptxt>
</para>
</graphtext>
</grate>
</procstep>
<procstep id="nev27913078n1-nev30071184n1">
<grate id="nev27913078n1-nev30071841n94">
<graphic id="nev27913078n1-nev30071841n95">
<href>0900c8af8612130#@#@#9#.jpeg</href>
</graphic>
<graphtext id="nev27913078n1-nev30072123n1">
<para id="nev27913078n1-nev30071841n92">
<ptxt id="nev27913078n1-nev30071841n93">Install the mar#@#@#9#nent.</ptxt>
</para>
<para id="nev27913078n1-nev30071841n90">
<ptxt id="nev27913078n1-nev30071841n91">Install the screws.</ptxt>
</para>
<para id="nev27913078n1-nev30071841n88">
<ptxt id="nev27913078n1-nev30071841n89">
<torque id="nev27913078n1-nev30071185n3">
<ref id="nev27913078n1-nev30071185n4"/>
</torque>
</ptxt>
</para>
</graphtext>
</grate>
</procstep>
<procstep id="nev27913078n1-nev30071185n5">
<grate id="nev27913078n1-nev30071841n86">
<graphic id="nev27913078n1-nev30071841n87">
<href>0900c8af866caee#@#@#9#.jpeg</href>
</graphic>
<graphtext id="nev27913078n1-nev30072130n1">
<para id="nev27913078n1-nev30071841n84">
<ptxt id="nev27913078n1-nev30071841n85">Install the mar#@#@#9#nent.</ptxt>
</para>
<para id="nev27913078n1-nev30071841n82">
<ptxt id="nev27913078n1-nev30071841n83">Depress the loc#@#@#7#vice.</ptxt>
</para>
<para id="nev27913078n1-nev30071841n80">
<ptxt id="nev27913078n1-nev30071841n81">Tighten the hos#@#@#3#lamp.</ptxt>
</para>
</graphtext>
</grate>
</procstep>
<procstep id="nev27913078n1-nev30071186n8">
<grate id="nev27913078n1-nev30071841n78">
<graphic id="nev27913078n1-nev30071841n79">
<href>0900c8af86645f6#@#@#9#.jpeg</href>
</graphic>
<graphtext id="nev27913078n1-nev30072134n1">
<para id="nev27913078n1-nev30071841n76">
<ptxt id="nev27913078n1-nev30071841n77">Install the mar#@#@#9#nent.</ptxt>
</para>
<para id="nev27913078n1-nev30071841n73">
<ptxt id="nev27913078n1-nev30071841n75">
<toolitem boilerplate="true" id="nev27913078n1-nev30071841n74" imageid="0900c8af86646048"/>
</ptxt>
</para>
<para id="nev27913078n1-nev30071841n71">
<ptxt id="nev27913078n1-nev30071841n72">
<torque id="nev27913078n1-nev30071187n7">
<ref id="nev27913078n1-nev30071187n8"/>
</torque>
</ptxt>
</para>
</graphtext>
</grate>
</procstep>
<procstep id="nev27913078n1-nev30071187n9">
<grate id="nev27913078n1-nev30071841n69">
<graphic id="nev27913078n1-nev30071841n70">
<href>0900c8af873256c#@#@#9#.jpeg</href>
</graphic>
<graphtext id="nev27913078n1-nev30072144n1">
<para id="nev27913078n1-nev30071841n67">
<ptxt id="nev27913078n1-nev30071841n68">Install the mar#@#@#9#nent.</ptxt>
</para>
<para id="nev27913078n1-nev30071841n65">
<ptxt id="nev27913078n1-nev30071841n66">Connect the con#@#@#3#tors.</ptxt>
</para>
</graphtext>
</grate>
</procstep>
<procstep id="nev27913078n1-nev30071188n9">
<grate id="nev27913078n1-nev30071841n63">
<graphic id="nev27913078n1-nev30071841n64">
<href>0900c8af873256c#@#@#9#.jpeg</href>
</graphic>
<graphtext id="nev27913078n1-nev30072148n1">
<para id="nev27913078n1-nev30071841n61">
<ptxt id="nev27913078n1-nev30071841n62">Install the clip(s).</ptxt>
</para>
</graphtext>
</grate>
</procstep>
<procstep id="nev27913078n1-nev30071189n6">
<grate id="nev27913078n1-nev30071841n59">
<graphic id="nev27913078n1-nev30071841n60">
<href>0900c8af87d94ec#@#@#9#.jpeg</href>
</graphic>
<graphtext id="nev27913078n1-nev30072152n1">
<para id="nev27913078n1-nev30071841n57">
<ptxt id="nev27913078n1-nev30071841n58">Install the mar#@#@#9#nent.</ptxt>
</para>
<para id="nev27913078n1-nev30071841n55">
<ptxt id="nev27913078n1-nev30071841n56">Install the screws.</ptxt>
</para>
<list1 enumtype="n" id="nev27913078n1-nev30071190n6" type="ordered">
<item id="nev27913078n1-nev30071841n54">
<ptxt id="nev27913078n1-nev30071841n53">
<torque id="nev27913078n1-nev30071190n9">
<ref id="nev27913078n1-nev30071190n10"/>
</torque>
</ptxt>
</item>
<item id="nev27913078n1-nev30071841n52">
<ptxt id="nev27913078n1-nev30071841n51">
<torque id="nev27913078n1-nev30071191n3">
<ref id="nev27913078n1-nev30071191n4"/>
</torque>
</ptxt>
</item>
</list1>
</graphtext>
</grate>
</procstep>
<procstep id="nev27913078n1-nev30071191n5">
<grate id="nev27913078n1-nev30071841n49">
<graphic id="nev27913078n1-nev30071841n50">
<href>0900c8af860c32a#@#@#9#.jpeg</href>
</graphic>
<graphtext id="nev27913078n1-nev30072162n1">
<note id="nev27913078n1-nev30071191n10">
<ptxt>Only tighten th#@#@#35#tage.</ptxt>
</note>
<note id="nev27913078n1-nev30071192n2">
<ptxt>Make sure that #@#@#24#lled.</ptxt>
</note>
<para id="nev27913078n1-nev30071841n47">
<ptxt id="nev27913078n1-nev30071841n48">Install the screw.</ptxt>
</para>
<para id="nev27913078n1-nev30071841n45">
<ptxt id="nev27913078n1-nev30071841n46">Use hands only.</ptxt>
</para>
</graphtext>
</grate>
</procstep>
<procstep id="nev27913078n1-nev30071192n9">
<grate id="nev27913078n1-nev30071841n43">
<graphic id="nev27913078n1-nev30071841n44">
<href>0900c8af860c32c#@#@#9#.jpeg</href>
</graphic>
<graphtext id="nev27913078n1-nev30072166n1">
<para id="nev27913078n1-nev30071841n41">
<ptxt id="nev27913078n1-nev30071841n42">Tighten the nuts.</ptxt>
</para>
<para id="nev27913078n1-nev30071841n39">
<ptxt id="nev27913078n1-nev30071841n40">
<torque id="nev27913078n1-nev30071193n8">
<ref id="nev27913078n1-nev30071193n9"/>
</torque>
</ptxt>
</para>
<para id="nev27913078n1-nev30071841n37">
<ptxt id="nev27913078n1-nev30071841n38">
<toolitem boilerplate="true" id="nev27913078n1-nev30071194n2" imageid="0900c8af8646873b"/>
</ptxt>
</para>
</graphtext>
</grate>
</procstep>
<procstep id="nev27913078n1-nev30071194n3">
<grate id="nev27913078n1-nev30071841n35">
<graphic id="nev27913078n1-nev30071841n36">
<href>0900c8af86682b4#@#@#9#.jpeg</href>
</graphic>
<graphtext id="nev27913078n1-nev30072176n1">
<caution id="nev27913078n1-nev30071194n8">
<ptxt>The use of tool#@#@#56#ings.</ptxt>
</caution>
<caution id="nev27913078n1-nev30071194n10">
<ptxt>Make sure that #@#@#63#rial.</ptxt>
</caution>
<caution id="nev27913078n1-nev30071195n2">
<ptxt>Extreme cleanli#@#@#49#ents.</ptxt>
</caution>
<caution id="nev27913078n1-nev30071195n4">
<ptxt>Make sure that #@#@#45#aged.</ptxt>
</caution>
<hint id="nev27913078n1-nev30071195n6">
<ptxt>A click confirm#@#@#43#tion.</ptxt>
</hint>
</graphtext>
</grate>
</procstep>
<procstep id="nev27913078n1-nev30071195n7">
<grate id="nev27913078n1-nev30071841n33">
<graphic id="nev27913078n1-nev30071841n34">
<href>0900c8af86682b4#@#@#9#.jpeg</href>
</graphic>
<graphtext id="nev27913078n1-nev30072180n1">
<para id="nev27913078n1-nev30071841n31">
<ptxt id="nev27913078n1-nev30071841n32">Install the mar#@#@#9#nent.</ptxt>
</para>
<para id="nev27913078n1-nev30071841n29">
<ptxt id="nev27913078n1-nev30071841n30">Install the screws.</ptxt>
</para>
<para id="nev27913078n1-nev30071841n27">
<ptxt id="nev27913078n1-nev30071841n28">
<torque id="nev27913078n1-nev30071196n9">
<ref id="nev27913078n1-nev30071196n10"/>
</torque>
</ptxt>
</para>
</graphtext>
</grate>
</procstep>
<procstep id="nev27913078n1-nev30071197n1">
<grate id="nev27913078n1-nev30071841n25">
<graphic id="nev27913078n1-nev30071841n26">
<href>0900c8af86682b3#@#@#9#.jpeg</href>
</graphic>
<graphtext id="nev27913078n1-nev30072187n1">
<para id="nev27913078n1-nev30071841n23">
<ptxt id="nev27913078n1-nev30071841n24">Install the mar#@#@#9#nent.</ptxt>
</para>
<para id="nev27913078n1-nev30071841n21">
<ptxt id="nev27913078n1-nev30071841n22">Install the screws.</ptxt>
</para>
<list1 enumtype="n" id="nev27913078n1-nev30071198n1" type="ordered">
<item id="nev27913078n1-nev30071841n20">
<ptxt id="nev27913078n1-nev30071841n19">
<torque id="nev27913078n1-nev30071198n4">
<ref id="nev27913078n1-nev30071198n5"/>
</torque>
</ptxt>
</item>
<item id="nev27913078n1-nev30071841n18">
<ptxt id="nev27913078n1-nev30071841n17">
<torque id="nev27913078n1-nev30071198n8">
<ref id="nev27913078n1-nev30071198n9"/>
</torque>
</ptxt>
</item>
</list1>
</graphtext>
</grate>
</procstep>
<procstep id="nev27913078n1-nev30071198n10">
<grate id="nev27913078n1-nev30071841n15">
<graphic id="nev27913078n1-nev30071841n16">
<href>0900c8af8829432#@#@#9#.jpeg</href>
</graphic>
<graphtext id="nev27913078n1-nev30072197n1">
<para id="nev27913078n1-nev30071841n13">
<ptxt id="nev27913078n1-nev30071841n14">Install the hoses.</ptxt>
</para>
</graphtext>
</grate>
</procstep>
<procstep id="nev27913078n1-nev30071199n7">
<grate id="nev27913078n1-nev30071841n11">
<graphic id="nev27913078n1-nev30071841n12">
<href>0900c8af83d85eb#@#@#9#.jpeg</href>
</graphic>
<graphtext id="nev27913078n1-nev30072201n1">
<para id="nev27913078n1-nev30071841n9">
<ptxt id="nev27913078n1-nev30071841n10">Remove the Spec#@#@#4#Tool.</ptxt>
</para>
</graphtext>
</grate>
</procstep>
<procstep id="nev27913078n1-nev30071200n4">
<para id="nev27913078n1-nev30071841n7">
<ptxt id="nev27913078n1-nev30071841n8">Install carrier#@#@#1#plate<xref boilerplate="true" id="nev27913078n1-nev30071200n8">
<ref id="nev27913078n1-nev30071200n9"/>
</xref>
</ptxt>
</para>
</procstep>
<procstep id="nev27913078n1-nev30071200n10">
<grate id="nev27913078n1-nev30071841n5">
<graphic id="nev27913078n1-nev30071841n6">
<href>0900c8af8829259#@#@#9#.jpeg</href>
</graphic>
<graphtext id="nev27913078n1-nev30072208n1">
<para id="nev27913078n1-nev30071841n3">
<ptxt id="nev27913078n1-nev30071841n4">Install the mar#@#@#9#nent.</ptxt>
</para>
<para id="nev27913078n1-nev30071841n1">
<ptxt id="nev27913078n1-nev30071841n2">Install the screws.</ptxt>
</para>
<para id="nev27913078n1-nev30071842n99">
<ptxt id="nev27913078n1-nev30071842n100">
<torque id="nev27913078n1-nev30071202n2">
<ref id="nev27913078n1-nev30071202n3"/>
</torque>
</ptxt>
</para>
</graphtext>
</grate>
</procstep>
<procstep id="nev27913078n1-nev30071202n4">
<grate id="nev27913078n1-nev30071842n97">
<graphic id="nev27913078n1-nev30071842n98">
<href>0900c8af8732f50#@#@#9#.jpeg</href>
</graphic>
<graphtext id="nev27913078n1-nev30072215n1">
<para id="nev27913078n1-nev30071842n95">
<ptxt id="nev27913078n1-nev30071842n96">Install the mar#@#@#9#nent.</ptxt>
</para>
</graphtext>
</grate>
</procstep>
<procstep id="nev27913078n1-nev30071203n1">
<grate id="nev27913078n1-nev30071842n93">
<graphic id="nev27913078n1-nev30071842n94">
<href>0900c8af86a7af4#@#@#9#.jpeg</href>
</graphic>
<graphtext id="nev27913078n1-nev30072219n1">
<para id="nev27913078n1-nev30071842n91">
<ptxt id="nev27913078n1-nev30071842n92">Install the screws.</ptxt>
</para>
<para id="nev27913078n1-nev30071842n89">
<ptxt id="nev27913078n1-nev30071842n90">
<torque id="nev27913078n1-nev30071203n10">
<ref id="nev27913078n1-nev30071204n1"/>
</torque>
</ptxt>
</para>
</graphtext>
</grate>
</procstep>
<procstep id="nev27913078n1-nev30071204n2">
<grate id="nev27913078n1-nev30071842n87">
<graphic id="nev27913078n1-nev30071842n88">
<href>0900c8af8663f10#@#@#9#.jpeg</href>
</graphic>
<graphtext id="nev27913078n1-nev30072226n1">
<para id="nev27913078n1-nev30071842n85">
<ptxt id="nev27913078n1-nev30071842n86">Install the screws.</ptxt>
</para>
<para id="nev27913078n1-nev30071842n83">
<ptxt id="nev27913078n1-nev30071842n84">
<torque id="nev27913078n1-nev30071205n1">
<ref id="nev27913078n1-nev30071205n2"/>
</torque>
</ptxt>
</para>
</graphtext>
</grate>
</procstep>
<procstep id="nev27913078n1-nev30071205n3">
<grate id="nev27913078n1-nev30071842n81">
<graphic id="nev27913078n1-nev30071842n82">
<href>0900c8af8663ec4#@#@#9#.jpeg</href>
</graphic>
<graphtext id="nev27913078n1-nev30072233n1">
<para id="nev27913078n1-nev30071842n79">
<ptxt id="nev27913078n1-nev30071842n80">Install the mar#@#@#9#nent.</ptxt>
</para>
<para id="nev27913078n1-nev30071842n77">
<ptxt id="nev27913078n1-nev30071842n78">Install the screws.</ptxt>
</para>
<para id="nev27913078n1-nev30071842n75">
<ptxt id="nev27913078n1-nev30071842n76">
<torque id="nev27913078n1-nev30071206n5">
<ref id="nev27913078n1-nev30071206n6"/>
</torque>
</ptxt>
</para>
</graphtext>
</grate>
</procstep>
<procstep id="nev27913078n1-nev30071206n7">
<grate id="nev27913078n1-nev30071842n73">
<graphic id="nev27913078n1-nev30071842n74">
<href>0900c8af866f09c#@#@#9#.jpeg</href>
</graphic>
<graphtext id="nev27913078n1-nev30072240n1">
<para id="nev27913078n1-nev30071842n71">
<ptxt id="nev27913078n1-nev30071842n72">Install the screw.</ptxt>
</para>
<para id="nev27913078n1-nev30071842n69">
<ptxt id="nev27913078n1-nev30071842n70">
<torque id="nev27913078n1-nev30071207n6">
<ref id="nev27913078n1-nev30071207n7"/>
</torque>
</ptxt>
</para>
</graphtext>
</grate>
</procstep>
<procstep id="nev27913078n1-nev30071207n8">
<grate id="nev27913078n1-nev30071842n67">
<graphic id="nev27913078n1-nev30071842n68">
<href>0900c8af86b4b53#@#@#9#.jpeg</href>
</graphic>
<graphtext id="nev27913078n1-nev30072247n1">
<para id="nev27913078n1-nev30071842n65">
<ptxt id="nev27913078n1-nev30071842n66">Install the screws.</ptxt>
</para>
<para id="nev27913078n1-nev30071842n63">
<ptxt id="nev27913078n1-nev30071842n64">
<torque id="nev27913078n1-nev30071208n7">
<ref id="nev27913078n1-nev30071208n8"/>
</torque>
</ptxt>
</para>
</graphtext>
</grate>
</procstep>
<procstep id="nev27913078n1-nev30071208n9">
<grate id="nev27913078n1-nev30071842n61">
<graphic id="nev27913078n1-nev30071842n62">
<href>0900c8af8663f32#@#@#9#.jpeg</href>
</graphic>
<graphtext id="nev27913078n1-nev30072254n1">
<para id="nev27913078n1-nev30071842n59">
<ptxt id="nev27913078n1-nev30071842n60">Install the nuts</ptxt>
</para>
<para id="nev27913078n1-nev30071842n57">
<ptxt id="nev27913078n1-nev30071842n58">
<torque id="nev27913078n1-nev30071209n8">
<ref id="nev27913078n1-nev30071209n9"/>
</torque>
</ptxt>
</para>
</graphtext>
</grate>
</procstep>
<procstep id="nev27913078n1-nev30071842n56">
<grate id="nev27913078n1-nev30071842n54">
<graphic id="nev27913078n1-nev30071842n55">
<href>0900c8af8829ce6#@#@#9#.jpeg</href>
</graphic>
<graphtext id="nev27913078n1-nev30072261n1">
<para id="nev27913078n1-nev30071842n52">
<ptxt id="nev27913078n1-nev30071842n53">Install the mar#@#@#9#nent.</ptxt>
</para>
</graphtext>
</grate>
</procstep>
<procstep id="nev27913078n1-nev30071842n51">
<grate id="nev27913078n1-nev30071842n49">
<graphic id="nev27913078n1-nev30071842n50">
<href>0900c8af866ac3b#@#@#9#.jpeg</href>
</graphic>
<graphtext id="nev27913078n1-nev30072265n1">
<para id="nev27913078n1-nev30071842n47">
<ptxt id="nev27913078n1-nev30071842n48">Install the mar#@#@#9#nent.</ptxt>
</para>
<para id="nev27913078n1-nev30071842n45">
<ptxt id="nev27913078n1-nev30071842n46">Install the screws.</ptxt>
</para>
<list1 enumtype="n" id="nev27913078n1-nev30071842n44" type="ordered">
<item id="nev27913078n1-nev30071842n43">
<ptxt id="nev27913078n1-nev30071842n41">
<torque id="nev27913078n1-nev30071842n42">
<ref id="nev27913078n1-nev30071842n40"/>
</torque>
</ptxt>
</item>
<item id="nev27913078n1-nev30071842n39">
<ptxt id="nev27913078n1-nev30071842n37">
<torque id="nev27913078n1-nev30071842n38">
<ref id="nev27913078n1-nev30071842n36"/>
</torque>
</ptxt>
</item>
</list1>
</graphtext>
</grate>
</procstep>
<procstep id="nev27913078n1-nev30071842n35">
<grate id="nev27913078n1-nev30071842n33">
<graphic id="nev27913078n1-nev30071842n34">
<href>0900c8af866ac3b#@#@#9#.jpeg</href>
</graphic>
<graphtext id="nev27913078n1-nev30072275n1">
<para id="nev27913078n1-nev30071842n31">
<ptxt id="nev27913078n1-nev30071842n32">Install the screws.</ptxt>
</para>
<para id="nev27913078n1-nev30071842n27">
<ptxt id="nev27913078n1-nev30071842n29">
<torque id="nev27913078n1-nev30071842n30">
<ref id="nev27913078n1-nev30071842n28"/>
</torque>
</ptxt>
</para>
</graphtext>
</grate>
</procstep>
<procstep id="nev27913078n1-nev30071842n26">
<grate id="nev27913078n1-nev30071842n24">
<graphic id="nev27913078n1-nev30071842n25">
<href>0900c8af866ac2a#@#@#9#.jpeg</href>
</graphic>
<graphtext id="nev27913078n1-nev30072282n1">
<para id="nev27913078n1-nev30071842n22">
<ptxt id="nev27913078n1-nev30071842n23">Install the mar#@#@#9#nent.</ptxt>
</para>
<para id="nev27913078n1-nev30071842n20">
<ptxt id="nev27913078n1-nev30071842n21">Install the screws.</ptxt>
</para>
<para id="nev27913078n1-nev30071842n16">
<ptxt id="nev27913078n1-nev30071842n18">
<torque id="nev27913078n1-nev30071842n19">
<ref id="nev27913078n1-nev30071842n17"/>
</torque>
</ptxt>
</para>
</graphtext>
</grate>
</procstep>
<procstep id="nev27913078n1-nev30071213n1">
<grate id="nev27913078n1-nev30071842n14">
<graphic id="nev27913078n1-nev30071842n15">
<href>0900c8af8829cba#@#@#9#.jpeg</href>
</graphic>
<graphtext id="nev27913078n1-nev30072289n1">
<note id="nev27913078n1-nev30071213n6">
<ptxt>Make sure that #@#@#51#rial.</ptxt>
</note>
<para id="nev27913078n1-nev30071842n12">
<ptxt id="nev27913078n1-nev30071842n13">Install the mar#@#@#9#nent.</ptxt>
</para>
</graphtext>
</grate>
</procstep>
<procstep id="nev27913078n1-nev30071213n10">
<grate id="nev27913078n1-nev30071842n10">
<graphic id="nev27913078n1-nev30071842n11">
<href>0900c8af8829834#@#@#9#.jpeg</href>
</graphic>
<graphtext id="nev27913078n1-nev30072293n1">
<para id="nev27913078n1-nev30071842n8">
<ptxt id="nev27913078n1-nev30071842n9">Install the mar#@#@#9#nent.</ptxt>
</para>
<list1 enumtype="n" id="nev27913078n1-nev30071214n7" type="ordered">
<item id="nev27913078n1-nev30071842n7">
<ptxt id="nev27913078n1-nev30071842n6">
<torque id="nev27913078n1-nev30071214n10">
<ref id="nev27913078n1-nev30071215n1"/>
</torque>
</ptxt>
</item>
<item id="nev27913078n1-nev30071842n5">
<ptxt id="nev27913078n1-nev30071842n4">
<torque id="nev27913078n1-nev30071215n4">
<ref id="nev27913078n1-nev30071215n5"/>
</torque>
</ptxt>
</item>
<item id="nev27913078n1-nev30071842n3">
<ptxt id="nev27913078n1-nev30071842n2">
<torque id="nev27913078n1-nev30071215n8">
<ref id="nev27913078n1-nev30071215n9"/>
</torque>
</ptxt>
</item>
</list1>
</graphtext>
</grate>
</procstep>
<procstep id="nev27913078n1-nev30071842n1">
<grate id="nev27913078n1-nev30071843n99">
<graphic id="nev27913078n1-nev30071843n100">
<href>0900c8af87c3cb4#@#@#9#.jpeg</href>
</graphic>
<graphtext id="nev27913078n1-nev30072306n1">
<para id="nev27913078n1-nev30071843n97">
<ptxt id="nev27913078n1-nev30071843n98">Install the mar#@#@#9#nent.</ptxt>
</para>
<para id="nev27913078n1-nev30071843n95">
<ptxt id="nev27913078n1-nev30071843n96">Install the screw.</ptxt>
</para>
<para id="nev27913078n1-nev30071843n91">
<ptxt id="nev27913078n1-nev30071843n93">
<torque id="nev27913078n1-nev30071843n94">
<ref id="nev27913078n1-nev30071843n92"/>
</torque>
</ptxt>
</para>
</graphtext>
</grate>
</procstep>
<procstep id="nev27913078n1-nev30071843n90">
<grate id="nev27913078n1-nev30071843n88">
<graphic id="nev27913078n1-nev30071843n89">
<href>0900c8af87e655d#@#@#9#.jpeg</href>
</graphic>
<graphtext id="nev27913078n1-nev30072313n1">
<para id="nev27913078n1-nev30071843n86">
<ptxt id="nev27913078n1-nev30071843n87">Install the screw.</ptxt>
</para>
<para id="nev27913078n1-nev30071843n82">
<ptxt id="nev27913078n1-nev30071843n84">
<torque id="nev27913078n1-nev30071843n85">
<ref id="nev27913078n1-nev30071843n83"/>
</torque>
</ptxt>
</para>
</graphtext>
</grate>
</procstep>
<procstep id="nev27913078n1-nev30071843n81">
<grate id="nev27913078n1-nev30071843n79">
<graphic id="nev27913078n1-nev30071843n80">
<href>0900c8af8809e61#@#@#9#.jpeg</href>
</graphic>
<graphtext id="nev27913078n1-nev30072320n1">
<note id="nev27913078n1-nev30071843n78">
<ptxt>Make sure that #@#@#47#rial.</ptxt>
</note>
<note id="nev27913078n1-nev30071843n77">
<ptxt>Make sure that #@#@#25#ated.</ptxt>
</note>
</graphtext>
</grate>
</procstep>
<procstep id="nev27913078n1-nev30071843n76">
<grate id="nev27913078n1-nev30071843n74">
<graphic id="nev27913078n1-nev30071843n75">
<href>0900c8af8809e61#@#@#9#.jpeg</href>
</graphic>
<graphtext id="nev27913078n1-nev30072324n1">
<para id="nev27913078n1-nev30071843n72">
<ptxt id="nev27913078n1-nev30071843n73">Install the mar#@#@#9#nent.</ptxt>
</para>
<para id="nev27913078n1-nev30071843n70">
<ptxt id="nev27913078n1-nev30071843n71">A click confirm#@#@#43#tion.</ptxt>
</para>
<para id="nev27913078n1-nev30071843n68">
<ptxt id="nev27913078n1-nev30071843n69">Tighten the hos#@#@#3#lamp.</ptxt>
</para>
</graphtext>
</grate>
</procstep>
<procstep id="nev27913078n1-nev30071843n67">
<grate id="nev27913078n1-nev30071843n65">
<graphic id="nev27913078n1-nev30071843n66">
<href>0900c8af8829431#@#@#9#.jpeg</href>
</graphic>
<graphtext id="nev27913078n1-nev30072328n1">
<para id="nev27913078n1-nev30071843n63">
<ptxt id="nev27913078n1-nev30071843n64">Install the mar#@#@#9#nent.</ptxt>
</para>
<para id="nev27913078n1-nev30071843n61">
<ptxt id="nev27913078n1-nev30071843n62">A click confirm#@#@#43#tion.</ptxt>
</para>
<para id="nev27913078n1-nev30071843n59">
<ptxt id="nev27913078n1-nev30071843n60">Install the screw.</ptxt>
</para>
</graphtext>
</grate>
</procstep>
<procstep id="nev27913078n1-nev30071217n1">
<grate id="nev27913078n1-nev30071843n57">
<graphic id="nev27913078n1-nev30071843n58">
<href>0900c8af867a041#@#@#9#.jpeg</href>
</graphic>
<graphtext id="nev27913078n1-nev30072332n1">
<caution id="nev27913078n1-nev30071217n6">
<ptxt>The number of c#@#@#76#tion.</ptxt>
</caution>
<para id="nev27913078n1-nev30071843n55">
<ptxt id="nev27913078n1-nev30071843n56">Install the mar#@#@#9#nent.</ptxt>
</para>
</graphtext>
</grate>
</procstep>
</stepgrp>
</procedure>
</servinfosub>