<?xml version="1.0" encoding="UTF-8"?><diagnostic IE-ID="en-US0900c8af80071a0e" docno="VCC-111802" id="KC01178382" type="test" xml:lang="en-US">
<title>
<phrase category="" id="KC06060014" phrase-urn="urn:x-nevis:phrase:0800c8af817315b6">Verification</phrase>
</title>
<testgrp IE-ID="en-US0900c8af80071a0e_KC01178383" id="KC01178383" j2008use="1" paperuse="1" resumable="1" screenuse="1" testgrp-id="verifnode" x="360" y="320">
<title>
<phrase category="" id="KC06060015" phrase-urn="urn:x-nevis:phrase:0800c8af817315b7">Verification</phrase>
</title>
<node>
<test1>
<hint>
<ptxt>
<phrase category="" id="KC06060016" phrase-urn="urn:x-nevis:phrase:0800c8af817315b8">After the repai#@#@#56#fied.</phrase>
</ptxt>
</hint>
<diaglist>
<dgraphic>
<dgraphic1>
<graphic id="KC06060017">
<href>0900c8af80054d5#@#@#9#.jpeg</href>
</graphic>
</dgraphic1>
<dgraphic2>
<graphic id="KC06060018">
<href>0900c8af80054d7#@#@#9#.jpeg</href>
</graphic>
</dgraphic2>
</dgraphic>
<ditem>
<ptxt>
<phrase category="" id="KC06060019" phrase-urn="urn:x-nevis:phrase:0800c8af817315b9">Ignition off.</phrase>
</ptxt>
</ditem>
<ditem>
<ptxt>
<phrase category="" id="KC06060020" phrase-urn="urn:x-nevis:phrase:0800c8af817315ba">Connect connect#@#@#22# etc.</phrase>
</ptxt>
</ditem>
<ditem>
<ptxt>
<phrase category="" id="KC06060021" phrase-urn="urn:x-nevis:phrase:0800c8af817315bb">Ignition on.</phrase>
</ptxt>
</ditem>
<ditem>
<ptxt>
<phrase category="" id="KC06060022" phrase-urn="urn:x-nevis:phrase:0800c8af817315bc">Activate the he#@#@#4# fan.</phrase>
</ptxt>
</ditem>
</diaglist>
<test2>
<ptxt>
<phrase category="" id="KC06060023" phrase-urn="urn:x-nevis:phrase:0800c8af817315bd">Listen for a bu#@#@#49#king.</phrase>
</ptxt>
<diaglist>
<dgraphic>
<dgraphic2>
<graphic id="KC06060024">
<href>0900c8af86c8681#@#@#9#.jpeg</href>
</graphic>
<smarttool active="press" id="KC06060025" toolname="XCPMB005"/>
</dgraphic2>
</dgraphic>
<ditem>
<ditemtext>
<ptxt>
<phrase category="" id="KC06060026" phrase-urn="urn:x-nevis:phrase:0800c8af817315be"/>
</ptxt>
</ditemtext>
</ditem>
<ditem>
<ditemtext>
<ptxt>
<phrase category="" id="KC06060027" phrase-urn="urn:x-nevis:phrase:0800c8af817315bf"/>
</ptxt>
</ditemtext>
</ditem>
</diaglist>
</test2>
</test1>
<question>Is the heater f#@#@#6#king?</question>
<resact-grp>
<result button="yes" comp="button" highlight="0"/>
<action j2008use="1" paperuse="1" screenuse="1">
<return value="VERIFIED"/>
</action>
</resact-grp>
<resact-grp>
<result button="no" comp="button" highlight="0"/>
<action j2008use="1" paperuse="0" screenuse="1">
<return value="VERIFICATION FAILED"/>
</action>
<action j2008use="0" paperuse="1" screenuse="0">
<return value="PAPER"/>
</action>
</resact-grp>
</node>
</testgrp>
</diagnostic>