<?xml version="1.0" encoding="UTF-8"?><servinfosub IE-ID="en-US0900c8af8068ea0e" docno="VCC-048772" id="KC02180119" xml:lang="en-US">
<title>
<phrase category="" id="KC08397078" phrase-urn="urn:x-nevis:phrase:0800c8af81dc3641">Fault-tracing i#@#@#5#ation</phrase>
</title>
<diagnostic type="condition">
<condgrp>
<condition type="condition">
<grate>
<graphic id="KC08397079" width="column">
<href>0900c8af80127e9#@#@#9#.jpeg</href>
</graphic>
<graphtext>
<list1 enumtype="d" type="unordered">
<item>
<ptxt>
<phrase category="" id="KC08397080" phrase-urn="urn:x-nevis:phrase:0800c8af81dc3642">The fault is pe#@#@#3#nent.</phrase>
</ptxt>
</item>
<item>
<ptxt>
<phrase category="" id="KC08397081" phrase-urn="urn:x-nevis:phrase:0800c8af81dc3643">Control module #@#@#15#ected</phrase>
</ptxt>
</item>
</list1>
</graphtext>
</grate>
</condition>
<ps>
<list1 enumtype="d" type="unordered">
<item>
<ptxt>
<phrase category="" id="KC08397082" phrase-urn="urn:x-nevis:phrase:0800c8af81dc3644">Defective switch.</phrase>
</ptxt>
</item>
</list1>
</ps>
</condgrp>
</diagnostic>
</servinfosub>