<?xml version="1.0" encoding="UTF-8"?><servinfosub IE-ID="en-US0900c8af80541a0e" docno="VCC-142880" id="KC01643703" xml:lang="en-US">
<title>
<phrase category="" id="KC07565849" phrase-urn="urn:x-nevis:phrase:0800c8af81b98a85">Signal too low</phrase>
</title>
<diagnostic j2008use="1" paperuse="1" screenuse="1" type="test">
<testgrp IE-ID="en-US0900c8af80541a0e_KC01643704" id="KC01643704" j2008use="1" paperuse="1" resumable="1" screenuse="1" testgrp-id="node1">
<title>
<phrase category="" id="KC07565850" phrase-urn="urn:x-nevis:phrase:0800c8af81b98a86">Status check</phrase>
</title>
<node>
<test1>
<test2>
<para>
<ptxt>
<phrase category="" id="KC07565851" phrase-urn="urn:x-nevis:phrase:0800c8af81b98a87">Take resistance#@#@#77#ound.</phrase>
</ptxt>
</para>
<list1 enumtype="d" type="unordered">
<title>
<phrase category="" id="KC07565852" phrase-urn="urn:x-nevis:phrase:0800c8af81b98a88">Other information:</phrase>
</title>
<item>
<ptxt>
<phrase category="" id="KC07565853" phrase-urn="urn:x-nevis:phrase:0800c8af81b98a89">For information#@#@#15# see <xref>
<ref id="KC07565854"/>
</xref>
</phrase>
</ptxt>
</item>
<item>
<ptxt>
<phrase category="" id="KC07565855" phrase-urn="urn:x-nevis:phrase:0800c8af81b98a8a">To connect the #@#@#13# see <xref>
<ref id="KC07565856"/>
</xref>. </phrase>
</ptxt>
</item>
</list1>
<diaglist>
<dgraphic>
<dgraphic2>
<graphic id="KC07565857">
<href>0900c8af80054d4#@#@#9#.jpeg</href>
</graphic>
<smarttool active="auto" id="KC07565858" toolname="ODA"/>
</dgraphic2>
</dgraphic>
<ditem>
<ditemtext>
<ptxt>
<phrase category="" id="KC07565859" phrase-urn="urn:x-nevis:phrase:0800c8af81b98a8b"/>
</ptxt>
</ditemtext>
</ditem>
</diaglist>
</test2>
</test1>
<question>Does the ohmmet#@#@#22#cuit?</question>
<resact-grp>
<result button="yes" comp="button" highlight="0"/>
<action j2008use="1" paperuse="1" screenuse="1">
<ptxt>
<xref>
<ref id="KC07565860"/>
</xref>
</ptxt>
</action>
</resact-grp>
<resact-grp>
<result button="no" comp="button" highlight="0"/>
<action j2008use="1" paperuse="1" screenuse="1">
<ptxt>
<xref>
<ref id="KC07565861"/>
</xref>
</ptxt>
</action>
</resact-grp>
</node>
</testgrp>
<testgrp id="KC01643705" j2008use="1" paperuse="1" resumable="1" screenuse="1" testgrp-id="ledningar">
<title>
<phrase category="" id="KC07565862" phrase-urn="urn:x-nevis:phrase:0800c8af81b98a8c">Checking the wiring</phrase>
</title>
<node>
<test1>
<test2>
<para>
<ptxt>
<phrase category="" id="KC07565863" phrase-urn="urn:x-nevis:phrase:0800c8af81b98a8d">Check the cable#@#@#132#ound.</phrase>
</ptxt>
</para>
<list1 enumtype="d" type="unordered">
<title>
<phrase category="" id="KC07565864" phrase-urn="urn:x-nevis:phrase:0800c8af81b98a8e">Other information:</phrase>
</title>
<item>
<ptxt>
<phrase category="" id="KC07565865" phrase-urn="urn:x-nevis:phrase:0800c8af81b98a8f">
<xref>
<ref id="KC07565866"/>
</xref>
</phrase>
</ptxt>
</item>
<item>
<ptxt>
<phrase category="" id="KC07565867" phrase-urn="urn:x-nevis:phrase:0800c8af81b98a90">For information#@#@#15# see <xref>
<ref id="KC07565868"/>
</xref>
</phrase>
</ptxt>
</item>
<item>
<ptxt>
<phrase category="" id="KC07565869" phrase-urn="urn:x-nevis:phrase:0800c8af81b98a91">To connect the #@#@#13# see <xref>
<ref id="KC07565870"/>
</xref>. </phrase>
</ptxt>
</item>
</list1>
<diaglist>
<dgraphic>
<dgraphic1>
<graphic id="KC07565871">
<href>0900c8af8012239#@#@#9#.jpeg</href>
</graphic>
</dgraphic1>
<dgraphic2>
<graphic id="KC07565872">
<href>0900c8af80054d4#@#@#9#.jpeg</href>
</graphic>
<smarttool active="auto" id="KC07565873" toolname="ODA"/>
</dgraphic2>
</dgraphic>
<ditem>
<ditemtext>
<ptxt>
<phrase category="" id="KC07565874" phrase-urn="urn:x-nevis:phrase:0800c8af81b98a92"/>
</ptxt>
</ditemtext>
</ditem>
</diaglist>
</test2>
</test1>
<question>Select Continue.</question>
<resact-grp>
<result button="cont" comp="button" highlight="0"/>
<action j2008use="1" paperuse="1" screenuse="1">
<ptxt>
<xref>
<ref id="KC07565875"/>
</xref>
</ptxt>
</action>
</resact-grp>
</node>
</testgrp>
<testgrp id="KC01643706" j2008use="1" paperuse="1" resumable="1" screenuse="1" testgrp-id="verifiering">
<title>
<phrase category="" id="KC07565876" phrase-urn="urn:x-nevis:phrase:0800c8af81b98a93">Verification</phrase>
</title>
<subcalloutnode>
<diagcallout>
<xref>
<ref id="KC07565877"/>
</xref>
</diagcallout>
<rescall-grp>
<result comp="string" highlight="0" op="eq" return="VERIFIED"/>
<calloutaction>
<return value="FAULT FOUND"/>
</calloutaction>
</rescall-grp>
<rescall-grp>
<result comp="string" highlight="0" op="eq" return="VERIFICATION FAILED"/>
<calloutaction>
<ptxt>
<xref>
<ref id="KC07565878"/>
</xref>
</ptxt>
</calloutaction>
</rescall-grp>
</subcalloutnode>
</testgrp>
<testgrp id="KC01643707" j2008use="1" paperuse="1" resumable="1" screenuse="1" testgrp-id="felinfoperm">
<title>
<phrase category="" id="KC07565879" phrase-urn="urn:x-nevis:phrase:0800c8af81b98a94">Fault-tracing i#@#@#5#ation</phrase>
</title>
<subcalloutnode>
<diagcallout>
<xref>
<ref id="KC07565880"/>
</xref>
</diagcallout>
<rescall-grp>
<result comp="string" highlight="0" op="eq" return="FAULTTRACING FAILED"/>
<calloutaction>
<return value="FAULTTRACING FAILED"/>
</calloutaction>
</rescall-grp>
<rescall-grp>
<result comp="string" highlight="0" op="eq" return="NEW TRY"/>
<calloutaction>
<ptxt>
<xref>
<ref id="KC07565881"/>
</xref>
</ptxt>
</calloutaction>
</rescall-grp>
</subcalloutnode>
</testgrp>
<testgrp id="KC01643708" j2008use="1" paperuse="1" resumable="1" screenuse="1" testgrp-id="intermittent">
<title>
<phrase category="" id="KC07565882" phrase-urn="urn:x-nevis:phrase:0800c8af81b98a95">Intermittent fault</phrase>
</title>
<node>
<test1>
<test2>
<para>
<ptxt>
<phrase category="" id="KC07565883" phrase-urn="urn:x-nevis:phrase:0800c8af81b98a96">Check the cable#@#@#132#ound.</phrase>
</ptxt>
</para>
<list1 enumtype="d" type="unordered">
<title>
<phrase category="" id="KC07565884" phrase-urn="urn:x-nevis:phrase:0800c8af81b98a97">Other information:</phrase>
</title>
<item>
<ptxt>
<phrase category="" id="KC07565885" phrase-urn="urn:x-nevis:phrase:0800c8af81b98a98">
<xref>
<ref id="KC07565886"/>
</xref>
</phrase>
</ptxt>
</item>
<item>
<ptxt>
<phrase category="" id="KC07565887" phrase-urn="urn:x-nevis:phrase:0800c8af81b98a99">For information#@#@#15# see <xref>
<ref id="KC07565888"/>
</xref>
</phrase>
</ptxt>
</item>
<item>
<ptxt>
<phrase category="" id="KC07565889" phrase-urn="urn:x-nevis:phrase:0800c8af81b98a9a">To connect the #@#@#13# see <xref>
<ref id="KC07565890"/>
</xref>. </phrase>
</ptxt>
</item>
</list1>
<diaglist>
<dgraphic>
<dgraphic1>
<graphic id="KC07565891">
<href>0900c8af8012239#@#@#9#.jpeg</href>
</graphic>
</dgraphic1>
<dgraphic2>
<graphic id="KC07565892">
<href>0900c8af80054d4#@#@#9#.jpeg</href>
</graphic>
<smarttool active="auto" id="KC07565893" toolname="ODA"/>
</dgraphic2>
</dgraphic>
<ditem>
<ditemtext>
<ptxt>
<phrase category="" id="KC07565894" phrase-urn="urn:x-nevis:phrase:0800c8af81b98a9b"/>
</ptxt>
</ditemtext>
</ditem>
</diaglist>
</test2>
</test1>
<question>Select Continue.</question>
<resact-grp>
<result button="cont" comp="button" highlight="0"/>
<action j2008use="1" paperuse="1" screenuse="1">
<ptxt>
<xref>
<ref id="KC07565895"/>
</xref>
</ptxt>
</action>
</resact-grp>
</node>
</testgrp>
<testgrp id="KC01643709" j2008use="1" paperuse="1" resumable="1" screenuse="1" testgrp-id="felinfointer">
<title>
<phrase category="" id="KC07565896" phrase-urn="urn:x-nevis:phrase:0800c8af81b98a9c">Fault-tracing i#@#@#5#ation</phrase>
</title>
<subcalloutnode>
<diagcallout>
<xref>
<ref id="KC07565897"/>
</xref>
</diagcallout>
<rescall-grp>
<result comp="string" highlight="0" op="eq" return="NEW TRY"/>
<calloutaction>
<ptxt>
<xref>
<ref id="KC07565898"/>
</xref>
</ptxt>
</calloutaction>
</rescall-grp>
<rescall-grp>
<result comp="string" highlight="0" op="eq" return="FAULT FOUND"/>
<calloutaction>
<return value="DONE"/>
</calloutaction>
</rescall-grp>
<rescall-grp>
<result comp="string" highlight="0" op="eq" return="DONE"/>
<calloutaction>
<return value="DONE"/>
</calloutaction>
</rescall-grp>
</subcalloutnode>
</testgrp>
</diagnostic>
</servinfosub>