<?xml version="1.0" encoding="UTF-8"?><servinfosub IE-ID="en-US0900c8af80679a0e" docno="VCC-032935" id="KC02171717" servinfosubId="nev20685840n1-nev20685840n2" servinfosubRes="0900c8af862c2486" servinfosubRes2="urn:x-nevis:fragment:0900c8af80679a0e:0900c8af862c2486#nev20685840n2" xml:lang="en-US">
<title>Programming Gua#@#@#14# code</title>
<topic>
<title>General</title>
<grate>
<graphic id="nev20685840n1-KC08344777" width="column">
<href>0900c8af80679a1#@#@#9#.jpeg</href>
</graphic>
<graphtext>
<para>
<ptxt>Each remote con#@#@#91#code.</ptxt>
<ptxt>The code is pro#@#@#39#very.</ptxt>
</para>
</graphtext>
</grate>
<grate>
<graphic id="nev20685840n1-KC08344778" width="column">
<href>0900c8af8012d4f#@#@#9#.jpeg</href>
</graphic>
<graphtext>
<para>
<ptxt>The control mod#@#@#26#odes.</ptxt>
<ptxt>The remote cont#@#@#73#ding.</ptxt>
<ptxt>When programmin#@#@#184#oops.</ptxt>
</para>
</graphtext>
</grate>
<grate>
<graphic id="nev20685840n1-KC08344779" width="column">
<href>0900c8af806799f#@#@#9#.jpeg</href>
</graphic>
<graphtext>
<note>
<ptxt>If no key code #@#@#306#gram.</ptxt>
</note>
</graphtext>
</grate>
</topic>
<topic>
<title>Programming</title>
<grate>
<graphic id="nev20685840n1-KC08344780" width="column">
<href>0900c8af80679a1#@#@#9#.jpeg</href>
</graphic>
<graphtext>
<list1 enumtype="d" type="unordered">
<item>
<ptxt>Deactivate alarm.</ptxt>
</item>
<item>
<ptxt>Close all doors#@#@#28#oot).</ptxt>
</item>
</list1>
</graphtext>
</grate>
<grate>
<graphic id="nev20685840n1-KC08344781" width="column">
<href>0900c8af8012818#@#@#9#.jpeg</href>
</graphic>
<graphtext>
<list1 enumtype="d" type="unordered">
<item>
<ptxt>Ignition on.</ptxt>
</item>
</list1>
</graphtext>
</grate>
<grate>
<graphic id="nev20685840n1-KC08344782" width="column">
<href>0900c8af80679a1#@#@#9#.jpeg</href>
</graphic>
<graphtext>
<list1 enumtype="d" type="unordered">
<item>
<ptxt>Press function #@#@#72# lit.</ptxt>
</item>
<item>
<ptxt>Release functio#@#@#4#tton.</ptxt>
</item>
<item>
<ptxt>Using the statu#@#@#74# III.</ptxt>
</item>
</list1>
<para>
<ptxt>An occupied loc#@#@#152#ased.</ptxt>
</para>
</graphtext>
</grate>
<grate>
<graphic id="nev20685840n1-KC08344783" width="column">
<href>0900c8af806799f#@#@#9#.jpeg</href>
</graphic>
<graphtext>
<list1 enumtype="d" type="unordered">
<item>
<ptxt>Select one of t#@#@#11#ons.
</ptxt>
</item>
<item>
<ptxt>Send a code sig#@#@#24#trol.</ptxt>
</item>
</list1>
<para>
<ptxt>If this is not #@#@#54#mode.</ptxt>
<ptxt>The alarm will #@#@#110#mode.</ptxt>
</para>
</graphtext>
</grate>
</topic>
<topic>
<title>If programming #@#@#30#ause:</title>
<grate>
<graphic id="nev20685840n1-KC08344784" width="column">
<href>0900c8af806799f#@#@#9#.jpeg</href>
</graphic>
<graphtext>
<para>
<title>The alarm is in#@#@#8# mode</title>
<ptxt>The status LEDs#@#@#30#onds.</ptxt>
</para>
</graphtext>
</grate>
<grate>
<graphic id="nev20685840n1-KC08344785" width="column">
<href>0900c8af80054d7#@#@#9#.jpeg</href>
</graphic>
<graphtext>
<list1 enumtype="d" type="unordered">
<title>Action:</title>
<item>
<ptxt>Ignition off.</ptxt>
</item>
</list1>
</graphtext>
</grate>
<grate>
<graphic id="nev20685840n1-KC08344786" width="column">
<href>0900c8af8012d5f#@#@#9#.jpeg</href>
</graphic>
<graphtext>
<list1 enumtype="d" type="unordered">
<item>
<ptxt>Press remote co#@#@#25#larm.</ptxt>
</item>
<item>
<ptxt>Program new key#@#@#4#e in.</ptxt>
</item>
</list1>
</graphtext>
</grate>
<grate>
<graphic id="nev20685840n1-KC08344787" width="column">
<href>0900c8af806799f#@#@#9#.jpeg</href>
</graphic>
<graphtext>
<para>
<title>The alarm is ac#@#@#2#vated</title>
<ptxt>The status LEDs#@#@#22#shes.</ptxt>
</para>
</graphtext>
</grate>
<grate>
<graphic id="nev20685840n1-KC08344788" width="column">
<href>0900c8af806799f#@#@#9#.jpeg</href>
</graphic>
<graphtext>
<list1 enumtype="d" type="unordered">
<title>Action:</title>
<item>
<ptxt>Press remote co#@#@#16#ate.
</ptxt>
</item>
</list1>
<list1 enumtype="d" type="unordered">
<title>The alarm does #@#@#29#itted</title>
<item>
<ptxt>Follow fault tr#@#@#82#m
I”.</ptxt>
</item>
<item>
<ptxt>Use a new remot#@#@#5#trol.</ptxt>
</item>
<item>
<ptxt>Program key code in.</ptxt>
</item>
</list1>
</graphtext>
</grate>
</topic>
</servinfosub>