<?xml version="1.0" encoding="UTF-8"?><servinfosub IE-ID="en-US0900c8af85245504" docno="VCC-281046" id="nev11279107n1" original="sv-SE" servinfosubId="nev20685184n1-nev20685184n2" servinfosubRes="0900c8af862c1bfd" servinfosubRes2="urn:x-nevis:fragment:0900c8af85245504:0900c8af862c1bfd#nev20685184n2" xml:lang="en-US">
<title id="nev11279107n2">Description of #@#@#5#eters</title>
<procedure id="nev20685184n1-nev11284258n1">
<title id="nev20685184n1-nev11284258n2">Damper motors</title>
<stepgrp id="nev20685184n1-nev11284258n3">
<title id="nev20685184n1-nev11284258n6">Parameters, status</title>
<procstep id="nev20685184n1-nev11284258n4">
<title id="nev20685184n1-nev11284258n5">Desired positio#@#@#21#oster</title>
<para id="nev20685184n1-nev11352085n1">
<ptxt id="nev20685184n1-nev11352085n2">Measurement ran#@#@#8#100%.</ptxt>
<ptxt id="nev20685184n1-nev11352085n3">Indicates the c#@#@#45#otor.</ptxt>
</para>
</procstep>
<procstep id="nev20685184n1-nev11284258n8">
<title id="nev20685184n1-nev11284258n9">Desired positio#@#@#24#ation</title>
<para id="nev20685184n1-nev11352085n4">
<ptxt id="nev20685184n1-nev11352085n5">Measurement ran#@#@#8#100%.</ptxt>
<ptxt id="nev20685184n1-nev11352085n22">Indicates the c#@#@#45#otor.</ptxt>
</para>
</procstep>
<procstep id="nev20685184n1-nev11284258n13">
<title id="nev20685184n1-nev11284258n14">Desired positio#@#@#27# left</title>
<para id="nev20685184n1-nev11352085n6">
<ptxt id="nev20685184n1-nev11352085n7">Measurement ran#@#@#8#100%.</ptxt>
<ptxt id="nev20685184n1-nev11352085n23">Indicates the c#@#@#45#otor.</ptxt>
</para>
</procstep>
<procstep id="nev20685184n1-nev11284258n17">
<title id="nev20685184n1-nev11284258n18">Desired positio#@#@#28#right</title>
<para id="nev20685184n1-nev11352085n8">
<ptxt id="nev20685184n1-nev11352085n9">Measurement ran#@#@#8#100%.</ptxt>
<ptxt id="nev20685184n1-nev11352085n24">Indicates the c#@#@#45#otor.</ptxt>
</para>
</procstep>
<procstep id="nev20685184n1-nev11284258n21">
<title id="nev20685184n1-nev11284258n22">Desired positio#@#@#27#ution</title>
<para id="nev20685184n1-nev11352085n10">
<ptxt id="nev20685184n1-nev11352085n11">Measurement ran#@#@#8#100%.</ptxt>
<ptxt id="nev20685184n1-nev11352085n25">Indicates the c#@#@#45#otor.</ptxt>
</para>
</procstep>
<procstep id="nev20685184n1-nev11284258n24">
<title id="nev20685184n1-nev11284258n25">Actual position#@#@#19#oster</title>
<para id="nev20685184n1-nev11352085n12">
<ptxt id="nev20685184n1-nev11352085n13">Measurement ran#@#@#8#100%.</ptxt>
<ptxt id="nev20685184n1-nev11352085n26">Indicates the c#@#@#45#otor.</ptxt>
</para>
</procstep>
<procstep id="nev20685184n1-nev11284258n30">
<title id="nev20685184n1-nev11284258n31">Actual position#@#@#23#ation</title>
<para id="nev20685184n1-nev11352085n14">
<ptxt id="nev20685184n1-nev11352085n15">Measurement ran#@#@#8#100%.</ptxt>
<ptxt id="nev20685184n1-nev11352085n27">Indicates the c#@#@#45#otor.</ptxt>
</para>
</procstep>
<procstep id="nev20685184n1-nev11284258n34">
<title id="nev20685184n1-nev11284258n35">Actual position#@#@#26# left</title>
<para id="nev20685184n1-nev11352085n16">
<ptxt id="nev20685184n1-nev11352085n17">Measurement ran#@#@#8#100%.</ptxt>
<ptxt id="nev20685184n1-nev11352085n28">Indicates the c#@#@#45#otor.</ptxt>
</para>
</procstep>
<procstep id="nev20685184n1-nev11284258n38">
<title id="nev20685184n1-nev11284258n39">Actual position#@#@#27#right</title>
<para id="nev20685184n1-nev11352085n18">
<ptxt id="nev20685184n1-nev11352085n19">Measurement ran#@#@#8#100%.</ptxt>
<ptxt id="nev20685184n1-nev11352085n29">Indicates the c#@#@#45#otor.</ptxt>
</para>
</procstep>
<procstep id="nev20685184n1-nev11284258n42">
<title id="nev20685184n1-nev11284258n43">Actual position#@#@#26#ution</title>
<para id="nev20685184n1-nev11352085n20">
<ptxt id="nev20685184n1-nev11352085n21">Measurement ran#@#@#8#100%.</ptxt>
<ptxt id="nev20685184n1-nev11352085n30">Indicates the c#@#@#45#otor.</ptxt>
</para>
</procstep>
</stepgrp>
</procedure>
<procedure id="nev20685184n1-nev11279116n138">
<title id="nev20685184n1-nev11279116n137">Accessory buttons</title>
<stepgrp id="nev20685184n1-nev11279116n139">
<title id="nev20685184n1-nev11279116n140">Parameters, status</title>
<procstep id="nev20685184n1-nev11280500n18">
<title id="nev20685184n1-nev11280500n19">Button parameters</title>
<para id="nev20685184n1-nev11352085n31">
<ptxt id="nev20685184n1-nev11352085n32">Indicates the s#@#@#24#tton.</ptxt>
<ptxt id="nev20685184n1-nev11352085n33">There are two p#@#@#27#tons:</ptxt>
<ptxt id="nev20685184n1-nev11352085n34">Not pressed = T#@#@#72#d in.</ptxt>
<ptxt id="nev20685184n1-nev11352085n35">Pressed in = Th#@#@#63#d in.</ptxt>
</para>
</procstep>
<procstep id="nev20685184n1-nev11279116n141">
<title id="nev20685184n1-nev11279116n142">Switch accessor#@#@#11#X, ID</title>
<para id="nev20685184n1-nev11352085n36">
<ptxt id="nev20685184n1-nev11352085n37">The accessory b#@#@#67#CCM).</ptxt>
<ptxt id="nev20685184n1-nev11409862n1">The parameter i#@#@#96# are:</ptxt>
<ptxt id="nev20685184n1-nev11352085n38">Empty position</ptxt>
<ptxt id="nev20685184n1-nev11352085n39">Adjustable head#@#@#5#raint</ptxt>
<ptxt id="nev20685184n1-nev11352085n40">Parking assistance</ptxt>
<ptxt id="nev20685184n1-nev11352085n41">Visual collisio#@#@#4#rning</ptxt>
<ptxt id="nev20685184n1-nev11352085n42">Bi-fuel</ptxt>
<ptxt id="nev20685184n1-nev11352085n43">Active headlamps</ptxt>
<ptxt id="nev20685184n1-nev11352085n44">DSTC</ptxt>
<ptxt id="nev20685184n1-nev11352085n45">Auxiliary lamps</ptxt>
<ptxt id="nev20685184n1-nev11352085n46">Reduced alarm</ptxt>
<ptxt id="nev20685184n1-nev11352085n47">Parking Aid Camera</ptxt>
<ptxt id="nev20685184n1-nev11352085n48">Hill decent control</ptxt>
<ptxt id="nev20685184n1-nev11352085n49">BLIS</ptxt>
<ptxt id="nev20685184n1-nev11352085n50">Lane departure #@#@#2#rning</ptxt>
</para>
</procstep>
<procstep id="nev20685184n1-nev11280500n3">
<title id="nev20685184n1-nev11280500n4">Switch accessor#@#@#15#tatus</title>
<para id="nev20685184n1-nev11352085n51">
<ptxt id="nev20685184n1-nev11352085n52">The accessory b#@#@#67#CCM).</ptxt>
<ptxt id="nev20685184n1-nev11352085n53">The parameter i#@#@#48#tton.</ptxt>
<ptxt id="nev20685184n1-nev11352085n54">Not pressed = T#@#@#63#d in.</ptxt>
<ptxt id="nev20685184n1-nev11352085n55">Pressed in = Th#@#@#54#d in.</ptxt>
</para>
</procstep>
<procstep id="nev20685184n1-nev11280500n8">
<title id="nev20685184n1-nev11280500n9">Switch accessor#@#@#12#, LED</title>
<para id="nev20685184n1-nev11352085n56">
<ptxt id="nev20685184n1-nev11352085n57">The accessory b#@#@#67#CCM).</ptxt>
<ptxt id="nev20685184n1-nev11352085n58">The parameter i#@#@#59#tton.</ptxt>
<ptxt id="nev20685184n1-nev11352085n59">Not lit = The c#@#@#57# lit.</ptxt>
<ptxt id="nev20685184n1-nev11352085n60">Lit = The contr#@#@#36# lit.</ptxt>
</para>
</procstep>
<procstep id="nev20685184n1-nev11280500n13">
<title id="nev20685184n1-nev11280500n14">Switch accessor#@#@#18#itted</title>
<para id="nev20685184n1-nev11352085n61">
<ptxt id="nev20685184n1-nev11352085n62">The accessory b#@#@#67#CCM).</ptxt>
<ptxt id="nev20685184n1-nev11352085n63">The parameter i#@#@#101# not.</ptxt>
<ptxt id="nev20685184n1-nev11352085n64">Not permitted =#@#@#72#tion.</ptxt>
<ptxt id="nev20685184n1-nev11352085n65">Permitted = The#@#@#64#tion.</ptxt>
</para>
</procstep>
<procstep id="nev20685184n1-nev11280500n30">
<title id="nev20685184n1-nev11280500n31">Adjustable head#@#@#5#raint</title>
<para id="nev20685184n1-nev11352085n66">
<ptxt id="nev20685184n1-nev11352085n67">Indicates wheth#@#@#70# not.</ptxt>
<ptxt id="nev20685184n1-nev11352085n68">The possible st#@#@#5# are:</ptxt>
<ptxt id="nev20685184n1-nev11352085n69">Not permitted =#@#@#87#tion.</ptxt>
<ptxt id="nev20685184n1-nev11352085n70">Permitted = The#@#@#66#tion.</ptxt>
</para>
</procstep>
<procstep id="nev20685184n1-nev11280500n36">
<title id="nev20685184n1-nev11280500n37">Hill decent control</title>
<para id="nev20685184n1-nev11352085n71">
<ptxt id="nev20685184n1-nev11352085n72">Indicates wheth#@#@#70# not.</ptxt>
<ptxt id="nev20685184n1-nev11352085n100">The possible st#@#@#6#are: </ptxt>
<ptxt id="nev20685184n1-nev11352085n102">Not permitted =#@#@#87#tion.</ptxt>
<ptxt id="nev20685184n1-nev11352085n121">Permitted = The#@#@#66#tion.</ptxt>
</para>
</procstep>
<procstep id="nev20685184n1-nev11280500n42">
<title id="nev20685184n1-nev11280500n43">Visual collisio#@#@#4#rning</title>
<para id="nev20685184n1-nev11352085n73">
<ptxt id="nev20685184n1-nev11352085n74">Indicates wheth#@#@#70# not.</ptxt>
<ptxt id="nev20685184n1-nev11352085n99">The possible st#@#@#6#are: </ptxt>
<ptxt id="nev20685184n1-nev11352085n103">Not permitted =#@#@#87#tion.</ptxt>
<ptxt id="nev20685184n1-nev11352085n120">Permitted = The#@#@#66#tion.</ptxt>
</para>
</procstep>
<procstep id="nev20685184n1-nev11280500n49">
<title id="nev20685184n1-nev11280500n50">Bi-fuel</title>
<para id="nev20685184n1-nev11352085n75">
<ptxt id="nev20685184n1-nev11352085n76">Indicates wheth#@#@#70# not.</ptxt>
<ptxt id="nev20685184n1-nev11352085n98">The possible st#@#@#6#are: </ptxt>
<ptxt id="nev20685184n1-nev11352085n104">Not permitted =#@#@#87#tion.</ptxt>
<ptxt id="nev20685184n1-nev11352085n119">Permitted = The#@#@#66#tion.</ptxt>
</para>
</procstep>
<procstep id="nev20685184n1-nev11280500n55">
<title id="nev20685184n1-nev11280500n56">Active headlamps</title>
<para id="nev20685184n1-nev11352085n77">
<ptxt id="nev20685184n1-nev11352085n78">Indicates wheth#@#@#70# not.</ptxt>
<ptxt id="nev20685184n1-nev11352085n97">The possible st#@#@#5# are:</ptxt>
<ptxt id="nev20685184n1-nev11352085n105">Not permitted =#@#@#87#tion.</ptxt>
<ptxt id="nev20685184n1-nev11352085n118">Permitted = The#@#@#66#tion.</ptxt>
</para>
</procstep>
<procstep id="nev20685184n1-nev11280500n61">
<title id="nev20685184n1-nev11280500n62">DSTC function</title>
<para id="nev20685184n1-nev11352085n79">
<ptxt id="nev20685184n1-nev11352085n80">Indicates wheth#@#@#70# not.</ptxt>
<ptxt id="nev20685184n1-nev11352085n96">The possible st#@#@#5# are:</ptxt>
<ptxt id="nev20685184n1-nev11352085n106">Not permitted =#@#@#87#tion.</ptxt>
<ptxt id="nev20685184n1-nev11352085n117">Permitted = The#@#@#66#tion.</ptxt>
</para>
</procstep>
<procstep id="nev20685184n1-nev11280500n67">
<title id="nev20685184n1-nev11280500n68">Auxiliary lights</title>
<para id="nev20685184n1-nev11352085n81">
<ptxt id="nev20685184n1-nev11352085n82">Indicates wheth#@#@#70# not.</ptxt>
<ptxt id="nev20685184n1-nev11352085n95">The possible st#@#@#5# are:</ptxt>
<ptxt id="nev20685184n1-nev11352085n107">Not permitted =#@#@#87#tion.</ptxt>
<ptxt id="nev20685184n1-nev11352085n116">Permitted = The#@#@#66#tion.</ptxt>
</para>
</procstep>
<procstep id="nev20685184n1-nev11280500n79">
<title id="nev20685184n1-nev11280500n80">Blind Spot Info#@#@#9#ystem</title>
<para id="nev20685184n1-nev11352085n85">
<ptxt id="nev20685184n1-nev11352085n86">Indicates wheth#@#@#70# not.</ptxt>
<ptxt id="nev20685184n1-nev11352085n93">The possible st#@#@#5# are:</ptxt>
<ptxt id="nev20685184n1-nev11352085n109">Not permitted =#@#@#87#tion.</ptxt>
<ptxt id="nev20685184n1-nev11352085n114">Permitted = The#@#@#66#tion.</ptxt>
</para>
</procstep>
<procstep id="nev20685184n1-nev11280500n85">
<title id="nev20685184n1-nev11280500n86">Lane departure #@#@#2#rning</title>
<para id="nev20685184n1-nev11352085n87">
<ptxt id="nev20685184n1-nev11352085n88">Indicates wheth#@#@#70# not.</ptxt>
<ptxt id="nev20685184n1-nev11352085n92">The possible st#@#@#5# are:</ptxt>
<ptxt id="nev20685184n1-nev11352085n110">Not permitted =#@#@#87#tion.</ptxt>
<ptxt id="nev20685184n1-nev11352085n113">Permitted = The#@#@#66#tion.</ptxt>
</para>
</procstep>
<procstep id="nev20685184n1-nev11280500n91">
<title id="nev20685184n1-nev11280500n92">Parking Aid Camera</title>
<para id="nev20685184n1-nev11352085n89">
<ptxt id="nev20685184n1-nev11352085n90">Indicates wheth#@#@#70# not.</ptxt>
<ptxt id="nev20685184n1-nev11352085n91">The possible st#@#@#5# are:</ptxt>
<ptxt id="nev20685184n1-nev11352085n111">Not permitted =#@#@#87#tion.</ptxt>
<ptxt id="nev20685184n1-nev11352085n112">Permitted = The#@#@#66#tion.</ptxt>
</para>
</procstep>
<procstep id="nev20685184n1-nev11280500n97">
<title id="nev20685184n1-nev11280500n98">AUTO LED</title>
<para id="nev20685184n1-nev11352085n134">
<ptxt id="nev20685184n1-nev11280780n52">Indicates if th#@#@#15# not.</ptxt>
<ptxt id="nev20685184n1-nev11280780n53">Possible status:</ptxt>
<ptxt id="nev20685184n1-nev11280780n54">Not lit = The c#@#@#45# lit.</ptxt>
<ptxt id="nev20685184n1-nev11280780n55">Lit = The contr#@#@#37# lit.</ptxt>
</para>
</procstep>
<procstep id="nev20685184n1-nev11280780n1">
<title id="nev20685184n1-nev11280780n2">Defroster LED</title>
<para id="nev20685184n1-nev11352085n132">
<ptxt id="nev20685184n1-nev11352085n133">Indicates if th#@#@#15# not.</ptxt>
<ptxt id="nev20685184n1-nev11280780n48">Possible status:</ptxt>
<ptxt id="nev20685184n1-nev11280780n49">Not lit = The c#@#@#45# lit.</ptxt>
<ptxt id="nev20685184n1-nev11280780n50">Lit = The contr#@#@#37# lit.</ptxt>
</para>
</procstep>
<procstep id="nev20685184n1-nev11280780n4">
<title id="nev20685184n1-nev11280780n5">Ventilation LED</title>
<para id="nev20685184n1-nev11352085n131">
<ptxt id="nev20685184n1-nev11280780n6">Indicates if th#@#@#15# not.</ptxt>
<ptxt id="nev20685184n1-nev11280780n45">Possible status:</ptxt>
<ptxt id="nev20685184n1-nev11280780n46">Not lit = The c#@#@#45# lit.</ptxt>
<ptxt id="nev20685184n1-nev11280780n47">Lit = The contr#@#@#37# lit.</ptxt>
</para>
</procstep>
<procstep id="nev20685184n1-nev11280780n7">
<title id="nev20685184n1-nev11280780n8">Floor LED</title>
<para id="nev20685184n1-nev11352085n129">
<ptxt id="nev20685184n1-nev11352085n130">Indicates if th#@#@#15# not.</ptxt>
<ptxt id="nev20685184n1-nev11280780n42">Possible status:</ptxt>
<ptxt id="nev20685184n1-nev11280780n43">Not lit = The c#@#@#45# lit.</ptxt>
<ptxt id="nev20685184n1-nev11280780n44">Lit = The contr#@#@#37# lit.</ptxt>
</para>
</procstep>
<procstep id="nev20685184n1-nev11280780n10">
<title id="nev20685184n1-nev11280780n11">AQS LED</title>
<para id="nev20685184n1-nev11352085n135">
<ptxt id="nev20685184n1-nev11280780n12">Indicates if th#@#@#15# not.</ptxt>
<ptxt id="nev20685184n1-nev11280780n39">Possible status:</ptxt>
<ptxt id="nev20685184n1-nev11280780n40">Not lit = The c#@#@#45# lit.</ptxt>
<ptxt id="nev20685184n1-nev11280780n41">Lit = The contr#@#@#37# lit.</ptxt>
</para>
</procstep>
<procstep id="nev20685184n1-nev11280780n13">
<title id="nev20685184n1-nev11280780n14">Recirculation m#@#@#1#n LED</title>
<para id="nev20685184n1-nev11352085n136">
<ptxt id="nev20685184n1-nev11280780n15">Indicates if th#@#@#15# not.</ptxt>
<ptxt id="nev20685184n1-nev11280780n36">Possible status:</ptxt>
<ptxt id="nev20685184n1-nev11280780n37">Not lit = The c#@#@#45# lit.</ptxt>
<ptxt id="nev20685184n1-nev11280780n38">Lit = The contr#@#@#37# lit.</ptxt>
</para>
</procstep>
<procstep id="nev20685184n1-nev11280780n16">
<title id="nev20685184n1-nev11280780n17">Recirculation a#@#@#2#o LED</title>
<para id="nev20685184n1-nev11352085n137">
<ptxt id="nev20685184n1-nev11280780n18">Indicates if th#@#@#15# not.</ptxt>
<ptxt id="nev20685184n1-nev11280780n33">Possible status:</ptxt>
<ptxt id="nev20685184n1-nev11280780n34">Not lit = The c#@#@#45# lit.</ptxt>
<ptxt id="nev20685184n1-nev11280780n35">Lit = The contr#@#@#37# lit.</ptxt>
</para>
</procstep>
<procstep id="nev20685184n1-nev11280780n19">
<title id="nev20685184n1-nev11280780n20">AC ON LED</title>
<para id="nev20685184n1-nev11352085n138">
<ptxt id="nev20685184n1-nev11280780n21">Indicates if th#@#@#15# not.</ptxt>
<ptxt id="nev20685184n1-nev11280780n30">Possible status:</ptxt>
<ptxt id="nev20685184n1-nev11280780n31">Not lit = The c#@#@#45# lit.</ptxt>
<ptxt id="nev20685184n1-nev11280780n32">Lit = The contr#@#@#37# lit.</ptxt>
</para>
</procstep>
<procstep id="nev20685184n1-nev11280780n22">
<title id="nev20685184n1-nev11280780n23">AC OFF LED</title>
<para id="nev20685184n1-nev11352085n139">
<ptxt id="nev20685184n1-nev11280780n24">Indicates if th#@#@#15# not.</ptxt>
<ptxt id="nev20685184n1-nev11280780n25">Possible status:</ptxt>
<ptxt id="nev20685184n1-nev11280780n26">Not lit = The c#@#@#45# lit.</ptxt>
<ptxt id="nev20685184n1-nev11280780n27">Lit = The contr#@#@#37# lit.</ptxt>
</para>
</procstep>
<procstep id="nev20685184n1-nev11394048n1">
<title id="nev20685184n1-nev11394048n2">Rear defroster LED</title>
<para id="nev20685184n1-nev11394048n3">
<ptxt id="nev20685184n1-nev11394048n4">Indicates if th#@#@#15# not.</ptxt>
<ptxt id="nev20685184n1-nev11394048n5">Possible status:</ptxt>
<ptxt id="nev20685184n1-nev11394048n6">Not lit = The c#@#@#45# lit.</ptxt>
<ptxt id="nev20685184n1-nev11394048n8">Lit = The contr#@#@#37# lit.</ptxt>
</para>
</procstep>
<procstep id="nev20685184n1-nev11394048n9">
<title id="nev20685184n1-nev11394048n10">Max defroster LED</title>
<para id="nev20685184n1-nev11394048n11">
<ptxt id="nev20685184n1-nev11394048n12">Indicates if th#@#@#15# not.</ptxt>
<ptxt id="nev20685184n1-nev11394048n13">Possible status:</ptxt>
<ptxt id="nev20685184n1-nev11394048n14">Not lit = The c#@#@#45# lit.</ptxt>
<ptxt id="nev20685184n1-nev11394048n15">Lit = The contr#@#@#37# off.</ptxt>
</para>
</procstep>
<procstep id="nev20685184n1-nev11284258n46">
<title id="nev20685184n1-nev11284258n47">Seat heater, le#@#@#14#LED X</title>
<para id="nev20685184n1-nev11352085n140">
<ptxt id="nev20685184n1-nev11284258n48">Indicates if th#@#@#15# not.</ptxt>
<ptxt id="nev20685184n1-nev11284258n58">Possible status:</ptxt>
<ptxt id="nev20685184n1-nev11284258n59">Not lit = The c#@#@#53# lit.</ptxt>
<ptxt id="nev20685184n1-nev11284258n60">Lit = The contr#@#@#45# lit.</ptxt>
</para>
</procstep>
<procstep id="nev20685184n1-nev11284258n49">
<title id="nev20685184n1-nev11284258n50">Seat heater, ri#@#@#15#LED X</title>
<para id="nev20685184n1-nev11352085n141">
<ptxt id="nev20685184n1-nev11284258n51">Indicates if th#@#@#15# not.</ptxt>
<ptxt id="nev20685184n1-nev11284258n61">Possible status:</ptxt>
<ptxt id="nev20685184n1-nev11284258n62">Not lit = The c#@#@#53# lit.</ptxt>
<ptxt id="nev20685184n1-nev11284258n63">Lit = The contr#@#@#45# lit.</ptxt>
</para>
</procstep>
<procstep id="nev20685184n1-nev11284258n52">
<title id="nev20685184n1-nev11284258n53">Seat ventilatio#@#@#19#LED X</title>
<para id="nev20685184n1-nev11352085n142">
<ptxt id="nev20685184n1-nev11284258n54">Indicates if th#@#@#15# not.</ptxt>
<ptxt id="nev20685184n1-nev11284258n64">Possible status:</ptxt>
<ptxt id="nev20685184n1-nev11284258n65">Not lit = The c#@#@#53# lit.</ptxt>
<ptxt id="nev20685184n1-nev11284258n66">Lit = The contr#@#@#45# lit.</ptxt>
</para>
</procstep>
<procstep id="nev20685184n1-nev11284258n55">
<title id="nev20685184n1-nev11284258n56">Seat ventilatio#@#@#20#LED X</title>
<para id="nev20685184n1-nev11352085n143">
<ptxt id="nev20685184n1-nev11284258n57">Indicates if th#@#@#15# not.</ptxt>
<ptxt id="nev20685184n1-nev11284258n67">Possible status:</ptxt>
<ptxt id="nev20685184n1-nev11284258n68">Not lit = The c#@#@#53# lit.</ptxt>
<ptxt id="nev20685184n1-nev11284258n69">Lit = The contr#@#@#45# lit.</ptxt>
</para>
</procstep>
</stepgrp>
</procedure>
<procedure id="nev20685184n1-nev14226141n243">
<title id="nev20685184n1-nev14226141n242">Climate unit buttons</title>
<stepgrp id="nev20685184n1-nev14226141n241">
<title id="nev20685184n1-nev14226141n239">Parameters, status</title>
<procstep id="nev20685184n1-nev14226141n240">
<title id="nev20685184n1-nev14226141n230">AUTO button</title>
<ptxt id="nev20685184n1-nev14226141n227">Indicates what #@#@#51#e in.</ptxt>
<ptxt id="nev20685184n1-nev14226141n224">Value set:</ptxt>
<ptxt id="nev20685184n1-nev14226141n226">Not pressed in.</ptxt>
<ptxt id="nev20685184n1-nev14226141n225">Pressed in.</ptxt>
</procstep>
<procstep id="nev20685184n1-nev14226141n223">
<title id="nev20685184n1-nev14226141n222">Button, front l#@#@#15#ation</title>
<para id="nev20685184n1-nev14226141n221">
<ptxt id="nev20685184n1-nev14226141n220">Indicates what #@#@#51#e in.</ptxt>
<ptxt id="nev20685184n1-nev14226141n219">Value set:</ptxt>
<ptxt id="nev20685184n1-nev14226141n218">Not pressed in.</ptxt>
<ptxt id="nev20685184n1-nev14226141n217">Pressed in.</ptxt>
</para>
</procstep>
<procstep id="nev20685184n1-nev14226418n250">
<title id="nev20685184n1-nev14226418n249">Seat heater lef#@#@#9#utton</title>
<para id="nev20685184n1-nev14226418n248">
<ptxt id="nev20685184n1-nev14226418n247">Indicates what #@#@#51#e in.</ptxt>
<ptxt id="nev20685184n1-nev14226418n242">Value set:</ptxt>
<ptxt id="nev20685184n1-nev14226418n241">Not pressed in.</ptxt>
<ptxt id="nev20685184n1-nev14226418n240">Pressed in.</ptxt>
</para>
</procstep>
<procstep id="nev20685184n1-nev14226418n239">
<title id="nev20685184n1-nev14226418n238">Button, front r#@#@#16#ation</title>
<para id="nev20685184n1-nev14226418n237">
<ptxt id="nev20685184n1-nev14226418n236">Indicates what #@#@#51#e in.</ptxt>
<ptxt id="nev20685184n1-nev14226418n235">Value set:</ptxt>
<ptxt id="nev20685184n1-nev14226418n234">Not pressed in.</ptxt>
<ptxt id="nev20685184n1-nev14226418n233">Pressed in.</ptxt>
</para>
</procstep>
<procstep id="nev20685184n1-nev14226418n232">
<title id="nev20685184n1-nev14226418n231">Button, front r#@#@#12#ating</title>
<para id="nev20685184n1-nev14226418n230">
<ptxt id="nev20685184n1-nev14226418n229">Indicates what #@#@#51#e in.</ptxt>
<ptxt id="nev20685184n1-nev14226418n228">Value set:</ptxt>
<ptxt id="nev20685184n1-nev14226418n227">Not pressed in.</ptxt>
<ptxt id="nev20685184n1-nev14226418n226">Pressed in.</ptxt>
</para>
</procstep>
<procstep id="nev20685184n1-nev14226418n225">
<title id="nev20685184n1-nev14226418n224">Recirculation button</title>
<para id="nev20685184n1-nev14226418n211">
<ptxt id="nev20685184n1-nev14226418n210">Indicates what #@#@#51#e in.</ptxt>
<ptxt id="nev20685184n1-nev14226418n195">Value set:</ptxt>
<ptxt id="nev20685184n1-nev14226418n188">Not pressed in.</ptxt>
<ptxt id="nev20685184n1-nev14226418n181">Pressed in.</ptxt>
</para>
</procstep>
<procstep id="nev20685184n1-nev14226418n223">
<title id="nev20685184n1-nev14226418n222">Max. defroster #@#@#1#utton</title>
<para id="nev20685184n1-nev14226418n209">
<ptxt id="nev20685184n1-nev14226418n208">Indicates what #@#@#51#e in.</ptxt>
<ptxt id="nev20685184n1-nev14226418n194">Value set:</ptxt>
<ptxt id="nev20685184n1-nev14226418n187">Not pressed in.</ptxt>
<ptxt id="nev20685184n1-nev14226418n180">Pressed in.</ptxt>
</para>
</procstep>
<procstep id="nev20685184n1-nev14226418n221">
<title id="nev20685184n1-nev14226418n220">Rear window def#@#@#8#utton</title>
<para id="nev20685184n1-nev14226418n207">
<ptxt id="nev20685184n1-nev14226418n206">Indicates what #@#@#51#e in.</ptxt>
<ptxt id="nev20685184n1-nev14226418n193">Value set:</ptxt>
<ptxt id="nev20685184n1-nev14226418n186">Not pressed in.</ptxt>
<ptxt id="nev20685184n1-nev14226418n179">Pressed in.</ptxt>
</para>
</procstep>
<procstep id="nev20685184n1-nev14226418n219">
<title id="nev20685184n1-nev14226418n218">AC button</title>
<para id="nev20685184n1-nev14226418n205">
<ptxt id="nev20685184n1-nev14226418n204">Indicates what #@#@#51#e in.</ptxt>
<ptxt id="nev20685184n1-nev14226418n192">Value set:</ptxt>
<ptxt id="nev20685184n1-nev14226418n185">Not pressed in.</ptxt>
<ptxt id="nev20685184n1-nev14226418n178">Pressed in.</ptxt>
</para>
</procstep>
<procstep id="nev20685184n1-nev14226418n217">
<title id="nev20685184n1-nev14226418n216">Button, air dis#@#@#15#oster</title>
<para id="nev20685184n1-nev14226418n201">
<ptxt id="nev20685184n1-nev14226418n200">Indicates what #@#@#51#e in.</ptxt>
<ptxt id="nev20685184n1-nev14226418n191">Value set:</ptxt>
<ptxt id="nev20685184n1-nev14226418n184">Not pressed in.</ptxt>
<ptxt id="nev20685184n1-nev14226418n177">Pressed in.</ptxt>
</para>
</procstep>
<procstep id="nev20685184n1-nev14226418n215">
<title id="nev20685184n1-nev14226418n214">Air distributio#@#@#15#utton</title>
<para id="nev20685184n1-nev14226418n199">
<ptxt id="nev20685184n1-nev14226418n198">Indicates what #@#@#51#e in.</ptxt>
<ptxt id="nev20685184n1-nev14226418n190">Value set:</ptxt>
<ptxt id="nev20685184n1-nev14226418n183">Not pressed in.</ptxt>
<ptxt id="nev20685184n1-nev14226418n176">Pressed in.</ptxt>
</para>
</procstep>
<procstep id="nev20685184n1-nev14226418n213">
<title id="nev20685184n1-nev14226418n212">Button, air dis#@#@#11#floor</title>
<para id="nev20685184n1-nev14226418n197">
<ptxt id="nev20685184n1-nev14226418n196">Indicates what #@#@#51#e in.</ptxt>
<ptxt id="nev20685184n1-nev14226418n189">Value set:</ptxt>
<ptxt id="nev20685184n1-nev14226418n182">Not pressed in.</ptxt>
<ptxt id="nev20685184n1-nev14226418n175">Pressed in.</ptxt>
</para>
</procstep>
</stepgrp>
</procedure>
<procedure id="nev20685184n1-nev14226600n250">
<title id="nev20685184n1-nev14226600n246">Infotainment buttons</title>
<stepgrp id="nev20685184n1-nev14226600n249">
<procstep id="nev20685184n1-nev14226600n248">
<title id="nev20685184n1-nev14226600n247">POWER button</title>
<para id="nev20685184n1-nev14226600n203">
<ptxt id="nev20685184n1-nev14226600n202">Indicates what #@#@#51#e in.</ptxt>
<ptxt id="nev20685184n1-nev14226600n159">Value set:</ptxt>
<ptxt id="nev20685184n1-nev14226600n137">Not pressed in.</ptxt>
<ptxt id="nev20685184n1-nev14226600n136">Pressed in.</ptxt>
</para>
</procstep>
<procstep id="nev20685184n1-nev14226600n245">
<title id="nev20685184n1-nev14226600n244">1 button</title>
<para id="nev20685184n1-nev14226600n201">
<ptxt id="nev20685184n1-nev14226600n200">Indicates what #@#@#51#e in.</ptxt>
<ptxt id="nev20685184n1-nev14226600n158">Value set:</ptxt>
<ptxt id="nev20685184n1-nev14226600n135">Not pressed in.</ptxt>
<ptxt id="nev20685184n1-nev14226600n113">Pressed in.</ptxt>
</para>
</procstep>
<procstep id="nev20685184n1-nev14226600n243">
<title id="nev20685184n1-nev14226600n242">2 button</title>
<para id="nev20685184n1-nev14226600n199">
<ptxt id="nev20685184n1-nev14226600n198">Indicates what #@#@#51#e in.</ptxt>
<ptxt id="nev20685184n1-nev14226600n157">Value set:</ptxt>
<ptxt id="nev20685184n1-nev14226600n134">Not pressed in.</ptxt>
<ptxt id="nev20685184n1-nev14226600n112">Pressed in.</ptxt>
</para>
</procstep>
<procstep id="nev20685184n1-nev14226600n241">
<title id="nev20685184n1-nev14226600n240">3 button</title>
<para id="nev20685184n1-nev14226600n197">
<ptxt id="nev20685184n1-nev14226600n196">Indicates what #@#@#51#e in.</ptxt>
<ptxt id="nev20685184n1-nev14226600n156">Value set:</ptxt>
<ptxt id="nev20685184n1-nev14226600n133">Not pressed in.</ptxt>
<ptxt id="nev20685184n1-nev14226600n111">Pressed in.</ptxt>
</para>
</procstep>
<procstep id="nev20685184n1-nev14226600n239">
<title id="nev20685184n1-nev14226600n238">4 button</title>
<para id="nev20685184n1-nev14226600n195">
<ptxt id="nev20685184n1-nev14226600n194">Indicates what #@#@#51#e in.</ptxt>
<ptxt id="nev20685184n1-nev14226600n155">Value set:</ptxt>
<ptxt id="nev20685184n1-nev14226600n131">Not pressed in.</ptxt>
<ptxt id="nev20685184n1-nev14226600n110">Pressed in.</ptxt>
</para>
</procstep>
<procstep id="nev20685184n1-nev14226600n237">
<title id="nev20685184n1-nev14226600n236">5 button</title>
<para id="nev20685184n1-nev14226600n193">
<ptxt id="nev20685184n1-nev14226600n192">Indicates what #@#@#51#e in.</ptxt>
<ptxt id="nev20685184n1-nev14226600n154">Value set:</ptxt>
<ptxt id="nev20685184n1-nev14226600n130">Not pressed in.</ptxt>
<ptxt id="nev20685184n1-nev14226600n109">Pressed in.</ptxt>
</para>
</procstep>
<procstep id="nev20685184n1-nev14226600n235">
<title id="nev20685184n1-nev14226600n234">6 button</title>
<para id="nev20685184n1-nev14226600n191">
<ptxt id="nev20685184n1-nev14226600n190">Indicates what #@#@#51#e in.</ptxt>
<ptxt id="nev20685184n1-nev14226600n153">Value set:</ptxt>
<ptxt id="nev20685184n1-nev14226600n129">Not pressed in.</ptxt>
<ptxt id="nev20685184n1-nev14226600n108">Pressed in.</ptxt>
</para>
</procstep>
<procstep id="nev20685184n1-nev14226600n233">
<title id="nev20685184n1-nev14226600n232">7 button</title>
<para id="nev20685184n1-nev14226600n189">
<ptxt id="nev20685184n1-nev14226600n188">Indicates what #@#@#51#e in.</ptxt>
<ptxt id="nev20685184n1-nev14226600n152">Value set:</ptxt>
<ptxt id="nev20685184n1-nev14226600n128">Not pressed in.</ptxt>
<ptxt id="nev20685184n1-nev14226600n107">Pressed in.</ptxt>
</para>
</procstep>
<procstep id="nev20685184n1-nev14226600n231">
<title id="nev20685184n1-nev14226600n230">8 button</title>
<para id="nev20685184n1-nev14226600n187">
<ptxt id="nev20685184n1-nev14226600n186">Indicates what #@#@#51#e in.</ptxt>
<ptxt id="nev20685184n1-nev14226600n151">Value set:</ptxt>
<ptxt id="nev20685184n1-nev14226600n127">Not pressed in.</ptxt>
<ptxt id="nev20685184n1-nev14226600n106">Pressed in.</ptxt>
</para>
</procstep>
<procstep id="nev20685184n1-nev14226600n229">
<title id="nev20685184n1-nev14226600n228">9 button</title>
<para id="nev20685184n1-nev14226600n185">
<ptxt id="nev20685184n1-nev14226600n184">Indicates what #@#@#51#e in.</ptxt>
<ptxt id="nev20685184n1-nev14226600n150">Value set:</ptxt>
<ptxt id="nev20685184n1-nev14226600n126">Not pressed in.</ptxt>
<ptxt id="nev20685184n1-nev14226600n105">Pressed in.</ptxt>
</para>
</procstep>
<procstep id="nev20685184n1-nev14226600n227">
<title id="nev20685184n1-nev14226600n226">0 button</title>
<para id="nev20685184n1-nev14226600n183">
<ptxt id="nev20685184n1-nev14226600n182">Indicates what #@#@#51#e in.</ptxt>
<ptxt id="nev20685184n1-nev14226600n149">Value set:</ptxt>
<ptxt id="nev20685184n1-nev14226600n125">Not pressed in.</ptxt>
<ptxt id="nev20685184n1-nev14226600n104">Pressed in.</ptxt>
</para>
</procstep>
<procstep id="nev20685184n1-nev14226600n225">
<title id="nev20685184n1-nev14226600n224">AUTO button</title>
<para id="nev20685184n1-nev14226600n181">
<ptxt id="nev20685184n1-nev14226600n180">Indicates what #@#@#51#e in.</ptxt>
<ptxt id="nev20685184n1-nev14226600n148">Value set:</ptxt>
<ptxt id="nev20685184n1-nev14226600n124">Not pressed in.</ptxt>
<ptxt id="nev20685184n1-nev14226600n103">Pressed in.</ptxt>
</para>
</procstep>
<procstep id="nev20685184n1-nev14226600n223">
<title id="nev20685184n1-nev14226600n222"># button</title>
<para id="nev20685184n1-nev14226600n179">
<ptxt id="nev20685184n1-nev14226600n178">Indicates what #@#@#51#e in.</ptxt>
<ptxt id="nev20685184n1-nev14226600n147">Value set:</ptxt>
<ptxt id="nev20685184n1-nev14226600n123">Not pressed in.</ptxt>
<ptxt id="nev20685184n1-nev14226600n102">Pressed in.</ptxt>
</para>
</procstep>
<procstep id="nev20685184n1-nev14226600n221">
<title id="nev20685184n1-nev14226600n220">PHONE button</title>
<para id="nev20685184n1-nev14226600n177">
<ptxt id="nev20685184n1-nev14226600n176">Indicates what #@#@#51#e in.</ptxt>
<ptxt id="nev20685184n1-nev14226600n146">Value set:</ptxt>
<ptxt id="nev20685184n1-nev14226600n122">Not pressed in.</ptxt>
<ptxt id="nev20685184n1-nev14226600n101">Pressed in.</ptxt>
</para>
</procstep>
<procstep id="nev20685184n1-nev14226600n219">
<title id="nev20685184n1-nev14226600n218">MENU button</title>
<para id="nev20685184n1-nev14226600n175">
<ptxt id="nev20685184n1-nev14226600n174">Indicates what #@#@#51#e in.</ptxt>
<ptxt id="nev20685184n1-nev14226600n145">Value set:</ptxt>
<ptxt id="nev20685184n1-nev14226600n121">Not pressed in.</ptxt>
<ptxt id="nev20685184n1-nev14226600n100">Pressed in.</ptxt>
</para>
</procstep>
<procstep id="nev20685184n1-nev14226600n217">
<title id="nev20685184n1-nev14226600n216">ENTER button</title>
<para id="nev20685184n1-nev14226600n173">
<ptxt id="nev20685184n1-nev14226600n172">Indicates what #@#@#51#e in.</ptxt>
<ptxt id="nev20685184n1-nev14226600n144">Value set:</ptxt>
<ptxt id="nev20685184n1-nev14226600n120">Not pressed in.</ptxt>
<ptxt id="nev20685184n1-nev14226600n99">Pressed in.</ptxt>
</para>
</procstep>
<procstep id="nev20685184n1-nev14226600n215">
<title id="nev20685184n1-nev14226600n214">EXIT button</title>
<para id="nev20685184n1-nev14226600n171">
<ptxt id="nev20685184n1-nev14226600n170">Indicates what #@#@#51#e in.</ptxt>
<ptxt id="nev20685184n1-nev14226600n143">Value set:</ptxt>
<ptxt id="nev20685184n1-nev14226600n119">Not pressed in.</ptxt>
<ptxt id="nev20685184n1-nev14226600n98">Pressed in.</ptxt>
</para>
</procstep>
<procstep id="nev20685184n1-nev14226600n213">
<title id="nev20685184n1-nev14226600n212">Up button</title>
<para id="nev20685184n1-nev14226600n169">
<ptxt id="nev20685184n1-nev14226600n168">Indicates what #@#@#51#e in.</ptxt>
<ptxt id="nev20685184n1-nev14226600n142">Value set:</ptxt>
<ptxt id="nev20685184n1-nev14226600n118">Not pressed in.</ptxt>
<ptxt id="nev20685184n1-nev14226600n97">Pressed in.</ptxt>
</para>
</procstep>
<procstep id="nev20685184n1-nev14226600n211">
<title id="nev20685184n1-nev14226600n210">Down button</title>
<para id="nev20685184n1-nev14226600n167">
<ptxt id="nev20685184n1-nev14226600n166">Indicates what #@#@#51#e in.</ptxt>
<ptxt id="nev20685184n1-nev14226600n141">Value set:</ptxt>
<ptxt id="nev20685184n1-nev14226600n117">Not pressed in.</ptxt>
<ptxt id="nev20685184n1-nev14226600n96">Pressed in.</ptxt>
</para>
</procstep>
<procstep id="nev20685184n1-nev14226600n209">
<title id="nev20685184n1-nev14226600n208">Left button</title>
<para id="nev20685184n1-nev14226600n165">
<ptxt id="nev20685184n1-nev14226600n164">Indicates what #@#@#51#e in.</ptxt>
<ptxt id="nev20685184n1-nev14226600n140">Value set:</ptxt>
<ptxt id="nev20685184n1-nev14226600n116">Not pressed in.</ptxt>
<ptxt id="nev20685184n1-nev14226600n95">Pressed in.</ptxt>
</para>
</procstep>
<procstep id="nev20685184n1-nev14226600n207">
<title id="nev20685184n1-nev14226600n206">Right button</title>
<para id="nev20685184n1-nev14226600n163">
<ptxt id="nev20685184n1-nev14226600n162">Indicates what #@#@#51#e in.</ptxt>
<ptxt id="nev20685184n1-nev14226600n139">Value set:</ptxt>
<ptxt id="nev20685184n1-nev14226600n115">Not pressed in.</ptxt>
<ptxt id="nev20685184n1-nev14226600n94">Pressed in.</ptxt>
</para>
</procstep>
<procstep id="nev20685184n1-nev14226600n205">
<title id="nev20685184n1-nev14226600n204">SOUND button</title>
<para id="nev20685184n1-nev14226600n161">
<ptxt id="nev20685184n1-nev14226600n160">Indicates what #@#@#51#e in.</ptxt>
<ptxt id="nev20685184n1-nev14226600n138">Value set:</ptxt>
<ptxt id="nev20685184n1-nev14226600n114">Not pressed in.</ptxt>
<ptxt id="nev20685184n1-nev14226600n93">Pressed in.</ptxt>
</para>
</procstep>
</stepgrp>
</procedure>
<procedure id="nev20685184n1-nev11279107n3">
<title id="nev20685184n1-nev11279116n2">Miscellaneous</title>
<stepgrp id="nev20685184n1-nev11279107n4">
<title id="nev20685184n1-nev11279107n5">Parameters, status</title>
<procstep id="nev20685184n1-nev11284258n70">
<title id="nev20685184n1-nev11284258n71">Damper motor re#@#@#6#ation</title>
<para id="nev20685184n1-nev11352085n144">
<ptxt id="nev20685184n1-nev11284258n72">Indicates statu#@#@#31#us 1.</ptxt>
<ptxt id="nev20685184n1-nev11284258n73">Value set:</ptxt>
<ptxt id="nev20685184n1-nev11284258n74">Node not instal#@#@#11#ized.</ptxt>
<ptxt id="nev20685184n1-nev11284258n75">Node detected b#@#@#11#cted.</ptxt>
<ptxt id="nev20685184n1-nev11284258n76">Node expected b#@#@#11#cted.</ptxt>
<ptxt id="nev20685184n1-nev11284258n77">Detected as exp#@#@#1#cted.</ptxt>
</para>
</procstep>
<procstep id="nev20685184n1-nev11284258n78">
<title id="nev20685184n1-nev11284258n79">Damper motor te#@#@#10#left.</title>
<para id="nev20685184n1-nev11352085n145">
<ptxt id="nev20685184n1-nev11284258n80">Indicates statu#@#@#31#us 1.</ptxt>
<ptxt id="nev20685184n1-nev11284258n81">Value set:</ptxt>
<ptxt id="nev20685184n1-nev11284258n82">Node not instal#@#@#11#ized.</ptxt>
<ptxt id="nev20685184n1-nev11284258n83">Node detected b#@#@#11#cted.</ptxt>
<ptxt id="nev20685184n1-nev11284258n84">Node expected b#@#@#11#cted.</ptxt>
<ptxt id="nev20685184n1-nev11284258n85">Detected as exp#@#@#1#cted.</ptxt>
</para>
</procstep>
<procstep id="nev20685184n1-nev11284258n86">
<title id="nev20685184n1-nev11284258n87">Air distributio#@#@#10#otor.</title>
<para id="nev20685184n1-nev11352085n146">
<ptxt id="nev20685184n1-nev11284258n88">Indicates statu#@#@#31#us 1.</ptxt>
<ptxt id="nev20685184n1-nev11284258n89">Value set:</ptxt>
<ptxt id="nev20685184n1-nev11284258n90">Node not instal#@#@#11#ized.</ptxt>
<ptxt id="nev20685184n1-nev11284258n91">Node detected b#@#@#11#cted.</ptxt>
<ptxt id="nev20685184n1-nev11284258n92">Node expected b#@#@#11#cted.</ptxt>
<ptxt id="nev20685184n1-nev11284258n93">Detected as exp#@#@#1#cted.</ptxt>
</para>
</procstep>
<procstep id="nev20685184n1-nev11280780n94">
<title id="nev20685184n1-nev11280780n95">Seat heater, le#@#@#8#front</title>
<para id="nev20685184n1-nev11352085n147">
<ptxt id="nev20685184n1-nev11280780n96">Indicates statu#@#@#31#us 1.</ptxt>
<ptxt id="nev20685184n1-nev11280780n112">Value set:</ptxt>
<ptxt id="nev20685184n1-nev11284127n8">Node not instal#@#@#11#ized.</ptxt>
<ptxt id="nev20685184n1-nev11284127n6">Node detected b#@#@#11#cted.</ptxt>
<ptxt id="nev20685184n1-nev11284127n7">Node expected b#@#@#11#cted.</ptxt>
<ptxt id="nev20685184n1-nev11284127n10">Detected as exp#@#@#1#cted.</ptxt>
</para>
</procstep>
<procstep id="nev20685184n1-nev11280780n97">
<title id="nev20685184n1-nev11280780n98">Seat heater, le#@#@#7# rear</title>
<para id="nev20685184n1-nev11352085n148">
<ptxt id="nev20685184n1-nev11280780n99">Indicates statu#@#@#31#us 1.</ptxt>
<ptxt id="nev20685184n1-nev11284127n11">Value set:</ptxt>
<ptxt id="nev20685184n1-nev11284127n12">Node not instal#@#@#11#ized.</ptxt>
<ptxt id="nev20685184n1-nev11284127n13">Node detected b#@#@#11#cted.</ptxt>
<ptxt id="nev20685184n1-nev11284127n14">Node expected b#@#@#11#cted.</ptxt>
<ptxt id="nev20685184n1-nev11284127n15">Detected as exp#@#@#1#cted.</ptxt>
</para>
</procstep>
<procstep id="nev20685184n1-nev11280780n100">
<title id="nev20685184n1-nev11280780n101">Seta heater rea#@#@#3#witch</title>
<para id="nev20685184n1-nev11352085n149">
<ptxt id="nev20685184n1-nev11280780n102">Indicates statu#@#@#31#us 1.</ptxt>
<ptxt id="nev20685184n1-nev11284127n16">Value set:</ptxt>
<ptxt id="nev20685184n1-nev11284127n17">Node not instal#@#@#11#ized.</ptxt>
<ptxt id="nev20685184n1-nev11284127n18">Node detected b#@#@#11#cted.</ptxt>
<ptxt id="nev20685184n1-nev11284127n19">Node expected b#@#@#11#cted.</ptxt>
<ptxt id="nev20685184n1-nev11284127n20">Detected as exp#@#@#1#cted.</ptxt>
</para>
</procstep>
<procstep id="nev20685184n1-nev11280780n103">
<title id="nev20685184n1-nev11280780n104">Seat heater, ri#@#@#9#front</title>
<para id="nev20685184n1-nev11352085n150">
<ptxt id="nev20685184n1-nev11280780n107">Indicates statu#@#@#31#us 2.</ptxt>
<ptxt id="nev20685184n1-nev11284127n21">Value set:</ptxt>
<ptxt id="nev20685184n1-nev11284127n22">Node not instal#@#@#11#ized.</ptxt>
<ptxt id="nev20685184n1-nev11284127n23">Node detected b#@#@#11#cted.</ptxt>
<ptxt id="nev20685184n1-nev11284127n24">Node expected b#@#@#11#cted.</ptxt>
<ptxt id="nev20685184n1-nev11284127n25">Detected as exp#@#@#1#cted.</ptxt>
</para>
</procstep>
<procstep id="nev20685184n1-nev11280780n105">
<title id="nev20685184n1-nev11280780n106">Seat heater, ri#@#@#8# rear</title>
<para id="nev20685184n1-nev11352085n151">
<ptxt id="nev20685184n1-nev11280780n108">Indicates statu#@#@#31#us 2.</ptxt>
<ptxt id="nev20685184n1-nev11284127n26">Value set:</ptxt>
<ptxt id="nev20685184n1-nev11284127n27">Node not instal#@#@#11#ized.</ptxt>
<ptxt id="nev20685184n1-nev11284127n28">Node detected b#@#@#11#cted.</ptxt>
<ptxt id="nev20685184n1-nev11284127n29">Node expected b#@#@#11#cted.</ptxt>
<ptxt id="nev20685184n1-nev11284127n30">Detected as exp#@#@#1#cted.</ptxt>
</para>
</procstep>
<procstep id="nev20685184n1-nev11280780n109">
<title id="nev20685184n1-nev11280780n110">Humidity sensor</title>
<para id="nev20685184n1-nev11352085n152">
<ptxt id="nev20685184n1-nev11280780n111">Indicates statu#@#@#31#us 2.</ptxt>
<ptxt id="nev20685184n1-nev11284127n31">Value set:</ptxt>
<ptxt id="nev20685184n1-nev11284127n32">Node not instal#@#@#11#ized.</ptxt>
<ptxt id="nev20685184n1-nev11284127n33">Node detected b#@#@#11#cted.</ptxt>
<ptxt id="nev20685184n1-nev11284127n34">Node expected b#@#@#11#cted.</ptxt>
<ptxt id="nev20685184n1-nev11284127n35">Detected as exp#@#@#1#cted.</ptxt>
</para>
</procstep>
<procstep id="nev20685184n1-nev11284258n94">
<title id="nev20685184n1-nev11284258n95">Damper motor, d#@#@#3#oster</title>
<para id="nev20685184n1-nev11352085n153">
<ptxt id="nev20685184n1-nev11284258n96">Indicates statu#@#@#31#us 2.</ptxt>
<ptxt id="nev20685184n1-nev11284258n97">Value set:</ptxt>
<ptxt id="nev20685184n1-nev11284258n98">Node not instal#@#@#11#ized.</ptxt>
<ptxt id="nev20685184n1-nev11284258n108">Node detected b#@#@#11#cted.</ptxt>
<ptxt id="nev20685184n1-nev11284258n99">Node expected b#@#@#11#cted.</ptxt>
<ptxt id="nev20685184n1-nev11284258n100">Detected as exp#@#@#1#cted.</ptxt>
</para>
</procstep>
<procstep id="nev20685184n1-nev11284258n101">
<title id="nev20685184n1-nev11284258n102">Damper motor, t#@#@#12#right</title>
<para id="nev20685184n1-nev11352085n154">
<ptxt id="nev20685184n1-nev11284258n103">Indicates statu#@#@#31#us 2.</ptxt>
<ptxt id="nev20685184n1-nev11284258n104">Value set:</ptxt>
<ptxt id="nev20685184n1-nev11284258n105">Node not instal#@#@#11#ized.</ptxt>
<ptxt id="nev20685184n1-nev11284258n109">Node detected b#@#@#11#cted.</ptxt>
<ptxt id="nev20685184n1-nev11284258n110">Node expected b#@#@#11#cted.</ptxt>
<ptxt id="nev20685184n1-nev11284258n111">Detected as exp#@#@#1#cted.</ptxt>
</para>
</procstep>
<procstep id="nev20685184n1-nev11279107n6">
<title id="nev20685184n1-nev11279107n7">Status, Air qua#@#@#6#ensor</title>
<para id="nev20685184n1-nev11279107n8">
<ptxt id="nev20685184n1-nev11279116n56">Indicates the s#@#@#26#ensor</ptxt>
<ptxt id="nev20685184n1-nev11279107n10">Level 0 = No in#@#@#33#evel.</ptxt>
<ptxt id="nev20685184n1-nev11279108n1">Level 1 = Slow #@#@#23#evel.</ptxt>
<ptxt id="nev20685184n1-nev11279116n49">Level 2 = Mediu#@#@#25#evel.</ptxt>
<ptxt id="nev20685184n1-nev11279116n52">Level 3 = Rapid#@#@#24#evel.</ptxt>
<ptxt id="nev20685184n1-nev11279116n54">Warm-up phase =#@#@#49#ctly.</ptxt>
<ptxt id="nev20685184n1-nev11279116n50">Defective heate#@#@#53#tive.</ptxt>
<ptxt id="nev20685184n1-nev11279116n51">Stand by mode =#@#@#93#sary.</ptxt>
</para>
</procstep>
<procstep id="nev20685184n1-nev11284258n112">
<title id="nev20685184n1-nev11284258n113">Communication, #@#@#13#ensor</title>
<para id="nev20685184n1-nev11352085n155">
<ptxt id="nev20685184n1-nev11284258n115">Indicates the c#@#@#29#nsor.</ptxt>
<ptxt id="nev20685184n1-nev11284258n116">OK = Communicat#@#@#2#n OK.</ptxt>
<ptxt id="nev20685184n1-nev11284258n117">Not ok = Commun#@#@#10#t OK.</ptxt>
</para>
</procstep>
<procstep id="nev20685184n1-nev11279116n71">
<title id="nev20685184n1-nev11279116n72">Auto defroster #@#@#10#hield</title>
<para id="nev20685184n1-nev11279116n73">
<ptxt id="nev20685184n1-nev11279116n74">Indicates the s#@#@#46#ield.</ptxt>
<ptxt id="nev20685184n1-nev11279116n75">Off = The funct#@#@#11#tive.</ptxt>
<ptxt id="nev20685184n1-nev11279116n76">ON = The functi#@#@#8#tive.</ptxt>
</para>
</procstep>
</stepgrp>
<stepgrp id="nev20685184n1-nev11279108n2">
<title id="nev20685184n1-nev11279108n3">Parameters, value</title>
<procstep id="nev20685184n1-nev11279116n87">
<title id="nev20685184n1-nev11279116n88">Evaporator temp#@#@#10#nsor.</title>
<para id="nev20685184n1-nev11279116n89">
<ptxt id="nev20685184n1-nev11279116n90">Measurement ran#@#@#12#0 ºC.</ptxt>
<ptxt id="nev20685184n1-nev11279116n91">Measures the te#@#@#23#ator.</ptxt>
</para>
</procstep>
<procstep id="nev20685184n1-nev11279116n64">
<title id="nev20685184n1-nev11279116n65">Passenger compa#@#@#20#ensor</title>
<para id="nev20685184n1-nev11279116n67">
<ptxt id="nev20685184n1-nev11279116n68">Measurement ran#@#@#14#0 ºC.</ptxt>
<ptxt id="nev20685184n1-nev11279116n86">Measures the te#@#@#90#nsor.</ptxt>
</para>
</procstep>
<procstep id="nev20685184n1-nev13139168n1">
<title id="nev20685184n1-nev13139168n2">Outside temperature</title>
<para id="nev20685184n1-nev13139168n3">
<ptxt id="nev20685184n1-nev13139168n5">Measurement ran#@#@#14#0 ºC.</ptxt>
<ptxt id="nev20685184n1-nev13139168n4">The value shows#@#@#133#CEM).</ptxt>
</para>
</procstep>
<procstep id="nev20685184n1-nev11284258n118">
<title id="nev20685184n1-nev11284258n119">Passenger compa#@#@#33#ltage</title>
<para id="nev20685184n1-nev11284258n120">
<ptxt id="nev20685184n1-nev11284258n121">Measures the vo#@#@#72#nsor.</ptxt>
</para>
</procstep>
<procstep id="nev20685184n1-nev11285320n1">
<title id="nev20685184n1-nev11285320n2">Temperature set#@#@#5# left</title>
<para id="nev20685184n1-nev11352085n156">
<ptxt id="nev20685184n1-nev11285320n3">Measurement ran#@#@#11#8 ºC.</ptxt>
<ptxt id="nev20685184n1-nev11285320n4">Indicates the s#@#@#62#ment.</ptxt>
</para>
</procstep>
<procstep id="nev20685184n1-nev11285320n5">
<title id="nev20685184n1-nev11285320n6">Temperature set#@#@#6#right</title>
<para id="nev20685184n1-nev11352085n157">
<ptxt id="nev20685184n1-nev11285320n7">Measurement ran#@#@#11#8 ºC.</ptxt>
<ptxt id="nev20685184n1-nev11285320n8">Indicates the s#@#@#63#ment.</ptxt>
</para>
</procstep>
<procstep id="nev20685184n1-nev11284258n127">
<title id="nev20685184n1-nev11284258n128">Requested blowe#@#@#6#speed</title>
<para id="nev20685184n1-nev11284258n129">
<ptxt id="nev20685184n1-nev11284258n130">Measurement ran#@#@#8#100%.</ptxt>
<ptxt id="nev20685184n1-nev11284258n131">Measures the sp#@#@#57# rpm.</ptxt>
</para>
</procstep>
<procstep id="nev20685184n1-nev11284258n132">
<title id="nev20685184n1-nev11284258n133">Number of cold #@#@#11#tions</title>
<para id="nev20685184n1-nev11284258n134">
<ptxt id="nev20685184n1-nev11284258n135">Measurement ran#@#@#9#1024.</ptxt>
<ptxt id="nev20685184n1-nev11284258n136">Measures the nu#@#@#102#zone.</ptxt>
</para>
</procstep>
<procstep id="nev20685184n1-nev11284258n137">
<title id="nev20685184n1-nev11284258n138">Voltage supply #@#@#9#odule</title>
<para id="nev20685184n1-nev11284258n139">
<ptxt id="nev20685184n1-nev11284258n140">Measurement ran#@#@#12#.5 V.</ptxt>
<ptxt id="nev20685184n1-nev11284258n141">Measures the cl#@#@#34#age. </ptxt>
</para>
</procstep>
</stepgrp>
</procedure>
<procedure id="nev20685184n1-nev11279116n161">
<title id="nev20685184n1-nev11279116n160">Seat climate</title>
<stepgrp id="nev20685184n1-nev11279116n166">
<title id="nev20685184n1-nev11279116n167">Parameters, value</title>
<procstep id="nev20685184n1-nev11279116n164">
<title id="nev20685184n1-nev11279116n165">Seat heater, le#@#@#8#front</title>
<para id="nev20685184n1-nev11352085n158">
<ptxt id="nev20685184n1-nev11279116n209">Measurement ran#@#@#10#0 ºC.</ptxt>
<ptxt id="nev20685184n1-nev11280780n58">The value indic#@#@#30#ture.</ptxt>
</para>
</procstep>
<procstep id="nev20685184n1-nev11280780n61">
<title id="nev20685184n1-nev11280780n62">Ventilation fan#@#@#17# seat</title>
<para id="nev20685184n1-nev11352085n159">
<ptxt id="nev20685184n1-nev11280780n63">Measurement ran#@#@#9#100%.</ptxt>
<ptxt id="nev20685184n1-nev11280780n64">The value indic#@#@#44#peed.</ptxt>
</para>
</procstep>
<procstep id="nev20685184n1-nev11280780n65">
<title id="nev20685184n1-nev11280780n66">Ventilation fan#@#@#21#krest</title>
<para id="nev20685184n1-nev11352085n160">
<ptxt id="nev20685184n1-nev11280780n67">Measurement ran#@#@#9#100%.</ptxt>
<ptxt id="nev20685184n1-nev11280780n68">The value indic#@#@#44#peed.</ptxt>
</para>
</procstep>
<procstep id="nev20685184n1-nev11280780n69">
<title id="nev20685184n1-nev11280780n70">Seat heater, ri#@#@#9#front</title>
<para id="nev20685184n1-nev11352085n161">
<ptxt id="nev20685184n1-nev11280780n71">Measurement ran#@#@#10#0 ºC.</ptxt>
<ptxt id="nev20685184n1-nev11280780n72">The value indic#@#@#30#ture.</ptxt>
</para>
</procstep>
<procstep id="nev20685184n1-nev11280780n73">
<title id="nev20685184n1-nev11280780n74">Ventilation fan#@#@#18# seat</title>
<para id="nev20685184n1-nev11352085n162">
<ptxt id="nev20685184n1-nev11280780n75">Measurement ran#@#@#9#100%.</ptxt>
<ptxt id="nev20685184n1-nev11280780n76">The value indic#@#@#44#peed.</ptxt>
</para>
</procstep>
<procstep id="nev20685184n1-nev11280780n77">
<title id="nev20685184n1-nev11280780n78">Ventilation fan#@#@#22#krest</title>
<para id="nev20685184n1-nev11352085n163">
<ptxt id="nev20685184n1-nev11280780n79">Measurement ran#@#@#9#100%.</ptxt>
<ptxt id="nev20685184n1-nev11280780n80">The value indic#@#@#44#peed.</ptxt>
</para>
</procstep>
<procstep id="nev20685184n1-nev11280780n81">
<title id="nev20685184n1-nev11280780n82">Seat heater, le#@#@#7# rear</title>
<para id="nev20685184n1-nev11352085n164">
<ptxt id="nev20685184n1-nev11280780n83">Measurement ran#@#@#10#0 ºC.</ptxt>
<ptxt id="nev20685184n1-nev11280780n87">The value indic#@#@#30#ture.</ptxt>
</para>
</procstep>
<procstep id="nev20685184n1-nev11280780n84">
<title id="nev20685184n1-nev11280780n85">Seat heater, ri#@#@#8# rear</title>
<para id="nev20685184n1-nev11352085n166">
<ptxt id="nev20685184n1-nev11352085n167">Measurement ran#@#@#10#0 ºC.</ptxt>
<ptxt id="nev20685184n1-nev11352085n168">The value indic#@#@#30#ture.</ptxt>
</para>
</procstep>
<procstep id="nev20685184n1-nev16557524n244">
<title id="nev20685184n1-nev16557524n240">Setting timer, #@#@#12#front</title>
<para id="nev20685184n1-nev16557524n237">
<ptxt id="nev20685184n1-nev16557524n236">Measurement ran#@#@#16# mins</ptxt>
<ptxt id="nev20685184n1-nev16557524n235">The value indic#@#@#50#ater.</ptxt>
</para>
</procstep>
<procstep id="nev20685184n1-nev16557524n234">
<title id="nev20685184n1-nev16557524n233">Setting timer, #@#@#11# rear</title>
<para id="nev20685184n1-nev16557524n231">
<ptxt id="nev20685184n1-nev16557524n230">Measurement ran#@#@#16# mins</ptxt>
<ptxt id="nev20685184n1-nev16557524n229">The value indic#@#@#49#ater.</ptxt>
</para>
</procstep>
</stepgrp>
</procedure>
</servinfosub>