<?xml version="1.0" encoding="UTF-8"?><diagnostic IE-ID="en-US0900c8af81a9d504" docno="VCC-161447" id="KC07239489" type="test" xml:lang="en-US">
<title>
<phrase category="" id="KC09562267" phrase-urn="urn:x-nevis:phrase:0800c8af8271f74a">Verification</phrase>
</title>
<testgrp IE-ID="en-US0900c8af81a9d504_KC07239495" id="KC07239495" j2008use="1" paperuse="1" resumable="1" screenuse="1" testgrp-id="verifnode" x="200" y="80">
<title>
<phrase category="" id="KC09562268" phrase-urn="urn:x-nevis:phrase:0800c8af8271f74b">Verification</phrase>
</title>
<node>
<test1>
<hint>
<ptxt>
<phrase category="" id="KC09562269" phrase-urn="urn:x-nevis:phrase:0800c8af8271f74d">After carrying #@#@#50#died.</phrase>
</ptxt>
</hint>
<diaglist>
<dgraphic>
<dgraphic1>
<graphic id="KC09562270">
<href>0900c8af80054d3#@#@#9#.jpeg</href>
</graphic>
</dgraphic1>
</dgraphic>
<ditem>
<ptxt>
<phrase category="" id="KC09562271" phrase-urn="urn:x-nevis:phrase:0800c8af8271f74e">Ignition off</phrase>
</ptxt>
</ditem>
<ditem>
<ptxt>
<phrase category="" id="KC09562272" phrase-urn="urn:x-nevis:phrase:0800c8af8271f74f">Reconnect the c#@#@#31# etc.</phrase>
</ptxt>
</ditem>
<ditem>
<ptxt>
<phrase category="" id="KC09562273" phrase-urn="urn:x-nevis:phrase:0800c8af8271f750">Test drive the #@#@#75#nutes</phrase>
</ptxt>
</ditem>
<ditem>
<ptxt>
<phrase category="" id="KC09562274" phrase-urn="urn:x-nevis:phrase:0800c8af8271f751">Release the acc#@#@#69#t-off</phrase>
</ptxt>
</ditem>
<ditem>
<ptxt>
<phrase category="" id="KC09562275" phrase-urn="urn:x-nevis:phrase:0800c8af8271f752">Connect VCT2000#@#@#62#gine.</phrase>
</ptxt>
</ditem>
</diaglist>
<test2>
<note>
<ptxt>
<phrase category="" id="KC09562276" phrase-urn="urn:x-nevis:phrase:0800c8af8271f753">If the engine i#@#@#94#ated.</phrase>
</ptxt>
</note>
<para>
<ptxt>
<phrase category="" id="KC09562277" phrase-urn="urn:x-nevis:phrase:0800c8af8271f754">Read out the de#@#@#58#O2S).</phrase>
</ptxt>
</para>
<para>
<ptxt>
<phrase category="" id="KC09562278" phrase-urn="urn:x-nevis:phrase:0800c8af8271f755">Check that the #@#@#28#0.03.</phrase>
</ptxt>
</para>
<diaglist>
<dgraphic>
<dgraphic2>
<graphic id="KC09562279">
<href>0900c8af86c8681#@#@#9#.jpeg</href>
</graphic>
<smarttool active="press" id="KC09562280" toolname="XECM1010"/>
</dgraphic2>
</dgraphic>
<ditem>
<ditemtext>
<ptxt>
<phrase category="" id="KC09562281" phrase-urn="urn:x-nevis:phrase:0800c8af8271f756"/>
</ptxt>
</ditemtext>
</ditem>
</diaglist>
</test2>
</test1>
<question>
Is the value OK?
</question>
<resact-grp>
<result button="yes" comp="button" highlight="0"/>
<action j2008use="1" paperuse="1" screenuse="1">
<return value="VERIFIED"/>
</action>
</resact-grp>
<resact-grp>
<result button="no" comp="button" highlight="0"/>
<action j2008use="1" paperuse="1" screenuse="1">
<return value="VERIFICATION FAILED"/>
</action>
</resact-grp>
</node>
</testgrp>
</diagnostic>