<?xml version="1.0" encoding="UTF-8"?><servinfosub IE-ID="en-US0900c8af80627504" docno="VCC-018890" id="KC02201808" xml:lang="en-US">
<title>
<phrase category="" id="KC08276898" phrase-urn="urn:x-nevis:phrase:0800c8af81db5f50">Fault tracing i#@#@#5#ation</phrase>
</title>
<diagnostic id="KC02201809" type="condition">
<title>
<phrase category="" id="KC08276899" phrase-urn="urn:x-nevis:phrase:0800c8af81db5f51"/>
</title>
<condgrp>
<condition type="condition">
<list1 enumtype="d" type="unordered">
<item>
<ptxt>
<phrase category="" id="KC08276900" phrase-urn="urn:x-nevis:phrase:0800c8af81db5f52">      No DTCs p#@#@#2#sent.</phrase>
</ptxt>
</item>
<item>
<ptxt>
<phrase category="" id="KC08276901" phrase-urn="urn:x-nevis:phrase:0800c8af81db5f53">      Engine hot.</phrase>
</ptxt>
</item>
<item>
<ptxt>
<phrase category="" id="KC08276902" phrase-urn="urn:x-nevis:phrase:0800c8af81db5f54">      Fault is #@#@#5#nent.</phrase>
</ptxt>
</item>
</list1>
</condition>
<ps>
<list1 enumtype="d" type="unordered">
<item>
<ptxt>
<phrase category="" id="KC08276903" phrase-urn="urn:x-nevis:phrase:0800c8af81db5f55">      Timing re#@#@#15#nock.</phrase>
</ptxt>
</item>
</list1>
</ps>
</condgrp>
</diagnostic>
</servinfosub>