<?xml version="1.0" encoding="UTF-8"?><servinfosub IE-ID="en-US0900c8af800d1504" docno="VCC-141153" id="KC01336191" xml:lang="en-US">
<title>
<phrase category="" id="KC09418626" phrase-urn="urn:x-nevis:phrase:0800c8af826fe933">Over heated</phrase>
</title>
<diagnostic j2008use="1" paperuse="1" screenuse="1" type="test">
<testgrp IE-ID="en-US0900c8af800d1504_KC01340936" id="KC01340936" j2008use="1" paperuse="1" resumable="1" screenuse="1" testgrp-id="node1" x="120" y="80">
<title>
<phrase category="" id="KC09418627" phrase-urn="urn:x-nevis:phrase:0800c8af826fe940">Replacing the c#@#@#3#onent</phrase>
</title>
<node>
<test1>
<test2>
<para>
<ptxt>
<phrase category="" id="KC09418628" phrase-urn="urn:x-nevis:phrase:0800c8af826fe94e">The audio modul#@#@#36#ault.</phrase>
</ptxt>
</para>
<para>
<ptxt>
<phrase category="" id="KC09418629" phrase-urn="urn:x-nevis:phrase:0800c8af826fe95c">If the fault is#@#@#251#AUD).</phrase>
</ptxt>
</para>
<para>
<ptxt>
<phrase category="" id="KC09418630" phrase-urn="urn:x-nevis:phrase:0800c8af826fe968">In the event of#@#@#51# See <xref>
<ref id="KC09418631"/>
</xref>. </phrase>
</ptxt>
</para>
<para>
<ptxt>
<phrase category="" id="KC09418632" phrase-urn="urn:x-nevis:phrase:0800c8af826fe976">Remedy as necessary.</phrase>
</ptxt>
</para>
<grate>
<graphic id="KC09418633">
<href>0900c8af80056a6#@#@#9#.jpeg</href>
</graphic>
</grate>
</test2>
</test1>
<question>
Select Continue.
</question>
<resact-grp>
<result button="cont" comp="button" highlight="0"/>
<action j2008use="1" paperuse="1" screenuse="1">
<ptxt>
<xref>
<ref id="KC09418635"/>
</xref>
</ptxt>
</action>
</resact-grp>
</node>
</testgrp>
<testgrp id="KC01340937" j2008use="1" paperuse="1" resumable="1" screenuse="1" testgrp-id="info1" x="120" y="160">
<title>
<phrase category="" id="KC09418636" phrase-urn="urn:x-nevis:phrase:0800c8af826fe990">Fault-tracing i#@#@#5#ation</phrase>
</title>
<subcalloutnode>
<diagcallout>
<xref>
<ref id="KC09418637"/>
</xref>
</diagcallout>
<rescall-grp>
<result comp="string" highlight="0" op="eq" return="NEW TRY"/>
<calloutaction>
<ptxt>
<xref>
<ref id="KC09418638"/>
</xref>
</ptxt>
</calloutaction>
</rescall-grp>
<rescall-grp>
<result comp="string" highlight="0" op="eq" return="FAULT FOUND"/>
<calloutaction>
<return value="DONE"/>
</calloutaction>
</rescall-grp>
</subcalloutnode>
</testgrp>
</diagnostic>
</servinfosub>