<?xml version="1.0" encoding="UTF-8"?><servinfosub IE-ID="en-US0900c8af800c6318" docno="VCC-091026" id="KC01117104" xml:lang="en-US">
<title>
<phrase category="" id="KC06017272" phrase-urn="urn:x-nevis:phrase:0800c8af81718e28">Diagnostic trou#@#@#15#ation</phrase>
</title>
<diagnostic type="condition">
<condgrp>
<condition type="condition">
<para>
<ptxt>
<phrase category="" id="KC06017273" phrase-urn="urn:x-nevis:phrase:0800c8af81718e29">If rear electro#@#@#112#ayed.</phrase>
</ptxt>
</para>
</condition>
</condgrp>
<condgrp>
<condition type="substitution">
<ptxt>
<phrase category="" id="KC06017274" phrase-urn="urn:x-nevis:phrase:0800c8af81718e2a">Nothing.</phrase>
</ptxt>
</condition>
<ps>
<list1 enumtype="d" type="unordered">
<item>
<ptxt>
<phrase category="" id="KC06017275" phrase-urn="urn:x-nevis:phrase:0800c8af81718e2b">Faulty relay (s#@#@#23#oil).</phrase>
</ptxt>
</item>
<item>
<ptxt>
<phrase category="" id="KC06017276" phrase-urn="urn:x-nevis:phrase:0800c8af81718e2c">Defective contr#@#@#3#unit.</phrase>
</ptxt>
</item>
</list1>
</ps>
</condgrp>
<condgrp>
<condition type="symptom">
<list1 enumtype="d" type="unordered">
<item>
<ptxt>
<phrase category="" id="KC06017277" phrase-urn="urn:x-nevis:phrase:0800c8af81718e2d">Tank hatch will#@#@#10#lock.</phrase>
</ptxt>
</item>
</list1>
</condition>
</condgrp>
</diagnostic>
</servinfosub>