<?xml version="1.0" encoding="UTF-8"?><servinfosub IE-ID="en-US0900c8af8588a318" docno="VCC-447190" id="nev17759515n1" original="sv-SE" servinfosubId="nev20685494n1-nev20685494n2" servinfosubRes="0900c8af862c1e8c" servinfosubRes2="urn:x-nevis:fragment:0900c8af8588a318:0900c8af862c1e8c#nev20685494n2" xml:lang="en-US">
<title id="nev17759515n2">Description of #@#@#8#alues</title>
<procedure id="nev20685494n1-nev17759515n3">
<stepgrp id="nev20685494n1-nev17759515n4">
<title id="nev20685494n1-nev17759515n5">Description</title>
<procstep id="nev20685494n1-nev17759515n6">
<title id="nev20685494n1-nev17759515n7"/>
<para id="nev20685494n1-nev17759515n8">
<ptxt id="nev20685494n1-nev17759515n9">Frozen values a#@#@#78#ored.</ptxt>
</para>
<para id="nev20685494n1-nev17759515n10">
<ptxt id="nev20685494n1-nev17759516n1">Not all paramet#@#@#223#ored.</ptxt>
</para>
</procstep>
</stepgrp>
<stepgrp id="nev20685494n1-nev17759516n2">
<title id="nev20685494n1-nev17759516n3">Parameters, value</title>
<procstep id="nev20685494n1-nev17759516n4">
<title id="nev20685494n1-nev17759516n5">Total mileage</title>
<para id="nev20685494n1-nev17759516n6">
<ptxt id="nev20685494n1-nev17759516n7">Measurement ran#@#@#16#0 km.</ptxt>
<ptxt id="nev20685494n1-nev17759516n8">The value indic#@#@#81#ated.</ptxt>
</para>
</procstep>
<procstep id="nev20685494n1-nev17759516n9">
<title id="nev20685494n1-nev17759516n10">MECU power supply</title>
<para id="nev20685494n1-nev17759517n1">
<ptxt id="nev20685494n1-nev17759517n2">Measurement ran#@#@#7#63 V.</ptxt>
<ptxt id="nev20685494n1-nev17759517n3">Normal range: 1#@#@#8#.5 V.</ptxt>
<ptxt id="nev20685494n1-nev17759517n4">The value indic#@#@#108#ored.</ptxt>
</para>
</procstep>
<procstep id="nev20685494n1-nev17759517n5">
<title id="nev20685494n1-nev17759517n6">Passenger compa#@#@#13#ature</title>
<para id="nev20685494n1-nev17759517n7">
<ptxt id="nev20685494n1-nev17759517n8">Measurement ran#@#@#11#5 °C.</ptxt>
<ptxt id="nev20685494n1-nev17759517n9">The value indic#@#@#88#ored.</ptxt>
</para>
</procstep>
<procstep id="nev20685494n1-nev17759517n10">
<title id="nev20685494n1-nev17759518n1">Outside temperature</title>
<para id="nev20685494n1-nev17759518n2">
<ptxt id="nev20685494n1-nev17759518n3">Measurement ran#@#@#11#5 °C.</ptxt>
<ptxt id="nev20685494n1-nev17759518n4">The value indic#@#@#74#ored.</ptxt>
</para>
</procstep>
<procstep id="nev20685494n1-nev17759518n5">
<title id="nev20685494n1-nev17759518n6">Power supply po#@#@#1#ition</title>
<para id="nev20685494n1-nev17759518n7">
<ptxt id="nev20685494n1-nev17759518n8">The value indic#@#@#98#ored.</ptxt>
</para>
<para id="nev20685494n1-nev17759518n9">
<ptxt id="nev20685494n1-nev17759518n10">Key removed.</ptxt>
<ptxt id="nev20685494n1-nev17759519n1">Key recently re#@#@#1#oved.</ptxt>
<ptxt id="nev20685494n1-nev17759519n2">-Key approved.</ptxt>
<ptxt id="nev20685494n1-nev17759519n3">Ignition off af#@#@#18#tion.</ptxt>
<ptxt id="nev20685494n1-nev17759519n4">Accessory position.</ptxt>
<ptxt id="nev20685494n1-nev17759519n5">Accessory posit#@#@#17#n on.</ptxt>
<ptxt id="nev20685494n1-nev17759519n6">Ignition on.</ptxt>
<ptxt id="nev20685494n1-nev17759519n7">Running.</ptxt>
<ptxt id="nev20685494n1-nev17759519n8">Start attempts.</ptxt>
</para>
</procstep>
<procstep id="nev20685494n1-nev17759519n9">
<title id="nev20685494n1-nev17759519n10">Status, Air qua#@#@#6#ensor</title>
<para id="nev20685494n1-nev17759520n1">
<ptxt id="nev20685494n1-nev17759520n2">Indicates the s#@#@#20#lity.</ptxt>
<ptxt id="nev20685494n1-nev17759520n3">Value set:</ptxt>
<ptxt id="nev20685494n1-nev17759520n4">Level 0 = Not i#@#@#47#evel.</ptxt>
<ptxt id="nev20685494n1-nev17759520n5">Level 1 = Slow #@#@#23#evel.</ptxt>
<ptxt id="nev20685494n1-nev17759520n6">Level 2 = Mediu#@#@#25#evel.</ptxt>
<ptxt id="nev20685494n1-nev17759520n7">Level 3 = Rapid#@#@#24#evel.</ptxt>
<ptxt id="nev20685494n1-nev17759520n8">Warm-up phase =#@#@#49#ctly.</ptxt>
<ptxt id="nev20685494n1-nev17759520n9">Defective heate#@#@#53#tive.</ptxt>
<ptxt id="nev20685494n1-nev17759520n10">Stand-by mode =#@#@#95#sary.</ptxt>
<ptxt id="nev20685494n1-nev17824954n250">Heater element #@#@#31#tive.</ptxt>
<ptxt id="nev20685494n1-nev17824954n249">Level OK = the #@#@#22#ectly</ptxt>
<ptxt id="nev20685494n1-nev17824954n248">Air quality sen#@#@#120#ctly.</ptxt>
<ptxt id="nev20685494n1-nev17824954n247">Air quality sen#@#@#128#ctly.</ptxt>
</para>
</procstep>
<procstep id="nev20685494n1-nev17759521n1">
<title id="nev20685494n1-nev17759521n2">Requested blowe#@#@#6#speed</title>
<para id="nev20685494n1-nev17759521n3">
<ptxt id="nev20685494n1-nev17759521n4">Measurement ran#@#@#8#00 %.</ptxt>
<ptxt id="nev20685494n1-nev17759521n5">Indicates the r#@#@#21# fan.</ptxt>
</para>
</procstep>
<procstep id="nev20685494n1-nev17759521n6">
<title id="nev20685494n1-nev17759521n7">Voltage supply #@#@#9#odule</title>
<para id="nev20685494n1-nev17759521n8">
<ptxt id="nev20685494n1-nev17759521n9">Measurement ran#@#@#8#.5 V.</ptxt>
<ptxt id="nev20685494n1-nev17759521n10">The value indic#@#@#103#ored.</ptxt>
</para>
</procstep>
</stepgrp>
</procedure>
</servinfosub>