<?xml version="1.0" encoding="UTF-8"?><servinfosub IE-ID="en-US0900c8af85b34318" docno="VCC-456531" id="nev18505616n1" xml:lang="en-US">
<title>
<phrase category="Title" id="nev18505616n2" phrase-urn="urn:x-nevis:phrase:0800c8af81eb9a54">Diagnostic trou#@#@#21#ation</phrase>
<phrase category="Prefix" id="nev18505616n3" phrase-urn="urn:x-nevis:phrase:0800c8af8015c3f5">ECM</phrase>-P026C48</title>
<diagnostic j2008use="1" paperuse="1" screenuse="1" type="condition">
<condgrp>
<condition type="condition">
<grate>
<graphtext>
<ptxt>
<phrase category="Faulttracing" id="nev18505616n4" phrase-urn="urn:x-nevis:phrase:0800c8af84c63b56">The Engine cont#@#@#69#ions.</phrase>
</ptxt>
<ptxt id="nev18505616n5">
<phrase category="Condition" id="nev18505616n6" phrase-urn="urn:x-nevis:phrase:0800c8af82c4843c">The diagnostic #@#@#59#that:</phrase>
</ptxt>
<list1 id="nev18505616n7">
<item id="nev18505616n8">
<ptxt id="nev18505616n9">
<phrase category="Faulttracing" id="nev18505616n10" phrase-urn="urn:x-nevis:phrase:0800c8af84c63b58">The monitoring #@#@#40#load.</phrase>
</ptxt>
</item>
</list1>
<para id="nev18505617n1">
<ptxt id="nev18505617n2">
<phrase category="Condition" id="nev18505617n3" phrase-urn="urn:x-nevis:phrase:0800c8af82c479d6">The control mod#@#@#67#t of:</phrase>
</ptxt>
</para>
<list1 id="nev18505617n4">
<item id="nev18505617n5">
<ptxt id="nev18505617n6">
<phrase category="Preparatory" id="nev18505617n7" phrase-urn="urn:x-nevis:phrase:0800c8af81eb9771">Engine running.</phrase>
</ptxt>
</item>
</list1>
<note id="nev18505617n8">
<ptxt id="nev18505617n9">
<phrase category="Condition" id="nev18505617n10" phrase-urn="urn:x-nevis:phrase:0800c8af82c4844b">The control mod#@#@#132# met.</phrase>
</ptxt>
</note>
</graphtext>
</grate>
</condition>
</condgrp>
<condgrp>
<condition type="substitution">
<list1 enumtype="d" type="unordered">
<item>
<ptxt>
<phrase category="Substitution" id="nev18505618n1" phrase-urn="urn:x-nevis:phrase:0800c8af81eb998f">Limp home.</phrase>
</ptxt>
</item>
</list1>
</condition>
<ps>
<list1 enumtype="d" type="unordered">
<item>
<ptxt>
<phrase category="Possible source" id="nev18505618n2" phrase-urn="urn:x-nevis:phrase:0800c8af81eaba5c">Damaged engine #@#@#16#ECM).</phrase>
</ptxt>
</item>
</list1>
</ps>
</condgrp>
<condgrp>
<condition type="symptom">
<list1 enumtype="d" type="unordered">
<item id="nev18505618n3">
<ptxt id="nev18505618n4">
<phrase category="Symptom CSC" id="nev18505618n5" phrase-urn="urn:x-nevis:phrase:0800c8af8388f076">DL, Warning lig#@#@#85#ation</phrase>
</ptxt>
</item>
<item id="nev18505618n6">
<ptxt id="nev18505618n7">
<phrase category="Symptom CSC" id="nev18505618n8" phrase-urn="urn:x-nevis:phrase:0800c8af8388f137">IV, Text window#@#@#27#ssage</phrase>
</ptxt>
</item>
<item>
<ptxt>
<phrase category="Symptom CSC" id="nev18505618n9" phrase-urn="urn:x-nevis:phrase:0800c8af8388f019">AJ, Driving/Poo#@#@#20#power</phrase>
</ptxt>
</item>
</list1>
</condition>
</condgrp>
</diagnostic>
</servinfosub>