<?xml version="1.0" encoding="UTF-8"?><servinfosub IE-ID="en-US0900c8af8512f318" docno="VCC-161245" id="KC07198627" xml:lang="en-US">
<title>
<phrase category="" id="KC09557551" phrase-urn="urn:x-nevis:phrase:0800c8af8271f3c7">Signal missing</phrase>
</title>
<diagnostic j2008use="1" layout="0" paperuse="1" screenuse="1" type="test">
<testgrp IE-ID="en-US0900c8af8512f318_KC07236501" id="KC07236501" j2008use="1" paperuse="1" resumable="1" screenuse="1" testgrp-id="node1" x="120" y="80">
<title>
<phrase category="" id="KC09557552" phrase-urn="urn:x-nevis:phrase:0800c8af8271f3c8">Checking the wiring</phrase>
</title>
<node>
<hint id="nev16223888n100">
<ptxt id="nev16223888n99">
<phrase category="Faulttracing" id="nev16223889n1" phrase-urn="urn:x-nevis:phrase:0800c8af8512f2f1">Check connector#@#@#46#cted.</phrase>
</ptxt>
</hint>
<test1>
<diaglist>
<dgraphic>
<dgraphic1>
<graphic id="KC09557553">
<href>0900c8af80054d4#@#@#9#.jpeg</href>
</graphic>
</dgraphic1>
<dgraphic3>
<graphic id="KC09557554">
<href>0900c8af80054cc#@#@#9#.jpeg</href>
</graphic>
</dgraphic3>
</dgraphic>
<ditem>
<ptxt>
<phrase category="" id="KC09557555" phrase-urn="urn:x-nevis:phrase:0800c8af8271f3c9">Ignition off</phrase>
</ptxt>
</ditem>
<ditem>
<ptxt>
<phrase category="" id="KC09557556" phrase-urn="urn:x-nevis:phrase:0800c8af8271f3ca">Disconnect conn#@#@#51#CEM).</phrase>
</ptxt>
</ditem>
</diaglist>
<test2>
<para>
<ptxt>
<phrase category="" id="KC09557557" phrase-urn="urn:x-nevis:phrase:0800c8af8271f3cb">The diagnostic #@#@#319#les. </phrase>
</ptxt>
</para>
<para>
<ptxt>
<phrase category="" id="KC09557558" phrase-urn="urn:x-nevis:phrase:0800c8af8271f3cc">Check the signa#@#@#85#ound.</phrase>
</ptxt>
<ptxt>
<phrase category="" id="KC09557559" phrase-urn="urn:x-nevis:phrase:0800c8af8271f3cd">Take readings b#@#@#2#ween:</phrase>
</ptxt>
</para>
<list1 enumtype="d" type="unordered">
<item>
<ptxt>
<phrase category="" id="KC09557560" phrase-urn="urn:x-nevis:phrase:0800c8af8271f3ce">Central electro#@#@#73#al #3</phrase>
</ptxt>
</item>
<item>
<ptxt>
<phrase category="" id="KC09557561" phrase-urn="urn:x-nevis:phrase:0800c8af8271f3cf">Central electro#@#@#82#l #6.</phrase>
</ptxt>
</item>
</list1>
<para>
<ptxt>
<phrase category="" id="KC09557562" phrase-urn="urn:x-nevis:phrase:0800c8af8271f3d0">Remedy as necessary.</phrase>
</ptxt>
</para>
<list1 enumtype="d" type="unordered">
<title>
<phrase category="" id="KC09557563" phrase-urn="urn:x-nevis:phrase:0800c8af8271f3d2">Other information</phrase>
</title>
<item>
<ptxt>
<phrase category="" id="KC09557564" phrase-urn="urn:x-nevis:phrase:0800c8af8271f3d3">
<xref>
<ref id="KC09557565"/>
</xref>
</phrase>
</ptxt>
</item>
<item>
<ptxt>
<phrase category="" id="KC09557566" phrase-urn="urn:x-nevis:phrase:0800c8af8271f3d4">
<xref>
<ref id="KC09557567"/>
</xref>
</phrase>
</ptxt>
</item>
<item>
<ptxt>
<phrase category="" id="KC09557568" phrase-urn="urn:x-nevis:phrase:0800c8af8271f3d5">
<xref>
<ref id="KC09557569"/>
</xref>
</phrase>
</ptxt>
</item>
<item>
<ptxt>
<phrase category="" id="KC09557570" phrase-urn="urn:x-nevis:phrase:0800c8af8271f3d6">
<xref>
<ref id="KC09557571"/>
</xref>
</phrase>
</ptxt>
</item>
<item>
<ptxt>
<phrase category="" id="KC09557572" phrase-urn="urn:x-nevis:phrase:0800c8af8271f3d7">
<xref>
<ref id="KC09557573"/>
</xref>
</phrase>
</ptxt>
</item>
<item>
<ptxt>
<phrase category="" id="KC09557574" phrase-urn="urn:x-nevis:phrase:0800c8af8271f3d8">
<xref>
<ref id="KC09557575"/>
</xref>
</phrase>
</ptxt>
</item>
</list1>
</test2>
</test1>
<question>
Was a fault de#@#@#3#ted?
</question>
<resact-grp>
<result button="yes" comp="button" highlight="0"/>
<action j2008use="1" paperuse="1" screenuse="1">
<ptxt>
<xref>
<ref id="KC09557577"/>
</xref>
</ptxt>
</action>
</resact-grp>
<resact-grp>
<result button="no" comp="button" highlight="0"/>
<action j2008use="1" paperuse="1" screenuse="1">
<ptxt>
<xref>
<ref id="KC09557578"/>
</xref>
</ptxt>
</action>
</resact-grp>
</node>
</testgrp>
<testgrp id="KC07236502" j2008use="1" paperuse="1" resumable="1" screenuse="1" testgrp-id="bytstyr" x="120" y="320">
<title>
<phrase category="" id="KC09557579" phrase-urn="urn:x-nevis:phrase:0800c8af8271f3db">Replacing the c#@#@#8#odule</phrase>
</title>
<node>
<test1>
<test2>
<para>
<ptxt>
<phrase category="" id="KC09557580" phrase-urn="urn:x-nevis:phrase:0800c8af8271f3dc">Try a new light#@#@#54#CPM).</phrase>
</ptxt>
</para>
<para>
<ptxt>
<phrase category="" id="KC09557581" phrase-urn="urn:x-nevis:phrase:0800c8af8271f3dd">Only replace on#@#@#90#ment.</phrase>
</ptxt>
</para>
<para>
<ptxt>
<phrase category="" id="KC09557582" phrase-urn="urn:x-nevis:phrase:0800c8af8271f3de">Remedy as necessary.</phrase>
</ptxt>
</para>
<list1 enumtype="d" type="unordered">
<title>
<phrase category="" id="KC09557583" phrase-urn="urn:x-nevis:phrase:0800c8af8271f3df">Other information</phrase>
</title>
<item>
<ptxt>
<phrase category="" id="KC09557584" phrase-urn="urn:x-nevis:phrase:0800c8af8271f3e0">
<xref>
<ref id="KC09557585"/>
</xref>
</phrase>
</ptxt>
</item>
<item>
<ptxt>
<phrase category="" id="KC09557586" phrase-urn="urn:x-nevis:phrase:0800c8af8271f3e1">
<xref>
<ref id="KC09557587"/>
</xref>
</phrase>
</ptxt>
</item>
</list1>
</test2>
</test1>
<question>
Select Continue.
</question>
<resact-grp>
<result button="cont" comp="button" highlight="0"/>
<action j2008use="1" paperuse="1" screenuse="1">
<ptxt>
<xref>
<ref id="KC09557589"/>
</xref>
</ptxt>
</action>
</resact-grp>
</node>
</testgrp>
<testgrp id="KC07236503" j2008use="1" paperuse="1" resumable="1" screenuse="1" testgrp-id="veria" x="120" y="200">
<title>
<phrase category="" id="KC09557590" phrase-urn="urn:x-nevis:phrase:0800c8af8271f3e3">Verification</phrase>
</title>
<subcalloutnode>
<diagcallout>
<xref>
<ref id="KC09557591"/>
</xref>
</diagcallout>
<rescall-grp>
<result comp="string" highlight="0" op="eq" return="VERIFIED"/>
<calloutaction>
<return value="FAULT FOUND"/>
</calloutaction>
</rescall-grp>
<rescall-grp>
<result comp="string" highlight="0" op="eq" return="VERIFICATION FAILED"/>
<calloutaction>
<ptxt>
<xref>
<ref id="KC09557592"/>
</xref>
</ptxt>
</calloutaction>
</rescall-grp>
</subcalloutnode>
</testgrp>
<testgrp id="KC07236504" j2008use="1" paperuse="0" resumable="1" screenuse="1" testgrp-id="info1" x="360" y="200">
<title>
<phrase category="" id="KC09557593" phrase-urn="urn:x-nevis:phrase:0800c8af8271f3e4">Fault-tracing i#@#@#5#ation</phrase>
</title>
<subcalloutnode>
<diagcallout>
<xref>
<ref id="KC09557594"/>
</xref>
</diagcallout>
<rescall-grp>
<result comp="string" highlight="0" op="eq" return="FAULTTRACING FAILED"/>
<calloutaction>
<return value="FAULTTRACING FAILED"/>
</calloutaction>
</rescall-grp>
<rescall-grp>
<result comp="string" highlight="0" op="eq" return="NEW TRY"/>
<calloutaction>
<ptxt>
<xref>
<ref id="KC09557595"/>
</xref>
</ptxt>
</calloutaction>
</rescall-grp>
</subcalloutnode>
</testgrp>
</diagnostic>
</servinfosub>