<?xml version="1.0" encoding="UTF-8"?><servinfosub IE-ID="en-US0900c8af800c3318" docno="VCC-087945" id="KC01154881" xml:lang="en-US">
<title>
<phrase category="" id="KC06014389" phrase-urn="urn:x-nevis:phrase:0800c8af8171801f">Diagnostic trou#@#@#21#ation</phrase>
</title>
<diagnostic j2008use="1" paperuse="1" screenuse="1" type="condition">
<condgrp>
<condition type="condition">
<grate>
<graphic id="KC06014390" width="column">
<href>0900c8af80054d6#@#@#9#.jpeg</href>
</graphic>
<graphtext>
<ptxt>
<phrase category="" id="KC06014391" phrase-urn="urn:x-nevis:phrase:0800c8af81718020">Diagnostic trou#@#@#261#TC). </phrase>
</ptxt>
</graphtext>
</grate>
</condition>
</condgrp>
<condgrp>
<condition type="substitution">
<list1 enumtype="d" type="unordered">
<item>
<ptxt>
<phrase category="" id="KC06014392" phrase-urn="urn:x-nevis:phrase:0800c8af81718021">ABS system is b#@#@#2#cked.</phrase>
</ptxt>
</item>
<item>
<ptxt>
<phrase category="" id="KC06014393" phrase-urn="urn:x-nevis:phrase:0800c8af81718022">Anti-spin funct#@#@#10#cked.</phrase>
</ptxt>
</item>
<item>
<ptxt>
<phrase category="" id="KC06014394" phrase-urn="urn:x-nevis:phrase:0800c8af81718023">The EBD functio#@#@#11#aged.</phrase>
</ptxt>
</item>
</list1>
</condition>
<ps>
<list1 enumtype="d" type="unordered">
<item>
<ptxt>
<phrase category="" id="KC06014395" phrase-urn="urn:x-nevis:phrase:0800c8af81718024">Battery charger#@#@#42#tage.</phrase>
</ptxt>
</item>
<item>
<ptxt>
<phrase category="" id="KC06014396" phrase-urn="urn:x-nevis:phrase:0800c8af81718025">Charging system#@#@#9#rges.</phrase>
</ptxt>
</item>
</list1>
</ps>
</condgrp>
<condgrp>
<condition type="symptom">
<list1 enumtype="d" type="unordered">
<item>
<ptxt>
<phrase category="" id="KC06014397" phrase-urn="urn:x-nevis:phrase:0800c8af81718026">ABS warning lam#@#@#1# lit.</phrase>
</ptxt>
</item>
<item>
<ptxt>
<phrase category="" id="KC06014398" phrase-urn="urn:x-nevis:phrase:0800c8af81718027">Anti-spin warni#@#@#7# lit.</phrase>
</ptxt>
</item>
<item>
<ptxt>
<phrase category="" id="KC06014399" phrase-urn="urn:x-nevis:phrase:0800c8af81718028">Brake circuit n#@#@#28# lit.</phrase>
</ptxt>
</item>
<item>
<ptxt>
<phrase category="" id="KC06014400" phrase-urn="urn:x-nevis:phrase:0800c8af81718029">No ABS function.</phrase>
</ptxt>
</item>
<item>
<ptxt>
<phrase category="" id="KC06014401" phrase-urn="urn:x-nevis:phrase:0800c8af8171802a">Anti-spin does #@#@#8#tion.</phrase>
</ptxt>
</item>
</list1>
</condition>
</condgrp>
</diagnostic>
</servinfosub>