<?xml version="1.0" encoding="UTF-8"?><servinfosub IE-ID="en-US0900c8af8013400e" docno="VCC-131460" id="KC01148189" xml:lang="en-US">
<title>
<phrase category="" id="KC09395507" phrase-urn="urn:x-nevis:phrase:0800c8af826f8e14">Internal fault</phrase>
</title>
<diagnostic type="test">
<testgrp IE-ID="en-US0900c8af8013400e_KC01148190" id="KC01148190" j2008use="1" paperuse="1" resumable="1" screenuse="1" testgrp-id="node1" x="120" y="80">
<title>
<phrase category="" id="KC09395508" phrase-urn="urn:x-nevis:phrase:0800c8af826f8e15">Reloading the s#@#@#25#dule </phrase>
</title>
<node>
<test1>
<test2>
<ptxt>
<phrase category="" id="KC09395509" phrase-urn="urn:x-nevis:phrase:0800c8af826f8e16">The control mod#@#@#48#ware.</phrase>
</ptxt>
<ptxt>
<phrase category="" id="KC09395510" phrase-urn="urn:x-nevis:phrase:0800c8af826f8e17">Remedy the faul#@#@#146#ries.</phrase>
</ptxt>
</test2>
</test1>
<question>
Select Continue. 
</question>
<resact-grp>
<result button="cont" comp="button" highlight="0"/>
<action j2008use="1" paperuse="1" screenuse="1">
<return value="FAULT FOUND"/>
</action>
</resact-grp>
</node>
</testgrp>
</diagnostic>
</servinfosub>