<?xml version="1.0" encoding="UTF-8"?><servinfosub IE-ID="en-US0900c8af8553500e" docno="VCC-370658" id="nev13714756n1" original="sv-SE" servinfosubId="nev13714757n1-nev17207219n1" servinfosubRes="0900c8af8566d73f" servinfosubRes2="urn:x-nevis:fragment:0900c8af8553500e:0900c8af8566d73f#nev17207219n1" xml:lang="en-US">
<operationnumbers>
<operationnumber>43107</operationnumber>
</operationnumbers>
<title id="nev13714755n9">Transaxle oil</title>
<toolitemtable id="nev13714757n1-nev17355567n29">
<table id="nev13714757n1-nev17355567n28">
<tgroup cols="2" id="nev13714757n1-nev17355567n27">
<colspec colname="COLSPEC0" colwidth="1.00*" id="nev13714757n1-nev17355567n26"/>
<colspec colname="COLSPEC1" colwidth="1.00*" id="nev13714757n1-nev17355567n25"/>
<thead id="nev13714757n1-nev17355567n24">
<row id="nev13714757n1-nev17355567n23">
<entry id="nev13714757n1-nev17355567n22" nameend="COLSPEC1" namest="COLSPEC0" valign="top">
<ptxt id="nev13714757n1-nev17355567n21">
<emph id="nev13714757n1-nev17355567n20">Special tools</emph>
</ptxt>
</entry>
</row>
</thead>
<tbody id="nev13714757n1-nev17355567n19">
<row id="nev13714757n1-nev17355567n18">
<entry id="nev13714757n1-nev17355567n17">
<graphic id="nev13714757n1-nev17355567n16">
<href>0900c8af84b8a31#@#@#9#.jpeg</href>
</graphic>
</entry>
<entry id="nev13714757n1-nev17355567n15">
<ptxt id="nev13714757n1-nev17355567n14">
<emph id="nev13714757n1-nev17355567n13">999 7408 Oil gun</emph>
</ptxt>
<ptxt id="nev13714757n1-nev17355567n11">
<emph id="nev13714757n1-nev17355567n10">Tool number:</emph>999 7408</ptxt>
<ptxt id="nev13714757n1-nev17355567n9">
<emph id="nev13714757n1-nev17355567n8">Tool description:</emph>Oil gun</ptxt>
<ptxt id="nev13714757n1-nev17355567n6">
<emph id="nev13714757n1-nev17355567n5">Tool boards:</emph>43</ptxt>
</entry>
</row>
</tbody>
</tgroup>
</table>
</toolitemtable>
<procedure id="nev13714757n1-nev17355548n9">
<stepgrp boilerplate="false" context="" id="nev13714757n1-nev17355567n50">
<title id="nev13714757n1-0800c8af844a46f6">Removal</title>
<procstep id="nev13714757n1-nev17355549n2">
<grate id="nev13714757n1-nev17355567n48">
<graphic id="nev13714757n1-nev17355567n49">
<href>0900c8af83632ae#@#@#9#.jpeg</href>
</graphic>
</grate>
</procstep>
<procstep id="nev13714757n1-nev17355549n5">
<grate id="nev13714757n1-nev17355567n46">
<graphic id="nev13714757n1-nev17355567n47">
<href>0900c8af84e5e0e#@#@#9#.jpeg</href>
</graphic>
</grate>
</procstep>
</stepgrp>
<stepgrp boilerplate="false" context="" id="nev13714757n1-nev17355567n45">
<title id="nev13714757n1-0800c8af844a46fc">Filling</title>
<procstep id="nev13714757n1-nev17355550n3">
<grate id="nev13714757n1-nev17355567n43">
<graphic id="nev13714757n1-nev17355567n44">
<href>0900c8af84e74f1#@#@#9#.jpeg</href>
</graphic>
<graphtext id="nev13714757n1-nev17361039n1">
<warning id="nev13714757n1-0800c8af844a4837">
<ptxt>Be prepared to #@#@#18#luid.</ptxt>
</warning>
<caution id="nev13714757n1-0800c8af84702f68">
<ptxt>The fluid must #@#@#66#rops.</ptxt>
</caution>
<para id="nev13714757n1-nev17355567n41">
<ptxt id="nev13714757n1-nev17355567n42">See information#@#@#5#t oil<xref boilerplate="true" id="nev13714757n1-0800c8af8566592d">
<ref id="nev13714757n1-nev17355566n31"/>
</xref>
</ptxt>
</para>
</graphtext>
</grate>
</procstep>
<procstep id="nev13714757n1-nev17355553n92">
<grate id="nev13714757n1-nev17355567n39">
<graphic id="nev13714757n1-nev17355567n40">
<href>0900c8af856658e#@#@#9#.jpeg</href>
</graphic>
<graphtext id="nev13714757n1-nev17361046n1">
<para id="nev13714757n1-nev17355567n37">
<ptxt id="nev13714757n1-nev17355567n38">
<toolitem boilerplate="true" id="nev13714757n1-nev17355566n26" imageid="0900c8af84b8a316"/>
</ptxt>
</para>
</graphtext>
</grate>
</procstep>
</stepgrp>
<stepgrp boilerplate="false" context="" id="nev13714757n1-nev17355567n36">
<title id="nev13714757n1-0800c8af844a46f9">Installation</title>
<procstep id="nev13714757n1-nev17355551n6">
<grate id="nev13714757n1-nev17355567n34">
<graphic id="nev13714757n1-nev17355567n35">
<href>0900c8af84e5e0e#@#@#9#.jpeg</href>
</graphic>
<graphtext id="nev13714757n1-nev17361053n1">
<para id="nev13714757n1-nev17355567n32">
<ptxt id="nev13714757n1-nev17355567n33">
<torque id="nev13714757n1-nev17355552n2">
<ref id="nev13714757n1-nev17355552n3"/>
</torque>
</ptxt>
</para>
</graphtext>
</grate>
</procstep>
<procstep id="nev13714757n1-nev17355552n4">
<grate id="nev13714757n1-nev17355567n30">
<graphic id="nev13714757n1-nev17355567n31">
<href>0900c8af83632ae#@#@#9#.jpeg</href>
</graphic>
</grate>
</procstep>
</stepgrp>
</procedure>
</servinfosub>