<?xml version="1.0" encoding="UTF-8"?><servinfosub IE-ID="en-US0900c8af84fac00e" docno="VCC-159456" id="KC06252800" xml:lang="en-US">
<title>
<phrase category="" id="KC09542451" phrase-urn="urn:x-nevis:phrase:0800c8af8271cbf0">Faulty function</phrase>
</title>
<diagnostic j2008use="1" layout="0" paperuse="1" screenuse="1" type="test">
<testgrp IE-ID="en-US0900c8af84fac00e_KC06260293" id="KC06260293" j2008use="1" paperuse="1" resumable="1" screenuse="1" testgrp-id="s1" x="80" y="80">
<title>
<phrase category="Title" id="nev12099369n1" phrase-urn="urn:x-nevis:phrase:0800c8af81eb9c75">Checking the po#@#@#5#upply</phrase>
</title>
<node>
<test1>
<diaglist id="nev12099367n100">
<dgraphic id="nev12100166n100">
<dgraphic1 id="nev12100166n99">
<graphic id="l1144389562175">
<href>0900c8af80054d4#@#@#9#.jpeg</href>
</graphic>
</dgraphic1>
</dgraphic>
<ditem id="nev12099367n99">
<ptxt id="nev12099367n98">
<phrase category="Faulttracing" id="nev12099371n1" phrase-urn="urn:x-nevis:phrase:0800c8af82264dad">Ignition off.</phrase>
</ptxt>
</ditem>
</diaglist>
<test2>
<para id="nev12101220n33">
<ptxt id="nev12101220n32">
<phrase category="Faulttracing" id="nev12102107n1" phrase-urn="urn:x-nevis:phrase:0800c8af82264d2a">Ensure that the#@#@#25#12 V.</phrase>
</ptxt>
<ptxt id="nev12101220n28">
<phrase category="Faulttracing" id="nev12102108n1" phrase-urn="urn:x-nevis:phrase:0800c8af81eb92c0">Connect a batte#@#@#19#sary.</phrase>
</ptxt>
</para>
<para id="nev12100166n94">
<ptxt id="nev12100166n93">
<phrase category="Faulttracing" id="nev12100372n1" phrase-urn="urn:x-nevis:phrase:0800c8af837a3acf">Check the power#@#@#53#SRS).</phrase>
</ptxt>
<ptxt id="nev12100166n91">
<phrase category="Faulttracing" id="nev12100373n1" phrase-urn="urn:x-nevis:phrase:0800c8af822dda74">Perform in acco#@#@#7#with:</phrase>
</ptxt>
</para>
<list1 id="nev12100166n89">
<item id="nev12100166n88">
<ptxt id="nev12100166n87">
<phrase category="Faulttracing" id="nev12100374n1" phrase-urn="urn:x-nevis:phrase:0800c8af824d0c1d">Turn the igniti#@#@#16#on I.</phrase>
</ptxt>
</item>
</list1>
<para id="nev12100166n85">
<ptxt id="nev12100166n84">
<phrase category="Faulttracing" id="nev12100375n1" phrase-urn="urn:x-nevis:phrase:0800c8af82264d67">The SRS (supple#@#@#87#e on.</phrase>
</ptxt>
<ptxt id="nev12100166n82">
<phrase category="Faulttracing" id="nev12100436n1" phrase-urn="urn:x-nevis:phrase:0800c8af837a3b6f">If the power su#@#@#121#onds.</phrase>
</ptxt>
<ptxt id="nev12100166n66">
<phrase category="Faulttracing" id="nev12100437n1" phrase-urn="urn:x-nevis:phrase:0800c8af837a3b77">If the SRS warn#@#@#65#cked.</phrase>
</ptxt>
</para>
<para>
<ptxt>
<phrase category="" id="KC09542454" phrase-urn="urn:x-nevis:phrase:0800c8af8271cbf3">Remedy as necessary.</phrase>
</ptxt>
</para>
<list1 enumtype="d" id="nev12099367n95">
<title id="nev12099367n91">
<phrase category="Title" id="nev12099372n1" phrase-urn="urn:x-nevis:phrase:0800c8af81ea4cd6">Other information</phrase>
</title>
<item id="nev12099367n93">
<ptxt id="nev12099367n92">
<xref id="nev12100166n81">
<ref id="l1144392665310"/>
</xref>
</ptxt>
</item>
<item id="nev12100166n77">
<ptxt id="nev12100166n76">
<xref id="nev12100166n75">
<ref id="l1144392847509"/>
</xref>
</ptxt>
</item>
<item id="nev12100166n70">
<ptxt id="nev12100166n69">
<phrase category="Faulttracing" id="nev12100416n1" phrase-urn="urn:x-nevis:phrase:0800c8af81eb8fb2">For further inf#@#@#28#gram.</phrase>
</ptxt>
</item>
</list1>
</test2>
</test1>
<question>
Was a fault de#@#@#3#ted?
</question>
<resact-grp id="nev12101220n100">
<result button="yes" comp="button" highlight="0" id="nev12101220n99"/>
<action id="nev12101220n96" j2008use="1" paperuse="0" screenuse="1">
<ptxt id="nev12101220n95">
<xref id="nev12101220n94">
<ref id="nev12101220n93"/>
</xref>
</ptxt>
</action>
</resact-grp>
<resact-grp id="nev12101220n98">
<result button="no" comp="button" highlight="0" id="nev12101220n97"/>
<action id="nev12101220n83" j2008use="1" paperuse="0" screenuse="1">
<ptxt id="nev12101220n82">
<xref id="nev12101220n81">
<ref id="nev12101220n80"/>
</xref>
</ptxt>
</action>
</resact-grp>
</node>
</testgrp>
<testgrp id="nev12101220n88" j2008use="1" paperuse="0" resumable="1" screenuse="1" testgrp-id="S2" x="140" y="180">
<title id="nev12101220n87">
<phrase category="Title" id="nev12101274n1" phrase-urn="urn:x-nevis:phrase:0800c8af81eb9b67">Checking commun#@#@#2#ation</phrase>
</title>
<node id="nev12101220n86">
<test1 id="nev12101220n85">
<diaglist id="nev12101220n67">
<dgraphic id="nev12101220n64">
<dgraphic1 id="nev12101220n63">
<graphic id="l1144408599626">
<href>0900c8af80054d5#@#@#9#.jpeg</href>
</graphic>
</dgraphic1>
</dgraphic>
<ditem id="nev12101220n66">
<ptxt id="nev12101220n65">
<phrase category="Faulttracing" id="nev12101286n1" phrase-urn="urn:x-nevis:phrase:0800c8af82264dad">Ignition off.</phrase>
</ptxt>
</ditem>
</diaglist>
<test2 id="nev12101220n60">
<para id="nev12101220n36">
<ptxt id="nev12101220n35">
<phrase category="Faulttracing" id="nev12102101n1" phrase-urn="urn:x-nevis:phrase:0800c8af82264d2a">Ensure that the#@#@#25#12 V.</phrase>
</ptxt>
<ptxt id="nev12101220n31">
<phrase category="Faulttracing" id="nev12102105n1" phrase-urn="urn:x-nevis:phrase:0800c8af81eb92c0">Connect a batte#@#@#19#sary.</phrase>
</ptxt>
</para>
<para id="nev12101220n55">
<ptxt id="nev12101220n54">
<phrase category="Faulttracing" id="nev12106121n1" phrase-urn="urn:x-nevis:phrase:0800c8af837b1377">Check the commu#@#@#73#PAD).</phrase>
</ptxt>
<ptxt id="nev12105924n95">
<phrase category="Faulttracing" id="nev12106144n1" phrase-urn="urn:x-nevis:phrase:0800c8af837b138f">If the Passenge#@#@#198#king.</phrase>
</ptxt>
<ptxt id="nev12101220n52">
<phrase category="Faulttracing" id="nev12106149n1" phrase-urn="urn:x-nevis:phrase:0800c8af837b139b">Carry out check#@#@#10#g to:</phrase>
</ptxt>
</para>
<list1 id="nev12101220n48">
<item id="nev12101220n40">
<ptxt id="nev12101220n39">
<phrase category="Faulttracing" id="nev12101929n1" phrase-urn="urn:x-nevis:phrase:0800c8af837a47f3">Note the Passen#@#@#25#PAD).</phrase>
</ptxt>
</item>
<item id="nev12101220n47">
<ptxt id="nev12101220n46">
<phrase category="Faulttracing" id="nev12101726n1" phrase-urn="urn:x-nevis:phrase:0800c8af837a47b4">Turn the igniti#@#@#42#n II.</phrase>
</ptxt>
<note id="nev15782790n100">
<ptxt id="nev15782790n99">
<phrase category="Faulttracing" id="nev15782791n1" phrase-urn="urn:x-nevis:phrase:0800c8af84fac00f">If the problem #@#@#81#tion.</phrase>
</ptxt>
</note>
</item>
</list1>
<para id="nev12105924n100">
<ptxt id="nev12105924n90"/>
</para>
<list1 enumtype="n" id="nev12105726n100">
<title id="nev12105726n89"/>
<item id="nev12105726n99">
<ptxt id="nev12105726n98">
<phrase category="Symptom" id="nev12105743n1" phrase-urn="urn:x-nevis:phrase:0800c8af8223e15f">PAD lamp is not lit</phrase>
</ptxt>
</item>
<item id="nev12105726n96">
<ptxt id="nev12105726n95">
<phrase category="Faulttracing" id="nev12105756n1" phrase-urn="urn:x-nevis:phrase:0800c8af837b1005">Passenger airba#@#@#37#tely.</phrase>
</ptxt>
</item>
<item id="nev12105726n93">
<ptxt id="nev12105726n92">
<phrase category="Faulttracing" id="nev12105762n1" phrase-urn="urn:x-nevis:phrase:0800c8af837b100d">Passenger airba#@#@#62#more.</phrase>
</ptxt>
</item>
</list1>
<grate id="nev12105270n92">
<graphic id="l1144675713314">
<href>0900c8af8005cb8#@#@#9#.jpeg</href>
</graphic>
</grate>
</test2>
</test1>
<question id="nev12101220n84">
Select alterna#@#@#20#ove.
</question>
<resact-grp id="nev12105270n66">
<result button="text" comp="button" highlight="0" id="nev12105270n65" text="1"/>
<action id="nev12105270n64" j2008use="1" paperuse="0" screenuse="1">
<ptxt id="nev12105270n63">
<xref id="nev12105270n62">
<ref id="nev12105270n61"/>
</xref>
</ptxt>
</action>
</resact-grp>
<resact-grp id="nev12105270n53">
<result button="text" comp="button" highlight="0" id="nev12105270n52" text="2"/>
<action id="nev12105726n82" j2008use="1" paperuse="0" screenuse="1">
<ptxt id="nev12105726n81">
<xref id="nev12105726n80">
<ref id="nev12105726n79"/>
</xref>
</ptxt>
</action>
</resact-grp>
<resact-grp id="nev12105726n88">
<result button="text" comp="button" highlight="0" id="nev12105726n87" text="3"/>
<action id="nev12105726n86" j2008use="1" paperuse="0" screenuse="1">
<ptxt id="nev12105726n85">
<xref id="nev12105726n84">
<ref id="nev12105726n83"/>
</xref>
</ptxt>
</action>
</resact-grp>
</node>
</testgrp>
<testgrp id="KC06260294" j2008use="1" paperuse="1" resumable="1" screenuse="1" testgrp-id="veri" x="80" y="460">
<title>
<phrase category="" id="KC09542457" phrase-urn="urn:x-nevis:phrase:0800c8af8271cbf5">Verification</phrase>
</title>
<subcalloutnode>
<diagcallout>
<xref>
<ref id="KC09542458"/>
</xref>
</diagcallout>
<rescall-grp>
<result comp="string" highlight="0" op="eq" return="VERIFIED"/>
<calloutaction>
<return value="FAULT FOUND"/>
</calloutaction>
</rescall-grp>
<rescall-grp>
<result comp="string" highlight="0" op="eq" return="VERIFICATION FAILED"/>
<calloutaction>
<ptxt>
<xref>
<ref id="KC09542459"/>
</xref>
</ptxt>
</calloutaction>
</rescall-grp>
</subcalloutnode>
</testgrp>
<testgrp id="KC06260295" j2008use="1" paperuse="1" resumable="1" screenuse="1" testgrp-id="info1" x="80" y="540">
<title>
<phrase category="" id="KC09542460" phrase-urn="urn:x-nevis:phrase:0800c8af8271cbf6">Fault-tracing i#@#@#5#ation</phrase>
</title>
<subcalloutnode>
<diagcallout>
<xref>
<ref id="KC09542461"/>
</xref>
</diagcallout>
<rescall-grp>
<result comp="string" highlight="0" op="eq" return="FAULTTRACING FAILED"/>
<calloutaction>
<return value="FAULT NOT FOUND"/>
</calloutaction>
</rescall-grp>
<rescall-grp>
<result comp="string" highlight="0" op="eq" return="NEW TRY"/>
<calloutaction>
<ptxt>
<xref>
<ref id="KC09542462"/>
</xref>
</ptxt>
</calloutaction>
</rescall-grp>
</subcalloutnode>
</testgrp>
<testgrp id="nev12105270n79" j2008use="1" paperuse="0" resumable="1" screenuse="1" x="140" y="380">
<title id="nev12105270n78">
<phrase category="Title" id="nev12105278n1" phrase-urn="urn:x-nevis:phrase:0800c8af81ea4c43">Fault-tracing i#@#@#5#ation</phrase>
</title>
<node id="nev12105270n77">
<test1 id="nev12105270n76">
<diaglist id="nev12105270n72"/>
<test2 id="nev12105270n71">
<para id="nev12105270n25">
<ptxt id="nev12105270n24">
<phrase category="" id="nev12105328n1" phrase-urn="urn:x-nevis:phrase:0800c8af8271cbf2">Continue fault-#@#@#78#lamp.</phrase>
</ptxt>
</para>
<grate id="nev12105270n60">
<graphic id="l1144676496197">
<href>0900c8af8005cb8#@#@#9#.jpeg</href>
</graphic>
</grate>
</test2>
</test1>
<question id="nev12105270n75">
Select "Contin#@#@#8#xit.
</question>
<resact-grp id="nev12105270n74">
<result button="cont" comp="button" highlight="0" id="nev12105270n73"/>
<action id="nev12105270n68" j2008use="1" paperuse="0" screenuse="1">
<return id="nev12105270n67" value="FAULT FOUND"/>
</action>
</resact-grp>
</node>
</testgrp>
<testgrp id="nev12105270n58" j2008use="1" paperuse="0" resumable="1" screenuse="1" x="220" y="300">
<title id="nev12105270n57">
<phrase category="Title" id="nev12105300n1" phrase-urn="urn:x-nevis:phrase:0800c8af81eb9a14">Replacing a com#@#@#1#onent</phrase>
</title>
<node id="nev12105270n56">
<test1 id="nev12105270n55">
<diaglist id="nev12105270n43">
<ditem id="nev12105270n42">
<ptxt id="nev12105270n41">
<phrase category="Faulttracing" id="nev12105303n1" phrase-urn="urn:x-nevis:phrase:0800c8af82264dad">Ignition off.</phrase>
</ptxt>
</ditem>
</diaglist>
<test2 id="nev12105270n39">
<para id="nev12105726n72">
<ptxt id="nev12105726n71"/>
</para>
<para id="nev12105726n78">
<ptxt id="nev12105726n77">
<phrase category="Faulttracing" id="nev12105808n1" phrase-urn="urn:x-nevis:phrase:0800c8af81eab145">Replace the sup#@#@#35#SRS).</phrase>
</ptxt>
</para>
<list1 enumtype="d" id="nev12105270n33">
<title id="nev12105270n32">
<phrase category="Title" id="nev12105309n1" phrase-urn="urn:x-nevis:phrase:0800c8af81ea4cd6">Other information</phrase>
</title>
<item id="nev12105270n30">
<ptxt id="nev12105270n29">
<xref id="nev12105270n28">
<ref id="l1144677215374"/>
</xref>
</ptxt>
</item>
</list1>
<grate id="nev12105270n37">
<graphic id="l1144677069686">
<href>0900c8af8005a38#@#@#9#.jpeg</href>
</graphic>
</grate>
</test2>
</test1>
<question id="nev12105270n54">
Then select "C#@#@#5#ue".
</question>
<resact-grp id="nev12105270n47">
<result button="cont" comp="button" highlight="0" id="nev12105270n46"/>
<action id="nev12105270n45" j2008use="1" paperuse="0" screenuse="1">
<return id="nev12105270n44" value="FAULT FOUND"/>
</action>
</resact-grp>
</node>
</testgrp>
</diagnostic>
</servinfosub>