<?xml version="1.0" encoding="UTF-8"?><servinfosub IE-ID="en-US0900c8af836a6816" docno="VCC-295342" id="nev11925128n1" xml:lang="en-US">
<title>
<phrase category="" id="nev11925128n2" phrase-urn="urn:x-nevis:phrase:0800c8af82724a14">Signal too low</phrase>
</title>
<diagnostic j2008use="1" layout="0" paperuse="1" screenuse="1" type="test">
<testgrp IE-ID="en-US0900c8af836a6816_nev11925128n3" id="nev11925128n3" j2008use="1" paperuse="1" resumable="1" screenuse="1" testgrp-id="node1" x="80" y="80">
<title>
<phrase category="" id="nev11925128n4" phrase-urn="urn:x-nevis:phrase:0800c8af82724a16">Checking the wiring</phrase>
</title>
<node>
<test1>
<diaglist>
<dgraphic>
<dgraphic1>
<graphic id="nev11925128n5">
<href>0900c8af80054d4#@#@#9#.jpeg</href>
</graphic>
</dgraphic1>
<dgraphic2>
<graphic id="nev11925128n6">
<href>0900c8af80054d7#@#@#9#.jpeg</href>
</graphic>
</dgraphic2>
</dgraphic>
<ditem>
<ptxt>
<phrase category="" id="nev11925128n7" phrase-urn="urn:x-nevis:phrase:0800c8af82724a17">Ignition off</phrase>
</ptxt>
</ditem>
<ditem>
<ptxt>
<phrase category="" id="nev11925128n8" phrase-urn="urn:x-nevis:phrase:0800c8af82724a18">Disconnect the #@#@#42#IAM).</phrase>
</ptxt>
</ditem>
</diaglist>
<test2>
<para>
<ptxt>
<phrase category="" id="nev11925128n9" phrase-urn="urn:x-nevis:phrase:0800c8af82724a19">Check the conne#@#@#56#tion.</phrase>
</ptxt>
</para>
<para>
<ptxt>
<phrase category="" id="nev11925128n10" phrase-urn="urn:x-nevis:phrase:0800c8af82724a1a">Check the anten#@#@#129#ound.</phrase>
</ptxt>
<ptxt>
<phrase category="" id="nev11925129n1" phrase-urn="urn:x-nevis:phrase:0800c8af82724a1b">Measure between:</phrase>
</ptxt>
</para>
<list1 enumtype="d" type="unordered">
<item>
<ptxt>
<phrase category="Faulttracing" id="nev11925129n2" phrase-urn="urn:x-nevis:phrase:0800c8af8360e527">Integrated audi#@#@#69#door.</phrase>
</ptxt>
</item>
<item>
<ptxt>
<phrase category="Faulttracing" id="nev11925129n3" phrase-urn="urn:x-nevis:phrase:0800c8af8360e52e">Integrated audi#@#@#70#door.</phrase>
</ptxt>
</item>
</list1>
<para>
<ptxt>
<phrase category="" id="nev11925129n4" phrase-urn="urn:x-nevis:phrase:0800c8af82724a1e">Remedy as necessary.</phrase>
</ptxt>
</para>
<list1 enumtype="d" type="unordered">
<title>
<phrase category="" id="nev11925129n5" phrase-urn="urn:x-nevis:phrase:0800c8af82724a1f">Other information</phrase>
</title>
<item>
<ptxt>
<xref id="nev12067561n100">
<ref id="l1141224394372"/>
</xref>
</ptxt>
</item>
<item>
<ptxt>
<xref id="nev12067561n98">
<ref id="l1141224415294"/>
</xref>
</ptxt>
</item>
<item>
<ptxt>
<xref id="nev11961475n96">
<ref id="l1141224441575"/>
</xref>
</ptxt>
</item>
<item>
<ptxt>
<xref id="nev11961475n94">
<ref id="l1141224473637"/>
</xref>
</ptxt>
</item>
<item>
<ptxt>
<phrase category="" id="nev11925130n4" phrase-urn="urn:x-nevis:phrase:0800c8af82724a25">
<xref>
<ref id="KC09603807"/>
</xref>
</phrase>
</ptxt>
</item>
</list1>
<diaglist>
<dgraphic>
<dgraphic1>
<graphic id="nev11925130n6">
<href>0900c8af8204a45#@#@#9#.jpeg</href>
</graphic>
</dgraphic1>
</dgraphic>
</diaglist>
</test2>
</test1>
<question>
Select Continue.
</question>
<resact-grp>
<result button="cont" comp="button" highlight="0"/>
<action j2008use="1" paperuse="1" screenuse="1">
<ptxt>
<xref>
<ref id="nev11925130n8"/>
</xref>
</ptxt>
</action>
</resact-grp>
</node>
</testgrp>
<testgrp id="nev11925130n9" j2008use="1" paperuse="1" resumable="1" screenuse="1" testgrp-id="veria" x="80" y="220">
<title>
<phrase category="" id="nev11925130n10" phrase-urn="urn:x-nevis:phrase:0800c8af82724a27">Verification</phrase>
</title>
<subcalloutnode>
<diagcallout>
<xref>
<ref id="nev11925131n1"/>
</xref>
</diagcallout>
<rescall-grp>
<result comp="string" highlight="0" op="eq" return="VERIFIED"/>
<calloutaction>
<return value="FAULT FOUND"/>
</calloutaction>
</rescall-grp>
<rescall-grp>
<result comp="string" highlight="0" op="eq" return="VERIFICATION FAILED"/>
<calloutaction>
<ptxt>
<xref>
<ref id="nev11925131n2"/>
</xref>
</ptxt>
</calloutaction>
</rescall-grp>
</subcalloutnode>
</testgrp>
<testgrp id="nev11925131n3" j2008use="1" paperuse="0" resumable="1" screenuse="1" testgrp-id="info1" x="80" y="380">
<title>
<phrase category="" id="nev11925131n4" phrase-urn="urn:x-nevis:phrase:0800c8af82724a28">Fault-tracing i#@#@#5#ation</phrase>
</title>
<subcalloutnode>
<diagcallout>
<xref>
<ref id="nev11925131n5"/>
</xref>
</diagcallout>
<rescall-grp>
<result comp="string" highlight="0" op="eq" return="FAULTTRACING FAILED"/>
<calloutaction>
<return value="FAULTTRACING FAILED"/>
</calloutaction>
</rescall-grp>
<rescall-grp>
<result comp="string" highlight="0" op="eq" return="NEW TRY"/>
<calloutaction>
<ptxt>
<xref>
<ref id="nev11925131n6"/>
</xref>
</ptxt>
</calloutaction>
</rescall-grp>
</subcalloutnode>
</testgrp>
</diagnostic>
</servinfosub>