<?xml version="1.0" encoding="UTF-8"?><servinfosub IE-ID="en-US0900c8af8013e816" docno="VCC-136386" id="KC01172373" xml:lang="en-US">
<title>
<phrase category="" id="KC06684591" phrase-urn="urn:x-nevis:phrase:0800c8af819bbb3b">Signal too high</phrase>
</title>
<diagnostic j2008use="1" paperuse="1" screenuse="1" type="test">
<testgrp IE-ID="en-US0900c8af8013e816_KC01181628" id="KC01181628" j2008use="1" paperuse="1" resumable="1" screenuse="1" testgrp-id="a1" x="200" y="120">
<title>
<phrase category="" id="KC06684592" phrase-urn="urn:x-nevis:phrase:0800c8af819bbb3d">Checking and re#@#@#16#onent</phrase>
</title>
<node>
<test1>
<diaglist>
<dgraphic>
<dgraphic1>
<graphic id="KC06684593">
<href>0900c8af80054d5#@#@#9#.jpeg</href>
</graphic>
</dgraphic1>
</dgraphic>
<ditem>
<ptxt>
<phrase category="" id="KC06684594" phrase-urn="urn:x-nevis:phrase:0800c8af819bbb3f">Ignition off</phrase>
</ptxt>
</ditem>
<ditem>
<ptxt>
<phrase category="" id="KC06684595" phrase-urn="urn:x-nevis:phrase:0800c8af819bbb42">Replace the rel#@#@#35#pump </phrase>
</ptxt>
</ditem>
<ditem>
<ptxt>
<phrase category="" id="KC06684596" phrase-urn="urn:x-nevis:phrase:0800c8af819bbb44">Ignition on.</phrase>
</ptxt>
</ditem>
</diaglist>
<test2>
<para>
<ptxt>
<phrase category="" id="KC06684597" phrase-urn="urn:x-nevis:phrase:0800c8af819bbb46">Activate the re#@#@#23#lick.</phrase>
</ptxt>
</para>
<para>
<ptxt>
<phrase category="" id="KC06684598" phrase-urn="urn:x-nevis:phrase:0800c8af819bbb48">If the function#@#@#77#lay).</phrase>
</ptxt>
</para>
<list1 enumtype="d">
<title>
<phrase category="" id="KC06684599" phrase-urn="urn:x-nevis:phrase:0800c8af819bbb4a">Other information</phrase>
</title>
<item>
<ptxt>
<phrase category="" id="KC06684600" phrase-urn="urn:x-nevis:phrase:0800c8af819bbb4c">To access and r#@#@#17# see <xref>
<ref id="KC06684601"/>
</xref>
</phrase>
</ptxt>
</item>
<item>
<ptxt>
<phrase category="" id="KC06684602" phrase-urn="urn:x-nevis:phrase:0800c8af819bbb4e">For further inf#@#@#56#ram. </phrase>
</ptxt>
</item>
</list1>
<diaglist>
<dgraphic>
<dgraphic2>
<graphic id="KC06684603">
<href>0900c8af86c8681#@#@#9#.jpeg</href>
</graphic>
<smarttool active="press" id="KC06684604" toolname="XCEMB113"/>
</dgraphic2>
</dgraphic>
<ditem>
<ditemtext>
<ptxt>
<phrase category="" id="KC06684605" phrase-urn="urn:x-nevis:phrase:0800c8af819bbb50"/>
</ptxt>
</ditemtext>
</ditem>
</diaglist>
</test2>
</test1>
<question>Was the function OK?</question>
<resact-grp>
<result button="yes" comp="button" highlight="0"/>
<action j2008use="1" paperuse="1" screenuse="1">
<return value="FAULT FOUND"/>
</action>
</resact-grp>
<resact-grp>
<result button="no" comp="button" highlight="0"/>
<action j2008use="1" paperuse="1" screenuse="1">
<ptxt>
<xref>
<ref id="KC06684606"/>
</xref>
</ptxt>
</action>
</resact-grp>
</node>
</testgrp>
<testgrp id="KC01181629" j2008use="1" paperuse="1" resumable="1" screenuse="1" testgrp-id="a2" x="200" y="200">
<title>
<phrase category="" id="KC06684607" phrase-urn="urn:x-nevis:phrase:0800c8af819bbb52">Checking the co#@#@#7#odule</phrase>
</title>
<node>
<test1>
<diaglist>
<dgraphic>
<dgraphic1>
<graphic id="KC06684608">
<href>0900c8af80054d5#@#@#9#.jpeg</href>
</graphic>
</dgraphic1>
</dgraphic>
<ditem>
<ptxt>
<phrase category="" id="KC06684609" phrase-urn="urn:x-nevis:phrase:0800c8af819bbb54">Ignition off</phrase>
</ptxt>
</ditem>
<ditem>
<ptxt>
<phrase category="" id="KC06684610" phrase-urn="urn:x-nevis:phrase:0800c8af819bbb5a">Remove the relay</phrase>
</ptxt>
</ditem>
<ditem>
<ptxt>
<phrase category="" id="KC06684611" phrase-urn="urn:x-nevis:phrase:0800c8af819bbb5b">Ignition on.</phrase>
</ptxt>
</ditem>
</diaglist>
<test2>
<para>
<ptxt>
<phrase category="" id="KC06684612" phrase-urn="urn:x-nevis:phrase:0800c8af819bbb5e">Check the relay#@#@#118#ase. </phrase>
</ptxt>
</para>
<hint>
<ptxt>
<phrase category="" id="KC06684613" phrase-urn="urn:x-nevis:phrase:0800c8af819bbb60">The voltage bet#@#@#51# 0 V.</phrase>
</ptxt>
</hint>
<diaglist>
<dgraphic>
<dgraphic2>
<graphic id="KC06684614">
<href>0900c8af80054d4#@#@#9#.jpeg</href>
</graphic>
<smarttool active="press" id="KC06684615" toolname="VDCDAH"/>
</dgraphic2>
</dgraphic>
<ditem>
<ditemtext>
<ptxt>
<phrase category="" id="KC06684616" phrase-urn="urn:x-nevis:phrase:0800c8af819bbb62"/>
</ptxt>
</ditemtext>
</ditem>
</diaglist>
<grate>
<graphic id="KC06684617">
<href>0900c8af80058e0#@#@#9#.jpeg</href>
</graphic>
<graphtext>
<para>
<ptxt>
<phrase category="" id="KC06684618" phrase-urn="urn:x-nevis:phrase:0800c8af819bbb64">Remedy as necessary.</phrase>
</ptxt>
</para>
<list1 enumtype="d">
<title>
<phrase category="" id="KC06684619" phrase-urn="urn:x-nevis:phrase:0800c8af819bbb67">Other information</phrase>
</title>
<item>
<ptxt>
<phrase category="" id="KC06684620" phrase-urn="urn:x-nevis:phrase:0800c8af819bbb69">To access and r#@#@#17# see <xref>
<ref id="KC06684621"/>
</xref>
</phrase>
</ptxt>
</item>
<item>
<ptxt>
<phrase category="" id="KC06684622" phrase-urn="urn:x-nevis:phrase:0800c8af819bbb6b">For further inf#@#@#55#gram </phrase>
</ptxt>
</item>
<item>
<ptxt>
<phrase category="" id="KC06684623" phrase-urn="urn:x-nevis:phrase:0800c8af819bbb6e">
<xref>
<ref id="KC06684624"/>
</xref>.</phrase>
</ptxt>
</item>
</list1>
</graphtext>
</grate>
</test2>
</test1>
<question>Select Continue.</question>
<resact-grp>
<result button="cont" comp="button" highlight="0"/>
<action j2008use="1" paperuse="1" screenuse="1">
<ptxt>
<xref>
<ref id="KC06684625"/>
</xref>
</ptxt>
</action>
</resact-grp>
</node>
</testgrp>
<testgrp id="KC01181630" j2008use="1" paperuse="1" resumable="1" screenuse="1" testgrp-id="veri" x="360" y="120">
<title>
<phrase category="" id="KC06684626" phrase-urn="urn:x-nevis:phrase:0800c8af819bbb70">Verification</phrase>
</title>
<subcalloutnode>
<diagcallout>
<xref>
<ref id="KC06684627"/>
</xref>
</diagcallout>
<rescall-grp>
<result comp="string" highlight="0" op="eq" return="VERIFIED"/>
<calloutaction>
<return value="FAULT FOUND"/>
</calloutaction>
</rescall-grp>
<rescall-grp>
<result comp="string" highlight="0" op="eq" return="VERIFICATION FAILED"/>
<calloutaction>
<ptxt>
<xref>
<ref id="KC06684628"/>
</xref>
</ptxt>
</calloutaction>
</rescall-grp>
</subcalloutnode>
</testgrp>
<testgrp id="KC01181631" j2008use="1" paperuse="1" resumable="1" screenuse="1" testgrp-id="info1" x="360" y="200">
<title>
<phrase category="" id="KC06684629" phrase-urn="urn:x-nevis:phrase:0800c8af819bbb71">Fault-tracing i#@#@#5#ation</phrase>
</title>
<subcalloutnode>
<diagcallout>
<xref>
<ref id="KC06684630"/>
</xref>
</diagcallout>
<rescall-grp>
<result comp="string" highlight="0" op="eq" return="FAULTTRACING FAILED"/>
<calloutaction>
<return value="FAULTTRACING FAILED"/>
</calloutaction>
</rescall-grp>
<rescall-grp>
<result comp="string" highlight="0" op="eq" return="NEW TRY"/>
<calloutaction>
<ptxt>
<xref>
<ref id="KC06684631"/>
</xref>
</ptxt>
</calloutaction>
</rescall-grp>
</subcalloutnode>
</testgrp>
</diagnostic>
</servinfosub>