<?xml version="1.0" encoding="UTF-8"?><servinfosub IE-ID="en-US0900c8af800d2816" docno="VCC-094358" id="KC01124786" xml:lang="en-US">
<title>
<phrase category="" id="KC06023355" phrase-urn="urn:x-nevis:phrase:0800c8af817231c4">Diagnostic trou#@#@#15#ation</phrase>
</title>
<diagnostic type="condition">
<condgrp>
<condition type="condition">
<para>
<ptxt>
<phrase category="" id="KC06023356" phrase-urn="urn:x-nevis:phrase:0800c8af817231c5">If the control #@#@#101#ayed.</phrase>
</ptxt>
</para>
</condition>
</condgrp>
<condgrp>
<condition type="substitution">
<list1 enumtype="d" type="unordered">
<item>
<ptxt>
<phrase category="" id="KC06023357" phrase-urn="urn:x-nevis:phrase:0800c8af817231c6">Nothing.</phrase>
</ptxt>
</item>
</list1>
</condition>
<ps>
<list1 enumtype="d" type="unordered">
<item>
<ptxt>
<phrase category="" id="KC06023358" phrase-urn="urn:x-nevis:phrase:0800c8af817231cb">The switch for #@#@#37# down</phrase>
</ptxt>
</item>
<item>
<ptxt>
<phrase category="" id="KC06023359" phrase-urn="urn:x-nevis:phrase:0800c8af817231cc">The signal wire#@#@#65#pply.</phrase>
</ptxt>
</item>
</list1>
</ps>
</condgrp>
<condgrp>
<condition type="symptom">
<list1 enumtype="d" type="unordered">
<item>
<ptxt>
<phrase category="" id="KC06023360" phrase-urn="urn:x-nevis:phrase:0800c8af817231cd">Courtesy lighti#@#@#12#work.</phrase>
</ptxt>
</item>
</list1>
</condition>
</condgrp>
</diagnostic>
</servinfosub>