<?xml version="1.0" encoding="UTF-8"?><servinfosub IE-ID="en-US0900c8af8044061c" docno="VCC-050475" id="KC01418986" xml:lang="en-US">
<title>
<phrase category="" id="KC08405870" phrase-urn="urn:x-nevis:phrase:0800c8af81dc460f">Potentiometer s#@#@#28#fault</phrase>
</title>
<diagnostic type="test">
<testgrp IE-ID="en-US0900c8af8044061c_KC01455728" id="KC01455728" j2008use="1" paperuse="0" resumable="1" screenuse="1" testgrp-id="as" x="120" y="80">
<title>
<phrase category="" id="KC08405871" phrase-urn="urn:x-nevis:phrase:0800c8af81dc4610">Checking wiring#@#@#10#ctors</phrase>
</title>
<node>
<test1>
<test2>
<para>
<ptxt>
<phrase category="" id="KC08405872" phrase-urn="urn:x-nevis:phrase:0800c8af81dc4611">Check the black#@#@#121#with <xref>
<ref id="KC08405873"/>
</xref> and contact re#@#@#37#with <xref>
<ref id="KC08405874"/>
</xref>.</phrase>
</ptxt>
<ptxt>
<phrase category="" id="KC08405875" phrase-urn="urn:x-nevis:phrase:0800c8af81dc4612">Check the red s#@#@#129#with <xref>
<ref id="KC08405876"/>
</xref>. </phrase>
</ptxt>
<ptxt>
<phrase category="" id="KC08405877" phrase-urn="urn:x-nevis:phrase:0800c8af81dc4613">Check the yello#@#@#148#with <xref>
<ref id="KC08405878"/>
</xref>.</phrase>
</ptxt>
</para>
<diaglist>
<dgraphic>
<dgraphic1>
<graphic id="KC08405879">
<href>0900c8af80127ec#@#@#9#.jpeg</href>
</graphic>
</dgraphic1>
<dgraphic2>
<graphic id="KC08405880">
<href>0900c8af80054d4#@#@#9#.jpeg</href>
</graphic>
<smarttool active="press" id="KC08405881" toolname="ODAH"/>
</dgraphic2>
</dgraphic>
<ditem>
<ditemtext>
<ptxt>
<phrase category="" id="KC08405882" phrase-urn="urn:x-nevis:phrase:0800c8af81dc4614"/>
</ptxt>
</ditemtext>
</ditem>
</diaglist>
<grate>
<graphic id="KC08405883" width="column">
<href>0900c8af8012df7#@#@#9#.jpeg</href>
</graphic>
</grate>
</test2>
</test1>
<question>Press "Continue#@#@#31#ied.
</question>
<resact-grp>
<result button="cont" comp="button" highlight="0"/>
<action j2008use="1" paperuse="0" screenuse="1">
<ptxt>
<xref>
<ref id="KC08405884"/>
</xref>
</ptxt>
</action>
</resact-grp>
</node>
</testgrp>
<testgrp id="KC01455729" j2008use="1" paperuse="0" resumable="1" screenuse="1" testgrp-id="info1s" x="280" y="80">
<title>
<phrase category="" id="KC08405885" phrase-urn="urn:x-nevis:phrase:0800c8af81dc4615">Fault-tracing i#@#@#5#ation</phrase>
</title>
<subcalloutnode>
<diagcallout>
<xref>
<ref id="KC08405886"/>
</xref>
</diagcallout>
<rescall-grp>
<result comp="string" highlight="0" op="eq" return="FAULT FOUND"/>
<calloutaction>
<return value="FAULT FOUND"/>
</calloutaction>
</rescall-grp>
<rescall-grp>
<result comp="string" highlight="0" op="eq" return="NEW TRY"/>
<calloutaction>
<return value="NEW TRY"/>
</calloutaction>
</rescall-grp>
</subcalloutnode>
</testgrp>
<testgrp id="KC01455730" j2008use="0" paperuse="1" resumable="1" screenuse="0" testgrp-id="ap" x="120" y="160">
<title>
<phrase category="" id="KC08405887" phrase-urn="urn:x-nevis:phrase:0800c8af81dc4616">Checking wiring#@#@#10#ctors</phrase>
</title>
<node>
<test1>
<test2>
<para>
<ptxt>
<phrase category="" id="KC08405888" phrase-urn="urn:x-nevis:phrase:0800c8af81dc4617">Check the black#@#@#121#with <xref>
<ref id="KC08405889"/>
</xref> and contact re#@#@#37#with <xref>
<ref id="KC08405890"/>
</xref>.</phrase>
</ptxt>
<ptxt>
<phrase category="" id="KC08405891" phrase-urn="urn:x-nevis:phrase:0800c8af81dc4618">Check the red s#@#@#129#with <xref>
<ref id="KC08405892"/>
</xref>. </phrase>
</ptxt>
<ptxt>
<phrase category="" id="KC08405893" phrase-urn="urn:x-nevis:phrase:0800c8af81dc4619">Check the yello#@#@#148#with <xref>
<ref id="KC08405894"/>
</xref>.</phrase>
</ptxt>
<ptxt>
<phrase category="" id="KC08405895" phrase-urn="urn:x-nevis:phrase:0800c8af81dc461a">If the fault pe#@#@#145# one.</phrase>
</ptxt>
</para>
<diaglist>
<dgraphic>
<dgraphic1>
<graphic id="KC08405896">
<href>0900c8af80127ec#@#@#9#.jpeg</href>
</graphic>
</dgraphic1>
<dgraphic2>
<graphic id="KC08405897">
<href>0900c8af80054d4#@#@#9#.jpeg</href>
</graphic>
<smarttool active="press" id="KC08405898" toolname="ODAH"/>
</dgraphic2>
</dgraphic>
<ditem>
<ditemtext>
<ptxt>
<phrase category="" id="KC08405899" phrase-urn="urn:x-nevis:phrase:0800c8af81dc461b"/>
</ptxt>
</ditemtext>
</ditem>
</diaglist>
<grate>
<graphic id="KC08405900" width="column">
<href>0900c8af8012df7#@#@#9#.jpeg</href>
</graphic>
</grate>
</test2>
</test1>
<question>Press "Continue#@#@#31#ied.
</question>
<resact-grp>
<result button="cont" comp="button" highlight="0"/>
<action j2008use="0" paperuse="1" screenuse="0">
<ptxt>
<xref>
<ref id="KC08405901"/>
</xref>
</ptxt>
</action>
</resact-grp>
</node>
</testgrp>
<testgrp id="KC01455731" j2008use="1" paperuse="1" resumable="1" screenuse="1" testgrp-id="info2" x="280" y="160">
<title>
<phrase category="" id="KC08405902" phrase-urn="urn:x-nevis:phrase:0800c8af81dc461c">Fault-tracing i#@#@#5#ation</phrase>
</title>
<subcalloutnode>
<diagcallout>
<xref>
<ref id="KC08405903"/>
</xref>
</diagcallout>
<rescall-grp>
<result comp="string" highlight="0" op="eq" return="DONE"/>
<calloutaction>
<return value="DONE"/>
</calloutaction>
</rescall-grp>
<rescall-grp>
<result comp="string" highlight="0" op="eq" return="NEW TRY"/>
<calloutaction>
<return value="NEW TRY"/>
</calloutaction>
</rescall-grp>
</subcalloutnode>
</testgrp>
</diagnostic>
</servinfosub>