<?xml version="1.0" encoding="UTF-8"?><servinfosub IE-ID="en-US0900c8af854e561c" docno="VCC-411019" id="nev17101962n1" original="sv-SE" servinfosubId="nev17101963n1-nev17178109n1" servinfosubRes="0900c8af854e5d73" servinfosubRes2="urn:x-nevis:fragment:0900c8af854e561c:0900c8af854e5d73#nev17178109n1" xml:lang="en-US">
<operationnumbers>
<operationnumber>21310-3</operationnumber>
</operationnumbers>
<title id="nev17101962n2">Piston protrusi#@#@#4#check</title>
<toolitemtable id="nev17101963n1-nev17179501n51">
<table id="nev17101963n1-nev17179501n50">
<tgroup cols="2" id="nev17101963n1-nev17179501n49">
<colspec colname="COLSPEC0" colwidth="1.00*" id="nev17101963n1-nev17179501n48"/>
<colspec colname="COLSPEC1" colwidth="1.00*" id="nev17101963n1-nev17179501n47"/>
<thead id="nev17101963n1-nev17179501n46">
<row id="nev17101963n1-nev17179501n45">
<entry id="nev17101963n1-nev17179501n44" nameend="COLSPEC1" namest="COLSPEC0" valign="top">
<ptxt id="nev17101963n1-nev17179501n43">
<emph id="nev17101963n1-nev17179501n42">Special tools</emph>
</ptxt>
</entry>
</row>
</thead>
<tbody id="nev17101963n1-nev17179501n41">
<row id="nev17101963n1-nev17179501n40">
<entry id="nev17101963n1-nev17179501n39">
<graphic id="nev17101963n1-nev17179501n38">
<href>0900c8af8005db3#@#@#9#.jpeg</href>
</graphic>
</entry>
<entry id="nev17101963n1-nev17179501n37">
<ptxt id="nev17101963n1-nev17179501n36">
<emph id="nev17101963n1-nev17179501n35">981 3134 DIAL I#@#@#3#CATOR</emph>
</ptxt>
<ptxt id="nev17101963n1-nev17179501n33">
<emph id="nev17101963n1-nev17179501n32">Tool number:</emph>981 3134</ptxt>
<ptxt id="nev17101963n1-nev17179501n31">
<emph id="nev17101963n1-nev17179501n30">Tool description:</emph>DIAL INDICATOR</ptxt>
<ptxt id="nev17101963n1-nev17179501n28">
<emph id="nev17101963n1-nev17179501n27">Tool boards:</emph>
</ptxt>
</entry>
</row>
<row id="nev17101963n1-nev17179501n26">
<entry id="nev17101963n1-nev17179501n25">
<graphic id="nev17101963n1-nev17179501n24">
<href>0900c8af8005a9d#@#@#9#.jpeg</href>
</graphic>
</entry>
<entry id="nev17101963n1-nev17179501n23">
<ptxt id="nev17101963n1-nev17179501n22">
<emph id="nev17101963n1-nev17179501n21">999 5192 CLAMP #@#@#37#2,B14</emph>
</ptxt>
<ptxt id="nev17101963n1-nev17179501n19">
<emph id="nev17101963n1-nev17179501n18">Tool number:</emph>999 5192</ptxt>
<ptxt id="nev17101963n1-nev17179501n17">
<emph id="nev17101963n1-nev17179501n16">Tool description:</emph>CLAMP (CHECK LI#@#@#28#2,B14</ptxt>
<ptxt id="nev17101963n1-nev17179501n14">
<emph id="nev17101963n1-nev17179501n13">Tool boards:</emph>21</ptxt>
</entry>
</row>
</tbody>
</tgroup>
</table>
</toolitemtable>
<procedure id="nev17101963n1-nev17178440n48">
<stepgrp boilerplate="false" context="" id="nev17101963n1-nev17179501n62">
<title id="nev17101963n1-0800c8af844a4703">Check</title>
<procstep id="nev17101963n1-nev17178412n70">
<grate id="nev17101963n1-nev17178440n45">
<graphic id="nev17101963n1-nev17178440n46">
<href>0900c8af84e594b#@#@#9#.jpeg</href>
</graphic>
<graphtext id="nev17101963n1-nev17179522n1">
<para id="nev17101963n1-nev17179501n60">
<ptxt id="nev17101963n1-nev17179501n61">
<toolitem boilerplate="true" id="nev17101963n1-nev17178440n42" imageid="0900c8af8005db32"/>
<toolitem boilerplate="false" id="nev17101963n1-nev17178440n41" imageid="0900c8af8005a9d1"/>
</ptxt>
</para>
<para id="nev17101963n1-nev17179501n58">
<ptxt id="nev17101963n1-nev17179501n59">Note the value.</ptxt>
</para>
</graphtext>
</grate>
</procstep>
<procstep id="nev17101963n1-nev17178412n77">
<grate id="nev17101963n1-nev17178440n38">
<graphic id="nev17101963n1-nev17178440n39">
<href>0900c8af84e593a#@#@#9#.jpeg</href>
</graphic>
<graphtext id="nev17101963n1-nev17179532n1">
<note id="nev17101963n1-0800c8af85495b66">
<ptxt>Rotate the cran#@#@#63#TDC).</ptxt>
</note>
<para id="nev17101963n1-nev17179501n56">
<ptxt id="nev17101963n1-nev17179501n57">Note the dial i#@#@#18#ding.</ptxt>
</para>
<para id="nev17101963n1-nev17179501n54">
<ptxt id="nev17101963n1-nev17179501n55">Repeat the meas#@#@#21#ders.</ptxt>
</para>
<para id="nev17101963n1-nev17179501n52">
<ptxt id="nev17101963n1-nev17179501n53">See information#@#@#16#tions<xref boilerplate="true" id="nev17101963n1-0800c8af84a45b4b">
<ref id="nev17101963n1-nev17178440n32"/>
</xref>
</ptxt>
</para>
</graphtext>
</grate>
</procstep>
</stepgrp>
</procedure>
</servinfosub>