<?xml version="1.0" encoding="UTF-8"?><servinfosub IE-ID="en-US0900c8af83ed2a01" docno="VCC-328203" id="nev12813916n1" xml:lang="en-US">
<title>
<phrase category="Title" id="nev13134803n1" phrase-urn="urn:x-nevis:phrase:0800c8af81eb9a54">Diagnostic trou#@#@#21#ation</phrase>
<phrase category="Prefix" id="nev13134804n1" phrase-urn="urn:x-nevis:phrase:0800c8af8015c3f5">ECM</phrase>-U042700</title>
<diagnostic j2008use="1" paperuse="1" screenuse="1" type="condition">
<condgrp>
<condition type="condition">
<para>
<ptxt>
<phrase category="Condition" id="nev12813916n3" phrase-urn="urn:x-nevis:phrase:0800c8af82a68aaf">If the Engine C#@#@#182#ated.</phrase>
</ptxt>
<ptxt>
<phrase category="Condition" id="nev12813916n4" phrase-urn="urn:x-nevis:phrase:0800c8af81eaae74">The diagnostic #@#@#64#d on.</phrase>
</ptxt>
</para>
</condition>
</condgrp>
<condgrp>
<condition type="substitution">
<list1 enumtype="d" type="unordered">
<item>
<ptxt>
<phrase category="" id="nev12813916n5" phrase-urn="urn:x-nevis:phrase:0800c8af81aa3088">None.</phrase>
</ptxt>
</item>
</list1>
</condition>
<ps>
<list1 enumtype="d" type="unordered">
<item>
<ptxt>
<phrase category="Condition" id="nev12813916n6" phrase-urn="urn:x-nevis:phrase:0800c8af81eaaea8">None.</phrase>
</ptxt>
</item>
</list1>
</ps>
</condgrp>
<condgrp>
<condition type="symptom">
<list1 enumtype="d" type="unordered">
<item>
<ptxt>
<phrase category="" id="nev12813916n7" phrase-urn="urn:x-nevis:phrase:0800c8af81aa308a">The engine does#@#@#6#tart.</phrase>
</ptxt>
</item>
</list1>
</condition>
</condgrp>
</diagnostic>
</servinfosub>