<?xml version="1.0" encoding="UTF-8"?><diagnostic IE-ID="en-US0900c8af80c49a01" docno="VCC-154740" id="KC02793012" type="test" xml:lang="en-US">
<title>
<phrase category="" id="KC07185126" phrase-urn="urn:x-nevis:phrase:0800c8af81a92ff2">Verification</phrase>
</title>
<testgrp IE-ID="en-US0900c8af80c49a01_KC02793013" id="KC02793013" j2008use="1" paperuse="1" resumable="1" screenuse="1" testgrp-id="verifnode" x="240" y="120">
<title>
<phrase category="" id="KC07185127" phrase-urn="urn:x-nevis:phrase:0800c8af81a92ff3">Verification</phrase>
</title>
<node>
<test1>
<hint>
<ptxt>
<phrase category="" id="KC07185128" phrase-urn="urn:x-nevis:phrase:0800c8af81a92ff4">After carrying #@#@#50#died.</phrase>
</ptxt>
</hint>
<diaglist>
<dgraphic>
<dgraphic1>
<graphic id="KC07185129">
<href>0900c8af80054d5#@#@#9#.jpeg</href>
</graphic>
</dgraphic1>
<dgraphic2>
<graphic id="KC07185130">
<href>0900c8af80054d7#@#@#9#.jpeg</href>
</graphic>
</dgraphic2>
</dgraphic>
<ditem>
<ptxt>
<phrase category="" id="KC07185131" phrase-urn="urn:x-nevis:phrase:0800c8af81a92ff5">Ignition off</phrase>
</ptxt>
</ditem>
<ditem>
<ptxt>
<phrase category="" id="KC07185132" phrase-urn="urn:x-nevis:phrase:0800c8af81a92ff6">Reinstall the c#@#@#21# etc.</phrase>
</ptxt>
</ditem>
</diaglist>
<test2>
<para>
<ptxt>
<phrase category="" id="KC07185133" phrase-urn="urn:x-nevis:phrase:0800c8af81a92ff7">Check whether c#@#@#103#mber.</phrase>
</ptxt>
</para>
<diaglist>
<dgraphic>
<dgraphic2>
<graphic id="KC07185134">
<href>0900c8af86c8681#@#@#9#.jpeg</href>
</graphic>
<smarttool active="press" id="KC07185135" toolname="YCEM0057"/>
</dgraphic2>
</dgraphic>
<ditem>
<ditemtext>
<ptxt>
<phrase category="" id="KC07185136" phrase-urn="urn:x-nevis:phrase:0800c8af81a92ff8"/>
</ptxt>
</ditemtext>
</ditem>
</diaglist>
</test2>
</test1>
<question>Can the part nu#@#@#12# off?</question>
<resact-grp>
<result button="yes" comp="button" highlight="0"/>
<action j2008use="1" paperuse="1" screenuse="1">
<return value="VERIFIED"/>
</action>
</resact-grp>
<resact-grp>
<result button="no" comp="button" highlight="0"/>
<action j2008use="1" paperuse="1" screenuse="1">
<return value="VERIFICATION FAILED"/>
</action>
</resact-grp>
</node>
</testgrp>
</diagnostic>