<?xml version="1.0" encoding="UTF-8"?><servinfosub IE-ID="en-US0900c8af80cd2a01" docno="VCC-152828" id="KC02758722" xml:lang="en-US">
<title>
<phrase category="" id="KC07175630" phrase-urn="urn:x-nevis:phrase:0800c8af81a91764">Diagnostic trou#@#@#30#-4F4B</phrase>
</title>
<diagnostic type="condition">
<condgrp>
<condition type="condition">
<grate>
<graphic id="KC07175631" width="column">
<href>0900c8af80a53f2#@#@#9#.jpeg</href>
</graphic>
<graphtext>
<para>
<ptxt>
<phrase category="" id="KC07175632" phrase-urn="urn:x-nevis:phrase:0800c8af81a91765">The central ele#@#@#75#ckle.</phrase>
</ptxt>
<ptxt>
<phrase category="" id="KC07175633" phrase-urn="urn:x-nevis:phrase:0800c8af81a91766">The diagnostic #@#@#115#able.</phrase>
</ptxt>
</para>
<para>
<ptxt>
<phrase category="" id="KC07175634" phrase-urn="urn:x-nevis:phrase:0800c8af81a91767">The diagnostic #@#@#63#III. </phrase>
</ptxt>
</para>
</graphtext>
</grate>
</condition>
</condgrp>
<condgrp>
<condition type="substitution">
<list1 enumtype="d">
<item>
<ptxt>
<phrase category="" id="KC07175635" phrase-urn="urn:x-nevis:phrase:0800c8af81a91768">None.</phrase>
</ptxt>
</item>
</list1>
</condition>
<ps>
<list1 enumtype="d" type="unordered">
<item>
<ptxt>
<phrase category="" id="KC07175636" phrase-urn="urn:x-nevis:phrase:0800c8af81a91769">Damaged signal #@#@#84#(CEM)</phrase>
</ptxt>
</item>
<item>
<ptxt>
<phrase category="" id="KC07175637" phrase-urn="urn:x-nevis:phrase:0800c8af81a9176a">Faulty seat bel#@#@#4#ckle.</phrase>
</ptxt>
</item>
</list1>
</ps>
</condgrp>
<condgrp>
<condition type="symptom">
<list1 enumtype="d" type="unordered">
<item>
<ptxt>
<phrase category="" id="KC07175638" phrase-urn="urn:x-nevis:phrase:0800c8af81a9176b">The information#@#@#7#s lit</phrase>
</ptxt>
</item>
<item>
<ptxt>
<phrase category="" id="KC07175639" phrase-urn="urn:x-nevis:phrase:0800c8af81a9176c">Message in the #@#@#3#play.</phrase>
</ptxt>
</item>
</list1>
</condition>
</condgrp>
</diagnostic>
</servinfosub>