<?xml version="1.0" encoding="UTF-8"?><servinfosub IE-ID="en-US0900c8af823dba01" docno="VCC-165598" id="KC08848030" xml:lang="en-US">
<title>Description of #@#@#8#alues</title>
<procedure>
<procstep id="KC08848031">
<title>Explanation</title>
<para>
<ptxt>All parameters #@#@#107#stem.</ptxt>
</para>
<para>
<ptxt>Frozen values a#@#@#72#ated.</ptxt>
</para>
</procstep>
<procstep id="KC08848032">
<title>Battery voltage#@#@#60#     </title>
<para>
<ptxt>Measurement ran#@#@#6#30 V.</ptxt>
</para>
<para>
<ptxt>The normal valu#@#@#42#.5 V.</ptxt>
</para>
<para>
<ptxt>The value indic#@#@#53#M). 
</ptxt>
</para>
</procstep>
<procstep id="KC08848033">
<title>Mileage, value #@#@#26#     </title>
<para>
<ptxt>Measurement ran#@#@#12#5 km.</ptxt>
</para>
<para>
<ptxt>The value indic#@#@#81#ated.</ptxt>
</para>
</procstep>
<procstep id="KC08848034">
<title>Passenger compa#@#@#52#     </title>
<para>
<ptxt>Measurement ran#@#@#14#5 °C.</ptxt>
</para>
<para>
<ptxt>The value indic#@#@#88#ted. </ptxt>
</para>
</procstep>
<procstep>
<title>Outside tempera#@#@#37#     </title>
<para>
<ptxt>Measurement ran#@#@#18#5 °C.</ptxt>
</para>
<para>
<ptxt>The value indic#@#@#74#ted. </ptxt>
</para>
</procstep>
<procstep>
<title>Engine running,#@#@#10#     </title>
<para>
<ptxt>The status indi#@#@#85#ated.</ptxt>
</para>
<para>
<ptxt>No = the engine#@#@#11#nning</ptxt>
</para>
<para>
<ptxt>Yes = the engin#@#@#8#nning</ptxt>
</para>
</procstep>
</procedure>
</servinfosub>