<?xml version="1.0" encoding="UTF-8"?><servinfosub IE-ID="en-US0900c8af844d661e" docno="VCC-370933" id="nev13717338n1" original="sv-SE" servinfosubId="nev13717339n1-nev13717338n4" servinfosubRes="0900c8af844d6620" servinfosubRes2="urn:x-nevis:fragment:0900c8af844d661e:0900c8af844d6620#nev13717338n4" xml:lang="en-US">
<title id="nev13717337n90">Front door</title>
<procedure id="nev13717339n1-nev13717340n5">
<note id="nev13717339n1-nev13717340n6">
<ptxt id="nev13717339n1-nev13717340n7">The illustratio#@#@#176#rect.</ptxt>
</note>
<stepgrp id="nev13717339n1-nev13717337n91">
<title id="nev13717339n1-nev13717340n8">Removal</title>
<procstep id="nev13717339n1-nev13717337n92">
<title id="nev13717339n1-nev13717340n9">Removing the fr#@#@#8# door</title>
<grate id="nev13717339n1-nev13717340n10">
<graphic id="nev13717339n1-nev13717337n93">
<href>0900c8af8135a9b#@#@#9#.jpeg</href>
</graphic>
<graphtext id="nev13717339n1-nev13717340n11">
<para id="nev13717339n1-nev13717340n12">
<ptxt id="nev13717339n1-nev13717340n13">Lower the windo#@#@#4#0 mm.</ptxt>
<ptxt id="nev13717339n1-nev13717340n14">Ignition off.</ptxt>
<ptxt id="nev13717339n1-nev13717340n15">Remove the door#@#@#28#ated.</ptxt>
</para>
</graphtext>
</grate>
<list1 enumtype="d" id="nev13717339n1-nev13717340n16" type="unordered">
<title id="nev13717339n1-nev13717340n17">Remove:</title>
<item id="nev13717339n1-nev13717340n18">
<ptxt id="nev13717339n1-nev13717340n19">the outer handl#@#@#3#See: <xref id="nev13717339n1-nev13717340n20">
<ref id="nev13717339n1-nev13717337n94"/>
</xref> (-2004) or: <xref id="nev13717339n1-nev13717340n21">
<ref id="nev13717339n1-nev13717337n95"/>
</xref> (2005-)</ptxt>
</item>
<item id="nev13717339n1-nev13717340n22">
<ptxt id="nev13717339n1-nev13717340n23">the door casset#@#@#4#See: <xref id="nev13717339n1-nev13717340n24">
<ref id="nev13717339n1-nev13717337n96"/>
</xref>. Do not remove#@#@#14#anism</ptxt>
</item>
<item id="nev13717339n1-nev13717340n25">
<ptxt id="nev13717339n1-nev13717340n26">weatherstrip. E#@#@#36# bend</ptxt>
</item>
<item id="nev13717339n1-nev13717340n27">
<ptxt id="nev13717339n1-nev13717340n28">the 3 x screws #@#@#103#strip</ptxt>
</item>
<item id="nev13717339n1-nev13717340n29">
<ptxt id="nev13717339n1-nev13717340n30">the rubber stri#@#@#16# arch</ptxt>
</item>
<item id="nev13717339n1-nev13717340n31">
<ptxt id="nev13717339n1-nev13717340n32">the molding at #@#@#21# door</ptxt>
</item>
<item id="nev13717339n1-nev13717340n33">
<ptxt id="nev13717339n1-nev13717340n34">the painted and#@#@#17#trips</ptxt>
</item>
<item id="nev13717339n1-nev13717340n35">
<ptxt id="nev13717339n1-nev13717340n36">the door mirror#@#@#2#See: <xref id="nev13717339n1-nev13717340n37">
<ref id="nev13717339n1-nev13717337n97"/>
</xref>.</ptxt>
</item>
</list1>
<para id="nev13717339n1-nev13717340n38">
<ptxt id="nev13717339n1-nev13717340n39">Transfer the cl#@#@#15#door.</ptxt>
<ptxt id="nev13717339n1-nev13717340n40">Replace the cli#@#@#35#rror.</ptxt>
</para>
</procstep>
</stepgrp>
<stepgrp id="nev13717339n1-nev13717337n98">
<title id="nev13717339n1-nev13717340n41">Installation</title>
<procstep id="nev13717339n1-nev13717337n99">
<title id="nev13717339n1-nev13717340n42">Installing the #@#@#10# door</title>
<list1 enumtype="d" id="nev13717339n1-nev13717340n43" type="unordered">
<title id="nev13717339n1-nev13717340n44">Install:</title>
<item id="nev13717339n1-nev13717340n45">
<ptxt id="nev13717339n1-nev13717340n46">the hinges. Use#@#@#53#tment</ptxt>
</item>
<item id="nev13717339n1-nev13717340n47">
<ptxt id="nev13717339n1-nev13717340n48">the rubber stri#@#@#14# arch</ptxt>
</item>
<item id="nev13717339n1-nev13717340n49">
<ptxt id="nev13717339n1-nev13717340n50">the steel strip#@#@#16#crews</ptxt>
</item>
<item id="nev13717339n1-nev13717340n51">
<ptxt id="nev13717339n1-nev13717340n52">the molding at #@#@#21# door</ptxt>
</item>
<item id="nev13717339n1-nev13717340n53">
<ptxt id="nev13717339n1-nev13717340n54">the painted and#@#@#17#trips</ptxt>
</item>
<item id="nev13717339n1-nev13717340n55">
<ptxt id="nev13717339n1-nev13717340n56">the door mirror#@#@#2#See: <xref id="nev13717339n1-nev13717340n57">
<ref id="nev13717339n1-nev13717337n100"/>
</xref>
</ptxt>
</item>
<item id="nev13717339n1-nev13717340n58">
<ptxt id="nev13717339n1-nev13717340n59">the weatherstrip</ptxt>
</item>
<item id="nev13717339n1-nev13717340n60">
<ptxt id="nev13717339n1-nev13717340n61">the door casset#@#@#4#See: <xref id="nev13717339n1-nev13717340n62">
<ref id="nev13717339n1-nev13717340n1"/>
</xref>
</ptxt>
</item>
<item id="nev13717339n1-nev13717340n63">
<ptxt id="nev13717339n1-nev13717340n64">the outer handl#@#@#2# See <xref id="nev13717339n1-nev13717340n65">
<ref id="nev13717339n1-nev13717340n2"/>
</xref> (-2004) or <xref id="nev13717339n1-nev13717340n66">
<ref id="nev13717339n1-nev13717340n3"/>
</xref> (2005-).</ptxt>
</item>
</list1>
<para id="nev13717339n1-nev13717340n67">
<ptxt id="nev13717339n1-nev13717340n68">Install the doo#@#@#12#icle.</ptxt>
</para>
<para id="nev13717339n1-nev13717340n69">
<ptxt id="nev13717339n1-nev13717340n70">Rustproof. See: <xref id="nev13717339n1-nev13717340n71">
<ref id="nev13717339n1-nev13717340n4"/>
</xref>.</ptxt>
</para>
</procstep>
</stepgrp>
</procedure>
</servinfosub>