<?xml version="1.0" encoding="UTF-8"?><servinfosub IE-ID="en-US0900c8af8830961e" docno="VCC-505072" id="nev28167197n1" original="sv-SE" servinfosubId="nev28167198n1-nev28167197n4" servinfosubRes="0900c8af8830964a" servinfosubRes2="urn:x-nevis:fragment:0900c8af8830961e:0900c8af8830964a#nev28167197n4" xml:lang="en-US">
<operationnumbers>
<operationnumber>85253-2</operationnumber>
</operationnumbers>
<title id="nev28167197n2">Slide rails Lou#@#@#19#ence)</title>
<procedure id="nev28167198n1-nev28167384n2">
<stepgrp boilerplate="false" context="" id="nev28167198n1-nev30221895n20">
<title id="nev28167198n1-0800c8af844a46f6">Removal</title>
<procstep id="nev28167198n1-nev28167384n5">
<note id="nev28167198n1-0800c8af844a42fa">
<ptxt>Removal steps i#@#@#45#ails.</ptxt>
</note>
</procstep>
<procstep id="nev28167198n1-nev28167645n90">
<para id="nev28167198n1-nev30221895n18">
<ptxt id="nev28167198n1-nev30221895n19">Remove lounge c#@#@#14#ence)<xref boilerplate="true" id="nev28167198n1-0800c8af880f96bb">
<ref id="nev28167198n1-nev30221854n39"/>
</xref>
</ptxt>
</para>
</procstep>
<procstep id="nev28167198n1-nev30221854n37">
<para id="nev28167198n1-nev30221895n16">
<ptxt id="nev28167198n1-nev30221895n17">Remove mounting#@#@#29#ence)<xref boilerplate="true" id="nev28167198n1-0800c8af882fca55">
<ref id="nev28167198n1-nev30221854n34"/>
</xref>
</ptxt>
</para>
</procstep>
<procstep id="nev28167198n1-nev28173601n37">
<grate id="nev28167198n1-nev30221895n14">
<graphic id="nev28167198n1-nev30221895n15">
<href>0900c8af882fcb2#@#@#9#.jpeg</href>
</graphic>
<graphtext id="nev28167198n1-nev30221995n1">
<para id="nev28167198n1-nev30221895n12">
<ptxt id="nev28167198n1-nev30221895n13">Disconnect the #@#@#5#ctor.</ptxt>
</para>
</graphtext>
</grate>
</procstep>
<procstep id="nev28167198n1-nev28167397n8">
<grate id="nev28167198n1-nev30221895n10">
<graphic id="nev28167198n1-nev30221895n11">
<href>0900c8af882fcb2#@#@#9#.jpeg</href>
</graphic>
<graphtext id="nev28167198n1-nev30221999n1">
<para id="nev28167198n1-nev30221895n8">
<ptxt id="nev28167198n1-nev30221895n9">
<torque id="nev28167198n1-nev28920067n50">
<ref id="nev28167198n1-nev28920067n48"/>
</torque>
</ptxt>
</para>
<para id="nev28167198n1-nev30221895n6">
<ptxt id="nev28167198n1-nev30221895n7">Remove the screws.</ptxt>
</para>
<para id="nev28167198n1-nev30221895n4">
<ptxt id="nev28167198n1-nev30221895n5">On both sides.</ptxt>
</para>
</graphtext>
</grate>
</procstep>
<procstep id="nev28167198n1-nev28167399n2">
<grate id="nev28167198n1-nev30221895n2">
<graphic id="nev28167198n1-nev30221895n3">
<href>0900c8af87c8e04#@#@#9#.jpeg</href>
</graphic>
<graphtext id="nev28167198n1-nev30222006n1">
<para id="nev28167198n1-nev30221984n100">
<ptxt id="nev28167198n1-nev30221895n1">Remove the mark#@#@#3#part.</ptxt>
</para>
</graphtext>
</grate>
</procstep>
<procstep id="nev28167198n1-nev28167399n9">
<grate id="nev28167198n1-nev30221984n98">
<graphic id="nev28167198n1-nev30221984n99">
<href>0900c8af8664cbb#@#@#9#.jpeg</href>
</graphic>
<graphtext id="nev28167198n1-nev30222010n1">
<para id="nev28167198n1-nev30221984n96">
<ptxt id="nev28167198n1-nev30221984n97">Remove the fast#@#@#1#ners.</ptxt>
</para>
</graphtext>
</grate>
</procstep>
<procstep id="nev28167198n1-nev28167400n6">
<grate id="nev28167198n1-nev30221984n94">
<graphic id="nev28167198n1-nev30221984n95">
<href>0900c8af8664cf7#@#@#9#.jpeg</href>
</graphic>
<graphtext id="nev28167198n1-nev30222014n1">
<para id="nev28167198n1-nev30221984n92">
<ptxt id="nev28167198n1-nev30221984n93">Remove the mark#@#@#3#part.</ptxt>
</para>
</graphtext>
</grate>
</procstep>
</stepgrp>
<stepgrp boilerplate="false" context="" id="nev28167198n1-nev30221984n91">
<title id="nev28167198n1-0800c8af844a46f9">Installation</title>
<procstep id="nev28167198n1-nev28167403n3">
<grate id="nev28167198n1-nev30221984n89">
<graphic id="nev28167198n1-nev30221984n90">
<href>0900c8af8664cf7#@#@#9#.jpeg</href>
</graphic>
</grate>
</procstep>
<procstep id="nev28167198n1-nev29280681n14">
<grate id="nev28167198n1-nev30221984n87">
<graphic id="nev28167198n1-nev30221984n88">
<href>0900c8af8803d56#@#@#9#.jpeg</href>
</graphic>
<graphtext id="nev28167198n1-nev30222021n1">
<note id="nev28167198n1-0800c8af84b963cf">
<ptxt>The following s#@#@#51#nent.</ptxt>
</note>
<para id="nev28167198n1-nev30221984n85">
<ptxt id="nev28167198n1-nev30221984n86">Remove the mark#@#@#3#part.</ptxt>
</para>
<para id="nev28167198n1-nev30221984n83">
<ptxt id="nev28167198n1-nev30221984n84">On both sides.</ptxt>
</para>
</graphtext>
</grate>
</procstep>
<procstep id="nev28167198n1-nev29280681n6">
<grate id="nev28167198n1-nev30221984n81">
<graphic id="nev28167198n1-nev30221984n82">
<href>0900c8af8803d27#@#@#9#.jpeg</href>
</graphic>
<graphtext id="nev28167198n1-nev30222025n1">
<para id="nev28167198n1-nev30221984n79">
<ptxt id="nev28167198n1-nev30221984n80">The following s#@#@#31#nent.</ptxt>
</para>
<para id="nev28167198n1-nev30221984n77">
<ptxt id="nev28167198n1-nev30221984n78">Remove part of #@#@#24#mage.</ptxt>
</para>
<para id="nev28167198n1-nev30221984n75">
<ptxt id="nev28167198n1-nev30221984n76">On both sides.</ptxt>
</para>
<para id="nev28167198n1-nev30221984n73">
<ptxt id="nev28167198n1-nev30221984n74">
<equipment equipmentid="" equipmentname="Hacksaw" id="nev28167198n1-nev29282541n97"/>
</ptxt>
</para>
</graphtext>
</grate>
</procstep>
<procstep id="nev28167198n1-nev28167403n6">
<para id="nev28167198n1-nev30221984n71">
<ptxt id="nev28167198n1-nev30221984n72">To install, rev#@#@#22#dure.</ptxt>
</para>
</procstep>
</stepgrp>
</procedure>
</servinfosub>