<?xml version="1.0" encoding="UTF-8"?><servinfosub IE-ID="en-US0900c8af80695208" docno="VCC-056267" id="KC02021715" xml:lang="en-US">
<title>Bleeding the br#@#@#5#ystem</title>
<procedure>
<procstep>
<title>General information</title>
<ptxt>When
overhaulin#@#@#308#used.</ptxt>
<ptxt>When bleeding o#@#@#109#psi).</ptxt>
<ptxt>Use only genuin#@#@#111#aled.</ptxt>
<note>
<ptxt>Bleeding an ABS#@#@#90#once.</ptxt>
</note>
</procstep>
<stepgrp>
<procstep id="KC02021716">
<title>Cleaning</title>
<grate>
<graphic id="KC08700461" width="column">
<href>0900c8af8063489#@#@#9#.jpeg</href>
</graphic>
<graphtext>
<ptxt>Switch ignition off.</ptxt>
<ptxt>Jack up car.</ptxt>
<ptxt>Clean brake flu#@#@#32#ving.</ptxt>
</graphtext>
</grate>
</procstep>
<procstep id="KC02021717">
<title>Connect bleeder#@#@#27#oir.
</title>
<ptxt>Follow manufact#@#@#53#unit.</ptxt>
</procstep>
<procstep id="KC02021718">
<title>Push brake peda#@#@#1# down</title>
<ptxt>Push
pedal down#@#@#59#der.
</ptxt>
<note>
<ptxt>Repeat this ste#@#@#38#iper.</ptxt>
</note>
</procstep>
<procstep id="KC02021719">
<title>Bleed in sequen#@#@#9#lows:</title>
<ptxt>Bleed
one of th#@#@#31#ther.</ptxt>
<ptxt>Then bleed fron#@#@#4#eels.</ptxt>
</procstep>
<procstep id="KC02021720">
<title>Bleeding front #@#@#8#liper</title>
<grate>
<graphic id="KC08700462" width="column">
<href>0900c8af8063489#@#@#9#.jpeg</href>
</graphic>
<graphtext>
<ptxt>The picture sho#@#@#121#e(s).</ptxt>
<ptxt>For cars with t#@#@#35# the <emph etype="bold">lower</emph> nipple. Open b#@#@#95#pple.</ptxt>
<ptxt>Cars with two-p#@#@#10#pers:</ptxt>
<ptxt>Connect hose to <emph etype="bold">upper</emph>
nipple and rep#@#@#82#bove.</ptxt>
</graphtext>
</grate>
</procstep>
<procstep id="KC02021721">
<title>Bleeding rear b#@#@#7#liper</title>
<grate>
<graphic id="KC08700463" width="column">
<href>0900c8af8063489#@#@#9#.jpeg</href>
</graphic>
<graphtext>
<ptxt>The picture sho#@#@#55#axle.</ptxt>
<ptxt>Remove protecti#@#@#23#ple.
</ptxt>
<note>
<ptxt>On cars with mu#@#@#45#pple.</ptxt>
</note>
<ptxt>Open bleed nipp#@#@#156#bove.</ptxt>
</graphtext>
</grate>
</procstep>
<procstep id="KC02021722">
<title>Depressurising #@#@#5#ystem</title>
<ptxt>Check
system. S#@#@#92#rply.</ptxt>
<ptxt>The pedal trave#@#@#21#than <emph etype="bold">50 mm</emph> (1 61/64 in) w#@#@#74#ting.</ptxt>
<ptxt>If pedal travel#@#@#9#than <emph etype="bold">
50 mm</emph> (1 61/64 in), #@#@#40#gain.</ptxt>
<ptxt>Disconnect blee#@#@#32#oir.
</ptxt>
<ptxt>Check brake flu#@#@#17#voir.</ptxt>
<ptxt>Check that vent#@#@#43# cap.</ptxt>
<ptxt>Clean off any b#@#@#52#mpoo.</ptxt>
<ptxt>Lower car.</ptxt>
</procstep>
</stepgrp>
</procedure>
</servinfosub>