<?xml version="1.0" encoding="UTF-8"?><servinfosub IE-ID="en-US0900c8af84e24208" docno="VCC-370201" id="nev13710466n1" original="sv-SE" servinfosubId="nev13710467n1-nev13710473n1" servinfosubRes="0900c8af84e24334" servinfosubRes2="urn:x-nevis:fragment:0900c8af84e24208:0900c8af84e24334#nev13710473n1" xml:lang="en-US">
<title id="nev13710465n7">Cylinder head, #@#@#15#embly</title>
<toolitemtable id="nev13710467n1-nev15385740n96">
<table id="nev13710467n1-nev15385740n95">
<tgroup cols="2" id="nev13710467n1-nev15385740n94">
<colspec colname="COLSPEC0" colwidth="1.00*" id="nev13710467n1-nev15385740n93"/>
<colspec colname="COLSPEC1" colwidth="1.00*" id="nev13710467n1-nev15385740n92"/>
<thead id="nev13710467n1-nev15385740n91">
<row id="nev13710467n1-nev15385740n90">
<entry id="nev13710467n1-nev15385740n89" nameend="COLSPEC1" namest="COLSPEC0" valign="top">
<ptxt id="nev13710467n1-nev15385740n88">
<emph id="nev13710467n1-nev15385740n87">Special tools</emph>
</ptxt>
</entry>
</row>
</thead>
<tbody id="nev13710467n1-nev15385740n85">
<row id="nev13710467n1-nev15385740n84">
<entry id="nev13710467n1-nev15385740n83">
<graphic id="nev13710467n1-nev15385740n82">
<href>0900c8af8005488#@#@#9#.jpeg</href>
</graphic>
</entry>
<entry id="nev13710467n1-nev15385740n81">
<ptxt id="nev13710467n1-nev15385740n80">
<emph id="nev13710467n1-nev15385740n79">999 5748 Valve #@#@#19# 6304</emph>
</ptxt>
<ptxt id="nev13710467n1-nev15385740n77">
<emph id="nev13710467n1-nev15385740n76">Tool number:</emph>999 5748</ptxt>
<ptxt id="nev13710467n1-nev15385740n74">
<emph id="nev13710467n1-nev15385740n73">Tool description:</emph>Valve compresso#@#@#10# 6304</ptxt>
<ptxt id="nev13710467n1-nev15385740n70">
<emph id="nev13710467n1-nev15385740n69">Tool boards:</emph>21</ptxt>
</entry>
</row>
<row id="nev13710467n1-nev15385740n67">
<entry id="nev13710467n1-nev15385740n66">
<graphic id="nev13710467n1-nev15385740n65">
<href>0900c8af8005dcb#@#@#9#.jpeg</href>
</graphic>
</entry>
<entry id="nev13710467n1-nev15385740n64">
<ptxt id="nev13710467n1-nev15385740n63">
<emph id="nev13710467n1-nev15385740n62">998 6052 VALVE #@#@#13#6 D24</emph>
</ptxt>
<ptxt id="nev13710467n1-nev15385740n60">
<emph id="nev13710467n1-nev15385740n59">Tool number:</emph>998 6052</ptxt>
<ptxt id="nev13710467n1-nev15385740n57">
<emph id="nev13710467n1-nev15385740n56">Tool description:</emph>VALVE SPRING B2#@#@#4#6 D24</ptxt>
<ptxt id="nev13710467n1-nev15385740n53">
<emph id="nev13710467n1-nev15385740n52">Tool boards:</emph>20</ptxt>
</entry>
</row>
<row id="nev13710467n1-nev15385740n50">
<entry id="nev13710467n1-nev15385740n49">
<graphic id="nev13710467n1-nev15385740n48">
<href>0900c8af80054a4#@#@#11#.jpeg</href>
</graphic>
</entry>
<entry id="nev13710467n1-nev15385740n47">
<ptxt id="nev13710467n1-nev15385740n46">
<emph id="nev13710467n1-nev15385740n45">999 7012 Drift #@#@#17#iesel</emph>
</ptxt>
<ptxt id="nev13710467n1-nev15385740n43">
<emph id="nev13710467n1-nev15385740n42">Tool number:</emph>999 7012</ptxt>
<ptxt id="nev13710467n1-nev15385740n40">
<emph id="nev13710467n1-nev15385740n39">Tool description:</emph>Drift valve ste#@#@#8#iesel</ptxt>
<ptxt id="nev13710467n1-nev15385740n36">
<emph id="nev13710467n1-nev15385740n35">Tool boards:</emph>21</ptxt>
</entry>
</row>
</tbody>
</tgroup>
</table>
</toolitemtable>
<procedure id="nev13710467n1-nev13710472n24">
<stepgrp boilerplate="false" context="" id="nev13710467n1-nev15385739n30">
<title id="nev13710467n1-nev15385696n48">Removal</title>
<procstep id="nev13710467n1-nev15385686n31">
<grate id="nev13710467n1-nev15385696n46">
<graphic id="nev13710467n1-nev15385696n47">
<href>0900c8af83d7520#@#@#9#.jpeg</href>
</graphic>
<graphtext id="nev13710467n1-nev15385753n1">
<para id="nev13710467n1-nev15385739n27">
<ptxt id="nev13710467n1-nev15385739n28">
<toolitem boilerplate="true" id="nev13710467n1-nev15385696n44" imageid="0900c8af80054882"/>
<toolitem boilerplate="false" id="nev13710467n1-nev15385696n43" imageid="0900c8af8005dcbd"/>
</ptxt>
</para>
<list1 boilerplate="true" context="install" enumtype="n" id="nev13710467n1-nev15385739n26" type="ordered">
<item id="nev13710467n1-nev15385739n25">
<ptxt id="nev13710467n1-nev15385739n24">
<toolitem boilerplate="true" id="nev13710467n1-nev15385739n23" imageid="0900c8af80054882"/>
</ptxt>
</item>
<item id="nev13710467n1-nev15385739n22">
<ptxt id="nev13710467n1-nev15385739n21">
<toolitem boilerplate="true" id="nev13710467n1-nev15385739n20" imageid="0900c8af8005dcbd"/>
</ptxt>
</item>
</list1>
</graphtext>
</grate>
</procstep>
<procstep id="nev13710467n1-nev15385692n54">
<grate id="nev13710467n1-nev15385696n40">
<graphic id="nev13710467n1-nev15385696n41">
<href>0900c8af83d7520#@#@#9#.jpeg</href>
</graphic>
</grate>
</procstep>
<procstep id="nev13710467n1-nev15385693n39">
<grate id="nev13710467n1-nev15385696n38">
<graphic id="nev13710467n1-nev15385696n39">
<href>0900c8af83d7520#@#@#9#.jpeg</href>
</graphic>
</grate>
</procstep>
<procstep id="nev13710467n1-nev15385694n20">
<grate id="nev13710467n1-nev15385696n36">
<graphic id="nev13710467n1-nev15385696n37">
<href>0900c8af83f8e4b#@#@#9#.jpeg</href>
</graphic>
</grate>
</procstep>
</stepgrp>
<stepgrp boilerplate="false" context="" id="nev13710467n1-nev15385739n19">
<title id="nev13710467n1-nev15385696n34">Installation</title>
<procstep id="nev13710467n1-nev15385723n98">
<grate id="nev13710467n1-nev15385739n16">
<graphic id="nev13710467n1-nev15385739n17">
<href>0900c8af83f8e4b#@#@#9#.jpeg</href>
</graphic>
</grate>
</procstep>
<procstep id="nev13710467n1-nev15385724n87">
<grate id="nev13710467n1-nev15385739n14">
<graphic id="nev13710467n1-nev15385739n15">
<href>0900c8af83f8e4b#@#@#9#.jpeg</href>
</graphic>
<graphtext id="nev13710467n1-nev15385781n1">
<para id="nev13710467n1-nev15385739n11">
<ptxt id="nev13710467n1-nev15385739n13">
<toolitem boilerplate="true" id="nev13710467n1-nev15385739n12" imageid="0900c8af80054a49"/>
</ptxt>
</para>
</graphtext>
</grate>
</procstep>
<procstep id="nev13710467n1-nev15385726n85">
<grate id="nev13710467n1-nev15385739n9">
<graphic id="nev13710467n1-nev15385739n10">
<href>0900c8af83d7520#@#@#9#.jpeg</href>
</graphic>
</grate>
</procstep>
<procstep id="nev13710467n1-nev15385729n84">
<grate id="nev13710467n1-nev15385739n7">
<graphic id="nev13710467n1-nev15385739n8">
<href>0900c8af83d7520#@#@#9#.jpeg</href>
</graphic>
</grate>
</procstep>
<procstep id="nev13710467n1-nev15385730n21">
<grate id="nev13710467n1-nev15385739n5">
<graphic id="nev13710467n1-nev15385739n6">
<href>0900c8af83d7520#@#@#9#.jpeg</href>
</graphic>
<graphtext id="nev13710467n1-nev15385794n1">
<list1 boilerplate="true" context="remove" enumtype="n" id="nev13710467n1-nev15385739n4" type="ordered">
<item id="nev13710467n1-nev15385739n3">
<ptxt id="nev13710467n1-nev15385739n2">
<toolitem boilerplate="true" id="nev13710467n1-nev15385739n1" imageid="0900c8af8005dcbd"/>
</ptxt>
</item>
<item id="nev13710467n1-nev15385740n100">
<ptxt id="nev13710467n1-nev15385740n99">
<toolitem boilerplate="true" id="nev13710467n1-nev15385740n98" imageid="0900c8af80054882"/>
</ptxt>
</item>
</list1>
</graphtext>
</grate>
</procstep>
</stepgrp>
</procedure>
</servinfosub>