<?xml version="1.0" encoding="UTF-8"?><servinfosub IE-ID="en-US0900c8af858c2208" docno="VCC-096674" id="KC01479390" xml:lang="en-US">
<title id="nev17826315n250">Sub-frame front#@#@#6#acing</title>
<procedure id="nev17826315n249">
<proctools id="nev17826315n248">
<toolitem id="KC07314804"/>
<toolitem id="KC07314805"/>
<toolitem id="KC07314806"/>
<toolitem id="KC07314807"/>
</proctools>
<stepgrp id="nev17826315n235">
<procstep id="nev17826315n234">
<title id="nev17826315n233">Preparatory work</title>
<grate id="nev17826315n232">
<graphic id="KC07314808">
<href>0900c8af8005a55#@#@#9#.jpeg</href>
</graphic>
<graphtext id="nev17826315n228">
<para id="nev17826315n227">
<ptxt id="nev17826315n226">(Only 6-cylinde#@#@#32# see <xref id="nev17826315n225">
<ref id="KC07314809"/>
</xref>. </ptxt>
</para>
<list1 enumtype="d" id="nev17826315n221" type="unordered">
<item id="nev17826315n220">
<ptxt id="nev17826315n219">(Only diesel) R#@#@#18#over.</ptxt>
</item>
<item id="nev17826315n218">
<ptxt id="nev17826315n217">Install lifting#@#@#2#ools <toolitem id="KC07314810"/> and lifting hooks <toolitem id="KC07314811"/>. </ptxt>
</item>
<item id="nev17826315n210">
<ptxt id="nev17826315n209">Lift the engine#@#@#36#ads. </ptxt>
</item>
</list1>
</graphtext>
</grate>
<grate id="nev17826315n208">
<graphic id="KC07314812">
<href>0900c8af8005bed#@#@#9#.jpeg</href>
</graphic>
<graphtext id="nev17826315n204">
<list1 enumtype="d" id="nev17826315n203" type="unordered">
<title id="nev17826315n202">Remove</title>
<item id="nev17826315n201">
<ptxt id="nev17826315n200">the front wheels</ptxt>
</item>
<item id="nev17826315n199">
<ptxt id="nev17826315n198">the splash guar#@#@#13#ngine</ptxt>
</item>
</list1>
</graphtext>
</grate>
<grate id="nev17826315n197">
<graphic id="KC07314813">
<href>0900c8af800598a#@#@#9#.jpeg</href>
</graphic>
<graphtext id="nev17826315n193">
<list1 enumtype="d" id="nev17826315n192" type="unordered">
<item id="nev17826315n191">
<ptxt id="nev17826315n190">the air duct cover</ptxt>
</item>
</list1>
</graphtext>
</grate>
<grate id="nev17826315n189">
<graphic id="KC07314814">
<href>0900c8af800598f#@#@#9#.jpeg</href>
</graphic>
<graphtext id="nev17826315n185">
<list1 enumtype="d" id="nev17826315n184" type="unordered">
<item id="nev17826315n183">
<ptxt id="nev17826315n182">the screw for t#@#@#8# duct</ptxt>
</item>
</list1>
</graphtext>
</grate>
<grate id="nev17826315n181">
<graphic id="KC07314815">
<href>0900c8af8005a6d#@#@#9#.jpeg</href>
</graphic>
<graphtext id="nev17826315n177">
<list1 enumtype="d" id="nev17826315n176" type="unordered">
<title id="nev17826315n175">Remove</title>
<item id="nev17826315n174">
<ptxt id="nev17826315n173">the oil pipes f#@#@#60#frame</ptxt>
</item>
<item id="nev17826315n172">
<ptxt id="nev17826315n171">the hose for th#@#@#37#esel)</ptxt>
</item>
<item id="nev17826315n170">
<ptxt id="nev17826315n169">the fuel line f#@#@#108#rame.</ptxt>
</item>
</list1>
</graphtext>
</grate>
<grate id="nev17826315n168">
<graphic id="KC07314816">
<href>0900c8af8005a62#@#@#9#.jpeg</href>
</graphic>
<graphtext id="nev17826315n164">
<list1 enumtype="d" id="nev17826315n163" type="unordered">
<item id="nev17826315n162">
<ptxt id="nev17826315n161">the hose for th#@#@#118#sel).</ptxt>
</item>
</list1>
</graphtext>
</grate>
<grate id="nev17826315n160">
<graphic id="KC07314817">
<href>0900c8af8005a61#@#@#9#.jpeg</href>
</graphic>
<graphtext id="nev17826315n156">
<list1 enumtype="d" id="nev17826315n155" type="unordered">
<title id="nev17826315n154">Remove:</title>
<item id="nev17826315n153">
<ptxt id="nev17826315n152">the mounting fo#@#@#28#acket</ptxt>
</item>
<item id="nev17826315n151">
<ptxt id="nev17826315n150">the screws hold#@#@#89#acket</ptxt>
</item>
<item id="nev17826315n149">
<ptxt id="nev17826315n148">the bracket.</ptxt>
</item>
</list1>
</graphtext>
</grate>
<grate id="nev17826315n147">
<graphic id="KC07314818">
<href>0900c8af8005995#@#@#9#.jpeg</href>
</graphic>
<graphtext id="nev17826315n143">
<list1 enumtype="d" id="nev17826315n142" type="unordered">
<item id="nev17826315n141">
<ptxt id="nev17826315n140">Loosen the cabl#@#@#118#nes.)</ptxt>
</item>
<item id="nev17826315n139">
<ptxt id="nev17826315n138">Remove the heat#@#@#37#cket.</ptxt>
</item>
</list1>
</graphtext>
</grate>
<grate id="nev17826315n137">
<graphic id="KC07314819">
<href>0900c8af803f76c#@#@#9#.jpeg</href>
</graphic>
<graphtext id="nev17826315n133">
<list1 enumtype="d" id="nev17826315n132" type="unordered">
<item id="nev17826315n131">
<ptxt id="nev17826315n130">Remove the anti#@#@#111#ged. </ptxt>
</item>
</list1>
</graphtext>
</grate>
<grate id="nev17826315n129">
<graphic id="KC07314820">
<href>0900c8af8005996#@#@#9#.jpeg</href>
</graphic>
<graphtext id="nev17826315n125">
<list1 enumtype="d" id="nev17826315n124" type="unordered">
<item id="nev17826315n123">
<ptxt id="nev17826315n122">Remove both the#@#@#33#rod. </ptxt>
</item>
<item id="nev17826315n121">
<ptxt id="nev17826315n120">Slacken off the#@#@#62#rod. </ptxt>
</item>
</list1>
</graphtext>
</grate>
<grate id="nev17826315n119">
<graphic id="KC07314821">
<href>0900c8af8005992#@#@#9#.jpeg</href>
</graphic>
<graphtext id="nev17826315n115">
<list1 enumtype="d" id="nev17826315n114" type="unordered">
<item id="nev17826315n113">
<ptxt id="nev17826315n112">Remove the fron#@#@#14#crew.</ptxt>
</item>
</list1>
</graphtext>
</grate>
<grate id="nev17826315n111">
<graphic id="KC07314822">
<href>0900c8af8005990#@#@#9#.jpeg</href>
</graphic>
<graphtext id="nev17826315n107">
<list1 enumtype="d" id="nev17826315n106" type="unordered">
<item id="nev17826315n105">
<ptxt id="nev17826315n104">
<emph id="nev17826315n103">Slacken off the#@#@#40#ner. </emph>
</ptxt>
</item>
<item id="nev17826315n102">
<ptxt id="nev17826315n101">Remove the plas#@#@#24#iner.</ptxt>
</item>
<item id="nev17826315n100">
<ptxt id="nev17826315n99">Remove the spla#@#@#4#uard.</ptxt>
</item>
<item id="nev17826315n98">
<ptxt id="nev17826315n97">Bend out the fe#@#@#6#iner.</ptxt>
</item>
</list1>
</graphtext>
</grate>
<grate id="nev17826315n96">
<graphic id="KC07314823">
<href>0900c8af8005dd7#@#@#9#.jpeg</href>
</graphic>
<graphtext id="nev17826315n92">
<para id="nev17826315n91">
<ptxt id="nev17826315n90">Remove the four#@#@#60# nut.</ptxt>
</para>
<list1 enumtype="d" id="nev17826315n89">
<title id="nev17826315n88">Remove:</title>
<item id="nev17826315n87">
<ptxt id="nev17826315n86">the oscillation#@#@#33#rs). </ptxt>
</item>
</list1>
</graphtext>
</grate>
<grate id="nev17826315n85">
<graphic id="KC07314824">
<href>0900c8af803f6d1#@#@#9#.jpeg</href>
</graphic>
<graphtext id="nev17826315n81">
<list1 enumtype="d" id="nev17826315n80" type="unordered">
<item id="nev17826315n79">
<ptxt id="nev17826315n78">Remove both the#@#@#31#ews. </ptxt>
</item>
</list1>
</graphtext>
</grate>
<grate id="nev17826315n77">
<graphic id="KC07314825">
<href>0900c8af8005ba9#@#@#9#.jpeg</href>
</graphic>
<graphtext id="nev17826315n73">
<list1 enumtype="d" id="nev17826315n72" type="unordered">
<item id="nev17826315n71">
<ptxt id="nev17826315n70">Remove the four#@#@#55#rame.</ptxt>
</item>
<item id="nev17826315n69">
<ptxt id="nev17826315n68">Remove the deli#@#@#38#ame. </ptxt>
</item>
<item id="nev17826315n67">
<ptxt id="nev17826315n66">Remove the nut #@#@#99#ars.)</ptxt>
</item>
</list1>
</graphtext>
</grate>
<grate id="nev17826315n65">
<graphic id="KC07314826">
<href>0900c8af800598b#@#@#9#.jpeg</href>
</graphic>
<graphtext id="nev17826315n61">
<list1 enumtype="d" id="nev17826315n60" type="unordered">
<item id="nev17826315n59">
<ptxt id="nev17826315n58">Remove the nuts#@#@#93#aged.</ptxt>
</item>
</list1>
</graphtext>
</grate>
</procstep>
<procstep id="nev17826315n57">
<title id="nev17826315n56">Removing the su#@#@#2#frame</title>
<grate id="nev17826315n55">
<graphic id="KC07314827">
<href>0900c8af8005990#@#@#9#.jpeg</href>
</graphic>
<graphtext id="nev17826315n51">
<list1 enumtype="d" id="nev17826315n50" type="unordered">
<item id="nev17826315n49">
<ptxt id="nev17826315n48">Position a lift#@#@#24#frame</ptxt>
</item>
<item id="nev17826315n47">
<ptxt id="nev17826315n46">Remove the scre#@#@#58#sides</ptxt>
</item>
<item id="nev17826315n45">
<ptxt id="nev17826315n44">Remove the four#@#@#13#rews.</ptxt>
</item>
<item id="nev17826315n43">
<ptxt id="nev17826315n42">Carefully lower#@#@#10#rame.</ptxt>
<note id="nev17826315n41">
<ptxt id="nev17826315n40">Ensure that the#@#@#45#ame. </ptxt>
</note>
</item>
</list1>
</graphtext>
</grate>
<grate id="nev17826315n39">
<graphic id="KC07314828">
<href>0900c8af803f731#@#@#9#.jpeg</href>
</graphic>
<graphtext id="nev17826315n35">
<para id="nev17826315n34">
<ptxt id="nev17826315n33">Suspend the ste#@#@#18#hook <toolitem id="KC07314829"/> so that the lo#@#@#32#rate.</ptxt>
<ptxt id="nev17826315n29">On right-hand d#@#@#52#side.</ptxt>
</para>
</graphtext>
</grate>
</procstep>
</stepgrp>
<stepgrp id="nev17826315n28">
<procstep id="nev17826315n27">
<title id="nev17826315n26">Transferring co#@#@#3#nents</title>
<grate id="nev17826315n25">
<graphic id="KC07314830">
<href>0900c8af8005992#@#@#9#.jpeg</href>
</graphic>
<graphtext id="nev17826315n21">
<list1 enumtype="d" id="nev17826315n20" type="unordered">
<title id="nev17826315n19">Transfer</title>
<item id="nev17826315n18">
<ptxt id="nev17826315n17">the control arm#@#@#63#n to <emph id="nev17826315n16">65 Nm</emph>. Angle-tighten <emph id="nev17826315n15"> 90°</emph>. Use bevel pro#@#@#3#ctor <toolitem id="KC07314831"/>. Tighten the r#@#@#17#n to <emph id="nev17826315n11">105Nm</emph>. Angle-tighten <emph id="nev17826315n10">90°</emph>
</ptxt>
</item>
<item id="nev17826315n9">
<ptxt id="nev17826315n8">the anti-roll b#@#@#9#en to<emph id="nev17826315n7">60 Nm </emph>
</ptxt>
</item>
<item id="nev17826315n6">
<ptxt id="nev17826315n5">the right-hand #@#@#43#n to <emph id="nev17826315n4">65 Nm </emph>. Angle-tighten <emph id="nev17826315n3">60°</emph>
</ptxt>
</item>
<item id="nev17826315n2">
<ptxt id="nev17826315n1">the mounting fo#@#@#35#iring</ptxt>
</item>
<item id="nev17826316n250">
<ptxt id="nev17826316n249"> the engine pad.</ptxt>
</item>
</list1>
<ptxt id="nev17826316n248">Install new pip#@#@#12#ders.</ptxt>
</graphtext>
</grate>
</procstep>
<procstep id="nev17826316n247">
<title id="nev17826316n246">Installing the #@#@#4#frame</title>
<list1 enumtype="d" id="nev17826316n245" type="unordered">
<item id="nev17826316n244">
<ptxt id="nev17826316n243">Position the su#@#@#22#able.</ptxt>
</item>
<item id="nev17826316n242">
<ptxt id="nev17826316n241">Carefully lift #@#@#9#rame.</ptxt>
</item>
<item id="nev17826316n240">
<ptxt id="nev17826316n239">Locate the cont#@#@#62#ings.</ptxt>
</item>
<item id="nev17826316n238">
<ptxt id="nev17826316n237">Remove the hook#@#@#37#ear. </ptxt>
</item>
<item id="nev17826316n236">
<ptxt id="nev17826316n235">Lift the sub-fr#@#@#13#tely.</ptxt>
</item>
</list1>
<grate id="nev17826316n234">
<graphic id="KC07314832">
<href>0900c8af8005990#@#@#9#.jpeg</href>
</graphic>
<graphtext id="nev17826316n230">
<list1 enumtype="d" id="nev17826316n229" type="unordered">
<item id="nev17826316n228">
<ptxt id="nev17826316n227">Install the fou#@#@#71# Use <emph id="nev17826316n226">new screws</emph>. Lubricate the#@#@#3#rews.</ptxt>
<note id="nev17826316n225">
<ptxt id="nev17826316n38">
<emph id="nev17829710n163">Always use new #@#@#11#hers.</emph>
</ptxt>
</note>
</item>
<item id="nev17826316n224">
<ptxt id="nev17826316n223">First tighten t#@#@#51#n to <emph id="nev17826316n222">105 Nm</emph>. Angle tighten to <emph id="nev17826316n221">120°</emph>. Then tighten #@#@#33#alue.</ptxt>
</item>
<item id="nev17826316n220">
<ptxt id="nev17826316n219">Finally tighten#@#@#41#s to <emph id="nev17826316n218">50 Nm</emph>.</ptxt>
</item>
</list1>
</graphtext>
</grate>
</procstep>
<procstep id="nev17826316n217">
<title id="nev17826316n216">Finishing</title>
<grate id="nev17826316n215">
<graphic id="KC07314833">
<href>0900c8af803f6d1#@#@#9#.jpeg</href>
</graphic>
<graphtext id="nev17826316n211">
<list1 enumtype="d" id="nev17826316n210" type="unordered">
<title id="nev17826316n209">Install</title>
<item id="nev17826316n208">
<ptxt id="nev17826316n207">the right-hand #@#@#16# Use <emph id="nev17826316n206">new screws</emph>. Tighten to<emph id="nev17826316n205">35 Nm</emph>. Angle-tighten <emph id="nev17826316n204">90°</emph>
</ptxt>
</item>
</list1>
</graphtext>
</grate>
<grate id="nev17826316n203">
<graphic id="KC07314834">
<href>0900c8af803f6d3#@#@#9#.jpeg</href>
</graphic>
<graphtext id="nev17826316n199">
<list1 enumtype="d" id="nev17826316n198" type="unordered">
<item id="nev17826316n197">
<ptxt id="nev17826316n196">the oscillation#@#@#31#n to <emph id="nev17826316n195">35 Nm</emph> and angle-tighten <emph id="nev17826316n194"> 90°</emph>. (Applies to c#@#@#24#nes.)</ptxt>
</item>
</list1>
</graphtext>
</grate>
<grate id="nev17826316n193">
<graphic id="KC07314835">
<href>0900c8af8005992#@#@#9#.jpeg</href>
</graphic>
<graphtext id="nev17826316n189">
<list1 enumtype="d" id="nev17826316n188" type="unordered">
<item id="nev17826316n187">
<ptxt id="nev17826316n186">the front engin#@#@#13#n to <emph id="nev17826316n185">50 Nm</emph>
</ptxt>
</item>
</list1>
</graphtext>
</grate>
<grate id="nev17826316n184">
<graphic id="KC07314836">
<href>0900c8af8005996#@#@#9#.jpeg</href>
</graphic>
<graphtext id="nev17826316n180">
<list1 enumtype="d" id="nev17826316n179" type="unordered">
<item id="nev17826316n178">
<ptxt id="nev17826316n177">lower torque ro#@#@#9#n to <emph id="nev17826316n176">35 Nm</emph>. Angle-tighten <emph id="nev17826316n175">90°</emph>.</ptxt>
<ptxt id="nev17826316n174">The lower torqu#@#@#58#uced.</ptxt>
<ptxt id="nev17826316n173">Tighten the nuts to <emph id="nev17826316n172">65 Nm</emph> and angle-tigh#@#@#2#n to <emph id="nev17826316n171">90° </emph>. Use protractor <toolitem id="KC07314837"/>.</ptxt>
<note id="nev17826316n167">
<ptxt id="nev17826316n166">Use new screws #@#@#8#nuts.</ptxt>
</note>
</item>
</list1>
</graphtext>
</grate>
<grate id="nev17826316n165">
<graphic id="KC07314838">
<href>0900c8af8005990#@#@#9#.jpeg</href>
</graphic>
<graphtext id="nev17826316n161">
<list1 enumtype="d" id="nev17826316n160" type="unordered">
<item id="nev17826316n159">
<ptxt id="nev17826316n158">the wing liner #@#@#39#nuts </ptxt>
</item>
</list1>
</graphtext>
</grate>
<grate id="nev17826316n157">
<graphic id="KC07314839">
<href>0900c8af8005ba9#@#@#9#.jpeg</href>
</graphic>
<graphtext id="nev17826316n153">
<list1 enumtype="d" id="nev17826316n152" type="unordered">
<item id="nev17826316n151">
<ptxt id="nev17826316n150">the four nuts a#@#@#76#n to <emph id="nev17826316n149">50 Nm</emph>
</ptxt>
<ptxt id="nev17826316n148">Clip the cable #@#@#7#tion.</ptxt>
<ptxt id="nev17826316n147">nut (A), holdin#@#@#86#n to <emph id="nev17826316n146">50 Nm</emph>
</ptxt>
</item>
</list1>
</graphtext>
</grate>
<grate id="nev17826316n145">
<graphic id="KC07314840">
<href>0900c8af8005995#@#@#9#.jpeg</href>
</graphic>
<graphtext id="nev17826316n141">
<list1 enumtype="d" id="nev17826316n140" type="unordered">
<item id="nev17826316n139">
<ptxt id="nev17826316n138">the cable harne#@#@#102#es.) </ptxt>
</item>
<item id="nev17826316n137">
<ptxt id="nev17826316n136">the heated oxyg#@#@#27#acket</ptxt>
</item>
</list1>
</graphtext>
</grate>
<grate id="nev17826316n135">
<graphic id="KC07314841">
<href>0900c8af8005a61#@#@#9#.jpeg</href>
</graphic>
<graphtext id="nev17826316n131">
<list1 enumtype="d" id="nev17826316n130" type="unordered">
<item id="nev17826316n129">
<ptxt id="nev17826316n128">the mounting fo#@#@#41#n to <emph id="nev17826316n127">10 Nm</emph>
</ptxt>
</item>
<item id="nev17826316n126">
<ptxt id="nev17826316n125">the brake pipe #@#@#22#acket</ptxt>
</item>
<item id="nev17826316n124">
<ptxt id="nev17826316n123">the exhaust pip#@#@#45#n to <emph id="nev17826316n122">25 Nm</emph>
</ptxt>
</item>
</list1>
</graphtext>
</grate>
<grate id="nev17826316n121">
<graphic id="KC07314842">
<href>0900c8af8005a62#@#@#9#.jpeg</href>
</graphic>
<graphtext id="nev17826316n117">
<list1 enumtype="d" id="nev17826316n116" type="unordered">
<item id="nev17826316n115">
<ptxt id="nev17826316n114">the hose for th#@#@#65#el). </ptxt>
</item>
</list1>
</graphtext>
</grate>
<grate id="nev17826316n113">
<graphic id="KC07314843">
<href>0900c8af8005a6d#@#@#9#.jpeg</href>
</graphic>
<graphtext id="nev17826316n109">
<list1 enumtype="d" id="nev17826316n108" type="unordered">
<item id="nev17826316n107">
<ptxt id="nev17826316n106">the oil pipe to#@#@#13# gear</ptxt>
</item>
<item id="nev17826316n105">
<ptxt id="nev17826316n104">the hose for th#@#@#37#esel)</ptxt>
</item>
<item id="nev17826316n103">
<ptxt id="nev17826316n102">the fuel line f#@#@#36#cable</ptxt>
</item>
<item id="nev17826316n101">
<ptxt id="nev17826316n100">engine block he#@#@#15#able.</ptxt>
</item>
</list1>
</graphtext>
</grate>
<grate id="nev17826316n99">
<graphic id="KC07314844">
<href>0900c8af800598b#@#@#9#.jpeg</href>
</graphic>
<graphtext id="nev17826316n95">
<list1 enumtype="d" id="nev17826316n94" type="unordered">
<item id="nev17826316n93">
<ptxt id="nev17826316n92">
<emph id="nev17826316n91"> new nuts</emph> on the ball jo#@#@#12#n to <emph id="nev17826316n90">80 Nm </emph>. Counterhold u#@#@#56#maged</ptxt>
</item>
</list1>
</graphtext>
</grate>
<grate id="nev17826316n89">
<graphic id="KC07314845">
<href>0900c8af803f76c#@#@#9#.jpeg</href>
</graphic>
<graphtext id="nev17826316n85">
<list1 enumtype="d" id="nev17826316n84" type="unordered">
<item id="nev17826316n83">
<ptxt id="nev17826316n82">the anti-roll b#@#@#9# Use <emph id="nev17826316n81">new</emph> nuts. Tighten to <emph id="nev17826316n80">50 Nm</emph>. Counterhold u#@#@#46#aged.</ptxt>
</item>
</list1>
</graphtext>
</grate>
<grate id="nev17826316n79">
<graphic id="KC07314846">
<href>0900c8af800598f#@#@#9#.jpeg</href>
</graphic>
<graphtext id="nev17826316n75">
<list1 enumtype="d" id="nev17826316n74" type="unordered">
<item id="nev17826316n73">
<ptxt id="nev17826316n72">the screw for t#@#@#8# duct</ptxt>
</item>
</list1>
</graphtext>
</grate>
<grate id="nev17826316n71">
<graphic id="KC07314847">
<href>0900c8af800598a#@#@#9#.jpeg</href>
</graphic>
<graphtext id="nev17826316n67">
<list1 enumtype="d" id="nev17826316n66" type="unordered">
<item id="nev17826316n65">
<ptxt id="nev17826316n64">the air duct cover</ptxt>
</item>
</list1>
</graphtext>
</grate>
<grate id="nev17826316n63">
<graphic id="KC07314848">
<href>0900c8af8012114#@#@#9#.jpeg</href>
</graphic>
<graphtext id="nev17826316n59">
<list1 enumtype="d" id="nev17826316n58" type="unordered">
<item id="nev17826316n57">
<ptxt id="nev17826316n56">the splash guar#@#@#26#n to <emph id="nev17826316n55"> 20 Nm</emph>. </ptxt>
</item>
</list1>
</graphtext>
</grate>
<list1 enumtype="d" id="nev17826316n54" type="unordered">
<item id="nev17826316n53">
<ptxt id="nev17826316n52">Install the whe#@#@#4# See <xref id="nev17826316n51">
<ref id="KC07314849"/>
</xref>.</ptxt>
<ptxt id="nev17826316n47">Lower the car.</ptxt>
</item>
<item id="nev17826316n46">
<ptxt id="nev17826316n45">Remove the lift#@#@#18#g to <xref id="nev17826316n44">
<ref id="KC07314850"/>
</xref> (applies to 6-#@#@#6#ers).</ptxt>
</item>
<item id="nev17826316n40">
<ptxt id="nev17826316n39">(Only diesel) I#@#@#19#over.</ptxt>
</item>
</list1>
</procstep>
</stepgrp>
</procedure>
</servinfosub>