<?xml version="1.0" encoding="UTF-8"?><servinfosub IE-ID="en-US0900c8af85932208" docno="VCC-452343" id="nev18058379n1" xml:lang="en-US">
<title>
<phrase category="Title" id="nev18058379n2" phrase-urn="urn:x-nevis:phrase:0800c8af81eb9a54">Diagnostic trou#@#@#21#ation</phrase>
<phrase category="Prefix" id="nev18058379n3" phrase-urn="urn:x-nevis:phrase:0800c8af8015c3f5">ECM</phrase>-P213800</title>
<diagnostic j2008use="1" paperuse="1" screenuse="1" type="condition">
<condgrp>
<condition type="condition">
<grate id="nev18058379n4">
<graphic id="nev18058379n5">
<href>0900c8af804454f#@#@#9#.jpeg</href>
</graphic>
</grate>
<para id="nev18058379n6">
<ptxt id="nev18058379n7">
<phrase category="Condition" id="nev18058386n1" phrase-urn="urn:x-nevis:phrase:0800c8af85928d71">Engine control #@#@#96#sors.</phrase>
<phrase category="Condition" id="nev18058387n1" phrase-urn="urn:x-nevis:phrase:0800c8af85928d72">Both accelerato#@#@#169#gnal.</phrase>
</ptxt>
</para>
<para id="nev18058385n98">
<ptxt id="nev18058385n97">
<phrase category="Condition" id="nev18058406n1" phrase-urn="urn:x-nevis:phrase:0800c8af85928d73">Engine control #@#@#95#ment.</phrase>
<phrase category="Condition" id="nev18058407n1" phrase-urn="urn:x-nevis:phrase:0800c8af85928d68">The control mod#@#@#93#nals.</phrase>
</ptxt>
</para>
<para id="nev18058380n2">
<ptxt id="nev18058380n3">
<phrase category="Condition" id="nev18058380n4" phrase-urn="urn:x-nevis:phrase:0800c8af82c4843c">The diagnostic #@#@#59#that:</phrase>
</ptxt>
</para>
<list1 id="nev18058380n5">
<item id="nev18058380n6">
<ptxt id="nev18058380n7">
<phrase category="Condition" id="nev18058408n1" phrase-urn="urn:x-nevis:phrase:0800c8af85928dda">Pedal position #@#@#97#them.</phrase>
</ptxt>
</item>
</list1>
<para id="nev18058380n9">
<ptxt id="nev18058380n10">
<phrase category="Condition" id="nev18058381n1" phrase-urn="urn:x-nevis:phrase:0800c8af82c479d6">The control mod#@#@#67#t of:</phrase>
</ptxt>
</para>
<list1 id="nev18058381n2">
<item id="nev18058381n3">
<ptxt id="nev18058381n4">
<phrase category="Condition" id="nev18058381n5" phrase-urn="urn:x-nevis:phrase:0800c8af82c47c8e">Ignition switch#@#@#8#n II.</phrase>
</ptxt>
</item>
</list1>
<note id="nev18058381n6">
<ptxt id="nev18058381n7">
<phrase category="Condition" id="nev18058381n8" phrase-urn="urn:x-nevis:phrase:0800c8af82c4844b">The control mod#@#@#132# met.</phrase>
</ptxt>
</note>
</condition>
</condgrp>
<condgrp>
<condition type="substitution">
<list1 enumtype="d" type="unordered">
<item>
<ptxt>
<phrase category="Substitution" id="nev18058381n9" phrase-urn="urn:x-nevis:phrase:0800c8af838f1674">Torque limitation</phrase>
</ptxt>
</item>
</list1>
</condition>
<ps>
<list1 enumtype="d" type="unordered">
<item id="nev18058381n10">
<ptxt id="nev18058382n1">
<phrase category="Possible source" id="nev18058413n1" phrase-urn="urn:x-nevis:phrase:0800c8af83f3b71c">Search for fail#@#@#71#dule.</phrase>
</ptxt>
</item>
<item id="nev18058382n3">
<ptxt id="nev18058382n4">
<phrase category="Possible source" id="nev18058414n1" phrase-urn="urn:x-nevis:phrase:0800c8af83cb9caf">Contact resista#@#@#48#ctor.</phrase>
</ptxt>
</item>
<item id="nev18058383n2">
<ptxt id="nev18058383n3">
<phrase category="Possible source" id="nev18058383n4" phrase-urn="urn:x-nevis:phrase:0800c8af81eabb2a">Damaged acceler#@#@#27#nsor.</phrase>
</ptxt>
</item>
</list1>
</ps>
</condgrp>
<condgrp>
<condition type="symptom">
<list1 enumtype="d" type="unordered">
<item>
<ptxt>
<phrase category="Symptom CSC" id="nev18058383n5" phrase-urn="urn:x-nevis:phrase:0800c8af8388f137">IV, Text window#@#@#27#ssage</phrase>
</ptxt>
</item>
<item id="nev18058383n6">
<ptxt id="nev18058383n7">
<phrase category="Symptom CSC" id="nev18058383n8" phrase-urn="urn:x-nevis:phrase:0800c8af8388f019">AJ, Driving/Poo#@#@#20#power</phrase>
</ptxt>
</item>
</list1>
</condition>
</condgrp>
</diagnostic>
</servinfosub>