<?xml version="1.0" encoding="UTF-8"?><servinfosub IE-ID="en-US0900c8af80881208" docno="VCC-121902" id="KC01227185" xml:lang="en-US">
<title>Parking brake l#@#@#10#acing</title>
<procedure>
<stepgrp id="KC01227186">
<title>Removing the ce#@#@#7#nsole</title>
<procstep id="KC01227187">
<title>Removing the ce#@#@#7#nsole</title>
<para>
<title>V70R (B5254T4 e#@#@#1#gine)</title>
<ptxt>Remove the cent#@#@#11# See <xref>
<ref id="KC07157331"/>
</xref>.</ptxt>
</para>
<para>
<title>V70 (00-) (othe#@#@#5#ines)</title>
<ptxt>Remove the cent#@#@#11# See <xref>
<ref id="KC07157332"/>
</xref> (-2004) or <xref>
<ref id="KC07157333"/>
</xref> (2005-).</ptxt>
</para>
<para>
<title>V70XC (01-)/XC70</title>
<ptxt>Remove the cent#@#@#11# See <xref>
<ref id="KC07157334"/>
</xref> (-2004) or <xref>
<ref id="KC07157335"/>
</xref> (2005-).</ptxt>
</para>
</procstep>
</stepgrp>
<stepgrp id="KC01227188">
<title>Replacing the p#@#@#13#lever</title>
<procstep id="KC01227189">
<title>Remove the park#@#@#10#lever</title>
<grate>
<graphic id="KC07157336">
<href>0900c8af800597b#@#@#9#.jpeg</href>
</graphic>
<graphtext>
<ptxt>Remove the nut #@#@#51#able.</ptxt>
<para>
<ptxt>Disconnect the #@#@#30#lamp.</ptxt>
</para>
<para>
<ptxt>Remove the thre#@#@#74#ever.</ptxt>
</para>
</graphtext>
</grate>
</procstep>
<procstep id="KC01227190">
<title>Install the par#@#@#11#lever</title>
<grate>
<graphic id="KC07157337">
<href>0900c8af800597b#@#@#9#.jpeg</href>
</graphic>
<graphtext>
<list1 enumtype="d" type="unordered">
<title>Install:</title>
<item>
<ptxt>the new bracket#@#@#50#n to <emph>25 Nm</emph>
</ptxt>
</item>
<item>
<ptxt>the connector f#@#@#14# lamp</ptxt>
</item>
<item>
<ptxt>the cable in th#@#@#16#lever</ptxt>
</item>
<item>
<ptxt>the adjuster nut.</ptxt>
</item>
</list1>
</graphtext>
</grate>
</procstep>
</stepgrp>
<stepgrp id="KC01227191">
<title>Installing the #@#@#9#nsole</title>
<procstep id="KC01227192">
<title>Installing the #@#@#9#nsole</title>
<para>
<title>V70R (B5254T4 e#@#@#1#gine)</title>
<ptxt>Install the cen#@#@#12# See <xref>
<ref id="KC07157338"/>
</xref>.</ptxt>
</para>
<para>
<title>V70 (00-) (othe#@#@#5#ines)</title>
<ptxt>Install the cen#@#@#12# See <xref>
<ref id="KC07157339"/>
</xref> (-2004) or <xref>
<ref id="KC07157340"/>
</xref> (2005-).</ptxt>
</para>
<para>
<title>V70XC (01-)XC70</title>
<ptxt>Install the cen#@#@#12# See <xref>
<ref id="KC07157341"/>
</xref> (-2004) or <xref>
<ref id="KC07157342"/>
</xref> (2005-).</ptxt>
</para>
</procstep>
</stepgrp>
</procedure>
</servinfosub>