<?xml version="1.0" encoding="UTF-8"?><servinfosub IE-ID="en-US0900c8af8567c31a" docno="VCC-436703" id="nev17369744n1" xml:lang="en-US">
<title>
<phrase category="Title" id="nev17369744n2" phrase-urn="urn:x-nevis:phrase:0800c8af81eb9a54">Diagnostic trou#@#@#21#ation</phrase>
</title>
<diagnostic j2008use="1" paperuse="1" screenuse="1" type="condition">
<condgrp>
<condition type="condition">
<grate id="nev17369744n3">
<graphic id="nev17369744n4">
<href>0900c8af827521e#@#@#9#.jpeg</href>
</graphic>
</grate>
<para>
<ptxt>
<phrase category="Condition" id="nev17369744n5" phrase-urn="urn:x-nevis:phrase:0800c8af825bddf3">The engine cont#@#@#97#otor.</phrase>
<phrase category="Condition" id="nev17369744n6" phrase-urn="urn:x-nevis:phrase:0800c8af823831c2">If the engine c#@#@#104#ated.</phrase>
</ptxt>
</para>
<para>
<ptxt>
<phrase category="Condition" id="nev17369744n7" phrase-urn="urn:x-nevis:phrase:0800c8af81eaae5f">The diagnostic #@#@#58#ning.</phrase>
</ptxt>
</para>
</condition>
</condgrp>
<condgrp>
<condition type="substitution">
<list1 enumtype="d">
<item>
<ptxt>
<phrase category="Substitution" id="nev17369744n8" phrase-urn="urn:x-nevis:phrase:0800c8af825bde2f">No exhaust gas #@#@#23#trol.</phrase>
</ptxt>
</item>
</list1>
</condition>
<ps>
<list1 enumtype="d" type="unordered">
<item>
<ptxt>
<phrase category="Possible source" id="nev17369744n9" phrase-urn="urn:x-nevis:phrase:0800c8af81eab907">Contact resista#@#@#30#tors.</phrase>
</ptxt>
</item>
<item id="nev17369744n10">
<ptxt id="nev17369745n1">
<phrase category="Possible source" id="nev17369745n2" phrase-urn="urn:x-nevis:phrase:0800c8af8274ae17">The signal cabl#@#@#26#ound.</phrase>
</ptxt>
</item>
<item id="nev17369745n3">
<ptxt id="nev17369745n4">
<phrase category="Possible source" id="nev17369745n5" phrase-urn="urn:x-nevis:phrase:0800c8af8365075c">Damaged positio#@#@#4#nsor.</phrase>
</ptxt>
</item>
<item id="nev17369745n6">
<ptxt id="nev17369745n7">
<phrase category="Possible source" id="nev17369745n8" phrase-urn="urn:x-nevis:phrase:0800c8af81eabb1e">Damaged exhaust#@#@#26#alve.</phrase>
</ptxt>
</item>
</list1>
</ps>
</condgrp>
<condgrp>
<condition type="symptom">
<list1 enumtype="d" type="unordered">
<item id="nev17369745n9">
<ptxt id="nev17369745n10">
<phrase category="Symptom CSC" id="nev17369746n1" phrase-urn="urn:x-nevis:phrase:0800c8af8388f076">DL, Warning lig#@#@#85#ation</phrase>
</ptxt>
</item>
</list1>
</condition>
</condgrp>
</diagnostic>
</servinfosub>