<?xml version="1.0" encoding="UTF-8"?><servinfosub IE-ID="en-US0900c8af8063f31a" docno="VCC-069842" id="KC02274678" servinfosubId="nev20686451n1-nev20686451n2" servinfosubRes="0900c8af862c2973" servinfosubRes2="urn:x-nevis:fragment:0900c8af8063f31a:0900c8af862c2973#nev20686451n2" xml:lang="en-US">
<title>Evaporative emi#@#@#22#ntrol</title>
<para>
<ptxt>EVAP stands for#@#@#293#fold.</ptxt>
</para>
<grate>
<title>The system cons#@#@#3#s of:</title>
<graphic id="nev20686451n1-KC08486366" width="column">
<href>0900c8af8012774#@#@#9#.jpeg</href>
</graphic>
<graphtext>
<para>
<title>Fuel tank (1)</title>
<ptxt>To avoid the fu#@#@#92#side.</ptxt>
</para>
<para>
<title>Roll-over valve (2)</title>
<ptxt>The roll-over v#@#@#127#dent.</ptxt>
</para>
<para>
<title>EVAP canister (3)</title>
<ptxt>Fuel vapor from#@#@#286#coal.</ptxt>
</para>
<para>
<title>Canister purge #@#@#9#e (4)</title>
<ptxt>The canister pu#@#@#333#able.</ptxt>
</para>
<para>
<title>EVAP canister s#@#@#12#e (5)</title>
<ptxt>Certain markets#@#@#133#uced.</ptxt>
<ptxt>In order to che#@#@#589#stic.</ptxt>
</para>
</graphtext>
</grate>
<grate>
<graphic id="nev20686451n1-KC08486367" width="column">
<href>0900c8af8012774#@#@#9#.jpeg</href>
</graphic>
<graphtext>
<para>
<title>Control</title>
<ptxt>Normally the ca#@#@#581#ned.
</ptxt>
</para>
</graphtext>
</grate>
</servinfosub>