<?xml version="1.0" encoding="UTF-8"?><servinfosub IE-ID="en-US0900c8af8085831a" docno="VCC-119049" id="KC01568459" xml:lang="en-US">
<title>Replace the fro#@#@#25#HO2S)</title>
<procedure>
<stepgrp id="KC01746261">
<procstep id="KC01746262">
<title>Removing the wi#@#@#35#HO2S)</title>
<grate>
<graphic id="KC07353840">
<href>0900c8af8012469#@#@#9#.jpeg</href>
</graphic>
<graphtext>
<para>
<ptxt>Remove the rela#@#@#104#O2S).</ptxt>
</para>
<list1 enumtype="d">
<item>
<ptxt>Release the cab#@#@#28#oints</ptxt>
</item>
<list2>
<item>
<ptxt>2 = black</ptxt>
</item>
<item>
<ptxt>1 = white.</ptxt>
</item>
</list2>
</list1>
</graphtext>
</grate>
</procstep>
<procstep id="KC01746263">
<title>Removing the he#@#@#20#HO2S)</title>
<grate>
<graphic id="KC07353841">
<href>0900c8af8012468#@#@#9#.jpeg</href>
</graphic>
<graphtext>
<list1 enumtype="d">
<item>
<ptxt>Apply rust solvent</ptxt>
</item>
<item>
<ptxt>Remove the heat#@#@#18#HO2S)</ptxt>
</item>
<item>
<ptxt>Remove the seal#@#@#4#ring.</ptxt>
</item>
</list1>
</graphtext>
</grate>
</procstep>
</stepgrp>
<stepgrp id="KC01746264">
<procstep id="KC01746265">
<title>Installing the #@#@#22#HO2S)</title>
<grate>
<graphic id="KC07353842">
<href>0900c8af8012469#@#@#9#.jpeg</href>
</graphic>
<graphtext>
<list1 enumtype="d">
<item>
<ptxt>Install a new s#@#@#90#read.</ptxt>
<ptxt>Tighten the hea#@#@#32#n to <emph>55 Nm</emph>
</ptxt>
</item>
<item>
<ptxt>Pull the cable #@#@#3#ards.</ptxt>
</item>
</list1>
</graphtext>
</grate>
</procstep>
<procstep id="KC01746266">
<title>Installing the #@#@#43#ector</title>
<grate>
<graphic id="KC07353843">
<href>0900c8af8012469#@#@#9#.jpeg</href>
</graphic>
<graphtext>
<note>
<ptxt>Adjust the rout#@#@#74#stem.</ptxt>
</note>
<list1 enumtype="d">
<item>
<ptxt>Route the cable#@#@#38#oints</ptxt>
</item>
<item>
<ptxt>Connect the con#@#@#34#acket</ptxt>
</item>
<item>
<ptxt>Reinstall the r#@#@#6#over.</ptxt>
</item>
</list1>
</graphtext>
</grate>
</procstep>
</stepgrp>
</procedure>
</servinfosub>