<?xml version="1.0" encoding="UTF-8"?><servinfosub IE-ID="en-US0900c8af848d731a" docno="VCC-356448" id="nev13508612n1" xml:lang="en-US">
<title>
<phrase category="" id="nev13508612n2" phrase-urn="urn:x-nevis:phrase:0800c8af8272600d">Signal missing</phrase>
</title>
<diagnostic j2008use="1" layout="0" paperuse="1" screenuse="1" type="test">
<testgrp IE-ID="en-US0900c8af848d731a_nev13508612n3" id="nev13508612n3" j2008use="1" paperuse="1" resumable="1" screenuse="1" testgrp-id="node1" x="80" y="80">
<title>
<phrase category="" id="nev13508612n4" phrase-urn="urn:x-nevis:phrase:0800c8af8272600e">Checking compon#@#@#10#iring</phrase>
</title>
<node>
<test1>
<diaglist>
<dgraphic>
<dgraphic1>
<graphic id="nev13508612n5">
<href>0900c8af80054d5#@#@#9#.jpeg</href>
</graphic>
</dgraphic1>
<dgraphic3>
<graphic id="nev13508612n6">
<href>0900c8af80054cc#@#@#9#.jpeg</href>
</graphic>
</dgraphic3>
</dgraphic>
<ditem>
<ptxt>
<phrase category="" id="nev13508612n7" phrase-urn="urn:x-nevis:phrase:0800c8af8272600f">Ignition on</phrase>
</ptxt>
</ditem>
</diaglist>
<test2>
<para>
<ptxt>
<phrase category="" id="nev13508612n8" phrase-urn="urn:x-nevis:phrase:0800c8af82726010">The fault is du#@#@#170#tion.</phrase>
</ptxt>
</para>
<para>
<ptxt>
<phrase category="" id="nev13508612n9" phrase-urn="urn:x-nevis:phrase:0800c8af82726011">Check that ther#@#@#52#CM). </phrase>
</ptxt>
<ptxt>
<phrase category="" id="nev13508612n10" phrase-urn="urn:x-nevis:phrase:0800c8af82726012">Measure between:</phrase>
</ptxt>
</para>
<list1 enumtype="d" type="unordered">
<item>
<ptxt>
<phrase category="Faulttracing" id="nev13508638n1" phrase-urn="urn:x-nevis:phrase:0800c8af84381329">Engine Control #@#@#30#ound.</phrase>
</ptxt>
</item>
<item>
<ptxt>
<phrase category="Faulttracing" id="nev13508639n1" phrase-urn="urn:x-nevis:phrase:0800c8af8438132d">Engine control #@#@#41#ound.</phrase>
</ptxt>
</item>
</list1>
<para>
<ptxt>
<phrase category="" id="nev13508613n3" phrase-urn="urn:x-nevis:phrase:0800c8af82726015">Remedy as necessary.</phrase>
</ptxt>
</para>
<list1 enumtype="d" type="unordered">
<title>
<phrase category="" id="nev13508613n4" phrase-urn="urn:x-nevis:phrase:0800c8af82726016">Other information</phrase>
</title>
<item>
<ptxt>
<phrase category="" id="nev13508613n5" phrase-urn="urn:x-nevis:phrase:0800c8af82726017">For further inf#@#@#55#gram </phrase>
</ptxt>
</item>
<item>
<ptxt>
<phrase category="" id="nev13508613n6" phrase-urn="urn:x-nevis:phrase:0800c8af82726018">
<xref>
<ref id="KC09613233"/>
</xref>
</phrase>
</ptxt>
</item>
<item>
<ptxt>
<xref id="nev14432138n100">
<ref id="l1203423975074"/>
</xref>
</ptxt>
</item>
<item>
<ptxt>
<phrase category="" id="nev13508613n10" phrase-urn="urn:x-nevis:phrase:0800c8af8272601a">
<xref>
<ref id="KC09613237"/>
</xref>
</phrase>
</ptxt>
</item>
</list1>
<grate>
<graphic id="nev13508614n2">
<href>0900c8af80054da#@#@#9#.jpeg</href>
</graphic>
</grate>
</test2>
</test1>
<question>
Select Continue.
</question>
<resact-grp>
<result button="cont" comp="button" highlight="0"/>
<action j2008use="1" paperuse="1" screenuse="1">
<ptxt>
<xref>
<ref id="nev13508614n4"/>
</xref>
</ptxt>
</action>
</resact-grp>
</node>
</testgrp>
<testgrp id="nev13508614n5" j2008use="1" paperuse="1" resumable="1" screenuse="1" testgrp-id="veria" x="80" y="220">
<title>
<phrase category="" id="nev13508614n6" phrase-urn="urn:x-nevis:phrase:0800c8af8272601c">Fault-tracing i#@#@#5#ation</phrase>
</title>
<subcalloutnode>
<diagcallout>
<xref>
<ref id="nev13508614n7"/>
</xref>
</diagcallout>
<rescall-grp>
<result comp="string" highlight="0" op="eq" return="NEW TRY"/>
<calloutaction>
<ptxt>
<xref>
<ref id="nev13508614n8"/>
</xref>
</ptxt>
</calloutaction>
</rescall-grp>
<rescall-grp>
<result comp="string" highlight="0" op="eq" return="FAULT FOUND"/>
<calloutaction>
<return value="DONE"/>
</calloutaction>
</rescall-grp>
</subcalloutnode>
</testgrp>
</diagnostic>
</servinfosub>