<?xml version="1.0" encoding="UTF-8"?><diagnostic IE-ID="en-US0900c8af808ecc0a" docno="VCC-108574" id="KC02493777" type="test" xml:lang="en-US">
<title>
<phrase category="" id="KC07779283" phrase-urn="urn:x-nevis:phrase:0800c8af81bc40f7">Verification</phrase>
</title>
<testgrp IE-ID="en-US0900c8af808ecc0a_KC02493778" id="KC02493778" j2008use="1" paperuse="1" resumable="1" screenuse="1" testgrp-id="VERIFNODE" x="360" y="320">
<title>
<phrase category="" id="KC07779284" phrase-urn="urn:x-nevis:phrase:0800c8af81bc40f8">Verification</phrase>
</title>
<node>
<test1>
<hint>
<ptxt>
<phrase category="" id="KC07779285" phrase-urn="urn:x-nevis:phrase:0800c8af81bc40f9">After carrying #@#@#50#died.</phrase>
</ptxt>
</hint>
<diaglist>
<dgraphic>
<dgraphic1>
<graphic id="KC07779286">
<href>0900c8af80054d5#@#@#9#.jpeg</href>
</graphic>
</dgraphic1>
<dgraphic2>
<graphic id="KC07779287">
<href>0900c8af80054d7#@#@#9#.jpeg</href>
</graphic>
</dgraphic2>
</dgraphic>
<ditem>
<ptxt>
<phrase category="" id="KC07779288" phrase-urn="urn:x-nevis:phrase:0800c8af81bc40fa">Ignition off.</phrase>
</ptxt>
</ditem>
<ditem>
<ptxt>
<phrase category="" id="KC07779289" phrase-urn="urn:x-nevis:phrase:0800c8af81bc40fb">Reconnect conne#@#@#23#ents.</phrase>
</ptxt>
</ditem>
<ditem>
<ptxt>
<phrase category="" id="KC07779290" phrase-urn="urn:x-nevis:phrase:0800c8af81bc40fc">Ignition on.</phrase>
</ptxt>
</ditem>
</diaglist>
<test2>
<para>
<ptxt>
<phrase category="" id="KC07779291" phrase-urn="urn:x-nevis:phrase:0800c8af81bc40fd">Read off the at#@#@#27#alue.</phrase>
</ptxt>
</para>
<para>
<ptxt>
<phrase category="" id="KC07779292" phrase-urn="urn:x-nevis:phrase:0800c8af81bc40fe">The atmospheric#@#@#39# kPa.</phrase>
</ptxt>
</para>
<diaglist>
<dgraphic>
<dgraphic2>
<graphic id="KC07779293">
<href>0900c8af86c8681#@#@#9#.jpeg</href>
</graphic>
<smarttool active="press" id="KC07779294" toolname="XF13A506"/>
</dgraphic2>
</dgraphic>
<ditem>
<ditemtext>
<ptxt>
<phrase category="" id="KC07779295" phrase-urn="urn:x-nevis:phrase:0800c8af81bc40ff"/>
</ptxt>
</ditemtext>
</ditem>
<ditem>
<ditemtext>
<ptxt>
<phrase category="" id="KC07779296" phrase-urn="urn:x-nevis:phrase:0800c8af81bc4100"/>
</ptxt>
</ditemtext>
</ditem>
</diaglist>
</test2>
</test1>
<question>Is the value co#@#@#1#rect?</question>
<resact-grp>
<result button="yes" comp="button" highlight="0"/>
<action j2008use="1" paperuse="1" screenuse="1">
<return value="VERIFIED"/>
</action>
</resact-grp>
<resact-grp>
<result button="no" comp="button" highlight="0"/>
<action j2008use="1" paperuse="0" screenuse="1">
<return value="VERIFICATION FAILED"/>
</action>
<action j2008use="0" paperuse="1" screenuse="0">
<return value="PAPER"/>
</action>
</resact-grp>
</node>
</testgrp>
</diagnostic>