<?xml version="1.0" encoding="UTF-8"?><servinfosub IE-ID="en-US0900c8af80cdfc0a" docno="VCC-155140" id="KC02720747" xml:lang="en-US">
<title>
<phrase category="" id="KC09502116" phrase-urn="urn:x-nevis:phrase:0800c8af82710d16">Communication p#@#@#39#(ECM)</phrase>
</title>
<diagnostic j2008use="1" paperuse="1" screenuse="1" type="test">
<testgrp IE-ID="en-US0900c8af80cdfc0a_KC02799171" id="KC02799171" j2008use="1" paperuse="1" resumable="1" screenuse="1" testgrp-id="node1" x="160" y="80">
<title>
<phrase category="" id="KC09502117" phrase-urn="urn:x-nevis:phrase:0800c8af82710d17">Fault-tracing i#@#@#5#ation</phrase>
</title>
<node>
<test1>
<test2>
<ptxt>
<phrase category="" id="KC09502118" phrase-urn="urn:x-nevis:phrase:0800c8af82710d18">The diagnostic #@#@#58#ted. </phrase>
</ptxt>
<ptxt>
<phrase category="" id="KC09502119" phrase-urn="urn:x-nevis:phrase:0800c8af82710d1a">Read off diagno#@#@#113#ion. </phrase>
</ptxt>
</test2>
</test1>
<question>
Select Continue.
</question>
<resact-grp>
<result button="cont" comp="button" highlight="0"/>
<action j2008use="1" paperuse="1" screenuse="1">
<return value="DONE"/>
</action>
</resact-grp>
</node>
</testgrp>
</diagnostic>
</servinfosub>