<?xml version="1.0" encoding="UTF-8"?><servinfosub IE-ID="en-US0900c8af83dc1c0a" docno="VCC-322599" id="nev12690017n1" xml:lang="en-US">
<title>
<phrase category="Title" id="nev12690017n2" phrase-urn="urn:x-nevis:phrase:0800c8af81eb9a59">Fault-tracing</phrase>
</title>
<diagnostic j2008use="1" layout="1" paperuse="1" screenuse="1" type="test">
<testgrp IE-ID="en-US0900c8af83dc1c0a_nev12690017n3" id="nev12690017n3" j2008use="1" paperuse="1" resumable="1" screenuse="1" testgrp-id="node1" x="80" y="200">
<title>
<phrase category="" id="nev12690017n4" phrase-urn="urn:x-nevis:phrase:0800c8af82708fd3">Checking components </phrase>
</title>
<node>
<test1>
<test2>
<para>
<ptxt id="nev12690017n5">
<phrase category="Faulttracing" id="nev12690017n6" phrase-urn="urn:x-nevis:phrase:0800c8af83328496">Check relevant #@#@#43#sion.</phrase>
</ptxt>
<ptxt id="nev12690017n7">
<phrase category="Faulttracing" id="nev12690017n8" phrase-urn="urn:x-nevis:phrase:0800c8af81eab33c">Check the exhau#@#@#21#kage.</phrase>
</ptxt>
</para>
<hint id="nev12690017n9">
<ptxt id="nev12690017n10">
<phrase category="Faulttracing" id="nev12690018n1" phrase-urn="urn:x-nevis:phrase:0800c8af83d4c775">Both a damaged #@#@#105#DTC).</phrase>
</ptxt>
<ptxt id="nev12690018n2">
<phrase category="Faulttracing" id="nev12690018n3" phrase-urn="urn:x-nevis:phrase:0800c8af83d4c792">Check other sto#@#@#140#ents.</phrase>
</ptxt>
</hint>
<para>
<ptxt>
<phrase category="" id="nev12690018n4" phrase-urn="urn:x-nevis:phrase:0800c8af82708fd6">Remedy as necessary.</phrase>
</ptxt>
</para>
<list1 enumtype="d" type="unordered">
<title>
<phrase category="" id="nev12690018n5" phrase-urn="urn:x-nevis:phrase:0800c8af82708fd7">Other information</phrase>
</title>
<item>
<ptxt>
<xref id="nev12690018n6">
<ref id="nev12690018n7"/>
</xref>
</ptxt>
</item>
<item>
<ptxt>
<xref id="nev12690018n8">
<ref id="nev12690018n9"/>
</xref>
</ptxt>
</item>
</list1>
<diaglist>
<dgraphic>
<dgraphic2>
<graphic id="nev12690018n10">
<href>0900c8af86c8681#@#@#9#.jpeg</href>
</graphic>
<smarttool active="press" id="nev12690019n1"/>
</dgraphic2>
</dgraphic>
</diaglist>
</test2>
</test1>
<question>
Select Continue.
</question>
<resact-grp>
<result button="cont" comp="button" highlight="0"/>
<action j2008use="1" paperuse="1" screenuse="1">
<ptxt>
<xref>
<ref id="nev12690019n3"/>
</xref>
</ptxt>
</action>
</resact-grp>
</node>
</testgrp>
<testgrp id="nev12690019n4" j2008use="1" paperuse="1" resumable="1" screenuse="1" testgrp-id="ecm-ver1" x="60" y="340">
<title>
<phrase category="" id="nev12690019n5" phrase-urn="urn:x-nevis:phrase:0800c8af82708fdc">Verification</phrase>
</title>
<subcalloutnode>
<diagcallout>
<xref id="nev12690019n6">
<ref id="nev12690019n7"/>
</xref>
</diagcallout>
<rescall-grp>
<result comp="string" highlight="0" op="eq" return="VERIFICATION FAILED"/>
<calloutaction>
<ptxt>
<xref>
<ref id="nev12690019n8"/>
</xref>
</ptxt>
</calloutaction>
</rescall-grp>
<rescall-grp>
<result comp="string" highlight="0" op="eq" return="VERIFIED"/>
<calloutaction>
<return value="FAULT FOUND"/>
</calloutaction>
</rescall-grp>
</subcalloutnode>
</testgrp>
<testgrp id="nev12690019n9" j2008use="1" paperuse="1" resumable="1" screenuse="1" testgrp-id="info1" x="80" y="500">
<title>
<phrase category="" id="nev12690019n10" phrase-urn="urn:x-nevis:phrase:0800c8af82708fdd">Fault-tracing i#@#@#5#ation</phrase>
</title>
<subcalloutnode>
<diagcallout>
<xref>
<ref id="nev12690020n1"/>
</xref>
</diagcallout>
<rescall-grp>
<result comp="string" highlight="0" op="eq" return="FAULTTRACING FAILED"/>
<calloutaction>
<return value="FAULTTRACING FAILED"/>
</calloutaction>
</rescall-grp>
<rescall-grp>
<result comp="string" highlight="0" op="eq" return="NEW TRY"/>
<calloutaction>
<ptxt>
<xref>
<ref id="nev12690020n2"/>
</xref>
</ptxt>
</calloutaction>
</rescall-grp>
</subcalloutnode>
</testgrp>
</diagnostic>
</servinfosub>