<?xml version="1.0" encoding="UTF-8"?><servinfosub IE-ID="en-US0900c8af87faa302" docno="VCC-476102" id="nev21894175n1" original="sv-SE" servinfosubId="nev21894176n1-nev27913947n1" servinfosubRes="0900c8af87faa326" servinfosubRes2="urn:x-nevis:fragment:0900c8af87faa302:0900c8af87faa326#nev27913947n1" xml:lang="en-US">
<operationnumbers>
<operationnumber>87472-2</operationnumber>
</operationnumbers>
<title id="nev21894175n2">Climate unit dr#@#@#3# hose</title>
<procedure id="nev21894176n1-nev28096201n2">
<stepgrp boilerplate="false" context="" id="nev21894176n1-nev29155859n16">
<title id="nev21894176n1-0800c8af844a46f6">Removal</title>
<procstep id="nev21894176n1-nev28096201n5">
<grate id="nev21894176n1-nev29155859n14">
<graphic id="nev21894176n1-nev29155859n15">
<href>0900c8af87bea7d#@#@#9#.jpeg</href>
</graphic>
<graphtext id="nev21894176n1-nev29156002n1">
<note id="nev21894176n1-0800c8af85b47f49">
<ptxt>Orientation view</ptxt>
</note>
</graphtext>
</grate>
</procstep>
<procstep id="nev21894176n1-nev28096202n1">
<grate id="nev21894176n1-nev29155859n12">
<graphic id="nev21894176n1-nev29155859n13">
<href>0900c8af87bea7d#@#@#9#.jpeg</href>
</graphic>
<graphtext id="nev21894176n1-nev29156006n1">
<para id="nev21894176n1-nev29155859n10">
<ptxt id="nev21894176n1-nev29155859n11">Fold the carpet#@#@#2#side.</ptxt>
</para>
</graphtext>
</grate>
</procstep>
<procstep id="nev21894176n1-nev28096202n8">
<grate id="nev21894176n1-nev29155859n8">
<graphic id="nev21894176n1-nev29155859n9">
<href>0900c8af87bea7d#@#@#9#.jpeg</href>
</graphic>
<graphtext id="nev21894176n1-nev29156010n1">
<note id="nev21894176n1-0800c8af844a42f4">
<ptxt>Use suitable pa#@#@#28#luid.</ptxt>
</note>
<para id="nev21894176n1-nev29155859n6">
<ptxt id="nev21894176n1-nev29155859n7">Remove the part#@#@#5#fully</ptxt>
</para>
<para id="nev21894176n1-nev29155859n4">
<ptxt id="nev21894176n1-nev29155859n5">Remove the hose.</ptxt>
</para>
</graphtext>
</grate>
</procstep>
<procstep id="nev21894176n1-nev28096203n10">
<grate id="nev21894176n1-nev29155859n2">
<graphic id="nev21894176n1-nev29155859n3">
<href>0900c8af87bd73f#@#@#9#.jpeg</href>
</graphic>
<graphtext id="nev21894176n1-nev29156014n1">
<note id="nev21894176n1-0800c8af844a4387">
<ptxt>Make sure that #@#@#24#lled.</ptxt>
</note>
</graphtext>
</grate>
</procstep>
</stepgrp>
<stepgrp boilerplate="false" context="" id="nev21894176n1-nev29155859n1">
<title id="nev21894176n1-0800c8af844a46f9">Installation</title>
<procstep id="nev21894176n1-nev28096204n8">
<grate id="nev21894176n1-nev29155997n99">
<graphic id="nev21894176n1-nev29155997n100">
<href>0900c8af87bd78e#@#@#9#.jpeg</href>
</graphic>
<graphtext id="nev21894176n1-nev29156018n1">
<para id="nev21894176n1-nev29155997n97">
<ptxt id="nev21894176n1-nev29155997n98">Install the hose.</ptxt>
</para>
</graphtext>
</grate>
</procstep>
<procstep id="nev21894176n1-nev28096205n5">
<grate id="nev21894176n1-nev29155997n95">
<graphic id="nev21894176n1-nev29155997n96">
<href>0900c8af87bea7d#@#@#9#.jpeg</href>
</graphic>
<graphtext id="nev21894176n1-nev29156022n1">
<caution id="nev21894176n1-0800c8af851608e0">
<ptxt>Make sure that #@#@#33#ctly.</ptxt>
</caution>
</graphtext>
</grate>
</procstep>
<procstep id="nev21894176n1-nev28096206n1">
<para id="nev21894176n1-nev29155997n93">
<ptxt id="nev21894176n1-nev29155997n94">To install, rev#@#@#22#dure.</ptxt>
</para>
</procstep>
</stepgrp>
</procedure>
</servinfosub>