<?xml version="1.0" encoding="UTF-8"?><servinfosub IE-ID="en-US0900c8af80cc1302" docno="VCC-147848" id="KC02717511" xml:lang="en-US">
<title>
<phrase category="" id="KC07844856" phrase-urn="urn:x-nevis:phrase:0800c8af81c21def">Diagnostic trou#@#@#30#-005C</phrase>
</title>
<diagnostic type="condition">
<condgrp>
<condition type="condition">
<grate>
<graphic id="KC07844857" width="column">
<href>0900c8af80126d7#@#@#9#.jpeg</href>
</graphic>
<graphtext>
<para>
<ptxt>
<phrase category="" id="KC07844858" phrase-urn="urn:x-nevis:phrase:0800c8af81c21df0">The supplementa#@#@#85#rbag.</phrase>
</ptxt>
</para>
<para>
<ptxt>
<phrase category="" id="KC07844859" phrase-urn="urn:x-nevis:phrase:0800c8af81c21df2">The diagnostic #@#@#152#onds.</phrase>
</ptxt>
</para>
<para>
<ptxt>
<phrase category="" id="KC07844860" phrase-urn="urn:x-nevis:phrase:0800c8af81c21df7">The diagnostic #@#@#66# III.</phrase>
</ptxt>
</para>
</graphtext>
</grate>
</condition>
</condgrp>
<condgrp>
<condition type="substitution">
<list1 enumtype="d">
<item>
<ptxt>
<phrase category="" id="KC07844861" phrase-urn="urn:x-nevis:phrase:0800c8af81c21dfa">None.</phrase>
</ptxt>
</item>
</list1>
</condition>
<ps>
<list1 enumtype="d" type="unordered">
<item>
<ptxt>
<phrase category="" id="KC07844862" phrase-urn="urn:x-nevis:phrase:0800c8af81c21dfc">Short-circuit i#@#@#295#bag. </phrase>
</ptxt>
</item>
</list1>
<hint>
<ptxt>
<phrase category="" id="KC07844863" phrase-urn="urn:x-nevis:phrase:0800c8af81c21dfd">This fault can #@#@#207#type.</phrase>
</ptxt>
</hint>
</ps>
</condgrp>
<condgrp>
<condition type="symptom">
<list1 enumtype="d" type="unordered">
<item>
<ptxt>
<phrase category="" id="KC07844864" phrase-urn="urn:x-nevis:phrase:0800c8af81c21dff">SRS indicator l#@#@#2#p lit</phrase>
</ptxt>
</item>
<item>
<ptxt>
<phrase category="" id="KC07844865" phrase-urn="urn:x-nevis:phrase:0800c8af81c21e02">SRS warning mes#@#@#10#ayed.</phrase>
</ptxt>
</item>
</list1>
</condition>
</condgrp>
</diagnostic>
</servinfosub>