<?xml version="1.0" encoding="UTF-8"?><servinfosub IE-ID="en-US0900c8af804f6302" docno="VCC-118275" id="KC01613492" xml:lang="en-US">
<title>
<phrase category="" id="KC07348776" phrase-urn="urn:x-nevis:phrase:0800c8af81ad89b5">Checking low beam</phrase>
</title>
<diagnostic type="test">
<testgrp IE-ID="en-US0900c8af804f6302_KC01613493" id="KC01613493" j2008use="1" paperuse="1" resumable="1" screenuse="1" testgrp-id="node1" x="160" y="80">
<title>
<phrase category="" id="KC07348777" phrase-urn="urn:x-nevis:phrase:0800c8af81ad89b6">Final check</phrase>
</title>
<node>
<test1>
<hint>
<ptxt>
<phrase category="" id="KC07348778" phrase-urn="urn:x-nevis:phrase:0800c8af81ad89b7">After carrying #@#@#50#died.</phrase>
</ptxt>
</hint>
<diaglist>
<dgraphic>
<dgraphic1>
<graphic id="KC07348779">
<href>0900c8af80054d5#@#@#9#.jpeg</href>
</graphic>
</dgraphic1>
<dgraphic2>
<graphic id="KC07348780">
<href>0900c8af80054d7#@#@#9#.jpeg</href>
</graphic>
</dgraphic2>
</dgraphic>
<ditem>
<ptxt>
<phrase category="" id="KC07348781" phrase-urn="urn:x-nevis:phrase:0800c8af81ad89b8">Ignition off.</phrase>
</ptxt>
</ditem>
<ditem>
<ptxt>
<phrase category="" id="KC07348782" phrase-urn="urn:x-nevis:phrase:0800c8af81ad89b9">Reinstall the c#@#@#21# etc.</phrase>
</ptxt>
</ditem>
<ditem>
<ptxt>
<phrase category="" id="KC07348783" phrase-urn="urn:x-nevis:phrase:0800c8af81ad89ba">Ignition on.</phrase>
</ptxt>
</ditem>
</diaglist>
<test2>
<ptxt>
<phrase category="" id="KC07348784" phrase-urn="urn:x-nevis:phrase:0800c8af81ad89bb">Switch on the l#@#@#62#s on.</phrase>
</ptxt>
<ptxt>
<phrase category="" id="KC07348785" phrase-urn="urn:x-nevis:phrase:0800c8af81ad89bc">Then turn the l#@#@#65# off.</phrase>
</ptxt>
</test2>
</test1>
<question>Does low beam f#@#@#3#tion?</question>
<resact-grp>
<result button="yes" comp="button" highlight="0"/>
<action j2008use="1" paperuse="1" screenuse="1">
<return value="VERIFIED"/>
</action>
</resact-grp>
<resact-grp>
<result button="no" comp="button" highlight="0"/>
<action j2008use="1" paperuse="1" screenuse="1">
<return value="VERIFICATION FAILED"/>
</action>
</resact-grp>
</node>
</testgrp>
</diagnostic>
</servinfosub>