<?xml version="1.0" encoding="UTF-8"?><servinfosub IE-ID="en-US0900c8af80517302" docno="VCC-125151" id="KC01630260" xml:lang="en-US">
<title>
<phrase category="" id="KC07501894" phrase-urn="urn:x-nevis:phrase:0800c8af81b7c516">Signal too low.#@#@#11#fault</phrase>
</title>
<diagnostic type="test">
<testgrp IE-ID="en-US0900c8af80517302_KC01690199" id="KC01690199" j2008use="1" paperuse="1" resumable="1" screenuse="1" testgrp-id="node1" x="120" y="240">
<title>
<phrase category="" id="KC07501895" phrase-urn="urn:x-nevis:phrase:0800c8af81b7c51a">Checking the po#@#@#5#upply</phrase>
</title>
<node>
<test1>
<diaglist>
<dgraphic>
<dgraphic1>
<graphic id="KC07501896">
<href>0900c8af80054d5#@#@#9#.jpeg</href>
</graphic>
</dgraphic1>
<dgraphic2>
<graphic id="KC07501897">
<href>0900c8af80054d7#@#@#9#.jpeg</href>
</graphic>
</dgraphic2>
</dgraphic>
<ditem>
<ptxt>
<phrase category="" id="KC07501898" phrase-urn="urn:x-nevis:phrase:0800c8af81b7c51b">Ignition off</phrase>
</ptxt>
</ditem>
<ditem>
<ptxt>
<phrase category="" id="KC07501899" phrase-urn="urn:x-nevis:phrase:0800c8af81b7c51c">Disconnect the #@#@#21#ector</phrase>
</ptxt>
</ditem>
<ditem>
<ptxt>
<phrase category="" id="KC07501900" phrase-urn="urn:x-nevis:phrase:0800c8af81b7c51e">Check the seat #@#@#74#g to <xref>
<ref id="KC07501901"/>
</xref>
</phrase>
</ptxt>
</ditem>
<ditem>
<ptxt>
<phrase category="" id="KC07501902" phrase-urn="urn:x-nevis:phrase:0800c8af81b7c51f">Ignition on.</phrase>
</ptxt>
</ditem>
</diaglist>
<test2>
<para>
<ptxt>
<phrase category="" id="KC07501903" phrase-urn="urn:x-nevis:phrase:0800c8af81b7c521">Check that ther#@#@#40#l #1.</phrase>
</ptxt>
</para>
<para>
<ptxt>
<phrase category="" id="KC07501904" phrase-urn="urn:x-nevis:phrase:0800c8af81b7c523">Remedy as necessary.</phrase>
</ptxt>
</para>
<list1>
<title>
<phrase category="" id="KC07501905" phrase-urn="urn:x-nevis:phrase:0800c8af81b7c526">Other information</phrase>
</title>
<item>
<ptxt>
<phrase category="" id="KC07501906" phrase-urn="urn:x-nevis:phrase:0800c8af81b7c527">To access and r#@#@#28# see <xref>
<ref id="KC07501907"/>
</xref>.</phrase>
</ptxt>
</item>
</list1>
<diaglist>
<dgraphic>
<dgraphic1>
<graphic id="KC07501908">
<href>0900c8af80058b9#@#@#9#.jpeg</href>
</graphic>
</dgraphic1>
<dgraphic2>
<graphic id="KC07501909">
<href>0900c8af80054d4#@#@#9#.jpeg</href>
</graphic>
<smarttool active="auto" id="KC07501910" toolname="VDCDA"/>
</dgraphic2>
</dgraphic>
<ditem>
<ditemtext>
<ptxt>
<phrase category="" id="KC07501911" phrase-urn="urn:x-nevis:phrase:0800c8af81b7c52a"/>
</ptxt>
</ditemtext>
</ditem>
</diaglist>
</test2>
</test1>
<question>Is there supply#@#@#4#tage?</question>
<resact-grp>
<result button="yes" comp="button" highlight="0"/>
<action j2008use="1" paperuse="1" screenuse="1">
<ptxt>
<xref>
<ref id="KC07501912"/>
</xref>
</ptxt>
</action>
</resact-grp>
<resact-grp>
<result button="no" comp="button" highlight="0"/>
<action j2008use="1" paperuse="1" screenuse="1">
<ptxt>
<xref>
<ref id="KC07501913"/>
</xref>
</ptxt>
</action>
</resact-grp>
</node>
</testgrp>
<testgrp id="KC01690200" j2008use="1" paperuse="1" resumable="1" screenuse="1" testgrp-id="spanning" x="120" y="240">
<title>
<phrase category="" id="KC07501914" phrase-urn="urn:x-nevis:phrase:0800c8af81b7c52c">Checking the co#@#@#12#cable</phrase>
</title>
<node>
<test1>
<diaglist>
<dgraphic>
<dgraphic1>
<graphic id="KC07501915">
<href>0900c8af80054d4#@#@#9#.jpeg</href>
</graphic>
</dgraphic1>
<dgraphic2>
<graphic id="KC07501916">
<href>0900c8af80054d7#@#@#9#.jpeg</href>
</graphic>
</dgraphic2>
</dgraphic>
<ditem>
<ptxt>
<phrase category="" id="KC07501917" phrase-urn="urn:x-nevis:phrase:0800c8af81b7c52d">Ignition off</phrase>
</ptxt>
</ditem>
<ditem>
<ptxt>
<phrase category="" id="KC07501918" phrase-urn="urn:x-nevis:phrase:0800c8af81b7c52e">Disconnect the #@#@#16# lead</phrase>
</ptxt>
</ditem>
<ditem>
<ptxt>
<phrase category="" id="KC07501919" phrase-urn="urn:x-nevis:phrase:0800c8af81b7c530">Disconnect the #@#@#19#ector</phrase>
</ptxt>
</ditem>
<ditem>
<ptxt>
<phrase category="" id="KC07501920" phrase-urn="urn:x-nevis:phrase:0800c8af81b7c531">Disconnect the #@#@#21#ector</phrase>
</ptxt>
</ditem>
<ditem>
<ptxt>
<phrase category="" id="KC07501921" phrase-urn="urn:x-nevis:phrase:0800c8af81b7c532">Connect the bat#@#@#14#lead.</phrase>
</ptxt>
<warning>
<ptxt>
<phrase category="" id="KC07501922" phrase-urn="urn:x-nevis:phrase:0800c8af81b7c533">There must not #@#@#69#ted. </phrase>
</ptxt>
</warning>
</ditem>
</diaglist>
<test2>
<para>
<ptxt>
<phrase category="" id="KC07501923" phrase-urn="urn:x-nevis:phrase:0800c8af81b7c534">Measure the res#@#@#138#g to <xref>
<ref id="KC07501924"/>
</xref>.</phrase>
</ptxt>
<ptxt>
<phrase category="" id="KC07501925" phrase-urn="urn:x-nevis:phrase:0800c8af81b7c535">The resistance #@#@#40#cuit.</phrase>
</ptxt>
</para>
<para>
<ptxt>
<phrase category="" id="KC07501926" phrase-urn="urn:x-nevis:phrase:0800c8af81b7c536">Measure the res#@#@#252#g to <xref>
<ref id="KC07501927"/>
</xref>.</phrase>
</ptxt>
<ptxt>
<phrase category="" id="KC07501928" phrase-urn="urn:x-nevis:phrase:0800c8af81b7c537">The resistance #@#@#12#nite.</phrase>
</ptxt>
</para>
<para>
<ptxt>
<phrase category="" id="KC07501929" phrase-urn="urn:x-nevis:phrase:0800c8af81b7c538">Remedy as necessary.</phrase>
</ptxt>
</para>
<list1 enumtype="d" type="unordered">
<title>
<phrase category="" id="KC07501930" phrase-urn="urn:x-nevis:phrase:0800c8af81b7c53a">Other information</phrase>
</title>
<item>
<ptxt>
<phrase category="" id="KC07501931" phrase-urn="urn:x-nevis:phrase:0800c8af81b7c53b">To access and r#@#@#25# see <xref>
<ref id="KC07501932"/>
</xref>
</phrase>
</ptxt>
</item>
<item>
<ptxt>
<phrase category="" id="KC07501933" phrase-urn="urn:x-nevis:phrase:0800c8af81b7c53c">To access and r#@#@#28# see <xref>
<ref id="KC07501934"/>
</xref>
</phrase>
</ptxt>
</item>
<item>
<ptxt>
<phrase category="" id="KC07501935" phrase-urn="urn:x-nevis:phrase:0800c8af81b7c53f">For information#@#@#15# see <xref>
<ref id="KC07501936"/>
</xref>
</phrase>
</ptxt>
</item>
<item>
<ptxt>
<phrase category="" id="KC07501937" phrase-urn="urn:x-nevis:phrase:0800c8af81b7c540">To connect the #@#@#13# see <xref>
<ref id="KC07501938"/>
</xref>. </phrase>
</ptxt>
</item>
</list1>
<diaglist>
<dgraphic>
<dgraphic1>
<graphic id="KC07501939">
<href>0900c8af80058b9#@#@#9#.jpeg</href>
</graphic>
</dgraphic1>
<dgraphic2>
<graphic id="KC07501940">
<href>0900c8af80054d4#@#@#9#.jpeg</href>
</graphic>
<smarttool active="auto" id="KC07501941" toolname="ODA"/>
</dgraphic2>
</dgraphic>
<ditem>
<ditemtext>
<ptxt>
<phrase category="" id="KC07501942" phrase-urn="urn:x-nevis:phrase:0800c8af81b7c543"/>
</ptxt>
</ditemtext>
</ditem>
</diaglist>
</test2>
</test1>
<question>Was a fault det#@#@#1#cted?</question>
<resact-grp>
<result button="yes" comp="button" highlight="0"/>
<action j2008use="1" paperuse="1" screenuse="1">
<ptxt>
<xref>
<ref id="KC07501943"/>
</xref>
</ptxt>
</action>
</resact-grp>
<resact-grp>
<result button="no" comp="button" highlight="0"/>
<action j2008use="1" paperuse="1" screenuse="1">
<ptxt>
<xref>
<ref id="KC07501944"/>
</xref>
</ptxt>
</action>
</resact-grp>
</node>
</testgrp>
<testgrp id="KC01690201" j2008use="1" paperuse="1" resumable="1" screenuse="1" testgrp-id="node3" x="120" y="240">
<title>
<phrase category="" id="KC07501945" phrase-urn="urn:x-nevis:phrase:0800c8af81b7c544">Checking the co#@#@#12#cable</phrase>
</title>
<node>
<test1>
<diaglist>
<dgraphic>
<dgraphic1>
<graphic id="KC07501946">
<href>0900c8af80054d4#@#@#9#.jpeg</href>
</graphic>
</dgraphic1>
<dgraphic2>
<graphic id="KC07501947">
<href>0900c8af80054d7#@#@#9#.jpeg</href>
</graphic>
</dgraphic2>
</dgraphic>
<ditem>
<ptxt>
<phrase category="" id="KC07501948" phrase-urn="urn:x-nevis:phrase:0800c8af81b7c546">Ignition on</phrase>
</ptxt>
</ditem>
<ditem>
<ptxt>
<phrase category="" id="KC07501949" phrase-urn="urn:x-nevis:phrase:0800c8af81b7c547">Disconnect the #@#@#21#ector</phrase>
</ptxt>
</ditem>
<ditem>
<ptxt>
<phrase category="" id="KC07501950" phrase-urn="urn:x-nevis:phrase:0800c8af81b7c548">Disconnect the #@#@#20#ctor.</phrase>
</ptxt>
</ditem>
</diaglist>
<test2>
<para>
<ptxt>
<phrase category="" id="KC07501951" phrase-urn="urn:x-nevis:phrase:0800c8af81b7c549">Measure the res#@#@#138#g to <xref>
<ref id="KC07501952"/>
</xref>.</phrase>
</ptxt>
<ptxt>
<phrase category="" id="KC07501953" phrase-urn="urn:x-nevis:phrase:0800c8af81b7c54a">The resistance #@#@#54#cuit.</phrase>
</ptxt>
</para>
<para>
<ptxt>
<phrase category="" id="KC07501954" phrase-urn="urn:x-nevis:phrase:0800c8af81b7c54b">Remedy as necessary.</phrase>
</ptxt>
</para>
<list1 enumtype="d" type="unordered">
<title>
<phrase category="" id="KC07501955" phrase-urn="urn:x-nevis:phrase:0800c8af81b7c54d">Other information</phrase>
</title>
<item>
<ptxt>
<phrase category="" id="KC07501956" phrase-urn="urn:x-nevis:phrase:0800c8af81b7c54e">To access and r#@#@#25# see <xref>
<ref id="KC07501957"/>
</xref>
</phrase>
</ptxt>
</item>
<item>
<ptxt>
<phrase category="" id="KC07501958" phrase-urn="urn:x-nevis:phrase:0800c8af81b7c54f">To access and r#@#@#28# see <xref>
<ref id="KC07501959"/>
</xref>
</phrase>
</ptxt>
</item>
<item>
<ptxt>
<phrase category="" id="KC07501960" phrase-urn="urn:x-nevis:phrase:0800c8af81b7c550">For information#@#@#15# see <xref>
<ref id="KC07501961"/>
</xref>
</phrase>
</ptxt>
</item>
<item>
<ptxt>
<phrase category="" id="KC07501962" phrase-urn="urn:x-nevis:phrase:0800c8af81b7c551">To connect the #@#@#13# see <xref>
<ref id="KC07501963"/>
</xref>. </phrase>
</ptxt>
</item>
</list1>
<diaglist>
<dgraphic>
<dgraphic1>
<graphic id="KC07501964">
<href>0900c8af80058b9#@#@#9#.jpeg</href>
</graphic>
</dgraphic1>
<dgraphic2>
<graphic id="KC07501965">
<href>0900c8af80054d4#@#@#9#.jpeg</href>
</graphic>
<smarttool active="auto" id="KC07501966" toolname="ODA"/>
</dgraphic2>
</dgraphic>
<ditem>
<ditemtext>
<ptxt>
<phrase category="" id="KC07501967" phrase-urn="urn:x-nevis:phrase:0800c8af81b7c552"/>
</ptxt>
</ditemtext>
</ditem>
</diaglist>
</test2>
</test1>
<question>Select "Continu#@#@#32#ied. </question>
<resact-grp>
<result button="cont" comp="button" highlight="0"/>
<action j2008use="1" paperuse="1" screenuse="1">
<ptxt>
<xref>
<ref id="KC07501968"/>
</xref>
</ptxt>
</action>
</resact-grp>
</node>
</testgrp>
<testgrp id="KC01690202" j2008use="1" paperuse="1" resumable="1" screenuse="1" testgrp-id="byte" x="120" y="240">
<title>
<phrase category="" id="KC07501969" phrase-urn="urn:x-nevis:phrase:0800c8af81b7c554">Checking the co#@#@#2#onent</phrase>
</title>
<node>
<test1>
<diaglist>
<dgraphic>
<dgraphic1>
<graphic id="KC07501970">
<href>0900c8af80054d4#@#@#9#.jpeg</href>
</graphic>
</dgraphic1>
</dgraphic>
<ditem>
<ptxt>
<phrase category="" id="KC07501971" phrase-urn="urn:x-nevis:phrase:0800c8af81b7c559">Ignition off.</phrase>
</ptxt>
</ditem>
</diaglist>
<test2>
<para>
<ptxt>
<phrase category="" id="KC07501972" phrase-urn="urn:x-nevis:phrase:0800c8af81b7c55f">Try a new seat #@#@#34#cted.</phrase>
</ptxt>
</para>
<list1>
<title>
<phrase category="" id="KC07501973" phrase-urn="urn:x-nevis:phrase:0800c8af81b7c565">Other information</phrase>
</title>
<item>
<ptxt>
<phrase category="" id="KC07501974" phrase-urn="urn:x-nevis:phrase:0800c8af81b7c56a">To access and r#@#@#28# see <xref>
<ref id="KC07501975"/>
</xref>.</phrase>
</ptxt>
</item>
</list1>
<grate>
<graphic id="KC07501976">
<href>0900c8af803f8ca#@#@#9#.jpeg</href>
</graphic>
</grate>
</test2>
</test1>
<question>Select "Continu#@#@#32#ied. </question>
<resact-grp>
<result button="cont" comp="button" highlight="0"/>
<action j2008use="1" paperuse="1" screenuse="1">
<ptxt>
<xref>
<ref id="KC07501977"/>
</xref>
</ptxt>
</action>
</resact-grp>
</node>
</testgrp>
<testgrp id="KC01690203" j2008use="1" paperuse="1" resumable="1" screenuse="1" testgrp-id="veri" x="360" y="320">
<title>
<phrase category="" id="KC07501978" phrase-urn="urn:x-nevis:phrase:0800c8af81b7c56d">Verification</phrase>
</title>
<subcalloutnode>
<diagcallout>
<xref>
<ref id="KC07501979"/>
</xref>
</diagcallout>
<rescall-grp>
<result comp="string" highlight="0" op="eq" return="VERIFICATION FAILED"/>
<calloutaction>
<ptxt>
<xref>
<ref id="KC07501980"/>
</xref>
</ptxt>
</calloutaction>
</rescall-grp>
<rescall-grp>
<result comp="string" highlight="0" op="eq" return="VERIFIED"/>
<calloutaction>
<return value="FAULT FOUND"/>
</calloutaction>
</rescall-grp>
</subcalloutnode>
</testgrp>
<testgrp id="KC01690204" j2008use="1" paperuse="0" resumable="1" screenuse="1" testgrp-id="info1" x="600" y="160">
<title>
<phrase category="" id="KC07501981" phrase-urn="urn:x-nevis:phrase:0800c8af81b7c56f">Fault-tracing i#@#@#5#ation</phrase>
</title>
<subcalloutnode>
<diagcallout>
<xref>
<ref id="KC07501982"/>
</xref>
</diagcallout>
<rescall-grp>
<result comp="string" highlight="0" op="eq" return="FAULTTRACING FAILED"/>
<calloutaction>
<return value="FAULTTRACING FAILED"/>
</calloutaction>
</rescall-grp>
<rescall-grp>
<result comp="string" highlight="0" op="eq" return="NEW TRY"/>
<calloutaction>
<ptxt>
<xref>
<ref id="KC07501983"/>
</xref>
</ptxt>
</calloutaction>
</rescall-grp>
</subcalloutnode>
</testgrp>
</diagnostic>
</servinfosub>