<?xml version="1.0" encoding="UTF-8"?><servinfosub IE-ID="en-US0900c8af864aa302" docno="VCC-451598" id="nev18006929n1" servinfosubId="nev20689106n1-nev20689106n2" servinfosubRes="0900c8af864aa386" servinfosubRes2="urn:x-nevis:fragment:0900c8af864aa302:0900c8af864aa386#nev20689106n2" xml:lang="en-US">
<title id="nev21247519n250">Downloading sof#@#@#33#odule</title>
<topic id="nev20689106n1-nev18006929n2">
<title id="nev20689106n1-nev21247519n249"/>
<para id="nev20689106n1-nev21247519n248">
<ptxt id="nev20689106n1-nev21247519n247">A new trailer m#@#@#68#aded.</ptxt>
</para>
<para id="nev20689106n1-nev21247519n245">
<ptxt id="nev20689106n1-nev21247519n244">New software ca#@#@#53#ules.</ptxt>
</para>
<para id="nev20689106n1-nev21247519n243">
<ptxt id="nev20689106n1-nev21247519n242">When downloadin#@#@#210#itch.</ptxt>
</para>
</topic>
</servinfosub>