<?xml version="1.0" encoding="UTF-8"?><servinfosub IE-ID="en-US0900c8af8067e302" docno="VCC-076681" id="KC02045628" xml:lang="en-US">
<title>Antenna ring, r#@#@#5#ement</title>
<procedure>
<stepgrp>
<procstep id="KC02045629">
<title>Preparations</title>
<list1 enumtype="d" type="unordered">
<item>
<ptxt>Note any radio code.</ptxt>
</item>
<item>
<ptxt>Remove battery #@#@#9#lead.</ptxt>
</item>
</list1>
</procstep>
<procstep id="KC02045630">
<title>Disassembly</title>
<grate>
<graphic id="KC08515311" width="column">
<href>0900c8af8067e30#@#@#9#.jpeg</href>
</graphic>
<graphtext>
<list1 enumtype="d" type="unordered">
<item>
<ptxt>Release and pul#@#@#72#ring.</ptxt>
</item>
<item>
<ptxt>Release sound i#@#@#41#down.</ptxt>
</item>
<item>
<ptxt>Disconnect ante#@#@#26#ctor.</ptxt>
</item>
<item>
<ptxt>Catch the angle#@#@#174#ring.</ptxt>
</item>
</list1>
</graphtext>
</grate>
</procstep>
<procstep id="KC02045631">
<title>Reassembly</title>
<list1 enumtype="d" type="unordered">
<item>
<ptxt>Pass antenna ri#@#@#38#home.</ptxt>
</item>
<item>
<ptxt>Reconnect anten#@#@#14#tor.
</ptxt>
</item>
<item>
<ptxt>Replace sound i#@#@#5#tion.</ptxt>
</item>
<item>
<ptxt>Replace control#@#@#2#anel.</ptxt>
</item>
</list1>
</procstep>
</stepgrp>
</procedure>
</servinfosub>