<?xml version="1.0" encoding="UTF-8"?><servinfosub IE-ID="en-US0900c8af80cbc302" docno="VCC-146991" id="KC02711733" xml:lang="en-US">
<title>
<phrase category="" id="KC07842962" phrase-urn="urn:x-nevis:phrase:0800c8af81c2132e">Diagnostic trou#@#@#30#-002A</phrase>
</title>
<diagnostic type="condition">
<condgrp>
<condition type="condition">
<grate>
<graphic id="KC07842963" width="column">
<href>0900c8af80126d8#@#@#9#.jpeg</href>
</graphic>
<graphtext>
<para>
<ptxt>
<phrase category="" id="KC07842964" phrase-urn="urn:x-nevis:phrase:0800c8af81c21330">The supplementa#@#@#95#iter.</phrase>
</ptxt>
</para>
<para>
<ptxt>
<phrase category="" id="KC07842965" phrase-urn="urn:x-nevis:phrase:0800c8af81c21332">The diagnostic #@#@#137#onds.</phrase>
</ptxt>
</para>
<para>
<ptxt>
<phrase category="" id="KC07842966" phrase-urn="urn:x-nevis:phrase:0800c8af81c21333">The diagnostic #@#@#66# III.</phrase>
</ptxt>
</para>
<hint>
<ptxt>
<phrase category="" id="KC07842967" phrase-urn="urn:x-nevis:phrase:0800c8af81c21335">The adaptive se#@#@#156#oner.</phrase>
</ptxt>
</hint>
</graphtext>
</grate>
</condition>
</condgrp>
<condgrp>
<condition type="substitution">
<list1 enumtype="d">
<item>
<ptxt>
<phrase category="" id="KC07842968" phrase-urn="urn:x-nevis:phrase:0800c8af81c21336">None.</phrase>
</ptxt>
</item>
</list1>
</condition>
<ps>
<list1 enumtype="d" type="unordered">
<item>
<ptxt>
<phrase category="" id="KC07842969" phrase-urn="urn:x-nevis:phrase:0800c8af81c21338">Short-circuit b#@#@#173#miter</phrase>
</ptxt>
</item>
<item>
<ptxt>
<phrase category="" id="KC07842970" phrase-urn="urn:x-nevis:phrase:0800c8af81c21339">Short-circuit i#@#@#79#ter).</phrase>
</ptxt>
</item>
</list1>
</ps>
</condgrp>
<condgrp>
<condition type="symptom">
<list1 enumtype="d" type="unordered">
<item>
<ptxt>
<phrase category="" id="KC07842971" phrase-urn="urn:x-nevis:phrase:0800c8af81c2133a">General warning#@#@#4#p lit</phrase>
</ptxt>
</item>
<item>
<ptxt>
<phrase category="" id="KC07842972" phrase-urn="urn:x-nevis:phrase:0800c8af81c2133b">SRS warning mes#@#@#10#ayed.</phrase>
</ptxt>
</item>
</list1>
</condition>
</condgrp>
</diagnostic>
</servinfosub>