<?xml version="1.0" encoding="UTF-8"?><servinfosub IE-ID="en-US0900c8af80665a1f" docno="VCC-072879" id="KC02332067" xml:lang="en-US">
<title>Replacing rear #@#@#29#-door</title>
<procedure>
<stepgrp>
<procstep id="KC02332068">
<title>Removing</title>
<grate>
<graphic id="KC08503924" width="column">
<href>0900c8af80665a3#@#@#9#.jpeg</href>
</graphic>
<graphtext>
<para>
<ptxt>The bulb failur#@#@#109#lamp.</ptxt>
<ptxt>Ignition off.</ptxt>
<ptxt>Open the left t#@#@#10#over.</ptxt>
<ptxt>Remove bulb fai#@#@#29#ards.</ptxt>
<ptxt>Disconnect conn#@#@#1#ctor.</ptxt>
</para>
</graphtext>
</grate>
</procstep>
<procstep id="KC02332069">
<title>Installing</title>
<para>
<ptxt>Install bulb fa#@#@#16#nsor.</ptxt>
<ptxt>Test bulb failu#@#@#22#tion.</ptxt>
<ptxt>Close left tail#@#@#7#over.</ptxt>
</para>
</procstep>
</stepgrp>
</procedure>
</servinfosub>