<?xml version="1.0" encoding="UTF-8"?><servinfosub IE-ID="en-US0900c8af80cc1a1f" docno="VCC-147997" id="KC02718510" xml:lang="en-US">
<title>
<phrase category="" id="KC07845294" phrase-urn="urn:x-nevis:phrase:0800c8af81c220ec">Diagnostic trou#@#@#30#-0092</phrase>
</title>
<diagnostic type="condition">
<condgrp>
<condition type="condition">
<grate>
<graphic id="KC07845295" width="column">
<href>0900c8af8012953#@#@#9#.jpeg</href>
</graphic>
<graphtext>
<para>
<ptxt>
<phrase category="" id="KC07845296" phrase-urn="urn:x-nevis:phrase:0800c8af81c220ee">The supplementa#@#@#80#ckle.</phrase>
</ptxt>
</para>
<para>
<ptxt>
<phrase category="" id="KC07845297" phrase-urn="urn:x-nevis:phrase:0800c8af81c220ef"> The diagnostic#@#@#148#nds. </phrase>
</ptxt>
</para>
<para>
<ptxt>
<phrase category="" id="KC07845298" phrase-urn="urn:x-nevis:phrase:0800c8af81c220f0">The diagnostic #@#@#66# III.</phrase>
</ptxt>
</para>
</graphtext>
</grate>
</condition>
</condgrp>
<condgrp>
<condition type="substitution">
<list1 enumtype="d">
<item>
<ptxt>
<phrase category="" id="KC07845299" phrase-urn="urn:x-nevis:phrase:0800c8af81c220f2">None.</phrase>
</ptxt>
</item>
</list1>
</condition>
<ps>
<list1 enumtype="d" type="unordered">
<item>
<ptxt>
<phrase category="" id="KC07845300" phrase-urn="urn:x-nevis:phrase:0800c8af81c220f4">Short-circuit t#@#@#140#ckle.</phrase>
</ptxt>
</item>
</list1>
</ps>
</condgrp>
<condgrp>
<condition type="symptom">
<list1 enumtype="d" type="unordered">
<item>
<ptxt>
<phrase category="" id="KC07845301" phrase-urn="urn:x-nevis:phrase:0800c8af81c220f5">The information#@#@#7#s lit</phrase>
</ptxt>
</item>
<item>
<ptxt>
<phrase category="" id="KC07845302" phrase-urn="urn:x-nevis:phrase:0800c8af81c220f6">SRS warning mes#@#@#10#ayed.</phrase>
</ptxt>
</item>
</list1>
</condition>
</condgrp>
</diagnostic>
</servinfosub>