<?xml version="1.0" encoding="UTF-8"?><servinfosub IE-ID="en-US0900c8af80910a1f" docno="VCC-105481" id="KC02480178" xml:lang="en-US">
<title>
<phrase category="" id="KC09319981" phrase-urn="urn:x-nevis:phrase:0800c8af826e2c05">Reading off dia#@#@#23#DTCs)</phrase>
</title>
<diagnostic j2008use="1" paperuse="1" screenuse="1" type="test">
<testgrp IE-ID="en-US0900c8af80910a1f_KC02608019" id="KC02608019" j2008use="1" paperuse="1" resumable="1" screenuse="1" testgrp-id="conditions" x="120" y="120">
<title>
<phrase category="" id="KC09319982" phrase-urn="urn:x-nevis:phrase:0800c8af826e2c06">Preparations</phrase>
</title>
<node>
<test1>
<test2>
<para>
<ptxt>
<phrase category="" id="KC09319983" phrase-urn="urn:x-nevis:phrase:0800c8af826e2c07">The power seat #@#@#57#tion.</phrase>
</ptxt>
</para>
<para>
<ptxt>
<phrase category="" id="KC09319984" phrase-urn="urn:x-nevis:phrase:0800c8af826e2c08">Only the power #@#@#48#ions.</phrase>
</ptxt>
</para>
</test2>
</test1>
<question>
Does the left-#@#@#42#ion?
</question>
<resact-grp>
<result button="yes" comp="button" highlight="0"/>
<action j2008use="1" paperuse="1" screenuse="1">
<ptxt>
<xref>
<ref id="KC09319986"/>
</xref>
</ptxt>
</action>
</resact-grp>
<resact-grp>
<result button="no" comp="button" highlight="0"/>
<action j2008use="1" paperuse="1" screenuse="1">
<return value="FAULT FOUND"/>
</action>
</resact-grp>
</node>
</testgrp>
<testgrp id="KC02608020" j2008use="1" paperuse="1" resumable="1" screenuse="1" testgrp-id="readdtc" x="120" y="200">
<title>
<phrase category="" id="KC09319987" phrase-urn="urn:x-nevis:phrase:0800c8af826e2c0a">Reading off dia#@#@#43#left </phrase>
</title>
<node>
<test1>
<diaglist>
<dgraphic>
<dgraphic1>
<graphic id="KC09319988">
<href>0900c8af80054d5#@#@#9#.jpeg</href>
</graphic>
</dgraphic1>
</dgraphic>
<ditem>
<ptxt>
<phrase category="" id="KC09319989" phrase-urn="urn:x-nevis:phrase:0800c8af826e2c0b">Ignition on.</phrase>
</ptxt>
</ditem>
</diaglist>
<test2>
<ptxt>
<phrase category="" id="KC09319990" phrase-urn="urn:x-nevis:phrase:0800c8af826e2c0e">Read off diagno#@#@#56#mbol.</phrase>
</ptxt>
<diaglist>
<dgraphic>
<dgraphic2>
<graphic id="KC09319991">
<href>0900c8af86c8681#@#@#9#.jpeg</href>
</graphic>
<smarttool active="press" id="KC09319992" toolname="XPSLAE02"/>
</dgraphic2>
</dgraphic>
<ditem>
<ditemtext>
<ptxt>
<phrase category="" id="KC09319993" phrase-urn="urn:x-nevis:phrase:0800c8af826e2c0f"/>
</ptxt>
</ditemtext>
</ditem>
</diaglist>
</test2>
</test1>
<question/>
<resact-grp>
<result comp="numeric" highlight="0" op="eq" return="0"/>
<action j2008use="1" paperuse="1" screenuse="1">
<return value="FAULT FOUND"/>
</action>
</resact-grp>
<resact-grp>
<result comp="numeric" highlight="0" op="lt" return="0"/>
<action j2008use="1" paperuse="1" screenuse="1">
<ptxt>
<xref>
<ref id="KC09319995"/>
</xref>
</ptxt>
</action>
</resact-grp>
<resact-grp>
<result comp="numeric" highlight="0" op="gt" return="0"/>
<action j2008use="1" paperuse="1" screenuse="1">
<ptxt>
<xref>
<ref id="KC09319996"/>
</xref>
</ptxt>
</action>
</resact-grp>
</node>
</testgrp>
<testgrp id="KC02608021" j2008use="1" paperuse="1" resumable="1" screenuse="1" testgrp-id="text-1--7" x="120" y="280">
<title>
<phrase category="" id="KC09319997" phrase-urn="urn:x-nevis:phrase:0800c8af826e2c11">Communication fault</phrase>
</title>
<subcalloutnode>
<diagcallout>
<xref>
<ref id="KC09319998"/>
</xref>
</diagcallout>
<rescall-grp>
<result comp="string" highlight="0" op="eq" return="1"/>
<calloutaction>
<ptxt>
<xref>
<ref id="KC09319999"/>
</xref>
</ptxt>
</calloutaction>
</rescall-grp>
<rescall-grp>
<result comp="string" highlight="0" op="eq" return="2"/>
<calloutaction>
<ptxt>
<xref>
<ref id="KC09320000"/>
</xref>
</ptxt>
</calloutaction>
</rescall-grp>
<rescall-grp>
<result comp="string" highlight="0" op="eq" return="3"/>
<calloutaction>
<return value="FAILED"/>
</calloutaction>
</rescall-grp>
</subcalloutnode>
</testgrp>
<testgrp id="KC02608022" j2008use="1" paperuse="1" resumable="1" screenuse="1" testgrp-id="comminfo" x="120" y="440">
<title>
<phrase category="" id="KC09320001" phrase-urn="urn:x-nevis:phrase:0800c8af826e2c12">Fault-tracing i#@#@#5#ation</phrase>
</title>
<subcalloutnode>
<diagcallout>
<xref>
<ref id="KC09320002"/>
</xref>
</diagcallout>
<rescall-grp>
<result comp="string" highlight="0" op="eq" return="YES"/>
<calloutaction>
<ptxt>
<xref>
<ref id="KC09320003"/>
</xref>
</ptxt>
</calloutaction>
</rescall-grp>
<rescall-grp>
<result comp="string" highlight="0" op="eq" return="NO"/>
<calloutaction>
<return value="FAILED"/>
</calloutaction>
</rescall-grp>
</subcalloutnode>
</testgrp>
<testgrp id="KC02608023" j2008use="1" paperuse="1" resumable="1" screenuse="1" testgrp-id="com" x="120" y="360">
<title>
<phrase category="" id="KC09320004" phrase-urn="urn:x-nevis:phrase:0800c8af826e2c13">Checking commun#@#@#11#blems</phrase>
</title>
<subcalloutnode>
<diagcallout>
<xref>
<ref id="KC09320005"/>
</xref>
</diagcallout>
<rescall-grp>
<result comp="string" highlight="0" op="eq" return="FAULT FOUND"/>
<calloutaction>
<ptxt>
<xref>
<ref id="KC09320006"/>
</xref>
</ptxt>
</calloutaction>
</rescall-grp>
</subcalloutnode>
</testgrp>
</diagnostic>
</servinfosub>