<?xml version="1.0" encoding="UTF-8"?><servinfosub IE-ID="en-US0900c8af86f6ca1f" docno="VCC-370347" id="nev13712821n1" original="sv-SE" servinfosubId="nev13712822n1-nev24128557n1" servinfosubRes="0900c8af87226910" servinfosubRes2="urn:x-nevis:fragment:0900c8af86f6ca1f:0900c8af87226910#nev24128557n1" xml:lang="en-US">
<operationnumbers>
<operationnumber>26361-2</operationnumber>
</operationnumbers>
<title id="nev13712818n64">Engine cooling fan</title>
<procedure id="nev13712822n1-nev24669653n2">
<stepgrp boilerplate="false" context="" id="nev13712822n1-nev24670365n68">
<title id="nev13712822n1-nev24669653n4">Removal</title>
<procstep id="nev13712822n1-nev24669653n5">
<note id="nev13712822n1-nev24669653n7">
<ptxt>Removal steps i#@#@#45#ails.</ptxt>
</note>
</procstep>
<procstep id="nev13712822n1-nev24669653n8">
<grate id="nev13712822n1-nev24670365n66">
<graphic id="nev13712822n1-nev24670365n67">
<href>0900c8af871b01b#@#@#9#.jpeg</href>
</graphic>
<graphtext id="nev13712822n1-nev24670668n1">
<para id="nev13712822n1-nev24670365n64">
<ptxt id="nev13712822n1-nev24670365n65">Remove the clips.</ptxt>
</para>
<para id="nev13712822n1-nev24670365n62">
<ptxt id="nev13712822n1-nev24670365n63">Remove the mark#@#@#13#ails.</ptxt>
</para>
<para id="nev13712822n1-nev24670365n60">
<ptxt id="nev13712822n1-nev24670365n61">Repeat the step#@#@#28#side.</ptxt>
</para>
</graphtext>
</grate>
</procstep>
<procstep id="nev13712822n1-nev24670365n59">
<grate id="nev13712822n1-nev24670365n57">
<graphic id="nev13712822n1-nev24670365n58">
<href>0900c8af871b054#@#@#9#.jpeg</href>
</graphic>
<graphtext id="nev13712822n1-nev24670672n1">
<para id="nev13712822n1-nev24670365n55">
<ptxt id="nev13712822n1-nev24670365n56">Remove the clip.</ptxt>
</para>
<para id="nev13712822n1-nev24670365n53">
<ptxt id="nev13712822n1-nev24670365n54">Remove the mark#@#@#3#part.</ptxt>
</para>
</graphtext>
</grate>
</procstep>
<procstep id="nev13712822n1-nev24669654n8">
<grate id="nev13712822n1-nev24670365n51">
<graphic id="nev13712822n1-nev24670365n52">
<href>0900c8af8665b41#@#@#9#.jpeg</href>
</graphic>
<graphtext id="nev13712822n1-nev24670676n1">
<para id="nev13712822n1-nev24670365n49">
<ptxt id="nev13712822n1-nev24670365n50">Remove the screws.</ptxt>
</para>
<para id="nev13712822n1-nev24670365n47">
<ptxt id="nev13712822n1-nev24670365n48">On both sides.</ptxt>
</para>
<para id="nev13712822n1-nev24670365n45">
<ptxt id="nev13712822n1-nev24670365n46">
<torque id="nev13712822n1-nev24669655n10">
<ref id="nev13712822n1-nev24669656n1"/>
</torque>
</ptxt>
</para>
<para id="nev13712822n1-nev24670365n43">
<ptxt id="nev13712822n1-nev24670365n44">Remove the mark#@#@#3#part.</ptxt>
</para>
</graphtext>
</grate>
</procstep>
<procstep id="nev13712822n1-nev24669656n5">
<para id="nev13712822n1-nev24670365n41">
<ptxt id="nev13712822n1-nev24670365n42">Remove the air #@#@#9#using<xref boilerplate="true" id="nev13712822n1-nev24669656n9">
<ref id="nev13712822n1-nev24669656n10"/>
</xref>
</ptxt>
</para>
</procstep>
<procstep id="nev13712822n1-nev24669657n1">
<grate id="nev13712822n1-nev24670365n39">
<graphic id="nev13712822n1-nev24670365n40">
<href>0900c8af8665b07#@#@#9#.jpeg</href>
</graphic>
<graphtext id="nev13712822n1-nev24670686n1">
<para id="nev13712822n1-nev24670365n37">
<ptxt id="nev13712822n1-nev24670365n38">Remove the screws.</ptxt>
</para>
<para id="nev13712822n1-nev24670365n35">
<ptxt id="nev13712822n1-nev24670365n36">
<torque id="nev13712822n1-nev24669657n10">
<ref id="nev13712822n1-nev24669658n1"/>
</torque>
</ptxt>
</para>
</graphtext>
</grate>
</procstep>
<procstep id="nev13712822n1-nev24669658n2">
<grate id="nev13712822n1-nev24670365n33">
<graphic id="nev13712822n1-nev24670365n34">
<href>0900c8af866baf8#@#@#9#.jpeg</href>
</graphic>
<graphtext id="nev13712822n1-nev24670693n1">
<para id="nev13712822n1-nev24670365n31">
<ptxt id="nev13712822n1-nev24670365n32">Remove the mark#@#@#3#part.</ptxt>
</para>
</graphtext>
</grate>
</procstep>
<procstep id="nev13712822n1-nev24669658n9">
<grate id="nev13712822n1-nev24670365n29">
<graphic id="nev13712822n1-nev24670365n30">
<href>0900c8af8665b5a#@#@#9#.jpeg</href>
</graphic>
<graphtext id="nev13712822n1-nev24670697n1">
<para id="nev13712822n1-nev24670365n27">
<ptxt id="nev13712822n1-nev24670365n28">Remove the screws.</ptxt>
</para>
<para id="nev13712822n1-nev24670365n25">
<ptxt id="nev13712822n1-nev24670365n26">
<torque id="nev13712822n1-nev24669659n8">
<ref id="nev13712822n1-nev24669659n9"/>
</torque>
</ptxt>
</para>
<para id="nev13712822n1-nev24670365n23">
<ptxt id="nev13712822n1-nev24670365n24">On both sides.</ptxt>
</para>
<para id="nev13712822n1-nev24670365n21">
<ptxt id="nev13712822n1-nev24670365n22">Remove the mark#@#@#3#part.</ptxt>
</para>
</graphtext>
</grate>
</procstep>
<procstep id="nev13712822n1-nev24669660n6">
<grate id="nev13712822n1-nev24670365n19">
<graphic id="nev13712822n1-nev24670365n20">
<href>0900c8af866bb7b#@#@#9#.jpeg</href>
</graphic>
<graphtext id="nev13712822n1-nev24670704n1">
<para id="nev13712822n1-nev24670365n17">
<ptxt id="nev13712822n1-nev24670365n18">Remove the mark#@#@#3#part.</ptxt>
</para>
</graphtext>
</grate>
</procstep>
<procstep id="nev13712822n1-nev24669661n3">
<grate id="nev13712822n1-nev24670365n15">
<graphic id="nev13712822n1-nev24670365n16">
<href>0900c8af866bae2#@#@#9#.jpeg</href>
</graphic>
<graphtext id="nev13712822n1-nev24670708n1">
<para id="nev13712822n1-nev24670365n13">
<ptxt id="nev13712822n1-nev24670365n14">Disconnect the #@#@#5#ctor.</ptxt>
</para>
<para id="nev13712822n1-nev24670365n11">
<ptxt id="nev13712822n1-nev24670365n12">Remove the cabl#@#@#11#lips.</ptxt>
</para>
</graphtext>
</grate>
</procstep>
<procstep id="nev13712822n1-nev24669662n10">
<grate id="nev13712822n1-nev24670365n9">
<graphic id="nev13712822n1-nev24670365n10">
<href>0900c8af86a7130#@#@#9#.jpeg</href>
</graphic>
<graphtext id="nev13712822n1-nev24670712n1">
<para id="nev13712822n1-nev24670365n7">
<ptxt id="nev13712822n1-nev24670365n8">Remove the mark#@#@#3#part.</ptxt>
</para>
</graphtext>
</grate>
</procstep>
<procstep id="nev13712822n1-nev24669663n7">
<grate id="nev13712822n1-nev24670365n5">
<graphic id="nev13712822n1-nev24670365n6">
<href>0900c8af8665b32#@#@#9#.jpeg</href>
</graphic>
<graphtext id="nev13712822n1-nev24670716n1">
<para id="nev13712822n1-nev24670365n3">
<ptxt id="nev13712822n1-nev24670365n4">Remove the cabl#@#@#11#lips.</ptxt>
</para>
</graphtext>
</grate>
</procstep>
<procstep id="nev13712822n1-nev24669664n4">
<grate id="nev13712822n1-nev24670365n1">
<graphic id="nev13712822n1-nev24670365n2">
<href>0900c8af866bb3b#@#@#9#.jpeg</href>
</graphic>
<graphtext id="nev13712822n1-nev24670720n1">
<para id="nev13712822n1-nev24670664n99">
<ptxt id="nev13712822n1-nev24670664n100">Release the lock.</ptxt>
</para>
</graphtext>
</grate>
</procstep>
<procstep id="nev13712822n1-nev24669664n7">
<grate id="nev13712822n1-nev24670664n97">
<graphic id="nev13712822n1-nev24670664n98">
<href>0900c8af866bb3b#@#@#9#.jpeg</href>
</graphic>
<graphtext id="nev13712822n1-nev24670724n1">
<hint id="nev13712822n1-nev24669665n2">
<ptxt>It may be neces#@#@#31#nent.</ptxt>
</hint>
</graphtext>
</grate>
</procstep>
</stepgrp>
<stepgrp boilerplate="false" context="" id="nev13712822n1-nev24670664n96">
<title id="nev13712822n1-nev24669665n4">Installation</title>
<procstep id="nev13712822n1-nev24669665n5">
<para id="nev13712822n1-nev24670664n94">
<ptxt id="nev13712822n1-nev24670664n95">To install, rev#@#@#22#dure.</ptxt>
</para>
</procstep>
</stepgrp>
</procedure>
</servinfosub>