<?xml version="1.0" encoding="UTF-8"?><servinfosub IE-ID="en-US0900c8af808e7a1f" docno="VCC-111167" id="KC01677685" xml:lang="en-US">
<title>Side impact sensors</title>
<procedure>
<stepgrp>
<procstep id="KC02408101">
<title>Removing side i#@#@#7#ensor</title>
<grate>
<graphic id="KC08677853">
<href>0900c8af803f811#@#@#9#.jpeg</href>
</graphic>
<graphtext>
<list1 enumtype="d" type="unordered">
<title>Remove:</title>
<item>
<ptxt>rear side panel#@#@#9#g to <xref>
<ref id="KC08677854"/>
</xref>.
</ptxt>
</item>
<item>
<ptxt>connector. Care#@#@#36#rds.
</ptxt>
</item>
<item>
<ptxt>two screws for #@#@#6#nsor.</ptxt>
</item>
</list1>
</graphtext>
</grate>
</procstep>
<procstep id="KC02408102">
<title>Install:</title>
<para>
<ptxt>In reverse order.</ptxt>
<ptxt>Ensure that the#@#@#30#tor.
</ptxt>
</para>
</procstep>
</stepgrp>
</procedure>
</servinfosub>