<?xml version="1.0" encoding="UTF-8"?><diagnostic IE-ID="en-US0900c8af805dba1f" docno="VCC-064745" id="KC02154615" type="test" xml:lang="en-US">
<title>
<phrase category="" id="KC08455809" phrase-urn="urn:x-nevis:phrase:0800c8af81dc8e41">Verification</phrase>
</title>
<testgrp IE-ID="en-US0900c8af805dba1f_KC02154616" id="KC02154616" j2008use="1" paperuse="1" resumable="1" screenuse="1" testgrp-id="ver221" x="280" y="120">
<title>
<phrase category="" id="KC08455810" phrase-urn="urn:x-nevis:phrase:0800c8af81dc8e42">Verification</phrase>
</title>
<node>
<test1>
<hint>
<ptxt>
<phrase category="" id="KC08455811" phrase-urn="urn:x-nevis:phrase:0800c8af81dc8e43">After carrying #@#@#49#died.</phrase>
</ptxt>
</hint>
<diaglist>
<dgraphic>
<dgraphic1>
<graphic id="KC08455812">
<href>0900c8af80054d3#@#@#9#.jpeg</href>
</graphic>
</dgraphic1>
<dgraphic2>
<graphic id="KC08455813">
<href>0900c8af80054d7#@#@#9#.jpeg</href>
</graphic>
</dgraphic2>
<dgraphic3>
<graphic id="KC08455814">
<href>0900c8af80054cc#@#@#9#.jpeg</href>
</graphic>
</dgraphic3>
</dgraphic>
<ditem>
<ptxt>
<phrase category="" id="KC08455815" phrase-urn="urn:x-nevis:phrase:0800c8af81dc8e44">Ignition off.</phrase>
</ptxt>
</ditem>
<ditem>
<ptxt>
<phrase category="" id="KC08455816" phrase-urn="urn:x-nevis:phrase:0800c8af81dc8e45">Reinstall conne#@#@#17# etc.</phrase>
</ptxt>
</ditem>
<ditem>
<ptxt>
<phrase category="" id="KC08455817" phrase-urn="urn:x-nevis:phrase:0800c8af81dc8e46">Start engine.</phrase>
</ptxt>
</ditem>
<ditem>
<ptxt>
<phrase category="" id="KC08455818" phrase-urn="urn:x-nevis:phrase:0800c8af81dc8e47">Test drive the #@#@#85#eels.</phrase>
</ptxt>
<warning>
<ptxt>
<phrase category="" id="KC08455819" phrase-urn="urn:x-nevis:phrase:0800c8af81dc8e48">Test drive cars#@#@#94#eels.</phrase>
</ptxt>
</warning>
<note>
<ptxt>
<phrase category="" id="KC08455820" phrase-urn="urn:x-nevis:phrase:0800c8af81dc8e49">When the rear w#@#@#198#ing. </phrase>
</ptxt>
</note>
<note>
<ptxt>
<phrase category="" id="KC08455821" phrase-urn="urn:x-nevis:phrase:0800c8af81dc8e4a">Ensure that the#@#@#58#oved.</phrase>
</ptxt>
</note>
</ditem>
<ditem>
<ptxt>
<phrase category="" id="KC08455822" phrase-urn="urn:x-nevis:phrase:0800c8af81dc8e4b">Go into scrolli#@#@#5#lues.</phrase>
</ptxt>
</ditem>
<ditem>
<ptxt>
<phrase category="" id="KC08455823" phrase-urn="urn:x-nevis:phrase:0800c8af81dc8e4c">Read off speed.</phrase>
</ptxt>
</ditem>
</diaglist>
<test2>
<diaglist>
<dgraphic>
<dgraphic2>
<graphic id="KC08455824">
<href>0900c8af8005433#@#@#9#.jpeg</href>
</graphic>
<smarttool active="press" id="KC08455825" toolname="ECI4A506"/>
</dgraphic2>
</dgraphic>
<ditem>
<ditemtext>
<ptxt>
<phrase category="" id="KC08455826" phrase-urn="urn:x-nevis:phrase:0800c8af81dc8e4d"/>
</ptxt>
</ditemtext>
</ditem>
<ditem>
<ditemtext>
<ptxt>
<phrase category="" id="KC08455827" phrase-urn="urn:x-nevis:phrase:0800c8af81dc8e4e"/>
</ptxt>
</ditemtext>
</ditem>
</diaglist>
<grate>
<graphic id="KC08455828">
<href>0900c8af80056c6#@#@#9#.jpeg</href>
</graphic>
</grate>
</test2>
</test1>
<question>Is the speed di#@#@#30#ange?</question>
<resact-grp>
<result button="yes" comp="button" highlight="0"/>
<action j2008use="1" paperuse="1" screenuse="1">
<return value="VERIFIED"/>
</action>
</resact-grp>
<resact-grp>
<result button="no" comp="button" highlight="0"/>
<action j2008use="1" paperuse="1" screenuse="1">
<return value="VERIFICATION FAILED"/>
</action>
</resact-grp>
</node>
</testgrp>
</diagnostic>