<?xml version="1.0" encoding="UTF-8"?><servinfosub IE-ID="en-US0900c8af800d3a1f" docno="VCC-095243" id="KC01168941" xml:lang="en-US">
<title>
<phrase category="" id="KC09283016" phrase-urn="urn:x-nevis:phrase:0800c8af826d2011">Signal too high#@#@#15#fault</phrase>
</title>
<diagnostic j2008use="1" paperuse="1" screenuse="1" type="test">
<testgrp IE-ID="en-US0900c8af800d3a1f_KC01168942" id="KC01168942" j2008use="1" paperuse="1" resumable="1" screenuse="1" testgrp-id="node1" x="120" y="80">
<title>
<phrase category="" id="KC09283017" phrase-urn="urn:x-nevis:phrase:0800c8af826d2012">Checking wiring#@#@#10#ctors</phrase>
</title>
<node>
<test1>
<test2>
<para>
<ptxt>
<phrase category="" id="KC09283018" phrase-urn="urn:x-nevis:phrase:0800c8af826d2013">Check the signa#@#@#159#und. </phrase>
</ptxt>
</para>
<list1 enumtype="d" type="unordered">
<title>
<phrase category="" id="KC09283019" phrase-urn="urn:x-nevis:phrase:0800c8af826d2014">Other information</phrase>
</title>
<item>
<ptxt>
<phrase category="" id="KC09283020" phrase-urn="urn:x-nevis:phrase:0800c8af826d2015">To connect the #@#@#41# see <xref>
<ref id="KC09283021"/>
</xref>
</phrase>
</ptxt>
</item>
<item>
<ptxt>
<phrase category="" id="KC09283022" phrase-urn="urn:x-nevis:phrase:0800c8af826d2016">To access or re#@#@#46# see <xref>
<ref id="KC09283023"/>
</xref>
</phrase>
</ptxt>
</item>
<item>
<ptxt>
<phrase category="" id="KC09283024" phrase-urn="urn:x-nevis:phrase:0800c8af826d2017">For information#@#@#37# see <xref>
<ref id="KC09283025"/>
</xref>
</phrase>
</ptxt>
</item>
<item>
<ptxt>
<phrase category="" id="KC09283026" phrase-urn="urn:x-nevis:phrase:0800c8af826d2018">For information#@#@#37# see <xref>
<ref id="KC09283027"/>
</xref>
</phrase>
</ptxt>
</item>
<item>
<ptxt>
<phrase category="" id="KC09283028" phrase-urn="urn:x-nevis:phrase:0800c8af826d2019">
<xref>
<ref id="KC09283029"/>
</xref>.</phrase>
</ptxt>
</item>
</list1>
<diaglist>
<dgraphic>
<dgraphic1>
<graphic id="KC09283030">
<href>0900c8af80058a0#@#@#9#.jpeg</href>
</graphic>
</dgraphic1>
<dgraphic2>
<graphic id="KC09283031">
<href>0900c8af80054d4#@#@#9#.jpeg</href>
</graphic>
<smarttool active="press" id="KC09283032" toolname="ODAH"/>
</dgraphic2>
</dgraphic>
<ditem>
<ditemtext>
<ptxt>
<phrase category="" id="KC09283033" phrase-urn="urn:x-nevis:phrase:0800c8af826d201a"/>
</ptxt>
</ditemtext>
</ditem>
</diaglist>
<grate>
<graphic id="KC09283034">
<href>0900c8af8005787#@#@#9#.jpeg</href>
</graphic>
</grate>
</test2>
</test1>
<question>
Select Continue.
</question>
<resact-grp>
<result button="cont" comp="button" highlight="0"/>
<action j2008use="1" paperuse="1" screenuse="1">
<ptxt>
<xref>
<ref id="KC09283036"/>
</xref>
</ptxt>
</action>
</resact-grp>
</node>
</testgrp>
<testgrp id="KC01168943" j2008use="1" paperuse="1" resumable="1" screenuse="1" testgrp-id="info2" x="320" y="80">
<title>
<phrase category="" id="KC09283037" phrase-urn="urn:x-nevis:phrase:0800c8af826d201c">Fault-tracing i#@#@#5#ation</phrase>
</title>
<subcalloutnode>
<diagcallout>
<xref>
<ref id="KC09283038"/>
</xref>
</diagcallout>
<rescall-grp>
<result comp="string" highlight="0" op="eq" return="NEW TRY"/>
<calloutaction>
<ptxt>
<xref>
<ref id="KC09283039"/>
</xref>
</ptxt>
</calloutaction>
</rescall-grp>
<rescall-grp>
<result comp="string" highlight="0" op="eq" return="FAULT FOUND"/>
<calloutaction>
<return value="DONE"/>
</calloutaction>
</rescall-grp>
</subcalloutnode>
</testgrp>
</diagnostic>
</servinfosub>