<?xml version="1.0" encoding="UTF-8"?><servinfosub IE-ID="en-US0900c8af85b03500" docno="VCC-371118" id="nev13718098n1" original="sv-SE" servinfosubId="nev13718099n1-nev16475255n1" servinfosubRes="0900c8af85b26ed3" servinfosubRes2="urn:x-nevis:fragment:0900c8af85b03500:0900c8af85b26ed3#nev16475255n1" xml:lang="en-US">
<operationnumbers>
<operationnumber>85211-2</operationnumber>
</operationnumbers>
<title id="nev13718097n53">Side panel fron#@#@#1# seat</title>
<procedure id="nev13718099n1-nev18466371n87">
<stepgrp boilerplate="false" context="" id="nev13718099n1-nev18495089n41">
<title id="nev13718099n1-0800c8af844a46f6">Removal</title>
<procstep id="nev13718099n1-nev18466780n16">
<title id="nev13718099n1-0800c8af84ccc415">Vehicles withou#@#@#8#seats</title>
</procstep>
<procstep id="nev13718099n1-nev18466524n37">
<grate id="nev13718099n1-nev18466524n35">
<graphic id="nev13718099n1-nev18466524n36">
<href>0900c8af8342429#@#@#9#.jpeg</href>
</graphic>
</grate>
</procstep>
<procstep id="nev13718099n1-nev18466524n34">
<grate id="nev13718099n1-nev18466524n32">
<graphic id="nev13718099n1-nev18466524n33">
<href>0900c8af834242b#@#@#9#.jpeg</href>
</graphic>
</grate>
</procstep>
<procstep id="nev13718099n1-nev18466780n14">
<title id="nev13718099n1-0800c8af844a4208">Vehicles with p#@#@#5#seats</title>
</procstep>
<procstep id="nev13718099n1-nev18466524n31">
<grate id="nev13718099n1-nev18466524n29">
<graphic id="nev13718099n1-nev18466524n30">
<href>0900c8af834242b#@#@#9#.jpeg</href>
</graphic>
</grate>
</procstep>
<procstep id="nev13718099n1-nev18466524n28">
<grate id="nev13718099n1-nev18466524n26">
<graphic id="nev13718099n1-nev18466524n27">
<href>0900c8af834242c#@#@#9#.jpeg</href>
</graphic>
<graphtext id="nev13718099n1-nev18495103n1">
<caution id="nev13718099n1-0800c8af8456c459">
<ptxt>The number of c#@#@#76#tion.</ptxt>
</caution>
</graphtext>
</grate>
</procstep>
<procstep id="nev13718099n1-nev18466780n12">
<para id="nev13718099n1-nev18495089n39">
<ptxt id="nev13718099n1-nev18495089n40">Remove control #@#@#12# seat<xref boilerplate="true" id="nev13718099n1-0800c8af85b0363c">
<ref id="nev13718099n1-nev18466780n9"/>
</xref>
</ptxt>
</para>
</procstep>
<procstep id="nev13718099n1-nev18472140n82">
<title id="nev13718099n1-nev18495089n38">Vehicles with b#@#@#20#ction</title>
</procstep>
<procstep id="nev13718099n1-nev18472140n81">
<grate id="nev13718099n1-nev18472140n79">
<graphic id="nev13718099n1-nev18472140n80">
<href>0900c8af85b04c1#@#@#9#.jpeg</href>
</graphic>
</grate>
</procstep>
</stepgrp>
<stepgrp boilerplate="false" context="" id="nev13718099n1-nev18495089n37">
<title id="nev13718099n1-0800c8af844a46f9">Installation</title>
<procstep id="nev13718099n1-nev18466524n19">
<para id="nev13718099n1-nev18495089n35">
<ptxt id="nev13718099n1-nev18495089n36">To install, rev#@#@#22#dure.</ptxt>
</para>
</procstep>
</stepgrp>
</procedure>
</servinfosub>