<?xml version="1.0" encoding="UTF-8"?><servinfosub IE-ID="en-US0900c8af8627a500" docno="VCC-371293" id="nev13719191n1" original="sv-SE" servinfosubId="nev13719192n1-nev13751340n1" servinfosubRes="0900c8af8627a520" servinfosubRes2="urn:x-nevis:fragment:0900c8af8627a500:0900c8af8627a520#nev13751340n1" xml:lang="en-US">
<operationnumbers>
<operationnumber>88451-2</operationnumber>
</operationnumbers>
<title id="nev13719190n5">Inflatable curtain</title>
<procedure id="nev13719192n1-nev13767828n11">
<stepgrp boilerplate="false" context="" id="nev13719192n1-nev20647914n8">
<title id="nev13719192n1-nev13829924n59">Removal</title>
<procstep id="nev13719192n1-nev13769646n93">
<note id="nev13719192n1-nev13829924n58">
<ptxt>Removal steps i#@#@#45#ails.</ptxt>
</note>
</procstep>
<procstep id="nev13719192n1-nev20647914n7">
<para id="nev13719192n1-nev20647914n3">
<ptxt id="nev13719192n1-nev20647914n5">Remove the head#@#@#1#ining<xref boilerplate="true" id="nev13719192n1-nev20647914n6">
<ref id="nev13719192n1-nev20647914n4"/>
</xref>
</ptxt>
</para>
</procstep>
<procstep id="nev13719192n1-nev13768715n28">
<grate id="nev13719192n1-nev20647914n1">
<graphic id="nev13719192n1-nev20647914n2">
<href>0900c8af8452a22#@#@#9#.jpeg</href>
</graphic>
</grate>
</procstep>
<procstep id="nev13719192n1-nev13769473n36">
<para id="nev13719192n1-nev20648827n99">
<ptxt id="nev13719192n1-nev20648827n100">Battery, discon#@#@#2#ction<xref boilerplate="true" id="nev13719192n1-nev13829924n52">
<ref id="nev13719192n1-nev13769499n51"/>
</xref>
</ptxt>
</para>
</procstep>
<procstep id="nev13719192n1-nev13769496n70">
<para id="nev13719192n1-nev20648827n97">
<ptxt id="nev13719192n1-nev20648827n98">See information#@#@#54#parts<xref boilerplate="true" id="nev13719192n1-nev13829924n49">
<ref id="nev13719192n1-nev13769499n46"/>
</xref>
</ptxt>
</para>
</procstep>
<procstep id="nev13719192n1-nev13769496n29">
<grate id="nev13719192n1-nev20648827n95">
<graphic id="nev13719192n1-nev20648827n96">
<href>0900c8af8452a23#@#@#9#.jpeg</href>
</graphic>
<graphtext id="nev13719192n1-nev20648844n1">
<para id="nev13719192n1-nev20648827n93">
<ptxt id="nev13719192n1-nev20648827n94">
<torque id="nev13719192n1-nev13769499n41">
<ref id="nev13719192n1-nev13769499n39"/>
</torque>
</ptxt>
</para>
</graphtext>
</grate>
</procstep>
</stepgrp>
<stepgrp boilerplate="false" context="" id="nev13719192n1-nev20648827n92">
<title id="nev13719192n1-nev13829924n45">Installation</title>
<procstep id="nev13719192n1-nev13769499n95">
<para id="nev13719192n1-nev20648827n90">
<ptxt id="nev13719192n1-nev20648827n91">To install, rev#@#@#22#dure.</ptxt>
</para>
</procstep>
<procstep id="nev13719192n1-nev13797718n79">
<grate id="nev13719192n1-nev20648827n88">
<graphic id="nev13719192n1-nev20648827n89">
<href>0900c8af8456c19#@#@#9#.jpeg</href>
</graphic>
</grate>
</procstep>
<procstep id="nev13719192n1-nev13769499n32">
<para id="nev13719192n1-nev20648827n86">
<ptxt id="nev13719192n1-nev20648827n87">Perform supplem#@#@#35#check<xref boilerplate="true" id="nev13719192n1-nev13829924n39">
<ref id="nev13719192n1-nev13769647n40"/>
</xref>
</ptxt>
</para>
</procstep>
</stepgrp>
</procedure>
</servinfosub>