<?xml version="1.0" encoding="UTF-8"?><servinfosub IE-ID="en-US0900c8af83e1b500" docno="VCC-167999" id="KC09524555" xml:lang="en-US">
<title id="nev12716390n250">Installing</title>
<procedure id="nev12716390n248">
<procstep id="KC09527686">
<title id="nev12716390n246">Installing the #@#@#7#ssion</title>
<grate id="nev12716390n244">
<graphic id="KC09674058" width="column">
<href>0900c8af803f66f#@#@#9#.jpeg</href>
</graphic>
<graphtext id="nev12716390n239">
<ptxt id="nev12716390n237">Install the tra#@#@#5#sion </ptxt>
<ptxt id="nev12716390n235">Use the mobile #@#@#86#ine. </ptxt>
<ptxt id="nev12716390n233">Fit the 7 screw#@#@#59#rque <emph etype="bold" id="nev12716390n231">50 Nm</emph>.</ptxt>
<note id="nev12716390n229">
<ptxt id="nev12716390n227">When tightening#@#@#173#ning.</ptxt>
</note>
<ptxt id="nev12716390n225">Remove the fixt#@#@#36#rbox.</ptxt>
</graphtext>
</grate>
</procstep>
<procstep id="KC09369621">
<title id="nev12716390n223">Installing the #@#@#18#crews</title>
<grate id="nev12716390n221">
<graphic id="KC09674059" width="column">
<href>0900c8af8005dbb#@#@#9#.jpeg</href>
</graphic>
<graphtext id="nev12716390n216">
<note id="nev12716390n214">
<ptxt id="nev12716390n212">Use new screws,#@#@#8#50.  </ptxt>
</note>
<ptxt id="nev12716390n210">Align the torqu#@#@#159#ver.)</ptxt>
<ptxt id="nev12716390n208">Fit all 6 screw#@#@#107#ith  <emph etype="bold" id="nev12716390n206">35 Nm</emph>. Socket Torx T#@#@#46#X50).</ptxt>
<note id="nev12716390n204">
<ptxt id="nev12716390n202">Remove the sock#@#@#26#aft. </ptxt>
</note>
</graphtext>
</grate>
</procstep>
<procstep id="KC09674039">
<title id="nev12716390n200"/>
<grate id="nev12716390n198">
<graphic id="KC09674060" width="column">
<href>0900c8af803f70c#@#@#9#.jpeg</href>
</graphic>
<graphtext id="nev12716390n193">
<ptxt id="nev12716390n191">Raise the engin#@#@#14#sion </ptxt>
<ptxt id="nev12716390n189">Unscrew the lif#@#@#5#hook <toolitem id="KC09674061"/> to the previou#@#@#70#item <xref id="nev12716390n184">
<ref id="KC09674062"/>
</xref>. </ptxt>
<ptxt id="nev12716390n179">Ensure that the#@#@#77#ed.  </ptxt>
</graphtext>
</grate>
</procstep>
<procstep id="KC09674040">
<title id="nev12716390n177">Installing the #@#@#30#arbox</title>
<grate id="nev12716390n175">
<graphic id="KC09674063" width="column">
<href>0900c8af803f702#@#@#9#.jpeg</href>
</graphic>
<graphtext id="nev12716390n170">
<ptxt id="nev12716390n168">Install the mou#@#@#65#que: <emph etype="bold" id="nev12716390n166">50 Nm</emph>. Remove the fr#@#@#6#rew. </ptxt>
<ptxt id="nev12716390n164">Install the cov#@#@#31#ing. </ptxt>
<ptxt id="nev12716390n162">Press up the co#@#@#48#que: <emph etype="bold" id="nev12716390n160">50 Nm</emph>.</ptxt>
</graphtext>
</grate>
</procstep>
<procstep id="KC09674041">
<title id="nev12716390n158">Installing the #@#@#5#e pad</title>
<grate id="nev12716390n156">
<graphic id="KC09674064" width="column">
<href>0900c8af8005e65#@#@#9#.jpeg</href>
</graphic>
<graphtext id="nev12716390n151">
<ptxt id="nev12716390n149">Align the engin#@#@#60#htly.</ptxt>
<ptxt id="nev12716390n147">Install the scr#@#@#31# pad </ptxt>
<ptxt id="nev12716390n145">Do not tighten #@#@#5#crew.</ptxt>
<ptxt id="nev12716390n143">Remove the supp#@#@#4#hook <toolitem id="KC09674065"/>.</ptxt>
<ptxt id="nev12716390n138">Install:</ptxt>
<list1 enumtype="d" id="nev12716390n136" type="unordered">
<item id="nev12716390n134">
<ptxt id="nev12716390n132">The heated oxyg#@#@#38#over </ptxt>
</item>
<item id="nev12716390n130">
<ptxt id="nev12716390n128">The connector a#@#@#25#sor. </ptxt>
</item>
<item id="nev12716390n126">
<ptxt id="nev12716390n124">Ground lead on #@#@#6#arbox</ptxt>
</item>
</list1>
</graphtext>
</grate>
</procstep>
<procstep id="KC09674042">
<title id="nev12716390n122">Right-hand driv#@#@#6# only</title>
<grate id="nev12716390n120">
<graphic id="KC09674066" width="column">
<href>0900c8af8005e65#@#@#9#.jpeg</href>
</graphic>
<graphtext id="nev12716390n115">
<ptxt id="nev12716390n113">Remove the tape#@#@#56#pipe.</ptxt>
<ptxt id="nev12716390n111">Raise the frame#@#@#33#dy.  </ptxt>
<ptxt id="nev12716390n109">Aligned the ste#@#@#180#aps. </ptxt>
<ptxt id="nev12716390n107">Torque: <emph etype="bold" id="nev12716390n105">50 Nm</emph>.</ptxt>
</graphtext>
</grate>
</procstep>
<procstep id="KC09674043">
<title id="nev12716390n103">Installing the #@#@#4#frame</title>
<grate id="nev12716390n101">
<graphic id="KC09674067" width="column">
<href>0900c8af803f66f#@#@#9#.jpeg</href>
</graphic>
<graphtext id="nev12716390n96">
<note id="nev12716390n94">
<ptxt id="nev12716390n92">Use new screws #@#@#103#rame.</ptxt>
</note>
<ptxt id="nev12716390n90">Begin on the le#@#@#51#ack. </ptxt>
<ptxt id="nev12716390n88">Fit the screws #@#@#68#with <emph etype="bold" id="nev12716390n86">105 Nm + 120° </emph>, and then the #@#@#31#with <emph etype="bold" id="nev12716390n84">50 Nm</emph>. Use a protractor <toolitem id="KC09674068"/>. Move the jack#@#@#45#ure. </ptxt>
</graphtext>
</grate>
</procstep>
<procstep id="KC09674044">
<title id="nev12716390n79"/>
<grate id="nev12716390n77">
<graphic id="KC09674069" width="column">
<href>0900c8af803f70b#@#@#9#.jpeg</href>
</graphic>
<graphtext id="nev12716390n72">
<ptxt id="nev12716390n70">Remove:</ptxt>
<list1 enumtype="d" id="nev12716390n68" type="unordered">
<item id="nev12716390n66">
<ptxt id="nev12716390n64">Lifting hook, l#@#@#31#ort. </ptxt>
</item>
<item id="nev12716390n62">
<ptxt id="nev12716390n60">The lifting for#@#@#13#gine.</ptxt>
</item>
</list1>
<ptxt id="nev12716390n58">Tighten nut for#@#@#16# pad.</ptxt>
<ptxt id="nev12716390n56">Torque: <emph etype="bold" id="nev12716390n54">50 Nm</emph>.</ptxt>
</graphtext>
</grate>
</procstep>
<procstep id="KC09674045">
<title id="nev12716390n52"/>
<grate id="nev12716390n50">
<graphic id="KC09674070" width="column">
<href>0900c8af8005e64#@#@#9#.jpeg</href>
</graphic>
<graphtext id="nev12716390n45">
<ptxt id="nev12716390n43">Install:</ptxt>
<list1 enumtype="d" id="nev12716390n41" type="unordered">
<item id="nev12716390n39">
<ptxt id="nev12716390n37">The 5 steering #@#@#28#que: <emph etype="bold" id="nev12716390n35">50 Nm.</emph>
</ptxt>
</item>
<item id="nev12716390n33">
<ptxt id="nev12716390n31">The nut for the#@#@#81#que: <emph etype="bold" id="nev12716390n29">50 Nm</emph>
</ptxt>
</item>
<item id="nev12716390n27">
<ptxt id="nev12716390n25">the screw for t#@#@#32#rame.</ptxt>
</item>
</list1>
<ptxt id="nev12716390n23">Tighten the scr#@#@#43#que: <emph etype="bold" id="nev12716390n21">50 Nm.</emph>
</ptxt>
</graphtext>
</grate>
</procstep>
<procstep id="KC09674046">
<title id="nev12716390n19"/>
<grate id="nev12716390n17">
<graphic id="KC09674071" width="column">
<href>0900c8af803f701#@#@#9#.jpeg</href>
</graphic>
<graphtext id="nev12716390n12">
<ptxt id="nev12716390n10">Install:</ptxt>
<list1 enumtype="d" id="nev12716390n8" type="unordered">
<item id="nev12716390n6">
<ptxt id="nev12716390n4">Torque stay mou#@#@#27#box. </ptxt>
</item>
</list1>
<note id="nev12716390n2">
<ptxt id="nev12716391n250">Use new screws.</ptxt>
</note>
<ptxt id="nev12716391n248">Torque: Late de#@#@#5#M10, <emph etype="bold" id="nev12716391n246"> 35 Nm + 40°</emph>. Early design M8, <emph etype="bold" id="nev12716391n244">18 Nm + 90°</emph>. Use protractor <toolitem id="KC09674072"/>
</ptxt>
<list1 enumtype="d" id="nev12716391n239" type="unordered">
<item id="nev12716391n237">
<ptxt id="nev12716391n235">The screws for #@#@#34#que: <emph etype="bold" id="nev12716391n233">25 Nm</emph>.</ptxt>
</item>
</list1>
<ptxt id="nev12716391n231">Tighten the cla#@#@#19#pipe.</ptxt>
<ptxt id="nev12716391n229">Jiggle the pipe#@#@#16#ing. </ptxt>
</graphtext>
</grate>
</procstep>
<procstep id="KC09674047">
<title id="nev12716391n227">Installing the #@#@#12#shaft</title>
<grate id="nev12716391n225">
<graphic id="KC09674073" width="column">
<href>0900c8af8005dbb#@#@#9#.jpeg</href>
</graphic>
<graphtext id="nev12716391n220">
<note id="nev12716391n218">
<ptxt id="nev12716391n216">Ensure that the#@#@#74#aged.</ptxt>
</note>
<ptxt id="nev12716391n214">Install the bea#@#@#13#que: <emph etype="bold" id="nev12716391n212">25 Nm</emph>.</ptxt>
</graphtext>
</grate>
</procstep>
<procstep id="KC09674048">
<title id="nev12716391n210">Installing the #@#@#74#only)</title>
<grate id="nev12716391n208">
<graphic id="KC09674074" width="column">
<href>0900c8af8005e64#@#@#9#.jpeg</href>
</graphic>
<graphtext id="nev12716391n203">
<ptxt id="nev12716391n201">(2 screws.) Tig#@#@#13#que: <emph etype="bold" id="nev12716391n199">80 Nm</emph>.</ptxt>
</graphtext>
</grate>
</procstep>
<procstep id="KC09674049">
<title id="nev12716391n197">Installing the #@#@#11#shaft</title>
<grate id="nev12716391n195">
<graphic id="KC09674075">
<href>0900c8af80056c9#@#@#9#.jpeg</href>
</graphic>
<graphtext id="nev12716391n190">
<ptxt id="nev12716391n188">Ensure that the#@#@#54#dirt.</ptxt>
<ptxt id="nev12716391n186">Press in the dr#@#@#152#oint.</ptxt>
<note id="nev12716391n184">
<ptxt id="nev12716391n182">Ensure that the#@#@#74#aged.</ptxt>
</note>
</graphtext>
</grate>
</procstep>
<procstep id="KC09674050">
<title id="nev12716391n180"/>
<grate id="nev12716391n178">
<graphic id="KC09674076" width="column">
<href>0900c8af8005e6d#@#@#9#.jpeg</href>
</graphic>
<graphtext id="nev12716391n173">
<ptxt id="nev12716391n171">Apply metallic #@#@#68#ated.</ptxt>
<ptxt id="nev12716391n169">Fold out and tu#@#@#54#hub. </ptxt>
<ptxt id="nev12716391n167">Use holder <toolitem id="KC09674077"/> to press the c#@#@#11#down.</ptxt>
<ptxt id="nev12716391n162">Fit the drive s#@#@#14#lly. </ptxt>
<ptxt id="nev12716391n160">Early design (M#@#@#20# nut.</ptxt>
<ptxt id="nev12716391n158">Late design (M2#@#@#42# nut.</ptxt>
<ptxt id="nev12716391n156">Remove the holder. </ptxt>
<note id="nev12716391n154">
<ptxt id="nev12716391n152">Take care not t#@#@#25#boot.</ptxt>
</note>
</graphtext>
</grate>
</procstep>
<procstep id="KC09674051">
<title id="nev12716391n150"/>
<grate id="nev12716391n148">
<graphic id="KC09674078" width="column">
<href>0900c8af8005e6d#@#@#9#.jpeg</href>
</graphic>
<graphtext id="nev12716391n143">
<ptxt id="nev12716391n141">Fit to both sides: </ptxt>
<list1 enumtype="d" id="nev12716391n139" type="unordered">
<item id="nev12716391n137">
<ptxt id="nev12716391n135">Control arm/bal#@#@#42#bush <toolitem id="KC09674079"/>from the ball j#@#@#132#que: <emph etype="bold" id="nev12716391n130">50 Nm</emph>.</ptxt>
</item>
<item id="nev12716391n128">
<ptxt id="nev12716391n126">The linkage to #@#@#41#que: <emph etype="bold" id="nev12716391n124">50 Nm.</emph>
</ptxt>
</item>
</list1>
</graphtext>
</grate>
</procstep>
<procstep id="KC09674052">
<title id="nev12716391n122">Tightening, lef#@#@#12#t nut</title>
<grate id="nev12716391n120">
<graphic id="KC09674080" width="column">
<href>0900c8af8005dba#@#@#9#.jpeg</href>
</graphic>
<graphtext id="nev12716391n115">
<ptxt id="nev12716391n113">Use a counterhold <toolitem id="KC09674081"/> (4 wheel studs) or <toolitem id="KC09674082"/> (5 wheel studs#@#@#12#ctor <toolitem id="KC09674083"/>. Tighten with <emph etype="bold" id="nev12716391n102"> 120 Nm + 60°.</emph>
</ptxt>
<ptxt id="nev12716391n100">Remove the coun#@#@#3#hold.</ptxt>
<ptxt id="nev12716391n98">Lock nut, early#@#@#78#aft. </ptxt>
<ptxt id="nev12716391n96">Lock nut, late #@#@#33#king.</ptxt>
</graphtext>
</grate>
</procstep>
<procstep id="KC09674053">
<title id="nev12716391n94"/>
<grate id="nev12716391n92">
<graphic id="KC09674084" width="column">
<href>0900c8af8005e67#@#@#9#.jpeg</href>
</graphic>
<graphtext id="nev12716391n87">
<ptxt id="nev12716391n85">Install:</ptxt>
<list1 enumtype="d" id="nev12716391n83" type="unordered">
<item id="nev12716391n81">
<ptxt id="nev12716391n79">The bracket for#@#@#33#ides)</ptxt>
</item>
<item id="nev12716391n77">
<ptxt id="nev12716391n75">the ABS sensor #@#@#49#ush. </ptxt>
</item>
</list1>
<note id="nev12716391n73">
<ptxt id="nev12716391n71">Ensure that the#@#@#28#lean.</ptxt>
</note>
<ptxt id="nev12716391n69">Tighten the sen#@#@#7#rque <emph etype="bold" id="nev12716391n67">10 Nm</emph>.</ptxt>
<list1 enumtype="d" id="nev12716391n65" type="unordered">
<item id="nev12716391n63">
<ptxt id="nev12716391n61">The plastic nut#@#@#83#gn). </ptxt>
</item>
</list1>
</graphtext>
</grate>
</procstep>
<procstep id="KC09674054">
<title id="nev12716391n59"/>
<grate id="nev12716391n57">
<graphic id="KC09674085" width="column">
<href>0900c8af8005e65#@#@#9#.jpeg</href>
</graphic>
<graphtext id="nev12716391n52">
<ptxt id="nev12716391n50">Install:</ptxt>
<list1 enumtype="d" id="nev12716391n48" type="unordered">
<item id="nev12716391n46">
<ptxt id="nev12716391n44">The cable condu#@#@#16#ame. </ptxt>
</item>
<item id="nev12716391n42">
<ptxt id="nev12716391n40">The carbon filt#@#@#102#rame.</ptxt>
</item>
<item id="nev12716391n38">
<ptxt id="nev12716391n36">Casing under th#@#@#20#gn). </ptxt>
</item>
</list1>
</graphtext>
</grate>
</procstep>
<procstep id="KC09674055">
<title id="nev12716391n34"/>
<grate id="nev12716391n32">
<graphic id="KC09674086" width="column">
<href>0900c8af8005e6c#@#@#9#.jpeg</href>
</graphic>
<graphtext id="nev12716391n27">
<ptxt id="nev12716391n25">Install:</ptxt>
<list1 enumtype="d" id="nev12716391n23" type="unordered">
<item id="nev12716391n21">
<ptxt id="nev12716391n19">The front cover#@#@#137#ews  </ptxt>
</item>
<item id="nev12716391n17">
<ptxt id="nev12716391n15">The wheel. Lubr#@#@#117#que: <emph etype="bold" id="nev12716391n13">110 Nm</emph>. </ptxt>
</item>
</list1>
<note id="nev12716391n11">
<ptxt id="nev12716391n9">Also see <xref id="nev12716391n7">
<ref id="KC09674087"/>
</xref>. </ptxt>
</note>
</graphtext>
</grate>
</procstep>
<procstep id="KC09674056">
<title id="nev12716391n2"/>
<grate id="nev12716392n250">
<graphic id="KC09674088" width="column">
<href>0900c8af803f70e#@#@#9#.jpeg</href>
</graphic>
<graphtext id="nev12716392n245">
<ptxt id="nev12716392n243">Fit the screws #@#@#48#otor.</ptxt>
<note id="nev12716392n241">
<ptxt id="nev12716392n239">The cooler hose#@#@#20#gn). </ptxt>
</note>
<ptxt id="nev12716392n237">Gearbox-engine #@#@#8#que: <emph etype="bold" id="nev12716392n235">50 Nm</emph>
</ptxt>
<ptxt id="nev12716392n233">Gearbox-starter#@#@#15#que: <emph etype="bold" id="nev12716392n231">40 Nm</emph>
</ptxt>
<ptxt id="nev12716392n229">Install:</ptxt>
<list1 enumtype="d" id="nev12716392n227" type="unordered">
<item id="nev12716392n225">
<ptxt id="nev12716392n223">Cable conduit o#@#@#22#sign)</ptxt>
</item>
<item id="nev12716392n221">
<ptxt id="nev12716392n219">Heated oxygen s#@#@#39#sign)</ptxt>
</item>
<item id="nev12716392n217">
<ptxt id="nev12716392n215">Dipstick pipe w#@#@#19#que: <emph etype="bold" id="nev12716392n213">25 Nm</emph>.</ptxt>
</item>
</list1>
</graphtext>
</grate>
</procstep>
<procstep id="KC09674057">
<title id="nev12716392n211"/>
<grate id="nev12716392n209">
<graphic id="KC09674089" width="column">
<href>0900c8af803f70e#@#@#9#.jpeg</href>
</graphic>
<graphtext id="nev12716392n204">
<ptxt id="nev12716392n202">Install:</ptxt>
<list1 enumtype="d" id="nev12716392n200" type="unordered">
<item id="nev12716392n198">
<ptxt id="nev12716392n196">Clamp/clamps fo#@#@#27#lead </ptxt>
</item>
<item id="nev12716392n194">
<ptxt id="nev12716392n192">Connector to th#@#@#16#seal)</ptxt>
</item>
<item id="nev12716392n190">
<ptxt id="nev12716392n188">Oil cooler hoses</ptxt>
</item>
<item id="nev12716392n186">
<ptxt id="nev12716392n184">Air vent hose f#@#@#45#sign)</ptxt>
</item>
<item id="nev12716392n182">
<ptxt id="nev12716392n180">The hoses to th#@#@#35#nly).</ptxt>
</item>
</list1>
<para id="nev12716392n178">
<ptxt id="nev12716392n176">Adjust the gear#@#@#35#See  <xref id="nev12716392n174">
<ref id="KC09674090"/>
</xref>.</ptxt>
</para>
</graphtext>
</grate>
</procstep>
</procedure>
</servinfosub>