<?xml version="1.0" encoding="UTF-8"?><servinfosub IE-ID="en-US0900c8af8014441b" docno="VCC-139398" id="KC01173620" xml:lang="en-US">
<title>
<phrase category="" id="KC06139847" phrase-urn="urn:x-nevis:phrase:0800c8af8176caba">Faulty signal</phrase>
</title>
<diagnostic j2008use="1" paperuse="1" screenuse="1" type="test">
<testgrp IE-ID="en-US0900c8af8014441b_KC01173621" id="KC01173621" j2008use="1" paperuse="1" resumable="1" screenuse="1" testgrp-id="node1" x="120" y="120">
<title>
<phrase category="" id="KC06139848" phrase-urn="urn:x-nevis:phrase:0800c8af8176cabb">Checking the status</phrase>
</title>
<node>
<test1>
<test2>
<para>
<ptxt>
<phrase category="" id="KC06139849" phrase-urn="urn:x-nevis:phrase:0800c8af8176cabc">Check if the fa#@#@#67#beam.</phrase>
</ptxt>
</para>
<para>
<ptxt>
<phrase category="" id="KC06139850" phrase-urn="urn:x-nevis:phrase:0800c8af8176cabd">If the right xe#@#@#87#nent.</phrase>
</ptxt>
</para>
<para>
<ptxt>
<phrase category="" id="KC06139851" phrase-urn="urn:x-nevis:phrase:0800c8af8176cabe">If the right xe#@#@#134#ault.</phrase>
</ptxt>
</para>
</test2>
</test1>
<question>Is the fault pe#@#@#3#nent?</question>
<resact-grp>
<result button="yes" comp="button" highlight="0"/>
<action j2008use="1" paperuse="1" screenuse="1">
<ptxt>
<xref>
<ref id="KC06139852"/>
</xref>
</ptxt>
</action>
</resact-grp>
<resact-grp>
<result button="no" comp="button" highlight="0"/>
<action j2008use="1" paperuse="1" screenuse="1">
<ptxt>
<xref>
<ref id="KC06139853"/>
</xref>
</ptxt>
</action>
</resact-grp>
</node>
</testgrp>
<testgrp id="KC01173622" j2008use="1" paperuse="1" resumable="1" screenuse="1" testgrp-id="node2" x="120" y="200">
<title>
<phrase category="" id="KC06139854" phrase-urn="urn:x-nevis:phrase:0800c8af8176cac1">Replacing the c#@#@#3#onent</phrase>
</title>
<node>
<test1>
<test2>
<para>
<ptxt>
<phrase category="" id="KC06139855" phrase-urn="urn:x-nevis:phrase:0800c8af8176cac4">The diagnostic #@#@#85#tive.</phrase>
</ptxt>
</para>
<para>
<ptxt>
<phrase category="" id="KC06139856" phrase-urn="urn:x-nevis:phrase:0800c8af8176cac5">Replace the rig#@#@#11#sing.</phrase>
</ptxt>
</para>
<list1 enumtype="d" type="unordered">
<title>
<phrase category="" id="KC06139857" phrase-urn="urn:x-nevis:phrase:0800c8af8176cac6">Other information:</phrase>
</title>
<item>
<ptxt>
<phrase category="" id="KC06139858" phrase-urn="urn:x-nevis:phrase:0800c8af8176cac7">To replace the #@#@#13# see <xref>
<ref id="KC06139859"/>
</xref>. </phrase>
</ptxt>
</item>
</list1>
</test2>
</test1>
<question>Select Continue.</question>
<resact-grp>
<result button="cont" comp="button" highlight="0"/>
<action j2008use="1" paperuse="1" screenuse="1">
<ptxt>
<xref>
<ref id="KC06139860"/>
</xref>
</ptxt>
</action>
</resact-grp>
</node>
</testgrp>
<testgrp id="KC01173623" j2008use="1" paperuse="1" resumable="1" screenuse="1" testgrp-id="veria" x="120" y="280">
<title>
<phrase category="" id="KC06139861" phrase-urn="urn:x-nevis:phrase:0800c8af8176cac8">Verification</phrase>
</title>
<subcalloutnode>
<diagcallout>
<xref>
<ref id="KC06139862"/>
</xref>
</diagcallout>
<rescall-grp>
<result comp="string" highlight="0" op="eq" return="VERIFIED"/>
<calloutaction>
<return value="FAULT FOUND"/>
</calloutaction>
</rescall-grp>
<rescall-grp>
<result comp="string" highlight="0" op="eq" return="VERIFICATION FAILED"/>
<calloutaction>
<ptxt>
<xref>
<ref id="KC06139863"/>
</xref>
</ptxt>
</calloutaction>
</rescall-grp>
</subcalloutnode>
</testgrp>
<testgrp id="KC01173624" j2008use="1" paperuse="1" resumable="1" screenuse="1" testgrp-id="info1" x="320" y="280">
<title>
<phrase category="" id="KC06139864" phrase-urn="urn:x-nevis:phrase:0800c8af8176cacb">Fault-tracing i#@#@#5#ation</phrase>
</title>
<subcalloutnode>
<diagcallout>
<xref>
<ref id="KC06139865"/>
</xref>
</diagcallout>
<rescall-grp>
<result comp="string" highlight="0" op="eq" return="FAULTTRACING FAILED"/>
<calloutaction>
<return value="FAULTTRACING FAILED"/>
</calloutaction>
</rescall-grp>
<rescall-grp>
<result comp="string" highlight="0" op="eq" return="NEW TRY"/>
<calloutaction>
<ptxt>
<xref>
<ref id="KC06139866"/>
</xref>
</ptxt>
</calloutaction>
</rescall-grp>
</subcalloutnode>
</testgrp>
</diagnostic>
</servinfosub>