<?xml version="1.0" encoding="UTF-8"?><servinfosub IE-ID="en-US0900c8af82d1741b" docno="VCC-269454" id="nev11068381n1" xml:lang="en-US">
<title>
<phrase category="Title" id="nev11123930n1" phrase-urn="urn:x-nevis:phrase:0800c8af81eb9a54">Diagnostic trou#@#@#21#ation</phrase>
</title>
<diagnostic j2008use="1" paperuse="1" screenuse="1" type="condition">
<condgrp>
<condition type="condition">
<grate>
<graphic id="nev11068381n3">
<href>0900c8af8277530#@#@#9#.jpeg</href>
</graphic>
<graphtext>
<ptxt>
<phrase category="Condition" id="nev11068381n4" phrase-urn="urn:x-nevis:phrase:0800c8af8275b21b">Engine Control #@#@#58#gnal.</phrase>
</ptxt>
<ptxt>
<phrase category="Condition" id="nev11068381n5" phrase-urn="urn:x-nevis:phrase:0800c8af82a68acb">If the Engine C#@#@#122#ated.</phrase>
</ptxt>
<ptxt id="nev11068381n6">
<phrase category="Condition" id="nev11068381n7" phrase-urn="urn:x-nevis:phrase:0800c8af8275b078">The diagnostic #@#@#44#-off.</phrase>
</ptxt>
</graphtext>
</grate>
</condition>
</condgrp>
<condgrp>
<condition type="substitution">
<list1 enumtype="d" type="unordered">
<item>
<ptxt>
<phrase category="Substitution" id="nev11068381n8" phrase-urn="urn:x-nevis:phrase:0800c8af8275acac">Torque limitation.</phrase>
</ptxt>
</item>
</list1>
</condition>
<ps>
<list1 enumtype="d" type="unordered">
<item>
<ptxt>
<phrase category="Possible source" id="nev11068381n9" phrase-urn="urn:x-nevis:phrase:0800c8af81eb96ac">Short-circuit t#@#@#32#able.</phrase>
</ptxt>
</item>
<item id="nev11068381n10">
<ptxt id="nev11068382n1">
<phrase category="Possible source" id="nev11068382n2" phrase-urn="urn:x-nevis:phrase:0800c8af81eb94cf">Open-circuit in#@#@#12#lead.</phrase>
</ptxt>
</item>
<item>
<ptxt>
<phrase category="Possible source" id="nev11068382n3" phrase-urn="urn:x-nevis:phrase:0800c8af827363bd">Damaged turbo c#@#@#7#motor</phrase>
</ptxt>
</item>
</list1>
</ps>
</condgrp>
<condgrp>
<condition type="symptom">
<list1 enumtype="d" type="unordered">
<item id="nev11068382n4">
<ptxt id="nev11068382n5">
<phrase category="Symptom" id="nev11068382n6" phrase-urn="urn:x-nevis:phrase:0800c8af8223cd43">Poor performance</phrase>
</ptxt>
</item>
</list1>
</condition>
</condgrp>
</diagnostic>
</servinfosub>