<?xml version="1.0" encoding="UTF-8"?><script xmlns:nevis="http://www.volvocars.com/namespaces/processing" xmlns:xlink="http://www.w3.org/1999/xlink" IE-ID="en-US0900c8af81d7841b" docno="VCC-236338" id="nev10135973n1" nevis:expl-profile="mdl644yr2003, mdl644yr2002, mdl645yr2002, mdl644yr2001, mdl644yr2004, mdl645yr2004, mdl645yr2003, mdl645yr2001" nevis:profile="urn:x-nevis:profile:0b00c8af802065af urn:x-nevis:profile:0b00c8af802065b3 urn:x-nevis:profile:0b00c8af802065b8 urn:x-nevis:profile:0b00c8af802065bf urn:x-nevis:profile:0b00c8af802065c5 urn:x-nevis:profile:0b00c8af802065ca urn:x-nevis:profile:0b00c8af802065cc urn:x-nevis:profile:0b00c8af802065e4" nevis:projectdocument="urn:x-nevis:projectdocument:0800c8af81d7841a" nevis:resource="0900c8af81d7847c" nevis:resource2="urn:x-nevis:fragment:0900c8af81d7841b:0900c8af81d7847c#nev10135973n1" nevis:session-id="" qualifierinfotype="14:00" type="" xml:lang="en-US"><title>Throttle positi#@#@#8#lised</title><content gui="1" height="150" id="nev10135974n1-nev10135973n3" nevis:expl-profile="mdl644yr2003, mdl644yr2002, mdl645yr2002, mdl644yr2001, mdl644yr2004, mdl645yr2004, mdl645yr2003, mdl645yr2001" nevis:idfrom="nev10135974n1" nevis:prefix="nev10135974n1" nevis:profile="urn:x-nevis:profile:0b00c8af802065af urn:x-nevis:profile:0b00c8af802065b3 urn:x-nevis:profile:0b00c8af802065b8 urn:x-nevis:profile:0b00c8af802065bf urn:x-nevis:profile:0b00c8af802065c5 urn:x-nevis:profile:0b00c8af802065ca urn:x-nevis:profile:0b00c8af802065cc urn:x-nevis:profile:0b00c8af802065e4" nevis:resource="0900c8af81d7847e" nevis:resource2="urn:x-nevis:fragment:0900c8af81d7841b:0900c8af81d7847e#nev10135973n3" width="400" xml:lang="en-US"><nodes id="nev10135974n1-nev10135976n1"><node class="Components.StartNode" id="nev10135974n1-nev10135977n1" nodeid="Start" x="17" y="80"/><node class="Components.ScriptButton" id="nev10135974n1-nev10135978n1" nodeid="Hide" x="20" y="209"><gui height="30" id="nev10135974n1-nev10135979n1" width="110" x="280" y="100"/><property class="String" id="nev10135974n1-nev10135980n1" name="Text" type="In" value="" visible="0"/><property class="String" id="nev10135974n1-nev10135981n1" name="StartDisabled" type="Internal" value="false" visible="1"/><extension id="nev10135974n1-nev10135982n1"><phrase category="Faulttracing" id="nev10135974n1-nev10135975n1" phrase-urn="urn:x-nevis:phrase:0800c8af81b6b138">Hide</phrase></extension></node><node class="Components.ScriptComponent" id="nev10135974n1-nev10135983n1" nodeid="CloseScript" x="148" y="329"/><node class="Components.IdentifierComponent" id="nev10135974n1-nev10135984n1" nodeid="Read" x="236" y="20"><property class="Parameter" id="nev10135974n1-nev10135985n1" name="Throttle position" type="Out" value="" visible="1"/><extension id="nev10135974n1-nev10135986n1"><identifier ecu="284102" ecuMode="EcuType" id="nev10135974n1-nev10135987n1" read="4" type="REID" value="0008"><parameter id="nev10135974n1-nev10135988n1" name="Throttle position" textid="62072"/></identifier></extension></node><node class="Components.Gui.ParameterLabel" id="nev10135974n1-nev10135989n1" nodeid="Label" x="368" y="48"><gui height="70" id="nev10135974n1-nev10135990n1" width="380" x="10" y="10"/><property class="Parameter" id="nev10135974n1-nev10135991n1" name="Parameter" type="In" value="" visible="1"/><property class="String" id="nev10135974n1-nev10135992n1" name="Title" type="In" value="" visible="1"/><property class="String" id="nev10135974n1-nev10135993n1" name="Value" type="In" value="" visible="1"/><property class="String" id="nev10135974n1-nev10135994n1" name="Unit" type="In" value="" visible="1"/></node><node class="Components.Repeater" id="nev10135974n1-nev10135995n1" nodeid="Iterator" x="115" y="88"/><node class="Components.VehComm" id="nev10135974n1-nev10135996n1" nodeid="StopDiagnosticSession" x="148" y="189"><property class="String" id="nev10135974n1-nev10135997n1" name="Mode" type="Internal" value="EcuType" visible="1"/><property class="Int" id="nev10135974n1-nev10135998n1" name="EcuType" type="In" value="284102" visible="0"/><property class="Int" id="nev10135974n1-nev10135999n1" name="ServiceId" type="In" value="27" visible="0"/><property class="String" id="nev10135974n1-nev10136000n1" name="EcuName" type="Out" value="" visible="1"/><property class="Response" id="nev10135974n1-nev10136001n1" name="Result" type="Out" value="" visible="1"/><extension id="nev10135974n1-nev10136002n1"/></node></nodes><handlers id="nev10135974n1-nev10136003n1"><eventhandler id="nev10135974n1-nev10136004n1" name="OnStart" node="Start"><call id="nev10135974n1-nev10136005n1" method="UpdateTitles" node="Read"/><call id="nev10135974n1-nev10136006n1" method="Start" node="Iterator"/></eventhandler><eventhandler id="nev10135974n1-nev10136007n1" name="OnRepeat" node="Iterator"><call id="nev10135974n1-nev10136008n1" method="Read" node="Read"/></eventhandler><eventhandler id="nev10135974n1-nev10136009n1" name="Click" node="Hide"><call id="nev10135974n1-nev10136010n1" method="Execute" node="StopDiagnosticSession"/><call id="nev10135974n1-nev10136011n1" method="CloseDialog" node="CloseScript"/></eventhandler><propertyhandler id="nev10135974n1-nev10136012n1" name="Throttle position" node="Read"><set id="nev10135974n1-nev10136013n1" node="Label" property="Parameter"/></propertyhandler></handlers></content></script>