<?xml version="1.0" encoding="UTF-8"?><servinfosub IE-ID="en-US0900c8af81336518" docno="VCC-146775" id="KC03009124" xml:lang="en-US">
<title>
<phrase category="" id="KC07842235" phrase-urn="urn:x-nevis:phrase:0800c8af81bdcdd5">Diagnostic trou#@#@#30#-0044</phrase>
</title>
<diagnostic type="condition">
<condgrp>
<condition type="condition">
<grate>
<graphic id="KC07842236" width="column">
<href>0900c8af80056d3#@#@#9#.jpeg</href>
</graphic>
<graphtext>
<ptxt>
<phrase category="" id="KC07842237" phrase-urn="urn:x-nevis:phrase:0800c8af81bdcdd6">The oil tempera#@#@#496#onds.</phrase>
</ptxt>
<para>
<ptxt>
<phrase category="" id="KC07842238" phrase-urn="urn:x-nevis:phrase:0800c8af81bdcdd7">The diagnostic #@#@#133#0 °C.</phrase>
</ptxt>
</para>
</graphtext>
</grate>
</condition>
</condgrp>
<condgrp>
<condition type="substitution">
<list1 enumtype="d" type="unordered">
<item>
<ptxt>
<phrase category="" id="KC07842239" phrase-urn="urn:x-nevis:phrase:0800c8af81bdcdd8">The transmissio#@#@#101#1 °C </phrase>
</ptxt>
</item>
<item>
<ptxt>
<phrase category="" id="KC07842240" phrase-urn="urn:x-nevis:phrase:0800c8af81bdcdd9">Blocking lock-up</phrase>
</ptxt>
</item>
<item>
<ptxt>
<phrase category="" id="KC07842241" phrase-urn="urn:x-nevis:phrase:0800c8af81bdcddb">Blocking slippi#@#@#5#ck-up</phrase>
</ptxt>
</item>
<item>
<ptxt>
<phrase category="" id="KC07842242" phrase-urn="urn:x-nevis:phrase:0800c8af81bdcddc">Blocking of neu#@#@#6#heck.</phrase>
</ptxt>
</item>
</list1>
</condition>
<ps>
<list1 enumtype="d" type="unordered">
<item>
<ptxt>
<phrase category="" id="KC07842243" phrase-urn="urn:x-nevis:phrase:0800c8af81bdcdde">Contact resista#@#@#15#inals</phrase>
</ptxt>
</item>
<item>
<ptxt>
<phrase category="" id="KC07842244" phrase-urn="urn:x-nevis:phrase:0800c8af81bdcddf">Short-circuit t#@#@#31#cable</phrase>
</ptxt>
</item>
<item>
<ptxt>
<phrase category="" id="KC07842245" phrase-urn="urn:x-nevis:phrase:0800c8af81bdcde1">The oil tempera#@#@#21#work.</phrase>
</ptxt>
</item>
</list1>
</ps>
</condgrp>
<condgrp>
<condition type="symptom">
<list1 enumtype="d" type="unordered">
<item>
<ptxt>
<phrase category="" id="KC07842246" phrase-urn="urn:x-nevis:phrase:0800c8af81bdcde2">General warning#@#@#4#p lit</phrase>
</ptxt>
</item>
<item>
<ptxt>
<phrase category="" id="KC07842247" phrase-urn="urn:x-nevis:phrase:0800c8af81bdcde3">Malfunction ind#@#@#16#) lit</phrase>
</ptxt>
</item>
<item>
<ptxt>
<phrase category="" id="KC07842248" phrase-urn="urn:x-nevis:phrase:0800c8af81bdcde4">Harsh gear shifting.</phrase>
</ptxt>
</item>
</list1>
</condition>
</condgrp>
</diagnostic>
</servinfosub>