<?xml version="1.0" encoding="UTF-8"?><servinfosub IE-ID="en-US0900c8af84de0518" docno="VCC-370221" id="nev13710826n1" original="sv-SE" servinfosubId="nev13710827n1-nev15213544n1" servinfosubRes="0900c8af84de0569" servinfosubRes2="urn:x-nevis:fragment:0900c8af84de0518:0900c8af84de0569#nev15213544n1" xml:lang="en-US">
<title id="nev13710825n50">Timing belt, di#@#@#4#tling</title>
<procedure id="nev13710827n1-nev15362085n20">
<stepgrp boilerplate="false" context="" id="nev13710827n1-nev15362085n11">
<title id="nev13710827n1-nev15362085n18">Removal</title>
<procstep id="nev13710827n1-nev15362085n31">
<para id="nev13710827n1-nev15362085n8">
<ptxt id="nev13710827n1-nev15362085n9">Remove timing belt<xref boilerplate="true" id="nev13710827n1-nev15362085n13">
<ref id="nev13710827n1-nev15362085n15"/>
</xref>
</ptxt>
</para>
</procstep>
</stepgrp>
</procedure>
</servinfosub>