<?xml version="1.0" encoding="UTF-8"?><servinfosub IE-ID="en-US0900c8af80491518" docno="VCC-079115" id="KC01474225" xml:lang="en-US">
<title>Replacing indicator</title>
<procedure>
<stepgrp id="KC01404626">
<procstep id="KC01559780">
<title>Removing indicator</title>
<grate>
<graphic id="KC08527551">
<href>0900c8af803f565#@#@#9#.jpeg</href>
</graphic>
<graphtext>
<list1 enumtype="d" type="unordered">
<item>
<ptxt>Remove indicato#@#@#23#tool.</ptxt>
</item>
<item>
<ptxt>Disconnect switch.</ptxt>
</item>
</list1>
</graphtext>
</grate>
</procstep>
<procstep id="KC01559781">
<title>Installing indicator</title>
<para>
<ptxt>In reverse order.</ptxt>
</para>
</procstep>
</stepgrp>
</procedure>
</servinfosub>