<?xml version="1.0" encoding="UTF-8"?><diagnostic IE-ID="en-US0900c8af80070518" docno="VCC-096063" id="KC01292927" type="test" xml:lang="en-US">
<title>
<phrase category="" id="KC07729128" phrase-urn="urn:x-nevis:phrase:0800c8af81bae060">Verification</phrase>
</title>
<testgrp IE-ID="en-US0900c8af80070518_KC01305047" id="KC01305047" j2008use="1" paperuse="1" resumable="1" screenuse="1" testgrp-id="verifnode" x="200" y="120">
<title>
<phrase category="" id="KC07729129" phrase-urn="urn:x-nevis:phrase:0800c8af81bae061">Verification</phrase>
</title>
<node>
<hint>
<ptxt>
<phrase category="" id="KC07729130" phrase-urn="urn:x-nevis:phrase:0800c8af81bae062">After the repai#@#@#56#fied.</phrase>
</ptxt>
</hint>
<test1>
<diaglist>
<dgraphic>
<dgraphic1>
<graphic id="KC07729131">
<href>0900c8af80054d4#@#@#9#.jpeg</href>
</graphic>
</dgraphic1>
<dgraphic2>
<graphic id="KC07729132">
<href>0900c8af80054d7#@#@#9#.jpeg</href>
</graphic>
</dgraphic2>
</dgraphic>
<ditem>
<ptxt>
<phrase category="" id="KC07729133" phrase-urn="urn:x-nevis:phrase:0800c8af81bae063">Ignition off.</phrase>
</ptxt>
</ditem>
<ditem>
<ptxt>
<phrase category="" id="KC07729134" phrase-urn="urn:x-nevis:phrase:0800c8af81bae064">Connect connect#@#@#24# etc.</phrase>
</ptxt>
</ditem>
<ditem>
<ptxt>
<phrase category="" id="KC07729135" phrase-urn="urn:x-nevis:phrase:0800c8af81bae065">Ignition on for#@#@#16#onds.</phrase>
</ptxt>
</ditem>
</diaglist>
<test2>
<ptxt>
<phrase category="" id="KC07729136" phrase-urn="urn:x-nevis:phrase:0800c8af81bae066">Check that diag#@#@#46#tent.</phrase>
</ptxt>
<diaglist>
<dgraphic>
<dgraphic2>
<graphic id="KC07729137">
<href>0900c8af86c8681#@#@#9#.jpeg</href>
</graphic>
<smarttool active="press" id="KC07729138" toolname="XCEMAE02"/>
</dgraphic2>
</dgraphic>
<ditem>
<ditemtext>
<ptxt>
<phrase category="" id="KC07729139" phrase-urn="urn:x-nevis:phrase:0800c8af81bae067"/>
</ptxt>
</ditemtext>
</ditem>
</diaglist>
</test2>
</test1>
<question>Is the status o#@#@#38#tent?</question>
<resact-grp>
<result button="yes" comp="button" highlight="0"/>
<action j2008use="1" paperuse="1" screenuse="1">
<return value="VERIFIED"/>
</action>
</resact-grp>
<resact-grp>
<result button="no" comp="button" highlight="0"/>
<action j2008use="1" paperuse="1" screenuse="1">
<return value="VERIFICATION FAILED"/>
</action>
</resact-grp>
</node>
</testgrp>
</diagnostic>