<?xml version="1.0" encoding="UTF-8"?><script xmlns:nevis="http://www.volvocars.com/namespaces/processing" xmlns:xlink="http://www.w3.org/1999/xlink" IE-ID="en-US0900c8af826f8518" docno="VCC-226442" id="nev9760270" nevis:expl-profile="mdl275yr2005, mdl275yr2006, mdl275yr2007, mdl275yr2008, mdl275yr2009, mdl275yr2010, mdl275yr2011, mdl275yr2012, mdl275yr2013, mdl275yr2014, mdl275yr2015, mdl275yr2016" nevis:profile="urn:x-nevis:profile:0b00c8af8117443b urn:x-nevis:profile:0b00c8af822b0968 urn:x-nevis:profile:0b00c8af82e48817 urn:x-nevis:profile:0b00c8af838ba0b2 urn:x-nevis:profile:0b00c8af83f1a29a urn:x-nevis:profile:0b00c8af8414e54b urn:x-nevis:profile:0b00c8af84983e6d urn:x-nevis:profile:0b00c8af84eb8103 urn:x-nevis:profile:0b00c8af851e8289 urn:x-nevis:profile:0b00c8af856303e5 urn:x-nevis:profile:0b00c8af8620fba5 urn:x-nevis:profile:0b00c8af8656e7b9" nevis:projectdocument="urn:x-nevis:projectdocument:0800c8af81925596" nevis:resource="0900c8af826f9080" nevis:resource2="urn:x-nevis:fragment:0900c8af826f8518:0900c8af826f9080#nev9760270" nevis:session-id="" qualifierinfotype="14:00" type="" xml:lang="en-US"><title>Read status aud#@#@#2#/tele</title><content gui="1" height="310" id="nev9760280-nev9760272" nevis:expl-profile="mdl275yr2005, mdl275yr2006, mdl275yr2007, mdl275yr2008, mdl275yr2009, mdl275yr2010, mdl275yr2011, mdl275yr2012, mdl275yr2013, mdl275yr2014, mdl275yr2015, mdl275yr2016" nevis:idfrom="nev9760280" nevis:prefix="nev9760280" nevis:profile="urn:x-nevis:profile:0b00c8af8117443b urn:x-nevis:profile:0b00c8af822b0968 urn:x-nevis:profile:0b00c8af82e48817 urn:x-nevis:profile:0b00c8af838ba0b2 urn:x-nevis:profile:0b00c8af83f1a29a urn:x-nevis:profile:0b00c8af8414e54b urn:x-nevis:profile:0b00c8af84983e6d urn:x-nevis:profile:0b00c8af84eb8103 urn:x-nevis:profile:0b00c8af851e8289 urn:x-nevis:profile:0b00c8af856303e5 urn:x-nevis:profile:0b00c8af8620fba5 urn:x-nevis:profile:0b00c8af8656e7b9" nevis:resource="0900c8af826f9082" nevis:resource2="urn:x-nevis:fragment:0900c8af826f8518:0900c8af826f9082#nev9760272" width="790" xml:lang="en-US"><nodes id="nev9760280-nev10771564n1"><node class="Components.StartNode" id="nev9760280-nev10771565n1" nodeid="Start" x="17" y="83"/><node class="Components.Gui.ParameterLabel" id="nev9760280-nev10771566n1" nodeid="ParameterLabel1" x="610" y="19"><gui height="70" id="nev9760280-nev10771567n1" width="380" x="10" y="10"/><property class="Parameter" id="nev9760280-nev10771568n1" name="Parameter" type="In" value="" visible="1"/><property class="String" id="nev9760280-nev10771569n1" name="Title" type="In" value="" visible="1"/><property class="String" id="nev9760280-nev10771570n1" name="Value" type="In" value="" visible="1"/><property class="String" id="nev9760280-nev10771571n1" name="Unit" type="In" value="" visible="1"/></node><node class="Components.Gui.ParameterLabel" id="nev9760280-nev10771572n1" nodeid="ParameterLabel2" x="611" y="118"><gui height="70" id="nev9760280-nev10771573n1" width="380" x="10" y="90"/><property class="Parameter" id="nev9760280-nev10771574n1" name="Parameter" type="In" value="" visible="1"/><property class="String" id="nev9760280-nev10771575n1" name="Title" type="In" value="" visible="1"/><property class="String" id="nev9760280-nev10771576n1" name="Value" type="In" value="" visible="1"/><property class="String" id="nev9760280-nev10771577n1" name="Unit" type="In" value="" visible="1"/></node><node class="Components.Gui.ParameterLabel" id="nev9760280-nev10771578n1" nodeid="ParameterLabel3" x="616" y="210"><gui height="70" id="nev9760280-nev10771579n1" width="380" x="10" y="170"/><property class="Parameter" id="nev9760280-nev10771580n1" name="Parameter" type="In" value="" visible="1"/><property class="String" id="nev9760280-nev10771581n1" name="Title" type="In" value="" visible="1"/><property class="String" id="nev9760280-nev10771582n1" name="Value" type="In" value="" visible="1"/><property class="String" id="nev9760280-nev10771583n1" name="Unit" type="In" value="" visible="1"/></node><node class="Components.Gui.ParameterLabel" id="nev9760280-nev10771584n1" nodeid="ParameterLabel4" x="617" y="311"><gui height="70" id="nev9760280-nev10771585n1" width="380" x="400" y="10"/><property class="Parameter" id="nev9760280-nev10771586n1" name="Parameter" type="In" value="" visible="1"/><property class="String" id="nev9760280-nev10771587n1" name="Title" type="In" value="" visible="1"/><property class="String" id="nev9760280-nev10771588n1" name="Value" type="In" value="" visible="1"/><property class="String" id="nev9760280-nev10771589n1" name="Unit" type="In" value="" visible="1"/></node><node class="Components.Gui.ParameterLabel" id="nev9760280-nev10771590n1" nodeid="ParameterLabel5" x="619" y="415"><gui height="70" id="nev9760280-nev10771591n1" width="380" x="400" y="90"/><property class="Parameter" id="nev9760280-nev10771592n1" name="Parameter" type="In" value="" visible="1"/><property class="String" id="nev9760280-nev10771593n1" name="Title" type="In" value="" visible="1"/><property class="String" id="nev9760280-nev10771594n1" name="Value" type="In" value="" visible="1"/><property class="String" id="nev9760280-nev10771595n1" name="Unit" type="In" value="" visible="1"/></node><node class="Components.Gui.ParameterLabel" id="nev9760280-nev10771596n1" nodeid="ParameterLabel6" x="622" y="519"><gui height="70" id="nev9760280-nev10771597n1" width="380" x="400" y="170"/><property class="Parameter" id="nev9760280-nev10771598n1" name="Parameter" type="In" value="" visible="1"/><property class="String" id="nev9760280-nev10771599n1" name="Title" type="In" value="" visible="1"/><property class="String" id="nev9760280-nev10771600n1" name="Value" type="In" value="" visible="1"/><property class="String" id="nev9760280-nev10771601n1" name="Unit" type="In" value="" visible="1"/></node><node class="Components.ScriptComponent" id="nev9760280-nev10771602n1" nodeid="ScriptComponent1" x="351" y="413"/><node class="Components.IdentifierComponent" id="nev9760280-nev10771603n1" nodeid="IdentifierComponent1" x="364" y="29"><property class="Parameter" id="nev9760280-nev10771604n1" name="Next down" type="Out" value="" visible="1"/><property class="Parameter" id="nev9760280-nev10771605n1" name="Next up" type="Out" value="" visible="1"/><property class="Parameter" id="nev9760280-nev10771606n1" name="Volume down" type="Out" value="" visible="1"/><property class="Parameter" id="nev9760280-nev10771607n1" name="Volume up" type="Out" value="" visible="1"/><property class="Parameter" id="nev9760280-nev10771608n1" name="Telephone On Key (green tele)" type="Out" value="" visible="1"/><property class="Parameter" id="nev9760280-nev10771609n1" name="Telphone Off Key (red tele)" type="Out" value="" visible="1"/><extension id="nev9760280-nev10771610n1"><identifier ecu="393901" ecuMode="EcuType" id="nev9760280-nev10771611n1" read="4" type="REID" value="1F51"><parameter id="nev9760280-nev10771612n1" name="Next down" textid="4169"/><parameter id="nev9760280-nev10771613n1" name="Next up" textid="4170"/><parameter id="nev9760280-nev10771614n1" name="Volume down" textid="4171"/><parameter id="nev9760280-nev10771615n1" name="Volume up" textid="4172"/><parameter id="nev9760280-nev10771616n1" name="Telephone On Key (green tele)" textid="4175"/><parameter id="nev9760280-nev10771617n1" name="Telphone Off Key (red tele)" textid="4198"/></identifier></extension></node><node class="Components.Repeater" id="nev9760280-nev10771618n1" nodeid="Repeater1" x="227" y="105"><property class="Int" id="nev9760280-nev10771619n1" name="Wait" type="Internal" value="500" visible="1"/></node><node class="Components.ScriptButton" id="nev9760280-nev10771620n1" nodeid="Hide button" x="26" y="412"><gui height="30" id="nev9760280-nev10771621n1" width="110" x="670" y="260"/><property class="String" id="nev9760280-nev10771622n1" name="Text" type="In" value="" visible="0"/><property class="String" id="nev9760280-nev10771623n1" name="StartDisabled" type="Internal" value="false" visible="1"/><extension id="nev9760280-nev10771624n1"><phrase category="Faulttracing" id="nev9760280-nev9760281" phrase-urn="urn:x-nevis:phrase:0800c8af81b6b138">Hide</phrase></extension></node></nodes><handlers id="nev9760280-nev10771625n1"><eventhandler id="nev9760280-nev10771626n1" name="OnStart" node="Start"><call id="nev9760280-nev10771627n1" method="UpdateTitles" node="IdentifierComponent1"/><call id="nev9760280-nev10771628n1" method="Start" node="Repeater1"/></eventhandler><eventhandler id="nev9760280-nev10771629n1" name="OnRepeat" node="Repeater1"><call id="nev9760280-nev10771630n1" method="Read" node="IdentifierComponent1"/></eventhandler><eventhandler id="nev9760280-nev10771631n1" name="Click" node="Hide button"><call id="nev9760280-nev10771632n1" method="CloseDialog" node="ScriptComponent1"/></eventhandler><propertyhandler id="nev9760280-nev10771633n1" name="Next down" node="IdentifierComponent1"><set id="nev9760280-nev10771634n1" node="ParameterLabel1" property="Parameter"/></propertyhandler><propertyhandler id="nev9760280-nev10771635n1" name="Next up" node="IdentifierComponent1"><set id="nev9760280-nev10771636n1" node="ParameterLabel2" property="Parameter"/></propertyhandler><propertyhandler id="nev9760280-nev10771637n1" name="Volume down" node="IdentifierComponent1"><set id="nev9760280-nev10771638n1" node="ParameterLabel3" property="Parameter"/></propertyhandler><propertyhandler id="nev9760280-nev10771639n1" name="Volume up" node="IdentifierComponent1"><set id="nev9760280-nev10771640n1" node="ParameterLabel4" property="Parameter"/></propertyhandler><propertyhandler id="nev9760280-nev10771641n1" name="Telephone On Key (green tele)" node="IdentifierComponent1"><set id="nev9760280-nev10771642n1" node="ParameterLabel5" property="Parameter"/></propertyhandler><propertyhandler id="nev9760280-nev10771643n1" name="Telphone Off Key (red tele)" node="IdentifierComponent1"><set id="nev9760280-nev10771644n1" node="ParameterLabel6" property="Parameter"/></propertyhandler></handlers></content></script>