<?xml version="1.0" encoding="UTF-8"?><servinfosub IE-ID="en-US0900c8af804a7b05" docno="VCC-095881" id="KC01397534" servinfosubId="nev20684223n1-nev20684223n2" servinfosubRes="0900c8af862b9af6" servinfosubRes2="urn:x-nevis:fragment:0900c8af804a7b05:0900c8af862b9af6#nev20684223n2" xml:lang="en-US">
<title>Connector D, #D1-#D5</title>
<grate>
<graphic id="nev20684223n1-KC08609379">
<href>0900c8af801207f#@#@#9#.jpeg</href>
</graphic>
<graphtext>
<para>
<ptxt>All the followi#@#@#113#ated.</ptxt>
</para>
<note>
<ptxt> It is importan#@#@#75#ings.</ptxt>
</note>
<para>
<ptxt>  </ptxt>
</para>
</graphtext>
</grate>
<table frame="none" pgwide="1">
<tgroup cols="6" colsep="0" rowsep="0">
<colspec colwidth="38*"/>
<colspec colname="col2" colwidth="54*"/>
<colspec colwidth="137*"/>
<colspec colwidth="58*"/>
<colspec colwidth="205*"/>
<colspec colwidth="38*"/>
<tbody>
<row>
<entry align="left" colname="col2" valign="top">
<ptxt>U =</ptxt>
</entry>
<entry align="left" valign="top">
<ptxt>DC voltage in v#@#@#3#s (V)</ptxt>
</entry>
<entry align="left" valign="top">
<ptxt>f =</ptxt>
</entry>
<entry align="left" valign="top">
<ptxt>frequency in He#@#@#3# (Hz)</ptxt>
</entry>
</row>
<row>
<entry align="left" colname="col2" valign="top">
<ptxt>Ubat =</ptxt>
</entry>
<entry align="left" valign="top">
<ptxt>battery voltage#@#@#8#s (V)</ptxt>
</entry>
<entry align="left" valign="top">
<ptxt>Ulow =</ptxt>
</entry>
<entry align="left" valign="top">
<ptxt>voltage approxi#@#@#5#y 0 V</ptxt>
</entry>
</row>
</tbody>
</tgroup>
</table>
<table frame="all" pgwide="1">
<tgroup cols="6" colsep="1" rowsep="1">
<colspec colwidth="61*"/>
<colspec colwidth="46*"/>
<colspec colname="col3" colwidth="125*"/>
<colspec colname="col4" colwidth="95*"/>
<colspec colname="col5" colwidth="95*"/>
<colspec colname="col6" colwidth="111*"/>
<spanspec nameend="col5" namest="col4" spanname="4to5"/>
<thead>
<row>
<entry align="center" valign="top">
<ptxt>
Breakout box t#@#@#2#minal</ptxt>
</entry>
<entry align="center" valign="top">
<ptxt>
Terminal</ptxt>
</entry>
<entry align="left" valign="top">
<ptxt>
Signal type</ptxt>
</entry>
<entry align="left" valign="top">
<ptxt>
Ignition on</ptxt>
</entry>
<entry align="left" valign="top">
<ptxt>
Engine idling</ptxt>
</entry>
<entry align="left" valign="top">
<ptxt>
Other</ptxt>
</entry>
</row>
</thead>
<tbody>
<row>
<entry align="center" valign="top">
<ptxt>#47</ptxt>
</entry>
<entry align="center" valign="top">
<ptxt>#D1</ptxt>
</entry>
<entry align="left" valign="top">
<ptxt>Instrument ligh#@#@#32#ector</ptxt>
</entry>
<entry align="left" spanname="4to5" valign="top">
<ptxt>U=0.5-1 V (rheo#@#@#4# min)</ptxt>
<ptxt>U=Ubat (rheosta#@#@#1# max)</ptxt>
</entry>
<entry align="left" colname="col6" valign="top">
<ptxt>-</ptxt>
</entry>
</row>
<row>
<entry align="center" valign="top">
<ptxt>#48</ptxt>
</entry>
<entry align="center" valign="top">
<ptxt>#D2</ptxt>
</entry>
<entry align="left" valign="top">
<ptxt>Ground</ptxt>
</entry>
<entry align="left" spanname="4to5" valign="top">
<ptxt>0 V</ptxt>
</entry>
</row>
<row>
<entry align="center" valign="top">
<ptxt>#49</ptxt>
</entry>
<entry align="center" valign="top">
<ptxt>#D3</ptxt>
</entry>
<entry align="left" valign="top">
<ptxt>Signal A from f#@#@#19#itch
</ptxt>
</entry>
<entry align="left" spanname="4to5" valign="top">
<ptxt>Approximately 0#@#@#26#Reset</ptxt>
<ptxt>Approximately 5#@#@#16#1.2.6</ptxt>
</entry>
<entry align="left" colname="col6" valign="top">
<ptxt>1=Average speed</ptxt>
<ptxt>2=Fuel consumption</ptxt>
<ptxt>3=Fuel consumpt#@#@#13#value</ptxt>
<ptxt>4=Outside tempe#@#@#1#ature</ptxt>
<ptxt>5=Mileage</ptxt>
<ptxt>6=Distance to e#@#@#9# tank</ptxt>
</entry>
</row>
<row>
<entry align="center" valign="top">
<ptxt>#50</ptxt>
</entry>
<entry align="center" valign="top">
<ptxt>#D4</ptxt>
</entry>
<entry align="left" valign="top">
<ptxt>Signal B from f#@#@#19#itch
</ptxt>
</entry>
<entry align="left" valign="top">
<ptxt/>
<ptxt>Approximately 0#@#@#26#Reset</ptxt>
<ptxt>Approximately 5#@#@#16#2.3.4</ptxt>
</entry>
</row>
<row>
<entry align="center" valign="top">
<ptxt>#51</ptxt>
</entry>
<entry align="center" valign="top">
<ptxt>#D5</ptxt>
</entry>
<entry align="left" valign="top">
<ptxt>Signal C from f#@#@#19#itch
</ptxt>
</entry>
<entry align="left" valign="top">
<ptxt>Approximately 0#@#@#27#eset
</ptxt>
<ptxt>Approximately 5#@#@#16#4.5.6</ptxt>
</entry>
<entry align="left" valign="top">
<ptxt>-</ptxt>
</entry>
<entry align="left" valign="top">
<ptxt>-</ptxt>
</entry>
</row>
</tbody>
</tgroup>
</table>
</servinfosub>