<?xml version="1.0" encoding="UTF-8"?><servinfosub IE-ID="en-US0900c8af84f99b05" docno="VCC-403456" id="nev15072675n1" xml:lang="en-US">
<title>
<phrase category="Title" id="nev15072675n2" phrase-urn="urn:x-nevis:phrase:0800c8af81eb9a54">Diagnostic trou#@#@#21#ation</phrase>
<phrase category="Prefix" id="nev15072675n3" phrase-urn="urn:x-nevis:phrase:0800c8af840ac859">TVM</phrase>-B1D5713</title>
<diagnostic j2008use="1" paperuse="1" screenuse="1" type="condition">
<condgrp>
<condition type="condition">
<grate>
<graphic id="l1271249800381">
<href>0900c8af84f8c46#@#@#9#.jpeg</href>
</graphic>
</grate>
<para>
<ptxt>
<phrase category="Faulttracing" id="nev15072675n4" phrase-urn="urn:x-nevis:phrase:0800c8af84a31497">The Television #@#@#37#tage.</phrase>
</ptxt>
</para>
<para>
<ptxt id="nev15072675n5">
<phrase category="Condition" id="nev15072675n6" phrase-urn="urn:x-nevis:phrase:0800c8af82c4843c">The diagnostic #@#@#59#that:</phrase>
</ptxt>
</para>
<list1 id="nev15072675n7">
<item id="nev15072675n8">
<ptxt id="nev15072675n9">
<phrase category="Qualifier" id="nev15072675n10" phrase-urn="urn:x-nevis:phrase:0800c8af8015c4ca">Voltage too low</phrase>
</ptxt>
</item>
</list1>
<para id="nev15072676n1">
<ptxt id="nev15072676n2">
<phrase category="Condition" id="nev15072676n3" phrase-urn="urn:x-nevis:phrase:0800c8af82c479d6">The control mod#@#@#67#t of:</phrase>
</ptxt>
</para>
<list1 id="nev15072676n4">
<item id="nev15072676n5">
<ptxt id="nev15072676n6">
<phrase category="Condition" id="nev15072676n7" phrase-urn="urn:x-nevis:phrase:0800c8af83354774">Activated contr#@#@#5#dule.</phrase>
</ptxt>
</item>
</list1>
<note id="nev15072676n8">
<ptxt id="nev15072676n9">
<phrase category="Condition" id="nev15072676n10" phrase-urn="urn:x-nevis:phrase:0800c8af82c4844b">The control mod#@#@#132# met.</phrase>
</ptxt>
</note>
</condition>
</condgrp>
<condgrp>
<condition type="substitution">
<list1 enumtype="d" type="unordered">
<item>
<ptxt>
<phrase category="Condition" id="nev15072677n1" phrase-urn="urn:x-nevis:phrase:0800c8af81eaaea8">None.</phrase>
</ptxt>
</item>
</list1>
</condition>
<ps>
<list1 enumtype="d" type="unordered">
<item>
<ptxt id="nev15072677n2">
<phrase category="Possible source" id="nev15072677n3" phrase-urn="urn:x-nevis:phrase:0800c8af84ba5acf">Open circuit or#@#@#74#TVM).</phrase>
</ptxt>
</item>
</list1>
</ps>
</condgrp>
<condgrp>
<condition type="symptom">
<list1 enumtype="d" type="unordered">
<item>
<ptxt id="nev15072677n4">
<phrase category="Symptom CSC" id="nev15072677n5" phrase-urn="urn:x-nevis:phrase:0800c8af8388f117">HY, TV/TV recep#@#@#18# work</phrase>
</ptxt>
</item>
</list1>
</condition>
</condgrp>
</diagnostic>
</servinfosub>