<?xml version="1.0" encoding="UTF-8"?><i2 IE-ID="en-US0900c8af86358b05" docno="VCC-466430" id="nev19800677n1" original="sv-SE" xml:lang="en-US">
<frontm id="nev19800679n1-nev20845988n39">
<prolog>
<tpnbr>31399359</tpnbr>
</prolog>
<titlep id="nev19800679n1-nev20845988n38">
<title id="nev19800677n2">Multimedia syst#@#@#33#ayers</title>
</titlep>
<preface id="nev19800679n1-nev20845988n33">
<toolpics id="nev19800679n1-nev20845988n31">
<title id="nev19800679n1-0800c8af84f6831f">Equipment</title>
<i2graphic id="nev19800679n1-nev20404619n8">
<href>0900c8af84fe1a6#@#@#9#.jpeg</href>
</i2graphic>
<i2graphic id="nev19800679n1-nev20404619n9">
<href>0900c8af85b62fb#@#@#9#.jpeg</href>
</i2graphic>
</toolpics>
<kitpics id="nev19800679n1-nev20845988n32">
<title id="nev19800679n1-0800c8af84f6835a">Component overview</title>
<i2graphic id="nev19800679n1-nev20782023n52">
<href>0900c8af862b2d1#@#@#11#.jpeg</href>
</i2graphic>
<i2graphic id="nev19800679n1-nev20782847n95">
<href>0900c8af862d6b1#@#@#11#.jpeg</href>
</i2graphic>
</kitpics>
</preface>
</frontm>
<body id="nev19800679n1-nev20845988n40">
<servinfosub docno="VCC-466430" id="nev19800679n1-nev19800677n1" original="sv-SE" servinfosubId="nev19800679n1-nev20404605n1" servinfosubRes="0900c8af86358b54" servinfosubRes2="urn:x-nevis:fragment:0900c8af86358b05:0900c8af86358b54#nev20404605n1">
<operationnumbers>
<operationnumber>39332-2</operationnumber>
</operationnumbers>
<materialtable id="nev19800679n1-nev20846478n43">
<table id="nev19800679n1-nev20846478n42">
<tgroup cols="2" id="nev19800679n1-nev20846478n41">
<colspec colname="COLSPEC0" colwidth="1.00*" id="nev19800679n1-nev20846478n40"/>
<colspec colname="COLSPEC1" colwidth="1.00*" id="nev19800679n1-nev20846478n39"/>
<thead id="nev19800679n1-nev20846478n38">
<row id="nev19800679n1-nev20846478n37">
<entry id="nev19800679n1-nev20846478n36" nameend="COLSPEC1" namest="COLSPEC0" valign="top">
<ptxt id="nev19800679n1-nev20846478n35">
<emph id="nev19800679n1-nev20846478n34">Materials</emph>
</ptxt>
</entry>
</row>
</thead>
<tbody id="nev19800679n1-nev20846478n33">
<row id="nev19800679n1-nev20846478n32">
<entry id="nev19800679n1-nev20846478n31">
<ptxt id="nev19800679n1-nev20846478n30">
<emph id="nev19800679n1-nev20846478n29">Designation</emph>
</ptxt>
</entry>
<entry id="nev19800679n1-nev20846478n28">
<ptxt id="nev19800679n1-nev20846478n27">
<emph id="nev19800679n1-nev20846478n26">Part number</emph>
</ptxt>
</entry>
</row>
<row id="nev19800679n1-nev20846478n25">
<entry id="nev19800679n1-nev20846478n24">
<ptxt id="nev19800679n1-nev20846478n23">Cable tie, 750 mm</ptxt>
</entry>
<entry id="nev19800679n1-nev20846478n21">
<ptxt id="nev19800679n1-nev20846478n20">988734</ptxt>
</entry>
</row>
<row id="nev19800679n1-nev20846478n19">
<entry id="nev19800679n1-nev20846478n18">
<ptxt id="nev19800679n1-nev20846478n17">Electrical tape</ptxt>
</entry>
<entry id="nev19800679n1-nev20846478n15">
<ptxt id="nev19800679n1-nev20846478n14"/>
</entry>
</row>
</tbody>
</tgroup>
</table>
</materialtable>
<procedure id="nev19800679n1-nev20404626n4">
<stepgrp boilerplate="false" context="" id="nev19800679n1-nev20845988n29">
<title id="nev19800679n1-0800c8af84f682f9">Information</title>
<procstep id="nev19800679n1-nev20404626n8">
<list1 enumtype="b" id="nev13396149n248" type="unordered">
<item id="nev13396149n246">
<ptxt id="nev13396149n244">  Read through #@#@#48#tion.</ptxt>
</item>
<item id="nev13396149n240">
<ptxt id="nev13396149n238">Notifications a#@#@#99#tion.</ptxt>
</item>
<item id="nev13396149n236">
<ptxt id="nev13396149n234">Ensure that all#@#@#72#tion.</ptxt>
</item>
<item id="nev13396149n232">
<ptxt id="nev13396149n230">Certain steps i#@#@#114#teps.</ptxt>
</item>
<item id="nev13396149n228">
<ptxt id="nev13396149n226">In the event of#@#@#81#aler.</ptxt>
</item>
</list1>
</procstep>
</stepgrp>
<stepgrp boilerplate="false" context="" id="nev19800679n1-nev20845988n26">
<title id="nev19800679n1-0800c8af844a46ee">Color symbols</title>
<procstep id="nev19800679n1-nev20404627n5">
<grate id="nev19800679n1-nev20845988n24">
<graphic id="nev19800679n1-nev20845988n25">
<href>0900c8af8579af4#@#@#9#.jpeg</href>
</graphic>
<graphtext id="nev19800679n1-nev20846499n1">
<note id="nev19800679n1-0800c8af857d02fc">
<ptxt>This colour cha#@#@#127#teps.</ptxt>
</note>
<list1 enumtype="n" id="nev19800679n1-nev20404628n1" type="ordered">
<item id="nev19800679n1-nev20845988n23">
<ptxt id="nev19800679n1-nev20845988n22">Used for focuse#@#@#55#hing.</ptxt>
</item>
<item id="nev19800679n1-nev20845988n21">
<ptxt id="nev19800679n1-nev20845988n20">Used as extra c#@#@#57#arts.</ptxt>
</item>
<item id="nev19800679n1-nev20845988n19">
<ptxt id="nev19800679n1-nev20845988n18">Used for attach#@#@#73# etc.</ptxt>
</item>
<item id="nev19800679n1-nev20845988n17">
<ptxt id="nev19800679n1-nev20845988n16">Used when the c#@#@#68#side.</ptxt>
</item>
<item id="nev19800679n1-nev20845988n15">
<ptxt id="nev19800679n1-nev20845988n14">Used for standa#@#@#22#ools.</ptxt>
</item>
<item id="nev19800679n1-nev20845988n13">
<ptxt id="nev19800679n1-nev20845988n12">Used as backgro#@#@#28#ents.</ptxt>
</item>
</list1>
</graphtext>
</grate>
</procstep>
</stepgrp>
<stepgrp boilerplate="false" context="" id="nev19800679n1-nev20845988n11">
<title id="nev19800679n1-0800c8af844a46f6">Removal</title>
<procstep id="nev19800679n1-nev20404630n3">
<grate id="nev19800679n1-nev20845988n9">
<graphic id="nev19800679n1-nev20845988n10">
<href>0900c8af84aa37c#@#@#9#.jpeg</href>
</graphic>
<graphtext id="nev19800679n1-nev20846503n1">
<para id="nev19800679n1-nev20845988n7">
<ptxt id="nev19800679n1-nev20845988n8">Set the ignitio#@#@#15#on I.</ptxt>
</para>
</graphtext>
</grate>
</procstep>
<procstep id="nev19800679n1-nev20404634n1">
<grate id="nev19800679n1-nev20845988n5">
<graphic id="nev19800679n1-nev20845988n6">
<href>0900c8af8430b6b#@#@#9#.jpeg</href>
</graphic>
<graphtext id="nev19800679n1-nev20846507n1">
<para id="nev19800679n1-nev20845988n3">
<ptxt id="nev19800679n1-nev20845988n4">Remove the panel.</ptxt>
</para>
</graphtext>
</grate>
</procstep>
<procstep id="nev19800679n1-nev20404634n8">
<grate id="nev19800679n1-nev20845988n1">
<graphic id="nev19800679n1-nev20845988n2">
<href>0900c8af8430b6c#@#@#9#.jpeg</href>
</graphic>
<graphtext id="nev19800679n1-nev20846511n1">
<para id="nev19800679n1-nev20846475n99">
<ptxt id="nev19800679n1-nev20846475n100">Fold the carpet#@#@#2#side.</ptxt>
</para>
</graphtext>
</grate>
</procstep>
<procstep id="nev19800679n1-nev20404635n5">
<grate id="nev19800679n1-nev20846475n97">
<graphic id="nev19800679n1-nev20846475n98">
<href>0900c8af8430b6e#@#@#9#.jpeg</href>
</graphic>
<graphtext id="nev19800679n1-nev20846515n1">
<list1 enumtype="n" id="nev19800679n1-nev20404635n9" type="ordered">
<item id="nev19800679n1-nev20846475n96">
<ptxt id="nev19800679n1-nev20846475n95">Unhook the cabl#@#@#11#lips.</ptxt>
</item>
<item id="nev19800679n1-nev20846475n94">
<ptxt id="nev19800679n1-nev20846475n93">Disconnect the #@#@#5#ctor.</ptxt>
</item>
</list1>
</graphtext>
</grate>
</procstep>
<procstep id="nev19800679n1-nev20404637n3">
<grate id="nev19800679n1-nev20846475n91">
<graphic id="nev19800679n1-nev20846475n92">
<href>0900c8af8430b70#@#@#9#.jpeg</href>
</graphic>
<graphtext id="nev19800679n1-nev20846519n1">
<para id="nev19800679n1-nev20846475n89">
<ptxt id="nev19800679n1-nev20846475n90">Remove the panel.</ptxt>
</para>
</graphtext>
</grate>
</procstep>
<procstep id="nev19800679n1-nev20404637n10">
<title id="nev19800679n1-0800c8af84fbdb27">Vehicles with t#@#@#8#stem.</title>
</procstep>
<procstep id="nev19800679n1-nev20404638n3">
<grate id="nev19800679n1-nev20846475n87">
<graphic id="nev19800679n1-nev20846475n88">
<href>0900c8af8430b71#@#@#9#.jpeg</href>
</graphic>
<graphtext id="nev19800679n1-nev20846523n1">
<para id="nev19800679n1-nev20846475n85">
<ptxt id="nev19800679n1-nev20846475n86">Disconnect the #@#@#5#ctor.</ptxt>
</para>
</graphtext>
</grate>
</procstep>
<procstep id="nev19800679n1-nev20404638n10">
<title id="nev19800679n1-0800c8af844a41e8">All vehicles</title>
</procstep>
<procstep id="nev19800679n1-nev20404639n3">
<grate id="nev19800679n1-nev20846475n83">
<graphic id="nev19800679n1-nev20846475n84">
<href>0900c8af850096f#@#@#9#.jpeg</href>
</graphic>
<graphtext id="nev19800679n1-nev20846527n1">
<para id="nev19800679n1-nev20846475n81">
<ptxt id="nev19800679n1-nev20846475n82">Remove the panel.</ptxt>
</para>
</graphtext>
</grate>
</procstep>
<procstep id="nev19800679n1-nev20404639n10">
<grate id="nev19800679n1-nev20846475n79">
<graphic id="nev19800679n1-nev20846475n80">
<href>0900c8af84e9827#@#@#9#.jpeg</href>
</graphic>
<graphtext id="nev19800679n1-nev20846531n1">
<para id="nev19800679n1-nev20846475n77">
<ptxt id="nev19800679n1-nev20846475n78">Disconnect the #@#@#5#ctor.</ptxt>
</para>
</graphtext>
</grate>
</procstep>
<procstep id="nev19800679n1-nev20405231n85">
<grate id="nev19800679n1-nev20846475n75">
<graphic id="nev19800679n1-nev20846475n76">
<href>0900c8af84e9829#@#@#9#.jpeg</href>
</graphic>
<graphtext id="nev19800679n1-nev20846535n1">
<para id="nev19800679n1-nev20846475n73">
<ptxt id="nev19800679n1-nev20846475n74">Remove the screws.</ptxt>
</para>
</graphtext>
</grate>
</procstep>
<procstep id="nev19800679n1-nev20405231n80">
<grate id="nev19800679n1-nev20846475n71">
<graphic id="nev19800679n1-nev20846475n72">
<href>0900c8af854459b#@#@#9#.jpeg</href>
</graphic>
<graphtext id="nev19800679n1-nev20846539n1">
<para id="nev19800679n1-nev20846475n69">
<ptxt id="nev19800679n1-nev20846475n70">Remove the screws.</ptxt>
</para>
</graphtext>
</grate>
</procstep>
<procstep id="nev19800679n1-nev20404644n4">
<title id="nev19800679n1-0800c8af84fbdb36">Cars with autom#@#@#13#sions</title>
</procstep>
<procstep id="nev19800679n1-nev20404644n7">
<grate id="nev19800679n1-nev20846475n67">
<graphic id="nev19800679n1-nev20846475n68">
<href>0900c8af8430bbd#@#@#9#.jpeg</href>
</graphic>
</grate>
</procstep>
<procstep id="nev19800679n1-nev20404644n10">
<grate id="nev19800679n1-nev20846475n65">
<graphic id="nev19800679n1-nev20846475n66">
<href>0900c8af8430bbd#@#@#9#.jpeg</href>
</graphic>
<graphtext id="nev19800679n1-nev20846546n1">
<para id="nev19800679n1-nev20846475n63">
<ptxt id="nev19800679n1-nev20846475n64">Release the shi#@#@#12#tion.</ptxt>
</para>
</graphtext>
</grate>
</procstep>
<procstep id="nev19800679n1-nev20404645n7">
<title id="nev19800679n1-0800c8af844a41e8">All vehicles</title>
</procstep>
<procstep id="nev19800679n1-nev20404647n7">
<grate id="nev19800679n1-nev20846475n61">
<graphic id="nev19800679n1-nev20846475n62">
<href>0900c8af84e9826#@#@#9#.jpeg</href>
</graphic>
<graphtext id="nev19800679n1-nev20846550n1">
<para id="nev19800679n1-nev20846475n59">
<ptxt id="nev19800679n1-nev20846475n60">Remove the panel.</ptxt>
</para>
</graphtext>
</grate>
</procstep>
<procstep id="nev19800679n1-nev20404648n4">
<title id="nev19800679n1-0800c8af84fbdb35">Cars with manua#@#@#10#sions</title>
</procstep>
<procstep id="nev19800679n1-nev20404648n7">
<grate id="nev19800679n1-nev20846475n57">
<graphic id="nev19800679n1-nev20846475n58">
<href>0900c8af84fd0e3#@#@#9#.jpeg</href>
</graphic>
</grate>
</procstep>
<procstep id="nev19800679n1-nev20404650n2">
<title id="nev19800679n1-0800c8af844a41e8">All vehicles</title>
</procstep>
<procstep id="nev19800679n1-nev20404650n5">
<grate id="nev19800679n1-nev20846475n55">
<graphic id="nev19800679n1-nev20846475n56">
<href>0900c8af8430bcd#@#@#9#.jpeg</href>
</graphic>
</grate>
</procstep>
<procstep id="nev19800679n1-nev20404650n8">
<grate id="nev19800679n1-nev20846475n53">
<graphic id="nev19800679n1-nev20846475n54">
<href>0900c8af8430bcf#@#@#9#.jpeg</href>
</graphic>
</grate>
</procstep>
<procstep id="nev19800679n1-nev20404651n1">
<grate id="nev19800679n1-nev20846475n51">
<graphic id="nev19800679n1-nev20846475n52">
<href>0900c8af8430bd0#@#@#9#.jpeg</href>
</graphic>
<graphtext id="nev19800679n1-nev20846563n1">
<para id="nev19800679n1-nev20846475n49">
<ptxt id="nev19800679n1-nev20846475n50">Remove the screws.</ptxt>
</para>
</graphtext>
</grate>
</procstep>
<procstep id="nev19800679n1-nev20404651n8">
<grate id="nev19800679n1-nev20846475n47">
<graphic id="nev19800679n1-nev20846475n48">
<href>0900c8af8600bb1#@#@#9#.jpeg</href>
</graphic>
<graphtext id="nev19800679n1-nev20846567n1">
<para id="nev19800679n1-nev20846475n45">
<ptxt id="nev19800679n1-nev20846475n46">Remove the screws.</ptxt>
</para>
</graphtext>
</grate>
</procstep>
<procstep id="nev19800679n1-nev20404630n10">
<grate id="nev19800679n1-nev20846475n43">
<graphic id="nev19800679n1-nev20846475n44">
<href>0900c8af85c6c0e#@#@#9#.jpeg</href>
</graphic>
<graphtext id="nev19800679n1-nev20846571n1">
<para id="nev19800679n1-nev20846475n41">
<ptxt id="nev19800679n1-nev20846475n42">Adjust to the l#@#@#13#tion.</ptxt>
</para>
<para id="nev19800679n1-nev20846475n39">
<ptxt id="nev19800679n1-nev20846475n40">Repeat on the o#@#@#5#side.</ptxt>
</para>
</graphtext>
</grate>
</procstep>
<procstep id="nev19800679n1-nev20404631n10">
<grate id="nev19800679n1-nev20846475n37">
<graphic id="nev19800679n1-nev20846475n38">
<href>0900c8af85c6c0f#@#@#9#.jpeg</href>
</graphic>
<graphtext id="nev19800679n1-nev20846575n1">
<para id="nev19800679n1-nev20846475n35">
<ptxt id="nev19800679n1-nev20846475n36">Adjust the seat#@#@#63#oved.</ptxt>
</para>
<para id="nev19800679n1-nev20846475n33">
<ptxt id="nev19800679n1-nev20846475n34">Repeat on the o#@#@#5#side.</ptxt>
</para>
</graphtext>
</grate>
</procstep>
<procstep id="nev19800679n1-nev20404632n10">
<grate id="nev19800679n1-nev20846475n31">
<graphic id="nev19800679n1-nev20846475n32">
<href>0900c8af84aa367#@#@#9#.jpeg</href>
</graphic>
<graphtext id="nev19800679n1-nev20846579n1">
<list1 enumtype="n" id="nev19800679n1-nev20404633n4" type="ordered">
<item id="nev19800679n1-nev20846475n30">
<ptxt id="nev19800679n1-nev20846475n29">Set the ignitio#@#@#15#on 0.</ptxt>
</item>
<item id="nev19800679n1-nev20846475n28">
<ptxt id="nev19800679n1-nev20846475n27">Remove the batt#@#@#16#able.</ptxt>
</item>
</list1>
</graphtext>
</grate>
</procstep>
<procstep id="nev19800679n1-nev20404652n5">
<grate id="nev19800679n1-nev20846475n25">
<graphic id="nev19800679n1-nev20846475n26">
<href>0900c8af8493034#@#@#9#.jpeg</href>
</graphic>
</grate>
</procstep>
<procstep id="nev19800679n1-nev20404652n8">
<grate id="nev19800679n1-nev20846475n23">
<graphic id="nev19800679n1-nev20846475n24">
<href>0900c8af84e9826#@#@#9#.jpeg</href>
</graphic>
</grate>
</procstep>
<procstep id="nev19800679n1-nev20404653n1">
<grate id="nev19800679n1-nev20846475n21">
<graphic id="nev19800679n1-nev20846475n22">
<href>0900c8af84e9826#@#@#9#.jpeg</href>
</graphic>
<graphtext id="nev19800679n1-nev20846589n1">
<para id="nev19800679n1-nev20846475n19">
<ptxt id="nev19800679n1-nev20846475n20">Remove the screws.</ptxt>
</para>
<para id="nev19800679n1-nev20846475n17">
<ptxt id="nev19800679n1-nev20846475n18">
<torque id="nev19800679n1-nev20404653n10">
<ref id="nev19800679n1-nev20404654n1">
<locator href="#nev19800679n1-nev20404654n1" label="L0"/>
<locator href="urn:x-nevis:xref:0800c8af83434e16:0000000000000000:0900c8af83434e1f#include" label="L1"/>
<arc from="L0" href="urn:x-nevis:xref:0800c8af83434e16:0900c8af83434e17:0900c8af83434e1f#include" role="urn:x-nevis:profile:0b00c8af82febdf9 urn:x-nevis:profile:0b00c8af83aff6b3 urn:x-nevis:profile:0b00c8af83f19e63 urn:x-nevis:profile:0b00c8af841552ad urn:x-nevis:profile:0b00c8af847139c0 urn:x-nevis:profile:0b00c8af84eb8111 urn:x-nevis:profile:0b00c8af8520c39e urn:x-nevis:profile:0b00c8af8568d0bf urn:x-nevis:profile:0b00c8af817ac33f urn:x-nevis:profile:0b00c8af82e3ac56 urn:x-nevis:profile:0b00c8af83affa46 urn:x-nevis:profile:0b00c8af83f1ad9d urn:x-nevis:profile:0b00c8af8415509d urn:x-nevis:profile:0b00c8af847139e4 urn:x-nevis:profile:0b00c8af84eb8113 urn:x-nevis:profile:0b00c8af8520c261 urn:x-nevis:profile:0b00c8af8020c058 urn:x-nevis:profile:0b00c8af80da257b urn:x-nevis:profile:0b00c8af823216e9 urn:x-nevis:profile:0b00c8af82e5d02d urn:x-nevis:profile:0b00c8af839eaa60 urn:x-nevis:profile:0b00c8af83f1a51f urn:x-nevis:profile:0b00c8af8414dfad urn:x-nevis:profile:0b00c8af847139e6 urn:x-nevis:profile:0b00c8af84eb810f urn:x-nevis:profile:0b00c8af846772f5 urn:x-nevis:profile:0b00c8af84eb8105 urn:x-nevis:profile:0b00c8af8520c3a5 urn:x-nevis:profile:0b00c8af856337af urn:x-nevis:profile:0b00c8af8621e88c urn:x-nevis:profile:0b00c8af863f4c3a urn:x-nevis:profile:0b00c8af86ea35a1 urn:x-nevis:profile:0b00c8af87344a46 urn:x-nevis:profile:0b00c8af86b49077 urn:x-nevis:profile:0b00c8af86ead04a urn:x-nevis:profile:0b00c8af87344e2d urn:x-nevis:profile:0b00c8af85633c05 urn:x-nevis:profile:0b00c8af8633603b urn:x-nevis:profile:0b00c8af86576304 urn:x-nevis:profile:0b00c8af86eb98d1 urn:x-nevis:profile:0b00c8af87344f63 urn:x-nevis:profile:0b00c8af87d95113 urn:x-nevis:profile:0b00c8af8259afd3 urn:x-nevis:profile:0b00c8af838b9dc6 urn:x-nevis:profile:0b00c8af83f1dcfd urn:x-nevis:profile:0b00c8af84116a24 urn:x-nevis:profile:0b00c8af8494c645 urn:x-nevis:profile:0b00c8af84eb8104 urn:x-nevis:profile:0b00c8af8520c3a1 urn:x-nevis:profile:0b00c8af856303ec urn:x-nevis:profile:0b00c8af8620f7a0 urn:x-nevis:profile:0b00c8af8656e7d2 urn:x-nevis:profile:0b00c8af83f4b28f urn:x-nevis:profile:0b00c8af8414d8c5 urn:x-nevis:profile:0b00c8af84adce3d urn:x-nevis:profile:0b00c8af84eb810a urn:x-nevis:profile:0b00c8af8520c3a2 urn:x-nevis:profile:0b00c8af85632e61 urn:x-nevis:profile:0b00c8af868ec1a4 urn:x-nevis:profile:0b00c8af85025cbc urn:x-nevis:profile:0b00c8af8569a64b urn:x-nevis:profile:0b00c8af862296a5 urn:x-nevis:profile:0b00c8af86576caa urn:x-nevis:profile:0b00c8af86eea749 urn:x-nevis:profile:0b00c8af87345825 urn:x-nevis:profile:0b00c8af8795b0ae urn:x-nevis:profile:0b00c8af85025cc4 urn:x-nevis:profile:0b00c8af8569a80c urn:x-nevis:profile:0b00c8af861bd2c7 urn:x-nevis:profile:0b00c8af86576f47 urn:x-nevis:profile:0b00c8af86eead74 urn:x-nevis:profile:0b00c8af87345b76 urn:x-nevis:profile:0b00c8af8795b0ab urn:x-nevis:profile:0b00c8af8020c05a urn:x-nevis:profile:0b00c8af80da257d urn:x-nevis:profile:0b00c8af823216ee urn:x-nevis:profile:0b00c8af82e5d352 urn:x-nevis:profile:0b00c8af839eacfa urn:x-nevis:profile:0b00c8af83f1a8d8 urn:x-nevis:profile:0b00c8af8414e27e urn:x-nevis:profile:0b00c8af847139e3 urn:x-nevis:profile:0b00c8af84eb8110 urn:x-nevis:profile:0b00c8af84677309 urn:x-nevis:profile:0b00c8af84eb810c urn:x-nevis:profile:0b00c8af8520c3a6 urn:x-nevis:profile:0b00c8af85633da2 urn:x-nevis:profile:0b00c8af86223698 urn:x-nevis:profile:0b00c8af863ffa7b urn:x-nevis:profile:0b00c8af86ec6047 urn:x-nevis:profile:0b00c8af87344fef urn:x-nevis:profile:0b00c8af86552501 urn:x-nevis:profile:0b00c8af8657680f urn:x-nevis:profile:0b00c8af86eddbce urn:x-nevis:profile:0b00c8af87345325 urn:x-nevis:profile:0b00c8af839e8e09 urn:x-nevis:profile:0b00c8af83f23801 urn:x-nevis:profile:0b00c8af84103b76 urn:x-nevis:profile:0b00c8af84adce35 urn:x-nevis:profile:0b00c8af84eb8108 urn:x-nevis:profile:0b00c8af8520c3a3 urn:x-nevis:profile:0b00c8af85632eb6 urn:x-nevis:profile:0b00c8af862154cd urn:x-nevis:profile:0b00c8af8656e95f urn:x-nevis:profile:0b00c8af83f34b0e urn:x-nevis:profile:0b00c8af841040db urn:x-nevis:profile:0b00c8af84ae12aa urn:x-nevis:profile:0b00c8af84eb810d urn:x-nevis:profile:0b00c8af8520c3a7 urn:x-nevis:profile:0b00c8af8569a13e urn:x-nevis:profile:0b00c8af86229467 urn:x-nevis:profile:0b00c8af864b2bae urn:x-nevis:profile:0b00c8af86ee512d urn:x-nevis:profile:0b00c8af839e8e0b urn:x-nevis:profile:0b00c8af83f24029 urn:x-nevis:profile:0b00c8af84103a21 urn:x-nevis:profile:0b00c8af84add34d urn:x-nevis:profile:0b00c8af84eb8109 urn:x-nevis:profile:0b00c8af8520c3a4 urn:x-nevis:profile:0b00c8af85633292 urn:x-nevis:profile:0b00c8af8621ada3 urn:x-nevis:profile:0b00c8af8656ed6f" title="VCC-284017-1, Framstol till kaross" to="L1"/>
</ref>
</torque>
</ptxt>
</para>
</graphtext>
</grate>
</procstep>
<procstep id="nev19800679n1-nev20404654n2">
<grate id="nev19800679n1-nev20846475n15">
<graphic id="nev19800679n1-nev20846475n16">
<href>0900c8af844a1c1#@#@#9#.jpeg</href>
</graphic>
</grate>
</procstep>
<procstep id="nev19800679n1-nev20404654n5">
<grate id="nev19800679n1-nev20846475n13">
<graphic id="nev19800679n1-nev20846475n14">
<href>0900c8af844a1c1#@#@#9#.jpeg</href>
</graphic>
<graphtext id="nev19800679n1-nev20846599n1">
<para id="nev19800679n1-nev20846475n11">
<ptxt id="nev19800679n1-nev20846475n12">Remove the screws.</ptxt>
</para>
<para id="nev19800679n1-nev20846475n9">
<ptxt id="nev19800679n1-nev20846475n10">
<torque id="nev19800679n1-nev20404655n4">
<ref id="nev19800679n1-nev20404655n5">
<locator href="#nev19800679n1-nev20404655n5" label="L0"/>
<locator href="urn:x-nevis:xref:0800c8af83434e16:0000000000000000:0900c8af83434e1f#include" label="L1"/>
<arc from="L0" href="urn:x-nevis:xref:0800c8af83434e16:0900c8af83434e17:0900c8af83434e1f#include" role="urn:x-nevis:profile:0b00c8af82febdf9 urn:x-nevis:profile:0b00c8af83aff6b3 urn:x-nevis:profile:0b00c8af83f19e63 urn:x-nevis:profile:0b00c8af841552ad urn:x-nevis:profile:0b00c8af847139c0 urn:x-nevis:profile:0b00c8af84eb8111 urn:x-nevis:profile:0b00c8af8520c39e urn:x-nevis:profile:0b00c8af8568d0bf urn:x-nevis:profile:0b00c8af817ac33f urn:x-nevis:profile:0b00c8af82e3ac56 urn:x-nevis:profile:0b00c8af83affa46 urn:x-nevis:profile:0b00c8af83f1ad9d urn:x-nevis:profile:0b00c8af8415509d urn:x-nevis:profile:0b00c8af847139e4 urn:x-nevis:profile:0b00c8af84eb8113 urn:x-nevis:profile:0b00c8af8520c261 urn:x-nevis:profile:0b00c8af8020c058 urn:x-nevis:profile:0b00c8af80da257b urn:x-nevis:profile:0b00c8af823216e9 urn:x-nevis:profile:0b00c8af82e5d02d urn:x-nevis:profile:0b00c8af839eaa60 urn:x-nevis:profile:0b00c8af83f1a51f urn:x-nevis:profile:0b00c8af8414dfad urn:x-nevis:profile:0b00c8af847139e6 urn:x-nevis:profile:0b00c8af84eb810f urn:x-nevis:profile:0b00c8af846772f5 urn:x-nevis:profile:0b00c8af84eb8105 urn:x-nevis:profile:0b00c8af8520c3a5 urn:x-nevis:profile:0b00c8af856337af urn:x-nevis:profile:0b00c8af8621e88c urn:x-nevis:profile:0b00c8af863f4c3a urn:x-nevis:profile:0b00c8af86ea35a1 urn:x-nevis:profile:0b00c8af87344a46 urn:x-nevis:profile:0b00c8af86b49077 urn:x-nevis:profile:0b00c8af86ead04a urn:x-nevis:profile:0b00c8af87344e2d urn:x-nevis:profile:0b00c8af85633c05 urn:x-nevis:profile:0b00c8af8633603b urn:x-nevis:profile:0b00c8af86576304 urn:x-nevis:profile:0b00c8af86eb98d1 urn:x-nevis:profile:0b00c8af87344f63 urn:x-nevis:profile:0b00c8af87d95113 urn:x-nevis:profile:0b00c8af8259afd3 urn:x-nevis:profile:0b00c8af838b9dc6 urn:x-nevis:profile:0b00c8af83f1dcfd urn:x-nevis:profile:0b00c8af84116a24 urn:x-nevis:profile:0b00c8af8494c645 urn:x-nevis:profile:0b00c8af84eb8104 urn:x-nevis:profile:0b00c8af8520c3a1 urn:x-nevis:profile:0b00c8af856303ec urn:x-nevis:profile:0b00c8af8620f7a0 urn:x-nevis:profile:0b00c8af8656e7d2 urn:x-nevis:profile:0b00c8af83f4b28f urn:x-nevis:profile:0b00c8af8414d8c5 urn:x-nevis:profile:0b00c8af84adce3d urn:x-nevis:profile:0b00c8af84eb810a urn:x-nevis:profile:0b00c8af8520c3a2 urn:x-nevis:profile:0b00c8af85632e61 urn:x-nevis:profile:0b00c8af868ec1a4 urn:x-nevis:profile:0b00c8af85025cbc urn:x-nevis:profile:0b00c8af8569a64b urn:x-nevis:profile:0b00c8af862296a5 urn:x-nevis:profile:0b00c8af86576caa urn:x-nevis:profile:0b00c8af86eea749 urn:x-nevis:profile:0b00c8af87345825 urn:x-nevis:profile:0b00c8af8795b0ae urn:x-nevis:profile:0b00c8af85025cc4 urn:x-nevis:profile:0b00c8af8569a80c urn:x-nevis:profile:0b00c8af861bd2c7 urn:x-nevis:profile:0b00c8af86576f47 urn:x-nevis:profile:0b00c8af86eead74 urn:x-nevis:profile:0b00c8af87345b76 urn:x-nevis:profile:0b00c8af8795b0ab urn:x-nevis:profile:0b00c8af8020c05a urn:x-nevis:profile:0b00c8af80da257d urn:x-nevis:profile:0b00c8af823216ee urn:x-nevis:profile:0b00c8af82e5d352 urn:x-nevis:profile:0b00c8af839eacfa urn:x-nevis:profile:0b00c8af83f1a8d8 urn:x-nevis:profile:0b00c8af8414e27e urn:x-nevis:profile:0b00c8af847139e3 urn:x-nevis:profile:0b00c8af84eb8110 urn:x-nevis:profile:0b00c8af84677309 urn:x-nevis:profile:0b00c8af84eb810c urn:x-nevis:profile:0b00c8af8520c3a6 urn:x-nevis:profile:0b00c8af85633da2 urn:x-nevis:profile:0b00c8af86223698 urn:x-nevis:profile:0b00c8af863ffa7b urn:x-nevis:profile:0b00c8af86ec6047 urn:x-nevis:profile:0b00c8af87344fef urn:x-nevis:profile:0b00c8af86552501 urn:x-nevis:profile:0b00c8af8657680f urn:x-nevis:profile:0b00c8af86eddbce urn:x-nevis:profile:0b00c8af87345325 urn:x-nevis:profile:0b00c8af839e8e09 urn:x-nevis:profile:0b00c8af83f23801 urn:x-nevis:profile:0b00c8af84103b76 urn:x-nevis:profile:0b00c8af84adce35 urn:x-nevis:profile:0b00c8af84eb8108 urn:x-nevis:profile:0b00c8af8520c3a3 urn:x-nevis:profile:0b00c8af85632eb6 urn:x-nevis:profile:0b00c8af862154cd urn:x-nevis:profile:0b00c8af8656e95f urn:x-nevis:profile:0b00c8af83f34b0e urn:x-nevis:profile:0b00c8af841040db urn:x-nevis:profile:0b00c8af84ae12aa urn:x-nevis:profile:0b00c8af84eb810d urn:x-nevis:profile:0b00c8af8520c3a7 urn:x-nevis:profile:0b00c8af8569a13e urn:x-nevis:profile:0b00c8af86229467 urn:x-nevis:profile:0b00c8af864b2bae urn:x-nevis:profile:0b00c8af86ee512d urn:x-nevis:profile:0b00c8af839e8e0b urn:x-nevis:profile:0b00c8af83f24029 urn:x-nevis:profile:0b00c8af84103a21 urn:x-nevis:profile:0b00c8af84add34d urn:x-nevis:profile:0b00c8af84eb8109 urn:x-nevis:profile:0b00c8af8520c3a4 urn:x-nevis:profile:0b00c8af85633292 urn:x-nevis:profile:0b00c8af8621ada3 urn:x-nevis:profile:0b00c8af8656ed6f" title="VCC-284017-1, Framstol till kaross" to="L1"/>
</ref>
</torque>
</ptxt>
</para>
</graphtext>
</grate>
</procstep>
<procstep id="nev19800679n1-nev20404655n6">
<title id="nev19800679n1-0800c8af8555f511">Alternative 1</title>
</procstep>
<procstep id="nev19800679n1-nev20404655n9">
<grate id="nev19800679n1-nev20846475n7">
<graphic id="nev19800679n1-nev20846475n8">
<href>0900c8af861d989#@#@#9#.jpeg</href>
</graphic>
</grate>
</procstep>
<procstep id="nev19800679n1-nev20404656n2">
<title id="nev19800679n1-0800c8af8555f514">Alternative 2</title>
</procstep>
<procstep id="nev19800679n1-nev20404656n5">
<grate id="nev19800679n1-nev20846475n5">
<graphic id="nev19800679n1-nev20846475n6">
<href>0900c8af861d988#@#@#9#.jpeg</href>
</graphic>
</grate>
</procstep>
<procstep id="nev19800679n1-nev20404656n8">
<grate id="nev19800679n1-nev20846475n3">
<graphic id="nev19800679n1-nev20846475n4">
<href>0900c8af861d989#@#@#9#.jpeg</href>
</graphic>
</grate>
</procstep>
<procstep id="nev19800679n1-nev20404657n1">
<title id="nev19800679n1-0800c8af844a41e8">All vehicles</title>
</procstep>
<procstep id="nev19800679n1-nev20404657n4">
<grate id="nev19800679n1-nev20846475n1">
<graphic id="nev19800679n1-nev20846475n2">
<href>0900c8af8493038#@#@#9#.jpeg</href>
</graphic>
</grate>
</procstep>
<procstep id="nev19800679n1-nev20404657n7">
<grate id="nev19800679n1-nev20846476n99">
<graphic id="nev19800679n1-nev20846476n100">
<href>0900c8af85cbf26#@#@#9#.jpeg</href>
</graphic>
<graphtext id="nev19800679n1-nev20846618n1">
<note id="nev19800679n1-0800c8af85b47f49">
<ptxt>Orientation view</ptxt>
</note>
</graphtext>
</grate>
</procstep>
<procstep id="nev19800679n1-nev20404658n3">
<grate id="nev19800679n1-nev20846476n97">
<graphic id="nev19800679n1-nev20846476n98">
<href>0900c8af8493576#@#@#9#.jpeg</href>
</graphic>
<graphtext id="nev19800679n1-nev20846622n1">
<para id="nev19800679n1-nev20846476n95">
<ptxt id="nev19800679n1-nev20846476n96">Loosen the screws.</ptxt>
</para>
<para id="nev19800679n1-nev20846476n93">
<ptxt id="nev19800679n1-nev20846476n94">Disconnect the #@#@#5#ctor.</ptxt>
</para>
</graphtext>
</grate>
</procstep>
<procstep id="nev19800679n1-nev20404659n3">
<grate id="nev19800679n1-nev20846476n91">
<graphic id="nev19800679n1-nev20846476n92">
<href>0900c8af849303d#@#@#9#.jpeg</href>
</graphic>
<graphtext id="nev19800679n1-nev20846626n1">
<caution id="nev19800679n1-0800c8af84ffc72e">
<ptxt>Be extra carefu#@#@#40#nent.</ptxt>
</caution>
</graphtext>
</grate>
</procstep>
<procstep id="nev19800679n1-nev20404659n9">
<grate id="nev19800679n1-nev20846476n89">
<graphic id="nev19800679n1-nev20846476n90">
<href>0900c8af8555326#@#@#9#.jpeg</href>
</graphic>
<graphtext id="nev19800679n1-nev20846630n1">
<para id="nev19800679n1-nev20846476n87">
<ptxt id="nev19800679n1-nev20846476n88">
<equipment equipmentid="" equipmentname="Electrician's screwdriver" id="nev19800679n1-nev20404660n5"/>
</ptxt>
</para>
</graphtext>
</grate>
</procstep>
<procstep id="nev19800679n1-nev20404660n6">
<grate id="nev19800679n1-nev20846476n85">
<graphic id="nev19800679n1-nev20846476n86">
<href>0900c8af8555327#@#@#9#.jpeg</href>
</graphic>
</grate>
</procstep>
<procstep id="nev19800679n1-nev20404660n9">
<grate id="nev19800679n1-nev20846476n83">
<graphic id="nev19800679n1-nev20846476n84">
<href>0900c8af85f8885#@#@#9#.jpeg</href>
</graphic>
<graphtext id="nev19800679n1-nev20846640n1">
<para id="nev19800679n1-nev20846476n81">
<ptxt id="nev19800679n1-nev20846476n82">Repeat the step#@#@#28#side.</ptxt>
</para>
</graphtext>
</grate>
</procstep>
</stepgrp>
<stepgrp boilerplate="false" context="" id="nev19800679n1-nev20846476n80">
<title id="nev19800679n1-0800c8af84fbdb3d">Accessory insta#@#@#2#ation</title>
<procstep id="nev19800679n1-nev20404663n2">
<grate id="nev19800679n1-nev20846476n78">
<graphic id="nev19800679n1-nev20846476n79">
<href>0900c8af8633dc6#@#@#9#.jpeg</href>
</graphic>
<graphtext id="nev19800679n1-nev20846644n1">
<para id="nev19800679n1-nev20846476n76">
<ptxt id="nev19800679n1-nev20846476n77">Thread the cabl#@#@#42#ting.</ptxt>
</para>
<para id="nev19800679n1-nev20846476n74">
<ptxt id="nev19800679n1-nev20846476n75">Route the cable#@#@#81#tion.</ptxt>
</para>
<para id="nev19800679n1-nev20846476n72">
<ptxt id="nev19800679n1-nev20846476n73">
<material id="nev19800679n1-nev20797154n30" materialid="988734" materialname="Cable tie, 750 mm" quantity="0.0" showInProcStep="true"/>
</ptxt>
</para>
</graphtext>
</grate>
</procstep>
<procstep id="nev19800679n1-nev20404663n9">
<grate id="nev19800679n1-nev20846476n70">
<graphic id="nev19800679n1-nev20846476n71">
<href>0900c8af861e150#@#@#9#.jpeg</href>
</graphic>
<graphtext id="nev19800679n1-nev20846651n1">
<para id="nev19800679n1-nev20846476n68">
<ptxt id="nev19800679n1-nev20846476n69">Place the compo#@#@#31#phic.</ptxt>
</para>
</graphtext>
</grate>
</procstep>
<procstep id="nev19800679n1-nev20404664n8">
<grate id="nev19800679n1-nev20846476n66">
<graphic id="nev19800679n1-nev20846476n67">
<href>0900c8af8611092#@#@#9#.jpeg</href>
</graphic>
</grate>
</procstep>
<procstep id="nev19800679n1-nev20404665n1">
<grate id="nev19800679n1-nev20846476n64">
<graphic id="nev19800679n1-nev20846476n65">
<href>0900c8af8611096#@#@#9#.jpeg</href>
</graphic>
<graphtext id="nev19800679n1-nev20846658n1">
<para id="nev19800679n1-nev20846476n62">
<ptxt id="nev19800679n1-nev20846476n63">
<material id="nev19800679n1-nev20404665n7" materialid="" materialname="Electrical tape" quantity="0.0" showInProcStep="true"/>
</ptxt>
</para>
</graphtext>
</grate>
</procstep>
<procstep id="nev19800679n1-nev20404665n8">
<grate id="nev19800679n1-nev20846476n60">
<graphic id="nev19800679n1-nev20846476n61">
<href>0900c8af863451c#@#@#9#.jpeg</href>
</graphic>
<graphtext id="nev19800679n1-nev20846665n1">
<para id="nev19800679n1-nev20846476n58">
<ptxt id="nev19800679n1-nev20846476n59">Pull the wiring#@#@#4#ough.</ptxt>
</para>
</graphtext>
</grate>
</procstep>
<procstep id="nev19800679n1-nev20782848n24">
<grate id="nev19800679n1-nev20846476n56">
<graphic id="nev19800679n1-nev20846476n57">
<href>0900c8af862a715#@#@#9#.jpeg</href>
</graphic>
<graphtext id="nev19800679n1-nev20846669n1">
<para id="nev19800679n1-nev20846476n54">
<ptxt id="nev19800679n1-nev20846476n55">Pull the wiring#@#@#4#ough.</ptxt>
</para>
<para id="nev19800679n1-nev20846476n52">
<ptxt id="nev19800679n1-nev20846476n53">Remove the tape.</ptxt>
</para>
</graphtext>
</grate>
</procstep>
<procstep id="nev19800679n1-nev20404666n8">
<grate id="nev19800679n1-nev20846476n50">
<graphic id="nev19800679n1-nev20846476n51">
<href>0900c8af861e150#@#@#9#.jpeg</href>
</graphic>
<graphtext id="nev19800679n1-nev20846673n1">
<para id="nev19800679n1-nev20846476n48">
<ptxt id="nev19800679n1-nev20846476n49">Place the compo#@#@#31#phic.</ptxt>
</para>
<para id="nev19800679n1-nev20846476n46">
<ptxt id="nev19800679n1-nev20846476n47">The cables must#@#@#48#tube.</ptxt>
</para>
</graphtext>
</grate>
</procstep>
<procstep id="nev19800679n1-nev20404667n1">
<grate id="nev19800679n1-nev20846476n44">
<graphic id="nev19800679n1-nev20846476n45">
<href>0900c8af861e150#@#@#9#.jpeg</href>
</graphic>
<graphtext id="nev19800679n1-nev20846677n1">
<para id="nev19800679n1-nev20846476n42">
<ptxt id="nev19800679n1-nev20846476n43">Pull the wiring#@#@#4#ough.</ptxt>
</para>
</graphtext>
</grate>
</procstep>
<procstep id="nev19800679n1-nev20404667n8">
<grate id="nev19800679n1-nev20846476n40">
<graphic id="nev19800679n1-nev20846476n41">
<href>0900c8af861e150#@#@#9#.jpeg</href>
</graphic>
<graphtext id="nev19800679n1-nev20846681n1">
<caution id="nev19800679n1-0800c8af862f9a93">
<ptxt>Check that the #@#@#39#tion.</ptxt>
</caution>
</graphtext>
</grate>
</procstep>
<procstep id="nev19800679n1-nev20404668n1">
<grate id="nev19800679n1-nev20846476n38">
<graphic id="nev19800679n1-nev20846476n39">
<href>0900c8af83ca595#@#@#9#.jpeg</href>
</graphic>
<graphtext id="nev19800679n1-nev20846685n1">
<para id="nev19800679n1-nev20846476n36">
<ptxt id="nev19800679n1-nev20846476n37">The image shows#@#@#20#tery.</ptxt>
</para>
<para id="nev19800679n1-nev20846476n34">
<ptxt id="nev19800679n1-nev20846476n35">Using your fing#@#@#124#tery.</ptxt>
</para>
<list1 enumtype="n" id="nev19800679n1-nev20404669n1" type="ordered">
<item id="nev19800679n1-nev20846476n33">
<ptxt id="nev19800679n1-nev20846476n32">padding</ptxt>
</item>
<item id="nev19800679n1-nev20846476n31">
<ptxt id="nev19800679n1-nev20846476n30">Protective pad</ptxt>
</item>
</list1>
</graphtext>
</grate>
</procstep>
<procstep id="nev19800679n1-nev20404669n8">
<grate id="nev19800679n1-nev20846476n28">
<graphic id="nev19800679n1-nev20846476n29">
<href>0900c8af85cd7ed#@#@#9#.jpeg</href>
</graphic>
<graphtext id="nev19800679n1-nev20846689n1">
<caution id="nev19800679n1-0800c8af844a4131">
<ptxt>Make sure that #@#@#36#pped.</ptxt>
</caution>
<para id="nev19800679n1-nev20846476n26">
<ptxt id="nev19800679n1-nev20846476n27">The image shows#@#@#20#tery.</ptxt>
</para>
<para id="nev19800679n1-nev20846476n24">
<ptxt id="nev19800679n1-nev20846476n25">Route the cable#@#@#34#ness.</ptxt>
</para>
<para id="nev19800679n1-nev20846476n22">
<ptxt id="nev19800679n1-nev20846476n23">Install the cable.</ptxt>
</para>
</graphtext>
</grate>
</procstep>
<procstep id="nev19800679n1-nev20404670n10">
<grate id="nev19800679n1-nev20846476n20">
<graphic id="nev19800679n1-nev20846476n21">
<href>0900c8af85cbf33#@#@#9#.jpeg</href>
</graphic>
<graphtext id="nev19800679n1-nev20846693n1">
<note id="nev19800679n1-0800c8af85b47f49">
<ptxt>Orientation view</ptxt>
</note>
</graphtext>
</grate>
</procstep>
<procstep id="nev19800679n1-nev20404671n6">
<grate id="nev19800679n1-nev20846476n18">
<graphic id="nev19800679n1-nev20846476n19">
<href>0900c8af85cbf32#@#@#9#.jpeg</href>
</graphic>
<graphtext id="nev19800679n1-nev20846697n1">
<note id="nev19800679n1-0800c8af85df4c6e">
<ptxt>The graphic sho#@#@#39#oval.</ptxt>
</note>
</graphtext>
</grate>
</procstep>
<procstep id="nev19800679n1-nev20404672n2">
<grate id="nev19800679n1-nev20846476n16">
<graphic id="nev19800679n1-nev20846476n17">
<href>0900c8af85cbf35#@#@#9#.jpeg</href>
</graphic>
<graphtext id="nev19800679n1-nev20846701n1">
<para id="nev19800679n1-nev20846476n14">
<ptxt id="nev19800679n1-nev20846476n15">Remove the screw.</ptxt>
</para>
</graphtext>
</grate>
</procstep>
<procstep id="nev19800679n1-nev20404672n9">
<grate id="nev19800679n1-nev20846476n12">
<graphic id="nev19800679n1-nev20846476n13">
<href>0900c8af85cbf3d#@#@#9#.jpeg</href>
</graphic>
</grate>
</procstep>
<procstep id="nev19800679n1-nev20404673n2">
<grate id="nev19800679n1-nev20846476n10">
<graphic id="nev19800679n1-nev20846476n11">
<href>0900c8af861da4b#@#@#9#.jpeg</href>
</graphic>
<graphtext id="nev19800679n1-nev20846708n1">
<note id="nev19800679n1-0800c8af84fbda98">
<ptxt>Extra cable len#@#@#32#ties.</ptxt>
</note>
<para id="nev19800679n1-nev20846476n8">
<ptxt id="nev19800679n1-nev20846476n9">Install the cable.</ptxt>
</para>
</graphtext>
</grate>
</procstep>
<procstep id="nev19800679n1-nev20404674n1">
<grate id="nev19800679n1-nev20846476n6">
<graphic id="nev19800679n1-nev20846476n7">
<href>0900c8af85f8885#@#@#9#.jpeg</href>
</graphic>
<graphtext id="nev19800679n1-nev20846712n1">
<para id="nev19800679n1-nev20846476n4">
<ptxt id="nev19800679n1-nev20846476n5">Repeat the step#@#@#42#side.</ptxt>
</para>
</graphtext>
</grate>
</procstep>
</stepgrp>
<stepgrp boilerplate="false" context="" id="nev19800679n1-nev20846476n3">
<title id="nev19800679n1-0800c8af844a46f6">Removal</title>
<procstep id="nev19800679n1-nev20404674n8">
<grate id="nev19800679n1-nev20846476n1">
<graphic id="nev19800679n1-nev20846476n2">
<href>0900c8af8430bd2#@#@#9#.jpeg</href>
</graphic>
</grate>
</procstep>
<procstep id="nev19800679n1-nev20404675n1">
<title id="nev19800679n1-0800c8af84fbdb29">Vehicles with h#@#@#9#ckets</title>
</procstep>
<procstep id="nev19800679n1-nev20404675n4">
<grate id="nev19800679n1-nev20846477n99">
<graphic id="nev19800679n1-nev20846477n100">
<href>0900c8af8430bd6#@#@#9#.jpeg</href>
</graphic>
</grate>
</procstep>
<procstep id="nev19800679n1-nev20404675n7">
<grate id="nev19800679n1-nev20846477n97">
<graphic id="nev19800679n1-nev20846477n98">
<href>0900c8af8430bd7#@#@#9#.jpeg</href>
</graphic>
<graphtext id="nev19800679n1-nev20846722n1">
<para id="nev19800679n1-nev20846477n95">
<ptxt id="nev19800679n1-nev20846477n96">Disconnect the #@#@#5#ctor.</ptxt>
</para>
</graphtext>
</grate>
</procstep>
<procstep id="nev19800679n1-nev20404676n4">
<title id="nev19800679n1-0800c8af844a41e8">All vehicles</title>
</procstep>
<procstep id="nev19800679n1-nev20404676n7">
<grate id="nev19800679n1-nev20846477n93">
<graphic id="nev19800679n1-nev20846477n94">
<href>0900c8af8430bcd#@#@#9#.jpeg</href>
</graphic>
</grate>
</procstep>
<procstep id="nev19800679n1-nev20404676n10">
<grate id="nev19800679n1-nev20846477n91">
<graphic id="nev19800679n1-nev20846477n92">
<href>0900c8af849304e#@#@#9#.jpeg</href>
</graphic>
</grate>
</procstep>
<procstep id="nev19800679n1-nev20404677n3">
<grate id="nev19800679n1-nev20846477n89">
<graphic id="nev19800679n1-nev20846477n90">
<href>0900c8af8430bdb#@#@#9#.jpeg</href>
</graphic>
</grate>
</procstep>
<procstep id="nev19800679n1-nev20404677n6">
<grate id="nev19800679n1-nev20846477n87">
<graphic id="nev19800679n1-nev20846477n88">
<href>0900c8af8430bdc#@#@#9#.jpeg</href>
</graphic>
</grate>
</procstep>
<procstep id="nev19800679n1-nev20404677n9">
<grate id="nev19800679n1-nev20846477n85">
<graphic id="nev19800679n1-nev20846477n86">
<href>0900c8af849304f#@#@#9#.jpeg</href>
</graphic>
<graphtext id="nev19800679n1-nev20846738n1">
<para id="nev19800679n1-nev20846477n83">
<ptxt id="nev19800679n1-nev20846477n84">Remove the screws.</ptxt>
</para>
</graphtext>
</grate>
</procstep>
<procstep id="nev19800679n1-nev20404678n6">
<grate id="nev19800679n1-nev20846477n81">
<graphic id="nev19800679n1-nev20846477n82">
<href>0900c8af84fa290#@#@#9#.jpeg</href>
</graphic>
<graphtext id="nev19800679n1-nev20846742n1">
<para id="nev19800679n1-nev20846477n79">
<ptxt id="nev19800679n1-nev20846477n80">Disconnect the #@#@#5#ctor.</ptxt>
</para>
</graphtext>
</grate>
</procstep>
</stepgrp>
<stepgrp boilerplate="false" context="" id="nev19800679n1-nev20846477n78">
<title id="nev19800679n1-0800c8af84fbdb3d">Accessory insta#@#@#2#ation</title>
<procstep id="nev19800679n1-nev20404679n3">
<grate id="nev19800679n1-nev20846477n76">
<graphic id="nev19800679n1-nev20846477n77">
<href>0900c8af84fa292#@#@#9#.jpeg</href>
</graphic>
<graphtext id="nev19800679n1-nev20846746n1">
<para id="nev19800679n1-nev20846477n74">
<ptxt id="nev19800679n1-nev20846477n75">Install compone#@#@#32# kit.</ptxt>
</para>
<para id="nev19800679n1-nev20846477n72">
<ptxt id="nev19800679n1-nev20846477n73">Connect the con#@#@#2#ctor.</ptxt>
</para>
</graphtext>
</grate>
</procstep>
<procstep id="nev19800679n1-nev20404680n3">
<grate id="nev19800679n1-nev20846477n70">
<graphic id="nev19800679n1-nev20846477n71">
<href>0900c8af84fa293#@#@#9#.jpeg</href>
</graphic>
<graphtext id="nev19800679n1-nev20846750n1">
<para id="nev19800679n1-nev20846477n68">
<ptxt id="nev19800679n1-nev20846477n69">Connect the con#@#@#2#ctor.</ptxt>
</para>
</graphtext>
</grate>
</procstep>
<procstep id="nev19800679n1-nev20404680n10">
<grate id="nev19800679n1-nev20846477n66">
<graphic id="nev19800679n1-nev20846477n67">
<href>0900c8af84fa293#@#@#9#.jpeg</href>
</graphic>
<graphtext id="nev19800679n1-nev20846754n1">
<para id="nev19800679n1-nev20846477n64">
<ptxt id="nev19800679n1-nev20846477n65">Install the par#@#@#13#tape.</ptxt>
</para>
</graphtext>
</grate>
</procstep>
<procstep id="nev19800679n1-nev20404681n7">
<grate id="nev19800679n1-nev20846477n62">
<graphic id="nev19800679n1-nev20846477n63">
<href>0900c8af84950dd#@#@#9#.jpeg</href>
</graphic>
<graphtext id="nev19800679n1-nev20846758n1">
<para id="nev19800679n1-nev20846477n60">
<ptxt id="nev19800679n1-nev20846477n61">Pull the wiring#@#@#4#ough.</ptxt>
</para>
</graphtext>
</grate>
</procstep>
<procstep id="nev19800679n1-nev20782849n5">
<grate id="nev19800679n1-nev20846477n58">
<graphic id="nev19800679n1-nev20846477n59">
<href>0900c8af849304f#@#@#9#.jpeg</href>
</graphic>
<graphtext id="nev19800679n1-nev20846762n1">
<caution id="nev19800679n1-0800c8af844a4131">
<ptxt>Make sure that #@#@#36#pped.</ptxt>
</caution>
<para id="nev19800679n1-nev20846477n56">
<ptxt id="nev19800679n1-nev20846477n57">Reinstall the r#@#@#7#part.</ptxt>
</para>
</graphtext>
</grate>
</procstep>
<procstep id="nev19800679n1-nev20404636n6">
<grate id="nev19800679n1-nev20846477n54">
<graphic id="nev19800679n1-nev20846477n55">
<href>0900c8af84fee39#@#@#9#.jpeg</href>
</graphic>
<graphtext id="nev19800679n1-nev20846766n1">
<para id="nev19800679n1-nev20846477n52">
<ptxt id="nev19800679n1-nev20846477n53">Remove the panel.</ptxt>
</para>
</graphtext>
</grate>
</procstep>
<procstep id="nev19800679n1-nev20404682n4">
<grate id="nev19800679n1-nev20846477n50">
<graphic id="nev19800679n1-nev20846477n51">
<href>0900c8af85d83d2#@#@#9#.jpeg</href>
</graphic>
</grate>
</procstep>
<procstep id="nev19800679n1-nev20404682n7">
<grate id="nev19800679n1-nev20846477n48">
<graphic id="nev19800679n1-nev20846477n49">
<href>0900c8af85d83d0#@#@#9#.jpeg</href>
</graphic>
<graphtext id="nev19800679n1-nev20846773n1">
<para id="nev19800679n1-nev20846477n46">
<ptxt id="nev19800679n1-nev20846477n47">Locate the conn#@#@#1#ctor.</ptxt>
</para>
<para id="nev19800679n1-nev20846477n44">
<ptxt id="nev19800679n1-nev20846477n45">Disconnect the #@#@#5#ctor.</ptxt>
</para>
</graphtext>
</grate>
</procstep>
<procstep id="nev19800679n1-nev20404683n7">
<grate id="nev19800679n1-nev20846477n42">
<graphic id="nev19800679n1-nev20846477n43">
<href>0900c8af860cec3#@#@#9#.jpeg</href>
</graphic>
<graphtext id="nev19800679n1-nev20846777n1">
<para id="nev19800679n1-nev20846477n40">
<ptxt id="nev19800679n1-nev20846477n41">Install compone#@#@#32# kit.</ptxt>
</para>
<para id="nev19800679n1-nev20846477n38">
<ptxt id="nev19800679n1-nev20846477n39">Connect the con#@#@#2#ctor.</ptxt>
</para>
</graphtext>
</grate>
</procstep>
<procstep id="nev19800679n1-nev20404684n7">
<grate id="nev19800679n1-nev20846477n36">
<graphic id="nev19800679n1-nev20846477n37">
<href>0900c8af8572e4b#@#@#9#.jpeg</href>
</graphic>
<graphtext id="nev19800679n1-nev20846781n1">
<para id="nev19800679n1-nev20846477n34">
<ptxt id="nev19800679n1-nev20846477n35">Connect the con#@#@#2#ctor.</ptxt>
</para>
</graphtext>
</grate>
</procstep>
<procstep id="nev19800679n1-nev20404691n8">
<grate id="nev19800679n1-nev20846477n32">
<graphic id="nev19800679n1-nev20846477n33">
<href>0900c8af8631885#@#@#9#.jpeg</href>
</graphic>
</grate>
</procstep>
<procstep id="nev19800679n1-nev20404685n4">
<grate id="nev19800679n1-nev20846477n30">
<graphic id="nev19800679n1-nev20846477n31">
<href>0900c8af860cec9#@#@#9#.jpeg</href>
</graphic>
<graphtext id="nev19800679n1-nev20846788n1">
<para id="nev19800679n1-nev20846477n28">
<ptxt id="nev19800679n1-nev20846477n29">Install compone#@#@#32# kit.</ptxt>
</para>
</graphtext>
</grate>
</procstep>
<procstep id="nev19800679n1-nev20404686n1">
<grate id="nev19800679n1-nev20846477n26">
<graphic id="nev19800679n1-nev20846477n27">
<href>0900c8af860cedc#@#@#9#.jpeg</href>
</graphic>
<graphtext id="nev19800679n1-nev20846792n1">
<para id="nev19800679n1-nev20846477n24">
<ptxt id="nev19800679n1-nev20846477n25">Connect the con#@#@#2#ctor.</ptxt>
</para>
</graphtext>
</grate>
</procstep>
<procstep id="nev19800679n1-nev20404686n8">
<grate id="nev19800679n1-nev20846477n22">
<graphic id="nev19800679n1-nev20846477n23">
<href>0900c8af860e8fb#@#@#9#.jpeg</href>
</graphic>
<graphtext id="nev19800679n1-nev20846796n1">
<para id="nev19800679n1-nev20846477n20">
<ptxt id="nev19800679n1-nev20846477n21">Install the cables.</ptxt>
</para>
</graphtext>
</grate>
</procstep>
<procstep id="nev19800679n1-nev20404687n5">
<grate id="nev19800679n1-nev20846477n18">
<graphic id="nev19800679n1-nev20846477n19">
<href>0900c8af860d493#@#@#9#.jpeg</href>
</graphic>
</grate>
</procstep>
<procstep id="nev19800679n1-nev20404687n8">
<grate id="nev19800679n1-nev20846477n16">
<graphic id="nev19800679n1-nev20846477n17">
<href>0900c8af860d4bf#@#@#9#.jpeg</href>
</graphic>
<graphtext id="nev19800679n1-nev20846803n1">
<para id="nev19800679n1-nev20846477n14">
<ptxt id="nev19800679n1-nev20846477n15">Pull the wiring#@#@#4#ough.</ptxt>
</para>
</graphtext>
</grate>
</procstep>
<procstep id="nev19800679n1-nev20404688n5">
<grate id="nev19800679n1-nev20846477n12">
<graphic id="nev19800679n1-nev20846477n13">
<href>0900c8af860d4fd#@#@#9#.jpeg</href>
</graphic>
<graphtext id="nev19800679n1-nev20846807n1">
<para id="nev19800679n1-nev20846477n10">
<ptxt id="nev19800679n1-nev20846477n11">Connect the con#@#@#3#tors.</ptxt>
</para>
</graphtext>
</grate>
</procstep>
<procstep id="nev19800679n1-nev20404689n2">
<grate id="nev19800679n1-nev20846477n8">
<graphic id="nev19800679n1-nev20846477n9">
<href>0900c8af860d50f#@#@#9#.jpeg</href>
</graphic>
</grate>
</procstep>
<procstep id="nev19800679n1-nev20404689n5">
<grate id="nev19800679n1-nev20846477n6">
<graphic id="nev19800679n1-nev20846477n7">
<href>0900c8af860f212#@#@#9#.jpeg</href>
</graphic>
<graphtext id="nev19800679n1-nev20846814n1">
<para id="nev19800679n1-nev20846477n4">
<ptxt id="nev19800679n1-nev20846477n5">Fold the carpet#@#@#2#side.</ptxt>
</para>
</graphtext>
</grate>
</procstep>
<procstep id="nev19800679n1-nev20404690n2">
<grate id="nev19800679n1-nev20846477n2">
<graphic id="nev19800679n1-nev20846477n3">
<href>0900c8af860f21a#@#@#9#.jpeg</href>
</graphic>
</grate>
</procstep>
<procstep id="nev19800679n1-nev20404690n5">
<grate id="nev19800679n1-nev20846478n100">
<graphic id="nev19800679n1-nev20846477n1">
<href>0900c8af860f21b#@#@#9#.jpeg</href>
</graphic>
<graphtext id="nev19800679n1-nev20846821n1">
<para id="nev19800679n1-nev20846478n98">
<ptxt id="nev19800679n1-nev20846478n99">Fold the floor #@#@#7#back.</ptxt>
</para>
</graphtext>
</grate>
</procstep>
<procstep id="nev19800679n1-nev20404691n2">
<grate id="nev19800679n1-nev20846478n96">
<graphic id="nev19800679n1-nev20846478n97">
<href>0900c8af860f21e#@#@#9#.jpeg</href>
</graphic>
</grate>
</procstep>
<procstep id="nev19800679n1-nev20404691n5">
<grate id="nev19800679n1-nev20846478n94">
<graphic id="nev19800679n1-nev20846478n95">
<href>0900c8af8610938#@#@#9#.jpeg</href>
</graphic>
</grate>
</procstep>
</stepgrp>
<stepgrp boilerplate="false" context="" id="nev19800679n1-nev20846478n93">
<title id="nev19800679n1-0800c8af844a46f9">Installation</title>
<procstep id="nev19800679n1-nev20404692n7">
<grate id="nev19800679n1-nev20846478n91">
<graphic id="nev19800679n1-nev20846478n92">
<href>0900c8af8495461#@#@#9#.jpeg</href>
</graphic>
<graphtext id="nev19800679n1-nev20846831n1">
<caution id="nev19800679n1-0800c8af84ffc72e">
<ptxt>Be extra carefu#@#@#40#nent.</ptxt>
</caution>
<para id="nev19800679n1-nev20846478n89">
<ptxt id="nev19800679n1-nev20846478n90">Reinstall the f#@#@#5#seat.</ptxt>
</para>
</graphtext>
</grate>
</procstep>
<procstep id="nev19800679n1-nev20404693n3">
<grate id="nev19800679n1-nev20846478n87">
<graphic id="nev19800679n1-nev20846478n88">
<href>0900c8af8631891#@#@#9#.jpeg</href>
</graphic>
</grate>
</procstep>
<procstep id="nev19800679n1-nev20404693n6">
<grate id="nev19800679n1-nev20846478n85">
<graphic id="nev19800679n1-nev20846478n86">
<href>0900c8af85c956b#@#@#9#.jpeg</href>
</graphic>
<graphtext id="nev19800679n1-nev20846838n1">
<note id="nev19800679n1-0800c8af85b47f49">
<ptxt>Orientation view</ptxt>
</note>
</graphtext>
</grate>
</procstep>
<procstep id="nev19800679n1-nev20404694n2">
<grate id="nev19800679n1-nev20846478n83">
<graphic id="nev19800679n1-nev20846478n84">
<href>0900c8af861dd6b#@#@#9#.jpeg</href>
</graphic>
<graphtext id="nev19800679n1-nev20846842n1">
<para id="nev19800679n1-nev20846478n81">
<ptxt id="nev19800679n1-nev20846478n82">Connect the cab#@#@#6#ness.</ptxt>
</para>
</graphtext>
</grate>
</procstep>
<procstep id="nev19800679n1-nev20404694n9">
<grate id="nev19800679n1-nev20846478n79">
<graphic id="nev19800679n1-nev20846478n80">
<href>0900c8af861dd6d#@#@#9#.jpeg</href>
</graphic>
</grate>
</procstep>
<procstep id="nev19800679n1-nev20404695n2">
<grate id="nev19800679n1-nev20846478n77">
<graphic id="nev19800679n1-nev20846478n78">
<href>0900c8af84937ec#@#@#9#.jpeg</href>
</graphic>
<graphtext id="nev19800679n1-nev20846849n1">
<para id="nev19800679n1-nev20846478n75">
<ptxt id="nev19800679n1-nev20846478n76">Connect the con#@#@#2#ctor.</ptxt>
</para>
<para id="nev19800679n1-nev20846478n73">
<ptxt id="nev19800679n1-nev20846478n74">Tighten the screw.</ptxt>
</para>
</graphtext>
</grate>
</procstep>
<procstep id="nev19800679n1-nev20404696n6">
<para id="nev19800679n1-nev20846478n71">
<ptxt id="nev19800679n1-nev20846478n72">Repeat the step#@#@#30#side.</ptxt>
</para>
</procstep>
<procstep id="nev19800679n1-nev20404696n10">
<para id="nev19800679n1-nev20846478n69">
<ptxt id="nev19800679n1-nev20846478n70">Reinstall the r#@#@#25#rder.</ptxt>
</para>
</procstep>
<procstep id="nev19800679n1-nev20404697n4">
<grate id="nev19800679n1-nev20846478n67">
<graphic id="nev19800679n1-nev20846478n68">
<href>0900c8af84c92ba#@#@#9#.jpeg</href>
</graphic>
<graphtext id="nev19800679n1-nev20846853n1">
<para id="nev19800679n1-nev20846478n65">
<ptxt id="nev19800679n1-nev20846478n66">Reinstall the b#@#@#19#able.</ptxt>
</para>
</graphtext>
</grate>
</procstep>
<procstep id="nev19800679n1-nev20404698n1">
<grate id="nev19800679n1-nev20846478n63">
<graphic id="nev19800679n1-nev20846478n64">
<href>0900c8af84c92bb#@#@#9#.jpeg</href>
</graphic>
<graphtext id="nev19800679n1-nev20846857n1">
<warning id="nev19800679n1-0800c8af84959a8c">
<ptxt>When switching #@#@#187#reas.</ptxt>
</warning>
<para id="nev19800679n1-nev20846478n61">
<ptxt id="nev19800679n1-nev20846478n62">Set the ignitio#@#@#16#n II.</ptxt>
</para>
</graphtext>
</grate>
</procstep>
<procstep id="nev19800679n1-nev20843407n2">
<grate id="nev19800679n1-nev20846478n59">
<graphic id="nev19800679n1-nev20846478n60">
<href>0900c8af8633d94#@#@#9#.jpeg</href>
</graphic>
<graphtext id="nev19800679n1-nev20846861n1">
<para id="nev19800679n1-nev20846478n57">
<ptxt id="nev19800679n1-nev20846478n58">Set the clock.</ptxt>
</para>
</graphtext>
</grate>
</procstep>
<procstep id="nev19800679n1-nev20843408n97">
<grate id="nev19800679n1-nev20846478n55">
<graphic id="nev19800679n1-nev20846478n56">
<href>0900c8af862d722#@#@#9#.jpeg</href>
</graphic>
</grate>
</procstep>
<procstep id="nev19800679n1-nev20843408n94">
<grate id="nev19800679n1-nev20846478n53">
<graphic id="nev19800679n1-nev20846478n54">
<href>0900c8af862d720#@#@#9#.jpeg</href>
</graphic>
</grate>
</procstep>
<procstep id="nev19800679n1-nev20846478n52">
<para id="nev19800679n1-nev20846478n50">
<ptxt id="nev19800679n1-nev20846478n51">Place the manua#@#@#50# car.</ptxt>
</para>
</procstep>
<procstep id="nev19800679n1-nev20511346n94">
<grate id="nev19800679n1-nev20846478n48">
<graphic id="nev19800679n1-nev20846478n49">
<href>0900c8af83f8e4e#@#@#9#.jpeg</href>
</graphic>
<graphtext id="nev19800679n1-nev20846871n1">
<para id="nev19800679n1-nev20846478n46">
<ptxt id="nev19800679n1-nev20846478n47">Adapt the DVD p#@#@#209#esign</ptxt>
</para>
</graphtext>
</grate>
</procstep>
</stepgrp>
</procedure>
<kitnumbers>
<kitnumber>39825250</kitnumber>
<kitnumber>39825249</kitnumber>
<kitnumber>39825248</kitnumber>
<kitnumber>39825247</kitnumber>
<kitnumber>39825239</kitnumber>
<kitnumber>39825238</kitnumber>
<kitnumber>39825237</kitnumber>
<kitnumber>39825233</kitnumber>
</kitnumbers>
</servinfosub>
</body>
</i2>