<?xml version="1.0" encoding="UTF-8"?><diagnostic IE-ID="en-US0900c8af8007041a" docno="VCC-095739" id="KC01216046" type="test" xml:lang="en-US">
<title>
<phrase category="" id="KC06031717" phrase-urn="urn:x-nevis:phrase:0800c8af81728feb">Verification</phrase>
</title>
<testgrp IE-ID="en-US0900c8af8007041a_KC01266798" id="KC01266798" j2008use="1" paperuse="1" resumable="1" screenuse="1" testgrp-id="verifiering" x="160" y="200">
<title>
<phrase category="" id="KC06031718" phrase-urn="urn:x-nevis:phrase:0800c8af81728fec">Verification</phrase>
</title>
<node>
<test1>
<hint>
<ptxt>
<phrase category="" id="KC06031719" phrase-urn="urn:x-nevis:phrase:0800c8af81728fed">After the repai#@#@#56#fied.</phrase>
</ptxt>
</hint>
<diaglist>
<dgraphic>
<dgraphic1>
<graphic id="KC06031720">
<href>0900c8af80054d5#@#@#9#.jpeg</href>
</graphic>
</dgraphic1>
<dgraphic2>
<graphic id="KC06031721">
<href>0900c8af80054d7#@#@#9#.jpeg</href>
</graphic>
</dgraphic2>
</dgraphic>
<ditem>
<ptxt>
<phrase category="" id="KC06031722" phrase-urn="urn:x-nevis:phrase:0800c8af81728fee">Ignition off.</phrase>
</ptxt>
</ditem>
<ditem>
<ptxt>
<phrase category="" id="KC06031723" phrase-urn="urn:x-nevis:phrase:0800c8af81728fef">Connect the con#@#@#32# etc.</phrase>
</ptxt>
</ditem>
<ditem>
<ptxt>
<phrase category="" id="KC06031724" phrase-urn="urn:x-nevis:phrase:0800c8af81728ff0">Ignition on.</phrase>
</ptxt>
</ditem>
</diaglist>
<test2>
<para>
<ptxt>
<phrase category="" id="KC06031725" phrase-urn="urn:x-nevis:phrase:0800c8af81728ff1">Read the interi#@#@#152#eter.</phrase>
</ptxt>
</para>
<diaglist>
<dgraphic>
<dgraphic2>
<graphic id="KC06031726">
<href>0900c8af86c8681#@#@#9#.jpeg</href>
</graphic>
<smarttool active="press" id="KC06031727" toolname="XCCMA506"/>
</dgraphic2>
</dgraphic>
<ditem>
<ditemtext>
<ptxt>
<phrase category="" id="KC06031728" phrase-urn="urn:x-nevis:phrase:0800c8af81728ff2"/>
</ptxt>
</ditemtext>
</ditem>
</diaglist>
</test2>
</test1>
<question>Is the value OK?</question>
<resact-grp>
<result button="yes" comp="button" highlight="0"/>
<action j2008use="1" paperuse="1" screenuse="1">
<return value="VERIFIED"/>
</action>
</resact-grp>
<resact-grp>
<result button="no" comp="button" highlight="0"/>
<action j2008use="1" paperuse="1" screenuse="1">
<return value="VERIFICATION FAILED"/>
</action>
</resact-grp>
</node>
</testgrp>
</diagnostic>