<?xml version="1.0" encoding="UTF-8"?><diagnostic IE-ID="en-US0900c8af83cad41a" docno="VCC-317468" id="nev12608462n1" j2008use="1" layout="0" paperuse="1" screenuse="1" type="test" xml:lang="en-US">
<title>
<phrase category="" id="nev12608462n2" phrase-urn="urn:x-nevis:phrase:0800c8af82726f5b">Verification</phrase>
</title>
<testgrp IE-ID="en-US0900c8af83cad41a_nev12608462n3" id="nev12608462n3" j2008use="1" paperuse="1" resumable="1" screenuse="1" testgrp-id="verifnode" x="120" y="120">
<title>
<phrase category="" id="nev12608462n4" phrase-urn="urn:x-nevis:phrase:0800c8af82726f5c">Verification</phrase>
</title>
<node>
<test1>
<hint>
<ptxt>
<phrase category="" id="nev12608462n5" phrase-urn="urn:x-nevis:phrase:0800c8af82726f5d">After carrying #@#@#50#died.</phrase>
</ptxt>
</hint>
<caution>
<ptxt>
<phrase category="" id="nev12608462n6" phrase-urn="urn:x-nevis:phrase:0800c8af82726f5e">The pressure in#@#@#130#eter.</phrase>
</ptxt>
</caution>
<diaglist>
<dgraphic>
<dgraphic1>
<graphic id="nev12608462n7">
<href>0900c8af80054d3#@#@#9#.jpeg</href>
</graphic>
</dgraphic1>
</dgraphic>
<ditem>
<ptxt>
<phrase category="" id="nev12608462n8" phrase-urn="urn:x-nevis:phrase:0800c8af82726f5f">Connect pressur#@#@#4#uge: <xref>
<ref id="KC09620364"/>
</xref>
</phrase>
</ptxt>
</ditem>
<ditem>
<ptxt>
<phrase category="" id="nev12608462n10" phrase-urn="urn:x-nevis:phrase:0800c8af82726f60">Run the engine #@#@#29#dle. </phrase>
</ptxt>
</ditem>
<ditem>
<ptxt>
<phrase category="" id="nev12608463n1" phrase-urn="urn:x-nevis:phrase:0800c8af82726f61">A/C off.</phrase>
</ptxt>
</ditem>
</diaglist>
<test2>
<para>
<ptxt>
<phrase category="" id="nev12608463n2" phrase-urn="urn:x-nevis:phrase:0800c8af82726f62">Read off relati#@#@#12#sure.</phrase>
</ptxt>
<ptxt>
<phrase category="" id="nev12608463n3" phrase-urn="urn:x-nevis:phrase:0800c8af82726f63">The relative fu#@#@#147#re). </phrase>
</ptxt>
</para>
<para>
<ptxt>
<phrase category="" id="nev12608463n4" phrase-urn="urn:x-nevis:phrase:0800c8af82726f64">Check that the #@#@#97#tion.</phrase>
</ptxt>
</para>
<diaglist>
<dgraphic>
<dgraphic2>
<graphic id="nev12608463n5">
<href>0900c8af86c8681#@#@#9#.jpeg</href>
</graphic>
<smarttool active="press" id="l1171979037376"/>
</dgraphic2>
</dgraphic>
<ditem>
<ditemtext>
<ptxt>
<phrase category="" id="nev12608463n7" phrase-urn="urn:x-nevis:phrase:0800c8af82726f65"/>
</ptxt>
</ditemtext>
</ditem>
</diaglist>
<grate>
<graphic id="nev12608463n8">
<href>0900c8af8005d08#@#@#9#.jpeg</href>
</graphic>
</grate>
</test2>
</test1>
<question>
Is the functio#@#@#1# OK?
</question>
<resact-grp>
<result button="yes" comp="button" highlight="0"/>
<action j2008use="1" paperuse="1" screenuse="1">
<return value="VERIFIED"/>
</action>
</resact-grp>
<resact-grp>
<result button="no" comp="button" highlight="0"/>
<action j2008use="1" paperuse="1" screenuse="1">
<return value="VERIFICATION FAILED"/>
</action>
</resact-grp>
</node>
</testgrp>
</diagnostic>