<?xml version="1.0" encoding="UTF-8"?><script xmlns:nevis="http://www.volvocars.com/namespaces/processing" xmlns:xlink="http://www.w3.org/1999/xlink" IE-ID="en-US0900c8af823fa41a" docno="VCC-247527" id="nev10640331n1" nevis:expl-profile="mdl275yr2005eng184, mdl275yr2006eng184, mdl275yr2007eng184, mdl275yr2008eng184, mdl275yr2009eng184, mdl275yr2010eng184, mdl275yr2011eng184" nevis:profile="urn:x-nevis:profile:0b00c8af8168b4bd urn:x-nevis:profile:0b00c8af824759f6 urn:x-nevis:profile:0b00c8af82e4881a urn:x-nevis:profile:0b00c8af838ba0bd urn:x-nevis:profile:0b00c8af83f1a29b urn:x-nevis:profile:0b00c8af8414e559 urn:x-nevis:profile:0b00c8af84983e76" nevis:projectdocument="urn:x-nevis:projectdocument:0800c8af823fa419" nevis:resource="0900c8af823fa426" nevis:resource2="urn:x-nevis:fragment:0900c8af823fa41a:0900c8af823fa426#nev10640331n1" nevis:session-id="" qualifierinfotype="14:00" type="" xml:lang="en-US"><title>Read oil temper#@#@#11#M GGD</title><content gui="1" height="150" id="nev10640332n1-nev10640331n3" nevis:expl-profile="mdl275yr2005eng184, mdl275yr2006eng184, mdl275yr2007eng184, mdl275yr2008eng184, mdl275yr2009eng184, mdl275yr2010eng184, mdl275yr2011eng184" nevis:idfrom="nev10640332n1" nevis:prefix="nev10640332n1" nevis:profile="urn:x-nevis:profile:0b00c8af8168b4bd urn:x-nevis:profile:0b00c8af824759f6 urn:x-nevis:profile:0b00c8af82e4881a urn:x-nevis:profile:0b00c8af838ba0bd urn:x-nevis:profile:0b00c8af83f1a29b urn:x-nevis:profile:0b00c8af8414e559 urn:x-nevis:profile:0b00c8af84983e76" nevis:resource="0900c8af823fa428" nevis:resource2="urn:x-nevis:fragment:0900c8af823fa41a:0900c8af823fa428#nev10640331n3" width="400" xml:lang="en-US"><nodes id="nev10640332n1-nev10640333n1"><node class="Components.StartNode" id="nev10640332n1-nev10640334n1" nodeid="Start" x="17" y="58"/><node class="Components.Gui.ParameterLabel" id="nev10640332n1-nev10640335n1" nodeid="ParameterLabel1" x="611" y="7"><gui height="70" id="nev10640332n1-nev10640336n1" width="380" x="10" y="10"/><property class="Parameter" id="nev10640332n1-nev10640337n1" name="Parameter" type="In" value="" visible="1"/><property class="String" id="nev10640332n1-nev10640338n1" name="Title" type="In" value="" visible="1"/><property class="String" id="nev10640332n1-nev10640339n1" name="Value" type="In" value="" visible="1"/><property class="String" id="nev10640332n1-nev10640340n1" name="Unit" type="In" value="" visible="1"/></node><node class="Components.ScriptComponent" id="nev10640332n1-nev10640341n1" nodeid="ScriptComponent1" x="188" y="266"/><node class="Components.ScriptButton" id="nev10640332n1-nev10640342n1" nodeid="ScriptButton1" x="23" y="269"><gui height="30" id="nev10640332n1-nev10640343n1" width="110" x="280" y="110"/><property class="String" id="nev10640332n1-nev10640344n1" name="Text" type="In" value="" visible="0"/><property class="String" id="nev10640332n1-nev10640345n1" name="StartDisabled" type="Internal" value="false" visible="1"/><extension id="nev10640332n1-nev10640346n1"><phrase category="Faulttracing" id="nev10640332n1-nev10627209n1" phrase-urn="urn:x-nevis:phrase:0800c8af81b6b138">Hide</phrase></extension></node><node class="Components.IdentifierComponent" id="nev10640332n1-nev10640347n1" nodeid="IdentifierComponent1" x="387" y="18"><property class="Parameter" id="nev10640332n1-nev10640348n1" name="Oljetemperatur" type="Out" value="" visible="1"/><extension id="nev10640332n1-nev10640349n1"><identifier ecu="437601" ecuMode="EcuType" id="nev10640332n1-nev10640350n1" read="100" type="REID" value="E004"><parameter id="nev10640332n1-nev10640351n1" name="Oljetemperatur" textid="9670"/></identifier></extension></node><node class="Components.Repeater" id="nev10640332n1-nev10640352n1" nodeid="Repeater1" x="190" y="84"><property class="Int" id="nev10640332n1-nev10640353n1" name="Wait" type="Internal" value="500" visible="1"/></node></nodes><handlers id="nev10640332n1-nev10640354n1"><eventhandler id="nev10640332n1-nev10640355n1" name="OnStart" node="Start"><call id="nev10640332n1-nev10640356n1" method="UpdateTitles" node="IdentifierComponent1"/><call id="nev10640332n1-nev10640357n1" method="Start" node="Repeater1"/></eventhandler><eventhandler id="nev10640332n1-nev10640358n1" name="Click" node="ScriptButton1"><call id="nev10640332n1-nev10640359n1" method="CloseDialog" node="ScriptComponent1"/></eventhandler><eventhandler id="nev10640332n1-nev10640360n1" name="OnRepeat" node="Repeater1"><call id="nev10640332n1-nev10640361n1" method="Read" node="IdentifierComponent1"/></eventhandler><propertyhandler id="nev10640332n1-nev10640362n1" name="Oljetemperatur" node="IdentifierComponent1"><set id="nev10640332n1-nev10640363n1" node="ParameterLabel1" property="Parameter"/></propertyhandler></handlers></content></script>