<?xml version="1.0" encoding="UTF-8"?><servinfosub IE-ID="en-US0900c8af82cbf41a" docno="VCC-028354" id="KC02033124" xml:lang="en-US">
<title id="nev11052802n1">Power steering #@#@#18#ssure</title>
<topic id="nev11052802n3">
<title id="nev11052802n5">Saginaw P (round)</title>
<grate id="nev11052802n7">
<graphic id="KC08699768" width="column">
<href>0900c8af8012b7c#@#@#9#.jpeg</href>
</graphic>
</grate>
<table frame="none" id="nev11052802n13" pgwide="0">
<tgroup cols="2" colsep="0" id="nev11052802n15" rowsep="1">
<colspec colwidth="171*" id="nev11052802n17"/>
<colspec colwidth="91*" id="nev11052802n18"/>
<tbody id="nev11052802n19">
<row id="nev11052802n21">
<entry align="left" id="nev11052802n23" valign="top">
<ptxt id="nev11052802n25">Maximum pressur#@#@#15#ound)<dotfill/>
</ptxt>
</entry>
<entry align="left" id="nev11052802n27" valign="top">
<ptxt id="nev11052802n29">7.6-8.3 MPa</ptxt>
</entry>
</row>
</tbody>
</tgroup>
</table>
</topic>
<topic id="nev11052802n31">
<title id="nev11052802n33">Saginaw P (oval)</title>
<grate id="nev11052802n35">
<graphic id="KC08699769" width="column">
<href>0900c8af8063f13#@#@#9#.jpeg</href>
</graphic>
</grate>
<table frame="none" id="nev11052802n41" pgwide="0">
<tgroup cols="2" colsep="0" id="nev11052802n43" rowsep="0">
<colspec colwidth="171*" id="nev11052802n45"/>
<colspec colwidth="91*" id="nev11052802n46"/>
<tbody id="nev11052802n47">
<row id="nev11052802n49">
<entry align="left" id="nev11052802n51" valign="top">
<ptxt id="nev11052802n53">Maximum pressur#@#@#14#oval)</ptxt>
</entry>
<entry align="left" id="nev11052802n55" valign="top"/>
</row>
<row id="nev11052802n57">
<entry align="left" id="nev11052802n59" valign="top">
<ptxt id="nev11052802n61">- Earlier version<dotfill/>
</ptxt>
</entry>
<entry align="left" id="nev11052802n63" valign="top">
<ptxt id="nev11052802n65">7.6-8.3 MPa</ptxt>
</entry>
</row>
<row id="nev11052802n67">
<entry align="left" id="nev11052802n69" valign="top">
<ptxt id="nev11052802n71">- Later version<dotfill/>
</ptxt>
</entry>
<entry align="left" id="nev11052802n73" valign="top">
<ptxt id="nev11052802n75">9.3-10.0 MPa</ptxt>
</entry>
</row>
</tbody>
</tgroup>
</table>
</topic>
<topic id="nev11052802n77">
<title id="nev11052802n79">Saginaw TC</title>
<grate id="nev11052802n81">
<graphic id="KC08699770" width="column">
<href>0900c8af8012bbc#@#@#9#.jpeg</href>
</graphic>
</grate>
<table frame="none" id="nev11052802n87" pgwide="0">
<tgroup cols="2" colsep="0" id="nev11052802n89" rowsep="0">
<colspec colwidth="170*" id="nev11052802n91"/>
<colspec colwidth="92*" id="nev11052802n92"/>
<tbody id="nev11052802n93">
<row id="nev11052802n95">
<entry align="left" id="nev11052802n97" valign="top">
<ptxt id="nev11052802n99">Maximum pressur#@#@#8#aw TC</ptxt>
</entry>
<entry align="left" id="nev11052802n101" valign="top"/>
</row>
<row id="nev11052802n103">
<entry align="left" id="nev11052802n105" valign="top">
<ptxt id="nev11052802n107">- Earlier version<dotfill/>
</ptxt>
</entry>
<entry align="left" id="nev11052802n109" valign="top">
<ptxt id="nev11052802n111">7.6-8.3 MPa</ptxt>
</entry>
</row>
<row id="nev11052802n113">
<entry align="left" id="nev11052802n115" valign="top">
<ptxt id="nev11052802n117">- Later version<dotfill/>
</ptxt>
</entry>
<entry align="left" id="nev11052802n119" valign="top">
<ptxt id="nev11052802n121">9.3-10.0 MPa</ptxt>
</entry>
</row>
</tbody>
</tgroup>
</table>
</topic>
<topic id="nev11052802n123">
<title id="nev11052802n125">ZF</title>
<grate id="nev11052802n127">
<graphic id="KC08699771" width="column">
<href>0900c8af8012ceb#@#@#9#.jpeg</href>
</graphic>
</grate>
<table frame="none" id="nev11052802n133" pgwide="0">
<tgroup cols="2" colsep="0" id="nev11052802n135" rowsep="1">
<colspec colwidth="171*" id="nev11052802n137"/>
<colspec colwidth="91*" id="nev11052802n138"/>
<tbody id="nev11052802n139">
<row id="nev11052802n141">
<entry align="left" id="nev11052802n143" valign="top">
<ptxt id="nev11052802n145">Maximum pressure, ZF<dotfill/>
</ptxt>
</entry>
<entry align="left" id="nev11052802n147" valign="top">
<ptxt id="nev11052802n149">9.5-10.5 MPa</ptxt>
</entry>
</row>
</tbody>
</tgroup>
</table>
</topic>
<topic id="nev11052802n151">
<title id="nev11052802n153">Saginaw TC with#@#@#14#rvoir</title>
<grate id="nev11052802n155">
<graphic id="KC08699772" width="column">
<href>0900c8af801376d#@#@#10#.jpeg</href>
</graphic>
</grate>
<table frame="none" id="nev11052802n161" pgwide="0">
<tgroup cols="2" colsep="0" id="nev11052802n163" rowsep="0">
<colspec colwidth="174*" id="nev11052802n165"/>
<colspec colwidth="88*" id="nev11052802n166"/>
<tbody id="nev11052802n167">
<row id="nev11052802n169">
<entry align="left" id="nev11052802n171" valign="top">
<ptxt id="nev11052802n173">Maximum pressur#@#@#9#w TC </ptxt>
</entry>
<entry align="left" id="nev11052802n175" valign="top"/>
</row>
<row id="nev11052802n177">
<entry align="left" id="nev11052802n179" valign="top">
<ptxt id="nev11052802n181">(with integral #@#@#5#voir)<dotfill/>
</ptxt>
</entry>
<entry align="left" id="nev11052802n183" valign="top">
<ptxt id="nev11052802n185"/>
<ptxt id="nev11052802n187">9.3-10.0 MPa</ptxt>
</entry>
</row>
</tbody>
</tgroup>
</table>
</topic>
</servinfosub>