<?xml version="1.0" encoding="UTF-8"?><servinfosub IE-ID="en-US0900c8af8133650f" docno="VCC-146772" id="KC03009087" xml:lang="en-US">
<title>
<phrase category="" id="KC07842201" phrase-urn="urn:x-nevis:phrase:0800c8af81bdcdae">Diagnostic trou#@#@#30#-0039</phrase>
</title>
<diagnostic type="condition">
<condgrp>
<condition type="condition">
<grate>
<graphic id="KC07842202" width="column">
<href>0900c8af80126c0#@#@#9#.jpeg</href>
</graphic>
<graphtext>
<ptxt>
<phrase category="" id="KC07842203" phrase-urn="urn:x-nevis:phrase:0800c8af81bdcdaf">The gear positi#@#@#638#gnal.</phrase>
</ptxt>
</graphtext>
</grate>
</condition>
</condgrp>
<condgrp>
<condition type="substitution">
<list1 enumtype="d" type="unordered">
<item>
<ptxt>
<phrase category="" id="KC07842204" phrase-urn="urn:x-nevis:phrase:0800c8af81bdcdb0">Emergency progr#@#@#75#ated.</phrase>
</ptxt>
<hint>
<ptxt>
<phrase category="" id="KC07842205" phrase-urn="urn:x-nevis:phrase:0800c8af81bdcdb1">
<xref>
<ref id="KC07842206"/>
</xref>
</phrase>
</ptxt>
</hint>
</item>
</list1>
</condition>
<ps>
<list1 enumtype="d" type="unordered">
<item>
<ptxt>
<phrase category="" id="KC07842207" phrase-urn="urn:x-nevis:phrase:0800c8af81bdcdb2">Incorrectly adj#@#@#27#ensor</phrase>
</ptxt>
</item>
<item>
<ptxt>
<phrase category="" id="KC07842208" phrase-urn="urn:x-nevis:phrase:0800c8af81bdcdb3">Internal fault #@#@#36#TCM).</phrase>
</ptxt>
</item>
</list1>
</ps>
</condgrp>
<condgrp>
<condition type="symptom">
<list1 enumtype="d" type="unordered">
<item>
<ptxt>
<phrase category="" id="KC07842209" phrase-urn="urn:x-nevis:phrase:0800c8af81bdcdb4">Malfunction ind#@#@#16#) lit</phrase>
</ptxt>
</item>
<item>
<ptxt>
<phrase category="" id="KC07842210" phrase-urn="urn:x-nevis:phrase:0800c8af81bdcdb5">General warning#@#@#4#p lit</phrase>
</ptxt>
</item>
<item>
<ptxt>
<phrase category="" id="KC07842211" phrase-urn="urn:x-nevis:phrase:0800c8af81bdcdb6">The engine does#@#@#6#tart.</phrase>
</ptxt>
</item>
</list1>
</condition>
</condgrp>
</diagnostic>
</servinfosub>