<?xml version="1.0" encoding="UTF-8"?><servinfosub IE-ID="en-US0900c8af817ec50f" docno="VCC-163017" id="KC06267906" xml:lang="en-US">
<title>
<phrase category="" id="KC09576309" phrase-urn="urn:x-nevis:phrase:0800c8af82721ba8">Signal too high</phrase>
</title>
<diagnostic j2008use="1" paperuse="1" screenuse="1" type="test">
<testgrp IE-ID="en-US0900c8af817ec50f_KC06271016" id="KC06271016" j2008use="1" paperuse="1" resumable="1" screenuse="1" testgrp-id="status">
<title>
<phrase category="" id="KC09576310" phrase-urn="urn:x-nevis:phrase:0800c8af82721ba9">Status check</phrase>
</title>
<subcalloutnode>
<diagcallout>
<xref>
<ref id="KC09576311"/>
</xref>
</diagcallout>
<rescall-grp>
<result comp="string" highlight="0" op="eq" return="PERMANENT"/>
<calloutaction>
<ptxt>
<xref>
<ref id="KC09576312"/>
</xref>
</ptxt>
</calloutaction>
</rescall-grp>
<rescall-grp>
<result comp="string" highlight="0" op="eq" return="INTERMITTENT"/>
<calloutaction>
<ptxt>
<xref>
<ref id="KC09576313"/>
</xref>
</ptxt>
</calloutaction>
</rescall-grp>
</subcalloutnode>
</testgrp>
<testgrp id="KC06271017" j2008use="1" paperuse="1" resumable="1" screenuse="1" testgrp-id="permanent" x="120" y="80">
<title>
<phrase category="" id="KC09576314" phrase-urn="urn:x-nevis:phrase:0800c8af82721baa">Checking the wiring</phrase>
</title>
<node>
<test1>
<test2>
<para>
<ptxt>
<phrase category="" id="KC09576315" phrase-urn="urn:x-nevis:phrase:0800c8af82721bab">Check the resis#@#@#120#7 Ω. </phrase>
</ptxt>
</para>
<para>
<ptxt>
<phrase category="" id="KC09576316" phrase-urn="urn:x-nevis:phrase:0800c8af82721bac">Check the signa#@#@#154#tage.</phrase>
</ptxt>
</para>
<para>
<ptxt>
<phrase category="" id="KC09576317" phrase-urn="urn:x-nevis:phrase:0800c8af82721bad">Remedy as necessary.</phrase>
</ptxt>
</para>
<list1 enumtype="d" type="unordered">
<title>
<phrase category="" id="KC09576318" phrase-urn="urn:x-nevis:phrase:0800c8af82721bae">Other information</phrase>
</title>
<item>
<ptxt>
<phrase category="" id="KC09576319" phrase-urn="urn:x-nevis:phrase:0800c8af82721baf">
<xref>
<ref id="KC09576320"/>
</xref>
</phrase>
</ptxt>
</item>
<item>
<ptxt>
<phrase category="" id="KC09576321" phrase-urn="urn:x-nevis:phrase:0800c8af82721bb0">
<xref>
<ref id="KC09576322"/>
</xref>
</phrase>
</ptxt>
</item>
<item>
<ptxt>
<phrase category="" id="KC09576323" phrase-urn="urn:x-nevis:phrase:0800c8af82721bb2">
<xref>
<ref id="KC09576324"/>
</xref>
</phrase>
</ptxt>
</item>
<item>
<ptxt>
<phrase category="" id="KC09576325" phrase-urn="urn:x-nevis:phrase:0800c8af82721bb3">With the igniti#@#@#260#50 Hz</phrase>
</ptxt>
</item>
<item>
<ptxt>
<phrase category="" id="KC09576326" phrase-urn="urn:x-nevis:phrase:0800c8af82721bb4">
<xref>
<ref id="KC09576327"/>
</xref>
</phrase>
</ptxt>
</item>
</list1>
<diaglist>
<dgraphic>
<dgraphic1>
<graphic id="KC09576328">
<href>0900c8af80058a0#@#@#9#.jpeg</href>
</graphic>
</dgraphic1>
</dgraphic>
</diaglist>
<grate>
<graphic id="KC09576329">
<href>0900c8af80057a2#@#@#9#.jpeg</href>
</graphic>
</grate>
</test2>
</test1>
<question>
Select Continue.
</question>
<resact-grp>
<result button="cont" comp="button" highlight="0"/>
<action j2008use="1" paperuse="1" screenuse="1">
<ptxt>
<xref>
<ref id="KC09576331"/>
</xref>
</ptxt>
</action>
</resact-grp>
</node>
</testgrp>
<testgrp id="KC06271018" j2008use="1" paperuse="1" resumable="1" screenuse="1" testgrp-id="intermittent">
<title>
<phrase category="" id="KC09576332" phrase-urn="urn:x-nevis:phrase:0800c8af82721bb6">Intermittent fault</phrase>
</title>
<subcalloutnode>
<diagcallout>
<xref>
<ref id="KC09576333"/>
</xref>
</diagcallout>
<rescall-grp>
<result comp="string" highlight="0" op="eq" return="DONE"/>
<calloutaction>
<return value="DONE"/>
</calloutaction>
</rescall-grp>
</subcalloutnode>
</testgrp>
<testgrp id="KC06271019" j2008use="1" paperuse="1" resumable="1" screenuse="1" testgrp-id="verifiering" x="120" y="200">
<title>
<phrase category="" id="KC09576334" phrase-urn="urn:x-nevis:phrase:0800c8af82721bb7">Verification</phrase>
</title>
<subcalloutnode>
<diagcallout>
<xref>
<ref id="KC09576335"/>
</xref>
</diagcallout>
<rescall-grp>
<result comp="string" highlight="0" op="eq" return="VERIFIED"/>
<calloutaction>
<return value="FAULT FOUND"/>
</calloutaction>
</rescall-grp>
<rescall-grp>
<result comp="string" highlight="0" op="eq" return="VERIFICATION FAILED"/>
<calloutaction>
<ptxt>
<xref>
<ref id="KC09576336"/>
</xref>
</ptxt>
</calloutaction>
</rescall-grp>
</subcalloutnode>
</testgrp>
<testgrp id="KC06271020" j2008use="1" paperuse="1" resumable="1" screenuse="1" testgrp-id="info1" x="360" y="200">
<title>
<phrase category="" id="KC09576337" phrase-urn="urn:x-nevis:phrase:0800c8af82721bb8">Fault-tracing i#@#@#5#ation</phrase>
</title>
<subcalloutnode>
<diagcallout>
<xref>
<ref id="KC09576338"/>
</xref>
</diagcallout>
<rescall-grp>
<result comp="string" highlight="0" op="eq" return="NEW TRY"/>
<calloutaction>
<ptxt>
<xref>
<ref id="KC09576339"/>
</xref>
</ptxt>
</calloutaction>
</rescall-grp>
<rescall-grp>
<result comp="string" highlight="0" op="eq" return="FAULTTRACING FAILED"/>
<calloutaction>
<return value="FAULTTRACING FAILED"/>
</calloutaction>
</rescall-grp>
</subcalloutnode>
</testgrp>
</diagnostic>
</servinfosub>