<?xml version="1.0" encoding="UTF-8"?><servinfosub IE-ID="en-US0900c8af8439250f" docno="VCC-356988" id="nev13518036n1" original="sv-SE" xml:lang="en-US">
<operationnumbers>
<operationnumber>87376-2</operationnumber>
</operationnumbers>
<title id="nev13518036n2">Climate control#@#@#12#aning</title>
<imagedisclaimer id="nev13518066n248"/>
<toolitemtable id="nev13525709n220">
<table id="nev13525709n219">
<tgroup cols="2" id="nev13525709n218">
<colspec colname="COLSPEC0" colwidth="1.00*" id="nev13525709n217"/>
<colspec colname="COLSPEC1" colwidth="1.00*" id="nev13525709n215"/>
<thead id="nev13525709n213">
<row id="nev13525709n212">
<entry id="nev13525709n211" nameend="COLSPEC1" namest="COLSPEC0" valign="top">
<ptxt id="nev13525709n210">
<emph id="nev13525709n209">Special tools</emph>
</ptxt>
</entry>
</row>
</thead>
<tbody id="nev13525709n208">
<row id="nev13525709n207">
<entry id="nev13525709n206">
<graphic id="nev13525709n205">
<href>0900c8af84377ac#@#@#9#.jpeg</href>
</graphic>
</entry>
<entry id="nev13525709n201">
<ptxt id="nev13525709n200">
<emph id="nev13525709n199">T9814105 Aircom#@#@#7# unit</emph>
</ptxt>
<ptxt id="nev13525709n198">
<emph id="nev13525709n197">Tool number: </emph>T9814105</ptxt>
<ptxt id="nev13525709n196">
<emph id="nev13525709n195">Tool description: </emph>AIRCOMATIC II UNIT</ptxt>
<ptxt id="nev13525709n194">
<emph id="nev13525709n193">Tool boards: </emph>
</ptxt>
</entry>
</row>
</tbody>
</tgroup>
</table>
</toolitemtable>
<materialtable id="nev13525709n192">
<table id="nev13525709n191">
<tgroup cols="2" id="nev13525709n190">
<colspec colname="COLSPEC0" colwidth="1.00*" id="nev13525709n189"/>
<colspec colname="COLSPEC1" colwidth="1.00*" id="nev13525709n187"/>
<thead id="nev13525709n185">
<row id="nev13525709n184">
<entry id="nev13525709n183" nameend="COLSPEC1" namest="COLSPEC0" valign="top">
<ptxt id="nev13525709n182">
<emph id="nev13525709n181">Materials:</emph>
</ptxt>
</entry>
</row>
</thead>
<tbody id="nev13525709n180">
<row id="nev13525709n179">
<entry id="nev13525709n178">
<ptxt id="nev13525709n177">
<emph id="nev13525709n176">Designation</emph>
</ptxt>
</entry>
<entry id="nev13525709n175">
<ptxt id="nev13525709n174">
<emph id="nev13525709n173">Part number</emph>
</ptxt>
</entry>
</row>
<row id="nev13525709n172">
<entry id="nev13525709n171">
<ptxt id="nev13525709n170">Cleaning agent #@#@#10#/CAN)</ptxt>
</entry>
<entry id="nev13525709n169">
<ptxt id="nev13525709n168">1161836</ptxt>
</entry>
</row>
<row id="nev13525709n167">
<entry id="nev13525709n166">
<ptxt id="nev13525709n165">Cleaning agent #@#@#4#/CAN)</ptxt>
</entry>
<entry id="nev13525709n164">
<ptxt id="nev13525709n163">1161837</ptxt>
</entry>
</row>
</tbody>
</tgroup>
</table>
</materialtable>
<procedure id="nev13518066n247">
<stepgrp boilerplate="true" context="removal" id="nev13518066n246">
<note id="nev13518066n243">
<ptxt id="nev13518066n242">Removal steps i#@#@#45#ails.</ptxt>
</note>
<procstep id="nev13518066n245">
<title id="nev13518066n244"/>
<grate id="nev13518066n236">
<graphic id="nev13518066n235">
<href>0900c8af8135968#@#@#9#.jpeg</href>
</graphic>
<graphtext id="nev13518066n231">
<para id="nev13518066n227">
<ptxt id="nev13518066n226">Remove the poll#@#@#6#ter. <xref boilerplate="true" id="nev13518066n225">
<ref id="nev13518155n244"/>
</xref>
</ptxt>
</para>
<para id="nev13518155n234">
<ptxt id="nev13518155n233">Do not reinstal#@#@#23# yet.</ptxt>
</para>
<para id="nev13518155n226">
<ptxt id="nev13518155n225">Vacuum the filt#@#@#6#sing.</ptxt>
</para>
<para id="nev13518155n218">
<ptxt id="nev13518155n217">Reinstall the f#@#@#43#nuts.</ptxt>
</para>
</graphtext>
</grate>
</procstep>
<procstep id="nev13518155n210">
<title id="nev13518155n209"/>
<grate id="nev13518155n202">
<graphic id="nev13518155n201">
<href>0900c8af80a53e9#@#@#9#.jpeg</href>
</graphic>
<graphtext id="nev13518155n188">
<para id="nev13518155n184">
<ptxt id="nev13518155n183">Start the engin#@#@#15#idle.</ptxt>
</para>
<para id="nev13518155n168">
<ptxt id="nev13518155n167">MCC control:</ptxt>
</para>
<list1 enumtype="b" id="nev13518155n176">
<item id="nev13518155n175">
<ptxt id="nev13518155n160">Turn the fan sp#@#@#46#ition</ptxt>
</item>
<item id="nev13518155n148">
<ptxt id="nev13518155n156">Move the air di#@#@#45#tion.</ptxt>
</item>
<item id="nev13518155n144">
<ptxt id="nev13518155n152">Set the recircu#@#@#21#"On".</ptxt>
</item>
<item id="nev13518155n140">
<ptxt id="nev13518155n136">Set the heater #@#@#23#72°F)</ptxt>
</item>
<item id="nev13518155n132">
<ptxt id="nev13518155n128">Set the air con#@#@#30#“On”.</ptxt>
</item>
</list1>
</graphtext>
</grate>
</procstep>
<procstep id="nev13518155n124">
<title id="nev13518155n123"/>
<grate id="nev13518155n106">
<graphic id="nev13518155n105">
<href>0900c8af806ef81#@#@#9#.jpeg</href>
</graphic>
<graphtext id="nev13518155n92">
<para id="nev13518155n88">
<ptxt id="nev13518155n87">ECC control:</ptxt>
</para>
<list1 id="nev13518155n80">
<item id="nev13518155n79">
<ptxt id="nev13518155n72">Turn the fan sp#@#@#46#ition</ptxt>
</item>
<item id="nev13518155n68">
<ptxt id="nev13518155n64">Move the air di#@#@#45#tion.</ptxt>
</item>
<item id="nev13518155n60">
<ptxt id="nev13518155n56">Set the recicul#@#@#65#man".</ptxt>
</item>
<item id="nev13518155n52">
<ptxt id="nev13518155n48">Set the heater #@#@#37#sides</ptxt>
</item>
<item id="nev13518155n44">
<ptxt id="nev13518155n40">Set the air con#@#@#30#“On”.</ptxt>
</item>
</list1>
</graphtext>
</grate>
</procstep>
<procstep id="nev13518155n36">
<title id="nev13518155n35"/>
<grate id="nev13518155n28">
<graphic id="nev13518155n27">
<href>0900c8af841e6db#@#@#9#.jpeg</href>
</graphic>
<graphtext id="nev13518155n14">
<para id="nev13518155n10">
<ptxt id="nev13518155n9">Explanations ab#@#@#20#splay</ptxt>
</para>
<list1 id="nev13518155n2">
<item id="nev13518155n1">
<ptxt id="nev13518331n244">Start and stop #@#@#5#n (1)</ptxt>
</item>
<item id="nev13518331n240">
<ptxt id="nev13518331n224">Cleaning in pro#@#@#15#p (2)</ptxt>
</item>
<item id="nev13518331n236">
<ptxt id="nev13518331n220">Cleaning comple#@#@#13#p (3)</ptxt>
</item>
<item id="nev13518331n232">
<ptxt id="nev13518331n216">Low cleaning fl#@#@#21#p (4)</ptxt>
</item>
<item id="nev13518331n228">
<ptxt id="nev13518331n212">High cleaning f#@#@#22#p (5)</ptxt>
</item>
<item id="nev13518331n208">
<ptxt id="nev13518331n204">High temperatur#@#@#10#p (6)</ptxt>
</item>
</list1>
</graphtext>
</grate>
</procstep>
<procstep id="nev13518331n200">
<title id="nev13518331n199"/>
<grate id="nev13518331n192">
<graphic id="nev13518331n191">
<href>0900c8af841e6dc#@#@#9#.jpeg</href>
</graphic>
<graphtext id="nev13518331n178">
<note id="nev13518331n174">
<ptxt id="nev13518331n166">Always follow t#@#@#51#ment.</ptxt>
</note>
<para id="nev13518331n162">
<ptxt id="nev13518331n161">Shake the clean#@#@#12#ttle.</ptxt>
</para>
<para id="nev13518331n6">
<ptxt id="nev13518331n5">
<material id="nev13519957n232" materialid="1161836" materialname="Cleaning agent (excl. USA/CAN)"/>
</ptxt>
</para>
<para id="nev13519957n248">
<ptxt id="nev13519957n247">
<material id="nev13519957n228" materialid="1161837" materialname="Cleaning agent (USA/CAN)"/>
</ptxt>
</para>
<para id="nev13519957n240">
<ptxt id="nev13519957n239">Empty the entir#@#@#25#into <toolitem id="nev13519957n220" imageid="0900c8af84377ac5"/>
</ptxt>
</para>
<para id="nev13525692n3">
<ptxt id="nev13525692n2">Place <toolitem id="nev13525692n1" imageid="0900c8af84377ac5"/> on the passeng#@#@#106#tion.</ptxt>
</para>
<para id="nev13525699n247">
<ptxt id="nev13525699n246">Place some pape#@#@#67# mat.</ptxt>
</para>
<para id="nev13525699n245">
<ptxt id="nev13525699n244">Route the wirin#@#@#65#cket.</ptxt>
</para>
<para id="nev13525699n243">
<ptxt id="nev13525699n242">Close the door #@#@#5#ully.</ptxt>
</para>
</graphtext>
</grate>
<grate id="nev13525692n141">
<graphic id="nev13525692n140">
<href>0900c8af841e6dc#@#@#9#.jpeg</href>
</graphic>
<graphtext id="nev13525692n64">
<para id="nev13525692n60">
<ptxt id="nev13525692n59">Start the clean#@#@#33# (2).</ptxt>
</para>
<para id="nev13525692n58">
<ptxt id="nev13525692n57">Ensure that all#@#@#30# use.</ptxt>
</para>
<para id="nev13525692n56">
<ptxt id="nev13525692n55">Allow it to run#@#@#82#lete.</ptxt>
</para>
</graphtext>
</grate>
</procstep>
<procstep id="nev13525692n226">
<title id="nev13525692n225"/>
<para id="nev13525692n197">
<ptxt id="nev13525692n196">Remove:</ptxt>
</para>
<list1 id="nev13525692n195">
<item id="nev13525692n194">
<ptxt id="nev13525692n193">The cable from #@#@#16#ocket</ptxt>
</item>
<item id="nev13525692n192">
<ptxt id="nev13525692n191">The cable from #@#@#6#eaner</ptxt>
</item>
<item id="nev13525692n190">
<ptxt id="nev13525692n189">The cleaner fro#@#@#4#e car</ptxt>
</item>
</list1>
<para id="nev13525692n188">
<ptxt id="nev13525692n187">It is normal th#@#@#118#luid.</ptxt>
</para>
</procstep>
<procstep id="nev13521062n95">
<title id="nev13521062n94"/>
<para id="nev13521062n93">
<ptxt id="nev13521062n92">Open all doors #@#@#75#utes.</ptxt>
</para>
<para id="nev13521062n90">
<ptxt id="nev13521062n89">Some odour is p#@#@#55#rmal.</ptxt>
</para>
</procstep>
</stepgrp>
<stepgrp boilerplate="true" context="installation" id="nev13518066n241">
<procstep id="nev13518066n240">
<title id="nev13518066n239"/>
<para id="nev13518066n238">
<ptxt id="nev13518066n237">Install the new#@#@#11#ter. <xref boilerplate="true" id="nev13521064n208">
<ref id="nev13521064n186"/>
</xref>
</ptxt>
</para>
</procstep>
</stepgrp>
</procedure>
</servinfosub>