<?xml version="1.0" encoding="UTF-8"?><servinfosub IE-ID="en-US0900c8af8069250f" docno="VCC-052113" id="KC02038697" xml:lang="en-US">
<title>
<phrase category="" id="KC08413824" phrase-urn="urn:x-nevis:phrase:0800c8af81dc5562">Signal missing.#@#@#14#fault</phrase>
</title>
<subtitle>
<phrase category="" id="KC08413825" phrase-urn="urn:x-nevis:phrase:0800c8af81dc5563">Canister purge #@#@#13#ignal</phrase>
</subtitle>
<diagnostic type="test">
<testgrp IE-ID="en-US0900c8af8069250f_KC02304678" id="KC02304678" j2008use="1" paperuse="1" screenuse="1" testgrp-id="ean9-1" x="120" y="80">
<title>
<phrase category="" id="KC08413826" phrase-urn="urn:x-nevis:phrase:0800c8af81dc5564">Checking cables#@#@#9#inals</phrase>
</title>
<node>
<test1>
<test2>
<diaglist>
<dgraphic>
<dgraphic2>
<graphic id="KC08413827">
<href>0900c8af80054d4#@#@#9#.jpeg</href>
</graphic>
<smarttool id="KC08413828" toolname="ODA"/>
</dgraphic2>
</dgraphic>
<ditem>
<ditemtext>
<ptxt>
<phrase category="" id="KC08413829" phrase-urn="urn:x-nevis:phrase:0800c8af81dc5565"/>
</ptxt>
</ditemtext>
</ditem>
<ditem>
<ptxt>
<phrase category="" id="KC08413830" phrase-urn="urn:x-nevis:phrase:0800c8af81dc5566">Check canister #@#@#107#g to <xref>
<ref id="KC08413831"/>
</xref> and loose conn#@#@#16#g to <xref>
<ref id="KC08413832"/>
</xref>. </phrase>
</ptxt>
</ditem>
<ditem>
<ptxt>
<phrase category="" id="KC08413833" phrase-urn="urn:x-nevis:phrase:0800c8af81dc5567">Check cable bet#@#@#116#g to <xref>
<ref id="KC08413834"/>
</xref>.</phrase>
</ptxt>
</ditem>
<ditem>
<ptxt>
<phrase category="" id="KC08413835" phrase-urn="urn:x-nevis:phrase:0800c8af81dc5568">Check cable bet#@#@#120#g to <xref>
<ref id="KC08413836"/>
</xref>.</phrase>
</ptxt>
</ditem>
</diaglist>
</test2>
</test1>
<question>Select "Continu#@#@#32#ied.
</question>
<resact-grp>
<result button="cont" comp="button" highlight="0"/>
<action j2008use="1" paperuse="0" screenuse="1">
<ptxt>
<xref>
<ref id="KC08413837"/>
</xref>
</ptxt>
</action>
<action j2008use="1" paperuse="1" screenuse="0">
<ptxt>
<xref>
<ref id="KC08413838"/>
</xref>
</ptxt>
</action>
</resact-grp>
</node>
</testgrp>
<testgrp id="KC02304679" j2008use="1" paperuse="1" screenuse="0" testgrp-id="info2p" x="280" y="80">
<title>
<phrase category="" id="KC08413839" phrase-urn="urn:x-nevis:phrase:0800c8af81dc5569">Fault-tracing i#@#@#5#ation</phrase>
</title>
<subcalloutnode>
<diagcallout>
<xref>
<ref id="KC08413840"/>
</xref>
</diagcallout>
<rescall-grp>
<result comp="string" highlight="0" op="eq" return="DONE"/>
<calloutaction>
<return value="DONE"/>
</calloutaction>
</rescall-grp>
<rescall-grp>
<result comp="string" highlight="0" op="eq" return="NEW TRY"/>
<calloutaction>
<ptxt>
<xref>
<ref id="KC08413841"/>
</xref>
</ptxt>
</calloutaction>
</rescall-grp>
</subcalloutnode>
</testgrp>
<testgrp id="KC02304680" j2008use="1" paperuse="0" screenuse="1" testgrp-id="info2" x="280" y="80">
<title>
<phrase category="" id="KC08413842" phrase-urn="urn:x-nevis:phrase:0800c8af81dc556a">Fault-tracing i#@#@#5#ation</phrase>
</title>
<subcalloutnode>
<diagcallout>
<xref>
<ref id="KC08413843"/>
</xref>
</diagcallout>
<rescall-grp>
<result comp="string" highlight="0" op="eq" return="FAULT FOUND"/>
<calloutaction>
<return value="FAULT FOUND"/>
</calloutaction>
</rescall-grp>
<rescall-grp>
<result comp="string" highlight="0" op="eq" return="NEW TRY"/>
<calloutaction>
<ptxt>
<xref>
<ref id="KC08413844"/>
</xref>
</ptxt>
</calloutaction>
</rescall-grp>
</subcalloutnode>
</testgrp>
</diagnostic>
</servinfosub>