<?xml version="1.0" encoding="UTF-8"?><diagnostic IE-ID="en-US0900c8af8007350f" docno="VCC-143085" id="KC01118522" type="test" xml:lang="en-US">
<title>
<phrase category="" id="KC06148146" phrase-urn="urn:x-nevis:phrase:0800c8af8177d9b2">Verification</phrase>
</title>
<testgrp IE-ID="en-US0900c8af8007350f_KC01249907" id="KC01249907" j2008use="1" paperuse="1" resumable="1" screenuse="1" testgrp-id="verifnode" x="240" y="120">
<title>
<phrase category="" id="KC06148147" phrase-urn="urn:x-nevis:phrase:0800c8af8177d9c9">Verification</phrase>
</title>
<node>
<test1>
<hint>
<ptxt>
<phrase category="" id="KC06148148" phrase-urn="urn:x-nevis:phrase:0800c8af8177d9df">After carrying #@#@#50#died.</phrase>
</ptxt>
</hint>
<diaglist>
<dgraphic>
<dgraphic1>
<graphic id="KC06148149">
<href>0900c8af80054d5#@#@#9#.jpeg</href>
</graphic>
</dgraphic1>
<dgraphic2>
<graphic id="KC06148150">
<href>0900c8af80054d7#@#@#9#.jpeg</href>
</graphic>
</dgraphic2>
</dgraphic>
<ditem>
<ptxt>
<phrase category="" id="KC06148151" phrase-urn="urn:x-nevis:phrase:0800c8af8177d9f6">Ignition off</phrase>
</ptxt>
</ditem>
<ditem>
<ptxt>
<phrase category="" id="KC06148152" phrase-urn="urn:x-nevis:phrase:0800c8af8177da0b">Reinstall the c#@#@#21# etc.</phrase>
</ptxt>
</ditem>
<ditem>
<ptxt>
<phrase category="" id="KC06148153" phrase-urn="urn:x-nevis:phrase:0800c8af8177da21">Ignition on.</phrase>
</ptxt>
</ditem>
</diaglist>
<test2>
<para>
<ptxt>
<phrase category="" id="KC06148154" phrase-urn="urn:x-nevis:phrase:0800c8af8177da38">Read off the st#@#@#64#mbol.</phrase>
</ptxt>
</para>
<para>
<ptxt>
<phrase category="" id="KC06148155" phrase-urn="urn:x-nevis:phrase:0800c8af8177da4b">Check that the #@#@#68#seat.</phrase>
</ptxt>
</para>
<diaglist>
<dgraphic>
<dgraphic2>
<graphic id="KC06148156">
<href>0900c8af86c8681#@#@#9#.jpeg</href>
</graphic>
<smarttool active="press" id="KC06148157" toolname="XREMA617"/>
</dgraphic2>
</dgraphic>
<ditem>
<ditemtext>
<ptxt>
<phrase category="" id="KC06148158" phrase-urn="urn:x-nevis:phrase:0800c8af8177da62"/>
</ptxt>
</ditemtext>
</ditem>
</diaglist>
</test2>
</test1>
<question>Does the seat b#@#@#58#nger?</question>
<resact-grp>
<result button="yes" comp="button" highlight="0"/>
<action j2008use="1" paperuse="1" screenuse="1">
<return value="VERIFIED"/>
</action>
</resact-grp>
<resact-grp>
<result button="no" comp="button" highlight="0"/>
<action j2008use="1" paperuse="1" screenuse="1">
<return value="VERIFICATION FAILED"/>
</action>
</resact-grp>
</node>
</testgrp>
</diagnostic>