<?xml version="1.0" encoding="UTF-8"?><servinfosub IE-ID="en-US0900c8af81bc050f" docno="VCC-081786" id="KC07767630" xml:lang="en-US">
<title>Locking of driv#@#@#20#l hub</title>
<procedure>
<procstep>
<title/>
<warning>
<ptxt>The use of prot#@#@#51#ded.
</ptxt>
</warning>
<ptxt>If a drive shaf#@#@#88#lled.</ptxt>
<ptxt>Tighten the new#@#@#51#low.
</ptxt>
</procstep>
<procstep>
<title>Procedure for l#@#@#6# hub:</title>
<grate>
<graphic id="KC07767632" width="column">
<href>0900c8af819dfd9#@#@#9#.jpeg</href>
</graphic>
<graphtext>
<ptxt>Clean splines a#@#@#66#dirt.</ptxt>
<ptxt>Apply 3-4 mm (3#@#@#133#ed).
</ptxt>
<note>
<ptxt>Apply adhesive #@#@#45#hub.
</ptxt>
</note>
<ptxt>Install hub and#@#@#4# nut.</ptxt>
<ptxt>Tighten nut to <emph>120 Nm</emph>
 (89 ft. lbs) #@#@#32#nual.</ptxt>
<ptxt>Lock the nut (s#@#@#95#ted).</ptxt>
</graphtext>
</grate>
<grate>
<graphic id="KC07767633" width="column">
<href>0900c8af803f57f#@#@#9#.jpeg</href>
</graphic>
<graphtext>
<note>
<ptxt>From chassis no:s. <emph>854: 219646 , 8#@#@#5#21429</emph>
 a
new drive s#@#@#102#oted:</ptxt>
</note>
<list1 enumtype="d">
<item>
<ptxt>The nut is reusable</ptxt>
</item>
<item>
<ptxt>There is no loc#@#@#26#haft.</ptxt>
</item>
<item>
<ptxt>The threads on #@#@#40# M22.</ptxt>
</item>
<item>
<ptxt>New self-lockin#@#@#17#read.</ptxt>
</item>
</list1>
<note>
<ptxt>The nut must be#@#@#13# use.</ptxt>
</note>
<ptxt>The new nut mus#@#@#90# 60°.</ptxt>
</graphtext>
</grate>
</procstep>
</procedure>
</servinfosub>