<?xml version="1.0" encoding="UTF-8"?><servinfosub IE-ID="en-US0900c8af87b6a50f" docno="VCC-502363" id="nev27916479n1" original="sv-SE" servinfosubId="nev27916480n1-nev27916479n3" servinfosubRes="0900c8af87bbdd60" servinfosubRes2="urn:x-nevis:fragment:0900c8af87b6a50f:0900c8af87bbdd60#nev27916479n3" xml:lang="en-US">
<title id="nev27916479n2">Jacking points body</title>
<procedure id="nev27916480n1-nev28008717n250">
<stepgrp id="nev27916480n1-nev28008717n249">
<procstep id="nev27916480n1-nev28008717n248" toc-include="yes">
<para id="nev27916480n1-nev28008717n247">
<title id="nev27916480n1-nev28008717n244">Preparatory work</title>
<ptxt id="nev27916480n1-nev28008717n246">Follow the inst#@#@#33#ift. <xref boilerplate="true" id="nev27916480n1-nev28011461n250">
<ref id="nev27916480n1-nev28011577n226"/>
</xref>
<xref id="nev27916480n1-nev28077945n250">
<ref id="nev27916480n1-nev28077945n243"/>
</xref>
</ptxt>
</para>
</procstep>
</stepgrp>
<stepgrp id="nev27916480n1-nev28008717n233">
<procstep id="nev27916480n1-nev28008717n232" toc-include="yes">
<ptxt id="nev27916480n1-nev28008717n231">
<toolitem id="nev27916480n1-nev28008717n230" imageid="0900c8af8466aba9"/>
</ptxt>
<warning id="nev27916480n1-nev28011577n245">
<ptxt id="nev27916480n1-nev28011577n241">When using the #@#@#185#ints.</ptxt>
</warning>
<caution id="nev27916480n1-nev28008717n215">
<ptxt id="nev27916480n1-nev28008717n214">Always follow t#@#@#77#dure.</ptxt>
</caution>
<grate id="nev27916480n1-nev28008717n212" pgwide="1">
<graphic id="nev27916480n1-nev28008717n211">
<href>0900c8af87b6a51#@#@#11#.jpeg</href>
</graphic>
</grate>
<ptxt id="nev27916480n1-nev28008717n198">For additional #@#@#124#ction</ptxt>
</procstep>
</stepgrp>
</procedure>
</servinfosub>