<?xml version="1.0" encoding="UTF-8"?><script xmlns:nevis="http://www.volvocars.com/namespaces/processing" xmlns:xlink="http://www.w3.org/1999/xlink" IE-ID="en-US0900c8af85075800" docno="VCC-229907" id="nev9953135n1" nevis:expl-profile="mdl544yr2004, mdl545yr2004, mdl544yr2005, mdl545yr2005, mdl544yr2006, mdl545yr2006, mdl544yr2007, mdl545yr2007, mdl533yr2007, mdl544yr2008, mdl545yr2008, mdl533yr2008, mdl533yr2009, mdl544yr2009, mdl545yr2009, mdl544yr2010, mdl545yr2010, mdl533yr2010, mdl533yr2011, mdl545yr2011, mdl544yr2011, mdl544yr2012, mdl545yr2012, mdl533yr2012, mdl530yr2011, mdl533yr2013, mdl530yr2012, mdl530yr2013" nevis:profile="urn:x-nevis:profile:0b00c8af8020c058 urn:x-nevis:profile:0b00c8af8020c05a urn:x-nevis:profile:0b00c8af80da257b urn:x-nevis:profile:0b00c8af80da257d urn:x-nevis:profile:0b00c8af823216e9 urn:x-nevis:profile:0b00c8af823216ee urn:x-nevis:profile:0b00c8af82e5d02d urn:x-nevis:profile:0b00c8af82e5d352 urn:x-nevis:profile:0b00c8af82febdf9 urn:x-nevis:profile:0b00c8af839eaa60 urn:x-nevis:profile:0b00c8af839eacfa urn:x-nevis:profile:0b00c8af83aff6b3 urn:x-nevis:profile:0b00c8af83f19e63 urn:x-nevis:profile:0b00c8af83f1a51f urn:x-nevis:profile:0b00c8af83f1a8d8 urn:x-nevis:profile:0b00c8af8414dfad urn:x-nevis:profile:0b00c8af8414e27e urn:x-nevis:profile:0b00c8af841552ad urn:x-nevis:profile:0b00c8af847139c0 urn:x-nevis:profile:0b00c8af847139e3 urn:x-nevis:profile:0b00c8af847139e6 urn:x-nevis:profile:0b00c8af84eb810f urn:x-nevis:profile:0b00c8af84eb8110 urn:x-nevis:profile:0b00c8af84eb8111 urn:x-nevis:profile:0b00c8af8512644f urn:x-nevis:profile:0b00c8af8520c39e urn:x-nevis:profile:0b00c8af85330427 urn:x-nevis:profile:0b00c8af8568d0bf" nevis:projectdocument="urn:x-nevis:projectdocument:0800c8af81b336b4" nevis:resource="0900c8af8507584a" nevis:resource2="urn:x-nevis:fragment:0900c8af85075800:0900c8af8507584a#nev9953135n1" nevis:session-id="" qualifierinfotype="14:00" type="" xml:lang="en-US"><title><phrase category="Title" id="nev16064891n1" phrase-urn="urn:x-nevis:phrase:0800c8af81e9eb4d">Initializing th#@#@#20# door</phrase></title><content gui="1" height="300" id="nev9953136n1-nev9953135n3" nevis:expl-profile="mdl544yr2004, mdl545yr2004, mdl544yr2005, mdl545yr2005, mdl544yr2006, mdl545yr2006, mdl544yr2007, mdl545yr2007, mdl533yr2007, mdl544yr2008, mdl545yr2008, mdl533yr2008, mdl533yr2009, mdl544yr2009, mdl545yr2009, mdl544yr2010, mdl545yr2010, mdl533yr2010, mdl533yr2011, mdl545yr2011, mdl544yr2011, mdl544yr2012, mdl545yr2012, mdl533yr2012, mdl530yr2011, mdl533yr2013, mdl530yr2012, mdl530yr2013" nevis:idfrom="nev9953136n1" nevis:prefix="nev9953136n1" nevis:profile="urn:x-nevis:profile:0b00c8af8020c058 urn:x-nevis:profile:0b00c8af8020c05a urn:x-nevis:profile:0b00c8af80da257b urn:x-nevis:profile:0b00c8af80da257d urn:x-nevis:profile:0b00c8af823216e9 urn:x-nevis:profile:0b00c8af823216ee urn:x-nevis:profile:0b00c8af82e5d02d urn:x-nevis:profile:0b00c8af82e5d352 urn:x-nevis:profile:0b00c8af82febdf9 urn:x-nevis:profile:0b00c8af839eaa60 urn:x-nevis:profile:0b00c8af839eacfa urn:x-nevis:profile:0b00c8af83aff6b3 urn:x-nevis:profile:0b00c8af83f19e63 urn:x-nevis:profile:0b00c8af83f1a51f urn:x-nevis:profile:0b00c8af83f1a8d8 urn:x-nevis:profile:0b00c8af8414dfad urn:x-nevis:profile:0b00c8af8414e27e urn:x-nevis:profile:0b00c8af841552ad urn:x-nevis:profile:0b00c8af847139c0 urn:x-nevis:profile:0b00c8af847139e3 urn:x-nevis:profile:0b00c8af847139e6 urn:x-nevis:profile:0b00c8af84eb810f urn:x-nevis:profile:0b00c8af84eb8110 urn:x-nevis:profile:0b00c8af84eb8111 urn:x-nevis:profile:0b00c8af8512644f urn:x-nevis:profile:0b00c8af8520c39e urn:x-nevis:profile:0b00c8af85330427 urn:x-nevis:profile:0b00c8af8568d0bf" nevis:resource="0900c8af85075848" nevis:resource2="urn:x-nevis:fragment:0900c8af85075800:0900c8af85075848#nev9953135n3" width="440" xml:lang="en-US"><nodes id="nev9953136n1-nev16064892n1"><node class="Components.StartNode" id="nev9953136n1-nev16064893n1" nodeid="Start" x="4" y="248"/><node class="Components.ScriptComponent" id="nev9953136n1-nev16064894n1" nodeid="ScriptComponent1" x="153" y="603"/><node class="Components.ScriptButton" id="nev9953136n1-nev16064895n1" nodeid="Hide" x="6" y="588"><gui height="30" id="nev9953136n1-nev16064896n1" width="110" x="310" y="260"/><property class="String" id="nev9953136n1-nev16064897n1" name="Text" type="In" value="Hide" visible="0"/><property class="String" id="nev9953136n1-nev16064898n1" name="StartDisabled" type="Internal" value="false" visible="1"/><property class="String" id="nev9953136n1-nev16064899n1" name="StartVisible" type="Internal" value="true" visible="1"/><extension id="nev9953136n1-nev16064900n1"><phrase category="Faulttracing" id="nev9953136n1-nev9953138n1" phrase-urn="urn:x-nevis:phrase:0800c8af81b6b138">Hide</phrase></extension></node><node class="Components.VehComm" id="nev9953136n1-nev16064901n1" nodeid="PIN" x="159" y="18"><property class="String" id="nev9953136n1-nev16064902n1" name="Mode" type="Internal" value="EcuType" visible="1"/><property class="Int" id="nev9953136n1-nev16064903n1" name="EcuType" type="In" value="831701" visible="0"/><property class="Int" id="nev9953136n1-nev16064904n1" name="ServiceId" type="In" value="8" visible="0"/><property class="String" id="nev9953136n1-nev16064905n1" name="EcuName" type="Out" value="" visible="1"/><property class="Response" id="nev9953136n1-nev16064906n1" name="Result" type="Out" value="" visible="1"/><property class="String" id="nev9953136n1-nev16064907n1" name="Code" type="In" value="0036" visible="0"/><extension id="nev9953136n1-nev16064908n1"><insertparam id="nev9953136n1-nev9953184n1" name="Code"/></extension></node><node class="Components.VehComm" id="nev9953136n1-nev16064909n1" nodeid="A0:an" x="152" y="168"><property class="String" id="nev9953136n1-nev16064910n1" name="Mode" type="Internal" value="EcuType" visible="1"/><property class="Int" id="nev9953136n1-nev16064911n1" name="EcuType" type="In" value="831701" visible="0"/><property class="Int" id="nev9953136n1-nev16064912n1" name="ServiceId" type="In" value="27" visible="0"/><property class="String" id="nev9953136n1-nev16064913n1" name="EcuName" type="Out" value="" visible="1"/><property class="Response" id="nev9953136n1-nev16064914n1" name="Result" type="Out" value="" visible="1"/><extension id="nev9953136n1-nev16064915n1"/></node><node class="Components.VehComm" id="nev9953136n1-nev16064916n1" nodeid="A0 PDM" x="151" y="312"><property class="String" id="nev9953136n1-nev16064917n1" name="Mode" type="Internal" value="EcuType" visible="1"/><property class="Int" id="nev9953136n1-nev16064918n1" name="EcuType" type="In" value="831703" visible="0"/><property class="Int" id="nev9953136n1-nev16064919n1" name="ServiceId" type="In" value="27" visible="0"/><property class="String" id="nev9953136n1-nev16064920n1" name="EcuName" type="Out" value="" visible="1"/><property class="Response" id="nev9953136n1-nev16064921n1" name="Result" type="Out" value="" visible="1"/><extension id="nev9953136n1-nev16064922n1"/></node><node class="Components.VehComm" id="nev9953136n1-nev16064923n1" nodeid="PIN PDM" x="151" y="456"><property class="String" id="nev9953136n1-nev16064924n1" name="Mode" type="Internal" value="EcuType" visible="1"/><property class="Int" id="nev9953136n1-nev16064925n1" name="EcuType" type="In" value="831703" visible="0"/><property class="Int" id="nev9953136n1-nev16064926n1" name="ServiceId" type="In" value="8" visible="0"/><property class="String" id="nev9953136n1-nev16064927n1" name="EcuName" type="Out" value="" visible="1"/><property class="Response" id="nev9953136n1-nev16064928n1" name="Result" type="Out" value="" visible="1"/><property class="String" id="nev9953136n1-nev16064929n1" name="Code" type="In" value="0036" visible="0"/><extension id="nev9953136n1-nev16064930n1"><insertparam id="nev9953136n1-nev9953207n1" name="Code"/></extension></node><node class="Components.IdentifierComponent" id="nev9953136n1-nev16064931n1" nodeid="DDM B2 03 80" x="325" y="50"><property class="Parameter" id="nev9953136n1-nev16064932n1" name="Initiera fönstret i bakdörr" type="Out" value="" visible="1"/><extension id="nev9953136n1-nev16064933n1"><identifier ecu="831701" ecuMode="EcuType" id="nev9953136n1-nev16064934n1" read="23" type="RTOFF" value="03"><parameter id="nev9953136n1-nev16064935n1" name="Initiera fönstret i bakdörr" textid="71859"/><rawparameter id="nev9953136n1-nev16064936n1" name="ControlMode" value="80"/></identifier></extension></node><node class="Components.IdentifierComponent" id="nev9953136n1-nev16064937n1" nodeid="DDM B2 03 60" x="556" y="185"><property class="Parameter" id="nev9953136n1-nev16064938n1" name="Initiera fönstret i bakdörr" type="Out" value="" visible="1"/><extension id="nev9953136n1-nev16064939n1"><identifier ecu="831701" ecuMode="EcuType" id="nev9953136n1-nev16064940n1" read="23" type="RTOFF" value="03"><parameter id="nev9953136n1-nev16064941n1" name="Initiera fönstret i bakdörr" textid="71859"/><rawparameter id="nev9953136n1-nev16064942n1" name="ControlMode" value="60"/></identifier></extension></node><node class="Components.ScriptButton" id="nev9953136n1-nev16064943n1" nodeid="1" x="14" y="12"><gui height="70" id="nev9953136n1-nev16064944n1" width="75" x="10" y="25"/><property class="String" id="nev9953136n1-nev16064945n1" name="Text" type="In" value="1" visible="0"/><property class="String" id="nev9953136n1-nev16064946n1" name="StartDisabled" type="Internal" value="false" visible="1"/><property class="String" id="nev9953136n1-nev16064947n1" name="StartVisible" type="Internal" value="true" visible="1"/><extension id="nev9953136n1-nev16064948n1"/></node><node class="Components.ScriptButton" id="nev9953136n1-nev16064949n1" nodeid="2" x="6" y="422"><gui height="70" id="nev9953136n1-nev16064950n1" width="75" x="10" y="150"/><property class="String" id="nev9953136n1-nev16064951n1" name="Text" type="In" value="2" visible="0"/><property class="String" id="nev9953136n1-nev16064952n1" name="StartDisabled" type="Internal" value="false" visible="1"/><property class="String" id="nev9953136n1-nev16064953n1" name="StartVisible" type="Internal" value="true" visible="1"/><extension id="nev9953136n1-nev16064954n1"/></node><node class="Components.IdentifierComponent" id="nev9953136n1-nev16064955n1" nodeid="PDM  B2 03 80" x="330" y="414"><property class="Parameter" id="nev9953136n1-nev16064956n1" name="Initiera fönstret i bakdörr" type="Out" value="" visible="1"/><extension id="nev9953136n1-nev16064957n1"><identifier ecu="831703" ecuMode="EcuType" id="nev9953136n1-nev16064958n1" read="23" type="RTOFF" value="03"><parameter id="nev9953136n1-nev16064959n1" name="Initiera fönstret i bakdörr" textid="71859"/><rawparameter id="nev9953136n1-nev16064960n1" name="ControlMode" value="80"/></identifier></extension></node><node class="Components.IdentifierComponent" id="nev9953136n1-nev16064961n1" nodeid="PDM B2 03 60" x="577" y="620"><property class="Parameter" id="nev9953136n1-nev16064962n1" name="Initiera fönstret i bakdörr" type="Out" value="" visible="1"/><extension id="nev9953136n1-nev16064963n1"><identifier ecu="831703" ecuMode="EcuType" id="nev9953136n1-nev16064964n1" read="23" type="RTOFF" value="03"><parameter id="nev9953136n1-nev16064965n1" name="Initiera fönstret i bakdörr" textid="71859"/><rawparameter id="nev9953136n1-nev16064966n1" name="ControlMode" value="60"/></identifier></extension></node><node class="Components.Constant" id="nev9953136n1-nev16064967n1" nodeid="Constant1" x="557" y="89"><property class="String" id="nev9953136n1-nev16064968n1" name="Text" type="Out" value="Initiering genomförd" visible="1"/><extension id="nev9953136n1-nev16064969n1"><text id="nev9953136n1-nev13313338n1" textId="91551" type="carcom"/></extension></node><node class="Components.Gui.ParameterLabel" id="nev9953136n1-nev16064970n1" nodeid="ParameterLabel1" x="691" y="0"><gui height="70" id="nev9953136n1-nev16064971n1" width="320" x="105" y="25"/><property class="Parameter" id="nev9953136n1-nev16064972n1" name="Parameter" type="In" value="" visible="1"/><property class="String" id="nev9953136n1-nev16064973n1" name="Title" type="In" value="" visible="1"/><property class="String" id="nev9953136n1-nev16064974n1" name="Value" type="In" value="" visible="1"/><property class="String" id="nev9953136n1-nev16064975n1" name="Unit" type="In" value="" visible="1"/><property class="String" id="nev9953136n1-nev16064976n1" name="StartVisible" type="Internal" value="true" visible="0"/></node><node class="Components.Gui.ParameterLabel" id="nev9953136n1-nev16064977n1" nodeid="ParameterLabel2" x="711" y="414"><gui height="70" id="nev9953136n1-nev16064978n1" width="320" x="105" y="150"/><property class="Parameter" id="nev9953136n1-nev16064979n1" name="Parameter" type="In" value="" visible="1"/><property class="String" id="nev9953136n1-nev16064980n1" name="Title" type="In" value="" visible="1"/><property class="String" id="nev9953136n1-nev16064981n1" name="Value" type="In" value="" visible="1"/><property class="String" id="nev9953136n1-nev16064982n1" name="Unit" type="In" value="" visible="1"/><property class="String" id="nev9953136n1-nev16064983n1" name="StartVisible" type="Internal" value="true" visible="0"/></node><node class="Components.Constant" id="nev9953136n1-nev16064984n1" nodeid="Constant2" x="577" y="527"><property class="String" id="nev9953136n1-nev16064985n1" name="Text" type="Out" value="Initiering genomförd" visible="1"/><extension id="nev9953136n1-nev16064986n1"><text id="nev9953136n1-nev13313356n1" textId="91551" type="carcom"/></extension></node><node class="Components.Constant" id="nev9953136n1-nev16064987n1" nodeid="Constant3" x="341" y="669"><property class="String" id="nev9953136n1-nev16064988n1" name="Text" type="Out" value="Styrenheten kan inte utföra tjänsten!" visible="1"/><extension id="nev9953136n1-nev16064989n1"><text id="nev9953136n1-nev13313360n1" type="nevis"><phrase category="Faulttracing" id="nev9953136n1-nev13313258n1" phrase-urn="urn:x-nevis:phrase:0800c8af83456523">The control mod#@#@#25#task!</phrase></text></extension></node><node class="Components.ScriptLabel" id="nev9953136n1-nev16064990n1" nodeid="Label1" x="469" y="679"><gui height="25" id="nev9953136n1-nev16064991n1" width="415" x="10" y="225"/><property class="String" id="nev9953136n1-nev16064992n1" name="Text" type="In" value="" visible="1"/><property class="Parameter" id="nev9953136n1-nev16064993n1" name="Parameter" type="In" value="" visible="1"/></node></nodes><handlers id="nev9953136n1-nev16064994n1"><eventhandler id="nev9953136n1-nev16064995n1" name="Click" node="Hide"><call id="nev9953136n1-nev16064996n1" method="CloseDialog" node="ScriptComponent1"/></eventhandler><eventhandler id="nev9953136n1-nev16064997n1" name="OnPositiveResponse" node="A0 PDM"/><eventhandler id="nev9953136n1-nev16064998n1" name="OnNoResponse" node="A0 PDM"/><eventhandler id="nev9953136n1-nev16064999n1" name="OnNoContact" node="A0 PDM"/><eventhandler id="nev9953136n1-nev16065000n1" name="OnNegativeResponse" node="A0 PDM"/><eventhandler id="nev9953136n1-nev16065001n1" name="OnStart" node="Start"><call id="nev9953136n1-nev16065002n1" method="Execute" node="A0:an"/><call id="nev9953136n1-nev16065003n1" method="Execute" node="A0 PDM"/><call id="nev9953136n1-nev16065004n1" method="UpdateTitles" node="PDM  B2 03 80"/><call id="nev9953136n1-nev16065005n1" method="UpdateTitles" node="DDM B2 03 80"/></eventhandler><eventhandler id="nev9953136n1-nev16065006n1" name="OnPositiveResponse" node="PIN"><call id="nev9953136n1-nev16065007n1" method="Read" node="DDM B2 03 80"/></eventhandler><eventhandler id="nev9953136n1-nev16065008n1" name="OnPositiveResponse" node="PIN PDM"><call id="nev9953136n1-nev16065009n1" method="Read" node="PDM  B2 03 80"/></eventhandler><eventhandler id="nev9953136n1-nev16065010n1" name="OnNoResponse" node="PIN"/><eventhandler id="nev9953136n1-nev16065011n1" name="OnNoContact" node="PIN"/><eventhandler id="nev9953136n1-nev16065012n1" name="OnNegativeResponse" node="PIN"><call id="nev9953136n1-nev16065013n1" method="Read" node="DDM B2 03 80"/></eventhandler><eventhandler id="nev9953136n1-nev16065014n1" name="OnNoResponse" node="PIN PDM"/><eventhandler id="nev9953136n1-nev16065015n1" name="OnNoContact" node="PIN PDM"/><eventhandler id="nev9953136n1-nev16065016n1" name="OnNegativeResponse" node="PIN PDM"><call id="nev9953136n1-nev16065017n1" method="Read" node="PDM  B2 03 80"/></eventhandler><eventhandler id="nev9953136n1-nev16065018n1" name="OnPositiveResponse" node="DDM B2 03 80"><call id="nev9953136n1-nev16065019n1" method="Read" node="DDM B2 03 60"/><call id="nev9953136n1-nev16065020n1" method="Trigger" node="Constant1"/></eventhandler><eventhandler id="nev9953136n1-nev16065021n1" name="Click" node="1"><call id="nev9953136n1-nev16065022n1" method="Execute" node="PIN"/></eventhandler><eventhandler id="nev9953136n1-nev16065023n1" name="Click" node="2"><call id="nev9953136n1-nev16065024n1" method="Execute" node="PIN PDM"/></eventhandler><eventhandler id="nev9953136n1-nev16065025n1" name="OnPositiveResponse" node="PDM  B2 03 80"><call id="nev9953136n1-nev16065026n1" method="Read" node="PDM B2 03 60"/><call id="nev9953136n1-nev16065027n1" method="Trigger" node="Constant2"/></eventhandler><eventhandler id="nev9953136n1-nev16065028n1" name="OnNoResponse" node="ScriptComponent1"><call id="nev9953136n1-nev16065029n1" method="Trigger" node="Constant3"/></eventhandler><eventhandler id="nev9953136n1-nev16065030n1" name="OnNoContact" node="ScriptComponent1"><call id="nev9953136n1-nev16065031n1" method="Trigger" node="Constant3"/></eventhandler><eventhandler id="nev9953136n1-nev16065032n1" name="OnNegativeResponse" node="ScriptComponent1"><call id="nev9953136n1-nev16065033n1" method="Trigger" node="Constant3"/></eventhandler><propertyhandler id="nev9953136n1-nev16065034n1" name="Result" node="A0:an"/><propertyhandler id="nev9953136n1-nev16065035n1" name="Text" node="Constant1"><set id="nev9953136n1-nev16065036n1" node="ParameterLabel1" property="Value"/></propertyhandler><propertyhandler id="nev9953136n1-nev16065037n1" name="Initiera fönstret i bakdörr" node="PDM  B2 03 80"><set id="nev9953136n1-nev16065038n1" node="ParameterLabel2" property="Parameter"/></propertyhandler><propertyhandler id="nev9953136n1-nev16065039n1" name="Text" node="Constant2"><set id="nev9953136n1-nev16065040n1" node="ParameterLabel2" property="Value"/></propertyhandler><propertyhandler id="nev9953136n1-nev16065041n1" name="Text" node="Constant3"><set id="nev9953136n1-nev16065042n1" node="Label1" property="Text"/></propertyhandler><propertyhandler id="nev9953136n1-nev16065043n1" name="Initiera fönstret i bakdörr" node="DDM B2 03 80"><set id="nev9953136n1-nev16065044n1" node="ParameterLabel1" property="Parameter"/></propertyhandler></handlers></content></script>