<?xml version="1.0" encoding="UTF-8"?><servinfosub IE-ID="en-US0900c8af836a6800" docno="VCC-295338" id="nev11925089n1" xml:lang="en-US">
<title>
<phrase category="" id="nev11925089n2" phrase-urn="urn:x-nevis:phrase:0800c8af827249ec">Signal too low</phrase>
</title>
<diagnostic j2008use="1" layout="0" paperuse="1" screenuse="1" type="test">
<testgrp IE-ID="en-US0900c8af836a6800_nev11925089n3" id="nev11925089n3" j2008use="1" paperuse="1" resumable="1" screenuse="1" testgrp-id="node1" x="80" y="80">
<title>
<phrase category="" id="nev11925089n4" phrase-urn="urn:x-nevis:phrase:0800c8af827249ed">Checking the wiring</phrase>
</title>
<node>
<test1>
<diaglist>
<dgraphic>
<dgraphic1>
<graphic id="nev11925089n5">
<href>0900c8af80054d4#@#@#9#.jpeg</href>
</graphic>
</dgraphic1>
<dgraphic2>
<graphic id="nev11925089n6">
<href>0900c8af80054d7#@#@#9#.jpeg</href>
</graphic>
</dgraphic2>
</dgraphic>
<ditem>
<ptxt>
<phrase category="" id="nev11925089n7" phrase-urn="urn:x-nevis:phrase:0800c8af827249ee">Ignition off</phrase>
</ptxt>
</ditem>
<ditem>
<ptxt>
<phrase category="" id="nev11925089n8" phrase-urn="urn:x-nevis:phrase:0800c8af827249ef">Disconnect the #@#@#42#IAM).</phrase>
</ptxt>
</ditem>
</diaglist>
<test2>
<para>
<ptxt>
<phrase category="" id="nev11925089n9" phrase-urn="urn:x-nevis:phrase:0800c8af827249f0">Check the conne#@#@#56#tion.</phrase>
</ptxt>
</para>
<para>
<ptxt>
<phrase category="" id="nev11925089n10" phrase-urn="urn:x-nevis:phrase:0800c8af827249f1">Check the anten#@#@#131#ound.</phrase>
</ptxt>
<ptxt>
<phrase category="" id="nev11925090n1" phrase-urn="urn:x-nevis:phrase:0800c8af827249f2">Measure between:</phrase>
</ptxt>
</para>
<list1 enumtype="d" type="unordered">
<item>
<ptxt>
<phrase category="Faulttracing" id="nev11925090n2" phrase-urn="urn:x-nevis:phrase:0800c8af8360e525">Integrated audi#@#@#71#door.</phrase>
</ptxt>
</item>
<item>
<ptxt>
<phrase category="Faulttracing" id="nev11925090n3" phrase-urn="urn:x-nevis:phrase:0800c8af8360e526">Integrated audi#@#@#72#door.</phrase>
</ptxt>
</item>
</list1>
<para>
<ptxt>
<phrase category="" id="nev11925090n4" phrase-urn="urn:x-nevis:phrase:0800c8af827249f5">Remedy as necessary.</phrase>
</ptxt>
</para>
<list1 enumtype="d" type="unordered">
<title>
<phrase category="" id="nev11925090n5" phrase-urn="urn:x-nevis:phrase:0800c8af827249f6">Other information</phrase>
</title>
<item>
<ptxt>
<xref id="nev12066808n100">
<ref id="l1141212762974"/>
</xref>
</ptxt>
</item>
<item>
<ptxt>
<xref id="nev12066808n98">
<ref id="l1141212782990"/>
</xref>
</ptxt>
</item>
<item>
<ptxt>
<xref id="nev11960759n100">
<ref id="l1141212811849"/>
</xref>
</ptxt>
</item>
<item>
<ptxt>
<xref id="nev11958510n94">
<ref id="l1141212834348"/>
</xref>
</ptxt>
</item>
<item>
<ptxt>
<phrase category="" id="nev11925091n4" phrase-urn="urn:x-nevis:phrase:0800c8af827249fc">
<xref>
<ref id="KC09603743"/>
</xref>
</phrase>
</ptxt>
</item>
</list1>
<diaglist>
<dgraphic>
<dgraphic1>
<graphic id="nev11925091n6">
<href>0900c8af8204a45#@#@#9#.jpeg</href>
</graphic>
</dgraphic1>
</dgraphic>
</diaglist>
</test2>
</test1>
<question>
Select Continue.
</question>
<resact-grp>
<result button="cont" comp="button" highlight="0"/>
<action j2008use="1" paperuse="1" screenuse="1">
<ptxt>
<xref>
<ref id="nev11925091n8"/>
</xref>
</ptxt>
</action>
</resact-grp>
</node>
</testgrp>
<testgrp id="nev11925091n9" j2008use="1" paperuse="1" resumable="1" screenuse="1" testgrp-id="veria" x="80" y="220">
<title>
<phrase category="" id="nev11925091n10" phrase-urn="urn:x-nevis:phrase:0800c8af827249ff">Verification</phrase>
</title>
<subcalloutnode>
<diagcallout>
<xref>
<ref id="nev11925092n1"/>
</xref>
</diagcallout>
<rescall-grp>
<result comp="string" highlight="0" op="eq" return="VERIFIED"/>
<calloutaction>
<return value="FAULT FOUND"/>
</calloutaction>
</rescall-grp>
<rescall-grp>
<result comp="string" highlight="0" op="eq" return="VERIFICATION FAILED"/>
<calloutaction>
<ptxt>
<xref>
<ref id="nev11925092n2"/>
</xref>
</ptxt>
</calloutaction>
</rescall-grp>
</subcalloutnode>
</testgrp>
<testgrp id="nev11925092n3" j2008use="1" paperuse="0" resumable="1" screenuse="1" testgrp-id="info1" x="80" y="380">
<title>
<phrase category="" id="nev11925092n4" phrase-urn="urn:x-nevis:phrase:0800c8af82724a00">Fault-tracing i#@#@#5#ation</phrase>
</title>
<subcalloutnode>
<diagcallout>
<xref>
<ref id="nev11925092n5"/>
</xref>
</diagcallout>
<rescall-grp>
<result comp="string" highlight="0" op="eq" return="FAULTTRACING FAILED"/>
<calloutaction>
<return value="FAULTTRACING FAILED"/>
</calloutaction>
</rescall-grp>
<rescall-grp>
<result comp="string" highlight="0" op="eq" return="NEW TRY"/>
<calloutaction>
<ptxt>
<xref>
<ref id="nev11925092n6"/>
</xref>
</ptxt>
</calloutaction>
</rescall-grp>
</subcalloutnode>
</testgrp>
</diagnostic>
</servinfosub>