<?xml version="1.0" encoding="UTF-8"?><servinfosub IE-ID="en-US0900c8af8408e800" docno="VCC-338509" id="nev13101261n1" xml:lang="en-US">
<title>
<phrase category="Title" id="nev13101261n2" phrase-urn="urn:x-nevis:phrase:0800c8af81eb9a54">Diagnostic trou#@#@#21#ation</phrase>
<phrase category="Prefix" id="nev13101261n3" phrase-urn="urn:x-nevis:phrase:0800c8af8015c3f5">ECM</phrase>-P061A68</title>
<diagnostic j2008use="1" paperuse="1" screenuse="1" type="condition">
<condgrp>
<condition type="condition">
<grate>
<graphtext>
<note id="nev13101261n4">
<ptxt id="nev13101261n5">
<phrase category="Condition" id="nev13101261n6" phrase-urn="urn:x-nevis:phrase:0800c8af8340f4cb">This diagnostic#@#@#75#DTC).</phrase>
<phrase category="Condition" id="nev13101261n7" phrase-urn="urn:x-nevis:phrase:0800c8af8345cad1">An event contro#@#@#138#tion.</phrase>
</ptxt>
</note>
<ptxt>
<phrase category="Condition" id="nev13101261n8" phrase-urn="urn:x-nevis:phrase:0800c8af82539fe0">Engine Control #@#@#176#fold.</phrase>
<phrase category="Condition" id="nev13101261n9" phrase-urn="urn:x-nevis:phrase:0800c8af81eaaf05">The diagnostic #@#@#132#RPM).</phrase>
</ptxt>
<ptxt>
<phrase category="Condition" id="nev13101261n10" phrase-urn="urn:x-nevis:phrase:0800c8af8253a002">The diagnostic #@#@#62#ions.</phrase>
</ptxt>
</graphtext>
</grate>
</condition>
</condgrp>
<condgrp>
<condition type="substitution">
<list1 enumtype="d" type="unordered">
<item>
<ptxt>
<phrase category="" id="nev13101262n1" phrase-urn="urn:x-nevis:phrase:0800c8af823db0e1">Nothing.</phrase>
</ptxt>
</item>
</list1>
</condition>
<ps>
<list1 enumtype="d" type="unordered">
<item id="nev13101262n2">
<ptxt id="nev13101262n3">
<phrase category="Condition" id="nev13101262n4" phrase-urn="urn:x-nevis:phrase:0800c8af82c79e33">This diagnostic#@#@#66#died.</phrase>
</ptxt>
</item>
</list1>
</ps>
</condgrp>
<condgrp>
<condition type="symptom">
<list1 enumtype="d" type="unordered">
<item>
<ptxt>
<phrase category="Symptom" id="nev13101262n5" phrase-urn="urn:x-nevis:phrase:0800c8af822826c5">None.</phrase>
</ptxt>
</item>
</list1>
</condition>
</condgrp>
</diagnostic>
</servinfosub>