<?xml version="1.0" encoding="UTF-8"?><servinfosub IE-ID="en-US0900c8af85cc1800" docno="VCC-403690" id="nev15089948n1" xml:lang="en-US">
<title>
<phrase category="" id="nev15089948n2" phrase-urn="urn:x-nevis:phrase:0800c8af8270a0b0">Adaptation of t#@#@#11# unit</phrase>
</title>
<diagnostic j2008use="1" layout="0" paperuse="1" screenuse="1" type="test">
<testgrp IE-ID="en-US0900c8af85cc1800_nev15089948n3" id="nev15089948n3" j2008use="1" paperuse="1" resumable="1" screenuse="1" testgrp-id="node1" x="120" y="40">
<title>
<phrase category="" id="nev15089948n4" phrase-urn="urn:x-nevis:phrase:0800c8af8270a0b1">Checking the di#@#@#24#DTCs)</phrase>
</title>
<node>
<test1>
<diaglist>
<dgraphic>
<dgraphic1>
<graphic id="nev15089948n5">
<href>0900c8af80054d5#@#@#9#.jpeg</href>
</graphic>
</dgraphic1>
</dgraphic>
<ditem>
<ptxt>
<phrase category="" id="nev15089948n6" phrase-urn="urn:x-nevis:phrase:0800c8af8270a0b2">Ignition on.</phrase>
</ptxt>
</ditem>
</diaglist>
<test2>
<para>
<ptxt>
<phrase category="" id="nev15089948n7" phrase-urn="urn:x-nevis:phrase:0800c8af8270a0b3">Read off diagno#@#@#21#TCs).</phrase>
</ptxt>
<ptxt>
<phrase category="" id="nev15089948n8" phrase-urn="urn:x-nevis:phrase:0800c8af8270a0b4">Check to see if#@#@#162#ible.</phrase>
</ptxt>
</para>
<diaglist>
<dgraphic>
<dgraphic2>
<graphic id="nev15089948n9">
<href>0900c8af86c8681#@#@#9#.jpeg</href>
</graphic>
<smarttool active="press" id="l1251205732667"/>
</dgraphic2>
</dgraphic>
</diaglist>
</test2>
</test1>
<question>
Are other diag#@#@#30#red?
</question>
<resact-grp>
<result button="yes" comp="button" highlight="0"/>
<action j2008use="1" paperuse="1" screenuse="1">
<ptxt>
<xref>
<ref id="nev15089949n3"/>
</xref>
</ptxt>
</action>
</resact-grp>
<resact-grp>
<result button="no" comp="button" highlight="0"/>
<action j2008use="1" paperuse="1" screenuse="1">
<ptxt>
<xref>
<ref id="nev15089949n4"/>
</xref>
</ptxt>
</action>
</resact-grp>
</node>
</testgrp>
<testgrp id="nev15089949n5" j2008use="1" paperuse="1" resumable="1" screenuse="1" testgrp-id="node2" x="100" y="200">
<title>
<phrase category="" id="nev15089949n6" phrase-urn="urn:x-nevis:phrase:0800c8af8270a0b7">Adaptation of t#@#@#12#unit </phrase>
</title>
<node>
<test1>
<diaglist>
<dgraphic>
<dgraphic1>
<graphic id="nev15089949n8">
<href>0900c8af80054d5#@#@#9#.jpeg</href>
</graphic>
</dgraphic1>
</dgraphic>
</diaglist>
<test2>
<para id="nev19026511n80">
<ptxt id="nev19026511n79">
<phrase category="Faulttracing" id="nev19026521n1" phrase-urn="urn:x-nevis:phrase:0800c8af85cbf8e0">After replacing#@#@#172#ired.</phrase>
<phrase category="Faulttracing" id="nev19026522n1" phrase-urn="urn:x-nevis:phrase:0800c8af85cbf8e1">Adaptation mean#@#@#171#tion.</phrase>
</ptxt>
</para>
<list1 enumtype="n" id="nev19026511n100">
<item id="nev19026511n99">
<ptxt id="nev19026511n98">
<phrase category="Faulttracing" id="nev19026514n1" phrase-urn="urn:x-nevis:phrase:0800c8af85cbf8e2">Ignition off, k#@#@#2# out.</phrase>
</ptxt>
</item>
<item id="nev19026511n97">
<ptxt id="nev19026511n96">
<phrase category="Faulttracing" id="nev19026516n1" phrase-urn="urn:x-nevis:phrase:0800c8af85cbf8e3">Wait at least 1#@#@#69#mode.</phrase>
</ptxt>
</item>
<item id="nev19026511n95">
<ptxt id="nev19026511n94">
<phrase category="Faulttracing" id="nev19026517n1" phrase-urn="urn:x-nevis:phrase:0800c8af85cbf8e4">Ignition on, en#@#@#4# off.</phrase>
<phrase category="Faulttracing" id="nev19026518n1" phrase-urn="urn:x-nevis:phrase:0800c8af85cbf910">Wait at least 3#@#@#5#onds.</phrase>
</ptxt>
</item>
<item id="nev19026511n93">
<ptxt id="nev19026511n92">
<phrase category="Faulttracing" id="nev19026519n1" phrase-urn="urn:x-nevis:phrase:0800c8af81eab2ab">Click the symbo#@#@#44# off.</phrase>
</ptxt>
</item>
</list1>
<note id="nev19026511n91">
<ptxt id="nev19026511n90">
<phrase category="Faulttracing" id="nev19026513n1" phrase-urn="urn:x-nevis:phrase:0800c8af85cbf92b">The ignition mu#@#@#87#tart.</phrase>
</ptxt>
</note>
<para>
<ptxt>
<phrase category="" id="nev15089950n2" phrase-urn="urn:x-nevis:phrase:0800c8af8270a0be">Check that the #@#@#66# met.</phrase>
</ptxt>
</para>
<list1 enumtype="n" type="ordered">
<item>
<ptxt>
<phrase category="" id="nev15089950n4" phrase-urn="urn:x-nevis:phrase:0800c8af8270a0c0">Battery voltage#@#@#6# 10 V</phrase>
</ptxt>
</item>
<item>
<ptxt>
<phrase category="" id="nev15089950n5" phrase-urn="urn:x-nevis:phrase:0800c8af8270a0c1">Accelerator ped#@#@#13#ected</phrase>
</ptxt>
</item>
<item>
<ptxt>
<phrase category="" id="nev15089950n6" phrase-urn="urn:x-nevis:phrase:0800c8af8270a0c2">The vehicle mus#@#@#38#al). </phrase>
</ptxt>
</item>
<item>
<ptxt>
<phrase category="" id="nev15089950n7" phrase-urn="urn:x-nevis:phrase:0800c8af8270a0c3">Engine coolant #@#@#29#00 °C</phrase>
</ptxt>
</item>
<item>
<ptxt>
<phrase category="" id="nev15089950n8" phrase-urn="urn:x-nevis:phrase:0800c8af8270a0c4">Intake air temp#@#@#20#5 °C.</phrase>
</ptxt>
</item>
<item id="nev19026511n76">
<ptxt id="nev19026511n75">
<phrase category="Faulttracing" id="nev19026523n1" phrase-urn="urn:x-nevis:phrase:0800c8af85cbf91f">Wait at least 1#@#@#39# met.</phrase>
</ptxt>
</item>
</list1>
<para>
<ptxt>
<phrase category="Faulttracing" id="nev19026520n1" phrase-urn="urn:x-nevis:phrase:0800c8af85cbf937">Adaptation of t#@#@#35#lete.</phrase>
</ptxt>
</para>
<diaglist>
<dgraphic>
<dgraphic2>
<graphic id="nev15089951n3">
<href>0900c8af86c8681#@#@#9#.jpeg</href>
</graphic>
<smarttool active="press" id="l1251205696121"/>
</dgraphic2>
</dgraphic>
</diaglist>
<grate>
<graphic id="nev15089951n6">
<href>0900c8af8005ad8#@#@#9#.jpeg</href>
</graphic>
</grate>
</test2>
</test1>
<question>
Select "Contin#@#@#8#xit.
</question>
<resact-grp>
<result button="cont" comp="button" highlight="0"/>
<action j2008use="1" paperuse="1" screenuse="1">
<return value="DONE"/>
</action>
</resact-grp>
</node>
</testgrp>
<testgrp id="nev15089951n8" j2008use="1" paperuse="1" resumable="1" screenuse="1" testgrp-id="info" x="240" y="200">
<title>
<phrase category="" id="nev15089951n9" phrase-urn="urn:x-nevis:phrase:0800c8af8270a0cb">Fault-tracing i#@#@#5#ation</phrase>
</title>
<node>
<test1>
<test2>
<para>
<ptxt>
<phrase category="" id="nev15089951n10" phrase-urn="urn:x-nevis:phrase:0800c8af8270a0cc">Remedy stored d#@#@#28#TCs).</phrase>
</ptxt>
</para>
<para>
<ptxt>
<phrase category="" id="nev15089952n1" phrase-urn="urn:x-nevis:phrase:0800c8af8270a0cd">Remedy as necessary.</phrase>
</ptxt>
</para>
</test2>
</test1>
<question>
Select Continue.
</question>
<resact-grp>
<result button="cont" comp="button" highlight="0"/>
<action j2008use="1" paperuse="1" screenuse="1">
<return value="DONE"/>
</action>
</resact-grp>
</node>
</testgrp>
</diagnostic>
</servinfosub>