<?xml version="1.0" encoding="UTF-8"?><script xmlns:nevis="http://www.volvocars.com/namespaces/processing" xmlns:xlink="http://www.w3.org/1999/xlink" IE-ID="en-US0900c8af82946618" docno="VCC-251093" id="nev10697297n1" nevis:expl-profile="mdl384yr2006tmn48, mdl285yr2006tmn48, mdl285yr2006tmn49, mdl384yr2006tmn49, mdl384yr2007tmn49, mdl384yr2007tmn48, mdl285yr2007tmn48, mdl285yr2007tmn49, mdl285yr2008tmn49, mdl384yr2008tmn49, mdl384yr2009tmn49" nevis:profile="urn:x-nevis:profile:0b00c8af822b0a24 urn:x-nevis:profile:0b00c8af822b0a43 urn:x-nevis:profile:0b00c8af8247f3b4 urn:x-nevis:profile:0b00c8af824c7e6f urn:x-nevis:profile:0b00c8af82e3b039 urn:x-nevis:profile:0b00c8af82e3b03a urn:x-nevis:profile:0b00c8af82e4818d urn:x-nevis:profile:0b00c8af82e48197 urn:x-nevis:profile:0b00c8af83affc5d urn:x-nevis:profile:0b00c8af83b00084 urn:x-nevis:profile:0b00c8af83f2e576" nevis:projectdocument="urn:x-nevis:projectdocument:0800c8af82513f5d" nevis:resource="0900c8af82946623" nevis:resource2="urn:x-nevis:fragment:0900c8af82946618:0900c8af82946623#nev10697297n1" nevis:session-id="" qualifierinfotype="14:00" type="" xml:lang="en-US"><title>Read/activate s#@#@#17#CM D2</title><content gui="1" height="150" id="nev10697297n2-nev10697288n1" nevis:expl-profile="mdl384yr2006tmn48, mdl285yr2006tmn48, mdl285yr2006tmn49, mdl384yr2006tmn49, mdl384yr2007tmn49, mdl384yr2007tmn48, mdl285yr2007tmn48, mdl285yr2007tmn49, mdl285yr2008tmn49, mdl384yr2008tmn49, mdl384yr2009tmn49" nevis:idfrom="nev10697297n2" nevis:prefix="nev10697297n2" nevis:profile="urn:x-nevis:profile:0b00c8af822b0a24 urn:x-nevis:profile:0b00c8af822b0a43 urn:x-nevis:profile:0b00c8af8247f3b4 urn:x-nevis:profile:0b00c8af824c7e6f urn:x-nevis:profile:0b00c8af82e3b039 urn:x-nevis:profile:0b00c8af82e3b03a urn:x-nevis:profile:0b00c8af82e4818d urn:x-nevis:profile:0b00c8af82e48197 urn:x-nevis:profile:0b00c8af83affc5d urn:x-nevis:profile:0b00c8af83b00084 urn:x-nevis:profile:0b00c8af83f2e576" nevis:resource="0900c8af82946625" nevis:resource2="urn:x-nevis:fragment:0900c8af82946618:0900c8af82946625#nev10697288n1" width="400" xml:lang="en-US"><nodes id="nev10697297n2-nev10925656n1"><node class="Components.StartNode" id="nev10697297n2-nev10925657n1" nodeid="Start" x="17" y="58"/><node class="Components.Gui.ParameterLabel" id="nev10697297n2-nev10925658n1" nodeid="ParameterLabel1" x="611" y="7"><gui height="70" id="nev10697297n2-nev10925659n1" width="380" x="10" y="10"/><property class="Parameter" id="nev10697297n2-nev10925660n1" name="Parameter" type="In" value="" visible="1"/><property class="String" id="nev10697297n2-nev10925661n1" name="Title" type="In" value="" visible="1"/><property class="String" id="nev10697297n2-nev10925662n1" name="Value" type="In" value="" visible="1"/><property class="String" id="nev10697297n2-nev10925663n1" name="Unit" type="In" value="" visible="1"/></node><node class="Components.ScriptComponent" id="nev10697297n2-nev10925664n1" nodeid="ScriptComponent1" x="231" y="663"/><node class="Components.ScriptButton" id="nev10697297n2-nev10925665n1" nodeid="ScriptButton1" x="59" y="558"><gui height="30" id="nev10697297n2-nev10925666n1" width="110" x="280" y="110"/><property class="String" id="nev10697297n2-nev10925667n1" name="Text" type="In" value="" visible="0"/><property class="String" id="nev10697297n2-nev10925668n1" name="StartDisabled" type="Internal" value="false" visible="1"/><extension id="nev10697297n2-nev10925669n1"><phrase category="Faulttracing" id="nev10697297n2-nev10925655n1" phrase-urn="urn:x-nevis:phrase:0800c8af81b6b138">Hide</phrase></extension></node><node class="Components.IdentifierComponent" id="nev10697297n2-nev10925670n1" nodeid="IdentifierComponent1" x="388" y="18"><property class="Parameter" id="nev10697297n2-nev10925671n1" name="Linear pressure solenoid SLC3, current" type="Out" value="" visible="1"/><extension id="nev10697297n2-nev10925672n1"><identifier ecu="437601" ecuMode="EcuType" id="nev10697297n2-nev10925673n1" read="4" type="REID" value="0334"><parameter id="nev10697297n2-nev10925674n1" name="Linear pressure solenoid SLC3, current" textid="84455"/></identifier></extension></node><node class="Components.Repeater" id="nev10697297n2-nev10925675n1" nodeid="Repeater1" x="190" y="84"><property class="Int" id="nev10697297n2-nev10925676n1" name="Wait" type="Internal" value="500" visible="1"/></node><node class="Components.ScriptButton" id="nev10697297n2-nev10925677n1" nodeid="ScriptButton2" x="58" y="215"><gui height="30" id="nev10697297n2-nev10925678n1" width="110" x="10" y="110"/><property class="String" id="nev10697297n2-nev10925679n1" name="Text" type="In" value="" visible="1"/><property class="String" id="nev10697297n2-nev10925680n1" name="StartDisabled" type="Internal" value="false" visible="1"/><extension id="nev10697297n2-nev10925681n1"><phrase category="Faulttracing" id="nev10697297n2-nev10925653n1" phrase-urn="urn:x-nevis:phrase:0800c8af8178a380">Start</phrase></extension></node><node class="Components.ScriptButton" id="nev10697297n2-nev10925682n1" nodeid="ScriptButton3" x="56" y="376"><gui height="30" id="nev10697297n2-nev10925683n1" width="110" x="145" y="110"/><property class="String" id="nev10697297n2-nev10925684n1" name="Text" type="In" value="" visible="1"/><property class="String" id="nev10697297n2-nev10925685n1" name="StartDisabled" type="Internal" value="false" visible="1"/><extension id="nev10697297n2-nev10925686n1"><phrase category="Faulttracing" id="nev10697297n2-nev10925654n1" phrase-urn="urn:x-nevis:phrase:0800c8af81e83af2">Stop</phrase></extension></node><node class="Components.Activation" id="nev10697297n2-nev10925687n1" nodeid="Activation1" x="230" y="212"><extension id="nev10697297n2-nev10925688n1"><identifier ecu="437601" ecuMode="EcuType" id="nev10697297n2-nev10925689n1" rawValues="Mask=FF,Value=FA" type="REID" useRaw="true" value="0A37" write="15"/></extension></node><node class="Components.Activation" id="nev10697297n2-nev10925690n1" nodeid="Activation2" x="229" y="372"><extension id="nev10697297n2-nev10925691n1"><identifier ecu="437601" ecuMode="EcuType" id="nev10697297n2-nev10925692n1" rawValues="Mask=FF,Value=19" type="REID" useRaw="true" value="0A37" write="15"/></extension></node><node class="Components.VehComm" id="nev10697297n2-nev10925693n1" nodeid="VehComm1" x="230" y="518"><property class="String" id="nev10697297n2-nev10925694n1" name="Mode" type="Internal" value="EcuType" visible="1"/><property class="Int" id="nev10697297n2-nev10925695n1" name="EcuType" type="In" value="437601" visible="0"/><property class="Int" id="nev10697297n2-nev10925696n1" name="ServiceId" type="In" value="27" visible="0"/><property class="String" id="nev10697297n2-nev10925697n1" name="EcuName" type="Out" value="" visible="1"/><property class="Response" id="nev10697297n2-nev10925698n1" name="Result" type="Out" value="" visible="1"/><extension id="nev10697297n2-nev10925699n1"/></node></nodes><handlers id="nev10697297n2-nev10925700n1"><eventhandler id="nev10697297n2-nev10925701n1" name="OnStart" node="Start"><call id="nev10697297n2-nev10925702n1" method="UpdateTitles" node="IdentifierComponent1"/><call id="nev10697297n2-nev10925703n1" method="Start" node="Repeater1"/></eventhandler><eventhandler id="nev10697297n2-nev10925704n1" name="Click" node="ScriptButton1"><call id="nev10697297n2-nev10925705n1" method="CloseDialog" node="ScriptComponent1"/><call id="nev10697297n2-nev10925706n1" method="Execute" node="VehComm1"/></eventhandler><eventhandler id="nev10697297n2-nev10925707n1" name="OnRepeat" node="Repeater1"><call id="nev10697297n2-nev10925708n1" method="Read" node="IdentifierComponent1"/></eventhandler><eventhandler id="nev10697297n2-nev10925709n1" name="Click" node="ScriptButton2"><call id="nev10697297n2-nev10925710n1" method="Activate" node="Activation1"/></eventhandler><eventhandler id="nev10697297n2-nev10925711n1" name="Click" node="ScriptButton3"><call id="nev10697297n2-nev10925712n1" method="Activate" node="Activation2"/></eventhandler><propertyhandler id="nev10697297n2-nev10925713n1" name="Linear pressure solenoid SLC3, current" node="IdentifierComponent1"><set id="nev10697297n2-nev10925714n1" node="ParameterLabel1" property="Parameter"/></propertyhandler></handlers></content></script>