<?xml version="1.0" encoding="UTF-8"?><servinfosub IE-ID="en-US0900c8af80cdf618" docno="VCC-155004" id="KC02797387" xml:lang="en-US">
<title>
<phrase category="" id="KC09501078" phrase-urn="urn:x-nevis:phrase:0800c8af827109ce">Checking the voltage</phrase>
</title>
<diagnostic type="test">
<testgrp IE-ID="en-US0900c8af80cdf618_KC02797389" id="KC02797389" j2008use="1" paperuse="1" resumable="1" screenuse="1" testgrp-id="node1" x="120" y="280">
<title>
<phrase category="" id="KC09501079" phrase-urn="urn:x-nevis:phrase:0800c8af827109cf">Checking the 15#@#@#36#(BCM)</phrase>
</title>
<node>
<test1>
<diaglist>
<dgraphic>
<dgraphic1>
<graphic id="KC09501080">
<href>0900c8af80054d5#@#@#9#.jpeg</href>
</graphic>
</dgraphic1>
<dgraphic3>
<graphic id="KC09501081">
<href>0900c8af80054cc#@#@#9#.jpeg</href>
</graphic>
</dgraphic3>
</dgraphic>
<ditem>
<ptxt>
<phrase category="" id="KC09501082" phrase-urn="urn:x-nevis:phrase:0800c8af827109d0">The breakout bo#@#@#6#ected</phrase>
</ptxt>
</ditem>
<ditem>
<ptxt>
<phrase category="" id="KC09501083" phrase-urn="urn:x-nevis:phrase:0800c8af827109d1">Ignition on.</phrase>
</ptxt>
</ditem>
</diaglist>
<test2>
<para>
<ptxt>
<phrase category="" id="KC09501084" phrase-urn="urn:x-nevis:phrase:0800c8af827109d2">Check the 15-su#@#@#141#tage.</phrase>
</ptxt>
</para>
<para>
<ptxt>
<phrase category="" id="KC09501085" phrase-urn="urn:x-nevis:phrase:0800c8af827109d3">Check that the #@#@#54#rect.</phrase>
</ptxt>
<ptxt>
<phrase category="" id="KC09501086" phrase-urn="urn:x-nevis:phrase:0800c8af827109d4">If the fuse is #@#@#121#ound.</phrase>
</ptxt>
<ptxt>
<phrase category="" id="KC09501087" phrase-urn="urn:x-nevis:phrase:0800c8af827109d5">If the fuse is #@#@#112#cuit.</phrase>
</ptxt>
</para>
<para>
<ptxt>
<phrase category="" id="KC09501088" phrase-urn="urn:x-nevis:phrase:0800c8af827109d6">If no fault is #@#@#138#itch.</phrase>
</ptxt>
</para>
<list1 enumtype="d" type="unordered">
<title>
<phrase category="" id="KC09501089" phrase-urn="urn:x-nevis:phrase:0800c8af827109d7">Other information</phrase>
</title>
<item>
<ptxt>
<phrase category="" id="KC09501090" phrase-urn="urn:x-nevis:phrase:0800c8af827109d8">
<xref>
<ref id="KC09501091"/>
</xref>
</phrase>
</ptxt>
</item>
<item>
<ptxt>
<phrase category="" id="KC09501092" phrase-urn="urn:x-nevis:phrase:0800c8af827109d9">For further inf#@#@#56#ram. </phrase>
</ptxt>
</item>
</list1>
<diaglist>
<dgraphic>
<dgraphic2>
<graphic id="KC09501093">
<href>0900c8af80054d4#@#@#9#.jpeg</href>
</graphic>
<smarttool active="press" id="KC09501094" toolname="VDCDAH"/>
</dgraphic2>
</dgraphic>
<ditem>
<ditemtext>
<ptxt>
<phrase category="" id="KC09501095" phrase-urn="urn:x-nevis:phrase:0800c8af827109da"/>
</ptxt>
</ditemtext>
</ditem>
</diaglist>
</test2>
</test1>
<question>
Was a fault de#@#@#3#ted?
</question>
<resact-grp>
<result button="yes" comp="button" highlight="0"/>
<action j2008use="1" paperuse="1" screenuse="1">
<ptxt>
<xref>
<ref id="KC09501097"/>
</xref>
</ptxt>
</action>
</resact-grp>
<resact-grp>
<result button="no" comp="button" highlight="0"/>
<action j2008use="1" paperuse="1" screenuse="1">
<ptxt>
<xref>
<ref id="KC09501098"/>
</xref>
</ptxt>
</action>
</resact-grp>
</node>
</testgrp>
<testgrp id="KC02797390" j2008use="1" paperuse="1" resumable="1" screenuse="1" testgrp-id="node2" x="120" y="520">
<title>
<phrase category="" id="KC09501099" phrase-urn="urn:x-nevis:phrase:0800c8af827109dc">Checking the 30#@#@#46#BCM) </phrase>
</title>
<node>
<test1>
<diaglist>
<dgraphic>
<dgraphic1>
<graphic id="KC09501100">
<href>0900c8af80054d5#@#@#9#.jpeg</href>
</graphic>
</dgraphic1>
</dgraphic>
<ditem>
<ptxt>
<phrase category="" id="KC09501101" phrase-urn="urn:x-nevis:phrase:0800c8af827109dd">The breakout bo#@#@#6#ected</phrase>
</ptxt>
</ditem>
<ditem>
<ptxt>
<phrase category="" id="KC09501102" phrase-urn="urn:x-nevis:phrase:0800c8af827109de">Ignition on.</phrase>
</ptxt>
</ditem>
</diaglist>
<test2>
<para>
<ptxt>
<phrase category="" id="KC09501103" phrase-urn="urn:x-nevis:phrase:0800c8af827109df">Check the volta#@#@#131#tage.</phrase>
</ptxt>
</para>
<para>
<ptxt>
<phrase category="" id="KC09501104" phrase-urn="urn:x-nevis:phrase:0800c8af827109e0">Check that the #@#@#54#rect.</phrase>
</ptxt>
<ptxt>
<phrase category="" id="KC09501105" phrase-urn="urn:x-nevis:phrase:0800c8af827109e1">If the fuse is #@#@#149#ound.</phrase>
</ptxt>
<ptxt>
<phrase category="" id="KC09501106" phrase-urn="urn:x-nevis:phrase:0800c8af827109e2">If the fuse is #@#@#140#cuit.</phrase>
</ptxt>
</para>
<para>
<ptxt>
<phrase category="" id="KC09501107" phrase-urn="urn:x-nevis:phrase:0800c8af827109ba">Remedy as necessary</phrase>
</ptxt>
</para>
<list1 enumtype="d" type="unordered">
<title>
<phrase category="" id="KC09501108" phrase-urn="urn:x-nevis:phrase:0800c8af827109bb">Other information</phrase>
</title>
<item>
<ptxt>
<phrase category="" id="KC09501109" phrase-urn="urn:x-nevis:phrase:0800c8af827109be">
<xref>
<ref id="KC09501110"/>
</xref>
</phrase>
</ptxt>
</item>
<item>
<ptxt>
<phrase category="" id="KC09501111" phrase-urn="urn:x-nevis:phrase:0800c8af827109bf">For further inf#@#@#56#ram. </phrase>
</ptxt>
</item>
</list1>
<diaglist>
<dgraphic>
<dgraphic1>
<graphic id="KC09501112">
<href>0900c8af8005444#@#@#9#.jpeg</href>
</graphic>
</dgraphic1>
<dgraphic2>
<graphic id="KC09501113">
<href>0900c8af80054d4#@#@#9#.jpeg</href>
</graphic>
<smarttool active="press" id="KC09501114" toolname="VDCDAH"/>
</dgraphic2>
</dgraphic>
<ditem>
<ditemtext>
<ptxt>
<phrase category="" id="KC09501115" phrase-urn="urn:x-nevis:phrase:0800c8af827109c0"/>
</ptxt>
</ditemtext>
</ditem>
</diaglist>
</test2>
</test1>
<question>
Was a fault de#@#@#3#ted?
</question>
<resact-grp>
<result button="yes" comp="button" highlight="0"/>
<action j2008use="1" paperuse="1" screenuse="1">
<ptxt>
<xref>
<ref id="KC09501117"/>
</xref>
</ptxt>
</action>
</resact-grp>
<resact-grp>
<result button="no" comp="button" highlight="0"/>
<action j2008use="1" paperuse="1" screenuse="1">
<ptxt>
<xref>
<ref id="KC09501118"/>
</xref>
</ptxt>
</action>
</resact-grp>
</node>
</testgrp>
<testgrp id="KC02797391" j2008use="1" paperuse="1" resumable="1" screenuse="1" testgrp-id="verifnode" x="480" y="80">
<title>
<phrase category="" id="KC09501119" phrase-urn="urn:x-nevis:phrase:0800c8af827109c2">Verification</phrase>
</title>
<node>
<test1>
<hint>
<ptxt>
<phrase category="" id="KC09501120" phrase-urn="urn:x-nevis:phrase:0800c8af827109c3">After carrying #@#@#50#died.</phrase>
</ptxt>
</hint>
<diaglist>
<dgraphic>
<dgraphic1>
<graphic id="KC09501121">
<href>0900c8af80054d5#@#@#9#.jpeg</href>
</graphic>
</dgraphic1>
<dgraphic2>
<graphic id="KC09501122">
<href>0900c8af80054d7#@#@#9#.jpeg</href>
</graphic>
</dgraphic2>
</dgraphic>
<ditem>
<ptxt>
<phrase category="" id="KC09501123" phrase-urn="urn:x-nevis:phrase:0800c8af827109c4">Ignition off</phrase>
</ptxt>
</ditem>
<ditem>
<ptxt>
<phrase category="" id="KC09501124" phrase-urn="urn:x-nevis:phrase:0800c8af827109c5">Reconnect the c#@#@#22# etc.</phrase>
</ptxt>
</ditem>
<ditem>
<ptxt>
<phrase category="" id="KC09501125" phrase-urn="urn:x-nevis:phrase:0800c8af827109c6">Ignition on.</phrase>
</ptxt>
</ditem>
</diaglist>
<test2>
<para>
<ptxt>
<phrase category="" id="KC09501126" phrase-urn="urn:x-nevis:phrase:0800c8af827109c7">The ABS warning#@#@#42# on. </phrase>
</ptxt>
<ptxt>
<phrase category="" id="KC09501127" phrase-urn="urn:x-nevis:phrase:0800c8af827109c8">Check that the #@#@#47#onds.</phrase>
</ptxt>
</para>
<note>
<ptxt>
<phrase category="" id="KC09501128" phrase-urn="urn:x-nevis:phrase:0800c8af827109ca">The warning lam#@#@#74#BCM).</phrase>
</ptxt>
</note>
<grate>
<graphic id="KC09501129">
<href>0900c8af8005507#@#@#9#.jpeg</href>
</graphic>
</grate>
</test2>
</test1>
<question>
Does the warni#@#@#27#nds?
</question>
<resact-grp>
<result button="yes" comp="button" highlight="0"/>
<action j2008use="1" paperuse="1" screenuse="1">
<return value="FAULT FOUND"/>
</action>
</resact-grp>
<resact-grp>
<result button="no" comp="button" highlight="0"/>
<action j2008use="1" paperuse="1" screenuse="1">
<ptxt>
<xref>
<ref id="KC09501131"/>
</xref>
</ptxt>
</action>
</resact-grp>
</node>
</testgrp>
<testgrp id="KC02797392" j2008use="1" paperuse="1" resumable="1" screenuse="1" testgrp-id="info8" x="680" y="80">
<title>
<phrase category="" id="KC09501132" phrase-urn="urn:x-nevis:phrase:0800c8af827109cc">Fault-tracing i#@#@#5#ation</phrase>
</title>
<subcalloutnode>
<diagcallout>
<xref>
<ref id="KC09501133"/>
</xref>
</diagcallout>
<rescall-grp>
<result comp="string" highlight="0" op="eq" return="NEW TRY"/>
<calloutaction>
<ptxt>
<xref>
<ref id="KC09501134"/>
</xref>
</ptxt>
</calloutaction>
</rescall-grp>
<rescall-grp>
<result comp="string" highlight="0" op="eq" return="FAULTTRACING FAILED"/>
<calloutaction>
<return value="FAULTTRACING FAILED"/>
</calloutaction>
</rescall-grp>
</subcalloutnode>
</testgrp>
</diagnostic>
</servinfosub>