<?xml version="1.0" encoding="UTF-8"?><servinfosub IE-ID="en-US0900c8af834de618" docno="VCC-276510" id="nev11158027n1" servinfosubId="nev20685161n1-nev20685161n2" servinfosubRes="0900c8af862c1bcb" servinfosubRes2="urn:x-nevis:fragment:0900c8af834de618:0900c8af862c1bcb#nev20685161n2" xml:lang="en-US">
<title id="nev11438048n250">Description of #@#@#5#eters</title>
<procedure id="nev20685161n1-nev11438048n248">
<title id="nev20685161n1-nev11438048n246">Introduction / #@#@#1#tatus</title>
<procstep id="nev20685161n1-nev11438048n244">
<title id="nev20685161n1-nev11438048n242">General</title>
<para id="nev20685161n1-nev11438048n240">
<ptxt id="nev20685161n1-nev11438048n238">The steering wh#@#@#163#tion.</ptxt>
</para>
</procstep>
<procstep id="nev20685161n1-nev11438048n236">
<title id="nev20685161n1-nev11438048n234">Steering wheel angle</title>
<para id="nev20685161n1-nev11438048n232">
<ptxt id="nev20685161n1-nev11438048n230">The value displ#@#@#35#rees.</ptxt>
</para>
<para id="nev20685161n1-nev11438048n177">
<ptxt id="nev20685161n1-nev11438048n176">0° = Steering w#@#@#32#ition</ptxt>
<ptxt id="nev20685161n1-nev11438048n113"> 1° to 500° = S#@#@#14#angle</ptxt>
</para>
</procstep>
<procstep id="nev20685161n1-nev11438048n224">
<title id="nev20685161n1-nev11438048n222">Steering wheel #@#@#9#speed</title>
<para id="nev20685161n1-nev11438048n220">
<ptxt id="nev20685161n1-nev11438048n218">The value displ#@#@#44#cond.</ptxt>
</para>
<para id="nev20685161n1-nev11451968n250">
<ptxt id="nev20685161n1-nev11451968n249">Measurement ran#@#@#14#econd</ptxt>
</para>
</procstep>
<procstep id="nev20685161n1-nev11438048n214">
<title id="nev20685161n1-nev11438048n212">Steering direction</title>
<para id="nev20685161n1-nev11438048n210">
<ptxt id="nev20685161n1-nev11438048n208">The value indic#@#@#48#rned.</ptxt>
</para>
<para id="nev20685161n1-nev11438048n206">
<ptxt id="nev20685161n1-nev11438048n204">The values disp#@#@#5# are <emph id="nev20685161n1-nev11438048n202">right</emph> or <emph id="nev20685161n1-nev11438048n200">left</emph>.</ptxt>
</para>
</procstep>
<procstep id="nev20685161n1-nev11438048n198">
<title id="nev20685161n1-nev11438048n196">Power supply</title>
<para id="nev20685161n1-nev11438048n194">
<ptxt id="nev20685161n1-nev11438048n192">The value indic#@#@#64#SAS).</ptxt>
<ptxt id="nev20685161n1-nev11438048n62">Measurement ran#@#@#7# 15 V</ptxt>
</para>
</procstep>
</procedure>
</servinfosub>