<?xml version="1.0" encoding="UTF-8"?><servinfosub IE-ID="en-US0900c8af80677618" docno="VCC-026430" id="KC02036749" xml:lang="en-US">
<title>
<phrase category="" id="KC08332633" phrase-urn="urn:x-nevis:phrase:0800c8af81dbccf2">DTC information</phrase>
</title>
<diagnostic id="KC02036750" type="condition">
<condgrp>
<condition type="condition">
<ptxt>
<phrase category="" id="KC08332634" phrase-urn="urn:x-nevis:phrase:0800c8af81dbccf3">      If the su#@#@#93# DTC.</phrase>
</ptxt>
</condition>
<ps>
<ptxt>
<phrase category="" id="KC08332635" phrase-urn="urn:x-nevis:phrase:0800c8af81dbccf4">      Wire to d#@#@#33#12 V.</phrase>
</ptxt>
</ps>
</condgrp>
<condgrp>
<condition type="symptom">
<grate>
<graphic id="KC08332636" width="column">
<href>0900c8af8067762#@#@#9#.jpeg</href>
</graphic>
<graphtext>
<ptxt>
<phrase category="" id="KC08332637" phrase-urn="urn:x-nevis:phrase:0800c8af81dbccf5">      Fault war#@#@#56# sec.</phrase>
</ptxt>
<ptxt>
<phrase category="" id="KC08332638" phrase-urn="urn:x-nevis:phrase:0800c8af81dbccf6">      Control u#@#@#57#ists.</phrase>
</ptxt>
</graphtext>
</grate>
</condition>
</condgrp>
</diagnostic>
</servinfosub>