<?xml version="1.0" encoding="UTF-8"?><servinfosub IE-ID="en-US0900c8af842ca618" docno="VCC-349189" id="nev13439902n1" xml:lang="en-US">
<title>
<phrase category="Title" id="nev13439902n2" phrase-urn="urn:x-nevis:phrase:0800c8af81eb9a59">Fault-tracing</phrase>
</title>
<diagnostic j2008use="1" layout="0" paperuse="1" screenuse="1" type="test">
<testgrp IE-ID="en-US0900c8af842ca618_nev13439902n3" id="nev13439902n3" j2008use="1" paperuse="1" resumable="1" screenuse="1" testgrp-id="node1" x="200" y="40">
<title>
<phrase category="" id="nev13439902n4" phrase-urn="urn:x-nevis:phrase:0800c8af8272687a">Information</phrase>
</title>
<node>
<test1>
<test2>
<para id="nev13439902n5">
<ptxt id="nev13439902n6">
<phrase category="Faulttracing" id="nev13439902n7" phrase-urn="urn:x-nevis:phrase:0800c8af81eab281">No fault-tracin#@#@#55#DTC).</phrase>
</ptxt>
</para>
<para id="nev13439902n8">
<ptxt id="nev13439902n9">
<phrase category="Faulttracing" id="nev13439905n1" phrase-urn="urn:x-nevis:phrase:0800c8af842ca5f6">The diagnostic #@#@#138#DEM).</phrase>
<phrase category="Faulttracing" id="nev13439903n1" phrase-urn="urn:x-nevis:phrase:0800c8af831d229e">This diagnostic#@#@#146#ased.</phrase>
</ptxt>
</para>
<para id="nev13439903n2">
<ptxt id="nev13439903n3">
<phrase category="Faulttracing" id="nev13439903n4" phrase-urn="urn:x-nevis:phrase:0800c8af82264bf7">For further inf#@#@#83#tion.</phrase>
</ptxt>
</para>
</test2>
</test1>
<question>
Select "Contin#@#@#8#xit.
</question>
<resact-grp>
<result button="cont" comp="button" highlight="0"/>
<action j2008use="1" paperuse="1" screenuse="1">
<return value="DONE"/>
</action>
</resact-grp>
</node>
</testgrp>
</diagnostic>
</servinfosub>