<?xml version="1.0" encoding="UTF-8"?><servinfosub IE-ID="en-US0900c8af84122618" docno="VCC-061206" id="KC01415087" xml:lang="en-US">
<title id="nev13194573n250">Spring/shock ab#@#@#19#ement</title>
<procedure id="nev13194573n248" opcode="1234" opnbr="1234">
<proctools id="nev13194573n246">
<toolitem id="KC04295639"/>
<toolitem id="KC04295640"/>
<toolitem id="KC04295641"/>
<toolitem id="KC04295642"/>
<toolitem id="KC04295643"/>
<toolitem id="KC04295644"/>
</proctools>
<procstep id="nev13194573n226">
<title id="nev13194573n224">Removing the sh#@#@#7#orber</title>
<grate id="nev13194573n222">
<graphic id="KC04295645">
<href>0900c8af80125ca#@#@#9#.jpeg</href>
</graphic>
<graphtext id="nev13194573n217">
<list1 enumtype="d" id="nev13194573n215" type="unordered">
<title id="nev13194573n213">Remove:</title>
<item id="nev13194573n211">
<ptxt id="nev13194573n209">the side panel, see <xref id="nev13194573n207">
<ref id="KC04295646"/>
</xref> (S40) or <xref id="nev13194573n202">
<ref id="KC04295647"/>
</xref> (V40)</ptxt>
</item>
<item id="nev13194573n198">
<ptxt id="nev13194573n196">insulation</ptxt>
</item>
<item id="nev13194573n194">
<ptxt id="nev13194573n192">the protective cap</ptxt>
</item>
<item id="nev13194573n190">
<ptxt id="nev13194573n188">the two nuts.</ptxt>
</item>
</list1>
</graphtext>
</grate>
</procstep>
<procstep id="nev13194573n186">
<title id="nev13194573n184">Loosening the a#@#@#7#l bar</title>
<grate id="nev13194573n182">
<graphic id="KC04295648">
<href>0900c8af80125c9#@#@#9#.jpeg</href>
</graphic>
<graphtext id="nev13194573n177">
<para id="nev13194573n175">
<ptxt id="nev13194573n173">Remove the rear#@#@#42#ight.</ptxt>
</para>
</graphtext>
</grate>
</procstep>
<procstep id="nev13194574n26">
<title id="nev13194574n25">Removing the lo#@#@#30#orber</title>
<grate id="nev13194587n8">
<graphic id="nev13194587n7">
<href>0900c8af80125ca#@#@#9#.jpeg</href>
</graphic>
<graphtext id="nev13194592n250">
<list1 boilerplate="true" context="remove" enumtype="d" id="nev13194592n52" type="unordered">
<item id="nev13194592n51">
<ptxt id="nev13194592n50">the screw for t#@#@#16# arm.</ptxt>
</item>
<item id="nev13194592n49">
<ptxt id="nev13194592n48">the screw for t#@#@#13#rber.</ptxt>
</item>
</list1>
</graphtext>
</grate>
</procstep>
<procstep id="nev13194573n171">
<title id="nev13194573n169">Assembling spec#@#@#4#tools</title>
<grate id="nev13194573n167">
<graphic id="KC04295649">
<href>0900c8af80125c5#@#@#9#.jpeg</href>
</graphic>
<graphtext id="nev13194573n162">
<para id="nev13194573n160">
<ptxt id="nev13194573n158">Secure the tool <toolitem id="KC04295650"/> in a vise.</ptxt>
<ptxt id="nev13194573n153">Install both th#@#@#12#ders <toolitem id="KC04295651"/>.</ptxt>
<ptxt id="nev13194573n148">Remove the catc#@#@#95#ders.</ptxt>
<ptxt id="nev13194573n146">Connect tool <toolitem id="KC04295652"/> or <toolitem id="KC04295653"/> to clutch hose <toolitem id="KC04295654"/>.</ptxt>
</para>
</graphtext>
</grate>
</procstep>
<procstep id="KC01415088">
<title id="nev13194573n135">Compressing springs</title>
<grate id="nev13194573n133">
<graphic id="KC04295655" width="column">
<href>0900c8af80125c5#@#@#9#.jpeg</href>
</graphic>
<graphtext id="nev13194573n128">
<list1 enumtype="d" id="nev13194573n126" type="unordered">
<item id="nev13194573n124">
<ptxt id="nev13194573n122">Place the tool'#@#@#56#mat).</ptxt>
</item>
<item id="nev13194573n120">
<ptxt id="nev13194573n118">Compress the sp#@#@#92#ches.</ptxt>
</item>
<item id="nev13194573n116">
<ptxt id="nev13194573n114">Compress the sp#@#@#21#ased.</ptxt>
</item>
</list1>
</graphtext>
</grate>
</procstep>
<procstep id="nev13194573n112">
<title id="nev13194573n110">Removing the sh#@#@#7#orber</title>
<grate id="nev13194573n108">
<graphic id="KC04295656">
<href>0900c8af80125c6#@#@#9#.jpeg</href>
</graphic>
<graphtext id="nev13194573n103">
<list1 enumtype="d" id="nev13194573n101" type="unordered">
<title id="nev13194573n99">Remove:</title>
<item id="nev13194573n97">
<ptxt id="nev13194573n95">the nut for the#@#@#10#orber</ptxt>
</item>
<item id="nev13194573n93">
<ptxt id="nev13194573n91">the shock absorber</ptxt>
</item>
<item id="nev13194573n89">
<ptxt id="nev13194573n87">dust cover</ptxt>
</item>
<item id="nev13194573n85">
<ptxt id="nev13194573n83">rubber stop.</ptxt>
</item>
</list1>
<hint id="nev13194573n81">
<ptxt id="nev13194573n79">Note the locati#@#@#58#ion. </ptxt>
</hint>
<para id="nev13194573n77">
<ptxt id="nev13194573n75">Check all compo#@#@#21#mage.</ptxt>
</para>
</graphtext>
</grate>
</procstep>
<procstep id="nev13194573n73">
<title id="nev13194573n71">Installing the #@#@#1#pring</title>
<grate id="nev13194573n69">
<graphic id="KC04295657">
<href>0900c8af80125c7#@#@#9#.jpeg</href>
</graphic>
<graphtext id="nev13194573n64">
<list1 enumtype="d" id="nev13194573n62" type="unordered">
<item id="nev13194573n60">
<ptxt id="nev13194573n58">Release the spring.</ptxt>
</item>
<item id="nev13194573n56">
<ptxt id="nev13194573n54">Remove the spri#@#@#17#tion.</ptxt>
</item>
<item id="nev13194573n52">
<ptxt id="nev13194573n50">Place the tool'#@#@#60#mat).</ptxt>
</item>
<item id="nev13194573n48">
<ptxt id="nev13194573n46">Tension the spr#@#@#58#gain.</ptxt>
</item>
</list1>
<note id="nev13194573n44">
<ptxt id="nev13194573n42">The color code #@#@#53#rut. </ptxt>
</note>
</graphtext>
</grate>
</procstep>
<procstep id="nev13194573n40">
<title id="nev13194573n38">Assembling the #@#@#20#pring</title>
<grate id="nev13194573n36">
<graphic id="KC04295658">
<href>0900c8af80125c6#@#@#9#.jpeg</href>
</graphic>
<graphtext id="nev13194573n31">
<para id="nev13194573n29">
<ptxt id="nev13194573n27">Pull the shock #@#@#35#ble. </ptxt>
</para>
<list1 enumtype="d" id="nev13194573n25" type="unordered">
<title id="nev13194573n23">Install:</title>
<item id="nev13194573n21">
<ptxt id="nev13194573n19">the rubber stop#@#@#9# boot</ptxt>
</item>
<item id="nev13194573n17">
<ptxt id="nev13194573n15">the shock absor#@#@#17#pring</ptxt>
</item>
<item id="nev13194573n13">
<ptxt id="nev13194573n11">the upper sprin#@#@#85#ting.</ptxt>
</item>
</list1>
<para id="nev13194573n9">
<ptxt id="nev13194573n7">Check that the #@#@#53#aps. </ptxt>
</para>
<para id="nev13194573n5">
<ptxt id="nev13194573n3">Install the rin#@#@#23#n to <emph id="nev13194573n1">30 Nm </emph> (Nivomat shock#@#@#6#ber: <emph id="nev13194574n249">25 Nm</emph>).</ptxt>
</para>
</graphtext>
</grate>
</procstep>
<procstep id="nev13194574n247">
<title id="nev13194574n245">Checking shock #@#@#4#rbers</title>
<grate id="nev13194574n243">
<graphic id="KC04295659">
<href>0900c8af80125ca#@#@#9#.jpeg</href>
</graphic>
<graphtext id="nev13194574n238">
<para id="nev13194574n236">
<ptxt id="nev13194574n234">Slowly let the #@#@#69#tion.</ptxt>
</para>
<para id="nev13194574n232">
<ptxt id="nev13194574n230">Remove the shoc#@#@#79#over.</ptxt>
</para>
<caution id="nev13194574n228">
<ptxt id="nev13194574n226">Incorrect insta#@#@#49#age. </ptxt>
</caution>
</graphtext>
</grate>
</procstep>
<procstep id="nev13194574n224">
<title id="nev13194574n222">Installing the #@#@#33#rber </title>
<grate id="nev13194574n220">
<graphic id="KC04295660">
<href>0900c8af80125c6#@#@#9#.jpeg</href>
</graphic>
<graphtext id="nev13194574n215">
<list1 id="nev13194574n213">
<title id="nev13194574n211">Install:</title>
<item id="nev13194574n209">
<ptxt id="nev13194574n207">the shock absor#@#@#38# the <emph id="nev13194574n205"> lower spiral i#@#@#15#wards</emph>
</ptxt>
</item>
<item id="nev13194574n203">
<ptxt id="nev13194574n201">the upper nuts #@#@#47#n to <emph id="nev13194574n199">50 Nm</emph>.</ptxt>
</item>
<item id="nev13194574n197">
<ptxt id="nev13194574n195">the protective cap</ptxt>
</item>
<item id="nev13194574n193">
<ptxt id="nev13194574n191">insulation</ptxt>
</item>
<item id="nev13194574n189">
<ptxt id="nev13194574n187">the side panel, see <xref id="nev13194574n185">
<ref id="KC04295661"/>
</xref> (S40) or <xref id="nev13194574n180">
<ref id="KC04295662"/>
</xref> (V40)</ptxt>
</item>
</list1>
</graphtext>
</grate>
</procstep>
<procstep id="nev13194574n176">
<title id="nev13194574n174">Installing the #@#@#32#orber</title>
<grate id="nev13194574n172">
<graphic id="KC04295663">
<href>0900c8af80125ca#@#@#9#.jpeg</href>
</graphic>
<graphtext id="nev13194574n167">
<note id="nev13194574n165">
<ptxt id="nev13194574n163">Check that the #@#@#42#ards.</ptxt>
</note>
<para id="nev13194574n161">
<ptxt id="nev13194574n159">Install the scr#@#@#23# arm.</ptxt>
<ptxt id="nev13194574n157">Press down the #@#@#13#sion.</ptxt>
<ptxt id="nev13194574n155">Install the scr#@#@#21#rber.</ptxt>
<ptxt id="nev13194574n153">Tighten the nut#@#@#23#nuts.</ptxt>
</para>
</graphtext>
</grate>
</procstep>
<procstep id="nev13194574n151">
<title id="nev13194574n149">Installing wheels</title>
<grate id="nev13194574n147">
<graphic id="KC04295664">
<href>0900c8af8005aa3#@#@#11#.jpeg</href>
</graphic>
<graphtext id="nev13194574n142">
<para id="nev13194574n140">
<ptxt id="nev13194574n138">Check that the #@#@#119#7).  </ptxt>
<ptxt id="nev13194574n136">Install the whe#@#@#24#htly.</ptxt>
<ptxt id="nev13194574n134">Tighten crosswi#@#@#1#e to <emph id="nev13194574n132">110 Nm</emph>.</ptxt>
<ptxt id="nev13194574n130">If an impact wr#@#@#23#cket <toolitem id="KC04295665"/> must be used.</ptxt>
<ptxt id="nev13194574n125">Post tighten th#@#@#10#hand.</ptxt>
</para>
<caution id="nev13194574n123">
<ptxt id="nev13194574n121">The correct tor#@#@#76#isc. </ptxt>
</caution>
<para id="nev13194574n119">
<ptxt id="nev13194574n117">Install the hub cap.</ptxt>
</para>
</graphtext>
</grate>
</procstep>
<procstep id="nev13194574n115">
<title id="nev13194574n113">Tightening the #@#@#12#l arm</title>
<grate id="nev13194574n111">
<graphic id="KC04295666">
<href>0900c8af80125c6#@#@#9#.jpeg</href>
</graphic>
<graphtext id="nev13194574n106">
<para id="nev13194574n104">
<ptxt id="nev13194574n102">Remove the supp#@#@#31#mes. </ptxt>
<ptxt id="nev13194574n100">Secure the anti#@#@#17#n to <emph id="nev13194574n98">25 Nm </emph>.</ptxt>
</para>
<list1 enumtype="d" id="nev13194574n96" type="unordered">
<title id="nev13194574n94">Tighten:</title>
<item id="nev13194574n92">
<ptxt id="nev13194574n90">the screw on th#@#@#13#m to <emph id="nev13194574n88">90 Nm</emph>.</ptxt>
</item>
<item id="nev13194574n86">
<ptxt id="nev13194574n84">the screw on th#@#@#15#r to <emph id="nev13194574n82">90 Nm</emph>. </ptxt>
</item>
</list1>
</graphtext>
</grate>
</procstep>
</procedure>
</servinfosub>