<?xml version="1.0" encoding="UTF-8"?><servinfosub IE-ID="en-US0900c8af80485618" docno="VCC-069902" id="KC01450492" servinfosubId="nev20682259n1-nev20682259n2" servinfosubRes="0900c8af862b89ac" servinfosubRes2="urn:x-nevis:fragment:0900c8af80485618:0900c8af862b89ac#nev20682259n2" xml:lang="en-US">
<title>Location of com#@#@#31#stems</title>
<grate>
<graphic id="nev20682259n1-KC07063134" width="column">
<href>0900c8af801257b#@#@#9#.jpeg</href>
</graphic>
<graphtext>
<list1 enumtype="n" type="ordered">
<item>
<ptxt>Brake pedal</ptxt>
</item>
<item>
<ptxt>Stop (brake) la#@#@#4#witch</ptxt>
</item>
<item>
<ptxt>Power brake booster</ptxt>
</item>
<item>
<ptxt>Tandem master c#@#@#2#inder</ptxt>
</item>
<item>
<ptxt>ABS control mod#@#@#48#tem) </ptxt>
</item>
<item>
<ptxt>Brake pressure #@#@#15#heels</ptxt>
</item>
<item>
<ptxt>Parking brake</ptxt>
</item>
<item>
<ptxt>Parking brake cable</ptxt>
</item>
<item>
<ptxt>Brake caliper</ptxt>
</item>
<item>
<ptxt> Sensors</ptxt>
</item>
<item>
<ptxt> Pulse wheel</ptxt>
</item>
<item>
<ptxt> ABS warning lamp</ptxt>
</item>
<item>
<ptxt> Applied parkin#@#@#15# lamp</ptxt>
</item>
<item>
<ptxt>Brake fluid war#@#@#4# lamp</ptxt>
</item>
<item>
<ptxt>Vacuum pump</ptxt>
</item>
</list1>
</graphtext>
</grate>
</servinfosub>