<?xml version="1.0" encoding="UTF-8"?><servinfosub IE-ID="en-US0900c8af80676011" docno="VCC-025219" id="KC02230895" xml:lang="en-US">
<title>
<phrase category="" id="KC08325420" phrase-urn="urn:x-nevis:phrase:0800c8af81dbbcab">            Thr#@#@#31#o low</phrase>
</title>
<diagnostic j2008use="0" screenuse="0" type="test">
<testgrp IE-ID="en-US0900c8af80676011_KC02248034" id="KC02248034" testgrp-id="eav1">
<title>
<phrase category="" id="KC08325421" phrase-urn="urn:x-nevis:phrase:0800c8af81dbbcac">
<emph>Other diagnosti#@#@#17#DTCs)</emph>
</phrase>
</title>
<node>
<test1>
<diaglist>
<ditem>
<ptxt>
<phrase category="" id="KC08325422" phrase-urn="urn:x-nevis:phrase:0800c8af81dbbcad">      Read out #@#@#79#stem.</phrase>
</ptxt>
</ditem>
</diaglist>
<test2>
<grate>
<graphic id="KC08325423" width="column">
<href>0900c8af8005433#@#@#9#.jpeg</href>
</graphic>
<graphic id="KC08325424" width="column">
<href>0900c8af8005431#@#@#9#.jpeg</href>
</graphic>
</grate>
</test2>
</test1>
<question>Were any diagno#@#@#28#ored?</question>
<resact-grp>
<result button="yes" comp="button"/>
<action>
<ptxt>Fault-trace acc#@#@#101#nual.</ptxt>
</action>
</resact-grp>
<resact-grp>
<result button="no" comp="button"/>
<action>
<ptxt>Checking thrott#@#@#26#gnal
<xref>
<ref id="KC08325425"/>
</xref>.</ptxt>
</action>
</resact-grp>
</node>
</testgrp>
</diagnostic>
</servinfosub>