<?xml version="1.0" encoding="UTF-8"?><servinfosub IE-ID="en-US0900c8af80954011" docno="VCC-134587" id="KC01688615" xml:lang="en-US">
<title>Disassembling a#@#@#34#using</title>
<procedure>
<proctools>
<toolitem id="KC06793020"/>
<toolitem id="KC06793021"/>
</proctools>
<stepgrp id="KC01688616">
<title>Disassembling t#@#@#19#using</title>
<procstep id="KC01688617">
<title>Removing the valve</title>
<grate>
<graphic id="KC06793022">
<href>0900c8af8012293#@#@#9#.jpeg</href>
</graphic>
<graphtext>
<para>
<ptxt>Pull the valve #@#@#14#sing.</ptxt>
<ptxt>Thoroughly clea#@#@#23#alve.</ptxt>
</para>
</graphtext>
</grate>
</procstep>
<procstep id="KC01688618">
<title>Removing the se#@#@#29#e rod</title>
<grate>
<graphic id="KC06793023">
<href>0900c8af8012293#@#@#9#.jpeg</href>
</graphic>
<graphtext>
<list1>
<title>Remove:</title>
<item>
<ptxt>the locating pi#@#@#29#rated</ptxt>
</item>
<item>
<ptxt>the lock plate #@#@#18#n (5)</ptxt>
</item>
<item>
<ptxt>both the locati#@#@#22#g (3)</ptxt>
</item>
<item>
<ptxt>the spring and plate</ptxt>
</item>
<item>
<ptxt>the control shaft</ptxt>
</item>
<item>
<ptxt>the rubber boot (1)</ptxt>
</item>
<item>
<ptxt>the seal (2). U#@#@#12#iver.</ptxt>
</item>
</list1>
<para>
<ptxt>If necessary, r#@#@#16#late.</ptxt>
</para>
</graphtext>
</grate>
</procstep>
<procstep id="KC01688619">
<title>Removing the ne#@#@#38#using</title>
<grate>
<graphic id="KC06793024">
<href>0900c8af8012293#@#@#9#.jpeg</href>
</graphic>
<graphtext>
<para>
<ptxt>Remove the need#@#@#53#tool <toolitem id="KC06793025"/>.</ptxt>
</para>
<caution>
<ptxt>Always use a br#@#@#17#mmer.</ptxt>
</caution>
</graphtext>
</grate>
</procstep>
</stepgrp>
<stepgrp id="KC01688620">
<title>Assembling the #@#@#16#using</title>
<procstep id="KC01688621">
<title>Installing the #@#@#52# rod </title>
<grate>
<graphic id="KC06793026">
<href>0900c8af8012293#@#@#9#.jpeg</href>
</graphic>
<graphtext>
<para>
<ptxt>Coat the housin#@#@#35#06-0.</ptxt>
<ptxt>Install the nee#@#@#23#tool <toolitem id="KC06793027"/>. Press the nee#@#@#24#sing.</ptxt>
<ptxt>Install the bea#@#@#27#ible.</ptxt>
</para>
</graphtext>
</grate>
</procstep>
<procstep id="KC01688622">
<title>Installing the #@#@#46#using</title>
<grate>
<graphic id="KC06793028">
<href>0900c8af8012294#@#@#9#.jpeg</href>
</graphic>
<graphtext>
<list1>
<title>Install:</title>
<item>
<ptxt>the lock plate #@#@#20#n to <emph>10 Nm</emph>
</ptxt>
</item>
<item>
<ptxt>the dust boot (#@#@#18#sket.</ptxt>
</item>
</list1>
<para>
<ptxt>Apply a little #@#@#87#ated.</ptxt>
</para>
<list1>
<title>Install:</title>
<item>
<ptxt>the plate and t#@#@#47#ctly </ptxt>
</item>
<item>
<ptxt>the housing (3)#@#@#27#n (4)</ptxt>
</item>
<item>
<ptxt>the control pin#@#@#46#tion.</ptxt>
</item>
</list1>
<note>
<ptxt>Install a new l#@#@#49#ated.</ptxt>
</note>
</graphtext>
</grate>
</procstep>
<procstep id="KC01688623">
<title> Installing the#@#@#37#using</title>
<grate>
<graphic id="KC06793029">
<href>0900c8af8012293#@#@#9#.jpeg</href>
</graphic>
<graphtext>
<para>
<ptxt>Lightly grease #@#@#23#ket. </ptxt>
<ptxt>Install the sea#@#@#20#sing.</ptxt>
</para>
</graphtext>
</grate>
</procstep>
<procstep id="KC01688624">
<title>Installing the valve</title>
<grate>
<graphic id="KC06793030">
<href>0900c8af8012294#@#@#9#.jpeg</href>
</graphic>
<graphtext>
<para>
<ptxt>Apply sealing c#@#@#54#alve.</ptxt>
<ptxt>Insert the valv#@#@#12#ated.</ptxt>
</para>
</graphtext>
</grate>
</procstep>
</stepgrp>
<stepgrp>
<procstep id="KC01688625">
<title> Replacing comp#@#@#26#r arm</title>
<grate>
<graphic id="KC06793031">
<href>0900c8af8012293#@#@#9#.jpeg</href>
</graphic>
<graphtext>
<para>
<ptxt>Clean and check#@#@#40#ents.</ptxt>
<ptxt>Assemble the co#@#@#19#ated.</ptxt>
</para>
</graphtext>
</grate>
</procstep>
</stepgrp>
</procedure>
</servinfosub>