<?xml version="1.0" encoding="UTF-8"?><diagnostic IE-ID="en-US0900c8af805db011" docno="VCC-085779" id="KC02237224" type="test" xml:lang="en-US">
<title>
<phrase category="" id="KC08578072" phrase-urn="urn:x-nevis:phrase:0800c8af81de29bb"/>
</title>
<testgrp IE-ID="en-US0900c8af805db011_KC02237225" id="KC02237225" j2008use="1" paperuse="1" resumable="1" screenuse="1" testgrp-id="node1" x="120" y="80">
<title>
<phrase category="" id="KC08578073" phrase-urn="urn:x-nevis:phrase:0800c8af81de29bc">Verification</phrase>
</title>
<node>
<test1>
<hint>
<ptxt>
<phrase category="" id="KC08578074" phrase-urn="urn:x-nevis:phrase:0800c8af81de29bd">After carrying #@#@#61#lows:</phrase>
</ptxt>
</hint>
<diaglist>
<dgraphic>
<dgraphic1>
<graphic id="KC08578075">
<href>0900c8af80054d4#@#@#9#.jpeg</href>
</graphic>
</dgraphic1>
<dgraphic2>
<graphic id="KC08578076">
<href>0900c8af80054d7#@#@#9#.jpeg</href>
</graphic>
</dgraphic2>
</dgraphic>
<ditem>
<ptxt>
<phrase category="" id="KC08578077" phrase-urn="urn:x-nevis:phrase:0800c8af81de29be">Ignition off.</phrase>
</ptxt>
</ditem>
<ditem>
<ptxt>
<phrase category="" id="KC08578078" phrase-urn="urn:x-nevis:phrase:0800c8af81de29bf">Reinstall compo#@#@#27# etc.</phrase>
</ptxt>
</ditem>
<ditem>
<ptxt>
<phrase category="" id="KC08578079" phrase-urn="urn:x-nevis:phrase:0800c8af81de29c0">Connect up the #@#@#24#g to <xref>
<ref id="KC08578080"/>
</xref>. </phrase>
</ptxt>
</ditem>
</diaglist>
<test2>
<para>
<ptxt>
<phrase category="" id="KC08578081" phrase-urn="urn:x-nevis:phrase:0800c8af81de29c1">Select scrollin#@#@#61#er 1.</phrase>
</ptxt>
<ptxt>
<phrase category="" id="KC08578082" phrase-urn="urn:x-nevis:phrase:0800c8af81de29c2">Use the control#@#@#109#dges.</phrase>
</ptxt>
</para>
<diaglist>
<dgraphic>
<dgraphic2>
<graphic id="KC08578083">
<href>0900c8af8005433#@#@#9#.jpeg</href>
</graphic>
<smarttool active="press" id="KC08578084" toolname="EPS3A504"/>
</dgraphic2>
</dgraphic>
<ditem>
<ditemtext>
<ptxt>
<phrase category="" id="KC08578085" phrase-urn="urn:x-nevis:phrase:0800c8af81de29c3"/>
</ptxt>
</ditemtext>
</ditem>
<ditem>
<ditemtext>
<ptxt>
<phrase category="" id="KC08578086" phrase-urn="urn:x-nevis:phrase:0800c8af81de29c4"/>
</ptxt>
</ditemtext>
</ditem>
</diaglist>
</test2>
</test1>
<question>The value from #@#@#118#cted.</question>
<resact-grp>
<result button="ok" comp="button" highlight="0"/>
<action j2008use="1" paperuse="1" screenuse="1">
<return value="VERIFIED"/>
</action>
</resact-grp>
<resact-grp>
<result button="notok" comp="button" highlight="0"/>
<action j2008use="1" paperuse="1" screenuse="1">
<return value="VERIFICATION FAILED"/>
</action>
</resact-grp>
</node>
</testgrp>
</diagnostic>