<?xml version="1.0" encoding="UTF-8"?><servinfosub IE-ID="en-US0900c8af835af514" docno="VCC-081270" id="KC01472348" xml:lang="en-US">
<title id="nev11758017n250"> Hydraulic unit#@#@#7#cing </title>
<procedure id="nev11758017n248">
<title id="nev11758017n246">Hydraulic unit,#@#@#5#acing</title>
<stepgrp id="KC02866646">
<note id="nev11758017n244">
<ptxt id="nev11758017n242">Never, under an#@#@#104#ties.</ptxt>
</note>
<procstep id="KC02866647">
<title id="nev11758017n240">Preparations</title>
<list1 enumtype="d" id="nev11758017n238" type="unordered">
<item id="nev11758017n236">
<ptxt id="nev11758017n234">Ignition off.</ptxt>
</item>
<item id="nev11758017n232">
<ptxt id="nev11758017n230">Place a rag und#@#@#70#age. </ptxt>
</item>
<item id="nev11758017n228">
<ptxt id="nev11758017n226">Depress the bra#@#@#69#ster.</ptxt>
</item>
<item id="nev11758017n224">
<ptxt id="nev11758017n222">Clean the brake#@#@#63#nder.</ptxt>
</item>
<item id="nev11758017n220">
<ptxt id="nev11758017n218">Disconnect the #@#@#84#sing.</ptxt>
</item>
<item id="nev11758017n216">
<ptxt id="nev11758017n214">Remove the air #@#@#49#hose.</ptxt>
</item>
</list1>
</procstep>
<procstep id="KC02866648">
<title id="nev11758017n212">On vehicles wit#@#@#17#gines</title>
<grate id="nev11758017n210">
<graphic id="KC09255133" width="column">
<href>0900c8af803f7b4#@#@#9#.jpeg</href>
</graphic>
<graphtext id="nev11758017n205">
<list1 enumtype="d" id="nev11758017n203" type="unordered">
<title id="nev11758017n201">Remove:</title>
<item id="nev11758017n199">
<ptxt id="nev11758017n197">The intake pipe#@#@#56#(TC).</ptxt>
</item>
</list1>
</graphtext>
</grate>
</procstep>
<procstep id="KC02866649">
<title id="nev11758017n195">Locking brake pedal</title>
<list1 enumtype="d" id="nev11758017n193" type="unordered">
<item id="nev11758017n191">
<ptxt id="nev11758017n189">Raise the vehicle.</ptxt>
</item>
<item id="nev11758017n187">
<ptxt id="nev11758017n185">Remove the prot#@#@#49#eel. </ptxt>
</item>
<item id="nev11758017n183">
<ptxt id="nev11758017n181">Connect the hos#@#@#25#tle. </ptxt>
</item>
<item id="nev11758017n179">
<ptxt id="nev11758017n177">Open the bleed #@#@#85#tion.</ptxt>
</item>
<item id="nev11758017n175">
<ptxt id="nev11758017n173">Shut the bleed #@#@#2#pple.</ptxt>
</item>
</list1>
</procstep>
<procstep id="KC02866650">
<title id="nev11758017n171">Removing the br#@#@#33#lator</title>
<list1 enumtype="d" id="nev11758017n169" type="unordered">
<title id="nev11758017n167">Remove:</title>
<item id="nev11758017n165">
<ptxt id="nev11758017n163">The brake pipes#@#@#56#nder.</ptxt>
</item>
<item id="nev11758017n161">
<ptxt id="nev11758017n159">Disconnect the #@#@#29#kes. </ptxt>
</item>
</list1>
<ptxt id="nev11758017n157">Immediately plu#@#@#108#stem.</ptxt>
<list1 enumtype="d" id="nev11758017n155" type="unordered">
<item id="nev11758017n153">
<ptxt id="nev11758017n151">Disconnect the #@#@#158#ches.</ptxt>
</item>
</list1>
<list1 enumtype="d" id="nev11758017n149" type="unordered">
<title id="nev11758017n147">Remove:</title>
<item id="nev11758017n145">
<ptxt id="nev11758017n143">The bracket mou#@#@#32#cket.</ptxt>
</item>
<item id="nev11758017n141">
<ptxt id="nev11758017n139">Lift up the bra#@#@#28#hose.</ptxt>
</item>
</list1>
</procstep>
<procstep id="KC02866651">
<title id="nev11758017n137">On vehicles wit#@#@#2#TRACS</title>
<grate id="nev11758017n135">
<graphic id="KC09255134" width="column">
<href>0900c8af803f7b4#@#@#9#.jpeg</href>
</graphic>
<graphtext id="nev11758017n130">
<list1 enumtype="d" id="nev11758017n128" type="unordered">
<item id="nev11758017n126">
<ptxt id="nev11758017n124">Lift up the bra#@#@#30#ard. </ptxt>
</item>
<item id="nev11758017n122">
<ptxt id="nev11758017n120">Remove the chec#@#@#53#ster.</ptxt>
</item>
</list1>
</graphtext>
</grate>
</procstep>
<procstep id="KC02866652">
<title id="nev11758017n118">Removing the AB#@#@#35#ket  </title>
<grate id="nev11758017n116">
<graphic id="KC09255135" width="column">
<href>0900c8af80056d9#@#@#9#.jpeg</href>
</graphic>
<graphtext id="nev11758017n111">
<note id="nev11758017n109">
<ptxt id="nev11758017n107">The ABS hydraul#@#@#167#ties.</ptxt>
</note>
<list1 enumtype="d" id="nev11758017n105" type="unordered">
<item id="nev11758017n103">
<ptxt id="nev11758017n101">Disconnect the #@#@#40#dule.</ptxt>
</item>
<item id="nev11758017n99">
<ptxt id="nev11758017n97">Remove the brac#@#@#51#ator.</ptxt>
</item>
</list1>
</graphtext>
</grate>
</procstep>
<procstep id="KC02866653">
<title id="nev11758017n95">Checking the AB#@#@#16#lator</title>
<list1 enumtype="b" id="nev11758017n93" type="unordered">
<item id="nev11758017n91">
<ptxt id="nev11758017n89">Check that the #@#@#209# six.</ptxt>
</item>
</list1>
</procstep>
</stepgrp>
<stepgrp id="KC02866654">
<note id="nev11758017n87">
<ptxt id="nev11758017n85">Never, under an#@#@#105#ies. </ptxt>
</note>
<procstep id="KC02866655">
<title id="nev11758017n83">Installing the #@#@#18#lator</title>
<grate id="nev11758017n81">
<graphic id="KC09255136" width="column">
<href>0900c8af803f7b8#@#@#9#.jpeg</href>
</graphic>
<graphtext id="nev11758017n76">
<note id="nev11758017n74">
<ptxt id="nev11758017n72">The ABS hydraul#@#@#125#cted.</ptxt>
</note>
<list1 enumtype="b" id="nev11758017n70" type="unordered">
<item id="nev11758017n68">
<ptxt id="nev11758017n66">Check and insta#@#@#57#g to <xref id="nev11758017n64">
<ref id="KC09255137"/>
</xref>. Install the s#@#@#20#8 Nm.</ptxt>
</item>
</list1>
<list1 enumtype="d" id="nev11758017n59" type="unordered">
<item id="nev11758017n57">
<ptxt id="nev11758017n55">Install the new#@#@#84#8 Nm.</ptxt>
</item>
<item id="nev11758017n53">
<ptxt id="nev11758017n51">Hold the vacuum#@#@#58# car.</ptxt>
</item>
<item id="nev11758017n49">
<ptxt id="nev11758017n47">Connect the pum#@#@#36#ule. </ptxt>
</item>
<item id="nev11758017n45">
<ptxt id="nev11758017n43">Tighten the mou#@#@#17# Nm. </ptxt>
</item>
</list1>
</graphtext>
</grate>
</procstep>
<procstep id="KC02866656">
<title id="nev11758017n41">On vehicles wit#@#@#2#TRACS</title>
<grate id="nev11758017n39">
<graphic id="KC09255138" width="column">
<href>0900c8af803f7b4#@#@#9#.jpeg</href>
</graphic>
<graphtext id="nev11758017n34">
<ptxt id="nev11758017n32">Insert the vacu#@#@#159#ter. </ptxt>
</graphtext>
</grate>
</procstep>
<procstep id="KC02866657">
<title id="nev11758017n30">Installing the #@#@#30#nued </title>
<list1 enumtype="d" id="nev11758017n28" type="unordered">
<item id="nev11758017n26">
<ptxt id="nev11758017n24">Connect the con#@#@#43#otor.</ptxt>
</item>
<item id="nev11758017n22">
<ptxt id="nev11758017n20">Remove the plug#@#@#94#4 Nm.</ptxt>
</item>
<item id="nev11758017n18">
<ptxt id="nev11758017n16">Release the bra#@#@#4#edal.</ptxt>
</item>
<item id="nev11758017n14">
<ptxt id="nev11758017n12">Install air cle#@#@#56#hose.</ptxt>
</item>
<item id="nev11758017n10">
<ptxt id="nev11758017n8">Connect the ign#@#@#29#oil. </ptxt>
</item>
</list1>
</procstep>
<procstep id="KC02866658">
<title id="nev11758017n6">On vehicles wit#@#@#17#gines</title>
<list1 enumtype="d" id="nev11758017n4" type="unordered">
<title id="nev11758017n2">Install:</title>
<item id="nev11758018n250">
<ptxt id="nev11758018n248">The intake mani#@#@#55#rger.</ptxt>
</item>
</list1>
</procstep>
<procstep id="KC02866659">
<title id="nev11758018n246">Finishing work </title>
<list1 enumtype="d" id="nev11758018n244" type="unordered">
<item id="nev11758018n242">
<ptxt id="nev11758018n240">Bleed the brake#@#@#9#See: <xref id="nev11758018n238">
<ref id="KC09255139"/>
</xref>.</ptxt>
</item>
</list1>
<ptxt id="nev11758018n233">Clean up any sp#@#@#46#mpoo.</ptxt>
</procstep>
<procstep id="KC02866660">
<title id="nev11758018n231">Checking the fu#@#@#1#ction</title>
<grate id="nev11758018n229">
<graphic id="KC09255140" width="column">
<href>0900c8af80056c6#@#@#9#.jpeg</href>
</graphic>
<graphtext id="nev11758018n224">
<list1 enumtype="d" id="nev11758018n222" type="unordered">
<item id="nev11758018n220">
<ptxt id="nev11758018n218">Read off any di#@#@#69#hem. </ptxt>
</item>
<item id="nev11758018n216">
<ptxt id="nev11758018n214">Switch off the #@#@#59#hing.</ptxt>
</item>
<item id="nev11758018n212">
<ptxt id="nev11758018n210">Test drive the #@#@#81#shes.</ptxt>
</item>
</list1>
<warning id="nev11758018n208">
<ptxt id="nev11758018n206">The ABS and EBD#@#@#148#king.</ptxt>
</warning>
</graphtext>
</grate>
</procstep>
</stepgrp>
</procedure>
</servinfosub>