<?xml version="1.0" encoding="UTF-8"?><servinfosub IE-ID="en-US0900c8af817de514" docno="VCC-159788" id="KC06193640" xml:lang="en-US">
<title>Damper motor mo#@#@#30#acing</title>
<procedure>
<stepgrp>
<procstep>
<title/>
<ptxt>The illustratio#@#@#177#ect. </ptxt>
</procstep>
</stepgrp>
<stepgrp id="KC06263994">
<title>Removal</title>
<procstep id="KC06263995">
<title>Removing the da#@#@#36#ation</title>
<grate>
<graphic id="KC08967882">
<href>0900c8af8005848#@#@#9#.jpeg</href>
</graphic>
<graphtext>
<list1 enumtype="d" type="unordered">
<title>Remove:</title>
<item>
<ptxt>the glove compa#@#@#7# See <xref>
<ref id="KC08967883"/>
</xref>
</ptxt>
</item>
<item>
<ptxt>the switch</ptxt>
<hint>
<ptxt>Use a small ele#@#@#107# out.</ptxt>
</hint>
</item>
<item>
<ptxt>the 2 x screws</ptxt>
</item>
<item>
<ptxt>the control module.</ptxt>
</item>
</list1>
<para>
<ptxt>Check the funct#@#@#92#cure.</ptxt>
</para>
</graphtext>
</grate>
</procstep>
</stepgrp>
<stepgrp id="KC06263996">
<title>Installation</title>
<procstep id="KC06263997">
<title>Installing the #@#@#39#tion </title>
<grate>
<graphic id="KC08967884">
<href>0900c8af8005848#@#@#9#.jpeg</href>
</graphic>
<graphtext>
<list1 enumtype="d" type="unordered">
<title>Install:</title>
<item>
<ptxt>the control mod#@#@#88#es in</ptxt>
</item>
<item>
<ptxt>the 2 screws. T#@#@#13#ately</ptxt>
</item>
<item>
<ptxt>the switch. Ens#@#@#30#ioned</ptxt>
</item>
<item>
<ptxt>the glove compa#@#@#7# See <xref>
<ref id="KC08967885"/>
</xref>.</ptxt>
</item>
</list1>
<note>
<ptxt>Identify the da#@#@#69#tion.</ptxt>
</note>
</graphtext>
</grate>
</procstep>
</stepgrp>
<stepgrp id="KC06263998">
<title>Finishing</title>
<procstep id="KC06263999">
<title>Testing the cli#@#@#14#ystem</title>
<para>
<ptxt>Carry out a per#@#@#43#See: <xref>
<ref id="KC08967886"/>
</xref>.</ptxt>
</para>
</procstep>
</stepgrp>
</procedure>
</servinfosub>