<?xml version="1.0" encoding="UTF-8"?><servinfosub IE-ID="en-US0900c8af8092b218" docno="VCC-108786" id="KC02461868" xml:lang="en-US">
<title>Test driving</title>
<warning>
<ptxt>Problems with t#@#@#157#ons. </ptxt>
</warning>
<grate>
<graphic id="KC06649900">
<href>0900c8af80054d7#@#@#9#.jpeg</href>
</graphic>
<graphtext>
<list1 enumtype="b" type="unordered">
<item>
<ptxt>Disconnect VCT 2000.</ptxt>
</item>
<item>
<ptxt>Ignition off.</ptxt>
<hint>
<ptxt>The ignition mu#@#@#68#stem.</ptxt>
</hint>
</item>
</list1>
</graphtext>
</grate>
<grate>
<graphic id="KC06649901">
<href>0900c8af8012501#@#@#9#.jpeg</href>
</graphic>
<graphtext>
<list1 enumtype="b" type="unordered">
<item>
<ptxt>Start the engin#@#@#112#ead. </ptxt>
</item>
<list2 enumtype="n" type="unordered">
<item>
<ptxt>The hydraulic b#@#@#71# low.</ptxt>
</item>
<item>
<ptxt>Carry out fault#@#@#57#s OK.</ptxt>
</item>
</list2>
</list1>
</graphtext>
</grate>
<grate>
<graphic id="KC06649902">
<href>0900c8af80121ce#@#@#9#.jpeg</href>
</graphic>
<graphtext>
<list1 enumtype="b" type="unordered">
<item>
<ptxt>Test drive the #@#@#24#km/h.</ptxt>
</item>
<list2 enumtype="n" type="unordered">
<item>
<ptxt>Stop the car if#@#@#184#DTC).</ptxt>
</item>
<item>
<ptxt>If no diagnosti#@#@#96#ptom.</ptxt>
</item>
</list2>
</list1>
</graphtext>
</grate>
<grate>
<graphic id="KC06649903">
<href>0900c8af80056d9#@#@#9#.jpeg</href>
</graphic>
<graphtext>
<list1 enumtype="b" type="unordered">
<item>
<ptxt>Brake several t#@#@#381#ptom.</ptxt>
</item>
</list1>
</graphtext>
</grate>
<grate>
<graphic id="KC06649904">
<href>0900c8af8012501#@#@#9#.jpeg</href>
</graphic>
<graphtext>
<para>
<ptxt>Stop the car if#@#@#249#DTC).</ptxt>
</para>
</graphtext>
</grate>
</servinfosub>