<?xml version="1.0" encoding="UTF-8"?><script xmlns:nevis="http://www.volvocars.com/namespaces/processing" xmlns:xlink="http://www.w3.org/1999/xlink" IE-ID="en-US0900c8af82586218" docno="VCC-249820" id="nev10681956n1" nevis:expl-profile="mdl275yr2004, mdl275yr2003, mdl275yr2005, mdl275yr2006, mdl275yr2007, mdl275yr2008, mdl275yr2009, mdl275yr2010, mdl275yr2011, mdl275yr2012, mdl275yr2013, mdl275yr2014, mdl275yr2015, mdl275yr2016" nevis:profile="urn:x-nevis:profile:0b00c8af80206669 urn:x-nevis:profile:0b00c8af80206671 urn:x-nevis:profile:0b00c8af8117443b urn:x-nevis:profile:0b00c8af822b0968 urn:x-nevis:profile:0b00c8af82e48817 urn:x-nevis:profile:0b00c8af838ba0b2 urn:x-nevis:profile:0b00c8af83f1a29a urn:x-nevis:profile:0b00c8af8414e54b urn:x-nevis:profile:0b00c8af84983e6d urn:x-nevis:profile:0b00c8af84eb8103 urn:x-nevis:profile:0b00c8af851e8289 urn:x-nevis:profile:0b00c8af856303e5 urn:x-nevis:profile:0b00c8af8620fba5 urn:x-nevis:profile:0b00c8af8656e7b9" nevis:projectdocument="urn:x-nevis:projectdocument:0800c8af824a1b3a" nevis:resource="0900c8af8258624e" nevis:resource2="urn:x-nevis:fragment:0900c8af82586218:0900c8af8258624e#nev10681956n1" nevis:session-id="" qualifierinfotype="14:00" type="" xml:lang="en-US"><title>Read signal str#@#@#24#2003-</title><content gui="1" height="315" id="nev10681957n1-nev10681956n3" nevis:expl-profile="mdl275yr2004, mdl275yr2003, mdl275yr2005, mdl275yr2006, mdl275yr2007, mdl275yr2008, mdl275yr2009, mdl275yr2010, mdl275yr2011, mdl275yr2012, mdl275yr2013, mdl275yr2014, mdl275yr2015, mdl275yr2016" nevis:idfrom="nev10681957n1" nevis:prefix="nev10681957n1" nevis:profile="urn:x-nevis:profile:0b00c8af80206669 urn:x-nevis:profile:0b00c8af80206671 urn:x-nevis:profile:0b00c8af8117443b urn:x-nevis:profile:0b00c8af822b0968 urn:x-nevis:profile:0b00c8af82e48817 urn:x-nevis:profile:0b00c8af838ba0b2 urn:x-nevis:profile:0b00c8af83f1a29a urn:x-nevis:profile:0b00c8af8414e54b urn:x-nevis:profile:0b00c8af84983e6d urn:x-nevis:profile:0b00c8af84eb8103 urn:x-nevis:profile:0b00c8af851e8289 urn:x-nevis:profile:0b00c8af856303e5 urn:x-nevis:profile:0b00c8af8620fba5 urn:x-nevis:profile:0b00c8af8656e7b9" nevis:resource="0900c8af8258624c" nevis:resource2="urn:x-nevis:fragment:0900c8af82586218:0900c8af8258624c#nev10681956n3" width="365" xml:lang="en-US"><nodes id="nev10681957n1-nev10731906n1"><node class="Components.StartNode" id="nev10681957n1-nev10731907n1" nodeid="Start" x="41" y="141"/><node class="Components.Gui.ParameterLabel" id="nev10681957n1-nev10731908n1" nodeid="ParameterLabel1" x="641" y="66"><gui height="70" id="nev10681957n1-nev10731909n1" width="255" x="100" y="10"/><property class="Parameter" id="nev10681957n1-nev10731910n1" name="Parameter" type="In" value="" visible="1"/><property class="String" id="nev10681957n1-nev10731911n1" name="Title" type="In" value="" visible="1"/><property class="String" id="nev10681957n1-nev10731912n1" name="Value" type="In" value="" visible="1"/><property class="String" id="nev10681957n1-nev10731913n1" name="Unit" type="In" value="" visible="1"/></node><node class="Components.Gui.ParameterLabel" id="nev10681957n1-nev10731914n1" nodeid="ParameterLabel2" x="559" y="190"><gui height="70" id="nev10681957n1-nev10731915n1" width="255" x="100" y="95"/><property class="Parameter" id="nev10681957n1-nev10731916n1" name="Parameter" type="In" value="" visible="1"/><property class="String" id="nev10681957n1-nev10731917n1" name="Title" type="In" value="" visible="1"/><property class="String" id="nev10681957n1-nev10731918n1" name="Value" type="In" value="" visible="1"/><property class="String" id="nev10681957n1-nev10731919n1" name="Unit" type="In" value="" visible="1"/></node><node class="Components.ScriptComponent" id="nev10681957n1-nev10731920n1" nodeid="ScriptComponent1" x="185" y="1188"/><node class="Components.IdentifierComponent" id="nev10681957n1-nev10731921n1" nodeid="IdentifierComponent1" x="453" y="6"><property class="Parameter" id="nev10681957n1-nev10731922n1" name="Waveband AM/FM" type="Out" value="" visible="1"/><extension id="nev10681957n1-nev10731923n1"><identifier ecu="395202" ecuMode="EcuType" id="nev10681957n1-nev10731924n1" read="4" type="REID" value="0001"><parameter id="nev10681957n1-nev10731925n1" name="Waveband AM/FM" textid="66581"/></identifier></extension></node><node class="Components.IdentifierComponent" id="nev10681957n1-nev10731926n1" nodeid="IdentifierComponent2" x="354" y="158"><property class="Parameter" id="nev10681957n1-nev10731927n1" name="Frequency" type="Out" value="" visible="1"/><extension id="nev10681957n1-nev10731928n1"><identifier ecu="395202" ecuMode="EcuType" id="nev10681957n1-nev10731929n1" read="4" type="REID" value="0003"><parameter id="nev10681957n1-nev10731930n1" name="Frequency" textid="66592"/></identifier></extension></node><node class="Components.Gui.ParameterLabel" id="nev10681957n1-nev10731931n1" nodeid="ParameterLabel3" x="572" y="376"><gui height="70" id="nev10681957n1-nev10731932n1" width="345" x="10" y="180"/><property class="Parameter" id="nev10681957n1-nev10731933n1" name="Parameter" type="In" value="" visible="1"/><property class="String" id="nev10681957n1-nev10731934n1" name="Title" type="In" value="" visible="1"/><property class="String" id="nev10681957n1-nev10731935n1" name="Value" type="In" value="" visible="1"/><property class="String" id="nev10681957n1-nev10731936n1" name="Unit" type="In" value="" visible="1"/></node><node class="Components.Repeater" id="nev10681957n1-nev10731937n1" nodeid="Repeater1" x="132" y="253"><property class="Int" id="nev10681957n1-nev10731938n1" name="Wait" type="Internal" value="700" visible="1"/></node><node class="Components.IdentifierComponent" id="nev10681957n1-nev10731939n1" nodeid="IdentifierComponent4" x="421" y="360"><property class="Parameter" id="nev10681957n1-nev10731940n1" name="Signal strength" type="Out" value="" visible="1"/><extension id="nev10681957n1-nev10731941n1"><identifier ecu="395202" ecuMode="EcuType" id="nev10681957n1-nev10731942n1" read="4" type="REID" value="0005"><parameter id="nev10681957n1-nev10731943n1" name="Signal strength" textid="82398"/></identifier></extension></node><node class="Components.ScriptButton" id="nev10681957n1-nev10731944n1" nodeid="AM/FM" x="15" y="515"><gui height="70" id="nev10681957n1-nev10731945n1" width="75" x="10" y="10"/><property class="String" id="nev10681957n1-nev10731946n1" name="Text" type="In" value="AM/FM" visible="1"/><property class="String" id="nev10681957n1-nev10731947n1" name="StartDisabled" type="Internal" value="false" visible="1"/><extension id="nev10681957n1-nev10731948n1"/></node><node class="Components.Activation" id="nev10681957n1-nev10731949n1" nodeid="Activation3" x="190" y="539"><extension id="nev10681957n1-nev10731950n1"><identifier ecu="393901" ecuMode="EcuType" id="nev10681957n1-nev10731951n1" rawValues="Mask=0104,Value=0000" stop="16" type="REID" useRaw="true" value="1F20" write="15"><parameter id="nev10681957n1-nev10731952n1" name="AM/FM button" textid="66302"><value id="nev10681957n1-nev10731953n1" textid="63821"/></parameter></identifier></extension></node><node class="Components.Activation" id="nev10681957n1-nev10731954n1" nodeid="Activation4" x="188" y="725"><extension id="nev10681957n1-nev10731955n1"><identifier ecu="393901" ecuMode="EcuType" id="nev10681957n1-nev10731956n1" rawValues="Mask=0108,Value=0000" stop="16" type="REID" useRaw="true" value="1F20" write="15"><parameter id="nev10681957n1-nev10731957n1" name="Forward button" textid="66303"><value id="nev10681957n1-nev10731958n1" textid="63821"/></parameter></identifier></extension></node><node class="Components.ScriptButton" id="nev10681957n1-nev10731959n1" nodeid="&gt;&gt;l" x="23" y="714"><gui height="70" id="nev10681957n1-nev10731960n1" width="75" x="10" y="95"/><property class="String" id="nev10681957n1-nev10731961n1" name="Text" type="In" value="&gt;&gt;l " visible="1"/><property class="String" id="nev10681957n1-nev10731962n1" name="StartDisabled" type="Internal" value="false" visible="1"/><extension id="nev10681957n1-nev10731963n1"/></node><node class="Components.Activation" id="nev10681957n1-nev10731964n1" nodeid="Activation5" x="495" y="765"><extension id="nev10681957n1-nev10731965n1"><identifier ecu="393901" ecuMode="EcuType" id="nev10681957n1-nev10731966n1" rawValues="Mask=0100,Value=0000" stop="16" type="REID" useRaw="true" value="1F20" write="15"><parameter id="nev10681957n1-nev10731967n1" name="Forward button" textid="66303"><value id="nev10681957n1-nev10731968n1" textid="63821"/></parameter></identifier></extension></node><node class="Components.Delay" id="nev10681957n1-nev10731969n1" nodeid="Delay1" x="336" y="766"><property class="Int" id="nev10681957n1-nev10731970n1" name="Value" type="In" value="100" visible="0"/></node><node class="Components.Delay" id="nev10681957n1-nev10731971n1" nodeid="Delay2" x="338" y="578"><property class="Int" id="nev10681957n1-nev10731972n1" name="Value" type="In" value="100" visible="0"/></node><node class="Components.Activation" id="nev10681957n1-nev10731973n1" nodeid="Activation1" x="469" y="544"><extension id="nev10681957n1-nev10731974n1"><identifier ecu="393901" ecuMode="EcuType" id="nev10681957n1-nev10731975n1" rawValues="Mask=0100,Value=0000" stop="16" type="REID" useRaw="true" value="1F20" write="15"><parameter id="nev10681957n1-nev10731976n1" name="AM/FM button" textid="66302"><value id="nev10681957n1-nev10731977n1" textid="63821"/></parameter></identifier></extension></node><node class="Components.ScriptButton" id="nev10681957n1-nev10731978n1" nodeid="Hide" x="18" y="916"><gui height="30" id="nev10681957n1-nev10731979n1" width="110" x="245" y="275"/><property class="String" id="nev10681957n1-nev10731980n1" name="Text" type="In" value="" visible="0"/><property class="String" id="nev10681957n1-nev10731981n1" name="StartDisabled" type="Internal" value="false" visible="1"/><extension id="nev10681957n1-nev10731982n1"><phrase category="Faulttracing" id="nev10681957n1-nev10681958n1" phrase-urn="urn:x-nevis:phrase:0800c8af81b6b138">Hide</phrase></extension></node><node class="Components.VehComm" id="nev10681957n1-nev10731983n1" nodeid="VehComm1" x="331" y="1108"><property class="String" id="nev10681957n1-nev10731984n1" name="Mode" type="Internal" value="EcuType" visible="1"/><property class="Int" id="nev10681957n1-nev10731985n1" name="EcuType" type="In" value="393901" visible="0"/><property class="Int" id="nev10681957n1-nev10731986n1" name="ServiceId" type="In" value="27" visible="0"/><property class="String" id="nev10681957n1-nev10731987n1" name="EcuName" type="Out" value="" visible="1"/><property class="Response" id="nev10681957n1-nev10731988n1" name="Result" type="Out" value="" visible="1"/><extension id="nev10681957n1-nev10731989n1"/></node><node class="Components.VehComm" id="nev10681957n1-nev10731990n1" nodeid="VehComm2" x="326" y="903"><property class="String" id="nev10681957n1-nev10731991n1" name="Mode" type="Internal" value="EcuType" visible="1"/><property class="Int" id="nev10681957n1-nev10731992n1" name="EcuType" type="In" value="395202" visible="0"/><property class="Int" id="nev10681957n1-nev10731993n1" name="ServiceId" type="In" value="27" visible="0"/><property class="String" id="nev10681957n1-nev10731994n1" name="EcuName" type="Out" value="" visible="1"/><property class="Response" id="nev10681957n1-nev10731995n1" name="Result" type="Out" value="" visible="1"/><extension id="nev10681957n1-nev10731996n1"/></node></nodes><handlers id="nev10681957n1-nev10731997n1"><eventhandler id="nev10681957n1-nev10731998n1" name="OnStart" node="Start"><call id="nev10681957n1-nev10731999n1" method="UpdateTitles" node="IdentifierComponent1"/><call id="nev10681957n1-nev10732000n1" method="UpdateTitles" node="IdentifierComponent2"/><call id="nev10681957n1-nev10732001n1" method="UpdateTitles" node="IdentifierComponent4"/><call id="nev10681957n1-nev10732002n1" method="Start" node="Repeater1"/></eventhandler><eventhandler id="nev10681957n1-nev10732003n1" name="OnRepeat" node="Repeater1"><call id="nev10681957n1-nev10732004n1" method="Read" node="IdentifierComponent2"/><call id="nev10681957n1-nev10732005n1" method="Read" node="IdentifierComponent1"/><call id="nev10681957n1-nev10732006n1" method="Read" node="IdentifierComponent4"/></eventhandler><eventhandler id="nev10681957n1-nev10732007n1" name="Click" node="AM/FM"><call id="nev10681957n1-nev10732008n1" method="Disable" node="AM/FM"/><call id="nev10681957n1-nev10732009n1" method="Activate" node="Activation3"/></eventhandler><eventhandler id="nev10681957n1-nev10732010n1" name="Click" node="&gt;&gt;l"><call id="nev10681957n1-nev10732011n1" method="Disable" node="&gt;&gt;l"/><call id="nev10681957n1-nev10732012n1" method="Activate" node="Activation4"/></eventhandler><eventhandler id="nev10681957n1-nev10732013n1" name="OnPositiveResponse" node="Activation4"><call id="nev10681957n1-nev10732014n1" method="Execute" node="Delay1"/></eventhandler><eventhandler id="nev10681957n1-nev10732015n1" name="OnContinue" node="Delay1"><call id="nev10681957n1-nev10732016n1" method="Activate" node="Activation5"/></eventhandler><eventhandler id="nev10681957n1-nev10732017n1" name="OnPositiveResponse" node="Activation3"><call id="nev10681957n1-nev10732018n1" method="Execute" node="Delay2"/></eventhandler><eventhandler id="nev10681957n1-nev10732019n1" name="OnContinue" node="Delay2"><call id="nev10681957n1-nev10732020n1" method="Activate" node="Activation1"/></eventhandler><eventhandler id="nev10681957n1-nev10732021n1" name="Click" node="Hide"><call id="nev10681957n1-nev10732022n1" method="Execute" node="VehComm1"/><call id="nev10681957n1-nev10732023n1" method="Execute" node="VehComm2"/><call id="nev10681957n1-nev10732024n1" method="CloseDialog" node="ScriptComponent1"/></eventhandler><eventhandler id="nev10681957n1-nev10732025n1" name="OnPositiveResponse" node="Activation1"><call id="nev10681957n1-nev10732026n1" method="Enable" node="AM/FM"/></eventhandler><eventhandler id="nev10681957n1-nev10732027n1" name="OnPositiveResponse" node="Activation5"><call id="nev10681957n1-nev10732028n1" method="Enable" node="&gt;&gt;l"/></eventhandler><propertyhandler id="nev10681957n1-nev10732029n1" name="Waveband AM/FM" node="IdentifierComponent1"><set id="nev10681957n1-nev10732030n1" node="ParameterLabel1" property="Parameter"/></propertyhandler><propertyhandler id="nev10681957n1-nev10732031n1" name="Frequency" node="IdentifierComponent2"><set id="nev10681957n1-nev10732032n1" node="ParameterLabel2" property="Parameter"/></propertyhandler><propertyhandler id="nev10681957n1-nev10732033n1" name="Signal strength" node="IdentifierComponent4"><set id="nev10681957n1-nev10732034n1" node="ParameterLabel3" property="Parameter"/></propertyhandler></handlers></content></script>