<?xml version="1.0" encoding="UTF-8"?><servinfosub IE-ID="en-US0900c8af804a0907" docno="VCC-089002" id="KC01476505" xml:lang="en-US">
<title>Replacing air b#@#@#7#alves</title>
<procedure>
<stepgrp id="KC01557275">
<procstep id="KC01557276">
<title>Conditions</title>
<list1 enumtype="d">
<item>
<ptxt>Remove intake m#@#@#4#old. <xref>
<ref id="KC07291428"/>
</xref> (Section 2(21,#@#@#32#V40).</ptxt>
</item>
</list1>
</procstep>
<procstep id="KC01557277">
<title>Removing the ai#@#@#35#fold </title>
<grate>
<graphic id="KC07291429">
<href>0900c8af801244e#@#@#9#.jpeg</href>
</graphic>
<graphtext>
<list1 enumtype="d">
<item>
<ptxt>Remove the moun#@#@#42#lve. </ptxt>
</item>
<item>
<ptxt>Remove the gasket.</ptxt>
</item>
</list1>
</graphtext>
</grate>
</procstep>
</stepgrp>
<stepgrp id="KC01557278">
<procstep id="KC01557279">
<title>Installing the #@#@#35#fold </title>
<grate>
<graphic id="KC07291430">
<href>0900c8af801244e#@#@#9#.jpeg</href>
</graphic>
<graphtext>
<list1 enumtype="d">
<item>
<ptxt>Clean the housi#@#@#32#ully.</ptxt>
</item>
<item>
<ptxt>Install air byp#@#@#71# Nm. </ptxt>
</item>
<item>
<ptxt>Install intake #@#@#5#old. <xref>
<ref id="KC07291431"/>
</xref> (Section 2(21,#@#@#32#V40).</ptxt>
</item>
</list1>
</graphtext>
</grate>
</procstep>
</stepgrp>
</procedure>
</servinfosub>