<?xml version="1.0" encoding="UTF-8"?><servinfosub IE-ID="en-US0900c8af86fdd907" docno="VCC-370251" id="nev13711295n1" original="sv-SE" servinfosubId="nev13711296n1-nev20889750n1" servinfosubRes="0900c8af86fdd90f" servinfosubRes2="urn:x-nevis:fragment:0900c8af86fdd907:0900c8af86fdd90f#nev20889750n1" xml:lang="en-US">
<operationnumbers>
<operationnumber>21813-2</operationnumber>
</operationnumbers>
<title id="nev13711294n23">Engine Pad right</title>
<toolitemtable id="nev13711296n1-nev24195377n51">
<table id="nev13711296n1-nev24195377n50">
<tgroup cols="2" id="nev13711296n1-nev24195377n49">
<colspec colname="COLSPEC0" colwidth="1.00*" id="nev13711296n1-nev24195377n48"/>
<colspec colname="COLSPEC1" colwidth="1.00*" id="nev13711296n1-nev24195377n47"/>
<thead id="nev13711296n1-nev24195377n46">
<row id="nev13711296n1-nev24195377n45">
<entry id="nev13711296n1-nev24195377n44" nameend="COLSPEC1" namest="COLSPEC0" valign="top">
<ptxt id="nev13711296n1-nev24195377n43">
<emph id="nev13711296n1-nev24195377n42">Special tools</emph>
</ptxt>
</entry>
</row>
</thead>
<tbody id="nev13711296n1-nev24195377n41">
<row id="nev13711296n1-nev24195377n40">
<entry id="nev13711296n1-nev24195377n39">
<graphic id="nev13711296n1-nev24195377n38">
<href>0900c8af861a70f#@#@#9#.jpeg</href>
</graphic>
</entry>
<entry id="nev13711296n1-nev24195377n37">
<ptxt id="nev13711296n1-nev24195377n36">
<emph id="nev13711296n1-nev24195377n35">999 7503 Lifting eye</emph>
</ptxt>
<ptxt id="nev13711296n1-nev24195377n33">
<emph id="nev13711296n1-nev24195377n32">Tool number:</emph>999 7503</ptxt>
<ptxt id="nev13711296n1-nev24195377n31">
<emph id="nev13711296n1-nev24195377n30">Tool description:</emph>Lifting eye</ptxt>
<ptxt id="nev13711296n1-nev24195377n28">
<emph id="nev13711296n1-nev24195377n27">Tool boards:</emph>21</ptxt>
</entry>
</row>
<row id="nev13711296n1-nev24195377n26">
<entry id="nev13711296n1-nev24195377n25">
<graphic id="nev13711296n1-nev24195377n24">
<href>0900c8af867c760#@#@#9#.jpeg</href>
</graphic>
</entry>
<entry id="nev13711296n1-nev24195377n23">
<ptxt id="nev13711296n1-nev24195377n22">
<emph id="nev13711296n1-nev24195377n21">999 7523 Engine#@#@#1#brace</emph>
</ptxt>
<ptxt id="nev13711296n1-nev24195377n19">
<emph id="nev13711296n1-nev24195377n18">Tool number:</emph>999 7523</ptxt>
<ptxt id="nev13711296n1-nev24195377n17">
<emph id="nev13711296n1-nev24195377n16">Tool description:</emph>Engine brace</ptxt>
<ptxt id="nev13711296n1-nev24195377n14">
<emph id="nev13711296n1-nev24195377n13">Tool boards:</emph>21</ptxt>
</entry>
</row>
<row id="nev13711296n1-nev24195377n12">
<entry id="nev13711296n1-nev24195377n11">
<graphic id="nev13711296n1-nev24195377n10">
<href>0900c8af869de2d#@#@#9#.jpeg</href>
</graphic>
</entry>
<entry id="nev13711296n1-nev24195377n9">
<ptxt id="nev13711296n1-nev24195377n8">
<emph id="nev13711296n1-nev24195377n7">999 7537 Suppor#@#@#4#acket</emph>
</ptxt>
<ptxt id="nev13711296n1-nev24195377n5">
<emph id="nev13711296n1-nev24195377n4">Tool number:</emph>999 7537</ptxt>
<ptxt id="nev13711296n1-nev24195377n3">
<emph id="nev13711296n1-nev24195377n2">Tool description:</emph>Support bracket</ptxt>
<ptxt id="nev13711296n1-nev24195378n100">
<emph id="nev13711296n1-nev24195378n99">Tool boards:</emph>21</ptxt>
</entry>
</row>
<row id="nev13711296n1-nev24195378n98">
<entry id="nev13711296n1-nev24195378n97">
<graphic id="nev13711296n1-nev24195378n96">
<href>0900c8af8005434#@#@#9#.jpeg</href>
</graphic>
</entry>
<entry id="nev13711296n1-nev24195378n95">
<ptxt id="nev13711296n1-nev24195378n94">
<emph id="nev13711296n1-nev24195378n93">999 5460 Liftin#@#@#1# hook</emph>
</ptxt>
<ptxt id="nev13711296n1-nev24195378n91">
<emph id="nev13711296n1-nev24195378n90">Tool number:</emph>999 5460</ptxt>
<ptxt id="nev13711296n1-nev24195378n89">
<emph id="nev13711296n1-nev24195378n88">Tool description:</emph>Lifting hook</ptxt>
<ptxt id="nev13711296n1-nev24195378n86">
<emph id="nev13711296n1-nev24195378n85">Tool boards:</emph>21</ptxt>
</entry>
</row>
</tbody>
</tgroup>
</table>
</toolitemtable>
<procedure id="nev13711296n1-nev21698009n5">
<stepgrp boilerplate="false" context="" id="nev13711296n1-nev24195283n36">
<title id="nev13711296n1-0800c8af844a46f6">Removal</title>
<procstep id="nev13711296n1-nev21698009n8">
<note id="nev13711296n1-0800c8af844a42fa">
<ptxt>Removal steps i#@#@#45#ails.</ptxt>
</note>
</procstep>
<procstep id="nev13711296n1-nev21698012n1">
<para id="nev13711296n1-nev24195283n34">
<ptxt id="nev13711296n1-nev24195283n35">Remove the uppe#@#@#7#e rod<xref boilerplate="true" id="nev13711296n1-0800c8af846bae48">
<ref id="nev13711296n1-nev21833650n68"/>
</xref>
</ptxt>
</para>
</procstep>
<procstep id="nev13711296n1-nev21698058n75">
<grate id="nev13711296n1-nev24195283n32">
<graphic id="nev13711296n1-nev24195283n33">
<href>0900c8af8664c88#@#@#9#.jpeg</href>
</graphic>
<graphtext id="nev13711296n1-nev24195398n1">
<para id="nev13711296n1-nev24195283n30">
<ptxt id="nev13711296n1-nev24195283n31">Loosen the screws.</ptxt>
</para>
<para id="nev13711296n1-nev24195283n28">
<ptxt id="nev13711296n1-nev24195283n29">Remove the mark#@#@#3#part.</ptxt>
</para>
</graphtext>
</grate>
</procstep>
<procstep id="nev13711296n1-nev21839405n42">
<grate id="nev13711296n1-nev24195283n26">
<graphic id="nev13711296n1-nev24195283n27">
<href>0900c8af8657bdf#@#@#9#.jpeg</href>
</graphic>
<graphtext id="nev13711296n1-nev24195402n1">
<para id="nev13711296n1-nev24195283n24">
<ptxt id="nev13711296n1-nev24195283n25">Remove the clips.</ptxt>
</para>
</graphtext>
</grate>
</procstep>
<procstep id="nev13711296n1-nev21839405n37">
<grate id="nev13711296n1-nev24195283n22">
<graphic id="nev13711296n1-nev24195283n23">
<href>0900c8af8657bdf#@#@#9#.jpeg</href>
</graphic>
<graphtext id="nev13711296n1-nev24195406n1">
<para id="nev13711296n1-nev24195283n20">
<ptxt id="nev13711296n1-nev24195283n21">On both sides.</ptxt>
</para>
<para id="nev13711296n1-nev24195283n18">
<ptxt id="nev13711296n1-nev24195283n19">Fold marked par#@#@#3#side.</ptxt>
</para>
</graphtext>
</grate>
</procstep>
<procstep id="nev13711296n1-nev21839405n30">
<grate id="nev13711296n1-nev24195283n16">
<graphic id="nev13711296n1-nev24195283n17">
<href>0900c8af8657bdf#@#@#9#.jpeg</href>
</graphic>
<graphtext id="nev13711296n1-nev24195410n1">
<para id="nev13711296n1-nev24195283n14">
<ptxt id="nev13711296n1-nev24195283n15">Release the locks.</ptxt>
</para>
<para id="nev13711296n1-nev24195283n12">
<ptxt id="nev13711296n1-nev24195283n13">Release the catches.</ptxt>
</para>
<para id="nev13711296n1-nev24195283n10">
<ptxt id="nev13711296n1-nev24195283n11">Remove the mark#@#@#3#part.</ptxt>
</para>
</graphtext>
</grate>
</procstep>
<procstep id="nev13711296n1-nev21698058n57">
<grate id="nev13711296n1-nev24195283n8">
<graphic id="nev13711296n1-nev24195283n9">
<href>0900c8af8664c8e#@#@#9#.jpeg</href>
</graphic>
<graphtext id="nev13711296n1-nev24195414n1">
<para id="nev13711296n1-nev24195283n6">
<ptxt id="nev13711296n1-nev24195283n7">Tighten the screw.</ptxt>
</para>
<para id="nev13711296n1-nev24195283n4">
<ptxt id="nev13711296n1-nev24195283n5">
<torque id="nev13711296n1-nev21839405n17">
<ref id="nev13711296n1-nev21839405n15"/>
</torque>
</ptxt>
</para>
<para id="nev13711296n1-nev24195283n2">
<ptxt id="nev13711296n1-nev24195283n3">
<toolitem boilerplate="true" id="nev13711296n1-nev21698058n53" imageid="0900c8af861a70f0"/>
</ptxt>
</para>
</graphtext>
</grate>
</procstep>
<procstep id="nev13711296n1-nev22390321n41">
<grate id="nev13711296n1-nev24195377n100">
<graphic id="nev13711296n1-nev24195283n1">
<href>0900c8af869f57f#@#@#9#.jpeg</href>
</graphic>
<graphtext id="nev13711296n1-nev24195424n1">
<para id="nev13711296n1-nev24195377n98">
<ptxt id="nev13711296n1-nev24195377n99">
<toolitem boilerplate="true" id="nev13711296n1-nev22390321n37" imageid="0900c8af867c760b"/>
<toolitem boilerplate="false" id="nev13711296n1-nev22390321n36" imageid="0900c8af869de2d9"/>
<toolitem boilerplate="false" id="nev13711296n1-nev22390321n35" imageid="0900c8af861a70f0"/>
<toolitem boilerplate="false" id="nev13711296n1-nev22390321n34" imageid="0900c8af80054346"/>
</ptxt>
</para>
</graphtext>
</grate>
</procstep>
<procstep id="nev13711296n1-nev21698058n68">
<grate id="nev13711296n1-nev24195377n96">
<graphic id="nev13711296n1-nev24195377n97">
<href>0900c8af8664c8e#@#@#9#.jpeg</href>
</graphic>
<graphtext id="nev13711296n1-nev24195440n1">
<para id="nev13711296n1-nev24195377n94">
<ptxt id="nev13711296n1-nev24195377n95">Remove the screw.</ptxt>
</para>
<para id="nev13711296n1-nev24195377n92">
<ptxt id="nev13711296n1-nev24195377n93">Fold marked par#@#@#3#side.</ptxt>
</para>
<para id="nev13711296n1-nev24195377n90">
<ptxt id="nev13711296n1-nev24195377n91">
<torque id="nev13711296n1-nev21698058n61">
<ref id="nev13711296n1-nev21698058n59"/>
</torque>
</ptxt>
</para>
</graphtext>
</grate>
</procstep>
<procstep id="nev13711296n1-nev24195377n89">
<grate id="nev13711296n1-nev24195377n87">
<graphic id="nev13711296n1-nev24195377n88">
<href>0900c8af86fdd82#@#@#9#.jpeg</href>
</graphic>
<graphtext id="nev13711296n1-nev24195447n1">
<caution id="nev13711296n1-nev24195377n86">
<ptxt>Note the positi#@#@#30#oval.</ptxt>
</caution>
<para id="nev13711296n1-nev24195377n83">
<ptxt id="nev13711296n1-nev24195377n84">
<equipment equipmentid="" equipmentname="Marker pen" id="nev13711296n1-nev24195377n85"/>
</ptxt>
</para>
</graphtext>
</grate>
</procstep>
<procstep id="nev13711296n1-nev21698083n93">
<grate id="nev13711296n1-nev24195377n81">
<graphic id="nev13711296n1-nev24195377n82">
<href>0900c8af8664c91#@#@#9#.jpeg</href>
</graphic>
<graphtext id="nev13711296n1-nev24195454n1">
<para id="nev13711296n1-nev24195377n79">
<ptxt id="nev13711296n1-nev24195377n80">Remove the screws.</ptxt>
</para>
<para id="nev13711296n1-nev24195377n77">
<ptxt id="nev13711296n1-nev24195377n78">Remove the mark#@#@#3#part.</ptxt>
</para>
<list1 enumtype="n" id="nev13711296n1-nev21698083n88" type="ordered">
<item id="nev13711296n1-nev24195377n76">
<ptxt id="nev13711296n1-nev24195377n75">
<torque id="nev13711296n1-nev22140098n28">
<ref id="nev13711296n1-nev22140098n26"/>
</torque>
</ptxt>
</item>
<item id="nev13711296n1-nev24195377n74">
<ptxt id="nev13711296n1-nev24195377n73">
<torque id="nev13711296n1-nev22140098n24">
<ref id="nev13711296n1-nev22140098n22"/>
</torque>
</ptxt>
</item>
<item id="nev13711296n1-nev24195377n72">
<ptxt id="nev13711296n1-nev24195377n71">
<torque id="nev13711296n1-nev21839425n81">
<ref id="nev13711296n1-nev21839425n79"/>
</torque>
</ptxt>
</item>
</list1>
</graphtext>
</grate>
</procstep>
<procstep id="nev13711296n1-nev24027941n53">
<grate id="nev13711296n1-nev24195377n69">
<graphic id="nev13711296n1-nev24195377n70">
<href>0900c8af86f1c4e#@#@#9#.jpeg</href>
</graphic>
<graphtext id="nev13711296n1-nev24195467n1">
<caution id="nev13711296n1-0800c8af844a4154">
<ptxt>Make sure that #@#@#19#lled.</ptxt>
</caution>
</graphtext>
</grate>
</procstep>
<procstep id="nev13711296n1-nev21698083n77">
<grate id="nev13711296n1-nev24195377n67">
<graphic id="nev13711296n1-nev24195377n68">
<href>0900c8af8664c91#@#@#9#.jpeg</href>
</graphic>
<graphtext id="nev13711296n1-nev24195471n1">
<para id="nev13711296n1-nev24195377n65">
<ptxt id="nev13711296n1-nev24195377n66">Remove the screws.</ptxt>
</para>
<para id="nev13711296n1-nev24195377n63">
<ptxt id="nev13711296n1-nev24195377n64">Remove the mark#@#@#3#part.</ptxt>
</para>
</graphtext>
</grate>
</procstep>
</stepgrp>
<stepgrp boilerplate="false" context="" id="nev13711296n1-nev24195377n62">
<title id="nev13711296n1-0800c8af844a46f9">Installation</title>
<procstep id="nev13711296n1-nev24195377n61">
<grate id="nev13711296n1-nev24195377n59">
<graphic id="nev13711296n1-nev24195377n60">
<href>0900c8af86fdd82#@#@#9#.jpeg</href>
</graphic>
<graphtext id="nev13711296n1-nev24195475n1">
<note id="nev13711296n1-nev24195377n58">
<ptxt>Make sure to fo#@#@#23#ated.</ptxt>
</note>
<para id="nev13711296n1-nev24195377n54">
<ptxt id="nev13711296n1-nev24195377n56">
<torque id="nev13711296n1-nev24195377n57">
<ref id="nev13711296n1-nev24195377n55"/>
</torque>
</ptxt>
</para>
</graphtext>
</grate>
</procstep>
<procstep id="nev13711296n1-nev21698018n7">
<para id="nev13711296n1-nev24195377n52">
<ptxt id="nev13711296n1-nev24195377n53">To install, rev#@#@#22#dure.</ptxt>
</para>
</procstep>
</stepgrp>
</procedure>
</servinfosub>