<?xml version="1.0" encoding="UTF-8"?><servinfosub IE-ID="en-US0900c8af817dc907" docno="VCC-159424" id="KC06252977" xml:lang="en-US">
<title>
<phrase category="" id="KC09541831" phrase-urn="urn:x-nevis:phrase:0800c8af8271ca3c">Capacitance too high</phrase>
</title>
<diagnostic j2008use="1" paperuse="1" screenuse="1" type="test">
<testgrp IE-ID="en-US0900c8af817dc907_KC06259563" id="KC06259563" j2008use="1" paperuse="1" resumable="1" screenuse="1" testgrp-id="s1" x="120" y="120">
<title>
<phrase category="" id="KC09541832" phrase-urn="urn:x-nevis:phrase:0800c8af8271ca3d">Checking the co#@#@#2#onent</phrase>
</title>
<node>
<test1>
<warning>
<ptxt>
<phrase category="" id="KC09541833" phrase-urn="urn:x-nevis:phrase:0800c8af8271ca3e">Under no circum#@#@#156#bag! </phrase>
</ptxt>
</warning>
<caution>
<ptxt>
<phrase category="" id="KC09541834" phrase-urn="urn:x-nevis:phrase:0800c8af8271ca3f">Do not touch th#@#@#165#RS). </phrase>
</ptxt>
</caution>
<diaglist>
<dgraphic>
<dgraphic1>
<graphic id="KC09541835">
<href>0900c8af80054d4#@#@#9#.jpeg</href>
</graphic>
</dgraphic1>
<dgraphic2>
<graphic id="KC09541836">
<href>0900c8af80054d7#@#@#9#.jpeg</href>
</graphic>
</dgraphic2>
</dgraphic>
<ditem>
<ptxt>
<phrase category="" id="KC09541837" phrase-urn="urn:x-nevis:phrase:0800c8af8271ca40">Check cables an#@#@#120#ttom </phrase>
</ptxt>
</ditem>
<ditem>
<ptxt>
<phrase category="" id="KC09541838" phrase-urn="urn:x-nevis:phrase:0800c8af8271ca41">If the diagnost#@#@#68#below</phrase>
</ptxt>
</ditem>
<ditem>
<ptxt>
<phrase category="" id="KC09541839" phrase-urn="urn:x-nevis:phrase:0800c8af8271ca42">Switch off the #@#@#20#conds</phrase>
</ptxt>
</ditem>
<ditem>
<ptxt>
<phrase category="" id="KC09541840" phrase-urn="urn:x-nevis:phrase:0800c8af8271ca44">Disconnect the #@#@#34#age 3</phrase>
</ptxt>
</ditem>
<ditem>
<ptxt>
<phrase category="" id="KC09541841" phrase-urn="urn:x-nevis:phrase:0800c8af8271ca45">Connect a speci#@#@#91#tool <toolitem id="KC09541842"/>.</phrase>
</ptxt>
<note>
<ptxt>
<phrase category="" id="KC09541843" phrase-urn="urn:x-nevis:phrase:0800c8af8271ca46">The special too#@#@#139#rder.</phrase>
</ptxt>
</note>
</ditem>
<ditem>
<ptxt>
<phrase category="" id="KC09541844" phrase-urn="urn:x-nevis:phrase:0800c8af8271ca47">Switch on the i#@#@#20#onds.</phrase>
</ptxt>
</ditem>
</diaglist>
<test2>
<para>
<ptxt>
<phrase category="" id="KC09541845" phrase-urn="urn:x-nevis:phrase:0800c8af8271ca48">Read off the di#@#@#60#bol. </phrase>
</ptxt>
</para>
<para>
<ptxt>
<phrase category="" id="KC09541846" phrase-urn="urn:x-nevis:phrase:0800c8af8271ca49">If the diagnost#@#@#144#tom. </phrase>
</ptxt>
<ptxt>
<phrase category="" id="KC09541847" phrase-urn="urn:x-nevis:phrase:0800c8af8271ca4a">If the diagnost#@#@#72#ttom.</phrase>
</ptxt>
</para>
<list1 enumtype="d" type="unordered">
<title>
<phrase category="" id="KC09541848" phrase-urn="urn:x-nevis:phrase:0800c8af8271ca4b">Other information</phrase>
</title>
<item>
<ptxt>
<phrase category="" id="KC09541849" phrase-urn="urn:x-nevis:phrase:0800c8af8271ca4c">
<xref>
<ref id="KC09541850"/>
</xref>
</phrase>
</ptxt>
</item>
<item>
<ptxt>
<phrase category="" id="KC09541851" phrase-urn="urn:x-nevis:phrase:0800c8af8271ca4d">
<xref>
<ref id="KC09541852"/>
</xref>
</phrase>
</ptxt>
</item>
<item>
<ptxt>
<phrase category="" id="KC09541853" phrase-urn="urn:x-nevis:phrase:0800c8af8271ca4e">For further inf#@#@#61#agram</phrase>
</ptxt>
</item>
<item>
<ptxt>
<phrase category="" id="KC09541854" phrase-urn="urn:x-nevis:phrase:0800c8af8271ca4f">
<xref>
<ref id="KC09541855"/>
</xref>
</phrase>
</ptxt>
</item>
<item>
<ptxt>
<phrase category="" id="KC09541856" phrase-urn="urn:x-nevis:phrase:0800c8af8271ca50">
<xref>
<ref id="KC09541857"/>
</xref>
</phrase>
</ptxt>
</item>
<item>
<ptxt>
<phrase category="" id="KC09541858" phrase-urn="urn:x-nevis:phrase:0800c8af8271ca51">Checking the sp#@#@#7#ool: <xref>
<ref id="KC09541859"/>
</xref>
</phrase>
</ptxt>
</item>
<item>
<ptxt>
<phrase category="" id="KC09541860" phrase-urn="urn:x-nevis:phrase:0800c8af8271ca52">Disassembling c#@#@#6#ors: <xref>
<ref id="KC09541861"/>
</xref>
</phrase>
</ptxt>
</item>
<item>
<ptxt>
<phrase category="" id="KC09541862" phrase-urn="urn:x-nevis:phrase:0800c8af8271ca53">
<xref>
<ref id="KC09541863"/>
</xref>
</phrase>
</ptxt>
</item>
</list1>
<diaglist>
<dgraphic>
<dgraphic2>
<graphic id="KC09541864">
<href>0900c8af86c8681#@#@#9#.jpeg</href>
</graphic>
<smarttool active="press" id="KC09541865" toolname="XSRSAE01"/>
</dgraphic2>
</dgraphic>
<ditem>
<ditemtext>
<ptxt>
<phrase category="" id="KC09541866" phrase-urn="urn:x-nevis:phrase:0800c8af8271ca54"/>
</ptxt>
</ditemtext>
</ditem>
</diaglist>
</test2>
</test1>
<question>
Select an alte#@#@#4#ive.
</question>
<resact-grp>
<result button="text" comp="button" highlight="0" text="1"/>
<action j2008use="1" paperuse="1" screenuse="1">
<ptxt>
<xref>
<ref id="KC09541868"/>
</xref>
</ptxt>
</action>
</resact-grp>
<resact-grp>
<result button="text" comp="button" highlight="0" text="2"/>
<action j2008use="1" paperuse="1" screenuse="1">
<ptxt>
<xref>
<ref id="KC09541869"/>
</xref>
</ptxt>
</action>
</resact-grp>
</node>
</testgrp>
<testgrp id="KC06259564" j2008use="1" paperuse="1" resumable="1" screenuse="1" testgrp-id="node1" x="120" y="200">
<title>
<phrase category="" id="KC09541870" phrase-urn="urn:x-nevis:phrase:0800c8af8271ca56">Checking the co#@#@#13#iring</phrase>
</title>
<node>
<test1>
<diaglist>
<dgraphic>
<dgraphic1>
<graphic id="KC09541871">
<href>0900c8af80054d4#@#@#9#.jpeg</href>
</graphic>
</dgraphic1>
</dgraphic>
<ditem>
<ptxt>
<phrase category="" id="KC09541872" phrase-urn="urn:x-nevis:phrase:0800c8af8271ca57">Switch off the #@#@#20#conds</phrase>
</ptxt>
</ditem>
<ditem>
<ptxt>
<phrase category="" id="KC09541873" phrase-urn="urn:x-nevis:phrase:0800c8af8271ca58">Disconnect the #@#@#27#ctor </phrase>
</ptxt>
</ditem>
<ditem>
<ptxt>
<phrase category="" id="KC09541874" phrase-urn="urn:x-nevis:phrase:0800c8af8271ca59">Disconnect the #@#@#57#SRS).</phrase>
</ptxt>
</ditem>
</diaglist>
<test2>
<warning>
<ptxt>
<phrase category="" id="KC09541875" phrase-urn="urn:x-nevis:phrase:0800c8af8271ca5a">Under no circum#@#@#156#bag! </phrase>
</ptxt>
</warning>
<caution>
<ptxt>
<phrase category="" id="KC09541876" phrase-urn="urn:x-nevis:phrase:0800c8af8271ca5b">Do not touch th#@#@#165#RS). </phrase>
</ptxt>
</caution>
<para>
<ptxt>
<phrase category="" id="KC09541877" phrase-urn="urn:x-nevis:phrase:0800c8af8271ca5c">Check the conne#@#@#135#tors.</phrase>
</ptxt>
<ptxt>
<phrase category="" id="KC09541878" phrase-urn="urn:x-nevis:phrase:0800c8af8271ca5d">Also check the #@#@#129#bag. </phrase>
</ptxt>
</para>
<para>
<ptxt>
<phrase category="" id="KC09541879" phrase-urn="urn:x-nevis:phrase:0800c8af8271ca5e">Remedy as necessary.</phrase>
</ptxt>
</para>
<para>
<ptxt>
<phrase category="" id="KC09541880" phrase-urn="urn:x-nevis:phrase:0800c8af8271ca5f">Check the SRS i#@#@#153#ound.</phrase>
</ptxt>
<ptxt>
<phrase category="" id="KC09541881" phrase-urn="urn:x-nevis:phrase:0800c8af8271ca60">Check the cable#@#@#4#ween:</phrase>
</ptxt>
</para>
<list1 enumtype="d" type="unordered">
<item>
<ptxt>
<phrase category="" id="KC09541882" phrase-urn="urn:x-nevis:phrase:0800c8af8271ca61">The supplementa#@#@#102#al #1</phrase>
</ptxt>
</item>
<item>
<ptxt>
<phrase category="" id="KC09541883" phrase-urn="urn:x-nevis:phrase:0800c8af8271ca62">The supplementa#@#@#103#l #3.</phrase>
</ptxt>
</item>
</list1>
<para>
<ptxt>
<phrase category="" id="KC09541884" phrase-urn="urn:x-nevis:phrase:0800c8af8271ca63">Remedy as necessary.</phrase>
</ptxt>
</para>
<para>
<ptxt>
<phrase category="" id="KC09541885" phrase-urn="urn:x-nevis:phrase:0800c8af8271ca65">Connect the spe#@#@#79#use: <toolitem id="KC09541886"/>.</phrase>
</ptxt>
</para>
<para>
<ptxt>
<phrase category="" id="KC09541887" phrase-urn="urn:x-nevis:phrase:0800c8af8271ca66">Check the SRS i#@#@#125#ite. </phrase>
</ptxt>
<ptxt>
<phrase category="" id="KC09541888" phrase-urn="urn:x-nevis:phrase:0800c8af8271ca67">Take readings b#@#@#68##32. </phrase>
</ptxt>
</para>
<para>
<ptxt>
<phrase category="" id="KC09541889" phrase-urn="urn:x-nevis:phrase:0800c8af8271ca68">Remedy as necessary.</phrase>
</ptxt>
</para>
<list1 enumtype="d" type="unordered">
<title>
<phrase category="" id="KC09541890" phrase-urn="urn:x-nevis:phrase:0800c8af8271ca69">Other information</phrase>
</title>
<item>
<ptxt>
<phrase category="" id="KC09541891" phrase-urn="urn:x-nevis:phrase:0800c8af8271ca6a">
<xref>
<ref id="KC09541892"/>
</xref>
</phrase>
</ptxt>
</item>
<item>
<ptxt>
<phrase category="" id="KC09541893" phrase-urn="urn:x-nevis:phrase:0800c8af8271ca6b">
<xref>
<ref id="KC09541894"/>
</xref>
</phrase>
</ptxt>
</item>
<item>
<ptxt>
<phrase category="" id="KC09541895" phrase-urn="urn:x-nevis:phrase:0800c8af8271ca6c">For further inf#@#@#61#agram</phrase>
</ptxt>
</item>
<item>
<ptxt>
<phrase category="" id="KC09541896" phrase-urn="urn:x-nevis:phrase:0800c8af8271ca6d">
<xref>
<ref id="KC09541897"/>
</xref>
</phrase>
</ptxt>
</item>
<item>
<ptxt>
<phrase category="" id="KC09541898" phrase-urn="urn:x-nevis:phrase:0800c8af8271ca6e">
<xref>
<ref id="KC09541899"/>
</xref>
</phrase>
</ptxt>
</item>
<item>
<ptxt>
<phrase category="" id="KC09541900" phrase-urn="urn:x-nevis:phrase:0800c8af8271ca6f">
<xref>
<ref id="KC09541901"/>
</xref>
</phrase>
</ptxt>
</item>
<item>
<ptxt>
<phrase category="" id="KC09541902" phrase-urn="urn:x-nevis:phrase:0800c8af8271ca70">
<xref>
<ref id="KC09541903"/>
</xref>
</phrase>
</ptxt>
</item>
</list1>
<diaglist>
<dgraphic>
<dgraphic1>
<graphic id="KC09541904">
<href>0900c8af80058d2#@#@#9#.jpeg</href>
</graphic>
</dgraphic1>
</dgraphic>
</diaglist>
</test2>
</test1>
<question>
Select "Contin#@#@#34#ed. 
</question>
<resact-grp>
<result button="cont" comp="button" highlight="0"/>
<action j2008use="1" paperuse="1" screenuse="1">
<ptxt>
<xref>
<ref id="KC09541906"/>
</xref>
</ptxt>
</action>
</resact-grp>
</node>
</testgrp>
<testgrp id="KC06259565" j2008use="1" paperuse="1" resumable="1" screenuse="1" testgrp-id="veri" x="120" y="280">
<title>
<phrase category="" id="KC09541907" phrase-urn="urn:x-nevis:phrase:0800c8af8271ca72">Verification</phrase>
</title>
<subcalloutnode>
<diagcallout>
<xref>
<ref id="KC09541908"/>
</xref>
</diagcallout>
<rescall-grp>
<result comp="string" highlight="0" op="eq" return="VERIFIED"/>
<calloutaction>
<return value="FAULT FOUND"/>
</calloutaction>
</rescall-grp>
<rescall-grp>
<result comp="string" highlight="0" op="eq" return="VERIFICATION FAILED"/>
<calloutaction>
<ptxt>
<xref>
<ref id="KC09541909"/>
</xref>
</ptxt>
</calloutaction>
</rescall-grp>
</subcalloutnode>
</testgrp>
<testgrp id="KC06259566" j2008use="1" paperuse="1" resumable="1" screenuse="1" testgrp-id="info1" x="280" y="120">
<title>
<phrase category="" id="KC09541910" phrase-urn="urn:x-nevis:phrase:0800c8af8271ca73">Fault-tracing i#@#@#5#ation</phrase>
</title>
<subcalloutnode>
<diagcallout>
<xref>
<ref id="KC09541911"/>
</xref>
</diagcallout>
<rescall-grp>
<result comp="string" highlight="0" op="eq" return="FAULTTRACING FAILED"/>
<calloutaction>
<return value="FAULT NOT FOUND"/>
</calloutaction>
</rescall-grp>
<rescall-grp>
<result comp="string" highlight="0" op="eq" return="NEW TRY"/>
<calloutaction>
<ptxt>
<xref>
<ref id="KC09541912"/>
</xref>
</ptxt>
</calloutaction>
</rescall-grp>
</subcalloutnode>
</testgrp>
</diagnostic>
</servinfosub>