<?xml version="1.0" encoding="UTF-8"?><servinfosub IE-ID="en-US0900c8af85075907" docno="VCC-259553" id="nev10861678n1" original="sv-SE" servinfosubId="nev20683714n1-nev20683714n2" servinfosubRes="0900c8af862b9689" servinfosubRes2="urn:x-nevis:fragment:0900c8af85075907:0900c8af862b9689#nev20683714n2" xml:lang="en-US">
<title id="nev10861678n2">E-Service A</title>
<table frame="all" id="nev20683714n1-nev10861686n1" pgwide="1">
<tgroup cols="13" colsep="1" id="nev20683714n1-nev10861686n2" rowsep="1">
<colspec colname="colspec1" colwidth="6.10*" id="nev20683714n1-nev10861686n3"/>
<colspec colname="colspec0" colwidth="26.36*" id="nev20683714n1-nev10861686n4"/>
<colspec colname="col2" colwidth="20.82*" id="nev20683714n1-nev10861686n5"/>
<colspec colname="col3" colwidth="4.66*" id="nev20683714n1-nev10861686n6"/>
<colspec colname="col4" colwidth="4.66*" id="nev20683714n1-nev10861686n7"/>
<colspec colname="col5" colwidth="4.66*" id="nev20683714n1-nev10861686n8"/>
<colspec colname="col6" colwidth="4.66*" id="nev20683714n1-nev10861686n9"/>
<colspec colname="col7" colwidth="4.66*" id="nev20683714n1-nev10861686n10"/>
<colspec colname="col8" colwidth="4.66*" id="nev20683714n1-nev10861686n11"/>
<colspec colname="col9" colwidth="4.67*" id="nev20683714n1-nev10861686n12"/>
<colspec colname="col10" colwidth="4.67*" id="nev20683714n1-nev10861686n13"/>
<colspec colname="col11" colwidth="4.67*" id="nev20683714n1-nev10861686n14"/>
<colspec colname="col12" colwidth="4.67*" id="nev20683714n1-nev10861686n15"/>
<tbody id="nev20683714n1-nev10861686n16">
<row id="nev20683714n1-nev10861686n17">
<entry colname="colspec1" id="nev20683714n1-nev10861686n18" rowsep="0" valign="bottom"/>
<entry align="left" colname="colspec0" colsep="1" id="nev20683714n1-nev10861686n19" rowsep="0" valign="bottom">
<ptxt id="nev20683714n1-nev10861686n20">
<emph id="nev20683714n1-nev10861686n21">Program point:</emph>
</ptxt>
</entry>
<entry align="right" id="nev20683714n1-nev10861686n22" rowsep="1" valign="middle">
<ptxt id="nev20683714n1-nev10861686n23">
<emph id="nev20683714n1-nev10861686n24">km x 1000:</emph>
</ptxt>
</entry>
<entry align="center" id="nev20683714n1-nev10861686n25" valign="middle">
<ptxt id="nev20683714n1-nev10861686n26">
<emph id="nev20683714n1-nev10861686n27">15</emph>
</ptxt>
</entry>
<entry align="center" id="nev20683714n1-nev10861686n28" valign="middle">
<ptxt id="nev20683714n1-nev10861686n29">
<emph id="nev20683714n1-nev10861686n30"> 30</emph>
</ptxt>
</entry>
<entry align="center" id="nev20683714n1-nev10861686n31" valign="middle">
<ptxt id="nev20683714n1-nev10861686n32">
<emph id="nev20683714n1-nev10861686n33">45</emph>
</ptxt>
</entry>
<entry align="center" id="nev20683714n1-nev10861686n34" valign="middle">
<ptxt id="nev20683714n1-nev10861686n35">
<emph id="nev20683714n1-nev10861686n36">60</emph>
</ptxt>
</entry>
<entry align="center" id="nev20683714n1-nev10861686n37" valign="middle">
<ptxt id="nev20683714n1-nev10861686n38">
<emph id="nev20683714n1-nev10861686n39"> 75</emph>
</ptxt>
</entry>
<entry align="center" id="nev20683714n1-nev10861686n40" valign="middle">
<ptxt id="nev20683714n1-nev10861686n41">
<emph id="nev20683714n1-nev10861686n42">90</emph>
</ptxt>
</entry>
<entry align="center" id="nev20683714n1-nev10861686n43" valign="middle">
<ptxt id="nev20683714n1-nev10861686n44">
<emph id="nev20683714n1-nev10861686n45">105</emph>
</ptxt>
</entry>
<entry align="center" id="nev20683714n1-nev10861686n46" valign="middle">
<ptxt id="nev20683714n1-nev10861686n47">
<emph id="nev20683714n1-nev10861686n48"> 120</emph>
</ptxt>
</entry>
<entry align="center" id="nev20683714n1-nev10861686n49" valign="middle">
<ptxt id="nev20683714n1-nev10861686n50">
<emph id="nev20683714n1-nev10861686n51">135</emph>
</ptxt>
</entry>
<entry align="center" id="nev20683714n1-nev10861686n52" valign="middle">
<ptxt id="nev20683714n1-nev10861686n53">
<emph id="nev20683714n1-nev10861686n54">150</emph>
</ptxt>
</entry>
</row>
<row id="nev20683714n1-nev10861686n55">
<entry colname="colspec1" id="nev20683714n1-nev10861686n56">
<ptxt id="nev20683714n1-nev10861686n57">
<emph id="nev20683714n1-nev10861686n58"> Op no.</emph>
</ptxt>
</entry>
<entry align="left" colname="colspec0" colsep="1" id="nev20683714n1-nev10861686n59">
<ptxt id="nev20683714n1-nev12520122n250">
<emph id="nev20683714n1-nev12520122n249">S40/V40</emph>
</ptxt>
<ptxt id="nev20683714n1-nev10861686n61">
<emph id="nev20683714n1-nev12520122n248">D4192T2, D4192T#@#@#5#192T4</emph>
</ptxt>
</entry>
<entry align="right" id="nev20683714n1-nev10861686n62" valign="middle">
<ptxt id="nev20683714n1-nev10861686n63">
<emph id="nev20683714n1-nev10861686n64">miles x 1000:</emph>
</ptxt>
</entry>
<entry align="center" id="nev20683714n1-nev10861686n65" valign="middle">
<ptxt id="nev20683714n1-nev10861686n66">
<emph id="nev20683714n1-nev10861686n67"> 10</emph>
</ptxt>
</entry>
<entry align="center" id="nev20683714n1-nev10861686n68" valign="middle">
<ptxt id="nev20683714n1-nev10861686n69">
<emph id="nev20683714n1-nev10861686n70">20</emph>
</ptxt>
</entry>
<entry align="center" id="nev20683714n1-nev10861686n71" valign="middle">
<ptxt id="nev20683714n1-nev10861686n72">
<emph id="nev20683714n1-nev10861686n73">30</emph>
</ptxt>
</entry>
<entry align="center" id="nev20683714n1-nev10861686n74" valign="middle">
<ptxt id="nev20683714n1-nev10861686n75">
<emph id="nev20683714n1-nev10861686n76"> 40</emph>
</ptxt>
</entry>
<entry align="center" id="nev20683714n1-nev10861686n77" valign="middle">
<ptxt id="nev20683714n1-nev10861686n78">
<emph id="nev20683714n1-nev10861686n79">50</emph>
</ptxt>
</entry>
<entry align="center" id="nev20683714n1-nev10861686n80" valign="middle">
<ptxt id="nev20683714n1-nev10861686n81">
<emph id="nev20683714n1-nev10861686n82">60</emph>
</ptxt>
</entry>
<entry align="center" id="nev20683714n1-nev10861686n83" valign="middle">
<ptxt id="nev20683714n1-nev10861686n84">
<emph id="nev20683714n1-nev10861686n85"> 70</emph>
</ptxt>
</entry>
<entry align="center" id="nev20683714n1-nev10861686n86" valign="middle">
<ptxt id="nev20683714n1-nev10861686n87">
<emph id="nev20683714n1-nev10861686n88">80</emph>
</ptxt>
</entry>
<entry align="center" id="nev20683714n1-nev10861686n89" valign="middle">
<ptxt id="nev20683714n1-nev10861686n90">
<emph id="nev20683714n1-nev10861686n91">90</emph>
</ptxt>
</entry>
<entry align="center" id="nev20683714n1-nev10861686n92" valign="middle">
<ptxt id="nev20683714n1-nev10861686n93">
<emph id="nev20683714n1-nev10861686n94"> 100</emph>
</ptxt>
</entry>
</row>
<row id="nev20683714n1-nev11121371n250">
<entry id="nev20683714n1-nev11121371n249" rowsep="0">
<ptxt id="nev20683714n1-nev11121371n248">
<emph id="nev20683714n1-nev11121371n195">17001</emph>
</ptxt>
</entry>
<entry id="nev20683714n1-nev11121371n247" valign="middle">
<ptxt id="nev20683714n1-nev11121371n246">
<emph id="nev20683714n1-nev11121371n196">E-Service</emph>
</ptxt>
</entry>
<entry id="nev20683714n1-nev11121371n245" valign="middle"/>
<entry align="center" id="nev20683714n1-nev11121371n243" valign="middle"/>
<entry align="center" id="nev20683714n1-nev11121371n241" valign="middle"/>
<entry align="center" id="nev20683714n1-nev11121371n239" valign="middle"/>
<entry align="center" id="nev20683714n1-nev11121371n237" valign="middle"/>
<entry align="center" id="nev20683714n1-nev11121371n235" valign="middle"/>
<entry align="center" id="nev20683714n1-nev11121371n233" valign="middle"/>
<entry align="center" id="nev20683714n1-nev11121371n231" valign="middle"/>
<entry align="center" id="nev20683714n1-nev11121371n229" valign="middle"/>
<entry align="center" id="nev20683714n1-nev11121371n227" valign="middle"/>
<entry align="center" id="nev20683714n1-nev11121371n225" valign="middle"/>
</row>
<row id="nev20683714n1-nev10861686n95">
<entry colname="colspec1" id="nev20683714n1-nev10861686n96" rowsep="0"/>
<entry colname="colspec0" colsep="1" id="nev20683714n1-nev10861686n99" valign="middle">
<ptxt id="nev20683714n1-nev10861686n100">
<emph id="nev20683714n1-nev10861686n101">Engine</emph>
</ptxt>
<ptxt id="nev20683714n1-nev10861686n102">-check for leaks</ptxt>
</entry>
<entry colname="col2" id="nev20683714n1-nev10861686n103" valign="middle"/>
<entry align="center" colname="col3" id="nev20683714n1-nev10861686n104" valign="middle">
<ptxt id="nev20683714n1-nev10861686n105"> X</ptxt>
</entry>
<entry align="center" colname="col4" id="nev20683714n1-nev10861686n106" valign="middle">
<ptxt id="nev20683714n1-nev10861686n107"> X</ptxt>
</entry>
<entry align="center" colname="col5" id="nev20683714n1-nev10861686n108" valign="middle">
<ptxt id="nev20683714n1-nev10861686n109"> X</ptxt>
</entry>
<entry align="center" colname="col6" id="nev20683714n1-nev10861686n110" valign="middle">
<ptxt id="nev20683714n1-nev10861686n111"> X</ptxt>
</entry>
<entry align="center" colname="col7" id="nev20683714n1-nev10861686n112" valign="middle">
<ptxt id="nev20683714n1-nev10861686n113"> X</ptxt>
</entry>
<entry align="center" colname="col8" id="nev20683714n1-nev10861686n114" valign="middle">
<ptxt id="nev20683714n1-nev10861686n115"> X</ptxt>
</entry>
<entry align="center" colname="col9" id="nev20683714n1-nev10861686n116" valign="middle">
<ptxt id="nev20683714n1-nev10861686n117"> X</ptxt>
</entry>
<entry align="center" colname="col10" id="nev20683714n1-nev10861686n118" valign="middle">
<ptxt id="nev20683714n1-nev10861686n119"> X</ptxt>
</entry>
<entry align="center" colname="col11" id="nev20683714n1-nev10861686n120" valign="middle">
<ptxt id="nev20683714n1-nev10861686n121"> X</ptxt>
</entry>
<entry align="center" colname="col12" id="nev20683714n1-nev10861686n122" valign="middle">
<ptxt id="nev20683714n1-nev10861686n123"> X</ptxt>
</entry>
</row>
<row id="nev20683714n1-nev10861686n124">
<entry colname="colspec1" id="nev20683714n1-nev10861686n125" rowsep="0"/>
<entry colname="colspec0" colsep="1" id="nev20683714n1-nev10861686n126" valign="middle">
<ptxt id="nev20683714n1-nev10861686n127">
<emph id="nev20683714n1-nev10861686n128">Engine</emph>
</ptxt>
<ptxt id="nev20683714n1-nev10861686n129">-drain the oil #@#@#21#ilter</ptxt>
</entry>
<entry colname="col2" id="nev20683714n1-nev10861686n130" valign="middle"/>
<entry align="center" colname="col3" id="nev20683714n1-nev10861686n131" valign="middle">
<ptxt id="nev20683714n1-nev10861686n132">X</ptxt>
</entry>
<entry align="center" colname="col4" id="nev20683714n1-nev10861686n133" valign="middle">
<ptxt id="nev20683714n1-nev10861686n134">X</ptxt>
</entry>
<entry align="center" colname="col5" id="nev20683714n1-nev10861686n135" valign="middle">
<ptxt id="nev20683714n1-nev10861686n136">X</ptxt>
</entry>
<entry align="center" colname="col6" id="nev20683714n1-nev10861686n137" valign="middle">
<ptxt id="nev20683714n1-nev10861686n138">X</ptxt>
</entry>
<entry align="center" colname="col7" id="nev20683714n1-nev10861686n139" valign="middle">
<ptxt id="nev20683714n1-nev10861686n140">X</ptxt>
</entry>
<entry align="center" colname="col8" id="nev20683714n1-nev10861686n141" valign="middle">
<ptxt id="nev20683714n1-nev10861686n142">X</ptxt>
</entry>
<entry align="center" colname="col9" id="nev20683714n1-nev10861686n143" valign="middle">
<ptxt id="nev20683714n1-nev10861686n144">X</ptxt>
</entry>
<entry align="center" colname="col10" id="nev20683714n1-nev10861686n145" valign="middle">
<ptxt id="nev20683714n1-nev10861686n146">X</ptxt>
</entry>
<entry align="center" colname="col11" id="nev20683714n1-nev10861686n147" valign="middle">
<ptxt id="nev20683714n1-nev10861686n148">X</ptxt>
</entry>
<entry align="center" colname="col12" id="nev20683714n1-nev10861686n149" valign="middle">
<ptxt id="nev20683714n1-nev10861686n150">X</ptxt>
</entry>
</row>
<row id="nev20683714n1-nev10861686n151">
<entry colname="colspec1" id="nev20683714n1-nev10861686n152" rowsep="0"/>
<entry colname="colspec0" colsep="1" id="nev20683714n1-nev10861686n153" valign="middle">
<ptxt id="nev20683714n1-nev10861686n154">
<emph id="nev20683714n1-nev10861686n155">Transmission</emph>
</ptxt>
<ptxt id="nev20683714n1-nev10861686n156">-check for leaks</ptxt>
</entry>
<entry colname="col2" id="nev20683714n1-nev10861686n157" valign="middle">
<ptxt id="nev20683714n1-nev10861686n158">In event of lea#@#@#43#evel.</ptxt>
</entry>
<entry align="center" colname="col3" id="nev20683714n1-nev10861686n159" valign="middle">
<ptxt id="nev20683714n1-nev10861686n160">X</ptxt>
</entry>
<entry align="center" colname="col4" id="nev20683714n1-nev10861686n161" valign="middle">
<ptxt id="nev20683714n1-nev10861686n162">X</ptxt>
</entry>
<entry align="center" colname="col5" id="nev20683714n1-nev10861686n163" valign="middle">
<ptxt id="nev20683714n1-nev10861686n164">X</ptxt>
</entry>
<entry align="center" colname="col6" id="nev20683714n1-nev10861686n165" valign="middle">
<ptxt id="nev20683714n1-nev10861686n166">X</ptxt>
</entry>
<entry align="center" colname="col7" id="nev20683714n1-nev10861686n167" valign="middle">
<ptxt id="nev20683714n1-nev10861686n168">X</ptxt>
</entry>
<entry align="center" colname="col8" id="nev20683714n1-nev10861686n169" valign="middle">
<ptxt id="nev20683714n1-nev10861686n170">X</ptxt>
</entry>
<entry align="center" colname="col9" id="nev20683714n1-nev10861686n171" valign="middle">
<ptxt id="nev20683714n1-nev10861686n172">X</ptxt>
</entry>
<entry align="center" colname="col10" id="nev20683714n1-nev10861686n173" valign="middle">
<ptxt id="nev20683714n1-nev10861686n174">X</ptxt>
</entry>
<entry align="center" colname="col11" id="nev20683714n1-nev10861686n175" valign="middle">
<ptxt id="nev20683714n1-nev10861686n176">X</ptxt>
</entry>
<entry align="center" colname="col12" id="nev20683714n1-nev10861686n177" valign="middle">
<ptxt id="nev20683714n1-nev10861686n178">X</ptxt>
</entry>
</row>
<row id="nev20683714n1-nev10861686n179">
<entry colname="colspec1" id="nev20683714n1-nev10861686n180" rowsep="0"/>
<entry colname="colspec0" colsep="1" id="nev20683714n1-nev10861686n181" valign="middle">
<ptxt id="nev20683714n1-nev10861686n182">
<emph id="nev20683714n1-nev10861686n183">Front wheel sus#@#@#19#ystem</emph>
</ptxt>
<ptxt id="nev20683714n1-nev10861686n184">-check for sign#@#@#4# wear</ptxt>
</entry>
<entry colname="col2" id="nev20683714n1-nev10861686n185" valign="middle"/>
<entry align="center" colname="col3" id="nev20683714n1-nev10861686n186" valign="middle">
<ptxt id="nev20683714n1-nev10861686n187">X</ptxt>
</entry>
<entry align="center" colname="col4" id="nev20683714n1-nev10861686n188" valign="middle">
<ptxt id="nev20683714n1-nev10861686n189">X</ptxt>
</entry>
<entry align="center" colname="col5" id="nev20683714n1-nev10861686n190" valign="middle">
<ptxt id="nev20683714n1-nev10861686n191">X</ptxt>
</entry>
<entry align="center" colname="col6" id="nev20683714n1-nev10861686n192" valign="middle">
<ptxt id="nev20683714n1-nev10861686n193">X</ptxt>
</entry>
<entry align="center" colname="col7" id="nev20683714n1-nev10861686n194" valign="middle">
<ptxt id="nev20683714n1-nev10861686n195">X</ptxt>
</entry>
<entry align="center" colname="col8" id="nev20683714n1-nev10861686n196" valign="middle">
<ptxt id="nev20683714n1-nev10861686n197">X</ptxt>
</entry>
<entry align="center" colname="col9" id="nev20683714n1-nev10861686n198" valign="middle">
<ptxt id="nev20683714n1-nev10861686n199">X</ptxt>
</entry>
<entry align="center" colname="col10" id="nev20683714n1-nev10861686n200" valign="middle">
<ptxt id="nev20683714n1-nev10861686n201">X</ptxt>
</entry>
<entry align="center" colname="col11" id="nev20683714n1-nev10861686n202" valign="middle">
<ptxt id="nev20683714n1-nev10861686n203">X</ptxt>
</entry>
<entry align="center" colname="col12" id="nev20683714n1-nev10861686n204" valign="middle">
<ptxt id="nev20683714n1-nev10861686n205">X</ptxt>
</entry>
</row>
<row id="nev20683714n1-nev10861686n206">
<entry colname="colspec1" id="nev20683714n1-nev10861686n207" rowsep="0"/>
<entry colname="colspec0" colsep="1" id="nev20683714n1-nev10861686n208" valign="middle">
<ptxt id="nev20683714n1-nev10861686n209">
<emph id="nev20683714n1-nev10861686n210">Drive shafts</emph>
</ptxt>
<ptxt id="nev20683714n1-nev10861686n211">-check the play</ptxt>
<ptxt id="nev20683714n1-nev10861686n212">-check rubber boots</ptxt>
</entry>
<entry colname="col2" id="nev20683714n1-nev10861686n213" valign="middle"/>
<entry align="center" colname="col3" id="nev20683714n1-nev10861686n214" valign="middle">
<ptxt id="nev20683714n1-nev10861686n215">X</ptxt>
</entry>
<entry align="center" colname="col4" id="nev20683714n1-nev10861686n216" valign="middle">
<ptxt id="nev20683714n1-nev10861686n217">X</ptxt>
</entry>
<entry align="center" colname="col5" id="nev20683714n1-nev10861686n218" valign="middle">
<ptxt id="nev20683714n1-nev10861686n219">X</ptxt>
</entry>
<entry align="center" colname="col6" id="nev20683714n1-nev10861686n220" valign="middle">
<ptxt id="nev20683714n1-nev10861686n221">X</ptxt>
</entry>
<entry align="center" colname="col7" id="nev20683714n1-nev10861686n222" valign="middle">
<ptxt id="nev20683714n1-nev10861686n223">X</ptxt>
</entry>
<entry align="center" colname="col8" id="nev20683714n1-nev10861686n224" valign="middle">
<ptxt id="nev20683714n1-nev10861686n225">X</ptxt>
</entry>
<entry align="center" colname="col9" id="nev20683714n1-nev10861686n226" valign="middle">
<ptxt id="nev20683714n1-nev10861686n227">X</ptxt>
</entry>
<entry align="center" colname="col10" id="nev20683714n1-nev10861686n228" valign="middle">
<ptxt id="nev20683714n1-nev10861686n229">X</ptxt>
</entry>
<entry align="center" colname="col11" id="nev20683714n1-nev10861686n230" valign="middle">
<ptxt id="nev20683714n1-nev10861686n231">X</ptxt>
</entry>
<entry align="center" colname="col12" id="nev20683714n1-nev10861686n232" valign="middle">
<ptxt id="nev20683714n1-nev10861686n233">X</ptxt>
</entry>
</row>
<row id="nev20683714n1-nev10861686n234">
<entry colname="colspec1" id="nev20683714n1-nev10861686n235" rowsep="0"/>
<entry colname="colspec0" colsep="1" id="nev20683714n1-nev10861686n236" valign="middle">
<ptxt id="nev20683714n1-nev10861686n237">
<emph id="nev20683714n1-nev10861686n238">Brake lines,</emph>
</ptxt>
<ptxt id="nev20683714n1-nev10861686n239">
<emph id="nev20683714n1-nev10861686n240">fuel lines</emph>
</ptxt>
<ptxt id="nev20683714n1-nev10861686n241">
<emph id="nev20683714n1-nev10861686n242">fuel filter</emph>
</ptxt>
<ptxt id="nev20683714n1-nev10861686n243">-check for leak#@#@#9#amage</ptxt>
</entry>
<entry colname="col2" id="nev20683714n1-nev10861686n244" valign="middle"/>
<entry align="center" colname="col3" id="nev20683714n1-nev10861686n245" valign="middle">
<ptxt id="nev20683714n1-nev10861686n246">X</ptxt>
</entry>
<entry align="center" colname="col4" id="nev20683714n1-nev10861686n247" valign="middle">
<ptxt id="nev20683714n1-nev10861686n248">X</ptxt>
</entry>
<entry align="center" colname="col5" id="nev20683714n1-nev10861686n249" valign="middle">
<ptxt id="nev20683714n1-nev10861686n250">X</ptxt>
</entry>
<entry align="center" colname="col6" id="nev20683714n1-nev10861692n1" valign="middle">
<ptxt id="nev20683714n1-nev10861692n2">X</ptxt>
</entry>
<entry align="center" colname="col7" id="nev20683714n1-nev10861692n3" valign="middle">
<ptxt id="nev20683714n1-nev10861692n4">X</ptxt>
</entry>
<entry align="center" colname="col8" id="nev20683714n1-nev10861692n5" valign="middle">
<ptxt id="nev20683714n1-nev10861692n6">X</ptxt>
</entry>
<entry align="center" colname="col9" id="nev20683714n1-nev10861692n7" valign="middle">
<ptxt id="nev20683714n1-nev10861692n8">X</ptxt>
</entry>
<entry align="center" colname="col10" id="nev20683714n1-nev10861692n9" valign="middle">
<ptxt id="nev20683714n1-nev10861692n10">X</ptxt>
</entry>
<entry align="center" colname="col11" id="nev20683714n1-nev10861692n11" valign="middle">
<ptxt id="nev20683714n1-nev10861692n12">X</ptxt>
</entry>
<entry align="center" colname="col12" id="nev20683714n1-nev10861692n13" valign="middle">
<ptxt id="nev20683714n1-nev10861692n14">X</ptxt>
</entry>
</row>
<row id="nev20683714n1-nev10861692n15">
<entry colname="colspec1" id="nev20683714n1-nev10861692n16" rowsep="0"/>
<entry colname="colspec0" colsep="1" id="nev20683714n1-nev10861692n17" valign="middle">
<ptxt id="nev20683714n1-nev10861692n18">
<emph id="nev20683714n1-nev10861692n19">Brake pads,</emph>
</ptxt>
<ptxt id="nev20683714n1-nev10861692n20">
<emph id="nev20683714n1-nev10861692n21">brake discs</emph>
</ptxt>
<ptxt id="nev20683714n1-nev10861692n22">-check</ptxt>
</entry>
<entry colname="col2" id="nev20683714n1-nev10861692n23" valign="middle">
<ptxt id="nev20683714n1-nev10861692n24">Minimum brake p#@#@#8#ness:</ptxt>
<ptxt id="nev20683714n1-nev10861692n25">Front<dotfill id="nev20683714n1-nev16065132n250"/>3mm/0.12”;</ptxt>
<ptxt id="nev20683714n1-nev10861692n26"> Rear<dotfill id="nev20683714n1-nev16065132n249"/>2mm/0.08”;</ptxt>
</entry>
<entry align="center" colname="col3" id="nev20683714n1-nev10861692n27" valign="middle">
<ptxt id="nev20683714n1-nev10861692n28">X</ptxt>
</entry>
<entry align="center" colname="col4" id="nev20683714n1-nev10861692n29" valign="middle">
<ptxt id="nev20683714n1-nev10861692n30">X</ptxt>
</entry>
<entry align="center" colname="col5" id="nev20683714n1-nev10861692n31" valign="middle">
<ptxt id="nev20683714n1-nev10861692n32">X</ptxt>
</entry>
<entry align="center" colname="col6" id="nev20683714n1-nev10861692n33" valign="middle">
<ptxt id="nev20683714n1-nev10861692n34">X</ptxt>
</entry>
<entry align="center" colname="col7" id="nev20683714n1-nev10861692n35" valign="middle">
<ptxt id="nev20683714n1-nev10861692n36">X</ptxt>
</entry>
<entry align="center" colname="col8" id="nev20683714n1-nev10861692n37" valign="middle">
<ptxt id="nev20683714n1-nev10861692n38">X</ptxt>
</entry>
<entry align="center" colname="col9" id="nev20683714n1-nev10861692n39" valign="middle">
<ptxt id="nev20683714n1-nev10861692n40">X</ptxt>
</entry>
<entry align="center" colname="col10" id="nev20683714n1-nev10861692n41" valign="middle">
<ptxt id="nev20683714n1-nev10861692n42">X</ptxt>
</entry>
<entry align="center" colname="col11" id="nev20683714n1-nev10861692n43" valign="middle">
<ptxt id="nev20683714n1-nev10861692n44">X</ptxt>
</entry>
<entry align="center" colname="col12" id="nev20683714n1-nev10861692n45" valign="middle">
<ptxt id="nev20683714n1-nev10861692n46">X</ptxt>
</entry>
</row>
<row id="nev20683714n1-nev10861692n47">
<entry colname="colspec1" id="nev20683714n1-nev10861692n48" rowsep="0"/>
<entry colname="colspec0" colsep="1" id="nev20683714n1-nev10861692n49" valign="middle">
<ptxt id="nev20683714n1-nev10861692n50">
<emph id="nev20683714n1-nev10861692n51">Parking brake</emph>
</ptxt>
<ptxt id="nev20683714n1-nev10861692n52">-check and adjust</ptxt>
</entry>
<entry colname="col2" id="nev20683714n1-nev10861692n53" valign="middle"/>
<entry align="center" colname="col3" colsep="1" id="nev20683714n1-nev10861692n54" rowsep="1" valign="middle">
<ptxt id="nev20683714n1-nev10861692n55">X</ptxt>
</entry>
<entry align="center" colname="col4" colsep="1" id="nev20683714n1-nev10861692n56" rowsep="1" valign="middle">
<ptxt id="nev20683714n1-nev10861692n57">X</ptxt>
</entry>
<entry align="center" colname="col5" colsep="1" id="nev20683714n1-nev10861692n58" rowsep="1" valign="middle">
<ptxt id="nev20683714n1-nev10861692n59"> X</ptxt>
</entry>
<entry align="center" colname="col6" colsep="1" id="nev20683714n1-nev10861692n60" rowsep="1" valign="middle">
<ptxt id="nev20683714n1-nev10861692n61">X</ptxt>
</entry>
<entry align="center" colname="col7" colsep="1" id="nev20683714n1-nev10861692n62" rowsep="1" valign="middle">
<ptxt id="nev20683714n1-nev10861692n63">X</ptxt>
</entry>
<entry align="center" colname="col8" colsep="1" id="nev20683714n1-nev10861692n64" rowsep="1" valign="middle">
<ptxt id="nev20683714n1-nev10861692n65">X</ptxt>
</entry>
<entry align="center" colname="col9" colsep="1" id="nev20683714n1-nev10861692n66" rowsep="1" valign="middle">
<ptxt id="nev20683714n1-nev10861692n67"> X</ptxt>
</entry>
<entry align="center" colname="col10" colsep="1" id="nev20683714n1-nev10861692n68" rowsep="1" valign="middle">
<ptxt id="nev20683714n1-nev10861692n69">X</ptxt>
</entry>
<entry align="center" colname="col11" colsep="1" id="nev20683714n1-nev10861692n70" rowsep="1" valign="middle">
<ptxt id="nev20683714n1-nev10861692n71">X</ptxt>
</entry>
<entry align="center" colname="col12" colsep="1" id="nev20683714n1-nev10861692n72" rowsep="1" valign="middle">
<ptxt id="nev20683714n1-nev10861692n73">X</ptxt>
</entry>
</row>
<row id="nev20683714n1-nev10861692n74">
<entry colname="colspec1" id="nev20683714n1-nev10861692n75" rowsep="0"/>
<entry colname="colspec0" id="nev20683714n1-nev10861692n76" valign="middle">
<ptxt id="nev20683714n1-nev10861692n77">
<emph id="nev20683714n1-nev10861692n78">Fuel filter</emph>
</ptxt>
<ptxt id="nev20683714n1-nev10861692n79">-drain off the #@#@#7#ation</ptxt>
</entry>
<entry colname="col2" id="nev20683714n1-nev10861692n80" valign="middle"/>
<entry align="center" colname="col3" id="nev20683714n1-nev10861692n81" valign="middle">
<ptxt id="nev20683714n1-nev10861692n82">X</ptxt>
</entry>
<entry align="center" colname="col4" id="nev20683714n1-nev10861692n83" valign="middle">
<ptxt id="nev20683714n1-nev10861692n84">X</ptxt>
</entry>
<entry align="center" colname="col5" id="nev20683714n1-nev10861692n85" valign="middle">
<ptxt id="nev20683714n1-nev10861692n86">X</ptxt>
</entry>
<entry align="center" colname="col6" id="nev20683714n1-nev10861692n87" valign="middle">
<ptxt id="nev20683714n1-nev10861692n88">X</ptxt>
</entry>
<entry align="center" colname="col7" id="nev20683714n1-nev10861692n89" valign="middle">
<ptxt id="nev20683714n1-nev10861692n90">X</ptxt>
</entry>
<entry align="center" colname="col8" id="nev20683714n1-nev10861692n91" valign="middle">
<ptxt id="nev20683714n1-nev10861692n92">X</ptxt>
</entry>
<entry align="center" colname="col9" id="nev20683714n1-nev10861692n93" valign="middle">
<ptxt id="nev20683714n1-nev10861692n94">X</ptxt>
</entry>
<entry align="center" colname="col10" id="nev20683714n1-nev10861692n95" valign="middle">
<ptxt id="nev20683714n1-nev10861692n96">X</ptxt>
</entry>
<entry align="center" colname="col11" id="nev20683714n1-nev10861692n97" valign="middle">
<ptxt id="nev20683714n1-nev10861692n98">X</ptxt>
</entry>
<entry align="center" colname="col12" id="nev20683714n1-nev10861692n99" valign="middle">
<ptxt id="nev20683714n1-nev10861692n100">X</ptxt>
</entry>
</row>
<row id="nev20683714n1-nev11121371n165">
<entry id="nev20683714n1-nev11121371n164" rowsep="0"/>
<entry id="nev20683714n1-nev11121371n162" valign="middle">
<ptxt id="nev20683714n1-nev11121371n161">
<emph id="nev20683714n1-nev11121371n138">SRI</emph>
</ptxt>
<ptxt id="nev20683714n1-nev11121371n137">- set the servi#@#@#30# zero</ptxt>
</entry>
<entry id="nev20683714n1-nev11121371n160" valign="middle"/>
<entry align="center" id="nev20683714n1-nev11121371n158" valign="middle">
<ptxt id="nev20683714n1-nev11121371n124">X</ptxt>
</entry>
<entry align="center" id="nev20683714n1-nev11121371n156" valign="middle">
<ptxt id="nev20683714n1-nev11121371n123">X</ptxt>
</entry>
<entry align="center" id="nev20683714n1-nev11121371n154" valign="middle">
<ptxt id="nev20683714n1-nev11121371n122">X</ptxt>
</entry>
<entry align="center" id="nev20683714n1-nev11121371n152" valign="middle">
<ptxt id="nev20683714n1-nev11121371n121">X</ptxt>
</entry>
<entry align="center" id="nev20683714n1-nev11121371n150" valign="middle">
<ptxt id="nev20683714n1-nev11121371n120">X</ptxt>
</entry>
<entry align="center" id="nev20683714n1-nev11121371n148" valign="middle">
<ptxt id="nev20683714n1-nev11121371n119">X</ptxt>
</entry>
<entry align="center" id="nev20683714n1-nev11121371n146" valign="middle">
<ptxt id="nev20683714n1-nev11121371n118">X</ptxt>
</entry>
<entry align="center" id="nev20683714n1-nev11121371n144" valign="middle">
<ptxt id="nev20683714n1-nev11121371n117">X</ptxt>
</entry>
<entry align="center" id="nev20683714n1-nev11121371n142" valign="middle">
<ptxt id="nev20683714n1-nev11121371n116">X</ptxt>
</entry>
<entry align="center" id="nev20683714n1-nev11121371n140" valign="middle">
<ptxt id="nev20683714n1-nev11121371n115">X</ptxt>
</entry>
</row>
<row id="nev20683714n1-nev10861692n101">
<entry colname="colspec1" id="nev20683714n1-nev10861692n102" rowsep="0"/>
<entry colname="colspec0" colsep="1" id="nev20683714n1-nev10861692n103" valign="middle">
<ptxt id="nev20683714n1-nev10861692n104">
<emph id="nev20683714n1-nev10861692n105">Detachable tow bar</emph>
</ptxt>
<ptxt id="nev20683714n1-nev10861692n106">-lubricate</ptxt>
</entry>
<entry colname="col2" id="nev20683714n1-nev10861692n107" valign="middle"/>
<entry align="center" colname="col3" id="nev20683714n1-nev10861692n108" valign="middle">
<ptxt id="nev20683714n1-nev10861692n109"> X</ptxt>
</entry>
<entry align="center" colname="col4" id="nev20683714n1-nev10861692n110" valign="middle">
<ptxt id="nev20683714n1-nev10861692n111"> X</ptxt>
</entry>
<entry align="center" colname="col5" id="nev20683714n1-nev10861692n112" valign="middle">
<ptxt id="nev20683714n1-nev10861692n113"> X</ptxt>
</entry>
<entry align="center" colname="col6" id="nev20683714n1-nev10861692n114" valign="middle">
<ptxt id="nev20683714n1-nev10861692n115"> X</ptxt>
</entry>
<entry align="center" colname="col7" id="nev20683714n1-nev10861692n116" valign="middle">
<ptxt id="nev20683714n1-nev10861692n117"> X</ptxt>
</entry>
<entry align="center" colname="col8" id="nev20683714n1-nev10861692n118" valign="middle">
<ptxt id="nev20683714n1-nev10861692n119"> X</ptxt>
</entry>
<entry align="center" colname="col9" id="nev20683714n1-nev10861692n120" valign="middle">
<ptxt id="nev20683714n1-nev10861692n121"> X</ptxt>
</entry>
<entry align="center" colname="col10" id="nev20683714n1-nev10861692n122" valign="middle">
<ptxt id="nev20683714n1-nev10861692n123"> X</ptxt>
</entry>
<entry align="center" colname="col11" id="nev20683714n1-nev10861692n124" valign="middle">
<ptxt id="nev20683714n1-nev10861692n125"> X</ptxt>
</entry>
<entry align="center" colname="col12" id="nev20683714n1-nev10861692n126" valign="middle">
<ptxt id="nev20683714n1-nev10861692n127"> X</ptxt>
</entry>
</row>
<row id="nev20683714n1-nev10861692n156">
<entry colname="colspec1" colsep="1" id="nev20683714n1-nev10861692n157" rowsep="1">
<ptxt id="nev20683714n1-nev10861703n68">
<emph id="nev20683714n1-nev10861703n69">Op no.</emph>
</ptxt>
</entry>
<entry colname="colspec0" colsep="0" id="nev20683714n1-nev10861692n158" rowsep="1">
<ptxt id="nev20683714n1-nev10861692n159">
<emph id="nev20683714n1-nev10861692n160">Option</emph>
</ptxt>
</entry>
<entry colname="col2" colsep="0" id="nev20683714n1-nev10861692n161" valign="middle"/>
<entry align="center" colname="col3" colsep="0" id="nev20683714n1-nev10861692n162" valign="middle"/>
<entry align="center" colname="col4" colsep="0" id="nev20683714n1-nev10861692n163" valign="middle"/>
<entry align="center" colname="col5" colsep="0" id="nev20683714n1-nev10861692n164" valign="middle"/>
<entry align="center" colname="col6" colsep="0" id="nev20683714n1-nev10861692n165" valign="middle"/>
<entry align="center" colname="col7" colsep="0" id="nev20683714n1-nev10861692n166" valign="middle"/>
<entry align="center" colname="col8" colsep="0" id="nev20683714n1-nev10861692n167" valign="middle"/>
<entry align="center" colname="col9" colsep="0" id="nev20683714n1-nev10861692n168" valign="middle"/>
<entry align="center" colname="col10" colsep="0" id="nev20683714n1-nev10861692n169" valign="middle"/>
<entry align="center" colname="col11" colsep="0" id="nev20683714n1-nev10861692n170" valign="middle"/>
<entry align="center" colname="col12" colsep="0" id="nev20683714n1-nev10861692n171" valign="middle"/>
</row>
<row id="nev20683714n1-nev11121371n104">
<entry id="nev20683714n1-nev11121371n103" rowsep="0">
<ptxt id="nev20683714n1-nev11121371n102">
<emph id="nev20683714n1-nev11121371n48">17002</emph>
</ptxt>
</entry>
<entry id="nev20683714n1-nev11121371n101" valign="middle">
<ptxt id="nev20683714n1-nev11121371n100">
<emph id="nev20683714n1-nev11121371n49">Battery status #@#@#31#sting</emph>
</ptxt>
</entry>
<entry id="nev20683714n1-nev11121371n99" valign="middle"/>
<entry align="center" id="nev20683714n1-nev11121371n97" valign="middle"/>
<entry align="center" id="nev20683714n1-nev11121371n95" valign="middle"/>
<entry align="center" id="nev20683714n1-nev11121371n93" valign="middle"/>
<entry align="center" id="nev20683714n1-nev11121371n91" valign="middle"/>
<entry align="center" id="nev20683714n1-nev11121371n89" valign="middle"/>
<entry align="center" id="nev20683714n1-nev11121371n87" valign="middle"/>
<entry align="center" id="nev20683714n1-nev11121371n85" valign="middle"/>
<entry align="center" id="nev20683714n1-nev11121371n83" valign="middle"/>
<entry align="center" id="nev20683714n1-nev11121371n81" valign="middle"/>
<entry align="center" id="nev20683714n1-nev11121371n79" valign="middle"/>
</row>
<row id="nev20683714n1-nev10861692n172">
<entry colname="colspec1" id="nev20683714n1-nev10861692n173" rowsep="0"/>
<entry colname="colspec0" colsep="1" id="nev20683714n1-nev10861692n174" valign="middle">
<ptxt id="nev20683714n1-nev10861692n175">
<emph id="nev20683714n1-nev10861692n176">Fluid levels -</emph>
</ptxt>
<ptxt id="nev20683714n1-nev10861692n177">
<emph id="nev20683714n1-nev10861692n178">engine compartment</emph>
</ptxt>
<ptxt id="nev20683714n1-nev10861692n179">-check/top off</ptxt>
<ptxt id="nev20683714n1-nev10861692n180">brake fluid</ptxt>
<ptxt id="nev20683714n1-nev10861692n181">clutch fluid,</ptxt>
<ptxt id="nev20683714n1-nev10861692n182">power steering #@#@#1#luid,</ptxt>
<ptxt id="nev20683714n1-nev10861692n183">coolant</ptxt>
<ptxt id="nev20683714n1-nev10861692n184">washer fluid</ptxt>
</entry>
<entry colname="col2" id="nev20683714n1-nev10861692n185" valign="middle"/>
<entry align="center" colname="col3" id="nev20683714n1-nev10861692n186" valign="middle">
<ptxt id="nev20683714n1-nev10861692n187">X</ptxt>
</entry>
<entry align="center" colname="col4" id="nev20683714n1-nev10861692n188" valign="middle">
<ptxt id="nev20683714n1-nev10861692n189">X</ptxt>
</entry>
<entry align="center" colname="col5" id="nev20683714n1-nev10861692n190" valign="middle">
<ptxt id="nev20683714n1-nev10861692n191">X</ptxt>
</entry>
<entry align="center" colname="col6" id="nev20683714n1-nev10861692n192" valign="middle">
<ptxt id="nev20683714n1-nev10861692n193">X</ptxt>
</entry>
<entry align="center" colname="col7" id="nev20683714n1-nev10861692n194" valign="middle">
<ptxt id="nev20683714n1-nev10861692n195">X</ptxt>
</entry>
<entry align="center" colname="col8" id="nev20683714n1-nev10861692n196" valign="middle">
<ptxt id="nev20683714n1-nev10861692n197">X</ptxt>
</entry>
<entry align="center" colname="col9" id="nev20683714n1-nev10861692n198" valign="middle">
<ptxt id="nev20683714n1-nev10861692n199">X</ptxt>
</entry>
<entry align="center" colname="col10" id="nev20683714n1-nev10861692n200" valign="middle">
<ptxt id="nev20683714n1-nev10861692n201">X</ptxt>
</entry>
<entry align="center" colname="col11" id="nev20683714n1-nev10861692n202" valign="middle">
<ptxt id="nev20683714n1-nev10861692n203">X</ptxt>
</entry>
<entry align="center" colname="col12" id="nev20683714n1-nev10861692n204" valign="middle">
<ptxt id="nev20683714n1-nev10861692n205">X</ptxt>
</entry>
</row>
<row id="nev20683714n1-nev10861692n206">
<entry colname="colspec1" id="nev20683714n1-nev10861692n207" rowsep="0"/>
<entry colname="colspec0" id="nev20683714n1-nev10861692n208" valign="middle">
<ptxt id="nev20683714n1-nev10861692n209">
<emph id="nev20683714n1-nev10861692n210">Battery</emph>
</ptxt>
<ptxt id="nev20683714n1-nev10861692n211">-check</ptxt>
<ptxt id="nev20683714n1-nev10861692n212">terminal shoes,</ptxt>
<ptxt id="nev20683714n1-nev10861692n213">electrolyte level,</ptxt>
<ptxt id="nev20683714n1-nev10861692n214">mounting</ptxt>
</entry>
<entry colname="col2" id="nev20683714n1-nev10861692n215" valign="middle"/>
<entry align="center" colname="col3" id="nev20683714n1-nev10861692n216" valign="middle">
<ptxt id="nev20683714n1-nev10861692n217"> X</ptxt>
</entry>
<entry align="center" colname="col4" id="nev20683714n1-nev10861692n218" valign="middle">
<ptxt id="nev20683714n1-nev10861692n219"> X</ptxt>
</entry>
<entry align="center" colname="col5" id="nev20683714n1-nev10861692n220" valign="middle">
<ptxt id="nev20683714n1-nev10861692n221"> X</ptxt>
</entry>
<entry align="center" colname="col6" id="nev20683714n1-nev10861692n222" valign="middle">
<ptxt id="nev20683714n1-nev10861692n223"> X</ptxt>
</entry>
<entry align="center" colname="col7" id="nev20683714n1-nev10861692n224" valign="middle">
<ptxt id="nev20683714n1-nev10861692n225"> X</ptxt>
</entry>
<entry align="center" colname="col8" id="nev20683714n1-nev10861692n226" valign="middle">
<ptxt id="nev20683714n1-nev10861692n227"> X</ptxt>
</entry>
<entry align="center" colname="col9" id="nev20683714n1-nev10861692n228" valign="middle">
<ptxt id="nev20683714n1-nev10861692n229"> X</ptxt>
</entry>
<entry align="center" colname="col10" id="nev20683714n1-nev10861692n230" valign="middle">
<ptxt id="nev20683714n1-nev10861692n231"> X</ptxt>
</entry>
<entry align="center" colname="col11" id="nev20683714n1-nev10861692n232" valign="middle">
<ptxt id="nev20683714n1-nev10861692n233"> X</ptxt>
</entry>
<entry align="center" colname="col12" id="nev20683714n1-nev10861692n234" valign="middle">
<ptxt id="nev20683714n1-nev10861692n235"> X</ptxt>
</entry>
</row>
<row id="nev20683714n1-nev10861692n236">
<entry colname="colspec1" id="nev20683714n1-nev10861692n237" rowsep="0"/>
<entry colname="colspec0" colsep="1" id="nev20683714n1-nev10861692n238" valign="middle">
<ptxt id="nev20683714n1-nev10861692n239">
<emph id="nev20683714n1-nev10861692n240">Wheels and tires</emph>
</ptxt>
<ptxt id="nev20683714n1-nev10861692n241">-check</ptxt>
</entry>
<entry colname="col2" id="nev20683714n1-nev10861692n242" valign="middle">
<ptxt id="nev20683714n1-nev10861692n243">Check for damag#@#@#15#wear.</ptxt>
</entry>
<entry align="center" colname="col3" id="nev20683714n1-nev10861692n244" valign="middle">
<ptxt id="nev20683714n1-nev10861692n245"> X</ptxt>
</entry>
<entry align="center" colname="col4" id="nev20683714n1-nev10861692n246" valign="middle">
<ptxt id="nev20683714n1-nev10861692n247"> X</ptxt>
</entry>
<entry align="center" colname="col5" id="nev20683714n1-nev10861692n248" valign="middle">
<ptxt id="nev20683714n1-nev10861692n249"> X</ptxt>
</entry>
<entry align="center" colname="col6" id="nev20683714n1-nev10861692n250" valign="middle">
<ptxt id="nev20683714n1-nev10861693n1"> X</ptxt>
</entry>
<entry align="center" colname="col7" id="nev20683714n1-nev10861693n2" valign="middle">
<ptxt id="nev20683714n1-nev10861693n3"> X</ptxt>
</entry>
<entry align="center" colname="col8" id="nev20683714n1-nev10861693n4" valign="middle">
<ptxt id="nev20683714n1-nev10861693n5"> X</ptxt>
</entry>
<entry align="center" colname="col9" id="nev20683714n1-nev10861693n6" valign="middle">
<ptxt id="nev20683714n1-nev10861693n7"> X</ptxt>
</entry>
<entry align="center" colname="col10" id="nev20683714n1-nev10861693n8" valign="middle">
<ptxt id="nev20683714n1-nev10861693n9"> X</ptxt>
</entry>
<entry align="center" colname="col11" id="nev20683714n1-nev10861693n10" valign="middle">
<ptxt id="nev20683714n1-nev10861693n11"> X</ptxt>
</entry>
<entry align="center" colname="col12" id="nev20683714n1-nev10861693n12" valign="middle">
<ptxt id="nev20683714n1-nev10861693n13"> X</ptxt>
</entry>
</row>
</tbody>
</tgroup>
</table>
<table frame="all" id="nev20683714n1-nev10861693n14" pgwide="1">
<tgroup cols="13" colsep="1" id="nev20683714n1-nev10861693n15" rowsep="1">
<colspec colname="colspec1" colwidth="6.10*" id="nev20683714n1-nev10861693n16"/>
<colspec colname="colspec0" colwidth="26.36*" id="nev20683714n1-nev10861693n17"/>
<colspec colname="col2" colwidth="20.82*" id="nev20683714n1-nev10861693n18"/>
<colspec colname="col3" colwidth="4.66*" id="nev20683714n1-nev10861693n19"/>
<colspec colname="col4" colwidth="4.66*" id="nev20683714n1-nev10861693n20"/>
<colspec colname="col5" colwidth="4.66*" id="nev20683714n1-nev10861693n21"/>
<colspec colname="col6" colwidth="4.66*" id="nev20683714n1-nev10861693n22"/>
<colspec colname="col7" colwidth="4.66*" id="nev20683714n1-nev10861693n23"/>
<colspec colname="col8" colwidth="4.66*" id="nev20683714n1-nev10861693n24"/>
<colspec colname="col9" colwidth="4.67*" id="nev20683714n1-nev10861693n25"/>
<colspec colname="col10" colwidth="4.67*" id="nev20683714n1-nev10861693n26"/>
<colspec colname="col11" colwidth="4.67*" id="nev20683714n1-nev10861693n27"/>
<colspec colname="col12" colwidth="4.67*" id="nev20683714n1-nev10861693n28"/>
<tbody id="nev20683714n1-nev10861693n29">
<row id="nev20683714n1-nev10861693n30">
<entry colname="colspec1" id="nev20683714n1-nev10861693n31" rowsep="0" valign="bottom"/>
<entry align="left" colname="colspec0" colsep="1" id="nev20683714n1-nev10861693n32" rowsep="0" valign="bottom"/>
<entry align="right" id="nev20683714n1-nev10861693n35" rowsep="1" valign="middle">
<ptxt id="nev20683714n1-nev10861693n36">
<emph id="nev20683714n1-nev10861693n37">km x 1000:</emph>
</ptxt>
</entry>
<entry align="center" id="nev20683714n1-nev10861693n38" valign="middle">
<ptxt id="nev20683714n1-nev10861693n39">
<emph id="nev20683714n1-nev10861693n40">15</emph>
</ptxt>
</entry>
<entry align="center" id="nev20683714n1-nev10861693n41" valign="middle">
<ptxt id="nev20683714n1-nev10861693n42">
<emph id="nev20683714n1-nev10861693n43"> 30</emph>
</ptxt>
</entry>
<entry align="center" id="nev20683714n1-nev10861693n44" valign="middle">
<ptxt id="nev20683714n1-nev10861693n45">
<emph id="nev20683714n1-nev10861693n46">45</emph>
</ptxt>
</entry>
<entry align="center" id="nev20683714n1-nev10861693n47" valign="middle">
<ptxt id="nev20683714n1-nev10861693n48">
<emph id="nev20683714n1-nev10861693n49">60</emph>
</ptxt>
</entry>
<entry align="center" id="nev20683714n1-nev10861693n50" valign="middle">
<ptxt id="nev20683714n1-nev10861693n51">
<emph id="nev20683714n1-nev10861693n52"> 75</emph>
</ptxt>
</entry>
<entry align="center" id="nev20683714n1-nev10861693n53" valign="middle">
<ptxt id="nev20683714n1-nev10861693n54">
<emph id="nev20683714n1-nev10861693n55">90</emph>
</ptxt>
</entry>
<entry align="center" id="nev20683714n1-nev10861693n56" valign="middle">
<ptxt id="nev20683714n1-nev10861693n57">
<emph id="nev20683714n1-nev10861693n58">105</emph>
</ptxt>
</entry>
<entry align="center" id="nev20683714n1-nev10861693n59" valign="middle">
<ptxt id="nev20683714n1-nev10861693n60">
<emph id="nev20683714n1-nev10861693n61"> 120</emph>
</ptxt>
</entry>
<entry align="center" id="nev20683714n1-nev10861693n62" valign="middle">
<ptxt id="nev20683714n1-nev10861693n63">
<emph id="nev20683714n1-nev10861693n64">135</emph>
</ptxt>
</entry>
<entry align="center" id="nev20683714n1-nev10861693n65" valign="middle">
<ptxt id="nev20683714n1-nev10861693n66">
<emph id="nev20683714n1-nev10861693n67">150</emph>
</ptxt>
</entry>
</row>
<row id="nev20683714n1-nev10861693n68">
<entry colname="colspec1" id="nev20683714n1-nev10861693n69">
<ptxt id="nev20683714n1-nev10861693n70">
<emph id="nev20683714n1-nev10861693n71"> Op no.</emph>
</ptxt>
</entry>
<entry align="left" colname="colspec0" colsep="1" id="nev20683714n1-nev10861693n72">
<ptxt id="nev20683714n1-nev10861703n81">
<emph id="nev20683714n1-nev10861703n82">Customer decides</emph>
</ptxt>
</entry>
<entry align="right" id="nev20683714n1-nev10861693n75" valign="middle">
<ptxt id="nev20683714n1-nev10861693n76">
<emph id="nev20683714n1-nev10861693n77"> miles x 1000:</emph>
</ptxt>
</entry>
<entry align="center" id="nev20683714n1-nev10861693n78" valign="middle">
<ptxt id="nev20683714n1-nev10861693n79">
<emph id="nev20683714n1-nev10861693n80"> 10</emph>
</ptxt>
</entry>
<entry align="center" id="nev20683714n1-nev10861693n81" valign="middle">
<ptxt id="nev20683714n1-nev10861693n82">
<emph id="nev20683714n1-nev10861693n83">20</emph>
</ptxt>
</entry>
<entry align="center" id="nev20683714n1-nev10861693n84" valign="middle">
<ptxt id="nev20683714n1-nev10861693n85">
<emph id="nev20683714n1-nev10861693n86">30</emph>
</ptxt>
</entry>
<entry align="center" id="nev20683714n1-nev10861693n87" valign="middle">
<ptxt id="nev20683714n1-nev10861693n88">
<emph id="nev20683714n1-nev10861693n89"> 40</emph>
</ptxt>
</entry>
<entry align="center" id="nev20683714n1-nev10861693n90" valign="middle">
<ptxt id="nev20683714n1-nev10861693n91">
<emph id="nev20683714n1-nev10861693n92">50</emph>
</ptxt>
</entry>
<entry align="center" id="nev20683714n1-nev10861693n93" valign="middle">
<ptxt id="nev20683714n1-nev10861693n94">
<emph id="nev20683714n1-nev10861693n95">60</emph>
</ptxt>
</entry>
<entry align="center" id="nev20683714n1-nev10861693n96" valign="middle">
<ptxt id="nev20683714n1-nev10861693n97">
<emph id="nev20683714n1-nev10861693n98"> 70</emph>
</ptxt>
</entry>
<entry align="center" id="nev20683714n1-nev10861693n99" valign="middle">
<ptxt id="nev20683714n1-nev10861693n100">
<emph id="nev20683714n1-nev10861693n101">80</emph>
</ptxt>
</entry>
<entry align="center" id="nev20683714n1-nev10861693n102" valign="middle">
<ptxt id="nev20683714n1-nev10861693n103">
<emph id="nev20683714n1-nev10861693n104">90</emph>
</ptxt>
</entry>
<entry align="center" id="nev20683714n1-nev10861693n105" valign="middle">
<ptxt id="nev20683714n1-nev10861693n106">
<emph id="nev20683714n1-nev10861693n107"> 100</emph>
</ptxt>
</entry>
</row>
<row id="nev20683714n1-nev11121658n195">
<entry id="nev20683714n1-nev11121658n194" morerows="1">
<ptxt id="nev20683714n1-nev11121658n193">
<emph id="nev20683714n1-nev11121658n165">17412</emph>
</ptxt>
</entry>
<entry id="nev20683714n1-nev11121658n192" valign="middle">
<ptxt id="nev20683714n1-nev11121658n191">
<emph id="nev20683714n1-nev11121658n166">Timing belt, be#@#@#33#place</emph>
</ptxt>
</entry>
<entry id="nev20683714n1-nev11121658n190" valign="middle">
<ptxt id="nev20683714n1-nev12520122n91">Only applies to#@#@#4#92T2.</ptxt>
<ptxt id="nev20683714n1-nev11869184n250">- replace at a #@#@#18#erval</ptxt>
</entry>
<entry align="center" id="nev20683714n1-nev11121658n188" valign="middle"/>
<entry align="center" id="nev20683714n1-nev11121658n186" valign="middle"/>
<entry align="center" id="nev20683714n1-nev11121658n184" valign="middle"/>
<entry align="center" id="nev20683714n1-nev11121658n182" valign="middle"/>
<entry align="center" id="nev20683714n1-nev11121658n180" valign="middle">
<ptxt id="nev20683714n1-nev11121658n167">X</ptxt>
</entry>
<entry align="center" id="nev20683714n1-nev11121658n178" valign="middle"/>
<entry align="center" id="nev20683714n1-nev11121658n176" valign="middle"/>
<entry align="center" id="nev20683714n1-nev11121658n174" valign="middle"/>
<entry align="center" id="nev20683714n1-nev11121658n172" valign="middle"/>
<entry align="center" id="nev20683714n1-nev11121658n170" valign="middle">
<ptxt id="nev20683714n1-nev11121658n168">X</ptxt>
</entry>
</row>
<row id="nev20683714n1-nev11840229n217">
<entry id="nev20683714n1-nev11840229n214" valign="middle">
<ptxt id="nev20683714n1-nev11840229n190">
<emph id="nev20683714n1-nev11840229n189">Auxiliaries bel#@#@#8#ement</emph>
</ptxt>
</entry>
<entry id="nev20683714n1-nev11840229n212" valign="middle">
<ptxt id="nev20683714n1-nev12520122n90">Only applies to#@#@#4#92T2.</ptxt>
</entry>
<entry align="center" id="nev20683714n1-nev11840229n210" valign="middle"/>
<entry align="center" id="nev20683714n1-nev11840229n208" valign="middle"/>
<entry align="center" id="nev20683714n1-nev11840229n206" valign="middle"/>
<entry align="center" id="nev20683714n1-nev11840229n204" valign="middle"/>
<entry align="center" id="nev20683714n1-nev11840229n202" valign="middle">
<ptxt id="nev20683714n1-nev11840229n188">X</ptxt>
</entry>
<entry align="center" id="nev20683714n1-nev11840229n200" valign="middle"/>
<entry align="center" id="nev20683714n1-nev11840229n198" valign="middle"/>
<entry align="center" id="nev20683714n1-nev11840229n196" valign="middle"/>
<entry align="center" id="nev20683714n1-nev11840229n194" valign="middle"/>
<entry align="center" id="nev20683714n1-nev11840229n192" valign="middle">
<ptxt id="nev20683714n1-nev11840229n191">X</ptxt>
</entry>
</row>
<row id="nev20683714n1-nev12520122n148">
<entry id="nev20683714n1-nev12520122n147" morerows="1">
<ptxt id="nev20683714n1-nev12520122n185">
<emph id="nev20683714n1-nev12520122n184">17412</emph>
</ptxt>
</entry>
<entry id="nev20683714n1-nev12520122n145" valign="middle">
<ptxt id="nev20683714n1-nev12520122n181">
<emph id="nev20683714n1-nev12520122n180">Timing belt and#@#@#22#ement</emph>
</ptxt>
</entry>
<entry id="nev20683714n1-nev12520122n143" valign="middle">
<ptxt id="nev20683714n1-nev12520122n94">Only applies to#@#@#7#3 T4.</ptxt>
<ptxt id="nev20683714n1-nev12520122n178">- replace at a #@#@#18#erval</ptxt>
</entry>
<entry align="center" id="nev20683714n1-nev12520122n141" valign="middle"/>
<entry align="center" id="nev20683714n1-nev12520122n139" valign="middle"/>
<entry align="center" id="nev20683714n1-nev12520122n137" valign="middle"/>
<entry align="center" id="nev20683714n1-nev12520122n135" valign="middle"/>
<entry align="center" id="nev20683714n1-nev12520122n133" valign="middle"/>
<entry align="center" id="nev20683714n1-nev12520122n131" valign="middle"/>
<entry align="center" id="nev20683714n1-nev12520122n129" valign="middle"/>
<entry align="center" id="nev20683714n1-nev12520122n127" valign="middle">
<ptxt id="nev20683714n1-nev12520122n88">X</ptxt>
</entry>
<entry align="center" id="nev20683714n1-nev12520122n125" valign="middle"/>
<entry align="center" id="nev20683714n1-nev12520122n123" valign="middle"/>
</row>
<row id="nev20683714n1-nev12520122n121">
<entry id="nev20683714n1-nev12520122n118" valign="middle">
<ptxt id="nev20683714n1-nev12520122n163">
<emph id="nev20683714n1-nev12520122n162">Auxiliaries bel#@#@#8#ement</emph>
</ptxt>
</entry>
<entry id="nev20683714n1-nev12520122n116" valign="middle">
<ptxt id="nev20683714n1-nev12520122n93">Only applies to#@#@#7#3 T4.</ptxt>
</entry>
<entry align="center" id="nev20683714n1-nev12520122n114" valign="middle"/>
<entry align="center" id="nev20683714n1-nev12520122n112" valign="middle"/>
<entry align="center" id="nev20683714n1-nev12520122n110" valign="middle"/>
<entry align="center" id="nev20683714n1-nev12520122n108" valign="middle"/>
<entry align="center" id="nev20683714n1-nev12520122n106" valign="middle"/>
<entry align="center" id="nev20683714n1-nev12520122n104" valign="middle"/>
<entry align="center" id="nev20683714n1-nev12520122n102" valign="middle"/>
<entry align="center" id="nev20683714n1-nev12520122n100" valign="middle">
<ptxt id="nev20683714n1-nev12520122n87">X</ptxt>
</entry>
<entry align="center" id="nev20683714n1-nev12520122n98" valign="middle"/>
<entry align="center" id="nev20683714n1-nev12520122n96" valign="middle"/>
</row>
<row id="nev20683714n1-nev11121371n46">
<entry id="nev20683714n1-nev11121371n45">
<ptxt id="nev20683714n1-nev11121371n44">
<emph id="nev20683714n1-nev11121658n242">17421</emph>
</ptxt>
</entry>
<entry id="nev20683714n1-nev11121371n43" valign="middle">
<ptxt id="nev20683714n1-nev11121371n42">
<emph id="nev20683714n1-nev11121658n241">Auxiliaries bel#@#@#17#sting</emph>
</ptxt>
</entry>
<entry id="nev20683714n1-nev11121371n41" valign="middle">
<ptxt id="nev20683714n1-nev11121658n227">Only applies to#@#@#16#t AC.</ptxt>
</entry>
<entry align="center" id="nev20683714n1-nev11121371n39" valign="middle"/>
<entry align="center" id="nev20683714n1-nev11121371n37" valign="middle">
<ptxt id="nev20683714n1-nev11121658n234">X</ptxt>
</entry>
<entry align="center" id="nev20683714n1-nev11121371n35" valign="middle"/>
<entry align="center" id="nev20683714n1-nev11121371n33" valign="middle">
<ptxt id="nev20683714n1-nev11121658n235">X</ptxt>
</entry>
<entry align="center" id="nev20683714n1-nev11121371n31" valign="middle"/>
<entry align="center" id="nev20683714n1-nev11121371n29" valign="middle">
<ptxt id="nev20683714n1-nev11121658n236">X</ptxt>
</entry>
<entry align="center" id="nev20683714n1-nev11121371n27" valign="middle"/>
<entry align="center" id="nev20683714n1-nev11121371n25" valign="middle">
<ptxt id="nev20683714n1-nev11121658n237">X</ptxt>
</entry>
<entry align="center" id="nev20683714n1-nev11121371n23" valign="middle"/>
<entry align="center" id="nev20683714n1-nev11121371n21" valign="middle">
<ptxt id="nev20683714n1-nev11121658n238">X</ptxt>
</entry>
</row>
<row id="nev20683714n1-nev11762797n250">
<entry id="nev20683714n1-nev11762797n249">
<ptxt id="nev20683714n1-nev11762797n248">
<emph id="nev20683714n1-nev11762797n223">17432</emph>
</ptxt>
</entry>
<entry id="nev20683714n1-nev11762797n247" valign="middle">
<ptxt id="nev20683714n1-nev11762797n246">
<emph id="nev20683714n1-nev11762797n222">Air cleaner pas#@#@#24#acing</emph>
</ptxt>
</entry>
<entry id="nev20683714n1-nev11762797n245" valign="middle">
<ptxt id="nev20683714n1-nev11762797n221">Applies to mode#@#@#7#2000-</ptxt>
</entry>
<entry align="center" id="nev20683714n1-nev11762797n243" valign="middle">
<ptxt id="nev20683714n1-nev11762797n242">X</ptxt>
</entry>
<entry align="center" id="nev20683714n1-nev11762797n241" valign="middle">
<ptxt id="nev20683714n1-nev11762797n240">X</ptxt>
</entry>
<entry align="center" id="nev20683714n1-nev11762797n239" valign="middle">
<ptxt id="nev20683714n1-nev11762797n238">X</ptxt>
</entry>
<entry align="center" id="nev20683714n1-nev11762797n237" valign="middle">
<ptxt id="nev20683714n1-nev11762797n236">X</ptxt>
</entry>
<entry align="center" id="nev20683714n1-nev11762797n235" valign="middle">
<ptxt id="nev20683714n1-nev11762797n234">X</ptxt>
</entry>
<entry align="center" id="nev20683714n1-nev11762797n233" valign="middle">
<ptxt id="nev20683714n1-nev11762797n232">X</ptxt>
</entry>
<entry align="center" id="nev20683714n1-nev11762797n231" valign="middle">
<ptxt id="nev20683714n1-nev11762797n230">X</ptxt>
</entry>
<entry align="center" id="nev20683714n1-nev11762797n229" valign="middle">
<ptxt id="nev20683714n1-nev11762797n228">X</ptxt>
</entry>
<entry align="center" id="nev20683714n1-nev11762797n227" valign="middle">
<ptxt id="nev20683714n1-nev11762797n226">X</ptxt>
</entry>
<entry align="center" id="nev20683714n1-nev11762797n225" valign="middle">
<ptxt id="nev20683714n1-nev11762797n224">X</ptxt>
</entry>
</row>
<row id="nev20683714n1-nev10861693n108">
<entry colname="colspec1" id="nev20683714n1-nev10861693n109" rowsep="1">
<ptxt id="nev20683714n1-nev10861693n110">
<emph id="nev20683714n1-nev10861693n111"> 17433</emph>
</ptxt>
</entry>
<entry colname="colspec0" colsep="1" id="nev20683714n1-nev10861693n112" valign="middle">
<ptxt id="nev20683714n1-nev10861693n113">
<emph id="nev20683714n1-nev10861693n114">Fuel filter, re#@#@#4#ement</emph>
</ptxt>
</entry>
<entry colname="col2" id="nev20683714n1-nev10861693n116" valign="middle"/>
<entry align="center" colname="col3" id="nev20683714n1-nev10861693n117" valign="middle"/>
<entry align="center" colname="col4" id="nev20683714n1-nev10861693n119" valign="middle">
<ptxt id="nev20683714n1-nev10861693n120"> X</ptxt>
</entry>
<entry align="center" colname="col5" id="nev20683714n1-nev10861693n121" valign="middle"/>
<entry align="center" colname="col6" id="nev20683714n1-nev10861693n123" valign="middle">
<ptxt id="nev20683714n1-nev10861693n124"> X</ptxt>
</entry>
<entry align="center" colname="col7" id="nev20683714n1-nev10861693n125" valign="middle"/>
<entry align="center" colname="col8" id="nev20683714n1-nev10861693n127" valign="middle">
<ptxt id="nev20683714n1-nev10861693n128"> X</ptxt>
</entry>
<entry align="center" colname="col9" id="nev20683714n1-nev10861693n129" valign="middle"/>
<entry align="center" colname="col10" id="nev20683714n1-nev10861693n131" valign="middle">
<ptxt id="nev20683714n1-nev10861693n132"> X</ptxt>
</entry>
<entry align="center" colname="col11" id="nev20683714n1-nev10861693n133" valign="middle"/>
<entry align="center" colname="col12" id="nev20683714n1-nev10861693n135" valign="middle">
<ptxt id="nev20683714n1-nev10861693n136"> X</ptxt>
</entry>
</row>
<row id="nev20683714n1-nev10861693n137">
<entry colname="colspec1" id="nev20683714n1-nev10861693n138" rowsep="1">
<ptxt id="nev20683714n1-nev10861703n72">
<emph id="nev20683714n1-nev10861703n73">17435</emph>
</ptxt>
</entry>
<entry colname="colspec0" colsep="1" id="nev20683714n1-nev10861693n139" valign="middle">
<ptxt id="nev20683714n1-nev10861693n140">
<emph id="nev20683714n1-nev10861693n141">Air filter repl#@#@#10#gine </emph>
</ptxt>
</entry>
<entry colname="col2" id="nev20683714n1-nev10861693n143" valign="middle"/>
<entry align="center" colname="col3" id="nev20683714n1-nev10861693n144" valign="middle"/>
<entry align="center" colname="col4" id="nev20683714n1-nev10861693n146" valign="middle"/>
<entry align="center" colname="col5" id="nev20683714n1-nev10861693n148" valign="middle"/>
<entry align="center" colname="col6" id="nev20683714n1-nev10861693n150" valign="middle">
<ptxt id="nev20683714n1-nev10861693n151">X</ptxt>
</entry>
<entry align="center" colname="col7" id="nev20683714n1-nev10861693n152" valign="middle"/>
<entry align="center" colname="col8" id="nev20683714n1-nev10861693n154" valign="middle"/>
<entry align="center" colname="col9" id="nev20683714n1-nev10861693n156" valign="middle"/>
<entry align="center" colname="col10" id="nev20683714n1-nev10861693n158" valign="middle">
<ptxt id="nev20683714n1-nev10861693n159">X</ptxt>
</entry>
<entry align="center" colname="col11" id="nev20683714n1-nev10861693n160" valign="middle"/>
<entry align="center" colname="col12" id="nev20683714n1-nev10861693n162" valign="middle"/>
</row>
<row id="nev20683714n1-nev10861693n192">
<entry colname="colspec1" id="nev20683714n1-nev10861693n193" rowsep="1">
<ptxt id="nev20683714n1-nev10861703n77">
<emph id="nev20683714n1-nev10861703n78">17438</emph>
</ptxt>
</entry>
<entry colname="colspec0" colsep="1" id="nev20683714n1-nev10861693n194" valign="middle">
<ptxt id="nev20683714n1-nev10861693n195">
<emph id="nev20683714n1-nev10861693n196">Crankcase venti#@#@#16#aning</emph>
</ptxt>
</entry>
<entry colname="col2" id="nev20683714n1-nev10861693n198" valign="middle"/>
<entry align="center" colname="col3" id="nev20683714n1-nev10861693n199" valign="middle"/>
<entry align="center" colname="col4" id="nev20683714n1-nev10861693n201" valign="middle"/>
<entry align="center" colname="col5" id="nev20683714n1-nev10861693n203" valign="middle"/>
<entry align="center" colname="col6" id="nev20683714n1-nev10861693n205" valign="middle"/>
<entry align="center" colname="col7" id="nev20683714n1-nev10861693n207" valign="middle"/>
<entry align="center" colname="col8" id="nev20683714n1-nev10861693n209" valign="middle">
<ptxt id="nev20683714n1-nev11121658n160">X</ptxt>
</entry>
<entry align="center" colname="col9" id="nev20683714n1-nev10861693n211" valign="middle"/>
<entry align="center" colname="col10" id="nev20683714n1-nev10861693n213" valign="middle"/>
<entry align="center" colname="col11" id="nev20683714n1-nev10861693n215" valign="middle">
<ptxt id="nev20683714n1-nev11121658n161">X</ptxt>
</entry>
<entry align="center" colname="col12" id="nev20683714n1-nev10861693n217" valign="middle"/>
</row>
</tbody>
</tgroup>
</table>
<table frame="all" id="nev20683714n1-nev10861695n27" pgwide="1">
<tgroup cols="13" colsep="1" id="nev20683714n1-nev10861695n28" rowsep="1">
<colspec colname="colspec1" colwidth="6.10*" id="nev20683714n1-nev10861695n29"/>
<colspec colname="colspec0" colwidth="26.36*" id="nev20683714n1-nev10861695n30"/>
<colspec colname="col2" colwidth="20.82*" id="nev20683714n1-nev10861695n31"/>
<colspec colname="col3" colwidth="4.66*" id="nev20683714n1-nev10861695n32"/>
<colspec colname="col4" colwidth="4.66*" id="nev20683714n1-nev10861695n33"/>
<colspec colname="col5" colwidth="4.66*" id="nev20683714n1-nev10861695n34"/>
<colspec colname="col6" colwidth="4.66*" id="nev20683714n1-nev10861695n35"/>
<colspec colname="col7" colwidth="4.66*" id="nev20683714n1-nev10861695n36"/>
<colspec colname="col8" colwidth="4.66*" id="nev20683714n1-nev10861695n37"/>
<colspec colname="col9" colwidth="4.67*" id="nev20683714n1-nev10861695n38"/>
<colspec colname="col10" colwidth="4.67*" id="nev20683714n1-nev10861695n39"/>
<colspec colname="col11" colwidth="4.67*" id="nev20683714n1-nev10861695n40"/>
<colspec colname="col12" colwidth="4.67*" id="nev20683714n1-nev10861695n41"/>
<tbody id="nev20683714n1-nev10861695n42">
<row id="nev20683714n1-nev10861696n182">
<entry colname="colspec1" colsep="1" id="nev20683714n1-nev10861696n183" rowsep="1">
<ptxt id="nev20683714n1-nev10861703n66">
<emph id="nev20683714n1-nev10861703n67">Op no.</emph>
</ptxt>
</entry>
<entry colsep="0" id="nev20683714n1-nev10861696n184" nameend="col2" namest="colspec0" rowsep="1" valign="bottom"/>
<entry align="center" colname="col3" colsep="0" id="nev20683714n1-nev10861696n188" valign="middle"/>
<entry align="center" colname="col4" colsep="0" id="nev20683714n1-nev10861696n189" valign="middle"/>
<entry align="center" colname="col5" colsep="0" id="nev20683714n1-nev10861696n190" valign="middle"/>
<entry align="center" colname="col6" colsep="0" id="nev20683714n1-nev10861696n191" valign="middle"/>
<entry align="center" colname="col7" colsep="0" id="nev20683714n1-nev10861696n192" valign="middle"/>
<entry align="center" colname="col8" colsep="0" id="nev20683714n1-nev10861696n193" valign="middle"/>
<entry align="center" colname="col9" colsep="0" id="nev20683714n1-nev10861696n194" valign="middle"/>
<entry align="center" colname="col10" colsep="0" id="nev20683714n1-nev10861696n195" valign="middle"/>
<entry align="center" colname="col11" colsep="0" id="nev20683714n1-nev10861696n196" valign="middle"/>
<entry align="center" colname="col12" colsep="0" id="nev20683714n1-nev10861696n197" valign="middle"/>
</row>
<row id="nev20683714n1-nev10861696n198">
<entry colname="colspec1" id="nev20683714n1-nev10861696n199" rowsep="0">
<ptxt id="nev20683714n1-nev10861703n61">
<emph id="nev20683714n1-nev10861703n62">17406</emph>
</ptxt>
</entry>
<entry colname="colspec0" colsep="1" id="nev20683714n1-nev10861696n200" valign="middle">
<ptxt id="nev20683714n1-nev10861703n63">
<emph id="nev20683714n1-nev10861703n64">Brake fluid, ch#@#@#1#nging</emph>
</ptxt>
</entry>
<entry colsep="0" id="nev20683714n1-nev10861696n211" nameend="col12" namest="col2">
<ptxt id="nev20683714n1-nev11121658n159">
<emph id="nev20683714n1-nev11121658n158">Supplement reco#@#@#19# year</emph>
</ptxt>
</entry>
</row>
</tbody>
</tgroup>
</table>
</servinfosub>