<?xml version="1.0" encoding="UTF-8"?><servinfosub IE-ID="en-US0800c8af80a14d0f" docno="T9995516" id="ST-0800c8af80a14d0f" xml:lang="en-US">
<title>999 5516 SPACER#@#@#3#SHER </title>
<grate>
<graphic id="0900c8af800543bb"/>
<graphtext>
<deflist>
<defitem>
<term>Tool number:</term>
<def>999 5516-3</def>
</defitem>
<defitem>
<term>Tool description:</term>
<def>SPACER WASHER (#@#@#25# P400</def>
</defitem>
<defitem>
<term>Tool board:</term>
<def/>
</defitem>
</deflist>
</graphtext>
</grate>
</servinfosub>