<?xml version="1.0" encoding="UTF-8"?><script xmlns:nevis="http://www.volvocars.com/namespaces/processing" xmlns:xlink="http://www.w3.org/1999/xlink" IE-ID="en-US0900c8af85f6ed0f" docno="VCC-459982" id="nev18818457n1" nevis:expl-profile="mdl525yr2013, mdl526yr2013, mdl525yr2014, mdl526yr2014, mdl526yr2015, mdl525yr2015" nevis:profile="urn:x-nevis:profile:0b00c8af85025cbc urn:x-nevis:profile:0b00c8af85025cc4 urn:x-nevis:profile:0b00c8af8569a64b urn:x-nevis:profile:0b00c8af8569a80c urn:x-nevis:profile:0b00c8af861bd2c7 urn:x-nevis:profile:0b00c8af862296a5" nevis:projectdocument="urn:x-nevis:projectdocument:0800c8af85c30710" nevis:resource="0900c8af85f6f175" nevis:resource2="urn:x-nevis:fragment:0900c8af85f6ed0f:0900c8af85f6f175#nev18818457n1" nevis:session-id="" qualifierinfotype="14:00" type="" xml:lang="en-US"><title><phrase category="Faulttracing" id="nev18818457n2" phrase-urn="urn:x-nevis:phrase:0800c8af85c2c681">Display of vehi#@#@#5#peed.</phrase></title><content gui="1" height="480" id="nev18818457n3-nev18818440n1" nevis:expl-profile="mdl525yr2013, mdl526yr2013, mdl525yr2014, mdl526yr2014, mdl526yr2015, mdl525yr2015" nevis:idfrom="nev18818457n3" nevis:prefix="nev18818457n3" nevis:profile="urn:x-nevis:profile:0b00c8af85025cbc urn:x-nevis:profile:0b00c8af85025cc4 urn:x-nevis:profile:0b00c8af8569a64b urn:x-nevis:profile:0b00c8af8569a80c urn:x-nevis:profile:0b00c8af861bd2c7 urn:x-nevis:profile:0b00c8af862296a5" nevis:resource="0900c8af85f6f178" nevis:resource2="urn:x-nevis:fragment:0900c8af85f6ed0f:0900c8af85f6f178#nev18818440n1" width="395" xml:lang="en-US"><nodes id="nev18818457n3-nev18893602n1"><node class="Components.StartNode" id="nev18818457n3-nev18893603n1" nodeid="Start" x="60" y="232"/><node class="Components.Gui.ParameterLabel" id="nev18818457n3-nev18893604n1" nodeid="ParameterLabel1" x="345" y="51"><gui height="70" id="nev18818457n3-nev18893605n1" width="365" x="15" y="275"/><property class="Parameter" id="nev18818457n3-nev18893606n1" name="Parameter" type="In" value="" visible="1"/><property class="String" id="nev18818457n3-nev18893607n1" name="Title" type="In" value="" visible="1"/><property class="String" id="nev18818457n3-nev18893608n1" name="Value" type="In" value="" visible="1"/><property class="String" id="nev18818457n3-nev18893609n1" name="Unit" type="In" value="" visible="1"/><property class="String" id="nev18818457n3-nev18893610n1" name="StartVisible" type="Internal" value="true" visible="0"/></node><node class="Components.ScriptComponent" id="nev18818457n3-nev18893611n1" nodeid="ScriptComponent1" x="172" y="748"/><node class="Components.ScriptButton" id="nev18818457n3-nev18893612n1" nodeid="Hide" x="45" y="731"><gui height="35" id="nev18818457n3-nev18893613n1" width="95" x="285" y="430"/><property class="String" id="nev18818457n3-nev18893614n1" name="Text" type="In" value="" visible="1"/><property class="String" id="nev18818457n3-nev18893615n1" name="StartDisabled" type="Internal" value="false" visible="1"/><property class="String" id="nev18818457n3-nev18893616n1" name="StartVisible" type="Internal" value="true" visible="1"/><extension id="nev18818457n3-nev18893617n1"><phrase category="Faulttracing" id="nev18818457n3-nev18818441n8" phrase-urn="urn:x-nevis:phrase:0800c8af81b6b138">Hide</phrase></extension></node><node class="Components.RunScript" id="nev18818457n3-nev18893618n1" nodeid="RunScript1" x="333" y="718"><property class="String" id="nev18818457n3-nev18893619n1" name="Result" type="Out" value="" visible="1"/><extension id="nev18818457n3-nev18893620n1"><xml id="nev18818457n3-nev18818442n2"><ref id="nev18818457n3-nev18818442n3"><locator xlink:href="#nev18818457n3-nev18818442n3" xlink:type="locator"/><locator xlink:href="urn:x-nevis:xref:0800c8af8430b8e2:00000000:00000000#nev13459544n1" xlink:type="locator"/><arc nevis:href="urn:x-nevis:xref:0800c8af8430b8e2:00000000:00000000#nev13459544n1" xlink:title="VCC-351787, Error message, OnNoRespons" xlink:type="arc"/></ref></xml></extension></node><node class="Components.RunScript" id="nev18818457n3-nev18893624n1" nodeid="RunScript2" x="330" y="796"><property class="String" id="nev18818457n3-nev18893625n1" name="Result" type="Out" value="" visible="1"/><extension id="nev18818457n3-nev18893626n1"><xml id="nev18818457n3-nev18818442n7"><ref id="nev18818457n3-nev18818442n8"><locator xlink:href="#nev18818457n3-nev18818442n8" xlink:type="locator"/><locator xlink:href="urn:x-nevis:xref:0800c8af8431f3b4:00000000:00000000#nev13469607n1" xlink:type="locator"/><arc nevis:href="urn:x-nevis:xref:0800c8af8431f3b4:00000000:00000000#nev13469607n1" xlink:title="VCC-352667, Error message, OnNoContact" xlink:type="arc"/></ref></xml></extension></node><node class="Components.RunScript" id="nev18818457n3-nev18893630n1" nodeid="RunScript3" x="331" y="874"><property class="String" id="nev18818457n3-nev18893631n1" name="Result" type="Out" value="" visible="1"/><extension id="nev18818457n3-nev18893632n1"><xml id="nev18818457n3-nev18818443n2"><ref id="nev18818457n3-nev18818443n3"><locator xlink:href="#nev18818457n3-nev18818443n3" xlink:type="locator"/><locator xlink:href="urn:x-nevis:xref:0800c8af8430c3a5:00000000:00000000#nev13461630n1" xlink:type="locator"/><arc nevis:href="urn:x-nevis:xref:0800c8af8430c3a5:00000000:00000000#nev13461630n1" xlink:title="VCC-351907, Error message, OnNegativeRespons" xlink:type="arc"/></ref></xml></extension></node><node class="Components.VehComm" id="nev18818457n3-nev18893636n1" nodeid="VehComm1" x="78" y="345"><property class="String" id="nev18818457n3-nev18893637n1" name="Mode" type="Internal" value="EcuType" visible="1"/><property class="Int" id="nev18818457n3-nev18893638n1" name="EcuType" type="In" value="372302" visible="0"/><property class="Int" id="nev18818457n3-nev18893639n1" name="ServiceId" type="In" value="100" visible="0"/><property class="String" id="nev18818457n3-nev18893640n1" name="EcuName" type="Out" value="" visible="1"/><property class="Response" id="nev18818457n3-nev18893641n1" name="Result" type="Out" value="" visible="1"/><property class="String" id="nev18818457n3-nev18893642n1" name="Identifier" type="In" value="F106" visible="0"/><extension id="nev18818457n3-nev18893643n1"><insertparam id="nev18818457n3-nev18818444n2" name="Identifier"/></extension></node><node class="Components.ResultGet" id="nev18818457n3-nev18893644n1" nodeid="ResponseGet1" x="212" y="413"><property class="Response" id="nev18818457n3-nev18893645n1" name="InValue" type="In" value="" visible="1"/><property class="String" id="nev18818457n3-nev18893646n1" name="getDIM" type="Out" value="" visible="1"/><extension id="nev18818457n3-nev18893647n1"><get id="nev18818457n3-nev18818444n7" property="getDIM"><getbyname id="nev18818457n3-nev18818444n8" key="Records"/><getbyid id="nev18818457n3-nev18818444n9" key="61702" name="ListItem" title="Vehicle Configuration Parameters"/><getbyname id="nev18818457n3-nev18818444n10" key="Parameters"/><getbyid id="nev18818457n3-nev18818445n1" key="1020755" name="Parameter" title="DIM teman"/><getbyname id="nev18818457n3-nev18818445n2" key="value"/></get></extension></node><node class="Components.Comparer" id="nev18818457n3-nev18893648n1" nodeid="Comparer1" x="341" y="417"><property class="String" id="nev18818457n3-nev18893649n1" name="Mode" type="Internal" value="Int" visible="1"/><property class="Int" id="nev18818457n3-nev18893650n1" name="Value1" type="In" value="0" visible="1"/><property class="String" id="nev18818457n3-nev18893651n1" name="Operator" type="Internal" value="GreaterThan" visible="1"/><property class="Int" id="nev18818457n3-nev18893652n1" name="Value2" type="In" value="1" visible="0"/></node><node class="Components.InfoDisplayContent" id="nev18818457n3-nev18893653n1" nodeid="InfoDisplayContent1" x="533" y="467"><property class="String" id="nev18818457n3-nev18893654n1" name="Content" type="Out" value="" visible="1"/><extension id="nev18818457n3-nev18893655n1"><b id="nev18818457n3-nev18818446n1"/><phrase category="Faulttracing" id="nev18818457n3-nev18818446n2" phrase-urn="urn:x-nevis:phrase:0800c8af85c2c681">Display of vehi#@#@#5#peed.</phrase><para id="nev18818457n3-nev18818446n3"/><phrase category="Faulttracing" id="nev18818457n3-nev18818446n4" phrase-urn="urn:x-nevis:phrase:0800c8af83456523">The control mod#@#@#25#task!</phrase><para id="nev18818457n3-nev18818446n5"/><phrase category="Faulttracing" id="nev18818457n3-nev18818446n6" phrase-urn="urn:x-nevis:phrase:0800c8af85c2c7ca">The vehicle is #@#@#13#with <literal>"Hi Line"</literal> DIM.</phrase></extension></node><node class="Components.InfoDisplayContent" id="nev18818457n3-nev18893657n1" nodeid="InfoDisplayContent2" x="531" y="390"><property class="String" id="nev18818457n3-nev18893658n1" name="Content" type="Out" value="" visible="1"/><extension id="nev18818457n3-nev18893659n1"><b id="nev18818457n3-nev18818447n1"/><phrase category="Faulttracing" id="nev18818457n3-nev18818447n2" phrase-urn="urn:x-nevis:phrase:0800c8af85c2c681">Display of vehi#@#@#5#peed.</phrase><para id="nev18818457n3-nev18818447n3"/><phrase category="Faulttracing" id="nev18818457n3-nev18818447n4" phrase-urn="urn:x-nevis:phrase:0800c8af85c2c724">Display the veh#@#@#93#tton.</phrase><para id="nev18818457n3-nev18818447n5"/><phrase category="Faulttracing" id="nev18818457n3-nev18818447n6" phrase-urn="urn:x-nevis:phrase:0800c8af85c2c725">The vehicle spe#@#@#66#oard.</phrase><phrase category="Faulttracing" id="nev18818457n3-nev18818447n7" phrase-urn="urn:x-nevis:phrase:0800c8af85c2c726">Browse between #@#@#128#ight.</phrase><para id="nev18818457n3-nev18818447n8"/><phrase category="Faulttracing" id="nev18818457n3-nev18818447n9" phrase-urn="urn:x-nevis:phrase:0800c8af85c2c728">Switch off disp#@#@#54#tton.</phrase><phrase category="Faulttracing" id="nev18818457n3-nev18818447n10" phrase-urn="urn:x-nevis:phrase:0800c8af85c2c72a">The vehicle spe#@#@#127#heel.</phrase></extension></node><node class="Components.IdentifierComponent" id="nev18818457n3-nev18893660n1" nodeid="Parameter1" x="220" y="51"><property class="Parameter" id="nev18818457n3-nev18893661n1" name="Visning av fordonshastighet" type="Out" value="" visible="1"/><extension id="nev18818457n3-nev18893662n1"><identifier ecu="381101" ecuMode="EcuType" id="nev18818457n3-nev18893663n1" read="100" type="REID" value="EEC6"><parameter id="nev18818457n3-nev18893664n1" name="Visning av fordonshastighet" textid="1022844"/></identifier></extension></node><node class="Components.ScriptButton" id="nev18818457n3-nev18893665n1" nodeid="Avaktivering" x="545" y="208"><gui height="35" id="nev18818457n3-nev18893666n1" width="95" x="15" y="360"/><property class="String" id="nev18818457n3-nev18893667n1" name="Text" type="In" value="" visible="1"/><property class="String" id="nev18818457n3-nev18893668n1" name="StartDisabled" type="Internal" value="false" visible="1"/><property class="String" id="nev18818457n3-nev18893669n1" name="StartVisible" type="Internal" value="true" visible="1"/><extension id="nev18818457n3-nev18893670n1"><phrase category="Title" id="nev18818457n3-nev18818449n2" phrase-urn="urn:x-nevis:phrase:0800c8af81916e1c">Deactivation</phrase></extension></node><node class="Components.ScriptButton" id="nev18818457n3-nev18893671n1" nodeid="Aktivering" x="541" y="20"><gui height="35" id="nev18818457n3-nev18893672n1" width="95" x="285" y="360"/><property class="String" id="nev18818457n3-nev18893673n1" name="Text" type="In" value="" visible="1"/><property class="String" id="nev18818457n3-nev18893674n1" name="StartDisabled" type="Internal" value="false" visible="1"/><property class="String" id="nev18818457n3-nev18893675n1" name="StartVisible" type="Internal" value="true" visible="1"/><extension id="nev18818457n3-nev18893676n1"><phrase category="Title" id="nev18818457n3-nev18818449n9" phrase-urn="urn:x-nevis:phrase:0800c8af81916e14">Activation</phrase></extension></node><node class="Components.InfoDisplay" id="nev18818457n3-nev18893677n1" nodeid="InfoDisplay1" x="676" y="404"><gui height="255" id="nev18818457n3-nev18893678n1" width="385" x="5" y="5"/><property class="String" id="nev18818457n3-nev18893679n1" name="Content" type="In" value="" visible="1"/><extension id="nev18818457n3-nev18893680n1"/></node><node class="Components.VehComm" id="nev18818457n3-nev18893681n1" nodeid="VehComm2" x="712" y="20"><property class="String" id="nev18818457n3-nev18893682n1" name="Mode" type="Internal" value="EcuType" visible="1"/><property class="Int" id="nev18818457n3-nev18893683n1" name="EcuType" type="In" value="381101" visible="0"/><property class="Int" id="nev18818457n3-nev18893684n1" name="ServiceId" type="In" value="119" visible="0"/><property class="String" id="nev18818457n3-nev18893685n1" name="EcuName" type="Out" value="" visible="1"/><property class="Response" id="nev18818457n3-nev18893686n1" name="Result" type="Out" value="" visible="1"/><property class="String" id="nev18818457n3-nev18893687n1" name="Identifier" type="In" value="EEC6" visible="0"/><property class="String" id="nev18818457n3-nev18893688n1" name="Value" type="In" value="01" visible="0"/><extension id="nev18818457n3-nev18893689n1"><insertparam id="nev18818457n3-nev18818451n3" name="Value"/><insertparam id="nev18818457n3-nev18818451n4" name="Identifier"/></extension></node><node class="Components.VehComm" id="nev18818457n3-nev18893690n1" nodeid="VehComm3" x="698" y="207"><property class="String" id="nev18818457n3-nev18893691n1" name="Mode" type="Internal" value="EcuType" visible="1"/><property class="Int" id="nev18818457n3-nev18893692n1" name="EcuType" type="In" value="381101" visible="0"/><property class="Int" id="nev18818457n3-nev18893693n1" name="ServiceId" type="In" value="119" visible="0"/><property class="String" id="nev18818457n3-nev18893694n1" name="EcuName" type="Out" value="" visible="1"/><property class="Response" id="nev18818457n3-nev18893695n1" name="Result" type="Out" value="" visible="1"/><property class="String" id="nev18818457n3-nev18893696n1" name="Identifier" type="In" value="EEC6" visible="0"/><property class="String" id="nev18818457n3-nev18893697n1" name="Value" type="In" value="00" visible="0"/><extension id="nev18818457n3-nev18893698n1"><insertparam id="nev18818457n3-nev18818452n4" name="Value"/><insertparam id="nev18818457n3-nev18818452n5" name="Identifier"/></extension></node></nodes><handlers id="nev18818457n3-nev18893699n1"><eventhandler id="nev18818457n3-nev18893700n1" name="OnStart" node="Start"><call id="nev18818457n3-nev18893701n1" method="Read" node="Parameter1"/><call id="nev18818457n3-nev18893702n1" method="UpdateTitles" node="Parameter1"/><call id="nev18818457n3-nev18893703n1" method="Execute" node="VehComm1"/></eventhandler><eventhandler id="nev18818457n3-nev18893704n1" name="Click" node="Hide"><call id="nev18818457n3-nev18893705n1" method="CloseDialog" node="ScriptComponent1"/></eventhandler><eventhandler id="nev18818457n3-nev18893706n1" name="OnNoResponse" node="ScriptComponent1"><call id="nev18818457n3-nev18893707n1" method="Run" node="RunScript1"/></eventhandler><eventhandler id="nev18818457n3-nev18893708n1" name="OnNoContact" node="ScriptComponent1"><call id="nev18818457n3-nev18893709n1" method="Run" node="RunScript2"/></eventhandler><eventhandler id="nev18818457n3-nev18893710n1" name="OnNegativeResponse" node="ScriptComponent1"><call id="nev18818457n3-nev18893711n1" method="Run" node="RunScript3"/></eventhandler><eventhandler id="nev18818457n3-nev18893712n1" name="OnFalse" node="Comparer1"><call id="nev18818457n3-nev18893713n1" method="Trigger" node="InfoDisplayContent1"/><call id="nev18818457n3-nev18893714n1" method="Enable" node="Hide"/></eventhandler><eventhandler id="nev18818457n3-nev18893715n1" name="OnTrue" node="Comparer1"><call id="nev18818457n3-nev18893716n1" method="Trigger" node="InfoDisplayContent2"/><call id="nev18818457n3-nev18893717n1" method="Enable" node="Avaktivering"/><call id="nev18818457n3-nev18893718n1" method="Enable" node="Aktivering"/></eventhandler><eventhandler id="nev18818457n3-nev18893719n1" name="OnPositiveResponse" node="VehComm1"><call id="nev18818457n3-nev18893720n1" method="Execute" node="ResponseGet1"/></eventhandler><eventhandler id="nev18818457n3-nev18893721n1" name="OnGet" node="ResponseGet1"><call id="nev18818457n3-nev18893722n1" method="Compare" node="Comparer1"/></eventhandler><eventhandler id="nev18818457n3-nev18893723n1" name="Click" node="Aktivering"><call id="nev18818457n3-nev18893724n1" method="Execute" node="VehComm2"/></eventhandler><eventhandler id="nev18818457n3-nev18893725n1" name="Click" node="Avaktivering"><call id="nev18818457n3-nev18893726n1" method="Execute" node="VehComm3"/></eventhandler><eventhandler id="nev18818457n3-nev18893727n1" name="OnPositiveResponse" node="VehComm3"><call id="nev18818457n3-nev18893728n1" method="Read" node="Parameter1"/></eventhandler><eventhandler id="nev18818457n3-nev18893729n1" name="OnPositiveResponse" node="VehComm2"><call id="nev18818457n3-nev18893730n1" method="Read" node="Parameter1"/></eventhandler><propertyhandler id="nev18818457n3-nev18893731n1" name="Content" node="InfoDisplayContent2"><set id="nev18818457n3-nev18893732n1" node="InfoDisplay1" property="Content"/></propertyhandler><propertyhandler id="nev18818457n3-nev18893733n1" name="Content" node="InfoDisplayContent1"><set id="nev18818457n3-nev18893734n1" node="InfoDisplay1" property="Content"/></propertyhandler><propertyhandler id="nev18818457n3-nev18893735n1" name="Result" node="VehComm1"><set id="nev18818457n3-nev18893736n1" node="ResponseGet1" property="InValue"/></propertyhandler><propertyhandler id="nev18818457n3-nev18893737n1" name="getDIM" node="ResponseGet1"><set id="nev18818457n3-nev18893738n1" node="Comparer1" property="Value1"/></propertyhandler><propertyhandler id="nev18818457n3-nev18893739n1" name="Visning av fordonshastighet" node="Parameter1"><set id="nev18818457n3-nev18893740n1" node="ParameterLabel1" property="Parameter"/></propertyhandler></handlers></content></script>