<?xml version="1.0" encoding="UTF-8"?><servinfosub IE-ID="en-US0900c8af8370ba05" docno="VCC-107338" id="KC01215701" servinfosubId="nev20687214n1-nev20687214n2" servinfosubRes="0900c8af862c2f74" servinfosubRes2="urn:x-nevis:fragment:0900c8af8370ba05:0900c8af862c2f74#nev20687214n2" xml:lang="en-US">
<title id="nev11996371n250">Throttle diagnostic</title>
<topic id="nev20687214n1-nev11996371n177">
<title id="nev20687214n1-nev11996371n176"/>
<para id="nev20687214n1-nev11996371n103">
<ptxt id="nev20687214n1-nev11996371n102">For more inform#@#@#201# see <xref id="nev20687214n1-nev11996371n29">
<ref id="nev20687214n1-nev11996388n242"/>
</xref> and <xref id="nev20687214n1-nev11996388n166">
<ref id="nev20687214n1-nev11996388n129"/>
</xref>.</ptxt>
</para>
</topic>
</servinfosub>