<?xml version="1.0" encoding="UTF-8"?><servinfosub IE-ID="en-US0900c8af836f4a05" docno="VCC-131413" id="KC01169184" xml:lang="en-US">
<title id="nev11986767n250">Engine block co#@#@#15#lling</title>
<procedure id="nev11986767n248">
<stepgrp id="nev11986767n246">
<note id="nev11986767n244">
<ptxt id="nev11986767n242">As the illustra#@#@#181#rect.</ptxt>
</note>
<procstep id="KC01169185">
<title id="nev11986767n240">Installing engi#@#@#14#nents</title>
<note id="nev11986767n238">
<ptxt id="nev11986767n236">Always use new #@#@#105#ipe. </ptxt>
</note>
<note id="nev11986767n234">
<ptxt id="nev11986767n232">For tightening #@#@#8# see <xref id="nev11986767n230">
<ref id="KC08998838"/>
</xref>. </ptxt>
</note>
<para id="nev11986767n225">
<ptxt id="nev11986767n223">In case of doub#@#@#20# see <xref id="nev11986767n221">
<ref id="KC08998839"/>
</xref>. </ptxt>
</para>
<caution id="nev11986767n214">
<ptxt id="nev11986767n212">
<emph id="nev11986767n210">S80, V70 2000-,#@#@#21# XC90</emph> also see <xref id="nev11986767n208">
<ref id="KC08998840"/>
</xref>.</ptxt>
</caution>
</procstep>
<procstep id="KC01169186">
<title id="nev11986767n203">Installing the #@#@#21#plate</title>
<para id="nev11986767n201">
<ptxt id="nev11986767n199">For <emph id="nev11986767n197">S80, V70 2000-,#@#@#15#, S60</emph> see also <xref id="nev11986767n195">
<ref id="KC08998841"/>
</xref>.</ptxt>
<ptxt id="nev11986767n190">For <emph id="nev11986767n188">V70 2000-, V70 #@#@#10#, AWD</emph> see <xref id="nev11986767n186">
<ref id="KC08998842"/>
</xref>. </ptxt>
<ptxt id="nev11986767n181">For <emph id="nev11986767n179">XC90</emph> see <xref id="nev11986767n177">
<ref id="KC08998843"/>
</xref>.</ptxt>
</para>
</procstep>
</stepgrp>
</procedure>
</servinfosub>