<?xml version="1.0" encoding="UTF-8"?><servinfosub IE-ID="en-US0900c8af863f0a05" docno="VCC-370613" id="nev13714298n1" original="sv-SE" servinfosubId="nev13714299n1-nev20987085n1" servinfosubRes="0900c8af864e8d0b" servinfosubRes2="urn:x-nevis:fragment:0900c8af863f0a05:0900c8af864e8d0b#nev20987085n1" xml:lang="en-US">
<operationnumbers>
<operationnumber>39558-2</operationnumber>
</operationnumbers>
<title id="nev13714297n14">Dashboard speaker</title>
<procedure id="nev13714299n1-nev21378410n69">
<stepgrp boilerplate="false" context="" id="nev13714299n1-nev21378410n68">
<title id="nev13714299n1-nev21378410n67">Removal</title>
<procstep id="nev13714299n1-nev21378410n66">
<para id="nev13714299n1-nev21378410n62">
<ptxt id="nev13714299n1-nev21378410n64">Remove grille s#@#@#18#panel<xref boilerplate="true" id="nev13714299n1-nev21378410n65">
<ref id="nev13714299n1-nev21378410n63"/>
</xref>
</ptxt>
</para>
</procstep>
<procstep id="nev13714299n1-nev21378410n61">
<grate id="nev13714299n1-nev21378410n59">
<graphic id="nev13714299n1-nev21378410n60">
<href>0900c8af864e8ca#@#@#9#.jpeg</href>
</graphic>
<graphtext id="nev13714299n1-nev21378445n1">
<caution id="nev13714299n1-nev21378410n58">
<ptxt>Take extra care#@#@#25#ents.</ptxt>
</caution>
<para id="nev13714299n1-nev21378410n56">
<ptxt id="nev13714299n1-nev21378410n57">Remove the screws.</ptxt>
</para>
</graphtext>
</grate>
</procstep>
<procstep id="nev13714299n1-nev21378410n55">
<grate id="nev13714299n1-nev21378410n53">
<graphic id="nev13714299n1-nev21378410n54">
<href>0900c8af864e8af#@#@#9#.jpeg</href>
</graphic>
<graphtext id="nev13714299n1-nev21378449n1">
<para id="nev13714299n1-nev21378410n51">
<ptxt id="nev13714299n1-nev21378410n52">Disconnect the #@#@#6#tors.</ptxt>
</para>
</graphtext>
</grate>
</procstep>
</stepgrp>
<stepgrp boilerplate="false" context="" id="nev13714299n1-nev21378410n50">
<title id="nev13714299n1-nev21378410n49">Installation</title>
<procstep id="nev13714299n1-nev21378410n48">
<para id="nev13714299n1-nev21378410n46">
<ptxt id="nev13714299n1-nev21378410n47">To install, rev#@#@#22#dure.</ptxt>
</para>
</procstep>
</stepgrp>
</procedure>
</servinfosub>