<?xml version="1.0" encoding="UTF-8"?><script xmlns:nevis="http://www.volvocars.com/namespaces/processing" xmlns:xlink="http://www.w3.org/1999/xlink" IE-ID="en-US0900c8af8705fa05" docno="VCC-488044" id="nev24320344n1" nevis:expl-profile="mdl120yr2018" nevis:profile="urn:x-nevis:profile:0b00c8af877ef42d" nevis:projectdocument="urn:x-nevis:projectdocument:0800c8af8705f9e1" nevis:resource="0900c8af87a7776b" nevis:resource2="urn:x-nevis:fragment:0900c8af8705fa05:0900c8af87a7776b#nev24320344n1" nevis:session-id="" qualifierinfotype="14:00" xml:lang="en-US"><title id="nev24320344n2">CheckFlexrayEcu#@#@#35#2018-</title><content id="nev24320344n3-nev24320345n1" nevis:expl-profile="mdl120yr2018" nevis:idfrom="nev24320344n3" nevis:prefix="nev24320344n3" nevis:profile="urn:x-nevis:profile:0b00c8af877ef42d" nevis:resource="0900c8af87a77769" nevis:resource2="urn:x-nevis:fragment:0900c8af8705fa05:0900c8af87a77769#nev24320345n1" xml:lang="en-US"><nodes id="nev24320344n3-nev24320345n2"/><SpaScript Id="04a15dcc-57f6-4d64-918f-7a0dd0f2392c" Name="CheckFlexrayEcus_CommunicationAndSession, HRE P5, 2018-" Type="Diagnostic" id="nev24320344n3-nev27756428n1"><Module IsEventHandler="false" Name="Main" id="nev24320344n3-nev27756429n1"><Variable Annotation="" Id="FlexrayEcusNormal" Scope="Output" Type="Boolean" id="nev24320344n3-nev27756430n1"/><Component Annotation="" ComponentId="CallModule_Check" id="nev24320344n3-nev27756431n1"><CallModule id="nev24320344n3-nev27756433n1"><Input Module="CheckFlexray" OutputType="Object" id="nev24320344n3-nev27756434n1"/></CallModule></Component><Component Annotation="" ComponentId="AssignValue_output_FlexrayEcusNormal" id="nev24320344n3-nev27756435n1"><AssignValue id="nev24320344n3-nev27756436n1"><Input AssignTo="{FlexrayEcusNormal}" Value="{CallModule_Check_Result}" id="nev24320344n3-nev27756437n1"/></AssignValue></Component></Module><Module IsEventHandler="false" Name="Final" id="nev24320344n3-nev27756438n1"/><PythonModule Name="CheckFlexrayEcus" id="nev24320344n3-nev27756440n1">Iw0KIw0KIw0KZGV#@#@#4188#NCg==</PythonModule><PythonModule Name="RequestFunctionalPhysical" id="nev24320344n3-nev27756441n1">aW1wb3J0IHRpbWU#@#@#2324#zdWx0</PythonModule><PythonModule Name="EcuList" id="nev24320344n3-nev27756442n1">IwlWMS4wIEhSRS4#@#@#1120#sdWU=</PythonModule><PythonModule Name="FixFlexrayEcus" id="nev24320344n3-nev27756443n1">aW1wb3J0IHRpbWU#@#@#3440#pb24=</PythonModule></SpaScript></content></script>