<?xml version="1.0" encoding="UTF-8"?><servinfosub IE-ID="en-US0900c8af81a95516" docno="VCC-157726" id="KC07197176" xml:lang="en-US">
<title>
<phrase category="" id="KC07197180" phrase-urn="urn:x-nevis:phrase:0800c8af81a95518">Diagnostic trou#@#@#30#-1A5D</phrase>
</title>
<diagnostic type="condition">
<condgrp>
<condition type="condition">
<grate>
<graphic id="KC07197181">
<href>0900c8af8005ad8#@#@#9#.jpeg</href>
</graphic>
<graphtext>
<para>
<ptxt>
<phrase category="" id="KC07197182" phrase-urn="urn:x-nevis:phrase:0800c8af81a95519">The diagnostic #@#@#151#ting.</phrase>
</ptxt>
</para>
<para>
<ptxt>
<phrase category="" id="KC07197183" phrase-urn="urn:x-nevis:phrase:0800c8af81a9551a">The diagnostic #@#@#87#nds. </phrase>
</ptxt>
</para>
<note>
<ptxt>
<phrase category="" id="KC07197184" phrase-urn="urn:x-nevis:phrase:0800c8af81a9551b">In the event of#@#@#202#AN)! </phrase>
</ptxt>
</note>
</graphtext>
</grate>
</condition>
</condgrp>
<condgrp>
<condition type="substitution">
<list1 enumtype="d" type="unordered">
<item>
<ptxt>
<phrase category="" id="KC07197185" phrase-urn="urn:x-nevis:phrase:0800c8af81a9551c">None.</phrase>
</ptxt>
</item>
</list1>
</condition>
<ps>
<list1 enumtype="d" type="unordered">
<item>
<ptxt>
<phrase category="" id="KC07197186" phrase-urn="urn:x-nevis:phrase:0800c8af81a9551d">No power supply#@#@#32#ETM) </phrase>
</ptxt>
</item>
<item>
<ptxt>
<phrase category="" id="KC07197187" phrase-urn="urn:x-nevis:phrase:0800c8af81a9551e">Open-circuit in#@#@#53#ETM) </phrase>
</ptxt>
</item>
<item>
<ptxt>
<phrase category="" id="KC07197188" phrase-urn="urn:x-nevis:phrase:0800c8af81a9551f">Contact resista#@#@#15#inals</phrase>
</ptxt>
</item>
<item>
<ptxt>
<phrase category="" id="KC07197189" phrase-urn="urn:x-nevis:phrase:0800c8af81a95520">Open-circuit in#@#@#77#(ETM)</phrase>
</ptxt>
</item>
<item>
<ptxt>
<phrase category="" id="KC07197190" phrase-urn="urn:x-nevis:phrase:0800c8af81a95521">The electronic #@#@#120#re). </phrase>
</ptxt>
</item>
</list1>
<hint>
<ptxt>
<phrase category="" id="KC07197191" phrase-urn="urn:x-nevis:phrase:0800c8af81a95522">If several diag#@#@#243#gram.</phrase>
</ptxt>
</hint>
</ps>
</condgrp>
<condgrp>
<condition type="symptom">
<list1 enumtype="d" type="unordered">
<item>
<ptxt>
<phrase category="" id="KC07197192" phrase-urn="urn:x-nevis:phrase:0800c8af81a95523">No accelerator #@#@#15#onse.</phrase>
</ptxt>
</item>
<item>
<ptxt>
<phrase category="" id="KC07197193" phrase-urn="urn:x-nevis:phrase:0800c8af81a95524">Malfunction ind#@#@#17# lit.</phrase>
</ptxt>
</item>
</list1>
</condition>
</condgrp>
</diagnostic>
</servinfosub>