<?xml version="1.0" encoding="UTF-8"?><servinfosub IE-ID="en-US0900c8af84276516" docno="VCC-153871" id="KC02758744" xml:lang="en-US">
<title>
<phrase category="" id="KC09472079" phrase-urn="urn:x-nevis:phrase:0800c8af8270d0f0">Signal too low</phrase>
</title>
<diagnostic j2008use="1" layout="0" paperuse="1" screenuse="1" type="test">
<testgrp IE-ID="en-US0900c8af84276516_KC02775643" id="KC02775643" j2008use="1" paperuse="1" resumable="1" screenuse="1" testgrp-id="node1" x="80" y="120">
<title>
<phrase category="" id="KC09472080" phrase-urn="urn:x-nevis:phrase:0800c8af8270d0f1">Checking the status</phrase>
</title>
<node>
<test1>
<diaglist>
<dgraphic>
<dgraphic1>
<graphic id="KC09472081">
<href>0900c8af80054d5#@#@#9#.jpeg</href>
</graphic>
</dgraphic1>
</dgraphic>
<ditem>
<ptxt>
<phrase category="" id="KC09472082" phrase-urn="urn:x-nevis:phrase:0800c8af8270d0f2">Ignition on.</phrase>
</ptxt>
</ditem>
</diaglist>
<test2>
<para>
<ptxt>
<phrase category="" id="KC09472083" phrase-urn="urn:x-nevis:phrase:0800c8af8270d0f3">Activate the se#@#@#12#nder.</phrase>
</ptxt>
</para>
<para>
<ptxt>
<phrase category="" id="KC09472084" phrase-urn="urn:x-nevis:phrase:0800c8af8270d0da">Check if the fa#@#@#28#tent.</phrase>
</ptxt>
</para>
<para>
<ptxt>
<phrase category="" id="KC09472085" phrase-urn="urn:x-nevis:phrase:0800c8af8270d0db">The seat belt r#@#@#24#tion.</phrase>
</ptxt>
</para>
<para>
<ptxt>
<phrase category="" id="KC09472086" phrase-urn="urn:x-nevis:phrase:0800c8af8270d0dc">The fault is pe#@#@#47#vate.</phrase>
</ptxt>
</para>
<para>
<ptxt>
<phrase category="" id="KC09472087" phrase-urn="urn:x-nevis:phrase:0800c8af8270d0dd">If the seat bel#@#@#152#tent.</phrase>
</ptxt>
</para>
<diaglist>
<dgraphic>
<dgraphic2>
<graphic id="KC09472088">
<href>0900c8af86c8681#@#@#9#.jpeg</href>
</graphic>
<smarttool active="press" id="KC09472089" toolname="YCEM002A"/>
</dgraphic2>
</dgraphic>
</diaglist>
</test2>
</test1>
<question>
Select Continue.
</question>
<resact-grp>
<result button="cont" comp="button" highlight="0"/>
<action j2008use="1" paperuse="1" screenuse="1">
<ptxt>
<xref>
<ref id="KC09472092"/>
</xref>
</ptxt>
</action>
</resact-grp>
</node>
</testgrp>
<testgrp id="KC02775644" j2008use="1" paperuse="1" resumable="1" screenuse="1" testgrp-id="node2" x="60" y="240">
<title>
<phrase category="" id="KC09472093" phrase-urn="urn:x-nevis:phrase:0800c8af8270d0e0">Checking the co#@#@#13#iring</phrase>
</title>
<node>
<test1>
<test2>
<para>
<ptxt>
<phrase category="" id="KC09472094" phrase-urn="urn:x-nevis:phrase:0800c8af8270d0e1">Check the volta#@#@#171#ated.</phrase>
</ptxt>
</para>
<para>
<ptxt>
<phrase category="" id="KC09472095" phrase-urn="urn:x-nevis:phrase:0800c8af8270d0e2">Check the contr#@#@#48#ound.</phrase>
</ptxt>
</para>
<para>
<ptxt>
<phrase category="" id="KC09472096" phrase-urn="urn:x-nevis:phrase:0800c8af8270d0e3">Take readings b#@#@#2#ween:</phrase>
</ptxt>
</para>
<list1 enumtype="d" type="unordered">
<item>
<ptxt>
<phrase category="" id="KC09472097" phrase-urn="urn:x-nevis:phrase:0800c8af8270d0e4">Central electro#@#@#67#l #4.</phrase>
</ptxt>
</item>
</list1>
<para>
<ptxt>
<phrase category="" id="KC09472098" phrase-urn="urn:x-nevis:phrase:0800c8af8270d0e5">Remedy as necessary.</phrase>
</ptxt>
</para>
<list1 enumtype="d" type="unordered">
<title>
<phrase category="" id="KC09472099" phrase-urn="urn:x-nevis:phrase:0800c8af8270d0e6">Other information</phrase>
</title>
<item>
<ptxt>
<xref id="nev12695497n100">
<ref id="l1171624467308"/>
</xref>
</ptxt>
</item>
<item>
<ptxt>
<xref id="nev12695504n100">
<ref id="l1171624481588"/>
</xref>
</ptxt>
</item>
<item>
<ptxt>
<xref id="nev12695497n96">
<ref id="l1171624497791"/>
</xref>
</ptxt>
</item>
<item>
<ptxt>
<xref id="nev13413671n100">
<ref id="l1171624517353"/>
</xref>
</ptxt>
</item>
<item>
<ptxt>
<xref id="nev12695497n92">
<ref id="l1171624535681"/>
</xref>
</ptxt>
</item>
</list1>
<diaglist>
<dgraphic>
<dgraphic1>
<graphic id="KC09472110">
<href>0900c8af80058b0#@#@#9#.jpeg</href>
</graphic>
</dgraphic1>
<dgraphic2>
<graphic id="KC09472111">
<href>0900c8af80054d4#@#@#9#.jpeg</href>
</graphic>
<smarttool active="press" id="KC09472112" toolname="ODAH"/>
</dgraphic2>
</dgraphic>
</diaglist>
</test2>
</test1>
<question>
Select Continue.
</question>
<resact-grp>
<result button="cont" comp="button" highlight="0"/>
<action j2008use="1" paperuse="1" screenuse="1">
<ptxt>
<xref>
<ref id="KC09472115"/>
</xref>
</ptxt>
</action>
</resact-grp>
</node>
</testgrp>
<testgrp id="KC02775645" j2008use="1" paperuse="1" resumable="1" screenuse="1" testgrp-id="veria" x="80" y="420">
<title>
<phrase category="" id="KC09472116" phrase-urn="urn:x-nevis:phrase:0800c8af8270d0ee">Verification</phrase>
</title>
<subcalloutnode>
<diagcallout>
<xref>
<ref id="KC09472117"/>
</xref>
</diagcallout>
<rescall-grp>
<result comp="string" highlight="0" op="eq" return="VERIFIED"/>
<calloutaction>
<return value="FAULT FOUND"/>
</calloutaction>
</rescall-grp>
<rescall-grp>
<result comp="string" highlight="0" op="eq" return="VERIFICATION FAILED"/>
<calloutaction>
<ptxt>
<xref>
<ref id="KC09472118"/>
</xref>
</ptxt>
</calloutaction>
</rescall-grp>
</subcalloutnode>
</testgrp>
<testgrp id="KC02775646" j2008use="1" paperuse="1" resumable="1" screenuse="1" testgrp-id="info1" x="80" y="560">
<title>
<phrase category="" id="KC09472119" phrase-urn="urn:x-nevis:phrase:0800c8af8270d0ef">Fault-tracing i#@#@#5#ation</phrase>
</title>
<subcalloutnode>
<diagcallout>
<xref>
<ref id="KC09472120"/>
</xref>
</diagcallout>
<rescall-grp>
<result comp="string" highlight="0" op="eq" return="FAULTTRACING FAILED"/>
<calloutaction>
<return value="FAULTTRACING FAILED"/>
</calloutaction>
</rescall-grp>
<rescall-grp>
<result comp="string" highlight="0" op="eq" return="NEW TRY"/>
<calloutaction>
<ptxt>
<xref>
<ref id="KC09472121"/>
</xref>
</ptxt>
</calloutaction>
</rescall-grp>
</subcalloutnode>
</testgrp>
</diagnostic>
</servinfosub>