<?xml version="1.0" encoding="UTF-8"?><servinfosub IE-ID="en-US0900c8af851a5516" docno="VCC-423791" id="nev16394171n1" xml:lang="en-US">
<title>
<phrase category="Title" id="nev16394171n2" phrase-urn="urn:x-nevis:phrase:0800c8af81eb9a54">Diagnostic trou#@#@#21#ation</phrase>
<phrase category="Prefix" id="nev16394171n3" phrase-urn="urn:x-nevis:phrase:0800c8af8015c3f5">ECM</phrase>-P213862</title>
<diagnostic j2008use="1" paperuse="1" screenuse="1" type="condition">
<condgrp>
<condition type="condition">
<grate id="nev16394171n4">
<graphic id="nev16394171n5">
<href>0900c8af804454f#@#@#9#.jpeg</href>
</graphic>
</grate>
<para id="nev16394171n6">
<ptxt id="nev16394171n7">
<phrase category="Condition" id="nev16394171n8" phrase-urn="urn:x-nevis:phrase:0800c8af83f0687f">The analogue si#@#@#104#CEM).</phrase>
<phrase category="Condition" id="nev16394171n9" phrase-urn="urn:x-nevis:phrase:0800c8af83f0687f">The analogue si#@#@#104#CEM).</phrase>
<phrase category="Condition" id="nev16394171n10" phrase-urn="urn:x-nevis:phrase:0800c8af83f0a0af">The signal is s#@#@#89#ECM).</phrase>
<phrase category="Condition" id="nev16394172n1" phrase-urn="urn:x-nevis:phrase:0800c8af832f9fef">The pulse width#@#@#77#ECM).</phrase>
</ptxt>
</para>
<para id="nev16394172n2">
<ptxt id="nev16394172n3">
<phrase category="Condition" id="nev16394172n4" phrase-urn="urn:x-nevis:phrase:0800c8af82c4843c">The diagnostic #@#@#59#that:</phrase>
</ptxt>
</para>
<list1 id="nev16394172n5">
<item id="nev16394172n6">
<ptxt id="nev16394172n7">
<phrase category="Condition" id="nev16394172n8" phrase-urn="urn:x-nevis:phrase:0800c8af83f0d67f">The analogue si#@#@#87#ther.</phrase>
</ptxt>
</item>
</list1>
<para id="nev16394172n9">
<ptxt id="nev16394172n10">
<phrase category="Condition" id="nev16394173n1" phrase-urn="urn:x-nevis:phrase:0800c8af82c479d6">The control mod#@#@#67#t of:</phrase>
</ptxt>
</para>
<list1 id="nev16394173n2">
<item id="nev16394173n3">
<ptxt id="nev16394173n4">
<phrase category="Condition" id="nev16394173n5" phrase-urn="urn:x-nevis:phrase:0800c8af83023a3b">Engine running.</phrase>
</ptxt>
</item>
</list1>
<note id="nev16394173n6">
<ptxt id="nev16394173n7">
<phrase category="Condition" id="nev16394173n8" phrase-urn="urn:x-nevis:phrase:0800c8af82c4844b">The control mod#@#@#132# met.</phrase>
</ptxt>
</note>
</condition>
</condgrp>
<condgrp>
<condition type="substitution">
<list1 enumtype="d" type="unordered">
<item>
<ptxt>
<phrase category="Substitution" id="nev16394173n9" phrase-urn="urn:x-nevis:phrase:0800c8af838f1674">Torque limitation</phrase>
</ptxt>
</item>
</list1>
</condition>
<ps>
<list1 enumtype="d" type="unordered">
<item id="nev16394173n10">
<ptxt id="nev16394174n1">
<phrase category="Possible source" id="nev16394174n2" phrase-urn="urn:x-nevis:phrase:0800c8af81eb9604">Contact resista#@#@#29#nals.</phrase>
</ptxt>
</item>
<item id="nev16394174n3">
<ptxt id="nev16394174n4">
<phrase category="Possible source" id="nev16394174n5" phrase-urn="urn:x-nevis:phrase:0800c8af81eabaa7">Fault-trace the#@#@#28#CEM).</phrase>
</ptxt>
</item>
<item id="nev16394174n6">
<ptxt id="nev16394174n7">
<phrase category="Possible source" id="nev16394174n8" phrase-urn="urn:x-nevis:phrase:0800c8af83f0a0dc">Fault in the ac#@#@#42#ignal</phrase>
</ptxt>
</item>
<item id="nev16394174n9">
<ptxt id="nev16394174n10">
<phrase category="Possible source" id="nev16394175n1" phrase-urn="urn:x-nevis:phrase:0800c8af83f0a0e6">Fault in the an#@#@#45#ignal</phrase>
</ptxt>
</item>
<item id="nev16394175n2">
<ptxt id="nev16394175n3">
<phrase category="Possible source" id="nev16394175n4" phrase-urn="urn:x-nevis:phrase:0800c8af81eabb2a">Damaged acceler#@#@#27#nsor.</phrase>
</ptxt>
</item>
</list1>
</ps>
</condgrp>
<condgrp>
<condition type="symptom">
<list1 enumtype="d" type="unordered">
<item>
<ptxt>
<phrase category="Symptom CSC" id="nev16394175n5" phrase-urn="urn:x-nevis:phrase:0800c8af8388f137">IV, Text window#@#@#27#ssage</phrase>
</ptxt>
</item>
<item id="nev16394175n6">
<ptxt id="nev16394175n7">
<phrase category="Symptom CSC" id="nev16394175n8" phrase-urn="urn:x-nevis:phrase:0800c8af8388f019">AJ, Driving/Poo#@#@#20#power</phrase>
</ptxt>
</item>
</list1>
</condition>
</condgrp>
</diagnostic>
</servinfosub>