<?xml version="1.0" encoding="UTF-8"?><script xmlns:nevis="http://www.volvocars.com/namespaces/processing" xmlns:xlink="http://www.w3.org/1999/xlink" IE-ID="en-US0900c8af87404516" docno="VCC-493787" id="nev25054261n1" nevis:expl-profile="mdl234yr2017, mdl235yr2017, mdl236yr2017" nevis:profile="urn:x-nevis:profile:0b00c8af86dd9c00 urn:x-nevis:profile:0b00c8af86dd9c01 urn:x-nevis:profile:0b00c8af86dd9c02" nevis:projectdocument="urn:x-nevis:projectdocument:0800c8af874044ca" nevis:resource="0900c8af87404588" nevis:resource2="urn:x-nevis:fragment:0900c8af87404516:0900c8af87404588#nev25054261n1" nevis:session-id="" qualifierinfotype="14:06" xml:lang="en-US"><title id="nev25054261n2"><phrase category="Title" id="nev25054261n3" phrase-urn="urn:x-nevis:phrase:0800c8af86f03262">Component test:</phrase><phrase category="Generic Component" id="nev25054275n1" phrase-urn="urn:x-nevis:phrase:0800c8af86ca46dc">Reverse inhibitor</phrase></title><content id="nev25054261n5-nev25054262n1" nevis:expl-profile="mdl234yr2017, mdl235yr2017, mdl236yr2017" nevis:idfrom="nev25054261n5" nevis:prefix="nev25054261n5" nevis:profile="urn:x-nevis:profile:0b00c8af86dd9c00 urn:x-nevis:profile:0b00c8af86dd9c01 urn:x-nevis:profile:0b00c8af86dd9c02" nevis:resource="0900c8af8740458a" nevis:resource2="urn:x-nevis:fragment:0900c8af87404516:0900c8af8740458a#nev25054262n1" xml:lang="en-US"><nodes id="nev25054261n5-nev25054262n2"/><SpaScript Id="4b7159da-98df-4230-98ef-12e4c5278aab" Name="Component test: Reverse inhibitor " Type="FaultTracing" id="nev25054261n5-nev25054277n1"><Module Annotation="First we run the generic component test module.&#xD;&#xA;After that you can put your individual&#xD;&#xA;component tests..." IsEventHandler="false" Name="Main" id="nev25054261n5-nev25054278n1"><Variable Annotation="" Id="test_remove" Scope="Local" Type="InfoDisplay" id="nev25054261n5-nev25054279n1"><Value Type="InfoDisplayVariable" id="nev25054261n5-nev25054280n1"><infoDisplay id="nev25054261n5-nev25054262n7"><title id="nev25054261n5-nev25054262n8"><freeText id="nev25054261n5-nev25054262n9">Test Test Test</freeText></title><para id="nev25054261n5-nev25054262n10"><freeText id="nev25054261n5-nev25054263n1">Detta är den ge#@#@#45#p... </freeText></para><para id="nev25054261n5-nev25054263n2"><freeText id="nev25054261n5-nev25054263n3">Denna text visa#@#@#42#erats</freeText></para></infoDisplay></Value></Variable><Variable Annotation="" Id="Input" Scope="Input" Type="FaultTracing.Input" id="nev25054261n5-nev25054281n1"/><Component Annotation="Generic test to inform about the DTC condition for faulttracing this cmponent." ComponentId="CallModule_GenericComponentTest" id="nev25054261n5-nev25054282n1"><CallModule id="nev25054261n5-nev25054283n1"><Input Module="GenericComponentTest" id="nev25054261n5-nev25054284n1"><Arg Value="{Input}" id="nev25054261n5-nev25054285n1"/></Input></CallModule></Component><Component ComponentId="RunScript1" id="nev25054261n5-nev25054286n1"><RunScript id="nev25054261n5-nev25054287n1"><Input id="nev25054261n5-nev25054288n1"><NevisLink ProjectDocumentId="0800c8af87403d4f" VCCNumber="VCC-493767-1" VariantId="0900c8af87403d95" id="nev25054261n5-nev25054289n1"/><Contract id="nev25054261n5-nev25054290n1"/><Arguments id="nev25054261n5-nev25054291n1"/><NevisXRef id="nev25054261n5-nev25054292n1"><ref id="nev25054261n5-nev25054276n1"><locator xlink:href="#nev25054261n5-nev25054276n1" xlink:type="locator"/><locator xlink:href="urn:x-nevis:xref:0800c8af87403d4f:00000000:00000000#nev25050933n1" xlink:type="locator"/><arc nevis:href="urn:x-nevis:xref:0800c8af87403d4f:00000000:00000000#nev25050933n1" xlink:title="VCC-493767, Component test: Reverse inhibitor" xlink:type="arc"/></ref></NevisXRef></Input></RunScript></Component></Module><Module IsEventHandler="false" Name="Final" id="nev25054261n5-nev25054296n1"/><Module Annotation="Do not touch!" IsEventHandler="false" Name="GenericComponentTest" id="nev25054261n5-nev25054297n1"><Variable Annotation="" Id="InfoDisplayFromGenericLogic" Scope="Local" Type="InfoDisplay" id="nev25054261n5-nev25054298n1"><Value Type="InfoDisplayVariable" id="nev25054261n5-nev25054299n1"><infoDisplay id="nev25054261n5-nev25054265n1"/></Value></Variable><Variable Annotation="" Id="DTCs" Scope="Input" Type="List[String]" id="nev25054261n5-nev25054300n1"/><Component ComponentId="Logger_running_generic" id="nev25054261n5-nev25054301n1"><Logger id="nev25054261n5-nev25054302n1"><Input Text="Running module GenericComponenttest in component test 14:06..........   --- Version: 2015-01-23," id="nev25054261n5-nev25054303n1"/></Logger></Component><Component Annotation="Run the Generic Logic 14:00" ComponentId="RunScript_generic_logic" id="nev25054261n5-nev25054304n1"><RunScript id="nev25054261n5-nev25054305n1"><Input id="nev25054261n5-nev25054306n1"><NevisLink ProjectDocumentId="0800c8af86b6bb5c" VCCNumber="VCC-479232-1" VariantId="0900c8af86b6bb6b" id="nev25054261n5-nev25054307n1"/><Contract id="nev25054261n5-nev25054308n1"><InputVariable Name="DTC_input_data" Type="FaultTracing.Input" id="nev25054261n5-nev25054309n1"/><OutputVariable Name="Error" Type="Double" id="nev25054261n5-nev25054310n1"/><OutputVariable Name="ReturnInfoDisplay" Type="InfoDisplay" id="nev25054261n5-nev25054311n1"/><OutputVariable Name="Only_UC_since_LC" Type="Double" id="nev25054261n5-nev25054312n1"/><OutputVariable Name="TF_since_LC_TestPassedNow" Type="Double" id="nev25054261n5-nev25054313n1"/><OutputVariable Name="TF_since_LC_TestNotRunning" Type="Double" id="nev25054261n5-nev25054314n1"/><OutputVariable Name="TF_since_LC_and_UC_this_OC" Type="Double" id="nev25054261n5-nev25054315n1"/><OutputVariable Name="FaultFreeComponent" Type="Double" id="nev25054261n5-nev25054316n1"/></Contract><Arguments InputValue1="{DTCs}" id="nev25054261n5-nev25054317n1"/><NevisXRef id="nev25054261n5-nev25054266n10"><ref id="nev25054261n5-nev25054267n1"><locator xlink:href="#nev25054261n5-nev25054267n1" xlink:type="locator"/><locator xlink:href="urn:x-nevis:xref:0800c8af86b6bb5c:00000000:00000000#nev22873702n1" xlink:type="locator"/><arc nevis:href="urn:x-nevis:xref:0800c8af86b6bb5c:00000000:00000000#nev22873702n1" xlink:title="VCC-479232, Generic logic for component test" xlink:type="arc"/></ref></NevisXRef></Input></RunScript></Component><If Annotation="if no error show generic info about DTC status for component" LogicId="If_no_error" id="nev25054261n5-nev25054321n1"><LogicStatement Expression="RunScript_generic_logic_Result.Error == False" id="nev25054261n5-nev25054322n1"/><True id="nev25054261n5-nev25054323n1"><Component ComponentId="Logger_showing_infodisplay" id="nev25054261n5-nev25054324n1"><Logger id="nev25054261n5-nev25054325n1"><Input Text="Showing information from generic logic script" id="nev25054261n5-nev25054326n1"/></Logger></Component><Component Annotation="From infodisplay returned by generic logic to a local infodisplay variable due to a bug in SPASE " ComponentId="AssignValue_Infodisplay" id="nev25054261n5-nev25054327n1"><AssignValue id="nev25054261n5-nev25054328n1"><Input AssignTo="{InfoDisplayFromGenericLogic}" Value="{RunScript_generic_logic_Result ReturnInfoDisplay}" id="nev25054261n5-nev25054329n1"/></AssignValue></Component><Component Annotation="Result from the generic logic 14:00" ComponentId="DisplayInformation_FromGenericLogic" id="nev25054261n5-nev25054330n1"><DisplayInformation id="nev25054261n5-nev25054331n1"><Input ButtonType="0" InfoDisplay="{InfoDisplayFromGenericLogic}" id="nev25054261n5-nev25054332n1"/></DisplayInformation></Component><If Annotation="If component only has unconfirmed DTC" LogicId="If_OnlyUnconfirmed" id="nev25054261n5-nev25054333n1"><LogicStatement Expression="RunScript_generic_logic_Result.Only_UC_since_LC == True" id="nev25054261n5-nev25054334n1"/><True id="nev25054261n5-nev25054335n1"><Component ComponentId="Logger_onlyUnconfirmed" id="nev25054261n5-nev25054336n1"><Logger id="nev25054261n5-nev25054337n1"><Input Text="The component Test 14:06, Module: GenericcomponentTest is now starting the 14:00 generic script for only unconfirmed since generic logic responded that there was only unconfirmed DTC" id="nev25054261n5-nev25054338n1"/></Logger></Component><Component Annotation="Generic Logic only for unconfirmed faulttracing" ComponentId="RunScript_OnlyUnconfirmed" id="nev25054261n5-nev25054339n1"><RunScript id="nev25054261n5-nev25054340n1"><Input id="nev25054261n5-nev25054341n1"><NevisLink ProjectDocumentId="0800c8af86bbe0d4" VCCNumber="VCC-479592-1" VariantId="0900c8af86bbddf9" id="nev25054261n5-nev25054342n1"/><Contract id="nev25054261n5-nev25054343n1"><InputVariable Name="AttemptNo" Type="Double" id="nev25054261n5-nev25054344n1"/><InputVariable Name="DTCs" Type="List[String]" id="nev25054261n5-nev25054345n1"/><OutputVariable Name="Verified" Type="Double" id="nev25054261n5-nev25054346n1"/><OutputVariable Name="ReturningInfodisplay" Type="InfoDisplay" id="nev25054261n5-nev25054347n1"/></Contract><Arguments InputValue1="1" InputValue2="{DTCs}" id="nev25054261n5-nev25054348n1"/><NevisXRef id="nev25054261n5-nev25054269n10"><ref id="nev25054261n5-nev25054270n1"><locator xlink:href="#nev25054261n5-nev25054270n1" xlink:type="locator"/><locator xlink:href="urn:x-nevis:xref:0800c8af86bbe0d4:00000000:00000000#nev22964386n1" xlink:type="locator"/><arc nevis:href="urn:x-nevis:xref:0800c8af86bbe0d4:00000000:00000000#nev22964386n1" xlink:title="VCC-479592, GenericLogicForOnlyUnconfirmedComponentTest" xlink:type="arc"/></ref></NevisXRef></Input></RunScript></Component><Component ComponentId="AssignValue_infodisplay" id="nev25054261n5-nev25054352n1"><AssignValue id="nev25054261n5-nev25054353n1"><Input AssignTo="{InfoDisplayFromGenericLogic}" Value="{RunScript_OnlyUnconfirmed_Result ReturningInfodisplay}" id="nev25054261n5-nev25054354n1"/></AssignValue></Component><Component ComponentId="DisplayInformation_ResultOnlyUnconfirmed" id="nev25054261n5-nev25054355n1"><DisplayInformation id="nev25054261n5-nev25054356n1"><Input ButtonType="0" InfoDisplay="{InfoDisplayFromGenericLogic}" id="nev25054261n5-nev25054357n1"/></DisplayInformation></Component><If Annotation="Verified ?" LogicId="If1" id="nev25054261n5-nev25054358n1"><LogicStatement Expression="RunScript_OnlyUnconfirmed_Result.Verified == True" id="nev25054261n5-nev25054359n1"/><True id="nev25054261n5-nev25054360n1"><Component Annotation="Verified" ComponentId="Logger_finished" id="nev25054261n5-nev25054361n1"><Logger id="nev25054261n5-nev25054362n1"><Input Text="Generic fault tracing instructions for only unconfirmed fault finished. the fault is verified..." id="nev25054261n5-nev25054363n1"/></Logger></Component></True><Else id="nev25054261n5-nev25054364n1"><Component ComponentId="Logger_NotVerifiedRetry2" id="nev25054261n5-nev25054365n1"><Logger id="nev25054261n5-nev25054366n1"><Input Text="The only unconfirmed fault is not verified... Running onlyUnconfirmedScript 14:00 one more time..." id="nev25054261n5-nev25054367n1"/></Logger></Component><Component Annotation="Second try" ComponentId="RunScriptUnconfirmed_2" id="nev25054261n5-nev25054368n1"><RunScript id="nev25054261n5-nev25054369n1"><Input id="nev25054261n5-nev25054370n1"><NevisLink ProjectDocumentId="0800c8af86bbe0d4" VCCNumber="VCC-479592-1" VariantId="0900c8af86bbddf9" id="nev25054261n5-nev25054371n1"/><Contract id="nev25054261n5-nev25054372n1"><InputVariable Name="AttemptNo" Type="Double" id="nev25054261n5-nev25054373n1"/><InputVariable Name="DTCs" Type="List[String]" id="nev25054261n5-nev25054374n1"/><OutputVariable Name="Verified" Type="Double" id="nev25054261n5-nev25054375n1"/><OutputVariable Name="ReturningInfodisplay" Type="InfoDisplay" id="nev25054261n5-nev25054376n1"/></Contract><Arguments InputValue1="2" InputValue2="{DTCs}" id="nev25054261n5-nev25054377n1"/><NevisXRef id="nev25054261n5-nev25054272n8"><ref id="nev25054261n5-nev25054272n9"><locator xlink:href="#nev25054261n5-nev25054272n9" xlink:type="locator"/><locator xlink:href="urn:x-nevis:xref:0800c8af86bbe0d4:00000000:00000000#nev22964386n1" xlink:type="locator"/><arc nevis:href="urn:x-nevis:xref:0800c8af86bbe0d4:00000000:00000000#nev22964386n1" xlink:title="VCC-479592, GenericLogicForOnlyUnconfirmedComponentTest" xlink:type="arc"/></ref></NevisXRef></Input></RunScript></Component><Component Annotation="" ComponentId="AssignValue_infodisplay2" id="nev25054261n5-nev25054381n1"><AssignValue id="nev25054261n5-nev25054382n1"><Input AssignTo="{InfoDisplayFromGenericLogic}" Value="{RunScriptUnconfirmed_2_Result ReturningInfodisplay}" id="nev25054261n5-nev25054383n1"/></AssignValue></Component><Component ComponentId="DisplayInformation_ResultUC_2" id="nev25054261n5-nev25054384n1"><DisplayInformation id="nev25054261n5-nev25054385n1"><Input ButtonType="0" InfoDisplay="{InfoDisplayFromGenericLogic}" id="nev25054261n5-nev25054386n1"/></DisplayInformation></Component></Else></If></True><Else id="nev25054261n5-nev25054387n1"/></If></True><Else id="nev25054261n5-nev25054388n1"><Component ComponentId="Logger_error" id="nev25054261n5-nev25054389n1"><Logger id="nev25054261n5-nev25054390n1"><Input Text="Error! Something is wrong in generic logic14:00 script, no condition is true. disabling viewing of the generic information, continueing directly to specific fault tracing..." id="nev25054261n5-nev25054391n1"/></Logger></Component></Else></If><Component ComponentId="Logger_Finished" id="nev25054261n5-nev25054392n1"><Logger id="nev25054261n5-nev25054393n1"><Input Text="Generic module in 14:06 component test is finished, continuing with specific tests...." id="nev25054261n5-nev25054394n1"/></Logger></Component></Module></SpaScript></content></script>