<?xml version="1.0" encoding="UTF-8"?><servinfosub IE-ID="en-US0900c8af8066c516" docno="VCC-023349" id="KC02041730" xml:lang="en-US">
<title>
<phrase category="" id="KC08310139" phrase-urn="urn:x-nevis:phrase:0800c8af81db9ed1">Diagnostic trou#@#@#27#2-2-4</phrase>
</title>
<diagnostic id="KC02255127" type="condition">
<title>
<phrase category="" id="KC08310140" phrase-urn="urn:x-nevis:phrase:0800c8af81db9ed2">         Passen#@#@#30#round</phrase>
</title>
<condgrp>
<condition type="condition">
<grate>
<graphic id="KC08310141" width="column">
<href>0900c8af8066ae8#@#@#9#.jpeg</href>
</graphic>
<graphtext>
<ptxt>
<phrase category="" id="KC08310142" phrase-urn="urn:x-nevis:phrase:0800c8af81db9ed3">         The se#@#@#187#ored.</phrase>
</ptxt>
</graphtext>
</grate>
</condition>
</condgrp>
<condgrp>
<condition type="symptom">
<ptxt>
<phrase category="" id="KC08310143" phrase-urn="urn:x-nevis:phrase:0800c8af81db9ed4">         No sym#@#@#44#s up.</phrase>
</ptxt>
<note>
<ptxt>
<phrase category="" id="KC08310144" phrase-urn="urn:x-nevis:phrase:0800c8af81db9ed5">         The SR#@#@#61#ored.</phrase>
</ptxt>
</note>
</condition>
<ps>
<ptxt>
<phrase category="" id="KC08310145" phrase-urn="urn:x-nevis:phrase:0800c8af81db9ed6">         A shor#@#@#160#dule.</phrase>
</ptxt>
</ps>
</condgrp>
</diagnostic>
</servinfosub>