<?xml version="1.0" encoding="UTF-8"?><servinfosub IE-ID="en-US0900c8af8014531f" docno="VCC-140426" id="KC01135907" xml:lang="en-US">
<title>
<phrase category="" id="KC09414922" phrase-urn="urn:x-nevis:phrase:0800c8af826fc674">Signal too low #@#@#12#ssing</phrase>
</title>
<diagnostic j2008use="1" paperuse="1" screenuse="1" type="test">
<testgrp IE-ID="en-US0900c8af8014531f_KC01138920" id="KC01138920" j2008use="1" paperuse="1" resumable="1" screenuse="1" testgrp-id="s1" x="120" y="120">
<title>
<phrase category="" id="KC09414923" phrase-urn="urn:x-nevis:phrase:0800c8af826fc675">Checking the co#@#@#2#onent</phrase>
</title>
<node>
<test1>
<diaglist>
<dgraphic>
<dgraphic1>
<graphic id="KC09414924">
<href>0900c8af80054d4#@#@#9#.jpeg</href>
</graphic>
</dgraphic1>
<dgraphic2>
<graphic id="KC09414925">
<href>0900c8af80054d7#@#@#9#.jpeg</href>
</graphic>
</dgraphic2>
</dgraphic>
<ditem>
<ptxt>
<phrase category="" id="KC09414926" phrase-urn="urn:x-nevis:phrase:0800c8af826fc676">Ignition off</phrase>
</ptxt>
</ditem>
<ditem>
<ptxt>
<phrase category="" id="KC09414927" phrase-urn="urn:x-nevis:phrase:0800c8af826fc677">Disconnect the #@#@#48#uckle</phrase>
</ptxt>
</ditem>
<ditem>
<ptxt>
<phrase category="" id="KC09414928" phrase-urn="urn:x-nevis:phrase:0800c8af826fc678">Disconnect the #@#@#57#SRS).</phrase>
</ptxt>
</ditem>
</diaglist>
<test2>
<hint>
<ptxt>
<phrase category="" id="KC09414929" phrase-urn="urn:x-nevis:phrase:0800c8af826fc679">The diagnostic #@#@#97#utes </phrase>
</ptxt>
</hint>
<para>
<ptxt>
<phrase category="" id="KC09414930" phrase-urn="urn:x-nevis:phrase:0800c8af826fc67a">Check the femal#@#@#173#ized.</phrase>
</ptxt>
</para>
<para>
<ptxt>
<phrase category="" id="KC09414931" phrase-urn="urn:x-nevis:phrase:0800c8af826fc67b">Check the cable#@#@#181#uit. </phrase>
</ptxt>
</para>
<para>
<ptxt>
<phrase category="" id="KC09414932" phrase-urn="urn:x-nevis:phrase:0800c8af826fc67c">Check the resis#@#@#170#nite.</phrase>
</ptxt>
</para>
<hint>
<ptxt>
<phrase category="" id="KC09414933" phrase-urn="urn:x-nevis:phrase:0800c8af826fc67d">If the signal c#@#@#322#kle. </phrase>
</ptxt>
</hint>
<para>
<ptxt>
<phrase category="" id="KC09414934" phrase-urn="urn:x-nevis:phrase:0800c8af826fc67e">If the fault is#@#@#59#kle. </phrase>
</ptxt>
</para>
<para>
<ptxt>
<phrase category="" id="KC09414935" phrase-urn="urn:x-nevis:phrase:0800c8af826fc67f">Remedy as necessary.</phrase>
</ptxt>
</para>
<list1 enumtype="d" type="unordered">
<title>
<phrase category="" id="KC09414936" phrase-urn="urn:x-nevis:phrase:0800c8af826fc680">Other information:</phrase>
</title>
<item>
<ptxt>
<phrase category="" id="KC09414937" phrase-urn="urn:x-nevis:phrase:0800c8af826fc681">To access and r#@#@#68# see <xref>
<ref id="KC09414938"/>
</xref>
</phrase>
</ptxt>
</item>
<item>
<ptxt>
<phrase category="" id="KC09414939" phrase-urn="urn:x-nevis:phrase:0800c8af826fc682">To access and r#@#@#28# see <xref>
<ref id="KC09414940"/>
</xref>
</phrase>
</ptxt>
</item>
<item>
<ptxt>
<phrase category="" id="KC09414941" phrase-urn="urn:x-nevis:phrase:0800c8af826fc683">To connect the #@#@#13# see <xref>
<ref id="KC09414942"/>
</xref>
</phrase>
</ptxt>
</item>
<item>
<ptxt>
<phrase category="" id="KC09414943" phrase-urn="urn:x-nevis:phrase:0800c8af826fc684">For information#@#@#15# see <xref>
<ref id="KC09414944"/>
</xref>
</phrase>
</ptxt>
</item>
<item>
<ptxt>
<phrase category="" id="KC09414945" phrase-urn="urn:x-nevis:phrase:0800c8af826fc685">For information#@#@#32# see <xref>
<ref id="KC09414946"/>
</xref>
</phrase>
</ptxt>
</item>
<item>
<ptxt>
<phrase category="" id="KC09414947" phrase-urn="urn:x-nevis:phrase:0800c8af826fc686">
<xref>
<ref id="KC09414948"/>
</xref>.</phrase>
</ptxt>
</item>
</list1>
<diaglist>
<dgraphic>
<dgraphic1>
<graphic id="KC09414949">
<href>0900c8af80058e6#@#@#9#.jpeg</href>
</graphic>
</dgraphic1>
<dgraphic2>
<graphic id="KC09414950">
<href>0900c8af80054d4#@#@#9#.jpeg</href>
</graphic>
<smarttool active="press" id="KC09414951" toolname="ODAH"/>
</dgraphic2>
</dgraphic>
<ditem>
<ditemtext>
<ptxt>
<phrase category="" id="KC09414952" phrase-urn="urn:x-nevis:phrase:0800c8af826fc687"/>
</ptxt>
</ditemtext>
</ditem>
</diaglist>
</test2>
</test1>
<question>
Select Continue.
</question>
<resact-grp>
<result button="cont" comp="button" highlight="0"/>
<action j2008use="1" paperuse="1" screenuse="1">
<ptxt>
<xref>
<ref id="KC09414954"/>
</xref>
</ptxt>
</action>
</resact-grp>
</node>
</testgrp>
<testgrp id="KC01138921" j2008use="1" paperuse="1" resumable="1" screenuse="1" testgrp-id="info1" x="120" y="360">
<title>
<phrase category="" id="KC09414955" phrase-urn="urn:x-nevis:phrase:0800c8af826fc689">Fault-tracing i#@#@#5#ation</phrase>
</title>
<subcalloutnode>
<diagcallout>
<xref>
<ref id="KC09414956"/>
</xref>
</diagcallout>
<rescall-grp>
<result comp="string" highlight="0" op="eq" return="FAULTTRACING FAILED"/>
<calloutaction>
<return value="FAULTTRACING FAILED"/>
</calloutaction>
</rescall-grp>
<rescall-grp>
<result comp="string" highlight="0" op="eq" return="NEW TRY"/>
<calloutaction>
<ptxt>
<xref>
<ref id="KC09414957"/>
</xref>
</ptxt>
</calloutaction>
</rescall-grp>
</subcalloutnode>
</testgrp>
<testgrp id="KC01138922" j2008use="1" paperuse="1" resumable="1" screenuse="1" testgrp-id="veri" x="120" y="280">
<title>
<phrase category="" id="KC09414958" phrase-urn="urn:x-nevis:phrase:0800c8af826fc68a">Verification</phrase>
</title>
<subcalloutnode>
<diagcallout>
<xref>
<ref id="KC09414959"/>
</xref>
</diagcallout>
<rescall-grp>
<result comp="string" highlight="0" op="eq" return="VERIFIED"/>
<calloutaction>
<return value="FAULT FOUND"/>
</calloutaction>
</rescall-grp>
<rescall-grp>
<result comp="string" highlight="0" op="eq" return="VERIFICATION FAILED"/>
<calloutaction>
<ptxt>
<xref>
<ref id="KC09414960"/>
</xref>
</ptxt>
</calloutaction>
</rescall-grp>
</subcalloutnode>
</testgrp>
</diagnostic>
</servinfosub>