<?xml version="1.0" encoding="UTF-8"?><servinfosub IE-ID="en-US0900c8af8580e31f" docno="VCC-446147" id="nev17707452n1" original="sv-SE" servinfosubId="nev20685488n1-nev20685488n2" servinfosubRes="0900c8af862c1e80" servinfosubRes2="urn:x-nevis:fragment:0900c8af8580e31f:0900c8af862c1e80#nev20685488n2" xml:lang="en-US">
<title id="nev17707452n2">Description of #@#@#60#ation</title>
<para id="nev20685488n1-nev17707452n3">
<ptxt id="nev20685488n1-nev17707452n4">Select type of #@#@#7#tion:</ptxt>
</para>
<para id="nev20685488n1-nev17707452n5">
<ptxt id="nev20685488n1-nev17707452n6">
<xref id="nev20685488n1-nev17707452n7">
<ref id="nev20685488n1-nev17707487n250"/>
</xref>
</ptxt>
</para>
<para id="nev20685488n1-nev17707452n9">
<ptxt id="nev20685488n1-nev17707452n10">
<xref id="nev20685488n1-nev17707453n1">
<ref id="nev20685488n1-nev17707453n2"/>
</xref>
</ptxt>
</para>
<para id="nev20685488n1-nev17707453n3">
<ptxt id="nev20685488n1-nev17707453n4">
<xref id="nev20685488n1-nev17707453n5">
<ref id="nev20685488n1-nev17707453n6"/>
</xref>
</ptxt>
</para>
</servinfosub>