<?xml version="1.0" encoding="UTF-8"?><diagnostic IE-ID="en-US0900c8af805da31f" docno="VCC-045719" id="KC02174101" type="test" xml:lang="en-US">
<title>
<phrase category="" id="KC09629286" phrase-urn="urn:x-nevis:phrase:0800c8af82735232">Verification</phrase>
</title>
<testgrp IE-ID="en-US0900c8af805da31f_KC02174102" id="KC02174102" j2008use="1" paperuse="1" resumable="1" screenuse="1" testgrp-id="xxverif" x="160" y="120">
<title>
<phrase category="" id="KC09629287" phrase-urn="urn:x-nevis:phrase:0800c8af82735233">Verification</phrase>
</title>
<node>
<test1>
<hint>
<ptxt>
<phrase category="" id="KC09629288" phrase-urn="urn:x-nevis:phrase:0800c8af82735234">For further inf#@#@#57#gram.</phrase>
</ptxt>
</hint>
<diaglist>
<dgraphic>
<dgraphic1>
<graphic id="KC09629289">
<href>0900c8af80054d5#@#@#9#.jpeg</href>
</graphic>
</dgraphic1>
</dgraphic>
<ditem>
<ptxt>
<phrase category="" id="KC09629290" phrase-urn="urn:x-nevis:phrase:0800c8af82735236">Ignition off.</phrase>
</ptxt>
</ditem>
<ditem>
<ptxt>
<phrase category="" id="KC09629291" phrase-urn="urn:x-nevis:phrase:0800c8af82735237">Reconnect conne#@#@#23#ents.</phrase>
</ptxt>
</ditem>
<ditem>
<ptxt>
<phrase category="" id="KC09629292" phrase-urn="urn:x-nevis:phrase:0800c8af82735238">Control module #@#@#5#cted.</phrase>
</ptxt>
</ditem>
<ditem>
<ptxt>
<phrase category="" id="KC09629293" phrase-urn="urn:x-nevis:phrase:0800c8af82735239">Ignition on.</phrase>
</ptxt>
</ditem>
<ditem>
<ptxt>
<phrase category="" id="KC09629294" phrase-urn="urn:x-nevis:phrase:0800c8af8273523a">Volvo Scan Tool#@#@#40#DLC).</phrase>
</ptxt>
</ditem>
</diaglist>
<test2>
<ptxt>
<phrase category="" id="KC09629295" phrase-urn="urn:x-nevis:phrase:0800c8af8273523b">Try to establis#@#@#57#ECM).</phrase>
</ptxt>
<diaglist>
<dgraphic>
<dgraphic2>
<graphic id="KC09629296">
<href>0900c8af8005433#@#@#9#.jpeg</href>
</graphic>
<smarttool active="press" id="KC09629297" toolname="EF10AE"/>
</dgraphic2>
</dgraphic>
<ditem>
<ditemtext>
<ptxt>
<phrase category="" id="KC09629298" phrase-urn="urn:x-nevis:phrase:0800c8af8273523c"/>
</ptxt>
</ditemtext>
</ditem>
<ditem>
<ditemtext>
<ptxt>
<phrase category="" id="KC09629299" phrase-urn="urn:x-nevis:phrase:0800c8af8273523e"/>
</ptxt>
</ditemtext>
</ditem>
</diaglist>
</test2>
</test1>
<question>
Was communicat#@#@#53#CM)?
</question>
<resact-grp>
<result button="yes" comp="button" highlight="0"/>
<action j2008use="1" paperuse="1" screenuse="1">
<return value="FAULT FOUND"/>
</action>
</resact-grp>
<resact-grp>
<result button="no" comp="button" highlight="0"/>
<action j2008use="1" paperuse="0" screenuse="1">
<return value="FAULT NOT FOUND"/>
</action>
<action j2008use="0" paperuse="1" screenuse="0">
<ptxt>
<xref>
<ref id="KC09629301"/>
</xref>
<xref>
<ref id="KC09629302"/>
</xref>
<xref>
<ref id="KC09629303"/>
</xref>
<xref>
<ref id="KC09629304"/>
</xref>
</ptxt>
</action>
</resact-grp>
</node>
</testgrp>
</diagnostic>