<?xml version="1.0" encoding="UTF-8"?><servinfosub IE-ID="en-US0900c8af806aa31f" docno="VCC-150039" id="KC02141688" xml:lang="en-US">
<title>Service life py#@#@#15#nents</title>
<procedure>
<procstep id="KC02194954">
<title>Service life py#@#@#15#nents</title>
<grate>
<graphic id="KC07583855">
<href>0900c8af8005a4a#@#@#9#.jpeg</href>
</graphic>
<graphtext>
<list1 enumtype="d" type="unordered">
<title>Components cove#@#@#3# are:</title>
<item>
<ptxt>driver's airbag#@#@#1#(SRS)</ptxt>
</item>
<item>
<ptxt>passenger airba#@#@#3#SRS).</ptxt>
</item>
</list1>
<para>
<ptxt>For information#@#@#48# see <xref>
<ref id="KC07583856"/>
</xref>.</ptxt>
</para>
</graphtext>
</grate>
</procstep>
</procedure>
</servinfosub>