<?xml version="1.0" encoding="UTF-8"?><servinfosub IE-ID="en-US0900c8af80442104" docno="VCC-052990" id="KC01493929" xml:lang="en-US">
<title>Drive gear in b#@#@#11#place</title>
<procedure id="KC01563326">
<procstep>
<title>Preparations</title>
<caution>
<ptxt>Install the tra#@#@#41# See <xref>
<ref id="KC09253162"/>
</xref>.
</ptxt>
</caution>
</procstep>
<stepgrp>
<title/>
<procstep id="KC02818589">
<title>Removing</title>
<para>
<ptxt>Make a note of #@#@#45#lled.</ptxt>
<ptxt>Remove:</ptxt>
</para>
<list1 enumtype="d" type="unordered">
<item>
<ptxt>Battery negativ#@#@#2#lead.</ptxt>
</item>
<item>
<ptxt>Seat from car. See <xref>
<ref id="KC09253163"/>
</xref>.
</ptxt>
</item>
<item>
<ptxt>Backrest uphols#@#@#5# See <xref>
<ref id="KC09253164"/>
</xref>.
</ptxt>
</item>
<item>
<ptxt>Impact protection.</ptxt>
</item>
</list1>
</procstep>
<procstep id="KC02818590">
<title/>
<grate>
<graphic id="KC09253165" width="column">
<href>0900c8af803f782#@#@#9#.jpeg</href>
</graphic>
<graphtext>
<list1 enumtype="d" type="unordered">
<item>
<ptxt>Remove the circ#@#@#71#ft A.</ptxt>
</item>
<item>
<ptxt>Pull/tap out th#@#@#35#sing.</ptxt>
</item>
<item>
<ptxt>Remove the tube#@#@#6#ction</ptxt>
</item>
<item>
<ptxt>Screw (B) from #@#@#14#sing.</ptxt>
</item>
<item>
<ptxt>Drive gear hous#@#@#3# (C).</ptxt>
</item>
</list1>
</graphtext>
</grate>
<grate>
<graphic id="KC09253166" width="column">
<href>0900c8af803f77f#@#@#9#.jpeg</href>
</graphic>
<graphtext>
<list1 enumtype="d" type="unordered">
<item>
<ptxt>Remove the four#@#@#3#rews.</ptxt>
</item>
<item>
<ptxt>Open the drive #@#@#8#sing.</ptxt>
</item>
<item>
<ptxt>Remove the cables.</ptxt>
</item>
<item>
<ptxt>Replace drive g#@#@#45# no. <emph etype="ital">116 1241-3</emph>.</ptxt>
</item>
</list1>
</graphtext>
</grate>
</procstep>
<procstep id="KC02818591">
<title>Installing</title>
<ptxt>Install in reve#@#@#6#der.
</ptxt>
<list1 enumtype="d" type="unordered">
<item>
<ptxt>Check that the #@#@#52#sing.</ptxt>
</item>
<item>
<ptxt>When installing#@#@#102#ator.</ptxt>
</item>
</list1>
</procstep>
</stepgrp>
<procstep>
<title>SIPS airbag, re#@#@#19#evice</title>
<ptxt>Remove the
tran#@#@#108#anel.</ptxt>
</procstep>
</procedure>
</servinfosub>