<?xml version="1.0" encoding="UTF-8"?><servinfosub IE-ID="en-US0900c8af844dc104" docno="VCC-371106" id="nev13720000n1" original="sv-SE" servinfosubId="nev13720001n1-nev13720007n1" servinfosubRes="0900c8af844dc10e" servinfosubRes2="urn:x-nevis:fragment:0900c8af844dc104:0900c8af844dc10e#nev13720007n1" xml:lang="en-US">
<operationnumbers>
<operationnumber>85138-2</operationnumber>
</operationnumbers>
<title id="nev13719995n67">Cant rail panel</title>
<imagedisclaimer id="nev13720001n1-nev13720006n38"/>
<procedure id="nev13720001n1-nev13720006n39">
<stepgrp boilerplate="true" context="removal" id="nev13720001n1-nev13720006n40">
<note id="nev13720001n1-nev13720006n41">
<ptxt id="nev13720001n1-nev13720006n42">Removal steps i#@#@#45#ails.</ptxt>
</note>
<procstep id="nev13720001n1-nev13720006n43">
<title id="nev13720001n1-nev13720006n44"/>
<grate id="nev13720001n1-nev13720006n45">
<graphic id="nev13720001n1-nev13720006n46">
<href>0900c8af8439280#@#@#9#.jpeg</href>
</graphic>
</grate>
</procstep>
<procstep id="nev13720001n1-nev13720006n47">
<title id="nev13720001n1-nev13720006n48"/>
<grate id="nev13720001n1-nev13720006n49">
<graphic id="nev13720001n1-nev13720006n50">
<href>0900c8af843aebb#@#@#9#.jpeg</href>
</graphic>
</grate>
</procstep>
</stepgrp>
<stepgrp boilerplate="true" context="installation" id="nev13720001n1-nev13720006n51">
<procstep id="nev13720001n1-nev13720006n52">
<title id="nev13720001n1-nev13720006n53"/>
<para id="nev13720001n1-nev13720006n54">
<ptxt id="nev13720001n1-nev13720006n55">To install, rev#@#@#22#dure.</ptxt>
</para>
</procstep>
</stepgrp>
</procedure>
</servinfosub>