<?xml version="1.0" encoding="UTF-8"?><script xmlns:nevis="http://www.volvocars.com/namespaces/processing" xmlns:xlink="http://www.w3.org/1999/xlink" IE-ID="en-US0900c8af83f81104" docno="VCC-294793" id="nev11916870n1" nevis:expl-profile="mdl542yr2006" nevis:profile="urn:x-nevis:profile:0b00c8af817ac33f" nevis:projectdocument="urn:x-nevis:projectdocument:0800c8af836972e5" nevis:resource="0900c8af83f81141" nevis:resource2="urn:x-nevis:fragment:0900c8af83f81104:0900c8af83f81141#nev11916870n1" nevis:session-id="" qualifierinfotype="14:00" type="" xml:lang="en-US"><title>P15_CRM_close_roof_4</title><content gui="1" height="565" id="nev11916871n1-nev11916870n3" nevis:expl-profile="mdl542yr2006" nevis:idfrom="nev11916871n1" nevis:prefix="nev11916871n1" nevis:profile="urn:x-nevis:profile:0b00c8af817ac33f" nevis:resource="0900c8af83f8113f" nevis:resource2="urn:x-nevis:fragment:0900c8af83f81104:0900c8af83f8113f#nev11916870n3" width="760" xml:lang="en-US"><nodes id="nev11916871n1-nev12924647n1"><node class="Components.StartNode" id="nev11916871n1-nev12924648n1" nodeid="Start" x="31" y="18"/><node class="Components.Gui.ParameterList" id="nev11916871n1-nev12924649n1" nodeid="ParameterList1" x="313" y="23"><gui height="265" id="nev11916871n1-nev12924650n1" width="325" x="5" y="5"/><property class="String" id="nev11916871n1-nev12924651n1" name="ShowValues" type="Internal" value="True" visible="0"/><property class="Parameter" id="nev11916871n1-nev12924652n1" name="Parameter" type="Out" value="" visible="1"/><property class="String" id="nev11916871n1-nev12924653n1" name="StartVisible" type="Internal" value="true" visible="1"/><extension id="nev11916871n1-nev12924654n1"><identifier ecu="836901" ecuMode="EcuType" id="nev11916871n1-nev12924655n1" read="4" type="REID" value="71A1"><parameter id="nev11916871n1-nev12924656n1" name="Hall sensor 1" textid="92025"/></identifier><identifier ecu="836901" ecuMode="EcuType" id="nev11916871n1-nev12924657n1" read="4" type="REID" value="71A3"><parameter id="nev11916871n1-nev12924658n1" name="Hall sensor 3" textid="92027"/></identifier><identifier ecu="836901" ecuMode="EcuType" id="nev11916871n1-nev12924659n1" read="4" type="REID" value="71A2"><parameter id="nev11916871n1-nev12924660n1" name="Hall sensor 5" textid="92026"/></identifier><identifier ecu="836901" ecuMode="EcuType" id="nev11916871n1-nev12924661n1" read="4" type="REID" value="71A6"><parameter id="nev11916871n1-nev12924662n1" name="Hall sensor 6" textid="92028"/></identifier><identifier ecu="836901" ecuMode="EcuType" id="nev11916871n1-nev12924663n1" read="4" type="REID" value="71A7"><parameter id="nev11916871n1-nev12924664n1" name="Hall sensor 7" textid="92029"/></identifier><identifier ecu="836901" ecuMode="EcuType" id="nev11916871n1-nev12924665n1" read="4" type="REID" value="71A9"><parameter id="nev11916871n1-nev12924666n1" name="Hall sensor 9" textid="92031"/></identifier><identifier ecu="836901" ecuMode="EcuType" id="nev11916871n1-nev12924667n1" read="4" type="REID" value="71B0"><parameter id="nev11916871n1-nev12924668n1" name="Hall sensor 10" textid="92032"/></identifier><identifier ecu="836901" ecuMode="EcuType" id="nev11916871n1-nev12924669n1" read="4" type="REID" value="71B1"><parameter id="nev11916871n1-nev12924670n1" name="Hall sensor 11" textid="92033"/></identifier><identifier ecu="836901" ecuMode="EcuType" id="nev11916871n1-nev12924671n1" read="4" type="REID" value="71B2"><parameter id="nev11916871n1-nev12924672n1" name="Hall sensor 12" textid="92034"/></identifier><identifier ecu="836901" ecuMode="EcuType" id="nev11916871n1-nev12924673n1" read="4" type="REID" value="71B3"><parameter id="nev11916871n1-nev12924674n1" name="Hall sensor 13" textid="92035"/></identifier><identifier ecu="836901" ecuMode="EcuType" id="nev11916871n1-nev12924675n1" read="4" type="REID" value="71B5"><parameter id="nev11916871n1-nev12924676n1" name="Hall sensor 15" textid="92037"/></identifier><identifier ecu="836901" ecuMode="EcuType" id="nev11916871n1-nev12924677n1" read="4" type="REID" value="71B6"><parameter id="nev11916871n1-nev12924678n1" name="Hall sensor 16" textid="92038"/></identifier><identifier ecu="836901" ecuMode="EcuType" id="nev11916871n1-nev12924679n1" read="4" type="REID" value="71B4"><parameter id="nev11916871n1-nev12924680n1" name="Hall sensor 18" textid="92036"/></identifier><identifier ecu="836901" ecuMode="EcuType" id="nev11916871n1-nev12924681n1" read="4" type="REID" value="71A8"><parameter id="nev11916871n1-nev12924682n1" name="Hall sensor 19" textid="92030"/></identifier><identifier ecu="836901" ecuMode="EcuType" id="nev11916871n1-nev12924683n1" read="4" type="REID" value="71D1"><parameter id="nev11916871n1-nev12924684n1" name="Position encoder 2, rear roof" textid="86093"/></identifier><identifier ecu="836901" ecuMode="EcuType" id="nev11916871n1-nev12924685n1" read="4" type="REID" value="71D2"><parameter id="nev11916871n1-nev12924686n1" name="Position encoder 17, front roof" textid="86092"/></identifier></extension></node><node class="Components.ScriptButton" id="nev11916871n1-nev12924687n1" nodeid="Button1" x="57" y="370"><gui height="35" id="nev11916871n1-nev12924688n1" width="85" x="110" y="480"/><property class="String" id="nev11916871n1-nev12924689n1" name="Text" type="In" value="Close" visible="1"/><property class="String" id="nev11916871n1-nev12924690n1" name="StartDisabled" type="Internal" value="false" visible="1"/><property class="String" id="nev11916871n1-nev12924691n1" name="StartVisible" type="Internal" value="true" visible="1"/><extension id="nev11916871n1-nev12924692n1"/></node><node class="Components.ScriptComponent" id="nev11916871n1-nev12924693n1" nodeid="Script1" x="254" y="420"/><node class="Components.Repeater" id="nev11916871n1-nev12924694n1" nodeid="Repeater1" x="174" y="22"><property class="Int" id="nev11916871n1-nev12924695n1" name="Wait" type="Internal" value="100" visible="1"/><property class="Int" id="nev11916871n1-nev12924696n1" name="NoOfRepeats" type="Internal" value="0" visible="1"/></node><node class="Components.InfoDisplay" id="nev11916871n1-nev12924697n1" nodeid="InfoDisplay1" x="443" y="237"><gui height="545" id="nev11916871n1-nev12924698n1" width="400" x="350" y="5"/><property class="String" id="nev11916871n1-nev12924699n1" name="Content" type="In" value="" visible="1"/><extension id="nev11916871n1-nev12924700n1"/></node><node class="Components.InfoDisplayContent" id="nev11916871n1-nev12924701n1" nodeid="InfoDisplayContent1" x="239" y="215"><property class="String" id="nev11916871n1-nev12924702n1" name="Content" type="Out" value="" visible="1"/><extension id="nev11916871n1-nev12924703n1"><para id="nev11916871n1-nev11916931n1"><text id="nev11916871n1-nev11916932n1" textid="92025"/><b id="nev11916871n1-nev11916933n1"><text id="nev11916871n1-nev11916934n1" textid="23430"/></b></para><para id="nev11916871n1-nev11916935n1"><text id="nev11916871n1-nev11916936n1" textid="92027"/><b id="nev11916871n1-nev11916937n1"><text id="nev11916871n1-nev11916938n1" textid="23430"/></b></para><para id="nev11916871n1-nev11916939n1"><text id="nev11916871n1-nev11916940n1" textid="92026"/><b id="nev11916871n1-nev11916941n1"><text id="nev11916871n1-nev11916942n1" textid="23430"/></b></para><para id="nev11916871n1-nev11916943n1"><text id="nev11916871n1-nev11916944n1" textid="92028"/><b id="nev11916871n1-nev11916945n1"><text id="nev11916871n1-nev11916946n1" textid="23430"/></b></para><para id="nev11916871n1-nev11916947n1"><text id="nev11916871n1-nev11916948n1" textid="92029"/><b id="nev11916871n1-nev11916949n1"><text id="nev11916871n1-nev11916950n1" textid="23430"/></b></para><para id="nev11916871n1-nev11916951n1"><text id="nev11916871n1-nev11916952n1" textid="92031"/><b id="nev11916871n1-nev11916953n1"><text id="nev11916871n1-nev12924704n1" textid="44180"/></b></para><para id="nev11916871n1-nev11916955n1"><text id="nev11916871n1-nev11916956n1" textid="92032"/><b id="nev11916871n1-nev11916957n1"><phrase category="Faulttracing" id="nev11916871n1-nev12924644n1" phrase-urn="urn:x-nevis:phrase:0800c8af83f80e83">Irrelevant.</phrase></b></para><para id="nev11916871n1-nev11916959n1"><text id="nev11916871n1-nev11916960n1" textid="92033"/><b id="nev11916871n1-nev11916961n1"><text id="nev11916871n1-nev11916962n1" textid="23430"/></b></para><para id="nev11916871n1-nev11916963n1"><text id="nev11916871n1-nev11916964n1" textid="92034"/><b id="nev11916871n1-nev11916965n1"><text id="nev11916871n1-nev12924705n1" textid="44180"/></b></para><para id="nev11916871n1-nev11916967n1"><text id="nev11916871n1-nev11916968n1" textid="92035"/><b id="nev11916871n1-nev11916969n1"><text id="nev11916871n1-nev11916970n1" textid="23430"/></b></para><para id="nev11916871n1-nev11916971n1"><text id="nev11916871n1-nev11916972n1" textid="92037"/><b id="nev11916871n1-nev11916973n1"><text id="nev11916871n1-nev11916974n1" textid="23430"/></b></para><para id="nev11916871n1-nev11916975n1"><text id="nev11916871n1-nev11916976n1" textid="92038"/><b id="nev11916871n1-nev11916977n1"><text id="nev11916871n1-nev12924706n1" textid="44180"/></b></para><para id="nev11916871n1-nev11916979n1"><text id="nev11916871n1-nev11916980n1" textid="92036"/><b id="nev11916871n1-nev11916981n1"><text id="nev11916871n1-nev12924707n1" textid="44180"/></b></para><para id="nev11916871n1-nev11916983n1"><text id="nev11916871n1-nev11916984n1" textid="92030"/><b id="nev11916871n1-nev11916985n1"><text id="nev11916871n1-nev11916986n1" textid="23430"/></b></para><para id="nev11916871n1-nev11916987n1"><text id="nev11916871n1-nev11916988n1" textid="86093"/><b id="nev11916871n1-nev11916989n1"><text id="nev11916871n1-nev11916990n1" textid="8317"/></b></para><para id="nev11916871n1-nev11916991n1"><text id="nev11916871n1-nev11916992n1" textid="86092"/><b id="nev11916871n1-nev11916993n1"><text id="nev11916871n1-nev12924708n1" textid="96038"/></b></para></extension></node></nodes><handlers id="nev11916871n1-nev12924709n1"><eventhandler id="nev11916871n1-nev12924710n1" name="OnStart" node="Start"><call id="nev11916871n1-nev12924711n1" method="Trigger" node="InfoDisplayContent1"/><call id="nev11916871n1-nev12924712n1" method="Start" node="Repeater1"/></eventhandler><eventhandler id="nev11916871n1-nev12924713n1" name="MouseDown" node="Button1"><call id="nev11916871n1-nev12924714n1" method="CloseDialog" node="Script1"/></eventhandler><eventhandler id="nev11916871n1-nev12924715n1" name="OnRepeat" node="Repeater1"><call id="nev11916871n1-nev12924716n1" method="Read" node="ParameterList1"/></eventhandler><propertyhandler id="nev11916871n1-nev12924717n1" name="Parameter" node="ParameterList1"/><propertyhandler id="nev11916871n1-nev12924718n1" name="Content" node="InfoDisplayContent1"><set id="nev11916871n1-nev12924719n1" node="InfoDisplay1" property="Content"/></propertyhandler></handlers></content></script>