<?xml version="1.0" encoding="UTF-8"?><servinfosub IE-ID="en-US0900c8af84f1911d" docno="VCC-415347" id="nev15577541n1" xml:lang="en-US">
<title>
<phrase category="Title" id="nev15577541n2" phrase-urn="urn:x-nevis:phrase:0800c8af81eb9a54">Diagnostic trou#@#@#21#ation</phrase>
<phrase category="Prefix" id="nev15577547n1" phrase-urn="urn:x-nevis:phrase:0800c8af8015c3f5">ECM</phrase>-P120000</title>
<diagnostic j2008use="1" paperuse="1" screenuse="1" type="condition">
<condgrp>
<condition type="condition">
<grate id="nev15577541n3">
<graphic id="nev15577541n4">
<href>0900c8af81620f1#@#@#9#.jpeg</href>
</graphic>
</grate>
<para id="nev15577541n5">
<ptxt id="nev15577541n6">
<phrase category="Condition" id="nev15577541n7" phrase-urn="urn:x-nevis:phrase:0800c8af83f1af9b">Engine control #@#@#84#ages.</phrase>
<phrase category="Condition" id="nev15577541n8" phrase-urn="urn:x-nevis:phrase:0800c8af83f1af9c">Voltage feed is#@#@#52#tage.</phrase>
</ptxt>
<ptxt id="nev15577546n100">
<phrase category="Condition" id="nev15577561n1" phrase-urn="urn:x-nevis:phrase:0800c8af84f19126">The control mod#@#@#67#-off.</phrase>
</ptxt>
</para>
<para id="nev15577542n2">
<ptxt id="nev15577542n3">
<phrase category="Condition" id="nev15577542n4" phrase-urn="urn:x-nevis:phrase:0800c8af82d99a0a">The diagnostic #@#@#54#ects:</phrase>
</ptxt>
</para>
<list1 id="nev15577542n5">
<item id="nev15577542n6">
<ptxt id="nev15577542n7">
<phrase category="Condition" id="nev15577562n1" phrase-urn="urn:x-nevis:phrase:0800c8af834d7f80">The voltage is #@#@#4#high.</phrase>
</ptxt>
</item>
</list1>
<para id="nev15577542n9">
<ptxt id="nev15577542n10">
<phrase category="Condition" id="nev15577543n1" phrase-urn="urn:x-nevis:phrase:0800c8af82c479d6">The control mod#@#@#67#t of:</phrase>
</ptxt>
</para>
<list1 id="nev15577543n2">
<item id="nev15577543n3">
<ptxt id="nev15577543n4">
<phrase category="Condition" id="nev15577563n1" phrase-urn="urn:x-nevis:phrase:0800c8af84954991">Special driving#@#@#22#offs.</phrase>
</ptxt>
</item>
</list1>
<note id="nev15577543n6">
<ptxt id="nev15577543n7">
<phrase category="Condition" id="nev15577543n8" phrase-urn="urn:x-nevis:phrase:0800c8af82c4844b">The control mod#@#@#132# met.</phrase>
</ptxt>
</note>
</condition>
</condgrp>
<condgrp>
<condition type="substitution">
<list1 enumtype="d" type="unordered">
<item>
<ptxt>
<phrase category="Substitution" id="nev15577543n9" phrase-urn="urn:x-nevis:phrase:0800c8af83eefc0b">Limitation of e#@#@#18#peed.</phrase>
</ptxt>
</item>
</list1>
</condition>
<ps>
<list1 enumtype="d" type="unordered">
<item id="nev15577543n10">
<ptxt id="nev15577544n1">
<phrase category="Condition" id="nev15577565n1" phrase-urn="urn:x-nevis:phrase:0800c8af83f46be3">Return line for#@#@#25#gged.</phrase>
</ptxt>
</item>
<item id="nev15577546n92">
<ptxt id="nev15577546n91">
<phrase category="Possible source" id="nev15577566n1" phrase-urn="urn:x-nevis:phrase:0800c8af81eab95c">Wiring is short#@#@#34#tage.</phrase>
</ptxt>
</item>
<item id="nev15577545n2">
<ptxt id="nev15577545n3">
<phrase category="Possible source" id="nev15577545n4" phrase-urn="urn:x-nevis:phrase:0800c8af81eaba30">Damaged injector.</phrase>
</ptxt>
</item>
</list1>
</ps>
</condgrp>
<condgrp>
<condition type="symptom">
<list1 enumtype="d" type="unordered">
<item id="nev15577545n8">
<ptxt id="nev15577545n9">
<phrase category="Symptom CSC" id="nev15577545n10" phrase-urn="urn:x-nevis:phrase:0800c8af8388f019">AJ, Driving/Poo#@#@#20#power</phrase>
</ptxt>
</item>
<item id="nev15577546n96">
<ptxt id="nev15577546n95">
<phrase category="Symptom CSC" id="nev15577564n1" phrase-urn="urn:x-nevis:phrase:0800c8af8388f137">IV, Text window#@#@#27#ssage</phrase>
</ptxt>
</item>
</list1>
</condition>
</condgrp>
</diagnostic>
</servinfosub>