<?xml version="1.0" encoding="UTF-8"?><diagnostic IE-ID="en-US0900c8af828a711d" docno="VCC-260560" id="nev10877385n1" layout="0" type="test" xml:lang="en-US">
<title>
<phrase category="" id="nev10877385n2" phrase-urn="urn:x-nevis:phrase:0800c8af827078c5">Verification</phrase>
</title>
<testgrp IE-ID="en-US0900c8af828a711d_nev10877385n3" id="nev10877385n3" j2008use="1" paperuse="1" resumable="1" screenuse="1" testgrp-id="verifnode" x="120" y="120">
<title>
<phrase category="" id="nev10877385n4" phrase-urn="urn:x-nevis:phrase:0800c8af827078c6">Verification</phrase>
</title>
<node>
<test1>
<hint>
<ptxt>
<phrase category="" id="nev10877385n5" phrase-urn="urn:x-nevis:phrase:0800c8af827078c8">After carrying #@#@#50#died.</phrase>
</ptxt>
</hint>
<diaglist>
<dgraphic>
<dgraphic1>
<graphic id="nev10877385n6">
<href>0900c8af80054d5#@#@#9#.jpeg</href>
</graphic>
</dgraphic1>
<dgraphic2>
<graphic id="nev10877385n7">
<href>0900c8af80054d7#@#@#9#.jpeg</href>
</graphic>
</dgraphic2>
</dgraphic>
<ditem>
<ptxt>
<phrase category="" id="nev10877385n8" phrase-urn="urn:x-nevis:phrase:0800c8af827078c9">Ignition off</phrase>
</ptxt>
</ditem>
<ditem>
<ptxt>
<phrase category="" id="nev10877385n9" phrase-urn="urn:x-nevis:phrase:0800c8af827078ca">Reconnect the c#@#@#31# etc.</phrase>
</ptxt>
</ditem>
<ditem>
<ptxt>
<phrase category="" id="nev10877385n10" phrase-urn="urn:x-nevis:phrase:0800c8af827078cb">Ignition on.</phrase>
</ptxt>
</ditem>
</diaglist>
<test2>
<para>
<ptxt>
<phrase category="Faulttracing" id="nev10877386n1" phrase-urn="urn:x-nevis:phrase:0800c8af81eab4ac">Read off the fu#@#@#24#gnal.</phrase>
<phrase category="Faulttracing" id="nev10877386n2" phrase-urn="urn:x-nevis:phrase:0800c8af81eab316">Check that the #@#@#32#ange.</phrase>
</ptxt>
</para>
<diaglist>
<dgraphic>
<dgraphic2>
<graphic id="nev10877386n3">
<href>0900c8af86c8681#@#@#9#.jpeg</href>
</graphic>
<smarttool active="press" id="l1110466443209"/>
</dgraphic2>
</dgraphic>
</diaglist>
</test2>
</test1>
<question>
Is the value OK?
</question>
<resact-grp>
<result button="yes" comp="button" highlight="0"/>
<action j2008use="1" paperuse="1" screenuse="1">
<return value="VERIFIED"/>
</action>
</resact-grp>
<resact-grp>
<result button="no" comp="button" highlight="0"/>
<action j2008use="1" paperuse="1" screenuse="1">
<return value="VERIFICATION FAILED"/>
</action>
</resact-grp>
</node>
</testgrp>
</diagnostic>