<?xml version="1.0" encoding="UTF-8"?><servinfosub IE-ID="en-US0900c8af8473911d" docno="VCC-355410" id="nev13488628n1" xml:lang="en-US">
<title>
<phrase category="" id="nev13488628n2" phrase-urn="urn:x-nevis:phrase:0800c8af8271434a">Faulty signal</phrase>
</title>
<diagnostic j2008use="1" layout="0" paperuse="1" screenuse="1" type="test">
<testgrp IE-ID="en-US0900c8af8473911d_nev13488628n3" id="nev13488628n3" j2008use="1" paperuse="1" resumable="1" screenuse="1" testgrp-id="node1" x="80" y="80">
<title>
<phrase category="" id="nev13488628n4" phrase-urn="urn:x-nevis:phrase:0800c8af8271434b">Checking the co#@#@#13#iring</phrase>
</title>
<node>
<test1>
<diaglist>
<dgraphic>
<dgraphic1>
<graphic id="nev13488628n5">
<href>0900c8af80054d4#@#@#9#.jpeg</href>
</graphic>
</dgraphic1>
</dgraphic>
<ditem>
<ptxt>
<phrase category="" id="nev13488628n6" phrase-urn="urn:x-nevis:phrase:0800c8af8271434c">Ignition off</phrase>
</ptxt>
</ditem>
</diaglist>
<test2>
<warning>
<ptxt>
<phrase category="" id="nev13488628n7" phrase-urn="urn:x-nevis:phrase:0800c8af8271434d">The piezo-elect#@#@#167#ury. </phrase>
</ptxt>
</warning>
<para>
<ptxt>
<phrase category="" id="nev13488628n8" phrase-urn="urn:x-nevis:phrase:0800c8af8271434e">The fourth digi#@#@#85#red. </phrase>
</ptxt>
</para>
<para>
<ptxt>
<phrase category="" id="nev13488628n9" phrase-urn="urn:x-nevis:phrase:0800c8af8271434f">Check the relev#@#@#179#tion.</phrase>
</ptxt>
</para>
<para>
<ptxt>
<phrase category="" id="nev13488628n10" phrase-urn="urn:x-nevis:phrase:0800c8af82714350">Check the two, #@#@#156#uits.</phrase>
</ptxt>
</para>
<para>
<ptxt>
<phrase category="" id="nev13488629n1" phrase-urn="urn:x-nevis:phrase:0800c8af82714351">Take readings b#@#@#2#ween:</phrase>
</ptxt>
</para>
<list1 enumtype="d" type="unordered">
<item>
<ptxt>
<phrase category="Faulttracing" id="nev14164635n1" phrase-urn="urn:x-nevis:phrase:0800c8af84738cb4">Engine control #@#@#62#eel).</phrase>
</ptxt>
</item>
<item>
<ptxt>
<phrase category="Faulttracing" id="nev14164636n1" phrase-urn="urn:x-nevis:phrase:0800c8af84738cac">Engine control #@#@#62#eel).</phrase>
</ptxt>
</item>
<item>
<ptxt>
<phrase category="Faulttracing" id="nev13488641n1" phrase-urn="urn:x-nevis:phrase:0800c8af8436039a">Engine control #@#@#88#l #1.</phrase>
</ptxt>
</item>
<item>
<ptxt>
<phrase category="Faulttracing" id="nev13488642n1" phrase-urn="urn:x-nevis:phrase:0800c8af8436039b">Engine control #@#@#88#l #2.</phrase>
</ptxt>
</item>
<item>
<ptxt>
<phrase category="Faulttracing" id="nev13488643n1" phrase-urn="urn:x-nevis:phrase:0800c8af8436039f">Engine control #@#@#88#l #1.</phrase>
</ptxt>
</item>
<item>
<ptxt>
<phrase category="Faulttracing" id="nev13488644n1" phrase-urn="urn:x-nevis:phrase:0800c8af843603a0">Engine control #@#@#88#l #2.</phrase>
</ptxt>
</item>
<item>
<ptxt>
<phrase category="Faulttracing" id="nev14164637n1" phrase-urn="urn:x-nevis:phrase:0800c8af84738cae">Engine control #@#@#65#elt).</phrase>
</ptxt>
</item>
<item>
<ptxt>
<phrase category="Faulttracing" id="nev14164640n1" phrase-urn="urn:x-nevis:phrase:0800c8af84738caf">Engine control #@#@#65#elt).</phrase>
</ptxt>
</item>
</list1>
<para>
<ptxt>
<phrase category="" id="nev13488629n10" phrase-urn="urn:x-nevis:phrase:0800c8af8271435a">If the diagnost#@#@#174#tor. </phrase>
</ptxt>
</para>
<para>
<ptxt>
<phrase category="" id="nev13488630n1" phrase-urn="urn:x-nevis:phrase:0800c8af8271435b">Remedy as necessary.</phrase>
</ptxt>
</para>
<list1 enumtype="d" type="unordered">
<title>
<phrase category="" id="nev13488630n2" phrase-urn="urn:x-nevis:phrase:0800c8af8271435c">Other information</phrase>
</title>
<item>
<ptxt>
<phrase category="" id="nev13488630n3" phrase-urn="urn:x-nevis:phrase:0800c8af8271435d">
<xref>
<ref id="KC09531115"/>
</xref>
</phrase>
</ptxt>
</item>
<item>
<ptxt>
<xref id="nev13488638n100">
<ref id="l1202747592000"/>
</xref>
</ptxt>
</item>
<item>
<ptxt>
<phrase category="" id="nev13488630n7" phrase-urn="urn:x-nevis:phrase:0800c8af8271435f">
<xref>
<ref id="KC09531119"/>
</xref>
</phrase>
</ptxt>
</item>
<item>
<ptxt>
<phrase category="" id="nev13488630n9" phrase-urn="urn:x-nevis:phrase:0800c8af82714360">
<xref>
<ref id="KC09531121"/>
</xref>.</phrase>
</ptxt>
</item>
</list1>
<diaglist>
<dgraphic>
<dgraphic1>
<graphic id="nev13488631n1">
<href>0900c8af8162119#@#@#9#.jpeg</href>
</graphic>
</dgraphic1>
</dgraphic>
</diaglist>
<grate>
<graphic id="nev13488631n2">
<href>0900c8af81620f1#@#@#9#.jpeg</href>
</graphic>
</grate>
</test2>
</test1>
<question>
Select Continue.
</question>
<resact-grp>
<result button="cont" comp="button" highlight="0"/>
<action j2008use="1" paperuse="1" screenuse="1">
<ptxt>
<xref>
<ref id="nev13488631n4"/>
</xref>
</ptxt>
</action>
</resact-grp>
</node>
</testgrp>
<testgrp id="nev13488631n5" j2008use="1" paperuse="1" resumable="1" screenuse="1" testgrp-id="info1" x="80" y="220">
<title>
<phrase category="" id="nev13488631n6" phrase-urn="urn:x-nevis:phrase:0800c8af82714362">Fault-tracing i#@#@#5#ation</phrase>
</title>
<subcalloutnode>
<diagcallout>
<xref>
<ref id="nev13488631n7"/>
</xref>
</diagcallout>
<rescall-grp>
<result comp="string" highlight="0" op="eq" return="FAULT FOUND"/>
<calloutaction>
<return value="FAULT FOUND"/>
</calloutaction>
</rescall-grp>
<rescall-grp>
<result comp="string" highlight="0" op="eq" return="NEW TRY"/>
<calloutaction>
<ptxt>
<xref>
<ref id="nev13488631n8"/>
</xref>
</ptxt>
</calloutaction>
</rescall-grp>
</subcalloutnode>
</testgrp>
</diagnostic>
</servinfosub>