<?xml version="1.0" encoding="UTF-8"?><servinfosub IE-ID="en-US0900c8af8042411d" docno="VCC-024491" id="KC01428775" servinfosubId="nev20685714n1-nev20685714n2" servinfosubRes="0900c8af862c237c" servinfosubRes2="urn:x-nevis:fragment:0900c8af8042411d:0900c8af862c237c#nev20685714n2" xml:lang="en-US">
<title>Indicator and w#@#@#7#lamps</title>
<topic>
<title>Automatic trans#@#@#2#ssion</title>
<grate>
<graphic id="nev20685714n1-KC08315929" width="column">
<href>0900c8af803f574#@#@#9#.jpeg</href>
</graphic>
<graphtext>
<para>
<ptxt>The transmissio#@#@#145# if:
</ptxt>
</para>
<list1 enumtype="d" type="unordered">
<item>
<ptxt>The gear select#@#@#20# or
L</ptxt>
</item>
<item>
<ptxt>Driving mode W #@#@#23#ted.
</ptxt>
</item>
</list1>
<para>
<ptxt>The lamp flashe#@#@#50#g if:</ptxt>
</para>
<list1 enumtype="d" type="unordered">
<item>
<ptxt>The transmissio#@#@#94# See
<xref>
<ref id="nev20685714n1-KC08315930"/>
</xref>.
</ptxt>
</item>
</list1>
<para>
<ptxt>If the fault is#@#@#393#40°C.</ptxt>
</para>
</graphtext>
</grate>
</topic>
<topic>
<title>Malfunction ind#@#@#12#(MIL)</title>
<grate>
<graphic id="nev20685714n1-KC08315931" width="column">
<href>0900c8af803f576#@#@#9#.jpeg</href>
</graphic>
<graphtext>
<para>
<ptxt>The malfunction#@#@#863#red:
</ptxt>
</para>
<list1 enumtype="u" type="unordered">
<item>
<ptxt>AT-121 Shift so#@#@#29#round</ptxt>
</item>
<item>
<ptxt>AT-122 Shift so#@#@#35#rcuit</ptxt>
</item>
<item>
<ptxt>AT-123 Line pre#@#@#47#tage
</ptxt>
</item>
<item>
<ptxt>AT-132 Control #@#@#33#r STH</ptxt>
</item>
<item>
<ptxt>AT-213 Throttle#@#@#41#high
</ptxt>
</item>
<item>
<ptxt>AT-221 Shift so#@#@#29#round</ptxt>
</item>
<item>
<ptxt>AT-222 Shift so#@#@#31#rcuit</ptxt>
</item>
<item>
<ptxt>AT-223 Throttle#@#@#40# low
</ptxt>
</item>
<item>
<ptxt>AT-232 Vehicle #@#@#23#ssing</ptxt>
</item>
<item>
<ptxt>AT-311 Transmis#@#@#28#ssing</ptxt>
</item>
<item>
<ptxt>AT-313 Gear-shi#@#@#28#ignal</ptxt>
</item>
<item>
<ptxt>AT-321, Gear 1,#@#@#12#atio
</ptxt>
</item>
<item>
<ptxt>AT-322, Gear 2,#@#@#12#atio
</ptxt>
</item>
<item>
<ptxt>AT-323, Gear 3,#@#@#12#atio
</ptxt>
</item>
<item>
<ptxt>AT-324, Gear 4,#@#@#12#atio
</ptxt>
</item>
<item>
<ptxt>AT-331 Lock-up #@#@#34#ly *)</ptxt>
</item>
<item>
<ptxt>AT-332, Lock-up#@#@#28#it *)</ptxt>
</item>
<item>
<ptxt>AT-333 Lock-up #@#@#34#ly *)</ptxt>
</item>
<item>
<ptxt>AT-341 Lock-up #@#@#21#d *)
</ptxt>
</item>
<item>
<ptxt>EFI-412 Engine #@#@#32#lt *)</ptxt>
</item>
</list1>
<para>
<ptxt>*) Applies to 1#@#@#10#year-</ptxt>
<ptxt>See also table,
<xref>
<ref id="nev20685714n1-KC08315932"/>
</xref>.
</ptxt>
</para>
</graphtext>
</grate>
</topic>
</servinfosub>