<?xml version="1.0" encoding="UTF-8"?><diagnostic IE-ID="en-US0900c8af804c9708" docno="VCC-120378" id="KC01612189" type="test" xml:lang="en-US">
<title>
<phrase category="" id="KC09371779" phrase-urn="urn:x-nevis:phrase:0800c8af826f56ad">Verification</phrase>
</title>
<testgrp IE-ID="en-US0900c8af804c9708_KC01755550" id="KC01755550" j2008use="1" paperuse="1" resumable="1" screenuse="1" testgrp-id="veridisplay" x="200" y="120">
<title>
<phrase category="" id="KC09371780" phrase-urn="urn:x-nevis:phrase:0800c8af826f56ae">Verification</phrase>
</title>
<node>
<test1>
<hint>
<ptxt>
<phrase category="" id="KC09371781" phrase-urn="urn:x-nevis:phrase:0800c8af826f56af">After carrying #@#@#61#lows:</phrase>
</ptxt>
</hint>
<diaglist>
<dgraphic>
<dgraphic1>
<graphic id="KC09371782">
<href>0900c8af80054d5#@#@#9#.jpeg</href>
</graphic>
</dgraphic1>
<dgraphic2>
<graphic id="KC09371783">
<href>0900c8af80054d7#@#@#9#.jpeg</href>
</graphic>
</dgraphic2>
</dgraphic>
<ditem>
<ptxt>
<phrase category="" id="KC09371784" phrase-urn="urn:x-nevis:phrase:0800c8af826f56b0">Ignition off</phrase>
</ptxt>
</ditem>
<ditem>
<ptxt>
<phrase category="" id="KC09371785" phrase-urn="urn:x-nevis:phrase:0800c8af826f56b1">Reinstall the c#@#@#21# etc.</phrase>
</ptxt>
</ditem>
<ditem>
<ptxt>
<phrase category="" id="KC09371786" phrase-urn="urn:x-nevis:phrase:0800c8af826f56b2">Ignition on.</phrase>
</ptxt>
</ditem>
</diaglist>
<test2>
<para>
<ptxt>
<phrase category="" id="KC09371787" phrase-urn="urn:x-nevis:phrase:0800c8af826f56b3">Deploy the disp#@#@#25#rol. </phrase>
</ptxt>
</para>
<para>
<ptxt>
<phrase category="" id="KC09371788" phrase-urn="urn:x-nevis:phrase:0800c8af826f56b4">Check that the #@#@#37#ect. </phrase>
</ptxt>
</para>
<para>
<ptxt>
<phrase category="" id="KC09371789" phrase-urn="urn:x-nevis:phrase:0800c8af826f56b5">Switch off the #@#@#37#acts.</phrase>
</ptxt>
</para>
</test2>
</test1>
<question>
Does the displ#@#@#8#ion?
</question>
<resact-grp>
<result button="yes" comp="button" highlight="0"/>
<action j2008use="1" paperuse="1" screenuse="1">
<return value="VERIFIED"/>
</action>
</resact-grp>
<resact-grp>
<result button="no" comp="button" highlight="0"/>
<action j2008use="1" paperuse="1" screenuse="1">
<return value="VERIFICATION FAILED"/>
</action>
</resact-grp>
</node>
</testgrp>
</diagnostic>