<?xml version="1.0" encoding="UTF-8"?><servinfosub IE-ID="en-US0900c8af8051b708" docno="VCC-127524" id="KC01680889" xml:lang="en-US">
<title>
<phrase category="" id="KC07516399" phrase-urn="urn:x-nevis:phrase:0800c8af81b8c833">Signal too high#@#@#12#fault</phrase>
</title>
<diagnostic j2008use="1" paperuse="1" screenuse="1" type="test">
<testgrp IE-ID="en-US0900c8af8051b708_KC01714304" id="KC01714304" j2008use="1" paperuse="1" resumable="1" screenuse="1" testgrp-id="node1" x="120" y="80">
<title>
<phrase category="" id="KC07516400" phrase-urn="urn:x-nevis:phrase:0800c8af81b8c834">Checking line p#@#@#15#d SLU</phrase>
</title>
<node>
<test1>
<diaglist>
<dgraphic>
<dgraphic1>
<graphic id="KC07516401">
<href>0900c8af80054d5#@#@#9#.jpeg</href>
</graphic>
</dgraphic1>
</dgraphic>
<ditem>
<ptxt>
<phrase category="" id="KC07516402" phrase-urn="urn:x-nevis:phrase:0800c8af81b8c835">Ignition on</phrase>
</ptxt>
</ditem>
<ditem>
<ptxt>
<phrase category="" id="KC07516403" phrase-urn="urn:x-nevis:phrase:0800c8af81b8c836">Activate soleno#@#@#2# SLU.</phrase>
</ptxt>
</ditem>
</diaglist>
<test2>
<para>
<ptxt>
<phrase category="" id="KC07516404" phrase-urn="urn:x-nevis:phrase:0800c8af81b8c837">Read off the cu#@#@#34#cuit.</phrase>
</ptxt>
<ptxt>
<phrase category="" id="KC07516405" phrase-urn="urn:x-nevis:phrase:0800c8af81b8c838">The current sho#@#@#31#0 mA.</phrase>
</ptxt>
</para>
<diaglist>
<dgraphic>
<dgraphic2>
<graphic id="KC07516406">
<href>0900c8af86c8681#@#@#9#.jpeg</href>
</graphic>
<smarttool active="press" id="KC07516407" toolname="XTCMA614"/>
</dgraphic2>
</dgraphic>
<ditem>
<ditemtext>
<ptxt>
<phrase category="" id="KC07516408" phrase-urn="urn:x-nevis:phrase:0800c8af81b8c839"/>
</ptxt>
</ditemtext>
</ditem>
</diaglist>
</test2>
</test1>
<question>Does the curren#@#@#7#late?</question>
<resact-grp>
<result button="yes" comp="button" highlight="0"/>
<action j2008use="1" paperuse="1" screenuse="1">
<return value="FAULT NOT FOUND"/>
</action>
</resact-grp>
<resact-grp>
<result button="no" comp="button" highlight="0"/>
<action j2008use="1" paperuse="1" screenuse="1">
<ptxt>
<xref>
<ref id="KC07516409"/>
</xref>
</ptxt>
</action>
</resact-grp>
</node>
</testgrp>
<testgrp id="KC01714305" j2008use="1" paperuse="1" resumable="1" screenuse="1" testgrp-id="node2" x="120" y="160">
<title>
<phrase category="" id="KC07516410" phrase-urn="urn:x-nevis:phrase:0800c8af81b8c83a">Checking the wiring </phrase>
</title>
<node>
<test1>
<diaglist>
<dgraphic>
<dgraphic1>
<graphic id="KC07516411">
<href>0900c8af80054d4#@#@#9#.jpeg</href>
</graphic>
</dgraphic1>
<dgraphic2>
<graphic id="KC07516412">
<href>0900c8af80054d7#@#@#9#.jpeg</href>
</graphic>
</dgraphic2>
</dgraphic>
<ditem>
<ptxt>
<phrase category="" id="KC07516413" phrase-urn="urn:x-nevis:phrase:0800c8af81b8c83b">Ignition off</phrase>
</ptxt>
</ditem>
<ditem>
<ptxt>
<phrase category="" id="KC07516414" phrase-urn="urn:x-nevis:phrase:0800c8af81b8c83c">The breakout bo#@#@#6#ected</phrase>
</ptxt>
</ditem>
<ditem>
<ptxt>
<phrase category="" id="KC07516415" phrase-urn="urn:x-nevis:phrase:0800c8af81b8c83d">Disconnect the #@#@#25#tor. </phrase>
</ptxt>
</ditem>
</diaglist>
<test2>
<para>
<ptxt>
<phrase category="" id="KC07516416" phrase-urn="urn:x-nevis:phrase:0800c8af81b8c83e">Check the cable#@#@#182#g to <xref>
<ref id="KC07516417"/>
</xref>. </phrase>
</ptxt>
</para>
<para>
<ptxt>
<phrase category="" id="KC07516418" phrase-urn="urn:x-nevis:phrase:0800c8af81b8c840">Check the cable#@#@#164#g to <xref>
<ref id="KC07516419"/>
</xref>. </phrase>
</ptxt>
</para>
<para>
<ptxt>
<phrase category="" id="KC07516420" phrase-urn="urn:x-nevis:phrase:0800c8af81b8c841">Also check agai#@#@#65#ram. </phrase>
</ptxt>
</para>
<para>
<ptxt>
<phrase category="" id="KC07516421" phrase-urn="urn:x-nevis:phrase:0800c8af81b8c842">Remedy as neces#@#@#1#ary. </phrase>
</ptxt>
</para>
<list1 enumtype="d" type="unordered">
<title>
<phrase category="" id="KC07516422" phrase-urn="urn:x-nevis:phrase:0800c8af81b8c843"> Other information:</phrase>
</title>
<item>
<ptxt>
<phrase category="" id="KC07516423" phrase-urn="urn:x-nevis:phrase:0800c8af81b8c844">To connect the #@#@#13# see <xref>
<ref id="KC07516424"/>
</xref>
</phrase>
</ptxt>
</item>
<item>
<ptxt>
<phrase category="" id="KC07516425" phrase-urn="urn:x-nevis:phrase:0800c8af81b8c845">To disconnect t#@#@#27# see <xref>
<ref id="KC07516426"/>
</xref>
</phrase>
</ptxt>
</item>
<item>
<ptxt>
<phrase category="" id="KC07516427" phrase-urn="urn:x-nevis:phrase:0800c8af81b8c846">For information#@#@#15# see <xref>
<ref id="KC07516428"/>
</xref>. </phrase>
</ptxt>
</item>
</list1>
<diaglist>
<dgraphic>
<dgraphic2>
<graphic id="KC07516429">
<href>0900c8af80054d4#@#@#9#.jpeg</href>
</graphic>
<smarttool active="press" id="KC07516430" toolname="VDCDAH"/>
</dgraphic2>
</dgraphic>
<ditem>
<ditemtext>
<ptxt>
<phrase category="" id="KC07516431" phrase-urn="urn:x-nevis:phrase:0800c8af81b8c847"/>
</ptxt>
</ditemtext>
</ditem>
</diaglist>
<grate>
<graphic id="KC07516432">
<href>0900c8af8012240#@#@#9#.jpeg</href>
</graphic>
</grate>
</test2>
</test1>
<question>Was a fault det#@#@#1#cted?</question>
<resact-grp>
<result button="yes" comp="button" highlight="0"/>
<action j2008use="1" paperuse="1" screenuse="1">
<ptxt>
<xref>
<ref id="KC07516433"/>
</xref>
</ptxt>
</action>
</resact-grp>
<resact-grp>
<result button="no" comp="button" highlight="0"/>
<action j2008use="1" paperuse="1" screenuse="1">
<ptxt>
<xref>
<ref id="KC07516434"/>
</xref>
</ptxt>
</action>
</resact-grp>
</node>
</testgrp>
<testgrp id="KC01714306" j2008use="1" paperuse="1" resumable="1" screenuse="1" testgrp-id="node4" x="120" y="240">
<title>
<phrase category="" id="KC07516435" phrase-urn="urn:x-nevis:phrase:0800c8af81b8c848">Checking the wi#@#@#13#onent</phrase>
</title>
<node>
<test1>
<diaglist>
<dgraphic>
<dgraphic1>
<graphic id="KC07516436">
<href>0900c8af80054d4#@#@#9#.jpeg</href>
</graphic>
</dgraphic1>
<dgraphic2>
<graphic id="KC07516437">
<href>0900c8af80054d7#@#@#9#.jpeg</href>
</graphic>
</dgraphic2>
</dgraphic>
<ditem>
<ptxt>
<phrase category="" id="KC07516438" phrase-urn="urn:x-nevis:phrase:0800c8af81b8c849">Ignition off</phrase>
</ptxt>
</ditem>
<ditem>
<ptxt>
<phrase category="" id="KC07516439" phrase-urn="urn:x-nevis:phrase:0800c8af81b8c84a">Open the transm#@#@#17#stem.</phrase>
</ptxt>
</ditem>
</diaglist>
<test2>
<para>
<ptxt>
<phrase category="" id="KC07516440" phrase-urn="urn:x-nevis:phrase:0800c8af81b8c84b">Check the wirin#@#@#241#g to <xref>
<ref id="KC07516441"/>
</xref>.</phrase>
</ptxt>
<ptxt>
<phrase category="" id="KC07516442" phrase-urn="urn:x-nevis:phrase:0800c8af81b8c84c">Also check agai#@#@#64#gram.</phrase>
</ptxt>
</para>
<para>
<ptxt>
<phrase category="" id="KC07516443" phrase-urn="urn:x-nevis:phrase:0800c8af81b8c84d">Check solenoid #@#@#186#rect.</phrase>
</ptxt>
</para>
<list1 enumtype="d" type="unordered">
<title>
<phrase category="" id="KC07516444" phrase-urn="urn:x-nevis:phrase:0800c8af81b8c84e">Other information:</phrase>
</title>
<item>
<ptxt>
<phrase category="" id="KC07516445" phrase-urn="urn:x-nevis:phrase:0800c8af81b8c84f">To disconnect t#@#@#27# see <xref>
<ref id="KC07516446"/>
</xref>
</phrase>
</ptxt>
</item>
<item>
<ptxt>
<phrase category="" id="KC07516447" phrase-urn="urn:x-nevis:phrase:0800c8af81b8c850">To replace the #@#@#28# see <xref>
<ref id="KC07516448"/>
</xref>
</phrase>
</ptxt>
</item>
<item>
<ptxt>
<phrase category="" id="KC07516449" phrase-urn="urn:x-nevis:phrase:0800c8af81b8c851">To replace the #@#@#32# see <xref>
<ref id="KC07516450"/>
</xref>
</phrase>
</ptxt>
</item>
<item>
<ptxt>
<phrase category="" id="KC07516451" phrase-urn="urn:x-nevis:phrase:0800c8af81b8c853">For information#@#@#15# see <xref>
<ref id="KC07516452"/>
</xref>. </phrase>
</ptxt>
</item>
</list1>
<diaglist>
<dgraphic>
<dgraphic1>
<graphic id="KC07516453">
<href>0900c8af801223f#@#@#9#.jpeg</href>
</graphic>
</dgraphic1>
<dgraphic2>
<graphic id="KC07516454">
<href>0900c8af80054d4#@#@#9#.jpeg</href>
</graphic>
<smarttool active="press" id="KC07516455" toolname="VDCDAH"/>
</dgraphic2>
</dgraphic>
<ditem>
<ditemtext>
<ptxt>
<phrase category="" id="KC07516456" phrase-urn="urn:x-nevis:phrase:0800c8af81b8c854"/>
</ptxt>
</ditemtext>
</ditem>
</diaglist>
<grate>
<graphic id="KC07516457">
<href>0900c8af8005a65#@#@#9#.jpeg</href>
</graphic>
</grate>
</test2>
</test1>
<question>Select Continue.</question>
<resact-grp>
<result button="cont" comp="button" highlight="0"/>
<action j2008use="1" paperuse="1" screenuse="1">
<ptxt>
<xref>
<ref id="KC07516458"/>
</xref>
</ptxt>
</action>
</resact-grp>
</node>
</testgrp>
<testgrp id="KC01714307" j2008use="1" paperuse="1" resumable="1" screenuse="1" testgrp-id="adapt" x="120" y="400">
<title>
<phrase category="" id="KC07516459" phrase-urn="urn:x-nevis:phrase:0800c8af81b8c855">Resetting the a#@#@#28#unter</phrase>
</title>
<subcalloutnode>
<diagcallout>
<xref>
<ref id="KC07516460"/>
</xref>
</diagcallout>
<rescall-grp>
<result comp="string" highlight="0" op="eq" return="DONE"/>
<calloutaction>
<ptxt>
<xref>
<ref id="KC07516461"/>
</xref>
</ptxt>
</calloutaction>
</rescall-grp>
</subcalloutnode>
</testgrp>
<testgrp id="KC01714308" j2008use="1" paperuse="1" resumable="1" screenuse="1" testgrp-id="veria" x="320" y="80">
<title>
<phrase category="" id="KC07516462" phrase-urn="urn:x-nevis:phrase:0800c8af81b8c856">Verification</phrase>
</title>
<subcalloutnode>
<diagcallout>
<xref>
<ref id="KC07516463"/>
</xref>
</diagcallout>
<rescall-grp>
<result comp="string" highlight="0" op="eq" return="VERIFICATION FAILED"/>
<calloutaction>
<ptxt>
<xref>
<ref id="KC07516464"/>
</xref>
</ptxt>
</calloutaction>
</rescall-grp>
<rescall-grp>
<result comp="string" highlight="0" op="eq" return="VERIFIED"/>
<calloutaction>
<return value="FAULT FOUND"/>
</calloutaction>
</rescall-grp>
</subcalloutnode>
</testgrp>
<testgrp id="KC01714309" j2008use="1" paperuse="0" resumable="1" screenuse="1" testgrp-id="info1" x="520" y="80">
<title>
<phrase category="" id="KC07516465" phrase-urn="urn:x-nevis:phrase:0800c8af81b8c857">Fault-tracing i#@#@#5#ation</phrase>
</title>
<subcalloutnode>
<diagcallout>
<xref>
<ref id="KC07516466"/>
</xref>
</diagcallout>
<rescall-grp>
<result comp="string" highlight="0" op="eq" return="FAULTTRACING FAILED"/>
<calloutaction>
<return value="FAULTTRACING FAILED"/>
</calloutaction>
</rescall-grp>
<rescall-grp>
<result comp="string" highlight="0" op="eq" return="NEW TRY"/>
<calloutaction>
<ptxt>
<xref>
<ref id="KC07516467"/>
</xref>
</ptxt>
</calloutaction>
</rescall-grp>
</subcalloutnode>
</testgrp>
</diagnostic>
</servinfosub>