<?xml version="1.0" encoding="UTF-8"?><servinfosub IE-ID="en-US0900c8af8068c51e" docno="VCC-083519" id="KC02240040" xml:lang="en-US">
<title>Trim strip clip#@#@#15#rille</title>
<para>
<ptxt>New stainless s#@#@#180#part.</ptxt>
<ptxt>Discoloring of #@#@#64#lips.</ptxt>
<ptxt>Miscoloring can#@#@#35#lips.</ptxt>
</para>
<grate>
<graphic id="KC08561131" width="column">
<href>0900c8af8068c52#@#@#9#.jpeg</href>
</graphic>
<graphtext>
<para>
<title>Replacing radia#@#@#11#clips</title>
<ptxt>Remove the old #@#@#88#rift.</ptxt>
<ptxt>Clean the radia#@#@#19#sary.</ptxt>
<ptxt>Install the new#@#@#26#tuds.</ptxt>
</para>
</graphtext>
</grate>
</servinfosub>