<?xml version="1.0" encoding="UTF-8"?><servinfosub IE-ID="en-US0900c8af806a951e" docno="VCC-121800" id="KC02160777" servinfosubId="nev20684332n1-nev20684332n2" servinfosubRes="0900c8af862b9bd7" servinfosubRes2="urn:x-nevis:fragment:0900c8af806a951e:0900c8af862b9bd7#nev20684332n2" xml:lang="en-US">
<title>Connector A. Ga#@#@#19#odule</title>
<table frame="none" pgwide="1">
<tgroup cols="4" colsep="0" rowsep="0">
<colspec colwidth="55*"/>
<colspec colwidth="177*"/>
<colspec colwidth="61*"/>
<colspec colwidth="236*"/>
<tbody>
<row>
<entry align="left" valign="top">
<ptxt>U=</ptxt>
</entry>
<entry align="left" valign="top">
<ptxt>DC voltage in v#@#@#3#s (V)</ptxt>
</entry>
<entry align="left" valign="top">
<ptxt>U<sub>AC</sub>=</ptxt>
</entry>
<entry align="left" valign="top">
<ptxt>AC voltage in v#@#@#4# (V) </ptxt>
</entry>
</row>
<row>
<entry align="left" valign="top">
<ptxt>U<sub>bat</sub>=</ptxt>
</entry>
<entry align="left" valign="top">
<ptxt>Battery voltage (V)</ptxt>
</entry>
<entry align="left" valign="top">
<ptxt>f =</ptxt>
</entry>
<entry align="left" valign="top">
<ptxt>Frequency in He#@#@#3# (Hz)</ptxt>
</entry>
</row>
<row>
<entry align="left" valign="top">
<ptxt>U<sub>low</sub>=</ptxt>
</entry>
<entry align="left" valign="top">
<ptxt>Voltage approxi#@#@#5#y 0 V</ptxt>
</entry>
<entry align="left" valign="top">
<ptxt>% duty =</ptxt>
</entry>
<entry align="left" valign="top">
<ptxt>Duty cycle (pul#@#@#25# (%) </ptxt>
</entry>
</row>
<row>
<entry align="left" valign="top">
<ptxt>t =</ptxt>
</entry>
<entry align="left" valign="top">
<ptxt>Time in millise#@#@#5# (ms)</ptxt>
</entry>
<entry align="left" valign="top"/>
<entry align="left" valign="top"/>
</row>
</tbody>
</tgroup>
</table>
<table frame="all" pgwide="1">
<tgroup cols="5" colsep="1" rowsep="1">
<colspec colwidth="50*"/>
<colspec colwidth="152*"/>
<colspec colname="col3" colwidth="100*"/>
<colspec colname="col4" colwidth="99*"/>
<colspec colname="col5" colwidth="94*"/>
<tbody>
<row>
<entry align="left" valign="top">
<ptxt>
<emph etype="bold">Terminal / in b#@#@#7# box </emph>
</ptxt>
</entry>
<entry align="left" valign="top">
<ptxt>
<emph etype="bold">Signal type</emph>
</ptxt>
</entry>
<entry align="left" valign="top">
<ptxt>
<emph etype="bold">Ignition on </emph>
</ptxt>
</entry>
<entry align="left" valign="top">
<ptxt>
<emph etype="bold">Engine idling</emph>
</ptxt>
</entry>
<entry align="left" valign="top">
<ptxt>
<emph etype="bold">Other</emph>
</ptxt>
</entry>
</row>
<row>
<entry align="left" valign="top">
<ptxt>#A1/#5</ptxt>
</entry>
<entry align="left" valign="top">
<ptxt>Signal</ptxt>
<ptxt> to terminal #B14.</ptxt>
<ptxt>Positive power #@#@#16#valve</ptxt>
</entry>
<entry align="left" valign="top">
<ptxt>U=U<sub>low</sub>
</ptxt>
</entry>
<entry align="left" valign="top">
<ptxt>Gas=U<sub>bat</sub>
</ptxt>
<ptxt>Gasoline=U<sub>low</sub>
</ptxt>
</entry>
<entry align="left" valign="top">
<ptxt>-</ptxt>
</entry>
</row>
<row>
<entry align="left" valign="top">
<ptxt>#A2/#6</ptxt>
</entry>
<entry align="left" valign="top">
<ptxt>Signal from ter#@#@#4#l #B9</ptxt>
<ptxt>Fuel tank fille#@#@#16#ignal</ptxt>
</entry>
<entry align="left" valign="top">
<ptxt>Cover closed: U<sub>low</sub>
</ptxt>
<ptxt>Cover open: U<sub>bat</sub>
</ptxt>
</entry>
<entry align="left" valign="top">
<ptxt>-</ptxt>
</entry>
<entry align="left" valign="top">
<ptxt>Precontrol start</ptxt>
</entry>
</row>
<row>
<entry align="left" valign="top">
<ptxt>#A3/#7</ptxt>
</entry>
<entry align="left" valign="top">
<ptxt>-</ptxt>
</entry>
<entry align="left" valign="top"/>
<entry align="left" colname="col5" valign="top"/>
</row>
<row>
<entry align="left" valign="top">
<ptxt>#A4/#8</ptxt>
</entry>
<entry align="left" valign="top">
<ptxt>-</ptxt>
</entry>
<entry align="left" valign="top"/>
<entry align="left" colname="col5" valign="top"/>
</row>
<row>
<entry align="left" valign="top">
<ptxt>#A5/#9</ptxt>
</entry>
<entry align="left" valign="top">
<ptxt>Power supply el#@#@#3#ronic</ptxt>
</entry>
<entry align="left" valign="top">
<ptxt>U=U<sub>bat</sub>
</ptxt>
</entry>
<entry align="left" valign="top">
<ptxt>U=U<sub>bat</sub>
</ptxt>
</entry>
<entry align="left" valign="top"/>
</row>
<row>
<entry align="left" valign="top">
<ptxt>#A6/#10</ptxt>
</entry>
<entry align="left" valign="top">
<ptxt>CENT-signal eng#@#@#68#(ECM)</ptxt>
</entry>
<entry align="left" valign="top">
<ptxt>f=45 Hz at +25°C</ptxt>
<ptxt>f=20 Hz at +100°C</ptxt>
</entry>
<entry align="left" valign="top">
<ptxt>f=45 Hz at +25°C</ptxt>
<ptxt>f = 20 Hz at +100°C</ptxt>
</entry>
<entry align="left" valign="top">
<ptxt>A pulsed signal#@#@#104#ture </ptxt>
</entry>
</row>
<row>
<entry align="left" valign="top">
<ptxt>#A7/#11</ptxt>
</entry>
<entry align="left" valign="top">
<ptxt>Temperature warning</ptxt>
</entry>
<entry align="left" valign="top">
<ptxt>T&amp;gt;125°C U<sub>low</sub>
</ptxt>
<ptxt>T&amp;lt;125°C U<sub>bat</sub>
</ptxt>
</entry>
<entry align="left" valign="top">
<ptxt>T&amp;gt;125°C U<sub>low</sub>
</ptxt>
<ptxt>T&amp;lt;125°C U<sub>bat</sub>
</ptxt>
</entry>
<entry align="left" valign="top">
<ptxt>Warns of high t#@#@#7#ures </ptxt>
</entry>
</row>
<row>
<entry align="left" valign="top">
<ptxt>#A8/#12</ptxt>
</entry>
<entry align="left" valign="top">
<ptxt>-</ptxt>
</entry>
<entry align="left" valign="top"/>
<entry align="left" colname="col5" valign="top"/>
</row>
<row>
<entry align="left" valign="top">
<ptxt>#A9/#13</ptxt>
</entry>
<entry align="left" valign="top">
<ptxt>-</ptxt>
</entry>
<entry align="left" valign="top"/>
<entry align="left" colname="col5" valign="top"/>
</row>
<row>
<entry align="left" valign="top">
<ptxt>#A10/#14</ptxt>
</entry>
<entry align="left" valign="top">
<ptxt>-</ptxt>
</entry>
<entry align="left" valign="top"/>
<entry align="left" colname="col5" valign="top"/>
</row>
<row>
<entry align="left" valign="top">
<ptxt>#A11/#15</ptxt>
</entry>
<entry align="left" valign="top">
<ptxt/>
<ptxt>CNG level</ptxt>
</entry>
<entry align="left" valign="top">
<ptxt>f=17 Hz at 200 bar</ptxt>
<ptxt>f=32 Hz at 7 bar</ptxt>
<ptxt>applies at +25°C</ptxt>
</entry>
<entry align="left" valign="top">
<ptxt>f=17 Hz at 200 bar</ptxt>
<ptxt>f=32 Hz at 7 bar</ptxt>
<ptxt>applies at +25°C</ptxt>
</entry>
<entry align="left" valign="top">
<ptxt>A pulsed signal#@#@#124#ssure</ptxt>
</entry>
</row>
<row>
<entry align="left" valign="top">
<ptxt>#A12/#16</ptxt>
</entry>
<entry align="left" valign="top">
<ptxt>Pressure signal#@#@#26#dule </ptxt>
</entry>
<entry align="left" valign="top">
<ptxt>0 bar=0.5V (empty)</ptxt>
<ptxt>200 bar=4.5V (full)</ptxt>
</entry>
<entry align="left" valign="top">
<ptxt>0 bar=0.5V (empty)</ptxt>
<ptxt>200 bar=4.5V (full)</ptxt>
</entry>
<entry align="left" valign="top">
<ptxt>Voltage increas#@#@#21#sure.</ptxt>
<ptxt>Readings are ta#@#@#30# #A13</ptxt>
</entry>
</row>
<row>
<entry align="left" valign="top">
<ptxt>#A13/#17</ptxt>
</entry>
<entry align="left" valign="top">
<ptxt>Ground lead pre#@#@#7#ignal</ptxt>
</entry>
<entry align="left" valign="top">
<ptxt>U<sub>low</sub>
</ptxt>
</entry>
<entry align="left" valign="top">
<ptxt>U<sub>low</sub>
</ptxt>
</entry>
<entry align="left" valign="top">
<ptxt>-</ptxt>
</entry>
</row>
<row>
<entry align="left" valign="top">
<ptxt>#A14/#18</ptxt>
</entry>
<entry align="left" valign="top">
<ptxt>Electronic ground</ptxt>
</entry>
<entry align="left" valign="top">
<ptxt>U<sub>low</sub>
</ptxt>
</entry>
<entry align="left" valign="top">
<ptxt>U<sub>low</sub>
</ptxt>
</entry>
<entry align="left" valign="top">
<ptxt>-</ptxt>
</entry>
</row>
</tbody>
</tgroup>
</table>
</servinfosub>