<?xml version="1.0" encoding="UTF-8"?><script xmlns:nevis="http://www.volvocars.com/namespaces/processing" xmlns:xlink="http://www.w3.org/1999/xlink" IE-ID="en-US0900c8af81d7551e" docno="VCC-236243" id="nev10129190n1" nevis:expl-profile="mdl644yr1999cu4, mdl644yr2000cu4, mdl644yr2001cu4, mdl644yr2002cu4, mdl644yr2003cu4, mdl644yr2004cu4, mdl645yr1999cu4, mdl645yr2000cu4, mdl645yr2001cu4, mdl645yr2002cu4, mdl645yr2003cu4, mdl645yr2004cu4" nevis:profile="urn:x-nevis:profile:0b00c8af817ac3f4 urn:x-nevis:profile:0b00c8af817ac400 urn:x-nevis:profile:0b00c8af817ac40d urn:x-nevis:profile:0b00c8af817ac41b urn:x-nevis:profile:0b00c8af817ac42a urn:x-nevis:profile:0b00c8af817ac438 urn:x-nevis:profile:0b00c8af817ac448 urn:x-nevis:profile:0b00c8af817ac454 urn:x-nevis:profile:0b00c8af817ac462 urn:x-nevis:profile:0b00c8af817ac470 urn:x-nevis:profile:0b00c8af817ac47d urn:x-nevis:profile:0b00c8af817ac48a" nevis:projectdocument="urn:x-nevis:projectdocument:0800c8af81d7551d" nevis:resource="0900c8af81d75541" nevis:resource2="urn:x-nevis:fragment:0900c8af81d7551e:0900c8af81d75541#nev10129190n1" nevis:session-id="" qualifierinfotype="14:00" type="" xml:lang="en-US"><title>Read vehicle speed</title><content gui="1" height="220" id="nev10129191n1-nev10129190n3" nevis:expl-profile="mdl644yr1999cu4, mdl644yr2000cu4, mdl644yr2001cu4, mdl644yr2002cu4, mdl644yr2003cu4, mdl644yr2004cu4, mdl645yr1999cu4, mdl645yr2000cu4, mdl645yr2001cu4, mdl645yr2002cu4, mdl645yr2003cu4, mdl645yr2004cu4" nevis:idfrom="nev10129191n1" nevis:prefix="nev10129191n1" nevis:profile="urn:x-nevis:profile:0b00c8af817ac3f4 urn:x-nevis:profile:0b00c8af817ac400 urn:x-nevis:profile:0b00c8af817ac40d urn:x-nevis:profile:0b00c8af817ac41b urn:x-nevis:profile:0b00c8af817ac42a urn:x-nevis:profile:0b00c8af817ac438 urn:x-nevis:profile:0b00c8af817ac448 urn:x-nevis:profile:0b00c8af817ac454 urn:x-nevis:profile:0b00c8af817ac462 urn:x-nevis:profile:0b00c8af817ac470 urn:x-nevis:profile:0b00c8af817ac47d urn:x-nevis:profile:0b00c8af817ac48a" nevis:resource="0900c8af81d7553f" nevis:resource2="urn:x-nevis:fragment:0900c8af81d7551e:0900c8af81d7553f#nev10129190n3" width="400" xml:lang="en-US"><nodes id="nev10129191n1-nev10129195n1"><node class="Components.StartNode" id="nev10129191n1-nev10129196n1" nodeid="Start" x="17" y="58"/><node class="Components.Repeater" id="nev10129191n1-nev10129197n1" nodeid="Iterator" x="154" y="62"/><node class="Components.IdentifierComponent" id="nev10129191n1-nev10129198n1" nodeid="Read1" x="329" y="21"><property class="Parameter" id="nev10129191n1-nev10129199n1" name="Actual vehicle speed km/h" type="Out" value="" visible="1"/><extension id="nev10129191n1-nev10129200n1"><identifier ecu="381101" ecuMode="EcuType" id="nev10129191n1-nev10129201n1" read="9" type="REOFF" value="31"><parameter id="nev10129191n1-nev10129202n1" name="Actual vehicle speed km/h" textid="41020"/></identifier></extension></node><node class="Components.IdentifierComponent" id="nev10129191n1-nev10129203n1" nodeid="Read2" x="328" y="164"><property class="Parameter" id="nev10129191n1-nev10129204n1" name="Actual vehicle speed mph" type="Out" value="" visible="1"/><extension id="nev10129191n1-nev10129205n1"><identifier ecu="381101" ecuMode="EcuType" id="nev10129191n1-nev10129206n1" read="9" type="REOFF" value="31"><parameter id="nev10129191n1-nev10129207n1" name="Actual vehicle speed mph" textid="41021"/></identifier></extension></node><node class="Components.Gui.ParameterLabel" id="nev10129191n1-nev10129208n1" nodeid="Label1" x="453" y="50"><gui height="70" id="nev10129191n1-nev10129209n1" width="380" x="10" y="10"/><property class="Parameter" id="nev10129191n1-nev10129210n1" name="Parameter" type="In" value="" visible="1"/><property class="String" id="nev10129191n1-nev10129211n1" name="Title" type="In" value="" visible="1"/><property class="String" id="nev10129191n1-nev10129212n1" name="Value" type="In" value="" visible="1"/><property class="String" id="nev10129191n1-nev10129213n1" name="Unit" type="In" value="" visible="1"/></node><node class="Components.Gui.ParameterLabel" id="nev10129191n1-nev10129214n1" nodeid="Label2" x="452" y="199"><gui height="70" id="nev10129191n1-nev10129215n1" width="380" x="10" y="90"/><property class="Parameter" id="nev10129191n1-nev10129216n1" name="Parameter" type="In" value="" visible="1"/><property class="String" id="nev10129191n1-nev10129217n1" name="Title" type="In" value="" visible="1"/><property class="String" id="nev10129191n1-nev10129218n1" name="Value" type="In" value="" visible="1"/><property class="String" id="nev10129191n1-nev10129219n1" name="Unit" type="In" value="" visible="1"/></node><node class="Components.ScriptButton" id="nev10129191n1-nev10129220n1" nodeid="Hide" x="24" y="261"><gui height="30" id="nev10129191n1-nev10129221n1" width="110" x="280" y="180"/><property class="String" id="nev10129191n1-nev10129222n1" name="Text" type="In" value="" visible="0"/><property class="String" id="nev10129191n1-nev10129223n1" name="StartDisabled" type="Internal" value="false" visible="1"/><extension id="nev10129191n1-nev10129224n1"><phrase category="Faulttracing" id="nev10129191n1-nev10129194n1" phrase-urn="urn:x-nevis:phrase:0800c8af81b6b138">Hide</phrase></extension></node><node class="Components.ScriptComponent" id="nev10129191n1-nev10129225n1" nodeid="CloseScript" x="155" y="366"/><node class="Components.VehComm" id="nev10129191n1-nev10129226n1" nodeid="StopDiagnosticSession" x="156" y="219"><property class="String" id="nev10129191n1-nev10129227n1" name="Mode" type="Internal" value="EcuType" visible="1"/><property class="Int" id="nev10129191n1-nev10129228n1" name="EcuType" type="In" value="381101" visible="0"/><property class="Int" id="nev10129191n1-nev10129229n1" name="ServiceId" type="In" value="27" visible="0"/><property class="String" id="nev10129191n1-nev10129230n1" name="EcuName" type="Out" value="" visible="1"/><property class="Response" id="nev10129191n1-nev10129231n1" name="Result" type="Out" value="" visible="1"/><extension id="nev10129191n1-nev10129232n1"/></node></nodes><handlers id="nev10129191n1-nev10129233n1"><eventhandler id="nev10129191n1-nev10129234n1" name="OnStart" node="Start"><call id="nev10129191n1-nev10129235n1" method="UpdateTitles" node="Read1"/><call id="nev10129191n1-nev10129236n1" method="UpdateTitles" node="Read2"/><call id="nev10129191n1-nev10129237n1" method="Start" node="Iterator"/></eventhandler><eventhandler id="nev10129191n1-nev10129238n1" name="OnRepeat" node="Iterator"><call id="nev10129191n1-nev10129239n1" method="Read" node="Read1"/><call id="nev10129191n1-nev10129240n1" method="Read" node="Read2"/></eventhandler><eventhandler id="nev10129191n1-nev10129241n1" name="Click" node="Hide"><call id="nev10129191n1-nev10129242n1" method="Execute" node="StopDiagnosticSession"/><call id="nev10129191n1-nev10129243n1" method="CloseDialog" node="CloseScript"/></eventhandler><propertyhandler id="nev10129191n1-nev10129244n1" name="Actual vehicle speed km/h" node="Read1"><set id="nev10129191n1-nev10129245n1" node="Label1" property="Parameter"/></propertyhandler><propertyhandler id="nev10129191n1-nev10129246n1" name="Actual vehicle speed mph" node="Read2"><set id="nev10129191n1-nev10129247n1" node="Label2" property="Parameter"/></propertyhandler></handlers></content></script>