<?xml version="1.0" encoding="UTF-8"?><servinfosub IE-ID="en-US0900c8af864d451e" docno="VCC-136044" id="KC01243287" servinfosubId="nev20684958n1-nev20684958n2" servinfosubRes="0900c8af864d452c" servinfosubRes2="urn:x-nevis:fragment:0900c8af864d451e:0900c8af864d452c#nev20684958n2" xml:lang="en-US">
<title>Beskrivning av #@#@#7#ingar</title>
<procedure id="nev20684958n1-nev21336569n1">
<stepgrp id="nev20684958n1-nev21336570n1">
<title id="nev20684958n1-nev21336571n1">General</title>
<procstep id="nev20684958n1-nev21336572n1" toc-include="yes">
<title id="nev20684958n1-nev21336573n1"/>
<para id="nev20684958n1-nev21336574n1">
<ptxt id="nev20684958n1-nev21336575n1">A number of the#@#@#232#ated.</ptxt>
</para>
</procstep>
</stepgrp>
<stepgrp id="nev20684958n1-nev21336576n1">
<title id="nev20684958n1-nev21336577n1">Activating all #@#@#3#sions</title>
<procstep id="nev20684958n1-nev21336578n1" toc-include="yes">
<title id="nev20684958n1-nev21336579n1">Pump motor</title>
<para id="nev20684958n1-nev21336580n1">
<ptxt id="nev20684958n1-nev21336581n1">Activating the #@#@#26#otor.</ptxt>
<ptxt id="nev20684958n1-nev21336582n1">The pump motor #@#@#8#hum”.</ptxt>
</para>
</procstep>
<procstep id="nev20684958n1-nev21336583n1" toc-include="yes">
<title id="nev20684958n1-nev21336584n1">Left front inle#@#@#2#valve</title>
<para id="nev20684958n1-nev21336585n1">
<ptxt id="nev20684958n1-nev21336586n1">Activating left#@#@#20#alve.</ptxt>
<ptxt id="nev20684958n1-nev21336587n1">"Clicking sound#@#@#28#ator.</ptxt>
</para>
</procstep>
<procstep id="nev20684958n1-nev21336588n1" toc-include="yes">
<title id="nev20684958n1-nev21336589n1">Right front inl#@#@#3#valve</title>
<para id="nev20684958n1-nev21336590n1">
<ptxt id="nev20684958n1-nev21336591n1">Activating righ#@#@#21#alve.</ptxt>
<ptxt id="nev20684958n1-nev21336592n1">"Clicking sound#@#@#28#ator.</ptxt>
</para>
</procstep>
<procstep id="nev20684958n1-nev21336593n1" toc-include="yes">
<title id="nev20684958n1-nev21336594n1">Left rear inlet#@#@#1#valve</title>
<para id="nev20684958n1-nev21336595n1">
<ptxt id="nev20684958n1-nev21336596n1">Activating left#@#@#19#alve.</ptxt>
<ptxt id="nev20684958n1-nev21336597n1">"Clicking sound#@#@#28#ator.</ptxt>
</para>
</procstep>
<procstep id="nev20684958n1-nev21336598n1" toc-include="yes">
<title id="nev20684958n1-nev21336599n1">Right rear inle#@#@#2#valve</title>
<para id="nev20684958n1-nev21336600n1">
<ptxt id="nev20684958n1-nev21336601n1">Activating righ#@#@#20#alve.</ptxt>
<ptxt id="nev20684958n1-nev21336602n1">"Clicking sound#@#@#28#ator.</ptxt>
</para>
</procstep>
<procstep id="nev20684958n1-nev21336603n1" toc-include="yes">
<title id="nev20684958n1-nev21336604n1">Left front outl#@#@#3#valve</title>
<para id="nev20684958n1-nev21336605n1">
<ptxt id="nev20684958n1-nev21336606n1">Activating left#@#@#21#alve.</ptxt>
<ptxt id="nev20684958n1-nev21336607n1">"Clicking sound#@#@#28#ator.</ptxt>
</para>
</procstep>
<procstep id="nev20684958n1-nev21336608n1" toc-include="yes">
<title id="nev20684958n1-nev21336609n1">Right front out#@#@#4#valve</title>
<para id="nev20684958n1-nev21336610n1">
<ptxt id="nev20684958n1-nev21336611n1">Activating righ#@#@#22#alve.</ptxt>
<ptxt id="nev20684958n1-nev21336612n1">"Clicking sound#@#@#28#ator.</ptxt>
</para>
</procstep>
<procstep id="nev20684958n1-nev21336613n1" toc-include="yes">
<title id="nev20684958n1-nev21336614n1">Left rear outle#@#@#2#valve</title>
<para id="nev20684958n1-nev21336615n1">
<ptxt id="nev20684958n1-nev21336616n1">Activating left#@#@#20#alve.</ptxt>
<ptxt id="nev20684958n1-nev21336617n1">"Clicking sound#@#@#28#ator.</ptxt>
</para>
</procstep>
<procstep id="nev20684958n1-nev21336618n1" toc-include="yes">
<title id="nev20684958n1-nev21336619n1">Right rear outl#@#@#3#valve</title>
<para id="nev20684958n1-nev21336620n1">
<ptxt id="nev20684958n1-nev21336621n1">Activating righ#@#@#21#alve.</ptxt>
<ptxt id="nev20684958n1-nev21336622n1">"Clicking sound#@#@#28#ator.</ptxt>
</para>
</procstep>
</stepgrp>
<stepgrp id="nev20684958n1-nev21336623n1">
<title id="nev20684958n1-nev21336624n1">Anti spin funct#@#@#69#stem)</title>
<procstep id="nev20684958n1-nev21336625n1" toc-include="yes">
<title id="nev20684958n1-nev21336626n1">Inlet valve STC#@#@#62#stem)</title>
<note id="nev20684958n1-nev21336627n1">
<ptxt id="nev20684958n1-nev21336628n1">Only STC (Stabi#@#@#56#tem).</ptxt>
</note>
<para id="nev20684958n1-nev21336629n1">
<ptxt id="nev20684958n1-nev21336630n1">Activating the #@#@#79#alve.</ptxt>
<ptxt id="nev20684958n1-nev21336631n1">"Clicking sound#@#@#28#ator.</ptxt>
</para>
</procstep>
</stepgrp>
<stepgrp id="nev20684958n1-nev21336632n1">
<title id="nev20684958n1-nev21336633n1">Stability funct#@#@#7#C/ESC</title>
<procstep id="nev20684958n1-nev21336636n1" toc-include="yes">
<title id="nev20684958n1-nev21336637n1">Active yaw cont#@#@#10#valve</title>
<note id="nev20684958n1-nev21336638n1">
<ptxt id="nev20684958n1-nev21336639n1">Only DSTC/ESC. </ptxt>
</note>
<para id="nev20684958n1-nev21336642n1">
<ptxt id="nev20684958n1-nev21336643n1">Activating the #@#@#26#alve.</ptxt>
<ptxt id="nev20684958n1-nev21336644n1">"Clicking sound#@#@#28#ator.</ptxt>
</para>
</procstep>
<procstep id="nev20684958n1-nev21336645n1" toc-include="yes">
<title id="nev20684958n1-nev21336646n1">Active yaw cont#@#@#11#valve</title>
<note id="nev20684958n1-nev21336647n1">
<ptxt id="nev20684958n1-nev21336648n1">Only DSTC/ESC. </ptxt>
</note>
<para id="nev20684958n1-nev21336651n1">
<ptxt id="nev20684958n1-nev21336652n1">Activating the #@#@#27#alve.</ptxt>
<ptxt id="nev20684958n1-nev21336653n1">"Clicking sound#@#@#23#lator</ptxt>
</para>
</procstep>
<procstep id="nev20684958n1-nev21336654n1" toc-include="yes">
<title id="nev20684958n1-nev21336655n1">Active yaw cont#@#@#22#valve</title>
<note id="nev20684958n1-nev21336656n1">
<ptxt id="nev20684958n1-nev21336657n1">Only DSTC/ESC.</ptxt>
</note>
<para id="nev20684958n1-nev21336660n1">
<ptxt id="nev20684958n1-nev21336661n1">Activating the #@#@#38#alve.</ptxt>
<ptxt id="nev20684958n1-nev21336662n1">A barely audibl#@#@#175#htly.</ptxt>
</para>
</procstep>
</stepgrp>
</procedure>
</servinfosub>