<?xml version="1.0" encoding="UTF-8"?><servinfosub IE-ID="en-US0900c8af8042351e" docno="VCC-023990" id="KC01400338" xml:lang="en-US">
<title>
<phrase category="" id="KC08314330" phrase-urn="urn:x-nevis:phrase:0800c8af81dba67f">Fault in soleno#@#@#25#fault</phrase>
</title>
<diagnostic type="test">
<testgrp IE-ID="en-US0900c8af8042351e_KC01400339" id="KC01400339" j2008use="1" paperuse="1" resumable="1" screenuse="1" testgrp-id="int" x="120" y="80">
<title>
<phrase category="" id="KC08314331" phrase-urn="urn:x-nevis:phrase:0800c8af81dba680">Intermittent fault</phrase>
</title>
<node>
<test1>
<diaglist>
<dgraphic>
<dgraphic1>
<graphic id="KC08314332">
<href>0900c8af80054d4#@#@#9#.jpeg</href>
</graphic>
</dgraphic1>
</dgraphic>
</diaglist>
<test2>
<list1>
<item>
<ptxt>
<phrase category="" id="KC08314333" phrase-urn="urn:x-nevis:phrase:0800c8af81dba681">Check transmiss#@#@#84# to  <xref>
<ref id="KC08314334"/>
</xref> and contact re#@#@#32# to  <xref>
<ref id="KC08314335"/>
</xref>.</phrase>
</ptxt>
</item>
<item>
<ptxt>
<phrase category="" id="KC08314336" phrase-urn="urn:x-nevis:phrase:0800c8af81dba682">Check the cable#@#@#110# to  <xref>
<ref id="KC08314337"/>
</xref> and an intermi#@#@#47# to  <xref>
<ref id="KC08314338"/>
</xref>.</phrase>
</ptxt>
</item>
<item>
<ptxt>
<phrase category="" id="KC08314339" phrase-urn="urn:x-nevis:phrase:0800c8af81dba683">Check cable bet#@#@#112# to  <xref>
<ref id="KC08314340"/>
</xref>.</phrase>
</ptxt>
</item>
<item>
<ptxt>
<phrase category="" id="KC08314341" phrase-urn="urn:x-nevis:phrase:0800c8af81dba684">Check ground te#@#@#59# to  <xref>
<ref id="KC08314342"/>
</xref>.</phrase>
</ptxt>
</item>
<item>
<ptxt>
<phrase category="" id="KC08314343" phrase-urn="urn:x-nevis:phrase:0800c8af81dba685">Check the cable#@#@#128# to  <xref>
<ref id="KC08314344"/>
</xref>.</phrase>
</ptxt>
</item>
</list1>
<diaglist>
<dgraphic>
<dgraphic2>
<graphic id="KC08314345">
<href>0900c8af80054d4#@#@#9#.jpeg</href>
</graphic>
<smarttool active="auto" id="KC08314346" toolname="ODA"/>
</dgraphic2>
</dgraphic>
<ditem>
<ditemtext>
<ptxt>
<phrase category="" id="KC08314347" phrase-urn="urn:x-nevis:phrase:0800c8af81dba686"/>
</ptxt>
</ditemtext>
</ditem>
</diaglist>
</test2>
</test1>
<question>Select "Continu#@#@#31#ired.</question>
<resact-grp>
<result button="cont" comp="button" highlight="0"/>
<action j2008use="1" paperuse="1" screenuse="1">
<ptxt>
<xref>
<ref id="KC08314348"/>
</xref>
</ptxt>
</action>
</resact-grp>
</node>
</testgrp>
<testgrp id="KC01400340" j2008use="1" paperuse="1" resumable="1" screenuse="1" testgrp-id="info2" x="280" y="80">
<title>
<phrase category="" id="KC08314349" phrase-urn="urn:x-nevis:phrase:0800c8af81dba67e">Fault-tracing i#@#@#5#ation</phrase>
</title>
<subcalloutnode>
<diagcallout>
<xref>
<ref id="KC08314350"/>
</xref>
</diagcallout>
<rescall-grp>
<result comp="string" highlight="0" op="eq" return="FAULT FOUND"/>
<calloutaction>
<return value="FAULT FOUND"/>
</calloutaction>
</rescall-grp>
<rescall-grp>
<result comp="string" highlight="0" op="eq" return="NEW TRY"/>
<calloutaction>
<return value="NEW TRY"/>
</calloutaction>
</rescall-grp>
<rescall-grp>
<result comp="string" highlight="0" op="eq" return="DONE"/>
<calloutaction>
<return value="DONE"/>
</calloutaction>
</rescall-grp>
</subcalloutnode>
</testgrp>
</diagnostic>
</servinfosub>