<?xml version="1.0" encoding="UTF-8"?><servinfosub IE-ID="en-US0900c8af819b9008" docno="VCC-106433" id="KC03909320" xml:lang="en-US">
<title>
<phrase category="" id="KC06769277" phrase-urn="urn:x-nevis:phrase:0800c8af819e289b">Incorrect combi#@#@#21#fault</phrase>
</title>
<diagnostic type="test">
<testgrp IE-ID="en-US0900c8af819b9008_KC06679396" id="KC06679396" j2008use="1" paperuse="1" resumable="1" screenuse="1" testgrp-id="node1" x="80" y="80">
<title>
<phrase category="" id="KC06769278" phrase-urn="urn:x-nevis:phrase:0800c8af819e289d"/>
</title>
<subcalloutnode>
<diagcallout>
<xref>
<ref id="KC06769279"/>
</xref>
</diagcallout>
<rescall-grp>
<result comp="string" highlight="0" op="eq" return="DONE"/>
<calloutaction>
<return value="DONE"/>
</calloutaction>
</rescall-grp>
</subcalloutnode>
</testgrp>
</diagnostic>
</servinfosub>