<?xml version="1.0" encoding="UTF-8"?><servinfosub IE-ID="en-US0900c8af800c3008" docno="VCC-085010" id="KC01180834" xml:lang="en-US">
<title>
<phrase category="" id="KC09634322" phrase-urn="urn:x-nevis:phrase:0800c8af8273f46d">Other symptom v#@#@#7#tions</phrase>
</title>
<diagnostic j2008use="1" paperuse="1" screenuse="1" type="test">
<testgrp IE-ID="en-US0900c8af800c3008_KC01207443" id="KC01207443" j2008use="1" paperuse="1" resumable="1" screenuse="1" testgrp-id="node1" x="120" y="80">
<title>
<phrase category="" id="KC09634323" phrase-urn="urn:x-nevis:phrase:0800c8af8273f46e">Information</phrase>
</title>
<node>
<test1>
<test2>
<ptxt>
<phrase category="" id="KC09634324" phrase-urn="urn:x-nevis:phrase:0800c8af8273f46f">The type of sym#@#@#79#shop.</phrase>
</ptxt>
</test2>
</test1>
<question>
Select Continue. 
</question>
<resact-grp>
<result button="cont" comp="button" highlight="0"/>
<action j2008use="1" paperuse="1" screenuse="1">
<return value="INFO GIVEN"/>
</action>
</resact-grp>
</node>
</testgrp>
</diagnostic>
</servinfosub>