<?xml version="1.0" encoding="UTF-8"?><torqueinfo IE-ID="en-US0900c8af88079008" docno="VCC-502342" id="nev29334861n86" original="sv-SE" torqueId="nev27916246n1-nev27916245n4" torqueRes="0900c8af8807900b" torqueRes2="urn:x-nevis:fragment:0900c8af88079008:0900c8af8807900b#nev27916245n4" xml:lang="en-US">
<component id="nev29334861n85">Prop shaft, CV joint</component>
<stage id="nev27916246n1-nev29334861n83">
<value id="nev27916246n1-nev29334861n82" loosen="false" unit="Nm">10</value>
</stage>
<stage id="nev27916246n1-nev29334861n81">
<value id="nev27916246n1-nev29334861n80" loosen="false" unit="Nm">30</value>
</stage>
</torqueinfo>