<?xml version="1.0" encoding="UTF-8"?><servinfosub IE-ID="en-US0900c8af80878008" docno="VCC-097570" id="KC01316475" xml:lang="en-US">
<title>
<phrase category="" id="KC06923585" phrase-urn="urn:x-nevis:phrase:0800c8af819ffa02">Signal too low.#@#@#14#fault</phrase>
</title>
<diagnostic j2008use="1" paperuse="1" screenuse="1" type="test">
<testgrp IE-ID="en-US0900c8af80878008_KC01316476" id="KC01316476" j2008use="1" paperuse="1" resumable="1" screenuse="1" testgrp-id="node1" x="120" y="80">
<title>
<phrase category="" id="KC06923586" phrase-urn="urn:x-nevis:phrase:0800c8af819ffa03">Checking cables</phrase>
</title>
<node>
<test1>
<test2>
<para>
<ptxt>
<phrase category="" id="KC06923587" phrase-urn="urn:x-nevis:phrase:0800c8af819ffa04">Check signal ca#@#@#44#ule: </phrase>
</ptxt>
</para>
<list1>
<item>
<ptxt>
<phrase category="" id="KC06923588" phrase-urn="urn:x-nevis:phrase:0800c8af819ffa06">#A31 (#A31) (EC#@#@#2#3300)</phrase>
</ptxt>
</item>
<item>
<ptxt>
<phrase category="" id="KC06923589" phrase-urn="urn:x-nevis:phrase:0800c8af819ffa07">#A50 (#A50) (EC#@#@#2#3310)</phrase>
</ptxt>
</item>
<item>
<ptxt>
<phrase category="" id="KC06923590" phrase-urn="urn:x-nevis:phrase:0800c8af819ffa08">#A52 (#A52) (EC#@#@#2#3320)</phrase>
</ptxt>
</item>
<item>
<ptxt>
<phrase category="" id="KC06923591" phrase-urn="urn:x-nevis:phrase:0800c8af819ffa09">#A49 (#A49) (EC#@#@#2#3330)</phrase>
</ptxt>
</item>
<item>
<ptxt>
<phrase category="" id="KC06923592" phrase-urn="urn:x-nevis:phrase:0800c8af819ffa0a">#A30 (#A30) (EC#@#@#2#3340)</phrase>
</ptxt>
</item>
<item>
<ptxt>
<phrase category="" id="KC06923593" phrase-urn="urn:x-nevis:phrase:0800c8af819ffa0c">#A51 (#A51) (EC#@#@#2#3350)</phrase>
</ptxt>
</item>
</list1>
<ptxt>
<phrase category="" id="KC06923594" phrase-urn="urn:x-nevis:phrase:0800c8af819ffa0d">for an intermit#@#@#36#ng to<xref>
<ref id="KC06923595"/>
</xref>.</phrase>
</ptxt>
<list1 enumtype="d" type="unordered">
<title>
<phrase category="" id="KC06923596" phrase-urn="urn:x-nevis:phrase:0800c8af819ffa0e">Other information</phrase>
</title>
<item>
<ptxt>
<phrase category="" id="KC06923597" phrase-urn="urn:x-nevis:phrase:0800c8af819ffa10"> Connecting the#@#@#43# see <xref>
<ref id="KC06923598"/>
</xref>.</phrase>
</ptxt>
</item>
<item>
<ptxt>
<phrase category="" id="KC06923599" phrase-urn="urn:x-nevis:phrase:0800c8af819ffa11">To access/repla#@#@#21# see <xref>
<ref id="KC06923600"/>
</xref>. </phrase>
</ptxt>
</item>
<item>
<ptxt>
<phrase category="" id="KC06923601" phrase-urn="urn:x-nevis:phrase:0800c8af819ffa12">For information#@#@#15# see <xref>
<ref id="KC06923602"/>
</xref>. </phrase>
</ptxt>
</item>
</list1>
<diaglist>
<dgraphic>
<dgraphic1>
<graphic id="KC06923603">
<href>0900c8af80058cc#@#@#9#.jpeg</href>
</graphic>
</dgraphic1>
<dgraphic2>
<graphic id="KC06923604">
<href>0900c8af80054d4#@#@#9#.jpeg</href>
</graphic>
<smarttool active="press" id="KC06923605" toolname="ODAH"/>
</dgraphic2>
</dgraphic>
<ditem>
<ditemtext>
<ptxt>
<phrase category="" id="KC06923606" phrase-urn="urn:x-nevis:phrase:0800c8af819ffa13"/>
</ptxt>
</ditemtext>
</ditem>
</diaglist>
<grate>
<graphic id="KC06923607">
<href>0900c8af80057a3#@#@#9#.jpeg</href>
</graphic>
</grate>
</test2>
</test1>
<question/>
<resact-grp>
<result button="cont" comp="button" highlight="0"/>
<action j2008use="1" paperuse="1" screenuse="1">
<ptxt>
<xref>
<ref id="KC06923608"/>
</xref>
</ptxt>
</action>
</resact-grp>
</node>
</testgrp>
<testgrp id="KC01316477" j2008use="1" paperuse="1" resumable="1" screenuse="1" testgrp-id="info2" x="320" y="80">
<title>
<phrase category="" id="KC06923609" phrase-urn="urn:x-nevis:phrase:0800c8af819ffa14">Fault-tracing i#@#@#5#ation</phrase>
</title>
<subcalloutnode>
<diagcallout>
<xref>
<ref id="KC06923610"/>
</xref>
</diagcallout>
<rescall-grp>
<result comp="string" highlight="0" op="eq" return="NEW TRY"/>
<calloutaction>
<ptxt>
<xref>
<ref id="KC06923611"/>
</xref>
</ptxt>
</calloutaction>
</rescall-grp>
<rescall-grp>
<result comp="string" highlight="0" op="eq" return="FAULT FOUND"/>
<calloutaction>
<return value="DONE"/>
</calloutaction>
</rescall-grp>
</subcalloutnode>
</testgrp>
</diagnostic>
</servinfosub>