<?xml version="1.0" encoding="UTF-8"?><servinfosub IE-ID="en-US0900c8af81ffc008" docno="VCC-164013" id="KC08794922" xml:lang="en-US">
<title>Engine mount, f#@#@#10#acing</title>
<procedure>
<proctools>
<toolitem id="KC09008214"/>
<toolitem id="KC09008215"/>
<toolitem id="KC09008216"/>
</proctools>
<note>
<ptxt>The illustratio#@#@#177#ect.
</ptxt>
</note>
<stepgrp id="KC08797337">
<title>Removal</title>
<procstep id="KC08797338">
<title>Preparatory work</title>
<list1 enumtype="d" type="unordered">
<title>Remove:</title>
<item>
<ptxt>the oil filler cap</ptxt>
</item>
<item>
<ptxt>the upper engin#@#@#54# cap.</ptxt>
</item>
</list1>
</procstep>
<procstep id="KC08797339">
<title>Removing the ai#@#@#21# pipe</title>
<grate>
<graphic id="KC09008217">
<href>0900c8af817a81d#@#@#9#.jpeg</href>
</graphic>
<graphtext>
<list1 enumtype="d" type="unordered">
<title>Remove:</title>
<item>
<ptxt>the bolts, x2</ptxt>
</item>
<item>
<ptxt>the air cleaner#@#@#12# pipe</ptxt>
</item>
</list1>
</graphtext>
</grate>
</procstep>
<procstep id="KC08797340">
<title>Removing the pr#@#@#26#ngine</title>
<grate>
<graphic id="KC09008218">
<href>0900c8af81a72d1#@#@#11#.jpeg</href>
</graphic>
<graphtext>
<list1 enumtype="d" type="unordered">
<title>Remove:</title>
<item>
<ptxt>the bolts, x6</ptxt>
</item>
<item>
<ptxt>the protective #@#@#18#gine.</ptxt>
</item>
</list1>
</graphtext>
</grate>
</procstep>
<procstep id="KC08797341">
<title>Removing the bo#@#@#22#e rod</title>
<grate>
<graphic id="KC09008219">
<href>0900c8af8005cd9#@#@#9#.jpeg</href>
</graphic>
<graphtext>
<para>
<ptxt>Remove the 2 x #@#@#41#rod.
</ptxt>
</para>
</graphtext>
</grate>
</procstep>
<procstep id="KC08797342">
<title>Removing the en#@#@#3#e pad</title>
<grate>
<graphic id="KC09008220">
<href>0900c8af8005992#@#@#9#.jpeg</href>
</graphic>
<graphtext>
<para>
<ptxt>Remove the lowe#@#@#22# pad.</ptxt>
</para>
</graphtext>
</grate>
</procstep>
<procstep id="KC08797343">
<title>Removing the bo#@#@#16#e rod</title>
<grate>
<graphic id="KC09008221">
<href>0900c8af8005a5a#@#@#9#.jpeg</href>
</graphic>
<graphtext>
<para>
<ptxt>Remove the 2 x #@#@#42#des.
</ptxt>
</para>
</graphtext>
</grate>
</procstep>
<procstep id="KC08797344">
<title>Installing the #@#@#7# tool</title>
<grate>
<graphic id="KC09008222">
<href>0900c8af81a72d0#@#@#9#.jpeg</href>
</graphic>
<graphtext>
<caution>
<ptxt>When lifting th#@#@#115# eye.</ptxt>
</caution>
<para>
<ptxt>Install lifting#@#@#1#tool <toolitem id="KC09008223"/> converted with kit <toolitem id="KC09008224"/> and lifting hooks <toolitem id="KC09008225"/>. Raise the eng#@#@#13#tely <emph>20 mm</emph> to relieve the#@#@#21# pad.</ptxt>
</para>
</graphtext>
</grate>
</procstep>
<procstep id="KC08797345">
<title>Removing the en#@#@#14#inued</title>
<grate>
<graphic id="KC09008226">
<href>0900c8af81a72d1#@#@#9#.jpeg</href>
</graphic>
<graphtext>
<list1 enumtype="d" type="unordered">
<title>Remove:</title>
<item>
<ptxt>the upper nut t#@#@#15#d, x1</ptxt>
</item>
<item>
<ptxt>the bolts to th#@#@#19#t, x3</ptxt>
</item>
<item>
<ptxt>the bracket</ptxt>
</item>
<item>
<ptxt>the engine pad #@#@#21#late.</ptxt>
</item>
</list1>
</graphtext>
</grate>
</procstep>
</stepgrp>
<stepgrp id="KC08797346">
<title>Installation</title>
<note>
<ptxt>For tightening #@#@#9#see: <xref>
<ref id="KC09008227"/>
</xref>.
</ptxt>
</note>
<procstep id="KC08797347">
<title>Installing the #@#@#5#e pad</title>
<caution>
<ptxt>When lifting th#@#@#115# eye.</ptxt>
</caution>
<list1 enumtype="d" type="unordered">
<title>Install:</title>
<item>
<ptxt>the engine pad #@#@#20#plate</ptxt>
</item>
<item>
<ptxt>the bracket</ptxt>
</item>
<item>
<ptxt>the 3 x screws #@#@#29#osely</ptxt>
</item>
<item>
<ptxt>the upper nut f#@#@#39#gine.</ptxt>
</item>
</list1>
<para>
<ptxt>Install the low#@#@#27# pad.</ptxt>
</para>
</procstep>
<procstep id="KC08797348">
<title>Fitting the bol#@#@#21#e rod</title>
<para>
<ptxt>Install the 2 x#@#@#56#See: <xref>
<ref id="KC09008228"/>
</xref>.</ptxt>
</para>
</procstep>
<procstep id="KC08797349">
<title>Installing spla#@#@#15#ngine</title>
<list1 enumtype="d" type="unordered">
<title>Install:</title>
<item>
<ptxt>the protective #@#@#17#ngine</ptxt>
</item>
<item>
<ptxt>the bolts, M8 x6.</ptxt>
</item>
</list1>
</procstep>
<procstep id="KC08797350">
<title>Removing the li#@#@#5# tool</title>
<para>
<ptxt>Remove the lift#@#@#4#tool <toolitem id="KC09008229"/>, kit <toolitem id="KC09008230"/> and lifting hooks <toolitem id="KC09008231"/>.</ptxt>
</para>
</procstep>
<procstep id="KC08797351">
<title>Installing the #@#@#16#inued</title>
<list1 enumtype="d" type="unordered">
<title>Tighten:</title>
<item>
<ptxt>the 3 x M10 scr#@#@#25#acket</ptxt>
</item>
<item>
<ptxt>the M10 upper n#@#@#17# pad.</ptxt>
</item>
</list1>
</procstep>
<procstep id="KC08797352">
<title>Fitting the bol#@#@#15#e rod</title>
<para>
<ptxt>Install the 2 x#@#@#48#ides.</ptxt>
</para>
</procstep>
<procstep id="KC08797353">
<title>Installing the #@#@#23# pipe</title>
<list1 enumtype="d" type="unordered">
<title>Install:</title>
<item>
<ptxt>the air cleaner#@#@#12# pipe</ptxt>
</item>
<item>
<ptxt>the 2 M6 screws.</ptxt>
</item>
</list1>
</procstep>
<procstep id="KC08797354">
<title>Finishing</title>
<para>
<ptxt>Remove the oil #@#@#6# cap.</ptxt>
</para>
<list1 enumtype="d" type="unordered">
<title>Install:</title>
<item>
<ptxt>the upper engin#@#@#2#cover</ptxt>
</item>
<item>
<ptxt>the oil filler cap.</ptxt>
</item>
</list1>
</procstep>
</stepgrp>
</procedure>
</servinfosub>