<?xml version="1.0" encoding="UTF-8"?><servinfosub IE-ID="en-US0900c8af808ab008" docno="VCC-099786" id="KC02391832" xml:lang="en-US">
<title>
<phrase category="" id="KC07146780" phrase-urn="urn:x-nevis:phrase:0800c8af81a8dd4b">Signal too high#@#@#12#fault</phrase>
</title>
<diagnostic j2008use="1" paperuse="1" screenuse="1" type="test">
<testgrp IE-ID="en-US0900c8af808ab008_KC02395504" id="KC02395504" j2008use="1" paperuse="1" resumable="1" screenuse="1" testgrp-id="node1" x="120" y="80">
<title>
<phrase category="" id="KC07146781" phrase-urn="urn:x-nevis:phrase:0800c8af81a8dd4c">Checking wiring#@#@#10#nents</phrase>
</title>
<node>
<test1>
<test2>
<para>
<ptxt>
<phrase category="" id="KC07146782" phrase-urn="urn:x-nevis:phrase:0800c8af81a8dd4d">Check signal ca#@#@#202#ng to<xref>
<ref id="KC07146783"/>
</xref>.</phrase>
</ptxt>
</para>
<para>
<ptxt>
<phrase category="" id="KC07146784" phrase-urn="urn:x-nevis:phrase:0800c8af81a8dd54">Check that knoc#@#@#53#g to <xref>
<ref id="KC07146785"/>
</xref>.</phrase>
</ptxt>
</para>
<hint>
<ptxt>
<phrase category="" id="KC07146786" phrase-urn="urn:x-nevis:phrase:0800c8af81a8dd65">The diagnostic #@#@#95#oise.</phrase>
</ptxt>
</hint>
<para>
<ptxt>
<phrase category="" id="KC07146787" phrase-urn="urn:x-nevis:phrase:0800c8af81a8dd76">Remedy as necessary.</phrase>
</ptxt>
</para>
<list1 enumtype="d" type="unordered">
<title>
<phrase category="" id="KC07146788" phrase-urn="urn:x-nevis:phrase:0800c8af81a8dd86">Other information</phrase>
</title>
<item>
<ptxt>
<phrase category="" id="KC07146789" phrase-urn="urn:x-nevis:phrase:0800c8af81a8dd90"> Connecting the#@#@#43# see <xref>
<ref id="KC07146790"/>
</xref>.</phrase>
</ptxt>
</item>
<item>
<ptxt>
<phrase category="" id="KC07146791" phrase-urn="urn:x-nevis:phrase:0800c8af81a8dd99">For information#@#@#15# see <xref>
<ref id="KC07146792"/>
</xref>. </phrase>
</ptxt>
</item>
</list1>
<diaglist>
<dgraphic>
<dgraphic1>
<graphic id="KC07146793">
<href>0900c8af80058b5#@#@#9#.jpeg</href>
</graphic>
</dgraphic1>
<dgraphic2>
<graphic id="KC07146794">
<href>0900c8af80054d4#@#@#9#.jpeg</href>
</graphic>
<smarttool active="press" id="KC07146795" toolname="ODAH"/>
</dgraphic2>
</dgraphic>
<ditem>
<ditemtext>
<ptxt>
<phrase category="" id="KC07146796" phrase-urn="urn:x-nevis:phrase:0800c8af81a8dda8"/>
</ptxt>
</ditemtext>
</ditem>
</diaglist>
<grate>
<graphic id="KC07146797">
<href>0900c8af80057a2#@#@#9#.jpeg</href>
</graphic>
</grate>
</test2>
</test1>
<question/>
<resact-grp>
<result button="cont" comp="button" highlight="0"/>
<action j2008use="1" paperuse="1" screenuse="1">
<ptxt>
<xref>
<ref id="KC07146798"/>
</xref>
</ptxt>
</action>
</resact-grp>
</node>
</testgrp>
<testgrp id="KC02395505" j2008use="1" paperuse="1" resumable="1" screenuse="1" testgrp-id="ecm-ver1" x="320" y="80">
<title>
<phrase category="" id="KC07146799" phrase-urn="urn:x-nevis:phrase:0800c8af81a8ddb8">Verification</phrase>
</title>
<subcalloutnode>
<diagcallout>
<xref>
<ref id="KC07146800"/>
</xref>
</diagcallout>
<rescall-grp>
<result comp="string" highlight="0" op="eq" return="VERIFICATION FAILED"/>
<calloutaction>
<ptxt>
<xref>
<ref id="KC07146801"/>
</xref>
</ptxt>
</calloutaction>
</rescall-grp>
<rescall-grp>
<result comp="string" highlight="0" op="eq" return="VERIFIED"/>
<calloutaction>
<return value="FAULT FOUND"/>
</calloutaction>
</rescall-grp>
</subcalloutnode>
</testgrp>
<testgrp id="KC02395506" j2008use="1" paperuse="1" resumable="1" screenuse="1" testgrp-id="info1" x="480" y="80">
<title>
<phrase category="" id="KC07146802" phrase-urn="urn:x-nevis:phrase:0800c8af81a8ddc7">Fault-tracing i#@#@#5#ation</phrase>
</title>
<subcalloutnode>
<diagcallout>
<xref>
<ref id="KC07146803"/>
</xref>
</diagcallout>
<rescall-grp>
<result comp="string" highlight="0" op="eq" return="FAULTTRACING FAILED"/>
<calloutaction>
<return value="FAULTTRACING FAILED"/>
</calloutaction>
</rescall-grp>
<rescall-grp>
<result comp="string" highlight="0" op="eq" return="NEW TRY"/>
<calloutaction>
<ptxt>
<xref>
<ref id="KC07146804"/>
</xref>
</ptxt>
</calloutaction>
</rescall-grp>
</subcalloutnode>
</testgrp>
</diagnostic>
</servinfosub>