<?xml version="1.0" encoding="UTF-8"?><servinfosub IE-ID="en-US0900c8af80426008" docno="VCC-026228" id="KC01444337" xml:lang="en-US">
<title>
<phrase category="" id="KC08331946" phrase-urn="urn:x-nevis:phrase:0800c8af81dbcb3a">Short-circuit i#@#@#10#ifier</phrase>
</title>
<diagnostic type="test">
<testgrp IE-ID="en-US0900c8af80426008_KC01591804" id="KC01591804" j2008use="1" paperuse="1" resumable="1" screenuse="1" testgrp-id="dag1" x="120" y="80">
<title>
<phrase category="" id="KC08331947" phrase-urn="urn:x-nevis:phrase:0800c8af81dbcb3b">Checking soleno#@#@#1#d STH</phrase>
</title>
<node>
<test1>
<diaglist>
<dgraphic>
<dgraphic1>
<graphic id="KC08331948">
<href>0900c8af80054d5#@#@#9#.jpeg</href>
</graphic>
</dgraphic1>
</dgraphic>
<ditem>
<ptxt>
<phrase category="" id="KC08331949" phrase-urn="urn:x-nevis:phrase:0800c8af81dbcb3c">Ignition on.</phrase>
</ptxt>
</ditem>
<ditem>
<ptxt>
<phrase category="" id="KC08331950" phrase-urn="urn:x-nevis:phrase:0800c8af81dbcb3d">Select scrollin#@#@#4#lues.</phrase>
</ptxt>
</ditem>
</diaglist>
<test2>
<diaglist>
<dgraphic>
<dgraphic2>
<graphic id="KC08331951">
<href>0900c8af8005433#@#@#9#.jpeg</href>
</graphic>
<smarttool active="press" id="KC08331952" toolname="EA5232"/>
</dgraphic2>
</dgraphic>
<ditem>
<ptxt>
<phrase category="" id="KC08331953" phrase-urn="urn:x-nevis:phrase:0800c8af81dbcb3e">Read off curren#@#@#17#cuit.</phrase>
</ptxt>
</ditem>
<ditem>
<ptxt>
<phrase category="" id="KC08331954" phrase-urn="urn:x-nevis:phrase:0800c8af81dbcb3f">Depress acceler#@#@#18#owly.</phrase>
</ptxt>
</ditem>
<ditem>
<ditemtext>
<ptxt>
<phrase category="" id="KC08331955" phrase-urn="urn:x-nevis:phrase:0800c8af81dbcb40"/>
</ptxt>
</ditemtext>
</ditem>
<ditem>
<ditemtext>
<ptxt>
<phrase category="" id="KC08331956" phrase-urn="urn:x-nevis:phrase:0800c8af81dbcb41"/>
</ptxt>
</ditemtext>
</ditem>
</diaglist>
</test2>
</test1>
<question>The current sho#@#@#51#ssed.</question>
<resact-grp>
<result button="ok" comp="button" highlight="0"/>
<action j2008use="1" paperuse="1" screenuse="1">
<ptxt>
<xref>
<ref id="KC08331957"/>
</xref>
</ptxt>
</action>
</resact-grp>
<resact-grp>
<result button="notok" comp="button" highlight="0"/>
<action j2008use="1" paperuse="1" screenuse="1">
<ptxt>
<xref>
<ref id="KC08331958"/>
</xref>
</ptxt>
</action>
</resact-grp>
</node>
</testgrp>
<testgrp id="KC01591805" j2008use="1" paperuse="1" resumable="1" screenuse="1" testgrp-id="dag2" x="280" y="400">
<title>
<phrase category="" id="KC08331959" phrase-urn="urn:x-nevis:phrase:0800c8af81dbcb42">Replacing component</phrase>
</title>
<node>
<test1>
<diaglist>
<dgraphic>
<dgraphic1>
<graphic id="KC08331960">
<href>0900c8af80054d4#@#@#9#.jpeg</href>
</graphic>
</dgraphic1>
</dgraphic>
<ditem>
<ptxt>
<phrase category="" id="KC08331961" phrase-urn="urn:x-nevis:phrase:0800c8af81dbcb43">Ignition off.</phrase>
</ptxt>
</ditem>
</diaglist>
<test2>
<ptxt>
<phrase category="" id="KC08331962" phrase-urn="urn:x-nevis:phrase:0800c8af81dbcb44">Try a new trans#@#@#38# to  <xref>
<ref id="KC08331963"/>
</xref>. </phrase>
</ptxt>
</test2>
</test1>
<question>Select "Continu#@#@#31#ired.</question>
<resact-grp>
<result button="cont" comp="button" highlight="0"/>
<action j2008use="1" paperuse="1" screenuse="1">
<ptxt>
<xref>
<ref id="KC08331964"/>
</xref>
</ptxt>
</action>
</resact-grp>
</node>
</testgrp>
<testgrp id="KC01591806" j2008use="1" paperuse="1" screenuse="1" testgrp-id="dag3">
<title>
<phrase category="" id="KC08331965" phrase-urn="urn:x-nevis:phrase:0800c8af81dbcb45">Erase diagnosti#@#@#15#(DTC)</phrase>
</title>
<node>
<test1>
<diaglist>
<ditem>
<ptxt>
<phrase category="" id="KC08331966" phrase-urn="urn:x-nevis:phrase:0800c8af81dbcb46">Ignition on.</phrase>
</ptxt>
</ditem>
</diaglist>
<test2>
<ptxt>
<phrase category="" id="KC08331967" phrase-urn="urn:x-nevis:phrase:0800c8af81dbcb47">The control mod#@#@#25#ault.</phrase>
</ptxt>
<diaglist>
<dgraphic>
<dgraphic2>
<graphic id="KC08331968">
<href>0900c8af8005433#@#@#9#.jpeg</href>
</graphic>
<smarttool active="press" id="KC08331969" toolname="EA52E"/>
</dgraphic2>
</dgraphic>
<ditem>
<ptxt>
<phrase category="" id="KC08331970" phrase-urn="urn:x-nevis:phrase:0800c8af81dbcb48">Erase diagnosti#@#@#16#DTC).</phrase>
</ptxt>
</ditem>
<ditem>
<ditemtext>
<ptxt>
<phrase category="" id="KC08331971" phrase-urn="urn:x-nevis:phrase:0800c8af81dbcb49"/>
</ptxt>
</ditemtext>
</ditem>
<ditem>
<ditemtext>
<ptxt>
<phrase category="" id="KC08331972" phrase-urn="urn:x-nevis:phrase:0800c8af81dbcb4a"/>
</ptxt>
</ditemtext>
</ditem>
</diaglist>
</test2>
</test1>
<question>Select "Continue".</question>
<resact-grp>
<result button="cont" comp="button" highlight="0"/>
<action j2008use="1" paperuse="1" screenuse="1">
<ptxt>
<xref>
<ref id="KC08331973"/>
</xref>
</ptxt>
</action>
</resact-grp>
</node>
</testgrp>
<testgrp id="KC01591807" j2008use="1" paperuse="1" resumable="1" screenuse="1" testgrp-id="veridag" x="440" y="120">
<title>
<phrase category="" id="KC08331974" phrase-urn="urn:x-nevis:phrase:0800c8af81dbcb4b">Verification</phrase>
</title>
<subcalloutnode>
<diagcallout>
<xref>
<ref id="KC08331975"/>
</xref>
</diagcallout>
<rescall-grp>
<result comp="string" highlight="0" op="eq" return="VERIFIED"/>
<calloutaction>
<return value="FAULT FOUND"/>
</calloutaction>
</rescall-grp>
<rescall-grp>
<result comp="string" highlight="0" op="eq" return="VERIFICATION FAILED"/>
<calloutaction>
<ptxt>
<xref>
<ref id="KC08331976"/>
</xref>
</ptxt>
</calloutaction>
</rescall-grp>
</subcalloutnode>
</testgrp>
<testgrp id="KC01591808" j2008use="1" paperuse="1" resumable="1" screenuse="1" testgrp-id="info1" x="600" y="120">
<title>
<phrase category="" id="KC08331977" phrase-urn="urn:x-nevis:phrase:0800c8af81dbcb4c">Fault-tracing i#@#@#5#ation</phrase>
</title>
<subcalloutnode>
<diagcallout>
<xref>
<ref id="KC08331978"/>
</xref>
</diagcallout>
<rescall-grp>
<result comp="string" highlight="0" op="eq" return="FAULTTRACING FAILED"/>
<calloutaction>
<return value="FAULTTRACING FAILED"/>
</calloutaction>
</rescall-grp>
<rescall-grp>
<result comp="string" highlight="0" op="eq" return="NEW TRY"/>
<calloutaction>
<ptxt>
<xref>
<ref id="KC08331979"/>
</xref>
</ptxt>
</calloutaction>
</rescall-grp>
</subcalloutnode>
</testgrp>
</diagnostic>
</servinfosub>