<?xml version="1.0" encoding="UTF-8"?><servinfosub IE-ID="en-US0900c8af84fc3719" docno="VCC-370220" id="nev13710799n1" original="sv-SE" servinfosubId="nev13710800n1-nev15801030n1" servinfosubRes="0900c8af85053334" servinfosubRes2="urn:x-nevis:fragment:0900c8af84fc3719:0900c8af85053334#nev15801030n1" xml:lang="en-US">
<title id="nev13710798n79">Timing belt, as#@#@#3#bling</title>
<procedure id="nev13710800n1-nev16024798n51">
<stepgrp boilerplate="false" context="" id="nev13710800n1-nev16024798n63">
<title id="nev13710800n1-nev16024798n50">Installation</title>
<procstep id="nev13710800n1-nev16024798n58">
<para id="nev13710800n1-nev16024798n46">
<ptxt id="nev13710800n1-nev16024798n48">Install timing belt<xref boilerplate="true" id="nev13710800n1-nev16024798n49">
<ref id="nev13710800n1-nev16024798n47"/>
</xref>
</ptxt>
</para>
</procstep>
</stepgrp>
</procedure>
</servinfosub>