<?xml version="1.0" encoding="UTF-8"?><servinfosub IE-ID="en-US0900c8af83307719" docno="VCC-142252" id="KC01147210" servinfosubId="nev20687405n1-nev20687405n2" servinfosubRes="0900c8af862c3100" servinfosubRes2="urn:x-nevis:fragment:0900c8af83307719:0900c8af862c3100#nev20687405n2" xml:lang="en-US">
<title id="nev10778286n1">System overview</title>
<topic id="nev20687405n1-KC01226525">
<title id="nev20687405n1-nev10778286n3">General</title>
<grate id="nev20687405n1-nev10778286n5" pgwide="1">
<graphic id="nev20687405n1-KC05130059">
<href>0900c8af8005af4#@#@#9#.jpeg</href>
</graphic>
</grate>
<para id="nev20687405n1-nev10778286n11">
<ptxt id="nev20687405n1-nev10778286n12">This document d#@#@#81#make.</ptxt>
</para>
<para id="nev20687405n1-nev10778286n13">
<ptxt id="nev20687405n1-nev10778286n15">The starter mot#@#@#403#otor.</ptxt>
</para>
<para id="nev20687405n1-nev10778286n17">
<ptxt id="nev20687405n1-nev10778286n19">This type of st#@#@#121#ngs).</ptxt>
</para>
<para id="nev20687405n1-nev10778286n21">
<ptxt id="nev20687405n1-nev10778286n23">The starter mot#@#@#113#test.</ptxt>
</para>
<note id="nev20687405n1-nev10778286n25">
<ptxt id="nev20687405n1-nev10778286n27">The engagement #@#@#138#aged.</ptxt>
</note>
<para id="nev20687405n1-nev10778286n29">
<ptxt id="nev20687405n1-nev10778286n31">The starter mot#@#@#446#gram.</ptxt>
</para>
</topic>
</servinfosub>