<?xml version="1.0" encoding="UTF-8"?><servinfosub IE-ID="en-US0900c8af81bb7719" docno="VCC-076949" id="KC07763509" xml:lang="en-US">
<title>
<phrase category="" id="KC07763828" phrase-urn="urn:x-nevis:phrase:0800c8af81bb7791">Diagnostic trou#@#@#11#S-128</phrase>
</title>
<diagnostic id="KC07763827" type="condition">
<condgrp>
<condition type="condition">
<para>
<ptxt>
<phrase category="" id="KC07763829" phrase-urn="urn:x-nevis:phrase:0800c8af81bb7776">If voltage in t#@#@#85#ored.</phrase>
</ptxt>
<ptxt>
<phrase category="" id="KC07763830" phrase-urn="urn:x-nevis:phrase:0800c8af81bb777d">This diagnostic#@#@#57#ning.</phrase>
</ptxt>
</para>
</condition>
<ps>
<ptxt>
<phrase category="" id="KC07763831" phrase-urn="urn:x-nevis:phrase:0800c8af81bb7783">Short-circuit t#@#@#96#ule. </phrase>
</ptxt>
</ps>
</condgrp>
<condgrp>
<condition type="symptom">
<ptxt>
<phrase category="" id="KC07763832" phrase-urn="urn:x-nevis:phrase:0800c8af81bb778b">No symptoms apa#@#@#33#ting.</phrase>
</ptxt>
</condition>
</condgrp>
</diagnostic>
</servinfosub>