<?xml version="1.0" encoding="UTF-8"?><servinfosub IE-ID="en-US0900c8af81aa0610" docno="VCC-162512" id="KC07243315" xml:lang="en-US">
<title>Sun roof, leak test</title>
<list1 enumtype="d" type="unordered">
<title>S80</title>
<item>
<ptxt>See: <xref>
<ref id="KC07254403"/>
</xref>.</ptxt>
</item>
</list1>
<list1 enumtype="d" type="unordered">
<title>V70 (00-), V70 #@#@#16#d S60</title>
<item>
<ptxt>See: <xref>
<ref id="KC07254404"/>
</xref>.</ptxt>
</item>
</list1>
<list1 enumtype="d" type="unordered">
<title>XC90</title>
<item>
<ptxt>See: <xref>
<ref id="KC07254405"/>
</xref>.</ptxt>
</item>
</list1>
</servinfosub>