<?xml version="1.0" encoding="UTF-8"?><servinfosub IE-ID="en-US0900c8af81bc2610" docno="VCC-084847" id="KC03553636" xml:lang="en-US">
<title>Installation of#@#@#2#ilter</title>
<procedure>
<stepgrp>
<procstep>
<title>Remove</title>
<grate>
<graphic id="KC08090126" width="column">
<href>0900c8af80127d4#@#@#9#.jpeg</href>
</graphic>
<graphtext>
<list1 enumtype="d" type="unordered">
<item>
<ptxt>Air guide under#@#@#3#gine.</ptxt>
</item>
</list1>
<ptxt>Identify polyam#@#@#75#roud.</ptxt>
<ptxt>Check that hose#@#@#21#aged.</ptxt>
</graphtext>
</grate>
<grate>
<graphic id="KC08090127" width="column">
<href>0900c8af80136e0#@#@#11#.jpeg</href>
</graphic>
<graphtext>
<ptxt>Disconnect EVAP#@#@#25#crew <emph>A</emph>
until the EVAP#@#@#14#oose.</ptxt>
<ptxt>Release the EVA#@#@#34#hose.</ptxt>
<ptxt>Be careful not #@#@#23#oses.</ptxt>
</graphtext>
</grate>
<grate>
<graphic id="KC08090128" width="column">
<href>0900c8af8012788#@#@#9#.jpeg</href>
</graphic>
<graphtext>
<ptxt>Disconnect poly#@#@#40#ter.
</ptxt>
</graphtext>
</grate>
<grate>
<graphic id="KC08090129" width="column">
<href>0900c8af8012788#@#@#9#.jpeg</href>
</graphic>
<graphtext>
<ptxt>Clean the polya#@#@#53# air.</ptxt>
<note>
<ptxt>Before blowing,#@#@#52#alve.</ptxt>
</note>
<warning>
<ptxt>The use of prot#@#@#25#nded.</ptxt>
</warning>
</graphtext>
</grate>
<grate>
<graphic id="KC08090130" width="column">
<href>0900c8af8012788#@#@#9#.jpeg</href>
</graphic>
<graphtext>
<ptxt>Reinstall hose #@#@#12#ster.</ptxt>
</graphtext>
</grate>
<grate>
<graphic id="KC08090131" width="column">
<href>0900c8af80136e0#@#@#11#.jpeg</href>
</graphic>
<graphtext>
<ptxt>Reinstall EVAP #@#@#15#cket.</ptxt>
<ptxt>Tighten screw <emph>A</emph>.</ptxt>
</graphtext>
</grate>
</procstep>
<procstep>
<title>Install</title>
<grate>
<graphic id="KC08090132" width="column">
<href>0900c8af80127d4#@#@#9#.jpeg</href>
</graphic>
<graphtext>
<list1 enumtype="d" type="unordered">
<item>
<ptxt>Air guide under#@#@#3#gine.</ptxt>
</item>
</list1>
</graphtext>
</grate>
<grate>
<graphic id="KC08090133" width="column">
<href>0900c8af801278d#@#@#9#.jpeg</href>
</graphic>
<graphtext>
<ptxt>Using a knife, #@#@#71#alve.</ptxt>
</graphtext>
</grate>
<grate>
<graphic id="KC08090134" width="column">
<href>0900c8af801278d#@#@#9#.jpeg</href>
</graphic>
<graphtext>
<list1 enumtype="d" type="unordered">
<title>Install:</title>
<item>
<ptxt>Hose (1) (50 mm#@#@#40#ted.
</ptxt>
</item>
<item>
<ptxt>Hose (2) (50 mm#@#@#22#alve.</ptxt>
</item>
<item>
<ptxt>Filter between #@#@#17# (2).</ptxt>
</item>
</list1>
<note>
<ptxt>Ensure that the#@#@#63#ated.</ptxt>
</note>
</graphtext>
</grate>
<grate>
<graphic id="KC08090135" width="column">
<href>0900c8af801278e#@#@#9#.jpeg</href>
</graphic>
<graphtext>
<ptxt>Reinstall EVAP #@#@#37#oud.
</ptxt>
<ptxt>Reconnect conne#@#@#10#oses.</ptxt>
<note>
<ptxt>Clamp hose betw#@#@#80#roud.</ptxt>
</note>
<list1 enumtype="d" type="unordered">
<title>Reinstall remov#@#@#8#nents</title>
<item>
<ptxt>Reinstall fresh#@#@#7#take.</ptxt>
</item>
<item>
<ptxt>Reconnect the b#@#@#16#lead.</ptxt>
</item>
</list1>
</graphtext>
</grate>
</procstep>
</stepgrp>
</procedure>
</servinfosub>