<?xml version="1.0" encoding="UTF-8"?><servinfosub IE-ID="en-US0900c8af8067e610" docno="VCC-077986" id="KC02052281" xml:lang="en-US">
<title>Service inspection</title>
<procedure>
<stepgrp>
<procstep id="KC02324404">
<title/>
<list1 enumtype="d" type="unordered">
<item>
<ptxt>Engine should s#@#@#40#nd N.</ptxt>
</item>
<item>
<ptxt>Reversing light#@#@#25#on
R.</ptxt>
</item>
<item>
<ptxt>Gear selector l#@#@#33#on P.</ptxt>
</item>
<item>
<ptxt>Tangible cleara#@#@#128#to 1.</ptxt>
</item>
</list1>
</procstep>
</stepgrp>
</procedure>
</servinfosub>