<?xml version="1.0" encoding="UTF-8"?><servinfosub IE-ID="en-US0900c8af823e6809" docno="VCC-167514" id="KC09051372" xml:lang="en-US">
<title>
<phrase category="" id="KC09051376" phrase-urn="urn:x-nevis:phrase:0800c8af823e680f">Diagnostic trou#@#@#33#64600</phrase>
</title>
<diagnostic type="condition">
<condgrp>
<condition type="condition">
<grate>
<graphic id="KC09051377" width="column">
<href>0900c8af8005a21#@#@#9#.jpeg</href>
</graphic>
<graphtext>
<para>
<ptxt>
<phrase category="" id="KC09051378" phrase-urn="urn:x-nevis:phrase:0800c8af823e6810">Engine control #@#@#219#ated.</phrase>
</ptxt>
<ptxt>
<phrase category="" id="KC09051379" phrase-urn="urn:x-nevis:phrase:0800c8af823e6811">The diagnostic #@#@#49#s on.</phrase>
</ptxt>
</para>
</graphtext>
</grate>
</condition>
</condgrp>
<condgrp>
<condition type="substitution">
<list1 enumtype="d" type="unordered">
<item>
<ptxt>
<phrase category="" id="KC09051380" phrase-urn="urn:x-nevis:phrase:0800c8af823e6812">Nothing.</phrase>
</ptxt>
</item>
</list1>
</condition>
<ps>
<list1 enumtype="d" type="unordered">
<item>
<ptxt>
<phrase category="" id="KC09051381" phrase-urn="urn:x-nevis:phrase:0800c8af823e6813">The signal cabl#@#@#26#ound.</phrase>
</ptxt>
</item>
<item>
<ptxt>
<phrase category="" id="KC09051382" phrase-urn="urn:x-nevis:phrase:0800c8af823e680b">Open circuit on#@#@#13#feed.</phrase>
</ptxt>
</item>
<item>
<ptxt>
<phrase category="" id="KC09051383" phrase-urn="urn:x-nevis:phrase:0800c8af823e680c">Open circuit on#@#@#13#able.</phrase>
</ptxt>
</item>
<item>
<ptxt>
<phrase category="" id="KC09051384" phrase-urn="urn:x-nevis:phrase:0800c8af823e680d">Damaged A/C relay.</phrase>
</ptxt>
</item>
</list1>
</ps>
</condgrp>
<condgrp>
<condition type="symptom">
<list1 enumtype="d" type="unordered">
<item>
<ptxt>
<phrase category="" id="KC09051385" phrase-urn="urn:x-nevis:phrase:0800c8af823e680e">A/C system does#@#@#5#work.</phrase>
</ptxt>
</item>
</list1>
</condition>
</condgrp>
</diagnostic>
</servinfosub>