<?xml version="1.0" encoding="UTF-8"?><servinfosub IE-ID="en-US0900c8af8311a809" docno="VCC-278777" id="nev11224575n1" xml:lang="en-US">
<title>
<phrase category="Title" id="nev11224575n2" phrase-urn="urn:x-nevis:phrase:0800c8af81eabd46">Checking the po#@#@#25#minal</phrase>
</title>
<diagnostic j2008use="1" layout="0" paperuse="1" screenuse="1" type="test">
<testgrp IE-ID="en-US0900c8af8311a809_nev11224575n3" id="nev11224575n3" j2008use="1" paperuse="1" resumable="1" screenuse="1" testgrp-id="node1" x="120" y="80">
<title>
<phrase category="Title" id="nev11606376n1" phrase-urn="urn:x-nevis:phrase:0800c8af81eabda0">Power supply, t#@#@#14#(TRM)</phrase>
</title>
<node>
<test1>
<test2>
<para>
<ptxt>
<phrase category="Faulttracing" id="nev11228998n1" phrase-urn="urn:x-nevis:phrase:0800c8af8317dfb2">Trailer module #@#@#68#dule.</phrase>
</ptxt>
</para>
<para>
<ptxt>
<phrase category="Faulttracing" id="nev11229059n1" phrase-urn="urn:x-nevis:phrase:0800c8af8317e020">The power input#@#@#36#d on.</phrase>
<phrase category="Faulttracing" id="nev11229066n1" phrase-urn="urn:x-nevis:phrase:0800c8af8317e029">The Trailer mod#@#@#44#n on.</phrase>
</ptxt>
</para>
<list1 type="ordered">
<item>
<ptxt>
<phrase category="Faulttracing" id="nev11229124n1" phrase-urn="urn:x-nevis:phrase:0800c8af8317e0c6">The power input#@#@#38#tery.</phrase>
<phrase category="Faulttracing" id="nev11229130n1" phrase-urn="urn:x-nevis:phrase:0800c8af8317e0cb">The Trailer mod#@#@#55#cuit.</phrase>
</ptxt>
</item>
</list1>
<para>
<title>
<phrase category="Title" id="nev11224576n2" phrase-urn="urn:x-nevis:phrase:0800c8af81eb9c75">Checking the po#@#@#5#upply</phrase>
</title>
<ptxt>
<phrase category="Faulttracing" id="nev11229147n1" phrase-urn="urn:x-nevis:phrase:0800c8af8317e0f0">Check the power#@#@#160#tion.</phrase>
<phrase category="Condition" id="nev11286297n1" phrase-urn="urn:x-nevis:phrase:0800c8af8333aefe">Also check the #@#@#1#uses.</phrase>
<phrase category="Faulttracing" id="nev11229151n1" phrase-urn="urn:x-nevis:phrase:0800c8af8226515c">The voltage mus#@#@#30#tage.</phrase>
</ptxt>
</para>
<para>
<title>
<phrase category="Title" id="nev11229160n1" phrase-urn="urn:x-nevis:phrase:0800c8af81eabdb2">Ground terminal#@#@#17#(TRM)</phrase>
</title>
<ptxt>
<phrase category="Faulttracing" id="nev11229163n1" phrase-urn="urn:x-nevis:phrase:0800c8af8317e11a">Trailer module #@#@#20#nput.</phrase>
<phrase category="Faulttracing" id="nev11229165n1" phrase-urn="urn:x-nevis:phrase:0800c8af81eb902e">The ground inpu#@#@#93#body.</phrase>
<phrase category="Faulttracing" id="nev11229169n1" phrase-urn="urn:x-nevis:phrase:0800c8af81eb8fbf">See the relevan#@#@#62#inal.</phrase>
</ptxt>
</para>
<list1 enumtype="u" type="unordered">
<item>
<ptxt>
<phrase category="Faulttracing" id="nev11229597n1" phrase-urn="urn:x-nevis:phrase:0800c8af8333be6c">Ground input #C#@#@#74#body.</phrase>
</ptxt>
</item>
</list1>
<para>
<title>
<phrase category="Title" id="nev11224577n1" phrase-urn="urn:x-nevis:phrase:0800c8af81eb9c91">Checking the gr#@#@#8#minal</phrase>
</title>
<ptxt>
<phrase category="Faulttracing" id="nev11229620n1" phrase-urn="urn:x-nevis:phrase:0800c8af83188c13">Check the groun#@#@#181#tion.</phrase>
<phrase category="Faulttracing" id="nev11229622n1" phrase-urn="urn:x-nevis:phrase:0800c8af81eb9417">With the igniti#@#@#130#.5 V.</phrase>
</ptxt>
</para>
<para id="nev11456466n100">
<ptxt id="nev11456466n99">
<phrase category="Faulttracing" id="nev11458090n1" phrase-urn="urn:x-nevis:phrase:0800c8af834e44f1">For the trailer#@#@#114#ctor.</phrase>
<phrase category="Condition" id="nev11457218n1" phrase-urn="urn:x-nevis:phrase:0800c8af834e4396">Check the groun#@#@#154#tion.</phrase>
</ptxt>
</para>
<para>
<ptxt>
<phrase category="Faulttracing" id="nev11224577n3" phrase-urn="urn:x-nevis:phrase:0800c8af81ea4b6b">Remedy as necessary.</phrase>
</ptxt>
</para>
<list1 enumtype="d" type="unordered">
<title>
<phrase category="Title" id="nev11224577n4" phrase-urn="urn:x-nevis:phrase:0800c8af81ea4cd6">Other information</phrase>
</title>
<item id="nev11428066n100">
<ptxt id="nev11428066n99">
<xref id="nev11428066n98">
<ref id="l1132146470365"/>
</xref>
</ptxt>
</item>
<item id="nev11428066n96">
<ptxt id="nev11428066n95">
<xref id="nev11428066n94">
<ref id="l1132146484584"/>
</xref>
</ptxt>
</item>
<item>
<ptxt>
<phrase category="Faulttracing" id="nev11224577n5" phrase-urn="urn:x-nevis:phrase:0800c8af81eb8fa5">See the relevan#@#@#80#work.</phrase>
</ptxt>
</item>
<item>
<ptxt>
<xref id="nev11428066n92">
<ref id="l1132146505193"/>
</xref>
</ptxt>
</item>
</list1>
</test2>
</test1>
<question>
Select Continue.
</question>
<resact-grp>
<result button="cont" comp="button" highlight="0"/>
<action j2008use="1" paperuse="1" screenuse="1">
<return value="DONE"/>
</action>
</resact-grp>
</node>
</testgrp>
</diagnostic>
</servinfosub>