<?xml version="1.0" encoding="UTF-8"?><servinfosub IE-ID="en-US0900c8af8378a207" docno="VCC-299669" id="nev12073539n1" xml:lang="en-US">
<title>
<phrase category="" id="nev12073539n2" phrase-urn="urn:x-nevis:phrase:0800c8af81ffad01">Diagnostic trou#@#@#21#ation</phrase>
<phrase category="Prefix" id="nev12073539n3" phrase-urn="urn:x-nevis:phrase:0800c8af8015c3f5">ECM</phrase>-130A</title>
<diagnostic j2008use="1" paperuse="1" screenuse="1" type="condition">
<condgrp>
<condition type="condition">
<grate>
<graphic id="nev12073539n4">
<href>0900c8af8005787#@#@#9#.jpeg</href>
</graphic>
<graphtext>
<para id="nev12073571n100">
<ptxt id="nev12073571n99">
<phrase category="Condition" id="nev12073586n1" phrase-urn="urn:x-nevis:phrase:0800c8af81eb8ebc">The engine dete#@#@#126#sure.</phrase>
<phrase category="Condition" id="nev12073588n1" phrase-urn="urn:x-nevis:phrase:0800c8af81eb8e98">A comparison is#@#@#89#nsor.</phrase>
</ptxt>
</para>
</graphtext>
</grate>
</condition>
</condgrp>
<condgrp>
<condition type="substitution">
<list1 enumtype="d">
<item>
<ptxt>
<phrase category="" id="nev12073541n5" phrase-urn="urn:x-nevis:phrase:0800c8af81ffacfa">None.</phrase>
</ptxt>
</item>
</list1>
</condition>
<ps>
<list1 enumtype="d" type="unordered">
<title>
<phrase category="" id="nev12073541n6" phrase-urn="urn:x-nevis:phrase:0800c8af81ffacfb">Faulty signal</phrase>
</title>
<item>
<ptxt>
<phrase category="" id="nev12073541n7" phrase-urn="urn:x-nevis:phrase:0800c8af81ffacfc">Air leakage in #@#@#12#ystem</phrase>
</ptxt>
</item>
<item>
<ptxt>
<phrase category="" id="nev12073541n8" phrase-urn="urn:x-nevis:phrase:0800c8af81ffacfd">Contaminated th#@#@#6# disc</phrase>
</ptxt>
</item>
<item>
<ptxt>
<phrase category="" id="nev12073541n9" phrase-urn="urn:x-nevis:phrase:0800c8af81ffacfe">Blocked crankca#@#@#57#pple.</phrase>
</ptxt>
</item>
<item>
<ptxt>
<phrase category="" id="nev12073541n10" phrase-urn="urn:x-nevis:phrase:0800c8af81ffacff">Damaged mass ai#@#@#9#nsor.</phrase>
</ptxt>
</item>
</list1>
</ps>
</condgrp>
<condgrp>
<condition type="symptom">
<list1 enumtype="d" type="unordered">
<item>
<ptxt>
<phrase category="" id="nev12073542n8" phrase-urn="urn:x-nevis:phrase:0800c8af81ffad00">Poor performance.</phrase>
</ptxt>
</item>
</list1>
</condition>
</condgrp>
</diagnostic>
</servinfosub>