<?xml version="1.0" encoding="UTF-8"?><servinfosub IE-ID="en-US0900c8af8309171b" docno="VCC-139027" id="KC01163034" xml:lang="en-US">
<title>
<phrase category="Title" id="nev10875239n1" phrase-urn="urn:x-nevis:phrase:0800c8af81eb9af7">Checking the en#@#@#35#ystem</phrase>
</title>
<diagnostic j2008use="1" layout="0" paperuse="1" screenuse="1" type="test">
<testgrp IE-ID="en-US0900c8af8309171b_KC01223615" id="KC01223615" j2008use="1" paperuse="1" resumable="1" screenuse="1" testgrp-id="node1" x="200" y="60">
<title>
<phrase category="" id="KC09413338" phrase-urn="urn:x-nevis:phrase:0800c8af826fc113">Checking the co#@#@#7#ystem</phrase>
</title>
<node>
<test1>
<diaglist id="nev10774488n63">
<dgraphic id="nev10774488n62">
<dgraphic1 id="nev10774488n61">
<graphic id="l1106299279853">
<href>0900c8af80054d5#@#@#9#.jpeg</href>
</graphic>
</dgraphic1>
</dgraphic>
</diaglist>
<test2>
<list1 enumtype="d" type="unordered">
<item>
<ptxt>
<phrase category="" id="KC09413340" phrase-urn="urn:x-nevis:phrase:0800c8af826fc114">Check the coola#@#@#3#level</phrase>
</ptxt>
</item>
<item>
<ptxt>
<phrase category="" id="KC09413341" phrase-urn="urn:x-nevis:phrase:0800c8af826fc115">Check the cooli#@#@#23#akage</phrase>
</ptxt>
</item>
<item>
<ptxt>
<phrase category="" id="KC09413342" phrase-urn="urn:x-nevis:phrase:0800c8af826fc117">Check the radia#@#@#36# dirt</phrase>
</ptxt>
</item>
<item>
<ptxt>
<phrase category="" id="KC09413343" phrase-urn="urn:x-nevis:phrase:0800c8af826fc118">Start and run t#@#@#64#ens. </phrase>
</ptxt>
</item>
</list1>
<para>
<ptxt>
<phrase category="" id="KC09413344" phrase-urn="urn:x-nevis:phrase:0800c8af826fc119">Remedy as necessary.</phrase>
</ptxt>
</para>
<list1>
<title>
<phrase category="" id="KC09413345" phrase-urn="urn:x-nevis:phrase:0800c8af826fc11a">Other information:</phrase>
</title>
<item>
<ptxt>
<phrase category="" id="KC09413346" phrase-urn="urn:x-nevis:phrase:0800c8af826fc11b">To access or re#@#@#21# See <xref>
<ref id="KC09413347"/>
</xref>. </phrase>
</ptxt>
</item>
</list1>
<diaglist id="nev10774488n67">
<dgraphic id="nev10774488n66">
<dgraphic1 id="nev10774488n65">
<graphic id="l1106299213848">
<href>0900c8af80054d3#@#@#9#.jpeg</href>
</graphic>
</dgraphic1>
</dgraphic>
</diaglist>
</test2>
</test1>
<question/>
<resact-grp>
<result button="cont" comp="button" highlight="0"/>
<action j2008use="1" paperuse="1" screenuse="1">
<ptxt>
<xref>
<ref id="KC09413349"/>
</xref>
</ptxt>
</action>
</resact-grp>
</node>
</testgrp>
<testgrp id="KC01223616" j2008use="1" paperuse="1" resumable="1" screenuse="1" testgrp-id="node2" x="200" y="140">
<title>
<phrase category="" id="KC09413350" phrase-urn="urn:x-nevis:phrase:0800c8af826fc11d">Checking the en#@#@#32#ensor</phrase>
</title>
<node>
<test1>
<diaglist>
<dgraphic>
<dgraphic1 id="nev10774488n54">
<graphic id="l1106304757768">
<href>0900c8af80054d4#@#@#9#.jpeg</href>
</graphic>
</dgraphic1>
<dgraphic2 id="nev10774488n57">
<graphic id="l1106299422680">
<href>0900c8af80054d7#@#@#9#.jpeg</href>
</graphic>
</dgraphic2>
</dgraphic>
<ditem>
<ptxt>
<phrase category="" id="KC09413352" phrase-urn="urn:x-nevis:phrase:0800c8af826fc11e">Ignition off</phrase>
</ptxt>
</ditem>
<ditem>
<ptxt>
<phrase category="" id="KC09413353" phrase-urn="urn:x-nevis:phrase:0800c8af826fc11f">Reconnect the c#@#@#31# etc.</phrase>
</ptxt>
</ditem>
<ditem>
<ptxt>
<phrase category="" id="KC09413354" phrase-urn="urn:x-nevis:phrase:0800c8af826fc120">Ignition on</phrase>
</ptxt>
</ditem>
<ditem>
<ptxt>
<phrase category="" id="KC09413355" phrase-urn="urn:x-nevis:phrase:0800c8af826fc121">Activate readin#@#@#37#(ECT)</phrase>
</ptxt>
</ditem>
<ditem>
<ptxt>
<phrase category="" id="KC09413356" phrase-urn="urn:x-nevis:phrase:0800c8af826fc122">Check that the #@#@#54#ctly.</phrase>
</ptxt>
</ditem>
</diaglist>
<test2>
<para>
<ptxt>
<phrase category="" id="KC09413357" phrase-urn="urn:x-nevis:phrase:0800c8af826fc123">Remedy as necessary.</phrase>
</ptxt>
</para>
<list1>
<title>
<phrase category="" id="KC09413358" phrase-urn="urn:x-nevis:phrase:0800c8af826fc124">Other information:</phrase>
</title>
<item>
<ptxt id="nev10875277n100">
<phrase category="Faulttracing" id="nev10875301n1" phrase-urn="urn:x-nevis:phrase:0800c8af828a63e0">To change the e#@#@#20#nsor:</phrase>
</ptxt>
<ptxt id="nev10875277n98">
<xref id="nev10875311n100">
<ref id="l1110437869828"/>
</xref>
</ptxt>
</item>
<item id="nev10775267n70">
<ptxt id="nev10775267n69">
<xref id="nev10775267n68">
<ref id="l1106315912276"/>
</xref>
</ptxt>
</item>
<item id="nev10775267n66">
<ptxt id="nev10775267n65">
<phrase category="Faulttracing" id="nev10775337n1" phrase-urn="urn:x-nevis:phrase:0800c8af81eb8fb2">For further inf#@#@#28#gram.</phrase>
</ptxt>
</item>
</list1>
<diaglist>
<dgraphic>
<dgraphic1 id="nev10774488n59">
<graphic id="l1106299382823">
<href>0900c8af80054d3#@#@#9#.jpeg</href>
</graphic>
</dgraphic1>
<dgraphic2>
<graphic id="KC09413363">
<href>0900c8af86c8681#@#@#9#.jpeg</href>
</graphic>
<smarttool active="press" id="KC09413364" toolname="XDISA673"/>
</dgraphic2>
</dgraphic>
</diaglist>
</test2>
</test1>
<question>
Was a fault de#@#@#3#ted?
</question>
<resact-grp>
<result button="yes" comp="button" highlight="0"/>
<action j2008use="1" paperuse="1" screenuse="1">
<return value="FAULT FOUND"/>
</action>
</resact-grp>
<resact-grp>
<result button="no" comp="button" highlight="0"/>
<action id="nev10774488n87" j2008use="1" paperuse="0" screenuse="1">
<ptxt id="nev10774488n86">
<xref id="nev10774488n85">
<ref id="nev10774488n84"/>
</xref>
</ptxt>
</action>
</resact-grp>
</node>
</testgrp>
<testgrp id="nev10774488n100" j2008use="1" paperuse="0" resumable="1" screenuse="1" testgrp-id="node3" x="200" y="220">
<title id="nev10774488n99">
<phrase category="Title" id="nev10774545n1" phrase-urn="urn:x-nevis:phrase:0800c8af81eb9af6">Checking the en#@#@#16# (FC)</phrase>
</title>
<node id="nev10774488n98">
<test1 id="nev10774488n97">
<note id="nev11210018n100">
<ptxt id="nev11210018n99">
<phrase category="Faulttracing" id="nev11210026n1" phrase-urn="urn:x-nevis:phrase:0800c8af8306779e">The electric co#@#@#96# off.</phrase>
<phrase category="Faulttracing" id="nev11210027n1" phrase-urn="urn:x-nevis:phrase:0800c8af830677a3">The time for th#@#@#155#stem.</phrase>
</ptxt>
</note>
<diaglist id="nev10774488n73">
<dgraphic id="nev10774488n72">
<dgraphic1 id="nev10774488n71">
<graphic id="l1106299006789">
<href>0900c8af80054d5#@#@#9#.jpeg</href>
</graphic>
</dgraphic1>
</dgraphic>
<ditem id="nev10774841n99">
<ptxt id="nev10774841n98">
<phrase category="Faulttracing" id="nev10774842n1" phrase-urn="urn:x-nevis:phrase:0800c8af81976d4a">Ignition on.</phrase>
</ptxt>
</ditem>
<ditem id="nev10774841n93">
<ptxt id="nev10774841n92">
<phrase category="Faulttracing" id="nev10774845n1" phrase-urn="urn:x-nevis:phrase:0800c8af82458f85">Activate the en#@#@#64#tion.</phrase>
</ptxt>
</ditem>
</diaglist>
<test2 id="nev10774488n78">
<list1 id="nev10774841n83">
<title id="nev10774841n80">
<phrase category="Faulttracing" id="nev10774851n1" phrase-urn="urn:x-nevis:phrase:0800c8af82458fed">If the engine c#@#@#44#peed:</phrase>
</title>
<item id="nev10774841n39">
<ptxt id="nev10774841n38">
<phrase category="Faulttracing" id="nev10775118n1" phrase-urn="urn:x-nevis:phrase:0800c8af82459005">Check the fuse,#@#@#63#(FC).</phrase>
</ptxt>
</item>
<item id="nev10774841n82">
<ptxt id="nev10774841n81">
<phrase category="Faulttracing" id="nev10774852n1" phrase-urn="urn:x-nevis:phrase:0800c8af8245911a">Check the wirin#@#@#94#mage.</phrase>
</ptxt>
</item>
<item id="nev10774841n77">
<ptxt id="nev10774841n76">
<phrase category="Faulttracing" id="nev10774853n1" phrase-urn="urn:x-nevis:phrase:0800c8af824590ec">Check the conne#@#@#121#ions.</phrase>
</ptxt>
</item>
</list1>
<para id="nev10774841n74">
<ptxt id="nev10774841n73">
<phrase category="Faulttracing" id="nev10774854n1" phrase-urn="urn:x-nevis:phrase:0800c8af81ea4b6b">Remedy as necessary.</phrase>
</ptxt>
</para>
<list1 id="nev10775267n94">
<title id="nev10775267n93">
<phrase category="Faulttracing" id="nev10775285n1" phrase-urn="urn:x-nevis:phrase:0800c8af81ea4b6f">Other information:</phrase>
</title>
<item id="nev10775267n90">
<ptxt id="nev10775267n89">
<xref id="nev10775267n82">
<ref id="l1106314078399"/>
</xref>
</ptxt>
</item>
<item id="nev10775267n80">
<ptxt id="nev10775267n79">
<phrase category="Faulttracing" id="nev10775304n1" phrase-urn="urn:x-nevis:phrase:0800c8af81eb8fb2">For further inf#@#@#28#gram.</phrase>
</ptxt>
</item>
</list1>
<diaglist id="nev10774488n77">
<dgraphic id="nev10774488n76">
<dgraphic2 id="nev10774488n75">
<graphic id="l1106298354677">
<href>0900c8af86c8681#@#@#9#.jpeg</href>
</graphic>
<smarttool active="press" id="l1106555844267"/>
</dgraphic2>
</dgraphic>
</diaglist>
<grate id="nev10774841n48"/>
</test2>
</test1>
<question id="nev10774488n96">
Was a fault de#@#@#3#ted?
</question>
<resact-grp id="nev10774488n95">
<result button="yes" comp="button" highlight="0" id="nev10774488n94"/>
<action id="nev10774488n91" j2008use="1" paperuse="0" screenuse="1">
<return id="nev10774488n90" value="FAULT FOUND"/>
</action>
</resact-grp>
<resact-grp id="nev10774488n93">
<result button="no" comp="button" highlight="0" id="nev10774488n92"/>
<action id="nev10774841n60" j2008use="1" paperuse="0" screenuse="1">
<ptxt id="nev10774841n59">
<xref id="nev10774841n58">
<ref id="nev10774841n57"/>
</xref>
</ptxt>
</action>
</resact-grp>
</node>
</testgrp>
<testgrp id="nev10774841n71" j2008use="1" paperuse="0" resumable="1" screenuse="1" x="200" y="300">
<title id="nev10774841n70">
<phrase category="Title" id="nev10774855n1" phrase-urn="urn:x-nevis:phrase:0800c8af81eb9a14">Replacing a com#@#@#1#onent</phrase>
</title>
<node id="nev10774841n69">
<test1 id="nev10774841n68">
<diaglist id="nev10774841n46">
<dgraphic id="nev10774841n45">
<dgraphic1 id="nev10774841n44">
<graphic id="l1106306952015">
<href>0900c8af80054d4#@#@#9#.jpeg</href>
</graphic>
</dgraphic1>
</dgraphic>
<ditem id="nev10774841n42">
<ptxt id="nev10774841n41">
<phrase category="Faulttracing" id="nev10774999n1" phrase-urn="urn:x-nevis:phrase:0800c8af82264dad">Ignition off.</phrase>
</ptxt>
</ditem>
</diaglist>
<test2 id="nev10774841n36">
<list1 id="nev10774841n33">
<title id="nev10774841n32">
<phrase category="Faulttracing" id="nev10775147n1" phrase-urn="urn:x-nevis:phrase:0800c8af82458fed">If the engine c#@#@#44#peed:</phrase>
</title>
<item id="nev10774841n30">
<ptxt id="nev10774841n29">
<phrase category="Faulttracing" id="nev10775164n1" phrase-urn="urn:x-nevis:phrase:0800c8af82711e64">Replace electri#@#@#10# fan.</phrase>
</ptxt>
</item>
</list1>
<para id="nev10774841n21">
<ptxt id="nev10774841n20">
<phrase category="Faulttracing" id="nev10775237n1" phrase-urn="urn:x-nevis:phrase:0800c8af8271241a">Then check:</phrase>
</ptxt>
<ptxt id="nev10774841n18">
<phrase category="Faulttracing" id="nev10775255n1" phrase-urn="urn:x-nevis:phrase:0800c8af82712458">Function of eng#@#@#11# fan.</phrase>
</ptxt>
<ptxt id="nev10774841n16">
<phrase category="Faulttracing" id="nev10775257n1" phrase-urn="urn:x-nevis:phrase:0800c8af82458f85">Activate the en#@#@#64#tion.</phrase>
</ptxt>
</para>
<list1 id="nev10775267n77">
<title id="nev10775267n76">
<phrase category="Faulttracing" id="nev10775308n1" phrase-urn="urn:x-nevis:phrase:0800c8af81ea4b6f">Other information:</phrase>
</title>
<item id="nev10775267n74">
<ptxt id="nev10775267n73">
<xref id="nev10775267n72">
<ref id="l1106315757672"/>
</xref>
</ptxt>
</item>
</list1>
<diaglist id="nev10774841n14">
<dgraphic id="nev10774841n13">
<dgraphic2 id="nev10774841n12">
<graphic id="l1106312640437">
<href>0900c8af86c8681#@#@#9#.jpeg</href>
</graphic>
<smarttool active="press" id="l1106555969790"/>
</dgraphic2>
</dgraphic>
</diaglist>
</test2>
</test1>
<question id="nev10774841n67">
Is the engine #@#@#21#ing?
</question>
<resact-grp id="nev10774841n56">
<result button="yes" comp="button" highlight="0" id="nev10774841n55"/>
<action id="nev10774841n52" j2008use="1" paperuse="0" screenuse="1">
<return id="nev10774841n51" value="FAULT FOUND"/>
</action>
</resact-grp>
<resact-grp id="nev10774841n54">
<result button="no" comp="button" highlight="0" id="nev10774841n53"/>
<action id="nev10774841n1" j2008use="1" paperuse="0" screenuse="1">
<ptxt id="nev10775267n100">
<xref id="nev10775267n99">
<ref id="nev10775267n98"/>
</xref>
</ptxt>
</action>
</resact-grp>
</node>
</testgrp>
<testgrp id="nev10774841n10" j2008use="1" paperuse="0" resumable="1" screenuse="1" x="200" y="380">
<title id="nev10774841n9">
<phrase category="Title" id="nev10775262n1" phrase-urn="urn:x-nevis:phrase:0800c8af823391ce">If no malfuncti#@#@#12#found</phrase>
</title>
<node id="nev10774841n8">
<test1 id="nev10774841n7">
<test2 id="nev10775267n97">
<ptxt id="nev10775267n96">
<phrase category="Faulttracing" id="nev10775271n1" phrase-urn="urn:x-nevis:phrase:0800c8af823393e1">If no malfuncti#@#@#153#dure.</phrase>
</ptxt>
</test2>
</test1>
<question id="nev10774841n6">
Select "Contin#@#@#8#xit.
</question>
<resact-grp id="nev10774841n5">
<result button="cont" comp="button" highlight="0" id="nev10774841n4"/>
<action id="nev10774841n3" j2008use="1" paperuse="0" screenuse="1">
<return id="nev10774841n2" value="DONE"/>
</action>
</resact-grp>
</node>
</testgrp>
</diagnostic>
</servinfosub>