<?xml version="1.0" encoding="UTF-8"?><servinfosub IE-ID="en-US0900c8af85a5971b" docno="VCC-370412" id="nev13713474n1" original="sv-SE" servinfosubId="nev13713475n1-nev18317509n1" servinfosubRes="0900c8af85a997c4" servinfosubRes2="urn:x-nevis:fragment:0900c8af85a5971b:0900c8af85a997c4#nev18317509n1" xml:lang="en-US">
<title id="nev13713473n17">Location of com#@#@#25#enon)</title>
<procedure id="nev13713475n1-nev18386713n13">
<stepgrp boilerplate="false" context="" id="nev13713475n1-nev18386713n12">
<title id="nev13713475n1-nev18386713n11">Location of com#@#@#2#nents</title>
<procstep id="nev13713475n1-nev18386713n10">
<grate id="nev13713475n1-nev18386713n8">
<graphic id="nev13713475n1-nev18386713n9">
<href>0900c8af85a997a#@#@#9#.jpeg</href>
</graphic>
<graphtext id="nev13713475n1-nev18389634n1">
<list1 enumtype="n" id="nev13713475n1-nev18386713n7" type="ordered">
<item id="nev13713475n1-nev18386713n6">
<ptxt id="nev13713475n1-nev18386713n5">High beam.</ptxt>
</item>
<item id="nev13713475n1-nev18386713n4">
<ptxt id="nev13713475n1-nev18386713n3">Parking lights</ptxt>
</item>
<item id="nev13713475n1-nev18386713n2">
<ptxt id="nev13713475n1-nev18386713n1">Dipped beam</ptxt>
</item>
<item id="nev13713475n1-nev18389630n100">
<ptxt id="nev13713475n1-nev18389630n99">direction indicator</ptxt>
</item>
<item id="nev13713475n1-nev18389630n98">
<ptxt id="nev13713475n1-nev18389630n97">side running lights</ptxt>
</item>
</list1>
</graphtext>
</grate>
</procstep>
</stepgrp>
</procedure>
</servinfosub>