<?xml version="1.0" encoding="UTF-8"?><script xmlns:nevis="http://www.volvocars.com/namespaces/processing" xmlns:xlink="http://www.w3.org/1999/xlink" IE-ID="en-US0900c8af8562571b" docno="VCC-282410" id="nev11309946n1" nevis:expl-profile="mdl124yr2007" nevis:profile="urn:x-nevis:profile:0b00c8af8259afd3" nevis:projectdocument="urn:x-nevis:projectdocument:0800c8af833c8aa0" nevis:resource="0900c8af8438e1c1" nevis:resource2="urn:x-nevis:fragment:0900c8af8562571b:0900c8af8438e1c1#nev11309946n1" nevis:session-id="" qualifierinfotype="14:00" type="" xml:lang="en-US"><title>Read/Prog engin#@#@#30#IM Y2</title><content gui="1" height="470" id="nev11309947n1-nev11309946n3" nevis:expl-profile="mdl124yr2007" nevis:idfrom="nev11309947n1" nevis:prefix="nev11309947n1" nevis:profile="urn:x-nevis:profile:0b00c8af8259afd3" nevis:resource="0900c8af8438e1a0" nevis:resource2="urn:x-nevis:fragment:0900c8af8562571b:0900c8af8438e1a0#nev11309946n3" width="395" xml:lang="en-US"><nodes id="nev11309947n1-nev13513950n1"><node class="Components.StartNode" id="nev11309947n1-nev13513951n1" nodeid="Start" x="10" y="34"/><node class="Components.IdentifierComponent" id="nev11309947n1-nev13513952n1" nodeid="IdentifierComponent1" x="269" y="91"><property class="Parameter" id="nev11309947n1-nev13513953n1" name="Engine time condition for service =" type="Out" value="" visible="1"/><extension id="nev11309947n1-nev13513954n1"><identifier ecu="381101" ecuMode="EcuType" id="nev11309947n1-nev13513955n1" read="100" type="REID" value="D90B"><parameter id="nev11309947n1-nev13513956n1" name="Engine time condition for service =" textid="4374"/></identifier></extension></node><node class="Components.Gui.ParameterLabel" id="nev11309947n1-nev13513957n1" nodeid="ParameterLabel1" x="469" y="122"><gui height="70" id="nev11309947n1-nev13513958n1" width="365" x="15" y="220"/><property class="Parameter" id="nev11309947n1-nev13513959n1" name="Parameter" type="In" value="" visible="1"/><property class="String" id="nev11309947n1-nev13513960n1" name="Title" type="In" value="" visible="1"/><property class="String" id="nev11309947n1-nev13513961n1" name="Value" type="In" value="" visible="1"/><property class="String" id="nev11309947n1-nev13513962n1" name="Unit" type="In" value="" visible="1"/><property class="String" id="nev11309947n1-nev13513963n1" name="StartVisible" type="Internal" value="true" visible="0"/></node><node class="Components.Gui.ActivationList" id="nev11309947n1-nev13513964n1" nodeid="ActivationList1" x="269" y="243"><gui height="100" id="nev11309947n1-nev13513965n1" width="365" x="15" y="305"/><extension id="nev11309947n1-nev13513966n1"><identifier ecu="381101" ecuMode="EcuType" id="nev11309947n1-nev13513967n1" stop="16" type="REID" value="D90B" write="119"><parameter id="nev11309947n1-nev13513968n1" name="Engine time condition for service =" textid="4374"><value id="nev11309947n1-nev13513969n1" textid="19754"/><value id="nev11309947n1-nev13513970n1" textid="1009601"/><value id="nev11309947n1-nev13513971n1" textid="19755"/><value id="nev11309947n1-nev13513972n1" textid="1010517"/></parameter></identifier></extension></node><node class="Components.ScriptComponent" id="nev11309947n1-nev13513973n1" nodeid="ScriptComponent1" x="271" y="401"/><node class="Components.ScriptButton" id="nev11309947n1-nev13513974n1" nodeid="Hide" x="51" y="302"><gui height="35" id="nev11309947n1-nev13513975n1" width="115" x="265" y="425"/><property class="String" id="nev11309947n1-nev13513976n1" name="Text" type="In" value="" visible="1"/><property class="String" id="nev11309947n1-nev13513977n1" name="StartDisabled" type="Internal" value="false" visible="1"/><property class="String" id="nev11309947n1-nev13513978n1" name="StartVisible" type="Internal" value="true" visible="1"/><extension id="nev11309947n1-nev13513979n1"><phrase category="Faulttracing" id="nev11309947n1-nev12747205n1" phrase-urn="urn:x-nevis:phrase:0800c8af8178a392">Continue</phrase></extension></node><node class="Components.ScriptButton" id="nev11309947n1-nev13513980n1" nodeid="Start prog" x="48" y="121"><gui height="35" id="nev11309947n1-nev13513981n1" width="115" x="15" y="420"/><property class="String" id="nev11309947n1-nev13513982n1" name="Text" type="In" value="" visible="1"/><property class="String" id="nev11309947n1-nev13513983n1" name="StartDisabled" type="Internal" value="false" visible="1"/><property class="String" id="nev11309947n1-nev13513984n1" name="StartVisible" type="Internal" value="true" visible="1"/><extension id="nev11309947n1-nev13513985n1"><phrase category="Faulttracing" id="nev11309947n1-nev11417429n1" phrase-urn="urn:x-nevis:phrase:0800c8af8178a38e">Start programming</phrase></extension></node><node class="Components.InfoDisplayContent" id="nev11309947n1-nev13513986n1" nodeid="InfoDisplayContent1" x="269" y="20"><property class="String" id="nev11309947n1-nev13513987n1" name="Content" type="Out" value="" visible="1"/><extension id="nev11309947n1-nev13513988n1"><para id="nev11309947n1-nev12746584n1"><b id="nev11309947n1-nev12746585n1"><phrase category="Title" id="nev11309947n1-nev12746543n1" phrase-urn="urn:x-nevis:phrase:0800c8af81eabd89">Programming the#@#@#30#rvice</phrase></b><list id="nev11309947n1-nev12746586n1"><li id="nev11309947n1-nev12746587n1"><phrase category="Preparatory" id="nev11309947n1-nev12746544n1" phrase-urn="urn:x-nevis:phrase:0800c8af8031b478">Ignition on.</phrase></li></list></para><para id="nev11309947n1-nev12746588n1"><phrase category="Faulttracing" id="nev11309947n1-nev12746545n1" phrase-urn="urn:x-nevis:phrase:0800c8af833ea469">There are three#@#@#38#mmed.</phrase><phrase category="Faulttracing" id="nev11309947n1-nev12746546n1" phrase-urn="urn:x-nevis:phrase:0800c8af81eab502">This parameter #@#@#111#ghts.</phrase></para></extension></node><node class="Components.InfoDisplay" id="nev11309947n1-nev13513989n1" nodeid="InfoDisplay1" x="473" y="35"><gui height="185" id="nev11309947n1-nev13513990n1" width="365" x="15" y="15"/><property class="String" id="nev11309947n1-nev13513991n1" name="Content" type="In" value="" visible="1"/><extension id="nev11309947n1-nev13513992n1"/></node></nodes><handlers id="nev11309947n1-nev13513993n1"><eventhandler id="nev11309947n1-nev13513994n1" name="OnStart" node="Start"><call id="nev11309947n1-nev13513995n1" method="Trigger" node="InfoDisplayContent1"/><call id="nev11309947n1-nev13513996n1" method="UpdateTitles" node="IdentifierComponent1"/><call id="nev11309947n1-nev13513997n1" method="Read" node="IdentifierComponent1"/></eventhandler><eventhandler id="nev11309947n1-nev13513998n1" name="Click" node="Hide"><call id="nev11309947n1-nev13513999n1" method="CloseDialog" node="ScriptComponent1"/></eventhandler><eventhandler id="nev11309947n1-nev13514000n1" name="Click" node="Start prog"><call id="nev11309947n1-nev13514001n1" method="ActivateSelected" node="ActivationList1"/></eventhandler><eventhandler id="nev11309947n1-nev13514002n1" name="OnPositiveResponse" node="ActivationList1"><call id="nev11309947n1-nev13514003n1" method="Read" node="IdentifierComponent1"/></eventhandler><eventhandler id="nev11309947n1-nev13514004n1" name="OnNoResponse" node="ActivationList1"><call id="nev11309947n1-nev13514005n1" method="Read" node="IdentifierComponent1"/></eventhandler><eventhandler id="nev11309947n1-nev13514006n1" name="OnNoContact" node="ActivationList1"><call id="nev11309947n1-nev13514007n1" method="Read" node="IdentifierComponent1"/></eventhandler><eventhandler id="nev11309947n1-nev13514008n1" name="OnNegativeResponse" node="ActivationList1"><call id="nev11309947n1-nev13514009n1" method="Read" node="IdentifierComponent1"/></eventhandler><propertyhandler id="nev11309947n1-nev13514010n1" name="Engine time condition for service =" node="IdentifierComponent1"><set id="nev11309947n1-nev13514011n1" node="ParameterLabel1" property="Parameter"/></propertyhandler><propertyhandler id="nev11309947n1-nev13514012n1" name="Content" node="InfoDisplayContent1"><set id="nev11309947n1-nev13514013n1" node="InfoDisplay1" property="Content"/></propertyhandler></handlers></content></script>