<?xml version="1.0" encoding="UTF-8"?><servinfosub IE-ID="en-US0900c8af844dc71b" docno="VCC-371315" id="nev13720193n1" original="sv-SE" servinfosubId="nev13720194n1-nev13720198n1" servinfosubRes="0900c8af844dc71e" servinfosubRes2="urn:x-nevis:fragment:0900c8af844dc71b:0900c8af844dc71e#nev13720198n1" xml:lang="en-US">
<title>Supplementary r#@#@#16#(SRS)</title>
<procedure>
<note>
<ptxt>The illustratio#@#@#176#rect.</ptxt>
</note>
<stepgrp id="nev13720194n1-nev13720197n28">
<procstep id="nev13720194n1-nev13720197n29">
<title>Safety equipmen#@#@#34#SRS))</title>
<warning>
<ptxt>The vehicle is #@#@#150#void:</ptxt>
</warning>
<list1 enumtype="d" type="unordered">
<item>
<ptxt>personal injury#@#@#21#pairs</ptxt>
</item>
<item>
<ptxt>damage to or ma#@#@#55#stem.</ptxt>
</item>
</list1>
<warning>
<ptxt>Work on SRS (su#@#@#83#shop.</ptxt>
</warning>
</procstep>
<procstep id="nev13720194n1-nev13720197n30">
<title>Safety and repairs</title>
<para>
<ptxt>For further inf#@#@#134#elow:</ptxt>
</para>
<grate>
<graphic id="nev13720194n1-nev13720197n31">
<href>0900c8af8162179#@#@#9#.jpeg</href>
</graphic>
<graphtext>
<list1 type="unordered">
<item>
<ptxt>
<xref>
<ref id="nev13720194n1-nev13720197n32"/>
</xref>
</ptxt>
</item>
<item>
<ptxt>
<xref>
<ref id="nev13720194n1-nev13720197n33"/>
</xref>
</ptxt>
</item>
<item>
<ptxt>
<xref>
<ref id="nev13720194n1-nev13720197n34"/>
</xref>
</ptxt>
</item>
<item>
<ptxt>
<xref>
<ref id="nev13720194n1-nev13720197n35"/>
</xref>
</ptxt>
</item>
<item>
<ptxt>
<xref>
<ref id="nev13720194n1-nev13720197n36"/>
</xref>
</ptxt>
</item>
<item>
<ptxt>
<xref>
<ref id="nev13720194n1-nev13720197n37"/>
</xref>
</ptxt>
</item>
<item>
<ptxt>
<xref>
<ref id="nev13720194n1-nev13720197n38"/>
</xref>
</ptxt>
</item>
<item>
<ptxt>
<xref>
<ref id="nev13720194n1-nev13720197n39"/>
</xref>
</ptxt>
</item>
<item>
<ptxt>
<xref>
<ref id="nev13720194n1-nev13720197n40"/>
</xref>
</ptxt>
</item>
<item>
<ptxt>
<xref>
<ref id="nev13720194n1-nev13720197n41"/>
</xref>
</ptxt>
</item>
<item>
<ptxt>
<xref>
<ref id="nev13720194n1-nev13720197n42"/>
</xref>
</ptxt>
</item>
<item>
<ptxt>
<xref>
<ref id="nev13720194n1-nev13720197n43"/>
</xref>
</ptxt>
</item>
<item>
<ptxt>
<xref>
<ref id="nev13720194n1-nev13720197n44"/>
</xref>
</ptxt>
</item>
<item>
<ptxt>
<xref>
<ref id="nev13720194n1-nev13720197n45"/>
</xref>
</ptxt>
</item>
<item>
<ptxt>
<xref>
<ref id="nev13720194n1-nev13720197n46"/>
</xref>
</ptxt>
</item>
</list1>
</graphtext>
</grate>
</procstep>
</stepgrp>
<stepgrp id="nev13720194n1-nev13720197n47">
<procstep id="nev13720194n1-nev13720197n48">
<title>1. The front se#@#@#56#nsors</title>
<grate>
<graphic id="nev13720194n1-nev13720197n49">
<href>0900c8af80a53ef#@#@#9#.jpeg</href>
</graphic>
<graphtext>
<para>
<ptxt>See: <xref>
<ref id="nev13720194n1-nev13720197n50"/>
</xref> and: <xref>
<ref id="nev13720194n1-nev13720197n51"/>
</xref>. </ptxt>
</para>
</graphtext>
</grate>
</procstep>
<procstep id="nev13720194n1-nev13720197n52">
<title>2. Collision se#@#@#10#ystem</title>
<grate>
<graphic id="nev13720194n1-nev13720197n53">
<href>0900c8af80a53f0#@#@#9#.jpeg</href>
</graphic>
<graphtext>
<para>
<ptxt>The collision s#@#@#55#sts. </ptxt>
</para>
<para>
<ptxt>See: <xref>
<ref id="nev13720194n1-nev13720197n54"/>
</xref>.</ptxt>
</para>
</graphtext>
</grate>
</procstep>
<procstep id="nev13720194n1-nev13720197n55">
<title>3. Driver's air#@#@#4#(SRS)</title>
<grate>
<graphic id="nev13720194n1-nev13720197n56">
<href>0900c8af80a53f2#@#@#9#.jpeg</href>
</graphic>
<graphtext>
<para>
<ptxt>The driver's ai#@#@#200#bag. </ptxt>
</para>
<para>
<ptxt>See: <xref>
<ref id="nev13720194n1-nev13720197n57"/>
</xref>.</ptxt>
</para>
</graphtext>
</grate>
</procstep>
<procstep id="nev13720194n1-nev13720197n58">
<title>4. Steering column</title>
<grate>
<graphic id="nev13720194n1-nev13720197n59">
<href>0900c8af80a53f0#@#@#9#.jpeg</href>
</graphic>
<graphtext>
<para>
<ptxt>The steering co#@#@#30#oner.</ptxt>
</para>
<para>
<ptxt>See: <xref>
<ref id="nev13720194n1-nev13720197n60"/>
</xref>.</ptxt>
</para>
</graphtext>
</grate>
</procstep>
<procstep id="nev13720194n1-nev13720197n61">
<title>5 and 6. Collis#@#@#16#ystem</title>
<grate>
<graphic id="nev13720194n1-nev13720197n62">
<href>0900c8af80a53f0#@#@#9#.jpeg</href>
</graphic>
<graphtext>
<para>
<ptxt>See: <xref>
<ref id="nev13720194n1-nev13720197n63"/>
</xref>.</ptxt>
</para>
</graphtext>
</grate>
</procstep>
<procstep id="nev13720194n1-nev13720197n64">
<title>7. Passenger ai#@#@#5#(SRS)</title>
<grate>
<graphic id="nev13720194n1-nev13720197n65">
<href>0900c8af80126d6#@#@#9#.jpeg</href>
</graphic>
<graphtext>
<para>
<ptxt>The passenger a#@#@#34#ges. </ptxt>
</para>
<para>
<ptxt>See: <xref>
<ref id="nev13720194n1-nev13720197n66"/>
</xref>.</ptxt>
</para>
</graphtext>
</grate>
</procstep>
<procstep id="nev13720194n1-nev13720197n67">
<title>8. Supplemental#@#@#33#(SRS)</title>
<grate>
<graphic id="nev13720194n1-nev13720197n68">
<href>0900c8af80a53f0#@#@#9#.jpeg</href>
</graphic>
<graphtext>
<para>
<ptxt>The supplementa#@#@#106#sole.</ptxt>
</para>
<warning>
<ptxt>Never install v#@#@#72#SRS).</ptxt>
</warning>
<para>
<ptxt>See: <xref>
<ref id="nev13720194n1-nev13720197n69"/>
</xref>.</ptxt>
</para>
</graphtext>
</grate>
</procstep>
<procstep id="nev13720194n1-nev13720197n70">
<title>9. Occupant wei#@#@#11#(OWS)</title>
<grate>
<graphic id="nev13720194n1-nev13720197n71">
<href>0900c8af80a53f0#@#@#9#.jpeg</href>
</graphic>
<graphtext>
<para>
<ptxt>The passenger s#@#@#74#ion. </ptxt>
</para>
<para>
<ptxt>See: <xref>
<ref id="nev13720194n1-nev13720197n72"/>
</xref>.</ptxt>
</para>
</graphtext>
</grate>
</procstep>
<procstep id="nev13720194n1-nev13720197n73">
<title>10. Seat track #@#@#7#(STS)</title>
<grate>
<graphic id="nev13720194n1-nev13720197n74">
<href>0900c8af80a53f1#@#@#9#.jpeg</href>
</graphic>
<graphtext>
<para>
<ptxt>The seat positi#@#@#70#seat.</ptxt>
</para>
<para>
<ptxt>See: <xref>
<ref id="nev13720194n1-nev13720197n75"/>
</xref>.</ptxt>
</para>
</graphtext>
</grate>
</procstep>
<procstep id="nev13720194n1-nev13720197n76">
<title>11. Belt tensio#@#@#11#(BTS)</title>
<grate>
<graphic id="nev13720194n1-nev13720197n77">
<href>0900c8af80a53f1#@#@#9#.jpeg</href>
</graphic>
<graphtext>
<para>
<ptxt>See: <xref>
<ref id="nev13720194n1-nev13720197n78"/>
</xref>.</ptxt>
</para>
</graphtext>
</grate>
</procstep>
<procstep id="nev13720194n1-nev13720197n79">
<title>12. Airbag modu#@#@#9#SIPS)</title>
<grate>
<graphic id="nev13720194n1-nev13720197n80">
<href>0900c8af80a53f1#@#@#9#.jpeg</href>
</graphic>
<graphtext>
<para>
<ptxt>See: <xref>
<ref id="nev13720194n1-nev13720197n81"/>
</xref>.</ptxt>
</para>
</graphtext>
</grate>
</procstep>
<procstep id="nev13720194n1-nev13720197n82">
<title>13. Buckle seat belt</title>
<grate>
<graphic id="nev13720194n1-nev13720197n83">
<href>0900c8af80a53f1#@#@#9#.jpeg</href>
</graphic>
<graphtext>
<para>
<ptxt>See: <xref>
<ref id="nev13720194n1-nev13720197n84"/>
</xref>.</ptxt>
</para>
</graphtext>
</grate>
</procstep>
<procstep id="nev13720194n1-nev13720197n85">
<title>14. Rear seat b#@#@#25#oners</title>
<grate>
<graphic id="nev13720194n1-nev13720197n86">
<href>0900c8af80a53f1#@#@#9#.jpeg</href>
</graphic>
<graphtext>
<para>
<ptxt>See: <xref>
<ref id="nev13720194n1-nev13720197n87"/>
</xref>.</ptxt>
</para>
</graphtext>
</grate>
</procstep>
<procstep id="nev13720194n1-nev13720197n88">
<title>15. Inflatable #@#@#7# (IC)</title>
<grate>
<graphic id="nev13720194n1-nev13720197n89">
<href>0900c8af80a53f1#@#@#9#.jpeg</href>
</graphic>
<graphtext>
<para>
<ptxt>The inflatable #@#@#125#icle.</ptxt>
<ptxt>The curtain shi#@#@#69#osts.</ptxt>
</para>
<para>
<ptxt>See: <xref>
<ref id="nev13720194n1-nev13720197n90"/>
</xref>.</ptxt>
</para>
</graphtext>
</grate>
</procstep>
<procstep id="nev13720194n1-nev13720197n91">
<title>16. Other SRS c#@#@#4#nents</title>
<para>
<title>Whiplash system</title>
<ptxt>The front seats#@#@#171#ats. </ptxt>
</para>
<para>
<title>Wiring:</title>
<ptxt>The SRS wiring #@#@#5#ange.</ptxt>
<ptxt>When working on#@#@#72#reas:</ptxt>
</para>
<list1 enumtype="d" type="unordered">
<item>
<ptxt>the soundproofi#@#@#4#anels</ptxt>
</item>
<item>
<ptxt>the glove compa#@#@#1#tment</ptxt>
</item>
<item>
<ptxt>the dashboard</ptxt>
</item>
<item>
<ptxt>the steering sh#@#@#5#overs</ptxt>
</item>
<item>
<ptxt>the steering column</ptxt>
</item>
<item>
<ptxt>the ignition switch</ptxt>
</item>
<item>
<ptxt>the sills</ptxt>
</item>
<item>
<ptxt>The panels for #@#@#18#posts</ptxt>
</item>
<item>
<ptxt>the roof</ptxt>
</item>
<item>
<ptxt>the front side #@#@#26#sor).</ptxt>
</item>
</list1>
<para>
<title>Data Link Conne#@#@#6#DLC):</title>
<ptxt>The data link c#@#@#42#ment.</ptxt>
</para>
<para>
<title>Decals:</title>
<ptxt>Safety decals m#@#@#77#see: <xref>
<ref id="nev13720194n1-nev13720197n92"/>
</xref>.</ptxt>
</para>
</procstep>
</stepgrp>
</procedure>
</servinfosub>