<?xml version="1.0" encoding="UTF-8"?><servinfosub IE-ID="en-US0900c8af804a071b" docno="VCC-088876" id="KC01460211" xml:lang="en-US">
<title>
<phrase category="" id="KC07291112" phrase-urn="urn:x-nevis:phrase:0800c8af81aa6793">Signal too high</phrase>
</title>
<diagnostic type="test">
<testgrp IE-ID="en-US0900c8af804a071b_KC01465558" id="KC01465558" j2008use="1" paperuse="1" resumable="1" screenuse="1" testgrp-id="node1" x="120" y="80">
<title>
<phrase category="" id="KC07291113" phrase-urn="urn:x-nevis:phrase:0800c8af81aa6794">Checking the sh#@#@#12#enoid</phrase>
</title>
<node>
<test1>
<diaglist>
<dgraphic>
<dgraphic1>
<graphic id="KC07291114">
<href>0900c8af80054d5#@#@#9#.jpeg</href>
</graphic>
</dgraphic1>
</dgraphic>
<ditem>
<ptxt>
<phrase category="" id="KC07291115" phrase-urn="urn:x-nevis:phrase:0800c8af81aa6795">Ignition on.</phrase>
</ptxt>
</ditem>
<ditem>
<ptxt>
<phrase category="" id="KC07291116" phrase-urn="urn:x-nevis:phrase:0800c8af81aa6796">Gear selector i#@#@#8#on P.</phrase>
</ptxt>
</ditem>
<ditem>
<ptxt>
<phrase category="" id="KC07291117" phrase-urn="urn:x-nevis:phrase:0800c8af81aa6797">Try moving the #@#@#117#ctor.</phrase>
</ptxt>
</ditem>
<ditem>
<ptxt>
<phrase category="" id="KC07291118" phrase-urn="urn:x-nevis:phrase:0800c8af81aa6798">Depress the bra#@#@#111#tor. </phrase>
</ptxt>
</ditem>
</diaglist>
</test1>
<question>Was the function OK?</question>
<resact-grp>
<result button="yes" comp="button" highlight="0"/>
<action j2008use="1" paperuse="1" screenuse="1">
<ptxt>
<xref>
<ref id="KC07291119"/>
</xref>
</ptxt>
</action>
</resact-grp>
<resact-grp>
<result button="no" comp="button" highlight="0"/>
<action j2008use="1" paperuse="1" screenuse="1">
<ptxt>
<xref>
<ref id="KC07291120"/>
</xref>
</ptxt>
</action>
</resact-grp>
</node>
</testgrp>
<testgrp id="KC01465559" j2008use="1" paperuse="1" resumable="1" screenuse="1" testgrp-id="node2" x="120" y="160">
<title>
<phrase category="" id="KC07291121" phrase-urn="urn:x-nevis:phrase:0800c8af81aa6799">Checking the wi#@#@#13#onent</phrase>
</title>
<node>
<test1>
<test2>
<para>
<ptxt>
<phrase category="" id="KC07291122" phrase-urn="urn:x-nevis:phrase:0800c8af81aa6785">Check the cable#@#@#156#g to <xref>
<ref id="KC07291123"/>
</xref>.</phrase>
</ptxt>
</para>
<hint>
<ptxt>
<phrase category="" id="KC07291124" phrase-urn="urn:x-nevis:phrase:0800c8af81aa6786">With a voltmete#@#@#233#s OK.</phrase>
</ptxt>
</hint>
<para>
<ptxt>
<phrase category="" id="KC07291125" phrase-urn="urn:x-nevis:phrase:0800c8af81aa6787">Remedy as necessary.</phrase>
</ptxt>
</para>
<list1 enumtype="d" type="unordered">
<title>
<phrase category="" id="KC07291126" phrase-urn="urn:x-nevis:phrase:0800c8af81aa6788">Other information:</phrase>
</title>
<item>
<ptxt>
<phrase category="" id="KC07291127" phrase-urn="urn:x-nevis:phrase:0800c8af81aa6789">To check or rep#@#@#29# see <xref>
<ref id="KC07291128"/>
</xref>.</phrase>
</ptxt>
</item>
</list1>
</test2>
</test1>
<question>Select Continue.</question>
<resact-grp>
<result button="cont" comp="button" highlight="0"/>
<action j2008use="1" paperuse="1" screenuse="1">
<ptxt>
<xref>
<ref id="KC07291129"/>
</xref>
</ptxt>
</action>
</resact-grp>
</node>
</testgrp>
<testgrp id="KC01465560" j2008use="1" paperuse="1" resumable="1" screenuse="1" testgrp-id="veif" x="280" y="160">
<title>
<phrase category="" id="KC07291130" phrase-urn="urn:x-nevis:phrase:0800c8af81aa678a">Verification</phrase>
</title>
<subcalloutnode>
<diagcallout>
<xref>
<ref id="KC07291131"/>
</xref>
</diagcallout>
<rescall-grp>
<result comp="string" highlight="0" op="eq" return="VERIFICATION FAILED"/>
<calloutaction>
<ptxt>
<xref>
<ref id="KC07291132"/>
</xref>
</ptxt>
</calloutaction>
</rescall-grp>
<rescall-grp>
<result comp="string" highlight="0" op="eq" return="PAPER"/>
<calloutaction>
<return value="FAULT NOT FOUND"/>
</calloutaction>
</rescall-grp>
<rescall-grp>
<result comp="string" highlight="0" op="eq" return="VERIFIED"/>
<calloutaction>
<return value="FAULT FOUND"/>
</calloutaction>
</rescall-grp>
</subcalloutnode>
</testgrp>
<testgrp id="KC01465561" j2008use="1" paperuse="0" resumable="1" screenuse="1" testgrp-id="info1" x="440" y="160">
<title>
<phrase category="" id="KC07291133" phrase-urn="urn:x-nevis:phrase:0800c8af81aa678b">Fault-tracing i#@#@#5#ation</phrase>
</title>
<subcalloutnode>
<diagcallout>
<xref>
<ref id="KC07291134"/>
</xref>
</diagcallout>
<rescall-grp>
<result comp="string" highlight="0" op="eq" return="FAULTTRACING FAILED"/>
<calloutaction>
<return value="FAULTTRACING FAILED"/>
</calloutaction>
</rescall-grp>
<rescall-grp>
<result comp="string" highlight="0" op="eq" return="NEW TRY"/>
<calloutaction>
<ptxt>
<xref>
<ref id="KC07291135"/>
</xref>
</ptxt>
</calloutaction>
</rescall-grp>
</subcalloutnode>
</testgrp>
<testgrp id="KC01465562" j2008use="1" paperuse="1" resumable="1" screenuse="1" testgrp-id="intnode" x="280" y="80">
<title>
<phrase category="" id="KC07291136" phrase-urn="urn:x-nevis:phrase:0800c8af81aa678c">Intermittent fault</phrase>
</title>
<node>
<test1>
<test2>
<ptxt>
<phrase category="" id="KC07291137" phrase-urn="urn:x-nevis:phrase:0800c8af81aa678d">Check the cable#@#@#138#g to <xref>
<ref id="KC07291138"/>
</xref>. </phrase>
</ptxt>
<para>
<ptxt>
<phrase category="" id="KC07291139" phrase-urn="urn:x-nevis:phrase:0800c8af81aa678e">Remedy as necessary.</phrase>
</ptxt>
</para>
<list1 enumtype="d" type="unordered">
<title>
<phrase category="" id="KC07291140" phrase-urn="urn:x-nevis:phrase:0800c8af81aa678f">Other information:</phrase>
</title>
<item>
<ptxt>
<phrase category="" id="KC07291141" phrase-urn="urn:x-nevis:phrase:0800c8af81aa6790">To check or rep#@#@#29# see <xref>
<ref id="KC07291142"/>
</xref>.</phrase>
</ptxt>
</item>
</list1>
<diaglist>
<dgraphic>
<dgraphic2>
<graphic id="KC07291143">
<href>0900c8af80054d4#@#@#9#.jpeg</href>
</graphic>
<smarttool active="auto" id="KC07291144" toolname="ODA"/>
</dgraphic2>
</dgraphic>
<ditem>
<ditemtext>
<ptxt>
<phrase category="" id="KC07291145" phrase-urn="urn:x-nevis:phrase:0800c8af81aa6791"/>
</ptxt>
</ditemtext>
</ditem>
</diaglist>
</test2>
</test1>
<question>Select "Continue".</question>
<resact-grp>
<result button="cont" comp="button" highlight="0"/>
<action j2008use="1" paperuse="0" screenuse="1">
<ptxt>
<xref>
<ref id="KC07291146"/>
</xref>
</ptxt>
</action>
<action j2008use="0" paperuse="1" screenuse="0">
<return value="DONE"/>
</action>
</resact-grp>
</node>
</testgrp>
<testgrp id="KC01465563" j2008use="1" paperuse="0" resumable="1" screenuse="1" testgrp-id="info2" x="440" y="80">
<title>
<phrase category="" id="KC07291147" phrase-urn="urn:x-nevis:phrase:0800c8af81aa6792">Fault-tracing i#@#@#5#ation</phrase>
</title>
<subcalloutnode>
<diagcallout>
<xref>
<ref id="KC07291148"/>
</xref>
</diagcallout>
<rescall-grp>
<result comp="string" highlight="0" op="eq" return="NEW TRY"/>
<calloutaction>
<ptxt>
<xref>
<ref id="KC07291149"/>
</xref>
</ptxt>
</calloutaction>
</rescall-grp>
<rescall-grp>
<result comp="string" highlight="0" op="eq" return="FAULT FOUND"/>
<calloutaction>
<return value="DONE"/>
</calloutaction>
</rescall-grp>
</subcalloutnode>
</testgrp>
</diagnostic>
</servinfosub>