<?xml version="1.0" encoding="UTF-8"?><servinfosub IE-ID="en-US0900c8af85a4400d" docno="VCC-296416" id="nev11970282n1" original="sv-SE" servinfosubId="nev20688259n1-nev20688259n2" servinfosubRes="0900c8af862c3830" servinfosubRes2="urn:x-nevis:fragment:0900c8af85a4400d:0900c8af862c3830#nev20688259n2" xml:lang="en-US">
<title id="nev11970282n2">System overview</title>
<topic id="nev20688259n1-nev11983804n250">
<title id="nev20688259n1-nev11983804n249">Control module</title>
<grate id="nev20688259n1-nev11983804n248" pgwide="1">
<graphic id="nev20688259n1-nev11983804n247">
<href>0900c8af81d9ada#@#@#9#.jpeg</href>
</graphic>
</grate>
<list1 enumtype="d" id="nev20688259n1-nev11983804n243" type="unordered">
<title id="nev20688259n1-nev11983804n240">The engine cont#@#@#62#ions:</title>
<item id="nev20688259n1-nev11983804n242">
<ptxt id="nev20688259n1-nev11983804n241">fuel injectors</ptxt>
</item>
<item id="nev20688259n1-nev11983804n239">
<ptxt id="nev20688259n1-nev11983804n238">ignition</ptxt>
</item>
<item id="nev20688259n1-nev11983804n237">
<ptxt id="nev20688259n1-nev11983804n236">camshafts (CVVT)</ptxt>
</item>
<item id="nev20688259n1-nev11983804n235">
<ptxt id="nev20688259n1-nev11983804n234">Evaporative emi#@#@#20#valve</ptxt>
</item>
<item id="nev20688259n1-nev11983804n233">
<ptxt id="nev20688259n1-nev11983804n232">throttle angle</ptxt>
</item>
<item id="nev20688259n1-nev11983804n231">
<ptxt id="nev20688259n1-nev11983804n230">engine cooling #@#@#3# (FC)</ptxt>
</item>
<item id="nev20688259n1-nev11983804n229">
<ptxt id="nev20688259n1-nev11983804n228">air conditionin#@#@#14#ssor.</ptxt>
</item>
<item id="nev20688259n1-nev11983804n227">
<ptxt id="nev20688259n1-nev11983804n226">fuel pump</ptxt>
</item>
<item id="nev20688259n1-nev11983804n225">
<ptxt id="nev20688259n1-nev11983804n224">Variable intake#@#@#2#ystem</ptxt>
</item>
<item id="nev20688259n1-nev11983804n223">
<ptxt id="nev20688259n1-nev11983804n222">variable camsha#@#@#6#file.</ptxt>
</item>
</list1>
<para id="nev20688259n1-nev11983804n221">
<ptxt id="nev20688259n1-nev11983804n220">The engine cont#@#@#47#ge (U<sub id="nev20688259n1-nev11983804n219">bat</sub>) via fuses in #@#@#93#ment.</ptxt>
<ptxt id="nev20688259n1-nev11983804n218">To prevent cert#@#@#217#ment.</ptxt>
<ptxt id="nev20688259n1-nev11983804n217">The control mod#@#@#81#rret.</ptxt>
</para>
<para id="nev20688259n1-nev11983804n216">
<ptxt id="nev20688259n1-nev11983804n215">The engine cont#@#@#130#h as:</ptxt>
</para>
<list1 enumtype="d" id="nev20688259n1-nev11983804n214" type="unordered">
<item id="nev20688259n1-nev11983804n213">
<ptxt id="nev20688259n1-nev11983804n212">Analog/Digital #@#@#4#erter</ptxt>
</item>
<item id="nev20688259n1-nev11983804n211">
<ptxt id="nev20688259n1-nev11983804n210">Digital/Analog #@#@#4#erter</ptxt>
</item>
<item id="nev20688259n1-nev11983804n209">
<ptxt id="nev20688259n1-nev11983804n208">Micro-processor.</ptxt>
</item>
</list1>
<para id="nev20688259n1-nev11983804n207">
<ptxt id="nev20688259n1-nev11983804n206">Functions which#@#@#20#er (U<sub id="nev20688259n1-nev11983804n205">bat</sub>) and high outp#@#@#233#ECM).</ptxt>
</para>
<para id="nev20688259n1-nev11983804n204">
<ptxt id="nev20688259n1-nev11983804n203">The micro-proce#@#@#264#lled.</ptxt>
</para>
<para id="nev20688259n1-nev11983804n202">
<ptxt id="nev20688259n1-nev11983804n201">The engine cont#@#@#192#els).</ptxt>
</para>
<para id="nev20688259n1-nev11983804n200">
<ptxt id="nev20688259n1-nev11983804n199">Emissions are k#@#@#225#ents.</ptxt>
</para>
<para id="nev20688259n1-nev11983804n198">
<ptxt id="nev20688259n1-nev11983804n197">The Engine cont#@#@#68#over.</ptxt>
</para>
<para id="nev20688259n1-nev11983804n196">
<ptxt id="nev20688259n1-nev11983804n195">The engine cont#@#@#123#tion.</ptxt>
</para>
<para id="nev20688259n1-nev11983804n194">
<ptxt id="nev20688259n1-nev11983804n193">The engine cont#@#@#319#ited.</ptxt>
</para>
<list1 enumtype="d" id="nev20688259n1-nev11983804n192" type="unordered">
<title id="nev20688259n1-nev11983804n189">For example, su#@#@#26# for:</title>
<item id="nev20688259n1-nev11983804n191">
<ptxt id="nev20688259n1-nev11983804n190">engine coolant #@#@#19#ensor</ptxt>
</item>
<item id="nev20688259n1-nev11983804n188">
<ptxt id="nev20688259n1-nev11983804n187">Mass air flow (#@#@#6#ensor</ptxt>
</item>
<item id="nev20688259n1-nev11983804n186">
<ptxt id="nev20688259n1-nev11983804n185">throttle positi#@#@#9#ensor</ptxt>
</item>
<item id="nev20688259n1-nev11983804n184">
<ptxt id="nev20688259n1-nev11983804n183">air pressure</ptxt>
</item>
<item id="nev20688259n1-nev11983804n182">
<ptxt id="nev20688259n1-nev11983804n181">fuel pressure.</ptxt>
</item>
</list1>
<para id="nev20688259n1-nev11983804n179">
<ptxt id="nev20688259n1-nev11983804n178">Mathematical ca#@#@#175#ECM).</ptxt>
<ptxt id="nev20688259n1-nev11983804n177">The substitute #@#@#149#ning.</ptxt>
</para>
<list1 enumtype="d" id="nev20688259n1-nev11983804n176" type="unordered">
<title id="nev20688259n1-nev11983804n174">Functions which#@#@#27#mple:</title>
<item id="nev20688259n1-nev11983804n175">
<ptxt id="nev20688259n1-nev11983804n173">camshaft contro#@#@#3#CVVT)</ptxt>
</item>
<item id="nev20688259n1-nev11983804n172">
<ptxt id="nev20688259n1-nev11983804n171">fuel trim</ptxt>
</item>
<item id="nev20688259n1-nev11983804n170">
<ptxt id="nev20688259n1-nev11983804n169">throttle angle</ptxt>
</item>
<item id="nev20688259n1-nev11983804n168">
<ptxt id="nev20688259n1-nev11983804n167">fuel pressure r#@#@#5#tion.</ptxt>
</item>
</list1>
<para id="nev20688259n1-nev11983804n166">
<ptxt id="nev20688259n1-nev11983804n165">The substitute #@#@#176#gle).</ptxt>
</para>
<para id="nev20688259n1-nev11983804n164">
<ptxt id="nev20688259n1-nev11983804n163">Any diagnostic #@#@#167#icle.</ptxt>
</para>
</topic>
<topic id="nev20688259n1-nev11984541n244">
<title id="nev20688259n1-nev11984541n243">Signals</title>
<para id="nev20688259n1-nev11984541n236">
<ptxt id="nev20688259n1-nev11984541n235">The table below#@#@#260#ions.</ptxt>
</para>
<table frame="all" id="nev20688259n1-nev11984541n228" pgwide="1">
<tgroup cols="2" id="nev20688259n1-nev11984541n224">
<colspec colname="col1" colwidth="50*" id="nev20688259n1-nev11984541n220"/>
<colspec colname="col2" colwidth="50*" id="nev20688259n1-nev11984541n216"/>
<tbody id="nev20688259n1-nev11984541n212">
<row id="nev20688259n1-nev11984541n208">
<entry id="nev20688259n1-nev11984541n204" rowsep="1">
<title id="nev20688259n1-nev11984541n107">Input signals</title>
</entry>
<entry id="nev20688259n1-nev11984541n200" rowsep="1">
<title id="nev20688259n1-nev11984541n103">Output signals</title>
</entry>
</row>
<row id="nev20688259n1-nev11984541n196">
<entry id="nev20688259n1-nev11984541n192" rowsep="0">
<ptxt id="nev20688259n1-nev11984541n122">
<emph id="nev20688259n1-nev11984541n99">Directly connected:</emph>
</ptxt>
</entry>
<entry id="nev20688259n1-nev11984541n188" rowsep="0">
<ptxt id="nev20688259n1-nev11984541n121">
<emph id="nev20688259n1-nev11984541n83">Directly connected:</emph>
</ptxt>
</entry>
</row>
<row id="nev20688259n1-nev11984541n184">
<entry id="nev20688259n1-nev11984541n180">
<list1 enumtype="d" id="nev20688259n1-nev11984541n71" type="unordered">
<item id="nev20688259n1-nev11984541n70">
<ptxt id="nev20688259n1-nev11984541n63">Ignition switch#@#@#1#(3/1)</ptxt>
</item>
<item id="nev20688259n1-nev11984541n62">
<ptxt id="nev20688259n1-nev11984541n61">Air conditionin#@#@#24#(7/8)</ptxt>
</item>
<item id="nev20688259n1-nev11984541n57">
<ptxt id="nev20688259n1-nev11984541n56">Brake light swi#@#@#47#(3/9)</ptxt>
</item>
<item id="nev20688259n1-nev11984541n52">
<ptxt id="nev20688259n1-nev11984541n51">Accelerator ped#@#@#25#7/51)</ptxt>
</item>
<item id="nev20688259n1-nev11984541n47">
<ptxt id="nev20688259n1-nev11984541n46">Electronic thro#@#@#12#/120)</ptxt>
</item>
<item id="nev20688259n1-nev11984541n42">
<ptxt id="nev20688259n1-nev11984541n41">Camshaft positi#@#@#20#/172)</ptxt>
</item>
<item id="nev20688259n1-nev11984541n37">
<ptxt id="nev20688259n1-nev11984541n36">Camshaft positi#@#@#21#/173)</ptxt>
</item>
<item id="nev20688259n1-nev11984541n32">
<ptxt id="nev20688259n1-nev11984541n31">Engine coolant #@#@#26#7/16)</ptxt>
</item>
<item id="nev20688259n1-nev11984541n27">
<ptxt id="nev20688259n1-nev11984541n26">Engine speed (R#@#@#12#7/25)</ptxt>
</item>
<item id="nev20688259n1-nev11984541n22">
<ptxt id="nev20688259n1-nev11984541n21">Fuel pressure s#@#@#34#/156)</ptxt>
</item>
<item id="nev20688259n1-nev11984541n17">
<ptxt id="nev20688259n1-nev11984541n16">Knock sensor (K#@#@#7#3-24)</ptxt>
</item>
<item id="nev20688259n1-nev11984541n12">
<ptxt id="nev20688259n1-nev11984541n11">Mass air flow (#@#@#36#7/17)</ptxt>
</item>
<item id="nev20688259n1-nev11984541n7">
<ptxt id="nev20688259n1-nev11984541n6">Manifold absolu#@#@#26#7/81)</ptxt>
</item>
<item id="nev20688259n1-nev11984541n2">
<ptxt id="nev20688259n1-nev11984541n1">Front oxygen se#@#@#14#7/15)</ptxt>
</item>
<item id="nev20688259n1-nev11984590n247">
<ptxt id="nev20688259n1-nev11984590n246">Front oxygen se#@#@#14#7/82)</ptxt>
</item>
<item id="nev20688259n1-nev11984590n242">
<ptxt id="nev20688259n1-nev11984590n241">Rear oxygen sen#@#@#14#/103)</ptxt>
</item>
<item id="nev20688259n1-nev11984590n237">
<ptxt id="nev20688259n1-nev11984590n236">Rear oxygen sen#@#@#14#/104)</ptxt>
</item>
<item id="nev20688259n1-nev11984590n232">
<ptxt id="nev20688259n1-nev11984590n231">Oil level senso#@#@#3#7/35)</ptxt>
</item>
<item id="nev20688259n1-nev11984590n227">
<ptxt id="nev20688259n1-nev11984590n226">Outside tempera#@#@#13#6/62)</ptxt>
</item>
<item id="nev20688259n1-nev11984590n222">
<ptxt id="nev20688259n1-nev11984590n221">Ignition coils #@#@#3#/3-8)</ptxt>
</item>
<item id="nev20688259n1-nev11984590n217">
<ptxt id="nev20688259n1-nev11984590n216">Engine cooling #@#@#25#4/71)</ptxt>
</item>
<item id="nev20688259n1-nev11984590n212">
<ptxt id="nev20688259n1-nev11984590n211">Leak diagnostic#@#@#32#nly).</ptxt>
</item>
<item id="nev20688259n1-nev11984590n207">
<ptxt id="nev20688259n1-nev11984590n206">Gear position s#@#@#77#/28))</ptxt>
</item>
<item id="nev20688259n1-nev11984590n202">
<ptxt id="nev20688259n1-nev11984590n201">Engine coolant #@#@#14#7/73)</ptxt>
</item>
</list1>
</entry>
<entry id="nev20688259n1-nev11984541n176">
<list1 enumtype="d" id="nev20688259n1-nev11984590n197" type="unordered">
<item id="nev20688259n1-nev11984590n196">
<ptxt id="nev20688259n1-nev11984590n195">Air conditionin#@#@#15#2/22)</ptxt>
</item>
<item id="nev20688259n1-nev11984590n194">
<ptxt id="nev20688259n1-nev11984590n193">Air conditionin#@#@#19#(8/3)</ptxt>
</item>
<item id="nev20688259n1-nev11984590n192">
<ptxt id="nev20688259n1-nev11984590n191">Electronic thro#@#@#12#/120)</ptxt>
</item>
<item id="nev20688259n1-nev11984590n190">
<ptxt id="nev20688259n1-nev11984590n189">Engine cooling #@#@#25#4/71)</ptxt>
</item>
<item id="nev20688259n1-nev11984590n188">
<ptxt id="nev20688259n1-nev11984590n187">Evaporative emi#@#@#27#8/18)</ptxt>
</item>
<item id="nev20688259n1-nev11984590n186">
<ptxt id="nev20688259n1-nev11984590n185">Injectors (8/6-11)</ptxt>
</item>
<item id="nev20688259n1-nev11984590n184">
<ptxt id="nev20688259n1-nev11984590n183">Fuel pump (FP) #@#@#16#4/83)</ptxt>
</item>
<item id="nev20688259n1-nev11984590n182">
<ptxt id="nev20688259n1-nev11984590n181">Ignition coils #@#@#3#/3-8)</ptxt>
</item>
<item id="nev20688259n1-nev11984590n180">
<ptxt id="nev20688259n1-nev11984590n179">Leak diagnostic#@#@#32#nly).</ptxt>
</item>
<item id="nev20688259n1-nev11984590n178">
<ptxt id="nev20688259n1-nev11984590n177">Front oxygen se#@#@#25#7/15)</ptxt>
</item>
<item id="nev20688259n1-nev11984590n176">
<ptxt id="nev20688259n1-nev11984590n175">Front oxygen se#@#@#25#7/82)</ptxt>
</item>
<item id="nev20688259n1-nev11984590n174">
<ptxt id="nev20688259n1-nev11984590n173">Rear oxygen sen#@#@#25#/103)</ptxt>
</item>
<item id="nev20688259n1-nev11984590n172">
<ptxt id="nev20688259n1-nev11984590n171">Rear oxygen sen#@#@#25#/104)</ptxt>
</item>
<item id="nev20688259n1-nev11984590n170">
<ptxt id="nev20688259n1-nev11984590n169">Main relay (sys#@#@#12#2/32)</ptxt>
</item>
<item id="nev20688259n1-nev11984590n168">
<ptxt id="nev20688259n1-nev11984590n167">Starter motor r#@#@#6#2/35)</ptxt>
</item>
<item id="nev20688259n1-nev11984590n166">
<ptxt id="nev20688259n1-nev11984590n165">Camshaft reset #@#@#22#8/19)</ptxt>
</item>
<item id="nev20688259n1-nev11984590n164">
<ptxt id="nev20688259n1-nev11984590n163">Emissions warni#@#@#8#(5/1)</ptxt>
</item>
<item id="nev20688259n1-nev11984590n162">
<ptxt id="nev20688259n1-nev11984590n161">Actuator variab#@#@#28#/139)</ptxt>
</item>
<item id="nev20688259n1-nev11984590n160">
<ptxt id="nev20688259n1-nev11984590n159">Actuator variab#@#@#28#/140)</ptxt>
</item>
<item id="nev20688259n1-nev11984590n158">
<ptxt id="nev20688259n1-nev11984590n157">Cam profile sol#@#@#17#/125)</ptxt>
</item>
<item id="nev20688259n1-nev11984590n156">
<ptxt id="nev20688259n1-nev11984590n155">Cam profile sol#@#@#17#/126)</ptxt>
</item>
</list1>
</entry>
</row>
<row id="nev20688259n1-nev11984541n172">
<entry id="nev20688259n1-nev11984541n168" rowsep="0">
<ptxt id="nev20688259n1-nev11984541n118">
<emph id="nev20688259n1-nev11984541n95">Via LIN communi#@#@#2#tion:</emph>
</ptxt>
</entry>
<entry id="nev20688259n1-nev11984541n164" rowsep="0">
<ptxt id="nev20688259n1-nev11984541n117">
<emph id="nev20688259n1-nev11984541n79">Via LIN communi#@#@#2#tion:</emph>
</ptxt>
</entry>
</row>
<row id="nev20688259n1-nev11984541n160">
<entry id="nev20688259n1-nev11984541n156">
<list1 enumtype="d" id="nev20688259n1-nev11984590n142" type="unordered">
<item id="nev20688259n1-nev11984590n141">
<ptxt id="nev20688259n1-nev11984590n134">
<emph id="nev20688259n1-nev11984590n118">Alternator cont#@#@#19#/26):</emph>
</ptxt>
</item>
<list2 enumtype="b" id="nev20688259n1-nev11984590n130" type="unordered">
<item id="nev20688259n1-nev11984590n129">
<ptxt id="nev20688259n1-nev11984590n122">fault status</ptxt>
</item>
<item id="nev20688259n1-nev11984590n117">
<ptxt id="nev20688259n1-nev11984590n116">magnetization f#@#@#6#rging</ptxt>
</item>
</list2>
</list1>
</entry>
<entry id="nev20688259n1-nev11984541n152">
<list1 enumtype="d" id="nev20688259n1-nev11984590n112" type="unordered">
<item id="nev20688259n1-nev11984590n111">
<ptxt id="nev20688259n1-nev11984590n110">
<emph id="nev20688259n1-nev11984590n109">Alternator cont#@#@#19#/26):</emph>
</ptxt>
</item>
<list2 enumtype="b" id="nev20688259n1-nev11984590n108" type="unordered">
<item id="nev20688259n1-nev11984590n107">
<ptxt id="nev20688259n1-nev11984590n106">requested volta#@#@#11#ging.</ptxt>
</item>
</list2>
</list1>
</entry>
</row>
<row id="nev20688259n1-nev11984541n148">
<entry id="nev20688259n1-nev11984541n144" rowsep="0">
<ptxt id="nev20688259n1-nev11984541n114">
<emph id="nev20688259n1-nev11984541n91">Via CAN communi#@#@#2#tion:</emph>
</ptxt>
</entry>
<entry id="nev20688259n1-nev11984541n140" rowsep="0">
<ptxt id="nev20688259n1-nev11984541n113">
<emph id="nev20688259n1-nev11984541n75">Via CAN communi#@#@#2#tion:</emph>
</ptxt>
</entry>
</row>
<row id="nev20688259n1-nev11984541n136">
<entry id="nev20688259n1-nev11984541n132">
<list1 enumtype="d" id="nev20688259n1-nev11984590n100" type="unordered">
<item id="nev20688259n1-nev11984590n99">
<ptxt id="nev20688259n1-nev11984590n98">
<emph id="nev20688259n1-nev11984590n97">Central electro#@#@#19#/56):</emph>
</ptxt>
</item>
<list2 enumtype="b" id="nev20688259n1-nev11984590n96" type="unordered">
<item id="nev20688259n1-nev11984590n93">
<ptxt id="nev20688259n1-nev11984590n92">quantity of fue#@#@#8# tank</ptxt>
</item>
<item id="nev20688259n1-nev11984590n76">
<ptxt id="nev20688259n1-nev11984590n75">start function #@#@#5#iting</ptxt>
</item>
<item id="nev20688259n1-nev11984590n74">
<ptxt id="nev20688259n1-nev11984590n73">the time since #@#@#22#d off</ptxt>
</item>
<item id="nev20688259n1-nev11984590n69">
<ptxt id="nev20688259n1-nev11984590n68">request for inc#@#@#12#speed</ptxt>
</item>
<item id="nev20688259n1-nev11984590n67">
<ptxt id="nev20688259n1-nev11984590n66">request for bat#@#@#8#rging</ptxt>
</item>
<item id="nev20688259n1-nev11984590n62">
<ptxt id="nev20688259n1-nev11984590n61">charging status</ptxt>
</item>
<item id="nev20688259n1-nev11984590n60">
<ptxt id="nev20688259n1-nev11984590n59">request for cru#@#@#6#ntrol</ptxt>
</item>
<item id="nev20688259n1-nev11984590n55">
<ptxt id="nev20688259n1-nev11984590n54">steering angle</ptxt>
</item>
<item id="nev20688259n1-nev11984590n53">
<ptxt id="nev20688259n1-nev11984590n52">status engine h#@#@#9#/off)</ptxt>
</item>
</list2>
<item id="nev20688259n1-nev11984922n87">
<ptxt id="nev20688259n1-nev11984922n86">
<emph id="nev20688259n1-nev11984922n85">Brake control m#@#@#14#/16):</emph>
</ptxt>
</item>
<list2 enumtype="b" id="nev20688259n1-nev11984922n84" type="unordered">
<item id="nev20688259n1-nev11984922n83">
<ptxt id="nev20688259n1-nev11984922n82">status brake pedal</ptxt>
</item>
<item id="nev20688259n1-nev11984922n81">
<ptxt id="nev20688259n1-nev11984922n80">vehicle speed</ptxt>
</item>
<item id="nev20688259n1-nev11984922n79">
<ptxt id="nev20688259n1-nev11984922n78">active control #@#@#3#ction</ptxt>
</item>
<item id="nev20688259n1-nev11984922n77">
<ptxt id="nev20688259n1-nev11984922n76">front wheel spi#@#@#20#oads”</ptxt>
</item>
<item id="nev20688259n1-nev11984922n75">
<ptxt id="nev20688259n1-nev11984922n74">torque limiting#@#@#3#quest</ptxt>
</item>
</list2>
<item id="nev20688259n1-nev11984922n69">
<ptxt id="nev20688259n1-nev11984922n68">
<emph id="nev20688259n1-nev11984922n67">Climate control#@#@#17#112):</emph>
</ptxt>
</item>
<list2 enumtype="b" id="nev20688259n1-nev11984922n66" type="unordered">
<item id="nev20688259n1-nev11984922n65">
<ptxt id="nev20688259n1-nev11984922n64">air conditionin#@#@#21#quest</ptxt>
</item>
<item id="nev20688259n1-nev11984922n63">
<ptxt id="nev20688259n1-nev11984922n62">request for inc#@#@#11#speed</ptxt>
</item>
<item id="nev20688259n1-nev11984922n61">
<ptxt id="nev20688259n1-nev11984922n60">request for low#@#@#19#speed</ptxt>
</item>
<item id="nev20688259n1-nev11984922n59">
<ptxt id="nev20688259n1-nev11984922n58">evaporator temp#@#@#2#ature</ptxt>
</item>
</list2>
<item id="nev20688259n1-nev11984922n54">
<ptxt id="nev20688259n1-nev11984922n53">
<emph id="nev20688259n1-nev11984922n52">Transmission co#@#@#21#/28):</emph>
</ptxt>
</item>
<list2 enumtype="b" id="nev20688259n1-nev11984922n51" type="unordered">
<item id="nev20688259n1-nev11984922n50">
<ptxt id="nev20688259n1-nev11984922n49">vehicle speed</ptxt>
</item>
<item id="nev20688259n1-nev11984922n48">
<ptxt id="nev20688259n1-nev11984922n47">torque limiting#@#@#3#quest</ptxt>
</item>
<item id="nev20688259n1-nev11984922n46">
<ptxt id="nev20688259n1-nev11984922n45">transmission oi#@#@#8#ature</ptxt>
</item>
<item id="nev20688259n1-nev11984922n44">
<ptxt id="nev20688259n1-nev11984922n43">gear position</ptxt>
</item>
<item id="nev20688259n1-nev11984922n42">
<ptxt id="nev20688259n1-nev11984922n41">status gear pos#@#@#25#aged)</ptxt>
</item>
<item id="nev20688259n1-nev11984922n40">
<ptxt id="nev20688259n1-nev11984922n39">"Lock-up" statu#@#@#17#aged)</ptxt>
</item>
<item id="nev20688259n1-nev11984922n38">
<ptxt id="nev20688259n1-nev11984922n37">request for low#@#@#19#speed</ptxt>
</item>
<item id="nev20688259n1-nev11984922n36">
<ptxt id="nev20688259n1-nev11984922n35">gear ratio</ptxt>
</item>
<item id="nev20688259n1-nev11984922n34">
<ptxt id="nev20688259n1-nev11984922n33">torque loss in #@#@#7#ssion</ptxt>
</item>
</list2>
<item id="nev20688259n1-nev11984922n29">
<ptxt id="nev20688259n1-nev11984922n28">
<emph id="nev20688259n1-nev11984922n27">Rear electronic#@#@#16#/58).</emph>
</ptxt>
</item>
<item id="nev20688259n1-nev11984922n23">
<ptxt id="nev20688259n1-nev11984922n22">
<emph id="nev20688259n1-nev11984922n21">Steering wheel #@#@#16#254).</emph>
</ptxt>
</item>
</list1>
</entry>
<entry id="nev20688259n1-nev11984541n128">
<list1 enumtype="d" id="nev20688259n1-nev11984590n88" type="unordered">
<item id="nev20688259n1-nev11984590n87">
<ptxt id="nev20688259n1-nev11984590n86">
<emph id="nev20688259n1-nev11984590n85">Central electro#@#@#19#/56):</emph>
</ptxt>
</item>
<list2 enumtype="b" id="nev20688259n1-nev11984590n84" type="unordered">
<item id="nev20688259n1-nev11984590n83">
<ptxt id="nev20688259n1-nev11984590n82">outside temperature</ptxt>
</item>
<item id="nev20688259n1-nev11984590n81">
<ptxt id="nev20688259n1-nev11984590n80">request for fue#@#@#6# (FP)</ptxt>
</item>
<item id="nev20688259n1-nev11984590n48">
<ptxt id="nev20688259n1-nev11984590n47">engine speed</ptxt>
</item>
<item id="nev20688259n1-nev11984590n46">
<ptxt id="nev20688259n1-nev11984590n45">load</ptxt>
</item>
<item id="nev20688259n1-nev11985065n144">
<ptxt id="nev20688259n1-nev11985065n143">request for the#@#@#38#e lit</ptxt>
</item>
<item id="nev20688259n1-nev11985065n142">
<ptxt id="nev20688259n1-nev11985065n141">engine status (#@#@#2#/off)</ptxt>
</item>
<item id="nev20688259n1-nev11985065n137">
<ptxt id="nev20688259n1-nev11985065n136">immobilizer codes</ptxt>
</item>
<item id="nev20688259n1-nev11985065n135">
<ptxt id="nev20688259n1-nev11985065n134">status cruise c#@#@#10#/off)</ptxt>
</item>
<item id="nev20688259n1-nev11985065n130">
<ptxt id="nev20688259n1-nev11985065n129">alternator cont#@#@#16# load</ptxt>
</item>
<item id="nev20688259n1-nev11985065n128">
<ptxt id="nev20688259n1-nev11985065n127">fault status al#@#@#24#(ACM)</ptxt>
</item>
</list2>
<item id="nev20688259n1-nev11984922n17">
<ptxt id="nev20688259n1-nev11984922n16">
<emph id="nev20688259n1-nev11984922n15">Climate control#@#@#17#112):</emph>
</ptxt>
</item>
<list2 enumtype="b" id="nev20688259n1-nev11984922n14" type="unordered">
<item id="nev20688259n1-nev11984922n13">
<ptxt id="nev20688259n1-nev11984922n12">air conditionin#@#@#20#tatus</ptxt>
</item>
<item id="nev20688259n1-nev11984922n11">
<ptxt id="nev20688259n1-nev11984922n10">atmospheric pressure</ptxt>
</item>
<item id="nev20688259n1-nev11984922n9">
<ptxt id="nev20688259n1-nev11984922n8">engine coolant #@#@#12#(ECT)</ptxt>
</item>
<item id="nev20688259n1-nev11984922n7">
<ptxt id="nev20688259n1-nev11984922n6">engine speed</ptxt>
</item>
<item id="nev20688259n1-nev11985065n123">
<ptxt id="nev20688259n1-nev11985065n122">engine status (#@#@#2#/off)</ptxt>
</item>
</list2>
<item id="nev20688259n1-nev11984922n2">
<ptxt id="nev20688259n1-nev11984922n1">
<emph id="nev20688259n1-nev11985065n250">Transmission co#@#@#21#/28):</emph>
</ptxt>
</item>
<list2 enumtype="b" id="nev20688259n1-nev11985065n249" type="unordered">
<item id="nev20688259n1-nev11985065n248">
<ptxt id="nev20688259n1-nev11985065n247">gear position</ptxt>
</item>
<item id="nev20688259n1-nev11985065n246">
<ptxt id="nev20688259n1-nev11985065n245">load</ptxt>
</item>
<item id="nev20688259n1-nev11985065n244">
<ptxt id="nev20688259n1-nev11985065n243">status cruise c#@#@#10#/off)</ptxt>
</item>
<item id="nev20688259n1-nev11985065n242">
<ptxt id="nev20688259n1-nev11985065n241">engine coolant #@#@#12#(ECT)</ptxt>
</item>
<item id="nev20688259n1-nev11985065n118">
<ptxt id="nev20688259n1-nev11985065n117">engine speed</ptxt>
</item>
<item id="nev20688259n1-nev11985065n116">
<ptxt id="nev20688259n1-nev11985065n115">accelerator ped#@#@#6#ition</ptxt>
</item>
<item id="nev20688259n1-nev11985065n114">
<ptxt id="nev20688259n1-nev11985065n113">status brake pedal</ptxt>
</item>
<item id="nev20688259n1-nev11985065n112">
<ptxt id="nev20688259n1-nev11985065n111">speed set in th#@#@#11#ntrol</ptxt>
</item>
<item id="nev20688259n1-nev11985065n107">
<ptxt id="nev20688259n1-nev11985065n106">engine status (#@#@#2#/off)</ptxt>
</item>
<item id="nev20688259n1-nev11985065n105">
<ptxt id="nev20688259n1-nev11985065n104">"kickdown" request</ptxt>
</item>
</list2>
<item id="nev20688259n1-nev11985065n237">
<ptxt id="nev20688259n1-nev11985065n236">
<emph id="nev20688259n1-nev11985065n235">Driver informat#@#@#18#5/1):</emph>
</ptxt>
</item>
<list2 enumtype="b" id="nev20688259n1-nev11985065n234" type="unordered">
<item id="nev20688259n1-nev11985065n233">
<ptxt id="nev20688259n1-nev11985065n232">engine coolant #@#@#12#(ECT)</ptxt>
</item>
<item id="nev20688259n1-nev11985065n231">
<ptxt id="nev20688259n1-nev11985065n230">warning texts r#@#@#36#(ECM)</ptxt>
</item>
<item id="nev20688259n1-nev11985065n229">
<ptxt id="nev20688259n1-nev11985065n228">engine speed</ptxt>
</item>
<item id="nev20688259n1-nev11985065n227">
<ptxt id="nev20688259n1-nev11985065n226">status cruise c#@#@#10#/off)</ptxt>
</item>
<item id="nev20688259n1-nev11985065n100">
<ptxt id="nev20688259n1-nev11985065n99">calculated fuel#@#@#7#ption</ptxt>
</item>
<item id="nev20688259n1-nev11985065n98">
<ptxt id="nev20688259n1-nev11985065n97">engine status (#@#@#2#/off)</ptxt>
</item>
<item id="nev20688259n1-nev11985065n96">
<ptxt id="nev20688259n1-nev11985065n95">oil pressure status</ptxt>
</item>
<item id="nev20688259n1-nev11985065n94">
<ptxt id="nev20688259n1-nev11985065n93">oil level</ptxt>
</item>
<item id="nev20688259n1-nev11985065n89">
<ptxt id="nev20688259n1-nev11985065n88">time for service</ptxt>
</item>
</list2>
<item id="nev20688259n1-nev11985065n222">
<ptxt id="nev20688259n1-nev11985065n221">
<emph id="nev20688259n1-nev11985065n220">Brake control m#@#@#14#/16):</emph>
</ptxt>
</item>
<list2 enumtype="b" id="nev20688259n1-nev11985065n219" type="unordered">
<item id="nev20688259n1-nev11985065n218">
<ptxt id="nev20688259n1-nev11985065n217">torque after tr#@#@#5#ssion</ptxt>
</item>
<item id="nev20688259n1-nev11985065n216">
<ptxt id="nev20688259n1-nev11985065n215">engine speed</ptxt>
</item>
<item id="nev20688259n1-nev11985065n214">
<ptxt id="nev20688259n1-nev11985065n213">accelerator ped#@#@#6#ition</ptxt>
</item>
<item id="nev20688259n1-nev11985065n212">
<ptxt id="nev20688259n1-nev11985065n211">engine status (#@#@#2#/off)</ptxt>
</item>
</list2>
<item id="nev20688259n1-nev11985065n207">
<ptxt id="nev20688259n1-nev11985065n206">
<emph id="nev20688259n1-nev11985065n205">Differential el#@#@#24#/82):</emph>
</ptxt>
</item>
<list2 enumtype="b" id="nev20688259n1-nev11985065n204" type="unordered">
<item id="nev20688259n1-nev11985065n203">
<ptxt id="nev20688259n1-nev11985065n202">engine speed</ptxt>
</item>
<item id="nev20688259n1-nev11985065n201">
<ptxt id="nev20688259n1-nev11985065n200">engine torque (#@#@#6#ated)</ptxt>
</item>
<item id="nev20688259n1-nev11985065n199">
<ptxt id="nev20688259n1-nev11985065n198">accelerator ped#@#@#6#ition</ptxt>
</item>
<item id="nev20688259n1-nev11985065n197">
<ptxt id="nev20688259n1-nev11985065n196">status brake pedal</ptxt>
</item>
</list2>
<item id="nev20688259n1-nev11985065n192">
<ptxt id="nev20688259n1-nev11985065n191">
<emph id="nev20688259n1-nev11985065n190">Rear electronic#@#@#16#/58).</emph>
</ptxt>
</item>
<item id="nev20688259n1-nev11985065n177">
<ptxt id="nev20688259n1-nev11985065n176">
<emph id="nev20688259n1-nev11985065n175">Steering wheel #@#@#16#254).</emph>
</ptxt>
</item>
</list1>
</entry>
</row>
</tbody>
</tgroup>
</table>
<grate id="nev20688259n1-nev11985065n81" pgwide="1">
<graphic id="nev20688259n1-nev11985065n80">
<href>0900c8af8363403#@#@#11#.jpeg</href>
</graphic>
</grate>
<grate id="nev20688259n1-nev11985065n67" pgwide="1">
<graphic id="nev20688259n1-nev11985065n66">
<href>0900c8af8363403#@#@#11#.jpeg</href>
</graphic>
</grate>
</topic>
</servinfosub>