<?xml version="1.0" encoding="UTF-8"?><servinfosub IE-ID="en-US0900c8af8091c00d" docno="VCC-113219" id="KC02398696" xml:lang="en-US">
<title>Replacing EGR valve</title>
<procedure>
<stepgrp id="KC02439520">
<procstep id="KC02439521">
<title>Remove EGR valve</title>
<grate>
<graphic id="KC06667998">
<href>0900c8af801245a#@#@#9#.jpeg</href>
</graphic>
<graphtext>
<ptxt>Remove:</ptxt>
<list1 enumtype="d">
<item>
<ptxt>Vacuum hose (A)</ptxt>
</item>
<item>
<ptxt>Clamp air pipe #@#@#14#h (B)</ptxt>
</item>
<item>
<ptxt>2 Bolts (C). Ta#@#@#27#ifold</ptxt>
</item>
<item>
<ptxt>Venturi.</ptxt>
</item>
</list1>
</graphtext>
</grate>
</procstep>
</stepgrp>
<stepgrp id="KC02439522">
<procstep id="KC02439523">
<title>Install EGR valve</title>
<grate>
<graphic id="KC06667999">
<href>0900c8af8012459#@#@#9#.jpeg</href>
</graphic>
<graphtext>
<ptxt>Install:</ptxt>
<list1 enumtype="d">
<item>
<ptxt>Venturi (D), ac#@#@#10#cture</ptxt>
</item>
<item>
<ptxt>EGR valve. Tigh#@#@#21# (C) <emph>20 Nm</emph>
</ptxt>
</item>
<item>
<ptxt>Attach air pipe#@#@#16#p (B)</ptxt>
</item>
<item>
<ptxt>Attach vacuum h#@#@#3# (A).</ptxt>
</item>
</list1>
</graphtext>
</grate>
</procstep>
</stepgrp>
</procedure>
</servinfosub>