<?xml version="1.0" encoding="UTF-8"?><servinfosub IE-ID="en-US0900c8af8051700d" docno="VCC-125057" id="KC01626666" xml:lang="en-US">
<title>Body side, inne#@#@#7#acing</title>
<procedure>
<stepgrp>
<procstep>
<title/>
<grate>
<graphic id="KC07500982">
<href>0900c8af80128a7#@#@#9#.jpeg</href>
</graphic>
<graphtext>
<para>
<ptxt>Use holes as a #@#@#1#uide.</ptxt>
<ptxt>Cut through a hole.</ptxt>
<ptxt>Align the component.</ptxt>
<ptxt>Weld into place.</ptxt>
</para>
</graphtext>
</grate>
<grate>
<graphic id="KC07500983">
<href>0900c8af80128a9#@#@#9#.jpeg</href>
</graphic>
<graphtext>
<para>
<ptxt>Weld the bracke#@#@#40#lace.</ptxt>
</para>
<note>
<ptxt>Applies to the #@#@#15#only.</ptxt>
</note>
</graphtext>
</grate>
</procstep>
</stepgrp>
</procedure>
</servinfosub>