<?xml version="1.0" encoding="UTF-8"?><servinfosub IE-ID="en-US0900c8af85be000d" docno="VCC-371080" id="nev13717926n1" original="sv-SE" servinfosubId="nev13717927n1-nev15486933n1" servinfosubRes="0900c8af85bc724c" servinfosubRes2="urn:x-nevis:fragment:0900c8af85be000d:0900c8af85bc724c#nev15486933n1" xml:lang="en-US">
<operationnumbers>
<operationnumber>84420-2</operationnumber>
</operationnumbers>
<title id="nev13717923n92">Window, rear door</title>
<procedure id="nev13717927n1-nev15850206n54">
<stepgrp boilerplate="false" context="" id="nev13717927n1-nev18628496n98">
<title id="nev13717927n1-0800c8af844a46f6">Removal</title>
<procstep id="nev13717927n1-nev15850156n4">
<para id="nev13717927n1-nev18628496n96">
<ptxt id="nev13717927n1-nev18628496n97">Remove side win#@#@#15# door<xref boilerplate="true" id="nev13717927n1-0800c8af84eb879d">
<ref id="nev13717927n1-nev15850206n50"/>
</xref>
</ptxt>
</para>
</procstep>
<procstep id="nev13717927n1-nev15850156n11">
<grate id="nev13717927n1-nev15850206n47">
<graphic id="nev13717927n1-nev15850206n48">
<href>0900c8af84fe1c3#@#@#9#.jpeg</href>
</graphic>
</grate>
</procstep>
<procstep id="nev13717927n1-nev18628496n95">
<grate id="nev13717927n1-nev18628496n93">
<graphic id="nev13717927n1-nev18628496n94">
<href>0900c8af85bc720#@#@#9#.jpeg</href>
</graphic>
</grate>
</procstep>
<procstep id="nev13717927n1-nev18628496n92">
<grate id="nev13717927n1-nev18628496n90">
<graphic id="nev13717927n1-nev18628496n91">
<href>0900c8af85bc722#@#@#9#.jpeg</href>
</graphic>
</grate>
</procstep>
</stepgrp>
<stepgrp boilerplate="false" context="" id="nev13717927n1-nev18628496n89">
<title id="nev13717927n1-0800c8af844a46f9">Installation</title>
<procstep id="nev13717927n1-nev15850206n66">
<para id="nev13717927n1-nev18628496n87">
<ptxt id="nev13717927n1-nev18628496n88">To install, rev#@#@#22#dure.</ptxt>
</para>
</procstep>
</stepgrp>
</procedure>
</servinfosub>