<?xml version="1.0" encoding="UTF-8"?><servinfosub IE-ID="en-US0900c8af844d6e09" docno="VCC-370985" id="nev13717579n1" original="sv-SE" servinfosubId="nev13717580n1-nev13717579n4" servinfosubRes="0900c8af844d6e0b" servinfosubRes2="urn:x-nevis:fragment:0900c8af844d6e09:0900c8af844d6e0b#nev13717579n4" xml:lang="en-US">
<title id="nev13717578n30">Outer tailgate/#@#@#11#andle</title>
<procedure id="nev13717580n1-nev13717578n37">
<note id="nev13717580n1-nev13717578n38">
<ptxt id="nev13717580n1-nev13717578n39">The illustratio#@#@#176#rect.</ptxt>
</note>
<stepgrp id="nev13717580n1-nev13717578n31">
<title id="nev13717580n1-nev13717578n40">Removal</title>
<procstep id="nev13717580n1-nev13717578n32">
<title id="nev13717580n1-nev13717578n41">Removing the ta#@#@#14#andle</title>
<para id="nev13717580n1-nev13717578n42">
<ptxt id="nev13717580n1-nev13717578n43">Open the trunk lid</ptxt>
</para>
<grate id="nev13717580n1-nev13717578n44">
<graphic id="nev13717580n1-nev13717578n33">
<href>0900c8af80445a1#@#@#9#.jpeg</href>
</graphic>
<graphtext id="nev13717580n1-nev13717578n45">
<list1 enumtype="d" id="nev13717580n1-nev13717578n46" type="unordered">
<title id="nev13717580n1-nev13717578n47">Remove:</title>
<item id="nev13717580n1-nev13717578n48">
<ptxt id="nev13717580n1-nev13717578n49">the 4 screws</ptxt>
</item>
<item id="nev13717580n1-nev13717578n50">
<ptxt id="nev13717580n1-nev13717578n51">the 1 connector (1)</ptxt>
</item>
<item id="nev13717580n1-nev13717578n52">
<ptxt id="nev13717580n1-nev13717578n53">the handle.</ptxt>
</item>
</list1>
</graphtext>
</grate>
</procstep>
</stepgrp>
<stepgrp id="nev13717580n1-nev13717578n34">
<title id="nev13717580n1-nev13717578n54">Installation</title>
<procstep id="nev13717580n1-nev13717578n35">
<title id="nev13717580n1-nev13717578n55">Installing the #@#@#16#andle</title>
<list1 enumtype="d" id="nev13717580n1-nev13717578n56" type="unordered">
<title id="nev13717580n1-nev13717578n57">Install:</title>
<item id="nev13717580n1-nev13717578n58">
<ptxt id="nev13717580n1-nev13717578n59">the connector</ptxt>
</item>
<item id="nev13717580n1-nev13717578n60">
<ptxt id="nev13717580n1-nev13717578n61">the handle usin#@#@#25#See: <xref id="nev13717580n1-nev13717578n62">
<ref id="nev13717580n1-nev13717578n36"/>
</xref>.</ptxt>
</item>
</list1>
</procstep>
</stepgrp>
</procedure>
</servinfosub>