<?xml version="1.0" encoding="UTF-8"?><script xmlns:nevis="http://www.volvocars.com/namespaces/processing" xmlns:xlink="http://www.w3.org/1999/xlink" IE-ID="en-US0900c8af841c8e09" docno="VCC-343571" id="nev13288108n1" nevis:expl-profile="mdl544yr2008tmn50, mdl545yr2008tmn50, mdl533yr2008tmn50, mdl533yr2009tmn50, mdl544yr2009tmn50, mdl545yr2009tmn50, mdl542yr2009tmn50, mdl544yr2010tmn50, mdl545yr2010tmn50, mdl542yr2010tmn50, mdl533yr2010tmn50, mdl544yr2011tmn50, mdl545yr2011tmn50, mdl533yr2011tmn50, mdl544yr2012tmn50, mdl545yr2012tmn50, mdl533yr2012tmn50, mdl533yr2013tmn50" nevis:profile="urn:x-nevis:profile:0b00c8af839eacb3 urn:x-nevis:profile:0b00c8af839eaf4d urn:x-nevis:profile:0b00c8af83aff928 urn:x-nevis:profile:0b00c8af83f19e6d urn:x-nevis:profile:0b00c8af83f1a539 urn:x-nevis:profile:0b00c8af83f1a8e7 urn:x-nevis:profile:0b00c8af83f1af91 urn:x-nevis:profile:0b00c8af8414dfc1 urn:x-nevis:profile:0b00c8af8414e28f urn:x-nevis:profile:0b00c8af841550ae urn:x-nevis:profile:0b00c8af841552c2 urn:x-nevis:profile:0b00c8af84ad45bf urn:x-nevis:profile:0b00c8af84adc5de urn:x-nevis:profile:0b00c8af84adc85a urn:x-nevis:profile:0b00c8af84eb83c0 urn:x-nevis:profile:0b00c8af84eb855b urn:x-nevis:profile:0b00c8af84ebe797 urn:x-nevis:profile:0b00c8af85227828" nevis:projectdocument="urn:x-nevis:projectdocument:0800c8af841c8e08" nevis:resource="0900c8af841cb69a" nevis:resource2="urn:x-nevis:fragment:0900c8af841c8e09:0900c8af841cb69a#nev13288108n1" nevis:session-id="" qualifierinfotype="14:00" type="" xml:lang="en-US"><title>Status solenoider</title><content gui="1" height="375" id="nev13288108n2-nev13288109n1" nevis:expl-profile="mdl544yr2008tmn50, mdl545yr2008tmn50, mdl533yr2008tmn50, mdl533yr2009tmn50, mdl544yr2009tmn50, mdl545yr2009tmn50, mdl542yr2009tmn50, mdl544yr2010tmn50, mdl545yr2010tmn50, mdl542yr2010tmn50, mdl533yr2010tmn50, mdl544yr2011tmn50, mdl545yr2011tmn50, mdl533yr2011tmn50, mdl544yr2012tmn50, mdl545yr2012tmn50, mdl533yr2012tmn50, mdl533yr2013tmn50" nevis:idfrom="nev13288108n2" nevis:prefix="nev13288108n2" nevis:profile="urn:x-nevis:profile:0b00c8af839eacb3 urn:x-nevis:profile:0b00c8af839eaf4d urn:x-nevis:profile:0b00c8af83aff928 urn:x-nevis:profile:0b00c8af83f19e6d urn:x-nevis:profile:0b00c8af83f1a539 urn:x-nevis:profile:0b00c8af83f1a8e7 urn:x-nevis:profile:0b00c8af83f1af91 urn:x-nevis:profile:0b00c8af8414dfc1 urn:x-nevis:profile:0b00c8af8414e28f urn:x-nevis:profile:0b00c8af841550ae urn:x-nevis:profile:0b00c8af841552c2 urn:x-nevis:profile:0b00c8af84ad45bf urn:x-nevis:profile:0b00c8af84adc5de urn:x-nevis:profile:0b00c8af84adc85a urn:x-nevis:profile:0b00c8af84eb83c0 urn:x-nevis:profile:0b00c8af84eb855b urn:x-nevis:profile:0b00c8af84ebe797 urn:x-nevis:profile:0b00c8af85227828" nevis:resource="0900c8af841cb69c" nevis:resource2="urn:x-nevis:fragment:0900c8af841c8e09:0900c8af841cb69c#nev13288109n1" width="710" xml:lang="en-US"><nodes id="nev13288108n2-nev13289912n1"><node class="Components.StartNode" id="nev13288108n2-nev13289913n1" nodeid="Start" x="28" y="375"/><node class="Components.ScriptButton" id="nev13288108n2-nev13289914n1" nodeid="Button1" x="46" y="501"><gui height="23" id="nev13288108n2-nev13289915n1" width="75" x="615" y="335"/><property class="String" id="nev13288108n2-nev13289916n1" name="Text" type="In" value="" visible="1"/><property class="String" id="nev13288108n2-nev13289917n1" name="StartDisabled" type="Internal" value="false" visible="1"/><property class="String" id="nev13288108n2-nev13289918n1" name="StartVisible" type="Internal" value="true" visible="1"/><extension id="nev13288108n2-nev13289919n1"><phrase category="Faulttracing" id="nev13288108n2-nev13288109n10" phrase-urn="urn:x-nevis:phrase:0800c8af828fe792">Hide</phrase></extension></node><node class="Components.ScriptComponent" id="nev13288108n2-nev13289920n1" nodeid="Script1" x="184" y="607"/><node class="Components.Repeater" id="nev13288108n2-nev13289921n1" nodeid="Repeater1" x="192" y="350"><property class="Int" id="nev13288108n2-nev13289922n1" name="Wait" type="Internal" value="500" visible="1"/><property class="Int" id="nev13288108n2-nev13289923n1" name="NoOfRepeats" type="Internal" value="0" visible="1"/></node><node class="Components.Gui.ParameterLabel" id="nev13288108n2-nev13289924n1" nodeid="ParameterLabel1" x="464" y="20"><gui height="75" id="nev13288108n2-nev13289925n1" width="340" x="355" y="5"/><property class="Parameter" id="nev13288108n2-nev13289926n1" name="Parameter" type="In" value="" visible="1"/><property class="String" id="nev13288108n2-nev13289927n1" name="Title" type="In" value="" visible="1"/><property class="String" id="nev13288108n2-nev13289928n1" name="Value" type="In" value="" visible="1"/><property class="String" id="nev13288108n2-nev13289929n1" name="Unit" type="In" value="" visible="1"/><property class="String" id="nev13288108n2-nev13289930n1" name="StartVisible" type="Internal" value="true" visible="0"/></node><node class="Components.IdentifierComponent" id="nev13288108n2-nev13289931n1" nodeid="Parameter1" x="324" y="91"><property class="Parameter" id="nev13288108n2-nev13289932n1" name="Linjärtryckssolenoid CSPS1, ström" type="Out" value="" visible="1"/><extension id="nev13288108n2-nev13289933n1"><identifier ecu="437601" ecuMode="EcuType" id="nev13288108n2-nev13289934n1" read="4" type="REID" value="033E"><parameter id="nev13288108n2-nev13289935n1" name="Linjärtryckssolenoid CSPS1, ström" textid="1009081"/></identifier></extension></node><node class="Components.Gui.ParameterLabel" id="nev13288108n2-nev13289936n1" nodeid="ParameterLabel2" x="595" y="76"><gui height="75" id="nev13288108n2-nev13289937n1" width="340" x="10" y="5"/><property class="Parameter" id="nev13288108n2-nev13289938n1" name="Parameter" type="In" value="" visible="1"/><property class="String" id="nev13288108n2-nev13289939n1" name="Title" type="In" value="" visible="1"/><property class="String" id="nev13288108n2-nev13289940n1" name="Value" type="In" value="" visible="1"/><property class="String" id="nev13288108n2-nev13289941n1" name="Unit" type="In" value="" visible="1"/><property class="String" id="nev13288108n2-nev13289942n1" name="StartVisible" type="Internal" value="true" visible="0"/></node><node class="Components.Gui.ParameterLabel" id="nev13288108n2-nev13289943n1" nodeid="ParameterLabel3" x="714" y="109"><gui height="75" id="nev13288108n2-nev13289944n1" width="340" x="355" y="85"/><property class="Parameter" id="nev13288108n2-nev13289945n1" name="Parameter" type="In" value="" visible="1"/><property class="String" id="nev13288108n2-nev13289946n1" name="Title" type="In" value="" visible="1"/><property class="String" id="nev13288108n2-nev13289947n1" name="Value" type="In" value="" visible="1"/><property class="String" id="nev13288108n2-nev13289948n1" name="Unit" type="In" value="" visible="1"/><property class="String" id="nev13288108n2-nev13289949n1" name="StartVisible" type="Internal" value="true" visible="0"/></node><node class="Components.Gui.ParameterLabel" id="nev13288108n2-nev13289950n1" nodeid="ParameterLabel4" x="832" y="133"><gui height="75" id="nev13288108n2-nev13289951n1" width="340" x="10" y="85"/><property class="Parameter" id="nev13288108n2-nev13289952n1" name="Parameter" type="In" value="" visible="1"/><property class="String" id="nev13288108n2-nev13289953n1" name="Title" type="In" value="" visible="1"/><property class="String" id="nev13288108n2-nev13289954n1" name="Value" type="In" value="" visible="1"/><property class="String" id="nev13288108n2-nev13289955n1" name="Unit" type="In" value="" visible="1"/><property class="String" id="nev13288108n2-nev13289956n1" name="StartVisible" type="Internal" value="true" visible="0"/></node><node class="Components.Gui.ParameterLabel" id="nev13288108n2-nev13289957n1" nodeid="ParameterLabel5" x="840" y="365"><gui height="75" id="nev13288108n2-nev13289958n1" width="340" x="355" y="165"/><property class="Parameter" id="nev13288108n2-nev13289959n1" name="Parameter" type="In" value="" visible="1"/><property class="String" id="nev13288108n2-nev13289960n1" name="Title" type="In" value="" visible="1"/><property class="String" id="nev13288108n2-nev13289961n1" name="Value" type="In" value="" visible="1"/><property class="String" id="nev13288108n2-nev13289962n1" name="Unit" type="In" value="" visible="1"/><property class="String" id="nev13288108n2-nev13289963n1" name="StartVisible" type="Internal" value="true" visible="0"/></node><node class="Components.Gui.ParameterLabel" id="nev13288108n2-nev13289964n1" nodeid="ParameterLabel6" x="730" y="462"><gui height="75" id="nev13288108n2-nev13289965n1" width="340" x="10" y="165"/><property class="Parameter" id="nev13288108n2-nev13289966n1" name="Parameter" type="In" value="" visible="1"/><property class="String" id="nev13288108n2-nev13289967n1" name="Title" type="In" value="" visible="1"/><property class="String" id="nev13288108n2-nev13289968n1" name="Value" type="In" value="" visible="1"/><property class="String" id="nev13288108n2-nev13289969n1" name="Unit" type="In" value="" visible="1"/><property class="String" id="nev13288108n2-nev13289970n1" name="StartVisible" type="Internal" value="true" visible="0"/></node><node class="Components.Gui.ParameterLabel" id="nev13288108n2-nev13289971n1" nodeid="ParameterLabel7" x="620" y="516"><gui height="75" id="nev13288108n2-nev13289972n1" width="340" x="355" y="245"/><property class="Parameter" id="nev13288108n2-nev13289973n1" name="Parameter" type="In" value="" visible="1"/><property class="String" id="nev13288108n2-nev13289974n1" name="Title" type="In" value="" visible="1"/><property class="String" id="nev13288108n2-nev13289975n1" name="Value" type="In" value="" visible="1"/><property class="String" id="nev13288108n2-nev13289976n1" name="Unit" type="In" value="" visible="1"/><property class="String" id="nev13288108n2-nev13289977n1" name="StartVisible" type="Internal" value="true" visible="0"/></node><node class="Components.Gui.ParameterLabel" id="nev13288108n2-nev13289978n1" nodeid="ParameterLabel8" x="510" y="589"><gui height="75" id="nev13288108n2-nev13289979n1" width="340" x="10" y="245"/><property class="Parameter" id="nev13288108n2-nev13289980n1" name="Parameter" type="In" value="" visible="1"/><property class="String" id="nev13288108n2-nev13289981n1" name="Title" type="In" value="" visible="1"/><property class="String" id="nev13288108n2-nev13289982n1" name="Value" type="In" value="" visible="1"/><property class="String" id="nev13288108n2-nev13289983n1" name="Unit" type="In" value="" visible="1"/><property class="String" id="nev13288108n2-nev13289984n1" name="StartVisible" type="Internal" value="true" visible="0"/></node><node class="Components.IdentifierComponent" id="nev13288108n2-nev13289985n1" nodeid="IdentifierComponent1" x="711" y="325"><property class="Parameter" id="nev13288108n2-nev13289986n1" name="Linjärtryckssolenoid LPS, ström" type="Out" value="" visible="1"/><extension id="nev13288108n2-nev13289987n1"><identifier ecu="437601" ecuMode="EcuType" id="nev13288108n2-nev13289988n1" read="4" type="REID" value="0350"><parameter id="nev13288108n2-nev13289989n1" name="Linjärtryckssolenoid LPS, ström" textid="1008948"/></identifier></extension></node><node class="Components.IdentifierComponent" id="nev13288108n2-nev13289990n1" nodeid="IdentifierComponent2" x="576" y="375"><property class="Parameter" id="nev13288108n2-nev13289991n1" name="Linjärtryckssolenoid LPS, begärd ström" type="Out" value="" visible="1"/><extension id="nev13288108n2-nev13289992n1"><identifier ecu="437601" ecuMode="EcuType" id="nev13288108n2-nev13289993n1" read="4" type="REID" value="0530"><parameter id="nev13288108n2-nev13289994n1" name="Linjärtryckssolenoid LPS, begärd ström" textid="1008952"/></identifier></extension></node><node class="Components.IdentifierComponent" id="nev13288108n2-nev13289995n1" nodeid="IdentifierComponent3" x="334" y="551"><property class="Parameter" id="nev13288108n2-nev13289996n1" name="Linjärtryckssolenoid CCFS, begärd ström  " type="Out" value="" visible="1"/><extension id="nev13288108n2-nev13289997n1"><identifier ecu="437601" ecuMode="EcuType" id="nev13288108n2-nev13289998n1" read="4" type="REID" value="0532"><parameter id="nev13288108n2-nev13289999n1" name="Linjärtryckssolenoid CCFS, begärd ström  " textid="1008961"/></identifier></extension></node><node class="Components.IdentifierComponent" id="nev13288108n2-nev13290000n1" nodeid="IdentifierComponent4" x="460" y="446"><property class="Parameter" id="nev13288108n2-nev13290001n1" name="Linjärtryckssolenoid CCFS, ström " type="Out" value="" visible="1"/><extension id="nev13288108n2-nev13290002n1"><identifier ecu="437601" ecuMode="EcuType" id="nev13288108n2-nev13290003n1" read="4" type="REID" value="0352"><parameter id="nev13288108n2-nev13290004n1" name="Linjärtryckssolenoid CCFS, ström " textid="1008959"/></identifier></extension></node><node class="Components.IdentifierComponent" id="nev13288108n2-nev13290005n1" nodeid="IdentifierComponent5" x="447" y="168"><property class="Parameter" id="nev13288108n2-nev13290006n1" name="Linjärtrycksolenoid CSPS1, begärd ström" type="Out" value="" visible="1"/><extension id="nev13288108n2-nev13290007n1"><identifier ecu="437601" ecuMode="EcuType" id="nev13288108n2-nev13290008n1" read="4" type="REID" value="0534"><parameter id="nev13288108n2-nev13290009n1" name="Linjärtrycksolenoid CSPS1, begärd ström" textid="1008957"/></identifier></extension></node><node class="Components.IdentifierComponent" id="nev13288108n2-nev13290010n1" nodeid="IdentifierComponent6" x="578" y="215"><property class="Parameter" id="nev13288108n2-nev13290011n1" name="Linjärtryckssolenoid CSPS2, ström" type="Out" value="" visible="1"/><extension id="nev13288108n2-nev13290012n1"><identifier ecu="437601" ecuMode="EcuType" id="nev13288108n2-nev13290013n1" read="4" type="REID" value="033E"><parameter id="nev13288108n2-nev13290014n1" name="Linjärtryckssolenoid CSPS2, ström" textid="1009082"/></identifier></extension></node><node class="Components.IdentifierComponent" id="nev13288108n2-nev13290015n1" nodeid="IdentifierComponent7" x="728" y="218"><property class="Parameter" id="nev13288108n2-nev13290016n1" name="Linjärtrycksolenoid CSPS2, begärd ström" type="Out" value="" visible="1"/><extension id="nev13288108n2-nev13290017n1"><identifier ecu="437601" ecuMode="EcuType" id="nev13288108n2-nev13290018n1" read="4" type="REID" value="0536"><parameter id="nev13288108n2-nev13290019n1" name="Linjärtrycksolenoid CSPS2, begärd ström" textid="1008958"/></identifier></extension></node></nodes><handlers id="nev13288108n2-nev13290020n1"><eventhandler id="nev13288108n2-nev13290021n1" name="Click" node="Button1"><call id="nev13288108n2-nev13290022n1" method="CloseDialog" node="Script1"/></eventhandler><eventhandler id="nev13288108n2-nev13290023n1" name="OnStart" node="Start"><call id="nev13288108n2-nev13290024n1" method="Start" node="Repeater1"/><call id="nev13288108n2-nev13290025n1" method="UpdateTitles" node="Parameter1"/><call id="nev13288108n2-nev13290026n1" method="UpdateTitles" node="IdentifierComponent5"/><call id="nev13288108n2-nev13290027n1" method="UpdateTitles" node="IdentifierComponent6"/><call id="nev13288108n2-nev13290028n1" method="UpdateTitles" node="IdentifierComponent7"/><call id="nev13288108n2-nev13290029n1" method="UpdateTitles" node="IdentifierComponent1"/><call id="nev13288108n2-nev13290030n1" method="UpdateTitles" node="IdentifierComponent2"/><call id="nev13288108n2-nev13290031n1" method="UpdateTitles" node="IdentifierComponent4"/><call id="nev13288108n2-nev13290032n1" method="UpdateTitles" node="IdentifierComponent3"/></eventhandler><eventhandler id="nev13288108n2-nev13290033n1" name="OnRepeat" node="Repeater1"><call id="nev13288108n2-nev13290034n1" method="Read" node="Parameter1"/><call id="nev13288108n2-nev13290035n1" method="Read" node="IdentifierComponent5"/><call id="nev13288108n2-nev13290036n1" method="Read" node="IdentifierComponent6"/><call id="nev13288108n2-nev13290037n1" method="Read" node="IdentifierComponent7"/><call id="nev13288108n2-nev13290038n1" method="Read" node="IdentifierComponent1"/><call id="nev13288108n2-nev13290039n1" method="Read" node="IdentifierComponent2"/><call id="nev13288108n2-nev13290040n1" method="Read" node="IdentifierComponent4"/><call id="nev13288108n2-nev13290041n1" method="Read" node="IdentifierComponent3"/></eventhandler><propertyhandler id="nev13288108n2-nev13290042n1" name="Linjärtryckssolenoid CSPS1, ström" node="Parameter1"><set id="nev13288108n2-nev13290043n1" node="ParameterLabel1" property="Parameter"/></propertyhandler><propertyhandler id="nev13288108n2-nev13290044n1" name="Linjärtrycksolenoid CSPS1, begärd ström" node="IdentifierComponent5"><set id="nev13288108n2-nev13290045n1" node="ParameterLabel2" property="Parameter"/></propertyhandler><propertyhandler id="nev13288108n2-nev13290046n1" name="Linjärtryckssolenoid CSPS2, ström" node="IdentifierComponent6"><set id="nev13288108n2-nev13290047n1" node="ParameterLabel3" property="Parameter"/></propertyhandler><propertyhandler id="nev13288108n2-nev13290048n1" name="Linjärtrycksolenoid CSPS2, begärd ström" node="IdentifierComponent7"><set id="nev13288108n2-nev13290049n1" node="ParameterLabel4" property="Parameter"/></propertyhandler><propertyhandler id="nev13288108n2-nev13290050n1" name="Linjärtryckssolenoid LPS, ström" node="IdentifierComponent1"><set id="nev13288108n2-nev13290051n1" node="ParameterLabel5" property="Parameter"/></propertyhandler><propertyhandler id="nev13288108n2-nev13290052n1" name="Linjärtryckssolenoid LPS, begärd ström" node="IdentifierComponent2"><set id="nev13288108n2-nev13290053n1" node="ParameterLabel6" property="Parameter"/></propertyhandler><propertyhandler id="nev13288108n2-nev13290054n1" name="Linjärtryckssolenoid CCFS, ström " node="IdentifierComponent4"><set id="nev13288108n2-nev13290055n1" node="ParameterLabel7" property="Parameter"/></propertyhandler><propertyhandler id="nev13288108n2-nev13290056n1" name="Linjärtryckssolenoid CCFS, begärd ström  " node="IdentifierComponent3"><set id="nev13288108n2-nev13290057n1" node="ParameterLabel8" property="Parameter"/></propertyhandler></handlers></content></script>