<?xml version="1.0" encoding="UTF-8"?><script xmlns:nevis="http://www.volvocars.com/namespaces/processing" xmlns:xlink="http://www.w3.org/1999/xlink" IE-ID="en-US0900c8af821dae09" docno="VCC-242406" id="nev10447707n1" nevis:expl-profile="mdl544yr2005eng181, mdl545yr2005eng181, mdl544yr2006eng181, mdl545yr2006eng181, mdl544yr2007eng181, mdl545yr2007eng181, mdl533yr2007eng181, mdl544yr2008eng181, mdl545yr2008eng181, mdl533yr2008eng181, mdl533yr2009eng181, mdl544yr2009eng181, mdl545yr2009eng181, mdl544yr2010eng181, mdl545yr2010eng181, mdl533yr2010eng181, mdl533yr2011eng181, mdl544yr2011eng181, mdl545yr2011eng181" nevis:profile="urn:x-nevis:profile:0b00c8af81492329 urn:x-nevis:profile:0b00c8af8149232d urn:x-nevis:profile:0b00c8af82475ef5 urn:x-nevis:profile:0b00c8af824763a8 urn:x-nevis:profile:0b00c8af82e5d03d urn:x-nevis:profile:0b00c8af82e5d354 urn:x-nevis:profile:0b00c8af83597194 urn:x-nevis:profile:0b00c8af839eaa73 urn:x-nevis:profile:0b00c8af839ead07 urn:x-nevis:profile:0b00c8af83aff6c0 urn:x-nevis:profile:0b00c8af83f19e70 urn:x-nevis:profile:0b00c8af83f1a534 urn:x-nevis:profile:0b00c8af83f1a8f8 urn:x-nevis:profile:0b00c8af8414dfb1 urn:x-nevis:profile:0b00c8af8414e285 urn:x-nevis:profile:0b00c8af841552b4 urn:x-nevis:profile:0b00c8af84dce8ef urn:x-nevis:profile:0b00c8af84dce909 urn:x-nevis:profile:0b00c8af84dce966" nevis:projectdocument="urn:x-nevis:projectdocument:0800c8af821dae08" nevis:resource="0900c8af8238212a" nevis:resource2="urn:x-nevis:fragment:0900c8af821dae09:0900c8af8238212a#nev10447707n1" nevis:session-id="" qualifierinfotype="14:00" type="" xml:lang="en-US"><title>Activation boos#@#@#7#, DV6</title><content gui="1" height="120" id="nev10447708n1-nev10447707n3" nevis:expl-profile="mdl544yr2005eng181, mdl545yr2005eng181, mdl544yr2006eng181, mdl545yr2006eng181, mdl544yr2007eng181, mdl545yr2007eng181, mdl533yr2007eng181, mdl544yr2008eng181, mdl545yr2008eng181, mdl533yr2008eng181, mdl533yr2009eng181, mdl544yr2009eng181, mdl545yr2009eng181, mdl544yr2010eng181, mdl545yr2010eng181, mdl533yr2010eng181, mdl533yr2011eng181, mdl544yr2011eng181, mdl545yr2011eng181" nevis:idfrom="nev10447708n1" nevis:prefix="nev10447708n1" nevis:profile="urn:x-nevis:profile:0b00c8af81492329 urn:x-nevis:profile:0b00c8af8149232d urn:x-nevis:profile:0b00c8af82475ef5 urn:x-nevis:profile:0b00c8af824763a8 urn:x-nevis:profile:0b00c8af82e5d03d urn:x-nevis:profile:0b00c8af82e5d354 urn:x-nevis:profile:0b00c8af83597194 urn:x-nevis:profile:0b00c8af839eaa73 urn:x-nevis:profile:0b00c8af839ead07 urn:x-nevis:profile:0b00c8af83aff6c0 urn:x-nevis:profile:0b00c8af83f19e70 urn:x-nevis:profile:0b00c8af83f1a534 urn:x-nevis:profile:0b00c8af83f1a8f8 urn:x-nevis:profile:0b00c8af8414dfb1 urn:x-nevis:profile:0b00c8af8414e285 urn:x-nevis:profile:0b00c8af841552b4 urn:x-nevis:profile:0b00c8af84dce8ef urn:x-nevis:profile:0b00c8af84dce909 urn:x-nevis:profile:0b00c8af84dce966" nevis:resource="0900c8af82382128" nevis:resource2="urn:x-nevis:fragment:0900c8af821dae09:0900c8af82382128#nev10447707n3" width="410" xml:lang="en-US"><nodes id="nev10447708n1-nev10608124n1"><node class="Components.StartNode" id="nev10447708n1-nev10608125n1" nodeid="Start" x="10" y="213"/><node class="Components.ScriptComponent" id="nev10447708n1-nev10608126n1" nodeid="ScriptComponent1" x="490" y="651"/><node class="Components.ScriptButton" id="nev10447708n1-nev10608127n1" nodeid="StartButton" x="87" y="285"><gui height="30" id="nev10447708n1-nev10608128n1" width="115" x="10" y="80"/><property class="String" id="nev10447708n1-nev10608129n1" name="Text" type="In" value="" visible="1"/><property class="String" id="nev10447708n1-nev10608130n1" name="StartDisabled" type="Internal" value="false" visible="1"/><extension id="nev10447708n1-nev10608131n1"><phrase category="Faulttracing" id="nev10447708n1-nev10482998n1" phrase-urn="urn:x-nevis:phrase:0800c8af8178a380">Start</phrase></extension></node><node class="Components.ScriptButton" id="nev10447708n1-nev10608132n1" nodeid="StopActivation" x="85" y="457"><gui height="30" id="nev10447708n1-nev10608133n1" width="115" x="145" y="80"/><property class="String" id="nev10447708n1-nev10608134n1" name="Text" type="In" value="" visible="1"/><property class="String" id="nev10447708n1-nev10608135n1" name="StartDisabled" type="Internal" value="False" visible="1"/><extension id="nev10447708n1-nev10608136n1"><phrase category="Faulttracing" id="nev10447708n1-nev10447802n1" phrase-urn="urn:x-nevis:phrase:0800c8af81e83b1d">Stop</phrase></extension></node><node class="Components.ScriptButton" id="nev10447708n1-nev10608137n1" nodeid="HideButton" x="281" y="551"><gui height="30" id="nev10447708n1-nev10608138n1" width="115" x="280" y="80"/><property class="String" id="nev10447708n1-nev10608139n1" name="Text" type="In" value="" visible="1"/><property class="String" id="nev10447708n1-nev10608140n1" name="StartDisabled" type="Internal" value="false" visible="1"/><extension id="nev10447708n1-nev10608141n1"><phrase category="Faulttracing" id="nev10447708n1-nev10447801n1" phrase-urn="urn:x-nevis:phrase:0800c8af81b6b138">Hide</phrase></extension></node><node class="Components.VehComm" id="nev10447708n1-nev10608142n1" nodeid="VehComm1" x="485" y="526"><property class="String" id="nev10447708n1-nev10608143n1" name="Mode" type="Internal" value="EcuType" visible="1"/><property class="Int" id="nev10447708n1-nev10608144n1" name="EcuType" type="In" value="284101" visible="0"/><property class="Int" id="nev10447708n1-nev10608145n1" name="ServiceId" type="In" value="27" visible="0"/><property class="String" id="nev10447708n1-nev10608146n1" name="EcuName" type="Out" value="" visible="1"/><property class="Response" id="nev10447708n1-nev10608147n1" name="Result" type="Out" value="" visible="1"/><extension id="nev10447708n1-nev10608148n1"/></node><node class="Components.VehComm" id="nev10447708n1-nev10608149n1" nodeid="VehComm2" x="291" y="233"><property class="String" id="nev10447708n1-nev10608150n1" name="Mode" type="Internal" value="EcuType" visible="1"/><property class="Int" id="nev10447708n1-nev10608151n1" name="EcuType" type="In" value="284101" visible="0"/><property class="Int" id="nev10447708n1-nev10608152n1" name="ServiceId" type="In" value="36" visible="0"/><property class="String" id="nev10447708n1-nev10608153n1" name="EcuName" type="Out" value="" visible="1"/><property class="Response" id="nev10447708n1-nev10608154n1" name="Result" type="Out" value="" visible="1"/><property class="String" id="nev10447708n1-nev10608155n1" name="Identifier" type="In" value="00E6" visible="0"/><property class="String" id="nev10447708n1-nev10608156n1" name="Mask" type="In" value="FF" visible="0"/><extension id="nev10447708n1-nev10608157n1"><insertparam id="nev10447708n1-nev10608158n1" name="Mask"/><insertparam id="nev10447708n1-nev10608159n1" name="Identifier"/></extension></node><node class="Components.ScriptLabel" id="nev10447708n1-nev10608160n1" nodeid="ScriptLabel1" x="682" y="121"><gui height="30" id="nev10447708n1-nev10608161n1" width="385" x="10" y="35"/><property class="String" id="nev10447708n1-nev10608162n1" name="Text" type="In" value="" visible="1"/><property class="Parameter" id="nev10447708n1-nev10608163n1" name="Parameter" type="In" value="" visible="1"/></node><node class="Components.Constant" id="nev10447708n1-nev10608164n1" nodeid="Constant1" x="292" y="109"><property class="String" id="nev10447708n1-nev10608165n1" name="Text" type="Out" value="Turbo control valve" visible="1"/><extension id="nev10447708n1-nev10608166n1"><text id="nev10447708n1-nev10608167n1" textId="5436" type="carcom"/></extension></node><node class="Components.Constant" id="nev10447708n1-nev10608168n1" nodeid="Constant2" x="401" y="29"><property class="String" id="nev10447708n1-nev10608169n1" name="Text" type="Out" value="On" visible="1"/><extension id="nev10447708n1-nev10608170n1"><text id="nev10447708n1-nev10608171n1" textId="4113" type="carcom"/></extension></node><node class="Components.StringFormat" id="nev10447708n1-nev10608172n1" nodeid="StringFormat1" x="541" y="34"><property class="String" id="nev10447708n1-nev10608173n1" name="String" type="Out" value="" visible="1"/><property class="String" id="nev10447708n1-nev10608174n1" name="Format" type="Internal" value="{0}, {1}" visible="1"/><property class="String" id="nev10447708n1-nev10608175n1" name="0" type="In" value="" visible="1"/><property class="String" id="nev10447708n1-nev10608176n1" name="1" type="In" value="" visible="1"/></node><node class="Components.VehComm" id="nev10447708n1-nev10608177n1" nodeid="VehComm3" x="273" y="386"><property class="String" id="nev10447708n1-nev10608178n1" name="Mode" type="Internal" value="EcuType" visible="1"/><property class="Int" id="nev10447708n1-nev10608179n1" name="EcuType" type="In" value="284101" visible="0"/><property class="Int" id="nev10447708n1-nev10608180n1" name="ServiceId" type="In" value="16" visible="0"/><property class="String" id="nev10447708n1-nev10608181n1" name="EcuName" type="Out" value="" visible="1"/><property class="Response" id="nev10447708n1-nev10608182n1" name="Result" type="Out" value="" visible="1"/><property class="String" id="nev10447708n1-nev10608183n1" name="Identifier" type="In" value="00E6" visible="0"/><extension id="nev10447708n1-nev10608184n1"><insertparam id="nev10447708n1-nev10608185n1" name="Identifier"/></extension></node></nodes><handlers id="nev10447708n1-nev10608186n1"><eventhandler id="nev10447708n1-nev10608187n1" name="Click" node="StartButton"><call id="nev10447708n1-nev10608188n1" method="Disable" node="StartButton"/><call id="nev10447708n1-nev10608189n1" method="Enable" node="StopActivation"/><call id="nev10447708n1-nev10608190n1" method="Execute" node="VehComm2"/></eventhandler><eventhandler id="nev10447708n1-nev10608191n1" name="Click" node="StopActivation"><call id="nev10447708n1-nev10608192n1" method="Disable" node="StopActivation"/><call id="nev10447708n1-nev10608193n1" method="Enable" node="StartButton"/><call id="nev10447708n1-nev10608194n1" method="Execute" node="VehComm3"/></eventhandler><eventhandler id="nev10447708n1-nev10608195n1" name="Click" node="HideButton"><call id="nev10447708n1-nev10608196n1" method="Execute" node="VehComm1"/><call id="nev10447708n1-nev10608197n1" method="CloseDialog" node="ScriptComponent1"/></eventhandler><eventhandler id="nev10447708n1-nev10608198n1" name="OnStart" node="Start"><call id="nev10447708n1-nev10608199n1" method="Trigger" node="Constant1"/><call id="nev10447708n1-nev10608200n1" method="Trigger" node="Constant2"/></eventhandler><eventhandler id="nev10447708n1-nev10608201n1" name="OnTrigger" node="Constant2"><call id="nev10447708n1-nev10608202n1" method="Format" node="StringFormat1"/></eventhandler><propertyhandler id="nev10447708n1-nev10608203n1" name="Text" node="Constant1"><set id="nev10447708n1-nev10608204n1" node="StringFormat1" property="0"/></propertyhandler><propertyhandler id="nev10447708n1-nev10608205n1" name="Text" node="Constant2"><set id="nev10447708n1-nev10608206n1" node="StringFormat1" property="1"/></propertyhandler><propertyhandler id="nev10447708n1-nev10608207n1" name="String" node="StringFormat1"><set id="nev10447708n1-nev10608208n1" node="ScriptLabel1" property="Text"/></propertyhandler></handlers></content></script>