<?xml version="1.0" encoding="UTF-8"?><servinfosub IE-ID="en-US0900c8af8743270b" docno="VCC-476884" id="nev22187953n1" original="sv-SE" servinfosubId="nev22187954n1-nev22187953n4" servinfosubRes="0900c8af8743271c" servinfosubRes2="urn:x-nevis:fragment:0900c8af8743270b:0900c8af8743271c#nev22187953n4" xml:lang="en-US">
<operationnumbers>
<operationnumber>81138-3</operationnumber>
</operationnumbers>
<title id="nev22187953n2">Wheel house, fr#@#@#5#right</title>
<materialtable id="nev22187954n1-nev25100589n27">
<table id="nev22187954n1-nev25100589n26">
<tgroup cols="2" id="nev22187954n1-nev25100589n25">
<colspec colname="COLSPEC0" colwidth="1.00*" id="nev22187954n1-nev25100589n24"/>
<colspec colname="COLSPEC1" colwidth="1.00*" id="nev22187954n1-nev25100589n23"/>
<thead id="nev22187954n1-nev25100589n22">
<row id="nev22187954n1-nev25100589n21">
<entry id="nev22187954n1-nev25100589n20" nameend="COLSPEC1" namest="COLSPEC0" valign="top">
<ptxt id="nev22187954n1-nev25100589n19">
<emph id="nev22187954n1-nev25100589n18">Materials</emph>
</ptxt>
</entry>
</row>
</thead>
<tbody id="nev22187954n1-nev25100589n17">
<row id="nev22187954n1-nev25100589n16">
<entry id="nev22187954n1-nev25100589n15">
<ptxt id="nev22187954n1-nev25100589n14">
<emph id="nev22187954n1-nev25100589n13">Designation</emph>
</ptxt>
</entry>
<entry id="nev22187954n1-nev25100589n12">
<ptxt id="nev22187954n1-nev25100589n11">
<emph id="nev22187954n1-nev25100589n10">Part number</emph>
</ptxt>
</entry>
</row>
<row id="nev22187954n1-nev25100589n9">
<entry id="nev22187954n1-nev25100589n8">
<ptxt id="nev22187954n1-nev25100589n7">Welded bolt</ptxt>
</entry>
<entry id="nev22187954n1-nev25100589n5">
<ptxt id="nev22187954n1-nev25100589n4">980443</ptxt>
</entry>
</row>
<row id="nev22187954n1-nev25100589n3">
<entry id="nev22187954n1-nev25100589n2">
<ptxt id="nev22187954n1-nev25100589n1">Welded bolt</ptxt>
</entry>
<entry id="nev22187954n1-nev25100590n99">
<ptxt id="nev22187954n1-nev25100590n98">30622654</ptxt>
</entry>
</row>
<row id="nev22187954n1-nev25100590n97">
<entry id="nev22187954n1-nev25100590n96">
<ptxt id="nev22187954n1-nev25100590n95">Bodywork adhesive</ptxt>
</entry>
<entry id="nev22187954n1-nev25100590n93">
<ptxt id="nev22187954n1-nev25100590n92">30764637</ptxt>
</entry>
</row>
<row id="nev22187954n1-nev25100590n91">
<entry id="nev22187954n1-nev25100590n90">
<ptxt id="nev22187954n1-nev25100590n89">Blind rivet</ptxt>
</entry>
<entry id="nev22187954n1-nev25100590n87">
<ptxt id="nev22187954n1-nev25100590n86">30622741</ptxt>
</entry>
</row>
</tbody>
</tgroup>
</table>
</materialtable>
<procedure id="nev22187954n1-nev22295164n3">
<stepgrp boilerplate="false" context="" id="nev22187954n1-nev25100134n49">
<title id="nev22187954n1-0800c8af844a46f6">Removal</title>
<procstep id="nev22187954n1-nev23464191n29">
<note id="nev22187954n1-0800c8af844a42fa">
<ptxt>Removal steps i#@#@#45#ails.</ptxt>
</note>
</procstep>
<procstep id="nev22187954n1-nev22294935n33">
<para id="nev22187954n1-nev25100134n47">
<ptxt id="nev22187954n1-nev25100134n48">See information#@#@#15#neral<xref boilerplate="true" id="nev22187954n1-0800c8af844e8246">
<ref id="nev22187954n1-nev22295835n98"/>
</xref>
</ptxt>
</para>
</procstep>
<procstep id="nev22187954n1-nev22294935n28">
<para id="nev22187954n1-nev25100134n45">
<ptxt id="nev22187954n1-nev25100134n46">See information#@#@#20#front<xref boilerplate="true" id="nev22187954n1-0800c8af84d84f47">
<ref id="nev22187954n1-nev22295835n94"/>
</xref>
</ptxt>
</para>
</procstep>
<procstep id="nev22187954n1-nev22508107n92">
<para id="nev22187954n1-nev25100134n43">
<ptxt id="nev22187954n1-nev25100134n44">Remove the headlamp<xref boilerplate="true" id="nev22187954n1-0800c8af844e89fd">
<ref id="nev22187954n1-nev22508107n89"/>
</xref>
</ptxt>
</para>
</procstep>
<procstep id="nev22187954n1-nev22294935n23">
<para id="nev22187954n1-nev25100134n41">
<ptxt id="nev22187954n1-nev25100134n42">Remove the fender<xref boilerplate="true" id="nev22187954n1-0800c8af8454956b">
<ref id="nev22187954n1-nev22295835n90"/>
</xref>
</ptxt>
</para>
</procstep>
<procstep id="nev22187954n1-nev22508107n85">
<para id="nev22187954n1-nev25100134n39">
<ptxt id="nev22187954n1-nev25100134n40">Remove front piece<xref boilerplate="true" id="nev22187954n1-0800c8af84950951">
<ref id="nev22187954n1-nev22508107n82"/>
</xref>
</ptxt>
</para>
</procstep>
<procstep id="nev22187954n1-nev22508107n80">
<para id="nev22187954n1-nev25100134n37">
<ptxt id="nev22187954n1-nev25100134n38">Remove upper co#@#@#11#front<xref boilerplate="true" id="nev22187954n1-0800c8af86a686d3">
<ref id="nev22187954n1-nev22508107n77"/>
</xref>
</ptxt>
</para>
</procstep>
<procstep id="nev22187954n1-nev22508107n75">
<para id="nev22187954n1-nev25100134n35">
<ptxt id="nev22187954n1-nev25100134n36">Remove engine<xref boilerplate="true" id="nev22187954n1-0800c8af861e4b69">
<ref id="nev22187954n1-nev22508107n72"/>
</xref>
</ptxt>
</para>
</procstep>
<procstep id="nev22187954n1-nev23463833n41">
<para id="nev22187954n1-nev25100134n33">
<ptxt id="nev22187954n1-nev25100134n34">Follow the inst#@#@#38#right<xref boilerplate="true" id="nev22187954n1-0800c8af86ce3ca5">
<ref id="nev22187954n1-nev23463833n38"/>
</xref>
</ptxt>
</para>
</procstep>
<procstep id="nev22187954n1-nev23463833n36">
<grate id="nev22187954n1-nev25100134n31">
<graphic id="nev22187954n1-nev25100134n32">
<href>0900c8af86ce3ce#@#@#9#.jpeg</href>
</graphic>
</grate>
</procstep>
<procstep id="nev22187954n1-nev23463833n33">
<grate id="nev22187954n1-nev25100134n29">
<graphic id="nev22187954n1-nev25100134n30">
<href>0900c8af86ce3cf#@#@#9#.jpeg</href>
</graphic>
</grate>
</procstep>
<procstep id="nev22187954n1-nev23463833n30">
<grate id="nev22187954n1-nev25100134n27">
<graphic id="nev22187954n1-nev25100134n28">
<href>0900c8af86ce3cf#@#@#9#.jpeg</href>
</graphic>
</grate>
</procstep>
<procstep id="nev22187954n1-nev23463833n27">
<grate id="nev22187954n1-nev25100134n25">
<graphic id="nev22187954n1-nev25100134n26">
<href>0900c8af86ce3cf#@#@#9#.jpeg</href>
</graphic>
</grate>
</procstep>
<procstep id="nev22187954n1-nev23463833n24">
<grate id="nev22187954n1-nev25100134n23">
<graphic id="nev22187954n1-nev25100134n24">
<href>0900c8af86ce3cf#@#@#9#.jpeg</href>
</graphic>
</grate>
</procstep>
<procstep id="nev22187954n1-nev23463833n21">
<grate id="nev22187954n1-nev25100134n21">
<graphic id="nev22187954n1-nev25100134n22">
<href>0900c8af86ce3cf#@#@#9#.jpeg</href>
</graphic>
</grate>
</procstep>
<procstep id="nev22187954n1-nev23463833n18">
<grate id="nev22187954n1-nev25100134n19">
<graphic id="nev22187954n1-nev25100134n20">
<href>0900c8af86ce3cf#@#@#9#.jpeg</href>
</graphic>
</grate>
</procstep>
<procstep id="nev22187954n1-nev23463833n15">
<grate id="nev22187954n1-nev25100134n17">
<graphic id="nev22187954n1-nev25100134n18">
<href>0900c8af86ce3d4#@#@#9#.jpeg</href>
</graphic>
</grate>
</procstep>
<procstep id="nev22187954n1-nev23485601n80">
<grate id="nev22187954n1-nev25100134n15">
<graphic id="nev22187954n1-nev25100134n16">
<href>0900c8af86ce9e0#@#@#9#.jpeg</href>
</graphic>
<graphtext id="nev22187954n1-nev25100643n1">
<para id="nev22187954n1-nev25100134n13">
<ptxt id="nev22187954n1-nev25100134n14">
<material id="nev22187954n1-nev23485601n75" materialid="980443" materialname="Welded bolt" quantity="0.0" showInProcStep="true"/>
</ptxt>
</para>
</graphtext>
</grate>
</procstep>
<procstep id="nev22187954n1-nev23485601n74">
<grate id="nev22187954n1-nev25100134n11">
<graphic id="nev22187954n1-nev25100134n12">
<href>0900c8af86ce9e0#@#@#9#.jpeg</href>
</graphic>
<graphtext id="nev22187954n1-nev25100650n1">
<para id="nev22187954n1-nev25100134n9">
<ptxt id="nev22187954n1-nev25100134n10">
<material id="nev22187954n1-nev23485601n69" materialid="980443" materialname="Welded bolt" quantity="0.0" showInProcStep="true"/>
</ptxt>
</para>
</graphtext>
</grate>
</procstep>
<procstep id="nev22187954n1-nev23485601n68">
<grate id="nev22187954n1-nev25100134n7">
<graphic id="nev22187954n1-nev25100134n8">
<href>0900c8af86ce9e0#@#@#9#.jpeg</href>
</graphic>
<graphtext id="nev22187954n1-nev25100657n1">
<para id="nev22187954n1-nev25100134n5">
<ptxt id="nev22187954n1-nev25100134n6">
<material id="nev22187954n1-nev23485601n63" materialid="980443" materialname="Welded bolt" quantity="0.0" showInProcStep="true"/>
<material id="nev22187954n1-nev23485601n62" materialid="30622654" materialname="Welded bolt" quantity="0.0" showInProcStep="true"/>
</ptxt>
</para>
</graphtext>
</grate>
</procstep>
<procstep id="nev22187954n1-nev23485601n61">
<grate id="nev22187954n1-nev25100134n3">
<graphic id="nev22187954n1-nev25100134n4">
<href>0900c8af86ce9e1#@#@#9#.jpeg</href>
</graphic>
<graphtext id="nev22187954n1-nev25100667n1">
<para id="nev22187954n1-nev25100134n1">
<ptxt id="nev22187954n1-nev25100134n2">
<material id="nev22187954n1-nev23488193n51" materialid="980443" materialname="Welded bolt" quantity="0.0" showInProcStep="true"/>
<material id="nev22187954n1-nev23488193n50" materialid="30622654" materialname="Welded bolt" quantity="0.0" showInProcStep="true"/>
</ptxt>
</para>
</graphtext>
</grate>
</procstep>
<procstep id="nev22187954n1-nev23485601n58">
<grate id="nev22187954n1-nev25100589n99">
<graphic id="nev22187954n1-nev25100589n100">
<href>0900c8af86a0e83#@#@#9#.jpeg</href>
</graphic>
<graphtext id="nev22187954n1-nev25100677n1">
<para id="nev22187954n1-nev25100589n97">
<ptxt id="nev22187954n1-nev25100589n98">
<material id="nev22187954n1-nev23485601n53" materialid="980443" materialname="Welded bolt" quantity="0.0" showInProcStep="true"/>
</ptxt>
</para>
</graphtext>
</grate>
</procstep>
<procstep id="nev22187954n1-nev23485601n52">
<grate id="nev22187954n1-nev25100589n95">
<graphic id="nev22187954n1-nev25100589n96">
<href>0900c8af86a0e83#@#@#9#.jpeg</href>
</graphic>
<graphtext id="nev22187954n1-nev25100684n1">
<para id="nev22187954n1-nev25100589n93">
<ptxt id="nev22187954n1-nev25100589n94">
<material id="nev22187954n1-nev23485601n47" materialid="30622654" materialname="Welded bolt" quantity="0.0" showInProcStep="true"/>
</ptxt>
</para>
</graphtext>
</grate>
</procstep>
<procstep id="nev22187954n1-nev23496627n40">
<title id="nev22187954n1-0800c8af86ce9667">The following s#@#@#68#ment.</title>
</procstep>
<procstep id="nev22187954n1-nev25094410n30">
<grate id="nev22187954n1-nev25100589n91">
<graphic id="nev22187954n1-nev25100589n92">
<href>0900c8af869c4ed#@#@#9#.jpeg</href>
</graphic>
<graphtext id="nev22187954n1-nev25100691n1">
<note id="nev22187954n1-0800c8af872f741e">
<ptxt>Leave the remai#@#@#76#ayer.</ptxt>
</note>
</graphtext>
</grate>
</procstep>
<procstep id="nev22187954n1-nev25094410n26">
<grate id="nev22187954n1-nev25100589n89">
<graphic id="nev22187954n1-nev25100589n90">
<href>0900c8af869c4ed#@#@#9#.jpeg</href>
</graphic>
<graphtext id="nev22187954n1-nev25100695n1">
<note id="nev22187954n1-0800c8af872f741e">
<ptxt>Leave the remai#@#@#76#ayer.</ptxt>
</note>
</graphtext>
</grate>
</procstep>
<procstep id="nev22187954n1-nev25094410n10">
<grate id="nev22187954n1-nev25100589n87">
<graphic id="nev22187954n1-nev25100589n88">
<href>0900c8af869c4ed#@#@#9#.jpeg</href>
</graphic>
<graphtext id="nev22187954n1-nev25100699n1">
<para id="nev22187954n1-nev25100589n85">
<ptxt id="nev22187954n1-nev25100589n86">
<material id="nev22187954n1-nev25095047n55" materialid="30764637" materialname="Bodywork adhesive" quantity="0.0" showInProcStep="true"/>
</ptxt>
</para>
<para id="nev22187954n1-nev25100589n83">
<ptxt id="nev22187954n1-nev25100589n84">
<material id="nev22187954n1-nev25094410n5" materialid="30622741" materialname="Blind rivet" quantity="0.0" showInProcStep="true"/>
</ptxt>
</para>
</graphtext>
</grate>
</procstep>
<procstep id="nev22187954n1-nev25094410n4">
<grate id="nev22187954n1-nev25100589n81">
<graphic id="nev22187954n1-nev25100589n82">
<href>0900c8af869c4ed#@#@#9#.jpeg</href>
</graphic>
<graphtext id="nev22187954n1-nev25100709n1">
<para id="nev22187954n1-nev25100589n79">
<ptxt id="nev22187954n1-nev25100589n80">
<material id="nev22187954n1-nev25095047n48" materialid="30764637" materialname="Bodywork adhesive" quantity="0.0" showInProcStep="true"/>
</ptxt>
</para>
<para id="nev22187954n1-nev25100589n77">
<ptxt id="nev22187954n1-nev25100589n78">
<material id="nev22187954n1-nev25094528n99" materialid="30622741" materialname="Blind rivet" quantity="0.0" showInProcStep="true"/>
</ptxt>
</para>
</graphtext>
</grate>
</procstep>
<procstep id="nev22187954n1-nev25094410n22">
<grate id="nev22187954n1-nev25100589n75">
<graphic id="nev22187954n1-nev25100589n76">
<href>0900c8af869c4ec#@#@#9#.jpeg</href>
</graphic>
</grate>
</procstep>
<procstep id="nev22187954n1-nev25094410n19">
<grate id="nev22187954n1-nev25100589n73">
<graphic id="nev22187954n1-nev25100589n74">
<href>0900c8af869c4ec#@#@#9#.jpeg</href>
</graphic>
</grate>
</procstep>
<procstep id="nev22187954n1-nev25094410n16">
<grate id="nev22187954n1-nev25100589n71">
<graphic id="nev22187954n1-nev25100589n72">
<href>0900c8af869c4ec#@#@#9#.jpeg</href>
</graphic>
</grate>
</procstep>
<procstep id="nev22187954n1-nev25094410n13">
<grate id="nev22187954n1-nev25100589n69">
<graphic id="nev22187954n1-nev25100589n70">
<href>0900c8af869c4ec#@#@#9#.jpeg</href>
</graphic>
</grate>
</procstep>
<procstep id="nev22187954n1-nev23463833n12">
<grate id="nev22187954n1-nev25100589n67">
<graphic id="nev22187954n1-nev25100589n68">
<href>0900c8af86ce3d4#@#@#9#.jpeg</href>
</graphic>
</grate>
</procstep>
<procstep id="nev22187954n1-nev23463833n9">
<grate id="nev22187954n1-nev25100589n65">
<graphic id="nev22187954n1-nev25100589n66">
<href>0900c8af86ce3d4#@#@#9#.jpeg</href>
</graphic>
</grate>
</procstep>
<procstep id="nev22187954n1-nev22294935n6">
<grate id="nev22187954n1-nev25100589n63">
<graphic id="nev22187954n1-nev25100589n64">
<href>0900c8af869ae7a#@#@#9#.jpeg</href>
</graphic>
</grate>
</procstep>
<procstep id="nev22187954n1-nev24808612n42">
<grate id="nev22187954n1-nev25100589n61">
<graphic id="nev22187954n1-nev25100589n62">
<href>0900c8af872bda4#@#@#9#.jpeg</href>
</graphic>
<graphtext id="nev22187954n1-nev25100740n1">
<note id="nev22187954n1-0800c8af872f741e">
<ptxt>Leave the remai#@#@#76#ayer.</ptxt>
</note>
</graphtext>
</grate>
</procstep>
<procstep id="nev22187954n1-nev24808612n39">
<grate id="nev22187954n1-nev25100589n59">
<graphic id="nev22187954n1-nev25100589n60">
<href>0900c8af872bda4#@#@#9#.jpeg</href>
</graphic>
</grate>
</procstep>
<procstep id="nev22187954n1-nev22295835n40">
<grate id="nev22187954n1-nev25100589n57">
<graphic id="nev22187954n1-nev25100589n58">
<href>0900c8af869a242#@#@#9#.jpeg</href>
</graphic>
</grate>
</procstep>
<procstep id="nev22187954n1-nev22295835n76">
<grate id="nev22187954n1-nev25100589n55">
<graphic id="nev22187954n1-nev25100589n56">
<href>0900c8af869c4dc#@#@#9#.jpeg</href>
</graphic>
</grate>
</procstep>
<procstep id="nev22187954n1-nev22295835n73">
<grate id="nev22187954n1-nev25100589n53">
<graphic id="nev22187954n1-nev25100589n54">
<href>0900c8af869c4dc#@#@#9#.jpeg</href>
</graphic>
</grate>
</procstep>
<procstep id="nev22187954n1-nev22295835n70">
<grate id="nev22187954n1-nev25100589n51">
<graphic id="nev22187954n1-nev25100589n52">
<href>0900c8af869c4dc#@#@#9#.jpeg</href>
</graphic>
</grate>
</procstep>
<procstep id="nev22187954n1-nev22295835n67">
<grate id="nev22187954n1-nev25100589n49">
<graphic id="nev22187954n1-nev25100589n50">
<href>0900c8af869c4ec#@#@#9#.jpeg</href>
</graphic>
</grate>
</procstep>
<procstep id="nev22187954n1-nev22295835n49">
<grate id="nev22187954n1-nev25100589n47">
<graphic id="nev22187954n1-nev25100589n48">
<href>0900c8af869c4ec#@#@#9#.jpeg</href>
</graphic>
</grate>
</procstep>
<procstep id="nev22187954n1-nev23464191n86">
<grate id="nev22187954n1-nev25100589n45">
<graphic id="nev22187954n1-nev25100589n46">
<href>0900c8af86ce3d4#@#@#9#.jpeg</href>
</graphic>
</grate>
</procstep>
<procstep id="nev22187954n1-nev23464191n83">
<grate id="nev22187954n1-nev25100589n43">
<graphic id="nev22187954n1-nev25100589n44">
<href>0900c8af86ce3d4#@#@#9#.jpeg</href>
</graphic>
</grate>
</procstep>
<procstep id="nev22187954n1-nev23464191n80">
<grate id="nev22187954n1-nev25100589n41">
<graphic id="nev22187954n1-nev25100589n42">
<href>0900c8af86ce3d4#@#@#9#.jpeg</href>
</graphic>
</grate>
</procstep>
<procstep id="nev22187954n1-nev22295835n52">
<grate id="nev22187954n1-nev25100589n39">
<graphic id="nev22187954n1-nev25100589n40">
<href>0900c8af869c4ec#@#@#9#.jpeg</href>
</graphic>
</grate>
</procstep>
<procstep id="nev22187954n1-nev22295835n46">
<grate id="nev22187954n1-nev25100589n37">
<graphic id="nev22187954n1-nev25100589n38">
<href>0900c8af869c4ec#@#@#9#.jpeg</href>
</graphic>
</grate>
</procstep>
<procstep id="nev22187954n1-nev22295835n43">
<grate id="nev22187954n1-nev25100589n35">
<graphic id="nev22187954n1-nev25100589n36">
<href>0900c8af869c4ec#@#@#9#.jpeg</href>
</graphic>
</grate>
</procstep>
</stepgrp>
<stepgrp boilerplate="false" context="" id="nev22187954n1-nev25100589n34">
<title id="nev22187954n1-0800c8af844a46f9">Installation</title>
<procstep id="nev22187954n1-nev22295835n14">
<para id="nev22187954n1-nev25100589n32">
<ptxt id="nev22187954n1-nev25100589n33">See information#@#@#7#paint<xref boilerplate="true" id="nev22187954n1-0800c8af850665de">
<ref id="nev22187954n1-nev22295835n11"/>
</xref>
</ptxt>
</para>
</procstep>
<procstep id="nev22187954n1-nev22295835n9">
<para id="nev22187954n1-nev25100589n30">
<ptxt id="nev22187954n1-nev25100589n31">To install, rev#@#@#22#dure.</ptxt>
</para>
</procstep>
<procstep id="nev22187954n1-nev22295835n6">
<para id="nev22187954n1-nev25100589n28">
<ptxt id="nev22187954n1-nev25100589n29">See information#@#@#22#ction<xref boilerplate="true" id="nev22187954n1-0800c8af8450d538">
<ref id="nev22187954n1-nev22295835n3"/>
</xref>
</ptxt>
</para>
</procstep>
</stepgrp>
</procedure>
</servinfosub>