<?xml version="1.0" encoding="UTF-8"?><servinfosub IE-ID="en-US0900c8af8053670b" docno="VCC-135372" id="KC01667164" xml:lang="en-US">
<title>Replacing the t#@#@#4#table</title>
<procedure>
<stepgrp>
<procstep id="KC01741603">
<title>Removal</title>
<grate>
<graphic id="KC07550023">
<href>0900c8af8012902#@#@#9#.jpeg</href>
</graphic>
<graphtext>
<list1 enumtype="d" type="unordered">
<item>
<ptxt>Remove the seat#@#@#1# See <xref>
<ref id="KC07550024"/>
</xref>
</ptxt>
</item>
<item>
<ptxt>Remove the fron#@#@#3#crews</ptxt>
</item>
<item>
<ptxt>Bridge across t#@#@#33#table</ptxt>
</item>
<item>
<ptxt>Raise the turn #@#@#23# unit</ptxt>
</item>
<item>
<ptxt>Remove the rear#@#@#21#table</ptxt>
</item>
<item>
<ptxt>Lower the turn table</ptxt>
</item>
<item>
<ptxt>Tip or turn the#@#@#28# seat</ptxt>
</item>
<item>
<ptxt>Separate the 3 #@#@#5#ctors</ptxt>
</item>
<item>
<ptxt>Remove the turn#@#@#2#able.</ptxt>
</item>
</list1>
</graphtext>
</grate>
</procstep>
<procstep id="KC01741604">
<title>Installation</title>
<para>
<ptxt>In reverse order</ptxt>
</para>
<note>
<ptxt>Thread sealant <emph>115 1053</emph> must be applie#@#@#39#able.</ptxt>
</note>
<para>
<ptxt>Tighten the scr#@#@#29#n to <emph>40 Nm</emph>.</ptxt>
</para>
</procstep>
</stepgrp>
</procedure>
</servinfosub>