<?xml version="1.0" encoding="UTF-8"?><servinfosub IE-ID="en-US0900c8af82df470b" docno="VCC-142620" id="KC01697792" xml:lang="en-US">
<title id="nev11124748n250">Sensors for che#@#@#16#ystem</title>
<list1 enumtype="d" id="nev11124748n248" type="unordered">
<item id="nev11124748n246">
<ptxt id="nev11124748n244">
<xref id="nev11124748n242">
<ref id="KC07563739"/>
</xref>
</ptxt>
</item>
<item id="nev11124748n237">
<ptxt id="nev11124748n235">
<xref id="nev11124748n233">
<ref id="KC07563740"/>
</xref>
</ptxt>
</item>
<item id="nev11124748n228">
<ptxt id="nev11124748n226">
<xref id="nev11124748n224">
<ref id="KC07563741"/>
</xref>
</ptxt>
</item>
<item id="nev11124748n219">
<ptxt id="nev11124748n217">
<xref id="nev11124748n215">
<ref id="KC07563742"/>
</xref>
</ptxt>
</item>
<item id="nev11124748n210">
<ptxt id="nev11124748n208">
<xref id="nev11124748n206">
<ref id="KC07563743"/>
</xref>
</ptxt>
</item>
<item id="nev11124748n201">
<ptxt id="nev11124748n199">
<xref id="nev11124748n197">
<ref id="KC07563744"/>
</xref>
</ptxt>
</item>
<item id="nev11124748n192">
<ptxt id="nev11124748n190">
<xref id="nev11124748n188">
<ref id="KC07563745"/>
</xref>
</ptxt>
</item>
<item id="nev11124748n183">
<ptxt id="nev11124748n181">
<xref id="nev11124748n179">
<ref id="KC07563746"/>
</xref>
</ptxt>
</item>
<item id="nev11124748n174">
<ptxt id="nev11124748n172">
<xref id="nev11124748n170">
<ref id="KC07563747"/>
</xref>
</ptxt>
</item>
<item id="nev11124748n165">
<ptxt id="nev11124748n163">
<xref id="nev11124748n161">
<ref id="KC07563748"/>
</xref>
</ptxt>
</item>
<item id="nev11124748n156">
<ptxt id="nev11124748n154">
<xref id="nev11124748n152">
<ref id="KC07563749"/>
</xref>
</ptxt>
</item>
<item id="nev11124748n147">
<ptxt id="nev11124748n145">
<xref id="nev11124748n143">
<ref id="KC07563750"/>
</xref>
</ptxt>
</item>
<item id="nev11124748n138">
<ptxt id="nev11124748n136">
<xref id="nev11124748n134">
<ref id="KC07563751"/>
</xref>
</ptxt>
</item>
<item id="nev11124748n129">
<ptxt id="nev11124748n127">
<xref id="nev11124748n125">
<ref id="KC07563752"/>
</xref>
</ptxt>
</item>
<item id="nev11124748n120">
<ptxt id="nev11124748n118">
<xref id="nev11124748n116">
<ref id="KC07563753"/>
</xref>
</ptxt>
</item>
<item id="nev11124748n111">
<ptxt id="nev11124748n109">
<xref id="nev11124748n107">
<ref id="KC07563754"/>
</xref>
</ptxt>
</item>
<item id="nev11124748n102">
<ptxt id="nev11124748n100">
<xref id="nev11124748n98">
<ref id="KC07563755"/>
</xref>
</ptxt>
</item>
<item id="nev11124748n93">
<ptxt id="nev11124748n91">
<xref id="nev11124748n89">
<ref id="KC07563756"/>
</xref>
</ptxt>
</item>
<item id="nev11124748n84">
<ptxt id="nev11124748n82">
<xref id="nev11124748n80">
<ref id="KC07563757"/>
</xref>
</ptxt>
</item>
<item id="nev11124748n75">
<ptxt id="nev11124748n73">
<xref id="nev11124748n71">
<ref id="KC07563758"/>
</xref>
</ptxt>
</item>
<item id="nev11124749n194">
<ptxt id="nev11124749n71">
<xref id="nev11124750n198">
<ref id="nev11124750n75"/>
</xref>
</ptxt>
</item>
</list1>
</servinfosub>