<?xml version="1.0" encoding="UTF-8"?><servinfosub IE-ID="en-US0900c8af844d8602" docno="VCC-371156" id="nev13718272n1" original="sv-SE" servinfosubId="nev13718273n1-nev13718277n1" servinfosubRes="0900c8af844d8606" servinfosubRes2="urn:x-nevis:fragment:0900c8af844d8602:0900c8af844d8606#nev13718277n1" xml:lang="en-US">
<title id="nev13718271n17">Side panel loadspace</title>
<procedure id="nev13718273n1-nev13718276n81">
<note id="nev13718273n1-nev13718276n82">
<ptxt id="nev13718273n1-nev13718276n83">The illustratio#@#@#176#rect.</ptxt>
</note>
<stepgrp id="nev13718273n1-nev13718276n84">
<title id="nev13718273n1-nev13718276n85">Removal</title>
<procstep id="nev13718273n1-nev13718280n50">
<title id="nev13718273n1-nev13718280n51"/>
<grate id="nev13718273n1-nev13718280n52">
<graphic id="nev13718273n1-nev13718280n53">
<href>0900c8af83f52f6#@#@#9#.jpeg</href>
</graphic>
</grate>
</procstep>
<procstep id="nev13718273n1-nev13718276n86">
<title id="nev13718273n1-nev13718276n87">Removing the si#@#@#3#panel</title>
<grate id="nev13718273n1-nev13718280n47">
<graphic id="nev13718273n1-nev13718280n48">
<href>0900c8af82740a2#@#@#9#.jpeg</href>
</graphic>
<graphtext id="nev13718273n1-nev13718280n49">
<list1 enumtype="d" id="nev13718273n1-nev13718279n48" type="unordered">
<title id="nev13718273n1-nev13718279n49">Remove:</title>
<item id="nev13718273n1-nev13718279n50">
<ptxt id="nev13718273n1-nev13718279n51">the load limite#@#@#38#d in <xref id="nev13718273n1-nev13718279n52">
<ref id="nev13718273n1-nev13718279n53"/>
</xref>
</ptxt>
</item>
<item id="nev13718273n1-nev13718279n54">
<ptxt id="nev13718273n1-nev13718279n55">the rear limit #@#@#13#See: <xref id="nev13718273n1-nev13718280n13">
<ref id="nev13718273n1-nev13718280n14"/>
</xref>
</ptxt>
</item>
<item id="nev13718273n1-nev13718279n57">
<ptxt id="nev13718273n1-nev13718279n58">the sill moldin#@#@#78#des).</ptxt>
</item>
</list1>
<para id="nev13718273n1-nev13718279n59">
<ptxt id="nev13718273n1-nev13718279n60">Unplug the conn#@#@#22#ding.</ptxt>
</para>
</graphtext>
</grate>
<grate id="nev13718273n1-nev13718276n100">
<graphic id="nev13718273n1-nev13718279n1">
<href>0900c8af82740ad#@#@#9#.jpeg</href>
</graphic>
<graphtext id="nev13718273n1-nev13718279n2">
<list1 enumtype="d" id="nev13718273n1-nev13718279n5" type="unordered">
<title id="nev13718273n1-nev13718279n30">Remove:</title>
<item id="nev13718273n1-nev13718279n61">
<ptxt id="nev13718273n1-nev13718279n62">the clip, x1</ptxt>
</item>
<item id="nev13718273n1-nev13718279n63">
<ptxt id="nev13718273n1-nev13718279n64">the 1 x M6 nut</ptxt>
</item>
<item id="nev13718273n1-nev13718279n65">
<ptxt id="nev13718273n1-nev13718279n66">the tool compartment</ptxt>
</item>
<item id="nev13718273n1-nev13718279n67">
<ptxt id="nev13718273n1-nev13718279n68">the 4 x M8 lash#@#@#3# eyes</ptxt>
</item>
<item id="nev13718273n1-nev13718279n69">
<ptxt id="nev13718273n1-nev13718279n70">the floor mat i#@#@#19#ment.</ptxt>
</item>
</list1>
</graphtext>
</grate>
</procstep>
<procstep id="nev13718273n1-nev13718279n71">
<title id="nev13718273n1-nev13718279n72"/>
<grate id="nev13718273n1-nev13718280n15">
<graphic id="nev13718273n1-nev13718280n16">
<href>0900c8af8324f05#@#@#9#.jpeg</href>
</graphic>
<graphtext id="nev13718273n1-nev13718280n17">
<note id="nev13718273n1-nev13718280n18">
<ptxt id="nev13718273n1-nev13718280n19">Mark the height#@#@#35#oval.</ptxt>
</note>
<para id="nev13718273n1-nev13718280n20">
<ptxt id="nev13718273n1-nev13718280n21">Remove the scre#@#@#5#x M6.</ptxt>
</para>
</graphtext>
</grate>
</procstep>
<procstep id="nev13718273n1-nev13718279n79">
<title id="nev13718273n1-nev13718279n80"/>
<grate id="nev13718273n1-nev13718280n22">
<graphic id="nev13718273n1-nev13718280n23">
<href>0900c8af8324f06#@#@#9#.jpeg</href>
</graphic>
<graphtext id="nev13718273n1-nev13718280n24">
<para id="nev13718273n1-nev13718280n25">
<ptxt id="nev13718273n1-nev13718280n26">Carefully tap t#@#@#9#t up.</ptxt>
</para>
</graphtext>
</grate>
</procstep>
<procstep id="nev13718273n1-nev13718279n85">
<title id="nev13718273n1-nev13718279n86"/>
<grate id="nev13718273n1-nev13718280n27">
<graphic id="nev13718273n1-nev13718280n28">
<href>0900c8af8324f24#@#@#9#.jpeg</href>
</graphic>
<graphtext id="nev13718273n1-nev13718280n29">
<list1 boilerplate="false" id="nev13718273n1-nev13718280n30" type="unordered">
<title id="nev13718273n1-nev13718280n31">Remove:</title>
<item id="nev13718273n1-nev13718280n32">
<ptxt id="nev13718273n1-nev13718280n33">the 2 M6 screws</ptxt>
</item>
<item id="nev13718273n1-nev13718280n34">
<ptxt id="nev13718273n1-nev13718280n35">the support wit#@#@#16#panel</ptxt>
</item>
<item id="nev13718273n1-nev13718280n36">
<ptxt id="nev13718273n1-nev13718280n37">the panel for s#@#@#38#tion.</ptxt>
</item>
</list1>
</graphtext>
</grate>
</procstep>
<procstep id="nev13718273n1-nev13718279n97">
<title id="nev13718273n1-nev13718279n98"/>
<grate id="nev13718273n1-nev13718280n38">
<graphic id="nev13718273n1-nev13718280n39">
<href>0900c8af8324f3a#@#@#9#.jpeg</href>
</graphic>
<graphtext id="nev13718273n1-nev13718280n40">
<list1 boilerplate="false" id="nev13718273n1-nev13718280n41" type="unordered">
<title id="nev13718273n1-nev13718280n42">Remove:</title>
<item id="nev13718273n1-nev13718280n43">
<ptxt id="nev13718273n1-nev13718280n44">the 4 x clips</ptxt>
</item>
<item id="nev13718273n1-nev13718280n45">
<ptxt id="nev13718273n1-nev13718280n46">the 1 x M8 lash#@#@#2#g eye</ptxt>
</item>
</list1>
</graphtext>
</grate>
</procstep>
<procstep id="nev13718273n1-nev13718280n7">
<title id="nev13718273n1-nev13718280n8"/>
<para id="nev13718273n1-nev13718280n11">
<ptxt id="nev13718273n1-nev13718280n12">Raise the panel#@#@#30#port.</ptxt>
</para>
</procstep>
</stepgrp>
<stepgrp id="nev13718273n1-nev13718279n12">
<title id="nev13718273n1-nev13718279n13">Installation</title>
<note id="nev13718273n1-nev13718279n19">
<ptxt id="nev13718273n1-nev13718279n20">For tightening #@#@#9#see: <xref id="nev13718273n1-nev13718279n21">
<ref id="nev13718273n1-nev13718279n22"/>
</xref>.</ptxt>
</note>
<procstep id="nev13718273n1-nev13718279n14">
<title id="nev13718273n1-nev13718279n15">Installing the #@#@#5#panel</title>
<para id="nev13718273n1-nev13718279n16">
<ptxt id="nev13718273n1-nev13718279n17">Install in the #@#@#9#rder.</ptxt>
</para>
</procstep>
</stepgrp>
</procedure>
</servinfosub>