<?xml version="1.0" encoding="UTF-8"?><servinfosub IE-ID="en-US0900c8af80144602" docno="VCC-139500" id="KC01118247" xml:lang="en-US">
<title>
<phrase category="" id="KC06942515" phrase-urn="urn:x-nevis:phrase:0800c8af81a0b751">Signal too low</phrase>
</title>
<diagnostic j2008use="1" paperuse="1" screenuse="1" type="test">
<testgrp IE-ID="en-US0900c8af80144602_KC01291593" id="KC01291593" j2008use="1" paperuse="1" resumable="1" screenuse="1" testgrp-id="node1" x="120" y="80">
<title>
<phrase category="" id="KC06942516" phrase-urn="urn:x-nevis:phrase:0800c8af81a0b753">Checking compon#@#@#10#iring</phrase>
</title>
<node>
<test1>
<test2>
<para>
<ptxt>
<phrase category="" id="KC06942517" phrase-urn="urn:x-nevis:phrase:0800c8af81a0b754">Check that the #@#@#53#lled.</phrase>
</ptxt>
</para>
<para>
<ptxt>
<phrase category="" id="KC06942518" phrase-urn="urn:x-nevis:phrase:0800c8af81a0b755">Check the cable#@#@#349#und. </phrase>
</ptxt>
</para>
<para>
<ptxt>
<phrase category="" id="KC06942519" phrase-urn="urn:x-nevis:phrase:0800c8af81a0b756">Remedy as necessary.</phrase>
</ptxt>
</para>
<list1 enumtype="d" type="unordered">
<title>
<phrase category="" id="KC06942520" phrase-urn="urn:x-nevis:phrase:0800c8af81a0b757">Other information:</phrase>
</title>
<item>
<ptxt>
<phrase category="" id="KC06942521" phrase-urn="urn:x-nevis:phrase:0800c8af81a0b759">To connect the #@#@#13# see <xref>
<ref id="KC06942522"/>
</xref>
</phrase>
</ptxt>
</item>
<item>
<ptxt>
<phrase category="" id="KC06942523" phrase-urn="urn:x-nevis:phrase:0800c8af81a0b75b">For information#@#@#15# see <xref>
<ref id="KC06942524"/>
</xref>
</phrase>
</ptxt>
</item>
<item>
<ptxt>
<phrase category="" id="KC06942525" phrase-urn="urn:x-nevis:phrase:0800c8af81a0b75c">To access or re#@#@#45# see <xref>
<ref id="KC06942526"/>
</xref>
</phrase>
</ptxt>
</item>
<item>
<ptxt>
<phrase category="" id="KC06942527" phrase-urn="urn:x-nevis:phrase:0800c8af81a0b75d">
<xref>
<ref id="KC06942528"/>
</xref>.</phrase>
</ptxt>
</item>
</list1>
<diaglist>
<dgraphic>
<dgraphic2>
<graphic id="KC06942529">
<href>0900c8af80054d4#@#@#9#.jpeg</href>
</graphic>
<smarttool active="press" id="KC06942530" toolname="VDCDAH"/>
</dgraphic2>
</dgraphic>
<ditem>
<ditemtext>
<ptxt>
<phrase category="" id="KC06942531" phrase-urn="urn:x-nevis:phrase:0800c8af81a0b75e"/>
</ptxt>
</ditemtext>
</ditem>
</diaglist>
</test2>
</test1>
<question>Select Continue.</question>
<resact-grp>
<result button="cont" comp="button" highlight="0"/>
<action j2008use="1" paperuse="1" screenuse="1">
<ptxt>
<xref>
<ref id="KC06942532"/>
</xref>
</ptxt>
</action>
</resact-grp>
</node>
</testgrp>
<testgrp id="KC01291594" j2008use="1" paperuse="1" resumable="1" screenuse="1" testgrp-id="veria" x="120" y="200">
<title>
<phrase category="" id="KC06942533" phrase-urn="urn:x-nevis:phrase:0800c8af81a0b760">Verification</phrase>
</title>
<subcalloutnode>
<diagcallout>
<xref>
<ref id="KC06942534"/>
</xref>
</diagcallout>
<rescall-grp>
<result comp="string" highlight="0" op="eq" return="VERIFIED"/>
<calloutaction>
<return value="FAULT FOUND"/>
</calloutaction>
</rescall-grp>
<rescall-grp>
<result comp="string" highlight="0" op="eq" return="VERIFICATION FAILED"/>
<calloutaction>
<ptxt>
<xref>
<ref id="KC06942535"/>
</xref>
</ptxt>
</calloutaction>
</rescall-grp>
</subcalloutnode>
</testgrp>
<testgrp id="KC01291595" j2008use="1" paperuse="1" resumable="1" screenuse="1" testgrp-id="info1" x="360" y="200">
<title>
<phrase category="" id="KC06942536" phrase-urn="urn:x-nevis:phrase:0800c8af81a0b761">Fault-tracing i#@#@#5#ation</phrase>
</title>
<subcalloutnode>
<diagcallout>
<xref>
<ref id="KC06942537"/>
</xref>
</diagcallout>
<rescall-grp>
<result comp="string" highlight="0" op="eq" return="FAULTTRACING FAILED"/>
<calloutaction>
<return value="FAULTTRACING FAILED"/>
</calloutaction>
</rescall-grp>
<rescall-grp>
<result comp="string" highlight="0" op="eq" return="NEW TRY"/>
<calloutaction>
<ptxt>
<xref>
<ref id="KC06942538"/>
</xref>
</ptxt>
</calloutaction>
</rescall-grp>
</subcalloutnode>
</testgrp>
</diagnostic>
</servinfosub>