<?xml version="1.0" encoding="UTF-8"?><servinfosub IE-ID="en-US0900c8af8094f602" docno="VCC-121050" id="KC01641950" xml:lang="en-US">
<title>Fuel tank, replacing</title>
<procedure opcode="1234" opnbr="1234">
<proctools>
<toolitem id="KC08937043"/>
<toolitem id="KC08937044"/>
<toolitem id="KC08937045"/>
</proctools>
<stepgrp id="KC01641951">
<procstep id="KC01641952">
<title>Fuel tank, draining</title>
<list1 enumtype="d" type="unordered">
<item>
<ptxt>Drain the fuel #@#@#5# See <xref>
<ref id="KC08937046"/>
</xref>.</ptxt>
</item>
</list1>
</procstep>
<procstep id="KC01641953">
<title>Removing from t#@#@#1#e top</title>
<grate>
<graphic id="KC08937047">
<href>0900c8af8012403#@#@#9#.jpeg</href>
</graphic>
<graphtext>
<list1 enumtype="d" type="unordered">
<item>
<ptxt>Fold the rear s#@#@#6#rward</ptxt>
</item>
<item>
<ptxt>Remove the floo#@#@#3#arpet</ptxt>
</item>
<item>
<ptxt>Remove the four#@#@#31#cover</ptxt>
</item>
<item>
<ptxt>Remove the meta#@#@#13#cover</ptxt>
</item>
<item>
<ptxt>Disconnect the #@#@#5#ctor.</ptxt>
</item>
</list1>
</graphtext>
</grate>
</procstep>
<procstep id="KC01641954">
<title>Protective cove#@#@#6#oving</title>
<grate>
<graphic id="KC08937048">
<href>0900c8af80123d1#@#@#9#.jpeg</href>
</graphic>
<graphtext>
<list1 enumtype="d" type="unordered">
<item>
<ptxt>Remove the left#@#@#17#cover</ptxt>
</item>
<item>
<ptxt>Remove the two #@#@#72#ward.</ptxt>
</item>
</list1>
</graphtext>
</grate>
</procstep>
<procstep id="KC01641955">
<title>Connections, re#@#@#1#oving</title>
<grate>
<graphic id="KC08937049">
<href>0900c8af8012405#@#@#9#.jpeg</href>
</graphic>
<graphtext>
<warning>
<ptxt> Protective glo#@#@#107#age. </ptxt>
</warning>
<list1 enumtype="d" type="unordered">
<title>Remove:</title>
<item>
<ptxt>the fuel filler pipe</ptxt>
</item>
<item>
<ptxt>the quick-relea#@#@#33# see <xref>
<ref id="KC08937050"/>
</xref>.</ptxt>
<note>
<ptxt>Wipe up any fue#@#@#6#lage.</ptxt>
</note>
</item>
<item>
<ptxt>The quick-relea#@#@#64#hose.</ptxt>
<note>
<ptxt>The clip must b#@#@#19#line.</ptxt>
</note>
</item>
<item>
<ptxt>the quick-relea#@#@#78# hose</ptxt>
</item>
<item>
<ptxt>the quick-relea#@#@#68#hose </ptxt>
</item>
<item>
<ptxt>the quick-relea#@#@#70#hose.</ptxt>
</item>
</list1>
</graphtext>
</grate>
</procstep>
<procstep id="KC01641956">
<title>Fuel tank, removing</title>
<grate>
<graphic id="KC08937051">
<href>0900c8af80123d1#@#@#9#.jpeg</href>
</graphic>
<graphtext>
<list1 enumtype="d" type="unordered">
<item>
<ptxt>Apply rust solv#@#@#16#nents</ptxt>
</item>
<item>
<ptxt>Slacken off the#@#@#5# nuts</ptxt>
</item>
<item>
<ptxt>Support the fue#@#@#33#xture<toolitem id="KC08937052"/>
</ptxt>
</item>
<item>
<ptxt>Remove the nuts#@#@#41#traps</ptxt>
</item>
<item>
<ptxt>Lower the fuel #@#@#105#hield</ptxt>
</item>
<item>
<ptxt>Lower and remov#@#@#11#tank.</ptxt>
</item>
</list1>
</graphtext>
</grate>
</procstep>
</stepgrp>
<stepgrp id="KC01641957">
<title>Installation</title>
<note>
<ptxt>To ensure that #@#@#29#see: <xref>
<ref id="KC08937053"/>
</xref>.</ptxt>
</note>
<procstep id="KC01641958">
<title>Fuel tank compo#@#@#14#rring</title>
<grate>
<graphic id="KC08937054">
<href>0900c8af8012402#@#@#9#.jpeg</href>
</graphic>
<graphtext>
<list1 enumtype="d" type="unordered">
<item>
<ptxt>Detach the fuel#@#@#12#ilter</ptxt>
</item>
<item>
<ptxt>Transfer the fu#@#@#12# unit</ptxt>
</item>
<item>
<ptxt>Transfer the ca#@#@#7#unit </ptxt>
</item>
<item>
<ptxt>Install the sid#@#@#32#n to <emph>5 Nm</emph>.</ptxt>
</item>
</list1>
</graphtext>
</grate>
</procstep>
<procstep id="KC01641959">
<title>Fuel tank, inst#@#@#1#lling</title>
<grate>
<graphic id="KC08937055">
<href>0900c8af80123d1#@#@#9#.jpeg</href>
</graphic>
<graphtext>
<note>
<ptxt>Tighten the rea#@#@#80#body.</ptxt>
</note>
<list1 enumtype="d" type="unordered">
<item>
<ptxt>Install the fue#@#@#16# car.</ptxt>
<note>
<ptxt>Check that the #@#@#61#oned.</ptxt>
</note>
</item>
<item>
<ptxt>Secure the fuel#@#@#74#older</ptxt>
</item>
<item>
<ptxt>Install the fue#@#@#34#nuts </ptxt>
</item>
<item>
<ptxt>Tighten the fro#@#@#15#n to <emph>25 Nm</emph>.</ptxt>
</item>
</list1>
</graphtext>
</grate>
</procstep>
<procstep id="KC01641960">
<title>Connections, co#@#@#3#cting</title>
<grate>
<graphic id="KC08937056">
<href>0900c8af8012406#@#@#9#.jpeg</href>
</graphic>
<graphtext>
<list1 enumtype="d" type="unordered">
<item>
<ptxt>Clean all components</ptxt>
</item>
<item>
<ptxt>Connect the qui#@#@#45#nes. </ptxt>
<note>
<ptxt>Pull the quick-#@#@#45#ure. </ptxt>
</note>
</item>
<item>
<ptxt>Connect the hos#@#@#20# pipe</ptxt>
</item>
<item>
<ptxt>Install the cla#@#@#23#m of <emph>6 Nm</emph>
</ptxt>
</item>
<item>
<ptxt>Connect the qui#@#@#40#tem. </ptxt>
</item>
</list1>
</graphtext>
</grate>
</procstep>
<procstep id="KC01641961">
<title>Protective cove#@#@#8#lling</title>
<grate>
<graphic id="KC08937057">
<href>0900c8af80123d1#@#@#9#.jpeg</href>
</graphic>
<graphtext>
<list1 enumtype="d" type="unordered">
<item>
<ptxt>Install the lef#@#@#19#over.</ptxt>
<ptxt>Position the pr#@#@#31#ews. </ptxt>
</item>
</list1>
</graphtext>
</grate>
</procstep>
<procstep id="KC01641962">
<title>Fuel pump compo#@#@#12#lling</title>
<grate>
<graphic id="KC08937058">
<href>0900c8af8012403#@#@#9#.jpeg</href>
</graphic>
<graphtext>
<list1 enumtype="d" type="unordered">
<item>
<ptxt>Connect the con#@#@#1#ector</ptxt>
</item>
<item>
<ptxt>Reinstall the p#@#@#10#cover</ptxt>
</item>
<item>
<ptxt>Install the met#@#@#15#over.</ptxt>
<warning>
<ptxt>Ensure that the#@#@#201#lage.</ptxt>
</warning>
</item>
<item>
<ptxt>Install the pro#@#@#26#crews</ptxt>
</item>
<item>
<ptxt>Reinstall the f#@#@#6#arpet</ptxt>
</item>
<item>
<ptxt>Reinstall the r#@#@#3# seat</ptxt>
</item>
<item>
<ptxt>Fill the fuel t#@#@#3#, see<xref>
<ref id="KC08937059"/>
</xref>. </ptxt>
</item>
</list1>
</graphtext>
</grate>
</procstep>
<procstep>
<title>Finishing work</title>
<para>
<ptxt>Check that the #@#@#76#ling </ptxt>
<ptxt>Start the engin#@#@#17#age. </ptxt>
<ptxt>Continue to VID#@#@#43#tic. </ptxt>
</para>
</procstep>
</stepgrp>
</procedure>
</servinfosub>