<?xml version="1.0" encoding="UTF-8"?><servinfosub IE-ID="en-US0900c8af83b91602" docno="VCC-301988" id="nev12174553n1" xml:lang="en-US">
<title>
<phrase category="Title" id="nev12174559n1" phrase-urn="urn:x-nevis:phrase:0800c8af81eb9a54">Diagnostic trou#@#@#21#ation</phrase>
<phrase category="Prefix" id="nev12174561n1" phrase-urn="urn:x-nevis:phrase:0800c8af8015c3f5">ECM</phrase>-P030092</title>
<diagnostic j2008use="1" paperuse="1" screenuse="1" type="condition">
<condgrp>
<condition type="condition">
<para>
<ptxt>
<phrase category="" id="nev12174553n3" phrase-urn="urn:x-nevis:phrase:0800c8af81a94857">The diagnostic #@#@#210#ning.</phrase>
</ptxt>
<ptxt>
<phrase category="" id="nev12174553n4" phrase-urn="urn:x-nevis:phrase:0800c8af81a94858">This diagnostic#@#@#123#ing. </phrase>
</ptxt>
</para>
</condition>
</condgrp>
<condgrp>
<condition type="substitution">
<list1 enumtype="d" type="unordered">
<item>
<ptxt>
<phrase category="" id="nev12174553n5" phrase-urn="urn:x-nevis:phrase:0800c8af81a94859">Three-way catal#@#@#34#t off</phrase>
</ptxt>
</item>
<item>
<ptxt>
<phrase category="" id="nev12174553n6" phrase-urn="urn:x-nevis:phrase:0800c8af81a9485a">Leak diagnostic#@#@#4#t off</phrase>
</ptxt>
</item>
<item>
<ptxt>
<phrase category="" id="nev12174553n7" phrase-urn="urn:x-nevis:phrase:0800c8af81a9485b">Rear heated oxy#@#@#22#t off</phrase>
</ptxt>
</item>
<item>
<ptxt>
<phrase category="" id="nev12174553n8" phrase-urn="urn:x-nevis:phrase:0800c8af81a9485c">Fuel trim switc#@#@#3# off.</phrase>
</ptxt>
</item>
</list1>
</condition>
<ps>
<list1 enumtype="d" type="unordered">
<item id="nev12174553n9">
<ptxt id="nev12174553n10">
<phrase category="" id="nev12174554n1" phrase-urn="urn:x-nevis:phrase:0800c8af81a94862">Low fuel level</phrase>
</ptxt>
</item>
<item id="nev12174554n2">
<ptxt id="nev12174554n3">
<phrase category="" id="nev12174554n4" phrase-urn="urn:x-nevis:phrase:0800c8af81a94865">Engine does not#@#@#59#arts </phrase>
</ptxt>
</item>
<item id="nev12174554n5">
<ptxt id="nev12174554n6">
<phrase category="" id="nev12174554n7" phrase-urn="urn:x-nevis:phrase:0800c8af81a94863">Water in the sp#@#@#9#wells</phrase>
</ptxt>
</item>
<item>
<ptxt>
<phrase category="" id="nev12174554n8" phrase-urn="urn:x-nevis:phrase:0800c8af81a9485d">Damaged spark plug</phrase>
</ptxt>
</item>
<item>
<ptxt>
<phrase category="" id="nev12174554n9" phrase-urn="urn:x-nevis:phrase:0800c8af81a94864">Contaminated or#@#@#10# fuel</phrase>
</ptxt>
</item>
<item>
<ptxt>
<phrase category="" id="nev12174554n10" phrase-urn="urn:x-nevis:phrase:0800c8af81a94866">Poor fuel quali#@#@#22#ter).</phrase>
</ptxt>
</item>
<item>
<ptxt>
<phrase category="" id="nev12174555n1" phrase-urn="urn:x-nevis:phrase:0800c8af81a94860">Air leakage</phrase>
</ptxt>
</item>
<item>
<ptxt>
<phrase category="Possible source" id="nev12174555n2" phrase-urn="urn:x-nevis:phrase:0800c8af830859e7">Blocked crankca#@#@#10#tion.</phrase>
</ptxt>
</item>
<item>
<ptxt>
<phrase category="Possible source" id="nev12174555n3" phrase-urn="urn:x-nevis:phrase:0800c8af8253a0fb">Damaged VVT-unit.</phrase>
</ptxt>
</item>
<item>
<ptxt>
<phrase category="" id="nev12174555n4" phrase-urn="urn:x-nevis:phrase:0800c8af81a9485e">Blocked / leaki#@#@#6#ector</phrase>
</ptxt>
</item>
<item>
<ptxt>
<phrase category="" id="nev12174555n5" phrase-urn="urn:x-nevis:phrase:0800c8af81a94861">Faulty fuel pressure</phrase>
</ptxt>
</item>
<item>
<ptxt>
<phrase category="" id="nev12174555n6" phrase-urn="urn:x-nevis:phrase:0800c8af81a9485f">Uneven compression</phrase>
</ptxt>
</item>
</list1>
</ps>
</condgrp>
<condgrp>
<condition type="symptom">
<list1 enumtype="d" type="unordered">
<item id="nev12518757n100">
<ptxt id="nev12518757n98">
<phrase category="Symptom CSC" id="nev12519046n1" phrase-urn="urn:x-nevis:phrase:0800c8af8388f00f">AB, Starting/En#@#@#52#times</phrase>
</ptxt>
</item>
<item id="nev12518757n96">
<ptxt id="nev12518757n95">
<phrase category="Symptom CSC" id="nev12519125n1" phrase-urn="urn:x-nevis:phrase:0800c8af8388f029">AE, Idling/Unev#@#@#2# idle</phrase>
</ptxt>
</item>
<item id="nev12518757n93">
<ptxt id="nev12518757n92">
<phrase category="Symptom CSC" id="nev12519128n1" phrase-urn="urn:x-nevis:phrase:0800c8af8388f019">AJ, Driving/Poo#@#@#20#power</phrase>
</ptxt>
</item>
<item id="nev12518757n90">
<ptxt id="nev12518757n89">
<phrase category="Symptom CSC" id="nev12519139n1" phrase-urn="urn:x-nevis:phrase:0800c8af8388f021">AK, Driving/Hes#@#@#33#times</phrase>
</ptxt>
</item>
<item id="nev12518757n87">
<ptxt id="nev12518757n86">
<phrase category="Symptom CSC" id="nev12519147n1" phrase-urn="urn:x-nevis:phrase:0800c8af8388f076">DL, Warning lig#@#@#85#ation</phrase>
</ptxt>
</item>
</list1>
</condition>
</condgrp>
</diagnostic>
</servinfosub>