<?xml version="1.0" encoding="UTF-8"?><servinfosub IE-ID="en-US0900c8af8590e70e" docno="VCC-451790" id="nev18028634n1" xml:lang="en-US">
<title>
<phrase category="Title" id="nev18028634n2" phrase-urn="urn:x-nevis:phrase:0800c8af81eb9a59">Fault-tracing</phrase>
</title>
<diagnostic j2008use="1" layout="0" paperuse="1" screenuse="1" type="test">
<testgrp IE-ID="en-US0900c8af8590e70e_nev18028634n3" id="nev18028634n3" j2008use="1" paperuse="1" resumable="1" screenuse="1" testgrp-id="a1" x="120" y="160">
<title>
<phrase category="" id="nev18028634n4" phrase-urn="urn:x-nevis:phrase:0800c8af8271f357">Checking the co#@#@#3#ctors</phrase>
</title>
<node>
<test1>
<test2>
<para>
<ptxt id="nev18028634n5">
<phrase category="Faulttracing" id="nev18028634n6" phrase-urn="urn:x-nevis:phrase:0800c8af84b43b75">Check that the #@#@#37#tact.</phrase>
</ptxt>
<ptxt>
<phrase category="Faulttracing" id="nev18028634n7" phrase-urn="urn:x-nevis:phrase:0800c8af84b43b86">Check cables an#@#@#96#tion.</phrase>
</ptxt>
</para>
<para id="nev18028634n8">
<ptxt id="nev18028634n9">
<phrase category="Faulttracing" id="nev18028634n10" phrase-urn="urn:x-nevis:phrase:0800c8af84b43b85">Check the power#@#@#86#cuit.</phrase>
</ptxt>
</para>
<para id="nev18028635n1">
<ptxt id="nev18028635n2">
<phrase category="Faulttracing" id="nev18028635n3" phrase-urn="urn:x-nevis:phrase:0800c8af827fcd73">Check the groun#@#@#51#tage.</phrase>
<phrase category="Faulttracing" id="nev18028635n4" phrase-urn="urn:x-nevis:phrase:0800c8af81eab3d1">Also check the #@#@#54#tion.</phrase>
</ptxt>
</para>
<list1 enumtype="d" type="unordered">
<title>
<phrase category="" id="nev18028635n5" phrase-urn="urn:x-nevis:phrase:0800c8af8271f35b">Other information</phrase>
</title>
<item>
<ptxt>
<xref id="nev18028635n6">
<ref id="nev18028635n7"/>
</xref>
</ptxt>
</item>
</list1>
<grate id="nev18028635n8"/>
</test2>
</test1>
<question>
Was a fault de#@#@#3#ted?
</question>
<resact-grp id="nev18028635n10">
<result button="yes" comp="button" highlight="0" id="nev18028636n1"/>
<action id="nev18028636n2" j2008use="1" paperuse="0" screenuse="1">
<ptxt id="nev18028636n3">
<xref id="nev18028636n4">
<ref id="nev18028636n5"/>
</xref>
</ptxt>
</action>
</resact-grp>
<resact-grp id="nev18028636n6">
<result button="no" comp="button" highlight="0" id="nev18028636n7"/>
<action id="nev18028636n8" j2008use="1" paperuse="0" screenuse="1">
<ptxt id="nev18028636n9">
<xref id="nev18028636n10">
<ref id="nev18028637n1"/>
</xref>
</ptxt>
</action>
</resact-grp>
</node>
</testgrp>
<testgrp id="nev18028637n2" j2008use="1" paperuse="1" resumable="1" screenuse="1" testgrp-id="veria" x="100" y="360">
<title>
<phrase category="" id="nev18028637n3" phrase-urn="urn:x-nevis:phrase:0800c8af8271f37a">Verification</phrase>
</title>
<subcalloutnode>
<diagcallout>
<xref id="nev18028637n4">
<ref id="nev18028637n5"/>
</xref>
</diagcallout>
<rescall-grp>
<result comp="string" highlight="0" op="eq" return="VERIFIED"/>
<calloutaction>
<return value="FAULT FOUND"/>
</calloutaction>
</rescall-grp>
<rescall-grp>
<result comp="string" highlight="0" op="eq" return="VERIFICATION FAILED"/>
<calloutaction>
<ptxt>
<xref>
<ref id="nev18028637n6"/>
</xref>
</ptxt>
</calloutaction>
</rescall-grp>
</subcalloutnode>
</testgrp>
<testgrp id="nev18028637n7" j2008use="1" paperuse="1" resumable="1" screenuse="1" testgrp-id="info1" x="120" y="460">
<title>
<phrase category="" id="nev18028637n8" phrase-urn="urn:x-nevis:phrase:0800c8af8271f37b">Fault-tracing i#@#@#5#ation</phrase>
</title>
<subcalloutnode>
<diagcallout>
<xref>
<ref id="nev18028637n9"/>
</xref>
</diagcallout>
<rescall-grp>
<result comp="string" highlight="0" op="eq" return="FAULTTRACING FAILED"/>
<calloutaction>
<return value="FAULTTRACING FAILED"/>
</calloutaction>
</rescall-grp>
<rescall-grp>
<result comp="string" highlight="0" op="eq" return="NEW TRY"/>
<calloutaction>
<ptxt>
<xref>
<ref id="nev18028637n10"/>
</xref>
</ptxt>
</calloutaction>
</rescall-grp>
</subcalloutnode>
</testgrp>
<testgrp id="nev18028638n1" j2008use="1" paperuse="0" resumable="1" screenuse="1" testgrp-id="node3" x="240" y="300">
<title id="nev18028638n2">
<phrase category="Title" id="nev18028638n3" phrase-urn="urn:x-nevis:phrase:0800c8af81eb9ade">Checking CAN cables</phrase>
</title>
<subcalloutnode id="nev18028638n4">
<diagcallout id="nev18028638n5">
<xref id="nev18039567n100">
<ref id="nev18028638n7"/>
</xref>
</diagcallout>
<rescall-grp id="nev18028638n8">
<result comp="string" highlight="0" id="nev18028638n9" op="eq" return="FAULT NOT FOUND"/>
<calloutaction id="nev18028638n10">
<ptxt id="nev18028639n1">
<xref id="nev18028639n2">
<ref id="nev18028639n3"/>
</xref>
</ptxt>
</calloutaction>
</rescall-grp>
<rescall-grp id="nev18028639n4">
<result comp="string" highlight="0" id="nev18028639n5" op="eq" return="FAULT FOUND"/>
<calloutaction id="nev18028639n6">
<return id="nev18028639n7" value="FAULT FOUND"/>
</calloutaction>
</rescall-grp>
<rescall-grp id="nev18028639n8">
<result comp="string" highlight="0" id="nev18028639n9" op="eq" return="DONE"/>
<calloutaction id="nev18028639n10">
<return id="nev18028640n1" value="DONE"/>
</calloutaction>
</rescall-grp>
<rescall-grp id="nev18028640n2">
<result comp="string" highlight="0" id="nev18028640n3" op="eq" return="FAULTTRACING FAILED"/>
<calloutaction id="nev18028640n4">
<return id="nev18028640n5" value="FAULTTRACING FAILED"/>
</calloutaction>
</rescall-grp>
</subcalloutnode>
</testgrp>
</diagnostic>
</servinfosub>