<?xml version="1.0" encoding="UTF-8"?><servinfosub IE-ID="en-US0900c8af80cde70e" docno="VCC-154775" id="KC02730899" xml:lang="en-US">
<title>
<phrase category="" id="KC07185338" phrase-urn="urn:x-nevis:phrase:0800c8af81a93096">Internal fault</phrase>
</title>
<diagnostic j2008use="1" paperuse="1" screenuse="1" type="test">
<testgrp IE-ID="en-US0900c8af80cde70e_KC02793604" id="KC02793604" j2008use="1" paperuse="1" resumable="1" screenuse="1" testgrp-id="node1" x="120" y="80">
<title>
<phrase category="" id="KC07185339" phrase-urn="urn:x-nevis:phrase:0800c8af81a93097">Replacing the c#@#@#3#onent</phrase>
</title>
<node>
<test1>
<test2>
<para>
<ptxt>
<phrase category="" id="KC07185340" phrase-urn="urn:x-nevis:phrase:0800c8af81a93098">The central ele#@#@#49#ault.</phrase>
</ptxt>
</para>
<para>
<ptxt>
<phrase category="" id="KC07185341" phrase-urn="urn:x-nevis:phrase:0800c8af81a93099">If the fault is#@#@#360#urs. </phrase>
</ptxt>
</para>
<para>
<ptxt>
<phrase category="" id="KC07185342" phrase-urn="urn:x-nevis:phrase:0800c8af81a9309a">Replace the cen#@#@#50#nent.</phrase>
</ptxt>
</para>
<para>
<ptxt>
<phrase category="" id="KC07185343" phrase-urn="urn:x-nevis:phrase:0800c8af81a9309b">Remedy as necessary.</phrase>
</ptxt>
</para>
<list1 enumtype="d" type="unordered">
<title>
<phrase category="" id="KC07185344" phrase-urn="urn:x-nevis:phrase:0800c8af81a9309c">Other information</phrase>
</title>
<item>
<ptxt>
<phrase category="" id="KC07185345" phrase-urn="urn:x-nevis:phrase:0800c8af81a9309d">
<xref>
<ref id="KC07185346"/>
</xref>
</phrase>
</ptxt>
</item>
</list1>
<grate>
<graphic id="KC07185347">
<href>0900c8af8073115#@#@#9#.jpeg</href>
</graphic>
</grate>
</test2>
</test1>
<question>Select Continue.</question>
<resact-grp>
<result button="cont" comp="button" highlight="0"/>
<action j2008use="1" paperuse="1" screenuse="1">
<ptxt>
<xref>
<ref id="KC07185348"/>
</xref>
</ptxt>
</action>
</resact-grp>
</node>
</testgrp>
<testgrp id="KC02793605" j2008use="1" paperuse="1" resumable="1" screenuse="1" testgrp-id="info1" x="120" y="160">
<title>
<phrase category="" id="KC07185349" phrase-urn="urn:x-nevis:phrase:0800c8af81a9309e">Fault-tracing i#@#@#5#ation</phrase>
</title>
<subcalloutnode>
<diagcallout>
<xref>
<ref id="KC07185350"/>
</xref>
</diagcallout>
<rescall-grp>
<result comp="string" highlight="0" op="eq" return="NEW TRY"/>
<calloutaction>
<ptxt>
<xref>
<ref id="KC07185351"/>
</xref>
</ptxt>
</calloutaction>
</rescall-grp>
<rescall-grp>
<result comp="string" highlight="0" op="eq" return="FAULT FOUND"/>
<calloutaction>
<return value="DONE"/>
</calloutaction>
</rescall-grp>
</subcalloutnode>
</testgrp>
</diagnostic>
</servinfosub>