<?xml version="1.0" encoding="UTF-8"?><script xmlns:nevis="http://www.volvocars.com/namespaces/processing" xmlns:xlink="http://www.w3.org/1999/xlink" IE-ID="en-US0900c8af84ff570e" docno="VCC-249903" id="nev10684277n1" nevis:expl-profile="mdl275yr2005eng184, mdl275yr2006eng184, mdl275yr2007eng184, mdl275yr2008eng184, mdl275yr2009eng184, mdl275yr2010eng184, mdl275yr2011eng184" nevis:profile="urn:x-nevis:profile:0b00c8af8168b4bd urn:x-nevis:profile:0b00c8af824759f6 urn:x-nevis:profile:0b00c8af82e4881a urn:x-nevis:profile:0b00c8af838ba0bd urn:x-nevis:profile:0b00c8af83f1a29b urn:x-nevis:profile:0b00c8af8414e559 urn:x-nevis:profile:0b00c8af84983e76" nevis:projectdocument="urn:x-nevis:projectdocument:0800c8af824a205b" nevis:resource="0900c8af84ff5729" nevis:resource2="urn:x-nevis:fragment:0900c8af84ff570e:0900c8af84ff5729#nev10684277n1" nevis:session-id="" qualifierinfotype="14:00" type="" xml:lang="en-US"><title>Read fuel pump #@#@#33#+rel)</title><content gui="1" height="720" id="nev10684278n1-nev10684277n3" nevis:expl-profile="mdl275yr2005eng184, mdl275yr2006eng184, mdl275yr2007eng184, mdl275yr2008eng184, mdl275yr2009eng184, mdl275yr2010eng184, mdl275yr2011eng184" nevis:idfrom="nev10684278n1" nevis:prefix="nev10684278n1" nevis:profile="urn:x-nevis:profile:0b00c8af8168b4bd urn:x-nevis:profile:0b00c8af824759f6 urn:x-nevis:profile:0b00c8af82e4881a urn:x-nevis:profile:0b00c8af838ba0bd urn:x-nevis:profile:0b00c8af83f1a29b urn:x-nevis:profile:0b00c8af8414e559 urn:x-nevis:profile:0b00c8af84983e76" nevis:resource="0900c8af84ff5727" nevis:resource2="urn:x-nevis:fragment:0900c8af84ff570e:0900c8af84ff5727#nev10684277n3" width="555" xml:lang="en-US"><nodes id="nev10684278n1-nev15864581n1"><node class="Components.StartNode" id="nev10684278n1-nev15864582n1" nodeid="Start" x="59" y="333"/><node class="Components.ScriptComponent" id="nev10684278n1-nev15864583n1" nodeid="ScriptComponent1" x="345" y="851"/><node class="Components.Repeater" id="nev10684278n1-nev15864584n1" nodeid="Repeater1" x="178" y="518"><property class="Int" id="nev10684278n1-nev15864585n1" name="Wait" type="Internal" value="500" visible="1"/><property class="Int" id="nev10684278n1-nev15864586n1" name="NoOfRepeats" type="Internal" value="0" visible="1"/></node><node class="Components.ScriptPlotter" id="nev10684278n1-nev15864587n1" nodeid="ScriptPlotter1" x="696" y="143"><gui height="405" id="nev10684278n1-nev15864588n1" width="545" x="0" y="0"/><property class="String" id="nev10684278n1-nev15864589n1" name="AutoStart" type="Internal" value="True" visible="0"/><property class="String" id="nev10684278n1-nev15864590n1" name="Locked" type="Internal" value="True" visible="0"/><property class="String" id="nev10684278n1-nev15864591n1" name="AutoScale" type="Internal" value="True" visible="0"/><extension id="nev10684278n1-nev15864592n1"><identifier ecu="284101" ecuMode="EcuType" id="nev10684278n1-nev15864593n1" read="100" type="REID" value="D9C3"><parameter flags="A" id="nev10684278n1-nev15864594n1" name="Fuel pressure" textid="59330"/></identifier></extension></node><node class="Components.Gui.ParameterLabel" id="nev10684278n1-nev15864595n1" nodeid="ParameterLabel1" x="731" y="561"><gui height="70" id="nev10684278n1-nev15864596n1" width="530" x="10" y="420"/><property class="Parameter" id="nev10684278n1-nev15864597n1" name="Parameter" type="In" value="" visible="1"/><property class="String" id="nev10684278n1-nev15864598n1" name="Title" type="In" value="" visible="1"/><property class="String" id="nev10684278n1-nev15864599n1" name="Value" type="In" value="" visible="1"/><property class="String" id="nev10684278n1-nev15864600n1" name="Unit" type="In" value="" visible="1"/><property class="String" id="nev10684278n1-nev15864601n1" name="StartVisible" type="Internal" value="true" visible="0"/></node><node class="Components.Gui.ParameterLabel" id="nev10684278n1-nev15864602n1" nodeid="ParameterLabel2" x="897" y="276"><gui height="70" id="nev10684278n1-nev15864603n1" width="530" x="10" y="505"/><property class="Parameter" id="nev10684278n1-nev15864604n1" name="Parameter" type="In" value="" visible="1"/><property class="String" id="nev10684278n1-nev15864605n1" name="Title" type="In" value="" visible="1"/><property class="String" id="nev10684278n1-nev15864606n1" name="Value" type="In" value="" visible="1"/><property class="String" id="nev10684278n1-nev15864607n1" name="Unit" type="In" value="" visible="1"/><property class="String" id="nev10684278n1-nev15864608n1" name="StartVisible" type="Internal" value="true" visible="0"/></node><node class="Components.Gui.ParameterLabel" id="nev10684278n1-nev15864609n1" nodeid="ParameterLabel4" x="1249" y="777"><gui height="70" id="nev10684278n1-nev15864610n1" width="530" x="10" y="590"/><property class="Parameter" id="nev10684278n1-nev15864611n1" name="Parameter" type="In" value="" visible="1"/><property class="String" id="nev10684278n1-nev15864612n1" name="Title" type="In" value="" visible="1"/><property class="String" id="nev10684278n1-nev15864613n1" name="Value" type="In" value="" visible="1"/><property class="String" id="nev10684278n1-nev15864614n1" name="Unit" type="In" value="" visible="1"/><property class="String" id="nev10684278n1-nev15864615n1" name="StartVisible" type="Internal" value="true" visible="0"/></node><node class="Components.ScriptButton" id="nev10684278n1-nev15864616n1" nodeid="Hide button" x="191" y="741"><gui height="25" id="nev10684278n1-nev15864617n1" width="75" x="460" y="680"/><property class="String" id="nev10684278n1-nev15864618n1" name="Text" type="In" value="" visible="0"/><property class="String" id="nev10684278n1-nev15864619n1" name="StartDisabled" type="Internal" value="false" visible="1"/><property class="String" id="nev10684278n1-nev15864620n1" name="StartVisible" type="Internal" value="true" visible="1"/><extension id="nev10684278n1-nev15864621n1"><phrase category="Faulttracing" id="nev10684278n1-nev15848469n1" phrase-urn="urn:x-nevis:phrase:0800c8af828fe792">Hide</phrase></extension></node><node class="Components.Comment" id="nev10684278n1-nev15864622n1" nodeid="Comment1" x="51" y="233"><extension id="nev10684278n1-nev15864623n1">Olika DID:ar fö#@#@#207#05-07</extension></node><node class="Components.IdentifierComponent" id="nev10684278n1-nev15864624n1" nodeid="1st_read_at06" x="459" y="12"><property class="Parameter" id="nev10684278n1-nev15864625n1" name="Fuel pump, duty cycle" type="Out" value="" visible="1"/><extension id="nev10684278n1-nev15864626n1"><identifier ecu="284101" ecuMode="EcuType" id="nev10684278n1-nev15864627n1" read="100" type="REID" value="D93D"><parameter id="nev10684278n1-nev15864628n1" name="Fuel pump, duty cycle" textid="69174"/></identifier></extension></node><node class="Components.IdentifierComponent" id="nev10684278n1-nev15864629n1" nodeid="1st_read_at07" x="460" y="156"><property class="Parameter" id="nev10684278n1-nev15864630n1" name="Fuel pump, duty cycle" type="Out" value="" visible="1"/><extension id="nev10684278n1-nev15864631n1"><identifier ecu="284101" ecuMode="EcuType" id="nev10684278n1-nev15864632n1" read="100" type="REID" value="0307"><parameter id="nev10684278n1-nev15864633n1" name="Fuel pump, duty cycle" textid="69174"/></identifier></extension></node><node class="Components.IdentifierComponent" id="nev10684278n1-nev15864634n1" nodeid="read_at06" x="571" y="301"><property class="Parameter" id="nev10684278n1-nev15864635n1" name="Fuel pump, duty cycle" type="Out" value="" visible="1"/><extension id="nev10684278n1-nev15864636n1"><identifier ecu="284101" ecuMode="EcuType" id="nev10684278n1-nev15864637n1" read="100" type="REID" value="D93D"><parameter id="nev10684278n1-nev15864638n1" name="Fuel pump, duty cycle" textid="69174"/></identifier></extension></node><node class="Components.IdentifierComponent" id="nev10684278n1-nev15864639n1" nodeid="read_at07" x="728" y="368"><property class="Parameter" id="nev10684278n1-nev15864640n1" name="Fuel pump, duty cycle" type="Out" value="" visible="1"/><extension id="nev10684278n1-nev15864641n1"><identifier ecu="284101" ecuMode="EcuType" id="nev10684278n1-nev15864642n1" read="100" type="REID" value="0307"><parameter id="nev10684278n1-nev15864643n1" name="Fuel pump, duty cycle" textid="69174"/></identifier></extension></node><node class="Components.IdentifierComponent" id="nev10684278n1-nev15864644n1" nodeid="absolute" x="573" y="531"><property class="Parameter" id="nev10684278n1-nev15864645n1" name="Fuel pressure" type="Out" value="" visible="1"/><extension id="nev10684278n1-nev15864646n1"><identifier ecu="284101" ecuMode="EcuType" id="nev10684278n1-nev15864647n1" read="100" type="REID" value="D9C3"><parameter id="nev10684278n1-nev15864648n1" name="Fuel pressure" textid="59330"/></identifier></extension></node><node class="Components.ResultGet" id="nev10684278n1-nev15864649n1" nodeid="ResponseGet1" x="754" y="720"><property class="Response" id="nev10684278n1-nev15864650n1" name="InValue" type="In" value="" visible="1"/><property class="String" id="nev10684278n1-nev15864651n1" name="fuelpres" type="Out" value="" visible="1"/><property class="String" id="nev10684278n1-nev15864652n1" name="par_title" type="Out" value="" visible="1"/><extension id="nev10684278n1-nev15864653n1"><get id="nev10684278n1-nev15856074n1" property="fuelpres"><getbyname id="nev10684278n1-nev15856075n1" key="Records"/><getbyid id="nev10684278n1-nev15856076n1" key="55747" name="ListItem" title="Fuel low pressure raw signal"/><getbyname id="nev10684278n1-nev15856077n1" key="Parameters"/><getbyid id="nev10684278n1-nev15856078n1" key="59330" name="Parameter" title="Fuel pressure"/><getbyname id="nev10684278n1-nev15856079n1" key="value"/></get><get id="nev10684278n1-nev15856080n1" property="par_title"><getbyname id="nev10684278n1-nev15856081n1" key="Records"/><getbyid id="nev10684278n1-nev15856082n1" key="55747" name="ListItem" title="Fuel low pressure raw signal"/><getbyname id="nev10684278n1-nev15856083n1" key="Parameters"/><getbyid id="nev10684278n1-nev15856084n1" key="59330" name="Parameter" title="Fuel pressure"/><getbyname id="nev10684278n1-nev15856085n1" key="name"/></get></extension></node><node class="Components.ResultGet" id="nev10684278n1-nev15864654n1" nodeid="ResponseGet2" x="754" y="852"><property class="Response" id="nev10684278n1-nev15864655n1" name="InValue" type="In" value="" visible="1"/><property class="String" id="nev10684278n1-nev15864656n1" name="atom" type="Out" value="" visible="1"/><property class="String" id="nev10684278n1-nev15864657n1" name="hpa" type="Out" value="" visible="1"/><extension id="nev10684278n1-nev15864658n1"><get id="nev10684278n1-nev15864659n1" property="atom"><getbyname id="nev10684278n1-nev15864660n1" key="Records"/><getbyid id="nev10684278n1-nev15864661n1" key="55716" name="ListItem" title="Atmospheric pressure raw value"/><getbyname id="nev10684278n1-nev15864662n1" key="Parameters"/><getbyid id="nev10684278n1-nev15864663n1" key="6336" name="Parameter" title="Ambient air pressure"/><getbyname id="nev10684278n1-nev15864664n1" key="value"/></get><get id="nev10684278n1-nev15864665n1" property="hpa"><getbyname id="nev10684278n1-nev15864666n1" key="Records"/><getbyid id="nev10684278n1-nev15864667n1" key="55716" name="ListItem" title="Atmospheric pressure raw value"/><getbyname id="nev10684278n1-nev15864668n1" key="Parameters"/><getbyid id="nev10684278n1-nev15864669n1" key="6336" name="Parameter" title="Ambient air pressure"/><getbyname id="nev10684278n1-nev15864670n1" key="unit"/></get></extension></node><node class="Components.VehComm" id="nev10684278n1-nev15864671n1" nodeid="VehComm1" x="576" y="680"><property class="String" id="nev10684278n1-nev15864672n1" name="Mode" type="Internal" value="EcuType" visible="1"/><property class="Int" id="nev10684278n1-nev15864673n1" name="EcuType" type="In" value="284101" visible="0"/><property class="Int" id="nev10684278n1-nev15864674n1" name="ServiceId" type="In" value="100" visible="0"/><property class="String" id="nev10684278n1-nev15864675n1" name="EcuName" type="Out" value="" visible="1"/><property class="Response" id="nev10684278n1-nev15864676n1" name="Result" type="Out" value="" visible="1"/><property class="String" id="nev10684278n1-nev15864677n1" name="Identifier" type="In" value="D9C3" visible="0"/><extension id="nev10684278n1-nev15864678n1"><insertparam id="nev10684278n1-nev15856111n1" name="Identifier"/></extension></node><node class="Components.VehComm" id="nev10684278n1-nev15864679n1" nodeid="VehComm2" x="582" y="823"><property class="String" id="nev10684278n1-nev15864680n1" name="Mode" type="Internal" value="EcuType" visible="1"/><property class="Int" id="nev10684278n1-nev15864681n1" name="EcuType" type="In" value="284101" visible="0"/><property class="Int" id="nev10684278n1-nev15864682n1" name="ServiceId" type="In" value="100" visible="0"/><property class="String" id="nev10684278n1-nev15864683n1" name="EcuName" type="Out" value="" visible="1"/><property class="Response" id="nev10684278n1-nev15864684n1" name="Result" type="Out" value="" visible="1"/><property class="String" id="nev10684278n1-nev15864685n1" name="Identifier" type="In" value="D9A4" visible="0"/><extension id="nev10684278n1-nev15864686n1"><insertparam id="nev10684278n1-nev15856120n1" name="Identifier"/></extension></node><node class="Components.StringFormat" id="nev10684278n1-nev15864687n1" nodeid="StringFormat1" x="912" y="777"><property class="String" id="nev10684278n1-nev15864688n1" name="String" type="Out" value="" visible="1"/><property class="String" id="nev10684278n1-nev15864689n1" name="Format" type="Internal" value="{0}-{1}" visible="1"/><property class="String" id="nev10684278n1-nev15864690n1" name="0" type="In" value="" visible="1"/><property class="String" id="nev10684278n1-nev15864691n1" name="1" type="In" value="" visible="1"/></node><node class="Components.Formula" id="nev10684278n1-nev15864692n1" nodeid="Formula1" x="1069" y="791"><property class="String" id="nev10684278n1-nev15864693n1" name="X" type="In" value="" visible="1"/><property class="String" id="nev10684278n1-nev15864694n1" name="Formula" type="In" value="X" visible="0"/><property class="String" id="nev10684278n1-nev15864695n1" name="Result" type="Out" value="" visible="1"/></node><node class="Components.StringFormat" id="nev10684278n1-nev15864696n1" nodeid="StringFormat2" x="1104" y="654"><property class="String" id="nev10684278n1-nev15864697n1" name="String" type="Out" value="" visible="1"/><property class="String" id="nev10684278n1-nev15864698n1" name="Format" type="Internal" value="{0} - {1}" visible="1"/><property class="String" id="nev10684278n1-nev15864699n1" name="0" type="In" value="" visible="1"/><property class="String" id="nev10684278n1-nev15864700n1" name="1" type="In" value="" visible="1"/></node></nodes><handlers id="nev10684278n1-nev15864701n1"><eventhandler id="nev10684278n1-nev15864702n1" name="Click" node="Hide button"><call id="nev10684278n1-nev15864703n1" method="CloseDialog" node="ScriptComponent1"/></eventhandler><eventhandler id="nev10684278n1-nev15864704n1" name="OnRepeat" node="Repeater1"><call id="nev10684278n1-nev15864705n1" method="Read" node="absolute"/><call id="nev10684278n1-nev15864706n1" method="Read" node="read_at06"/><call id="nev10684278n1-nev15864707n1" method="Execute" node="VehComm1"/><call id="nev10684278n1-nev15864708n1" method="Execute" node="VehComm2"/></eventhandler><eventhandler id="nev10684278n1-nev15864709n1" name="OnStart" node="Start"><call id="nev10684278n1-nev15864710n1" method="Read" node="1st_read_at06"/><call id="nev10684278n1-nev15864711n1" method="Read" node="1st_read_at07"/><call id="nev10684278n1-nev15864712n1" method="UpdateTitles" node="absolute"/><call id="nev10684278n1-nev15864713n1" method="UpdateTitles" node="read_at06"/><call id="nev10684278n1-nev15864714n1" method="Start" node="Repeater1"/></eventhandler><eventhandler id="nev10684278n1-nev15864715n1" name="OnPositiveResponse" node="1st_read_at06"><call id="nev10684278n1-nev15864716n1" method="AddParameter" node="ScriptPlotter1"><parameter id="nev10684278n1-nev15864717n1" node="read_at06" property="Fuel pump, duty cycle"/></call></eventhandler><eventhandler id="nev10684278n1-nev15864718n1" name="OnPositiveResponse" node="1st_read_at07"><call id="nev10684278n1-nev15864719n1" method="AddParameter" node="ScriptPlotter1"><parameter id="nev10684278n1-nev15864720n1" node="read_at07" property="Fuel pump, duty cycle"/></call></eventhandler><eventhandler id="nev10684278n1-nev15864721n1" name="OnNegativeResponse" node="read_at06"><call id="nev10684278n1-nev15864722n1" method="UpdateTitles" node="read_at07"/><call id="nev10684278n1-nev15864723n1" method="Read" node="read_at07"/></eventhandler><eventhandler id="nev10684278n1-nev15864724n1" name="OnPositiveResponse" node="VehComm1"><call id="nev10684278n1-nev15864725n1" method="Execute" node="ResponseGet1"/></eventhandler><eventhandler id="nev10684278n1-nev15864726n1" name="OnPositiveResponse" node="VehComm2"><call id="nev10684278n1-nev15864727n1" method="Execute" node="ResponseGet2"/></eventhandler><eventhandler id="nev10684278n1-nev15864728n1" name="OnGet" node="ResponseGet2"><call id="nev10684278n1-nev15864729n1" method="Format" node="StringFormat2"/><call id="nev10684278n1-nev15864730n1" method="Format" node="StringFormat1"/><call id="nev10684278n1-nev15864731n1" method="Evaluate" node="Formula1"/></eventhandler><propertyhandler id="nev10684278n1-nev15864732n1" name="Fuel pump, duty cycle" node="read_at06"><set id="nev10684278n1-nev15864733n1" node="ParameterLabel2" property="Parameter"/></propertyhandler><propertyhandler id="nev10684278n1-nev15864734n1" name="Fuel pump, duty cycle" node="read_at07"><set id="nev10684278n1-nev15864735n1" node="ParameterLabel2" property="Parameter"/></propertyhandler><propertyhandler id="nev10684278n1-nev15864736n1" name="Fuel pressure" node="absolute"><set id="nev10684278n1-nev15864737n1" node="ParameterLabel1" property="Parameter"/></propertyhandler><propertyhandler id="nev10684278n1-nev15864738n1" name="Result" node="VehComm1"><set id="nev10684278n1-nev15864739n1" node="ResponseGet1" property="InValue"/></propertyhandler><propertyhandler id="nev10684278n1-nev15864740n1" name="Result" node="VehComm2"><set id="nev10684278n1-nev15864741n1" node="ResponseGet2" property="InValue"/></propertyhandler><propertyhandler id="nev10684278n1-nev15864742n1" name="fuelpres" node="ResponseGet1"><set id="nev10684278n1-nev15864743n1" node="StringFormat1" property="0"/></propertyhandler><propertyhandler id="nev10684278n1-nev15864744n1" name="atom" node="ResponseGet2"><set id="nev10684278n1-nev15864745n1" node="StringFormat1" property="1"/></propertyhandler><propertyhandler id="nev10684278n1-nev15864746n1" name="String" node="StringFormat1"><set id="nev10684278n1-nev15864747n1" node="Formula1" property="X"/></propertyhandler><propertyhandler id="nev10684278n1-nev15864748n1" name="Result" node="Formula1"><set id="nev10684278n1-nev15864749n1" node="ParameterLabel4" property="Value"/></propertyhandler><propertyhandler id="nev10684278n1-nev15864750n1" name="hpa" node="ResponseGet2"><set id="nev10684278n1-nev15864751n1" node="ParameterLabel4" property="Unit"/></propertyhandler><propertyhandler id="nev10684278n1-nev15864752n1" name="EcuName" node="VehComm1"><set id="nev10684278n1-nev15864753n1" node="StringFormat2" property="0"/></propertyhandler><propertyhandler id="nev10684278n1-nev15864754n1" name="par_title" node="ResponseGet1"><set id="nev10684278n1-nev15864755n1" node="StringFormat2" property="1"/></propertyhandler><propertyhandler id="nev10684278n1-nev15864756n1" name="String" node="StringFormat2"><set id="nev10684278n1-nev15864757n1" node="ParameterLabel4" property="Title"/></propertyhandler></handlers></content></script>