<?xml version="1.0" encoding="UTF-8"?><servinfosub IE-ID="en-US0900c8af835c7c06" docno="VCC-291119" id="nev11780605n1" xml:lang="en-US">
<title>
<phrase category="" id="nev11780605n2" phrase-urn="urn:x-nevis:phrase:0800c8af823e70ed">Diagnostic trou#@#@#33#70000</phrase>
</title>
<diagnostic j2008use="1" paperuse="1" screenuse="1" type="condition">
<condgrp>
<condition type="condition">
<para>
<ptxt>
<phrase category="" id="nev11780605n3" phrase-urn="urn:x-nevis:phrase:0800c8af823e70ee">This diagnostic#@#@#379#ECM).</phrase>
</ptxt>
</para>
</condition>
</condgrp>
<condgrp>
<condition type="substitution">
<list1 enumtype="d" type="unordered">
<item>
<ptxt>
<phrase category="" id="nev11780605n4" phrase-urn="urn:x-nevis:phrase:0800c8af823e70ef">Nothing.</phrase>
</ptxt>
</item>
</list1>
</condition>
<ps>
<list1 enumtype="d" type="unordered">
<item>
<ptxt>
<phrase category="" id="nev11780605n5" phrase-urn="urn:x-nevis:phrase:0800c8af823e70f0">One or several #@#@#68#TCM).</phrase>
</ptxt>
</item>
</list1>
</ps>
</condgrp>
<condgrp>
<condition type="symptom">
<list1 enumtype="d" type="unordered">
<item>
<ptxt>
<phrase category="" id="nev11780605n6" phrase-urn="urn:x-nevis:phrase:0800c8af823e70f1">Malfunction ind#@#@#17# lit.</phrase>
</ptxt>
</item>
</list1>
</condition>
</condgrp>
</diagnostic>
</servinfosub>