<?xml version="1.0" encoding="UTF-8"?><servinfosub IE-ID="en-US0900c8af84cf5c06" docno="VCC-165893" id="KC08802340" xml:lang="en-US">
<title id="nev12716240n250">Active on Deman#@#@#22#acing</title>
<procedure id="nev12716240n248">
<note id="nev12716240n246">
<ptxt id="nev12716240n244">The illustratio#@#@#155#rect.</ptxt>
</note>
<stepgrp id="KC09025001">
<title id="nev12716240n242">Preparatory work</title>
<procstep id="KC09025002">
<title id="nev12716240n240">Removing components</title>
<para id="nev12716240n238">
<ptxt id="nev12716240n236">Remove the exha#@#@#81#See: <xref id="nev12716240n234">
<ref id="KC09025011"/>
</xref>.</ptxt>
</para>
</procstep>
</stepgrp>
<stepgrp id="KC09025003">
<title id="nev12716240n229">Removal</title>
<procstep id="KC09025004">
<title id="nev12716240n227">Removing the Ac#@#@#18#pling</title>
<grate id="nev12716240n225">
<graphic id="KC09025012">
<href>0900c8af80060ed#@#@#9#.jpeg</href>
</graphic>
<graphtext id="nev12716240n220">
<para id="nev12716240n218">
<ptxt id="nev12716240n216">Remove the conn#@#@#47#DEM).</ptxt>
<ptxt id="nev12716240n214">Place a contain#@#@#53#ive. </ptxt>
<ptxt id="nev12716240n212">Remove the scre#@#@#38#AOC).</ptxt>
<ptxt id="nev12716240n210">Pull the coupli#@#@#40#sing.</ptxt>
</para>
</graphtext>
</grate>
</procstep>
</stepgrp>
<stepgrp id="KC09025005">
<title id="nev12716240n208">Installation</title>
<note id="nev12716240n206">
<ptxt id="nev12716240n204">For tightening #@#@#9#see: <xref id="nev12716240n202">
<ref id="KC09025013"/>
</xref>. </ptxt>
</note>
<procstep id="KC09025006">
<title id="nev12716240n197">Preparations fo#@#@#43#(AOC)</title>
<grate id="nev12716240n195">
<graphic id="KC09025014">
<href>0900c8af80060ee#@#@#9#.jpeg</href>
</graphic>
<graphtext id="nev12716240n190">
<para id="nev12716240n188">
<ptxt id="nev12716240n186">Clean away any #@#@#87#aper.</ptxt>
<ptxt id="nev12716240n184">Check that the #@#@#28#ults.</ptxt>
</para>
</graphtext>
</grate>
<grate id="nev12716240n182">
<graphic id="KC09025015">
<href>0900c8af80060ec#@#@#9#.jpeg</href>
</graphic>
<graphtext id="nev12716240n177">
<para id="nev12716240n175">
<ptxt id="nev12716240n173">Check that the #@#@#132#OC). </ptxt>
</para>
</graphtext>
</grate>
</procstep>
<procstep id="KC09025007">
<title id="nev12716240n171">Installing the #@#@#26#(AOC)</title>
<grate id="nev12716240n169">
<graphic id="KC09025016">
<href>0900c8af80060ed#@#@#9#.jpeg</href>
</graphic>
<graphtext id="nev12716240n164">
<para id="nev12716240n162">
<ptxt id="nev12716240n160">Install the act#@#@#52#sing.</ptxt>
<ptxt id="nev12716240n158">Lightly install#@#@#47#tely.</ptxt>
<ptxt id="nev12716240n156">Connect the con#@#@#48#EM). </ptxt>
</para>
</graphtext>
</grate>
</procstep>
<procstep id="KC09025008">
<title id="nev12716240n154">Installing the #@#@#29#ystem</title>
<para id="nev12716240n152">
<ptxt id="nev12716240n150">Install the pro#@#@#37#See: <xref id="nev12716240n148">
<ref id="KC09025017"/>
</xref>. </ptxt>
</para>
</procstep>
</stepgrp>
<stepgrp id="KC09025009">
<title id="nev12716240n143">Finishing</title>
<procstep id="KC09025010">
<title id="nev12716240n141"/>
<para id="nev15283122n226">
<ptxt id="nev15283122n225">Filling and che#@#@#20# to: <xref id="nev15283122n224">
<ref id="nev15283122n223"/>
</xref>
</ptxt>
</para>
</procstep>
</stepgrp>
</procedure>
</servinfosub>