<?xml version="1.0" encoding="UTF-8"?><servinfosub IE-ID="en-US0900c8af88277c06" docno="VCC-493527" id="nev24996757n1" original="sv-SE" servinfosubId="nev24996758n1-nev24996757n4" servinfosubRes="0900c8af88277c22" servinfosubRes2="urn:x-nevis:fragment:0900c8af88277c06:0900c8af88277c22#nev24996757n4" xml:lang="en-US">
<operationnumbers>
<operationnumber>87308-2</operationnumber>
</operationnumbers>
<title id="nev24996757n2">Defroster dampe#@#@#18#-zone</title>
<procedure id="nev24996758n1-nev24996777n2">
<stepgrp boilerplate="false" context="" id="nev24996758n1-nev30012915n99">
<title id="nev24996758n1-0800c8af844a46f6">Removal</title>
<procstep id="nev24996758n1-nev24996777n5">
<note id="nev24996758n1-0800c8af844a42fa">
<ptxt>Removal steps i#@#@#45#ails.</ptxt>
</note>
</procstep>
<procstep id="nev24996758n1-nev24996778n4">
<para id="nev24996758n1-nev30012915n97">
<ptxt id="nev24996758n1-nev30012915n98">See information#@#@#15#rview<xref boilerplate="true" id="nev24996758n1-0800c8af866f0b67">
<ref id="nev24996758n1-nev24996778n9"/>
</xref>
</ptxt>
</para>
</procstep>
<procstep id="nev24996758n1-nev24996777n8">
<para id="nev24996758n1-nev30012915n95">
<ptxt id="nev24996758n1-nev30012915n96">Set the vehicle#@#@#36# mode<xref boilerplate="true" id="nev24996758n1-0800c8af865315ac">
<ref id="nev24996758n1-nev24996778n3"/>
</xref>
</ptxt>
</para>
</procstep>
<procstep id="nev24996758n1-nev24996778n10">
<para id="nev24996758n1-nev30012915n93">
<ptxt id="nev24996758n1-nev30012915n94">Remove glove co#@#@#4#tment<xref boilerplate="true" id="nev24996758n1-0800c8af8450d560">
<ref id="nev24996758n1-nev24996779n5"/>
</xref>
</ptxt>
</para>
</procstep>
<procstep id="nev24996758n1-nev24996779n6">
<grate id="nev24996758n1-nev30012915n91">
<graphic id="nev24996758n1-nev30012915n92">
<href>0900c8af8684f5e#@#@#9#.jpeg</href>
</graphic>
<graphtext id="nev24996758n1-nev30012929n1">
<para id="nev24996758n1-nev30012915n89">
<ptxt id="nev24996758n1-nev30012915n90">Remove the screw.</ptxt>
</para>
<para id="nev24996758n1-nev30012915n87">
<ptxt id="nev24996758n1-nev30012915n88">
<torque id="nev24996758n1-nev24996780n5">
<ref id="nev24996758n1-nev24996780n6"/>
</torque>
</ptxt>
</para>
<para id="nev24996758n1-nev30012915n85">
<ptxt id="nev24996758n1-nev30012915n86">Undo the hose f#@#@#14#tion.</ptxt>
</para>
</graphtext>
</grate>
</procstep>
<procstep id="nev24996758n1-nev24996780n10">
<grate id="nev24996758n1-nev30012915n83">
<graphic id="nev24996758n1-nev30012915n84">
<href>0900c8af8684f5e#@#@#9#.jpeg</href>
</graphic>
<graphtext id="nev24996758n1-nev30012936n1">
<para id="nev24996758n1-nev30012915n81">
<ptxt id="nev24996758n1-nev30012915n82">Undo the hose f#@#@#14#tion.</ptxt>
</para>
<para id="nev24996758n1-nev30012915n79">
<ptxt id="nev24996758n1-nev30012915n80">Remove the mark#@#@#3#part.</ptxt>
</para>
</graphtext>
</grate>
</procstep>
<procstep id="nev24996758n1-nev30012915n78">
<title id="nev24996758n1-nev30012915n77">Vehicles late v#@#@#1#rsion</title>
</procstep>
<procstep id="nev24996758n1-nev30012915n76">
<grate id="nev24996758n1-nev30012915n74">
<graphic id="nev24996758n1-nev30012915n75">
<href>0900c8af8816ed8#@#@#9#.jpeg</href>
</graphic>
<graphtext id="nev24996758n1-nev30012940n1">
<para id="nev24996758n1-nev30012915n72">
<ptxt id="nev24996758n1-nev30012915n73">Disconnect the #@#@#5#ctor.</ptxt>
</para>
</graphtext>
</grate>
</procstep>
<procstep id="nev24996758n1-nev30012915n71">
<title id="nev24996758n1-nev30012915n70">All vehicles</title>
</procstep>
<procstep id="nev24996758n1-nev24996782n3">
<grate id="nev24996758n1-nev30012915n68">
<graphic id="nev24996758n1-nev30012915n69">
<href>0900c8af8668235#@#@#9#.jpeg</href>
</graphic>
<graphtext id="nev24996758n1-nev30012944n1">
<para id="nev24996758n1-nev30012915n66">
<ptxt id="nev24996758n1-nev30012915n67">Remove the screw.</ptxt>
</para>
<para id="nev24996758n1-nev30012915n64">
<ptxt id="nev24996758n1-nev30012915n65">
<torque id="nev24996758n1-nev24996783n2">
<ref id="nev24996758n1-nev24996783n3"/>
</torque>
</ptxt>
</para>
<para id="nev24996758n1-nev30012915n62">
<ptxt id="nev24996758n1-nev30012915n63">Remove the mark#@#@#3#part.</ptxt>
</para>
</graphtext>
</grate>
</procstep>
<procstep id="nev24996758n1-nev24996783n7">
<grate id="nev24996758n1-nev30012915n60">
<graphic id="nev24996758n1-nev30012915n61">
<href>0900c8af868aaa0#@#@#9#.jpeg</href>
</graphic>
<graphtext id="nev24996758n1-nev30012951n1">
<note id="nev24996758n1-0800c8af85b47f49">
<ptxt>Orientation view</ptxt>
</note>
</graphtext>
</grate>
</procstep>
<procstep id="nev24996758n1-nev24996784n3">
<grate id="nev24996758n1-nev30012915n58">
<graphic id="nev24996758n1-nev30012915n59">
<href>0900c8af868aa8b#@#@#9#.jpeg</href>
</graphic>
<graphtext id="nev24996758n1-nev30012955n1">
<para id="nev24996758n1-nev30012915n56">
<ptxt id="nev24996758n1-nev30012915n57">Remove the screws.</ptxt>
</para>
<para id="nev24996758n1-nev30012915n54">
<ptxt id="nev24996758n1-nev30012915n55">Remove the part#@#@#5#fully</ptxt>
</para>
</graphtext>
</grate>
</procstep>
<procstep id="nev24996758n1-nev24996785n3">
<grate id="nev24996758n1-nev30012915n52">
<graphic id="nev24996758n1-nev30012915n53">
<href>0900c8af868aa9f#@#@#9#.jpeg</href>
</graphic>
<graphtext id="nev24996758n1-nev30012959n1">
<para id="nev24996758n1-nev30012915n50">
<ptxt id="nev24996758n1-nev30012915n51">Disconnect the #@#@#5#ctor.</ptxt>
</para>
<para id="nev24996758n1-nev30012915n48">
<ptxt id="nev24996758n1-nev30012915n49">Remove the mark#@#@#3#part.</ptxt>
</para>
</graphtext>
</grate>
</procstep>
<procstep id="nev24996758n1-nev24996786n3">
<grate id="nev24996758n1-nev30012915n46">
<graphic id="nev24996758n1-nev30012915n47">
<href>0900c8af866c24c#@#@#9#.jpeg</href>
</graphic>
</grate>
</procstep>
</stepgrp>
<stepgrp boilerplate="false" context="" id="nev24996758n1-nev30012915n45">
<title id="nev24996758n1-0800c8af844a46f9">Installation</title>
<procstep id="nev24996758n1-nev24996786n8">
<para id="nev24996758n1-nev30012915n43">
<ptxt id="nev24996758n1-nev30012915n44">To install, rev#@#@#22#dure.</ptxt>
</para>
</procstep>
<procstep id="nev24996758n1-nev25648276n41">
<para id="nev24996758n1-nev30012915n41">
<ptxt id="nev24996758n1-nev30012915n42">Identify accord#@#@#126#otors</ptxt>
</para>
</procstep>
<procstep id="nev24996758n1-nev25648276n38">
<para id="nev24996758n1-nev30012915n39">
<ptxt id="nev24996758n1-nev30012915n40">Calibrate accor#@#@#127#otors</ptxt>
</para>
</procstep>
<procstep id="nev24996758n1-nev24996787n10">
<para id="nev24996758n1-nev30012915n37">
<ptxt id="nev24996758n1-nev30012915n38">Perform climate#@#@#10#cking<xref boilerplate="true" id="nev24996758n1-0800c8af8479bff0">
<ref id="nev24996758n1-nev24996788n5"/>
</xref>
</ptxt>
</para>
</procstep>
</stepgrp>
</procedure>
</servinfosub>