<?xml version="1.0" encoding="UTF-8"?><servinfosub IE-ID="en-US0900c8af846e7c06" docno="VCC-123062" id="KC01172665" xml:lang="en-US">
<title>
<phrase category="Title" id="nev13045548n1" phrase-urn="urn:x-nevis:phrase:0800c8af838b9a4e">Signal missing</phrase>
</title>
<diagnostic j2008use="1" layout="0" paperuse="1" screenuse="1" type="test">
<testgrp IE-ID="en-US0900c8af846e7c06_KC01275484" id="KC01275484" j2008use="1" paperuse="1" resumable="1" screenuse="1" testgrp-id="start" x="120" y="40">
<title>
<phrase category="Title" id="nev13045550n1" phrase-urn="urn:x-nevis:phrase:0800c8af81eb9b1b">Checking the fu#@#@#1#ction</phrase>
</title>
<subcalloutnode>
<diagcallout>
<xref>
<ref id="KC09376477"/>
</xref>
</diagcallout>
<rescall-grp>
<result comp="string" highlight="0" op="eq" return="ANOTHER TEST"/>
<calloutaction>
<ptxt>
<xref>
<ref id="KC09376478"/>
</xref>
</ptxt>
</calloutaction>
</rescall-grp>
</subcalloutnode>
</testgrp>
<testgrp id="KC01275485" j2008use="1" paperuse="1" resumable="1" screenuse="1" testgrp-id="ledning" x="120" y="120">
<title>
<phrase category="Title" id="nev13045551n1" phrase-urn="urn:x-nevis:phrase:0800c8af81eb9bf6">Checking the su#@#@#18#ensor</phrase>
</title>
<node>
<test1>
<diaglist>
<dgraphic>
<dgraphic1>
<graphic id="KC09376480">
<href>0900c8af80054d5#@#@#9#.jpeg</href>
</graphic>
</dgraphic1>
</dgraphic>
<ditem>
<ptxt>
<phrase category="" id="KC09376481" phrase-urn="urn:x-nevis:phrase:0800c8af826f62cc">A number of mea#@#@#364#ensor</phrase>
</ptxt>
</ditem>
<ditem>
<ptxt>
<phrase category="" id="KC09376482" phrase-urn="urn:x-nevis:phrase:0800c8af826f62cd">Move the windsh#@#@#28# “0”.</phrase>
</ptxt>
</ditem>
<ditem>
<ptxt>
<phrase category="" id="KC09376483" phrase-urn="urn:x-nevis:phrase:0800c8af826f62ce">Ignition off</phrase>
</ptxt>
</ditem>
<ditem>
<ptxt>
<phrase category="" id="KC09376484" phrase-urn="urn:x-nevis:phrase:0800c8af826f62cf">Disconnect the #@#@#6#ensor</phrase>
</ptxt>
</ditem>
<ditem>
<ptxt>
<phrase category="" id="KC09376485" phrase-urn="urn:x-nevis:phrase:0800c8af826f62d0">Ignition on. </phrase>
</ptxt>
</ditem>
</diaglist>
<test2>
<para>
<ptxt>
<phrase category="" id="KC09376486" phrase-urn="urn:x-nevis:phrase:0800c8af826f62d1">Check the volta#@#@#74#ing. </phrase>
</ptxt>
</para>
<hint>
<ptxt>
<phrase category="" id="KC09376487" phrase-urn="urn:x-nevis:phrase:0800c8af826f62d2">The voltage mus#@#@#4# 12V.</phrase>
</ptxt>
</hint>
<list1 enumtype="d" type="unordered">
<title>
<phrase category="" id="KC09376488" phrase-urn="urn:x-nevis:phrase:0800c8af826f62d3">Other information:</phrase>
</title>
<item>
<ptxt>
<phrase category="" id="KC09376489" phrase-urn="urn:x-nevis:phrase:0800c8af826f62d4">For further inf#@#@#40# see <xref>
<ref id="KC09376490"/>
</xref>
</phrase>
</ptxt>
</item>
<item>
<ptxt id="nev14095210n100">
<xref id="nev14095210n99">
<ref id="l1223557721294"/>
</xref>
</ptxt>
</item>
<item>
<ptxt>
<phrase category="" id="KC09376493" phrase-urn="urn:x-nevis:phrase:0800c8af826f62d6">
<xref>
<ref id="KC09376494"/>
</xref>.</phrase>
</ptxt>
</item>
</list1>
<diaglist>
<dgraphic>
<dgraphic1>
<graphic id="KC09376495">
<href>0900c8af80058a5#@#@#9#.jpeg</href>
</graphic>
</dgraphic1>
</dgraphic>
</diaglist>
<grate>
<graphic id="KC09376499">
<href>0900c8af80058a6#@#@#9#.jpeg</href>
</graphic>
</grate>
</test2>
</test1>
<question>
Is the voltage#@#@#24#2 V?
</question>
<resact-grp>
<result button="yes" comp="button" highlight="0"/>
<action j2008use="1" paperuse="1" screenuse="1">
<ptxt>
<xref>
<ref id="KC09376501"/>
</xref>
</ptxt>
</action>
</resact-grp>
<resact-grp>
<result button="no" comp="button" highlight="0"/>
<action j2008use="1" paperuse="1" screenuse="1">
<ptxt>
<xref>
<ref id="KC09376502"/>
</xref>
</ptxt>
</action>
</resact-grp>
</node>
</testgrp>
<testgrp id="KC01275486" j2008use="1" paperuse="1" resumable="1" screenuse="1" testgrp-id="veri" x="120" y="460">
<title>
<phrase category="" id="KC09376503" phrase-urn="urn:x-nevis:phrase:0800c8af826f62d9">Verification</phrase>
</title>
<subcalloutnode>
<diagcallout>
<xref>
<ref id="KC09376504"/>
</xref>
</diagcallout>
<rescall-grp>
<result comp="string" highlight="0" op="eq" return="VERIFIED"/>
<calloutaction>
<return value="FAULT FOUND"/>
</calloutaction>
</rescall-grp>
<rescall-grp>
<result comp="string" highlight="0" op="eq" return="VERIFICATION FAILED"/>
<calloutaction>
<ptxt>
<xref>
<ref id="KC09376505"/>
</xref>
</ptxt>
</calloutaction>
</rescall-grp>
</subcalloutnode>
</testgrp>
<testgrp id="KC01275487" j2008use="1" paperuse="1" resumable="1" screenuse="1" testgrp-id="info" x="120" y="560">
<title>
<phrase category="" id="KC09376506" phrase-urn="urn:x-nevis:phrase:0800c8af826f62da">Fault-tracing i#@#@#5#ation</phrase>
</title>
<subcalloutnode>
<diagcallout>
<xref>
<ref id="KC09376507"/>
</xref>
</diagcallout>
<rescall-grp>
<result comp="string" highlight="0" op="eq" return="NEW TRY"/>
<calloutaction>
<ptxt>
<xref>
<ref id="KC09376508"/>
</xref>
</ptxt>
</calloutaction>
</rescall-grp>
<rescall-grp>
<result comp="string" highlight="0" op="eq" return="FAULTTRACING FAILED"/>
<calloutaction>
<return value="FAULT NOT FOUND"/>
</calloutaction>
</rescall-grp>
</subcalloutnode>
</testgrp>
<testgrp id="KC01275488" j2008use="1" paperuse="1" resumable="1" screenuse="1" testgrp-id="node1" x="120" y="240">
<title>
<phrase category="" id="KC09376509" phrase-urn="urn:x-nevis:phrase:0800c8af826f62db">Checking the da#@#@#3#cable</phrase>
</title>
<node>
<test1>
<diaglist>
<dgraphic>
<dgraphic1>
<graphic id="KC09376510">
<href>0900c8af80054d4#@#@#9#.jpeg</href>
</graphic>
</dgraphic1>
</dgraphic>
</diaglist>
<test2>
<hint>
<ptxt>
<phrase category="" id="KC09376511" phrase-urn="urn:x-nevis:phrase:0800c8af826f62dc">The wiring betw#@#@#72#bles.</phrase>
</ptxt>
</hint>
<para>
<ptxt>
<phrase category="" id="KC09376512" phrase-urn="urn:x-nevis:phrase:0800c8af826f62dd">The upper elect#@#@#71#able.</phrase>
</ptxt>
<ptxt>
<phrase category="" id="KC09376513" phrase-urn="urn:x-nevis:phrase:0800c8af826f62de">Disconnect the #@#@#7#nsor.</phrase>
</ptxt>
</para>
<para>
<ptxt>
<phrase category="" id="KC09376514" phrase-urn="urn:x-nevis:phrase:0800c8af826f62df">Check that the #@#@#156##2). </phrase>
</ptxt>
</para>
<hint>
<ptxt>
<phrase category="" id="KC09376515" phrase-urn="urn:x-nevis:phrase:0800c8af826f62e0">Use the oscillo#@#@#256#yed. </phrase>
</ptxt>
</hint>
<para>
<ptxt>
<phrase category="" id="KC09376516" phrase-urn="urn:x-nevis:phrase:0800c8af826f62e1">If the differen#@#@#205#ult. </phrase>
</ptxt>
</para>
<para>
<ptxt>
<phrase category="" id="KC09376517" phrase-urn="urn:x-nevis:phrase:0800c8af826f62e3">If no other fau#@#@#37#nsor.</phrase>
</ptxt>
</para>
<ptxt>
<phrase category="" id="KC09376518" phrase-urn="urn:x-nevis:phrase:0800c8af826f62e4">Remedy as necessary.</phrase>
</ptxt>
<list1 enumtype="d" type="unordered">
<title>
<phrase category="" id="KC09376519" phrase-urn="urn:x-nevis:phrase:0800c8af826f62e6">Other information:</phrase>
</title>
<item>
<ptxt>
<phrase category="" id="KC09376520" phrase-urn="urn:x-nevis:phrase:0800c8af826f62e7">To access or re#@#@#24#, see<xref>
<ref id="KC09376521"/>
</xref>
</phrase>
</ptxt>
</item>
<item>
<ptxt id="nev14095210n97">
<xref id="nev14095210n96">
<ref id="l1223557765101"/>
</xref>
</ptxt>
</item>
<item>
<ptxt>
<phrase category="" id="KC09376524" phrase-urn="urn:x-nevis:phrase:0800c8af826f62e9">For further inf#@#@#40# see <xref>
<ref id="KC09376525"/>
</xref>
</phrase>
</ptxt>
</item>
<item>
<ptxt>
<phrase category="" id="KC09376526" phrase-urn="urn:x-nevis:phrase:0800c8af826f62ea">To connect the #@#@#13# see <xref>
<ref id="KC09376527"/>
</xref>
</phrase>
</ptxt>
</item>
<item>
<ptxt>
<phrase category="" id="KC09376528" phrase-urn="urn:x-nevis:phrase:0800c8af826f62eb">
<xref>
<ref id="KC09376529"/>
</xref>.</phrase>
</ptxt>
</item>
</list1>
<diaglist>
<dgraphic>
<dgraphic1>
<graphic id="KC09376530">
<href>0900c8af80058a5#@#@#9#.jpeg</href>
</graphic>
</dgraphic1>
<dgraphic2>
<graphic id="KC09376531">
<href>0900c8af8005474#@#@#9#.jpeg</href>
</graphic>
<smarttool active="press" id="KC09376532" toolname="OSC20"/>
</dgraphic2>
</dgraphic>
</diaglist>
</test2>
</test1>
<question>
Select Continue.
</question>
<resact-grp>
<result button="cont" comp="button" highlight="0"/>
<action j2008use="1" paperuse="1" screenuse="1">
<ptxt>
<xref>
<ref id="KC09376535"/>
</xref>
</ptxt>
</action>
</resact-grp>
</node>
</testgrp>
<testgrp id="KC01275489" j2008use="1" paperuse="1" resumable="1" screenuse="1" testgrp-id="node2" x="220" y="240">
<title>
<phrase category="" id="KC09376536" phrase-urn="urn:x-nevis:phrase:0800c8af826f62ee">Checking the wiring</phrase>
</title>
<node>
<test1>
<diaglist>
<dgraphic>
<dgraphic1>
<graphic id="KC09376537">
<href>0900c8af80054d4#@#@#9#.jpeg</href>
</graphic>
</dgraphic1>
</dgraphic>
</diaglist>
<test2>
<para>
<ptxt>
<phrase category="" id="KC09376538" phrase-urn="urn:x-nevis:phrase:0800c8af826f62ef">There is either#@#@#119#is). </phrase>
</ptxt>
</para>
<hint>
<ptxt>
<phrase category="" id="KC09376539" phrase-urn="urn:x-nevis:phrase:0800c8af826f62f0">If the voltage #@#@#86#able.</phrase>
</ptxt>
</hint>
<para>
<ptxt>
<phrase category="" id="KC09376540" phrase-urn="urn:x-nevis:phrase:0800c8af826f62f1">Remedy as necessary.</phrase>
</ptxt>
</para>
<list1 enumtype="d" type="unordered">
<title>
<phrase category="" id="KC09376541" phrase-urn="urn:x-nevis:phrase:0800c8af826f62f2">Other information:</phrase>
</title>
<item>
<ptxt>
<phrase category="" id="KC09376542" phrase-urn="urn:x-nevis:phrase:0800c8af826f62f3">To access or re#@#@#24#, see<xref>
<ref id="KC09376543"/>
</xref>
</phrase>
</ptxt>
</item>
<item>
<ptxt id="nev14095210n94">
<xref id="nev14095210n93">
<ref id="l1223557790864"/>
</xref>
</ptxt>
</item>
<item>
<ptxt>
<phrase category="" id="KC09376546" phrase-urn="urn:x-nevis:phrase:0800c8af826f62f5">For further inf#@#@#40# see <xref>
<ref id="KC09376547"/>
</xref>
</phrase>
</ptxt>
</item>
<item>
<ptxt>
<phrase category="" id="KC09376548" phrase-urn="urn:x-nevis:phrase:0800c8af826f62f6">To connect the #@#@#13# see <xref>
<ref id="KC09376549"/>
</xref>
</phrase>
</ptxt>
</item>
<item>
<ptxt>
<phrase category="" id="KC09376550" phrase-urn="urn:x-nevis:phrase:0800c8af826f62f7">To fault-trace #@#@#25# see <xref>
<ref id="KC09376551"/>
</xref>.</phrase>
</ptxt>
</item>
</list1>
<diaglist>
<dgraphic>
<dgraphic1>
<graphic id="KC09376552">
<href>0900c8af80058a5#@#@#9#.jpeg</href>
</graphic>
</dgraphic1>
</dgraphic>
</diaglist>
<grate>
<graphic id="KC09376556">
<href>0900c8af80058a6#@#@#9#.jpeg</href>
</graphic>
</grate>
</test2>
</test1>
<question>
Select "Continue".
</question>
<resact-grp>
<result button="cont" comp="button" highlight="0"/>
<action j2008use="1" paperuse="1" screenuse="1">
<ptxt>
<xref>
<ref id="KC09376558"/>
</xref>
</ptxt>
</action>
</resact-grp>
</node>
</testgrp>
</diagnostic>
</servinfosub>