<?xml version="1.0" encoding="UTF-8"?><servinfosub IE-ID="en-US0900c8af84bb7c06" docno="VCC-112058" id="KC01112798" xml:lang="en-US">
<title id="nev15098105n250">Engine coolant #@#@#12#acing</title>
<procedure id="nev15098105n249">
<stepgrp id="KC01112781">
<procstep id="nev15098105n248">
<title id="nev15098105n247"/>
<para id="nev15098105n132">
<ptxt id="nev15098105n131">Information for#@#@#61#g to <xref id="nev15098105n130">
<ref id="nev15098105n129"/>
</xref>.</ptxt>
</para>
</procstep>
</stepgrp>
</procedure>
</servinfosub>