<?xml version="1.0" encoding="UTF-8"?><servinfosub IE-ID="en-US0900c8af8068ec06" docno="VCC-050331" id="KC02033238" xml:lang="en-US">
<title>
<phrase category="" id="KC08402268" phrase-urn="urn:x-nevis:phrase:0800c8af81dc3f9c">DTC information </phrase>
</title>
<diagnostic id="KC02197282" type="condition">
<title>
<phrase category="" id="KC08402269" phrase-urn="urn:x-nevis:phrase:0800c8af81dc3f9d"/>
</title>
<condgrp>
<condition type="condition">
<ptxt>
<phrase category="" id="KC08402270" phrase-urn="urn:x-nevis:phrase:0800c8af81dc3f9e">See correspondi#@#@#28#l DTC</phrase>
</ptxt>
</condition>
</condgrp>
<condgrp>
<condition type="substitution">
<ptxt>
<phrase category="" id="KC08402271" phrase-urn="urn:x-nevis:phrase:0800c8af81dc3f9f">See correspondi#@#@#28#l DTC</phrase>
</ptxt>
</condition>
<ps>
<list1 enumtype="d" type="unordered">
<item>
<ptxt>
<phrase category="" id="KC08402272" phrase-urn="urn:x-nevis:phrase:0800c8af81dc3fa1">Open-circuit in#@#@#15#lead.</phrase>
</ptxt>
</item>
</list1>
</ps>
</condgrp>
<condgrp>
<condition type="symptom">
<ptxt>
<phrase category="" id="KC08402273" phrase-urn="urn:x-nevis:phrase:0800c8af81dc3fa2">Car feels a bit#@#@#5#gish.</phrase>
</ptxt>
<ptxt>
<phrase category="" id="KC08402274" phrase-urn="urn:x-nevis:phrase:0800c8af81dc3fa3">High idling spe#@#@#9#tral.</phrase>
</ptxt>
<ptxt>
<phrase category="" id="KC08402275" phrase-urn="urn:x-nevis:phrase:0800c8af81dc3fa4">Engine coolant #@#@#44#down.</phrase>
</ptxt>
<ptxt>
<phrase category="" id="KC08402276" phrase-urn="urn:x-nevis:phrase:0800c8af81dc3fa5">Engine is diffi#@#@#9#tart.</phrase>
</ptxt>
</condition>
</condgrp>
</diagnostic>
</servinfosub>