<?xml version="1.0" encoding="UTF-8"?><servinfosub IE-ID="en-US0900c8af80444c06" docno="VCC-058850" id="KC01403462" xml:lang="en-US">
<title>
<phrase category="" id="KC08437229" phrase-urn="urn:x-nevis:phrase:0800c8af81dc7027">Diagnostic trou#@#@#29#I-422</phrase>
</title>
<diagnostic id="KC01496713" type="condition">
<condgrp>
<condition type="condition">
<grate>
<graphic id="KC08437230">
<href>0900c8af80054c1#@#@#9#.jpeg</href>
</graphic>
<graphtext>
<ptxt>
<phrase category="" id="KC08437231" phrase-urn="urn:x-nevis:phrase:0800c8af81dc7028">Diagnostic trou#@#@#218#nal).</phrase>
</ptxt>
<ptxt>
<phrase category="" id="KC08437232" phrase-urn="urn:x-nevis:phrase:0800c8af81dc7029">Diagnostic trou#@#@#87#nal).</phrase>
</ptxt>
</graphtext>
</grate>
</condition>
</condgrp>
<condgrp>
<condition type="substitution">
<list1 enumtype="d" type="unordered">
<item>
<ptxt>
<phrase category="" id="KC08437233" phrase-urn="urn:x-nevis:phrase:0800c8af81dc702a">the engine cont#@#@#51#evel.</phrase>
</ptxt>
</item>
</list1>
</condition>
<ps>
<list1 enumtype="d" type="unordered">
<title>
<phrase category="" id="KC08437234" phrase-urn="urn:x-nevis:phrase:0800c8af81dc702b">Signal too high</phrase>
</title>
<item>
<ptxt>
<phrase category="" id="KC08437235" phrase-urn="urn:x-nevis:phrase:0800c8af81dc702c">short-circuit t#@#@#31#cable</phrase>
</ptxt>
</item>
<item>
<ptxt>
<phrase category="" id="KC08437236" phrase-urn="urn:x-nevis:phrase:0800c8af81dc702d">open-circuit in#@#@#23# lead</phrase>
</ptxt>
</item>
<item>
<ptxt>
<phrase category="" id="KC08437237" phrase-urn="urn:x-nevis:phrase:0800c8af81dc702e">short-circuit t#@#@#30#cable</phrase>
</ptxt>
</item>
<item>
<ptxt>
<phrase category="" id="KC08437238" phrase-urn="urn:x-nevis:phrase:0800c8af81dc702f">contact resista#@#@#11#inals</phrase>
</ptxt>
</item>
<item>
<ptxt>
<phrase category="" id="KC08437239" phrase-urn="urn:x-nevis:phrase:0800c8af81dc7030">short-circuit t#@#@#66#able </phrase>
</ptxt>
</item>
<item>
<ptxt>
<phrase category="" id="KC08437240" phrase-urn="urn:x-nevis:phrase:0800c8af81dc7031">short-circuit t#@#@#53#able </phrase>
</ptxt>
</item>
<item>
<ptxt>
<phrase category="" id="KC08437241" phrase-urn="urn:x-nevis:phrase:0800c8af81dc7032">short-circuit t#@#@#41#able </phrase>
</ptxt>
</item>
<item>
<ptxt>
<phrase category="" id="KC08437242" phrase-urn="urn:x-nevis:phrase:0800c8af81dc7033">defective atmos#@#@#17#ensor</phrase>
</ptxt>
</item>
</list1>
<list1 enumtype="d" type="unordered">
<title>
<phrase category="" id="KC08437243" phrase-urn="urn:x-nevis:phrase:0800c8af81dc7034">Signal too low</phrase>
</title>
<item>
<ptxt>
<phrase category="" id="KC08437244" phrase-urn="urn:x-nevis:phrase:0800c8af81dc7035">short-circuit t#@#@#19#cable</phrase>
</ptxt>
</item>
<item>
<ptxt>
<phrase category="" id="KC08437245" phrase-urn="urn:x-nevis:phrase:0800c8af81dc7036">short-circuit t#@#@#18#cable</phrase>
</ptxt>
</item>
<item>
<ptxt>
<phrase category="" id="KC08437246" phrase-urn="urn:x-nevis:phrase:0800c8af81dc7037">open-circuit in#@#@#7#cable</phrase>
</ptxt>
</item>
<item>
<ptxt>
<phrase category="" id="KC08437247" phrase-urn="urn:x-nevis:phrase:0800c8af81dc7038">contact resista#@#@#11#inals</phrase>
</ptxt>
</item>
<item>
<ptxt>
<phrase category="" id="KC08437248" phrase-urn="urn:x-nevis:phrase:0800c8af81dc7039">short-circuit t#@#@#46#nsor </phrase>
</ptxt>
</item>
<item>
<ptxt>
<phrase category="" id="KC08437249" phrase-urn="urn:x-nevis:phrase:0800c8af81dc703a">short-circuit t#@#@#44#cable</phrase>
</ptxt>
</item>
<item>
<ptxt>
<phrase category="" id="KC08437250" phrase-urn="urn:x-nevis:phrase:0800c8af81dc703b">short-circuit t#@#@#32#cable</phrase>
</ptxt>
</item>
<item>
<ptxt>
<phrase category="" id="KC08437251" phrase-urn="urn:x-nevis:phrase:0800c8af81dc703c">defective atmos#@#@#17#ensor</phrase>
</ptxt>
</item>
<item>
<ptxt>
<phrase category="" id="KC08437252" phrase-urn="urn:x-nevis:phrase:0800c8af81dc703d">defective air c#@#@#28#ensor</phrase>
</ptxt>
</item>
<item>
<ptxt>
<phrase category="" id="KC08437253" phrase-urn="urn:x-nevis:phrase:0800c8af81dc703e">defective fuel #@#@#16#nsor.</phrase>
</ptxt>
</item>
<item>
<ptxt>
<phrase category="" id="KC08437254" phrase-urn="urn:x-nevis:phrase:0800c8af81dc703f">defective accel#@#@#4#eter.</phrase>
</ptxt>
</item>
</list1>
<list1 enumtype="d" type="unordered">
<title>
<phrase category="" id="KC08437255" phrase-urn="urn:x-nevis:phrase:0800c8af81dc7040">Signal sporadic:</phrase>
</title>
<item>
<ptxt>
<phrase category="" id="KC08437256" phrase-urn="urn:x-nevis:phrase:0800c8af81dc7041">loose connections</phrase>
</ptxt>
</item>
<item>
<ptxt>
<phrase category="" id="KC08437257" phrase-urn="urn:x-nevis:phrase:0800c8af81dc7042">contact resista#@#@#11#inals</phrase>
</ptxt>
</item>
<item>
<ptxt>
<phrase category="" id="KC08437258" phrase-urn="urn:x-nevis:phrase:0800c8af81dc7043">defective atmos#@#@#17#ensor</phrase>
</ptxt>
</item>
<item>
<ptxt>
<phrase category="" id="KC08437259" phrase-urn="urn:x-nevis:phrase:0800c8af81dc7044">defective air c#@#@#28#ensor</phrase>
</ptxt>
</item>
<item>
<ptxt>
<phrase category="" id="KC08437260" phrase-urn="urn:x-nevis:phrase:0800c8af81dc7045">defective fuel #@#@#16#nsor.</phrase>
</ptxt>
</item>
<item>
<ptxt>
<phrase category="" id="KC08437261" phrase-urn="urn:x-nevis:phrase:0800c8af81dc7046">defective accel#@#@#4#eter.</phrase>
</ptxt>
</item>
</list1>
</ps>
</condgrp>
<condgrp>
<condition type="symptom">
<list1 enumtype="d" type="unordered">
<item>
<ptxt>
<phrase category="" id="KC08437262" phrase-urn="urn:x-nevis:phrase:0800c8af81dc7047">poor performanc#@#@#13#itude</phrase>
</ptxt>
</item>
<item>
<ptxt>
<phrase category="" id="KC08437263" phrase-urn="urn:x-nevis:phrase:0800c8af81dc7048">can cause start#@#@#25#tude.</phrase>
</ptxt>
</item>
</list1>
</condition>
</condgrp>
</diagnostic>
</servinfosub>