<?xml version="1.0" encoding="UTF-8"?><servinfosub IE-ID="en-US0900c8af87023c06" docno="VCC-371104" id="nev13719984n1" original="sv-SE" servinfosubId="nev13719985n1-nev24285743n1" servinfosubRes="0900c8af8733fadb" servinfosubRes2="urn:x-nevis:fragment:0900c8af87023c06:0900c8af8733fadb#nev24285743n1" xml:lang="en-US">
<operationnumbers>
<operationnumber>85101-2</operationnumber>
</operationnumbers>
<title id="nev13719981n20">C-pillar trim panel</title>
<procedure id="nev13719985n1-nev24911304n65">
<stepgrp boilerplate="false" context="" id="nev13719985n1-nev24922177n57">
<title id="nev13719985n1-0800c8af844a46f6">Removal</title>
<procstep id="nev13719985n1-nev24922177n56">
<note id="nev13719985n1-nev24922177n55">
<ptxt>Removal steps i#@#@#45#ails.</ptxt>
</note>
</procstep>
<procstep id="nev13719985n1-nev24911304n97">
<grate id="nev13719985n1-nev24922177n53">
<graphic id="nev13719985n1-nev24922177n54">
<href>0900c8af8732f5a#@#@#9#.jpeg</href>
</graphic>
</grate>
</procstep>
<procstep id="nev13719985n1-nev24911304n94">
<grate id="nev13719985n1-nev24922177n51">
<graphic id="nev13719985n1-nev24922177n52">
<href>0900c8af8732f5b#@#@#9#.jpeg</href>
</graphic>
<graphtext id="nev13719985n1-nev24922684n1">
<note id="nev13719985n1-nev24922177n50">
<ptxt>The graphic sho#@#@#39#oval.</ptxt>
</note>
</graphtext>
</grate>
</procstep>
<procstep id="nev13719985n1-nev24911304n58">
<grate id="nev13719985n1-nev24922177n48">
<graphic id="nev13719985n1-nev24922177n49">
<href>0900c8af8732f98#@#@#9#.jpeg</href>
</graphic>
<graphtext id="nev13719985n1-nev24922688n1">
<para id="nev13719985n1-nev24922177n46">
<ptxt id="nev13719985n1-nev24922177n47">Remove the mark#@#@#3#part.</ptxt>
</para>
</graphtext>
</grate>
</procstep>
<procstep id="nev13719985n1-nev24911304n91">
<grate id="nev13719985n1-nev24922177n44">
<graphic id="nev13719985n1-nev24922177n45">
<href>0900c8af8732f5f#@#@#9#.jpeg</href>
</graphic>
<graphtext id="nev13719985n1-nev24922692n1">
<para id="nev13719985n1-nev24922177n40">
<ptxt id="nev13719985n1-nev24922177n42">
<torque id="nev13719985n1-nev24922177n43">
<ref id="nev13719985n1-nev24922177n41"/>
</torque>
</ptxt>
</para>
<para id="nev13719985n1-nev24922177n38">
<ptxt id="nev13719985n1-nev24922177n39">Fold marked par#@#@#3#side.</ptxt>
</para>
<para id="nev13719985n1-nev24922177n36">
<ptxt id="nev13719985n1-nev24922177n37">Remove the screw.</ptxt>
</para>
</graphtext>
</grate>
</procstep>
<procstep id="nev13719985n1-nev24911304n88">
<grate id="nev13719985n1-nev24922177n34">
<graphic id="nev13719985n1-nev24922177n35">
<href>0900c8af8732f60#@#@#9#.jpeg</href>
</graphic>
<graphtext id="nev13719985n1-nev24922699n1">
<para id="nev13719985n1-nev24922177n32">
<ptxt id="nev13719985n1-nev24922177n33">Release the lock.</ptxt>
</para>
<para id="nev13719985n1-nev24922177n30">
<ptxt id="nev13719985n1-nev24922177n31">Fold marked par#@#@#3#side.</ptxt>
</para>
</graphtext>
</grate>
</procstep>
<procstep id="nev13719985n1-nev24911304n85">
<grate id="nev13719985n1-nev24922177n28">
<graphic id="nev13719985n1-nev24922177n29">
<href>0900c8af8732f80#@#@#9#.jpeg</href>
</graphic>
<graphtext id="nev13719985n1-nev24922703n1">
<note id="nev13719985n1-nev24922177n27">
<ptxt>The graphic sho#@#@#39#oval.</ptxt>
</note>
</graphtext>
</grate>
</procstep>
<procstep id="nev13719985n1-nev24911304n82">
<grate id="nev13719985n1-nev24922177n25">
<graphic id="nev13719985n1-nev24922177n26">
<href>0900c8af8732f7a#@#@#9#.jpeg</href>
</graphic>
<graphtext id="nev13719985n1-nev24922707n1">
<para id="nev13719985n1-nev24922177n23">
<ptxt id="nev13719985n1-nev24922177n24">Remove the mark#@#@#3#part.</ptxt>
</para>
</graphtext>
</grate>
</procstep>
<procstep id="nev13719985n1-nev24911304n47">
<grate id="nev13719985n1-nev24922177n21">
<graphic id="nev13719985n1-nev24922177n22">
<href>0900c8af8732fb3#@#@#9#.jpeg</href>
</graphic>
<graphtext id="nev13719985n1-nev24922711n1">
<para id="nev13719985n1-nev24922177n19">
<ptxt id="nev13719985n1-nev24922177n20">Release the lock.</ptxt>
</para>
<para id="nev13719985n1-nev24922177n17">
<ptxt id="nev13719985n1-nev24922177n18">Remove the mark#@#@#3#part.</ptxt>
</para>
</graphtext>
</grate>
</procstep>
<procstep id="nev13719985n1-nev24922177n16">
<grate id="nev13719985n1-nev24922177n14">
<graphic id="nev13719985n1-nev24922177n15">
<href>0900c8af8733ec8#@#@#9#.jpeg</href>
</graphic>
<graphtext id="nev13719985n1-nev24922715n1">
<para id="nev13719985n1-nev24922177n12">
<ptxt id="nev13719985n1-nev24922177n13">Remove the mark#@#@#3#part.</ptxt>
</para>
</graphtext>
</grate>
</procstep>
<procstep id="nev13719985n1-nev24922177n11">
<grate id="nev13719985n1-nev24922177n9">
<graphic id="nev13719985n1-nev24922177n10">
<href>0900c8af8733f7b#@#@#9#.jpeg</href>
</graphic>
<graphtext id="nev13719985n1-nev24922719n1">
<para id="nev13719985n1-nev24922177n7">
<ptxt id="nev13719985n1-nev24922177n8">Remove the clip.</ptxt>
</para>
</graphtext>
</grate>
</procstep>
<procstep id="nev13719985n1-nev24922177n6">
<grate id="nev13719985n1-nev24922177n4">
<graphic id="nev13719985n1-nev24922177n5">
<href>0900c8af8733f7c#@#@#9#.jpeg</href>
</graphic>
<graphtext id="nev13719985n1-nev24922723n1">
<para id="nev13719985n1-nev24922177n2">
<ptxt id="nev13719985n1-nev24922177n3">Remove the mark#@#@#3#part.</ptxt>
</para>
</graphtext>
</grate>
</procstep>
</stepgrp>
<stepgrp boilerplate="false" context="" id="nev13719985n1-nev24922177n1">
<title id="nev13719985n1-nev24922677n100">Installation</title>
<procstep id="nev13719985n1-nev24922677n99">
<para id="nev13719985n1-nev24922677n97">
<ptxt id="nev13719985n1-nev24922677n98">To install, rev#@#@#22#dure.</ptxt>
</para>
</procstep>
</stepgrp>
</procedure>
</servinfosub>