<?xml version="1.0" encoding="UTF-8"?><servinfosub IE-ID="en-US0900c8af83febd08" docno="VCC-152767" id="KC02723965" xml:lang="en-US">
<title>
<phrase category="" id="KC09644576" phrase-urn="urn:x-nevis:phrase:0800c8af8274146b">Signal too high#@#@#13#ssing</phrase>
</title>
<diagnostic j2008use="1" layout="0" paperuse="1" screenuse="1" type="test">
<testgrp IE-ID="en-US0900c8af83febd08_KC02757471" id="KC02757471" j2008use="1" paperuse="1" resumable="1" screenuse="1" testgrp-id="node1" x="120" y="40">
<title>
<phrase category="" id="KC09644577" phrase-urn="urn:x-nevis:phrase:0800c8af8274146c">Checking the co#@#@#13#iring</phrase>
</title>
<node>
<test1>
<diaglist>
<dgraphic>
<dgraphic1>
<graphic id="KC09644578">
<href>0900c8af80054d4#@#@#9#.jpeg</href>
</graphic>
</dgraphic1>
</dgraphic>
<ditem>
<ptxt>
<phrase category="" id="KC09644579" phrase-urn="urn:x-nevis:phrase:0800c8af8274146d">Ignition off</phrase>
</ptxt>
</ditem>
<ditem>
<ptxt>
<phrase category="" id="KC09644580" phrase-urn="urn:x-nevis:phrase:0800c8af8274146e">Disconnect conn#@#@#30#(PHM)</phrase>
</ptxt>
</ditem>
<ditem>
<ptxt>
<phrase category="" id="KC09644581" phrase-urn="urn:x-nevis:phrase:0800c8af8274146f">Disconnect conn#@#@#31#PHM).</phrase>
</ptxt>
</ditem>
</diaglist>
<test2>
<para>
<ptxt>
<phrase category="" id="KC09644582" phrase-urn="urn:x-nevis:phrase:0800c8af82741470">Check the cable#@#@#66#tage.</phrase>
</ptxt>
<ptxt>
<phrase category="" id="KC09644583" phrase-urn="urn:x-nevis:phrase:0800c8af82741471">Check between:</phrase>
</ptxt>
</para>
<list1 enumtype="d" type="unordered">
<item>
<ptxt>
<phrase category="" id="KC09644584" phrase-urn="urn:x-nevis:phrase:0800c8af82741472">connector A ter#@#@#36#al #1</phrase>
</ptxt>
</item>
<item>
<ptxt>
<phrase category="" id="KC09644585" phrase-urn="urn:x-nevis:phrase:0800c8af82741474">connector A ter#@#@#37#l #2.</phrase>
</ptxt>
</item>
</list1>
<para>
<ptxt>
<phrase category="" id="KC09644586" phrase-urn="urn:x-nevis:phrase:0800c8af82741475">Check the cable#@#@#48#cuit.</phrase>
</ptxt>
<ptxt>
<phrase category="" id="KC09644587" phrase-urn="urn:x-nevis:phrase:0800c8af82741476">Take a reading #@#@#126#0 kΩ.</phrase>
</ptxt>
</para>
<para>
<ptxt>
<phrase category="" id="KC09644588" phrase-urn="urn:x-nevis:phrase:0800c8af82741477">Check the conne#@#@#68#tion.</phrase>
</ptxt>
</para>
<para>
<ptxt>
<phrase category="" id="KC09644589" phrase-urn="urn:x-nevis:phrase:0800c8af82741478">Try replacing t#@#@#36#e OK.</phrase>
</ptxt>
</para>
<para>
<ptxt>
<phrase category="" id="KC09644590" phrase-urn="urn:x-nevis:phrase:0800c8af82741479">Remedy as necessary.</phrase>
</ptxt>
</para>
<list1 enumtype="d" type="unordered">
<title>
<phrase category="" id="KC09644591" phrase-urn="urn:x-nevis:phrase:0800c8af8274147a">Other information:</phrase>
</title>
<item>
<ptxt>
<phrase category="" id="KC09644592" phrase-urn="urn:x-nevis:phrase:0800c8af8274147b">For further inf#@#@#55#gram </phrase>
</ptxt>
</item>
<item>
<ptxt>
<phrase category="" id="KC09644593" phrase-urn="urn:x-nevis:phrase:0800c8af8274147c">
<xref>
<ref id="KC09644594"/>
</xref>
</phrase>
</ptxt>
</item>
<item>
<ptxt>
<phrase category="" id="KC09644595" phrase-urn="urn:x-nevis:phrase:0800c8af8274147d">
<xref>
<ref id="KC09644596"/>
</xref>
</phrase>
</ptxt>
</item>
<item>
<ptxt>
<phrase category="" id="KC09644597" phrase-urn="urn:x-nevis:phrase:0800c8af8274147e">
<xref>
<ref id="KC09644598"/>
</xref>
</phrase>
</ptxt>
</item>
<item>
<ptxt>
<phrase category="" id="KC09644599" phrase-urn="urn:x-nevis:phrase:0800c8af8274147f">
<xref>
<ref id="KC09644600"/>
</xref>
</phrase>
</ptxt>
</item>
<item>
<ptxt id="nev13021041n100">
<xref id="nev13021053n100">
<ref id="l1182858329394"/>
</xref>
</ptxt>
</item>
<item>
<ptxt>
<phrase category="" id="KC09644603" phrase-urn="urn:x-nevis:phrase:0800c8af82741481">
<xref>
<ref id="KC09644604"/>
</xref>
</phrase>
</ptxt>
</item>
</list1>
<diaglist>
<dgraphic>
<dgraphic1>
<graphic id="KC09644605">
<href>0900c8af8073119#@#@#9#.jpeg</href>
</graphic>
</dgraphic1>
<dgraphic2>
<graphic id="KC09644606">
<href>0900c8af80054d4#@#@#9#.jpeg</href>
</graphic>
<smarttool active="press" id="KC09644607" toolname="ODAH"/>
</dgraphic2>
</dgraphic>
<ditem>
<ditemtext>
<ptxt>
<phrase category="" id="KC09644608" phrase-urn="urn:x-nevis:phrase:0800c8af82741482"/>
</ptxt>
</ditemtext>
</ditem>
</diaglist>
<grate>
<graphic id="KC09644609">
<href>0900c8af80126be#@#@#9#.jpeg</href>
</graphic>
</grate>
</test2>
</test1>
<question>
Select Continue.
</question>
<resact-grp>
<result button="cont" comp="button" highlight="0"/>
<action j2008use="1" paperuse="1" screenuse="1">
<ptxt>
<xref>
<ref id="KC09644611"/>
</xref>
</ptxt>
</action>
</resact-grp>
</node>
</testgrp>
<testgrp id="KC02757472" j2008use="1" paperuse="1" resumable="1" screenuse="1" testgrp-id="veria" x="120" y="260">
<title>
<phrase category="" id="KC09644612" phrase-urn="urn:x-nevis:phrase:0800c8af82741484">Verification</phrase>
</title>
<subcalloutnode>
<diagcallout>
<xref>
<ref id="KC09644613"/>
</xref>
</diagcallout>
<rescall-grp>
<result comp="string" highlight="0" op="eq" return="VERIFIED"/>
<calloutaction>
<return value="FAULT FOUND"/>
</calloutaction>
</rescall-grp>
<rescall-grp>
<result comp="string" highlight="0" op="eq" return="VERIFICATION FAILED"/>
<calloutaction>
<ptxt>
<xref>
<ref id="KC09644614"/>
</xref>
</ptxt>
</calloutaction>
</rescall-grp>
</subcalloutnode>
</testgrp>
<testgrp id="KC02757473" j2008use="1" paperuse="1" resumable="1" screenuse="1" testgrp-id="info1" x="180" y="160">
<title>
<phrase category="" id="KC09644615" phrase-urn="urn:x-nevis:phrase:0800c8af82741485">Fault-tracing i#@#@#5#ation</phrase>
</title>
<subcalloutnode>
<diagcallout>
<xref>
<ref id="KC09644616"/>
</xref>
</diagcallout>
<rescall-grp>
<result comp="string" highlight="0" op="eq" return="FAULTTRACING FAILED"/>
<calloutaction>
<return value="FAULTTRACING FAILED"/>
</calloutaction>
</rescall-grp>
<rescall-grp>
<result comp="string" highlight="0" op="eq" return="NEW TRY"/>
<calloutaction>
<ptxt>
<xref>
<ref id="KC09644617"/>
</xref>
</ptxt>
</calloutaction>
</rescall-grp>
</subcalloutnode>
</testgrp>
</diagnostic>
</servinfosub>