<?xml version="1.0" encoding="UTF-8"?><servinfosub IE-ID="en-US0900c8af851a570d" docno="VCC-423915" id="nev16394798n1" xml:lang="en-US">
<title>
<phrase category="Title" id="nev16394798n2" phrase-urn="urn:x-nevis:phrase:0800c8af81eb9a54">Diagnostic trou#@#@#21#ation</phrase>
<phrase category="Prefix" id="nev16394798n3" phrase-urn="urn:x-nevis:phrase:0800c8af8015c3f5">ECM</phrase>-P164200</title>
<diagnostic j2008use="1" paperuse="1" screenuse="1" type="condition">
<condgrp>
<condition type="condition">
<grate id="nev16394798n4">
<graphic id="nev16394798n5">
<href>0900c8af80730f5#@#@#9#.jpeg</href>
</graphic>
</grate>
<para>
<ptxt>
<phrase category="Condition" id="nev16394798n6" phrase-urn="urn:x-nevis:phrase:0800c8af81eab0a0">The control mod#@#@#109#ork).</phrase>
</ptxt>
</para>
<para id="nev16394798n7">
<ptxt id="nev16394798n8">
<phrase category="Condition" id="nev16394798n9" phrase-urn="urn:x-nevis:phrase:0800c8af834ddf26">The diagnostic #@#@#48#ects:</phrase>
</ptxt>
</para>
<list1 id="nev16394798n10">
<item id="nev16394799n1">
<ptxt id="nev16394799n2">
<phrase category="Condition" id="nev16394799n3" phrase-urn="urn:x-nevis:phrase:0800c8af84f19430">Fault in torque#@#@#36#BCM).</phrase>
</ptxt>
</item>
</list1>
<para id="nev16394799n4">
<ptxt id="nev16394799n5">
<phrase category="Condition" id="nev16394799n6" phrase-urn="urn:x-nevis:phrase:0800c8af81eaae78">The diagnostic #@#@#36#when:</phrase>
</ptxt>
</para>
<list1 id="nev16394799n7">
<item id="nev16394799n8">
<ptxt id="nev16394799n9">
<phrase category="Condition" id="nev16394799n10" phrase-urn="urn:x-nevis:phrase:0800c8af84f19204">Engine speed ab#@#@#8# rpm.</phrase>
</ptxt>
</item>
</list1>
<note id="nev16394800n1">
<ptxt id="nev16394800n2">
<phrase category="Condition" id="nev16394800n3" phrase-urn="urn:x-nevis:phrase:0800c8af82c4844b">The control mod#@#@#132# met.</phrase>
</ptxt>
</note>
</condition>
</condgrp>
<condgrp>
<condition type="substitution">
<list1 enumtype="d" type="unordered">
<item>
<ptxt>
<phrase category="Substitution" id="nev16394800n4" phrase-urn="urn:x-nevis:phrase:0800c8af838f1674">Torque limitation</phrase>
</ptxt>
</item>
</list1>
</condition>
<ps>
<list1 enumtype="d" type="unordered">
<item>
<ptxt>
<phrase category="Possible source" id="nev16394800n5" phrase-urn="urn:x-nevis:phrase:0800c8af81eb9595">Faulty software.</phrase>
</ptxt>
</item>
<item>
<ptxt>
<phrase category="Possible source" id="nev16394800n6" phrase-urn="urn:x-nevis:phrase:0800c8af81eaba5c">Damaged engine #@#@#16#ECM).</phrase>
</ptxt>
</item>
</list1>
</ps>
</condgrp>
<condgrp>
<condition type="symptom">
<list1 enumtype="d" type="unordered">
<item>
<ptxt>
<phrase category="Symptom CSC" id="nev16394800n7" phrase-urn="urn:x-nevis:phrase:0800c8af8388f137">IV, Text window#@#@#27#ssage</phrase>
</ptxt>
</item>
<item id="nev16394800n8">
<ptxt id="nev16394800n9">
<phrase category="Symptom CSC" id="nev16394800n10" phrase-urn="urn:x-nevis:phrase:0800c8af8388f019">AJ, Driving/Poo#@#@#20#power</phrase>
</ptxt>
</item>
</list1>
</condition>
</condgrp>
</diagnostic>
</servinfosub>