<?xml version="1.0" encoding="UTF-8"?><servinfosub IE-ID="en-US0900c8af8062370d" docno="VCC-018410" id="KC02018434" xml:lang="en-US">
<title>
<phrase category="" id="KC08270537" phrase-urn="urn:x-nevis:phrase:0800c8af81db52a1">DTC information#@#@#1#4-4-2</phrase>
</title>
<diagnostic id="KC02177064" type="condition">
<title>
<phrase category="" id="KC08270538" phrase-urn="urn:x-nevis:phrase:0800c8af81db52a2"/>
</title>
<condgrp>
<condition type="condition">
<grate>
<graphic id="KC08270539">
<href>0900c8af8012047#@#@#9#.jpeg</href>
</graphic>
<graphtext>
<ptxt>
<phrase category="" id="KC08270540" phrase-urn="urn:x-nevis:phrase:0800c8af81db52a3">      The contr#@#@#172#4-2. </phrase>
</ptxt>
</graphtext>
</grate>
</condition>
</condgrp>
<condgrp>
<condition type="substitution">
<ptxt>
<phrase category="" id="KC08270541" phrase-urn="urn:x-nevis:phrase:0800c8af81db52a4">      None.</phrase>
</ptxt>
</condition>
<ps>
<list1 enumtype="d" type="unordered">
<item>
<ptxt>
<phrase category="" id="KC08270542" phrase-urn="urn:x-nevis:phrase:0800c8af81db52a5">      Signal le#@#@#34#pply.</phrase>
</ptxt>
</item>
<item>
<ptxt>
<phrase category="" id="KC08270543" phrase-urn="urn:x-nevis:phrase:0800c8af81db52a6">      Open circ#@#@#24#lead.</phrase>
</ptxt>
</item>
<item>
<ptxt>
<phrase category="" id="KC08270544" phrase-urn="urn:x-nevis:phrase:0800c8af81db52a7">      Contact r#@#@#20#ions.</phrase>
</ptxt>
</item>
<item>
<ptxt>
<phrase category="" id="KC08270545" phrase-urn="urn:x-nevis:phrase:0800c8af81db52a8">      Faulty ai#@#@#8#elay.</phrase>
</ptxt>
</item>
</list1>
</ps>
</condgrp>
<condgrp>
<condition type="symptom">
<ptxt>
<phrase category="" id="KC08270546" phrase-urn="urn:x-nevis:phrase:0800c8af81db52a9">      No detect#@#@#9#toms.</phrase>
</ptxt>
</condition>
</condgrp>
</diagnostic>
</servinfosub>