<?xml version="1.0" encoding="UTF-8"?><servinfosub IE-ID="en-US0900c8af823e6d05" docno="VCC-167598" id="KC09053230" xml:lang="en-US">
<title>
<phrase category="" id="KC09053240" phrase-urn="urn:x-nevis:phrase:0800c8af823e6d07">Downloading software</phrase>
</title>
<diagnostic j2008use="1" paperuse="1" screenuse="1" type="test">
<testgrp IE-ID="en-US0900c8af823e6d05_KC09053232" id="KC09053232" j2008use="1" paperuse="1" resumable="1" screenuse="1" testgrp-id="preparation" x="120" y="80">
<title>
<phrase category="" id="KC09053241" phrase-urn="urn:x-nevis:phrase:0800c8af823e6d08"/>
</title>
<subcalloutnode>
<diagcallout>
<xref>
<ref id="KC09053242"/>
</xref>
</diagcallout>
<rescall-grp>
<result comp="string" highlight="0" op="eq" return="OK"/>
<calloutaction>
<ptxt>
<xref>
<ref id="KC09053243"/>
</xref>
</ptxt>
</calloutaction>
</rescall-grp>
<rescall-grp>
<result comp="string" highlight="0" op="eq" return="NOK"/>
<calloutaction>
<return value="DONE"/>
</calloutaction>
</rescall-grp>
</subcalloutnode>
</testgrp>
<testgrp id="KC09053233" j2008use="1" paperuse="1" resumable="1" screenuse="1" testgrp-id="neworold" x="120" y="160">
<title>
<phrase category="" id="KC09053244" phrase-urn="urn:x-nevis:phrase:0800c8af823e6d09"/>
</title>
<subcalloutnode>
<diagcallout>
<xref>
<ref id="KC09053245"/>
</xref>
</diagcallout>
<rescall-grp>
<result comp="string" highlight="0" op="eq" return="OK"/>
<calloutaction>
<ptxt>
<xref>
<ref id="KC09053246"/>
</xref>
</ptxt>
</calloutaction>
</rescall-grp>
<rescall-grp>
<result comp="string" highlight="0" op="eq" return="CEMREPL"/>
<calloutaction>
<ptxt>
<xref>
<ref id="KC09053247"/>
</xref>
</ptxt>
</calloutaction>
</rescall-grp>
</subcalloutnode>
</testgrp>
<testgrp id="KC09053234" j2008use="1" paperuse="1" resumable="1" screenuse="1" testgrp-id="progcheck1" x="120" y="240">
<title>
<phrase category="" id="KC09053248" phrase-urn="urn:x-nevis:phrase:0800c8af823e6d0a"/>
</title>
<subcalloutnode>
<diagcallout>
<xref>
<ref id="KC09053249"/>
</xref>
</diagcallout>
<rescall-grp>
<result comp="string" highlight="0" op="eq" return="OK"/>
<calloutaction>
<ptxt>
<xref>
<ref id="KC09053250"/>
</xref>
</ptxt>
</calloutaction>
</rescall-grp>
<rescall-grp>
<result comp="string" highlight="0" op="eq" return="NOK"/>
<calloutaction>
<return value="DONE"/>
</calloutaction>
</rescall-grp>
</subcalloutnode>
</testgrp>
<testgrp id="KC09053235" j2008use="1" paperuse="1" resumable="1" screenuse="1" testgrp-id="progcheck2" x="320" y="240">
<title>
<phrase category="" id="KC09053251" phrase-urn="urn:x-nevis:phrase:0800c8af823e6d0b"/>
</title>
<subcalloutnode>
<diagcallout>
<xref>
<ref id="KC09053252"/>
</xref>
</diagcallout>
<rescall-grp>
<result comp="string" highlight="0" op="eq" return="OK"/>
<calloutaction>
<ptxt>
<xref>
<ref id="KC09053253"/>
</xref>
</ptxt>
</calloutaction>
</rescall-grp>
<rescall-grp>
<result comp="string" highlight="0" op="eq" return="NOK"/>
<calloutaction>
<return value="DONE"/>
</calloutaction>
</rescall-grp>
</subcalloutnode>
</testgrp>
<testgrp id="KC09053236" j2008use="1" paperuse="1" resumable="1" screenuse="1" testgrp-id="newhw" x="320" y="320">
<title>
<phrase category="" id="KC09053254" phrase-urn="urn:x-nevis:phrase:0800c8af823e6d0c"/>
</title>
<subcalloutnode>
<diagcallout>
<xref>
<ref id="KC09053255"/>
</xref>
</diagcallout>
<rescall-grp>
<result comp="string" highlight="0" op="eq" return="OK"/>
<calloutaction>
<return value="DONE"/>
</calloutaction>
</rescall-grp>
</subcalloutnode>
</testgrp>
<testgrp id="KC09053237" j2008use="1" paperuse="1" resumable="1" screenuse="1" testgrp-id="download" x="120" y="320">
<title>
<phrase category="" id="KC09053256" phrase-urn="urn:x-nevis:phrase:0800c8af823e6d0d"/>
</title>
<subcalloutnode>
<diagcallout>
<xref>
<ref id="KC09053257"/>
</xref>
</diagcallout>
<rescall-grp>
<result comp="string" highlight="0" op="eq" return="OK"/>
<calloutaction>
<ptxt>
<xref>
<ref id="KC09053258"/>
</xref>
</ptxt>
</calloutaction>
</rescall-grp>
<rescall-grp>
<result comp="string" highlight="0" op="eq" return="NOK"/>
<calloutaction>
<return value="DONE"/>
</calloutaction>
</rescall-grp>
</subcalloutnode>
</testgrp>
<testgrp id="KC09053238" j2008use="1" paperuse="1" resumable="1" screenuse="1" testgrp-id="confirm" x="120" y="400">
<title>
<phrase category="" id="KC09053259" phrase-urn="urn:x-nevis:phrase:0800c8af823e6d0e"/>
</title>
<subcalloutnode>
<diagcallout>
<xref>
<ref id="KC09053260"/>
</xref>
</diagcallout>
<rescall-grp>
<result comp="string" highlight="0" op="eq" return="OK"/>
<calloutaction>
<ptxt>
<xref>
<ref id="KC09053261"/>
</xref>
</ptxt>
</calloutaction>
</rescall-grp>
<rescall-grp>
<result comp="string" highlight="0" op="eq" return="NOT OK"/>
<calloutaction>
<return value="DONE"/>
</calloutaction>
</rescall-grp>
</subcalloutnode>
</testgrp>
<testgrp id="KC09053239" j2008use="1" paperuse="1" resumable="1" screenuse="1" testgrp-id="completion" x="120" y="480">
<title>
<phrase category="" id="KC09053262" phrase-urn="urn:x-nevis:phrase:0800c8af823e6d0f"/>
</title>
<subcalloutnode>
<diagcallout>
<xref>
<ref id="KC09053263"/>
</xref>
</diagcallout>
<rescall-grp>
<result comp="string" highlight="0" op="eq" return="OK"/>
<calloutaction>
<return value="DONE"/>
</calloutaction>
</rescall-grp>
</subcalloutnode>
</testgrp>
</diagnostic>
</servinfosub>