<?xml version="1.0" encoding="UTF-8"?><servinfosub IE-ID="en-US0900c8af84fb6d05" docno="VCC-161769" id="KC06447601" xml:lang="en-US">
<title>
<phrase category="" id="KC09566345" phrase-urn="urn:x-nevis:phrase:0800c8af82720228">Faulty signal</phrase>
</title>
<diagnostic j2008use="1" layout="0" paperuse="1" screenuse="1" type="test">
<testgrp IE-ID="en-US0900c8af84fb6d05_KC06447616" id="KC06447616" j2008use="1" paperuse="1" resumable="1" screenuse="1" testgrp-id="node1" x="120" y="60">
<title>
<phrase category="" id="KC09566346" phrase-urn="urn:x-nevis:phrase:0800c8af82720229">Checking the co#@#@#13#iring</phrase>
</title>
<node>
<test1>
<diaglist>
<dgraphic>
<dgraphic1>
<graphic id="KC09566347">
<href>0900c8af80054d4#@#@#9#.jpeg</href>
</graphic>
</dgraphic1>
</dgraphic>
<ditem>
<ptxt>
<phrase category="" id="KC09566348" phrase-urn="urn:x-nevis:phrase:0800c8af8272022a">Ignition off.</phrase>
</ptxt>
</ditem>
</diaglist>
<test2>
<para>
<ptxt>
<phrase category="" id="KC09566349" phrase-urn="urn:x-nevis:phrase:0800c8af8272022b">Check the conne#@#@#125#ctor.</phrase>
</ptxt>
</para>
<para>
<ptxt>
<phrase category="" id="KC09566350" phrase-urn="urn:x-nevis:phrase:0800c8af8272022c">Check the intak#@#@#85#kage.</phrase>
</ptxt>
</para>
<para>
<ptxt>
<phrase category="" id="KC09566351" phrase-urn="urn:x-nevis:phrase:0800c8af8272022d">Check the relev#@#@#47#cuit.</phrase>
</ptxt>
</para>
<hint>
<ptxt>
<phrase category="" id="KC09566352" phrase-urn="urn:x-nevis:phrase:0800c8af8272022e">The power suppl#@#@#192#n on.</phrase>
</ptxt>
</hint>
<para>
<ptxt>
<phrase category="" id="KC09566353" phrase-urn="urn:x-nevis:phrase:0800c8af8272022f">Check the signa#@#@#158#its. </phrase>
</ptxt>
</para>
<para>
<ptxt>
<phrase category="" id="KC09566354" phrase-urn="urn:x-nevis:phrase:0800c8af82720230">Check the power#@#@#160#uits.</phrase>
</ptxt>
</para>
<para>
<ptxt>
<phrase category="" id="KC09566355" phrase-urn="urn:x-nevis:phrase:0800c8af82720231">Check the groun#@#@#166#uits.</phrase>
</ptxt>
</para>
<para>
<ptxt>
<phrase category="" id="KC09566356" phrase-urn="urn:x-nevis:phrase:0800c8af82720232">Remedy as necessary.</phrase>
</ptxt>
</para>
<list1 enumtype="d" type="unordered">
<title>
<phrase category="" id="KC09566357" phrase-urn="urn:x-nevis:phrase:0800c8af82720233">Other information</phrase>
</title>
<item>
<ptxt>
<phrase category="" id="KC09566358" phrase-urn="urn:x-nevis:phrase:0800c8af82720234">
<xref>
<ref id="KC09566359"/>
</xref>
</phrase>
</ptxt>
</item>
<item>
<ptxt>
<phrase category="" id="KC09566360" phrase-urn="urn:x-nevis:phrase:0800c8af82720235">
<xref>
<ref id="KC09566361"/>
</xref>
</phrase>
</ptxt>
</item>
<item>
<ptxt>
<phrase category="" id="KC09566362" phrase-urn="urn:x-nevis:phrase:0800c8af82720236">
<xref>
<ref id="KC09566363"/>
</xref>
</phrase>
</ptxt>
</item>
<item>
<ptxt>
<phrase category="" id="KC09566364" phrase-urn="urn:x-nevis:phrase:0800c8af82720237">
<xref>
<ref id="KC09566365"/>
</xref>
</phrase>
</ptxt>
</item>
</list1>
<diaglist>
<dgraphic>
<dgraphic1>
<graphic id="KC09566366">
<href>0900c8af8162119#@#@#9#.jpeg</href>
</graphic>
</dgraphic1>
</dgraphic>
</diaglist>
<grate>
<graphic id="KC09566367" width="column">
<href>0900c8af81620f8#@#@#9#.jpeg</href>
</graphic>
</grate>
</test2>
</test1>
<question>
Select Continue.
</question>
<resact-grp>
<result button="cont" comp="button" highlight="0"/>
<action id="nev15790303n100" j2008use="1" paperuse="0" screenuse="1">
<ptxt id="nev15790303n99">
<xref id="nev15790303n98">
<ref id="nev15790303n97"/>
</xref>
</ptxt>
</action>
</resact-grp>
</node>
</testgrp>
<testgrp id="KC06447618" j2008use="1" paperuse="1" resumable="1" screenuse="1" testgrp-id="info1" x="120" y="360">
<title>
<phrase category="" id="KC09566373" phrase-urn="urn:x-nevis:phrase:0800c8af8272023a">Fault-tracing i#@#@#5#ation</phrase>
</title>
<subcalloutnode>
<diagcallout>
<xref>
<ref id="KC09566374"/>
</xref>
</diagcallout>
<rescall-grp>
<result comp="string" highlight="0" op="eq" return="FAULTTRACING FAILED"/>
<calloutaction>
<return value="FAULTTRACING FAILED"/>
</calloutaction>
</rescall-grp>
<rescall-grp>
<result comp="string" highlight="0" op="eq" return="NEW TRY"/>
<calloutaction>
<ptxt>
<xref>
<ref id="KC09566375"/>
</xref>
</ptxt>
</calloutaction>
</rescall-grp>
</subcalloutnode>
</testgrp>
</diagnostic>
</servinfosub>