<?xml version="1.0" encoding="UTF-8"?><servinfosub IE-ID="en-US0900c8af87677200" docno="VCC-370642" id="nev13714440n1" original="sv-SE" servinfosubId="nev13714441n1-nev14614770n1" servinfosubRes="0900c8af8767723d" servinfosubRes2="urn:x-nevis:fragment:0900c8af87677200:0900c8af8767723d#nev14614770n1" xml:lang="en-US">
<operationnumbers>
<operationnumber>41103-3</operationnumber>
<operationnumber>41112-2</operationnumber>
<operationnumber>41110-0</operationnumber>
</operationnumbers>
<title id="nev13714439n78">Clutch disc and#@#@#10#plate</title>
<toolitemtable id="nev13714441n1-nev26015044n38">
<table id="nev13714441n1-nev26015044n37">
<tgroup cols="2" id="nev13714441n1-nev26015044n36">
<colspec colname="COLSPEC0" colwidth="1.00*" id="nev13714441n1-nev26015044n35"/>
<colspec colname="COLSPEC1" colwidth="1.00*" id="nev13714441n1-nev26015044n34"/>
<thead id="nev13714441n1-nev26015044n33">
<row id="nev13714441n1-nev26015044n32">
<entry id="nev13714441n1-nev26015044n31" nameend="COLSPEC1" namest="COLSPEC0" valign="top">
<ptxt id="nev13714441n1-nev26015044n30">
<emph id="nev13714441n1-nev26015044n29">Special tools</emph>
</ptxt>
</entry>
</row>
</thead>
<tbody id="nev13714441n1-nev26015044n28">
<row id="nev13714441n1-nev26015044n27">
<entry id="nev13714441n1-nev26015044n26">
<graphic id="nev13714441n1-nev26015044n25">
<href>0900c8af83fbf70#@#@#9#.jpeg</href>
</graphic>
</entry>
<entry id="nev13714441n1-nev26015044n24">
<ptxt id="nev13714441n1-nev26015044n23">
<emph id="nev13714441n1-nev26015044n22">999 7120 Gear sector</emph>
</ptxt>
<ptxt id="nev13714441n1-nev26015044n20">
<emph id="nev13714441n1-nev26015044n19">Tool number:</emph>999 7120</ptxt>
<ptxt id="nev13714441n1-nev26015044n18">
<emph id="nev13714441n1-nev26015044n17">Tool description:</emph>Gear sector</ptxt>
<ptxt id="nev13714441n1-nev26015044n15">
<emph id="nev13714441n1-nev26015044n14">Tool boards:</emph>21</ptxt>
</entry>
</row>
<row id="nev13714441n1-nev26015044n13">
<entry id="nev13714441n1-nev26015044n12">
<graphic id="nev13714441n1-nev26015044n11">
<href>0900c8af860ad27#@#@#9#.jpeg</href>
</graphic>
</entry>
<entry id="nev13714441n1-nev26015044n10">
<ptxt id="nev13714441n1-nev26015044n9">
<emph id="nev13714441n1-nev26015044n8">999 7485 Press tool</emph>
</ptxt>
<ptxt id="nev13714441n1-nev26015044n6">
<emph id="nev13714441n1-nev26015044n5">Tool number:</emph>999 7485</ptxt>
<ptxt id="nev13714441n1-nev26015044n4">
<emph id="nev13714441n1-nev26015044n3">Tool description:</emph>Press tool</ptxt>
<ptxt id="nev13714441n1-nev26015044n1">
<emph id="nev13714441n1-nev26015045n100">Tool boards:</emph>40</ptxt>
</entry>
</row>
<row id="nev13714441n1-nev26015045n99">
<entry id="nev13714441n1-nev26015045n98">
<graphic id="nev13714441n1-nev26015045n97">
<href>0900c8af8005475#@#@#9#.jpeg</href>
</graphic>
</entry>
<entry id="nev13714441n1-nev26015045n96">
<ptxt id="nev13714441n1-nev26015045n95">
<emph id="nev13714441n1-nev26015045n94">999 5663 Center#@#@#27#0-V40</emph>
</ptxt>
<ptxt id="nev13714441n1-nev26015045n92">
<emph id="nev13714441n1-nev26015045n91">Tool number:</emph>999 5663</ptxt>
<ptxt id="nev13714441n1-nev26015045n90">
<emph id="nev13714441n1-nev26015045n89">Tool description:</emph>Centering tool #@#@#18#0-V40</ptxt>
<ptxt id="nev13714441n1-nev26015045n87">
<emph id="nev13714441n1-nev26015045n86">Tool boards:</emph>40</ptxt>
</entry>
</row>
<row id="nev13714441n1-nev26015045n85">
<entry id="nev13714441n1-nev26015045n84">
<graphic id="nev13714441n1-nev26015045n83">
<href>0900c8af8005479#@#@#9#.jpeg</href>
</graphic>
</entry>
<entry id="nev13714441n1-nev26015045n82">
<ptxt id="nev13714441n1-nev26015045n81">
<emph id="nev13714441n1-nev26015045n80">999 5675 Socket#@#@#38#95663</emph>
</ptxt>
<ptxt id="nev13714441n1-nev26015045n78">
<emph id="nev13714441n1-nev26015045n77">Tool number:</emph>999 5675</ptxt>
<ptxt id="nev13714441n1-nev26015045n76">
<emph id="nev13714441n1-nev26015045n75">Tool description:</emph>Socket (centeri#@#@#29#95663</ptxt>
<ptxt id="nev13714441n1-nev26015045n73">
<emph id="nev13714441n1-nev26015045n72">Tool boards:</emph>40</ptxt>
</entry>
</row>
</tbody>
</tgroup>
</table>
</toolitemtable>
<materialtable id="nev13714441n1-nev26015045n71">
<table id="nev13714441n1-nev26015045n70">
<tgroup cols="2" id="nev13714441n1-nev26015045n69">
<colspec colname="COLSPEC0" colwidth="1.00*" id="nev13714441n1-nev26015045n68"/>
<colspec colname="COLSPEC1" colwidth="1.00*" id="nev13714441n1-nev26015045n67"/>
<thead id="nev13714441n1-nev26015045n66">
<row id="nev13714441n1-nev26015045n65">
<entry id="nev13714441n1-nev26015045n64" nameend="COLSPEC1" namest="COLSPEC0" valign="top">
<ptxt id="nev13714441n1-nev26015045n63">
<emph id="nev13714441n1-nev26015045n62">Materials</emph>
</ptxt>
</entry>
</row>
</thead>
<tbody id="nev13714441n1-nev26015045n61">
<row id="nev13714441n1-nev26015045n60">
<entry id="nev13714441n1-nev26015045n59">
<ptxt id="nev13714441n1-nev26015045n58">
<emph id="nev13714441n1-nev26015045n57">Designation</emph>
</ptxt>
</entry>
<entry id="nev13714441n1-nev26015045n56">
<ptxt id="nev13714441n1-nev26015045n55">
<emph id="nev13714441n1-nev26015045n54">Part number</emph>
</ptxt>
</entry>
</row>
<row id="nev13714441n1-nev26015045n53">
<entry id="nev13714441n1-nev26015045n52">
<ptxt id="nev13714441n1-nev26015045n51">Cleaning agent</ptxt>
</entry>
<entry id="nev13714441n1-nev26015045n49">
<ptxt id="nev13714441n1-nev26015045n48">1161721</ptxt>
</entry>
</row>
</tbody>
</tgroup>
</table>
</materialtable>
<procedure id="nev13714441n1-nev14615312n7">
<stepgrp boilerplate="false" context="" id="nev13714441n1-nev26014477n46">
<title id="nev13714441n1-0800c8af844a46f6">Removal</title>
<procstep id="nev13714441n1-nev14615606n56">
<para id="nev13714441n1-nev26014477n44">
<ptxt id="nev13714441n1-nev26014477n45">Remove transmission<xref boilerplate="true" id="nev13714441n1-0800c8af84638ece">
<ref id="nev13714441n1-nev14615764n96"/>
</xref>
</ptxt>
</para>
</procstep>
<procstep id="nev13714441n1-nev14615313n6">
<grate id="nev13714441n1-nev26014477n42">
<graphic id="nev13714441n1-nev26014477n43">
<href>0900c8af8606068#@#@#9#.jpeg</href>
</graphic>
<graphtext id="nev13714441n1-nev26015067n1">
<para id="nev13714441n1-nev26014477n40">
<ptxt id="nev13714441n1-nev26014477n41">
<toolitem boilerplate="true" id="nev13714441n1-nev20564505n91" imageid="0900c8af83fbf70c"/>
</ptxt>
</para>
<para id="nev13714441n1-nev26014477n38">
<ptxt id="nev13714441n1-nev26014477n39">Install the screw.</ptxt>
</para>
<para id="nev13714441n1-nev26014477n36">
<ptxt id="nev13714441n1-nev26014477n37">
<equipment equipmentid="" equipmentname="Screw M10 x 50 mm" id="nev13714441n1-nev20564505n87"/>
</ptxt>
</para>
<para id="nev13714441n1-nev26014477n34">
<ptxt id="nev13714441n1-nev26014477n35">
<equipment equipmentid="" equipmentname="Nut M10" id="nev13714441n1-nev20564505n84"/>
</ptxt>
</para>
</graphtext>
</grate>
</procstep>
<procstep id="nev13714441n1-nev14615314n6">
<grate id="nev13714441n1-nev26014477n32">
<graphic id="nev13714441n1-nev26014477n33">
<href>0900c8af860bbba#@#@#9#.jpeg</href>
</graphic>
<graphtext id="nev13714441n1-nev26015080n1">
<para id="nev13714441n1-nev26014477n30">
<ptxt id="nev13714441n1-nev26014477n31">Remove the screws.</ptxt>
</para>
</graphtext>
</grate>
</procstep>
<procstep id="nev13714441n1-nev14615314n9">
<grate id="nev13714441n1-nev26014477n28">
<graphic id="nev13714441n1-nev26014477n29">
<href>0900c8af860bbba#@#@#9#.jpeg</href>
</graphic>
<graphtext id="nev13714441n1-nev26015084n1">
<para id="nev13714441n1-nev26014477n26">
<ptxt id="nev13714441n1-nev26014477n27">Install the screws.</ptxt>
</para>
<para id="nev13714441n1-nev26014477n24">
<ptxt id="nev13714441n1-nev26014477n25">Use hands only.</ptxt>
</para>
<para id="nev13714441n1-nev26014477n22">
<ptxt id="nev13714441n1-nev26014477n23">
<toolitem boilerplate="true" id="nev13714441n1-nev20567810n35" imageid="0900c8af860ad270"/>
</ptxt>
</para>
</graphtext>
</grate>
</procstep>
<procstep id="nev13714441n1-nev20567810n33">
<grate id="nev13714441n1-nev26014477n20">
<graphic id="nev13714441n1-nev26014477n21">
<href>0900c8af860bbbb#@#@#9#.jpeg</href>
</graphic>
<graphtext id="nev13714441n1-nev26015091n1">
<caution id="nev13714441n1-0800c8af85607b24">
<ptxt>Tighten until t#@#@#41#nent.</ptxt>
</caution>
</graphtext>
</grate>
</procstep>
<procstep id="nev13714441n1-nev20567810n29">
<grate id="nev13714441n1-nev26014477n18">
<graphic id="nev13714441n1-nev26014477n19">
<href>0900c8af860bc05#@#@#9#.jpeg</href>
</graphic>
<graphtext id="nev13714441n1-nev26015095n1">
<para id="nev13714441n1-nev26014477n16">
<ptxt id="nev13714441n1-nev26014477n17">
<toolitem boilerplate="true" id="nev13714441n1-nev20567810n25" imageid="0900c8af860ad270"/>
</ptxt>
</para>
</graphtext>
</grate>
</procstep>
<procstep id="nev13714441n1-nev20568454n57">
<grate id="nev13714441n1-nev26014477n14">
<graphic id="nev13714441n1-nev26014477n15">
<href>0900c8af860bbba#@#@#9#.jpeg</href>
</graphic>
<graphtext id="nev13714441n1-nev26015102n1">
<para id="nev13714441n1-nev26014477n12">
<ptxt id="nev13714441n1-nev26014477n13">Remove the screws.</ptxt>
</para>
<para id="nev13714441n1-nev26014477n10">
<ptxt id="nev13714441n1-nev26014477n11">
<toolitem boilerplate="true" id="nev13714441n1-nev20568454n51" imageid="0900c8af860ad270"/>
</ptxt>
</para>
</graphtext>
</grate>
</procstep>
<procstep id="nev13714441n1-nev20568454n49">
<grate id="nev13714441n1-nev26014477n8">
<graphic id="nev13714441n1-nev26014477n9">
<href>0900c8af860bbba#@#@#9#.jpeg</href>
</graphic>
<graphtext id="nev13714441n1-nev26015109n1">
<para id="nev13714441n1-nev26014477n6">
<ptxt id="nev13714441n1-nev26014477n7">Loosen the screws.</ptxt>
</para>
<para id="nev13714441n1-nev26014477n4">
<ptxt id="nev13714441n1-nev26014477n5">
<toolitem boilerplate="true" id="nev13714441n1-nev20568454n43" imageid="0900c8af860ad270"/>
</ptxt>
</para>
</graphtext>
</grate>
</procstep>
<procstep id="nev13714441n1-nev20568454n41">
<grate id="nev13714441n1-nev26014477n2">
<graphic id="nev13714441n1-nev26014477n3">
<href>0900c8af861d0b3#@#@#9#.jpeg</href>
</graphic>
</grate>
</procstep>
<procstep id="nev13714441n1-nev20568454n38">
<grate id="nev13714441n1-nev26015044n100">
<graphic id="nev13714441n1-nev26014477n1">
<href>0900c8af860bc54#@#@#9#.jpeg</href>
</graphic>
</grate>
</procstep>
</stepgrp>
<stepgrp boilerplate="false" context="" id="nev13714441n1-nev26015044n99">
<title id="nev13714441n1-0800c8af844a46f9">Installation</title>
<procstep id="nev13714441n1-nev14615316n8">
<grate id="nev13714441n1-nev26015044n97">
<graphic id="nev13714441n1-nev26015044n98">
<href>0900c8af847ba8c#@#@#9#.jpeg</href>
</graphic>
<graphtext id="nev13714441n1-nev26015122n1">
<caution id="nev13714441n1-0800c8af844a4177">
<ptxt>Make sure that #@#@#45#rial.</ptxt>
</caution>
<para id="nev13714441n1-nev26015044n95">
<ptxt id="nev13714441n1-nev26015044n96">
<material id="nev13714441n1-nev14615317n4" materialid="1161721" materialname="Cleaning agent" quantity="0.0" showInProcStep="true"/>
</ptxt>
</para>
</graphtext>
</grate>
</procstep>
<procstep id="nev13714441n1-nev14615315n8">
<grate id="nev13714441n1-nev26015044n93">
<graphic id="nev13714441n1-nev26015044n94">
<href>0900c8af847c5d2#@#@#9#.jpeg</href>
</graphic>
<graphtext id="nev13714441n1-nev26015129n1">
<caution id="nev13714441n1-0800c8af844a40df">
<ptxt>The cone on the#@#@#82#disc.</ptxt>
</caution>
<para id="nev13714441n1-nev26015044n91">
<ptxt id="nev13714441n1-nev26015044n92">
<toolitem boilerplate="true" id="nev13714441n1-nev14615316n6" imageid="0900c8af8005475c"/>
<toolitem boilerplate="false" id="nev13714441n1-nev14615316n7" imageid="0900c8af8005479d"/>
</ptxt>
</para>
</graphtext>
</grate>
</procstep>
<procstep id="nev13714441n1-nev14615317n5">
<grate id="nev13714441n1-nev26015044n89">
<graphic id="nev13714441n1-nev26015044n90">
<href>0900c8af860bfca#@#@#9#.jpeg</href>
</graphic>
<graphtext id="nev13714441n1-nev26015139n1">
<note id="nev13714441n1-0800c8af844a431b">
<ptxt>Only tighten th#@#@#30#tage.</ptxt>
</note>
<para id="nev13714441n1-nev26015044n87">
<ptxt id="nev13714441n1-nev26015044n88">Install the screws.</ptxt>
</para>
</graphtext>
</grate>
</procstep>
<procstep id="nev13714441n1-nev25841303n33">
<grate id="nev13714441n1-nev26015044n85">
<graphic id="nev13714441n1-nev26015044n86">
<href>0900c8af860bbba#@#@#9#.jpeg</href>
</graphic>
<graphtext id="nev13714441n1-nev26015143n1">
<note id="nev13714441n1-nev26015044n84">
<ptxt>Only tighten th#@#@#30#tage.</ptxt>
</note>
<para id="nev13714441n1-nev26015044n82">
<ptxt id="nev13714441n1-nev26015044n83">Install the screws.</ptxt>
</para>
<para id="nev13714441n1-nev26015044n79">
<ptxt id="nev13714441n1-nev26015044n81">
<toolitem boilerplate="true" id="nev13714441n1-nev26015044n80" imageid="0900c8af860ad270"/>
</ptxt>
</para>
</graphtext>
</grate>
</procstep>
<procstep id="nev13714441n1-nev25841303n26">
<grate id="nev13714441n1-nev26015044n77">
<graphic id="nev13714441n1-nev26015044n78">
<href>0900c8af860bbbb#@#@#9#.jpeg</href>
</graphic>
<graphtext id="nev13714441n1-nev26015150n1">
<caution id="nev13714441n1-nev26015044n76">
<ptxt>Tighten until t#@#@#41#nent.</ptxt>
</caution>
</graphtext>
</grate>
</procstep>
<procstep id="nev13714441n1-nev25841303n20">
<grate id="nev13714441n1-nev26015044n74">
<graphic id="nev13714441n1-nev26015044n75">
<href>0900c8af860bbba#@#@#9#.jpeg</href>
</graphic>
<graphtext id="nev13714441n1-nev26015154n1">
<para id="nev13714441n1-nev26015044n71">
<ptxt id="nev13714441n1-nev26015044n73">
<toolitem boilerplate="true" id="nev13714441n1-nev26015044n72" imageid="0900c8af860ad270"/>
</ptxt>
</para>
</graphtext>
</grate>
</procstep>
<procstep id="nev13714441n1-nev25841303n16">
<grate id="nev13714441n1-nev26015044n69">
<graphic id="nev13714441n1-nev26015044n70">
<href>0900c8af860bbba#@#@#9#.jpeg</href>
</graphic>
<graphtext id="nev13714441n1-nev26015161n1">
<caution id="nev13714441n1-nev26015044n68">
<ptxt>Make sure that #@#@#19#lled.</ptxt>
</caution>
<para id="nev13714441n1-nev26015044n66">
<ptxt id="nev13714441n1-nev26015044n67">Install the screws.</ptxt>
</para>
<para id="nev13714441n1-nev26015044n62">
<ptxt id="nev13714441n1-nev26015044n64">
<torque id="nev13714441n1-nev26015044n65">
<ref id="nev13714441n1-nev26015044n63"/>
</torque>
</ptxt>
</para>
</graphtext>
</grate>
</procstep>
<procstep id="nev13714441n1-nev25841303n9">
<grate id="nev13714441n1-nev26015044n60">
<graphic id="nev13714441n1-nev26015044n61">
<href>0900c8af860bbba#@#@#9#.jpeg</href>
</graphic>
<graphtext id="nev13714441n1-nev26015168n1">
<para id="nev13714441n1-nev26015044n58">
<ptxt id="nev13714441n1-nev26015044n59">Loosen the screws.</ptxt>
</para>
<para id="nev13714441n1-nev26015044n55">
<ptxt id="nev13714441n1-nev26015044n57">
<toolitem boilerplate="true" id="nev13714441n1-nev26015044n56" imageid="0900c8af860ad270"/>
</ptxt>
</para>
</graphtext>
</grate>
</procstep>
<procstep id="nev13714441n1-nev20570739n93">
<grate id="nev13714441n1-nev26015044n53">
<graphic id="nev13714441n1-nev26015044n54">
<href>0900c8af860bbba#@#@#9#.jpeg</href>
</graphic>
<graphtext id="nev13714441n1-nev26015175n1">
<caution id="nev13714441n1-0800c8af844a4154">
<ptxt>Make sure that #@#@#19#lled.</ptxt>
</caution>
<para id="nev13714441n1-nev26015044n51">
<ptxt id="nev13714441n1-nev26015044n52">Install the screws.</ptxt>
</para>
<para id="nev13714441n1-nev26015044n49">
<ptxt id="nev13714441n1-nev26015044n50">
<torque id="nev13714441n1-nev20570739n87">
<ref id="nev13714441n1-nev20570739n85"/>
</torque>
</ptxt>
</para>
</graphtext>
</grate>
</procstep>
<procstep id="nev13714441n1-nev20573121n29">
<grate id="nev13714441n1-nev26015044n47">
<graphic id="nev13714441n1-nev26015044n48">
<href>0900c8af8606068#@#@#9#.jpeg</href>
</graphic>
<graphtext id="nev13714441n1-nev26015182n1">
<para id="nev13714441n1-nev26015044n45">
<ptxt id="nev13714441n1-nev26015044n46">Remove the screw.</ptxt>
</para>
<para id="nev13714441n1-nev26015044n43">
<ptxt id="nev13714441n1-nev26015044n44">
<toolitem boilerplate="true" id="nev13714441n1-nev20573121n23" imageid="0900c8af83fbf70c"/>
</ptxt>
</para>
</graphtext>
</grate>
</procstep>
<procstep id="nev13714441n1-nev14615735n8">
<para id="nev13714441n1-nev26015044n41">
<ptxt id="nev13714441n1-nev26015044n42">Install the tra#@#@#4#ssion<xref boilerplate="true" id="nev13714441n1-0800c8af8461d047">
<ref id="nev13714441n1-nev25841306n49"/>
</xref>
</ptxt>
</para>
</procstep>
<procstep id="nev13714441n1-nev14615319n1">
<title id="nev13714441n1-0800c8af844a4209">Vehicles with e#@#@#24#(EPB)</title>
</procstep>
<procstep id="nev13714441n1-nev14615319n3">
<para id="nev13714441n1-nev26015044n39">
<ptxt id="nev13714441n1-nev26015044n40">Reset according#@#@#80#pedal</ptxt>
</para>
</procstep>
</stepgrp>
</procedure>
</servinfosub>