<?xml version="1.0" encoding="UTF-8"?><servinfosub IE-ID="en-US0900c8af8168b200" docno="VCC-156878" id="KC05347691" xml:lang="en-US">
<title>
<phrase category="" id="KC09532419" phrase-urn="urn:x-nevis:phrase:0800c8af82714419">Faulty signal</phrase>
</title>
<diagnostic j2008use="1" paperuse="1" screenuse="1" type="test">
<testgrp IE-ID="en-US0900c8af8168b200_KC05350986" id="KC05350986" j2008use="1" paperuse="1" resumable="1" screenuse="1" testgrp-id="node1" x="120" y="80">
<title>
<phrase category="" id="KC09532420" phrase-urn="urn:x-nevis:phrase:0800c8af8271441a">Fault-tracing i#@#@#6#tion </phrase>
</title>
<node>
<test1>
<test2>
<para>
<ptxt>
<phrase category="" id="KC09532421" phrase-urn="urn:x-nevis:phrase:0800c8af8271441b">Remedy any diag#@#@#301#ECM).</phrase>
</ptxt>
</para>
<para>
<ptxt>
<phrase category="" id="KC09532422" phrase-urn="urn:x-nevis:phrase:0800c8af8271441c">Remedy as necessary.</phrase>
</ptxt>
</para>
<diaglist/>
</test2>
</test1>
<question>
Select Continue.
</question>
<resact-grp>
<result button="cont" comp="button" highlight="0"/>
<action j2008use="1" paperuse="1" screenuse="1">
<ptxt>
<xref>
<ref id="KC09532424"/>
</xref>
</ptxt>
</action>
</resact-grp>
</node>
</testgrp>
<testgrp id="KC05350987" j2008use="1" paperuse="1" resumable="1" screenuse="1" testgrp-id="node2" x="120" y="80">
<title>
<phrase category="" id="KC09532425" phrase-urn="urn:x-nevis:phrase:0800c8af8271441e">Checking the status</phrase>
</title>
<node>
<test1>
<diaglist>
<dgraphic>
<dgraphic1>
<graphic id="KC09532426">
<href>0900c8af80054d5#@#@#9#.jpeg</href>
</graphic>
</dgraphic1>
</dgraphic>
<ditem>
<ptxt>
<phrase category="" id="KC09532427" phrase-urn="urn:x-nevis:phrase:0800c8af8271441f">Ignition on</phrase>
</ptxt>
</ditem>
<ditem>
<ptxt>
<phrase category="" id="KC09532428" phrase-urn="urn:x-nevis:phrase:0800c8af82714420">Read off the st#@#@#61#edal.</phrase>
</ptxt>
</ditem>
</diaglist>
<test2>
<para>
<ptxt>
<phrase category="" id="KC09532429" phrase-urn="urn:x-nevis:phrase:0800c8af82714421">Check that the #@#@#61#cted.</phrase>
</ptxt>
</para>
<para>
<ptxt>
<phrase category="" id="KC09532430" phrase-urn="urn:x-nevis:phrase:0800c8af82714422">The fault is in#@#@#42#s OK.</phrase>
</ptxt>
</para>
<diaglist>
<dgraphic>
<dgraphic2>
<graphic id="KC09532431">
<href>0900c8af86c8681#@#@#9#.jpeg</href>
</graphic>
<smarttool active="press" id="KC09532432" toolname="YECM6029"/>
</dgraphic2>
</dgraphic>
<ditem>
<ditemtext>
<ptxt>
<phrase category="" id="KC09532433" phrase-urn="urn:x-nevis:phrase:0800c8af82714423"/>
</ptxt>
</ditemtext>
</ditem>
</diaglist>
</test2>
</test1>
<question>
Select Continue.
</question>
<resact-grp>
<result button="cont" comp="button" highlight="0"/>
<action j2008use="1" paperuse="1" screenuse="1">
<ptxt>
<xref>
<ref id="KC09532435"/>
</xref>
</ptxt>
</action>
</resact-grp>
</node>
</testgrp>
<testgrp id="KC05350988" j2008use="1" paperuse="1" resumable="1" screenuse="1" testgrp-id="node3" x="120" y="160">
<title>
<phrase category="" id="KC09532436" phrase-urn="urn:x-nevis:phrase:0800c8af82714425">Checking the po#@#@#6#pply </phrase>
</title>
<node>
<test1>
<diaglist>
<dgraphic>
<dgraphic1>
<graphic id="KC09532437">
<href>0900c8af80054d5#@#@#9#.jpeg</href>
</graphic>
</dgraphic1>
</dgraphic>
<ditem>
<ptxt>
<phrase category="" id="KC09532438" phrase-urn="urn:x-nevis:phrase:0800c8af82714427">Ignition on.</phrase>
</ptxt>
</ditem>
</diaglist>
<test2>
<para>
<ptxt>
<phrase category="" id="KC09532439" phrase-urn="urn:x-nevis:phrase:0800c8af82714428">Check the power#@#@#105#inal.</phrase>
</ptxt>
</para>
<para>
<ptxt>
<phrase category="" id="KC09532440" phrase-urn="urn:x-nevis:phrase:0800c8af82714429">Check that the #@#@#50#on on</phrase>
</ptxt>
</para>
<list1 enumtype="d" type="unordered">
<title>
<phrase category="" id="KC09532441" phrase-urn="urn:x-nevis:phrase:0800c8af8271442b">Other information:</phrase>
</title>
<item>
<ptxt>
<phrase category="" id="KC09532442" phrase-urn="urn:x-nevis:phrase:0800c8af8271442c">
<xref>
<ref id="KC09532443"/>
</xref>
</phrase>
</ptxt>
</item>
<item>
<ptxt>
<phrase category="" id="KC09532444" phrase-urn="urn:x-nevis:phrase:0800c8af8271442d">
<xref>
<ref id="KC09532445"/>
</xref>
</phrase>
</ptxt>
</item>
<item>
<ptxt>
<phrase category="" id="KC09532446" phrase-urn="urn:x-nevis:phrase:0800c8af8271442e">
<xref>
<ref id="KC09532447"/>
</xref>.</phrase>
</ptxt>
</item>
</list1>
<diaglist>
<dgraphic>
<dgraphic1>
<graphic id="KC09532448">
<href>0900c8af807311d#@#@#9#.jpeg</href>
</graphic>
</dgraphic1>
</dgraphic>
</diaglist>
<grate>
<graphic id="KC09532449">
<href>0900c8af804456c#@#@#9#.jpeg</href>
</graphic>
</grate>
</test2>
</test1>
<question>
Is the power s#@#@#5# OK?
</question>
<resact-grp>
<result button="yes" comp="button" highlight="0"/>
<action j2008use="1" paperuse="1" screenuse="1">
<ptxt>
<xref>
<ref id="KC09532451"/>
</xref>
</ptxt>
</action>
</resact-grp>
<resact-grp>
<result button="no" comp="button" highlight="0"/>
<action j2008use="1" paperuse="1" screenuse="1">
<ptxt>
<xref>
<ref id="KC09532452"/>
</xref>
</ptxt>
</action>
</resact-grp>
</node>
</testgrp>
<testgrp id="KC05350989" j2008use="1" paperuse="1" resumable="1" screenuse="1" testgrp-id="node4" x="120" y="240">
<title>
<phrase category="" id="KC09532453" phrase-urn="urn:x-nevis:phrase:0800c8af82714430">Checking the co#@#@#14#ables</phrase>
</title>
<node>
<test1>
<diaglist>
<dgraphic>
<dgraphic1>
<graphic id="KC09532454">
<href>0900c8af80054d4#@#@#9#.jpeg</href>
</graphic>
</dgraphic1>
</dgraphic>
<ditem>
<ptxt>
<phrase category="" id="KC09532455" phrase-urn="urn:x-nevis:phrase:0800c8af82714431">Ignition off</phrase>
</ptxt>
</ditem>
<ditem>
<ptxt>
<phrase category="" id="KC09532456" phrase-urn="urn:x-nevis:phrase:0800c8af82714432">Check the stop #@#@#61#tion.</phrase>
</ptxt>
</ditem>
</diaglist>
<test2>
<para>
<ptxt>
<phrase category="" id="KC09532457" phrase-urn="urn:x-nevis:phrase:0800c8af82714433">Check the signa#@#@#224#tage.</phrase>
</ptxt>
</para>
<note>
<ptxt>
<phrase category="" id="KC09532458" phrase-urn="urn:x-nevis:phrase:0800c8af82714434">Check that the #@#@#35#lled.</phrase>
</ptxt>
</note>
<para>
<ptxt>
<phrase category="" id="KC09532459" phrase-urn="urn:x-nevis:phrase:0800c8af82714435">Try replacing t#@#@#63#nent.</phrase>
</ptxt>
</para>
<para>
<ptxt>
<phrase category="" id="KC09532460" phrase-urn="urn:x-nevis:phrase:0800c8af82714436">Remedy as necessary.</phrase>
</ptxt>
</para>
<list1 enumtype="d" type="unordered">
<title>
<phrase category="" id="KC09532461" phrase-urn="urn:x-nevis:phrase:0800c8af82714437">Other information:</phrase>
</title>
<item>
<ptxt>
<phrase category="" id="KC09532462" phrase-urn="urn:x-nevis:phrase:0800c8af82714438">
<xref>
<ref id="KC09532463"/>
</xref>
</phrase>
</ptxt>
</item>
<item>
<ptxt>
<phrase category="" id="KC09532464" phrase-urn="urn:x-nevis:phrase:0800c8af82714439">
<xref>
<ref id="KC09532465"/>
</xref>
</phrase>
</ptxt>
</item>
<item>
<ptxt>
<phrase category="" id="KC09532466" phrase-urn="urn:x-nevis:phrase:0800c8af8271443a">
<xref>
<ref id="KC09532467"/>
</xref>.</phrase>
</ptxt>
</item>
</list1>
<diaglist>
<dgraphic/>
</diaglist>
<grate>
<graphic id="KC09532468">
<href>0900c8af804456c#@#@#9#.jpeg</href>
</graphic>
</grate>
</test2>
</test1>
<question>
Select Continue.
</question>
<resact-grp>
<result button="cont" comp="button" highlight="0"/>
<action j2008use="1" paperuse="1" screenuse="1">
<ptxt>
<xref>
<ref id="KC09532470"/>
</xref>
</ptxt>
</action>
</resact-grp>
</node>
</testgrp>
<testgrp id="KC05350990" j2008use="1" paperuse="1" resumable="1" screenuse="1" testgrp-id="node5" x="120" y="320">
<title>
<phrase category="" id="KC09532471" phrase-urn="urn:x-nevis:phrase:0800c8af8271443c">Checking the co#@#@#13#iring</phrase>
</title>
<node>
<test1>
<diaglist>
<dgraphic>
<dgraphic1>
<graphic id="KC09532472">
<href>0900c8af80054d4#@#@#9#.jpeg</href>
</graphic>
</dgraphic1>
</dgraphic>
<ditem>
<ptxt>
<phrase category="" id="KC09532473" phrase-urn="urn:x-nevis:phrase:0800c8af8271443d">Ignition off.</phrase>
</ptxt>
</ditem>
</diaglist>
<test2>
<para>
<ptxt>
<phrase category="" id="KC09532474" phrase-urn="urn:x-nevis:phrase:0800c8af8271443e">Check the power#@#@#213#ged. </phrase>
</ptxt>
</para>
<hint>
<ptxt>
<phrase category="" id="KC09532475" phrase-urn="urn:x-nevis:phrase:0800c8af8271443f">With the igniti#@#@#136#inal.</phrase>
</ptxt>
</hint>
<para>
<ptxt>
<phrase category="" id="KC09532476" phrase-urn="urn:x-nevis:phrase:0800c8af82714440">Remedy as necessary.</phrase>
</ptxt>
</para>
<list1 enumtype="d" type="unordered">
<title>
<phrase category="" id="KC09532477" phrase-urn="urn:x-nevis:phrase:0800c8af82714441">Other information:</phrase>
</title>
<item>
<ptxt>
<phrase category="" id="KC09532478" phrase-urn="urn:x-nevis:phrase:0800c8af82714442">
<xref>
<ref id="KC09532479"/>
</xref>
</phrase>
</ptxt>
</item>
<item>
<ptxt>
<phrase category="" id="KC09532480" phrase-urn="urn:x-nevis:phrase:0800c8af82714443">
<xref>
<ref id="KC09532481"/>
</xref>
</phrase>
</ptxt>
</item>
<item>
<ptxt>
<phrase category="" id="KC09532482" phrase-urn="urn:x-nevis:phrase:0800c8af82714444">
<xref>
<ref id="KC09532483"/>
</xref>.</phrase>
</ptxt>
</item>
</list1>
<diaglist>
<dgraphic>
<dgraphic1>
<graphic id="KC09532484">
<href>0900c8af807311d#@#@#9#.jpeg</href>
</graphic>
</dgraphic1>
</dgraphic>
</diaglist>
<grate>
<graphic id="KC09532485">
<href>0900c8af804456c#@#@#9#.jpeg</href>
</graphic>
</grate>
</test2>
</test1>
<question>
Select Continue.
</question>
<resact-grp>
<result button="cont" comp="button" highlight="0"/>
<action j2008use="1" paperuse="1" screenuse="1">
<ptxt>
<xref>
<ref id="KC09532487"/>
</xref>
</ptxt>
</action>
</resact-grp>
</node>
</testgrp>
<testgrp id="KC05350991" j2008use="1" paperuse="1" resumable="1" screenuse="1" testgrp-id="veria" x="120" y="400">
<title>
<phrase category="" id="KC09532488" phrase-urn="urn:x-nevis:phrase:0800c8af82714446">Verification</phrase>
</title>
<subcalloutnode>
<diagcallout>
<xref>
<ref id="KC09532489"/>
</xref>
</diagcallout>
<rescall-grp>
<result comp="string" highlight="0" op="eq" return="VERIFIED"/>
<calloutaction>
<return value="FAULT FOUND"/>
</calloutaction>
</rescall-grp>
<rescall-grp>
<result comp="string" highlight="0" op="eq" return="VERIFICATION FAILED"/>
<calloutaction>
<ptxt>
<xref>
<ref id="KC09532490"/>
</xref>
</ptxt>
</calloutaction>
</rescall-grp>
</subcalloutnode>
</testgrp>
<testgrp id="KC05350992" j2008use="1" paperuse="1" resumable="1" screenuse="1" testgrp-id="info1" x="320" y="400">
<title>
<phrase category="" id="KC09532491" phrase-urn="urn:x-nevis:phrase:0800c8af82714447">Fault-tracing i#@#@#5#ation</phrase>
</title>
<subcalloutnode>
<diagcallout>
<xref>
<ref id="KC09532492"/>
</xref>
</diagcallout>
<rescall-grp>
<result comp="string" highlight="0" op="eq" return="FAULTTRACING FAILED"/>
<calloutaction>
<return value="FAULTTRACING FAILED"/>
</calloutaction>
</rescall-grp>
<rescall-grp>
<result comp="string" highlight="0" op="eq" return="NEW TRY"/>
<calloutaction>
<ptxt>
<xref>
<ref id="KC09532493"/>
</xref>
</ptxt>
</calloutaction>
</rescall-grp>
</subcalloutnode>
</testgrp>
</diagnostic>
</servinfosub>