<?xml version="1.0" encoding="UTF-8"?><servinfosub IE-ID="en-US0900c8af844d7200" docno="VCC-371005" id="nev13717698n1" original="sv-SE" servinfosubId="nev13717699n1-nev13717701n1" servinfosubRes="0900c8af844d7202" servinfosubRes2="urn:x-nevis:fragment:0900c8af844d7200:0900c8af844d7202#nev13717701n1" xml:lang="en-US">
<title id="nev13717695n59">Sun roof</title>
<procedure id="nev13717699n1-nev13717700n40">
<note id="nev13717699n1-nev13717700n41">
<ptxt id="nev13717699n1-nev13717700n42">The illustratio#@#@#176#rect.</ptxt>
</note>
<stepgrp id="nev13717699n1-nev13717700n26">
<title id="nev13717699n1-nev13717700n43">Preparatory work</title>
<procstep id="nev13717699n1-nev13717700n27">
<title id="nev13717699n1-nev13717700n44">Removing the ap#@#@#6#lding</title>
<para id="nev13717699n1-nev13717700n45">
<ptxt id="nev13717699n1-nev13717700n46">The glass sun r#@#@#14#osed.</ptxt>
</para>
<para id="nev13717699n1-nev13717700n47">
<ptxt id="nev13717699n1-nev13717700n48">Remove the apro#@#@#11#See: <xref boilerplate="true" id="nev13717699n1-nev13717700n49">
<ref id="nev13717699n1-nev13717700n91"/>
</xref>.</ptxt>
</para>
</procstep>
</stepgrp>
<stepgrp id="nev13717699n1-nev13717700n29">
<title id="nev13717699n1-nev13717700n50">Adjustment</title>
<procstep id="nev13717699n1-nev13717700n30">
<title id="nev13717699n1-nev13717700n51">Adjusting the p#@#@#32#glass</title>
<grate id="nev13717699n1-nev13717700n52">
<graphic id="nev13717699n1-nev13717700n31">
<href>0900c8af8135965#@#@#9#.jpeg</href>
</graphic>
<graphtext id="nev13717699n1-nev13717700n53">
<para id="nev13717699n1-nev13717700n54">
<ptxt id="nev13717699n1-nev13717700n55">Install a shim #@#@#55#roof.</ptxt>
<ptxt id="nev13717699n1-nev13717700n56">Use a plastic s#@#@#37#ong. </ptxt>
</para>
<para id="nev13717699n1-nev13717700n57">
<ptxt id="nev13717699n1-nev13717700n58">Slacken off the#@#@#23#lass.</ptxt>
</para>
<para id="nev13717699n1-nev13717700n59">
<ptxt id="nev13717699n1-nev13717700n60">Press the glass#@#@#22#(2). </ptxt>
<ptxt id="nev13717699n1-nev13717700n61">The rear edge o#@#@#81#anel.</ptxt>
</para>
</graphtext>
</grate>
<grate id="nev13717699n1-nev13717700n62">
<graphic id="nev13717699n1-nev13717700n32">
<href>0900c8af8135965#@#@#9#.jpeg</href>
</graphic>
<graphtext id="nev13717699n1-nev13717700n63">
<para id="nev13717699n1-nev13717700n64">
<ptxt id="nev13717699n1-nev13717700n65">Ensure that the#@#@#47#oof. </ptxt>
</para>
<para id="nev13717699n1-nev13717700n92">
<ptxt id="nev13717699n1-nev13717700n93">Tighten the 2 r#@#@#26#See: <torque id="nev13717699n1-nev13717700n94">
<ref id="nev13717699n1-nev13717700n95"/>
</torque>.</ptxt>
</para>
</graphtext>
</grate>
</procstep>
<procstep id="nev13717699n1-nev13717700n34">
<title id="nev13717699n1-nev13717700n68">Adjusting the p#@#@#33#glass</title>
<grate id="nev13717699n1-nev13717700n69">
<graphic id="nev13717699n1-nev13717700n35">
<href>0900c8af8135965#@#@#9#.jpeg</href>
</graphic>
<graphtext id="nev13717699n1-nev13717700n70">
<para id="nev13717699n1-nev13717700n71">
<ptxt id="nev13717699n1-nev13717700n72">Install a shim #@#@#55#roof.</ptxt>
<ptxt id="nev13717699n1-nev13717700n73">Use a plastic s#@#@#36#long.</ptxt>
</para>
<para id="nev13717699n1-nev13717700n74">
<ptxt id="nev13717699n1-nev13717700n75">Press the glass#@#@#22#(1). </ptxt>
<ptxt id="nev13717699n1-nev13717700n76">The glass must #@#@#85#anel.</ptxt>
</para>
<para id="nev13717699n1-nev13717700n96">
<ptxt id="nev13717699n1-nev13717700n97">Tighten the 2 f#@#@#30# See:<torque id="nev13717699n1-nev13717700n98">
<ref id="nev13717699n1-nev13717700n99"/>
</torque>.</ptxt>
</para>
</graphtext>
</grate>
</procstep>
</stepgrp>
<stepgrp id="nev13717699n1-nev13717700n37">
<title id="nev13717699n1-nev13717700n80">Finishing</title>
<procstep id="nev13717699n1-nev13717700n38">
<title id="nev13717699n1-nev13717700n81">Installing the #@#@#34# roof</title>
<para id="nev13717699n1-nev13717700n82">
<ptxt id="nev13717699n1-nev13717700n83">Remove the plas#@#@#20#edge.</ptxt>
</para>
<para id="nev13717699n1-nev13717700n84">
<ptxt id="nev13717699n1-nev13717700n85">Install the apr#@#@#12#See: <xref id="nev13717699n1-nev13717700n86">
<ref id="nev13717699n1-nev13717700n39"/>
</xref>. </ptxt>
</para>
<para id="nev13717699n1-nev13717700n87">
<ptxt id="nev13717699n1-nev13717700n88">Operate the sun#@#@#86#rect.</ptxt>
</para>
<para id="nev13717699n1-nev13717700n89">
<ptxt id="nev13717699n1-nev13717700n90">Check that the #@#@#70#ness.</ptxt>
</para>
</procstep>
</stepgrp>
</procedure>
</servinfosub>