<?xml version="1.0" encoding="UTF-8"?><servinfosub IE-ID="en-US0900c8af87f52200" docno="VCC-474892" id="nev21623083n1" original="sv-SE" servinfosubId="nev21623084n1-nev29042447n1" servinfosubRes="0900c8af88253ead" servinfosubRes2="urn:x-nevis:fragment:0900c8af87f52200:0900c8af88253ead#nev29042447n1" xml:lang="en-US">
<operationnumbers>
<operationnumber>31123-2</operationnumber>
</operationnumbers>
<title id="nev21623083n2">Battery Control#@#@#14# BCSM</title>
<procedure id="nev21623084n1-nev29891811n2">
<stepgrp boilerplate="false" context="" id="nev21623084n1-nev29900319n78">
<title id="nev21623084n1-0800c8af844a46f6">Removal</title>
<procstep id="nev21623084n1-nev29891811n5">
<note id="nev21623084n1-0800c8af844a42fa">
<ptxt>Removal steps i#@#@#45#ails.</ptxt>
</note>
</procstep>
<procstep id="nev21623084n1-nev29891811n8">
<para id="nev21623084n1-nev29900319n76">
<ptxt id="nev21623084n1-nev29900319n77">Follow the inst#@#@#42#ction<xref boilerplate="true" id="nev21623084n1-0800c8af866e0f14">
<ref id="nev21623084n1-nev29891812n3"/>
</xref>
</ptxt>
</para>
</procstep>
<procstep id="nev21623084n1-nev29891812n4">
<grate id="nev21623084n1-nev29900319n74">
<graphic id="nev21623084n1-nev29900319n75">
<href>0900c8af88253e9#@#@#9#.jpeg</href>
</graphic>
<graphtext id="nev21623084n1-nev29900370n1">
<note id="nev21623084n1-0800c8af85b47f49">
<ptxt>Orientation view</ptxt>
</note>
</graphtext>
</grate>
</procstep>
<procstep id="nev21623084n1-nev29891812n10">
<grate id="nev21623084n1-nev29900319n72">
<graphic id="nev21623084n1-nev29900319n73">
<href>0900c8af866ce25#@#@#9#.jpeg</href>
</graphic>
<graphtext id="nev21623084n1-nev29900374n1">
<para id="nev21623084n1-nev29900319n70">
<ptxt id="nev21623084n1-nev29900319n71">Remove the screws.</ptxt>
</para>
<para id="nev21623084n1-nev29900319n68">
<ptxt id="nev21623084n1-nev29900319n69">Remove the mark#@#@#3#part.</ptxt>
</para>
<para id="nev21623084n1-nev29900319n66">
<ptxt id="nev21623084n1-nev29900319n67">
<torque id="nev21623084n1-nev29891814n2">
<ref id="nev21623084n1-nev29891814n3"/>
</torque>
</ptxt>
</para>
</graphtext>
</grate>
</procstep>
<procstep id="nev21623084n1-nev29891814n4">
<grate id="nev21623084n1-nev29900319n64">
<graphic id="nev21623084n1-nev29900319n65">
<href>0900c8af8655512#@#@#9#.jpeg</href>
</graphic>
<graphtext id="nev21623084n1-nev29900381n1">
<para id="nev21623084n1-nev29900319n62">
<ptxt id="nev21623084n1-nev29900319n63">Remove the screw.</ptxt>
</para>
<para id="nev21623084n1-nev29900319n60">
<ptxt id="nev21623084n1-nev29900319n61">
<torque id="nev21623084n1-nev29891815n3">
<ref id="nev21623084n1-nev29891815n4"/>
</torque>
</ptxt>
</para>
</graphtext>
</grate>
</procstep>
<procstep id="nev21623084n1-nev29891815n5">
<grate id="nev21623084n1-nev29900319n58">
<graphic id="nev21623084n1-nev29900319n59">
<href>0900c8af866ce25#@#@#9#.jpeg</href>
</graphic>
<graphtext id="nev21623084n1-nev29900388n1">
<para id="nev21623084n1-nev29900319n56">
<ptxt id="nev21623084n1-nev29900319n57">Disconnect the #@#@#6#tors.</ptxt>
</para>
</graphtext>
</grate>
</procstep>
<procstep id="nev21623084n1-nev29891816n2">
<grate id="nev21623084n1-nev29900319n54">
<graphic id="nev21623084n1-nev29900319n55">
<href>0900c8af8670eb8#@#@#9#.jpeg</href>
</graphic>
<graphtext id="nev21623084n1-nev29900392n1">
<note id="nev21623084n1-0800c8af844a42e6">
<ptxt>Note the positi#@#@#27#tors.</ptxt>
</note>
<para id="nev21623084n1-nev29900319n52">
<ptxt id="nev21623084n1-nev29900319n53">Loosen the nut.</ptxt>
</para>
<para id="nev21623084n1-nev29900319n50">
<ptxt id="nev21623084n1-nev29900319n51">
<torque id="nev21623084n1-nev29891817n3">
<ref id="nev21623084n1-nev29891817n4"/>
</torque>
</ptxt>
</para>
</graphtext>
</grate>
</procstep>
<procstep id="nev21623084n1-nev29891817n5">
<grate id="nev21623084n1-nev29900319n48">
<graphic id="nev21623084n1-nev29900319n49">
<href>0900c8af8670eb8#@#@#9#.jpeg</href>
</graphic>
<graphtext id="nev21623084n1-nev29900399n1">
<note id="nev21623084n1-0800c8af844a42e6">
<ptxt>Note the positi#@#@#27#tors.</ptxt>
</note>
<para id="nev21623084n1-nev29900319n46">
<ptxt id="nev21623084n1-nev29900319n47">Loosen the nuts.</ptxt>
</para>
<para id="nev21623084n1-nev29900319n44">
<ptxt id="nev21623084n1-nev29900319n45">
<torque id="nev21623084n1-nev29891818n6">
<ref id="nev21623084n1-nev29891818n7"/>
</torque>
</ptxt>
</para>
</graphtext>
</grate>
</procstep>
<procstep id="nev21623084n1-nev29891818n8">
<grate id="nev21623084n1-nev29900319n42">
<graphic id="nev21623084n1-nev29900319n43">
<href>0900c8af866ce25#@#@#9#.jpeg</href>
</graphic>
<graphtext id="nev21623084n1-nev29900406n1">
<note id="nev21623084n1-0800c8af85df4c6e">
<ptxt>The graphic sho#@#@#39#oval.</ptxt>
</note>
</graphtext>
</grate>
</procstep>
<procstep id="nev21623084n1-nev29891819n4">
<grate id="nev21623084n1-nev29900319n40">
<graphic id="nev21623084n1-nev29900319n41">
<href>0900c8af866ce25#@#@#9#.jpeg</href>
</graphic>
<graphtext id="nev21623084n1-nev29900410n1">
<para id="nev21623084n1-nev29900319n38">
<ptxt id="nev21623084n1-nev29900319n39">Release the catch.</ptxt>
</para>
</graphtext>
</grate>
</procstep>
<procstep id="nev21623084n1-nev29891820n1">
<grate id="nev21623084n1-nev29900319n36">
<graphic id="nev21623084n1-nev29900319n37">
<href>0900c8af866ce2c#@#@#9#.jpeg</href>
</graphic>
<graphtext id="nev21623084n1-nev29900414n1">
<para id="nev21623084n1-nev29900319n34">
<ptxt id="nev21623084n1-nev29900319n35">Release the catch.</ptxt>
</para>
</graphtext>
</grate>
</procstep>
</stepgrp>
<stepgrp boilerplate="false" context="" id="nev21623084n1-nev29900319n33">
<title id="nev21623084n1-0800c8af844a46f9">Installation</title>
<procstep id="nev21623084n1-nev29891820n10">
<para id="nev21623084n1-nev29900319n31">
<ptxt id="nev21623084n1-nev29900319n32">To install, rev#@#@#22#dure.</ptxt>
</para>
</procstep>
</stepgrp>
</procedure>
</servinfosub>