<?xml version="1.0" encoding="UTF-8"?><servinfosub IE-ID="en-US0900c8af8567c200" docno="VCC-436647" id="nev17369509n1" xml:lang="en-US">
<title>
<phrase category="Title" id="nev17369509n2" phrase-urn="urn:x-nevis:phrase:0800c8af81eb9a54">Diagnostic trou#@#@#21#ation</phrase>
</title>
<diagnostic j2008use="1" paperuse="1" screenuse="1" type="condition">
<condgrp>
<condition type="condition">
<grate>
<graphtext>
<ptxt>
<phrase category="Condition" id="nev17369509n3" phrase-urn="urn:x-nevis:phrase:0800c8af81eab05f">The engine cont#@#@#126#able.</phrase>
</ptxt>
<ptxt id="nev17369509n4">
<phrase category="Condition" id="nev17369509n5" phrase-urn="urn:x-nevis:phrase:0800c8af82a68c4a">If Engine contr#@#@#199#ated.</phrase>
</ptxt>
<ptxt id="nev17369509n6">
<phrase category="Condition" id="nev17369509n7" phrase-urn="urn:x-nevis:phrase:0800c8af81eb8e52">The fault code #@#@#164#BCM).</phrase>
</ptxt>
<ptxt>
<phrase category="" id="nev17369509n8" phrase-urn="urn:x-nevis:phrase:0800c8af823c9752">The diagnostic #@#@#49#s on.</phrase>
</ptxt>
</graphtext>
</grate>
</condition>
</condgrp>
<condgrp>
<condition type="substitution">
<list1 enumtype="d">
<item>
<ptxt>
<phrase category="" id="nev17369509n9" phrase-urn="urn:x-nevis:phrase:0800c8af823c9753">Cruise control #@#@#27#tive.</phrase>
</ptxt>
</item>
</list1>
</condition>
<ps>
<list1 enumtype="d" type="unordered">
<title>
<phrase category="Title" id="nev17369509n10" phrase-urn="urn:x-nevis:phrase:0800c8af82e29671">ECM-P193500</phrase>
</title>
<item id="nev17369510n1">
<ptxt id="nev17369510n2">
<phrase category="" id="nev17369510n3" phrase-urn="urn:x-nevis:phrase:0800c8af823c9757">Look for the ca#@#@#46#BCM).</phrase>
</ptxt>
</item>
<item>
<ptxt>
<phrase category="Possible source" id="nev17369510n4" phrase-urn="urn:x-nevis:phrase:0800c8af81eab7e7">Open-circuit or#@#@#76#itch.</phrase>
</ptxt>
</item>
<item id="nev17369510n5">
<ptxt id="nev17369510n6">
<phrase category="Possible source" id="nev17369510n7" phrase-urn="urn:x-nevis:phrase:0800c8af81eab8b0">Incorrectly ins#@#@#19#itch.</phrase>
</ptxt>
</item>
<item id="nev17369510n8">
<ptxt id="nev17369510n9">
<phrase category="Possible source" id="nev17369510n10" phrase-urn="urn:x-nevis:phrase:0800c8af81eabb13">Damaged stop la#@#@#5#itch.</phrase>
</ptxt>
</item>
</list1>
<list1 enumtype="d" type="unordered">
<title>
<phrase category="Title" id="nev17369511n1" phrase-urn="urn:x-nevis:phrase:0800c8af82e29673">ECM-P050400</phrase>
</title>
<item id="nev17369511n2">
<ptxt id="nev17369511n3">
<phrase category="Qualifier" id="nev17369511n4" phrase-urn="urn:x-nevis:phrase:0800c8af8189f4d7">Low battery</phrase>
</ptxt>
</item>
<item id="nev17369511n5">
<ptxt id="nev17369511n6">
<phrase category="Possible source" id="nev17369511n7" phrase-urn="urn:x-nevis:phrase:0800c8af81eab903">Contact resista#@#@#89#nsor.</phrase>
</ptxt>
</item>
<item>
<ptxt>
<phrase category="" id="nev17369511n8" phrase-urn="urn:x-nevis:phrase:0800c8af823c9757">Look for the ca#@#@#46#BCM).</phrase>
</ptxt>
</item>
<item id="nev17369511n9">
<ptxt id="nev17369511n10">
<phrase category="Possible source" id="nev17369512n1" phrase-urn="urn:x-nevis:phrase:0800c8af81eab8b0">Incorrectly ins#@#@#19#itch.</phrase>
</ptxt>
</item>
<item id="nev17369512n2">
<ptxt id="nev17369512n3">
<phrase category="Possible source" id="nev17369512n4" phrase-urn="urn:x-nevis:phrase:0800c8af81eabb13">Damaged stop la#@#@#5#itch.</phrase>
</ptxt>
</item>
<item>
<ptxt>
<phrase category="" id="nev17369512n5" phrase-urn="urn:x-nevis:phrase:0800c8af823c9758">Damaged brake p#@#@#10#nsor.</phrase>
</ptxt>
</item>
</list1>
</ps>
</condgrp>
<condgrp>
<condition type="symptom">
<list1 enumtype="d" type="unordered">
<item id="nev17369512n6">
<ptxt id="nev17369512n7">
<phrase category="Symptom CSC" id="nev17369512n8" phrase-urn="urn:x-nevis:phrase:0800c8af8388f039">AQ, Cruise cont#@#@#14#ngage</phrase>
</ptxt>
</item>
<item>
<ptxt>
<phrase category="Symptom CSC" id="nev17369512n9" phrase-urn="urn:x-nevis:phrase:0800c8af8388f137">IV, Text window#@#@#27#ssage</phrase>
</ptxt>
</item>
</list1>
</condition>
</condgrp>
</diagnostic>
</servinfosub>