<?xml version="1.0" encoding="UTF-8"?><servinfosub IE-ID="en-US0900c8af85928200" docno="VCC-452094" id="nev18050499n1" xml:lang="en-US">
<title>
<phrase category="Title" id="nev18050499n2" phrase-urn="urn:x-nevis:phrase:0800c8af81eb9a54">Diagnostic trou#@#@#21#ation</phrase>
</title>
<diagnostic j2008use="1" paperuse="1" screenuse="1" type="condition">
<condgrp>
<condition type="condition">
<para>
<ptxt>
<phrase category="Condition" id="nev18050499n3" phrase-urn="urn:x-nevis:phrase:0800c8af84e43f73">In checking mes#@#@#133#rect.</phrase>
</ptxt>
<ptxt id="nev18050499n4">
<phrase category="Condition" id="nev18050499n5" phrase-urn="urn:x-nevis:phrase:0800c8af82c4843c">The diagnostic #@#@#59#that:</phrase>
</ptxt>
</para>
<list1 id="nev18050499n6">
<item id="nev18050499n7">
<ptxt id="nev18050499n8">
<phrase category="Condition" id="nev18050499n9" phrase-urn="urn:x-nevis:phrase:0800c8af84e43f92">The message's c#@#@#16#rect.</phrase>
</ptxt>
</item>
</list1>
<ptxt id="nev18050499n10">
<phrase category="Condition" id="nev18050500n1" phrase-urn="urn:x-nevis:phrase:0800c8af82c479d6">The control mod#@#@#67#t of:</phrase>
</ptxt>
<list1 id="nev18050500n2">
<item id="nev18050500n3">
<ptxt id="nev18050500n4">
<phrase category="Faulttracing" id="nev18050500n5" phrase-urn="urn:x-nevis:phrase:0800c8af81adb8c2">Ignition on.</phrase>
</ptxt>
</item>
</list1>
<note id="nev18050500n6">
<ptxt id="nev18050500n7">
<phrase category="Condition" id="nev18050500n8" phrase-urn="urn:x-nevis:phrase:0800c8af82c4844b">The control mod#@#@#132# met.</phrase>
</ptxt>
</note>
</condition>
</condgrp>
<condgrp>
<condition type="substitution">
<list1 enumtype="d" type="unordered">
<item>
<ptxt>
<phrase category="" id="nev18050500n9" phrase-urn="urn:x-nevis:phrase:0800c8af81aa0c28">The speed signa#@#@#50#km/h.</phrase>
</ptxt>
</item>
</list1>
</condition>
<ps>
<list1 enumtype="d" type="unordered">
<item>
<ptxt>
<phrase category="Possible source" id="nev18050500n10" phrase-urn="urn:x-nevis:phrase:0800c8af81eb96e3">Interference in#@#@#27#CAN).</phrase>
</ptxt>
</item>
<item>
<ptxt>
<phrase category="" id="nev18050501n1" phrase-urn="urn:x-nevis:phrase:0800c8af81aa0c2c">Damaged brake c#@#@#14#(BCM)</phrase>
</ptxt>
</item>
</list1>
</ps>
</condgrp>
<condgrp>
<condition type="symptom">
<list1 enumtype="d" type="unordered">
<item>
<ptxt>
<phrase category="Symptom CSC" id="nev18050501n2" phrase-urn="urn:x-nevis:phrase:0800c8af8388f076">DL, Warning lig#@#@#85#ation</phrase>
</ptxt>
</item>
</list1>
</condition>
</condgrp>
</diagnostic>
</servinfosub>