<?xml version="1.0" encoding="UTF-8"?><servinfosub IE-ID="en-US0900c8af84f04813" docno="VCC-285182" id="nev11391206n1" original="sv-SE" servinfosubId="nev20676844n1-nev20676844n2" servinfosubRes="0900c8af862b3c0a" servinfosubRes2="urn:x-nevis:fragment:0900c8af84f04813:0900c8af862b3c0a#nev20676844n2" xml:lang="en-US">
<title id="nev11391206n2">Description of #@#@#60#ation</title>
<para id="nev20676844n1-nev11391206n3">
<ptxt id="nev20676844n1-nev11391206n4">Select type of #@#@#7#tion:</ptxt>
</para>
<para id="nev20676844n1-nev11391206n5">
<ptxt id="nev20676844n1-nev11391206n6">
<xref id="nev20676844n1-nev11391208n1">
<ref id="nev20676844n1-nev11391208n14"/>
</xref>
</ptxt>
</para>
<para id="nev20676844n1-nev11684262n235">
<ptxt id="nev20676844n1-nev11684262n234">
<xref id="nev20676844n1-nev11684262n215">
<ref id="nev20676844n1-nev11684262n205"/>
</xref>
</ptxt>
</para>
<para id="nev20676844n1-nev11391207n3">
<ptxt id="nev20676844n1-nev11391207n4">
<xref id="nev20676844n1-nev11391207n5">
<ref id="nev20676844n1-nev11391207n6"/>
</xref>
</ptxt>
</para>
</servinfosub>