<?xml version="1.0" encoding="UTF-8"?><servinfosub IE-ID="en-US0900c8af80cc6813" docno="VCC-150149" id="KC02730864" servinfosubId="nev20682410n1-nev20682410n2" servinfosubRes="0900c8af862b8aef" servinfosubRes2="urn:x-nevis:fragment:0900c8af80cc6813:0900c8af862b8aef#nev20682410n2" xml:lang="en-US">
<title>Location of com#@#@#22#tment</title>
<topic>
<title/>
<grate pgwide="1">
<graphic id="nev20682410n1-KC05130536" width="page">
<href>0900c8af80a5395#@#@#9#.jpeg</href>
</graphic>
<graphtext>
<para>
<ptxt>Not all the fol#@#@#82#ypes.</ptxt>
</para>
<table frame="all" pgwide="1">
<tgroup cols="3" colsep="1" rowsep="1">
<colspec colname="colspec1" colwidth="17.62*"/>
<colspec colname="col2" colwidth="99.95*"/>
<colspec colname="col3" colwidth="120.43*"/>
<thead>
<row>
<entry align="justify" namest="col2" valign="top">
<ptxt>Component</ptxt>
</entry>
<entry align="justify" valign="top">
<ptxt>Located at/on:</ptxt>
</entry>
</row>
</thead>
<tbody>
<row>
<entry align="justify" colname="colspec1">
<ptxt>1</ptxt>
</entry>
<entry align="justify" colname="col2">
<ptxt>Injectors (5 x)</ptxt>
</entry>
<entry align="justify" colname="col3">
<ptxt>Intake manifold.</ptxt>
</entry>
</row>
<row>
<entry align="justify" colname="colspec1">
<ptxt>2</ptxt>
</entry>
<entry align="justify" colname="col2">
<ptxt>Intake camshaft#@#@#8#alve </ptxt>
</entry>
<entry align="justify" colname="col3">
<ptxt>Engine, timing #@#@#19#aft. </ptxt>
</entry>
</row>
<row>
<entry align="justify" colname="colspec1">
<ptxt>3</ptxt>
</entry>
<entry align="justify" colname="col2">
<ptxt>Exhaust camshaf#@#@#9#alve </ptxt>
</entry>
<entry align="justify" colname="col3">
<ptxt>Engine, timing #@#@#19#aft. </ptxt>
</entry>
</row>
<row>
<entry align="justify" colname="colspec1">
<ptxt>4</ptxt>
</entry>
<entry align="justify" colname="col2">
<ptxt>A/C pressure sensor</ptxt>
</entry>
<entry align="justify" colname="col3">
<ptxt>Air conditionin#@#@#42#pe). </ptxt>
</entry>
</row>
<row>
<entry align="justify" colname="colspec1">
<ptxt>5 </ptxt>
</entry>
<entry align="justify" colname="col2">
<ptxt>Air conditionin#@#@#18#witch</ptxt>
</entry>
<entry align="justify" colname="col3">
<ptxt>Air conditionin#@#@#42#pe). </ptxt>
</entry>
</row>
<row>
<entry align="justify" colname="colspec1">
<ptxt>6</ptxt>
</entry>
<entry align="justify" colname="col2">
<ptxt>Turbocharger (T#@#@#11#valve</ptxt>
</entry>
<entry align="justify" colname="col3">
<ptxt>The turbocharge#@#@#2#(TC).</ptxt>
</entry>
</row>
<row>
<entry align="justify" colname="colspec1">
<ptxt>7</ptxt>
</entry>
<entry align="justify" colname="col2">
<ptxt>Ignition coil (5 x)</ptxt>
</entry>
<entry align="justify" colname="col3">
<ptxt>The cylinder head.</ptxt>
</entry>
</row>
<row>
<entry align="justify" colname="colspec1">
<ptxt>8</ptxt>
</entry>
<entry align="justify" colname="col2">
<ptxt>Evaporative emi#@#@#20#valve</ptxt>
</entry>
<entry align="justify" colname="col3">
<ptxt>Intake manifold.</ptxt>
</entry>
</row>
<row>
<entry align="justify" colname="colspec1">
<ptxt>9</ptxt>
</entry>
<entry align="justify" colname="col2">
<ptxt>Camshaft positi#@#@#18#ntake</ptxt>
</entry>
<entry align="justify" colname="col3">
<ptxt>Engine, flywhee#@#@#20#aft. </ptxt>
</entry>
</row>
<row>
<entry align="justify" colname="colspec1">
<ptxt>10</ptxt>
</entry>
<entry align="justify" colname="col2">
<ptxt>Camshaft positi#@#@#19#haust</ptxt>
</entry>
<entry align="justify" colname="col3">
<ptxt>Engine, flywhee#@#@#20#aft. </ptxt>
</entry>
</row>
<row>
<entry align="justify" colname="colspec1">
<ptxt>11</ptxt>
</entry>
<entry align="justify" colname="col2">
<ptxt>Integrated rela#@#@#5#ebox </ptxt>
</entry>
<entry align="justify" colname="col3"/>
</row>
<row>
<entry align="justify" colname="colspec1">
<ptxt>12</ptxt>
</entry>
<entry align="justify" colname="col2">
<ptxt>Engine speed (R#@#@#5#ensor</ptxt>
</entry>
<entry align="justify" colname="col3">
<ptxt>Above the flywheel. </ptxt>
</entry>
</row>
<row>
<entry align="justify" colname="colspec1">
<ptxt>13</ptxt>
</entry>
<entry align="justify" colname="col2">
<ptxt>Mass air flow (#@#@#6#ensor</ptxt>
</entry>
<entry align="justify" colname="col3">
<ptxt>The air cleaner#@#@#9#dule.</ptxt>
</entry>
</row>
<row>
<entry align="justify" valign="top">
<ptxt>14</ptxt>
</entry>
<entry align="justify" valign="top">
<ptxt>Engine coolant #@#@#19#ensor</ptxt>
</entry>
<entry align="justify" valign="top">
<ptxt>The thermostat #@#@#3#sing.</ptxt>
</entry>
</row>
<row>
<entry align="justify" colname="colspec1">
<ptxt>15</ptxt>
</entry>
<entry align="justify" colname="col2">
<ptxt>Engine control #@#@#7#(ECM)</ptxt>
</entry>
<entry align="justify" colname="col3">
<ptxt>The air cleaner#@#@#9#dule.</ptxt>
</entry>
</row>
<row>
<entry align="justify" colname="colspec1">
<ptxt>16</ptxt>
</entry>
<entry align="justify" colname="col2">
<ptxt>Knock sensor (KS)</ptxt>
</entry>
<entry align="justify" colname="col3">
<ptxt>The cylinder bl#@#@#35#ule. </ptxt>
</entry>
</row>
<row>
<entry align="justify" colname="colspec1">
<ptxt>17</ptxt>
</entry>
<entry align="justify" colname="col2">
<ptxt>Engine cooling #@#@#18#odule</ptxt>
</entry>
<entry align="justify" colname="col3"/>
</row>
<row>
<entry align="justify" colname="colspec1">
<ptxt>18 </ptxt>
</entry>
<entry align="justify" colname="col2">
<ptxt>Oil pressure switch</ptxt>
</entry>
<entry align="justify" colname="col3">
<ptxt>Lower front edg#@#@#11#gine.</ptxt>
</entry>
</row>
<row>
<entry align="justify" colname="colspec1">
<ptxt>19</ptxt>
</entry>
<entry align="justify" colname="col2">
<ptxt>Boost pressure #@#@#1#ensor</ptxt>
</entry>
<entry align="justify" colname="col3">
<ptxt>The charge air #@#@#34#ion. </ptxt>
</entry>
</row>
<row>
<entry align="justify" colname="colspec1">
<ptxt>20</ptxt>
</entry>
<entry align="justify" colname="col2">
<ptxt>Throttle unit</ptxt>
</entry>
<entry align="justify" colname="col3">
<ptxt>The engine inta#@#@#7#fold.</ptxt>
</entry>
</row>
<row>
<entry align="justify" valign="top">
<ptxt>21</ptxt>
</entry>
<entry align="justify" valign="top">
<ptxt>Fuel pressure s#@#@#25#nsor </ptxt>
</entry>
<entry align="justify" valign="top">
<ptxt>Fuel rail right#@#@#2#ace. </ptxt>
</entry>
</row>
</tbody>
</tgroup>
</table>
</graphtext>
</grate>
</topic>
</servinfosub>