<?xml version="1.0" encoding="UTF-8"?><servinfosub IE-ID="en-US0900c8af8091c813" docno="VCC-113341" id="KC02495250" xml:lang="en-US">
<title>
<phrase category="" id="KC06669917" phrase-urn="urn:x-nevis:phrase:0800c8af819b49c3">Reading control#@#@#3#it id</phrase>
</title>
<diagnostic j2008use="1" paperuse="1" screenuse="1" type="test">
<testgrp IE-ID="en-US0900c8af8091c813_KC02508452" id="KC02508452" j2008use="1" paperuse="1" resumable="1" screenuse="1" testgrp-id="readdtc" x="120" y="200">
<title>
<phrase category="" id="KC06669918" phrase-urn="urn:x-nevis:phrase:0800c8af819b49c4">Reading control#@#@#3#it id</phrase>
</title>
<node>
<test1>
<diaglist>
<dgraphic>
<dgraphic1>
<graphic id="KC06669919">
<href>0900c8af80054d5#@#@#9#.jpeg</href>
</graphic>
</dgraphic1>
</dgraphic>
<ditem>
<ptxt>
<phrase category="" id="KC06669920" phrase-urn="urn:x-nevis:phrase:0800c8af819b49c5">Ignition on.</phrase>
</ptxt>
</ditem>
</diaglist>
<test2>
<ptxt>
<phrase category="" id="KC06669921" phrase-urn="urn:x-nevis:phrase:0800c8af819b49c6">Activate read o#@#@#52#mbol.</phrase>
</ptxt>
<para>
<title>
<phrase category="" id="KC06669922" phrase-urn="urn:x-nevis:phrase:0800c8af819b49c7">Control unit id#@#@#7#ation</phrase>
</title>
<ptxt>
<phrase category="" id="KC06669923" phrase-urn="urn:x-nevis:phrase:0800c8af819b49c8">The information#@#@#104#atus.</phrase>
</ptxt>
</para>
<diaglist>
<dgraphic>
<dgraphic2>
<graphic id="KC06669924">
<href>0900c8af86c8681#@#@#9#.jpeg</href>
</graphic>
<smarttool active="press" id="KC06669925" toolname="XDIS48C0"/>
</dgraphic2>
</dgraphic>
<ditem>
<ditemtext>
<ptxt>
<phrase category="" id="KC06669926" phrase-urn="urn:x-nevis:phrase:0800c8af819b49c9"/>
</ptxt>
</ditemtext>
</ditem>
</diaglist>
</test2>
</test1>
<question>Select Continue.</question>
<resact-grp>
<result button="cont" comp="button" highlight="0"/>
<action j2008use="1" paperuse="1" screenuse="1">
<return value="DONE"/>
</action>
</resact-grp>
<resact-grp>
<result comp="numeric" highlight="0" op="lt" return="0"/>
<action j2008use="1" paperuse="1" screenuse="1">
<ptxt>
<xref>
<ref id="KC06669927"/>
</xref>
</ptxt>
</action>
</resact-grp>
<resact-grp>
<result comp="numeric" highlight="0" op="gt" return="0"/>
<action j2008use="1" paperuse="1" screenuse="1">
<ptxt>
<xref>
<ref id="KC06669928"/>
</xref>
</ptxt>
</action>
</resact-grp>
</node>
</testgrp>
<testgrp id="KC02508453" j2008use="1" paperuse="1" resumable="1" screenuse="1" testgrp-id="text-1--7" x="120" y="320">
<title>
<phrase category="" id="KC06669929" phrase-urn="urn:x-nevis:phrase:0800c8af819b49ca">Communication fault</phrase>
</title>
<subcalloutnode>
<diagcallout>
<xref>
<ref id="KC06669930"/>
</xref>
</diagcallout>
<rescall-grp>
<result comp="string" highlight="0" op="eq" return="1"/>
<calloutaction>
<ptxt>
<xref>
<ref id="KC06669931"/>
</xref>
</ptxt>
</calloutaction>
</rescall-grp>
<rescall-grp>
<result comp="string" highlight="0" op="eq" return="2"/>
<calloutaction>
<ptxt>
<xref>
<ref id="KC06669932"/>
</xref>
</ptxt>
</calloutaction>
</rescall-grp>
<rescall-grp>
<result comp="string" highlight="0" op="eq" return="3"/>
<calloutaction>
<return value="FAILED"/>
</calloutaction>
</rescall-grp>
</subcalloutnode>
</testgrp>
<testgrp id="KC02508454" j2008use="1" paperuse="1" resumable="1" screenuse="1" testgrp-id="comm" x="120" y="440">
<title>
<phrase category="" id="KC06669933" phrase-urn="urn:x-nevis:phrase:0800c8af819b49cb">Checking commun#@#@#8#fault</phrase>
</title>
<subcalloutnode>
<diagcallout>
<xref>
<ref id="KC06669934"/>
</xref>
</diagcallout>
<rescall-grp>
<result comp="string" highlight="0" op="eq" return="FAULT FOUND"/>
<calloutaction>
<ptxt>
<xref>
<ref id="KC06669935"/>
</xref>
</ptxt>
</calloutaction>
</rescall-grp>
</subcalloutnode>
</testgrp>
<testgrp id="KC02508455" j2008use="1" paperuse="1" resumable="1" screenuse="1" testgrp-id="comminfo" x="120" y="520">
<title>
<phrase category="" id="KC06669936" phrase-urn="urn:x-nevis:phrase:0800c8af819b49cc">Trouble-shootin#@#@#8#ation</phrase>
</title>
<subcalloutnode>
<diagcallout>
<xref>
<ref id="KC06669937"/>
</xref>
</diagcallout>
<rescall-grp>
<result comp="string" highlight="0" op="eq" return="YES"/>
<calloutaction>
<ptxt>
<xref>
<ref id="KC06669938"/>
</xref>
</ptxt>
</calloutaction>
</rescall-grp>
<rescall-grp>
<result comp="string" highlight="0" op="eq" return="NO"/>
<calloutaction>
<return value="FAILED"/>
</calloutaction>
</rescall-grp>
</subcalloutnode>
</testgrp>
</diagnostic>
</servinfosub>