<?xml version="1.0" encoding="UTF-8"?><script xmlns:nevis="http://www.volvocars.com/namespaces/processing" xmlns:xlink="http://www.w3.org/1999/xlink" IE-ID="en-US0900c8af83d7c91d" docno="VCC-321430" id="nev12666280n1" nevis:expl-profile="mdl544yr2008, mdl545yr2008, mdl533yr2008, mdl542yr2008, mdl533yr2009, mdl544yr2009, mdl545yr2009, mdl542yr2009, mdl544yr2010, mdl545yr2010, mdl542yr2010, mdl533yr2010, mdl533yr2011, mdl545yr2011, mdl542yr2011, mdl544yr2011, mdl544yr2012, mdl545yr2012, mdl533yr2012, mdl542yr2012, mdl530yr2011, mdl542yr2013, mdl533yr2013, mdl530yr2012, mdl530yr2013" nevis:profile="urn:x-nevis:profile:0b00c8af839eaa60 urn:x-nevis:profile:0b00c8af839eacfa urn:x-nevis:profile:0b00c8af83aff6b3 urn:x-nevis:profile:0b00c8af83affa46 urn:x-nevis:profile:0b00c8af83f19e63 urn:x-nevis:profile:0b00c8af83f1a51f urn:x-nevis:profile:0b00c8af83f1a8d8 urn:x-nevis:profile:0b00c8af83f1ad9d urn:x-nevis:profile:0b00c8af8414dfad urn:x-nevis:profile:0b00c8af8414e27e urn:x-nevis:profile:0b00c8af8415509d urn:x-nevis:profile:0b00c8af841552ad urn:x-nevis:profile:0b00c8af847139c0 urn:x-nevis:profile:0b00c8af847139e3 urn:x-nevis:profile:0b00c8af847139e4 urn:x-nevis:profile:0b00c8af847139e6 urn:x-nevis:profile:0b00c8af84eb810f urn:x-nevis:profile:0b00c8af84eb8110 urn:x-nevis:profile:0b00c8af84eb8111 urn:x-nevis:profile:0b00c8af84eb8113 urn:x-nevis:profile:0b00c8af8512644f urn:x-nevis:profile:0b00c8af8520c261 urn:x-nevis:profile:0b00c8af8520c39e urn:x-nevis:profile:0b00c8af85330427 urn:x-nevis:profile:0b00c8af8568d0bf" nevis:projectdocument="urn:x-nevis:projectdocument:0800c8af83d7c91c" nevis:resource="0900c8af83d945b6" nevis:resource2="urn:x-nevis:fragment:0900c8af83d7c91d:0900c8af83d945b6#nev12666280n1" nevis:session-id="" qualifierinfotype="14:00" type="" xml:lang="en-US"><title><phrase category="Faulttracing" id="nev11979401n1" phrase-urn="urn:x-nevis:phrase:0800c8af82265369">Programming</phrase></title><content gui="1" height="380" id="nev12666280n3-nev12666281n1" nevis:expl-profile="mdl544yr2008, mdl545yr2008, mdl533yr2008, mdl542yr2008, mdl533yr2009, mdl544yr2009, mdl545yr2009, mdl542yr2009, mdl544yr2010, mdl545yr2010, mdl542yr2010, mdl533yr2010, mdl533yr2011, mdl545yr2011, mdl542yr2011, mdl544yr2011, mdl544yr2012, mdl545yr2012, mdl533yr2012, mdl542yr2012, mdl530yr2011, mdl542yr2013, mdl533yr2013, mdl530yr2012, mdl530yr2013" nevis:idfrom="nev12666280n3" nevis:prefix="nev12666280n3" nevis:profile="urn:x-nevis:profile:0b00c8af839eaa60 urn:x-nevis:profile:0b00c8af839eacfa urn:x-nevis:profile:0b00c8af83aff6b3 urn:x-nevis:profile:0b00c8af83affa46 urn:x-nevis:profile:0b00c8af83f19e63 urn:x-nevis:profile:0b00c8af83f1a51f urn:x-nevis:profile:0b00c8af83f1a8d8 urn:x-nevis:profile:0b00c8af83f1ad9d urn:x-nevis:profile:0b00c8af8414dfad urn:x-nevis:profile:0b00c8af8414e27e urn:x-nevis:profile:0b00c8af8415509d urn:x-nevis:profile:0b00c8af841552ad urn:x-nevis:profile:0b00c8af847139c0 urn:x-nevis:profile:0b00c8af847139e3 urn:x-nevis:profile:0b00c8af847139e4 urn:x-nevis:profile:0b00c8af847139e6 urn:x-nevis:profile:0b00c8af84eb810f urn:x-nevis:profile:0b00c8af84eb8110 urn:x-nevis:profile:0b00c8af84eb8111 urn:x-nevis:profile:0b00c8af84eb8113 urn:x-nevis:profile:0b00c8af8512644f urn:x-nevis:profile:0b00c8af8520c261 urn:x-nevis:profile:0b00c8af8520c39e urn:x-nevis:profile:0b00c8af85330427 urn:x-nevis:profile:0b00c8af8568d0bf" nevis:resource="0900c8af83d945b8" nevis:resource2="urn:x-nevis:fragment:0900c8af83d7c91d:0900c8af83d945b8#nev12666281n1" width="520" xml:lang="en-US"><nodes id="nev12666280n3-nev12676937n1"><node class="Components.StartNode" id="nev12666280n3-nev12676938n1" nodeid="Start" x="14" y="460"/><node class="Components.VehComm" id="nev12666280n3-nev12676939n1" nodeid="VehComm1" x="496" y="57"><property class="String" id="nev12666280n3-nev12676940n1" name="Mode" type="Internal" value="EcuType" visible="1"/><property class="Int" id="nev12666280n3-nev12676941n1" name="EcuType" type="In" value="372304" visible="0"/><property class="Int" id="nev12666280n3-nev12676942n1" name="ServiceId" type="In" value="17" visible="0"/><property class="String" id="nev12666280n3-nev12676943n1" name="EcuName" type="Out" value="" visible="1"/><property class="Response" id="nev12666280n3-nev12676944n1" name="Result" type="Out" value="" visible="1"/><property class="String" id="nev12666280n3-nev12676945n1" name="Identifier" type="In" value="AAAA" visible="0"/><property class="String" id="nev12666280n3-nev12676946n1" name="Value" type="In" value="" visible="1"/><extension id="nev12666280n3-nev12676947n1"><insertparam id="nev12666280n3-nev12666981n1" name="Value"/><insertparam id="nev12666280n3-nev12666982n1" name="Identifier"/></extension></node><node class="Components.VehComm" id="nev12666280n3-nev12676948n1" nodeid="VehComm2" x="500" y="223"><property class="String" id="nev12666280n3-nev12676949n1" name="Mode" type="Internal" value="EcuType" visible="1"/><property class="Int" id="nev12666280n3-nev12676950n1" name="EcuType" type="In" value="372304" visible="0"/><property class="Int" id="nev12666280n3-nev12676951n1" name="ServiceId" type="In" value="17" visible="0"/><property class="String" id="nev12666280n3-nev12676952n1" name="EcuName" type="Out" value="" visible="1"/><property class="Response" id="nev12666280n3-nev12676953n1" name="Result" type="Out" value="" visible="1"/><property class="String" id="nev12666280n3-nev12676954n1" name="Identifier" type="In" value="AAAB" visible="0"/><property class="String" id="nev12666280n3-nev12676955n1" name="Value" type="In" value="" visible="1"/><extension id="nev12666280n3-nev12676956n1"><insertparam id="nev12666280n3-nev12666992n1" name="Value"/><insertparam id="nev12666280n3-nev12666993n1" name="Identifier"/></extension></node><node class="Components.VehComm" id="nev12666280n3-nev12676957n1" nodeid="VehComm3" x="499" y="395"><property class="String" id="nev12666280n3-nev12676958n1" name="Mode" type="Internal" value="EcuType" visible="1"/><property class="Int" id="nev12666280n3-nev12676959n1" name="EcuType" type="In" value="372304" visible="0"/><property class="Int" id="nev12666280n3-nev12676960n1" name="ServiceId" type="In" value="17" visible="0"/><property class="String" id="nev12666280n3-nev12676961n1" name="EcuName" type="Out" value="" visible="1"/><property class="Response" id="nev12666280n3-nev12676962n1" name="Result" type="Out" value="" visible="1"/><property class="String" id="nev12666280n3-nev12676963n1" name="Identifier" type="In" value="AAAC" visible="0"/><property class="String" id="nev12666280n3-nev12676964n1" name="Value" type="In" value="" visible="1"/><extension id="nev12666280n3-nev12676965n1"><insertparam id="nev12666280n3-nev12667003n1" name="Value"/><insertparam id="nev12666280n3-nev12667004n1" name="Identifier"/></extension></node><node class="Components.VehComm" id="nev12666280n3-nev12676966n1" nodeid="VehComm4" x="499" y="566"><property class="String" id="nev12666280n3-nev12676967n1" name="Mode" type="Internal" value="EcuType" visible="1"/><property class="Int" id="nev12666280n3-nev12676968n1" name="EcuType" type="In" value="372304" visible="0"/><property class="Int" id="nev12666280n3-nev12676969n1" name="ServiceId" type="In" value="17" visible="0"/><property class="String" id="nev12666280n3-nev12676970n1" name="EcuName" type="Out" value="" visible="1"/><property class="Response" id="nev12666280n3-nev12676971n1" name="Result" type="Out" value="" visible="1"/><property class="String" id="nev12666280n3-nev12676972n1" name="Identifier" type="In" value="AAAD" visible="0"/><property class="String" id="nev12666280n3-nev12676973n1" name="Value" type="In" value="" visible="1"/><extension id="nev12666280n3-nev12676974n1"><insertparam id="nev12666280n3-nev12667014n1" name="Value"/><insertparam id="nev12666280n3-nev12667015n1" name="Identifier"/></extension></node><node class="Components.TextField" id="nev12666280n3-nev12676975n1" nodeid="Sensor1Text" x="134" y="20"><gui height="20" id="nev12666280n3-nev12676976n1" width="150" x="250" y="15"/><property class="String" id="nev12666280n3-nev12676977n1" name="Text" type="In" value="" visible="1"/><property class="String" id="nev12666280n3-nev12676978n1" name="Value" type="Out" value="" visible="1"/><property class="Int" id="nev12666280n3-nev12676979n1" name="MaxLength" type="Internal" value="8" visible="1"/><property class="String" id="nev12666280n3-nev12676980n1" name="Type" type="Internal" value="UpperCase" visible="1"/></node><node class="Components.TextField" id="nev12666280n3-nev12676981n1" nodeid="Sensor2Text" x="136" y="202"><gui height="20" id="nev12666280n3-nev12676982n1" width="150" x="250" y="55"/><property class="String" id="nev12666280n3-nev12676983n1" name="Text" type="In" value="" visible="1"/><property class="String" id="nev12666280n3-nev12676984n1" name="Value" type="Out" value="" visible="1"/><property class="Int" id="nev12666280n3-nev12676985n1" name="MaxLength" type="Internal" value="8" visible="1"/><property class="String" id="nev12666280n3-nev12676986n1" name="Type" type="Internal" value="UpperCase" visible="1"/></node><node class="Components.TextField" id="nev12666280n3-nev12676987n1" nodeid="Sensor3Text" x="139" y="378"><gui height="20" id="nev12666280n3-nev12676988n1" width="150" x="250" y="95"/><property class="String" id="nev12666280n3-nev12676989n1" name="Text" type="In" value="" visible="1"/><property class="String" id="nev12666280n3-nev12676990n1" name="Value" type="Out" value="" visible="1"/><property class="Int" id="nev12666280n3-nev12676991n1" name="MaxLength" type="Internal" value="8" visible="1"/><property class="String" id="nev12666280n3-nev12676992n1" name="Type" type="Internal" value="UpperCase" visible="1"/></node><node class="Components.TextField" id="nev12666280n3-nev12676993n1" nodeid="Sensor4Text" x="140" y="561"><gui height="20" id="nev12666280n3-nev12676994n1" width="150" x="250" y="135"/><property class="String" id="nev12666280n3-nev12676995n1" name="Text" type="In" value="" visible="1"/><property class="String" id="nev12666280n3-nev12676996n1" name="Value" type="Out" value="" visible="1"/><property class="Int" id="nev12666280n3-nev12676997n1" name="MaxLength" type="Internal" value="8" visible="1"/><property class="String" id="nev12666280n3-nev12676998n1" name="Type" type="Internal" value="UpperCase" visible="1"/></node><node class="Components.ScriptButton" id="nev12666280n3-nev12676999n1" nodeid="Button4" x="303" y="589"><gui height="20" id="nev12666280n3-nev12677000n1" width="60" x="415" y="135"/><property class="String" id="nev12666280n3-nev12677001n1" name="Text" type="In" value="" visible="1"/><property class="String" id="nev12666280n3-nev12677002n1" name="StartDisabled" type="Internal" value="false" visible="1"/><property class="String" id="nev12666280n3-nev12677003n1" name="StartVisible" type="Internal" value="true" visible="1"/><extension id="nev12666280n3-nev12677004n1"><phrase category="Faulttracing" id="nev12666280n3-nev12666311n1" phrase-urn="urn:x-nevis:phrase:0800c8af8178a35b">Save</phrase></extension></node><node class="Components.ScriptButton" id="nev12666280n3-nev12677005n1" nodeid="SetButton1" x="293" y="46"><gui height="20" id="nev12666280n3-nev12677006n1" width="60" x="415" y="15"/><property class="String" id="nev12666280n3-nev12677007n1" name="Text" type="In" value="" visible="1"/><property class="String" id="nev12666280n3-nev12677008n1" name="StartDisabled" type="Internal" value="false" visible="1"/><property class="String" id="nev12666280n3-nev12677009n1" name="StartVisible" type="Internal" value="true" visible="1"/><extension id="nev12666280n3-nev12677010n1"><phrase category="Faulttracing" id="nev12666280n3-nev12666308n1" phrase-urn="urn:x-nevis:phrase:0800c8af8178a35b">Save</phrase></extension></node><node class="Components.ScriptButton" id="nev12666280n3-nev12677011n1" nodeid="SetButton2" x="299" y="231"><gui height="20" id="nev12666280n3-nev12677012n1" width="60" x="415" y="55"/><property class="String" id="nev12666280n3-nev12677013n1" name="Text" type="In" value="" visible="1"/><property class="String" id="nev12666280n3-nev12677014n1" name="StartDisabled" type="Internal" value="false" visible="1"/><property class="String" id="nev12666280n3-nev12677015n1" name="StartVisible" type="Internal" value="true" visible="1"/><extension id="nev12666280n3-nev12677016n1"><phrase category="Faulttracing" id="nev12666280n3-nev12666309n1" phrase-urn="urn:x-nevis:phrase:0800c8af8178a35b">Save</phrase></extension></node><node class="Components.ScriptButton" id="nev12666280n3-nev12677017n1" nodeid="SetButton3" x="302" y="409"><gui height="20" id="nev12666280n3-nev12677018n1" width="60" x="415" y="95"/><property class="String" id="nev12666280n3-nev12677019n1" name="Text" type="In" value="" visible="1"/><property class="String" id="nev12666280n3-nev12677020n1" name="StartDisabled" type="Internal" value="false" visible="1"/><property class="String" id="nev12666280n3-nev12677021n1" name="StartVisible" type="Internal" value="true" visible="1"/><extension id="nev12666280n3-nev12677022n1"><phrase category="Faulttracing" id="nev12666280n3-nev12666310n1" phrase-urn="urn:x-nevis:phrase:0800c8af8178a35b">Save</phrase></extension></node><node class="Components.Gui.Signal" id="nev12666280n3-nev12677023n1" nodeid="SetFlag1" x="652" y="74"><gui height="20" id="nev12666280n3-nev12677024n1" width="20" x="490" y="15"/></node><node class="Components.Gui.Signal" id="nev12666280n3-nev12677025n1" nodeid="Flag1" x="648" y="206"><gui height="20" id="nev12666280n3-nev12677026n1" width="20" x="490" y="55"/></node><node class="Components.Gui.Signal" id="nev12666280n3-nev12677027n1" nodeid="Flag2" x="659" y="368"><gui height="20" id="nev12666280n3-nev12677028n1" width="20" x="490" y="95"/></node><node class="Components.Gui.Signal" id="nev12666280n3-nev12677029n1" nodeid="Flag3" x="674" y="570"><gui height="20" id="nev12666280n3-nev12677030n1" width="20" x="490" y="135"/></node><node class="Components.ScriptLabel" id="nev12666280n3-nev12677031n1" nodeid="Label1" x="868" y="693"><gui height="20" id="nev12666280n3-nev12677032n1" width="225" x="10" y="15"/><property class="String" id="nev12666280n3-nev12677033n1" name="Text" type="In" value="Sensor 1" visible="1"/><property class="Parameter" id="nev12666280n3-nev12677034n1" name="Parameter" type="In" value="" visible="1"/></node><node class="Components.ScriptLabel" id="nev12666280n3-nev12677035n1" nodeid="Label2" x="873" y="842"><gui height="20" id="nev12666280n3-nev12677036n1" width="225" x="10" y="55"/><property class="String" id="nev12666280n3-nev12677037n1" name="Text" type="In" value="Sensor 2" visible="1"/><property class="Parameter" id="nev12666280n3-nev12677038n1" name="Parameter" type="In" value="" visible="1"/></node><node class="Components.ScriptLabel" id="nev12666280n3-nev12677039n1" nodeid="Label3" x="713" y="964"><gui height="20" id="nev12666280n3-nev12677040n1" width="225" x="10" y="95"/><property class="String" id="nev12666280n3-nev12677041n1" name="Text" type="In" value="Sensor 3" visible="1"/><property class="Parameter" id="nev12666280n3-nev12677042n1" name="Parameter" type="In" value="" visible="1"/></node><node class="Components.ScriptLabel" id="nev12666280n3-nev12677043n1" nodeid="Label4" x="509" y="973"><gui height="20" id="nev12666280n3-nev12677044n1" width="225" x="10" y="135"/><property class="String" id="nev12666280n3-nev12677045n1" name="Text" type="In" value="Sensor 4" visible="1"/><property class="Parameter" id="nev12666280n3-nev12677046n1" name="Parameter" type="In" value="" visible="1"/></node><node class="Components.ScriptLabel" id="nev12666280n3-nev12677047n1" nodeid="Label5" x="965" y="345"><gui height="20" id="nev12666280n3-nev12677048n1" width="500" x="10" y="170"/><property class="String" id="nev12666280n3-nev12677049n1" name="Text" type="In" value="" visible="1"/><property class="Parameter" id="nev12666280n3-nev12677050n1" name="Parameter" type="In" value="" visible="1"/></node><node class="Components.Constant" id="nev12666280n3-nev12677051n1" nodeid="NoRespConstant" x="795" y="256"><property class="String" id="nev12666280n3-nev12677052n1" name="Text" type="Out" value="Ingen kontakt med fordonet!" visible="1"/><extension id="nev12666280n3-nev12677053n1"><text id="nev12666280n3-nev12667095n1" type="nevis"><phrase category="Faulttracing" id="nev12666280n3-nev12666873n1" phrase-urn="urn:x-nevis:phrase:0800c8af834c1f57">No contact with#@#@#4#icle!</phrase></text></extension></node><node class="Components.Constant" id="nev12666280n3-nev12677054n1" nodeid="NegRespConstant" x="798" y="165"><property class="String" id="nev12666280n3-nev12677055n1" name="Text" type="Out" value="Styrenheten kan inte utföra tjänsten!" visible="1"/><extension id="nev12666280n3-nev12677056n1"><text id="nev12666280n3-nev12667099n1" type="nevis"><phrase category="Faulttracing" id="nev12666280n3-nev12666871n1" phrase-urn="urn:x-nevis:phrase:0800c8af83456523">The control mod#@#@#25#task!</phrase></text></extension></node><node class="Components.Constant" id="nev12666280n3-nev12677057n1" nodeid="NoContactConstant" x="799" y="356"><property class="String" id="nev12666280n3-nev12677058n1" name="Text" type="Out" value="Inget svar från ECU" visible="1"/><extension id="nev12666280n3-nev12677059n1"><text id="nev12666280n3-nev12667103n1" type="nevis"><phrase category="Faulttracing" id="nev12666280n3-nev12666874n1" phrase-urn="urn:x-nevis:phrase:0800c8af8160da42">No response from ECU</phrase></text></extension></node><node class="Components.Constant" id="nev12666280n3-nev12677060n1" nodeid="EmptyConstant" x="800" y="458"><property class="String" id="nev12666280n3-nev12677061n1" name="Text" type="Out" value="" visible="1"/><extension id="nev12666280n3-nev12677062n1"/></node><node class="Components.ScriptComponent" id="nev12666280n3-nev12677063n1" nodeid="Script1" x="223" y="781"/><node class="Components.ScriptButton" id="nev12666280n3-nev12677064n1" nodeid="Hide" x="20" y="760"><gui height="23" id="nev12666280n3-nev12677065n1" width="75" x="435" y="340"/><property class="String" id="nev12666280n3-nev12677066n1" name="Text" type="In" value="" visible="1"/><property class="String" id="nev12666280n3-nev12677067n1" name="StartDisabled" type="Internal" value="false" visible="1"/><property class="String" id="nev12666280n3-nev12677068n1" name="StartVisible" type="Internal" value="true" visible="1"/><extension id="nev12666280n3-nev12677069n1"><phrase category="Faulttracing" id="nev12666280n3-nev12666312n1" phrase-urn="urn:x-nevis:phrase:0800c8af81b6b138">Hide</phrase></extension></node><node class="Components.Constant" id="nev12666280n3-nev12677070n1" nodeid="Constant1" x="679" y="715"><property class="String" id="nev12666280n3-nev12677071n1" name="Text" type="Out" value="Däcktryckssensor 1" visible="1"/><extension id="nev12666280n3-nev12677072n1"><text id="nev12666280n3-nev12667117n1" textId="1002451" type="carcom"/></extension></node><node class="Components.Constant" id="nev12666280n3-nev12677073n1" nodeid="Constant2" x="697" y="831"><property class="String" id="nev12666280n3-nev12677074n1" name="Text" type="Out" value="Däcktryckssensor 2" visible="1"/><extension id="nev12666280n3-nev12677075n1"><text id="nev12666280n3-nev12667121n1" textId="1002452" type="carcom"/></extension></node><node class="Components.Constant" id="nev12666280n3-nev12677076n1" nodeid="Constant3" x="550" y="864"><property class="String" id="nev12666280n3-nev12677077n1" name="Text" type="Out" value="Däcktryckssensor 4" visible="1"/><extension id="nev12666280n3-nev12677078n1"><text id="nev12666280n3-nev12667125n1" textId="1002454" type="carcom"/></extension></node><node class="Components.Constant" id="nev12666280n3-nev12677079n1" nodeid="Constant4" x="356" y="986"><property class="String" id="nev12666280n3-nev12677080n1" name="Text" type="Out" value="Däcktryckssensor 4" visible="1"/><extension id="nev12666280n3-nev12677081n1"><text id="nev12666280n3-nev12667129n1" textId="1002454" type="carcom"/></extension></node><node class="Components.ScriptButton" id="nev12666280n3-nev12677082n1" nodeid="Button1" x="18" y="959"><gui height="20" id="nev12666280n3-nev12677083n1" width="180" x="10" y="340"/><property class="String" id="nev12666280n3-nev12677084n1" name="Text" type="In" value="Läs ID" visible="1"/><property class="String" id="nev12666280n3-nev12677085n1" name="StartDisabled" type="Internal" value="false" visible="1"/><property class="String" id="nev12666280n3-nev12677086n1" name="StartVisible" type="Internal" value="true" visible="1"/><extension id="nev12666280n3-nev12677087n1"><phrase category="Faulttracing" id="nev12666280n3-nev12666314n1" phrase-urn="urn:x-nevis:phrase:0800c8af81eab4c6">Read off parameters.</phrase></extension></node><node class="Components.Gui.ParameterList" id="nev12666280n3-nev12677088n1" nodeid="ParameterList1" x="160" y="988"><gui height="120" id="nev12666280n3-nev12677089n1" width="500" x="10" y="205"/><property class="String" id="nev12666280n3-nev12677090n1" name="ShowValues" type="Internal" value="True" visible="0"/><property class="Parameter" id="nev12666280n3-nev12677091n1" name="Parameter" type="Out" value="" visible="1"/><property class="String" id="nev12666280n3-nev12677092n1" name="StartVisible" type="Internal" value="true" visible="1"/><extension id="nev12666280n3-nev12677093n1"><identifier ecu="372304" ecuMode="EcuType" id="nev12666280n3-nev12677094n1" read="17" type="REID" value="AAAA"><parameter id="nev12666280n3-nev12677095n1" name="Sensor ID 1" textid="1003583"/></identifier><identifier ecu="372304" ecuMode="EcuType" id="nev12666280n3-nev12677096n1" read="17" type="REID" value="AAAB"><parameter id="nev12666280n3-nev12677097n1" name="Sensor ID 2" textid="1003584"/></identifier><identifier ecu="372304" ecuMode="EcuType" id="nev12666280n3-nev12677098n1" read="17" type="REID" value="AAAC"><parameter id="nev12666280n3-nev12677099n1" name="Sensor ID 3" textid="1003585"/></identifier><identifier ecu="372304" ecuMode="EcuType" id="nev12666280n3-nev12677100n1" read="17" type="REID" value="AAAD"><parameter id="nev12666280n3-nev12677101n1" name="Sensor ID 4" textid="1003586"/></identifier></extension></node></nodes><handlers id="nev12666280n3-nev12677102n1"><eventhandler id="nev12666280n3-nev12677103n1" name="OnPositiveResponse" node="VehComm1"><call id="nev12666280n3-nev12677104n1" method="Green" node="SetFlag1"/><call id="nev12666280n3-nev12677105n1" method="Trigger" node="EmptyConstant"/></eventhandler><eventhandler id="nev12666280n3-nev12677106n1" name="OnNegativeResponse" node="VehComm1"><call id="nev12666280n3-nev12677107n1" method="Red" node="SetFlag1"/><call id="nev12666280n3-nev12677108n1" method="Trigger" node="NegRespConstant"/></eventhandler><eventhandler id="nev12666280n3-nev12677109n1" name="OnNoContact" node="VehComm1"><call id="nev12666280n3-nev12677110n1" method="Trigger" node="NoContactConstant"/><call id="nev12666280n3-nev12677111n1" method="Red" node="SetFlag1"/></eventhandler><eventhandler id="nev12666280n3-nev12677112n1" name="OnNoResponse" node="VehComm1"><call id="nev12666280n3-nev12677113n1" method="Yellow" node="SetFlag1"/><call id="nev12666280n3-nev12677114n1" method="Trigger" node="NoRespConstant"/></eventhandler><eventhandler id="nev12666280n3-nev12677115n1" name="Click" node="SetButton1"><call id="nev12666280n3-nev12677116n1" method="Execute" node="VehComm1"/></eventhandler><eventhandler id="nev12666280n3-nev12677117n1" name="Click" node="SetButton2"><call id="nev12666280n3-nev12677118n1" method="Execute" node="VehComm2"/></eventhandler><eventhandler id="nev12666280n3-nev12677119n1" name="OnPositiveResponse" node="VehComm2"><call id="nev12666280n3-nev12677120n1" method="Green" node="Flag1"/><call id="nev12666280n3-nev12677121n1" method="Trigger" node="EmptyConstant"/></eventhandler><eventhandler id="nev12666280n3-nev12677122n1" name="OnNoResponse" node="VehComm2"><call id="nev12666280n3-nev12677123n1" method="Yellow" node="Flag1"/><call id="nev12666280n3-nev12677124n1" method="Trigger" node="NoRespConstant"/></eventhandler><eventhandler id="nev12666280n3-nev12677125n1" name="OnNoContact" node="VehComm2"><call id="nev12666280n3-nev12677126n1" method="Trigger" node="NoContactConstant"/><call id="nev12666280n3-nev12677127n1" method="Red" node="Flag1"/></eventhandler><eventhandler id="nev12666280n3-nev12677128n1" name="OnNegativeResponse" node="VehComm2"><call id="nev12666280n3-nev12677129n1" method="Red" node="Flag1"/><call id="nev12666280n3-nev12677130n1" method="Trigger" node="NegRespConstant"/></eventhandler><eventhandler id="nev12666280n3-nev12677131n1" name="Click" node="SetButton3"><call id="nev12666280n3-nev12677132n1" method="Execute" node="VehComm3"/></eventhandler><eventhandler id="nev12666280n3-nev12677133n1" name="OnPositiveResponse" node="VehComm3"><call id="nev12666280n3-nev12677134n1" method="Green" node="Flag2"/><call id="nev12666280n3-nev12677135n1" method="Trigger" node="EmptyConstant"/></eventhandler><eventhandler id="nev12666280n3-nev12677136n1" name="OnNoResponse" node="VehComm3"><call id="nev12666280n3-nev12677137n1" method="Trigger" node="NoRespConstant"/><call id="nev12666280n3-nev12677138n1" method="Yellow" node="Flag2"/></eventhandler><eventhandler id="nev12666280n3-nev12677139n1" name="OnNoContact" node="VehComm3"><call id="nev12666280n3-nev12677140n1" method="Trigger" node="NoContactConstant"/><call id="nev12666280n3-nev12677141n1" method="Red" node="Flag2"/></eventhandler><eventhandler id="nev12666280n3-nev12677142n1" name="OnNegativeResponse" node="VehComm3"><call id="nev12666280n3-nev12677143n1" method="Red" node="Flag2"/><call id="nev12666280n3-nev12677144n1" method="Trigger" node="NegRespConstant"/></eventhandler><eventhandler id="nev12666280n3-nev12677145n1" name="OnPositiveResponse" node="VehComm4"><call id="nev12666280n3-nev12677146n1" method="Green" node="Flag3"/><call id="nev12666280n3-nev12677147n1" method="Trigger" node="EmptyConstant"/></eventhandler><eventhandler id="nev12666280n3-nev12677148n1" name="OnNoResponse" node="VehComm4"><call id="nev12666280n3-nev12677149n1" method="Yellow" node="Flag3"/><call id="nev12666280n3-nev12677150n1" method="Trigger" node="NoRespConstant"/></eventhandler><eventhandler id="nev12666280n3-nev12677151n1" name="OnNoContact" node="VehComm4"><call id="nev12666280n3-nev12677152n1" method="Trigger" node="NoContactConstant"/><call id="nev12666280n3-nev12677153n1" method="Red" node="Flag3"/></eventhandler><eventhandler id="nev12666280n3-nev12677154n1" name="OnNegativeResponse" node="VehComm4"><call id="nev12666280n3-nev12677155n1" method="Red" node="Flag3"/><call id="nev12666280n3-nev12677156n1" method="Trigger" node="NegRespConstant"/></eventhandler><eventhandler id="nev12666280n3-nev12677157n1" name="Click" node="Button4"><call id="nev12666280n3-nev12677158n1" method="Execute" node="VehComm4"/></eventhandler><eventhandler id="nev12666280n3-nev12677159n1" name="OnStart" node="Start"><call id="nev12666280n3-nev12677160n1" method="Yellow" node="SetFlag1"/><call id="nev12666280n3-nev12677161n1" method="Yellow" node="Flag1"/><call id="nev12666280n3-nev12677162n1" method="Yellow" node="Flag2"/><call id="nev12666280n3-nev12677163n1" method="Yellow" node="Flag3"/><call id="nev12666280n3-nev12677164n1" method="Trigger" node="Constant1"/><call id="nev12666280n3-nev12677165n1" method="Trigger" node="Constant2"/><call id="nev12666280n3-nev12677166n1" method="Trigger" node="Constant3"/><call id="nev12666280n3-nev12677167n1" method="Trigger" node="Constant4"/></eventhandler><eventhandler id="nev12666280n3-nev12677168n1" name="Click" node="Hide"><call id="nev12666280n3-nev12677169n1" method="CloseDialog" node="Script1"/></eventhandler><eventhandler id="nev12666280n3-nev12677170n1" name="Click" node="Button1"><call id="nev12666280n3-nev12677171n1" method="Read" node="ParameterList1"/></eventhandler><propertyhandler id="nev12666280n3-nev12677172n1" name="Result" node="VehComm1"/><propertyhandler id="nev12666280n3-nev12677173n1" name="Value" node="Sensor1Text"/><propertyhandler id="nev12666280n3-nev12677174n1" name="Value" node="Sensor2Text"/><propertyhandler id="nev12666280n3-nev12677175n1" name="Value" node="Sensor3Text"/><propertyhandler id="nev12666280n3-nev12677176n1" name="Value" node="Sensor4Text"/><propertyhandler id="nev12666280n3-nev12677177n1" name="Text" node="NoContactConstant"><set id="nev12666280n3-nev12677178n1" node="Label5" property="Text"/></propertyhandler><propertyhandler id="nev12666280n3-nev12677179n1" name="Text" node="NoRespConstant"><set id="nev12666280n3-nev12677180n1" node="Label5" property="Text"/></propertyhandler><propertyhandler id="nev12666280n3-nev12677181n1" name="Text" node="NegRespConstant"><set id="nev12666280n3-nev12677182n1" node="Label5" property="Text"/></propertyhandler><propertyhandler id="nev12666280n3-nev12677183n1" name="Text" node="EmptyConstant"><set id="nev12666280n3-nev12677184n1" node="Label5" property="Text"/></propertyhandler><propertyhandler id="nev12666280n3-nev12677185n1" name="Text" node="Constant1"><set id="nev12666280n3-nev12677186n1" node="Label1" property="Text"/></propertyhandler><propertyhandler id="nev12666280n3-nev12677187n1" name="Text" node="Constant2"><set id="nev12666280n3-nev12677188n1" node="Label2" property="Text"/></propertyhandler><propertyhandler id="nev12666280n3-nev12677189n1" name="Text" node="Constant3"><set id="nev12666280n3-nev12677190n1" node="Label3" property="Text"/></propertyhandler><propertyhandler id="nev12666280n3-nev12677191n1" name="Text" node="Constant4"><set id="nev12666280n3-nev12677192n1" node="Label4" property="Text"/></propertyhandler></handlers></content></script>