<?xml version="1.0" encoding="UTF-8"?><servinfosub IE-ID="en-US0900c8af8013491d" docno="VCC-131865" id="KC01143057" xml:lang="en-US">
<title>Switch, power w#@#@#27#acing</title>
<procedure>
<stepgrp id="KC01268916">
<title>Removal</title>
<procstep>
<title>Switch</title>
<grate>
<graphic id="KC08224841">
<href>0900c8af8005c1d#@#@#9#.jpeg</href>
</graphic>
<graphtext>
<list1 enumtype="d">
<item>
<ptxt>Remove the door#@#@#7# See <xref>
<ref id="KC08224842"/>
</xref>
</ptxt>
</item>
<item>
<ptxt>Disconnect the #@#@#4#ector</ptxt>
</item>
<item>
<ptxt>Release the cat#@#@#30#off. </ptxt>
</item>
</list1>
</graphtext>
</grate>
</procstep>
</stepgrp>
<stepgrp id="KC01268917">
<title>Installation</title>
<procstep>
<title>Switch</title>
<para>
<ptxt>In reverse order</ptxt>
</para>
</procstep>
</stepgrp>
</procedure>
</servinfosub>