<?xml version="1.0" encoding="UTF-8"?><servinfosub IE-ID="en-US0900c8af881adf05" docno="VCC-511691" id="nev29621145n1" xml:lang="en-US">
<title>
<phrase category="Title" id="nev29621145n2" phrase-urn="urn:x-nevis:phrase:0800c8af81eb9a54">Diagnostic trou#@#@#21#ation</phrase>
<phrase category="Prefix" id="nev29621145n3" phrase-urn="urn:x-nevis:phrase:0800c8af8015c3f5">ECM</phrase>-U230055</title>
<diagnostic j2008use="1" paperuse="1" screenuse="1" type="condition">
<condgrp>
<condition type="condition">
<para>
<ptxt>
<phrase category="DFEDI" id="nev29621145n4" phrase-urn="urn:x-nevis:phrase:0800c8af86b18718">The Engine Cont#@#@#86#ally.</phrase>
<phrase category="DFEDI" id="nev29621145n5" phrase-urn="urn:x-nevis:phrase:0800c8af8681ca43">The Central Ele#@#@#67#ters.</phrase>
<phrase category="DFEDI" id="nev29621145n6" phrase-urn="urn:x-nevis:phrase:0800c8af8681c9dc">The vehicle con#@#@#123# CAN.</phrase>
<phrase category="DFEDI" id="nev29621149n1" phrase-urn="urn:x-nevis:phrase:0800c8af86872914">When the contro#@#@#96#ters.</phrase>
</ptxt>
</para>
<para id="nev29621145n8">
<ptxt id="nev29621145n9">
<phrase category="DCRDI" id="nev29621145n10" phrase-urn="urn:x-nevis:phrase:0800c8af8681ca0d">The DTC is set #@#@#30#that:</phrase>
</ptxt>
</para>
<list1 id="nev29621146n1">
<item id="nev29621146n2">
<ptxt id="nev29621146n3">
<phrase category="DCRDI" id="nev29621150n1" phrase-urn="urn:x-nevis:phrase:0800c8af8684635d">No configuratio#@#@#76#dule.</phrase>
</ptxt>
</item>
</list1>
<para id="nev29621146n5">
<ptxt id="nev29621146n6">
<phrase category="Condition" id="nev29621146n7" phrase-urn="urn:x-nevis:phrase:0800c8af84001c60">The control mod#@#@#56#when:</phrase>
</ptxt>
</para>
<list1 id="nev29621146n8">
<item id="nev29621146n9">
<ptxt id="nev29621146n10">
<phrase category="TRCDI" id="nev29621147n1" phrase-urn="urn:x-nevis:phrase:0800c8af86a11839">The control mod#@#@#9#tive.</phrase>
</ptxt>
</item>
<item id="nev29621148n98">
<ptxt id="nev29621148n97">
<phrase category="TRCDI" id="nev29621151n1" phrase-urn="urn:x-nevis:phrase:0800c8af86a90a21">The control mod#@#@#88#time.</phrase>
</ptxt>
</item>
</list1>
<ptxt id="nev29621147n2"/>
<grate id="nev29621147n3"/>
</condition>
</condgrp>
<condgrp>
<condition type="substitution">
<list1 enumtype="d" type="unordered">
<item>
<ptxt>
<phrase category="" id="nev29621147n4" phrase-urn="urn:x-nevis:phrase:0800c8af823e70db">Nothing.</phrase>
</ptxt>
</item>
</list1>
</condition>
<ps>
<list1 enumtype="d" type="unordered">
<item>
<ptxt>
<phrase category="Possible source" id="nev29720878n1" phrase-urn="urn:x-nevis:phrase:0800c8af81eb94cc">Open-circuit in#@#@#31# bus.</phrase>
</ptxt>
</item>
<item id="nev29720877n99">
<ptxt id="nev29720877n98">
<phrase category="Faulttracing" id="nev29720879n1" phrase-urn="urn:x-nevis:phrase:0800c8af84b6a290">Incorrect softw#@#@#38#CEM).</phrase>
</ptxt>
</item>
<item id="nev29720877n97">
<ptxt id="nev29720877n96">
<phrase category="Faulttracing" id="nev29720880n1" phrase-urn="urn:x-nevis:phrase:0800c8af881e3a8a">Incorrect softw#@#@#34#ECM).</phrase>
</ptxt>
</item>
</list1>
</ps>
</condgrp>
<condgrp>
<condition type="symptom">
<list1 enumtype="d" type="unordered">
<item>
<ptxt>
<phrase category="Symptom" id="nev29621147n5" phrase-urn="urn:x-nevis:phrase:0800c8af822826c5">None.</phrase>
</ptxt>
</item>
</list1>
</condition>
</condgrp>
</diagnostic>
</servinfosub>