<?xml version="1.0" encoding="UTF-8"?><script xmlns:nevis="http://www.volvocars.com/namespaces/processing" xmlns:xlink="http://www.w3.org/1999/xlink" IE-ID="en-US0900c8af84564d02" docno="VCC-235790" id="nev10103655n1" nevis:expl-profile="mdl544yr2004eng166, mdl545yr2004eng166, mdl544yr2004eng177, mdl545yr2004eng177, mdl544yr2005eng166, mdl544yr2005eng177, mdl545yr2005eng166, mdl545yr2005eng177, mdl544yr2006eng177, mdl544yr2006eng166, mdl545yr2006eng177, mdl545yr2006eng166, mdl544yr2007eng166, mdl545yr2007eng166, mdl533yr2007eng166, mdl544yr2008eng166, mdl545yr2008eng166, mdl533yr2008eng166, mdl542yr2008eng166, mdl533yr2009eng166, mdl544yr2009eng166, mdl545yr2009eng166, mdl542yr2009eng166, mdl544yr2010eng166, mdl545yr2010eng166, mdl542yr2010eng166, mdl533yr2010eng166" nevis:profile="urn:x-nevis:profile:0b00c8af80c4b3c9 urn:x-nevis:profile:0b00c8af80c4b3cb urn:x-nevis:profile:0b00c8af8122e100 urn:x-nevis:profile:0b00c8af8122e105 urn:x-nevis:profile:0b00c8af81320255 urn:x-nevis:profile:0b00c8af8132025a urn:x-nevis:profile:0b00c8af8132025c urn:x-nevis:profile:0b00c8af8132025d urn:x-nevis:profile:0b00c8af82475ed2 urn:x-nevis:profile:0b00c8af82475ee0 urn:x-nevis:profile:0b00c8af82476355 urn:x-nevis:profile:0b00c8af8247636d urn:x-nevis:profile:0b00c8af82e5d03b urn:x-nevis:profile:0b00c8af82e5d367 urn:x-nevis:profile:0b00c8af83597193 urn:x-nevis:profile:0b00c8af839eaa67 urn:x-nevis:profile:0b00c8af839ead15 urn:x-nevis:profile:0b00c8af83aff6b5 urn:x-nevis:profile:0b00c8af83affa4d urn:x-nevis:profile:0b00c8af83f19e6a urn:x-nevis:profile:0b00c8af83f1a522 urn:x-nevis:profile:0b00c8af83f1a8e3 urn:x-nevis:profile:0b00c8af83f1adac urn:x-nevis:profile:0b00c8af8414dfba urn:x-nevis:profile:0b00c8af8414e28a urn:x-nevis:profile:0b00c8af841550a5 urn:x-nevis:profile:0b00c8af841552c3" nevis:projectdocument="urn:x-nevis:projectdocument:0800c8af81d5f9ba" nevis:resource="0900c8af8456511e" nevis:resource2="urn:x-nevis:fragment:0900c8af84564d02:0900c8af8456511e#nev10103655n1" nevis:session-id="" qualifierinfotype="14:00" type="" xml:lang="en-US"><title>Pressure sensor DPF</title><content gui="1" height="150" id="nev10103656n1-nev10103655n3" nevis:expl-profile="mdl544yr2004eng166, mdl545yr2004eng166, mdl544yr2004eng177, mdl545yr2004eng177, mdl544yr2005eng166, mdl544yr2005eng177, mdl545yr2005eng166, mdl545yr2005eng177, mdl544yr2006eng177, mdl544yr2006eng166, mdl545yr2006eng177, mdl545yr2006eng166, mdl544yr2007eng166, mdl545yr2007eng166, mdl533yr2007eng166, mdl544yr2008eng166, mdl545yr2008eng166, mdl533yr2008eng166, mdl542yr2008eng166, mdl533yr2009eng166, mdl544yr2009eng166, mdl545yr2009eng166, mdl542yr2009eng166, mdl544yr2010eng166, mdl545yr2010eng166, mdl542yr2010eng166, mdl533yr2010eng166" nevis:idfrom="nev10103656n1" nevis:prefix="nev10103656n1" nevis:profile="urn:x-nevis:profile:0b00c8af80c4b3c9 urn:x-nevis:profile:0b00c8af80c4b3cb urn:x-nevis:profile:0b00c8af8122e100 urn:x-nevis:profile:0b00c8af8122e105 urn:x-nevis:profile:0b00c8af81320255 urn:x-nevis:profile:0b00c8af8132025a urn:x-nevis:profile:0b00c8af8132025c urn:x-nevis:profile:0b00c8af8132025d urn:x-nevis:profile:0b00c8af82475ed2 urn:x-nevis:profile:0b00c8af82475ee0 urn:x-nevis:profile:0b00c8af82476355 urn:x-nevis:profile:0b00c8af8247636d urn:x-nevis:profile:0b00c8af82e5d03b urn:x-nevis:profile:0b00c8af82e5d367 urn:x-nevis:profile:0b00c8af83597193 urn:x-nevis:profile:0b00c8af839eaa67 urn:x-nevis:profile:0b00c8af839ead15 urn:x-nevis:profile:0b00c8af83aff6b5 urn:x-nevis:profile:0b00c8af83affa4d urn:x-nevis:profile:0b00c8af83f19e6a urn:x-nevis:profile:0b00c8af83f1a522 urn:x-nevis:profile:0b00c8af83f1a8e3 urn:x-nevis:profile:0b00c8af83f1adac urn:x-nevis:profile:0b00c8af8414dfba urn:x-nevis:profile:0b00c8af8414e28a urn:x-nevis:profile:0b00c8af841550a5 urn:x-nevis:profile:0b00c8af841552c3" nevis:resource="0900c8af84565122" nevis:resource2="urn:x-nevis:fragment:0900c8af84564d02:0900c8af84565122#nev10103655n3" width="400" xml:lang="en-US"><nodes id="nev10103656n1-nev13793467n1"><node class="Components.StartNode" id="nev10103656n1-nev13793468n1" nodeid="Start" x="17" y="58"/><node class="Components.Gui.ParameterLabel" id="nev10103656n1-nev13793469n1" nodeid="ParameterLabel1" x="504" y="63"><gui height="70" id="nev10103656n1-nev13793470n1" width="380" x="10" y="10"/><property class="Parameter" id="nev10103656n1-nev13793471n1" name="Parameter" type="In" value="" visible="1"/><property class="String" id="nev10103656n1-nev13793472n1" name="Title" type="In" value="" visible="1"/><property class="String" id="nev10103656n1-nev13793473n1" name="Value" type="In" value="" visible="1"/><property class="String" id="nev10103656n1-nev13793474n1" name="Unit" type="In" value="" visible="1"/><property class="String" id="nev10103656n1-nev13793475n1" name="StartVisible" type="Internal" value="true" visible="0"/></node><node class="Components.ScriptComponent" id="nev10103656n1-nev13793476n1" nodeid="ScriptComponent1" x="332" y="237"/><node class="Components.ScriptButton" id="nev10103656n1-nev13793477n1" nodeid="ScriptButton1" x="146" y="207"><gui height="30" id="nev10103656n1-nev13793478n1" width="110" x="280" y="100"/><property class="String" id="nev10103656n1-nev13793479n1" name="Text" type="In" value="Hide" visible="0"/><property class="String" id="nev10103656n1-nev13793480n1" name="StartDisabled" type="Internal" value="false" visible="1"/><property class="String" id="nev10103656n1-nev13793481n1" name="StartVisible" type="Internal" value="true" visible="1"/><extension id="nev10103656n1-nev13793482n1"><phrase category="Faulttracing" id="nev10103656n1-nev10103913n1" phrase-urn="urn:x-nevis:phrase:0800c8af81b6b138">Hide</phrase></extension></node><node class="Components.IdentifierComponent" id="nev10103656n1-nev13793483n1" nodeid="IdentifierComponent1" x="337" y="34"><property class="Parameter" id="nev10103656n1-nev13793484n1" name="Pressure sensor particulate trap" type="Out" value="" visible="1"/><extension id="nev10103656n1-nev13793485n1"><identifier ecu="284101" ecuMode="EcuType" id="nev10103656n1-nev13793486n1" read="4" type="REID" value="C90A"><parameter id="nev10103656n1-nev13793487n1" name="Pressure sensor particulate trap" textid="77459"/></identifier></extension></node><node class="Components.Repeater" id="nev10103656n1-nev13793488n1" nodeid="Repeater1" x="149" y="106"><property class="Int" id="nev10103656n1-nev13793489n1" name="Wait" type="Internal" value="500" visible="1"/><property class="Int" id="nev10103656n1-nev13793490n1" name="NoOfRepeats" type="Internal" value="0" visible="1"/></node></nodes><handlers id="nev10103656n1-nev13793491n1"><eventhandler id="nev10103656n1-nev13793492n1" name="OnStart" node="Start"><call id="nev10103656n1-nev13793493n1" method="UpdateTitles" node="IdentifierComponent1"/><call id="nev10103656n1-nev13793494n1" method="Start" node="Repeater1"/></eventhandler><eventhandler id="nev10103656n1-nev13793495n1" name="Click" node="ScriptButton1"><call id="nev10103656n1-nev13793496n1" method="CloseDialog" node="ScriptComponent1"/></eventhandler><eventhandler id="nev10103656n1-nev13793497n1" name="OnRepeat" node="Repeater1"><call id="nev10103656n1-nev13793498n1" method="Read" node="IdentifierComponent1"/></eventhandler><propertyhandler id="nev10103656n1-nev13793499n1" name="Pressure sensor particulate trap" node="IdentifierComponent1"><set id="nev10103656n1-nev13793500n1" node="ParameterLabel1" property="Parameter"/></propertyhandler></handlers></content></script>