<?xml version="1.0" encoding="UTF-8"?><diagnostic IE-ID="en-US0900c8af804c9d02" docno="VCC-128107" id="KC01643125" type="test" xml:lang="en-US">
<title>
<phrase category="" id="KC07830567" phrase-urn="urn:x-nevis:phrase:0800c8af81bdabde">Verification</phrase>
</title>
<testgrp IE-ID="en-US0900c8af804c9d02_KC01694903" id="KC01694903" j2008use="1" paperuse="1" resumable="1" screenuse="1" testgrp-id="verifnode" x="360" y="320">
<title>
<phrase category="" id="KC07830568" phrase-urn="urn:x-nevis:phrase:0800c8af81bdabdf">Verification</phrase>
</title>
<node>
<test1>
<hint>
<ptxt>
<phrase category="" id="KC07830569" phrase-urn="urn:x-nevis:phrase:0800c8af81bdabe0">After the repai#@#@#56#fied.</phrase>
</ptxt>
</hint>
<diaglist>
<dgraphic>
<dgraphic1>
<graphic id="KC07830570">
<href>0900c8af80054d3#@#@#9#.jpeg</href>
</graphic>
</dgraphic1>
<dgraphic2>
<graphic id="KC07830571">
<href>0900c8af80054d7#@#@#9#.jpeg</href>
</graphic>
</dgraphic2>
</dgraphic>
<ditem>
<ptxt>
<phrase category="" id="KC07830572" phrase-urn="urn:x-nevis:phrase:0800c8af81bdabe1">Ignition off.</phrase>
</ptxt>
</ditem>
<ditem>
<ptxt>
<phrase category="" id="KC07830573" phrase-urn="urn:x-nevis:phrase:0800c8af81bdabe2">Connect the con#@#@#31# etc.</phrase>
</ptxt>
</ditem>
<ditem>
<ptxt>
<phrase category="" id="KC07830574" phrase-urn="urn:x-nevis:phrase:0800c8af81bdabe3">Start the engin#@#@#95#3°F).</phrase>
</ptxt>
</ditem>
</diaglist>
<test2>
<para>
<ptxt>
<phrase category="" id="KC07830575" phrase-urn="urn:x-nevis:phrase:0800c8af81bdabe4">Inspect the fro#@#@#84# see <xref>
<ref id="KC07830576"/>
</xref>.</phrase>
</ptxt>
</para>
<diaglist>
<dgraphic>
<dgraphic2>
<graphic id="KC07830577">
<href>0900c8af86c8681#@#@#9#.jpeg</href>
</graphic>
<smarttool active="press" id="KC07830578" toolname="XF13A610"/>
</dgraphic2>
</dgraphic>
<ditem>
<ditemtext>
<ptxt>
<phrase category="" id="KC07830579" phrase-urn="urn:x-nevis:phrase:0800c8af81bdabe5"/>
</ptxt>
</ditemtext>
</ditem>
</diaglist>
</test2>
</test1>
<question>Is the front la#@#@#21#rect?</question>
<resact-grp>
<result button="ok" comp="button" highlight="0"/>
<action j2008use="1" paperuse="1" screenuse="1">
<return value="VERIFIED"/>
</action>
</resact-grp>
<resact-grp>
<result button="notok" comp="button" highlight="0"/>
<action j2008use="1" paperuse="0" screenuse="1">
<return value="VERIFICATION FAILED"/>
</action>
<action j2008use="0" paperuse="1" screenuse="0">
<return value="PAPER"/>
</action>
</resact-grp>
</node>
</testgrp>
</diagnostic>