<?xml version="1.0" encoding="UTF-8"?><servinfosub IE-ID="en-US0900c8af8321cd02" docno="VCC-121803" id="KC01107203" xml:lang="en-US">
<title id="nev11253141n250">Connecting the #@#@#7#t box</title>
<list1 enumtype="d" id="nev11253141n248" type="unordered">
<title id="nev11253141n246">S80</title>
<item id="nev11253141n244">
<ptxt id="nev11253141n242">For model year #@#@#6# see <xref id="nev11253141n240">
<ref id="KC06167608"/>
</xref>.</ptxt>
</item>
<item id="nev11253141n235">
<ptxt id="nev11253141n233">For model year #@#@#10# see <xref id="nev11253141n231">
<ref id="KC06167609"/>
</xref>.</ptxt>
</item>
<item id="nev11253141n176">
<ptxt id="nev11253141n138">For model year #@#@#6# see <xref id="nev11253141n100">
<ref id="nev11253150n234"/>
</xref>.</ptxt>
</item>
</list1>
<list1 enumtype="d" id="nev11253141n226" type="unordered">
<title id="nev11253141n224">S60, V70 2000-,#@#@#13#/XC70</title>
<item id="nev11253141n222">
<ptxt id="nev11253141n220">For model year #@#@#6# see <xref id="nev11253141n218">
<ref id="KC06167610"/>
</xref>.</ptxt>
</item>
<item id="nev11253141n213">
<ptxt id="nev11253141n211">For model year #@#@#10# see <xref id="nev11253141n209">
<ref id="KC06167611"/>
</xref>.</ptxt>
</item>
<item id="nev11253150n171">
<ptxt id="nev11253150n170">For model year #@#@#6# see <xref id="nev11253150n169">
<ref id="nev11253150n168"/>
</xref>.</ptxt>
</item>
</list1>
<list1 enumtype="d" id="nev11253141n204" type="unordered">
<title id="nev11253141n202">XC90</title>
<item id="nev11253141n200">
<ptxt id="nev11253141n198">For model year #@#@#10# see <xref id="nev11253141n196">
<ref id="KC06167612"/>
</xref>.</ptxt>
</item>
<item id="nev11253150n127">
<ptxt id="nev11253150n126">For model year #@#@#6# see <xref id="nev11253150n125">
<ref id="nev11253150n124"/>
</xref>.</ptxt>
</item>
</list1>
</servinfosub>