<?xml version="1.0" encoding="UTF-8"?><servinfosub IE-ID="en-US0900c8af878add02" docno="VCC-500064" id="nev27165493n1" xml:lang="en-US">
<title>
<phrase category="Title" id="nev27165493n2" phrase-urn="urn:x-nevis:phrase:0800c8af81ea4c43">Fault-tracing i#@#@#5#ation</phrase>
</title>
<diagnostic j2008use="1" layout="0" paperuse="1" screenuse="1" type="test">
<testgrp IE-ID="en-US0900c8af878add02_nev27165493n3" id="nev27165493n3" j2008use="1" paperuse="1" resumable="1" screenuse="1" testgrp-id="node1" x="160" y="80">
<title>
<phrase category="Title" id="nev27165742n1" phrase-urn="urn:x-nevis:phrase:0800c8af878ad6ae">Check of perfor#@#@#27#ystem</phrase>
</title>
<node>
<test1>
<test2>
<para id="nev27165493n5">
<ptxt id="nev27165493n6">
<phrase category="Faulttracing" id="nev27165743n1" phrase-urn="urn:x-nevis:phrase:0800c8af878ad73a">Perform checks #@#@#27#elow.</phrase>
</ptxt>
</para>
<list1 enumtype="n" id="nev27165741n99">
<item id="nev27165741n98">
<ptxt id="nev27165741n97">
<phrase category="Faulttracing" id="nev27165744n1" phrase-urn="urn:x-nevis:phrase:0800c8af878ad73b">Test drive the #@#@#43#oise.</phrase>
</ptxt>
</item>
<item id="nev27165741n95">
<ptxt id="nev27165741n94">
<phrase category="Faulttracing" id="nev27165745n1" phrase-urn="urn:x-nevis:phrase:0800c8af878ad73c">Read all DTCs t#@#@#124#ger).</phrase>
</ptxt>
</item>
<item id="nev27165741n93">
<ptxt id="nev27165741n92">
<phrase category="Faulttracing" id="nev27165746n1" phrase-urn="urn:x-nevis:phrase:0800c8af878ad73d">Fault trace air#@#@#49# acc.</phrase>
<xref id="nev27165741n87">
<ref id="l1481691462995"/>
</xref>
</ptxt>
</item>
<item id="nev27165741n91">
<ptxt id="nev27165741n90">
<phrase category="Faulttracing" id="nev27165747n1" phrase-urn="urn:x-nevis:phrase:0800c8af878ad73e">If no fault is #@#@#111#ment.</phrase>
</ptxt>
</item>
</list1>
<para id="nev27165493n8">
<ptxt id="nev27165493n9">
<phrase category="Faulttracing" id="nev27165748n1" phrase-urn="urn:x-nevis:phrase:0800c8af81ea4b6b">Remedy as necessary.</phrase>
</ptxt>
</para>
</test2>
</test1>
<question>
Select "Contin#@#@#8#xit.
</question>
<resact-grp>
<result button="cont" comp="button" highlight="0"/>
<action j2008use="1" paperuse="1" screenuse="1">
<return value="DONE"/>
</action>
</resact-grp>
</node>
</testgrp>
</diagnostic>
</servinfosub>