<?xml version="1.0" encoding="UTF-8"?><servinfosub IE-ID="en-US0900c8af80535d02" docno="VCC-134161" id="KC01653122" xml:lang="en-US">
<title>
<phrase category="" id="KC08819664" phrase-urn="urn:x-nevis:phrase:0800c8af820c6cd8">Checking the ga#@#@#15#itch </phrase>
</title>
<diagnostic paperuse="0" type="test">
<testgrp IE-ID="en-US0900c8af80535d02_KC08819663" id="KC08819663" j2008use="1" paperuse="0" resumable="1" screenuse="1" testgrp-id="id_vida" x="200" y="120">
<title>
<phrase category="" id="KC08819665" phrase-urn="urn:x-nevis:phrase:0800c8af820c6cd9">Final check</phrase>
</title>
<node>
<test1>
<diaglist>
<dgraphic>
<dgraphic1>
<graphic id="KC08819666">
<href>0900c8af80054d3#@#@#9#.jpeg</href>
</graphic>
</dgraphic1>
<dgraphic2>
<graphic id="KC08819667">
<href>0900c8af80054d7#@#@#9#.jpeg</href>
</graphic>
</dgraphic2>
</dgraphic>
<ditem>
<ptxt>
<phrase category="" id="KC08819668" phrase-urn="urn:x-nevis:phrase:0800c8af820c6cda">Ignition off</phrase>
</ptxt>
</ditem>
<ditem>
<ptxt>
<phrase category="" id="KC08819669" phrase-urn="urn:x-nevis:phrase:0800c8af820c6cdb">Reconnect the c#@#@#31# etc.</phrase>
</ptxt>
</ditem>
<ditem>
<ptxt>
<phrase category="" id="KC08819670" phrase-urn="urn:x-nevis:phrase:0800c8af820c6cdc">Start the engine</phrase>
</ptxt>
</ditem>
<ditem>
<ptxt>
<phrase category="" id="KC08819671" phrase-urn="urn:x-nevis:phrase:0800c8af820c6cdd">Press the gas /#@#@#12#itch.</phrase>
</ptxt>
</ditem>
</diaglist>
<test2>
<para>
<ptxt>
<phrase category="" id="KC08819672" phrase-urn="urn:x-nevis:phrase:0800c8af820c6cde">Check that the #@#@#101#ower.</phrase>
</ptxt>
</para>
<para>
<ptxt>
<phrase category="" id="KC08819673" phrase-urn="urn:x-nevis:phrase:0800c8af820c6cdf">Check that the #@#@#57#ased.</phrase>
</ptxt>
</para>
<hint>
<ptxt>
<phrase category="" id="KC08819674" phrase-urn="urn:x-nevis:phrase:0800c8af820c6ce0">Check that the #@#@#24#jam. </phrase>
</ptxt>
</hint>
<para>
<ptxt>
<phrase category="" id="KC08819675" phrase-urn="urn:x-nevis:phrase:0800c8af820c6ce1">The switch is O#@#@#37#und. </phrase>
</ptxt>
</para>
<diaglist>
<dgraphic>
<dgraphic2>
<graphic id="KC08819676">
<href>0900c8af86c8681#@#@#9#.jpeg</href>
</graphic>
<smarttool active="press" id="KC08819677" toolname="XLPGA611"/>
</dgraphic2>
</dgraphic>
<ditem>
<ditemtext>
<ptxt>
<phrase category="" id="KC08819678" phrase-urn="urn:x-nevis:phrase:0800c8af820c6ce2"/>
</ptxt>
</ditemtext>
</ditem>
</diaglist>
</test2>
</test1>
<question>Is the function OK?</question>
<resact-grp>
<result button="yes" comp="button" highlight="0"/>
<action j2008use="1" paperuse="1" screenuse="1">
<return value="VERIFIED"/>
</action>
</resact-grp>
<resact-grp>
<result button="no" comp="button" highlight="0"/>
<action j2008use="1" paperuse="1" screenuse="1">
<return value="VERIFICATION FAILED"/>
</action>
</resact-grp>
</node>
</testgrp>
</diagnostic>
</servinfosub>