<?xml version="1.0" encoding="UTF-8"?><diagnostic IE-ID="en-US0900c8af838ec20d" docno="VCC-156040" id="KC03091396" j2008use="1" layout="0" paperuse="1" screenuse="1" type="test" xml:lang="en-US">
<title>
<phrase category="Title" id="nev12261518n1" phrase-urn="urn:x-nevis:phrase:0800c8af81eb9dd1">Verification</phrase>
</title>
<testgrp IE-ID="en-US0900c8af838ec20d_KC03091402" id="KC03091402" j2008use="1" paperuse="1" resumable="1" screenuse="1" testgrp-id="verifnode" x="240" y="120">
<title>
<phrase category="Title" id="nev12286878n1" phrase-urn="urn:x-nevis:phrase:0800c8af81eb9dd1">Verification</phrase>
</title>
<node>
<test1>
<hint>
<ptxt id="nev12286877n100">
<phrase category="Preparatory" id="nev12286891n1" phrase-urn="urn:x-nevis:phrase:0800c8af81eb9729">After carrying #@#@#50#died.</phrase>
</ptxt>
</hint>
<diaglist>
<dgraphic>
<dgraphic1>
<graphic id="KC09511475">
<href>0900c8af80054d5#@#@#9#.jpeg</href>
</graphic>
</dgraphic1>
<dgraphic2>
<graphic id="KC09511476">
<href>0900c8af80054d7#@#@#9#.jpeg</href>
</graphic>
</dgraphic2>
</dgraphic>
<ditem>
<ptxt id="nev12286877n98">
<phrase category="Preparatory" id="nev12286892n1" phrase-urn="urn:x-nevis:phrase:0800c8af81e9eaf8">Ignition off.</phrase>
</ptxt>
</ditem>
<ditem>
<ptxt id="nev12286877n96">
<phrase category="Preparatory" id="nev12286893n1" phrase-urn="urn:x-nevis:phrase:0800c8af81eabc2f">Reinstall the c#@#@#21# etc.</phrase>
</ptxt>
</ditem>
<ditem>
<ptxt id="nev12286877n94">
<phrase category="Preparatory" id="nev12286895n1" phrase-urn="urn:x-nevis:phrase:0800c8af8031b478">Ignition on.</phrase>
</ptxt>
</ditem>
<ditem>
<ptxt id="nev12286877n92">
<phrase category="Preparatory" id="nev12286896n1" phrase-urn="urn:x-nevis:phrase:0800c8af81eb97da">Gear selector i#@#@#8#on P.</phrase>
</ptxt>
</ditem>
<ditem>
<ptxt id="nev12286877n90">
<phrase category="Faulttracing" id="nev12286900n1" phrase-urn="urn:x-nevis:phrase:0800c8af81eab3ea">Check whether c#@#@#101#atus.</phrase>
</ptxt>
</ditem>
</diaglist>
<test2>
<para>
<ptxt id="nev12286877n87">
<phrase category="Faulttracing" id="nev12287081n1" phrase-urn="urn:x-nevis:phrase:0800c8af81eab472">Connect and dis#@#@#39#itch.</phrase>
<phrase category="Faulttracing" id="nev12287082n1" phrase-urn="urn:x-nevis:phrase:0800c8af82264d74">The status shou#@#@#5#ange.</phrase>
</ptxt>
</para>
<diaglist>
<dgraphic>
<dgraphic2>
<graphic id="KC09511483">
<href>0900c8af86c8681#@#@#9#.jpeg</href>
</graphic>
<smarttool active="press" id="KC09511484" toolname="YTCMA629"/>
</dgraphic2>
</dgraphic>
</diaglist>
</test2>
</test1>
<question>
Does the statu#@#@#5#nge?
</question>
<resact-grp>
<result button="yes" comp="button" highlight="0"/>
<action j2008use="1" paperuse="1" screenuse="1">
<return value="VERIFIED"/>
</action>
</resact-grp>
<resact-grp>
<result button="no" comp="button" highlight="0"/>
<action j2008use="1" paperuse="1" screenuse="1">
<return value="VERIFICATION FAILED"/>
</action>
</resact-grp>
</node>
</testgrp>
</diagnostic>