<?xml version="1.0" encoding="UTF-8"?><servinfosub IE-ID="en-US0900c8af86e7e20d" docno="VCC-471620" id="nev21237179n1" original="sv-SE" servinfosubId="nev21237180n1-nev23828695n1" servinfosubRes="0900c8af86e809e4" servinfosubRes2="urn:x-nevis:fragment:0900c8af86e7e20d:0900c8af86e809e4#nev23828695n1" xml:lang="en-US">
<operationnumbers>
<operationnumber>87446-2</operationnumber>
</operationnumbers>
<title id="nev21237179n2">Rear climate un#@#@#27# pipe</title>
<procedure id="nev21237180n1-nev23832825n2">
<stepgrp boilerplate="false" context="" id="nev21237180n1-nev23837264n55">
<title id="nev21237180n1-0800c8af844a46f6">Removal</title>
<procstep id="nev21237180n1-nev23832825n5">
<note id="nev21237180n1-0800c8af844a42fa">
<ptxt>Removal steps i#@#@#45#ails.</ptxt>
</note>
</procstep>
<procstep id="nev21237180n1-nev23832825n8">
<para id="nev21237180n1-nev23837264n53">
<ptxt id="nev21237180n1-nev23837264n54">Drain the refri#@#@#1#erant<xref boilerplate="true" id="nev21237180n1-0800c8af84530c38">
<ref id="nev21237180n1-nev23832826n3"/>
</xref>
</ptxt>
</para>
</procstep>
<procstep id="nev21237180n1-nev23832826n4">
<para id="nev21237180n1-nev23837264n51">
<ptxt id="nev21237180n1-nev23837264n52">Remove the seco#@#@#18#el RH<xref boilerplate="true" id="nev21237180n1-0800c8af84f19dc2">
<ref id="nev21237180n1-nev23832826n9"/>
</xref>
</ptxt>
</para>
</procstep>
<procstep id="nev21237180n1-nev23832856n68">
<grate id="nev21237180n1-nev23837264n49">
<graphic id="nev21237180n1-nev23837264n50">
<href>0900c8af86e7d41#@#@#9#.jpeg</href>
</graphic>
<graphtext id="nev21237180n1-nev23837474n1">
<para id="nev21237180n1-nev23837264n47">
<ptxt id="nev21237180n1-nev23837264n48">Disconnect the #@#@#6#tors.</ptxt>
</para>
<para id="nev21237180n1-nev23837264n45">
<ptxt id="nev21237180n1-nev23837264n46">Remove the cabl#@#@#11#lips.</ptxt>
</para>
</graphtext>
</grate>
</procstep>
<procstep id="nev21237180n1-nev23832856n61">
<grate id="nev21237180n1-nev23837264n43">
<graphic id="nev21237180n1-nev23837264n44">
<href>0900c8af86e7d41#@#@#9#.jpeg</href>
</graphic>
<graphtext id="nev21237180n1-nev23837478n1">
<para id="nev21237180n1-nev23837264n41">
<ptxt id="nev21237180n1-nev23837264n42">Remove the nuts.</ptxt>
</para>
<para id="nev21237180n1-nev23837264n39">
<ptxt id="nev21237180n1-nev23837264n40">
<torque id="nev21237180n1-nev23832856n56">
<ref id="nev21237180n1-nev23832856n54"/>
</torque>
</ptxt>
</para>
</graphtext>
</grate>
</procstep>
<procstep id="nev21237180n1-nev23832856n52">
<grate id="nev21237180n1-nev23837264n37">
<graphic id="nev21237180n1-nev23837264n38">
<href>0900c8af86e7d41#@#@#9#.jpeg</href>
</graphic>
<graphtext id="nev21237180n1-nev23837485n1">
<para id="nev21237180n1-nev23837264n35">
<ptxt id="nev21237180n1-nev23837264n36">Loosen the clip.</ptxt>
</para>
<para id="nev21237180n1-nev23837264n33">
<ptxt id="nev21237180n1-nev23837264n34">Remove the nuts.</ptxt>
</para>
<para id="nev21237180n1-nev23837264n31">
<ptxt id="nev21237180n1-nev23837264n32">
<torque id="nev21237180n1-nev23832856n45">
<ref id="nev21237180n1-nev23832856n43"/>
</torque>
</ptxt>
</para>
</graphtext>
</grate>
</procstep>
<procstep id="nev21237180n1-nev23832856n41">
<grate id="nev21237180n1-nev23837264n29">
<graphic id="nev21237180n1-nev23837264n30">
<href>0900c8af86e7d4a#@#@#9#.jpeg</href>
</graphic>
<graphtext id="nev21237180n1-nev23837492n1">
<list1 enumtype="n" id="nev21237180n1-nev23832856n38" type="ordered">
<item id="nev21237180n1-nev23837264n28">
<ptxt id="nev21237180n1-nev23837264n27">Remove the part#@#@#5#fully</ptxt>
</item>
<item id="nev21237180n1-nev23837264n26">
<ptxt id="nev21237180n1-nev23837264n25">Fold marked par#@#@#3#side.</ptxt>
</item>
</list1>
</graphtext>
</grate>
</procstep>
<procstep id="nev21237180n1-nev23832826n10">
<grate id="nev21237180n1-nev23837264n23">
<graphic id="nev21237180n1-nev23837264n24">
<href>0900c8af865a6a1#@#@#9#.jpeg</href>
</graphic>
<graphtext id="nev21237180n1-nev23837496n1">
<note id="nev21237180n1-0800c8af85b47f49">
<ptxt>Orientation view</ptxt>
</note>
</graphtext>
</grate>
</procstep>
<procstep id="nev21237180n1-nev23832827n6">
<grate id="nev21237180n1-nev23837264n21">
<graphic id="nev21237180n1-nev23837264n22">
<href>0900c8af86996cc#@#@#9#.jpeg</href>
</graphic>
<graphtext id="nev21237180n1-nev23837500n1">
<caution id="nev21237180n1-0800c8af844a410a">
<ptxt>Make sure that #@#@#19#aled.</ptxt>
</caution>
<para id="nev21237180n1-nev23837264n19">
<ptxt id="nev21237180n1-nev23837264n20">Remove the nut.</ptxt>
</para>
<para id="nev21237180n1-nev23837264n17">
<ptxt id="nev21237180n1-nev23837264n18">Loosen the mark#@#@#13#ails.</ptxt>
</para>
<para id="nev21237180n1-nev23837264n15">
<ptxt id="nev21237180n1-nev23837264n16">
<torque id="nev21237180n1-nev23832828n10">
<ref id="nev21237180n1-nev23832829n1"/>
</torque>
</ptxt>
</para>
</graphtext>
</grate>
</procstep>
<procstep id="nev21237180n1-nev23832829n2">
<para id="nev21237180n1-nev23837264n13">
<ptxt id="nev21237180n1-nev23837264n14">Remove left-han#@#@#21#front<xref boilerplate="true" id="nev21237180n1-0800c8af86924620">
<ref id="nev21237180n1-nev23832829n7"/>
</xref>
</ptxt>
</para>
</procstep>
<procstep id="nev21237180n1-nev23832829n8">
<para id="nev21237180n1-nev23837264n11">
<ptxt id="nev21237180n1-nev23837264n12">Remove left fro#@#@#2# seat<xref boilerplate="true" id="nev21237180n1-0800c8af851dd5ae">
<ref id="nev21237180n1-nev23832830n3"/>
</xref>
</ptxt>
</para>
</procstep>
<procstep id="nev21237180n1-nev23832830n4">
<grate id="nev21237180n1-nev23837264n9">
<graphic id="nev21237180n1-nev23837264n10">
<href>0900c8af8692f66#@#@#9#.jpeg</href>
</graphic>
<graphtext id="nev21237180n1-nev23837513n1">
<para id="nev21237180n1-nev23837264n7">
<ptxt id="nev21237180n1-nev23837264n8">Remove the part#@#@#5#fully</ptxt>
</para>
<para id="nev21237180n1-nev23837264n5">
<ptxt id="nev21237180n1-nev23837264n6">Remove the panel.</ptxt>
</para>
</graphtext>
</grate>
</procstep>
<procstep id="nev21237180n1-nev23832831n4">
<grate id="nev21237180n1-nev23837264n3">
<graphic id="nev21237180n1-nev23837264n4">
<href>0900c8af8692f66#@#@#9#.jpeg</href>
</graphic>
<graphtext id="nev21237180n1-nev23837517n1">
<para id="nev21237180n1-nev23837264n1">
<ptxt id="nev21237180n1-nev23837264n2">Remove the mark#@#@#3#part.</ptxt>
</para>
</graphtext>
</grate>
</procstep>
<procstep id="nev21237180n1-nev23832832n1">
<para id="nev21237180n1-nev23837463n99">
<ptxt id="nev21237180n1-nev23837463n100">Remove glove co#@#@#4#tment<xref boilerplate="true" id="nev21237180n1-0800c8af8450d560">
<ref id="nev21237180n1-nev23832832n6"/>
</xref>
</ptxt>
</para>
</procstep>
<procstep id="nev21237180n1-nev23832832n7">
<grate id="nev21237180n1-nev23837463n97">
<graphic id="nev21237180n1-nev23837463n98">
<href>0900c8af8692f77#@#@#9#.jpeg</href>
</graphic>
<graphtext id="nev21237180n1-nev23837524n1">
<para id="nev21237180n1-nev23837463n95">
<ptxt id="nev21237180n1-nev23837463n96">Fold the carpet#@#@#2#side.</ptxt>
</para>
</graphtext>
</grate>
</procstep>
<procstep id="nev21237180n1-nev23832833n4">
<grate id="nev21237180n1-nev23837463n93">
<graphic id="nev21237180n1-nev23837463n94">
<href>0900c8af8692f77#@#@#9#.jpeg</href>
</graphic>
<graphtext id="nev21237180n1-nev23837528n1">
<para id="nev21237180n1-nev23837463n91">
<ptxt id="nev21237180n1-nev23837463n92">Fold the carpet#@#@#2#side.</ptxt>
</para>
</graphtext>
</grate>
</procstep>
<procstep id="nev21237180n1-nev23832834n1">
<grate id="nev21237180n1-nev23837463n89">
<graphic id="nev21237180n1-nev23837463n90">
<href>0900c8af86924dc#@#@#9#.jpeg</href>
</graphic>
<graphtext id="nev21237180n1-nev23837532n1">
<para id="nev21237180n1-nev23837463n87">
<ptxt id="nev21237180n1-nev23837463n88">Remove the mark#@#@#13#ails.</ptxt>
</para>
</graphtext>
</grate>
</procstep>
<procstep id="nev21237180n1-nev23832834n8">
<grate id="nev21237180n1-nev23837463n85">
<graphic id="nev21237180n1-nev23837463n86">
<href>0900c8af8694992#@#@#9#.jpeg</href>
</graphic>
<graphtext id="nev21237180n1-nev23837536n1">
<note id="nev21237180n1-0800c8af85b47f49">
<ptxt>Orientation view</ptxt>
</note>
</graphtext>
</grate>
</procstep>
<procstep id="nev21237180n1-nev23832835n4">
<grate id="nev21237180n1-nev23837463n83">
<graphic id="nev21237180n1-nev23837463n84">
<href>0900c8af86949c3#@#@#9#.jpeg</href>
</graphic>
<graphtext id="nev21237180n1-nev23837540n1">
<caution id="nev21237180n1-0800c8af85164fe2">
<ptxt>Make sure not t#@#@#38#ents.</ptxt>
</caution>
<para id="nev21237180n1-nev23837463n81">
<ptxt id="nev21237180n1-nev23837463n82">Make a cut in t#@#@#9#tion.</ptxt>
</para>
<para id="nev21237180n1-nev23837463n79">
<ptxt id="nev21237180n1-nev23837463n80">Fold the insula#@#@#6#side.</ptxt>
</para>
</graphtext>
</grate>
</procstep>
<procstep id="nev21237180n1-nev23832836n6">
<grate id="nev21237180n1-nev23837463n77">
<graphic id="nev21237180n1-nev23837463n78">
<href>0900c8af8694986#@#@#9#.jpeg</href>
</graphic>
<graphtext id="nev21237180n1-nev23837544n1">
<para id="nev21237180n1-nev23837463n75">
<ptxt id="nev21237180n1-nev23837463n76">Loosen the clip.</ptxt>
</para>
</graphtext>
</grate>
</procstep>
<procstep id="nev21237180n1-nev23832837n3">
<grate id="nev21237180n1-nev23837463n73">
<graphic id="nev21237180n1-nev23837463n74">
<href>0900c8af86982d5#@#@#9#.jpeg</href>
</graphic>
<graphtext id="nev21237180n1-nev23837548n1">
<caution id="nev21237180n1-0800c8af844a410a">
<ptxt>Make sure that #@#@#19#aled.</ptxt>
</caution>
<para id="nev21237180n1-nev23837463n71">
<ptxt id="nev21237180n1-nev23837463n72">Remove the part#@#@#5#fully</ptxt>
</para>
</graphtext>
</grate>
</procstep>
<procstep id="nev21237180n1-nev23832838n2">
<grate id="nev21237180n1-nev23837463n69">
<graphic id="nev21237180n1-nev23837463n70">
<href>0900c8af86982d6#@#@#9#.jpeg</href>
</graphic>
<graphtext id="nev21237180n1-nev23837552n1">
<para id="nev21237180n1-nev23837463n67">
<ptxt id="nev21237180n1-nev23837463n68">Remove the mark#@#@#3#part.</ptxt>
</para>
</graphtext>
</grate>
</procstep>
<procstep id="nev21237180n1-nev23832838n9">
<grate id="nev21237180n1-nev23837463n65">
<graphic id="nev21237180n1-nev23837463n66">
<href>0900c8af86982d6#@#@#9#.jpeg</href>
</graphic>
<graphtext id="nev21237180n1-nev23837556n1">
<para id="nev21237180n1-nev23837463n63">
<ptxt id="nev21237180n1-nev23837463n64">Loosen the clips.</ptxt>
</para>
</graphtext>
</grate>
</procstep>
<procstep id="nev21237180n1-nev23832839n6">
<para id="nev21237180n1-nev23837463n61">
<ptxt id="nev21237180n1-nev23837463n62">Remove left-han#@#@#20# rear<xref boilerplate="true" id="nev21237180n1-0800c8af8692460d">
<ref id="nev21237180n1-nev23832840n1"/>
</xref>
</ptxt>
</para>
</procstep>
<procstep id="nev21237180n1-nev23832840n2">
<para id="nev21237180n1-nev23837463n59">
<ptxt id="nev21237180n1-nev23837463n60">Remove left sid#@#@#19#space<xref boilerplate="true" id="nev21237180n1-0800c8af84c92eb5">
<ref id="nev21237180n1-nev23832840n7"/>
</xref>
</ptxt>
</para>
</procstep>
<procstep id="nev21237180n1-nev23832840n8">
<para id="nev21237180n1-nev23837463n57">
<ptxt id="nev21237180n1-nev23837463n58">See information#@#@#15#rview<xref boilerplate="true" id="nev21237180n1-0800c8af866f0b67">
<ref id="nev21237180n1-nev23832841n3"/>
</xref>
</ptxt>
</para>
</procstep>
<procstep id="nev21237180n1-nev23832841n4">
<grate id="nev21237180n1-nev23837463n55">
<graphic id="nev21237180n1-nev23837463n56">
<href>0900c8af8692fac#@#@#9#.jpeg</href>
</graphic>
<graphtext id="nev21237180n1-nev23837569n1">
<para id="nev21237180n1-nev23837463n53">
<ptxt id="nev21237180n1-nev23837463n54">Remove the part#@#@#5#fully</ptxt>
</para>
<para id="nev21237180n1-nev23837463n51">
<ptxt id="nev21237180n1-nev23837463n52">Fold marked par#@#@#3#side.</ptxt>
</para>
</graphtext>
</grate>
</procstep>
<procstep id="nev21237180n1-nev23832842n4">
<grate id="nev21237180n1-nev23837463n49">
<graphic id="nev21237180n1-nev23837463n50">
<href>0900c8af8692fac#@#@#9#.jpeg</href>
</graphic>
<graphtext id="nev21237180n1-nev23837573n1">
<para id="nev21237180n1-nev23837463n47">
<ptxt id="nev21237180n1-nev23837463n48">Loosen the clips.</ptxt>
</para>
</graphtext>
</grate>
</procstep>
<procstep id="nev21237180n1-nev23832843n1">
<grate id="nev21237180n1-nev23837463n45">
<graphic id="nev21237180n1-nev23837463n46">
<href>0900c8af86982d6#@#@#9#.jpeg</href>
</graphic>
<graphtext id="nev21237180n1-nev23837577n1">
<caution id="nev21237180n1-0800c8af844a410a">
<ptxt>Make sure that #@#@#19#aled.</ptxt>
</caution>
<para id="nev21237180n1-nev23837463n43">
<ptxt id="nev21237180n1-nev23837463n44">Remove the nut.</ptxt>
</para>
<para id="nev21237180n1-nev23837463n41">
<ptxt id="nev21237180n1-nev23837463n42">
<torque id="nev21237180n1-nev23832844n2">
<ref id="nev21237180n1-nev23832844n3"/>
</torque>
</ptxt>
</para>
</graphtext>
</grate>
</procstep>
<procstep id="nev21237180n1-nev23832844n4">
<grate id="nev21237180n1-nev23837463n39">
<graphic id="nev21237180n1-nev23837463n40">
<href>0900c8af8699707#@#@#9#.jpeg</href>
</graphic>
<graphtext id="nev21237180n1-nev23837584n1">
<para id="nev21237180n1-nev23837463n37">
<ptxt id="nev21237180n1-nev23837463n38">Remove the part#@#@#5#fully</ptxt>
</para>
</graphtext>
</grate>
</procstep>
<procstep id="nev21237180n1-nev23832845n1">
<grate id="nev21237180n1-nev23837463n35">
<graphic id="nev21237180n1-nev23837463n36">
<href>0900c8af8698300#@#@#9#.jpeg</href>
</graphic>
<graphtext id="nev21237180n1-nev23837588n1">
<para id="nev21237180n1-nev23837463n33">
<ptxt id="nev21237180n1-nev23837463n34">Remove the part#@#@#5#fully</ptxt>
</para>
</graphtext>
</grate>
</procstep>
<procstep id="nev21237180n1-nev23832845n8">
<grate id="nev21237180n1-nev23837463n31">
<graphic id="nev21237180n1-nev23837463n32">
<href>0900c8af8698300#@#@#9#.jpeg</href>
</graphic>
<graphtext id="nev21237180n1-nev23837592n1">
<para id="nev21237180n1-nev23837463n29">
<ptxt id="nev21237180n1-nev23837463n30">Remove the mark#@#@#3#part.</ptxt>
</para>
</graphtext>
</grate>
</procstep>
</stepgrp>
<stepgrp boilerplate="false" context="" id="nev21237180n1-nev23837463n28">
<title id="nev21237180n1-0800c8af844a46f9">Installation</title>
<procstep id="nev21237180n1-nev23832846n7">
<caution id="nev21237180n1-0800c8af844a40ac">
<ptxt>Only use the sp#@#@#35#eals.</ptxt>
</caution>
<note id="nev21237180n1-0800c8af8457b4cb">
<ptxt>Use new seals.</ptxt>
</note>
<note id="nev21237180n1-0800c8af844a43c1">
<ptxt>Make sure that #@#@#25#ated.</ptxt>
</note>
</procstep>
<procstep id="nev21237180n1-nev23832847n4">
<grate id="nev21237180n1-nev23837463n26">
<graphic id="nev21237180n1-nev23837463n27">
<href>0900c8af86982d6#@#@#9#.jpeg</href>
</graphic>
<graphtext id="nev21237180n1-nev23837596n1">
<para id="nev21237180n1-nev23837463n24">
<ptxt id="nev21237180n1-nev23837463n25">Install the mar#@#@#9#nent.</ptxt>
</para>
</graphtext>
</grate>
</procstep>
<procstep id="nev21237180n1-nev23832848n1">
<grate id="nev21237180n1-nev23837463n22">
<graphic id="nev21237180n1-nev23837463n23">
<href>0900c8af86982d6#@#@#9#.jpeg</href>
</graphic>
<graphtext id="nev21237180n1-nev23837600n1">
<note id="nev21237180n1-0800c8af844a43c1">
<ptxt>Make sure that #@#@#25#ated.</ptxt>
</note>
<para id="nev21237180n1-nev23837463n20">
<ptxt id="nev21237180n1-nev23837463n21">Install the mar#@#@#9#nent.</ptxt>
</para>
<para id="nev21237180n1-nev23837463n18">
<ptxt id="nev21237180n1-nev23837463n19">Install the clip(s).</ptxt>
</para>
</graphtext>
</grate>
</procstep>
<procstep id="nev21237180n1-nev23832849n3">
<grate id="nev21237180n1-nev23837463n16">
<graphic id="nev21237180n1-nev23837463n17">
<href>0900c8af86996cc#@#@#9#.jpeg</href>
</graphic>
<graphtext id="nev21237180n1-nev23837604n1">
<para id="nev21237180n1-nev23837463n14">
<ptxt id="nev21237180n1-nev23837463n15">Install the mar#@#@#9#nent.</ptxt>
</para>
<para id="nev21237180n1-nev23837463n12">
<ptxt id="nev21237180n1-nev23837463n13">Install the nut.</ptxt>
</para>
<para id="nev21237180n1-nev23837463n10">
<ptxt id="nev21237180n1-nev23837463n11">
<torque id="nev21237180n1-nev23832850n5">
<ref id="nev21237180n1-nev23832850n6"/>
</torque>
</ptxt>
</para>
</graphtext>
</grate>
</procstep>
<procstep id="nev21237180n1-nev23832850n7">
<grate id="nev21237180n1-nev23837463n8">
<graphic id="nev21237180n1-nev23837463n9">
<href>0900c8af86949c3#@#@#9#.jpeg</href>
</graphic>
<graphtext id="nev21237180n1-nev23837611n1">
<para id="nev21237180n1-nev23837463n6">
<ptxt id="nev21237180n1-nev23837463n7">Reinstall the i#@#@#9# mat.</ptxt>
</para>
<para id="nev21237180n1-nev23837463n4">
<ptxt id="nev21237180n1-nev23837463n5">Use tape</ptxt>
</para>
</graphtext>
</grate>
</procstep>
<procstep id="nev21237180n1-nev23832851n7">
<para id="nev21237180n1-nev23837463n2">
<ptxt id="nev21237180n1-nev23837463n3">To install, rev#@#@#22#dure.</ptxt>
</para>
</procstep>
<procstep id="nev21237180n1-nev23832852n1">
<para id="nev21237180n1-nev23837464n100">
<ptxt id="nev21237180n1-nev23837463n1">Perform refrige#@#@#8#lling<xref boilerplate="true" id="nev21237180n1-0800c8af8499ddf7">
<ref id="nev21237180n1-nev23832852n6"/>
</xref>
</ptxt>
</para>
</procstep>
<procstep id="nev21237180n1-nev23832852n7">
<para id="nev21237180n1-nev23837464n98">
<ptxt id="nev21237180n1-nev23837464n99">Perform climate#@#@#10#cking<xref boilerplate="true" id="nev21237180n1-0800c8af8479bff0">
<ref id="nev21237180n1-nev23832853n2"/>
</xref>
</ptxt>
</para>
</procstep>
</stepgrp>
</procedure>
</servinfosub>