<?xml version="1.0" encoding="UTF-8"?><servinfosub IE-ID="en-US0900c8af80cbc20d" docno="VCC-146977" id="KC02711611" xml:lang="en-US">
<title>
<phrase category="" id="KC07842870" phrase-urn="urn:x-nevis:phrase:0800c8af81c21298">Diagnostic trou#@#@#30#-0021</phrase>
</title>
<diagnostic type="condition">
<condgrp>
<condition type="condition">
<grate>
<graphic id="KC07842871" width="column">
<href>0900c8af80126d9#@#@#9#.jpeg</href>
</graphic>
<graphtext>
<para>
<ptxt>
<phrase category="" id="KC07842872" phrase-urn="urn:x-nevis:phrase:0800c8af81c21299">The supplementa#@#@#83#oner.</phrase>
</ptxt>
</para>
<para>
<ptxt>
<phrase category="" id="KC07842873" phrase-urn="urn:x-nevis:phrase:0800c8af81c2129a">The diagnostic #@#@#109#onds.</phrase>
</ptxt>
</para>
<para>
<ptxt>
<phrase category="" id="KC07842874" phrase-urn="urn:x-nevis:phrase:0800c8af81c2129c">The diagnostic #@#@#221# III.</phrase>
</ptxt>
</para>
</graphtext>
</grate>
</condition>
</condgrp>
<condgrp>
<condition type="substitution">
<list1 enumtype="d">
<item>
<ptxt>
<phrase category="" id="KC07842875" phrase-urn="urn:x-nevis:phrase:0800c8af81c2129e">None.</phrase>
</ptxt>
</item>
</list1>
</condition>
<ps>
<list1 enumtype="d" type="unordered">
<item>
<ptxt>
<phrase category="" id="KC07842876" phrase-urn="urn:x-nevis:phrase:0800c8af81c212a0">If the suppleme#@#@#188#lled.</phrase>
</ptxt>
</item>
</list1>
</ps>
</condgrp>
<condgrp>
<condition type="symptom">
<list1 enumtype="d" type="unordered">
<item>
<ptxt>
<phrase category="" id="KC07842877" phrase-urn="urn:x-nevis:phrase:0800c8af81c212a1">SRS indicator l#@#@#2#p lit</phrase>
</ptxt>
</item>
<item>
<ptxt>
<phrase category="" id="KC07842878" phrase-urn="urn:x-nevis:phrase:0800c8af81c212a2">SRS warning mes#@#@#10#ayed.</phrase>
</ptxt>
</item>
</list1>
</condition>
</condgrp>
</diagnostic>
</servinfosub>