<?xml version="1.0" encoding="UTF-8"?><i2 IE-ID="en-US0900c8af874f1006" docno="VCC-429812" id="nev16999745n1" original="sv-SE" xml:lang="en-US">
<frontm id="nev16999747n1-nev25290631n27">
<prolog>
<tpnbr>31338960</tpnbr>
</prolog>
<titlep id="nev16999747n1-nev25290631n26">
<title id="nev16999745n2">Towbar, fixed</title>
</titlep>
<preface id="nev16999747n1-nev25290631n21">
<toolpics id="nev16999747n1-nev25290631n19">
<title id="nev16999747n1-0800c8af84f6831f">Equipment</title>
<i2graphic id="nev16999747n1-nev19594384n8">
<href>0900c8af800542e#@#@#11#.jpeg</href>
</i2graphic>
<i2graphic id="nev16999747n1-nev19617199n80">
<href>0900c8af83557d9#@#@#9#.jpeg</href>
</i2graphic>
<i2graphic id="nev16999747n1-nev19617199n79">
<href>0900c8af835afed#@#@#9#.jpeg</href>
</i2graphic>
<i2graphic id="nev16999747n1-nev19617199n78">
<href>0900c8af83557db#@#@#9#.jpeg</href>
</i2graphic>
</toolpics>
<kitpics id="nev16999747n1-nev25290631n20">
<title id="nev16999747n1-0800c8af84f6835a">Component overview</title>
<i2graphic id="nev16999747n1-nev19617199n82">
<href>0900c8af853fbcd#@#@#11#.jpeg</href>
</i2graphic>
</kitpics>
</preface>
</frontm>
<body id="nev16999747n1-nev25290631n28">
<servinfosub docno="VCC-429812" id="nev16999747n1-nev16999745n1" original="sv-SE" servinfosubId="nev16999747n1-nev19594370n1" servinfosubRes="0900c8af874f101c" servinfosubRes2="urn:x-nevis:fragment:0900c8af874f1006:0900c8af874f101c#nev19594370n1">
<operationnumbers>
<operationnumber>89204-2</operationnumber>
</operationnumbers>
<toolitemtable id="nev16999747n1-nev25290834n44">
<table id="nev16999747n1-nev25290834n43">
<tgroup cols="2" id="nev16999747n1-nev25290834n42">
<colspec colname="COLSPEC0" colwidth="1.00*" id="nev16999747n1-nev25290834n41"/>
<colspec colname="COLSPEC1" colwidth="1.00*" id="nev16999747n1-nev25290834n40"/>
<thead id="nev16999747n1-nev25290834n39">
<row id="nev16999747n1-nev25290834n38">
<entry id="nev16999747n1-nev25290834n37" nameend="COLSPEC1" namest="COLSPEC0" valign="top">
<ptxt id="nev16999747n1-nev25290834n36">
<emph id="nev16999747n1-nev25290834n35">Special tools</emph>
</ptxt>
</entry>
</row>
</thead>
<tbody id="nev16999747n1-nev25290834n34">
<row id="nev16999747n1-nev25290834n33">
<entry id="nev16999747n1-nev25290834n32">
<graphic id="nev16999747n1-nev25290834n31">
<href>0900c8af8005435#@#@#9#.jpeg</href>
</graphic>
</entry>
<entry id="nev16999747n1-nev25290834n30">
<ptxt id="nev16999747n1-nev25290834n29">
<emph id="nev16999747n1-nev25290834n28">999 5972 FIXTUR#@#@#19#XLES)</emph>
</ptxt>
<ptxt id="nev16999747n1-nev25290834n26">
<emph id="nev16999747n1-nev25290834n25">Tool number:</emph>999 5972</ptxt>
<ptxt id="nev16999747n1-nev25290834n24">
<emph id="nev16999747n1-nev25290834n23">Tool description:</emph>FIXTURE (UNIVER#@#@#10#XLES)</ptxt>
<ptxt id="nev16999747n1-nev25290834n21">
<emph id="nev16999747n1-nev25290834n20">Tool boards:</emph>43</ptxt>
</entry>
</row>
<row id="nev16999747n1-nev25290834n19">
<entry id="nev16999747n1-nev25290834n18">
<graphic id="nev16999747n1-nev25290834n17">
<href>0900c8af870f206#@#@#9#.jpeg</href>
</graphic>
</entry>
<entry id="nev16999747n1-nev25290834n16">
<ptxt id="nev16999747n1-nev25290834n15">
<emph id="nev16999747n1-nev25290834n14">998 5972 JACK (#@#@#5#ULIC)</emph>
</ptxt>
<ptxt id="nev16999747n1-nev25290834n12">
<emph id="nev16999747n1-nev25290834n11">Tool number:</emph>998 5972</ptxt>
<ptxt id="nev16999747n1-nev25290834n10">
<emph id="nev16999747n1-nev25290834n9">Tool description:</emph>JACK (HYDRAULIC)</ptxt>
<ptxt id="nev16999747n1-nev25290834n7">
<emph id="nev16999747n1-nev25290834n6">Tool boards:</emph>40</ptxt>
</entry>
</row>
<row id="nev16999747n1-nev25290834n5">
<entry id="nev16999747n1-nev25290834n4">
<graphic id="nev16999747n1-nev25290834n3">
<href>0900c8af83ea377#@#@#9#.jpeg</href>
</graphic>
</entry>
<entry id="nev16999747n1-nev25290834n2">
<ptxt id="nev16999747n1-nev25290834n1">
<emph id="nev16999747n1-nev25290835n100">999 7338 Extens#@#@#2#n rod</emph>
</ptxt>
<ptxt id="nev16999747n1-nev25290835n98">
<emph id="nev16999747n1-nev25290835n97">Tool number:</emph>999 7338</ptxt>
<ptxt id="nev16999747n1-nev25290835n96">
<emph id="nev16999747n1-nev25290835n95">Tool description:</emph>Extension rod</ptxt>
<ptxt id="nev16999747n1-nev25290835n93">
<emph id="nev16999747n1-nev25290835n92">Tool boards:</emph>80</ptxt>
</entry>
</row>
</tbody>
</tgroup>
</table>
</toolitemtable>
<materialtable id="nev16999747n1-nev25290835n91">
<table id="nev16999747n1-nev25290835n90">
<tgroup cols="2" id="nev16999747n1-nev25290835n89">
<colspec colname="COLSPEC0" colwidth="1.00*" id="nev16999747n1-nev25290835n88"/>
<colspec colname="COLSPEC1" colwidth="1.00*" id="nev16999747n1-nev25290835n87"/>
<thead id="nev16999747n1-nev25290835n86">
<row id="nev16999747n1-nev25290835n85">
<entry id="nev16999747n1-nev25290835n84" nameend="COLSPEC1" namest="COLSPEC0" valign="top">
<ptxt id="nev16999747n1-nev25290835n83">
<emph id="nev16999747n1-nev25290835n82">Materials</emph>
</ptxt>
</entry>
</row>
</thead>
<tbody id="nev16999747n1-nev25290835n81">
<row id="nev16999747n1-nev25290835n80">
<entry id="nev16999747n1-nev25290835n79">
<ptxt id="nev16999747n1-nev25290835n78">
<emph id="nev16999747n1-nev25290835n77">Designation</emph>
</ptxt>
</entry>
<entry id="nev16999747n1-nev25290835n76">
<ptxt id="nev16999747n1-nev25290835n75">
<emph id="nev16999747n1-nev25290835n74">Part number</emph>
</ptxt>
</entry>
</row>
<row id="nev16999747n1-nev25290835n73">
<entry id="nev16999747n1-nev25290835n72">
<ptxt id="nev16999747n1-nev25290835n71">Rust inhibitor,#@#@#9#osity</ptxt>
</entry>
<entry id="nev16999747n1-nev25290835n69">
<ptxt id="nev16999747n1-nev25290835n68"/>
</entry>
</row>
</tbody>
</tgroup>
</table>
</materialtable>
<procedure id="nev16999747n1-nev19594394n9">
<stepgrp boilerplate="false" context="" id="nev16999747n1-nev25290631n17">
<title id="nev16999747n1-0800c8af84f682f9">Information</title>
<procstep id="nev16999747n1-nev19594395n3">
<list1 enumtype="b" id="nev13396149n248" type="unordered">
<item id="nev13396149n246">
<ptxt id="nev13396149n244">  Read through #@#@#48#tion.</ptxt>
</item>
<item id="nev13396149n240">
<ptxt id="nev13396149n238">Notifications a#@#@#99#tion.</ptxt>
</item>
<item id="nev13396149n236">
<ptxt id="nev13396149n234">Ensure that all#@#@#72#tion.</ptxt>
</item>
<item id="nev13396149n232">
<ptxt id="nev13396149n230">Certain steps i#@#@#114#teps.</ptxt>
</item>
<item id="nev13396149n228">
<ptxt id="nev13396149n226">In the event of#@#@#81#aler.</ptxt>
</item>
</list1>
</procstep>
</stepgrp>
<stepgrp boilerplate="false" context="" id="nev16999747n1-nev25290631n14">
<title id="nev16999747n1-0800c8af844a46ee">Color symbols</title>
<procstep id="nev16999747n1-nev19594395n10">
<grate id="nev16999747n1-nev25290631n12">
<graphic id="nev16999747n1-nev25290631n13">
<href>0900c8af8579af4#@#@#9#.jpeg</href>
</graphic>
<graphtext id="nev16999747n1-nev25290867n1">
<note id="nev16999747n1-0800c8af857d02fc">
<ptxt>This colour cha#@#@#127#teps.</ptxt>
</note>
<list1 enumtype="n" id="nev16999747n1-nev19594396n6" type="ordered">
<item id="nev16999747n1-nev25290631n11">
<ptxt id="nev16999747n1-nev25290631n10">Used for focuse#@#@#55#hing.</ptxt>
</item>
<item id="nev16999747n1-nev25290631n9">
<ptxt id="nev16999747n1-nev25290631n8">Used as extra c#@#@#57#arts.</ptxt>
</item>
<item id="nev16999747n1-nev25290631n7">
<ptxt id="nev16999747n1-nev25290631n6">Used for attach#@#@#73# etc.</ptxt>
</item>
<item id="nev16999747n1-nev25290631n5">
<ptxt id="nev16999747n1-nev25290631n4">Used when the c#@#@#68#side.</ptxt>
</item>
<item id="nev16999747n1-nev25290631n3">
<ptxt id="nev16999747n1-nev25290631n2">Used for standa#@#@#22#ools.</ptxt>
</item>
<item id="nev16999747n1-nev25290631n1">
<ptxt id="nev16999747n1-nev25290833n100">Used as backgro#@#@#28#ents.</ptxt>
</item>
</list1>
</graphtext>
</grate>
</procstep>
</stepgrp>
<stepgrp boilerplate="false" context="" id="nev16999747n1-nev25290833n99">
<title id="nev16999747n1-0800c8af844a46f6">Removal</title>
<procstep id="nev16999747n1-nev19594398n8">
<grate id="nev16999747n1-nev25290833n97">
<graphic id="nev16999747n1-nev25290833n98">
<href>0900c8af85bf1a2#@#@#9#.jpeg</href>
</graphic>
<graphtext id="nev16999747n1-nev25290871n1">
<para id="nev16999747n1-nev25290833n95">
<ptxt id="nev16999747n1-nev25290833n96">Remove the screws.</ptxt>
</para>
</graphtext>
</grate>
</procstep>
<procstep id="nev16999747n1-nev19594399n5">
<grate id="nev16999747n1-nev25290833n93">
<graphic id="nev16999747n1-nev25290833n94">
<href>0900c8af84cbb4f#@#@#9#.jpeg</href>
</graphic>
<graphtext id="nev16999747n1-nev25290875n1">
<para id="nev16999747n1-nev25290833n91">
<ptxt id="nev16999747n1-nev25290833n92">Remove the screws.</ptxt>
</para>
</graphtext>
</grate>
</procstep>
<procstep id="nev16999747n1-nev19594400n2">
<grate id="nev16999747n1-nev25290833n89">
<graphic id="nev16999747n1-nev25290833n90">
<href>0900c8af84cbb50#@#@#9#.jpeg</href>
</graphic>
<graphtext id="nev16999747n1-nev25290879n1">
<para id="nev16999747n1-nev25290833n87">
<ptxt id="nev16999747n1-nev25290833n88">Remove the screws.</ptxt>
</para>
</graphtext>
</grate>
</procstep>
<procstep id="nev16999747n1-nev19595220n72">
<grate id="nev16999747n1-nev25290833n85">
<graphic id="nev16999747n1-nev25290833n86">
<href>0900c8af84f1a63#@#@#9#.jpeg</href>
</graphic>
</grate>
</procstep>
<procstep id="nev16999747n1-nev19594400n9">
<grate id="nev16999747n1-nev25290833n83">
<graphic id="nev16999747n1-nev25290833n84">
<href>0900c8af84cbb50#@#@#9#.jpeg</href>
</graphic>
<graphtext id="nev16999747n1-nev25290886n1">
<para id="nev16999747n1-nev25290833n81">
<ptxt id="nev16999747n1-nev25290833n82">Request the aid#@#@#30#dure.</ptxt>
</para>
</graphtext>
</grate>
</procstep>
<procstep id="nev16999747n1-nev19594401n6">
<grate id="nev16999747n1-nev25290833n79">
<graphic id="nev16999747n1-nev25290833n80">
<href>0900c8af84cbb7a#@#@#9#.jpeg</href>
</graphic>
</grate>
</procstep>
<procstep id="nev16999747n1-nev19594401n9">
<grate id="nev16999747n1-nev25290833n77">
<graphic id="nev16999747n1-nev25290833n78">
<href>0900c8af84cbb51#@#@#9#.jpeg</href>
</graphic>
<graphtext id="nev16999747n1-nev25290893n1">
<note id="nev16999747n1-0800c8af84fbdaa7">
<ptxt>The screws are #@#@#8#used.</ptxt>
</note>
<para id="nev16999747n1-nev25290833n75">
<ptxt id="nev16999747n1-nev25290833n76">Remove the screws.</ptxt>
</para>
</graphtext>
</grate>
</procstep>
<procstep id="nev16999747n1-nev19594402n8">
<grate id="nev16999747n1-nev25290833n73">
<graphic id="nev16999747n1-nev25290833n74">
<href>0900c8af84cbb50#@#@#9#.jpeg</href>
</graphic>
<graphtext id="nev16999747n1-nev25290897n1">
<para id="nev16999747n1-nev25290833n71">
<ptxt id="nev16999747n1-nev25290833n72">Remove the screws.</ptxt>
</para>
</graphtext>
</grate>
</procstep>
<procstep id="nev16999747n1-nev19594403n5">
<grate id="nev16999747n1-nev25290833n69">
<graphic id="nev16999747n1-nev25290833n70">
<href>0900c8af84cbb52#@#@#9#.jpeg</href>
</graphic>
</grate>
</procstep>
<procstep id="nev16999747n1-nev19594403n8">
<grate id="nev16999747n1-nev25290833n67">
<graphic id="nev16999747n1-nev25290833n68">
<href>0900c8af84cbb54#@#@#9#.jpeg</href>
</graphic>
</grate>
</procstep>
<procstep id="nev16999747n1-nev19594404n1">
<grate id="nev16999747n1-nev25290833n65">
<graphic id="nev16999747n1-nev25290833n66">
<href>0900c8af84cbb54#@#@#9#.jpeg</href>
</graphic>
</grate>
</procstep>
<procstep id="nev16999747n1-nev19594404n4">
<grate id="nev16999747n1-nev25290833n63">
<graphic id="nev16999747n1-nev25290833n64">
<href>0900c8af84cbb55#@#@#9#.jpeg</href>
</graphic>
<graphtext id="nev16999747n1-nev25290910n1">
<caution id="nev16999747n1-0800c8af84abf1c4">
<ptxt>Make sure that #@#@#53#sted.</ptxt>
</caution>
</graphtext>
</grate>
</procstep>
<procstep id="nev16999747n1-nev19595220n47">
<grate id="nev16999747n1-nev25290833n61">
<graphic id="nev16999747n1-nev25290833n62">
<href>0900c8af85da0f7#@#@#9#.jpeg</href>
</graphic>
</grate>
</procstep>
<procstep id="nev16999747n1-nev19594405n3">
<grate id="nev16999747n1-nev25290833n59">
<graphic id="nev16999747n1-nev25290833n60">
<href>0900c8af84cbb55#@#@#9#.jpeg</href>
</graphic>
</grate>
</procstep>
<procstep id="nev16999747n1-nev19594405n6">
<grate id="nev16999747n1-nev25290833n57">
<graphic id="nev16999747n1-nev25290833n58">
<href>0900c8af84cbb57#@#@#9#.jpeg</href>
</graphic>
</grate>
</procstep>
<procstep id="nev16999747n1-nev19595220n40">
<grate id="nev16999747n1-nev25290833n55">
<graphic id="nev16999747n1-nev25290833n56">
<href>0900c8af84cbb88#@#@#9#.jpeg</href>
</graphic>
</grate>
</procstep>
<procstep id="nev16999747n1-nev19594405n9">
<grate id="nev16999747n1-nev25290833n53">
<graphic id="nev16999747n1-nev25290833n54">
<href>0900c8af84cbb58#@#@#9#.jpeg</href>
</graphic>
</grate>
</procstep>
<procstep id="nev16999747n1-nev19594406n2">
<grate id="nev16999747n1-nev25290833n51">
<graphic id="nev16999747n1-nev25290833n52">
<href>0900c8af84cbb58#@#@#9#.jpeg</href>
</graphic>
<graphtext id="nev16999747n1-nev25290929n1">
<para id="nev16999747n1-nev25290833n49">
<ptxt id="nev16999747n1-nev25290833n50">Scrape off all #@#@#25#face.</ptxt>
</para>
<para id="nev16999747n1-nev25290833n47">
<ptxt id="nev16999747n1-nev25290833n48">Clean the surface.</ptxt>
</para>
<para id="nev16999747n1-nev25290833n45">
<ptxt id="nev16999747n1-nev25290833n46">Repeat on the o#@#@#5#side.</ptxt>
</para>
</graphtext>
</grate>
</procstep>
</stepgrp>
<stepgrp boilerplate="false" context="" id="nev16999747n1-nev25290833n44">
<title id="nev16999747n1-0800c8af84fbdb3d">Accessory insta#@#@#2#ation</title>
<procstep id="nev16999747n1-nev19594407n8">
<grate id="nev16999747n1-nev25290833n42">
<graphic id="nev16999747n1-nev25290833n43">
<href>0900c8af84cbb89#@#@#9#.jpeg</href>
</graphic>
</grate>
</procstep>
<procstep id="nev16999747n1-nev19594408n1">
<grate id="nev16999747n1-nev25290833n40">
<graphic id="nev16999747n1-nev25290833n41">
<href>0900c8af8541649#@#@#9#.jpeg</href>
</graphic>
<graphtext id="nev16999747n1-nev25290936n1">
<note id="nev16999747n1-0800c8af854bf2da">
<ptxt>Note the position.</ptxt>
</note>
</graphtext>
</grate>
</procstep>
<procstep id="nev16999747n1-nev19594408n7">
<grate id="nev16999747n1-nev25290833n38">
<graphic id="nev16999747n1-nev25290833n39">
<href>0900c8af854164a#@#@#9#.jpeg</href>
</graphic>
<graphtext id="nev16999747n1-nev25290940n1">
<caution id="nev16999747n1-0800c8af84abf1c4">
<ptxt>Make sure that #@#@#53#sted.</ptxt>
</caution>
<note id="nev16999747n1-0800c8af844a431c">
<ptxt>Only tighten th#@#@#28#tage.</ptxt>
</note>
<para id="nev16999747n1-nev25290833n36">
<ptxt id="nev16999747n1-nev25290833n37">Install the screws.</ptxt>
</para>
<para id="nev16999747n1-nev25290833n34">
<ptxt id="nev16999747n1-nev25290833n35">Repeat on the o#@#@#5#side.</ptxt>
</para>
<para id="nev16999747n1-nev25290833n32">
<ptxt id="nev16999747n1-nev25290833n33">
<toolitem boilerplate="true" id="nev16999747n1-nev19594410n3" imageid="0900c8af80054352"/>
<toolitem boilerplate="false" id="nev16999747n1-nev19594410n4" imageid="0900c8af870f206d"/>
</ptxt>
</para>
</graphtext>
</grate>
</procstep>
<procstep id="nev16999747n1-nev19594410n5">
<grate id="nev16999747n1-nev25290833n30">
<graphic id="nev16999747n1-nev25290833n31">
<href>0900c8af85be5fd#@#@#9#.jpeg</href>
</graphic>
<graphtext id="nev16999747n1-nev25290950n1">
<para id="nev16999747n1-nev25290833n28">
<ptxt id="nev16999747n1-nev25290833n29">Repeat on the o#@#@#5#side.</ptxt>
</para>
</graphtext>
</grate>
</procstep>
<procstep id="nev16999747n1-nev19594411n2">
<grate id="nev16999747n1-nev25290833n26">
<graphic id="nev16999747n1-nev25290833n27">
<href>0900c8af85be600#@#@#9#.jpeg</href>
</graphic>
<graphtext id="nev16999747n1-nev25290954n1">
<para id="nev16999747n1-nev25290833n24">
<ptxt id="nev16999747n1-nev25290833n25">Repeat on the o#@#@#5#side.</ptxt>
</para>
<para id="nev16999747n1-nev25290833n22">
<ptxt id="nev16999747n1-nev25290833n23">
<toolitem boilerplate="true" id="nev16999747n1-nev19594412n1" imageid="0900c8af83ea3776"/>
</ptxt>
</para>
</graphtext>
</grate>
</procstep>
</stepgrp>
<stepgrp boilerplate="false" context="" id="nev16999747n1-nev25290833n21">
<title id="nev16999747n1-0800c8af844a46f9">Installation</title>
<procstep id="nev16999747n1-nev19594412n5">
<grate id="nev16999747n1-nev25290833n19">
<graphic id="nev16999747n1-nev25290833n20">
<href>0900c8af84dcea1#@#@#9#.jpeg</href>
</graphic>
</grate>
</procstep>
<procstep id="nev16999747n1-nev19594404n10">
<grate id="nev16999747n1-nev25290833n17">
<graphic id="nev16999747n1-nev25290833n18">
<href>0900c8af84cbb55#@#@#9#.jpeg</href>
</graphic>
</grate>
</procstep>
<procstep id="nev16999747n1-nev19594413n1">
<grate id="nev16999747n1-nev25290833n15">
<graphic id="nev16999747n1-nev25290833n16">
<href>0900c8af84cbb94#@#@#9#.jpeg</href>
</graphic>
</grate>
</procstep>
<procstep id="nev16999747n1-nev19594413n4">
<grate id="nev16999747n1-nev25290833n13">
<graphic id="nev16999747n1-nev25290833n14">
<href>0900c8af84cbb60#@#@#9#.jpeg</href>
</graphic>
</grate>
</procstep>
<procstep id="nev16999747n1-nev19594413n7">
<grate id="nev16999747n1-nev25290833n11">
<graphic id="nev16999747n1-nev25290833n12">
<href>0900c8af84cbb63#@#@#9#.jpeg</href>
</graphic>
</grate>
</procstep>
<procstep id="nev16999747n1-nev19594413n10">
<grate id="nev16999747n1-nev25290833n9">
<graphic id="nev16999747n1-nev25290833n10">
<href>0900c8af84cbb63#@#@#9#.jpeg</href>
</graphic>
</grate>
</procstep>
<procstep id="nev16999747n1-nev19594414n3">
<grate id="nev16999747n1-nev25290833n7">
<graphic id="nev16999747n1-nev25290833n8">
<href>0900c8af84cbb95#@#@#9#.jpeg</href>
</graphic>
<graphtext id="nev16999747n1-nev25290979n1">
<para id="nev16999747n1-nev25290833n5">
<ptxt id="nev16999747n1-nev25290833n6">
<material id="nev16999747n1-nev19594414n9" materialid="" materialname="Rust inhibitor, low viscosity" quantity="0.0" showInProcStep="true"/>
</ptxt>
</para>
<para id="nev16999747n1-nev25290833n3">
<ptxt id="nev16999747n1-nev25290833n4">Repeat on the o#@#@#5#side.</ptxt>
</para>
</graphtext>
</grate>
</procstep>
<procstep id="nev16999747n1-nev19594415n3">
<grate id="nev16999747n1-nev25290833n1">
<graphic id="nev16999747n1-nev25290833n2">
<href>0900c8af84d7c73#@#@#9#.jpeg</href>
</graphic>
</grate>
</procstep>
</stepgrp>
<stepgrp boilerplate="false" context="" id="nev16999747n1-nev25290834n100">
<title id="nev16999747n1-0800c8af844a46f6">Removal</title>
<procstep id="nev16999747n1-nev19594415n6">
<grate id="nev16999747n1-nev25290834n98">
<graphic id="nev16999747n1-nev25290834n99">
<href>0900c8af85f5e33#@#@#9#.jpeg</href>
</graphic>
<graphtext id="nev16999747n1-nev25290989n1">
<para id="nev16999747n1-nev25290834n96">
<ptxt id="nev16999747n1-nev25290834n97">Locate relevant#@#@#4#king.</ptxt>
</para>
</graphtext>
</grate>
</procstep>
<procstep id="nev16999747n1-nev19594416n3">
<grate id="nev16999747n1-nev25290834n94">
<graphic id="nev16999747n1-nev25290834n95">
<href>0900c8af85f59e9#@#@#9#.jpeg</href>
</graphic>
<graphtext id="nev16999747n1-nev25290993n1">
<caution id="nev16999747n1-0800c8af844a4184">
<ptxt>Take extra care#@#@#31#sses.</ptxt>
</caution>
</graphtext>
</grate>
</procstep>
<procstep id="nev16999747n1-nev19594416n10">
<grate id="nev16999747n1-nev25290834n92">
<graphic id="nev16999747n1-nev25290834n93">
<href>0900c8af85f5e3d#@#@#9#.jpeg</href>
</graphic>
</grate>
</procstep>
<procstep id="nev16999747n1-nev19594417n3">
<grate id="nev16999747n1-nev25290834n90">
<graphic id="nev16999747n1-nev25290834n91">
<href>0900c8af85f5e3d#@#@#9#.jpeg</href>
</graphic>
<graphtext id="nev16999747n1-nev25291000n1">
<para id="nev16999747n1-nev25290834n88">
<ptxt id="nev16999747n1-nev25290834n89">Deburr edges</ptxt>
</para>
</graphtext>
</grate>
</procstep>
<procstep id="nev16999747n1-nev19617619n45">
<title id="nev16999747n1-0800c8af8507df06">Vehicles with S#@#@#3#plate</title>
</procstep>
<procstep id="nev16999747n1-nev19617619n43">
<grate id="nev16999747n1-nev25290834n86">
<graphic id="nev16999747n1-nev25290834n87">
<href>0900c8af85f5e3d#@#@#9#.jpeg</href>
</graphic>
<graphtext id="nev16999747n1-nev25291004n1">
<para id="nev16999747n1-nev25290834n84">
<ptxt id="nev16999747n1-nev25290834n85">Locate relevant#@#@#4#king.</ptxt>
</para>
</graphtext>
</grate>
</procstep>
<procstep id="nev16999747n1-nev19617619n38">
<grate id="nev16999747n1-nev25290834n82">
<graphic id="nev16999747n1-nev25290834n83">
<href>0900c8af85f5e3e#@#@#9#.jpeg</href>
</graphic>
<graphtext id="nev16999747n1-nev25291008n1">
<para id="nev16999747n1-nev25290834n80">
<ptxt id="nev16999747n1-nev25290834n81">Apply tape to t#@#@#37#ines.</ptxt>
</para>
</graphtext>
</grate>
</procstep>
<procstep id="nev16999747n1-nev19617619n33">
<grate id="nev16999747n1-nev25290834n78">
<graphic id="nev16999747n1-nev25290834n79">
<href>0900c8af85f59f5#@#@#9#.jpeg</href>
</graphic>
<graphtext id="nev16999747n1-nev25291012n1">
<caution id="nev16999747n1-0800c8af844a4184">
<ptxt>Take extra care#@#@#31#sses.</ptxt>
</caution>
</graphtext>
</grate>
</procstep>
<procstep id="nev16999747n1-nev19617619n29">
<grate id="nev16999747n1-nev25290834n76">
<graphic id="nev16999747n1-nev25290834n77">
<href>0900c8af85f5e3e#@#@#9#.jpeg</href>
</graphic>
</grate>
</procstep>
<procstep id="nev16999747n1-nev19617619n26">
<grate id="nev16999747n1-nev25290834n74">
<graphic id="nev16999747n1-nev25290834n75">
<href>0900c8af85f5e3f#@#@#9#.jpeg</href>
</graphic>
<graphtext id="nev16999747n1-nev25291019n1">
<para id="nev16999747n1-nev25290834n72">
<ptxt id="nev16999747n1-nev25290834n73">Deburr edges</ptxt>
</para>
</graphtext>
</grate>
</procstep>
<procstep id="nev16999747n1-nev19617619n21">
<title id="nev16999747n1-0800c8af85102fab">Vehicles with R#@#@#2#esign</title>
</procstep>
<procstep id="nev16999747n1-nev19617619n19">
<grate id="nev16999747n1-nev25290834n70">
<graphic id="nev16999747n1-nev25290834n71">
<href>0900c8af85f5e3f#@#@#9#.jpeg</href>
</graphic>
<graphtext id="nev16999747n1-nev25291023n1">
<para id="nev16999747n1-nev25290834n68">
<ptxt id="nev16999747n1-nev25290834n69">Locate relevant#@#@#4#king.</ptxt>
</para>
</graphtext>
</grate>
</procstep>
<procstep id="nev16999747n1-nev19617619n14">
<grate id="nev16999747n1-nev25290834n66">
<graphic id="nev16999747n1-nev25290834n67">
<href>0900c8af85f59f5#@#@#9#.jpeg</href>
</graphic>
<graphtext id="nev16999747n1-nev25291027n1">
<caution id="nev16999747n1-0800c8af844a4184">
<ptxt>Take extra care#@#@#31#sses.</ptxt>
</caution>
</graphtext>
</grate>
</procstep>
<procstep id="nev16999747n1-nev19617619n10">
<grate id="nev16999747n1-nev25290834n64">
<graphic id="nev16999747n1-nev25290834n65">
<href>0900c8af85f5e40#@#@#9#.jpeg</href>
</graphic>
</grate>
</procstep>
<procstep id="nev16999747n1-nev19617619n7">
<grate id="nev16999747n1-nev25290834n62">
<graphic id="nev16999747n1-nev25290834n63">
<href>0900c8af85f5e40#@#@#9#.jpeg</href>
</graphic>
<graphtext id="nev16999747n1-nev25291034n1">
<para id="nev16999747n1-nev25290834n60">
<ptxt id="nev16999747n1-nev25290834n61">Deburr edges</ptxt>
</para>
</graphtext>
</grate>
</procstep>
<procstep id="nev16999747n1-nev25290834n59">
<title id="nev16999747n1-nev25290834n58">Vehicles with P#@#@#23#fuser</title>
</procstep>
<procstep id="nev16999747n1-nev25290834n57">
<grate id="nev16999747n1-nev25290834n55">
<graphic id="nev16999747n1-nev25290834n56">
<href>0900c8af874877c#@#@#9#.jpeg</href>
</graphic>
<graphtext id="nev16999747n1-nev25291038n1">
<para id="nev16999747n1-nev25290834n53">
<ptxt id="nev16999747n1-nev25290834n54">Cut the compone#@#@#40#phic.</ptxt>
</para>
<para id="nev16999747n1-nev25290834n51">
<ptxt id="nev16999747n1-nev25290834n52">Deburr edges</ptxt>
</para>
</graphtext>
</grate>
</procstep>
<procstep id="nev16999747n1-nev25290834n50">
<title id="nev16999747n1-nev25290834n49">All vehicles</title>
</procstep>
<procstep id="nev16999747n1-nev19617619n2">
<para id="nev16999747n1-nev25290834n47">
<ptxt id="nev16999747n1-nev25290834n48">Reinstall the r#@#@#25#rder.</ptxt>
</para>
</procstep>
</stepgrp>
</procedure>
<kitnumbers>
<kitnumber>31359732</kitnumber>
<kitnumber>30791000</kitnumber>
</kitnumbers>
</servinfosub>
</body>
</i2>