<?xml version="1.0" encoding="UTF-8"?><servinfosub IE-ID="en-US0900c8af80681006" docno="VCC-079592" id="KC02049697" xml:lang="en-US">
<title>Balance shaft belt</title>
<grate>
<graphic id="KC08532887" width="column">
<href>0900c8af8067ace#@#@#9#.jpeg</href>
</graphic>
<graphtext>
<para>
<ptxt>It is very impo#@#@#41# the <emph>
correct</emph>
 tension value#@#@#43#ons.
</ptxt>
<ptxt>In achieve the #@#@#34#ment <emph>
998 8500</emph>
 when adjustin#@#@#10#sion.</ptxt>
</para>
</graphtext>
</grate>
</servinfosub>