<?xml version="1.0" encoding="UTF-8"?><servinfosub IE-ID="en-US0900c8af80cd1013" docno="VCC-152525" id="KC02742280" xml:lang="en-US">
<title>
<phrase category="" id="KC09450301" phrase-urn="urn:x-nevis:phrase:0800c8af82708cde">Activated too long</phrase>
</title>
<diagnostic type="test">
<testgrp IE-ID="en-US0900c8af80cd1013_KC02752798" id="KC02752798" j2008use="1" paperuse="1" resumable="1" screenuse="1" testgrp-id="node1" x="160" y="160">
<title>
<phrase category="" id="KC09450302" phrase-urn="urn:x-nevis:phrase:0800c8af82708cdf">Checking the control</phrase>
</title>
<node>
<test1>
<test2>
<hint>
<ptxt>
<phrase category="" id="KC09450303" phrase-urn="urn:x-nevis:phrase:0800c8af82708ce0">The diagnostic #@#@#197#ecur.</phrase>
</ptxt>
</hint>
<para>
<ptxt>
<phrase category="" id="KC09450304" phrase-urn="urn:x-nevis:phrase:0800c8af82708ce1">Check that the #@#@#53#tion.</phrase>
</ptxt>
</para>
<hint>
<ptxt>
<phrase category="" id="KC09450305" phrase-urn="urn:x-nevis:phrase:0800c8af82708ce4">Read off the re#@#@#43#ion. </phrase>
</ptxt>
</hint>
<para>
<ptxt>
<phrase category="" id="KC09450306" phrase-urn="urn:x-nevis:phrase:0800c8af82708ce5">Remedy as necessary.</phrase>
</ptxt>
</para>
<list1 enumtype="d" type="unordered">
<title>
<phrase category="" id="KC09450307" phrase-urn="urn:x-nevis:phrase:0800c8af82708ce6">Other information:</phrase>
</title>
<item>
<ptxt>
<phrase category="" id="KC09450308" phrase-urn="urn:x-nevis:phrase:0800c8af82708ce7">
<xref>
<ref id="KC09450309"/>
</xref>
</phrase>
</ptxt>
</item>
</list1>
<diaglist>
<dgraphic>
<dgraphic2>
<graphic id="KC09450310">
<href>0900c8af86c8681#@#@#9#.jpeg</href>
</graphic>
<smarttool active="press" id="KC09450311" toolname="YSWM0003"/>
</dgraphic2>
</dgraphic>
<ditem>
<ditemtext>
<ptxt>
<phrase category="" id="KC09450312" phrase-urn="urn:x-nevis:phrase:0800c8af82708ce8"/>
</ptxt>
</ditemtext>
</ditem>
</diaglist>
<grate>
<graphic id="KC09450313">
<href>0900c8af8005a63#@#@#9#.jpeg</href>
</graphic>
</grate>
</test2>
</test1>
<question>
Select Continue.
</question>
<resact-grp>
<result button="cont" comp="button" highlight="0"/>
<action j2008use="1" paperuse="1" screenuse="1">
<ptxt>
<xref>
<ref id="KC09450315"/>
</xref>
</ptxt>
</action>
</resact-grp>
</node>
</testgrp>
<testgrp id="KC02752799" j2008use="1" paperuse="1" resumable="1" screenuse="1" testgrp-id="verifnode" x="160" y="320">
<title>
<phrase category="" id="KC09450316" phrase-urn="urn:x-nevis:phrase:0800c8af82708cea">Verification</phrase>
</title>
<subcalloutnode>
<diagcallout>
<xref>
<ref id="KC09450317"/>
</xref>
</diagcallout>
<rescall-grp>
<result comp="string" highlight="0" op="eq" return="VERIFIED"/>
<calloutaction>
<return value="FAULT FOUND"/>
</calloutaction>
</rescall-grp>
<rescall-grp>
<result comp="string" highlight="0" op="eq" return="VERIFICATION FAILED"/>
<calloutaction>
<ptxt>
<xref>
<ref id="KC09450318"/>
</xref>
</ptxt>
</calloutaction>
</rescall-grp>
</subcalloutnode>
</testgrp>
<testgrp id="KC02752800" j2008use="1" paperuse="1" resumable="1" screenuse="1" testgrp-id="info1" x="400" y="160">
<title>
<phrase category="" id="KC09450319" phrase-urn="urn:x-nevis:phrase:0800c8af82708ceb">Fault-tracing i#@#@#5#ation</phrase>
</title>
<subcalloutnode>
<diagcallout>
<xref>
<ref id="KC09450320"/>
</xref>
</diagcallout>
<rescall-grp>
<result comp="string" highlight="0" op="eq" return="FAULTTRACING FAILED"/>
<calloutaction>
<return value="FAULT NOT FOUND"/>
</calloutaction>
</rescall-grp>
<rescall-grp>
<result comp="string" highlight="0" op="eq" return="NEW TRY"/>
<calloutaction>
<ptxt>
<xref>
<ref id="KC09450321"/>
</xref>
</ptxt>
</calloutaction>
</rescall-grp>
</subcalloutnode>
</testgrp>
</diagnostic>
</servinfosub>