<?xml version="1.0" encoding="UTF-8"?><servinfosub IE-ID="en-US0900c8af80421013" docno="VCC-021378" id="KC01553552" xml:lang="en-US">
<title>Checking
components</title>
<para>
<ptxt>The following p#@#@#111#ked.
</ptxt>
</para>
<grate>
<graphic id="KC08293925">
<href>0900c8af801203d#@#@#9#.jpeg</href>
</graphic>
<graphtext>
<list1>
<item>
<ptxt>
<emph>A</emph>Upper charge-ai#@#@#2#pipe
</ptxt>
</item>
<item>
<ptxt>
<emph>B</emph>Turbocompressor#@#@#15#valve</ptxt>
</item>
<item>
<ptxt>
<emph>C</emph>Brake servo</ptxt>
</item>
<item>
<ptxt>
<emph>D</emph>Combined instrument</ptxt>
</item>
<item>
<ptxt>
<emph>E</emph>Crankcase venti#@#@#16#iece
</ptxt>
</item>
<item>
<ptxt>
<emph>F</emph>MAF sensor</ptxt>
</item>
<item>
<ptxt>
<emph>G</emph>Fresh air intak#@#@#1# hose</ptxt>
</item>
<item>
<ptxt>
<emph>H</emph>TC  valve</ptxt>
</item>
<item>
<ptxt>
<emph>I</emph>TB</ptxt>
</item>
<item>
<ptxt>
<emph>J</emph>Lower charge-ai#@#@#3#ipe 
</ptxt>
</item>
<item>
<ptxt>
<emph>K</emph>IAC valve</ptxt>
</item>
<item>
<ptxt>
<emph>L</emph>EVAP system car#@#@#5#ilter</ptxt>
</item>
<item>
<ptxt>
<emph>M</emph>EVAP valve</ptxt>
</item>
<item>
<ptxt>
<emph>N</emph>EGR vacuum cont#@#@#1#oller</ptxt>
</item>
<item>
<ptxt>
<emph>O</emph>EGR valve</ptxt>
</item>
<item>
<ptxt>
<emph>P</emph>Vacuum connecti#@#@#17#ifold</ptxt>
</item>
<item>
<ptxt>
<emph>Q</emph>Charge Air Cool#@#@#3#(CAC)</ptxt>
</item>
<item>
<ptxt>
<emph>R</emph>Intake manifold#@#@#7#sket
</ptxt>
</item>
<item>
<ptxt>
<emph>S</emph>Crankcase venti#@#@#14#
trap</ptxt>
</item>
<item>
<ptxt>
<emph>T</emph>Fuel pressure r#@#@#3#lator</ptxt>
</item>
<item>
<ptxt>
<emph>U</emph>Injectors and seals</ptxt>
</item>
<item>
<ptxt>
<emph>V</emph>Exhaust system</ptxt>
</item>
</list1>
</graphtext>
</grate>
</servinfosub>