<?xml version="1.0" encoding="UTF-8"?><script xmlns:nevis="http://www.volvocars.com/namespaces/processing" xmlns:xlink="http://www.w3.org/1999/xlink" IE-ID="en-US0900c8af81d74703" docno="VCC-236177" id="nev10122985n1" nevis:expl-profile="mdl644yr2003, mdl644yr2002, mdl645yr2002, mdl644yr2001, mdl644yr2004, mdl645yr2004, mdl645yr2003, mdl645yr2001" nevis:profile="urn:x-nevis:profile:0b00c8af802065af urn:x-nevis:profile:0b00c8af802065b3 urn:x-nevis:profile:0b00c8af802065b8 urn:x-nevis:profile:0b00c8af802065bf urn:x-nevis:profile:0b00c8af802065c5 urn:x-nevis:profile:0b00c8af802065ca urn:x-nevis:profile:0b00c8af802065cc urn:x-nevis:profile:0b00c8af802065e4" nevis:projectdocument="urn:x-nevis:projectdocument:0800c8af81d74702" nevis:resource="0900c8af81d74714" nevis:resource2="urn:x-nevis:fragment:0900c8af81d74703:0900c8af81d74714#nev10122985n1" nevis:session-id="" qualifierinfotype="14:00" type="" xml:lang="en-US"><title>Brake switch</title><content gui="1" height="150" id="nev10122986n1-nev10122985n3" nevis:expl-profile="mdl644yr2003, mdl644yr2002, mdl645yr2002, mdl644yr2001, mdl644yr2004, mdl645yr2004, mdl645yr2003, mdl645yr2001" nevis:idfrom="nev10122986n1" nevis:prefix="nev10122986n1" nevis:profile="urn:x-nevis:profile:0b00c8af802065af urn:x-nevis:profile:0b00c8af802065b3 urn:x-nevis:profile:0b00c8af802065b8 urn:x-nevis:profile:0b00c8af802065bf urn:x-nevis:profile:0b00c8af802065c5 urn:x-nevis:profile:0b00c8af802065ca urn:x-nevis:profile:0b00c8af802065cc urn:x-nevis:profile:0b00c8af802065e4" nevis:resource="0900c8af81d74716" nevis:resource2="urn:x-nevis:fragment:0900c8af81d74703:0900c8af81d74716#nev10122985n3" width="400" xml:lang="en-US"><nodes id="nev10122986n1-nev10122990n1"><node class="Components.StartNode" id="nev10122986n1-nev10122991n1" nodeid="Start" x="17" y="80"/><node class="Components.ScriptButton" id="nev10122986n1-nev10122992n1" nodeid="Hide" x="20" y="209"><gui height="30" id="nev10122986n1-nev10122993n1" width="110" x="280" y="100"/><property class="String" id="nev10122986n1-nev10122994n1" name="Text" type="In" value="" visible="0"/><property class="String" id="nev10122986n1-nev10122995n1" name="StartDisabled" type="Internal" value="false" visible="1"/><extension id="nev10122986n1-nev10122996n1"><phrase category="Faulttracing" id="nev10122986n1-nev10122989n1" phrase-urn="urn:x-nevis:phrase:0800c8af81b6b138">Hide</phrase></extension></node><node class="Components.ScriptComponent" id="nev10122986n1-nev10122997n1" nodeid="CloseScript" x="148" y="329"/><node class="Components.IdentifierComponent" id="nev10122986n1-nev10122998n1" nodeid="Read" x="238" y="20"><property class="Parameter" id="nev10122986n1-nev10122999n1" name="Brake pedal switch" type="Out" value="" visible="1"/><extension id="nev10122986n1-nev10123000n1"><identifier ecu="284101" ecuMode="EcuType" id="nev10122986n1-nev10123001n1" read="4" type="REID" value="0300"><parameter id="nev10122986n1-nev10123002n1" name="Brake pedal switch" textid="16232"/></identifier></extension></node><node class="Components.Gui.ParameterLabel" id="nev10122986n1-nev10123003n1" nodeid="Label" x="368" y="48"><gui height="70" id="nev10122986n1-nev10123004n1" width="380" x="10" y="10"/><property class="Parameter" id="nev10122986n1-nev10123005n1" name="Parameter" type="In" value="" visible="1"/><property class="String" id="nev10122986n1-nev10123006n1" name="Title" type="In" value="" visible="1"/><property class="String" id="nev10122986n1-nev10123007n1" name="Value" type="In" value="" visible="1"/><property class="String" id="nev10122986n1-nev10123008n1" name="Unit" type="In" value="" visible="1"/></node><node class="Components.Repeater" id="nev10122986n1-nev10123009n1" nodeid="Iterator" x="115" y="88"/><node class="Components.VehComm" id="nev10122986n1-nev10123010n1" nodeid="StopDiagnosticSession" x="148" y="189"><property class="String" id="nev10122986n1-nev10123011n1" name="Mode" type="Internal" value="EcuType" visible="1"/><property class="Int" id="nev10122986n1-nev10123012n1" name="EcuType" type="In" value="284101" visible="0"/><property class="Int" id="nev10122986n1-nev10123013n1" name="ServiceId" type="In" value="27" visible="0"/><property class="String" id="nev10122986n1-nev10123014n1" name="EcuName" type="Out" value="" visible="1"/><property class="Response" id="nev10122986n1-nev10123015n1" name="Result" type="Out" value="" visible="1"/><extension id="nev10122986n1-nev10123016n1"/></node></nodes><handlers id="nev10122986n1-nev10123017n1"><eventhandler id="nev10122986n1-nev10123018n1" name="OnStart" node="Start"><call id="nev10122986n1-nev10123019n1" method="UpdateTitles" node="Read"/><call id="nev10122986n1-nev10123020n1" method="Start" node="Iterator"/></eventhandler><eventhandler id="nev10122986n1-nev10123021n1" name="OnRepeat" node="Iterator"><call id="nev10122986n1-nev10123022n1" method="Read" node="Read"/></eventhandler><eventhandler id="nev10122986n1-nev10123023n1" name="Click" node="Hide"><call id="nev10122986n1-nev10123024n1" method="Execute" node="StopDiagnosticSession"/><call id="nev10122986n1-nev10123025n1" method="CloseDialog" node="CloseScript"/></eventhandler><propertyhandler id="nev10122986n1-nev10123026n1" name="Brake pedal switch" node="Read"><set id="nev10122986n1-nev10123027n1" node="Label" property="Parameter"/></propertyhandler></handlers></content></script>