<?xml version="1.0" encoding="UTF-8"?><servinfosub IE-ID="en-US0900c8af80cc6703" docno="VCC-150103" id="KC02730377" xml:lang="en-US">
<title>
<phrase category="" id="KC07172112" phrase-urn="urn:x-nevis:phrase:0800c8af81a90e73">Diagnostic trou#@#@#34#2 (A)</phrase>
</title>
<diagnostic type="condition">
<condgrp>
<condition type="condition">
<grate>
<graphic id="KC07172113" width="column">
<href>0900c8af8073117#@#@#9#.jpeg</href>
</graphic>
<graphtext>
<para>
<ptxt>
<phrase category="" id="KC07172114" phrase-urn="urn:x-nevis:phrase:0800c8af81a90e74">The diagnostic #@#@#91#ault.</phrase>
</ptxt>
</para>
<para>
<ptxt>
<phrase category="" id="KC07172115" phrase-urn="urn:x-nevis:phrase:0800c8af81a90e75">The diagnostic #@#@#50#n II.</phrase>
</ptxt>
</para>
</graphtext>
</grate>
</condition>
</condgrp>
<condgrp>
<condition type="substitution">
<list1 enumtype="d">
<item>
<ptxt>
<phrase category="" id="KC07172116" phrase-urn="urn:x-nevis:phrase:0800c8af81a90e76">None.</phrase>
</ptxt>
</item>
</list1>
</condition>
<ps>
<list1 enumtype="d" type="unordered">
<item>
<ptxt>
<phrase category="" id="KC07172117" phrase-urn="urn:x-nevis:phrase:0800c8af81a90e77">Internal fault #@#@#17#dule.</phrase>
</ptxt>
</item>
</list1>
</ps>
</condgrp>
<condgrp>
<condition type="symptom">
<list1 enumtype="d" type="unordered">
<item>
<ptxt>
<phrase category="" id="KC07172118" phrase-urn="urn:x-nevis:phrase:0800c8af81a90e78">No gauges are w#@#@#1#rking</phrase>
</ptxt>
</item>
<item>
<ptxt>
<phrase category="" id="KC07172119" phrase-urn="urn:x-nevis:phrase:0800c8af81a90e79">The instrument #@#@#20#erate</phrase>
</ptxt>
</item>
<item>
<ptxt>
<phrase category="" id="KC07172120" phrase-urn="urn:x-nevis:phrase:0800c8af81a90e7a">The turn signal#@#@#19#ating</phrase>
</ptxt>
</item>
<item>
<ptxt>
<phrase category="" id="KC07172121" phrase-urn="urn:x-nevis:phrase:0800c8af81a90e7b">Poor performance.</phrase>
</ptxt>
</item>
</list1>
</condition>
</condgrp>
</diagnostic>
</servinfosub>