<?xml version="1.0" encoding="UTF-8"?><servinfosub IE-ID="en-US0900c8af83886703" docno="VCC-148109" id="KC02719794" xml:lang="en-US">
<title>
<phrase category="" id="KC07846353" phrase-urn="urn:x-nevis:phrase:0800c8af81c22792">Diagnostic trou#@#@#30#-0117</phrase>
</title>
<diagnostic j2008use="1" paperuse="1" screenuse="1" type="condition">
<condgrp>
<condition type="condition">
<grate>
<graphic id="KC07846354" width="column">
<href>0900c8af80a53aa#@#@#9#.jpeg</href>
</graphic>
<graphtext>
<note>
<ptxt>
<phrase category="" id="KC07846355" phrase-urn="urn:x-nevis:phrase:0800c8af81c22794">The diagnostic #@#@#87#TC). </phrase>
</ptxt>
</note>
<ptxt>
<phrase category="" id="KC07846356" phrase-urn="urn:x-nevis:phrase:0800c8af81c22797">There are two v#@#@#311#2WD).</phrase>
</ptxt>
<para>
<ptxt>
<phrase category="" id="KC07846357" phrase-urn="urn:x-nevis:phrase:0800c8af81c22799">The diagnostic #@#@#64#d on.</phrase>
</ptxt>
</para>
</graphtext>
</grate>
</condition>
</condgrp>
<condgrp>
<condition type="substitution">
<list1 enumtype="d" type="unordered">
<item>
<ptxt>
<phrase category="" id="KC07846358" phrase-urn="urn:x-nevis:phrase:0800c8af81c2279a">Traction Contro#@#@#7#ocked</phrase>
</ptxt>
</item>
<item>
<ptxt>
<phrase category="" id="KC07846359" phrase-urn="urn:x-nevis:phrase:0800c8af81c2279b">Stability Contr#@#@#9#cked </phrase>
</ptxt>
</item>
<item>
<ptxt>
<phrase category="" id="KC07846360" phrase-urn="urn:x-nevis:phrase:0800c8af81c2279d">Active yaw cont#@#@#10#cked.</phrase>
</ptxt>
</item>
</list1>
<hint>
<ptxt>
<phrase category="" id="KC07846361" phrase-urn="urn:x-nevis:phrase:0800c8af81c2279f">
<xref>
<ref id="KC07846362"/>
</xref>
</phrase>
</ptxt>
</hint>
</condition>
<ps>
<list1 enumtype="d" type="unordered">
<item>
<ptxt>
<phrase category="" id="KC07846363" phrase-urn="urn:x-nevis:phrase:0800c8af81c227a0"> The body senso#@#@#68#2WD. </phrase>
</ptxt>
</item>
</list1>
<note id="nev12191252n100">
<ptxt id="nev12191252n99">
<phrase category="Condition" id="nev12191254n1" phrase-urn="urn:x-nevis:phrase:0800c8af8387390b">This diagnostic#@#@#147#dule.</phrase>
</ptxt>
</note>
</ps>
</condgrp>
<condgrp>
<condition type="symptom">
<list1 enumtype="d" type="unordered">
<item>
<ptxt>
<phrase category="" id="KC07846364" phrase-urn="urn:x-nevis:phrase:0800c8af81c227a1">The information#@#@#7#s lit</phrase>
</ptxt>
</item>
<item>
<ptxt>
<phrase category="" id="KC07846365" phrase-urn="urn:x-nevis:phrase:0800c8af81c227a3">Traction contro#@#@#14#ction</phrase>
</ptxt>
</item>
<item>
<ptxt>
<phrase category="" id="KC07846366" phrase-urn="urn:x-nevis:phrase:0800c8af81c227a5">The stability c#@#@#27#tion.</phrase>
</ptxt>
</item>
</list1>
</condition>
</condgrp>
</diagnostic>
</servinfosub>