<?xml version="1.0" encoding="UTF-8"?><servinfosub IE-ID="en-US0900c8af86060703" docno="VCC-432489" id="nev17267481n1" original="sv-SE" servinfosubId="nev20682577n1-nev20682577n2" servinfosubRes="0900c8af862b8c66" servinfosubRes2="urn:x-nevis:fragment:0900c8af86060703:0900c8af862b8c66#nev20682577n2" xml:lang="en-US">
<title id="nev17267481n2">Component locat#@#@#38#(PAC)</title>
<grate id="nev20682577n1-nev19987147n244">
<graphic id="nev20682577n1-nev19987147n243">
<href>0900c8af86058e8#@#@#11#.jpeg</href>
</graphic>
</grate>
<list1 enumtype="n" id="nev20682577n1-nev17267481n5" type="ordered">
<title id="nev20682577n1-nev17267481n6">Overview</title>
<item id="nev20682577n1-nev19987147n239">
<ptxt id="nev20682577n1-nev19987147n236">Parking Assista#@#@#12#PAC).</ptxt>
</item>
<item id="nev20682577n1-nev17267481n7">
<ptxt id="nev20682577n1-nev17267481n8">Side view camer#@#@#30#pan).</ptxt>
</item>
<item id="nev20682577n1-nev19987147n238">
<ptxt id="nev20682577n1-nev19987147n237">Switch for shif#@#@#116#pan).</ptxt>
</item>
</list1>
</servinfosub>