<?xml version="1.0" encoding="UTF-8"?><diagnostic IE-ID="en-US0900c8af808ec515" docno="VCC-108549" id="KC01641588" type="test" xml:lang="en-US">
<title>
<phrase category="" id="KC07778879" phrase-urn="urn:x-nevis:phrase:0800c8af81bc3fd7">Verification</phrase>
</title>
<testgrp IE-ID="en-US0900c8af808ec515_KC02617390" id="KC02617390" j2008use="1" paperuse="1" resumable="1" screenuse="1" testgrp-id="ver211" x="280" y="120">
<title>
<phrase category="" id="KC07778880" phrase-urn="urn:x-nevis:phrase:0800c8af81bc3fd8">Verification</phrase>
</title>
<node>
<test1>
<hint>
<ptxt>
<phrase category="" id="KC07778881" phrase-urn="urn:x-nevis:phrase:0800c8af81bc3fdd">After carrying #@#@#50#died.</phrase>
</ptxt>
</hint>
<diaglist>
<dgraphic>
<dgraphic1>
<graphic id="KC07778882">
<href>0900c8af80054d3#@#@#9#.jpeg</href>
</graphic>
</dgraphic1>
<dgraphic3>
<graphic id="KC07778883">
<href>0900c8af80054cc#@#@#9#.jpeg</href>
</graphic>
</dgraphic3>
</dgraphic>
<ditem>
<ptxt>
<phrase category="" id="KC07778884" phrase-urn="urn:x-nevis:phrase:0800c8af81bc3fde">Ignition off.</phrase>
</ptxt>
</ditem>
<ditem>
<ptxt>
<phrase category="" id="KC07778885" phrase-urn="urn:x-nevis:phrase:0800c8af81bc3fdf">Reconnect the c#@#@#31# etc.</phrase>
</ptxt>
</ditem>
<ditem>
<ptxt>
<phrase category="" id="KC07778886" phrase-urn="urn:x-nevis:phrase:0800c8af81bc3fe0">DSA control mod#@#@#9#cted.</phrase>
</ptxt>
</ditem>
<ditem>
<ptxt>
<phrase category="" id="KC07778887" phrase-urn="urn:x-nevis:phrase:0800c8af81bc3fe1">Start the engine.</phrase>
</ptxt>
</ditem>
</diaglist>
<test2>
<ptxt>
<phrase category="" id="KC07778888" phrase-urn="urn:x-nevis:phrase:0800c8af81bc3fe2">Read off the st#@#@#32#itch.</phrase>
</ptxt>
<diaglist>
<dgraphic>
<dgraphic2>
<graphic id="KC07778889">
<href>0900c8af86c8681#@#@#9#.jpeg</href>
</graphic>
<smarttool active="press" id="KC07778890" toolname="XDS1A502"/>
</dgraphic2>
</dgraphic>
<ditem>
<ditemtext>
<ptxt>
<phrase category="" id="KC07778891" phrase-urn="urn:x-nevis:phrase:0800c8af81bc3fe3"/>
</ptxt>
</ditemtext>
</ditem>
<ditem>
<ditemtext>
<ptxt>
<phrase category="" id="KC07778892" phrase-urn="urn:x-nevis:phrase:0800c8af81bc3fe4"/>
</ptxt>
</ditemtext>
</ditem>
</diaglist>
<grate>
<graphic id="KC07778893">
<href>0900c8af801229e#@#@#9#.jpeg</href>
</graphic>
</grate>
</test2>
</test1>
<question>When the brake #@#@#98#e ON.</question>
<resact-grp>
<result button="ok" comp="button" highlight="0"/>
<action j2008use="1" paperuse="1" screenuse="1">
<return value="VERIFIED"/>
</action>
</resact-grp>
<resact-grp>
<result button="notok" comp="button" highlight="0"/>
<action j2008use="1" paperuse="1" screenuse="1">
<return value="VERIFICATION FAILED"/>
</action>
</resact-grp>
</node>
</testgrp>
</diagnostic>