<?xml version="1.0" encoding="UTF-8"?><servinfosub IE-ID="en-US0900c8af84dd8515" docno="VCC-159235" id="KC06291661" xml:lang="en-US">
<title>
<phrase category="" id="KC09540308" phrase-urn="urn:x-nevis:phrase:0800c8af8271c619">Signal too high</phrase>
</title>
<diagnostic j2008use="1" layout="0" paperuse="1" screenuse="1" type="test">
<testgrp IE-ID="en-US0900c8af84dd8515_KC06319914" id="KC06319914" j2008use="1" paperuse="1" resumable="1" screenuse="1" testgrp-id="node1" x="220" y="40">
<title>
<phrase category="" id="KC09540309" phrase-urn="urn:x-nevis:phrase:0800c8af8271c61a">Function test</phrase>
</title>
<node>
<test1>
<diaglist>
<dgraphic>
<dgraphic1>
<graphic id="KC09540310">
<href>0900c8af80054d5#@#@#9#.jpeg</href>
</graphic>
</dgraphic1>
</dgraphic>
<ditem>
<ptxt>
<phrase category="" id="KC09540311" phrase-urn="urn:x-nevis:phrase:0800c8af8271c61b">Ignition on.</phrase>
</ptxt>
</ditem>
</diaglist>
<test2>
<para>
<ptxt>
<phrase category="" id="KC09540312" phrase-urn="urn:x-nevis:phrase:0800c8af8271c61c">Check the rear #@#@#43#mbol.</phrase>
</ptxt>
</para>
<diaglist>
<dgraphic>
<dgraphic2>
<graphic id="KC09540313">
<href>0900c8af86c8681#@#@#9#.jpeg</href>
</graphic>
<smarttool active="press" id="KC09540314" toolname="YKVM0004"/>
</dgraphic2>
</dgraphic>
</diaglist>
<grate>
<graphic id="KC09540316">
<href>0900c8af8162116#@#@#9#.jpeg</href>
</graphic>
</grate>
</test2>
</test1>
<question>
Was the functi#@#@#2# OK?
</question>
<resact-grp>
<result button="yes" comp="button" highlight="0"/>
<action j2008use="1" paperuse="1" screenuse="1">
<ptxt>
<xref>
<ref id="KC09540318"/>
</xref>
</ptxt>
</action>
</resact-grp>
<resact-grp>
<result button="no" comp="button" highlight="0"/>
<action j2008use="1" paperuse="1" screenuse="1">
<ptxt>
<xref>
<ref id="KC09540319"/>
</xref>
</ptxt>
</action>
</resact-grp>
</node>
</testgrp>
<testgrp id="KC06319915" j2008use="1" paperuse="1" resumable="1" screenuse="1" testgrp-id="node5" x="300" y="200">
<title>
<phrase category="" id="KC09540320" phrase-urn="urn:x-nevis:phrase:0800c8af8271c61f">Fault-tracing i#@#@#5#ation</phrase>
</title>
<node>
<test1>
<test2>
<para>
<ptxt>
<phrase category="" id="KC09540321" phrase-urn="urn:x-nevis:phrase:0800c8af8271c620">The keyless veh#@#@#353#curs.</phrase>
</ptxt>
<ptxt>
<phrase category="" id="KC09540322" phrase-urn="urn:x-nevis:phrase:0800c8af8271c621">You can choose #@#@#52#ing. </phrase>
</ptxt>
</para>
</test2>
</test1>
<question>
Do you want to#@#@#24#ain?
</question>
<resact-grp>
<result button="yes" comp="button" highlight="0"/>
<action j2008use="1" paperuse="1" screenuse="1">
<ptxt>
<xref>
<ref id="KC09540324"/>
</xref>
</ptxt>
</action>
</resact-grp>
<resact-grp id="nev12311407n86">
<result button="no" comp="button" highlight="0" id="nev12311407n85"/>
<action id="nev12312486n100" j2008use="1" paperuse="0" screenuse="1">
<return id="nev12312486n99" value="FAULT NOT FOUND"/>
</action>
</resact-grp>
</node>
</testgrp>
<testgrp id="KC06319916" j2008use="1" paperuse="1" resumable="1" screenuse="1" testgrp-id="node2" x="60" y="200">
<title>
<phrase category="" id="KC09540325" phrase-urn="urn:x-nevis:phrase:0800c8af8271c623">Checking the wiring</phrase>
</title>
<node>
<test1>
<diaglist>
<dgraphic>
<dgraphic1>
<graphic id="KC09540326">
<href>0900c8af80054d4#@#@#9#.jpeg</href>
</graphic>
</dgraphic1>
<dgraphic2>
<graphic id="KC09540327">
<href>0900c8af8012814#@#@#9#.jpeg</href>
</graphic>
</dgraphic2>
</dgraphic>
<ditem>
<ptxt>
<phrase category="" id="KC09540328" phrase-urn="urn:x-nevis:phrase:0800c8af8271c624">Ignition off</phrase>
</ptxt>
</ditem>
<ditem>
<ptxt>
<phrase category="" id="KC09540329" phrase-urn="urn:x-nevis:phrase:0800c8af8271c625">Disconnect the #@#@#17#lead.</phrase>
</ptxt>
</ditem>
</diaglist>
<test2>
<para>
<ptxt>
<phrase category="" id="KC09540330" phrase-urn="urn:x-nevis:phrase:0800c8af8271c626">Check readings #@#@#102#tage.</phrase>
</ptxt>
</para>
<para>
<ptxt>
<phrase category="" id="KC09540331" phrase-urn="urn:x-nevis:phrase:0800c8af8271c627">To check an ant#@#@#326#bers.</phrase>
</ptxt>
</para>
<para>
<ptxt>
<phrase category="" id="KC09540332" phrase-urn="urn:x-nevis:phrase:0800c8af8271c628">Remedy as necessary.</phrase>
</ptxt>
</para>
<list1 enumtype="d" type="unordered">
<title>
<phrase category="" id="KC09540333" phrase-urn="urn:x-nevis:phrase:0800c8af8271c629">Other information</phrase>
</title>
<item>
<ptxt>
<phrase category="" id="KC09540334" phrase-urn="urn:x-nevis:phrase:0800c8af8271c60c">
<xref>
<ref id="KC09540335"/>
</xref>
</phrase>
</ptxt>
</item>
<item>
<ptxt>
<xref id="nev15353463n100">
<ref id="l1260439205050"/>
</xref>
</ptxt>
</item>
<item>
<ptxt>
<xref id="nev15353442n99">
<ref id="l1152623109370"/>
</xref>
</ptxt>
</item>
<item>
<ptxt>
<phrase category="" id="KC09540340" phrase-urn="urn:x-nevis:phrase:0800c8af8271c610">
<xref>
<ref id="KC09540341"/>
</xref>
</phrase>
</ptxt>
</item>
</list1>
<grate>
<graphic id="KC09540342">
<href>0900c8af8162116#@#@#9#.jpeg</href>
</graphic>
</grate>
</test2>
</test1>
<question>
Was a fault de#@#@#3#ted?
</question>
<resact-grp id="nev12311407n98">
<result button="yes" comp="button" highlight="0" id="nev12311407n97"/>
<action id="nev12311407n90" j2008use="1" paperuse="0" screenuse="1">
<ptxt id="nev12311407n89">
<xref id="nev12311407n88">
<ref id="nev12311407n87"/>
</xref>
</ptxt>
</action>
</resact-grp>
<resact-grp id="nev12311407n96">
<result button="no" comp="button" highlight="0" id="nev12311407n95"/>
<action id="nev12311407n94" j2008use="1" paperuse="0" screenuse="1">
<ptxt id="nev12311407n93">
<xref id="nev12311407n92">
<ref id="nev12311407n91"/>
</xref>
</ptxt>
</action>
</resact-grp>
</node>
</testgrp>
<testgrp id="KC06319917" j2008use="1" paperuse="1" resumable="1" screenuse="1" testgrp-id="node4" x="60" y="360">
<title>
<phrase category="" id="KC09540345" phrase-urn="urn:x-nevis:phrase:0800c8af8271c612">Replacing the c#@#@#8#odule</phrase>
</title>
<node>
<test1>
<test2>
<para>
<ptxt>
<phrase category="" id="KC09540346" phrase-urn="urn:x-nevis:phrase:0800c8af8271c613">The fault is pr#@#@#133#case.</phrase>
</ptxt>
</para>
<list1 enumtype="d" type="unordered">
<title>
<phrase category="" id="KC09540347" phrase-urn="urn:x-nevis:phrase:0800c8af8271c614">Other information</phrase>
</title>
<item>
<ptxt>
<phrase category="" id="KC09540348" phrase-urn="urn:x-nevis:phrase:0800c8af8271c615">
<xref>
<ref id="KC09540349"/>
</xref>
</phrase>
</ptxt>
</item>
</list1>
<diaglist/>
<grate>
<graphic id="KC09540350">
<href>0900c8af8162116#@#@#9#.jpeg</href>
</graphic>
</grate>
</test2>
</test1>
<question>
Select Continue.
</question>
<resact-grp>
<result button="cont" comp="button" highlight="0"/>
<action j2008use="1" paperuse="1" screenuse="1">
<ptxt>
<xref>
<ref id="KC09540352"/>
</xref>
</ptxt>
</action>
</resact-grp>
</node>
</testgrp>
<testgrp id="KC06319918" j2008use="1" paperuse="1" resumable="1" screenuse="1" testgrp-id="veria" x="240" y="360">
<title>
<phrase category="" id="KC09540353" phrase-urn="urn:x-nevis:phrase:0800c8af8271c617">Verification</phrase>
</title>
<subcalloutnode>
<diagcallout>
<xref>
<ref id="KC09540354"/>
</xref>
</diagcallout>
<rescall-grp>
<result comp="string" highlight="0" op="eq" return="VERIFIED"/>
<calloutaction>
<return value="FAULT FOUND"/>
</calloutaction>
</rescall-grp>
<rescall-grp>
<result comp="string" highlight="0" op="eq" return="VERIFICATION FAILED"/>
<calloutaction>
<ptxt>
<xref>
<ref id="KC09540355"/>
</xref>
</ptxt>
</calloutaction>
</rescall-grp>
</subcalloutnode>
</testgrp>
<testgrp id="KC06319919" j2008use="1" paperuse="0" resumable="1" screenuse="1" testgrp-id="info1" x="200" y="500">
<title>
<phrase category="" id="KC09540356" phrase-urn="urn:x-nevis:phrase:0800c8af8271c618">Fault-tracing i#@#@#5#ation</phrase>
</title>
<subcalloutnode>
<diagcallout>
<xref>
<ref id="KC09540357"/>
</xref>
</diagcallout>
<rescall-grp>
<result comp="string" highlight="0" op="eq" return="FAULTTRACING FAILED"/>
<calloutaction>
<return value="FAULTTRACING FAILED"/>
</calloutaction>
</rescall-grp>
<rescall-grp>
<result comp="string" highlight="0" op="eq" return="NEW TRY"/>
<calloutaction>
<ptxt>
<xref>
<ref id="KC09540358"/>
</xref>
</ptxt>
</calloutaction>
</rescall-grp>
</subcalloutnode>
</testgrp>
</diagnostic>
</servinfosub>