<?xml version="1.0" encoding="UTF-8"?><servinfosub IE-ID="en-US0900c8af8670f71c" docno="VCC-370666" id="nev13714787n1" original="sv-SE" servinfosubId="nev13714788n1-nev13714789n1" servinfosubRes="0900c8af8671597f" servinfosubRes2="urn:x-nevis:fragment:0900c8af8670f71c:0900c8af8671597f#nev13714789n1" xml:lang="en-US">
<operationnumbers>
<operationnumber>43230-2</operationnumber>
</operationnumbers>
<title id="nev13714786n44">Knob, gear shif#@#@#5#ector</title>
<procedure id="nev13714788n1-nev13714786n85">
<stepgrp boilerplate="false" context="" id="nev13714788n1-nev21751900n28">
<title id="nev13714788n1-0800c8af844a46f6">Removal</title>
<procstep id="nev13714788n1-nev15129059n22">
<grate id="nev13714788n1-nev21751900n26">
<graphic id="nev13714788n1-nev21751900n27">
<href>0900c8af840fae0#@#@#9#.jpeg</href>
</graphic>
</grate>
</procstep>
</stepgrp>
<stepgrp boilerplate="false" context="" id="nev13714788n1-nev21751900n25">
<title id="nev13714788n1-0800c8af844a46f9">Installation</title>
<procstep id="nev13714788n1-nev15129059n19">
<grate id="nev13714788n1-nev21751900n23">
<graphic id="nev13714788n1-nev21751900n24">
<href>0900c8af841798f#@#@#9#.jpeg</href>
</graphic>
</grate>
</procstep>
<procstep id="nev13714788n1-nev15129059n18">
<grate id="nev13714788n1-nev21751900n21">
<graphic id="nev13714788n1-nev21751900n22">
<href>0900c8af841798f#@#@#9#.jpeg</href>
</graphic>
</grate>
</procstep>
<procstep id="nev13714788n1-nev15129059n17">
<grate id="nev13714788n1-nev21751900n19">
<graphic id="nev13714788n1-nev21751900n20">
<href>0900c8af841798f#@#@#9#.jpeg</href>
</graphic>
<graphtext id="nev13714788n1-nev21752907n1">
<warning id="nev13714788n1-0800c8af844a4816">
<ptxt>Check for corre#@#@#31#tion.</ptxt>
</warning>
</graphtext>
</grate>
</procstep>
<procstep id="nev13714788n1-nev21745807n88">
<title id="nev13714788n1-0800c8af858b1ac6">Vehicles with l#@#@#35#knob.</title>
</procstep>
<procstep id="nev13714788n1-nev21745807n86">
<para id="nev13714788n1-nev21751900n17">
<ptxt id="nev13714788n1-nev21751900n18">Remove center c#@#@#1#nsole<xref boilerplate="true" id="nev13714788n1-0800c8af84513483">
<ref id="nev13714788n1-nev21745807n83"/>
</xref>
</ptxt>
</para>
</procstep>
<procstep id="nev13714788n1-nev21745807n81">
<grate id="nev13714788n1-nev21751900n15">
<graphic id="nev13714788n1-nev21751900n16">
<href>0900c8af8450c2f#@#@#9#.jpeg</href>
</graphic>
<graphtext id="nev13714788n1-nev21752914n1">
<para id="nev13714788n1-nev21751900n13">
<ptxt id="nev13714788n1-nev21751900n14">Remove the panel.</ptxt>
</para>
</graphtext>
</grate>
</procstep>
<procstep id="nev13714788n1-nev21745807n76">
<grate id="nev13714788n1-nev21751900n11">
<graphic id="nev13714788n1-nev21751900n12">
<href>0900c8af85edd5d#@#@#9#.jpeg</href>
</graphic>
<graphtext id="nev13714788n1-nev21752918n1">
<para id="nev13714788n1-nev21751900n9">
<ptxt id="nev13714788n1-nev21751900n10">Disconnect the #@#@#5#ctor.</ptxt>
</para>
</graphtext>
</grate>
</procstep>
<procstep id="nev13714788n1-nev21746751n80">
<grate id="nev13714788n1-nev21751900n7">
<graphic id="nev13714788n1-nev21751900n8">
<href>0900c8af8670f5b#@#@#9#.jpeg</href>
</graphic>
<graphtext id="nev13714788n1-nev21752922n1">
<para id="nev13714788n1-nev21751900n5">
<ptxt id="nev13714788n1-nev21751900n6">Release the catches.</ptxt>
</para>
</graphtext>
</grate>
</procstep>
<procstep id="nev13714788n1-nev21746751n75">
<grate id="nev13714788n1-nev21751900n3">
<graphic id="nev13714788n1-nev21751900n4">
<href>0900c8af85ed5f2#@#@#9#.jpeg</href>
</graphic>
<graphtext id="nev13714788n1-nev21752926n1">
<para id="nev13714788n1-nev21751900n1">
<ptxt id="nev13714788n1-nev21751900n2">Release the catches.</ptxt>
</para>
</graphtext>
</grate>
</procstep>
<procstep id="nev13714788n1-nev21746751n70">
<grate id="nev13714788n1-nev21752892n99">
<graphic id="nev13714788n1-nev21752892n100">
<href>0900c8af8670f5c#@#@#9#.jpeg</href>
</graphic>
<graphtext id="nev13714788n1-nev21752930n1">
<para id="nev13714788n1-nev21752892n97">
<ptxt id="nev13714788n1-nev21752892n98">Loosen the clip.</ptxt>
</para>
</graphtext>
</grate>
</procstep>
<procstep id="nev13714788n1-nev21746751n65">
<grate id="nev13714788n1-nev21752892n95">
<graphic id="nev13714788n1-nev21752892n96">
<href>0900c8af8670f5c#@#@#9#.jpeg</href>
</graphic>
<graphtext id="nev13714788n1-nev21752934n1">
<caution id="nev13714788n1-0800c8af85b6e24a">
<ptxt>Pull carefully.</ptxt>
</caution>
<para id="nev13714788n1-nev21752892n93">
<ptxt id="nev13714788n1-nev21752892n94">Release the catches.</ptxt>
</para>
</graphtext>
</grate>
</procstep>
</stepgrp>
<stepgrp boilerplate="false" context="" id="nev13714788n1-nev21752892n92">
<title id="nev13714788n1-0800c8af844a46f9">Installation</title>
<procstep id="nev13714788n1-nev21746751n57">
<grate id="nev13714788n1-nev21752892n90">
<graphic id="nev13714788n1-nev21752892n91">
<href>0900c8af85ed5f2#@#@#9#.jpeg</href>
</graphic>
</grate>
</procstep>
<procstep id="nev13714788n1-nev21746751n54">
<para id="nev13714788n1-nev21752892n88">
<ptxt id="nev13714788n1-nev21752892n89">To install, rev#@#@#22#dure.</ptxt>
</para>
</procstep>
</stepgrp>
</procedure>
</servinfosub>