<?xml version="1.0" encoding="UTF-8"?><servinfosub IE-ID="en-US0900c8af8068771c" docno="VCC-047333" id="KC02310101" xml:lang="en-US">
<title>
<phrase category="" id="KC08391402" phrase-urn="urn:x-nevis:phrase:0800c8af81dc2a81">      Current t#@#@#22#ault </phrase>
</title>
<diagnostic type="test">
<testgrp IE-ID="en-US0900c8af8068771c_KC02310102" id="KC02310102" testgrp-id="ec15">
<title>
<phrase category="" id="KC08391403" phrase-urn="urn:x-nevis:phrase:0800c8af81dc2a82">      Check lea#@#@#11#inals</phrase>
</title>
<node>
<test1>
<test2>
<diaglist>
<dgraphic>
<dgraphic2>
<graphic id="KC08391404">
<href>0900c8af80054d4#@#@#9#.jpeg</href>
</graphic>
<smarttool active="press" id="KC08391405" toolname="ODAH"/>
</dgraphic2>
</dgraphic>
<ditem>
<ditemtext>
<ptxt>
<phrase category="" id="KC08391406" phrase-urn="urn:x-nevis:phrase:0800c8af81dc2a83">      Check lea#@#@#75# per <xref>
<ref id="KC08391407"/>
</xref>.</phrase>
</ptxt>
</ditemtext>
</ditem>
<ditem>
<ptxt>
<phrase category="" id="KC08391408" phrase-urn="urn:x-nevis:phrase:0800c8af81dc2a84">
<emph etype="bold">1994 models and#@#@#4#lier </emph>:Check 53-pin c#@#@#105# per <xref>
<ref id="KC08391409"/>
</xref>, as well as co#@#@#33# per <xref>
<ref id="KC08391410"/>
</xref>.</phrase>
</ptxt>
</ditem>
<ditem>
<ptxt>
<phrase category="" id="KC08391411" phrase-urn="urn:x-nevis:phrase:0800c8af81dc2a85">
<emph etype="bold">1995 models</emph>:Check 55-pin c#@#@#109# per <xref>
<ref id="KC08391412"/>
</xref>, as well as co#@#@#33# per <xref>
<ref id="KC08391413"/>
</xref>.</phrase>
</ptxt>
</ditem>
</diaglist>
<grate>
<graphic id="KC08391414" width="column">
<href>0900c8af8012d88#@#@#9#.jpeg</href>
</graphic>
</grate>
</test2>
</test1>
<question>Press Continue #@#@#18#ired.</question>
<resact-grp>
<result button="cont" comp="button"/>
<action>
<return value="FAULT FOUND"/>
</action>
</resact-grp>
</node>
</testgrp>
</diagnostic>
</servinfosub>