<?xml version="1.0" encoding="UTF-8"?><servinfosub IE-ID="en-US0900c8af8092f71c" docno="VCC-109877" id="KC02383202" xml:lang="en-US">
<title>
<phrase category="" id="KC06379803" phrase-urn="urn:x-nevis:phrase:0800c8af8189f53d">Signal faulty. #@#@#14#ault.</phrase>
</title>
<diagnostic type="test">
<testgrp IE-ID="en-US0900c8af8092f71c_KC02496028" id="KC02496028" j2008use="1" paperuse="1" resumable="1" screenuse="1" testgrp-id="ea10" x="160" y="80">
<title>
<phrase category="" id="KC06379804" phrase-urn="urn:x-nevis:phrase:0800c8af8189f53e">Checking the wi#@#@#14#tions</phrase>
</title>
<node>
<test1>
<test2>
<para>
<ptxt>
<phrase category="" id="KC06379805" phrase-urn="urn:x-nevis:phrase:0800c8af8189f53f">Check impulse s#@#@#65#d in <xref>
<ref id="KC06379806"/>
</xref>, and for conta#@#@#39#d in <xref>
<ref id="KC06379807"/>
</xref>.</phrase>
</ptxt>
<ptxt>
<phrase category="" id="KC06379808" phrase-urn="urn:x-nevis:phrase:0800c8af8189f541">Check the wire #@#@#105#d in <xref>
<ref id="KC06379809"/>
</xref>.</phrase>
</ptxt>
<ptxt>
<phrase category="" id="KC06379810" phrase-urn="urn:x-nevis:phrase:0800c8af8189f543">Check wire betw#@#@#100#d in <xref>
<ref id="KC06379811"/>
</xref>, an intermitte#@#@#38#d in <xref>
<ref id="KC06379812"/>
</xref>, and for an in#@#@#54#d in <xref>
<ref id="KC06379813"/>
</xref>.</phrase>
</ptxt>
</para>
<list1 enumtype="d" type="unordered">
<title>
<phrase category="" id="KC06379814" phrase-urn="urn:x-nevis:phrase:0800c8af8189f544">Additional info#@#@#3#tion:</phrase>
</title>
<item>
<ptxt>
<phrase category="" id="KC06379815" phrase-urn="urn:x-nevis:phrase:0800c8af8189f546">To connect the #@#@#9# see <xref>
<ref id="KC06379816"/>
</xref>.</phrase>
</ptxt>
</item>
<item>
<ptxt>
<phrase category="" id="KC06379817" phrase-urn="urn:x-nevis:phrase:0800c8af8189f548">For information#@#@#22# see <xref>
<ref id="KC06379818"/>
</xref>
</phrase>
</ptxt>
</item>
<item>
<ptxt>
<phrase category="" id="KC06379819" phrase-urn="urn:x-nevis:phrase:0800c8af8189f531">For information#@#@#18# see <xref>
<ref id="KC06379820"/>
</xref>
</phrase>
</ptxt>
</item>
</list1>
<diaglist>
<dgraphic>
<dgraphic1>
<graphic id="KC06379821">
<href>0900c8af8012085#@#@#9#.jpeg</href>
</graphic>
</dgraphic1>
</dgraphic>
</diaglist>
</test2>
</test1>
<question>Press Continue #@#@#29#fied.</question>
<resact-grp>
<result button="cont" comp="button" highlight="0"/>
<action j2008use="1" paperuse="1" screenuse="1">
<ptxt>
<xref>
<ref id="KC06379822"/>
</xref>
</ptxt>
</action>
</resact-grp>
</node>
</testgrp>
<testgrp id="KC02496029" j2008use="1" paperuse="1" resumable="1" screenuse="1" testgrp-id="info2" x="320" y="80">
<title>
<phrase category="" id="KC06379823" phrase-urn="urn:x-nevis:phrase:0800c8af8189f532">Trouble-shootin#@#@#8#ation</phrase>
</title>
<subcalloutnode>
<diagcallout>
<xref>
<ref id="KC06379824"/>
</xref>
</diagcallout>
<rescall-grp>
<result comp="string" highlight="0" op="eq" return="NEW TRY"/>
<calloutaction>
<return value="NEW TRY"/>
</calloutaction>
</rescall-grp>
<rescall-grp>
<result comp="string" highlight="0" op="eq" return="DONE"/>
<calloutaction>
<return value="DONE"/>
</calloutaction>
</rescall-grp>
<rescall-grp>
<result comp="string" highlight="0" op="eq" return="FAULT FOUND"/>
<calloutaction>
<return value="FAULT FOUND"/>
</calloutaction>
</rescall-grp>
</subcalloutnode>
</testgrp>
</diagnostic>
</servinfosub>