<?xml version="1.0" encoding="UTF-8"?><servinfosub IE-ID="en-US0900c8af8471371c" docno="VCC-371326" id="nev13720273n1" original="sv-SE" servinfosubId="nev13720274n1-nev13720289n1" servinfosubRes="0900c8af847268a8" servinfosubRes2="urn:x-nevis:fragment:0900c8af8471371c:0900c8af847268a8#nev13720289n1" xml:lang="en-US">
<title id="nev13720272n41">Stop button sea#@#@#1# belt</title>
<procedure id="nev13720274n1-nev13720288n52">
<note id="nev13720274n1-nev13720288n53">
<ptxt id="nev13720274n1-nev13720288n54">Since the illus#@#@#107#ccur.</ptxt>
</note>
<stepgrp id="nev13720274n1-nev13720288n55">
<procstep id="nev13720274n1-nev13720288n56">
<title id="nev13720274n1-nev13720288n57">Specifications #@#@#32# belt</title>
<grate id="nev13720274n1-nev13720288n58">
<graphic id="nev13720274n1-nev13720288n59">
<href>0900c8af8005a4c#@#@#9#.jpeg</href>
</graphic>
</grate>
<para id="nev13720274n1-nev13720288n60">
<ptxt id="nev13720274n1-nev13720288n61"/>
</para>
<table id="nev13720274n1-nev14146177n175" pgwide="1">
<tgroup cols="3" id="nev13720274n1-nev14146177n174">
<colspec colname="col1" colwidth="25*" id="nev13720274n1-nev14146177n173"/>
<colspec colname="col3" colwidth="25*" id="nev13720274n1-nev14146177n172"/>
<colspec colname="col4" colwidth="25*" id="nev13720274n1-nev14146177n171"/>
<tbody id="nev13720274n1-nev14146177n170">
<row id="nev13720274n1-nev14146177n169">
<entry colname="col1" id="nev13720274n1-nev14146177n168">
<ptxt id="nev13720274n1-nev14146177n167">
<emph id="nev13720274n1-nev14146177n166">Model</emph>
</ptxt>
</entry>
<entry colname="col3" id="nev13720274n1-nev14146177n165">
<ptxt id="nev13720274n1-nev14146177n164">
<emph id="nev13720274n1-nev14146177n163">Seat belt type</emph>
</ptxt>
</entry>
<entry colname="col4" id="nev13720274n1-nev14146177n162">
<ptxt id="nev13720274n1-nev14146177n161">
<emph id="nev13720274n1-nev14146177n160">Distance to the#@#@#11# (mm)</emph>
</ptxt>
</entry>
</row>
<row id="nev13720274n1-nev14146177n159">
<entry colname="col1" id="nev13720274n1-nev14146177n158">
<ptxt id="nev13720274n1-nev14146177n157">XC60 (09-)</ptxt>
</entry>
<entry colname="col3" id="nev13720274n1-nev14146177n156">
<ptxt id="nev13720274n1-nev14146177n155">Right and left #@#@#3#nt US</ptxt>
</entry>
<entry colname="col4" id="nev13720274n1-nev14146177n154">
<ptxt id="nev13720274n1-nev14146177n153">300±10 mm</ptxt>
</entry>
</row>
<row id="nev13720274n1-nev14146177n152">
<entry id="nev13720274n1-nev14146177n151"/>
<entry id="nev13720274n1-nev14146177n150">
<ptxt id="nev13720274n1-nev14146177n149">Right and left #@#@#3#nt EU</ptxt>
</entry>
<entry id="nev13720274n1-nev14146177n148">
<ptxt id="nev13720274n1-nev14146177n147">235±10 mm</ptxt>
</entry>
</row>
<row id="nev13720274n1-nev14146177n134">
<entry colname="col1" id="nev13720274n1-nev14146177n133"/>
<entry colname="col3" id="nev13720274n1-nev14146177n132">
<ptxt id="nev13720274n1-nev14146177n131">Right and left rear</ptxt>
</entry>
<entry colname="col4" id="nev13720274n1-nev14146177n130">
<ptxt id="nev13720274n1-nev14146177n129">340± 10 mm</ptxt>
</entry>
</row>
<row id="nev13720274n1-nev14146177n122">
<entry colname="col1" id="nev13720274n1-nev14146177n121"/>
<entry colname="col3" id="nev13720274n1-nev14146177n120">
<ptxt id="nev13720274n1-nev14146177n119">Center seat, rear</ptxt>
</entry>
<entry colname="col4" id="nev13720274n1-nev14146177n118">
<ptxt id="nev13720274n1-nev14146177n117">270±10 mm</ptxt>
</entry>
</row>
</tbody>
</tgroup>
</table>
</procstep>
</stepgrp>
</procedure>
</servinfosub>