<?xml version="1.0" encoding="UTF-8"?><servinfosub IE-ID="en-US0900c8af8051d71c" docno="VCC-128290" id="KC01605812" xml:lang="en-US">
<title>Increased front#@#@#14#angle</title>
<procedure>
<stepgrp id="KC01606044">
<procstep id="KC01606045">
<title>Removal</title>
<grate>
<graphic id="KC07521743">
<href>0900c8af803f812#@#@#9#.jpeg</href>
</graphic>
<graphtext>
<list1 enumtype="d" type="unordered">
<item>
<ptxt>Open the door</ptxt>
</item>
<item>
<ptxt>Detach the rubb#@#@#25#p arm</ptxt>
</item>
<item>
<ptxt>Unscrew the scr#@#@#23#p arm</ptxt>
</item>
<item>
<ptxt>Remove the spac#@#@#33#body.</ptxt>
</item>
</list1>
</graphtext>
</grate>
</procstep>
<procstep id="KC01606046">
<title>Installation</title>
<list1 enumtype="d" type="unordered">
<item>
<ptxt>Install the new#@#@#38#body </ptxt>
</item>
<item>
<ptxt>Install the screw</ptxt>
</item>
<item>
<ptxt>Reinstall the r#@#@#6#boot.</ptxt>
</item>
</list1>
</procstep>
<procstep id="KC01606047">
<title>Check</title>
<list1 enumtype="d" type="unordered">
<title>Check that</title>
<item>
<ptxt>the door can be#@#@#40#noise</ptxt>
</item>
<item>
<ptxt>the door does n#@#@#32#oses.</ptxt>
</item>
</list1>
</procstep>
</stepgrp>
</procedure>
</servinfosub>