<?xml version="1.0" encoding="UTF-8"?><servinfosub IE-ID="en-US0900c8af850de30f" docno="VCC-132869" id="KC01111166" xml:lang="en-US">
<title id="nev12265658n250">Ignition key/Re#@#@#34#sing </title>
<procedure id="nev12265658n248">
<note id="nev12265658n246">
<ptxt id="nev12265658n244">The illustratio#@#@#176#rect.</ptxt>
</note>
<stepgrp id="KC01311996">
<title id="nev12265658n242">Ignition key/Re#@#@#34#sing </title>
<caution id="nev12265658n240">
<ptxt id="nev12265658n238">When replacing #@#@#63#med. </ptxt>
<ptxt id="nev12265658n236">Both software a#@#@#65#trol.</ptxt>
<ptxt id="nev12265658n234">Only the softwa#@#@#37#rol. </ptxt>
<ptxt id="nev12265658n232">Only software i#@#@#29# key.</ptxt>
</caution>
<procstep id="KC01311997">
<title id="nev12265658n230"> Ignition key p#@#@#13#asing</title>
<para id="nev12265658n228">
<ptxt id="nev12265658n226">Order the softw#@#@#4# See <swfunction action="order" id="nev16162465n238"/>
</ptxt>
</para>
</procstep>
<procstep id="KC01311998">
<title id="nev12265658n216">Remote control #@#@#16#ing  </title>
<para id="nev12265658n214">
<ptxt id="nev12265658n212">Order the softw#@#@#4# See <swfunction action="order" id="nev16176458n238"/>
</ptxt>
</para>
</procstep>
<procstep id="KC01311999">
<title id="nev12265658n202">Finishing</title>
<para id="nev12265658n200">
<ptxt id="nev12265658n198">Check the funct#@#@#51#trol.</ptxt>
</para>
</procstep>
</stepgrp>
<stepgrp id="KC01312000">
<title id="nev12265658n196">Model year 2004</title>
<note id="nev12265658n194">
<ptxt id="nev12265658n192">2004 sees the i#@#@#61#trol.</ptxt>
</note>
<procstep id="KC01312001">
<title id="nev12265658n190">Removing keys f#@#@#17#ntrol</title>
<grate id="nev12265658n188">
<graphic id="KC07539253">
<href>0900c8af8005657#@#@#9#.jpeg</href>
</graphic>
<graphtext id="nev12265658n183">
<para id="nev12265658n181">
<ptxt id="nev12265658n179">Fold out the ke#@#@#26#over.</ptxt>
</para>
</graphtext>
</grate>
<grate id="nev12265658n177">
<graphic id="KC07539254">
<href>0900c8af8005657#@#@#9#.jpeg</href>
</graphic>
<graphtext id="nev12265658n172">
<para id="nev12265658n170">
<ptxt id="nev12265658n168">Remove the scre#@#@#19#unit.</ptxt>
</para>
</graphtext>
</grate>
</procstep>
<procstep id="KC01312002">
<title id="nev12265658n166">Installing keys#@#@#17#ntrol</title>
<list1 enumtype="d" id="nev12265658n164" type="unordered">
<title id="nev12265658n162">Install</title>
<item id="nev12265658n160">
<ptxt id="nev12265658n158">the key.</ptxt>
</item>
</list1>
<note id="nev12265658n156">
<ptxt id="nev12265658n154">Always use a ne#@#@#17#ling.</ptxt>
</note>
<list1 enumtype="d" id="nev12265658n152" type="unordered">
<item id="nev12265658n150">
<ptxt id="nev12265658n148">the screw</ptxt>
</item>
<item id="nev12265658n146">
<ptxt id="nev12265658n144">the cover.</ptxt>
</item>
</list1>
</procstep>
</stepgrp>
</procedure>
</servinfosub>