<?xml version="1.0" encoding="UTF-8"?><servinfosub IE-ID="en-US0900c8af80cc5a19" docno="VCC-149877" id="KC02728479" xml:lang="en-US">
<title>
<phrase category="" id="KC07848259" phrase-urn="urn:x-nevis:phrase:0800c8af81c28301">Diagnostic trou#@#@#30#-000A</phrase>
</title>
<diagnostic type="condition">
<condgrp>
<condition type="condition">
<grate>
<graphic id="KC07848260">
<href>0900c8af804457e#@#@#9#.jpeg</href>
</graphic>
<graphtext>
<para>
<ptxt>
<phrase category="" id="KC07848261" phrase-urn="urn:x-nevis:phrase:0800c8af81c28302">The diagnostic #@#@#163# low.</phrase>
</ptxt>
</para>
<para>
<ptxt>
<phrase category="" id="KC07848262" phrase-urn="urn:x-nevis:phrase:0800c8af81c28305">The diagnostic #@#@#64#d on.</phrase>
</ptxt>
</para>
</graphtext>
</grate>
</condition>
</condgrp>
<condgrp>
<condition type="substitution">
<list1 enumtype="d">
<item>
<ptxt>
<phrase category="" id="KC07848263" phrase-urn="urn:x-nevis:phrase:0800c8af81c28307">None.</phrase>
</ptxt>
</item>
</list1>
</condition>
<ps>
<list1 enumtype="d" type="unordered">
<item>
<ptxt>
<phrase category="" id="KC07848264" phrase-urn="urn:x-nevis:phrase:0800c8af81c28309">Short-circuit t#@#@#101# door</phrase>
</ptxt>
</item>
<item>
<ptxt>
<phrase category="" id="KC07848265" phrase-urn="urn:x-nevis:phrase:0800c8af81c2830b">Short-circuit t#@#@#94#door.</phrase>
</ptxt>
</item>
</list1>
</ps>
</condgrp>
<condgrp>
<condition type="symptom">
<list1 enumtype="d" type="unordered">
<item>
<ptxt>
<phrase category="" id="KC07848266" phrase-urn="urn:x-nevis:phrase:0800c8af81c2830d">No sound from t#@#@#11#kers.</phrase>
</ptxt>
</item>
</list1>
</condition>
</condgrp>
</diagnostic>
</servinfosub>