<?xml version="1.0" encoding="UTF-8"?><servinfosub IE-ID="en-US0900c8af8069aa19" docno="VCC-061213" id="KC02023002" xml:lang="en-US">
<title>Engine coolant #@#@#7#witch</title>
<procedure>
<procstep id="KC02023003">
<title>Replacing engin#@#@#17#witch</title>
<grate>
<graphic id="KC08444048" width="column">
<href>0900c8af8005db8#@#@#11#.jpeg</href>
</graphic>
<graphtext>
<list1 enumtype="d" type="unordered">
<item>
<ptxt>Lift up expansi#@#@#35#side.</ptxt>
</item>
<item>
<ptxt>Disconnect leve#@#@#4#itch.</ptxt>
</item>
<item>
<ptxt>Pull out and re#@#@#29#itch.</ptxt>
</item>
<item>
<ptxt>Reinstall in re#@#@#7#rder.</ptxt>
</item>
</list1>
</graphtext>
</grate>
</procstep>
</procedure>
</servinfosub>