<?xml version="1.0" encoding="UTF-8"?><servinfosub IE-ID="en-US0900c8af80cdca19" docno="VCC-154471" id="KC02753183" xml:lang="en-US">
<title>
<phrase category="" id="KC09489035" phrase-urn="urn:x-nevis:phrase:0800c8af8270f3ec">Voltage differe#@#@#8#great</phrase>
</title>
<diagnostic j2008use="1" paperuse="1" screenuse="1" type="test">
<testgrp IE-ID="en-US0900c8af80cdca19_KC02788434" id="KC02788434" j2008use="1" paperuse="1" resumable="1" screenuse="1" testgrp-id="s1" x="120" y="120">
<title>
<phrase category="" id="KC09489036" phrase-urn="urn:x-nevis:phrase:0800c8af8270f3ee">Checking the co#@#@#2#onent</phrase>
</title>
<node>
<test1>
<diaglist>
<dgraphic>
<dgraphic1>
<graphic id="KC09489037">
<href>0900c8af80054d4#@#@#9#.jpeg</href>
</graphic>
</dgraphic1>
</dgraphic>
<ditem>
<ptxt>
<phrase category="" id="KC09489038" phrase-urn="urn:x-nevis:phrase:0800c8af8270f3ef">Switch off the #@#@#21#onds.</phrase>
</ptxt>
</ditem>
</diaglist>
<test2>
<caution>
<ptxt>
<phrase category="" id="KC09489039" phrase-urn="urn:x-nevis:phrase:0800c8af8270f3f0">Do not touch th#@#@#164#SRS).</phrase>
</ptxt>
</caution>
<para>
<ptxt>
<phrase category="" id="KC09489040" phrase-urn="urn:x-nevis:phrase:0800c8af8270f3f2">Check the power#@#@#214#ions.</phrase>
</ptxt>
</para>
<para>
<ptxt>
<phrase category="" id="KC09489041" phrase-urn="urn:x-nevis:phrase:0800c8af8270f3f3">Remedy as necessary.</phrase>
</ptxt>
</para>
<list1 enumtype="d" type="unordered">
<title>
<phrase category="" id="KC09489042" phrase-urn="urn:x-nevis:phrase:0800c8af8270f3f4">Other information</phrase>
</title>
<item>
<ptxt>
<phrase category="" id="KC09489043" phrase-urn="urn:x-nevis:phrase:0800c8af8270f3f5">To check the po#@#@#78# see:<xref>
<ref id="KC09489044"/>
</xref>
</phrase>
</ptxt>
</item>
</list1>
</test2>
</test1>
<question>
Select "Contin#@#@#34#ed. 
</question>
<resact-grp>
<result button="cont" comp="button" highlight="0"/>
<action j2008use="1" paperuse="1" screenuse="1">
<ptxt>
<xref>
<ref id="KC09489046"/>
</xref>
</ptxt>
</action>
</resact-grp>
</node>
</testgrp>
<testgrp id="KC02788435" j2008use="1" paperuse="1" resumable="1" screenuse="1" testgrp-id="veri" x="120" y="280">
<title>
<phrase category="" id="KC09489047" phrase-urn="urn:x-nevis:phrase:0800c8af8270f3f7">Verification</phrase>
</title>
<subcalloutnode>
<diagcallout>
<xref>
<ref id="KC09489048"/>
</xref>
</diagcallout>
<rescall-grp>
<result comp="string" highlight="0" op="eq" return="VERIFIED"/>
<calloutaction>
<return value="FAULT FOUND"/>
</calloutaction>
</rescall-grp>
<rescall-grp>
<result comp="string" highlight="0" op="eq" return="VERIFICATION FAILED"/>
<calloutaction>
<ptxt>
<xref>
<ref id="KC09489049"/>
</xref>
</ptxt>
</calloutaction>
</rescall-grp>
</subcalloutnode>
</testgrp>
<testgrp id="KC02788436" j2008use="1" paperuse="1" resumable="1" screenuse="1" testgrp-id="info1" x="280" y="120">
<title>
<phrase category="" id="KC09489050" phrase-urn="urn:x-nevis:phrase:0800c8af8270f3f8">Fault-tracing i#@#@#5#ation</phrase>
</title>
<subcalloutnode>
<diagcallout>
<xref>
<ref id="KC09489051"/>
</xref>
</diagcallout>
<rescall-grp>
<result comp="string" highlight="0" op="eq" return="FAULTTRACING FAILED"/>
<calloutaction>
<return value="FAULT NOT FOUND"/>
</calloutaction>
</rescall-grp>
<rescall-grp>
<result comp="string" highlight="0" op="eq" return="NEW TRY"/>
<calloutaction>
<ptxt>
<xref>
<ref id="KC09489052"/>
</xref>
</ptxt>
</calloutaction>
</rescall-grp>
</subcalloutnode>
</testgrp>
</diagnostic>
</servinfosub>