<?xml version="1.0" encoding="UTF-8"?><servinfosub IE-ID="en-US0900c8af80535517" docno="VCC-133682" id="KC01647771" xml:lang="en-US">
<title>
<phrase category="" id="KC07543356" phrase-urn="urn:x-nevis:phrase:0800c8af81b962dd">Checking the handset</phrase>
</title>
<diagnostic type="test">
<testgrp IE-ID="en-US0900c8af80535517_KC01647772" id="KC01647772" j2008use="1" paperuse="1" resumable="1" screenuse="1" testgrp-id="node1" x="120" y="80">
<title>
<phrase category="" id="KC07543357" phrase-urn="urn:x-nevis:phrase:0800c8af81b962de">Checking compon#@#@#10#iring</phrase>
</title>
<node>
<test1>
<diaglist>
<dgraphic>
<dgraphic1>
<graphic id="KC07543358">
<href>0900c8af80054d4#@#@#9#.jpeg</href>
</graphic>
</dgraphic1>
</dgraphic>
<ditem>
<ptxt>
<phrase category="" id="KC07543359" phrase-urn="urn:x-nevis:phrase:0800c8af81b962df">Ignition off.</phrase>
</ptxt>
</ditem>
</diaglist>
<test2>
<para>
<ptxt>
<phrase category="" id="KC07543360" phrase-urn="urn:x-nevis:phrase:0800c8af81b962e0">Check the cable#@#@#121#g to <xref>
<ref id="KC07543361"/>
</xref>.</phrase>
</ptxt>
</para>
<para>
<ptxt>
<phrase category="" id="KC07543362" phrase-urn="urn:x-nevis:phrase:0800c8af81b962e1">Check the cable#@#@#115#g to <xref>
<ref id="KC07543363"/>
</xref>.</phrase>
</ptxt>
</para>
<para>
<ptxt>
<phrase category="" id="KC07543364" phrase-urn="urn:x-nevis:phrase:0800c8af81b962e2">Check the cable#@#@#123#g to <xref>
<ref id="KC07543365"/>
</xref>.</phrase>
</ptxt>
</para>
<para>
<ptxt>
<phrase category="" id="KC07543366" phrase-urn="urn:x-nevis:phrase:0800c8af81b962e3">Check the cable#@#@#135#g to <xref>
<ref id="KC07543367"/>
</xref>.</phrase>
</ptxt>
</para>
<para>
<ptxt>
<phrase category="" id="KC07543368" phrase-urn="urn:x-nevis:phrase:0800c8af81b962e4">Check the cable#@#@#134#g to <xref>
<ref id="KC07543369"/>
</xref>.</phrase>
</ptxt>
</para>
<para>
<ptxt>
<phrase category="" id="KC07543370" phrase-urn="urn:x-nevis:phrase:0800c8af81b962e5">Try replacing t#@#@#6#dset.</phrase>
</ptxt>
</para>
<para>
<ptxt>
<phrase category="" id="KC07543371" phrase-urn="urn:x-nevis:phrase:0800c8af81b962e6">Remedy as necessary.</phrase>
</ptxt>
</para>
<list1 enumtype="d">
<title>
<phrase category="" id="KC07543372" phrase-urn="urn:x-nevis:phrase:0800c8af81b962e7">Other information:</phrase>
</title>
<item>
<ptxt>
<phrase category="" id="KC07543373" phrase-urn="urn:x-nevis:phrase:0800c8af81b962e8">To access and r#@#@#19# see <xref>
<ref id="KC07543374"/>
</xref>
</phrase>
</ptxt>
</item>
<item>
<ptxt>
<phrase category="" id="KC07543375" phrase-urn="urn:x-nevis:phrase:0800c8af81b962e9">To access and r#@#@#27# see <xref>
<ref id="KC07543376"/>
</xref>
</phrase>
</ptxt>
</item>
<item>
<ptxt>
<phrase category="" id="KC07543377" phrase-urn="urn:x-nevis:phrase:0800c8af81b962eb">For information#@#@#30# see <xref>
<ref id="KC07543378"/>
</xref>
</phrase>
</ptxt>
</item>
<item>
<ptxt>
<phrase category="" id="KC07543379" phrase-urn="urn:x-nevis:phrase:0800c8af81b962ec">To connect the #@#@#13# see <xref>
<ref id="KC07543380"/>
</xref>.  </phrase>
</ptxt>
</item>
</list1>
<diaglist>
<dgraphic>
<dgraphic1>
<graphic id="KC07543381">
<href>0900c8af80058d3#@#@#9#.jpeg</href>
</graphic>
</dgraphic1>
<dgraphic2>
<graphic id="KC07543382">
<href>0900c8af80054d4#@#@#9#.jpeg</href>
</graphic>
<smarttool active="press" id="KC07543383" toolname="ODAH"/>
</dgraphic2>
</dgraphic>
<ditem>
<ditemtext>
<ptxt>
<phrase category="" id="KC07543384" phrase-urn="urn:x-nevis:phrase:0800c8af81b962ed"/>
</ptxt>
</ditemtext>
</ditem>
</diaglist>
<grate>
<graphic id="KC07543385">
<href>0900c8af80058a6#@#@#9#.jpeg</href>
</graphic>
</grate>
</test2>
</test1>
<question>Was a fault det#@#@#1#cted?</question>
<resact-grp>
<result button="yes" comp="button" highlight="0"/>
<action j2008use="1" paperuse="1" screenuse="1">
<return value="FAULT FOUND"/>
</action>
</resact-grp>
<resact-grp>
<result button="no" comp="button" highlight="0"/>
<action j2008use="1" paperuse="1" screenuse="1">
<return value="FAULT NOT FOUND"/>
</action>
</resact-grp>
</node>
</testgrp>
</diagnostic>
</servinfosub>