<?xml version="1.0" encoding="UTF-8"?><servinfosub IE-ID="en-US0900c8af808eb202" docno="VCC-112458" id="KC02391273" xml:lang="en-US">
<title>
<phrase category="" id="KC06383742" phrase-urn="urn:x-nevis:phrase:0800c8af818a8969">Signal missing</phrase>
</title>
<diagnostic type="test">
<testgrp IE-ID="en-US0900c8af808eb202_KC02391274" id="KC02391274" j2008use="1" paperuse="1" resumable="1" screenuse="1" testgrp-id="node1" x="120" y="80">
<title>
<phrase category="" id="KC06383743" phrase-urn="urn:x-nevis:phrase:0800c8af818a8976">Checking commun#@#@#2#ation</phrase>
</title>
<node>
<test1>
<diaglist>
<dgraphic>
<dgraphic1>
<graphic id="KC06383744">
<href>0900c8af80054d5#@#@#9#.jpeg</href>
</graphic>
</dgraphic1>
</dgraphic>
<ditem>
<ptxt>
<phrase category="" id="KC06383745" phrase-urn="urn:x-nevis:phrase:0800c8af818a8985">Ignition on.</phrase>
</ptxt>
</ditem>
</diaglist>
<test2>
<ptxt>
<phrase category="" id="KC06383746" phrase-urn="urn:x-nevis:phrase:0800c8af818a8992">Depress the bra#@#@#197#bly. </phrase>
</ptxt>
</test2>
</test1>
<question>Is the gear pos#@#@#9#ated?</question>
<resact-grp>
<result button="yes" comp="button" highlight="0"/>
<action j2008use="1" paperuse="1" screenuse="1">
<ptxt>
<xref>
<ref id="KC06383747"/>
</xref>
</ptxt>
</action>
</resact-grp>
<resact-grp>
<result button="no" comp="button" highlight="0"/>
<action j2008use="1" paperuse="1" screenuse="1">
<ptxt>
<xref>
<ref id="KC06383748"/>
</xref>
</ptxt>
</action>
</resact-grp>
</node>
</testgrp>
<testgrp id="KC02391275" j2008use="1" paperuse="1" resumable="1" screenuse="1" testgrp-id="node2" x="120" y="160">
<title>
<phrase category="" id="KC06383749" phrase-urn="urn:x-nevis:phrase:0800c8af818a89a0">Checking the wi#@#@#13#onent</phrase>
</title>
<node>
<test1>
<diaglist>
<dgraphic>
<dgraphic1>
<graphic id="KC06383750">
<href>0900c8af80054d4#@#@#9#.jpeg</href>
</graphic>
</dgraphic1>
</dgraphic>
<ditem>
<ptxt>
<phrase category="" id="KC06383751" phrase-urn="urn:x-nevis:phrase:0800c8af818a89ae">Ignition off.</phrase>
</ptxt>
</ditem>
</diaglist>
<test2>
<para>
<ptxt>
<phrase category="" id="KC06383752" phrase-urn="urn:x-nevis:phrase:0800c8af818a89be">Check the commu#@#@#151#g to <xref>
<ref id="KC06383753"/>
</xref>.</phrase>
</ptxt>
</para>
<para>
<ptxt>
<phrase category="" id="KC06383754" phrase-urn="urn:x-nevis:phrase:0800c8af818a89ce">Replace the cir#@#@#57#able.</phrase>
</ptxt>
</para>
<para>
<ptxt>
<phrase category="" id="KC06383755" phrase-urn="urn:x-nevis:phrase:0800c8af818a89db">Remedy as necessary.</phrase>
</ptxt>
</para>
<list1 enumtype="d" type="unordered">
<title>
<phrase category="" id="KC06383756" phrase-urn="urn:x-nevis:phrase:0800c8af818a89ea">Other information:</phrase>
</title>
<item>
<ptxt>
<phrase category="" id="KC06383757" phrase-urn="urn:x-nevis:phrase:0800c8af818a89fb">To connect the #@#@#13# see <xref>
<ref id="KC06383758"/>
</xref>. </phrase>
</ptxt>
</item>
<item>
<ptxt>
<phrase category="" id="KC06383759" phrase-urn="urn:x-nevis:phrase:0800c8af818a8a0b">To replace the #@#@#42# see <xref>
<ref id="KC06383760"/>
</xref>. </phrase>
</ptxt>
</item>
<item>
<ptxt>
<phrase category="" id="KC06383761" phrase-urn="urn:x-nevis:phrase:0800c8af818a8a18">To replace the #@#@#44# see <xref>
<ref id="KC06383762"/>
</xref>. </phrase>
</ptxt>
</item>
<item>
<ptxt>
<phrase category="" id="KC06383763" phrase-urn="urn:x-nevis:phrase:0800c8af818a8a2a">For information#@#@#15# see <xref>
<ref id="KC06383764"/>
</xref>. </phrase>
</ptxt>
</item>
</list1>
<diaglist>
<dgraphic>
<dgraphic1>
<graphic id="KC06383765">
<href>0900c8af8005444#@#@#9#.jpeg</href>
</graphic>
</dgraphic1>
<dgraphic2>
<graphic id="KC06383766">
<href>0900c8af80054d4#@#@#9#.jpeg</href>
</graphic>
<smarttool active="auto" id="KC06383767" toolname="ODA"/>
</dgraphic2>
</dgraphic>
<ditem>
<ditemtext>
<ptxt>
<phrase category="" id="KC06383768" phrase-urn="urn:x-nevis:phrase:0800c8af818a8a39"/>
</ptxt>
</ditemtext>
</ditem>
</diaglist>
</test2>
</test1>
<question>Was a fault det#@#@#1#cted?</question>
<resact-grp>
<result button="yes" comp="button" highlight="0"/>
<action j2008use="1" paperuse="1" screenuse="1">
<ptxt>
<xref>
<ref id="KC06383769"/>
</xref>
</ptxt>
</action>
</resact-grp>
<resact-grp>
<result button="no" comp="button" highlight="0"/>
<action j2008use="1" paperuse="1" screenuse="1">
<return value="FAULT NOT FOUND"/>
</action>
</resact-grp>
</node>
</testgrp>
<testgrp id="KC02391276" j2008use="1" paperuse="1" resumable="1" screenuse="1" testgrp-id="veria" x="280" y="160">
<title>
<phrase category="" id="KC06383770" phrase-urn="urn:x-nevis:phrase:0800c8af818a8a47">Verification</phrase>
</title>
<subcalloutnode>
<diagcallout>
<xref>
<ref id="KC06383771"/>
</xref>
</diagcallout>
<rescall-grp>
<result comp="string" highlight="0" op="eq" return="VERIFICATION FAILED"/>
<calloutaction>
<ptxt>
<xref>
<ref id="KC06383772"/>
</xref>
</ptxt>
</calloutaction>
</rescall-grp>
<rescall-grp>
<result comp="string" highlight="0" op="eq" return="PAPER"/>
<calloutaction>
<return value="FAULT NOT FOUND"/>
</calloutaction>
</rescall-grp>
<rescall-grp>
<result comp="string" highlight="0" op="eq" return="VERIFIED"/>
<calloutaction>
<return value="FAULT FOUND"/>
</calloutaction>
</rescall-grp>
</subcalloutnode>
</testgrp>
<testgrp id="KC02391277" j2008use="1" paperuse="0" resumable="1" screenuse="1" testgrp-id="info1" x="440" y="160">
<title>
<phrase category="" id="KC06383773" phrase-urn="urn:x-nevis:phrase:0800c8af818a8a54">Fault-tracing i#@#@#5#ation</phrase>
</title>
<subcalloutnode>
<diagcallout>
<xref>
<ref id="KC06383774"/>
</xref>
</diagcallout>
<rescall-grp>
<result comp="string" highlight="0" op="eq" return="FAULTTRACING FAILED"/>
<calloutaction>
<return value="FAULTTRACING FAILED"/>
</calloutaction>
</rescall-grp>
<rescall-grp>
<result comp="string" highlight="0" op="eq" return="NEW TRY"/>
<calloutaction>
<ptxt>
<xref>
<ref id="KC06383775"/>
</xref>
</ptxt>
</calloutaction>
</rescall-grp>
</subcalloutnode>
</testgrp>
<testgrp id="KC02391278" j2008use="1" paperuse="1" resumable="1" screenuse="1" testgrp-id="intnode" x="280" y="80">
<title>
<phrase category="" id="KC06383776" phrase-urn="urn:x-nevis:phrase:0800c8af818a8a62">Intermittent fault</phrase>
</title>
<node>
<test1>
<test2>
<hint>
<ptxt>
<phrase category="" id="KC06383777" phrase-urn="urn:x-nevis:phrase:0800c8af818a8a6f">Check the commu#@#@#171#g to <xref>
<ref id="KC06383778"/>
</xref>. Check for con#@#@#38#g to <xref>
<ref id="KC06383779"/>
</xref>.</phrase>
</ptxt>
</hint>
<para>
<ptxt>
<phrase category="" id="KC06383780" phrase-urn="urn:x-nevis:phrase:0800c8af818a8a80">Remedy as necessary.</phrase>
</ptxt>
</para>
<list1 enumtype="d" type="unordered">
<title>
<phrase category="" id="KC06383781" phrase-urn="urn:x-nevis:phrase:0800c8af818a8a8f">Other information:</phrase>
</title>
<item>
<ptxt>
<phrase category="" id="KC06383782" phrase-urn="urn:x-nevis:phrase:0800c8af818a8a9e">To connect the #@#@#13# see <xref>
<ref id="KC06383783"/>
</xref>. </phrase>
</ptxt>
</item>
<item>
<ptxt>
<phrase category="" id="KC06383784" phrase-urn="urn:x-nevis:phrase:0800c8af818a8aae">For information#@#@#15# see <xref>
<ref id="KC06383785"/>
</xref>. </phrase>
</ptxt>
</item>
</list1>
<diaglist>
<dgraphic>
<dgraphic1>
<graphic id="KC06383786">
<href>0900c8af8005444#@#@#9#.jpeg</href>
</graphic>
</dgraphic1>
<dgraphic2>
<graphic id="KC06383787">
<href>0900c8af80054d4#@#@#9#.jpeg</href>
</graphic>
<smarttool active="auto" id="KC06383788" toolname="ODA"/>
</dgraphic2>
</dgraphic>
<ditem>
<ditemtext>
<ptxt>
<phrase category="" id="KC06383789" phrase-urn="urn:x-nevis:phrase:0800c8af818a8abd"/>
</ptxt>
</ditemtext>
</ditem>
</diaglist>
</test2>
</test1>
<question>Select Continue#@#@#29#died.</question>
<resact-grp>
<result button="cont" comp="button" highlight="0"/>
<action j2008use="1" paperuse="0" screenuse="1">
<ptxt>
<xref>
<ref id="KC06383790"/>
</xref>
</ptxt>
</action>
<action j2008use="0" paperuse="1" screenuse="0">
<return value="DONE"/>
</action>
</resact-grp>
</node>
</testgrp>
<testgrp id="KC02391279" j2008use="1" paperuse="0" resumable="1" screenuse="1" testgrp-id="info2" x="440" y="80">
<title>
<phrase category="" id="KC06383791" phrase-urn="urn:x-nevis:phrase:0800c8af818a8acb">Fault-tracing i#@#@#5#ation</phrase>
</title>
<subcalloutnode>
<diagcallout>
<xref>
<ref id="KC06383792"/>
</xref>
</diagcallout>
<rescall-grp>
<result comp="string" highlight="0" op="eq" return="NEW TRY"/>
<calloutaction>
<ptxt>
<xref>
<ref id="KC06383793"/>
</xref>
</ptxt>
</calloutaction>
</rescall-grp>
<rescall-grp>
<result comp="string" highlight="0" op="eq" return="FAULT FOUND"/>
<calloutaction>
<return value="DONE"/>
</calloutaction>
</rescall-grp>
</subcalloutnode>
</testgrp>
</diagnostic>
</servinfosub>