<?xml version="1.0" encoding="UTF-8"?><servinfosub IE-ID="en-US0900c8af84ab0202" docno="VCC-399072" id="nev14866348n1" xml:lang="en-US">
<title>
<phrase category="Title" id="nev14866348n2" phrase-urn="urn:x-nevis:phrase:0800c8af81eb9a54">Diagnostic trou#@#@#21#ation</phrase>
</title>
<diagnostic j2008use="1" paperuse="1" screenuse="1" type="condition">
<condgrp>
<condition type="condition">
<grate>
<graphic id="nev14866348n3">
<href>0900c8af8005d25#@#@#9#.jpeg</href>
</graphic>
<graphtext>
<ptxt>
<phrase category="" id="nev14866348n4" phrase-urn="urn:x-nevis:phrase:0800c8af823c9b0c">The engine cont#@#@#658#n on.</phrase>
</ptxt>
</graphtext>
</grate>
</condition>
</condgrp>
<condgrp>
<condition type="substitution">
<list1 enumtype="d" type="unordered">
<item>
<ptxt>
<phrase category="" id="nev14866348n5" phrase-urn="urn:x-nevis:phrase:0800c8af823c9b12">An estimated ch#@#@#20#lied.</phrase>
</ptxt>
</item>
</list1>
</condition>
<ps>
<list1 enumtype="d" type="unordered">
<item>
<ptxt>
<phrase category="" id="nev14866349n9" phrase-urn="urn:x-nevis:phrase:0800c8af823c9b36">Loose connectio#@#@#49#als. </phrase>
</ptxt>
</item>
<item>
<ptxt>
<phrase category="" id="nev14866349n10" phrase-urn="urn:x-nevis:phrase:0800c8af823c9b37">Damaged charge #@#@#11#nsor.</phrase>
</ptxt>
</item>
<item>
<ptxt>
<phrase category="" id="nev14866350n1" phrase-urn="urn:x-nevis:phrase:0800c8af823c9b01">Damaged atmosph#@#@#16#nsor.</phrase>
</ptxt>
</item>
</list1>
</ps>
</condgrp>
<condgrp>
<condition type="symptom">
<list1 enumtype="d" type="unordered">
<item id="nev14866350n2">
<ptxt id="nev14866350n3">
<phrase category="Symptom CSC" id="nev15028354n1" phrase-urn="urn:x-nevis:phrase:0800c8af84004ee5">1Q, Driving/Poo#@#@#32#e off</phrase>
</ptxt>
</item>
<item id="nev15028352n92">
<ptxt id="nev15028352n91">
<phrase category="Symptom CSC" id="nev15028355n1" phrase-urn="urn:x-nevis:phrase:0800c8af8388f019">AJ, Driving/Poo#@#@#20#power</phrase>
</ptxt>
</item>
<item id="nev15028352n94">
<ptxt id="nev15028352n93">
<phrase category="Symptom CSC" id="nev15028357n1" phrase-urn="urn:x-nevis:phrase:0800c8af8388f021">AK, Driving/Hes#@#@#33#times</phrase>
</ptxt>
</item>
<item id="nev15028352n96">
<ptxt id="nev15028352n95">
<phrase category="Symptom CSC" id="nev15028358n1" phrase-urn="urn:x-nevis:phrase:0800c8af8388f01b">AL, Driving/Hes#@#@#28#ation</phrase>
</ptxt>
</item>
<item id="nev15028352n98">
<ptxt id="nev15028352n97">
<phrase category="Symptom CSC" id="nev15028359n1" phrase-urn="urn:x-nevis:phrase:0800c8af8388f01f">AM, Driving/Hes#@#@#28#ation</phrase>
</ptxt>
</item>
<item id="nev15028352n100">
<ptxt id="nev15028352n99">
<phrase category="Symptom CSC" id="nev15028361n1" phrase-urn="urn:x-nevis:phrase:0800c8af8388eff8">BV, Driving/Hes#@#@#24#speed</phrase>
</ptxt>
</item>
<item>
<ptxt>
<phrase category="Symptom CSC" id="nev15028362n1" phrase-urn="urn:x-nevis:phrase:0800c8af8388f137">IV, Text window#@#@#27#ssage</phrase>
</ptxt>
</item>
<item>
<ptxt>
<phrase category="Symptom CSC" id="nev15028365n1" phrase-urn="urn:x-nevis:phrase:0800c8af8388f029">AE, Idling/Unev#@#@#2# idle</phrase>
</ptxt>
</item>
</list1>
</condition>
</condgrp>
</diagnostic>
</servinfosub>