<?xml version="1.0" encoding="UTF-8"?><servinfosub IE-ID="en-US0900c8af80699202" docno="VCC-058482" id="KC02028359" xml:lang="en-US">
<title>Cylinder head, #@#@#3#rhaul</title>
<procedure id="KC02028360">
<title/>
<proctools>
<toolitem id="KC08700777"/>
<toolitem id="KC08700778"/>
<toolitem id="KC08700779"/>
<toolitem id="KC08700780"/>
<toolitem id="KC08700781"/>
<toolitem id="KC08700782"/>
<toolitem id="KC08700783"/>
<toolitem id="KC08700784"/>
<toolitem id="KC08700785"/>
<toolitem id="KC08700786"/>
<toolitem id="KC08700787"/>
<toolitem id="KC08700788"/>
</proctools>
<stepgrp id="KC02028361">
<title>Replacement of #@#@#7#uides</title>
<procstep id="KC02028362">
<title>Mount cylinder #@#@#20# 5363</title>
<grate>
<graphic id="KC08700789" width="column">
<href>0900c8af8069920#@#@#9#.jpeg</href>
</graphic>
<graphtext>
<ptxt>Adjust angle of#@#@#54#orts.</ptxt>
<ptxt>Clamp head to f#@#@#35#face.</ptxt>
</graphtext>
</grate>
</procstep>
</stepgrp>
<stepgrp id="KC02028363">
<title>Press out guide#@#@#55#ages)</title>
<procstep id="KC02028364">
<title>1. Free guide u#@#@#15# 5364</title>
<grate>
<graphic id="KC08700790" width="column">
<href>0900c8af8069920#@#@#9#.jpeg</href>
</graphic>
<graphtext>
<ptxt>Press <emph>slowly</emph> until drift be#@#@#25#seat.</ptxt>
</graphtext>
</grate>
</procstep>
<procstep id="KC02028365">
<title>2. Press out fu#@#@#23# 5365</title>
<grate>
<graphic id="KC08700791" width="column">
<href>0900c8af8069920#@#@#9#.jpeg</href>
</graphic>
<graphtext>
<ptxt>Press <emph>slowly</emph> until drift be#@#@#25#seat.</ptxt>
<ptxt>Inspect upper s#@#@#16#bore.</ptxt>
</graphtext>
</grate>
</procstep>
<procstep id="KC02028366">
<title>3.Place new val#@#@#39#home
</title>
<grate>
<graphic id="KC08700792" width="column">
<href>0900c8af8069920#@#@#9#.jpeg</href>
</graphic>
<graphtext>
<ptxt>Press guide <emph>slowly</emph> into head unti#@#@#35#seat.</ptxt>
<table pgwide="1">
<tgroup cols="2" colsep="0" rowsep="1">
<colspec colwidth="264*"/>
<colspec colwidth="264*"/>
<tbody>
<row>
<entry align="left" valign="top">
<ptxt>Top of guide sh#@#@#10#ct by</ptxt>
</entry>
<entry align="left" valign="top">
<ptxt>
<emph>15±0.2 mm</emph>
</ptxt>
<ptxt>(0.5906±0.0079 in)</ptxt>
</entry>
</row>
</tbody>
</tgroup>
</table>
<ptxt>(Height is set #@#@#4#ool.)</ptxt>
<note>
<ptxt>Press force mus#@#@#9#east <emph>9000 N</emph> (2025 Ib). If
#@#@#81#uide.</ptxt>
</note>
</graphtext>
</grate>
</procstep>
<procstep id="KC02028367">
<title>Remove cylinder#@#@#23# 5363</title>
<grate>
<graphic id="KC08700793" width="column">
<href>0900c8af8069921#@#@#9#.jpeg</href>
</graphic>
</grate>
</procstep>
<procstep id="KC02028368">
<title>Ream valve guid#@#@#8#nally</title>
<grate>
<graphic id="KC08700794" width="column">
<href>0900c8af8069921#@#@#9#.jpeg</href>
</graphic>
</grate>
<ptxt>Use reamer <toolitem id="KC08700795"/>.</ptxt>
<ptxt>Ream from combu#@#@#13# side</ptxt>
<note>
<ptxt>Valve and seat <emph>must</emph> be ground in f#@#@#30#uide.</ptxt>
</note>
</procstep>
</stepgrp>
<stepgrp id="KC02028369">
<title>Installing over#@#@#13#uides</title>
<note>
<ptxt>Oversized guide#@#@#40#than <emph>
9000 N</emph> (2025 lb) or i#@#@#38#aged.</ptxt>
</note>
<procstep id="KC02028370">
<title>Press out guide#@#@#16# 5364</title>
<grate>
<graphic id="KC08700796" width="column">
<href>0900c8af8069920#@#@#9#.jpeg</href>
</graphic>
<graphtext>
<ptxt>Press <emph>slowly</emph> until drift be#@#@#25#seat.</ptxt>
</graphtext>
</grate>
</procstep>
<procstep id="KC02028371">
<title>Press out furth#@#@#19# 5365</title>
<grate>
<graphic id="KC08700797" width="column">
<href>0900c8af8069920#@#@#9#.jpeg</href>
</graphic>
<graphtext>
<ptxt>Press <emph>slowly</emph> until drift be#@#@#19#pring</ptxt>
</graphtext>
</grate>
</procstep>
<procstep id="KC02028372">
<title>Tap out guide u#@#@#5#drift</title>
<grate>
<graphic id="KC08700798" width="column">
<href>0900c8af8069921#@#@#9#.jpeg</href>
</graphic>
</grate>
</procstep>
<procstep id="KC02028373">
<title>Ream out guide bore</title>
<grate>
<graphic id="KC08700799" width="column">
<href>0900c8af8069921#@#@#9#.jpeg</href>
</graphic>
<graphtext>
<ptxt>Use reamer  <toolitem id="KC08700800"/>.</ptxt>
<ptxt>Ream from combu#@#@#14#side.</ptxt>
</graphtext>
</grate>
</procstep>
<procstep id="KC02028374">
<title>Press in new gu#@#@#19# 5366</title>
<grate>
<graphic id="KC08700801" width="column">
<href>0900c8af8069920#@#@#9#.jpeg</href>
</graphic>
<graphtext>
<table pgwide="1">
<tgroup cols="2" colsep="0" rowsep="1">
<colspec colwidth="264*"/>
<colspec colwidth="264*"/>
<tbody>
<row>
<entry align="left" valign="top">
<ptxt>Top of guide sh#@#@#10#ct by</ptxt>
</entry>
<entry align="left" valign="top">
<ptxt>
<emph>15</emph> ± <emph>0.2
mm</emph>
</ptxt>
<ptxt>(0.5906±0.0079 in)</ptxt>
</entry>
</row>
</tbody>
</tgroup>
</table>
<ptxt>(Height is set #@#@#3#tool)</ptxt>
</graphtext>
</grate>
</procstep>
<procstep id="KC02028375">
<title>Ream valve guid#@#@#8#nally</title>
<grate>
<graphic id="KC08700802" width="column">
<href>0900c8af8069921#@#@#9#.jpeg</href>
</graphic>
<graphtext>
<ptxt>Use reamer  <toolitem id="KC08700803"/>.</ptxt>
<ptxt>Ream from combu#@#@#14#side.</ptxt>
</graphtext>
</grate>
</procstep>
<procstep id="KC02028376">
<title>Marking and dim#@#@#18#uides</title>
<grate>
<graphic id="KC08700804" width="column">
<href>0900c8af8012caf#@#@#9#.jpeg</href>
</graphic>
<graphtext>
<table pgwide="1">
<tgroup cols="2" colsep="0" rowsep="0">
<colspec align="left" colwidth="264*"/>
<colspec align="left" colwidth="264*"/>
<tbody>
<row>
<entry align="left" valign="top">
<ptxt>Guide P/N<dotfill/>
</ptxt>
</entry>
<entry align="left" valign="top">
<ptxt>
<emph>1 378 960-7</emph>
</ptxt>
</entry>
</row>
<row>
<entry align="left" valign="top">
<ptxt>
<emph>Standard</emph> : Outside dia.<dotfill/>
</ptxt>
</entry>
<entry align="left" valign="top">
<ptxt>
<emph>12.0 mm</emph> (0.4724 in)</ptxt>
</entry>
</row>
<row>
<entry align="left" valign="top">
<ptxt>No. of grooves<dotfill/>
</ptxt>
</entry>
<entry align="left" valign="top">
<ptxt>
<emph>0</emph>
</ptxt>
</entry>
</row>
<row>
<entry align="left" valign="top">
<ptxt>Guide P/N<dotfill/>
</ptxt>
</entry>
<entry align="left" valign="top">
<ptxt>
<emph>1 378 958-1</emph>
</ptxt>
</entry>
</row>
<row>
<entry align="left" valign="top">
<ptxt>
<emph>Oversize</emph> : Outside dia.<dotfill/>
</ptxt>
</entry>
<entry align="left" valign="top">
<ptxt>
<emph>12.1 mm</emph> (0.4764 in)</ptxt>
</entry>
</row>
<row>
<entry align="left" valign="top">
<ptxt>No. of grooves:<dotfill/>
</ptxt>
</entry>
<entry align="left" valign="top">
<ptxt>
<emph>1</emph>
</ptxt>
</entry>
</row>
</tbody>
</tgroup>
</table>
</graphtext>
</grate>
</procstep>
</stepgrp>
<stepgrp id="KC02028377">
<title>Replacement of #@#@#6#seats</title>
<note>
<ptxt>Valve guide <emph>must always</emph> be replaced <emph>before
</emph> replacing seat.</ptxt>
</note>
<procstep id="KC02028378">
<title>Clean valve seat</title>
<grate>
<graphic id="KC08700805" width="column">
<href>0900c8af8069921#@#@#9#.jpeg</href>
</graphic>
<graphtext>
<ptxt>Ensure that edg#@#@#24#ible.</ptxt>
</graphtext>
</grate>
</procstep>
<procstep id="KC02028379">
<title>Remove valve seat</title>
<grate>
<graphic id="KC08700806" width="column">
<href>0900c8af8005d9d#@#@#9#.jpeg</href>
</graphic>
<graphtext>
<ptxt>Use seat miller#@#@#13# P/N <toolitem id="KC08700807"/> -5.</ptxt>
</graphtext>
</grate>
</procstep>
<procstep id="KC02028380">
<title>Set milling cutter</title>
<grate>
<graphic id="KC08700808" width="column">
<href>0900c8af8069921#@#@#9#.jpeg</href>
</graphic>
<graphtext>
<ptxt>Adjust cutter d#@#@#25#than <emph>standard
diameter</emph> of <emph>seat recess</emph> in cylinder head.</ptxt>
<table pgwide="1">
<tgroup cols="3" colsep="0" rowsep="0">
<colspec align="left" colwidth="176*"/>
<colspec align="left" colwidth="176*"/>
<colspec align="left" colwidth="176*"/>
<thead>
<row>
<entry align="left" valign="top">
<ptxt>Seat recess diameter</ptxt>
</entry>
<entry align="left" valign="top">
<ptxt>Intake</ptxt>
</entry>
<entry align="left" valign="top">
<ptxt>Exhaust</ptxt>
</entry>
</row>
</thead>
<tbody>
<row>
<entry align="left" valign="top">
<ptxt>
<emph>B 234</emph>
<dotfill/>
</ptxt>
</entry>
<entry align="left" valign="top">
<ptxt>
<emph>mm</emph>
<emph>35.85-35.90</emph>
</ptxt>
</entry>
<entry align="left" valign="top">
<ptxt>
<emph>32.4-32.90</emph>
</ptxt>
</entry>
</row>
<row>
<entry align="left" valign="top"/>
<entry align="left" valign="top">
<ptxt>(1.4124-1.4144 in)</ptxt>
</entry>
<entry align="left" valign="top">
<ptxt>(1.2933-1.2953)</ptxt>
</entry>
</row>
<row>
<entry align="left" valign="top">
<ptxt>
<emph>B204</emph>
<dotfill/>
</ptxt>
</entry>
<entry align="left" valign="top">
<ptxt>
<emph>mm</emph>
<emph>33.85-33.90</emph>
</ptxt>
</entry>
<entry align="left" valign="top">
<ptxt>
<emph>30.85-30.90</emph>
</ptxt>
</entry>
</row>
<row>
<entry align="left" valign="top"/>
<entry align="left" valign="top">
<ptxt>(1.13326-1.3346 in)</ptxt>
</entry>
<entry align="left" valign="top">
<ptxt>1.2135-1.2165 in)</ptxt>
</entry>
</row>
</tbody>
</tgroup>
</table>
</graphtext>
</grate>
</procstep>
<procstep id="KC02028381">
<title>Mill out valve seat</title>
<grate>
<graphic id="KC08700809" width="column">
<href>0900c8af8069921#@#@#9#.jpeg</href>
</graphic>
<graphtext>
<ptxt>Blow clean with#@#@#42#sly.
</ptxt>
<ptxt>Remove remains #@#@#3#seat.</ptxt>
<ptxt>Seat will becom#@#@#45#ched.</ptxt>
</graphtext>
</grate>
</procstep>
<procstep id="KC02028382">
<title>Check valve sea#@#@#3#ecess</title>
<grate>
<graphic id="KC08700810" width="column">
<href>0900c8af8069921#@#@#9#.jpeg</href>
</graphic>
<graphtext>
<ptxt>If damaged, rec#@#@#42#eat.
</ptxt>
</graphtext>
</grate>
</procstep>
<procstep id="KC02028383">
<title>Measure seat re#@#@#8#meter</title>
<grate>
<graphic id="KC08700811" width="column">
<href>0900c8af8069921#@#@#9#.jpeg</href>
</graphic>
<graphtext>
<ptxt>Use internal mi#@#@#4#eter.</ptxt>
<ptxt>Measure diamete#@#@#22#ence·</ptxt>
<ptxt>Seat should be <emph>0.10-0.14 mm</emph> (0.0039-0.0055 in) <emph>larger
</emph> than recess in#@#@#10#head.</ptxt>
<ptxt>If interference#@#@#69#seat.</ptxt>
</graphtext>
</grate>
</procstep>
<procstep id="KC02028384">
<title>Heat cylinder head</title>
<grate>
<graphic id="KC08700812" width="column">
<href>0900c8af8069921#@#@#9#.jpeg</href>
</graphic>
<graphtext>
<ptxt>Heat head in ov#@#@#23#2°F).</ptxt>
<note>
<ptxt>Use heavy prote#@#@#22#ling <emph>hot cylinder head
</emph>.</ptxt>
</note>
</graphtext>
</grate>
</procstep>
<procstep id="KC02028385">
<title>Cool valve seat</title>
<grate>
<graphic id="KC08700813" width="column">
<href>0900c8af8069921#@#@#9#.jpeg</href>
</graphic>
<graphtext>
<ptxt>Place seat on a#@#@#12#rift:</ptxt>
<table pgwide="1">
<tgroup cols="2">
<tbody>
<row>
<entry>
<ptxt>B234: Intake <emph>999 5368</emph>
</ptxt>
</entry>
<entry>
<ptxt>Exhaust <emph>999 5369</emph>
</ptxt>
</entry>
</row>
<row>
<entry>
<ptxt>B204: Intake <emph>999 5377</emph>
</ptxt>
</entry>
<entry>
<ptxt>Exhaust <emph>999 5378</emph>
</ptxt>
</entry>
</row>
</tbody>
</tgroup>
</table>
<ptxt>Cool seat using#@#@#22#dium.</ptxt>
<ptxt>Use grease to h#@#@#13#rift <toolitem id="KC08700814"/>.</ptxt>
<note>
<ptxt>Use heavy prote#@#@#22#ling <emph>chilled assembl#@#@#1#
tool</emph>.</ptxt>
</note>
</graphtext>
</grate>
</procstep>
<procstep id="KC02028386">
<title>Insert valve se#@#@#14# head</title>
<grate>
<graphic id="KC08700815" width="column">
<href>0900c8af8005d9e#@#@#9#.jpeg</href>
</graphic>
<graphtext>
<ptxt>Operation <emph>must be carried#@#@#7#ickly</emph> to maintain
ma#@#@#52#ents.</ptxt>
<ptxt>Check that rece#@#@#24#lean.</ptxt>
<ptxt>Use hammer to t#@#@#24#cess.</ptxt>
<note>
<ptxt>After replacing#@#@#7#seat:</ptxt>
<ptxt>Seat face <emph>must be
milled</emph>.</ptxt>
<ptxt>Seat and valve #@#@#39#ired.</ptxt>
</note>
</graphtext>
</grate>
</procstep>
<procstep id="KC02028387">
<title>Valve seat dime#@#@#1#sions</title>
<grate>
<graphic id="KC08700816" width="column">
<href>0900c8af8068104#@#@#9#.jpeg</href>
</graphic>
<graphtext>
<ptxt>Since seats are#@#@#37#red.
</ptxt>
<table pgwide="1">
<tgroup cols="4" colsep="0" rowsep="0">
<colspec colwidth="198*"/>
<colspec colwidth="64*"/>
<colspec colwidth="134*"/>
<colspec colwidth="132*"/>
<thead>
<row>
<entry align="left" valign="bottom">
<ptxt>Valve seat diameter</ptxt>
</entry>
<entry align="left" valign="bottom"/>
<entry align="left" valign="bottom">
<ptxt>Intake</ptxt>
</entry>
<entry align="left" valign="bottom">
<ptxt>Exhaust</ptxt>
</entry>
</row>
<row>
<entry align="left" valign="bottom">
<ptxt>B 234</ptxt>
</entry>
</row>
</thead>
<tbody>
<row>
<entry align="left" valign="top">
<ptxt>Standard<dotfill/>
</ptxt>
</entry>
<entry align="left" valign="top">
<ptxt>
<emph>mm</emph>
</ptxt>
</entry>
<entry align="left" valign="top">
<ptxt>
<emph>36.124-36.140</emph>
</ptxt>
<ptxt>(1.4222-1.4228 in)</ptxt>
</entry>
<entry align="left" valign="top">
<ptxt>
<emph>33.124-33.140</emph>
</ptxt>
<ptxt>(1.3238-1.3244 in)</ptxt>
</entry>
</row>
<row>
<entry align="left" valign="top">
<ptxt>Oversize<dotfill/>
</ptxt>
</entry>
<entry align="left" valign="top">
<ptxt>
<emph>mm</emph>
</ptxt>
</entry>
<entry align="left" valign="top">
<ptxt>
<emph>36.624-36.640</emph>
</ptxt>
<ptxt>(1.4419-1.4425 in)</ptxt>
</entry>
<entry align="left" valign="top">
<ptxt>
<emph>33.624-33.640</emph>
</ptxt>
<ptxt>(1.3238-1.3244in)</ptxt>
</entry>
</row>
</tbody>
</tgroup>
<tgroup cols="4" colsep="0" rowsep="0">
<colspec colwidth="200*"/>
<colspec colwidth="64*"/>
<colspec colwidth="132*"/>
<colspec colwidth="132*"/>
<thead>
<row>
<entry align="left" valign="bottom">
<ptxt>B 204</ptxt>
</entry>
</row>
</thead>
<tbody>
<row>
<entry align="left" valign="top">
<ptxt>Standard<dotfill/>
</ptxt>
</entry>
<entry align="left" valign="top">
<ptxt>
<emph>mm</emph>
</ptxt>
</entry>
<entry align="left" valign="top">
<ptxt>
<emph>34.124-34.140</emph>
</ptxt>
<ptxt>(1.3435-1.3341 in)</ptxt>
</entry>
<entry align="left" valign="top">
<ptxt>
<emph>31.124-31.140</emph>
</ptxt>
<ptxt>(1.2254-1.2260 in)</ptxt>
</entry>
</row>
<row>
<entry align="left" valign="top">
<ptxt>Oversize<dotfill/>
</ptxt>
</entry>
<entry align="left" valign="top">
<ptxt>
<emph>mm</emph>
</ptxt>
</entry>
<entry align="left" valign="top">
<ptxt>
<emph>34.624-34.640</emph>
</ptxt>
<ptxt>(1.3632-1.3638)</ptxt>
</entry>
<entry align="left" valign="top">
<ptxt>
<emph>31.624-31.640</emph>
</ptxt>
<ptxt>(1.2451-1.2457)</ptxt>
</entry>
</row>
</tbody>
</tgroup>
</table>
</graphtext>
</grate>
</procstep>
</stepgrp>
<stepgrp id="KC02028388">
<title>Valve seats, ma#@#@#2#ining</title>
<procstep id="KC02028389">
<title>Machine valve s#@#@#20#gles:</title>
<grate>
<graphic id="KC08700817" width="column">
<href>0900c8af8012caf#@#@#9#.jpeg</href>
</graphic>
<graphtext>
<table pgwide="1">
<tgroup cols="2">
<tbody>
<row>
<entry>
<ptxt>Seating face, i#@#@#8#haust<dotfill/>
</ptxt>
</entry>
<entry>
<ptxt>
<emph>45°</emph>
</ptxt>
</entry>
</row>
<row>
<entry>
<ptxt>Relief angle, upper<dotfill/>
</ptxt>
</entry>
<entry>
<ptxt>
<emph>15°</emph>
</ptxt>
</entry>
</row>
<row>
<entry>
<ptxt>Relief angle, lower<dotfill/>
</ptxt>
</entry>
<entry>
<ptxt>
<emph>70°</emph>
</ptxt>
</entry>
</row>
</tbody>
</tgroup>
</table>
<table pgwide="1">
<tgroup cols="2" colsep="0" rowsep="0">
<colspec colwidth="264*"/>
<colspec colwidth="264*"/>
<thead>
<row>
<entry align="left" valign="bottom">
<ptxt>Valve seat width (a)</ptxt>
</entry>
</row>
</thead>
<tbody>
<row>
<entry align="left" valign="top">
<ptxt>Intake<dotfill/>
</ptxt>
</entry>
<entry align="left" valign="top">
<ptxt>
<emph>1.3-1.9 mm</emph> (0.051-0.075
in)</ptxt>
</entry>
</row>
<row>
<entry align="left" valign="top">
<ptxt>Exhaust<dotfill/>
</ptxt>
</entry>
<entry align="left" valign="top">
<ptxt>
<emph>1.7-2.3 mm</emph> (0.067-0.091
in)</ptxt>
</entry>
</row>
</tbody>
</tgroup>
</table>
<note>
<ptxt>Check that mill#@#@#44#lls.
</ptxt>
</note>
</graphtext>
</grate>
</procstep>
</stepgrp>
<stepgrp>
<title>Machining of valves</title>
<procstep id="KC02028390">
<title>Machine-grind i#@#@#19#lows:</title>
<grate>
<graphic id="KC08700818" width="column">
<href>0900c8af8012cb0#@#@#9#.jpeg</href>
</graphic>
<graphtext>
<table pgwide="1">
<tgroup cols="2">
<tbody>
<row>
<entry>
<ptxt>Seating face angle</ptxt>
</entry>
<entry>
<ptxt>
<emph>44.5°</emph>
</ptxt>
</entry>
</row>
<row>
<entry>
<ptxt>Edge width, new#@#@#1#valve</ptxt>
</entry>
<entry>
<ptxt>
<emph>1.5 mm</emph> (0.059 in)</ptxt>
</entry>
</row>
<row>
<entry>
<ptxt>Min. edge width#@#@#10#nding</ptxt>
</entry>
<entry>
<ptxt>
<emph>1.2 mm</emph> (0.047 in)</ptxt>
</entry>
</row>
</tbody>
</tgroup>
</table>
<caution>
<ptxt>Exhaust valves #@#@#59#aste.</ptxt>
</caution>
</graphtext>
</grate>
</procstep>
<procstep id="KC02028391">
<title>Check valve ste#@#@#3#eight</title>
<grate>
<graphic id="KC08700819" width="column">
<href>0900c8af8068104#@#@#9#.jpeg</href>
</graphic>
<graphtext>
<ptxt>Use gauge <toolitem id="KC08700820"/>
and sliding ca#@#@#3#pers.</ptxt>
<ptxt>Place camshaft #@#@#20#head.</ptxt>
<ptxt>Place gauge acr#@#@#22#eats.</ptxt>
<ptxt>Measure valve s#@#@#52#uge.
</ptxt>
<table pgwide="1">
<tgroup cols="2" colsep="0" rowsep="0">
<colspec colwidth="264*"/>
<colspec colwidth="264*"/>
<tbody>
<row>
<entry align="left" valign="top">
<ptxt>Valve stem height<dotfill/>
</ptxt>
</entry>
<entry align="left" valign="top">
<ptxt>
<emph>49.4 ± 0.4 mm</emph> (1.9449
± 0.01#@#@#1#7 in)</ptxt>
</entry>
</row>
<row>
<entry align="left" valign="top">
<ptxt>Max. machining #@#@#4#wance<dotfill/>
</ptxt>
</entry>
<entry align="left" valign="top">
<ptxt>
<emph>0.4 mm</emph> (0.0157 in)</ptxt>
</entry>
</row>
</tbody>
</tgroup>
</table>
<ptxt>Length, new valve:</ptxt>
<table pgwide="1">
<tgroup cols="2" colsep="0" rowsep="0">
<colspec colwidth="264*"/>
<colspec colwidth="264*"/>
<tbody>
<row>
<entry align="left" valign="top">
<ptxt>Intake<dotfill/>
</ptxt>
</entry>
<entry align="left" valign="top">
<ptxt>
<emph>122.45 ± 0.2 mm</emph>
(4.8209 ± 0.00#@#@#1#9 in)</ptxt>
</entry>
</row>
<row>
<entry align="left" valign="top">
<ptxt>Exhaust<dotfill/>
</ptxt>
</entry>
<entry align="left" valign="top">
<ptxt>
<emph>122.25 ± 0.2 mm</emph>
(4.8130 ± 0.00#@#@#1#9 in)</ptxt>
</entry>
</row>
</tbody>
</tgroup>
</table>
<note>
<ptxt>
<emph>Correct valve s#@#@#5#eight</emph> is essential t#@#@#41#pets.</ptxt>
</note>
</graphtext>
</grate>
</procstep>
</stepgrp>
</procedure>
</servinfosub>