<?xml version="1.0" encoding="UTF-8"?><servinfosub IE-ID="en-US0900c8af80cd3202" docno="VCC-153085" id="KC02714788" xml:lang="en-US">
<title>
<phrase category="" id="KC09454419" phrase-urn="urn:x-nevis:phrase:0800c8af82709915">Short-circuit t#@#@#24#cable</phrase>
</title>
<diagnostic j2008use="1" paperuse="1" screenuse="1" type="test">
<testgrp IE-ID="en-US0900c8af80cd3202_KC02761134" id="KC02761134" j2008use="1" paperuse="1" resumable="1" screenuse="1" testgrp-id="s1" x="120" y="120">
<title>
<phrase category="" id="KC09454420" phrase-urn="urn:x-nevis:phrase:0800c8af82709916">Checking the co#@#@#2#onent</phrase>
</title>
<node>
<test1>
<diaglist>
<dgraphic>
<dgraphic1>
<graphic id="KC09454421">
<href>0900c8af80054d4#@#@#9#.jpeg</href>
</graphic>
</dgraphic1>
<dgraphic2>
<graphic id="KC09454422">
<href>0900c8af80054d7#@#@#9#.jpeg</href>
</graphic>
</dgraphic2>
</dgraphic>
<ditem>
<ptxt>
<phrase category="" id="KC09454423" phrase-urn="urn:x-nevis:phrase:0800c8af82709917">Switch off the #@#@#20#conds</phrase>
</ptxt>
</ditem>
<ditem>
<ptxt>
<phrase category="" id="KC09454424" phrase-urn="urn:x-nevis:phrase:0800c8af82709918">Disconnect the #@#@#33#age 1</phrase>
</ptxt>
</ditem>
<ditem>
<ptxt>
<phrase category="" id="KC09454425" phrase-urn="urn:x-nevis:phrase:0800c8af82709919">Disconnect the #@#@#58#SRS).</phrase>
</ptxt>
</ditem>
</diaglist>
<test2>
<warning>
<ptxt>
<phrase category="" id="KC09454426" phrase-urn="urn:x-nevis:phrase:0800c8af8270991a">Under no circum#@#@#155#rbag!</phrase>
</ptxt>
</warning>
<caution>
<ptxt>
<phrase category="" id="KC09454427" phrase-urn="urn:x-nevis:phrase:0800c8af8270991b">Do not touch th#@#@#164#SRS).</phrase>
</ptxt>
</caution>
<para>
<ptxt>
<phrase category="" id="KC09454428" phrase-urn="urn:x-nevis:phrase:0800c8af8270991c">Check the SRS i#@#@#332#ance.</phrase>
</ptxt>
<ptxt>
<phrase category="" id="KC09454429" phrase-urn="urn:x-nevis:phrase:0800c8af8270991d">Take readings b#@#@#2#ween:</phrase>
</ptxt>
</para>
<list1 enumtype="d" type="unordered">
<item>
<ptxt>
<phrase category="" id="KC09454430" phrase-urn="urn:x-nevis:phrase:0800c8af8270991e">Terminal #1 for#@#@#142#stage</phrase>
</ptxt>
</item>
<item>
<ptxt>
<phrase category="" id="KC09454431" phrase-urn="urn:x-nevis:phrase:0800c8af8270991f">Terminal #1 for#@#@#142#stage</phrase>
</ptxt>
</item>
<item>
<ptxt>
<phrase category="" id="KC09454432" phrase-urn="urn:x-nevis:phrase:0800c8af82709920">Terminal #2 for#@#@#142#stage</phrase>
</ptxt>
</item>
<item>
<ptxt>
<phrase category="" id="KC09454433" phrase-urn="urn:x-nevis:phrase:0800c8af82709922">Terminal #2 for#@#@#143#tage.</phrase>
</ptxt>
</item>
</list1>
<para>
<ptxt>
<phrase category="" id="KC09454434" phrase-urn="urn:x-nevis:phrase:0800c8af82709923">Remedy as necessary.</phrase>
</ptxt>
</para>
<hint>
<list1>
<item>
<ptxt>
<phrase category="" id="KC09454435" phrase-urn="urn:x-nevis:phrase:0800c8af82709924">Check which col#@#@#47# type</phrase>
</ptxt>
</item>
<item>
<ptxt>
<phrase category="" id="KC09454436" phrase-urn="urn:x-nevis:phrase:0800c8af82709925">Start by checki#@#@#170#able.</phrase>
</ptxt>
</item>
</list1>
</hint>
<list1 enumtype="d" type="unordered">
<title>
<phrase category="" id="KC09454437" phrase-urn="urn:x-nevis:phrase:0800c8af82709926">Other information</phrase>
</title>
<item>
<ptxt>
<phrase category="" id="KC09454438" phrase-urn="urn:x-nevis:phrase:0800c8af82709927">
<xref>
<ref id="KC09454439"/>
</xref>
</phrase>
</ptxt>
</item>
<item>
<ptxt>
<phrase category="" id="KC09454440" phrase-urn="urn:x-nevis:phrase:0800c8af82709928">
<xref>
<ref id="KC09454441"/>
</xref>
</phrase>
</ptxt>
</item>
<item>
<ptxt>
<phrase category="" id="KC09454442" phrase-urn="urn:x-nevis:phrase:0800c8af82709929">For further inf#@#@#61#agram</phrase>
</ptxt>
</item>
<item>
<ptxt>
<phrase category="" id="KC09454443" phrase-urn="urn:x-nevis:phrase:0800c8af8270992b">To access or re#@#@#46#see: <xref>
<ref id="KC09454444"/>
</xref>
</phrase>
</ptxt>
</item>
<item>
<ptxt>
<phrase category="" id="KC09454445" phrase-urn="urn:x-nevis:phrase:0800c8af8270992c">Disassembling c#@#@#6#ors: <xref>
<ref id="KC09454446"/>
</xref>
</phrase>
</ptxt>
</item>
<item>
<ptxt>
<phrase category="" id="KC09454447" phrase-urn="urn:x-nevis:phrase:0800c8af8270992d">
<xref>
<ref id="KC09454448"/>
</xref>
</phrase>
</ptxt>
</item>
</list1>
<diaglist>
<dgraphic>
<dgraphic1>
<graphic id="KC09454449">
<href>0900c8af80126b2#@#@#9#.jpeg</href>
</graphic>
</dgraphic1>
</dgraphic>
</diaglist>
</test2>
</test1>
<question>
Select "Contin#@#@#34#ed. 
</question>
<resact-grp>
<result button="cont" comp="button" highlight="0"/>
<action>
<ptxt>
<xref>
<ref id="KC09454451"/>
</xref>
</ptxt>
</action>
</resact-grp>
</node>
</testgrp>
<testgrp id="KC02761135" j2008use="1" paperuse="1" resumable="1" screenuse="1" testgrp-id="veri" x="120" y="280">
<title>
<phrase category="" id="KC09454452" phrase-urn="urn:x-nevis:phrase:0800c8af82709930">Verification</phrase>
</title>
<subcalloutnode>
<diagcallout>
<xref>
<ref id="KC09454453"/>
</xref>
</diagcallout>
<rescall-grp>
<result comp="string" highlight="0" op="eq" return="VERIFIED"/>
<calloutaction>
<return value="FAULT FOUND"/>
</calloutaction>
</rescall-grp>
<rescall-grp>
<result comp="string" highlight="0" op="eq" return="VERIFICATION FAILED"/>
<calloutaction>
<ptxt>
<xref>
<ref id="KC09454454"/>
</xref>
</ptxt>
</calloutaction>
</rescall-grp>
</subcalloutnode>
</testgrp>
<testgrp id="KC02761136" j2008use="1" paperuse="1" resumable="1" screenuse="1" testgrp-id="info1" x="280" y="120">
<title>
<phrase category="" id="KC09454455" phrase-urn="urn:x-nevis:phrase:0800c8af82709931">Fault-tracing i#@#@#5#ation</phrase>
</title>
<subcalloutnode>
<diagcallout>
<xref>
<ref id="KC09454456"/>
</xref>
</diagcallout>
<rescall-grp>
<result comp="string" highlight="0" op="eq" return="FAULTTRACING FAILED"/>
<calloutaction>
<return value="FAULT NOT FOUND"/>
</calloutaction>
</rescall-grp>
<rescall-grp>
<result comp="string" highlight="0" op="eq" return="NEW TRY"/>
<calloutaction>
<ptxt>
<xref>
<ref id="KC09454457"/>
</xref>
</ptxt>
</calloutaction>
</rescall-grp>
</subcalloutnode>
</testgrp>
</diagnostic>
</servinfosub>