<?xml version="1.0" encoding="UTF-8"?><servinfosub IE-ID="en-US0900c8af81492416" docno="VCC-155821" id="KC03015151" xml:lang="en-US">
<title>Connector, replacing</title>
<procedure>
<proctools>
<toolitem id="KC08076459"/>
<toolitem id="KC08076460"/>
<toolitem id="KC08076461"/>
<toolitem id="KC08076462"/>
</proctools>
<note>
<ptxt>The illustratio#@#@#177#ect. </ptxt>
</note>
<stepgrp id="KC03089749">
<title>Disassembly</title>
<procstep id="KC03089750">
<title>Disassembling s#@#@#8# lock</title>
<grate>
<graphic id="KC08076463">
<href>0900c8af8005520#@#@#9#.jpeg</href>
</graphic>
<graphtext>
<para>
<ptxt>Press the secon#@#@#54#ool: <toolitem id="KC08076464"/> or an electric#@#@#29#ated.</ptxt>
</para>
</graphtext>
</grate>
</procstep>
<procstep id="KC03089751">
<title>Disassembling p#@#@#6# lock</title>
<grate>
<graphic id="KC08076465">
<href>0900c8af8005521#@#@#9#.jpeg</href>
</graphic>
<graphtext>
<para>
<ptxt>To remove the c#@#@#28#ool: <toolitem id="KC08076466"/>, see the illus#@#@#3#tion.</ptxt>
<ptxt>At the same tim#@#@#32#ards.</ptxt>
</para>
</graphtext>
</grate>
<grate>
<graphic id="KC08076467">
<href>0900c8af8005520#@#@#9#.jpeg</href>
</graphic>
<graphtext>
<para>
<ptxt>Release the inn#@#@#116#ards.</ptxt>
</para>
<para>
<ptxt>Use tool: <toolitem id="KC08076468"/> or <toolitem id="KC08076469"/>. See the illus#@#@#3#tion.</ptxt>
<ptxt>At the same tim#@#@#32#ards.</ptxt>
</para>
</graphtext>
</grate>
</procstep>
</stepgrp>
<stepgrp id="KC03089752">
<title>Assembly</title>
<procstep id="KC03089753">
<title>Assembling prim#@#@#3# lock</title>
<para>
<ptxt>Check that the #@#@#23#aged.</ptxt>
</para>
<para>
<ptxt>Press the cable#@#@#22#sing.</ptxt>
</para>
<para>
<ptxt>Check that the #@#@#63#able.</ptxt>
</para>
</procstep>
<procstep id="KC03089754">
<title>Assembling seco#@#@#5# lock</title>
<para>
<ptxt>Slide the recep#@#@#28#ctor.</ptxt>
</para>
<para>
<ptxt>Press the secon#@#@#16#lace.</ptxt>
</para>
</procstep>
</stepgrp>
</procedure>
</servinfosub>