<?xml version="1.0" encoding="UTF-8"?><servinfosub IE-ID="en-US0900c8af80cdd416" docno="VCC-154592" id="KC02771862" xml:lang="en-US">
<title>
<phrase category="" id="KC07183751" phrase-urn="urn:x-nevis:phrase:0800c8af81a92cb7">No locking at f#@#@#8#empt </phrase>
</title>
<diagnostic j2008use="1" paperuse="1" screenuse="1" type="test">
<testgrp IE-ID="en-US0900c8af80cdd416_KC02790813" id="KC02790813" j2008use="1" paperuse="1" resumable="1" screenuse="1" testgrp-id="node10">
<title>
<phrase category="" id="KC07183752" phrase-urn="urn:x-nevis:phrase:0800c8af81a92cb8">Information</phrase>
</title>
<node>
<test1>
<diaglist>
<ditem>
<ptxt>
<phrase category="" id="KC07183753" phrase-urn="urn:x-nevis:phrase:0800c8af81a92cb9">Check diagnosti#@#@#82#PDM).</phrase>
</ptxt>
</ditem>
</diaglist>
<test2>
<note>
<ptxt>
<phrase category="" id="KC07183754" phrase-urn="urn:x-nevis:phrase:0800c8af81a92cba">Ensure there ar#@#@#135#cing.</phrase>
</ptxt>
</note>
</test2>
</test1>
<question>Select Continue.</question>
<resact-grp>
<result button="cont" comp="button" highlight="0"/>
<action>
<ptxt>
<xref>
<ref id="KC07183755"/>
</xref>
</ptxt>
</action>
</resact-grp>
</node>
</testgrp>
<testgrp id="KC02790814" j2008use="1" paperuse="1" resumable="1" screenuse="1" testgrp-id="node1" x="200" y="80">
<title>
<phrase category="" id="KC07183756" phrase-urn="urn:x-nevis:phrase:0800c8af81a92cbb">Function test</phrase>
</title>
<node>
<test1>
<diaglist>
<ditem>
<ptxt>
<phrase category="" id="KC07183757" phrase-urn="urn:x-nevis:phrase:0800c8af81a92cbc">Lock and unlock#@#@#16#imes.</phrase>
</ptxt>
</ditem>
</diaglist>
<test2>
<note>
<ptxt>
<phrase category="" id="KC07183758" phrase-urn="urn:x-nevis:phrase:0800c8af81a92cbd">If locking and #@#@#302#nds).</phrase>
</ptxt>
</note>
<para>
<ptxt>
<phrase category="" id="KC07183759" phrase-urn="urn:x-nevis:phrase:0800c8af81a92cbe">The car can be #@#@#58#rol. </phrase>
</ptxt>
</para>
<para>
<ptxt>
<phrase category="" id="KC07183760" phrase-urn="urn:x-nevis:phrase:0800c8af81a92cbf">When locking, c#@#@#53#sion.</phrase>
</ptxt>
</para>
<grate>
<graphic id="KC07183761">
<href>0900c8af80a53da#@#@#9#.jpeg</href>
</graphic>
</grate>
</test2>
</test1>
<question>Can the lock be#@#@#23#sion?</question>
<resact-grp>
<result button="yes" comp="button" highlight="0"/>
<action j2008use="1" paperuse="1" screenuse="1">
<ptxt>
<xref>
<ref id="KC07183762"/>
</xref>
</ptxt>
</action>
</resact-grp>
<resact-grp>
<result button="no" comp="button" highlight="0"/>
<action j2008use="1" paperuse="1" screenuse="1">
<ptxt>
<xref>
<ref id="KC07183763"/>
</xref>
</ptxt>
</action>
</resact-grp>
</node>
</testgrp>
<testgrp id="KC02790815" j2008use="1" paperuse="1" resumable="1" screenuse="1" testgrp-id="node2">
<title>
<phrase category="" id="KC07183764" phrase-urn="urn:x-nevis:phrase:0800c8af81a92cc0">Checking the wiring</phrase>
</title>
<node>
<test1>
<diaglist>
<ditem>
<ptxt>
<phrase category="" id="KC07183765" phrase-urn="urn:x-nevis:phrase:0800c8af81a92cc1">Remove the side#@#@#8#door.</phrase>
</ptxt>
</ditem>
</diaglist>
<test2>
<para>
<ptxt>
<phrase category="" id="KC07183766" phrase-urn="urn:x-nevis:phrase:0800c8af81a92cc2">Check the conne#@#@#82#tion.</phrase>
</ptxt>
</para>
<para>
<ptxt>
<phrase category="" id="KC07183767" phrase-urn="urn:x-nevis:phrase:0800c8af81a92cc3">Check the wirin#@#@#128#age. </phrase>
</ptxt>
</para>
<para>
<ptxt>
<phrase category="" id="KC07183768" phrase-urn="urn:x-nevis:phrase:0800c8af81a92cc4">For information#@#@#79#odel.</phrase>
</ptxt>
</para>
<para>
<ptxt>
<phrase category="" id="KC07183769" phrase-urn="urn:x-nevis:phrase:0800c8af81a92cc5">Remedy the cabl#@#@#11#sary.</phrase>
</ptxt>
</para>
<list1 enumtype="d" type="unordered">
<title>
<phrase category="" id="KC07183770" phrase-urn="urn:x-nevis:phrase:0800c8af81a92cc6">Other information</phrase>
</title>
<item>
<ptxt>
<phrase category="" id="KC07183771" phrase-urn="urn:x-nevis:phrase:0800c8af81a92cc7">
<xref>
<ref id="KC07183772"/>
</xref>
</phrase>
</ptxt>
</item>
<item>
<ptxt>
<phrase category="" id="KC07183773" phrase-urn="urn:x-nevis:phrase:0800c8af81a92cc8">To access the p#@#@#46#see: <xref>
<ref id="KC07183774"/>
</xref>
</phrase>
</ptxt>
</item>
<item>
<ptxt>
<phrase category="" id="KC07183775" phrase-urn="urn:x-nevis:phrase:0800c8af81a92cc9">
<xref>
<ref id="KC07183776"/>
</xref>
</phrase>
</ptxt>
</item>
</list1>
</test2>
</test1>
<question>Was a fault det#@#@#1#cted?</question>
<resact-grp>
<result button="yes" comp="button" highlight="0"/>
<action j2008use="1" paperuse="1" screenuse="1">
<ptxt>
<xref>
<ref id="KC07183777"/>
</xref>
</ptxt>
</action>
</resact-grp>
<resact-grp>
<result button="no" comp="button" highlight="0"/>
<action j2008use="1" paperuse="1" screenuse="1">
<ptxt>
<xref>
<ref id="KC07183778"/>
</xref>
</ptxt>
</action>
</resact-grp>
</node>
</testgrp>
<testgrp id="KC02790816" j2008use="1" paperuse="1" resumable="1" screenuse="1" testgrp-id="node3" x="200" y="200">
<title>
<phrase category="" id="KC07183779" phrase-urn="urn:x-nevis:phrase:0800c8af81a92cca">Replacing the l#@#@#3# unit</phrase>
</title>
<node>
<test1>
<diaglist>
<dgraphic>
<dgraphic1>
<graphic id="KC07183780">
<href>0900c8af80054d4#@#@#9#.jpeg</href>
</graphic>
</dgraphic1>
</dgraphic>
<ditem>
<ptxt>
<phrase category="" id="KC07183781" phrase-urn="urn:x-nevis:phrase:0800c8af81a92ccb">Ignition off.</phrase>
</ptxt>
</ditem>
</diaglist>
<test2>
<para>
<ptxt>
<phrase category="" id="KC07183782" phrase-urn="urn:x-nevis:phrase:0800c8af81a92ccc">If the lock uni#@#@#126#aced.</phrase>
</ptxt>
</para>
<list1 enumtype="d">
<title>
<phrase category="" id="KC07183783" phrase-urn="urn:x-nevis:phrase:0800c8af81a92ccd">Other information</phrase>
</title>
<item>
<ptxt>
<phrase category="" id="KC07183784" phrase-urn="urn:x-nevis:phrase:0800c8af81a92cce">
<xref>
<ref id="KC07183785"/>
</xref>
</phrase>
</ptxt>
</item>
</list1>
<grate>
<graphic id="KC07183786">
<href>0900c8af80a53da#@#@#9#.jpeg</href>
</graphic>
</grate>
</test2>
</test1>
<question>Select Continue.</question>
<resact-grp>
<result button="cont" comp="button" highlight="0"/>
<action j2008use="1" paperuse="1" screenuse="1">
<ptxt>
<xref>
<ref id="KC07183787"/>
</xref>
</ptxt>
</action>
</resact-grp>
</node>
</testgrp>
<testgrp id="KC02790817" j2008use="1" paperuse="1" resumable="1" screenuse="1" testgrp-id="node7" x="720" y="200">
<title>
<phrase category="" id="KC07183788" phrase-urn="urn:x-nevis:phrase:0800c8af81a92ccf">Fault-tracing i#@#@#5#ation</phrase>
</title>
<node>
<test1>
<test2>
<para>
<ptxt>
<phrase category="" id="KC07183789" phrase-urn="urn:x-nevis:phrase:0800c8af81a92cd0">If no fault is #@#@#173#red. </phrase>
</ptxt>
</para>
</test2>
</test1>
<question>Select Continue.</question>
<resact-grp>
<result button="cont" comp="button" highlight="0"/>
<action j2008use="1" paperuse="1" screenuse="1">
<return value="DONE"/>
</action>
</resact-grp>
</node>
</testgrp>
<testgrp id="KC02790818" j2008use="1" paperuse="1" resumable="1" screenuse="1" testgrp-id="verif" x="120" y="280">
<title>
<phrase category="" id="KC07183790" phrase-urn="urn:x-nevis:phrase:0800c8af81a92cd1">Verification</phrase>
</title>
<subcalloutnode>
<diagcallout>
<xref>
<ref id="KC07183791"/>
</xref>
</diagcallout>
<rescall-grp>
<result comp="string" highlight="0" op="eq" return="VERIFIED"/>
<calloutaction>
<return value="FAULT FOUND"/>
</calloutaction>
</rescall-grp>
<rescall-grp>
<result comp="string" highlight="0" op="eq" return="VERIFICATION FAILED"/>
<calloutaction>
<ptxt>
<xref>
<ref id="KC07183792"/>
</xref>
</ptxt>
</calloutaction>
</rescall-grp>
</subcalloutnode>
</testgrp>
<testgrp id="KC02790819" j2008use="1" paperuse="1" resumable="1" screenuse="1" testgrp-id="info1" x="134" y="480">
<title>
<phrase category="" id="KC07183793" phrase-urn="urn:x-nevis:phrase:0800c8af81a92cd2">Fault-tracing i#@#@#5#ation</phrase>
</title>
<subcalloutnode>
<diagcallout>
<xref>
<ref id="KC07183794"/>
</xref>
</diagcallout>
<rescall-grp>
<result comp="string" highlight="0" op="eq" return="FAULTTRACING FAILED"/>
<calloutaction>
<return value="FAULTTRACING FAILED"/>
</calloutaction>
</rescall-grp>
<rescall-grp>
<result comp="string" highlight="0" op="eq" return="NEW TRY"/>
<calloutaction>
<ptxt>
<xref>
<ref id="KC07183795"/>
</xref>
</ptxt>
</calloutaction>
</rescall-grp>
</subcalloutnode>
</testgrp>
</diagnostic>
</servinfosub>