<?xml version="1.0" encoding="UTF-8"?><servinfosub IE-ID="en-US0900c8af8067b416" docno="VCC-036022" id="KC02197017" xml:lang="en-US">
<title>Control module #@#@#11#ement</title>
<procedure>
<stepgrp id="KC02197018">
<procstep id="KC02197019">
<title>Removal</title>
<grate>
<graphic id="KC08355698" width="column">
<href>0900c8af8067b41#@#@#9#.jpeg</href>
</graphic>
<graphtext>
<list1 enumtype="d" type="unordered">
<item>
<ptxt>Ignition off.</ptxt>
</item>
<item>
<ptxt>Disconnect battery.</ptxt>
</item>
<item>
<ptxt>Remove front ai#@#@#24#
box.</ptxt>
</item>
<item>
<ptxt>Remove filler p#@#@#28#oir.
</ptxt>
</item>
<item>
<ptxt>Undo expansion #@#@#17#ards.</ptxt>
</item>
<item>
<ptxt>Undo DLC.</ptxt>
</item>
</list1>
</graphtext>
</grate>
</procstep>
<procstep id="KC02197020">
<title/>
<grate>
<graphic id="KC08355699" width="column">
<href>0900c8af806659a#@#@#9#.jpeg</href>
</graphic>
<graphtext>
<ptxt>Remove:</ptxt>
<list1 enumtype="d" type="unordered">
<item>
<ptxt>control module #@#@#44#ver).</ptxt>
</item>
<item>
<ptxt>control modules#@#@#22#ox. 
</ptxt>
</item>
<item>
<ptxt>front mounting #@#@#1#crew.</ptxt>
</item>
</list1>
</graphtext>
</grate>
</procstep>
<procstep id="KC02197021">
<title/>
<grate>
<graphic id="KC08355700" width="column">
<href>0900c8af806659a#@#@#9#.jpeg</href>
</graphic>
<graphtext>
<ptxt>Remove:</ptxt>
<list1 enumtype="d" type="unordered">
<item>
<ptxt>center section #@#@#62#iver.</ptxt>
</item>
<item>
<ptxt>connecting stub#@#@#29#take.</ptxt>
</item>
<item>
<ptxt>lift up the con#@#@#117# box.</ptxt>
</item>
</list1>
</graphtext>
</grate>
</procstep>
<procstep id="KC02197022">
<title/>
<grate>
<graphic id="KC08355701" width="column">
<href>0900c8af806659b#@#@#9#.jpeg</href>
</graphic>
<graphtext>
<ptxt>Remove:</ptxt>
<list1 enumtype="d" type="unordered">
<item>
<ptxt>undo connector #@#@#25#
box.</ptxt>
</item>
<item>
<ptxt>cable tie screw#@#@#27#
box.</ptxt>
</item>
<item>
<ptxt>pull up lead on#@#@#24#box.
</ptxt>
</item>
</list1>
</graphtext>
</grate>
</procstep>
</stepgrp>
<stepgrp id="KC02197023">
<procstep id="KC02197024">
<title/>
<grate>
<graphic id="KC08355702" width="column">
<href>0900c8af806659c#@#@#9#.jpeg</href>
</graphic>
<graphtext>
<ptxt>Remove:</ptxt>
<list1 enumtype="d" type="unordered">
<item>
<ptxt>rear mounting screw.</ptxt>
</item>
<item>
<ptxt>lower section o#@#@#120# box.</ptxt>
</item>
<item>
<ptxt>cable tie at si#@#@#21#box.
</ptxt>
</item>
</list1>
</graphtext>
</grate>
</procstep>
<procstep id="KC02197025">
<title>Installation</title>
<grate>
<graphic id="KC08355703" width="column">
<href>0900c8af806659c#@#@#9#.jpeg</href>
</graphic>
<graphtext>
<ptxt>Install:</ptxt>
<list1 enumtype="d" type="unordered">
<item>
<ptxt>cable tie on si#@#@#22#ox. 
</ptxt>
<note>
<ptxt>Rubber mat shou#@#@#37#late.</ptxt>
</note>
</item>
<item>
<ptxt>lower section o#@#@#70#flap.</ptxt>
</item>
<item>
<ptxt>rear mounting screw.</ptxt>
</item>
</list1>
</graphtext>
</grate>
</procstep>
</stepgrp>
<stepgrp id="KC02197026">
<procstep id="KC02197027">
<title/>
<grate>
<graphic id="KC08355704" width="column">
<href>0900c8af806659b#@#@#9#.jpeg</href>
</graphic>
<graphtext>
<ptxt>Install:</ptxt>
<list1 enumtype="d" type="unordered">
<item>
<ptxt>connector in ba#@#@#21#box.
</ptxt>
</item>
<item>
<ptxt>lead on side of#@#@#15# box.</ptxt>
</item>
<item>
<ptxt>screws to cable#@#@#30#
box.</ptxt>
</item>
</list1>
</graphtext>
</grate>
</procstep>
<procstep id="KC02197028">
<title/>
<grate>
<graphic id="KC08355705" width="column">
<href>0900c8af806659d#@#@#9#.jpeg</href>
</graphic>
<graphtext>
<ptxt>Install:</ptxt>
<list1 enumtype="d" type="unordered">
<item>
<ptxt>control module #@#@#27#lock.</ptxt>
</item>
<item>
<ptxt>cable duct, ins#@#@#32# box.</ptxt>
</item>
<item>
<ptxt>connecting stub#@#@#29#take.</ptxt>
</item>
<item>
<ptxt>center section #@#@#17# box.</ptxt>
</item>
</list1>
<note>
<ptxt>Check that cent#@#@#80#erly.</ptxt>
</note>
</graphtext>
</grate>
</procstep>
<procstep id="KC02197029">
<title/>
<grate>
<graphic id="KC08355706" width="column">
<href>0900c8af806659d#@#@#9#.jpeg</href>
</graphic>
<graphtext>
<ptxt>Install:</ptxt>
<list1 enumtype="d" type="unordered">
<item>
<ptxt>front mounting #@#@#1#crew.</ptxt>
</item>
<item>
<ptxt>control modules.</ptxt>
</item>
<item>
<ptxt>control module #@#@#37#erly.</ptxt>
</item>
</list1>
</graphtext>
</grate>
</procstep>
<procstep id="KC02197030">
<title/>
<grate>
<graphic id="KC08355707" width="column">
<href>0900c8af8067b41#@#@#9#.jpeg</href>
</graphic>
<graphtext>
<ptxt>Install:</ptxt>
<list1 enumtype="d" type="unordered">
<item>
<ptxt>DLC.</ptxt>
</item>
<item>
<ptxt>filler pipe to #@#@#18#voir.</ptxt>
</item>
<item>
<ptxt>check that fill#@#@#27#voir
</ptxt>
</item>
<item>
<ptxt>front air duct #@#@#17# box.</ptxt>
</item>
<item>
<ptxt>expansion tank.</ptxt>
</item>
<item>
<ptxt>reconnect battery.</ptxt>
</item>
<item>
<ptxt>reset radio cod#@#@#7#lock.</ptxt>
</item>
</list1>
</graphtext>
</grate>
</procstep>
</stepgrp>
</procedure>
</servinfosub>