<?xml version="1.0" encoding="UTF-8"?><servinfosub IE-ID="en-US0900c8af8168b401" docno="VCC-157190" id="KC05310051" xml:lang="en-US">
<title>Generator (GEN)#@#@#6#acing</title>
<procedure>
<note>
<ptxt>The illustratio#@#@#176#rect.</ptxt>
</note>
<stepgrp id="KC05352284">
<title>Preparatory work</title>
<procstep id="KC05352285">
<title>Removing components</title>
<grate>
<graphic id="KC09065869">
<href>0900c8af8005714#@#@#11#.jpeg</href>
</graphic>
<graphtext>
<para>
<ptxt>Ignition off.</ptxt>
</para>
<list1 enumtype="d" type="unordered">
<title>Remove:</title>
<item>
<ptxt>the battery neg#@#@#12#See: <xref>
<ref id="KC09065870"/>
</xref>
</ptxt>
</item>
<item>
<ptxt>the auxiliaries#@#@#7#See: <xref>
<ref id="KC09065871"/>
</xref>. </ptxt>
</item>
</list1>
</graphtext>
</grate>
</procstep>
</stepgrp>
<stepgrp id="KC05352286">
<title>Removal</title>
<procstep id="KC05352287">
<title>Disconnecting t#@#@#11# hose</title>
<grate>
<graphic id="KC09065872">
<href>0900c8af80057a9#@#@#9#.jpeg</href>
</graphic>
<graphtext>
<para>
<ptxt>Squeeze the ser#@#@#35#ated.</ptxt>
</para>
<caution>
<ptxt>Cover the gener#@#@#41#lage.</ptxt>
</caution>
<para>
<ptxt>Disconnect the #@#@#69# out.</ptxt>
</para>
</graphtext>
</grate>
</procstep>
<procstep id="KC05352288">
<title>Removing the ge#@#@#8#(GEN)</title>
<grate>
<graphic id="KC09065873">
<href>0900c8af816218e#@#@#9#.jpeg</href>
</graphic>
<graphtext>
<para>
<ptxt>Slacken off the#@#@#85#nce).</ptxt>
</para>
<list1 enumtype="d" type="unordered">
<title>Remove:</title>
<item>
<ptxt>the nut for the#@#@#17# lead</ptxt>
</item>
<item>
<ptxt>the connector</ptxt>
</item>
<item>
<ptxt>the 3 screws</ptxt>
</item>
<item>
<ptxt>the generator (GEN).</ptxt>
</item>
</list1>
<para>
<ptxt>Lift out the ge#@#@#3#ator.</ptxt>
</para>
</graphtext>
</grate>
</procstep>
</stepgrp>
<stepgrp id="KC05352289">
<title>Installation</title>
<note>
<ptxt>For tightening #@#@#9#see: <xref>
<ref id="KC09065874"/>
</xref>. </ptxt>
</note>
<procstep id="KC05352290">
<title>Installing gene#@#@#6#(GEN)</title>
<para>
<ptxt>Lift the genera#@#@#10#lace.</ptxt>
</para>
<list1 enumtype="d" type="unordered">
<title>Install:</title>
<item>
<ptxt>the 3 x M8 screws</ptxt>
</item>
<item>
<ptxt>the connector</ptxt>
</item>
<item>
<ptxt>the nut for the#@#@#33#See: <xref>
<ref id="KC09065875"/>
</xref>.</ptxt>
</item>
</list1>
<para>
<ptxt>If the vehicle #@#@#87#ssor.</ptxt>
</para>
</procstep>
</stepgrp>
<stepgrp id="KC05352291">
<title>Finishing</title>
<procstep id="KC05352292">
<title>Installing the #@#@#8# hose</title>
<para>
<ptxt>Install the pre#@#@#34#pump.</ptxt>
</para>
<note>
<ptxt>Check and repla#@#@#20#aged.</ptxt>
</note>
<para>
<ptxt>Remove the hose#@#@#1#clip.</ptxt>
</para>
</procstep>
<procstep id="KC05352293">
<title>Installing comp#@#@#1#nents</title>
<list1 enumtype="d" type="unordered">
<title>Install:</title>
<item>
<ptxt>the auxiliaries#@#@#7#See: <xref>
<ref id="KC09065876"/>
</xref>
</ptxt>
</item>
<item>
<ptxt>the battery neg#@#@#12#See: <xref>
<ref id="KC09065877"/>
</xref>. </ptxt>
</item>
</list1>
</procstep>
<procstep id="KC05352294">
<title>Bleeding the po#@#@#14#ystem</title>
<para>
<ptxt>Bleed the power#@#@#18#See: <xref>
<ref id="KC09065878"/>
</xref>.</ptxt>
</para>
</procstep>
<procstep id="KC05352295">
<title>Function test</title>
<para>
<ptxt>Check the fluid#@#@#23#ired.</ptxt>
</para>
<para>
<ptxt>Test the function.</ptxt>
</para>
</procstep>
</stepgrp>
</procedure>
</servinfosub>