<?xml version="1.0" encoding="UTF-8"?><servinfosub IE-ID="en-US0900c8af8168a401" docno="VCC-154254" id="KC05344227" xml:lang="en-US">
<title>
<phrase category="" id="KC07878629" phrase-urn="urn:x-nevis:phrase:0800c8af81c2ddfc">Diagnostic trou#@#@#30#-3F03</phrase>
</title>
<diagnostic type="condition">
<condgrp>
<condition type="condition">
<grate>
<graphic id="KC07878630">
<href>0900c8af8073139#@#@#9#.jpeg</href>
</graphic>
</grate>
<para>
<ptxt>
<phrase category="" id="KC07878631" phrase-urn="urn:x-nevis:phrase:0800c8af81c2ddfd">The central ele#@#@#79#edal.</phrase>
</ptxt>
<ptxt>
<phrase category="" id="KC07878632" phrase-urn="urn:x-nevis:phrase:0800c8af81c2ddfe">The diagnostic #@#@#84#high.</phrase>
</ptxt>
<ptxt>
<phrase category="" id="KC07878633" phrase-urn="urn:x-nevis:phrase:0800c8af81c2ddff">Diagnostic trou#@#@#68#r II.</phrase>
</ptxt>
</para>
</condition>
</condgrp>
<condgrp>
<condition type="substitution">
<list1 enumtype="d">
<item>
<ptxt>
<phrase category="" id="KC07878634" phrase-urn="urn:x-nevis:phrase:0800c8af81c2de00">Cruise control #@#@#8# off.</phrase>
</ptxt>
</item>
</list1>
</condition>
<ps>
<list1 enumtype="d" type="unordered">
<item>
<ptxt>
<phrase category="" id="KC07878635" phrase-urn="urn:x-nevis:phrase:0800c8af81c2de01">Short-circuit t#@#@#66#pedal</phrase>
</ptxt>
</item>
<item>
<ptxt>
<phrase category="" id="KC07878636" phrase-urn="urn:x-nevis:phrase:0800c8af81c2de02">Damaged pedal p#@#@#10#nsor.</phrase>
</ptxt>
</item>
</list1>
</ps>
</condgrp>
<condgrp>
<condition type="symptom">
<list1 enumtype="d" type="unordered">
<item>
<ptxt>
<phrase category="" id="KC07878637" phrase-urn="urn:x-nevis:phrase:0800c8af81c2de03">Cruise control #@#@#20# all.</phrase>
</ptxt>
</item>
</list1>
</condition>
</condgrp>
</diagnostic>
</servinfosub>