<?xml version="1.0" encoding="UTF-8"?><servinfosub IE-ID="en-US0900c8af84b93a09" docno="VCC-402827" id="nev15047287n1" xml:lang="en-US">
<title>
<phrase category="Title" id="nev15047287n2" phrase-urn="urn:x-nevis:phrase:0800c8af81eb9a54">Diagnostic trou#@#@#21#ation</phrase>
<phrase category="Prefix" id="nev15047287n3" phrase-urn="urn:x-nevis:phrase:0800c8af8015c3f5">ECM</phrase>-P011711</title>
<diagnostic j2008use="1" paperuse="1" screenuse="1" type="condition">
<condgrp>
<condition type="condition">
<grate>
<graphic id="nev15047287n4" width="column">
<href>0900c8af804456c#@#@#9#.jpeg</href>
</graphic>
<graphtext>
<para>
<ptxt>
<phrase category="" id="nev15047287n5" phrase-urn="urn:x-nevis:phrase:0800c8af81a9eea2">The engine cont#@#@#68#CT). </phrase>
</ptxt>
<ptxt>
<phrase category="" id="nev15047287n6" phrase-urn="urn:x-nevis:phrase:0800c8af81a9eea3">A diagnostic tr#@#@#191#alue.</phrase>
</ptxt>
<ptxt>
<phrase category="" id="nev15047287n7" phrase-urn="urn:x-nevis:phrase:0800c8af81a9eea4">The diagnostic #@#@#64#d on.</phrase>
</ptxt>
</para>
</graphtext>
</grate>
</condition>
</condgrp>
<condgrp>
<condition type="substitution">
<list1 enumtype="d" type="unordered">
<item>
<ptxt>
<phrase category="Substitution" id="nev15047287n8" phrase-urn="urn:x-nevis:phrase:0800c8af81eb9984">None.</phrase>
</ptxt>
</item>
<item>
<ptxt>
<phrase category="" id="nev15047287n9" phrase-urn="urn:x-nevis:phrase:0800c8af81a9eea6">The engine cool#@#@#184#abled</phrase>
</ptxt>
</item>
<item>
<ptxt>
<phrase category="" id="nev15047287n10" phrase-urn="urn:x-nevis:phrase:0800c8af81a9eea7">The engine cool#@#@#36#eed. </phrase>
</ptxt>
</item>
</list1>
</condition>
<ps>
<list1 enumtype="d" type="unordered">
<item>
<ptxt>
<phrase category="Possible source" id="nev15047288n1" phrase-urn="urn:x-nevis:phrase:0800c8af81eb96aa">Short-circuit t#@#@#32#able.</phrase>
</ptxt>
</item>
<item id="nev15047288n2">
<ptxt id="nev15047288n3">
<phrase category="Possible source" id="nev15047288n4" phrase-urn="urn:x-nevis:phrase:0800c8af81eab90a">Contact resista#@#@#32#able.</phrase>
</ptxt>
</item>
<item id="nev15047288n5">
<ptxt id="nev15047288n6">
<phrase category="Possible source" id="nev15047288n7" phrase-urn="urn:x-nevis:phrase:0800c8af81eb94db">Open-circuit in#@#@#13#able.</phrase>
</ptxt>
</item>
<item>
<ptxt>
<phrase category="" id="nev15047288n8" phrase-urn="urn:x-nevis:phrase:0800c8af81a9eeaa">Damaged tempera#@#@#7#nsor.</phrase>
</ptxt>
</item>
</list1>
</ps>
</condgrp>
<condgrp>
<condition type="symptom">
<list1 enumtype="d" type="unordered">
<item>
<ptxt>
<phrase category="Symptom CSC" id="nev15061328n1" phrase-urn="urn:x-nevis:phrase:0800c8af8388f076">DL, Warning lig#@#@#85#ation</phrase>
</ptxt>
</item>
<item>
<ptxt>
<phrase category="Symptom CSC" id="nev15061329n1" phrase-urn="urn:x-nevis:phrase:0800c8af8388f05b">BJ, Starting/En#@#@#39#times</phrase>
</ptxt>
</item>
</list1>
</condition>
</condgrp>
</diagnostic>
</servinfosub>