<?xml version="1.0" encoding="UTF-8"?><servinfosub IE-ID="en-US0900c8af865b7a09" docno="VCC-370311" id="nev13712283n1" original="sv-SE" servinfosubId="nev13712284n1-nev21535998n1" servinfosubRes="0900c8af865f91da" servinfosubRes2="urn:x-nevis:fragment:0900c8af865b7a09:0900c8af865f91da#nev21535998n1" xml:lang="en-US">
<operationnumbers>
<operationnumber>25210-2</operationnumber>
</operationnumbers>
<title id="nev13712282n32">Muffler rear</title>
<procedure id="nev13712284n1-nev21536000n2">
<stepgrp boilerplate="false" context="" id="nev13712284n1-nev21594681n37">
<title id="nev13712284n1-0800c8af844a46f6">Removal</title>
<procstep id="nev13712284n1-nev21587773n31">
<note id="nev13712284n1-0800c8af844a42fa">
<ptxt>Removal steps i#@#@#45#ails.</ptxt>
</note>
</procstep>
<procstep id="nev13712284n1-nev21536000n5">
<para id="nev13712284n1-nev21594681n35">
<ptxt id="nev13712284n1-nev21594681n36">See information#@#@#21# body<xref boilerplate="true" id="nev13712284n1-0800c8af84650bad">
<ref id="nev13712284n1-nev21536000n10"/>
</xref>
</ptxt>
</para>
</procstep>
<procstep id="nev13712284n1-nev21587773n27">
<grate id="nev13712284n1-nev21594681n33">
<graphic id="nev13712284n1-nev21594681n34">
<href>0900c8af865f378#@#@#9#.jpeg</href>
</graphic>
<graphtext id="nev13712284n1-nev21594688n1">
<para id="nev13712284n1-nev21594681n31">
<ptxt id="nev13712284n1-nev21594681n32">On both sides.</ptxt>
</para>
<para id="nev13712284n1-nev21594681n29">
<ptxt id="nev13712284n1-nev21594681n30">Release the lock.</ptxt>
</para>
<para id="nev13712284n1-nev21594681n27">
<ptxt id="nev13712284n1-nev21594681n28">Disconnect the #@#@#5#ctor.</ptxt>
</para>
<para id="nev13712284n1-nev21594681n25">
<ptxt id="nev13712284n1-nev21594681n26">Remove the cabl#@#@#11#lips.</ptxt>
</para>
</graphtext>
</grate>
</procstep>
<procstep id="nev13712284n1-nev21587773n18">
<grate id="nev13712284n1-nev21594681n23">
<graphic id="nev13712284n1-nev21594681n24">
<href>0900c8af865f377#@#@#9#.jpeg</href>
</graphic>
<graphtext id="nev13712284n1-nev21594692n1">
<para id="nev13712284n1-nev21594681n21">
<ptxt id="nev13712284n1-nev21594681n22">Loosen the nut.</ptxt>
</para>
<para id="nev13712284n1-nev21594681n19">
<ptxt id="nev13712284n1-nev21594681n20">
<torque id="nev13712284n1-nev21587773n13">
<ref id="nev13712284n1-nev21587773n11"/>
</torque>
</ptxt>
</para>
</graphtext>
</grate>
</procstep>
<procstep id="nev13712284n1-nev21587773n9">
<grate id="nev13712284n1-nev21594681n17">
<graphic id="nev13712284n1-nev21594681n18">
<href>0900c8af865f377#@#@#9#.jpeg</href>
</graphic>
<graphtext id="nev13712284n1-nev21594699n1">
<para id="nev13712284n1-nev21594681n15">
<ptxt id="nev13712284n1-nev21594681n16">Remove the mark#@#@#3#part.</ptxt>
</para>
</graphtext>
</grate>
</procstep>
</stepgrp>
<stepgrp boilerplate="false" context="" id="nev13712284n1-nev21594681n14">
<title id="nev13712284n1-0800c8af844a46f9">Installation</title>
<procstep id="nev13712284n1-nev21536002n9">
<para id="nev13712284n1-nev21594681n12">
<ptxt id="nev13712284n1-nev21594681n13">To install, rev#@#@#22#dure.</ptxt>
</para>
</procstep>
</stepgrp>
</procedure>
</servinfosub>