<?xml version="1.0" encoding="UTF-8"?><i2 IE-ID="en-US0900c8af882a3a09" docno="VCC-512850" id="nev30074422n1" original="sv-SE" xml:lang="en-US">
<frontm id="nev30074424n1-nev30086820n98">
<prolog>
<tpnbr>30795919</tpnbr>
</prolog>
<titlep id="nev30074424n1-nev30086820n97">
<grate id="nev30074424n1-nev30086820n92">
<graphic id="nev30074424n1-nev30086820n91">
<href>0900c8af882a667#@#@#11#.jpeg</href>
</graphic>
</grate>
<title id="nev30074422n2">Electric engine#@#@#42#G102)</title>
</titlep>
<preface id="nev30074424n1-nev30086820n90">
<toolpics id="nev30074424n1-nev30086820n86">
<title id="nev30074424n1-0800c8af84f6831f">Equipment</title>
<i2graphic id="nev30074424n1-nev30086820n85">
<href>0900c8af84fe1a6#@#@#9#.jpeg</href>
</i2graphic>
<i2graphic id="nev30074424n1-nev30086820n84">
<href>0900c8af83557d9#@#@#9#.jpeg</href>
</i2graphic>
<i2graphic id="nev30074424n1-nev30086820n83">
<href>0900c8af835afed#@#@#9#.jpeg</href>
</i2graphic>
<i2graphic id="nev30074424n1-nev30086820n82">
<href>0900c8af83557b7#@#@#9#.jpeg</href>
</i2graphic>
</toolpics>
<kitpics id="nev30074424n1-nev30086820n89">
<title id="nev30074424n1-0800c8af84f6835a">Component overview</title>
<i2graphic id="nev30074424n1-nev30086820n88">
<href>0900c8af882a40d#@#@#11#.jpeg</href>
</i2graphic>
<i2graphic id="nev30074424n1-nev30086820n87">
<href>0900c8af880a75e#@#@#11#.jpeg</href>
</i2graphic>
</kitpics>
</preface>
</frontm>
<body id="nev30074424n1-nev30086820n99">
<servinfosub docno="VCC-512850" id="nev30074424n1-nev30074422n1" original="sv-SE" servinfosubId="nev30074424n1-nev30074425n1" servinfosubRes="0900c8af882a671a" servinfosubRes2="urn:x-nevis:fragment:0900c8af882a3a09:0900c8af882a671a#nev30074425n1">
<operationnumbers>
<operationnumber>87652-2</operationnumber>
</operationnumbers>
<toolitemtable id="nev30074424n1-nev30086823n40">
<table id="nev30074424n1-nev30086823n39">
<tgroup cols="2" id="nev30074424n1-nev30086823n38">
<colspec colname="COLSPEC0" colwidth="1.00*" id="nev30074424n1-nev30086823n37"/>
<colspec colname="COLSPEC1" colwidth="1.00*" id="nev30074424n1-nev30086823n36"/>
<thead id="nev30074424n1-nev30086823n35">
<row id="nev30074424n1-nev30086823n34">
<entry id="nev30074424n1-nev30086823n33" nameend="COLSPEC1" namest="COLSPEC0" valign="top">
<ptxt id="nev30074424n1-nev30086823n32">
<emph id="nev30074424n1-nev30086823n31">Special tools</emph>
</ptxt>
</entry>
</row>
</thead>
<tbody id="nev30074424n1-nev30086823n30">
<row id="nev30074424n1-nev30086823n29">
<entry id="nev30074424n1-nev30086823n28">
<graphic id="nev30074424n1-nev30086823n27">
<href>0900c8af8132026#@#@#11#.jpeg</href>
</graphic>
</entry>
<entry id="nev30074424n1-nev30086823n26">
<ptxt id="nev30074424n1-nev30086823n25">
<emph id="nev30074424n1-nev30086823n24">951 2955 Cover</emph>
</ptxt>
<ptxt id="nev30074424n1-nev30086823n22">
<emph id="nev30074424n1-nev30086823n21">Tool number:</emph>951 2955</ptxt>
<ptxt id="nev30074424n1-nev30086823n20">
<emph id="nev30074424n1-nev30086823n19">Tool description:</emph>Cover</ptxt>
<ptxt id="nev30074424n1-nev30086823n17">
<emph id="nev30074424n1-nev30086823n16">Tool boards:</emph>20</ptxt>
</entry>
</row>
<row id="nev30074424n1-nev30086823n15">
<entry id="nev30074424n1-nev30086823n14">
<graphic id="nev30074424n1-nev30086823n13">
<href>0900c8af85bf829#@#@#9#.jpeg</href>
</graphic>
</entry>
<entry id="nev30074424n1-nev30086823n12">
<ptxt id="nev30074424n1-nev30086823n11">
<emph id="nev30074424n1-nev30086823n10">981 4192 Hose</emph>
</ptxt>
<ptxt id="nev30074424n1-nev30086823n8">
<emph id="nev30074424n1-nev30086823n7">Tool number:</emph>981 4192</ptxt>
<ptxt id="nev30074424n1-nev30086823n6">
<emph id="nev30074424n1-nev30086823n5">Tool description:</emph>Hose</ptxt>
<ptxt id="nev30074424n1-nev30086823n3">
<emph id="nev30074424n1-nev30086823n2">Tool boards:</emph>EU99</ptxt>
</entry>
</row>
<row id="nev30074424n1-nev30086823n1">
<entry id="nev30074424n1-nev30086824n100">
<graphic id="nev30074424n1-nev30086824n99">
<href>0900c8af8132026#@#@#11#.jpeg</href>
</graphic>
</entry>
<entry id="nev30074424n1-nev30086824n98">
<ptxt id="nev30074424n1-nev30086824n97">
<emph id="nev30074424n1-nev30086824n96">951 2957 Coolan#@#@#6#rvoir</emph>
</ptxt>
<ptxt id="nev30074424n1-nev30086824n94">
<emph id="nev30074424n1-nev30086824n93">Tool number:</emph>951 2957</ptxt>
<ptxt id="nev30074424n1-nev30086824n92">
<emph id="nev30074424n1-nev30086824n91">Tool description:</emph>Coolant Reservoir</ptxt>
<ptxt id="nev30074424n1-nev30086824n89">
<emph id="nev30074424n1-nev30086824n88">Tool boards:</emph>20</ptxt>
</entry>
</row>
</tbody>
</tgroup>
</table>
</toolitemtable>
<materialtable id="nev30074424n1-nev30086824n87">
<table id="nev30074424n1-nev30086824n86">
<tgroup cols="2" id="nev30074424n1-nev30086824n85">
<colspec colname="COLSPEC0" colwidth="1.00*" id="nev30074424n1-nev30086824n84"/>
<colspec colname="COLSPEC1" colwidth="1.00*" id="nev30074424n1-nev30086824n83"/>
<thead id="nev30074424n1-nev30086824n82">
<row id="nev30074424n1-nev30086824n81">
<entry id="nev30074424n1-nev30086824n80" nameend="COLSPEC1" namest="COLSPEC0" valign="top">
<ptxt id="nev30074424n1-nev30086824n79">
<emph id="nev30074424n1-nev30086824n78">Materials</emph>
</ptxt>
</entry>
</row>
</thead>
<tbody id="nev30074424n1-nev30086824n77">
<row id="nev30074424n1-nev30086824n76">
<entry id="nev30074424n1-nev30086824n75">
<ptxt id="nev30074424n1-nev30086824n74">
<emph id="nev30074424n1-nev30086824n73">Designation</emph>
</ptxt>
</entry>
<entry id="nev30074424n1-nev30086824n72">
<ptxt id="nev30074424n1-nev30086824n71">
<emph id="nev30074424n1-nev30086824n70">Part number</emph>
</ptxt>
</entry>
</row>
<row id="nev30074424n1-nev30086824n69">
<entry id="nev30074424n1-nev30086824n68">
<ptxt id="nev30074424n1-nev30086824n67">Rust inhibitor,#@#@#9#osity</ptxt>
</entry>
<entry id="nev30074424n1-nev30086824n65">
<ptxt id="nev30074424n1-nev30086824n64"/>
</entry>
</row>
</tbody>
</tgroup>
</table>
</materialtable>
<procedure id="nev30074424n1-nev30074445n9">
<stepgrp boilerplate="false" context="" id="nev30074424n1-nev30086820n81">
<title id="nev30074424n1-0800c8af84f682f9">Information</title>
<procstep id="nev30074424n1-nev30074446n3">
<list1 enumtype="b" id="nev13396149n248" type="unordered">
<item id="nev13396149n246">
<ptxt id="nev13396149n244">  Read through #@#@#48#tion.</ptxt>
</item>
<item id="nev13396149n240">
<ptxt id="nev13396149n238">Notifications a#@#@#99#tion.</ptxt>
</item>
<item id="nev13396149n236">
<ptxt id="nev13396149n234">Ensure that all#@#@#72#tion.</ptxt>
</item>
<item id="nev13396149n232">
<ptxt id="nev13396149n230">Certain steps i#@#@#114#teps.</ptxt>
</item>
<item id="nev13396149n228">
<ptxt id="nev13396149n226">In the event of#@#@#81#aler.</ptxt>
</item>
</list1>
</procstep>
<procstep id="nev30074424n1-nev30074446n7">
<para id="nev30074424n1-nev30086820n77">
<ptxt id="nev30074424n1-nev30086820n78">There may be pa#@#@#64#tion.</ptxt>
</para>
</procstep>
</stepgrp>
<stepgrp boilerplate="false" context="" id="nev30074424n1-nev30086820n76">
<title id="nev30074424n1-0800c8af844a46ee">Color symbols</title>
<procstep id="nev30074424n1-nev30074447n4">
<grate id="nev30074424n1-nev30086820n74">
<graphic id="nev30074424n1-nev30086820n75">
<href>0900c8af880a176#@#@#9#.jpeg</href>
</graphic>
<graphtext id="nev30074424n1-nev30086861n1">
<note id="nev30074424n1-0800c8af857d02fc">
<ptxt>This colour cha#@#@#127#teps.</ptxt>
</note>
<list1 enumtype="n" id="nev30074424n1-nev30074447n10" type="ordered">
<item id="nev30074424n1-nev30086820n73">
<ptxt id="nev30074424n1-nev30086820n72">Used for focuse#@#@#55#hing.</ptxt>
</item>
<item id="nev30074424n1-nev30086820n71">
<ptxt id="nev30074424n1-nev30086820n70">Used as extra c#@#@#57#arts.</ptxt>
</item>
<item id="nev30074424n1-nev30086820n69">
<ptxt id="nev30074424n1-nev30086820n68">Used for attach#@#@#73# etc.</ptxt>
</item>
<item id="nev30074424n1-nev30086820n67">
<ptxt id="nev30074424n1-nev30086820n66">Used when the c#@#@#68#side.</ptxt>
</item>
<item id="nev30074424n1-nev30086820n65">
<ptxt id="nev30074424n1-nev30086820n64">Used for standa#@#@#22#ools.</ptxt>
</item>
<item id="nev30074424n1-nev30086820n63">
<ptxt id="nev30074424n1-nev30086820n62">Used as backgro#@#@#28#ents.</ptxt>
</item>
</list1>
</graphtext>
</grate>
</procstep>
</stepgrp>
<stepgrp boilerplate="false" context="" id="nev30074424n1-nev30086820n61">
<title id="nev30074424n1-0800c8af844a46f6">Removal</title>
<procstep id="nev30074424n1-nev30074450n2">
<grate id="nev30074424n1-nev30086820n59">
<graphic id="nev30074424n1-nev30086820n60">
<href>0900c8af84aa37c#@#@#9#.jpeg</href>
</graphic>
<graphtext id="nev30074424n1-nev30086865n1">
<para id="nev30074424n1-nev30086820n57">
<ptxt id="nev30074424n1-nev30086820n58">Set the ignitio#@#@#15#on 0.</ptxt>
</para>
</graphtext>
</grate>
</procstep>
<procstep id="nev30074424n1-nev30074450n9">
<grate id="nev30074424n1-nev30086820n55">
<graphic id="nev30074424n1-nev30086820n56">
<href>0900c8af8577924#@#@#9#.jpeg</href>
</graphic>
<graphtext id="nev30074424n1-nev30086869n1">
<para id="nev30074424n1-nev30086820n53">
<ptxt id="nev30074424n1-nev30086820n54">Open the hood.</ptxt>
</para>
</graphtext>
</grate>
</procstep>
<procstep id="nev30074424n1-nev30074451n6">
<grate id="nev30074424n1-nev30086820n51">
<graphic id="nev30074424n1-nev30086820n52">
<href>0900c8af8577936#@#@#9#.jpeg</href>
</graphic>
</grate>
</procstep>
<procstep id="nev30074424n1-nev30074451n9">
<grate id="nev30074424n1-nev30086820n49">
<graphic id="nev30074424n1-nev30086820n50">
<href>0900c8af85a201a#@#@#9#.jpeg</href>
</graphic>
<graphtext id="nev30074424n1-nev30086876n1">
<para id="nev30074424n1-nev30086820n47">
<ptxt id="nev30074424n1-nev30086820n48">Remove the nuts.</ptxt>
</para>
<para id="nev30074424n1-nev30086820n45">
<ptxt id="nev30074424n1-nev30086820n46">Remove the mark#@#@#3#part.</ptxt>
</para>
</graphtext>
</grate>
</procstep>
<procstep id="nev30074424n1-nev30074452n9">
<grate id="nev30074424n1-nev30086820n43">
<graphic id="nev30074424n1-nev30086820n44">
<href>0900c8af85a2522#@#@#9#.jpeg</href>
</graphic>
<graphtext id="nev30074424n1-nev30086880n1">
<para id="nev30074424n1-nev30086820n41">
<ptxt id="nev30074424n1-nev30086820n42">Remove the screws.</ptxt>
</para>
</graphtext>
</grate>
</procstep>
<procstep id="nev30074424n1-nev30074453n6">
<grate id="nev30074424n1-nev30086820n39">
<graphic id="nev30074424n1-nev30086820n40">
<href>0900c8af8636c71#@#@#9#.jpeg</href>
</graphic>
<graphtext id="nev30074424n1-nev30086884n1">
<para id="nev30074424n1-nev30086820n37">
<ptxt id="nev30074424n1-nev30086820n38">Remove the nut.</ptxt>
</para>
</graphtext>
</grate>
</procstep>
<procstep id="nev30074424n1-nev30074454n3">
<grate id="nev30074424n1-nev30086820n35">
<graphic id="nev30074424n1-nev30086820n36">
<href>0900c8af85bc6c4#@#@#9#.jpeg</href>
</graphic>
<graphtext id="nev30074424n1-nev30086888n1">
<para id="nev30074424n1-nev30086820n33">
<ptxt id="nev30074424n1-nev30086820n34">Fold the wing l#@#@#6#side.</ptxt>
</para>
</graphtext>
</grate>
</procstep>
</stepgrp>
<stepgrp boilerplate="false" context="" id="nev30074424n1-nev30086820n32">
<title id="nev30074424n1-0800c8af84fbdb3d">Accessory insta#@#@#2#ation</title>
<procstep id="nev30074424n1-nev30074455n3">
<grate id="nev30074424n1-nev30086820n30">
<graphic id="nev30074424n1-nev30086820n31">
<href>0900c8af8577974#@#@#9#.jpeg</href>
</graphic>
<graphtext id="nev30074424n1-nev30086892n1">
<para id="nev30074424n1-nev30086820n28">
<ptxt id="nev30074424n1-nev30086820n29">Clean the Bumpe#@#@#11#face.</ptxt>
</para>
</graphtext>
</grate>
</procstep>
<procstep id="nev30074424n1-nev30074455n10">
<grate id="nev30074424n1-nev30086820n26">
<graphic id="nev30074424n1-nev30086820n27">
<href>0900c8af864dff7#@#@#9#.jpeg</href>
</graphic>
<graphtext id="nev30074424n1-nev30086896n1">
<para id="nev30074424n1-nev30086820n24">
<ptxt id="nev30074424n1-nev30086820n25">Take the templa#@#@#52#line.</ptxt>
</para>
</graphtext>
</grate>
</procstep>
<procstep id="nev30074424n1-nev30074456n7">
<grate id="nev30074424n1-nev30086820n22">
<graphic id="nev30074424n1-nev30086820n23">
<href>0900c8af859e791#@#@#9#.jpeg</href>
</graphic>
</grate>
</procstep>
<procstep id="nev30074424n1-nev30074456n10">
<grate id="nev30074424n1-nev30086820n20">
<graphic id="nev30074424n1-nev30086820n21">
<href>0900c8af8577988#@#@#9#.jpeg</href>
</graphic>
</grate>
</procstep>
<procstep id="nev30074424n1-nev30074457n3">
<grate id="nev30074424n1-nev30086820n18">
<graphic id="nev30074424n1-nev30086820n19">
<href>0900c8af8577990#@#@#9#.jpeg</href>
</graphic>
<graphtext id="nev30074424n1-nev30086906n1">
<para id="nev30074424n1-nev30086820n16">
<ptxt id="nev30074424n1-nev30086820n17">Secure the temp#@#@#10#tape.</ptxt>
</para>
</graphtext>
</grate>
</procstep>
<procstep id="nev30074424n1-nev30074457n10">
<grate id="nev30074424n1-nev30086820n14">
<graphic id="nev30074424n1-nev30086820n15">
<href>0900c8af8577991#@#@#9#.jpeg</href>
</graphic>
<graphtext id="nev30074424n1-nev30086910n1">
<caution id="nev30074424n1-0800c8af851650a8">
<ptxt>Cut carefully t#@#@#43#jury.</ptxt>
</caution>
<para id="nev30074424n1-nev30086820n12">
<ptxt id="nev30074424n1-nev30086820n13">Cut out followi#@#@#11#late.</ptxt>
</para>
<para id="nev30074424n1-nev30086820n10">
<ptxt id="nev30074424n1-nev30086820n11">Make a mark by #@#@#14# cut.</ptxt>
</para>
<para id="nev30074424n1-nev30086820n8">
<ptxt id="nev30074424n1-nev30086820n9">Remove template.</ptxt>
</para>
</graphtext>
</grate>
</procstep>
<procstep id="nev30074424n1-nev30074459n5">
<grate id="nev30074424n1-nev30086820n6">
<graphic id="nev30074424n1-nev30086820n7">
<href>0900c8af880ade9#@#@#9#.jpeg</href>
</graphic>
<graphtext id="nev30074424n1-nev30086914n1">
<list1 enumtype="n" id="nev30074424n1-nev30074459n9" type="ordered">
<item id="nev30074424n1-nev30086820n5">
<ptxt id="nev30074424n1-nev30086820n4">Use a drill wit#@#@#12# size</ptxt>
</item>
<item id="nev30074424n1-nev30086820n3">
<ptxt id="nev30074424n1-nev30086820n2">
<equipment equipmentid="" equipmentname="Air-powered keyhole saw" id="nev30074424n1-nev30074460n5"/>
</ptxt>
</item>
</list1>
</graphtext>
</grate>
</procstep>
<procstep id="nev30074424n1-nev30074460n6">
<grate id="nev30074424n1-nev30086821n100">
<graphic id="nev30074424n1-nev30086820n1">
<href>0900c8af880adf0#@#@#9#.jpeg</href>
</graphic>
<graphtext id="nev30074424n1-nev30086921n1">
<para id="nev30074424n1-nev30086821n98">
<ptxt id="nev30074424n1-nev30086821n99">Install compone#@#@#32# kit.</ptxt>
</para>
<para id="nev30074424n1-nev30086821n96">
<ptxt id="nev30074424n1-nev30086821n97">Check that the #@#@#51#over.</ptxt>
</para>
<para id="nev30074424n1-nev30086821n94">
<ptxt id="nev30074424n1-nev30086821n95">Adjust the hole#@#@#30#sary.</ptxt>
</para>
</graphtext>
</grate>
</procstep>
<procstep id="nev30074424n1-nev30074461n9">
<grate id="nev30074424n1-nev30086821n92">
<graphic id="nev30074424n1-nev30086821n93">
<href>0900c8af880adf4#@#@#9#.jpeg</href>
</graphic>
<graphtext id="nev30074424n1-nev30086925n1">
<para id="nev30074424n1-nev30086821n90">
<ptxt id="nev30074424n1-nev30086821n91">Pull the wiring#@#@#4#ough.</ptxt>
</para>
</graphtext>
</grate>
</procstep>
<procstep id="nev30074424n1-nev30074462n6">
<grate id="nev30074424n1-nev30086821n88">
<graphic id="nev30074424n1-nev30086821n89">
<href>0900c8af857cfe5#@#@#9#.jpeg</href>
</graphic>
<graphtext id="nev30074424n1-nev30086929n1">
<para id="nev30074424n1-nev30086821n86">
<ptxt id="nev30074424n1-nev30086821n87">Note! Ensure th#@#@#43# way.</ptxt>
</para>
</graphtext>
</grate>
</procstep>
<procstep id="nev30074424n1-nev30074463n3">
<grate id="nev30074424n1-nev30086821n84">
<graphic id="nev30074424n1-nev30086821n85">
<href>0900c8af880adfb#@#@#9#.jpeg</href>
</graphic>
<graphtext id="nev30074424n1-nev30086933n1">
<note id="nev30074424n1-0800c8af85a9c65c">
<ptxt>Do not fully ti#@#@#13# yet.</ptxt>
</note>
<para id="nev30074424n1-nev30086821n82">
<ptxt id="nev30074424n1-nev30086821n83">Install compone#@#@#32# kit.</ptxt>
</para>
</graphtext>
</grate>
</procstep>
<procstep id="nev30074424n1-nev30074464n2">
<grate id="nev30074424n1-nev30086821n80">
<graphic id="nev30074424n1-nev30086821n81">
<href>0900c8af880ae16#@#@#9#.jpeg</href>
</graphic>
<graphtext id="nev30074424n1-nev30086937n1">
<para id="nev30074424n1-nev30086821n78">
<ptxt id="nev30074424n1-nev30086821n79">Install compone#@#@#32# kit.</ptxt>
</para>
<para id="nev30074424n1-nev30086821n76">
<ptxt id="nev30074424n1-nev30086821n77">This is used as#@#@#10#hold.</ptxt>
</para>
</graphtext>
</grate>
</procstep>
<procstep id="nev30074424n1-nev30074465n2">
<grate id="nev30074424n1-nev30086821n74">
<graphic id="nev30074424n1-nev30086821n75">
<href>0900c8af880ae16#@#@#9#.jpeg</href>
</graphic>
<graphtext id="nev30074424n1-nev30086941n1">
<para id="nev30074424n1-nev30086821n72">
<ptxt id="nev30074424n1-nev30086821n73">Tighten the nut.</ptxt>
</para>
<para id="nev30074424n1-nev30086821n70">
<ptxt id="nev30074424n1-nev30086821n71">Use hands only.</ptxt>
</para>
</graphtext>
</grate>
</procstep>
</stepgrp>
<stepgrp boilerplate="false" context="" id="nev30074424n1-nev30086821n69">
<title id="nev30074424n1-0800c8af844a46f6">Removal</title>
<procstep id="nev30074424n1-nev30074466n5">
<grate id="nev30074424n1-nev30086821n67">
<graphic id="nev30074424n1-nev30086821n68">
<href>0900c8af8552ef5#@#@#9#.jpeg</href>
</graphic>
<graphtext id="nev30074424n1-nev30086945n1">
<para id="nev30074424n1-nev30086821n65">
<ptxt id="nev30074424n1-nev30086821n66">Raise the car.</ptxt>
</para>
<list1 enumtype="n" id="nev30074424n1-nev30074467n2" type="ordered">
<item id="nev30074424n1-nev30086821n64">
<ptxt id="nev30074424n1-nev30086821n63">Remove the clips.</ptxt>
</item>
<item id="nev30074424n1-nev30086821n62">
<ptxt id="nev30074424n1-nev30086821n61">Remove the screws.</ptxt>
</item>
</list1>
</graphtext>
</grate>
</procstep>
<procstep id="nev30074424n1-nev30074467n9">
<grate id="nev30074424n1-nev30086821n59">
<graphic id="nev30074424n1-nev30086821n60">
<href>0900c8af855344a#@#@#9#.jpeg</href>
</graphic>
<graphtext id="nev30074424n1-nev30086949n1">
<para id="nev30074424n1-nev30086821n57">
<ptxt id="nev30074424n1-nev30086821n58">Remove the mark#@#@#3#part.</ptxt>
</para>
</graphtext>
</grate>
</procstep>
<procstep id="nev30074424n1-nev30074468n6">
<grate id="nev30074424n1-nev30086821n55">
<graphic id="nev30074424n1-nev30086821n56">
<href>0900c8af864ee4b#@#@#9#.jpeg</href>
</graphic>
<graphtext id="nev30074424n1-nev30086953n1">
<para id="nev30074424n1-nev30086821n53">
<ptxt id="nev30074424n1-nev30086821n54">Loosen the hose#@#@#2#lamp.</ptxt>
</para>
</graphtext>
</grate>
</procstep>
<procstep id="nev30074424n1-nev30074469n6">
<grate id="nev30074424n1-nev30086821n51">
<graphic id="nev30074424n1-nev30086821n52">
<href>0900c8af864ee4b#@#@#9#.jpeg</href>
</graphic>
<graphtext id="nev30074424n1-nev30086957n1">
<para id="nev30074424n1-nev30086821n49">
<ptxt id="nev30074424n1-nev30086821n50">Fold marked par#@#@#3#side.</ptxt>
</para>
</graphtext>
</grate>
</procstep>
<procstep id="nev30074424n1-nev30074470n2">
<grate id="nev30074424n1-nev30086821n47">
<graphic id="nev30074424n1-nev30086821n48">
<href>0900c8af864b987#@#@#9#.jpeg</href>
</graphic>
<graphtext id="nev30074424n1-nev30086961n1">
<para id="nev30074424n1-nev30086821n45">
<ptxt id="nev30074424n1-nev30086821n46">Remove the screw.</ptxt>
</para>
<para id="nev30074424n1-nev30086821n43">
<ptxt id="nev30074424n1-nev30086821n44">The part is to #@#@#5#used.</ptxt>
</para>
</graphtext>
</grate>
</procstep>
<procstep id="nev30074424n1-nev30074471n2">
<grate id="nev30074424n1-nev30086821n41">
<graphic id="nev30074424n1-nev30086821n42">
<href>0900c8af864b278#@#@#9#.jpeg</href>
</graphic>
<graphtext id="nev30074424n1-nev30086965n1">
<para id="nev30074424n1-nev30086821n39">
<ptxt id="nev30074424n1-nev30086821n40">Remove the nut.</ptxt>
</para>
<para id="nev30074424n1-nev30086821n37">
<ptxt id="nev30074424n1-nev30086821n38">The part is to #@#@#5#used.</ptxt>
</para>
</graphtext>
</grate>
</procstep>
<procstep id="nev30074424n1-nev30074472n2">
<grate id="nev30074424n1-nev30086821n35">
<graphic id="nev30074424n1-nev30086821n36">
<href>0900c8af864ee4b#@#@#9#.jpeg</href>
</graphic>
<graphtext id="nev30074424n1-nev30086969n1">
<para id="nev30074424n1-nev30086821n33">
<ptxt id="nev30074424n1-nev30086821n34">Remove the part#@#@#5#fully</ptxt>
</para>
</graphtext>
</grate>
</procstep>
<procstep id="nev30074424n1-nev30074472n9">
<grate id="nev30074424n1-nev30086821n31">
<graphic id="nev30074424n1-nev30086821n32">
<href>0900c8af864ee4b#@#@#9#.jpeg</href>
</graphic>
<graphtext id="nev30074424n1-nev30086973n1">
<para id="nev30074424n1-nev30086821n29">
<ptxt id="nev30074424n1-nev30086821n30">Remove the mark#@#@#3#part.</ptxt>
</para>
</graphtext>
</grate>
</procstep>
<procstep id="nev30074424n1-nev30074473n2">
<grate id="nev30074424n1-nev30086821n27">
<graphic id="nev30074424n1-nev30086821n28">
<href>0900c8af85bfb5c#@#@#9#.jpeg</href>
</graphic>
<graphtext id="nev30074424n1-nev30086977n1">
<note id="nev30074424n1-0800c8af85b47f49">
<ptxt>Orientation view</ptxt>
</note>
</graphtext>
</grate>
</procstep>
<procstep id="nev30074424n1-nev30074473n8">
<grate id="nev30074424n1-nev30086821n25">
<graphic id="nev30074424n1-nev30086821n26">
<href>0900c8af85bfb5b#@#@#9#.jpeg</href>
</graphic>
<graphtext id="nev30074424n1-nev30086981n1">
<note id="nev30074424n1-0800c8af85013a0f">
<ptxt>Close the drain#@#@#31#ined.</ptxt>
</note>
<para id="nev30074424n1-nev30086821n23">
<ptxt id="nev30074424n1-nev30086821n24">Place a contain#@#@#12# car.</ptxt>
</para>
<para id="nev30074424n1-nev30086821n21">
<ptxt id="nev30074424n1-nev30086821n22">Drain the coolant.</ptxt>
</para>
</graphtext>
</grate>
</procstep>
</stepgrp>
<stepgrp boilerplate="false" context="" id="nev30074424n1-nev30086821n20">
<title id="nev30074424n1-0800c8af84fbdb3d">Accessory insta#@#@#2#ation</title>
<procstep id="nev30074424n1-nev30074475n3">
<grate id="nev30074424n1-nev30086821n18">
<graphic id="nev30074424n1-nev30086821n19">
<href>0900c8af8637817#@#@#9#.jpeg</href>
</graphic>
<graphtext id="nev30074424n1-nev30086985n1">
<note id="nev30074424n1-0800c8af85b47f49">
<ptxt>Orientation view</ptxt>
</note>
</graphtext>
</grate>
</procstep>
<procstep id="nev30074424n1-nev30074475n9">
<grate id="nev30074424n1-nev30086821n16">
<graphic id="nev30074424n1-nev30086821n17">
<href>0900c8af86384bb#@#@#9#.jpeg</href>
</graphic>
<graphtext id="nev30074424n1-nev30086989n1">
<para id="nev30074424n1-nev30086821n14">
<ptxt id="nev30074424n1-nev30086821n15">Use a drill wit#@#@#12# size</ptxt>
</para>
<para id="nev30074424n1-nev30086821n12">
<ptxt id="nev30074424n1-nev30086821n13">Install compone#@#@#32# kit.</ptxt>
</para>
<para id="nev30074424n1-nev30086821n10">
<ptxt id="nev30074424n1-nev30086821n11">Tighten the screw.</ptxt>
</para>
<para id="nev30074424n1-nev30086821n8">
<ptxt id="nev30074424n1-nev30086821n9">
<material id="nev30074424n1-nev30074477n4" materialid="" materialname="Rust inhibitor, low viscosity" quantity="0.0" showInProcStep="true"/>
</ptxt>
</para>
</graphtext>
</grate>
</procstep>
<procstep id="nev30074424n1-nev30074477n5">
<grate id="nev30074424n1-nev30086821n6">
<graphic id="nev30074424n1-nev30086821n7">
<href>0900c8af86384c3#@#@#9#.jpeg</href>
</graphic>
</grate>
</procstep>
<procstep id="nev30074424n1-nev30074477n8">
<grate id="nev30074424n1-nev30086821n4">
<graphic id="nev30074424n1-nev30086821n5">
<href>0900c8af8637821#@#@#9#.jpeg</href>
</graphic>
<graphtext id="nev30074424n1-nev30086999n1">
<para id="nev30074424n1-nev30086821n2">
<ptxt id="nev30074424n1-nev30086821n3">Install the cli#@#@#13#ated.</ptxt>
</para>
<para id="nev30074424n1-nev30086822n100">
<ptxt id="nev30074424n1-nev30086821n1">Tighten the cab#@#@#3#ties.</ptxt>
</para>
</graphtext>
</grate>
</procstep>
<procstep id="nev30074424n1-nev30074478n8">
<grate id="nev30074424n1-nev30086822n98">
<graphic id="nev30074424n1-nev30086822n99">
<href>0900c8af8637836#@#@#9#.jpeg</href>
</graphic>
<graphtext id="nev30074424n1-nev30087003n1">
<note id="nev30074424n1-0800c8af85b47f49">
<ptxt>Orientation view</ptxt>
</note>
</graphtext>
</grate>
</procstep>
<procstep id="nev30074424n1-nev30074479n4">
<grate id="nev30074424n1-nev30086822n96">
<graphic id="nev30074424n1-nev30086822n97">
<href>0900c8af8652697#@#@#9#.jpeg</href>
</graphic>
<graphtext id="nev30074424n1-nev30087007n1">
<para id="nev30074424n1-nev30086822n94">
<ptxt id="nev30074424n1-nev30086822n95">Install the cli#@#@#13#ated.</ptxt>
</para>
<para id="nev30074424n1-nev30086822n92">
<ptxt id="nev30074424n1-nev30086822n93">Tighten the cab#@#@#3#ties.</ptxt>
</para>
</graphtext>
</grate>
</procstep>
<procstep id="nev30074424n1-nev30074480n4">
<grate id="nev30074424n1-nev30086822n90">
<graphic id="nev30074424n1-nev30086822n91">
<href>0900c8af8637839#@#@#9#.jpeg</href>
</graphic>
<graphtext id="nev30074424n1-nev30087011n1">
<note id="nev30074424n1-0800c8af85b47f49">
<ptxt>Orientation view</ptxt>
</note>
</graphtext>
</grate>
</procstep>
<procstep id="nev30074424n1-nev30074480n10">
<grate id="nev30074424n1-nev30086822n88">
<graphic id="nev30074424n1-nev30086822n89">
<href>0900c8af863783b#@#@#9#.jpeg</href>
</graphic>
<graphtext id="nev30074424n1-nev30087015n1">
<para id="nev30074424n1-nev30086822n86">
<ptxt id="nev30074424n1-nev30086822n87">Tighten the cab#@#@#2# tie.</ptxt>
</para>
</graphtext>
</grate>
</procstep>
<procstep id="nev30074424n1-nev30074481n7">
<grate id="nev30074424n1-nev30086822n84">
<graphic id="nev30074424n1-nev30086822n85">
<href>0900c8af880add4#@#@#9#.jpeg</href>
</graphic>
<graphtext id="nev30074424n1-nev30087019n1">
<caution id="nev30074424n1-0800c8af85164e4a">
<ptxt>No grease on co#@#@#10#aces.</ptxt>
</caution>
<para id="nev30074424n1-nev30086822n82">
<ptxt id="nev30074424n1-nev30086822n83">Lubricate the O#@#@#1#ring.</ptxt>
</para>
</graphtext>
</grate>
</procstep>
<procstep id="nev30074424n1-nev30074482n6">
<grate id="nev30074424n1-nev30086822n80">
<graphic id="nev30074424n1-nev30086822n81">
<href>0900c8af86531d9#@#@#9#.jpeg</href>
</graphic>
<graphtext id="nev30074424n1-nev30087023n1">
<para id="nev30074424n1-nev30086822n78">
<ptxt id="nev30074424n1-nev30086822n79">Connect the con#@#@#2#ctor.</ptxt>
</para>
<para id="nev30074424n1-nev30086822n76">
<ptxt id="nev30074424n1-nev30086822n77">Install the catch.</ptxt>
</para>
</graphtext>
</grate>
</procstep>
<procstep id="nev30074424n1-nev30074483n6">
<grate id="nev30074424n1-nev30086822n74">
<graphic id="nev30074424n1-nev30086822n75">
<href>0900c8af8653195#@#@#9#.jpeg</href>
</graphic>
<graphtext id="nev30074424n1-nev30087027n1">
<para id="nev30074424n1-nev30086822n72">
<ptxt id="nev30074424n1-nev30086822n73">Tighten the cab#@#@#3#ties.</ptxt>
</para>
</graphtext>
</grate>
</procstep>
<procstep id="nev30074424n1-nev30074484n3">
<grate id="nev30074424n1-nev30086822n70">
<graphic id="nev30074424n1-nev30086822n71">
<href>0900c8af8637e3d#@#@#9#.jpeg</href>
</graphic>
<graphtext id="nev30074424n1-nev30087031n1">
<note id="nev30074424n1-0800c8af85b47f49">
<ptxt>Orientation view</ptxt>
</note>
</graphtext>
</grate>
</procstep>
<procstep id="nev30074424n1-nev30074484n9">
<grate id="nev30074424n1-nev30086822n68">
<graphic id="nev30074424n1-nev30086822n69">
<href>0900c8af880add4#@#@#9#.jpeg</href>
</graphic>
<graphtext id="nev30074424n1-nev30087035n1">
<para id="nev30074424n1-nev30086822n66">
<ptxt id="nev30074424n1-nev30086822n67">Remove the nut.</ptxt>
</para>
<para id="nev30074424n1-nev30086822n64">
<ptxt id="nev30074424n1-nev30086822n65">The item is to #@#@#5#used.</ptxt>
</para>
</graphtext>
</grate>
</procstep>
<procstep id="nev30074424n1-nev30074485n9">
<grate id="nev30074424n1-nev30086822n62">
<graphic id="nev30074424n1-nev30086822n63">
<href>0900c8af880adc3#@#@#9#.jpeg</href>
</graphic>
</grate>
</procstep>
<procstep id="nev30074424n1-nev30074486n2">
<grate id="nev30074424n1-nev30086822n60">
<graphic id="nev30074424n1-nev30086822n61">
<href>0900c8af880adc8#@#@#9#.jpeg</href>
</graphic>
<graphtext id="nev30074424n1-nev30087042n1">
<para id="nev30074424n1-nev30086822n58">
<ptxt id="nev30074424n1-nev30086822n59">Loosen the hose#@#@#2#lamp.</ptxt>
</para>
<para id="nev30074424n1-nev30086822n56">
<ptxt id="nev30074424n1-nev30086822n57">The part is to #@#@#5#used.</ptxt>
</para>
<para id="nev30074424n1-nev30086822n54">
<ptxt id="nev30074424n1-nev30086822n55">Place a contain#@#@#12# car.</ptxt>
</para>
<para id="nev30074424n1-nev30086822n52">
<ptxt id="nev30074424n1-nev30086822n53">Undo the hose f#@#@#14#tion.</ptxt>
</para>
</graphtext>
</grate>
</procstep>
<procstep id="nev30074424n1-nev30074487n8">
<grate id="nev30074424n1-nev30086822n50">
<graphic id="nev30074424n1-nev30086822n51">
<href>0900c8af864baef#@#@#9#.jpeg</href>
</graphic>
</grate>
</procstep>
<procstep id="nev30074424n1-nev30074488n1">
<grate id="nev30074424n1-nev30086822n48">
<graphic id="nev30074424n1-nev30086822n49">
<href>0900c8af865321d#@#@#9#.jpeg</href>
</graphic>
<graphtext id="nev30074424n1-nev30087049n1">
<caution id="nev30074424n1-0800c8af851650a8">
<ptxt>Cut carefully t#@#@#43#jury.</ptxt>
</caution>
</graphtext>
</grate>
</procstep>
<procstep id="nev30074424n1-nev30074488n7">
<grate id="nev30074424n1-nev30086822n46">
<graphic id="nev30074424n1-nev30086822n47">
<href>0900c8af880a744#@#@#9#.jpeg</href>
</graphic>
<graphtext id="nev30074424n1-nev30087053n1">
<para id="nev30074424n1-nev30086822n44">
<ptxt id="nev30074424n1-nev30086822n45">Assemble compon#@#@#33# kit.</ptxt>
</para>
<para id="nev30074424n1-nev30086822n42">
<ptxt id="nev30074424n1-nev30086822n43">
<torque id="nev30074424n1-nev30074489n6">
<ref id="nev30074424n1-nev30074489n7">
<locator href="#nev30074424n1-nev30074489n7" label="L0"/>
<locator href="urn:x-nevis:xref:0800c8af83434449:0000000000000000:0900c8af83434452#include" label="L1"/>
<arc from="L0" href="urn:x-nevis:xref:0800c8af83434449:0900c8af8343444a:0900c8af83434452#include" role="urn:x-nevis:profile:0b00c8af80206803 urn:x-nevis:profile:0b00c8af80206820 urn:x-nevis:profile:0b00c8af8020681c urn:x-nevis:profile:0b00c8af80206836 urn:x-nevis:profile:0b00c8af802067e1 urn:x-nevis:profile:0b00c8af802067d6 urn:x-nevis:profile:0b00c8af802067ef urn:x-nevis:profile:0b00c8af8020683a urn:x-nevis:profile:0b00c8af80206800 urn:x-nevis:profile:0b00c8af80206835 urn:x-nevis:profile:0b00c8af802067f3 urn:x-nevis:profile:0b00c8af802067cc urn:x-nevis:profile:0b00c8af80206805 urn:x-nevis:profile:0b00c8af8020683d urn:x-nevis:profile:0b00c8af80206829 urn:x-nevis:profile:0b00c8af80206840 urn:x-nevis:profile:0b00c8af80206808 urn:x-nevis:profile:0b00c8af80206818 urn:x-nevis:profile:0b00c8af80206831 urn:x-nevis:profile:0b00c8af80206830 urn:x-nevis:profile:0b00c8af802067ed urn:x-nevis:profile:0b00c8af80206824 urn:x-nevis:profile:0b00c8af8020682f urn:x-nevis:profile:0b00c8af80206822 urn:x-nevis:profile:0b00c8af8020682a urn:x-nevis:profile:0b00c8af802067fd urn:x-nevis:profile:0b00c8af80206819 urn:x-nevis:profile:0b00c8af802067cf urn:x-nevis:profile:0b00c8af8020680a urn:x-nevis:profile:0b00c8af802067f0 urn:x-nevis:profile:0b00c8af802067fa urn:x-nevis:profile:0b00c8af8020682d urn:x-nevis:profile:0b00c8af80206827 urn:x-nevis:profile:0b00c8af8020680d urn:x-nevis:profile:0b00c8af802067f7 urn:x-nevis:profile:0b00c8af802067fb urn:x-nevis:profile:0b00c8af8020683c urn:x-nevis:profile:0b00c8af802067d9 urn:x-nevis:profile:0b00c8af8020681a urn:x-nevis:profile:0b00c8af80206839 urn:x-nevis:profile:0b00c8af80206834 urn:x-nevis:profile:0b00c8af802067fc urn:x-nevis:profile:0b00c8af8020681e urn:x-nevis:profile:0b00c8af8020681d urn:x-nevis:profile:0b00c8af8020682b urn:x-nevis:profile:0b00c8af802067ff urn:x-nevis:profile:0b00c8af802067f9 urn:x-nevis:profile:0b00c8af8020683b urn:x-nevis:profile:0b00c8af80206838 urn:x-nevis:profile:0b00c8af802067d1 urn:x-nevis:profile:0b00c8af80206837 urn:x-nevis:profile:0b00c8af802067dd urn:x-nevis:profile:0b00c8af802067f1 urn:x-nevis:profile:0b00c8af80206828 urn:x-nevis:profile:0b00c8af80206801 urn:x-nevis:profile:0b00c8af802067d3 urn:x-nevis:profile:0b00c8af8020680e urn:x-nevis:profile:0b00c8af802067d4 urn:x-nevis:profile:0b00c8af802067f4 urn:x-nevis:profile:0b00c8af802067e5 urn:x-nevis:profile:0b00c8af80206826 urn:x-nevis:profile:0b00c8af80206807 urn:x-nevis:profile:0b00c8af802067f2 urn:x-nevis:profile:0b00c8af80206823 urn:x-nevis:profile:0b00c8af80206825 urn:x-nevis:profile:0b00c8af80206833 urn:x-nevis:profile:0b00c8af80206821 urn:x-nevis:profile:0b00c8af8020683e urn:x-nevis:profile:0b00c8af8020680f urn:x-nevis:profile:0b00c8af8020681f urn:x-nevis:profile:0b00c8af802067eb urn:x-nevis:profile:0b00c8af802067df urn:x-nevis:profile:0b00c8af8020680b urn:x-nevis:profile:0b00c8af80206841 urn:x-nevis:profile:0b00c8af80206816 urn:x-nevis:profile:0b00c8af80206832 urn:x-nevis:profile:0b00c8af802067ea urn:x-nevis:profile:0b00c8af80206817 urn:x-nevis:profile:0b00c8af802067e7 urn:x-nevis:profile:0b00c8af80206814 urn:x-nevis:profile:0b00c8af802067c9 urn:x-nevis:profile:0b00c8af80206810 urn:x-nevis:profile:0b00c8af8020683f urn:x-nevis:profile:0b00c8af8020682c urn:x-nevis:profile:0b00c8af80206815 urn:x-nevis:profile:0b00c8af802067fe urn:x-nevis:profile:0b00c8af802067f8 urn:x-nevis:profile:0b00c8af802067f5 urn:x-nevis:profile:0b00c8af80206811 urn:x-nevis:profile:0b00c8af80206812 urn:x-nevis:profile:0b00c8af802067e9 urn:x-nevis:profile:0b00c8af80206813 urn:x-nevis:profile:0b00c8af80206809 urn:x-nevis:profile:0b00c8af80206318 urn:x-nevis:profile:0b00c8af80206332 urn:x-nevis:profile:0b00c8af80206365 urn:x-nevis:profile:0b00c8af8020631e urn:x-nevis:profile:0b00c8af80206348 urn:x-nevis:profile:0b00c8af80206327 urn:x-nevis:profile:0b00c8af802065b2 urn:x-nevis:profile:0b00c8af8020662b urn:x-nevis:profile:0b00c8af80206643 urn:x-nevis:profile:0b00c8af802065fa urn:x-nevis:profile:0b00c8af8020662c urn:x-nevis:profile:0b00c8af802066de urn:x-nevis:profile:0b00c8af802065d4 urn:x-nevis:profile:0b00c8af80206785 urn:x-nevis:profile:0b00c8af80206634 urn:x-nevis:profile:0b00c8af8020bdc4 urn:x-nevis:profile:0b00c8af802065c8 urn:x-nevis:profile:0b00c8af80206616 urn:x-nevis:profile:0b00c8af802065fb urn:x-nevis:profile:0b00c8af8020661d urn:x-nevis:profile:0b00c8af80206605 urn:x-nevis:profile:0b00c8af802065ec urn:x-nevis:profile:0b00c8af802065ee urn:x-nevis:profile:0b00c8af82febdf9 urn:x-nevis:profile:0b00c8af83aff6b3 urn:x-nevis:profile:0b00c8af83f19e63 urn:x-nevis:profile:0b00c8af841552ad urn:x-nevis:profile:0b00c8af847139c0 urn:x-nevis:profile:0b00c8af84eb8111 urn:x-nevis:profile:0b00c8af8520c39e urn:x-nevis:profile:0b00c8af8512644f urn:x-nevis:profile:0b00c8af85330427 urn:x-nevis:profile:0b00c8af8568d0bf urn:x-nevis:profile:0b00c8af817ac33f urn:x-nevis:profile:0b00c8af82e3ac56 urn:x-nevis:profile:0b00c8af83affa46 urn:x-nevis:profile:0b00c8af83f1ad9d urn:x-nevis:profile:0b00c8af8415509d urn:x-nevis:profile:0b00c8af847139e4 urn:x-nevis:profile:0b00c8af84eb8113 urn:x-nevis:profile:0b00c8af8520c261 urn:x-nevis:profile:0b00c8af80206360 urn:x-nevis:profile:0b00c8af80206404 urn:x-nevis:profile:0b00c8af80206409 urn:x-nevis:profile:0b00c8af802063f0 urn:x-nevis:profile:0b00c8af80206449 urn:x-nevis:profile:0b00c8af80206452 urn:x-nevis:profile:0b00c8af802064ba urn:x-nevis:profile:0b00c8af813c6d14 urn:x-nevis:profile:0b00c8af8020635b urn:x-nevis:profile:0b00c8af80206427 urn:x-nevis:profile:0b00c8af8020644d urn:x-nevis:profile:0b00c8af80206410 urn:x-nevis:profile:0b00c8af8020648e urn:x-nevis:profile:0b00c8af88366e50 urn:x-nevis:profile:0b00c8af802065b7 urn:x-nevis:profile:0b00c8af802065cf urn:x-nevis:profile:0b00c8af802065a6 urn:x-nevis:profile:0b00c8af802065bd urn:x-nevis:profile:0b00c8af802065ab urn:x-nevis:profile:0b00c8af802065bf urn:x-nevis:profile:0b00c8af802065b3 urn:x-nevis:profile:0b00c8af802065af urn:x-nevis:profile:0b00c8af802065c5 urn:x-nevis:profile:0b00c8af8020c058 urn:x-nevis:profile:0b00c8af80da257b urn:x-nevis:profile:0b00c8af823216e9 urn:x-nevis:profile:0b00c8af82e5d02d urn:x-nevis:profile:0b00c8af839eaa60 urn:x-nevis:profile:0b00c8af83f1a51f urn:x-nevis:profile:0b00c8af8414dfad urn:x-nevis:profile:0b00c8af847139e6 urn:x-nevis:profile:0b00c8af84eb810f urn:x-nevis:profile:0b00c8af80206660 urn:x-nevis:profile:0b00c8af8020665e urn:x-nevis:profile:0b00c8af8020665f urn:x-nevis:profile:0b00c8af80206674 urn:x-nevis:profile:0b00c8af80da257a urn:x-nevis:profile:0b00c8af822b09b7 urn:x-nevis:profile:0b00c8af82e3b020 urn:x-nevis:profile:0b00c8af83b00078 urn:x-nevis:profile:0b00c8af83f2e56a urn:x-nevis:profile:0b00c8af846772f5 urn:x-nevis:profile:0b00c8af84eb8105 urn:x-nevis:profile:0b00c8af8520c3a5 urn:x-nevis:profile:0b00c8af856337af urn:x-nevis:profile:0b00c8af8621e88c urn:x-nevis:profile:0b00c8af863f4c3a urn:x-nevis:profile:0b00c8af86ea35a1 urn:x-nevis:profile:0b00c8af87344a46 urn:x-nevis:profile:0b00c8af87a4ed08 urn:x-nevis:profile:0b00c8af86b49077 urn:x-nevis:profile:0b00c8af86ead04a urn:x-nevis:profile:0b00c8af87344e2d urn:x-nevis:profile:0b00c8af85633c05 urn:x-nevis:profile:0b00c8af8633603b urn:x-nevis:profile:0b00c8af86576304 urn:x-nevis:profile:0b00c8af86eb98d1 urn:x-nevis:profile:0b00c8af87344f63 urn:x-nevis:profile:0b00c8af87d95113 urn:x-nevis:profile:0b00c8af80206373 urn:x-nevis:profile:0b00c8af8020632d urn:x-nevis:profile:0b00c8af802063e9 urn:x-nevis:profile:0b00c8af8020642f urn:x-nevis:profile:0b00c8af80206672 urn:x-nevis:profile:0b00c8af8020666c urn:x-nevis:profile:0b00c8af80206663 urn:x-nevis:profile:0b00c8af8020665a urn:x-nevis:profile:0b00c8af80206664 urn:x-nevis:profile:0b00c8af80206661 urn:x-nevis:profile:0b00c8af80da2572 urn:x-nevis:profile:0b00c8af823216de urn:x-nevis:profile:0b00c8af8259afd3 urn:x-nevis:profile:0b00c8af838b9dc6 urn:x-nevis:profile:0b00c8af83f1dcfd urn:x-nevis:profile:0b00c8af84116a24 urn:x-nevis:profile:0b00c8af8494c645 urn:x-nevis:profile:0b00c8af84eb8104 urn:x-nevis:profile:0b00c8af8520c3a1 urn:x-nevis:profile:0b00c8af856303ec urn:x-nevis:profile:0b00c8af8620f7a0 urn:x-nevis:profile:0b00c8af8656e7d2 urn:x-nevis:profile:0b00c8af83f4b28f urn:x-nevis:profile:0b00c8af8414d8c5 urn:x-nevis:profile:0b00c8af84adce3d urn:x-nevis:profile:0b00c8af84eb810a urn:x-nevis:profile:0b00c8af8520c3a2 urn:x-nevis:profile:0b00c8af85632e61 urn:x-nevis:profile:0b00c8af868ec1a4 urn:x-nevis:profile:0b00c8af8020661b urn:x-nevis:profile:0b00c8af802066e8 urn:x-nevis:profile:0b00c8af86dd9c00 urn:x-nevis:profile:0b00c8af87346035 urn:x-nevis:profile:0b00c8af8795b0b0 urn:x-nevis:profile:0b00c8af86ef2dd3 urn:x-nevis:profile:0b00c8af87346884 urn:x-nevis:profile:0b00c8af8795b0af urn:x-nevis:profile:0b00c8af802065cb urn:x-nevis:profile:0b00c8af802065d7 urn:x-nevis:profile:0b00c8af802065a8 urn:x-nevis:profile:0b00c8af802065c6 urn:x-nevis:profile:0b00c8af802065ad urn:x-nevis:profile:0b00c8af802065e4 urn:x-nevis:profile:0b00c8af802065b8 urn:x-nevis:profile:0b00c8af802065cc urn:x-nevis:profile:0b00c8af802065ca urn:x-nevis:profile:0b00c8af85025cbc urn:x-nevis:profile:0b00c8af8569a64b urn:x-nevis:profile:0b00c8af862296a5 urn:x-nevis:profile:0b00c8af86576caa urn:x-nevis:profile:0b00c8af86eea749 urn:x-nevis:profile:0b00c8af87345825 urn:x-nevis:profile:0b00c8af8795b0ae urn:x-nevis:profile:0b00c8af85025cc4 urn:x-nevis:profile:0b00c8af8569a80c urn:x-nevis:profile:0b00c8af861bd2c7 urn:x-nevis:profile:0b00c8af86576f47 urn:x-nevis:profile:0b00c8af86eead74 urn:x-nevis:profile:0b00c8af87345b76 urn:x-nevis:profile:0b00c8af8795b0ab urn:x-nevis:profile:0b00c8af8020c05a urn:x-nevis:profile:0b00c8af80da257d urn:x-nevis:profile:0b00c8af823216ee urn:x-nevis:profile:0b00c8af82e5d352 urn:x-nevis:profile:0b00c8af839eacfa urn:x-nevis:profile:0b00c8af83f1a8d8 urn:x-nevis:profile:0b00c8af8414e27e urn:x-nevis:profile:0b00c8af847139e3 urn:x-nevis:profile:0b00c8af84eb8110 urn:x-nevis:profile:0b00c8af84677309 urn:x-nevis:profile:0b00c8af84eb810c urn:x-nevis:profile:0b00c8af8520c3a6 urn:x-nevis:profile:0b00c8af85633da2 urn:x-nevis:profile:0b00c8af86223698 urn:x-nevis:profile:0b00c8af863ffa7b urn:x-nevis:profile:0b00c8af86ec6047 urn:x-nevis:profile:0b00c8af87344fef urn:x-nevis:profile:0b00c8af87a4ede2 urn:x-nevis:profile:0b00c8af87a573de urn:x-nevis:profile:0b00c8af86552501 urn:x-nevis:profile:0b00c8af8657680f urn:x-nevis:profile:0b00c8af86eddbce urn:x-nevis:profile:0b00c8af87345325 urn:x-nevis:profile:0b00c8af8020633b urn:x-nevis:profile:0b00c8af80206343 urn:x-nevis:profile:0b00c8af802063ec urn:x-nevis:profile:0b00c8af8020641f urn:x-nevis:profile:0b00c8af80206670 urn:x-nevis:profile:0b00c8af8020666a urn:x-nevis:profile:0b00c8af80206675 urn:x-nevis:profile:0b00c8af80206676 urn:x-nevis:profile:0b00c8af80206666 urn:x-nevis:profile:0b00c8af80da26dc urn:x-nevis:profile:0b00c8af822b096a urn:x-nevis:profile:0b00c8af82e48186 urn:x-nevis:profile:0b00c8af83affc41 urn:x-nevis:profile:0b00c8af839e8e09 urn:x-nevis:profile:0b00c8af83f23801 urn:x-nevis:profile:0b00c8af84103b76 urn:x-nevis:profile:0b00c8af84adce35 urn:x-nevis:profile:0b00c8af84eb8108 urn:x-nevis:profile:0b00c8af8520c3a3 urn:x-nevis:profile:0b00c8af85632eb6 urn:x-nevis:profile:0b00c8af862154cd urn:x-nevis:profile:0b00c8af8656e95f urn:x-nevis:profile:0b00c8af802065c4 urn:x-nevis:profile:0b00c8af802065f5 urn:x-nevis:profile:0b00c8af802065d6 urn:x-nevis:profile:0b00c8af8020666b urn:x-nevis:profile:0b00c8af8020666d urn:x-nevis:profile:0b00c8af80206662 urn:x-nevis:profile:0b00c8af8020665c urn:x-nevis:profile:0b00c8af80da2577 urn:x-nevis:profile:0b00c8af822b096c urn:x-nevis:profile:0b00c8af82e48550 urn:x-nevis:profile:0b00c8af802065bc urn:x-nevis:profile:0b00c8af80206712 urn:x-nevis:profile:0b00c8af86dd9c01 urn:x-nevis:profile:0b00c8af8734634a urn:x-nevis:profile:0b00c8af8795b0b2 urn:x-nevis:profile:0b00c8af86dd9c02 urn:x-nevis:profile:0b00c8af873465d2 urn:x-nevis:profile:0b00c8af8795b0ad urn:x-nevis:profile:0b00c8af8734696f urn:x-nevis:profile:0b00c8af8795b0aa urn:x-nevis:profile:0b00c8af882fd259 urn:x-nevis:profile:0b00c8af83f34b0e urn:x-nevis:profile:0b00c8af841040db urn:x-nevis:profile:0b00c8af84ae12aa urn:x-nevis:profile:0b00c8af84eb810d urn:x-nevis:profile:0b00c8af8520c3a7 urn:x-nevis:profile:0b00c8af8569a13e urn:x-nevis:profile:0b00c8af86229467 urn:x-nevis:profile:0b00c8af864b2bae urn:x-nevis:profile:0b00c8af86ee512d urn:x-nevis:profile:0b00c8af87164cbc urn:x-nevis:profile:0b00c8af8795b0ac urn:x-nevis:profile:0b00c8af839e8e0b urn:x-nevis:profile:0b00c8af83f24029 urn:x-nevis:profile:0b00c8af84103a21 urn:x-nevis:profile:0b00c8af84add34d urn:x-nevis:profile:0b00c8af84eb8109 urn:x-nevis:profile:0b00c8af8520c3a4 urn:x-nevis:profile:0b00c8af85633292 urn:x-nevis:profile:0b00c8af8621ada3 urn:x-nevis:profile:0b00c8af8656ed6f urn:x-nevis:profile:0b00c8af80206671 urn:x-nevis:profile:0b00c8af80206669 urn:x-nevis:profile:0b00c8af8117443b urn:x-nevis:profile:0b00c8af822b0968 urn:x-nevis:profile:0b00c8af82e48817 urn:x-nevis:profile:0b00c8af838ba0b2 urn:x-nevis:profile:0b00c8af83f1a29a urn:x-nevis:profile:0b00c8af8414e54b urn:x-nevis:profile:0b00c8af84983e6d urn:x-nevis:profile:0b00c8af84eb8103 urn:x-nevis:profile:0b00c8af851e8289 urn:x-nevis:profile:0b00c8af856303e5 urn:x-nevis:profile:0b00c8af8620fba5 urn:x-nevis:profile:0b00c8af8656e7b9 urn:x-nevis:profile:0b00c8af858c2577 urn:x-nevis:profile:0b00c8af86eeb1e9 urn:x-nevis:profile:0b00c8af87345e76 urn:x-nevis:profile:0b00c8af8795b0b1" title="VCC-283747-1, M6" to="L1"/>
</ref>
</torque>
</ptxt>
</para>
</graphtext>
</grate>
</procstep>
<procstep id="nev30074424n1-nev30074489n8">
<grate id="nev30074424n1-nev30086822n40">
<graphic id="nev30074424n1-nev30086822n41">
<href>0900c8af880adc8#@#@#9#.jpeg</href>
</graphic>
<graphtext id="nev30074424n1-nev30087060n1">
<para id="nev30074424n1-nev30086822n38">
<ptxt id="nev30074424n1-nev30086822n39">Attach the hose#@#@#3#amps.</ptxt>
</para>
<para id="nev30074424n1-nev30086822n36">
<ptxt id="nev30074424n1-nev30086822n37">Install the hoses.</ptxt>
</para>
<para id="nev30074424n1-nev30086822n34">
<ptxt id="nev30074424n1-nev30086822n35">Tighten the hos#@#@#4#amps.</ptxt>
</para>
</graphtext>
</grate>
</procstep>
<procstep id="nev30074424n1-nev30074490n8">
<grate id="nev30074424n1-nev30086822n32">
<graphic id="nev30074424n1-nev30086822n33">
<href>0900c8af880add4#@#@#9#.jpeg</href>
</graphic>
<graphtext id="nev30074424n1-nev30087064n1">
<para id="nev30074424n1-nev30086822n30">
<ptxt id="nev30074424n1-nev30086822n31">Place the compo#@#@#31#phic.</ptxt>
</para>
<para id="nev30074424n1-nev30086822n28">
<ptxt id="nev30074424n1-nev30086822n29">Attach the hose#@#@#1#clamp</ptxt>
</para>
<para id="nev30074424n1-nev30086822n26">
<ptxt id="nev30074424n1-nev30086822n27">Connect the hose.</ptxt>
</para>
<para id="nev30074424n1-nev30086822n24">
<ptxt id="nev30074424n1-nev30086822n25">Install the hos#@#@#2#clamp</ptxt>
</para>
</graphtext>
</grate>
</procstep>
<procstep id="nev30074424n1-nev30074491n8">
<grate id="nev30074424n1-nev30086822n22">
<graphic id="nev30074424n1-nev30086822n23">
<href>0900c8af880add4#@#@#9#.jpeg</href>
</graphic>
<graphtext id="nev30074424n1-nev30087068n1">
<para id="nev30074424n1-nev30086822n20">
<ptxt id="nev30074424n1-nev30086822n21">Install the nut.</ptxt>
</para>
<para id="nev30074424n1-nev30086822n18">
<ptxt id="nev30074424n1-nev30086822n19">
<torque id="nev30074424n1-nev30074492n7">
<ref id="nev30074424n1-nev30074492n8">
<locator href="#nev30074424n1-nev30074492n8" label="L0"/>
<locator href="urn:x-nevis:xref:0800c8af83434461:0000000000000000:0900c8af8343446a#include" label="L1"/>
<arc from="L0" href="urn:x-nevis:xref:0800c8af83434461:0900c8af83434462:0900c8af8343446a#include" role="urn:x-nevis:profile:0b00c8af82febdf9 urn:x-nevis:profile:0b00c8af83aff6b3 urn:x-nevis:profile:0b00c8af83f19e63 urn:x-nevis:profile:0b00c8af841552ad urn:x-nevis:profile:0b00c8af847139c0 urn:x-nevis:profile:0b00c8af84eb8111 urn:x-nevis:profile:0b00c8af8520c39e urn:x-nevis:profile:0b00c8af8512644f urn:x-nevis:profile:0b00c8af85330427 urn:x-nevis:profile:0b00c8af8568d0bf urn:x-nevis:profile:0b00c8af817ac33f urn:x-nevis:profile:0b00c8af82e3ac56 urn:x-nevis:profile:0b00c8af83affa46 urn:x-nevis:profile:0b00c8af83f1ad9d urn:x-nevis:profile:0b00c8af8415509d urn:x-nevis:profile:0b00c8af847139e4 urn:x-nevis:profile:0b00c8af84eb8113 urn:x-nevis:profile:0b00c8af8520c261 urn:x-nevis:profile:0b00c8af80206360 urn:x-nevis:profile:0b00c8af80206404 urn:x-nevis:profile:0b00c8af80206409 urn:x-nevis:profile:0b00c8af802063f0 urn:x-nevis:profile:0b00c8af80206449 urn:x-nevis:profile:0b00c8af80206452 urn:x-nevis:profile:0b00c8af802064ba urn:x-nevis:profile:0b00c8af813c6d14 urn:x-nevis:profile:0b00c8af8020635b urn:x-nevis:profile:0b00c8af80206427 urn:x-nevis:profile:0b00c8af8020644d urn:x-nevis:profile:0b00c8af80206410 urn:x-nevis:profile:0b00c8af8020648e urn:x-nevis:profile:0b00c8af88366e50 urn:x-nevis:profile:0b00c8af802065a6 urn:x-nevis:profile:0b00c8af802065bd urn:x-nevis:profile:0b00c8af802065ab urn:x-nevis:profile:0b00c8af802065bf urn:x-nevis:profile:0b00c8af802065b3 urn:x-nevis:profile:0b00c8af802065af urn:x-nevis:profile:0b00c8af802065c5 urn:x-nevis:profile:0b00c8af8020c058 urn:x-nevis:profile:0b00c8af80da257b urn:x-nevis:profile:0b00c8af823216e9 urn:x-nevis:profile:0b00c8af82e5d02d urn:x-nevis:profile:0b00c8af839eaa60 urn:x-nevis:profile:0b00c8af83f1a51f urn:x-nevis:profile:0b00c8af8414dfad urn:x-nevis:profile:0b00c8af847139e6 urn:x-nevis:profile:0b00c8af84eb810f urn:x-nevis:profile:0b00c8af80206660 urn:x-nevis:profile:0b00c8af8020665e urn:x-nevis:profile:0b00c8af8020665f urn:x-nevis:profile:0b00c8af80206674 urn:x-nevis:profile:0b00c8af80da257a urn:x-nevis:profile:0b00c8af822b09b7 urn:x-nevis:profile:0b00c8af82e3b020 urn:x-nevis:profile:0b00c8af83b00078 urn:x-nevis:profile:0b00c8af83f2e56a urn:x-nevis:profile:0b00c8af846772f5 urn:x-nevis:profile:0b00c8af84eb8105 urn:x-nevis:profile:0b00c8af8520c3a5 urn:x-nevis:profile:0b00c8af856337af urn:x-nevis:profile:0b00c8af8621e88c urn:x-nevis:profile:0b00c8af863f4c3a urn:x-nevis:profile:0b00c8af86ea35a1 urn:x-nevis:profile:0b00c8af87344a46 urn:x-nevis:profile:0b00c8af87a4ed08 urn:x-nevis:profile:0b00c8af86b49077 urn:x-nevis:profile:0b00c8af86ead04a urn:x-nevis:profile:0b00c8af87344e2d urn:x-nevis:profile:0b00c8af85633c05 urn:x-nevis:profile:0b00c8af8633603b urn:x-nevis:profile:0b00c8af86576304 urn:x-nevis:profile:0b00c8af86eb98d1 urn:x-nevis:profile:0b00c8af87344f63 urn:x-nevis:profile:0b00c8af87d95113 urn:x-nevis:profile:0b00c8af8020632d urn:x-nevis:profile:0b00c8af802063e9 urn:x-nevis:profile:0b00c8af8020642f urn:x-nevis:profile:0b00c8af80206672 urn:x-nevis:profile:0b00c8af8020666c urn:x-nevis:profile:0b00c8af80206663 urn:x-nevis:profile:0b00c8af8020665a urn:x-nevis:profile:0b00c8af80206664 urn:x-nevis:profile:0b00c8af80206661 urn:x-nevis:profile:0b00c8af80da2572 urn:x-nevis:profile:0b00c8af823216de urn:x-nevis:profile:0b00c8af8259afd3 urn:x-nevis:profile:0b00c8af838b9dc6 urn:x-nevis:profile:0b00c8af83f1dcfd urn:x-nevis:profile:0b00c8af84116a24 urn:x-nevis:profile:0b00c8af8494c645 urn:x-nevis:profile:0b00c8af84eb8104 urn:x-nevis:profile:0b00c8af8520c3a1 urn:x-nevis:profile:0b00c8af856303ec urn:x-nevis:profile:0b00c8af8620f7a0 urn:x-nevis:profile:0b00c8af8656e7d2 urn:x-nevis:profile:0b00c8af83f4b28f urn:x-nevis:profile:0b00c8af8414d8c5 urn:x-nevis:profile:0b00c8af84adce3d urn:x-nevis:profile:0b00c8af84eb810a urn:x-nevis:profile:0b00c8af8520c3a2 urn:x-nevis:profile:0b00c8af85632e61 urn:x-nevis:profile:0b00c8af868ec1a4 urn:x-nevis:profile:0b00c8af802066e8 urn:x-nevis:profile:0b00c8af86dd9c00 urn:x-nevis:profile:0b00c8af87346035 urn:x-nevis:profile:0b00c8af8795b0b0 urn:x-nevis:profile:0b00c8af86ef2dd3 urn:x-nevis:profile:0b00c8af87346884 urn:x-nevis:profile:0b00c8af8795b0af urn:x-nevis:profile:0b00c8af802065a8 urn:x-nevis:profile:0b00c8af802065c6 urn:x-nevis:profile:0b00c8af802065ad urn:x-nevis:profile:0b00c8af802065e4 urn:x-nevis:profile:0b00c8af802065b8 urn:x-nevis:profile:0b00c8af802065cc urn:x-nevis:profile:0b00c8af802065ca urn:x-nevis:profile:0b00c8af85025cbc urn:x-nevis:profile:0b00c8af8569a64b urn:x-nevis:profile:0b00c8af862296a5 urn:x-nevis:profile:0b00c8af86576caa urn:x-nevis:profile:0b00c8af86eea749 urn:x-nevis:profile:0b00c8af87345825 urn:x-nevis:profile:0b00c8af8795b0ae urn:x-nevis:profile:0b00c8af85025cc4 urn:x-nevis:profile:0b00c8af8569a80c urn:x-nevis:profile:0b00c8af861bd2c7 urn:x-nevis:profile:0b00c8af86576f47 urn:x-nevis:profile:0b00c8af86eead74 urn:x-nevis:profile:0b00c8af87345b76 urn:x-nevis:profile:0b00c8af8795b0ab urn:x-nevis:profile:0b00c8af8020c05a urn:x-nevis:profile:0b00c8af80da257d urn:x-nevis:profile:0b00c8af823216ee urn:x-nevis:profile:0b00c8af82e5d352 urn:x-nevis:profile:0b00c8af839eacfa urn:x-nevis:profile:0b00c8af83f1a8d8 urn:x-nevis:profile:0b00c8af8414e27e urn:x-nevis:profile:0b00c8af847139e3 urn:x-nevis:profile:0b00c8af84eb8110 urn:x-nevis:profile:0b00c8af84677309 urn:x-nevis:profile:0b00c8af84eb810c urn:x-nevis:profile:0b00c8af8520c3a6 urn:x-nevis:profile:0b00c8af85633da2 urn:x-nevis:profile:0b00c8af86223698 urn:x-nevis:profile:0b00c8af863ffa7b urn:x-nevis:profile:0b00c8af86ec6047 urn:x-nevis:profile:0b00c8af87344fef urn:x-nevis:profile:0b00c8af87a4ede2 urn:x-nevis:profile:0b00c8af87a573de urn:x-nevis:profile:0b00c8af86552501 urn:x-nevis:profile:0b00c8af8657680f urn:x-nevis:profile:0b00c8af86eddbce urn:x-nevis:profile:0b00c8af87345325 urn:x-nevis:profile:0b00c8af80206343 urn:x-nevis:profile:0b00c8af802063ec urn:x-nevis:profile:0b00c8af8020641f urn:x-nevis:profile:0b00c8af80206670 urn:x-nevis:profile:0b00c8af8020666a urn:x-nevis:profile:0b00c8af80206675 urn:x-nevis:profile:0b00c8af80206676 urn:x-nevis:profile:0b00c8af80206666 urn:x-nevis:profile:0b00c8af80da26dc urn:x-nevis:profile:0b00c8af822b096a urn:x-nevis:profile:0b00c8af82e48186 urn:x-nevis:profile:0b00c8af83affc41 urn:x-nevis:profile:0b00c8af839e8e09 urn:x-nevis:profile:0b00c8af83f23801 urn:x-nevis:profile:0b00c8af84103b76 urn:x-nevis:profile:0b00c8af84adce35 urn:x-nevis:profile:0b00c8af84eb8108 urn:x-nevis:profile:0b00c8af8520c3a3 urn:x-nevis:profile:0b00c8af85632eb6 urn:x-nevis:profile:0b00c8af862154cd urn:x-nevis:profile:0b00c8af8656e95f urn:x-nevis:profile:0b00c8af802065c4 urn:x-nevis:profile:0b00c8af802065f5 urn:x-nevis:profile:0b00c8af802065d6 urn:x-nevis:profile:0b00c8af8020666b urn:x-nevis:profile:0b00c8af8020666d urn:x-nevis:profile:0b00c8af80206662 urn:x-nevis:profile:0b00c8af8020665c urn:x-nevis:profile:0b00c8af80da2577 urn:x-nevis:profile:0b00c8af822b096c urn:x-nevis:profile:0b00c8af82e48550 urn:x-nevis:profile:0b00c8af80206712 urn:x-nevis:profile:0b00c8af86dd9c01 urn:x-nevis:profile:0b00c8af8734634a urn:x-nevis:profile:0b00c8af8795b0b2 urn:x-nevis:profile:0b00c8af86dd9c02 urn:x-nevis:profile:0b00c8af873465d2 urn:x-nevis:profile:0b00c8af8795b0ad urn:x-nevis:profile:0b00c8af8734696f urn:x-nevis:profile:0b00c8af8795b0aa urn:x-nevis:profile:0b00c8af882fd259 urn:x-nevis:profile:0b00c8af83f34b0e urn:x-nevis:profile:0b00c8af841040db urn:x-nevis:profile:0b00c8af84ae12aa urn:x-nevis:profile:0b00c8af84eb810d urn:x-nevis:profile:0b00c8af8520c3a7 urn:x-nevis:profile:0b00c8af8569a13e urn:x-nevis:profile:0b00c8af86229467 urn:x-nevis:profile:0b00c8af864b2bae urn:x-nevis:profile:0b00c8af86ee512d urn:x-nevis:profile:0b00c8af87164cbc urn:x-nevis:profile:0b00c8af8795b0ac urn:x-nevis:profile:0b00c8af839e8e0b urn:x-nevis:profile:0b00c8af83f24029 urn:x-nevis:profile:0b00c8af84103a21 urn:x-nevis:profile:0b00c8af84add34d urn:x-nevis:profile:0b00c8af84eb8109 urn:x-nevis:profile:0b00c8af8520c3a4 urn:x-nevis:profile:0b00c8af85633292 urn:x-nevis:profile:0b00c8af8621ada3 urn:x-nevis:profile:0b00c8af8656ed6f urn:x-nevis:profile:0b00c8af80206671 urn:x-nevis:profile:0b00c8af80206669 urn:x-nevis:profile:0b00c8af8117443b urn:x-nevis:profile:0b00c8af822b0968 urn:x-nevis:profile:0b00c8af82e48817 urn:x-nevis:profile:0b00c8af838ba0b2 urn:x-nevis:profile:0b00c8af83f1a29a urn:x-nevis:profile:0b00c8af8414e54b urn:x-nevis:profile:0b00c8af84983e6d urn:x-nevis:profile:0b00c8af84eb8103 urn:x-nevis:profile:0b00c8af851e8289 urn:x-nevis:profile:0b00c8af856303e5 urn:x-nevis:profile:0b00c8af8620fba5 urn:x-nevis:profile:0b00c8af8656e7b9 urn:x-nevis:profile:0b00c8af858c2577 urn:x-nevis:profile:0b00c8af86eeb1e9 urn:x-nevis:profile:0b00c8af87345e76 urn:x-nevis:profile:0b00c8af8795b0b1" title="VCC-283749-1, M8" to="L1"/>
</ref>
</torque>
</ptxt>
</para>
</graphtext>
</grate>
</procstep>
<procstep id="nev30074424n1-nev30074492n9">
<grate id="nev30074424n1-nev30086822n16">
<graphic id="nev30074424n1-nev30086822n17">
<href>0900c8af882a3c3#@#@#9#.jpeg</href>
</graphic>
<graphtext id="nev30074424n1-nev30087075n1">
<note id="nev30074424n1-0800c8af85b47f49">
<ptxt>Orientation view</ptxt>
</note>
</graphtext>
</grate>
</procstep>
<procstep id="nev30074424n1-nev30077952n71">
<grate id="nev30074424n1-nev30086822n14">
<graphic id="nev30074424n1-nev30086822n15">
<href>0900c8af882a3c4#@#@#9#.jpeg</href>
</graphic>
<graphtext id="nev30074424n1-nev30087079n1">
<para id="nev30074424n1-nev30086822n12">
<ptxt id="nev30074424n1-nev30086822n13">Place the cable#@#@#15#ated.</ptxt>
</para>
<para id="nev30074424n1-nev30086822n10">
<ptxt id="nev30074424n1-nev30086822n11">Position/route #@#@#20#ated.</ptxt>
</para>
<para id="nev30074424n1-nev30086822n8">
<ptxt id="nev30074424n1-nev30086822n9">Tighten the cab#@#@#2# tie.</ptxt>
</para>
<list1 enumtype="n" id="nev30074424n1-nev30077952n62" type="ordered">
<item id="nev30074424n1-nev30086822n7">
<ptxt id="nev30074424n1-nev30086822n6">Steering gear</ptxt>
</item>
<item id="nev30074424n1-nev30086822n5">
<ptxt id="nev30074424n1-nev30086822n4">Subframe</ptxt>
</item>
</list1>
</graphtext>
</grate>
</procstep>
<procstep id="nev30074424n1-nev30077952n55">
<grate id="nev30074424n1-nev30086822n2">
<graphic id="nev30074424n1-nev30086822n3">
<href>0900c8af882a3f2#@#@#9#.jpeg</href>
</graphic>
<graphtext id="nev30074424n1-nev30087083n1">
<note id="nev30074424n1-0800c8af85b47f49">
<ptxt>Orientation view</ptxt>
</note>
<list1 enumtype="n" id="nev30074424n1-nev30077952n51" type="ordered">
<item id="nev30074424n1-nev30086822n1">
<ptxt id="nev30074424n1-nev30086823n100">Steering gear</ptxt>
</item>
<item id="nev30074424n1-nev30086823n99">
<ptxt id="nev30074424n1-nev30086823n98">Heat deflector plate</ptxt>
</item>
</list1>
</graphtext>
</grate>
</procstep>
<procstep id="nev30074424n1-nev30082299n66">
<grate id="nev30074424n1-nev30086823n96">
<graphic id="nev30074424n1-nev30086823n97">
<href>0900c8af882a613#@#@#9#.jpeg</href>
</graphic>
<graphtext id="nev30074424n1-nev30087087n1">
<para id="nev30074424n1-nev30086823n94">
<ptxt id="nev30074424n1-nev30086823n95">Place the cable#@#@#15#ated.</ptxt>
</para>
<para id="nev30074424n1-nev30086823n92">
<ptxt id="nev30074424n1-nev30086823n93">Position/route #@#@#20#ated.</ptxt>
</para>
<para id="nev30074424n1-nev30086823n90">
<ptxt id="nev30074424n1-nev30086823n91">Tighten the cab#@#@#2# tie.</ptxt>
</para>
</graphtext>
</grate>
</procstep>
<procstep id="nev30074424n1-nev30074496n1">
<grate id="nev30074424n1-nev30086823n88">
<graphic id="nev30074424n1-nev30086823n89">
<href>0900c8af880a74c#@#@#9#.jpeg</href>
</graphic>
<graphtext id="nev30074424n1-nev30087091n1">
<para id="nev30074424n1-nev30086823n86">
<ptxt id="nev30074424n1-nev30086823n87">Remove any excess.</ptxt>
</para>
</graphtext>
</grate>
</procstep>
<procstep id="nev30074424n1-nev30074496n8">
<grate id="nev30074424n1-nev30086823n84">
<graphic id="nev30074424n1-nev30086823n85">
<href>0900c8af882a40d#@#@#9#.jpeg</href>
</graphic>
<graphtext id="nev30074424n1-nev30087095n1">
<para id="nev30074424n1-nev30086823n82">
<ptxt id="nev30074424n1-nev30086823n83">Clamp using the#@#@#11# tie.</ptxt>
</para>
</graphtext>
</grate>
</procstep>
<procstep id="nev30074424n1-nev30077952n32">
<grate id="nev30074424n1-nev30086823n80">
<graphic id="nev30074424n1-nev30086823n81">
<href>0900c8af882a40d#@#@#9#.jpeg</href>
</graphic>
<graphtext id="nev30074424n1-nev30087099n1">
<list1 enumtype="n" id="nev30074424n1-nev30077952n29" type="ordered">
<item id="nev30074424n1-nev30086823n79">
<ptxt id="nev30074424n1-nev30086823n78">Remove the mark#@#@#3#part.</ptxt>
</item>
<item id="nev30074424n1-nev30086823n77">
<ptxt id="nev30074424n1-nev30086823n76">Install compone#@#@#32# kit.</ptxt>
</item>
</list1>
</graphtext>
</grate>
</procstep>
<procstep id="nev30074424n1-nev30077952n24">
<grate id="nev30074424n1-nev30086823n74">
<graphic id="nev30074424n1-nev30086823n75">
<href>0900c8af882a40d#@#@#9#.jpeg</href>
</graphic>
<graphtext id="nev30074424n1-nev30087103n1">
<para id="nev30074424n1-nev30086823n72">
<ptxt id="nev30074424n1-nev30086823n73">Place the cable#@#@#15#ated.</ptxt>
</para>
<para id="nev30074424n1-nev30086823n70">
<ptxt id="nev30074424n1-nev30086823n71">Position/route #@#@#20#ated.</ptxt>
</para>
<para id="nev30074424n1-nev30086823n68">
<ptxt id="nev30074424n1-nev30086823n69">Tighten the cab#@#@#2# tie.</ptxt>
</para>
</graphtext>
</grate>
</procstep>
<procstep id="nev30074424n1-nev30074498n5">
<grate id="nev30074424n1-nev30086823n66">
<graphic id="nev30074424n1-nev30086823n67">
<href>0900c8af880add4#@#@#9#.jpeg</href>
</graphic>
<graphtext id="nev30074424n1-nev30087107n1">
<caution id="nev30074424n1-0800c8af85164e4a">
<ptxt>No grease on co#@#@#10#aces.</ptxt>
</caution>
<para id="nev30074424n1-nev30086823n64">
<ptxt id="nev30074424n1-nev30086823n65">Lubricate the O#@#@#1#ring.</ptxt>
</para>
</graphtext>
</grate>
</procstep>
<procstep id="nev30074424n1-nev30074499n4">
<grate id="nev30074424n1-nev30086823n62">
<graphic id="nev30074424n1-nev30086823n63">
<href>0900c8af8637e56#@#@#9#.jpeg</href>
</graphic>
<graphtext id="nev30074424n1-nev30087111n1">
<para id="nev30074424n1-nev30086823n60">
<ptxt id="nev30074424n1-nev30086823n61">Connect the con#@#@#2#ctor.</ptxt>
</para>
<para id="nev30074424n1-nev30086823n58">
<ptxt id="nev30074424n1-nev30086823n59">Install the catch.</ptxt>
</para>
</graphtext>
</grate>
</procstep>
</stepgrp>
<stepgrp boilerplate="false" context="" id="nev30074424n1-nev30086823n57">
<title id="nev30074424n1-0800c8af844a46f9">Installation</title>
<procstep id="nev30074424n1-nev30074500n7">
<grate id="nev30074424n1-nev30086823n55">
<graphic id="nev30074424n1-nev30086823n56">
<href>0900c8af857aa4f#@#@#9#.jpeg</href>
</graphic>
<graphtext id="nev30074424n1-nev30087115n1">
<para id="nev30074424n1-nev30086823n53">
<ptxt id="nev30074424n1-nev30086823n54">Fill the coolin#@#@#49#VIDA:</ptxt>
</para>
<para id="nev30074424n1-nev30086823n51">
<ptxt id="nev30074424n1-nev30086823n52">Information / R#@#@#181#ding.</ptxt>
</para>
<para id="nev30074424n1-nev30086823n49">
<ptxt id="nev30074424n1-nev30086823n50">
<toolitem boilerplate="true" id="nev30074424n1-nev30077953n97" imageid="0900c8af81320264"/>
<toolitem boilerplate="false" id="nev30074424n1-nev30077953n96" imageid="0900c8af85bf8295"/>
<toolitem boilerplate="false" id="nev30074424n1-nev30077953n95" imageid="0900c8af81320266"/>
</ptxt>
</para>
</graphtext>
</grate>
</procstep>
<procstep id="nev30074424n1-nev30074501n10">
<para id="nev30074424n1-nev30086823n47">
<ptxt id="nev30074424n1-nev30086823n48">Reinstall the r#@#@#25#rder.</ptxt>
</para>
</procstep>
<procstep id="nev30074424n1-nev30074502n4">
<grate id="nev30074424n1-nev30086823n45">
<graphic id="nev30074424n1-nev30086823n46">
<href>0900c8af85b39e0#@#@#9#.jpeg</href>
</graphic>
</grate>
</procstep>
<procstep id="nev30074424n1-nev30074502n7">
<grate id="nev30074424n1-nev30086823n43">
<graphic id="nev30074424n1-nev30086823n44">
<href>0900c8af85b39cb#@#@#9#.jpeg</href>
</graphic>
</grate>
</procstep>
</stepgrp>
</procedure>
<kitnumbers>
<kitnumber>31373665</kitnumber>
</kitnumbers>
</servinfosub>
</body>
</i2>