<?xml version="1.0" encoding="UTF-8"?><servinfosub IE-ID="en-US0900c8af800d130d" docno="VCC-140987" id="KC01340063" xml:lang="en-US">
<title>
<phrase category="" id="KC09418042" phrase-urn="urn:x-nevis:phrase:0800c8af826fd560">Replacing the g#@#@#22#odule</phrase>
</title>
<diagnostic type="test">
<testgrp IE-ID="en-US0900c8af800d130d_KC08820070" id="KC08820070" testgrp-id="id_vida">
<title>
<phrase category="" id="KC09418043" phrase-urn="urn:x-nevis:phrase:0800c8af826fd561">Replacing the g#@#@#22#odule</phrase>
</title>
<node>
<test1>
<test2>
<ptxt>
<phrase category="" id="KC09418044" phrase-urn="urn:x-nevis:phrase:0800c8af826fd563">Replacing the p#@#@#62#SM)).</phrase>
</ptxt>
<list1 enumtype="d" type="unordered">
<title>
<phrase category="" id="KC09418045" phrase-urn="urn:x-nevis:phrase:0800c8af826fd564">Other information:</phrase>
</title>
<item>
<ptxt>
<phrase category="" id="KC09418046" phrase-urn="urn:x-nevis:phrase:0800c8af826fd565">To check or rep#@#@#44# see <xref>
<ref id="KC09418047"/>
</xref>
</phrase>
</ptxt>
</item>
<item>
<ptxt>
<phrase category="" id="KC09418048" phrase-urn="urn:x-nevis:phrase:0800c8af826fd566">To check or rep#@#@#42# see <xref>
<ref id="KC09418049"/>
</xref>. </phrase>
</ptxt>
</item>
</list1>
</test2>
</test1>
<question>
Select Continue.
</question>
<resact-grp>
<result button="cont" comp="button"/>
<action>
<return value="DONE"/>
</action>
</resact-grp>
</node>
</testgrp>
</diagnostic>
</servinfosub>