<?xml version="1.0" encoding="UTF-8"?><servinfosub IE-ID="en-US0900c8af850de30d" docno="VCC-132428" id="KC01108188" xml:lang="en-US">
<title id="nev12264538n250">Integrated rela#@#@#58#cing </title>
<procedure id="nev12264538n248">
<stepgrp id="KC01166720">
<title id="nev12264538n246">Integrated rela#@#@#29#tment</title>
<procstep id="KC01166721">
<title id="nev12264538n244">Exposing the in#@#@#42#tment</title>
<grate id="nev12264538n242">
<graphic id="KC08944182">
<href>0900c8af800589c#@#@#9#.jpeg</href>
</graphic>
<graphtext id="nev12264538n237">
<list1 enumtype="d" id="nev12264538n235">
<item id="nev12264538n233">
<ptxt id="nev12264538n231">Open the catch #@#@#74#stery</ptxt>
</item>
<list2 enumtype="d" id="nev12264538n229">
<title id="nev12264538n227">If necessary:</title>
<item id="nev12264538n225">
<ptxt id="nev12264538n223">Remove the floo#@#@#27#tment</ptxt>
</item>
<item id="nev12264538n221">
<ptxt id="nev12264538n219">remove the clip#@#@#33#tery </ptxt>
</item>
<item id="nev12264538n217">
<ptxt id="nev12264538n215">remove the road#@#@#34# see <xref id="nev12264538n213">
<ref id="KC08944183"/>
</xref>. </ptxt>
</item>
<item id="nev12264538n208">
<ptxt id="nev12264538n206">remove the CD c#@#@#7# See <xref id="nev12264538n204">
<ref id="KC08944184"/>
</xref>. </ptxt>
</item>
</list2>
</list1>
</graphtext>
</grate>
</procstep>
<procstep id="KC01166722">
<title id="nev12264538n199">Replacing relay#@#@#14#fuses</title>
<list1 enumtype="d" id="nev12264538n197">
<item id="nev12264538n195">
<ptxt id="nev12264538n193">Expose the rela#@#@#27#tion <xref id="nev12264538n191">
<ref id="KC08944185"/>
</xref>.</ptxt>
</item>
<item id="nev12264538n186">
<ptxt id="nev12264538n184">Replace the rel#@#@#17#fuse.</ptxt>
</item>
</list1>
</procstep>
<procstep id="KC01166723">
<title id="nev12264538n182">Relay location</title>
<grate id="nev12264538n180">
<graphic id="KC08944186">
<href>0900c8af80058d2#@#@#9#.jpeg</href>
</graphic>
<graphtext id="nev12264538n175">
<para id="nev12264538n173">
<ptxt id="nev12264538n171">For the locatio#@#@#16# see:</ptxt>
</para>
<list1 enumtype="n" id="nev12264538n169" type="ordered">
<item id="nev12264538n167">
<ptxt id="nev12264538n165">Wiring diagram #@#@#18# year</ptxt>
</item>
<item id="nev12264538n163">
<ptxt id="nev12264538n161">Decals at both #@#@#43# car </ptxt>
</item>
<item id="nev12264538n159">
<ptxt id="nev12264538n157">Pocket data book</ptxt>
</item>
<item id="nev12264538n155">
<ptxt id="nev12264538n153">Owner's Manual.</ptxt>
</item>
</list1>
</graphtext>
</grate>
</procstep>
<procstep id="KC01166724">
<title id="nev12264538n151">Location of fuse 11D</title>
<grate id="nev12264538n149">
<graphic id="KC08944187">
<href>0900c8af80058c3#@#@#9#.jpeg</href>
</graphic>
<graphtext id="nev12264538n144">
<para id="nev12264538n142">
<ptxt id="nev12264538n140">For the locatio#@#@#15# see:</ptxt>
</para>
<list1 enumtype="n" id="nev12264538n138" type="ordered">
<item id="nev12264538n136">
<ptxt id="nev12264538n134">Wiring diagram #@#@#18# year</ptxt>
</item>
<item id="nev12264538n132">
<ptxt id="nev12264538n130">Decals at both #@#@#43# car </ptxt>
</item>
<item id="nev12264538n128">
<ptxt id="nev12264538n126">Pocket data book</ptxt>
</item>
<item id="nev12264538n124">
<ptxt id="nev12264538n122">Owner's Manual.</ptxt>
</item>
</list1>
</graphtext>
</grate>
</procstep>
<procstep id="KC01166725">
<title id="nev12264538n120">Removing the in#@#@#42#tment</title>
<grate id="nev12264538n118">
<graphic id="KC08944188">
<href>0900c8af80058c7#@#@#9#.jpeg</href>
</graphic>
<graphtext id="nev12264538n113">
<list1 enumtype="d" id="nev12264538n111">
<item id="nev12264538n109">
<ptxt id="nev12264538n107">Expose the rela#@#@#27#tion <xref id="nev12264538n105">
<ref id="KC08944189"/>
</xref>.</ptxt>
</item>
<item id="nev12264538n100">
<ptxt id="nev12264538n98">Release the cat#@#@#93# it. </ptxt>
</item>
</list1>
</graphtext>
</grate>
</procstep>
</stepgrp>
<stepgrp id="KC01166726">
<procstep id="KC01166727">
<title id="nev12264538n96">Installing the #@#@#46#tment</title>
<list1 id="nev12264538n94">
<item id="nev12264538n92">
<ptxt id="nev12264538n90">Install the int#@#@#71#ectly</ptxt>
</item>
<item id="nev12264538n88">
<ptxt id="nev12264538n86">Install the uph#@#@#2#stery</ptxt>
</item>
<item id="nev12264538n84">
<ptxt id="nev12264538n82">Reinstall the f#@#@#6#atch.</ptxt>
</item>
</list1>
</procstep>
</stepgrp>
<stepgrp id="KC01166728">
<title id="nev12264538n80">Rear electronic#@#@#8#(REM)</title>
<procstep id="nev12264538n78">
<title id="nev12264538n76">Preparations</title>
<caution id="nev12264538n74">
<ptxt id="nev12264538n72">New software ca#@#@#157#ware.</ptxt>
</caution>
<para id="nev12264538n70">
<ptxt id="nev12264538n68">Always check th#@#@#152#ault.</ptxt>
</para>
</procstep>
<procstep id="nev12264538n66">
<title id="nev12264538n64">Removing the co#@#@#7#odule</title>
<grate id="nev12264538n62">
<graphic id="KC08944190">
<href>0900c8af80058c7#@#@#9#.jpeg</href>
</graphic>
<graphtext id="nev12264538n57">
<ptxt id="nev12264538n55">The rear electr#@#@#74#ment.</ptxt>
<list1 enumtype="d" id="nev12264538n53">
<item id="nev12264538n51">
<ptxt id="nev12264538n49">Remove the inte#@#@#23# See <xref id="nev12264538n47">
<ref id="KC08944191"/>
</xref>.</ptxt>
</item>
</list1>
</graphtext>
</grate>
<grate id="nev12264538n42">
<graphic id="KC08944192">
<href>0900c8af80058c2#@#@#9#.jpeg</href>
</graphic>
<graphtext id="nev12264538n37">
<list1 enumtype="d" id="nev12264538n35">
<item id="nev12264538n33">
<ptxt id="nev12264538n31">Unscrew the scr#@#@#102#ngers</ptxt>
</item>
<item id="nev12264538n29">
<ptxt id="nev12264538n27">Disconnect the #@#@#62#tion.</ptxt>
</item>
</list1>
<note id="nev12264538n25">
<ptxt id="nev12264538n23">Do not damage t#@#@#12#pins.</ptxt>
</note>
</graphtext>
</grate>
<grate id="nev12264538n21">
<graphic id="KC08944193">
<href>0900c8af80058a1#@#@#9#.jpeg</href>
</graphic>
<graphtext id="nev12264538n16">
<list1 enumtype="d" id="nev12264538n14">
<item id="nev12264538n12">
<ptxt id="nev12264538n10">Remove all rela#@#@#39#dule.</ptxt>
<ptxt id="nev12264538n8">Note the locations.</ptxt>
</item>
</list1>
</graphtext>
</grate>
<grate id="nev12264538n6">
<graphic id="KC08944194">
<href>0900c8af80058c2#@#@#9#.jpeg</href>
</graphic>
<graphtext id="nev12264538n1">
<list1 enumtype="d" id="nev12264539n249">
<item id="nev12264539n247">
<ptxt id="nev12264539n245">Release the cat#@#@#29#iver </ptxt>
</item>
<item id="nev12264539n243">
<ptxt id="nev12264539n241">Lift and pull o#@#@#17#dule.</ptxt>
</item>
</list1>
</graphtext>
</grate>
</procstep>
<procstep id="nev12264539n239">
<title id="nev12264539n237">Check</title>
<para id="nev12264539n235">
<ptxt id="nev12264539n233">Check that the #@#@#32#tact.</ptxt>
</para>
</procstep>
<procstep id="nev12264539n231">
<title id="nev12264539n229">Installing the #@#@#9#odule</title>
<list1 enumtype="d" id="nev12264539n227">
<item id="nev12264539n225">
<ptxt id="nev12264539n223">Press the contr#@#@#53#gages</ptxt>
</item>
<item id="nev12264539n221">
<ptxt id="nev12264539n219">Position the co#@#@#4#tor. <emph id="nev12264539n217">Carefully</emph> press the conn#@#@#6#down.</ptxt>
</item>
</list1>
<note id="nev12264539n215">
<ptxt id="nev12264539n213">The pins are fr#@#@#70#dule.</ptxt>
</note>
<list1 enumtype="d" id="nev12264539n211">
<item id="nev12264539n209">
<ptxt id="nev12264539n207">Tighten the scr#@#@#15#ector</ptxt>
</item>
<item id="nev12264539n205">
<ptxt id="nev12264539n203">Check that the #@#@#55#ssary</ptxt>
</item>
<item id="nev12264539n201">
<ptxt id="nev12264539n199">Install the rel#@#@#48#tion <xref id="nev12264539n197">
<ref id="KC08944195"/>
</xref>.</ptxt>
</item>
<item id="nev12264539n192">
<ptxt id="nev12264539n190">Install the int#@#@#24# see <xref id="nev12264539n188">
<ref id="KC08944196"/>
</xref>.</ptxt>
</item>
</list1>
</procstep>
<procstep id="nev12264539n183">
<title id="nev12264539n181">Ordering software</title>
<para id="nev12264539n179">
<ptxt id="nev12264539n177">Order software #@#@#24#elow.</ptxt>
</para>
<table id="nev12264539n175">
<tgroup cols="2" id="nev12264539n173">
<colspec colname="col1" id="nev12264539n171"/>
<colspec colname="col2" id="nev12264539n170"/>
<tbody id="nev12264539n169">
<row id="nev12264539n167">
<entry colname="col1" id="nev12264539n165">
<ptxt id="nev12264539n163">S60</ptxt>
</entry>
<entry colname="col2" id="nev12264539n161">
<ptxt id="nev12264539n159">
<swfunction action="order" id="nev16162409n196"/>
</ptxt>
</entry>
</row>
<row id="nev12264539n154">
<entry colname="col1" id="nev12264539n152">
<ptxt id="nev12264539n150">S80</ptxt>
</entry>
<entry colname="col2" id="nev12264539n148">
<ptxt id="nev12264539n146">
<swfunction action="order" id="KC08944198"/>
</ptxt>
</entry>
</row>
</tbody>
</tgroup>
</table>
</procstep>
</stepgrp>
<stepgrp id="KC01166729">
<procstep id="nev12264539n99">
<title id="nev12264539n97">Other information</title>
<para id="nev12264539n95">
<ptxt id="nev12264539n93">For the locatio#@#@#32# see <xref id="nev12264539n91">
<ref id="KC08944201"/>
</xref>.</ptxt>
</para>
</procstep>
</stepgrp>
</procedure>
</servinfosub>