<?xml version="1.0" encoding="UTF-8"?><servinfosub IE-ID="en-US0900c8af86cbf30d" docno="VCC-470312" id="nev20717893n1" original="sv-SE" servinfosubId="nev20717893n3-nev21156915n1" servinfosubRes="0900c8af86cea290" servinfosubRes2="urn:x-nevis:fragment:0900c8af86cbf30d:0900c8af86cea290#nev21156915n1" xml:lang="en-US">
<title id="nev20717893n2">Design</title>
<topic id="nev20717893n3-nev21156916n1">
<title id="nev20717893n3-nev20717894n3">Starter motor relay</title>
<grate id="nev20717893n3-nev21156916n2" pgwide="1">
<graphic id="nev20717893n3-nev21156916n3">
<href>0900c8af80054da#@#@#9#.jpeg</href>
</graphic>
</grate>
<para id="nev20717893n3-nev21156916n4">
<ptxt id="nev20717893n3-nev21156916n5">The task of the#@#@#67#noid.</ptxt>
<ptxt id="nev20717893n3-nev21156916n6">The relay is lo#@#@#53# R12.</ptxt>
<ptxt id="nev20717893n3-nev21156916n7">The Engine Cont#@#@#43#elay.</ptxt>
</para>
</topic>
<topic id="nev20717893n3-nev21156916n8">
<title id="nev20717893n3-nev20719166n227">Brake light and#@#@#14#witch</title>
<grate id="nev20717893n3-nev21156916n9" pgwide="1">
<graphic id="nev20717893n3-nev21156916n10">
<href>0900c8af804456a#@#@#9#.jpeg</href>
</graphic>
</grate>
<para id="nev20717893n3-nev21156917n1">
<ptxt id="nev20717893n3-nev21156917n2">The component c#@#@#155#edal.</ptxt>
<ptxt id="nev20717893n3-nev21156917n3">When the brake #@#@#259# see:<xref id="nev20717893n3-nev21157286n97">
<ref id="nev20717893n3-nev21157286n96"/>
</xref>
</ptxt>
<ptxt id="nev20717893n3-nev21156917n4">The switches ar#@#@#303#ight.</ptxt>
</para>
<para id="nev20717893n3-nev21156917n5">
<ptxt id="nev20717893n3-nev21156917n6">The Engine Cont#@#@#104#tool.</ptxt>
<ptxt id="nev20717893n3-nev21156917n7">The brake light#@#@#78#edal.</ptxt>
</para>
</topic>
<topic id="nev20717893n3-nev21157861n241">
<title id="nev20717893n3-nev21157861n240">Clutch pedal po#@#@#8#ensor</title>
<grate id="nev20717893n3-nev21157861n99" pgwide="1">
<graphic id="nev20717893n3-nev21157861n98">
<href>0900c8af8073139#@#@#9#.jpeg</href>
</graphic>
</grate>
<para id="nev20717893n3-nev21157861n94">
<ptxt id="nev20717893n3-nev21157861n93">The Engine Cont#@#@#216#ECM).</ptxt>
</para>
<para id="nev20717893n3-nev21157861n91">
<ptxt id="nev20717893n3-nev21157861n90">The clutch peda#@#@#335# see:<xref id="nev20717893n3-nev21157861n87">
<ref id="nev20717893n3-nev21157861n86"/>
</xref>
</ptxt>
</para>
</topic>
<topic id="nev20717893n3-nev21156917n8">
<title id="nev20717893n3-nev20724070n246">Clutch pedal switch</title>
<grate id="nev20717893n3-nev21156917n9" pgwide="1">
<graphic id="nev20717893n3-nev21156917n10">
<href>0900c8af858abc7#@#@#10#.jpeg</href>
</graphic>
</grate>
<para id="nev20717893n3-nev21156918n1">
<ptxt id="nev20717893n3-nev21156918n2">The Engine Cont#@#@#216#ECM).</ptxt>
</para>
<para id="nev20717893n3-nev21156918n3">
<ptxt id="nev20717893n3-nev21156918n4">The task of the#@#@#274#EM). </ptxt>
</para>
<para id="nev20717893n3-nev21156918n5">
<ptxt id="nev20717893n3-nev21156918n6">The clutch peda#@#@#245#ECM).</ptxt>
</para>
<para id="nev20717893n3-nev21156918n7">
<ptxt id="nev20717893n3-nev21156918n8">The clutch peda#@#@#102#work.</ptxt>
</para>
<para id="nev20717893n3-nev21156919n1">
<ptxt id="nev20717893n3-nev21156919n2">The Engine Cont#@#@#124#tool.</ptxt>
</para>
<para id="nev20717893n3-nev21156919n3">
<ptxt id="nev20717893n3-nev21156919n4">The clutch peda#@#@#44#edal.</ptxt>
</para>
<para id="nev20717893n3-nev21164897n91">
<ptxt id="nev20717893n3-nev21164897n90">For further inf#@#@#48# see:<xref id="nev20717893n3-nev21164897n88">
<ref id="nev20717893n3-nev21164897n87"/>
</xref>
</ptxt>
</para>
<hint id="nev20717893n3-nev21164897n83">
<ptxt id="nev20717893n3-nev21164897n82">The component i#@#@#49#sion.</ptxt>
</hint>
</topic>
<topic id="nev20717893n3-nev21164897n80">
<title id="nev20717893n3-nev21164897n79">Reverse gear switch</title>
<grate id="nev20717893n3-nev21164897n78" pgwide="1">
<graphic id="nev20717893n3-nev21164897n77">
<href>0900c8af8594d00#@#@#10#.jpeg</href>
</graphic>
</grate>
<para id="nev20717893n3-nev21164897n73">
<ptxt id="nev20717893n3-nev21164897n72">The task of the#@#@#103#tive.</ptxt>
<ptxt id="nev20717893n3-nev21164897n70">The Engine Cont#@#@#142# etc.</ptxt>
</para>
<para id="nev20717893n3-nev21164897n68">
<ptxt id="nev20717893n3-nev21164897n67">The reverse gea#@#@#146#oses.</ptxt>
</para>
<para id="nev20717893n3-nev21164897n65">
<ptxt id="nev20717893n3-nev21164897n64">The Engine Cont#@#@#49#itch.</ptxt>
</para>
</topic>
<topic id="nev20717893n3-nev21156919n5">
<title id="nev20717893n3-nev20724070n225">Accelerator ped#@#@#13#ensor</title>
<grate id="nev20717893n3-nev21156919n6" pgwide="1">
<graphic id="nev20717893n3-nev21156919n7">
<href>0900c8af804454f#@#@#9#.jpeg</href>
</graphic>
</grate>
<para id="nev20717893n3-nev21156919n8">
<ptxt id="nev20717893n3-nev21156919n9">The function of#@#@#141#edal.</ptxt>
<ptxt id="nev20717893n3-nev21157286n238">The accelerator#@#@#98#ECM).</ptxt>
</para>
<para id="nev20717893n3-nev21156919n10">
<ptxt id="nev20717893n3-nev21156920n1">The sensor cons#@#@#297#tion.</ptxt>
</para>
<para id="nev20717893n3-nev21156920n5">
<ptxt id="nev20717893n3-nev21156920n6">The sensor is s#@#@#157#ECM).</ptxt>
</para>
<para id="nev20717893n3-nev21156920n7">
<ptxt id="nev20717893n3-nev21156920n8">The digital sig#@#@#573#used.</ptxt>
</para>
<para id="nev20717893n3-nev21156920n9">
<ptxt id="nev20717893n3-nev21156920n10">The accelerator#@#@#62#cket.</ptxt>
</para>
</topic>
<topic id="nev20717893n3-nev21156921n1">
<title id="nev20717893n3-nev20724084n221">Transmission Co#@#@#13#(TCM)</title>
<grate id="nev20717893n3-nev21156921n2" pgwide="1">
<graphic id="nev20717893n3-nev21156921n3">
<href>0900c8af862feae#@#@#10#.jpeg</href>
</graphic>
</grate>
<para id="nev20717893n3-nev21156921n4">
<ptxt id="nev20717893n3-nev21156921n5">A directly conn#@#@#274#ancy.</ptxt>
</para>
<para id="nev20717893n3-nev21156921n6">
<ptxt id="nev20717893n3-nev21156921n7">The gear select#@#@#44#tool.</ptxt>
</para>
</topic>
<topic id="nev20717893n3-nev21156921n8">
<title id="nev20717893n3-nev20724084n205">Outside tempera#@#@#6#ensor</title>
<grate id="nev20717893n3-nev21156921n9" pgwide="1">
<graphic id="nev20717893n3-nev21156921n10">
<href>0900c8af82d7431#@#@#10#.jpeg</href>
</graphic>
</grate>
<para id="nev20717893n3-nev21156922n1">
<ptxt id="nev20717893n3-nev21156922n2">The function of#@#@#185#ngs: </ptxt>
</para>
<list1 id="nev20717893n3-nev21156922n3">
<item id="nev20717893n3-nev21156922n4">
<ptxt id="nev20717893n3-nev21156922n5">Engine cooling fan. </ptxt>
</item>
</list1>
<list1 id="nev20717893n3-nev21156922n6">
<item id="nev20717893n3-nev21156922n7">
<ptxt id="nev20717893n3-nev21156922n8">the air conditi#@#@#35#nt.  </ptxt>
</item>
</list1>
<para id="nev20717893n3-nev21156922n9">
<ptxt id="nev20717893n3-nev21156922n10">The ambient tem#@#@#143#ons. </ptxt>
</para>
<para id="nev20717893n3-nev21156923n1">
<ptxt id="nev20717893n3-nev21156923n2">The temperature#@#@#137#dule.</ptxt>
<ptxt id="nev20717893n3-nev21156923n3">Depending on te#@#@#121#ance.</ptxt>
<ptxt id="nev20717893n3-nev21156923n4">The control mod#@#@#74#ture.</ptxt>
</para>
<para id="nev20717893n3-nev21156923n5">
<ptxt id="nev20717893n3-nev21156923n6">The Engine Cont#@#@#56#nsor.</ptxt>
</para>
<para id="nev20717893n3-nev21156923n7">
<ptxt id="nev20717893n3-nev21156923n8">The outside tem#@#@#50#ror. </ptxt>
</para>
</topic>
<topic id="nev20717893n3-nev21156923n9">
<title id="nev20717893n3-nev20726352n202">A/C pressure sensor</title>
<grate id="nev20717893n3-nev21156923n10" pgwide="1">
<graphic id="nev20717893n3-nev21156924n1">
<href>0900c8af8073183#@#@#9#.jpeg</href>
</graphic>
</grate>
<para id="nev20717893n3-nev21156924n2">
<ptxt id="nev20717893n3-nev21156924n3">The air conditi#@#@#108#tem. </ptxt>
</para>
<para id="nev20717893n3-nev21156924n4">
<ptxt id="nev20717893n3-nev21156924n5">The A/C pressur#@#@#222#CM). </ptxt>
</para>
<para id="nev20717893n3-nev21156924n6">
<ptxt id="nev20717893n3-nev21156924n7">The A/C pressur#@#@#79# out.</ptxt>
</para>
</topic>
<topic id="nev20717893n3-nev21156924n8">
<title id="nev20717893n3-nev20726352n186">Air conditionin#@#@#14#ssor.</title>
<grate id="nev20717893n3-nev21156924n9" pgwide="1">
<graphic id="nev20717893n3-nev21156924n10">
<href>0900c8af84ba352#@#@#11#.jpeg</href>
</graphic>
</grate>
<para id="nev20717893n3-nev21156925n1">
<ptxt id="nev20717893n3-nev21156925n2">The A/C compres#@#@#80#ning.</ptxt>
<ptxt id="nev20717893n3-nev21156925n3">The compressor #@#@#165#oid).</ptxt>
<ptxt id="nev20717893n3-nev21156925n4">The valve, whic#@#@#62#ced. </ptxt>
</para>
<para id="nev20717893n3-nev21156925n5">
<ptxt id="nev20717893n3-nev21156925n6">The A/C compres#@#@#98#belt.</ptxt>
</para>
<para id="nev20717893n3-nev21156925n7">
<ptxt id="nev20717893n3-nev21156925n8">For further inf#@#@#59#CCM).</ptxt>
</para>
</topic>
<topic id="nev20717893n3-nev21156925n9">
<title id="nev20717893n3-nev20726352n169">Central Electro#@#@#11#(CEM)</title>
<grate id="nev20717893n3-nev21156925n10" pgwide="1">
<graphic id="nev20717893n3-nev21156926n1">
<href>0900c8af84e4fde#@#@#10#.jpeg</href>
</graphic>
</grate>
<para id="nev20717893n3-nev21156926n2">
<ptxt id="nev20717893n3-nev21156926n3">The Central Ele#@#@#174#mode.</ptxt>
</para>
</topic>
<topic id="nev20717893n3-nev21156926n4">
<title id="nev20717893n3-nev20726473n229">Immobiliser Ant#@#@#10#(IAU)</title>
<grate id="nev20717893n3-nev21156926n5" pgwide="1">
<graphic id="nev20717893n3-nev21156926n6">
<href>0900c8af84cb0cb#@#@#10#.jpeg</href>
</graphic>
</grate>
<para id="nev20717893n3-nev21156926n7">
<ptxt id="nev20717893n3-nev21156926n8">The Immobilizer#@#@#108#cle. </ptxt>
<ptxt id="nev20717893n3-nev21156926n9">The starter but#@#@#95#ble. </ptxt>
<ptxt id="nev20717893n3-nev21156926n10">For more inform#@#@#126#EM). </ptxt>
<ptxt id="nev20717893n3-nev21156927n1">See also <xref id="nev20717893n3-nev21156927n2">
<ref id="nev20717893n3-nev21156927n3"/>
</xref>
</ptxt>
</para>
</topic>
<topic id="nev20717893n3-nev21156927n4">
<title id="nev20717893n3-nev20726841n228">Engine speed (R#@#@#5#ensor</title>
<grate id="nev20717893n3-nev21539339n202" pgwide="1">
<graphic id="nev20717893n3-nev21539339n201">
<href>0900c8af853d920#@#@#10#.jpeg</href>
</graphic>
</grate>
<para id="nev20717893n3-nev21156927n7">
<ptxt id="nev20717893n3-nev21156927n8">The Engine Cont#@#@#715#haft.</ptxt>
</para>
<para id="nev20717893n3-nev21156927n9">
<ptxt id="nev20717893n3-nev21156927n10">There is a stee#@#@#117#eel. </ptxt>
</para>
<para id="nev20717893n3-nev21156928n1">
<ptxt id="nev20717893n3-nev21156928n2">The holes are p#@#@#358#er 1.</ptxt>
</para>
<para id="nev20717893n3-nev21156928n3">
<ptxt id="nev20717893n3-nev21156928n4">Engine Control #@#@#168#cle. </ptxt>
</para>
<para id="nev20717893n3-nev21156928n5">
<ptxt id="nev20717893n3-nev21156928n6">The impulse sen#@#@#386#peed.</ptxt>
</para>
<para id="nev20717893n3-nev21156928n7">
<ptxt id="nev20717893n3-nev21156928n8">The engine spee#@#@#38#eel. </ptxt>
</para>
<para id="nev20717893n3-nev21156928n9">
<ptxt id="nev20717893n3-nev21156928n10">The engine spee#@#@#109# out.</ptxt>
</para>
</topic>
<topic id="nev20717893n3-nev21156929n1">
<title id="nev20717893n3-nev20726841n200">Engine oil leve#@#@#3#ensor</title>
<grate id="nev20717893n3-nev21156929n2" pgwide="1">
<graphic id="nev20717893n3-nev21156929n3">
<href>0900c8af863278f#@#@#11#.jpeg</href>
</graphic>
</grate>
<para id="nev20717893n3-nev21156929n4">
<ptxt id="nev20717893n3-nev21156929n5">The function of#@#@#120#sump.</ptxt>
<ptxt id="nev20717893n3-nev21156929n6">The engine oil #@#@#135#ing).</ptxt>
<ptxt id="nev20717893n3-nev21156929n7">The sensor is s#@#@#136#ECM).</ptxt>
<ptxt id="nev20717893n3-nev21156929n8">The lower the o#@#@#41#gnal.</ptxt>
<ptxt id="nev20717893n3-nev21156929n9">The sensor is d#@#@#83# out.</ptxt>
</para>
</topic>
<topic id="nev20717893n3-nev21156929n10">
<title id="nev20717893n3-nev20726841n183">Engine oil pres#@#@#33#ensor</title>
<grate id="nev20717893n3-nev21156930n1" pgwide="1">
<graphic id="nev20717893n3-nev21156930n2">
<href>0900c8af86327ab#@#@#10#.jpeg</href>
</graphic>
</grate>
<para id="nev20717893n3-nev21156930n3">
<ptxt id="nev20717893n3-nev21156930n4">The sensor is a#@#@#193#ture.</ptxt>
<ptxt id="nev20717893n3-nev21156930n5">The sensor is s#@#@#135#ECM).</ptxt>
<ptxt id="nev20717893n3-nev21156930n6">The sensor is d#@#@#112# out.</ptxt>
</para>
</topic>
<topic id="nev20717893n3-nev21156930n7">
<title id="nev20717893n3-nev20726841n174">System relay</title>
<grate id="nev20717893n3-nev21156930n8" pgwide="1">
<graphic id="nev20717893n3-nev21156930n9">
<href>0900c8af80054da#@#@#9#.jpeg</href>
</graphic>
</grate>
<para id="nev20717893n3-nev21156930n10">
<ptxt id="nev20717893n3-nev21156931n1">The function of#@#@#71#tage.</ptxt>
</para>
<para id="nev20717893n3-nev21156931n2">
<ptxt id="nev20717893n3-nev21156931n3">The relay is me#@#@#98#open.</ptxt>
</para>
<para id="nev20717893n3-nev21156931n4">
<ptxt id="nev20717893n3-nev21156931n5">The main relay'#@#@#184#ECM).</ptxt>
</para>
<para id="nev20717893n3-nev21156931n6">
<ptxt id="nev20717893n3-nev21156931n7">When this termi#@#@#112#nals.</ptxt>
</para>
<para id="nev20717893n3-nev21156931n8">
<ptxt id="nev20717893n3-nev21156931n9">When the igniti#@#@#262#elay.</ptxt>
</para>
<para id="nev20717893n3-nev21156931n10">
<ptxt id="nev20717893n3-nev21156932n1">The main relay #@#@#109#ECM).</ptxt>
</para>
</topic>
<topic id="nev20717893n3-nev21156932n2">
<title id="nev20717893n3-nev20726841n118">Front lambda probe</title>
<grate id="nev20717893n3-nev21156932n3" pgwide="1">
<graphic id="nev20717893n3-nev21156932n4">
<href>0900c8af862feaf#@#@#10#.jpeg</href>
</graphic>
</grate>
<caution id="nev20717893n3-nev21156932n5">
<ptxt id="nev20717893n3-nev21156932n6">The wiring to t#@#@#348#tion.</ptxt>
</caution>
<para id="nev20717893n3-nev21156932n7">
<ptxt id="nev20717893n3-nev21156932n8">The front lambd#@#@#440#ix). </ptxt>
</para>
<para id="nev20717893n3-nev21156932n9">
<ptxt id="nev20717893n3-nev21156932n10">The probe consi#@#@#52#nsor.</ptxt>
</para>
<para id="nev20717893n3-nev21156933n1">
<ptxt id="nev20717893n3-nev21156933n2">
<emph etype="bold" id="nev20717893n3-nev21156933n3">Oxygen sensor</emph>
</ptxt>
<ptxt id="nev20717893n3-nev21156933n4">The sensor is a#@#@#64#trol.</ptxt>
<ptxt id="nev20717893n3-nev21156933n5">In order to det#@#@#223#body.</ptxt>
</para>
<para id="nev20717893n3-nev21156933n6">
<ptxt id="nev20717893n3-nev21156933n7">
<emph etype="bold" id="nev20717893n3-nev21156933n8">Preheating element</emph>
</ptxt>
<ptxt id="nev20717893n3-nev21156933n9">The normal oper#@#@#312#obe. </ptxt>
</para>
<para id="nev20717893n3-nev21156933n10">
<ptxt id="nev20717893n3-nev21156934n1">The sensor's he#@#@#161#CM). </ptxt>
</para>
<para id="nev20717893n3-nev21156934n2">
<ptxt id="nev20717893n3-nev21156934n3">In order to avo#@#@#350#rent </ptxt>
<ptxt id="nev20717893n3-nev21156934n4">The heating per#@#@#59#onds.</ptxt>
</para>
</topic>
<topic id="nev20717893n3-nev21156934n5">
<title id="nev20717893n3-nev20726841n76">Rear lambda probe</title>
<grate id="nev20717893n3-nev21156934n6" pgwide="1">
<graphic id="nev20717893n3-nev21156934n7">
<href>0900c8af862feaf#@#@#10#.jpeg</href>
</graphic>
</grate>
<caution id="nev20717893n3-nev21156934n8">
<ptxt id="nev20717893n3-nev21156934n9">The wiring to t#@#@#348#tion.</ptxt>
</caution>
<para id="nev20717893n3-nev21156934n10">
<ptxt id="nev20717893n3-nev21156935n1">The rear lambda#@#@#507#rter.</ptxt>
</para>
<para id="nev20717893n3-nev21156935n2">
<ptxt id="nev20717893n3-nev21156935n3">The probe consi#@#@#105#robe.</ptxt>
</para>
<para id="nev20717893n3-nev21156935n4">
<ptxt id="nev20717893n3-nev21156935n5">The lambda prob#@#@#122#out. </ptxt>
</para>
</topic>
<topic id="nev20717893n3-nev21156935n6">
<title id="nev20717893n3-nev20726841n61">Brake vacuum sensor</title>
<grate id="nev20717893n3-nev21156935n7" pgwide="1">
<graphic id="nev20717893n3-nev21156935n8">
<href>0900c8af86327d1#@#@#10#.jpeg</href>
</graphic>
</grate>
<para id="nev20717893n3-nev21156935n9">
<ptxt id="nev20717893n3-nev21156935n10">The sensor is a#@#@#371#CM). </ptxt>
</para>
<para id="nev20717893n3-nev21156936n1">
<ptxt id="nev20717893n3-nev21156936n2">If Engine Contr#@#@#437#rt). </ptxt>
</para>
<para id="nev20717893n3-nev21156936n3">
<ptxt id="nev20717893n3-nev21156936n4">The brake vacuu#@#@#37#ter. </ptxt>
<ptxt id="nev20717893n3-nev21156936n5">The Engine Cont#@#@#50#sor. </ptxt>
</para>
</topic>
<topic id="nev20717893n3-nev21156936n6">
<title id="nev20717893n3-nev20733672n219">Neutral Positio#@#@#3#ensor</title>
<grate id="nev20717893n3-nev21156936n7" pgwide="1">
<graphic id="nev20717893n3-nev21156936n8">
<href>0900c8af86327d2#@#@#10#.jpeg</href>
</graphic>
</grate>
<para id="nev20717893n3-nev21156936n9">
<ptxt id="nev20717893n3-nev21156936n10">The neutral pos#@#@#430#ECM).</ptxt>
</para>
<para id="nev20717893n3-nev21156937n1">
<ptxt id="nev20717893n3-nev21156937n2">The neutral pos#@#@#30#5 V. </ptxt>
</para>
<para id="nev20717893n3-nev21156937n3">
<ptxt id="nev20717893n3-nev21156937n4">The neutral pos#@#@#57#CM). </ptxt>
<ptxt id="nev20717893n3-nev21156937n5">The neutral pos#@#@#67#ion. </ptxt>
</para>
</topic>
<topic id="nev20717893n3-nev21156937n6">
<title id="nev20717893n3-nev20733672n152">Coolant pump re#@#@#20# pump</title>
<grate id="nev20717893n3-nev21156937n7" pgwide="1">
<graphic id="nev20717893n3-nev21156937n8">
<href>0900c8af83319a5#@#@#10#.jpeg</href>
</graphic>
</grate>
<para id="nev20717893n3-nev21156937n9">
<ptxt id="nev20717893n3-nev21156937n10">The task of the#@#@#182#heat.</ptxt>
<ptxt id="nev20717893n3-nev21156938n1">The pump is a c#@#@#205#pump.</ptxt>
</para>
<para id="nev20717893n3-nev21156938n2">
<ptxt id="nev20717893n3-nev21156938n3">The Engine Cont#@#@#175#rame.</ptxt>
<ptxt id="nev20717893n3-nev21156938n4">The pump is loc#@#@#56#ECM).</ptxt>
<ptxt id="nev20717893n3-nev21156938n5">The coolant pum#@#@#128#pump.</ptxt>
</para>
<hint id="nev20717893n3-nev21156938n6">
<ptxt id="nev20717893n3-nev21156938n7">The components #@#@#262#gnal.</ptxt>
</hint>
</topic>
<topic id="nev20717893n3-nev21156938n8">
<title id="nev20717893n3-nev20733672n135">Electronic thro#@#@#4# unit</title>
<grate id="nev20717893n3-nev21156938n9" pgwide="1">
<graphic id="nev20717893n3-nev21156938n10">
<href>0900c8af863277d#@#@#11#.jpeg</href>
</graphic>
</grate>
<para id="nev20717893n3-nev21156939n1">
<ptxt id="nev20717893n3-nev21156939n2">The electronic #@#@#192#ter. </ptxt>
<ptxt id="nev20717893n3-nev21156939n3">The electronic #@#@#172#open.</ptxt>
<ptxt id="nev20717893n3-nev21156939n4">By changing the#@#@#322#unit.</ptxt>
<ptxt id="nev20717893n3-nev21156939n5">The throttle di#@#@#257#-on. </ptxt>
</para>
<para id="nev20717893n3-nev21156939n6">
<ptxt id="nev20717893n3-nev21156939n7">The throttle di#@#@#385#ble. </ptxt>
</para>
<para id="nev20717893n3-nev21156939n8">
<ptxt id="nev20717893n3-nev21156939n9">The electronic #@#@#43#dule.</ptxt>
<ptxt id="nev20717893n3-nev21156939n10">The electronic #@#@#129#nit. </ptxt>
</para>
<para id="nev20717893n3-nev21156940n1">
<ptxt id="nev20717893n3-nev21156940n2">The Engine Cont#@#@#54#unit.</ptxt>
</para>
</topic>
<topic id="nev20717893n3-nev21156940n3">
<title id="nev20717893n3-nev20733672n105">Mass airflow se#@#@#33#ensor</title>
<grate id="nev20717893n3-nev21539339n83" pgwide="1">
<graphic id="nev20717893n3-nev21539339n82">
<href>0900c8af8656656#@#@#10#.jpeg</href>
</graphic>
</grate>
<para id="nev20717893n3-nev21156940n6">
<title id="nev20717893n3-nev20733672n102">Overview</title>
<ptxt id="nev20717893n3-nev21156940n7">The component i#@#@#63#ent: </ptxt>
</para>
<list1 id="nev20717893n3-nev21156940n8">
<item id="nev20717893n3-nev21156940n9">
<ptxt id="nev20717893n3-nev21156940n10">Mass air flow s#@#@#1#nsor </ptxt>
</item>
</list1>
<list1 id="nev20717893n3-nev21156941n1">
<item id="nev20717893n3-nev21156941n2">
<ptxt id="nev20717893n3-nev21156941n3">Intake air temp#@#@#9#ensor</ptxt>
</item>
</list1>
<para id="nev20717893n3-nev21156941n4">
<title id="nev20717893n3-nev20733672n90">Mass air flow sensor</title>
<ptxt id="nev20717893n3-nev21156941n5">The mass air fl#@#@#285#trol.</ptxt>
<ptxt id="nev20717893n3-nev21156941n6">The mass air fl#@#@#358#ined.</ptxt>
</para>
<para id="nev20717893n3-nev21156941n7">
<ptxt id="nev20717893n3-nev21156941n8">The Engine Cont#@#@#193#flow.</ptxt>
<ptxt id="nev20717893n3-nev21156941n9">For information#@#@#144#tion.</ptxt>
</para>
<para id="nev20717893n3-nev21156941n10">
<ptxt id="nev20717893n3-nev21156942n1">The mass air fl#@#@#95# off.</ptxt>
</para>
<para id="nev20717893n3-nev21156942n2">
<title id="nev20717893n3-nev20733672n75">Intake air temp#@#@#9#ensor</title>
<ptxt id="nev20717893n3-nev21156942n3">The temperature#@#@#172#trol.</ptxt>
<ptxt id="nev20717893n3-nev21156942n4">The sensor, whi#@#@#149#ule. </ptxt>
<ptxt id="nev20717893n3-nev21156942n5">The signal from#@#@#48#ure. </ptxt>
<ptxt id="nev20717893n3-nev21156942n6">For information#@#@#144#tion.</ptxt>
<ptxt id="nev20717893n3-nev21156942n7">The temperature#@#@#95#ff.  </ptxt>
</para>
</topic>
<topic id="nev20717893n3-nev21156942n8">
<title id="nev20717893n3-nev20733672n62"> Engine cooling#@#@#45#odule</title>
<grate id="nev20717893n3-nev21156942n9" pgwide="1">
<graphic id="nev20717893n3-nev21156942n10">
<href>0900c8af858abc7#@#@#10#.jpeg</href>
</graphic>
</grate>
<para id="nev20717893n3-nev21156943n1">
<ptxt id="nev20717893n3-nev21156943n2">The engine cool#@#@#87#ion. </ptxt>
<ptxt id="nev20717893n3-nev21156943n3">The engine cool#@#@#134#ing. </ptxt>
</para>
<para id="nev20717893n3-nev21156943n4">
<ptxt id="nev20717893n3-nev21156943n5">The Engine cool#@#@#114#rame.</ptxt>
<ptxt id="nev20717893n3-nev21156943n6">The Engine Cont#@#@#307#and. </ptxt>
<ptxt id="nev20717893n3-nev21156943n7">The Engine cool#@#@#187#atus.</ptxt>
<ptxt id="nev20717893n3-nev21156943n8">The engine cool#@#@#101#led. </ptxt>
</para>
<note id="nev20717893n3-nev21156943n9">
<ptxt id="nev20717893n3-nev21156943n10">The engine cool#@#@#225#stem.</ptxt>
</note>
<warning id="nev20717893n3-nev21156944n1">
<ptxt id="nev20717893n3-nev21156944n2">Be careful sinc#@#@#77# off.</ptxt>
</warning>
</topic>
<topic id="nev20717893n3-nev21156944n3">
<title id="nev20717893n3-nev20759706n124">Engine coolant #@#@#13#ensor</title>
<grate id="nev20717893n3-nev21156944n4" pgwide="1">
<graphic id="nev20717893n3-nev21156944n5">
<href>0900c8af862feae#@#@#10#.jpeg</href>
</graphic>
</grate>
<para id="nev20717893n3-nev21156944n6">
<ptxt id="nev20717893n3-nev21156944n7">The engine cool#@#@#174#.g.: </ptxt>
</para>
<list1 id="nev20717893n3-nev21156944n8">
<item id="nev20717893n3-nev21156944n9">
<ptxt id="nev20717893n3-nev21156944n10">injection period.</ptxt>
</item>
<item id="nev20717893n3-nev21156945n1">
<ptxt id="nev20717893n3-nev21156945n2">EGR function. </ptxt>
</item>
<item id="nev20717893n3-nev21156945n3">
<ptxt id="nev20717893n3-nev21156945n4">engine cooling #@#@#4#(FC).</ptxt>
</item>
<item id="nev20717893n3-nev21156945n5">
<ptxt id="nev20717893n3-nev21156945n6">engagement and #@#@#31#ssor.</ptxt>
</item>
<item id="nev20717893n3-nev21156945n7">
<ptxt id="nev20717893n3-nev21156945n8">engine cooling #@#@#9#pass.</ptxt>
</item>
<item id="nev20717893n3-nev21156945n9">
<ptxt id="nev20717893n3-nev21156945n10">automatic start#@#@#11#gine.</ptxt>
</item>
</list1>
<para id="nev20717893n3-nev21156946n1">
<ptxt id="nev20717893n3-nev21156946n2">The sensor is a#@#@#139#ule. </ptxt>
<ptxt id="nev20717893n3-nev21156946n3">The resistance #@#@#226#tion.</ptxt>
<ptxt id="nev20717893n3-nev21156946n4">The engine cool#@#@#107# off.</ptxt>
</para>
</topic>
<topic id="nev20717893n3-nev21156946n5">
<title id="nev20717893n3-nev20733672n32">Air pressure an#@#@#21#sor 2</title>
<grate id="nev20717893n3-nev21156946n6" pgwide="1">
<graphic id="nev20717893n3-nev21156946n7">
<href>0900c8af862feb0#@#@#10#.jpeg</href>
</graphic>
</grate>
<para id="nev20717893n3-nev21156946n8">
<ptxt id="nev20717893n3-nev21156946n9">The component i#@#@#61#onent</ptxt>
</para>
<list1 id="nev20717893n3-nev21156946n10">
<item id="nev20717893n3-nev21156947n1">
<ptxt id="nev20717893n3-nev21156947n2">air pressure sensor </ptxt>
</item>
</list1>
<list1 id="nev20717893n3-nev21156947n3">
<item id="nev20717893n3-nev21156947n4">
<ptxt id="nev20717893n3-nev21156947n5">temperature sensor</ptxt>
</item>
</list1>
<para id="nev20717893n3-nev21156947n6">
<ptxt id="nev20717893n3-nev21156947n7">The sensor is l#@#@#46#ler. </ptxt>
</para>
<para id="nev20717893n3-nev21156947n8">
<title id="nev20717893n3-nev20733672n17">Air pressure sensor</title>
<ptxt id="nev20717893n3-nev21156947n9">The air pressur#@#@#280#ons. </ptxt>
<ptxt id="nev20717893n3-nev21156947n10">The sensor, whi#@#@#118#dule.</ptxt>
</para>
<para id="nev20717893n3-nev21156948n1">
<ptxt id="nev20717893n3-nev21156948n2">Depending on th#@#@#158#dule.</ptxt>
<ptxt id="nev20717893n3-nev21156948n3">For information#@#@#144#tion.</ptxt>
<ptxt id="nev20717893n3-nev21156948n4">The boost press#@#@#96# off.</ptxt>
</para>
<para id="nev20717893n3-nev21156948n5">
<title id="nev20717893n3-nev20733672n4">Temperature sensor</title>
<ptxt id="nev20717893n3-nev21156948n6">The temperature#@#@#103#nit. </ptxt>
<ptxt id="nev20717893n3-nev21156948n7">The information#@#@#173#nal. </ptxt>
<ptxt id="nev20717893n3-nev21156948n8">The sensor, whi#@#@#110#ule. </ptxt>
<ptxt id="nev20717893n3-nev21156948n9">The resistance #@#@#65#air. </ptxt>
<ptxt id="nev20717893n3-nev21156948n10">For information#@#@#144#tion.</ptxt>
<ptxt id="nev20717893n3-nev21156949n1">The temperature#@#@#94#off. </ptxt>
</para>
</topic>
<topic id="nev20717893n3-nev21156949n2">
<title id="nev20717893n3-nev20734632n210">Air pressure an#@#@#22#or 1 </title>
<grate id="nev20717893n3-nev21156949n3" pgwide="1">
<graphic id="nev20717893n3-nev21156949n4">
<href>0900c8af862feb0#@#@#10#.jpeg</href>
</graphic>
</grate>
<para id="nev20717893n3-nev21156949n5">
<ptxt id="nev20717893n3-nev21156949n6">The component i#@#@#63#ent: </ptxt>
</para>
<list1 id="nev20717893n3-nev21156949n7">
<item id="nev20717893n3-nev21156949n8">
<ptxt id="nev20717893n3-nev21156949n9">air pressure sensor</ptxt>
</item>
</list1>
<list1 id="nev20717893n3-nev21156949n10">
<item id="nev20717893n3-nev21156950n1">
<ptxt id="nev20717893n3-nev21156950n2">temperature sensor.</ptxt>
</item>
</list1>
<para id="nev20717893n3-nev21156950n3">
<ptxt id="nev20717893n3-nev21156950n4">The sensor is l#@#@#44#old. </ptxt>
</para>
<para id="nev20717893n3-nev21156950n5">
<title id="nev20717893n3-nev20734632n192">Air pressure sensor</title>
<ptxt id="nev20717893n3-nev21156950n6">The air pressur#@#@#309#sure.</ptxt>
<ptxt id="nev20717893n3-nev21156950n7">The sensor, whi#@#@#118#dule.</ptxt>
<ptxt id="nev20717893n3-nev21156950n8">Depending on th#@#@#158#dule.</ptxt>
<ptxt id="nev20717893n3-nev21156950n9">For information#@#@#144#tion.</ptxt>
<ptxt id="nev20717893n3-nev21156950n10">The boost press#@#@#97#off. </ptxt>
</para>
<para id="nev20717893n3-nev21156951n1">
<title id="nev20717893n3-nev20734632n180">Temperature sensor</title>
<ptxt id="nev20717893n3-nev21156951n2">The temperature#@#@#103#nit. </ptxt>
<ptxt id="nev20717893n3-nev21156951n3">The information#@#@#173#nal. </ptxt>
<ptxt id="nev20717893n3-nev21156951n4">The sensor, whi#@#@#109#dule.</ptxt>
<ptxt id="nev20717893n3-nev21156951n5">The resistance #@#@#64# air.</ptxt>
<ptxt id="nev20717893n3-nev21156951n6">For information#@#@#144#tion.</ptxt>
<ptxt id="nev20717893n3-nev21156951n7">The temperature#@#@#94#off. </ptxt>
</para>
</topic>
<topic id="nev20717893n3-nev21156951n8">
<title id="nev20717893n3-nev20734632n166">Engine cooling #@#@#19#2015)</title>
<grate id="nev20717893n3-nev21156951n9" pgwide="1">
<graphic id="nev20717893n3-nev21156951n10">
<href>0900c8af862feb1#@#@#10#.jpeg</href>
</graphic>
</grate>
<para id="nev20717893n3-nev21156952n1">
<ptxt id="nev20717893n3-nev21156952n2">The task of the#@#@#287#sary.</ptxt>
<ptxt id="nev20717893n3-nev21156952n3">The two valves #@#@#105#dule.</ptxt>
<ptxt id="nev20717893n3-nev21156952n4">Valve control c#@#@#93# off.</ptxt>
</para>
<hint id="nev20717893n3-nev21156952n5">
<ptxt id="nev20717893n3-nev21156952n6">In the MY2014 v#@#@#358#ange.</ptxt>
</hint>
</topic>
<topic id="nev20717893n3-nev21156952n7">
<title id="nev20717893n3-nev20734632n154">Control valve, #@#@#10# pump</title>
<grate id="nev20717893n3-nev21156952n8" pgwide="1">
<graphic id="nev20717893n3-nev21156952n9">
<href>0900c8af862feb1#@#@#10#.jpeg</href>
</graphic>
</grate>
<para id="nev20717893n3-nev21156952n10">
<ptxt id="nev20717893n3-nev21156953n1">The oil pump co#@#@#95#ine. </ptxt>
<ptxt id="nev20717893n3-nev21156953n2">The valve, whic#@#@#161#ECM).</ptxt>
<ptxt id="nev20717893n3-nev21156953n3">The oil is rout#@#@#432#gine.</ptxt>
</para>
<para id="nev20717893n3-nev21156953n4">
<ptxt id="nev20717893n3-nev21156953n5">The oil pump en#@#@#392#wear.</ptxt>
<ptxt id="nev20717893n3-nev21156953n6">The reset valve#@#@#105#dule.</ptxt>
<ptxt id="nev20717893n3-nev21156953n7">The reset valve#@#@#91# off.</ptxt>
</para>
</topic>
<topic id="nev20717893n3-nev21592889n250">
<title id="nev20717893n3-nev21592889n249">Battery Relay</title>
<grate id="nev20717893n3-nev21592889n79" pgwide="1">
<graphic id="nev20717893n3-nev21592889n78">
<href>0900c8af865f6d1#@#@#10#.jpeg</href>
</graphic>
</grate>
<para id="nev20717893n3-nev21592889n246">
<ptxt id="nev20717893n3-nev21592889n245">The battery rel#@#@#587#elay.</ptxt>
</para>
<hint id="nev20717893n3-nev21592889n72">
<ptxt id="nev20717893n3-nev21592889n71">The Central Ele#@#@#569#imal.</ptxt>
</hint>
<para id="nev20717893n3-nev21592889n69">
<ptxt id="nev20717893n3-nev21592889n68">The battery rel#@#@#70#sed. </ptxt>
</para>
<para id="nev20717893n3-nev21592889n66">
<ptxt id="nev20717893n3-nev21592889n65">The battery rel#@#@#216#ECM).</ptxt>
<ptxt id="nev20717893n3-nev21592889n63">The relay's sec#@#@#92#osed.</ptxt>
</para>
<para id="nev20717893n3-nev21592889n61">
<ptxt id="nev20717893n3-nev21592889n60">The battery rel#@#@#51#unit.</ptxt>
</para>
<para id="nev20717893n3-nev21592889n58">
<ptxt id="nev20717893n3-nev21592889n57">For more inform#@#@#93#gine.</ptxt>
</para>
</topic>
<topic id="nev20717893n3-nev21592889n55">
<title id="nev20717893n3-nev21592889n54">Secondary Batte#@#@#3#Relay</title>
<grate id="nev20717893n3-nev21592889n26" pgwide="1">
<graphic id="nev20717893n3-nev21592889n25">
<href>0900c8af850acee#@#@#10#.jpeg</href>
</graphic>
</grate>
<para id="nev20717893n3-nev21592889n48">
<ptxt id="nev20717893n3-nev21592889n47">The secondary b#@#@#461#ated.</ptxt>
</para>
<hint id="nev20717893n3-nev21592889n46">
<ptxt id="nev20717893n3-nev21592889n45">The Central Ele#@#@#574#mal. </ptxt>
</hint>
<para id="nev20717893n3-nev21592889n44">
<ptxt id="nev20717893n3-nev21592889n43">The secondary b#@#@#690#ower.</ptxt>
</para>
<para id="nev20717893n3-nev21592889n42">
<ptxt id="nev20717893n3-nev21592889n41">The secondary b#@#@#77#open.</ptxt>
</para>
<para id="nev20717893n3-nev21592889n39">
<ptxt id="nev20717893n3-nev21592889n38">The secondary b#@#@#356#sed. </ptxt>
</para>
<para id="nev20717893n3-nev21592889n37">
<ptxt id="nev20717893n3-nev21592889n36">The secondary b#@#@#61#unit.</ptxt>
</para>
<para id="nev20717893n3-nev21592889n29">
<ptxt id="nev20717893n3-nev21592889n28">For more inform#@#@#103#gine.</ptxt>
</para>
</topic>
<topic id="nev20717893n3-nev21156957n3">
<title id="nev20717893n3-nev20735860n147">Fuel flow contr#@#@#3#valve</title>
<grate id="nev20717893n3-nev21156957n4" pgwide="1">
<graphic id="nev20717893n3-nev21156957n5">
<href>0900c8af845a0c9#@#@#10#.jpeg</href>
</graphic>
</grate>
<para id="nev20717893n3-nev21156957n6">
<ptxt id="nev20717893n3-nev21156957n7">The fuel flow c#@#@#109#der. </ptxt>
<ptxt id="nev20717893n3-nev21156957n8">The pressure in#@#@#210#nal. </ptxt>
<ptxt id="nev20717893n3-nev21156957n9">The pressure in#@#@#134# rpm.</ptxt>
<ptxt id="nev20717893n3-nev21156957n10">The fuel flow c#@#@#101# out.</ptxt>
</para>
</topic>
<topic id="nev20717893n3-nev21156958n1">
<title id="nev20717893n3-nev20735860n137">Fuel pressure c#@#@#8#alve </title>
<grate id="nev20717893n3-nev21156958n2" pgwide="1">
<graphic id="nev20717893n3-nev21156958n3">
<href>0900c8af826fa22#@#@#10#.jpeg</href>
</graphic>
</grate>
<para id="nev20717893n3-nev21156958n4">
<ptxt id="nev20717893n3-nev21156958n5">The fuel pressu#@#@#135#ary. </ptxt>
</para>
<para id="nev20717893n3-nev21156958n6">
<ptxt id="nev20717893n3-nev21156958n7">Normally, the f#@#@#483#ored.</ptxt>
</para>
</topic>
<topic id="nev20717893n3-nev21156958n8">
<title id="nev20717893n3-nev20735860n127">Control module #@#@#15# plug</title>
<grate id="nev20717893n3-nev21156958n9" pgwide="1">
<graphic id="nev20717893n3-nev21156958n10">
<href>0900c8af86335d1#@#@#10#.jpeg</href>
</graphic>
</grate>
<para id="nev20717893n3-nev21156959n1">
<ptxt id="nev20717893n3-nev21156959n2">The function of#@#@#73#ugs. </ptxt>
<ptxt id="nev20717893n3-nev21156959n3">The glow plug c#@#@#215#ion. </ptxt>
</para>
<para id="nev20717893n3-nev21156959n4">
<ptxt id="nev20717893n3-nev21156959n5">The glow plug c#@#@#48#elay.</ptxt>
</para>
<para id="nev20717893n3-nev21156959n6">
<ptxt id="nev20717893n3-nev21156959n7">The glow plugs #@#@#282#ead. </ptxt>
<ptxt id="nev20717893n3-nev21156959n8">The glow plugs #@#@#138#dule.</ptxt>
</para>
<para id="nev20717893n3-nev21156959n9">
<ptxt id="nev20717893n3-nev21156959n10">The Engine Cont#@#@#40#lugs.</ptxt>
</para>
</topic>
<topic id="nev20717893n3-nev21156960n1">
<title id="nev20717893n3-nev20735860n109">Pressure sensor#@#@#12#haust</title>
<grate id="nev20717893n3-nev21156960n2" pgwide="1">
<graphic id="nev20717893n3-nev21156960n3">
<href>0900c8af862feb0#@#@#10#.jpeg</href>
</graphic>
</grate>
<para id="nev20717893n3-nev21156960n4">
<ptxt id="nev20717893n3-nev21156960n5">The exhaust pre#@#@#294#tion.</ptxt>
</para>
<para id="nev20717893n3-nev21156960n6">
<ptxt id="nev20717893n3-nev21156960n7">The exhaust pre#@#@#60#tion.</ptxt>
</para>
</topic>
<topic id="nev20717893n3-nev21156960n8">
<title id="nev20717893n3-nev20735860n101">Particle filter#@#@#11#ensor</title>
<grate id="nev20717893n3-nev21156960n9" pgwide="1">
<graphic id="nev20717893n3-nev21156960n10">
<href>0900c8af86315d4#@#@#10#.jpeg</href>
</graphic>
</grate>
<para id="nev20717893n3-nev21156961n1">
<ptxt id="nev20717893n3-nev21156961n2">The pressure se#@#@#651#lter.</ptxt>
</para>
<para id="nev20717893n3-nev21156961n3">
<ptxt id="nev20717893n3-nev21156961n4">The sensor is g#@#@#96#CM). </ptxt>
</para>
<para id="nev20717893n3-nev21156961n5">
<ptxt id="nev20717893n3-nev21156961n6">The particle fi#@#@#98# out.</ptxt>
</para>
</topic>
<topic id="nev20717893n3-nev21156961n7">
<title id="nev20717893n3-nev20735860n89">Exhaust gas tem#@#@#39#erter</title>
<grate id="nev20717893n3-nev21156961n8" pgwide="1">
<graphic id="nev20717893n3-nev21156961n9">
<href>0900c8af8633603#@#@#10#.jpeg</href>
</graphic>
</grate>
<para id="nev20717893n3-nev21156961n10">
<ptxt id="nev20717893n3-nev21156962n1">The temperature#@#@#98#ses. </ptxt>
<ptxt id="nev20717893n3-nev21156962n2">The sensor is o#@#@#65#CM). </ptxt>
<ptxt id="nev20717893n3-nev21156962n3">The signal from#@#@#207#ess. </ptxt>
</para>
<para id="nev20717893n3-nev21156962n4">
<ptxt id="nev20717893n3-nev21156962n5">The temperature#@#@#93#off. </ptxt>
</para>
</topic>
<topic id="nev20717893n3-nev21156962n6">
<title id="nev20717893n3-nev20735860n72">Exhaust gas tem#@#@#36#erter</title>
<grate id="nev20717893n3-nev21156962n7" pgwide="1">
<graphic id="nev20717893n3-nev21156962n8">
<href>0900c8af8633604#@#@#10#.jpeg</href>
</graphic>
</grate>
<para id="nev20717893n3-nev21156962n9">
<ptxt id="nev20717893n3-nev21156962n10">The temperature#@#@#133#ses. </ptxt>
<ptxt id="nev20717893n3-nev21156963n1">The sensor is o#@#@#65#CM). </ptxt>
<ptxt id="nev20717893n3-nev21156963n2">The signal from#@#@#207#ess. </ptxt>
<ptxt id="nev20717893n3-nev21156963n3">The control mod#@#@#72#nsor.</ptxt>
</para>
<para id="nev20717893n3-nev21156963n4">
<ptxt id="nev20717893n3-nev21156963n5">The temperature#@#@#92# off.</ptxt>
</para>
</topic>
<topic id="nev20717893n3-nev21156963n6">
<title id="nev20717893n3-nev20735860n51">Camshaft positi#@#@#13#haust</title>
<grate id="nev20717893n3-nev21156963n7" pgwide="1">
<graphic id="nev20717893n3-nev21156963n8">
<href>0900c8af862feaf#@#@#10#.jpeg</href>
</graphic>
</grate>
<para id="nev20717893n3-nev21156963n9">
<ptxt id="nev20717893n3-nev21156963n10">The Engine Cont#@#@#596#ing. </ptxt>
</para>
<para id="nev20717893n3-nev21156964n1">
<ptxt id="nev20717893n3-nev21156964n2">The Engine Cont#@#@#56#or.  </ptxt>
</para>
</topic>
<topic id="nev20717893n3-nev21156964n3">
<title id="nev20717893n3-nev20735860n43">Swirl actuator</title>
<grate id="nev20717893n3-nev21156964n4" pgwide="1">
<graphic id="nev20717893n3-nev21156964n5">
<href>0900c8af862feb1#@#@#11#.jpeg</href>
</graphic>
</grate>
<para id="nev20717893n3-nev21156964n6">
<ptxt id="nev20717893n3-nev21156964n7">The task of the#@#@#78#RPMs.</ptxt>
<ptxt id="nev20717893n3-nev21156964n8">The swirl dampe#@#@#91#mper.</ptxt>
<ptxt id="nev20717893n3-nev21156964n9">The control mod#@#@#38#gnal.</ptxt>
<ptxt id="nev20717893n3-nev21156964n10">The position se#@#@#63#same.</ptxt>
</para>
<para id="nev20717893n3-nev21156965n1">
<ptxt id="nev20717893n3-nev21156965n2">The swirl dampe#@#@#137# off.</ptxt>
</para>
</topic>
<topic id="nev20717893n3-nev21156965n3">
<title id="nev20717893n3-nev20742375n177">Injector</title>
<grate id="nev20717893n3-nev21156965n4" pgwide="1">
<graphic id="nev20717893n3-nev21156965n5">
<href>0900c8af862feb0#@#@#11#.jpeg</href>
</graphic>
</grate>
<para id="nev20717893n3-nev21156965n6">
<ptxt id="nev20717893n3-nev21156965n7">The fuel inject#@#@#363#nsor.</ptxt>
</para>
<para id="nev20717893n3-nev21156965n8">
<ptxt id="nev20717893n3-nev21156965n9">These fuel inje#@#@#434#tion.</ptxt>
</para>
<para id="nev20717893n3-nev21156965n10">
<ptxt id="nev20717893n3-nev21156966n1">The information#@#@#81#tion.</ptxt>
<ptxt id="nev20717893n3-nev21156966n2">At each injecti#@#@#234#ing. </ptxt>
</para>
<para id="nev20717893n3-nev21156966n3">
<ptxt id="nev20717893n3-nev21156966n4">The fuel inject#@#@#294#tion.</ptxt>
</para>
</topic>
<topic id="nev20717893n3-nev21156966n5">
<title id="nev20717893n3-nev20742375n156">Fuel pump contr#@#@#16# pump</title>
<grate id="nev20717893n3-nev21156966n6" pgwide="1">
<graphic id="nev20717893n3-nev21156966n7">
<href>0900c8af82f89aa#@#@#10#.jpeg</href>
</graphic>
</grate>
<para id="nev20717893n3-nev21156966n8">
<ptxt id="nev20717893n3-nev21156966n9">The fuel pump c#@#@#28#PEM (<literal id="nev20717893n3-nev21156966n10">Pump Electronic#@#@#2#odule</literal>). Its function#@#@#141#ted. </ptxt>
<ptxt id="nev20717893n3-nev21156967n1">The control sig#@#@#267#pted.</ptxt>
<ptxt id="nev20717893n3-nev21156967n2">Even the actual#@#@#90#gnal.</ptxt>
</para>
<para id="nev20717893n3-nev21156967n3">
<ptxt id="nev20717893n3-nev21156967n4">The fuel pump c#@#@#219#CM). </ptxt>
</para>
<para id="nev20717893n3-nev21156967n5">
<ptxt id="nev20717893n3-nev21156967n6">The engine cann#@#@#119#red. </ptxt>
</para>
<para id="nev20717893n3-nev21156967n7">
<ptxt id="nev20717893n3-nev21156967n8">The fuel pump c#@#@#195#ead. </ptxt>
</para>
<para id="nev20717893n3-nev21156967n9">
<ptxt id="nev20717893n3-nev21156967n10">There are no di#@#@#148#ts.  </ptxt>
</para>
<para id="nev20717893n3-nev21156968n1">
<ptxt id="nev20717893n3-nev21156968n2">The Pulse Width#@#@#131#ool. </ptxt>
</para>
<para id="nev20717893n3-nev21156968n3">
<ptxt id="nev20717893n3-nev21156968n4">The fuel pump c#@#@#74#ide. </ptxt>
</para>
</topic>
<topic id="nev20717893n3-nev21156968n5">
<title id="nev20717893n3-nev20782819n117">Fuel filter hea#@#@#23#eater</title>
<grate id="nev20717893n3-nev21156968n6" pgwide="1">
<graphic id="nev20717893n3-nev21156968n7">
<href>0900c8af845a0e7#@#@#10#.jpeg</href>
</graphic>
</grate>
<list1 enumtype="n" id="nev20717893n3-nev21156968n8" type="ordered">
<item id="nev20717893n3-nev21156968n9">
<ptxt id="nev20717893n3-nev21156968n10">Outlet to high-#@#@#9#pump </ptxt>
</item>
<item id="nev20717893n3-nev21156969n1">
<ptxt id="nev20717893n3-nev21156969n2">Inlet from fuel#@#@#1#tank </ptxt>
</item>
<item id="nev20717893n3-nev21156969n3">
<ptxt id="nev20717893n3-nev21156969n4">Electrical fuel#@#@#7#ting </ptxt>
</item>
<item id="nev20717893n3-nev21156969n5">
<ptxt id="nev20717893n3-nev21156969n6">Drain screw.</ptxt>
</item>
</list1>
<para id="nev20717893n3-nev21156969n7">
<ptxt id="nev20717893n3-nev21156969n8">The task of the#@#@#127#fuel.</ptxt>
</para>
<para id="nev20717893n3-nev21156969n9">
<ptxt id="nev20717893n3-nev21156969n10">Heating starts #@#@#96#lter.</ptxt>
<ptxt id="nev20717893n3-nev21156970n1">The Engine Cont#@#@#175#ment.</ptxt>
</para>
<para id="nev20717893n3-nev21156970n2">
<ptxt id="nev20717893n3-nev21156970n3">The fuel filter#@#@#217#uel. </ptxt>
</para>
<para id="nev20717893n3-nev21156970n4">
<ptxt id="nev20717893n3-nev21156970n5">The fuel filter#@#@#150#ment.</ptxt>
</para>
</topic>
<topic id="nev20717893n3-nev21156970n6">
<title id="nev20717893n3-nev20782819n85">EGR valve</title>
<grate id="nev20717893n3-nev21156970n7" pgwide="1">
<graphic id="nev20717893n3-nev21156970n8">
<href>0900c8af8632097#@#@#10#.jpeg</href>
</graphic>
</grate>
<para id="nev20717893n3-nev21156970n9">
<ptxt id="nev20717893n3-nev21156970n10">The task of the#@#@#293#ntly.</ptxt>
<ptxt id="nev20717893n3-nev21156971n1">The Engine Cont#@#@#115#ion. </ptxt>
</para>
<para id="nev20717893n3-nev21156971n2">
<ptxt id="nev20717893n3-nev21156971n3">The EGR valve c#@#@#395#alve.</ptxt>
<ptxt id="nev20717893n3-nev21156971n4">The EGR valve a#@#@#160#trol.</ptxt>
<ptxt id="nev20717893n3-nev21156971n5">The position se#@#@#106#dule.</ptxt>
<ptxt id="nev20717893n3-nev21156971n6">The EGR valve c#@#@#102# off.</ptxt>
</para>
</topic>
<topic id="nev20717893n3-nev21156971n7">
<title id="nev20717893n3-nev20782819n64">EGR cooling, by#@#@#5#valve</title>
<grate id="nev20717893n3-nev21574217n112" pgwide="1">
<graphic id="nev20717893n3-nev21574217n111">
<href>0900c8af865e041#@#@#10#.jpeg</href>
</graphic>
</grate>
<para id="nev20717893n3-nev21156971n10">
<ptxt id="nev20717893n3-nev21156972n1">The task of the#@#@#336#vels.</ptxt>
</para>
<para id="nev20717893n3-nev21156972n2">
<ptxt id="nev20717893n3-nev21156972n3">The bypass valv#@#@#88#tion.</ptxt>
<ptxt id="nev20717893n3-nev21156972n4">The vacuum valv#@#@#218#ebox.</ptxt>
<ptxt id="nev20717893n3-nev21156972n5">The vacuum valv#@#@#68#ld.  </ptxt>
</para>
<para id="nev20717893n3-nev21156972n6">
<ptxt id="nev20717893n3-nev21156972n7">The vacuum valv#@#@#93# off.</ptxt>
</para>
</topic>
<topic id="nev20717893n3-nev21156972n8">
<title id="nev20717893n3-nev20782819n43">EGR cooling, co#@#@#5# pump</title>
<grate id="nev20717893n3-nev21156972n9" pgwide="1">
<graphic id="nev20717893n3-nev21156972n10">
<href>0900c8af862feae#@#@#11#.jpeg</href>
</graphic>
</grate>
<para id="nev20717893n3-nev21156973n1">
<ptxt id="nev20717893n3-nev21156973n2">The task of the#@#@#255#stem.</ptxt>
</para>
<para id="nev20717893n3-nev21156973n3">
<ptxt id="nev20717893n3-nev21156973n4">The pump receiv#@#@#111#ECM).</ptxt>
<ptxt id="nev20717893n3-nev21156973n5">The pump is con#@#@#82#dule.</ptxt>
<ptxt id="nev20717893n3-nev21156973n6">The communicati#@#@#209#fan.)</ptxt>
</para>
<para id="nev20717893n3-nev21156973n7">
<ptxt id="nev20717893n3-nev21156973n8">The pump is dia#@#@#90# off.</ptxt>
<ptxt id="nev20717893n3-nev21156973n9">The pump is pla#@#@#20#oler.</ptxt>
</para>
</topic>
<topic id="nev20717893n3-nev21156973n10">
<title id="nev20717893n3-nev20782819n21">Fuel pressure s#@#@#18# side</title>
<grate id="nev20717893n3-nev21156974n1" pgwide="1">
<graphic id="nev20717893n3-nev21156974n2">
<href>0900c8af86320ce#@#@#10#.jpeg</href>
</graphic>
</grate>
<para id="nev20717893n3-nev21156974n3">
<ptxt id="nev20717893n3-nev21156974n4">The fuel pressu#@#@#299#sure.</ptxt>
<ptxt id="nev20717893n3-nev21156974n5">The sensor, whi#@#@#97#ule. </ptxt>
</para>
<para id="nev20717893n3-nev21156974n6">
<ptxt id="nev20717893n3-nev21156974n7">Depending on th#@#@#158#dule.</ptxt>
</para>
<para id="nev20717893n3-nev21156974n8">
<ptxt id="nev20717893n3-nev21156974n9">The fuel pressu#@#@#95# off.</ptxt>
</para>
</topic>
<topic id="nev20717893n3-nev23453667n250">
<title id="nev20717893n3-nev23453667n249">Turbo control v#@#@#10#egate</title>
<grate id="nev20717893n3-nev23453667n248" pgwide="1">
<graphic id="nev20717893n3-nev23453667n247">
<href>0900c8af862feb2#@#@#10#.jpeg</href>
</graphic>
</grate>
<para id="nev20717893n3-nev23453667n246">
<ptxt id="nev20717893n3-nev23453667n245">Turbo control v#@#@#243#sure.</ptxt>
<ptxt id="nev20717893n3-nev23453667n244">By controlling #@#@#196#ases.</ptxt>
</para>
<para id="nev20717893n3-nev23453667n243">
<ptxt id="nev20717893n3-nev23453667n242">Turbo control v#@#@#160#ank. </ptxt>
<ptxt id="nev20717893n3-nev23453667n241">The valve is sp#@#@#92#lve. </ptxt>
</para>
<para id="nev20717893n3-nev23453667n240">
<ptxt id="nev20717893n3-nev23453667n239">By increasing t#@#@#388#ens. </ptxt>
<ptxt id="nev20717893n3-nev23453667n238">If the control #@#@#226#ved. </ptxt>
</para>
<para id="nev20717893n3-nev23453667n237">
<ptxt id="nev20717893n3-nev23453667n236">Turbo control v#@#@#91#nal. </ptxt>
<ptxt id="nev20717893n3-nev23453667n235">The valve is di#@#@#81# off.</ptxt>
</para>
</topic>
<topic id="nev20717893n3-nev23453667n234">
<title id="nev20717893n3-nev23453667n233">Turbo control v#@#@#7#ypass</title>
<grate id="nev20717893n3-nev23453667n232" pgwide="1">
<graphic id="nev20717893n3-nev23453667n231">
<href>0900c8af862feb2#@#@#10#.jpeg</href>
</graphic>
</grate>
<para id="nev20717893n3-nev23453667n230">
<ptxt id="nev20717893n3-nev23453667n229"> When the throt#@#@#139#own. </ptxt>
<ptxt id="nev20717893n3-nev23454152n72">Turbo control v#@#@#285#eeds.</ptxt>
<ptxt id="nev20717893n3-nev23454152n71">Too high a pres#@#@#161#rbo. </ptxt>
</para>
<para id="nev20717893n3-nev23454152n79">
<ptxt id="nev20717893n3-nev23454152n75">Turbo control v#@#@#157#ank. </ptxt>
<ptxt id="nev20717893n3-nev23454152n74">The valve is sp#@#@#92#lve. </ptxt>
<ptxt id="nev20717893n3-nev23454152n73">By increasing t#@#@#635#ed.  </ptxt>
</para>
<para id="nev20717893n3-nev23454152n91">
<ptxt id="nev20717893n3-nev23454152n80">The turbo contr#@#@#196# off.</ptxt>
</para>
<grate id="nev20717893n3-nev23453667n220" pgwide="1">
<title id="nev20717893n3-nev23453667n219">Turbo control v#@#@#4#, VNT</title>
<graphic id="nev20717893n3-nev23453667n218">
<href>0900c8af862feb2#@#@#10#.jpeg</href>
</graphic>
</grate>
<para id="nev20717893n3-nev23453667n217">
<ptxt id="nev20717893n3-nev23453667n216">The task of the#@#@#217#sure.</ptxt>
</para>
<para id="nev20717893n3-nev23453667n215">
<ptxt id="nev20717893n3-nev23453667n214">The turbo contr#@#@#1160#ed.  </ptxt>
</para>
<para id="nev20717893n3-nev23453667n213">
<ptxt id="nev20717893n3-nev23453667n212">The turbo contr#@#@#210# off.</ptxt>
</para>
<grate id="nev20717893n3-nev23453667n211" pgwide="1">
<title id="nev20717893n3-nev23453667n210">VNT unit (Only #@#@#12#ions)</title>
<graphic id="nev20717893n3-nev23453667n209">
<href>0900c8af864b30a#@#@#9#.jpeg</href>
</graphic>
</grate>
<para id="nev20717893n3-nev23453667n208">
<ptxt id="nev20717893n3-nev23453667n207">The VNT turbo u#@#@#196#gnal.</ptxt>
</para>
<para id="nev20717893n3-nev23453667n206">
<ptxt id="nev20717893n3-nev23453667n205">There is also a#@#@#120#tool.</ptxt>
</para>
<para id="nev20717893n3-nev23453667n204">
<ptxt id="nev20717893n3-nev23453667n203">At low engine s#@#@#112#ster.</ptxt>
</para>
<para id="nev20717893n3-nev23453667n202">
<ptxt id="nev20717893n3-nev23453667n201">At high engine #@#@#133#owly.</ptxt>
</para>
<para id="nev20717893n3-nev23453667n200">
<ptxt id="nev20717893n3-nev23453667n199">The VNT unit is#@#@#88# out.</ptxt>
</para>
<grate id="nev20717893n3-nev23472378n85" pgwide="1">
<title id="nev20717893n3-nev23472378n77">Position sensor#@#@#30#ions)</title>
<graphic id="nev20717893n3-nev23472378n84">
<href>0900c8af86ce359#@#@#9#.jpeg</href>
</graphic>
</grate>
<para id="nev20717893n3-nev23453667n194">
<ptxt id="nev20717893n3-nev23453667n193">The position se#@#@#244#ssor.</ptxt>
</para>
<para id="nev20717893n3-nev23453667n192">
<ptxt id="nev20717893n3-nev23453667n191">Inside the sens#@#@#237#anes.</ptxt>
</para>
<para id="nev20717893n3-nev23453667n190">
<ptxt id="nev20717893n3-nev23453667n189">Position sensor#@#@#49#ECM).</ptxt>
</para>
</topic>
<topic id="nev20717893n3-nev21164897n62">
<title id="nev20717893n3-nev21164897n61">Active Grill Sh#@#@#13#(AGM)</title>
<grate id="nev20717893n3-nev21176163n88" pgwide="1">
<graphic id="nev20717893n3-nev21176163n87">
<href>0900c8af8646b15#@#@#10#.jpeg</href>
</graphic>
</grate>
<para id="nev20717893n3-nev21164897n58">
<ptxt id="nev20717893n3-nev21164897n57">The main task o#@#@#163#nce. </ptxt>
<ptxt id="nev20717893n3-nev21164897n55">Furthermore, th#@#@#64#tes. </ptxt>
</para>
<para id="nev20717893n3-nev21164897n53">
<ptxt id="nev20717893n3-nev21164897n52">The Active Gril#@#@#91# bus.</ptxt>
</para>
<para id="nev20717893n3-nev21164897n50">
<ptxt id="nev20717893n3-nev21164897n49">Active Grill Sh#@#@#46#ions:</ptxt>
</para>
<list1 id="nev20717893n3-nev21164897n47">
<item id="nev20717893n3-nev21164897n46">
<ptxt id="nev20717893n3-nev21164897n45">LIN-connection.</ptxt>
</item>
<item id="nev20717893n3-nev21164897n44">
<ptxt id="nev20717893n3-nev21164897n43">Voltage feed (v#@#@#12#lay).</ptxt>
</item>
<item id="nev20717893n3-nev21164897n42">
<ptxt id="nev20717893n3-nev21164897n41">Ground connection.</ptxt>
</item>
</list1>
<note id="nev20717893n3-nev21164897n40">
<ptxt id="nev20717893n3-nev21164897n39">There is a four#@#@#141#gged.</ptxt>
</note>
<para id="nev20717893n3-nev21164897n37">
<ptxt id="nev20717893n3-nev21164897n36">Active Grill Sh#@#@#158#part.</ptxt>
</para>
<para id="nev20717893n3-nev21164897n34">
<ptxt id="nev20717893n3-nev21164897n33">Engine Control #@#@#76#AGM):</ptxt>
</para>
<list1 id="nev20717893n3-nev21164897n31">
<item id="nev20717893n3-nev21164897n30">
<ptxt id="nev20717893n3-nev21164897n29">A request that #@#@#53#tion.</ptxt>
</item>
<item id="nev20717893n3-nev21164897n27">
<ptxt id="nev20717893n3-nev21164897n26">A request that #@#@#71#ning.</ptxt>
</item>
</list1>
<para id="nev20717893n3-nev21164897n24">
<ptxt id="nev20717893n3-nev21164897n23">The radiator gr#@#@#222# 6°. </ptxt>
</para>
<table colsep="1" frame="all" id="nev20717893n3-nev21164897n21" rowsep="1">
<tgroup cols="2" id="nev20717893n3-nev21164897n20">
<colspec colname="col1" colwidth="0.71*" id="nev20717893n3-nev21164897n19"/>
<colspec colname="col2" colwidth="1.29*" id="nev20717893n3-nev21164897n18"/>
<tbody id="nev20717893n3-nev21164897n17">
<row id="nev20717893n3-nev21164897n16">
<entry id="nev20717893n3-nev21164897n15" morerows="0" rotate="0">
<ptxt id="nev20717893n3-nev21164897n14">Position</ptxt>
</entry>
<entry id="nev20717893n3-nev21164897n13" morerows="0" rotate="0">
<ptxt id="nev20717893n3-nev21164897n12">Angle</ptxt>
</entry>
</row>
<row id="nev20717893n3-nev21164897n11">
<entry id="nev20717893n3-nev21164897n10" morerows="0" rotate="0">
<ptxt id="nev20717893n3-nev21164897n9">1</ptxt>
</entry>
<entry id="nev20717893n3-nev21164897n8" morerows="0" rotate="0">
<ptxt id="nev20717893n3-nev21164897n7">0° (closed)</ptxt>
</entry>
</row>
<row id="nev20717893n3-nev21164897n6">
<entry id="nev20717893n3-nev21164897n5" morerows="0" rotate="0">
<ptxt id="nev20717893n3-nev21164897n4">2</ptxt>
</entry>
<entry id="nev20717893n3-nev21164897n3" morerows="0" rotate="0">
<ptxt id="nev20717893n3-nev21164897n2">6°</ptxt>
</entry>
</row>
<row id="nev20717893n3-nev21164897n1">
<entry id="nev20717893n3-nev21165621n250" morerows="0" rotate="0">
<ptxt id="nev20717893n3-nev21165621n249">3</ptxt>
</entry>
<entry id="nev20717893n3-nev21165621n248" morerows="0" rotate="0">
<ptxt id="nev20717893n3-nev21165621n247">12°</ptxt>
</entry>
</row>
<row id="nev20717893n3-nev21165621n246">
<entry id="nev20717893n3-nev21165621n245" morerows="0" rotate="0">
<ptxt id="nev20717893n3-nev21165621n244">4</ptxt>
</entry>
<entry id="nev20717893n3-nev21165621n243" morerows="0" rotate="0">
<ptxt id="nev20717893n3-nev21165621n242">18°</ptxt>
</entry>
</row>
<row id="nev20717893n3-nev21165621n241">
<entry id="nev20717893n3-nev21165621n240" morerows="0" rotate="0">
<ptxt id="nev20717893n3-nev21165621n239">5</ptxt>
</entry>
<entry id="nev20717893n3-nev21165621n238" morerows="0" rotate="0">
<ptxt id="nev20717893n3-nev21165621n237">24°</ptxt>
</entry>
</row>
<row id="nev20717893n3-nev21165621n236">
<entry id="nev20717893n3-nev21165621n235" morerows="0" rotate="0">
<ptxt id="nev20717893n3-nev21165621n234">6</ptxt>
</entry>
<entry id="nev20717893n3-nev21165621n233" morerows="0" rotate="0">
<ptxt id="nev20717893n3-nev21165621n232">30°</ptxt>
</entry>
</row>
<row id="nev20717893n3-nev21165621n231">
<entry id="nev20717893n3-nev21165621n230" morerows="0" rotate="0">
<ptxt id="nev20717893n3-nev21165621n229">7</ptxt>
</entry>
<entry id="nev20717893n3-nev21165621n228" morerows="0" rotate="0">
<ptxt id="nev20717893n3-nev21165621n227">36°</ptxt>
</entry>
</row>
<row id="nev20717893n3-nev21165621n226">
<entry id="nev20717893n3-nev21165621n225" morerows="0" rotate="0">
<ptxt id="nev20717893n3-nev21165621n224">8</ptxt>
</entry>
<entry id="nev20717893n3-nev21165621n223" morerows="0" rotate="0">
<ptxt id="nev20717893n3-nev21165621n222">42°</ptxt>
</entry>
</row>
<row id="nev20717893n3-nev21165621n221">
<entry id="nev20717893n3-nev21165621n220" morerows="0" rotate="0">
<ptxt id="nev20717893n3-nev21165621n219">9</ptxt>
</entry>
<entry id="nev20717893n3-nev21165621n218" morerows="0" rotate="0">
<ptxt id="nev20717893n3-nev21165621n217">48°</ptxt>
</entry>
</row>
<row id="nev20717893n3-nev21165621n216">
<entry id="nev20717893n3-nev21165621n215" morerows="0" rotate="0">
<ptxt id="nev20717893n3-nev21165621n214">10</ptxt>
</entry>
<entry id="nev20717893n3-nev21165621n213" morerows="0" rotate="0">
<ptxt id="nev20717893n3-nev21165621n212">54°</ptxt>
</entry>
</row>
<row id="nev20717893n3-nev21165621n211">
<entry id="nev20717893n3-nev21165621n210" morerows="0" rotate="0">
<ptxt id="nev20717893n3-nev21165621n209">11</ptxt>
</entry>
<entry id="nev20717893n3-nev21165621n208" morerows="0" rotate="0">
<ptxt id="nev20717893n3-nev21165621n207">60°</ptxt>
</entry>
</row>
<row id="nev20717893n3-nev21165621n206">
<entry id="nev20717893n3-nev21165621n205" morerows="0" rotate="0">
<ptxt id="nev20717893n3-nev21165621n204">12</ptxt>
</entry>
<entry id="nev20717893n3-nev21165621n203" morerows="0" rotate="0">
<ptxt id="nev20717893n3-nev21165621n202">66°</ptxt>
</entry>
</row>
<row id="nev20717893n3-nev21165621n201">
<entry id="nev20717893n3-nev21165621n200" morerows="0" rotate="0">
<ptxt id="nev20717893n3-nev21165621n199">13</ptxt>
</entry>
<entry id="nev20717893n3-nev21165621n198" morerows="0" rotate="0">
<ptxt id="nev20717893n3-nev21165621n197">72°</ptxt>
</entry>
</row>
<row id="nev20717893n3-nev21165621n196">
<entry id="nev20717893n3-nev21165621n195" morerows="0" rotate="0">
<ptxt id="nev20717893n3-nev21165621n194">14</ptxt>
</entry>
<entry id="nev20717893n3-nev21165621n193" morerows="0" rotate="0">
<ptxt id="nev20717893n3-nev21165621n192">78°</ptxt>
</entry>
</row>
<row id="nev20717893n3-nev21165621n191">
<entry id="nev20717893n3-nev21165621n190" morerows="0" rotate="0">
<ptxt id="nev20717893n3-nev21165621n189">15</ptxt>
</entry>
<entry id="nev20717893n3-nev21165621n188" morerows="0" rotate="0">
<ptxt id="nev20717893n3-nev21165621n187">84°</ptxt>
</entry>
</row>
<row id="nev20717893n3-nev21165621n186">
<entry id="nev20717893n3-nev21165621n185" morerows="0" rotate="0">
<ptxt id="nev20717893n3-nev21165621n184">16</ptxt>
</entry>
<entry id="nev20717893n3-nev21165621n183" morerows="0" rotate="0">
<ptxt id="nev20717893n3-nev21165621n182">90° (fully open)</ptxt>
</entry>
</row>
</tbody>
</tgroup>
</table>
<para id="nev20717893n3-nev21165621n175">
<ptxt id="nev20717893n3-nev21165621n174">The Active Gril#@#@#499#90°).</ptxt>
<ptxt id="nev20717893n3-nev21165621n170">Calibration of #@#@#169#hop. </ptxt>
</para>
<para id="nev20717893n3-nev21165621n168">
<ptxt id="nev20717893n3-nev21165621n167">The following f#@#@#108#tics:</ptxt>
</para>
<list1 id="nev20717893n3-nev21165621n165">
<item id="nev20717893n3-nev21165621n164">
<ptxt id="nev20717893n3-nev21165621n159">Lost communicat#@#@#39#GM). </ptxt>
</item>
<item id="nev20717893n3-nev21165621n163">
<ptxt id="nev20717893n3-nev21165621n157">Radiator grille#@#@#7#mmed.</ptxt>
</item>
<item id="nev20717893n3-nev21165621n162">
<ptxt id="nev20717893n3-nev21165621n156">Damages mechani#@#@#76#ille.</ptxt>
</item>
<item id="nev20717893n3-nev21165621n161">
<ptxt id="nev20717893n3-nev21165621n155">Electric fault #@#@#32#AGM).</ptxt>
</item>
<item id="nev20717893n3-nev21165621n160">
<ptxt id="nev20717893n3-nev21165621n154">Active Grill Sh#@#@#28#ated.</ptxt>
</item>
</list1>
<para id="nev20717893n3-nev21165621n149">
<ptxt id="nev20717893n3-nev21165621n148">Fault 1 above i#@#@#270#odes.</ptxt>
</para>
<para id="nev20717893n3-nev21165621n146">
<ptxt id="nev20717893n3-nev21165621n145">The radiator gr#@#@#189#peed.</ptxt>
</para>
</topic>
</servinfosub>