<?xml version="1.0" encoding="UTF-8"?><servinfosub IE-ID="en-US0900c8af8054f30d" docno="VCC-144837" id="KC01723647" servinfosubId="nev20684986n1-nev20684986n2" servinfosubRes="0900c8af862c1a61" servinfosubRes2="urn:x-nevis:fragment:0900c8af8054f30d:0900c8af862c1a61#nev20684986n2" xml:lang="en-US">
<title>Description of #@#@#27#ation</title>
<procedure>
<title/>
<procstep>
<title/>
<table frame="all" pgwide="1">
<tgroup cols="2" colsep="1" rowsep="1">
<colspec colwidth="263*"/>
<colspec colwidth="265*"/>
<thead>
<row>
<entry align="left" valign="top">
<ptxt>
<emph>Component</emph>
</ptxt>
</entry>
<entry align="left" valign="top">
<ptxt>
<emph>Function</emph>
</ptxt>
</entry>
</row>
</thead>
<tbody>
<row>
<entry align="left" valign="top">
<ptxt>Injector </ptxt>
<ptxt> (1-5)</ptxt>
</entry>
<entry align="left" valign="top">
<ptxt>Injectors 1-5. #@#@#104#ors. </ptxt>
<ptxt>The engine must#@#@#12# off.</ptxt>
</entry>
</row>
<row>
<entry align="left" valign="top">
<ptxt>A/C RELAY</ptxt>
</entry>
<entry align="left" valign="top">
<ptxt>A/C relay. Air #@#@#185#sor. </ptxt>
</entry>
</row>
<row>
<entry align="left" valign="top">
<ptxt>ENGINE COOLING #@#@#21#AGE 2</ptxt>
</entry>
<entry align="left" valign="top">
<ptxt>The speed of th#@#@#93#eard.</ptxt>
</entry>
</row>
<row>
<entry align="left" valign="top">
<ptxt>MIL LAMP</ptxt>
</entry>
<entry align="left" valign="top">
<ptxt>Malfunction ind#@#@#171#ssed.</ptxt>
</entry>
</row>
<row>
<entry align="left" valign="top">
<ptxt>ETS LAMP</ptxt>
</entry>
<entry align="left" valign="top">
<ptxt>Electronic thro#@#@#178#ssed.</ptxt>
</entry>
</row>
<row>
<entry align="left" valign="top">
<ptxt>LEAK DIAGNOSTIC#@#@#7#VALVE</ptxt>
</entry>
<entry align="left" valign="top">
<ptxt>Certain markets#@#@#2#nly. </ptxt>
<ptxt>A clicking nois#@#@#63#tion.</ptxt>
</entry>
</row>
<row>
<entry align="left" valign="top">
<ptxt>CANISTER PURGE #@#@#5#VALVE</ptxt>
</entry>
<entry align="left" valign="top">
<ptxt>The EVAP canist#@#@#162#icks.</ptxt>
</entry>
</row>
<row>
<entry align="left" valign="top">
<ptxt>THROTTLE UNIT 5#@#@#2#100 %</ptxt>
</entry>
<entry align="left" valign="top">
<ptxt>The shutter in #@#@#318#tion.</ptxt>
</entry>
</row>
<row>
<entry align="left" valign="top">
<ptxt>TURBOCHARGER CO#@#@#6#VALVE</ptxt>
</entry>
<entry align="left" valign="top">
<ptxt>There is a clic#@#@#108#tion.</ptxt>
</entry>
</row>
<row>
<entry align="left" valign="top">
<ptxt>FUEL PUMP</ptxt>
</entry>
<entry align="left" valign="top">
<ptxt>The fuel pump (#@#@#32#tion.</ptxt>
<ptxt> Fuel pump nois#@#@#25#tank.</ptxt>
</entry>
</row>
</tbody>
</tgroup>
</table>
</procstep>
</procedure>
</servinfosub>