<?xml version="1.0" encoding="UTF-8"?><servinfosub IE-ID="en-US0900c8af862dac07" docno="VCC-370544" id="nev13713999n1" original="sv-SE" servinfosubId="nev13714000n1-nev20707239n1" servinfosubRes="0900c8af86413244" servinfosubRes2="urn:x-nevis:fragment:0900c8af862dac07:0900c8af86413244#nev20707239n1" xml:lang="en-US">
<operationnumbers>
<operationnumber>37114-2</operationnumber>
</operationnumbers>
<title id="nev13713996n89">Battery cable t#@#@#32#noid.</title>
<procedure id="nev13714000n1-nev20939387n60">
<stepgrp boilerplate="false" context="" id="nev13714000n1-nev21005810n56">
<title id="nev13714000n1-0800c8af844a46f6">Removal</title>
<procstep id="nev13714000n1-nev21003261n86">
<note id="nev13714000n1-0800c8af844a42fa">
<ptxt>Removal steps i#@#@#45#ails.</ptxt>
</note>
</procstep>
<procstep id="nev13714000n1-nev21003261n84">
<para id="nev13714000n1-nev21005810n54">
<ptxt id="nev13714000n1-nev21005810n55">Remove intake m#@#@#2#ifold<xref boilerplate="true" id="nev13714000n1-0800c8af8456ca1f">
<ref id="nev13714000n1-nev20939387n54"/>
</xref>
</ptxt>
</para>
</procstep>
<procstep id="nev13714000n1-nev21003261n80">
<grate id="nev13714000n1-nev21005810n52">
<graphic id="nev13714000n1-nev21005810n53">
<href>0900c8af8638b89#@#@#9#.jpeg</href>
</graphic>
<graphtext id="nev13714000n1-nev21005818n1">
<para id="nev13714000n1-nev21005810n50">
<ptxt id="nev13714000n1-nev21005810n51">Remove the mark#@#@#3#part.</ptxt>
</para>
</graphtext>
</grate>
</procstep>
<procstep id="nev13714000n1-nev21003261n75">
<grate id="nev13714000n1-nev21005810n48">
<graphic id="nev13714000n1-nev21005810n49">
<href>0900c8af8638b8a#@#@#9#.jpeg</href>
</graphic>
<graphtext id="nev13714000n1-nev21005822n1">
<para id="nev13714000n1-nev21005810n46">
<ptxt id="nev13714000n1-nev21005810n47">Remove the mark#@#@#3#part.</ptxt>
</para>
</graphtext>
</grate>
</procstep>
<procstep id="nev13714000n1-nev21003261n70">
<para id="nev13714000n1-nev21005810n44">
<ptxt id="nev13714000n1-nev21005810n45">Perform battery#@#@#24#cting<xref boilerplate="true" id="nev13714000n1-0800c8af847c5da5">
<ref id="nev13714000n1-nev20939524n98"/>
</xref>
</ptxt>
</para>
</procstep>
<procstep id="nev13714000n1-nev21003261n66">
<grate id="nev13714000n1-nev21005810n42">
<graphic id="nev13714000n1-nev21005810n43">
<href>0900c8af8638b8a#@#@#9#.jpeg</href>
</graphic>
<graphtext id="nev13714000n1-nev21005829n1">
<para id="nev13714000n1-nev21005810n40">
<ptxt id="nev13714000n1-nev21005810n41">Remove the nuts.</ptxt>
</para>
<para id="nev13714000n1-nev21005810n38">
<ptxt id="nev13714000n1-nev21005810n39">
<torque id="nev13714000n1-nev21003262n85">
<ref id="nev13714000n1-nev20939764n78"/>
</torque>
</ptxt>
</para>
<para id="nev13714000n1-nev21005810n36">
<ptxt id="nev13714000n1-nev21005810n37">Remove the fastener.</ptxt>
</para>
</graphtext>
</grate>
</procstep>
<procstep id="nev13714000n1-nev21003261n56">
<grate id="nev13714000n1-nev21005810n34">
<graphic id="nev13714000n1-nev21005810n35">
<href>0900c8af8638b8a#@#@#9#.jpeg</href>
</graphic>
<graphtext id="nev13714000n1-nev21005836n1">
<para id="nev13714000n1-nev21005810n32">
<ptxt id="nev13714000n1-nev21005810n33">Fold marked par#@#@#3#side.</ptxt>
</para>
</graphtext>
</grate>
</procstep>
<procstep id="nev13714000n1-nev21003261n51">
<grate id="nev13714000n1-nev21005810n30">
<graphic id="nev13714000n1-nev21005810n31">
<href>0900c8af8638bce#@#@#9#.jpeg</href>
</graphic>
<graphtext id="nev13714000n1-nev21005840n1">
<para id="nev13714000n1-nev21005810n28">
<ptxt id="nev13714000n1-nev21005810n29">Fold marked par#@#@#3#side.</ptxt>
</para>
</graphtext>
</grate>
</procstep>
<procstep id="nev13714000n1-nev21005368n78">
<grate id="nev13714000n1-nev21005810n26">
<graphic id="nev13714000n1-nev21005810n27">
<href>0900c8af86412e9#@#@#9#.jpeg</href>
</graphic>
<graphtext id="nev13714000n1-nev21005844n1">
<para id="nev13714000n1-nev21005810n24">
<ptxt id="nev13714000n1-nev21005810n25">Remove the screw.</ptxt>
</para>
<para id="nev13714000n1-nev21005810n22">
<ptxt id="nev13714000n1-nev21005810n23">
<torque id="nev13714000n1-nev21005368n73">
<ref id="nev13714000n1-nev21005368n71"/>
</torque>
</ptxt>
</para>
</graphtext>
</grate>
</procstep>
<procstep id="nev13714000n1-nev21005368n69">
<grate id="nev13714000n1-nev21005810n20">
<graphic id="nev13714000n1-nev21005810n21">
<href>0900c8af86412e9#@#@#9#.jpeg</href>
</graphic>
<graphtext id="nev13714000n1-nev21005851n1">
<para id="nev13714000n1-nev21005810n18">
<ptxt id="nev13714000n1-nev21005810n19">Loosen the clip.</ptxt>
</para>
</graphtext>
</grate>
</procstep>
<procstep id="nev13714000n1-nev21005368n64">
<grate id="nev13714000n1-nev21005810n16">
<graphic id="nev13714000n1-nev21005810n17">
<href>0900c8af86412e9#@#@#9#.jpeg</href>
</graphic>
<graphtext id="nev13714000n1-nev21005855n1">
<para id="nev13714000n1-nev21005810n14">
<ptxt id="nev13714000n1-nev21005810n15">Remove the nut.</ptxt>
</para>
<para id="nev13714000n1-nev21005810n12">
<ptxt id="nev13714000n1-nev21005810n13">
<torque id="nev13714000n1-nev21005368n59">
<ref id="nev13714000n1-nev21005368n57"/>
</torque>
</ptxt>
</para>
</graphtext>
</grate>
</procstep>
<procstep id="nev13714000n1-nev21003261n45">
<grate id="nev13714000n1-nev21005810n10">
<graphic id="nev13714000n1-nev21005810n11">
<href>0900c8af8638b8b#@#@#9#.jpeg</href>
</graphic>
<graphtext id="nev13714000n1-nev21005862n1">
<para id="nev13714000n1-nev21005810n8">
<ptxt id="nev13714000n1-nev21005810n9">Fold marked par#@#@#3#side.</ptxt>
</para>
</graphtext>
</grate>
</procstep>
<procstep id="nev13714000n1-nev21003261n40">
<grate id="nev13714000n1-nev21005810n6">
<graphic id="nev13714000n1-nev21005810n7">
<href>0900c8af8638b8b#@#@#9#.jpeg</href>
</graphic>
<graphtext id="nev13714000n1-nev21005866n1">
<para id="nev13714000n1-nev21005810n4">
<ptxt id="nev13714000n1-nev21005810n5">Remove the nut.</ptxt>
</para>
<para id="nev13714000n1-nev21005810n2">
<ptxt id="nev13714000n1-nev21005810n3">
<torque id="nev13714000n1-nev21003262n64">
<ref id="nev13714000n1-nev20939806n95"/>
</torque>
</ptxt>
</para>
</graphtext>
</grate>
</procstep>
<procstep id="nev13714000n1-nev21003261n32">
<grate id="nev13714000n1-nev21005811n100">
<graphic id="nev13714000n1-nev21005810n1">
<href>0900c8af860037a#@#@#9#.jpeg</href>
</graphic>
<graphtext id="nev13714000n1-nev21005873n1">
<para id="nev13714000n1-nev21005811n98">
<ptxt id="nev13714000n1-nev21005811n99">Remove the mark#@#@#3#part.</ptxt>
</para>
</graphtext>
</grate>
</procstep>
<procstep id="nev13714000n1-nev21003261n27">
<grate id="nev13714000n1-nev21005811n96">
<graphic id="nev13714000n1-nev21005811n97">
<href>0900c8af85ff966#@#@#9#.jpeg</href>
</graphic>
<graphtext id="nev13714000n1-nev21005877n1">
<para id="nev13714000n1-nev21005811n94">
<ptxt id="nev13714000n1-nev21005811n95">Remove the nut.</ptxt>
</para>
<para id="nev13714000n1-nev21005811n92">
<ptxt id="nev13714000n1-nev21005811n93">
<torque id="nev13714000n1-nev21003262n53">
<ref id="nev13714000n1-nev20939806n81"/>
</torque>
</ptxt>
</para>
<para id="nev13714000n1-nev21005811n90">
<ptxt id="nev13714000n1-nev21005811n91">Fold marked par#@#@#3#side.</ptxt>
</para>
</graphtext>
</grate>
</procstep>
<procstep id="nev13714000n1-nev21003261n17">
<grate id="nev13714000n1-nev21005811n88">
<graphic id="nev13714000n1-nev21005811n89">
<href>0900c8af8620483#@#@#9#.jpeg</href>
</graphic>
<graphtext id="nev13714000n1-nev21005884n1">
<para id="nev13714000n1-nev21005811n86">
<ptxt id="nev13714000n1-nev21005811n87">Loosen the clips.</ptxt>
</para>
</graphtext>
</grate>
</procstep>
<procstep id="nev13714000n1-nev21005811n85">
<grate id="nev13714000n1-nev21005811n83">
<graphic id="nev13714000n1-nev21005811n84">
<href>0900c8af86412fb#@#@#9#.jpeg</href>
</graphic>
<graphtext id="nev13714000n1-nev21005888n1">
<para id="nev13714000n1-nev21005811n81">
<ptxt id="nev13714000n1-nev21005811n82">Remove the mark#@#@#3#part.</ptxt>
</para>
</graphtext>
</grate>
</procstep>
</stepgrp>
<stepgrp boilerplate="false" context="" id="nev13714000n1-nev21005811n80">
<title id="nev13714000n1-0800c8af844a46f9">Installation</title>
<procstep id="nev13714000n1-nev21003261n10">
<para id="nev13714000n1-nev21005811n78">
<ptxt id="nev13714000n1-nev21005811n79">To install, rev#@#@#22#dure.</ptxt>
</para>
</procstep>
</stepgrp>
</procedure>
</servinfosub>