<?xml version="1.0" encoding="UTF-8"?><script xmlns:nevis="http://www.volvocars.com/namespaces/processing" xmlns:xlink="http://www.w3.org/1999/xlink" IE-ID="en-US0900c8af83242c07" docno="VCC-280419" id="nev11262890n1" nevis:expl-profile="mdl124yr2007eng191, mdl124yr2008eng191, mdl135yr2008eng191, mdl124yr2009eng191, mdl135yr2009eng191, mdl135yr2009eng200, mdl124yr2009eng200, mdl144yr2009eng191, mdl124yr2010eng200, mdl144yr2010eng191, mdl124yr2010eng213, mdl124yr2010eng214, mdl135yr2010eng213, mdl135yr2010eng214, mdl124yr2011eng200, mdl124yr2011eng213, mdl135yr2011eng213, mdl134yr2011eng225, mdl124yr2011eng214, mdl135yr2011eng214, mdl134yr2012eng225, mdl135yr2012eng214, mdl124yr2012eng214, mdl144yr2008eng191" nevis:profile="urn:x-nevis:profile:0b00c8af8280d16b urn:x-nevis:profile:0b00c8af838b9dc7 urn:x-nevis:profile:0b00c8af839e8ec9 urn:x-nevis:profile:0b00c8af83f1dd06 urn:x-nevis:profile:0b00c8af83f2380e urn:x-nevis:profile:0b00c8af83f23b9e urn:x-nevis:profile:0b00c8af83f23f70 urn:x-nevis:profile:0b00c8af83f4b293 urn:x-nevis:profile:0b00c8af84116a2b urn:x-nevis:profile:0b00c8af8414d8ce urn:x-nevis:profile:0b00c8af848b2b82 urn:x-nevis:profile:0b00c8af848b2bfe urn:x-nevis:profile:0b00c8af848d3135 urn:x-nevis:profile:0b00c8af848d31ba urn:x-nevis:profile:0b00c8af8494c64a urn:x-nevis:profile:0b00c8af84adc9de urn:x-nevis:profile:0b00c8af84adcfc1 urn:x-nevis:profile:0b00c8af84be066b urn:x-nevis:profile:0b00c8af84bfb4f9 urn:x-nevis:profile:0b00c8af84bfb528 urn:x-nevis:profile:0b00c8af84ebf0e2 urn:x-nevis:profile:0b00c8af851e84a1 urn:x-nevis:profile:0b00c8af85339261 urn:x-nevis:profile:0b00c8af854bcc13" nevis:projectdocument="urn:x-nevis:projectdocument:0800c8af83242c06" nevis:resource="0900c8af8354cf93" nevis:resource2="urn:x-nevis:fragment:0900c8af83242c07:0900c8af8354cf93#nev11262890n1" nevis:session-id="" qualifierinfotype="14:00" type="" xml:lang="en-US"><title>MISSFIRE COUNTE#@#@#21#06w05</title><content gui="1" height="150" id="nev11262891n1-nev11262890n3" nevis:expl-profile="mdl124yr2007eng191, mdl124yr2008eng191, mdl135yr2008eng191, mdl124yr2009eng191, mdl135yr2009eng191, mdl135yr2009eng200, mdl124yr2009eng200, mdl144yr2009eng191, mdl124yr2010eng200, mdl144yr2010eng191, mdl124yr2010eng213, mdl124yr2010eng214, mdl135yr2010eng213, mdl135yr2010eng214, mdl124yr2011eng200, mdl124yr2011eng213, mdl135yr2011eng213, mdl134yr2011eng225, mdl124yr2011eng214, mdl135yr2011eng214, mdl134yr2012eng225, mdl135yr2012eng214, mdl124yr2012eng214, mdl144yr2008eng191" nevis:idfrom="nev11262891n1" nevis:prefix="nev11262891n1" nevis:profile="urn:x-nevis:profile:0b00c8af8280d16b urn:x-nevis:profile:0b00c8af838b9dc7 urn:x-nevis:profile:0b00c8af839e8ec9 urn:x-nevis:profile:0b00c8af83f1dd06 urn:x-nevis:profile:0b00c8af83f2380e urn:x-nevis:profile:0b00c8af83f23b9e urn:x-nevis:profile:0b00c8af83f23f70 urn:x-nevis:profile:0b00c8af83f4b293 urn:x-nevis:profile:0b00c8af84116a2b urn:x-nevis:profile:0b00c8af8414d8ce urn:x-nevis:profile:0b00c8af848b2b82 urn:x-nevis:profile:0b00c8af848b2bfe urn:x-nevis:profile:0b00c8af848d3135 urn:x-nevis:profile:0b00c8af848d31ba urn:x-nevis:profile:0b00c8af8494c64a urn:x-nevis:profile:0b00c8af84adc9de urn:x-nevis:profile:0b00c8af84adcfc1 urn:x-nevis:profile:0b00c8af84be066b urn:x-nevis:profile:0b00c8af84bfb4f9 urn:x-nevis:profile:0b00c8af84bfb528 urn:x-nevis:profile:0b00c8af84ebf0e2 urn:x-nevis:profile:0b00c8af851e84a1 urn:x-nevis:profile:0b00c8af85339261 urn:x-nevis:profile:0b00c8af854bcc13" nevis:resource="0900c8af8354cf91" nevis:resource2="urn:x-nevis:fragment:0900c8af83242c07:0900c8af8354cf91#nev11262890n3" width="400" xml:lang="en-US"><nodes id="nev11262891n1-nev11676880n1"><node class="Components.StartNode" id="nev11262891n1-nev11676881n1" nodeid="Start" x="17" y="58"/><node class="Components.Gui.ParameterLabel" id="nev11262891n1-nev11676882n1" nodeid="ParameterLabel1" x="611" y="7"><gui height="70" id="nev11262891n1-nev11676883n1" width="380" x="10" y="10"/><property class="Parameter" id="nev11262891n1-nev11676884n1" name="Parameter" type="In" value="" visible="1"/><property class="String" id="nev11262891n1-nev11676885n1" name="Title" type="In" value="" visible="1"/><property class="String" id="nev11262891n1-nev11676886n1" name="Value" type="In" value="" visible="1"/><property class="String" id="nev11262891n1-nev11676887n1" name="Unit" type="In" value="" visible="1"/></node><node class="Components.ScriptComponent" id="nev11262891n1-nev11676888n1" nodeid="ScriptComponent1" x="351" y="388"/><node class="Components.ScriptButton" id="nev11262891n1-nev11676889n1" nodeid="ScriptButton1" x="27" y="387"><gui height="30" id="nev11262891n1-nev11676890n1" width="110" x="280" y="100"/><property class="String" id="nev11262891n1-nev11676891n1" name="Text" type="In" value="Hide" visible="0"/><property class="String" id="nev11262891n1-nev11676892n1" name="StartDisabled" type="Internal" value="false" visible="1"/><extension id="nev11262891n1-nev11676893n1"><phrase category="Faulttracing" id="nev11262891n1-nev11263295n1" phrase-urn="urn:x-nevis:phrase:0800c8af828fe792">Hide</phrase></extension></node><node class="Components.IdentifierComponent" id="nev11262891n1-nev11676894n1" nodeid="IdentifierComponent1" x="419" y="7"><property class="Parameter" id="nev11262891n1-nev11676895n1" name="Misfire counter, emission agitation" type="Out" value="" visible="1"/><extension id="nev11262891n1-nev11676896n1"><identifier ecu="284101" ecuMode="EcuType" id="nev11262891n1-nev11676897n1" read="100" type="REID" value="DBA3"><parameter id="nev11262891n1-nev11676898n1" name="Misfire counter, emission agitation" textid="72808"/></identifier></extension></node><node class="Components.Repeater" id="nev11262891n1-nev11676899n1" nodeid="Repeater1" x="224" y="64"><property class="Int" id="nev11262891n1-nev11676900n1" name="Wait" type="Internal" value="500" visible="1"/><property class="Int" id="nev11262891n1-nev11676901n1" name="NoOfRepeats" type="Internal" value="0" visible="1"/></node></nodes><handlers id="nev11262891n1-nev11676902n1"><eventhandler id="nev11262891n1-nev11676903n1" name="OnStart" node="Start"><call id="nev11262891n1-nev11676904n1" method="UpdateTitles" node="IdentifierComponent1"/><call id="nev11262891n1-nev11676905n1" method="Start" node="Repeater1"/></eventhandler><eventhandler id="nev11262891n1-nev11676906n1" name="Click" node="ScriptButton1"><call id="nev11262891n1-nev11676907n1" method="CloseDialog" node="ScriptComponent1"/></eventhandler><eventhandler id="nev11262891n1-nev11676908n1" name="OnRepeat" node="Repeater1"><call id="nev11262891n1-nev11676909n1" method="Read" node="IdentifierComponent1"/></eventhandler><propertyhandler id="nev11262891n1-nev11676910n1" name="Misfire counter, emission agitation" node="IdentifierComponent1"><set id="nev11262891n1-nev11676911n1" node="ParameterLabel1" property="Parameter"/></propertyhandler></handlers></content></script>