<?xml version="1.0" encoding="UTF-8"?><servinfosub IE-ID="en-US0900c8af84a1ac07" docno="VCC-370366" id="nev13719510n1" original="sv-SE" servinfosubId="nev13719511n1-nev14748878n1" servinfosubRes="0900c8af84bbac15" servinfosubRes2="urn:x-nevis:fragment:0900c8af84a1ac07:0900c8af84bbac15#nev14748878n1" xml:lang="en-US">
<operationnumbers>
<operationnumber>28322-2</operationnumber>
</operationnumbers>
<title id="nev13727510n39">Camshaft positi#@#@#18# side</title>
<procedure id="nev13719511n1-nev14994224n64">
<stepgrp boilerplate="false" context="" id="nev13719511n1-nev15028210n68">
<title id="nev13719511n1-nev15010343n72">Removal</title>
<procstep id="nev13719511n1-nev14994227n5">
<note id="nev13719511n1-nev15010343n71">
<ptxt>Removal steps i#@#@#45#ails.</ptxt>
</note>
</procstep>
<procstep id="nev13719511n1-nev14994224n79">
<grate id="nev13719511n1-nev14994224n60">
<graphic id="nev13719511n1-nev14994224n61">
<href>0900c8af84b1ac9#@#@#9#.jpeg</href>
</graphic>
</grate>
</procstep>
<procstep id="nev13719511n1-nev14994224n66">
<grate id="nev13719511n1-nev14994224n58">
<graphic id="nev13719511n1-nev14994224n59">
<href>0900c8af84b2532#@#@#9#.jpeg</href>
</graphic>
<graphtext id="nev13719511n1-nev15028231n1">
<para id="nev13719511n1-nev15028210n64">
<ptxt id="nev13719511n1-nev15028210n65">
<torque id="nev13719511n1-nev14994228n70">
<ref id="nev13719511n1-nev14994228n68"/>
</torque>
</ptxt>
</para>
</graphtext>
</grate>
</procstep>
<procstep id="nev13719511n1-nev14994225n28">
<grate id="nev13719511n1-nev14994228n65">
<graphic id="nev13719511n1-nev14994228n66">
<href>0900c8af84b2539#@#@#9#.jpeg</href>
</graphic>
<graphtext id="nev13719511n1-nev15028238n1">
<para id="nev13719511n1-nev15028210n60">
<ptxt id="nev13719511n1-nev15028210n62">
<torque id="nev13719511n1-nev15028210n63">
<ref id="nev13719511n1-nev15028210n61"/>
</torque>
</ptxt>
</para>
</graphtext>
</grate>
</procstep>
</stepgrp>
<stepgrp boilerplate="false" context="" id="nev13719511n1-nev15028210n59">
<title id="nev13719511n1-nev15010343n67">Installation</title>
<procstep id="nev13719511n1-nev14994226n86">
<para id="nev13719511n1-nev15028210n55">
<ptxt id="nev13719511n1-nev15028210n56">To install, rev#@#@#22#dure.</ptxt>
</para>
</procstep>
</stepgrp>
</procedure>
</servinfosub>