<?xml version="1.0" encoding="UTF-8"?><servinfosub IE-ID="en-US0900c8af81bb5c07" docno="VCC-059289" id="KC07762906" servinfosubId="nev20683359n1-nev20683359n2" servinfosubRes="0900c8af862b9395" servinfosubRes2="urn:x-nevis:fragment:0900c8af81bb5c07:0900c8af862b9395#nev20683359n2" xml:lang="en-US">
<title>Exhaust System</title>
<grate>
<graphic id="nev20683359n1-KC07763032" width="column">
<href>0900c8af8012e06#@#@#9#.jpeg</href>
</graphic>
<graphtext>
<para>
<ptxt>Inspect the exh#@#@#67#ents.</ptxt>
</para>
<list1 enumtype="b" type="unordered">
<title>Check the:</title>
<item>
<ptxt>Exhaust pipes</ptxt>
</item>
<item>
<ptxt>Heat shields</ptxt>
</item>
<item>
<ptxt>Three way catal#@#@#15#(TWC)</ptxt>
</item>
<item>
<ptxt>Exhaust manifold</ptxt>
</item>
<item>
<ptxt>Idle vibration #@#@#36#
box)</ptxt>
</item>
<item>
<ptxt>Check tightness#@#@#32#ket.
</ptxt>
</item>
</list1>
<para>
<ptxt>Check manifold #@#@#33#ness.</ptxt>
</para>
</graphtext>
</grate>
</servinfosub>