<?xml version="1.0" encoding="UTF-8"?><servinfosub IE-ID="en-US0900c8af85eddc07" docno="VCC-370364" id="nev13719495n1" original="sv-SE" servinfosubId="nev13719496n1-nev13719504n1" servinfosubRes="0900c8af85eddc5e" servinfosubRes2="urn:x-nevis:fragment:0900c8af85eddc07:0900c8af85eddc5e#nev13719504n1" xml:lang="en-US">
<operationnumbers>
<operationnumber>28422-2</operationnumber>
</operationnumbers>
<title id="nev13719494n26">Manifold absolu#@#@#17#ensor</title>
<procedure id="nev13719496n1-nev13719501n52">
<stepgrp boilerplate="false" context="" id="nev13719496n1-nev19471102n31">
<title id="nev13719496n1-0800c8af844a46f6">Removal</title>
<procstep id="nev13719496n1-nev13909046n72">
<grate id="nev13719496n1-nev19471102n29">
<graphic id="nev13719496n1-nev19471102n30">
<href>0900c8af8353f54#@#@#9#.jpeg</href>
</graphic>
</grate>
</procstep>
<procstep id="nev13719496n1-nev13909046n71">
<grate id="nev13719496n1-nev19471102n27">
<graphic id="nev13719496n1-nev19471102n28">
<href>0900c8af83547d1#@#@#9#.jpeg</href>
</graphic>
</grate>
</procstep>
</stepgrp>
<stepgrp boilerplate="false" context="" id="nev13719496n1-nev19471102n26">
<title id="nev13719496n1-0800c8af844a46f9">Installation</title>
<procstep id="nev13719496n1-nev13719501n62">
<para id="nev13719496n1-nev19471102n24">
<ptxt id="nev13719496n1-nev19471102n25">To install, rev#@#@#22#dure.</ptxt>
</para>
</procstep>
</stepgrp>
</procedure>
</servinfosub>