<?xml version="1.0" encoding="UTF-8"?><script xmlns:nevis="http://www.volvocars.com/namespaces/processing" xmlns:xlink="http://www.w3.org/1999/xlink" IE-ID="en-US0900c8af85af3c07" docno="VCC-236264" id="nev10130429n1" nevis:expl-profile="mdl184yr2005, mdl295yr2005, mdl384yr2005, mdl285yr2005, mdl275yr2005, mdl275yr2006, mdl285yr2006, mdl295yr2006, mdl384yr2006, mdl184yr2006, mdl384yr2007, mdl285yr2007, mdl295yr2007, mdl275yr2007, mdl275yr2008, mdl285yr2008, mdl384yr2008, mdl275yr2009, mdl384yr2009, mdl275yr2010, mdl275yr2011, mdl275yr2012" nevis:profile="urn:x-nevis:profile:0b00c8af80da2572 urn:x-nevis:profile:0b00c8af80da2577 urn:x-nevis:profile:0b00c8af80da257a urn:x-nevis:profile:0b00c8af80da26dc urn:x-nevis:profile:0b00c8af8117443b urn:x-nevis:profile:0b00c8af822b0968 urn:x-nevis:profile:0b00c8af822b096a urn:x-nevis:profile:0b00c8af822b096c urn:x-nevis:profile:0b00c8af822b09b7 urn:x-nevis:profile:0b00c8af823216de urn:x-nevis:profile:0b00c8af82e3b020 urn:x-nevis:profile:0b00c8af82e48186 urn:x-nevis:profile:0b00c8af82e48550 urn:x-nevis:profile:0b00c8af82e48817 urn:x-nevis:profile:0b00c8af838ba0b2 urn:x-nevis:profile:0b00c8af83affc41 urn:x-nevis:profile:0b00c8af83b00078 urn:x-nevis:profile:0b00c8af83f1a29a urn:x-nevis:profile:0b00c8af83f2e56a urn:x-nevis:profile:0b00c8af8414e54b urn:x-nevis:profile:0b00c8af84983e6d urn:x-nevis:profile:0b00c8af84eb8103" nevis:projectdocument="urn:x-nevis:projectdocument:0800c8af81d759ab" nevis:resource="0900c8af83556eed" nevis:resource2="urn:x-nevis:fragment:0900c8af85af3c07:0900c8af83556eed#nev10130429n1" nevis:session-id="" qualifierinfotype="14:00" type="" xml:lang="en-US"><title>Read/program da#@#@#23#2004-</title><content gui="1" height="325" id="nev10130430n1-nev10130429n3" nevis:expl-profile="mdl184yr2005, mdl295yr2005, mdl384yr2005, mdl285yr2005, mdl275yr2005, mdl275yr2006, mdl285yr2006, mdl295yr2006, mdl384yr2006, mdl184yr2006, mdl384yr2007, mdl285yr2007, mdl295yr2007, mdl275yr2007, mdl275yr2008, mdl285yr2008, mdl384yr2008, mdl275yr2009, mdl384yr2009, mdl275yr2010, mdl275yr2011, mdl275yr2012" nevis:idfrom="nev10130430n1" nevis:prefix="nev10130430n1" nevis:profile="urn:x-nevis:profile:0b00c8af80da2572 urn:x-nevis:profile:0b00c8af80da2577 urn:x-nevis:profile:0b00c8af80da257a urn:x-nevis:profile:0b00c8af80da26dc urn:x-nevis:profile:0b00c8af8117443b urn:x-nevis:profile:0b00c8af822b0968 urn:x-nevis:profile:0b00c8af822b096a urn:x-nevis:profile:0b00c8af822b096c urn:x-nevis:profile:0b00c8af822b09b7 urn:x-nevis:profile:0b00c8af823216de urn:x-nevis:profile:0b00c8af82e3b020 urn:x-nevis:profile:0b00c8af82e48186 urn:x-nevis:profile:0b00c8af82e48550 urn:x-nevis:profile:0b00c8af82e48817 urn:x-nevis:profile:0b00c8af838ba0b2 urn:x-nevis:profile:0b00c8af83affc41 urn:x-nevis:profile:0b00c8af83b00078 urn:x-nevis:profile:0b00c8af83f1a29a urn:x-nevis:profile:0b00c8af83f2e56a urn:x-nevis:profile:0b00c8af8414e54b urn:x-nevis:profile:0b00c8af84983e6d urn:x-nevis:profile:0b00c8af84eb8103" nevis:resource="0900c8af83556eef" nevis:resource2="urn:x-nevis:fragment:0900c8af85af3c07:0900c8af83556eef#nev10130429n3" width="790" xml:lang="en-US"><nodes id="nev10130430n1-nev11682465n1"><node class="Components.StartNode" id="nev10130430n1-nev11682466n1" nodeid="Start" x="35" y="36"/><node class="Components.ScriptComponent" id="nev10130430n1-nev11682467n1" nodeid="ScriptComponent1" x="299" y="683"/><node class="Components.ScriptButton" id="nev10130430n1-nev11682468n1" nodeid="Activate" x="34" y="160"><gui height="30" id="nev10130430n1-nev11682469n1" width="370" x="15" y="235"/><property class="String" id="nev10130430n1-nev11682470n1" name="Text" type="In" value="" visible="0"/><property class="String" id="nev10130430n1-nev11682471n1" name="StartDisabled" type="Internal" value="false" visible="1"/><property class="String" id="nev10130430n1-nev11682472n1" name="StartVisible" type="Internal" value="true" visible="1"/><extension id="nev10130430n1-nev11682473n1"><phrase category="Faulttracing" id="nev10130430n1-nev10130682n1" phrase-urn="urn:x-nevis:phrase:0800c8af8178a38e">Start programming</phrase></extension></node><node class="Components.ScriptButton" id="nev10130430n1-nev11682474n1" nodeid="Hide" x="7" y="681"><gui height="30" id="nev10130430n1-nev11682475n1" width="110" x="670" y="285"/><property class="String" id="nev10130430n1-nev11682476n1" name="Text" type="In" value="" visible="0"/><property class="String" id="nev10130430n1-nev11682477n1" name="StartDisabled" type="Internal" value="false" visible="1"/><property class="String" id="nev10130430n1-nev11682478n1" name="StartVisible" type="Internal" value="true" visible="1"/><extension id="nev10130430n1-nev11682479n1"><phrase category="Faulttracing" id="nev10130430n1-nev10130724n1" phrase-urn="urn:x-nevis:phrase:0800c8af81b6b138">Hide</phrase></extension></node><node class="Components.Gui.ActivationList" id="nev10130430n1-nev11682480n1" nodeid="ActivationList1" x="339" y="205"><gui height="105" id="nev10130430n1-nev11682481n1" width="370" x="15" y="105"/><extension id="nev10130430n1-nev11682482n1"><identifier ecu="372302" ecuMode="EcuType" id="nev10130430n1-nev11682483n1" read="2" type="BLOFF" value="81" write="17"><parameter id="nev10130430n1-nev11682484n1" name="Daytime running lights" textid="75837"><value id="nev10130430n1-nev11682485n1" textid="20531"/><value id="nev10130430n1-nev11682486n1" textid="20532"/><value id="nev10130430n1-nev11682487n1" textid="20533"/><value id="nev10130430n1-nev11682488n1" textid="62223"/></parameter></identifier></extension></node><node class="Components.IdentifierComponent" id="nev10130430n1-nev11682489n1" nodeid="IdentifierComponent1" x="342" y="51"><property class="Parameter" id="nev10130430n1-nev11682490n1" name="Daytime running lights" type="Out" value="" visible="1"/><extension id="nev10130430n1-nev11682491n1"><identifier ecu="372302" ecuMode="EcuType" id="nev10130430n1-nev11682492n1" read="2" type="BLOFF" value="81"><parameter id="nev10130430n1-nev11682493n1" name="Daytime running lights" textid="75837"/></identifier></extension></node><node class="Components.Gui.ParameterLabel" id="nev10130430n1-nev11682494n1" nodeid="ParameterLabel1" x="654" y="46"><gui height="72" id="nev10130430n1-nev11682495n1" width="370" x="15" y="15"/><property class="Parameter" id="nev10130430n1-nev11682496n1" name="Parameter" type="In" value="" visible="1"/><property class="String" id="nev10130430n1-nev11682497n1" name="Title" type="In" value="" visible="1"/><property class="String" id="nev10130430n1-nev11682498n1" name="Value" type="In" value="" visible="1"/><property class="String" id="nev10130430n1-nev11682499n1" name="Unit" type="In" value="" visible="1"/></node><node class="Components.IdentifierComponent" id="nev10130430n1-nev11682500n1" nodeid="IdentifierComponent2" x="348" y="354"><property class="Parameter" id="nev10130430n1-nev11682501n1" name="DRL, status" type="Out" value="" visible="1"/><extension id="nev10130430n1-nev11682502n1"><identifier ecu="372302" ecuMode="EcuType" id="nev10130430n1-nev11682503n1" read="2" type="BLOFF" value="83"><parameter id="nev10130430n1-nev11682504n1" name="DRL, status" textid="76648"/></identifier></extension></node><node class="Components.Gui.ParameterLabel" id="nev10130430n1-nev11682505n1" nodeid="ParameterLabel2" x="496" y="385"><gui height="70" id="nev10130430n1-nev11682506n1" width="370" x="410" y="15"/><property class="Parameter" id="nev10130430n1-nev11682507n1" name="Parameter" type="In" value="" visible="1"/><property class="String" id="nev10130430n1-nev11682508n1" name="Title" type="In" value="" visible="1"/><property class="String" id="nev10130430n1-nev11682509n1" name="Value" type="In" value="" visible="1"/><property class="String" id="nev10130430n1-nev11682510n1" name="Unit" type="In" value="" visible="1"/></node><node class="Components.Gui.ActivationList" id="nev10130430n1-nev11682511n1" nodeid="ActivationList2" x="348" y="528"><gui height="105" id="nev10130430n1-nev11682512n1" width="370" x="410" y="105"/><extension id="nev10130430n1-nev11682513n1"><identifier ecu="372302" ecuMode="EcuType" id="nev10130430n1-nev11682514n1" read="2" type="BLOFF" value="83" write="17"><parameter id="nev10130430n1-nev11682515n1" name="DRL, status" textid="76648"><value id="nev10130430n1-nev11682516n1" textid="67471"/><value id="nev10130430n1-nev11682517n1" textid="75838"/><value id="nev10130430n1-nev11682518n1" textid="4114"/></parameter></identifier></extension></node><node class="Components.ScriptButton" id="nev10130430n1-nev11682519n1" nodeid="ScriptButton1" x="43" y="465"><gui height="30" id="nev10130430n1-nev11682520n1" width="370" x="410" y="235"/><property class="String" id="nev10130430n1-nev11682521n1" name="Text" type="In" value="" visible="1"/><property class="String" id="nev10130430n1-nev11682522n1" name="StartDisabled" type="Internal" value="false" visible="1"/><property class="String" id="nev10130430n1-nev11682523n1" name="StartVisible" type="Internal" value="true" visible="1"/><extension id="nev10130430n1-nev11682524n1"><phrase category="Faulttracing" id="nev10130430n1-nev10130683n1" phrase-urn="urn:x-nevis:phrase:0800c8af8178a38e">Start programming</phrase></extension></node></nodes><handlers id="nev10130430n1-nev11682525n1"><eventhandler id="nev10130430n1-nev11682526n1" name="OnStart" node="Start"><call id="nev10130430n1-nev11682527n1" method="UpdateTitles" node="IdentifierComponent1"/><call id="nev10130430n1-nev11682528n1" method="Read" node="IdentifierComponent1"/><call id="nev10130430n1-nev11682529n1" method="UpdateTitles" node="IdentifierComponent2"/><call id="nev10130430n1-nev11682530n1" method="Read" node="IdentifierComponent2"/></eventhandler><eventhandler id="nev10130430n1-nev11682531n1" name="Click" node="Hide"><call id="nev10130430n1-nev11682532n1" method="CloseDialog" node="ScriptComponent1"/></eventhandler><eventhandler id="nev10130430n1-nev11682533n1" name="Click" node="Activate"><call id="nev10130430n1-nev11682534n1" method="ActivateSelected" node="ActivationList1"/><call id="nev10130430n1-nev11682535n1" method="Read" node="IdentifierComponent1"/></eventhandler><eventhandler id="nev10130430n1-nev11682536n1" name="OnPositiveResponse" node="ActivationList1"><call id="nev10130430n1-nev11682537n1" method="Read" node="IdentifierComponent1"/></eventhandler><eventhandler id="nev10130430n1-nev11682538n1" name="Click" node="ScriptButton1"><call id="nev10130430n1-nev11682539n1" method="ActivateSelected" node="ActivationList2"/><call id="nev10130430n1-nev11682540n1" method="Read" node="IdentifierComponent2"/></eventhandler><eventhandler id="nev10130430n1-nev11682541n1" name="OnPositiveResponse" node="ActivationList2"><call id="nev10130430n1-nev11682542n1" method="Read" node="IdentifierComponent2"/></eventhandler><propertyhandler id="nev10130430n1-nev11682543n1" name="Daytime running lights" node="IdentifierComponent1"><set id="nev10130430n1-nev11682544n1" node="ParameterLabel1" property="Parameter"/></propertyhandler><propertyhandler id="nev10130430n1-nev11682545n1" name="DRL, status" node="IdentifierComponent2"><set id="nev10130430n1-nev11682546n1" node="ParameterLabel2" property="Parameter"/></propertyhandler></handlers></content></script>