<?xml version="1.0" encoding="UTF-8"?><servinfosub IE-ID="en-US0900c8af858a0c07" docno="VCC-447996" id="nev17779564n1" original="sv-SE" servinfosubId="nev20689033n1-nev20689033n2" servinfosubRes="0900c8af862c3e97" servinfosubRes2="urn:x-nevis:fragment:0900c8af858a0c07:0900c8af862c3e97#nev20689033n2" xml:lang="en-US">
<title id="nev17779564n2">Downloading sof#@#@#33#odule</title>
<topic id="nev20689033n1-nev17779564n3">
<title id="nev20689033n1-nev17779564n4"/>
<para id="nev20689033n1-nev17779564n5">
<ptxt id="nev20689033n1-nev17779564n6">It is possible #@#@#91# FLR.</ptxt>
</para>
<para id="nev20689033n1-nev17779564n7">
<ptxt id="nev20689033n1-nev17779564n8">When replacing #@#@#188# set.</ptxt>
</para>
<para id="nev20689033n1-nev17851988n250">
<ptxt id="nev20689033n1-nev17851988n249">From structure #@#@#177#aded.</ptxt>
</para>
<para id="nev20689033n1-nev17851988n248">
<ptxt id="nev20689033n1-nev17851988n247">When the FLR is#@#@#80#ting.</ptxt>
</para>
<para id="nev20689033n1-nev17779564n10">
<ptxt id="nev20689033n1-nev17779565n1">When ordering s#@#@#161#dule.</ptxt>
<ptxt id="nev20689033n1-nev17779565n2">If the comparis#@#@#176#aded.</ptxt>
</para>
<para id="nev20689033n1-nev17779565n3">
<ptxt id="nev20689033n1-nev17779565n4">For more inform#@#@#65#ware.</ptxt>
</para>
</topic>
</servinfosub>