<?xml version="1.0" encoding="UTF-8"?><torqueinfo IE-ID="en-US0900c8af86cf9c07" docno="VCC-483944" id="nev23490031n83" original="sv-SE" torqueId="nev23490162n1-nev23490161n4" torqueRes="0900c8af86cf9d8e" torqueRes2="urn:x-nevis:fragment:0900c8af86cf9c07:0900c8af86cf9d8e#nev23490161n4" xml:lang="en-US">
<component id="nev23490031n82">Cover plate, to#@#@#11# (M8)</component>
<stage id="nev23490162n1-nev23490031n80">
<value id="nev23490162n1-nev23490031n79" loosen="false" unit="Nm">18</value>
</stage>
<stage id="nev23490162n1-nev23490031n78">
<value id="nev23490162n1-nev23490031n77" loosen="false" unit="Degree">90</value>
</stage>
</torqueinfo>