<?xml version="1.0" encoding="UTF-8"?><servinfosub IE-ID="en-US0900c8af85dff409" docno="VCC-370368" id="nev13713035n1" original="sv-SE" servinfosubId="nev13713036n1-nev19318450n1" servinfosubRes="0900c8af85feebe9" servinfosubRes2="urn:x-nevis:fragment:0900c8af85dff409:0900c8af85feebe9#nev19318450n1" xml:lang="en-US">
<operationnumbers>
<operationnumber>28402-2</operationnumber>
</operationnumbers>
<title id="nev13713034n12">Knock sensor</title>
<procedure id="nev13713036n1-nev19782862n100">
<stepgrp boilerplate="false" context="" id="nev13713036n1-nev19784155n72">
<title id="nev13713036n1-0800c8af844a46f6">Removal</title>
<procstep id="nev13713036n1-nev19784155n71">
<note id="nev13713036n1-nev19784155n70">
<ptxt>Removal steps i#@#@#45#ails.</ptxt>
</note>
</procstep>
<procstep id="nev13713036n1-nev19782862n97">
<para id="nev13713036n1-nev19784155n68">
<ptxt id="nev13713036n1-nev19784155n69">Remove intake m#@#@#2#ifold<xref boilerplate="true" id="nev13713036n1-0800c8af8456ca1f">
<ref id="nev13713036n1-nev19782862n94"/>
</xref>
</ptxt>
</para>
</procstep>
<procstep id="nev13713036n1-nev19782862n92">
<grate id="nev13713036n1-nev19784155n66">
<graphic id="nev13713036n1-nev19784155n67">
<href>0900c8af85fe962#@#@#9#.jpeg</href>
</graphic>
<graphtext id="nev13713036n1-nev19785526n1">
<para id="nev13713036n1-nev19784155n64">
<ptxt id="nev13713036n1-nev19784155n65">
<torque id="nev13713036n1-nev19782862n89">
<ref id="nev13713036n1-nev19782862n87"/>
</torque>
</ptxt>
</para>
<para id="nev13713036n1-nev19784155n62">
<ptxt id="nev13713036n1-nev19784155n63">Remove the screw.</ptxt>
</para>
</graphtext>
</grate>
</procstep>
<procstep id="nev13713036n1-nev19782862n83">
<grate id="nev13713036n1-nev19784155n60">
<graphic id="nev13713036n1-nev19784155n61">
<href>0900c8af85fe966#@#@#9#.jpeg</href>
</graphic>
<graphtext id="nev13713036n1-nev19785533n1">
<para id="nev13713036n1-nev19784155n58">
<ptxt id="nev13713036n1-nev19784155n59">Disconnect the #@#@#5#ctor.</ptxt>
</para>
</graphtext>
</grate>
</procstep>
<procstep id="nev13713036n1-nev19782862n78">
<grate id="nev13713036n1-nev19784155n56">
<graphic id="nev13713036n1-nev19784155n57">
<href>0900c8af85fe96e#@#@#9#.jpeg</href>
</graphic>
<graphtext id="nev13713036n1-nev19785537n1">
<note id="nev13713036n1-0800c8af844a42ea">
<ptxt>Note the positi#@#@#30#oval.</ptxt>
</note>
<para id="nev13713036n1-nev19784155n54">
<ptxt id="nev13713036n1-nev19784155n55">Remove the screw.</ptxt>
</para>
<para id="nev13713036n1-nev19784155n50">
<ptxt id="nev13713036n1-nev19784155n52">
<torque id="nev13713036n1-nev19784155n53">
<ref id="nev13713036n1-nev19784155n51"/>
</torque>
</ptxt>
</para>
</graphtext>
</grate>
</procstep>
</stepgrp>
<stepgrp boilerplate="false" context="" id="nev13713036n1-nev19784155n49">
<title id="nev13713036n1-0800c8af844a46f9">Installation</title>
<procstep id="nev13713036n1-nev19782862n69">
<para id="nev13713036n1-nev19784155n47">
<ptxt id="nev13713036n1-nev19784155n48">To install, rev#@#@#22#dure.</ptxt>
</para>
</procstep>
</stepgrp>
</procedure>
</servinfosub>