<?xml version="1.0" encoding="UTF-8"?><servinfosub IE-ID="en-US0900c8af835f3409" docno="VCC-292171" id="nev11802206n1" xml:lang="en-US">
<title>
<phrase category="" id="nev11802206n2" phrase-urn="urn:x-nevis:phrase:0800c8af823e5ed4">Diagnostic trou#@#@#33#42200</phrase>
</title>
<diagnostic j2008use="1" paperuse="1" screenuse="1" type="condition">
<condgrp>
<condition type="condition">
<ptxt>
<phrase category="" id="nev11802206n3" phrase-urn="urn:x-nevis:phrase:0800c8af823e5ed5">The central ele#@#@#61#work.</phrase>
</ptxt>
<ptxt>
<phrase category="" id="nev11802206n4" phrase-urn="urn:x-nevis:phrase:0800c8af823e5ed6">The diagnostic #@#@#125#ault.</phrase>
</ptxt>
<ptxt>
<phrase category="" id="nev11802206n5" phrase-urn="urn:x-nevis:phrase:0800c8af823e5ed7">The diagnostic #@#@#49#s on.</phrase>
</ptxt>
</condition>
</condgrp>
<condgrp>
<condition type="substitution">
<list1 enumtype="d" type="unordered">
<item>
<ptxt>
<phrase category="" id="nev11802206n6" phrase-urn="urn:x-nevis:phrase:0800c8af823e5ed8">Nothing.</phrase>
</ptxt>
</item>
</list1>
</condition>
<ps>
<list1 enumtype="d" type="unordered">
<item>
<ptxt>
<phrase category="" id="nev11802206n7" phrase-urn="urn:x-nevis:phrase:0800c8af823e5ed9">Open-circuit in#@#@#34#ring.</phrase>
</ptxt>
</item>
<item>
<ptxt>
<phrase category="" id="nev11802206n8" phrase-urn="urn:x-nevis:phrase:0800c8af823e5eda">Short-circuit b#@#@#40#ring.</phrase>
</ptxt>
</item>
<item>
<ptxt>
<phrase category="" id="nev11802206n9" phrase-urn="urn:x-nevis:phrase:0800c8af823e5edb">Internal fault #@#@#30#ECM).</phrase>
</ptxt>
</item>
<item>
<ptxt>
<phrase category="" id="nev11802206n10" phrase-urn="urn:x-nevis:phrase:0800c8af823e5edc">Internal fault #@#@#73#AN). </phrase>
</ptxt>
</item>
</list1>
</ps>
</condgrp>
<condgrp>
<condition type="symptom">
<list1 id="nev11802207n1">
<item id="nev11802207n2">
<ptxt id="nev11802207n3">
<phrase category="Symptom" id="nev11802207n4" phrase-urn="urn:x-nevis:phrase:0800c8af8223dd67">None</phrase>
</ptxt>
</item>
</list1>
</condition>
</condgrp>
</diagnostic>
</servinfosub>