<?xml version="1.0" encoding="UTF-8"?><servinfosub IE-ID="en-US0900c8af84de0409" docno="VCC-159474" id="KC06291713" xml:lang="en-US">
<title>
<phrase category="" id="KC09542820" phrase-urn="urn:x-nevis:phrase:0800c8af8271cceb">Activated too long</phrase>
</title>
<diagnostic j2008use="1" layout="1" paperuse="1" screenuse="1" type="test">
<testgrp IE-ID="en-US0900c8af84de0409_KC06321466" id="KC06321466" j2008use="1" paperuse="1" resumable="1" screenuse="1" testgrp-id="node1" x="180" y="80">
<title>
<phrase category="" id="KC09542821" phrase-urn="urn:x-nevis:phrase:0800c8af8271ccec">Checking switches</phrase>
</title>
<node>
<test1>
<diaglist>
<dgraphic>
<dgraphic1>
<graphic id="KC09542822">
<href>0900c8af80054d5#@#@#9#.jpeg</href>
</graphic>
</dgraphic1>
</dgraphic>
<ditem>
<ptxt>
<phrase category="" id="KC09542823" phrase-urn="urn:x-nevis:phrase:0800c8af8271cced">Ignition on.</phrase>
</ptxt>
</ditem>
</diaglist>
<test2>
<para>
<ptxt>
<phrase category="" id="KC09542824" phrase-urn="urn:x-nevis:phrase:0800c8af8271ccee">Check that the #@#@#186#omer.</phrase>
</ptxt>
</para>
<para>
<ptxt>
<phrase category="" id="KC09542825" phrase-urn="urn:x-nevis:phrase:0800c8af8271ccef">Check the funct#@#@#136#tion.</phrase>
</ptxt>
</para>
<para>
<ptxt>
<phrase category="" id="KC09542826" phrase-urn="urn:x-nevis:phrase:0800c8af8271ccf0">The value shoul#@#@#41#out. </phrase>
</ptxt>
</para>
<diaglist>
<dgraphic>
<dgraphic2>
<graphic id="KC09542827">
<href>0900c8af86c8681#@#@#9#.jpeg</href>
</graphic>
<smarttool active="press" id="KC09542828" toolname="YKVM0007"/>
</dgraphic2>
</dgraphic>
</diaglist>
<grate>
<graphic id="KC09542830">
<href>0900c8af8162116#@#@#9#.jpeg</href>
</graphic>
</grate>
</test2>
</test1>
<question>
Is the functio#@#@#1# OK?
</question>
<resact-grp>
<result button="yes" comp="button" highlight="0"/>
<action j2008use="1" paperuse="1" screenuse="1">
<ptxt>
<xref>
<ref id="KC09542832"/>
</xref>
</ptxt>
</action>
</resact-grp>
<resact-grp>
<result button="no" comp="button" highlight="0"/>
<action j2008use="1" paperuse="1" screenuse="1">
<ptxt>
<xref>
<ref id="KC09542833"/>
</xref>
</ptxt>
</action>
</resact-grp>
</node>
</testgrp>
<testgrp id="KC06321467" j2008use="1" paperuse="1" resumable="1" screenuse="1" testgrp-id="info1" x="280" y="220">
<title>
<phrase category="" id="KC09542834" phrase-urn="urn:x-nevis:phrase:0800c8af8271ccf3">Fault-tracing i#@#@#5#ation</phrase>
</title>
<node>
<test1>
<test2>
<para>
<ptxt>
<phrase category="" id="KC09542835" phrase-urn="urn:x-nevis:phrase:0800c8af8271ccf4">The keyless veh#@#@#415#curs.</phrase>
</ptxt>
</para>
</test2>
</test1>
<question>
Select Continue.
</question>
<resact-grp>
<result button="cont" comp="button" highlight="0"/>
<action j2008use="1" paperuse="1" screenuse="1">
<return value="FAULT NOT FOUND"/>
</action>
</resact-grp>
</node>
</testgrp>
<testgrp id="KC06321468" j2008use="1" paperuse="1" resumable="1" screenuse="1" testgrp-id="node3" x="80" y="220">
<title>
<phrase category="" id="KC09542837" phrase-urn="urn:x-nevis:phrase:0800c8af8271ccf6">Checking the wiring</phrase>
</title>
<node>
<test1>
<diaglist>
<dgraphic>
<dgraphic1>
<graphic id="KC09542838">
<href>0900c8af80054d4#@#@#9#.jpeg</href>
</graphic>
</dgraphic1>
</dgraphic>
<ditem>
<ptxt>
<phrase category="" id="KC09542839" phrase-urn="urn:x-nevis:phrase:0800c8af8271ccf7">Ignition off.</phrase>
</ptxt>
</ditem>
</diaglist>
<test2>
<para>
<ptxt>
<phrase category="" id="KC09542840" phrase-urn="urn:x-nevis:phrase:0800c8af8271ccf8">Check the cable#@#@#116#ound.</phrase>
</ptxt>
</para>
<list1 enumtype="d" type="unordered">
<title>
<phrase category="" id="KC09542841" phrase-urn="urn:x-nevis:phrase:0800c8af8271ccf9">Other information</phrase>
</title>
<item>
<ptxt>
<phrase category="" id="KC09542842" phrase-urn="urn:x-nevis:phrase:0800c8af8271ccfa">
<xref>
<ref id="KC09542843"/>
</xref>
</phrase>
</ptxt>
</item>
<item>
<ptxt>
<xref id="nev15361429n100">
<ref id="l1260534553743"/>
</xref>
</ptxt>
</item>
<item>
<ptxt>
<phrase category="" id="KC09542846" phrase-urn="urn:x-nevis:phrase:0800c8af8271ccfd">
<xref>
<ref id="KC09542847"/>
</xref>
</phrase>
</ptxt>
</item>
</list1>
<diaglist>
<dgraphic/>
</diaglist>
<grate>
<graphic id="KC09542848">
<href>0900c8af8162116#@#@#9#.jpeg</href>
</graphic>
</grate>
</test2>
</test1>
<question>
Was a fault de#@#@#3#ted?
</question>
<resact-grp>
<result button="yes" comp="button" highlight="0"/>
<action j2008use="1" paperuse="1" screenuse="1">
<ptxt>
<xref>
<ref id="KC09542850"/>
</xref>
</ptxt>
</action>
</resact-grp>
<resact-grp>
<result button="no" comp="button" highlight="0"/>
<action j2008use="1" paperuse="1" screenuse="1">
<ptxt>
<xref>
<ref id="KC09542851"/>
</xref>
</ptxt>
</action>
</resact-grp>
</node>
</testgrp>
<testgrp id="KC06321469" j2008use="1" paperuse="1" resumable="1" screenuse="1" testgrp-id="node4" x="80" y="380">
<title>
<phrase category="" id="KC09542852" phrase-urn="urn:x-nevis:phrase:0800c8af8271ccff">Replacing the c#@#@#3#onent</phrase>
</title>
<node>
<test1>
<test2>
<para>
<ptxt>
<phrase category="" id="KC09542853" phrase-urn="urn:x-nevis:phrase:0800c8af8271cd00">If no other fau#@#@#48#aced.</phrase>
</ptxt>
</para>
<list1 enumtype="d" type="unordered">
<title>
<phrase category="" id="KC09542854" phrase-urn="urn:x-nevis:phrase:0800c8af8271cd01">Other information</phrase>
</title>
<item>
<ptxt>
<phrase category="" id="KC09542855" phrase-urn="urn:x-nevis:phrase:0800c8af8271cd02">
<xref>
<ref id="KC09542856"/>
</xref>
</phrase>
</ptxt>
</item>
</list1>
</test2>
</test1>
<question>
Select Continue.
</question>
<resact-grp>
<result button="cont" comp="button" highlight="0"/>
<action j2008use="1" paperuse="1" screenuse="1">
<ptxt>
<xref>
<ref id="KC09542858"/>
</xref>
</ptxt>
</action>
</resact-grp>
</node>
</testgrp>
<testgrp id="KC06321470" j2008use="1" paperuse="1" resumable="1" screenuse="1" testgrp-id="verif" x="280" y="380">
<title>
<phrase category="" id="KC09542859" phrase-urn="urn:x-nevis:phrase:0800c8af8271cd04">Verification</phrase>
</title>
<subcalloutnode>
<diagcallout>
<xref>
<ref id="KC09542860"/>
</xref>
</diagcallout>
<rescall-grp>
<result comp="string" highlight="0" op="eq" return="VERIFICATION FAILED"/>
<calloutaction>
<ptxt>
<xref>
<ref id="KC09542861"/>
</xref>
</ptxt>
</calloutaction>
</rescall-grp>
<rescall-grp>
<result comp="string" highlight="0" op="eq" return="VERIFIED"/>
<calloutaction>
<return value="FAULT FOUND"/>
</calloutaction>
</rescall-grp>
</subcalloutnode>
</testgrp>
<testgrp id="KC06321471" j2008use="1" paperuse="1" resumable="1" screenuse="1" testgrp-id="info" x="180" y="520">
<title>
<phrase category="" id="KC09542862" phrase-urn="urn:x-nevis:phrase:0800c8af8271cd05">Fault-tracing i#@#@#5#ation</phrase>
</title>
<subcalloutnode>
<diagcallout>
<xref>
<ref id="KC09542863"/>
</xref>
</diagcallout>
<rescall-grp>
<result comp="string" highlight="0" op="eq" return="FAULTTRACING FAILED"/>
<calloutaction>
<return value="FAULTTRACING FAILED"/>
</calloutaction>
</rescall-grp>
<rescall-grp>
<result comp="string" highlight="0" op="eq" return="NEW TRY"/>
<calloutaction>
<ptxt>
<xref>
<ref id="KC09542864"/>
</xref>
</ptxt>
</calloutaction>
</rescall-grp>
</subcalloutnode>
</testgrp>
</diagnostic>
</servinfosub>