<?xml version="1.0" encoding="UTF-8"?><servinfosub IE-ID="en-US0900c8af8644f409" docno="VCC-471142" id="nev21074805n1" xml:lang="en-US">
<title>
<phrase category="Title" id="nev21074805n2" phrase-urn="urn:x-nevis:phrase:0800c8af81eb9a54">Diagnostic trou#@#@#21#ation</phrase>
<phrase category="Prefix" id="nev21074805n3" phrase-urn="urn:x-nevis:phrase:0800c8af8015c3f5">ECM</phrase>-P08A862</title>
<diagnostic j2008use="1" paperuse="1" screenuse="1" type="condition">
<condgrp>
<condition type="condition">
<grate>
<graphic id="nev21074805n4">
<href>0900c8af83d52b2#@#@#9#.jpeg</href>
</graphic>
<graphtext>
<ptxt>
<phrase category="Faulttracing" id="nev21074805n5" phrase-urn="urn:x-nevis:phrase:0800c8af859234fd">The engine cont#@#@#130# (2).</phrase>
<phrase category="Faulttracing" id="nev21074805n6" phrase-urn="urn:x-nevis:phrase:0800c8af85923506">Both sensors ar#@#@#51#ECM).</phrase>
</ptxt>
<para id="nev21074805n7">
<ptxt id="nev21074805n8">
<phrase category="Condition" id="nev21074805n9" phrase-urn="urn:x-nevis:phrase:0800c8af82c4843c">The diagnostic #@#@#59#that:</phrase>
</ptxt>
</para>
<list1 id="nev21074805n10">
<item id="nev21074806n1">
<ptxt id="nev21074806n2">
<phrase category="Condition" id="nev21074806n3" phrase-urn="urn:x-nevis:phrase:0800c8af83dcce23">The signal from#@#@#44#rect.</phrase>
</ptxt>
</item>
</list1>
<para id="nev21074806n4">
<ptxt id="nev21074806n5">
<phrase category="Condition" id="nev21074806n6" phrase-urn="urn:x-nevis:phrase:0800c8af82c479d6">The control mod#@#@#67#t of:</phrase>
</ptxt>
</para>
<list1 id="nev21074806n7">
<item id="nev21074806n8">
<ptxt id="nev21074806n9">
<phrase category="Condition" id="nev21074806n10" phrase-urn="urn:x-nevis:phrase:0800c8af82c7b4d3">Driving.</phrase>
</ptxt>
</item>
</list1>
<note id="nev21074807n1">
<ptxt id="nev21074807n2">
<phrase category="Condition" id="nev21074807n3" phrase-urn="urn:x-nevis:phrase:0800c8af82c4844b">The control mod#@#@#132# met.</phrase>
</ptxt>
</note>
</graphtext>
</grate>
</condition>
</condgrp>
<condgrp>
<condition type="substitution">
<list1 enumtype="d" type="unordered">
<item>
<ptxt>
<phrase category="Substitution" id="nev21074807n4" phrase-urn="urn:x-nevis:phrase:0800c8af849262e2">The function fo#@#@#35# off.</phrase>
</ptxt>
</item>
</list1>
</condition>
<ps>
<list1 enumtype="d" type="unordered">
<item>
<ptxt>
<phrase category="Possible source" id="nev21074807n5" phrase-urn="urn:x-nevis:phrase:0800c8af83cb9caf">Contact resista#@#@#48#ctor.</phrase>
</ptxt>
</item>
<item id="nev21074807n6">
<ptxt id="nev21074807n7">
<phrase category="Possible source" id="nev21074807n8" phrase-urn="urn:x-nevis:phrase:0800c8af851182ca">Damaged signal line.</phrase>
</ptxt>
</item>
<item id="nev21074807n9">
<ptxt id="nev21074807n10">
<phrase category="Possible source" id="nev21074808n1" phrase-urn="urn:x-nevis:phrase:0800c8af83f86ec4">Damaged clutch #@#@#8#nsor.</phrase>
</ptxt>
</item>
</list1>
</ps>
</condgrp>
<condgrp>
<condition type="symptom">
<list1 enumtype="d" type="unordered">
<item id="nev21074808n2">
<ptxt id="nev21074808n3">
<phrase category="Symptom CSC" id="nev21074808n4" phrase-urn="urn:x-nevis:phrase:0800c8af8388f44d">9Z, Starting/Au#@#@#16# work</phrase>
</ptxt>
</item>
<item id="nev21074808n5">
<ptxt id="nev21074808n6">
<phrase category="Symptom CSC" id="nev21074808n7" phrase-urn="urn:x-nevis:phrase:0800c8af84917218">3N, Idling/Auto#@#@#35# work</phrase>
</ptxt>
</item>
<item id="nev21074808n8">
<ptxt id="nev21074808n9">
<phrase category="Symptom CSC" id="nev21074808n10" phrase-urn="urn:x-nevis:phrase:0800c8af84917216">3M, Driving/Aut#@#@#36# work</phrase>
</ptxt>
</item>
<item id="nev21074809n1">
<ptxt id="nev21074809n2">
<phrase category="Symptom CSC" id="nev21074809n3" phrase-urn="urn:x-nevis:phrase:0800c8af8388f039">AQ, Cruise cont#@#@#14#ngage</phrase>
</ptxt>
</item>
<item id="nev21418288n100">
<ptxt id="nev21418288n99">
<phrase category="Symptom CSC" id="nev21419362n1" phrase-urn="urn:x-nevis:phrase:0800c8af8388f137">IV, Text window#@#@#27#ssage</phrase>
</ptxt>
</item>
</list1>
</condition>
</condgrp>
</diagnostic>
</servinfosub>