<?xml version="1.0" encoding="UTF-8"?><servinfosub IE-ID="en-US0900c8af851c660e" docno="VCC-370347" id="nev13712821n1" original="sv-SE" servinfosubId="nev13712822n1-nev16428622n1" servinfosubRes="0900c8af854ca3e8" servinfosubRes2="urn:x-nevis:fragment:0900c8af851c660e:0900c8af854ca3e8#nev16428622n1" xml:lang="en-US">
<operationnumbers>
<operationnumber>26361-2</operationnumber>
</operationnumbers>
<title id="nev13712818n64">Engine cooling fan</title>
<procedure id="nev13712822n1-nev17159286n21">
<stepgrp boilerplate="false" context="" id="nev13712822n1-nev17165734n12">
<title id="nev13712822n1-0800c8af844a46f6">Removal</title>
<procstep id="nev13712822n1-nev17159736n7">
<note id="nev13712822n1-0800c8af844a42fa">
<ptxt>Removal steps i#@#@#45#ails.</ptxt>
</note>
</procstep>
<procstep id="nev13712822n1-nev17160097n92">
<para id="nev13712822n1-nev17165734n10">
<ptxt id="nev13712822n1-nev17165734n11">Follow instruct#@#@#29#frame<xref boilerplate="true" id="nev13712822n1-0800c8af84629e4b">
<ref id="nev13712822n1-nev17160105n52"/>
</xref>
</ptxt>
</para>
</procstep>
<procstep id="nev13712822n1-nev17160911n74">
<para id="nev13712822n1-nev17165734n8">
<ptxt id="nev13712822n1-nev17165734n9">Remove Front Un#@#@#16#ector<xref boilerplate="true" id="nev13712822n1-0800c8af84eedf38">
<ref id="nev13712822n1-nev17160911n47"/>
</xref>
</ptxt>
</para>
</procstep>
<procstep id="nev13712822n1-nev17160097n43">
<grate id="nev13712822n1-nev17160911n44">
<graphic id="nev13712822n1-nev17160911n45">
<href>0900c8af854c032#@#@#9#.jpeg</href>
</graphic>
</grate>
</procstep>
<procstep id="nev13712822n1-nev17159736n74">
<grate id="nev13712822n1-nev17160105n49">
<graphic id="nev13712822n1-nev17160105n50">
<href>0900c8af854c5b1#@#@#9#.jpeg</href>
</graphic>
<graphtext id="nev13712822n1-nev17165835n1">
<para id="nev13712822n1-nev17165734n6">
<ptxt id="nev13712822n1-nev17165734n7">
<torque id="nev13712822n1-nev17160105n48">
<ref id="nev13712822n1-nev17160105n46"/>
</torque>
</ptxt>
</para>
</graphtext>
</grate>
</procstep>
<procstep id="nev13712822n1-nev17159244n73">
<grate id="nev13712822n1-nev17160105n43">
<graphic id="nev13712822n1-nev17160105n44">
<href>0900c8af854c5a0#@#@#9#.jpeg</href>
</graphic>
</grate>
</procstep>
</stepgrp>
<stepgrp boilerplate="false" context="" id="nev13712822n1-nev17165734n5">
<title id="nev13712822n1-0800c8af844a46f9">Installation</title>
<procstep id="nev13712822n1-nev17159653n73">
<para id="nev13712822n1-nev17165734n3">
<ptxt id="nev13712822n1-nev17165734n4">To install, rev#@#@#22#dure.</ptxt>
</para>
</procstep>
</stepgrp>
</procedure>
</servinfosub>