<?xml version="1.0" encoding="UTF-8"?><servinfosub IE-ID="en-US0900c8af8813360e" docno="VCC-371074" id="nev13798939n1" original="sv-SE" servinfosubId="nev13798940n1-nev13798939n4" servinfosubRes="0900c8af88133614" servinfosubRes2="urn:x-nevis:fragment:0900c8af8813360e:0900c8af88133614#nev13798939n4" xml:lang="en-US">
<title id="nev13798939n2">Bonded window, #@#@#21#ation</title>
<procedure id="nev13798940n1-nev13821349n10">
<stepgrp boilerplate="false" context="" id="nev13798940n1-nev29533938n2">
<title id="nev13798940n1-0800c8af844a46fe">Handling</title>
<procstep id="nev13798940n1-nev13823431n36">
<warning id="nev13798940n1-0800c8af845ac7b1">
<ptxt>INHALED: Polyur#@#@#137#ract.</ptxt>
</warning>
</procstep>
<procstep id="nev13798940n1-nev13823431n25">
<warning id="nev13798940n1-0800c8af845ac7ad">
<ptxt>INHALED: Person#@#@#97#sive.</ptxt>
</warning>
</procstep>
<procstep id="nev13798940n1-nev13911075n80">
<warning id="nev13798940n1-0800c8af844a47e7">
<ptxt>Cured polyureth#@#@#162#sive.</ptxt>
</warning>
</procstep>
<procstep id="nev13798940n1-nev29533938n1">
<warning id="nev13798940n1-nev29534221n100">
<ptxt>All fixed windo#@#@#278#ured.</ptxt>
</warning>
</procstep>
<procstep id="nev13798940n1-nev29534221n99">
<warning id="nev13798940n1-nev29534221n98">
<ptxt>When heated, fu#@#@#239#oves.</ptxt>
</warning>
</procstep>
<procstep id="nev13798940n1-nev19590097n36">
<warning id="nev13798940n1-0800c8af85f4c495">
<ptxt>The windshield #@#@#208#sult.</ptxt>
</warning>
</procstep>
</stepgrp>
</procedure>
</servinfosub>