<?xml version="1.0" encoding="UTF-8"?><servinfosub IE-ID="en-US0900c8af8048290e" docno="VCC-067735" id="KC01459425" xml:lang="en-US">
<title>
<phrase category="" id="KC07059021" phrase-urn="urn:x-nevis:phrase:0800c8af81a6b7a9">Check the resis#@#@#24#motor</phrase>
</title>
<diagnostic type="test">
<testgrp IE-ID="en-US0900c8af8048290e_KC01459426" id="KC01459426" j2008use="1" paperuse="1" resumable="1" screenuse="1" testgrp-id="a1" x="200" y="120">
<title>
<phrase category="" id="KC07059022" phrase-urn="urn:x-nevis:phrase:0800c8af81a6b7aa">Check the resis#@#@#24#motor</phrase>
</title>
<node>
<test1>
<test2>
<ptxt>
<phrase category="" id="KC07059023" phrase-urn="urn:x-nevis:phrase:0800c8af81a6b7ac">Take resistance#@#@#28#tors:</phrase>
</ptxt>
<table frame="all">
<tgroup align="left" char="" charoff="50" cols="2" colsep="1" rowsep="1">
<colspec colwidth="228*"/>
<colspec colwidth="228*"/>
<tbody valign="top">
<row>
<entry align="left" rotate="0" valign="top">
<ptxt>
<phrase category="" id="KC07059024" phrase-urn="urn:x-nevis:phrase:0800c8af81a6b7ad">1-3</phrase>
</ptxt>
</entry>
<entry align="left" rotate="0" valign="top">
<ptxt>
<phrase category="" id="KC07059025" phrase-urn="urn:x-nevis:phrase:0800c8af81a6b7ae">1.2 ohm</phrase>
</ptxt>
</entry>
</row>
<row>
<entry align="left" rotate="0" valign="top">
<ptxt>
<phrase category="" id="KC07059026" phrase-urn="urn:x-nevis:phrase:0800c8af81a6b7af">3-2</phrase>
</ptxt>
</entry>
<entry align="left" rotate="0" valign="top">
<ptxt>
<phrase category="" id="KC07059027" phrase-urn="urn:x-nevis:phrase:0800c8af81a6b7b0">0.7 ohm</phrase>
</ptxt>
</entry>
</row>
<row>
<entry align="left" rotate="0" valign="top">
<ptxt>
<phrase category="" id="KC07059028" phrase-urn="urn:x-nevis:phrase:0800c8af81a6b7b1">2-4</phrase>
</ptxt>
</entry>
<entry align="left" rotate="0" valign="top">
<ptxt>
<phrase category="" id="KC07059029" phrase-urn="urn:x-nevis:phrase:0800c8af81a6b7b2">0.4 ohm</phrase>
</ptxt>
</entry>
</row>
</tbody>
</tgroup>
</table>
<diaglist>
<dgraphic>
<dgraphic2>
<graphic id="KC07059030">
<href>0900c8af80054d4#@#@#9#.jpeg</href>
</graphic>
<smarttool id="KC07059031" toolname="ODA"/>
</dgraphic2>
</dgraphic>
<ditem>
<ditemtext>
<ptxt>
<phrase category="" id="KC07059032" phrase-urn="urn:x-nevis:phrase:0800c8af81a6b7b3"/>
</ptxt>
</ditemtext>
</ditem>
</diaglist>
<grate>
<graphic id="KC07059033" width="column">
<href>0900c8af8012650#@#@#9#.jpeg</href>
</graphic>
</grate>
</test2>
</test1>
<question>Are these values OK?</question>
<resact-grp>
<result button="yes" comp="button" highlight="0"/>
<action j2008use="1" paperuse="1" screenuse="1">
<return value="FAULT NOT FOUND"/>
</action>
</resact-grp>
<resact-grp>
<result button="no" comp="button" highlight="0"/>
<action j2008use="1" paperuse="1" screenuse="1">
<ptxt>
<xref>
<ref id="KC07059034"/>
</xref>
</ptxt>
</action>
</resact-grp>
</node>
</testgrp>
<testgrp id="KC01459427" j2008use="1" paperuse="1" resumable="1" screenuse="1" testgrp-id="a2" x="200" y="200">
<title>
<phrase category="" id="KC07059035" phrase-urn="urn:x-nevis:phrase:0800c8af81a6b7b4">Replacing the c#@#@#3#onent</phrase>
</title>
<node>
<test1>
<test2>
<ptxt>
<phrase category="" id="KC07059036" phrase-urn="urn:x-nevis:phrase:0800c8af81a6b7b5">Replace the res#@#@#1#stor.</phrase>
</ptxt>
</test2>
</test1>
<question>Select "Continu#@#@#32#ied.
</question>
<resact-grp>
<result button="cont" comp="button" highlight="0"/>
<action j2008use="1" paperuse="1" screenuse="1">
<return value="FAULT FOUND"/>
</action>
</resact-grp>
</node>
</testgrp>
</diagnostic>
</servinfosub>