<?xml version="1.0" encoding="UTF-8"?><servinfosub IE-ID="en-US0900c8af8539390e" docno="VCC-429241" id="nev16876450n1" xml:lang="en-US">
<title>
<phrase category="Title" id="nev16876450n2" phrase-urn="urn:x-nevis:phrase:0800c8af81eb9a54">Diagnostic trou#@#@#21#ation</phrase>
<phrase category="Prefix" id="nev16876450n3" phrase-urn="urn:x-nevis:phrase:0800c8af8015c3f5">ECM</phrase>-P218800</title>
<diagnostic j2008use="1" paperuse="1" screenuse="1" type="condition">
<condgrp>
<condition type="condition">
<para>
<ptxt>
<phrase category="" id="nev16876450n4" phrase-urn="urn:x-nevis:phrase:0800c8af81a9c7f6">The engine cont#@#@#491#ange.</phrase>
</ptxt>
<ptxt>
<phrase category="" id="nev16876450n5" phrase-urn="urn:x-nevis:phrase:0800c8af81a9c7f7">The diagnostic #@#@#43#ling.</phrase>
</ptxt>
</para>
</condition>
</condgrp>
<condgrp>
<condition type="substitution">
<para>
<ptxt>
<phrase category="" id="nev16876450n6" phrase-urn="urn:x-nevis:phrase:0800c8af81a9c7f8">None.</phrase>
</ptxt>
</para>
</condition>
<ps>
<list1 enumtype="d" type="unordered">
<item id="nev16876469n100">
<ptxt id="nev16876469n99">
<phrase category="Possible source" id="nev16876470n1" phrase-urn="urn:x-nevis:phrase:0800c8af8436d84f">Incorrectly cal#@#@#19#tent.</phrase>
</ptxt>
</item>
<item id="nev16876450n7">
<ptxt id="nev16876450n8">
<phrase category="Possible source" id="nev16876450n9" phrase-urn="urn:x-nevis:phrase:0800c8af8374c225">Damaged mass ai#@#@#15#MAF).</phrase>
</ptxt>
</item>
<item>
<ptxt>
<phrase category="" id="nev16876450n10" phrase-urn="urn:x-nevis:phrase:0800c8af81a9c7f9">Leaking injectors</phrase>
</ptxt>
</item>
<item>
<ptxt>
<phrase category="" id="nev16876451n1" phrase-urn="urn:x-nevis:phrase:0800c8af81a9c7fa">Damaged mass ai#@#@#14#ensor</phrase>
</ptxt>
</item>
<item>
<ptxt>
<phrase category="" id="nev16876451n2" phrase-urn="urn:x-nevis:phrase:0800c8af81a9c7fb">Contaminated en#@#@#3#e oil</phrase>
</ptxt>
</item>
<item>
<ptxt>
<phrase category="" id="nev16876451n3" phrase-urn="urn:x-nevis:phrase:0800c8af81a9c7fc">Oil level too high</phrase>
</ptxt>
</item>
<item>
<ptxt>
<phrase category="" id="nev16876451n4" phrase-urn="urn:x-nevis:phrase:0800c8af81a9c7fd">Damaged heated #@#@#16#O2S).</phrase>
</ptxt>
</item>
</list1>
</ps>
</condgrp>
<condgrp>
<condition type="symptom">
<list1 enumtype="d" type="unordered">
<item>
<ptxt>
<phrase category="Symptom CSC" id="nev16876451n5" phrase-urn="urn:x-nevis:phrase:0800c8af8388f453">DL2, Warning li#@#@#86#ation</phrase>
</ptxt>
</item>
</list1>
</condition>
</condgrp>
</diagnostic>
</servinfosub>