<?xml version="1.0" encoding="UTF-8"?><servinfosub IE-ID="en-US0900c8af8092e90e" docno="VCC-109579" id="KC02485242" xml:lang="en-US">
<title>
<phrase category="" id="KC07789173" phrase-urn="urn:x-nevis:phrase:0800c8af81bc599d">Short-circuit t#@#@#3#round</phrase>
</title>
<diagnostic type="test">
<testgrp IE-ID="en-US0900c8af8092e90e_KC02485400" id="KC02485400" j2008use="1" paperuse="1" resumable="1" screenuse="1" testgrp-id="k521" x="80" y="80">
<title>
<phrase category="" id="KC07789174" phrase-urn="urn:x-nevis:phrase:0800c8af81bc599e">Checking the wi#@#@#30#witch</phrase>
</title>
<node>
<test1>
<diaglist>
<dgraphic>
<dgraphic1>
<graphic id="KC07789175">
<href>0900c8af80054d5#@#@#9#.jpeg</href>
</graphic>
</dgraphic1>
<dgraphic2>
<graphic id="KC07789176">
<href>0900c8af80054d7#@#@#9#.jpeg</href>
</graphic>
</dgraphic2>
</dgraphic>
<ditem>
<ptxt>
<phrase category="" id="KC07789177" phrase-urn="urn:x-nevis:phrase:0800c8af81bc599f">Ignition off</phrase>
</ptxt>
</ditem>
<ditem>
<ptxt>
<phrase category="" id="KC07789178" phrase-urn="urn:x-nevis:phrase:0800c8af81bc59a0">Disconnect the #@#@#41# See <xref>
<ref id="KC07789179"/>
</xref>.</phrase>
</ptxt>
</ditem>
</diaglist>
<test2>
<ptxt>
<phrase category="" id="KC07789180" phrase-urn="urn:x-nevis:phrase:0800c8af81bc59a1">Connect the VCT#@#@#34#DLC).</phrase>
</ptxt>
<diaglist>
<dgraphic>
<dgraphic2>
<graphic id="KC07789181">
<href>0900c8af86c8681#@#@#9#.jpeg</href>
</graphic>
<smarttool active="press" id="KC07789182" toolname="XKE2AF01"/>
</dgraphic2>
</dgraphic>
<ditem>
<ptxt>
<phrase category="" id="KC07789183" phrase-urn="urn:x-nevis:phrase:0800c8af81bc59a2">Ignition on</phrase>
</ptxt>
</ditem>
<ditem>
<ptxt>
<phrase category="" id="KC07789184" phrase-urn="urn:x-nevis:phrase:0800c8af81bc59a3">Erase the diagn#@#@#36#conds</phrase>
</ptxt>
</ditem>
<ditem>
<ditemtext>
<ptxt>
<phrase category="" id="KC07789185" phrase-urn="urn:x-nevis:phrase:0800c8af81bc59a4"/>
</ptxt>
</ditemtext>
</ditem>
</diaglist>
</test2>
</test1>
<question>Select Continue.</question>
<resact-grp>
<result button="cont" comp="button" highlight="0"/>
<action j2008use="1" paperuse="1" screenuse="1">
<ptxt>
<xref>
<ref id="KC07789186"/>
</xref>
</ptxt>
</action>
</resact-grp>
</node>
</testgrp>
<testgrp id="KC02485401" j2008use="1" paperuse="1" resumable="1" screenuse="1" testgrp-id="k511-1" x="80" y="160">
<title>
<phrase category="" id="KC07789187" phrase-urn="urn:x-nevis:phrase:0800c8af81bc59a5">Read DTCs</phrase>
</title>
<node>
<test1>
<test2>
<diaglist>
<dgraphic>
<dgraphic2>
<graphic id="KC07789188">
<href>0900c8af86c8681#@#@#9#.jpeg</href>
</graphic>
<smarttool active="press" id="KC07789189" toolname="XKE2AE01"/>
</dgraphic2>
</dgraphic>
<ditem>
<ditemtext>
<ptxt>
<phrase category="" id="KC07789190" phrase-urn="urn:x-nevis:phrase:0800c8af81bc59a6"/>
</ptxt>
</ditemtext>
</ditem>
</diaglist>
</test2>
</test1>
<question>Was diagnostic #@#@#35#gain?</question>
<resact-grp>
<result button="yes" comp="button" highlight="0"/>
<action j2008use="1" paperuse="1" screenuse="1">
<ptxt>
<xref>
<ref id="KC07789191"/>
</xref>
</ptxt>
</action>
</resact-grp>
<resact-grp>
<result button="no" comp="button" highlight="0"/>
<action j2008use="1" paperuse="1" screenuse="1">
<ptxt>
<xref>
<ref id="KC07789192"/>
</xref>
</ptxt>
</action>
</resact-grp>
</node>
</testgrp>
<testgrp id="KC02485402" j2008use="1" paperuse="1" resumable="1" screenuse="1" testgrp-id="k511-2" x="80" y="240">
<title>
<phrase category="" id="KC07789193" phrase-urn="urn:x-nevis:phrase:0800c8af81bc59a7">Checking for a #@#@#8#rcuit</phrase>
</title>
<node>
<test1>
<test2>
<ptxt>
<phrase category="" id="KC07789194" phrase-urn="urn:x-nevis:phrase:0800c8af81bc59a8">Check the cable#@#@#137#g to <xref>
<ref id="KC07789195"/>
</xref>. </phrase>
</ptxt>
<diaglist>
<dgraphic>
<dgraphic1>
<graphic id="KC07789196">
<href>0900c8af80122cf#@#@#9#.jpeg</href>
</graphic>
</dgraphic1>
<dgraphic2>
<graphic id="KC07789197">
<href>0900c8af80054d4#@#@#9#.jpeg</href>
</graphic>
<smarttool active="press" id="KC07789198" toolname="ODAH"/>
</dgraphic2>
</dgraphic>
<ditem>
<ditemtext>
<ptxt>
<phrase category="" id="KC07789199" phrase-urn="urn:x-nevis:phrase:0800c8af81bc59a9"/>
</ptxt>
</ditemtext>
</ditem>
</diaglist>
<grate>
<graphic id="KC07789200">
<href>0900c8af800570b#@#@#9#.jpeg</href>
</graphic>
</grate>
</test2>
</test1>
<question>Select Continue#@#@#29#died.</question>
<resact-grp>
<result button="cont" comp="button" highlight="0"/>
<action j2008use="1" paperuse="1" screenuse="1">
<ptxt>
<xref>
<ref id="KC07789201"/>
</xref>
</ptxt>
</action>
</resact-grp>
</node>
</testgrp>
<testgrp id="KC02485403" j2008use="1" paperuse="1" resumable="1" screenuse="1" testgrp-id="k511-5" x="240" y="200">
<title>
<phrase category="" id="KC07789202" phrase-urn="urn:x-nevis:phrase:0800c8af81bc59aa">Read DTCs</phrase>
</title>
<node>
<test1>
<diaglist>
<dgraphic>
<dgraphic2>
<graphic id="KC07789203">
<href>0900c8af80054d7#@#@#9#.jpeg</href>
</graphic>
</dgraphic2>
</dgraphic>
<ditem>
<ptxt>
<phrase category="" id="KC07789204" phrase-urn="urn:x-nevis:phrase:0800c8af81bc59ab">Connect the cen#@#@#42#onds.</phrase>
</ptxt>
</ditem>
</diaglist>
<test2>
<diaglist>
<dgraphic>
<dgraphic2>
<graphic id="KC07789205">
<href>0900c8af86c8681#@#@#9#.jpeg</href>
</graphic>
<smarttool active="press" id="KC07789206" toolname="XKE2AE01"/>
</dgraphic2>
</dgraphic>
<ditem>
<ditemtext>
<ptxt>
<phrase category="" id="KC07789207" phrase-urn="urn:x-nevis:phrase:0800c8af81bc59ad"/>
</ptxt>
</ditemtext>
</ditem>
</diaglist>
</test2>
</test1>
<question>Was diagnostic #@#@#35#gain?</question>
<resact-grp>
<result button="yes" comp="button" highlight="0"/>
<action j2008use="1" paperuse="1" screenuse="1">
<ptxt>
<xref>
<ref id="KC07789208"/>
</xref>
</ptxt>
</action>
</resact-grp>
<resact-grp>
<result button="no" comp="button" highlight="0"/>
<action j2008use="1" paperuse="1" screenuse="1">
<ptxt>
<xref>
<ref id="KC07789209"/>
</xref>
</ptxt>
</action>
</resact-grp>
</node>
</testgrp>
<testgrp id="KC02485404" j2008use="1" paperuse="1" resumable="1" screenuse="1" testgrp-id="k511-4" x="240" y="320">
<title>
<phrase category="" id="KC07789210" phrase-urn="urn:x-nevis:phrase:0800c8af81bc59ae">Replacing the c#@#@#3#onent</phrase>
</title>
<node>
<test1>
<test2>
<ptxt>
<phrase category="" id="KC07789211" phrase-urn="urn:x-nevis:phrase:0800c8af81bc59af">Try replacing t#@#@#34#g to <xref>
<ref id="KC07789212"/>
</xref>.</phrase>
</ptxt>
<grate>
<graphic id="KC07789213">
<href>0900c8af80125e3#@#@#9#.jpeg</href>
</graphic>
</grate>
</test2>
</test1>
<question>Select Continue#@#@#29#died.</question>
<resact-grp>
<result button="cont" comp="button" highlight="0"/>
<action j2008use="1" paperuse="1" screenuse="1">
<ptxt>
<xref>
<ref id="KC07789214"/>
</xref>
</ptxt>
</action>
</resact-grp>
</node>
</testgrp>
<testgrp id="KC02485405" j2008use="1" paperuse="1" resumable="1" screenuse="1" testgrp-id="ver511" x="320" y="80">
<title>
<phrase category="" id="KC07789215" phrase-urn="urn:x-nevis:phrase:0800c8af81bc59b0">Verification</phrase>
</title>
<subcalloutnode>
<diagcallout>
<xref>
<ref id="KC07789216"/>
</xref>
</diagcallout>
<rescall-grp>
<result comp="string" highlight="0" op="eq" return="VERIFIED"/>
<calloutaction>
<return value="FAULT FOUND"/>
</calloutaction>
</rescall-grp>
<rescall-grp>
<result comp="string" highlight="0" op="eq" return="VERIFICATION FAILED"/>
<calloutaction>
<ptxt>
<xref>
<ref id="KC07789217"/>
</xref>
</ptxt>
</calloutaction>
</rescall-grp>
</subcalloutnode>
</testgrp>
<testgrp id="KC02485406" j2008use="1" paperuse="1" resumable="1" screenuse="1" testgrp-id="info1" x="520" y="80">
<title>
<phrase category="" id="KC07789218" phrase-urn="urn:x-nevis:phrase:0800c8af81bc59b1">Fault-tracing i#@#@#5#ation</phrase>
</title>
<subcalloutnode>
<diagcallout>
<xref>
<ref id="KC07789219"/>
</xref>
</diagcallout>
<rescall-grp>
<result comp="string" highlight="0" op="eq" return="FAULTTRACING FAILED"/>
<calloutaction>
<return value="FAULTTRACING FAILED"/>
</calloutaction>
</rescall-grp>
<rescall-grp>
<result comp="string" highlight="0" op="eq" return="NEW TRY"/>
<calloutaction>
<ptxt>
<xref>
<ref id="KC07789220"/>
</xref>
</ptxt>
</calloutaction>
</rescall-grp>
</subcalloutnode>
</testgrp>
<testgrp id="KC02485407" j2008use="1" paperuse="1" resumable="1" screenuse="1" testgrp-id="inter" x="720" y="80">
<title>
<phrase category="" id="KC07789221" phrase-urn="urn:x-nevis:phrase:0800c8af81bc59b2">Intermittent fault</phrase>
</title>
<subcalloutnode>
<diagcallout>
<xref>
<ref id="KC07789222"/>
</xref>
</diagcallout>
<rescall-grp>
<result comp="string" highlight="0" op="eq" return="FAULT FOUND"/>
<calloutaction>
<return value="FAULT FOUND"/>
</calloutaction>
</rescall-grp>
<rescall-grp>
<result comp="string" highlight="0" op="eq" return="NEW TRY"/>
<calloutaction>
<ptxt>
<xref>
<ref id="KC07789223"/>
</xref>
</ptxt>
</calloutaction>
</rescall-grp>
<rescall-grp>
<result comp="string" highlight="0" op="eq" return="DONE"/>
<calloutaction>
<return value="DONE"/>
</calloutaction>
</rescall-grp>
</subcalloutnode>
</testgrp>
</diagnostic>
</servinfosub>