<?xml version="1.0" encoding="UTF-8"?><servinfosub IE-ID="en-US0900c8af8588390e" docno="VCC-446875" id="nev17755613n1" xml:lang="en-US">
<title id="nev17755613n2">Description of #@#@#8#alues</title>
<procedure id="nev17755613n3">
<procstep id="nev17755613n4">
<title id="nev17755613n5">Explanation</title>
<para id="nev17755613n6">
<ptxt id="nev17755613n7">Frozen values a#@#@#78#ored.</ptxt>
<ptxt id="nev17755613n8">Not all the par#@#@#93#stem.</ptxt>
</para>
</procstep>
<procstep id="nev17755613n9">
<title id="nev17755613n10">MECU power supp#@#@#4#value</title>
<para id="nev17755614n1">
<ptxt id="nev17755614n2">The value indic#@#@#109#red. </ptxt>
<ptxt id="nev17755614n3">Measurement ran#@#@#7#63 V.</ptxt>
<ptxt id="nev17755614n4">Normal value wh#@#@#43#.5 V.</ptxt>
</para>
</procstep>
<procstep id="nev17755614n5">
<title id="nev17755614n6">Total mileage, value</title>
<para id="nev17755614n7">
<ptxt id="nev17755614n8">Measurement ran#@#@#14#0 km.</ptxt>
<ptxt id="nev17755614n9">The value indic#@#@#81#ated.</ptxt>
</para>
</procstep>
<procstep id="nev17755614n10">
<title id="nev17755615n1">Passenger compa#@#@#20#value</title>
<para id="nev17755615n2">
<ptxt id="nev17755615n3">Measurement ran#@#@#14#5 °C.</ptxt>
</para>
</procstep>
<procstep id="nev17755615n4">
<title id="nev17755615n5">Power supply mode</title>
<para id="nev17755615n6">
<ptxt id="nev17755615n7">The value indic#@#@#98#ored.</ptxt>
</para>
<list1 enumtype="b" id="nev17755615n8" type="unordered">
<item id="nev17755615n9">
<ptxt id="nev17755615n10">Key removed</ptxt>
</item>
<item id="nev17755616n1">
<ptxt id="nev17755616n2">Key recently re#@#@#1#oved </ptxt>
</item>
<item id="nev17755616n3">
<ptxt id="nev17755616n4">Key approved </ptxt>
</item>
<item id="nev17755616n5">
<ptxt id="nev17755616n6">Ignition off af#@#@#18#tion </ptxt>
</item>
<item id="nev17755616n7">
<ptxt id="nev17755616n8">Accessory position </ptxt>
</item>
<item id="nev17755616n9">
<ptxt id="nev17755616n10">Accessory posit#@#@#16#on on</ptxt>
</item>
<item id="nev17755617n1">
<ptxt id="nev17755617n2">Ignition on </ptxt>
</item>
<item id="nev17755617n3">
<ptxt id="nev17755617n4">Running </ptxt>
</item>
<item id="nev17755617n5">
<ptxt id="nev17755617n6">Start attempts</ptxt>
</item>
</list1>
</procstep>
<procstep id="nev17755617n7">
<title id="nev17755617n8">Global time, value</title>
<para id="nev17755617n9">
<ptxt id="nev17755617n10">The value displ#@#@#75#ored.</ptxt>
</para>
</procstep>
<procstep id="nev17755618n1">
<title id="nev17755618n2">Internal temper#@#@#7#value</title>
<para id="nev17755618n3">
<ptxt id="nev17755618n4">The value indic#@#@#92#red. </ptxt>
<ptxt id="nev17755618n5">Measurement ran#@#@#14#5 °C.</ptxt>
</para>
</procstep>
</procedure>
</servinfosub>