<?xml version="1.0" encoding="UTF-8"?><servinfosub IE-ID="en-US0900c8af8500e617" docno="VCC-375790" id="nev13772815n1" original="sv-SE" servinfosubId="nev20688591n1-nev20688591n2" servinfosubRes="0900c8af862c3af1" servinfosubRes2="urn:x-nevis:fragment:0900c8af8500e617:0900c8af862c3af1#nev20688591n2" xml:lang="en-US">
<title id="nev13772815n2">Function</title>
<topic id="nev20688591n1-nev13773264n250">
<title id="nev20688591n1-nev13773264n249">Controlling fun#@#@#1#tions</title>
<grate id="nev20688591n1-nev13773264n220" pgwide="1">
<graphic id="nev20688591n1-nev13773264n219">
<href>0900c8af8453083#@#@#10#.jpeg</href>
</graphic>
</grate>
<para id="nev20688591n1-nev13773264n243">
<ptxt id="nev20688591n1-nev13773264n242">The infotainmen#@#@#279#CAN).</ptxt>
</para>
<list1 enumtype="d" id="nev20688591n1-nev13773264n241" type="unordered">
<title id="nev20688591n1-nev13773264n238">The functions t#@#@#73# are:</title>
<item id="nev20688591n1-nev13773264n240">
<ptxt id="nev20688591n1-nev13773264n239">AM</ptxt>
</item>
<item id="nev20688591n1-nev13773264n237">
<ptxt id="nev20688591n1-nev13773264n236">FM</ptxt>
</item>
<item id="nev20688591n1-nev13773264n235">
<ptxt id="nev20688591n1-nev13773264n234">CD</ptxt>
</item>
<item id="nev20688591n1-nev13773264n233">
<ptxt id="nev20688591n1-nev13773264n232">AUX</ptxt>
</item>
<item id="nev20688591n1-nev13773264n231">
<ptxt id="nev20688591n1-nev13773264n230">Eject</ptxt>
</item>
<item id="nev20688591n1-nev13805132n241">
<ptxt id="nev20688591n1-nev13805132n240">Digital radio</ptxt>
</item>
<item id="nev20688591n1-nev13805132n230">
<ptxt id="nev20688591n1-nev13805132n229">USB (option/acc#@#@#2#sory)</ptxt>
</item>
<item id="nev20688591n1-nev13805132n219">
<ptxt id="nev20688591n1-nev13805132n218">iPod (option/ac#@#@#3#sory)</ptxt>
</item>
</list1>
<para id="nev20688591n1-nev13773264n229">
<ptxt id="nev20688591n1-nev13773264n228">For more inform#@#@#109#CCM).</ptxt>
</para>
</topic>
<topic id="nev20688591n1-nev13773264n227">
<title id="nev20688591n1-nev13773264n226">Controlling the#@#@#38#ttons</title>
<grate id="nev20688591n1-nev13773264n215" pgwide="1">
<title id="nev20688591n1-nev15924895n241">Up to structure#@#@#7#00946</title>
<graphic id="nev20688591n1-nev13773264n214">
<href>0900c8af8453083#@#@#11#.jpeg</href>
</graphic>
</grate>
<grate id="nev20688591n1-nev15924895n240" pgwide="1">
<title id="nev20688591n1-nev15924895n235">From and incl. #@#@#16#00946</title>
<graphic id="nev20688591n1-nev15924895n239">
<href>0900c8af8500e62#@#@#11#.jpeg</href>
</graphic>
</grate>
<para id="nev20688591n1-nev13773264n210">
<ptxt id="nev20688591n1-nev13773264n209">The steering wh#@#@#83#trol:</ptxt>
</para>
<list1 enumtype="d" id="nev20688591n1-nev13773264n208" type="unordered">
<item id="nev20688591n1-nev13773264n207">
<ptxt id="nev20688591n1-nev13773264n206">volume control #@#@#25#ction</ptxt>
</item>
<item id="nev20688591n1-nev13773264n205">
<ptxt id="nev20688591n1-nev13773264n204">menu selection #@#@#18#ation</ptxt>
</item>
<item id="nev20688591n1-nev13773264n203">
<ptxt id="nev20688591n1-nev13773264n202">volume control #@#@#112#147).</ptxt>
</item>
</list1>
<para id="nev20688591n1-nev13773264n201">
<ptxt id="nev20688591n1-nev13773264n200">The signals fro#@#@#352#work.</ptxt>
</para>
<para id="nev20688591n1-nev13773264n199">
<ptxt id="nev20688591n1-nev13773264n198">For more inform#@#@#55#SWM).</ptxt>
</para>
</topic>
<topic id="nev20688591n1-nev13773264n197">
<title id="nev20688591n1-nev13773264n196">Functions contr#@#@#41#(ICM)</title>
<para id="nev20688591n1-nev13773264n195">
<ptxt id="nev20688591n1-nev13773264n194">For information#@#@#211#work.</ptxt>
</para>
</topic>
<topic id="nev20688591n1-nev13773264n193">
<title id="nev20688591n1-nev13773264n192">Infotainment Th#@#@#15#(ITP)</title>
<grate id="nev20688591n1-nev13773264n191" pgwide="1">
<title id="nev20688591n1-nev15924895n234">Up to structure#@#@#7#00946</title>
<graphic id="nev20688591n1-nev13773264n190">
<href>0900c8af8453084#@#@#10#.jpeg</href>
</graphic>
</grate>
<grate id="nev20688591n1-nev15924895n233" pgwide="1">
<title id="nev20688591n1-nev15924895n228">From and incl. #@#@#16#00946</title>
<graphic id="nev20688591n1-nev15924895n232">
<href>0900c8af8500e67#@#@#10#.jpeg</href>
</graphic>
</grate>
<para id="nev20688591n1-nev13773264n186">
<ptxt id="nev20688591n1-nev13773264n185">The Infotainmen#@#@#168#nits.</ptxt>
</para>
<para id="nev20688591n1-nev13773264n184">
<ptxt id="nev20688591n1-nev13773264n183">The function is#@#@#609#bers.</ptxt>
</para>
<para id="nev20688591n1-nev13773264n182">
<ptxt id="nev20688591n1-nev13773264n181">If a control mo#@#@#389#CAN).</ptxt>
<ptxt id="nev20688591n1-nev13773264n180">If a control mo#@#@#187#ICM).</ptxt>
<ptxt id="nev20688591n1-nev13805132n199">For further inf#@#@#35#MOST.</ptxt>
</para>
</topic>
</servinfosub>