<?xml version="1.0" encoding="UTF-8"?><servinfosub IE-ID="en-US0900c8af82c6a01f" docno="VCC-257340" id="nev10807324n1" xml:lang="en-US">
<title>
<phrase category="Qualifier" id="nev10807349n1" phrase-urn="urn:x-nevis:phrase:0800c8af8015c4a2">Faulty signal</phrase>
</title>
<diagnostic layout="0" type="test">
<testgrp IE-ID="en-US0900c8af82c6a01f_nev10807324n3" id="nev10807324n3" j2008use="1" paperuse="1" resumable="1" screenuse="1" testgrp-id="node1" x="120" y="80">
<title>
<phrase category="" id="nev10807324n4" phrase-urn="urn:x-nevis:phrase:0800c8af82722f87">Checking cables#@#@#10#nents</phrase>
</title>
<node>
<test1>
<diaglist>
<dgraphic>
<dgraphic1>
<graphic id="nev10807324n5">
<href>0900c8af80054d5#@#@#9#.jpeg</href>
</graphic>
</dgraphic1>
</dgraphic>
<ditem>
<ptxt>
<phrase category="Faulttracing" id="nev10807350n1" phrase-urn="urn:x-nevis:phrase:0800c8af81976d4a">Ignition on.</phrase>
</ptxt>
</ditem>
<ditem id="nev10841860n100">
<ptxt id="nev10841860n99">
<phrase category="Faulttracing" id="nev10841861n1" phrase-urn="urn:x-nevis:phrase:0800c8af81eab2b0">Click on the ve#@#@#22#mbol.</phrase>
</ptxt>
</ditem>
<ditem id="nev10807340n99">
<ptxt id="nev10807340n98">
<phrase category="Faulttracing" id="nev10807355n1" phrase-urn="urn:x-nevis:phrase:0800c8af81eab7ca">Read off the mo#@#@#92#(AP).</phrase>
</ptxt>
</ditem>
</diaglist>
<test2>
<para>
<ptxt/>
<ptxt>
<phrase category="Faulttracing" id="nev10807367n1" phrase-urn="urn:x-nevis:phrase:0800c8af82a68bb2">Check that the #@#@#82#lost.</phrase>
</ptxt>
</para>
<para>
<ptxt>
<phrase category="" id="nev10807324n10" phrase-urn="urn:x-nevis:phrase:0800c8af82722f8c">Remedy as necessary.</phrase>
</ptxt>
</para>
<list1 enumtype="d" type="unordered">
<title>
<phrase category="" id="nev10807325n1" phrase-urn="urn:x-nevis:phrase:0800c8af82722f8d">Other information</phrase>
</title>
<item>
<ptxt id="nev11034842n100">
<xref id="nev11034842n99">
<ref id="l1117611610546"/>
</xref>
</ptxt>
</item>
<item>
<ptxt id="nev11034842n97">
<xref id="nev11034842n96">
<ref id="l1117611665717"/>
</xref>
</ptxt>
</item>
<item>
<ptxt id="nev11034842n94">
<xref id="nev11034842n93">
<ref id="l1117611711436"/>
</xref>
</ptxt>
</item>
</list1>
<diaglist>
<dgraphic>
<dgraphic1>
<graphic id="nev10807326n2">
<href>0900c8af807311c#@#@#9#.jpeg</href>
</graphic>
</dgraphic1>
<dgraphic2>
<graphic id="nev10807326n3">
<href>0900c8af86c8681#@#@#9#.jpeg</href>
</graphic>
<smarttool active="press" id="nev10807326n4"/>
</dgraphic2>
</dgraphic>
</diaglist>
<grate>
<graphic id="nev10807326n6">
<href>0900c8af80730f6#@#@#9#.jpeg</href>
</graphic>
</grate>
</test2>
</test1>
<question>
Select Continue.
</question>
<resact-grp>
<result button="cont" comp="button" highlight="0"/>
<action j2008use="1" paperuse="1" screenuse="1">
<ptxt>
<xref>
<ref id="nev10807326n8"/>
</xref>
</ptxt>
</action>
</resact-grp>
</node>
</testgrp>
<testgrp id="nev10807326n9" j2008use="1" paperuse="1" resumable="1" screenuse="1" testgrp-id="veria" x="120" y="200">
<title>
<phrase category="" id="nev10807326n10" phrase-urn="urn:x-nevis:phrase:0800c8af82722f95">Verification</phrase>
</title>
<subcalloutnode>
<diagcallout>
<xref id="nev10820488n100">
<ref id="nev10807327n1"/>
</xref>
</diagcallout>
<rescall-grp>
<result comp="string" highlight="0" op="eq" return="VERIFIED"/>
<calloutaction>
<return value="FAULT FOUND"/>
</calloutaction>
</rescall-grp>
<rescall-grp>
<result comp="string" highlight="0" op="eq" return="VERIFICATION FAILED"/>
<calloutaction>
<ptxt>
<xref>
<ref id="nev10807327n2"/>
</xref>
</ptxt>
</calloutaction>
</rescall-grp>
</subcalloutnode>
</testgrp>
<testgrp id="nev10807327n3" j2008use="1" paperuse="0" resumable="1" screenuse="1" testgrp-id="info1" x="120" y="340">
<title>
<phrase category="" id="nev10807327n4" phrase-urn="urn:x-nevis:phrase:0800c8af82722f96">Fault-tracing i#@#@#5#ation</phrase>
</title>
<subcalloutnode>
<diagcallout>
<xref>
<ref id="nev10807327n5"/>
</xref>
</diagcallout>
<rescall-grp>
<result comp="string" highlight="0" op="eq" return="FAULTTRACING FAILED"/>
<calloutaction>
<return value="FAULTTRACING FAILED"/>
</calloutaction>
</rescall-grp>
<rescall-grp>
<result comp="string" highlight="0" op="eq" return="NEW TRY"/>
<calloutaction>
<ptxt>
<xref>
<ref id="nev10807327n6"/>
</xref>
</ptxt>
</calloutaction>
</rescall-grp>
</subcalloutnode>
</testgrp>
</diagnostic>
</servinfosub>