<?xml version="1.0" encoding="UTF-8"?><diagnostic IE-ID="en-US0900c8af80c4901f" docno="VCC-151702" id="KC02744095" type="test" xml:lang="en-US">
<title>
<phrase category="" id="KC09446396" phrase-urn="urn:x-nevis:phrase:0800c8af82707fae">Verification</phrase>
</title>
<testgrp IE-ID="en-US0900c8af80c4901f_KC02744129" id="KC02744129" j2008use="1" paperuse="1" resumable="1" screenuse="1" testgrp-id="verifnode" x="240" y="120">
<title>
<phrase category="" id="KC09446397" phrase-urn="urn:x-nevis:phrase:0800c8af82707faf">Verification</phrase>
</title>
<node>
<test1>
<hint>
<ptxt>
<phrase category="" id="KC09446398" phrase-urn="urn:x-nevis:phrase:0800c8af82707fb0">After carrying #@#@#50#died.</phrase>
</ptxt>
</hint>
<diaglist>
<dgraphic>
<dgraphic1>
<graphic id="KC09446399">
<href>0900c8af80054d3#@#@#9#.jpeg</href>
</graphic>
</dgraphic1>
<dgraphic2>
<graphic id="KC09446400">
<href>0900c8af80054d7#@#@#9#.jpeg</href>
</graphic>
</dgraphic2>
</dgraphic>
<ditem>
<ptxt>
<phrase category="" id="KC09446401" phrase-urn="urn:x-nevis:phrase:0800c8af82707fb1">Ignition off</phrase>
</ptxt>
</ditem>
<ditem>
<ptxt>
<phrase category="" id="KC09446402" phrase-urn="urn:x-nevis:phrase:0800c8af82707fb2">Reinstall the c#@#@#21# etc.</phrase>
</ptxt>
</ditem>
<ditem>
<ptxt>
<phrase category="" id="KC09446403" phrase-urn="urn:x-nevis:phrase:0800c8af82707fb3">Start the engine.</phrase>
</ptxt>
</ditem>
</diaglist>
<test2>
<para>
<ptxt>
<phrase category="" id="KC09446404" phrase-urn="urn:x-nevis:phrase:0800c8af82707fb4">Read off diagno#@#@#21#TCs).</phrase>
</ptxt>
<ptxt>
<phrase category="" id="KC09446405" phrase-urn="urn:x-nevis:phrase:0800c8af82707fb6">If the status o#@#@#75#died.</phrase>
</ptxt>
</para>
<diaglist>
<dgraphic>
<dgraphic2>
<graphic id="KC09446406">
<href>0900c8af86c8681#@#@#9#.jpeg</href>
</graphic>
<smarttool active="press" id="KC09446407" toolname="YECM1050"/>
</dgraphic2>
</dgraphic>
<ditem>
<ditemtext>
<ptxt>
<phrase category="" id="KC09446408" phrase-urn="urn:x-nevis:phrase:0800c8af82707fb7"/>
</ptxt>
</ditemtext>
</ditem>
</diaglist>
</test2>
</test1>
<question>
Is the status #@#@#46#ent?
</question>
<resact-grp>
<result button="yes" comp="button" highlight="0"/>
<action j2008use="1" paperuse="1" screenuse="1">
<return value="VERIFIED"/>
</action>
</resact-grp>
<resact-grp>
<result button="no" comp="button" highlight="0"/>
<action j2008use="1" paperuse="1" screenuse="1">
<return value="VERIFICATION FAILED"/>
</action>
</resact-grp>
</node>
</testgrp>
</diagnostic>