<?xml version="1.0" encoding="UTF-8"?><servinfosub IE-ID="en-US0900c8af8577001f" docno="VCC-370648" id="nev13714572n1" original="sv-SE" servinfosubId="nev13714573n1-nev14110829n1" servinfosubRes="0900c8af85770399" servinfosubRes2="urn:x-nevis:fragment:0900c8af8577001f:0900c8af85770399#nev14110829n1" xml:lang="en-US">
<operationnumbers>
<operationnumber>41340</operationnumber>
</operationnumbers>
<title id="nev13714571n9">Master cylinder#@#@#3#lutch</title>
<toolitemtable id="nev13714573n1-nev17556927n29">
<table id="nev13714573n1-nev17556927n28">
<tgroup cols="2" id="nev13714573n1-nev17556927n27">
<colspec colname="COLSPEC0" colwidth="1.00*" id="nev13714573n1-nev17556927n26"/>
<colspec colname="COLSPEC1" colwidth="1.00*" id="nev13714573n1-nev17556927n25"/>
<thead id="nev13714573n1-nev17556927n24">
<row id="nev13714573n1-nev17556927n23">
<entry id="nev13714573n1-nev17556927n22" nameend="COLSPEC1" namest="COLSPEC0" valign="top">
<ptxt id="nev13714573n1-nev17556927n21">
<emph id="nev13714573n1-nev17556927n20">Special tools</emph>
</ptxt>
</entry>
</row>
</thead>
<tbody id="nev13714573n1-nev17556927n19">
<row id="nev13714573n1-nev17556927n18">
<entry id="nev13714573n1-nev17556927n17">
<graphic id="nev13714573n1-nev17556927n16">
<href>0900c8af8005436#@#@#9#.jpeg</href>
</graphic>
</entry>
<entry id="nev13714573n1-nev17556927n15">
<ptxt id="nev13714573n1-nev17556927n14">
<emph id="nev13714573n1-nev17556927n13">999 5511 PRESS #@#@#26#) 800</emph>
</ptxt>
<ptxt id="nev13714573n1-nev17556927n11">
<emph id="nev13714573n1-nev17556927n10">Tool number:</emph>999 5511</ptxt>
<ptxt id="nev13714573n1-nev17556927n9">
<emph id="nev13714573n1-nev17556927n8">Tool description:</emph>PRESS TOOL (BAL#@#@#17#) 800</ptxt>
<ptxt id="nev13714573n1-nev17556927n6">
<emph id="nev13714573n1-nev17556927n5">Tool boards:</emph>43</ptxt>
</entry>
</row>
<row id="nev13714573n1-nev17556927n4">
<entry id="nev13714573n1-nev17556927n3">
<graphic id="nev13714573n1-nev17556927n2">
<href>0900c8af8233962#@#@#9#.jpeg</href>
</graphic>
</entry>
<entry id="nev13714573n1-nev17556927n1">
<ptxt id="nev13714573n1-nev17556928n100">
<emph id="nev13714573n1-nev17556928n99">999 7172 Wrench</emph>
</ptxt>
<ptxt id="nev13714573n1-nev17556928n97">
<emph id="nev13714573n1-nev17556928n96">Tool number:</emph>999 7172</ptxt>
<ptxt id="nev13714573n1-nev17556928n95">
<emph id="nev13714573n1-nev17556928n94">Tool description:</emph>Wrench</ptxt>
<ptxt id="nev13714573n1-nev17556928n92">
<emph id="nev13714573n1-nev17556928n91">Tool boards:</emph>43</ptxt>
</entry>
</row>
</tbody>
</tgroup>
</table>
</toolitemtable>
<materialtable id="nev13714573n1-nev17556928n90">
<table id="nev13714573n1-nev17556928n89">
<tgroup cols="2" id="nev13714573n1-nev17556928n88">
<colspec colname="COLSPEC0" colwidth="1.00*" id="nev13714573n1-nev17556928n87"/>
<colspec colname="COLSPEC1" colwidth="1.00*" id="nev13714573n1-nev17556928n86"/>
<thead id="nev13714573n1-nev17556928n85">
<row id="nev13714573n1-nev17556928n84">
<entry id="nev13714573n1-nev17556928n83" nameend="COLSPEC1" namest="COLSPEC0" valign="top">
<ptxt id="nev13714573n1-nev17556928n82">
<emph id="nev13714573n1-nev17556928n81">Materials</emph>
</ptxt>
</entry>
</row>
</thead>
<tbody id="nev13714573n1-nev17556928n80">
<row id="nev13714573n1-nev17556928n79">
<entry id="nev13714573n1-nev17556928n78">
<ptxt id="nev13714573n1-nev17556928n77">
<emph id="nev13714573n1-nev17556928n76">Designation</emph>
</ptxt>
</entry>
<entry id="nev13714573n1-nev17556928n75">
<ptxt id="nev13714573n1-nev17556928n74">
<emph id="nev13714573n1-nev17556928n73">Part number</emph>
</ptxt>
</entry>
</row>
<row id="nev13714573n1-nev17556928n72">
<entry id="nev13714573n1-nev17556928n71">
<ptxt id="nev13714573n1-nev17556928n70">Silicone grease</ptxt>
</entry>
<entry id="nev13714573n1-nev17556928n68">
<ptxt id="nev13714573n1-nev17556928n67">1161687</ptxt>
</entry>
</row>
</tbody>
</tgroup>
</table>
</materialtable>
<procedure id="nev13714573n1-nev14119544n94">
<stepgrp boilerplate="false" context="" id="nev13714573n1-nev17556927n64">
<title id="nev13714573n1-0800c8af844a46f6">Removal</title>
<procstep id="nev13714573n1-nev14119554n63">
<note id="nev13714573n1-0800c8af844a42fa">
<ptxt>Removal steps i#@#@#45#ails.</ptxt>
</note>
</procstep>
<procstep id="nev13714573n1-nev16353672n6">
<grate id="nev13714573n1-nev16353675n84">
<graphic id="nev13714573n1-nev16353675n85">
<href>0900c8af84a1702#@#@#9#.jpeg</href>
</graphic>
</grate>
</procstep>
<procstep id="nev13714573n1-nev16353668n23">
<grate id="nev13714573n1-nev16353675n82">
<graphic id="nev13714573n1-nev16353675n83">
<href>0900c8af84a16ba#@#@#9#.jpeg</href>
</graphic>
</grate>
</procstep>
<procstep id="nev13714573n1-nev14119558n86">
<para id="nev13714573n1-nev17556927n62">
<ptxt id="nev13714573n1-nev17556927n63">Remove position#@#@#34#tment<xref boilerplate="true" id="nev13714573n1-0800c8af84b1aadb">
<ref id="nev13714573n1-nev16353675n79"/>
</xref>
</ptxt>
</para>
</procstep>
<procstep id="nev13714573n1-nev14119558n28">
<grate id="nev13714573n1-nev14119628n1">
<graphic id="nev13714573n1-nev14119628n2">
<href>0900c8af84553f9#@#@#9#.jpeg</href>
</graphic>
<graphtext id="nev13714573n1-nev17556948n1">
<warning id="nev13714573n1-0800c8af844a4837">
<ptxt>Be prepared to #@#@#18#luid.</ptxt>
</warning>
</graphtext>
</grate>
</procstep>
<procstep id="nev13714573n1-nev17556792n55">
<grate id="nev13714573n1-nev17556927n60">
<graphic id="nev13714573n1-nev17556927n61">
<href>0900c8af857074d#@#@#9#.jpeg</href>
</graphic>
<graphtext id="nev13714573n1-nev17556952n1">
<caution id="nev13714573n1-nev17556927n59">
<ptxt>Make sure that #@#@#33#ctly.</ptxt>
</caution>
</graphtext>
</grate>
</procstep>
<procstep id="nev13714573n1-nev14119562n3">
<grate id="nev13714573n1-nev14119629n97">
<graphic id="nev13714573n1-nev14119629n98">
<href>0900c8af84553f9#@#@#9#.jpeg</href>
</graphic>
<graphtext id="nev13714573n1-nev17556956n1">
<warning id="nev13714573n1-0800c8af844a4837">
<ptxt>Be prepared to #@#@#18#luid.</ptxt>
</warning>
</graphtext>
</grate>
</procstep>
<procstep id="nev13714573n1-nev14119565n76">
<grate id="nev13714573n1-nev14119629n93">
<graphic id="nev13714573n1-nev14119629n94">
<href>0900c8af84553f7#@#@#9#.jpeg</href>
</graphic>
<graphtext id="nev13714573n1-nev17556960n1">
<caution id="nev13714573n1-0800c8af844a415d">
<ptxt>Make sure the o#@#@#65#voir.</ptxt>
</caution>
</graphtext>
</grate>
</procstep>
<procstep id="nev13714573n1-nev14119566n29">
<list1 boilerplate="true" context="remove" enumtype="b" id="nev13714573n1-nev14119629n90" type="unordered">
<item id="nev13714573n1-nev17556927n58">
<ptxt id="nev13714573n1-nev17556927n57">Lighting switch<xref boilerplate="true" id="nev13714573n1-0800c8af8456411d">
<ref id="nev13714573n1-nev14119629n86"/>
</xref>
</ptxt>
</item>
<item id="nev13714573n1-nev17556927n56">
<ptxt id="nev13714573n1-nev17556927n55">Stoplamp switch<xref boilerplate="true" id="nev13714573n1-0800c8af8457bdbc">
<ref id="nev13714573n1-nev14119629n81"/>
</xref>
</ptxt>
</item>
<item id="nev13714573n1-nev17556927n54">
<ptxt id="nev13714573n1-nev17556927n53">Panel steering #@#@#1#olumn<xref boilerplate="true" id="nev13714573n1-0800c8af8451db25">
<ref id="nev13714573n1-nev14119629n76"/>
</xref>
</ptxt>
</item>
</list1>
</procstep>
<procstep id="nev13714573n1-nev14119570n44">
<grate id="nev13714573n1-nev14119629n73">
<graphic id="nev13714573n1-nev14119629n74">
<href>0900c8af8346be9#@#@#9#.jpeg</href>
</graphic>
<graphtext id="nev13714573n1-nev17556973n1">
<warning id="nev13714573n1-0800c8af844a4804">
<ptxt>The steering co#@#@#35#ents.</ptxt>
</warning>
<note id="nev13714573n1-0800c8af844a4395">
<ptxt>Make sure that #@#@#46#tion.</ptxt>
</note>
</graphtext>
</grate>
</procstep>
<procstep id="nev13714573n1-nev14119572n41">
<grate id="nev13714573n1-nev16353675n70">
<graphic id="nev13714573n1-nev16353675n71">
<href>0900c8af84af3b6#@#@#9#.jpeg</href>
</graphic>
<graphtext id="nev13714573n1-nev17556977n1">
<note id="nev13714573n1-0800c8af844a4387">
<ptxt>Make sure that #@#@#24#lled.</ptxt>
</note>
<para id="nev13714573n1-nev17556927n51">
<ptxt id="nev13714573n1-nev17556927n52">
<torque id="nev13714573n1-nev14119629n64">
<ref id="nev13714573n1-nev14119629n62"/>
</torque>
</ptxt>
</para>
</graphtext>
</grate>
</procstep>
<procstep id="nev13714573n1-nev14119576n78">
<grate id="nev13714573n1-nev14119629n59">
<graphic id="nev13714573n1-nev14119629n60">
<href>0900c8af8457960#@#@#9#.jpeg</href>
</graphic>
</grate>
</procstep>
<procstep id="nev13714573n1-nev14119578n18">
<grate id="nev13714573n1-nev14119629n57">
<graphic id="nev13714573n1-nev14119629n58">
<href>0900c8af8457960#@#@#9#.jpeg</href>
</graphic>
</grate>
</procstep>
<procstep id="nev13714573n1-nev14119582n59">
<grate id="nev13714573n1-nev14119629n55">
<graphic id="nev13714573n1-nev14119629n56">
<href>0900c8af8346c0d#@#@#9#.jpeg</href>
</graphic>
<graphtext id="nev13714573n1-nev17556990n1">
<para id="nev13714573n1-nev17556927n49">
<ptxt id="nev13714573n1-nev17556927n50">
<torque id="nev13714573n1-nev14119629n54">
<ref id="nev13714573n1-nev14119629n52"/>
</torque>
</ptxt>
</para>
</graphtext>
</grate>
</procstep>
<procstep id="nev13714573n1-nev16353661n52">
<grate id="nev13714573n1-nev16353675n64">
<graphic id="nev13714573n1-nev16353675n65">
<href>0900c8af84b2530#@#@#9#.jpeg</href>
</graphic>
</grate>
</procstep>
<procstep id="nev13714573n1-nev14119586n84">
<grate id="nev13714573n1-nev14119629n49">
<graphic id="nev13714573n1-nev14119629n50">
<href>0900c8af8461652#@#@#9#.jpeg</href>
</graphic>
<graphtext id="nev13714573n1-nev17557000n1">
<para id="nev13714573n1-nev17556927n47">
<ptxt id="nev13714573n1-nev17556927n48">
<torque id="nev13714573n1-nev14119629n48">
<ref id="nev13714573n1-nev14119629n46"/>
</torque>
</ptxt>
</para>
</graphtext>
</grate>
</procstep>
<procstep id="nev13714573n1-nev14119590n81">
<list1 boilerplate="true" context="remove" enumtype="b" id="nev13714573n1-nev14119629n44" type="unordered">
<item id="nev13714573n1-nev17556927n46">
<ptxt id="nev13714573n1-nev17556927n45">Collision warni#@#@#12#odule<xref boilerplate="true" id="nev13714573n1-0800c8af847035aa">
<ref id="nev13714573n1-nev14119629n40"/>
</xref>
</ptxt>
</item>
<item id="nev13714573n1-nev17556927n44">
<ptxt id="nev13714573n1-nev17556927n43">Start Inhibit Switch<xref boilerplate="true" id="nev13714573n1-0800c8af846388df">
<ref id="nev13714573n1-nev14119629n35"/>
</xref>
</ptxt>
</item>
</list1>
</procstep>
<procstep id="nev13714573n1-nev14119596n76">
<grate id="nev13714573n1-nev14119629n32">
<graphic id="nev13714573n1-nev14119629n33">
<href>0900c8af8461653#@#@#9#.jpeg</href>
</graphic>
<graphtext id="nev13714573n1-nev17557013n1">
<para id="nev13714573n1-nev17556927n41">
<ptxt id="nev13714573n1-nev17556927n42">
<toolitem boilerplate="true" id="nev13714573n1-nev14119629n30" imageid="0900c8af80054366"/>
</ptxt>
</para>
</graphtext>
</grate>
</procstep>
<procstep id="nev13714573n1-nev14119605n98">
<grate id="nev13714573n1-nev14119629n27">
<graphic id="nev13714573n1-nev14119629n28">
<href>0900c8af8461653#@#@#9#.jpeg</href>
</graphic>
<graphtext id="nev13714573n1-nev17557020n1">
<para id="nev13714573n1-nev17556927n39">
<ptxt id="nev13714573n1-nev17556927n40">
<torque id="nev13714573n1-nev14119629n26">
<ref id="nev13714573n1-nev14119629n24"/>
</torque>
</ptxt>
</para>
</graphtext>
</grate>
</procstep>
<procstep id="nev13714573n1-nev14119611n72">
<grate id="nev13714573n1-nev14119629n21">
<graphic id="nev13714573n1-nev14119629n22">
<href>0900c8af84553f8#@#@#9#.jpeg</href>
</graphic>
<graphtext id="nev13714573n1-nev17557027n1">
<para id="nev13714573n1-nev17556927n37">
<ptxt id="nev13714573n1-nev17556927n38">
<toolitem boilerplate="true" id="nev13714573n1-nev14119629n19" imageid="0900c8af8233962c"/>
</ptxt>
</para>
</graphtext>
</grate>
</procstep>
<procstep id="nev13714573n1-nev16353658n46">
<grate id="nev13714573n1-nev16353675n50">
<graphic id="nev13714573n1-nev16353675n51">
<href>0900c8af85175d0#@#@#9#.jpeg</href>
</graphic>
<graphtext id="nev13714573n1-nev17557034n1">
<note id="nev13714573n1-0800c8af844a42eb">
<ptxt>Note the positi#@#@#31#oval.</ptxt>
</note>
</graphtext>
</grate>
</procstep>
<procstep id="nev13714573n1-nev14119615n61">
<grate id="nev13714573n1-nev14119629n16">
<graphic id="nev13714573n1-nev14119629n17">
<href>0900c8af8461653#@#@#9#.jpeg</href>
</graphic>
<graphtext id="nev13714573n1-nev17557038n1">
<note id="nev13714573n1-0800c8af844a42f6">
<ptxt>Use a new seal.</ptxt>
</note>
</graphtext>
</grate>
</procstep>
</stepgrp>
<stepgrp boilerplate="false" context="" id="nev13714573n1-nev17556927n36">
<title id="nev13714573n1-0800c8af844a46f9">Installation</title>
<procstep id="nev13714573n1-nev16353656n90">
<grate id="nev13714573n1-nev16353675n46">
<graphic id="nev13714573n1-nev16353675n47">
<href>0900c8af8423c53#@#@#9#.jpeg</href>
</graphic>
<graphtext id="nev13714573n1-nev17557042n1">
<para id="nev13714573n1-nev17556927n34">
<ptxt id="nev13714573n1-nev17556927n35">
<material id="nev13714573n1-nev16353675n43" materialid="1161687" materialname="Silicone grease" quantity="0.0"/>
</ptxt>
</para>
</graphtext>
</grate>
</procstep>
<procstep id="nev13714573n1-nev14119623n77">
<para id="nev13714573n1-nev17556927n32">
<ptxt id="nev13714573n1-nev17556927n33">To install, rev#@#@#22#dure.</ptxt>
</para>
</procstep>
<procstep id="nev13714573n1-nev14119626n60">
<para id="nev13714573n1-nev17556927n30">
<ptxt id="nev13714573n1-nev17556927n31">Perform clutch #@#@#9#nting<xref boilerplate="true" id="nev13714573n1-0800c8af8456c682">
<ref id="nev13714573n1-nev14119629n6"/>
</xref>
</ptxt>
</para>
</procstep>
</stepgrp>
</procedure>
</servinfosub>