<?xml version="1.0" encoding="UTF-8"?><servinfosub IE-ID="en-US0900c8af822ee01f" docno="VCC-159441" id="KC03295984" xml:lang="en-US">
<title id="nev10584474n1">Transmission, r#@#@#2#oving</title>
<procedure id="nev10584474n3">
<proctools id="nev10584474n5">
<toolitem id="KC07211765"/>
<toolitem id="KC07211766"/>
<toolitem id="KC07211767"/>
<toolitem id="KC07211768"/>
<toolitem id="KC07211769"/>
<toolitem id="KC07211770"/>
<toolitem id="KC07211771"/>
<toolitem id="KC07211772"/>
<toolitem id="KC07211773"/>
<toolitem id="KC07211774"/>
<toolitem id="KC07211775"/>
</proctools>
<note id="nev10584474n51">
<ptxt id="nev10584474n53">As the illustra#@#@#182#ect. </ptxt>
</note>
<stepgrp id="nev10584474n55">
<title id="nev10584479n86">Preparations</title>
<procstep id="nev10584474n56">
<title id="nev10584474n57">Disconnecting t#@#@#10# lead</title>
<para id="nev10584484n41">
<ptxt id="nev10584484n42">Disconnect the #@#@#23#See: <xref id="nev10584487n247">
<ref id="nev10609364n177"/>
</xref>.</ptxt>
</para>
</procstep>
</stepgrp>
<stepgrp id="nev10584474n58">
<title id="nev10584474n60">Removal</title>
<procstep id="nev10584474n62">
<title id="nev10584474n64">Removing engine#@#@#18#nents</title>
<grate id="nev10584474n66">
<graphic id="KC07211776">
<href>0900c8af81a72f3#@#@#9#.jpeg</href>
</graphic>
<graphtext id="nev10584474n72">
<list1 enumtype="d" id="nev10584474n74" type="unordered">
<title id="nev10584474n76">Remove:</title>
<item id="nev10584474n78">
<ptxt id="nev10584474n80">the engine stab#@#@#53#ngine</ptxt>
</item>
<item id="nev10584474n82">
<ptxt id="nev10584474n84">the cover on th#@#@#34#using</ptxt>
</item>
<item id="nev10584474n86">
<ptxt id="nev10584474n88">the fresh air i#@#@#5# hose</ptxt>
</item>
<item id="nev10584474n90">
<ptxt id="nev10584474n92">the air filter #@#@#66#sing.</ptxt>
</item>
</list1>
</graphtext>
</grate>
</procstep>
<procstep id="nev10584474n116">
<title id="nev10584474n118">Removing compon#@#@#21#ssion</title>
<grate id="nev10584474n120">
<graphic id="KC07211778">
<href>0900c8af80060a4#@#@#9#.jpeg</href>
</graphic>
<graphtext id="nev10584474n126">
<para id="nev10584474n128">
<ptxt id="nev10584474n130">Plug the clutch#@#@#24#clip.</ptxt>
</para>
<list1 enumtype="d" id="nev10584474n132" type="unordered">
<title id="nev10584474n134">Remove:</title>
<item id="nev10584474n136">
<ptxt id="nev10584474n138">the clutch hose#@#@#83#llage</ptxt>
</item>
<item id="nev10584474n140">
<ptxt id="nev10584474n142">the cable harne#@#@#4#lamps</ptxt>
</item>
<item id="nev10584474n144">
<ptxt id="nev10584474n146">the ground lead#@#@#36#rame </ptxt>
</item>
<item id="nev10584474n148">
<ptxt id="nev10584474n150">the bracket for#@#@#49#ion. </ptxt>
</item>
</list1>
</graphtext>
</grate>
</procstep>
<procstep id="nev10584474n152">
<title id="nev10584474n154">Removing the ge#@#@#35#ssion</title>
<grate id="nev10584474n156">
<graphic id="KC07211779">
<href>0900c8af80060a4#@#@#9#.jpeg</href>
</graphic>
<graphtext id="nev10584474n162">
<note id="nev10584474n164">
<ptxt id="nev10584474n166">When working wi#@#@#72#reak.</ptxt>
</note>
<para id="nev10584474n168">
<ptxt id="nev10584474n170">Use jimmy bar <toolitem id="KC07211780"/>. </ptxt>
</para>
<list1 enumtype="d" id="nev10584474n176" type="unordered">
<title id="nev10584474n178">Remove:</title>
<item id="nev10584474n180">
<ptxt id="nev10584474n182">the gear select#@#@#20#evers</ptxt>
</item>
<item id="nev10584474n184">
<ptxt id="nev10584474n186">the mechanical #@#@#78#ables</ptxt>
</item>
<item id="nev10584474n188">
<ptxt id="nev10584474n190">the connector f#@#@#21#witch</ptxt>
</item>
<item id="nev10584474n192">
<ptxt id="nev10584474n194">the bracket wit#@#@#48#HO2S)</ptxt>
</item>
<item id="nev10584474n196">
<ptxt id="nev10584474n198">the bracket for#@#@#15#se(s)</ptxt>
</item>
<item id="nev10584474n200">
<ptxt id="nev10584474n202">the clamp for t#@#@#38#gine.</ptxt>
</item>
</list1>
</graphtext>
</grate>
<grate id="nev10584474n204">
<graphic id="KC07211781">
<href>0900c8af80060a5#@#@#9#.jpeg</href>
</graphic>
<graphtext id="nev10584474n210">
<para id="nev10584474n212">
<ptxt id="nev10584474n214">Tie up the cabl#@#@#29#e(s).</ptxt>
</para>
<list1 enumtype="d" id="nev10584474n216" type="unordered">
<title id="nev10584474n218">Remove:</title>
<item id="nev10584474n220">
<ptxt id="nev10584474n222">the 3 screws fo#@#@#22#ngine</ptxt>
</item>
<item id="nev10584474n224">
<ptxt id="nev10584474n226">the 2 screws fo#@#@#15#otor.</ptxt>
</item>
</list1>
</graphtext>
</grate>
</procstep>
<procstep id="nev10584474n228">
<title id="nev10584474n230">Removing the co#@#@#43#eater</title>
<grate id="nev10584474n232">
<graphic id="KC07211782">
<href>0900c8af8005ed9#@#@#9#.jpeg</href>
</graphic>
<graphtext id="nev10584474n238">
<para id="nev10584474n240">
<ptxt id="nev10584474n242">Clamp the hoses#@#@#12#lips.</ptxt>
<ptxt id="nev10584474n244">Place paper und#@#@#55#lant.</ptxt>
<ptxt id="nev10584474n246">Turn the quick-#@#@#176#pipe.</ptxt>
</para>
<note id="nev10584474n248">
<ptxt id="nev10584474n250">Tie the hose up#@#@#110#ion. </ptxt>
</note>
</graphtext>
</grate>
</procstep>
<procstep id="nev10584475n2">
<title id="nev10584475n4">Installing the #@#@#54#elet </title>
<grate id="nev10584475n6">
<graphic id="KC07211783">
<href>0900c8af8005ed7#@#@#9#.jpeg</href>
</graphic>
<graphtext id="nev10610103n115">
<para id="nev10610103n116">
<ptxt id="nev10610094n53">Position the li#@#@#7#eams <toolitem id="KC05411164"/> on the wheel a#@#@#103#ooks <toolitem id="KC05411165"/>on the right-ha#@#@#51#tely <emph id="nev10610094n63">5-10 mm</emph>. Lightly tight#@#@#21#ide. </ptxt>
<ptxt id="nev10610104n83">Position the wh#@#@#97#lock.</ptxt>
<ptxt id="nev10610104n84">Raise the car.</ptxt>
</para>
</graphtext>
</grate>
</procstep>
<procstep id="nev10584475n36">
<title id="nev10584475n38">Removing the ai#@#@#37#ngine</title>
<grate id="nev10584475n40">
<graphic id="KC07211786">
<href>0900c8af8005e88#@#@#9#.jpeg</href>
</graphic>
<graphtext id="nev10584475n46">
<list1 enumtype="d" id="nev10584475n48" type="unordered">
<title id="nev10584475n50">Remove:</title>
<item id="nev10584475n52">
<ptxt id="nev10584475n54">both the front #@#@#1#heels</ptxt>
</item>
<item id="nev10584475n56">
<ptxt id="nev10584475n58">the screws for #@#@#28#ngine</ptxt>
</item>
<item id="nev10584475n60">
<ptxt id="nev10584475n62">the screws for #@#@#78#ffle.</ptxt>
</item>
</list1>
</graphtext>
</grate>
</procstep>
<procstep id="nev10584475n64">
<title id="nev10584475n66">Removing the sc#@#@#17# duct</title>
<grate id="nev10584475n68">
<graphic id="KC07211787">
<href>0900c8af8006073#@#@#9#.jpeg</href>
</graphic>
<graphtext id="nev10584475n74">
<para id="nev10584475n76">
<ptxt id="nev10584475n78">Unhook the cabl#@#@#21#rame.</ptxt>
</para>
<para id="nev10584475n80">
<title id="nev10584475n82">For cars with f#@#@#23#ters:</title>
<ptxt id="nev10584475n84">Remove the 2 sc#@#@#15#ater.</ptxt>
<ptxt id="nev10584475n86">Unhook the heat#@#@#58#ting.</ptxt>
<ptxt id="nev10584475n88">Detach the fuel#@#@#50#rame.</ptxt>
</para>
</graphtext>
</grate>
</procstep>
<procstep id="nev10584475n90">
<title id="nev10584475n92">Removing the cr#@#@#20# body</title>
<grate id="nev10584475n94">
<graphic id="KC07211788">
<href>0900c8af8005884#@#@#9#.jpeg</href>
</graphic>
<graphtext id="nev10584475n100">
<list1 enumtype="d" id="nev10584475n102" type="unordered">
<title id="nev10584475n104">Remove:</title>
<item id="nev10584475n106">
<ptxt id="nev10584475n108">the clamp for t#@#@#87#ember</ptxt>
</item>
<item id="nev10584475n110">
<ptxt id="nev10584475n112">the front member</ptxt>
</item>
<item id="nev10584475n114">
<ptxt id="nev10584475n116">the middle memb#@#@#79#side.</ptxt>
</item>
</list1>
</graphtext>
</grate>
</procstep>
<procstep id="nev10584475n136">
<title id="nev10584475n138">Removing screws#@#@#52#brace</title>
<grate id="nev10584475n140">
<graphic id="KC07211790">
<href>0900c8af817a835#@#@#9#.jpeg</href>
</graphic>
<graphtext id="nev10584475n146">
<list1 enumtype="d" id="nev10584475n148" type="unordered">
<title id="nev10584475n150">Remove:</title>
<item id="nev10584475n152">
<ptxt id="nev10584475n154">the screw for t#@#@#19#e pad</ptxt>
</item>
<item id="nev10584475n156">
<ptxt id="nev10584475n158">the screws for #@#@#10# rod.</ptxt>
</item>
</list1>
</graphtext>
</grate>
</procstep>
<procstep id="nev10584878n87">
<title id="nev10584878n88">Measuring the p#@#@#38# gear</title>
<grate id="nev10584878n89">
<graphic id="nev10584878n90">
<href>0900c8af800598a#@#@#9#.jpeg</href>
</graphic>
<graphtext id="nev10584878n94">
<para id="nev10584878n95">
<ptxt id="nev10584878n96">On one side, me#@#@#92#ment.</ptxt>
</para>
</graphtext>
</grate>
</procstep>
<procstep id="nev10704488n28">
<title id="nev10704488n29">Exposing the st#@#@#13#joint</title>
<grate id="nev10719358n27">
<graphic id="nev10719358n28">
<href>0900c8af800598b#@#@#11#.jpeg</href>
</graphic>
<graphtext id="nev10719358n245">
<para id="nev10719358n246">
<ptxt id="nev10719358n247">Remove the scre#@#@#70#aft. </ptxt>
<ptxt id="nev10719358n248">Press the joint#@#@#23#haft.</ptxt>
<ptxt id="nev10719358n249">Detach the cabl#@#@#20#noid.</ptxt>
</para>
</graphtext>
</grate>
</procstep>
<procstep id="nev10584475n180">
<title id="nev10584475n182">Removing front #@#@#29#ides)</title>
<grate id="nev10584475n184">
<graphic id="KC07211792">
<href>0900c8af81d8b93#@#@#9#.jpeg</href>
</graphic>
<graphtext id="nev10584475n190">
<para id="nev10584475n192">
<ptxt id="nev10584475n194">Detach the ABS #@#@#60#side.</ptxt>
</para>
<list1 enumtype="d" id="nev10584475n196" type="unordered">
<title id="nev10584475n198">Remove:</title>
<item id="nev10584475n200">
<ptxt id="nev10584475n202">the screw for t#@#@#53#vents</ptxt>
</item>
<item id="nev10584606n114">
<ptxt id="nev10584606n115">the nut for the#@#@#111# nut.</ptxt>
</item>
</list1>
<note id="nev10584475n212">
<ptxt id="nev10584475n214">Counterhold at #@#@#109#turn.</ptxt>
</note>
<list1 enumtype="d" id="nev10584610n108" type="unordered">
<title id="nev10609384n86">Remove (on left#@#@#2#ide):</title>
<item id="nev10584475n204">
<ptxt id="nev10584475n206">the link from t#@#@#11#l bar</ptxt>
</item>
<item id="nev10584610n109">
<ptxt id="nev10584614n82">the tie rod.</ptxt>
</item>
</list1>
</graphtext>
</grate>
</procstep>
<procstep id="nev10584475n216">
<title id="nev10584475n218">Preparations wh#@#@#19#ssion</title>
<grate id="nev10584475n220">
<graphic id="KC07211793">
<href>0900c8af80060d3#@#@#9#.jpeg</href>
</graphic>
<graphtext id="nev10584475n226">
<para id="nev10584475n228">
<ptxt id="nev10584475n230">Remove the 2 nu#@#@#124#trap.</ptxt>
</para>
<note id="nev10584475n232">
<ptxt id="nev10584475n234">Do not forget t#@#@#22#nder.</ptxt>
</note>
</graphtext>
</grate>
</procstep>
<procstep id="nev10584475n236">
<title id="nev10584475n238">Draining transm#@#@#7#fluid</title>
<grate id="nev10584475n240">
<graphic id="KC07211794">
<href>0900c8af80060fc#@#@#9#.jpeg</href>
</graphic>
<graphtext id="nev10584475n246">
<para id="nev10584475n248">
<ptxt id="nev10584475n250">Position a cont#@#@#29#sion.</ptxt>
<ptxt id="nev10584476n2">Remove the drai#@#@#22#oil. </ptxt>
<ptxt id="nev10584476n4">Reinstall the p#@#@#41#See: <xref id="nev10584476n6">
<ref id="KC07211795"/>
</xref>.</ptxt>
</para>
</graphtext>
</grate>
</procstep>
<procstep id="nev10584476n12">
<title id="nev10584476n14">Preparations fo#@#@#19#frame</title>
<grate id="nev10584476n16">
<graphic id="KC07211796">
<href>0900c8af80060cb#@#@#9#.jpeg</href>
</graphic>
<graphtext id="nev10584632n74">
<para id="nev10584476n44">
<ptxt id="nev10584476n46">Unhook the cont#@#@#45#Use: <toolitem id="KC07211799"/>. </ptxt>
</para>
<note id="nev10584476n52">
<ptxt id="nev10584476n54">Do not trap the#@#@#12#boot.</ptxt>
</note>
<para id="nev10584476n56">
<ptxt id="nev10584476n58">Install: <toolitem id="KC07211800"/>. </ptxt>
<ptxt id="nev10584476n64">Hold the sleeve#@#@#38#oint.</ptxt>
<ptxt id="nev10584476n66">Fold out the sp#@#@#75#oots.</ptxt>
<ptxt id="nev10584476n68">Hold the spring#@#@#90#trap.</ptxt>
<ptxt id="nev10584476n70">Keep the seal o#@#@#55# off.</ptxt>
<ptxt id="nev10584628n120">Remove the scre#@#@#45#des).</ptxt>
</para>
<para id="nev10584632n78">
<ptxt id="nev10584632n81">Lightly position <toolitem id="nev10584632n83"/> together with <toolitem id="nev10584632n91"/> under the righ#@#@#24#rame.</ptxt>
<ptxt id="nev10584632n99">Slacken off the#@#@#106#eads.</ptxt>
<ptxt id="nev10584632n101">Remove the jack.</ptxt>
<ptxt id="nev10584632n103"/>
</para>
</graphtext>
</grate>
</procstep>
<procstep id="nev10584476n72">
<title id="nev10584476n74">Removing the ri#@#@#10#shaft</title>
<grate id="nev10584476n76">
<graphic id="KC07211801">
<href>0900c8af8006090#@#@#9#.jpeg</href>
</graphic>
<graphtext id="nev10584476n82">
<list1 enumtype="d" id="nev10584476n84" type="unordered">
<title id="nev10584476n86">Remove:</title>
<item id="nev10584476n88">
<ptxt id="nev10584476n90">the screws for #@#@#32#g cap</ptxt>
</item>
<item id="nev10584861n69">
<ptxt id="nev10584861n239">the support bea#@#@#3#g cap</ptxt>
</item>
<item id="nev10584476n92">
<ptxt id="nev10584476n94">the drive shaft#@#@#119#gear.</ptxt>
</item>
</list1>
</graphtext>
</grate>
</procstep>
<procstep id="nev10584476n96">
<title id="nev10584476n98">Removing the co#@#@#43# gear</title>
<grate id="nev10584476n100">
<graphic id="KC07211802">
<href>0900c8af8005e86#@#@#9#.jpeg</href>
</graphic>
<graphtext id="nev10584476n106">
<note id="nev10584476n108">
<ptxt id="nev10584476n110">Applies only to#@#@#18#cars.</ptxt>
</note>
<para id="nev10584476n112">
<ptxt id="nev10584476n114">Remove the 2 sc#@#@#105#gear.</ptxt>
</para>
</graphtext>
</grate>
</procstep>
<procstep id="nev10584476n116">
<title id="nev10584476n118">Lowering the su#@#@#2#frame</title>
<grate id="nev10584476n120">
<graphic id="KC07211803">
<href>0900c8af8006070#@#@#9#.jpeg</href>
</graphic>
<graphtext id="nev10584476n126">
<para id="nev10584476n128">
<ptxt id="nev10584476n130">Position the mo#@#@#58#rame.</ptxt>
<ptxt id="nev10584476n132">Remove the sub-#@#@#8#rews.</ptxt>
<ptxt id="nev10584863n91">Lower the sub-frame.</ptxt>
</para>
<note id="nev10584476n134">
<ptxt id="nev10584476n136">When lowering, #@#@#121#ely. </ptxt>
</note>
</graphtext>
</grate>
</procstep>
<procstep id="nev10584476n142">
<title id="nev10584476n144">Removing the le#@#@#15#haft </title>
<grate id="nev10584476n146">
<graphic id="KC07211804">
<href>0900c8af80060b7#@#@#9#.jpeg</href>
</graphic>
<graphtext id="nev10584476n152">
<para id="nev10584476n154">
<ptxt id="nev10584476n156">Fold out the sp#@#@#50#hub. </ptxt>
<ptxt id="nev10584865n194">Hold the spring#@#@#90#sion.</ptxt>
<ptxt id="nev10584476n158">Remove the driv#@#@#31#Use: <toolitem id="KC07211805"/>. </ptxt>
<ptxt id="nev10584476n166">Install: <toolitem id="KC07211806"/> for the transm#@#@#3#ion. </ptxt>
</para>
</graphtext>
</grate>
</procstep>
<procstep id="nev10584901n93">
<title id="nev10584901n94">Removing bevel gear</title>
<grate id="nev10584902n201">
<graphic id="nev10584902n202">
<href>0900c8af800608e#@#@#9#.jpeg</href>
</graphic>
<graphic id="nev10584907n243">
<href>0900c8af81a71ad#@#@#9#.jpeg</href>
</graphic>
<graphtext id="nev10584909n107">
<para id="nev10584910n38">
<ptxt id="nev10584910n39">Remove the angl#@#@#63#rbox.</ptxt>
<ptxt id="nev10584911n150">Hang the bevel #@#@#56#ilar.</ptxt>
</para>
</graphtext>
</grate>
</procstep>
<procstep id="nev10584476n172">
<title id="nev10584476n174">Removing the re#@#@#13#nting</title>
<grate id="nev10584476n176">
<graphic id="KC07211807">
<href>0900c8af80060a7#@#@#9#.jpeg</href>
</graphic>
<graphtext id="nev10584476n182">
<list1 enumtype="d" id="nev10584476n184" type="unordered">
<title id="nev10584476n186">Remove:</title>
<item id="nev10584476n188">
<ptxt id="nev10584476n190">the screw for t#@#@#24# gear</ptxt>
</item>
<item id="nev10584476n192">
<ptxt id="nev10584476n194">the screws, 3 pcs.</ptxt>
</item>
<item id="nev10584868n59">
<ptxt id="nev10584868n235">the mounting an#@#@#12# pad.</ptxt>
</item>
</list1>
</graphtext>
</grate>
</procstep>
<procstep id="nev10584476n212">
<title id="nev10584476n214">Lowering engine#@#@#12#ssion</title>
<grate id="nev10584476n216">
<graphic id="KC07211809">
<href>0900c8af800606d#@#@#9#.jpeg</href>
</graphic>
<graphtext id="nev10584476n222">
<para id="nev10584476n224">
<ptxt id="nev10584872n93">Lower the car.</ptxt>
<ptxt id="nev10584476n226">Lower the engin#@#@#50#hook.</ptxt>
</para>
<note id="nev10584476n228">
<ptxt id="nev10584476n230">Check that no h#@#@#68#ered.</ptxt>
</note>
<para id="nev10584476n232">
<ptxt id="nev10584476n234"> Lower the engi#@#@#97#owed.</ptxt>
</para>
<para id="nev10584476n236">
<ptxt id="nev10584476n238">Raise the car.</ptxt>
</para>
</graphtext>
</grate>
</procstep>
<procstep id="nev10584476n240">
<title id="nev10584476n242">Installing the #@#@#39#sion </title>
<grate id="nev10584476n244">
<graphic id="KC07211810">
<href>0900c8af80060a7#@#@#9#.jpeg</href>
</graphic>
<graphtext id="nev10584476n250">
<para id="nev10584477n2">
<ptxt id="nev10584477n4">Install: <toolitem id="KC07211811"/>to: <toolitem id="KC07211812"/>. Position the #@#@#4# on: <toolitem id="KC07211813"/>.</ptxt>
<ptxt id="nev10584477n18">Align the fixtu#@#@#172#rews.</ptxt>
<ptxt id="nev10584477n20">Apply the mobil#@#@#35#sion.</ptxt>
</para>
</graphtext>
</grate>
</procstep>
<procstep id="nev10584477n22">
<title id="nev10584477n24">Removing the en#@#@#23#crews</title>
<grate id="nev10584477n26">
<graphic id="KC07211814">
<href>0900c8af8162279#@#@#9#.jpeg</href>
</graphic>
<graphtext id="nev10584477n32">
<para id="nev10584477n34">
<ptxt id="nev10584477n36">Remove the rema#@#@#43#ine. </ptxt>
</para>
</graphtext>
</grate>
</procstep>
<procstep id="nev10584477n38">
<title id="nev10584477n40">Removing the tr#@#@#5#ssion</title>
<grate id="nev10584477n42">
<graphic id="KC07211815">
<href>0900c8af80060a8#@#@#9#.jpeg</href>
</graphic>
<graphtext id="nev10584477n48">
<note id="nev10584477n50">
<ptxt id="nev10584477n52">Ensure that the#@#@#173#late.</ptxt>
</note>
<para id="nev10584477n54">
<ptxt id="nev10584477n56">Lower the trans#@#@#35#utch.</ptxt>
<ptxt id="nev10584477n58">Remove the tran#@#@#4#sion.</ptxt>
</para>
</graphtext>
</grate>
</procstep>
</stepgrp>
</procedure>
</servinfosub>