<?xml version="1.0" encoding="UTF-8"?><servinfosub IE-ID="en-US0900c8af8635951d" docno="VCC-466303" id="nev19774912n1" xml:lang="en-US">
<title>
<phrase category="Title" id="nev19774912n2" phrase-urn="urn:x-nevis:phrase:0800c8af81eb9a54">Diagnostic trou#@#@#21#ation</phrase>
<phrase category="Prefix" id="nev19774912n3" phrase-urn="urn:x-nevis:phrase:0800c8af8015c3f5">ECM</phrase>-P034B00</title>
<diagnostic j2008use="1" paperuse="1" screenuse="1" type="condition">
<condgrp>
<condition type="condition">
<grate>
<graphic id="nev19774912n4">
<href>0900c8af853d920#@#@#10#.jpeg</href>
</graphic>
<graphtext>
<para>
<ptxt>
<phrase category="Faulttracing" id="nev20162683n1" phrase-urn="urn:x-nevis:phrase:0800c8af860cf079">The pulse senso#@#@#106#tart.</phrase>
</ptxt>
</para>
<para id="nev19774912n7">
<ptxt id="nev19774912n8">
<phrase category="Condition" id="nev19774912n9" phrase-urn="urn:x-nevis:phrase:0800c8af82c4843c">The diagnostic #@#@#59#that:</phrase>
</ptxt>
</para>
<list1 id="nev19774912n10">
<item id="nev19774913n1">
<ptxt id="nev19774913n2">
<phrase category="Faulttracing" id="nev19774920n1" phrase-urn="urn:x-nevis:phrase:0800c8af85fe1cd3">The pulse senso#@#@#38#tion.</phrase>
</ptxt>
</item>
</list1>
<para id="nev19774913n4">
<ptxt id="nev19774913n5">
<phrase category="Condition" id="nev19774913n6" phrase-urn="urn:x-nevis:phrase:0800c8af84001c60">The control mod#@#@#56#when:</phrase>
</ptxt>
</para>
<list1 id="nev19774913n7">
<item id="nev19774913n8">
<ptxt id="nev19774913n9">
<phrase category="Faulttracing" id="nev19774922n1" phrase-urn="urn:x-nevis:phrase:0800c8af834dec66">Start of engine.</phrase>
</ptxt>
</item>
</list1>
</graphtext>
</grate>
</condition>
</condgrp>
<condgrp>
<condition type="substitution">
<list1 enumtype="d">
<item>
<ptxt>
<phrase category="" id="nev19774914n1" phrase-urn="urn:x-nevis:phrase:0800c8af823dad75">Signal from the#@#@#21#nsor.</phrase>
</ptxt>
</item>
<item id="nev20249029n100">
<ptxt id="nev20249029n99">
<phrase category="Faulttracing" id="nev20249031n1" phrase-urn="urn:x-nevis:phrase:0800c8af861282dc">Limitation of m#@#@#16# rpm.</phrase>
</ptxt>
</item>
</list1>
</condition>
<ps>
<list1 enumtype="d" type="unordered">
<item>
<ptxt>
<phrase category="Possible source" id="nev20162684n1" phrase-urn="urn:x-nevis:phrase:0800c8af81eab913">Contact resista#@#@#30#nals.</phrase>
</ptxt>
</item>
<item>
<ptxt>
<phrase category="Possible source" id="nev20162685n1" phrase-urn="urn:x-nevis:phrase:0800c8af81eab8b4">Incorrectly ins#@#@#28#nsor.</phrase>
</ptxt>
</item>
<item>
<ptxt>
<phrase category="Possible source" id="nev20162687n1" phrase-urn="urn:x-nevis:phrase:0800c8af81eaba2f">Damaged engine #@#@#14#nsor.</phrase>
</ptxt>
</item>
<item>
<ptxt>
<phrase category="Possible source" id="nev20162688n1" phrase-urn="urn:x-nevis:phrase:0800c8af84b9da87">Worn teeth on t#@#@#10#belt.</phrase>
</ptxt>
</item>
<item id="nev20162624n95">
<ptxt id="nev20162624n94">
<phrase category="Possible source" id="nev20162691n1" phrase-urn="urn:x-nevis:phrase:0800c8af8450bc51">Incorrectly ins#@#@#11#haft.</phrase>
</ptxt>
</item>
<item id="nev20162624n91">
<ptxt id="nev20162624n90">
<phrase category="Possible source" id="nev20162692n1" phrase-urn="urn:x-nevis:phrase:0800c8af8450bc54">Damaged camshaft.</phrase>
</ptxt>
</item>
</list1>
</ps>
</condgrp>
<condgrp>
<condition type="symptom">
<list1 enumtype="d" type="unordered">
<item>
<ptxt>
<phrase category="Symptom CSC" id="nev19774914n6" phrase-urn="urn:x-nevis:phrase:0800c8af84004ee5">1Q, Driving/Poo#@#@#32#e off</phrase>
</ptxt>
</item>
<item id="nev19774914n7">
<ptxt id="nev19774914n8">
<phrase category="Symptom CSC" id="nev19774914n9" phrase-urn="urn:x-nevis:phrase:0800c8af8388f019">AJ, Driving/Poo#@#@#20#power</phrase>
</ptxt>
</item>
<item id="nev19774914n10">
<ptxt id="nev19774915n1">
<phrase category="Symptom CSC" id="nev19774915n2" phrase-urn="urn:x-nevis:phrase:0800c8af8388f021">AK, Driving/Hes#@#@#33#times</phrase>
</ptxt>
</item>
<item id="nev19774915n3">
<ptxt id="nev19774915n4">
<phrase category="Symptom CSC" id="nev19774915n5" phrase-urn="urn:x-nevis:phrase:0800c8af8388f01b">AL, Driving/Hes#@#@#28#ation</phrase>
</ptxt>
</item>
<item id="nev19774915n6">
<ptxt id="nev19774915n7">
<phrase category="Symptom CSC" id="nev19774915n8" phrase-urn="urn:x-nevis:phrase:0800c8af8388f01f">AM, Driving/Hes#@#@#28#ation</phrase>
</ptxt>
</item>
<item id="nev20162624n88">
<ptxt id="nev20162624n87">
<phrase category="Symptom CSC" id="nev20162693n1" phrase-urn="urn:x-nevis:phrase:0800c8af8388f05b">BJ, Starting/En#@#@#39#times</phrase>
</ptxt>
</item>
</list1>
</condition>
</condgrp>
</diagnostic>
</servinfosub>