<?xml version="1.0" encoding="UTF-8"?><servinfosub IE-ID="en-US0900c8af8451d51d" docno="VCC-279512" id="nev11240535n1" xml:lang="en-US">
<title>
<phrase category="Title" id="nev11240535n2" phrase-urn="urn:x-nevis:phrase:0800c8af81eb9a54">Diagnostic trou#@#@#21#ation</phrase>
</title>
<diagnostic j2008use="1" paperuse="1" screenuse="1" type="condition">
<condgrp>
<condition type="condition">
<grate>
<graphtext>
<ptxt>
<phrase category="Condition" id="nev11244684n1" phrase-urn="urn:x-nevis:phrase:0800c8af831e5c1d">The AC compress#@#@#89#ECM).</phrase>
<phrase category="Condition" id="nev11244680n1" phrase-urn="urn:x-nevis:phrase:0800c8af831e5c14">The solenoid in#@#@#105#ECM).</phrase>
</ptxt>
<ptxt id="nev11240535n7">
<phrase category="Condition" id="nev11240834n1" phrase-urn="urn:x-nevis:phrase:0800c8af831c5bbb">If the control #@#@#108#ated.</phrase>
</ptxt>
<ptxt id="nev11240535n9">
<phrase category="Condition" id="nev11244627n1" phrase-urn="urn:x-nevis:phrase:0800c8af825e42bf">The diagnostic #@#@#50# A/C.</phrase>
</ptxt>
</graphtext>
</grate>
</condition>
</condgrp>
<condgrp>
<condition type="substitution">
<list1 enumtype="d" type="unordered">
<item>
<ptxt>
<phrase category="Substitution" id="nev11244667n1" phrase-urn="urn:x-nevis:phrase:0800c8af81eb9984">None.</phrase>
</ptxt>
</item>
</list1>
</condition>
<ps>
<list1 enumtype="d" type="unordered">
<title id="nev11240772n94">
<phrase category="Title" id="nev11254926n1" phrase-urn="urn:x-nevis:phrase:0800c8af83238694">ECM-P252112</phrase>
</title>
<item id="nev11244608n95">
<ptxt id="nev11244608n94">
<phrase category="Possible source" id="nev11244640n1" phrase-urn="urn:x-nevis:phrase:0800c8af83424284">Signal line fro#@#@#52#tage.</phrase>
</ptxt>
</item>
<item id="nev11244608n71">
<ptxt id="nev11244608n70">
<phrase category="Possible source" id="nev11244670n1" phrase-urn="urn:x-nevis:phrase:0800c8af831e5bf9">Damaged solenoi#@#@#18#ssor.</phrase>
</ptxt>
</item>
</list1>
<list1 id="nev11241014n100">
<title id="nev11241014n99">
<phrase category="Title" id="nev11254935n1" phrase-urn="urn:x-nevis:phrase:0800c8af83238699">ECM-P252011</phrase>
</title>
<item id="nev11241014n97">
<ptxt id="nev11241014n96">
<phrase category="Possible source" id="nev11244641n1" phrase-urn="urn:x-nevis:phrase:0800c8af8342426f">Signal line fro#@#@#51#ound.</phrase>
</ptxt>
</item>
<item id="nev11244608n74">
<ptxt id="nev11244608n73">
<phrase category="Possible source" id="nev11244672n1" phrase-urn="urn:x-nevis:phrase:0800c8af831e5bf9">Damaged solenoi#@#@#18#ssor.</phrase>
</ptxt>
</item>
</list1>
<list1 id="nev11244608n89">
<title id="nev11244608n88">
<phrase category="Title" id="nev11254936n1" phrase-urn="urn:x-nevis:phrase:0800c8af8323869e">ECM-P251913</phrase>
</title>
<item id="nev11244608n52">
<ptxt id="nev11244608n51">
<phrase category="Possible source" id="nev11244666n1" phrase-urn="urn:x-nevis:phrase:0800c8af81eab907">Contact resista#@#@#30#tors.</phrase>
</ptxt>
</item>
<item id="nev11244608n87">
<ptxt id="nev11244608n86">
<phrase category="Possible source" id="nev11244642n1" phrase-urn="urn:x-nevis:phrase:0800c8af831e5b85">Open circuit on#@#@#41#ECM).</phrase>
</ptxt>
</item>
<item id="nev11244608n77">
<ptxt id="nev11244608n76">
<phrase category="Possible source" id="nev11244673n1" phrase-urn="urn:x-nevis:phrase:0800c8af831e5bf9">Damaged solenoi#@#@#18#ssor.</phrase>
</ptxt>
</item>
</list1>
<list1 id="nev11244608n83">
<title id="nev11244608n82">
<phrase category="Title" id="nev11254939n1" phrase-urn="urn:x-nevis:phrase:0800c8af832386a3">ECM-P251919</phrase>
</title>
<item id="nev11244608n60">
<ptxt id="nev11244608n59">
<phrase category="Possible source" id="nev11244658n1" phrase-urn="urn:x-nevis:phrase:0800c8af83424284">Signal line fro#@#@#52#tage.</phrase>
</ptxt>
</item>
<item id="nev11244608n81">
<ptxt id="nev11244608n80">
<phrase category="Possible source" id="nev11244674n1" phrase-urn="urn:x-nevis:phrase:0800c8af831e5bf9">Damaged solenoi#@#@#18#ssor.</phrase>
</ptxt>
</item>
<item id="nev11244608n57">
<ptxt id="nev11244608n56">
<phrase category="Possible source" id="nev11244661n1" phrase-urn="urn:x-nevis:phrase:0800c8af8274ae3b">Internal fault #@#@#30#ECM).</phrase>
</ptxt>
</item>
</list1>
</ps>
</condgrp>
<condgrp>
<condition type="symptom">
<list1 enumtype="d" type="unordered">
<item id="nev11244608n65">
<ptxt id="nev11244608n64">
<phrase category="Symptom" id="nev11244653n1" phrase-urn="urn:x-nevis:phrase:0800c8af8223ced9">No cooling effe#@#@#14#ystem</phrase>
</ptxt>
</item>
</list1>
</condition>
</condgrp>
</diagnostic>
</servinfosub>