<?xml version="1.0" encoding="UTF-8"?><servinfosub IE-ID="en-US0900c8af851a551d" docno="VCC-423792" id="nev16394176n1" xml:lang="en-US">
<title>
<phrase category="Title" id="nev16394176n2" phrase-urn="urn:x-nevis:phrase:0800c8af81eb9a54">Diagnostic trou#@#@#21#ation</phrase>
<phrase category="Prefix" id="nev16394176n3" phrase-urn="urn:x-nevis:phrase:0800c8af8015c3f5">ECM</phrase>-P060600</title>
<diagnostic j2008use="1" paperuse="1" screenuse="1" type="condition">
<condgrp>
<condition type="condition">
<grate id="nev16394176n4">
<graphic id="nev16394176n5">
<href>0900c8af80730f5#@#@#9#.jpeg</href>
</graphic>
</grate>
<para id="nev16394176n6">
<ptxt id="nev16394176n7">
<phrase category="Condition" id="nev16394176n8" phrase-urn="urn:x-nevis:phrase:0800c8af83f4b287">The engine cont#@#@#81#ions.</phrase>
</ptxt>
</para>
<para id="nev16394176n9">
<ptxt id="nev16394176n10">
<phrase category="Condition" id="nev16394177n1" phrase-urn="urn:x-nevis:phrase:0800c8af834ddf26">The diagnostic #@#@#48#ects:</phrase>
</ptxt>
</para>
<list1 id="nev16394177n2">
<item id="nev16394177n3">
<ptxt id="nev16394177n4">
<phrase category="Possible source" id="nev16394177n5" phrase-urn="urn:x-nevis:phrase:0800c8af8274ae3b">Internal fault #@#@#30#ECM).</phrase>
</ptxt>
</item>
</list1>
<para id="nev16394177n6">
<ptxt id="nev16394177n7">
<phrase category="Condition" id="nev16394177n8" phrase-urn="urn:x-nevis:phrase:0800c8af82c479d6">The control mod#@#@#67#t of:</phrase>
</ptxt>
</para>
<list1 id="nev16394177n9">
<item id="nev16394177n10">
<ptxt id="nev16394178n1">
<phrase category="Faulttracing" id="nev16394178n2" phrase-urn="urn:x-nevis:phrase:0800c8af81976d4a">Ignition on.</phrase>
</ptxt>
</item>
</list1>
<note id="nev16394178n3">
<ptxt id="nev16394178n4">
<phrase category="Condition" id="nev16394178n5" phrase-urn="urn:x-nevis:phrase:0800c8af82c4844b">The control mod#@#@#132# met.</phrase>
</ptxt>
</note>
</condition>
</condgrp>
<condgrp>
<condition type="substitution">
<list1 enumtype="d" type="unordered">
<item>
<ptxt>
<phrase category="Substitution" id="nev16394178n6" phrase-urn="urn:x-nevis:phrase:0800c8af81eb9984">None.</phrase>
</ptxt>
</item>
</list1>
</condition>
<ps>
<list1 enumtype="d" type="unordered">
<item id="nev16394178n7">
<ptxt id="nev16394178n8">
<phrase category="Possible source" id="nev16394178n9" phrase-urn="urn:x-nevis:phrase:0800c8af81eaba5c">Damaged engine #@#@#16#ECM).</phrase>
</ptxt>
</item>
</list1>
</ps>
</condgrp>
<condgrp>
<condition type="symptom">
<list1 enumtype="d" type="unordered">
<item id="nev16394178n10">
<ptxt id="nev16394179n1">
<phrase category="Symptom CSC" id="nev16394179n2" phrase-urn="urn:x-nevis:phrase:0800c8af8388f076">DL, Warning lig#@#@#85#ation</phrase>
</ptxt>
</item>
</list1>
</condition>
</condgrp>
</diagnostic>
</servinfosub>