<?xml version="1.0" encoding="UTF-8"?><servinfosub IE-ID="en-US0900c8af87b07108" docno="VCC-502229" id="nev27913025n1" original="sv-SE" servinfosubId="nev27913026n1-nev27913025n4" servinfosubRes="0900c8af87b9d6d8" servinfosubRes2="urn:x-nevis:fragment:0900c8af87b07108:0900c8af87b9d6d8#nev27913025n4" xml:lang="en-US">
<title id="nev27913025n2">Corrective acti#@#@#41# fuel</title>
<procedure id="nev27913026n1-nev28050144n2">
<stepgrp boilerplate="false" context="" id="nev27913026n1-nev28050377n68">
<title id="nev27913026n1-0800c8af857fb115">Preparation</title>
<procstep id="nev27913026n1-nev28050144n5">
<para id="nev27913026n1-nev28050377n66">
<ptxt id="nev27913026n1-nev28050377n67">Before leaving #@#@#146#fuel.</ptxt>
</para>
<para id="nev27913026n1-nev28050377n64">
<ptxt id="nev27913026n1-nev28050377n65">The customer mu#@#@#52#shop.</ptxt>
</para>
<para id="nev27913026n1-nev28050377n62">
<ptxt id="nev27913026n1-nev28050377n63">Inform the cust#@#@#104#work.</ptxt>
</para>
<para id="nev27913026n1-nev28050377n60">
<ptxt id="nev27913026n1-nev28050377n61">Recommend to th#@#@#63#tter.</ptxt>
</para>
<para id="nev27913026n1-nev28050377n58">
<ptxt id="nev27913026n1-nev28050377n59">Ask the custome#@#@#135#take.</ptxt>
</para>
</procstep>
<procstep id="nev27913026n1-nev28050146n1">
<para id="nev27913026n1-nev28050377n54">
<ptxt id="nev27913026n1-nev28050377n56">Fill in the for#@#@#68#fuel.<xref boilerplate="true" id="nev27913026n1-nev28050377n57">
<ref id="nev27913026n1-nev28050377n55"/>
</xref>
</ptxt>
</para>
</procstep>
<procstep id="nev27913026n1-nev28050146n7">
<para id="nev27913026n1-nev28050377n52">
<ptxt id="nev27913026n1-nev28050377n53">Follow the acti#@#@#16#elow.</ptxt>
</para>
</procstep>
</stepgrp>
<stepgrp boilerplate="false" context="" id="nev27913026n1-nev28050377n51">
<title id="nev27913026n1-0800c8af85c1ccb0">The engine has #@#@#11#arted</title>
<procstep id="nev27913026n1-nev28050147n3">
<caution id="nev27913026n1-0800c8af844a40eb">
<ptxt>If the fuel tan#@#@#107#aned.</ptxt>
</caution>
</procstep>
<procstep id="nev27913026n1-nev28050147n6">
<para id="nev27913026n1-nev28050377n47">
<ptxt id="nev27913026n1-nev28050377n49">Remove fuel tank<xref boilerplate="true" id="nev27913026n1-nev28050377n50">
<ref id="nev27913026n1-nev28050377n48"/>
</xref>
</ptxt>
</para>
</procstep>
<procstep id="nev27913026n1-nev28050148n2">
<para id="nev27913026n1-nev28050377n45">
<ptxt id="nev27913026n1-nev28050377n46">Flush clean the#@#@#56#esel.</ptxt>
</para>
</procstep>
<procstep id="nev27913026n1-nev28050148n6">
<para id="nev27913026n1-nev28050377n41">
<ptxt id="nev27913026n1-nev28050377n43">Replace fuel filter<xref boilerplate="true" id="nev27913026n1-nev28050377n44">
<ref id="nev27913026n1-nev28050377n42"/>
</xref>
</ptxt>
</para>
</procstep>
<procstep id="nev27913026n1-nev28050149n2">
<para id="nev27913026n1-nev28050377n37">
<ptxt id="nev27913026n1-nev28050377n39">Install fuel tank<xref boilerplate="true" id="nev27913026n1-nev28050377n40">
<ref id="nev27913026n1-nev28050377n38"/>
</xref>
</ptxt>
</para>
</procstep>
<procstep id="nev27913026n1-nev28050149n8">
<para id="nev27913026n1-nev28050377n35">
<ptxt id="nev27913026n1-nev28050377n36">Completely fill#@#@#22#esel.</ptxt>
</para>
<para id="nev27913026n1-nev28050377n33">
<ptxt id="nev27913026n1-nev28050377n34">Carry out a roa#@#@#2#test.</ptxt>
</para>
</procstep>
</stepgrp>
<stepgrp boilerplate="false" context="" id="nev27913026n1-nev28050377n32">
<title id="nev27913026n1-0800c8af85c1cc97">The engine has #@#@#7#arted</title>
<procstep id="nev27913026n1-nev28050150n7">
<caution id="nev27913026n1-0800c8af844a40eb">
<ptxt>If the fuel tan#@#@#107#aned.</ptxt>
</caution>
</procstep>
<procstep id="nev27913026n1-nev28050150n10">
<para id="nev27913026n1-nev28050377n28">
<ptxt id="nev27913026n1-nev28050377n30">Remove fuel tank<xref boilerplate="true" id="nev27913026n1-nev28050377n31">
<ref id="nev27913026n1-nev28050377n29"/>
</xref>
</ptxt>
</para>
</procstep>
<procstep id="nev27913026n1-nev28050151n6">
<para id="nev27913026n1-nev28050377n26">
<ptxt id="nev27913026n1-nev28050377n27">Flush the fuel #@#@#18#esel.</ptxt>
</para>
</procstep>
<procstep id="nev27913026n1-nev28050151n10">
<para id="nev27913026n1-nev28050377n22">
<ptxt id="nev27913026n1-nev28050377n24">Replace fuel filter<xref boilerplate="true" id="nev27913026n1-nev28050377n25">
<ref id="nev27913026n1-nev28050377n23"/>
</xref>
</ptxt>
</para>
</procstep>
<procstep id="nev27913026n1-nev28050152n6">
<para id="nev27913026n1-nev28050377n18">
<ptxt id="nev27913026n1-nev28050377n20">Replace fuel pu#@#@#19# unit<xref boilerplate="true" id="nev27913026n1-nev28050377n21">
<ref id="nev27913026n1-nev28050377n19"/>
</xref>
</ptxt>
</para>
</procstep>
<procstep id="nev27913026n1-nev28050153n2">
<para id="nev27913026n1-nev28050377n14">
<ptxt id="nev27913026n1-nev28050377n16">Remove the fuel rail<xref boilerplate="true" id="nev27913026n1-nev28050377n17">
<ref id="nev27913026n1-nev28050377n15"/>
</xref>
</ptxt>
</para>
</procstep>
<procstep id="nev27913026n1-nev28050153n8">
<para id="nev27913026n1-nev28050377n12">
<ptxt id="nev27913026n1-nev28050377n13">Flush clean the#@#@#72#esel.</ptxt>
</para>
</procstep>
<procstep id="nev27913026n1-nev28050154n2">
<para id="nev27913026n1-nev28050377n8">
<ptxt id="nev27913026n1-nev28050377n10">Install fuel rail<xref boilerplate="true" id="nev27913026n1-nev28050377n11">
<ref id="nev27913026n1-nev28050377n9"/>
</xref>
</ptxt>
</para>
</procstep>
<procstep id="nev27913026n1-nev28050154n8">
<para id="nev27913026n1-nev28050377n4">
<ptxt id="nev27913026n1-nev28050377n6">Install fuel tank<xref boilerplate="true" id="nev27913026n1-nev28050377n7">
<ref id="nev27913026n1-nev28050377n5"/>
</xref>
</ptxt>
</para>
</procstep>
<procstep id="nev27913026n1-nev28050155n4">
<grate id="nev27913026n1-nev28050377n2">
<graphic id="nev27913026n1-nev28050377n3">
<href>0900c8af86a4237#@#@#9#.jpeg</href>
</graphic>
<graphtext id="nev27913026n1-nev28050489n1">
<para id="nev27913026n1-nev28050454n100">
<ptxt id="nev27913026n1-nev28050377n1">Completely fill#@#@#22#esel.</ptxt>
</para>
<para id="nev27913026n1-nev28050454n98">
<ptxt id="nev27913026n1-nev28050454n99">Carry out a roa#@#@#2#test.</ptxt>
</para>
<para id="nev27913026n1-nev28050454n96">
<ptxt id="nev27913026n1-nev28050454n97">Check that no d#@#@#37#ored.</ptxt>
</para>
</graphtext>
</grate>
</procstep>
</stepgrp>
<stepgrp boilerplate="false" context="" id="nev27913026n1-nev28050454n95">
<title id="nev27913026n1-0800c8af85c1cd03">Vehicles that h#@#@#40#pped.</title>
<procstep id="nev27913026n1-nev28050156n9">
<caution id="nev27913026n1-0800c8af844a40eb">
<ptxt>If the fuel tan#@#@#107#aned.</ptxt>
</caution>
</procstep>
<procstep id="nev27913026n1-nev28050157n2">
<para id="nev27913026n1-nev28050454n91">
<ptxt id="nev27913026n1-nev28050454n93">Remove fuel tank<xref boilerplate="true" id="nev27913026n1-nev28050454n94">
<ref id="nev27913026n1-nev28050454n92"/>
</xref>
</ptxt>
</para>
</procstep>
<procstep id="nev27913026n1-nev28050157n8">
<para id="nev27913026n1-nev28050454n89">
<ptxt id="nev27913026n1-nev28050454n90">Flush the fuel #@#@#18#esel.</ptxt>
</para>
</procstep>
<procstep id="nev27913026n1-nev28050158n2">
<para id="nev27913026n1-nev28050454n85">
<ptxt id="nev27913026n1-nev28050454n87">Replace fuel pu#@#@#19# unit<xref boilerplate="true" id="nev27913026n1-nev28050454n88">
<ref id="nev27913026n1-nev28050454n86"/>
</xref>
</ptxt>
</para>
</procstep>
<procstep id="nev27913026n1-nev28050158n8">
<para id="nev27913026n1-nev28050454n81">
<ptxt id="nev27913026n1-nev28050454n83">Replace fuel filter<xref boilerplate="true" id="nev27913026n1-nev28050454n84">
<ref id="nev27913026n1-nev28050454n82"/>
</xref>
</ptxt>
</para>
</procstep>
<procstep id="nev27913026n1-nev28050159n4">
<para id="nev27913026n1-nev28050454n79">
<ptxt id="nev27913026n1-nev28050454n80">Flush clean all#@#@#25#esel.</ptxt>
</para>
</procstep>
<procstep id="nev27913026n1-nev28050159n8">
<para id="nev27913026n1-nev28050454n75">
<ptxt id="nev27913026n1-nev28050454n77">Replace fuel pump<xref boilerplate="true" id="nev27913026n1-nev28050454n78">
<ref id="nev27913026n1-nev28050454n76"/>
</xref>
</ptxt>
</para>
</procstep>
<procstep id="nev27913026n1-nev28050160n4">
<para id="nev27913026n1-nev28050454n71">
<ptxt id="nev27913026n1-nev28050454n73">Replace fuel in#@#@#1#ector<xref boilerplate="true" id="nev27913026n1-nev28050454n74">
<ref id="nev27913026n1-nev28050454n72"/>
</xref>
</ptxt>
</para>
</procstep>
<procstep id="nev27913026n1-nev28050160n10">
<para id="nev27913026n1-nev28050454n67">
<ptxt id="nev27913026n1-nev28050454n69">Replace fuel rail<xref boilerplate="true" id="nev27913026n1-nev28050454n70">
<ref id="nev27913026n1-nev28050454n68"/>
</xref>
</ptxt>
</para>
</procstep>
<procstep id="nev27913026n1-nev28050161n6">
<grate id="nev27913026n1-nev28050454n65">
<graphic id="nev27913026n1-nev28050454n66">
<href>0900c8af86a4237#@#@#9#.jpeg</href>
</graphic>
<graphtext id="nev27913026n1-nev28050511n1">
<para id="nev27913026n1-nev28050454n63">
<ptxt id="nev27913026n1-nev28050454n64">Carry out a roa#@#@#2#test.</ptxt>
</para>
<para id="nev27913026n1-nev28050454n61">
<ptxt id="nev27913026n1-nev28050454n62">Check that no d#@#@#37#ored.</ptxt>
</para>
</graphtext>
</grate>
</procstep>
</stepgrp>
<stepgrp boilerplate="false" context="" id="nev27913026n1-nev28050454n60">
<title id="nev27913026n1-0800c8af85883604">Guarantee restr#@#@#7# form</title>
<procstep id="nev27913026n1-nev28050162n8">
<para id="nev27913026n1-nev28050454n58">
<ptxt id="nev27913026n1-nev28050454n59">The form must b#@#@#155#line.</ptxt>
</para>
</procstep>
<procstep id="nev27913026n1-nev28050163n2">
<para id="nev27913026n1-nev28050454n54">
<ptxt id="nev27913026n1-nev28050454n56">Fill in the for#@#@#68#fuel.<xref boilerplate="true" id="nev27913026n1-nev28050454n57">
<ref id="nev27913026n1-nev28050454n55"/>
</xref>
</ptxt>
</para>
</procstep>
</stepgrp>
</procedure>
</servinfosub>