<?xml version="1.0" encoding="UTF-8"?><servinfosub IE-ID="en-US0900c8af8042c108" docno="VCC-035002" id="KC01476178" xml:lang="en-US">
<title>
<phrase category="" id="KC07655260" phrase-urn="urn:x-nevis:phrase:0800c8af81ba3b97">Checking the si#@#@#20#r LED</phrase>
</title>
<diagnostic type="test">
<testgrp IE-ID="en-US0900c8af8042c108_KC01476179" id="KC01476179" j2008use="1" paperuse="1" resumable="1" screenuse="1" testgrp-id="gb3" x="160" y="80">
<title>
<phrase category="" id="KC07655261" phrase-urn="urn:x-nevis:phrase:0800c8af81ba3b98">Checking the si#@#@#20#r LED</phrase>
</title>
<node>
<test1>
<diaglist>
<dgraphic>
<dgraphic1>
<graphic id="KC07655262">
<href>0900c8af80054d4#@#@#9#.jpeg</href>
</graphic>
</dgraphic1>
<dgraphic2>
<graphic id="KC07655263">
<href>0900c8af80054d7#@#@#9#.jpeg</href>
</graphic>
</dgraphic2>
</dgraphic>
<ditem>
<ptxt>
<phrase category="" id="KC07655264" phrase-urn="urn:x-nevis:phrase:0800c8af81ba3b99">Ignition off.</phrase>
</ptxt>
</ditem>
<ditem>
<ptxt>
<phrase category="" id="KC07655265" phrase-urn="urn:x-nevis:phrase:0800c8af81ba3b9a">The large contr#@#@#37#cted.</phrase>
</ptxt>
</ditem>
<ditem>
<ptxt>
<phrase category="" id="KC07655266" phrase-urn="urn:x-nevis:phrase:0800c8af81ba3b9b">Disconnect the #@#@#36#itch <xref>
<ref id="KC07655267"/>
</xref>.</phrase>
</ptxt>
</ditem>
<ditem>
<ptxt>
<phrase category="" id="KC07655268" phrase-urn="urn:x-nevis:phrase:0800c8af81ba3b9c">Open the hood. #@#@#28#gate.</phrase>
</ptxt>
</ditem>
<ditem>
<ptxt>
<phrase category="" id="KC07655269" phrase-urn="urn:x-nevis:phrase:0800c8af81ba3b9d">Activate the al#@#@#23#trol.</phrase>
</ptxt>
</ditem>
</diaglist>
<test2>
<ptxt>
<phrase category="" id="KC07655270" phrase-urn="urn:x-nevis:phrase:0800c8af81ba3b9e">Connect a voltm#@#@#102#itch.</phrase>
</ptxt>
<hint>
<ptxt>
<phrase category="" id="KC07655271" phrase-urn="urn:x-nevis:phrase:0800c8af81ba3b9f">The indicator L#@#@#74#oard.</phrase>
</ptxt>
</hint>
<diaglist>
<dgraphic>
<dgraphic1>
<graphic id="KC07655272">
<href>0900c8af80122cf#@#@#9#.jpeg</href>
</graphic>
</dgraphic1>
<dgraphic2>
<graphic id="KC07655273">
<href>0900c8af80054d4#@#@#9#.jpeg</href>
</graphic>
<smarttool active="auto" id="KC07655274" toolname="VDCDA"/>
</dgraphic2>
</dgraphic>
<ditem>
<ditemtext>
<ptxt>
<phrase category="" id="KC07655275" phrase-urn="urn:x-nevis:phrase:0800c8af81ba3ba0"/>
</ptxt>
</ditemtext>
</ditem>
</diaglist>
</test2>
</test1>
<question>The voltmeter s#@#@#20#10 V.</question>
<resact-grp>
<result button="ok" comp="button" highlight="0"/>
<action j2008use="1" paperuse="1" screenuse="1">
<ptxt>
<xref>
<ref id="KC07655276"/>
</xref>
</ptxt>
</action>
</resact-grp>
<resact-grp>
<result button="notok" comp="button" highlight="0"/>
<action j2008use="1" paperuse="1" screenuse="1">
<ptxt>
<xref>
<ref id="KC07655277"/>
</xref>
</ptxt>
</action>
</resact-grp>
</node>
</testgrp>
<testgrp id="KC01476180" j2008use="1" paperuse="1" resumable="1" screenuse="1" testgrp-id="gb3-1" x="160" y="160">
<title>
<phrase category="" id="KC07655278" phrase-urn="urn:x-nevis:phrase:0800c8af81ba3ba1">Replacing the c#@#@#3#onent</phrase>
</title>
<node>
<test1>
<test2>
<ptxt>
<phrase category="" id="KC07655279" phrase-urn="urn:x-nevis:phrase:0800c8af81ba3ba2">Try replacing t#@#@#34#g to <xref>
<ref id="KC07655280"/>
</xref>.</phrase>
</ptxt>
<grate>
<graphic id="KC07655281">
<href>0900c8af80125e3#@#@#9#.jpeg</href>
</graphic>
</grate>
</test2>
</test1>
<question>Select Continue.</question>
<resact-grp>
<result button="cont" comp="button" highlight="0" text=""/>
<action j2008use="1" paperuse="1" screenuse="1">
<ptxt>
<xref>
<ref id="KC07655282"/>
</xref>
</ptxt>
</action>
</resact-grp>
</node>
</testgrp>
<testgrp id="KC01476181" j2008use="1" paperuse="1" resumable="1" screenuse="1" testgrp-id="gb3-2" x="360" y="80">
<title>
<phrase category="" id="KC07655283" phrase-urn="urn:x-nevis:phrase:0800c8af81ba3ba3">Replacing the c#@#@#3#onent</phrase>
</title>
<node>
<test1>
<test2>
<ptxt>
<phrase category="" id="KC07655284" phrase-urn="urn:x-nevis:phrase:0800c8af81ba3ba4">Try replacing t#@#@#26#g to <xref>
<ref id="KC07655285"/>
</xref>. </phrase>
</ptxt>
<grate>
<graphic id="KC07655286">
<href>0900c8af80125e5#@#@#9#.jpeg</href>
</graphic>
</grate>
</test2>
</test1>
<question>Select Continue.</question>
<resact-grp>
<result button="cont" comp="button" highlight="0"/>
<action j2008use="1" paperuse="1" screenuse="1">
<ptxt>
<xref>
<ref id="KC07655287"/>
</xref>
</ptxt>
</action>
</resact-grp>
</node>
</testgrp>
<testgrp id="KC01476182" j2008use="1" paperuse="1" resumable="1" screenuse="1" testgrp-id="vergb3" x="520" y="80">
<title>
<phrase category="" id="KC07655288" phrase-urn="urn:x-nevis:phrase:0800c8af81ba3ba5">Verification</phrase>
</title>
<subcalloutnode>
<diagcallout>
<xref>
<ref id="KC07655289"/>
</xref>
</diagcallout>
<rescall-grp>
<result comp="string" highlight="0" op="eq" return="VERIFIED"/>
<calloutaction>
<return value="FAULT FOUND"/>
</calloutaction>
</rescall-grp>
<rescall-grp>
<result comp="string" highlight="0" op="eq" return="VERIFICATION FAILED"/>
<calloutaction>
<ptxt>
<xref>
<ref id="KC07655290"/>
</xref>
</ptxt>
</calloutaction>
</rescall-grp>
</subcalloutnode>
</testgrp>
<testgrp id="KC01476183" j2008use="1" paperuse="1" resumable="1" screenuse="1" testgrp-id="info8" x="680" y="80">
<title>
<phrase category="" id="KC07655291" phrase-urn="urn:x-nevis:phrase:0800c8af81ba3ba6">Fault-tracing i#@#@#5#ation</phrase>
</title>
<subcalloutnode>
<diagcallout>
<xref>
<ref id="KC07655292"/>
</xref>
</diagcallout>
<rescall-grp>
<result comp="string" highlight="0" op="eq" return="FAULTTRACING FAILED"/>
<calloutaction>
<return value="FAULTTRACING FAILED"/>
</calloutaction>
</rescall-grp>
<rescall-grp>
<result comp="string" highlight="0" op="eq" return="NEW TRY"/>
<calloutaction>
<ptxt>
<xref>
<ref id="KC07655293"/>
</xref>
</ptxt>
</calloutaction>
</rescall-grp>
</subcalloutnode>
</testgrp>
</diagnostic>
</servinfosub>