<?xml version="1.0" encoding="UTF-8"?><servinfosub IE-ID="en-US0900c8af80536108" docno="VCC-134480" id="KC01611206" xml:lang="en-US">
<title>
<phrase category="" id="KC07548015" phrase-urn="urn:x-nevis:phrase:0800c8af81b96cb0">Signal too high</phrase>
</title>
<diagnostic j2008use="1" paperuse="1" screenuse="1" type="test">
<testgrp IE-ID="en-US0900c8af80536108_KC01611207" id="KC01611207" j2008use="1" paperuse="1" resumable="1" screenuse="1" testgrp-id="node1" x="120" y="80">
<title>
<phrase category="" id="KC07548016" phrase-urn="urn:x-nevis:phrase:0800c8af81b96cb1">Checking compon#@#@#10#iring</phrase>
</title>
<node>
<test1>
<test2>
<para>
<ptxt>
<phrase category="" id="KC07548017" phrase-urn="urn:x-nevis:phrase:0800c8af81b96cb2">Check the signa#@#@#166#cuit.</phrase>
</ptxt>
</para>
<para>
<ptxt>
<phrase category="" id="KC07548018" phrase-urn="urn:x-nevis:phrase:0800c8af81b96cb3">Check the signa#@#@#166#cuit.</phrase>
</ptxt>
</para>
<para>
<ptxt>
<phrase category="" id="KC07548019" phrase-urn="urn:x-nevis:phrase:0800c8af81b96cb4">Check the conne#@#@#62#mage.</phrase>
</ptxt>
</para>
<para>
<ptxt>
<phrase category="" id="KC07548020" phrase-urn="urn:x-nevis:phrase:0800c8af81b96cb5">Remedy as necessary.</phrase>
</ptxt>
</para>
<list1 enumtype="d" type="unordered">
<title>
<phrase category="" id="KC07548021" phrase-urn="urn:x-nevis:phrase:0800c8af81b96cb6">Other information:</phrase>
</title>
<item>
<ptxt>
<phrase category="" id="KC07548022" phrase-urn="urn:x-nevis:phrase:0800c8af81b96cb7">To fault-trace #@#@#21# see <xref>
<ref id="KC07548023"/>
</xref>
</phrase>
</ptxt>
</item>
<item>
<ptxt>
<phrase category="" id="KC07548024" phrase-urn="urn:x-nevis:phrase:0800c8af81b96cb8">To connect the #@#@#13# see <xref>
<ref id="KC07548025"/>
</xref>
</phrase>
</ptxt>
</item>
<item>
<ptxt>
<phrase category="" id="KC07548026" phrase-urn="urn:x-nevis:phrase:0800c8af81b96cb9">For information#@#@#15# see <xref>
<ref id="KC07548027"/>
</xref>
</phrase>
</ptxt>
</item>
<item>
<ptxt>
<phrase category="" id="KC07548028" phrase-urn="urn:x-nevis:phrase:0800c8af81b96cba">See the wiring #@#@#25#ting.</phrase>
</ptxt>
</item>
</list1>
</test2>
</test1>
<question>Was a fault det#@#@#1#cted?</question>
<resact-grp>
<result button="yes" comp="button" highlight="0"/>
<action j2008use="1" paperuse="1" screenuse="1">
<ptxt>
<xref>
<ref id="KC07548029"/>
</xref>
</ptxt>
</action>
</resact-grp>
<resact-grp>
<result button="no" comp="button" highlight="0"/>
<action j2008use="1" paperuse="1" screenuse="1">
<ptxt>
<xref>
<ref id="KC07548030"/>
</xref>
</ptxt>
</action>
</resact-grp>
</node>
</testgrp>
<testgrp id="KC01611208" j2008use="1" paperuse="1" resumable="1" screenuse="1" testgrp-id="node2" x="120" y="160">
<title>
<phrase category="" id="KC07548031" phrase-urn="urn:x-nevis:phrase:0800c8af81b96cbb">Replacing the c#@#@#3#onent</phrase>
</title>
<node>
<test1>
<test2>
<para>
<ptxt>
<phrase category="" id="KC07548032" phrase-urn="urn:x-nevis:phrase:0800c8af81b96cbc">Replace the gas#@#@#15#nsor.</phrase>
</ptxt>
</para>
<list1 enumtype="d" type="unordered">
<title>
<phrase category="" id="KC07548033" phrase-urn="urn:x-nevis:phrase:0800c8af81b96cbd">Other information:</phrase>
</title>
<item>
<ptxt>
<phrase category="" id="KC07548034" phrase-urn="urn:x-nevis:phrase:0800c8af81b96cbe">To replace the #@#@#23# see <xref>
<ref id="KC07548035"/>
</xref>. </phrase>
</ptxt>
</item>
</list1>
</test2>
</test1>
<question>Select Continue.</question>
<resact-grp>
<result button="cont" comp="button" highlight="0"/>
<action j2008use="1" paperuse="1" screenuse="1">
<ptxt>
<xref>
<ref id="KC07548036"/>
</xref>
</ptxt>
</action>
</resact-grp>
</node>
</testgrp>
<testgrp id="KC01611209" j2008use="1" paperuse="1" resumable="1" screenuse="1" testgrp-id="veria" x="120" y="240">
<title>
<phrase category="" id="KC07548037" phrase-urn="urn:x-nevis:phrase:0800c8af81b96cbf">Verification</phrase>
</title>
<subcalloutnode>
<diagcallout>
<xref>
<ref id="KC07548038"/>
</xref>
</diagcallout>
<rescall-grp>
<result comp="string" highlight="0" op="eq" return="VERIFIED"/>
<calloutaction>
<return value="FAULT FOUND"/>
</calloutaction>
</rescall-grp>
<rescall-grp>
<result comp="string" highlight="0" op="eq" return="VERIFICATION FAILED"/>
<calloutaction>
<ptxt>
<xref>
<ref id="KC07548039"/>
</xref>
</ptxt>
</calloutaction>
</rescall-grp>
</subcalloutnode>
</testgrp>
<testgrp id="KC01611210" j2008use="1" paperuse="1" resumable="1" screenuse="1" testgrp-id="info1" x="320" y="160">
<title>
<phrase category="" id="KC07548040" phrase-urn="urn:x-nevis:phrase:0800c8af81b96cc0">Fault-tracing i#@#@#5#ation</phrase>
</title>
<subcalloutnode>
<diagcallout>
<xref>
<ref id="KC07548041"/>
</xref>
</diagcallout>
<rescall-grp>
<result comp="string" highlight="0" op="eq" return="FAULTTRACING FAILED"/>
<calloutaction>
<return value="FAULTTRACING FAILED"/>
</calloutaction>
</rescall-grp>
<rescall-grp>
<result comp="string" highlight="0" op="eq" return="NEW TRY"/>
<calloutaction>
<ptxt>
<xref>
<ref id="KC07548042"/>
</xref>
</ptxt>
</calloutaction>
</rescall-grp>
</subcalloutnode>
</testgrp>
</diagnostic>
</servinfosub>