<?xml version="1.0" encoding="UTF-8"?><servinfosub IE-ID="en-US0900c8af800c8210" docno="VCC-091457" id="KC01313865" xml:lang="en-US">
<title>
<phrase category="" id="KC06921728" phrase-urn="urn:x-nevis:phrase:0800c8af819ff40e">Faulty signal</phrase>
</title>
<diagnostic type="test">
<testgrp IE-ID="en-US0900c8af800c8210_KC01314126" id="KC01314126" j2008use="1" paperuse="1" resumable="1" screenuse="1" testgrp-id="a1" x="80" y="80">
<title>
<phrase category="" id="KC06921729" phrase-urn="urn:x-nevis:phrase:0800c8af819ff410">Checking for pe#@#@#25#aults</phrase>
</title>
<node>
<test1>
<diaglist>
<dgraphic>
<dgraphic1>
<graphic id="KC06921730">
<href>0900c8af80054d5#@#@#9#.jpeg</href>
</graphic>
</dgraphic1>
</dgraphic>
<ditem>
<ptxt>
<phrase category="" id="KC06921731" phrase-urn="urn:x-nevis:phrase:0800c8af819ff411">Ignition on.</phrase>
</ptxt>
</ditem>
</diaglist>
<test2>
<para>
<ptxt>
<phrase category="" id="KC06921732" phrase-urn="urn:x-nevis:phrase:0800c8af819ff412">Press the power#@#@#83#nism.</phrase>
</ptxt>
</para>
</test2>
</test1>
<question>Is the automati#@#@#32#ning?</question>
<resact-grp>
<result button="yes" comp="button" highlight="0"/>
<action j2008use="1" paperuse="1" screenuse="1">
<ptxt>
<xref>
<ref id="KC06921733"/>
</xref>
</ptxt>
</action>
</resact-grp>
<resact-grp>
<result button="no" comp="button" highlight="0"/>
<action j2008use="1" paperuse="1" screenuse="1">
<ptxt>
<xref>
<ref id="KC06921734"/>
</xref>
</ptxt>
</action>
</resact-grp>
</node>
</testgrp>
<testgrp id="KC01314127" j2008use="1" paperuse="1" resumable="1" screenuse="1" testgrp-id="a2" x="80" y="160">
<title>
<phrase category="" id="KC06921735" phrase-urn="urn:x-nevis:phrase:0800c8af819ff414">Checking the co#@#@#3#ctors</phrase>
</title>
<node>
<test1>
<diaglist>
<dgraphic>
<dgraphic1>
<graphic id="KC06921736">
<href>0900c8af80054d5#@#@#9#.jpeg</href>
</graphic>
</dgraphic1>
<dgraphic2>
<graphic id="KC06921737">
<href>0900c8af80054d7#@#@#9#.jpeg</href>
</graphic>
</dgraphic2>
</dgraphic>
<ditem>
<ptxt>
<phrase category="" id="KC06921738" phrase-urn="urn:x-nevis:phrase:0800c8af819ff415">Ignition off</phrase>
</ptxt>
</ditem>
<ditem>
<ptxt>
<phrase category="" id="KC06921739" phrase-urn="urn:x-nevis:phrase:0800c8af819ff416">Check the power#@#@#115#amage</phrase>
</ptxt>
</ditem>
<ditem>
<ptxt>
<phrase category="" id="KC06921740" phrase-urn="urn:x-nevis:phrase:0800c8af819ff418">Reinstall the c#@#@#35# etc.</phrase>
</ptxt>
</ditem>
<ditem>
<ptxt>
<phrase category="" id="KC06921741" phrase-urn="urn:x-nevis:phrase:0800c8af819ff419">Ignition on.</phrase>
</ptxt>
</ditem>
</diaglist>
<test2>
<para>
<ptxt>
<phrase category="" id="KC06921742" phrase-urn="urn:x-nevis:phrase:0800c8af819ff41a">Press the power#@#@#30#down.</phrase>
</ptxt>
</para>
<list1 enumtype="d">
<title>
<phrase category="" id="KC06921743" phrase-urn="urn:x-nevis:phrase:0800c8af819ff41b">Other information:</phrase>
</title>
<item>
<ptxt>
<phrase category="" id="KC06921744" phrase-urn="urn:x-nevis:phrase:0800c8af819ff41d">To access the w#@#@#21# see <xref>
<ref id="KC06921745"/>
</xref>
</phrase>
</ptxt>
</item>
<item>
<ptxt>
<phrase category="" id="KC06921746" phrase-urn="urn:x-nevis:phrase:0800c8af819ff41e">
<xref>
<ref id="KC06921747"/>
</xref>.</phrase>
</ptxt>
</item>
</list1>
<diaglist>
<dgraphic>
<dgraphic1>
<graphic id="KC06921748">
<href>0900c8af80058b6#@#@#9#.jpeg</href>
</graphic>
</dgraphic1>
<dgraphic2>
<graphic id="KC06921749">
<href>0900c8af80054d4#@#@#9#.jpeg</href>
</graphic>
<smarttool active="press" id="KC06921750" toolname="ODAH"/>
</dgraphic2>
</dgraphic>
<ditem>
<ditemtext>
<ptxt>
<phrase category="" id="KC06921751" phrase-urn="urn:x-nevis:phrase:0800c8af819ff41f"/>
</ptxt>
</ditemtext>
</ditem>
</diaglist>
</test2>
</test1>
<question>Is the automati#@#@#32#ning?</question>
<resact-grp>
<result button="yes" comp="button" highlight="0"/>
<action j2008use="1" paperuse="1" screenuse="1">
<ptxt>
<xref>
<ref id="KC06921752"/>
</xref>
</ptxt>
</action>
</resact-grp>
<resact-grp>
<result button="no" comp="button" highlight="0"/>
<action j2008use="1" paperuse="1" screenuse="1">
<ptxt>
<xref>
<ref id="KC06921753"/>
</xref>
</ptxt>
</action>
</resact-grp>
</node>
</testgrp>
<testgrp id="KC01314128" j2008use="1" paperuse="1" resumable="1" screenuse="1" testgrp-id="a3" x="80" y="240">
<title>
<phrase category="" id="KC06921754" phrase-urn="urn:x-nevis:phrase:0800c8af819ff420">Checking for op#@#@#25#cuits</phrase>
</title>
<node>
<test1>
<test2>
<para>
<ptxt>
<phrase category="" id="KC06921755" phrase-urn="urn:x-nevis:phrase:0800c8af819ff422">Check the cable#@#@#192#cuit.</phrase>
</ptxt>
</para>
<para>
<ptxt>
<phrase category="" id="KC06921756" phrase-urn="urn:x-nevis:phrase:0800c8af819ff423">Check the cable#@#@#153#uit. </phrase>
</ptxt>
</para>
<para>
<ptxt>
<phrase category="" id="KC06921757" phrase-urn="urn:x-nevis:phrase:0800c8af819ff424">Check the cable#@#@#115#cuit.</phrase>
</ptxt>
</para>
<para>
<ptxt>
<phrase category="" id="KC06921758" phrase-urn="urn:x-nevis:phrase:0800c8af819ff425">Check the cable#@#@#192#cuit.</phrase>
</ptxt>
</para>
<para>
<ptxt>
<phrase category="" id="KC06921759" phrase-urn="urn:x-nevis:phrase:0800c8af819ff427">Remedy as necessary.</phrase>
</ptxt>
</para>
<list1 enumtype="d">
<title>
<phrase category="" id="KC06921760" phrase-urn="urn:x-nevis:phrase:0800c8af819ff428">Other information:</phrase>
</title>
<item>
<ptxt>
<phrase category="" id="KC06921761" phrase-urn="urn:x-nevis:phrase:0800c8af819ff429">The voltage mus#@#@#114# down</phrase>
</ptxt>
</item>
<item>
<ptxt>
<phrase category="" id="KC06921762" phrase-urn="urn:x-nevis:phrase:0800c8af819ff42a">To connect the #@#@#13# see <xref>
<ref id="KC06921763"/>
</xref>
</phrase>
</ptxt>
</item>
<item>
<ptxt>
<phrase category="" id="KC06921764" phrase-urn="urn:x-nevis:phrase:0800c8af819ff42c">For further inf#@#@#40# see <xref>
<ref id="KC06921765"/>
</xref>
</phrase>
</ptxt>
</item>
<item>
<ptxt>
<phrase category="" id="KC06921766" phrase-urn="urn:x-nevis:phrase:0800c8af819ff42d">
<xref>
<ref id="KC06921767"/>
</xref>.</phrase>
</ptxt>
</item>
</list1>
<diaglist>
<dgraphic>
<dgraphic1>
<graphic id="KC06921768">
<href>0900c8af80058b6#@#@#9#.jpeg</href>
</graphic>
</dgraphic1>
<dgraphic2>
<graphic id="KC06921769">
<href>0900c8af80054d4#@#@#9#.jpeg</href>
</graphic>
<smarttool active="press" id="KC06921770" toolname="ODAH"/>
</dgraphic2>
</dgraphic>
<ditem>
<ditemtext>
<ptxt>
<phrase category="" id="KC06921771" phrase-urn="urn:x-nevis:phrase:0800c8af819ff42e"/>
</ptxt>
</ditemtext>
</ditem>
</diaglist>
</test2>
</test1>
<question>Was a fault det#@#@#1#cted?</question>
<resact-grp>
<result button="yes" comp="button" highlight="0"/>
<action j2008use="1" paperuse="1" screenuse="1">
<ptxt>
<xref>
<ref id="KC06921772"/>
</xref>
</ptxt>
</action>
</resact-grp>
<resact-grp>
<result button="no" comp="button" highlight="0"/>
<action j2008use="1" paperuse="1" screenuse="1">
<ptxt>
<xref>
<ref id="KC06921773"/>
</xref>
</ptxt>
</action>
</resact-grp>
</node>
</testgrp>
<testgrp id="KC01314129" j2008use="1" paperuse="1" resumable="1" screenuse="1" testgrp-id="a4" x="80" y="320">
<title>
<phrase category="" id="KC06921774" phrase-urn="urn:x-nevis:phrase:0800c8af819ff42f">Replacing the c#@#@#3#onent</phrase>
</title>
<node>
<test1>
<diaglist>
<dgraphic>
<dgraphic1>
<graphic id="KC06921775">
<href>0900c8af80054d5#@#@#9#.jpeg</href>
</graphic>
</dgraphic1>
</dgraphic>
</diaglist>
<test2>
<ptxt>
<phrase category="" id="KC06921776" phrase-urn="urn:x-nevis:phrase:0800c8af819ff431">Replace the pow#@#@#28#g to <xref>
<ref id="KC06921777"/>
</xref>. </phrase>
</ptxt>
<para>
<ptxt>
<phrase category="" id="KC06921778" phrase-urn="urn:x-nevis:phrase:0800c8af819ff432">Ignition on.</phrase>
</ptxt>
</para>
<para>
<ptxt>
<phrase category="" id="KC06921779" phrase-urn="urn:x-nevis:phrase:0800c8af819ff433">Move the window#@#@#45#trol.</phrase>
</ptxt>
<ptxt>
<phrase category="" id="KC06921780" phrase-urn="urn:x-nevis:phrase:0800c8af819ff434">Initialize the #@#@#3#dow. </phrase>
</ptxt>
<ptxt>
<phrase category="" id="KC06921781" phrase-urn="urn:x-nevis:phrase:0800c8af819ff436">From model year#@#@#107#ion. </phrase>
</ptxt>
</para>
<diaglist>
<dgraphic>
<dgraphic2>
<graphic id="KC06921782">
<href>0900c8af86c8681#@#@#9#.jpeg</href>
</graphic>
<smarttool active="press" id="KC06921783" toolname="XDDMB201"/>
</dgraphic2>
</dgraphic>
<ditem>
<ditemtext>
<ptxt>
<phrase category="" id="KC06921784" phrase-urn="urn:x-nevis:phrase:0800c8af819ff437"/>
</ptxt>
</ditemtext>
</ditem>
</diaglist>
</test2>
</test1>
<question/>
<resact-grp>
<result button="cont" comp="button" highlight="0"/>
<action j2008use="1" paperuse="1" screenuse="1">
<ptxt>
<xref>
<ref id="KC06921785"/>
</xref>
</ptxt>
</action>
</resact-grp>
</node>
</testgrp>
<testgrp id="KC01314130" j2008use="1" paperuse="1" resumable="1" screenuse="1" testgrp-id="interm" x="240" y="80">
<title>
<phrase category="" id="KC06921786" phrase-urn="urn:x-nevis:phrase:0800c8af819ff438">Intermittent fault</phrase>
</title>
<node>
<test1>
<test2>
<para>
<ptxt>
<phrase category="" id="KC06921787" phrase-urn="urn:x-nevis:phrase:0800c8af819ff439">Check the conne#@#@#125#ions.</phrase>
</ptxt>
</para>
<para>
<ptxt>
<phrase category="" id="KC06921788" phrase-urn="urn:x-nevis:phrase:0800c8af819ff43b">Check the cable#@#@#317#cuit.</phrase>
</ptxt>
</para>
<para>
<ptxt>
<phrase category="" id="KC06921789" phrase-urn="urn:x-nevis:phrase:0800c8af819ff43c">Check the cable#@#@#179#cuit.</phrase>
</ptxt>
</para>
<para>
<ptxt>
<phrase category="" id="KC06921790" phrase-urn="urn:x-nevis:phrase:0800c8af819ff43d">Check the cable#@#@#128#cuit.</phrase>
</ptxt>
</para>
<list1 enumtype="d">
<title>
<phrase category="" id="KC06921791" phrase-urn="urn:x-nevis:phrase:0800c8af819ff43f">Other information:</phrase>
</title>
<item>
<ptxt>
<phrase category="" id="KC06921792" phrase-urn="urn:x-nevis:phrase:0800c8af819ff441">The voltage mus#@#@#114# down</phrase>
</ptxt>
</item>
<item>
<ptxt>
<phrase category="" id="KC06921793" phrase-urn="urn:x-nevis:phrase:0800c8af819ff444">To connect the #@#@#13# see <xref>
<ref id="KC06921794"/>
</xref>
</phrase>
</ptxt>
</item>
<item>
<ptxt>
<phrase category="" id="KC06921795" phrase-urn="urn:x-nevis:phrase:0800c8af819ff446">For further inf#@#@#40# see <xref>
<ref id="KC06921796"/>
</xref>
</phrase>
</ptxt>
</item>
<item>
<ptxt>
<phrase category="" id="KC06921797" phrase-urn="urn:x-nevis:phrase:0800c8af819ff447">
<xref>
<ref id="KC06921798"/>
</xref>.</phrase>
</ptxt>
</item>
</list1>
<diaglist>
<dgraphic>
<dgraphic1>
<graphic id="KC06921799">
<href>0900c8af80058b6#@#@#9#.jpeg</href>
</graphic>
</dgraphic1>
<dgraphic2>
<graphic id="KC06921800">
<href>0900c8af80054d4#@#@#9#.jpeg</href>
</graphic>
<smarttool active="press" id="KC06921801" toolname="ODAH"/>
</dgraphic2>
</dgraphic>
<ditem>
<ditemtext>
<ptxt>
<phrase category="" id="KC06921802" phrase-urn="urn:x-nevis:phrase:0800c8af819ff449"/>
</ptxt>
</ditemtext>
</ditem>
</diaglist>
</test2>
</test1>
<question>Select Continue.</question>
<resact-grp>
<result button="cont" comp="button" highlight="0"/>
<action j2008use="1" paperuse="1" screenuse="1">
<ptxt>
<xref>
<ref id="KC06921803"/>
</xref>
</ptxt>
</action>
</resact-grp>
</node>
</testgrp>
<testgrp id="KC01314131" j2008use="1" paperuse="1" resumable="1" screenuse="1" testgrp-id="verif" x="400" y="80">
<title>
<phrase category="" id="KC06921804" phrase-urn="urn:x-nevis:phrase:0800c8af819ff44a">Verification</phrase>
</title>
<subcalloutnode>
<diagcallout>
<xref>
<ref id="KC06921805"/>
</xref>
</diagcallout>
<rescall-grp>
<result comp="string" highlight="0" op="eq" return="VERIFIED"/>
<calloutaction>
<return value="FAULT FOUND"/>
</calloutaction>
</rescall-grp>
<rescall-grp>
<result comp="string" highlight="0" op="eq" return="VERIFICATION FAILED"/>
<calloutaction>
<ptxt>
<xref>
<ref id="KC06921806"/>
</xref>
</ptxt>
</calloutaction>
</rescall-grp>
</subcalloutnode>
</testgrp>
<testgrp id="KC01314132" j2008use="1" paperuse="1" resumable="1" screenuse="1" testgrp-id="info1" x="560" y="80">
<title>
<phrase category="" id="KC06921807" phrase-urn="urn:x-nevis:phrase:0800c8af819ff44b">Fault-tracing i#@#@#5#ation</phrase>
</title>
<subcalloutnode>
<diagcallout>
<xref>
<ref id="KC06921808"/>
</xref>
</diagcallout>
<rescall-grp>
<result comp="string" highlight="0" op="eq" return="FAULTTRACING FAILED"/>
<calloutaction>
<return value="FAULT NOT FOUND"/>
</calloutaction>
</rescall-grp>
<rescall-grp>
<result comp="string" highlight="0" op="eq" return="NEW TRY"/>
<calloutaction>
<ptxt>
<xref>
<ref id="KC06921809"/>
</xref>
</ptxt>
</calloutaction>
</rescall-grp>
</subcalloutnode>
</testgrp>
<testgrp id="KC01314133" j2008use="1" paperuse="1" resumable="1" screenuse="1" testgrp-id="info2" x="560" y="160">
<title>
<phrase category="" id="KC06921810" phrase-urn="urn:x-nevis:phrase:0800c8af819ff44c">Fault-tracing i#@#@#5#ation</phrase>
</title>
<subcalloutnode>
<diagcallout>
<xref>
<ref id="KC06921811"/>
</xref>
</diagcallout>
<rescall-grp>
<result comp="string" highlight="0" op="eq" return="FAULT FOUND"/>
<calloutaction>
<return value="FAULT FOUND"/>
</calloutaction>
</rescall-grp>
<rescall-grp>
<result comp="string" highlight="0" op="eq" return="NEW TRY"/>
<calloutaction>
<ptxt>
<xref>
<ref id="KC06921812"/>
</xref>
</ptxt>
</calloutaction>
</rescall-grp>
</subcalloutnode>
</testgrp>
</diagnostic>
</servinfosub>