<?xml version="1.0" encoding="UTF-8"?><script xmlns:nevis="http://www.volvocars.com/namespaces/processing" xmlns:xlink="http://www.w3.org/1999/xlink" IE-ID="en-US0900c8af81b51210" docno="VCC-230264" id="nev9955846n1" nevis:expl-profile="mdl544yr2004, mdl545yr2004, mdl544yr2005, mdl545yr2005, mdl542yr2006, mdl544yr2006, mdl545yr2006, mdl542yr2007, mdl544yr2007, mdl545yr2007, mdl533yr2007, mdl544yr2008, mdl545yr2008, mdl533yr2008, mdl542yr2008, mdl533yr2009, mdl544yr2009, mdl545yr2009, mdl542yr2009, mdl544yr2010, mdl545yr2010, mdl542yr2010, mdl533yr2010, mdl533yr2011, mdl545yr2011, mdl542yr2011, mdl544yr2011, mdl544yr2012, mdl545yr2012, mdl533yr2012, mdl542yr2012, mdl530yr2011, mdl542yr2013, mdl533yr2013, mdl530yr2012, mdl530yr2013" nevis:profile="urn:x-nevis:profile:0b00c8af8020c058 urn:x-nevis:profile:0b00c8af8020c05a urn:x-nevis:profile:0b00c8af80da257b urn:x-nevis:profile:0b00c8af80da257d urn:x-nevis:profile:0b00c8af817ac33f urn:x-nevis:profile:0b00c8af823216e9 urn:x-nevis:profile:0b00c8af823216ee urn:x-nevis:profile:0b00c8af82e3ac56 urn:x-nevis:profile:0b00c8af82e5d02d urn:x-nevis:profile:0b00c8af82e5d352 urn:x-nevis:profile:0b00c8af82febdf9 urn:x-nevis:profile:0b00c8af839eaa60 urn:x-nevis:profile:0b00c8af839eacfa urn:x-nevis:profile:0b00c8af83aff6b3 urn:x-nevis:profile:0b00c8af83affa46 urn:x-nevis:profile:0b00c8af83f19e63 urn:x-nevis:profile:0b00c8af83f1a51f urn:x-nevis:profile:0b00c8af83f1a8d8 urn:x-nevis:profile:0b00c8af83f1ad9d urn:x-nevis:profile:0b00c8af8414dfad urn:x-nevis:profile:0b00c8af8414e27e urn:x-nevis:profile:0b00c8af8415509d urn:x-nevis:profile:0b00c8af841552ad urn:x-nevis:profile:0b00c8af847139c0 urn:x-nevis:profile:0b00c8af847139e3 urn:x-nevis:profile:0b00c8af847139e4 urn:x-nevis:profile:0b00c8af847139e6 urn:x-nevis:profile:0b00c8af84eb810f urn:x-nevis:profile:0b00c8af84eb8110 urn:x-nevis:profile:0b00c8af84eb8111 urn:x-nevis:profile:0b00c8af84eb8113 urn:x-nevis:profile:0b00c8af8512644f urn:x-nevis:profile:0b00c8af8520c261 urn:x-nevis:profile:0b00c8af8520c39e urn:x-nevis:profile:0b00c8af85330427 urn:x-nevis:profile:0b00c8af8568d0bf" nevis:projectdocument="urn:x-nevis:projectdocument:0800c8af81b5120f" nevis:resource="0900c8af81d747ac" nevis:resource2="urn:x-nevis:fragment:0900c8af81b51210:0900c8af81d747ac#nev9955846n1" nevis:session-id="" qualifierinfotype="14:00" type="" xml:lang="en-US"><title>ICM FORCED WRITE</title><content gui="1" height="115" id="nev9955847n1-nev9955846n3" nevis:expl-profile="mdl544yr2004, mdl545yr2004, mdl544yr2005, mdl545yr2005, mdl542yr2006, mdl544yr2006, mdl545yr2006, mdl542yr2007, mdl544yr2007, mdl545yr2007, mdl533yr2007, mdl544yr2008, mdl545yr2008, mdl533yr2008, mdl542yr2008, mdl533yr2009, mdl544yr2009, mdl545yr2009, mdl542yr2009, mdl544yr2010, mdl545yr2010, mdl542yr2010, mdl533yr2010, mdl533yr2011, mdl545yr2011, mdl542yr2011, mdl544yr2011, mdl544yr2012, mdl545yr2012, mdl533yr2012, mdl542yr2012, mdl530yr2011, mdl542yr2013, mdl533yr2013, mdl530yr2012, mdl530yr2013" nevis:idfrom="nev9955847n1" nevis:prefix="nev9955847n1" nevis:profile="urn:x-nevis:profile:0b00c8af8020c058 urn:x-nevis:profile:0b00c8af8020c05a urn:x-nevis:profile:0b00c8af80da257b urn:x-nevis:profile:0b00c8af80da257d urn:x-nevis:profile:0b00c8af817ac33f urn:x-nevis:profile:0b00c8af823216e9 urn:x-nevis:profile:0b00c8af823216ee urn:x-nevis:profile:0b00c8af82e3ac56 urn:x-nevis:profile:0b00c8af82e5d02d urn:x-nevis:profile:0b00c8af82e5d352 urn:x-nevis:profile:0b00c8af82febdf9 urn:x-nevis:profile:0b00c8af839eaa60 urn:x-nevis:profile:0b00c8af839eacfa urn:x-nevis:profile:0b00c8af83aff6b3 urn:x-nevis:profile:0b00c8af83affa46 urn:x-nevis:profile:0b00c8af83f19e63 urn:x-nevis:profile:0b00c8af83f1a51f urn:x-nevis:profile:0b00c8af83f1a8d8 urn:x-nevis:profile:0b00c8af83f1ad9d urn:x-nevis:profile:0b00c8af8414dfad urn:x-nevis:profile:0b00c8af8414e27e urn:x-nevis:profile:0b00c8af8415509d urn:x-nevis:profile:0b00c8af841552ad urn:x-nevis:profile:0b00c8af847139c0 urn:x-nevis:profile:0b00c8af847139e3 urn:x-nevis:profile:0b00c8af847139e4 urn:x-nevis:profile:0b00c8af847139e6 urn:x-nevis:profile:0b00c8af84eb810f urn:x-nevis:profile:0b00c8af84eb8110 urn:x-nevis:profile:0b00c8af84eb8111 urn:x-nevis:profile:0b00c8af84eb8113 urn:x-nevis:profile:0b00c8af8512644f urn:x-nevis:profile:0b00c8af8520c261 urn:x-nevis:profile:0b00c8af8520c39e urn:x-nevis:profile:0b00c8af85330427 urn:x-nevis:profile:0b00c8af8568d0bf" nevis:resource="0900c8af81d747aa" nevis:resource2="urn:x-nevis:fragment:0900c8af81b51210:0900c8af81d747aa#nev9955846n3" width="400" xml:lang="en-US"><nodes id="nev9955847n1-nev9955850n1"><node class="Components.StartNode" id="nev9955847n1-nev9955851n1" nodeid="Start" x="36" y="12"/><node class="Components.ScriptComponent" id="nev9955847n1-nev9955852n1" nodeid="ScriptComponent1" x="237" y="474"/><node class="Components.ScriptButton" id="nev9955847n1-nev9955853n1" nodeid="Activate" x="30" y="112"><gui height="30" id="nev9955847n1-nev9955854n1" width="110" x="15" y="70"/><property class="String" id="nev9955847n1-nev9955855n1" name="Text" type="In" value="Start" visible="0"/><property class="String" id="nev9955847n1-nev9955856n1" name="StartDisabled" type="Internal" value="false" visible="1"/><extension id="nev9955847n1-nev9955857n1"><phrase category="Faulttracing" id="nev9955847n1-nev9955848n1" phrase-urn="urn:x-nevis:phrase:0800c8af8178a380">Start</phrase></extension></node><node class="Components.ScriptButton" id="nev9955847n1-nev9955858n1" nodeid="Hide" x="33" y="473"><gui height="30" id="nev9955847n1-nev9955859n1" width="110" x="275" y="70"/><property class="String" id="nev9955847n1-nev9955860n1" name="Text" type="In" value="Hide" visible="0"/><property class="String" id="nev9955847n1-nev9955861n1" name="StartDisabled" type="Internal" value="false" visible="1"/><extension id="nev9955847n1-nev9955862n1"><phrase category="Faulttracing" id="nev9955847n1-nev9955849n1" phrase-urn="urn:x-nevis:phrase:0800c8af81b6b138">Hide</phrase></extension></node><node class="Components.Text" id="nev9955847n1-nev9955863n1" nodeid="Text1" x="513" y="37"><property class="Int" id="nev9955847n1-nev9955864n1" name="TextId" type="Internal" value="13894" visible="1"/><property class="String" id="nev9955847n1-nev9955865n1" name="Text" type="Out" value="" visible="1"/><extension id="nev9955847n1-nev9955866n1"/></node><node class="Components.ScriptLabel" id="nev9955847n1-nev9955867n1" nodeid="ScriptLabel1" x="741" y="172"><gui height="24" id="nev9955847n1-nev9955868n1" width="370" x="13" y="29"/><property class="String" id="nev9955847n1-nev9955869n1" name="Text" type="In" value="" visible="1"/></node><node class="Components.IdentifierComponent" id="nev9955847n1-nev9955870n1" nodeid="IdentifierComponent1" x="529" y="235"><extension id="nev9955847n1-nev9955871n1"><identifier ecu="393901" ecuMode="EcuType" id="nev9955847n1-nev9955872n1" read="23" type="RTOFF" value="11"><rawparameter id="nev9955847n1-nev9955873n1" name="ControlMode" value="80"/></identifier></extension></node></nodes><handlers id="nev9955847n1-nev9955874n1"><eventhandler id="nev9955847n1-nev9955875n1" name="Click" node="Hide"><call id="nev9955847n1-nev9955876n1" method="CloseDialog" node="ScriptComponent1"/></eventhandler><eventhandler id="nev9955847n1-nev9955877n1" name="Click" node="Activate"><call id="nev9955847n1-nev9955878n1" method="Read" node="IdentifierComponent1"/></eventhandler><eventhandler id="nev9955847n1-nev9955879n1" name="OnStart" node="Start"><call id="nev9955847n1-nev9955880n1" method="GetPhrase" node="Text1"/></eventhandler><propertyhandler id="nev9955847n1-nev9955881n1" name="Text" node="Text1"><set id="nev9955847n1-nev9955882n1" node="ScriptLabel1" property="Text"/></propertyhandler></handlers></content></script>