<?xml version="1.0" encoding="UTF-8"?><servinfosub IE-ID="en-US0900c8af85159e07" docno="VCC-137744" id="KC01192924" xml:lang="en-US">
<title>
<phrase category="" id="KC07554618" phrase-urn="urn:x-nevis:phrase:0800c8af81b978e7">Diagnostic trou#@#@#30#-1A5F</phrase>
</title>
<diagnostic j2008use="1" paperuse="1" screenuse="1" type="condition">
<condgrp>
<condition type="condition">
<grate>
<graphic id="KC07554619">
<href>0900c8af80056da#@#@#9#.jpeg</href>
</graphic>
<graphtext>
<para>
<ptxt>
<phrase category="" id="KC07554620" phrase-urn="urn:x-nevis:phrase:0800c8af81b978e8">Diagnostic trou#@#@#145#ing. </phrase>
</ptxt>
</para>
<note>
<ptxt>
<phrase category="" id="KC07554621" phrase-urn="urn:x-nevis:phrase:0800c8af81b978e9">In the event of#@#@#193#ork! </phrase>
</ptxt>
</note>
</graphtext>
</grate>
</condition>
</condgrp>
<condgrp>
<condition type="substitution">
<ptxt>
<phrase category="" id="KC07554622" phrase-urn="urn:x-nevis:phrase:0800c8af81b978ea">No ABS function.</phrase>
</ptxt>
</condition>
<ps>
<list1 enumtype="d" type="unordered">
<item>
<ptxt>
<phrase category="" id="KC07554623" phrase-urn="urn:x-nevis:phrase:0800c8af81b978ec">No power supply#@#@#30#BCM) </phrase>
</ptxt>
</item>
<item>
<ptxt>
<phrase category="" id="KC07554624" phrase-urn="urn:x-nevis:phrase:0800c8af81b978ed">Open-circuit in#@#@#46#BCM) </phrase>
</ptxt>
</item>
<item>
<ptxt>
<phrase category="" id="KC07554625" phrase-urn="urn:x-nevis:phrase:0800c8af81b978ee">Contact resista#@#@#15#inals</phrase>
</ptxt>
</item>
<item>
<ptxt>
<phrase category="" id="KC07554626" phrase-urn="urn:x-nevis:phrase:0800c8af81b978f3">Open-circuit in#@#@#71#(BCM)</phrase>
</ptxt>
</item>
<item>
<ptxt>
<phrase category="" id="KC07554627" phrase-urn="urn:x-nevis:phrase:0800c8af81b978f4">The brake contr#@#@#109#are).</phrase>
</ptxt>
</item>
</list1>
<hint>
<ptxt>
<phrase category="Faulttracing" id="nev16284263n1" phrase-urn="urn:x-nevis:phrase:0800c8af85159e24">If several diag#@#@#213#work.</phrase>
<phrase category="Faulttracing" id="nev16562789n1" phrase-urn="urn:x-nevis:phrase:0800c8af838fcb44">See wiring diag#@#@#7#well.</phrase>
</ptxt>
</hint>
</ps>
</condgrp>
<condgrp>
<condition type="symptom">
<list1 enumtype="d" type="unordered">
<item>
<ptxt>
<phrase category="" id="KC07554629" phrase-urn="urn:x-nevis:phrase:0800c8af81b978f6">The ABS warning#@#@#7#s lit</phrase>
</ptxt>
</item>
<item>
<ptxt>
<phrase category="" id="KC07554630" phrase-urn="urn:x-nevis:phrase:0800c8af81b978f7">No ABS function</phrase>
</ptxt>
</item>
<item>
<ptxt>
<phrase category="" id="KC07554631" phrase-urn="urn:x-nevis:phrase:0800c8af81b978f8">Message in the #@#@#3#play.</phrase>
</ptxt>
</item>
</list1>
</condition>
</condgrp>
</diagnostic>
</servinfosub>