<?xml version="1.0" encoding="UTF-8"?><servinfosub IE-ID="en-US0900c8af83b6fe07" docno="VCC-313314" id="nev12508064n1" xml:lang="en-US">
<title>
<phrase category="" id="nev12508064n2" phrase-urn="urn:x-nevis:phrase:0800c8af823e6e65">Diagnostic trou#@#@#33#12800</phrase>
</title>
<diagnostic type="condition">
<condgrp>
<condition type="condition">
<para>
<ptxt>
<phrase category="" id="nev12508064n3" phrase-urn="urn:x-nevis:phrase:0800c8af823e6e66">Checking of how#@#@#207#ers. </phrase>
</ptxt>
</para>
<para>
<ptxt>
<phrase category="" id="nev12508064n4" phrase-urn="urn:x-nevis:phrase:0800c8af823e6e67">If engine contr#@#@#135#ted. </phrase>
</ptxt>
</para>
<para>
<ptxt>
<phrase category="" id="nev12508064n5" phrase-urn="urn:x-nevis:phrase:0800c8af823e6e68">The diagnostic #@#@#218#3 °C.</phrase>
</ptxt>
</para>
</condition>
</condgrp>
<condgrp>
<condition type="substitution">
<list1 enumtype="d" type="unordered">
<item>
<ptxt>
<phrase category="" id="nev12508064n6" phrase-urn="urn:x-nevis:phrase:0800c8af823e6e69">Nothing.</phrase>
</ptxt>
</item>
</list1>
</condition>
<ps>
<list1 enumtype="d" type="unordered">
<item>
<ptxt>
<phrase category="" id="nev12508064n7" phrase-urn="urn:x-nevis:phrase:0800c8af823e6e6a">Damaged thermostat.</phrase>
</ptxt>
</item>
<item>
<ptxt>
<phrase category="" id="nev12508064n8" phrase-urn="urn:x-nevis:phrase:0800c8af823e6e6b">Contact resista#@#@#73#nsor.</phrase>
</ptxt>
</item>
<item>
<ptxt>
<phrase category="" id="nev12508064n9" phrase-urn="urn:x-nevis:phrase:0800c8af823e6e6c">Damaged engine #@#@#14#nsor.</phrase>
</ptxt>
</item>
</list1>
</ps>
</condgrp>
<condgrp>
<condition type="symptom">
<list1 enumtype="d" type="unordered">
<item>
<ptxt>
<phrase category="" id="nev12508064n10" phrase-urn="urn:x-nevis:phrase:0800c8af823e6e6d">Malfunction ind#@#@#17# lit.</phrase>
</ptxt>
</item>
<item>
<ptxt>
<phrase category="" id="nev12508065n1" phrase-urn="urn:x-nevis:phrase:0800c8af823e6e6e">Engine does not#@#@#5#warm.</phrase>
</ptxt>
</item>
</list1>
</condition>
</condgrp>
</diagnostic>
</servinfosub>