<?xml version="1.0" encoding="UTF-8"?><servinfosub IE-ID="en-US0900c8af836a681e" docno="VCC-295344" id="nev11925136n1" xml:lang="en-US">
<title>
<phrase category="" id="nev11925136n2" phrase-urn="urn:x-nevis:phrase:0800c8af82724d76">Signal missing</phrase>
</title>
<diagnostic j2008use="1" layout="0" paperuse="1" screenuse="1" type="test">
<testgrp IE-ID="en-US0900c8af836a681e_nev11925136n3" id="nev11925136n3" j2008use="1" paperuse="1" resumable="1" screenuse="1" testgrp-id="node1" x="80" y="80">
<title>
<phrase category="" id="nev11925136n4" phrase-urn="urn:x-nevis:phrase:0800c8af82724d77">Checking the wiring</phrase>
</title>
<node>
<test1>
<diaglist>
<dgraphic>
<dgraphic1>
<graphic id="nev11925136n5">
<href>0900c8af80054d4#@#@#9#.jpeg</href>
</graphic>
</dgraphic1>
<dgraphic2>
<graphic id="nev11925136n6">
<href>0900c8af80054d7#@#@#9#.jpeg</href>
</graphic>
</dgraphic2>
</dgraphic>
<ditem>
<ptxt>
<phrase category="" id="nev11925136n7" phrase-urn="urn:x-nevis:phrase:0800c8af82724d78">Ignition off</phrase>
</ptxt>
</ditem>
<ditem>
<ptxt>
<phrase category="" id="nev11925136n8" phrase-urn="urn:x-nevis:phrase:0800c8af82724d79">Disconnect the #@#@#42#IAM).</phrase>
</ptxt>
</ditem>
</diaglist>
<test2>
<para>
<ptxt>
<phrase category="" id="nev11925136n9" phrase-urn="urn:x-nevis:phrase:0800c8af82724d7a">Check the conne#@#@#56#tion.</phrase>
</ptxt>
</para>
<para>
<ptxt>
<phrase category="" id="nev11925136n10" phrase-urn="urn:x-nevis:phrase:0800c8af82724d7b">Check the signa#@#@#118#its. </phrase>
</ptxt>
<ptxt>
<phrase category="" id="nev11925137n1" phrase-urn="urn:x-nevis:phrase:0800c8af82724d7c">Measure between:</phrase>
</ptxt>
</para>
<list1 enumtype="d" type="unordered">
<item>
<ptxt>
<phrase category="Faulttracing" id="nev11925137n2" phrase-urn="urn:x-nevis:phrase:0800c8af8360e527">Integrated audi#@#@#69#door.</phrase>
</ptxt>
</item>
<item>
<ptxt>
<phrase category="Faulttracing" id="nev11925137n3" phrase-urn="urn:x-nevis:phrase:0800c8af8360e52e">Integrated audi#@#@#70#door.</phrase>
</ptxt>
</item>
</list1>
<para>
<ptxt>
<phrase category="" id="nev11925137n4" phrase-urn="urn:x-nevis:phrase:0800c8af82724d7f">If no fault was#@#@#26#aker.</phrase>
</ptxt>
</para>
<para>
<ptxt>
<phrase category="" id="nev11925137n5" phrase-urn="urn:x-nevis:phrase:0800c8af82724d80">Remedy as necessary.</phrase>
</ptxt>
</para>
<list1 enumtype="d" type="unordered">
<title>
<phrase category="" id="nev11925137n6" phrase-urn="urn:x-nevis:phrase:0800c8af82724d81">Other information</phrase>
</title>
<item>
<ptxt>
<xref id="nev12067564n100">
<ref id="l1141285696513"/>
</xref>
</ptxt>
</item>
<item>
<ptxt>
<xref id="nev12067564n98">
<ref id="l1141285714091"/>
</xref>
</ptxt>
</item>
<item>
<ptxt>
<xref id="nev11964443n96">
<ref id="l1141285740544"/>
</xref>
</ptxt>
</item>
<item>
<ptxt>
<xref id="nev11964443n94">
<ref id="l1141285763231"/>
</xref>
</ptxt>
</item>
<item>
<ptxt>
<xref id="nev11964443n92">
<ref id="l1141285782809"/>
</xref>
</ptxt>
</item>
</list1>
<diaglist>
<dgraphic>
<dgraphic1>
<graphic id="nev11925138n7">
<href>0900c8af8204a45#@#@#9#.jpeg</href>
</graphic>
</dgraphic1>
</dgraphic>
</diaglist>
</test2>
</test1>
<question>
Select Continue.
</question>
<resact-grp>
<result button="cont" comp="button" highlight="0"/>
<action j2008use="1" paperuse="1" screenuse="1">
<ptxt>
<xref>
<ref id="nev11925138n9"/>
</xref>
</ptxt>
</action>
</resact-grp>
</node>
</testgrp>
<testgrp id="nev11925138n10" j2008use="1" paperuse="1" resumable="1" screenuse="1" testgrp-id="veria" x="80" y="220">
<title>
<phrase category="" id="nev11925139n1" phrase-urn="urn:x-nevis:phrase:0800c8af82724d88">Verification</phrase>
</title>
<subcalloutnode>
<diagcallout>
<xref>
<ref id="nev11925139n2"/>
</xref>
</diagcallout>
<rescall-grp>
<result comp="string" highlight="0" op="eq" return="VERIFIED"/>
<calloutaction>
<return value="FAULT FOUND"/>
</calloutaction>
</rescall-grp>
<rescall-grp>
<result comp="string" highlight="0" op="eq" return="VERIFICATION FAILED"/>
<calloutaction>
<ptxt>
<xref>
<ref id="nev11925139n3"/>
</xref>
</ptxt>
</calloutaction>
</rescall-grp>
</subcalloutnode>
</testgrp>
<testgrp id="nev11925139n4" j2008use="1" paperuse="0" resumable="1" screenuse="1" testgrp-id="info1" x="80" y="380">
<title>
<phrase category="" id="nev11925139n5" phrase-urn="urn:x-nevis:phrase:0800c8af82724d89">Fault-tracing i#@#@#5#ation</phrase>
</title>
<subcalloutnode>
<diagcallout>
<xref>
<ref id="nev11925139n6"/>
</xref>
</diagcallout>
<rescall-grp>
<result comp="string" highlight="0" op="eq" return="FAULTTRACING FAILED"/>
<calloutaction>
<return value="FAULTTRACING FAILED"/>
</calloutaction>
</rescall-grp>
<rescall-grp>
<result comp="string" highlight="0" op="eq" return="NEW TRY"/>
<calloutaction>
<ptxt>
<xref>
<ref id="nev11925139n7"/>
</xref>
</ptxt>
</calloutaction>
</rescall-grp>
</subcalloutnode>
</testgrp>
</diagnostic>
</servinfosub>