<?xml version="1.0" encoding="UTF-8"?><servinfosub IE-ID="en-US0900c8af87318802" docno="VCC-371070" id="nev13717863n1" original="sv-SE" servinfosubId="nev13717864n1-nev24883299n1" servinfosubRes="0900c8af878845c5" servinfosubRes2="urn:x-nevis:fragment:0900c8af87318802:0900c8af878845c5#nev24883299n1" xml:lang="en-US">
<operationnumbers>
<operationnumber>82518-2</operationnumber>
<operationnumber>82516-2</operationnumber>
</operationnumbers>
<title id="nev13717860n45">Front fender widener</title>
<procedure id="nev13717864n1-nev27089123n77">
<stepgrp boilerplate="false" context="" id="nev13717864n1-nev27089123n76">
<title id="nev13717864n1-nev27089123n75">Removal</title>
<procstep id="nev13717864n1-nev27089123n74">
<grate id="nev13717864n1-nev27089123n72">
<graphic id="nev13717864n1-nev27089123n73">
<href>0900c8af8788456#@#@#9#.jpeg</href>
</graphic>
<graphtext id="nev13717864n1-nev27092053n1">
<note id="nev13717864n1-nev27089123n71">
<ptxt>The graphic sho#@#@#39#oval.</ptxt>
</note>
</graphtext>
</grate>
</procstep>
<procstep id="nev13717864n1-nev27089123n70">
<para id="nev13717864n1-nev27089123n66">
<ptxt id="nev13717864n1-nev27089123n68">Follow the inst#@#@#56# tape<xref boilerplate="true" id="nev13717864n1-nev27089123n69">
<ref id="nev13717864n1-nev27089123n67"/>
</xref>
</ptxt>
</para>
</procstep>
<procstep id="nev13717864n1-nev27089123n65">
<grate id="nev13717864n1-nev27089123n63">
<graphic id="nev13717864n1-nev27089123n64">
<href>0900c8af8788456#@#@#9#.jpeg</href>
</graphic>
<graphtext id="nev13717864n1-nev27092060n1">
<caution id="nev13717864n1-nev27089123n62">
<ptxt>Make sure not t#@#@#21#aces.</ptxt>
</caution>
<para id="nev13717864n1-nev27089123n60">
<ptxt id="nev13717864n1-nev27089123n61">Remove the mark#@#@#3#part.</ptxt>
</para>
</graphtext>
</grate>
</procstep>
</stepgrp>
<stepgrp boilerplate="false" context="" id="nev13717864n1-nev27089123n59">
<title id="nev13717864n1-nev27089123n58">Installation</title>
<procstep id="nev13717864n1-nev27089123n57">
<note id="nev13717864n1-nev27089123n56">
<ptxt>Make sure that #@#@#24#lled.</ptxt>
</note>
</procstep>
<procstep id="nev13717864n1-nev27089123n55">
<para id="nev13717864n1-nev27089123n53">
<ptxt id="nev13717864n1-nev27089123n54">To install, rev#@#@#22#dure.</ptxt>
</para>
</procstep>
</stepgrp>
</procedure>
</servinfosub>