<?xml version="1.0" encoding="UTF-8"?><servinfosub IE-ID="en-US0900c8af80632802" docno="VCC-021668" id="KC02134102" xml:lang="en-US">
<title>
<phrase category="" id="KC08992043" phrase-urn="urn:x-nevis:phrase:0800c8af82382183">         DTC in#@#@#10#4-4-2</phrase>
</title>
<diagnostic id="KC02153796" type="condition">
<title>
<phrase category="" id="KC08992044" phrase-urn="urn:x-nevis:phrase:0800c8af82382184"/>
</title>
<condgrp>
<condition type="condition">
<ptxt>
<phrase category="" id="KC08992045" phrase-urn="urn:x-nevis:phrase:0800c8af82382185">         If ped#@#@#291#-4-2.</phrase>
</ptxt>
</condition>
</condgrp>
<condgrp>
<condition type="substitution">
<list1 enumtype="d" type="unordered">
<item>
<ptxt>
<phrase category="" id="KC08992046" phrase-urn="urn:x-nevis:phrase:0800c8af82382186">         ABS/TR#@#@#123#ased.</phrase>
</ptxt>
</item>
</list1>
</condition>
<ps>
<list1 enumtype="d" type="unordered">
<item>
<ptxt>
<phrase category="" id="KC08992047" phrase-urn="urn:x-nevis:phrase:0800c8af82382188">         Brake #@#@#21#tem. </phrase>
</ptxt>
</item>
<item>
<ptxt>
<phrase category="" id="KC08992048" phrase-urn="urn:x-nevis:phrase:0800c8af8238218b">         Air in#@#@#7#stem.</phrase>
</ptxt>
</item>
<item>
<ptxt>
<phrase category="" id="KC08992049" phrase-urn="urn:x-nevis:phrase:0800c8af8238218f">         Faulty#@#@#12#nder.</phrase>
</ptxt>
</item>
<item>
<ptxt>
<phrase category="" id="KC08992050" phrase-urn="urn:x-nevis:phrase:0800c8af82382193">         Faulty#@#@#9#nsor.</phrase>
</ptxt>
</item>
<item>
<ptxt>
<phrase category="" id="KC08992051" phrase-urn="urn:x-nevis:phrase:0800c8af82382197">         Faulty#@#@#11#unit.</phrase>
</ptxt>
</item>
</list1>
</ps>
</condgrp>
<condgrp>
<condition type="symptom">
<list1 enumtype="d" type="unordered">
<item>
<ptxt>
<phrase category="" id="KC08992052" phrase-urn="urn:x-nevis:phrase:0800c8af8238219c">         Brake #@#@#18#own. </phrase>
</ptxt>
</item>
<item>
<ptxt>
<phrase category="" id="KC08992053" phrase-urn="urn:x-nevis:phrase:0800c8af823821a2">         Brake #@#@#6#leak.</phrase>
</ptxt>
</item>
</list1>
</condition>
</condgrp>
</diagnostic>
</servinfosub>