<?xml version="1.0" encoding="UTF-8"?><diagnostic IE-ID="en-US0900c8af805db802" docno="VCC-105082" id="KC02159267" type="test" xml:lang="en-US">
<title>
<phrase category="" id="KC08660388" phrase-urn="urn:x-nevis:phrase:0800c8af81dfc0c0">Verification</phrase>
</title>
<testgrp IE-ID="en-US0900c8af805db802_KC02170883" id="KC02170883" j2008use="0" paperuse="1" resumable="0" screenuse="0" testgrp-id="verip" x="160" y="80">
<title>
<phrase category="" id="KC08660389" phrase-urn="urn:x-nevis:phrase:0800c8af81dfc0c1">Verification</phrase>
</title>
<node>
<test1>
<hint>
<ptxt>
<phrase category="" id="KC08660390" phrase-urn="urn:x-nevis:phrase:0800c8af81dfc0c2">After carrying #@#@#50#died.</phrase>
</ptxt>
</hint>
<diaglist>
<dgraphic>
<dgraphic1>
<graphic id="KC08660391">
<href>0900c8af80054d3#@#@#9#.jpeg</href>
</graphic>
</dgraphic1>
<dgraphic2>
<graphic id="KC08660392">
<href>0900c8af80054d7#@#@#9#.jpeg</href>
</graphic>
</dgraphic2>
</dgraphic>
<ditem>
<ptxt>
<phrase category="" id="KC08660393" phrase-urn="urn:x-nevis:phrase:0800c8af81dfc0c3">Ignition off.</phrase>
</ptxt>
</ditem>
<ditem>
<ptxt>
<phrase category="" id="KC08660394" phrase-urn="urn:x-nevis:phrase:0800c8af81dfc0c4">Reconnect conne#@#@#23#ents.</phrase>
</ptxt>
</ditem>
<ditem>
<ptxt>
<phrase category="" id="KC08660395" phrase-urn="urn:x-nevis:phrase:0800c8af81dfc0c5">Engine running.</phrase>
</ptxt>
</ditem>
</diaglist>
<test2>
<ptxt>
<phrase category="" id="KC08660396" phrase-urn="urn:x-nevis:phrase:0800c8af81dfc0c6">Read off engine#@#@#52#them.</phrase>
</ptxt>
<diaglist>
<dgraphic>
<dgraphic2>
<graphic id="KC08660397">
<href>0900c8af86c8681#@#@#9#.jpeg</href>
</graphic>
</dgraphic2>
</dgraphic>
<ditem>
<ditemtext>
<ptxt>
<phrase category="" id="KC08660398" phrase-urn="urn:x-nevis:phrase:0800c8af81dfc0c7"/>
</ptxt>
</ditemtext>
</ditem>
</diaglist>
</test2>
</test1>
<question>Secondary engin#@#@#61#RPM).</question>
<resact-grp>
<result button="ok" comp="button" highlight="0"/>
<action j2008use="0" paperuse="1" screenuse="0">
<return value="FAULT FOUND"/>
</action>
</resact-grp>
<resact-grp>
<result button="notok" comp="button" highlight="0"/>
<action j2008use="0" paperuse="1" screenuse="0">
<return value="FAULTTRACING FAILED"/>
</action>
</resact-grp>
</node>
</testgrp>
<testgrp id="KC02170884" j2008use="1" paperuse="0" resumable="1" screenuse="1" testgrp-id="veris1" x="160" y="160">
<title>
<phrase category="" id="KC08660399" phrase-urn="urn:x-nevis:phrase:0800c8af81dfc0c8">Verification</phrase>
</title>
<node>
<test1>
<hint>
<ptxt>
<phrase category="" id="KC08660400" phrase-urn="urn:x-nevis:phrase:0800c8af81dfc0c9">After carrying #@#@#50#died.</phrase>
</ptxt>
</hint>
<diaglist>
<dgraphic>
<dgraphic1>
<graphic id="KC08660401">
<href>0900c8af80054d3#@#@#9#.jpeg</href>
</graphic>
</dgraphic1>
<dgraphic2>
<graphic id="KC08660402">
<href>0900c8af80054d6#@#@#9#.jpeg</href>
</graphic>
</dgraphic2>
</dgraphic>
<ditem>
<ptxt>
<phrase category="" id="KC08660403" phrase-urn="urn:x-nevis:phrase:0800c8af81dfc0ca">Ignition off.</phrase>
</ptxt>
</ditem>
<ditem>
<ptxt>
<phrase category="" id="KC08660404" phrase-urn="urn:x-nevis:phrase:0800c8af81dfc0cb">Reconnect conne#@#@#23#ents.</phrase>
</ptxt>
</ditem>
<ditem>
<ptxt>
<phrase category="" id="KC08660405" phrase-urn="urn:x-nevis:phrase:0800c8af81dfc0cc">Start the engine.</phrase>
</ptxt>
</ditem>
</diaglist>
<test2>
<ptxt>
<phrase category="" id="KC08660406" phrase-urn="urn:x-nevis:phrase:0800c8af81dfc0cd">Read off and no#@#@#17#RPM).</phrase>
</ptxt>
<diaglist>
<dgraphic>
<dgraphic2>
<graphic id="KC08660407">
<href>0900c8af86c8681#@#@#9#.jpeg</href>
</graphic>
<smarttool active="press" id="KC08660408" toolname="XCFIA505"/>
</dgraphic2>
</dgraphic>
<ditem>
<ditemtext>
<ptxt>
<phrase category="" id="KC08660409" phrase-urn="urn:x-nevis:phrase:0800c8af81dfc0ce"/>
</ptxt>
</ditemtext>
</ditem>
<ditem>
<ditemtext>
<ptxt>
<phrase category="" id="KC08660410" phrase-urn="urn:x-nevis:phrase:0800c8af81dfc0cf"/>
</ptxt>
</ditemtext>
</ditem>
</diaglist>
</test2>
</test1>
<question>Select Continue.</question>
<resact-grp>
<result button="cont" comp="button" highlight="0"/>
<action j2008use="1" paperuse="0" screenuse="1">
<ptxt>
<xref>
<ref id="KC08660411"/>
</xref>
</ptxt>
</action>
</resact-grp>
</node>
</testgrp>
<testgrp id="KC02170885" j2008use="1" paperuse="0" resumable="1" screenuse="1" testgrp-id="veris2" x="160" y="240">
<title>
<phrase category="" id="KC08660412" phrase-urn="urn:x-nevis:phrase:0800c8af81dfc0d0">Verification</phrase>
</title>
<node>
<test1>
<diaglist>
<dgraphic>
<dgraphic1>
<graphic id="KC08660413">
<href>0900c8af80054d3#@#@#9#.jpeg</href>
</graphic>
</dgraphic1>
</dgraphic>
<ditem>
<ptxt>
<phrase category="" id="KC08660414" phrase-urn="urn:x-nevis:phrase:0800c8af81dfc0d1">Engine running.</phrase>
</ptxt>
</ditem>
</diaglist>
<test2>
<ptxt>
<phrase category="" id="KC08660415" phrase-urn="urn:x-nevis:phrase:0800c8af81dfc0d2">Read off second#@#@#51#RPM).</phrase>
</ptxt>
<diaglist>
<dgraphic>
<dgraphic2>
<graphic id="KC08660416">
<href>0900c8af86c8681#@#@#9#.jpeg</href>
</graphic>
<smarttool active="press" id="KC08660417" toolname="XCFIA526"/>
</dgraphic2>
</dgraphic>
<ditem>
<ditemtext>
<ptxt>
<phrase category="" id="KC08660418" phrase-urn="urn:x-nevis:phrase:0800c8af81dfc0d3"/>
</ptxt>
</ditemtext>
</ditem>
<ditem>
<ditemtext>
<ptxt>
<phrase category="" id="KC08660419" phrase-urn="urn:x-nevis:phrase:0800c8af81dfc0d5"/>
</ptxt>
</ditemtext>
</ditem>
</diaglist>
</test2>
</test1>
<question>Secondary engin#@#@#61#RPM).</question>
<resact-grp>
<result button="ok" comp="button" highlight="0"/>
<action j2008use="1" paperuse="0" screenuse="1">
<return value="FAULT FOUND"/>
</action>
</resact-grp>
<resact-grp>
<result button="notok" comp="button" highlight="0"/>
<action j2008use="1" paperuse="0" screenuse="1">
<return value="FAULTTRACING FAILED"/>
</action>
</resact-grp>
</node>
</testgrp>
</diagnostic>