<?xml version="1.0" encoding="UTF-8"?><servinfosub IE-ID="en-US0900c8af81a95415" docno="VCC-157696" id="KC07196949" xml:lang="en-US">
<title>
<phrase category="" id="KC07196953" phrase-urn="urn:x-nevis:phrase:0800c8af81a95417">Diagnostic trou#@#@#30#-1A58</phrase>
</title>
<diagnostic type="condition">
<condgrp>
<condition type="condition">
<grate>
<graphic id="KC07196954">
<href>0900c8af8005b72#@#@#9#.jpeg</href>
</graphic>
<graphtext>
<para>
<ptxt>
<phrase category="" id="KC07196955" phrase-urn="urn:x-nevis:phrase:0800c8af81a95418">The diagnostic #@#@#137#ting.</phrase>
</ptxt>
</para>
<para>
<ptxt>
<phrase category="" id="KC07196956" phrase-urn="urn:x-nevis:phrase:0800c8af81a95419">The diagnostic #@#@#87#nds. </phrase>
</ptxt>
</para>
<note>
<ptxt>
<phrase category="" id="KC07196957" phrase-urn="urn:x-nevis:phrase:0800c8af81a9541a">In the event of#@#@#202#AN). </phrase>
</ptxt>
</note>
</graphtext>
</grate>
</condition>
</condgrp>
<condgrp>
<condition type="substitution">
<list1 enumtype="d" type="unordered">
<item>
<ptxt>
<phrase category="" id="KC07196958" phrase-urn="urn:x-nevis:phrase:0800c8af81a9541b">None.</phrase>
</ptxt>
</item>
</list1>
</condition>
<ps>
<list1 enumtype="d" type="unordered">
<item>
<ptxt>
<phrase category="" id="KC07196959" phrase-urn="urn:x-nevis:phrase:0800c8af81a9541c">No power supply#@#@#21#(PHM)</phrase>
</ptxt>
</item>
<item>
<ptxt>
<phrase category="" id="KC07196960" phrase-urn="urn:x-nevis:phrase:0800c8af81a9541d">Open-circuit in#@#@#38#(PHM)</phrase>
</ptxt>
</item>
<item>
<ptxt>
<phrase category="" id="KC07196961" phrase-urn="urn:x-nevis:phrase:0800c8af81a9541e">Contact resista#@#@#15#inals</phrase>
</ptxt>
</item>
<item>
<ptxt>
<phrase category="" id="KC07196962" phrase-urn="urn:x-nevis:phrase:0800c8af81a9541f">Open-circuit in#@#@#62#(PHM)</phrase>
</ptxt>
</item>
<item>
<ptxt>
<phrase category="" id="KC07196963" phrase-urn="urn:x-nevis:phrase:0800c8af81a95420">The phone modul#@#@#106#re). </phrase>
</ptxt>
</item>
</list1>
<hint>
<ptxt>
<phrase category="" id="KC07196964" phrase-urn="urn:x-nevis:phrase:0800c8af81a95421">If several diag#@#@#251#gram.</phrase>
</ptxt>
</hint>
</ps>
</condgrp>
<condgrp>
<condition type="symptom">
<list1 enumtype="d" type="unordered">
<item>
<ptxt>
<phrase category="" id="KC07196965" phrase-urn="urn:x-nevis:phrase:0800c8af81a95422">The phone is no#@#@#5#king.</phrase>
</ptxt>
</item>
<item>
<ptxt>
<phrase category="" id="KC07196966" phrase-urn="urn:x-nevis:phrase:0800c8af81a95423">The menu system#@#@#13#rate.</phrase>
</ptxt>
</item>
</list1>
</condition>
</condgrp>
</diagnostic>
</servinfosub>