<?xml version="1.0" encoding="UTF-8"?><servinfosub IE-ID="en-US0900c8af804a6415" docno="VCC-094748" id="KC01508657" xml:lang="en-US">
<title>
<phrase category="" id="KC07307547" phrase-urn="urn:x-nevis:phrase:0800c8af81aa8f38">Signal missing.#@#@#11#fault</phrase>
</title>
<diagnostic type="test">
<testgrp IE-ID="en-US0900c8af804a6415_KC01564221" id="KC01564221" j2008use="1" paperuse="1" resumable="1" screenuse="1" testgrp-id="a1" x="120" y="80">
<title>
<phrase category="" id="KC07307548" phrase-urn="urn:x-nevis:phrase:0800c8af81aa8f39">Checking the co#@#@#3#nents</phrase>
</title>
<node>
<test1>
<diaglist>
<ditem>
<ptxt>
<phrase category="" id="KC07307549" phrase-urn="urn:x-nevis:phrase:0800c8af81aa8f3a">Check that rela#@#@#57#lled.</phrase>
</ptxt>
</ditem>
<ditem>
<ptxt>
<phrase category="" id="KC07307550" phrase-urn="urn:x-nevis:phrase:0800c8af81aa8f3b">Do the necessar#@#@#15#tion.</phrase>
</ptxt>
</ditem>
</diaglist>
<test2>
<ptxt>
<phrase category="" id="KC07307551" phrase-urn="urn:x-nevis:phrase:0800c8af81aa8f3c">Activate the re#@#@#45#imes.</phrase>
</ptxt>
<list1>
<title>
<phrase category="" id="KC07307552" phrase-urn="urn:x-nevis:phrase:0800c8af81aa8f3d">Additional info#@#@#3#tion:</phrase>
</title>
<item>
<ptxt>
<phrase category="" id="KC07307553" phrase-urn="urn:x-nevis:phrase:0800c8af81aa8f3e">For information#@#@#34# see <xref>
<ref id="KC07307554"/>
</xref>
</phrase>
</ptxt>
</item>
<item>
<ptxt>
<phrase category="" id="KC07307555" phrase-urn="urn:x-nevis:phrase:0800c8af81aa8f3f">To access/repla#@#@#13# see <xref>
<ref id="KC07307556"/>
</xref>
</phrase>
</ptxt>
</item>
<item>
<ptxt>
<phrase category="" id="KC07307557" phrase-urn="urn:x-nevis:phrase:0800c8af81aa8f40">When relay is i#@#@#60#12 V.</phrase>
</ptxt>
</item>
</list1>
<diaglist>
<dgraphic>
<dgraphic2>
<graphic id="KC07307558">
<href>0900c8af86c8681#@#@#9#.jpeg</href>
</graphic>
<smarttool active="press" id="KC07307559" toolname="XREMB104"/>
</dgraphic2>
</dgraphic>
<ditem>
<ditemtext>
<ptxt>
<phrase category="" id="KC07307560" phrase-urn="urn:x-nevis:phrase:0800c8af81aa8f41"/>
</ptxt>
</ditemtext>
</ditem>
</diaglist>
<grate>
<graphic id="KC07307561">
<href>0900c8af80058ba#@#@#9#.jpeg</href>
</graphic>
</grate>
</test2>
</test1>
<question>Do the reversin#@#@#9#work?</question>
<resact-grp>
<result button="yes" comp="button" highlight="0"/>
<action j2008use="1" paperuse="1" screenuse="1">
<return value="FAULT FOUND"/>
</action>
</resact-grp>
<resact-grp>
<result button="no" comp="button" highlight="0"/>
<action j2008use="1" paperuse="1" screenuse="1">
<ptxt>
<xref>
<ref id="KC07307562"/>
</xref>
</ptxt>
</action>
</resact-grp>
</node>
</testgrp>
<testgrp id="KC01564222" j2008use="1" paperuse="1" resumable="1" screenuse="1" testgrp-id="a2" x="120" y="160">
<title>
<phrase category="" id="KC07307563" phrase-urn="urn:x-nevis:phrase:0800c8af81aa8f42">Replacing the c#@#@#3#onent</phrase>
</title>
<node>
<test1>
<test2>
<ptxt>
<phrase category="" id="KC07307564" phrase-urn="urn:x-nevis:phrase:0800c8af81aa8f43">Replace relay f#@#@#137#d in <xref>
<ref id="KC07307565"/>
</xref>.</phrase>
</ptxt>
<list1>
<title>
<phrase category="" id="KC07307566" phrase-urn="urn:x-nevis:phrase:0800c8af81aa8f44">Additional info#@#@#3#tion:</phrase>
</title>
<item>
<ptxt>
<phrase category="" id="KC07307567" phrase-urn="urn:x-nevis:phrase:0800c8af81aa8f45">For information#@#@#34# see <xref>
<ref id="KC07307568"/>
</xref>
</phrase>
</ptxt>
</item>
<item>
<ptxt>
<phrase category="" id="KC07307569" phrase-urn="urn:x-nevis:phrase:0800c8af81aa8f46">To access/repla#@#@#13# see <xref>
<ref id="KC07307570"/>
</xref>
</phrase>
</ptxt>
</item>
<item>
<ptxt>
<phrase category="" id="KC07307571" phrase-urn="urn:x-nevis:phrase:0800c8af81aa8f47">When relay is i#@#@#60#12 V.</phrase>
</ptxt>
</item>
</list1>
<diaglist>
<dgraphic>
<dgraphic2>
<graphic id="KC07307572">
<href>0900c8af80054d4#@#@#9#.jpeg</href>
</graphic>
<smarttool active="press" id="KC07307573" toolname="ODAH"/>
</dgraphic2>
</dgraphic>
<ditem>
<ditemtext>
<ptxt>
<phrase category="" id="KC07307574" phrase-urn="urn:x-nevis:phrase:0800c8af81aa8f48"/>
</ptxt>
</ditemtext>
</ditem>
</diaglist>
<grate>
<graphic id="KC07307575">
<href>0900c8af80058ba#@#@#9#.jpeg</href>
</graphic>
</grate>
</test2>
</test1>
<question>Press Continue.</question>
<resact-grp>
<result button="cont" comp="button" highlight="0"/>
<action j2008use="1" paperuse="1" screenuse="1">
<ptxt>
<xref>
<ref id="KC07307576"/>
</xref>
</ptxt>
</action>
</resact-grp>
</node>
</testgrp>
<testgrp id="KC01564223" j2008use="1" paperuse="1" resumable="1" screenuse="1" testgrp-id="verif" x="280" y="80">
<title>
<phrase category="" id="KC07307577" phrase-urn="urn:x-nevis:phrase:0800c8af81aa8f49">Verification</phrase>
</title>
<subcalloutnode>
<diagcallout>
<xref>
<ref id="KC07307578"/>
</xref>
</diagcallout>
<rescall-grp>
<result comp="string" highlight="0" op="eq" return="VERIFIED"/>
<calloutaction>
<return value="FAULT FOUND"/>
</calloutaction>
</rescall-grp>
<rescall-grp>
<result comp="string" highlight="0" op="eq" return="VERIFICATION FAILED"/>
<calloutaction>
<ptxt>
<xref>
<ref id="KC07307579"/>
</xref>
</ptxt>
</calloutaction>
</rescall-grp>
</subcalloutnode>
</testgrp>
<testgrp id="KC01564224" j2008use="1" paperuse="1" resumable="1" screenuse="1" testgrp-id="info1" x="440" y="80">
<title>
<phrase category="" id="KC07307580" phrase-urn="urn:x-nevis:phrase:0800c8af81aa8f4a">Trouble-shootin#@#@#8#ation</phrase>
</title>
<subcalloutnode>
<diagcallout>
<xref>
<ref id="KC07307581"/>
</xref>
</diagcallout>
<rescall-grp>
<result comp="string" highlight="0" op="eq" return="NEW TRY"/>
<calloutaction>
<ptxt>
<xref>
<ref id="KC07307582"/>
</xref>
</ptxt>
</calloutaction>
</rescall-grp>
<rescall-grp>
<result comp="string" highlight="0" op="eq" return="FAULTTRACING FAILED"/>
<calloutaction>
<return value="FAULT NOT FOUND"/>
</calloutaction>
</rescall-grp>
</subcalloutnode>
</testgrp>
</diagnostic>
</servinfosub>