<?xml version="1.0" encoding="UTF-8"?><script xmlns:nevis="http://www.volvocars.com/namespaces/processing" xmlns:xlink="http://www.w3.org/1999/xlink" IE-ID="en-US0900c8af81dde415" docno="VCC-237199" id="nev10167791n1" nevis:expl-profile="mdl874yr1999eng92, mdl875yr1999eng92" nevis:profile="urn:x-nevis:profile:0b00c8af8020643c urn:x-nevis:profile:0b00c8af80206446" nevis:projectdocument="urn:x-nevis:projectdocument:0800c8af81dde414" nevis:resource="0900c8af81dde4cf" nevis:resource2="urn:x-nevis:fragment:0900c8af81dde415:0900c8af81dde4cf#nev10167791n1" nevis:session-id="" qualifierinfotype="14:00" type="" xml:lang="en-US"><title>Engine speed</title><content gui="1" height="150" id="nev10167792n1-nev10167791n3" nevis:expl-profile="mdl874yr1999eng92, mdl875yr1999eng92" nevis:idfrom="nev10167792n1" nevis:prefix="nev10167792n1" nevis:profile="urn:x-nevis:profile:0b00c8af8020643c urn:x-nevis:profile:0b00c8af80206446" nevis:resource="0900c8af81dde4d1" nevis:resource2="urn:x-nevis:fragment:0900c8af81dde415:0900c8af81dde4d1#nev10167791n3" width="400" xml:lang="en-US"><nodes id="nev10167792n1-nev10168130n1"><node class="Components.StartNode" id="nev10167792n1-nev10168131n1" nodeid="Start" x="17" y="80"/><node class="Components.ScriptButton" id="nev10167792n1-nev10168132n1" nodeid="Hide" x="20" y="210"><gui height="30" id="nev10167792n1-nev10168133n1" width="110" x="280" y="100"/><property class="String" id="nev10167792n1-nev10168134n1" name="Text" type="In" value="" visible="0"/><property class="String" id="nev10167792n1-nev10168135n1" name="StartDisabled" type="Internal" value="false" visible="1"/><extension id="nev10167792n1-nev10168136n1"><phrase category="Faulttracing" id="nev10167792n1-nev10168127n1" phrase-urn="urn:x-nevis:phrase:0800c8af81b6b138">Hide</phrase></extension></node><node class="Components.ScriptComponent" id="nev10167792n1-nev10168137n1" nodeid="CloseScript" x="148" y="329"/><node class="Components.IdentifierComponent" id="nev10167792n1-nev10168138n1" nodeid="Read" x="234" y="20"><property class="Parameter" id="nev10167792n1-nev10168139n1" name="Engine speed" type="Out" value="" visible="1"/><extension id="nev10167792n1-nev10168140n1"><identifier ecu="284101" ecuMode="EcuType" id="nev10167792n1-nev10168141n1" read="9" type="REOFF" value="76"><parameter id="nev10167792n1-nev10168142n1" name="Engine speed" textid="4874"/></identifier></extension></node><node class="Components.Gui.ParameterLabel" id="nev10167792n1-nev10168143n1" nodeid="Label" x="368" y="48"><gui height="70" id="nev10167792n1-nev10168144n1" width="380" x="10" y="10"/><property class="Parameter" id="nev10167792n1-nev10168145n1" name="Parameter" type="In" value="" visible="1"/><property class="String" id="nev10167792n1-nev10168146n1" name="Title" type="In" value="" visible="1"/><property class="String" id="nev10167792n1-nev10168147n1" name="Value" type="In" value="" visible="1"/><property class="String" id="nev10167792n1-nev10168148n1" name="Unit" type="In" value="" visible="1"/></node><node class="Components.Repeater" id="nev10167792n1-nev10168149n1" nodeid="Iterator" x="115" y="88"/><node class="Components.VehComm" id="nev10167792n1-nev10168150n1" nodeid="StopDiagnosticSession" x="148" y="189"><property class="String" id="nev10167792n1-nev10168151n1" name="Mode" type="Internal" value="EcuType" visible="1"/><property class="Int" id="nev10167792n1-nev10168152n1" name="EcuType" type="In" value="284101" visible="0"/><property class="Int" id="nev10167792n1-nev10168153n1" name="ServiceId" type="In" value="27" visible="0"/><property class="String" id="nev10167792n1-nev10168154n1" name="EcuName" type="Out" value="" visible="1"/><property class="Response" id="nev10167792n1-nev10168155n1" name="Result" type="Out" value="" visible="1"/><extension id="nev10167792n1-nev10168156n1"/></node></nodes><handlers id="nev10167792n1-nev10168157n1"><eventhandler id="nev10167792n1-nev10168158n1" name="OnStart" node="Start"><call id="nev10167792n1-nev10168159n1" method="UpdateTitles" node="Read"/><call id="nev10167792n1-nev10168160n1" method="Start" node="Iterator"/></eventhandler><eventhandler id="nev10167792n1-nev10168161n1" name="OnRepeat" node="Iterator"><call id="nev10167792n1-nev10168162n1" method="Read" node="Read"/></eventhandler><eventhandler id="nev10167792n1-nev10168163n1" name="Click" node="Hide"><call id="nev10167792n1-nev10168164n1" method="Execute" node="StopDiagnosticSession"/><call id="nev10167792n1-nev10168165n1" method="CloseDialog" node="CloseScript"/></eventhandler><propertyhandler id="nev10167792n1-nev10168166n1" name="Engine speed" node="Read"><set id="nev10167792n1-nev10168167n1" node="Label" property="Parameter"/></propertyhandler></handlers></content></script>