<?xml version="1.0" encoding="UTF-8"?><servinfosub IE-ID="en-US0900c8af800db415" docno="VCC-098807" id="KC01142038" xml:lang="en-US">
<title>
<phrase category="" id="KC09294223" phrase-urn="urn:x-nevis:phrase:0800c8af826db95d">Faulty signal. #@#@#13#fault</phrase>
</title>
<diagnostic j2008use="1" paperuse="1" screenuse="1" type="test">
<testgrp IE-ID="en-US0900c8af800db415_KC01181770" id="KC01181770" j2008use="1" paperuse="1" resumable="1" screenuse="1" testgrp-id="node1" x="120" y="80">
<title>
<phrase category="" id="KC09294224" phrase-urn="urn:x-nevis:phrase:0800c8af826db96a">Fault-tracing i#@#@#5#ation</phrase>
</title>
<node>
<test1>
<test2>
<para>
<ptxt>
<phrase category="" id="KC09294225" phrase-urn="urn:x-nevis:phrase:0800c8af826db973">Control module #@#@#61#sent.</phrase>
</ptxt>
</para>
<grate>
<graphic id="KC09294226">
<href>0900c8af8005789#@#@#9#.jpeg</href>
</graphic>
</grate>
</test2>
</test1>
<question/>
<resact-grp>
<result button="cont" comp="button" highlight="0"/>
<action j2008use="1" paperuse="1" screenuse="1">
<ptxt>
<xref>
<ref id="KC09294228"/>
</xref>
</ptxt>
</action>
</resact-grp>
</node>
</testgrp>
<testgrp id="KC01181771" j2008use="1" paperuse="1" resumable="1" screenuse="1" testgrp-id="info2" x="320" y="80">
<title>
<phrase category="" id="KC09294229" phrase-urn="urn:x-nevis:phrase:0800c8af826db975">Fault-tracing i#@#@#5#ation</phrase>
</title>
<subcalloutnode>
<diagcallout>
<xref>
<ref id="KC09294230"/>
</xref>
</diagcallout>
<rescall-grp>
<result comp="string" highlight="0" op="eq" return="NEW TRY"/>
<calloutaction>
<ptxt>
<xref>
<ref id="KC09294231"/>
</xref>
</ptxt>
</calloutaction>
</rescall-grp>
<rescall-grp>
<result comp="string" highlight="0" op="eq" return="FAULT FOUND"/>
<calloutaction>
<return value="DONE"/>
</calloutaction>
</rescall-grp>
</subcalloutnode>
</testgrp>
</diagnostic>
</servinfosub>