<?xml version="1.0" encoding="UTF-8"?><servinfosub IE-ID="en-US0900c8af81a9d415" docno="VCC-161431" id="KC07203178" xml:lang="en-US">
<title>
<phrase category="" id="KC09561939" phrase-urn="urn:x-nevis:phrase:0800c8af8271f669">Faulty signal</phrase>
</title>
<diagnostic j2008use="1" paperuse="1" screenuse="1" type="test">
<testgrp IE-ID="en-US0900c8af81a9d415_KC07239156" id="KC07239156" j2008use="1" paperuse="1" resumable="1" screenuse="1" testgrp-id="node1" x="120" y="200">
<title>
<phrase category="" id="KC09561940" phrase-urn="urn:x-nevis:phrase:0800c8af8271f66a">Checking components </phrase>
</title>
<node>
<test1>
<test2>
<para>
<ptxt>
<phrase category="" id="KC09561941" phrase-urn="urn:x-nevis:phrase:0800c8af8271f66b">Check the exhau#@#@#21#kage.</phrase>
</ptxt>
</para>
<para>
<ptxt>
<phrase category="" id="KC09561942" phrase-urn="urn:x-nevis:phrase:0800c8af8271f66c">Check the cable#@#@#44#ound.</phrase>
</ptxt>
<ptxt>
<phrase category="" id="KC09561943" phrase-urn="urn:x-nevis:phrase:0800c8af8271f66d">Check between:</phrase>
</ptxt>
</para>
<list1 enumtype="d" type="unordered">
<item>
<ptxt>
<phrase category="" id="KC09561944" phrase-urn="urn:x-nevis:phrase:0800c8af8271f66e">The cable betwe#@#@#90#al #5</phrase>
</ptxt>
</item>
<item>
<ptxt>
<phrase category="" id="KC09561945" phrase-urn="urn:x-nevis:phrase:0800c8af8271f66f">The cable for p#@#@#107#al #6</phrase>
</ptxt>
</item>
<item>
<ptxt>
<phrase category="" id="KC09561946" phrase-urn="urn:x-nevis:phrase:0800c8af8271f670">The cable for c#@#@#116# #2. </phrase>
</ptxt>
</item>
</list1>
<para>
<ptxt>
<phrase category="" id="KC09561947" phrase-urn="urn:x-nevis:phrase:0800c8af8271f671">Check the cable#@#@#124#cuit.</phrase>
</ptxt>
</para>
<hint>
<ptxt>
<phrase category="" id="KC09561948" phrase-urn="urn:x-nevis:phrase:0800c8af8271f672">If the above fa#@#@#190#O2S).</phrase>
</ptxt>
</hint>
<para>
<ptxt>
<phrase category="" id="KC09561949" phrase-urn="urn:x-nevis:phrase:0800c8af8271f673">Remedy as necessary.</phrase>
</ptxt>
</para>
<list1 enumtype="d" type="unordered">
<title>
<phrase category="" id="KC09561950" phrase-urn="urn:x-nevis:phrase:0800c8af8271f674">Other information</phrase>
</title>
<item>
<ptxt>
<phrase category="" id="KC09561951" phrase-urn="urn:x-nevis:phrase:0800c8af8271f675">
<xref>
<ref id="KC09561952"/>
</xref>
</phrase>
</ptxt>
</item>
<item>
<ptxt>
<phrase category="" id="KC09561953" phrase-urn="urn:x-nevis:phrase:0800c8af8271f676">
<xref>
<ref id="KC09561954"/>
</xref>
</phrase>
</ptxt>
</item>
<item>
<ptxt>
<phrase category="" id="KC09561955" phrase-urn="urn:x-nevis:phrase:0800c8af8271f677">
<xref>
<ref id="KC09561956"/>
</xref>
</phrase>
</ptxt>
</item>
</list1>
<diaglist>
<dgraphic>
<dgraphic2>
<graphic id="KC09561957">
<href>0900c8af86c8681#@#@#9#.jpeg</href>
</graphic>
<smarttool active="press" id="KC09561958" toolname="XECM1008"/>
</dgraphic2>
</dgraphic>
<ditem>
<ditemtext>
<ptxt>
<phrase category="" id="KC09561959" phrase-urn="urn:x-nevis:phrase:0800c8af8271f678"/>
</ptxt>
</ditemtext>
</ditem>
</diaglist>
</test2>
</test1>
<question>
Select Continue.
</question>
<resact-grp>
<result button="cont" comp="button" highlight="0"/>
<action j2008use="1" paperuse="1" screenuse="1">
<ptxt>
<xref>
<ref id="KC09561961"/>
</xref>
</ptxt>
</action>
</resact-grp>
</node>
</testgrp>
<testgrp id="KC07239157" j2008use="1" paperuse="1" resumable="1" screenuse="1" testgrp-id="ecm-ver1" x="320" y="80">
<title>
<phrase category="" id="KC09561962" phrase-urn="urn:x-nevis:phrase:0800c8af8271f67a">Verification</phrase>
</title>
<subcalloutnode>
<diagcallout>
<xref>
<ref id="KC09561963"/>
</xref>
</diagcallout>
<rescall-grp>
<result comp="string" highlight="0" op="eq" return="VERIFICATION FAILED"/>
<calloutaction>
<ptxt>
<xref>
<ref id="KC09561964"/>
</xref>
</ptxt>
</calloutaction>
</rescall-grp>
<rescall-grp>
<result comp="string" highlight="0" op="eq" return="VERIFIED"/>
<calloutaction>
<return value="FAULT FOUND"/>
</calloutaction>
</rescall-grp>
</subcalloutnode>
</testgrp>
<testgrp id="KC07239158" j2008use="1" paperuse="1" resumable="1" screenuse="1" testgrp-id="info1" x="480" y="80">
<title>
<phrase category="" id="KC09561965" phrase-urn="urn:x-nevis:phrase:0800c8af8271f67b">Fault-tracing i#@#@#5#ation</phrase>
</title>
<subcalloutnode>
<diagcallout>
<xref>
<ref id="KC09561966"/>
</xref>
</diagcallout>
<rescall-grp>
<result comp="string" highlight="0" op="eq" return="FAULTTRACING FAILED"/>
<calloutaction>
<return value="FAULTTRACING FAILED"/>
</calloutaction>
</rescall-grp>
<rescall-grp>
<result comp="string" highlight="0" op="eq" return="NEW TRY"/>
<calloutaction>
<ptxt>
<xref>
<ref id="KC09561967"/>
</xref>
</ptxt>
</calloutaction>
</rescall-grp>
</subcalloutnode>
</testgrp>
</diagnostic>
</servinfosub>