<?xml version="1.0" encoding="UTF-8"?><servinfosub IE-ID="en-US0900c8af80876415" docno="VCC-096692" id="KC01134330" servinfosubId="nev20682316n1-nev20682316n2" servinfosubRes="0900c8af862b8a24" servinfosubRes2="urn:x-nevis:fragment:0900c8af80876415:0900c8af862b8a24#nev20682316n2" xml:lang="en-US">
<title>Additional heat#@#@#3#912-B</title>
<grate>
<graphic id="nev20682316n1-KC07314852">
<href>0900c8af8005aab#@#@#9#.jpeg</href>
</graphic>
<graphtext>
<para>
<title>Location in the car</title>
<ptxt>The heater is l#@#@#65#arch.</ptxt>
<ptxt>The timer is lo#@#@#120#on).
</ptxt>
</para>
</graphtext>
</grate>
<grate>
<graphic id="nev20682316n1-KC07314853">
<href>0900c8af8005aac#@#@#9#.jpeg</href>
</graphic>
<graphtext>
<para>
<title>Components</title>
<ptxt>1. Control module</ptxt>
<ptxt>2. Fan shroud</ptxt>
<ptxt>3. Heat exchanger</ptxt>
<ptxt>4. Fuel pump (FP)<ftnote>The fuel pump (#@#@#114#ater.</ftnote>
</ptxt>
<ptxt>5. Water pump</ptxt>
<ptxt>6. Outer temper#@#@#7#ensor</ptxt>
</para>
</graphtext>
</grate>
<grate>
<graphic id="nev20682316n1-KC07314854">
<href>0900c8af8005aad#@#@#9#.jpeg</href>
</graphic>
<graphtext>
<para>
<title>Heater components</title>
<ptxt>1. Coolant temp#@#@#9#ensor</ptxt>
<ptxt>2. Flame sensor</ptxt>
<ptxt>3. Overheat pro#@#@#13#ostat</ptxt>
<ptxt>4. Outer temper#@#@#7#ensor</ptxt>
<ptxt>5. Glow plug</ptxt>
</para>
</graphtext>
</grate>
<grate>
<graphic id="nev20682316n1-KC07314855" width="column">
<href>0900c8af800570c#@#@#9#.jpeg</href>
</graphic>
<graphtext>
<para>
<title>Timer type 4</title>
<ptxt>The timer only #@#@#50#ion. </ptxt>
</para>
</graphtext>
</grate>
</servinfosub>