<?xml version="1.0" encoding="UTF-8"?><diagnostic IE-ID="en-US0900c8af823e6415" docno="VCC-167407" id="KC09033290" type="test" xml:lang="en-US">
<title>
<phrase category="" id="KC09616815" phrase-urn="urn:x-nevis:phrase:0800c8af82726736">Verification</phrase>
</title>
<testgrp IE-ID="en-US0900c8af823e6415_KC09050074" id="KC09050074" j2008use="1" paperuse="1" resumable="1" screenuse="1" testgrp-id="verifnode" x="120" y="120">
<title>
<phrase category="" id="KC09616816" phrase-urn="urn:x-nevis:phrase:0800c8af82726737">Verification</phrase>
</title>
<node>
<test1>
<hint>
<ptxt>
<phrase category="" id="KC09616817" phrase-urn="urn:x-nevis:phrase:0800c8af82726738">After repairing#@#@#58#ixed.</phrase>
</ptxt>
</hint>
<diaglist>
<dgraphic>
<dgraphic1>
<graphic id="KC09616818">
<href>0900c8af80054d3#@#@#9#.jpeg</href>
</graphic>
</dgraphic1>
<dgraphic2>
<graphic id="KC09616819">
<href>0900c8af80054d7#@#@#9#.jpeg</href>
</graphic>
</dgraphic2>
</dgraphic>
<ditem>
<ptxt>
<phrase category="" id="KC09616820" phrase-urn="urn:x-nevis:phrase:0800c8af82726739">Ignition off</phrase>
</ptxt>
</ditem>
<ditem>
<ptxt>
<phrase category="" id="KC09616821" phrase-urn="urn:x-nevis:phrase:0800c8af8272673a">Reconnect the c#@#@#22# etc.</phrase>
</ptxt>
</ditem>
<ditem>
<ptxt>
<phrase category="" id="KC09616822" phrase-urn="urn:x-nevis:phrase:0800c8af8272673b">Start and warm #@#@#9#gine.</phrase>
</ptxt>
</ditem>
<ditem>
<ptxt>
<phrase category="" id="KC09616823" phrase-urn="urn:x-nevis:phrase:0800c8af8272673c">Read off the fu#@#@#23#gnal.</phrase>
</ptxt>
</ditem>
</diaglist>
<test2>
<para>
<ptxt>
<phrase category="" id="KC09616824" phrase-urn="urn:x-nevis:phrase:0800c8af8272673d">Check that the #@#@#142# off.</phrase>
</ptxt>
</para>
<diaglist>
<dgraphic>
<dgraphic2>
<graphic id="KC09616825">
<href>0900c8af86c8681#@#@#9#.jpeg</href>
</graphic>
<smarttool active="press" id="KC09616826" toolname="GECM2019"/>
</dgraphic2>
</dgraphic>
<ditem>
<ditemtext>
<ptxt>
<phrase category="" id="KC09616827" phrase-urn="urn:x-nevis:phrase:0800c8af8272673e"/>
</ptxt>
</ditemtext>
</ditem>
</diaglist>
</test2>
</test1>
<question>
Is the functio#@#@#1# OK?
</question>
<resact-grp>
<result button="yes" comp="button" highlight="0"/>
<action j2008use="1" paperuse="1" screenuse="1">
<return value="VERIFIED"/>
</action>
</resact-grp>
<resact-grp>
<result button="no" comp="button" highlight="0"/>
<action j2008use="1" paperuse="1" screenuse="1">
<return value="VERIFICATION FAILED"/>
</action>
</resact-grp>
</node>
</testgrp>
</diagnostic>