<?xml version="1.0" encoding="UTF-8"?><servinfosub IE-ID="en-US0900c8af8068411c" docno="VCC-038582" id="KC02018608" xml:lang="en-US">
<title>
<phrase category="" id="KC08372007" phrase-urn="urn:x-nevis:phrase:0800c8af81dc0a25">Calibration</phrase>
</title>
<diagnostic type="test">
<testgrp IE-ID="en-US0900c8af8068411c_KC02018609" id="KC02018609" j2008use="1" paperuse="1" resumable="1" screenuse="1" testgrp-id="calibration" x="120" y="80">
<title>
<phrase category="" id="KC08372008" phrase-urn="urn:x-nevis:phrase:0800c8af81dc0a26"/>
</title>
<subcalloutnode>
<diagcallout>
<xref>
<ref id="KC08372009"/>
</xref>
</diagcallout>
<rescall-grp>
<result comp="string" highlight="0" op="eq" return="DONE"/>
<calloutaction>
<return value="DONE"/>
</calloutaction>
</rescall-grp>
</subcalloutnode>
</testgrp>
</diagnostic>
</servinfosub>