<?xml version="1.0" encoding="UTF-8"?><servinfosub IE-ID="en-US0900c8af8014811c" docno="VCC-142930" id="KC01106525" xml:lang="en-US">
<title>Camshaft seal/v#@#@#37#acing</title>
<list1 enumtype="d" type="unordered">
<title>S60, V70 2000-,#@#@#13#/XC70</title>
<item>
<ptxt>For B5xx4T -200#@#@#2# see <xref>
<ref id="KC07566044"/>
</xref>
</ptxt>
</item>
<item>
<ptxt>For B5xx4T 2002#@#@#2# see <xref>
<ref id="KC07566045"/>
</xref>.</ptxt>
</item>
</list1>
<list1 enumtype="d" type="unordered">
<title>S60, V70 2000-</title>
<item>
<ptxt>For B5254T4, see <xref>
<ref id="KC07566046"/>
</xref>
</ptxt>
</item>
</list1>
<list1 enumtype="d" type="unordered">
<title>S80</title>
<item>
<ptxt>For B5xx4T -200#@#@#2# see <xref>
<ref id="KC07566047"/>
</xref>
</ptxt>
</item>
<item>
<ptxt>For B5xx4T 2002#@#@#2# see <xref>
<ref id="KC07566048"/>
</xref>
</ptxt>
</item>
<item>
<ptxt>For B6xx4T -199#@#@#2# see <xref>
<ref id="KC07566049"/>
</xref>
</ptxt>
</item>
<item>
<ptxt>For B6xx4S -199#@#@#2# see <xref>
<ref id="KC07566050"/>
</xref>
</ptxt>
</item>
<item>
<ptxt>For B6xx4S 2000#@#@#2# see <xref>
<ref id="KC07566051"/>
</xref>
</ptxt>
</item>
<item>
<ptxt>For B6xx4T 2000#@#@#2# see <xref>
<ref id="KC07566052"/>
</xref>
</ptxt>
</item>
<item>
<ptxt>For B6xx4T 2002#@#@#2# see <xref>
<ref id="KC07566053"/>
</xref>
</ptxt>
</item>
<item>
<ptxt>For B6xx4S 2002#@#@#2# see <xref>
<ref id="KC07566054"/>
</xref>.</ptxt>
</item>
</list1>
<list1 enumtype="d" type="unordered">
<title>XC90</title>
<item>
<ptxt>For B5xx4T, see <xref>
<ref id="KC07566055"/>
</xref>
</ptxt>
</item>
<item>
<ptxt>For B6xx4T, see <xref>
<ref id="KC07566056"/>
</xref>.</ptxt>
</item>
</list1>
<list1 enumtype="d" type="unordered">
<title>C70</title>
<item>
<ptxt>For B5xx4T -200#@#@#2# see <xref>
<ref id="KC07566057"/>
</xref>
</ptxt>
</item>
<item>
<ptxt>For B5xx4T 2003#@#@#2# see <xref>
<ref id="KC07566058"/>
</xref>.</ptxt>
</item>
</list1>
</servinfosub>