<?xml version="1.0" encoding="UTF-8"?><servinfosub IE-ID="en-US0900c8af8135a11c" docno="VCC-156196" id="KC03094326" xml:lang="en-US">
<title>
<phrase category="" id="KC07892302" phrase-urn="urn:x-nevis:phrase:0800c8af81c30296">Diagnostic trou#@#@#30#-E003</phrase>
</title>
<diagnostic type="condition">
<condgrp>
<condition type="condition">
<para>
<ptxt>
<phrase category="" id="KC07892303" phrase-urn="urn:x-nevis:phrase:0800c8af81c30297">The trailer mod#@#@#379#ted. </phrase>
</ptxt>
</para>
<note>
<ptxt>
<phrase category="" id="KC07892304" phrase-urn="urn:x-nevis:phrase:0800c8af81c30298">In the event of#@#@#445#de”) </phrase>
</ptxt>
</note>
</condition>
</condgrp>
<condgrp>
<condition type="substitution">
<list1 enumtype="d" type="unordered">
<item>
<ptxt>
<phrase category="" id="KC07892305" phrase-urn="urn:x-nevis:phrase:0800c8af81c30299">None.</phrase>
</ptxt>
</item>
</list1>
</condition>
<ps>
<list1 enumtype="d" type="unordered">
<item>
<ptxt>
<phrase category="" id="KC07892306" phrase-urn="urn:x-nevis:phrase:0800c8af81c3029a">Incorrect CAN c#@#@#115#are) </phrase>
</ptxt>
</item>
<item>
<ptxt>
<phrase category="" id="KC07892307" phrase-urn="urn:x-nevis:phrase:0800c8af81c3029b">Open-circuit in#@#@#107#CEM).</phrase>
</ptxt>
</item>
</list1>
</ps>
</condgrp>
<condgrp>
<condition type="symptom">
<list1 enumtype="d" type="unordered">
<item>
<ptxt>
<phrase category="" id="KC07892308" phrase-urn="urn:x-nevis:phrase:0800c8af81c3029c">Faulty function#@#@#13#amps.</phrase>
</ptxt>
</item>
</list1>
</condition>
</condgrp>
</diagnostic>
</servinfosub>