<?xml version="1.0" encoding="UTF-8"?><diagnostic IE-ID="en-US0900c8af800ae11c" docno="VCC-142950" id="KC01349322" type="test" xml:lang="en-US">
<title>
<phrase category="" id="KC09424253" phrase-urn="urn:x-nevis:phrase:0800c8af82704ec2">Verification</phrase>
</title>
<testgrp IE-ID="en-US0900c8af800ae11c_KC01349328" id="KC01349328" j2008use="1" paperuse="1" resumable="1" screenuse="1" testgrp-id="verifnode" x="240" y="120">
<title>
<phrase category="" id="KC09424254" phrase-urn="urn:x-nevis:phrase:0800c8af82704ec3">Verification</phrase>
</title>
<node>
<test1>
<hint>
<ptxt>
<phrase category="" id="KC09424255" phrase-urn="urn:x-nevis:phrase:0800c8af82704ec4">After carrying #@#@#50#died.</phrase>
</ptxt>
</hint>
<diaglist>
<dgraphic>
<dgraphic1>
<graphic id="KC09424256">
<href>0900c8af80054d5#@#@#9#.jpeg</href>
</graphic>
</dgraphic1>
<dgraphic2>
<graphic id="KC09424257">
<href>0900c8af80054d7#@#@#9#.jpeg</href>
</graphic>
</dgraphic2>
</dgraphic>
<ditem>
<ptxt>
<phrase category="" id="KC09424258" phrase-urn="urn:x-nevis:phrase:0800c8af82704ec5">Ignition off</phrase>
</ptxt>
</ditem>
<ditem>
<ptxt>
<phrase category="" id="KC09424259" phrase-urn="urn:x-nevis:phrase:0800c8af82704ec6">Reinstall the c#@#@#21# etc.</phrase>
</ptxt>
</ditem>
<ditem>
<ptxt>
<phrase category="" id="KC09424260" phrase-urn="urn:x-nevis:phrase:0800c8af82704ec7">Ignition on for#@#@#16#onds.</phrase>
</ptxt>
</ditem>
</diaglist>
<test2>
<para>
<ptxt>
<phrase category="" id="KC09424261" phrase-urn="urn:x-nevis:phrase:0800c8af82704ec8">Read off the co#@#@#77#mbol.</phrase>
</ptxt>
</para>
<diaglist>
<dgraphic>
<dgraphic2>
<graphic id="KC09424262">
<href>0900c8af86c8681#@#@#9#.jpeg</href>
</graphic>
<smarttool active="press" id="KC09424263" toolname="XMSUB003"/>
</dgraphic2>
</dgraphic>
<ditem>
<ditemtext>
<ptxt>
<phrase category="" id="KC09424264" phrase-urn="urn:x-nevis:phrase:0800c8af82704ec9"/>
</ptxt>
</ditemtext>
</ditem>
</diaglist>
</test2>
</test1>
<question>
Can the contro#@#@#20#off?
</question>
<resact-grp>
<result button="yes" comp="button" highlight="0"/>
<action j2008use="1" paperuse="1" screenuse="1">
<return value="VERIFIED"/>
</action>
</resact-grp>
<resact-grp>
<result button="no" comp="button" highlight="0"/>
<action j2008use="1" paperuse="1" screenuse="1">
<return value="VERIFICATION FAILED"/>
</action>
</resact-grp>
</node>
</testgrp>
</diagnostic>