<?xml version="1.0" encoding="UTF-8"?><servinfosub IE-ID="en-US0900c8af8811011c" docno="VCC-497417" id="nev26470699n1" original="sv-SE" servinfosubId="nev26470700n1-nev26470699n4" servinfosubRes="0900c8af8811d362" servinfosubRes2="urn:x-nevis:fragment:0900c8af8811011c:0900c8af8811d362#nev26470699n4" xml:lang="en-US">
<operationnumbers>
<operationnumber>25310-2</operationnumber>
</operationnumbers>
<title id="nev26470699n2">Urea tank, draining</title>
<toolitemtable id="nev26470700n1-nev29514092n3">
<table id="nev26470700n1-nev29514092n2">
<tgroup cols="2" id="nev26470700n1-nev29514092n1">
<colspec colname="COLSPEC0" colwidth="1.00*" id="nev26470700n1-nev29514392n100"/>
<colspec colname="COLSPEC1" colwidth="1.00*" id="nev26470700n1-nev29514392n99"/>
<thead id="nev26470700n1-nev29514392n98">
<row id="nev26470700n1-nev29514392n97">
<entry id="nev26470700n1-nev29514392n96" nameend="COLSPEC1" namest="COLSPEC0" valign="top">
<ptxt id="nev26470700n1-nev29514392n95">
<emph id="nev26470700n1-nev29514392n94">Special tools</emph>
</ptxt>
</entry>
</row>
</thead>
<tbody id="nev26470700n1-nev29514392n93">
<row id="nev26470700n1-nev29514392n92">
<entry id="nev26470700n1-nev29514392n91">
<graphic id="nev26470700n1-nev29514392n90">
<href>0900c8af87e78c2#@#@#9#.jpeg</href>
</graphic>
</entry>
<entry id="nev26470700n1-nev29514392n89">
<ptxt id="nev26470700n1-nev29514392n88">
<emph id="nev26470700n1-nev29514392n87">981 4237 Fluid #@#@#2#ainer</emph>
</ptxt>
<ptxt id="nev26470700n1-nev29514392n85">
<emph id="nev26470700n1-nev29514392n84">Tool number:</emph>981 4237</ptxt>
<ptxt id="nev26470700n1-nev29514392n83">
<emph id="nev26470700n1-nev29514392n82">Tool description:</emph>Fluid drainer</ptxt>
<ptxt id="nev26470700n1-nev29514392n80">
<emph id="nev26470700n1-nev29514392n79">Tool boards:</emph>20</ptxt>
</entry>
</row>
</tbody>
</tgroup>
</table>
</toolitemtable>
<procedure id="nev26470700n1-nev28344106n12">
<stepgrp boilerplate="false" context="" id="nev26470700n1-nev29514092n53">
<title id="nev26470700n1-0800c8af844a46fa">Drainage</title>
<procstep id="nev26470700n1-nev28344315n44">
<para id="nev26470700n1-nev29514092n51">
<ptxt id="nev26470700n1-nev29514092n52">See information#@#@#25# urea<xref boilerplate="true" id="nev26470700n1-0800c8af87ccbf7a">
<ref id="nev26470700n1-nev28351681n12"/>
</xref>
</ptxt>
</para>
</procstep>
<procstep id="nev26470700n1-nev28479123n23">
<title id="nev26470700n1-0800c8af87318402">Applies to XC90#@#@#2#odels</title>
</procstep>
<procstep id="nev26470700n1-nev28344315n43">
<para id="nev26470700n1-nev29514092n49">
<ptxt id="nev26470700n1-nev29514092n50">Remove the righ#@#@#7#wheel<xref boilerplate="true" id="nev26470700n1-0800c8af85beb25e">
<ref id="nev26470700n1-nev28344315n40"/>
</xref>
</ptxt>
</para>
</procstep>
<procstep id="nev26470700n1-nev28344315n38">
<grate id="nev26470700n1-nev29514092n47">
<graphic id="nev26470700n1-nev29514092n48">
<href>0900c8af867072e#@#@#9#.jpeg</href>
</graphic>
<graphtext id="nev26470700n1-nev29514406n1">
<para id="nev26470700n1-nev29514092n45">
<ptxt id="nev26470700n1-nev29514092n46">Remove the mark#@#@#13#ails.</ptxt>
</para>
</graphtext>
</grate>
</procstep>
<procstep id="nev26470700n1-nev28479399n51">
<grate id="nev26470700n1-nev29514092n43">
<graphic id="nev26470700n1-nev29514092n44">
<href>0900c8af87e102a#@#@#9#.jpeg</href>
</graphic>
<graphtext id="nev26470700n1-nev29514410n1">
<caution id="nev26470700n1-0800c8af844a4156">
<ptxt>Make sure that #@#@#63#rial.</ptxt>
</caution>
<para id="nev26470700n1-nev29514092n41">
<ptxt id="nev26470700n1-nev29514092n42">Undo the hoses #@#@#16#ions.</ptxt>
</para>
</graphtext>
</grate>
</procstep>
<procstep id="nev26470700n1-nev28733927n52">
<caution id="nev26470700n1-0800c8af844a416d">
<ptxt>Make sure that #@#@#65#cant.</ptxt>
</caution>
</procstep>
<procstep id="nev26470700n1-nev28344106n9">
<grate id="nev26470700n1-nev29514092n39">
<graphic id="nev26470700n1-nev29514092n40">
<href>0900c8af87d9507#@#@#9#.jpeg</href>
</graphic>
<graphtext id="nev26470700n1-nev29514414n1">
<caution id="nev26470700n1-0800c8af844a40d3">
<ptxt>Extreme cleanli#@#@#47#nent.</ptxt>
</caution>
<para id="nev26470700n1-nev29514092n37">
<ptxt id="nev26470700n1-nev29514092n38">Drain the reservoir.</ptxt>
</para>
<para id="nev26470700n1-nev29514092n35">
<ptxt id="nev26470700n1-nev29514092n36">
<toolitem boilerplate="true" id="nev26470700n1-nev28733927n64" imageid="0900c8af87e78c27"/>
</ptxt>
</para>
</graphtext>
</grate>
</procstep>
<procstep id="nev26470700n1-nev28479399n44">
<title id="nev26470700n1-0800c8af858bf0c7">Applies to all #@#@#9#icles</title>
</procstep>
<procstep id="nev26470700n1-nev29493979n55">
<para id="nev26470700n1-nev29514092n33">
<ptxt id="nev26470700n1-nev29514092n34">Remove right si#@#@#8#wheel<xref boilerplate="true" id="nev26470700n1-0800c8af84f23e23">
<ref id="nev26470700n1-nev29493979n52"/>
</xref>
</ptxt>
</para>
</procstep>
<procstep id="nev26470700n1-nev29493979n50">
<para id="nev26470700n1-nev29514092n31">
<ptxt id="nev26470700n1-nev29514092n32">Remove tank hatch<xref boilerplate="true" id="nev26470700n1-0800c8af84877a7a">
<ref id="nev26470700n1-nev29493979n47"/>
</xref>
</ptxt>
</para>
</procstep>
<procstep id="nev26470700n1-nev29514092n30">
<grate id="nev26470700n1-nev29514092n28">
<graphic id="nev26470700n1-nev29514092n29">
<href>0900c8af881181f#@#@#9#.jpeg</href>
</graphic>
<graphtext id="nev26470700n1-nev29514427n1">
<para id="nev26470700n1-nev29514092n26">
<ptxt id="nev26470700n1-nev29514092n27">Remove the screws.</ptxt>
</para>
<para id="nev26470700n1-nev29514092n22">
<ptxt id="nev26470700n1-nev29514092n24">
<torque id="nev26470700n1-nev29514092n25">
<ref id="nev26470700n1-nev29514092n23"/>
</torque>
</ptxt>
</para>
</graphtext>
</grate>
</procstep>
<procstep id="nev26470700n1-nev29514092n21">
<grate id="nev26470700n1-nev29514092n19">
<graphic id="nev26470700n1-nev29514092n20">
<href>0900c8af881181f#@#@#9#.jpeg</href>
</graphic>
<graphtext id="nev26470700n1-nev29514434n1">
<para id="nev26470700n1-nev29514092n17">
<ptxt id="nev26470700n1-nev29514092n18">Undo the hoses #@#@#16#ions.</ptxt>
</para>
<para id="nev26470700n1-nev29514092n15">
<ptxt id="nev26470700n1-nev29514092n16">Remove the mark#@#@#3#part.</ptxt>
</para>
</graphtext>
</grate>
</procstep>
<procstep id="nev26470700n1-nev29514092n14">
<grate id="nev26470700n1-nev29514092n12">
<graphic id="nev26470700n1-nev29514092n13">
<href>0900c8af8811d28#@#@#9#.jpeg</href>
</graphic>
<graphtext id="nev26470700n1-nev29514438n1">
<caution id="nev26470700n1-nev29514092n11">
<ptxt>Extreme cleanli#@#@#47#nent.</ptxt>
</caution>
<para id="nev26470700n1-nev29514092n9">
<ptxt id="nev26470700n1-nev29514092n10">Drain the reservoir.</ptxt>
</para>
<para id="nev26470700n1-nev29514092n6">
<ptxt id="nev26470700n1-nev29514092n8">
<toolitem boilerplate="true" id="nev26470700n1-nev29514092n7" imageid="0900c8af87e78c27"/>
</ptxt>
</para>
</graphtext>
</grate>
</procstep>
<procstep id="nev26470700n1-nev28733927n55">
<para id="nev26470700n1-nev29514092n4">
<ptxt id="nev26470700n1-nev29514092n5">Remove the Spec#@#@#4#Tool.</ptxt>
</para>
</procstep>
<procstep id="nev26470700n1-nev29210838n80">
<note id="nev26470700n1-0800c8af87f9ed16">
<ptxt>The fluid is no#@#@#10#used.</ptxt>
</note>
</procstep>
</stepgrp>
</procedure>
</servinfosub>