<?xml version="1.0" encoding="UTF-8"?><servinfosub IE-ID="en-US0900c8af8363320e" docno="VCC-293463" id="nev11869860n1" xml:lang="en-US">
<title>
<phrase category="" id="nev11869860n2" phrase-urn="urn:x-nevis:phrase:0800c8af82705963">Resetting the s#@#@#26#(SRI)</phrase>
</title>
<diagnostic j2008use="1" paperuse="1" screenuse="1" type="test">
<testgrp IE-ID="en-US0900c8af8363320e_nev11869860n3" id="nev11869860n3" j2008use="1" paperuse="1" resumable="1" screenuse="1" testgrp-id="readdtc" x="120" y="200">
<title>
<phrase category="" id="nev11869860n4" phrase-urn="urn:x-nevis:phrase:0800c8af82705964">Resetting the s#@#@#26#(SRI)</phrase>
</title>
<node>
<test1>
<diaglist>
<dgraphic>
<dgraphic1>
<graphic id="nev11869860n5">
<href>0900c8af80054d5#@#@#9#.jpeg</href>
</graphic>
</dgraphic1>
</dgraphic>
<ditem>
<ptxt>
<phrase category="" id="nev11869860n6" phrase-urn="urn:x-nevis:phrase:0800c8af82705965">Ignition on.</phrase>
</ptxt>
</ditem>
</diaglist>
<test2>
<para>
<ptxt>
<phrase category="" id="nev11869860n7" phrase-urn="urn:x-nevis:phrase:0800c8af82705966">Reset the servi#@#@#54#mbol.</phrase>
</ptxt>
</para>
<list1 enumtype="d" type="unordered">
<title>
<phrase category="" id="nev11869860n8" phrase-urn="urn:x-nevis:phrase:0800c8af82705967">Other information:</phrase>
</title>
<item>
<ptxt>
<phrase category="" id="nev11869860n9" phrase-urn="urn:x-nevis:phrase:0800c8af82705968">For further inf#@#@#9# see <xref>
<ref id="KC09432466"/>
</xref>. </phrase>
</ptxt>
</item>
</list1>
<diaglist>
<dgraphic>
<dgraphic2>
<graphic id="nev11869861n1">
<href>0900c8af86c8681#@#@#9#.jpeg</href>
</graphic>
<smarttool active="press" id="nev11869861n2" toolname="XDIMB201"/>
</dgraphic2>
</dgraphic>
<ditem>
<ditemtext>
<ptxt>
<phrase category="" id="nev11869861n3" phrase-urn="urn:x-nevis:phrase:0800c8af82705969"/>
</ptxt>
</ditemtext>
</ditem>
</diaglist>
</test2>
</test1>
<question>
Select Continue.
</question>
<resact-grp>
<result button="cont" comp="button" highlight="0"/>
<action j2008use="1" paperuse="0" screenuse="1">
<return value="DONE"/>
</action>
</resact-grp>
</node>
</testgrp>
</diagnostic>
</servinfosub>