<?xml version="1.0" encoding="UTF-8"?><servinfosub IE-ID="en-US0900c8af804a420e" docno="VCC-092748" id="KC01445393" xml:lang="en-US">
<title>
<phrase category="" id="KC08604411" phrase-urn="urn:x-nevis:phrase:0800c8af81de6801">Diagnostic trou#@#@#21#ation</phrase>
</title>
<diagnostic j2008use="1" paperuse="1" screenuse="1" type="condition">
<condgrp>
<condition type="condition">
<grate>
<graphic id="KC08604412">
<href>0900c8af80056da#@#@#9#.jpeg</href>
</graphic>
<graphtext>
<ptxt>
<phrase category="" id="KC08604413" phrase-urn="urn:x-nevis:phrase:0800c8af81de6802">The control mod#@#@#144#ored:</phrase>
</ptxt>
<list1 enumtype="d" type="unordered">
<item>
<ptxt>
<phrase category="" id="KC08604414" phrase-urn="urn:x-nevis:phrase:0800c8af81de6803">if there is a s#@#@#87#uits.</phrase>
</ptxt>
</item>
<item>
<ptxt>
<phrase category="" id="KC08604415" phrase-urn="urn:x-nevis:phrase:0800c8af81de6804">if the control #@#@#68#rect.</phrase>
</ptxt>
</item>
<item>
<ptxt>
<phrase category="" id="KC08604416" phrase-urn="urn:x-nevis:phrase:0800c8af81de6805">if the control #@#@#68#uits.</phrase>
</ptxt>
</item>
<item>
<ptxt>
<phrase category="" id="KC08604417" phrase-urn="urn:x-nevis:phrase:0800c8af81de6806">if there is a s#@#@#115#uit. </phrase>
</ptxt>
</item>
<item>
<ptxt>
<phrase category="" id="KC08604418" phrase-urn="urn:x-nevis:phrase:0800c8af81de6807">if the control #@#@#77#uits.</phrase>
</ptxt>
</item>
</list1>
</graphtext>
</grate>
</condition>
</condgrp>
<condgrp>
<condition type="substitution">
<list1 enumtype="d" type="unordered">
<item>
<ptxt>
<phrase category="" id="KC08604419" phrase-urn="urn:x-nevis:phrase:0800c8af81de6808">ABS system is b#@#@#2#cked.</phrase>
</ptxt>
</item>
<item>
<ptxt>
<phrase category="" id="KC08604420" phrase-urn="urn:x-nevis:phrase:0800c8af81de6809">TRACS system is#@#@#37#ly). </phrase>
</ptxt>
</item>
<item>
<ptxt>
<phrase category="" id="KC08604421" phrase-urn="urn:x-nevis:phrase:0800c8af81de680a">Anti-spin funct#@#@#10#cked.</phrase>
</ptxt>
</item>
<item>
<ptxt>
<phrase category="" id="KC08604422" phrase-urn="urn:x-nevis:phrase:0800c8af81de680b">The EBD functio#@#@#11#aged.</phrase>
</ptxt>
</item>
</list1>
</condition>
<ps>
<list1 enumtype="d" type="unordered">
<item>
<ptxt>
<phrase category="" id="KC08604423" phrase-urn="urn:x-nevis:phrase:0800c8af81de680c">Contact resista#@#@#12#nals.</phrase>
</ptxt>
</item>
<item>
<ptxt>
<phrase category="" id="KC08604424" phrase-urn="urn:x-nevis:phrase:0800c8af81de680d">Interference th#@#@#40#ons. </phrase>
</ptxt>
</item>
<item>
<ptxt>
<phrase category="" id="KC08604425" phrase-urn="urn:x-nevis:phrase:0800c8af81de680e">Internal fault #@#@#13#dule.</phrase>
</ptxt>
</item>
</list1>
</ps>
</condgrp>
<condgrp>
<condition type="symptom">
<list1 enumtype="d" type="unordered">
<item>
<ptxt>
<phrase category="" id="KC08604426" phrase-urn="urn:x-nevis:phrase:0800c8af81de680f">ABS warning lam#@#@#1# lit.</phrase>
</ptxt>
</item>
<item>
<ptxt>
<phrase category="" id="KC08604427" phrase-urn="urn:x-nevis:phrase:0800c8af81de6810">Anti-spin warni#@#@#7# lit.</phrase>
</ptxt>
</item>
<item>
<ptxt>
<phrase category="" id="KC08604428" phrase-urn="urn:x-nevis:phrase:0800c8af81de6811">Brake circuit n#@#@#28# lit.</phrase>
</ptxt>
</item>
<item>
<ptxt>
<phrase category="" id="KC08604429" phrase-urn="urn:x-nevis:phrase:0800c8af81de6812">No ABS function.</phrase>
</ptxt>
</item>
<item>
<ptxt>
<phrase category="" id="KC08604430" phrase-urn="urn:x-nevis:phrase:0800c8af81de6813">No TRACS system#@#@#28#nly).</phrase>
</ptxt>
</item>
<item>
<ptxt>
<phrase category="" id="KC08604431" phrase-urn="urn:x-nevis:phrase:0800c8af81de6814">Anti-spin does #@#@#8#tion.</phrase>
</ptxt>
</item>
</list1>
</condition>
</condgrp>
</diagnostic>
</servinfosub>