<?xml version="1.0" encoding="UTF-8"?><servinfosub IE-ID="en-US0900c8af862a720e" docno="VCC-166655" id="KC09012618" xml:lang="en-US">
<title id="nev10770152n1">Cover control s#@#@#11#acing</title>
<toolitemtable id="nev20671556n250">
<table id="nev20671556n249">
<tgroup cols="2" id="nev20671556n248">
<colspec colname="COLSPEC0" colwidth="1.00*" id="nev20671556n247"/>
<colspec colname="COLSPEC1" colwidth="1.00*" id="nev20671556n245"/>
<thead id="nev20671556n243">
<row id="nev20671556n242">
<entry id="nev20671556n241" morerows="0" nameend="COLSPEC1" namest="COLSPEC0" rotate="0" valign="top">
<ptxt id="nev20671556n240">
<emph etype="bold" id="nev20671556n239">Special tools</emph>
</ptxt>
</entry>
</row>
</thead>
<tbody id="nev20671556n238">
<row id="nev20671556n237">
<entry id="nev20671556n236" morerows="0" rotate="0"/>
<entry id="nev20671556n235" morerows="0" rotate="0">
<ptxt id="nev20671556n234">
<emph etype="bold" id="nev20671556n233">T9995477 JOINT #@#@#23#STEM)</emph>
</ptxt>
<ptxt id="nev20671556n232">
<emph etype="bold" id="nev20671556n231">Tool number: </emph>T9995477</ptxt>
<ptxt id="nev20671556n230">
<emph etype="bold" id="nev20671556n229">Tool description: </emph>JOINT WEDGE (CO#@#@#14#STEM)</ptxt>
<ptxt id="nev20671556n228">
<emph etype="bold" id="nev20671556n227">Tool boards: </emph>
</ptxt>
</entry>
</row>
</tbody>
</tgroup>
</table>
</toolitemtable>
<procedure id="nev10770152n3">
<stepgrp id="KC09036834">
<title id="nev10770152n9">Removal</title>
<procstep id="KC09036835" toc-include="yes">
<title id="nev10770152n11"/>
<para id="nev10770152n13">
<ptxt id="nev10770152n15">Remove the sub-#@#@#1#rame <xref boilerplate="true" id="nev10770152n17">
<ref id="KC09036844"/>
</xref>
</ptxt>
</para>
<note id="nev10770152n23">
<ptxt id="nev10770152n25">Leave the conta#@#@#57#oval.</ptxt>
</note>
</procstep>
<procstep id="KC09036836" toc-include="yes">
<title id="nev10770152n27">Removing level #@#@#13# plug</title>
<grate id="nev10770152n29">
<graphic id="KC09036845">
<href>0900c8af8204ad2#@#@#9#.jpeg</href>
</graphic>
<graphtext id="nev10770152n35">
<para id="nev10770152n37">
<ptxt id="nev10770152n39">Remove the inte#@#@#18#Torx.</ptxt>
</para>
</graphtext>
</grate>
<grate id="nev10770152n41">
<graphic id="KC09036846">
<href>0900c8af8204ad2#@#@#9#.jpeg</href>
</graphic>
<graphtext id="nev10770152n47">
<para id="nev10770152n49">
<ptxt id="nev10770152n51">Remove the drai#@#@#5#plug.</ptxt>
</para>
<list1 enumtype="d" id="nev10770152n53" type="unordered">
<title id="nev10770152n55">When the transm#@#@#11#mpty:</title>
<item id="nev10770152n57">
<ptxt id="nev10770152n59">use <emph etype="bold" id="nev10770152n61">new</emph> gaskets</ptxt>
</item>
<item id="nev10770152n63">
<ptxt id="nev10770152n65">lubricate the g#@#@#14#F-oil</ptxt>
</item>
<item id="nev10770152n67">
<ptxt id="nev10770152n69">tighten both<xref boilerplate="true" id="nev10770152n71">
<ref id="KC09036847"/>
</xref>
</ptxt>
</item>
</list1>
</graphtext>
</grate>
<grate id="nev10770152n76">
<graphic id="KC09036848">
<href>0900c8af8204ad1#@#@#9#.jpeg</href>
</graphic>
<graphtext id="nev10770152n82">
<hint id="nev10770152n84">
<ptxt id="nev10770152n86">To prevent leak#@#@#35#hole.</ptxt>
</hint>
</graphtext>
</grate>
</procstep>
<procstep id="KC09036837" toc-include="yes">
<title id="nev10770152n88">Removing the cover</title>
<grate id="nev10770152n90">
<graphic id="KC09036849">
<href>0900c8af8204ad1#@#@#9#.jpeg</href>
</graphic>
<graphtext id="nev10770152n96">
<para id="nev10770152n98">
<ptxt id="nev10770152n100">Remove torx TX40.</ptxt>
<ptxt id="nev10770152n102">Clean off any s#@#@#45#1.25.</ptxt>
</para>
</graphtext>
</grate>
</procstep>
<procstep id="KC09036838" toc-include="yes">
<title id="nev10770152n106">Removing the co#@#@#13#cover</title>
<grate id="nev10770152n120">
<graphic id="nev10770152n121">
<href>0900c8af8005ed4#@#@#9#.jpeg</href>
</graphic>
<graphtext id="nev10770160n24">
<para id="nev10770160n146">
<ptxt id="nev10770160n147">Remove the cover.</ptxt>
<ptxt id="nev10770161n140">Use joint wedge <toolitem id="nev10770162n134"/>, which is care#@#@#95#rped.</ptxt>
</para>
</graphtext>
</grate>
</procstep>
<procstep id="nev10770164n132" toc-include="yes">
<title id="nev10770164n133">Cleaning the cover</title>
<caution id="nev10770168n128">
<ptxt id="nev10770168n129">Ensure that no #@#@#26#sion.</ptxt>
</caution>
<para id="nev10770172n243">
<ptxt id="nev10770172n244">Clean gasket re#@#@#114#flat.</ptxt>
</para>
</procstep>
</stepgrp>
<stepgrp id="KC09036839">
<title id="nev10770152n122">Installation</title>
<procstep id="KC09036840" toc-include="yes">
<title id="nev10770152n124">Cleaning cover</title>
<grate id="nev10770152n126">
<graphic id="KC09036851">
<href>0900c8af8005dbb#@#@#9#.jpeg</href>
</graphic>
<graphtext id="nev10770152n132">
<para id="nev10770152n134">
<ptxt id="nev10770152n136">Wipe the cleane#@#@#67#panol</ptxt>
</para>
<para id="nev10770152n138">
<ptxt id="nev10770152n140">Apply a bead of#@#@#59#over.</ptxt>
<ptxt id="nev10770152n142">Also apply seal#@#@#22#oles.</ptxt>
</para>
</graphtext>
</grate>
</procstep>
<procstep id="KC09036841" toc-include="yes">
<title id="nev10770152n144">Installing cover</title>
<grate id="nev10770152n146">
<graphic id="KC09036852">
<href>0900c8af8204ad1#@#@#9#.jpeg</href>
</graphic>
<graphtext id="nev10770152n152">
<note id="nev10770152n154">
<ptxt id="nev10770152n156">Ensure that the#@#@#46#lled.</ptxt>
</note>
<para id="nev10770152n158">
<ptxt id="nev10770152n160">Use <emph etype="bold" id="nev10770152n162">new</emph> screws.</ptxt>
</para>
<list1 enumtype="d" id="nev10770152n164" type="unordered">
<title id="nev10770152n166">Tighten:</title>
<item id="nev10770152n168">
<ptxt id="nev10770152n170">alternately to #@#@#8#ntact</ptxt>
</item>
<item id="nev10770152n172">
<ptxt id="nev10770152n174">
<xref boilerplate="true" id="nev10770152n176">
<ref id="KC09036853"/>
</xref>
</ptxt>
</item>
</list1>
</graphtext>
</grate>
</procstep>
<procstep id="KC09036842" toc-include="yes">
<title id="nev10770152n181">Installing the #@#@#3#frame</title>
<para id="nev10770152n183">
<ptxt id="nev10770152n185">Install the sub#@#@#7#ront <xref boilerplate="true" id="nev10770152n187">
<ref id="KC09036854"/>
</xref>
</ptxt>
</para>
</procstep>
<procstep id="KC09036843" toc-include="yes">
<title id="nev10770152n193">Filling of oil</title>
<para id="nev10770152n195">
<ptxt id="nev10770152n197">Fill with oil<xref boilerplate="true" id="nev10770152n199">
<ref id="KC09036855"/>
</xref>
</ptxt>
</para>
</procstep>
</stepgrp>
</procedure>
</servinfosub>