<?xml version="1.0" encoding="UTF-8"?><servinfosub IE-ID="en-US0900c8af87b81005" docno="VCC-392404" id="nev15324111n1" original="sv-SE" servinfosubId="nev15324112n1-nev27302549n1" servinfosubRes="0900c8af87b8100d" servinfosubRes2="urn:x-nevis:fragment:0900c8af87b81005:0900c8af87b8100d#nev27302549n1" xml:lang="en-US">
<title id="nev15324111n2">Engine Oil</title>
<toolitemtable id="nev15324112n1-nev28016961n26">
<table id="nev15324112n1-nev28016961n25">
<tgroup cols="2" id="nev15324112n1-nev28016961n24">
<colspec colname="COLSPEC0" colwidth="1.00*" id="nev15324112n1-nev28016961n23"/>
<colspec colname="COLSPEC1" colwidth="1.00*" id="nev15324112n1-nev28016961n22"/>
<thead id="nev15324112n1-nev28016961n21">
<row id="nev15324112n1-nev28016961n20">
<entry id="nev15324112n1-nev28016961n19" nameend="COLSPEC1" namest="COLSPEC0" valign="top">
<ptxt id="nev15324112n1-nev28016961n18">
<emph id="nev15324112n1-nev28016961n17">Special tools</emph>
</ptxt>
</entry>
</row>
</thead>
<tbody id="nev15324112n1-nev28016961n16">
<row id="nev15324112n1-nev28016961n15">
<entry id="nev15324112n1-nev28016961n14">
<graphic id="nev15324112n1-nev28016961n13">
<href>0900c8af861695b#@#@#9#.jpeg</href>
</graphic>
</entry>
<entry id="nev15324112n1-nev28016961n12">
<ptxt id="nev15324112n1-nev28016961n11">
<emph id="nev15324112n1-nev28016961n10">999 7499 Spanner</emph>
</ptxt>
<ptxt id="nev15324112n1-nev28016961n8">
<emph id="nev15324112n1-nev28016961n7">Tool number:</emph>999 7499</ptxt>
<ptxt id="nev15324112n1-nev28016961n6">
<emph id="nev15324112n1-nev28016961n5">Tool description:</emph>Spanner</ptxt>
<ptxt id="nev15324112n1-nev28016961n3">
<emph id="nev15324112n1-nev28016961n2">Tool boards:</emph>20</ptxt>
</entry>
</row>
</tbody>
</tgroup>
</table>
</toolitemtable>
<procedure id="nev15324112n1-nev27302554n1">
<stepgrp boilerplate="false" context="" id="nev15324112n1-nev28016961n58">
<title id="nev15324112n1-0800c8af844a46f6">Removal</title>
<procstep id="nev15324112n1-nev27302554n4">
<note id="nev15324112n1-0800c8af844a42fa">
<ptxt>Removal steps i#@#@#45#ails.</ptxt>
</note>
</procstep>
<procstep id="nev15324112n1-nev27302554n7">
<grate id="nev15324112n1-nev28016961n56">
<graphic id="nev15324112n1-nev28016961n57">
<href>0900c8af861a72f#@#@#9#.jpeg</href>
</graphic>
<graphtext id="nev15324112n1-nev28017004n1">
<para id="nev15324112n1-nev28016961n54">
<ptxt id="nev15324112n1-nev28016961n55">Remove the mark#@#@#3#part.</ptxt>
</para>
</graphtext>
</grate>
</procstep>
<procstep id="nev15324112n1-nev27302554n10">
<para id="nev15324112n1-nev28016961n52">
<ptxt id="nev15324112n1-nev28016961n53">See information#@#@#21# body<xref boilerplate="true" id="nev15324112n1-0800c8af84650bad">
<ref id="nev15324112n1-nev27302555n5"/>
</xref>
</ptxt>
</para>
</procstep>
<procstep id="nev15324112n1-nev27302555n6">
<grate id="nev15324112n1-nev28016961n50">
<graphic id="nev15324112n1-nev28016961n51">
<href>0900c8af8504c8d#@#@#9#.jpeg</href>
</graphic>
<graphtext id="nev15324112n1-nev28017011n1">
<para id="nev15324112n1-nev28016961n48">
<ptxt id="nev15324112n1-nev28016961n49">Loosen the screws.</ptxt>
</para>
<para id="nev15324112n1-nev28016961n46">
<ptxt id="nev15324112n1-nev28016961n47">Remove the mark#@#@#3#part.</ptxt>
</para>
</graphtext>
</grate>
</procstep>
<procstep id="nev15324112n1-nev27302556n3">
<grate id="nev15324112n1-nev28016961n44">
<graphic id="nev15324112n1-nev28016961n45">
<href>0900c8af861a72f#@#@#9#.jpeg</href>
</graphic>
<graphtext id="nev15324112n1-nev28017015n1">
<warning id="nev15324112n1-0800c8af844a483e">
<ptxt>Hot fluid.</ptxt>
</warning>
<note id="nev15324112n1-0800c8af844a42f6">
<ptxt>Use a new seal.</ptxt>
</note>
<para id="nev15324112n1-nev28016961n42">
<ptxt id="nev15324112n1-nev28016961n43">
<torque id="nev15324112n1-nev27302515n75">
<ref id="nev15324112n1-nev27302515n73"/>
</torque>
</ptxt>
</para>
</graphtext>
</grate>
</procstep>
<procstep id="nev15324112n1-nev27302557n3">
<grate id="nev15324112n1-nev28016961n40">
<graphic id="nev15324112n1-nev28016961n41">
<href>0900c8af8619d9e#@#@#9#.jpeg</href>
</graphic>
<graphtext id="nev15324112n1-nev28017022n1">
<caution id="nev15324112n1-0800c8af844a4156">
<ptxt>Make sure that #@#@#63#rial.</ptxt>
</caution>
<para id="nev15324112n1-nev28016961n38">
<ptxt id="nev15324112n1-nev28016961n39">
<toolitem boilerplate="true" id="nev15324112n1-nev27302557n9" imageid="0900c8af861695b0"/>
</ptxt>
</para>
<para id="nev15324112n1-nev28016961n36">
<ptxt id="nev15324112n1-nev28016961n37">
<torque id="nev15324112n1-nev27302515n66">
<ref id="nev15324112n1-nev27302515n64"/>
</torque>
</ptxt>
</para>
</graphtext>
</grate>
</procstep>
<procstep id="nev15324112n1-nev27302558n4">
<grate id="nev15324112n1-nev28016961n34">
<graphic id="nev15324112n1-nev28016961n35">
<href>0900c8af861a6e0#@#@#9#.jpeg</href>
</graphic>
<graphtext id="nev15324112n1-nev28017032n1">
<note id="nev15324112n1-0800c8af844a42f6">
<ptxt>Use a new seal.</ptxt>
</note>
<para id="nev15324112n1-nev28016961n32">
<ptxt id="nev15324112n1-nev28016961n33">Remove the mark#@#@#3#part.</ptxt>
</para>
</graphtext>
</grate>
</procstep>
<procstep id="nev15324112n1-nev27302558n7">
<para id="nev15324112n1-nev28016961n30">
<ptxt id="nev15324112n1-nev28016961n31">Follow instruct#@#@#21#ngine<xref boilerplate="true" id="nev15324112n1-0800c8af84629ddc">
<ref id="nev15324112n1-nev27967449n49"/>
</xref>
</ptxt>
</para>
</procstep>
</stepgrp>
<stepgrp boilerplate="false" context="" id="nev15324112n1-nev28016961n29">
<title id="nev15324112n1-0800c8af844a46f9">Installation</title>
<procstep id="nev15324112n1-nev27302559n9">
<para id="nev15324112n1-nev28016961n27">
<ptxt id="nev15324112n1-nev28016961n28">To install, rev#@#@#22#dure.</ptxt>
</para>
</procstep>
</stepgrp>
</procedure>
</servinfosub>