<?xml version="1.0" encoding="UTF-8"?><script xmlns:nevis="http://www.volvocars.com/namespaces/processing" xmlns:xlink="http://www.w3.org/1999/xlink" IE-ID="en-US0900c8af81d60005" docno="VCC-235888" id="nev10108885n1" nevis:expl-profile="mdl644yr2000, mdl645yr2000, mdl644yr2003, mdl644yr2002, mdl645yr2002, mdl644yr2001, mdl644yr2004, mdl645yr2004, mdl645yr2003, mdl645yr2001" nevis:profile="urn:x-nevis:profile:0b00c8af802065ab urn:x-nevis:profile:0b00c8af802065ad urn:x-nevis:profile:0b00c8af802065af urn:x-nevis:profile:0b00c8af802065b3 urn:x-nevis:profile:0b00c8af802065b8 urn:x-nevis:profile:0b00c8af802065bf urn:x-nevis:profile:0b00c8af802065c5 urn:x-nevis:profile:0b00c8af802065ca urn:x-nevis:profile:0b00c8af802065cc urn:x-nevis:profile:0b00c8af802065e4" nevis:projectdocument="urn:x-nevis:projectdocument:0800c8af81d60004" nevis:resource="0900c8af81d60014" nevis:resource2="urn:x-nevis:fragment:0900c8af81d60005:0900c8af81d60014#nev10108885n1" nevis:session-id="" qualifierinfotype="14:00" type="" xml:lang="en-US"><title>Door switch bootlid</title><content gui="1" height="150" id="nev10108886n1-nev10108885n3" nevis:expl-profile="mdl644yr2000, mdl645yr2000, mdl644yr2003, mdl644yr2002, mdl645yr2002, mdl644yr2001, mdl644yr2004, mdl645yr2004, mdl645yr2003, mdl645yr2001" nevis:idfrom="nev10108886n1" nevis:prefix="nev10108886n1" nevis:profile="urn:x-nevis:profile:0b00c8af802065ab urn:x-nevis:profile:0b00c8af802065ad urn:x-nevis:profile:0b00c8af802065af urn:x-nevis:profile:0b00c8af802065b3 urn:x-nevis:profile:0b00c8af802065b8 urn:x-nevis:profile:0b00c8af802065bf urn:x-nevis:profile:0b00c8af802065c5 urn:x-nevis:profile:0b00c8af802065ca urn:x-nevis:profile:0b00c8af802065cc urn:x-nevis:profile:0b00c8af802065e4" nevis:resource="0900c8af81d60012" nevis:resource2="urn:x-nevis:fragment:0900c8af81d60005:0900c8af81d60012#nev10108885n3" width="400" xml:lang="en-US"><nodes id="nev10108886n1-nev10108888n1"><node class="Components.StartNode" id="nev10108886n1-nev10108889n1" nodeid="Start" x="17" y="58"/><node class="Components.Gui.ParameterLabel" id="nev10108886n1-nev10108890n1" nodeid="ParameterLabel1" x="362" y="47"><gui height="70" id="nev10108886n1-nev10108891n1" width="380" x="10" y="10"/><property class="Parameter" id="nev10108886n1-nev10108892n1" name="Parameter" type="In" value="" visible="1"/><property class="String" id="nev10108886n1-nev10108893n1" name="Title" type="In" value="" visible="1"/><property class="String" id="nev10108886n1-nev10108894n1" name="Value" type="In" value="" visible="1"/><property class="String" id="nev10108886n1-nev10108895n1" name="Unit" type="In" value="" visible="1"/></node><node class="Components.IdentifierComponent" id="nev10108886n1-nev10108896n1" nodeid="IdentifierComponent1" x="244" y="18"><property class="Parameter" id="nev10108886n1-nev10108897n1" name="Door switch, bootlid/tailgate" type="Out" value="" visible="1"/><extension id="nev10108886n1-nev10108898n1"><identifier ecu="366206" ecuMode="EcuType" id="nev10108886n1-nev10108899n1" read="9" type="REOFF" value="70"><parameter id="nev10108886n1-nev10108900n1" name="Door switch, bootlid/tailgate" textid="42865"/></identifier></extension></node><node class="Components.Repeater" id="nev10108886n1-nev10108901n1" nodeid="Iterator" x="122" y="77"/><node class="Components.ScriptButton" id="nev10108886n1-nev10108902n1" nodeid="Hide" x="21" y="253"><gui height="30" id="nev10108886n1-nev10108903n1" width="110" x="280" y="100"/><property class="String" id="nev10108886n1-nev10108904n1" name="Text" type="In" value="" visible="0"/><property class="String" id="nev10108886n1-nev10108905n1" name="StartDisabled" type="Internal" value="false" visible="1"/><extension id="nev10108886n1-nev10108906n1"><phrase category="Faulttracing" id="nev10108886n1-nev10108887n1" phrase-urn="urn:x-nevis:phrase:0800c8af81b6b138">Hide</phrase></extension></node><node class="Components.ScriptComponent" id="nev10108886n1-nev10108907n1" nodeid="CloseScript" x="195" y="344"/><node class="Components.VehComm" id="nev10108886n1-nev10108908n1" nodeid="StopDiagnosticSession" x="194" y="199"><property class="String" id="nev10108886n1-nev10108909n1" name="Mode" type="Internal" value="EcuType" visible="1"/><property class="Int" id="nev10108886n1-nev10108910n1" name="EcuType" type="In" value="366206" visible="0"/><property class="Int" id="nev10108886n1-nev10108911n1" name="ServiceId" type="In" value="27" visible="0"/><property class="String" id="nev10108886n1-nev10108912n1" name="EcuName" type="Out" value="" visible="1"/><property class="Response" id="nev10108886n1-nev10108913n1" name="Result" type="Out" value="" visible="1"/><extension id="nev10108886n1-nev10108914n1"/></node></nodes><handlers id="nev10108886n1-nev10108915n1"><eventhandler id="nev10108886n1-nev10108916n1" name="OnStart" node="Start"><call id="nev10108886n1-nev10108917n1" method="UpdateTitles" node="IdentifierComponent1"/><call id="nev10108886n1-nev10108918n1" method="Start" node="Iterator"/></eventhandler><eventhandler id="nev10108886n1-nev10108919n1" name="OnRepeat" node="Iterator"><call id="nev10108886n1-nev10108920n1" method="Read" node="IdentifierComponent1"/></eventhandler><eventhandler id="nev10108886n1-nev10108921n1" name="Click" node="Hide"><call id="nev10108886n1-nev10108922n1" method="Execute" node="StopDiagnosticSession"/><call id="nev10108886n1-nev10108923n1" method="CloseDialog" node="CloseScript"/></eventhandler><propertyhandler id="nev10108886n1-nev10108924n1" name="Door switch, bootlid/tailgate" node="IdentifierComponent1"><set id="nev10108886n1-nev10108925n1" node="ParameterLabel1" property="Parameter"/></propertyhandler></handlers></content></script>