<?xml version="1.0" encoding="UTF-8"?><servinfosub IE-ID="en-US0900c8af87236005" docno="VCC-419037" id="nev16428163n1" original="sv-SE" servinfosubId="nev16428164n1-nev24180032n1" servinfosubRes="0900c8af87236047" servinfosubRes2="urn:x-nevis:fragment:0900c8af87236005:0900c8af87236047#nev24180032n1" xml:lang="en-US">
<title id="nev16428163n2">Engine</title>
<toolitemtable id="nev16428164n1-nev24700284n68">
<table id="nev16428164n1-nev24700284n67">
<tgroup cols="2" id="nev16428164n1-nev24700284n66">
<colspec colname="COLSPEC0" colwidth="1.00*" id="nev16428164n1-nev24700284n65"/>
<colspec colname="COLSPEC1" colwidth="1.00*" id="nev16428164n1-nev24700284n64"/>
<thead id="nev16428164n1-nev24700284n63">
<row id="nev16428164n1-nev24700284n62">
<entry id="nev16428164n1-nev24700284n61" nameend="COLSPEC1" namest="COLSPEC0" valign="top">
<ptxt id="nev16428164n1-nev24700284n60">
<emph id="nev16428164n1-nev24700284n59">Special tools</emph>
</ptxt>
</entry>
</row>
</thead>
<tbody id="nev16428164n1-nev24700284n58">
<row id="nev16428164n1-nev24700284n57">
<entry id="nev16428164n1-nev24700284n56">
<graphic id="nev16428164n1-nev24700284n55">
<href>0900c8af8005441#@#@#9#.jpeg</href>
</graphic>
</entry>
<entry id="nev16428164n1-nev24700284n54">
<ptxt id="nev16428164n1-nev24700284n53">
<emph id="nev16428164n1-nev24700284n52">999 5543 Socket#@#@#24#nsor)</emph>
</ptxt>
<ptxt id="nev16428164n1-nev24700284n50">
<emph id="nev16428164n1-nev24700284n49">Tool number:</emph>999 5543</ptxt>
<ptxt id="nev16428164n1-nev24700284n48">
<emph id="nev16428164n1-nev24700284n47">Tool description:</emph>Socket NV-22 (h#@#@#15#nsor)</ptxt>
<ptxt id="nev16428164n1-nev24700284n45">
<emph id="nev16428164n1-nev24700284n44">Tool boards:</emph>20</ptxt>
</entry>
</row>
<row id="nev16428164n1-nev24700284n43">
<entry id="nev16428164n1-nev24700284n42">
<graphic id="nev16428164n1-nev24700284n41">
<href>0900c8af8721630#@#@#9#.jpeg</href>
</graphic>
</entry>
<entry id="nev16428164n1-nev24700284n40">
<ptxt id="nev16428164n1-nev24700284n39">
<emph id="nev16428164n1-nev24700284n38">999 7608 Counterhold</emph>
</ptxt>
<ptxt id="nev16428164n1-nev24700284n36">
<emph id="nev16428164n1-nev24700284n35">Tool number:</emph>999 7608</ptxt>
<ptxt id="nev16428164n1-nev24700284n34">
<emph id="nev16428164n1-nev24700284n33">Tool description:</emph>Counterhold</ptxt>
<ptxt id="nev16428164n1-nev24700284n31">
<emph id="nev16428164n1-nev24700284n30">Tool boards:</emph>40</ptxt>
</entry>
</row>
<row id="nev16428164n1-nev24700284n29">
<entry id="nev16428164n1-nev24700284n28">
<graphic id="nev16428164n1-nev24700284n27">
<href>0900c8af862b2fc#@#@#9#.jpeg</href>
</graphic>
</entry>
<entry id="nev16428164n1-nev24700284n26">
<ptxt id="nev16428164n1-nev24700284n25">
<emph id="nev16428164n1-nev24700284n24">999 5474 RADIAT#@#@#8#CTION</emph>
</ptxt>
<ptxt id="nev16428164n1-nev24700284n22">
<emph id="nev16428164n1-nev24700284n21">Tool number:</emph>999 5474</ptxt>
<ptxt id="nev16428164n1-nev24700284n20">
<emph id="nev16428164n1-nev24700284n19">Tool description:</emph>RADIATOR PROTECTION</ptxt>
<ptxt id="nev16428164n1-nev24700284n17">
<emph id="nev16428164n1-nev24700284n16">Tool boards:</emph>20</ptxt>
</entry>
</row>
<row id="nev16428164n1-nev24700284n15">
<entry id="nev16428164n1-nev24700284n14">
<graphic id="nev16428164n1-nev24700284n13">
<href>0900c8af861a70f#@#@#9#.jpeg</href>
</graphic>
</entry>
<entry id="nev16428164n1-nev24700284n12">
<ptxt id="nev16428164n1-nev24700284n11">
<emph id="nev16428164n1-nev24700284n10">999 7503 Lifting eye</emph>
</ptxt>
<ptxt id="nev16428164n1-nev24700284n8">
<emph id="nev16428164n1-nev24700284n7">Tool number:</emph>999 7503</ptxt>
<ptxt id="nev16428164n1-nev24700284n6">
<emph id="nev16428164n1-nev24700284n5">Tool description:</emph>Lifting eye</ptxt>
<ptxt id="nev16428164n1-nev24700284n3">
<emph id="nev16428164n1-nev24700284n2">Tool boards:</emph>21</ptxt>
</entry>
</row>
<row id="nev16428164n1-nev24700284n1">
<entry id="nev16428164n1-nev24700285n100">
<graphic id="nev16428164n1-nev24700285n99">
<href>0900c8af8005dce#@#@#9#.jpeg</href>
</graphic>
</entry>
<entry id="nev16428164n1-nev24700285n98">
<ptxt id="nev16428164n1-nev24700285n97">
<emph id="nev16428164n1-nev24700285n96">999 2810 LIFTIN#@#@#10#GINE)</emph>
</ptxt>
<ptxt id="nev16428164n1-nev24700285n94">
<emph id="nev16428164n1-nev24700285n93">Tool number:</emph>999 2810</ptxt>
<ptxt id="nev16428164n1-nev24700285n92">
<emph id="nev16428164n1-nev24700285n91">Tool description:</emph>LIFTING YOKE (E#@#@#1#GINE)</ptxt>
<ptxt id="nev16428164n1-nev24700285n89">
<emph id="nev16428164n1-nev24700285n88">Tool boards:</emph>21</ptxt>
</entry>
</row>
<row id="nev16428164n1-nev24700285n87">
<entry id="nev16428164n1-nev24700285n86">
<graphic id="nev16428164n1-nev24700285n85">
<href>0900c8af8005489#@#@#9#.jpeg</href>
</graphic>
</entry>
<entry id="nev16428164n1-nev24700285n84">
<ptxt id="nev16428164n1-nev24700285n83">
<emph id="nev16428164n1-nev24700285n82">999 5185 HOOK (#@#@#22#2810)</emph>
</ptxt>
<ptxt id="nev16428164n1-nev24700285n80">
<emph id="nev16428164n1-nev24700285n79">Tool number:</emph>999 5185</ptxt>
<ptxt id="nev16428164n1-nev24700285n78">
<emph id="nev16428164n1-nev24700285n77">Tool description:</emph>HOOK (LIFTING O#@#@#13#2810)</ptxt>
<ptxt id="nev16428164n1-nev24700285n75">
<emph id="nev16428164n1-nev24700285n74">Tool boards:</emph>21</ptxt>
</entry>
</row>
</tbody>
</tgroup>
</table>
</toolitemtable>
<procedure id="nev16428164n1-nev24180170n10">
<stepgrp boilerplate="false" context="" id="nev16428164n1-nev24700279n25">
<title id="nev16428164n1-0800c8af844a46f6">Removal</title>
<procstep id="nev16428164n1-nev24180171n3">
<note id="nev16428164n1-0800c8af844a42fa">
<ptxt>Removal steps i#@#@#45#ails.</ptxt>
</note>
</procstep>
<procstep id="nev16428164n1-nev24180171n6">
<para id="nev16428164n1-nev24700279n23">
<ptxt id="nev16428164n1-nev24700279n24">See information#@#@#32#ystem<xref boilerplate="true" id="nev16428164n1-0800c8af8476eede">
<ref id="nev16428164n1-nev24180172n1"/>
</xref>
</ptxt>
</para>
</procstep>
<procstep id="nev16428164n1-nev24180172n2">
<list1 boilerplate="true" context="remove" enumtype="b" id="nev16428164n1-nev24180172n3" type="unordered">
<item id="nev16428164n1-nev24700279n22">
<ptxt id="nev16428164n1-nev24700279n21">air cleaner (AC#@#@#5#using<xref boilerplate="true" id="nev16428164n1-0800c8af8451d44f">
<ref id="nev16428164n1-nev24180172n8"/>
</xref>
</ptxt>
</item>
<item id="nev16428164n1-nev24700279n20">
<ptxt id="nev16428164n1-nev24700279n19">Battery Control#@#@#14# BCSM<xref boilerplate="true" id="nev16428164n1-0800c8af868fdbdd">
<ref id="nev16428164n1-nev24180173n3"/>
</xref>
</ptxt>
</item>
<item id="nev16428164n1-nev24700279n18">
<ptxt id="nev16428164n1-nev24700279n17">Support battery<xref boilerplate="true" id="nev16428164n1-0800c8af8567b4ba">
<ref id="nev16428164n1-nev24180173n8"/>
</xref>
</ptxt>
</item>
</list1>
</procstep>
<procstep id="nev16428164n1-nev24180173n9">
<grate id="nev16428164n1-nev24700279n15">
<graphic id="nev16428164n1-nev24700279n16">
<href>0900c8af866bb7b#@#@#9#.jpeg</href>
</graphic>
<graphtext id="nev16428164n1-nev24700319n1">
<para id="nev16428164n1-nev24700279n13">
<ptxt id="nev16428164n1-nev24700279n14">Remove the mark#@#@#3#part.</ptxt>
</para>
</graphtext>
</grate>
</procstep>
<procstep id="nev16428164n1-nev24180174n6">
<grate id="nev16428164n1-nev24700279n11">
<graphic id="nev16428164n1-nev24700279n12">
<href>0900c8af86a7130#@#@#9#.jpeg</href>
</graphic>
<graphtext id="nev16428164n1-nev24700323n1">
<para id="nev16428164n1-nev24700279n9">
<ptxt id="nev16428164n1-nev24700279n10">Remove the mark#@#@#3#part.</ptxt>
</para>
</graphtext>
</grate>
</procstep>
<procstep id="nev16428164n1-nev24180175n3">
<grate id="nev16428164n1-nev24700279n7">
<graphic id="nev16428164n1-nev24700279n8">
<href>0900c8af8677a02#@#@#9#.jpeg</href>
</graphic>
<graphtext id="nev16428164n1-nev24700327n1">
<para id="nev16428164n1-nev24700279n5">
<ptxt id="nev16428164n1-nev24700279n6">Release the catches.</ptxt>
</para>
<para id="nev16428164n1-nev24700279n3">
<ptxt id="nev16428164n1-nev24700279n4">Remove the mark#@#@#3#part.</ptxt>
</para>
</graphtext>
</grate>
</procstep>
<procstep id="nev16428164n1-nev24180176n3">
<grate id="nev16428164n1-nev24700279n1">
<graphic id="nev16428164n1-nev24700279n2">
<href>0900c8af8677a03#@#@#9#.jpeg</href>
</graphic>
<graphtext id="nev16428164n1-nev24700331n1">
<para id="nev16428164n1-nev24700280n99">
<ptxt id="nev16428164n1-nev24700280n100">Remove the nut.</ptxt>
</para>
<para id="nev16428164n1-nev24700280n97">
<ptxt id="nev16428164n1-nev24700280n98">
<torque id="nev16428164n1-nev24180177n2">
<ref id="nev16428164n1-nev24180177n3"/>
</torque>
</ptxt>
</para>
</graphtext>
</grate>
</procstep>
<procstep id="nev16428164n1-nev24180177n4">
<grate id="nev16428164n1-nev24700280n95">
<graphic id="nev16428164n1-nev24700280n96">
<href>0900c8af867d691#@#@#9#.jpeg</href>
</graphic>
<graphtext id="nev16428164n1-nev24700338n1">
<para id="nev16428164n1-nev24700280n93">
<ptxt id="nev16428164n1-nev24700280n94">Release the locks.</ptxt>
</para>
<para id="nev16428164n1-nev24700280n91">
<ptxt id="nev16428164n1-nev24700280n92">Loosen the mark#@#@#13#ails.</ptxt>
</para>
</graphtext>
</grate>
</procstep>
<procstep id="nev16428164n1-nev24180178n4">
<grate id="nev16428164n1-nev24700280n89">
<graphic id="nev16428164n1-nev24700280n90">
<href>0900c8af867d691#@#@#9#.jpeg</href>
</graphic>
<graphtext id="nev16428164n1-nev24700342n1">
<para id="nev16428164n1-nev24700280n87">
<ptxt id="nev16428164n1-nev24700280n88">Release the con#@#@#10#atch.</ptxt>
</para>
<para id="nev16428164n1-nev24700280n85">
<ptxt id="nev16428164n1-nev24700280n86">Disconnect the #@#@#5#ctor.</ptxt>
</para>
</graphtext>
</grate>
</procstep>
<procstep id="nev16428164n1-nev24180179n4">
<grate id="nev16428164n1-nev24700280n83">
<graphic id="nev16428164n1-nev24700280n84">
<href>0900c8af867d691#@#@#9#.jpeg</href>
</graphic>
<graphtext id="nev16428164n1-nev24700346n1">
<para id="nev16428164n1-nev24700280n81">
<ptxt id="nev16428164n1-nev24700280n82">Fold marked par#@#@#3#side.</ptxt>
</para>
</graphtext>
</grate>
</procstep>
<procstep id="nev16428164n1-nev24180180n1">
<grate id="nev16428164n1-nev24700280n79">
<graphic id="nev16428164n1-nev24700280n80">
<href>0900c8af86aa05f#@#@#9#.jpeg</href>
</graphic>
<graphtext id="nev16428164n1-nev24700350n1">
<para id="nev16428164n1-nev24700280n77">
<ptxt id="nev16428164n1-nev24700280n78">Release the catches.</ptxt>
</para>
<para id="nev16428164n1-nev24700280n75">
<ptxt id="nev16428164n1-nev24700280n76">Fold marked par#@#@#3#side.</ptxt>
</para>
</graphtext>
</grate>
</procstep>
<procstep id="nev16428164n1-nev24180181n1">
<grate id="nev16428164n1-nev24700280n73">
<graphic id="nev16428164n1-nev24700280n74">
<href>0900c8af86aa045#@#@#9#.jpeg</href>
</graphic>
<graphtext id="nev16428164n1-nev24700354n1">
<para id="nev16428164n1-nev24700280n71">
<ptxt id="nev16428164n1-nev24700280n72">Remove the screws.</ptxt>
</para>
<para id="nev16428164n1-nev24700280n69">
<ptxt id="nev16428164n1-nev24700280n70">
<torque id="nev16428164n1-nev24180181n10">
<ref id="nev16428164n1-nev24180182n1"/>
</torque>
</ptxt>
</para>
<para id="nev16428164n1-nev24700280n67">
<ptxt id="nev16428164n1-nev24700280n68">Remove the mark#@#@#3#part.</ptxt>
</para>
</graphtext>
</grate>
</procstep>
<procstep id="nev16428164n1-nev24180182n5">
<grate id="nev16428164n1-nev24700280n65">
<graphic id="nev16428164n1-nev24700280n66">
<href>0900c8af8692491#@#@#9#.jpeg</href>
</graphic>
<graphtext id="nev16428164n1-nev24700361n1">
<para id="nev16428164n1-nev24700280n63">
<ptxt id="nev16428164n1-nev24700280n64">Release the locks.</ptxt>
</para>
<para id="nev16428164n1-nev24700280n61">
<ptxt id="nev16428164n1-nev24700280n62">Fold marked par#@#@#3#side.</ptxt>
</para>
</graphtext>
</grate>
</procstep>
<procstep id="nev16428164n1-nev24180183n5">
<grate id="nev16428164n1-nev24700280n59">
<graphic id="nev16428164n1-nev24700280n60">
<href>0900c8af8692491#@#@#9#.jpeg</href>
</graphic>
<graphtext id="nev16428164n1-nev24700365n1">
<para id="nev16428164n1-nev24700280n57">
<ptxt id="nev16428164n1-nev24700280n58">Remove the nut.</ptxt>
</para>
<para id="nev16428164n1-nev24700280n55">
<ptxt id="nev16428164n1-nev24700280n56">
<torque id="nev16428164n1-nev24180184n4">
<ref id="nev16428164n1-nev24180184n5"/>
</torque>
</ptxt>
</para>
<para id="nev16428164n1-nev24700280n53">
<ptxt id="nev16428164n1-nev24700280n54">Fold marked par#@#@#3#side.</ptxt>
</para>
</graphtext>
</grate>
</procstep>
<procstep id="nev16428164n1-nev24180184n9">
<grate id="nev16428164n1-nev24700280n51">
<graphic id="nev16428164n1-nev24700280n52">
<href>0900c8af8692491#@#@#9#.jpeg</href>
</graphic>
<graphtext id="nev16428164n1-nev24700372n1">
<para id="nev16428164n1-nev24700280n49">
<ptxt id="nev16428164n1-nev24700280n50">Release the lock.</ptxt>
</para>
<para id="nev16428164n1-nev24700280n47">
<ptxt id="nev16428164n1-nev24700280n48">Remove the mark#@#@#3#part.</ptxt>
</para>
</graphtext>
</grate>
</procstep>
<procstep id="nev16428164n1-nev24180185n9">
<grate id="nev16428164n1-nev24700280n45">
<graphic id="nev16428164n1-nev24700280n46">
<href>0900c8af86aa9d5#@#@#9#.jpeg</href>
</graphic>
<graphtext id="nev16428164n1-nev24700376n1">
<para id="nev16428164n1-nev24700280n43">
<ptxt id="nev16428164n1-nev24700280n44">Fold marked par#@#@#3#side.</ptxt>
</para>
</graphtext>
</grate>
</procstep>
<procstep id="nev16428164n1-nev24180186n6">
<grate id="nev16428164n1-nev24700280n41">
<graphic id="nev16428164n1-nev24700280n42">
<href>0900c8af8691eb1#@#@#9#.jpeg</href>
</graphic>
<graphtext id="nev16428164n1-nev24700380n1">
<para id="nev16428164n1-nev24700280n39">
<ptxt id="nev16428164n1-nev24700280n40">Remove the screw.</ptxt>
</para>
<para id="nev16428164n1-nev24700280n37">
<ptxt id="nev16428164n1-nev24700280n38">
<torque id="nev16428164n1-nev24180187n5">
<ref id="nev16428164n1-nev24180187n6"/>
</torque>
</ptxt>
</para>
</graphtext>
</grate>
</procstep>
<procstep id="nev16428164n1-nev24180187n7">
<grate id="nev16428164n1-nev24700280n35">
<graphic id="nev16428164n1-nev24700280n36">
<href>0900c8af8692491#@#@#9#.jpeg</href>
</graphic>
<graphtext id="nev16428164n1-nev24700387n1">
<para id="nev16428164n1-nev24700280n33">
<ptxt id="nev16428164n1-nev24700280n34">Loosen the clips.</ptxt>
</para>
<para id="nev16428164n1-nev24700280n31">
<ptxt id="nev16428164n1-nev24700280n32">Remove the screw.</ptxt>
</para>
<para id="nev16428164n1-nev24700280n29">
<ptxt id="nev16428164n1-nev24700280n30">
<torque id="nev16428164n1-nev24180188n9">
<ref id="nev16428164n1-nev24180188n10"/>
</torque>
</ptxt>
</para>
</graphtext>
</grate>
</procstep>
<procstep id="nev16428164n1-nev24180189n1">
<para id="nev16428164n1-nev24700280n27">
<ptxt id="nev16428164n1-nev24700280n28">Remove the engi#@#@#18#(ECM)<xref boilerplate="true" id="nev16428164n1-0800c8af84563f79">
<ref id="nev16428164n1-nev24180189n6"/>
</xref>
</ptxt>
</para>
</procstep>
<procstep id="nev16428164n1-nev24180189n7">
<grate id="nev16428164n1-nev24700280n25">
<graphic id="nev16428164n1-nev24700280n26">
<href>0900c8af86a9098#@#@#9#.jpeg</href>
</graphic>
<graphtext id="nev16428164n1-nev24700397n1">
<para id="nev16428164n1-nev24700280n23">
<ptxt id="nev16428164n1-nev24700280n24">Remove the screws.</ptxt>
</para>
<para id="nev16428164n1-nev24700280n21">
<ptxt id="nev16428164n1-nev24700280n22">
<torque id="nev16428164n1-nev24180190n6">
<ref id="nev16428164n1-nev24180190n7"/>
</torque>
</ptxt>
</para>
<para id="nev16428164n1-nev24700280n19">
<ptxt id="nev16428164n1-nev24700280n20">Loosen the wiri#@#@#29#side.</ptxt>
</para>
<para id="nev16428164n1-nev24700280n17">
<ptxt id="nev16428164n1-nev24700280n18">Remove the mark#@#@#3#part.</ptxt>
</para>
</graphtext>
</grate>
</procstep>
<procstep id="nev16428164n1-nev24180191n4">
<grate id="nev16428164n1-nev24700280n15">
<graphic id="nev16428164n1-nev24700280n16">
<href>0900c8af86a9098#@#@#9#.jpeg</href>
</graphic>
<graphtext id="nev16428164n1-nev24700404n1">
<para id="nev16428164n1-nev24700280n13">
<ptxt id="nev16428164n1-nev24700280n14">Remove the screw.</ptxt>
</para>
<para id="nev16428164n1-nev24700280n11">
<ptxt id="nev16428164n1-nev24700280n12">
<torque id="nev16428164n1-nev24180192n3">
<ref id="nev16428164n1-nev24180192n4"/>
</torque>
</ptxt>
</para>
<para id="nev16428164n1-nev24700280n9">
<ptxt id="nev16428164n1-nev24700280n10">Fold marked par#@#@#3#side.</ptxt>
</para>
</graphtext>
</grate>
</procstep>
<procstep id="nev16428164n1-nev24180192n8">
<grate id="nev16428164n1-nev24700280n7">
<graphic id="nev16428164n1-nev24700280n8">
<href>0900c8af86aaa5c#@#@#9#.jpeg</href>
</graphic>
<graphtext id="nev16428164n1-nev24700411n1">
<para id="nev16428164n1-nev24700280n5">
<ptxt id="nev16428164n1-nev24700280n6">Remove the screw.</ptxt>
</para>
<para id="nev16428164n1-nev24700280n3">
<ptxt id="nev16428164n1-nev24700280n4">
<torque id="nev16428164n1-nev24180193n7">
<ref id="nev16428164n1-nev24180193n8"/>
</torque>
</ptxt>
</para>
</graphtext>
</grate>
</procstep>
<procstep id="nev16428164n1-nev24180193n9">
<grate id="nev16428164n1-nev24700280n1">
<graphic id="nev16428164n1-nev24700280n2">
<href>0900c8af86aaa5b#@#@#9#.jpeg</href>
</graphic>
<graphtext id="nev16428164n1-nev24700418n1">
<para id="nev16428164n1-nev24700281n99">
<ptxt id="nev16428164n1-nev24700281n100">Remove the nut.</ptxt>
</para>
<para id="nev16428164n1-nev24700281n97">
<ptxt id="nev16428164n1-nev24700281n98">
<torque id="nev16428164n1-nev24180194n8">
<ref id="nev16428164n1-nev24180194n9"/>
</torque>
</ptxt>
</para>
</graphtext>
</grate>
</procstep>
<procstep id="nev16428164n1-nev24180194n10">
<grate id="nev16428164n1-nev24700281n95">
<graphic id="nev16428164n1-nev24700281n96">
<href>0900c8af86aaa67#@#@#9#.jpeg</href>
</graphic>
<graphtext id="nev16428164n1-nev24700425n1">
<para id="nev16428164n1-nev24700281n93">
<ptxt id="nev16428164n1-nev24700281n94">Remove the mark#@#@#3#part.</ptxt>
</para>
<hint id="nev16428164n1-0800c8af861c7272">
<ptxt>It may be neces#@#@#31#nent.</ptxt>
</hint>
</graphtext>
</grate>
</procstep>
<procstep id="nev16428164n1-nev24180195n9">
<grate id="nev16428164n1-nev24700281n91">
<graphic id="nev16428164n1-nev24700281n92">
<href>0900c8af86aaa67#@#@#9#.jpeg</href>
</graphic>
<graphtext id="nev16428164n1-nev24700429n1">
<para id="nev16428164n1-nev24700281n89">
<ptxt id="nev16428164n1-nev24700281n90">Fold marked par#@#@#3#side.</ptxt>
</para>
</graphtext>
</grate>
</procstep>
<procstep id="nev16428164n1-nev24180196n6">
<list1 boilerplate="true" context="remove" enumtype="b" id="nev16428164n1-nev24180196n7" type="unordered">
<item id="nev16428164n1-nev24700281n88">
<ptxt id="nev16428164n1-nev24700281n87">Secondary Bulkh#@#@#7#el RH<xref boilerplate="true" id="nev16428164n1-0800c8af8451d83b">
<ref id="nev16428164n1-nev24180197n2"/>
</xref>
</ptxt>
</item>
<item id="nev16428164n1-nev24700281n86">
<ptxt id="nev16428164n1-nev24700281n85">lambda probe, front<xref boilerplate="true" id="nev16428164n1-0800c8af8679fb0e">
<ref id="nev16428164n1-nev24180197n7"/>
</xref>
</ptxt>
</item>
</list1>
</procstep>
<procstep id="nev16428164n1-nev24180197n8">
<grate id="nev16428164n1-nev24700281n83">
<graphic id="nev16428164n1-nev24700281n84">
<href>0900c8af8679fa4#@#@#9#.jpeg</href>
</graphic>
<graphtext id="nev16428164n1-nev24700439n1">
<para id="nev16428164n1-nev24700281n81">
<ptxt id="nev16428164n1-nev24700281n82">Disconnect the #@#@#5#ctor.</ptxt>
</para>
<para id="nev16428164n1-nev24700281n79">
<ptxt id="nev16428164n1-nev24700281n80">Loosen the clip.</ptxt>
</para>
<para id="nev16428164n1-nev24700281n77">
<ptxt id="nev16428164n1-nev24700281n78">Remove the mark#@#@#3#part.</ptxt>
</para>
<para id="nev16428164n1-nev24700281n75">
<ptxt id="nev16428164n1-nev24700281n76">
<toolitem boilerplate="true" id="nev16428164n1-nev24180199n3" imageid="0900c8af80054418"/>
</ptxt>
</para>
<para id="nev16428164n1-nev24700281n73">
<ptxt id="nev16428164n1-nev24700281n74">
<torque id="nev16428164n1-nev24180199n6">
<ref id="nev16428164n1-nev24180199n7"/>
</torque>
</ptxt>
</para>
</graphtext>
</grate>
</procstep>
<procstep id="nev16428164n1-nev24180199n8">
<grate id="nev16428164n1-nev24700281n71">
<graphic id="nev16428164n1-nev24700281n72">
<href>0900c8af86a5884#@#@#9#.jpeg</href>
</graphic>
<graphtext id="nev16428164n1-nev24700449n1">
<para id="nev16428164n1-nev24700281n69">
<ptxt id="nev16428164n1-nev24700281n70">Undo the hoses #@#@#16#ions.</ptxt>
</para>
<para id="nev16428164n1-nev24700281n67">
<ptxt id="nev16428164n1-nev24700281n68">Loosen the clips.</ptxt>
</para>
<para id="nev16428164n1-nev24700281n65">
<ptxt id="nev16428164n1-nev24700281n66">Fold marked par#@#@#3#side.</ptxt>
</para>
</graphtext>
</grate>
</procstep>
<procstep id="nev16428164n1-nev24180201n1">
<list1 boilerplate="true" context="remove" enumtype="b" id="nev16428164n1-nev24180201n2" type="unordered">
<item id="nev16428164n1-nev24700281n64">
<ptxt id="nev16428164n1-nev24700281n63">Driveshaft left<xref boilerplate="true" id="nev16428164n1-0800c8af84565ed4">
<ref id="nev16428164n1-nev24180201n7"/>
</xref>
</ptxt>
</item>
<item id="nev16428164n1-nev24700281n62">
<ptxt id="nev16428164n1-nev24700281n61">Drive shaft right<xref boilerplate="true" id="nev16428164n1-0800c8af84565ee8">
<ref id="nev16428164n1-nev24180202n2"/>
</xref>
</ptxt>
</item>
<item id="nev16428164n1-nev24700281n60">
<ptxt id="nev16428164n1-nev24700281n59">Engine Rear Low#@#@#18#or RH<xref boilerplate="true" id="nev16428164n1-0800c8af84777bf1">
<ref id="nev16428164n1-nev24180202n7"/>
</xref>
</ptxt>
</item>
<item id="nev16428164n1-nev24700281n58">
<ptxt id="nev16428164n1-nev24700281n57">Engine Rear Low#@#@#18#or LH<xref boilerplate="true" id="nev16428164n1-0800c8af847770e7">
<ref id="nev16428164n1-nev24180203n2"/>
</xref>
</ptxt>
</item>
</list1>
</procstep>
<procstep id="nev16428164n1-nev24180203n3">
<grate id="nev16428164n1-nev24700281n55">
<graphic id="nev16428164n1-nev24700281n56">
<href>0900c8af867975b#@#@#9#.jpeg</href>
</graphic>
<graphtext id="nev16428164n1-nev24700465n1">
<para id="nev16428164n1-nev24700281n53">
<ptxt id="nev16428164n1-nev24700281n54">Remove the screws.</ptxt>
</para>
<list1 enumtype="n" id="nev16428164n1-nev24180203n10" type="ordered">
<item id="nev16428164n1-nev24700281n52">
<ptxt id="nev16428164n1-nev24700281n51">
<torque id="nev16428164n1-nev24180204n3">
<ref id="nev16428164n1-nev24180204n4"/>
</torque>
</ptxt>
</item>
<item id="nev16428164n1-nev24700281n50">
<ptxt id="nev16428164n1-nev24700281n49">
<torque id="nev16428164n1-nev24180204n7">
<ref id="nev16428164n1-nev24180204n8"/>
</torque>
</ptxt>
</item>
</list1>
</graphtext>
</grate>
</procstep>
<procstep id="nev16428164n1-nev24180204n9">
<grate id="nev16428164n1-nev24700281n47">
<graphic id="nev16428164n1-nev24700281n48">
<href>0900c8af86ad4f0#@#@#9#.jpeg</href>
</graphic>
<graphtext id="nev16428164n1-nev24700475n1">
<para id="nev16428164n1-nev24700281n45">
<ptxt id="nev16428164n1-nev24700281n46">Remove the nuts.</ptxt>
</para>
<para id="nev16428164n1-nev24700281n43">
<ptxt id="nev16428164n1-nev24700281n44">
<torque id="nev16428164n1-nev24180205n8">
<ref id="nev16428164n1-nev24180205n9"/>
</torque>
</ptxt>
</para>
<para id="nev16428164n1-nev24700281n41">
<ptxt id="nev16428164n1-nev24700281n42">Fold marked par#@#@#3#side.</ptxt>
</para>
</graphtext>
</grate>
</procstep>
<procstep id="nev16428164n1-nev24180206n3">
<grate id="nev16428164n1-nev24700281n39">
<graphic id="nev16428164n1-nev24700281n40">
<href>0900c8af867975b#@#@#9#.jpeg</href>
</graphic>
<graphtext id="nev16428164n1-nev24700482n1">
<para id="nev16428164n1-nev24700281n37">
<ptxt id="nev16428164n1-nev24700281n38">Remove the nuts.</ptxt>
</para>
<para id="nev16428164n1-nev24700281n35">
<ptxt id="nev16428164n1-nev24700281n36">
<torque id="nev16428164n1-nev24180207n2">
<ref id="nev16428164n1-nev24180207n3"/>
</torque>
</ptxt>
</para>
</graphtext>
</grate>
</procstep>
<procstep id="nev16428164n1-nev24180207n4">
<grate id="nev16428164n1-nev24700281n33">
<graphic id="nev16428164n1-nev24700281n34">
<href>0900c8af867975b#@#@#9#.jpeg</href>
</graphic>
<graphtext id="nev16428164n1-nev24700489n1">
<para id="nev16428164n1-nev24700281n31">
<ptxt id="nev16428164n1-nev24700281n32">Remove the mark#@#@#13#ails.</ptxt>
</para>
</graphtext>
</grate>
</procstep>
<procstep id="nev16428164n1-nev24180208n1">
<grate id="nev16428164n1-nev24700281n29">
<graphic id="nev16428164n1-nev24700281n30">
<href>0900c8af8722a9b#@#@#9#.jpeg</href>
</graphic>
<graphtext id="nev16428164n1-nev24700493n1">
<caution id="nev16428164n1-0800c8af844a40a7">
<ptxt>Note the positi#@#@#31#oval.</ptxt>
</caution>
<note id="nev16428164n1-0800c8af844a432f">
<ptxt>This step requi#@#@#29#cian.</ptxt>
</note>
<para id="nev16428164n1-nev24700281n27">
<ptxt id="nev16428164n1-nev24700281n28">
<toolitem boilerplate="true" id="nev16428164n1-nev24700275n92" imageid="0900c8af87216306"/>
</ptxt>
</para>
<para id="nev16428164n1-nev24700281n25">
<ptxt id="nev16428164n1-nev24700281n26">Remove the screws.</ptxt>
</para>
<para id="nev16428164n1-nev24700281n23">
<ptxt id="nev16428164n1-nev24700281n24">
<torque id="nev16428164n1-nev24180209n7">
<ref id="nev16428164n1-nev24180209n8"/>
</torque>
</ptxt>
</para>
</graphtext>
</grate>
</procstep>
<procstep id="nev16428164n1-nev24180209n9">
<grate id="nev16428164n1-nev24700281n21">
<graphic id="nev16428164n1-nev24700281n22">
<href>0900c8af86a90a7#@#@#9#.jpeg</href>
</graphic>
<graphtext id="nev16428164n1-nev24700503n1">
<para id="nev16428164n1-nev24700281n19">
<ptxt id="nev16428164n1-nev24700281n20">Fold marked par#@#@#3#side.</ptxt>
</para>
</graphtext>
</grate>
</procstep>
<procstep id="nev16428164n1-nev24180210n6">
<title id="nev16428164n1-0800c8af86ab226e">Vehicles with b#@#@#6#valve</title>
</procstep>
<procstep id="nev16428164n1-nev24180210n8">
<grate id="nev16428164n1-nev24700281n17">
<graphic id="nev16428164n1-nev24700281n18">
<href>0900c8af86a9a9d#@#@#9#.jpeg</href>
</graphic>
<graphtext id="nev16428164n1-nev24700507n1">
<para id="nev16428164n1-nev24700281n15">
<ptxt id="nev16428164n1-nev24700281n16">Remove the screws.</ptxt>
</para>
<para id="nev16428164n1-nev24700281n13">
<ptxt id="nev16428164n1-nev24700281n14">
<torque id="nev16428164n1-nev24180211n7">
<ref id="nev16428164n1-nev24180211n8"/>
</torque>
</ptxt>
</para>
<para id="nev16428164n1-nev24700281n11">
<ptxt id="nev16428164n1-nev24700281n12">Fold marked par#@#@#3#side.</ptxt>
</para>
</graphtext>
</grate>
</procstep>
<procstep id="nev16428164n1-nev24180212n2">
<title id="nev16428164n1-0800c8af844a41e8">All vehicles</title>
</procstep>
<procstep id="nev16428164n1-nev24180212n4">
<grate id="nev16428164n1-nev24700281n9">
<graphic id="nev16428164n1-nev24700281n10">
<href>0900c8af861dddd#@#@#9#.jpeg</href>
</graphic>
<graphtext id="nev16428164n1-nev24700514n1">
<para id="nev16428164n1-nev24700281n7">
<ptxt id="nev16428164n1-nev24700281n8">Remove the screws.</ptxt>
</para>
<para id="nev16428164n1-nev24700281n5">
<ptxt id="nev16428164n1-nev24700281n6">
<torque id="nev16428164n1-nev24180213n3">
<ref id="nev16428164n1-nev24180213n4"/>
</torque>
</ptxt>
</para>
<para id="nev16428164n1-nev24700281n3">
<ptxt id="nev16428164n1-nev24700281n4">Fold marked par#@#@#3#side.</ptxt>
</para>
</graphtext>
</grate>
</procstep>
<procstep id="nev16428164n1-nev24180213n8">
<grate id="nev16428164n1-nev24700281n1">
<graphic id="nev16428164n1-nev24700281n2">
<href>0900c8af8679c9f#@#@#9#.jpeg</href>
</graphic>
<graphtext id="nev16428164n1-nev24700521n1">
<para id="nev16428164n1-nev24700282n99">
<ptxt id="nev16428164n1-nev24700282n100">Remove the nuts.</ptxt>
</para>
<para id="nev16428164n1-nev24700282n97">
<ptxt id="nev16428164n1-nev24700282n98">
<torque id="nev16428164n1-nev24180214n7">
<ref id="nev16428164n1-nev24180214n8"/>
</torque>
</ptxt>
</para>
</graphtext>
</grate>
</procstep>
<procstep id="nev16428164n1-nev24180214n9">
<grate id="nev16428164n1-nev24700282n95">
<graphic id="nev16428164n1-nev24700282n96">
<href>0900c8af86a28d7#@#@#9#.jpeg</href>
</graphic>
<graphtext id="nev16428164n1-nev24700528n1">
<para id="nev16428164n1-nev24700282n93">
<ptxt id="nev16428164n1-nev24700282n94">Remove the screw.</ptxt>
</para>
<para id="nev16428164n1-nev24700282n91">
<ptxt id="nev16428164n1-nev24700282n92">
<torque id="nev16428164n1-nev24180215n8">
<ref id="nev16428164n1-nev24180215n9"/>
</torque>
</ptxt>
</para>
<para id="nev16428164n1-nev24700282n89">
<ptxt id="nev16428164n1-nev24700282n90">Remove the mark#@#@#3#part.</ptxt>
</para>
</graphtext>
</grate>
</procstep>
<procstep id="nev16428164n1-nev24180216n3">
<grate id="nev16428164n1-nev24700282n87">
<graphic id="nev16428164n1-nev24700282n88">
<href>0900c8af861be58#@#@#9#.jpeg</href>
</graphic>
<graphtext id="nev16428164n1-nev24700535n1">
<para id="nev16428164n1-nev24700282n85">
<ptxt id="nev16428164n1-nev24700282n86">Loosen the screws.</ptxt>
</para>
<para id="nev16428164n1-nev24700282n83">
<ptxt id="nev16428164n1-nev24700282n84">
<torque id="nev16428164n1-nev24180217n2">
<ref id="nev16428164n1-nev24180217n3"/>
</torque>
</ptxt>
</para>
</graphtext>
</grate>
</procstep>
<procstep id="nev16428164n1-nev24180217n4">
<grate id="nev16428164n1-nev24700282n81">
<graphic id="nev16428164n1-nev24700282n82">
<href>0900c8af861be58#@#@#9#.jpeg</href>
</graphic>
<graphtext id="nev16428164n1-nev24700542n1">
<hint id="nev16428164n1-0800c8af861c7272">
<ptxt>It may be neces#@#@#31#nent.</ptxt>
</hint>
</graphtext>
</grate>
</procstep>
<procstep id="nev16428164n1-nev24180217n10">
<grate id="nev16428164n1-nev24700282n79">
<graphic id="nev16428164n1-nev24700282n80">
<href>0900c8af86aa009#@#@#9#.jpeg</href>
</graphic>
<graphtext id="nev16428164n1-nev24700546n1">
<para id="nev16428164n1-nev24700282n77">
<ptxt id="nev16428164n1-nev24700282n78">Loosen the mark#@#@#13#ails.</ptxt>
</para>
</graphtext>
</grate>
</procstep>
<procstep id="nev16428164n1-nev24180218n7">
<grate id="nev16428164n1-nev24700282n75">
<graphic id="nev16428164n1-nev24700282n76">
<href>0900c8af861be6c#@#@#9#.jpeg</href>
</graphic>
<graphtext id="nev16428164n1-nev24700550n1">
<para id="nev16428164n1-nev24700282n73">
<ptxt id="nev16428164n1-nev24700282n74">Loosen the hose#@#@#2#lamp.</ptxt>
</para>
<para id="nev16428164n1-nev24700282n71">
<ptxt id="nev16428164n1-nev24700282n72">Release the lock.</ptxt>
</para>
<para id="nev16428164n1-nev24700282n69">
<ptxt id="nev16428164n1-nev24700282n70">Undo the hose f#@#@#14#tion.</ptxt>
</para>
</graphtext>
</grate>
</procstep>
<procstep id="nev16428164n1-nev24180219n10">
<grate id="nev16428164n1-nev24700282n67">
<graphic id="nev16428164n1-nev24700282n68">
<href>0900c8af863c41c#@#@#9#.jpeg</href>
</graphic>
<graphtext id="nev16428164n1-nev24700554n1">
<note id="nev16428164n1-0800c8af844a4379">
<ptxt>Make sure that #@#@#51#rial.</ptxt>
</note>
<note id="nev16428164n1-0800c8af844a43c1">
<ptxt>Make sure that #@#@#25#ated.</ptxt>
</note>
</graphtext>
</grate>
</procstep>
<procstep id="nev16428164n1-nev24180220n8">
<grate id="nev16428164n1-nev24700282n65">
<graphic id="nev16428164n1-nev24700282n66">
<href>0900c8af86aa033#@#@#9#.jpeg</href>
</graphic>
<graphtext id="nev16428164n1-nev24700558n1">
<para id="nev16428164n1-nev24700282n63">
<ptxt id="nev16428164n1-nev24700282n64">Remove the screw.</ptxt>
</para>
<para id="nev16428164n1-nev24700282n61">
<ptxt id="nev16428164n1-nev24700282n62">
<torque id="nev16428164n1-nev24180221n7">
<ref id="nev16428164n1-nev24180221n8"/>
</torque>
</ptxt>
</para>
</graphtext>
</grate>
</procstep>
<procstep id="nev16428164n1-nev24180221n9">
<para id="nev16428164n1-nev24700282n59">
<ptxt id="nev16428164n1-nev24700282n60">Remove the engi#@#@#9#g fan<xref boilerplate="true" id="nev16428164n1-0800c8af848d2edb">
<ref id="nev16428164n1-nev24180222n4"/>
</xref>
</ptxt>
</para>
</procstep>
<procstep id="nev16428164n1-nev24180222n5">
<grate id="nev16428164n1-nev24700282n57">
<graphic id="nev16428164n1-nev24700282n58">
<href>0900c8af861ee67#@#@#9#.jpeg</href>
</graphic>
<graphtext id="nev16428164n1-nev24700568n1">
<caution id="nev16428164n1-0800c8af844a4142">
<ptxt>Make sure that #@#@#22#cted.</ptxt>
</caution>
<para id="nev16428164n1-nev24700282n55">
<ptxt id="nev16428164n1-nev24700282n56">
<toolitem boilerplate="true" id="nev16428164n1-nev24180223n3" imageid="0900c8af862b2fcb"/>
</ptxt>
</para>
</graphtext>
</grate>
</procstep>
<procstep id="nev16428164n1-nev24180223n4">
<grate id="nev16428164n1-nev24700282n53">
<graphic id="nev16428164n1-nev24700282n54">
<href>0900c8af861e0e5#@#@#9#.jpeg</href>
</graphic>
<graphtext id="nev16428164n1-nev24700575n1">
<para id="nev16428164n1-nev24700282n51">
<ptxt id="nev16428164n1-nev24700282n52">Loosen the hose#@#@#2#lamp.</ptxt>
</para>
<para id="nev16428164n1-nev24700282n49">
<ptxt id="nev16428164n1-nev24700282n50">Undo the hose f#@#@#14#tion.</ptxt>
</para>
<para id="nev16428164n1-nev24700282n47">
<ptxt id="nev16428164n1-nev24700282n48">Fold marked par#@#@#3#side.</ptxt>
</para>
</graphtext>
</grate>
</procstep>
<procstep id="nev16428164n1-nev24180224n7">
<grate id="nev16428164n1-nev24700282n45">
<graphic id="nev16428164n1-nev24700282n46">
<href>0900c8af861e094#@#@#9#.jpeg</href>
</graphic>
<graphtext id="nev16428164n1-nev24700579n1">
<para id="nev16428164n1-nev24700282n43">
<ptxt id="nev16428164n1-nev24700282n44">Loosen the hose#@#@#2#lamp.</ptxt>
</para>
<para id="nev16428164n1-nev24700282n41">
<ptxt id="nev16428164n1-nev24700282n42">Undo the hose f#@#@#14#tion.</ptxt>
</para>
<para id="nev16428164n1-nev24700282n39">
<ptxt id="nev16428164n1-nev24700282n40">Fold marked par#@#@#3#side.</ptxt>
</para>
</graphtext>
</grate>
</procstep>
<procstep id="nev16428164n1-nev24180225n10">
<grate id="nev16428164n1-nev24700282n37">
<graphic id="nev16428164n1-nev24700282n38">
<href>0900c8af86aa034#@#@#9#.jpeg</href>
</graphic>
<graphtext id="nev16428164n1-nev24700583n1">
<para id="nev16428164n1-nev24700282n35">
<ptxt id="nev16428164n1-nev24700282n36">Remove the screws.</ptxt>
</para>
<para id="nev16428164n1-nev24700282n33">
<ptxt id="nev16428164n1-nev24700282n34">
<torque id="nev16428164n1-nev24180226n9">
<ref id="nev16428164n1-nev24180226n10"/>
</torque>
</ptxt>
</para>
</graphtext>
</grate>
</procstep>
<procstep id="nev16428164n1-nev24180227n1">
<grate id="nev16428164n1-nev24700282n31">
<graphic id="nev16428164n1-nev24700282n32">
<href>0900c8af86aa045#@#@#9#.jpeg</href>
</graphic>
<graphtext id="nev16428164n1-nev24700590n1">
<para id="nev16428164n1-nev24700282n29">
<ptxt id="nev16428164n1-nev24700282n30">Remove the mark#@#@#3#part.</ptxt>
</para>
<hint id="nev16428164n1-0800c8af861c7272">
<ptxt>It may be neces#@#@#31#nent.</ptxt>
</hint>
</graphtext>
</grate>
</procstep>
<procstep id="nev16428164n1-nev24180227n10">
<para id="nev16428164n1-nev24700282n27">
<ptxt id="nev16428164n1-nev24700282n28">Perform cooling#@#@#34#eding<xref boilerplate="true" id="nev16428164n1-0800c8af8451d315">
<ref id="nev16428164n1-nev24180228n5"/>
</xref>
</ptxt>
</para>
</procstep>
<procstep id="nev16428164n1-nev24180228n6">
<grate id="nev16428164n1-nev24700282n25">
<graphic id="nev16428164n1-nev24700282n26">
<href>0900c8af866bb0c#@#@#9#.jpeg</href>
</graphic>
<graphtext id="nev16428164n1-nev24700597n1">
<warning id="nev16428164n1-0800c8af844a4837">
<ptxt>Be prepared to #@#@#18#luid.</ptxt>
</warning>
<para id="nev16428164n1-nev24700282n23">
<ptxt id="nev16428164n1-nev24700282n24">Loosen the hose#@#@#2#lamp.</ptxt>
</para>
<para id="nev16428164n1-nev24700282n21">
<ptxt id="nev16428164n1-nev24700282n22">Undo the hose f#@#@#14#tion.</ptxt>
</para>
</graphtext>
</grate>
</procstep>
<procstep id="nev16428164n1-nev24180229n8">
<grate id="nev16428164n1-nev24700282n19">
<graphic id="nev16428164n1-nev24700282n20">
<href>0900c8af866bb15#@#@#9#.jpeg</href>
</graphic>
<graphtext id="nev16428164n1-nev24700601n1">
<warning id="nev16428164n1-0800c8af844a4837">
<ptxt>Be prepared to #@#@#18#luid.</ptxt>
</warning>
<para id="nev16428164n1-nev24700282n17">
<ptxt id="nev16428164n1-nev24700282n18">Release the locks.</ptxt>
</para>
<para id="nev16428164n1-nev24700282n15">
<ptxt id="nev16428164n1-nev24700282n16">Undo the hoses #@#@#16#ions.</ptxt>
</para>
<para id="nev16428164n1-nev24700282n13">
<ptxt id="nev16428164n1-nev24700282n14">On both sides.</ptxt>
</para>
</graphtext>
</grate>
</procstep>
<procstep id="nev16428164n1-nev24180231n3">
<grate id="nev16428164n1-nev24700282n11">
<graphic id="nev16428164n1-nev24700282n12">
<href>0900c8af86a5884#@#@#9#.jpeg</href>
</graphic>
<graphtext id="nev16428164n1-nev24700605n1">
<warning id="nev16428164n1-0800c8af844a4837">
<ptxt>Be prepared to #@#@#18#luid.</ptxt>
</warning>
<para id="nev16428164n1-nev24700282n9">
<ptxt id="nev16428164n1-nev24700282n10">Release the lock.</ptxt>
</para>
<para id="nev16428164n1-nev24700282n7">
<ptxt id="nev16428164n1-nev24700282n8">Undo the hose f#@#@#14#tion.</ptxt>
</para>
<para id="nev16428164n1-nev24700282n5">
<ptxt id="nev16428164n1-nev24700282n6">Fold marked par#@#@#3#side.</ptxt>
</para>
</graphtext>
</grate>
</procstep>
<procstep id="nev16428164n1-nev24180232n8">
<grate id="nev16428164n1-nev24700282n3">
<graphic id="nev16428164n1-nev24700282n4">
<href>0900c8af86aaa13#@#@#9#.jpeg</href>
</graphic>
<graphtext id="nev16428164n1-nev24700609n1">
<warning id="nev16428164n1-0800c8af844a4837">
<ptxt>Be prepared to #@#@#18#luid.</ptxt>
</warning>
<para id="nev16428164n1-nev24700282n1">
<ptxt id="nev16428164n1-nev24700282n2">Release the locks.</ptxt>
</para>
<para id="nev16428164n1-nev24700283n99">
<ptxt id="nev16428164n1-nev24700283n100">Undo the hoses #@#@#16#ions.</ptxt>
</para>
<para id="nev16428164n1-nev24700283n97">
<ptxt id="nev16428164n1-nev24700283n98">Fold marked par#@#@#3#side.</ptxt>
</para>
</graphtext>
</grate>
</procstep>
<procstep id="nev16428164n1-nev24180234n3">
<grate id="nev16428164n1-nev24700283n95">
<graphic id="nev16428164n1-nev24700283n96">
<href>0900c8af86a58f5#@#@#9#.jpeg</href>
</graphic>
<graphtext id="nev16428164n1-nev24700613n1">
<para id="nev16428164n1-nev24700283n93">
<ptxt id="nev16428164n1-nev24700283n94">Undo the hose f#@#@#14#tion.</ptxt>
</para>
<para id="nev16428164n1-nev24700283n91">
<ptxt id="nev16428164n1-nev24700283n92">Fold marked par#@#@#3#side.</ptxt>
</para>
</graphtext>
</grate>
</procstep>
<procstep id="nev16428164n1-nev24180235n3">
<grate id="nev16428164n1-nev24700283n89">
<graphic id="nev16428164n1-nev24700283n90">
<href>0900c8af86a58f5#@#@#9#.jpeg</href>
</graphic>
<graphtext id="nev16428164n1-nev24700617n1">
<para id="nev16428164n1-nev24700283n87">
<ptxt id="nev16428164n1-nev24700283n88">Release the lock.</ptxt>
</para>
<para id="nev16428164n1-nev24700283n85">
<ptxt id="nev16428164n1-nev24700283n86">Undo the hose f#@#@#14#tion.</ptxt>
</para>
<para id="nev16428164n1-nev24700283n83">
<ptxt id="nev16428164n1-nev24700283n84">Fold marked par#@#@#3#side.</ptxt>
</para>
</graphtext>
</grate>
</procstep>
<procstep id="nev16428164n1-nev24180236n6">
<grate id="nev16428164n1-nev24700283n81">
<graphic id="nev16428164n1-nev24700283n82">
<href>0900c8af8451bb1#@#@#9#.jpeg</href>
</graphic>
<graphtext id="nev16428164n1-nev24700621n1">
<para id="nev16428164n1-nev24700283n79">
<ptxt id="nev16428164n1-nev24700283n80">Release the lock.</ptxt>
</para>
<para id="nev16428164n1-nev24700283n77">
<ptxt id="nev16428164n1-nev24700283n78">Fold marked par#@#@#3#side.</ptxt>
</para>
</graphtext>
</grate>
</procstep>
<procstep id="nev16428164n1-nev24180237n6">
<grate id="nev16428164n1-nev24700283n75">
<graphic id="nev16428164n1-nev24700283n76">
<href>0900c8af86acf86#@#@#9#.jpeg</href>
</graphic>
<graphtext id="nev16428164n1-nev24700625n1">
<para id="nev16428164n1-nev24700283n73">
<ptxt id="nev16428164n1-nev24700283n74">Remove the screw.</ptxt>
</para>
<para id="nev16428164n1-nev24700283n71">
<ptxt id="nev16428164n1-nev24700283n72">
<torque id="nev16428164n1-nev24180238n5">
<ref id="nev16428164n1-nev24180238n6"/>
</torque>
</ptxt>
</para>
<para id="nev16428164n1-nev24700283n69">
<ptxt id="nev16428164n1-nev24700283n70">Fold marked par#@#@#3#side.</ptxt>
</para>
</graphtext>
</grate>
</procstep>
<procstep id="nev16428164n1-nev24180238n10">
<para id="nev16428164n1-nev24700283n67">
<ptxt id="nev16428164n1-nev24700283n68">Remove the uppe#@#@#7#e rod<xref boilerplate="true" id="nev16428164n1-0800c8af846bae48">
<ref id="nev16428164n1-nev24180239n5"/>
</xref>
</ptxt>
</para>
</procstep>
<procstep id="nev16428164n1-nev24180239n6">
<grate id="nev16428164n1-nev24700283n65">
<graphic id="nev16428164n1-nev24700283n66">
<href>0900c8af8664c8e#@#@#9#.jpeg</href>
</graphic>
<graphtext id="nev16428164n1-nev24700635n1">
<para id="nev16428164n1-nev24700283n63">
<ptxt id="nev16428164n1-nev24700283n64">Remove the screw.</ptxt>
</para>
<para id="nev16428164n1-nev24700283n61">
<ptxt id="nev16428164n1-nev24700283n62">
<torque id="nev16428164n1-nev24180240n5">
<ref id="nev16428164n1-nev24180240n6"/>
</torque>
</ptxt>
</para>
<para id="nev16428164n1-nev24700283n59">
<ptxt id="nev16428164n1-nev24700283n60">Fold marked par#@#@#3#side.</ptxt>
</para>
</graphtext>
</grate>
</procstep>
<procstep id="nev16428164n1-nev24180240n10">
<grate id="nev16428164n1-nev24700283n57">
<graphic id="nev16428164n1-nev24700283n58">
<href>0900c8af86ad533#@#@#9#.jpeg</href>
</graphic>
<graphtext id="nev16428164n1-nev24700642n1">
<para id="nev16428164n1-nev24700283n55">
<ptxt id="nev16428164n1-nev24700283n56">
<toolitem boilerplate="true" id="nev16428164n1-nev24180241n6" imageid="0900c8af861a70f0"/>
</ptxt>
</para>
<para id="nev16428164n1-nev24700283n53">
<ptxt id="nev16428164n1-nev24700283n54">Install the screw.</ptxt>
</para>
<para id="nev16428164n1-nev24700283n51">
<ptxt id="nev16428164n1-nev24700283n52">
<torque id="nev16428164n1-nev24180242n2">
<ref id="nev16428164n1-nev24180242n3"/>
</torque>
</ptxt>
</para>
</graphtext>
</grate>
</procstep>
<procstep id="nev16428164n1-nev24180242n4">
<grate id="nev16428164n1-nev24700283n49">
<graphic id="nev16428164n1-nev24700283n50">
<href>0900c8af861e466#@#@#9#.jpeg</href>
</graphic>
<graphtext id="nev16428164n1-nev24700652n1">
<para id="nev16428164n1-nev24700283n47">
<ptxt id="nev16428164n1-nev24700283n48">
<toolitem boilerplate="true" id="nev16428164n1-nev24180242n10" imageid="0900c8af8005dceb"/>
<toolitem boilerplate="false" id="nev16428164n1-nev24180243n1" imageid="0900c8af8005489f"/>
</ptxt>
</para>
<para id="nev16428164n1-nev24700283n45">
<ptxt id="nev16428164n1-nev24700283n46">
<equipment equipmentid="" equipmentname="Engine lift" id="nev16428164n1-nev24180243n4"/>
</ptxt>
</para>
</graphtext>
</grate>
</procstep>
<procstep id="nev16428164n1-nev24180243n5">
<grate id="nev16428164n1-nev24700283n43">
<graphic id="nev16428164n1-nev24700283n44">
<href>0900c8af8664c91#@#@#9#.jpeg</href>
</graphic>
<graphtext id="nev16428164n1-nev24700665n1">
<para id="nev16428164n1-nev24700283n41">
<ptxt id="nev16428164n1-nev24700283n42">Remove the screws.</ptxt>
</para>
<list1 enumtype="n" id="nev16428164n1-nev24180244n2" type="ordered">
<item id="nev16428164n1-nev24700283n40">
<ptxt id="nev16428164n1-nev24700283n39">
<torque id="nev16428164n1-nev24180244n5">
<ref id="nev16428164n1-nev24180244n6"/>
</torque>
</ptxt>
</item>
<item id="nev16428164n1-nev24700283n38">
<ptxt id="nev16428164n1-nev24700283n37">
<torque id="nev16428164n1-nev24180244n9">
<ref id="nev16428164n1-nev24180244n10"/>
</torque>
</ptxt>
</item>
<item id="nev16428164n1-nev24700283n36">
<ptxt id="nev16428164n1-nev24700283n35">
<torque id="nev16428164n1-nev24180245n3">
<ref id="nev16428164n1-nev24180245n4"/>
</torque>
</ptxt>
</item>
</list1>
<para id="nev16428164n1-nev24700283n33">
<ptxt id="nev16428164n1-nev24700283n34">Remove the mark#@#@#3#part.</ptxt>
</para>
</graphtext>
</grate>
</procstep>
<procstep id="nev16428164n1-nev24180245n8">
<grate id="nev16428164n1-nev24700283n31">
<graphic id="nev16428164n1-nev24700283n32">
<href>0900c8af8681163#@#@#9#.jpeg</href>
</graphic>
<graphtext id="nev16428164n1-nev24700678n1">
<para id="nev16428164n1-nev24700283n29">
<ptxt id="nev16428164n1-nev24700283n30">Remove the screws.</ptxt>
</para>
<para id="nev16428164n1-nev24700283n27">
<ptxt id="nev16428164n1-nev24700283n28">
<torque id="nev16428164n1-nev24180246n7">
<ref id="nev16428164n1-nev24180246n8"/>
</torque>
</ptxt>
</para>
</graphtext>
</grate>
</procstep>
<procstep id="nev16428164n1-nev24180246n9">
<grate id="nev16428164n1-nev24700283n25">
<graphic id="nev16428164n1-nev24700283n26">
<href>0900c8af86abc75#@#@#9#.jpeg</href>
</graphic>
<graphtext id="nev16428164n1-nev24700685n1">
<para id="nev16428164n1-nev24700283n23">
<ptxt id="nev16428164n1-nev24700283n24">Lower the engine.</ptxt>
</para>
</graphtext>
</grate>
</procstep>
<procstep id="nev16428164n1-nev24180247n6">
<grate id="nev16428164n1-nev24700283n21">
<graphic id="nev16428164n1-nev24700283n22">
<href>0900c8af8681160#@#@#9#.jpeg</href>
</graphic>
<graphtext id="nev16428164n1-nev24700689n1">
<para id="nev16428164n1-nev24700283n19">
<ptxt id="nev16428164n1-nev24700283n20">Remove the screws.</ptxt>
</para>
<para id="nev16428164n1-nev24700283n17">
<ptxt id="nev16428164n1-nev24700283n18">
<torque id="nev16428164n1-nev24700277n82">
<ref id="nev16428164n1-nev24700277n80"/>
</torque>
</ptxt>
</para>
<para id="nev16428164n1-nev24700283n15">
<ptxt id="nev16428164n1-nev24700283n16">Remove the mark#@#@#3#part.</ptxt>
</para>
</graphtext>
</grate>
</procstep>
<procstep id="nev16428164n1-nev24180248n10">
<grate id="nev16428164n1-nev24700283n13">
<graphic id="nev16428164n1-nev24700283n14">
<href>0900c8af86abc75#@#@#9#.jpeg</href>
</graphic>
<graphtext id="nev16428164n1-nev24700696n1">
<para id="nev16428164n1-nev24700283n11">
<ptxt id="nev16428164n1-nev24700283n12">Lift the marked#@#@#8#nt up</ptxt>
</para>
</graphtext>
</grate>
</procstep>
<procstep id="nev16428164n1-nev24180249n7">
<grate id="nev16428164n1-nev24700283n9">
<graphic id="nev16428164n1-nev24700283n10">
<href>0900c8af860126f#@#@#9#.jpeg</href>
</graphic>
<graphtext id="nev16428164n1-nev24700700n1">
<note id="nev16428164n1-0800c8af85b47f49">
<ptxt>Orientation view</ptxt>
</note>
</graphtext>
</grate>
</procstep>
<procstep id="nev16428164n1-nev24180668n38">
<grate id="nev16428164n1-nev24700283n7">
<graphic id="nev16428164n1-nev24700283n8">
<href>0900c8af8600c42#@#@#9#.jpeg</href>
</graphic>
<graphtext id="nev16428164n1-nev24700704n1">
<note id="nev16428164n1-0800c8af852cd576">
<ptxt>Make sure to tu#@#@#23#stop.</ptxt>
</note>
</graphtext>
</grate>
</procstep>
<procstep id="nev16428164n1-nev24180250n3">
<grate id="nev16428164n1-nev24700283n5">
<graphic id="nev16428164n1-nev24700283n6">
<href>0900c8af860126f#@#@#9#.jpeg</href>
</graphic>
<graphtext id="nev16428164n1-nev24700708n1">
<para id="nev16428164n1-nev24700283n3">
<ptxt id="nev16428164n1-nev24700283n4">
<equipment equipmentid="" equipmentname="Pin 3 mm" id="nev16428164n1-nev24180250n9"/>
</ptxt>
</para>
</graphtext>
</grate>
</procstep>
<procstep id="nev16428164n1-nev24180668n30">
<grate id="nev16428164n1-nev24700283n1">
<graphic id="nev16428164n1-nev24700283n2">
<href>0900c8af860126f#@#@#9#.jpeg</href>
</graphic>
<graphtext id="nev16428164n1-nev24700715n1">
<para id="nev16428164n1-nev24700284n99">
<ptxt id="nev16428164n1-nev24700284n100">Remove the mark#@#@#3#part.</ptxt>
</para>
</graphtext>
</grate>
</procstep>
<procstep id="nev16428164n1-nev24180251n3">
<grate id="nev16428164n1-nev24700284n97">
<graphic id="nev16428164n1-nev24700284n98">
<href>0900c8af86abc75#@#@#9#.jpeg</href>
</graphic>
<graphtext id="nev16428164n1-nev24700719n1">
<para id="nev16428164n1-nev24700284n95">
<ptxt id="nev16428164n1-nev24700284n96">Disconnect the #@#@#6#tors.</ptxt>
</para>
<para id="nev16428164n1-nev24700284n93">
<ptxt id="nev16428164n1-nev24700284n94">Fold marked par#@#@#3#side.</ptxt>
</para>
</graphtext>
</grate>
</procstep>
<procstep id="nev16428164n1-nev24180252n3">
<grate id="nev16428164n1-nev24700284n91">
<graphic id="nev16428164n1-nev24700284n92">
<href>0900c8af86abc98#@#@#9#.jpeg</href>
</graphic>
<graphtext id="nev16428164n1-nev24700723n1">
<note id="nev16428164n1-0800c8af85d76404">
<ptxt>Make sure that #@#@#38# way.</ptxt>
</note>
<para id="nev16428164n1-nev24700284n89">
<ptxt id="nev16428164n1-nev24700284n90">Remove the screws.</ptxt>
</para>
<para id="nev16428164n1-nev24700284n87">
<ptxt id="nev16428164n1-nev24700284n88">
<torque id="nev16428164n1-nev24180253n4">
<ref id="nev16428164n1-nev24180253n5"/>
</torque>
</ptxt>
</para>
<para id="nev16428164n1-nev24700284n85">
<ptxt id="nev16428164n1-nev24700284n86">Remove the part#@#@#5#fully</ptxt>
</para>
<para id="nev16428164n1-nev24700284n83">
<ptxt id="nev16428164n1-nev24700284n84">Fold marked par#@#@#3#side.</ptxt>
</para>
</graphtext>
</grate>
</procstep>
<procstep id="nev16428164n1-nev24180254n2">
<grate id="nev16428164n1-nev24700284n81">
<graphic id="nev16428164n1-nev24700284n82">
<href>0900c8af861e46c#@#@#9#.jpeg</href>
</graphic>
<graphtext id="nev16428164n1-nev24700730n1">
<note id="nev16428164n1-0800c8af844a4396">
<ptxt>Make sure that #@#@#15#atch.</ptxt>
</note>
<note id="nev16428164n1-0800c8af844a432f">
<ptxt>This step requi#@#@#29#cian.</ptxt>
</note>
<para id="nev16428164n1-nev24700284n79">
<ptxt id="nev16428164n1-nev24700284n80">Lift the marked#@#@#8#nt up</ptxt>
</para>
</graphtext>
</grate>
</procstep>
</stepgrp>
<stepgrp boilerplate="false" context="" id="nev16428164n1-nev24700284n78">
<title id="nev16428164n1-0800c8af85785bbc">Transferring co#@#@#3#nents</title>
<procstep id="nev16428164n1-nev24180255n5">
<para id="nev16428164n1-nev24700284n76">
<ptxt id="nev16428164n1-nev24700284n77">Perform engine #@#@#10#osing<xref boilerplate="true" id="nev16428164n1-0800c8af86ad536c">
<ref id="nev16428164n1-nev24180255n10"/>
</xref>
</ptxt>
</para>
</procstep>
</stepgrp>
<stepgrp boilerplate="false" context="" id="nev16428164n1-nev24700284n75">
<title id="nev16428164n1-0800c8af844a46f9">Installation</title>
<procstep id="nev16428164n1-nev24180256n3">
<para id="nev16428164n1-nev24700284n73">
<ptxt id="nev16428164n1-nev24700284n74">Perform engine #@#@#23#nents<xref boilerplate="true" id="nev16428164n1-0800c8af86ad537d">
<ref id="nev16428164n1-nev24180256n8"/>
</xref>
</ptxt>
</para>
</procstep>
<procstep id="nev16428164n1-nev24180256n9">
<para id="nev16428164n1-nev24700284n71">
<ptxt id="nev16428164n1-nev24700284n72">To install, rev#@#@#22#dure.</ptxt>
</para>
</procstep>
<procstep id="nev16428164n1-nev24180257n3">
<para id="nev16428164n1-nev24700284n69">
<ptxt id="nev16428164n1-nev24700284n70">Perform cooling#@#@#34#eding<xref boilerplate="true" id="nev16428164n1-0800c8af8451d315">
<ref id="nev16428164n1-nev24180257n8"/>
</xref>
</ptxt>
</para>
</procstep>
</stepgrp>
</procedure>
</servinfosub>