<?xml version="1.0" encoding="UTF-8"?><diagnostic IE-ID="en-US0900c8af804ca005" docno="VCC-136257" id="KC01612457" type="test" xml:lang="en-US">
<title>
<phrase category="" id="KC06684420" phrase-urn="urn:x-nevis:phrase:0800c8af819bb9ba">Verification</phrase>
</title>
<testgrp IE-ID="en-US0900c8af804ca005_KC01663749" id="KC01663749" j2008use="1" paperuse="1" resumable="1" screenuse="1" testgrp-id="verifnode" x="120" y="120">
<title>
<phrase category="" id="KC06684421" phrase-urn="urn:x-nevis:phrase:0800c8af819bb9bd">Verification</phrase>
</title>
<node>
<test1>
<hint>
<ptxt>
<phrase category="" id="KC06684422" phrase-urn="urn:x-nevis:phrase:0800c8af819bb9bf">After carrying #@#@#50#died.</phrase>
</ptxt>
</hint>
<diaglist>
<dgraphic>
<dgraphic1>
<graphic id="KC06684423">
<href>0900c8af80054d3#@#@#9#.jpeg</href>
</graphic>
</dgraphic1>
</dgraphic>
<ditem>
<ptxt>
<phrase category="" id="KC06684424" phrase-urn="urn:x-nevis:phrase:0800c8af819bb9c1">Start the engin#@#@#39#ature</phrase>
</ptxt>
</ditem>
<ditem>
<ptxt>
<phrase category="" id="KC06684425" phrase-urn="urn:x-nevis:phrase:0800c8af819bb9c3">Read off the ca#@#@#27#peed.</phrase>
</ptxt>
</ditem>
</diaglist>
<test2>
<para>
<ptxt>
<phrase category="" id="KC06684426" phrase-urn="urn:x-nevis:phrase:0800c8af819bb9c4">The adaptation #@#@#28#d +8.</phrase>
</ptxt>
</para>
<para>
<ptxt>
<phrase category="" id="KC06684427" phrase-urn="urn:x-nevis:phrase:0800c8af819bb9c6">The function is#@#@#34#rect.</phrase>
</ptxt>
</para>
<diaglist>
<dgraphic>
<dgraphic2>
<graphic id="KC06684428">
<href>0900c8af86c8681#@#@#9#.jpeg</href>
</graphic>
<smarttool active="press" id="KC06684429" toolname="XECMA6A8"/>
</dgraphic2>
</dgraphic>
<ditem>
<ditemtext>
<ptxt>
<phrase category="" id="KC06684430" phrase-urn="urn:x-nevis:phrase:0800c8af819bb9c8"/>
</ptxt>
</ditemtext>
</ditem>
</diaglist>
<grate>
<graphic id="KC06684431">
<href>0900c8af80057a2#@#@#9#.jpeg</href>
</graphic>
</grate>
</test2>
</test1>
<question>Is the function OK?</question>
<resact-grp>
<result button="yes" comp="button" highlight="0"/>
<action j2008use="1" paperuse="1" screenuse="1">
<return value="VERIFIED"/>
</action>
</resact-grp>
<resact-grp>
<result button="no" comp="button" highlight="0"/>
<action j2008use="1" paperuse="1" screenuse="1">
<return value="VERIFICATION FAILED"/>
</action>
</resact-grp>
</node>
</testgrp>
</diagnostic>