<?xml version="1.0" encoding="UTF-8"?><servinfosub IE-ID="en-US0900c8af844dc005" docno="VCC-371061" id="nev13719963n1" original="sv-SE" servinfosubId="nev13719964n1-nev13719968n1" servinfosubRes="0900c8af844dc007" servinfosubRes2="urn:x-nevis:fragment:0900c8af844dc005:0900c8af844dc007#nev13719968n1" xml:lang="en-US">
<title>Sill panel</title>
<imagedisclaimer id="nev13719964n1-nev13719967n30"/>
<procedure id="nev13719964n1-nev13719967n31">
<stepgrp boilerplate="true" context="removalinstallation" id="nev13719964n1-nev13719967n42">
<procstep id="nev13719964n1-nev13719967n47">
<title id="nev13719964n1-nev13719967n48"/>
<grate id="nev13719964n1-nev13719967n49">
<graphic id="nev13719964n1-nev13719967n50">
<href>0900c8af8346115#@#@#9#.jpeg</href>
</graphic>
</grate>
</procstep>
<procstep id="nev13719964n1-nev13719967n51">
<title id="nev13719964n1-nev13719967n52"/>
<grate id="nev13719964n1-nev13719967n53">
<graphic id="nev13719964n1-nev13719967n54">
<href>0900c8af8346115#@#@#9#.jpeg</href>
</graphic>
</grate>
</procstep>
</stepgrp>
</procedure>
</servinfosub>