<?xml version="1.0" encoding="UTF-8"?><servinfosub IE-ID="en-US0900c8af800ce005" docno="VCC-108199" id="KC01314440" xml:lang="en-US">
<title>
<phrase category="" id="KC06928478" phrase-urn="urn:x-nevis:phrase:0800c8af81a06a63">Diagnostic trou#@#@#21#ation</phrase>
</title>
<diagnostic type="condition">
<condgrp>
<condition type="condition">
<para>
<ptxt>
<phrase category="" id="KC06928479" phrase-urn="urn:x-nevis:phrase:0800c8af81a06a74">The control mod#@#@#459#d 6).</phrase>
</ptxt>
<ptxt>
<phrase category="" id="KC06928480" phrase-urn="urn:x-nevis:phrase:0800c8af81a06a82">Diagnostic trou#@#@#63#d 3).</phrase>
</ptxt>
</para>
</condition>
</condgrp>
<condgrp>
<condition type="substitution">
<para>
<ptxt>
<phrase category="" id="KC06928481" phrase-urn="urn:x-nevis:phrase:0800c8af81a06a8f">none</phrase>
</ptxt>
</para>
</condition>
<ps>
<list1 enumtype="d" type="unordered">
<title>
<phrase category="" id="KC06928482" phrase-urn="urn:x-nevis:phrase:0800c8af81a06a9e">Upper limit</phrase>
</title>
<item>
<ptxt>
<phrase category="" id="KC06928483" phrase-urn="urn:x-nevis:phrase:0800c8af81a06aae">intake air leakage</phrase>
</ptxt>
</item>
<item>
<ptxt>
<phrase category="" id="KC06928484" phrase-urn="urn:x-nevis:phrase:0800c8af81a06abc">exhaust system #@#@#6#akage</phrase>
</ptxt>
</item>
<item>
<ptxt>
<phrase category="" id="KC06928485" phrase-urn="urn:x-nevis:phrase:0800c8af81a06aca">low fuel pressure</phrase>
</ptxt>
</item>
<item>
<ptxt>
<phrase category="" id="KC06928486" phrase-urn="urn:x-nevis:phrase:0800c8af81a06ad9">defective heate#@#@#18#O2S).</phrase>
</ptxt>
</item>
</list1>
<list1 enumtype="d" type="unordered">
<title>
<phrase category="" id="KC06928487" phrase-urn="urn:x-nevis:phrase:0800c8af81a06ae7">Lower limit</phrase>
</title>
<item>
<ptxt>
<phrase category="" id="KC06928488" phrase-urn="urn:x-nevis:phrase:0800c8af81a06af6">intake air leakage</phrase>
</ptxt>
</item>
<item>
<ptxt>
<phrase category="" id="KC06928489" phrase-urn="urn:x-nevis:phrase:0800c8af81a06b04">high fuel pressure</phrase>
</ptxt>
</item>
<item>
<ptxt>
<phrase category="" id="KC06928490" phrase-urn="urn:x-nevis:phrase:0800c8af81a06b12">leaking injectors</phrase>
</ptxt>
</item>
<item>
<ptxt>
<phrase category="" id="KC06928491" phrase-urn="urn:x-nevis:phrase:0800c8af81a06b20">defective mass #@#@#16#ensor</phrase>
</ptxt>
</item>
<item>
<ptxt>
<phrase category="" id="KC06928492" phrase-urn="urn:x-nevis:phrase:0800c8af81a06b32">contaminated en#@#@#3#e oil</phrase>
</ptxt>
</item>
<item>
<ptxt>
<phrase category="" id="KC06928493" phrase-urn="urn:x-nevis:phrase:0800c8af81a06b41">oil level too high</phrase>
</ptxt>
</item>
<item>
<ptxt>
<phrase category="" id="KC06928494" phrase-urn="urn:x-nevis:phrase:0800c8af81a06b4f">defective heate#@#@#18#O2S).</phrase>
</ptxt>
</item>
</list1>
</ps>
</condgrp>
<condgrp>
<condition type="symptom">
<list1 enumtype="d" type="unordered">
<item>
<ptxt>
<phrase category="" id="KC06928495" phrase-urn="urn:x-nevis:phrase:0800c8af81a06b5e">none.</phrase>
</ptxt>
</item>
</list1>
</condition>
</condgrp>
</diagnostic>
</servinfosub>