<?xml version="1.0" encoding="UTF-8"?><script xmlns:nevis="http://www.volvocars.com/namespaces/processing" xmlns:xlink="http://www.w3.org/1999/xlink" IE-ID="en-US0900c8af81d88005" docno="VCC-236439" id="nev10143121n1" nevis:expl-profile="mdl644yr2001cu5, mdl644yr2002cu5, mdl644yr2003cu5, mdl644yr2004cu5, mdl645yr2001cu5, mdl645yr2002cu5, mdl645yr2003cu5, mdl645yr2004cu5" nevis:profile="urn:x-nevis:profile:0b00c8af817ac40e urn:x-nevis:profile:0b00c8af817ac41c urn:x-nevis:profile:0b00c8af817ac42b urn:x-nevis:profile:0b00c8af817ac439 urn:x-nevis:profile:0b00c8af817ac463 urn:x-nevis:profile:0b00c8af817ac471 urn:x-nevis:profile:0b00c8af817ac47e urn:x-nevis:profile:0b00c8af817ac48b" nevis:projectdocument="urn:x-nevis:projectdocument:0800c8af81d88003" nevis:resource="0900c8af81d88038" nevis:resource2="urn:x-nevis:fragment:0900c8af81d88005:0900c8af81d88038#nev10143121n1" nevis:session-id="" qualifierinfotype="14:00" type="" xml:lang="en-US"><title>A Read write ri#@#@#11#ating</title><content gui="1" height="385" id="nev10143122n1-nev10143121n3" nevis:expl-profile="mdl644yr2001cu5, mdl644yr2002cu5, mdl644yr2003cu5, mdl644yr2004cu5, mdl645yr2001cu5, mdl645yr2002cu5, mdl645yr2003cu5, mdl645yr2004cu5" nevis:idfrom="nev10143122n1" nevis:prefix="nev10143122n1" nevis:profile="urn:x-nevis:profile:0b00c8af817ac40e urn:x-nevis:profile:0b00c8af817ac41c urn:x-nevis:profile:0b00c8af817ac42b urn:x-nevis:profile:0b00c8af817ac439 urn:x-nevis:profile:0b00c8af817ac463 urn:x-nevis:profile:0b00c8af817ac471 urn:x-nevis:profile:0b00c8af817ac47e urn:x-nevis:profile:0b00c8af817ac48b" nevis:resource="0900c8af81d8803a" nevis:resource2="urn:x-nevis:fragment:0900c8af81d88005:0900c8af81d8803a#nev10143121n3" width="768" xml:lang="en-US"><nodes id="nev10143122n1-nev10143133n1"><node class="Components.StartNode" id="nev10143122n1-nev10143134n1" nodeid="Start" x="17" y="58"/><node class="Components.VehComm" id="nev10143122n1-nev10143135n1" nodeid="StopDiagnosticSession" x="167" y="375"><property class="String" id="nev10143122n1-nev10143136n1" name="Mode" type="Internal" value="EcuType" visible="1"/><property class="Int" id="nev10143122n1-nev10143137n1" name="EcuType" type="In" value="871101" visible="0"/><property class="Int" id="nev10143122n1-nev10143138n1" name="ServiceId" type="In" value="27" visible="0"/><property class="String" id="nev10143122n1-nev10143139n1" name="EcuName" type="Out" value="" visible="1"/><property class="Response" id="nev10143122n1-nev10143140n1" name="Result" type="Out" value="" visible="1"/><extension id="nev10143122n1-nev10143141n1"/></node><node class="Components.ScriptButton" id="nev10143122n1-nev10143142n1" nodeid="Hide" x="24" y="428"><gui height="30" id="nev10143122n1-nev10143143n1" width="110" x="649" y="344"/><property class="String" id="nev10143122n1-nev10143144n1" name="Text" type="In" value="" visible="0"/><property class="String" id="nev10143122n1-nev10143145n1" name="StartDisabled" type="Internal" value="false" visible="1"/><extension id="nev10143122n1-nev10143146n1"><phrase category="Faulttracing" id="nev10143122n1-nev10143132n1" phrase-urn="urn:x-nevis:phrase:0800c8af81b6b138">Hide</phrase></extension></node><node class="Components.ScriptComponent" id="nev10143122n1-nev10143147n1" nodeid="CloseScript" x="169" y="520"/><node class="Components.IdentifierComponent" id="nev10143122n1-nev10143148n1" nodeid="High" x="245" y="155"><property class="Parameter" id="nev10143122n1-nev10143149n1" name="Seattemp right high =" type="Out" value="" visible="1"/><extension id="nev10143122n1-nev10143150n1"><identifier ecu="871101" ecuMode="EcuType" id="nev10143122n1-nev10143151n1" read="2" type="BLOFF" value="16"><parameter id="nev10143122n1-nev10143152n1" name="Seattemp right high =" textid="14008"/></identifier></extension></node><node class="Components.IdentifierComponent" id="nev10143122n1-nev10143153n1" nodeid="Low" x="246" y="13"><property class="Parameter" id="nev10143122n1-nev10143154n1" name="Seattemp right low =" type="Out" value="" visible="1"/><extension id="nev10143122n1-nev10143155n1"><identifier ecu="871101" ecuMode="EcuType" id="nev10143122n1-nev10143156n1" read="2" type="BLOFF" value="17"><parameter id="nev10143122n1-nev10143157n1" name="Seattemp right low =" textid="14009"/></identifier></extension></node><node class="Components.Gui.ParameterLabel" id="nev10143122n1-nev10143158n1" nodeid="Label2" x="373" y="178"><gui height="70" id="nev10143122n1-nev10143159n1" width="370" x="389" y="11"/><property class="Parameter" id="nev10143122n1-nev10143160n1" name="Parameter" type="In" value="" visible="1"/><property class="String" id="nev10143122n1-nev10143161n1" name="Title" type="In" value="" visible="1"/><property class="String" id="nev10143122n1-nev10143162n1" name="Value" type="In" value="" visible="1"/><property class="String" id="nev10143122n1-nev10143163n1" name="Unit" type="In" value="" visible="1"/></node><node class="Components.Gui.ParameterLabel" id="nev10143122n1-nev10143164n1" nodeid="Label1" x="370" y="45"><gui height="70" id="nev10143122n1-nev10143165n1" width="370" x="8" y="11"/><property class="Parameter" id="nev10143122n1-nev10143166n1" name="Parameter" type="In" value="" visible="1"/><property class="String" id="nev10143122n1-nev10143167n1" name="Title" type="In" value="" visible="1"/><property class="String" id="nev10143122n1-nev10143168n1" name="Value" type="In" value="" visible="1"/><property class="String" id="nev10143122n1-nev10143169n1" name="Unit" type="In" value="" visible="1"/></node><node class="Components.ScriptButton" id="nev10143122n1-nev10143170n1" nodeid="StartProgrammingHigh" x="33" y="243"><gui height="30" id="nev10143122n1-nev10143171n1" width="110" x="520" y="345"/><property class="String" id="nev10143122n1-nev10143172n1" name="Text" type="In" value="" visible="0"/><property class="String" id="nev10143122n1-nev10143173n1" name="StartDisabled" type="Internal" value="false" visible="1"/><extension id="nev10143122n1-nev10143174n1"><phrase category="Faulttracing" id="nev10143122n1-nev10143131n1" phrase-urn="urn:x-nevis:phrase:0800c8af8178a38e">Start programming</phrase></extension></node><node class="Components.ScriptButton" id="nev10143122n1-nev10143175n1" nodeid="StartProgrammingLow" x="33" y="128"><gui height="30" id="nev10143122n1-nev10143176n1" width="110" x="140" y="344"/><property class="String" id="nev10143122n1-nev10143177n1" name="Text" type="In" value="" visible="1"/><property class="String" id="nev10143122n1-nev10143178n1" name="StartDisabled" type="Internal" value="false" visible="1"/><extension id="nev10143122n1-nev10143179n1"><phrase category="Faulttracing" id="nev10143122n1-nev10143127n1" phrase-urn="urn:x-nevis:phrase:0800c8af8178a38e">Start programming</phrase></extension></node><node class="Components.Repeater" id="nev10143122n1-nev10143180n1" nodeid="Iterator" x="102" y="44"/><node class="Components.Gui.ActivationList" id="nev10143122n1-nev10143181n1" nodeid="AvailableValuesList1" x="490" y="59"><gui height="238" id="nev10143122n1-nev10143182n1" width="370" x="8" y="93"/><extension id="nev10143122n1-nev10143183n1"><identifier ecu="871101" ecuMode="EcuType" id="nev10143122n1-nev10143184n1" type="BLOFF" useRaw="true" value="17" write="17"><parameter id="nev10143122n1-nev10143185n1" name="Seattemp right low =" textid="14009"><value id="nev10143122n1-nev10143186n1" rawValues="Mask=FF,Value=00" textid="4114"/><value id="nev10143122n1-nev10143187n1" rawValues="Mask=FF,Value=01" textid="61071"/><value id="nev10143122n1-nev10143188n1" rawValues="Mask=FF,Value=02" textid="61072"/><value id="nev10143122n1-nev10143189n1" rawValues="Mask=FF,Value=03" textid="61073"/><value id="nev10143122n1-nev10143190n1" rawValues="Mask=FF,Value=04" textid="61074"/><value id="nev10143122n1-nev10143191n1" rawValues="Mask=FF,Value=05" textid="61075"/><value id="nev10143122n1-nev10143192n1" rawValues="Mask=FF,Value=06" textid="61076"/><value id="nev10143122n1-nev10143193n1" rawValues="Mask=FF,Value=07" textid="61077"/><value id="nev10143122n1-nev10143194n1" rawValues="Mask=FF,Value=08" textid="61078"/><value id="nev10143122n1-nev10143195n1" rawValues="Mask=FF,Value=09" textid="61079"/><value id="nev10143122n1-nev10143196n1" rawValues="Mask=FF,Value=0A" textid="61080"/><value id="nev10143122n1-nev10143197n1" rawValues="Mask=FF,Value=0B" textid="61081"/><value id="nev10143122n1-nev10143198n1" rawValues="Mask=FF,Value=0C" textid="61082"/><value id="nev10143122n1-nev10143199n1" rawValues="Mask=FF,Value=0D" textid="61083"/><value id="nev10143122n1-nev10143200n1" rawValues="Mask=FF,Value=0E" textid="61084"/><value id="nev10143122n1-nev10143201n1" rawValues="Mask=FF,Value=0F" textid="61085"/></parameter></identifier></extension></node><node class="Components.Gui.ActivationList" id="nev10143122n1-nev10143202n1" nodeid="AvailableValuesList2" x="492" y="197"><gui height="239" id="nev10143122n1-nev10143203n1" width="370" x="389" y="92"/><extension id="nev10143122n1-nev10143204n1"><identifier ecu="871101" ecuMode="EcuType" id="nev10143122n1-nev10143205n1" type="BLOFF" useRaw="true" value="16" write="17"><parameter id="nev10143122n1-nev10143206n1" name="Seattemp right high =" textid="14008"><value id="nev10143122n1-nev10143207n1" rawValues="Mask=FF,Value=00" textid="4114"/><value id="nev10143122n1-nev10143208n1" rawValues="Mask=FF,Value=01" textid="61071"/><value id="nev10143122n1-nev10143209n1" rawValues="Mask=FF,Value=02" textid="61072"/><value id="nev10143122n1-nev10143210n1" rawValues="Mask=FF,Value=03" textid="61073"/><value id="nev10143122n1-nev10143211n1" rawValues="Mask=FF,Value=04" textid="61074"/><value id="nev10143122n1-nev10143212n1" rawValues="Mask=FF,Value=05" textid="61075"/><value id="nev10143122n1-nev10143213n1" rawValues="Mask=FF,Value=06" textid="61076"/><value id="nev10143122n1-nev10143214n1" rawValues="Mask=FF,Value=07" textid="61077"/><value id="nev10143122n1-nev10143215n1" rawValues="Mask=FF,Value=08" textid="61078"/><value id="nev10143122n1-nev10143216n1" rawValues="Mask=FF,Value=09" textid="61079"/><value id="nev10143122n1-nev10143217n1" rawValues="Mask=FF,Value=0A" textid="61080"/><value id="nev10143122n1-nev10143218n1" rawValues="Mask=FF,Value=0B" textid="61081"/><value id="nev10143122n1-nev10143219n1" rawValues="Mask=FF,Value=0C" textid="61082"/><value id="nev10143122n1-nev10143220n1" rawValues="Mask=FF,Value=0D" textid="61083"/><value id="nev10143122n1-nev10143221n1" rawValues="Mask=FF,Value=0E" textid="61084"/><value id="nev10143122n1-nev10143222n1" rawValues="Mask=FF,Value=0F" textid="61085"/></parameter></identifier></extension></node></nodes><handlers id="nev10143122n1-nev10143223n1"><eventhandler id="nev10143122n1-nev10143224n1" name="Click" node="Hide"><call id="nev10143122n1-nev10143225n1" method="Execute" node="StopDiagnosticSession"/><call id="nev10143122n1-nev10143226n1" method="CloseDialog" node="CloseScript"/></eventhandler><eventhandler id="nev10143122n1-nev10143227n1" name="Click" node="StartProgrammingHigh"><call id="nev10143122n1-nev10143228n1" method="ActivateSelected" node="AvailableValuesList2"/></eventhandler><eventhandler id="nev10143122n1-nev10143229n1" name="Click" node="StartProgrammingLow"><call id="nev10143122n1-nev10143230n1" method="ActivateSelected" node="AvailableValuesList1"/></eventhandler><eventhandler id="nev10143122n1-nev10143231n1" name="OnStart" node="Start"><call id="nev10143122n1-nev10143232n1" method="UpdateTitles" node="Low"/><call id="nev10143122n1-nev10143233n1" method="UpdateTitles" node="High"/><call id="nev10143122n1-nev10143234n1" method="Start" node="Iterator"/></eventhandler><eventhandler id="nev10143122n1-nev10143235n1" name="OnRepeat" node="Iterator"><call id="nev10143122n1-nev10143236n1" method="Read" node="Low"/><call id="nev10143122n1-nev10143237n1" method="Read" node="High"/></eventhandler><propertyhandler id="nev10143122n1-nev10143238n1" name="Seattemp right low =" node="Low"><set id="nev10143122n1-nev10143239n1" node="Label1" property="Parameter"/></propertyhandler><propertyhandler id="nev10143122n1-nev10143240n1" name="Seattemp right high =" node="High"><set id="nev10143122n1-nev10143241n1" node="Label2" property="Parameter"/></propertyhandler></handlers></content></script>