<?xml version="1.0" encoding="UTF-8"?><servinfosub IE-ID="en-US0900c8af80cc7005" docno="VCC-150388" id="KC02733168" xml:lang="en-US">
<title>
<phrase category="" id="KC07849694" phrase-urn="urn:x-nevis:phrase:0800c8af81c289a0">Diagnostic trou#@#@#30#-2A0A</phrase>
</title>
<diagnostic type="condition">
<condgrp>
<condition type="condition">
<grate>
<graphic id="KC07849695">
<href>0900c8af8005788#@#@#9#.jpeg</href>
</graphic>
<graphtext>
<ptxt>
<phrase category="" id="KC07849696" phrase-urn="urn:x-nevis:phrase:0800c8af81c289a2">The engine cont#@#@#170#3 V. </phrase>
</ptxt>
<ptxt>
<phrase category="" id="KC07849697" phrase-urn="urn:x-nevis:phrase:0800c8af81c289a3">The diagnostic #@#@#210#eter.</phrase>
</ptxt>
<ptxt>
<phrase category="" id="KC07849698" phrase-urn="urn:x-nevis:phrase:0800c8af81c289a5">The diagnostic #@#@#147#ade).</phrase>
</ptxt>
</graphtext>
</grate>
</condition>
</condgrp>
<condgrp>
<condition type="substitution">
<list1 enumtype="d" type="unordered">
<item>
<ptxt>
<phrase category="" id="KC07849699" phrase-urn="urn:x-nevis:phrase:0800c8af81c289a7">Center heated o#@#@#32# off.</phrase>
</ptxt>
</item>
</list1>
</condition>
<ps>
<list1 enumtype="d" type="unordered">
<item>
<ptxt>
<phrase category="" id="KC07849700" phrase-urn="urn:x-nevis:phrase:0800c8af81c289a8">Contact resista#@#@#32#inals</phrase>
</ptxt>
</item>
<item>
<ptxt>
<phrase category="" id="KC07849701" phrase-urn="urn:x-nevis:phrase:0800c8af81c289a9">Damaged center #@#@#23#O2S).</phrase>
</ptxt>
</item>
</list1>
</ps>
</condgrp>
<condgrp>
<condition type="symptom">
<list1 enumtype="d" type="unordered">
<item>
<ptxt>
<phrase category="" id="KC07849702" phrase-urn="urn:x-nevis:phrase:0800c8af81c289ae">Malfunction ind#@#@#17# lit.</phrase>
</ptxt>
</item>
</list1>
</condition>
</condgrp>
</diagnostic>
</servinfosub>