<?xml version="1.0" encoding="UTF-8"?><servinfosub IE-ID="en-US0800c8af80a14f03" docno="T9995812" id="ST-0800c8af80a14f03" xml:lang="en-US">
<title>999 5812 HOLDER </title>
<grate>
<graphic id="0900c8af8005d70f"/>
<graphtext>
<deflist>
<defitem>
<term>Tool number:</term>
<def>999 5812-6</def>
</defitem>
<defitem>
<term>Tool description:</term>
<def>HOLDER (DIAL IN#@#@#12#5811)</def>
</defitem>
<defitem>
<term>Tool board:</term>
<def>21</def>
</defitem>
</deflist>
</graphtext>
</grate>
</servinfosub>