<?xml version="1.0" encoding="UTF-8"?><servinfosub IE-ID="en-US0900c8af854bff03" docno="VCC-370251" id="nev13711295n1" original="sv-SE" servinfosubId="nev13711296n1-nev13711323n1" servinfosubRes="0900c8af854bff08" servinfosubRes2="urn:x-nevis:fragment:0900c8af854bff03:0900c8af854bff08#nev13711323n1" xml:lang="en-US">
<operationnumbers>
<operationnumber>21812-2</operationnumber>
</operationnumbers>
<title id="nev13711294n23">Engine Pad right</title>
<toolitemtable id="nev13711296n1-nev17157061n71">
<table id="nev13711296n1-nev17157061n70">
<tgroup cols="2" id="nev13711296n1-nev17157061n69">
<colspec colname="COLSPEC0" colwidth="1.00*" id="nev13711296n1-nev17157061n68"/>
<colspec colname="COLSPEC1" colwidth="1.00*" id="nev13711296n1-nev17157061n67"/>
<thead id="nev13711296n1-nev17157061n66">
<row id="nev13711296n1-nev17157061n65">
<entry id="nev13711296n1-nev17157061n64" nameend="COLSPEC1" namest="COLSPEC0" valign="top">
<ptxt id="nev13711296n1-nev17157061n63">
<emph id="nev13711296n1-nev17157061n62">Special tools</emph>
</ptxt>
</entry>
</row>
</thead>
<tbody id="nev13711296n1-nev17157061n61">
<row id="nev13711296n1-nev17157061n60">
<entry id="nev13711296n1-nev17157061n59">
<graphic id="nev13711296n1-nev17157061n58">
<href>0900c8af8536964#@#@#9#.jpeg</href>
</graphic>
</entry>
<entry id="nev13711296n1-nev17157061n57">
<ptxt id="nev13711296n1-nev17157061n56">
<emph id="nev13711296n1-nev17157061n55">999 5716 LIFTIN#@#@#34# 5460</emph>
</ptxt>
<ptxt id="nev13711296n1-nev17157061n53">
<emph id="nev13711296n1-nev17157061n52">Tool number:</emph>999 5716</ptxt>
<ptxt id="nev13711296n1-nev17157061n51">
<emph id="nev13711296n1-nev17157061n50">Tool description:</emph>LIFTING BEAM (E#@#@#25# 5460</ptxt>
<ptxt id="nev13711296n1-nev17157061n48">
<emph id="nev13711296n1-nev17157061n47">Tool boards:</emph>21</ptxt>
</entry>
</row>
<row id="nev13711296n1-nev17157061n46">
<entry id="nev13711296n1-nev17157061n45">
<graphic id="nev13711296n1-nev17157061n44">
<href>0900c8af8005434#@#@#9#.jpeg</href>
</graphic>
</entry>
<entry id="nev13711296n1-nev17157061n43">
<ptxt id="nev13711296n1-nev17157061n42">
<emph id="nev13711296n1-nev17157061n41">999 5460 Liftin#@#@#1# hook</emph>
</ptxt>
<ptxt id="nev13711296n1-nev17157061n39">
<emph id="nev13711296n1-nev17157061n38">Tool number:</emph>999 5460</ptxt>
<ptxt id="nev13711296n1-nev17157061n37">
<emph id="nev13711296n1-nev17157061n36">Tool description:</emph>Lifting hook</ptxt>
<ptxt id="nev13711296n1-nev17157061n34">
<emph id="nev13711296n1-nev17157061n33">Tool boards:</emph>21</ptxt>
</entry>
</row>
</tbody>
</tgroup>
</table>
</toolitemtable>
<procedure id="nev13711296n1-nev13711322n67">
<stepgrp boilerplate="false" context="" id="nev13711296n1-nev17157061n81">
<title id="nev13711296n1-nev14786447n38">Removal</title>
<procstep id="nev13711296n1-nev14086885n97">
<note id="nev13711296n1-nev14786447n37">
<ptxt>Removal steps i#@#@#45#ails.</ptxt>
</note>
</procstep>
<procstep id="nev13711296n1-nev14086880n24">
<grate id="nev13711296n1-nev13711322n73">
<graphic id="nev13711296n1-nev13711322n74">
<href>0900c8af83eaeeb#@#@#9#.jpeg</href>
</graphic>
</grate>
</procstep>
<procstep id="nev13711296n1-nev14086880n23">
<grate id="nev13711296n1-nev13711322n77">
<graphic id="nev13711296n1-nev13711322n78">
<href>0900c8af8337d9d#@#@#9#.jpeg</href>
</graphic>
<graphtext id="nev13711296n1-nev17157078n1">
<para id="nev13711296n1-nev17157061n79">
<ptxt id="nev13711296n1-nev17157061n80">
<toolitem boilerplate="true" id="nev13711296n1-nev14086893n51" imageid="0900c8af85369649"/>
<toolitem boilerplate="false" id="nev13711296n1-nev14086893n50" imageid="0900c8af80054346"/>
</ptxt>
</para>
</graphtext>
</grate>
</procstep>
<procstep id="nev13711296n1-nev14086880n18">
<grate id="nev13711296n1-nev13711322n88">
<graphic id="nev13711296n1-nev13711322n89">
<href>0900c8af83eda3e#@#@#9#.jpeg</href>
</graphic>
<graphtext id="nev13711296n1-nev17157088n1">
<list1 boilerplate="true" context="remove" enumtype="n" id="nev13711296n1-nev13711322n91" type="ordered">
<item id="nev13711296n1-nev17157061n78">
<ptxt id="nev13711296n1-nev17157061n77">
<torque id="nev13711296n1-nev13711322n94">
<ref id="nev13711296n1-nev13711322n95"/>
</torque>
</ptxt>
</item>
<item id="nev13711296n1-nev17157061n76">
<ptxt id="nev13711296n1-nev17157061n75">
<torque id="nev13711296n1-nev14786447n31">
<ref id="nev13711296n1-nev14786447n29"/>
</torque>
</ptxt>
</item>
</list1>
</graphtext>
</grate>
</procstep>
</stepgrp>
<stepgrp boilerplate="false" context="" id="nev13711296n1-nev17157061n74">
<title id="nev13711296n1-nev14786447n27">Installation</title>
<procstep id="nev13711296n1-nev13711322n99">
<para id="nev13711296n1-nev17157061n72">
<ptxt id="nev13711296n1-nev17157061n73">To install, rev#@#@#22#dure.</ptxt>
</para>
</procstep>
</stepgrp>
</procedure>
</servinfosub>