<?xml version="1.0" encoding="UTF-8"?><servinfosub IE-ID="en-US0900c8af80be5f03" docno="VCC-090608" id="KC01119653" xml:lang="en-US">
<title>Courtesy lighti#@#@#15#acing</title>
<procedure>
<stepgrp id="KC01119654">
<title>Removal</title>
<procstep>
<title>Courtesy lamp a#@#@#2# bulb</title>
<grate>
<graphic id="KC03291243">
<href>0900c8af80057ad#@#@#9#.jpeg</href>
</graphic>
<graphtext>
<list1 enumtype="d">
<item>
<ptxt>Carefully turn #@#@#75# tool</ptxt>
</item>
<item>
<ptxt>Disconnect the #@#@#4#ector</ptxt>
</item>
<item>
<ptxt>Remove the bulb.</ptxt>
</item>
</list1>
</graphtext>
</grate>
</procstep>
</stepgrp>
<stepgrp id="KC01119655">
<title>Installation</title>
<procstep>
<title>Courtesy lamp a#@#@#2# bulb</title>
<para>
<ptxt>In reverse order.</ptxt>
</para>
</procstep>
</stepgrp>
</procedure>
</servinfosub>