<?xml version="1.0" encoding="UTF-8"?><servinfosub IE-ID="en-US0900c8af82d44f03" docno="VCC-273109" id="nev11091949n1" xml:lang="en-US">
<title>
<phrase category="Title" id="nev11353094n1" phrase-urn="urn:x-nevis:phrase:0800c8af81eb9a59">Fault-tracing</phrase>
</title>
<diagnostic j2008use="1" layout="1" paperuse="1" screenuse="1" type="test">
<testgrp IE-ID="en-US0900c8af82d44f03_nev11091949n3" id="nev11091949n3" j2008use="1" paperuse="1" resumable="1" screenuse="1" testgrp-id="node1" x="80" y="80">
<title>
<phrase category="" id="nev11091949n4" phrase-urn="urn:x-nevis:phrase:0800c8af827096de">Checking the co#@#@#13#iring</phrase>
</title>
<node>
<test1>
<test2>
<para>
<ptxt>
<phrase category="" id="nev11091949n5" phrase-urn="urn:x-nevis:phrase:0800c8af827096df">Check the signa#@#@#150#tage.</phrase>
</ptxt>
</para>
<para>
<ptxt>
<phrase category="" id="nev11091949n6" phrase-urn="urn:x-nevis:phrase:0800c8af827096e1">Remedy as necessary.</phrase>
</ptxt>
</para>
<list1 enumtype="d" type="unordered">
<title>
<phrase category="" id="nev11091949n7" phrase-urn="urn:x-nevis:phrase:0800c8af827096e2">Other information</phrase>
</title>
<item>
<ptxt>
<xref id="nev11327913n100">
<ref id="l1130413414592"/>
</xref>
</ptxt>
</item>
<item>
<ptxt>
<xref id="nev11327913n98">
<ref id="l1130413439232"/>
</xref>
</ptxt>
</item>
<item>
<ptxt>
<xref id="nev11327913n96">
<ref id="l1130413465388"/>
</xref>
</ptxt>
</item>
</list1>
<diaglist>
<dgraphic>
<dgraphic2>
<graphic id="nev11091950n4">
<href>0900c8af86c8681#@#@#9#.jpeg</href>
</graphic>
<smarttool active="press" id="nev11091950n5"/>
</dgraphic2>
</dgraphic>
</diaglist>
<grate>
<graphic id="nev11091950n7">
<href>0900c8af8005a21#@#@#9#.jpeg</href>
</graphic>
</grate>
</test2>
</test1>
<question>
Select Continue.
</question>
<resact-grp>
<result button="cont" comp="button" highlight="0"/>
<action j2008use="1" paperuse="1" screenuse="1">
<ptxt>
<xref>
<ref id="nev11091950n9"/>
</xref>
</ptxt>
</action>
</resact-grp>
</node>
</testgrp>
<testgrp id="nev11091950n10" j2008use="1" paperuse="1" resumable="1" screenuse="1" testgrp-id="ecm-ver1" x="80" y="220">
<title>
<phrase category="" id="nev11091951n1" phrase-urn="urn:x-nevis:phrase:0800c8af827096e8">Verification</phrase>
</title>
<subcalloutnode>
<diagcallout>
<xref id="nev11211854n100">
<ref id="nev11091951n2"/>
</xref>
</diagcallout>
<rescall-grp>
<result comp="string" highlight="0" op="eq" return="VERIFICATION FAILED"/>
<calloutaction>
<ptxt>
<xref>
<ref id="nev11091951n3"/>
</xref>
</ptxt>
</calloutaction>
</rescall-grp>
<rescall-grp>
<result comp="string" highlight="0" op="eq" return="VERIFIED"/>
<calloutaction>
<return value="FAULT FOUND"/>
</calloutaction>
</rescall-grp>
</subcalloutnode>
</testgrp>
<testgrp id="nev11091951n4" j2008use="1" paperuse="1" resumable="1" screenuse="1" testgrp-id="info1" x="80" y="380">
<title>
<phrase category="" id="nev11091951n5" phrase-urn="urn:x-nevis:phrase:0800c8af827096e9">Fault-tracing i#@#@#5#ation</phrase>
</title>
<subcalloutnode>
<diagcallout>
<xref>
<ref id="nev11091951n6"/>
</xref>
</diagcallout>
<rescall-grp>
<result comp="string" highlight="0" op="eq" return="FAULTTRACING FAILED"/>
<calloutaction>
<return value="FAULTTRACING FAILED"/>
</calloutaction>
</rescall-grp>
<rescall-grp>
<result comp="string" highlight="0" op="eq" return="NEW TRY"/>
<calloutaction>
<ptxt>
<xref>
<ref id="nev11091951n7"/>
</xref>
</ptxt>
</calloutaction>
</rescall-grp>
</subcalloutnode>
</testgrp>
</diagnostic>
</servinfosub>