<?xml version="1.0" encoding="UTF-8"?><servinfosub IE-ID="en-US0900c8af82d88f03" docno="VCC-274052" id="nev11103899n1" xml:lang="en-US">
<title>
<phrase category="Title" id="nev11107679n1" phrase-urn="urn:x-nevis:phrase:0800c8af81eb9a54">Diagnostic trou#@#@#21#ation</phrase>
<phrase category="Prefix" id="nev11107678n1" phrase-urn="urn:x-nevis:phrase:0800c8af8015c3f5">ECM</phrase>-P212136</title>
<diagnostic j2008use="1" paperuse="1" screenuse="1" type="condition">
<condgrp>
<condition type="condition">
<grate>
<graphic id="nev11103899n3" width="column">
<href>0900c8af804454f#@#@#9#.jpeg</href>
</graphic>
<graphtext>
<para>
<ptxt>
<phrase category="" id="nev11103899n4" phrase-urn="urn:x-nevis:phrase:0800c8af81aa0792">The diagnostic #@#@#196#lues.</phrase>
</ptxt>
<ptxt>
<phrase category="" id="nev11103899n5" phrase-urn="urn:x-nevis:phrase:0800c8af81aa0793">The diagnostic #@#@#64#d on.</phrase>
</ptxt>
</para>
</graphtext>
</grate>
</condition>
</condgrp>
<condgrp>
<condition type="substitution">
<list1 enumtype="d" type="unordered">
<item>
<ptxt>
<phrase category="" id="nev11103899n6" phrase-urn="urn:x-nevis:phrase:0800c8af81aa0794">None.</phrase>
</ptxt>
</item>
</list1>
</condition>
<ps>
<list1 enumtype="d" type="unordered">
<item>
<ptxt>
<phrase category="" id="nev11103899n7" phrase-urn="urn:x-nevis:phrase:0800c8af81aa0795">Contact resista#@#@#116#nsor </phrase>
</ptxt>
</item>
<item>
<ptxt>
<phrase category="" id="nev11103899n8" phrase-urn="urn:x-nevis:phrase:0800c8af81aa0796">Open-circuit or#@#@#57#cable</phrase>
</ptxt>
</item>
<item>
<ptxt>
<phrase category="" id="nev11103899n9" phrase-urn="urn:x-nevis:phrase:0800c8af81aa0797">Damaged acceler#@#@#27#nsor.</phrase>
</ptxt>
</item>
</list1>
</ps>
</condgrp>
<condgrp>
<condition type="symptom">
<list1 enumtype="d" type="unordered">
<item>
<ptxt>
<phrase category="" id="nev11103899n10" phrase-urn="urn:x-nevis:phrase:0800c8af81aa0798">None.</phrase>
</ptxt>
</item>
</list1>
</condition>
</condgrp>
</diagnostic>
</servinfosub>