<?xml version="1.0" encoding="UTF-8"?><servinfosub IE-ID="en-US0900c8af84c58f03" docno="VCC-403496" id="nev15074030n1" xml:lang="en-US">
<title>
<phrase category="Title" id="nev15074030n2" phrase-urn="urn:x-nevis:phrase:0800c8af81eb9a54">Diagnostic trou#@#@#21#ation</phrase>
<phrase category="Prefix" id="nev15074030n3" phrase-urn="urn:x-nevis:phrase:0800c8af8015c3f5">ECM</phrase>-P008762</title>
<diagnostic j2008use="1" paperuse="1" screenuse="1" type="condition">
<condgrp>
<condition type="condition">
<grate>
<graphic id="nev15074030n4">
<href>0900c8af84c58ee#@#@#9#.jpeg</href>
</graphic>
<graphtext>
<para>
<ptxt>
<phrase category="Condition" id="nev15074071n1" phrase-urn="urn:x-nevis:phrase:0800c8af84ba6970">The engine cont#@#@#58#side.</phrase>
<phrase category="Condition" id="nev15074073n1" phrase-urn="urn:x-nevis:phrase:0800c8af84ba6972">If the engine c#@#@#146#ated.</phrase>
<phrase category="Condition" id="nev15074050n1" phrase-urn="urn:x-nevis:phrase:0800c8af84ba690a">The deviation b#@#@#137#ated.</phrase>
<phrase category="Condition" id="nev15074059n1" phrase-urn="urn:x-nevis:phrase:0800c8af84ba6922">The diagnostic #@#@#66#side.</phrase>
</ptxt>
<ptxt>
<phrase category="Condition" id="nev15074048n1" phrase-urn="urn:x-nevis:phrase:0800c8af81eaae5f">The diagnostic #@#@#58#ning.</phrase>
</ptxt>
<ptxt>
<phrase category="" id="nev15074030n8" phrase-urn="urn:x-nevis:phrase:0800c8af8233766c">For information#@#@#57#tion.</phrase>
</ptxt>
</para>
</graphtext>
</grate>
</condition>
</condgrp>
<condgrp>
<condition type="substitution">
<list1 id="nev15360327n100">
<item id="nev15360327n99">
<ptxt id="nev15360327n98">
<phrase category="" id="nev15360328n1" phrase-urn="urn:x-nevis:phrase:0800c8af8233766d">None.</phrase>
</ptxt>
</item>
</list1>
</condition>
<ps>
<list1 enumtype="d" type="unordered">
<item id="nev15074034n94">
<ptxt id="nev15074034n93">
<phrase category="Possible source" id="nev15074055n1" phrase-urn="urn:x-nevis:phrase:0800c8af8250ca36">Leakage in the #@#@#7#stem.</phrase>
</ptxt>
</item>
<item>
<ptxt>
<phrase category="" id="nev15074030n10" phrase-urn="urn:x-nevis:phrase:0800c8af8233766e">Contact resista#@#@#28#inals</phrase>
</ptxt>
</item>
<item>
<ptxt>
<phrase category="" id="nev15074031n1" phrase-urn="urn:x-nevis:phrase:0800c8af8233766f">Short-circuit t#@#@#31#cable</phrase>
</ptxt>
</item>
<item>
<ptxt>
<phrase category="" id="nev15074031n2" phrase-urn="urn:x-nevis:phrase:0800c8af82337670">Open-circuit in#@#@#12#cable</phrase>
</ptxt>
</item>
<item>
<ptxt>
<phrase category="" id="nev15074031n3" phrase-urn="urn:x-nevis:phrase:0800c8af82337671">Open-circuit in#@#@#19#cable</phrase>
</ptxt>
</item>
<item>
<ptxt>
<phrase category="Possible source" id="nev15074053n1" phrase-urn="urn:x-nevis:phrase:0800c8af81eabb18">Damaged fuel pr#@#@#9#nsor.</phrase>
</ptxt>
</item>
<item id="nev15074034n86">
<ptxt id="nev15074034n85">
<phrase category="Possible source" id="nev15074065n1" phrase-urn="urn:x-nevis:phrase:0800c8af81eabb17">Damaged fuel pump.</phrase>
</ptxt>
</item>
</list1>
</ps>
</condgrp>
<condgrp>
<condition type="symptom">
<list1 enumtype="d" type="unordered">
<item id="nev15104539n100">
<ptxt id="nev15104539n99">
<phrase category="Symptom CSC" id="nev15104540n1" phrase-urn="urn:x-nevis:phrase:0800c8af8388f453">DL2, Warning li#@#@#86#ation</phrase>
</ptxt>
</item>
<item>
<ptxt>
<phrase category="Symptom CSC" id="nev15074056n1" phrase-urn="urn:x-nevis:phrase:0800c8af8388f029">AE, Idling/Unev#@#@#2# idle</phrase>
</ptxt>
</item>
<item id="nev15074034n90">
<ptxt id="nev15074034n89">
<phrase category="Symptom CSC" id="nev15074057n1" phrase-urn="urn:x-nevis:phrase:0800c8af8388f021">AK, Driving/Hes#@#@#33#times</phrase>
</ptxt>
</item>
</list1>
</condition>
</condgrp>
</diagnostic>
</servinfosub>