<?xml version="1.0" encoding="UTF-8"?><servinfosub IE-ID="en-US0900c8af81854f03" docno="VCC-162603" id="KC06292173" xml:lang="en-US">
<title>
<phrase category="" id="KC07255278" phrase-urn="urn:x-nevis:phrase:0800c8af81aa0901">Diagnostic trou#@#@#30#-00ED</phrase>
</title>
<diagnostic type="condition">
<condgrp>
<condition type="condition">
<grate>
<graphic id="KC07255279">
<href>0900c8af81621c3#@#@#9#.jpeg</href>
</graphic>
<graphtext>
<para>
<ptxt>
<phrase category="" id="KC07255280" phrase-urn="urn:x-nevis:phrase:0800c8af81aa0902">The Supplementa#@#@#71#umn. </phrase>
</ptxt>
</para>
<para>
<ptxt>
<phrase category="" id="KC07255281" phrase-urn="urn:x-nevis:phrase:0800c8af81aa0903">Diagnostic trou#@#@#139#onds.</phrase>
</ptxt>
</para>
<para>
<ptxt>
<phrase category="" id="KC07255282" phrase-urn="urn:x-nevis:phrase:0800c8af81aa0904">Diagnostic trou#@#@#71# III.</phrase>
</ptxt>
</para>
</graphtext>
</grate>
</condition>
</condgrp>
<condgrp>
<condition type="substitution">
<list1 enumtype="d">
<item>
<ptxt>
<phrase category="" id="KC07255283" phrase-urn="urn:x-nevis:phrase:0800c8af81aa0905">None.</phrase>
</ptxt>
</item>
</list1>
</condition>
<ps>
<list1 enumtype="d" type="unordered">
<item>
<ptxt>
<phrase category="" id="KC07255284" phrase-urn="urn:x-nevis:phrase:0800c8af81aa0906">Short-circuit i#@#@#6#ector</phrase>
</ptxt>
</item>
<item>
<ptxt>
<phrase category="" id="KC07255285" phrase-urn="urn:x-nevis:phrase:0800c8af81aa0907">Short-circuit i#@#@#92#(SRS)</phrase>
</ptxt>
</item>
<item>
<ptxt>
<phrase category="" id="KC07255286" phrase-urn="urn:x-nevis:phrase:0800c8af81aa0908">Short-circuit i#@#@#50#er). </phrase>
</ptxt>
</item>
</list1>
</ps>
</condgrp>
<condgrp>
<condition type="symptom">
<list1 enumtype="d" type="unordered">
<item>
<ptxt>
<phrase category="" id="KC07255287" phrase-urn="urn:x-nevis:phrase:0800c8af81aa0909">The SRS indicat#@#@#10# lit.</phrase>
</ptxt>
</item>
</list1>
</condition>
</condgrp>
</diagnostic>
</servinfosub>