<?xml version="1.0" encoding="UTF-8"?><servinfosub IE-ID="en-US0800c8af83423405" docno="T9997224" id="ST-0800c8af83423405" xml:lang="en-US">
<title>999 7224 Positi#@#@#5#tting</title>
<grate>
<graphic id="0900c8af8321d2e5"/>
<graphtext>
<deflist>
<defitem>
<term>Tool number:</term>
<def>999 7224-2</def>
</defitem>
<defitem>
<term>Tool description:</term>
<def>Position setting</def>
</defitem>
<defitem>
<term>Tool board:</term>
<def>21</def>
</defitem>
</deflist>
</graphtext>
</grate>
</servinfosub>