<?xml version="1.0" encoding="UTF-8"?><servinfosub IE-ID="en-US0900c8af84a56405" docno="VCC-397769" id="nev14785662n1" servinfosubId="nev20685350n1-nev20685350n2" servinfosubRes="0900c8af862c1d64" servinfosubRes2="urn:x-nevis:fragment:0900c8af84a56405:0900c8af862c1d64#nev20685350n2" xml:lang="en-US">
<title id="nev14785662n2">Description of #@#@#24#ation</title>
<procedure id="nev20685350n1-nev14785662n3">
<hint id="nev20685350n1-nev14785662n4">
<ptxt id="nev20685350n1-nev14785662n5">All components/#@#@#140#kets.</ptxt>
</hint>
<stepgrp id="nev20685350n1-nev14785662n6">
<title id="nev20685350n1-nev14785662n7">Component/function</title>
<procstep id="nev20685350n1-nev14785662n8">
<title id="nev20685350n1-nev14785662n9">Electric feed pump</title>
<para id="nev20685350n1-nev14785662n10">
<ptxt id="nev20685350n1-nev14785663n1">The feed pump i#@#@#54#ling.</ptxt>
<ptxt id="nev20685350n1-nev14785663n2">A low humming n#@#@#53#ated.</ptxt>
<ptxt id="nev20685350n1-nev14785663n3">Note that the f#@#@#72#ates.</ptxt>
</para>
</procstep>
<procstep id="nev20685350n1-nev14785663n4">
<title id="nev20685350n1-nev14785663n5">Control valve </title>
<para id="nev20685350n1-nev14785663n6">
<ptxt id="nev20685350n1-nev14785663n7">The control val#@#@#61#noid.</ptxt>
<ptxt id="nev20685350n1-nev14785663n8">Following activ#@#@#132#ated.</ptxt>
</para>
<list1 enumtype="n" id="nev20685350n1-nev14785663n9" type="ordered">
<title id="nev20685350n1-nev14785663n10">The activation #@#@#21#ages:</title>
<item id="nev20685350n1-nev14785664n1">
<ptxt id="nev20685350n1-nev14785664n2">Min.</ptxt>
<ptxt id="nev20685350n1-nev14785664n3">Means a closed #@#@#130#axle.</ptxt>
</item>
<item id="nev20685350n1-nev14785664n4">
<ptxt id="nev20685350n1-nev14785664n5">Max.</ptxt>
<ptxt id="nev20685350n1-nev14785664n6">Means an open c#@#@#131#axle.</ptxt>
</item>
</list1>
</procstep>
</stepgrp>
</procedure>
</servinfosub>