<?xml version="1.0" encoding="UTF-8"?><servinfosub IE-ID="en-US0900c8af823e0405" docno="VCC-166400" id="KC09005241" xml:lang="en-US">
<title>
<phrase category="" id="KC09604129" phrase-urn="urn:x-nevis:phrase:0800c8af82724af2">Signal missing</phrase>
</title>
<diagnostic type="test">
<testgrp IE-ID="en-US0900c8af823e0405_KC09031887" id="KC09031887" j2008use="1" paperuse="1" resumable="1" screenuse="1" testgrp-id="node0" x="120" y="80">
<title>
<phrase category="" id="KC09604130" phrase-urn="urn:x-nevis:phrase:0800c8af82724af3">Checking the fu#@#@#1#ction</phrase>
</title>
<node>
<test1>
<test2>
<para>
<ptxt>
<phrase category="" id="KC09604131" phrase-urn="urn:x-nevis:phrase:0800c8af82724af4">The LEDs should#@#@#76#ated.</phrase>
</ptxt>
</para>
<para>
<ptxt>
<phrase category="" id="KC09604132" phrase-urn="urn:x-nevis:phrase:0800c8af82724af5">Switch on the i#@#@#47# LED.</phrase>
</ptxt>
</para>
<grate>
<graphic id="KC09604133">
<href>0900c8af8204a73#@#@#9#.jpeg</href>
</graphic>
</grate>
</test2>
</test1>
<question>
Did the LED fl#@#@#12#mes?
</question>
<resact-grp>
<result button="yes" comp="button" highlight="0"/>
<action j2008use="1" paperuse="1" screenuse="1">
<ptxt>
<xref>
<ref id="KC09604135"/>
</xref>
</ptxt>
</action>
</resact-grp>
<resact-grp>
<result button="no" comp="button" highlight="0"/>
<action j2008use="1" paperuse="1" screenuse="1">
<ptxt>
<xref>
<ref id="KC09604136"/>
</xref>
</ptxt>
</action>
</resact-grp>
</node>
</testgrp>
<testgrp id="KC09031888" j2008use="1" paperuse="1" resumable="1" screenuse="1" testgrp-id="node1" x="120" y="80">
<title>
<phrase category="" id="KC09604137" phrase-urn="urn:x-nevis:phrase:0800c8af82724af7">Checking the wiring</phrase>
</title>
<node>
<test1>
<diaglist>
<dgraphic>
<dgraphic1>
<graphic id="KC09604138">
<href>0900c8af80054d4#@#@#9#.jpeg</href>
</graphic>
</dgraphic1>
<dgraphic3>
<graphic id="KC09604139">
<href>0900c8af80054d7#@#@#9#.jpeg</href>
</graphic>
</dgraphic3>
</dgraphic>
<ditem>
<ptxt>
<phrase category="" id="KC09604140" phrase-urn="urn:x-nevis:phrase:0800c8af82724af8">Ignition off</phrase>
</ptxt>
</ditem>
</diaglist>
<test2>
<para>
<ptxt>
<phrase category="" id="KC09604141" phrase-urn="urn:x-nevis:phrase:0800c8af82724af9">Unplug the LED #@#@#101#sion.</phrase>
</ptxt>
</para>
<para>
<ptxt>
<phrase category="" id="KC09604142" phrase-urn="urn:x-nevis:phrase:0800c8af82724afa">Check the signa#@#@#85#cuit.</phrase>
</ptxt>
</para>
<para>
<ptxt>
<phrase category="" id="KC09604143" phrase-urn="urn:x-nevis:phrase:0800c8af82724afb">Check the groun#@#@#86#cuit.</phrase>
</ptxt>
</para>
<para>
<ptxt>
<phrase category="" id="KC09604144" phrase-urn="urn:x-nevis:phrase:0800c8af82724afc">Remedy as necessary.</phrase>
</ptxt>
</para>
<list1 enumtype="d" type="unordered">
<title>
<phrase category="" id="KC09604145" phrase-urn="urn:x-nevis:phrase:0800c8af82724afd">Other information</phrase>
</title>
<item>
<ptxt>
<phrase category="" id="KC09604146" phrase-urn="urn:x-nevis:phrase:0800c8af82724afe">
<xref>
<ref id="KC09604147"/>
</xref>
</phrase>
</ptxt>
</item>
<item>
<ptxt>
<phrase category="" id="KC09604148" phrase-urn="urn:x-nevis:phrase:0800c8af82724aff">Change the ligh#@#@#18#see: <xref>
<ref id="KC09604149"/>
</xref>
</phrase>
</ptxt>
</item>
<item>
<ptxt>
<phrase category="" id="KC09604150" phrase-urn="urn:x-nevis:phrase:0800c8af82724b00">
<xref>
<ref id="KC09604151"/>
</xref>
</phrase>
</ptxt>
</item>
</list1>
<diaglist>
<dgraphic>
<dgraphic1>
<graphic id="KC09604152">
<href>0900c8af8204a7c#@#@#9#.jpeg</href>
</graphic>
</dgraphic1>
</dgraphic>
</diaglist>
<grate>
<graphic id="KC09604153">
<href>0900c8af8204a73#@#@#9#.jpeg</href>
</graphic>
</grate>
</test2>
</test1>
<question>
Select Continue.
</question>
<resact-grp>
<result button="cont" comp="button" highlight="0"/>
<action j2008use="1" paperuse="1" screenuse="1">
<ptxt>
<xref>
<ref id="KC09604155"/>
</xref>
</ptxt>
</action>
</resact-grp>
</node>
</testgrp>
<testgrp id="KC09031889" j2008use="1" paperuse="1" resumable="1" screenuse="1" testgrp-id="node2" x="360" y="80">
<title>
<phrase category="" id="KC09604156" phrase-urn="urn:x-nevis:phrase:0800c8af82724b02">Fault-tracing i#@#@#5#ation</phrase>
</title>
<node>
<test1>
<test2>
<para>
<ptxt>
<phrase category="" id="KC09604157" phrase-urn="urn:x-nevis:phrase:0800c8af82724b03">The right camer#@#@#373#case.</phrase>
</ptxt>
<ptxt>
<phrase category="" id="KC09604158" phrase-urn="urn:x-nevis:phrase:0800c8af82724b04">You can choose #@#@#42# it. </phrase>
</ptxt>
</para>
</test2>
</test1>
<question>
Would you like#@#@#9#nue?
</question>
<resact-grp>
<result button="yes" comp="button" highlight="0"/>
<action j2008use="1" paperuse="1" screenuse="1">
<ptxt>
<xref>
<ref id="KC09604160"/>
</xref>
</ptxt>
</action>
</resact-grp>
<resact-grp>
<result button="no" comp="button" highlight="0"/>
<action j2008use="1" paperuse="1" screenuse="1">
<return value="FAULT NOT FOUND"/>
</action>
</resact-grp>
</node>
</testgrp>
<testgrp id="KC09031890" j2008use="1" paperuse="1" resumable="1" screenuse="1" testgrp-id="veria" x="120" y="200">
<title>
<phrase category="" id="KC09604161" phrase-urn="urn:x-nevis:phrase:0800c8af82724b06">Verification</phrase>
</title>
<subcalloutnode>
<diagcallout>
<xref>
<ref id="KC09604162"/>
</xref>
</diagcallout>
<rescall-grp>
<result comp="string" highlight="0" op="eq" return="VERIFIED"/>
<calloutaction>
<return value="FAULT FOUND"/>
</calloutaction>
</rescall-grp>
<rescall-grp>
<result comp="string" highlight="0" op="eq" return="VERIFICATION FAILED"/>
<calloutaction>
<ptxt>
<xref>
<ref id="KC09604163"/>
</xref>
</ptxt>
</calloutaction>
</rescall-grp>
</subcalloutnode>
</testgrp>
<testgrp id="KC09031891" j2008use="1" paperuse="0" resumable="1" screenuse="1" testgrp-id="info1" x="360" y="200">
<title>
<phrase category="" id="KC09604164" phrase-urn="urn:x-nevis:phrase:0800c8af82724b07">Fault-tracing i#@#@#5#ation</phrase>
</title>
<subcalloutnode>
<diagcallout>
<xref>
<ref id="KC09604165"/>
</xref>
</diagcallout>
<rescall-grp>
<result comp="string" highlight="0" op="eq" return="FAULTTRACING FAILED"/>
<calloutaction>
<return value="FAULTTRACING FAILED"/>
</calloutaction>
</rescall-grp>
<rescall-grp>
<result comp="string" highlight="0" op="eq" return="NEW TRY"/>
<calloutaction>
<ptxt>
<xref>
<ref id="KC09604166"/>
</xref>
</ptxt>
</calloutaction>
</rescall-grp>
</subcalloutnode>
</testgrp>
</diagnostic>
</servinfosub>