<?xml version="1.0" encoding="UTF-8"?><servinfosub IE-ID="en-US0900c8af85c73319" docno="VCC-460399" id="nev18951003n1" xml:lang="en-US">
<title>
<phrase category="" id="nev18951003n2" phrase-urn="urn:x-nevis:phrase:0800c8af81c30e2b">Readiness Code #@#@#4#/CDN)</phrase>
</title>
<diagnostic j2008use="1" layout="1" paperuse="1" screenuse="1" type="test">
<testgrp IE-ID="en-US0900c8af85c73319_nev18951003n3" id="nev18951003n3" j2008use="1" paperuse="1" resumable="1" screenuse="1" testgrp-id="node1" x="140" y="60">
<title>
<phrase category="" id="nev18951003n4" phrase-urn="urn:x-nevis:phrase:0800c8af81c30e2c">Checking malfun#@#@#30#ually</phrase>
</title>
<node>
<test1>
<test2>
<para>
<ptxt>
<phrase category="" id="nev18951003n5" phrase-urn="urn:x-nevis:phrase:0800c8af81c30e2d">No diagnostic t#@#@#158# off.</phrase>
</ptxt>
<ptxt>
<phrase category="" id="nev18951003n6" phrase-urn="urn:x-nevis:phrase:0800c8af81c30e2e">Therefore visua#@#@#55#lit. </phrase>
</ptxt>
</para>
<hint>
<ptxt>
<phrase category="" id="nev18951003n7" phrase-urn="urn:x-nevis:phrase:0800c8af81c30e2f">The malfunction#@#@#96#ling.</phrase>
</ptxt>
</hint>
<list1 enumtype="n" type="ordered">
<title>
<phrase category="" id="nev18951003n8" phrase-urn="urn:x-nevis:phrase:0800c8af81c30e30">Select the appr#@#@#68#tus: </phrase>
</title>
<item>
<ptxt>
<phrase category="" id="nev18951003n9" phrase-urn="urn:x-nevis:phrase:0800c8af81c30e31">Malfunction ind#@#@#16#) lit</phrase>
</ptxt>
</item>
<item>
<ptxt>
<phrase category="" id="nev18951003n10" phrase-urn="urn:x-nevis:phrase:0800c8af81c30e32">Malfunction ind#@#@#21# lit.</phrase>
</ptxt>
</item>
</list1>
</test2>
</test1>
<question>
Select alterna#@#@#20#ove.
</question>
<resact-grp>
<result button="text" comp="button" highlight="0" text="1"/>
<action j2008use="1" paperuse="1" screenuse="1">
<ptxt>
<xref>
<ref id="nev18951004n2"/>
</xref>
</ptxt>
</action>
</resact-grp>
<resact-grp>
<result button="text" comp="button" highlight="0" text="2"/>
<action j2008use="1" paperuse="1" screenuse="1">
<ptxt>
<xref>
<ref id="nev18951004n3"/>
</xref>
</ptxt>
</action>
</resact-grp>
</node>
</testgrp>
<testgrp id="nev18951004n4" j2008use="1" paperuse="1" resumable="1" screenuse="1" testgrp-id="node2" x="80" y="200">
<title>
<phrase category="" id="nev18951004n5" phrase-urn="urn:x-nevis:phrase:0800c8af81c30e33">Reading off Rea#@#@#35#(ECM)</phrase>
</title>
<node>
<test1>
<test2>
<para>
<ptxt>
<phrase category="" id="nev18951004n6" phrase-urn="urn:x-nevis:phrase:0800c8af81c30e34">Read off the st#@#@#54#CM). </phrase>
</ptxt>
</para>
<hint>
<ptxt>
<phrase category="" id="nev18951004n7" phrase-urn="urn:x-nevis:phrase:0800c8af81c30e35">Readiness is re#@#@#135# off.</phrase>
</ptxt>
</hint>
<para>
<ptxt>
<phrase category="" id="nev18951004n8" phrase-urn="urn:x-nevis:phrase:0800c8af81c30e36">Status “Ready” #@#@#208#ycle.</phrase>
</ptxt>
</para>
<para>
<ptxt>
<phrase category="" id="nev18951004n9" phrase-urn="urn:x-nevis:phrase:0800c8af81c30e37">The United Stat#@#@#788#ures.</phrase>
</ptxt>
</para>
<list1 enumtype="n" type="ordered">
<title>
<phrase category="" id="nev18951004n10" phrase-urn="urn:x-nevis:phrase:0800c8af81c30e38">Select the appr#@#@#39#atus:</phrase>
</title>
<item>
<ptxt>
<phrase category="" id="nev18951005n1" phrase-urn="urn:x-nevis:phrase:0800c8af81c30e39">Readiness statu#@#@#22#roups</phrase>
</ptxt>
</item>
<item>
<ptxt>
<phrase category="" id="nev18951005n2" phrase-urn="urn:x-nevis:phrase:0800c8af81c30e3a">Readiness statu#@#@#12#ady”.</phrase>
</ptxt>
</item>
</list1>
<diaglist>
<dgraphic>
<dgraphic2>
<graphic id="nev18951005n3">
<href>0900c8af86c8681#@#@#9#.jpeg</href>
</graphic>
<smarttool active="press" id="nev18951005n4"/>
</dgraphic2>
</dgraphic>
</diaglist>
</test2>
</test1>
<question>
Select alterna#@#@#20#ove.
</question>
<resact-grp>
<result button="text" comp="button" highlight="0" text="1"/>
<action j2008use="1" paperuse="1" screenuse="1">
<ptxt>
<xref>
<ref id="nev18951005n6"/>
</xref>
</ptxt>
</action>
</resact-grp>
<resact-grp>
<result button="text" comp="button" highlight="0" text="2"/>
<action j2008use="1" paperuse="1" screenuse="1">
<ptxt>
<xref>
<ref id="nev18951005n7"/>
</xref>
</ptxt>
</action>
</resact-grp>
</node>
</testgrp>
<testgrp id="nev18951005n8" j2008use="1" paperuse="1" resumable="1" screenuse="1" testgrp-id="node3" x="60" y="480">
<title>
<phrase category="" id="nev18951005n9" phrase-urn="urn:x-nevis:phrase:0800c8af81c30e3c">Corrective acti#@#@#16#eady”</phrase>
</title>
<node>
<test1>
<test2>
<para>
<ptxt>
<phrase category="" id="nev18951005n10" phrase-urn="urn:x-nevis:phrase:0800c8af81c30e3d">The United Stat#@#@#788#ures.</phrase>
</ptxt>
</para>
<para>
<ptxt>
<phrase category="" id="nev18951006n1" phrase-urn="urn:x-nevis:phrase:0800c8af81c30e3e">Carry out the f#@#@#160#gain.</phrase>
</ptxt>
</para>
<hint>
<ptxt>
<phrase category="Faulttracing" id="nev18951006n2" phrase-urn="urn:x-nevis:phrase:0800c8af82294e89">Special circums#@#@#77#ions.</phrase>
<phrase category="Faulttracing" id="nev18951006n3" phrase-urn="urn:x-nevis:phrase:0800c8af822dd8c7">The following i#@#@#77#work.</phrase>
<phrase category="Faulttracing" id="nev18951006n4" phrase-urn="urn:x-nevis:phrase:0800c8af82294e8a">Read more on co#@#@#86#tion.</phrase>
</ptxt>
</hint>
<list1 enumtype="n" type="ordered">
<title>
<phrase category="" id="nev18951006n5" phrase-urn="urn:x-nevis:phrase:0800c8af81c30e41">Readiness statu#@#@#17#ready</phrase>
</title>
<item>
<ptxt>
<phrase category="" id="nev18951006n6" phrase-urn="urn:x-nevis:phrase:0800c8af81c30e42">Engine idling f#@#@#14#conds</phrase>
</ptxt>
</item>
<item>
<ptxt>
<phrase category="" id="nev18951006n7" phrase-urn="urn:x-nevis:phrase:0800c8af81c30e43">Ignition off</phrase>
</ptxt>
</item>
<item>
<ptxt>
<phrase category="" id="nev18951006n8" phrase-urn="urn:x-nevis:phrase:0800c8af81c30e44">Ignition on.</phrase>
</ptxt>
</item>
</list1>
<list1 enumtype="n" type="ordered">
<title>
<phrase category="" id="nev18951006n9" phrase-urn="urn:x-nevis:phrase:0800c8af81c30e45">Readiness statu#@#@#21#ready</phrase>
</title>
<item>
<ptxt>
<phrase category="" id="nev18951006n10" phrase-urn="urn:x-nevis:phrase:0800c8af81c30e46">Run the engine #@#@#35#0 °C)</phrase>
</ptxt>
</item>
<item>
<ptxt>
<phrase category="" id="nev18951007n1" phrase-urn="urn:x-nevis:phrase:0800c8af81c30e47">Engine idling f#@#@#14#conds</phrase>
</ptxt>
</item>
<item>
<ptxt>
<phrase category="" id="nev18951007n2" phrase-urn="urn:x-nevis:phrase:0800c8af81c30e48">Ignition off</phrase>
</ptxt>
</item>
<item>
<ptxt>
<phrase category="" id="nev18951007n3" phrase-urn="urn:x-nevis:phrase:0800c8af81c30e49">Ignition on.</phrase>
</ptxt>
</item>
</list1>
<list1 enumtype="n" type="ordered">
<title>
<phrase category="" id="nev18951007n4" phrase-urn="urn:x-nevis:phrase:0800c8af81c30e4a">Readiness statu#@#@#18#ready</phrase>
</title>
<item>
<ptxt>
<phrase category="" id="nev18951007n5" phrase-urn="urn:x-nevis:phrase:0800c8af81c30e4b">Run the engine #@#@#35#0 °C)</phrase>
</ptxt>
</item>
<item>
<ptxt>
<phrase category="" id="nev18951007n6" phrase-urn="urn:x-nevis:phrase:0800c8af81c30e4c">Test drive the #@#@#100#conds</phrase>
</ptxt>
</item>
<item>
<ptxt>
<phrase category="" id="nev18951007n7" phrase-urn="urn:x-nevis:phrase:0800c8af81c30e4d">Ignition off</phrase>
</ptxt>
</item>
<item>
<ptxt>
<phrase category="" id="nev18951007n8" phrase-urn="urn:x-nevis:phrase:0800c8af81c30e4e">Ignition on.</phrase>
</ptxt>
</item>
</list1>
<list1 enumtype="n" type="ordered">
<title>
<phrase category="" id="nev18951007n9" phrase-urn="urn:x-nevis:phrase:0800c8af81c30e4f">Readiness statu#@#@#28#ready</phrase>
</title>
<item>
<ptxt>
<phrase category="Faulttracing" id="nev18951007n10" phrase-urn="urn:x-nevis:phrase:0800c8af822dd8e3">Run a quick tes#@#@#47#tion.</phrase>
</ptxt>
<note>
<ptxt>
<phrase category="" id="nev18951008n1" phrase-urn="urn:x-nevis:phrase:0800c8af81c30e51">When carrying o#@#@#342#shop.</phrase>
</ptxt>
<ptxt>
<phrase category="" id="nev18951008n2" phrase-urn="urn:x-nevis:phrase:0800c8af81c30e52">A fault-free le#@#@#260#ady”.</phrase>
</ptxt>
</note>
<hint>
<ptxt>
<phrase category="Faulttracing" id="nev18951008n3" phrase-urn="urn:x-nevis:phrase:0800c8af826aec7f">For further inf#@#@#105#tion.</phrase>
</ptxt>
</hint>
</item>
<item>
<ptxt>
<phrase category="" id="nev18951008n4" phrase-urn="urn:x-nevis:phrase:0800c8af81c30e54">EVAP canister c#@#@#208# run.</phrase>
</ptxt>
</item>
</list1>
<list1 enumtype="n" type="ordered">
<title>
<phrase category="" id="nev18951008n5" phrase-urn="urn:x-nevis:phrase:0800c8af81c30e55">Readiness statu#@#@#23#ready</phrase>
</title>
<item>
<ptxt>
<phrase category="" id="nev18951008n6" phrase-urn="urn:x-nevis:phrase:0800c8af81c30e56">Run the engine #@#@#35#0 °C)</phrase>
</ptxt>
</item>
<item>
<ptxt>
<phrase category="" id="nev18951008n7" phrase-urn="urn:x-nevis:phrase:0800c8af81c30e57">Test drive the #@#@#100#conds</phrase>
</ptxt>
</item>
<item>
<ptxt>
<phrase category="" id="nev18951008n8" phrase-urn="urn:x-nevis:phrase:0800c8af81c30e58">Ignition off</phrase>
</ptxt>
</item>
<item>
<ptxt>
<phrase category="" id="nev18951008n9" phrase-urn="urn:x-nevis:phrase:0800c8af81c30e59">Ignition on.</phrase>
</ptxt>
</item>
</list1>
<list1 enumtype="n" type="ordered">
<title>
<phrase category="" id="nev18951008n10" phrase-urn="urn:x-nevis:phrase:0800c8af81c30e5a">Readiness statu#@#@#33#ready</phrase>
</title>
<item>
<ptxt>
<phrase category="" id="nev18951009n1" phrase-urn="urn:x-nevis:phrase:0800c8af81c30e5b">Leave the engin#@#@#68#0 °C.</phrase>
</ptxt>
<hint>
<ptxt>
<phrase category="" id="nev18951009n2" phrase-urn="urn:x-nevis:phrase:0800c8af81c30e5c">Opening the hoo#@#@#16#ing. </phrase>
</ptxt>
</hint>
</item>
<item>
<ptxt>
<phrase category="Faulttracing" id="nev18951009n3" phrase-urn="urn:x-nevis:phrase:0800c8af822650e6">Test drive the car.</phrase>
</ptxt>
</item>
<item>
<ptxt>
<phrase category="" id="nev18951009n4" phrase-urn="urn:x-nevis:phrase:0800c8af81c30e5e">Ignition off</phrase>
</ptxt>
</item>
<item>
<ptxt>
<phrase category="" id="nev18951009n5" phrase-urn="urn:x-nevis:phrase:0800c8af81c30e5f">Ignition on.</phrase>
</ptxt>
</item>
</list1>
<diaglist>
<dgraphic>
<dgraphic2>
<graphic id="nev18951009n6">
<href>0900c8af86c8681#@#@#9#.jpeg</href>
</graphic>
<smarttool active="press" id="nev18951009n7"/>
</dgraphic2>
</dgraphic>
</diaglist>
</test2>
</test1>
<question>
Select Continue.
</question>
<resact-grp>
<result button="cont" comp="button" highlight="0"/>
<action j2008use="1" paperuse="1" screenuse="1">
<ptxt>
<xref>
<ref id="nev18951009n9"/>
</xref>
</ptxt>
</action>
</resact-grp>
</node>
</testgrp>
<testgrp id="nev18951009n10" j2008use="1" paperuse="1" resumable="1" screenuse="1" testgrp-id="node5" x="220" y="180">
<title>
<phrase category="" id="nev18951010n1" phrase-urn="urn:x-nevis:phrase:0800c8af81c30e61">Diagnostic trou#@#@#51#(ECM)</phrase>
</title>
<node>
<test1>
<test2>
<para>
<ptxt>
<phrase category="" id="nev18951010n2" phrase-urn="urn:x-nevis:phrase:0800c8af81c30e62">Fault-trace and#@#@#42#TCs).</phrase>
</ptxt>
</para>
<hint>
<ptxt>
<phrase category="Faulttracing" id="nev18951010n3" phrase-urn="urn:x-nevis:phrase:0800c8af82294e7e">For information#@#@#176#DTC).</phrase>
</ptxt>
</hint>
</test2>
</test1>
<question>
Select Continue.
</question>
<resact-grp>
<result button="cont" comp="button" highlight="0"/>
<action j2008use="1" paperuse="1" screenuse="1">
<return value="ANOTHER TEST"/>
</action>
</resact-grp>
</node>
</testgrp>
<testgrp id="nev18951010n5" j2008use="1" paperuse="1" resumable="1" screenuse="1" testgrp-id="node6" x="140" y="360">
<title>
<phrase category="" id="nev18951010n6" phrase-urn="urn:x-nevis:phrase:0800c8af81c30e64">The vehicle is #@#@#13#ivery</phrase>
</title>
<node>
<test1>
<test2>
<list1 enumtype="b">
<title>
<phrase category="" id="nev18951010n7" phrase-urn="urn:x-nevis:phrase:0800c8af81c30e65">The following h#@#@#14#ined:</phrase>
</title>
<item>
<ptxt>
<phrase category="" id="nev18951010n8" phrase-urn="urn:x-nevis:phrase:0800c8af81c30e66">The engine cont#@#@#117#(MIL)</phrase>
</ptxt>
</item>
<item>
<ptxt>
<phrase category="" id="nev18951010n9" phrase-urn="urn:x-nevis:phrase:0800c8af81c30e67">Readiness Code #@#@#167#ycle.</phrase>
</ptxt>
</item>
</list1>
<para>
<ptxt>
<phrase category="" id="nev18951010n10" phrase-urn="urn:x-nevis:phrase:0800c8af81c30e68">The United Stat#@#@#788#ures.</phrase>
</ptxt>
</para>
<hint>
<ptxt>
<phrase category="" id="nev18951011n1" phrase-urn="urn:x-nevis:phrase:0800c8af81c30e69">Readiness is re#@#@#135# off.</phrase>
</ptxt>
</hint>
</test2>
</test1>
<question>
Select Continue.
</question>
<resact-grp>
<result button="cont" comp="button" highlight="0"/>
<action j2008use="1" paperuse="1" screenuse="1">
<return value="ANOTHER TEST"/>
</action>
</resact-grp>
</node>
</testgrp>
</diagnostic>
</servinfosub>