<?xml version="1.0" encoding="UTF-8"?><servinfosub IE-ID="en-US0900c8af80144319" docno="VCC-139355" id="KC01138000" xml:lang="en-US">
<title>
<phrase category="" id="KC06942416" phrase-urn="urn:x-nevis:phrase:0800c8af81a0b6ee">Checking the ca#@#@#6#plate</phrase>
</title>
<diagnostic type="test">
<testgrp IE-ID="en-US0900c8af80144319_KC01259696" id="KC01259696" j2008use="1" paperuse="1" resumable="1" screenuse="1" testgrp-id="dummy" x="280" y="120">
<title>
<phrase category="" id="KC06942417" phrase-urn="urn:x-nevis:phrase:0800c8af81a0b6ef">Checking the ca#@#@#6#plate</phrase>
</title>
<node>
<test1>
<test2>
<para>
<ptxt>
<phrase category="" id="KC06942418" phrase-urn="urn:x-nevis:phrase:0800c8af81a0b6f4">Check the carri#@#@#4#late.</phrase>
</ptxt>
</para>
<para>
<ptxt>
<phrase category="" id="KC06942419" phrase-urn="urn:x-nevis:phrase:0800c8af81a0b6f5">Replace the car#@#@#23#aged.</phrase>
</ptxt>
</para>
<list1 enumtype="d" type="unordered">
<title>
<phrase category="" id="KC06942420" phrase-urn="urn:x-nevis:phrase:0800c8af81a0b6f6">Other information:</phrase>
</title>
<item>
<ptxt>
<phrase category="" id="KC06942421" phrase-urn="urn:x-nevis:phrase:0800c8af81a0b6f8">To replace the #@#@#14# see <xref>
<ref id="KC06942422"/>
</xref>.</phrase>
</ptxt>
</item>
</list1>
<grate>
<graphic id="KC06942423" width="column">
<href>0900c8af8005dba#@#@#9#.jpeg</href>
</graphic>
</grate>
</test2>
</test1>
<question>Was the carrier#@#@#12#aged?</question>
<resact-grp>
<result button="yes" comp="button" highlight="0"/>
<action j2008use="1" paperuse="1" screenuse="1">
<ptxt>
<xref>
<ref id="KC06942424"/>
</xref>
</ptxt>
</action>
</resact-grp>
<resact-grp>
<result button="no" comp="button" highlight="0"/>
<action j2008use="1" paperuse="1" screenuse="1">
<return value="FAULT NOT FOUND"/>
</action>
</resact-grp>
</node>
</testgrp>
<testgrp id="KC01259697" j2008use="1" paperuse="1" resumable="1" screenuse="1" testgrp-id="adapt" x="400" y="240">
<title>
<phrase category="" id="KC06942425" phrase-urn="urn:x-nevis:phrase:0800c8af81a0b6f9">Resetting the a#@#@#28#unter</phrase>
</title>
<subcalloutnode>
<diagcallout>
<xref>
<ref id="KC06942426"/>
</xref>
</diagcallout>
<rescall-grp>
<result comp="string" highlight="0" op="eq" return="DONE"/>
<calloutaction>
<return value="FAULT FOUND"/>
</calloutaction>
</rescall-grp>
</subcalloutnode>
</testgrp>
</diagnostic>
</servinfosub>