<?xml version="1.0" encoding="UTF-8"?><servinfosub IE-ID="en-US0900c8af848c3319" docno="VCC-353607" id="nev13476890n1" xml:lang="en-US">
<title>
<phrase category="" id="nev13476890n2" phrase-urn="urn:x-nevis:phrase:0800c8af82724ec8">Signal missing</phrase>
</title>
<diagnostic j2008use="1" layout="0" paperuse="1" screenuse="1" type="test">
<testgrp IE-ID="en-US0900c8af848c3319_nev13476890n3" id="nev13476890n3" j2008use="1" paperuse="1" resumable="1" screenuse="1" testgrp-id="node1" x="120" y="80">
<title>
<phrase category="" id="nev13476890n4" phrase-urn="urn:x-nevis:phrase:0800c8af82724ec9">Checking connec#@#@#10#iring</phrase>
</title>
<node>
<test1>
<diaglist>
<dgraphic>
<dgraphic1>
<graphic id="nev13476890n5">
<href>0900c8af80054d4#@#@#9#.jpeg</href>
</graphic>
</dgraphic1>
</dgraphic>
<ditem>
<ptxt>
<phrase category="" id="nev13476890n6" phrase-urn="urn:x-nevis:phrase:0800c8af82724eca">Ignition off</phrase>
</ptxt>
</ditem>
</diaglist>
<test2>
<para>
<ptxt>
<phrase category="" id="nev13476890n7" phrase-urn="urn:x-nevis:phrase:0800c8af82724ecb">Check the conne#@#@#110#ctor.</phrase>
</ptxt>
</para>
<para>
<ptxt>
<phrase category="" id="nev13476890n8" phrase-urn="urn:x-nevis:phrase:0800c8af82724ecc">Check the relev#@#@#39#cuit.</phrase>
</ptxt>
</para>
<hint>
<ptxt>
<phrase category="" id="nev13476890n9" phrase-urn="urn:x-nevis:phrase:0800c8af82724ecd">Voltage should #@#@#102#ess).</phrase>
</ptxt>
</hint>
<para>
<ptxt>
<phrase category="Faulttracing" id="nev13476903n1" phrase-urn="urn:x-nevis:phrase:0800c8af843295eb">Check the signa#@#@#130#cuit.</phrase>
</ptxt>
</para>
<para>
<ptxt>
<phrase category="" id="nev13476891n1" phrase-urn="urn:x-nevis:phrase:0800c8af82724ed0">Check the groun#@#@#150#tion.</phrase>
</ptxt>
</para>
<para>
<ptxt>
<phrase category="" id="nev13476891n2" phrase-urn="urn:x-nevis:phrase:0800c8af82724ed1">In addition, ch#@#@#112#tion.</phrase>
</ptxt>
</para>
<para>
<ptxt>
<phrase category="" id="nev13476891n3" phrase-urn="urn:x-nevis:phrase:0800c8af82724ed2">Check the power#@#@#136#ound.</phrase>
</ptxt>
</para>
<para>
<ptxt>
<phrase category="" id="nev13476891n4" phrase-urn="urn:x-nevis:phrase:0800c8af82724ed3">Remedy as necessary.</phrase>
</ptxt>
</para>
<list1 enumtype="d" type="unordered">
<title>
<phrase category="" id="nev13476891n5" phrase-urn="urn:x-nevis:phrase:0800c8af82724ed4">Other information</phrase>
</title>
<item>
<ptxt>
<phrase category="" id="nev13476891n6" phrase-urn="urn:x-nevis:phrase:0800c8af82724ed5">
<xref>
<ref id="KC09606417"/>
</xref>
</phrase>
</ptxt>
</item>
<item>
<ptxt>
<xref id="nev14419238n100">
<ref id="l1202114714196"/>
</xref>
</ptxt>
</item>
<item>
<ptxt>
<phrase category="" id="nev13476891n10" phrase-urn="urn:x-nevis:phrase:0800c8af82724ed7">
<xref>
<ref id="KC09606421"/>
</xref>
</phrase>
</ptxt>
</item>
</list1>
<diaglist>
<dgraphic>
<dgraphic1>
<graphic id="nev13476892n2">
<href>0900c8af80a53b0#@#@#9#.jpeg</href>
</graphic>
</dgraphic1>
</dgraphic>
</diaglist>
<grate>
<graphic id="nev13476892n3" width="column">
<href>0900c8af80a539b#@#@#9#.jpeg</href>
</graphic>
</grate>
</test2>
</test1>
<question>
Select Continue.
</question>
<resact-grp>
<result button="cont" comp="button" highlight="0"/>
<action j2008use="1" paperuse="1" screenuse="1">
<ptxt>
<xref>
<ref id="nev13476892n5"/>
</xref>
</ptxt>
</action>
</resact-grp>
</node>
</testgrp>
<testgrp id="nev13476892n6" j2008use="1" paperuse="1" resumable="1" screenuse="1" testgrp-id="ecm-ver1" x="120" y="200">
<title>
<phrase category="" id="nev13476892n7" phrase-urn="urn:x-nevis:phrase:0800c8af82724ed9">Verification</phrase>
</title>
<subcalloutnode>
<diagcallout>
<xref>
<ref id="nev13476892n8"/>
</xref>
</diagcallout>
<rescall-grp>
<result comp="string" highlight="0" op="eq" return="VERIFICATION FAILED"/>
<calloutaction>
<ptxt>
<xref>
<ref id="nev13476892n9"/>
</xref>
</ptxt>
</calloutaction>
</rescall-grp>
<rescall-grp>
<result comp="string" highlight="0" op="eq" return="VERIFIED"/>
<calloutaction>
<return value="FAULT FOUND"/>
</calloutaction>
</rescall-grp>
</subcalloutnode>
</testgrp>
<testgrp id="nev13476892n10" j2008use="1" paperuse="1" resumable="1" screenuse="1" testgrp-id="info1" x="320" y="160">
<title>
<phrase category="" id="nev13476893n1" phrase-urn="urn:x-nevis:phrase:0800c8af82724eda">Fault-tracing i#@#@#5#ation</phrase>
</title>
<subcalloutnode>
<diagcallout>
<xref>
<ref id="nev13476893n2"/>
</xref>
</diagcallout>
<rescall-grp>
<result comp="string" highlight="0" op="eq" return="FAULTTRACING FAILED"/>
<calloutaction>
<return value="FAULTTRACING FAILED"/>
</calloutaction>
</rescall-grp>
<rescall-grp>
<result comp="string" highlight="0" op="eq" return="NEW TRY"/>
<calloutaction>
<ptxt>
<xref>
<ref id="nev13476893n3"/>
</xref>
</ptxt>
</calloutaction>
</rescall-grp>
</subcalloutnode>
</testgrp>
</diagnostic>
</servinfosub>