<?xml version="1.0" encoding="UTF-8"?><servinfosub IE-ID="en-US0900c8af84ffc319" docno="VCC-370345" id="nev13712744n1" original="sv-SE" servinfosubId="nev13712745n1-nev13712777n1" servinfosubRes="0900c8af846c6e4d" servinfosubRes2="urn:x-nevis:fragment:0900c8af84ffc319:0900c8af846c6e4d#nev13712777n1" xml:lang="en-US">
<operationnumbers>
<operationnumber>26202-2</operationnumber>
</operationnumbers>
<title id="nev13712741n80">Engine Coolant Pump</title>
<procedure id="nev13712745n1-nev13712776n75">
<stepgrp boilerplate="false" context="" id="nev13712745n1-nev14075751n30">
<title id="nev13712745n1-nev13712776n76">Removal</title>
<procstep id="nev13712745n1-nev14075751n53">
<note id="nev13712745n1-nev14075751n28">
<ptxt>Removal steps i#@#@#45#ails.</ptxt>
</note>
</procstep>
<procstep id="nev13712745n1-nev13712776n79">
<para id="nev13712745n1-nev14075751n23">
<ptxt id="nev13712745n1-nev14075751n25">Perform draining<xref boilerplate="true" id="nev13712745n1-nev14075751n26">
<ref id="nev13712745n1-nev14075751n24"/>
</xref>
</ptxt>
</para>
</procstep>
<procstep id="nev13712745n1-nev13712779n3">
<para id="nev13712745n1-nev14075751n18">
<ptxt id="nev13712745n1-nev14075751n20">Remove timing belt<xref boilerplate="true" id="nev13712745n1-nev14075751n21">
<ref id="nev13712745n1-nev14075751n19"/>
</xref>
</ptxt>
</para>
</procstep>
<procstep id="nev13712745n1-nev14075715n16">
<grate id="nev13712745n1-nev13712776n87">
<graphic id="nev13712745n1-nev13712776n88">
<href>0900c8af83eafdd#@#@#9#.jpeg</href>
</graphic>
<graphtext id="nev13712745n1-nev14075761n1">
<warning id="nev13712745n1-nev13712776n90">
<ptxt>Be prepared to #@#@#18#luid.</ptxt>
</warning>
<para id="nev13712745n1-nev14075751n14">
<ptxt id="nev13712745n1-nev14075751n15">
<torque id="nev13712745n1-nev13712776n94">
<ref id="nev13712745n1-nev13712776n95"/>
</torque>
</ptxt>
</para>
</graphtext>
</grate>
</procstep>
</stepgrp>
<stepgrp boilerplate="false" context="" id="nev13712745n1-nev14075751n13">
<title id="nev13712745n1-nev13712776n96">Installation</title>
<procstep id="nev13712745n1-nev14075750n80">
<para id="nev13712745n1-nev14075751n9">
<ptxt id="nev13712745n1-nev14075751n10">To install, rev#@#@#22#dure.</ptxt>
</para>
</procstep>
<procstep id="nev13712745n1-nev13712776n97">
<caution id="nev13712745n1-nev13712776n99">
<ptxt>Make sure that #@#@#51#rial.</ptxt>
</caution>
</procstep>
</stepgrp>
</procedure>
</servinfosub>