<?xml version="1.0" encoding="UTF-8"?><servinfosub IE-ID="en-US0900c8af81064118" docno="VCC-109064" id="KC02038983" servinfosubId="nev20687233n1-nev20687233n2" servinfosubRes="0900c8af862c2f9d" servinfosubRes2="urn:x-nevis:fragment:0900c8af81064118:0900c8af862c2f9d#nev20687233n2" xml:lang="en-US">
<title>Diagnostic functions</title>
<topic>
<title>Monitoring</title>
<para>
<ptxt>The engine cont#@#@#442#vals.</ptxt>
</para>
</topic>
<topic>
<title>Control module #@#@#9#ation</title>
<para>
<ptxt>The engine cont#@#@#91#read.</ptxt>
</para>
</topic>
<topic>
<title>Reading the dia#@#@#16#codes</title>
<para>
<ptxt>Stored diagnost#@#@#140#odes.</ptxt>
</para>
</topic>
<topic>
<title>Activation of c#@#@#18#tions</title>
<para>
<ptxt>The system comp#@#@#65#lity.</ptxt>
<ptxt>The following c#@#@#22#ated:</ptxt>
</para>
<list1 enumtype="d" type="unordered">
<item>
<ptxt>Injection timin#@#@#2#valve</ptxt>
</item>
<item>
<ptxt>Fuel shut-off valve</ptxt>
</item>
<item>
<ptxt>AC relay</ptxt>
</item>
<item>
<ptxt>Turbo control valve</ptxt>
</item>
<item>
<ptxt>Glow indicator</ptxt>
</item>
<item>
<ptxt>Malfunction ind#@#@#7#light</ptxt>
</item>
<item>
<ptxt>Auxiliary heater 1</ptxt>
</item>
<item>
<ptxt>Auxiliary heater 2</ptxt>
</item>
<item>
<ptxt>Auxiliary heate#@#@#4#and 3</ptxt>
</item>
<item>
<ptxt>Glow plug relay</ptxt>
</item>
<item>
<ptxt>Electric cooling fan</ptxt>
</item>
</list1>
</topic>
<topic>
<title>Lighting of mal#@#@#19#light</title>
<para>
<ptxt>When trouble co#@#@#249#ight.</ptxt>
</para>
</topic>
<topic>
<title>Reading input a#@#@#12#gnals</title>
<para>
<ptxt>Values and stat#@#@#61#read.</ptxt>
<ptxt>The following p#@#@#17#read:</ptxt>
</para>
<list1 enumtype="d" type="unordered">
<item>
<ptxt>Engine speed</ptxt>
</item>
<item>
<ptxt>Secondary speed</ptxt>
</item>
<item>
<ptxt>Injection quantity</ptxt>
</item>
<item>
<ptxt>Battery voltage</ptxt>
</item>
<item>
<ptxt>Vehicle speed</ptxt>
</item>
<item>
<ptxt>Accelerator ped#@#@#30#ignal</ptxt>
</item>
<item>
<ptxt>Accelerator ped#@#@#29#ignal</ptxt>
</item>
<item>
<ptxt>Engine temperature</ptxt>
</item>
<item>
<ptxt>Fuel temperature</ptxt>
</item>
<item>
<ptxt>Air temperature</ptxt>
</item>
<item>
<ptxt>Atmospheric pressure</ptxt>
</item>
<item>
<ptxt>Charging pressu#@#@#12#value</ptxt>
</item>
<item>
<ptxt>Charging pressu#@#@#11#value</ptxt>
</item>
<item>
<ptxt>Turbo control valve</ptxt>
</item>
<item>
<ptxt>Injection angle#@#@#10#value</ptxt>
</item>
<item>
<ptxt>Injection angle#@#@#9#value</ptxt>
</item>
<item>
<ptxt>Injection timin#@#@#2#valve</ptxt>
</item>
<item>
<ptxt>Air mass, desir#@#@#3#value</ptxt>
</item>
<item>
<ptxt>Air mass, actua#@#@#2#value</ptxt>
</item>
<item>
<ptxt>Fuel consumption</ptxt>
</item>
<item>
<ptxt>EGR valve</ptxt>
</item>
<item>
<ptxt>Brake position #@#@#1#ensor</ptxt>
</item>
<item>
<ptxt>Clutch position#@#@#2#ensor</ptxt>
</item>
<item>
<ptxt>Alternator load</ptxt>
</item>
<item>
<ptxt>Auxiliary heater 1</ptxt>
</item>
<item>
<ptxt>Auxiliary heater 2</ptxt>
</item>
<item>
<ptxt>Glow plug relay</ptxt>
</item>
<item>
<ptxt>Electric coolin#@#@#12#speed</ptxt>
</item>
<item>
<ptxt>Electric coolin#@#@#12#speed</ptxt>
</item>
<item>
<ptxt>AC relay</ptxt>
</item>
<item>
<ptxt>AC request</ptxt>
</item>
<item>
<ptxt>AC pressure</ptxt>
</item>
<item>
<ptxt>Cruise control #@#@#2#ttons</ptxt>
</item>
<item>
<ptxt>Difference inje#@#@#22#r 1-2</ptxt>
</item>
<item>
<ptxt>Difference inje#@#@#22#r 1-3</ptxt>
</item>
<item>
<ptxt>Difference inje#@#@#22#r 1-4</ptxt>
</item>
<item>
<ptxt>Difference inje#@#@#22#r 1-5</ptxt>
</item>
<item>
<ptxt>Brake pedal switch</ptxt>
</item>
</list1>
</topic>
</servinfosub>