<?xml version="1.0" encoding="UTF-8"?><servinfosub IE-ID="en-US0900c8af806aa118" docno="VCC-139879" id="KC02215935" xml:lang="en-US">
<title>Bushing outer c#@#@#20#place</title>
<procedure>
<proctools>
<toolitem id="KC07559857"/>
<toolitem id="KC07559858"/>
<toolitem id="KC07559859"/>
<toolitem id="KC07559860"/>
<toolitem id="KC07559861"/>
<toolitem id="KC07559862"/>
</proctools>
<stepgrp id="KC02215936">
<title>Removal</title>
<note>
<ptxt>As the illustra#@#@#182#ect. </ptxt>
</note>
<procstep id="KC02215937">
<title>Removing the sh#@#@#18#pring</title>
<list1 enumtype="d" type="unordered">
<item>
<ptxt>Remove the shoc#@#@#22# See <xref>
<ref id="KC07559863"/>
</xref>.</ptxt>
</item>
</list1>
</procstep>
<procstep id="KC02215938">
<title>Removing the bushing</title>
<grate>
<graphic id="KC07559864">
<href>0900c8af806aa12#@#@#9#.jpeg</href>
</graphic>
<graphtext>
<list1 enumtype="d" type="unordered">
<item>
<ptxt>Use tool <toolitem id="KC07559865"/> with <toolitem id="KC07559866"/>, <toolitem id="KC07559867"/>, <toolitem id="KC07559868"/> and <toolitem id="KC07559869"/>
</ptxt>
</item>
<item>
<ptxt>Pull the bushin#@#@#1# out.</ptxt>
</item>
</list1>
</graphtext>
</grate>
</procstep>
</stepgrp>
<stepgrp id="KC02215939">
<title>Installation</title>
<procstep id="KC02215940">
<title>Installing bushing</title>
<grate>
<graphic id="KC07559870">
<href>0900c8af806aa12#@#@#9#.jpeg</href>
</graphic>
<graphtext>
<list1 enumtype="d" type="unordered">
<item>
<ptxt>Clean the contr#@#@#51#elly </ptxt>
</item>
<item>
<ptxt>Use tool <toolitem id="KC07559871"/> with <toolitem id="KC07559872"/>, <toolitem id="KC07559873"/>, <toolitem id="KC07559874"/> and <toolitem id="KC07559875"/>
</ptxt>
</item>
<item>
<ptxt>Pull the bushing.</ptxt>
</item>
</list1>
</graphtext>
</grate>
</procstep>
<procstep id="KC02215941">
<title>Installing the #@#@#20#pring</title>
<list1 enumtype="d" type="unordered">
<item>
<ptxt>Install the rea#@#@#32# See <xref>
<ref id="KC07559876"/>
</xref>.</ptxt>
</item>
</list1>
</procstep>
</stepgrp>
</procedure>
</servinfosub>