<?xml version="1.0" encoding="UTF-8"?><servinfosub IE-ID="en-US0900c8af837d7118" docno="VCC-300647" id="nev12123235n1" xml:lang="en-US">
<title>
<phrase category="Title" id="nev12123235n2" phrase-urn="urn:x-nevis:phrase:0800c8af81eb9a54">Diagnostic trou#@#@#21#ation</phrase>
<phrase category="Prefix" id="nev12123235n3" phrase-urn="urn:x-nevis:phrase:0800c8af8015c414">PHM</phrase>-U019900</title>
<diagnostic j2008use="1" paperuse="1" screenuse="1" type="condition">
<condgrp>
<condition type="condition">
<grate>
<graphic id="nev12123235n4">
<href>0900c8af80a53a7#@#@#9#.jpeg</href>
</graphic>
</grate>
<para>
<ptxt>
<phrase category="Condition" id="nev12123256n1" phrase-urn="urn:x-nevis:phrase:0800c8af837d716e">Phone module (P#@#@#42#DDM).</phrase>
</ptxt>
</para>
<para>
<ptxt>
<phrase category="Condition" id="nev12123235n6" phrase-urn="urn:x-nevis:phrase:0800c8af82c4843c">The diagnostic #@#@#59#that:</phrase>
</ptxt>
</para>
<list1 id="nev12123235n7">
<item id="nev12123235n8">
<ptxt id="nev12123235n9">
<phrase category="Condition" id="nev12123257n1" phrase-urn="urn:x-nevis:phrase:0800c8af837d7187">No response obt#@#@#35#DDM).</phrase>
</ptxt>
</item>
</list1>
<para id="nev12123236n1">
<ptxt id="nev12123236n2">
<phrase category="Condition" id="nev12123236n3" phrase-urn="urn:x-nevis:phrase:0800c8af82c479d6">The control mod#@#@#67#t of:</phrase>
</ptxt>
</para>
<list1 id="nev12123236n4">
<item id="nev12123236n5">
<ptxt id="nev12123236n6">
<phrase category="Condition" id="nev12166293n1" phrase-urn="urn:x-nevis:phrase:0800c8af82c47c8e">Ignition switch#@#@#8#n II.</phrase>
</ptxt>
</item>
<item id="nev12123236n8">
<ptxt id="nev12123236n9">
<phrase category="Condition" id="nev12123236n10" phrase-urn="urn:x-nevis:phrase:0800c8af8370a1d0">Battery voltage#@#@#13#16 V.</phrase>
</ptxt>
</item>
</list1>
</condition>
</condgrp>
<condgrp>
<condition type="substitution">
<list1 enumtype="d" type="unordered">
<item>
<ptxt>
<phrase category="Substitution" id="nev12123258n1" phrase-urn="urn:x-nevis:phrase:0800c8af82e491b8">Limited functio#@#@#35#DM) (<literal>Limp-home</literal>).</phrase>
</ptxt>
</item>
</list1>
</condition>
<ps>
<list1 enumtype="d" type="unordered">
<item>
<ptxt>
<phrase category="Possible source" id="nev12123260n1" phrase-urn="urn:x-nevis:phrase:0800c8af81eabb70">Damaged fuse.</phrase>
</ptxt>
</item>
<item id="nev12123239n95">
<ptxt id="nev12123239n94">
<phrase category="Possible source" id="nev12123262n1" phrase-urn="urn:x-nevis:phrase:0800c8af82d62728">No power supply#@#@#29#(DDM)</phrase>
</ptxt>
</item>
<item id="nev12123239n92">
<ptxt id="nev12123239n91">
<phrase category="Possible source" id="nev12123263n1" phrase-urn="urn:x-nevis:phrase:0800c8af82e495bc">Open circuit on#@#@#46#(DDM)</phrase>
</ptxt>
</item>
<item id="nev12123239n89">
<ptxt id="nev12123239n88">
<phrase category="Possible source" id="nev12123264n1" phrase-urn="urn:x-nevis:phrase:0800c8af81eab907">Contact resista#@#@#30#tors.</phrase>
</ptxt>
</item>
<item id="nev12123239n86">
<ptxt id="nev12123239n85">
<phrase category="Possible source" id="nev12123505n1" phrase-urn="urn:x-nevis:phrase:0800c8af82e5e4d2">Driver door mod#@#@#87#ware.</phrase>
</ptxt>
</item>
<item id="nev12123239n78">
<ptxt id="nev12123239n77">
<phrase category="Possible source" id="nev12123522n1" phrase-urn="urn:x-nevis:phrase:0800c8af81eab80d">Open-circuit in#@#@#27#CAN).</phrase>
</ptxt>
</item>
</list1>
</ps>
</condgrp>
<condgrp>
<condition type="symptom">
<list1 enumtype="d" type="unordered">
<item>
<ptxt>
<phrase category="Symptom" id="nev12123494n1" phrase-urn="urn:x-nevis:phrase:0800c8af8223da71">Driver door con#@#@#19# work</phrase>
</ptxt>
</item>
</list1>
</condition>
</condgrp>
</diagnostic>
</servinfosub>