<?xml version="1.0" encoding="UTF-8"?><servinfosub IE-ID="en-US0900c8af8526b118" docno="VCC-136213" id="KC01202365" xml:lang="en-US">
<title>
<phrase category="" id="KC09404376" phrase-urn="urn:x-nevis:phrase:0800c8af826fa7c9">Checking the st#@#@#6#motor</phrase>
</title>
<diagnostic j2008use="1" layout="0" paperuse="1" screenuse="1" type="test">
<testgrp IE-ID="en-US0900c8af8526b118_nev16583881n100" id="nev16583881n100" j2008use="1" paperuse="0" resumable="1" screenuse="1" x="140" y="80">
<title id="nev16583881n99">
<phrase category="Title" id="nev16583883n1" phrase-urn="urn:x-nevis:phrase:0800c8af81e9eb42">Preparatory checks</phrase>
</title>
<node id="nev16583881n98">
<test1 id="nev16583881n97">
<test2 id="nev16583881n93">
<ptxt id="nev16583881n92">
<phrase category="Faulttracing" id="nev16583885n1" phrase-urn="urn:x-nevis:phrase:0800c8af8526af94">There are three#@#@#62#work.</phrase>
</ptxt>
<list1 enumtype="n" id="nev16583881n90">
<title id="nev16583881n89">
<phrase category="Faulttracing" id="nev16583886n1" phrase-urn="urn:x-nevis:phrase:0800c8af8526af95">The checks are #@#@#47#rder:</phrase>
</title>
<item id="nev16583881n87">
<ptxt id="nev16583881n86">
<phrase category="Faulttracing" id="nev16583887n1" phrase-urn="urn:x-nevis:phrase:0800c8af8526afa3">Checking voltag#@#@#43#cuits</phrase>
</ptxt>
</item>
<item id="nev16583881n84">
<ptxt id="nev16583881n83">
<phrase category="Faulttracing" id="nev16583888n1" phrase-urn="urn:x-nevis:phrase:0800c8af8526afa9">Checking soleno#@#@#15#motor</phrase>
</ptxt>
</item>
<item id="nev16583881n81">
<ptxt id="nev16583881n80">
<phrase category="Title" id="nev16583889n1" phrase-urn="urn:x-nevis:phrase:0800c8af824f801a">Checking the st#@#@#6#motor</phrase>
</ptxt>
</item>
</list1>
<para id="nev16583881n78">
<ptxt id="nev16583881n77">
<phrase category="Faulttracing" id="nev16583890n1" phrase-urn="urn:x-nevis:phrase:0800c8af8526afb5">Before continui#@#@#51#bove.</phrase>
</ptxt>
</para>
</test2>
</test1>
<question id="nev16583881n96">
Continue.
</question>
<resact-grp id="nev16583881n95">
<result button="cont" comp="button" highlight="0" id="nev16583881n94"/>
<action id="nev16583881n75" j2008use="1" paperuse="0" screenuse="1">
<ptxt id="nev16583881n74">
<xref id="nev16583881n73">
<ref id="nev16583881n72"/>
</xref>
</ptxt>
</action>
</resact-grp>
</node>
</testgrp>
<testgrp id="KC01202366" j2008use="1" paperuse="1" resumable="1" screenuse="1" testgrp-id="node1" x="140" y="280">
<title>
<phrase category="" id="KC09404377" phrase-urn="urn:x-nevis:phrase:0800c8af826fa7ca">Checking the st#@#@#6#motor</phrase>
</title>
<node>
<test1>
<test2>
<para>
<ptxt>
<phrase category="" id="KC09404378" phrase-urn="urn:x-nevis:phrase:0800c8af826fa7cb">Check the brush#@#@#76#wear.</phrase>
</ptxt>
</para>
<para>
<ptxt>
<phrase category="" id="KC09404379" phrase-urn="urn:x-nevis:phrase:0800c8af826fa7cc">Check the commu#@#@#54# etc.</phrase>
</ptxt>
</para>
<para>
<ptxt>
<phrase category="" id="KC09404380" phrase-urn="urn:x-nevis:phrase:0800c8af826fa7cd">Check the start#@#@#28#play.</phrase>
</ptxt>
</para>
<para>
<ptxt>
<phrase category="" id="KC09404381" phrase-urn="urn:x-nevis:phrase:0800c8af826fa7ce">Try a new start#@#@#34#bove.</phrase>
</ptxt>
</para>
<para>
<ptxt>
<phrase category="" id="KC09404382" phrase-urn="urn:x-nevis:phrase:0800c8af826fa7cf">Remedy as necessary.</phrase>
</ptxt>
</para>
<list1 enumtype="d" type="unordered">
<title>
<phrase category="" id="KC09404383" phrase-urn="urn:x-nevis:phrase:0800c8af826fa7d0">Other information</phrase>
</title>
<item>
<ptxt id="nev13660765n100">
<xref id="nev13660765n99">
<ref id="l1208168196423"/>
</xref>
</ptxt>
</item>
</list1>
<grate>
<graphic id="KC09404388">
<href>0900c8af80057aa#@#@#9#.jpeg</href>
</graphic>
</grate>
</test2>
</test1>
<question>
Was a fault de#@#@#3#ted?
</question>
<resact-grp>
<result button="yes" comp="button" highlight="0"/>
<action j2008use="1" paperuse="1" screenuse="1">
<return value="FAULT FOUND"/>
</action>
</resact-grp>
<resact-grp>
<result button="no" comp="button" highlight="0"/>
<action j2008use="1" paperuse="1" screenuse="1">
<return value="FAULT NOT FOUND"/>
</action>
</resact-grp>
</node>
</testgrp>
</diagnostic>
</servinfosub>