<?xml version="1.0" encoding="UTF-8"?><servinfosub IE-ID="en-US0900c8af808e6118" docno="VCC-104245" id="KC02392728" servinfosubId="nev20684245n1-nev20684245n2" servinfosubRes="0900c8af862b9b22" servinfosubRes2="urn:x-nevis:fragment:0900c8af808e6118:0900c8af862b9b22#nev20684245n2" xml:lang="en-US">
<title>Activating comp#@#@#11#tions</title>
<table frame="all" pgwide="1">
<tgroup cols="2" colsep="1" rowsep="1">
<colspec colwidth="126*"/>
<colspec colwidth="330*"/>
<thead>
<row>
<entry align="left" valign="top">
<ptxt>
<emph>Component</emph>
</ptxt>
</entry>
<entry align="left" valign="top">
<ptxt>
<emph>Function</emph>
</ptxt>
</entry>
</row>
</thead>
<tbody>
<row>
<entry align="left" valign="top">
<ptxt>LOCKING</ptxt>
</entry>
<entry align="left" valign="top">
<ptxt>Central locking#@#@#78#4-D).</ptxt>
</entry>
</row>
<row>
<entry align="left" valign="top">
<ptxt>UNLOCK MOTORS</ptxt>
</entry>
<entry align="left" valign="top">
<ptxt>Central locking#@#@#98#4-D).</ptxt>
</entry>
</row>
<row>
<entry align="left" valign="top">
<ptxt>UNLOCK DR.DOOR</ptxt>
</entry>
<entry align="left" valign="top">
<ptxt>Central locking#@#@#35#door.</ptxt>
</entry>
</row>
<row>
<entry align="left" valign="top">
<ptxt>UNLOCK REAR.DOOR</ptxt>
</entry>
<entry align="left" valign="top">
<ptxt>Central locking#@#@#62#(4-D)</ptxt>
</entry>
</row>
<row>
<entry align="left" valign="top">
<ptxt>UNLOCK FUELLID</ptxt>
</entry>
<entry align="left" valign="top">
<ptxt>Central locking#@#@#32#over.</ptxt>
</entry>
</row>
<row>
<entry align="left" valign="top">
<ptxt>D.LOCK MOTORS</ptxt>
</entry>
<entry align="left" valign="top">
<ptxt>BLL (Blocked Lo#@#@#36#oors.</ptxt>
</entry>
</row>
<row>
<entry align="left" valign="top">
<ptxt>LED ROUTINE</ptxt>
</entry>
<entry align="left" valign="top">
<ptxt>Indicator LED. #@#@#37#oard.</ptxt>
</entry>
</row>
<row>
<entry align="left" valign="top">
<ptxt>DIR.IND ROUT</ptxt>
</entry>
<entry align="left" valign="top">
<ptxt>Turn signal lam#@#@#31#amps.</ptxt>
</entry>
</row>
<row>
<entry align="left" valign="top">
<ptxt>ALARM</ptxt>
</entry>
<entry align="left" valign="top">
<ptxt>Alarm. Arms the#@#@#37#larm.</ptxt>
</entry>
</row>
<row>
<entry align="left" valign="top">
<ptxt>ALARM HORN</ptxt>
</entry>
<entry align="left" valign="top">
<ptxt>Alarm horn. The#@#@#69#ated.</ptxt>
</entry>
</row>
<row>
<entry align="left" valign="top">
<ptxt>SIREN</ptxt>
</entry>
<entry align="left" valign="top">
<ptxt>Siren. Siren so#@#@#55#ated.</ptxt>
</entry>
</row>
<row>
<entry align="left" valign="top">
<ptxt>INTERIOR LIGHTING</ptxt>
</entry>
<entry align="left" valign="top">
<ptxt>The lamp switch#@#@#48#shut.</ptxt>
</entry>
</row>
</tbody>
</tgroup>
</table>
</servinfosub>