<?xml version="1.0" encoding="UTF-8"?><servinfosub IE-ID="en-US0900c8af8051e118" docno="VCC-128581" id="KC01620430" xml:lang="en-US">
<title>
<phrase category="" id="KC08819284" phrase-urn="urn:x-nevis:phrase:0800c8af820c6a26">Checking seals #@#@#13#oints</phrase>
</title>
<diagnostic type="test">
<testgrp IE-ID="en-US0900c8af8051e118_KC08819283" id="KC08819283" testgrp-id="id_vida">
<title>
<phrase category="" id="KC08819285" phrase-urn="urn:x-nevis:phrase:0800c8af820c6a2a">Checking seals #@#@#13#oints</phrase>
</title>
<node>
<test1>
<test2>
<ptxt>
<phrase category="" id="KC08819286" phrase-urn="urn:x-nevis:phrase:0800c8af820c6a2e">Check the follo#@#@#26#nts: </phrase>
</ptxt>
<list1 enumtype="d" type="unordered">
<item>
<ptxt>
<phrase category="" id="KC08819287" phrase-urn="urn:x-nevis:phrase:0800c8af820c6a31">drive shaft seals</phrase>
</ptxt>
</item>
<item>
<ptxt>
<phrase category="" id="KC08819288" phrase-urn="urn:x-nevis:phrase:0800c8af820c6a36">oil cooler hose#@#@#12#tions</phrase>
</ptxt>
</item>
<item>
<ptxt>
<phrase category="" id="KC08819289" phrase-urn="urn:x-nevis:phrase:0800c8af820c6a39">control system #@#@#1#over.</phrase>
</ptxt>
</item>
</list1>
<para>
<ptxt>
<phrase category="" id="KC08819290" phrase-urn="urn:x-nevis:phrase:0800c8af820c6a3e">Remedy as necessary.</phrase>
</ptxt>
</para>
<list1 enumtype="d" type="unordered">
<title>
<phrase category="" id="KC08819291" phrase-urn="urn:x-nevis:phrase:0800c8af820c6a41">Other information:</phrase>
</title>
<item>
<ptxt>
<phrase category="" id="KC08819292" phrase-urn="urn:x-nevis:phrase:0800c8af820c6a45">For information#@#@#34# see <xref>
<ref id="KC08819293"/>
</xref>.</phrase>
</ptxt>
</item>
</list1>
</test2>
</test1>
<question>Was there any l#@#@#2#kage?</question>
<resact-grp>
<result button="yes" comp="button"/>
<action>
<return value="FAULT FOUND"/>
</action>
</resact-grp>
<resact-grp>
<result button="no" comp="button"/>
<action>
<return value="FAULT NOT FOUND"/>
</action>
</resact-grp>
</node>
</testgrp>
</diagnostic>
</servinfosub>