<?xml version="1.0" encoding="UTF-8"?><script xmlns:nevis="http://www.volvocars.com/namespaces/processing" xmlns:xlink="http://www.w3.org/1999/xlink" IE-ID="en-US0900c8af81d6a118" docno="VCC-236020" id="nev10113271n1" nevis:expl-profile="mdl184yr2005, mdl295yr2005, mdl384yr2005, mdl285yr2005, mdl275yr2005, mdl275yr2006, mdl285yr2006, mdl295yr2006, mdl384yr2006, mdl184yr2006, mdl384yr2007, mdl285yr2007, mdl295yr2007, mdl275yr2007, mdl275yr2008, mdl285yr2008, mdl384yr2008, mdl275yr2009, mdl384yr2009, mdl275yr2010, mdl275yr2011, mdl275yr2012, mdl275yr2013, mdl275yr2014, mdl275yr2015, mdl275yr2016" nevis:profile="urn:x-nevis:profile:0b00c8af80da2572 urn:x-nevis:profile:0b00c8af80da2577 urn:x-nevis:profile:0b00c8af80da257a urn:x-nevis:profile:0b00c8af80da26dc urn:x-nevis:profile:0b00c8af8117443b urn:x-nevis:profile:0b00c8af822b0968 urn:x-nevis:profile:0b00c8af822b096a urn:x-nevis:profile:0b00c8af822b096c urn:x-nevis:profile:0b00c8af822b09b7 urn:x-nevis:profile:0b00c8af823216de urn:x-nevis:profile:0b00c8af82e3b020 urn:x-nevis:profile:0b00c8af82e48186 urn:x-nevis:profile:0b00c8af82e48550 urn:x-nevis:profile:0b00c8af82e48817 urn:x-nevis:profile:0b00c8af838ba0b2 urn:x-nevis:profile:0b00c8af83affc41 urn:x-nevis:profile:0b00c8af83b00078 urn:x-nevis:profile:0b00c8af83f1a29a urn:x-nevis:profile:0b00c8af83f2e56a urn:x-nevis:profile:0b00c8af8414e54b urn:x-nevis:profile:0b00c8af84983e6d urn:x-nevis:profile:0b00c8af84eb8103 urn:x-nevis:profile:0b00c8af851e8289 urn:x-nevis:profile:0b00c8af856303e5 urn:x-nevis:profile:0b00c8af8620fba5 urn:x-nevis:profile:0b00c8af8656e7b9" nevis:projectdocument="urn:x-nevis:projectdocument:0800c8af81d6a0f0" nevis:resource="0900c8af81d6a11f" nevis:resource2="urn:x-nevis:fragment:0900c8af81d6a118:0900c8af81d6a11f#nev10113271n1" nevis:session-id="" qualifierinfotype="14:00" type="" xml:lang="en-US"><title>Read steering w#@#@#17#ation</title><content gui="1" height="220" id="nev10113272n1-nev10113271n3" nevis:expl-profile="mdl184yr2005, mdl295yr2005, mdl384yr2005, mdl285yr2005, mdl275yr2005, mdl275yr2006, mdl285yr2006, mdl295yr2006, mdl384yr2006, mdl184yr2006, mdl384yr2007, mdl285yr2007, mdl295yr2007, mdl275yr2007, mdl275yr2008, mdl285yr2008, mdl384yr2008, mdl275yr2009, mdl384yr2009, mdl275yr2010, mdl275yr2011, mdl275yr2012, mdl275yr2013, mdl275yr2014, mdl275yr2015, mdl275yr2016" nevis:idfrom="nev10113272n1" nevis:prefix="nev10113272n1" nevis:profile="urn:x-nevis:profile:0b00c8af80da2572 urn:x-nevis:profile:0b00c8af80da2577 urn:x-nevis:profile:0b00c8af80da257a urn:x-nevis:profile:0b00c8af80da26dc urn:x-nevis:profile:0b00c8af8117443b urn:x-nevis:profile:0b00c8af822b0968 urn:x-nevis:profile:0b00c8af822b096a urn:x-nevis:profile:0b00c8af822b096c urn:x-nevis:profile:0b00c8af822b09b7 urn:x-nevis:profile:0b00c8af823216de urn:x-nevis:profile:0b00c8af82e3b020 urn:x-nevis:profile:0b00c8af82e48186 urn:x-nevis:profile:0b00c8af82e48550 urn:x-nevis:profile:0b00c8af82e48817 urn:x-nevis:profile:0b00c8af838ba0b2 urn:x-nevis:profile:0b00c8af83affc41 urn:x-nevis:profile:0b00c8af83b00078 urn:x-nevis:profile:0b00c8af83f1a29a urn:x-nevis:profile:0b00c8af83f2e56a urn:x-nevis:profile:0b00c8af8414e54b urn:x-nevis:profile:0b00c8af84983e6d urn:x-nevis:profile:0b00c8af84eb8103 urn:x-nevis:profile:0b00c8af851e8289 urn:x-nevis:profile:0b00c8af856303e5 urn:x-nevis:profile:0b00c8af8620fba5 urn:x-nevis:profile:0b00c8af8656e7b9" nevis:resource="0900c8af81d6a11d" nevis:resource2="urn:x-nevis:fragment:0900c8af81d6a118:0900c8af81d6a11d#nev10113271n3" width="400" xml:lang="en-US"><nodes id="nev10113272n1-nev10113393n1"><node class="Components.StartNode" id="nev10113272n1-nev10113394n1" nodeid="Start" x="17" y="58"/><node class="Components.Gui.ParameterLabel" id="nev10113272n1-nev10113395n1" nodeid="ParameterLabel1" x="611" y="7"><gui height="70" id="nev10113272n1-nev10113396n1" width="380" x="10" y="10"/><property class="Parameter" id="nev10113272n1-nev10113397n1" name="Parameter" type="In" value="" visible="1"/><property class="String" id="nev10113272n1-nev10113398n1" name="Title" type="In" value="" visible="1"/><property class="String" id="nev10113272n1-nev10113399n1" name="Value" type="In" value="" visible="1"/><property class="String" id="nev10113272n1-nev10113400n1" name="Unit" type="In" value="" visible="1"/></node><node class="Components.Gui.ParameterLabel" id="nev10113272n1-nev10113401n1" nodeid="ParameterLabel2" x="612" y="113"><gui height="70" id="nev10113272n1-nev10113402n1" width="380" x="10" y="90"/><property class="Parameter" id="nev10113272n1-nev10113403n1" name="Parameter" type="In" value="" visible="1"/><property class="String" id="nev10113272n1-nev10113404n1" name="Title" type="In" value="" visible="1"/><property class="String" id="nev10113272n1-nev10113405n1" name="Value" type="In" value="" visible="1"/><property class="String" id="nev10113272n1-nev10113406n1" name="Unit" type="In" value="" visible="1"/></node><node class="Components.ScriptComponent" id="nev10113272n1-nev10113407n1" nodeid="ScriptComponent1" x="211" y="261"/><node class="Components.ScriptButton" id="nev10113272n1-nev10113408n1" nodeid="ScriptButton1" x="23" y="262"><gui height="30" id="nev10113272n1-nev10113409n1" width="110" x="280" y="180"/><property class="String" id="nev10113272n1-nev10113410n1" name="Text" type="In" value="" visible="0"/><property class="String" id="nev10113272n1-nev10113411n1" name="StartDisabled" type="Internal" value="false" visible="1"/><extension id="nev10113272n1-nev10113412n1"><phrase category="Faulttracing" id="nev10113272n1-nev10113274n1" phrase-urn="urn:x-nevis:phrase:0800c8af81b6b138">Hide</phrase></extension></node><node class="Components.IdentifierComponent" id="nev10113272n1-nev10113413n1" nodeid="IdentifierComponent1" x="363" y="8"><property class="Parameter" id="nev10113272n1-nev10113414n1" name="Steering wheel angle" type="Out" value="" visible="1"/><property class="Parameter" id="nev10113272n1-nev10113415n1" name="Steering wheel angle velocity" type="Out" value="" visible="1"/><extension id="nev10113272n1-nev10113416n1"><identifier ecu="645902" ecuMode="EcuType" id="nev10113272n1-nev10113417n1" read="4" type="REID" value="0009"><parameter id="nev10113272n1-nev10113418n1" name="Steering wheel angle" textid="64953"/><parameter id="nev10113272n1-nev10113419n1" name="Steering wheel angle velocity" textid="64594"/></identifier></extension></node><node class="Components.Repeater" id="nev10113272n1-nev10113420n1" nodeid="Repeater1" x="215" y="109"/></nodes><handlers id="nev10113272n1-nev10113421n1"><eventhandler id="nev10113272n1-nev10113422n1" name="OnStart" node="Start"><call id="nev10113272n1-nev10113423n1" method="UpdateTitles" node="IdentifierComponent1"/><call id="nev10113272n1-nev10113424n1" method="Start" node="Repeater1"/></eventhandler><eventhandler id="nev10113272n1-nev10113425n1" name="Click" node="ScriptButton1"><call id="nev10113272n1-nev10113426n1" method="CloseDialog" node="ScriptComponent1"/></eventhandler><eventhandler id="nev10113272n1-nev10113427n1" name="OnRepeat" node="Repeater1"><call id="nev10113272n1-nev10113428n1" method="Read" node="IdentifierComponent1"/></eventhandler><propertyhandler id="nev10113272n1-nev10113429n1" name="Steering wheel angle" node="IdentifierComponent1"><set id="nev10113272n1-nev10113430n1" node="ParameterLabel1" property="Parameter"/></propertyhandler><propertyhandler id="nev10113272n1-nev10113431n1" name="Steering wheel angle velocity" node="IdentifierComponent1"><set id="nev10113272n1-nev10113432n1" node="ParameterLabel2" property="Parameter"/></propertyhandler></handlers></content></script>