<?xml version="1.0" encoding="UTF-8"?><servinfosub IE-ID="en-US0800c8af80a3d119" docno="T9995848" id="ST-0800c8af80a3d119" xml:lang="en-US">
<title>999 5848 GUDGEO#@#@#7#TOOL </title>
<grate>
<graphic id="0900c8af8005d70f"/>
<graphtext>
<deflist>
<defitem>
<term>Tool number:</term>
<def>999 5848-0</def>
</defitem>
<defitem>
<term>Tool description:</term>
<def>GUDGEON PINS TO#@#@#25#OOK 3</def>
</defitem>
<defitem>
<term>Tool board:</term>
<def>21</def>
</defitem>
</deflist>
</graphtext>
</grate>
</servinfosub>