<?xml version="1.0" encoding="UTF-8"?><servinfosub IE-ID="en-US0900c8af8069a119" docno="VCC-059842" id="KC02207606" xml:lang="en-US">
<title>Steering</title>
<topic>
<title>New Car Features</title>
<grate>
<title>New servo pump</title>
<graphic id="KC08440225" width="column">
<href>0900c8af8069a12#@#@#9#.jpeg</href>
</graphic>
<graphtext>
<ptxt>The Volvo 960 w#@#@#51#pump.</ptxt>
<ptxt>The pump is a S#@#@#165#type.</ptxt>
<ptxt>In certain mark#@#@#117#taly.</ptxt>
</graphtext>
</grate>
</topic>
</servinfosub>