<?xml version="1.0" encoding="UTF-8"?><servinfosub IE-ID="en-US0900c8af8135a119" docno="VCC-156193" id="KC03017987" xml:lang="en-US">
<title>
<phrase category="" id="KC09513324" phrase-urn="urn:x-nevis:phrase:0800c8af82712002">Faulty signal</phrase>
</title>
<diagnostic type="test">
<testgrp IE-ID="en-US0900c8af8135a119_KC03094269" id="KC03094269" j2008use="1" paperuse="1" resumable="1" screenuse="1" testgrp-id="node1" x="120" y="80">
<title>
<phrase category="" id="KC09513325" phrase-urn="urn:x-nevis:phrase:0800c8af82712004">Checking transm#@#@#26#ensor</phrase>
</title>
<node>
<test1>
<note>
<ptxt>
<phrase category="" id="KC09513326" phrase-urn="urn:x-nevis:phrase:0800c8af82712005">During this fau#@#@#126#tion.</phrase>
</ptxt>
</note>
<diaglist>
<dgraphic>
<dgraphic1>
<graphic id="KC09513327">
<href>0900c8af80054d5#@#@#9#.jpeg</href>
</graphic>
</dgraphic1>
</dgraphic>
<ditem>
<ptxt>
<phrase category="" id="KC09513328" phrase-urn="urn:x-nevis:phrase:0800c8af82712006">Ignition on</phrase>
</ptxt>
</ditem>
<ditem>
<ptxt>
<phrase category="" id="KC09513329" phrase-urn="urn:x-nevis:phrase:0800c8af82712007">Read off the oi#@#@#8#ature</phrase>
</ptxt>
</ditem>
<ditem>
<ptxt>
<phrase category="" id="KC09513330" phrase-urn="urn:x-nevis:phrase:0800c8af82712009">Start the engin#@#@#123#lied.</phrase>
</ptxt>
</ditem>
</diaglist>
<test2>
<para>
<ptxt>
<phrase category="" id="KC09513331" phrase-urn="urn:x-nevis:phrase:0800c8af8271200a">Allow the trans#@#@#144#ture.</phrase>
</ptxt>
</para>
<note>
<ptxt>
<phrase category="" id="KC09513332" phrase-urn="urn:x-nevis:phrase:0800c8af8271200b">The transmissio#@#@#112#oids.</phrase>
</ptxt>
</note>
<para>
<ptxt>
<phrase category="" id="KC09513333" phrase-urn="urn:x-nevis:phrase:0800c8af8271200c">The fault is pe#@#@#53#ange.</phrase>
</ptxt>
</para>
<para>
<ptxt>
<phrase category="" id="KC09513334" phrase-urn="urn:x-nevis:phrase:0800c8af8271200d">If the temperat#@#@#162#tent.</phrase>
</ptxt>
</para>
<diaglist>
<dgraphic>
<dgraphic2>
<graphic id="KC09513335">
<href>0900c8af86c8681#@#@#9#.jpeg</href>
</graphic>
<smarttool active="press" id="KC09513336" toolname="YTCMA631"/>
</dgraphic2>
</dgraphic>
<ditem>
<ditemtext>
<ptxt>
<phrase category="" id="KC09513337" phrase-urn="urn:x-nevis:phrase:0800c8af8271200e"/>
</ptxt>
</ditemtext>
</ditem>
</diaglist>
<grate>
<graphic id="KC09513338" width="column">
<href>0900c8af813594e#@#@#9#.jpeg</href>
</graphic>
</grate>
</test2>
</test1>
<question>
Select Continue.
</question>
<resact-grp>
<result button="cont" comp="button" highlight="0"/>
<action j2008use="1" paperuse="1" screenuse="1">
<ptxt>
<xref>
<ref id="KC09513340"/>
</xref>
</ptxt>
</action>
</resact-grp>
</node>
</testgrp>
<testgrp id="KC03094270" j2008use="1" paperuse="1" resumable="1" screenuse="1" testgrp-id="node2" x="120" y="160">
<title>
<phrase category="" id="KC09513341" phrase-urn="urn:x-nevis:phrase:0800c8af82712010">Checking cable #@#@#8#onent</phrase>
</title>
<node>
<test1>
<diaglist>
<dgraphic>
<dgraphic1>
<graphic id="KC09513342">
<href>0900c8af80054d4#@#@#9#.jpeg</href>
</graphic>
</dgraphic1>
<dgraphic2>
<graphic id="KC09513343">
<href>0900c8af80054d7#@#@#9#.jpeg</href>
</graphic>
</dgraphic2>
</dgraphic>
<ditem>
<ptxt>
<phrase category="" id="KC09513344" phrase-urn="urn:x-nevis:phrase:0800c8af82712011">Ignition off</phrase>
</ptxt>
</ditem>
<ditem>
<ptxt>
<phrase category="" id="KC09513345" phrase-urn="urn:x-nevis:phrase:0800c8af82712012">Expose the tran#@#@#19#stem.</phrase>
</ptxt>
</ditem>
</diaglist>
<test2>
<para>
<ptxt>
<phrase category="" id="KC09513346" phrase-urn="urn:x-nevis:phrase:0800c8af82712014">Check connector#@#@#100#tion.</phrase>
</ptxt>
</para>
<para>
<ptxt>
<phrase category="" id="KC09513347" phrase-urn="urn:x-nevis:phrase:0800c8af82711ff4">Try a new oil t#@#@#52#tor. </phrase>
</ptxt>
</para>
<ptxt>
<phrase category="" id="KC09513348" phrase-urn="urn:x-nevis:phrase:0800c8af82711ff5">Remedy as necessary.</phrase>
</ptxt>
<list1 enumtype="d" type="unordered">
<title>
<phrase category="" id="KC09513349" phrase-urn="urn:x-nevis:phrase:0800c8af82711ff6">Other information</phrase>
</title>
<item>
<ptxt>
<phrase category="" id="KC09513350" phrase-urn="urn:x-nevis:phrase:0800c8af82711ff7">
<xref>
<ref id="KC09513351"/>
</xref>
</phrase>
</ptxt>
</item>
<item>
<ptxt>
<phrase category="" id="KC09513352" phrase-urn="urn:x-nevis:phrase:0800c8af82711ff8">
<xref>
<ref id="KC09513353"/>
</xref>
</phrase>
</ptxt>
</item>
<item>
<ptxt>
<phrase category="" id="KC09513354" phrase-urn="urn:x-nevis:phrase:0800c8af82711ff9">
<xref>
<ref id="KC09513355"/>
</xref>
</phrase>
</ptxt>
</item>
<item>
<ptxt>
<phrase category="" id="KC09513356" phrase-urn="urn:x-nevis:phrase:0800c8af82711ffa">
<xref>
<ref id="KC09513357"/>
</xref>
</phrase>
</ptxt>
</item>
<item>
<ptxt>
<phrase category="" id="KC09513358" phrase-urn="urn:x-nevis:phrase:0800c8af82711ffb">
<xref>
<ref id="KC09513359"/>
</xref>
</phrase>
</ptxt>
</item>
</list1>
<diaglist>
<dgraphic>
<dgraphic1>
<graphic id="KC09513360">
<href>0900c8af813591d#@#@#9#.jpeg</href>
</graphic>
</dgraphic1>
<dgraphic2>
<graphic id="KC09513361">
<href>0900c8af80054d4#@#@#9#.jpeg</href>
</graphic>
<smarttool active="press" id="KC09513362" toolname="ODAH"/>
</dgraphic2>
</dgraphic>
<ditem>
<ditemtext>
<ptxt>
<phrase category="" id="KC09513363" phrase-urn="urn:x-nevis:phrase:0800c8af82711ffc"/>
</ptxt>
</ditemtext>
</ditem>
</diaglist>
<grate>
<graphic id="KC09513364" width="column">
<href>0900c8af813594e#@#@#9#.jpeg</href>
</graphic>
</grate>
</test2>
</test1>
<question>
Select Continue.
</question>
<resact-grp>
<result button="cont" comp="button" highlight="0"/>
<action j2008use="1" paperuse="1" screenuse="1">
<ptxt>
<xref>
<ref id="KC09513366"/>
</xref>
</ptxt>
</action>
</resact-grp>
</node>
</testgrp>
<testgrp id="KC03094271" j2008use="1" paperuse="1" resumable="1" screenuse="1" testgrp-id="adapt" x="280" y="80">
<title>
<phrase category="" id="KC09513367" phrase-urn="urn:x-nevis:phrase:0800c8af82711ffe">Resetting adapt#@#@#24#unter</phrase>
</title>
<subcalloutnode>
<diagcallout>
<xref>
<ref id="KC09513368"/>
</xref>
</diagcallout>
<rescall-grp>
<result comp="string" highlight="0" op="eq" return="DONE"/>
<calloutaction>
<ptxt>
<xref>
<ref id="KC09513369"/>
</xref>
</ptxt>
</calloutaction>
</rescall-grp>
</subcalloutnode>
</testgrp>
<testgrp id="KC03094272" j2008use="1" paperuse="1" resumable="1" screenuse="1" testgrp-id="veria" x="280" y="160">
<title>
<phrase category="" id="KC09513370" phrase-urn="urn:x-nevis:phrase:0800c8af82711fff">Verification</phrase>
</title>
<subcalloutnode>
<diagcallout>
<xref>
<ref id="KC09513371"/>
</xref>
</diagcallout>
<rescall-grp>
<result comp="string" highlight="0" op="eq" return="VERIFICATION FAILED"/>
<calloutaction>
<ptxt>
<xref>
<ref id="KC09513372"/>
</xref>
</ptxt>
</calloutaction>
</rescall-grp>
<rescall-grp>
<result comp="string" highlight="0" op="eq" return="PAPER"/>
<calloutaction>
<return value="FAULT NOT FOUND"/>
</calloutaction>
</rescall-grp>
<rescall-grp>
<result comp="string" highlight="0" op="eq" return="VERIFIED"/>
<calloutaction>
<return value="FAULT FOUND"/>
</calloutaction>
</rescall-grp>
</subcalloutnode>
</testgrp>
<testgrp id="KC03094273" j2008use="1" paperuse="0" resumable="1" screenuse="1" testgrp-id="info1" x="440" y="80">
<title>
<phrase category="" id="KC09513373" phrase-urn="urn:x-nevis:phrase:0800c8af82712001">Fault-tracing i#@#@#5#ation</phrase>
</title>
<subcalloutnode>
<diagcallout>
<xref>
<ref id="KC09513374"/>
</xref>
</diagcallout>
<rescall-grp>
<result comp="string" highlight="0" op="eq" return="FAULTTRACING FAILED"/>
<calloutaction>
<return value="FAULTTRACING FAILED"/>
</calloutaction>
</rescall-grp>
<rescall-grp>
<result comp="string" highlight="0" op="eq" return="NEW TRY"/>
<calloutaction>
<ptxt>
<xref>
<ref id="KC09513375"/>
</xref>
</ptxt>
</calloutaction>
</rescall-grp>
</subcalloutnode>
</testgrp>
</diagnostic>
</servinfosub>