<?xml version="1.0" encoding="UTF-8"?><diagnostic IE-ID="en-US0900c8af80070119" docno="VCC-107633" id="KC01315259" type="test" xml:lang="en-US">
<testgrp IE-ID="en-US0900c8af80070119_KC01321856" id="KC01321856" j2008use="1" paperuse="1" resumable="1" screenuse="1" testgrp-id="verifnode" x="120" y="120">
<title>
<phrase category="" id="KC09327675" phrase-urn="urn:x-nevis:phrase:0800c8af826e3f9f">Verification</phrase>
</title>
<node>
<test1>
<hint>
<ptxt>
<phrase category="" id="KC09327676" phrase-urn="urn:x-nevis:phrase:0800c8af826e3fa0">After carrying #@#@#50#died.</phrase>
</ptxt>
</hint>
<diaglist>
<dgraphic>
<dgraphic1>
<graphic id="KC09327677">
<href>0900c8af80054d5#@#@#9#.jpeg</href>
</graphic>
</dgraphic1>
<dgraphic2>
<graphic id="KC09327678">
<href>0900c8af80054d7#@#@#9#.jpeg</href>
</graphic>
</dgraphic2>
</dgraphic>
<ditem>
<ptxt>
<phrase category="" id="KC09327679" phrase-urn="urn:x-nevis:phrase:0800c8af826e3fa1">Ignition off</phrase>
</ptxt>
</ditem>
<ditem>
<ptxt>
<phrase category="" id="KC09327680" phrase-urn="urn:x-nevis:phrase:0800c8af826e3fa2">Reconnect conne#@#@#27# etc.</phrase>
</ptxt>
</ditem>
<ditem>
<ptxt>
<phrase category="" id="KC09327681" phrase-urn="urn:x-nevis:phrase:0800c8af826e3fa4">Ignition on</phrase>
</ptxt>
</ditem>
<ditem>
<ptxt>
<phrase category="" id="KC09327682" phrase-urn="urn:x-nevis:phrase:0800c8af826e3fa5">Activate the re#@#@#11#ctor.</phrase>
</ptxt>
</ditem>
</diaglist>
<test2>
<ptxt>
<phrase category="" id="KC09327683" phrase-urn="urn:x-nevis:phrase:0800c8af826e3fa6">A “click” shoul#@#@#37#ated.</phrase>
</ptxt>
<diaglist>
<dgraphic>
<dgraphic2>
<graphic id="KC09327684">
<href>0900c8af86c8681#@#@#9#.jpeg</href>
</graphic>
<smarttool active="press" id="KC09327685" toolname="XECMB101"/>
</dgraphic2>
</dgraphic>
<ditem>
<ditemtext>
<ptxt>
<phrase category="" id="KC09327686" phrase-urn="urn:x-nevis:phrase:0800c8af826e3fa7"/>
</ptxt>
</ditemtext>
</ditem>
</diaglist>
</test2>
</test1>
<question>
Is the injecto#@#@#6#ing?
</question>
<resact-grp>
<result button="yes" comp="button" highlight="0"/>
<action j2008use="1" paperuse="1" screenuse="1">
<return value="VERIFIED"/>
</action>
</resact-grp>
<resact-grp>
<result button="no" comp="button" highlight="0"/>
<action j2008use="1" paperuse="1" screenuse="1">
<return value="VERIFICATION FAILED"/>
</action>
</resact-grp>
</node>
</testgrp>
</diagnostic>