<?xml version="1.0" encoding="UTF-8"?><servinfosub IE-ID="en-US0900c8af804a4119" docno="VCC-092741" id="KC01420554" xml:lang="en-US">
<title>
<phrase category="" id="KC08604284" phrase-urn="urn:x-nevis:phrase:0800c8af81de6793">Diagnostic trou#@#@#21#ation</phrase>
</title>
<diagnostic j2008use="1" paperuse="1" screenuse="1" type="condition">
<condgrp>
<condition type="condition">
<grate>
<graphic id="KC08604285" width="column">
<href>0900c8af800597e#@#@#9#.jpeg</href>
</graphic>
<graphtext>
<ptxt>
<phrase category="" id="KC08604286" phrase-urn="urn:x-nevis:phrase:0800c8af81de6794">Diagnostic trou#@#@#154#sing.</phrase>
</ptxt>
</graphtext>
</grate>
</condition>
</condgrp>
<condgrp>
<condition type="substitution">
<list1 enumtype="d" type="unordered">
<item>
<ptxt>
<phrase category="" id="KC08604287" phrase-urn="urn:x-nevis:phrase:0800c8af81de6795">ABS system is b#@#@#2#cked.</phrase>
</ptxt>
</item>
<item>
<ptxt>
<phrase category="" id="KC08604288" phrase-urn="urn:x-nevis:phrase:0800c8af81de6796">TRACS system is#@#@#37#ly). </phrase>
</ptxt>
</item>
<item>
<ptxt>
<phrase category="" id="KC08604289" phrase-urn="urn:x-nevis:phrase:0800c8af81de6797">Anti-spin funct#@#@#10#cked.</phrase>
</ptxt>
</item>
<item>
<ptxt>
<phrase category="" id="KC08604290" phrase-urn="urn:x-nevis:phrase:0800c8af81de6798">EBD function is#@#@#38#ulty.</phrase>
</ptxt>
</item>
</list1>
</condition>
<ps>
<list1 enumtype="d" type="unordered">
<item>
<ptxt>
<phrase category="" id="KC08604291" phrase-urn="urn:x-nevis:phrase:0800c8af81de6799">Contact resista#@#@#12#nals.</phrase>
</ptxt>
</item>
<item>
<ptxt>
<phrase category="" id="KC08604292" phrase-urn="urn:x-nevis:phrase:0800c8af81de679a">Open-circuit, s#@#@#68#nsor.</phrase>
</ptxt>
</item>
<item>
<ptxt>
<phrase category="" id="KC08604293" phrase-urn="urn:x-nevis:phrase:0800c8af81de679b">Signal cables s#@#@#24#ther.</phrase>
</ptxt>
</item>
<item>
<ptxt>
<phrase category="" id="KC08604294" phrase-urn="urn:x-nevis:phrase:0800c8af81de679c">Short-circuit t#@#@#42#able.</phrase>
</ptxt>
</item>
<item>
<ptxt>
<phrase category="" id="KC08604295" phrase-urn="urn:x-nevis:phrase:0800c8af81de679d">Open-circuit in#@#@#9#able.</phrase>
</ptxt>
</item>
<item>
<ptxt>
<phrase category="" id="KC08604296" phrase-urn="urn:x-nevis:phrase:0800c8af81de679e">Defective wheel#@#@#3#nsor.</phrase>
</ptxt>
</item>
<item>
<ptxt>
<phrase category="" id="KC08604297" phrase-urn="urn:x-nevis:phrase:0800c8af81de679f">Defective contr#@#@#5#dule.</phrase>
</ptxt>
</item>
</list1>
</ps>
</condgrp>
<condgrp>
<condition type="symptom">
<list1 enumtype="d" type="unordered">
<item>
<ptxt>
<phrase category="" id="KC08604298" phrase-urn="urn:x-nevis:phrase:0800c8af81de67a0">ABS warning lam#@#@#1# lit.</phrase>
</ptxt>
</item>
<item>
<ptxt>
<phrase category="" id="KC08604299" phrase-urn="urn:x-nevis:phrase:0800c8af81de67a1">Anti-spin warni#@#@#7# lit.</phrase>
</ptxt>
</item>
<item>
<ptxt>
<phrase category="" id="KC08604300" phrase-urn="urn:x-nevis:phrase:0800c8af81de67a2">Brake circuit n#@#@#28# lit.</phrase>
</ptxt>
</item>
<item>
<ptxt>
<phrase category="" id="KC08604301" phrase-urn="urn:x-nevis:phrase:0800c8af81de67a3">No ABS function.</phrase>
</ptxt>
</item>
<item>
<ptxt>
<phrase category="" id="KC08604302" phrase-urn="urn:x-nevis:phrase:0800c8af81de67a5">No TRACS system#@#@#28#nly).</phrase>
</ptxt>
</item>
<item>
<ptxt>
<phrase category="" id="KC08604303" phrase-urn="urn:x-nevis:phrase:0800c8af81de67a6">Anti-spin does #@#@#8#tion.</phrase>
</ptxt>
</item>
</list1>
<note>
<ptxt>
<phrase category="" id="KC08604304" phrase-urn="urn:x-nevis:phrase:0800c8af81de67a7"> If the fault b#@#@#131#ycle.</phrase>
</ptxt>
</note>
</condition>
</condgrp>
</diagnostic>
</servinfosub>