<?xml version="1.0" encoding="UTF-8"?><servinfosub IE-ID="en-US0900c8af80148119" docno="VCC-142929" id="KC01131504" xml:lang="en-US">
<title>Input speed sen#@#@#29#acing</title>
<procedure>
<note>
<ptxt>As the illustra#@#@#160#rect.</ptxt>
</note>
<stepgrp id="KC01131505">
<title>Removal</title>
<procstep id="KC01131506">
<title>Preparations</title>
<para>
<ptxt>Switch off the #@#@#4#tion.</ptxt>
</para>
</procstep>
<procstep id="KC01131507">
<title>Removing the ai#@#@#18#using</title>
<grate>
<graphic id="KC07566038">
<href>0900c8af8005d0c#@#@#11#.jpeg</href>
</graphic>
<graphtext>
<ptxt>Ignition off.</ptxt>
<ptxt>Remove the air #@#@#45#pipe.</ptxt>
<list1 enumtype="n" type="ordered">
<item>
<ptxt> The intake manifold</ptxt>
</item>
<item>
<ptxt> The hose from #@#@#25#ensor</ptxt>
</item>
<item>
<ptxt> Connector.</ptxt>
</item>
</list1>
<ptxt>Pull the air cl#@#@#36#ings.</ptxt>
</graphtext>
</grate>
</procstep>
<procstep id="KC01131508">
<title>Removing the ca#@#@#6#rness</title>
<grate>
<graphic id="KC07566039">
<href>0900c8af8006067#@#@#9#.jpeg</href>
</graphic>
<graphtext>
<para>
<ptxt>Remove the moun#@#@#61#tem. </ptxt>
<ptxt>Unhook the moun#@#@#94#ing. </ptxt>
</para>
<para>
<ptxt>Remove the tie #@#@#25#ness.</ptxt>
<ptxt>Separate the co#@#@#86#sor. </ptxt>
<ptxt>Unhook the conn#@#@#20#ting.</ptxt>
</para>
<para>
<ptxt>Clean thoroughl#@#@#16#sors.</ptxt>
<ptxt>Remove the sens#@#@#21#ness.</ptxt>
</para>
</graphtext>
</grate>
</procstep>
</stepgrp>
<stepgrp id="KC01131509">
<title>Installation</title>
<note>
<ptxt>For tightening #@#@#8# see <xref>
<ref id="KC07566040"/>
</xref>. </ptxt>
</note>
<procstep id="KC01131510">
<title>Installing the #@#@#1#ensor</title>
<grate>
<graphic id="KC07566041">
<href>0900c8af8006067#@#@#9#.jpeg</href>
</graphic>
<graphtext>
<para>
<ptxt>Install the new#@#@#4#sors.</ptxt>
<ptxt>Apply a little #@#@#55#. See<xref>
<ref id="KC07566042"/>
</xref>.</ptxt>
</para>
<list1 enumtype="d" type="unordered">
<item>
<ptxt>Install the con#@#@#59#ctors</ptxt>
</item>
<item>
<ptxt>Install the tie#@#@#24#rness</ptxt>
</item>
<item>
<ptxt>Hook the mounti#@#@#68#using</ptxt>
</item>
<item>
<ptxt>Secure the cabl#@#@#43#ver. </ptxt>
</item>
</list1>
</graphtext>
</grate>
</procstep>
<procstep id="KC01131511">
<title>Installing the #@#@#20#using</title>
<grate>
<graphic id="KC07566043">
<href>0900c8af8005d0c#@#@#11#.jpeg</href>
</graphic>
<graphtext>
<para>
<ptxt>Install the air#@#@#65#als. </ptxt>
<ptxt>Check and erase#@#@#32#TCs).</ptxt>
</para>
</graphtext>
</grate>
</procstep>
</stepgrp>
</procedure>
</servinfosub>