<?xml version="1.0" encoding="UTF-8"?><servinfosub IE-ID="en-US0900c8af844d2119" docno="VCC-370696" id="nev13715161n1" original="sv-SE" servinfosubId="nev13715162n1-nev13715170n1" servinfosubRes="0900c8af844d211b" servinfosubRes2="urn:x-nevis:fragment:0900c8af844d2119:0900c8af844d211b#nev13715170n1" xml:lang="en-US">
<title id="nev13715160n56">Transmission, i#@#@#4#lling</title>
<procedure id="nev13715162n1-nev13715172n49">
<proctools id="nev13715162n1-nev13715172n50">
<toolitem id="nev13715162n1-nev13715169n94"/>
</proctools>
<note id="nev13715162n1-nev13715172n51">
<ptxt id="nev13715162n1-nev13715172n52">As the illustra#@#@#160#rect.</ptxt>
</note>
<stepgrp id="nev13715162n1-nev13715169n95">
<title id="nev13715162n1-nev13715172n53">Installation</title>
<note id="nev13715162n1-nev13715172n54">
<ptxt id="nev13715162n1-nev13715172n55">For tightening #@#@#9#see: <xref id="nev13715162n1-nev13715172n56">
<ref id="nev13715162n1-nev13715169n96"/>
</xref>. </ptxt>
</note>
<procstep id="nev13715162n1-nev13715169n97">
<title id="nev13715162n1-nev13715172n57">Installing the #@#@#7#ssion</title>
<grate id="nev13715162n1-nev13715172n58">
<graphic id="nev13715162n1-nev13715169n98">
<href>0900c8af80731c9#@#@#9#.jpeg</href>
</graphic>
<graphtext id="nev13715162n1-nev13715172n59">
<para id="nev13715162n1-nev13715172n60">
<ptxt id="nev13715162n1-nev13715172n61">Before installi#@#@#93#See: <xref id="nev13715162n1-nev13715172n62">
<ref id="nev13715162n1-nev13715169n99"/>
</xref>.</ptxt>
</para>
<para id="nev13715162n1-nev13715172n63">
<ptxt id="nev13715162n1-nev13715172n64">Adjust height a#@#@#55#ure. </ptxt>
<ptxt id="nev13715162n1-nev13715172n65">Locate the tran#@#@#18#gine.</ptxt>
<ptxt id="nev13715162n1-nev13715172n66">Ensure that the#@#@#130#ion. </ptxt>
</para>
</graphtext>
</grate>
</procstep>
<procstep id="nev13715162n1-nev13715169n100">
<title id="nev13715162n1-nev13715172n67">Installing and #@#@#38#sion </title>
<grate id="nev13715162n1-nev13715172n68">
<graphic id="nev13715162n1-nev13715172n1">
<href>0900c8af80731c9#@#@#9#.jpeg</href>
</graphic>
<graphtext id="nev13715162n1-nev13715172n69">
<para id="nev13715162n1-nev13715172n70">
<ptxt id="nev13715162n1-nev13715172n71">Install the 6 M#@#@#46#ine. </ptxt>
</para>
<para id="nev13715162n1-nev13715172n72">
<ptxt id="nev13715162n1-nev13715172n73">First tighten a#@#@#38#act. </ptxt>
<ptxt id="nev13715162n1-nev13715172n74">At the same tim#@#@#69#gine.</ptxt>
<ptxt id="nev13715162n1-nev13715172n75">Tighten.</ptxt>
</para>
<para id="nev13715162n1-nev13715172n76">
<ptxt id="nev13715162n1-nev13715172n77">Remove the fixt#@#@#21#sion.</ptxt>
</para>
</graphtext>
</grate>
</procstep>
<procstep id="nev13715162n1-nev13715172n2">
<title id="nev13715162n1-nev13715172n78">Installing engi#@#@#6#nting</title>
<grate id="nev13715162n1-nev13715172n79">
<graphic id="nev13715162n1-nev13715172n3">
<href>0900c8af80731c8#@#@#9#.jpeg</href>
</graphic>
<graphtext id="nev13715162n1-nev13715172n80">
<para id="nev13715162n1-nev13715172n81">
<ptxt id="nev13715162n1-nev13715172n82">Tighten the tra#@#@#14#ting.<xref boilerplate="true" id="nev13715162n1-nev13715174n34">
<ref id="nev13715162n1-nev13715174n35"/>
</xref>
</ptxt>
</para>
</graphtext>
</grate>
</procstep>
<procstep id="nev13715162n1-nev13715172n4">
<title id="nev13715162n1-nev13715172n85">Lifting the eng#@#@#19#ssion</title>
<grate id="nev13715162n1-nev13715172n86">
<graphic id="nev13715162n1-nev13715172n5">
<href>0900c8af80731c8#@#@#9#.jpeg</href>
</graphic>
<graphtext id="nev13715162n1-nev13715172n87">
<para id="nev13715162n1-nev13715172n88">
<ptxt id="nev13715162n1-nev13715172n89">Lift the engine#@#@#72# pad.</ptxt>
</para>
<para id="nev13715162n1-nev13715172n90">
<ptxt id="nev13715162n1-nev13715172n91">Install the M14#@#@#38#See: <xref id="nev13715162n1-nev13715172n92">
<ref id="nev13715162n1-nev13715172n6"/>
</xref>.</ptxt>
</para>
<para id="nev13715162n1-nev13715172n93">
<ptxt id="nev13715162n1-nev13715172n94">Remove the lift#@#@#26#hook.</ptxt>
</para>
</graphtext>
</grate>
</procstep>
<procstep id="nev13715162n1-nev13715172n7">
<title id="nev13715162n1-nev13715172n95">Installing the #@#@#30#ngine</title>
<grate id="nev13715162n1-nev13715172n96">
<graphic id="nev13715162n1-nev13715172n8">
<href>0900c8af80731c8#@#@#9#.jpeg</href>
</graphic>
<graphtext id="nev13715162n1-nev13715172n97">
<list1 enumtype="d" id="nev13715162n1-nev13715172n98" type="unordered">
<title id="nev13715162n1-nev13715172n99">Install:</title>
<item id="nev13715162n1-nev13715172n100">
<ptxt id="nev13715162n1-nev13715173n1">the 4 x M10 scr#@#@#40#hten </ptxt>
</item>
<item id="nev13715162n1-nev13715173n2">
<ptxt id="nev13715162n1-nev13715173n3">the starter mot#@#@#13#See: <xref id="nev13715162n1-nev13715173n4">
<ref id="nev13715162n1-nev13715172n9"/>
</xref>.</ptxt>
</item>
</list1>
</graphtext>
</grate>
</procstep>
<procstep id="nev13715162n1-nev13715172n10">
<title id="nev13715162n1-nev13715173n5">Installing the #@#@#2#acket</title>
<grate id="nev13715162n1-nev13715173n6">
<graphic id="nev13715162n1-nev13715172n11">
<href>0900c8af814923e#@#@#9#.jpeg</href>
</graphic>
<graphtext id="nev13715162n1-nev13715173n7">
<note id="nev13715162n1-nev13715173n8">
<ptxt id="nev13715162n1-nev13715173n9">Ensure that the#@#@#79#der. </ptxt>
</note>
<list1 enumtype="d" id="nev13715162n1-nev13715173n10" type="unordered">
<title id="nev13715162n1-nev13715173n11">Install:</title>
<item id="nev13715162n1-nev13715173n12">
<ptxt id="nev13715162n1-nev13715173n13">the connector f#@#@#14#ssion</ptxt>
</item>
<item id="nev13715162n1-nev13715173n14">
<ptxt id="nev13715162n1-nev13715173n15">the bracket holder</ptxt>
</item>
<item id="nev13715162n1-nev13715173n16">
<ptxt id="nev13715162n1-nev13715173n17">the bracket and#@#@#13#hose.</ptxt>
</item>
</list1>
</graphtext>
</grate>
</procstep>
<procstep id="nev13715162n1-nev13715172n12">
<title id="nev13715162n1-nev13715173n18">Installing the #@#@#14#cable</title>
<grate id="nev13715162n1-nev13715173n19">
<graphic id="nev13715162n1-nev13715172n13">
<href>0900c8af80731c6#@#@#9#.jpeg</href>
</graphic>
<graphtext id="nev13715162n1-nev13715173n20">
<note id="nev13715162n1-nev13715173n21">
<ptxt id="nev13715162n1-nev13715173n22">Ensure that the#@#@#35#reak.</ptxt>
</note>
<list1 enumtype="d" id="nev13715162n1-nev13715173n23" type="unordered">
<title id="nev13715162n1-nev13715173n24">Install:</title>
<item id="nev13715162n1-nev13715173n25">
<ptxt id="nev13715162n1-nev13715173n26">the oil line to#@#@#18#cover</ptxt>
</item>
<item id="nev13715162n1-nev13715173n27">
<ptxt id="nev13715162n1-nev13715173n28">the gear select#@#@#33#ever.</ptxt>
</item>
</list1>
<para id="nev13715162n1-nev13715173n29">
<ptxt id="nev13715162n1-nev13715173n30">Adjust the gear#@#@#25# to: <xref id="nev13715162n1-nev13715173n31">
<ref id="nev13715162n1-nev13715172n14"/>
</xref>. </ptxt>
</para>
</graphtext>
</grate>
</procstep>
<procstep id="nev13715162n1-nev13715172n15">
<title id="nev13715162n1-nev13715173n32">Installing the #@#@#19#odule</title>
<grate id="nev13715162n1-nev13715173n33">
<graphic id="nev13715162n1-nev13715172n16">
<href>0900c8af80731c9#@#@#9#.jpeg</href>
</graphic>
<graphtext id="nev13715162n1-nev13715173n34">
<para id="nev13715162n1-nev13715173n35">
<ptxt id="nev13715162n1-nev13715173n36">Install the air#@#@#23#See: <xref id="nev13715162n1-nev13715173n37">
<ref id="nev13715162n1-nev13715172n17"/>
</xref>. </ptxt>
</para>
</graphtext>
</grate>
</procstep>
<procstep id="nev13715162n1-nev13715172n18">
<title id="nev13715162n1-nev13715173n38">Installing the #@#@#18#crews</title>
<grate id="nev13715162n1-nev13715173n39">
<graphic id="nev13715162n1-nev13715172n19">
<href>0900c8af8005ebc#@#@#9#.jpeg</href>
</graphic>
<graphtext id="nev13715162n1-nev13715173n40">
<note id="nev13715162n1-nev13715173n41">
<ptxt id="nev13715162n1-nev13715173n42">Use new screws.</ptxt>
</note>
<para id="nev13715162n1-nev13715173n43">
<ptxt id="nev13715162n1-nev13715173n44">Align the torqu#@#@#136#rter.</ptxt>
</para>
<para id="nev13715162n1-nev13715173n45">
<ptxt id="nev13715162n1-nev13715173n46">Install all 6 x#@#@#112#See: <xref id="nev13715162n1-nev13715173n47">
<ref id="nev13715162n1-nev13715172n20"/>
</xref>. Use a Torx-wr#@#@#3#h 50.</ptxt>
</para>
<note id="nev13715162n1-nev13715173n48">
<ptxt id="nev13715162n1-nev13715173n49">Remove the sock#@#@#25#haft.</ptxt>
</note>
</graphtext>
</grate>
</procstep>
<procstep id="nev13715162n1-nev13715172n21">
<title id="nev13715162n1-nev13715173n50">Installing the #@#@#3# line</title>
<grate id="nev13715162n1-nev13715173n51">
<graphic id="nev13715162n1-nev13715172n22">
<href>0900c8af80731c6#@#@#9#.jpeg</href>
</graphic>
<graphtext id="nev13715162n1-nev13715173n52">
<para id="nev13715162n1-nev13715173n53">
<ptxt id="nev13715162n1-nev13715173n54">Place a contain#@#@#26#sion.</ptxt>
</para>
<list1 enumtype="d" id="nev13715162n1-nev13715173n55" type="unordered">
<title id="nev13715162n1-nev13715173n56">Install:</title>
<item id="nev13715162n1-nev13715173n57">
<ptxt id="nev13715162n1-nev13715173n58">the oil line. U#@#@#26#See: <xref id="nev13715162n1-nev13715173n59">
<ref id="nev13715162n1-nev13715172n23"/>
</xref>
</ptxt>
</item>
<item id="nev13715162n1-nev13715173n60">
<ptxt id="nev13715162n1-nev13715173n61">the ground lead#@#@#17#sion.</ptxt>
</item>
</list1>
</graphtext>
</grate>
</procstep>
<procstep id="nev13715162n1-nev13715172n24">
<title id="nev13715162n1-nev13715173n62">Installing the #@#@#4#frame</title>
<grate id="nev13715162n1-nev13715173n63">
<graphic id="nev13715162n1-nev13715172n25">
<href>0900c8af80a5415#@#@#9#.jpeg</href>
</graphic>
<graphtext id="nev13715162n1-nev13715173n64">
<para id="nev13715162n1-nev13715173n65">
<ptxt id="nev13715162n1-nev13715173n66">Secure the sub-#@#@#52#rap. </ptxt>
</para>
<para id="nev13715162n1-nev13715173n67">
<ptxt id="nev13715162n1-nev13715173n68">Lift the sub-fr#@#@#104#eads.</ptxt>
</para>
<para id="nev13715162n1-nev13715173n69">
<ptxt id="nev13715162n1-nev13715173n70">Allow the sub-f#@#@#61#jack.</ptxt>
</para>
<para id="nev13715162n1-nev13715173n71">
<ptxt id="nev13715162n1-nev13715173n72">Remove the temp#@#@#82#rame.</ptxt>
</para>
</graphtext>
</grate>
</procstep>
<procstep id="nev13715162n1-nev13715172n26">
<title id="nev13715162n1-nev13715173n73">Installing the #@#@#8#l bar</title>
<grate id="nev13715162n1-nev13715173n74">
<graphic id="nev13715162n1-nev13715172n27">
<href>0900c8af8044591#@#@#9#.jpeg</href>
</graphic>
<graphtext id="nev13715162n1-nev13715173n75">
<para id="nev13715162n1-nev13715173n76">
<ptxt id="nev13715162n1-nev13715173n77">Install the sta#@#@#46#See: <xref id="nev13715162n1-nev13715173n78">
<ref id="nev13715162n1-nev13715172n28"/>
</xref>. </ptxt>
</para>
</graphtext>
</grate>
</procstep>
<procstep id="nev13715162n1-nev13715172n29">
<title id="nev13715162n1-nev13715173n79">Securing the su#@#@#2#frame</title>
<grate id="nev13715162n1-nev13715173n80">
<graphic id="nev13715162n1-nev13715172n30">
<href>0900c8af8044591#@#@#9#.jpeg</href>
</graphic>
<graphtext id="nev13715162n1-nev13715173n81">
<para id="nev13715162n1-nev13715173n82">
<ptxt id="nev13715162n1-nev13715173n83">Install <toolitem id="nev13715162n1-nev13715172n31"/> on both sides.#@#@#103#bers.</ptxt>
</para>
</graphtext>
</grate>
</procstep>
<procstep id="nev13715162n1-nev13715172n32">
<title id="nev13715162n1-nev13715173n84"> Installing the#@#@#2#crews</title>
<grate id="nev13715162n1-nev13715173n85">
<graphic id="nev13715162n1-nev13715172n33">
<href>0900c8af816227d#@#@#9#.jpeg</href>
</graphic>
<graphtext id="nev13715162n1-nev13715173n86">
<para id="nev13715162n1-nev13715173n87">
<ptxt id="nev13715162n1-nev13715173n88">Install the scr#@#@#114#rews.</ptxt>
</para>
<para id="nev13715162n1-nev13715173n89">
<ptxt id="nev13715162n1-nev13715173n90">Tighten the M16#@#@#9#See: <xref id="nev13715162n1-nev13715173n91">
<ref id="nev13715162n1-nev13715172n34"/>
</xref>. </ptxt>
</para>
<para id="nev13715162n1-nev13715173n92">
<ptxt id="nev13715162n1-nev13715173n93">Tighten the 4 M#@#@#21#kets.</ptxt>
</para>
<para id="nev13715162n1-nev13715173n94">
<ptxt id="nev13715162n1-nev13715173n95">Install the rub#@#@#40#ing. </ptxt>
</para>
</graphtext>
</grate>
</procstep>
<procstep id="nev13715162n1-nev13715172n35">
<title id="nev13715162n1-nev13715173n96">Installing the #@#@#12#inued</title>
<grate id="nev13715162n1-nev13715173n97">
<graphic id="nev13715162n1-nev13715172n36">
<href>0900c8af80731c7#@#@#9#.jpeg</href>
</graphic>
<graphtext id="nev13715162n1-nev13715173n98">
<para id="nev13715162n1-nev13715173n99">
<ptxt id="nev13715162n1-nev13715173n100">Tighten the fro#@#@#31#See: <xref id="nev13715162n1-nev13715174n1">
<ref id="nev13715162n1-nev13715172n37"/>
</xref>.</ptxt>
</para>
<para id="nev13715162n1-nev13715174n2">
<ptxt id="nev13715162n1-nev13715174n3">Install new scr#@#@#40#ely. </ptxt>
<ptxt id="nev13715162n1-nev13715174n4">Tightening is p#@#@#38#ment.</ptxt>
</para>
</graphtext>
</grate>
</procstep>
</stepgrp>
<stepgrp id="nev13715162n1-nev13715172n38">
<title id="nev13715162n1-nev13715174n5">Finishing</title>
<procstep id="nev13715162n1-nev13715174n6">
<title id="nev13715162n1-nev13715174n7">Installing the #@#@#5# gear</title>
<para id="nev13715162n1-nev13715174n8">
<ptxt id="nev13715162n1-nev13715174n9">Fit the bevel g#@#@#13# to: <xref id="nev13715162n1-nev13715174n10">
<ref id="nev13715162n1-nev13715172n39"/>
</xref>. </ptxt>
</para>
</procstep>
<procstep id="nev13715162n1-nev13715172n40">
<title id="nev13715162n1-nev13715174n11">Installing driv#@#@#3#hafts</title>
<para id="nev13715162n1-nev13715174n12">
<ptxt id="nev13715162n1-nev13715174n13">Install the lef#@#@#20#See: <xref id="nev13715162n1-nev13715174n14">
<ref id="nev13715162n1-nev13715172n41"/>
</xref>. </ptxt>
</para>
</procstep>
<procstep id="nev13715162n1-nev13715172n42">
<title id="nev13715162n1-nev13715174n15">Installing comp#@#@#23#tment</title>
<grate id="nev13715162n1-nev13715174n16">
<graphic id="nev13715162n1-nev13715172n43">
<href>0900c8af80731c9#@#@#9#.jpeg</href>
</graphic>
<graphtext id="nev13715162n1-nev13715174n17">
<para id="nev13715162n1-nev13715174n18">
<ptxt id="nev13715162n1-nev13715174n19">Tighten the two#@#@#29#gear.</ptxt>
</para>
</graphtext>
</grate>
</procstep>
<procstep id="nev13715162n1-nev13715172n44">
<title id="nev13715162n1-nev13715174n20">Installing the #@#@#7# lead</title>
<grate id="nev13715162n1-nev13715174n21">
<graphic id="nev13715162n1-nev13715172n45">
<href>0900c8af80731c6#@#@#9#.jpeg</href>
</graphic>
<graphtext id="nev13715162n1-nev13715174n22">
<list1 enumtype="d" id="nev13715162n1-nev13715174n23" type="unordered">
<title id="nev13715162n1-nev13715174n24">Install:</title>
<item id="nev13715162n1-nev13715174n25">
<ptxt id="nev13715162n1-nev13715174n26">the box for the#@#@#3#ttery</ptxt>
</item>
<item id="nev13715162n1-nev13715174n27">
<ptxt id="nev13715162n1-nev13715174n28">the battery neg#@#@#12#See: <xref id="nev13715162n1-nev13715174n29">
<ref id="nev13715162n1-nev13715172n46"/>
</xref>. </ptxt>
</item>
</list1>
</graphtext>
</grate>
</procstep>
<procstep id="nev13715162n1-nev13715172n47">
<title id="nev13715162n1-nev13715174n30">Checking the tr#@#@#5#ssion</title>
<para id="nev13715162n1-nev13715174n31">
<ptxt id="nev13715162n1-nev13715174n32">Checks after wo#@#@#24#See: <xref id="nev13715162n1-nev13715174n33">
<ref id="nev13715162n1-nev13715172n48"/>
</xref>.</ptxt>
</para>
</procstep>
</stepgrp>
</procedure>
</servinfosub>