<?xml version="1.0" encoding="UTF-8"?><servinfo IE-ID="en-US0900c8af804d820b" docno="VCC-121032" id="KC01637951" xml:lang="en-US">
<title>Climate control unit</title>
<ref id="KC07479766"/>
<ref id="KC07479767"/>
<ref id="KC07479768"/>
<ref id="KC07479769"/>
<ref id="KC07479770"/>
<ref id="KC07479771"/>
<ref id="KC07479772"/>
<ref id="KC07479773"/>
<ref id="KC07479774"/>
<ref id="KC07479775"/>
<ref id="KC07479776"/>
<ref id="KC07479777"/>
<ref id="KC07479778"/>
<ref id="KC07479779"/>
</servinfo>