<?xml version="1.0" encoding="UTF-8"?><servinfosub IE-ID="en-US0900c8af82cbf61a" docno="VCC-142100" id="KC01113333" xml:lang="en-US">
<title id="nev11053173n1">Brake shoes par#@#@#16#acing</title>
<procedure id="nev11053173n3">
<proctools id="nev11090220n69">
<toolitem id="nev11090220n70"/>
</proctools>
<note id="nev11053173n5">
<ptxt id="nev11053173n7">The illustratio#@#@#176#rect.</ptxt>
</note>
<stepgrp id="KC03003809">
<title id="nev11053173n9">Preparatory work</title>
<procstep id="KC03003810">
<title id="nev11053173n11">Resetting the p#@#@#7#brake</title>
<grate id="nev11053173n13">
<graphic id="KC03354323">
<href>0900c8af80731ba#@#@#9#.jpeg</href>
</graphic>
<graphtext id="nev11053173n19">
<para id="nev11053173n21">
<ptxt id="nev11053173n23">If the vehicle #@#@#1#as a <emph id="nev11053173n25">manual</emph> adjustment for#@#@#77#See: <xref id="nev11053173n27">
<ref id="KC03354324"/>
</xref>. </ptxt>
</para>
<para id="nev11053173n33">
<ptxt id="nev11053173n35">If the vehicle #@#@#1#as a <emph id="nev11053173n37">self-adjusting</emph> parking brake.#@#@#67#See: <xref id="nev11053173n39">
<ref id="KC03354325"/>
</xref>. </ptxt>
</para>
</graphtext>
</grate>
</procstep>
</stepgrp>
<stepgrp id="KC03003811">
<title id="nev11053173n45">Removal</title>
<procstep id="KC03003812">
<title id="nev11053173n47">Removing the br#@#@#41# disc</title>
<grate id="nev11053173n49">
<graphic id="KC03354326">
<href>0900c8af800594c#@#@#9#.jpeg</href>
</graphic>
<graphtext id="nev11053173n55">
<para id="nev11053173n57">
<ptxt id="nev11053173n59">Remove the moun#@#@#110#pipe.</ptxt>
<ptxt id="nev11053173n61">Remove the scre#@#@#16#disc.</ptxt>
</para>
<note id="nev11053173n63">
<ptxt id="nev11053173n65">Do not damage t#@#@#7#line.</ptxt>
</note>
</graphtext>
</grate>
</procstep>
<procstep id="KC03003813">
<title id="nev11053173n67">Removing the pa#@#@#12#shoes</title>
<grate id="nev11053174n57">
<graphic id="nev11053174n58">
<href>0900c8af82b117c#@#@#11#.jpeg</href>
</graphic>
<graphtext id="nev11053177n51">
<para id="nev11053177n215">
<ptxt id="nev11053177n216">Remove the two #@#@#34# Use <toolitem id="nev11090221n191"/>.</ptxt>
<ptxt id="nev11053179n43">Compress the sp#@#@#106#oved.</ptxt>
</para>
</graphtext>
</grate>
<grate id="nev11053173n69">
<graphic id="KC03354327">
<href>0900c8af8005976#@#@#11#.jpeg</href>
</graphic>
<graphtext id="nev11053173n75">
<para id="nev11053173n77">
<ptxt id="nev11053173n83">Detach the retu#@#@#21#nder.</ptxt>
<ptxt id="nev11053173n85">Bend the brake #@#@#57#acer.</ptxt>
</para>
</graphtext>
</grate>
</procstep>
<procstep id="KC03003814">
<title id="nev11053173n87">Cleaning and ch#@#@#1#cking</title>
<grate id="nev11053173n89">
<graphic id="KC03354328">
<href>0900c8af8005976#@#@#9#.jpeg</href>
</graphic>
<graphtext id="nev11053173n95">
<ptxt id="nev11053173n97">Check that no g#@#@#34#hub. </ptxt>
<ptxt id="nev11053173n99">Check the parki#@#@#48#sary.</ptxt>
<ptxt id="nev11053173n101">Clean the surfa#@#@#52#tact.</ptxt>
<ptxt id="nev11053173n103">Check that hub #@#@#28#rust.</ptxt>
<ptxt id="nev11053173n105">Lubricate the c#@#@#74#25-4.</ptxt>
</graphtext>
</grate>
</procstep>
</stepgrp>
<stepgrp id="KC03003815">
<title id="nev11053173n107">Installation</title>
<note id="nev11053173n109">
<ptxt id="nev11053173n111">For tightening #@#@#9#see: <xref id="nev11053173n113">
<ref id="KC03354329"/>
</xref>. </ptxt>
</note>
<procstep id="KC03003816">
<title id="nev11053173n119">Installing brak#@#@#2#shoes</title>
<grate id="nev11053173n121">
<graphic id="KC03354330">
<href>0900c8af8005977#@#@#9#.jpeg</href>
</graphic>
<graphtext id="nev11053173n127">
<list1 enumtype="d" id="nev11053173n129" type="unordered">
<title id="nev11053173n131">Install:</title>
<item id="nev11053173n133">
<ptxt id="nev11053173n135">the brake shoes</ptxt>
</item>
<item id="nev11053173n137">
<ptxt id="nev11053173n139">the spacer and #@#@#39#oes. </ptxt>
</item>
</list1>
</graphtext>
</grate>
<grate id="nev11053181n77">
<graphic id="nev11053181n78">
<href>0900c8af82b117c#@#@#11#.jpeg</href>
</graphic>
<graphic id="nev11063178n22">
<href>0900c8af8005977#@#@#11#.jpeg</href>
</graphic>
<graphtext id="nev11053183n74">
<para id="nev11066112n113">
<ptxt id="nev11066112n114">Install the fix#@#@#65#nder.</ptxt>
</para>
<list1 enumtype="d" id="nev11053173n149" type="unordered">
<title id="nev11053173n151">Install:</title>
<item id="nev11063176n113">
<ptxt id="nev11063176n182">the lower fixin#@#@#9# use <toolitem id="nev11090223n109"/>.</ptxt>
<ptxt id="nev11063177n69">Point the sprin#@#@#104#cket.</ptxt>
</item>
<item id="nev11053173n157">
<ptxt id="nev11053173n159">the upper fixin#@#@#4#ring.</ptxt>
</item>
<item id="nev11053173n161">
<ptxt id="nev11053173n163">the return spri#@#@#14#nder.</ptxt>
</item>
</list1>
<para id="nev11063177n202">
<ptxt id="nev11063177n203">Check that the #@#@#48#nder.</ptxt>
<ptxt id="nev11066113n137">Install the ret#@#@#22#nder.</ptxt>
</para>
</graphtext>
</grate>
</procstep>
<procstep id="KC03003817">
<title id="nev11053173n169">Installing the #@#@#43#older</title>
<grate id="nev11053173n171">
<graphic id="KC03354332">
<href>0900c8af800594c#@#@#9#.jpeg</href>
</graphic>
<graphtext id="nev11053173n177">
<list1 enumtype="d" id="nev11053173n179" type="unordered">
<title id="nev11053173n181">Install:</title>
<item id="nev11053173n183">
<ptxt id="nev11053173n185">the 1 M6 screw #@#@#7# disc</ptxt>
</item>
<item id="nev11053173n187">
<ptxt id="nev11053173n189">the screws for #@#@#28# See <xref id="nev11053173n191">
<ref id="KC03354333"/>
</xref>.</ptxt>
</item>
</list1>
<para id="nev11053173n197">
<ptxt id="nev11053173n199">Use new mountin#@#@#4#rews.</ptxt>
</para>
</graphtext>
</grate>
</procstep>
</stepgrp>
<stepgrp id="KC03003818">
<title id="nev11053173n201">Finishing</title>
<procstep id="KC03003819">
<title id="nev11053173n203">Adjusting the p#@#@#7#brake</title>
<grate id="nev11053173n205">
<graphic id="KC03354334">
<href>0900c8af80731ba#@#@#9#.jpeg</href>
</graphic>
<graphtext id="nev11053173n211">
<para id="nev11053173n213">
<ptxt id="nev11053173n215">If the vehicle #@#@#1#as a <emph id="nev11053173n217">manual</emph> adjustment for#@#@#78#See: <xref id="nev11053173n219">
<ref id="KC03354335"/>
</xref>. </ptxt>
</para>
<para id="nev11053173n225">
<ptxt id="nev11053173n227">If the vehicle #@#@#1#as a <emph id="nev11053173n229">self-adjusting</emph> parking brake.#@#@#48#See: <xref id="nev11053173n231">
<ref id="KC03354336"/>
</xref>. </ptxt>
</para>
<para id="nev11053173n237">
<ptxt id="nev11053173n239">Install the whe#@#@#4#See: <xref id="nev11053173n241">
<ref id="KC03354337"/>
</xref>.</ptxt>
</para>
</graphtext>
</grate>
</procstep>
<procstep id="KC03003820">
<title id="nev11053173n247">Breaking in the#@#@#36#ement</title>
<note id="nev11053173n249">
<ptxt id="nev11053174n1">Activate the pa#@#@#29#utes.</ptxt>
</note>
<para id="nev11053174n3">
<ptxt id="nev11053174n5">Break in the pa#@#@#117#ers. </ptxt>
</para>
<para id="nev11053174n7">
<ptxt id="nev11053174n9">With the vehicl#@#@#124#edal.</ptxt>
</para>
<para id="nev11053174n11">
<ptxt id="nev11053174n13">Post-adjust the#@#@#23#sary.</ptxt>
</para>
</procstep>
</stepgrp>
</procedure>
</servinfosub>