<?xml version="1.0" encoding="UTF-8"?><servinfosub IE-ID="en-US0900c8af8063f61a" docno="VCC-069954" id="KC02131201" xml:lang="en-US">
<title>
<phrase category="" id="KC08173048" phrase-urn="urn:x-nevis:phrase:0800c8af81d86650">Checking thrott#@#@#7# (TB)</phrase>
</title>
<diagnostic type="test">
<testgrp IE-ID="en-US0900c8af8063f61a_KC02193182" id="KC02193182" j2008use="1" paperuse="1" resumable="1" screenuse="1" testgrp-id="wa1" x="120" y="80">
<title>
<phrase category="" id="KC08173049" phrase-urn="urn:x-nevis:phrase:0800c8af81d86651">Checking if adj#@#@#14#uired</phrase>
</title>
<node>
<test1>
<diaglist>
<dgraphic>
<dgraphic1>
<graphic id="KC08173050">
<href>0900c8af80054d3#@#@#9#.jpeg</href>
</graphic>
</dgraphic1>
</dgraphic>
<ditem>
<ptxt>
<phrase category="" id="KC08173051" phrase-urn="urn:x-nevis:phrase:0800c8af81d86652">Run the engine #@#@#27#ture.</phrase>
</ptxt>
</ditem>
<ditem>
<ptxt>
<phrase category="" id="KC08173052" phrase-urn="urn:x-nevis:phrase:0800c8af81d86653">Connect a preci#@#@#12#ter. </phrase>
</ptxt>
</ditem>
<ditem>
<ptxt>
<phrase category="" id="KC08173053" phrase-urn="urn:x-nevis:phrase:0800c8af81d86654">The engine must#@#@#6#ling.</phrase>
</ptxt>
</ditem>
<ditem>
<ptxt>
<phrase category="" id="KC08173054" phrase-urn="urn:x-nevis:phrase:0800c8af81d86655">The gear shift #@#@#10#n P. </phrase>
</ptxt>
</ditem>
<ditem>
<ptxt>
<phrase category="" id="KC08173055" phrase-urn="urn:x-nevis:phrase:0800c8af81d86656">Air conditionin#@#@#25#off. </phrase>
</ptxt>
</ditem>
<ditem>
<ptxt>
<phrase category="" id="KC08173056" phrase-urn="urn:x-nevis:phrase:0800c8af81d86657">Squeeze shut th#@#@#62#ers. </phrase>
</ptxt>
</ditem>
</diaglist>
<test2>
<grate>
<graphic id="KC08173057" width="column">
<href>0900c8af8012d80#@#@#11#.jpeg</href>
</graphic>
</grate>
</test2>
</test1>
<question>The engine spee#@#@#77#ault.</question>
<resact-grp>
<result button="ok" comp="button" highlight="0"/>
<action j2008use="1" paperuse="0" screenuse="1">
<return value="FAULT NOT FOUND"/>
</action>
</resact-grp>
<resact-grp>
<result button="notok" comp="button" highlight="0"/>
<action j2008use="1" paperuse="0" screenuse="1">
<ptxt>
<xref>
<ref id="KC08173058"/>
</xref>
</ptxt>
</action>
</resact-grp>
</node>
</testgrp>
<testgrp id="KC02193183" j2008use="1" paperuse="1" resumable="1" screenuse="1" testgrp-id="wa2" x="120" y="160">
<title>
<phrase category="" id="KC08173059" phrase-urn="urn:x-nevis:phrase:0800c8af81d86658">Adjusting idlin#@#@#2#speed</phrase>
</title>
<node>
<test1>
<diaglist>
<dgraphic>
<dgraphic1>
<graphic id="KC08173060">
<href>0900c8af80054d3#@#@#9#.jpeg</href>
</graphic>
</dgraphic1>
</dgraphic>
<ditem>
<ptxt>
<phrase category="" id="KC08173061" phrase-urn="urn:x-nevis:phrase:0800c8af81d86659">The engine must#@#@#6#ling.</phrase>
</ptxt>
</ditem>
<ditem>
<ptxt>
<phrase category="" id="KC08173062" phrase-urn="urn:x-nevis:phrase:0800c8af81d8665a">Slacken off the#@#@#51#dle. </phrase>
</ptxt>
</ditem>
<ditem>
<ptxt>
<phrase category="" id="KC08173063" phrase-urn="urn:x-nevis:phrase:0800c8af81d8665b">Screw in adjust#@#@#48# rpm.</phrase>
</ptxt>
</ditem>
<ditem>
<ptxt>
<phrase category="" id="KC08173064" phrase-urn="urn:x-nevis:phrase:0800c8af81d8665c">Switch off the #@#@#2#gine.</phrase>
</ptxt>
</ditem>
<ditem>
<ptxt>
<phrase category="" id="KC08173065" phrase-urn="urn:x-nevis:phrase:0800c8af81d8665d">Tighten locknut#@#@#43#turn.</phrase>
</ptxt>
</ditem>
</diaglist>
<test2>
<grate>
<graphic id="KC08173066" width="column">
<href>0900c8af8012d7f#@#@#9#.jpeg</href>
</graphic>
</grate>
</test2>
</test1>
<question>Select Continue</question>
<resact-grp>
<result button="cont" comp="button" highlight="0"/>
<action j2008use="1" paperuse="0" screenuse="1">
<ptxt>
<xref>
<ref id="KC08173067"/>
</xref>
</ptxt>
</action>
</resact-grp>
</node>
</testgrp>
<testgrp id="KC02193184" j2008use="1" paperuse="1" resumable="1" screenuse="1" testgrp-id="wa3" x="120" y="240">
<title>
<phrase category="" id="KC08173068" phrase-urn="urn:x-nevis:phrase:0800c8af81d8665e">Final check</phrase>
</title>
<node>
<test1>
<diaglist>
<ditem>
<ptxt>
<phrase category="" id="KC08173069" phrase-urn="urn:x-nevis:phrase:0800c8af81d8665f">Open the thrott#@#@#87#auge.</phrase>
</ptxt>
</ditem>
</diaglist>
<test2>
<list1 type="unordered">
<item>
<ptxt>
<phrase category="" id="KC08173070" phrase-urn="urn:x-nevis:phrase:0800c8af81d86660">With 0.45 mm fe#@#@#7#uge. <emph>no</emph>clicking noise #@#@#59#oses.</phrase>
</ptxt>
</item>
<item>
<ptxt>
<phrase category="" id="KC08173071" phrase-urn="urn:x-nevis:phrase:0800c8af81d86661">With 0.15 mm fe#@#@#7#uge. <emph>there should be</emph> a click noise #@#@#49#uts. </phrase>
</ptxt>
</item>
</list1>
</test2>
</test1>
<question>Is the clearance OK?</question>
<resact-grp>
<result button="ok" comp="button" highlight="0"/>
<action j2008use="1" paperuse="0" screenuse="1">
<return value="FAULT FOUND"/>
</action>
</resact-grp>
<resact-grp>
<result button="notok" comp="button" highlight="0"/>
<action j2008use="1" paperuse="0" screenuse="1">
<ptxt>
<xref>
<ref id="KC08173072"/>
</xref>
</ptxt>
</action>
</resact-grp>
</node>
</testgrp>
<testgrp id="KC02193185" j2008use="1" paperuse="0" resumable="1" screenuse="1" testgrp-id="wa3-1" x="120" y="320">
<title>
<phrase category="" id="KC08173073" phrase-urn="urn:x-nevis:phrase:0800c8af81d86662">Adjustment of t#@#@#12# (TB)</phrase>
</title>
<node>
<test1>
<test2>
<ptxt>
<phrase category="" id="KC08173074" phrase-urn="urn:x-nevis:phrase:0800c8af81d86663">Adjust accordin#@#@#26#elow:</phrase>
</ptxt>
<list1>
<item>
<ptxt>
<phrase category="" id="KC08173075" phrase-urn="urn:x-nevis:phrase:0800c8af81d86664">
<xref>
<ref id="KC08173076"/>
</xref>
</phrase>
</ptxt>
</item>
<item>
<ptxt>
<phrase category="" id="KC08173077" phrase-urn="urn:x-nevis:phrase:0800c8af81d86665">
<xref>
<ref id="KC08173078"/>
</xref>
</phrase>
</ptxt>
</item>
<item>
<ptxt>
<phrase category="" id="KC08173079" phrase-urn="urn:x-nevis:phrase:0800c8af81d86666">
<xref>
<ref id="KC08173080"/>
</xref>
</phrase>
</ptxt>
</item>
</list1>
</test2>
</test1>
<question>Select Continue#@#@#24#lete.</question>
<resact-grp>
<result button="cont" comp="button" highlight="0"/>
<action j2008use="1" paperuse="0" screenuse="1">
<return value="FAULT FOUND"/>
</action>
</resact-grp>
</node>
</testgrp>
</diagnostic>
</servinfosub>