<?xml version="1.0" encoding="UTF-8"?><script xmlns:nevis="http://www.volvocars.com/namespaces/processing" xmlns:xlink="http://www.w3.org/1999/xlink" IE-ID="en-US0900c8af8191661a" docno="VCC-226285" id="nev9744001" nevis:expl-profile="mdl384yr2004eng153, mdl384yr2004eng162, mdl285yr2004eng162, mdl285yr2004eng153, mdl184yr2002eng153, mdl184yr2004eng162, mdl184yr2003eng162, mdl184yr2003eng153, mdl184yr2002eng162, mdl184yr2001eng153, mdl184yr2004eng153, mdl295yr2003eng153, mdl285yr2003eng162, mdl285yr2003eng153, mdl295yr2004eng153, mdl384yr2003eng162, mdl275yr2004eng153, mdl275yr2003eng153, mdl384yr2003eng153, mdl384yr2002eng153, mdl384yr2001eng153, mdl285yr2002eng162, mdl285yr2001eng153, mdl285yr2002eng153, mdl384yr2002eng162, mdl384yr2004eng176, mdl285yr2004eng176" nevis:profile="urn:x-nevis:profile:0b00c8af802069bf urn:x-nevis:profile:0b00c8af802069c1 urn:x-nevis:profile:0b00c8af802069c2 urn:x-nevis:profile:0b00c8af802069c4 urn:x-nevis:profile:0b00c8af80206a7d urn:x-nevis:profile:0b00c8af80206a7e urn:x-nevis:profile:0b00c8af80206a7f urn:x-nevis:profile:0b00c8af80206a80 urn:x-nevis:profile:0b00c8af80206a81 urn:x-nevis:profile:0b00c8af80206a82 urn:x-nevis:profile:0b00c8af80206a83 urn:x-nevis:profile:0b00c8af80206aab urn:x-nevis:profile:0b00c8af80206aac urn:x-nevis:profile:0b00c8af80206aad urn:x-nevis:profile:0b00c8af80206aae urn:x-nevis:profile:0b00c8af80206ab0 urn:x-nevis:profile:0b00c8af80206ab1 urn:x-nevis:profile:0b00c8af80206ab2 urn:x-nevis:profile:0b00c8af80206ab3 urn:x-nevis:profile:0b00c8af80206ad0 urn:x-nevis:profile:0b00c8af80206ad1 urn:x-nevis:profile:0b00c8af80206ad2 urn:x-nevis:profile:0b00c8af80206ad3 urn:x-nevis:profile:0b00c8af80206ad4 urn:x-nevis:profile:0b00c8af80206ad5 urn:x-nevis:profile:0b00c8af81002f27 urn:x-nevis:profile:0b00c8af81002f35" nevis:projectdocument="urn:x-nevis:projectdocument:0800c8af81916619" nevis:resource="0900c8af8191663b" nevis:resource2="urn:x-nevis:fragment:0900c8af8191661a:0900c8af8191663b#nev9744001" nevis:session-id="" qualifierinfotype="14:00" type="" xml:lang="en-US"><title>Read air mass</title><content gui="1" height="140" id="nev9744011-nev9744003" nevis:expl-profile="mdl384yr2004eng153, mdl384yr2004eng162, mdl285yr2004eng162, mdl285yr2004eng153, mdl184yr2002eng153, mdl184yr2004eng162, mdl184yr2003eng162, mdl184yr2003eng153, mdl184yr2002eng162, mdl184yr2001eng153, mdl184yr2004eng153, mdl295yr2003eng153, mdl285yr2003eng162, mdl285yr2003eng153, mdl295yr2004eng153, mdl384yr2003eng162, mdl275yr2004eng153, mdl275yr2003eng153, mdl384yr2003eng153, mdl384yr2002eng153, mdl384yr2001eng153, mdl285yr2002eng162, mdl285yr2001eng153, mdl285yr2002eng153, mdl384yr2002eng162, mdl384yr2004eng176, mdl285yr2004eng176" nevis:idfrom="nev9744011" nevis:prefix="nev9744011" nevis:profile="urn:x-nevis:profile:0b00c8af802069bf urn:x-nevis:profile:0b00c8af802069c1 urn:x-nevis:profile:0b00c8af802069c2 urn:x-nevis:profile:0b00c8af802069c4 urn:x-nevis:profile:0b00c8af80206a7d urn:x-nevis:profile:0b00c8af80206a7e urn:x-nevis:profile:0b00c8af80206a7f urn:x-nevis:profile:0b00c8af80206a80 urn:x-nevis:profile:0b00c8af80206a81 urn:x-nevis:profile:0b00c8af80206a82 urn:x-nevis:profile:0b00c8af80206a83 urn:x-nevis:profile:0b00c8af80206aab urn:x-nevis:profile:0b00c8af80206aac urn:x-nevis:profile:0b00c8af80206aad urn:x-nevis:profile:0b00c8af80206aae urn:x-nevis:profile:0b00c8af80206ab0 urn:x-nevis:profile:0b00c8af80206ab1 urn:x-nevis:profile:0b00c8af80206ab2 urn:x-nevis:profile:0b00c8af80206ab3 urn:x-nevis:profile:0b00c8af80206ad0 urn:x-nevis:profile:0b00c8af80206ad1 urn:x-nevis:profile:0b00c8af80206ad2 urn:x-nevis:profile:0b00c8af80206ad3 urn:x-nevis:profile:0b00c8af80206ad4 urn:x-nevis:profile:0b00c8af80206ad5 urn:x-nevis:profile:0b00c8af81002f27 urn:x-nevis:profile:0b00c8af81002f35" nevis:resource="0900c8af8191663d" nevis:resource2="urn:x-nevis:fragment:0900c8af8191661a:0900c8af8191663d#nev9744003" width="400" xml:lang="en-US"><nodes id="nev9744011-nev9744013"><node class="Components.StartNode" id="nev9744011-nev9744014" nodeid="Start" x="17" y="58"/><node class="Components.Gui.ParameterLabel" id="nev9744011-nev9744015" nodeid="ParameterLabel1" x="541" y="53"><gui height="70" id="nev9744011-nev9744016" width="380" x="10" y="10"/><property class="Parameter" id="nev9744011-nev9744017" name="Parameter" type="In" value="" visible="1"/><property class="String" id="nev9744011-nev9744018" name="Title" type="In" value="" visible="1"/><property class="String" id="nev9744011-nev9744019" name="Value" type="In" value="" visible="1"/><property class="String" id="nev9744011-nev9744020" name="Unit" type="In" value="" visible="1"/></node><node class="Components.ScriptComponent" id="nev9744011-nev9744021" nodeid="ScriptComponent1" x="209" y="253"/><node class="Components.ScriptButton" id="nev9744011-nev9744022" nodeid="ScriptButton1" x="21" y="253"><gui height="30" id="nev9744011-nev9744023" width="110" x="280" y="100"/><property class="String" id="nev9744011-nev9744024" name="Text" type="In" value="" visible="0"/><property class="String" id="nev9744011-nev9744025" name="StartDisabled" type="Internal" value="false" visible="1"/><extension id="nev9744011-nev9744026"><phrase category="script" id="nev9744011-nev9744012" phrase-urn="urn:x-nevis:phrase:0800c8af8178a3a1">Hide</phrase></extension></node><node class="Components.IdentifierComponent" id="nev9744011-nev9744027" nodeid="IdentifierComponent1" x="373" y="23"><property class="Parameter" id="nev9744011-nev9744028" name="Airmass/stroke" type="Out" value="" visible="1"/><extension id="nev9744011-nev9744029"><identifier ecu="284101" ecuMode="EcuType" id="nev9744011-nev9744030" read="4" type="REID" value="0F30"><parameter id="nev9744011-nev9744031" name="Airmass/stroke" textid="62963"/></identifier></extension></node><node class="Components.Repeater" id="nev9744011-nev9744032" nodeid="Repeater1" x="211" y="107"/></nodes><handlers id="nev9744011-nev9744033"><eventhandler id="nev9744011-nev9744034" name="OnStart" node="Start"><call id="nev9744011-nev9744035" method="UpdateTitles" node="IdentifierComponent1"/><call id="nev9744011-nev9744036" method="Start" node="Repeater1"/></eventhandler><eventhandler id="nev9744011-nev9744037" name="Click" node="ScriptButton1"><call id="nev9744011-nev9744038" method="CloseDialog" node="ScriptComponent1"/></eventhandler><eventhandler id="nev9744011-nev9744039" name="OnRepeat" node="Repeater1"><call id="nev9744011-nev9744040" method="Read" node="IdentifierComponent1"/></eventhandler><propertyhandler id="nev9744011-nev9744041" name="Airmass/stroke" node="IdentifierComponent1"><set id="nev9744011-nev9744042" node="ParameterLabel1" property="Parameter"/></propertyhandler></handlers></content></script>