<?xml version="1.0" encoding="UTF-8"?><servinfosub IE-ID="en-US0900c8af8053361a" docno="VCC-131153" id="KC01681331" xml:lang="en-US">
<title>Knocking noise #@#@#16#shing</title>
<procedure>
<procstep>
<title>Removing the sp#@#@#5#guard</title>
<grate>
<graphic id="KC07535099">
<href>0900c8af8005757#@#@#11#.jpeg</href>
</graphic>
<graphtext>
<para>
<ptxt>Raise the car.</ptxt>
</para>
<list1 enumtype="d" type="unordered">
<title>Remove</title>
<item>
<ptxt> the screws (2)</ptxt>
</item>
<item>
<ptxt>the splash guar#@#@#18#gine.</ptxt>
</item>
</list1>
</graphtext>
</grate>
</procstep>
<procstep>
<title>Removing nuts a#@#@#4#crews</title>
<grate>
<graphic id="KC07535100">
<href>0900c8af80120ec#@#@#9#.jpeg</href>
</graphic>
<graphtext>
<para>
<ptxt>Install a jack #@#@#71#port.</ptxt>
</para>
<list1 enumtype="d" type="unordered">
<title>Remove</title>
<item>
<ptxt> the four nuts (1)</ptxt>
</item>
<item>
<ptxt>a screw (2) for#@#@#14#gear.</ptxt>
</item>
</list1>
</graphtext>
</grate>
</procstep>
<procstep>
<title>Removing the su#@#@#2#frame</title>
<grate>
<graphic id="KC07535101">
<href>0900c8af80120f2#@#@#9#.jpeg</href>
</graphic>
<graphtext>
<list1 enumtype="d" type="unordered">
<title>Remove</title>
<item>
<ptxt>the screws hold#@#@#51#sides</ptxt>
</item>
<item>
<ptxt>the 2 rear scre#@#@#16#rame.</ptxt>
</item>
</list1>
<para>
<ptxt>Carefully lower#@#@#51#ack.
</ptxt>
</para>
</graphtext>
</grate>
</procstep>
<procstep>
<title>Installing O-rings</title>
<grate>
<graphic id="KC07535102">
<href>0900c8af80120ec#@#@#9#.jpeg</href>
</graphic>
<graphtext>
<para>
<ptxt>Install the O r#@#@#130#ame.
</ptxt>
</para>
</graphtext>
</grate>
</procstep>
<procstep>
<title>Installing the #@#@#4#frame</title>
<grate>
<graphic id="KC07535103">
<href>0900c8af80120f2#@#@#9#.jpeg</href>
</graphic>
<graphtext>
<para>
<ptxt>Lift the sub-fr#@#@#14#jack.</ptxt>
<ptxt>Install the 2 s#@#@#56#ets.
</ptxt>
<ptxt>Install the scr#@#@#15#cket.</ptxt>
</para>
<list1 enumtype="d" type="unordered">
<title>Tighten</title>
<item>
<ptxt>the screw on th#@#@#82# 120°</ptxt>
</item>
<item>
<ptxt>the screw on th#@#@#40#alues</ptxt>
</item>
<item>
<ptxt>the screws for #@#@#51#.ft).</ptxt>
</item>
</list1>
</graphtext>
</grate>
</procstep>
<procstep>
<title>Installing nuts#@#@#6#crews</title>
<grate>
<graphic id="KC07535104">
<href>0900c8af80120ec#@#@#9#.jpeg</href>
</graphic>
<graphtext>
<list1 enumtype="d" type="unordered">
<title>Install</title>
<item>
<ptxt>the 4 nuts (1) #@#@#45# ft)
</ptxt>
</item>
<item>
<ptxt>the screw (2) f#@#@#45# ft)
</ptxt>
</item>
</list1>
<para>
<ptxt>Remove the jacks.</ptxt>
</para>
</graphtext>
</grate>
</procstep>
<procstep>
<title>Installing the #@#@#7#guard</title>
<grate>
<graphic id="KC07535105">
<href>0900c8af8005757#@#@#11#.jpeg</href>
</graphic>
<graphtext>
<list1 enumtype="d" type="unordered">
<title>Install</title>
<item>
<ptxt>the splash guar#@#@#17#ngine</ptxt>
</item>
<item>
<ptxt>the screws (2).</ptxt>
</item>
</list1>
</graphtext>
</grate>
</procstep>
</procedure>
</servinfosub>