<?xml version="1.0" encoding="UTF-8"?><servinfosub IE-ID="en-US0900c8af8719331b" docno="VCC-370925" id="nev13717255n1" original="sv-SE" servinfosubId="nev13717256n1-nev13717260n1" servinfosubRes="0900c8af871b02ed" servinfosubRes2="urn:x-nevis:fragment:0900c8af8719331b:0900c8af871b02ed#nev13717260n1" xml:lang="en-US">
<operationnumbers>
<operationnumber>80201-0</operationnumber>
</operationnumbers>
<title id="nev13717254n5">Fender</title>
<procedure id="nev13717256n1-nev13717259n9">
<stepgrp boilerplate="false" context="" id="nev13717256n1-nev24602440n26">
<title id="nev13717256n1-0800c8af844a46f6">Removal</title>
<procstep id="nev13717256n1-nev14240517n97">
<note id="nev13717256n1-0800c8af844a42fa">
<ptxt>Removal steps i#@#@#45#ails.</ptxt>
</note>
</procstep>
<procstep id="nev13717256n1-nev14239423n93">
<list1 boilerplate="true" context="remove" enumtype="b" id="nev13717256n1-nev14239435n81" type="unordered">
<item id="nev13717256n1-nev24602440n25">
<ptxt id="nev13717256n1-nev24602440n24">Cover bumper front<xref boilerplate="true" id="nev13717256n1-0800c8af8450d4f2">
<ref id="nev13717256n1-nev14239435n77"/>
</xref>
</ptxt>
</item>
<item id="nev13717256n1-nev24602440n23">
<ptxt id="nev13717256n1-nev24602440n22">Sill panel<xref boilerplate="true" id="nev13717256n1-0800c8af8450d518">
<ref id="nev13717256n1-nev14239435n72"/>
</xref>
</ptxt>
</item>
</list1>
</procstep>
<procstep id="nev13717256n1-nev14239384n70">
<grate id="nev13717256n1-nev24602440n20">
<graphic id="nev13717256n1-nev24602440n21">
<href>0900c8af8346b31#@#@#9#.jpeg</href>
</graphic>
</grate>
</procstep>
<procstep id="nev13717256n1-nev14239384n69">
<grate id="nev13717256n1-nev24602440n18">
<graphic id="nev13717256n1-nev24602440n19">
<href>0900c8af8346b33#@#@#9#.jpeg</href>
</graphic>
<graphtext id="nev13717256n1-nev24602510n1">
<para id="nev13717256n1-nev24602440n16">
<ptxt id="nev13717256n1-nev24602440n17">
<torque id="nev13717256n1-nev14240519n18">
<ref id="nev13717256n1-nev14240519n16"/>
</torque>
</ptxt>
</para>
</graphtext>
</grate>
</procstep>
<procstep id="nev13717256n1-nev14239384n68">
<grate id="nev13717256n1-nev24602440n14">
<graphic id="nev13717256n1-nev24602440n15">
<href>0900c8af8346b34#@#@#9#.jpeg</href>
</graphic>
</grate>
</procstep>
<procstep id="nev13717256n1-nev14239384n67">
<grate id="nev13717256n1-nev24602440n12">
<graphic id="nev13717256n1-nev24602440n13">
<href>0900c8af8346b35#@#@#9#.jpeg</href>
</graphic>
<graphtext id="nev13717256n1-nev24602520n1">
<para id="nev13717256n1-nev24602440n10">
<ptxt id="nev13717256n1-nev24602440n11">
<torque id="nev13717256n1-nev14240519n14">
<ref id="nev13717256n1-nev14240519n12"/>
</torque>
</ptxt>
</para>
</graphtext>
</grate>
</procstep>
<procstep id="nev13717256n1-nev14239384n66">
<grate id="nev13717256n1-nev24602440n8">
<graphic id="nev13717256n1-nev24602440n9">
<href>0900c8af8346b36#@#@#9#.jpeg</href>
</graphic>
<graphtext id="nev13717256n1-nev24602527n1">
<para id="nev13717256n1-nev24602440n6">
<ptxt id="nev13717256n1-nev24602440n7">
<torque id="nev13717256n1-nev14240519n10">
<ref id="nev13717256n1-nev14240519n8"/>
</torque>
</ptxt>
</para>
</graphtext>
</grate>
</procstep>
</stepgrp>
<stepgrp boilerplate="false" context="" id="nev13717256n1-nev24602440n5">
<title id="nev13717256n1-0800c8af844a46f9">Installation</title>
<procstep id="nev13717256n1-nev13717259n43">
<para id="nev13717256n1-nev24602440n3">
<ptxt id="nev13717256n1-nev24602440n4">To install, rev#@#@#22#dure.</ptxt>
</para>
</procstep>
<procstep id="nev13717256n1-nev14239431n72">
<para id="nev13717256n1-nev24602440n1">
<ptxt id="nev13717256n1-nev24602440n2">Follow the inst#@#@#34#ction<xref boilerplate="true" id="nev13717256n1-0800c8af8453d912">
<ref id="nev13717256n1-nev14239435n61"/>
</xref>
</ptxt>
</para>
</procstep>
<procstep id="nev13717256n1-nev24576727n22">
<para id="nev13717256n1-nev24602496n99">
<ptxt id="nev13717256n1-nev24602496n100">See information#@#@#7#paint<xref boilerplate="true" id="nev13717256n1-0800c8af850665de">
<ref id="nev13717256n1-nev24576727n19"/>
</xref>
</ptxt>
</para>
</procstep>
<procstep id="nev13717256n1-nev14239432n46">
<list1 boilerplate="true" context="install" enumtype="b" id="nev13717256n1-nev14239435n58" type="unordered">
<item id="nev13717256n1-nev24602496n98">
<ptxt id="nev13717256n1-nev24602496n97">Cover bumper front<xref boilerplate="true" id="nev13717256n1-0800c8af8450d4f2">
<ref id="nev13717256n1-nev14239435n54"/>
</xref>
</ptxt>
</item>
<item id="nev13717256n1-nev24602496n96">
<ptxt id="nev13717256n1-nev24602496n95">Sill panel<xref boilerplate="true" id="nev13717256n1-0800c8af8450d518">
<ref id="nev13717256n1-nev14239435n49"/>
</xref>
</ptxt>
</item>
</list1>
</procstep>
</stepgrp>
</procedure>
</servinfosub>