<?xml version="1.0" encoding="UTF-8"?><servinfosub IE-ID="en-US0900c8af8539131b" docno="VCC-429175" id="nev16869336n1" original="sv-SE" servinfosubId="nev20688980n1-nev20688980n2" servinfosubRes="0900c8af862c3e2a" servinfosubRes2="urn:x-nevis:fragment:0900c8af8539131b:0900c8af862c3e2a#nev20688980n2" xml:lang="en-US">
<title id="nev16869336n2">Overview</title>
<grate id="nev20688980n1-nev16869387n248" pgwide="1">
<graphic id="nev20688980n1-nev16869387n247">
<href>0900c8af84fe3b2#@#@#11#.jpeg</href>
</graphic>
</grate>
<para id="nev20688980n1-nev16869387n243">
<ptxt id="nev20688980n1-nev16869387n242">The engine has #@#@#168#lves.</ptxt>
</para>
<para id="nev20688980n1-nev16869387n241">
<ptxt id="nev20688980n1-nev16869387n240">The engine feat#@#@#166#tors.</ptxt>
</para>
<para id="nev20688980n1-nev16869387n239">
<ptxt id="nev20688980n1-nev16869387n238">The turbo syste#@#@#24#rger.</ptxt>
<ptxt id="nev20688980n1-nev16869387n235">The engine has #@#@#66#ion).</ptxt>
</para>
<para id="nev20688980n1-nev16869387n237">
<ptxt id="nev20688980n1-nev16869387n236">There is a part#@#@#79# DPF.</ptxt>
<ptxt id="nev20688980n1-nev16869387n234">For control and#@#@#114#sors.</ptxt>
</para>
<para id="nev20688980n1-nev16869387n233">
<ptxt id="nev20688980n1-nev16869387n232">Diagnostics are#@#@#42#DLC).</ptxt>
</para>
<para id="nev20688980n1-nev16869402n247">
<title id="nev20688980n1-nev16869402n245">D5204T3</title>
<ptxt id="nev20688980n1-nev16869402n246">D5204T3 has eng#@#@#7#e 88.</ptxt>
</para>
<para id="nev20688980n1-nev16869402n244">
<ptxt id="nev20688980n1-nev16869402n243">For information#@#@#39#nical<xref id="nev20688980n1-nev16869402n242">
<ref id="nev20688980n1-nev16869402n241"/>
</xref>
</ptxt>
</para>
</servinfosub>