<?xml version="1.0" encoding="UTF-8"?><servinfosub IE-ID="en-US0900c8af841bb31b" docno="VCC-343191" id="nev13280131n1" xml:lang="en-US">
<title>
<phrase category="Title" id="nev13280131n2" phrase-urn="urn:x-nevis:phrase:0800c8af81eb9a54">Diagnostic trou#@#@#21#ation</phrase>
<phrase category="Prefix" id="nev13280131n3" phrase-urn="urn:x-nevis:phrase:0800c8af8015c3f5">ECM</phrase>-02E3</title>
<diagnostic j2008use="1" paperuse="1" screenuse="1" type="condition">
<condgrp>
<condition type="condition">
<grate id="nev13280131n4">
<graphic id="nev13280131n5">
<href>0900c8af81620da#@#@#9#.jpeg</href>
</graphic>
</grate>
<para id="nev13280131n6">
<ptxt id="nev13280131n7">
<phrase category="Condition" id="nev13280131n8" phrase-urn="urn:x-nevis:phrase:0800c8af83f0317d">The engine cont#@#@#64#nlet.</phrase>
</ptxt>
</para>
<para id="nev13280131n9">
<ptxt id="nev13280131n10">
<phrase category="Condition" id="nev13280132n1" phrase-urn="urn:x-nevis:phrase:0800c8af82c4843c">The diagnostic #@#@#59#that:</phrase>
</ptxt>
</para>
<list1 id="nev13280132n2">
<item id="nev13280132n3">
<ptxt id="nev13280132n4">
<phrase category="Condition" id="nev13280132n5" phrase-urn="urn:x-nevis:phrase:0800c8af82d76587">Voltage on the #@#@#20#high.</phrase>
</ptxt>
</item>
</list1>
<para id="nev13280132n6">
<ptxt id="nev13280132n7">
<phrase category="Condition" id="nev13280132n8" phrase-urn="urn:x-nevis:phrase:0800c8af82c479d6">The control mod#@#@#67#t of:</phrase>
</ptxt>
</para>
<list1 id="nev13280132n9">
<item id="nev13280132n10">
<ptxt id="nev13280133n1">
<phrase category="Faulttracing" id="nev13280133n2" phrase-urn="urn:x-nevis:phrase:0800c8af81976d4a">Ignition on.</phrase>
</ptxt>
</item>
</list1>
<note id="nev13280133n3">
<ptxt id="nev13280133n4">
<phrase category="Condition" id="nev13280133n5" phrase-urn="urn:x-nevis:phrase:0800c8af82c4844b">The control mod#@#@#132# met.</phrase>
</ptxt>
</note>
</condition>
</condgrp>
<condgrp>
<condition type="substitution">
<list1 enumtype="d" type="unordered">
<item>
<ptxt>
<phrase category="Substitution" id="nev13280133n6" phrase-urn="urn:x-nevis:phrase:0800c8af81eb9984">None.</phrase>
</ptxt>
</item>
</list1>
</condition>
<ps>
<list1 enumtype="d" type="unordered">
<item id="nev13280133n7">
<ptxt id="nev13280133n8">
<phrase category="Possible source" id="nev13280133n9" phrase-urn="urn:x-nevis:phrase:0800c8af81eb96aa">Short-circuit t#@#@#32#able.</phrase>
</ptxt>
</item>
<item id="nev13280133n10">
<ptxt id="nev13280134n1">
<phrase category="Possible source" id="nev13280134n2" phrase-urn="urn:x-nevis:phrase:0800c8af83f031c2">Damaged control#@#@#8#nlet.</phrase>
</ptxt>
</item>
</list1>
</ps>
</condgrp>
<condgrp>
<condition type="symptom">
<list1 enumtype="d" type="unordered">
<item>
<ptxt>
<phrase category="Symptom" id="nev13280134n3" phrase-urn="urn:x-nevis:phrase:0800c8af822826c5">None.</phrase>
</ptxt>
</item>
</list1>
</condition>
</condgrp>
</diagnostic>
</servinfosub>