<?xml version="1.0" encoding="UTF-8"?><servinfosub IE-ID="en-US0900c8af8047d31b" docno="VCC-061845" id="KC01480902" xml:lang="en-US">
<title>Special tools</title>
<table frame="all" pgwide="1">
<tgroup cols="3" colsep="1" rowsep="1">
<colspec colname="col1" colwidth="81*"/>
<colspec colname="col2" colwidth="282*"/>
<colspec colname="col3" colwidth="93*"/>
<thead>
<row>
<entry align="left" valign="top">
<ptxt>
<emph etype="bold">Number</emph>
</ptxt>
</entry>
<entry align="left" valign="top">
<ptxt>
<emph etype="bold">Name</emph>
</ptxt>
</entry>
<entry align="left" valign="top">
<ptxt>
<emph etype="bold">Application</emph>
</ptxt>
</entry>
</row>
</thead>
<tbody>
<row>
<entry align="left" valign="top">
<ptxt>115 8962</ptxt>
</entry>
<entry align="left" valign="top">
<ptxt>crimp pliers fo#@#@#7#stery</ptxt>
</entry>
<entry align="left" valign="top">
<ptxt/>
</entry>
</row>
</tbody>
</tgroup>
</table>
</servinfosub>