<?xml version="1.0" encoding="UTF-8"?><servinfosub IE-ID="en-US0900c8af84c7331b" docno="VCC-259703" id="nev10864105n1" xml:lang="en-US">
<title id="nev10864105n2">Power steering #@#@#28#cking</title>
<procedure id="nev10864105n3">
<proctools id="nev10864105n4">
<toolitem id="nev10864105n5"/>
<toolitem id="nev10864105n6"/>
<toolitem id="nev10864105n7"/>
<toolitem id="nev10864105n8"/>
<toolitem id="nev10864105n9"/>
<toolitem id="nev10864105n10"/>
<toolitem id="nev10864106n1"/>
</proctools>
<note id="nev10864106n2">
<ptxt id="nev10864106n3">Since the illus#@#@#183#ect. </ptxt>
</note>
<stepgrp id="nev10864106n4">
<title id="nev10864106n5">Preparatory work</title>
<procstep id="nev10864106n6">
<title id="nev10864106n7"/>
<note id="nev10864106n8">
<ptxt id="nev10864106n9">The vehicle mos#@#@#31#work.</ptxt>
</note>
<para id="nev10864106n10">
<ptxt id="nev10864107n1">Remove the airbag<xref id="nev10864107n2">. See: <ref id="nev10864194n155"/>
</xref>.</ptxt>
</para>
</procstep>
<procstep id="nev10864107n4">
<title id="nev10864107n5">Installing the #@#@#6#evice</title>
<grate id="nev10864107n6">
<graphic id="nev10864107n7">
<href>0900c8af8254919#@#@#9#.jpeg</href>
</graphic>
<graphtext id="nev10864107n8">
<para id="nev10864107n9">
<ptxt id="nev10864107n10">Install the tes#@#@#173#rted.</ptxt>
</para>
<para id="nev10864108n1">
<ptxt id="nev10864108n2">On model 1999-2#@#@#7#or 2 <toolitem id="nev10864108n3"/> alternatively #@#@#67#have.</ptxt>
</para>
<para id="nev10864108n4">
<ptxt id="nev10864108n5">On certain vers#@#@#31#r, 2 <toolitem id="nev10864108n6"/> or 9511506 ver#@#@#125#cles.</ptxt>
</para>
<para id="nev10864108n7">
<ptxt id="nev10864108n8">Install the bat#@#@#13# lead<xref id="nev10864108n9">. See: <ref id="nev10864108n10"/>.</xref>
</ptxt>
</para>
</graphtext>
</grate>
</procstep>
<procstep id="nev10864109n1">
<title id="nev10864109n2">Removing the pr#@#@#7#lines</title>
<grate id="nev10864109n3">
<graphic id="nev10864109n4">
<href>0900c8af8005cf5#@#@#9#.jpeg</href>
</graphic>
<graphtext id="nev10864109n5">
<note id="nev10864109n6">
<ptxt id="nev10864109n7">The illustratio#@#@#126#sher.</ptxt>
</note>
<warning id="nev10864109n8">
<ptxt id="nev10864109n9">Avoid skin cont#@#@#12# oil.</ptxt>
</warning>
<para id="nev10864109n10">
<ptxt id="nev10864110n1">Protect the gen#@#@#8#GEN).</ptxt>
<ptxt id="nev10864110n2">Place paper ove#@#@#43# oil.</ptxt>
<ptxt id="nev10864110n3">Remove the cont#@#@#19#pipe.</ptxt>
<ptxt id="nev10864110n4">Install lock gr#@#@#45#ose. </ptxt>
<ptxt id="nev10864110n5">Remove the pres#@#@#34#pump.</ptxt>
</para>
</graphtext>
</grate>
</procstep>
<procstep id="nev10864113n4">
<title id="nev10864113n5">Connecting the #@#@#53# 2004</title>
<grate id="nev10864113n6">
<graphic id="nev10864113n7">
<href>0900c8af84c7311#@#@#9#.jpeg</href>
</graphic>
<graphtext id="nev10864113n8">
<para id="nev10864113n9">
<ptxt id="nev10864113n10">Connect <toolitem id="nev10864114n1"/> version D, bet#@#@#47#hose.</ptxt>
<ptxt id="nev10864114n2">Use: <toolitem id="nev10864114n3"/> and <toolitem id="nev10864114n4"/>.</ptxt>
<ptxt id="nev10864114n5">Connect <toolitem id="nev10864114n6"/> with the pipe #@#@#23#from <toolitem id="nev10864114n7"/>.</ptxt>
</para>
<note id="nev10864114n8">
<ptxt id="nev10864114n9">Connect the hos#@#@#108#hose.</ptxt>
</note>
<list1 enumtype="d" id="nev10864114n10" type="unordered">
<title id="nev10864115n1">Remove:</title>
<item id="nev10864115n2">
<ptxt id="nev10864115n3">lock grip pliers</ptxt>
</item>
<item id="nev10864115n4">
<ptxt id="nev10864115n5">paper over the #@#@#11#GEN).</ptxt>
</item>
</list1>
</graphtext>
</grate>
</procstep>
<procstep id="nev10864115n6">
<title id="nev10864115n7">Connecting the #@#@#52# 2005</title>
<grate id="nev10864115n8">
<graphic id="nev10864115n9">
<href>0900c8af84c7311#@#@#9#.jpeg</href>
</graphic>
<graphtext id="nev10864115n10">
<para id="nev10864116n1">
<ptxt id="nev10864116n2">Connect <toolitem id="nev10864116n3"/> version D, bet#@#@#47#hose.</ptxt>
<ptxt id="nev10864116n4">Use: <toolitem id="nev10864116n5"/> and <toolitem id="nev10864116n6"/>.</ptxt>
</para>
<note id="nev10864223n65">
<ptxt id="nev10864223n66">Connect the hos#@#@#108#hose.</ptxt>
</note>
<list1 enumtype="d" id="nev10864223n67" type="unordered">
<title id="nev10864223n68">Remove:</title>
<item id="nev10864223n69">
<ptxt id="nev10864223n70">lock grip pliers</ptxt>
</item>
<item id="nev10864223n71">
<ptxt id="nev10864223n72">paper over the #@#@#11#GEN).</ptxt>
</item>
</list1>
</graphtext>
</grate>
</procstep>
<procstep id="nev10864116n7">
<title id="nev10864116n8">Manometer location</title>
<grate id="nev10864116n9">
<graphic id="nev10864116n10">
<href>0900c8af800598a#@#@#9#.jpeg</href>
</graphic>
<graphtext id="nev10864117n1">
<para id="nev10864117n2">
<ptxt id="nev10864117n3">Position the ma#@#@#79#seat.</ptxt>
</para>
</graphtext>
</grate>
</procstep>
<procstep id="nev10864223n192">
<title id="nev10864223n193">Identification #@#@#18#pump </title>
<ptxt id="nev10864497n217">To identify whi#@#@#129#vels.</ptxt>
<para id="nev10864230n126">
<ptxt id="nev10864246n237">Power steering #@#@#68#dure.</ptxt>
<ptxt id="nev10864250n104">Power steering #@#@#68#dure.</ptxt>
</para>
<list1 enumtype="d" id="nev10864237n78" type="unordered">
<title id="nev10864254n204">Pump A:</title>
<item id="nev10864237n79">
<ptxt id="nev10864233n211">S60, S80, V70, #@#@#65#ek 09</ptxt>
</item>
<item id="nev10864246n1">
<ptxt id="nev10864246n2">S60, V70, XC70 #@#@#105#54T2)</ptxt>
</item>
<item id="nev10864246n3">
<ptxt id="nev10864246n4">S80 with the fo#@#@#75#k 10.</ptxt>
</item>
</list1>
<list1 enumtype="d" id="nev10864256n71" type="unordered">
<title id="nev10864258n172">Pump B:</title>
<item id="nev10864256n72">
<ptxt id="nev10864258n55">S60 R and V70 R</ptxt>
</item>
<item id="nev10864259n156">
<ptxt id="nev10864260n23">S80 with diesel#@#@#35#ek 10</ptxt>
</item>
<item id="nev10864260n140">
<ptxt id="nev10864261n7">V70, XC70, S60,#@#@#86#54T2.</ptxt>
</item>
</list1>
</procstep>
</stepgrp>
<stepgrp id="nev10864117n4">
<title id="nev10864117n5">Checks</title>
<procstep id="nev10864117n6">
<title id="nev10864117n7">Conditions</title>
<para id="nev10864117n8">
<ptxt id="nev10864117n9">For control to #@#@#56# met:</ptxt>
</para>
<list1 enumtype="b" id="nev10864117n10" type="unordered">
<item id="nev10864118n1">
<ptxt id="nev10864118n2">The vehicle mus#@#@#116#over.</ptxt>
</item>
<item id="nev10864118n3">
<ptxt id="nev10864118n4">That the surfac#@#@#60#road.</ptxt>
</item>
</list1>
</procstep>
<procstep id="nev10864118n5">
<title id="nev10864118n6">Leak checking</title>
<note id="nev10864118n7">
<ptxt id="nev10864118n8">Check for leaka#@#@#111#elow.</ptxt>
</note>
</procstep>
<procstep id="nev10864118n9">
<title id="nev10864118n10">Checking the pu#@#@#6#acity</title>
<grate id="nev10864119n1">
<graphic id="nev10864119n2">
<href>0900c8af8005bb0#@#@#9#.jpeg</href>
</graphic>
<graphtext id="nev10864119n3">
<para id="nev10864119n4">
<ptxt id="nev10864119n5">Close the cock #@#@#100#alue:</ptxt>
<ptxt id="nev10864548n46">Pump A = 10.0-1#@#@#2#0 MPa</ptxt>
<ptxt id="nev10864550n27">Pump B = 11.0-1#@#@#2#0 MPa</ptxt>
</para>
<para id="nev10864550n143">
<ptxt id="nev10864119n7">The pump must b#@#@#49#alues</ptxt>
<ptxt id="nev10864119n8">Switch off the #@#@#2#gine.</ptxt>
</para>
</graphtext>
</grate>
</procstep>
<procstep id="nev10864119n9">
<title id="nev10864119n10">Checking pump p#@#@#2#ssure</title>
<grate id="nev10864120n1">
<graphic id="nev10864120n2">
<href>0900c8af8005bae#@#@#9#.jpeg</href>
</graphic>
<graphtext id="nev10864120n3">
<list1 enumtype="b" id="nev10864120n4" type="unordered">
<title id="nev10864120n5">Left limit position:</title>
<item id="nev10864120n6">
<ptxt id="nev10864120n7">Start the engine.</ptxt>
</item>
<item id="nev10864120n8">
<ptxt id="nev10864120n9">Turn the steeri#@#@#123#eter.</ptxt>
</item>
<item id="nev10864120n10">
<ptxt id="nev10864121n1">Correct pressure:</ptxt>
<ptxt id="nev10864558n223">Pump A = 10.0-1#@#@#2#0 MPa</ptxt>
<ptxt id="nev10864565n204">Pump B = 11.0-1#@#@#2#0 MPa</ptxt>
</item>
</list1>
<list1 enumtype="b" id="nev10864121n3" type="unordered">
<title id="nev10864121n4">Right limit pos#@#@#1#tion:</title>
<item id="nev10864121n5">
<ptxt id="nev10864121n6">Turn the steeri#@#@#91#tion.</ptxt>
</item>
</list1>
<para id="nev10864121n7">
<ptxt id="nev10864121n8">If the correct #@#@#117# one.</ptxt>
</para>
</graphtext>
</grate>
</procstep>
<procstep id="nev10864121n9">
<title id="nev10864121n10">Checking the po#@#@#47#wheel</title>
<grate id="nev10864122n1">
<graphic id="nev10864122n2">
<href>0900c8af8005bad#@#@#9#.jpeg</href>
</graphic>
<graphtext id="nev10864122n3">
<para id="nev10864122n4">
<ptxt id="nev10864122n5">Start the engine.</ptxt>
<ptxt id="nev10864122n6">Turn the steeri#@#@#44#ease.</ptxt>
<ptxt id="nev10864122n7">Connect torque #@#@#2#ench <toolitem id="nev10864122n8"/> to the steerin#@#@#155#heel.</ptxt>
<ptxt id="nev10864122n9">Turn again at t#@#@#71#rque.</ptxt>
</para>
<para id="nev10864122n10">
<ptxt id="nev10864123n1">Repeat the proc#@#@#40#left.</ptxt>
</para>
<note id="nev10864570n77">
<ptxt id="nev10864570n193">Do not hold the#@#@#81#onds.</ptxt>
</note>
<para id="nev10864123n2">
<ptxt id="nev10864123n3">
<emph id="nev10864123n4">Pressure level #@#@#5#orque</emph>
</ptxt>
</para>
<para id="nev10864123n5">
<title id="nev10864123n6">Standard steeri#@#@#3#gear:</title>
<ptxt id="nev10864123n7">Level 1 pressur#@#@#29#.5 Nm</ptxt>
<ptxt id="nev10864123n8">Level 2 pressur#@#@#29#.0 Nm</ptxt>
</para>
<para id="nev10864123n9">
<title id="nev10864123n10">Speed dependent#@#@#10#gear:</title>
<ptxt id="nev10864124n1">Level 1 pressur#@#@#29#.5 Nm</ptxt>
<ptxt id="nev10864124n2">Level 2 pressur#@#@#29#.0 Nm</ptxt>
</para>
<note id="nev10864124n3">
<ptxt id="nev10864124n4">If the torque d#@#@#158#gear.</ptxt>
</note>
</graphtext>
</grate>
</procstep>
</stepgrp>
<stepgrp id="nev10864124n5">
<title id="nev10864124n6">Finishing</title>
<procstep id="nev10864124n7">
<title id="nev10864124n8"/>
<para id="nev10864124n9">
<ptxt id="nev10864124n10">Disconnect the #@#@#16# lead<xref id="nev10864125n1">. See: <ref id="nev10864125n2"/>
</xref>.</ptxt>
</para>
<grate id="nev10864125n3">
<graphic id="nev10864125n4">
<href>0900c8af8005cf5#@#@#9#.jpeg</href>
</graphic>
<graphtext id="nev10864125n5">
<para id="nev10864125n6">
<ptxt id="nev10864125n7">Remove the test#@#@#4#ices <toolitem id="nev10864125n8"/> and 9511506 ve#@#@#4#n B. </ptxt>
<ptxt id="nev10864571n184">Install the airbag: <xref id="nev10864125n9">see: <ref id="nev10864580n165"/>
</xref>.</ptxt>
</para>
<para id="nev10864126n1">
<ptxt id="nev10864126n2">Disconnect the #@#@#11#ment.</ptxt>
<ptxt id="nev10864126n3">Install lock gr#@#@#33#hose.</ptxt>
</para>
<note id="nev10864126n4">
<ptxt id="nev10864126n5">Place paper ove#@#@#48#pill.</ptxt>
</note>
<para id="nev10864126n6">
<ptxt id="nev10864126n7">Disconnect the #@#@#27#ples.</ptxt>
<ptxt id="nev10864126n8">Connect the pre#@#@#19#ump. </ptxt>
<ptxt id="nev10864585n154">Use a new O-ring.</ptxt>
</para>
</graphtext>
</grate>
</procstep>
<procstep id="nev15234709n149">
<title id="nev15234709n148"/>
<grate id="nev15234709n140">
<graphic id="nev15234709n139">
<href>0900c8af8204a82#@#@#9#.jpeg</href>
</graphic>
<graphtext id="nev15234709n135">
<para id="nev15235677n136">
<ptxt id="nev15235677n135">Early version u#@#@#128#     </ptxt>
</para>
<list1 enumtype="d" id="nev15234709n112" type="unordered">
<title id="nev15234709n111">Remove:</title>
<item id="nev15234709n110">
<ptxt id="nev15234709n109">lock grip pliers</ptxt>
</item>
<item id="nev15234709n108">
<ptxt id="nev15234709n107">the paper over #@#@#15#GEN).</ptxt>
</item>
</list1>
<ptxt id="nev15234709n106">Install the coo#@#@#28#dule.</ptxt>
<para id="nev15234709n105">
<ptxt id="nev15234709n104">Check the oil l#@#@#54# P/N <emph id="nev15234709n103">1161529-1</emph> to ensure the #@#@#15#lity.</ptxt>
<ptxt id="nev15234709n102">Start the engin#@#@#16#kage.</ptxt>
</para>
<para id="nev15235677n134">
<ptxt id="nev15235677n133">Disconnect the #@#@#16# lead<xref id="nev15235677n132">. See: <ref id="nev15235677n131"/>
</xref>.</ptxt>
</para>
</graphtext>
</grate>
</procstep>
</stepgrp>
</procedure>
</servinfosub>