<?xml version="1.0" encoding="UTF-8"?><servinfosub IE-ID="en-US0900c8af80cc131b" docno="VCC-147849" id="KC02717522" xml:lang="en-US">
<title>
<phrase category="" id="KC07844866" phrase-urn="urn:x-nevis:phrase:0800c8af81c21e09">Diagnostic trou#@#@#30#-005D</phrase>
</title>
<diagnostic type="condition">
<condgrp>
<condition type="condition">
<grate>
<graphic id="KC07844867" width="column">
<href>0900c8af80126d7#@#@#9#.jpeg</href>
</graphic>
<graphtext>
<para>
<ptxt>
<phrase category="" id="KC07844868" phrase-urn="urn:x-nevis:phrase:0800c8af81c21e0a">The supplementa#@#@#85#rbag.</phrase>
</ptxt>
</para>
<para>
<ptxt>
<phrase category="" id="KC07844869" phrase-urn="urn:x-nevis:phrase:0800c8af81c21e0b">The diagnostic #@#@#109#onds.</phrase>
</ptxt>
</para>
<para>
<ptxt>
<phrase category="" id="KC07844870" phrase-urn="urn:x-nevis:phrase:0800c8af81c21e0e">The diagnostic #@#@#221# III.</phrase>
</ptxt>
</para>
</graphtext>
</grate>
</condition>
</condgrp>
<condgrp>
<condition type="substitution">
<list1 enumtype="d">
<item>
<ptxt>
<phrase category="" id="KC07844871" phrase-urn="urn:x-nevis:phrase:0800c8af81c21e13">None.</phrase>
</ptxt>
</item>
</list1>
</condition>
<ps>
<list1 enumtype="d" type="unordered">
<item>
<ptxt>
<phrase category="" id="KC07844872" phrase-urn="urn:x-nevis:phrase:0800c8af81c21e14">If the suppleme#@#@#163#lled.</phrase>
</ptxt>
</item>
</list1>
</ps>
</condgrp>
<condgrp>
<condition type="symptom">
<list1 enumtype="d" type="unordered">
<item>
<ptxt>
<phrase category="" id="KC07844873" phrase-urn="urn:x-nevis:phrase:0800c8af81c21e15">SRS indicator l#@#@#2#p lit</phrase>
</ptxt>
</item>
<item>
<ptxt>
<phrase category="" id="KC07844874" phrase-urn="urn:x-nevis:phrase:0800c8af81c21e16">SRS warning mes#@#@#10#ayed.</phrase>
</ptxt>
</item>
</list1>
</condition>
</condgrp>
</diagnostic>
</servinfosub>