<?xml version="1.0" encoding="UTF-8"?><servinfosub IE-ID="en-US0900c8af800c431b" docno="VCC-088747" id="KC01312439" xml:lang="en-US">
<title>
<phrase category="" id="KC09273872" phrase-urn="urn:x-nevis:phrase:0800c8af826cfe8d">Signal missing</phrase>
</title>
<diagnostic type="test">
<testgrp IE-ID="en-US0900c8af800c431b_KC01312659" id="KC01312659" j2008use="1" paperuse="1" resumable="1" screenuse="1" testgrp-id="node1" x="120" y="80">
<title>
<phrase category="" id="KC09273873" phrase-urn="urn:x-nevis:phrase:0800c8af826cfe8e">Checking commun#@#@#2#ation</phrase>
</title>
<node>
<test1>
<diaglist>
<dgraphic>
<dgraphic1>
<graphic id="KC09273874">
<href>0900c8af80054d5#@#@#9#.jpeg</href>
</graphic>
</dgraphic1>
</dgraphic>
<ditem>
<ptxt>
<phrase category="" id="KC09273875" phrase-urn="urn:x-nevis:phrase:0800c8af826cfe8f">Ignition on.</phrase>
</ptxt>
</ditem>
</diaglist>
<test2>
<ptxt>
<phrase category="" id="KC09273876" phrase-urn="urn:x-nevis:phrase:0800c8af826cfe90">Press the brake#@#@#50#ons. </phrase>
</ptxt>
<ptxt>
<phrase category="" id="KC09273877" phrase-urn="urn:x-nevis:phrase:0800c8af826cfe91">Check that the #@#@#68#anel.</phrase>
</ptxt>
</test2>
</test1>
<question>
Is the gear po#@#@#11#ted?
</question>
<resact-grp>
<result button="yes" comp="button" highlight="0"/>
<action j2008use="1" paperuse="1" screenuse="1">
<ptxt>
<xref>
<ref id="KC09273879"/>
</xref>
</ptxt>
</action>
</resact-grp>
<resact-grp>
<result button="no" comp="button" highlight="0"/>
<action j2008use="1" paperuse="1" screenuse="1">
<ptxt>
<xref>
<ref id="KC09273880"/>
</xref>
</ptxt>
</action>
</resact-grp>
</node>
</testgrp>
<testgrp id="KC01312660" j2008use="1" paperuse="1" resumable="1" screenuse="1" testgrp-id="node2" x="120" y="160">
<title>
<phrase category="" id="KC09273881" phrase-urn="urn:x-nevis:phrase:0800c8af826cfe93">Checking the wi#@#@#13#onent</phrase>
</title>
<node>
<test1>
<diaglist>
<dgraphic>
<dgraphic1>
<graphic id="KC09273882">
<href>0900c8af80054d4#@#@#9#.jpeg</href>
</graphic>
</dgraphic1>
</dgraphic>
<ditem>
<ptxt>
<phrase category="" id="KC09273883" phrase-urn="urn:x-nevis:phrase:0800c8af826cfe94">Ignition off.</phrase>
</ptxt>
</ditem>
</diaglist>
<test2>
<para>
<ptxt>
<phrase category="" id="KC09273884" phrase-urn="urn:x-nevis:phrase:0800c8af826cfe96">Check ground te#@#@#70# See <xref>
<ref id="KC09273885"/>
</xref>. </phrase>
</ptxt>
</para>
<para>
<ptxt>
<phrase category="" id="KC09273886" phrase-urn="urn:x-nevis:phrase:0800c8af826cfe97">Check the commu#@#@#150# See <xref>
<ref id="KC09273887"/>
</xref>.</phrase>
</ptxt>
</para>
<para>
<ptxt>
<phrase category="" id="KC09273888" phrase-urn="urn:x-nevis:phrase:0800c8af826cfe98">Check the 6-pin#@#@#144#pins.</phrase>
</ptxt>
</para>
<para>
<ptxt>
<phrase category="" id="KC09273889" phrase-urn="urn:x-nevis:phrase:0800c8af826cfe99">Check the cable#@#@#104# See <xref>
<ref id="KC09273890"/>
</xref>.</phrase>
</ptxt>
</para>
<para>
<ptxt>
<phrase category="" id="KC09273891" phrase-urn="urn:x-nevis:phrase:0800c8af826cfe9c">Replace the cir#@#@#72#tors.</phrase>
</ptxt>
</para>
<list1 enumtype="d" type="unordered">
<title>
<phrase category="" id="KC09273892" phrase-urn="urn:x-nevis:phrase:0800c8af826cfe9f">Other information:</phrase>
</title>
<item>
<ptxt>
<phrase category="" id="KC09273893" phrase-urn="urn:x-nevis:phrase:0800c8af826cfea3">To connect the #@#@#13# see <xref>
<ref id="KC09273894"/>
</xref>
</phrase>
</ptxt>
</item>
<item>
<ptxt>
<phrase category="" id="KC09273895" phrase-urn="urn:x-nevis:phrase:0800c8af826cfea7">To replace the #@#@#41#, see<xref>
<ref id="KC09273896"/>
</xref>
</phrase>
</ptxt>
</item>
<item>
<ptxt>
<phrase category="" id="KC09273897" phrase-urn="urn:x-nevis:phrase:0800c8af826cfeac">To replace the #@#@#43#, see<xref>
<ref id="KC09273898"/>
</xref>
</phrase>
</ptxt>
</item>
<item>
<ptxt>
<phrase category="" id="KC09273899" phrase-urn="urn:x-nevis:phrase:0800c8af826cfeb0">For information#@#@#15# see <xref>
<ref id="KC09273900"/>
</xref>. </phrase>
</ptxt>
</item>
</list1>
<diaglist>
<dgraphic>
<dgraphic1>
<graphic id="KC09273901">
<href>0900c8af8005527#@#@#9#.jpeg</href>
</graphic>
</dgraphic1>
<dgraphic2>
<graphic id="KC09273902">
<href>0900c8af80054d4#@#@#9#.jpeg</href>
</graphic>
<smarttool active="press" id="KC09273903" toolname="ODAH"/>
</dgraphic2>
</dgraphic>
<ditem>
<ditemtext>
<ptxt>
<phrase category="" id="KC09273904" phrase-urn="urn:x-nevis:phrase:0800c8af826cfeb4"/>
</ptxt>
</ditemtext>
</ditem>
</diaglist>
</test2>
</test1>
<question>
Select Continue.
</question>
<resact-grp>
<result button="cont" comp="button" highlight="0"/>
<action j2008use="1" paperuse="1" screenuse="1">
<ptxt>
<xref>
<ref id="KC09273906"/>
</xref>
</ptxt>
</action>
</resact-grp>
</node>
</testgrp>
<testgrp id="KC01312661" j2008use="1" paperuse="1" resumable="1" screenuse="1" testgrp-id="verifkom" x="280" y="160">
<title>
<phrase category="" id="KC09273907" phrase-urn="urn:x-nevis:phrase:0800c8af826cfebe">Verification</phrase>
</title>
<subcalloutnode>
<diagcallout>
<xref>
<ref id="KC09273908"/>
</xref>
</diagcallout>
<rescall-grp>
<result comp="string" highlight="0" op="eq" return="VERIFICATION FAILED"/>
<calloutaction>
<ptxt>
<xref>
<ref id="KC09273909"/>
</xref>
</ptxt>
</calloutaction>
</rescall-grp>
<rescall-grp>
<result comp="string" highlight="0" op="eq" return="VERIFIED"/>
<calloutaction>
<return value="FAULT FOUND"/>
</calloutaction>
</rescall-grp>
</subcalloutnode>
</testgrp>
<testgrp id="KC01312662" j2008use="1" paperuse="0" resumable="1" screenuse="1" testgrp-id="info1" x="440" y="160">
<title>
<phrase category="" id="KC09273910" phrase-urn="urn:x-nevis:phrase:0800c8af826cfec2">Fault-tracing i#@#@#5#ation</phrase>
</title>
<subcalloutnode>
<diagcallout>
<xref>
<ref id="KC09273911"/>
</xref>
</diagcallout>
<rescall-grp>
<result comp="string" highlight="0" op="eq" return="FAULTTRACING FAILED"/>
<calloutaction>
<return value="FAULTTRACING FAILED"/>
</calloutaction>
</rescall-grp>
<rescall-grp>
<result comp="string" highlight="0" op="eq" return="NEW TRY"/>
<calloutaction>
<ptxt>
<xref>
<ref id="KC09273912"/>
</xref>
</ptxt>
</calloutaction>
</rescall-grp>
</subcalloutnode>
</testgrp>
<testgrp id="KC01312663" j2008use="1" paperuse="1" resumable="1" screenuse="1" testgrp-id="intnode" x="280" y="80">
<title>
<phrase category="" id="KC09273913" phrase-urn="urn:x-nevis:phrase:0800c8af826cfec7">Intermittent fault</phrase>
</title>
<node>
<test1>
<test2>
<para>
<ptxt>
<phrase category="" id="KC09273914" phrase-urn="urn:x-nevis:phrase:0800c8af826cfecc">Check ground te#@#@#70# See <xref>
<ref id="KC09273915"/>
</xref>. </phrase>
</ptxt>
</para>
<para>
<ptxt>
<phrase category="" id="KC09273916" phrase-urn="urn:x-nevis:phrase:0800c8af826cfecf">Check the commu#@#@#150# See <xref>
<ref id="KC09273917"/>
</xref>.</phrase>
</ptxt>
</para>
<para>
<ptxt>
<phrase category="" id="KC09273918" phrase-urn="urn:x-nevis:phrase:0800c8af826cfed4">Check the 6-pin#@#@#144#pins.</phrase>
</ptxt>
</para>
<para>
<ptxt>
<phrase category="" id="KC09273919" phrase-urn="urn:x-nevis:phrase:0800c8af826cfed9">Check the cable#@#@#104# See <xref>
<ref id="KC09273920"/>
</xref>.</phrase>
</ptxt>
</para>
<para>
<ptxt>
<phrase category="" id="KC09273921" phrase-urn="urn:x-nevis:phrase:0800c8af826cfedc">Remedy as necessary.</phrase>
</ptxt>
</para>
<list1 enumtype="d" type="unordered">
<title>
<phrase category="" id="KC09273922" phrase-urn="urn:x-nevis:phrase:0800c8af826cfee1">Other information:</phrase>
</title>
<item>
<ptxt>
<phrase category="" id="KC09273923" phrase-urn="urn:x-nevis:phrase:0800c8af826cfee4">To connect the #@#@#13# see <xref>
<ref id="KC09273924"/>
</xref>
</phrase>
</ptxt>
</item>
<item>
<ptxt>
<phrase category="" id="KC09273925" phrase-urn="urn:x-nevis:phrase:0800c8af826cfee9">For information#@#@#15# see <xref>
<ref id="KC09273926"/>
</xref>. </phrase>
</ptxt>
</item>
</list1>
<diaglist>
<dgraphic>
<dgraphic1>
<graphic id="KC09273927">
<href>0900c8af8005527#@#@#9#.jpeg</href>
</graphic>
</dgraphic1>
<dgraphic2>
<graphic id="KC09273928">
<href>0900c8af80054d4#@#@#9#.jpeg</href>
</graphic>
<smarttool active="press" id="KC09273929" toolname="ODAH"/>
</dgraphic2>
</dgraphic>
<ditem>
<ditemtext>
<ptxt>
<phrase category="" id="KC09273930" phrase-urn="urn:x-nevis:phrase:0800c8af826cfeed"/>
</ptxt>
</ditemtext>
</ditem>
</diaglist>
</test2>
</test1>
<question>
Select Continue.
</question>
<resact-grp>
<result button="cont" comp="button" highlight="0"/>
<action j2008use="1" paperuse="0" screenuse="1">
<ptxt>
<xref>
<ref id="KC09273932"/>
</xref>
</ptxt>
</action>
<action j2008use="0" paperuse="1" screenuse="0">
<return value="DONE"/>
</action>
</resact-grp>
</node>
</testgrp>
<testgrp id="KC01312664" j2008use="1" paperuse="0" resumable="1" screenuse="1" testgrp-id="info2" x="440" y="80">
<title>
<phrase category="" id="KC09273933" phrase-urn="urn:x-nevis:phrase:0800c8af826cfef5">Fault-tracing i#@#@#5#ation</phrase>
</title>
<subcalloutnode>
<diagcallout>
<xref>
<ref id="KC09273934"/>
</xref>
</diagcallout>
<rescall-grp>
<result comp="string" highlight="0" op="eq" return="NEW TRY"/>
<calloutaction>
<ptxt>
<xref>
<ref id="KC09273935"/>
</xref>
</ptxt>
</calloutaction>
</rescall-grp>
<rescall-grp>
<result comp="string" highlight="0" op="eq" return="FAULT FOUND"/>
<calloutaction>
<return value="DONE"/>
</calloutaction>
</rescall-grp>
</subcalloutnode>
</testgrp>
</diagnostic>
</servinfosub>