<?xml version="1.0" encoding="UTF-8"?><servinfosub IE-ID="en-US0900c8af8574851a" docno="VCC-166270" id="KC08851930" xml:lang="en-US">
<title id="nev11966491n250">Final drive, re#@#@#2#acing</title>
<toolitemtable id="nev17502171n226">
<table id="nev17502171n225">
<tgroup cols="2" id="nev17502171n224">
<colspec colname="COLSPEC0" colwidth="1.00*" id="nev17502171n223"/>
<colspec colname="COLSPEC1" colwidth="1.00*" id="nev17502171n221"/>
<thead id="nev17502171n219">
<row id="nev17502171n218">
<entry id="nev17502171n217" nameend="COLSPEC1" namest="COLSPEC0" valign="top">
<ptxt id="nev17502171n216">
<emph id="nev17502171n215">Special tools</emph>
</ptxt>
</entry>
</row>
</thead>
<tbody id="nev17502171n214">
<row id="nev17502171n213">
<entry id="nev17502171n212"/>
<entry id="nev17502171n211">
<ptxt id="nev17502171n210">
<emph id="nev17502171n209">T9985972 TRANSM#@#@#18#ULIC)</emph>
</ptxt>
<ptxt id="nev17502171n208">
<emph id="nev17502171n207">Tool number: </emph>T9985972</ptxt>
<ptxt id="nev17502171n206">
<emph id="nev17502171n205">Tool description: </emph>TRANSMISSION JA#@#@#9#ULIC)</ptxt>
<ptxt id="nev17502171n204">
<emph id="nev17502171n203">Tool boards: </emph>
</ptxt>
</entry>
</row>
</tbody>
</tgroup>
</table>
</toolitemtable>
<procedure id="KC08851931">
<stepgrp id="KC08851932">
<title id="nev11966491n233">Removal</title>
<procstep id="KC08851933">
<title id="nev11966491n231">Preparations</title>
<note id="nev11966491n229">
<ptxt id="nev11966491n227">Check that the #@#@#79#gear.</ptxt>
</note>
<para id="nev11966491n225">
<ptxt id="nev11966491n223">Ignition off</ptxt>
<ptxt id="nev11966491n221">Position the re#@#@#99#body.</ptxt>
</para>
</procstep>
<procstep id="KC08851934">
<title id="nev11966491n219">Removing drive #@#@#1#hafts</title>
<para id="nev11966491n217">
<ptxt id="nev11966491n215">Remove the driv#@#@#32# to: <xref id="nev11966491n213">
<ref id="KC09028887"/>
</xref>. </ptxt>
</para>
</procstep>
</stepgrp>
<stepgrp id="KC08851935">
<procstep id="KC08851936">
<title id="nev11966491n208">Removing the sp#@#@#43#ystem</title>
<grate id="nev11966491n206">
<graphic id="KC09028888">
<href>0900c8af80060e7#@#@#9#.jpeg</href>
</graphic>
<graphtext id="nev11966491n201">
<para id="nev11966491n199">
<ptxt id="nev11966491n197">Remove the rear#@#@#46#heel.</ptxt>
<ptxt id="nev11966491n195">Support the rea#@#@#93#fold.</ptxt>
</para>
<para id="nev11966491n193">
<ptxt id="nev11966491n191">Remove the prop#@#@#71# See <xref id="nev11966491n189">
<ref id="KC09028889"/>
</xref>.</ptxt>
</para>
</graphtext>
</grate>
</procstep>
</stepgrp>
<stepgrp id="KC08851937">
<procstep id="KC08851938">
<title id="nev11966491n184">Removing the sc#@#@#49#shaft</title>
<para id="nev11966491n182">
<ptxt id="nev11966491n180">Tie up the shaft.</ptxt>
<ptxt id="nev11966491n178">Use the rear cr#@#@#17#port.</ptxt>
<ptxt id="nev11966491n176">Remove one scre#@#@#44#mber.</ptxt>
</para>
</procstep>
<procstep id="KC08851939">
<title id="nev11966491n174">Removing the ca#@#@#6#rness</title>
<grate id="nev11966491n172">
<graphic id="KC09028890">
<href>0900c8af80060e8#@#@#9#.jpeg</href>
</graphic>
<graphtext id="nev11966491n167">
<para id="nev11966491n165">
<ptxt id="nev11966491n163">Remove the conn#@#@#47#DEM).</ptxt>
<ptxt id="nev11966491n161">Detach the cabl#@#@#75#mber.</ptxt>
<ptxt id="nev11966491n159">Fold the cable #@#@#63#rive.</ptxt>
</para>
</graphtext>
</grate>
</procstep>
<procstep id="KC08851940">
<title id="nev11966491n157">Removing the fi#@#@#4#drive</title>
<grate id="nev11966491n155">
<graphic id="KC09028891">
<href>0900c8af80060ea#@#@#9#.jpeg</href>
</graphic>
<graphtext id="nev11966491n150">
<list1 enumtype="d" id="nev11966491n148" type="unordered">
<title id="nev11966491n146">Remove:</title>
<item id="nev11966491n144">
<ptxt id="nev11966491n142">the cover for t#@#@#14#ember</ptxt>
</item>
<item id="nev11966491n140">
<ptxt id="nev11966491n138">the screw for t#@#@#42#ing. </ptxt>
</item>
</list1>
<para id="nev11966491n136">
<ptxt id="nev11966491n134">Slacken off the#@#@#99#eads.</ptxt>
</para>
</graphtext>
</grate>
</procstep>
<procstep id="KC08851941">
<title id="nev11966491n132">Removing the re#@#@#9#ember</title>
<grate id="nev11966491n130">
<graphic id="KC09028892">
<href>0900c8af80060eb#@#@#9#.jpeg</href>
</graphic>
<graphtext id="nev11966491n125">
<ptxt id="nev11966491n123">Bring <toolitem id="KC09028893"/> into light con#@#@#47#mber.</ptxt>
<ptxt id="nev11966491n118">Remove the scre#@#@#74#ides.</ptxt>
<ptxt id="nev11966491n116">Carefully lower#@#@#23#jack.</ptxt>
</graphtext>
</grate>
</procstep>
<procstep id="KC08851942">
<title id="nev11966491n114">Removing the fi#@#@#12#using</title>
<grate id="nev11966491n112">
<graphic id="KC09028894">
<href>0900c8af80060ed#@#@#9#.jpeg</href>
</graphic>
<graphtext id="nev11966491n107">
<para id="nev11966491n105">
<ptxt id="nev11966491n103">Support the fin#@#@#41#rews.</ptxt>
<ptxt id="nev11966491n101">Lift out the fi#@#@#88#ench.</ptxt>
</para>
</graphtext>
</grate>
</procstep>
</stepgrp>
</procedure>
<procedure id="KC08851945">
<stepgrp id="KC08851946">
<title id="nev11966491n88">Installation</title>
<note id="nev11966491n86">
<ptxt id="nev11966491n84">For tightening #@#@#9#see: <xref id="nev11966491n82">
<ref id="KC09028896"/>
</xref>. </ptxt>
</note>
<note id="nev11966491n77">
<ptxt id="nev11966491n75">To ensure that #@#@#29#see: <xref id="nev11966491n73">
<ref id="KC09028897"/>
</xref>.</ptxt>
</note>
<procstep id="KC08851947">
<title id="nev11966491n68">Installing the #@#@#11#ember</title>
<grate id="nev11966491n66">
<graphic id="KC09028898">
<href>0900c8af80060eb#@#@#9#.jpeg</href>
</graphic>
<graphtext id="nev11966491n61">
<para id="nev11966491n59">
<ptxt id="nev11966491n57">Install the fin#@#@#123#rews.</ptxt>
<ptxt id="nev11966491n55">Bring <toolitem id="KC09028899"/> into light con#@#@#47#mber.</ptxt>
</para>
<list1 enumtype="d" id="nev11966491n50" type="unordered">
<title id="nev11966491n48">Install:</title>
<item id="nev11966491n46">
<ptxt id="nev11966491n44">the screws for #@#@#66#ides.</ptxt>
</item>
<item id="nev11966491n42">
<ptxt id="nev11966491n40">the 2 x M12 scr#@#@#29#hten.</ptxt>
</item>
<item id="nev11966491n38">
<ptxt id="nev11966491n36">the M14 screw f#@#@#55#See: <xref id="nev11966491n34">
<ref id="KC09028900"/>
</xref>.</ptxt>
</item>
</list1>
<para id="nev11966491n29">
<ptxt id="nev11966491n27">Remove <toolitem id="KC09028901"/>.</ptxt>
</para>
</graphtext>
</grate>
</procstep>
<procstep id="KC08851948">
<title id="nev11966491n22">Installing the #@#@#14#using</title>
<grate id="nev11966491n20">
<graphic id="KC09028902">
<href>0900c8af80060ea#@#@#9#.jpeg</href>
</graphic>
<graphtext id="nev11966491n15">
<list1 enumtype="d" id="nev11966491n13" type="unordered">
<title id="nev11966491n11">Install:</title>
<item id="nev11966491n9">
<ptxt id="nev11966491n7">1 M12 front scr#@#@#34#ghten</ptxt>
</item>
<item id="nev11966491n5">
<ptxt id="nev11966491n3">the cover for t#@#@#43#hten </ptxt>
</item>
<item id="nev11966491n1">
<ptxt id="nev11966492n249">the 2 x rear M1#@#@#50#hten.</ptxt>
</item>
</list1>
</graphtext>
</grate>
</procstep>
<procstep id="KC08851949">
<title id="nev11966492n247">Installing the #@#@#8#rness</title>
<grate id="nev11966492n245">
<graphic id="KC09028903">
<href>0900c8af80060e8#@#@#9#.jpeg</href>
</graphic>
<graphtext id="nev11966492n240">
<para id="nev11966492n238">
<ptxt id="nev11966492n236">Connect the con#@#@#114#mber.</ptxt>
</para>
<para id="nev11966492n234">
<ptxt id="nev11966492n232">Install the pro#@#@#76#See: <xref id="nev11966492n230">
<ref id="KC09028904"/>
</xref>.</ptxt>
</para>
</graphtext>
</grate>
</procstep>
</stepgrp>
<stepgrp id="KC08851950">
<procstep id="KC08851951">
<title id="nev11966492n225">Installing driv#@#@#3#hafts</title>
<para id="nev11966492n223">
<ptxt id="nev11966492n221">Install the dri#@#@#33# to: <xref id="nev11966492n219">
<ref id="KC09028905"/>
</xref>.</ptxt>
</para>
</procstep>
<procstep id="KC08851952">
<title id="nev11966492n215">Installing the #@#@#45#ystem</title>
<grate id="nev11966492n213">
<graphic id="KC09028906">
<href>0900c8af80060e7#@#@#9#.jpeg</href>
</graphic>
<graphtext id="nev11966492n208">
<para id="nev11966492n206">
<ptxt id="nev11966492n204">Check that the #@#@#101#sary.</ptxt>
</para>
<para id="nev11966492n202">
<ptxt id="nev11966492n200">Install the rea#@#@#39#ten. </ptxt>
</para>
</graphtext>
</grate>
</procstep>
<procstep id="KC08851953">
<title id="nev11966492n198">Filling and che#@#@#14#level</title>
<grate id="nev11966492n196">
<graphic id="KC09028907">
<href>0900c8af83d751d#@#@#9#.jpeg</href>
</graphic>
<graphtext id="nev11966492n191">
<para id="nev11966492n189">
<ptxt id="nev11966492n187">Top up and chec#@#@#50#AOC).</ptxt>
<ptxt id="nev11966492n185">Use oils, see: <xref id="nev11966492n183">
<ref id="nev16862813n170"/>
<ref id="nev16862781n175"/>
<ref id="KC09028908"/>
</xref>
</ptxt>
<ptxt id="nev11966492n178">Tighten both th#@#@#15#See: <xref id="nev11966492n176">
<ref id="KC09028909"/>
</xref>.</ptxt>
</para>
</graphtext>
</grate>
<grate id="nev12716244n22">
<graphic id="nev12716244n21"/>
<graphtext id="nev12716248n117">
<para id="nev12716248n116">
<ptxt id="nev12716248n115">Top up and chec#@#@#33#gear.</ptxt>
<ptxt id="nev12716248n114">Use oils, see: <xref id="nev12716248n113">
<ref id="nev16862813n166"/>
<ref id="nev16862781n171"/>
<ref id="nev12716248n112"/>
</xref>
</ptxt>
<ptxt id="nev12716248n108">Tighten both th#@#@#15#See: <xref id="nev12716248n107">
<ref id="nev16862781n163"/>
<ref id="nev12716248n106"/>
</xref>.</ptxt>
</para>
</graphtext>
</grate>
</procstep>
</stepgrp>
</procedure>
</servinfosub>