<?xml version="1.0" encoding="UTF-8"?><servinfosub IE-ID="en-US0900c8af80cc751a" docno="VCC-150452" id="KC02733959" xml:lang="en-US">
<title>
<phrase category="" id="KC07850305" phrase-urn="urn:x-nevis:phrase:0800c8af81c28c2b">Diagnostic trou#@#@#30#-6C76</phrase>
</title>
<diagnostic type="condition">
<condgrp>
<condition type="condition">
<grate>
<graphic id="KC07850306" width="column">
<href>0900c8af804457d#@#@#9#.jpeg</href>
</graphic>
<graphtext>
<para>
<ptxt>
<phrase category="" id="KC07850307" phrase-urn="urn:x-nevis:phrase:0800c8af81c28c2c">The serial numb#@#@#388#OST. </phrase>
</ptxt>
</para>
<para>
<ptxt>
<phrase category="" id="KC07850308" phrase-urn="urn:x-nevis:phrase:0800c8af81c28c2d">The infotainmen#@#@#126#CEM).</phrase>
</ptxt>
</para>
<para>
<ptxt>
<phrase category="" id="KC07850309" phrase-urn="urn:x-nevis:phrase:0800c8af81c28c2e">The diagnostic #@#@#131#list.</phrase>
</ptxt>
</para>
<para>
<ptxt>
<phrase category="" id="KC07850310" phrase-urn="urn:x-nevis:phrase:0800c8af81c28c2f">The diagnostic #@#@#151#ated.</phrase>
</ptxt>
</para>
</graphtext>
</grate>
</condition>
</condgrp>
<condgrp>
<condition type="substitution">
<list1 enumtype="d">
<item>
<ptxt>
<phrase category="" id="KC07850311" phrase-urn="urn:x-nevis:phrase:0800c8af81c28c30">None.</phrase>
</ptxt>
</item>
</list1>
</condition>
<ps>
<list1 enumtype="d" type="unordered">
<item>
<ptxt>
<phrase category="" id="KC07850312" phrase-urn="urn:x-nevis:phrase:0800c8af81c28c32">Replacement wit#@#@#97#(CEM)</phrase>
</ptxt>
</item>
<item>
<ptxt>
<phrase category="" id="KC07850313" phrase-urn="urn:x-nevis:phrase:0800c8af81c28c34">Software not do#@#@#41#(PHM)</phrase>
</ptxt>
</item>
<item>
<ptxt>
<phrase category="" id="KC07850314" phrase-urn="urn:x-nevis:phrase:0800c8af81c28c35">Failed or incom#@#@#46#PHM).</phrase>
</ptxt>
</item>
</list1>
</ps>
</condgrp>
<condgrp>
<condition type="symptom">
<list1 enumtype="d" type="unordered">
<item>
<ptxt>
<phrase category="" id="KC07850315" phrase-urn="urn:x-nevis:phrase:0800c8af81c28c36">No or reduced c#@#@#17#lity.</phrase>
</ptxt>
</item>
</list1>
</condition>
</condgrp>
</diagnostic>
</servinfosub>