<?xml version="1.0" encoding="UTF-8"?><servinfosub IE-ID="en-US0900c8af8332851a" docno="VCC-257143" id="nev10805276n1" servinfosubId="nev20687919n1-nev20687919n2" servinfosubRes="0900c8af862c3563" servinfosubRes2="urn:x-nevis:fragment:0900c8af8332851a:0900c8af862c3563#nev20687919n2" xml:lang="en-US">
<title id="nev10805456n1">Design</title>
<topic id="nev20687919n1-nev10805277n2">
<title id="nev20687919n1-nev10805456n165">Transmission general</title>
<grate id="nev20687919n1-nev10805456n167" pgwide="1">
<graphic id="nev20687919n1-nev10805277n3">
<href>0900c8af8162139#@#@#9#.jpeg</href>
</graphic>
</grate>
<para id="nev20687919n1-nev10805456n173">
<ptxt id="nev20687919n1-nev10805456n175">M66 is a six ge#@#@#181#rive.</ptxt>
</para>
<para id="nev20687919n1-nev10805456n177">
<ptxt id="nev20687919n1-nev11284177n61">The transmissio#@#@#170#rque.</ptxt>
</para>
<para id="nev20687919n1-nev10805456n181">
<ptxt id="nev20687919n1-nev11284177n174">The engine and #@#@#99#rame.</ptxt>
</para>
<para id="nev20687919n1-nev10805456n185">
<ptxt id="nev20687919n1-nev10805456n187">The transmissio#@#@#111#sion.</ptxt>
</para>
<para id="nev20687919n1-nev10805456n189">
<ptxt id="nev20687919n1-nev10805456n191">The oil is synt#@#@#243#sion.</ptxt>
</para>
<para id="nev20687919n1-nev10805456n193">
<ptxt id="nev20687919n1-nev10805456n195">The gear wheels#@#@#33# are:</ptxt>
</para>
<list1 id="nev20687919n1-nev10805456n197">
<item id="nev20687919n1-nev10805456n199">
<ptxt id="nev20687919n1-nev10805456n201">input shaft (A)</ptxt>
</item>
<item id="nev20687919n1-nev10805456n203">
<ptxt id="nev20687919n1-nev10805456n205">intermediate sh#@#@#11#6 (B)</ptxt>
</item>
<item id="nev20687919n1-nev10805456n207">
<ptxt id="nev20687919n1-nev10805456n209">intermediate sh#@#@#6#4 (C)</ptxt>
</item>
<item id="nev20687919n1-nev10805456n211">
<ptxt id="nev20687919n1-nev10805456n213">back-up (revers#@#@#8# (D).</ptxt>
</item>
</list1>
<para id="nev20687919n1-nev10805456n215">
<ptxt id="nev20687919n1-nev10805456n217">The clutch gear#@#@#186#ings.</ptxt>
</para>
<para id="nev20687919n1-nev10805456n219">
<ptxt id="nev20687919n1-nev10805456n221">The inner rings#@#@#247#tate.</ptxt>
</para>
<para id="nev20687919n1-nev10805456n223">
<ptxt id="nev20687919n1-nev11284199n37">The components #@#@#314#nion.</ptxt>
</para>
</topic>
<topic id="nev20687919n1-nev10805277n4">
<title id="nev20687919n1-nev10805456n227">Transmission, i#@#@#13#nents</title>
<grate id="nev20687919n1-nev10805456n229" pgwide="1">
<graphic id="nev20687919n1-nev10805277n5">
<href>0900c8af801286e#@#@#9#.jpeg</href>
</graphic>
</grate>
<table frame="all" id="nev20687919n1-nev10805456n235" pgwide="0.7">
<tgroup cols="4" id="nev20687919n1-nev10805456n237">
<colspec align="right" colname="col1" colwidth="15*" id="nev20687919n1-nev10805456n239"/>
<colspec colname="col2" colwidth="35*" id="nev20687919n1-nev10805456n240"/>
<colspec align="center" colname="col3" colwidth="15*" id="nev20687919n1-nev10805456n241"/>
<colspec colname="col4" colwidth="35*" id="nev20687919n1-nev10805456n242"/>
<thead id="nev20687919n1-nev10805456n243">
<row id="nev20687919n1-nev10805456n245">
<entry colname="col1" id="nev20687919n1-nev10805456n247" valign="top">
<ptxt id="nev20687919n1-nev10805456n249">Position</ptxt>
</entry>
<entry colname="col2" id="nev20687919n1-nev10805463n1" valign="top">
<ptxt id="nev20687919n1-nev10805463n3">Component</ptxt>
</entry>
<entry id="nev20687919n1-nev10805463n5" nameend="col4" namest="col3" valign="top">
<ptxt id="nev20687919n1-nev10805463n7">Located on</ptxt>
</entry>
</row>
</thead>
<tbody id="nev20687919n1-nev10805463n9">
<row id="nev20687919n1-nev10805463n11">
<entry colname="col1" id="nev20687919n1-nev10805463n13">
<ptxt id="nev20687919n1-nev10805463n15">1</ptxt>
</entry>
<entry colname="col2" id="nev20687919n1-nev10805463n17">
<ptxt id="nev20687919n1-nev10805463n19">Final drive gea#@#@#14#erse)</ptxt>
</entry>
<entry id="nev20687919n1-nev10805463n21">
<ptxt id="nev20687919n1-nev10805463n23">D</ptxt>
</entry>
<entry colname="col4" id="nev20687919n1-nev10805463n25">
<ptxt id="nev20687919n1-nev10805463n27">Back-up (revers#@#@#3#shaft</ptxt>
</entry>
</row>
<row id="nev20687919n1-nev10805463n29">
<entry colname="col1" id="nev20687919n1-nev10805463n31">
<ptxt id="nev20687919n1-nev10805463n33">2</ptxt>
</entry>
<entry colname="col2" id="nev20687919n1-nev10805463n35">
<ptxt id="nev20687919n1-nev10805463n37">Idler wheel, ba#@#@#15# gear</ptxt>
</entry>
<entry colname="col3" id="nev20687919n1-nev10805463n39">
<ptxt id="nev20687919n1-nev10805463n41">D</ptxt>
</entry>
<entry colname="col4" id="nev20687919n1-nev10805463n43">
<ptxt id="nev20687919n1-nev10805463n45">Back-up (revers#@#@#3#shaft</ptxt>
</entry>
</row>
<row id="nev20687919n1-nev10805463n47">
<entry colname="col1" id="nev20687919n1-nev10805463n49">
<ptxt id="nev20687919n1-nev10805463n51">3</ptxt>
</entry>
<entry colname="col2" id="nev20687919n1-nev10805463n53">
<ptxt id="nev20687919n1-nev10805463n55">Back-up (revers#@#@#20#leeve</ptxt>
</entry>
<entry colname="col3" id="nev20687919n1-nev10805463n57">
<ptxt id="nev20687919n1-nev10805463n59">D</ptxt>
</entry>
<entry colname="col4" id="nev20687919n1-nev10805463n61">
<ptxt id="nev20687919n1-nev10805463n63">Back-up (revers#@#@#3#shaft</ptxt>
</entry>
</row>
<row id="nev20687919n1-nev10805463n65">
<entry colname="col1" id="nev20687919n1-nev10805463n67">
<ptxt id="nev20687919n1-nev10805463n69">4</ptxt>
</entry>
<entry colname="col2" id="nev20687919n1-nev10805463n71">
<ptxt id="nev20687919n1-nev10805463n73">Ring gear</ptxt>
</entry>
<entry colname="col3" id="nev20687919n1-nev10805463n75"/>
<entry colname="col4" id="nev20687919n1-nev10805463n77">
<ptxt id="nev20687919n1-nev10805463n79">Differential</ptxt>
</entry>
</row>
<row id="nev20687919n1-nev10805463n81">
<entry colname="col1" id="nev20687919n1-nev10805463n83">
<ptxt id="nev20687919n1-nev10805463n85">5</ptxt>
</entry>
<entry colname="col2" id="nev20687919n1-nev10805463n87">
<ptxt id="nev20687919n1-nev10805463n89">2nd gear idler wheel</ptxt>
</entry>
<entry colname="col3" id="nev20687919n1-nev10805463n91">
<ptxt id="nev20687919n1-nev10805463n93">B</ptxt>
</entry>
<entry colname="col4" id="nev20687919n1-nev10805463n95">
<ptxt id="nev20687919n1-nev10805463n97">Intermediate sh#@#@#8# 5-6 </ptxt>
</entry>
</row>
<row id="nev20687919n1-nev10805463n99">
<entry colname="col1" id="nev20687919n1-nev10805463n101">
<ptxt id="nev20687919n1-nev10805463n103">6</ptxt>
</entry>
<entry colname="col2" id="nev20687919n1-nev10805463n105">
<ptxt id="nev20687919n1-nev10805463n107">5th gear gear wheel</ptxt>
</entry>
<entry colname="col3" id="nev20687919n1-nev10805463n109">
<ptxt id="nev20687919n1-nev10805463n111">B</ptxt>
</entry>
<entry colname="col4" id="nev20687919n1-nev10805463n113">
<ptxt id="nev20687919n1-nev10805463n115">Intermediate sh#@#@#8# 5-6 </ptxt>
</entry>
</row>
<row id="nev20687919n1-nev10805463n117">
<entry colname="col1" id="nev20687919n1-nev10805463n119">
<ptxt id="nev20687919n1-nev10805463n121">7</ptxt>
</entry>
<entry colname="col2" id="nev20687919n1-nev10805463n123">
<ptxt id="nev20687919n1-nev10805463n125">6th gear gear wheel</ptxt>
</entry>
<entry colname="col3" id="nev20687919n1-nev10805463n127">
<ptxt id="nev20687919n1-nev10805463n129">B</ptxt>
</entry>
<entry colname="col4" id="nev20687919n1-nev10805463n131">
<ptxt id="nev20687919n1-nev10805463n133">Intermediate sh#@#@#8# 5-6 </ptxt>
</entry>
</row>
<row id="nev20687919n1-nev10805463n135">
<entry colname="col1" id="nev20687919n1-nev10805463n137">
<ptxt id="nev20687919n1-nev10805463n139">8</ptxt>
</entry>
<entry colname="col2" id="nev20687919n1-nev10805463n141">
<ptxt id="nev20687919n1-nev10805463n143">Idler wheel for#@#@#4# gear</ptxt>
</entry>
<entry colname="col3" id="nev20687919n1-nev10805463n145">
<ptxt id="nev20687919n1-nev10805463n147">A</ptxt>
</entry>
<entry colname="col4" id="nev20687919n1-nev10805463n149">
<ptxt id="nev20687919n1-nev10805463n151">Input shaft</ptxt>
</entry>
</row>
<row id="nev20687919n1-nev10805463n153">
<entry colname="col1" id="nev20687919n1-nev10805463n155">
<ptxt id="nev20687919n1-nev10805463n157">9</ptxt>
</entry>
<entry colname="col2" id="nev20687919n1-nev10805463n159">
<ptxt id="nev20687919n1-nev10805463n161">Coupling sleeve#@#@#12# gear</ptxt>
</entry>
<entry colname="col3" id="nev20687919n1-nev10805463n163">
<ptxt id="nev20687919n1-nev10805463n165">A</ptxt>
</entry>
<entry colname="col4" id="nev20687919n1-nev10805463n167">
<ptxt id="nev20687919n1-nev10805463n169">Input shaft</ptxt>
</entry>
</row>
<row id="nev20687919n1-nev10805463n171">
<entry colname="col1" id="nev20687919n1-nev10805463n173">
<ptxt id="nev20687919n1-nev10805463n175">10</ptxt>
</entry>
<entry colname="col2" id="nev20687919n1-nev10805463n177">
<ptxt id="nev20687919n1-nev10805463n179">4th gear idler wheel</ptxt>
</entry>
<entry colname="col3" id="nev20687919n1-nev10805463n181">
<ptxt id="nev20687919n1-nev10805463n183">C</ptxt>
</entry>
<entry colname="col4" id="nev20687919n1-nev10805463n185">
<ptxt id="nev20687919n1-nev10805463n187">Intermediate sh#@#@#2#t 3-4</ptxt>
</entry>
</row>
<row id="nev20687919n1-nev10805463n189">
<entry colname="col1" id="nev20687919n1-nev10805463n191">
<ptxt id="nev20687919n1-nev10805463n193">11</ptxt>
</entry>
<entry colname="col2" id="nev20687919n1-nev10805463n195">
<ptxt id="nev20687919n1-nev10805463n197">5th gear idler wheel</ptxt>
</entry>
<entry colname="col3" id="nev20687919n1-nev10805463n199">
<ptxt id="nev20687919n1-nev10805463n201">A</ptxt>
</entry>
<entry colname="col4" id="nev20687919n1-nev10805463n203">
<ptxt id="nev20687919n1-nev10805463n205">Input shaft</ptxt>
</entry>
</row>
<row id="nev20687919n1-nev10805463n207">
<entry colname="col1" id="nev20687919n1-nev10805463n209">
<ptxt id="nev20687919n1-nev10805463n211">12</ptxt>
</entry>
<entry colname="col2" id="nev20687919n1-nev10805463n213">
<ptxt id="nev20687919n1-nev10805463n215">3rd-4th gear co#@#@#8#leeve</ptxt>
</entry>
<entry colname="col3" id="nev20687919n1-nev10805463n217">
<ptxt id="nev20687919n1-nev10805463n219">C</ptxt>
</entry>
<entry colname="col4" id="nev20687919n1-nev10805463n221">
<ptxt id="nev20687919n1-nev10805463n223">Intermediate sh#@#@#2#t 3-4</ptxt>
</entry>
</row>
<row id="nev20687919n1-nev10805463n225">
<entry colname="col1" id="nev20687919n1-nev10805463n227">
<ptxt id="nev20687919n1-nev10805463n229">13</ptxt>
</entry>
<entry colname="col2" id="nev20687919n1-nev10805463n231">
<ptxt id="nev20687919n1-nev10805463n233">4th gear gear wheel</ptxt>
</entry>
<entry colname="col3" id="nev20687919n1-nev10805463n235">
<ptxt id="nev20687919n1-nev10805463n237">A</ptxt>
</entry>
<entry colname="col4" id="nev20687919n1-nev10805463n239">
<ptxt id="nev20687919n1-nev10805463n241">Input shaft</ptxt>
</entry>
</row>
<row id="nev20687919n1-nev10805463n243">
<entry colname="col1" id="nev20687919n1-nev10805463n245">
<ptxt id="nev20687919n1-nev10805463n247">14</ptxt>
</entry>
<entry colname="col2" id="nev20687919n1-nev10805463n249">
<ptxt id="nev20687919n1-nev10805464n1">2nd gear gear wheel</ptxt>
</entry>
<entry colname="col3" id="nev20687919n1-nev10805464n3">
<ptxt id="nev20687919n1-nev10805464n5">A</ptxt>
</entry>
<entry colname="col4" id="nev20687919n1-nev10805464n7">
<ptxt id="nev20687919n1-nev10805464n9">Input shaft</ptxt>
</entry>
</row>
<row id="nev20687919n1-nev10805464n11">
<entry colname="col1" id="nev20687919n1-nev10805464n13">
<ptxt id="nev20687919n1-nev10805464n15">15</ptxt>
</entry>
<entry colname="col2" id="nev20687919n1-nev10805464n17">
<ptxt id="nev20687919n1-nev10805464n19">1st gear gear wheel</ptxt>
</entry>
<entry colname="col3" id="nev20687919n1-nev10805464n21">
<ptxt id="nev20687919n1-nev10805464n23">A</ptxt>
</entry>
<entry colname="col4" id="nev20687919n1-nev10805464n25">
<ptxt id="nev20687919n1-nev10805464n27">Input shaft</ptxt>
</entry>
</row>
<row id="nev20687919n1-nev10805464n29">
<entry colname="col1" id="nev20687919n1-nev10805464n31">
<ptxt id="nev20687919n1-nev10805464n33">16</ptxt>
</entry>
<entry colname="col2" id="nev20687919n1-nev10805464n35">
<ptxt id="nev20687919n1-nev10805464n37">3rd gear idler wheel</ptxt>
</entry>
<entry colname="col3" id="nev20687919n1-nev10805464n39">
<ptxt id="nev20687919n1-nev10805464n41">C</ptxt>
</entry>
<entry colname="col4" id="nev20687919n1-nev10805464n43">
<ptxt id="nev20687919n1-nev10805464n45">Intermediate sh#@#@#2#t 3-4</ptxt>
</entry>
</row>
<row id="nev20687919n1-nev10805464n47">
<entry colname="col1" id="nev20687919n1-nev10805464n49">
<ptxt id="nev20687919n1-nev10805464n51">17</ptxt>
</entry>
<entry colname="col2" id="nev20687919n1-nev10805464n53">
<ptxt id="nev20687919n1-nev10805464n55">Final drive gea#@#@#18# gear</ptxt>
</entry>
<entry colname="col3" id="nev20687919n1-nev10805464n57">
<ptxt id="nev20687919n1-nev10805464n59">C</ptxt>
</entry>
<entry colname="col4" id="nev20687919n1-nev10805464n61">
<ptxt id="nev20687919n1-nev10805464n63">Intermediate sh#@#@#2#t 3-4</ptxt>
</entry>
</row>
<row id="nev20687919n1-nev10805464n65">
<entry colname="col1" id="nev20687919n1-nev10805464n67">
<ptxt id="nev20687919n1-nev10805464n69">18</ptxt>
</entry>
<entry colname="col2" id="nev20687919n1-nev10805464n71">
<ptxt id="nev20687919n1-nev10805464n73">3rd gear gear wheel</ptxt>
</entry>
<entry colname="col3" id="nev20687919n1-nev10805464n75">
<ptxt id="nev20687919n1-nev10805464n77">A</ptxt>
</entry>
<entry colname="col4" id="nev20687919n1-nev10805464n79">
<ptxt id="nev20687919n1-nev10805464n81">Input shaft</ptxt>
</entry>
</row>
<row id="nev20687919n1-nev10805464n83">
<entry colname="col1" id="nev20687919n1-nev10805464n85">
<ptxt id="nev20687919n1-nev10805464n87">19</ptxt>
</entry>
<entry colname="col2" id="nev20687919n1-nev10805464n89">
<ptxt id="nev20687919n1-nev10805464n91">1st-2nd gear co#@#@#8#leeve</ptxt>
</entry>
<entry colname="col3" id="nev20687919n1-nev10805464n93">
<ptxt id="nev20687919n1-nev10805464n95">B</ptxt>
</entry>
<entry colname="col4" id="nev20687919n1-nev10805464n97">
<ptxt id="nev20687919n1-nev10805464n99">Intermediate sh#@#@#8# 5-6 </ptxt>
</entry>
</row>
<row id="nev20687919n1-nev10805464n101">
<entry colname="col1" id="nev20687919n1-nev10805464n103">
<ptxt id="nev20687919n1-nev10805464n105">20</ptxt>
</entry>
<entry colname="col2" id="nev20687919n1-nev10805464n107">
<ptxt id="nev20687919n1-nev10805464n109">Final drive gea#@#@#12#, 5-6</ptxt>
</entry>
<entry colname="col3" id="nev20687919n1-nev10805464n111">
<ptxt id="nev20687919n1-nev10805464n113">B</ptxt>
</entry>
<entry colname="col4" id="nev20687919n1-nev10805464n115">
<ptxt id="nev20687919n1-nev10805464n117">Intermediate sh#@#@#8# 5-6 </ptxt>
</entry>
</row>
<row id="nev20687919n1-nev10805464n119">
<entry colname="col1" id="nev20687919n1-nev10805464n121">
<ptxt id="nev20687919n1-nev10805464n123">21</ptxt>
</entry>
<entry colname="col2" id="nev20687919n1-nev10805464n125">
<ptxt id="nev20687919n1-nev10805464n127">1st gear idler wheel</ptxt>
</entry>
<entry colname="col3" id="nev20687919n1-nev10805464n129">
<ptxt id="nev20687919n1-nev10805464n131">B</ptxt>
</entry>
<entry colname="col4" id="nev20687919n1-nev10805464n133">
<ptxt id="nev20687919n1-nev10805464n135">Intermediate sh#@#@#8# 5-6 </ptxt>
</entry>
</row>
</tbody>
</tgroup>
</table>
</topic>
<topic id="nev20687919n1-nev10805277n6">
<title id="nev20687919n1-nev10805464n137">Gear selector, #@#@#3#ernal</title>
<grate id="nev20687919n1-nev10805464n139" pgwide="1">
<graphic id="nev20687919n1-nev10818619n60">
<href>0900c8af827bbed#@#@#11#.jpeg</href>
</graphic>
</grate>
<table frame="all" id="nev20687919n1-nev10805464n145" pgwide="0.8">
<tgroup cols="4" id="nev20687919n1-nev10805464n147">
<colspec align="right" colname="col1" colwidth="15*" id="nev20687919n1-nev10805464n149"/>
<colspec colname="col2" colwidth="35*" id="nev20687919n1-nev10805464n150"/>
<colspec align="right" colname="col3" colwidth="15*" id="nev20687919n1-nev10805464n151"/>
<colspec colname="col4" colwidth="35*" id="nev20687919n1-nev10805464n152"/>
<thead id="nev20687919n1-nev10805464n153">
<row id="nev20687919n1-nev10805464n155">
<entry colname="col1" id="nev20687919n1-nev10805464n157" valign="top">
<ptxt id="nev20687919n1-nev10805464n159">Position</ptxt>
</entry>
<entry colname="col2" id="nev20687919n1-nev10805464n161" valign="top">
<ptxt id="nev20687919n1-nev10805464n163">Component</ptxt>
</entry>
<entry colname="col3" id="nev20687919n1-nev10805464n165" valign="top">
<ptxt id="nev20687919n1-nev10805464n167">Position</ptxt>
</entry>
<entry colname="col4" colsep="1" id="nev20687919n1-nev10805464n169" rowsep="1">
<ptxt id="nev20687919n1-nev10805464n171">Component</ptxt>
</entry>
</row>
</thead>
<tbody id="nev20687919n1-nev10805464n173">
<row id="nev20687919n1-nev10805464n175">
<entry colname="col1" id="nev20687919n1-nev10805464n177">
<ptxt id="nev20687919n1-nev10805464n179">1</ptxt>
</entry>
<entry colname="col2" id="nev20687919n1-nev10805464n181">
<ptxt id="nev20687919n1-nev10805464n183">Complete contro#@#@#1# unit</ptxt>
</entry>
<entry id="nev20687919n1-nev10805464n185">
<ptxt id="nev20687919n1-nev10805464n187">10</ptxt>
</entry>
<entry colname="col4" id="nev20687919n1-nev10805464n189">
<ptxt id="nev20687919n1-nev10805464n191">Spring </ptxt>
</entry>
</row>
<row id="nev20687919n1-nev10805464n193">
<entry colname="col1" id="nev20687919n1-nev10805464n195">
<ptxt id="nev20687919n1-nev10805464n197">2</ptxt>
</entry>
<entry colname="col2" id="nev20687919n1-nev10805464n199">
<ptxt id="nev20687919n1-nev10805464n201">Ball limiter, 5#@#@#5#ntrol</ptxt>
</entry>
<entry colname="col3" id="nev20687919n1-nev10805464n203">
<ptxt id="nev20687919n1-nev10805464n205">11</ptxt>
</entry>
<entry colname="col4" id="nev20687919n1-nev10805464n207">
<ptxt id="nev20687919n1-nev10805464n209">Lever for lengt#@#@#9#ement</ptxt>
</entry>
</row>
<row id="nev20687919n1-nev10805464n211">
<entry colname="col1" id="nev20687919n1-nev10805464n213">
<ptxt id="nev20687919n1-nev10805464n215">3</ptxt>
</entry>
<entry colname="col2" id="nev20687919n1-nev10805464n217">
<ptxt id="nev20687919n1-nev10805464n219">Gearshift gate</ptxt>
</entry>
<entry colname="col3" id="nev20687919n1-nev10805464n221">
<ptxt id="nev20687919n1-nev10805464n223">12</ptxt>
</entry>
<entry colname="col4" id="nev20687919n1-nev10805464n225">
<ptxt id="nev20687919n1-nev10805464n227">Spring</ptxt>
</entry>
</row>
<row id="nev20687919n1-nev10805464n229">
<entry colname="col1" id="nev20687919n1-nev10805464n231">
<ptxt id="nev20687919n1-nev10805464n233">4</ptxt>
</entry>
<entry colname="col2" id="nev20687919n1-nev10805464n235">
<ptxt id="nev20687919n1-nev10805464n237">Back-up (revers#@#@#12#witch</ptxt>
</entry>
<entry colname="col3" id="nev20687919n1-nev10805464n239">
<ptxt id="nev20687919n1-nev10805464n241">13</ptxt>
</entry>
<entry colname="col4" id="nev20687919n1-nev10805464n243">
<ptxt id="nev20687919n1-nev10805464n245">Lever for later#@#@#6#ement</ptxt>
</entry>
</row>
<row id="nev20687919n1-nev10805464n247">
<entry colname="col1" id="nev20687919n1-nev10805464n249">
<ptxt id="nev20687919n1-nev10805465n1">5</ptxt>
</entry>
<entry colname="col2" id="nev20687919n1-nev10805465n3">
<ptxt id="nev20687919n1-nev10805465n5">Flange</ptxt>
</entry>
<entry colname="col3" id="nev20687919n1-nev10805465n7">
<ptxt id="nev20687919n1-nev10805465n9">14</ptxt>
</entry>
<entry colname="col4" id="nev20687919n1-nev10805465n11">
<ptxt id="nev20687919n1-nev10805465n13">Catch plate</ptxt>
</entry>
</row>
<row id="nev20687919n1-nev10805465n15">
<entry colname="col1" id="nev20687919n1-nev10805465n17">
<ptxt id="nev20687919n1-nev10805465n19">6</ptxt>
</entry>
<entry colname="col2" id="nev20687919n1-nev10805465n21">
<ptxt id="nev20687919n1-nev10805465n23">Gearshift gate pin</ptxt>
</entry>
<entry colname="col3" id="nev20687919n1-nev10805465n25">
<ptxt id="nev20687919n1-nev10805465n27">15</ptxt>
</entry>
<entry colname="col4" id="nev20687919n1-nev10805465n29">
<ptxt id="nev20687919n1-nev10805465n31">Carrier plate</ptxt>
</entry>
</row>
<row id="nev20687919n1-nev10805465n33">
<entry colname="col1" id="nev20687919n1-nev10805465n35">
<ptxt id="nev20687919n1-nev10805465n37">7</ptxt>
</entry>
<entry colname="col2" id="nev20687919n1-nev10805465n39">
<ptxt id="nev20687919n1-nev10805465n41">Lower gear selector</ptxt>
</entry>
<entry colname="col3" id="nev20687919n1-nev10805465n43">
<ptxt id="nev20687919n1-nev10805465n45">16</ptxt>
</entry>
<entry colname="col4" id="nev20687919n1-nev10805465n47">
<ptxt id="nev20687919n1-nev10805465n49">Bleed cap</ptxt>
</entry>
</row>
<row id="nev20687919n1-nev10805465n51">
<entry colname="col1" id="nev20687919n1-nev10805465n53">
<ptxt id="nev20687919n1-nev10805465n55">8</ptxt>
</entry>
<entry colname="col2" id="nev20687919n1-nev10805465n57">
<ptxt id="nev20687919n1-nev10805465n59">Gear selector rod</ptxt>
</entry>
<entry colname="col3" id="nev20687919n1-nev10805465n61">
<ptxt id="nev20687919n1-nev10805465n63">17</ptxt>
</entry>
<entry colname="col4" id="nev20687919n1-nev10805465n65">
<ptxt id="nev20687919n1-nev10805465n67">Ball limiter fo#@#@#10#ector</ptxt>
</entry>
</row>
<row id="nev20687919n1-nev10857637n102">
<entry id="nev20687919n1-nev10857637n142">
<ptxt id="nev20687919n1-nev10857637n182">9</ptxt>
</entry>
<entry id="nev20687919n1-nev10857637n183">
<ptxt id="nev20687919n1-nev10857637n223">Upper gear selector</ptxt>
</entry>
<entry id="nev20687919n1-nev10857637n224"/>
<entry id="nev20687919n1-nev10857656n15">
<ptxt id="nev20687919n1-nev10857656n55"/>
</entry>
</row>
</tbody>
</tgroup>
</table>
<para id="nev20687919n1-nev10805465n69">
<ptxt id="nev20687919n1-nev10805465n71">The gear select#@#@#333#ing. </ptxt>
</para>
<para id="nev20687919n1-nev10805465n73">
<ptxt id="nev20687919n1-nev10805465n75">Back-up (revers#@#@#99# 4th.</ptxt>
</para>
<para id="nev20687919n1-nev10805465n77">
<ptxt id="nev20687919n1-nev10805465n79">The back-up (re#@#@#190#CEM).</ptxt>
</para>
<para id="nev20687919n1-nev10805465n81">
<ptxt id="nev20687919n1-nev10805465n83">The gear select#@#@#97#aced.</ptxt>
</para>
<para id="nev20687919n1-nev10805465n86">
<ptxt id="nev20687919n1-nev10805465n88">4 gear selector#@#@#73#eeve.</ptxt>
</para>
</topic>
<topic id="nev20687919n1-nev10805277n8">
<title id="nev20687919n1-nev10805465n90">Gear selector a#@#@#37#ables</title>
<grate id="nev20687919n1-nev10805465n92" pgwide="1">
<graphic id="nev20687919n1-nev10863019n70">
<href>0900c8af827bbf1#@#@#11#.jpeg</href>
</graphic>
</grate>
<list1 enumtype="n" id="nev20687919n1-nev10805465n98">
<item id="nev20687919n1-nev10805465n100">
<ptxt id="nev20687919n1-nev10805465n102">Locking the adj#@#@#51#ravel</ptxt>
</item>
<item id="nev20687919n1-nev10805465n104">
<ptxt id="nev20687919n1-nev10805465n106">Solenoid</ptxt>
</item>
<item id="nev20687919n1-nev10805465n108">
<ptxt id="nev20687919n1-nev10805465n110">Gear selector a#@#@#2#embly</ptxt>
</item>
<item id="nev20687919n1-nev10805465n112">
<ptxt id="nev20687919n1-nev10805465n114">Mechanical cables</ptxt>
</item>
<item id="nev20687919n1-nev10805465n116">
<ptxt id="nev20687919n1-nev10805465n118">Mechanical cabl#@#@#6#cket.</ptxt>
</item>
</list1>
<para id="nev20687919n1-nev10805465n120">
<ptxt id="nev20687919n1-nev10805465n122">The mechanical #@#@#132#aced.</ptxt>
</para>
<para id="nev20687919n1-nev10805465n124">
<ptxt id="nev20687919n1-nev10805465n126">The cable sleev#@#@#104#sion.</ptxt>
</para>
<para id="nev20687919n1-nev10805465n128">
<ptxt id="nev20687919n1-nev10805465n130">The mechanical #@#@#144# (1).</ptxt>
</para>
<para id="nev20687919n1-nev10805465n132">
<ptxt id="nev20687919n1-nev10805465n134">The gear select#@#@#78#ion).</ptxt>
</para>
<para id="nev20687919n1-nev10805465n136">
<ptxt id="nev20687919n1-nev10805465n138">The gear select#@#@#91#ever.</ptxt>
</para>
</topic>
<topic id="nev20687919n1-nev10805277n10">
<title id="nev20687919n1-nev10805465n140">Back-up (revers#@#@#7#bitor</title>
<para id="nev20687919n1-nev10805465n142">
<ptxt id="nev20687919n1-nev11284199n162">The shift lever#@#@#85#itor.</ptxt>
</para>
<para id="nev20687919n1-nev10805465n146">
<ptxt id="nev20687919n1-nev10805465n148">There is an ele#@#@#125#aced.</ptxt>
</para>
</topic>
<topic id="nev20687919n1-nev10805278n1">
<title id="nev20687919n1-nev10805465n150">Differential</title>
<grate id="nev20687919n1-nev10805465n152" pgwide="1">
<graphic id="nev20687919n1-nev10805278n2">
<href>0900c8af80cc938#@#@#9#.jpeg</href>
</graphic>
</grate>
<para id="nev20687919n1-nev10805465n158">
<ptxt id="nev20687919n1-nev11284213n85">The differentia#@#@#108#eeds.</ptxt>
</para>
<para id="nev20687919n1-nev10805465n162">
<ptxt id="nev20687919n1-nev10805465n164">The differentia#@#@#97#hers.</ptxt>
</para>
<para id="nev20687919n1-nev10841156n68">
<title id="nev20687919n1-nev10841156n148">Applies to AWD</title>
<ptxt id="nev20687919n1-nev10841156n69">On the M66 AWD #@#@#54#tial.</ptxt>
</para>
</topic>
<topic id="nev20687919n1-nev10805278n3">
<title id="nev20687919n1-nev10805465n166">Synchronization</title>
<para id="nev20687919n1-nev10805465n168">
<ptxt id="nev20687919n1-nev10805465n170">The synchronizi#@#@#139#h it.</ptxt>
</para>
<para id="nev20687919n1-nev10805465n172">
<ptxt id="nev20687919n1-nev11284213n198">There are idler#@#@#262#heel.</ptxt>
</para>
<para id="nev20687919n1-nev10805465n176">
<ptxt id="nev20687919n1-nev10805465n178">The synchronizi#@#@#64#lows:</ptxt>
</para>
<list1 id="nev20687919n1-nev10805465n180">
<item id="nev20687919n1-nev10805465n182">
<ptxt id="nev20687919n1-nev10805465n184">The synchronizi#@#@#60# 5-6 </ptxt>
</item>
<item id="nev20687919n1-nev10805465n186">
<ptxt id="nev20687919n1-nev10805465n188">The synchronizi#@#@#54#t 3-4</ptxt>
</item>
<item id="nev20687919n1-nev10805465n190">
<ptxt id="nev20687919n1-nev10805465n192">5th-6th the syn#@#@#33#haft </ptxt>
</item>
<item id="nev20687919n1-nev10805465n194">
<ptxt id="nev20687919n1-nev10805465n196">the synchronizi#@#@#64#haft.</ptxt>
</item>
</list1>
<para id="nev20687919n1-nev10805465n198">
<ptxt id="nev20687919n1-nev10805465n200">The synchronizi#@#@#148#sion.</ptxt>
</para>
<para id="nev20687919n1-nev10805465n202">
<ptxt id="nev20687919n1-nev10805465n204">The idler wheel#@#@#121#ead. </ptxt>
</para>
<para id="nev20687919n1-nev10805465n206">
<ptxt id="nev20687919n1-nev10805465n208">The synchronize#@#@#140# kit.</ptxt>
</para>
<grate id="nev20687919n1-nev10805465n210">
<graphic id="nev20687919n1-nev10805278n4">
<href>0900c8af80cc937#@#@#9#.jpeg</href>
</graphic>
<graphtext id="nev20687919n1-nev10805465n216">
<para id="nev20687919n1-nev10805465n218">
<ptxt id="nev20687919n1-nev10805465n220">
<emph id="nev20687919n1-nev10805465n222">Single synchron#@#@#2#ation</emph>, which has one#@#@#20#s on:</ptxt>
</para>
<list1 id="nev20687919n1-nev10805465n224">
<item id="nev20687919n1-nev10805465n226">
<ptxt id="nev20687919n1-nev10805465n228">back-up (revers#@#@#2# gear</ptxt>
</item>
<item id="nev20687919n1-nev10805465n230">
<ptxt id="nev20687919n1-nev10805465n232">4th gear</ptxt>
</item>
<item id="nev20687919n1-nev10805465n234">
<ptxt id="nev20687919n1-nev10805465n236">5th gear</ptxt>
</item>
<item id="nev20687919n1-nev10805465n238">
<ptxt id="nev20687919n1-nev10805465n240">6th gear.</ptxt>
</item>
</list1>
<para id="nev20687919n1-nev10805465n242">
<ptxt id="nev20687919n1-nev10805465n244">The outer ring #@#@#150#rass.</ptxt>
</para>
</graphtext>
</grate>
<grate id="nev20687919n1-nev10805465n246">
<graphic id="nev20687919n1-nev10805278n5">
<href>0900c8af80cc937#@#@#9#.jpeg</href>
</graphic>
<graphtext id="nev20687919n1-nev10805466n2">
<para id="nev20687919n1-nev10805466n4">
<ptxt id="nev20687919n1-nev10805466n6">
<emph id="nev20687919n1-nev10805466n8">Double synchron#@#@#2#ation</emph>, two friction #@#@#11#s on:</ptxt>
</para>
<list1 id="nev20687919n1-nev10805466n10">
<item id="nev20687919n1-nev10805466n12">
<ptxt id="nev20687919n1-nev10805466n14">3rd gear.</ptxt>
</item>
</list1>
<para id="nev20687919n1-nev10805466n16">
<ptxt id="nev20687919n1-nev10805466n18">The outer ring #@#@#189#eel. </ptxt>
</para>
</graphtext>
</grate>
<grate id="nev20687919n1-nev10805466n20">
<graphic id="nev20687919n1-nev10805278n6">
<href>0900c8af80cc937#@#@#9#.jpeg</href>
</graphic>
<graphtext id="nev20687919n1-nev10805466n26">
<para id="nev20687919n1-nev10805466n28">
<ptxt id="nev20687919n1-nev10805466n30">
<emph id="nev20687919n1-nev10805466n32">Triple synchron#@#@#2#ation</emph>, three frictio#@#@#14# on: </ptxt>
</para>
<list1 id="nev20687919n1-nev10805466n34">
<item id="nev20687919n1-nev10805466n36">
<ptxt id="nev20687919n1-nev10805466n38">1st gear</ptxt>
</item>
<item id="nev20687919n1-nev10805466n40">
<ptxt id="nev20687919n1-nev10805466n42">2nd gear.</ptxt>
</item>
</list1>
<para id="nev20687919n1-nev10805466n44">
<ptxt id="nev20687919n1-nev11284216n129">The outer ring #@#@#323#heel.</ptxt>
</para>
</graphtext>
</grate>
</topic>
<topic id="nev20687919n1-nev10840794n97">
<title id="nev20687919n1-nev10840794n98">Clutch, general</title>
<grate id="nev20687919n1-nev10840794n99" pgwide="1">
<graphic id="nev20687919n1-nev10840794n100">
<href>0900c8af8005b8a#@#@#9#.jpeg</href>
</graphic>
</grate>
<para id="nev20687919n1-nev10840794n104">
<ptxt id="nev20687919n1-nev10840794n105">The main task o#@#@#200#rain.</ptxt>
</para>
<para id="nev20687919n1-nev10840794n106">
<ptxt id="nev20687919n1-nev10840794n107">The clutch is l#@#@#231#eels.</ptxt>
</para>
<para id="nev20687919n1-nev10840794n108">
<ptxt id="nev20687919n1-nev10840794n109">The clutch is a#@#@#102#ion. </ptxt>
</para>
<para id="nev20687919n1-nev10840794n110">
<ptxt id="nev20687919n1-nev10840794n111">On vehicles wit#@#@#84#rces.</ptxt>
</para>
</topic>
<topic id="nev20687919n1-nev10840794n112">
<title id="nev20687919n1-nev10840794n113">Hydraulic clutc#@#@#51#(CSC)</title>
<grate id="nev20687919n1-nev10840794n114" pgwide="1">
<graphic id="nev20687919n1-nev10840794n115">
<href>0900c8af80a53bb#@#@#9#.jpeg</href>
</graphic>
</grate>
<para id="nev20687919n1-nev10840794n119">
<ptxt id="nev20687919n1-nev10840794n120">The clutch cont#@#@#172#der. </ptxt>
</para>
<para id="nev20687919n1-nev10840794n121">
<ptxt id="nev20687919n1-nev10840794n122">The concentric #@#@#86#ring.</ptxt>
</para>
<para id="nev20687919n1-nev10840794n123">
<ptxt id="nev20687919n1-nev10840794n124">The concentric #@#@#100#ered.</ptxt>
</para>
<para id="nev20687919n1-nev10840794n125">
<ptxt id="nev20687919n1-nev11284216n250">The unit is mou#@#@#172# fan.</ptxt>
</para>
<para id="nev20687919n1-nev10840794n127">
<ptxt id="nev20687919n1-nev10840794n128">The hydraulic l#@#@#131#pter.</ptxt>
</para>
<para id="nev20687919n1-nev10840794n129">
<ptxt id="nev20687919n1-nev10840794n130">There are ratio#@#@#68#rque:</ptxt>
</para>
<list1 enumtype="d" id="nev20687919n1-nev10840794n131" type="unordered">
<item id="nev20687919n1-nev10840794n132">
<ptxt id="nev20687919n1-nev10840794n133">pedal effort</ptxt>
</item>
<item id="nev20687919n1-nev10840794n134">
<ptxt id="nev20687919n1-nev10840794n135">hydraulic force</ptxt>
</item>
<item id="nev20687919n1-nev10840794n136">
<ptxt id="nev20687919n1-nev10840794n137">clutch finger force.</ptxt>
</item>
</list1>
<para id="nev20687919n1-nev10840794n138">
<ptxt id="nev20687919n1-nev10840794n139">The force is re#@#@#77#edal.</ptxt>
</para>
<para id="nev20687919n1-nev10840794n140">
<ptxt id="nev20687919n1-nev10840794n141">If the clutch p#@#@#344#nder.</ptxt>
</para>
</topic>
<topic id="nev20687919n1-nev10857723n63">
<title id="nev20687919n1-nev10857723n64">Shock load limiter</title>
<grate id="nev20687919n1-nev10857723n111" pgwide="1">
<graphic id="nev20687919n1-nev10857723n112">
<href>0900c8af80ce0f5#@#@#9#.jpeg</href>
</graphic>
</grate>
<para id="nev20687919n1-nev10857723n236">
<ptxt id="nev20687919n1-nev10857723n237">In vehicles wit#@#@#159#line.</ptxt>
<ptxt id="nev20687919n1-nev11284224n117">In the event of#@#@#179#iter.</ptxt>
</para>
</topic>
<topic id="nev20687919n1-nev10840794n144">
<title id="nev20687919n1-nev10840794n145">Self-adjusting #@#@#7#(SAC)</title>
<grate id="nev20687919n1-nev10840794n146" pgwide="1">
<graphic id="nev20687919n1-nev10840794n147">
<href>0900c8af8073138#@#@#9#.jpeg</href>
</graphic>
</grate>
<para id="nev20687919n1-nev10840794n151">
<ptxt id="nev20687919n1-nev10840794n152">A self-adjustin#@#@#150#uces.</ptxt>
<ptxt id="nev20687919n1-nev10840794n153">This considerab#@#@#129#icle.</ptxt>
</para>
<para id="nev20687919n1-nev10840794n154">
<ptxt id="nev20687919n1-nev10840794n155">A self-adjustin#@#@#310#cle. </ptxt>
</para>
<para id="nev20687919n1-nev10840794n156">
<ptxt id="nev20687919n1-nev10840794n157">The pressure pl#@#@#236#tch. </ptxt>
</para>
<para id="nev20687919n1-nev10840794n158">
<ptxt id="nev20687919n1-nev10840794n159">The fact that t#@#@#64#ages:</ptxt>
</para>
<list1 enumtype="d" id="nev20687919n1-nev10840794n160" type="unordered">
<item id="nev20687919n1-nev10840794n161">
<ptxt id="nev20687919n1-nev10840794n162">increased wear #@#@#3#acity</ptxt>
</item>
<item id="nev20687919n1-nev10840794n163">
<ptxt id="nev20687919n1-nev10840794n164">the clutch cove#@#@#93#ring.</ptxt>
</item>
</list1>
</topic>
<topic id="nev20687919n1-nev10840794n165">
<title id="nev20687919n1-nev10840794n166">Clutch driven plate</title>
<grate id="nev20687919n1-nev10840794n167" pgwide="1">
<graphic id="nev20687919n1-nev10840794n168">
<href>0900c8af8005b8f#@#@#9#.jpeg</href>
</graphic>
</grate>
<para id="nev20687919n1-nev10840794n172">
<ptxt id="nev20687919n1-nev10840794n173">The clutch driv#@#@#92#sion.</ptxt>
</para>
<para id="nev20687919n1-nev10840794n174">
<ptxt id="nev20687919n1-nev10840794n175">The clutch driv#@#@#114#eel. </ptxt>
</para>
<para id="nev20687919n1-nev10840794n176">
<ptxt id="nev20687919n1-nev10840794n177">The clutch driv#@#@#194#ier. </ptxt>
</para>
<para id="nev20687919n1-nev10840794n178">
<ptxt id="nev20687919n1-nev10840794n179">When replacing #@#@#102#utch.</ptxt>
</para>
</topic>
<topic id="nev20687919n1-nev10840794n180">
<title id="nev20687919n1-nev10840794n181">Dual mass flywheel</title>
<grate id="nev20687919n1-nev10840794n182" pgwide="1">
<graphic id="nev20687919n1-nev10840794n183">
<href>0900c8af807313b#@#@#9#.jpeg</href>
</graphic>
</grate>
<para id="nev20687919n1-nev10840794n187">
<ptxt id="nev20687919n1-nev10840794n188">The dual mass f#@#@#65#ity. </ptxt>
</para>
<para id="nev20687919n1-nev10840794n189">
<ptxt id="nev20687919n1-nev10840794n190">The dual mass f#@#@#146#ower.</ptxt>
</para>
<para id="nev20687919n1-nev10840794n191">
<ptxt id="nev20687919n1-nev11284224n242">The components #@#@#272#heel.</ptxt>
</para>
</topic>
</servinfosub>