<?xml version="1.0" encoding="UTF-8"?><servinfosub IE-ID="en-US0900c8af80cdf714" docno="VCC-155024" id="KC02742734" xml:lang="en-US">
<title>Verifying repairs</title>
<topic>
<title>General</title>
<para>
<ptxt>After carrying #@#@#475#pair.</ptxt>
</para>
</topic>
<topic>
<title>Conditions</title>
<list1 enumtype="d" type="unordered">
<item>
<ptxt>If the engine c#@#@#107#d out</ptxt>
</item>
<item>
<ptxt>If the vehicle #@#@#153#ion. <xref>
<ref id="KC08961982"/>
</xref>
</ptxt>
</item>
<item>
<ptxt>The test must t#@#@#104# road</ptxt>
</item>
<item>
<ptxt>The air conditi#@#@#122#speed</ptxt>
</item>
<item>
<ptxt>Ensure that the#@#@#88#iving</ptxt>
</item>
<item>
<ptxt>Start the engin#@#@#39#below</ptxt>
</item>
<item>
<ptxt>Some equipment,#@#@#143#sent.</ptxt>
</item>
</list1>
</topic>
<topic>
<title>Driving schedule</title>
<list1 enumtype="d" type="unordered">
<item>
<ptxt>Start the engine</ptxt>
</item>
<item>
<ptxt>Shift gear sele#@#@#8#drive</ptxt>
</item>
<item>
<ptxt>Accelerate gent#@#@#14#0 rpm</ptxt>
</item>
<item>
<ptxt>Drive for 5 min#@#@#16#0 rpm</ptxt>
</item>
<item>
<ptxt>Run the engine #@#@#23#conds</ptxt>
</item>
<item>
<ptxt>Drive engaged, #@#@#21#) off</ptxt>
</item>
<item>
<ptxt>Drive for 6 min#@#@#16#0 rpm</ptxt>
</item>
<item>
<ptxt>Run the engine #@#@#23#conds</ptxt>
</item>
<item>
<ptxt>Drive engaged, #@#@#30#d off</ptxt>
</item>
<item>
<ptxt>air conditionin#@#@#6#) off</ptxt>
</item>
<item>
<ptxt>Drive for 5 min#@#@#16#0 rpm</ptxt>
</item>
<item>
<ptxt>Run the engine #@#@#23#conds</ptxt>
</item>
<item>
<ptxt>Drive for 5 min#@#@#16#0 rpm</ptxt>
</item>
<item>
<ptxt>Engine brake fr#@#@#45#imes.</ptxt>
<note>
<ptxt>Do not use the #@#@#40#king.</ptxt>
</note>
</item>
<item>
<ptxt>Press the accel#@#@#38#imes.</ptxt>
</item>
</list1>
<list1>
<item>
<ptxt>The above drivi#@#@#64#stic.</ptxt>
</item>
</list1>
<hint>
<ptxt>In order to car#@#@#109#only.</ptxt>
</hint>
</topic>
</servinfosub>