<?xml version="1.0" encoding="UTF-8"?><servinfosub IE-ID="en-US0900c8af88428714" docno="VCC-471337" id="nev21143910n1" original="sv-SE" servinfosubId="nev21143911n1-nev24128048n1" servinfosubRes="0900c8af8843ff7a" servinfosubRes2="urn:x-nevis:fragment:0900c8af88428714:0900c8af8843ff7a#nev24128048n1" xml:lang="en-US">
<operationnumbers>
<operationnumber>21830-2</operationnumber>
</operationnumbers>
<title id="nev21143910n2">Front subframe,#@#@#12#ition</title>
<toolitemtable id="nev21143911n1-nev30507927n57">
<table id="nev21143911n1-nev30507927n56">
<tgroup cols="2" id="nev21143911n1-nev30507927n55">
<colspec colname="COLSPEC0" colwidth="1.00*" id="nev21143911n1-nev30507927n54"/>
<colspec colname="COLSPEC1" colwidth="1.00*" id="nev21143911n1-nev30507927n53"/>
<thead id="nev21143911n1-nev30507927n52">
<row id="nev21143911n1-nev30507927n51">
<entry id="nev21143911n1-nev30507927n50" nameend="COLSPEC1" namest="COLSPEC0" valign="top">
<ptxt id="nev21143911n1-nev30507927n49">
<emph id="nev21143911n1-nev30507927n48">Special tools</emph>
</ptxt>
</entry>
</row>
</thead>
<tbody id="nev21143911n1-nev30507927n47">
<row id="nev21143911n1-nev30507927n46">
<entry id="nev21143911n1-nev30507927n45">
<graphic id="nev21143911n1-nev30507927n44">
<href>0900c8af800549e#@#@#9#.jpeg</href>
</graphic>
</entry>
<entry id="nev21143911n1-nev30507927n43">
<ptxt id="nev21143911n1-nev30507927n42">
<emph id="nev21143911n1-nev30507927n41">951 2923 Hydrau#@#@#12#inder</emph>
</ptxt>
<ptxt id="nev21143911n1-nev30507927n39">
<emph id="nev21143911n1-nev30507927n38">Tool number:</emph>951 2923</ptxt>
<ptxt id="nev21143911n1-nev30507927n37">
<emph id="nev21143911n1-nev30507927n36">Tool description:</emph>Hydraulic hole #@#@#3#inder</ptxt>
<ptxt id="nev21143911n1-nev30507927n34">
<emph id="nev21143911n1-nev30507927n33">Tool boards:</emph>65</ptxt>
</entry>
</row>
<row id="nev21143911n1-nev30507927n32">
<entry id="nev21143911n1-nev30507927n31">
<graphic id="nev21143911n1-nev30507927n30">
<href>0900c8af8762b56#@#@#9#.jpeg</href>
</graphic>
</entry>
<entry id="nev21143911n1-nev30507927n29">
<ptxt id="nev21143911n1-nev30507927n28">
<emph id="nev21143911n1-nev30507927n27">999 7622 Puller</emph>
</ptxt>
<ptxt id="nev21143911n1-nev30507927n25">
<emph id="nev21143911n1-nev30507927n24">Tool number:</emph>999 7622</ptxt>
<ptxt id="nev21143911n1-nev30507927n23">
<emph id="nev21143911n1-nev30507927n22">Tool description:</emph>Puller</ptxt>
<ptxt id="nev21143911n1-nev30507927n20">
<emph id="nev21143911n1-nev30507927n19">Tool boards:</emph>64</ptxt>
</entry>
</row>
<row id="nev21143911n1-nev30507927n18">
<entry id="nev21143911n1-nev30507927n17">
<graphic id="nev21143911n1-nev30507927n16">
<href>0900c8af881adf0#@#@#9#.jpeg</href>
</graphic>
</entry>
<entry id="nev21143911n1-nev30507927n15">
<ptxt id="nev21143911n1-nev30507927n14">
<emph id="nev21143911n1-nev30507927n13">999 7683 Locati#@#@#1#g pin</emph>
</ptxt>
<ptxt id="nev21143911n1-nev30507927n11">
<emph id="nev21143911n1-nev30507927n10">Tool number:</emph>999 7683</ptxt>
<ptxt id="nev21143911n1-nev30507927n9">
<emph id="nev21143911n1-nev30507927n8">Tool description:</emph>Locating pin</ptxt>
<ptxt id="nev21143911n1-nev30507927n6">
<emph id="nev21143911n1-nev30507927n5">Tool boards:</emph>21</ptxt>
</entry>
</row>
<row id="nev21143911n1-nev30507927n4">
<entry id="nev21143911n1-nev30507927n3">
<graphic id="nev21143911n1-nev30507927n2">
<href>0900c8af869f154#@#@#9#.jpeg</href>
</graphic>
</entry>
<entry id="nev21143911n1-nev30507927n1">
<ptxt id="nev21143911n1-nev30507928n100">
<emph id="nev21143911n1-nev30507928n99">999 7536 Locati#@#@#1#g pin</emph>
</ptxt>
<ptxt id="nev21143911n1-nev30507928n97">
<emph id="nev21143911n1-nev30507928n96">Tool number:</emph>999 7536</ptxt>
<ptxt id="nev21143911n1-nev30507928n95">
<emph id="nev21143911n1-nev30507928n94">Tool description:</emph>Locating pin</ptxt>
<ptxt id="nev21143911n1-nev30507928n92">
<emph id="nev21143911n1-nev30507928n91">Tool boards:</emph>21</ptxt>
</entry>
</row>
<row id="nev21143911n1-nev30507928n90">
<entry id="nev21143911n1-nev30507928n89">
<graphic id="nev21143911n1-nev30507928n88">
<href>0900c8af8044532#@#@#9#.jpeg</href>
</graphic>
</entry>
<entry id="nev21143911n1-nev30507928n87">
<ptxt id="nev21143911n1-nev30507928n86">
<emph id="nev21143911n1-nev30507928n85">951 2951 Liftin#@#@#6#pment</emph>
</ptxt>
<ptxt id="nev21143911n1-nev30507928n83">
<emph id="nev21143911n1-nev30507928n82">Tool number:</emph>951 2951</ptxt>
<ptxt id="nev21143911n1-nev30507928n81">
<emph id="nev21143911n1-nev30507928n80">Tool description:</emph>Lifting equipment</ptxt>
<ptxt id="nev21143911n1-nev30507928n78">
<emph id="nev21143911n1-nev30507928n77">Tool boards:</emph>
</ptxt>
</entry>
</row>
</tbody>
</tgroup>
</table>
</toolitemtable>
<materialtable id="nev21143911n1-nev30507928n76">
<table id="nev21143911n1-nev30507928n75">
<tgroup cols="2" id="nev21143911n1-nev30507928n74">
<colspec colname="COLSPEC0" colwidth="1.00*" id="nev21143911n1-nev30507928n73"/>
<colspec colname="COLSPEC1" colwidth="1.00*" id="nev21143911n1-nev30507928n72"/>
<thead id="nev21143911n1-nev30507928n71">
<row id="nev21143911n1-nev30507928n70">
<entry id="nev21143911n1-nev30507928n69" nameend="COLSPEC1" namest="COLSPEC0" valign="top">
<ptxt id="nev21143911n1-nev30507928n68">
<emph id="nev21143911n1-nev30507928n67">Materials</emph>
</ptxt>
</entry>
</row>
</thead>
<tbody id="nev21143911n1-nev30507928n66">
<row id="nev21143911n1-nev30507928n65">
<entry id="nev21143911n1-nev30507928n64">
<ptxt id="nev21143911n1-nev30507928n63">
<emph id="nev21143911n1-nev30507928n62">Designation</emph>
</ptxt>
</entry>
<entry id="nev21143911n1-nev30507928n61">
<ptxt id="nev21143911n1-nev30507928n60">
<emph id="nev21143911n1-nev30507928n59">Part number</emph>
</ptxt>
</entry>
</row>
<row id="nev21143911n1-nev30507928n58">
<entry id="nev21143911n1-nev30507928n57">
<ptxt id="nev21143911n1-nev30507928n56">Strip clamp</ptxt>
</entry>
<entry id="nev21143911n1-nev30507928n54">
<ptxt id="nev21143911n1-nev30507928n53">983750</ptxt>
</entry>
</row>
<row id="nev21143911n1-nev30507928n52">
<entry id="nev21143911n1-nev30507928n51">
<ptxt id="nev21143911n1-nev30507928n50">Cable tie, 750 mm</ptxt>
</entry>
<entry id="nev21143911n1-nev30507928n48">
<ptxt id="nev21143911n1-nev30507928n47">988734</ptxt>
</entry>
</row>
</tbody>
</tgroup>
</table>
</materialtable>
<procedure id="nev21143911n1-nev24636690n2">
<stepgrp boilerplate="false" context="" id="nev21143911n1-nev30506579n28">
<title id="nev21143911n1-0800c8af844a46f6">Removal</title>
<procstep id="nev21143911n1-nev24636690n5">
<note id="nev21143911n1-0800c8af844a42fa">
<ptxt>Removal steps i#@#@#45#ails.</ptxt>
</note>
</procstep>
<procstep id="nev21143911n1-nev24636690n8">
<grate id="nev21143911n1-nev30506579n26">
<graphic id="nev21143911n1-nev30506579n27">
<href>0900c8af866f0c7#@#@#9#.jpeg</href>
</graphic>
<graphtext id="nev21143911n1-nev30507951n1">
<para id="nev21143911n1-nev30506579n24">
<ptxt id="nev21143911n1-nev30506579n25">Fold the carpet#@#@#2#side.</ptxt>
</para>
</graphtext>
</grate>
</procstep>
<procstep id="nev21143911n1-nev24636691n5">
<grate id="nev21143911n1-nev30506579n22">
<graphic id="nev21143911n1-nev30506579n23">
<href>0900c8af866f0c5#@#@#9#.jpeg</href>
</graphic>
<graphtext id="nev21143911n1-nev30507955n1">
<note id="nev21143911n1-0800c8af844a4395">
<ptxt>Make sure that #@#@#46#tion.</ptxt>
</note>
<para id="nev21143911n1-nev30506579n20">
<ptxt id="nev21143911n1-nev30506579n21">Remove the screw.</ptxt>
</para>
<para id="nev21143911n1-nev30506579n18">
<ptxt id="nev21143911n1-nev30506579n19">Lift the marked#@#@#8#nt up</ptxt>
</para>
<para id="nev21143911n1-nev30506579n16">
<ptxt id="nev21143911n1-nev30506579n17">
<torque id="nev21143911n1-nev24636692n8">
<ref id="nev21143911n1-nev24636692n9"/>
</torque>
</ptxt>
</para>
</graphtext>
</grate>
</procstep>
<procstep id="nev21143911n1-nev24636692n10">
<grate id="nev21143911n1-nev30506579n14">
<graphic id="nev21143911n1-nev30506579n15">
<href>0900c8af8700323#@#@#9#.jpeg</href>
</graphic>
<graphtext id="nev21143911n1-nev30507962n1">
<para id="nev21143911n1-nev30506579n12">
<ptxt id="nev21143911n1-nev30506579n13">Release the catches.</ptxt>
</para>
<para id="nev21143911n1-nev30506579n10">
<ptxt id="nev21143911n1-nev30506579n11">
<material id="nev21143911n1-nev24636693n9" materialid="983750" materialname="Strip clamp" quantity="0.0" showInProcStep="true"/>
</ptxt>
</para>
</graphtext>
</grate>
</procstep>
<procstep id="nev21143911n1-nev24638183n36">
<para id="nev21143911n1-nev30506579n8">
<ptxt id="nev21143911n1-nev30506579n9">Remove casing b#@#@#6#front<xref boilerplate="true" id="nev21143911n1-0800c8af8450837d">
<ref id="nev21143911n1-nev24638187n42"/>
</xref>
</ptxt>
</para>
</procstep>
<procstep id="nev21143911n1-nev24636697n7">
<grate id="nev21143911n1-nev30506579n6">
<graphic id="nev21143911n1-nev30506579n7">
<href>0900c8af86578df#@#@#9#.jpeg</href>
</graphic>
<graphtext id="nev21143911n1-nev30507972n1">
<note id="nev21143911n1-0800c8af85b47f49">
<ptxt>Orientation view</ptxt>
</note>
</graphtext>
</grate>
</procstep>
<procstep id="nev21143911n1-nev24636698n4">
<grate id="nev21143911n1-nev30506579n4">
<graphic id="nev21143911n1-nev30506579n5">
<href>0900c8af86576e7#@#@#9#.jpeg</href>
</graphic>
<graphtext id="nev21143911n1-nev30507976n1">
<para id="nev21143911n1-nev30506579n2">
<ptxt id="nev21143911n1-nev30506579n3">Use a cable tie</ptxt>
</para>
<para id="nev21143911n1-nev30507925n100">
<ptxt id="nev21143911n1-nev30506579n1">
<material id="nev21143911n1-nev30458832n100" materialid="988734" materialname="Cable tie, 750 mm" quantity="0.0" showInProcStep="true"/>
</ptxt>
</para>
</graphtext>
</grate>
</procstep>
<procstep id="nev21143911n1-nev24636699n1">
<grate id="nev21143911n1-nev30507925n98">
<graphic id="nev21143911n1-nev30507925n99">
<href>0900c8af86576e6#@#@#9#.jpeg</href>
</graphic>
<graphtext id="nev21143911n1-nev30507983n1">
<para id="nev21143911n1-nev30507925n96">
<ptxt id="nev21143911n1-nev30507925n97">Use a cable tie</ptxt>
</para>
<para id="nev21143911n1-nev30507925n94">
<ptxt id="nev21143911n1-nev30507925n95">
<material id="nev21143911n1-nev30458832n93" materialid="988734" materialname="Cable tie, 750 mm" quantity="0.0" showInProcStep="true"/>
</ptxt>
</para>
</graphtext>
</grate>
</procstep>
<procstep id="nev21143911n1-nev30458832n90">
<grate id="nev21143911n1-nev30507925n92">
<graphic id="nev21143911n1-nev30507925n93">
<href>0900c8af8840059#@#@#9#.jpeg</href>
</graphic>
<graphtext id="nev21143911n1-nev30507990n1">
<para id="nev21143911n1-nev30507925n90">
<ptxt id="nev21143911n1-nev30507925n91">Remove the screws.</ptxt>
</para>
<para id="nev21143911n1-nev30507925n88">
<ptxt id="nev21143911n1-nev30507925n89">Remove the clip.</ptxt>
</para>
</graphtext>
</grate>
</procstep>
<procstep id="nev21143911n1-nev30458832n83">
<grate id="nev21143911n1-nev30507925n86">
<graphic id="nev21143911n1-nev30507925n87">
<href>0900c8af880bb3f#@#@#9#.jpeg</href>
</graphic>
<graphtext id="nev21143911n1-nev30507994n1">
<para id="nev21143911n1-nev30507925n84">
<ptxt id="nev21143911n1-nev30507925n85">Remove the nuts.</ptxt>
</para>
</graphtext>
</grate>
</procstep>
<procstep id="nev21143911n1-nev30458832n78">
<grate id="nev21143911n1-nev30507925n82">
<graphic id="nev21143911n1-nev30507925n83">
<href>0900c8af880f95f#@#@#9#.jpeg</href>
</graphic>
<graphtext id="nev21143911n1-nev30507998n1">
<para id="nev21143911n1-nev30507925n80">
<ptxt id="nev21143911n1-nev30507925n81">Remove the mark#@#@#3#part.</ptxt>
</para>
</graphtext>
</grate>
</procstep>
<procstep id="nev21143911n1-nev30458832n73">
<grate id="nev21143911n1-nev30507925n78">
<graphic id="nev21143911n1-nev30507925n79">
<href>0900c8af8825842#@#@#9#.jpeg</href>
</graphic>
<graphtext id="nev21143911n1-nev30508002n1">
<para id="nev21143911n1-nev30507925n76">
<ptxt id="nev21143911n1-nev30507925n77">Remove the screw.</ptxt>
</para>
<para id="nev21143911n1-nev30507925n74">
<ptxt id="nev21143911n1-nev30507925n75">
<torque id="nev21143911n1-nev30458832n68">
<ref id="nev21143911n1-nev30458832n66"/>
</torque>
</ptxt>
</para>
</graphtext>
</grate>
</procstep>
<procstep id="nev21143911n1-nev24636703n2">
<grate id="nev21143911n1-nev30507925n72">
<graphic id="nev21143911n1-nev30507925n73">
<href>0900c8af866f0c8#@#@#9#.jpeg</href>
</graphic>
<graphtext id="nev21143911n1-nev30508009n1">
<para id="nev21143911n1-nev30507925n70">
<ptxt id="nev21143911n1-nev30507925n71">On both sides.</ptxt>
</para>
<para id="nev21143911n1-nev30507925n68">
<ptxt id="nev21143911n1-nev30507925n69">Remove the nut.</ptxt>
</para>
<para id="nev21143911n1-nev30507925n66">
<ptxt id="nev21143911n1-nev30507925n67">
<torque id="nev21143911n1-nev24636704n4">
<ref id="nev21143911n1-nev24636704n5"/>
</torque>
</ptxt>
</para>
</graphtext>
</grate>
</procstep>
<procstep id="nev21143911n1-nev28310343n50">
<grate id="nev21143911n1-nev30507925n64">
<graphic id="nev21143911n1-nev30507925n65">
<href>0900c8af87a193a#@#@#9#.jpeg</href>
</graphic>
<graphtext id="nev21143911n1-nev30508016n1">
<para id="nev21143911n1-nev30507925n62">
<ptxt id="nev21143911n1-nev30507925n63">
<toolitem boilerplate="true" id="nev21143911n1-nev28310343n46" imageid="0900c8af800549e6"/>
</ptxt>
</para>
<para id="nev21143911n1-nev30507925n60">
<ptxt id="nev21143911n1-nev30507925n61">Remove the mark#@#@#3#part.</ptxt>
</para>
</graphtext>
</grate>
</procstep>
<procstep id="nev21143911n1-nev28310343n42">
<grate id="nev21143911n1-nev30507925n58">
<graphic id="nev21143911n1-nev30507925n59">
<href>0900c8af87a1931#@#@#9#.jpeg</href>
</graphic>
<graphtext id="nev21143911n1-nev30508023n1">
<para id="nev21143911n1-nev30507925n56">
<ptxt id="nev21143911n1-nev30507925n57">
<toolitem boilerplate="true" id="nev21143911n1-nev28310343n38" imageid="0900c8af8762b563"/>
</ptxt>
</para>
</graphtext>
</grate>
</procstep>
<procstep id="nev21143911n1-nev28310343n36">
<grate id="nev21143911n1-nev30507925n54">
<graphic id="nev21143911n1-nev30507925n55">
<href>0900c8af87a953a#@#@#9#.jpeg</href>
</graphic>
<graphtext id="nev21143911n1-nev30508030n1">
<caution id="nev21143911n1-0800c8af8636bfed">
<ptxt>Make sure to pl#@#@#34#hows.</ptxt>
</caution>
</graphtext>
</grate>
</procstep>
<procstep id="nev21143911n1-nev26966323n7">
<grate id="nev21143911n1-nev30507925n52">
<graphic id="nev21143911n1-nev30507925n53">
<href>0900c8af87752d1#@#@#9#.jpeg</href>
</graphic>
<graphtext id="nev21143911n1-nev30508034n1">
<caution id="nev21143911n1-0800c8af844a4185">
<ptxt>Take extra care#@#@#19#seal.</ptxt>
</caution>
</graphtext>
</grate>
</procstep>
<procstep id="nev21143911n1-nev26966542n96">
<grate id="nev21143911n1-nev30507925n50">
<graphic id="nev21143911n1-nev30507925n51">
<href>0900c8af87752da#@#@#9#.jpeg</href>
</graphic>
<graphtext id="nev21143911n1-nev30508038n1">
<caution id="nev21143911n1-0800c8af844a40ae">
<ptxt>Only use the sp#@#@#16#tool.</ptxt>
</caution>
</graphtext>
</grate>
</procstep>
<procstep id="nev21143911n1-nev28310343n28">
<grate id="nev21143911n1-nev30507925n48">
<graphic id="nev21143911n1-nev30507925n49">
<href>0900c8af87c0f0a#@#@#9#.jpeg</href>
</graphic>
<graphtext id="nev21143911n1-nev30508042n1">
<para id="nev21143911n1-nev30507925n46">
<ptxt id="nev21143911n1-nev30507925n47">If necessary</ptxt>
</para>
<para id="nev21143911n1-nev30507925n44">
<ptxt id="nev21143911n1-nev30507925n45">
<equipment equipmentid="" equipmentname="Brass drift" id="nev21143911n1-nev28310343n23"/>
</ptxt>
</para>
</graphtext>
</grate>
</procstep>
<procstep id="nev21143911n1-nev24636705n7">
<grate id="nev21143911n1-nev30507925n42">
<graphic id="nev21143911n1-nev30507925n43">
<href>0900c8af866f0fa#@#@#9#.jpeg</href>
</graphic>
<graphtext id="nev21143911n1-nev30508049n1">
<para id="nev21143911n1-nev30507925n40">
<ptxt id="nev21143911n1-nev30507925n41">On both sides.</ptxt>
</para>
<para id="nev21143911n1-nev30507925n38">
<ptxt id="nev21143911n1-nev30507925n39">Remove the nut.</ptxt>
</para>
<para id="nev21143911n1-nev30507925n36">
<ptxt id="nev21143911n1-nev30507925n37">
<torque id="nev21143911n1-nev24638187n8">
<ref id="nev21143911n1-nev24638187n6"/>
</torque>
</ptxt>
</para>
<para id="nev21143911n1-nev30507925n34">
<ptxt id="nev21143911n1-nev30507925n35">Fold marked par#@#@#3#side.</ptxt>
</para>
</graphtext>
</grate>
</procstep>
<procstep id="nev21143911n1-nev24636707n1">
<grate id="nev21143911n1-nev30507925n32">
<graphic id="nev21143911n1-nev30507925n33">
<href>0900c8af881baff#@#@#9#.jpeg</href>
</graphic>
<graphtext id="nev21143911n1-nev30508056n1">
<para id="nev21143911n1-nev30507925n30">
<ptxt id="nev21143911n1-nev30507925n31">On both sides.</ptxt>
</para>
<para id="nev21143911n1-nev30507925n28">
<ptxt id="nev21143911n1-nev30507925n29">Remove the screw.</ptxt>
</para>
<para id="nev21143911n1-nev30507925n26">
<ptxt id="nev21143911n1-nev30507925n27">
<torque id="nev21143911n1-nev24636708n5">
<ref id="nev21143911n1-nev24636708n6"/>
</torque>
</ptxt>
</para>
</graphtext>
</grate>
</procstep>
<procstep id="nev21143911n1-nev24636708n7">
<grate id="nev21143911n1-nev30507925n24">
<graphic id="nev21143911n1-nev30507925n25">
<href>0900c8af8652274#@#@#9#.jpeg</href>
</graphic>
<graphtext id="nev21143911n1-nev30508063n1">
<para id="nev21143911n1-nev30507925n22">
<ptxt id="nev21143911n1-nev30507925n23">On both sides.</ptxt>
</para>
<para id="nev21143911n1-nev30507925n20">
<ptxt id="nev21143911n1-nev30507925n21">Lift the marked#@#@#8#nt up</ptxt>
</para>
</graphtext>
</grate>
</procstep>
<procstep id="nev21143911n1-nev24636709n4">
<grate id="nev21143911n1-nev30507925n18">
<graphic id="nev21143911n1-nev30507925n19">
<href>0900c8af86531d9#@#@#9#.jpeg</href>
</graphic>
<graphtext id="nev21143911n1-nev30508067n1">
<caution id="nev21143911n1-0800c8af8636bfed">
<ptxt>Make sure to pl#@#@#34#hows.</ptxt>
</caution>
<para id="nev21143911n1-nev30507925n16">
<ptxt id="nev21143911n1-nev30507925n17">On both sides.</ptxt>
</para>
</graphtext>
</grate>
</procstep>
<procstep id="nev21143911n1-nev24636710n3">
<grate id="nev21143911n1-nev30507925n14">
<graphic id="nev21143911n1-nev30507925n15">
<href>0900c8af871dc52#@#@#9#.jpeg</href>
</graphic>
<graphtext id="nev21143911n1-nev30508071n1">
<para id="nev21143911n1-nev30507925n12">
<ptxt id="nev21143911n1-nev30507925n13">On both sides.</ptxt>
</para>
<para id="nev21143911n1-nev30507925n10">
<ptxt id="nev21143911n1-nev30507925n11">Remove the screws.</ptxt>
</para>
<para id="nev21143911n1-nev30507925n8">
<ptxt id="nev21143911n1-nev30507925n9">
<torque id="nev21143911n1-nev30240884n38">
<ref id="nev21143911n1-nev30240884n36"/>
</torque>
</ptxt>
</para>
</graphtext>
</grate>
</procstep>
<procstep id="nev21143911n1-nev24636711n9">
<grate id="nev21143911n1-nev30507925n6">
<graphic id="nev21143911n1-nev30507925n7">
<href>0900c8af8646831#@#@#9#.jpeg</href>
</graphic>
<graphtext id="nev21143911n1-nev30508078n1">
<para id="nev21143911n1-nev30507925n4">
<ptxt id="nev21143911n1-nev30507925n5">Remove the screws.</ptxt>
</para>
<para id="nev21143911n1-nev30507925n2">
<ptxt id="nev21143911n1-nev30507925n3">Remove the clips.</ptxt>
</para>
<para id="nev21143911n1-nev30507926n100">
<ptxt id="nev21143911n1-nev30507925n1">Remove the mark#@#@#3#part.</ptxt>
</para>
</graphtext>
</grate>
</procstep>
<procstep id="nev21143911n1-nev24636713n2">
<grate id="nev21143911n1-nev30507926n98">
<graphic id="nev21143911n1-nev30507926n99">
<href>0900c8af8670ec7#@#@#9#.jpeg</href>
</graphic>
<graphtext id="nev21143911n1-nev30508082n1">
<para id="nev21143911n1-nev30507926n96">
<ptxt id="nev21143911n1-nev30507926n97">Remove the screw.</ptxt>
</para>
<para id="nev21143911n1-nev30507926n94">
<ptxt id="nev21143911n1-nev30507926n95">
<torque id="nev21143911n1-nev24636714n1">
<ref id="nev21143911n1-nev24636714n2"/>
</torque>
</ptxt>
</para>
</graphtext>
</grate>
</procstep>
<procstep id="nev21143911n1-nev24636714n3">
<grate id="nev21143911n1-nev30507926n92">
<graphic id="nev21143911n1-nev30507926n93">
<href>0900c8af8670f82#@#@#9#.jpeg</href>
</graphic>
<graphtext id="nev21143911n1-nev30508089n1">
<para id="nev21143911n1-nev30507926n90">
<ptxt id="nev21143911n1-nev30507926n91">Remove the screw.</ptxt>
</para>
<para id="nev21143911n1-nev30507926n88">
<ptxt id="nev21143911n1-nev30507926n89">
<torque id="nev21143911n1-nev24636715n2">
<ref id="nev21143911n1-nev24636715n3"/>
</torque>
</ptxt>
</para>
</graphtext>
</grate>
</procstep>
<procstep id="nev21143911n1-nev24636715n4">
<grate id="nev21143911n1-nev30507926n86">
<graphic id="nev21143911n1-nev30507926n87">
<href>0900c8af866f635#@#@#9#.jpeg</href>
</graphic>
<graphtext id="nev21143911n1-nev30508096n1">
<para id="nev21143911n1-nev30507926n84">
<ptxt id="nev21143911n1-nev30507926n85">Remove the mark#@#@#3#part.</ptxt>
</para>
</graphtext>
</grate>
</procstep>
<procstep id="nev21143911n1-nev30458833n74">
<title id="nev21143911n1-0800c8af85160454">Applies to the #@#@#10# side</title>
</procstep>
<procstep id="nev21143911n1-nev30458833n72">
<grate id="nev21143911n1-nev30507926n82">
<graphic id="nev21143911n1-nev30507926n83">
<href>0900c8af8825099#@#@#9#.jpeg</href>
</graphic>
<graphtext id="nev21143911n1-nev30508100n1">
<caution id="nev21143911n1-0800c8af880adfa8">
<ptxt>Make sure that #@#@#9#fits.</ptxt>
</caution>
<para id="nev21143911n1-nev30507926n80">
<ptxt id="nev21143911n1-nev30507926n81">
<toolitem boilerplate="true" id="nev21143911n1-nev30458833n67" imageid="0900c8af881adf0c"/>
</ptxt>
</para>
</graphtext>
</grate>
</procstep>
<procstep id="nev21143911n1-nev30458833n65">
<grate id="nev21143911n1-nev30507926n78">
<graphic id="nev21143911n1-nev30507926n79">
<href>0900c8af88254bb#@#@#9#.jpeg</href>
</graphic>
<graphtext id="nev21143911n1-nev30508107n1">
<caution id="nev21143911n1-0800c8af85d998cc">
<ptxt>Note the placin#@#@#9#tool.</ptxt>
</caution>
</graphtext>
</grate>
</procstep>
<procstep id="nev21143911n1-nev30458833n61">
<title id="nev21143911n1-0800c8af85160469">Applies to the #@#@#10#side:</title>
</procstep>
<procstep id="nev21143911n1-nev30458833n59">
<grate id="nev21143911n1-nev30507926n76">
<graphic id="nev21143911n1-nev30507926n77">
<href>0900c8af88250a2#@#@#9#.jpeg</href>
</graphic>
<graphtext id="nev21143911n1-nev30508111n1">
<caution id="nev21143911n1-0800c8af880adfa8">
<ptxt>Make sure that #@#@#9#fits.</ptxt>
</caution>
<para id="nev21143911n1-nev30507926n74">
<ptxt id="nev21143911n1-nev30507926n75">
<toolitem boilerplate="true" id="nev21143911n1-nev30458833n54" imageid="0900c8af869f154e"/>
</ptxt>
</para>
</graphtext>
</grate>
</procstep>
<procstep id="nev21143911n1-nev30458833n52">
<title id="nev21143911n1-0800c8af879a661b">On both sides.</title>
</procstep>
<procstep id="nev21143911n1-nev24636718n2">
<grate id="nev21143911n1-nev30507926n72">
<graphic id="nev21143911n1-nev30507926n73">
<href>0900c8af8842889#@#@#9#.jpeg</href>
</graphic>
<graphtext id="nev21143911n1-nev30508118n1">
<para id="nev21143911n1-nev30507926n70">
<ptxt id="nev21143911n1-nev30507926n71">Remove the screws.</ptxt>
</para>
<para id="nev21143911n1-nev30507926n68">
<ptxt id="nev21143911n1-nev30507926n69">Loosen the comp#@#@#29#e it.</ptxt>
</para>
<para id="nev21143911n1-nev30507926n66">
<ptxt id="nev21143911n1-nev30507926n67">
<torque id="nev21143911n1-nev24636719n4">
<ref id="nev21143911n1-nev24636719n5"/>
</torque>
</ptxt>
</para>
</graphtext>
</grate>
</procstep>
<procstep id="nev21143911n1-nev24636719n6">
<grate id="nev21143911n1-nev30507926n64">
<graphic id="nev21143911n1-nev30507926n65">
<href>0900c8af884288e#@#@#9#.jpeg</href>
</graphic>
<graphtext id="nev21143911n1-nev30508125n1">
<para id="nev21143911n1-nev30507926n62">
<ptxt id="nev21143911n1-nev30507926n63">Remove the screws.</ptxt>
</para>
<para id="nev21143911n1-nev30507926n60">
<ptxt id="nev21143911n1-nev30507926n61">
<torque id="nev21143911n1-nev24638749n34">
<ref id="nev21143911n1-nev24638749n32"/>
</torque>
</ptxt>
</para>
</graphtext>
</grate>
</procstep>
<procstep id="nev21143911n1-nev30458833n38">
<title id="nev21143911n1-0800c8af84fbdb34">Vehicles with d#@#@#8#gines</title>
</procstep>
<procstep id="nev21143911n1-nev30458833n36">
<grate id="nev21143911n1-nev30507926n58">
<graphic id="nev21143911n1-nev30507926n59">
<href>0900c8af88254bb#@#@#9#.jpeg</href>
</graphic>
<graphtext id="nev21143911n1-nev30508132n1">
<para id="nev21143911n1-nev30507926n56">
<ptxt id="nev21143911n1-nev30507926n57">Remove the cabl#@#@#11#lips.</ptxt>
</para>
</graphtext>
</grate>
</procstep>
<procstep id="nev21143911n1-nev30458833n31">
<title id="nev21143911n1-0800c8af87b5b6ce">Vehicles with u#@#@#18#G102)</title>
</procstep>
<procstep id="nev21143911n1-nev30458833n29">
<grate id="nev21143911n1-nev30507926n54">
<graphic id="nev21143911n1-nev30507926n55">
<href>0900c8af88254bc#@#@#9#.jpeg</href>
</graphic>
<graphtext id="nev21143911n1-nev30508136n1">
<para id="nev21143911n1-nev30507926n52">
<ptxt id="nev21143911n1-nev30507926n53">Remove the cabl#@#@#11#lips.</ptxt>
</para>
<para id="nev21143911n1-nev30507926n50">
<ptxt id="nev21143911n1-nev30507926n51">Disconnect the #@#@#5#ctor.</ptxt>
</para>
</graphtext>
</grate>
</procstep>
<procstep id="nev21143911n1-nev30458833n22">
<title id="nev21143911n1-0800c8af844a41e8">All vehicles</title>
</procstep>
<procstep id="nev21143911n1-nev24636721n2">
<grate id="nev21143911n1-nev30507926n48">
<graphic id="nev21143911n1-nev30507926n49">
<href>0900c8af88254c4#@#@#9#.jpeg</href>
</graphic>
<graphtext id="nev21143911n1-nev30508140n1">
<para id="nev21143911n1-nev30507926n46">
<ptxt id="nev21143911n1-nev30507926n47">Remove the screws.</ptxt>
</para>
<para id="nev21143911n1-nev30507926n44">
<ptxt id="nev21143911n1-nev30507926n45">
<torque id="nev21143911n1-nev24636722n1">
<ref id="nev21143911n1-nev24636722n2"/>
</torque>
</ptxt>
</para>
</graphtext>
</grate>
</procstep>
<procstep id="nev21143911n1-nev24636722n3">
<grate id="nev21143911n1-nev30507926n42">
<graphic id="nev21143911n1-nev30507926n43">
<href>0900c8af88254bb#@#@#9#.jpeg</href>
</graphic>
<graphtext id="nev21143911n1-nev30508147n1">
<para id="nev21143911n1-nev30507926n40">
<ptxt id="nev21143911n1-nev30507926n41">Remove the screws.</ptxt>
</para>
<para id="nev21143911n1-nev30507926n38">
<ptxt id="nev21143911n1-nev30507926n39">
<torque id="nev21143911n1-nev24636723n5">
<ref id="nev21143911n1-nev24636723n6"/>
</torque>
</ptxt>
</para>
</graphtext>
</grate>
</procstep>
<procstep id="nev21143911n1-nev30458833n8">
<grate id="nev21143911n1-nev30507926n36">
<graphic id="nev21143911n1-nev30507926n37">
<href>0900c8af88254bc#@#@#9#.jpeg</href>
</graphic>
<graphtext id="nev21143911n1-nev30508154n1">
<para id="nev21143911n1-nev30507926n34">
<ptxt id="nev21143911n1-nev30507926n35">Loosen the clips.</ptxt>
</para>
<para id="nev21143911n1-nev30507926n32">
<ptxt id="nev21143911n1-nev30507926n33">Remove the mark#@#@#3#part.</ptxt>
</para>
</graphtext>
</grate>
</procstep>
<procstep id="nev21143911n1-nev24636723n7">
<grate id="nev21143911n1-nev30507926n30">
<graphic id="nev21143911n1-nev30507926n31">
<href>0900c8af88254bc#@#@#9#.jpeg</href>
</graphic>
<graphtext id="nev21143911n1-nev30508158n1">
<para id="nev21143911n1-nev30507926n28">
<ptxt id="nev21143911n1-nev30507926n29">Remove the screws.</ptxt>
</para>
<para id="nev21143911n1-nev30507926n26">
<ptxt id="nev21143911n1-nev30507926n27">
<toolitem boilerplate="true" id="nev21143911n1-nev24636724n10" imageid="0900c8af80445329"/>
</ptxt>
</para>
<para id="nev21143911n1-nev30507926n24">
<ptxt id="nev21143911n1-nev30507926n25">
<torque id="nev21143911n1-nev27936823n2">
<ref id="nev21143911n1-nev27936824n100"/>
</torque>
</ptxt>
</para>
</graphtext>
</grate>
</procstep>
<procstep id="nev21143911n1-nev30458834n93">
<title id="nev21143911n1-0800c8af848e9d82">Vehicles early #@#@#2#rsion</title>
</procstep>
<procstep id="nev21143911n1-nev30458834n91">
<grate id="nev21143911n1-nev30507926n22">
<graphic id="nev21143911n1-nev30507926n23">
<href>0900c8af87e65a2#@#@#9#.jpeg</href>
</graphic>
<graphtext id="nev21143911n1-nev30508168n1">
<para id="nev21143911n1-nev30507926n20">
<ptxt id="nev21143911n1-nev30507926n21">Remove the screw.</ptxt>
</para>
<para id="nev21143911n1-nev30507926n18">
<ptxt id="nev21143911n1-nev30507926n19">On both sides.</ptxt>
</para>
<para id="nev21143911n1-nev30507926n16">
<ptxt id="nev21143911n1-nev30507926n17">
<torque id="nev21143911n1-nev30458834n84">
<ref id="nev21143911n1-nev30458834n82"/>
</torque>
</ptxt>
</para>
</graphtext>
</grate>
</procstep>
<procstep id="nev21143911n1-nev30458834n80">
<title id="nev21143911n1-0800c8af848e9d91">Vehicles late v#@#@#1#rsion</title>
</procstep>
<procstep id="nev21143911n1-nev30458834n78">
<grate id="nev21143911n1-nev30507926n14">
<graphic id="nev21143911n1-nev30507926n15">
<href>0900c8af88257e1#@#@#9#.jpeg</href>
</graphic>
<graphtext id="nev21143911n1-nev30508175n1">
<caution id="nev21143911n1-0800c8af8543cea9">
<ptxt>Ensure that the#@#@#25#aged.</ptxt>
</caution>
<para id="nev21143911n1-nev30507926n12">
<ptxt id="nev21143911n1-nev30507926n13">On both sides.</ptxt>
</para>
<para id="nev21143911n1-nev30507926n10">
<ptxt id="nev21143911n1-nev30507926n11">Remove the screw.</ptxt>
</para>
<para id="nev21143911n1-nev30507926n8">
<ptxt id="nev21143911n1-nev30507926n9">Remove the mark#@#@#3#part.</ptxt>
</para>
<para id="nev21143911n1-nev30507926n6">
<ptxt id="nev21143911n1-nev30507926n7">
<torque id="nev21143911n1-nev30458834n68">
<ref id="nev21143911n1-nev30458834n66"/>
</torque>
</ptxt>
</para>
</graphtext>
</grate>
</procstep>
<procstep id="nev21143911n1-nev30458834n64">
<grate id="nev21143911n1-nev30507926n4">
<graphic id="nev21143911n1-nev30507926n5">
<href>0900c8af88254c5#@#@#9#.jpeg</href>
</graphic>
<graphtext id="nev21143911n1-nev30508182n1">
<note id="nev21143911n1-nev30507926n3">
<ptxt>Make sure that #@#@#15#atch.</ptxt>
</note>
<para id="nev21143911n1-nev30507926n1">
<ptxt id="nev21143911n1-nev30507926n2">Remove the part#@#@#5#fully</ptxt>
</para>
<para id="nev21143911n1-nev30507927n99">
<ptxt id="nev21143911n1-nev30507927n100">Lower the compo#@#@#9#what.</ptxt>
</para>
</graphtext>
</grate>
</procstep>
<procstep id="nev21143911n1-nev24636725n5">
<grate id="nev21143911n1-nev30507927n97">
<graphic id="nev21143911n1-nev30507927n98">
<href>0900c8af86800a0#@#@#9#.jpeg</href>
</graphic>
<graphtext id="nev21143911n1-nev30508186n1">
<para id="nev21143911n1-nev30507927n95">
<ptxt id="nev21143911n1-nev30507927n96">Remove the screws.</ptxt>
</para>
<para id="nev21143911n1-nev30507927n93">
<ptxt id="nev21143911n1-nev30507927n94">Remove the mark#@#@#3#part.</ptxt>
</para>
<para id="nev21143911n1-nev30507927n91">
<ptxt id="nev21143911n1-nev30507927n92">
<torque id="nev21143911n1-nev24636726n7">
<ref id="nev21143911n1-nev24636726n8"/>
</torque>
</ptxt>
</para>
</graphtext>
</grate>
</procstep>
<procstep id="nev21143911n1-nev30458834n49">
<title id="nev21143911n1-0800c8af84fbdb33">Vehicles with g#@#@#10#gines</title>
</procstep>
<procstep id="nev21143911n1-nev30458834n47">
<grate id="nev21143911n1-nev30507927n89">
<graphic id="nev21143911n1-nev30507927n90">
<href>0900c8af8841657#@#@#9#.jpeg</href>
</graphic>
<graphtext id="nev21143911n1-nev30508193n1">
<para id="nev21143911n1-nev30507927n87">
<ptxt id="nev21143911n1-nev30507927n88">Remove the cabl#@#@#11#lips.</ptxt>
</para>
<para id="nev21143911n1-nev30507927n85">
<ptxt id="nev21143911n1-nev30507927n86">Disconnect the #@#@#6#tors.</ptxt>
</para>
</graphtext>
</grate>
</procstep>
<procstep id="nev21143911n1-nev30458834n40">
<title id="nev21143911n1-0800c8af84fbdb34">Vehicles with d#@#@#8#gines</title>
</procstep>
<procstep id="nev21143911n1-nev30458834n38">
<grate id="nev21143911n1-nev30507927n83">
<graphic id="nev21143911n1-nev30507927n84">
<href>0900c8af88254bb#@#@#9#.jpeg</href>
</graphic>
<graphtext id="nev21143911n1-nev30508197n1">
<para id="nev21143911n1-nev30507927n81">
<ptxt id="nev21143911n1-nev30507927n82">Remove the cabl#@#@#11#lips.</ptxt>
</para>
<para id="nev21143911n1-nev30507927n79">
<ptxt id="nev21143911n1-nev30507927n80">Disconnect the #@#@#6#tors.</ptxt>
</para>
</graphtext>
</grate>
</procstep>
<procstep id="nev21143911n1-nev30458834n31">
<grate id="nev21143911n1-nev30507927n77">
<graphic id="nev21143911n1-nev30507927n78">
<href>0900c8af88254c5#@#@#9#.jpeg</href>
</graphic>
<graphtext id="nev21143911n1-nev30508201n1">
<note id="nev21143911n1-0800c8af844a4396">
<ptxt>Make sure that #@#@#15#atch.</ptxt>
</note>
<para id="nev21143911n1-nev30507927n75">
<ptxt id="nev21143911n1-nev30507927n76">Lower to suitab#@#@#5#ight.</ptxt>
</para>
</graphtext>
</grate>
</procstep>
</stepgrp>
<stepgrp boilerplate="false" context="" id="nev21143911n1-nev30507927n74">
<title id="nev21143911n1-0800c8af844a46f9">Installation</title>
<procstep id="nev21143911n1-nev30458834n24">
<para id="nev21143911n1-nev30507927n72">
<ptxt id="nev21143911n1-nev30507927n73">To install, rev#@#@#22#dure.</ptxt>
</para>
</procstep>
<procstep id="nev21143911n1-nev27780080n63">
<grate id="nev21143911n1-nev30507927n70">
<graphic id="nev21143911n1-nev30507927n71">
<href>0900c8af8748f02#@#@#9#.jpeg</href>
</graphic>
<graphtext id="nev21143911n1-nev30508205n1">
<note id="nev21143911n1-0800c8af844a4321">
<ptxt>Only tighten th#@#@#64#tion.</ptxt>
</note>
<para id="nev21143911n1-nev30507927n68">
<ptxt id="nev21143911n1-nev30507927n69">
<torque id="nev21143911n1-nev27780158n72">
<ref id="nev21143911n1-nev27780158n70"/>
</torque>
</ptxt>
</para>
</graphtext>
</grate>
</procstep>
<procstep id="nev21143911n1-nev27780080n55">
<para id="nev21143911n1-nev30507927n66">
<ptxt id="nev21143911n1-nev30507927n67">See information#@#@#17#ition<xref boilerplate="true" id="nev21143911n1-0800c8af8679fcf6">
<ref id="nev21143911n1-nev27780158n66"/>
</xref>
</ptxt>
</para>
</procstep>
<procstep id="nev21143911n1-nev24636729n6">
<grate id="nev21143911n1-nev30507927n64">
<graphic id="nev21143911n1-nev30507927n65">
<href>0900c8af8700693#@#@#9#.jpeg</href>
</graphic>
<graphtext id="nev21143911n1-nev30508215n1">
<note id="nev21143911n1-0800c8af844a43c1">
<ptxt>Make sure that #@#@#25#ated.</ptxt>
</note>
<para id="nev21143911n1-nev30507927n62">
<ptxt id="nev21143911n1-nev30507927n63">Remove the cabl#@#@#4#e(s).</ptxt>
</para>
</graphtext>
</grate>
</procstep>
<procstep id="nev21143911n1-nev24636730n2">
<grate id="nev21143911n1-nev30507927n60">
<graphic id="nev21143911n1-nev30507927n61">
<href>0900c8af8657920#@#@#9#.jpeg</href>
</graphic>
<graphtext id="nev21143911n1-nev30508219n1">
<para id="nev21143911n1-nev30507927n58">
<ptxt id="nev21143911n1-nev30507927n59">Remove the cabl#@#@#4#e(s).</ptxt>
</para>
</graphtext>
</grate>
</procstep>
</stepgrp>
</procedure>
</servinfosub>