<?xml version="1.0" encoding="UTF-8"?><servinfosub IE-ID="en-US0900c8af80554714" docno="VCC-146695" id="KC01698251" servinfosubId="nev20687538n1-nev20687538n2" servinfosubRes="0900c8af862c3231" servinfosubRes2="urn:x-nevis:fragment:0900c8af80554714:0900c8af862c3231#nev20687538n2" xml:lang="en-US">
<title>System overview</title>
<topic id="nev20687538n1-KC01710633">
<title>Control module</title>
<grate pgwide="1">
<graphic id="nev20687538n1-KC08955717">
<href>0900c8af80057a3#@#@#9#.jpeg</href>
</graphic>
</grate>
<para>
<ptxt>The Engine Cont#@#@#45#ions:</ptxt>
</para>
<list1 enumtype="b" type="unordered">
<item>
<ptxt>cruise control</ptxt>
</item>
<item>
<ptxt>engine cooling #@#@#3# (FC)</ptxt>
</item>
<item>
<ptxt>ignition spark</ptxt>
</item>
<item>
<ptxt>knock control, #@#@#25#inder</ptxt>
</item>
<item>
<ptxt>sequential mult#@#@#32#ding:</ptxt>
</item>
<list2 enumtype="d" type="unordered">
<item>
<ptxt>the quantity of#@#@#37#(rpm)</ptxt>
</item>
<item>
<ptxt>the fuel-air mi#@#@#81#HO2S)</ptxt>
</item>
<item>
<ptxt>variable valve times</ptxt>
</item>
<item>
<ptxt>idle speed.</ptxt>
</item>
</list2>
</list1>
<para>
<ptxt>The control mod#@#@#37#ment.</ptxt>
<ptxt>The Engine Cont#@#@#133#tion.</ptxt>
</para>
<para>
<ptxt>The control mod#@#@#253#alue.</ptxt>
</para>
<para>
<ptxt>Any diagnostic #@#@#93#VIDA.</ptxt>
</para>
<para>
<ptxt>A simple way to#@#@#213#wer. </ptxt>
</para>
<para>
<ptxt>For further inf#@#@#36#ions.</ptxt>
</para>
</topic>
<topic id="nev20687538n1-KC01710634">
<title>Signals</title>
<para>
<ptxt>The table below#@#@#308#ions.</ptxt>
</para>
<table frame="all" pgwide="1">
<tgroup cols="2" colsep="1" rowsep="0">
<colspec colname="colspec0" colwidth="198*"/>
<colspec colname="colspec1" colwidth="198*"/>
<tbody>
<row rowsep="1">
<entry align="left" valign="top">
<title>Input signals</title>
</entry>
<entry align="left" valign="top">
<title>Output signals</title>
</entry>
</row>
<row>
<entry align="left" valign="top">
<ptxt>
<emph>Directly connected:</emph>
</ptxt>
</entry>
<entry align="left" valign="top">
<ptxt>
<emph>Directly connected:</emph>
</ptxt>
</entry>
</row>
<row>
<entry align="left" rowsep="1" valign="top">
<list1 enumtype="b" type="unordered">
<item>
<ptxt>Fuel tank press#@#@#12#7/84)</ptxt>
</item>
<item>
<ptxt>Knock sensor (K#@#@#7#3-24)</ptxt>
</item>
<item>
<ptxt>Engine speed (R#@#@#12#7/25)</ptxt>
</item>
<item>
<ptxt>Outside tempera#@#@#14#/105)</ptxt>
</item>
<item>
<ptxt>Ignition switch#@#@#1#(3/1)</ptxt>
</item>
<item>
<ptxt>Oil pressure sw#@#@#5#(7/6)</ptxt>
</item>
<item>
<ptxt>Camshaft positi#@#@#29#2001)</ptxt>
</item>
<item>
<ptxt>Camshaft positi#@#@#26#002-)</ptxt>
</item>
<item>
<ptxt>Engine coolant #@#@#26#7/16)</ptxt>
</item>
<item>
<ptxt>Stop lamp switc#@#@#2#(3/9)</ptxt>
</item>
<item>
<ptxt>Manifold absolu#@#@#26#7/81)</ptxt>
</item>
<item>
<ptxt>Mass air flow (#@#@#53#nsor </ptxt>
</item>
<item>
<ptxt>Heated oxygen s#@#@#21#7/82)</ptxt>
</item>
<item>
<ptxt>Brake pedal pos#@#@#15#/124)</ptxt>
</item>
<item>
<ptxt>Clutch pedal se#@#@#36#nly) </ptxt>
</item>
<item>
<ptxt>Air conditionin#@#@#24#(7/8)</ptxt>
</item>
<item>
<ptxt>Accelerator ped#@#@#25#7/51)</ptxt>
</item>
<item>
<ptxt>Ignition coils #@#@#16#stics</ptxt>
</item>
<item>
<ptxt>Engine coolant #@#@#14#7/73)</ptxt>
</item>
<item>
<ptxt>Data link conne#@#@#34#line.</ptxt>
</item>
</list1>
</entry>
<entry align="left" rowsep="1" valign="top">
<list1 enumtype="b" type="unordered">
<item>
<ptxt>Air conditionin#@#@#15#2/22)</ptxt>
</item>
<item>
<ptxt>Heated oxygen s#@#@#32#7/82)</ptxt>
</item>
<item>
<ptxt>Main relay (sys#@#@#12#2/32)</ptxt>
</item>
<item>
<ptxt>Fuel pump (FP) #@#@#49#CEM) </ptxt>
</item>
<item>
<ptxt>Ignition coils #@#@#15#/3-7)</ptxt>
</item>
<item>
<ptxt>Injectors (8/6-10)</ptxt>
</item>
<item>
<ptxt>EVAP canister s#@#@#15#8/44)</ptxt>
</item>
<item>
<ptxt>Evaporative emi#@#@#27#8/18)</ptxt>
</item>
<item>
<ptxt>Emissions warni#@#@#8#(MIL)</ptxt>
</item>
<item>
<ptxt>Stop lamp switc#@#@#51#ETM) </ptxt>
</item>
<item>
<ptxt>Engine cooling #@#@#48#lated</ptxt>
</item>
<item>
<ptxt>Accelerator ped#@#@#74#ETM) </ptxt>
</item>
<item>
<ptxt>Reset valve cam#@#@#47#8/19)</ptxt>
</item>
<item>
<ptxt>Electronic thro#@#@#19#4/50)</ptxt>
</item>
<item>
<ptxt>Air distributio#@#@#22#000).</ptxt>
</item>
</list1>
</entry>
</row>
<row>
<entry align="left" rowsep="0" valign="top">
<ptxt>
<emph>Via Controller #@#@#28#tion:</emph>
</ptxt>
</entry>
<entry align="left" rowsep="0" valign="top">
<ptxt>
<emph>Via Controller #@#@#28#tion:</emph>
</ptxt>
</entry>
</row>
<row>
<entry align="left" valign="top">
<list1 enumtype="b" type="unordered">
<item>
<ptxt>Transmission Co#@#@#62#ons) </ptxt>
</item>
<item>
<ptxt>Electronic thro#@#@#19#4/50)</ptxt>
</item>
<item>
<ptxt>Brake control m#@#@#52#4/16)</ptxt>
</item>
<item>
<ptxt>Central electro#@#@#19#/56).</ptxt>
</item>
</list1>
<ptxt>Via central ele#@#@#23#/56):</ptxt>
<list1 enumtype="b" type="unordered">
<item>
<ptxt>Steering wheel #@#@#15#/130)</ptxt>
</item>
<item>
<ptxt>Climate Control#@#@#16#/112)</ptxt>
</item>
<item>
<ptxt>Rear electronic#@#@#15#4/58)</ptxt>
</item>
<item>
<ptxt>Data link conne#@#@#14#/13).</ptxt>
</item>
</list1>
</entry>
<entry align="left" valign="top">
<list1 enumtype="b" type="unordered">
<item>
<ptxt>Brake control m#@#@#52#4/16)</ptxt>
</item>
<item>
<ptxt>Transmission Co#@#@#62#ons) </ptxt>
</item>
<item>
<ptxt>Differential el#@#@#34#only)</ptxt>
</item>
<item>
<ptxt>Electronic thro#@#@#19#4/50)</ptxt>
</item>
<item>
<ptxt>Central electro#@#@#19#/56).</ptxt>
</item>
</list1>
<ptxt>Via central ele#@#@#23#/56):</ptxt>
<list1 enumtype="b" type="unordered">
<item>
<ptxt>Climate Control#@#@#16#/112)</ptxt>
</item>
<item>
<ptxt>Driver informat#@#@#17#(5/1)</ptxt>
</item>
<item>
<ptxt>Phone module (P#@#@#15#tion)</ptxt>
</item>
<item>
<ptxt>Rear electronic#@#@#15#4/58)</ptxt>
</item>
<item>
<ptxt>Upper electroni#@#@#16#4/70)</ptxt>
</item>
<item>
<ptxt>Data link conne#@#@#14#/13).</ptxt>
</item>
</list1>
</entry>
</row>
</tbody>
</tgroup>
</table>
<grate pgwide="1">
<graphic id="nev20687538n1-KC08955718">
<href>0900c8af80127f4#@#@#10#.jpeg</href>
</graphic>
</grate>
<grate pgwide="1">
<graphic id="nev20687538n1-KC08955719">
<href>0900c8af80127f4#@#@#9#.jpeg</href>
</graphic>
</grate>
</topic>
</servinfosub>