<?xml version="1.0" encoding="UTF-8"?><servinfosub IE-ID="en-US0900c8af80136714" docno="VCC-132922" id="KC01144495" xml:lang="en-US">
<title>
<phrase category="" id="KC08225690" phrase-urn="urn:x-nevis:phrase:0800c8af81d9a770">Signal too low.#@#@#11#fault</phrase>
</title>
<diagnostic type="test">
<testgrp IE-ID="en-US0900c8af80136714_KC01144496" id="KC01144496" j2008use="1" paperuse="1" resumable="1" screenuse="1" testgrp-id="node1" x="120" y="80">
<title>
<phrase category="" id="KC08225691" phrase-urn="urn:x-nevis:phrase:0800c8af81d9a771">Checking the co#@#@#3#ctors</phrase>
</title>
<node>
<test1>
<diaglist>
<dgraphic>
<dgraphic1>
<graphic id="KC08225692">
<href>0900c8af80054d5#@#@#9#.jpeg</href>
</graphic>
</dgraphic1>
</dgraphic>
<ditem>
<ptxt>
<phrase category="" id="KC08225693" phrase-urn="urn:x-nevis:phrase:0800c8af81d9a772">Ignition on</phrase>
</ptxt>
</ditem>
<ditem>
<ptxt>
<phrase category="" id="KC08225694" phrase-urn="urn:x-nevis:phrase:0800c8af81d9a773">Read off the st#@#@#33#al A.</phrase>
</ptxt>
</ditem>
</diaglist>
<test2>
<para>
<ptxt>
<phrase category="" id="KC08225695" phrase-urn="urn:x-nevis:phrase:0800c8af81d9a774">Turn the steeri#@#@#75# OFF.</phrase>
</ptxt>
</para>
<list1 enumtype="d" type="unordered">
<title>
<phrase category="" id="KC08225696" phrase-urn="urn:x-nevis:phrase:0800c8af81d9a776">Other information:</phrase>
</title>
<item>
<ptxt>
<phrase category="" id="KC08225697" phrase-urn="urn:x-nevis:phrase:0800c8af81d9a777">To access the c#@#@#68# see <xref>
<ref id="KC08225698"/>
</xref>
</phrase>
</ptxt>
</item>
<item>
<ptxt>
<phrase category="" id="KC08225699" phrase-urn="urn:x-nevis:phrase:0800c8af81d9a779">To access the c#@#@#39# see <xref>
<ref id="KC08225700"/>
</xref>
</phrase>
</ptxt>
</item>
<item>
<ptxt>
<phrase category="" id="KC08225701" phrase-urn="urn:x-nevis:phrase:0800c8af81d9a77a">For information#@#@#15# see <xref>
<ref id="KC08225702"/>
</xref> and <xref>
<ref id="KC08225703"/>
</xref>.</phrase>
</ptxt>
</item>
</list1>
<diaglist>
<dgraphic>
<dgraphic2>
<graphic id="KC08225704">
<href>0900c8af86c8681#@#@#9#.jpeg</href>
</graphic>
<smarttool active="press" id="KC08225705" toolname="XSASA501"/>
</dgraphic2>
</dgraphic>
<ditem>
<ditemtext>
<ptxt>
<phrase category="" id="KC08225706" phrase-urn="urn:x-nevis:phrase:0800c8af81d9a77b"/>
</ptxt>
</ditemtext>
</ditem>
</diaglist>
<grate>
<graphic id="KC08225707">
<href>0900c8af8005a46#@#@#9#.jpeg</href>
</graphic>
</grate>
</test2>
</test1>
<question>Does the value #@#@#21#d ON?</question>
<resact-grp>
<result button="yes" comp="button" highlight="0"/>
<action j2008use="1" paperuse="1" screenuse="1">
<return value="FAULT FOUND"/>
</action>
</resact-grp>
<resact-grp>
<result button="no" comp="button" highlight="0"/>
<action j2008use="1" paperuse="1" screenuse="1">
<ptxt>
<xref>
<ref id="KC08225708"/>
</xref>
</ptxt>
</action>
</resact-grp>
</node>
</testgrp>
<testgrp id="KC01144497" j2008use="1" paperuse="1" resumable="1" screenuse="1" testgrp-id="node2" x="120" y="160">
<title>
<phrase category="" id="KC08225709" phrase-urn="urn:x-nevis:phrase:0800c8af81d9a753">Checking wiring#@#@#7#nsors</phrase>
</title>
<node>
<test1>
<diaglist>
<dgraphic>
<dgraphic1>
<graphic id="KC08225710">
<href>0900c8af80054d4#@#@#9#.jpeg</href>
</graphic>
</dgraphic1>
<dgraphic3>
<graphic id="KC08225711">
<href>0900c8af80054cc#@#@#9#.jpeg</href>
</graphic>
</dgraphic3>
</dgraphic>
<ditem>
<ptxt>
<phrase category="" id="KC08225712" phrase-urn="urn:x-nevis:phrase:0800c8af81d9a75a">Ignition off</phrase>
</ptxt>
</ditem>
<ditem>
<ptxt>
<phrase category="" id="KC08225713" phrase-urn="urn:x-nevis:phrase:0800c8af81d9a75f">The control mod#@#@#47#ected</phrase>
</ptxt>
</ditem>
<ditem>
<ptxt>
<phrase category="" id="KC08225714" phrase-urn="urn:x-nevis:phrase:0800c8af81d9a760">Steering wheel #@#@#14#ected</phrase>
</ptxt>
</ditem>
<ditem>
<ptxt>
<phrase category="" id="KC08225715" phrase-urn="urn:x-nevis:phrase:0800c8af81d9a761">Connect the bre#@#@#96#dule.</phrase>
</ptxt>
</ditem>
</diaglist>
<test2>
<ptxt>
<phrase category="" id="KC08225716" phrase-urn="urn:x-nevis:phrase:0800c8af81d9a762">Check the wirin#@#@#173#g to <xref>
<ref id="KC08225717"/>
</xref>. Check for an #@#@#21#g to <xref>
<ref id="KC08225718"/>
</xref>.</phrase>
</ptxt>
<para>
<ptxt>
<phrase category="" id="KC08225719" phrase-urn="urn:x-nevis:phrase:0800c8af81d9a763">Try replacing t#@#@#157#ule. </phrase>
</ptxt>
</para>
<list1 enumtype="d" type="unordered">
<title>
<phrase category="" id="KC08225720" phrase-urn="urn:x-nevis:phrase:0800c8af81d9a764">Other information:</phrase>
</title>
<item>
<ptxt>
<phrase category="" id="KC08225721" phrase-urn="urn:x-nevis:phrase:0800c8af81d9a767">To connect the #@#@#71# see <xref>
<ref id="KC08225722"/>
</xref>
</phrase>
</ptxt>
</item>
<item>
<ptxt>
<phrase category="" id="KC08225723" phrase-urn="urn:x-nevis:phrase:0800c8af81d9a768">To connect the #@#@#42# see <xref>
<ref id="KC08225724"/>
</xref>
</phrase>
</ptxt>
</item>
<item>
<ptxt>
<phrase category="" id="KC08225725" phrase-urn="urn:x-nevis:phrase:0800c8af81d9a769">To replace the #@#@#28# see <xref>
<ref id="KC08225726"/>
</xref>
</phrase>
</ptxt>
</item>
<item>
<ptxt>
<phrase category="" id="KC08225727" phrase-urn="urn:x-nevis:phrase:0800c8af81d9a76a">For information#@#@#15# see <xref>
<ref id="KC08225728"/>
</xref> and <xref>
<ref id="KC08225729"/>
</xref>.</phrase>
</ptxt>
</item>
</list1>
<diaglist>
<dgraphic>
<dgraphic1>
<graphic id="KC08225730">
<href>0900c8af8005444#@#@#9#.jpeg</href>
</graphic>
</dgraphic1>
<dgraphic2>
<graphic id="KC08225731">
<href>0900c8af80054d4#@#@#9#.jpeg</href>
</graphic>
<smarttool active="auto" id="KC08225732" toolname="ODA"/>
</dgraphic2>
</dgraphic>
<ditem>
<ditemtext>
<ptxt>
<phrase category="" id="KC08225733" phrase-urn="urn:x-nevis:phrase:0800c8af81d9a76b"/>
</ptxt>
</ditemtext>
</ditem>
</diaglist>
</test2>
</test1>
<question>Select Continue.</question>
<resact-grp>
<result button="cont" comp="button" highlight="0"/>
<action j2008use="1" paperuse="1" screenuse="1">
<ptxt>
<xref>
<ref id="KC08225734"/>
</xref>
</ptxt>
</action>
</resact-grp>
</node>
</testgrp>
<testgrp id="KC01144498" j2008use="1" paperuse="1" resumable="1" screenuse="1" testgrp-id="veri1" x="280" y="80">
<title>
<phrase category="" id="KC08225735" phrase-urn="urn:x-nevis:phrase:0800c8af81d9a76c">Verification</phrase>
</title>
<subcalloutnode>
<diagcallout>
<xref>
<ref id="KC08225736"/>
</xref>
</diagcallout>
<rescall-grp>
<result comp="string" highlight="0" op="eq" return="VERIFIED"/>
<calloutaction>
<return value="FAULT FOUND"/>
</calloutaction>
</rescall-grp>
<rescall-grp>
<result comp="string" highlight="0" op="eq" return="VERIFICATION FAILED"/>
<calloutaction>
<ptxt>
<xref>
<ref id="KC08225737"/>
</xref>
</ptxt>
</calloutaction>
</rescall-grp>
</subcalloutnode>
</testgrp>
<testgrp id="KC01144499" j2008use="1" paperuse="0" resumable="1" screenuse="1" testgrp-id="info1" x="440" y="80">
<title>
<phrase category="" id="KC08225738" phrase-urn="urn:x-nevis:phrase:0800c8af81d9a76f">Fault-tracing i#@#@#5#ation</phrase>
</title>
<subcalloutnode>
<diagcallout>
<xref>
<ref id="KC08225739"/>
</xref>
</diagcallout>
<rescall-grp>
<result comp="string" highlight="0" op="eq" return="FAULTTRACING FAILED"/>
<calloutaction>
<return value="FAULTTRACING FAILED"/>
</calloutaction>
</rescall-grp>
<rescall-grp>
<result comp="string" highlight="0" op="eq" return="NEW TRY"/>
<calloutaction>
<ptxt>
<xref>
<ref id="KC08225740"/>
</xref>
</ptxt>
</calloutaction>
</rescall-grp>
</subcalloutnode>
</testgrp>
</diagnostic>
</servinfosub>