<?xml version="1.0" encoding="UTF-8"?><servinfosub IE-ID="en-US0900c8af8044180f" docno="VCC-051337" id="KC01446382" servinfosubId="nev20686207n1-nev20686207n2" servinfosubRes="0900c8af862c277a" servinfosubRes2="urn:x-nevis:fragment:0900c8af8044180f:0900c8af862c277a#nev20686207n2" xml:lang="en-US">
<title>Control module</title>
<topic>
<title>General</title>
<para>
<ptxt>The control mod#@#@#171#pply.</ptxt>
<ptxt>Seat positions #@#@#133#dule.</ptxt>
</para>
</topic>
<topic>
<title>Safety functions</title>
<grate>
<graphic id="nev20686207n1-KC08408554" width="column">
<href>0900c8af803f22c#@#@#9#.jpeg</href>
</graphic>
<graphtext>
<para>
<ptxt>Power to the re#@#@#167#ving.</ptxt>
</para>
<para>
<ptxt>If more than on#@#@#153#ight.</ptxt>
</para>
<para>
<ptxt>If an open-circ#@#@#216#led.
</ptxt>
</para>
<para>
<ptxt>If a button is #@#@#68#elay.</ptxt>
<ptxt>This function i#@#@#49#dule.</ptxt>
</para>
</graphtext>
</grate>
</topic>
</servinfosub>