<?xml version="1.0" encoding="UTF-8"?><servinfosub IE-ID="en-US0900c8af8567c80f" docno="VCC-436971" id="nev17372320n1" xml:lang="en-US">
<title>
<phrase category="Title" id="nev17372320n2" phrase-urn="urn:x-nevis:phrase:0800c8af81eb9a54">Diagnostic trou#@#@#21#ation</phrase>
</title>
<diagnostic j2008use="1" paperuse="1" screenuse="1" type="condition">
<condgrp>
<condition type="condition">
<grate>
<graphic id="nev17372320n3">
<href>0900c8af8005d25#@#@#9#.jpeg</href>
</graphic>
<graphtext>
<ptxt>
<phrase category="" id="nev17372320n4" phrase-urn="urn:x-nevis:phrase:0800c8af823e52a5">The engine cont#@#@#71#nsor.</phrase>
</ptxt>
<ptxt>
<phrase category="" id="nev17372320n5" phrase-urn="urn:x-nevis:phrase:0800c8af823e52a6">The diagnostic #@#@#194#s on.</phrase>
</ptxt>
</graphtext>
</grate>
</condition>
</condgrp>
<condgrp>
<condition type="substitution">
<list1 enumtype="d" type="unordered">
<item>
<ptxt>
<phrase category="" id="nev17372320n6" phrase-urn="urn:x-nevis:phrase:0800c8af823e52a7">Nothing.</phrase>
</ptxt>
</item>
</list1>
</condition>
<ps>
<list1 enumtype="d" type="unordered">
<item>
<ptxt>
<phrase category="" id="nev17372320n7" phrase-urn="urn:x-nevis:phrase:0800c8af823e52ae">Loose connectio#@#@#49#als. </phrase>
</ptxt>
</item>
<item>
<ptxt>
<phrase category="" id="nev17372320n8" phrase-urn="urn:x-nevis:phrase:0800c8af823e52af">Open-circuit on#@#@#13#able.</phrase>
</ptxt>
</item>
<item>
<ptxt>
<phrase category="" id="nev17372320n9" phrase-urn="urn:x-nevis:phrase:0800c8af823e52b0">The signal cabl#@#@#26#ound.</phrase>
</ptxt>
</item>
<item>
<ptxt>
<phrase category="" id="nev17372320n10" phrase-urn="urn:x-nevis:phrase:0800c8af823e52b1">Damaged intake #@#@#18#nsor.</phrase>
</ptxt>
</item>
</list1>
</ps>
</condgrp>
<condgrp>
<condition type="symptom">
<list1 enumtype="d" type="unordered">
<item>
<ptxt>
<phrase category="Symptom" id="nev17372321n1" phrase-urn="urn:x-nevis:phrase:0800c8af822826c5">None.</phrase>
</ptxt>
</item>
</list1>
</condition>
</condgrp>
</diagnostic>
</servinfosub>