<?xml version="1.0" encoding="UTF-8"?><servinfosub IE-ID="en-US0900c8af800cf00f" docno="VCC-118962" id="KC01327717" xml:lang="en-US">
<title>Transmission in#@#@#22#acing</title>
<procedure>
<procstep id="KC01327718">
<title>Removing the li#@#@#15#enoid</title>
<note>
<ptxt>The line pressu#@#@#57#sor. </ptxt>
</note>
<para>
<ptxt>See <xref>
<ref id="KC07353351"/>
</xref>
</ptxt>
</para>
</procstep>
<procstep id="KC01327719">
<title>Removing the in#@#@#11#ensor</title>
<grate>
<graphic id="KC07353352">
<href>0900c8af8005530#@#@#9#.jpeg</href>
</graphic>
<graphtext>
<note>
<ptxt>Note the positi#@#@#75#tion.</ptxt>
</note>
<list1 enumtype="d">
<title>Remove:</title>
<item>
<ptxt>the connector</ptxt>
</item>
<item>
<ptxt>the clip. Use a#@#@#33# clip</ptxt>
</item>
<item>
<ptxt>the speed sensor.</ptxt>
</item>
</list1>
</graphtext>
</grate>
</procstep>
<procstep id="KC01327720">
<title>Installing the #@#@#13#ensor</title>
<grate>
<graphic id="KC07353353">
<href>0900c8af8005530#@#@#9#.jpeg</href>
</graphic>
<graphtext>
<note>
<ptxt>Install the inp#@#@#58#oved.</ptxt>
</note>
<list1 enumtype="d">
<title>Install:</title>
<item>
<ptxt>the input speed#@#@#2#ensor</ptxt>
</item>
<item>
<ptxt>the clip</ptxt>
</item>
<item>
<ptxt>the connector.</ptxt>
</item>
</list1>
<para>
<ptxt>Check that the #@#@#24#cure.</ptxt>
</para>
</graphtext>
</grate>
</procstep>
<procstep id="KC01327721">
<title>Installing the #@#@#17#enoid</title>
<para>
<ptxt>See <xref>
<ref id="KC07353354"/>
</xref>
</ptxt>
</para>
</procstep>
</procedure>
</servinfosub>