<?xml version="1.0" encoding="UTF-8"?><servinfosub IE-ID="en-US0900c8af84b9800f" docno="VCC-403140" id="nev15058074n1" xml:lang="en-US">
<title>
<phrase category="Title" id="nev15058074n2" phrase-urn="urn:x-nevis:phrase:0800c8af81eb9a54">Diagnostic trou#@#@#21#ation</phrase>
<phrase category="Prefix" id="nev15058074n3" phrase-urn="urn:x-nevis:phrase:0800c8af8015c3f5">ECM</phrase>-P217700</title>
<diagnostic j2008use="1" paperuse="1" screenuse="1" type="condition">
<condgrp>
<condition type="condition">
<para>
<ptxt>
<phrase category="" id="nev15058074n4" phrase-urn="urn:x-nevis:phrase:0800c8af81a9c099">The engine cont#@#@#554#ges. </phrase>
</ptxt>
<ptxt>
<phrase category="" id="nev15058074n5" phrase-urn="urn:x-nevis:phrase:0800c8af81a9c09a">The diagnostic #@#@#79#ons. </phrase>
</ptxt>
</para>
</condition>
</condgrp>
<condgrp>
<condition type="substitution">
<para>
<ptxt>
<phrase category="" id="nev15058074n6" phrase-urn="urn:x-nevis:phrase:0800c8af81a9c09b">None.</phrase>
</ptxt>
</para>
</condition>
<ps>
<list1 enumtype="d" type="unordered">
<item id="nev15068053n100">
<ptxt id="nev15068053n99">
<phrase category="Possible source" id="nev15068054n1" phrase-urn="urn:x-nevis:phrase:0800c8af84b9db55">Air leakage in #@#@#28#rbo).</phrase>
</ptxt>
</item>
<item id="nev15068053n97">
<ptxt id="nev15068053n96">
<phrase category="Possible source" id="nev15068055n1" phrase-urn="urn:x-nevis:phrase:0800c8af8374c225">Damaged mass ai#@#@#15#MAF).</phrase>
</ptxt>
</item>
<item>
<ptxt>
<phrase category="" id="nev15058074n10" phrase-urn="urn:x-nevis:phrase:0800c8af81a9c09c">Air leakage in #@#@#13#ystem</phrase>
</ptxt>
</item>
<item>
<ptxt>
<phrase category="" id="nev15058075n1" phrase-urn="urn:x-nevis:phrase:0800c8af81a9c09d">Low fuel pressure</phrase>
</ptxt>
</item>
<item>
<ptxt>
<phrase category="" id="nev15058075n2" phrase-urn="urn:x-nevis:phrase:0800c8af81a9c09e">Damaged heated #@#@#16#O2S).</phrase>
</ptxt>
</item>
<item id="nev15058075n3">
<ptxt id="nev15058075n4">
<phrase category="Faulttracing" id="nev15058075n5" phrase-urn="urn:x-nevis:phrase:0800c8af841d963b">Damaged or inco#@#@#25#lves.</phrase>
</ptxt>
</item>
</list1>
</ps>
</condgrp>
<condgrp>
<condition type="symptom">
<list1 enumtype="d" type="unordered">
<item>
<ptxt>
<phrase category="Symptom CSC" id="nev15068056n1" phrase-urn="urn:x-nevis:phrase:0800c8af8388f453">DL2, Warning li#@#@#86#ation</phrase>
</ptxt>
</item>
</list1>
</condition>
</condgrp>
</diagnostic>
</servinfosub>