<?xml version="1.0" encoding="UTF-8"?><servinfosub IE-ID="en-US0900c8af83ccb00f" docno="VCC-318029" id="nev12614009n1" xml:lang="en-US">
<title>
<phrase category="" id="nev12614009n2" phrase-urn="urn:x-nevis:phrase:0800c8af81a937cf">Incorrect value</phrase>
</title>
<diagnostic j2008use="1" layout="0" paperuse="1" screenuse="1" type="test">
<testgrp IE-ID="en-US0900c8af83ccb00f_nev12614009n3" id="nev12614009n3" j2008use="1" paperuse="0" resumable="1" screenuse="1" testgrp-id="symptominfo" x="80" y="100">
<title id="nev12614009n4">
<phrase category="Title" id="nev12614009n5" phrase-urn="urn:x-nevis:phrase:0800c8af824a1c83">Information abo#@#@#19#acing</phrase>
</title>
<node id="nev12614009n6">
<test1 id="nev12614009n7">
<test2 id="nev12614009n8">
<ptxt id="nev12614009n9">
<phrase category="Faulttracing" id="nev12614009n10" phrase-urn="urn:x-nevis:phrase:0800c8af8248a1bd">The diagnostic #@#@#97#ning.</phrase>
</ptxt>
<ptxt id="nev12614010n1">
<phrase category="Faulttracing" id="nev12614010n2" phrase-urn="urn:x-nevis:phrase:0800c8af824a1c4f">Add the symptom#@#@#51#stem.</phrase>
</ptxt>
<ptxt id="nev12614010n3">
<phrase category="Faulttracing" id="nev12614010n4" phrase-urn="urn:x-nevis:phrase:0800c8af824a1c71">If this has alr#@#@#41#cing.</phrase>
</ptxt>
</test2>
</test1>
<question id="nev12614010n5">
Do you want to#@#@#26#ure?
</question>
<resact-grp id="nev12614010n7">
<result button="yes" comp="button" highlight="0" id="nev12614010n8"/>
<action id="nev12614010n9" j2008use="1" paperuse="0" screenuse="1">
<ptxt id="nev12614010n10">
<xref id="nev12614011n1">
<ref id="nev12614011n2"/>
</xref>
</ptxt>
</action>
</resact-grp>
<resact-grp id="nev12614011n3">
<result button="no" comp="button" highlight="0" id="nev12614011n4"/>
<action id="nev12614011n5" j2008use="1" paperuse="0" screenuse="1">
<return id="nev12614011n6" value="DONE"/>
</action>
</resact-grp>
</node>
</testgrp>
<testgrp id="nev12614011n7" j2008use="1" paperuse="1" resumable="1" screenuse="1" testgrp-id="node1" x="60" y="220">
<title>
<phrase category="" id="nev12614011n8" phrase-urn="urn:x-nevis:phrase:0800c8af81a937d0">Programming con#@#@#6#odule</phrase>
</title>
<node>
<test1>
<test2>
<para>
<ptxt id="nev12614011n9">
<phrase category="Faulttracing" id="nev12614034n1" phrase-urn="urn:x-nevis:phrase:0800c8af83ccb049">The problem is #@#@#126#hing.</phrase>
</ptxt>
<ptxt id="nev12614012n1">
<phrase category="Faulttracing" id="nev12614012n2" phrase-urn="urn:x-nevis:phrase:0800c8af824b156e">The diagnostic #@#@#108#iled.</phrase>
</ptxt>
<ptxt id="nev12614012n3">
<phrase category="Faulttracing" id="nev12614012n4" phrase-urn="urn:x-nevis:phrase:0800c8af824b1572">If any control #@#@#84#tion.</phrase>
</ptxt>
</para>
<list1 enumtype="d" type="unordered">
<title id="nev12614012n5">
<phrase category="Title" id="nev12614012n6" phrase-urn="urn:x-nevis:phrase:0800c8af81ea4cd6">Other information</phrase>
</title>
<item id="nev12614022n94">
<ptxt id="nev12614022n93">
<phrase category="Faulttracing" id="nev12614190n1" phrase-urn="urn:x-nevis:phrase:0800c8af824b1580">For downloading#@#@#8#ware:</phrase>
</ptxt>
<ptxt id="nev12614022n91">
<xref id="nev12717988n98">
<ref id="l1166019965415"/>
</xref>
</ptxt>
</item>
<item id="nev12614013n3">
<ptxt id="nev12614013n4">
<phrase category="Faulttracing" id="nev12614013n5" phrase-urn="urn:x-nevis:phrase:0800c8af824b1580">For downloading#@#@#8#ware:</phrase>
</ptxt>
<ptxt id="nev12614013n6">
<xref id="nev12614013n7">
<ref id="nev12614013n8"/>
</xref>
</ptxt>
</item>
</list1>
</test2>
</test1>
<question>
Select Continue.
</question>
<resact-grp>
<result button="cont" comp="button" highlight="0"/>
<action j2008use="1" paperuse="1" screenuse="1">
<ptxt>
<xref>
<ref id="nev12614013n10"/>
</xref>
</ptxt>
</action>
</resact-grp>
</node>
</testgrp>
<testgrp id="nev12614014n1" j2008use="1" paperuse="1" resumable="1" screenuse="1" testgrp-id="veri1" x="80" y="400">
<title>
<phrase category="" id="nev12614014n2" phrase-urn="urn:x-nevis:phrase:0800c8af81a937d4">Verification</phrase>
</title>
<subcalloutnode>
<diagcallout>
<xref>
<ref id="nev12614014n3"/>
</xref>
</diagcallout>
<rescall-grp>
<result comp="string" highlight="0" op="eq" return="VERIFIED"/>
<calloutaction>
<return value="FAULT FOUND"/>
</calloutaction>
</rescall-grp>
<rescall-grp>
<result comp="string" highlight="0" op="eq" return="VERIFICATION FAILED"/>
<calloutaction>
<ptxt>
<xref>
<ref id="nev12614014n4"/>
</xref>
</ptxt>
</calloutaction>
</rescall-grp>
</subcalloutnode>
</testgrp>
<testgrp id="nev12614014n5" j2008use="1" paperuse="1" resumable="1" screenuse="1" testgrp-id="node5" x="80" y="540">
<title>
<phrase category="" id="nev12614014n6" phrase-urn="urn:x-nevis:phrase:0800c8af81a937d5">Replacing the c#@#@#8#odule</phrase>
</title>
<node>
<test1>
<test2>
<para>
<ptxt>
<phrase category="Faulttracing" id="nev12614184n1" phrase-urn="urn:x-nevis:phrase:0800c8af83ccb5f4">If the fault is#@#@#127#dule.</phrase>
</ptxt>
</para>
<para>
<ptxt>
<phrase category="Faulttracing" id="nev12614187n1" phrase-urn="urn:x-nevis:phrase:0800c8af83ccb604">In that case re#@#@#34#KVM).</phrase>
</ptxt>
</para>
<list1 enumtype="d" type="unordered">
<title>
<phrase category="" id="nev12614014n9" phrase-urn="urn:x-nevis:phrase:0800c8af81a937d8">Other information</phrase>
</title>
<item>
<ptxt>
<xref id="nev12614022n96">
<ref id="l1166019661652"/>
</xref>
</ptxt>
</item>
</list1>
<grate id="nev12614015n2">
<graphic id="l1166020305621">
<href>0900c8af83ccaf8#@#@#9#.jpeg</href>
</graphic>
</grate>
</test2>
</test1>
<question>
Select "Contin#@#@#18#ing.
</question>
<resact-grp>
<result button="cont" comp="button" highlight="0"/>
<action j2008use="1" paperuse="1" screenuse="1">
<ptxt>
<xref>
<ref id="nev12614015n5"/>
</xref>
</ptxt>
</action>
</resact-grp>
</node>
</testgrp>
<testgrp id="nev12614015n6" j2008use="1" paperuse="1" resumable="1" screenuse="1" testgrp-id="veri2" x="80" y="700">
<title>
<phrase category="" id="nev12614015n7" phrase-urn="urn:x-nevis:phrase:0800c8af81a937da">Verification</phrase>
</title>
<subcalloutnode>
<diagcallout>
<xref>
<ref id="nev12614015n8"/>
</xref>
</diagcallout>
<rescall-grp>
<result comp="string" highlight="0" op="eq" return="VERIFIED"/>
<calloutaction>
<return value="FAULT FOUND"/>
</calloutaction>
</rescall-grp>
<rescall-grp>
<result comp="string" highlight="0" op="eq" return="VERIFICATION FAILED"/>
<calloutaction>
<ptxt>
<xref>
<ref id="nev12614015n9"/>
</xref>
</ptxt>
</calloutaction>
</rescall-grp>
</subcalloutnode>
</testgrp>
<testgrp id="nev12614015n10" j2008use="1" paperuse="1" resumable="1" screenuse="1" testgrp-id="info1" x="80" y="840">
<title>
<phrase category="" id="nev12614016n1" phrase-urn="urn:x-nevis:phrase:0800c8af81a937db">Fault-tracing i#@#@#5#ation</phrase>
</title>
<subcalloutnode>
<diagcallout>
<xref>
<ref id="nev12614016n2"/>
</xref>
</diagcallout>
<rescall-grp>
<result comp="string" highlight="0" op="eq" return="NEW TRY"/>
<calloutaction>
<ptxt>
<xref>
<ref id="nev12614016n3"/>
</xref>
</ptxt>
</calloutaction>
</rescall-grp>
<rescall-grp>
<result comp="string" highlight="0" op="eq" return="FAULTTRACING FAILED"/>
<calloutaction>
<return value="FAULTTRACING FAILED"/>
</calloutaction>
</rescall-grp>
</subcalloutnode>
</testgrp>
</diagnostic>
</servinfosub>