<?xml version="1.0" encoding="UTF-8"?><diagnostic IE-ID="en-US0900c8af823e400f" docno="VCC-166667" id="KC08854480" type="test" xml:lang="en-US">
<title>
<phrase category="" id="KC09607717" phrase-urn="urn:x-nevis:phrase:0800c8af8272525b">Verification</phrase>
</title>
<testgrp IE-ID="en-US0900c8af823e400f_KC08854486" id="KC08854486" j2008use="1" paperuse="1" resumable="1" screenuse="1" testgrp-id="verifnode" x="240" y="120">
<title>
<phrase category="" id="KC09607718" phrase-urn="urn:x-nevis:phrase:0800c8af8272525c">Verification</phrase>
</title>
<node>
<test1>
<hint>
<ptxt>
<phrase category="" id="KC09607719" phrase-urn="urn:x-nevis:phrase:0800c8af8272525d">After carrying #@#@#50#died.</phrase>
</ptxt>
</hint>
<diaglist>
<dgraphic>
<dgraphic1>
<graphic id="KC09607720">
<href>0900c8af80054d5#@#@#9#.jpeg</href>
</graphic>
</dgraphic1>
<dgraphic2>
<graphic id="KC09607721">
<href>0900c8af80054d7#@#@#9#.jpeg</href>
</graphic>
</dgraphic2>
</dgraphic>
<ditem>
<ptxt>
<phrase category="" id="KC09607722" phrase-urn="urn:x-nevis:phrase:0800c8af8272525e">Ignition off</phrase>
</ptxt>
</ditem>
<ditem>
<ptxt>
<phrase category="" id="KC09607723" phrase-urn="urn:x-nevis:phrase:0800c8af8272525f">Reinstall the c#@#@#21# etc.</phrase>
</ptxt>
</ditem>
</diaglist>
<test2>
<para>
<ptxt>
<phrase category="" id="KC09607724" phrase-urn="urn:x-nevis:phrase:0800c8af82725260">Read off the ex#@#@#82#2000.</phrase>
</ptxt>
</para>
<para>
<ptxt>
<phrase category="" id="KC09607725" phrase-urn="urn:x-nevis:phrase:0800c8af82725261">Check that the #@#@#32#ange.</phrase>
</ptxt>
</para>
<diaglist>
<dgraphic>
<dgraphic2>
<graphic id="KC09607726">
<href>0900c8af86c8681#@#@#9#.jpeg</href>
</graphic>
<smarttool active="press" id="KC09607727" toolname="YECM3024"/>
</dgraphic2>
</dgraphic>
<ditem>
<ditemtext>
<ptxt>
<phrase category="" id="KC09607728" phrase-urn="urn:x-nevis:phrase:0800c8af82725262"/>
</ptxt>
</ditemtext>
</ditem>
</diaglist>
</test2>
</test1>
<question>
Is the read of#@#@#31#nge?
</question>
<resact-grp>
<result button="yes" comp="button" highlight="0"/>
<action j2008use="1" paperuse="1" screenuse="1">
<return value="VERIFIED"/>
</action>
</resact-grp>
<resact-grp>
<result button="no" comp="button" highlight="0"/>
<action j2008use="1" paperuse="1" screenuse="1">
<return value="VERIFICATION FAILED"/>
</action>
</resact-grp>
</node>
</testgrp>
</diagnostic>