<?xml version="1.0" encoding="UTF-8"?><servinfosub IE-ID="en-US0900c8af8827311b" docno="VCC-370788" id="nev13716068n1" original="sv-SE" servinfosubId="nev13716069n1-nev24128563n1" servinfosubRes="0900c8af88274f03" servinfosubRes2="urn:x-nevis:fragment:0900c8af8827311b:0900c8af88274f03#nev24128563n1" xml:lang="en-US">
<title id="nev13716067n54">Wheel angles</title>
<procedure id="nev13716069n1-nev25262207n250">
<stepgrp id="nev13716069n1-nev25262207n249">
<procstep id="nev13716069n1-nev25262207n248" toc-include="yes">
<note id="nev13716069n1-nev25262207n247">
<ptxt id="nev13716069n1-nev25262207n246">As the illustra#@#@#181#rect.</ptxt>
</note>
</procstep>
<procstep id="nev13716069n1-nev25262207n245" toc-include="yes">
<ptxt id="nev13716069n1-nev25262207n244"> These instruct#@#@#172#ased.</ptxt>
<note id="nev13716069n1-nev25262207n243">
<ptxt id="nev13716069n1-nev25262207n242">New toe values.#@#@#166#ment.</ptxt>
</note>
<note id="nev13716069n1-nev25262207n241">
<ptxt id="nev13716069n1-nev25262207n240">The vehicle cha#@#@#122#type)</ptxt>
</note>
</procstep>
<procstep id="nev13716069n1-nev29135672n250" toc-include="yes">
<note id="nev13716069n1-nev29135672n230">
<ptxt id="nev13716069n1-nev29135672n226">After wheel ali#@#@#97#ngles</ptxt>
</note>
</procstep>
<procstep id="nev13716069n1-nev30004516n250" toc-include="yes">
<title id="nev13716069n1-nev30004516n249">Note: Vehicles #@#@#83#ified</title>
</procstep>
<procstep id="nev13716069n1-nev25262207n239" toc-include="yes">
<title id="nev13716069n1-nev30000438n236"/>
<title id="nev13716069n1-nev25262207n238">Thrust angle</title>
<grate id="nev13716069n1-nev25262207n237">
<graphic id="nev13716069n1-nev25262208n40">
<href>0900c8af866f0a2#@#@#11#.jpeg</href>
</graphic>
<graphtext id="nev13716069n1-nev25262207n235">
<list1 enumtype="d" id="nev13716069n1-nev25262207n234">
<item id="nev13716069n1-nev25262207n233">
<ptxt id="nev13716069n1-nev25262207n232">
<emph etype="bold" id="nev13716069n1-nev25262207n231">A</emph> Centre line</ptxt>
</item>
<item id="nev13716069n1-nev25262207n230">
<ptxt id="nev13716069n1-nev25262207n229">
<emph etype="bold" id="nev13716069n1-nev25262207n228">B</emph> Thrust angle</ptxt>
</item>
</list1>
</graphtext>
</grate>
</procstep>
<procstep id="nev13716069n1-nev25262207n227" toc-include="yes">
<title id="nev13716069n1-nev25262207n226"/>
<table id="nev13716069n1-nev25262207n225" pgwide="1">
<tgroup cols="5" id="nev13716069n1-nev25262207n224">
<colspec colname="col1" id="nev13716069n1-nev25262207n223"/>
<colspec colname="col2" id="nev13716069n1-nev25262207n222"/>
<colspec colname="col3" id="nev13716069n1-nev25262207n221"/>
<colspec colname="col4" id="nev13716069n1-nev25262207n220"/>
<colspec colname="col5" id="nev13716069n1-nev25262207n219"/>
<tbody id="nev13716069n1-nev25262207n218">
<row id="nev13716069n1-nev25262207n217">
<entry id="nev13716069n1-nev25262207n216" morerows="0" rotate="0">
<ptxt id="nev13716069n1-nev25262207n215">
<emph etype="bold" id="nev13716069n1-nev25262207n214">Model</emph>
</ptxt>
</entry>
<entry colsep="1" id="nev13716069n1-nev25262207n213" morerows="0" nameend="col3" namest="col2" rotate="0">
<ptxt id="nev13716069n1-nev25262207n212">
<emph etype="bold" id="nev13716069n1-nev25262207n211">Control values</emph>
</ptxt>
</entry>
<entry colsep="1" id="nev13716069n1-nev25262207n210" morerows="0" nameend="col5" namest="col4" rotate="0">
<ptxt id="nev13716069n1-nev25262207n209">
<emph etype="bold" id="nev13716069n1-nev25262207n208">Adjustment values</emph>
</ptxt>
</entry>
</row>
<row id="nev13716069n1-nev25262207n207">
<entry id="nev13716069n1-nev25262207n206" morerows="0" rotate="0"/>
<entry id="nev13716069n1-nev25262207n205" morerows="0" rotate="0">
<ptxt id="nev13716069n1-nev25262207n204">
<emph etype="bold" id="nev13716069n1-nev25262207n203">degrees</emph>
</ptxt>
</entry>
<entry id="nev13716069n1-nev25262207n202" morerows="0" rotate="0">
<ptxt id="nev13716069n1-nev25262207n201">
<emph etype="bold" id="nev13716069n1-nev25262207n200">Degree minutes</emph>
</ptxt>
</entry>
<entry id="nev13716069n1-nev25262207n199" morerows="0" rotate="0">
<ptxt id="nev13716069n1-nev25262207n198">
<emph etype="bold" id="nev13716069n1-nev25262207n197">degrees</emph>
</ptxt>
</entry>
<entry id="nev13716069n1-nev25262207n196" morerows="0" rotate="0">
<ptxt id="nev13716069n1-nev25262207n195">
<emph etype="bold" id="nev13716069n1-nev25262207n194">Degree minutes</emph>
</ptxt>
</entry>
</row>
<row id="nev13716069n1-nev25262207n193">
<entry id="nev13716069n1-nev25262207n192" morerows="0" rotate="0">
<ptxt id="nev13716069n1-nev25262207n191">S90 (17-)</ptxt>
</entry>
<entry id="nev13716069n1-nev25262207n190" morerows="0" rotate="0">
<ptxt id="nev13716069n1-nev25262207n189">0° ± 0.20°</ptxt>
</entry>
<entry id="nev13716069n1-nev25262207n188" morerows="0" rotate="0">
<ptxt id="nev13716069n1-nev25262207n187">0° ± 0°12'</ptxt>
</entry>
<entry id="nev13716069n1-nev25262207n186" morerows="0" rotate="0">
<ptxt id="nev13716069n1-nev25262207n185">0° ± 0.10°</ptxt>
</entry>
<entry id="nev13716069n1-nev25262207n184" morerows="0" rotate="0">
<ptxt id="nev13716069n1-nev25262207n183">0' ± 0°6'</ptxt>
</entry>
</row>
<row id="nev13716069n1-nev30000438n153">
<entry id="nev13716069n1-nev30000438n152" morerows="0" rotate="0"/>
<entry id="nev13716069n1-nev30000438n150" morerows="0" rotate="0"/>
<entry id="nev13716069n1-nev30000438n148" morerows="0" rotate="0"/>
<entry id="nev13716069n1-nev30000438n146" morerows="0" rotate="0"/>
<entry id="nev13716069n1-nev30000438n144" morerows="0" rotate="0"/>
</row>
<row id="nev13716069n1-nev27901522n247">
<entry id="nev13716069n1-nev27901522n246" morerows="0" rotate="0">
<ptxt id="nev13716069n1-nev27901522n245">S90 L (17-)</ptxt>
</entry>
<entry id="nev13716069n1-nev27901522n235" morerows="0" rotate="0">
<ptxt id="nev13716069n1-nev27901522n234">0° ± 0.20°</ptxt>
</entry>
<entry id="nev13716069n1-nev27901522n233" morerows="0" rotate="0">
<ptxt id="nev13716069n1-nev27901522n232">0° ± 0°12'</ptxt>
</entry>
<entry id="nev13716069n1-nev27901522n231" morerows="0" rotate="0">
<ptxt id="nev13716069n1-nev27901522n230">0° ± 0.10°</ptxt>
</entry>
<entry id="nev13716069n1-nev27901522n229" morerows="0" rotate="0">
<ptxt id="nev13716069n1-nev27901522n228">0' ± 0°6'</ptxt>
</entry>
</row>
</tbody>
</tgroup>
</table>
</procstep>
<procstep id="nev13716069n1-nev25262207n182" toc-include="yes">
<title id="nev13716069n1-nev25262207n181">Camber</title>
<grate id="nev13716069n1-nev25262207n180">
<graphic id="nev13716069n1-nev25262208n36">
<href>0900c8af866ed19#@#@#11#.jpeg</href>
</graphic>
<graphtext id="nev13716069n1-nev25262207n178">
<ptxt id="nev13716069n1-nev25262207n177">The image shows#@#@#74#line.</ptxt>
</graphtext>
</grate>
</procstep>
<procstep id="nev13716069n1-nev25262207n176" toc-include="yes">
<title id="nev13716069n1-nev25262207n175">Camber measurem#@#@#14#front</title>
<table id="nev13716069n1-nev25262207n174" pgwide="1">
<tgroup cols="7" id="nev13716069n1-nev25262207n173">
<colspec colname="col1" id="nev13716069n1-nev25262207n172"/>
<colspec colname="COLSPEC1" id="nev13716069n1-nev25262207n171"/>
<colspec colname="COLSPEC0" id="nev13716069n1-nev25262207n170"/>
<colspec colname="col2" id="nev13716069n1-nev25262207n169"/>
<colspec colname="col3" id="nev13716069n1-nev25262207n168"/>
<colspec colname="col4" id="nev13716069n1-nev25262207n167"/>
<colspec colname="col5" id="nev13716069n1-nev25262207n166"/>
<tbody id="nev13716069n1-nev25262207n165">
<row id="nev13716069n1-nev25262207n164">
<entry id="nev13716069n1-nev25262207n163" morerows="0" nameend="COLSPEC0" namest="col1" rotate="0"/>
<entry id="nev13716069n1-nev25262207n162" morerows="0" nameend="col3" namest="col2" rotate="0">
<ptxt id="nev13716069n1-nev25262207n161">
<emph etype="bold" id="nev13716069n1-nev25262207n160">Control values</emph>
</ptxt>
</entry>
<entry id="nev13716069n1-nev25262207n159" morerows="0" nameend="col5" namest="col4" rotate="0">
<ptxt id="nev13716069n1-nev25262207n158">
<emph etype="bold" id="nev13716069n1-nev25262207n157">Variation left/right</emph>
</ptxt>
</entry>
</row>
<row id="nev13716069n1-nev25262207n156">
<entry id="nev13716069n1-nev25262207n155" morerows="0" rotate="0">
<ptxt id="nev13716069n1-nev25262207n154">
<emph etype="bold" id="nev13716069n1-nev25262207n153">Model</emph>
</ptxt>
</entry>
<entry id="nev13716069n1-nev25262207n152" morerows="0" rotate="0">
<ptxt id="nev13716069n1-nev25262207n151">
<emph etype="bold" id="nev13716069n1-nev25262207n150">RA variant</emph>
</ptxt>
</entry>
<entry id="nev13716069n1-nev25262207n149" morerows="0" rotate="0">
<ptxt id="nev13716069n1-nev25262207n148">
<emph etype="bold" id="nev13716069n1-nev25262207n147">RI variant</emph>
</ptxt>
</entry>
<entry id="nev13716069n1-nev25262207n146" morerows="0" rotate="0">
<ptxt id="nev13716069n1-nev25262207n145">
<emph etype="bold" id="nev13716069n1-nev25262207n144">degrees</emph>
</ptxt>
</entry>
<entry id="nev13716069n1-nev25262207n143" morerows="0" rotate="0">
<ptxt id="nev13716069n1-nev25262207n142">
<emph etype="bold" id="nev13716069n1-nev25262207n141">Degree minutes</emph>
</ptxt>
</entry>
<entry id="nev13716069n1-nev25262207n140" morerows="0" rotate="0">
<ptxt id="nev13716069n1-nev25262207n139">
<emph etype="bold" id="nev13716069n1-nev25262207n138">degrees</emph>
</ptxt>
</entry>
<entry id="nev13716069n1-nev25262207n137" morerows="0" rotate="0">
<ptxt id="nev13716069n1-nev25262207n136">
<emph etype="bold" id="nev13716069n1-nev25262207n135">Degree minutes</emph>
</ptxt>
</entry>
</row>
<row id="nev13716069n1-nev25262207n134">
<entry id="nev13716069n1-nev25262207n133" morerows="0" rotate="0">
<ptxt id="nev13716069n1-nev25262207n132">S90 (17-)</ptxt>
</entry>
<entry id="nev13716069n1-nev25262207n131" morerows="0" rotate="0">
<ptxt id="nev13716069n1-nev25262207n130">DYNAMIC</ptxt>
</entry>
<entry id="nev13716069n1-nev25262207n129" morerows="0" rotate="0">
<ptxt id="nev13716069n1-nev25262207n128">Without air sus#@#@#2#nsion</ptxt>
</entry>
<entry id="nev13716069n1-nev25262207n127" morerows="0" rotate="0">
<ptxt id="nev13716069n1-nev29992040n227">-0.61° ± 0.07°</ptxt>
</entry>
<entry id="nev13716069n1-nev25262207n125" morerows="0" rotate="0">
<ptxt id="nev13716069n1-nev25262207n124">-0°39'24''± 0°42'</ptxt>
</entry>
<entry id="nev13716069n1-nev25262207n123" morerows="0" rotate="0">
<ptxt id="nev13716069n1-nev25262207n122">0° ± 0.07°</ptxt>
</entry>
<entry id="nev13716069n1-nev25262207n121" morerows="0" rotate="0">
<ptxt id="nev13716069n1-nev25262207n120">0° ± 0°42'</ptxt>
</entry>
</row>
<row id="nev13716069n1-nev25262207n119">
<entry id="nev13716069n1-nev25262207n118" morerows="0" rotate="0">
<ptxt id="nev13716069n1-nev25262207n117">S90 (17-)</ptxt>
<ptxt id="nev13716069n1-nev25950748n243">Twin Engine</ptxt>
</entry>
<entry id="nev13716069n1-nev25262207n116" morerows="0" rotate="0">
<ptxt id="nev13716069n1-nev25262207n115">DYNAMIC</ptxt>
</entry>
<entry id="nev13716069n1-nev25262207n114" morerows="0" rotate="0">
<ptxt id="nev13716069n1-nev25262207n113">Without air sus#@#@#3#sion </ptxt>
</entry>
<entry id="nev13716069n1-nev25262207n112" morerows="0" rotate="0">
<ptxt id="nev13716069n1-nev25262207n111">-0.69° ± 0.07°</ptxt>
</entry>
<entry id="nev13716069n1-nev25262207n110" morerows="0" rotate="0">
<ptxt id="nev13716069n1-nev25262207n109">-0°41'24''± 0°42'</ptxt>
</entry>
<entry id="nev13716069n1-nev25262207n108" morerows="0" rotate="0">
<ptxt id="nev13716069n1-nev25262207n107">0° ± 0.07°</ptxt>
</entry>
<entry id="nev13716069n1-nev25262207n106" morerows="0" rotate="0">
<ptxt id="nev13716069n1-nev25262207n105">0° ± 0°42'</ptxt>
</entry>
</row>
<row id="nev13716069n1-nev25281415n190">
<entry id="nev13716069n1-nev25281415n189" morerows="0" rotate="0">
<ptxt id="nev13716069n1-nev25281415n197">S90 (17-)</ptxt>
</entry>
<entry id="nev13716069n1-nev25281415n187" morerows="0" rotate="0">
<ptxt id="nev13716069n1-nev25281415n196">CCD</ptxt>
</entry>
<entry id="nev13716069n1-nev25281415n185" morerows="0" rotate="0">
<ptxt id="nev13716069n1-nev25281415n195">With air suspen#@#@#1#ion 2</ptxt>
</entry>
<entry id="nev13716069n1-nev25281415n183" morerows="0" rotate="0">
<ptxt id="nev13716069n1-nev25281415n128">-0.66° ± 0.07°</ptxt>
</entry>
<entry id="nev13716069n1-nev25281415n181" morerows="0" rotate="0">
<ptxt id="nev13716069n1-nev25281415n193">-0°39'36''± 0°42'</ptxt>
</entry>
<entry id="nev13716069n1-nev25281415n179" morerows="0" rotate="0">
<ptxt id="nev13716069n1-nev25281415n192">0° ± 0.07°</ptxt>
</entry>
<entry id="nev13716069n1-nev25281415n177" morerows="0" rotate="0">
<ptxt id="nev13716069n1-nev25281415n191">0° ± 0°42'</ptxt>
</entry>
</row>
<row id="nev13716069n1-nev25281415n167">
<entry id="nev13716069n1-nev25281415n166" morerows="0" rotate="0">
<ptxt id="nev13716069n1-nev25281415n174">S90 (17-)</ptxt>
</entry>
<entry id="nev13716069n1-nev25281415n164" morerows="0" rotate="0">
<ptxt id="nev13716069n1-nev25281415n173">SPORT 2</ptxt>
</entry>
<entry id="nev13716069n1-nev25281415n162" morerows="0" rotate="0">
<ptxt id="nev13716069n1-nev25281415n172">Without air sus#@#@#3#sion </ptxt>
</entry>
<entry id="nev13716069n1-nev25281415n160" morerows="0" rotate="0">
<ptxt id="nev13716069n1-nev25281415n171">-0.98° ± 0.07°</ptxt>
</entry>
<entry id="nev13716069n1-nev25281415n158" morerows="0" rotate="0">
<ptxt id="nev13716069n1-nev25281415n170">-0°58'48''± 0°42'</ptxt>
</entry>
<entry id="nev13716069n1-nev25281415n156" morerows="0" rotate="0">
<ptxt id="nev13716069n1-nev25281415n169">0° ± 0.07°</ptxt>
</entry>
<entry id="nev13716069n1-nev25281415n154" morerows="0" rotate="0">
<ptxt id="nev13716069n1-nev25281415n168">0° ± 0°42'</ptxt>
</entry>
</row>
<row id="nev13716069n1-nev27901522n205">
<entry id="nev13716069n1-nev27901522n204" morerows="0" rotate="0">
<ptxt id="nev13716069n1-nev27901522n203">S90 (17-)</ptxt>
</entry>
<entry id="nev13716069n1-nev27901522n202" morerows="0" rotate="0">
<ptxt id="nev13716069n1-nev27901522n201">POLICE</ptxt>
</entry>
<entry id="nev13716069n1-nev27901522n200" morerows="0" rotate="0">
<ptxt id="nev13716069n1-nev27901522n199">Without air sus#@#@#2#nsion</ptxt>
</entry>
<entry id="nev13716069n1-nev27901522n198" morerows="0" rotate="0">
<ptxt id="nev13716069n1-nev27901522n197">-0.47° ± 0.07°</ptxt>
</entry>
<entry id="nev13716069n1-nev27901522n196" morerows="0" rotate="0">
<ptxt id="nev13716069n1-nev27901522n195">-0°28'12''± 0°42'</ptxt>
</entry>
<entry id="nev13716069n1-nev27901522n194" morerows="0" rotate="0">
<ptxt id="nev13716069n1-nev27901522n193">0° ± 0.07°</ptxt>
</entry>
<entry id="nev13716069n1-nev27901522n192" morerows="0" rotate="0">
<ptxt id="nev13716069n1-nev27901522n191">0° ± 0°42'</ptxt>
</entry>
</row>
<row id="nev13716069n1-nev30000438n217">
<entry id="nev13716069n1-nev30000438n216" morerows="0" rotate="0"/>
<entry id="nev13716069n1-nev30000438n214" morerows="0" rotate="0"/>
<entry id="nev13716069n1-nev30000438n212" morerows="0" rotate="0"/>
<entry id="nev13716069n1-nev30000438n210" morerows="0" rotate="0"/>
<entry id="nev13716069n1-nev30000438n208" morerows="0" rotate="0"/>
<entry id="nev13716069n1-nev30000438n206" morerows="0" rotate="0"/>
<entry id="nev13716069n1-nev30000438n204" morerows="0" rotate="0"/>
</row>
<row id="nev13716069n1-nev27901522n190">
<entry id="nev13716069n1-nev27901522n189" morerows="0" rotate="0">
<ptxt id="nev13716069n1-nev27901522n188">S90 L (17-)</ptxt>
</entry>
<entry id="nev13716069n1-nev27901522n187" morerows="0" rotate="0">
<ptxt id="nev13716069n1-nev27901522n186">TOURING</ptxt>
</entry>
<entry id="nev13716069n1-nev27901522n185" morerows="0" rotate="0">
<ptxt id="nev13716069n1-nev27901522n184">Without air sus#@#@#3#sion </ptxt>
</entry>
<entry id="nev13716069n1-nev27901522n183" morerows="0" rotate="0">
<ptxt id="nev13716069n1-nev27901522n182">-0.66° ± 0.07°</ptxt>
</entry>
<entry id="nev13716069n1-nev27901522n181" morerows="0" rotate="0">
<ptxt id="nev13716069n1-nev27901522n180">-0°39'36''± 0°42'</ptxt>
</entry>
<entry id="nev13716069n1-nev27901522n179" morerows="0" rotate="0">
<ptxt id="nev13716069n1-nev27901522n178">0° ± 0.07°</ptxt>
</entry>
<entry id="nev13716069n1-nev27901522n177" morerows="0" rotate="0">
<ptxt id="nev13716069n1-nev27901522n176">0° ± 0°42'</ptxt>
</entry>
</row>
<row id="nev13716069n1-nev27901522n174">
<entry id="nev13716069n1-nev27901522n173" morerows="0" rotate="0">
<ptxt id="nev13716069n1-nev27901522n172">S90 L (17-)</ptxt>
</entry>
<entry id="nev13716069n1-nev27901522n171" morerows="0" rotate="0">
<ptxt id="nev13716069n1-nev27901522n170">CCD</ptxt>
</entry>
<entry id="nev13716069n1-nev27901522n169" morerows="0" rotate="0">
<ptxt id="nev13716069n1-nev27901522n168">With air suspen#@#@#1#ion 2</ptxt>
</entry>
<entry id="nev13716069n1-nev27901522n167" morerows="0" rotate="0">
<ptxt id="nev13716069n1-nev27901522n166">-0.66° ± 0.07°</ptxt>
</entry>
<entry id="nev13716069n1-nev27901522n165" morerows="0" rotate="0">
<ptxt id="nev13716069n1-nev27901522n164">-0°39'36''± 0°42'</ptxt>
</entry>
<entry id="nev13716069n1-nev27901522n163" morerows="0" rotate="0">
<ptxt id="nev13716069n1-nev27901522n162">0° ± 0.07°</ptxt>
</entry>
<entry id="nev13716069n1-nev27901522n161" morerows="0" rotate="0">
<ptxt id="nev13716069n1-nev27901522n160">0° ± 0°42'</ptxt>
</entry>
</row>
</tbody>
</tgroup>
</table>
</procstep>
<procstep id="nev13716069n1-nev25262207n104" toc-include="yes">
<title id="nev13716069n1-nev25262207n103">Camber measurem#@#@#13# rear</title>
<table id="nev13716069n1-nev25262207n102" pgwide="1">
<tgroup cols="7" id="nev13716069n1-nev25262207n101">
<colspec colname="col1" id="nev13716069n1-nev25262207n100"/>
<colspec colname="COLSPEC1" id="nev13716069n1-nev25262207n99"/>
<colspec colname="COLSPEC2" id="nev13716069n1-nev25262207n98"/>
<colspec colname="col2" id="nev13716069n1-nev25262207n97"/>
<colspec colname="col3" id="nev13716069n1-nev25262207n96"/>
<colspec colname="col4" id="nev13716069n1-nev25262207n95"/>
<colspec colname="col5" id="nev13716069n1-nev25262207n94"/>
<tbody id="nev13716069n1-nev25262207n93">
<row id="nev13716069n1-nev25262207n92">
<entry id="nev13716069n1-nev25262207n91" morerows="0" nameend="COLSPEC2" namest="col1" rotate="0"/>
<entry colsep="1" id="nev13716069n1-nev25262207n90" morerows="0" nameend="col3" namest="col2" rotate="0">
<ptxt id="nev13716069n1-nev25262207n89">
<emph etype="bold" id="nev13716069n1-nev25262207n88">Control values</emph>
</ptxt>
</entry>
<entry colsep="1" id="nev13716069n1-nev25262207n87" morerows="0" nameend="col5" namest="col4" rotate="0">
<ptxt id="nev13716069n1-nev25262207n86">
<emph etype="bold" id="nev13716069n1-nev25262207n85">Variation left/right</emph>
</ptxt>
</entry>
</row>
<row id="nev13716069n1-nev25262207n84">
<entry id="nev13716069n1-nev25262207n83" morerows="0" rotate="0">
<ptxt id="nev13716069n1-nev25262207n82">
<emph etype="bold" id="nev13716069n1-nev25262207n81">Model</emph>
</ptxt>
</entry>
<entry id="nev13716069n1-nev25262207n80" morerows="0" rotate="0">
<ptxt id="nev13716069n1-nev25262207n79">
<emph etype="bold" id="nev13716069n1-nev25262207n78">RA variant</emph>
</ptxt>
</entry>
<entry id="nev13716069n1-nev25262207n77" morerows="0" rotate="0">
<ptxt id="nev13716069n1-nev25262207n76">
<emph etype="bold" id="nev13716069n1-nev25262207n75">RI variant</emph>
</ptxt>
</entry>
<entry id="nev13716069n1-nev25262207n74" morerows="0" rotate="0">
<ptxt id="nev13716069n1-nev25262207n73">
<emph etype="bold" id="nev13716069n1-nev25262207n72">Minutes</emph>
</ptxt>
</entry>
<entry id="nev13716069n1-nev25262207n71" morerows="0" rotate="0">
<ptxt id="nev13716069n1-nev25262207n70">
<emph etype="bold" id="nev13716069n1-nev25262207n69">Degree minutes</emph>
</ptxt>
</entry>
<entry id="nev13716069n1-nev25262207n68" morerows="0" rotate="0">
<ptxt id="nev13716069n1-nev25262207n67">
<emph etype="bold" id="nev13716069n1-nev25262207n66">degrees</emph>
</ptxt>
</entry>
<entry id="nev13716069n1-nev25262207n65" morerows="0" rotate="0">
<ptxt id="nev13716069n1-nev25262207n64">
<emph etype="bold" id="nev13716069n1-nev25262207n63">Degree minutes</emph>
</ptxt>
</entry>
</row>
<row id="nev13716069n1-nev25262207n47">
<entry id="nev13716069n1-nev25262207n46" morerows="0" rotate="0">
<ptxt id="nev13716069n1-nev25262207n45">S90 (17-)</ptxt>
</entry>
<entry id="nev13716069n1-nev25262207n44" morerows="0" rotate="0">
<ptxt id="nev13716069n1-nev25262207n43">DYNAMIC</ptxt>
</entry>
<entry id="nev13716069n1-nev25262207n42" morerows="0" rotate="0">
<ptxt id="nev13716069n1-nev25262207n41">Without air sus#@#@#3#sion </ptxt>
</entry>
<entry id="nev13716069n1-nev25262207n40" morerows="0" rotate="0">
<ptxt id="nev13716069n1-nev25262207n39">-0.59° ± 0.07°</ptxt>
</entry>
<entry id="nev13716069n1-nev25262207n38" morerows="0" rotate="0">
<ptxt id="nev13716069n1-nev25262207n37">-0°35'24'' ± 0°42'</ptxt>
</entry>
<entry id="nev13716069n1-nev25262207n36" morerows="0" rotate="0">
<ptxt id="nev13716069n1-nev25262207n35">0° ± 0.80°</ptxt>
</entry>
<entry id="nev13716069n1-nev25262207n34" morerows="0" rotate="0">
<ptxt id="nev13716069n1-nev25262207n33">0°± 0°48'</ptxt>
</entry>
</row>
<row id="nev13716069n1-nev25281415n57">
<entry id="nev13716069n1-nev25281415n56" morerows="0" rotate="0">
<ptxt id="nev13716069n1-nev25281415n64">S90 (17-)</ptxt>
<ptxt id="nev13716069n1-nev25950748n236">Twin Engine</ptxt>
</entry>
<entry id="nev13716069n1-nev25281415n54" morerows="0" rotate="0">
<ptxt id="nev13716069n1-nev25281415n63">DYNAMIC</ptxt>
</entry>
<entry id="nev13716069n1-nev25281415n52" morerows="0" rotate="0">
<ptxt id="nev13716069n1-nev25281415n62">Without air sus#@#@#3#sion </ptxt>
</entry>
<entry id="nev13716069n1-nev25281415n50" morerows="0" rotate="0">
<ptxt id="nev13716069n1-nev25281415n61">-0.63° ± 0.07°</ptxt>
</entry>
<entry id="nev13716069n1-nev25281415n48" morerows="0" rotate="0">
<ptxt id="nev13716069n1-nev25281415n60">-0°43'48'' ± 0°42'</ptxt>
</entry>
<entry id="nev13716069n1-nev25281415n46" morerows="0" rotate="0">
<ptxt id="nev13716069n1-nev25281415n59">0° ± 0.80°</ptxt>
</entry>
<entry id="nev13716069n1-nev25281415n44" morerows="0" rotate="0">
<ptxt id="nev13716069n1-nev25281415n58">0°± 0°48'</ptxt>
</entry>
</row>
<row id="nev13716069n1-nev25282033n223">
<entry id="nev13716069n1-nev25282033n222" morerows="0" rotate="0">
<ptxt id="nev13716069n1-nev25282033n196">S90 (17-)</ptxt>
</entry>
<entry id="nev13716069n1-nev25282033n220" morerows="0" rotate="0">
<ptxt id="nev13716069n1-nev25282033n229">CCD</ptxt>
</entry>
<entry id="nev13716069n1-nev25282033n218" morerows="0" rotate="0">
<ptxt id="nev13716069n1-nev25282033n228">With air suspen#@#@#1#ion 2</ptxt>
</entry>
<entry id="nev13716069n1-nev25282033n216" morerows="0" rotate="0">
<ptxt id="nev13716069n1-nev25282033n227">-0.61° ± 0.07°</ptxt>
</entry>
<entry id="nev13716069n1-nev25282033n214" morerows="0" rotate="0">
<ptxt id="nev13716069n1-nev25282033n226">-0°36'36'' ± 0°42'</ptxt>
</entry>
<entry id="nev13716069n1-nev25282033n212" morerows="0" rotate="0">
<ptxt id="nev13716069n1-nev25282033n225">0° ± 0.85°</ptxt>
</entry>
<entry id="nev13716069n1-nev25282033n210" morerows="0" rotate="0">
<ptxt id="nev13716069n1-nev25282033n224">0° ± 0°51'</ptxt>
</entry>
</row>
<row id="nev13716069n1-nev25281415n19">
<entry id="nev13716069n1-nev25281415n18" morerows="0" rotate="0">
<ptxt id="nev13716069n1-nev25282033n195">S90 (17-) </ptxt>
</entry>
<entry id="nev13716069n1-nev25281415n16" morerows="0" rotate="0">
<ptxt id="nev13716069n1-nev25281415n25">SPORT 2</ptxt>
</entry>
<entry id="nev13716069n1-nev25281415n14" morerows="0" rotate="0">
<ptxt id="nev13716069n1-nev25281415n24">Without air sus#@#@#3#sion </ptxt>
</entry>
<entry id="nev13716069n1-nev25281415n12" morerows="0" rotate="0">
<ptxt id="nev13716069n1-nev25281415n23">-0.98° ± 0.07°</ptxt>
</entry>
<entry id="nev13716069n1-nev25281415n10" morerows="0" rotate="0">
<ptxt id="nev13716069n1-nev25281415n22">-0°58'48'' ± 0°42'</ptxt>
</entry>
<entry id="nev13716069n1-nev25281415n8" morerows="0" rotate="0">
<ptxt id="nev13716069n1-nev25281415n21">0° ± 0.80°</ptxt>
</entry>
<entry id="nev13716069n1-nev25281415n6" morerows="0" rotate="0">
<ptxt id="nev13716069n1-nev25281415n20">0°± 0°48'</ptxt>
</entry>
</row>
<row id="nev13716069n1-nev27914047n148">
<entry id="nev13716069n1-nev27914047n147" morerows="0" rotate="0">
<ptxt id="nev13716069n1-nev27914047n146">S90 (17-)</ptxt>
</entry>
<entry id="nev13716069n1-nev27914047n145" morerows="0" rotate="0">
<ptxt id="nev13716069n1-nev27914047n144">POLICE</ptxt>
</entry>
<entry id="nev13716069n1-nev27914047n143" morerows="0" rotate="0">
<ptxt id="nev13716069n1-nev27914047n142">Without air sus#@#@#3#sion </ptxt>
</entry>
<entry id="nev13716069n1-nev27914047n141" morerows="0" rotate="0">
<ptxt id="nev13716069n1-nev27914047n140">-0.35° ± 0.07°</ptxt>
</entry>
<entry id="nev13716069n1-nev27914047n139" morerows="0" rotate="0">
<ptxt id="nev13716069n1-nev27914047n138">-0°21' ± 0°42'</ptxt>
</entry>
<entry id="nev13716069n1-nev27914047n137" morerows="0" rotate="0">
<ptxt id="nev13716069n1-nev27914047n136">0° ± 0.80°</ptxt>
</entry>
<entry id="nev13716069n1-nev27914047n135" morerows="0" rotate="0">
<ptxt id="nev13716069n1-nev27914047n134">0°± 0°48'</ptxt>
</entry>
</row>
<row id="nev13716069n1-nev30000438n233">
<entry id="nev13716069n1-nev30000438n232" morerows="0" rotate="0"/>
<entry id="nev13716069n1-nev30000438n230" morerows="0" rotate="0"/>
<entry id="nev13716069n1-nev30000438n228" morerows="0" rotate="0"/>
<entry id="nev13716069n1-nev30000438n226" morerows="0" rotate="0"/>
<entry id="nev13716069n1-nev30000438n224" morerows="0" rotate="0"/>
<entry id="nev13716069n1-nev30000438n222" morerows="0" rotate="0"/>
<entry id="nev13716069n1-nev30000438n220" morerows="0" rotate="0"/>
</row>
<row id="nev13716069n1-nev27914047n244">
<entry id="nev13716069n1-nev27914047n243" morerows="0" rotate="0">
<ptxt id="nev13716069n1-nev27914047n242">S90 L (17-)</ptxt>
</entry>
<entry id="nev13716069n1-nev27914047n235" morerows="0" rotate="0">
<ptxt id="nev13716069n1-nev27914047n234">TOURING</ptxt>
</entry>
<entry id="nev13716069n1-nev27914047n233" morerows="0" rotate="0">
<ptxt id="nev13716069n1-nev27914047n232">Without air sus#@#@#3#sion </ptxt>
</entry>
<entry id="nev13716069n1-nev27914047n231" morerows="0" rotate="0">
<ptxt id="nev13716069n1-nev27914047n230">-0.61° ± 0.07°</ptxt>
</entry>
<entry id="nev13716069n1-nev27914047n229" morerows="0" rotate="0">
<ptxt id="nev13716069n1-nev27914047n228">-0°36'36'' ± 0°42'</ptxt>
</entry>
<entry id="nev13716069n1-nev27914047n227" morerows="0" rotate="0">
<ptxt id="nev13716069n1-nev27914047n226">0° ± 0.80°</ptxt>
</entry>
<entry id="nev13716069n1-nev27914047n225" morerows="0" rotate="0">
<ptxt id="nev13716069n1-nev27914047n224">0°± 0°48'</ptxt>
</entry>
</row>
<row id="nev13716069n1-nev27914047n223">
<entry id="nev13716069n1-nev27914047n222" morerows="0" rotate="0">
<ptxt id="nev13716069n1-nev27914047n221">S90 L (17-)</ptxt>
</entry>
<entry id="nev13716069n1-nev27914047n220" morerows="0" rotate="0">
<ptxt id="nev13716069n1-nev27914047n219">CCD</ptxt>
</entry>
<entry id="nev13716069n1-nev27914047n218" morerows="0" rotate="0">
<ptxt id="nev13716069n1-nev27914047n217">With air suspen#@#@#1#ion 2</ptxt>
</entry>
<entry id="nev13716069n1-nev27914047n216" morerows="0" rotate="0">
<ptxt id="nev13716069n1-nev27914047n215">-0.61° ± 0.07°</ptxt>
</entry>
<entry id="nev13716069n1-nev27914047n214" morerows="0" rotate="0">
<ptxt id="nev13716069n1-nev27914047n213">-0°36'36'' ± 0°42'</ptxt>
</entry>
<entry id="nev13716069n1-nev27914047n212" morerows="0" rotate="0">
<ptxt id="nev13716069n1-nev27914047n211">0° ± 0.85°</ptxt>
</entry>
<entry id="nev13716069n1-nev27914047n210" morerows="0" rotate="0">
<ptxt id="nev13716069n1-nev27914047n209">0° ± 0°51'</ptxt>
</entry>
</row>
</tbody>
</tgroup>
</table>
</procstep>
<procstep id="nev13716069n1-nev25262207n32" toc-include="yes">
<title id="nev13716069n1-nev25262207n31">Castor</title>
<grate id="nev13716069n1-nev25262207n30">
<graphic id="nev13716069n1-nev25262208n32">
<href>0900c8af866ed19#@#@#11#.jpeg</href>
</graphic>
<graphtext id="nev13716069n1-nev25262207n28">
<ptxt id="nev13716069n1-nev25262207n27">The image shows#@#@#20#ngle.</ptxt>
</graphtext>
</grate>
</procstep>
<procstep id="nev13716069n1-nev25262207n26" toc-include="yes">
<title id="nev13716069n1-nev25262207n25">Castor measurem#@#@#15#front</title>
<table id="nev13716069n1-nev25262207n24" pgwide="1">
<tgroup cols="7" id="nev13716069n1-nev25262207n23">
<colspec colname="col1" id="nev13716069n1-nev25262207n22"/>
<colspec colname="COLSPEC0" id="nev13716069n1-nev25262207n21"/>
<colspec colname="COLSPEC1" id="nev13716069n1-nev25262207n20"/>
<colspec colname="col2" id="nev13716069n1-nev25262207n19"/>
<colspec colname="col3" id="nev13716069n1-nev25262207n18"/>
<colspec colname="col4" id="nev13716069n1-nev25262207n17"/>
<colspec colname="col5" id="nev13716069n1-nev25262207n16"/>
<tbody id="nev13716069n1-nev25262207n15">
<row id="nev13716069n1-nev25262207n14">
<entry id="nev13716069n1-nev25262207n13" morerows="0" nameend="COLSPEC1" namest="col1" rotate="0"/>
<entry colsep="1" id="nev13716069n1-nev25262207n12" morerows="0" nameend="col3" namest="col2" rotate="0">
<ptxt id="nev13716069n1-nev25262207n11">
<emph etype="bold" id="nev13716069n1-nev25262207n10">Control values</emph>
</ptxt>
</entry>
<entry colsep="1" id="nev13716069n1-nev25262207n9" morerows="0" nameend="col5" namest="col4" rotate="0">
<ptxt id="nev13716069n1-nev25262207n8">
<emph etype="bold" id="nev13716069n1-nev25262207n7">Variation left/right</emph>
</ptxt>
</entry>
</row>
<row id="nev13716069n1-nev25262207n6">
<entry id="nev13716069n1-nev25262207n5" morerows="0" rotate="0">
<ptxt id="nev13716069n1-nev25262207n4">
<emph etype="bold" id="nev13716069n1-nev25262207n3">Model</emph>
</ptxt>
</entry>
<entry id="nev13716069n1-nev25262207n2" morerows="0" rotate="0">
<ptxt id="nev13716069n1-nev25262207n1">
<emph etype="bold" id="nev13716069n1-nev25262208n250">RA variant</emph>
</ptxt>
</entry>
<entry id="nev13716069n1-nev25262208n249" morerows="0" rotate="0">
<ptxt id="nev13716069n1-nev25262208n248">
<emph etype="bold" id="nev13716069n1-nev25262208n247">RI variant</emph>
</ptxt>
</entry>
<entry id="nev13716069n1-nev25262208n246" morerows="0" rotate="0">
<ptxt id="nev13716069n1-nev25262208n245">
<emph etype="bold" id="nev13716069n1-nev25262208n244">degrees</emph>
</ptxt>
</entry>
<entry id="nev13716069n1-nev25262208n243" morerows="0" rotate="0">
<ptxt id="nev13716069n1-nev25262208n242">
<emph etype="bold" id="nev13716069n1-nev25262208n241">Degree minutes</emph>
</ptxt>
</entry>
<entry id="nev13716069n1-nev25262208n240" morerows="0" rotate="0">
<ptxt id="nev13716069n1-nev25262208n239">
<emph etype="bold" id="nev13716069n1-nev25262208n238">degrees</emph>
</ptxt>
</entry>
<entry id="nev13716069n1-nev25262208n237" morerows="0" rotate="0">
<ptxt id="nev13716069n1-nev25262208n236">
<emph etype="bold" id="nev13716069n1-nev25262208n235">Degree minutes</emph>
</ptxt>
</entry>
</row>
<row id="nev13716069n1-nev25308754n228">
<entry id="nev13716069n1-nev25308754n227" morerows="0" rotate="0">
<ptxt id="nev13716069n1-nev25308754n78">S90 (17-)</ptxt>
</entry>
<entry id="nev13716069n1-nev25308754n225" morerows="0" rotate="0">
<ptxt id="nev13716069n1-nev25308754n234">DYNAMIC</ptxt>
</entry>
<entry id="nev13716069n1-nev25308754n223" morerows="0" rotate="0">
<ptxt id="nev13716069n1-nev25308754n211">Without air sus#@#@#3#sion </ptxt>
</entry>
<entry id="nev13716069n1-nev25308754n221" morerows="0" rotate="0">
<ptxt id="nev13716069n1-nev25308754n232">6.05° ± 0.60°</ptxt>
</entry>
<entry id="nev13716069n1-nev25308754n219" morerows="0" rotate="0">
<ptxt id="nev13716069n1-nev25308754n231">6°03' ± 0°36'</ptxt>
</entry>
<entry id="nev13716069n1-nev25308754n217" morerows="0" rotate="0">
<ptxt id="nev13716069n1-nev25308754n230">0° ± 0.60°</ptxt>
</entry>
<entry id="nev13716069n1-nev25308754n215" morerows="0" rotate="0">
<ptxt id="nev13716069n1-nev25308754n229">0° ± 0°36'</ptxt>
</entry>
</row>
<row id="nev13716069n1-nev25308754n110">
<entry id="nev13716069n1-nev25308754n109" morerows="0" rotate="0">
<ptxt id="nev13716069n1-nev25308754n77">S90 (17-)</ptxt>
</entry>
<entry id="nev13716069n1-nev25308754n107" morerows="0" rotate="0">
<ptxt id="nev13716069n1-nev25308754n116">CCD</ptxt>
</entry>
<entry id="nev13716069n1-nev25308754n105" morerows="0" rotate="0">
<ptxt id="nev13716069n1-nev25308754n115">With air suspen#@#@#1#ion 2</ptxt>
</entry>
<entry id="nev13716069n1-nev25308754n103" morerows="0" rotate="0">
<ptxt id="nev13716069n1-nev25308754n114">6.05° ± 0.60°</ptxt>
</entry>
<entry id="nev13716069n1-nev25308754n101" morerows="0" rotate="0">
<ptxt id="nev13716069n1-nev25308754n113">6°03' ± 0°36'</ptxt>
</entry>
<entry id="nev13716069n1-nev25308754n99" morerows="0" rotate="0">
<ptxt id="nev13716069n1-nev25308754n112">0° ± 0.60°</ptxt>
</entry>
<entry id="nev13716069n1-nev25308754n97" morerows="0" rotate="0">
<ptxt id="nev13716069n1-nev25308754n111">0° ± 0°36'</ptxt>
</entry>
</row>
<row id="nev13716069n1-nev25308754n133">
<entry id="nev13716069n1-nev25308754n132" morerows="0" rotate="0">
<ptxt id="nev13716069n1-nev25308754n76">S90 (17-)</ptxt>
</entry>
<entry id="nev13716069n1-nev25308754n130" morerows="0" rotate="0">
<ptxt id="nev13716069n1-nev25308754n139">SPORT 2</ptxt>
</entry>
<entry id="nev13716069n1-nev25308754n128" morerows="0" rotate="0">
<ptxt id="nev13716069n1-nev25308754n138">Without air sus#@#@#3#sion </ptxt>
</entry>
<entry id="nev13716069n1-nev25308754n126" morerows="0" rotate="0">
<ptxt id="nev13716069n1-nev25308754n137">6.30° ± 0.60°</ptxt>
</entry>
<entry id="nev13716069n1-nev25308754n124" morerows="0" rotate="0">
<ptxt id="nev13716069n1-nev25308754n136">6°18' ± 0°36'</ptxt>
</entry>
<entry id="nev13716069n1-nev25308754n122" morerows="0" rotate="0">
<ptxt id="nev13716069n1-nev25308754n135">0° ± 0.60°</ptxt>
</entry>
<entry id="nev13716069n1-nev25308754n120" morerows="0" rotate="0">
<ptxt id="nev13716069n1-nev25308754n134">0° ± 0°36'</ptxt>
</entry>
</row>
<row id="nev13716069n1-nev27925421n241">
<entry id="nev13716069n1-nev27925421n240" morerows="0" rotate="0">
<ptxt id="nev13716069n1-nev27925421n239">S90 (17-)</ptxt>
</entry>
<entry id="nev13716069n1-nev27925421n235" morerows="0" rotate="0">
<ptxt id="nev13716069n1-nev27925421n234">POLICE</ptxt>
</entry>
<entry id="nev13716069n1-nev27925421n233" morerows="0" rotate="0">
<ptxt id="nev13716069n1-nev27925421n232">Without air sus#@#@#2#nsion</ptxt>
</entry>
<entry id="nev13716069n1-nev27925421n231" morerows="0" rotate="0">
<ptxt id="nev13716069n1-nev27925421n230">5.90° ± 0.60°</ptxt>
</entry>
<entry id="nev13716069n1-nev27925421n229" morerows="0" rotate="0">
<ptxt id="nev13716069n1-nev27925421n228">5°54' ± 0°36'</ptxt>
</entry>
<entry id="nev13716069n1-nev27925421n227" morerows="0" rotate="0">
<ptxt id="nev13716069n1-nev27925421n226">0° ± 0.60°</ptxt>
</entry>
<entry id="nev13716069n1-nev27925421n225" morerows="0" rotate="0">
<ptxt id="nev13716069n1-nev27925421n224">0° ± 0°36'</ptxt>
</entry>
</row>
<row id="nev13716069n1-nev30000438n201">
<entry id="nev13716069n1-nev30000438n200" morerows="0" rotate="0"/>
<entry id="nev13716069n1-nev30000438n198" morerows="0" rotate="0"/>
<entry id="nev13716069n1-nev30000438n196" morerows="0" rotate="0"/>
<entry id="nev13716069n1-nev30000438n194" morerows="0" rotate="0"/>
<entry id="nev13716069n1-nev30000438n192" morerows="0" rotate="0"/>
<entry id="nev13716069n1-nev30000438n190" morerows="0" rotate="0"/>
<entry id="nev13716069n1-nev30000438n188" morerows="0" rotate="0"/>
</row>
<row id="nev13716069n1-nev27925421n223">
<entry id="nev13716069n1-nev27925421n222" morerows="0" rotate="0">
<ptxt id="nev13716069n1-nev27925421n221">S90 L (17-) </ptxt>
</entry>
<entry id="nev13716069n1-nev27925421n220" morerows="0" rotate="0">
<ptxt id="nev13716069n1-nev27925421n219">TOURING</ptxt>
</entry>
<entry id="nev13716069n1-nev27925421n218" morerows="0" rotate="0">
<ptxt id="nev13716069n1-nev27925421n217">Without air sus#@#@#2#nsion</ptxt>
</entry>
<entry id="nev13716069n1-nev27925421n216" morerows="0" rotate="0">
<ptxt id="nev13716069n1-nev27925421n215">6.05° ± 0.60°</ptxt>
</entry>
<entry id="nev13716069n1-nev27925421n214" morerows="0" rotate="0">
<ptxt id="nev13716069n1-nev27925421n213">6°03' ± 0°36'</ptxt>
</entry>
<entry id="nev13716069n1-nev27925421n212" morerows="0" rotate="0">
<ptxt id="nev13716069n1-nev27925421n211">0° ± 0.60°</ptxt>
</entry>
<entry id="nev13716069n1-nev27925421n210" morerows="0" rotate="0">
<ptxt id="nev13716069n1-nev27925421n209">0° ± 0°36'</ptxt>
</entry>
</row>
<row id="nev13716069n1-nev27925421n208">
<entry id="nev13716069n1-nev27925421n207" morerows="0" rotate="0">
<ptxt id="nev13716069n1-nev27925421n206">S90 L (17-) </ptxt>
</entry>
<entry id="nev13716069n1-nev27925421n205" morerows="0" rotate="0">
<ptxt id="nev13716069n1-nev27925421n204">CCD</ptxt>
</entry>
<entry id="nev13716069n1-nev27925421n203" morerows="0" rotate="0">
<ptxt id="nev13716069n1-nev27925421n202">With air suspen#@#@#1#ion 2</ptxt>
</entry>
<entry id="nev13716069n1-nev27925421n201" morerows="0" rotate="0">
<ptxt id="nev13716069n1-nev27925421n200">6.05° ± 0.60°</ptxt>
</entry>
<entry id="nev13716069n1-nev27925421n199" morerows="0" rotate="0">
<ptxt id="nev13716069n1-nev27925421n198">6°03' ± 0°36'</ptxt>
</entry>
<entry id="nev13716069n1-nev27925421n197" morerows="0" rotate="0">
<ptxt id="nev13716069n1-nev27925421n196">0° ± 0.60°</ptxt>
</entry>
<entry id="nev13716069n1-nev27925421n195" morerows="0" rotate="0">
<ptxt id="nev13716069n1-nev27925421n194">0° ± 0°36'</ptxt>
</entry>
</row>
</tbody>
</tgroup>
</table>
</procstep>
<procstep id="nev13716069n1-nev25262208n204" toc-include="yes">
<title id="nev13716069n1-nev25262208n203">Toe</title>
<grate id="nev13716069n1-nev25262208n202">
<graphic id="nev13716069n1-nev25262208n28">
<href>0900c8af866f09c#@#@#11#.jpeg</href>
</graphic>
<graphtext id="nev13716069n1-nev25262208n200">
<ptxt id="nev13716069n1-nev25262208n199">Adjustment to p#@#@#92#ngle.</ptxt>
<note id="nev13716069n1-nev25262208n198">
<ptxt id="nev13716069n1-nev25262208n197">All published t#@#@#69#her).</ptxt>
</note>
</graphtext>
</grate>
</procstep>
<procstep id="nev13716069n1-nev25262208n196" toc-include="yes">
<title id="nev13716069n1-nev25262208n195">Toe measurement#@#@#19#front</title>
<table id="nev13716069n1-nev25262208n194" pgwide="1">
<tgroup cols="7" id="nev13716069n1-nev25262208n193">
<colspec colname="col1" colwidth="1.00*" id="nev13716069n1-nev25262208n192"/>
<colspec colname="COLSPEC3" colwidth="1.00*" id="nev13716069n1-nev25262208n191"/>
<colspec colname="COLSPEC2" colwidth="1.00*" id="nev13716069n1-nev25262208n190"/>
<colspec colname="col2" colwidth="1.00*" id="nev13716069n1-nev25262208n189"/>
<colspec colname="col3" colwidth="1.00*" id="nev13716069n1-nev25262208n188"/>
<colspec colname="col4" colwidth="1.00*" id="nev13716069n1-nev25262208n187"/>
<colspec colname="col5" colwidth="1.00*" id="nev13716069n1-nev25262208n186"/>
<tbody id="nev13716069n1-nev25262208n185">
<row id="nev13716069n1-nev25262208n184">
<entry id="nev13716069n1-nev25262208n183" morerows="0" nameend="COLSPEC2" namest="col1" rotate="0"/>
<entry colsep="1" id="nev13716069n1-nev25262208n182" morerows="0" nameend="col3" namest="col2" rotate="0">
<ptxt id="nev13716069n1-nev25262208n181">
<emph etype="bold" id="nev13716069n1-nev25262208n180">Control values</emph>
</ptxt>
</entry>
<entry colsep="1" id="nev13716069n1-nev25262208n179" morerows="0" nameend="col5" namest="col4" rotate="0">
<ptxt id="nev13716069n1-nev25262208n178">
<emph etype="bold" id="nev13716069n1-nev25262208n177">Variation left/right</emph>
</ptxt>
</entry>
</row>
<row id="nev13716069n1-nev25262208n176">
<entry id="nev13716069n1-nev25262208n175" morerows="0" rotate="0">
<ptxt id="nev13716069n1-nev25262208n174">
<emph etype="bold" id="nev13716069n1-nev25262208n173">Model</emph>
</ptxt>
</entry>
<entry id="nev13716069n1-nev25262208n172" morerows="0" rotate="0">
<ptxt id="nev13716069n1-nev25262208n171">
<emph etype="bold" id="nev13716069n1-nev25262208n170">RA variant</emph>
</ptxt>
</entry>
<entry id="nev13716069n1-nev25262208n169" morerows="0" rotate="0">
<ptxt id="nev13716069n1-nev25262208n168">
<emph etype="bold" id="nev13716069n1-nev25262208n167">RI variant</emph>
</ptxt>
</entry>
<entry id="nev13716069n1-nev25262208n166" morerows="0" rotate="0">
<ptxt id="nev13716069n1-nev25262208n165">
<emph etype="bold" id="nev13716069n1-nev25262208n164">degrees</emph>
</ptxt>
</entry>
<entry id="nev13716069n1-nev25262208n163" morerows="0" rotate="0">
<ptxt id="nev13716069n1-nev25262208n162">
<emph etype="bold" id="nev13716069n1-nev25262208n161">Degree minutes</emph>
</ptxt>
</entry>
<entry id="nev13716069n1-nev25262208n160" morerows="0" rotate="0">
<ptxt id="nev13716069n1-nev25262208n159">
<emph etype="bold" id="nev13716069n1-nev25262208n158">degrees</emph>
</ptxt>
</entry>
<entry id="nev13716069n1-nev25262208n157" morerows="0" rotate="0">
<ptxt id="nev13716069n1-nev25262208n156">
<emph etype="bold" id="nev13716069n1-nev25262208n155">Degree minutes</emph>
</ptxt>
</entry>
</row>
<row id="nev13716069n1-nev25309197n236">
<entry id="nev13716069n1-nev25309197n235" morerows="0" rotate="0">
<ptxt id="nev13716069n1-nev25309197n243">S90 (17-)</ptxt>
</entry>
<entry id="nev13716069n1-nev25309197n233" morerows="0" rotate="0">
<ptxt id="nev13716069n1-nev25309197n242">DYNAMIC</ptxt>
</entry>
<entry id="nev13716069n1-nev25309197n231" morerows="0" rotate="0">
<ptxt id="nev13716069n1-nev25309197n221">Without air sus#@#@#3#sion </ptxt>
</entry>
<entry id="nev13716069n1-nev25309197n229" morerows="0" rotate="0">
<ptxt id="nev13716069n1-nev25309197n240">0.20° ± 0.20°</ptxt>
</entry>
<entry id="nev13716069n1-nev25309197n227" morerows="0" rotate="0">
<ptxt id="nev13716069n1-nev25309197n239">0°12' ± 0°12'</ptxt>
</entry>
<entry id="nev13716069n1-nev25309197n225" morerows="0" rotate="0">
<ptxt id="nev13716069n1-nev25309197n238">0.10° ± 0.10°</ptxt>
</entry>
<entry id="nev13716069n1-nev25309197n223" morerows="0" rotate="0">
<ptxt id="nev13716069n1-nev29992040n228">0°06' ± 0°06'</ptxt>
</entry>
</row>
<row id="nev13716069n1-nev25262208n154">
<entry id="nev13716069n1-nev25262208n153" morerows="0" rotate="0">
<ptxt id="nev13716069n1-nev25309197n219">S90 (17-)</ptxt>
</entry>
<entry id="nev13716069n1-nev25262208n151" morerows="0" rotate="0">
<ptxt id="nev13716069n1-nev25262208n150">CCD</ptxt>
</entry>
<entry id="nev13716069n1-nev25262208n149" morerows="0" rotate="0">
<ptxt id="nev13716069n1-nev25262208n148">With air suspen#@#@#1#ion 2</ptxt>
</entry>
<entry id="nev13716069n1-nev25262208n147" morerows="0" rotate="0">
<ptxt id="nev13716069n1-nev25309197n218">0.20° ± 0.20°</ptxt>
</entry>
<entry id="nev13716069n1-nev25262208n145" morerows="0" rotate="0">
<ptxt id="nev13716069n1-nev25309197n217">0°12' ± 0°12'</ptxt>
</entry>
<entry id="nev13716069n1-nev25262208n143" morerows="0" rotate="0">
<ptxt id="nev13716069n1-nev25309197n249">0.10° ± 0.10°</ptxt>
</entry>
<entry id="nev13716069n1-nev25262208n141" morerows="0" rotate="0">
<ptxt id="nev13716069n1-nev29992040n229">0°06' ± 0°06'</ptxt>
</entry>
</row>
<row id="nev13716069n1-nev25262208n139">
<entry id="nev13716069n1-nev25262208n138" morerows="0" rotate="0">
<ptxt id="nev13716069n1-nev25308754n74">S90 (17-)</ptxt>
</entry>
<entry id="nev13716069n1-nev25262208n136" morerows="0" rotate="0">
<ptxt id="nev13716069n1-nev25262208n135">SPORT 2</ptxt>
</entry>
<entry id="nev13716069n1-nev25262208n134" morerows="0" rotate="0">
<ptxt id="nev13716069n1-nev25262208n133">Without air sus#@#@#3#sion </ptxt>
</entry>
<entry id="nev13716069n1-nev25262208n132" morerows="0" rotate="0">
<ptxt id="nev13716069n1-nev25309197n216">0.20° ± 0.20°</ptxt>
</entry>
<entry id="nev13716069n1-nev25262208n130" morerows="0" rotate="0">
<ptxt id="nev13716069n1-nev25309197n215">0°12' ± 0°12'</ptxt>
</entry>
<entry id="nev13716069n1-nev25262208n128" morerows="0" rotate="0">
<ptxt id="nev13716069n1-nev25309197n246">0.10° ± 0.10°</ptxt>
</entry>
<entry id="nev13716069n1-nev25262208n126" morerows="0" rotate="0">
<ptxt id="nev13716069n1-nev29992040n230">0°06' ± 0°06'</ptxt>
</entry>
</row>
<row id="nev13716069n1-nev27925785n238">
<entry id="nev13716069n1-nev27925785n237" morerows="0" rotate="0">
<ptxt id="nev13716069n1-nev27925785n236">S90 (17-)</ptxt>
</entry>
<entry id="nev13716069n1-nev27925785n235" morerows="0" rotate="0">
<ptxt id="nev13716069n1-nev27925785n234">POLICE</ptxt>
</entry>
<entry id="nev13716069n1-nev27925785n233" morerows="0" rotate="0">
<ptxt id="nev13716069n1-nev27925785n232">Without air sus#@#@#3#sion </ptxt>
</entry>
<entry id="nev13716069n1-nev27925785n231" morerows="0" rotate="0">
<ptxt id="nev13716069n1-nev27925785n230">0.20° ± 0.20°</ptxt>
</entry>
<entry id="nev13716069n1-nev27925785n229" morerows="0" rotate="0">
<ptxt id="nev13716069n1-nev27925785n228">0°12' ± 0°12'</ptxt>
</entry>
<entry id="nev13716069n1-nev27925785n227" morerows="0" rotate="0">
<ptxt id="nev13716069n1-nev27925785n226">0.10° ± 0.10°</ptxt>
</entry>
<entry id="nev13716069n1-nev27925785n225" morerows="0" rotate="0">
<ptxt id="nev13716069n1-nev29992040n231">0°06' ± 0°06'</ptxt>
</entry>
</row>
<row id="nev13716069n1-nev30000438n185">
<entry id="nev13716069n1-nev30000438n184" morerows="0" rotate="0"/>
<entry id="nev13716069n1-nev30000438n182" morerows="0" rotate="0"/>
<entry id="nev13716069n1-nev30000438n180" morerows="0" rotate="0"/>
<entry id="nev13716069n1-nev30000438n178" morerows="0" rotate="0"/>
<entry id="nev13716069n1-nev30000438n176" morerows="0" rotate="0"/>
<entry id="nev13716069n1-nev30000438n174" morerows="0" rotate="0"/>
<entry id="nev13716069n1-nev30000438n172" morerows="0" rotate="0"/>
</row>
<row id="nev13716069n1-nev27925785n223">
<entry id="nev13716069n1-nev27925785n222" morerows="0" rotate="0">
<ptxt id="nev13716069n1-nev27925785n221">S90 L (17-)</ptxt>
</entry>
<entry id="nev13716069n1-nev27925785n220" morerows="0" rotate="0">
<ptxt id="nev13716069n1-nev27925785n219">TOURING</ptxt>
</entry>
<entry id="nev13716069n1-nev27925785n218" morerows="0" rotate="0">
<ptxt id="nev13716069n1-nev27925785n217">Without air sus#@#@#2#nsion</ptxt>
</entry>
<entry id="nev13716069n1-nev27925785n216" morerows="0" rotate="0">
<ptxt id="nev13716069n1-nev27925785n215">0.20° ± 0.20°</ptxt>
</entry>
<entry id="nev13716069n1-nev27925785n214" morerows="0" rotate="0">
<ptxt id="nev13716069n1-nev27925785n213">0°12' ± 0°12'</ptxt>
</entry>
<entry id="nev13716069n1-nev27925785n212" morerows="0" rotate="0">
<ptxt id="nev13716069n1-nev27925785n211">0.10° ± 0.10°</ptxt>
</entry>
<entry id="nev13716069n1-nev27925785n210" morerows="0" rotate="0">
<ptxt id="nev13716069n1-nev29992040n232">0°06' ± 0°06'</ptxt>
</entry>
</row>
<row id="nev13716069n1-nev27925785n208">
<entry id="nev13716069n1-nev27925785n207" morerows="0" rotate="0">
<ptxt id="nev13716069n1-nev27925785n206">S90 L (17-)</ptxt>
</entry>
<entry id="nev13716069n1-nev27925785n205" morerows="0" rotate="0">
<ptxt id="nev13716069n1-nev27925785n204">CCD</ptxt>
</entry>
<entry id="nev13716069n1-nev27925785n203" morerows="0" rotate="0">
<ptxt id="nev13716069n1-nev27925785n202">With air suspen#@#@#1#ion 2</ptxt>
</entry>
<entry id="nev13716069n1-nev27925785n201" morerows="0" rotate="0">
<ptxt id="nev13716069n1-nev27925785n200">0.20° ± 0.20°</ptxt>
</entry>
<entry id="nev13716069n1-nev27925785n199" morerows="0" rotate="0">
<ptxt id="nev13716069n1-nev27925785n198">0°12' ± 0°12'</ptxt>
</entry>
<entry id="nev13716069n1-nev27925785n197" morerows="0" rotate="0">
<ptxt id="nev13716069n1-nev27925785n196">0.10° ± 0.10°</ptxt>
</entry>
<entry id="nev13716069n1-nev27925785n195" morerows="0" rotate="0">
<ptxt id="nev13716069n1-nev29992040n233">0°06' ± 0°06'</ptxt>
</entry>
</row>
</tbody>
</tgroup>
</table>
</procstep>
<procstep id="nev13716069n1-nev25262208n124" toc-include="yes">
<title id="nev13716069n1-nev25262208n123">Toe measurement#@#@#18# rear</title>
<table id="nev13716069n1-nev25262208n122" pgwide="1">
<tgroup cols="7" id="nev13716069n1-nev25262208n121">
<colspec colname="col1" id="nev13716069n1-nev25262208n120"/>
<colspec colname="COLSPEC4" id="nev13716069n1-nev25262208n119"/>
<colspec colname="COLSPEC5" id="nev13716069n1-nev25262208n118"/>
<colspec colname="col2" id="nev13716069n1-nev25262208n117"/>
<colspec colname="col3" id="nev13716069n1-nev25262208n116"/>
<colspec colname="col4" id="nev13716069n1-nev25262208n115"/>
<colspec colname="col5" id="nev13716069n1-nev25262208n114"/>
<tbody id="nev13716069n1-nev25262208n113">
<row id="nev13716069n1-nev25262208n112">
<entry id="nev13716069n1-nev25262208n111" morerows="0" nameend="COLSPEC5" namest="col1" rotate="0"/>
<entry colsep="1" id="nev13716069n1-nev25262208n110" morerows="0" nameend="col3" namest="col2" rotate="0">
<ptxt id="nev13716069n1-nev25262208n109">
<emph etype="bold" id="nev13716069n1-nev25262208n108">Control values</emph>
</ptxt>
</entry>
<entry colsep="1" id="nev13716069n1-nev25262208n107" morerows="0" nameend="col5" namest="col4" rotate="0">
<ptxt id="nev13716069n1-nev25262208n106">
<emph etype="bold" id="nev13716069n1-nev25262208n105">Variation left/right</emph>
</ptxt>
</entry>
</row>
<row id="nev13716069n1-nev25262208n104">
<entry id="nev13716069n1-nev25262208n103" morerows="0" rotate="0">
<ptxt id="nev13716069n1-nev25262208n102">
<emph etype="bold" id="nev13716069n1-nev25262208n101">Model</emph>
</ptxt>
</entry>
<entry id="nev13716069n1-nev25262208n100" morerows="0" rotate="0">
<ptxt id="nev13716069n1-nev25262208n99">
<emph etype="bold" id="nev13716069n1-nev25262208n98">RA variant</emph>
</ptxt>
</entry>
<entry id="nev13716069n1-nev25262208n97" morerows="0" rotate="0">
<ptxt id="nev13716069n1-nev25262208n96">
<emph etype="bold" id="nev13716069n1-nev25262208n95">RI variant</emph>
</ptxt>
</entry>
<entry id="nev13716069n1-nev25262208n94" morerows="0" rotate="0">
<ptxt id="nev13716069n1-nev25262208n93">
<emph etype="bold" id="nev13716069n1-nev25262208n92">degrees</emph>
</ptxt>
</entry>
<entry id="nev13716069n1-nev25262208n91" morerows="0" rotate="0">
<ptxt id="nev13716069n1-nev25262208n90">
<emph etype="bold" id="nev13716069n1-nev25262208n89">Minutes</emph>
</ptxt>
</entry>
<entry id="nev13716069n1-nev25262208n88" morerows="0" rotate="0">
<ptxt id="nev13716069n1-nev25262208n87">
<emph etype="bold" id="nev13716069n1-nev25262208n86">degrees</emph>
</ptxt>
</entry>
<entry id="nev13716069n1-nev25262208n85" morerows="0" rotate="0">
<ptxt id="nev13716069n1-nev25262208n84">
<emph etype="bold" id="nev13716069n1-nev25262208n83">Minutes</emph>
</ptxt>
</entry>
</row>
<row id="nev13716069n1-nev25309489n175">
<entry id="nev13716069n1-nev25309489n174" morerows="0" rotate="0">
<ptxt id="nev13716069n1-nev25309489n203">S90 (17-)</ptxt>
</entry>
<entry id="nev13716069n1-nev25309489n172" morerows="0" rotate="0">
<ptxt id="nev13716069n1-nev25309489n202">DYNAMIC</ptxt>
</entry>
<entry id="nev13716069n1-nev25309489n170" morerows="0" rotate="0">
<ptxt id="nev13716069n1-nev25309489n201">Without air sus#@#@#3#sion </ptxt>
</entry>
<entry id="nev13716069n1-nev25309489n168" morerows="0" rotate="0">
<ptxt id="nev13716069n1-nev25309489n97">0.20° ± 0.20°</ptxt>
</entry>
<entry id="nev13716069n1-nev25309489n166" morerows="0" rotate="0">
<ptxt id="nev13716069n1-nev25309489n96">0°12' ± 0°12'</ptxt>
</entry>
<entry id="nev13716069n1-nev25309489n164" morerows="0" rotate="0">
<ptxt id="nev13716069n1-nev25309489n95">0.10° ± 0.10°</ptxt>
</entry>
<entry id="nev13716069n1-nev25309489n162" morerows="0" rotate="0">
<ptxt id="nev13716069n1-nev25309489n94">0°06' ± 0°06'</ptxt>
</entry>
</row>
<row id="nev13716069n1-nev25309489n145">
<entry id="nev13716069n1-nev25309489n144" morerows="0" rotate="0">
<ptxt id="nev13716069n1-nev25309489n189">S90 (17-)</ptxt>
</entry>
<entry id="nev13716069n1-nev25309489n142" morerows="0" rotate="0">
<ptxt id="nev13716069n1-nev25309489n188">CCD</ptxt>
</entry>
<entry id="nev13716069n1-nev25309489n140" morerows="0" rotate="0">
<ptxt id="nev13716069n1-nev25309489n187">With air suspen#@#@#1#ion 2</ptxt>
</entry>
<entry id="nev13716069n1-nev25309489n138" morerows="0" rotate="0">
<ptxt id="nev13716069n1-nev25309489n106">0.20° ± 0.20°</ptxt>
</entry>
<entry id="nev13716069n1-nev25309489n136" morerows="0" rotate="0">
<ptxt id="nev13716069n1-nev25309489n105">0°12' ± 0°12'</ptxt>
</entry>
<entry id="nev13716069n1-nev25309489n134" morerows="0" rotate="0">
<ptxt id="nev13716069n1-nev27926703n133">0.10° ± 0.10°</ptxt>
</entry>
<entry id="nev13716069n1-nev25309489n132" morerows="0" rotate="0">
<ptxt id="nev13716069n1-nev29992040n250">0°06' ± 0°06'</ptxt>
</entry>
</row>
<row id="nev13716069n1-nev25309489n130">
<entry id="nev13716069n1-nev25309489n129" morerows="0" rotate="0">
<ptxt id="nev13716069n1-nev25309489n182">S90 (17-)</ptxt>
</entry>
<entry id="nev13716069n1-nev25309489n127" morerows="0" rotate="0">
<ptxt id="nev13716069n1-nev25309489n181">SPORT 2</ptxt>
</entry>
<entry id="nev13716069n1-nev25309489n125" morerows="0" rotate="0">
<ptxt id="nev13716069n1-nev25309489n180">Without air sus#@#@#3#sion </ptxt>
</entry>
<entry id="nev13716069n1-nev25309489n123" morerows="0" rotate="0">
<ptxt id="nev13716069n1-nev25309489n101">0.20° ± 0.20°</ptxt>
</entry>
<entry id="nev13716069n1-nev25309489n121" morerows="0" rotate="0">
<ptxt id="nev13716069n1-nev25309489n100">0°12' ± 0°12'</ptxt>
</entry>
<entry id="nev13716069n1-nev25309489n119" morerows="0" rotate="0">
<ptxt id="nev13716069n1-nev25309489n99">0.10° ± 0.10°</ptxt>
</entry>
<entry id="nev13716069n1-nev25309489n117" morerows="0" rotate="0">
<ptxt id="nev13716069n1-nev29992040n237">0°06' ± 0°06'</ptxt>
</entry>
</row>
<row id="nev13716069n1-nev27926703n238">
<entry id="nev13716069n1-nev27926703n237" morerows="0" rotate="0">
<ptxt id="nev13716069n1-nev27926703n236">S90 (17-)</ptxt>
</entry>
<entry id="nev13716069n1-nev27926703n235" morerows="0" rotate="0">
<ptxt id="nev13716069n1-nev27926703n234">POLICE</ptxt>
</entry>
<entry id="nev13716069n1-nev27926703n233" morerows="0" rotate="0">
<ptxt id="nev13716069n1-nev27926703n232">Without air sus#@#@#3#sion </ptxt>
</entry>
<entry id="nev13716069n1-nev27926703n231" morerows="0" rotate="0">
<ptxt id="nev13716069n1-nev27926703n230">0.20° ± 0.20°</ptxt>
</entry>
<entry id="nev13716069n1-nev27926703n229" morerows="0" rotate="0">
<ptxt id="nev13716069n1-nev27926703n228">0°12' ± 0°12'</ptxt>
</entry>
<entry id="nev13716069n1-nev27926703n227" morerows="0" rotate="0">
<ptxt id="nev13716069n1-nev27926703n226">0.10° ± 0.10°</ptxt>
</entry>
<entry id="nev13716069n1-nev27926703n225" morerows="0" rotate="0">
<ptxt id="nev13716069n1-nev29992040n236">0°06' ± 0°06'</ptxt>
</entry>
</row>
<row id="nev13716069n1-nev30000438n169">
<entry id="nev13716069n1-nev30000438n168" morerows="0" rotate="0"/>
<entry id="nev13716069n1-nev30000438n166" morerows="0" rotate="0"/>
<entry id="nev13716069n1-nev30000438n164" morerows="0" rotate="0"/>
<entry id="nev13716069n1-nev30000438n162" morerows="0" rotate="0"/>
<entry id="nev13716069n1-nev30000438n160" morerows="0" rotate="0"/>
<entry id="nev13716069n1-nev30000438n158" morerows="0" rotate="0"/>
<entry id="nev13716069n1-nev30000438n156" morerows="0" rotate="0"/>
</row>
<row id="nev13716069n1-nev27926703n223">
<entry id="nev13716069n1-nev27926703n222" morerows="0" rotate="0">
<ptxt id="nev13716069n1-nev27926703n221">S90 L (17-)</ptxt>
</entry>
<entry id="nev13716069n1-nev27926703n220" morerows="0" rotate="0">
<ptxt id="nev13716069n1-nev27926703n219">TOURING</ptxt>
</entry>
<entry id="nev13716069n1-nev27926703n218" morerows="0" rotate="0">
<ptxt id="nev13716069n1-nev27926703n217">Without air sus#@#@#2#nsion</ptxt>
</entry>
<entry id="nev13716069n1-nev27926703n216" morerows="0" rotate="0">
<ptxt id="nev13716069n1-nev27926703n215">0.20° ± 0.20°</ptxt>
</entry>
<entry id="nev13716069n1-nev27926703n214" morerows="0" rotate="0">
<ptxt id="nev13716069n1-nev27926703n213">0°12' ± 0°12'</ptxt>
</entry>
<entry id="nev13716069n1-nev27926703n212" morerows="0" rotate="0">
<ptxt id="nev13716069n1-nev27926703n211">0.10° ± 0.10°</ptxt>
</entry>
<entry id="nev13716069n1-nev27926703n210" morerows="0" rotate="0">
<ptxt id="nev13716069n1-nev29992040n235">0°06' ± 0°06'</ptxt>
</entry>
</row>
<row id="nev13716069n1-nev27926703n208">
<entry id="nev13716069n1-nev27926703n207" morerows="0" rotate="0">
<ptxt id="nev13716069n1-nev27926703n206">S90 L (17-)</ptxt>
</entry>
<entry id="nev13716069n1-nev27926703n205" morerows="0" rotate="0">
<ptxt id="nev13716069n1-nev27926703n204">CCD</ptxt>
</entry>
<entry id="nev13716069n1-nev27926703n203" morerows="0" rotate="0">
<ptxt id="nev13716069n1-nev27926703n202">With air suspen#@#@#1#ion 2</ptxt>
</entry>
<entry id="nev13716069n1-nev27926703n201" morerows="0" rotate="0">
<ptxt id="nev13716069n1-nev27926703n200">0.20° ± 0.20°</ptxt>
</entry>
<entry id="nev13716069n1-nev27926703n199" morerows="0" rotate="0">
<ptxt id="nev13716069n1-nev27926703n198">0°12' ± 0°12'</ptxt>
</entry>
<entry id="nev13716069n1-nev27926703n197" morerows="0" rotate="0">
<ptxt id="nev13716069n1-nev27926703n196">0.10° ± 0.10°</ptxt>
</entry>
<entry id="nev13716069n1-nev27926703n195" morerows="0" rotate="0">
<ptxt id="nev13716069n1-nev29992040n234">0°06' ± 0°06'</ptxt>
</entry>
</row>
</tbody>
</tgroup>
</table>
</procstep>
</stepgrp>
</procedure>
</servinfosub>