<?xml version="1.0" encoding="UTF-8"?><servinfosub IE-ID="en-US0900c8af806a911b" docno="VCC-116780" id="KC02052590" xml:lang="en-US">
<title>Repairing tailg#@#@#15#hment</title>
<procedure>
<procstep>
<title>Remove tailgate#@#@#1#panel</title>
<grate>
<graphic id="KC08692254">
<href>0900c8af803f7f3#@#@#9#.jpeg</href>
</graphic>
<graphtext>
<para>
<ptxt>Carefully remov#@#@#25#ever.</ptxt>
</para>
</graphtext>
</grate>
</procstep>
<procstep>
<title>Protect panels</title>
<grate>
<graphic id="KC08692255">
<href>0900c8af803f829#@#@#9#.jpeg</href>
</graphic>
<graphtext>
<note>
<ptxt>The upper panels <emph>must</emph> be covered to #@#@#29#nels.</ptxt>
</note>
<para>
<ptxt>Insert a piece #@#@#68#tion.</ptxt>
</para>
</graphtext>
</grate>
</procstep>
<procstep>
<title>Loosen panel wi#@#@#19#ition</title>
<grate>
<graphic id="KC08692256">
<href>0900c8af803f828#@#@#9#.jpeg</href>
</graphic>
<graphtext>
<para>
<ptxt>Carefully pull #@#@#44#lips.</ptxt>
<ptxt> If it is diffi#@#@#48#aid.
</ptxt>
</para>
</graphtext>
</grate>
</procstep>
<procstep>
<title>Remove panel fr#@#@#6#lgate</title>
<grate>
<graphic id="KC08692257">
<href>0900c8af803f828#@#@#9#.jpeg</href>
</graphic>
<graphtext>
<para>
<ptxt>Carefully push #@#@#63#gate.</ptxt>
<ptxt>
<emph> Make sure card#@#@#13#lace.</emph>
</ptxt>
<ptxt>Remove upper mo#@#@#19#anel.</ptxt>
<ptxt>Loosen up the p#@#@#53#ion.
</ptxt>
<ptxt>
<emph>Reinstall clips#@#@#8#gate.</emph>
</ptxt>
</para>
</graphtext>
</grate>
</procstep>
<procstep>
<title>Install reinfor#@#@#1#ement</title>
<grate>
<graphic id="KC08692258">
<href>0900c8af806a911#@#@#9#.jpeg</href>
</graphic>
<graphtext>
<para>
<ptxt>Inspect all cli#@#@#31#ieces</ptxt>
</para>
<note>
<ptxt>Do not drill ho#@#@#128# hole</ptxt>
</note>
<para>
<ptxt>Secure the plat#@#@#44#rews.</ptxt>
<ptxt>Reinstall tailg#@#@#40#rder.</ptxt>
</para>
</graphtext>
</grate>
</procstep>
</procedure>
</servinfosub>