<?xml version="1.0" encoding="UTF-8"?><servinfosub IE-ID="en-US0900c8af83e7f11b" docno="VCC-268891" id="nev11066059n1" xml:lang="en-US">
<title>
<phrase category="" id="nev11066059n2" phrase-urn="urn:x-nevis:phrase:0800c8af8270e975">Signal too low</phrase>
</title>
<diagnostic j2008use="1" layout="0" paperuse="1" screenuse="1" type="test">
<testgrp IE-ID="en-US0900c8af83e7f11b_nev11066059n3" id="nev11066059n3" j2008use="1" paperuse="1" resumable="1" screenuse="1" testgrp-id="node1" x="100" y="80">
<title>
<phrase category="" id="nev11066059n4" phrase-urn="urn:x-nevis:phrase:0800c8af8270e976">Checking the wiring</phrase>
</title>
<node>
<test1>
<diaglist>
<dgraphic>
<dgraphic1>
<graphic id="nev11066059n5">
<href>0900c8af80054d4#@#@#9#.jpeg</href>
</graphic>
</dgraphic1>
<dgraphic3>
<graphic id="nev11066059n6">
<href>0900c8af80054cc#@#@#9#.jpeg</href>
</graphic>
</dgraphic3>
</dgraphic>
<ditem>
<ptxt>
<phrase category="" id="nev11066059n7" phrase-urn="urn:x-nevis:phrase:0800c8af8270e977">Ignition off.</phrase>
</ptxt>
</ditem>
</diaglist>
<test2>
<para>
<ptxt>
<phrase category="Faulttracing" id="nev12307165n1" phrase-urn="urn:x-nevis:phrase:0800c8af839ba815">Click on the sy#@#@#77#nsor.</phrase>
</ptxt>
<ptxt id="nev12307164n98">
<phrase category="Faulttracing" id="nev12307166n1" phrase-urn="urn:x-nevis:phrase:0800c8af839ba817">For information#@#@#68#tion.</phrase>
</ptxt>
</para>
<para>
<ptxt>
<phrase category="" id="nev11066059n9" phrase-urn="urn:x-nevis:phrase:0800c8af8270e966">Check the power#@#@#32#ound.</phrase>
</ptxt>
<ptxt>
<phrase category="" id="nev11066059n10" phrase-urn="urn:x-nevis:phrase:0800c8af8270e967">Take readings b#@#@#2#ween:</phrase>
</ptxt>
</para>
<list1 enumtype="d" type="unordered">
<item>
<ptxt>
<phrase category="" id="nev11066060n1" phrase-urn="urn:x-nevis:phrase:0800c8af8270e968">Central electro#@#@#84#al #2</phrase>
</ptxt>
</item>
<item>
<ptxt>
<phrase category="" id="nev11066060n2" phrase-urn="urn:x-nevis:phrase:0800c8af8270e969">Central electro#@#@#85#l #4.</phrase>
</ptxt>
</item>
</list1>
<para>
<ptxt>
<phrase category="" id="nev11066060n3" phrase-urn="urn:x-nevis:phrase:0800c8af8270e96a">Remedy as necessary.</phrase>
</ptxt>
</para>
<para id="nev11066219n100">
<ptxt id="nev11066219n99">
<phrase category="Faulttracing" id="nev11066282n1" phrase-urn="urn:x-nevis:phrase:0800c8af824f7fff">If no fault has#@#@#64#ures.</phrase>
</ptxt>
</para>
<list1 id="nev11066219n97">
<item id="nev11066219n96">
<ptxt id="nev11066219n95">
<phrase category="Faulttracing" id="nev11066283n1" phrase-urn="urn:x-nevis:phrase:0800c8af82d0492e">Replace the DC/#@#@#8#rter.</phrase>
</ptxt>
</item>
</list1>
<list1 enumtype="d" type="unordered">
<title>
<phrase category="" id="nev11066060n4" phrase-urn="urn:x-nevis:phrase:0800c8af8270e96b">Other information</phrase>
</title>
<item id="nev11176380n100">
<ptxt id="nev11176380n99">
<xref id="nev11176380n98">
<ref id="l1124794703749"/>
</xref>
</ptxt>
</item>
<item id="nev11176380n96">
<ptxt id="nev11176380n95">
<xref id="nev12747524n100">
<ref id="l1124794730202"/>
</xref>
</ptxt>
</item>
<item id="nev11176380n92">
<ptxt id="nev11176380n91">
<xref id="nev11176380n90">
<ref id="l1124794752406"/>
</xref>
</ptxt>
</item>
<item id="nev11176380n88">
<ptxt id="nev11176380n87">
<xref id="nev11176380n86">
<ref id="l1124794779609"/>
</xref>
</ptxt>
</item>
<item id="nev11176380n84">
<ptxt id="nev11176380n83">
<xref id="nev11176380n82">
<ref id="l1124794811703"/>
</xref>
</ptxt>
</item>
<item id="nev11176380n80">
<ptxt id="nev11176380n79">
<xref id="nev11176380n78">
<ref id="l1124794842704"/>
</xref>
</ptxt>
</item>
</list1>
<diaglist>
<dgraphic>
<dgraphic1>
<graphic id="nev11066061n5">
<href>0900c8af80a53b1#@#@#9#.jpeg</href>
</graphic>
</dgraphic1>
<dgraphic2 id="nev12307162n100">
<graphic id="l1152278020687">
<href>0900c8af86c8681#@#@#9#.jpeg</href>
</graphic>
<smarttool active="press" id="l1152278033385"/>
</dgraphic2>
</dgraphic>
</diaglist>
</test2>
</test1>
<question>
Select Continue.
</question>
<resact-grp>
<result button="cont" comp="button" highlight="0"/>
<action j2008use="1" paperuse="1" screenuse="1">
<ptxt>
<xref>
<ref id="nev11066061n10"/>
</xref>
</ptxt>
</action>
</resact-grp>
</node>
</testgrp>
<testgrp id="nev11066062n1" j2008use="1" paperuse="1" resumable="1" screenuse="1" testgrp-id="veria" x="120" y="200">
<title>
<phrase category="" id="nev11066062n2" phrase-urn="urn:x-nevis:phrase:0800c8af8270e973">Verification</phrase>
</title>
<subcalloutnode>
<diagcallout>
<xref>
<ref id="nev11066062n3"/>
</xref>
</diagcallout>
<rescall-grp>
<result comp="string" highlight="0" op="eq" return="VERIFIED"/>
<calloutaction>
<return value="FAULT FOUND"/>
</calloutaction>
</rescall-grp>
<rescall-grp>
<result comp="string" highlight="0" op="eq" return="VERIFICATION FAILED"/>
<calloutaction>
<ptxt>
<xref>
<ref id="nev11066062n4"/>
</xref>
</ptxt>
</calloutaction>
</rescall-grp>
</subcalloutnode>
</testgrp>
<testgrp id="nev11066062n5" j2008use="1" paperuse="0" resumable="1" screenuse="1" testgrp-id="info1" x="120" y="340">
<title>
<phrase category="" id="nev11066062n6" phrase-urn="urn:x-nevis:phrase:0800c8af8270e974">Fault-tracing i#@#@#5#ation</phrase>
</title>
<subcalloutnode>
<diagcallout>
<xref>
<ref id="nev11066062n7"/>
</xref>
</diagcallout>
<rescall-grp>
<result comp="string" highlight="0" op="eq" return="FAULTTRACING FAILED"/>
<calloutaction>
<return value="FAULTTRACING FAILED"/>
</calloutaction>
</rescall-grp>
<rescall-grp>
<result comp="string" highlight="0" op="eq" return="NEW TRY"/>
<calloutaction>
<ptxt>
<xref>
<ref id="nev11066062n8"/>
</xref>
</ptxt>
</calloutaction>
</rescall-grp>
</subcalloutnode>
</testgrp>
</diagnostic>
</servinfosub>