<?xml version="1.0" encoding="UTF-8"?><servinfosub IE-ID="en-US0900c8af8570811b" docno="VCC-441185" id="nev17456122n1" servinfosubId="nev20685453n1-nev20685453n2" servinfosubRes="0900c8af862c1e37" servinfosubRes2="urn:x-nevis:fragment:0900c8af8570811b:0900c8af862c1e37#nev20685453n2" xml:lang="en-US">
<title id="nev17456122n2">Description of #@#@#57#ation</title>
<para id="nev20685453n1-nev17456122n3">
<ptxt id="nev20685453n1-nev17456122n4">
<xref id="nev20685453n1-nev17456122n5">
<ref id="nev20685453n1-nev17456122n6"/>
</xref>
</ptxt>
<ptxt id="nev20685453n1-nev17456122n7">
<xref id="nev20685453n1-nev17456122n8">
<ref id="nev20685453n1-nev17456122n9"/>
</xref>
</ptxt>
<ptxt id="nev20685453n1-nev17456122n10">
<xref id="nev20685453n1-nev17456123n1">
<ref id="nev20685453n1-nev17456123n2"/>
</xref>
</ptxt>
</para>
</servinfosub>