<?xml version="1.0" encoding="UTF-8"?><servinfosub IE-ID="en-US0900c8af80cd211b" docno="VCC-152742" id="KC02737204" xml:lang="en-US">
<title>
<phrase category="" id="KC09452099" phrase-urn="urn:x-nevis:phrase:0800c8af82709393">Faulty signal</phrase>
</title>
<diagnostic j2008use="1" paperuse="1" screenuse="1" type="test">
<testgrp IE-ID="en-US0900c8af80cd211b_KC02755960" id="KC02755960" j2008use="1" paperuse="1" resumable="1" screenuse="1" testgrp-id="node1" x="120" y="80">
<title>
<phrase category="" id="KC09452100" phrase-urn="urn:x-nevis:phrase:0800c8af82709394">Checking the co#@#@#2#onent</phrase>
</title>
<node>
<test1>
<test2>
<para>
<ptxt>
<phrase category="" id="KC09452101" phrase-urn="urn:x-nevis:phrase:0800c8af82709396">The infotainmen#@#@#145#CEM).</phrase>
</ptxt>
</para>
<para>
<ptxt>
<phrase category="" id="KC09452102" phrase-urn="urn:x-nevis:phrase:0800c8af82709399">The cause of th#@#@#125#MMM).</phrase>
</ptxt>
</para>
<hint>
<ptxt>
<phrase category="" id="KC09452103" phrase-urn="urn:x-nevis:phrase:0800c8af8270939a">When downloadin#@#@#239#car. </phrase>
</ptxt>
</hint>
<para>
<ptxt>
<phrase category="" id="KC09452104" phrase-urn="urn:x-nevis:phrase:0800c8af8270939b">Try replacing t#@#@#76#aded.</phrase>
</ptxt>
</para>
<para>
<ptxt>
<phrase category="" id="KC09452105" phrase-urn="urn:x-nevis:phrase:0800c8af8270939c">Remedy as necessary.</phrase>
</ptxt>
</para>
<list1 enumtype="d" type="unordered">
<title>
<phrase category="" id="KC09452106" phrase-urn="urn:x-nevis:phrase:0800c8af8270939d">Other information</phrase>
</title>
<item>
<ptxt>
<phrase category="" id="KC09452107" phrase-urn="urn:x-nevis:phrase:0800c8af8270939e">
<xref>
<ref id="KC09452108"/>
</xref>
</phrase>
</ptxt>
</item>
</list1>
<grate>
<graphic id="KC09452109">
<href>0900c8af80056a7#@#@#9#.jpeg</href>
</graphic>
</grate>
</test2>
</test1>
<question>
Select Continue.
</question>
<resact-grp>
<result button="cont" comp="button" highlight="0"/>
<action j2008use="1" paperuse="1" screenuse="1">
<ptxt>
<xref>
<ref id="KC09452111"/>
</xref>
</ptxt>
</action>
</resact-grp>
</node>
</testgrp>
<testgrp id="KC02755961" j2008use="1" paperuse="1" resumable="1" screenuse="1" testgrp-id="veria" x="120" y="200">
<title>
<phrase category="" id="KC09452112" phrase-urn="urn:x-nevis:phrase:0800c8af827093a0">Verification</phrase>
</title>
<subcalloutnode>
<diagcallout>
<xref>
<ref id="KC09452113"/>
</xref>
</diagcallout>
<rescall-grp>
<result comp="string" highlight="0" op="eq" return="VERIFIED"/>
<calloutaction>
<return value="FAULT FOUND"/>
</calloutaction>
</rescall-grp>
<rescall-grp>
<result comp="string" highlight="0" op="eq" return="VERIFICATION FAILED"/>
<calloutaction>
<ptxt>
<xref>
<ref id="KC09452114"/>
</xref>
</ptxt>
</calloutaction>
</rescall-grp>
</subcalloutnode>
</testgrp>
<testgrp id="KC02755962" j2008use="1" paperuse="1" resumable="1" screenuse="1" testgrp-id="info1" x="360" y="200">
<title>
<phrase category="" id="KC09452115" phrase-urn="urn:x-nevis:phrase:0800c8af827093a1">Fault-tracing i#@#@#5#ation</phrase>
</title>
<subcalloutnode>
<diagcallout>
<xref>
<ref id="KC09452116"/>
</xref>
</diagcallout>
<rescall-grp>
<result comp="string" highlight="0" op="eq" return="FAULTTRACING FAILED"/>
<calloutaction>
<return value="FAULTTRACING FAILED"/>
</calloutaction>
</rescall-grp>
<rescall-grp>
<result comp="string" highlight="0" op="eq" return="NEW TRY"/>
<calloutaction>
<ptxt>
<xref>
<ref id="KC09452117"/>
</xref>
</ptxt>
</calloutaction>
</rescall-grp>
</subcalloutnode>
</testgrp>
</diagnostic>
</servinfosub>