<?xml version="1.0" encoding="UTF-8"?><servinfosub IE-ID="en-US0900c8af84bf411b" docno="VCC-370204" id="nev13710518n1" original="sv-SE" servinfosubId="nev13710519n1-nev15138163n1" servinfosubRes="0900c8af84c7ebb4" servinfosubRes2="urn:x-nevis:fragment:0900c8af84bf411b:0900c8af84c7ebb4#nev15138163n1" xml:lang="en-US">
<title id="nev13710517n20">Cylinder block,#@#@#7#ement</title>
<procedure id="nev13710519n1-nev15225935n6">
<stepgrp boilerplate="false" context="" id="nev13710519n1-nev15225939n77">
<title id="nev13710519n1-nev15225935n8">Reconditioning</title>
<procstep id="nev13710519n1-nev15225935n9">
<caution id="nev13710519n1-nev15225936n1">
<ptxt>Make sure that #@#@#63#rial.</ptxt>
</caution>
</procstep>
<procstep id="nev13710519n1-nev15225936n2">
<note id="nev13710519n1-nev15225936n4">
<ptxt>If the specifie#@#@#50#lled.</ptxt>
</note>
</procstep>
<procstep id="nev13710519n1-nev15225909n85">
<para id="nev13710519n1-nev15225939n70">
<ptxt id="nev13710519n1-nev15225939n72">See information#@#@#16#tions<xref boilerplate="true" id="nev13710519n1-nev15225939n73">
<ref id="nev13710519n1-nev15225939n71"/>
</xref>
</ptxt>
</para>
</procstep>
<procstep id="nev13710519n1-nev15225937n1">
<grate id="nev13710519n1-nev15225937n2">
<graphic id="nev13710519n1-nev15225937n3">
<href>0900c8af84a56bc#@#@#9#.jpeg</href>
</graphic>
<graphtext id="nev13710519n1-nev15225946n1">
<para id="nev13710519n1-nev15225939n67">
<ptxt id="nev13710519n1-nev15225939n68">
<equipment equipmentid="" equipmentname="Hole indicator" id="nev13710519n1-nev15225937n7"/>
</ptxt>
</para>
</graphtext>
</grate>
</procstep>
<procstep id="nev13710519n1-nev15225937n8">
<grate id="nev13710519n1-nev15225937n9">
<graphic id="nev13710519n1-nev15225937n10">
<href>0900c8af84a56bf#@#@#9#.jpeg</href>
</graphic>
<graphtext id="nev13710519n1-nev15225953n1">
<para id="nev13710519n1-nev15225939n65">
<ptxt id="nev13710519n1-nev15225939n66">
<equipment equipmentid="" equipmentname="Feeler gauge" id="nev13710519n1-nev15225938n4"/>
</ptxt>
</para>
</graphtext>
</grate>
</procstep>
</stepgrp>
</procedure>
</servinfosub>