<?xml version="1.0" encoding="UTF-8"?><servinfosub IE-ID="en-US0900c8af8533211b" docno="VCC-408702" id="nev15298659n1" xml:lang="en-US">
<title>
<phrase category="Title" id="nev15298659n2" phrase-urn="urn:x-nevis:phrase:0800c8af81eb9a54">Diagnostic trou#@#@#21#ation</phrase>
<phrase category="Prefix" id="nev15298659n3" phrase-urn="urn:x-nevis:phrase:0800c8af8015c3f5">ECM</phrase>-P05621C</title>
<diagnostic j2008use="1" paperuse="1" screenuse="1" type="condition">
<condgrp>
<condition type="condition">
<grate>
<graphic id="nev15298659n4">
<href>0900c8af80054d6#@#@#9#.jpeg</href>
</graphic>
<graphtext>
<para>
<ptxt>
<phrase category="Condition" id="nev15298861n1" phrase-urn="urn:x-nevis:phrase:0800c8af84d855e4">The Engine cont#@#@#40#tage.</phrase>
</ptxt>
<ptxt>
<phrase category="Condition" id="nev15298862n1" phrase-urn="urn:x-nevis:phrase:0800c8af82c4843c">The diagnostic #@#@#59#that:</phrase>
</ptxt>
</para>
<list1 id="nev15298843n98">
<item id="nev15298843n97">
<ptxt id="nev15298843n96">
<phrase category="Condition" id="nev15298923n1" phrase-urn="urn:x-nevis:phrase:0800c8af84d855e9">The system volt#@#@#29#onds.</phrase>
</ptxt>
</item>
</list1>
</graphtext>
</grate>
</condition>
</condgrp>
<condgrp>
<condition type="substitution">
<list1 enumtype="d" type="unordered">
<item>
<ptxt>
<phrase category="" id="nev15298659n8" phrase-urn="urn:x-nevis:phrase:0800c8af81aa0e95">None.</phrase>
</ptxt>
</item>
</list1>
</condition>
<ps>
<list1 enumtype="d" type="unordered">
<item id="nev15298843n94">
<ptxt id="nev15298843n93">
<phrase category="Possible source" id="nev15298924n1" phrase-urn="urn:x-nevis:phrase:0800c8af81eab9ad">Problem with th#@#@#13#GEN).</phrase>
</ptxt>
<hint id="nev16729205n100">
<ptxt id="nev16729205n99">
<phrase category="Faulttracing" id="nev16729208n1" phrase-urn="urn:x-nevis:phrase:0800c8af85331c9c">The function of#@#@#132#eral.</phrase>
</ptxt>
</hint>
</item>
<item>
<ptxt>
<phrase category="" id="nev15298659n9" phrase-urn="urn:x-nevis:phrase:0800c8af81aa0e96">Faulty charging#@#@#2#ystem</phrase>
</ptxt>
</item>
<item>
<ptxt>
<phrase category="" id="nev15298659n10" phrase-urn="urn:x-nevis:phrase:0800c8af81aa0e97">Damaged battery.</phrase>
</ptxt>
</item>
<item id="nev15298843n91">
<ptxt id="nev15298843n90">
<phrase category="Possible source" id="nev15298925n1" phrase-urn="urn:x-nevis:phrase:0800c8af81eab906">Contact resista#@#@#44#ions.</phrase>
</ptxt>
</item>
</list1>
</ps>
</condgrp>
<condgrp>
<condition type="symptom">
<list1 enumtype="d" type="unordered">
<item id="nev15298843n88">
<ptxt id="nev15298843n87">
<phrase category="Symptom CSC" id="nev15298926n1" phrase-urn="urn:x-nevis:phrase:0800c8af8388f00f">AB, Starting/En#@#@#52#times</phrase>
</ptxt>
</item>
<item>
<ptxt>
<phrase category="Symptom CSC" id="nev15298660n1" phrase-urn="urn:x-nevis:phrase:0800c8af8388f05b">BJ, Starting/En#@#@#39#times</phrase>
</ptxt>
</item>
</list1>
</condition>
</condgrp>
</diagnostic>
</servinfosub>