<?xml version="1.0" encoding="UTF-8"?><servinfosub IE-ID="en-US0900c8af838cd11b" docno="VCC-149966" id="KC02729463" servinfosubId="nev20682407n1-nev20682407n2" servinfosubRes="0900c8af862b8ae9" servinfosubRes2="urn:x-nevis:fragment:0900c8af838cd11b:0900c8af862b8ae9#nev20682407n2" xml:lang="en-US">
<title id="nev12229136n250">Location of com#@#@#2#nents</title>
<grate id="nev20682407n1-nev12234901n247" pgwide="1">
<graphic id="nev20682407n1-nev12234901n246">
<href>0900c8af80126b5#@#@#9#.jpeg</href>
</graphic>
</grate>
<table frame="all" id="nev20682407n1-nev12229136n243" pgwide="">
<tgroup cols="1" colsep="1" id="nev20682407n1-nev12229136n241" rowsep="1">
<colspec colname="COLSPEC3" colwidth="119*" id="nev20682407n1-nev12229136n238"/>
<tbody id="nev20682407n1-nev12229136n237">
<row id="nev20682407n1-nev12229136n235">
<entry align="left" id="nev20682407n1-nev12229136n227" valign="top">
<ptxt id="nev20682407n1-nev12229136n225">
<emph id="nev20682407n1-nev12229136n223">Description</emph>
</ptxt>
</entry>
</row>
<row id="nev20682407n1-nev12229136n221">
<entry align="left" id="nev20682407n1-nev12229136n215" valign="top">
<ptxt id="nev20682407n1-nev12229136n213">Subwoofer modul#@#@#2#(SUB)</ptxt>
</entry>
</row>
</tbody>
</tgroup>
</table>
</servinfosub>