<?xml version="1.0" encoding="UTF-8"?><servinfosub IE-ID="en-US0900c8af8460811b" docno="VCC-383194" id="nev13883323n1" xml:lang="en-US">
<title>
<phrase category="Title" id="nev13929987n1" phrase-urn="urn:x-nevis:phrase:0800c8af81eb9a54">Diagnostic trou#@#@#21#ation</phrase>
<phrase category="Prefix" id="nev13929988n1" phrase-urn="urn:x-nevis:phrase:0800c8af8015c3f5">ECM</phrase>-0490</title>
<diagnostic j2008use="1" paperuse="1" screenuse="1" type="condition">
<condgrp>
<condition type="condition">
<grate>
<graphic id="nev13883323n3">
<href>0900c8af8204a38#@#@#9#.jpeg</href>
</graphic>
<graphtext>
<ptxt>
<phrase category="" id="nev13883323n4" phrase-urn="urn:x-nevis:phrase:0800c8af823dc356">The engine cont#@#@#72#tion.</phrase>
</ptxt>
<ptxt>
<phrase category="" id="nev13883323n5" phrase-urn="urn:x-nevis:phrase:0800c8af823dc357">If the Engine C#@#@#281#ning.</phrase>
</ptxt>
</graphtext>
</grate>
</condition>
</condgrp>
<condgrp>
<condition type="substitution">
<list1 enumtype="d" type="unordered">
<item>
<ptxt>
<phrase category="" id="nev13883323n6" phrase-urn="urn:x-nevis:phrase:0800c8af823dc358">Nothing.</phrase>
</ptxt>
</item>
</list1>
</condition>
<ps>
<list1 enumtype="d" type="unordered">
<item>
<ptxt>
<phrase category="" id="nev13883323n7" phrase-urn="urn:x-nevis:phrase:0800c8af823dc359">The exhaust gas#@#@#63#oot).</phrase>
</ptxt>
</item>
<item>
<ptxt>
<phrase category="" id="nev13883323n8" phrase-urn="urn:x-nevis:phrase:0800c8af823dc35a">Damaged exhaust#@#@#26#alve.</phrase>
</ptxt>
</item>
</list1>
</ps>
</condgrp>
<condgrp>
<condition type="symptom">
<list1 enumtype="d" type="unordered">
<item>
<ptxt>
<phrase category="Symptom" id="nev13900151n1" phrase-urn="urn:x-nevis:phrase:0800c8af8223dd67">None</phrase>
</ptxt>
</item>
</list1>
</condition>
</condgrp>
</diagnostic>
</servinfosub>