<?xml version="1.0" encoding="UTF-8"?><servinfosub IE-ID="en-US0900c8af8014611b" docno="VCC-141597" id="KC01167567" xml:lang="en-US">
<title>
<phrase category="" id="KC08789302" phrase-urn="urn:x-nevis:phrase:0800c8af81ffb24f">Faulty signal</phrase>
</title>
<diagnostic type="test">
<testgrp IE-ID="en-US0900c8af8014611b_KC01167568" id="KC01167568" j2008use="1" paperuse="1" resumable="1" screenuse="1" testgrp-id="node1" x="120" y="80">
<title>
<phrase category="" id="KC08789303" phrase-urn="urn:x-nevis:phrase:0800c8af81ffb250">Checking the in#@#@#6#ystem</phrase>
</title>
<node>
<test1>
<test2>
<para>
<ptxt>
<phrase category="" id="KC08789304" phrase-urn="urn:x-nevis:phrase:0800c8af81ffb251">Check that the #@#@#112#ive. </phrase>
</ptxt>
</para>
<para>
<ptxt>
<phrase category="" id="KC08789305" phrase-urn="urn:x-nevis:phrase:0800c8af81ffb252">Check that the #@#@#82#nent.</phrase>
</ptxt>
</para>
<hint>
<ptxt>
<phrase category="" id="KC08789306" phrase-urn="urn:x-nevis:phrase:0800c8af81ffb253">This diagnostic#@#@#57#nsor.</phrase>
</ptxt>
</hint>
<para>
<ptxt>
<phrase category="" id="KC08789307" phrase-urn="urn:x-nevis:phrase:0800c8af81ffb254">Remedy as necessary.</phrase>
</ptxt>
</para>
<list1 enumtype="d" type="unordered">
<title>
<phrase category="" id="KC08789308" phrase-urn="urn:x-nevis:phrase:0800c8af81ffb255">Other information</phrase>
</title>
<item>
<ptxt>
<phrase category="" id="KC08789309" phrase-urn="urn:x-nevis:phrase:0800c8af81ffb256">
<xref>
<ref id="KC08789310"/>
</xref>
</phrase>
</ptxt>
</item>
<item>
<ptxt>
<phrase category="" id="KC08789311" phrase-urn="urn:x-nevis:phrase:0800c8af81ffb257">
<xref>
<ref id="KC08789312"/>
</xref>
</phrase>
</ptxt>
</item>
<item>
<ptxt>
<phrase category="" id="KC08789313" phrase-urn="urn:x-nevis:phrase:0800c8af81ffb258">
<xref>
<ref id="KC08789314"/>
</xref>
</phrase>
</ptxt>
</item>
</list1>
<grate>
<graphic id="KC08789315">
<href>0900c8af8005787#@#@#9#.jpeg</href>
</graphic>
</grate>
</test2>
</test1>
<question>Select Continue.</question>
<resact-grp>
<result button="cont" comp="button" highlight="0"/>
<action j2008use="1" paperuse="1" screenuse="1">
<ptxt>
<xref>
<ref id="KC08789316"/>
</xref>
</ptxt>
</action>
</resact-grp>
</node>
</testgrp>
<testgrp id="KC01167569" j2008use="1" paperuse="1" resumable="1" screenuse="1" testgrp-id="veria" x="120" y="200">
<title>
<phrase category="" id="KC08789317" phrase-urn="urn:x-nevis:phrase:0800c8af81ffb259">Verification</phrase>
</title>
<subcalloutnode>
<diagcallout>
<xref>
<ref id="KC08789318"/>
</xref>
</diagcallout>
<rescall-grp>
<result comp="string" highlight="0" op="eq" return="VERIFICATION FAILED"/>
<calloutaction>
<ptxt>
<xref>
<ref id="KC08789319"/>
</xref>
</ptxt>
</calloutaction>
</rescall-grp>
<rescall-grp>
<result comp="string" highlight="0" op="eq" return="VERIFIED"/>
<calloutaction>
<return value="FAULT FOUND"/>
</calloutaction>
</rescall-grp>
</subcalloutnode>
</testgrp>
<testgrp id="KC01167570" j2008use="1" paperuse="1" resumable="1" screenuse="1" testgrp-id="info1" x="360" y="200">
<title>
<phrase category="" id="KC08789320" phrase-urn="urn:x-nevis:phrase:0800c8af81ffb25a">Fault-tracing i#@#@#5#ation</phrase>
</title>
<subcalloutnode>
<diagcallout>
<xref>
<ref id="KC08789321"/>
</xref>
</diagcallout>
<rescall-grp>
<result comp="string" highlight="0" op="eq" return="FAULTTRACING FAILED"/>
<calloutaction>
<return value="FAULTTRACING FAILED"/>
</calloutaction>
</rescall-grp>
<rescall-grp>
<result comp="string" highlight="0" op="eq" return="NEW TRY"/>
<calloutaction>
<ptxt>
<xref>
<ref id="KC08789322"/>
</xref>
</ptxt>
</calloutaction>
</rescall-grp>
</subcalloutnode>
</testgrp>
</diagnostic>
</servinfosub>