<?xml version="1.0" encoding="UTF-8"?><servinfosub IE-ID="en-US0900c8af80640307" docno="VCC-070160" id="KC02142639" xml:lang="en-US">
<title>
<phrase category="" id="KC08488538" phrase-urn="urn:x-nevis:phrase:0800c8af81dcca0b">Signal missing</phrase>
</title>
<diagnostic type="test">
<testgrp IE-ID="en-US0900c8af80640307_KC02154316" id="KC02154316" j2008use="1" paperuse="1" resumable="1" screenuse="1" testgrp-id="ee1" x="120" y="80">
<title>
<phrase category="" id="KC08488539" phrase-urn="urn:x-nevis:phrase:0800c8af81dcca0e">Breakout box</phrase>
</title>
<subcalloutnode>
<diagcallout>
<xref>
<ref id="KC08488540"/>
</xref>
</diagcallout>
<rescall-grp>
<result comp="string" highlight="0" op="eq" return="FAULT FOUND"/>
<calloutaction>
<ptxt>
<xref>
<ref id="KC08488541"/>
</xref>
</ptxt>
</calloutaction>
</rescall-grp>
<rescall-grp>
<result comp="string" highlight="0" op="eq" return="DONE"/>
<calloutaction>
<ptxt>
<xref>
<ref id="KC08488542"/>
</xref>
</ptxt>
</calloutaction>
</rescall-grp>
</subcalloutnode>
</testgrp>
<testgrp id="KC02154317" j2008use="1" paperuse="1" resumable="1" screenuse="1" testgrp-id="ee2" x="120" y="160">
<title>
<phrase category="" id="KC08488543" phrase-urn="urn:x-nevis:phrase:0800c8af81dcca0f">Check cable for#@#@#21#ignal</phrase>
</title>
<node>
<test1>
<test2>
<ptxt>
<phrase category="" id="KC08488544" phrase-urn="urn:x-nevis:phrase:0800c8af81dcca10">Connect an ohmm#@#@#18#d #5.</phrase>
</ptxt>
<para>
<ptxt>
<phrase category="" id="KC08488545" phrase-urn="urn:x-nevis:phrase:0800c8af81dcca11">Following alter#@#@#3#ives:</phrase>
</ptxt>
</para>
<list1 enumtype="n" type="unordered">
<item>
<ptxt>
<phrase category="" id="KC08488546" phrase-urn="urn:x-nevis:phrase:0800c8af81dcca12">Ohmmeter reads #@#@#11#ance.</phrase>
</ptxt>
</item>
<item>
<ptxt>
<phrase category="" id="KC08488547" phrase-urn="urn:x-nevis:phrase:0800c8af81dcca13">The ohmmeter re#@#@#3# 0 Ω.</phrase>
</ptxt>
</item>
<item>
<ptxt>
<phrase category="" id="KC08488548" phrase-urn="urn:x-nevis:phrase:0800c8af81dcca14">The ohmmeter re#@#@#19#ance.</phrase>
</ptxt>
</item>
</list1>
<diaglist>
<dgraphic>
<dgraphic1>
<graphic id="KC08488549">
<href>0900c8af8005444#@#@#9#.jpeg</href>
</graphic>
</dgraphic1>
<dgraphic2>
<graphic id="KC08488550">
<href>0900c8af80054d4#@#@#9#.jpeg</href>
</graphic>
<smarttool id="KC08488551" toolname="ODA"/>
</dgraphic2>
</dgraphic>
<ditem>
<ditemtext>
<ptxt>
<phrase category="" id="KC08488552" phrase-urn="urn:x-nevis:phrase:0800c8af81dcca15"/>
</ptxt>
</ditemtext>
</ditem>
</diaglist>
</test2>
</test1>
<question>Select one of t#@#@#17#bove.</question>
<resact-grp>
<result button="text" comp="button" highlight="0" text="1"/>
<action j2008use="1" paperuse="1" screenuse="1">
<ptxt>
<xref>
<ref id="KC08488553"/>
</xref>
</ptxt>
</action>
</resact-grp>
<resact-grp>
<result button="text" comp="button" highlight="0" text="2"/>
<action j2008use="1" paperuse="1" screenuse="1">
<ptxt>
<xref>
<ref id="KC08488554"/>
</xref>
</ptxt>
</action>
</resact-grp>
<resact-grp>
<result button="text" comp="button" highlight="0" text="3"/>
<action j2008use="1" paperuse="1" screenuse="1">
<ptxt>
<xref>
<ref id="KC08488555"/>
</xref>
</ptxt>
</action>
</resact-grp>
</node>
</testgrp>
<testgrp id="KC02154318" j2008use="1" paperuse="1" resumable="1" screenuse="1" testgrp-id="ee3" x="120" y="320">
<title>
<phrase category="" id="KC08488556" phrase-urn="urn:x-nevis:phrase:0800c8af81dcca16">Checking signal#@#@#3#om EZ</phrase>
</title>
<node>
<test1>
<diaglist>
<dgraphic>
<dgraphic1>
<graphic id="KC08488557">
<href>0900c8af80054d5#@#@#9#.jpeg</href>
</graphic>
</dgraphic1>
</dgraphic>
<ditem>
<ptxt>
<phrase category="" id="KC08488558" phrase-urn="urn:x-nevis:phrase:0800c8af81dcca17">Insert fuse 1 (#@#@#12#960).</phrase>
</ptxt>
</ditem>
</diaglist>
<test2>
<diaglist>
<dgraphic>
<dgraphic1>
<graphic id="KC08488559">
<href>0900c8af8005444#@#@#9#.jpeg</href>
</graphic>
</dgraphic1>
<dgraphic2>
<graphic id="KC08488560">
<href>0900c8af80054d4#@#@#9#.jpeg</href>
</graphic>
<smarttool id="KC08488561" toolname="VDCD40"/>
</dgraphic2>
</dgraphic>
<ditem>
<ditemtext>
<ptxt>
<phrase category="" id="KC08488562" phrase-urn="urn:x-nevis:phrase:0800c8af81dcca18">Connect a voltm#@#@#27#und).</phrase>
</ptxt>
</ditemtext>
</ditem>
<ditem>
<ptxt>
<phrase category="" id="KC08488563" phrase-urn="urn:x-nevis:phrase:0800c8af81dcca19">Operate starter#@#@#2#otor.</phrase>
</ptxt>
</ditem>
</diaglist>
</test2>
</test1>
<question>The voltmeter s#@#@#15# 5 V.</question>
<resact-grp>
<result button="ok" comp="button" highlight="0"/>
<action j2008use="1" paperuse="1" screenuse="1">
<ptxt>
<xref>
<ref id="KC08488564"/>
</xref>
</ptxt>
</action>
</resact-grp>
<resact-grp>
<result button="notok" comp="button" highlight="0"/>
<action j2008use="1" paperuse="1" screenuse="1">
<ptxt>
<xref>
<ref id="KC08488565"/>
</xref>
</ptxt>
</action>
</resact-grp>
</node>
</testgrp>
<testgrp id="KC02154319" j2008use="1" paperuse="1" resumable="1" screenuse="1" testgrp-id="ee2-1" x="280" y="160">
<title>
<phrase category="" id="KC08488566" phrase-urn="urn:x-nevis:phrase:0800c8af81dcca1a">Checking for a #@#@#8#rcuit</phrase>
</title>
<node>
<test1>
<test2>
<diaglist>
<dgraphic>
<dgraphic2>
<graphic id="KC08488567">
<href>0900c8af80054d4#@#@#9#.jpeg</href>
</graphic>
<smarttool active="press" id="KC08488568" toolname="ODAH"/>
</dgraphic2>
</dgraphic>
<ditem>
<ditemtext>
<ptxt>
<phrase category="" id="KC08488569" phrase-urn="urn:x-nevis:phrase:0800c8af81dcca1b">Check cable bet#@#@#60#g to <xref>
<ref id="KC08488570"/>
</xref>. </phrase>
</ptxt>
</ditemtext>
</ditem>
</diaglist>
<grate>
<graphic id="KC08488571">
<href>0900c8af800570b#@#@#9#.jpeg</href>
</graphic>
</grate>
</test2>
</test1>
<question>Select "Continu#@#@#32#ied.
</question>
<resact-grp>
<result button="cont" comp="button" highlight="0"/>
<action j2008use="1" paperuse="1" screenuse="1">
<return value="FAULT FOUND"/>
</action>
</resact-grp>
</node>
</testgrp>
<testgrp id="KC02154320" j2008use="1" paperuse="1" resumable="1" screenuse="1" testgrp-id="ee2-2" x="280" y="240">
<title>
<phrase category="" id="KC08488572" phrase-urn="urn:x-nevis:phrase:0800c8af81dcca1c">Checking for an#@#@#8#rcuit</phrase>
</title>
<node>
<test1>
<test2>
<diaglist>
<dgraphic>
<dgraphic2>
<graphic id="KC08488573">
<href>0900c8af80054d4#@#@#9#.jpeg</href>
</graphic>
<smarttool active="press" id="KC08488574" toolname="ODAH"/>
</dgraphic2>
</dgraphic>
<ditem>
<ditemtext>
<ptxt>
<phrase category="" id="KC08488575" phrase-urn="urn:x-nevis:phrase:0800c8af81dcca1d">Check cable bet#@#@#50#g to <xref>
<ref id="KC08488576"/>
</xref>.</phrase>
</ptxt>
</ditemtext>
</ditem>
</diaglist>
<grate>
<graphic id="KC08488577">
<href>0900c8af800570b#@#@#9#.jpeg</href>
</graphic>
</grate>
</test2>
</test1>
<question>Select "Continu#@#@#32#ied.
</question>
<resact-grp>
<result button="cont" comp="button" highlight="0"/>
<action j2008use="1" paperuse="1" screenuse="1">
<return value="FAULT FOUND"/>
</action>
</resact-grp>
</node>
</testgrp>
<testgrp id="KC02154321" j2008use="1" paperuse="1" resumable="1" screenuse="1" testgrp-id="ee3-1" x="280" y="320">
<title>
<phrase category="" id="KC08488578" phrase-urn="urn:x-nevis:phrase:0800c8af81dcca1e">Checking for lo#@#@#10#tions</phrase>
</title>
<node>
<test1>
<test2>
<ptxt>
<phrase category="" id="KC08488579" phrase-urn="urn:x-nevis:phrase:0800c8af81dcca1f">Defective contr#@#@#15#ctor </phrase>
</ptxt>
<ptxt>
<phrase category="" id="KC08488580" phrase-urn="urn:x-nevis:phrase:0800c8af81dcca20">Check terminals#@#@#31#g to <xref>
<ref id="KC08488581"/>
</xref>.</phrase>
</ptxt>
<grate>
<graphic id="KC08488582">
<href>0900c8af80056cb#@#@#9#.jpeg</href>
</graphic>
</grate>
</test2>
</test1>
<question>Select "Continu#@#@#32#ied.
</question>
<resact-grp>
<result button="cont" comp="button" highlight="0"/>
<action j2008use="1" paperuse="1" screenuse="1">
<return value="FAULT FOUND"/>
</action>
</resact-grp>
</node>
</testgrp>
<testgrp id="KC02154322" j2008use="1" paperuse="1" resumable="1" screenuse="1" testgrp-id="ee3-2" x="280" y="400">
<title>
<phrase category="" id="KC08488583" phrase-urn="urn:x-nevis:phrase:0800c8af81dcca23">Checking for co#@#@#25#ation</phrase>
</title>
<node>
<test1>
<test2>
<ptxt>
<phrase category="" id="KC08488584" phrase-urn="urn:x-nevis:phrase:0800c8af81dcca24">Check terminals#@#@#67#g to <xref>
<ref id="KC08488585"/>
</xref>.</phrase>
</ptxt>
<diaglist>
<dgraphic/>
</diaglist>
<grate>
<graphic id="KC08488586">
<href>0900c8af80056cb#@#@#9#.jpeg</href>
</graphic>
</grate>
</test2>
</test1>
<question>Select "Continu#@#@#32#ied.
</question>
<resact-grp>
<result button="cont" comp="button" highlight="0"/>
<action j2008use="1" paperuse="1" screenuse="1">
<return value="FAULT FOUND"/>
</action>
</resact-grp>
</node>
</testgrp>
</diagnostic>
</servinfosub>