<?xml version="1.0" encoding="UTF-8"?><servinfosub IE-ID="en-US0900c8af80515307" docno="VCC-123990" id="KC01624109" xml:lang="en-US">
<title>
<phrase category="" id="KC07492531" phrase-urn="urn:x-nevis:phrase:0800c8af81b7985f">Diagnostic trou#@#@#21#ation</phrase>
</title>
<diagnostic j2008use="1" paperuse="1" screenuse="1" type="condition">
<condgrp>
<condition type="condition">
<grate>
<graphic id="KC07492532">
<href>0900c8af8012641#@#@#9#.jpeg</href>
</graphic>
<graphtext>
<para>
<ptxt>
<phrase category="" id="KC07492533" phrase-urn="urn:x-nevis:phrase:0800c8af81b79860">Diagnostic trou#@#@#196#ster.</phrase>
</ptxt>
</para>
</graphtext>
</grate>
</condition>
</condgrp>
<condgrp>
<condition type="substitution">
<ptxt>
<phrase category="" id="KC07492534" phrase-urn="urn:x-nevis:phrase:0800c8af81b79862">None.</phrase>
</ptxt>
</condition>
<ps>
<list1 enumtype="d" type="unordered">
<item>
<ptxt>
<phrase category="" id="KC07492535" phrase-urn="urn:x-nevis:phrase:0800c8af81b79863">Short-circuit t#@#@#62#motor</phrase>
</ptxt>
</item>
<item>
<ptxt>
<phrase category="" id="KC07492536" phrase-urn="urn:x-nevis:phrase:0800c8af81b79864">Defective dampe#@#@#3#otor.</phrase>
</ptxt>
</item>
</list1>
</ps>
</condgrp>
<condgrp>
<condition type="symptom">
<list1 enumtype="d" type="unordered">
<item>
<ptxt>
<phrase category="" id="KC07492537" phrase-urn="urn:x-nevis:phrase:0800c8af81b79865">Air flow problem.</phrase>
</ptxt>
</item>
<item>
<ptxt>
<phrase category="" id="KC07492538" phrase-urn="urn:x-nevis:phrase:0800c8af81b79866">The passenger c#@#@#59#ion. </phrase>
</ptxt>
</item>
</list1>
</condition>
</condgrp>
</diagnostic>
</servinfosub>