<?xml version="1.0" encoding="UTF-8"?><servinfosub IE-ID="en-US0900c8af82da6307" docno="VCC-274367" id="nev11111759n1" xml:lang="en-US">
<title>
<phrase category="Title" id="nev11111759n2" phrase-urn="urn:x-nevis:phrase:0800c8af81eb9a54">Diagnostic trou#@#@#21#ation</phrase>
<phrase category="Prefix" id="nev11111759n3" phrase-urn="urn:x-nevis:phrase:0800c8af8015c3f5">ECM</phrase>-P018100</title>
<diagnostic j2008use="1" paperuse="1" screenuse="1" type="condition">
<condgrp>
<condition type="condition">
<grate>
<graphic id="nev11111759n4">
<href>0900c8af8005d08#@#@#9#.jpeg</href>
</graphic>
<graphtext>
<para>
<ptxt>
<phrase category="Condition" id="nev11111759n5" phrase-urn="urn:x-nevis:phrase:0800c8af81eab068">The engine cont#@#@#63#nsor.</phrase>
<phrase category="Condition" id="nev11111759n6" phrase-urn="urn:x-nevis:phrase:0800c8af81eaaddf">The fuel temper#@#@#50#nsor.</phrase>
<phrase category="Condition" id="nev11111759n7" phrase-urn="urn:x-nevis:phrase:0800c8af827d6a58">The diagnostic #@#@#131#rect.</phrase>
</ptxt>
<ptxt>
<phrase category="Condition" id="nev11111759n8" phrase-urn="urn:x-nevis:phrase:0800c8af81eaae74">The diagnostic #@#@#64#d on.</phrase>
</ptxt>
<ptxt>
<phrase category="" id="nev11111759n9" phrase-urn="urn:x-nevis:phrase:0800c8af823376bb">For information#@#@#58#ion. </phrase>
</ptxt>
</para>
</graphtext>
</grate>
</condition>
</condgrp>
<condgrp>
<condition type="substitution">
<list1 enumtype="d" type="unordered">
<item>
<ptxt>
<phrase category="" id="nev11111759n10" phrase-urn="urn:x-nevis:phrase:0800c8af823376bd">None.</phrase>
</ptxt>
</item>
</list1>
</condition>
<ps>
<list1 enumtype="d" type="unordered">
<item>
<ptxt>
<phrase category="" id="nev11111760n1" phrase-urn="urn:x-nevis:phrase:0800c8af823376be">Contact resista#@#@#28#inals</phrase>
</ptxt>
</item>
<item>
<ptxt>
<phrase category="" id="nev11111760n2" phrase-urn="urn:x-nevis:phrase:0800c8af823376bf">Short-circuit t#@#@#31#cable</phrase>
</ptxt>
</item>
<item id="nev11111760n3">
<ptxt id="nev11111760n4">
<phrase category="Possible source" id="nev11111760n5" phrase-urn="urn:x-nevis:phrase:0800c8af81eab9f7">Short-circuit t#@#@#24#able.</phrase>
</ptxt>
</item>
<item>
<ptxt>
<phrase category="" id="nev11111760n6" phrase-urn="urn:x-nevis:phrase:0800c8af823376c0">Open-circuit in#@#@#12#cable</phrase>
</ptxt>
</item>
<item>
<ptxt>
<phrase category="" id="nev11111760n7" phrase-urn="urn:x-nevis:phrase:0800c8af823376c2">Open-circuit in#@#@#19#cable</phrase>
</ptxt>
</item>
<item>
<ptxt>
<phrase category="Possible source" id="nev11111760n8" phrase-urn="urn:x-nevis:phrase:0800c8af81eaba14">Damaged fuel te#@#@#12#nsor.</phrase>
</ptxt>
</item>
</list1>
</ps>
</condgrp>
<condgrp>
<condition type="symptom">
<list1 enumtype="d" type="unordered">
<item>
<ptxt>
<phrase category="" id="nev11111760n9" phrase-urn="urn:x-nevis:phrase:0800c8af823376c4">None.</phrase>
</ptxt>
</item>
</list1>
</condition>
</condgrp>
</diagnostic>
</servinfosub>