<?xml version="1.0" encoding="UTF-8"?><torqueinfo IE-ID="en-US0900c8af85058307" docno="VCC-331533" id="nev12910984n1" original="sv-SE" torqueId="nev12910985n1-nev12910984n3" torqueRes="0900c8af850583c4" torqueRes2="urn:x-nevis:fragment:0900c8af85058307:0900c8af850583c4#nev12910984n3" xml:lang="en-US">
<component id="nev12910984n2">Cap camshaft</component>
<stage id="nev12910985n1-nev12910237n206">
<value id="nev12910985n1-nev12910237n205" unit="Nm">7</value>
</stage>
<stage id="nev12910985n1-nev12910237n204">
<value id="nev12910985n1-nev12910237n203" unit="degree">45</value>
</stage>
</torqueinfo>