<?xml version="1.0" encoding="UTF-8"?><servinfosub IE-ID="en-US0900c8af8067b307" docno="VCC-035938" id="KC02236754" xml:lang="en-US">
<title>Washer jet, ins#@#@#2#ction</title>
<procedure>
<stepgrp>
<procstep id="KC02222060">
<title>Removal</title>
<grate>
<graphic id="KC08355454" width="column">
<href>0900c8af8067b31#@#@#9#.jpeg</href>
</graphic>
<graphtext>
<ptxt>If a washer jet#@#@#70#ure).</ptxt>
<list1 enumtype="d" type="unordered">
<item>
<ptxt>Remove sound in#@#@#14#hood.</ptxt>
</item>
<item>
<ptxt>Undo hoses from#@#@#71#cked.</ptxt>
</item>
</list1>
</graphtext>
</grate>
</procstep>
<procstep id="KC02236755">
<title>Installation</title>
<list1 enumtype="d" type="unordered">
<item>
<ptxt>Install pressur#@#@#3#alve.</ptxt>
</item>
<item>
<ptxt>Install hood so#@#@#10#tion.</ptxt>
</item>
<item>
<ptxt>See if jet stil#@#@#45#alve.</ptxt>
</item>
</list1>
</procstep>
</stepgrp>
</procedure>
</servinfosub>