<?xml version="1.0" encoding="UTF-8"?><servinfosub IE-ID="en-US0900c8af8068d307" docno="VCC-083840" id="KC02233891" xml:lang="en-US">
<title>Insertion of ru#@#@#29#mbers</title>
<grate>
<graphic id="KC08563919" width="column">
<href>0900c8af816515f#@#@#9#.jpeg</href>
</graphic>
<graphtext>
<para>
<ptxt>Rubber plugs in#@#@#317#oise.</ptxt>
</para>
<list1 type="unordered">
<title>Procedure:</title>
<item>
<ptxt>Insert rubber p#@#@#54#side.</ptxt>
</item>
</list1>
</graphtext>
</grate>
<para>
<ptxt>
<emph etype="bold">WARRANTY STATEM#@#@#119#: 01.</emph>
</ptxt>
</para>
</servinfosub>