<?xml version="1.0" encoding="UTF-8"?><servinfosub IE-ID="en-US0900c8af844d5503" docno="VCC-370866" id="nev13716732n1" original="sv-SE" servinfosubId="nev13716733n1-nev13716749n1" servinfosubRes="0900c8af844d550d" servinfosubRes2="urn:x-nevis:fragment:0900c8af844d5503:0900c8af844d550d#nev13716749n1" xml:lang="en-US">
<title>Side section, e#@#@#2#osing</title>
<imagedisclaimer id="nev13716733n1-nev13716748n47"/>
<procedure id="nev13716733n1-nev13716748n48">
<stepgrp boilerplate="true" context="removal" id="nev13716733n1-nev13716748n49">
<procstep id="nev13716733n1-nev13716748n50">
<title id="nev13716733n1-nev13716748n51"/>
<list1 boilerplate="true" context="remove" enumtype="d" id="nev13716733n1-nev13716748n52" type="unordered">
<item id="nev13716733n1-nev13716748n53">
<ptxt id="nev13716733n1-nev13716748n54">fuel tank fille#@#@#3#over <xref boilerplate="true" id="nev13716733n1-nev13716748n55">
<ref id="nev13716733n1-nev13716748n56"/>
</xref>
</ptxt>
</item>
<item id="nev13716733n1-nev13716748n57">
<ptxt id="nev13716733n1-nev13716748n58">lock mechanism #@#@#13#atch <xref boilerplate="true" id="nev13716733n1-nev13716748n59">
<ref id="nev13716733n1-nev13716748n60"/>
</xref>
</ptxt>
</item>
<item id="nev13716733n1-nev13716748n61">
<ptxt id="nev13716733n1-nev13716748n62">weatherstrip, s#@#@#10#front<xref boilerplate="true" id="nev13716733n1-nev13716748n63">
<ref id="nev13716733n1-nev13716748n64"/>
</xref>
</ptxt>
</item>
<item id="nev13716733n1-nev13716748n65">
<ptxt id="nev13716733n1-nev13716748n66">weatherstrip, s#@#@#10#rear <xref boilerplate="true" id="nev13716733n1-nev13716748n67">
<ref id="nev13716733n1-nev13716748n68"/>
</xref>
</ptxt>
</item>
<item id="nev13716733n1-nev13716748n69">
<ptxt id="nev13716733n1-nev13716748n70">A-pillar trim panel <xref boilerplate="true" id="nev13716733n1-nev13716748n71">
<ref id="nev13716733n1-nev13716748n72"/>
</xref>
</ptxt>
</item>
<item id="nev13716733n1-nev13716748n73">
<ptxt id="nev13716733n1-nev13716748n74">B-pillar trim panel <xref boilerplate="true" id="nev13716733n1-nev13716748n75">
<ref id="nev13716733n1-nev13716748n76"/>
</xref>
</ptxt>
</item>
<item id="nev13716733n1-nev13716748n77">
<ptxt id="nev13716733n1-nev13716748n78">panel C-pillar <xref boilerplate="true" id="nev13716733n1-nev13716748n79">
<ref id="nev13716733n1-nev13716748n80"/>
</xref>
</ptxt>
</item>
<item id="nev13716733n1-nev13716748n81">
<ptxt id="nev13716733n1-nev13716748n82">front seat <xref boilerplate="true" id="nev13716733n1-nev13716748n83">
<ref id="nev13716733n1-nev13716748n84"/>
</xref>
</ptxt>
</item>
<item id="nev13716733n1-nev13716748n85">
<ptxt id="nev13716733n1-nev13716748n86">Side panel load#@#@#1#pace <xref boilerplate="true" id="nev13716733n1-nev13716748n87">
<ref id="nev13716733n1-nev13716748n88"/>
</xref>
</ptxt>
</item>
<item id="nev13716733n1-nev13716748n89">
<ptxt id="nev13716733n1-nev13716748n90">headlining with#@#@#5#roof <xref boilerplate="true" id="nev13716733n1-nev13716748n91">
<ref id="nev13716733n1-nev13716748n92"/>
</xref>
</ptxt>
</item>
<item id="nev13716733n1-nev13716748n93">
<ptxt id="nev13716733n1-nev13716748n94">cover bumper front <xref boilerplate="true" id="nev13716733n1-nev13716748n95">
<ref id="nev13716733n1-nev13716748n96"/>
</xref>
</ptxt>
</item>
<item id="nev13716733n1-nev13716748n97">
<ptxt id="nev13716733n1-nev13716748n98">cover bumper rear <xref boilerplate="true" id="nev13716733n1-nev13716748n99">
<ref id="nev13716733n1-nev13716748n100"/>
</xref>
</ptxt>
</item>
<item id="nev13716733n1-nev13716751n1">
<ptxt id="nev13716733n1-nev13716751n2">dashboard <xref boilerplate="true" id="nev13716733n1-nev13716751n3">
<ref id="nev13716733n1-nev13716751n4"/>
</xref>
</ptxt>
</item>
<item id="nev13716733n1-nev13716751n5">
<ptxt id="nev13716733n1-nev13716751n6">front safety be#@#@#8#ctor <xref boilerplate="true" id="nev13716733n1-nev13716751n7">
<ref id="nev13716733n1-nev13716751n8"/>
</xref>
</ptxt>
</item>
<item id="nev13716733n1-nev13716751n9">
<ptxt id="nev13716733n1-nev13716751n10">seat belt retra#@#@#6#rear <xref boilerplate="true" id="nev13716733n1-nev13716751n11">
<ref id="nev13716733n1-nev13716751n12"/>
</xref>
</ptxt>
</item>
<item id="nev13716733n1-nev13716751n13">
<ptxt id="nev13716733n1-nev13716751n14">inflatable curtain <xref boilerplate="true" id="nev13716733n1-nev13716751n15">
<ref id="nev13716733n1-nev13716751n16"/>
</xref>
</ptxt>
</item>
<item id="nev13716733n1-nev13716751n17">
<ptxt id="nev13716733n1-nev13716751n18">collision senso#@#@#7#llar <xref boilerplate="true" id="nev13716733n1-nev13716751n19">
<ref id="nev13716733n1-nev13716751n20"/>
</xref>
</ptxt>
</item>
<item id="nev13716733n1-nev13716751n21">
<ptxt id="nev13716733n1-nev13716751n22">collision senso#@#@#7#llar <xref boilerplate="true" id="nev13716733n1-nev13716751n23">
<ref id="nev13716733n1-nev13716751n24"/>
</xref>
</ptxt>
</item>
<item id="nev13716733n1-nev13716751n25">
<ptxt id="nev13716733n1-nev13716751n26">sill panel <xref boilerplate="true" id="nev13716733n1-nev13716751n27">
<ref id="nev13716733n1-nev13716751n28"/>
</xref>
</ptxt>
</item>
<item id="nev13716733n1-nev13716751n29">
<ptxt id="nev13716733n1-nev13716751n30">front fender <xref boilerplate="true" id="nev13716733n1-nev13716751n31">
<ref id="nev13716733n1-nev13716751n32"/>
</xref>
</ptxt>
</item>
<item id="nev13716733n1-nev13716751n33">
<ptxt id="nev13716733n1-nev13716751n34">front door <xref boilerplate="true" id="nev13716733n1-nev13716751n35">
<ref id="nev13716733n1-nev13716751n36"/>
</xref>
</ptxt>
</item>
<item id="nev13716733n1-nev13716751n37">
<ptxt id="nev13716733n1-nev13716751n38">side door rear <xref boilerplate="true" id="nev13716733n1-nev13716751n39">
<ref id="nev13716733n1-nev13716751n40"/>
</xref>
</ptxt>
</item>
<item id="nev13716733n1-nev13716751n41">
<ptxt id="nev13716733n1-nev13716751n42">windscreen <xref boilerplate="true" id="nev13716733n1-nev13716751n43">
<ref id="nev13716733n1-nev13716751n44"/>
</xref>
</ptxt>
</item>
<item id="nev13716733n1-nev13716751n45">
<ptxt id="nev13716733n1-nev13716751n46">side window fix#@#@#3#rear <xref boilerplate="true" id="nev13716733n1-nev13716751n47">
<ref id="nev13716733n1-nev13716751n48"/>
</xref>
</ptxt>
</item>
<item id="nev13716733n1-nev13716751n49">
<ptxt id="nev13716733n1-nev13716751n50">tailgate <xref boilerplate="true" id="nev13716733n1-nev13716751n51">
<ref id="nev13716733n1-nev13716751n52"/>
</xref>
</ptxt>
</item>
<item id="nev13716733n1-nev13716751n53">
<ptxt id="nev13716733n1-nev13716751n54">rear light <xref boilerplate="true" id="nev13716733n1-nev13716751n55">
<ref id="nev13716733n1-nev13716751n56"/>
</xref>
</ptxt>
</item>
<item id="nev13716733n1-nev13716751n57">
<ptxt id="nev13716733n1-nev13716751n58">hydraulic cylin#@#@#9#ate. <xref boilerplate="true" id="nev13716733n1-nev13716751n59">
<ref id="nev13716733n1-nev13716751n60"/>
</xref>
</ptxt>
</item>
<item id="nev13716733n1-nev13716751n61">
<ptxt id="nev13716733n1-nev13716751n62">seat cushion, r#@#@#5#eat. <xref boilerplate="true" id="nev13716733n1-nev13716751n63">
<ref id="nev13716733n1-nev13716751n64"/>
</xref>
</ptxt>
</item>
<item id="nev13716733n1-nev13716751n65">
<ptxt id="nev13716733n1-nev13716751n66">back cushion re#@#@#4#eat. <xref boilerplate="true" id="nev13716733n1-nev13716751n67">
<ref id="nev13716733n1-nev13716751n68"/>
</xref>
</ptxt>
</item>
<item id="nev13716733n1-nev13716751n69">
<ptxt id="nev13716733n1-nev13716751n70">plenum chamber <xref boilerplate="true" id="nev13716733n1-nev13716751n71">
<ref id="nev13716733n1-nev13716751n72"/>
</xref>
</ptxt>
</item>
</list1>
</procstep>
</stepgrp>
<stepgrp boilerplate="true" context="installation" id="nev13716733n1-nev13716751n73">
<procstep id="nev13716733n1-nev13716751n74">
<title id="nev13716733n1-nev13716751n75"/>
<para id="nev13716733n1-nev13716751n76">
<ptxt id="nev13716733n1-nev13716751n77">To install, rev#@#@#21#edure</ptxt>
</para>
</procstep>
</stepgrp>
</procedure>
</servinfosub>