<?xml version="1.0" encoding="UTF-8"?><servinfosub IE-ID="en-US0900c8af863f0503" docno="VCC-151218" id="KC02740516" servinfosubId="nev20687575n1-nev20687575n2" servinfosubRes="0900c8af86424a4f" servinfosubRes2="urn:x-nevis:fragment:0900c8af863f0503:0900c8af86424a4f#nev20687575n2" xml:lang="en-US">
<title id="nev11020769n1">Function</title>
<topic id="nev20687575n1-KC02740585">
<title id="nev20687575n1-nev11020769n3">Alarm</title>
<para id="nev20687575n1-nev11020769n5">
<ptxt id="nev20687575n1-nev11020769n7">See Design and #@#@#11#larm.</ptxt>
</para>
</topic>
<topic id="nev20687575n1-KC02740586">
<title id="nev20687575n1-nev11020769n9">Locks</title>
<para id="nev20687575n1-nev11020769n11">
<ptxt id="nev20687575n1-nev11020769n13">See Design and #@#@#21#king.</ptxt>
</para>
</topic>
<topic id="nev20687575n1-KC02740587">
<title id="nev20687575n1-nev11020769n15">Immobilizer</title>
<para id="nev20687575n1-nev11020769n17">
<ptxt id="nev20687575n1-nev13477224n172">See Design and #@#@#34#tion.</ptxt>
</para>
</topic>
<topic id="nev20687575n1-nev13477224n92">
<title id="nev20687575n1-nev13477224n91">Alcolock (optio#@#@#3#009-)</title>
<para id="nev20687575n1-nev13477225n182">
<ptxt id="nev20687575n1-nev13784561n172">See Design and #@#@#39#itor.</ptxt>
</para>
</topic>
<topic id="nev20687575n1-nev14545354n172">
<title id="nev20687575n1-nev14545354n171">Automatic start#@#@#18#010-)</title>
<para id="nev20687575n1-nev14545354n170">
<ptxt id="nev20687575n1-nev14545354n169">See Design and #@#@#110#gine)</ptxt>
</para>
</topic>
<topic id="nev20687575n1-KC07173591">
<title id="nev20687575n1-nev11020769n21">Alternator</title>
<grate id="nev20687575n1-nev11020769n23" pgwide="1">
<graphic id="nev20687575n1-KC07173593">
<href>0900c8af8162107#@#@#9#.jpeg</href>
</graphic>
</grate>
<para id="nev20687575n1-nev11020769n29">
<ptxt id="nev20687575n1-nev11020769n31">See Design and #@#@#74#ECM).</ptxt>
</para>
<para id="nev20687575n1-nev14545354n168">
<ptxt id="nev20687575n1-nev14545354n167">See also Design#@#@#44#10-).</ptxt>
</para>
</topic>
<topic id="nev20687575n1-KC02740588">
<title id="nev20687575n1-nev11020769n33">Current limiting</title>
<grate id="nev20687575n1-nev11020769n35" pgwide="1">
<graphic id="nev20687575n1-KC07173594">
<href>0900c8af8044551#@#@#9#.jpeg</href>
</graphic>
</grate>
<para id="nev20687575n1-nev11020769n41">
<ptxt id="nev20687575n1-nev11020769n43">Central Electro#@#@#388#icle.</ptxt>
<ptxt id="nev20687575n1-nev11020769n45">Under certain c#@#@#249#oads:</ptxt>
</para>
<list1 enumtype="d" id="nev20687575n1-nev11020769n47" type="unordered">
<item id="nev20687575n1-nev11020769n49">
<ptxt id="nev20687575n1-nev11020769n51">electrical addi#@#@#8#eater</ptxt>
</item>
<item id="nev20687575n1-nev11020769n53">
<ptxt id="nev20687575n1-nev11020769n55">rear demist</ptxt>
</item>
<item id="nev20687575n1-nev11020769n57">
<ptxt id="nev20687575n1-nev11020769n59">electrically he#@#@#5#seats</ptxt>
</item>
<item id="nev20687575n1-nev11020769n61">
<ptxt id="nev20687575n1-nev11020769n63">heated door mirrors.</ptxt>
</item>
</list1>
<para id="nev20687575n1-nev11020769n65">
<ptxt id="nev20687575n1-nev11020769n67">The Central Ele#@#@#146#eed. </ptxt>
</para>
<para id="nev20687575n1-nev11020769n69">
<ptxt id="nev20687575n1-nev11020769n71">When the engine#@#@#656#user.</ptxt>
</para>
<para id="nev20687575n1-nev11020769n73">
<ptxt id="nev20687575n1-nev11020769n75">If the infotain#@#@#208#utes.</ptxt>
</para>
<para id="nev20687575n1-nev14545354n166">
<ptxt id="nev20687575n1-nev14545354n165">See also Design#@#@#126#gine)</ptxt>
</para>
</topic>
<topic id="nev20687575n1-KC07173592">
<title id="nev20687575n1-nev11020769n77">Charge voltage</title>
<grate id="nev20687575n1-nev11020769n79" pgwide="1">
<graphic id="nev20687575n1-KC07173595">
<href>0900c8af817a7c2#@#@#9#.jpeg</href>
</graphic>
</grate>
<para id="nev20687575n1-nev11020769n85">
<ptxt id="nev20687575n1-nev11020769n87">To charge the b#@#@#471#bove.</ptxt>
</para>
<para id="nev20687575n1-nev14545354n164">
<ptxt id="nev20687575n1-nev14545354n163">See also Design#@#@#44#10-).</ptxt>
</para>
</topic>
<topic id="nev20687575n1-KC02740589">
<title id="nev20687575n1-nev11020769n89">Headlamps</title>
<grate id="nev20687575n1-nev11020769n91" pgwide="1">
<graphic id="nev20687575n1-KC07173596">
<href>0900c8af8044569#@#@#9#.jpeg</href>
</graphic>
</grate>
<para id="nev20687575n1-nev11020769n97">
<ptxt id="nev20687575n1-nev11020769n99">Depending on th#@#@#246#tput.</ptxt>
<ptxt id="nev20687575n1-nev11020769n101">The level of th#@#@#261#gher.</ptxt>
<ptxt id="nev20687575n1-nev11020769n103">To change to hi#@#@#403#beam.</ptxt>
</para>
<para id="nev20687575n1-nev11020769n105">
<ptxt id="nev20687575n1-nev11020769n107">The Central Ele#@#@#131#beam.</ptxt>
</para>
<para id="nev20687575n1-nev11020769n109">
<ptxt id="nev20687575n1-nev11020769n111">There is a Limp#@#@#140#ange.</ptxt>
</para>
<para id="nev20687575n1-nev12272507n157">
<ptxt id="nev20687575n1-nev12272507n156">For more inform#@#@#127#08-).</ptxt>
</para>
<para id="nev20687575n1-nev15503652n172">
<title id="nev20687575n1-nev15503652n170">For more inform#@#@#20#ghts:</title>
<ptxt id="nev20687575n1-nev15503652n171">
<emph etype="bold" id="nev20687575n1-nev15503652n169">S40/V50:</emph>
</ptxt>
<ptxt id="nev20687575n1-nev15503652n168">See: Design and#@#@#28#719).</ptxt>
<ptxt id="nev20687575n1-nev15503652n167">See: Design and#@#@#46#20-).</ptxt>
</para>
<para id="nev20687575n1-nev15503652n166">
<ptxt id="nev20687575n1-nev15503652n165">
<emph etype="bold" id="nev20687575n1-nev15503652n164">C30/C70:</emph>
</ptxt>
<ptxt id="nev20687575n1-nev15503652n163">See: Design and#@#@#28#45). </ptxt>
<ptxt id="nev20687575n1-nev15503652n162">See: Design and#@#@#46#46-).</ptxt>
</para>
</topic>
<topic id="nev20687575n1-KC02740590">
<title id="nev20687575n1-nev11020769n113">Parking lights #@#@#18#hting</title>
<grate id="nev20687575n1-nev11020769n115" pgwide="1">
<graphic id="nev20687575n1-KC07173597">
<href>0900c8af804455a#@#@#9#.jpeg</href>
</graphic>
</grate>
<para id="nev20687575n1-nev11020769n121">
<ptxt id="nev20687575n1-nev11020769n123">The parking lam#@#@#78#when:</ptxt>
</para>
<list1 enumtype="d" id="nev20687575n1-nev11020769n125" type="unordered">
<item id="nev20687575n1-nev11020769n127">
<ptxt id="nev20687575n1-nev11020769n129">the knob in the#@#@#57#ition</ptxt>
</item>
<item id="nev20687575n1-nev11020769n131">
<ptxt id="nev20687575n1-nev11020769n133">the knob in the#@#@#53#ition</ptxt>
</item>
<item id="nev20687575n1-nev11020769n135">
<ptxt id="nev20687575n1-nev11020769n137">low beam is lit#@#@#51#ent).</ptxt>
</item>
</list1>
<para id="nev20687575n1-nev11020769n139">
<ptxt id="nev20687575n1-nev11020769n141">The Central Ele#@#@#129#amps.</ptxt>
</para>
<para id="nev20687575n1-nev11020769n143">
<ptxt id="nev20687575n1-nev11020769n145">The lamps are p#@#@#66#CEM).</ptxt>
<ptxt id="nev20687575n1-nev11020769n147">The license pla#@#@#319#EM). </ptxt>
</para>
<para id="nev20687575n1-nev11020769n149">
<ptxt id="nev20687575n1-nev11020769n151">To detect probl#@#@#100#tput.</ptxt>
</para>
<para id="nev20687575n1-nev11020769n153">
<ptxt id="nev20687575n1-nev11020769n155">The parking lam#@#@#295#n II.</ptxt>
</para>
</topic>
<topic id="nev20687575n1-KC02740591">
<title id="nev20687575n1-nev11020769n157">Headlamp range #@#@#5#tment</title>
<grate id="nev20687575n1-nev11020769n159" pgwide="1">
<graphic id="nev20687575n1-KC07173598">
<href>0900c8af804455a#@#@#9#.jpeg</href>
</graphic>
</grate>
<para id="nev20687575n1-nev11020769n165">
<ptxt id="nev20687575n1-nev11020769n167">Headlamp range #@#@#112#tors.</ptxt>
</para>
<para id="nev20687575n1-nev11020769n169">
<ptxt id="nev20687575n1-nev11020769n171">If the thumb wh#@#@#240#ages.</ptxt>
</para>
</topic>
<topic id="nev20687575n1-KC02740592">
<title id="nev20687575n1-nev11020769n173">Automatic range#@#@#17#enon)</title>
<para id="nev20687575n1-nev12681680n154">
<ptxt id="nev20687575n1-nev12681680n153">
<emph etype="bold" id="nev20687575n1-nev12681682n244">S40/V50:</emph>
</ptxt>
<ptxt id="nev20687575n1-nev12681682n164">See: Design and#@#@#28#719).</ptxt>
<ptxt id="nev20687575n1-nev12681682n84">See: Design and#@#@#46#20-).</ptxt>
</para>
<para id="nev20687575n1-nev12272509n232">
<ptxt id="nev20687575n1-nev12681683n174">
<emph etype="bold" id="nev20687575n1-nev12681683n94">C30/C70:</emph>
</ptxt>
<ptxt id="nev20687575n1-nev12272509n231">See: Design and#@#@#27#945).</ptxt>
<ptxt id="nev20687575n1-nev15503652n161">See: Design and#@#@#46#46-).</ptxt>
</para>
</topic>
<topic id="nev20687575n1-KC02740593">
<title id="nev20687575n1-nev11020769n191">Front fog lamps#@#@#11#amps)</title>
<grate id="nev20687575n1-nev11020769n193" pgwide="1">
<graphic id="nev20687575n1-KC07173600">
<href>0900c8af804455a#@#@#9#.jpeg</href>
</graphic>
</grate>
<para id="nev20687575n1-nev11020769n199">
<ptxt id="nev20687575n1-nev11020769n201">The front fog l#@#@#210#/56).</ptxt>
<ptxt id="nev20687575n1-nev11020769n203">The power suppl#@#@#91#CEM).</ptxt>
</para>
</topic>
<topic id="nev20687575n1-nev16083494n175">
<title id="nev20687575n1-nev16083494n174">Daytime running#@#@#39#tion)</title>
<grate id="nev20687575n1-nev16084358n175" pgwide="1">
<graphic id="nev20687575n1-nev16084358n174">
<href>0900c8af8509a51#@#@#10#.jpeg</href>
</graphic>
</grate>
<para id="nev20687575n1-nev16083494n173">
<ptxt id="nev20687575n1-nev16083494n172">Daytime running#@#@#198#hts).</ptxt>
</para>
<para id="nev20687575n1-nev16128570n172">
<ptxt id="nev20687575n1-nev16083494n171">When "auto-posi#@#@#310#sual.</ptxt>
</para>
<para id="nev20687575n1-nev16128570n170">
<ptxt id="nev20687575n1-nev16083494n170">Daytime running#@#@#212#ghts.</ptxt>
</para>
<para id="nev20687575n1-nev16128570n168">
<ptxt id="nev20687575n1-nev16083494n169">For certain mar#@#@#262#ated.</ptxt>
</para>
<para id="nev20687575n1-nev16128570n166">
<ptxt id="nev20687575n1-nev16083494n168">The Light Switc#@#@#202#CEM).</ptxt>
</para>
</topic>
<topic id="nev20687575n1-KC02740594">
<title id="nev20687575n1-nev11020769n205">Turn signal lam#@#@#30#shers</title>
<grate id="nev20687575n1-nev11020769n207" pgwide="1">
<graphic id="nev20687575n1-KC07173601">
<href>0900c8af8044569#@#@#9#.jpeg</href>
</graphic>
</grate>
<para id="nev20687575n1-nev11020769n213">
<ptxt id="nev20687575n1-nev11020769n215">This function i#@#@#237#54). </ptxt>
<ptxt id="nev20687575n1-nev11020769n217">To activate the#@#@#165#n to:</ptxt>
</para>
<list1 enumtype="d" id="nev20687575n1-nev11020769n219" type="unordered">
<item id="nev20687575n1-nev11020769n221">
<ptxt id="nev20687575n1-nev11020769n223">Driver Informat#@#@#17#(5/1)</ptxt>
</item>
<item id="nev20687575n1-nev11020769n225">
<ptxt id="nev20687575n1-nev11020769n227">Driver Door Mod#@#@#12#/126)</ptxt>
</item>
<item id="nev20687575n1-nev11020769n229">
<ptxt id="nev20687575n1-nev11020769n231">Passenger Door #@#@#15#/127)</ptxt>
</item>
<item id="nev20687575n1-nev11020769n233">
<ptxt id="nev20687575n1-nev11020769n235">Trailer Module #@#@#1#TRM).</ptxt>
</item>
</list1>
<para id="nev20687575n1-nev11020769n237">
<ptxt id="nev20687575n1-nev11020769n239">The turn signal#@#@#116#PDM).</ptxt>
</para>
<para id="nev20687575n1-nev11020769n241">
<ptxt id="nev20687575n1-nev11020769n243">If a trailer or#@#@#157#lamp.</ptxt>
</para>
<para id="nev20687575n1-nev11020769n245">
<ptxt id="nev20687575n1-nev11020769n247">The power suppl#@#@#67#nute.</ptxt>
</para>
<para id="nev20687575n1-nev11020769n249">
<ptxt id="nev20687575n1-nev11020770n1">The hazard warn#@#@#395# on. </ptxt>
</para>
<para id="nev20687575n1-nev11020770n3">
<ptxt id="nev20687575n1-nev11020770n5">If the ignition#@#@#201#lash.</ptxt>
</para>
<para id="nev20687575n1-nev11020770n7">
<ptxt id="nev20687575n1-nev11020770n9">If a fault occu#@#@#242#ency.</ptxt>
</para>
</topic>
<topic id="nev20687575n1-KC02740595">
<title id="nev20687575n1-nev11020770n11">High level stop lamp</title>
<grate id="nev20687575n1-nev11020770n13" pgwide="1">
<graphic id="nev20687575n1-KC07173602">
<href>0900c8af804455a#@#@#9#.jpeg</href>
</graphic>
</grate>
<para id="nev20687575n1-nev11020770n19">
<ptxt id="nev20687575n1-nev11020770n21">When the stop l#@#@#292#osed.</ptxt>
</para>
</topic>
<topic id="nev20687575n1-KC02740596">
<title id="nev20687575n1-nev11020770n23">Courtesy lighti#@#@#34#hting</title>
<grate id="nev20687575n1-nev11020770n25" pgwide="1">
<graphic id="nev20687575n1-KC07173603">
<href>0900c8af804455b#@#@#9#.jpeg</href>
</graphic>
</grate>
<para id="nev20687575n1-nev11020770n31">
<ptxt id="nev20687575n1-nev11020770n33">The interior ro#@#@#97#itch.</ptxt>
<ptxt id="nev20687575n1-nev11020770n35">The inner roof #@#@#170#ing. </ptxt>
<ptxt id="nev20687575n1-nev11020770n37">In order for th#@#@#216#tch. </ptxt>
</para>
<para id="nev20687575n1-nev11020770n39">
<ptxt id="nev20687575n1-nev11020770n41">The interior ro#@#@#398#lled.</ptxt>
<ptxt id="nev20687575n1-nev11020770n43">Courtesy lighti#@#@#8#ated:</ptxt>
</para>
<list1 enumtype="d" id="nev20687575n1-nev11020770n45" type="unordered">
<item id="nev20687575n1-nev11020770n47">
<ptxt id="nev20687575n1-nev11020770n49">when the reques#@#@#134#tion </ptxt>
</item>
<item id="nev20687575n1-nev11020770n51">
<ptxt id="nev20687575n1-nev11020770n53">when the remote#@#@#77#trols</ptxt>
</item>
<item id="nev20687575n1-nev11020770n55">
<ptxt id="nev20687575n1-nev11020770n57">when one of the#@#@#12#ened.</ptxt>
</item>
</list1>
<para id="nev20687575n1-nev11020770n59">
<ptxt id="nev20687575n1-nev11020770n61">The lighting in#@#@#361#ened.</ptxt>
</para>
</topic>
<topic id="nev20687575n1-KC02740597">
<title id="nev20687575n1-nev11020770n63">Cargo compartme#@#@#6#hting</title>
<grate id="nev20687575n1-nev11020770n65" pgwide="1">
<graphic id="nev20687575n1-KC07173604">
<href>0900c8af804455b#@#@#9#.jpeg</href>
</graphic>
</grate>
<para id="nev20687575n1-nev11020770n71">
<ptxt id="nev20687575n1-nev11020770n73">The cargo compa#@#@#137#ated.</ptxt>
<ptxt id="nev20687575n1-nev11020770n75">The lighting (4#@#@#122#/89).</ptxt>
</para>
</topic>
<topic id="nev20687575n1-KC02740598">
<title id="nev20687575n1-nev11020770n77">Horn</title>
<grate id="nev20687575n1-nev11020770n79" pgwide="1">
<graphic id="nev20687575n1-KC07173605">
<href>0900c8af804456d#@#@#9#.jpeg</href>
</graphic>
</grate>
<para id="nev20687575n1-nev11020770n85">
<ptxt id="nev20687575n1-nev11020770n87">The horn (16/10#@#@#377#orn. </ptxt>
</para>
</topic>
<topic id="nev20687575n1-KC02740600">
<title id="nev20687575n1-nev11020770n109">Wiper/washers f#@#@#36#ights</title>
<grate id="nev20687575n1-nev11020770n111" pgwide="1">
<graphic id="nev20687575n1-KC07173607">
<href>0900c8af804456d#@#@#9#.jpeg</href>
</graphic>
</grate>
<note id="nev20687575n1-nev13343241n130">
<ptxt id="nev20687575n1-nev13343241n50">Rear window wip#@#@#43# V50.</ptxt>
</note>
<para id="nev20687575n1-nev11020770n117">
<ptxt id="nev20687575n1-nev11020770n119">The right-hand #@#@#394#tion.</ptxt>
</para>
<para id="nev20687575n1-nev11020770n121">
<ptxt id="nev20687575n1-nev11020770n123">For intermitten#@#@#460#CAN).</ptxt>
</para>
<para id="nev20687575n1-nev14767772n172">
<ptxt id="nev20687575n1-nev14767772n171">The Wiper Motor#@#@#101#wear.</ptxt>
<ptxt id="nev20687575n1-nev14767772n170">The load on the#@#@#169#otor.</ptxt>
<ptxt id="nev20687575n1-nev14767772n169">The wiper speed#@#@#74#evel.</ptxt>
</para>
<para id="nev20687575n1-nev11020770n125">
<ptxt id="nev20687575n1-nev11020770n127">The windscreen #@#@#498#6/2).</ptxt>
</para>
<para id="nev20687575n1-nev11020770n129">
<ptxt id="nev20687575n1-nev11020770n131">The Central Ele#@#@#470#ghts.</ptxt>
</para>
<para id="nev20687575n1-nev11020770n133">
<ptxt id="nev20687575n1-nev13343242n130">The tailgate wi#@#@#350#193).</ptxt>
</para>
<para id="nev20687575n1-nev11020770n137">
<ptxt id="nev20687575n1-nev11020770n139">The tailgate wi#@#@#112#cted.</ptxt>
</para>
<para id="nev20687575n1-nev11020770n141">
<ptxt id="nev20687575n1-nev11020770n143">Rear windscreen#@#@#429#time.</ptxt>
</para>
<para id="nev20687575n1-nev11020770n145">
<ptxt id="nev20687575n1-nev11020770n147">The wipers only#@#@#44# CAN.</ptxt>
</para>
<para id="nev20687575n1-nev11020770n149">
<ptxt id="nev20687575n1-nev11020770n151">There is no Lim#@#@#52#iper.</ptxt>
</para>
</topic>
<topic id="nev20687575n1-KC02740601">
<title id="nev20687575n1-nev11020770n153">Fuel level (Gas#@#@#8#esel)</title>
<grate id="nev20687575n1-nev11020770n155" pgwide="1">
<graphic id="nev20687575n1-KC07173608">
<href>0900c8af8044572#@#@#9#.jpeg</href>
</graphic>
</grate>
<para id="nev20687575n1-nev11020770n161">
<ptxt id="nev20687575n1-nev11020770n163">The fuel level #@#@#435#auge.</ptxt>
</para>
</topic>
<topic id="nev20687575n1-nev11062913n169">
<title id="nev20687575n1-nev11062913n170">Corrosion inhib#@#@#24#84S8)</title>
<grate id="nev20687575n1-nev11062915n236" pgwide="1">
<graphic id="nev20687575n1-nev11062915n237">
<href>0900c8af82ce8c5#@#@#10#.jpeg</href>
</graphic>
</grate>
<para id="nev20687575n1-nev11062920n59">
<ptxt id="nev20687575n1-nev11062920n60">The Central Ele#@#@#281#sion.</ptxt>
</para>
</topic>
<topic id="nev20687575n1-KC02740602">
<title id="nev20687575n1-nev11020770n165">Rear fog lamp</title>
<grate id="nev20687575n1-nev11020770n167" pgwide="1">
<graphic id="nev20687575n1-KC07173609">
<href>0900c8af804455d#@#@#9#.jpeg</href>
</graphic>
</grate>
<para id="nev20687575n1-nev11020770n173">
<ptxt id="nev20687575n1-nev11020770n175">The rear fog la#@#@#284#tput.</ptxt>
</para>
<para id="nev20687575n1-nev11020770n177">
<ptxt id="nev20687575n1-nev11020770n179">The Central Ele#@#@#299#ated.</ptxt>
</para>
<para id="nev20687575n1-nev11020770n181">
<ptxt id="nev20687575n1-nev11020770n183">The Central Ele#@#@#313#sage.</ptxt>
</para>
</topic>
<topic id="nev20687575n1-KC02740603">
<title id="nev20687575n1-nev11020770n185">Back up light</title>
<grate id="nev20687575n1-nev11020770n187" pgwide="1">
<graphic id="nev20687575n1-KC07173610">
<href>0900c8af804455d#@#@#9#.jpeg</href>
</graphic>
</grate>
<para id="nev20687575n1-nev11020770n193">
<title id="nev20687575n1-nev11020770n195">Manual transmissions</title>
<ptxt id="nev20687575n1-nev11020770n197">The back-up lam#@#@#389#lay. </ptxt>
</para>
<para id="nev20687575n1-nev11020770n199">
<title id="nev20687575n1-nev11020770n201">Automatic trans#@#@#2#ssion</title>
<ptxt id="nev20687575n1-nev11020770n203">The back-up lam#@#@#366#elay.</ptxt>
</para>
</topic>
<topic id="nev20687575n1-KC02740604">
<title id="nev20687575n1-nev11020770n205">Brake light</title>
<grate id="nev20687575n1-nev11020770n207" pgwide="1">
<graphic id="nev20687575n1-KC07173611">
<href>0900c8af804455d#@#@#9#.jpeg</href>
</graphic>
</grate>
<para id="nev20687575n1-nev11020770n213">
<ptxt id="nev20687575n1-nev11020770n215">The stop lamps #@#@#191#ated.</ptxt>
</para>
<para id="nev20687575n1-nev11020770n217">
<ptxt id="nev20687575n1-nev11020770n219">The lamps are p#@#@#66#CEM).</ptxt>
<ptxt id="nev20687575n1-nev11020770n221">Information abo#@#@#97#CEM).</ptxt>
</para>
<para id="nev20687575n1-nev11020770n223">
<ptxt id="nev20687575n1-nev11020770n225">In the event of#@#@#143#sage.</ptxt>
</para>
</topic>
<topic id="nev20687575n1-KC02740605">
<title id="nev20687575n1-nev11020770n227">Rear demist</title>
<grate id="nev20687575n1-nev11020770n229" pgwide="1">
<graphic id="nev20687575n1-KC07173612">
<href>0900c8af804456c#@#@#9#.jpeg</href>
</graphic>
</grate>
<para id="nev20687575n1-nev11020770n235">
<ptxt id="nev20687575n1-nev11020770n237">Rear demist (9/#@#@#212#/56).</ptxt>
<ptxt id="nev20687575n1-nev11020770n239">The Central Ele#@#@#220#elay.</ptxt>
</para>
<para id="nev20687575n1-nev11020770n241">
<ptxt id="nev20687575n1-nev11020770n243">The Central Ele#@#@#148#itch.</ptxt>
</para>
<para id="nev20687575n1-nev11020775n174">
<ptxt id="nev20687575n1-nev11020775n175">When the roof i#@#@#82#ally.</ptxt>
</para>
</topic>
<topic id="nev20687575n1-KC02740606">
<title id="nev20687575n1-nev11020770n245">Sunroof operation</title>
<grate id="nev20687575n1-nev11020770n247" pgwide="1">
<graphic id="nev20687575n1-KC07173613">
<href>0900c8af8073169#@#@#9#.jpeg</href>
</graphic>
</grate>
<para id="nev20687575n1-nev11020771n3">
<ptxt id="nev20687575n1-nev11020771n5">The sun roof co#@#@#161#tion.</ptxt>
</para>
<para id="nev20687575n1-nev11020771n7">
<ptxt id="nev20687575n1-nev11020771n9">Information abo#@#@#293#EM)).</ptxt>
</para>
<para id="nev20687575n1-nev11020771n11">
<ptxt id="nev20687575n1-nev11020771n13">The communicati#@#@#101#tion.</ptxt>
</para>
</topic>
<topic id="nev20687575n1-KC02740607">
<title id="nev20687575n1-nev11020771n15">Rain Sensor Mod#@#@#4#(RSM)</title>
<grate id="nev20687575n1-nev11020771n17" pgwide="1">
<graphic id="nev20687575n1-KC07173614">
<href>0900c8af804456d#@#@#9#.jpeg</href>
</graphic>
</grate>
<para id="nev20687575n1-nev11020771n23">
<ptxt id="nev20687575n1-nev11020771n25">The Rain Sensor#@#@#451#peed.</ptxt>
</para>
<para id="nev20687575n1-nev11020771n27">
<ptxt id="nev20687575n1-nev11020771n29">The Rain Sensor#@#@#245#peed.</ptxt>
</para>
<para id="nev20687575n1-nev11020771n31">
<ptxt id="nev20687575n1-nev11020771n33">The Rain Sensor#@#@#370# off.</ptxt>
</para>
<para id="nev20687575n1-nev11020771n35">
<ptxt id="nev20687575n1-nev11020771n37">The Steering Wh#@#@#392#ted. </ptxt>
</para>
<para id="nev20687575n1-nev11020771n39">
<ptxt id="nev20687575n1-nev11020771n41">The Rain Sensor#@#@#172#talk.</ptxt>
</para>
<para id="nev20687575n1-nev11020771n43">
<ptxt id="nev20687575n1-nev11020771n45">If a fault occu#@#@#441#ion. </ptxt>
</para>
</topic>
<topic id="nev20687575n1-KC02740608">
<title id="nev20687575n1-nev11020771n47">Seat belt reminder</title>
<grate id="nev20687575n1-nev11020771n49" pgwide="1">
<graphic id="nev20687575n1-KC07173615">
<href>0900c8af8073115#@#@#9#.jpeg</href>
</graphic>
</grate>
<para id="nev20687575n1-nev11020771n55">
<ptxt id="nev20687575n1-nev11020771n57">The seat belt r#@#@#572#ator.</ptxt>
</para>
<para id="nev20687575n1-nev11020771n59">
<ptxt id="nev20687575n1-nev11020771n61">Data is also tr#@#@#143#eats.</ptxt>
</para>
<para id="nev20687575n1-nev14545354n162">
<ptxt id="nev20687575n1-nev14545354n161">See also Design#@#@#126#gine)</ptxt>
</para>
</topic>
<topic id="nev20687575n1-KC03030775">
<title id="nev20687575n1-nev11020771n105">Electrical addi#@#@#22#ment)</title>
<grate id="nev20687575n1-nev11020771n107" pgwide="1">
<graphic id="nev20687575n1-KC07173617">
<href>0900c8af81337b6#@#@#9#.jpeg</href>
</graphic>
</grate>
<para id="nev20687575n1-nev11020771n113">
<ptxt id="nev20687575n1-nev11020771n115">The Climate Con#@#@#279#WM). </ptxt>
<ptxt id="nev20687575n1-nev20986147n174">The Central Ele#@#@#237#CCM).</ptxt>
</para>
<para id="nev20687575n1-nev11020771n117">
<ptxt id="nev20687575n1-nev11020771n125">The Central Ele#@#@#70#See: <xref id="nev20687575n1-nev11020771n127">
<ref id="nev20687575n1-KC07173618"/>
</xref>
</ptxt>
</para>
<para id="nev20687575n1-nev11020771n133">
<ptxt id="nev20687575n1-nev11020771n135">These basic con#@#@#68#ated:</ptxt>
</para>
<list1 id="nev20687575n1-nev20986147n169">
<item id="nev20687575n1-nev20986147n168">
<ptxt id="nev20687575n1-nev20986147n167">The engine fan #@#@#10#nning</ptxt>
</item>
<item id="nev20687575n1-nev20986147n165">
<ptxt id="nev20687575n1-nev20986147n164">The blower fan #@#@#12#vated</ptxt>
</item>
</list1>
<para id="nev20687575n1-nev20986147n163">
<ptxt id="nev20687575n1-nev20986147n162">If the above re#@#@#123#ters:</ptxt>
</para>
<list1 id="nev20687575n1-nev20986147n161">
<item id="nev20687575n1-nev20986147n160">
<ptxt id="nev20687575n1-nev20986147n159">The driver's cl#@#@#9#tings</ptxt>
</item>
<item id="nev20687575n1-nev20986147n157">
<ptxt id="nev20687575n1-nev20986147n156">Outside temperature</ptxt>
</item>
<item id="nev20687575n1-nev20986147n155">
<ptxt id="nev20687575n1-nev20986147n154">Passenger compa#@#@#13#ature</ptxt>
</item>
<item id="nev20687575n1-nev20986147n153">
<ptxt id="nev20687575n1-nev20986147n152">Coolant temperature</ptxt>
</item>
<item id="nev20687575n1-nev20986147n151">
<ptxt id="nev20687575n1-nev20986147n150">Sun intensity</ptxt>
</item>
<item id="nev20687575n1-nev20986147n149">
<ptxt id="nev20687575n1-nev20986147n148">The amount of o#@#@#58#high)</ptxt>
</item>
<item id="nev20687575n1-nev20986147n147">
<ptxt id="nev20687575n1-nev20986147n146">The charge leve#@#@#11#ttery</ptxt>
</item>
</list1>
<para id="nev20687575n1-nev20986147n139">
<ptxt id="nev20687575n1-nev20986147n138">The control sig#@#@#184#tput.</ptxt>
</para>
<para id="nev20687575n1-nev20986147n136">
<ptxt id="nev20687575n1-nev20986147n135">For further inf#@#@#10#see: <xref id="nev20687575n1-nev20986147n133">
<ref id="nev20687575n1-nev20986147n132"/>
</xref>
</ptxt>
</para>
</topic>
<topic id="nev20687575n1-nev12681684n203">
<title id="nev20687575n1-nev12681684n202">Tire Pressure W#@#@#8#TPMS)</title>
<para id="nev20687575n1-nev12681684n43">
<ptxt id="nev20687575n1-nev12681684n42">For more inform#@#@#70#PMS).</ptxt>
</para>
</topic>
</servinfosub>