<?xml version="1.0" encoding="UTF-8"?><servinfosub IE-ID="en-US0900c8af83b77503" docno="VCC-313450" id="nev12509020n1" xml:lang="en-US">
<title>
<phrase category="" id="nev12509020n2" phrase-urn="urn:x-nevis:phrase:0800c8af823e6138">Diagnostic trou#@#@#33#13400</phrase>
</title>
<diagnostic j2008use="1" paperuse="1" screenuse="1" type="condition">
<condgrp>
<condition type="condition">
<grate>
<graphic id="nev12509020n3">
<href>0900c8af81d9ad6#@#@#9#.jpeg</href>
</graphic>
<graphtext>
<para>
<ptxt>
<phrase category="Faulttracing" id="nev12509020n4" phrase-urn="urn:x-nevis:phrase:0800c8af824a9a23">Engine Control #@#@#64#k 1).</phrase>
</ptxt>
</para>
<para>
<ptxt>
<phrase category="" id="nev12509020n6" phrase-urn="urn:x-nevis:phrase:0800c8af823e613e">The diagnostic #@#@#150#owly.</phrase>
</ptxt>
</para>
<para>
<ptxt>
<phrase category="" id="nev12509020n7" phrase-urn="urn:x-nevis:phrase:0800c8af823e613f">The diagnostic #@#@#58#ning.</phrase>
</ptxt>
</para>
</graphtext>
</grate>
</condition>
</condgrp>
<condgrp>
<condition type="substitution">
<list1 enumtype="d">
<item>
<ptxt>
<phrase category="" id="nev12509020n8" phrase-urn="urn:x-nevis:phrase:0800c8af823e6140">Nothing.</phrase>
</ptxt>
</item>
</list1>
</condition>
<ps>
<list1 enumtype="d" type="unordered">
<item>
<ptxt>
<phrase category="" id="nev12509020n9" phrase-urn="urn:x-nevis:phrase:0800c8af823e6141">Contact resista#@#@#15#inals</phrase>
</ptxt>
</item>
<item>
<ptxt>
<phrase category="" id="nev12509020n10" phrase-urn="urn:x-nevis:phrase:0800c8af823e6142">Damaged front h#@#@#22#O2S).</phrase>
</ptxt>
</item>
</list1>
</ps>
</condgrp>
<condgrp>
<condition type="symptom">
<list1 enumtype="d" type="unordered">
<item>
<ptxt>
<phrase category="" id="nev12509021n1" phrase-urn="urn:x-nevis:phrase:0800c8af823e6143">Malfunction ind#@#@#17# lit.</phrase>
</ptxt>
</item>
</list1>
</condition>
</condgrp>
</diagnostic>
</servinfosub>