<?xml version="1.0" encoding="UTF-8"?><servinfosub IE-ID="en-US0900c8af83d0f503" docno="VCC-319190" id="nev12626845n1" xml:lang="en-US">
<title>
<phrase category="Title" id="nev12626845n2" phrase-urn="urn:x-nevis:phrase:0800c8af81eb9a54">Diagnostic trou#@#@#21#ation</phrase>
<phrase category="Prefix" id="nev12626845n3" phrase-urn="urn:x-nevis:phrase:0800c8af8015c3f5">ECM</phrase>-P157462</title>
<diagnostic j2008use="1" paperuse="1" screenuse="1" type="condition">
<condgrp>
<condition type="condition">
<grate>
<graphic id="nev12626845n4">
<href>0900c8af80730f3#@#@#9#.jpeg</href>
</graphic>
<graphtext>
<ptxt>
<phrase category="" id="nev12626845n5" phrase-urn="urn:x-nevis:phrase:0800c8af823e7398">Engine control #@#@#84#sors.</phrase>
</ptxt>
<ptxt>
<phrase category="" id="nev12626845n6" phrase-urn="urn:x-nevis:phrase:0800c8af823e7399">If engine contr#@#@#124#ated.</phrase>
</ptxt>
<ptxt>
<phrase category="" id="nev12626845n7" phrase-urn="urn:x-nevis:phrase:0800c8af823e739a">The diagnostic #@#@#49#s on.</phrase>
</ptxt>
</graphtext>
</grate>
</condition>
</condgrp>
<condgrp>
<condition type="substitution">
<list1 enumtype="d" type="unordered">
<item>
<ptxt>
<phrase category="" id="nev12626845n8" phrase-urn="urn:x-nevis:phrase:0800c8af823e739b">In case a defec#@#@#46#sed. </phrase>
</ptxt>
</item>
<item>
<ptxt>
<phrase category="" id="nev12626845n9" phrase-urn="urn:x-nevis:phrase:0800c8af823e739c">Cruise control #@#@#33#tive.</phrase>
</ptxt>
</item>
</list1>
</condition>
<ps>
<list1 enumtype="d" type="unordered">
<item>
<ptxt>
<phrase category="" id="nev12626845n10" phrase-urn="urn:x-nevis:phrase:0800c8af823e739d">Contact resista#@#@#31#ions.</phrase>
</ptxt>
</item>
<item>
<ptxt>
<phrase category="" id="nev12626846n1" phrase-urn="urn:x-nevis:phrase:0800c8af823e739e">Damaged electro#@#@#13#unit.</phrase>
</ptxt>
</item>
</list1>
</ps>
</condgrp>
<condgrp>
<condition type="symptom">
<list1 enumtype="d" type="unordered">
<item>
<ptxt>
<phrase category="" id="nev12626846n2" phrase-urn="urn:x-nevis:phrase:0800c8af823e739f">Poor performance.</phrase>
</ptxt>
</item>
<item>
<ptxt>
<phrase category="" id="nev12626846n3" phrase-urn="urn:x-nevis:phrase:0800c8af823e73a0">Cruise control #@#@#20# all.</phrase>
</ptxt>
</item>
</list1>
</condition>
</condgrp>
</diagnostic>
</servinfosub>