<?xml version="1.0" encoding="UTF-8"?><servinfosub IE-ID="en-US0900c8af81336503" docno="VCC-146760" id="KC03009035" xml:lang="en-US">
<title>
<phrase category="" id="KC07842153" phrase-urn="urn:x-nevis:phrase:0800c8af81bdcd76">Diagnostic trou#@#@#30#-0291</phrase>
</title>
<diagnostic type="condition">
<condgrp>
<condition type="condition">
<grate>
<graphic id="KC07842154" width="column">
<href>0900c8af80126c0#@#@#9#.jpeg</href>
</graphic>
<graphtext>
<para>
<ptxt>
<phrase category="" id="KC07842155" phrase-urn="urn:x-nevis:phrase:0800c8af81bdcd77">An internal gea#@#@#395#nged.</phrase>
</ptxt>
</para>
<para>
<ptxt>
<phrase category="" id="KC07842156" phrase-urn="urn:x-nevis:phrase:0800c8af81bdcd78">The diagnostic #@#@#146#alue.</phrase>
</ptxt>
</para>
<para>
<ptxt>
<phrase category="" id="KC07842157" phrase-urn="urn:x-nevis:phrase:0800c8af81bdcd79">The diagnostic #@#@#64#d on.</phrase>
</ptxt>
</para>
</graphtext>
</grate>
</condition>
</condgrp>
<condgrp>
<condition type="substitution">
<list1 enumtype="d" type="unordered">
<item>
<ptxt>
<phrase category="" id="KC07842158" phrase-urn="urn:x-nevis:phrase:0800c8af81bdcd7a">Emergency progr#@#@#75#ated.</phrase>
</ptxt>
</item>
</list1>
<hint>
<ptxt>
<phrase category="" id="KC07842159" phrase-urn="urn:x-nevis:phrase:0800c8af81bdcd7b">
<xref>
<ref id="KC07842160"/>
</xref>
</phrase>
</ptxt>
</hint>
</condition>
<ps>
<list1 enumtype="d" type="unordered">
<item>
<ptxt>
<phrase category="" id="KC07842161" phrase-urn="urn:x-nevis:phrase:0800c8af81bdcd7c">The gear positi#@#@#44#sted </phrase>
</ptxt>
</item>
<item>
<ptxt>
<phrase category="" id="KC07842162" phrase-urn="urn:x-nevis:phrase:0800c8af81bdcd7d">Internal fault #@#@#36#TCM).</phrase>
</ptxt>
</item>
</list1>
</ps>
</condgrp>
<condgrp>
<condition type="symptom">
<list1 enumtype="d" type="unordered">
<item>
<ptxt>
<phrase category="" id="KC07842163" phrase-urn="urn:x-nevis:phrase:0800c8af81bdcd7e">General warning#@#@#4#p lit</phrase>
</ptxt>
</item>
<item>
<ptxt>
<phrase category="" id="KC07842164" phrase-urn="urn:x-nevis:phrase:0800c8af81bdcd7f">Malfunction ind#@#@#16#) lit</phrase>
</ptxt>
</item>
<item>
<ptxt>
<phrase category="" id="KC07842165" phrase-urn="urn:x-nevis:phrase:0800c8af81bdcd80">Harsh gear shifting.</phrase>
</ptxt>
</item>
</list1>
</condition>
</condgrp>
</diagnostic>
</servinfosub>