<?xml version="1.0" encoding="UTF-8"?><servinfosub IE-ID="en-US0900c8af80511503" docno="VCC-120283" id="KC01655049" xml:lang="en-US">
<title>
<phrase category="" id="KC07475693" phrase-urn="urn:x-nevis:phrase:0800c8af81b69e1e">Signal too high#@#@#15#fault</phrase>
</title>
<diagnostic j2008use="1" paperuse="1" screenuse="1" type="test">
<testgrp IE-ID="en-US0900c8af80511503_KC01660553" id="KC01660553" j2008use="1" paperuse="1" resumable="1" screenuse="1" testgrp-id="node1" x="120" y="80">
<title>
<phrase category="" id="KC07475694" phrase-urn="urn:x-nevis:phrase:0800c8af81b69e30">Checking wiring#@#@#10#ctors</phrase>
</title>
<node>
<test1>
<test2>
<para>
<ptxt>
<phrase category="" id="KC07475695" phrase-urn="urn:x-nevis:phrase:0800c8af81b69e46">Check the signa#@#@#173#g to <xref>
<ref id="KC07475696"/>
</xref>.</phrase>
</ptxt>
</para>
<para>
<ptxt>
<phrase category="" id="KC07475697" phrase-urn="urn:x-nevis:phrase:0800c8af81b69e5b">Remedy as necessary.</phrase>
</ptxt>
</para>
<list1 enumtype="d" type="unordered">
<title>
<phrase category="" id="KC07475698" phrase-urn="urn:x-nevis:phrase:0800c8af81b69e70">Other information</phrase>
</title>
<item>
<ptxt>
<phrase category="" id="KC07475699" phrase-urn="urn:x-nevis:phrase:0800c8af81b69e83"> To connect the#@#@#14# see <xref>
<ref id="KC07475700"/>
</xref>. </phrase>
</ptxt>
</item>
<item>
<ptxt>
<phrase category="" id="KC07475701" phrase-urn="urn:x-nevis:phrase:0800c8af81b69e99">To access and r#@#@#50# see <xref>
<ref id="KC07475702"/>
</xref>. </phrase>
</ptxt>
</item>
<item>
<ptxt>
<phrase category="" id="KC07475703" phrase-urn="urn:x-nevis:phrase:0800c8af81b69ead">Accelerator ped#@#@#142#ition</phrase>
</ptxt>
</item>
<item>
<ptxt>
<phrase category="" id="KC07475704" phrase-urn="urn:x-nevis:phrase:0800c8af81b69ec1">Accelerator ped#@#@#53# (5V)</phrase>
</ptxt>
</item>
<item>
<ptxt>
<phrase category="" id="KC07475705" phrase-urn="urn:x-nevis:phrase:0800c8af81b69dc5">Accelerator ped#@#@#49#round</phrase>
</ptxt>
</item>
<item>
<ptxt>
<phrase category="" id="KC07475706" phrase-urn="urn:x-nevis:phrase:0800c8af81b69dd8">For information#@#@#15# see <xref>
<ref id="KC07475707"/>
</xref>
</phrase>
</ptxt>
</item>
</list1>
<diaglist>
<dgraphic>
<dgraphic1>
<graphic id="KC07475708">
<href>0900c8af80058ca#@#@#9#.jpeg</href>
</graphic>
</dgraphic1>
<dgraphic2>
<graphic id="KC07475709">
<href>0900c8af80054d4#@#@#9#.jpeg</href>
</graphic>
<smarttool active="press" id="KC07475710" toolname="VDCDAH"/>
</dgraphic2>
</dgraphic>
<ditem>
<ditemtext>
<ptxt>
<phrase category="" id="KC07475711" phrase-urn="urn:x-nevis:phrase:0800c8af81b69deb"/>
</ptxt>
</ditemtext>
</ditem>
</diaglist>
<grate>
<graphic id="KC07475712">
<href>0900c8af800576d#@#@#9#.jpeg</href>
</graphic>
</grate>
</test2>
</test1>
<question/>
<resact-grp>
<result button="cont" comp="button" highlight="0"/>
<action j2008use="1" paperuse="1" screenuse="1">
<ptxt>
<xref>
<ref id="KC07475713"/>
</xref>
</ptxt>
</action>
</resact-grp>
</node>
</testgrp>
<testgrp id="KC01660554" j2008use="1" paperuse="1" resumable="1" screenuse="1" testgrp-id="info2" x="320" y="80">
<title>
<phrase category="" id="KC07475714" phrase-urn="urn:x-nevis:phrase:0800c8af81b69e05">Fault-tracing i#@#@#5#ation</phrase>
</title>
<subcalloutnode>
<diagcallout>
<xref>
<ref id="KC07475715"/>
</xref>
</diagcallout>
<rescall-grp>
<result comp="string" highlight="0" op="eq" return="NEW TRY"/>
<calloutaction>
<ptxt>
<xref>
<ref id="KC07475716"/>
</xref>
</ptxt>
</calloutaction>
</rescall-grp>
<rescall-grp>
<result comp="string" highlight="0" op="eq" return="FAULT FOUND"/>
<calloutaction>
<return value="DONE"/>
</calloutaction>
</rescall-grp>
</subcalloutnode>
</testgrp>
</diagnostic>
</servinfosub>