<?xml version="1.0" encoding="UTF-8"?><servinfosub IE-ID="en-US0900c8af8042f503" docno="VCC-039824" id="KC01474317" xml:lang="en-US">
<title>
<phrase category="" id="KC06997500" phrase-urn="urn:x-nevis:phrase:0800c8af81a4dd97">Verification of#@#@#15#rakes</phrase>
</title>
<diagnostic type="test">
<testgrp IE-ID="en-US0900c8af8042f503_KC01474318" id="KC01474318" j2008use="1" paperuse="1" resumable="1" screenuse="1" testgrp-id="veri" x="120" y="80">
<title>
<phrase category="" id="KC06997501" phrase-urn="urn:x-nevis:phrase:0800c8af81a4dda6"/>
</title>
<subcalloutnode>
<diagcallout>
<xref>
<ref id="KC06997502"/>
</xref>
</diagcallout>
<rescall-grp>
<result comp="string" highlight="0" op="eq" return="VERIFIED"/>
<calloutaction>
<return value="VERIFIED"/>
</calloutaction>
</rescall-grp>
<rescall-grp>
<result comp="string" highlight="0" op="eq" return="VERIFICATION FAILED"/>
<calloutaction>
<return value="VERIFICATION FAILED"/>
</calloutaction>
</rescall-grp>
</subcalloutnode>
</testgrp>
</diagnostic>
</servinfosub>