<?xml version="1.0" encoding="UTF-8"?><servinfosub IE-ID="en-US0800c8af80a42801" docno="T1158461" id="ST-0800c8af80a42801" xml:lang="en-US">
<title>115 8461 PLASTI#@#@#39#E CON</title>
<grate>
<graphic id="0900c8af8005d70f"/>
<graphtext>
<deflist>
<defitem>
<term>Tool number:</term>
<def>115 8461-2</def>
</defitem>
<defitem>
<term>Tool description:</term>
<def>PLASTIC PLUG M1#@#@#30#E CON</def>
</defitem>
<defitem>
<term>Tool board:</term>
<def/>
</defitem>
</deflist>
</graphtext>
</grate>
</servinfosub>