<?xml version="1.0" encoding="UTF-8"?><servinfosub IE-ID="en-US0900c8af83e95801" docno="VCC-325795" id="nev12770423n1" xml:lang="en-US">
<title>
<phrase category="" id="nev12770423n2" phrase-urn="urn:x-nevis:phrase:0800c8af82722a5f">Checking recept#@#@#7#erage</phrase>
</title>
<diagnostic j2008use="1" layout="0" paperuse="1" screenuse="1" type="test">
<testgrp IE-ID="en-US0900c8af83e95801_nev12770423n3" id="nev12770423n3" j2008use="1" paperuse="1" resumable="1" screenuse="1" testgrp-id="node1" x="100" y="80">
<title>
<phrase category="" id="nev12770423n4" phrase-urn="urn:x-nevis:phrase:0800c8af82722a60">Fault-tracing i#@#@#5#ation</phrase>
</title>
<node>
<test1>
<test2>
<para>
<ptxt>
<phrase category="" id="nev12770423n5" phrase-urn="urn:x-nevis:phrase:0800c8af82722a61">If the customer#@#@#111#rage.</phrase>
</ptxt>
<ptxt>
<phrase category="" id="nev12770423n6" phrase-urn="urn:x-nevis:phrase:0800c8af82722a62">Compare the dif#@#@#173#ison.</phrase>
</ptxt>
<ptxt>
<phrase category="" id="nev12770423n7" phrase-urn="urn:x-nevis:phrase:0800c8af82722a63">If sound qualit#@#@#67#rage.</phrase>
</ptxt>
</para>
<list1 enumtype="d">
<title>
<phrase category="" id="nev12770423n8" phrase-urn="urn:x-nevis:phrase:0800c8af82722a65">Other information:</phrase>
</title>
<item>
<ptxt>
<xref id="nev12805316n100">
<ref id="l1174478311521"/>
</xref>
</ptxt>
</item>
</list1>
</test2>
</test1>
<question>
Has the fault #@#@#10#ied?
</question>
<resact-grp>
<result button="yes" comp="button" highlight="0"/>
<action j2008use="1" paperuse="1" screenuse="1">
<return value="FAULT FOUND"/>
</action>
</resact-grp>
<resact-grp>
<result button="no" comp="button" highlight="0"/>
<action j2008use="1" paperuse="1" screenuse="1">
<return value="FAULT NOT FOUND"/>
</action>
</resact-grp>
</node>
</testgrp>
</diagnostic>
</servinfosub>