<?xml version="1.0" encoding="UTF-8"?><servinfosub IE-ID="en-US0900c8af823f9e0f" docno="VCC-247500" id="nev10639720n1" original="sv-SE" xml:lang="en-US">
<title id="nev10639720n2">Spoiler front (#@#@#14#ement</title>
<procedure id="nev10639740n1">
<proctools id="nev10639740n4">
<toolitem id="nev10639740n5"/>
<toolitem id="nev10639740n12"/>
</proctools>
<note id="nev10639740n2">
<ptxt id="nev10639740n3">The illustratio#@#@#176#rect.</ptxt>
</note>
<procstep id="nev10639740n20">
<title id="nev10639740n21">Important infor#@#@#1#ation</title>
<para id="nev10639740n26">
<ptxt id="nev10639740n27">This method onl#@#@#20#port.</ptxt>
</para>
<para id="nev10639740n32">
<ptxt id="nev10639740n33">The spoiler is #@#@#25#nded.</ptxt>
</para>
</procstep>
<stepgrp id="nev10639740n38">
<title id="nev10639740n45">Removal</title>
<procstep id="nev10639740n39">
<title id="nev10639740n40">Removing spoiler</title>
<grate id="nev10639740n61">
<graphic id="nev10639740n62">
<href>0900c8af823ed0e#@#@#9#.jpeg</href>
</graphic>
<graphtext id="nev10639740n75">
<para id="nev10639740n79">
<ptxt id="nev10639740n80">Remove the 5 x #@#@#11# See <xref id="nev10639740n87">
<ref id="nev10639740n91"/>
</xref>.</ptxt>
</para>
<para id="nev10639740n103">
<ptxt id="nev10639740n104">Pull the spoile#@#@#24#iner.</ptxt>
<ptxt id="nev10639740n113">Use a weatherst#@#@#50#oint.</ptxt>
</para>
<hint id="nev10639740n118">
<ptxt id="nev10639740n123">Bend the bottom#@#@#48#nife.</ptxt>
</hint>
<caution id="nev10639740n128">
<ptxt id="nev10639740n129">Do not damage t#@#@#47#mper.</ptxt>
</caution>
</graphtext>
</grate>
</procstep>
</stepgrp>
<stepgrp id="nev10639740n138">
<title id="nev10639740n149">Installation</title>
<procstep id="nev10639740n139">
<title id="nev10639740n140">Preparatory work</title>
<grate id="nev10639740n154">
<graphic id="nev10639740n155">
<href>0900c8af817a793#@#@#9#.jpeg</href>
</graphic>
<graphtext id="nev10639740n174">
<para id="nev10639740n180">
<ptxt id="nev10639740n181">Remove the tape#@#@#9# Use <toolitem id="nev10639740n192"/> and <toolitem id="nev10639740n208"/>.</ptxt>
</para>
<para id="nev10639740n226">
<ptxt id="nev10639740n227">Cut off the adh#@#@#34#ilar.</ptxt>
</para>
<para id="nev10639740n242">
<ptxt id="nev10639740n243">Clean the bumpe#@#@#111#loth.</ptxt>
</para>
<caution id="nev10639751n8">
<ptxt id="nev10639751n9">Ensure that the#@#@#61#more.</ptxt>
</caution>
</graphtext>
</grate>
</procstep>
<procstep id="nev10639751n31">
<title id="nev10639751n32">Installing spoiler</title>
<grate id="nev10639751n47">
<graphic id="nev10639751n48">
<href>0900c8af823ed0e#@#@#9#.jpeg</href>
</graphic>
<graphtext id="nev10639751n76">
<para id="nev10639751n85">
<ptxt id="nev10639751n86">Apply adhesive #@#@#47#iler.</ptxt>
<ptxt id="nev10639751n103">Remove the prot#@#@#46#iler.</ptxt>
</para>
</graphtext>
</grate>
<grate id="nev10639751n112">
<graphic id="nev10639751n113">
<href>0900c8af823ed0e#@#@#9#.jpeg</href>
</graphic>
<graphtext id="nev10639751n144">
<para id="nev10639751n154">
<ptxt id="nev10639751n155">Press the spoil#@#@#12#tion.</ptxt>
</para>
<note id="nev10639751n174">
<ptxt id="nev10639751n184">Check that the #@#@#124#aped.</ptxt>
</note>
<para id="nev10639751n194">
<ptxt id="nev10639751n195">Install the spo#@#@#38#ivet.</ptxt>
</para>
</graphtext>
</grate>
<grate id="nev10639751n214">
<graphic id="nev10639751n215">
<href>0900c8af823ed0e#@#@#9#.jpeg</href>
</graphic>
<graphtext id="nev10639751n249">
<para id="nev10639757n10">
<ptxt id="nev10639757n11">Apply adhesive #@#@#48#tape.</ptxt>
</para>
<hint id="nev10639757n32">
<ptxt id="nev10639757n43">Fold down the f#@#@#37#bond.</ptxt>
</hint>
</graphtext>
</grate>
<grate id="nev10639757n54">
<graphic id="nev10639757n55">
<href>0900c8af823ed0e#@#@#9#.jpeg</href>
</graphic>
<graphtext id="nev10639757n92">
<list1 enumtype="d" id="nev10639757n104" type="unordered">
<title id="nev10639757n128">Install:</title>
<item id="nev10639757n105">
<ptxt id="nev10639757n140">the bumper cove#@#@#24#ivets</ptxt>
</item>
<item id="nev10639757n152">
<ptxt id="nev10639757n164">the flexible hi#@#@#15#rivet</ptxt>
</item>
<item id="nev10639757n176">
<ptxt id="nev10639757n188">the spoiler to #@#@#26#rivet</ptxt>
</item>
<item id="nev10639757n200">
<ptxt id="nev10639757n212">the spoiler bra#@#@#17#ivet.</ptxt>
</item>
</list1>
<note id="nev10639757n224">
<ptxt id="nev10639757n236">If the vehicle #@#@#108# bit.</ptxt>
</note>
<para id="nev10639758n9">
<ptxt id="nev10639758n10">Use the mountin#@#@#17#late.</ptxt>
</para>
</graphtext>
</grate>
<grate id="nev10639758n33">
<graphic id="nev10639758n34">
<href>0900c8af81a7261#@#@#9#.jpeg</href>
</graphic>
</grate>
<grate id="nev10639758n74">
<graphic id="nev10639758n75">
<href>0900c8af81a7261#@#@#9#.jpeg</href>
</graphic>
</grate>
</procstep>
</stepgrp>
</procedure>
</servinfosub>