<?xml version="1.0" encoding="UTF-8"?><servinfosub IE-ID="en-US0900c8af8806de0f" docno="VCC-471245" id="nev21107059n1" original="sv-SE" servinfosubId="nev21107060n1-nev29333515n1" servinfosubRes="0900c8af881ecb74" servinfosubRes2="urn:x-nevis:fragment:0900c8af8806de0f:0900c8af881ecb74#nev29333515n1" xml:lang="en-US">
<operationnumbers>
<operationnumber>83270-2</operationnumber>
</operationnumbers>
<title id="nev21107059n2">Foot Movement D#@#@#17#FMDM)</title>
<toolitemtable id="nev21107060n1-nev29729002n9">
<table id="nev21107060n1-nev29729002n8">
<tgroup cols="2" id="nev21107060n1-nev29729002n7">
<colspec colname="COLSPEC0" colwidth="1.00*" id="nev21107060n1-nev29729002n6"/>
<colspec colname="COLSPEC1" colwidth="1.00*" id="nev21107060n1-nev29729002n5"/>
<thead id="nev21107060n1-nev29729002n4">
<row id="nev21107060n1-nev29729002n3">
<entry id="nev21107060n1-nev29729002n2" nameend="COLSPEC1" namest="COLSPEC0" valign="top">
<ptxt id="nev21107060n1-nev29729002n1">
<emph id="nev21107060n1-nev29729344n100">Special tools</emph>
</ptxt>
</entry>
</row>
</thead>
<tbody id="nev21107060n1-nev29729344n99">
<row id="nev21107060n1-nev29729344n98">
<entry id="nev21107060n1-nev29729344n97">
<graphic id="nev21107060n1-nev29729344n96">
<href>0900c8af8580e4e#@#@#9#.jpeg</href>
</graphic>
</entry>
<entry id="nev21107060n1-nev29729344n95">
<ptxt id="nev21107060n1-nev29729344n94">
<emph id="nev21107060n1-nev29729344n93">981 4187 Clip tool</emph>
</ptxt>
<ptxt id="nev21107060n1-nev29729344n91">
<emph id="nev21107060n1-nev29729344n90">Tool number:</emph>981 4187</ptxt>
<ptxt id="nev21107060n1-nev29729344n89">
<emph id="nev21107060n1-nev29729344n88">Tool description:</emph>Clip tool</ptxt>
<ptxt id="nev21107060n1-nev29729344n86">
<emph id="nev21107060n1-nev29729344n85">Tool boards:</emph>80</ptxt>
</entry>
</row>
</tbody>
</tgroup>
</table>
</toolitemtable>
<procedure id="nev21107060n1-nev29720270n2">
<stepgrp boilerplate="false" context="" id="nev21107060n1-nev29729002n39">
<title id="nev21107060n1-0800c8af844a46f6">Removal</title>
<procstep id="nev21107060n1-nev29721430n13">
<para id="nev21107060n1-nev29729002n37">
<ptxt id="nev21107060n1-nev29729002n38">Set the vehicle#@#@#36# mode<xref boilerplate="true" id="nev21107060n1-0800c8af865315ac">
<ref id="nev21107060n1-nev29721430n10"/>
</xref>
</ptxt>
</para>
</procstep>
<procstep id="nev21107060n1-nev29721430n8">
<para id="nev21107060n1-nev29729002n35">
<ptxt id="nev21107060n1-nev29729002n36">Follow the inst#@#@#31# lift<xref boilerplate="true" id="nev21107060n1-0800c8af8538de2d">
<ref id="nev21107060n1-nev29721430n5"/>
</xref>
</ptxt>
</para>
</procstep>
<procstep id="nev21107060n1-nev29729002n34">
<grate id="nev21107060n1-nev29729002n32">
<graphic id="nev21107060n1-nev29729002n33">
<href>0900c8af881eca6#@#@#9#.jpeg</href>
</graphic>
<graphtext id="nev21107060n1-nev29730120n1">
<note id="nev21107060n1-nev29729002n31">
<ptxt>Orientation view</ptxt>
</note>
</graphtext>
</grate>
</procstep>
<procstep id="nev21107060n1-nev29720271n7">
<grate id="nev21107060n1-nev29729002n29">
<graphic id="nev21107060n1-nev29729002n30">
<href>0900c8af881e3a8#@#@#9#.jpeg</href>
</graphic>
<graphtext id="nev21107060n1-nev29730124n1">
<para id="nev21107060n1-nev29729002n27">
<ptxt id="nev21107060n1-nev29729002n28">Raise the car.</ptxt>
</para>
<para id="nev21107060n1-nev29729002n25">
<ptxt id="nev21107060n1-nev29729002n26">Remove the screws.</ptxt>
</para>
<para id="nev21107060n1-nev29729002n23">
<ptxt id="nev21107060n1-nev29729002n24">Fold marked par#@#@#3#side.</ptxt>
</para>
</graphtext>
</grate>
</procstep>
<procstep id="nev21107060n1-nev29720273n1">
<grate id="nev21107060n1-nev29729002n21">
<graphic id="nev21107060n1-nev29729002n22">
<href>0900c8af881e3ba#@#@#9#.jpeg</href>
</graphic>
<graphtext id="nev21107060n1-nev29730128n1">
<para id="nev21107060n1-nev29729002n19">
<ptxt id="nev21107060n1-nev29729002n20">Disconnect the #@#@#5#ctor.</ptxt>
</para>
<para id="nev21107060n1-nev29729002n17">
<ptxt id="nev21107060n1-nev29729002n18">Loosen the clips.</ptxt>
</para>
<para id="nev21107060n1-nev29729002n15">
<ptxt id="nev21107060n1-nev29729002n16">Remove the mark#@#@#3#part.</ptxt>
</para>
<para id="nev21107060n1-nev29729002n13">
<ptxt id="nev21107060n1-nev29729002n14">
<toolitem boilerplate="true" id="nev21107060n1-nev29721490n86" imageid="0900c8af8580e4e2"/>
</ptxt>
</para>
</graphtext>
</grate>
</procstep>
</stepgrp>
<stepgrp boilerplate="false" context="" id="nev21107060n1-nev29729002n12">
<title id="nev21107060n1-0800c8af844a46f9">Installation</title>
<procstep id="nev21107060n1-nev29720275n3">
<para id="nev21107060n1-nev29729002n10">
<ptxt id="nev21107060n1-nev29729002n11">To install, rev#@#@#22#dure.</ptxt>
</para>
</procstep>
</stepgrp>
</procedure>
</servinfosub>