<?xml version="1.0" encoding="UTF-8"?><servinfosub IE-ID="en-US0800c8af80a15015" docno="T9997031" id="ST-0800c8af80a15015" xml:lang="en-US">
<title>999 7031 Locati#@#@#2# pin </title>
<grate>
<graphic id="0900c8af8005498f"/>
<graphtext>
<deflist>
<defitem>
<term>Tool number:</term>
<def>999 7031-1</def>
</defitem>
<defitem>
<term>Tool description:</term>
<def>Locating pin (P2x)</def>
</defitem>
<defitem>
<term>Tool board:</term>
<def>65</def>
</defitem>
</deflist>
</graphtext>
</grate>
</servinfosub>