<?xml version="1.0" encoding="UTF-8"?><script xmlns:nevis="http://www.volvocars.com/namespaces/processing" xmlns:xlink="http://www.w3.org/1999/xlink" IE-ID="en-US0900c8af8766f015" docno="VCC-485412" id="nev23680019n1" nevis:expl-profile="mdl256yr2016, mdl234yr2017, mdl235yr2017, mdl256yr2017" nevis:profile="urn:x-nevis:profile:0b00c8af858c2577 urn:x-nevis:profile:0b00c8af86dd9c00 urn:x-nevis:profile:0b00c8af86dd9c01 urn:x-nevis:profile:0b00c8af86eeb1e9" nevis:projectdocument="urn:x-nevis:projectdocument:0800c8af86dd9528" nevis:resource="0900c8af8766f01b" nevis:resource2="urn:x-nevis:fragment:0900c8af8766f015:0900c8af8766f01b#nev23680019n1" nevis:session-id="" qualifierinfotype="14:06" xml:lang="en-US"><title id="nev23680019n2"><phrase category="Title" id="nev25993311n1" phrase-urn="urn:x-nevis:phrase:0800c8af86f03262">Component test:</phrase><phrase category="Generic Component" id="nev25993312n1" phrase-urn="urn:x-nevis:phrase:0800c8af869b7c17">Heater windshield</phrase></title><content id="nev23680019n3-nev23680007n1" nevis:expl-profile="mdl256yr2016, mdl234yr2017, mdl235yr2017, mdl256yr2017" nevis:idfrom="nev23680019n3" nevis:prefix="nev23680019n3" nevis:profile="urn:x-nevis:profile:0b00c8af858c2577 urn:x-nevis:profile:0b00c8af86dd9c00 urn:x-nevis:profile:0b00c8af86dd9c01 urn:x-nevis:profile:0b00c8af86eeb1e9" nevis:resource="0900c8af8766f019" nevis:resource2="urn:x-nevis:fragment:0900c8af8766f015:0900c8af8766f019#nev23680007n1" xml:lang="en-US"><nodes id="nev23680019n3-nev23680007n2"/><SpaScript Id="4b7159da-98df-4230-98ef-12e4c5278aab" Name="Component test: Heater windshield " Type="FaultTracing" id="nev23680019n3-nev25993313n1"><Module Annotation="First we run the generic component test module.&#xD;&#xA;After that you can put your individual&#xD;&#xA;component tests..." IsEventHandler="false" Name="Main" id="nev23680019n3-nev25993314n1"><Variable Id="test_remove" Scope="Local" Type="InfoDisplay" id="nev23680019n3-nev25993315n1"><Value Type="InfoDisplayVariable" id="nev23680019n3-nev25993316n1"><infoDisplay id="nev23680019n3-nev23680007n7"><title id="nev23680019n3-nev23680007n8"><freeText id="nev23680019n3-nev23680007n9">Test Test Test</freeText></title><para id="nev23680019n3-nev23680007n10"><freeText id="nev23680019n3-nev23680008n1">Detta är den ge#@#@#45#p... </freeText></para><para id="nev23680019n3-nev23680008n2"><freeText id="nev23680019n3-nev23680008n3">Denna text visa#@#@#42#erats</freeText></para></infoDisplay></Value></Variable><Variable Id="Input" Scope="Input" Type="FaultTracing.Input" id="nev23680019n3-nev25993317n1"/><Component Annotation="Generic test to inform about the DTC condition for faulttracing this cmponent." ComponentId="CallModule_GenericComponentTest" id="nev23680019n3-nev25993318n1"><CallModule id="nev23680019n3-nev25993319n1"><Input Module="GenericComponentTest" id="nev23680019n3-nev25993320n1"><Arg Value="{Input}" id="nev23680019n3-nev25993321n1"/></Input></CallModule></Component><Component ComponentId="RunScript1" id="nev23680019n3-nev25993322n1"><RunScript id="nev23680019n3-nev25993323n1"><Input id="nev23680019n3-nev25993324n1"><NevisLink ProjectDocumentId="0800c8af86dd86eb" VCCNumber="VCC-485407-1" VariantId="0900c8af86dd94c7" id="nev23680019n3-nev25993325n1"/><Contract id="nev23680019n3-nev25993326n1"/><Arguments id="nev23680019n3-nev25993327n1"/><NevisXRef id="nev23680019n3-nev23680042n1"><ref id="nev23680019n3-nev23680026n1"><locator xlink:href="#nev23680019n3-nev23680026n1" xlink:type="locator"/><locator xlink:href="urn:x-nevis:xref:0800c8af86dd86eb:00000000:00000000#nev23679754n1" xlink:type="locator"/><arc nevis:href="urn:x-nevis:xref:0800c8af86dd86eb:00000000:00000000#nev23679754n1" xlink:title="VCC-485407, Heater windshield" xlink:type="arc"/></ref></NevisXRef></Input></RunScript></Component></Module><Module IsEventHandler="false" Name="Final" id="nev23680019n3-nev25993331n1"/><Module Annotation="Do not touch!" IsEventHandler="false" Name="GenericComponentTest" id="nev23680019n3-nev25993332n1"><Variable Id="InfoDisplayFromGenericLogic" Scope="Local" Type="InfoDisplay" id="nev23680019n3-nev25993333n1"><Value Type="InfoDisplayVariable" id="nev23680019n3-nev25993334n1"><infoDisplay id="nev23680019n3-nev23680009n3"/></Value></Variable><Variable Id="DTCs" Scope="Input" Type="List[String]" id="nev23680019n3-nev25993335n1"/><Component ComponentId="Logger_running_generic" id="nev23680019n3-nev25993336n1"><Logger id="nev23680019n3-nev25993337n1"><Input Text="Running module GenericComponenttest in component test 14:06..........   --- Version: 2015-01-23," id="nev23680019n3-nev25993338n1"/></Logger></Component><Component Annotation="Run the Generic Logic 14:00" ComponentId="RunScript_generic_logic" id="nev23680019n3-nev25993339n1"><RunScript id="nev23680019n3-nev25993340n1"><Input id="nev23680019n3-nev25993341n1"><NevisLink ProjectDocumentId="0800c8af86b6bb5c" VCCNumber="VCC-479232-1" VariantId="0900c8af86b6bb6b" id="nev23680019n3-nev25993342n1"/><Contract id="nev23680019n3-nev25993343n1"><InputVariable Name="DTC_input_data" Type="FaultTracing.Input" id="nev23680019n3-nev25993344n1"/><OutputVariable Name="Error" Type="Double" id="nev23680019n3-nev25993345n1"/><OutputVariable Name="ReturnInfoDisplay" Type="InfoDisplay" id="nev23680019n3-nev25993346n1"/><OutputVariable Name="Only_UC_since_LC" Type="Double" id="nev23680019n3-nev25993347n1"/><OutputVariable Name="TF_since_LC_TestPassedNow" Type="Double" id="nev23680019n3-nev25993348n1"/><OutputVariable Name="TF_since_LC_TestNotRunning" Type="Double" id="nev23680019n3-nev25993349n1"/><OutputVariable Name="TF_since_LC_and_UC_this_OC" Type="Double" id="nev23680019n3-nev25993350n1"/><OutputVariable Name="FaultFreeComponent" Type="Double" id="nev23680019n3-nev25993351n1"/></Contract><Arguments InputValue1="{DTCs}" id="nev23680019n3-nev25993352n1"/><NevisXRef id="nev23680019n3-nev23680011n2"><ref id="nev23680019n3-nev23680011n3"><locator xlink:href="#nev23680019n3-nev23680011n3" xlink:type="locator"/><locator xlink:href="urn:x-nevis:xref:0800c8af86b6bb5c:00000000:00000000#nev22873702n1" xlink:type="locator"/><arc nevis:href="urn:x-nevis:xref:0800c8af86b6bb5c:00000000:00000000#nev22873702n1" xlink:title="VCC-479232, Generic logic for component test" xlink:type="arc"/></ref></NevisXRef></Input></RunScript></Component><If Annotation="if no error show generic info about DTC status for component" LogicId="If_no_error" id="nev23680019n3-nev25993356n1"><LogicStatement Expression="RunScript_generic_logic_Result.Error == False" id="nev23680019n3-nev25993357n1"/><True id="nev23680019n3-nev25993358n1"><Component ComponentId="Logger_showing_infodisplay" id="nev23680019n3-nev25993359n1"><Logger id="nev23680019n3-nev25993360n1"><Input Text="Showing information from generic logic script" id="nev23680019n3-nev25993361n1"/></Logger></Component><Component Annotation="From infodisplay returned by generic logic to a local infodisplay variable due to a bug in SPASE " ComponentId="AssignValue_Infodisplay" id="nev23680019n3-nev25993362n1"><AssignValue id="nev23680019n3-nev25993363n1"><Input AssignTo="{InfoDisplayFromGenericLogic}" Value="{RunScript_generic_logic_Result ReturnInfoDisplay}" id="nev23680019n3-nev25993364n1"/></AssignValue></Component><Component Annotation="Result from the generic logic 14:00" ComponentId="DisplayInformation_FromGenericLogic" id="nev23680019n3-nev25993365n1"><DisplayInformation id="nev23680019n3-nev25993366n1"><Input ButtonType="0" InfoDisplay="{InfoDisplayFromGenericLogic}" id="nev23680019n3-nev25993367n1"/></DisplayInformation></Component><If Annotation="If component only has unconfirmed DTC" LogicId="If_OnlyUnconfirmed" id="nev23680019n3-nev25993368n1"><LogicStatement Expression="RunScript_generic_logic_Result.Only_UC_since_LC == True" id="nev23680019n3-nev25993369n1"/><True id="nev23680019n3-nev25993370n1"><Component ComponentId="Logger_onlyUnconfirmed" id="nev23680019n3-nev25993371n1"><Logger id="nev23680019n3-nev25993372n1"><Input Text="The component Test 14:06, Module: GenericcomponentTest is now starting the 14:00 generic script for only unconfirmed since generic logic responded that there was only unconfirmed DTC" id="nev23680019n3-nev25993373n1"/></Logger></Component><Component Annotation="Generic Logic only for unconfirmed faulttracing" ComponentId="RunScript_OnlyUnconfirmed" id="nev23680019n3-nev25993374n1"><RunScript id="nev23680019n3-nev25993375n1"><Input id="nev23680019n3-nev25993376n1"><NevisLink ProjectDocumentId="0800c8af86bbe0d4" VCCNumber="VCC-479592-1" VariantId="0900c8af86bbddf9" id="nev23680019n3-nev25993377n1"/><Contract id="nev23680019n3-nev25993378n1"><InputVariable Name="AttemptNo" Type="Double" id="nev23680019n3-nev25993379n1"/><InputVariable Name="DTCs" Type="List[String]" id="nev23680019n3-nev25993380n1"/><OutputVariable Name="Verified" Type="Double" id="nev23680019n3-nev25993381n1"/><OutputVariable Name="ReturningInfodisplay" Type="InfoDisplay" id="nev23680019n3-nev25993382n1"/></Contract><Arguments InputValue1="1" InputValue2="{DTCs}" id="nev23680019n3-nev25993383n1"/><NevisXRef id="nev23680019n3-nev23680014n2"><ref id="nev23680019n3-nev23680014n3"><locator xlink:href="#nev23680019n3-nev23680014n3" xlink:type="locator"/><locator xlink:href="urn:x-nevis:xref:0800c8af86bbe0d4:00000000:00000000#nev22964386n1" xlink:type="locator"/><arc nevis:href="urn:x-nevis:xref:0800c8af86bbe0d4:00000000:00000000#nev22964386n1" xlink:title="VCC-479592, GenericLogicForOnlyUnconfirmedComponentTest" xlink:type="arc"/></ref></NevisXRef></Input></RunScript></Component><Component ComponentId="AssignValue_infodisplay" id="nev23680019n3-nev25993387n1"><AssignValue id="nev23680019n3-nev25993388n1"><Input AssignTo="{InfoDisplayFromGenericLogic}" Value="{RunScript_OnlyUnconfirmed_Result ReturningInfodisplay}" id="nev23680019n3-nev25993389n1"/></AssignValue></Component><Component ComponentId="DisplayInformation_ResultOnlyUnconfirmed" id="nev23680019n3-nev25993390n1"><DisplayInformation id="nev23680019n3-nev25993391n1"><Input ButtonType="0" InfoDisplay="{InfoDisplayFromGenericLogic}" id="nev23680019n3-nev25993392n1"/></DisplayInformation></Component><If Annotation="Verified ?" LogicId="If1" id="nev23680019n3-nev25993393n1"><LogicStatement Expression="RunScript_OnlyUnconfirmed_Result.Verified == True" id="nev23680019n3-nev25993394n1"/><True id="nev23680019n3-nev25993395n1"><Component Annotation="Verified" ComponentId="Logger_finished" id="nev23680019n3-nev25993396n1"><Logger id="nev23680019n3-nev25993397n1"><Input Text="Generic fault tracing instructions for only unconfirmed fault finished. the fault is verified..." id="nev23680019n3-nev25993398n1"/></Logger></Component></True><Else id="nev23680019n3-nev25993399n1"><Component ComponentId="Logger_NotVerifiedRetry2" id="nev23680019n3-nev25993400n1"><Logger id="nev23680019n3-nev25993401n1"><Input Text="The only unconfirmed fault is not verified... Running onlyUnconfirmedScript 14:00 one more time..." id="nev23680019n3-nev25993402n1"/></Logger></Component><Component Annotation="Second try" ComponentId="RunScriptUnconfirmed_2" id="nev23680019n3-nev25993403n1"><RunScript id="nev23680019n3-nev25993404n1"><Input id="nev23680019n3-nev25993405n1"><NevisLink ProjectDocumentId="0800c8af86bbe0d4" VCCNumber="VCC-479592-1" VariantId="0900c8af86bbddf9" id="nev23680019n3-nev25993406n1"/><Contract id="nev23680019n3-nev25993407n1"><InputVariable Name="AttemptNo" Type="Double" id="nev23680019n3-nev25993408n1"/><InputVariable Name="DTCs" Type="List[String]" id="nev23680019n3-nev25993409n1"/><OutputVariable Name="Verified" Type="Double" id="nev23680019n3-nev25993410n1"/><OutputVariable Name="ReturningInfodisplay" Type="InfoDisplay" id="nev23680019n3-nev25993411n1"/></Contract><Arguments InputValue1="2" InputValue2="{DTCs}" id="nev23680019n3-nev25993412n1"/><NevisXRef id="nev23680019n3-nev23680016n10"><ref id="nev23680019n3-nev23680017n1"><locator xlink:href="#nev23680019n3-nev23680017n1" xlink:type="locator"/><locator xlink:href="urn:x-nevis:xref:0800c8af86bbe0d4:00000000:00000000#nev22964386n1" xlink:type="locator"/><arc nevis:href="urn:x-nevis:xref:0800c8af86bbe0d4:00000000:00000000#nev22964386n1" xlink:title="VCC-479592, GenericLogicForOnlyUnconfirmedComponentTest" xlink:type="arc"/></ref></NevisXRef></Input></RunScript></Component><Component Annotation="" ComponentId="AssignValue_infodisplay2" id="nev23680019n3-nev25993416n1"><AssignValue id="nev23680019n3-nev25993417n1"><Input AssignTo="{InfoDisplayFromGenericLogic}" Value="{RunScriptUnconfirmed_2_Result ReturningInfodisplay}" id="nev23680019n3-nev25993418n1"/></AssignValue></Component><Component ComponentId="DisplayInformation_ResultUC_2" id="nev23680019n3-nev25993419n1"><DisplayInformation id="nev23680019n3-nev25993420n1"><Input ButtonType="0" InfoDisplay="{InfoDisplayFromGenericLogic}" id="nev23680019n3-nev25993421n1"/></DisplayInformation></Component></Else></If></True><Else id="nev23680019n3-nev25993422n1"/></If></True><Else id="nev23680019n3-nev25993423n1"><Component ComponentId="Logger_error" id="nev23680019n3-nev25993424n1"><Logger id="nev23680019n3-nev25993425n1"><Input Text="Error! Something is wrong in generic logic14:00 script, no condition is true. disabling viewing of the generic information, continueing directly to specific fault tracing..." id="nev23680019n3-nev25993426n1"/></Logger></Component></Else></If><Component ComponentId="Logger_Finished" id="nev23680019n3-nev25993427n1"><Logger id="nev23680019n3-nev25993428n1"><Input Text="Generic module in 14:06 component test is finished, continuing with specific tests...." id="nev23680019n3-nev25993429n1"/></Logger></Component></Module></SpaScript></content></script>