<?xml version="1.0" encoding="UTF-8"?><servinfosub IE-ID="en-US0900c8af85a1a015" docno="VCC-451356" id="nev17980897n1" original="sv-SE" servinfosubId="nev20689058n1-nev20689058n2" servinfosubRes="0900c8af862c3ec9" servinfosubRes2="urn:x-nevis:fragment:0900c8af85a1a015:0900c8af862c3ec9#nev20689058n2" xml:lang="en-US">
<title id="nev17980897n2">Design</title>
<topic id="nev20689058n1-nev17980897n3">
<title id="nev20689058n1-nev17980897n4">Damper motor module</title>
<grate id="nev20689058n1-nev17980897n5" pgwide="1">
<graphic id="nev20689058n1-nev17980897n6">
<href>0900c8af807318a#@#@#9#.jpeg</href>
</graphic>
</grate>
<para id="nev20689058n1-nev17980897n7">
<ptxt id="nev20689058n1-nev17980897n8">The Damper moto#@#@#51#otor.</ptxt>
<ptxt id="nev20689058n1-nev17980897n9">The climate con#@#@#32#ules.</ptxt>
<ptxt id="nev20689058n1-nev17980897n10">The various Dam#@#@#45#ions:</ptxt>
</para>
<list1 enumtype="d" id="nev20689058n1-nev17980898n1" type="unordered">
<item id="nev20689058n1-nev17980898n2">
<ptxt id="nev20689058n1-nev17980898n3">defroster (DEF)</ptxt>
</item>
<item id="nev20689058n1-nev17980898n4">
<ptxt id="nev20689058n1-nev17980898n5">recirculation (REC)</ptxt>
</item>
<item id="nev20689058n1-nev17980898n6">
<ptxt id="nev20689058n1-nev17980898n7">air distributio#@#@#3#MODE)</ptxt>
</item>
<item id="nev20689058n1-nev17980898n8">
<ptxt id="nev20689058n1-nev17980898n9">temperature lef#@#@#3#TMPL)</ptxt>
</item>
<item id="nev20689058n1-nev17980898n10">
<ptxt id="nev20689058n1-nev17980899n1">temperature rig#@#@#4#TMPR)</ptxt>
</item>
</list1>
<para id="nev20689058n1-nev17980899n4">
<ptxt id="nev20689058n1-nev17980899n5">The Climate con#@#@#111#s 10.</ptxt>
<ptxt id="nev20689058n1-nev17980899n6">The positions o#@#@#111#ment.</ptxt>
</para>
<para id="nev20689058n1-nev17980899n7">
<ptxt id="nev20689058n1-nev17980899n8">When regulating#@#@#407#atus.</ptxt>
</para>
<para id="nev20689058n1-nev17980899n9">
<ptxt id="nev20689058n1-nev17980899n10">When replacing #@#@#218# out.</ptxt>
</para>
<para id="nev20689058n1-nev17980900n1">
<ptxt id="nev20689058n1-nev17980900n2">Each damper mot#@#@#67#CEM).</ptxt>
</para>
<para id="nev20689058n1-nev17980900n3">
<ptxt id="nev20689058n1-nev17980900n4">There are diagn#@#@#30#dule.</ptxt>
</para>
</topic>
<topic id="nev20689058n1-nev17980900n5">
<title id="nev20689058n1-nev17980900n6">Evaporator temp#@#@#9#ensor</title>
<grate id="nev20689058n1-nev17980900n7" pgwide="1">
<graphic id="nev20689058n1-nev17980900n8">
<href>0900c8af83067d7#@#@#10#.jpeg</href>
</graphic>
</grate>
<para id="nev20689058n1-nev17980900n9">
<ptxt id="nev20689058n1-nev17980900n10">The evaporator #@#@#366#CCM).</ptxt>
</para>
<para id="nev20689058n1-nev17980901n1">
<ptxt id="nev20689058n1-nev17980901n2">There are diagn#@#@#40#nsor.</ptxt>
</para>
</topic>
<topic id="nev20689058n1-nev17980901n3">
<title id="nev20689058n1-nev17980901n4">Passenger compa#@#@#20#ensor</title>
<grate id="nev20689058n1-nev17980901n5" pgwide="1">
<graphic id="nev20689058n1-nev17980901n6">
<href>0900c8af83067d7#@#@#10#.jpeg</href>
</graphic>
</grate>
<para id="nev20689058n1-nev17980901n9">
<ptxt id="nev20689058n1-nev17980901n10">The passenger c#@#@#425#nics.</ptxt>
</para>
<para id="nev20689058n1-nev17980902n1">
<ptxt id="nev20689058n1-nev17980902n2">The passenger c#@#@#92#CCM).</ptxt>
</para>
<para id="nev20689058n1-nev17980902n3">
<ptxt id="nev20689058n1-nev17980902n4">There are diagn#@#@#59# fan.</ptxt>
</para>
</topic>
<topic id="nev20689058n1-nev17980902n5">
<title id="nev20689058n1-nev17980902n6">Air quality sen#@#@#15# ECC)</title>
<grate id="nev20689058n1-nev17980902n7" pgwide="1">
<graphic id="nev20689058n1-nev17980902n8">
<href>0900c8af807318b#@#@#9#.jpeg</href>
</graphic>
</grate>
<para id="nev20689058n1-nev17980902n9">
<ptxt id="nev20689058n1-nev17980902n10">The air quality#@#@#356# air.</ptxt>
<ptxt id="nev20689058n1-nev17980903n1">The air quality#@#@#48# NOx.</ptxt>
<ptxt id="nev20689058n1-nev17980903n2">The climate con#@#@#71#otor.</ptxt>
</para>
<para id="nev20689058n1-nev17980903n3">
<ptxt id="nev20689058n1-nev17980903n4">The air quality#@#@#110#ions.</ptxt>
<ptxt id="nev20689058n1-nev17980903n5">The Air quality#@#@#67#CCM).</ptxt>
</para>
<para id="nev20689058n1-nev17980903n6">
<ptxt id="nev20689058n1-nev17980903n7">The signal from#@#@#81# 0-3:</ptxt>
</para>
<list1 enumtype="d" id="nev20689058n1-nev17980903n8" type="unordered">
<item id="nev20689058n1-nev17980903n9">
<ptxt id="nev20689058n1-nev17980903n10">signal 0= no in#@#@#31#level</ptxt>
</item>
<item id="nev20689058n1-nev17980904n1">
<ptxt id="nev20689058n1-nev17980904n2">signal 1 = grad#@#@#26#level</ptxt>
</item>
<item id="nev20689058n1-nev17980904n3">
<ptxt id="nev20689058n1-nev17980904n4">signal 2 = medi#@#@#25#level</ptxt>
</item>
<item id="nev20689058n1-nev17980904n5">
<ptxt id="nev20689058n1-nev17980904n6">signal 3 = rapi#@#@#25#evel.</ptxt>
</item>
</list1>
<para id="nev20689058n1-nev17980904n7">
<ptxt id="nev20689058n1-nev17980904n8">The air quality#@#@#86#take.</ptxt>
</para>
<para id="nev20689058n1-nev17980904n9">
<ptxt id="nev20689058n1-nev17980904n10">There are diagn#@#@#35#AQS).</ptxt>
</para>
</topic>
<topic id="nev20689058n1-nev17981442n238">
<title id="nev20689058n1-nev17981442n237">Left floor air #@#@#21#ensor</title>
<grate id="nev20689058n1-nev17981442n225" pgwide="1">
<graphic id="nev20689058n1-nev17981442n224">
<href>0900c8af858c21a#@#@#9#.jpeg</href>
</graphic>
</grate>
<para id="nev20689058n1-nev17981442n220">
<ptxt id="nev20689058n1-nev17981442n219"> Left floor air#@#@#244#t it.</ptxt>
<ptxt id="nev20689058n1-nev17981442n218">The left floor #@#@#158#nsor.</ptxt>
</para>
</topic>
<topic id="nev20689058n1-nev17981442n217">
<title id="nev20689058n1-nev17981442n216">Right floor air#@#@#22#ensor</title>
<grate id="nev20689058n1-nev17981442n215" pgwide="1">
<graphic id="nev20689058n1-nev17981442n214">
<href>0900c8af858c21a#@#@#9#.jpeg</href>
</graphic>
</grate>
<para id="nev20689058n1-nev17981442n210">
<ptxt id="nev20689058n1-nev17981442n209">Right floor air#@#@#246#t it.</ptxt>
<ptxt id="nev20689058n1-nev17981442n208">The right floor#@#@#160#nsor.</ptxt>
</para>
</topic>
<topic id="nev20689058n1-nev17981442n207">
<title id="nev20689058n1-nev17981442n206">Left ventilatio#@#@#27#ensor</title>
<grate id="nev20689058n1-nev17981442n205" pgwide="1">
<graphic id="nev20689058n1-nev17981442n204">
<href>0900c8af858c21a#@#@#9#.jpeg</href>
</graphic>
</grate>
<para id="nev20689058n1-nev17981442n200">
<ptxt id="nev20689058n1-nev17981442n199">Left air ventil#@#@#256#t it.</ptxt>
<ptxt id="nev20689058n1-nev17981442n198">The left air ve#@#@#170#nsor.</ptxt>
</para>
</topic>
<topic id="nev20689058n1-nev17981442n197">
<title id="nev20689058n1-nev17981442n196">Right ventilati#@#@#29#nsor.</title>
<grate id="nev20689058n1-nev17981442n193" pgwide="1">
<graphic id="nev20689058n1-nev17981442n192">
<href>0900c8af858c21a#@#@#9#.jpeg</href>
</graphic>
</grate>
<para id="nev20689058n1-nev17981442n195">
<ptxt id="nev20689058n1-nev17981442n194">Right ventilati#@#@#264#t it.</ptxt>
<ptxt id="nev20689058n1-nev17981442n188">The right venti#@#@#172#nsor.</ptxt>
</para>
</topic>
<topic id="nev20689058n1-nev17981442n187">
<title id="nev20689058n1-nev17981442n186">Heat exchanger #@#@#13#ensor</title>
<grate id="nev20689058n1-nev17981442n185" pgwide="1">
<graphic id="nev20689058n1-nev17981442n184">
<href>0900c8af85931b5#@#@#9#.jpeg</href>
</graphic>
</grate>
<para id="nev20689058n1-nev17981442n180">
<ptxt id="nev20689058n1-nev17981442n179">Heat exchanger #@#@#195#t it.</ptxt>
<ptxt id="nev20689058n1-nev17981442n178">The heat exchan#@#@#139#nsor.</ptxt>
</para>
</topic>
<topic id="nev20689058n1-nev17980905n2">
<title id="nev20689058n1-nev17980905n3">Interior electr#@#@#16#(IEC)</title>
<grate id="nev20689058n1-nev17980905n4" pgwide="1">
<graphic id="nev20689058n1-nev17980905n5">
<href>0900c8af85931b8#@#@#10#.jpeg</href>
</graphic>
</grate>
<para id="nev20689058n1-nev17980905n6">
<ptxt id="nev20689058n1-nev17980905n7">For internal re#@#@#278# off.</ptxt>
</para>
<para id="nev20689058n1-nev17980905n8">
<ptxt id="nev20689058n1-nev17980905n9">For internal re#@#@#227#ting.</ptxt>
<ptxt id="nev20689058n1-nev17980905n10">Eight different#@#@#134#est).</ptxt>
<ptxt id="nev20689058n1-nev17980906n1">The compass is #@#@#232# set.</ptxt>
</para>
<para id="nev20689058n1-nev17980906n2">
<ptxt id="nev20689058n1-nev17980906n3">The internal re#@#@#222#rror.</ptxt>
<ptxt id="nev20689058n1-nev17980906n4">When reverse is#@#@#336#CCM).</ptxt>
</para>
</topic>
<topic id="nev20689058n1-nev17980906n5">
<title id="nev20689058n1-nev17980906n6">Seat heaters</title>
<grate id="nev20689058n1-nev17980906n7" pgwide="1">
<graphic id="nev20689058n1-nev17980906n8">
<href>0900c8af83067d6#@#@#10#.jpeg</href>
</graphic>
</grate>
<list1 enumtype="d" id="nev20689058n1-nev17980906n9" type="unordered">
<title id="nev20689058n1-nev17980906n10">The system for #@#@#46#arts:</title>
<item id="nev20689058n1-nev17980907n1">
<ptxt id="nev20689058n1-nev17980907n2">a seat heating #@#@#91#(CCM)</ptxt>
</item>
<item id="nev20689058n1-nev17980907n3">
<ptxt id="nev20689058n1-nev17980907n4">two heater pads</ptxt>
</item>
<item id="nev20689058n1-nev17980907n5">
<ptxt id="nev20689058n1-nev17980907n6">a temperature s#@#@#1#nsor.</ptxt>
</item>
</list1>
<para id="nev20689058n1-nev17980907n7">
<ptxt id="nev20689058n1-nev17980907n8">The seat heatin#@#@#270#seat.</ptxt>
</para>
<para id="nev20689058n1-nev17980907n9">
<ptxt id="nev20689058n1-nev17980907n10">The heater pad #@#@#170# bus.</ptxt>
</para>
<para id="nev20689058n1-nev17980908n1">
<ptxt id="nev20689058n1-nev17980908n2">There are diagn#@#@#36#SHM).</ptxt>
</para>
</topic>
</servinfosub>