<?xml version="1.0" encoding="UTF-8"?><servinfosub IE-ID="en-US0900c8af842e6015" docno="VCC-144572" id="KC01355565" xml:lang="en-US">
<title id="nev11129096n250">Oil grade, checking</title>
<list1 enumtype="d" id="nev11129096n248" type="unordered">
<title id="nev11129096n246">S60</title>
<item id="nev11129096n244">
<ptxt id="nev11129096n242">For AW55-50 and#@#@#15# see <xref id="nev11129096n240">
<ref id="KC07571825"/>
</xref>. </ptxt>
</item>
<item id="nev11129096n178">
<ptxt id="nev11129096n138">For TF-80SC D52#@#@#11# see <xref id="nev11129096n98">
<ref id="nev11129096n58"/>
</xref>.</ptxt>
</item>
</list1>
<list1 enumtype="d" id="nev11129096n235" type="unordered">
<title id="nev11129096n233">V70 (00-08) and#@#@#19#(-07)</title>
<item id="nev11129096n231">
<ptxt id="nev11129096n229">For AW55-50 and#@#@#15# see <xref id="nev11129096n227">
<ref id="KC07571826"/>
</xref>. </ptxt>
</item>
<item id="nev11129122n218">
<ptxt id="nev11129122n178">For TF-80SC and#@#@#26# see <xref id="nev11129122n138">
<ref id="nev11129122n98"/>
</xref>.</ptxt>
</item>
</list1>
<list1 enumtype="d" id="nev11129096n222" type="unordered">
<title id="nev11129096n220">S80 (-06)</title>
<item id="nev11129096n218">
<ptxt id="nev11129096n216">For AW50-42 199#@#@#3# see <xref id="nev11129096n214">
<ref id="KC07571827"/>
</xref>. </ptxt>
</item>
<item id="nev11129096n209">
<ptxt id="nev11129096n207">For AW55-50 and#@#@#21# see <xref id="nev11129096n205">
<ref id="KC07571828"/>
</xref>. </ptxt>
</item>
</list1>
<list1 enumtype="d" id="nev11129096n200" type="unordered">
<title id="nev11129096n198">XC90</title>
<item id="nev11129096n196">
<ptxt id="nev11129096n194">For AW50AWD 200#@#@#3# see <xref id="nev11129096n192">
<ref id="KC07571829"/>
</xref>. </ptxt>
</item>
<item id="nev11129143n244">
<ptxt id="nev11129143n204">For TF-80SCAWD #@#@#14# see <xref id="nev11129143n164">
<ref id="nev11129143n124"/>
</xref>.</ptxt>
</item>
</list1>
</servinfosub>