<?xml version="1.0" encoding="UTF-8"?><servinfosub IE-ID="en-US0900c8af8135a015" docno="VCC-156111" id="KC03092842" xml:lang="en-US">
<title>
<phrase category="" id="KC09512374" phrase-urn="urn:x-nevis:phrase:0800c8af82711c35">Signal too low</phrase>
</title>
<diagnostic j2008use="1" paperuse="1" screenuse="1" type="test">
<testgrp IE-ID="en-US0900c8af8135a015_KC03092858" id="KC03092858" j2008use="1" paperuse="1" resumable="1" screenuse="1" testgrp-id="s1" x="120" y="200">
<title>
<phrase category="" id="KC09512375" phrase-urn="urn:x-nevis:phrase:0800c8af82711c36">Checking compon#@#@#10#iring</phrase>
</title>
<node>
<test1>
<diaglist>
<dgraphic>
<dgraphic1>
<graphic id="KC09512376">
<href>0900c8af80054d4#@#@#9#.jpeg</href>
</graphic>
</dgraphic1>
<dgraphic2>
<graphic id="KC09512377">
<href>0900c8af80054d7#@#@#9#.jpeg</href>
</graphic>
</dgraphic2>
</dgraphic>
<ditem>
<ptxt>
<phrase category="" id="KC09512378" phrase-urn="urn:x-nevis:phrase:0800c8af82711c37">Disconnect any #@#@#49#ector</phrase>
</ptxt>
</ditem>
<ditem>
<ptxt>
<phrase category="" id="KC09512379" phrase-urn="urn:x-nevis:phrase:0800c8af82711c39">Ignition off, w#@#@#20#inute</phrase>
</ptxt>
</ditem>
<ditem>
<ptxt>
<phrase category="" id="KC09512380" phrase-urn="urn:x-nevis:phrase:0800c8af82711c3a">Break the power#@#@#73# lead</phrase>
</ptxt>
</ditem>
<ditem>
<ptxt>
<phrase category="" id="KC09512381" phrase-urn="urn:x-nevis:phrase:0800c8af82711c3c">Disconnect conn#@#@#33#TRM).</phrase>
</ptxt>
</ditem>
</diaglist>
<test2>
<caution>
<ptxt>
<phrase category="" id="KC09512382" phrase-urn="urn:x-nevis:phrase:0800c8af82711c3e">Do not touch th#@#@#114#dule.</phrase>
</ptxt>
</caution>
<para>
<ptxt>
<phrase category="" id="KC09512383" phrase-urn="urn:x-nevis:phrase:0800c8af82711c3f">Check the conne#@#@#133#tors.</phrase>
</ptxt>
</para>
<para>
<ptxt>
<phrase category="" id="KC09512384" phrase-urn="urn:x-nevis:phrase:0800c8af82711c40">Remedy as necessary.</phrase>
</ptxt>
</para>
<para>
<ptxt>
<phrase category="" id="KC09512385" phrase-urn="urn:x-nevis:phrase:0800c8af82711c41">Check the cable#@#@#109#ound.</phrase>
</ptxt>
<ptxt>
<phrase category="" id="KC09512386" phrase-urn="urn:x-nevis:phrase:0800c8af82711c42">Check the cable#@#@#82#ctor.</phrase>
</ptxt>
</para>
<para>
<ptxt>
<phrase category="" id="KC09512387" phrase-urn="urn:x-nevis:phrase:0800c8af82711c43">Remedy as necessary.</phrase>
</ptxt>
</para>
<list1 enumtype="d" type="unordered">
<title>
<phrase category="" id="KC09512388" phrase-urn="urn:x-nevis:phrase:0800c8af82711c44">Other information</phrase>
</title>
<item>
<ptxt>
<phrase category="" id="KC09512389" phrase-urn="urn:x-nevis:phrase:0800c8af82711c45">
<xref>
<ref id="KC09512390"/>
</xref>
</phrase>
</ptxt>
</item>
<item>
<ptxt>
<phrase category="" id="KC09512391" phrase-urn="urn:x-nevis:phrase:0800c8af82711c46">
<xref>
<ref id="KC09512392"/>
</xref>
</phrase>
</ptxt>
</item>
<item>
<ptxt>
<phrase category="" id="KC09512393" phrase-urn="urn:x-nevis:phrase:0800c8af82711c47">For further inf#@#@#61#agram</phrase>
</ptxt>
</item>
<item>
<ptxt>
<phrase category="" id="KC09512394" phrase-urn="urn:x-nevis:phrase:0800c8af82711c48">
<xref>
<ref id="KC09512395"/>
</xref>
</phrase>
</ptxt>
</item>
<item>
<ptxt>
<phrase category="" id="KC09512396" phrase-urn="urn:x-nevis:phrase:0800c8af82711c49">
<xref>
<ref id="KC09512397"/>
</xref>
</phrase>
</ptxt>
</item>
<item>
<ptxt>
<phrase category="" id="KC09512398" phrase-urn="urn:x-nevis:phrase:0800c8af82711c4a">
<xref>
<ref id="KC09512399"/>
</xref>
</phrase>
</ptxt>
</item>
</list1>
</test2>
</test1>
<question>
Select "Contin#@#@#34#ed. 
</question>
<resact-grp>
<result button="cont" comp="button" highlight="0"/>
<action j2008use="1" paperuse="1" screenuse="1">
<ptxt>
<xref>
<ref id="KC09512401"/>
</xref>
</ptxt>
</action>
</resact-grp>
</node>
</testgrp>
<testgrp id="KC03092859" j2008use="1" paperuse="1" resumable="1" screenuse="1" testgrp-id="veri" x="120" y="280">
<title>
<phrase category="" id="KC09512402" phrase-urn="urn:x-nevis:phrase:0800c8af82711c4c">Verification</phrase>
</title>
<subcalloutnode>
<diagcallout>
<xref>
<ref id="KC09512403"/>
</xref>
</diagcallout>
<rescall-grp>
<result comp="string" highlight="0" op="eq" return="VERIFIED"/>
<calloutaction>
<return value="FAULT FOUND"/>
</calloutaction>
</rescall-grp>
<rescall-grp>
<result comp="string" highlight="0" op="eq" return="VERIFICATION FAILED"/>
<calloutaction>
<ptxt>
<xref>
<ref id="KC09512404"/>
</xref>
</ptxt>
</calloutaction>
</rescall-grp>
</subcalloutnode>
</testgrp>
<testgrp id="KC03092860" j2008use="1" paperuse="1" resumable="1" screenuse="1" testgrp-id="info1" x="280" y="120">
<title>
<phrase category="" id="KC09512405" phrase-urn="urn:x-nevis:phrase:0800c8af82711c4d">Fault-tracing i#@#@#5#ation</phrase>
</title>
<subcalloutnode>
<diagcallout>
<xref>
<ref id="KC09512406"/>
</xref>
</diagcallout>
<rescall-grp>
<result comp="string" highlight="0" op="eq" return="FAULTTRACING FAILED"/>
<calloutaction>
<return value="FAULT NOT FOUND"/>
</calloutaction>
</rescall-grp>
<rescall-grp>
<result comp="string" highlight="0" op="eq" return="NEW TRY"/>
<calloutaction>
<ptxt>
<xref>
<ref id="KC09512407"/>
</xref>
</ptxt>
</calloutaction>
</rescall-grp>
</subcalloutnode>
</testgrp>
</diagnostic>
</servinfosub>