<?xml version="1.0" encoding="UTF-8"?><servinfosub IE-ID="en-US0900c8af83479015" docno="VCC-285543" id="nev11405309n1" xml:lang="en-US">
<title>
<phrase category="" id="nev11405309n2" phrase-urn="urn:x-nevis:phrase:0800c8af827240b4">Fault tracing </phrase>
</title>
<diagnostic j2008use="1" layout="0" paperuse="1" screenuse="1" type="test">
<testgrp IE-ID="en-US0900c8af83479015_nev11405309n3" id="nev11405309n3" j2008use="1" paperuse="1" resumable="1" screenuse="1" testgrp-id="statusnod" x="80" y="40">
<title>
<phrase category="" id="nev11405309n4" phrase-urn="urn:x-nevis:phrase:0800c8af827240b5">Checking the status</phrase>
</title>
<node>
<test1>
<diaglist>
<dgraphic>
<dgraphic1>
<graphic id="nev11405309n5">
<href>0900c8af80054d3#@#@#9#.jpeg</href>
</graphic>
</dgraphic1>
</dgraphic>
<ditem>
<ptxt>
<phrase category="" id="nev11405309n6" phrase-urn="urn:x-nevis:phrase:0800c8af827240b6">Start the engine.</phrase>
</ptxt>
</ditem>
</diaglist>
<test2>
<para>
<ptxt>
<phrase category="" id="nev11405309n7" phrase-urn="urn:x-nevis:phrase:0800c8af827240b7">Check whether t#@#@#120#ible.</phrase>
</ptxt>
</para>
<hint>
<ptxt>
<phrase category="" id="nev11405309n8" phrase-urn="urn:x-nevis:phrase:0800c8af827240a3">The signal is m#@#@#76#ture.</phrase>
</ptxt>
</hint>
<para>
<ptxt>
<phrase category="" id="nev11405309n9" phrase-urn="urn:x-nevis:phrase:0800c8af827240a4">If the value is#@#@#111#tive.</phrase>
</ptxt>
</para>
<diaglist>
<dgraphic>
<dgraphic2>
<graphic id="nev11405309n10">
<href>0900c8af86c8681#@#@#9#.jpeg</href>
</graphic>
<smarttool active="press" id="l1133515078718"/>
</dgraphic2>
</dgraphic>
</diaglist>
</test2>
</test1>
<question>
Select Continue.
</question>
<resact-grp>
<result button="cont" comp="button" highlight="0" text=""/>
<action j2008use="1" paperuse="1" screenuse="1">
<ptxt>
<xref>
<ref id="nev11405310n4"/>
</xref>
</ptxt>
</action>
</resact-grp>
</node>
</testgrp>
<testgrp id="nev11405310n5" j2008use="1" paperuse="1" resumable="1" screenuse="1" testgrp-id="node1" x="80" y="180">
<title>
<phrase category="" id="nev11405310n6" phrase-urn="urn:x-nevis:phrase:0800c8af827240a7">Checking compon#@#@#10#iring</phrase>
</title>
<node>
<test1>
<diaglist>
<dgraphic>
<dgraphic1>
<graphic id="nev11405310n7">
<href>0900c8af80054d4#@#@#9#.jpeg</href>
</graphic>
</dgraphic1>
</dgraphic>
<ditem>
<ptxt>
<phrase category="" id="nev11405310n8" phrase-urn="urn:x-nevis:phrase:0800c8af827240a8">Ignition off</phrase>
</ptxt>
</ditem>
</diaglist>
<test2>
<hint>
<ptxt>
<phrase category="" id="nev11405310n9" phrase-urn="urn:x-nevis:phrase:0800c8af827240a9">The fuel temper#@#@#51#sor. </phrase>
</ptxt>
</hint>
<para>
<ptxt>
<phrase category="" id="nev11405310n10" phrase-urn="urn:x-nevis:phrase:0800c8af827240aa">Check the fuel #@#@#75#tion.</phrase>
</ptxt>
</para>
<para>
<ptxt>
<phrase category="" id="nev11405311n1" phrase-urn="urn:x-nevis:phrase:0800c8af827240ab">Remedy as necessary.</phrase>
</ptxt>
</para>
<list1 enumtype="d" type="unordered">
<title>
<phrase category="" id="nev11405311n2" phrase-urn="urn:x-nevis:phrase:0800c8af827240ac">Other information</phrase>
</title>
<item>
<ptxt>
<xref id="nev11487007n100">
<ref id="l1133424069016"/>
</xref>
</ptxt>
</item>
<item>
<ptxt>
<xref id="nev11487007n98">
<ref id="l1133424093591"/>
</xref>
</ptxt>
</item>
<item>
<ptxt>
<xref id="nev11487007n96">
<ref id="l1133424131816"/>
</xref>
</ptxt>
</item>
</list1>
<diaglist>
<dgraphic>
<dgraphic1>
<graphic id="nev11405312n1">
<href>0900c8af8005d25#@#@#9#.jpeg</href>
</graphic>
</dgraphic1>
</dgraphic>
</diaglist>
<grate>
<graphic id="nev11405312n2">
<href>0900c8af8005d08#@#@#9#.jpeg</href>
</graphic>
</grate>
</test2>
</test1>
<question>
Select Continue.
</question>
<resact-grp>
<result button="cont" comp="button" highlight="0"/>
<action id="nev11434235n85" j2008use="1" paperuse="0" screenuse="1">
<ptxt id="nev11434235n84">
<xref id="nev11434235n83">
<ref id="nev11434235n82"/>
</xref>
</ptxt>
</action>
</resact-grp>
</node>
</testgrp>
<testgrp id="nev11405312n9" j2008use="1" paperuse="0" resumable="1" screenuse="1" testgrp-id="info1" x="80" y="480">
<title>
<phrase category="" id="nev11405312n10" phrase-urn="urn:x-nevis:phrase:0800c8af827240b3">Fault-tracing i#@#@#5#ation</phrase>
</title>
<subcalloutnode>
<diagcallout>
<xref>
<ref id="nev11405313n1"/>
</xref>
</diagcallout>
<rescall-grp>
<result comp="string" highlight="0" op="eq" return="FAULTTRACING FAILED"/>
<calloutaction>
<return value="FAULTTRACING FAILED"/>
</calloutaction>
</rescall-grp>
<rescall-grp>
<result comp="string" highlight="0" op="eq" return="NEW TRY"/>
<calloutaction>
<ptxt>
<xref>
<ref id="nev11405313n2"/>
</xref>
</ptxt>
</calloutaction>
</rescall-grp>
</subcalloutnode>
</testgrp>
<testgrp id="nev11434235n100" j2008use="1" paperuse="0" resumable="1" screenuse="1" testgrp-id="veria" x="80" y="340">
<title id="nev11434235n99">
<phrase category="Title" id="nev11434243n1" phrase-urn="urn:x-nevis:phrase:0800c8af81eb9dd1">Verification</phrase>
</title>
<subcalloutnode id="nev11434235n98">
<diagcallout id="nev11434235n97">
<xref id="nev11434235n96">
<ref id="l1132233656956"/>
</xref>
</diagcallout>
<rescall-grp id="nev11434235n95">
<result comp="string" highlight="0" id="nev11434235n94" op="eq" return="VERIFICATION FAILED"/>
<calloutaction id="nev11434235n89">
<ptxt id="nev11434235n88">
<xref id="nev11434235n87">
<ref id="nev11434235n86"/>
</xref>
</ptxt>
</calloutaction>
</rescall-grp>
<rescall-grp id="nev11434235n93">
<result comp="string" highlight="0" id="nev11434235n92" op="eq" return="VERIFIED"/>
<calloutaction id="nev11434235n91">
<return id="nev11434235n90" value="FAULT FOUND"/>
</calloutaction>
</rescall-grp>
</subcalloutnode>
</testgrp>
</diagnostic>
</servinfosub>