<?xml version="1.0" encoding="UTF-8"?><servinfosub IE-ID="en-US0900c8af8168b105" docno="VCC-156707" id="KC05346362" xml:lang="en-US">
<title>
<phrase category="" id="KC09530483" phrase-urn="urn:x-nevis:phrase:0800c8af827141b5">Signal too low</phrase>
</title>
<diagnostic j2008use="1" paperuse="1" screenuse="1" type="test">
<testgrp IE-ID="en-US0900c8af8168b105_KC05349784" id="KC05349784" j2008use="1" paperuse="1" resumable="1" screenuse="1" testgrp-id="node1" x="120" y="80">
<title>
<phrase category="" id="KC09530484" phrase-urn="urn:x-nevis:phrase:0800c8af827141b6">Checking connec#@#@#11#ring </phrase>
</title>
<node>
<test1>
<diaglist>
<dgraphic>
<dgraphic1>
<graphic id="KC09530485">
<href>0900c8af80054d4#@#@#9#.jpeg</href>
</graphic>
</dgraphic1>
</dgraphic>
<ditem>
<ptxt>
<phrase category="" id="KC09530486" phrase-urn="urn:x-nevis:phrase:0800c8af827141b7">Ignition off.</phrase>
</ptxt>
</ditem>
</diaglist>
<test2>
<warning>
<ptxt>
<phrase category="" id="KC09530487" phrase-urn="urn:x-nevis:phrase:0800c8af827141b8">The fuel inject#@#@#67#jury.</phrase>
</ptxt>
</warning>
<para>
<ptxt>
<phrase category="" id="KC09530488" phrase-urn="urn:x-nevis:phrase:0800c8af827141b9">Check the fuel #@#@#101#tion.</phrase>
</ptxt>
</para>
<para>
<ptxt>
<phrase category="" id="KC09530489" phrase-urn="urn:x-nevis:phrase:0800c8af827141ba">Check the fuel #@#@#213#ound.</phrase>
</ptxt>
</para>
<hint>
<ptxt>
<phrase category="" id="KC09530490" phrase-urn="urn:x-nevis:phrase:0800c8af827141bb">With the igniti#@#@#224#age. </phrase>
</ptxt>
</hint>
<para>
<ptxt>
<phrase category="" id="KC09530491" phrase-urn="urn:x-nevis:phrase:0800c8af827141bc">Check the fuel #@#@#208#und. </phrase>
</ptxt>
</para>
<para>
<ptxt>
<phrase category="" id="KC09530492" phrase-urn="urn:x-nevis:phrase:0800c8af827141bd">If the diagnost#@#@#184#lve. </phrase>
</ptxt>
</para>
<ptxt>
<phrase category="" id="KC09530493" phrase-urn="urn:x-nevis:phrase:0800c8af827141be">Remedy as necessary.</phrase>
</ptxt>
<list1 enumtype="d" type="unordered">
<title>
<phrase category="" id="KC09530494" phrase-urn="urn:x-nevis:phrase:0800c8af827141bf">Other information</phrase>
</title>
<item>
<ptxt>
<phrase category="" id="KC09530495" phrase-urn="urn:x-nevis:phrase:0800c8af827141c0">
<xref>
<ref id="KC09530496"/>
</xref>
</phrase>
</ptxt>
</item>
<item>
<ptxt>
<phrase category="" id="KC09530497" phrase-urn="urn:x-nevis:phrase:0800c8af827141c1">
<xref>
<ref id="KC09530498"/>
</xref>
</phrase>
</ptxt>
</item>
<item>
<ptxt>
<phrase category="" id="KC09530499" phrase-urn="urn:x-nevis:phrase:0800c8af827141c2">
<xref>
<ref id="KC09530500"/>
</xref>
</phrase>
</ptxt>
</item>
<item>
<ptxt>
<phrase category="" id="KC09530501" phrase-urn="urn:x-nevis:phrase:0800c8af827141c3">
<xref>
<ref id="KC09530502"/>
</xref>
</phrase>
</ptxt>
</item>
</list1>
<diaglist>
<dgraphic>
<dgraphic1>
<graphic id="KC09530503">
<href>0900c8af8162119#@#@#9#.jpeg</href>
</graphic>
</dgraphic1>
</dgraphic>
</diaglist>
<grate>
<graphic id="KC09530504">
<href>0900c8af81620f0#@#@#9#.jpeg</href>
</graphic>
</grate>
</test2>
</test1>
<question>
Select Continue.
</question>
<resact-grp>
<result button="cont" comp="button" highlight="0"/>
<action j2008use="1" paperuse="1" screenuse="1">
<ptxt>
<xref>
<ref id="KC09530506"/>
</xref>
</ptxt>
</action>
</resact-grp>
</node>
</testgrp>
<testgrp id="KC05349785" j2008use="1" paperuse="1" resumable="1" screenuse="1" testgrp-id="verif" x="320" y="80">
<title>
<phrase category="" id="KC09530507" phrase-urn="urn:x-nevis:phrase:0800c8af827141c5">Verification</phrase>
</title>
<subcalloutnode>
<diagcallout>
<xref>
<ref id="KC09530508"/>
</xref>
</diagcallout>
<rescall-grp>
<result comp="string" highlight="0" op="eq" return="VERIFICATION FAILED"/>
<calloutaction>
<ptxt>
<xref>
<ref id="KC09530509"/>
</xref>
</ptxt>
</calloutaction>
</rescall-grp>
<rescall-grp>
<result comp="string" highlight="0" op="eq" return="VERIFIED"/>
<calloutaction>
<return value="FAULT FOUND"/>
</calloutaction>
</rescall-grp>
</subcalloutnode>
</testgrp>
<testgrp id="KC05349786" j2008use="1" paperuse="1" resumable="1" screenuse="1" testgrp-id="info1" x="520" y="80">
<title>
<phrase category="" id="KC09530510" phrase-urn="urn:x-nevis:phrase:0800c8af827141c6">Fault-tracing i#@#@#5#ation</phrase>
</title>
<subcalloutnode>
<diagcallout>
<xref>
<ref id="KC09530511"/>
</xref>
</diagcallout>
<rescall-grp>
<result comp="string" highlight="0" op="eq" return="FAULTTRACING FAILED"/>
<calloutaction>
<return value="FAULTTRACING FAILED"/>
</calloutaction>
</rescall-grp>
<rescall-grp>
<result comp="string" highlight="0" op="eq" return="NEW TRY"/>
<calloutaction>
<ptxt>
<xref>
<ref id="KC09530512"/>
</xref>
</ptxt>
</calloutaction>
</rescall-grp>
</subcalloutnode>
</testgrp>
</diagnostic>
</servinfosub>