<?xml version="1.0" encoding="UTF-8"?><servinfosub IE-ID="en-US0900c8af83d40105" docno="VCC-320368" id="nev12640590n1" xml:lang="en-US">
<title>
<phrase category="" id="nev12640590n2" phrase-urn="urn:x-nevis:phrase:0800c8af82722e2e">Faulty signal</phrase>
</title>
<diagnostic j2008use="1" layout="0" paperuse="1" screenuse="1" type="test">
<testgrp IE-ID="en-US0900c8af83d40105_nev12640590n3" id="nev12640590n3" j2008use="1" paperuse="1" resumable="1" screenuse="1" testgrp-id="node1" x="120" y="80">
<title>
<phrase category="" id="nev12640590n4" phrase-urn="urn:x-nevis:phrase:0800c8af82722e2f">Checking cables#@#@#10#nents</phrase>
</title>
<node>
<test1>
<diaglist>
<dgraphic>
<dgraphic1>
<graphic id="nev12640590n5">
<href>0900c8af80054d4#@#@#9#.jpeg</href>
</graphic>
</dgraphic1>
</dgraphic>
<ditem>
<ptxt>
<phrase category="" id="nev12640590n6" phrase-urn="urn:x-nevis:phrase:0800c8af82722e30">Ignition off.</phrase>
</ptxt>
</ditem>
<ditem>
<ptxt>
<phrase category="" id="nev12640590n7" phrase-urn="urn:x-nevis:phrase:0800c8af82722e31">Unplug the engi#@#@#28#tors.</phrase>
</ptxt>
</ditem>
</diaglist>
<test2>
<para>
<ptxt>
<phrase category="" id="nev12640590n8" phrase-urn="urn:x-nevis:phrase:0800c8af82722e32">Check relevant #@#@#62#tion.</phrase>
</ptxt>
</para>
<para id="nev12671873n85">
<ptxt id="nev12671873n84">
<phrase category="" id="nev12672640n1" phrase-urn="urn:x-nevis:phrase:0800c8af82722e33">Check the signa#@#@#48#ound.</phrase>
</ptxt>
</para>
<para id="nev12671873n88">
<ptxt id="nev12671873n87">
<phrase category="" id="nev12672639n1" phrase-urn="urn:x-nevis:phrase:0800c8af82722e34">Check the signa#@#@#32#tage.</phrase>
</ptxt>
</para>
<para id="nev12671873n98">
<ptxt id="nev12671873n97">
<phrase category="Faulttracing" id="nev12672140n1" phrase-urn="urn:x-nevis:phrase:0800c8af82264ef0">Take readings b#@#@#2#ween:</phrase>
</ptxt>
</para>
<list1 enumtype="d" id="nev12671873n96">
<item id="nev12671873n95">
<ptxt id="nev12671873n94">
<phrase category="Faulttracing" id="nev12672738n1" phrase-urn="urn:x-nevis:phrase:0800c8af83d5c7ed">Engine control #@#@#54#r #1.</phrase>
</ptxt>
</item>
</list1>
<note id="nev12640591n2">
<ptxt id="nev12640591n3">
<phrase category="Faulttracing" id="nev12640591n4" phrase-urn="urn:x-nevis:phrase:0800c8af82a68c4e">The diagnostic #@#@#121#ture.</phrase>
</ptxt>
</note>
<para>
<ptxt>
<phrase category="" id="nev12640591n5" phrase-urn="urn:x-nevis:phrase:0800c8af82722e36">Remedy as necessary.</phrase>
</ptxt>
</para>
<list1 enumtype="d" type="unordered">
<title>
<phrase category="" id="nev12640591n6" phrase-urn="urn:x-nevis:phrase:0800c8af82722e37">Other information</phrase>
</title>
<item>
<ptxt id="nev12770412n100">
<xref id="nev12770412n99">
<ref id="l1174477292123"/>
</xref>
</ptxt>
</item>
<item>
<ptxt>
<xref id="nev12671873n100">
<ref id="l1170247192421"/>
</xref>
</ptxt>
</item>
<item>
<ptxt id="nev12770412n97">
<xref id="nev12770412n96">
<ref id="l1174477319827"/>
</xref>
</ptxt>
</item>
<item>
<ptxt id="nev12770412n94">
<xref id="nev12770412n93">
<ref id="l1174477352155"/>
</xref>
</ptxt>
</item>
<item>
<ptxt id="nev12770412n91">
<xref id="nev12770412n90">
<ref id="l1174477375108"/>
</xref>
</ptxt>
</item>
</list1>
<diaglist>
<dgraphic>
<dgraphic1>
<graphic id="nev12640592n7">
<href>0900c8af81ada85#@#@#9#.jpeg</href>
</graphic>
</dgraphic1>
<dgraphic2>
<graphic id="nev12640592n8">
<href>0900c8af86c8681#@#@#9#.jpeg</href>
</graphic>
<smarttool active="press" id="nev12640592n9" toolname="yecm5005"/>
</dgraphic2>
</dgraphic>
</diaglist>
<grate>
<graphic id="nev12640593n1">
<href>0900c8af81d9a30#@#@#9#.jpeg</href>
</graphic>
</grate>
</test2>
</test1>
<question>
Select Continue.
</question>
<resact-grp>
<result button="cont" comp="button" highlight="0"/>
<action j2008use="1" paperuse="1" screenuse="1">
<ptxt>
<xref>
<ref id="nev12640593n3"/>
</xref>
</ptxt>
</action>
</resact-grp>
</node>
</testgrp>
<testgrp id="nev12640593n4" j2008use="1" paperuse="1" resumable="1" screenuse="1" testgrp-id="veria" x="120" y="200">
<title>
<phrase category="" id="nev12640593n5" phrase-urn="urn:x-nevis:phrase:0800c8af82722e3f">Verification</phrase>
</title>
<subcalloutnode>
<diagcallout>
<xref>
<ref id="nev12640593n6"/>
</xref>
</diagcallout>
<rescall-grp>
<result comp="string" highlight="0" op="eq" return="VERIFIED"/>
<calloutaction>
<return value="FAULT FOUND"/>
</calloutaction>
</rescall-grp>
<rescall-grp>
<result comp="string" highlight="0" op="eq" return="VERIFICATION FAILED"/>
<calloutaction>
<ptxt>
<xref>
<ref id="nev12640593n7"/>
</xref>
</ptxt>
</calloutaction>
</rescall-grp>
</subcalloutnode>
</testgrp>
<testgrp id="nev12640593n8" j2008use="1" paperuse="0" resumable="1" screenuse="1" testgrp-id="info1" x="120" y="300">
<title>
<phrase category="" id="nev12640593n9" phrase-urn="urn:x-nevis:phrase:0800c8af82722e40">Fault-tracing i#@#@#5#ation</phrase>
</title>
<subcalloutnode>
<diagcallout>
<xref>
<ref id="nev12640593n10"/>
</xref>
</diagcallout>
<rescall-grp>
<result comp="string" highlight="0" op="eq" return="FAULTTRACING FAILED"/>
<calloutaction>
<return value="FAULTTRACING FAILED"/>
</calloutaction>
</rescall-grp>
<rescall-grp>
<result comp="string" highlight="0" op="eq" return="NEW TRY"/>
<calloutaction>
<ptxt>
<xref>
<ref id="nev12640594n1"/>
</xref>
</ptxt>
</calloutaction>
</rescall-grp>
</subcalloutnode>
</testgrp>
</diagnostic>
</servinfosub>