<?xml version="1.0" encoding="UTF-8"?><servinfosub IE-ID="en-US0900c8af8465c105" docno="VCC-370341" id="nev13712728n1" original="sv-SE" servinfosubId="nev13712729n1-nev13712728n4" servinfosubRes="0900c8af8465c143" servinfosubRes2="urn:x-nevis:fragment:0900c8af8465c105:0900c8af8465c143#nev13712728n4" xml:lang="en-US">
<title id="nev13712727n65">Radiator mounti#@#@#3#lower</title>
<materialtable id="nev13712729n1-nev13975360n100">
<table id="nev13712729n1-nev13975360n99">
<tgroup cols="2" id="nev13712729n1-nev13975360n98">
<colspec colname="COLSPEC0" colwidth="1.00*" id="nev13712729n1-nev13975360n97"/>
<colspec colname="COLSPEC1" colwidth="1.00*" id="nev13712729n1-nev13975360n96"/>
<thead id="nev13712729n1-nev13975360n95">
<row id="nev13712729n1-nev13975360n94">
<entry id="nev13712729n1-nev13975360n93" nameend="COLSPEC1" namest="COLSPEC0" valign="top">
<ptxt id="nev13712729n1-nev13975360n92">
<emph id="nev13712729n1-nev13975360n91">Materials</emph>
</ptxt>
</entry>
</row>
</thead>
<tbody id="nev13712729n1-nev13975360n89">
<row id="nev13712729n1-nev13975360n88">
<entry id="nev13712729n1-nev13975360n87">
<ptxt id="nev13712729n1-nev13975360n86">
<emph id="nev13712729n1-nev13975360n85">Designation</emph>
</ptxt>
</entry>
<entry id="nev13712729n1-nev13975360n83">
<ptxt id="nev13712729n1-nev13975360n82">
<emph id="nev13712729n1-nev13975360n81">Part number</emph>
</ptxt>
</entry>
</row>
<row id="nev13712729n1-nev13975360n79">
<entry id="nev13712729n1-nev13975360n78">
<ptxt id="nev13712729n1-nev13975360n77">Holder</ptxt>
</entry>
<entry id="nev13712729n1-nev13975360n75">
<ptxt id="nev13712729n1-nev13975360n74">30776241</ptxt>
</entry>
</row>
</tbody>
</tgroup>
</table>
</materialtable>
<procedure id="nev13712729n1-nev13712727n67">
<stepgrp boilerplate="false" context="" id="nev13712729n1-nev13974243n74">
<title id="nev13712729n1-nev13975265n13">Removal</title>
<procstep id="nev13712729n1-nev13975265n52">
<note id="nev13712729n1-nev13975265n11">
<ptxt>Removal steps i#@#@#45#ails.</ptxt>
</note>
</procstep>
<procstep id="nev13712729n1-nev13974243n81">
<grate id="nev13712729n1-nev13712727n72">
<graphic id="nev13712729n1-nev13712727n73">
<href>0900c8af833c907#@#@#9#.jpeg</href>
</graphic>
<graphtext id="nev13712729n1-nev13975364n1">
<para id="nev13712729n1-nev13975265n7">
<ptxt id="nev13712729n1-nev13975265n8">
<material id="nev13712729n1-nev13975265n9" materialid="30776241" materialname="Holder"/>
</ptxt>
</para>
</graphtext>
</grate>
</procstep>
</stepgrp>
<stepgrp boilerplate="false" context="" id="nev13712729n1-nev13975264n92">
<title id="nev13712729n1-nev13975265n6">Installation</title>
<procstep id="nev13712729n1-nev13975264n21">
<para id="nev13712729n1-nev13975265n2">
<ptxt id="nev13712729n1-nev13975265n3">To install, rev#@#@#22#dure.</ptxt>
</para>
</procstep>
</stepgrp>
</procedure>
</servinfosub>