<?xml version="1.0" encoding="UTF-8"?><servinfosub IE-ID="en-US0900c8af85670105" docno="VCC-370765" id="nev13715921n1" original="sv-SE" servinfosubId="nev13715922n1-nev17363997n1" servinfosubRes="0900c8af85755be7" servinfosubRes2="urn:x-nevis:fragment:0900c8af85670105:0900c8af85755be7#nev17363997n1" xml:lang="en-US">
<operationnumbers>
<operationnumber>52602-2</operationnumber>
</operationnumbers>
<title id="nev13715916n77">Vacuum pump, br#@#@#6#oster</title>
<procedure id="nev13715922n1-nev17506512n42">
<stepgrp boilerplate="false" context="" id="nev13715922n1-nev17506082n31">
<title id="nev13715922n1-nev17506512n41">Removal</title>
<procstep id="nev13715922n1-nev17506449n89">
<note id="nev13715922n1-nev17506512n40">
<ptxt>Removal steps i#@#@#45#ails.</ptxt>
</note>
</procstep>
<procstep id="nev13715922n1-nev17506082n26">
<grate id="nev13715922n1-nev17506512n38">
<graphic id="nev13715922n1-nev17506512n39">
<href>0900c8af8575590#@#@#9#.jpeg</href>
</graphic>
<graphtext id="nev13715922n1-nev17506516n1">
<para id="nev13715922n1-nev17506512n34">
<ptxt id="nev13715922n1-nev17506512n36">
<torque id="nev13715922n1-nev17506512n37">
<ref id="nev13715922n1-nev17506512n35"/>
</torque>
</ptxt>
</para>
</graphtext>
</grate>
</procstep>
<procstep id="nev13715922n1-nev17506082n8">
<grate id="nev13715922n1-nev17506512n32">
<graphic id="nev13715922n1-nev17506512n33">
<href>0900c8af85755a1#@#@#9#.jpeg</href>
</graphic>
<graphtext id="nev13715922n1-nev17506523n1">
<list1 enumtype="n" id="nev13715922n1-nev17506512n31" type="ordered">
<item id="nev13715922n1-nev17506512n30">
<ptxt id="nev13715922n1-nev17506512n28">
<torque id="nev13715922n1-nev17506512n29">
<ref id="nev13715922n1-nev17506512n27"/>
</torque>
</ptxt>
</item>
<item id="nev13715922n1-nev17506512n26">
<ptxt id="nev13715922n1-nev17506512n24">
<torque id="nev13715922n1-nev17506512n25">
<ref id="nev13715922n1-nev17506512n23"/>
</torque>
</ptxt>
</item>
</list1>
</graphtext>
</grate>
</procstep>
<procstep id="nev13715922n1-nev17506506n48">
<grate id="nev13715922n1-nev17506512n21">
<graphic id="nev13715922n1-nev17506512n22">
<href>0900c8af85755bd#@#@#9#.jpeg</href>
</graphic>
</grate>
</procstep>
<procstep id="nev13715922n1-nev17506510n97">
<grate id="nev13715922n1-nev17506512n19">
<graphic id="nev13715922n1-nev17506512n20">
<href>0900c8af85755be#@#@#9#.jpeg</href>
</graphic>
<graphtext id="nev13715922n1-nev17506536n1">
<caution id="nev13715922n1-nev17506512n18">
<ptxt>Take extra care#@#@#24#nent.</ptxt>
</caution>
<para id="nev13715922n1-nev17506512n14">
<ptxt id="nev13715922n1-nev17506512n16">
<torque id="nev13715922n1-nev17506512n17">
<ref id="nev13715922n1-nev17506512n15"/>
</torque>
</ptxt>
</para>
</graphtext>
</grate>
</procstep>
</stepgrp>
<stepgrp boilerplate="false" context="" id="nev13715922n1-nev17506082n23">
<title id="nev13715922n1-nev17506512n13">Installation</title>
<procstep id="nev13715922n1-nev17506082n16">
<para id="nev13715922n1-nev17506512n11">
<ptxt id="nev13715922n1-nev17506512n12">To install, rev#@#@#22#dure.</ptxt>
</para>
</procstep>
</stepgrp>
</procedure>
</servinfosub>