<?xml version="1.0" encoding="UTF-8"?><script xmlns:nevis="http://www.volvocars.com/namespaces/processing" xmlns:xlink="http://www.w3.org/1999/xlink" IE-ID="en-US0900c8af838fb105" docno="VCC-268821" id="nev11064087n1" nevis:expl-profile="mdl124yr2007eng186, mdl124yr2007eng185, mdl124yr2008eng185, mdl124yr2008eng186, mdl136yr2008eng185, mdl135yr2008eng185, mdl135yr2008eng186, mdl124yr2009eng185, mdl124yr2009eng186, mdl135yr2009eng185, mdl135yr2009eng186, mdl136yr2009eng185, mdl156yr2009eng186, mdl156yr2009eng185, mdl136yr2008eng186, mdl136yr2009eng186, mdl275yr2013eng228, mdl275yr2013eng186, mdl275yr2014eng186, mdl275yr2014eng228" nevis:profile="urn:x-nevis:profile:0b00c8af82949434 urn:x-nevis:profile:0b00c8af82949435 urn:x-nevis:profile:0b00c8af838b9dcc urn:x-nevis:profile:0b00c8af838b9dcd urn:x-nevis:profile:0b00c8af839e8e10 urn:x-nevis:profile:0b00c8af839e8ec4 urn:x-nevis:profile:0b00c8af839e8ec5 urn:x-nevis:profile:0b00c8af83f1dd00 urn:x-nevis:profile:0b00c8af83f1dd14 urn:x-nevis:profile:0b00c8af83f2380a urn:x-nevis:profile:0b00c8af83f2380b urn:x-nevis:profile:0b00c8af83f2402c urn:x-nevis:profile:0b00c8af83f34b60 urn:x-nevis:profile:0b00c8af83f34f61 urn:x-nevis:profile:0b00c8af840d7071 urn:x-nevis:profile:0b00c8af842d4fa9 urn:x-nevis:profile:0b00c8af851e89e8 urn:x-nevis:profile:0b00c8af851e89e9 urn:x-nevis:profile:0b00c8af85630412 urn:x-nevis:profile:0b00c8af85630413" nevis:projectdocument="urn:x-nevis:projectdocument:0800c8af82cf6f91" nevis:resource="0900c8af8392c9e9" nevis:resource2="urn:x-nevis:fragment:0900c8af838fb105:0900c8af8392c9e9#nev11064087n1" nevis:session-id="" qualifierinfotype="14:00" type="" xml:lang="en-US"><title>Luftmassa adaption</title><content gui="1" height="140" id="nev11064087n2-nev11064088n1" nevis:expl-profile="mdl124yr2007eng186, mdl124yr2007eng185, mdl124yr2008eng185, mdl124yr2008eng186, mdl136yr2008eng185, mdl135yr2008eng185, mdl135yr2008eng186, mdl124yr2009eng185, mdl124yr2009eng186, mdl135yr2009eng185, mdl135yr2009eng186, mdl136yr2009eng185, mdl156yr2009eng186, mdl156yr2009eng185, mdl136yr2008eng186, mdl136yr2009eng186, mdl275yr2013eng228, mdl275yr2013eng186, mdl275yr2014eng186, mdl275yr2014eng228" nevis:idfrom="nev11064087n2" nevis:prefix="nev11064087n2" nevis:profile="urn:x-nevis:profile:0b00c8af82949434 urn:x-nevis:profile:0b00c8af82949435 urn:x-nevis:profile:0b00c8af838b9dcc urn:x-nevis:profile:0b00c8af838b9dcd urn:x-nevis:profile:0b00c8af839e8e10 urn:x-nevis:profile:0b00c8af839e8ec4 urn:x-nevis:profile:0b00c8af839e8ec5 urn:x-nevis:profile:0b00c8af83f1dd00 urn:x-nevis:profile:0b00c8af83f1dd14 urn:x-nevis:profile:0b00c8af83f2380a urn:x-nevis:profile:0b00c8af83f2380b urn:x-nevis:profile:0b00c8af83f2402c urn:x-nevis:profile:0b00c8af83f34b60 urn:x-nevis:profile:0b00c8af83f34f61 urn:x-nevis:profile:0b00c8af840d7071 urn:x-nevis:profile:0b00c8af842d4fa9 urn:x-nevis:profile:0b00c8af851e89e8 urn:x-nevis:profile:0b00c8af851e89e9 urn:x-nevis:profile:0b00c8af85630412 urn:x-nevis:profile:0b00c8af85630413" nevis:resource="0900c8af8392c9e7" nevis:resource2="urn:x-nevis:fragment:0900c8af838fb105:0900c8af8392c9e7#nev11064088n1" width="390" xml:lang="en-US"><nodes id="nev11064087n2-nev12289242n1"><node class="Components.StartNode" id="nev11064087n2-nev12289243n1" nodeid="Start" x="38" y="213"/><node class="Components.ScriptButton" id="nev11064087n2-nev12289244n1" nodeid="Activate" x="20" y="355"><gui height="30" id="nev11064087n2-nev12289245n1" width="110" x="10" y="100"/><property class="String" id="nev11064087n2-nev12289246n1" name="Text" type="In" value="" visible="0"/><property class="String" id="nev11064087n2-nev12289247n1" name="StartDisabled" type="Internal" value="false" visible="1"/><property class="String" id="nev11064087n2-nev12289248n1" name="StartVisible" type="Internal" value="true" visible="1"/><extension id="nev11064087n2-nev12289249n1"><phrase category="Faulttracing" id="nev11064087n2-nev12278970n1" phrase-urn="urn:x-nevis:phrase:0800c8af8178a380">Start</phrase></extension></node><node class="Components.ScriptButton" id="nev11064087n2-nev12289250n1" nodeid="Hide" x="41" y="662"><gui height="30" id="nev11064087n2-nev12289251n1" width="110" x="270" y="100"/><property class="String" id="nev11064087n2-nev12289252n1" name="Text" type="In" value="" visible="0"/><property class="String" id="nev11064087n2-nev12289253n1" name="StartDisabled" type="Internal" value="false" visible="1"/><property class="String" id="nev11064087n2-nev12289254n1" name="StartVisible" type="Internal" value="true" visible="1"/><extension id="nev11064087n2-nev12289255n1"><phrase category="Faulttracing" id="nev11064087n2-nev12278973n1" phrase-urn="urn:x-nevis:phrase:0800c8af8178a389">Exit</phrase></extension></node><node class="Components.ScriptComponent" id="nev11064087n2-nev12289256n1" nodeid="CloseScript" x="194" y="723"/><node class="Components.Gui.ParameterLabel" id="nev11064087n2-nev12289257n1" nodeid="Label" x="909" y="416"><gui height="70" id="nev11064087n2-nev12289258n1" width="370" x="10" y="15"/><property class="Parameter" id="nev11064087n2-nev12289259n1" name="Parameter" type="In" value="" visible="1"/><property class="String" id="nev11064087n2-nev12289260n1" name="Title" type="In" value="" visible="1"/><property class="String" id="nev11064087n2-nev12289261n1" name="Value" type="In" value="" visible="1"/><property class="String" id="nev11064087n2-nev12289262n1" name="Unit" type="In" value="" visible="1"/><property class="String" id="nev11064087n2-nev12289263n1" name="StartVisible" type="Internal" value="true" visible="0"/></node><node class="Components.Gui.Signal" id="nev11064087n2-nev12289264n1" nodeid="Flag1" x="876" y="633"><gui height="15" id="nev11064087n2-nev12289265n1" width="15" x="190" y="95"/></node><node class="Components.Constant" id="nev11064087n2-nev12289266n1" nodeid="Wait" x="736" y="502"><property class="String" id="nev11064087n2-nev12289267n1" name="Text" type="Out" value="Vänta tills eftergången är avslutad." visible="1"/><extension id="nev11064087n2-nev12289268n1"><text id="nev11064087n2-nev12289269n1" type="nevis"><phrase category="Faulttracing" id="nev11064087n2-nev12278984n1" phrase-urn="urn:x-nevis:phrase:0800c8af8369726a">Wait until run-#@#@#11#shed.</phrase></text></extension></node><node class="Components.Constant" id="nev11064087n2-nev12289270n1" nodeid="IgnitionOff" x="500" y="199"><property class="String" id="nev11064087n2-nev12289271n1" name="Text" type="Out" value="Vrid av tändningen.    " visible="1"/><extension id="nev11064087n2-nev12289272n1"><text id="nev11064087n2-nev12289273n1" type="nevis"><phrase category="Faulttracing" id="nev11064087n2-nev12278979n1" phrase-urn="urn:x-nevis:phrase:0800c8af82264e16">Switch off the #@#@#4#tion.</phrase></text></extension></node><node class="Components.Repeater" id="nev11064087n2-nev12289274n1" nodeid="Repeater2" x="620" y="186"><property class="Int" id="nev11064087n2-nev12289275n1" name="Wait" type="Internal" value="500" visible="1"/><property class="Int" id="nev11064087n2-nev12289276n1" name="NoOfRepeats" type="Internal" value="0" visible="1"/></node><node class="Components.IdentifierComponent" id="nev11064087n2-nev12289277n1" nodeid="PowerMode" x="737" y="144"><property class="Parameter" id="nev11064087n2-nev12289278n1" name="Engine running status ECM" type="Out" value="" visible="1"/><extension id="nev11064087n2-nev12289279n1"><identifier ecu="284101" ecuMode="EcuType" id="nev11064087n2-nev12289280n1" read="100" type="REID" value="D94D"><parameter id="nev11064087n2-nev12289281n1" name="Engine running status ECM" textid="15228"/></identifier></extension></node><node class="Components.Constant" id="nev11064087n2-nev12289282n1" nodeid="Completed" x="738" y="585"><property class="String" id="nev11064087n2-nev12289283n1" name="Text" type="Out" value="Funktionen genomförd." visible="1"/><extension id="nev11064087n2-nev12289284n1"><text id="nev11064087n2-nev12289285n1" type="nevis"><phrase category="Faulttracing" id="nev11064087n2-nev12278985n1" phrase-urn="urn:x-nevis:phrase:0800c8af82a68c0f">The function is#@#@#8#nted.</phrase></text></extension></node><node class="Components.Constant" id="nev11064087n2-nev12289286n1" nodeid="NoContact" x="500" y="290"><property class="String" id="nev11064087n2-nev12289287n1" name="Text" type="Out" value="Ingen kontakt med styrenheten." visible="1"/><extension id="nev11064087n2-nev12289288n1"><text id="nev11064087n2-nev12289289n1" type="nevis"><phrase category="Faulttracing" id="nev11064087n2-nev12278981n1" phrase-urn="urn:x-nevis:phrase:0800c8af8340f8e1">No contact with#@#@#11#dule.</phrase></text></extension></node><node class="Components.Constant" id="nev11064087n2-nev12289290n1" nodeid="NotCompleted" x="500" y="374"><property class="String" id="nev11064087n2-nev12289291n1" name="Text" type="Out" value="Funktionen misslyckades" visible="1"/><extension id="nev11064087n2-nev12289292n1"><text id="nev11064087n2-nev12289293n1" type="nevis"><phrase category="Faulttracing" id="nev11064087n2-nev12278983n1" phrase-urn="urn:x-nevis:phrase:0800c8af81a0c38d">Operation failed</phrase></text></extension></node><node class="Components.Delay" id="nev11064087n2-nev12289294n1" nodeid="Delay1" x="380" y="256"><property class="Int" id="nev11064087n2-nev12289295n1" name="Value" type="In" value="3000" visible="0"/></node><node class="Components.Switch" id="nev11064087n2-nev12289296n1" nodeid="Switch1" x="738" y="672"/><node class="Components.Constant" id="nev11064087n2-nev12289297n1" nodeid="Wait1" x="382" y="98"><property class="String" id="nev11064087n2-nev12289298n1" name="Text" type="Out" value="Var god vänta!" visible="1"/><extension id="nev11064087n2-nev12289299n1"><text id="nev11064087n2-nev12289300n1" type="nevis"><phrase category="Faulttracing" id="nev11064087n2-nev12278977n1" phrase-urn="urn:x-nevis:phrase:0800c8af8031a76b">Please wait!</phrase></text></extension></node><node class="Components.VehComm" id="nev11064087n2-nev12289301n1" nodeid="1003" x="139" y="361"><property class="String" id="nev11064087n2-nev12289302n1" name="Mode" type="Internal" value="EcuType" visible="1"/><property class="Int" id="nev11064087n2-nev12289303n1" name="EcuType" type="In" value="284101" visible="0"/><property class="Int" id="nev11064087n2-nev12289304n1" name="ServiceId" type="In" value="106" visible="0"/><property class="String" id="nev11064087n2-nev12289305n1" name="EcuName" type="Out" value="" visible="1"/><property class="Response" id="nev11064087n2-nev12289306n1" name="Result" type="Out" value="" visible="1"/><extension id="nev11064087n2-nev12289307n1"/></node><node class="Components.VehComm" id="nev11064087n2-nev12289308n1" nodeid="1001" x="193" y="580"><property class="String" id="nev11064087n2-nev12289309n1" name="Mode" type="Internal" value="EcuType" visible="1"/><property class="Int" id="nev11064087n2-nev12289310n1" name="EcuType" type="In" value="284101" visible="0"/><property class="Int" id="nev11064087n2-nev12289311n1" name="ServiceId" type="In" value="112" visible="0"/><property class="String" id="nev11064087n2-nev12289312n1" name="EcuName" type="Out" value="" visible="1"/><property class="Response" id="nev11064087n2-nev12289313n1" name="Result" type="Out" value="" visible="1"/><extension id="nev11064087n2-nev12289314n1"/></node><node class="Components.Repeater" id="nev11064087n2-nev12289315n1" nodeid="Repeater1" x="477" y="538"><property class="Int" id="nev11064087n2-nev12289316n1" name="Wait" type="Internal" value="500" visible="1"/><property class="Int" id="nev11064087n2-nev12289317n1" name="NoOfRepeats" type="Internal" value="0" visible="1"/></node><node class="Components.Comparer" id="nev11064087n2-nev12289318n1" nodeid="01?" x="981" y="158"><property class="String" id="nev11064087n2-nev12289319n1" name="Mode" type="Internal" value="String" visible="1"/><property class="String" id="nev11064087n2-nev12289320n1" name="Value1" type="In" value="01" visible="0"/><property class="String" id="nev11064087n2-nev12289321n1" name="Value2" type="In" value="" visible="1"/></node><node class="Components.IdentifierComponent" id="nev11064087n2-nev12289322n1" nodeid="PowerMode2" x="600" y="531"><property class="Parameter" id="nev11064087n2-nev12289323n1" name="Engine running status ECM" type="Out" value="" visible="1"/><extension id="nev11064087n2-nev12289324n1"><identifier ecu="284101" ecuMode="EcuType" id="nev11064087n2-nev12289325n1" read="100" type="REID" value="D94D"><parameter id="nev11064087n2-nev12289326n1" name="Engine running status ECM" textid="15228"/></identifier></extension></node><node class="Components.IdentifierComponent" id="nev11064087n2-nev12289327n1" nodeid="3101DC1A" x="256" y="364"><property class="Parameter" id="nev11064087n2-nev12289328n1" name="Airsystem adaption" type="Out" value="" visible="1"/><extension id="nev11064087n2-nev12289329n1"><identifier ecu="284101" ecuMode="EcuType" id="nev11064087n2-nev12289330n1" read="109" type="RTOFF" value="DC1A"><parameter id="nev11064087n2-nev12289331n1" name="Airsystem adaption" textid="84978"/><rawparameter id="nev11064087n2-nev12289332n1" name="ControlMode" value="01"/></identifier></extension></node><node class="Components.Comparer" id="nev11064087n2-nev12289333n1" nodeid="48?" x="861" y="158"><property class="String" id="nev11064087n2-nev12289334n1" name="Mode" type="Internal" value="String" visible="1"/><property class="String" id="nev11064087n2-nev12289335n1" name="Value1" type="In" value="48" visible="0"/><property class="String" id="nev11064087n2-nev12289336n1" name="Value2" type="In" value="" visible="1"/></node></nodes><handlers id="nev11064087n2-nev12289337n1"><eventhandler id="nev11064087n2-nev12289338n1" name="OnStart" node="Start"><call id="nev11064087n2-nev12289339n1" method="UpdateTitles" node="PowerMode"/><call id="nev11064087n2-nev12289340n1" method="UpdateTitles" node="3101DC1A"/><call id="nev11064087n2-nev12289341n1" method="UpdateTitles" node="PowerMode2"/></eventhandler><eventhandler id="nev11064087n2-nev12289342n1" name="Click" node="Hide"><call id="nev11064087n2-nev12289343n1" method="Execute" node="1001"/><call id="nev11064087n2-nev12289344n1" method="CloseDialog" node="CloseScript"/></eventhandler><eventhandler id="nev11064087n2-nev12289345n1" name="OnTrigger" node="IgnitionOff"><call id="nev11064087n2-nev12289346n1" method="Start" node="Repeater2"/></eventhandler><eventhandler id="nev11064087n2-nev12289347n1" name="OnRepeat" node="Repeater2"><call id="nev11064087n2-nev12289348n1" method="Read" node="PowerMode"/></eventhandler><eventhandler id="nev11064087n2-nev12289349n1" name="OnPositiveResponse" node="PowerMode"><call id="nev11064087n2-nev12289350n1" method="Compare" node="48?"/></eventhandler><eventhandler id="nev11064087n2-nev12289351n1" name="OnContinue" node="Delay1"><call id="nev11064087n2-nev12289352n1" method="Trigger" node="IgnitionOff"/></eventhandler><eventhandler id="nev11064087n2-nev12289353n1" name="OnOdd" node="Switch1"><call id="nev11064087n2-nev12289354n1" method="Red" node="Flag1"/></eventhandler><eventhandler id="nev11064087n2-nev12289355n1" name="OnEven" node="Switch1"><call id="nev11064087n2-nev12289356n1" method="Yellow" node="Flag1"/></eventhandler><eventhandler id="nev11064087n2-nev12289357n1" name="OnTrigger" node="Completed"><call id="nev11064087n2-nev12289358n1" method="Green" node="Flag1"/></eventhandler><eventhandler id="nev11064087n2-nev12289359n1" name="Click" node="Activate"><call id="nev11064087n2-nev12289360n1" method="Execute" node="1003"/></eventhandler><eventhandler id="nev11064087n2-nev12289361n1" name="OnPositiveResponse" node="1003"><call id="nev11064087n2-nev12289362n1" method="Read" node="3101DC1A"/></eventhandler><eventhandler id="nev11064087n2-nev12289363n1" name="OnRepeat" node="Repeater1"><call id="nev11064087n2-nev12289364n1" method="Read" node="PowerMode2"/></eventhandler><eventhandler id="nev11064087n2-nev12289365n1" name="OnTrue" node="01?"><call id="nev11064087n2-nev12289366n1" method="Stop" node="Repeater2"/><call id="nev11064087n2-nev12289367n1" method="Start" node="Repeater1"/></eventhandler><eventhandler id="nev11064087n2-nev12289368n1" name="OnNegativeResponse" node="PowerMode"><call id="nev11064087n2-nev12289369n1" method="Trigger" node="NotCompleted"/></eventhandler><eventhandler id="nev11064087n2-nev12289370n1" name="OnNoResponse" node="PowerMode2"><call id="nev11064087n2-nev12289371n1" method="Trigger" node="Completed"/></eventhandler><eventhandler id="nev11064087n2-nev12289372n1" name="OnNegativeResponse" node="PowerMode2"><call id="nev11064087n2-nev12289373n1" method="Trigger" node="NotCompleted"/></eventhandler><eventhandler id="nev11064087n2-nev12289374n1" name="OnNoContact" node="PowerMode2"><call id="nev11064087n2-nev12289375n1" method="Trigger" node="Completed"/></eventhandler><eventhandler id="nev11064087n2-nev12289376n1" name="OnPositiveResponse" node="PowerMode2"><call id="nev11064087n2-nev12289377n1" method="Trigger" node="Wait"/><call id="nev11064087n2-nev12289378n1" method="Execute" node="Switch1"/></eventhandler><eventhandler id="nev11064087n2-nev12289379n1" name="OnNoResponse" node="PowerMode"><call id="nev11064087n2-nev12289380n1" method="Trigger" node="NoContact"/></eventhandler><eventhandler id="nev11064087n2-nev12289381n1" name="OnNoContact" node="PowerMode"><call id="nev11064087n2-nev12289382n1" method="Trigger" node="NoContact"/></eventhandler><eventhandler id="nev11064087n2-nev12289383n1" name="OnNoContact" node="3101DC1A"><call id="nev11064087n2-nev12289384n1" method="Trigger" node="NoContact"/></eventhandler><eventhandler id="nev11064087n2-nev12289385n1" name="OnNoResponse" node="3101DC1A"><call id="nev11064087n2-nev12289386n1" method="Trigger" node="NoContact"/></eventhandler><eventhandler id="nev11064087n2-nev12289387n1" name="OnNegativeResponse" node="3101DC1A"><call id="nev11064087n2-nev12289388n1" method="Trigger" node="NotCompleted"/></eventhandler><eventhandler id="nev11064087n2-nev12289389n1" name="OnPositiveResponse" node="3101DC1A"><call id="nev11064087n2-nev12289390n1" method="Trigger" node="Wait1"/><call id="nev11064087n2-nev12289391n1" method="Execute" node="Delay1"/></eventhandler><eventhandler id="nev11064087n2-nev12289392n1" name="OnTrue" node="48?"><call id="nev11064087n2-nev12289393n1" method="Stop" node="Repeater2"/><call id="nev11064087n2-nev12289394n1" method="Start" node="Repeater1"/></eventhandler><eventhandler id="nev11064087n2-nev12289395n1" name="OnFalse" node="48?"><call id="nev11064087n2-nev12289396n1" method="Compare" node="01?"/></eventhandler><propertyhandler id="nev11064087n2-nev12289397n1" name="Text" node="Wait"><set id="nev11064087n2-nev12289398n1" node="Label" property="Value"/></propertyhandler><propertyhandler id="nev11064087n2-nev12289399n1" name="Text" node="Completed"><set id="nev11064087n2-nev12289400n1" node="Label" property="Value"/></propertyhandler><propertyhandler id="nev11064087n2-nev12289401n1" name="Text" node="NoContact"><set id="nev11064087n2-nev12289402n1" node="Label" property="Value"/></propertyhandler><propertyhandler id="nev11064087n2-nev12289403n1" name="Text" node="NotCompleted"><set id="nev11064087n2-nev12289404n1" node="Label" property="Value"/></propertyhandler><propertyhandler id="nev11064087n2-nev12289405n1" name="Text" node="IgnitionOff"><set id="nev11064087n2-nev12289406n1" node="Label" property="Value"/></propertyhandler><propertyhandler id="nev11064087n2-nev12289407n1" name="Text" node="Wait1"><set id="nev11064087n2-nev12289408n1" node="Label" property="Value"/></propertyhandler><propertyhandler id="nev11064087n2-nev12289409n1" name="Engine running status ECM" node="PowerMode"><set id="nev11064087n2-nev12289410n1" node="48?" property="Value2"/><set id="nev11064087n2-nev12289411n1" node="01?" property="Value2"/></propertyhandler><propertyhandler id="nev11064087n2-nev12289412n1" name="Airsystem adaption" node="3101DC1A"><set id="nev11064087n2-nev12289413n1" node="Label" property="Parameter"/></propertyhandler></handlers></content></script>