<?xml version="1.0" encoding="UTF-8"?><servinfosub IE-ID="en-US0900c8af800e1105" docno="VCC-104305" id="KC01123183" xml:lang="en-US">
<title>Description of #@#@#5#eters</title>
<procedure>
<title>Parameters, status</title>
<procstep id="KC01171828">
<title>Stop (brake) wa#@#@#5# lamp</title>
<grate>
<graphic id="KC07332483">
<href>0900c8af80056d8#@#@#9#.jpeg</href>
</graphic>
<graphtext>
<para>
<ptxt>The value indic#@#@#37#atus.</ptxt>
</para>
<para>
<ptxt>OFF: The warnin#@#@#8#s out</ptxt>
<ptxt>ON(cont): The w#@#@#13#s lit</ptxt>
<ptxt>ON(audible): Th#@#@#17#ashes</ptxt>
</para>
</graphtext>
</grate>
</procstep>
<procstep id="KC01171829">
<title>ABS warning lamp</title>
<grate>
<graphic id="KC07332484">
<href>0900c8af80056d8#@#@#9#.jpeg</href>
</graphic>
<graphtext>
<para>
<ptxt>The value indic#@#@#24#atus.</ptxt>
</para>
<para>
<ptxt>OFF: The warnin#@#@#8#s out</ptxt>
<ptxt>ON(cont): The w#@#@#13#s lit</ptxt>
<ptxt>ON(audible): Th#@#@#17#ashes</ptxt>
</para>
</graphtext>
</grate>
</procstep>
<procstep id="KC01171830">
<title>Spin warning lamp</title>
<grate>
<graphic id="KC07332485">
<href>0900c8af80056d9#@#@#9#.jpeg</href>
</graphic>
<graphtext>
<para>
<ptxt>The value indic#@#@#29#atus.</ptxt>
</para>
<para>
<ptxt>OFF: The warnin#@#@#8#s out</ptxt>
<ptxt>ON(cont): The w#@#@#13#s lit</ptxt>
<ptxt>ON(audible): Th#@#@#17#ashes</ptxt>
</para>
</graphtext>
</grate>
</procstep>
<procstep id="KC01171831">
<title>Stop (brake) la#@#@#4#witch</title>
<grate>
<graphic id="KC07332486">
<href>0900c8af80056d8#@#@#9#.jpeg</href>
</graphic>
<graphtext>
<para>
<ptxt>The value indic#@#@#36#atus.</ptxt>
</para>
<para>
<ptxt>OFF: The stop (#@#@#30#vated</ptxt>
<ptxt>ON: The stop (b#@#@#25#vated</ptxt>
</para>
</graphtext>
</grate>
</procstep>
<procstep>
<title>STC switch</title>
<para>
<ptxt>The value indic#@#@#22#atus.</ptxt>
</para>
<para>
<ptxt>OFF: The STC sw#@#@#16#vated</ptxt>
<ptxt>ON: The STC swi#@#@#11#vated</ptxt>
</para>
</procstep>
<procstep>
<title>STC switch indicator</title>
<para>
<ptxt>OFF: The lamp i#@#@#10#vated</ptxt>
<ptxt>ON(cont): The l#@#@#16#antly</ptxt>
<ptxt>ON(audible): Th#@#@#9#ashes</ptxt>
</para>
<para>
<ptxt>The value indic#@#@#40#tor.
</ptxt>
</para>
</procstep>
</procedure>
<procedure>
<title>Parameters, value</title>
<procstep id="KC01171832">
<title>Wheel speed</title>
<grate>
<graphic id="KC07332487">
<href>0900c8af80054d5#@#@#9#.jpeg</href>
</graphic>
<graphtext>
<para>
<ptxt>Measurement ran#@#@#13#km/h.</ptxt>
</para>
<para>
<ptxt>The engine cont#@#@#71#nal.
</ptxt>
</para>
</graphtext>
</grate>
</procstep>
<procstep id="KC01171833">
<title>Extrapolation c#@#@#1#unter</title>
<para>
<ptxt>Measurement ran#@#@#5#- 255</ptxt>
<ptxt>The normal valu#@#@#141#wed.
</ptxt>
</para>
<para>
<ptxt>If the signal f#@#@#355#gain.</ptxt>
</para>
</procstep>
<procstep id="KC01171834">
<title>Wheel acceleration</title>
<para>
<ptxt>Measurement ran#@#@#13#1.27g</ptxt>
<ptxt>Positive value:#@#@#8#ation</ptxt>
<ptxt>Negative value:#@#@#8#ation</ptxt>
</para>
<para>
<ptxt>The control mod#@#@#81#gnal.</ptxt>
<ptxt>The value can v#@#@#81#tion.</ptxt>
</para>
</procstep>
<procstep id="KC01171835">
<title>Vehicle referen#@#@#3#speed</title>
<para>
<ptxt>Measurement ran#@#@#11# km/h</ptxt>
</para>
<para>
<ptxt>The control mod#@#@#62#als.
</ptxt>
</para>
</procstep>
<procstep>
<title>Vehicle speed C#@#@#4#ignal</title>
<para>
<ptxt>Measurement ran#@#@#15# km/h</ptxt>
<ptxt>The control mod#@#@#112#AN). </ptxt>
</para>
<para>
<ptxt>The vehicle spe#@#@#62#CAN).</ptxt>
</para>
</procstep>
<procstep id="KC01171836">
<title>The vehicle acc#@#@#4#ation</title>
<para>
<ptxt>Measurement ran#@#@#13#1.27g</ptxt>
<ptxt>Positive value:#@#@#8#ation</ptxt>
<ptxt>Negative value:#@#@#8#ation</ptxt>
</para>
<para>
<ptxt>The control mod#@#@#85#gnal.</ptxt>
</para>
</procstep>
<procstep>
<title>The brake disc #@#@#6#ature</title>
<para>
<ptxt>Front brake dis#@#@#9#ture.</ptxt>
</para>
<para>
<ptxt>Measurement ran#@#@#19#42°F)</ptxt>
<ptxt>The control mod#@#@#136#ated.</ptxt>
</para>
</procstep>
<procstep>
<title>Power supply</title>
<para>
<ptxt>ABS control mod#@#@#12#pply.</ptxt>
</para>
<para>
<ptxt>Measurement ran#@#@#5#-16 V</ptxt>
</para>
</procstep>
</procedure>
</servinfosub>