<?xml version="1.0" encoding="UTF-8"?><servinfosub IE-ID="en-US0900c8af83a94105" docno="VCC-153213" id="KC02718086" xml:lang="en-US">
<title>
<phrase category="" id="KC07869668" phrase-urn="urn:x-nevis:phrase:0800c8af81c2c705">Resistance too low</phrase>
</title>
<diagnostic j2008use="1" layout="0" paperuse="1" screenuse="1" type="test">
<testgrp IE-ID="en-US0900c8af83a94105_KC02766758" id="KC02766758" j2008use="1" paperuse="1" resumable="1" screenuse="1" testgrp-id="s1" x="120" y="120">
<title>
<phrase category="" id="KC07869669" phrase-urn="urn:x-nevis:phrase:0800c8af81c2c706">Checking the co#@#@#2#onent</phrase>
</title>
<node>
<test1>
<warning>
<ptxt>
<phrase category="" id="KC07869670" phrase-urn="urn:x-nevis:phrase:0800c8af81c2c707">Under no circum#@#@#160#ploy!</phrase>
</ptxt>
</warning>
<caution>
<ptxt>
<phrase category="" id="KC07869671" phrase-urn="urn:x-nevis:phrase:0800c8af81c2c709">Do not touch th#@#@#164#SRS).</phrase>
</ptxt>
</caution>
<diaglist>
<dgraphic>
<dgraphic1>
<graphic id="KC07869672">
<href>0900c8af80054d4#@#@#9#.jpeg</href>
</graphic>
</dgraphic1>
<dgraphic2>
<graphic id="KC07869673">
<href>0900c8af80054d7#@#@#9#.jpeg</href>
</graphic>
</dgraphic2>
</dgraphic>
<ditem>
<ptxt>
<phrase category="" id="KC07869674" phrase-urn="urn:x-nevis:phrase:0800c8af81c2c70a">Check cables an#@#@#120#ttom </phrase>
</ptxt>
</ditem>
<ditem>
<ptxt>
<phrase category="" id="KC07869675" phrase-urn="urn:x-nevis:phrase:0800c8af81c2c70b">If the diagnost#@#@#67#g to:</phrase>
</ptxt>
</ditem>
<ditem>
<ptxt>
<phrase category="" id="KC07869676" phrase-urn="urn:x-nevis:phrase:0800c8af81c2c70c">Switch off the #@#@#20#conds</phrase>
</ptxt>
</ditem>
<ditem>
<ptxt>
<phrase category="" id="KC07869677" phrase-urn="urn:x-nevis:phrase:0800c8af81c2c70d">Disconnect the #@#@#48#ioner</phrase>
</ptxt>
</ditem>
<ditem>
<ptxt>
<phrase category="" id="KC07869678" phrase-urn="urn:x-nevis:phrase:0800c8af81c2c70e">Connect a speci#@#@#79#use: <toolitem id="KC07869679"/>
</phrase>
</ptxt>
<note>
<ptxt>
<phrase category="" id="KC07869680" phrase-urn="urn:x-nevis:phrase:0800c8af81c2c70f">The special too#@#@#139#rder.</phrase>
</ptxt>
</note>
</ditem>
<ditem>
<ptxt>
<phrase category="" id="KC07869681" phrase-urn="urn:x-nevis:phrase:0800c8af81c2c710">Switch on the i#@#@#20#onds.</phrase>
</ptxt>
</ditem>
</diaglist>
<test2>
<para>
<ptxt>
<phrase category="" id="KC07869682" phrase-urn="urn:x-nevis:phrase:0800c8af81c2c711">Read diagnostic#@#@#42#bol. </phrase>
</ptxt>
</para>
<para>
<ptxt>
<phrase category="" id="KC07869683" phrase-urn="urn:x-nevis:phrase:0800c8af81c2c712">If the diagnost#@#@#161#ttom.</phrase>
</ptxt>
<ptxt>
<phrase category="" id="KC07869684" phrase-urn="urn:x-nevis:phrase:0800c8af81c2c713">If the diagnost#@#@#72#ttom.</phrase>
</ptxt>
</para>
<list1 enumtype="d" type="unordered">
<title>
<phrase category="" id="KC07869685" phrase-urn="urn:x-nevis:phrase:0800c8af81c2c715">Other information</phrase>
</title>
<item>
<ptxt>
<phrase category="" id="KC07869686" phrase-urn="urn:x-nevis:phrase:0800c8af81c2c717">
<xref>
<ref id="KC07869687"/>
</xref>
</phrase>
</ptxt>
</item>
<item>
<ptxt>
<phrase category="" id="KC07869688" phrase-urn="urn:x-nevis:phrase:0800c8af81c2c718">
<xref>
<ref id="KC07869689"/>
</xref>
</phrase>
</ptxt>
</item>
<item>
<ptxt>
<phrase category="" id="KC07869690" phrase-urn="urn:x-nevis:phrase:0800c8af81c2c719">For further inf#@#@#61#agram</phrase>
</ptxt>
</item>
<item>
<ptxt>
<phrase category="" id="KC07869691" phrase-urn="urn:x-nevis:phrase:0800c8af81c2c71a">To access or re#@#@#73#See: <xref>
<ref id="KC07869692"/>
</xref>
</phrase>
</ptxt>
</item>
<item>
<ptxt>
<phrase category="Faulttracing" id="nev11015333n1" phrase-urn="urn:x-nevis:phrase:0800c8af82b95e67">To replace seat#@#@#12#ners:</phrase>
<xref id="nev12337476n100">
<ref id="l1116241949394"/>
</xref>
</ptxt>
</item>
<item>
<ptxt>
<phrase category="" id="KC07869697" phrase-urn="urn:x-nevis:phrase:0800c8af81c2c71f">Disassembling c#@#@#6#ors: <xref>
<ref id="KC07869698"/>
</xref>
</phrase>
</ptxt>
</item>
<item>
<ptxt>
<phrase category="" id="KC07869699" phrase-urn="urn:x-nevis:phrase:0800c8af81c2c720">
<xref>
<ref id="KC07869700"/>
</xref>
</phrase>
</ptxt>
</item>
</list1>
<diaglist>
<dgraphic>
<dgraphic2>
<graphic id="KC07869701">
<href>0900c8af86c8681#@#@#9#.jpeg</href>
</graphic>
<smarttool active="press" id="KC07869702" toolname="YSRS0008"/>
</dgraphic2>
</dgraphic>
</diaglist>
</test2>
</test1>
<question>
Select an alte#@#@#4#ive.
</question>
<resact-grp>
<result button="text" comp="button" highlight="0" text="1"/>
<action j2008use="1" paperuse="1" screenuse="1">
<ptxt>
<xref>
<ref id="KC07869704"/>
</xref>
</ptxt>
</action>
</resact-grp>
<resact-grp>
<result button="text" comp="button" highlight="0" text="2"/>
<action j2008use="1" paperuse="1" screenuse="1">
<ptxt>
<xref>
<ref id="KC07869705"/>
</xref>
</ptxt>
</action>
</resact-grp>
</node>
</testgrp>
<testgrp id="KC02766759" j2008use="1" paperuse="1" resumable="1" screenuse="1" testgrp-id="node1" x="120" y="200">
<title>
<phrase category="" id="KC07869706" phrase-urn="urn:x-nevis:phrase:0800c8af81c2c722">Checking the co#@#@#13#iring</phrase>
</title>
<node>
<test1>
<diaglist>
<dgraphic>
<dgraphic1>
<graphic id="KC07869707">
<href>0900c8af80054d4#@#@#9#.jpeg</href>
</graphic>
</dgraphic1>
</dgraphic>
<ditem>
<ptxt>
<phrase category="" id="KC07869708" phrase-urn="urn:x-nevis:phrase:0800c8af81c2c723">Switch off the #@#@#20#conds</phrase>
</ptxt>
</ditem>
<ditem>
<ptxt>
<phrase category="" id="KC07869709" phrase-urn="urn:x-nevis:phrase:0800c8af81c2c724">Disconnect the #@#@#27#ctor </phrase>
</ptxt>
</ditem>
<ditem>
<ptxt>
<phrase category="" id="KC07869710" phrase-urn="urn:x-nevis:phrase:0800c8af81c2c725">Disconnect the #@#@#58#SRS).</phrase>
</ptxt>
</ditem>
</diaglist>
<test2>
<warning>
<ptxt>
<phrase category="" id="KC07869711" phrase-urn="urn:x-nevis:phrase:0800c8af81c2c727">Under no circum#@#@#160#ploy!</phrase>
</ptxt>
</warning>
<caution>
<ptxt>
<phrase category="" id="KC07869712" phrase-urn="urn:x-nevis:phrase:0800c8af81c2c729">Do not touch th#@#@#164#SRS).</phrase>
</ptxt>
</caution>
<para>
<ptxt>
<phrase category="" id="KC07869713" phrase-urn="urn:x-nevis:phrase:0800c8af81c2c72a">Check the conne#@#@#137#tors.</phrase>
</ptxt>
</para>
<para>
<ptxt>
<phrase category="" id="KC07869714" phrase-urn="urn:x-nevis:phrase:0800c8af81c2c72b">Remedy as necessary.</phrase>
</ptxt>
</para>
<para>
<ptxt>
<phrase category="" id="KC07869715" phrase-urn="urn:x-nevis:phrase:0800c8af81c2c72c">Check the SRS i#@#@#235#ance.</phrase>
</ptxt>
<ptxt>
<phrase category="" id="KC07869716" phrase-urn="urn:x-nevis:phrase:0800c8af81c2c72e">Take readings b#@#@#2#ween:</phrase>
</ptxt>
</para>
<list1 enumtype="d" type="unordered">
<item>
<ptxt>
<phrase category="" id="KC07869717" phrase-urn="urn:x-nevis:phrase:0800c8af81c2c730">Terminals #1 an#@#@#87#ide).</phrase>
</ptxt>
</item>
</list1>
<para>
<ptxt>
<phrase category="" id="KC07869718" phrase-urn="urn:x-nevis:phrase:0800c8af81c2c732">Remedy as necessary.</phrase>
</ptxt>
</para>
<list1 enumtype="d" type="unordered">
<title>
<phrase category="" id="KC07869719" phrase-urn="urn:x-nevis:phrase:0800c8af81c2c733">Other information</phrase>
</title>
<item>
<ptxt>
<phrase category="" id="KC07869720" phrase-urn="urn:x-nevis:phrase:0800c8af81c2c734">
<xref>
<ref id="KC07869721"/>
</xref>
</phrase>
</ptxt>
</item>
<item>
<ptxt>
<phrase category="" id="KC07869722" phrase-urn="urn:x-nevis:phrase:0800c8af81c2c735">
<xref>
<ref id="KC07869723"/>
</xref>
</phrase>
</ptxt>
</item>
<item>
<ptxt>
<phrase category="" id="KC07869724" phrase-urn="urn:x-nevis:phrase:0800c8af81c2c736">For further inf#@#@#61#agram</phrase>
</ptxt>
</item>
<item>
<ptxt>
<phrase category="" id="KC07869725" phrase-urn="urn:x-nevis:phrase:0800c8af81c2c737">To access or re#@#@#73#See: <xref>
<ref id="KC07869726"/>
</xref>
</phrase>
</ptxt>
</item>
<item>
<ptxt>
<phrase category="Faulttracing" id="nev11015334n1" phrase-urn="urn:x-nevis:phrase:0800c8af82b95e67">To replace seat#@#@#12#ners:</phrase>
<xref id="nev12337476n98">
<ref id="l1116241984597"/>
</xref>
</ptxt>
</item>
<item>
<ptxt>
<phrase category="" id="KC07869729" phrase-urn="urn:x-nevis:phrase:0800c8af81c2c739">For information#@#@#33#see: <xref>
<ref id="KC07869730"/>
</xref>
</phrase>
</ptxt>
</item>
<item>
<ptxt>
<phrase category="" id="KC07869731" phrase-urn="urn:x-nevis:phrase:0800c8af81c2c73a">
<xref>
<ref id="KC07869732"/>
</xref>
</phrase>
</ptxt>
</item>
</list1>
<diaglist>
<dgraphic>
<dgraphic1>
<graphic id="KC07869733">
<href>0900c8af80126b2#@#@#9#.jpeg</href>
</graphic>
</dgraphic1>
</dgraphic>
</diaglist>
</test2>
</test1>
<question>
Select "Contin#@#@#33#ied.
</question>
<resact-grp>
<result button="cont" comp="button" highlight="0"/>
<action j2008use="1" paperuse="1" screenuse="1">
<ptxt>
<xref>
<ref id="KC07869734"/>
</xref>
</ptxt>
</action>
</resact-grp>
</node>
</testgrp>
<testgrp id="KC02766760" j2008use="1" paperuse="1" resumable="1" screenuse="1" testgrp-id="veri" x="120" y="280">
<title>
<phrase category="" id="KC07869735" phrase-urn="urn:x-nevis:phrase:0800c8af81c2c73b">Verification</phrase>
</title>
<subcalloutnode>
<diagcallout>
<xref>
<ref id="KC07869736"/>
</xref>
</diagcallout>
<rescall-grp>
<result comp="string" highlight="0" op="eq" return="VERIFIED"/>
<calloutaction>
<return value="FAULT FOUND"/>
</calloutaction>
</rescall-grp>
<rescall-grp>
<result comp="string" highlight="0" op="eq" return="VERIFICATION FAILED"/>
<calloutaction>
<ptxt>
<xref>
<ref id="KC07869737"/>
</xref>
</ptxt>
</calloutaction>
</rescall-grp>
</subcalloutnode>
</testgrp>
<testgrp id="KC02766761" j2008use="1" paperuse="1" resumable="1" screenuse="1" testgrp-id="info1" x="120" y="400">
<title>
<phrase category="" id="KC07869738" phrase-urn="urn:x-nevis:phrase:0800c8af81c2c73c">Fault-tracing i#@#@#5#ation</phrase>
</title>
<subcalloutnode>
<diagcallout>
<xref>
<ref id="KC07869739"/>
</xref>
</diagcallout>
<rescall-grp>
<result comp="string" highlight="0" op="eq" return="FAULTTRACING FAILED"/>
<calloutaction>
<return value="FAULT NOT FOUND"/>
</calloutaction>
</rescall-grp>
<rescall-grp>
<result comp="string" highlight="0" op="eq" return="NEW TRY"/>
<calloutaction>
<ptxt>
<xref>
<ref id="KC07869740"/>
</xref>
</ptxt>
</calloutaction>
</rescall-grp>
</subcalloutnode>
</testgrp>
</diagnostic>
</servinfosub>