<?xml version="1.0" encoding="UTF-8"?><servinfosub IE-ID="en-US0900c8af8014790b" docno="VCC-142360" id="KC01184114" xml:lang="en-US">
<title>
<phrase category="" id="KC09422870" phrase-urn="urn:x-nevis:phrase:0800c8af82704af6">Faulty signal</phrase>
</title>
<diagnostic j2008use="1" paperuse="1" screenuse="1" type="test">
<testgrp IE-ID="en-US0900c8af8014790b_KC01184115" id="KC01184115" j2008use="1" paperuse="1" resumable="1" screenuse="1" testgrp-id="node1" x="120" y="80">
<title>
<phrase category="" id="KC09422871" phrase-urn="urn:x-nevis:phrase:0800c8af82704af7">Checking compon#@#@#14#ctors</phrase>
</title>
<node>
<test1>
<diaglist>
<dgraphic>
<dgraphic1>
<graphic id="KC09422872">
<href>0900c8af80054d4#@#@#9#.jpeg</href>
</graphic>
</dgraphic1>
</dgraphic>
<ditem>
<ptxt>
<phrase category="" id="KC09422873" phrase-urn="urn:x-nevis:phrase:0800c8af82704af8">Ignition off</phrase>
</ptxt>
</ditem>
<ditem>
<ptxt>
<phrase category="" id="KC09422874" phrase-urn="urn:x-nevis:phrase:0800c8af82704af9">Check the boost#@#@#79#tion.</phrase>
</ptxt>
<note>
<ptxt>
<phrase category="" id="KC09422875" phrase-urn="urn:x-nevis:phrase:0800c8af82704afa">The intake air #@#@#63#nsor.</phrase>
</ptxt>
</note>
</ditem>
</diaglist>
<test2>
<para>
<ptxt>
<phrase category="" id="KC09422876" phrase-urn="urn:x-nevis:phrase:0800c8af82704afb">If no errors ar#@#@#80#sor. </phrase>
</ptxt>
<ptxt>
<phrase category="" id="KC09422877" phrase-urn="urn:x-nevis:phrase:0800c8af82704afc">Remedy as necessary.</phrase>
</ptxt>
</para>
<list1 enumtype="d" type="unordered">
<title>
<phrase category="" id="KC09422878" phrase-urn="urn:x-nevis:phrase:0800c8af82704afd">Other information:</phrase>
</title>
<item>
<ptxt>
<phrase category="" id="KC09422879" phrase-urn="urn:x-nevis:phrase:0800c8af82704afe">
<xref>
<ref id="KC09422880"/>
</xref>
</phrase>
</ptxt>
</item>
<item>
<ptxt>
<phrase category="" id="KC09422881" phrase-urn="urn:x-nevis:phrase:0800c8af82704aff">For resistance #@#@#7# see <xref>
<ref id="KC09422882"/>
</xref>
</phrase>
</ptxt>
</item>
<item>
<ptxt>
<phrase category="" id="KC09422883" phrase-urn="urn:x-nevis:phrase:0800c8af82704b00">To access or re#@#@#46# see <xref>
<ref id="KC09422884"/>
</xref>.</phrase>
</ptxt>
</item>
</list1>
<diaglist>
<dgraphic>
<dgraphic1>
<graphic id="KC09422885">
<href>0900c8af8005d25#@#@#9#.jpeg</href>
</graphic>
</dgraphic1>
<dgraphic2>
<graphic id="KC09422886">
<href>0900c8af80054d4#@#@#9#.jpeg</href>
</graphic>
<smarttool active="press" id="KC09422887" toolname="ODAH"/>
</dgraphic2>
</dgraphic>
<ditem>
<ditemtext>
<ptxt>
<phrase category="" id="KC09422888" phrase-urn="urn:x-nevis:phrase:0800c8af82704b01"/>
</ptxt>
</ditemtext>
</ditem>
</diaglist>
<grate>
<graphic id="KC09422889">
<href>0900c8af8005d25#@#@#9#.jpeg</href>
</graphic>
</grate>
</test2>
</test1>
<question>
Select Continue.
</question>
<resact-grp>
<result button="cont" comp="button" highlight="0"/>
<action j2008use="1" paperuse="1" screenuse="1">
<ptxt>
<xref>
<ref id="KC09422891"/>
</xref>
</ptxt>
</action>
</resact-grp>
</node>
</testgrp>
<testgrp id="KC01184116" j2008use="1" paperuse="1" resumable="1" screenuse="1" testgrp-id="verif1" x="320" y="80">
<title>
<phrase category="" id="KC09422892" phrase-urn="urn:x-nevis:phrase:0800c8af82704b04">Verification</phrase>
</title>
<subcalloutnode>
<diagcallout>
<xref>
<ref id="KC09422893"/>
</xref>
</diagcallout>
<rescall-grp>
<result comp="string" highlight="0" op="eq" return="VERIFICATION FAILED"/>
<calloutaction>
<ptxt>
<xref>
<ref id="KC09422894"/>
</xref>
</ptxt>
</calloutaction>
</rescall-grp>
<rescall-grp>
<result comp="string" highlight="0" op="eq" return="VERIFIED"/>
<calloutaction>
<return value="FAULT FOUND"/>
</calloutaction>
</rescall-grp>
</subcalloutnode>
</testgrp>
<testgrp id="KC01184117" j2008use="1" paperuse="1" resumable="1" screenuse="1" testgrp-id="info1" x="520" y="80">
<title>
<phrase category="" id="KC09422895" phrase-urn="urn:x-nevis:phrase:0800c8af82704b05">Fault-tracing i#@#@#5#ation</phrase>
</title>
<subcalloutnode>
<diagcallout>
<xref>
<ref id="KC09422896"/>
</xref>
</diagcallout>
<rescall-grp>
<result comp="string" highlight="0" op="eq" return="FAULTTRACING FAILED"/>
<calloutaction>
<return value="FAULTTRACING FAILED"/>
</calloutaction>
</rescall-grp>
<rescall-grp>
<result comp="string" highlight="0" op="eq" return="NEW TRY"/>
<calloutaction>
<ptxt>
<xref>
<ref id="KC09422897"/>
</xref>
</ptxt>
</calloutaction>
</rescall-grp>
</subcalloutnode>
</testgrp>
</diagnostic>
</servinfosub>