<?xml version="1.0" encoding="UTF-8"?><servinfosub IE-ID="en-US0900c8af8049390b" docno="VCC-081573" id="KC01448605" xml:lang="en-US">
<title>Front bumper</title>
<procedure>
<stepgrp>
<procstep id="KC01448606">
<title>Removal</title>
<grate>
<graphic id="KC08542716" width="column">
<href>0900c8af803f84f#@#@#9#.jpeg</href>
</graphic>
<graphtext>
<list1 enumtype="d" type="unordered">
<title>Remove:</title>
<item>
<ptxt>3 screws on eac#@#@#2#side.</ptxt>
</item>
<item>
<ptxt>the headlamp wi#@#@#9# see <xref>
<ref id="KC08542717"/>
</xref>( Service Manua#@#@#81#/V70.</ptxt>
</item>
<item>
<ptxt>the clips for t#@#@#15#over.</ptxt>
</item>
<item>
<ptxt>the connectors #@#@#9#amps.</ptxt>
</item>
<item>
<ptxt>2 bolts.</ptxt>
</item>
</list1>
<ptxt>
<emph>Installation</emph>
</ptxt>
<ptxt>When installing#@#@#54#ings.</ptxt>
</graphtext>
</grate>
</procstep>
<procstep id="KC01448607">
<title>Disassembly</title>
<grate>
<graphic id="KC08542718" width="column">
<href>0900c8af803f84f#@#@#9#.jpeg</href>
</graphic>
<graphtext>
<list1 enumtype="d" type="unordered">
<title>Remove:</title>
<item>
<ptxt>2 screws for th#@#@#14#over.</ptxt>
</item>
<item>
<ptxt>10 quick-releas#@#@#47#ille.</ptxt>
</item>
</list1>
</graphtext>
</grate>
</procstep>
<procstep id="KC01448608">
<title>Disassembling (#@#@#5#nued)</title>
<grate>
<graphic id="KC08542719" width="column">
<href>0900c8af803f84f#@#@#9#.jpeg</href>
</graphic>
<graphtext>
<list1 enumtype="d" type="unordered">
<title>Remove:</title>
<item>
<ptxt>4 screws for th#@#@#3#amps.</ptxt>
</item>
<item>
<ptxt>9 screws at the#@#@#3#ttom.</ptxt>
</item>
<item>
<ptxt>11 quick-releas#@#@#18# top.</ptxt>
</item>
</list1>
</graphtext>
</grate>
</procstep>
<procstep id="KC01448609">
<title>Disassembling (#@#@#5#nued)</title>
<grate>
<graphic id="KC08542720">
<href>0900c8af803f84f#@#@#9#.jpeg</href>
</graphic>
<graphtext>
<ptxt/>
</graphtext>
</grate>
</procstep>
</stepgrp>
</procedure>
</servinfosub>