<?xml version="1.0" encoding="UTF-8"?><servinfosub IE-ID="en-US0900c8af85a9c90b" docno="VCC-370648" id="nev13714572n1" original="sv-SE" servinfosubId="nev13714573n1-nev15762041n1" servinfosubRes="0900c8af85a9cccc" servinfosubRes2="urn:x-nevis:fragment:0900c8af85a9c90b:0900c8af85a9cccc#nev15762041n1" xml:lang="en-US">
<operationnumbers>
<operationnumber>41340-2</operationnumber>
</operationnumbers>
<title id="nev13714571n9">Master cylinder#@#@#3#lutch</title>
<toolitemtable id="nev13714573n1-nev18397984n87">
<table id="nev13714573n1-nev18397984n86">
<tgroup cols="2" id="nev13714573n1-nev18397984n85">
<colspec colname="COLSPEC0" colwidth="1.00*" id="nev13714573n1-nev18397984n84"/>
<colspec colname="COLSPEC1" colwidth="1.00*" id="nev13714573n1-nev18397984n83"/>
<thead id="nev13714573n1-nev18397984n82">
<row id="nev13714573n1-nev18397984n81">
<entry id="nev13714573n1-nev18397984n80" nameend="COLSPEC1" namest="COLSPEC0" valign="top">
<ptxt id="nev13714573n1-nev18397984n79">
<emph id="nev13714573n1-nev18397984n78">Special tools</emph>
</ptxt>
</entry>
</row>
</thead>
<tbody id="nev13714573n1-nev18397984n77">
<row id="nev13714573n1-nev18397984n76">
<entry id="nev13714573n1-nev18397984n75">
<graphic id="nev13714573n1-nev18397984n74">
<href>0900c8af8233962#@#@#9#.jpeg</href>
</graphic>
</entry>
<entry id="nev13714573n1-nev18397984n73">
<ptxt id="nev13714573n1-nev18397984n72">
<emph id="nev13714573n1-nev18397984n71">999 7172 Wrench</emph>
</ptxt>
<ptxt id="nev13714573n1-nev18397984n69">
<emph id="nev13714573n1-nev18397984n68">Tool number:</emph>999 7172</ptxt>
<ptxt id="nev13714573n1-nev18397984n67">
<emph id="nev13714573n1-nev18397984n66">Tool description:</emph>Wrench</ptxt>
<ptxt id="nev13714573n1-nev18397984n64">
<emph id="nev13714573n1-nev18397984n63">Tool boards:</emph>43</ptxt>
</entry>
</row>
</tbody>
</tgroup>
</table>
</toolitemtable>
<materialtable id="nev13714573n1-nev18397984n62">
<table id="nev13714573n1-nev18397984n61">
<tgroup cols="2" id="nev13714573n1-nev18397984n60">
<colspec colname="COLSPEC0" colwidth="1.00*" id="nev13714573n1-nev18397984n59"/>
<colspec colname="COLSPEC1" colwidth="1.00*" id="nev13714573n1-nev18397984n58"/>
<thead id="nev13714573n1-nev18397984n57">
<row id="nev13714573n1-nev18397984n56">
<entry id="nev13714573n1-nev18397984n55" nameend="COLSPEC1" namest="COLSPEC0" valign="top">
<ptxt id="nev13714573n1-nev18397984n54">
<emph id="nev13714573n1-nev18397984n53">Materials</emph>
</ptxt>
</entry>
</row>
</thead>
<tbody id="nev13714573n1-nev18397984n52">
<row id="nev13714573n1-nev18397984n51">
<entry id="nev13714573n1-nev18397984n50">
<ptxt id="nev13714573n1-nev18397984n49">
<emph id="nev13714573n1-nev18397984n48">Designation</emph>
</ptxt>
</entry>
<entry id="nev13714573n1-nev18397984n47">
<ptxt id="nev13714573n1-nev18397984n46">
<emph id="nev13714573n1-nev18397984n45">Part number</emph>
</ptxt>
</entry>
</row>
<row id="nev13714573n1-nev18397984n44">
<entry id="nev13714573n1-nev18397984n43">
<ptxt id="nev13714573n1-nev18397984n42">Brake fluid</ptxt>
</entry>
<entry id="nev13714573n1-nev18397984n40">
<ptxt id="nev13714573n1-nev18397984n39">9437430</ptxt>
</entry>
</row>
</tbody>
</tgroup>
</table>
</materialtable>
<procedure id="nev13714573n1-nev15762046n1">
<stepgrp boilerplate="false" context="" id="nev13714573n1-nev18397983n74">
<title id="nev13714573n1-0800c8af844a46f6">Removal</title>
<procstep id="nev13714573n1-nev15762046n4">
<note id="nev13714573n1-0800c8af844a42fa">
<ptxt>Removal steps i#@#@#45#ails.</ptxt>
</note>
</procstep>
<procstep id="nev13714573n1-nev15762047n3">
<grate id="nev13714573n1-nev18397983n72">
<graphic id="nev13714573n1-nev18397983n73">
<href>0900c8af8461f44#@#@#9#.jpeg</href>
</graphic>
<graphtext id="nev13714573n1-nev18397992n1">
<warning id="nev13714573n1-0800c8af844a4837">
<ptxt>Be prepared to #@#@#18#luid.</ptxt>
</warning>
</graphtext>
</grate>
</procstep>
<procstep id="nev13714573n1-nev17558998n31">
<grate id="nev13714573n1-nev18397983n70">
<graphic id="nev13714573n1-nev18397983n71">
<href>0900c8af857074d#@#@#9#.jpeg</href>
</graphic>
<graphtext id="nev13714573n1-nev18397996n1">
<caution id="nev13714573n1-0800c8af85160821">
<ptxt>Make sure that #@#@#33#ctly.</ptxt>
</caution>
</graphtext>
</grate>
</procstep>
<procstep id="nev13714573n1-nev15762047n9">
<grate id="nev13714573n1-nev18397983n68">
<graphic id="nev13714573n1-nev18397983n69">
<href>0900c8af84f748a#@#@#9#.jpeg</href>
</graphic>
<graphtext id="nev13714573n1-nev18398000n1">
<warning id="nev13714573n1-0800c8af844a4837">
<ptxt>Be prepared to #@#@#18#luid.</ptxt>
</warning>
</graphtext>
</grate>
</procstep>
<procstep id="nev13714573n1-nev15762048n5">
<grate id="nev13714573n1-nev18397983n66">
<graphic id="nev13714573n1-nev18397983n67">
<href>0900c8af8461f44#@#@#9#.jpeg</href>
</graphic>
<graphtext id="nev13714573n1-nev18398004n1">
<caution id="nev13714573n1-0800c8af844a415d">
<ptxt>Make sure the o#@#@#65#voir.</ptxt>
</caution>
</graphtext>
</grate>
</procstep>
<procstep id="nev13714573n1-nev15762049n1">
<list1 boilerplate="true" context="remove" enumtype="b" id="nev13714573n1-nev15762049n2" type="unordered">
<item id="nev13714573n1-nev18397983n65">
<ptxt id="nev13714573n1-nev18397983n64">Instrument pane#@#@#2#lower<xref boilerplate="true" id="nev13714573n1-0800c8af8451d87b">
<ref id="nev13714573n1-nev15762049n7"/>
</xref>
</ptxt>
</item>
<item id="nev13714573n1-nev18397983n63">
<ptxt id="nev13714573n1-nev18397983n62">Start Inhibit Switch<xref boilerplate="true" id="nev13714573n1-0800c8af846388df">
<ref id="nev13714573n1-nev15762050n2"/>
</xref>
</ptxt>
</item>
<item id="nev13714573n1-nev18397983n61">
<ptxt id="nev13714573n1-nev18397983n60">Position sensor#@#@#30#tment<xref boilerplate="true" id="nev13714573n1-0800c8af846ef617">
<ref id="nev13714573n1-nev16996757n84"/>
</xref>
</ptxt>
</item>
<item id="nev13714573n1-nev18397983n59">
<ptxt id="nev13714573n1-nev18397983n58">Combined instru#@#@#5#panel<xref boilerplate="true" id="nev13714573n1-0800c8af8450d5fc">
<ref id="nev13714573n1-nev17181402n68"/>
</xref>
</ptxt>
</item>
<item id="nev13714573n1-nev18397983n57">
<ptxt id="nev13714573n1-nev18397983n56">Driver's airbag<xref boilerplate="true" id="nev13714573n1-0800c8af8490ff02">
<ref id="nev13714573n1-nev18397107n32"/>
</xref>
</ptxt>
</item>
</list1>
</procstep>
<procstep id="nev13714573n1-nev18397107n31">
<grate id="nev13714573n1-nev18397983n54">
<graphic id="nev13714573n1-nev18397983n55">
<href>0900c8af846bae8#@#@#9#.jpeg</href>
</graphic>
</grate>
</procstep>
<procstep id="nev13714573n1-nev18397107n28">
<grate id="nev13714573n1-nev18397983n52">
<graphic id="nev13714573n1-nev18397983n53">
<href>0900c8af846bae7#@#@#9#.jpeg</href>
</graphic>
</grate>
</procstep>
<procstep id="nev13714573n1-nev18397107n25">
<grate id="nev13714573n1-nev18397983n50">
<graphic id="nev13714573n1-nev18397983n51">
<href>0900c8af8457960#@#@#9#.jpeg</href>
</graphic>
</grate>
</procstep>
<procstep id="nev13714573n1-nev18397107n22">
<grate id="nev13714573n1-nev18397983n48">
<graphic id="nev13714573n1-nev18397983n49">
<href>0900c8af8346c0d#@#@#9#.jpeg</href>
</graphic>
<graphtext id="nev13714573n1-nev18398032n1">
<para id="nev13714573n1-nev18397983n46">
<ptxt id="nev13714573n1-nev18397983n47">
<torque id="nev13714573n1-nev18397107n19">
<ref id="nev13714573n1-nev18397107n17"/>
</torque>
</ptxt>
</para>
</graphtext>
</grate>
</procstep>
<procstep id="nev13714573n1-nev18397107n15">
<grate id="nev13714573n1-nev18397983n44">
<graphic id="nev13714573n1-nev18397983n45">
<href>0900c8af84af3b6#@#@#9#.jpeg</href>
</graphic>
<graphtext id="nev13714573n1-nev18398039n1">
<para id="nev13714573n1-nev18397983n42">
<ptxt id="nev13714573n1-nev18397983n43">
<torque id="nev13714573n1-nev18397107n12">
<ref id="nev13714573n1-nev18397107n10"/>
</torque>
</ptxt>
</para>
</graphtext>
</grate>
</procstep>
<procstep id="nev13714573n1-nev18397107n8">
<grate id="nev13714573n1-nev18397983n40">
<graphic id="nev13714573n1-nev18397983n41">
<href>0900c8af84b2530#@#@#9#.jpeg</href>
</graphic>
</grate>
</procstep>
<procstep id="nev13714573n1-nev18397107n2">
<grate id="nev13714573n1-nev18397983n38">
<graphic id="nev13714573n1-nev18397983n39">
<href>0900c8af85502b6#@#@#9#.jpeg</href>
</graphic>
</grate>
</procstep>
<procstep id="nev13714573n1-nev15762050n6">
<grate id="nev13714573n1-nev18397983n36">
<graphic id="nev13714573n1-nev18397983n37">
<href>0900c8af84f7484#@#@#9#.jpeg</href>
</graphic>
<graphtext id="nev13714573n1-nev18398052n1">
<para id="nev13714573n1-nev18397983n34">
<ptxt id="nev13714573n1-nev18397983n35">
<torque id="nev13714573n1-nev15762051n2">
<ref id="nev13714573n1-nev15762051n3"/>
</torque>
</ptxt>
</para>
</graphtext>
</grate>
</procstep>
<procstep id="nev13714573n1-nev15762051n4">
<grate id="nev13714573n1-nev18397983n32">
<graphic id="nev13714573n1-nev18397983n33">
<href>0900c8af84553f8#@#@#9#.jpeg</href>
</graphic>
<graphtext id="nev13714573n1-nev18398059n1">
<para id="nev13714573n1-nev18397983n30">
<ptxt id="nev13714573n1-nev18397983n31">
<toolitem boilerplate="true" id="nev13714573n1-nev15762051n10" imageid="0900c8af8233962c"/>
</ptxt>
</para>
</graphtext>
</grate>
</procstep>
<procstep id="nev13714573n1-nev18397671n95">
<grate id="nev13714573n1-nev18397983n28">
<graphic id="nev13714573n1-nev18397983n29">
<href>0900c8af8550315#@#@#9#.jpeg</href>
</graphic>
</grate>
</procstep>
<procstep id="nev13714573n1-nev18397107n5">
<grate id="nev13714573n1-nev18397983n26">
<graphic id="nev13714573n1-nev18397983n27">
<href>0900c8af855028a#@#@#9#.jpeg</href>
</graphic>
<graphtext id="nev13714573n1-nev18398069n1">
<para id="nev13714573n1-nev18397983n24">
<ptxt id="nev13714573n1-nev18397983n25">On both sides.</ptxt>
</para>
</graphtext>
</grate>
</procstep>
</stepgrp>
<stepgrp boilerplate="false" context="" id="nev13714573n1-nev18397983n23">
<title id="nev13714573n1-nev18397983n22">Installation</title>
<procstep id="nev13714573n1-nev18397983n21">
<grate id="nev13714573n1-nev18397983n19">
<graphic id="nev13714573n1-nev18397983n20">
<href>0900c8af85502b3#@#@#9#.jpeg</href>
</graphic>
<graphtext id="nev13714573n1-nev18398073n1">
<note id="nev13714573n1-nev18397983n18">
<ptxt>Note the positi#@#@#30#oval.</ptxt>
</note>
</graphtext>
</grate>
</procstep>
<procstep id="nev13714573n1-nev18397983n17">
<grate id="nev13714573n1-nev18397983n15">
<graphic id="nev13714573n1-nev18397983n16">
<href>0900c8af855031b#@#@#9#.jpeg</href>
</graphic>
</grate>
</procstep>
<procstep id="nev13714573n1-nev18397983n14">
<grate id="nev13714573n1-nev18397983n12">
<graphic id="nev13714573n1-nev18397983n13">
<href>0900c8af85502d0#@#@#9#.jpeg</href>
</graphic>
</grate>
</procstep>
<procstep id="nev13714573n1-nev18397671n89">
<grate id="nev13714573n1-nev18397983n10">
<graphic id="nev13714573n1-nev18397983n11">
<href>0900c8af85502cd#@#@#9#.jpeg</href>
</graphic>
</grate>
</procstep>
<procstep id="nev13714573n1-nev18397983n9">
<grate id="nev13714573n1-nev18397983n7">
<graphic id="nev13714573n1-nev18397983n8">
<href>0900c8af84f7484#@#@#9#.jpeg</href>
</graphic>
<graphtext id="nev13714573n1-nev18398086n1">
<para id="nev13714573n1-nev18397983n3">
<ptxt id="nev13714573n1-nev18397983n5">
<torque id="nev13714573n1-nev18397983n6">
<ref id="nev13714573n1-nev18397983n4"/>
</torque>
</ptxt>
</para>
</graphtext>
</grate>
</procstep>
<procstep id="nev13714573n1-nev18397983n2">
<grate id="nev13714573n1-nev18397984n100">
<graphic id="nev13714573n1-nev18397983n1">
<href>0900c8af85502b6#@#@#9#.jpeg</href>
</graphic>
</grate>
</procstep>
<procstep id="nev13714573n1-nev15762052n9">
<para id="nev13714573n1-nev18397984n98">
<ptxt id="nev13714573n1-nev18397984n99">To install, rev#@#@#22#dure.</ptxt>
</para>
</procstep>
<procstep id="nev13714573n1-nev15762053n3">
<para id="nev13714573n1-nev18397984n96">
<ptxt id="nev13714573n1-nev18397984n97">Perform clutch #@#@#9#nting<xref boilerplate="true" id="nev13714573n1-0800c8af8456c682">
<ref id="nev13714573n1-nev15762053n8"/>
</xref>
</ptxt>
</para>
</procstep>
<procstep id="nev13714573n1-nev16996736n39">
<grate id="nev13714573n1-nev18397984n94">
<graphic id="nev13714573n1-nev18397984n95">
<href>0900c8af84cd126#@#@#9#.jpeg</href>
</graphic>
<graphtext id="nev13714573n1-nev18398099n1">
<para id="nev13714573n1-nev18397984n92">
<ptxt id="nev13714573n1-nev18397984n93">
<material id="nev13714573n1-nev16996757n70" materialid="9437430" materialname="Brake fluid" quantity="1.0"/>
</ptxt>
</para>
</graphtext>
</grate>
</procstep>
<procstep id="nev13714573n1-nev16996738n27">
<grate id="nev13714573n1-nev17551418n56">
<graphic id="nev13714573n1-nev17551418n57">
<href>0900c8af84cd126#@#@#9#.jpeg</href>
</graphic>
<graphtext id="nev13714573n1-nev18398108n1">
<para id="nev13714573n1-nev18397984n88">
<ptxt id="nev13714573n1-nev18397984n89"/>
</para>
</graphtext>
</grate>
</procstep>
</stepgrp>
</procedure>
</servinfosub>