<?xml version="1.0" encoding="UTF-8"?><servinfosub IE-ID="en-US0900c8af8412290b" docno="VCC-340533" id="nev13196876n1" xml:lang="en-US">
<title id="nev13196879n250">Starter motor, #@#@#4#acing</title>
<procedure id="nev13196879n248">
<stepgrp id="nev13196876n2">
<title id="nev13196879n246">Removal</title>
<procstep id="nev13196876n3">
<title id="nev13196879n244">Starter motor</title>
<list1 enumtype="d" id="nev13196879n242">
<item id="nev13196879n240">
<ptxt id="nev13196879n238">Disconnect the #@#@#22# See <xref id="nev13196879n236">
<ref id="nev13196876n4"/>
</xref>.</ptxt>
</item>
</list1>
<caution id="nev13196879n231">
<ptxt id="nev13196879n229">When removing/i#@#@#27#, see<xref id="nev13196879n227">
<ref id="nev13196876n5"/>
</xref>.</ptxt>
</caution>
<list1 enumtype="d" id="nev13196879n222">
<item id="nev13196879n220">
<ptxt id="nev13196879n218">Remove the air #@#@#11#sing.</ptxt>
</item>
<item id="nev13196879n216">
<ptxt id="nev13196879n214">Remove the sole#@#@#29#sing.</ptxt>
</item>
<item id="nev13196879n212">
<ptxt id="nev13196879n210">Remove the air #@#@#16#using</ptxt>
</item>
</list1>
<para id="nev13196879n208">
<ptxt id="nev13196879n206">To remove the a#@#@#19# see <xref id="nev13196879n204">
<ref id="nev13196876n6"/>
</xref>.</ptxt>
</para>
<grate id="nev13196879n199">
<graphic id="nev13196876n7">
<href>0900c8af80057ab#@#@#9#.jpeg</href>
</graphic>
<graphtext id="nev13196879n194">
<list1 enumtype="d" id="nev13196879n192">
<item id="nev13196879n190">
<ptxt id="nev13196879n188">Remove the fron#@#@#33#cket.</ptxt>
<ptxt id="nev13196879n186">Starter motor b#@#@#35#2002.</ptxt>
</item>
<item id="nev13196879n184">
<ptxt id="nev13196879n182">Disconnect the #@#@#32#noid.</ptxt>
</item>
<item id="nev13196879n180">
<ptxt id="nev13196879n178">Remove the scre#@#@#55#ion. </ptxt>
</item>
<item id="nev13196879n176">
<ptxt id="nev13196879n174">Remove the star#@#@#5#otor.</ptxt>
</item>
</list1>
</graphtext>
</grate>
</procstep>
<procstep id="nev13196879n172">
<title id="nev13196879n170">Removing the so#@#@#1#enoid</title>
<grate id="nev13196879n168">
<graphic id="nev13196876n8">
<href>0900c8af80057aa#@#@#9#.jpeg</href>
</graphic>
<graphtext id="nev13196879n163">
<list1 enumtype="d" id="nev13196879n161">
<item id="nev13196879n159">
<ptxt id="nev13196879n157">Slacken off the#@#@#17#cable</ptxt>
</item>
<item id="nev13196879n155">
<ptxt id="nev13196879n153">Remove the 3 screws.</ptxt>
</item>
<item id="nev13196879n151">
<ptxt id="nev13196879n149">Lift the soleno#@#@#44#ook. </ptxt>
</item>
</list1>
</graphtext>
</grate>
</procstep>
</stepgrp>
<stepgrp id="nev13196876n9">
<title id="nev13196879n147">Installation</title>
<procstep id="nev13196879n145">
<title id="nev13196879n143">Starter motor a#@#@#6#enoid</title>
<para id="nev13196879n141">
<ptxt id="nev13196879n139">To install, rev#@#@#22#dure.</ptxt>
<ptxt id="nev13196879n137">To install the #@#@#20# see <xref id="nev13196879n135">
<ref id="nev13196876n10"/>
</xref>.</ptxt>
<ptxt id="nev13196879n130">For tightening #@#@#14#elow.</ptxt>
</para>
<caution id="nev13196879n128">
<ptxt id="nev13196879n126">When removing/i#@#@#27#, see<xref id="nev13196879n124">
<ref id="nev13196877n1"/>
</xref>.</ptxt>
</caution>
<list1 id="nev13196879n119">
<item id="nev13196879n117">
<ptxt id="nev13196879n115">Screw for the s#@#@#17#ket: <emph id="nev13196879n113">6 NM</emph>.</ptxt>
<ptxt id="nev13196879n111">Starter motor b#@#@#36#002. </ptxt>
</item>
<item id="nev13196879n109">
<ptxt id="nev13196879n107">Screws for the #@#@#23#ion: <emph id="nev13196879n105">40 NM </emph>
</ptxt>
</item>
</list1>
</procstep>
</stepgrp>
</procedure>
</servinfosub>