<?xml version="1.0" encoding="UTF-8"?><servinfosub IE-ID="en-US0900c8af8012890b" docno="VCC-122484" id="KC01165268" xml:lang="en-US">
<title>
<phrase category="" id="KC09375365" phrase-urn="urn:x-nevis:phrase:0800c8af826f5fec">Reading off det#@#@#16# data</phrase>
</title>
<diagnostic j2008use="1" paperuse="1" screenuse="1" type="test">
<testgrp IE-ID="en-US0900c8af8012890b_KC01165269" id="KC01165269" j2008use="1" paperuse="1" resumable="1" screenuse="1" testgrp-id="Node1" x="120" y="80">
<title>
<phrase category="" id="KC09375366" phrase-urn="urn:x-nevis:phrase:0800c8af826f5fed">General informa#@#@#17#g off</phrase>
</title>
<node>
<test1>
<diaglist>
<dgraphic>
<dgraphic1>
<graphic id="KC09375367">
<href>0900c8af80054d5#@#@#9#.jpeg</href>
</graphic>
</dgraphic1>
</dgraphic>
<ditem>
<ptxt>
<phrase category="" id="KC09375368" phrase-urn="urn:x-nevis:phrase:0800c8af826f5fee">Ignition on.</phrase>
</ptxt>
</ditem>
</diaglist>
<test2>
<para>
<ptxt>
<phrase category="" id="KC09375369" phrase-urn="urn:x-nevis:phrase:0800c8af826f5fef">This function i#@#@#65# the <emph>background</emph>. If the VIDA l#@#@#20#ated <emph>while</emph> the read out i#@#@#213#mple.</phrase>
</ptxt>
</para>
<list1 enumtype="d" type="unordered">
<item>
<ptxt>
<phrase category="" id="KC09375370" phrase-urn="urn:x-nevis:phrase:0800c8af826f5ff0">VIDA log functi#@#@#24# on).</phrase>
</ptxt>
</item>
</list1>
<note>
<ptxt>
<phrase category="" id="KC09375371" phrase-urn="urn:x-nevis:phrase:0800c8af826f5ff1">If this has not#@#@#92#o On.</phrase>
</ptxt>
</note>
<para>
<ptxt>
<phrase category="" id="KC09375372" phrase-urn="urn:x-nevis:phrase:0800c8af826f5ff2">If the VIDA log#@#@#224#gain.</phrase>
</ptxt>
</para>
</test2>
</test1>
<question>
Do you want to#@#@#76#ted.
</question>
<resact-grp>
<result button="yes" comp="button" highlight="0"/>
<action j2008use="1" paperuse="1" screenuse="1">
<ptxt>
<xref>
<ref id="KC09375374"/>
</xref>
</ptxt>
</action>
</resact-grp>
<resact-grp>
<result button="no" comp="button" highlight="0"/>
<action j2008use="1" paperuse="1" screenuse="1">
<return value="DONE"/>
</action>
</resact-grp>
</node>
</testgrp>
<testgrp id="KC01165270" j2008use="1" paperuse="1" resumable="1" screenuse="1" testgrp-id="Node2" x="120" y="200">
<title>
<phrase category="" id="KC09375375" phrase-urn="urn:x-nevis:phrase:0800c8af826f5ff4">Reading off dia#@#@#7# data</phrase>
</title>
<node>
<test1>
<test2>
<diaglist>
<dgraphic>
<dgraphic2>
<smarttool active="auto" id="KC09375376" toolname="XCEMSP01"/>
</dgraphic2>
</dgraphic>
<ditem>
<ditemtext>
<ptxt>
<phrase category="" id="KC09375377" phrase-urn="urn:x-nevis:phrase:0800c8af826f5ff5"/>
</ptxt>
</ditemtext>
</ditem>
</diaglist>
</test2>
</test1>
<question/>
<resact-grp>
<result comp="numeric" highlight="0" op="eq" return="0"/>
<action j2008use="1" paperuse="1" screenuse="1">
<ptxt>
<xref>
<ref id="KC09375379"/>
</xref>
</ptxt>
</action>
</resact-grp>
<resact-grp>
<result comp="numeric" highlight="0" op="lt" return="0"/>
<action j2008use="1" paperuse="1" screenuse="1">
<ptxt>
<xref>
<ref id="KC09375380"/>
</xref>
</ptxt>
</action>
</resact-grp>
<resact-grp>
<result comp="numeric" highlight="0" op="gt" return="0"/>
<action j2008use="1" paperuse="1" screenuse="1">
<ptxt>
<xref>
<ref id="KC09375381"/>
</xref>
</ptxt>
</action>
</resact-grp>
</node>
</testgrp>
<testgrp id="KC01165271" j2008use="1" paperuse="1" resumable="1" screenuse="1" testgrp-id="Node3" x="120" y="320">
<title>
<phrase category="" id="KC09375382" phrase-urn="urn:x-nevis:phrase:0800c8af826f5ff7">Finishing the r#@#@#2#d off</phrase>
</title>
<node>
<test1>
<test2>
<para>
<ptxt>
<phrase category="" id="KC09375383" phrase-urn="urn:x-nevis:phrase:0800c8af826f5ff8">The read off is#@#@#9#lete.</phrase>
</ptxt>
</para>
<para>
<ptxt>
<phrase category="" id="KC09375384" phrase-urn="urn:x-nevis:phrase:0800c8af826f5ff9">Exit this proce#@#@#61#aved.</phrase>
</ptxt>
<ptxt>
<phrase category="" id="KC09375385" phrase-urn="urn:x-nevis:phrase:0800c8af826f5ffa"> Save the log t#@#@#58#file <emph>vehcom.log</emph> under <emph>C:\volvo\logs</emph>.</phrase>
</ptxt>
</para>
</test2>
</test1>
<question>
Select Continue.
</question>
<resact-grp>
<result button="cont" comp="button" highlight="0"/>
<action j2008use="1" paperuse="1" screenuse="1">
<return value="DONE"/>
</action>
</resact-grp>
</node>
</testgrp>
<testgrp id="KC01165272" j2008use="1" paperuse="1" resumable="1" screenuse="1" testgrp-id="text-1--7" x="440" y="80">
<title>
<phrase category="" id="KC09375387" phrase-urn="urn:x-nevis:phrase:0800c8af826f5ffc">Communication fault</phrase>
</title>
<subcalloutnode>
<diagcallout>
<xref>
<ref id="KC09375388"/>
</xref>
</diagcallout>
<rescall-grp>
<result comp="string" highlight="0" op="eq" return="1"/>
<calloutaction>
<ptxt>
<xref>
<ref id="KC09375389"/>
</xref>
</ptxt>
</calloutaction>
</rescall-grp>
<rescall-grp>
<result comp="string" highlight="0" op="eq" return="2"/>
<calloutaction>
<ptxt>
<xref>
<ref id="KC09375390"/>
</xref>
</ptxt>
</calloutaction>
</rescall-grp>
<rescall-grp>
<result comp="string" highlight="0" op="eq" return="3"/>
<calloutaction>
<return value="FAILED"/>
</calloutaction>
</rescall-grp>
</subcalloutnode>
</testgrp>
<testgrp id="KC01165273" j2008use="1" paperuse="1" resumable="1" screenuse="1" testgrp-id="comm" x="440" y="200">
<title>
<phrase category="" id="KC09375391" phrase-urn="urn:x-nevis:phrase:0800c8af826f5ffd">Checking commun#@#@#2#ation</phrase>
</title>
<subcalloutnode>
<diagcallout>
<xref>
<ref id="KC09375392"/>
</xref>
</diagcallout>
<rescall-grp>
<result comp="string" highlight="0" op="eq" return="FAULT FOUND"/>
<calloutaction>
<ptxt>
<xref>
<ref id="KC09375393"/>
</xref>
</ptxt>
</calloutaction>
</rescall-grp>
</subcalloutnode>
</testgrp>
<testgrp id="KC01165274" j2008use="1" paperuse="1" resumable="1" screenuse="1" testgrp-id="comminfo" x="440" y="320">
<title>
<phrase category="" id="KC09375394" phrase-urn="urn:x-nevis:phrase:0800c8af826f5ffe">Fault-tracing i#@#@#5#ation</phrase>
</title>
<subcalloutnode>
<diagcallout>
<xref>
<ref id="KC09375395"/>
</xref>
</diagcallout>
<rescall-grp>
<result comp="string" highlight="0" op="eq" return="YES"/>
<calloutaction>
<ptxt>
<xref>
<ref id="KC09375396"/>
</xref>
</ptxt>
</calloutaction>
</rescall-grp>
<rescall-grp>
<result comp="string" highlight="0" op="eq" return="NO"/>
<calloutaction>
<return value="FAILED"/>
</calloutaction>
</rescall-grp>
</subcalloutnode>
</testgrp>
</diagnostic>
</servinfosub>