<?xml version="1.0" encoding="UTF-8"?><servinfosub IE-ID="en-US0900c8af8053290b" docno="VCC-130009" id="KC01615230" xml:lang="en-US">
<title>
<phrase category="" id="KC07532201" phrase-urn="urn:x-nevis:phrase:0800c8af81b94999">Faulty signal</phrase>
</title>
<diagnostic j2008use="1" paperuse="1" screenuse="1" type="test">
<testgrp IE-ID="en-US0900c8af8053290b_KC01615231" id="KC01615231" j2008use="1" paperuse="1" resumable="1" screenuse="1" testgrp-id="nodea1" x="120" y="120">
<title>
<phrase category="" id="KC07532202" phrase-urn="urn:x-nevis:phrase:0800c8af81b9499a">Checking the la#@#@#11#tions</phrase>
</title>
<node>
<test1>
<diaglist>
<dgraphic>
<dgraphic1>
<graphic id="KC07532203">
<href>0900c8af80054d3#@#@#9#.jpeg</href>
</graphic>
</dgraphic1>
</dgraphic>
<ditem>
<ptxt>
<phrase category="" id="KC07532204" phrase-urn="urn:x-nevis:phrase:0800c8af81b9499b">Start and warm #@#@#5#gine.</phrase>
</ptxt>
</ditem>
<ditem>
<ptxt>
<phrase category="" id="KC07532205" phrase-urn="urn:x-nevis:phrase:0800c8af81b9499c">Let the engine #@#@#23#utes.</phrase>
</ptxt>
</ditem>
<ditem>
<ptxt>
<phrase category="" id="KC07532206" phrase-urn="urn:x-nevis:phrase:0800c8af81b9499d">Read the fast a#@#@#38#lues.</phrase>
</ptxt>
</ditem>
</diaglist>
<test2>
<para>
<ptxt>
<phrase category="" id="KC07532207" phrase-urn="urn:x-nevis:phrase:0800c8af81b9499e">Assess whether #@#@#157#elow.</phrase>
</ptxt>
</para>
<list1 enumtype="d" type="unordered">
<title>
<phrase category="" id="KC07532208" phrase-urn="urn:x-nevis:phrase:0800c8af81b9499f">Fast lambda ada#@#@#3#tion:</phrase>
</title>
<item>
<ptxt>
<phrase category="" id="KC07532209" phrase-urn="urn:x-nevis:phrase:0800c8af81b949a0">The fast lambda#@#@#305#lean.</phrase>
</ptxt>
</item>
</list1>
<list1 enumtype="d" type="unordered">
<title>
<phrase category="" id="KC07532210" phrase-urn="urn:x-nevis:phrase:0800c8af81b949a1">Slow lambda ada#@#@#3#tion:</phrase>
</title>
<item>
<ptxt>
<phrase category="" id="KC07532211" phrase-urn="urn:x-nevis:phrase:0800c8af81b949a2">The slow lambda#@#@#343#lean.</phrase>
</ptxt>
</item>
</list1>
<list1 enumtype="n" type="ordered">
<title>
<phrase category="" id="KC07532212" phrase-urn="urn:x-nevis:phrase:0800c8af81b949a3">To continue, se#@#@#10#tion:</phrase>
</title>
<item>
<ptxt>
<phrase category="" id="KC07532213" phrase-urn="urn:x-nevis:phrase:0800c8af81b949a4">The fuel-air mi#@#@#58#12%).</phrase>
</ptxt>
</item>
<item>
<ptxt>
<phrase category="" id="KC07532214" phrase-urn="urn:x-nevis:phrase:0800c8af81b949a5">The fuel-air mi#@#@#56#12%).</phrase>
</ptxt>
</item>
<item>
<ptxt>
<phrase category="" id="KC07532215" phrase-urn="urn:x-nevis:phrase:0800c8af81b949a6">The fuel-air mi#@#@#65#12%).</phrase>
</ptxt>
</item>
</list1>
<diaglist>
<dgraphic>
<dgraphic2>
<graphic id="KC07532216">
<href>0900c8af86c8681#@#@#9#.jpeg</href>
</graphic>
<smarttool active="press" id="KC07532217" toolname="XF13A624"/>
</dgraphic2>
</dgraphic>
<ditem>
<ditemtext>
<ptxt>
<phrase category="" id="KC07532218" phrase-urn="urn:x-nevis:phrase:0800c8af81b949a7"/>
</ptxt>
</ditemtext>
</ditem>
</diaglist>
</test2>
</test1>
<question/>
<resact-grp>
<result button="text" comp="button" highlight="0" text="1"/>
<action j2008use="1" paperuse="1" screenuse="1">
<ptxt>
<xref>
<ref id="KC07532219"/>
</xref>
</ptxt>
</action>
</resact-grp>
<resact-grp>
<result button="text" comp="button" highlight="0" text="2"/>
<action j2008use="1" paperuse="1" screenuse="1">
<ptxt>
<xref>
<ref id="KC07532220"/>
</xref>
</ptxt>
</action>
</resact-grp>
<resact-grp>
<result button="text" comp="button" highlight="0" text="3"/>
<action j2008use="1" paperuse="1" screenuse="1">
<ptxt>
<xref>
<ref id="KC07532221"/>
</xref>
</ptxt>
</action>
</resact-grp>
</node>
</testgrp>
<testgrp id="KC01615232" j2008use="1" paperuse="1" resumable="1" screenuse="1" testgrp-id="nodea2" x="120" y="280">
<title>
<phrase category="" id="KC07532222" phrase-urn="urn:x-nevis:phrase:0800c8af81b949a8">Checking the co#@#@#3#nents</phrase>
</title>
<node>
<test1>
<hint>
<ptxt>
<phrase category="" id="KC07532223" phrase-urn="urn:x-nevis:phrase:0800c8af81b949a9">Reading the fue#@#@#61# lean</phrase>
</ptxt>
</hint>
<diaglist>
<dgraphic>
<dgraphic1>
<graphic id="KC07532224">
<href>0900c8af80054d4#@#@#9#.jpeg</href>
</graphic>
</dgraphic1>
</dgraphic>
<ditem>
<ptxt>
<phrase category="" id="KC07532225" phrase-urn="urn:x-nevis:phrase:0800c8af81b949aa">Ignition off.</phrase>
</ptxt>
</ditem>
</diaglist>
<test2>
<para>
<ptxt>
<phrase category="" id="KC07532226" phrase-urn="urn:x-nevis:phrase:0800c8af81b949ab">Check for air l#@#@#39#d in <xref>
<ref id="KC07532227"/>
</xref>.</phrase>
</ptxt>
</para>
<para>
<ptxt>
<phrase category="" id="KC07532228" phrase-urn="urn:x-nevis:phrase:0800c8af81b949ac">Check for leaka#@#@#36#d in <xref>
<ref id="KC07532229"/>
</xref>.</phrase>
</ptxt>
</para>
<para>
<ptxt>
<phrase category="" id="KC07532230" phrase-urn="urn:x-nevis:phrase:0800c8af81b949ad">Check fuel pres#@#@#64#d in <xref>
<ref id="KC07532231"/>
</xref>.</phrase>
</ptxt>
</para>
<para>
<ptxt>
<phrase category="" id="KC07532232" phrase-urn="urn:x-nevis:phrase:0800c8af81b949ae">Check the air f#@#@#29#d in <xref>
<ref id="KC07532233"/>
</xref>.</phrase>
</ptxt>
</para>
<para>
<ptxt>
<phrase category="" id="KC07532234" phrase-urn="urn:x-nevis:phrase:0800c8af81b949af">Take the necess#@#@#17#tion.</phrase>
</ptxt>
</para>
<ptxt>
<phrase category="" id="KC07532235" phrase-urn="urn:x-nevis:phrase:0800c8af81b949b0">If no fault is #@#@#71#robe.</phrase>
</ptxt>
<list1 enumtype="d" type="unordered">
<title>
<phrase category="" id="KC07532236" phrase-urn="urn:x-nevis:phrase:0800c8af81b949b1">Additional info#@#@#2#ation</phrase>
</title>
<item>
<ptxt>
<phrase category="" id="KC07532237" phrase-urn="urn:x-nevis:phrase:0800c8af81b949b2">To replace the #@#@#16# see <xref>
<ref id="KC07532238"/>
</xref>.</phrase>
</ptxt>
</item>
<item>
<ptxt>
<phrase category="" id="KC07532239" phrase-urn="urn:x-nevis:phrase:0800c8af81b949b3">To replace the #@#@#19# see <xref>
<ref id="KC07532240"/>
</xref>.</phrase>
</ptxt>
</item>
</list1>
<diaglist>
<dgraphic>
<dgraphic2>
<graphic id="KC07532241">
<href>0900c8af80054d4#@#@#9#.jpeg</href>
</graphic>
<smarttool active="auto" id="KC07532242" toolname="VDCDA"/>
</dgraphic2>
</dgraphic>
<ditem>
<ditemtext>
<ptxt>
<phrase category="" id="KC07532243" phrase-urn="urn:x-nevis:phrase:0800c8af81b949b4"/>
</ptxt>
</ditemtext>
</ditem>
</diaglist>
</test2>
</test1>
<question>Select Continue#@#@#29#ified</question>
<resact-grp>
<result button="cont" comp="button" highlight="0"/>
<action j2008use="1" paperuse="1" screenuse="1">
<ptxt>
<xref>
<ref id="KC07532244"/>
</xref>
</ptxt>
</action>
</resact-grp>
</node>
</testgrp>
<testgrp id="KC01615233" j2008use="1" paperuse="1" resumable="1" screenuse="1" testgrp-id="nodeaa" x="120" y="280">
<title>
<phrase category="" id="KC07532245" phrase-urn="urn:x-nevis:phrase:0800c8af81b949b5">Checking the co#@#@#3#nents</phrase>
</title>
<node>
<test1>
<hint>
<ptxt>
<phrase category="" id="KC07532246" phrase-urn="urn:x-nevis:phrase:0800c8af81b949b6">Reading the lam#@#@#64#rich.</phrase>
</ptxt>
</hint>
<diaglist>
<dgraphic>
<dgraphic1>
<graphic id="KC07532247">
<href>0900c8af80054d4#@#@#9#.jpeg</href>
</graphic>
</dgraphic1>
</dgraphic>
<ditem>
<ptxt>
<phrase category="" id="KC07532248" phrase-urn="urn:x-nevis:phrase:0800c8af81b949b7">Ignition off.</phrase>
</ptxt>
</ditem>
</diaglist>
<test2>
<para>
<ptxt>
<phrase category="" id="KC07532249" phrase-urn="urn:x-nevis:phrase:0800c8af81b949b8">Check air filte#@#@#29#ages.</phrase>
</ptxt>
</para>
<para>
<ptxt>
<phrase category="" id="KC07532250" phrase-urn="urn:x-nevis:phrase:0800c8af81b949b9">Check injection#@#@#29#d in <xref>
<ref id="KC07532251"/>
</xref>.</phrase>
</ptxt>
</para>
<para>
<ptxt>
<phrase category="" id="KC07532252" phrase-urn="urn:x-nevis:phrase:0800c8af81b949ba">Check engine co#@#@#21#d in <xref>
<ref id="KC07532253"/>
</xref>.</phrase>
</ptxt>
</para>
<para>
<ptxt>
<phrase category="" id="KC07532254" phrase-urn="urn:x-nevis:phrase:0800c8af81b949bb">Check for leaka#@#@#36#d in <xref>
<ref id="KC07532255"/>
</xref>.</phrase>
</ptxt>
</para>
<para>
<ptxt>
<phrase category="" id="KC07532256" phrase-urn="urn:x-nevis:phrase:0800c8af81b949bc">Check fuel pres#@#@#64#d in <xref>
<ref id="KC07532257"/>
</xref>.</phrase>
</ptxt>
</para>
<para>
<ptxt>
<phrase category="" id="KC07532258" phrase-urn="urn:x-nevis:phrase:0800c8af81b949bd">Check the air f#@#@#29#d in <xref>
<ref id="KC07532259"/>
</xref>.</phrase>
</ptxt>
</para>
<para>
<ptxt>
<phrase category="" id="KC07532260" phrase-urn="urn:x-nevis:phrase:0800c8af81b949be">Take the necess#@#@#17#tion.</phrase>
</ptxt>
</para>
<ptxt>
<phrase category="" id="KC07532261" phrase-urn="urn:x-nevis:phrase:0800c8af81b949bf">If no fault is #@#@#71#robe.</phrase>
</ptxt>
<list1 enumtype="d" type="unordered">
<title>
<phrase category="" id="KC07532262" phrase-urn="urn:x-nevis:phrase:0800c8af81b949c0">Additional info#@#@#2#ation</phrase>
</title>
<item>
<ptxt>
<phrase category="" id="KC07532263" phrase-urn="urn:x-nevis:phrase:0800c8af81b949c1">To access/repla#@#@#14# see <xref>
<ref id="KC07532264"/>
</xref>.</phrase>
</ptxt>
</item>
<item>
<ptxt>
<phrase category="" id="KC07532265" phrase-urn="urn:x-nevis:phrase:0800c8af81b949c2">To replace the #@#@#16# see <xref>
<ref id="KC07532266"/>
</xref>.</phrase>
</ptxt>
</item>
<item>
<ptxt>
<phrase category="" id="KC07532267" phrase-urn="urn:x-nevis:phrase:0800c8af81b949c3">To replace the #@#@#19# see <xref>
<ref id="KC07532268"/>
</xref>.</phrase>
</ptxt>
</item>
</list1>
<diaglist>
<dgraphic>
<dgraphic2>
<graphic id="KC07532269">
<href>0900c8af80054d4#@#@#9#.jpeg</href>
</graphic>
<smarttool active="auto" id="KC07532270" toolname="VDCDA"/>
</dgraphic2>
</dgraphic>
<ditem>
<ditemtext>
<ptxt>
<phrase category="" id="KC07532271" phrase-urn="urn:x-nevis:phrase:0800c8af81b949c4"/>
</ptxt>
</ditemtext>
</ditem>
</diaglist>
</test2>
</test1>
<question>Select Continue#@#@#29#ified</question>
<resact-grp>
<result button="cont" comp="button" highlight="0"/>
<action j2008use="1" paperuse="1" screenuse="1">
<ptxt>
<xref>
<ref id="KC07532272"/>
</xref>
</ptxt>
</action>
</resact-grp>
</node>
</testgrp>
<testgrp id="KC01615234" j2008use="1" paperuse="1" resumable="1" screenuse="1" testgrp-id="nodea3" x="120" y="200">
<title>
<phrase category="" id="KC07532273" phrase-urn="urn:x-nevis:phrase:0800c8af81b949c5">Intermittent fault</phrase>
</title>
<node>
<test1>
<test2>
<para>
<ptxt>
<phrase category="" id="KC07532274" phrase-urn="urn:x-nevis:phrase:0800c8af81b949c6">A diagnostic tr#@#@#254# 12%.</phrase>
</ptxt>
</para>
<para>
<ptxt>
<phrase category="" id="KC07532275" phrase-urn="urn:x-nevis:phrase:0800c8af81b949c7">Notes made in t#@#@#114#rich.</phrase>
</ptxt>
</para>
<hint>
<ptxt>
<phrase category="" id="KC07532276" phrase-urn="urn:x-nevis:phrase:0800c8af81b949c8">If the fuel ada#@#@#124#ture.</phrase>
</ptxt>
</hint>
<list1 enumtype="d" type="unordered">
<title>
<phrase category="" id="KC07532277" phrase-urn="urn:x-nevis:phrase:0800c8af81b949c9">Additional info#@#@#2#ation</phrase>
</title>
<item>
<ptxt>
<phrase category="" id="KC07532278" phrase-urn="urn:x-nevis:phrase:0800c8af81b949ca">To check the in#@#@#28# see <xref>
<ref id="KC07532279"/>
</xref>.</phrase>
</ptxt>
</item>
<item>
<ptxt>
<phrase category="" id="KC07532280" phrase-urn="urn:x-nevis:phrase:0800c8af81b949cb">To check the ex#@#@#25# see <xref>
<ref id="KC07532281"/>
</xref>.</phrase>
</ptxt>
</item>
<item>
<ptxt>
<phrase category="" id="KC07532282" phrase-urn="urn:x-nevis:phrase:0800c8af81b949cc">To check the fu#@#@#12# see <xref>
<ref id="KC07532283"/>
</xref>.</phrase>
</ptxt>
</item>
<item>
<ptxt>
<phrase category="" id="KC07532284" phrase-urn="urn:x-nevis:phrase:0800c8af81b949cd">To check the in#@#@#8# see <xref>
<ref id="KC07532285"/>
</xref>.</phrase>
</ptxt>
</item>
<item>
<ptxt>
<phrase category="" id="KC07532286" phrase-urn="urn:x-nevis:phrase:0800c8af81b949ce">To check the co#@#@#10# see <xref>
<ref id="KC07532287"/>
</xref>.</phrase>
</ptxt>
</item>
<item>
<ptxt>
<phrase category="" id="KC07532288" phrase-urn="urn:x-nevis:phrase:0800c8af81b949cf">To replace the #@#@#11# see <xref>
<ref id="KC07532289"/>
</xref>.</phrase>
</ptxt>
</item>
<item>
<ptxt>
<phrase category="" id="KC07532290" phrase-urn="urn:x-nevis:phrase:0800c8af81b949d0">To replace the #@#@#15# see <xref>
<ref id="KC07532291"/>
</xref>.</phrase>
</ptxt>
</item>
<item>
<ptxt>
<phrase category="" id="KC07532292" phrase-urn="urn:x-nevis:phrase:0800c8af81b949d1">To replace the #@#@#19# see <xref>
<ref id="KC07532293"/>
</xref>.</phrase>
</ptxt>
</item>
</list1>
</test2>
</test1>
<question>Select Continue.</question>
<resact-grp>
<result button="cont" comp="button" highlight="0"/>
<action j2008use="1" paperuse="1" screenuse="1">
<ptxt>
<xref>
<ref id="KC07532294"/>
</xref>
</ptxt>
</action>
</resact-grp>
</node>
</testgrp>
<testgrp id="KC01615235" j2008use="1" paperuse="1" resumable="1" screenuse="1" testgrp-id="verif" x="360" y="160">
<title>
<phrase category="" id="KC07532295" phrase-urn="urn:x-nevis:phrase:0800c8af81b949d2">Verification</phrase>
</title>
<subcalloutnode>
<diagcallout>
<xref>
<ref id="KC07532296"/>
</xref>
</diagcallout>
<rescall-grp>
<result comp="string" highlight="0" op="eq" return="VERIFIED"/>
<calloutaction>
<return value="FAULT FOUND"/>
</calloutaction>
</rescall-grp>
<rescall-grp>
<result comp="string" highlight="0" op="eq" return="VERIFICATION FAILED"/>
<calloutaction>
<ptxt>
<xref>
<ref id="KC07532297"/>
</xref>
</ptxt>
</calloutaction>
</rescall-grp>
<rescall-grp>
<result comp="string" highlight="0" op="eq" return="PAPER"/>
<calloutaction>
<return value="FAULT NOT FOUND"/>
</calloutaction>
</rescall-grp>
</subcalloutnode>
</testgrp>
<testgrp id="KC01615236" j2008use="1" paperuse="0" resumable="1" screenuse="1" testgrp-id="info1" x="600" y="160">
<title>
<phrase category="" id="KC07532298" phrase-urn="urn:x-nevis:phrase:0800c8af81b949d3">Trouble-shootin#@#@#8#ation</phrase>
</title>
<subcalloutnode>
<diagcallout>
<xref>
<ref id="KC07532299"/>
</xref>
</diagcallout>
<rescall-grp>
<result comp="string" highlight="0" op="eq" return="FAULTTRACING FAILED"/>
<calloutaction>
<return value="FAULTTRACING FAILED"/>
</calloutaction>
</rescall-grp>
<rescall-grp>
<result comp="string" highlight="0" op="eq" return="NEW TRY"/>
<calloutaction>
<ptxt>
<xref>
<ref id="KC07532300"/>
</xref>
</ptxt>
</calloutaction>
</rescall-grp>
</subcalloutnode>
</testgrp>
</diagnostic>
</servinfosub>