<?xml version="1.0" encoding="UTF-8"?><servinfosub IE-ID="en-US0800c8af80a14903" docno="T9995302" id="ST-0800c8af80a14903" xml:lang="en-US">
<title>999 5302 LOCATI#@#@#2# PIN </title>
<grate>
<graphic id="0900c8af8005d8b4"/>
<graphtext>
<deflist>
<defitem>
<term>Tool number:</term>
<def>999 5302-8</def>
</defitem>
<defitem>
<term>Tool description:</term>
<def>LOCATING PIN (I#@#@#28# B172</def>
</defitem>
<defitem>
<term>Tool board:</term>
<def/>
</defitem>
</deflist>
</graphtext>
</grate>
</servinfosub>