<?xml version="1.0" encoding="UTF-8"?><servinfosub IE-ID="en-US0800c8af80a2e903" docno="T9995229" id="ST-0800c8af80a2e903" xml:lang="en-US">
<title>999 5229 NIPPLE </title>
<grate>
<graphic id="0900c8af8005d7ab"/>
<graphtext>
<deflist>
<defitem>
<term>Tool number:</term>
<def>999 5229-3</def>
</defitem>
<defitem>
<term>Tool description:</term>
<def>NIPPLE (TO MANO#@#@#6#5011)</def>
</defitem>
<defitem>
<term>Tool board:</term>
<def>23</def>
</defitem>
</deflist>
</graphtext>
</grate>
</servinfosub>