<?xml version="1.0" encoding="UTF-8"?><servinfosub IE-ID="en-US0900c8af851b0903" docno="VCC-424296" id="nev16405178n1" xml:lang="en-US">
<title>
<phrase category="" id="nev16405178n2" phrase-urn="urn:x-nevis:phrase:0800c8af82714c01">Fault-tracing i#@#@#5#ation</phrase>
</title>
<diagnostic j2008use="1" layout="0" paperuse="1" screenuse="1" type="test">
<testgrp IE-ID="en-US0900c8af851b0903_nev16405178n3" id="nev16405178n3" j2008use="1" paperuse="1" resumable="1" screenuse="1" testgrp-id="node1" x="160" y="80">
<title>
<phrase category="" id="nev16405178n4" phrase-urn="urn:x-nevis:phrase:0800c8af82714c02">Information</phrase>
</title>
<node>
<test1>
<test2>
<ptxt>
<phrase category="" id="nev16405178n5" phrase-urn="urn:x-nevis:phrase:0800c8af82714c03">Check whether d#@#@#112#sary.</phrase>
</ptxt>
<ptxt>
<phrase category="" id="nev16405178n6" phrase-urn="urn:x-nevis:phrase:0800c8af82714c04"> The diagnostic#@#@#137# See:</phrase>
</ptxt>
<ptxt>
<phrase category="" id="nev16405178n7" phrase-urn="urn:x-nevis:phrase:0800c8af82714c05">
<xref>
<ref id="KC09535584"/>
</xref>
</phrase>
</ptxt>
<hint id="nev16405183n98">
<ptxt id="nev16405183n97">
<phrase category="Faulttracing" id="nev16405185n1" phrase-urn="urn:x-nevis:phrase:0800c8af8431ef73">Select "Send pr#@#@#100#dule.</phrase>
<phrase category="Faulttracing" id="nev16405222n1" phrase-urn="urn:x-nevis:phrase:0800c8af851b0976">If DTC is regen#@#@#151#tank.</phrase>
</ptxt>
</hint>
<ptxt>
<phrase category="" id="nev16405178n9" phrase-urn="urn:x-nevis:phrase:0800c8af82714c06"> For further in#@#@#88#tion.</phrase>
</ptxt>
</test2>
</test1>
<question>
Select "Contin#@#@#8#xit.
</question>
<resact-grp>
<result button="cont" comp="button" highlight="0"/>
<action j2008use="1" paperuse="1" screenuse="1">
<return value="DONE"/>
</action>
</resact-grp>
</node>
</testgrp>
</diagnostic>
</servinfosub>