<?xml version="1.0" encoding="UTF-8"?><servinfosub IE-ID="en-US0900c8af84e1751f" docno="VCC-392404" id="nev15324111n1" original="sv-SE" servinfosubId="nev15324112n1-nev15344788n1" servinfosubRes="0900c8af84dd8824" servinfosubRes2="urn:x-nevis:fragment:0900c8af84e1751f:0900c8af84dd8824#nev15344788n1" xml:lang="en-US">
<title id="nev15324111n2">Engine Oil</title>
<procedure id="nev15324112n1-nev15344848n51">
<stepgrp boilerplate="false" context="" id="nev15324112n1-nev15354925n80">
<title id="nev15324112n1-nev15353964n44">Removal</title>
<procstep id="nev15324112n1-nev15353879n44">
<note id="nev15324112n1-nev15353964n42">
<ptxt>Removal steps i#@#@#45#ails.</ptxt>
</note>
</procstep>
<procstep id="nev15324112n1-nev15354921n57">
<para id="nev15324112n1-nev15354925n74">
<ptxt id="nev15324112n1-nev15354925n76">See information#@#@#21# body<xref boilerplate="true" id="nev15324112n1-nev15354925n77">
<ref id="nev15324112n1-nev15354925n75"/>
</xref>
</ptxt>
</para>
</procstep>
<procstep id="nev15324112n1-nev15344846n14">
<grate id="nev15324112n1-nev15344848n40">
<graphic id="nev15324112n1-nev15344848n41">
<href>0900c8af8353f54#@#@#9#.jpeg</href>
</graphic>
</grate>
</procstep>
<procstep id="nev15324112n1-nev15344848n87">
<grate id="nev15324112n1-nev15344848n38">
<graphic id="nev15324112n1-nev15344848n39">
<href>0900c8af84af32a#@#@#9#.jpeg</href>
</graphic>
<graphtext id="nev15324112n1-nev15354935n1">
<para id="nev15324112n1-nev15354925n71">
<ptxt id="nev15324112n1-nev15354925n72">
<torque id="nev15324112n1-nev15344848n37">
<ref id="nev15324112n1-nev15344848n35"/>
</torque>
</ptxt>
</para>
</graphtext>
</grate>
</procstep>
<procstep id="nev15324112n1-nev15353062n2">
<grate id="nev15324112n1-nev15353383n7">
<graphic id="nev15324112n1-nev15353383n8">
<href>0900c8af83f6479#@#@#9#.jpeg</href>
</graphic>
</grate>
</procstep>
<procstep id="nev15324112n1-nev15353339n79">
<grate id="nev15324112n1-nev15353383n5">
<graphic id="nev15324112n1-nev15353383n6">
<href>0900c8af846baf3#@#@#9#.jpeg</href>
</graphic>
</grate>
</procstep>
<procstep id="nev15324112n1-nev15353421n36">
<grate id="nev15324112n1-nev15353441n2">
<graphic id="nev15324112n1-nev15353441n3">
<href>0900c8af84af31e#@#@#9#.jpeg</href>
</graphic>
<graphtext id="nev15324112n1-nev15354948n1">
<para id="nev15324112n1-nev15354925n69">
<ptxt id="nev15324112n1-nev15354925n70">
<torque id="nev15324112n1-nev15353441n1">
<ref id="nev15324112n1-nev15353461n99"/>
</torque>
</ptxt>
</para>
</graphtext>
</grate>
</procstep>
<procstep id="nev15324112n1-nev15353339n52">
<grate id="nev15324112n1-nev15353383n3">
<graphic id="nev15324112n1-nev15353383n4">
<href>0900c8af846b4ea#@#@#9#.jpeg</href>
</graphic>
<graphtext id="nev15324112n1-nev15354955n1">
<note id="nev15324112n1-nev15353964n34">
<ptxt>Use suitable pa#@#@#28#luid.</ptxt>
</note>
<para id="nev15324112n1-nev15354925n66">
<ptxt id="nev15324112n1-nev15354925n67">
<torque id="nev15324112n1-nev15353384n100">
<ref id="nev15324112n1-nev15353384n98"/>
</torque>
</ptxt>
</para>
</graphtext>
</grate>
</procstep>
<procstep id="nev15324112n1-nev15353486n52">
<grate id="nev15324112n1-nev15353964n30">
<graphic id="nev15324112n1-nev15353964n31">
<href>0900c8af84dd86a#@#@#9#.jpeg</href>
</graphic>
</grate>
</procstep>
<procstep id="nev15324112n1-nev15353383n91">
<grate id="nev15324112n1-nev15353384n95">
<graphic id="nev15324112n1-nev15353384n96">
<href>0900c8af846b4eb#@#@#9#.jpeg</href>
</graphic>
<graphtext id="nev15324112n1-nev15354965n1">
<warning id="nev15324112n1-nev15353964n29">
<ptxt>Hot fluid.</ptxt>
</warning>
<warning id="nev15324112n1-nev15354925n64">
<ptxt>Be prepared to #@#@#18#luid.</ptxt>
</warning>
<para id="nev15324112n1-nev15354925n61">
<ptxt id="nev15324112n1-nev15354925n62">
<torque id="nev15324112n1-nev15353461n93">
<ref id="nev15324112n1-nev15353461n91"/>
</torque>
</ptxt>
</para>
</graphtext>
</grate>
</procstep>
</stepgrp>
<stepgrp boilerplate="false" context="" id="nev15324112n1-nev15354925n60">
<title id="nev15324112n1-nev15353964n25">Installation</title>
<procstep id="nev15324112n1-nev15353879n71">
<para id="nev15324112n1-nev15354925n56">
<ptxt id="nev15324112n1-nev15354925n57">To install, rev#@#@#22#dure.</ptxt>
</para>
</procstep>
<procstep id="nev15324112n1-nev15353987n4">
<grate id="nev15324112n1-nev15354925n54">
<graphic id="nev15324112n1-nev15354925n55">
<href>0900c8af84dd87f#@#@#9#.jpeg</href>
</graphic>
<graphtext id="nev15324112n1-nev15354972n1">
<list1 enumtype="n" id="nev15324112n1-nev15354925n53" type="ordered">
<item id="nev15324112n1-nev15354925n52">
<ptxt id="nev15324112n1-nev15354925n50">See information#@#@#20#ngine<xref boilerplate="true" id="nev15324112n1-nev15354925n51">
<ref id="nev15324112n1-nev15354925n49"/>
</xref>
</ptxt>
</item>
<item id="nev15324112n1-nev15354925n47"/>
<item id="nev15324112n1-nev15354925n46">
<caution id="nev15324112n1-nev15354925n45">
<ptxt>Make sure that #@#@#26#mark.</ptxt>
</caution>
</item>
</list1>
</graphtext>
</grate>
</procstep>
</stepgrp>
</procedure>
</servinfosub>