<?xml version="1.0" encoding="UTF-8"?><script xmlns:nevis="http://www.volvocars.com/namespaces/processing" xmlns:xlink="http://www.w3.org/1999/xlink" IE-ID="en-US0900c8af87a1951f" docno="VCC-501734" id="nev27647657n1" nevis:expl-profile="mdl536yr2018" nevis:profile="urn:x-nevis:profile:0b00c8af8734696f" nevis:projectdocument="urn:x-nevis:projectdocument:0800c8af87a194c8" nevis:resource="0900c8af87a26e8b" nevis:resource2="urn:x-nevis:fragment:0900c8af87a1951f:0900c8af87a26e8b#nev27647657n1" nevis:session-id="" qualifierinfotype="14:06" xml:lang="en-US"><title id="nev27647657n2"><phrase category="Title" id="nev27647657n3" phrase-urn="urn:x-nevis:phrase:0800c8af86f03262">Component test:</phrase><phrase category="Generic Component" id="nev27647657n4" phrase-urn="urn:x-nevis:phrase:0800c8af869ec4cf">DAB antenna amp#@#@#1#ifier</phrase></title><content id="nev27647657n5-nev27647644n1" nevis:expl-profile="mdl536yr2018" nevis:idfrom="nev27647657n5" nevis:prefix="nev27647657n5" nevis:profile="urn:x-nevis:profile:0b00c8af8734696f" nevis:resource="0900c8af87a26e89" nevis:resource2="urn:x-nevis:fragment:0900c8af87a1951f:0900c8af87a26e89#nev27647644n1" xml:lang="en-US"><nodes id="nev27647657n5-nev27647644n2"/><SpaScript Id="4b7159da-98df-4230-98ef-12e4c5278aab" Name="Component test: DAB antenna amplifier " Type="FaultTracing" id="nev27647657n5-nev27669699n1"><Module Annotation="First we run the generic component test module.&#xD;&#xA;After that you can put your individual&#xD;&#xA;component tests..." IsEventHandler="false" Name="Main" id="nev27647657n5-nev27669700n1"><Variable Annotation="" Id="test_remove" Scope="Local" Type="InfoDisplay" id="nev27647657n5-nev27669701n1"><Value Type="InfoDisplayVariable" id="nev27647657n5-nev27669702n1"><infoDisplay id="nev27647657n5-nev27647644n7"><title id="nev27647657n5-nev27647644n8"><freeText id="nev27647657n5-nev27647644n9">Test Test Test</freeText></title><para id="nev27647657n5-nev27647644n10"><freeText id="nev27647657n5-nev27647645n1">Detta är den ge#@#@#45#p... </freeText></para><para id="nev27647657n5-nev27647645n2"><freeText id="nev27647657n5-nev27647645n3">Denna text visa#@#@#42#erats</freeText></para></infoDisplay></Value></Variable><Variable Annotation="" Id="Input" Scope="Input" Type="FaultTracing.Input" id="nev27647657n5-nev27669703n1"/><Component Annotation="Generic test to inform about the DTC condition for faulttracing this cmponent." ComponentId="CallModule_GenericComponentTest" id="nev27647657n5-nev27669704n1"><CallModule id="nev27647657n5-nev27669705n1"><Input Module="GenericComponentTest" id="nev27647657n5-nev27669706n1"><Arg Value="{Input}" id="nev27647657n5-nev27669707n1"/></Input></CallModule></Component><Component ComponentId="RunScript1" id="nev27647657n5-nev27669708n1"><RunScript id="nev27647657n5-nev27669709n1"><Input id="nev27647657n5-nev27669710n1"><NevisLink ProjectDocumentId="0800c8af87a194c7" VCCNumber="VCC-501733-1" VariantId="0900c8af87a19501" id="nev27647657n5-nev27669711n1"/><Contract id="nev27647657n5-nev27669712n1"/><Arguments id="nev27647657n5-nev27669713n1"/><NevisXRef id="nev27647657n5-nev27669714n1"><ref id="nev27647657n5-nev27669698n1"><locator xlink:href="#nev27647657n5-nev27669698n1" xlink:type="locator"/><locator xlink:href="urn:x-nevis:xref:0800c8af87a194c7:00000000:00000000#nev27647643n1" xlink:type="locator"/><arc nevis:href="urn:x-nevis:xref:0800c8af87a194c7:00000000:00000000#nev27647643n1" xlink:title="VCC-501733, DAB antenna amplifier" xlink:type="arc"/></ref></NevisXRef></Input></RunScript></Component></Module><Module IsEventHandler="false" Name="Final" id="nev27647657n5-nev27669718n1"/><Module Annotation="Do not touch!" IsEventHandler="false" Name="GenericComponentTest" id="nev27647657n5-nev27669719n1"><Variable Annotation="" Id="InfoDisplayFromGenericLogic" Scope="Local" Type="InfoDisplay" id="nev27647657n5-nev27669720n1"><Value Type="InfoDisplayVariable" id="nev27647657n5-nev27669721n1"><infoDisplay id="nev27647657n5-nev27647647n1"/></Value></Variable><Variable Annotation="" Id="DTCs" Scope="Input" Type="List[String]" id="nev27647657n5-nev27669722n1"/><Component ComponentId="Logger_running_generic" id="nev27647657n5-nev27669723n1"><Logger id="nev27647657n5-nev27669724n1"><Input Text="Running module GenericComponenttest in component test 14:06..........   --- Version: 2015-01-23," id="nev27647657n5-nev27669725n1"/></Logger></Component><Component Annotation="Run the Generic Logic 14:00" ComponentId="RunScript_generic_logic" id="nev27647657n5-nev27669726n1"><RunScript id="nev27647657n5-nev27669727n1"><Input id="nev27647657n5-nev27669728n1"><NevisLink ProjectDocumentId="0800c8af86b6bb5c" VCCNumber="VCC-479232-1" VariantId="0900c8af86b6bb6b" id="nev27647657n5-nev27669729n1"/><Contract id="nev27647657n5-nev27669730n1"><InputVariable Name="DTC_input_data" Type="FaultTracing.Input" id="nev27647657n5-nev27669731n1"/><OutputVariable Name="Error" Type="Double" id="nev27647657n5-nev27669732n1"/><OutputVariable Name="ReturnInfoDisplay" Type="InfoDisplay" id="nev27647657n5-nev27669733n1"/><OutputVariable Name="Only_UC_since_LC" Type="Double" id="nev27647657n5-nev27669734n1"/><OutputVariable Name="TF_since_LC_TestPassedNow" Type="Double" id="nev27647657n5-nev27669735n1"/><OutputVariable Name="TF_since_LC_TestNotRunning" Type="Double" id="nev27647657n5-nev27669736n1"/><OutputVariable Name="TF_since_LC_and_UC_this_OC" Type="Double" id="nev27647657n5-nev27669737n1"/><OutputVariable Name="FaultFreeComponent" Type="Double" id="nev27647657n5-nev27669738n1"/></Contract><Arguments InputValue1="{DTCs}" id="nev27647657n5-nev27669739n1"/><NevisXRef id="nev27647657n5-nev27647648n10"><ref id="nev27647657n5-nev27647649n1"><locator xlink:href="#nev27647657n5-nev27647649n1" xlink:type="locator"/><locator xlink:href="urn:x-nevis:xref:0800c8af86b6bb5c:00000000:00000000#nev22873702n1" xlink:type="locator"/><arc nevis:href="urn:x-nevis:xref:0800c8af86b6bb5c:00000000:00000000#nev22873702n1" xlink:title="VCC-479232, Generic logic for component test" xlink:type="arc"/></ref></NevisXRef></Input></RunScript></Component><If Annotation="if no error show generic info about DTC status for component" LogicId="If_no_error" id="nev27647657n5-nev27669742n1"><LogicStatement Expression="RunScript_generic_logic_Result.Error == False" id="nev27647657n5-nev27669743n1"/><True id="nev27647657n5-nev27669744n1"><Component ComponentId="Logger_showing_infodisplay" id="nev27647657n5-nev27669745n1"><Logger id="nev27647657n5-nev27669746n1"><Input Text="Showing information from generic logic script" id="nev27647657n5-nev27669747n1"/></Logger></Component><Component Annotation="From infodisplay returned by generic logic to a local infodisplay variable due to a bug in SPASE " ComponentId="AssignValue_Infodisplay" id="nev27647657n5-nev27669748n1"><AssignValue id="nev27647657n5-nev27669749n1"><Input AssignTo="{InfoDisplayFromGenericLogic}" Value="{RunScript_generic_logic_Result ReturnInfoDisplay}" id="nev27647657n5-nev27669750n1"/></AssignValue></Component><Component Annotation="Result from the generic logic 14:00" ComponentId="DisplayInformation_FromGenericLogic" id="nev27647657n5-nev27669751n1"><DisplayInformation id="nev27647657n5-nev27669752n1"><Input ButtonType="0" InfoDisplay="{InfoDisplayFromGenericLogic}" id="nev27647657n5-nev27669753n1"/></DisplayInformation></Component><If Annotation="If component only has unconfirmed DTC" LogicId="If_OnlyUnconfirmed" id="nev27647657n5-nev27669754n1"><LogicStatement Expression="RunScript_generic_logic_Result.Only_UC_since_LC == True" id="nev27647657n5-nev27669755n1"/><True id="nev27647657n5-nev27669756n1"><Component ComponentId="Logger_onlyUnconfirmed" id="nev27647657n5-nev27669757n1"><Logger id="nev27647657n5-nev27669758n1"><Input Text="The component Test 14:06, Module: GenericcomponentTest is now starting the 14:00 generic script for only unconfirmed since generic logic responded that there was only unconfirmed DTC" id="nev27647657n5-nev27669759n1"/></Logger></Component><Component Annotation="Generic Logic only for unconfirmed faulttracing" ComponentId="RunScript_OnlyUnconfirmed" id="nev27647657n5-nev27669760n1"><RunScript id="nev27647657n5-nev27669761n1"><Input id="nev27647657n5-nev27669762n1"><NevisLink ProjectDocumentId="0800c8af86bbe0d4" VCCNumber="VCC-479592-1" VariantId="0900c8af86bbddf9" id="nev27647657n5-nev27669763n1"/><Contract id="nev27647657n5-nev27669764n1"><InputVariable Name="AttemptNo" Type="Double" id="nev27647657n5-nev27669765n1"/><InputVariable Name="DTCs" Type="List[String]" id="nev27647657n5-nev27669766n1"/><OutputVariable Name="Verified" Type="Double" id="nev27647657n5-nev27669767n1"/><OutputVariable Name="ReturningInfodisplay" Type="InfoDisplay" id="nev27647657n5-nev27669768n1"/></Contract><Arguments InputValue1="1" InputValue2="{DTCs}" id="nev27647657n5-nev27669769n1"/><NevisXRef id="nev27647657n5-nev27647651n10"><ref id="nev27647657n5-nev27647652n1"><locator xlink:href="#nev27647657n5-nev27647652n1" xlink:type="locator"/><locator xlink:href="urn:x-nevis:xref:0800c8af86bbe0d4:00000000:00000000#nev22964386n1" xlink:type="locator"/><arc nevis:href="urn:x-nevis:xref:0800c8af86bbe0d4:00000000:00000000#nev22964386n1" xlink:title="VCC-479592, GenericLogicForOnlyUnconfirmedComponentTest" xlink:type="arc"/></ref></NevisXRef></Input></RunScript></Component><Component ComponentId="AssignValue_infodisplay" id="nev27647657n5-nev27669772n1"><AssignValue id="nev27647657n5-nev27669773n1"><Input AssignTo="{InfoDisplayFromGenericLogic}" Value="{RunScript_OnlyUnconfirmed_Result ReturningInfodisplay}" id="nev27647657n5-nev27669774n1"/></AssignValue></Component><Component ComponentId="DisplayInformation_ResultOnlyUnconfirmed" id="nev27647657n5-nev27669775n1"><DisplayInformation id="nev27647657n5-nev27669776n1"><Input ButtonType="0" InfoDisplay="{InfoDisplayFromGenericLogic}" id="nev27647657n5-nev27669777n1"/></DisplayInformation></Component><If Annotation="Verified ?" LogicId="If1" id="nev27647657n5-nev27669778n1"><LogicStatement Expression="RunScript_OnlyUnconfirmed_Result.Verified == True" id="nev27647657n5-nev27669779n1"/><True id="nev27647657n5-nev27669780n1"><Component Annotation="Verified" ComponentId="Logger_finished" id="nev27647657n5-nev27669781n1"><Logger id="nev27647657n5-nev27669782n1"><Input Text="Generic fault tracing instructions for only unconfirmed fault finished. the fault is verified..." id="nev27647657n5-nev27669783n1"/></Logger></Component></True><Else id="nev27647657n5-nev27669784n1"><Component ComponentId="Logger_NotVerifiedRetry2" id="nev27647657n5-nev27669785n1"><Logger id="nev27647657n5-nev27669786n1"><Input Text="The only unconfirmed fault is not verified... Running onlyUnconfirmedScript 14:00 one more time..." id="nev27647657n5-nev27669787n1"/></Logger></Component><Component Annotation="Second try" ComponentId="RunScriptUnconfirmed_2" id="nev27647657n5-nev27669788n1"><RunScript id="nev27647657n5-nev27669789n1"><Input id="nev27647657n5-nev27669790n1"><NevisLink ProjectDocumentId="0800c8af86bbe0d4" VCCNumber="VCC-479592-1" VariantId="0900c8af86bbddf9" id="nev27647657n5-nev27669791n1"/><Contract id="nev27647657n5-nev27669792n1"><InputVariable Name="AttemptNo" Type="Double" id="nev27647657n5-nev27669793n1"/><InputVariable Name="DTCs" Type="List[String]" id="nev27647657n5-nev27669794n1"/><OutputVariable Name="Verified" Type="Double" id="nev27647657n5-nev27669795n1"/><OutputVariable Name="ReturningInfodisplay" Type="InfoDisplay" id="nev27647657n5-nev27669796n1"/></Contract><Arguments InputValue1="2" InputValue2="{DTCs}" id="nev27647657n5-nev27669797n1"/><NevisXRef id="nev27647657n5-nev27647654n8"><ref id="nev27647657n5-nev27647654n9"><locator xlink:href="#nev27647657n5-nev27647654n9" xlink:type="locator"/><locator xlink:href="urn:x-nevis:xref:0800c8af86bbe0d4:00000000:00000000#nev22964386n1" xlink:type="locator"/><arc nevis:href="urn:x-nevis:xref:0800c8af86bbe0d4:00000000:00000000#nev22964386n1" xlink:title="VCC-479592, GenericLogicForOnlyUnconfirmedComponentTest" xlink:type="arc"/></ref></NevisXRef></Input></RunScript></Component><Component Annotation="" ComponentId="AssignValue_infodisplay2" id="nev27647657n5-nev27669800n1"><AssignValue id="nev27647657n5-nev27669801n1"><Input AssignTo="{InfoDisplayFromGenericLogic}" Value="{RunScriptUnconfirmed_2_Result ReturningInfodisplay}" id="nev27647657n5-nev27669802n1"/></AssignValue></Component><Component ComponentId="DisplayInformation_ResultUC_2" id="nev27647657n5-nev27669803n1"><DisplayInformation id="nev27647657n5-nev27669804n1"><Input ButtonType="0" InfoDisplay="{InfoDisplayFromGenericLogic}" id="nev27647657n5-nev27669805n1"/></DisplayInformation></Component></Else></If></True><Else id="nev27647657n5-nev27669806n1"/></If></True><Else id="nev27647657n5-nev27669807n1"><Component ComponentId="Logger_error" id="nev27647657n5-nev27669808n1"><Logger id="nev27647657n5-nev27669809n1"><Input Text="Error! Something is wrong in generic logic14:00 script, no condition is true. disabling viewing of the generic information, continueing directly to specific fault tracing..." id="nev27647657n5-nev27669810n1"/></Logger></Component></Else></If><Component ComponentId="Logger_Finished" id="nev27647657n5-nev27669811n1"><Logger id="nev27647657n5-nev27669812n1"><Input Text="Generic module in 14:06 component test is finished, continuing with specific tests...." id="nev27647657n5-nev27669813n1"/></Logger></Component></Module></SpaScript></content></script>