<?xml version="1.0" encoding="UTF-8"?><servinfosub IE-ID="en-US0900c8af81bb851f" docno="VCC-076979" id="KC07763649" xml:lang="en-US">
<title>
<phrase category="" id="KC07764274" phrase-urn="urn:x-nevis:phrase:0800c8af81bb8579">DTC information#@#@#1#2-4-3</phrase>
</title>
<diagnostic id="KC07764273" type="condition">
<condgrp>
<condition type="condition">
<ptxt>
<phrase category="" id="KC07764275" phrase-urn="urn:x-nevis:phrase:0800c8af81bb857f">If voltage in t#@#@#85#ored.</phrase>
</ptxt>
</condition>
<ps>
<list1 enumtype="d" type="unordered">
<title>
<phrase category="" id="KC07764276" phrase-urn="urn:x-nevis:phrase:0800c8af81bb8585">Voltage too low.</phrase>
</title>
<item>
<ptxt>
<phrase category="" id="KC07764277" phrase-urn="urn:x-nevis:phrase:0800c8af81bb858c">Short-circuit t#@#@#104#dule.</phrase>
</ptxt>
</item>
<item>
<ptxt>
<phrase category="" id="KC07764278" phrase-urn="urn:x-nevis:phrase:0800c8af81bb8592">Short-circuit t#@#@#41#oner.</phrase>
</ptxt>
</item>
</list1>
</ps>
</condgrp>
<condgrp>
<condition type="symptom">
<ptxt>
<phrase category="" id="KC07764279" phrase-urn="urn:x-nevis:phrase:0800c8af81bb8599">No symptoms apa#@#@#33#ting.</phrase>
</ptxt>
<warning>
<ptxt>
<phrase category="" id="KC07764280" phrase-urn="urn:x-nevis:phrase:0800c8af81bb85a1">There is a dang#@#@#93#red. </phrase>
</ptxt>
</warning>
</condition>
</condgrp>
</diagnostic>
</servinfosub>