<?xml version="1.0" encoding="UTF-8"?><i2 IE-ID="en-US0900c8af8621551f" docno="VCC-462277" id="nev19335164n1" original="sv-SE" xml:lang="en-US">
<frontm id="nev19335166n1-nev20632162n16">
<prolog>
<tpnbr>31414341</tpnbr>
</prolog>
<titlep id="nev19335166n1-nev20632162n15">
<grate id="nev19335166n1-nev20632162n10">
<graphic id="nev19335166n1-nev20535567n86">
<href>0900c8af860413f#@#@#11#.jpeg</href>
</graphic>
</grate>
<title id="nev19335164n2">Battery Charger</title>
</titlep>
<preface id="nev19335166n1-nev20632162n9">
<toolpics id="nev19335166n1-nev20632162n7">
<title id="nev19335166n1-0800c8af84f6831f">Equipment</title>
<i2graphic id="nev19335166n1-nev20535567n78">
<href>0900c8af84fe1a6#@#@#9#.jpeg</href>
</i2graphic>
</toolpics>
<kitpics id="nev19335166n1-nev20632162n8">
<title id="nev19335166n1-0800c8af84f6835a">Component overview</title>
<i2graphic id="nev19335166n1-nev20625826n52">
<href>0900c8af8624f6c#@#@#11#.jpeg</href>
</i2graphic>
<i2graphic id="nev19335166n1-nev20625826n51">
<href>0900c8af8624f71#@#@#11#.jpeg</href>
</i2graphic>
<i2graphic id="nev19335166n1-nev20625826n50">
<href>0900c8af86253b2#@#@#11#.jpeg</href>
</i2graphic>
<i2graphic id="nev19335166n1-nev20535567n80">
<href>0900c8af8601340#@#@#11#.jpeg</href>
</i2graphic>
</kitpics>
</preface>
</frontm>
<body id="nev19335166n1-nev20632162n17">
<servinfosub docno="VCC-462277" id="nev19335166n1-nev19335164n1" original="sv-SE" servinfosubId="nev19335166n1-nev20525744n1" servinfosubRes="0900c8af8625bd9f" servinfosubRes2="urn:x-nevis:fragment:0900c8af8621551f:0900c8af8625bd9f#nev20525744n1">
<operationnumbers>
<operationnumber>87637-2</operationnumber>
</operationnumbers>
<toolitemtable id="nev19335166n1-nev20632578n61">
<table id="nev19335166n1-nev20632578n60">
<tgroup cols="2" id="nev19335166n1-nev20632578n59">
<colspec colname="COLSPEC0" colwidth="1.00*" id="nev19335166n1-nev20632578n58"/>
<colspec colname="COLSPEC1" colwidth="1.00*" id="nev19335166n1-nev20632578n57"/>
<thead id="nev19335166n1-nev20632578n56">
<row id="nev19335166n1-nev20632578n55">
<entry id="nev19335166n1-nev20632578n54" nameend="COLSPEC1" namest="COLSPEC0" valign="top">
<ptxt id="nev19335166n1-nev20632578n53">
<emph id="nev19335166n1-nev20632578n52">Special tools</emph>
</ptxt>
</entry>
</row>
</thead>
<tbody id="nev19335166n1-nev20632578n51">
<row id="nev19335166n1-nev20632578n50">
<entry id="nev19335166n1-nev20632578n49">
<graphic id="nev19335166n1-nev20632578n48">
<href>0900c8af8440926#@#@#9#.jpeg</href>
</graphic>
</entry>
<entry id="nev19335166n1-nev20632578n47">
<ptxt id="nev19335166n1-nev20632578n46">
<emph id="nev19335166n1-nev20632578n45">951 2782 Rivet #@#@#3# tool</emph>
</ptxt>
<ptxt id="nev19335166n1-nev20632578n43">
<emph id="nev19335166n1-nev20632578n42">Tool number:</emph>951 2782</ptxt>
<ptxt id="nev19335166n1-nev20632578n41">
<emph id="nev19335166n1-nev20632578n40">Tool description:</emph>Rivet nut tool</ptxt>
<ptxt id="nev19335166n1-nev20632578n38">
<emph id="nev19335166n1-nev20632578n37">Tool boards:</emph>08</ptxt>
</entry>
</row>
</tbody>
</tgroup>
</table>
</toolitemtable>
<materialtable id="nev19335166n1-nev20632578n36">
<table id="nev19335166n1-nev20632578n35">
<tgroup cols="2" id="nev19335166n1-nev20632578n34">
<colspec colname="COLSPEC0" colwidth="1.00*" id="nev19335166n1-nev20632578n33"/>
<colspec colname="COLSPEC1" colwidth="1.00*" id="nev19335166n1-nev20632578n32"/>
<thead id="nev19335166n1-nev20632578n31">
<row id="nev19335166n1-nev20632578n30">
<entry id="nev19335166n1-nev20632578n29" nameend="COLSPEC1" namest="COLSPEC0" valign="top">
<ptxt id="nev19335166n1-nev20632578n28">
<emph id="nev19335166n1-nev20632578n27">Materials</emph>
</ptxt>
</entry>
</row>
</thead>
<tbody id="nev19335166n1-nev20632578n26">
<row id="nev19335166n1-nev20632578n25">
<entry id="nev19335166n1-nev20632578n24">
<ptxt id="nev19335166n1-nev20632578n23">
<emph id="nev19335166n1-nev20632578n22">Designation</emph>
</ptxt>
</entry>
<entry id="nev19335166n1-nev20632578n21">
<ptxt id="nev19335166n1-nev20632578n20">
<emph id="nev19335166n1-nev20632578n19">Part number</emph>
</ptxt>
</entry>
</row>
<row id="nev19335166n1-nev20632578n18">
<entry id="nev19335166n1-nev20632578n17">
<ptxt id="nev19335166n1-nev20632578n16">Electrical tape</ptxt>
</entry>
<entry id="nev19335166n1-nev20632578n14">
<ptxt id="nev19335166n1-nev20632578n13"/>
</entry>
</row>
<row id="nev19335166n1-nev20632578n12">
<entry id="nev19335166n1-nev20632578n11">
<ptxt id="nev19335166n1-nev20632578n10">Isopropanol</ptxt>
</entry>
<entry id="nev19335166n1-nev20632578n8">
<ptxt id="nev19335166n1-nev20632578n7">1161721</ptxt>
</entry>
</row>
</tbody>
</tgroup>
</table>
</materialtable>
<procedure id="nev19335166n1-nev20525768n3">
<stepgrp boilerplate="false" context="" id="nev19335166n1-nev20632162n6">
<title id="nev19335166n1-0800c8af84f682f9">Information</title>
<procstep id="nev19335166n1-nev20525768n7">
<list1 enumtype="b" id="nev13396149n248" type="unordered">
<item id="nev13396149n246">
<ptxt id="nev13396149n244">  Read through #@#@#48#tion.</ptxt>
</item>
<item id="nev13396149n240">
<ptxt id="nev13396149n238">Notifications a#@#@#99#tion.</ptxt>
</item>
<item id="nev13396149n236">
<ptxt id="nev13396149n234">Ensure that all#@#@#72#tion.</ptxt>
</item>
<item id="nev13396149n232">
<ptxt id="nev13396149n230">Certain steps i#@#@#114#teps.</ptxt>
</item>
<item id="nev13396149n228">
<ptxt id="nev13396149n226">In the event of#@#@#81#aler.</ptxt>
</item>
</list1>
</procstep>
</stepgrp>
<stepgrp boilerplate="false" context="" id="nev19335166n1-nev20632162n3">
<title id="nev19335166n1-0800c8af84f6830b">Conditions</title>
<procstep id="nev19335166n1-nev20525769n4">
<para id="nev19335166n1-nev20632162n1">
<ptxt id="nev19335166n1-nev20632162n2">There may be pa#@#@#64#tion.</ptxt>
</para>
</procstep>
</stepgrp>
<stepgrp boilerplate="false" context="" id="nev19335166n1-nev20632575n100">
<title id="nev19335166n1-0800c8af844a46ee">Color symbols</title>
<procstep id="nev19335166n1-nev20525770n1">
<grate id="nev19335166n1-nev20632575n98">
<graphic id="nev19335166n1-nev20632575n99">
<href>0900c8af8579af4#@#@#9#.jpeg</href>
</graphic>
<graphtext id="nev19335166n1-nev20632607n1">
<note id="nev19335166n1-0800c8af857d02fc">
<ptxt>This colour cha#@#@#127#teps.</ptxt>
</note>
<list1 enumtype="n" id="nev19335166n1-nev20525770n7" type="ordered">
<item id="nev19335166n1-nev20632575n97">
<ptxt id="nev19335166n1-nev20632575n96">Used for focuse#@#@#55#hing.</ptxt>
</item>
<item id="nev19335166n1-nev20632575n95">
<ptxt id="nev19335166n1-nev20632575n94">Used as extra c#@#@#57#arts.</ptxt>
</item>
<item id="nev19335166n1-nev20632575n93">
<ptxt id="nev19335166n1-nev20632575n92">Used for attach#@#@#73# etc.</ptxt>
</item>
<item id="nev19335166n1-nev20632575n91">
<ptxt id="nev19335166n1-nev20632575n90">Used when the c#@#@#68#side.</ptxt>
</item>
<item id="nev19335166n1-nev20632575n89">
<ptxt id="nev19335166n1-nev20632575n88">Used for standa#@#@#22#ools.</ptxt>
</item>
<item id="nev19335166n1-nev20632575n87">
<ptxt id="nev19335166n1-nev20632575n86">Used as backgro#@#@#28#ents.</ptxt>
</item>
</list1>
</graphtext>
</grate>
</procstep>
</stepgrp>
<stepgrp boilerplate="false" context="" id="nev19335166n1-nev20632575n85">
<title id="nev19335166n1-0800c8af844a46f6">Removal</title>
<procstep id="nev19335166n1-nev20525772n9">
<grate id="nev19335166n1-nev20632575n83">
<graphic id="nev19335166n1-nev20632575n84">
<href>0900c8af84aa367#@#@#9#.jpeg</href>
</graphic>
<graphtext id="nev19335166n1-nev20632611n1">
<list1 enumtype="n" id="nev19335166n1-nev20525773n3" type="ordered">
<item id="nev19335166n1-nev20632575n82">
<ptxt id="nev19335166n1-nev20632575n81">Set the ignitio#@#@#15#on 0.</ptxt>
</item>
<item id="nev19335166n1-nev20632575n80">
<ptxt id="nev19335166n1-nev20632575n79">Remove the batt#@#@#16#able.</ptxt>
</item>
</list1>
</graphtext>
</grate>
</procstep>
<procstep id="nev19335166n1-nev20525773n10">
<grate id="nev19335166n1-nev20632575n77">
<graphic id="nev19335166n1-nev20632575n78">
<href>0900c8af85e1feb#@#@#9#.jpeg</href>
</graphic>
<graphtext id="nev19335166n1-nev20632615n1">
<para id="nev19335166n1-nev20632575n75">
<ptxt id="nev19335166n1-nev20632575n76">
<torque id="nev19335166n1-nev20525774n6">
<ref id="nev19335166n1-nev20525774n7">
<locator href="#nev19335166n1-nev20525774n7" label="L0"/>
<locator href="urn:x-nevis:xref:0800c8af83434bf8:0000000000000000:0900c8af8606022e#include" label="L1"/>
<arc from="L0" href="urn:x-nevis:xref:0800c8af83434bf8:0900c8af86060221:0900c8af8606022e#include" role="urn:x-nevis:profile:0b00c8af846772f5 urn:x-nevis:profile:0b00c8af84eb8105 urn:x-nevis:profile:0b00c8af8520c3a5 urn:x-nevis:profile:0b00c8af856337af urn:x-nevis:profile:0b00c8af8621e88c urn:x-nevis:profile:0b00c8af863f4c3a urn:x-nevis:profile:0b00c8af86ea35a1 urn:x-nevis:profile:0b00c8af87344a46 urn:x-nevis:profile:0b00c8af86b49077 urn:x-nevis:profile:0b00c8af86ead04a urn:x-nevis:profile:0b00c8af87344e2d urn:x-nevis:profile:0b00c8af85633c05 urn:x-nevis:profile:0b00c8af8633603b urn:x-nevis:profile:0b00c8af86576304 urn:x-nevis:profile:0b00c8af86eb98d1 urn:x-nevis:profile:0b00c8af87344f63 urn:x-nevis:profile:0b00c8af8259afd3 urn:x-nevis:profile:0b00c8af838b9dc6 urn:x-nevis:profile:0b00c8af83f1dcfd urn:x-nevis:profile:0b00c8af84116a24 urn:x-nevis:profile:0b00c8af8494c645 urn:x-nevis:profile:0b00c8af84eb8104 urn:x-nevis:profile:0b00c8af8520c3a1 urn:x-nevis:profile:0b00c8af856303ec urn:x-nevis:profile:0b00c8af8620f7a0 urn:x-nevis:profile:0b00c8af8656e7d2 urn:x-nevis:profile:0b00c8af83f4b28f urn:x-nevis:profile:0b00c8af8414d8c5 urn:x-nevis:profile:0b00c8af84adce3d urn:x-nevis:profile:0b00c8af84eb810a urn:x-nevis:profile:0b00c8af8520c3a2 urn:x-nevis:profile:0b00c8af85632e61 urn:x-nevis:profile:0b00c8af868ec1a4 urn:x-nevis:profile:0b00c8af84677309 urn:x-nevis:profile:0b00c8af84eb810c urn:x-nevis:profile:0b00c8af8520c3a6 urn:x-nevis:profile:0b00c8af85633da2 urn:x-nevis:profile:0b00c8af86223698 urn:x-nevis:profile:0b00c8af863ffa7b urn:x-nevis:profile:0b00c8af86ec6047 urn:x-nevis:profile:0b00c8af87344fef urn:x-nevis:profile:0b00c8af86552501 urn:x-nevis:profile:0b00c8af8657680f urn:x-nevis:profile:0b00c8af86eddbce urn:x-nevis:profile:0b00c8af87345325 urn:x-nevis:profile:0b00c8af839e8e09 urn:x-nevis:profile:0b00c8af83f23801 urn:x-nevis:profile:0b00c8af84103b76 urn:x-nevis:profile:0b00c8af84adce35 urn:x-nevis:profile:0b00c8af84eb8108 urn:x-nevis:profile:0b00c8af8520c3a3 urn:x-nevis:profile:0b00c8af85632eb6 urn:x-nevis:profile:0b00c8af862154cd urn:x-nevis:profile:0b00c8af8656e95f urn:x-nevis:profile:0b00c8af83f34b0e urn:x-nevis:profile:0b00c8af841040db urn:x-nevis:profile:0b00c8af84ae12aa urn:x-nevis:profile:0b00c8af84eb810d urn:x-nevis:profile:0b00c8af8520c3a7 urn:x-nevis:profile:0b00c8af8569a13e urn:x-nevis:profile:0b00c8af86229467 urn:x-nevis:profile:0b00c8af864b2bae urn:x-nevis:profile:0b00c8af86ee512d urn:x-nevis:profile:0b00c8af839e8e0b urn:x-nevis:profile:0b00c8af83f24029 urn:x-nevis:profile:0b00c8af84103a21 urn:x-nevis:profile:0b00c8af84add34d urn:x-nevis:profile:0b00c8af84eb8109 urn:x-nevis:profile:0b00c8af8520c3a4 urn:x-nevis:profile:0b00c8af85633292 urn:x-nevis:profile:0b00c8af8621ada3 urn:x-nevis:profile:0b00c8af8656ed6f" title="VCC-283956-1, Wheel to wheel hub" to="L1"/>
</ref>
</torque>
</ptxt>
</para>
</graphtext>
</grate>
</procstep>
<procstep id="nev19335166n1-nev20525774n8">
<grate id="nev19335166n1-nev20632575n73">
<graphic id="nev19335166n1-nev20632575n74">
<href>0900c8af85e25da#@#@#9#.jpeg</href>
</graphic>
<graphtext id="nev19335166n1-nev20632622n1">
<para id="nev19335166n1-nev20632575n71">
<ptxt id="nev19335166n1-nev20632575n72">Remove the screws.</ptxt>
</para>
</graphtext>
</grate>
</procstep>
<procstep id="nev19335166n1-nev20525775n5">
<grate id="nev19335166n1-nev20632575n69">
<graphic id="nev19335166n1-nev20632575n70">
<href>0900c8af85e25e6#@#@#9#.jpeg</href>
</graphic>
<graphtext id="nev19335166n1-nev20632626n1">
<para id="nev19335166n1-nev20632575n67">
<ptxt id="nev19335166n1-nev20632575n68">Remove the screws.</ptxt>
</para>
</graphtext>
</grate>
</procstep>
<procstep id="nev19335166n1-nev20525776n2">
<grate id="nev19335166n1-nev20632575n65">
<graphic id="nev19335166n1-nev20632575n66">
<href>0900c8af85e2619#@#@#9#.jpeg</href>
</graphic>
<graphtext id="nev19335166n1-nev20632630n1">
<para id="nev19335166n1-nev20632575n63">
<ptxt id="nev19335166n1-nev20632575n64">Remove the nuts.</ptxt>
</para>
</graphtext>
</grate>
</procstep>
<procstep id="nev19335166n1-nev20525776n9">
<grate id="nev19335166n1-nev20632575n61">
<graphic id="nev19335166n1-nev20632575n62">
<href>0900c8af85e6d35#@#@#9#.jpeg</href>
</graphic>
</grate>
</procstep>
<procstep id="nev19335166n1-nev20525777n2">
<grate id="nev19335166n1-nev20632575n59">
<graphic id="nev19335166n1-nev20632575n60">
<href>0900c8af85d91ab#@#@#9#.jpeg</href>
</graphic>
<graphtext id="nev19335166n1-nev20632637n1">
<para id="nev19335166n1-nev20632575n57">
<ptxt id="nev19335166n1-nev20632575n58">Remove the tape.</ptxt>
</para>
</graphtext>
</grate>
</procstep>
</stepgrp>
<stepgrp boilerplate="false" context="" id="nev19335166n1-nev20632575n56">
<title id="nev19335166n1-0800c8af84fbdb3d">Accessory insta#@#@#2#ation</title>
<procstep id="nev19335166n1-nev20525778n2">
<grate id="nev19335166n1-nev20632575n54">
<graphic id="nev19335166n1-nev20632575n55">
<href>0900c8af85dd936#@#@#9#.jpeg</href>
</graphic>
<graphtext id="nev19335166n1-nev20632641n1">
<para id="nev19335166n1-nev20632575n52">
<ptxt id="nev19335166n1-nev20632575n53">
<toolitem boilerplate="true" id="nev19335166n1-nev20525778n8" imageid="0900c8af84409268"/>
</ptxt>
</para>
</graphtext>
</grate>
</procstep>
<procstep id="nev19335166n1-nev20525778n9">
<grate id="nev19335166n1-nev20632575n50">
<graphic id="nev19335166n1-nev20632575n51">
<href>0900c8af860413d#@#@#9#.jpeg</href>
</graphic>
<graphtext id="nev19335166n1-nev20632648n1">
<para id="nev19335166n1-nev20632575n48">
<ptxt id="nev19335166n1-nev20632575n49">Clean the Bumpe#@#@#11#face.</ptxt>
</para>
</graphtext>
</grate>
</procstep>
<procstep id="nev19335166n1-nev20525779n6">
<grate id="nev19335166n1-nev20632575n46">
<graphic id="nev19335166n1-nev20632575n47">
<href>0900c8af8604149#@#@#9#.jpeg</href>
</graphic>
<graphtext id="nev19335166n1-nev20632652n1">
<para id="nev19335166n1-nev20632575n44">
<ptxt id="nev19335166n1-nev20632575n45">Use the templat#@#@#30#ions.</ptxt>
</para>
<para id="nev19335166n1-nev20632575n42">
<ptxt id="nev19335166n1-nev20632575n43">Cut following t#@#@#11#ines.</ptxt>
</para>
</graphtext>
</grate>
</procstep>
<procstep id="nev19335166n1-nev20525780n6">
<grate id="nev19335166n1-nev20632575n40">
<graphic id="nev19335166n1-nev20632575n41">
<href>0900c8af8604142#@#@#9#.jpeg</href>
</graphic>
<graphtext id="nev19335166n1-nev20632656n1">
<para id="nev19335166n1-nev20632575n38">
<ptxt id="nev19335166n1-nev20632575n39">Use tape</ptxt>
</para>
</graphtext>
</grate>
</procstep>
<procstep id="nev19335166n1-nev20525781n3">
<grate id="nev19335166n1-nev20632575n36">
<graphic id="nev19335166n1-nev20632575n37">
<href>0900c8af8604143#@#@#9#.jpeg</href>
</graphic>
<graphtext id="nev19335166n1-nev20632660n1">
<caution id="nev19335166n1-0800c8af851650a8">
<ptxt>Cut carefully t#@#@#43#jury.</ptxt>
</caution>
</graphtext>
</grate>
</procstep>
<procstep id="nev19335166n1-nev20525781n9">
<grate id="nev19335166n1-nev20632575n34">
<graphic id="nev19335166n1-nev20632575n35">
<href>0900c8af86253bc#@#@#9#.jpeg</href>
</graphic>
</grate>
</procstep>
<procstep id="nev19335166n1-nev20525782n2">
<grate id="nev19335166n1-nev20632575n32">
<graphic id="nev19335166n1-nev20632575n33">
<href>0900c8af85e59e9#@#@#9#.jpeg</href>
</graphic>
<graphtext id="nev19335166n1-nev20632667n1">
<para id="nev19335166n1-nev20632575n30">
<ptxt id="nev19335166n1-nev20632575n31">Pull the wiring#@#@#4#ough.</ptxt>
</para>
</graphtext>
</grate>
</procstep>
<procstep id="nev19335166n1-nev20525782n9">
<grate id="nev19335166n1-nev20632575n28">
<graphic id="nev19335166n1-nev20632575n29">
<href>0900c8af86253c5#@#@#9#.jpeg</href>
</graphic>
</grate>
</procstep>
<procstep id="nev19335166n1-nev20525783n2">
<grate id="nev19335166n1-nev20632575n26">
<graphic id="nev19335166n1-nev20632575n27">
<href>0900c8af85e59eb#@#@#9#.jpeg</href>
</graphic>
</grate>
</procstep>
<procstep id="nev19335166n1-nev20525783n5">
<grate id="nev19335166n1-nev20632575n24">
<graphic id="nev19335166n1-nev20632575n25">
<href>0900c8af85e5a14#@#@#9#.jpeg</href>
</graphic>
</grate>
</procstep>
<procstep id="nev19335166n1-nev20525783n8">
<grate id="nev19335166n1-nev20632575n22">
<graphic id="nev19335166n1-nev20632575n23">
<href>0900c8af85e5a26#@#@#9#.jpeg</href>
</graphic>
<graphtext id="nev19335166n1-nev20632680n1">
<note id="nev19335166n1-0800c8af85b47f49">
<ptxt>Orientation view</ptxt>
</note>
</graphtext>
</grate>
</procstep>
<procstep id="nev19335166n1-nev20525784n4">
<grate id="nev19335166n1-nev20632575n20">
<graphic id="nev19335166n1-nev20632575n21">
<href>0900c8af85e5a28#@#@#9#.jpeg</href>
</graphic>
</grate>
</procstep>
<procstep id="nev19335166n1-nev20525784n7">
<grate id="nev19335166n1-nev20632575n18">
<graphic id="nev19335166n1-nev20632575n19">
<href>0900c8af8624f4c#@#@#9#.jpeg</href>
</graphic>
<graphtext id="nev19335166n1-nev20632687n1">
<para id="nev19335166n1-nev20632575n16">
<ptxt id="nev19335166n1-nev20632575n17">Install the screw.</ptxt>
</para>
</graphtext>
</grate>
</procstep>
<procstep id="nev19335166n1-nev20525785n4">
<grate id="nev19335166n1-nev20632575n14">
<graphic id="nev19335166n1-nev20632575n15">
<href>0900c8af85e4a8b#@#@#9#.jpeg</href>
</graphic>
<graphtext id="nev19335166n1-nev20632691n1">
<note id="nev19335166n1-0800c8af85b47f49">
<ptxt>Orientation view</ptxt>
</note>
</graphtext>
</grate>
</procstep>
<procstep id="nev19335166n1-nev20525785n10">
<grate id="nev19335166n1-nev20632575n12">
<graphic id="nev19335166n1-nev20632575n13">
<href>0900c8af85e5d96#@#@#9#.jpeg</href>
</graphic>
</grate>
</procstep>
<procstep id="nev19335166n1-nev20525786n3">
<grate id="nev19335166n1-nev20632575n10">
<graphic id="nev19335166n1-nev20632575n11">
<href>0900c8af85d839d#@#@#9#.jpeg</href>
</graphic>
</grate>
</procstep>
<procstep id="nev19335166n1-nev20525786n6">
<grate id="nev19335166n1-nev20632575n8">
<graphic id="nev19335166n1-nev20632575n9">
<href>0900c8af85e5da2#@#@#9#.jpeg</href>
</graphic>
</grate>
</procstep>
<procstep id="nev19335166n1-nev20525786n9">
<grate id="nev19335166n1-nev20632575n6">
<graphic id="nev19335166n1-nev20632575n7">
<href>0900c8af85d83a7#@#@#9#.jpeg</href>
</graphic>
</grate>
</procstep>
<procstep id="nev19335166n1-nev20525787n2">
<grate id="nev19335166n1-nev20632575n4">
<graphic id="nev19335166n1-nev20632575n5">
<href>0900c8af85d83ab#@#@#9#.jpeg</href>
</graphic>
<graphtext id="nev19335166n1-nev20632707n1">
<para id="nev19335166n1-nev20632575n2">
<ptxt id="nev19335166n1-nev20632575n3">Install the clip(s).</ptxt>
</para>
</graphtext>
</grate>
</procstep>
<procstep id="nev19335166n1-nev20525787n9">
<grate id="nev19335166n1-nev20632576n100">
<graphic id="nev19335166n1-nev20632575n1">
<href>0900c8af85d83be#@#@#9#.jpeg</href>
</graphic>
</grate>
</procstep>
<procstep id="nev19335166n1-nev20525788n2">
<grate id="nev19335166n1-nev20632576n98">
<graphic id="nev19335166n1-nev20632576n99">
<href>0900c8af85d83bf#@#@#9#.jpeg</href>
</graphic>
</grate>
</procstep>
<procstep id="nev19335166n1-nev20525788n5">
<grate id="nev19335166n1-nev20632576n96">
<graphic id="nev19335166n1-nev20632576n97">
<href>0900c8af85d83c0#@#@#9#.jpeg</href>
</graphic>
<graphtext id="nev19335166n1-nev20632717n1">
<para id="nev19335166n1-nev20632576n94">
<ptxt id="nev19335166n1-nev20632576n95">Install the clip(s).</ptxt>
</para>
</graphtext>
</grate>
</procstep>
<procstep id="nev19335166n1-nev20525789n2">
<title id="nev19335166n1-0800c8af85dd6fda">Vehicles with A#@#@#5#siren</title>
</procstep>
</stepgrp>
<stepgrp boilerplate="false" context="" id="nev19335166n1-nev20632576n93">
<title id="nev19335166n1-0800c8af844a46f6">Removal</title>
<procstep id="nev19335166n1-nev20525789n8">
<grate id="nev19335166n1-nev20632576n91">
<graphic id="nev19335166n1-nev20632576n92">
<href>0900c8af85e6414#@#@#9#.jpeg</href>
</graphic>
<graphtext id="nev19335166n1-nev20632721n1">
<note id="nev19335166n1-0800c8af85b47f49">
<ptxt>Orientation view</ptxt>
</note>
</graphtext>
</grate>
</procstep>
<procstep id="nev19335166n1-nev20525790n4">
<grate id="nev19335166n1-nev20632576n89">
<graphic id="nev19335166n1-nev20632576n90">
<href>0900c8af85dd72a#@#@#9#.jpeg</href>
</graphic>
<graphtext id="nev19335166n1-nev20632725n1">
<para id="nev19335166n1-nev20632576n87">
<ptxt id="nev19335166n1-nev20632576n88">Disconnect the #@#@#5#ctor.</ptxt>
</para>
</graphtext>
</grate>
</procstep>
<procstep id="nev19335166n1-nev20525791n1">
<grate id="nev19335166n1-nev20632576n85">
<graphic id="nev19335166n1-nev20632576n86">
<href>0900c8af85dd718#@#@#9#.jpeg</href>
</graphic>
<graphtext id="nev19335166n1-nev20632729n1">
<para id="nev19335166n1-nev20632576n83">
<ptxt id="nev19335166n1-nev20632576n84">Remove the screws.</ptxt>
</para>
</graphtext>
</grate>
</procstep>
<procstep id="nev19335166n1-nev20525791n8">
<title id="nev19335166n1-0800c8af844a41e8">All vehicles</title>
</procstep>
</stepgrp>
<stepgrp boilerplate="false" context="" id="nev19335166n1-nev20632576n82">
<title id="nev19335166n1-0800c8af84fbdb3d">Accessory insta#@#@#2#ation</title>
<procstep id="nev19335166n1-nev20525792n4">
<grate id="nev19335166n1-nev20632576n80">
<graphic id="nev19335166n1-nev20632576n81">
<href>0900c8af85d8b20#@#@#9#.jpeg</href>
</graphic>
</grate>
</procstep>
<procstep id="nev19335166n1-nev20525792n7">
<grate id="nev19335166n1-nev20632576n78">
<graphic id="nev19335166n1-nev20632576n79">
<href>0900c8af85d917f#@#@#9#.jpeg</href>
</graphic>
</grate>
</procstep>
<procstep id="nev19335166n1-nev20525792n10">
<grate id="nev19335166n1-nev20632576n76">
<graphic id="nev19335166n1-nev20632576n77">
<href>0900c8af85d8b30#@#@#9#.jpeg</href>
</graphic>
<graphtext id="nev19335166n1-nev20632739n1">
<para id="nev19335166n1-nev20632576n74">
<ptxt id="nev19335166n1-nev20632576n75">Install the screws.</ptxt>
</para>
</graphtext>
</grate>
</procstep>
<procstep id="nev19335166n1-nev20525793n7">
<grate id="nev19335166n1-nev20632576n72">
<graphic id="nev19335166n1-nev20632576n73">
<href>0900c8af85eae95#@#@#9#.jpeg</href>
</graphic>
<graphtext id="nev19335166n1-nev20632743n1">
<para id="nev19335166n1-nev20632576n70">
<ptxt id="nev19335166n1-nev20632576n71">Install the clip(s).</ptxt>
</para>
</graphtext>
</grate>
</procstep>
<procstep id="nev19335166n1-nev20525794n4">
<grate id="nev19335166n1-nev20632576n68">
<graphic id="nev19335166n1-nev20632576n69">
<href>0900c8af85dd73c#@#@#9#.jpeg</href>
</graphic>
</grate>
</procstep>
<procstep id="nev19335166n1-nev20525794n7">
<grate id="nev19335166n1-nev20632576n66">
<graphic id="nev19335166n1-nev20632576n67">
<href>0900c8af85d9185#@#@#9#.jpeg</href>
</graphic>
<graphtext id="nev19335166n1-nev20632750n1">
<para id="nev19335166n1-nev20632576n64">
<ptxt id="nev19335166n1-nev20632576n65">Install the catch.</ptxt>
</para>
</graphtext>
</grate>
</procstep>
<procstep id="nev19335166n1-nev20525795n4">
<grate id="nev19335166n1-nev20632576n62">
<graphic id="nev19335166n1-nev20632576n63">
<href>0900c8af85d9189#@#@#9#.jpeg</href>
</graphic>
<graphtext id="nev19335166n1-nev20632754n1">
<para id="nev19335166n1-nev20632576n60">
<ptxt id="nev19335166n1-nev20632576n61">Install the cables.</ptxt>
</para>
</graphtext>
</grate>
</procstep>
<procstep id="nev19335166n1-nev20525796n1">
<title id="nev19335166n1-0800c8af85dd6fda">Vehicles with A#@#@#5#siren</title>
</procstep>
<procstep id="nev19335166n1-nev20525796n4">
<grate id="nev19335166n1-nev20632576n58">
<graphic id="nev19335166n1-nev20632576n59">
<href>0900c8af85dd74f#@#@#9#.jpeg</href>
</graphic>
</grate>
</procstep>
<procstep id="nev19335166n1-nev20525796n7">
<grate id="nev19335166n1-nev20632576n56">
<graphic id="nev19335166n1-nev20632576n57">
<href>0900c8af85e136d#@#@#9#.jpeg</href>
</graphic>
</grate>
</procstep>
<procstep id="nev19335166n1-nev20525796n10">
<grate id="nev19335166n1-nev20632576n54">
<graphic id="nev19335166n1-nev20632576n55">
<href>0900c8af85dd95a#@#@#9#.jpeg</href>
</graphic>
<graphtext id="nev19335166n1-nev20632764n1">
<para id="nev19335166n1-nev20632576n52">
<ptxt id="nev19335166n1-nev20632576n53">Install the screw.</ptxt>
</para>
</graphtext>
</grate>
</procstep>
<procstep id="nev19335166n1-nev20525797n7">
<grate id="nev19335166n1-nev20632576n50">
<graphic id="nev19335166n1-nev20632576n51">
<href>0900c8af85dd93b#@#@#9#.jpeg</href>
</graphic>
<graphtext id="nev19335166n1-nev20632768n1">
<para id="nev19335166n1-nev20632576n48">
<ptxt id="nev19335166n1-nev20632576n49">Install the screws.</ptxt>
</para>
</graphtext>
</grate>
</procstep>
<procstep id="nev19335166n1-nev20525798n4">
<grate id="nev19335166n1-nev20632576n46">
<graphic id="nev19335166n1-nev20632576n47">
<href>0900c8af85dd955#@#@#9#.jpeg</href>
</graphic>
<graphtext id="nev19335166n1-nev20632772n1">
<para id="nev19335166n1-nev20632576n44">
<ptxt id="nev19335166n1-nev20632576n45">Connect the con#@#@#2#ctor.</ptxt>
</para>
</graphtext>
</grate>
</procstep>
<procstep id="nev19335166n1-nev20525799n1">
<title id="nev19335166n1-0800c8af85ebf473">Vehicles withou#@#@#8#siren</title>
</procstep>
<procstep id="nev19335166n1-nev20525799n4">
<grate id="nev19335166n1-nev20632576n42">
<graphic id="nev19335166n1-nev20632576n43">
<href>0900c8af85ebf4d#@#@#9#.jpeg</href>
</graphic>
</grate>
</procstep>
<procstep id="nev19335166n1-nev20525799n7">
<grate id="nev19335166n1-nev20632576n40">
<graphic id="nev19335166n1-nev20632576n41">
<href>0900c8af85e136d#@#@#9#.jpeg</href>
</graphic>
</grate>
</procstep>
<procstep id="nev19335166n1-nev20525799n10">
<grate id="nev19335166n1-nev20632576n38">
<graphic id="nev19335166n1-nev20632576n39">
<href>0900c8af85dd95a#@#@#9#.jpeg</href>
</graphic>
<graphtext id="nev19335166n1-nev20632782n1">
<para id="nev19335166n1-nev20632576n36">
<ptxt id="nev19335166n1-nev20632576n37">Install the screw.</ptxt>
</para>
</graphtext>
</grate>
</procstep>
<procstep id="nev19335166n1-nev20525800n7">
<grate id="nev19335166n1-nev20632576n34">
<graphic id="nev19335166n1-nev20632576n35">
<href>0900c8af85ebf55#@#@#9#.jpeg</href>
</graphic>
<graphtext id="nev19335166n1-nev20632786n1">
<para id="nev19335166n1-nev20632576n32">
<ptxt id="nev19335166n1-nev20632576n33">Install the screws.</ptxt>
</para>
<para id="nev19335166n1-nev20632576n30">
<ptxt id="nev19335166n1-nev20632576n31">Install the nuts</ptxt>
</para>
</graphtext>
</grate>
</procstep>
<procstep id="nev19335166n1-nev20525801n7">
<title id="nev19335166n1-0800c8af844a41e8">All vehicles</title>
</procstep>
<procstep id="nev19335166n1-nev20525801n10">
<grate id="nev19335166n1-nev20632576n28">
<graphic id="nev19335166n1-nev20632576n29">
<href>0900c8af85dd962#@#@#9#.jpeg</href>
</graphic>
</grate>
</procstep>
<procstep id="nev19335166n1-nev20525802n3">
<grate id="nev19335166n1-nev20632576n26">
<graphic id="nev19335166n1-nev20632576n27">
<href>0900c8af85ddc70#@#@#9#.jpeg</href>
</graphic>
</grate>
</procstep>
<procstep id="nev19335166n1-nev20525802n6">
<grate id="nev19335166n1-nev20632576n24">
<graphic id="nev19335166n1-nev20632576n25">
<href>0900c8af8624f72#@#@#9#.jpeg</href>
</graphic>
<graphtext id="nev19335166n1-nev20632796n1">
<para id="nev19335166n1-nev20632576n22">
<ptxt id="nev19335166n1-nev20632576n23">Install the clip(s).</ptxt>
</para>
</graphtext>
</grate>
</procstep>
<procstep id="nev19335166n1-nev20525803n3">
<grate id="nev19335166n1-nev20632576n20">
<graphic id="nev19335166n1-nev20632576n21">
<href>0900c8af85de9ee#@#@#9#.jpeg</href>
</graphic>
</grate>
</procstep>
<procstep id="nev19335166n1-nev20525803n6">
<grate id="nev19335166n1-nev20632576n18">
<graphic id="nev19335166n1-nev20632576n19">
<href>0900c8af85d8b01#@#@#9#.jpeg</href>
</graphic>
</grate>
</procstep>
<procstep id="nev19335166n1-nev20525803n9">
<grate id="nev19335166n1-nev20632576n16">
<graphic id="nev19335166n1-nev20632576n17">
<href>0900c8af85df4b9#@#@#9#.jpeg</href>
</graphic>
</grate>
</procstep>
<procstep id="nev19335166n1-nev20525804n2">
<grate id="nev19335166n1-nev20632576n14">
<graphic id="nev19335166n1-nev20632576n15">
<href>0900c8af85df520#@#@#9#.jpeg</href>
</graphic>
<graphtext id="nev19335166n1-nev20632809n1">
<note id="nev19335166n1-0800c8af85b47f49">
<ptxt>Orientation view</ptxt>
</note>
</graphtext>
</grate>
</procstep>
<procstep id="nev19335166n1-nev20525804n8">
<grate id="nev19335166n1-nev20632576n12">
<graphic id="nev19335166n1-nev20632576n13">
<href>0900c8af85e6d05#@#@#9#.jpeg</href>
</graphic>
</grate>
</procstep>
<procstep id="nev19335166n1-nev20525805n1">
<grate id="nev19335166n1-nev20632576n10">
<graphic id="nev19335166n1-nev20632576n11">
<href>0900c8af85df53c#@#@#9#.jpeg</href>
</graphic>
</grate>
</procstep>
<procstep id="nev19335166n1-nev20525805n4">
<grate id="nev19335166n1-nev20632576n8">
<graphic id="nev19335166n1-nev20632576n9">
<href>0900c8af85df966#@#@#9#.jpeg</href>
</graphic>
<graphtext id="nev19335166n1-nev20632819n1">
<para id="nev19335166n1-nev20632576n6">
<ptxt id="nev19335166n1-nev20632576n7">Install the clip(s).</ptxt>
</para>
</graphtext>
</grate>
</procstep>
</stepgrp>
<stepgrp boilerplate="false" context="" id="nev19335166n1-nev20632576n5">
<title id="nev19335166n1-0800c8af844a46f6">Removal</title>
<procstep id="nev19335166n1-nev20525806n4">
<grate id="nev19335166n1-nev20632576n3">
<graphic id="nev19335166n1-nev20632576n4">
<href>0900c8af85e6d07#@#@#9#.jpeg</href>
</graphic>
<graphtext id="nev19335166n1-nev20632823n1">
<para id="nev19335166n1-nev20632576n1">
<ptxt id="nev19335166n1-nev20632576n2">Remove the rubb#@#@#4#trip.</ptxt>
</para>
</graphtext>
</grate>
</procstep>
<procstep id="nev19335166n1-nev20525807n1">
<grate id="nev19335166n1-nev20632577n99">
<graphic id="nev19335166n1-nev20632577n100">
<href>0900c8af85e6d0a#@#@#9#.jpeg</href>
</graphic>
</grate>
</procstep>
<procstep id="nev19335166n1-nev20525807n4">
<grate id="nev19335166n1-nev20632577n97">
<graphic id="nev19335166n1-nev20632577n98">
<href>0900c8af8620f75#@#@#9#.jpeg</href>
</graphic>
<graphtext id="nev19335166n1-nev20632830n1">
<para id="nev19335166n1-nev20632577n95">
<ptxt id="nev19335166n1-nev20632577n96">Remove the cabl#@#@#11#lips.</ptxt>
</para>
</graphtext>
</grate>
</procstep>
<procstep id="nev19335166n1-nev20525808n1">
<grate id="nev19335166n1-nev20632577n93">
<graphic id="nev19335166n1-nev20632577n94">
<href>0900c8af8620fc6#@#@#9#.jpeg</href>
</graphic>
<graphtext id="nev19335166n1-nev20632834n1">
<para id="nev19335166n1-nev20632577n91">
<ptxt id="nev19335166n1-nev20632577n92">Remove the cabl#@#@#11#lips.</ptxt>
</para>
</graphtext>
</grate>
</procstep>
<procstep id="nev19335166n1-nev20535870n61">
<grate id="nev19335166n1-nev20632577n89">
<graphic id="nev19335166n1-nev20632577n90">
<href>0900c8af85eef3d#@#@#9#.jpeg</href>
</graphic>
<graphtext id="nev19335166n1-nev20632838n1">
<para id="nev19335166n1-nev20632577n87">
<ptxt id="nev19335166n1-nev20632577n88">Disconnect the #@#@#5#ctor.</ptxt>
</para>
</graphtext>
</grate>
</procstep>
<procstep id="nev19335166n1-nev20525808n8">
<grate id="nev19335166n1-nev20632577n85">
<graphic id="nev19335166n1-nev20632577n86">
<href>0900c8af85eef3b#@#@#9#.jpeg</href>
</graphic>
<graphtext id="nev19335166n1-nev20632842n1">
<para id="nev19335166n1-nev20632577n83">
<ptxt id="nev19335166n1-nev20632577n84">Loosen the hose#@#@#2#lamp.</ptxt>
</para>
</graphtext>
</grate>
</procstep>
<procstep id="nev19335166n1-nev20525810n5">
<grate id="nev19335166n1-nev20632577n81">
<graphic id="nev19335166n1-nev20632577n82">
<href>0900c8af85eef3c#@#@#9#.jpeg</href>
</graphic>
</grate>
</procstep>
<procstep id="nev19335166n1-nev20525810n2">
<grate id="nev19335166n1-nev20632577n79">
<graphic id="nev19335166n1-nev20632577n80">
<href>0900c8af85dff5c#@#@#9#.jpeg</href>
</graphic>
</grate>
</procstep>
<procstep id="nev19335166n1-nev20525810n8">
<grate id="nev19335166n1-nev20632577n77">
<graphic id="nev19335166n1-nev20632577n78">
<href>0900c8af85dffaf#@#@#9#.jpeg</href>
</graphic>
</grate>
</procstep>
<procstep id="nev19335166n1-nev20525811n1">
<grate id="nev19335166n1-nev20632577n75">
<graphic id="nev19335166n1-nev20632577n76">
<href>0900c8af85e0283#@#@#9#.jpeg</href>
</graphic>
</grate>
</procstep>
<procstep id="nev19335166n1-nev20525811n4">
<grate id="nev19335166n1-nev20632577n73">
<graphic id="nev19335166n1-nev20632577n74">
<href>0900c8af85e0283#@#@#9#.jpeg</href>
</graphic>
</grate>
</procstep>
<procstep id="nev19335166n1-nev20525811n7">
<grate id="nev19335166n1-nev20632577n71">
<graphic id="nev19335166n1-nev20632577n72">
<href>0900c8af8621b07#@#@#9#.jpeg</href>
</graphic>
<graphtext id="nev19335166n1-nev20632861n1">
<para id="nev19335166n1-nev20632577n69">
<ptxt id="nev19335166n1-nev20632577n70">Remove the screw.</ptxt>
</para>
</graphtext>
</grate>
</procstep>
<procstep id="nev19335166n1-nev20525812n4">
<grate id="nev19335166n1-nev20632577n67">
<graphic id="nev19335166n1-nev20632577n68">
<href>0900c8af85edd37#@#@#9#.jpeg</href>
</graphic>
</grate>
</procstep>
</stepgrp>
<stepgrp boilerplate="false" context="" id="nev19335166n1-nev20632577n66">
<title id="nev19335166n1-0800c8af84fbdb3d">Accessory insta#@#@#2#ation</title>
<procstep id="nev19335166n1-nev20525812n10">
<grate id="nev19335166n1-nev20632577n64">
<graphic id="nev19335166n1-nev20632577n65">
<href>0900c8af85e6d2b#@#@#9#.jpeg</href>
</graphic>
</grate>
</procstep>
</stepgrp>
<stepgrp boilerplate="false" context="" id="nev19335166n1-nev20632577n63">
<title id="nev19335166n1-0800c8af844a46f9">Installation</title>
<procstep id="nev19335166n1-nev20525813n6">
<grate id="nev19335166n1-nev20632577n61">
<graphic id="nev19335166n1-nev20632577n62">
<href>0900c8af8621b07#@#@#9#.jpeg</href>
</graphic>
<graphtext id="nev19335166n1-nev20632871n1">
<para id="nev19335166n1-nev20632577n59">
<ptxt id="nev19335166n1-nev20632577n60">Reinstall the screw.</ptxt>
</para>
</graphtext>
</grate>
</procstep>
</stepgrp>
<stepgrp boilerplate="false" context="" id="nev19335166n1-nev20632577n58">
<title id="nev19335166n1-0800c8af84fbdb3d">Accessory insta#@#@#2#ation</title>
<procstep id="nev19335166n1-nev20525814n6">
<grate id="nev19335166n1-nev20632577n56">
<graphic id="nev19335166n1-nev20632577n57">
<href>0900c8af85e6d2c#@#@#9#.jpeg</href>
</graphic>
</grate>
</procstep>
<procstep id="nev19335166n1-nev20525814n9">
<grate id="nev19335166n1-nev20632577n54">
<graphic id="nev19335166n1-nev20632577n55">
<href>0900c8af85e6d2e#@#@#9#.jpeg</href>
</graphic>
<graphtext id="nev19335166n1-nev20632878n1">
<para id="nev19335166n1-nev20632577n52">
<ptxt id="nev19335166n1-nev20632577n53">Install the clip(s).</ptxt>
</para>
</graphtext>
</grate>
</procstep>
<procstep id="nev19335166n1-nev20525815n6">
<grate id="nev19335166n1-nev20632577n50">
<graphic id="nev19335166n1-nev20632577n51">
<href>0900c8af85e6d30#@#@#9#.jpeg</href>
</graphic>
</grate>
</procstep>
<procstep id="nev19335166n1-nev20525815n9">
<grate id="nev19335166n1-nev20632577n48">
<graphic id="nev19335166n1-nev20632577n49">
<href>0900c8af85e6d32#@#@#9#.jpeg</href>
</graphic>
</grate>
</procstep>
<procstep id="nev19335166n1-nev20525816n2">
<grate id="nev19335166n1-nev20632577n46">
<graphic id="nev19335166n1-nev20632577n47">
<href>0900c8af85e02a3#@#@#9#.jpeg</href>
</graphic>
<graphtext id="nev19335166n1-nev20632888n1">
<para id="nev19335166n1-nev20632577n44">
<ptxt id="nev19335166n1-nev20632577n45">Install the screw.</ptxt>
</para>
<para id="nev19335166n1-nev20632577n42">
<ptxt id="nev19335166n1-nev20632577n43">
<torque id="nev19335166n1-nev20525817n1">
<ref id="nev19335166n1-nev20525817n2">
<locator href="#nev19335166n1-nev20525817n2" label="L0"/>
<locator href="urn:x-nevis:xref:0800c8af83434449:0000000000000000:0900c8af83434452#include" label="L1"/>
<arc from="L0" href="urn:x-nevis:xref:0800c8af83434449:0900c8af8343444a:0900c8af83434452#include" role="urn:x-nevis:profile:0b00c8af80206803 urn:x-nevis:profile:0b00c8af80206820 urn:x-nevis:profile:0b00c8af8020681c urn:x-nevis:profile:0b00c8af80206836 urn:x-nevis:profile:0b00c8af802067e1 urn:x-nevis:profile:0b00c8af802067d6 urn:x-nevis:profile:0b00c8af802067ef urn:x-nevis:profile:0b00c8af8020683a urn:x-nevis:profile:0b00c8af80206800 urn:x-nevis:profile:0b00c8af80206835 urn:x-nevis:profile:0b00c8af802067f3 urn:x-nevis:profile:0b00c8af802067cc urn:x-nevis:profile:0b00c8af80206805 urn:x-nevis:profile:0b00c8af8020683d urn:x-nevis:profile:0b00c8af80206829 urn:x-nevis:profile:0b00c8af80206840 urn:x-nevis:profile:0b00c8af80206808 urn:x-nevis:profile:0b00c8af80206818 urn:x-nevis:profile:0b00c8af80206831 urn:x-nevis:profile:0b00c8af80206830 urn:x-nevis:profile:0b00c8af802067ed urn:x-nevis:profile:0b00c8af80206824 urn:x-nevis:profile:0b00c8af8020682f urn:x-nevis:profile:0b00c8af80206822 urn:x-nevis:profile:0b00c8af8020682a urn:x-nevis:profile:0b00c8af802067fd urn:x-nevis:profile:0b00c8af80206819 urn:x-nevis:profile:0b00c8af802067cf urn:x-nevis:profile:0b00c8af8020680a urn:x-nevis:profile:0b00c8af802067f0 urn:x-nevis:profile:0b00c8af802067fa urn:x-nevis:profile:0b00c8af8020682d urn:x-nevis:profile:0b00c8af80206827 urn:x-nevis:profile:0b00c8af8020680d urn:x-nevis:profile:0b00c8af802067f7 urn:x-nevis:profile:0b00c8af802067fb urn:x-nevis:profile:0b00c8af8020683c urn:x-nevis:profile:0b00c8af802067d9 urn:x-nevis:profile:0b00c8af8020681a urn:x-nevis:profile:0b00c8af80206839 urn:x-nevis:profile:0b00c8af80206834 urn:x-nevis:profile:0b00c8af802067fc urn:x-nevis:profile:0b00c8af8020681e urn:x-nevis:profile:0b00c8af8020681d urn:x-nevis:profile:0b00c8af8020682b urn:x-nevis:profile:0b00c8af802067ff urn:x-nevis:profile:0b00c8af802067f9 urn:x-nevis:profile:0b00c8af8020683b urn:x-nevis:profile:0b00c8af80206838 urn:x-nevis:profile:0b00c8af802067d1 urn:x-nevis:profile:0b00c8af80206837 urn:x-nevis:profile:0b00c8af802067dd urn:x-nevis:profile:0b00c8af802067f1 urn:x-nevis:profile:0b00c8af80206828 urn:x-nevis:profile:0b00c8af80206801 urn:x-nevis:profile:0b00c8af802067d3 urn:x-nevis:profile:0b00c8af8020680e urn:x-nevis:profile:0b00c8af802067d4 urn:x-nevis:profile:0b00c8af802067f4 urn:x-nevis:profile:0b00c8af802067e5 urn:x-nevis:profile:0b00c8af80206826 urn:x-nevis:profile:0b00c8af80206807 urn:x-nevis:profile:0b00c8af802067f2 urn:x-nevis:profile:0b00c8af80206823 urn:x-nevis:profile:0b00c8af80206825 urn:x-nevis:profile:0b00c8af80206833 urn:x-nevis:profile:0b00c8af80206821 urn:x-nevis:profile:0b00c8af8020683e urn:x-nevis:profile:0b00c8af8020680f urn:x-nevis:profile:0b00c8af8020681f urn:x-nevis:profile:0b00c8af802067eb urn:x-nevis:profile:0b00c8af802067df urn:x-nevis:profile:0b00c8af8020680b urn:x-nevis:profile:0b00c8af80206841 urn:x-nevis:profile:0b00c8af80206816 urn:x-nevis:profile:0b00c8af80206832 urn:x-nevis:profile:0b00c8af802067ea urn:x-nevis:profile:0b00c8af80206817 urn:x-nevis:profile:0b00c8af802067e7 urn:x-nevis:profile:0b00c8af80206814 urn:x-nevis:profile:0b00c8af802067c9 urn:x-nevis:profile:0b00c8af80206810 urn:x-nevis:profile:0b00c8af8020683f urn:x-nevis:profile:0b00c8af8020682c urn:x-nevis:profile:0b00c8af80206815 urn:x-nevis:profile:0b00c8af802067fe urn:x-nevis:profile:0b00c8af802067f8 urn:x-nevis:profile:0b00c8af802067f5 urn:x-nevis:profile:0b00c8af80206811 urn:x-nevis:profile:0b00c8af80206812 urn:x-nevis:profile:0b00c8af802067e9 urn:x-nevis:profile:0b00c8af80206813 urn:x-nevis:profile:0b00c8af80206809 urn:x-nevis:profile:0b00c8af80206318 urn:x-nevis:profile:0b00c8af80206332 urn:x-nevis:profile:0b00c8af80206365 urn:x-nevis:profile:0b00c8af8020631e urn:x-nevis:profile:0b00c8af80206348 urn:x-nevis:profile:0b00c8af80206327 urn:x-nevis:profile:0b00c8af802065b2 urn:x-nevis:profile:0b00c8af8020662b urn:x-nevis:profile:0b00c8af80206643 urn:x-nevis:profile:0b00c8af802065fa urn:x-nevis:profile:0b00c8af8020662c urn:x-nevis:profile:0b00c8af802066de urn:x-nevis:profile:0b00c8af802065d4 urn:x-nevis:profile:0b00c8af80206785 urn:x-nevis:profile:0b00c8af80206634 urn:x-nevis:profile:0b00c8af8020bdc4 urn:x-nevis:profile:0b00c8af802065c8 urn:x-nevis:profile:0b00c8af80206616 urn:x-nevis:profile:0b00c8af802065fb urn:x-nevis:profile:0b00c8af8020661d urn:x-nevis:profile:0b00c8af80206605 urn:x-nevis:profile:0b00c8af802065ec urn:x-nevis:profile:0b00c8af802065ee urn:x-nevis:profile:0b00c8af82febdf9 urn:x-nevis:profile:0b00c8af83aff6b3 urn:x-nevis:profile:0b00c8af83f19e63 urn:x-nevis:profile:0b00c8af841552ad urn:x-nevis:profile:0b00c8af847139c0 urn:x-nevis:profile:0b00c8af84eb8111 urn:x-nevis:profile:0b00c8af8520c39e urn:x-nevis:profile:0b00c8af8512644f urn:x-nevis:profile:0b00c8af85330427 urn:x-nevis:profile:0b00c8af8568d0bf urn:x-nevis:profile:0b00c8af817ac33f urn:x-nevis:profile:0b00c8af82e3ac56 urn:x-nevis:profile:0b00c8af83affa46 urn:x-nevis:profile:0b00c8af83f1ad9d urn:x-nevis:profile:0b00c8af8415509d urn:x-nevis:profile:0b00c8af847139e4 urn:x-nevis:profile:0b00c8af84eb8113 urn:x-nevis:profile:0b00c8af8520c261 urn:x-nevis:profile:0b00c8af80206360 urn:x-nevis:profile:0b00c8af80206404 urn:x-nevis:profile:0b00c8af80206409 urn:x-nevis:profile:0b00c8af802063f0 urn:x-nevis:profile:0b00c8af80206449 urn:x-nevis:profile:0b00c8af80206452 urn:x-nevis:profile:0b00c8af802064ba urn:x-nevis:profile:0b00c8af813c6d14 urn:x-nevis:profile:0b00c8af8020635b urn:x-nevis:profile:0b00c8af80206427 urn:x-nevis:profile:0b00c8af8020644d urn:x-nevis:profile:0b00c8af80206410 urn:x-nevis:profile:0b00c8af8020648e urn:x-nevis:profile:0b00c8af802065b7 urn:x-nevis:profile:0b00c8af802065cf urn:x-nevis:profile:0b00c8af802065a6 urn:x-nevis:profile:0b00c8af802065bd urn:x-nevis:profile:0b00c8af802065ab urn:x-nevis:profile:0b00c8af802065bf urn:x-nevis:profile:0b00c8af802065b3 urn:x-nevis:profile:0b00c8af802065af urn:x-nevis:profile:0b00c8af802065c5 urn:x-nevis:profile:0b00c8af8020c058 urn:x-nevis:profile:0b00c8af80da257b urn:x-nevis:profile:0b00c8af823216e9 urn:x-nevis:profile:0b00c8af82e5d02d urn:x-nevis:profile:0b00c8af839eaa60 urn:x-nevis:profile:0b00c8af83f1a51f urn:x-nevis:profile:0b00c8af8414dfad urn:x-nevis:profile:0b00c8af847139e6 urn:x-nevis:profile:0b00c8af84eb810f urn:x-nevis:profile:0b00c8af80206660 urn:x-nevis:profile:0b00c8af8020665e urn:x-nevis:profile:0b00c8af8020665f urn:x-nevis:profile:0b00c8af80206674 urn:x-nevis:profile:0b00c8af80da257a urn:x-nevis:profile:0b00c8af822b09b7 urn:x-nevis:profile:0b00c8af82e3b020 urn:x-nevis:profile:0b00c8af83b00078 urn:x-nevis:profile:0b00c8af83f2e56a urn:x-nevis:profile:0b00c8af846772f5 urn:x-nevis:profile:0b00c8af84eb8105 urn:x-nevis:profile:0b00c8af8520c3a5 urn:x-nevis:profile:0b00c8af856337af urn:x-nevis:profile:0b00c8af8621e88c urn:x-nevis:profile:0b00c8af863f4c3a urn:x-nevis:profile:0b00c8af86ea35a1 urn:x-nevis:profile:0b00c8af87344a46 urn:x-nevis:profile:0b00c8af86b49077 urn:x-nevis:profile:0b00c8af86ead04a urn:x-nevis:profile:0b00c8af87344e2d urn:x-nevis:profile:0b00c8af85633c05 urn:x-nevis:profile:0b00c8af8633603b urn:x-nevis:profile:0b00c8af86576304 urn:x-nevis:profile:0b00c8af86eb98d1 urn:x-nevis:profile:0b00c8af87344f63 urn:x-nevis:profile:0b00c8af80206373 urn:x-nevis:profile:0b00c8af8020632d urn:x-nevis:profile:0b00c8af802063e9 urn:x-nevis:profile:0b00c8af8020642f urn:x-nevis:profile:0b00c8af80206672 urn:x-nevis:profile:0b00c8af8020666c urn:x-nevis:profile:0b00c8af80206663 urn:x-nevis:profile:0b00c8af8020665a urn:x-nevis:profile:0b00c8af80206664 urn:x-nevis:profile:0b00c8af80206661 urn:x-nevis:profile:0b00c8af80da2572 urn:x-nevis:profile:0b00c8af823216de urn:x-nevis:profile:0b00c8af8259afd3 urn:x-nevis:profile:0b00c8af838b9dc6 urn:x-nevis:profile:0b00c8af83f1dcfd urn:x-nevis:profile:0b00c8af84116a24 urn:x-nevis:profile:0b00c8af8494c645 urn:x-nevis:profile:0b00c8af84eb8104 urn:x-nevis:profile:0b00c8af8520c3a1 urn:x-nevis:profile:0b00c8af856303ec urn:x-nevis:profile:0b00c8af8620f7a0 urn:x-nevis:profile:0b00c8af8656e7d2 urn:x-nevis:profile:0b00c8af83f4b28f urn:x-nevis:profile:0b00c8af8414d8c5 urn:x-nevis:profile:0b00c8af84adce3d urn:x-nevis:profile:0b00c8af84eb810a urn:x-nevis:profile:0b00c8af8520c3a2 urn:x-nevis:profile:0b00c8af85632e61 urn:x-nevis:profile:0b00c8af868ec1a4 urn:x-nevis:profile:0b00c8af8020661b urn:x-nevis:profile:0b00c8af802066e8 urn:x-nevis:profile:0b00c8af86dd9c00 urn:x-nevis:profile:0b00c8af87346035 urn:x-nevis:profile:0b00c8af8795b0b0 urn:x-nevis:profile:0b00c8af86ef2dd3 urn:x-nevis:profile:0b00c8af87346884 urn:x-nevis:profile:0b00c8af8795b0af urn:x-nevis:profile:0b00c8af802065cb urn:x-nevis:profile:0b00c8af802065d7 urn:x-nevis:profile:0b00c8af802065a8 urn:x-nevis:profile:0b00c8af802065c6 urn:x-nevis:profile:0b00c8af802065ad urn:x-nevis:profile:0b00c8af802065e4 urn:x-nevis:profile:0b00c8af802065b8 urn:x-nevis:profile:0b00c8af802065cc urn:x-nevis:profile:0b00c8af802065ca urn:x-nevis:profile:0b00c8af85025cbc urn:x-nevis:profile:0b00c8af8569a64b urn:x-nevis:profile:0b00c8af862296a5 urn:x-nevis:profile:0b00c8af86576caa urn:x-nevis:profile:0b00c8af86eea749 urn:x-nevis:profile:0b00c8af87345825 urn:x-nevis:profile:0b00c8af8795b0ae urn:x-nevis:profile:0b00c8af85025cc4 urn:x-nevis:profile:0b00c8af8569a80c urn:x-nevis:profile:0b00c8af861bd2c7 urn:x-nevis:profile:0b00c8af86576f47 urn:x-nevis:profile:0b00c8af86eead74 urn:x-nevis:profile:0b00c8af87345b76 urn:x-nevis:profile:0b00c8af8795b0ab urn:x-nevis:profile:0b00c8af87a4ed08 urn:x-nevis:profile:0b00c8af87a573de urn:x-nevis:profile:0b00c8af8020c05a urn:x-nevis:profile:0b00c8af80da257d urn:x-nevis:profile:0b00c8af823216ee urn:x-nevis:profile:0b00c8af82e5d352 urn:x-nevis:profile:0b00c8af839eacfa urn:x-nevis:profile:0b00c8af83f1a8d8 urn:x-nevis:profile:0b00c8af8414e27e urn:x-nevis:profile:0b00c8af847139e3 urn:x-nevis:profile:0b00c8af84eb8110 urn:x-nevis:profile:0b00c8af84677309 urn:x-nevis:profile:0b00c8af84eb810c urn:x-nevis:profile:0b00c8af8520c3a6 urn:x-nevis:profile:0b00c8af85633da2 urn:x-nevis:profile:0b00c8af86223698 urn:x-nevis:profile:0b00c8af863ffa7b urn:x-nevis:profile:0b00c8af86ec6047 urn:x-nevis:profile:0b00c8af87344fef urn:x-nevis:profile:0b00c8af87a4ede2 urn:x-nevis:profile:0b00c8af86552501 urn:x-nevis:profile:0b00c8af8657680f urn:x-nevis:profile:0b00c8af86eddbce urn:x-nevis:profile:0b00c8af87345325 urn:x-nevis:profile:0b00c8af8020633b urn:x-nevis:profile:0b00c8af80206343 urn:x-nevis:profile:0b00c8af802063ec urn:x-nevis:profile:0b00c8af8020641f urn:x-nevis:profile:0b00c8af80206670 urn:x-nevis:profile:0b00c8af8020666a urn:x-nevis:profile:0b00c8af80206675 urn:x-nevis:profile:0b00c8af80206676 urn:x-nevis:profile:0b00c8af80206666 urn:x-nevis:profile:0b00c8af80da26dc urn:x-nevis:profile:0b00c8af822b096a urn:x-nevis:profile:0b00c8af82e48186 urn:x-nevis:profile:0b00c8af83affc41 urn:x-nevis:profile:0b00c8af839e8e09 urn:x-nevis:profile:0b00c8af83f23801 urn:x-nevis:profile:0b00c8af84103b76 urn:x-nevis:profile:0b00c8af84adce35 urn:x-nevis:profile:0b00c8af84eb8108 urn:x-nevis:profile:0b00c8af8520c3a3 urn:x-nevis:profile:0b00c8af85632eb6 urn:x-nevis:profile:0b00c8af862154cd urn:x-nevis:profile:0b00c8af8656e95f urn:x-nevis:profile:0b00c8af802065c4 urn:x-nevis:profile:0b00c8af802065f5 urn:x-nevis:profile:0b00c8af802065d6 urn:x-nevis:profile:0b00c8af8020666b urn:x-nevis:profile:0b00c8af8020666d urn:x-nevis:profile:0b00c8af80206662 urn:x-nevis:profile:0b00c8af8020665c urn:x-nevis:profile:0b00c8af80da2577 urn:x-nevis:profile:0b00c8af822b096c urn:x-nevis:profile:0b00c8af82e48550 urn:x-nevis:profile:0b00c8af802065bc urn:x-nevis:profile:0b00c8af80206712 urn:x-nevis:profile:0b00c8af86dd9c01 urn:x-nevis:profile:0b00c8af8734634a urn:x-nevis:profile:0b00c8af8795b0b2 urn:x-nevis:profile:0b00c8af86dd9c02 urn:x-nevis:profile:0b00c8af873465d2 urn:x-nevis:profile:0b00c8af8795b0ad urn:x-nevis:profile:0b00c8af8734696f urn:x-nevis:profile:0b00c8af8795b0aa urn:x-nevis:profile:0b00c8af83f34b0e urn:x-nevis:profile:0b00c8af841040db urn:x-nevis:profile:0b00c8af84ae12aa urn:x-nevis:profile:0b00c8af84eb810d urn:x-nevis:profile:0b00c8af8520c3a7 urn:x-nevis:profile:0b00c8af8569a13e urn:x-nevis:profile:0b00c8af86229467 urn:x-nevis:profile:0b00c8af864b2bae urn:x-nevis:profile:0b00c8af86ee512d urn:x-nevis:profile:0b00c8af87164cbc urn:x-nevis:profile:0b00c8af8795b0ac urn:x-nevis:profile:0b00c8af839e8e0b urn:x-nevis:profile:0b00c8af83f24029 urn:x-nevis:profile:0b00c8af84103a21 urn:x-nevis:profile:0b00c8af84add34d urn:x-nevis:profile:0b00c8af84eb8109 urn:x-nevis:profile:0b00c8af8520c3a4 urn:x-nevis:profile:0b00c8af85633292 urn:x-nevis:profile:0b00c8af8621ada3 urn:x-nevis:profile:0b00c8af8656ed6f urn:x-nevis:profile:0b00c8af80206671 urn:x-nevis:profile:0b00c8af80206669 urn:x-nevis:profile:0b00c8af8117443b urn:x-nevis:profile:0b00c8af822b0968 urn:x-nevis:profile:0b00c8af82e48817 urn:x-nevis:profile:0b00c8af838ba0b2 urn:x-nevis:profile:0b00c8af83f1a29a urn:x-nevis:profile:0b00c8af8414e54b urn:x-nevis:profile:0b00c8af84983e6d urn:x-nevis:profile:0b00c8af84eb8103 urn:x-nevis:profile:0b00c8af851e8289 urn:x-nevis:profile:0b00c8af856303e5 urn:x-nevis:profile:0b00c8af8620fba5 urn:x-nevis:profile:0b00c8af8656e7b9 urn:x-nevis:profile:0b00c8af858c2577 urn:x-nevis:profile:0b00c8af86eeb1e9 urn:x-nevis:profile:0b00c8af87345e76 urn:x-nevis:profile:0b00c8af8795b0b1" title="VCC-283747-1, M6" to="L1"/>
</ref>
</torque>
</ptxt>
</para>
</graphtext>
</grate>
</procstep>
</stepgrp>
<stepgrp boilerplate="false" context="" id="nev19335166n1-nev20632577n41">
<title id="nev19335166n1-0800c8af844a46f6">Removal</title>
<procstep id="nev19335166n1-nev20525817n6">
<grate id="nev19335166n1-nev20632577n39">
<graphic id="nev19335166n1-nev20632577n40">
<href>0900c8af85e02db#@#@#9#.jpeg</href>
</graphic>
</grate>
</procstep>
<procstep id="nev19335166n1-nev20525817n9">
<grate id="nev19335166n1-nev20632577n37">
<graphic id="nev19335166n1-nev20632577n38">
<href>0900c8af85e02dd#@#@#9#.jpeg</href>
</graphic>
</grate>
</procstep>
<procstep id="nev19335166n1-nev20525818n2">
<grate id="nev19335166n1-nev20632577n35">
<graphic id="nev19335166n1-nev20632577n36">
<href>0900c8af85e08d7#@#@#9#.jpeg</href>
</graphic>
</grate>
</procstep>
<procstep id="nev19335166n1-nev20525818n5">
<grate id="nev19335166n1-nev20632577n33">
<graphic id="nev19335166n1-nev20632577n34">
<href>0900c8af85e08ee#@#@#9#.jpeg</href>
</graphic>
<graphtext id="nev19335166n1-nev20632904n1">
<caution id="nev19335166n1-0800c8af851650a8">
<ptxt>Cut carefully t#@#@#43#jury.</ptxt>
</caution>
</graphtext>
</grate>
</procstep>
</stepgrp>
<stepgrp boilerplate="false" context="" id="nev19335166n1-nev20632577n32">
<title id="nev19335166n1-0800c8af84fbdb3d">Accessory insta#@#@#2#ation</title>
<procstep id="nev19335166n1-nev20525819n4">
<grate id="nev19335166n1-nev20632577n30">
<graphic id="nev19335166n1-nev20632577n31">
<href>0900c8af85e0925#@#@#9#.jpeg</href>
</graphic>
<graphtext id="nev19335166n1-nev20632908n1">
<para id="nev19335166n1-nev20632577n28">
<ptxt id="nev19335166n1-nev20632577n29">
<equipment equipmentid="" equipmentname="Expander pliers" id="nev19335166n1-nev20525819n10"/>
</ptxt>
</para>
</graphtext>
</grate>
</procstep>
<procstep id="nev19335166n1-nev20525820n1">
<grate id="nev19335166n1-nev20632577n26">
<graphic id="nev19335166n1-nev20632577n27">
<href>0900c8af85e0927#@#@#9#.jpeg</href>
</graphic>
<graphtext id="nev19335166n1-nev20632915n1">
<para id="nev19335166n1-nev20632577n24">
<ptxt id="nev19335166n1-nev20632577n25">Pull the wiring#@#@#4#ough.</ptxt>
</para>
</graphtext>
</grate>
</procstep>
<procstep id="nev19335166n1-nev20525820n8">
<grate id="nev19335166n1-nev20632577n22">
<graphic id="nev19335166n1-nev20632577n23">
<href>0900c8af85f2263#@#@#9#.jpeg</href>
</graphic>
<graphtext id="nev19335166n1-nev20632919n1">
<para id="nev19335166n1-nev20632577n20">
<ptxt id="nev19335166n1-nev20632577n21">
<material id="nev19335166n1-nev20525821n4" materialid="" materialname="Electrical tape" quantity="0.0"/>
</ptxt>
</para>
<para id="nev19335166n1-nev20632577n18">
<ptxt id="nev19335166n1-nev20632577n19">Wrap tape aroun#@#@#32#eter.</ptxt>
</para>
<para id="nev19335166n1-nev20632577n16">
<ptxt id="nev19335166n1-nev20632577n17">Increase the di#@#@#12#5 mm.</ptxt>
</para>
</graphtext>
</grate>
</procstep>
<procstep id="nev19335166n1-nev20525822n1">
<grate id="nev19335166n1-nev20632577n14">
<graphic id="nev19335166n1-nev20632577n15">
<href>0900c8af85e092f#@#@#9#.jpeg</href>
</graphic>
<graphtext id="nev19335166n1-nev20632926n1">
<para id="nev19335166n1-nev20632577n12">
<ptxt id="nev19335166n1-nev20632577n13">Remove the nut.</ptxt>
</para>
</graphtext>
</grate>
</procstep>
<procstep id="nev19335166n1-nev20525822n8">
<grate id="nev19335166n1-nev20632577n10">
<graphic id="nev19335166n1-nev20632577n11">
<href>0900c8af85e0955#@#@#9#.jpeg</href>
</graphic>
<graphtext id="nev19335166n1-nev20632930n1">
<para id="nev19335166n1-nev20632577n8">
<ptxt id="nev19335166n1-nev20632577n9">
<torque id="nev19335166n1-nev20525823n4">
<ref id="nev19335166n1-nev20525823n5">
<locator href="#nev19335166n1-nev20525823n5" label="L0"/>
<locator href="urn:x-nevis:xref:0800c8af83434449:0000000000000000:0900c8af83434452#include" label="L1"/>
<arc from="L0" href="urn:x-nevis:xref:0800c8af83434449:0900c8af8343444a:0900c8af83434452#include" role="urn:x-nevis:profile:0b00c8af80206803 urn:x-nevis:profile:0b00c8af80206820 urn:x-nevis:profile:0b00c8af8020681c urn:x-nevis:profile:0b00c8af80206836 urn:x-nevis:profile:0b00c8af802067e1 urn:x-nevis:profile:0b00c8af802067d6 urn:x-nevis:profile:0b00c8af802067ef urn:x-nevis:profile:0b00c8af8020683a urn:x-nevis:profile:0b00c8af80206800 urn:x-nevis:profile:0b00c8af80206835 urn:x-nevis:profile:0b00c8af802067f3 urn:x-nevis:profile:0b00c8af802067cc urn:x-nevis:profile:0b00c8af80206805 urn:x-nevis:profile:0b00c8af8020683d urn:x-nevis:profile:0b00c8af80206829 urn:x-nevis:profile:0b00c8af80206840 urn:x-nevis:profile:0b00c8af80206808 urn:x-nevis:profile:0b00c8af80206818 urn:x-nevis:profile:0b00c8af80206831 urn:x-nevis:profile:0b00c8af80206830 urn:x-nevis:profile:0b00c8af802067ed urn:x-nevis:profile:0b00c8af80206824 urn:x-nevis:profile:0b00c8af8020682f urn:x-nevis:profile:0b00c8af80206822 urn:x-nevis:profile:0b00c8af8020682a urn:x-nevis:profile:0b00c8af802067fd urn:x-nevis:profile:0b00c8af80206819 urn:x-nevis:profile:0b00c8af802067cf urn:x-nevis:profile:0b00c8af8020680a urn:x-nevis:profile:0b00c8af802067f0 urn:x-nevis:profile:0b00c8af802067fa urn:x-nevis:profile:0b00c8af8020682d urn:x-nevis:profile:0b00c8af80206827 urn:x-nevis:profile:0b00c8af8020680d urn:x-nevis:profile:0b00c8af802067f7 urn:x-nevis:profile:0b00c8af802067fb urn:x-nevis:profile:0b00c8af8020683c urn:x-nevis:profile:0b00c8af802067d9 urn:x-nevis:profile:0b00c8af8020681a urn:x-nevis:profile:0b00c8af80206839 urn:x-nevis:profile:0b00c8af80206834 urn:x-nevis:profile:0b00c8af802067fc urn:x-nevis:profile:0b00c8af8020681e urn:x-nevis:profile:0b00c8af8020681d urn:x-nevis:profile:0b00c8af8020682b urn:x-nevis:profile:0b00c8af802067ff urn:x-nevis:profile:0b00c8af802067f9 urn:x-nevis:profile:0b00c8af8020683b urn:x-nevis:profile:0b00c8af80206838 urn:x-nevis:profile:0b00c8af802067d1 urn:x-nevis:profile:0b00c8af80206837 urn:x-nevis:profile:0b00c8af802067dd urn:x-nevis:profile:0b00c8af802067f1 urn:x-nevis:profile:0b00c8af80206828 urn:x-nevis:profile:0b00c8af80206801 urn:x-nevis:profile:0b00c8af802067d3 urn:x-nevis:profile:0b00c8af8020680e urn:x-nevis:profile:0b00c8af802067d4 urn:x-nevis:profile:0b00c8af802067f4 urn:x-nevis:profile:0b00c8af802067e5 urn:x-nevis:profile:0b00c8af80206826 urn:x-nevis:profile:0b00c8af80206807 urn:x-nevis:profile:0b00c8af802067f2 urn:x-nevis:profile:0b00c8af80206823 urn:x-nevis:profile:0b00c8af80206825 urn:x-nevis:profile:0b00c8af80206833 urn:x-nevis:profile:0b00c8af80206821 urn:x-nevis:profile:0b00c8af8020683e urn:x-nevis:profile:0b00c8af8020680f urn:x-nevis:profile:0b00c8af8020681f urn:x-nevis:profile:0b00c8af802067eb urn:x-nevis:profile:0b00c8af802067df urn:x-nevis:profile:0b00c8af8020680b urn:x-nevis:profile:0b00c8af80206841 urn:x-nevis:profile:0b00c8af80206816 urn:x-nevis:profile:0b00c8af80206832 urn:x-nevis:profile:0b00c8af802067ea urn:x-nevis:profile:0b00c8af80206817 urn:x-nevis:profile:0b00c8af802067e7 urn:x-nevis:profile:0b00c8af80206814 urn:x-nevis:profile:0b00c8af802067c9 urn:x-nevis:profile:0b00c8af80206810 urn:x-nevis:profile:0b00c8af8020683f urn:x-nevis:profile:0b00c8af8020682c urn:x-nevis:profile:0b00c8af80206815 urn:x-nevis:profile:0b00c8af802067fe urn:x-nevis:profile:0b00c8af802067f8 urn:x-nevis:profile:0b00c8af802067f5 urn:x-nevis:profile:0b00c8af80206811 urn:x-nevis:profile:0b00c8af80206812 urn:x-nevis:profile:0b00c8af802067e9 urn:x-nevis:profile:0b00c8af80206813 urn:x-nevis:profile:0b00c8af80206809 urn:x-nevis:profile:0b00c8af80206318 urn:x-nevis:profile:0b00c8af80206332 urn:x-nevis:profile:0b00c8af80206365 urn:x-nevis:profile:0b00c8af8020631e urn:x-nevis:profile:0b00c8af80206348 urn:x-nevis:profile:0b00c8af80206327 urn:x-nevis:profile:0b00c8af802065b2 urn:x-nevis:profile:0b00c8af8020662b urn:x-nevis:profile:0b00c8af80206643 urn:x-nevis:profile:0b00c8af802065fa urn:x-nevis:profile:0b00c8af8020662c urn:x-nevis:profile:0b00c8af802066de urn:x-nevis:profile:0b00c8af802065d4 urn:x-nevis:profile:0b00c8af80206785 urn:x-nevis:profile:0b00c8af80206634 urn:x-nevis:profile:0b00c8af8020bdc4 urn:x-nevis:profile:0b00c8af802065c8 urn:x-nevis:profile:0b00c8af80206616 urn:x-nevis:profile:0b00c8af802065fb urn:x-nevis:profile:0b00c8af8020661d urn:x-nevis:profile:0b00c8af80206605 urn:x-nevis:profile:0b00c8af802065ec urn:x-nevis:profile:0b00c8af802065ee urn:x-nevis:profile:0b00c8af82febdf9 urn:x-nevis:profile:0b00c8af83aff6b3 urn:x-nevis:profile:0b00c8af83f19e63 urn:x-nevis:profile:0b00c8af841552ad urn:x-nevis:profile:0b00c8af847139c0 urn:x-nevis:profile:0b00c8af84eb8111 urn:x-nevis:profile:0b00c8af8520c39e urn:x-nevis:profile:0b00c8af8512644f urn:x-nevis:profile:0b00c8af85330427 urn:x-nevis:profile:0b00c8af8568d0bf urn:x-nevis:profile:0b00c8af817ac33f urn:x-nevis:profile:0b00c8af82e3ac56 urn:x-nevis:profile:0b00c8af83affa46 urn:x-nevis:profile:0b00c8af83f1ad9d urn:x-nevis:profile:0b00c8af8415509d urn:x-nevis:profile:0b00c8af847139e4 urn:x-nevis:profile:0b00c8af84eb8113 urn:x-nevis:profile:0b00c8af8520c261 urn:x-nevis:profile:0b00c8af80206360 urn:x-nevis:profile:0b00c8af80206404 urn:x-nevis:profile:0b00c8af80206409 urn:x-nevis:profile:0b00c8af802063f0 urn:x-nevis:profile:0b00c8af80206449 urn:x-nevis:profile:0b00c8af80206452 urn:x-nevis:profile:0b00c8af802064ba urn:x-nevis:profile:0b00c8af813c6d14 urn:x-nevis:profile:0b00c8af8020635b urn:x-nevis:profile:0b00c8af80206427 urn:x-nevis:profile:0b00c8af8020644d urn:x-nevis:profile:0b00c8af80206410 urn:x-nevis:profile:0b00c8af8020648e urn:x-nevis:profile:0b00c8af802065b7 urn:x-nevis:profile:0b00c8af802065cf urn:x-nevis:profile:0b00c8af802065a6 urn:x-nevis:profile:0b00c8af802065bd urn:x-nevis:profile:0b00c8af802065ab urn:x-nevis:profile:0b00c8af802065bf urn:x-nevis:profile:0b00c8af802065b3 urn:x-nevis:profile:0b00c8af802065af urn:x-nevis:profile:0b00c8af802065c5 urn:x-nevis:profile:0b00c8af8020c058 urn:x-nevis:profile:0b00c8af80da257b urn:x-nevis:profile:0b00c8af823216e9 urn:x-nevis:profile:0b00c8af82e5d02d urn:x-nevis:profile:0b00c8af839eaa60 urn:x-nevis:profile:0b00c8af83f1a51f urn:x-nevis:profile:0b00c8af8414dfad urn:x-nevis:profile:0b00c8af847139e6 urn:x-nevis:profile:0b00c8af84eb810f urn:x-nevis:profile:0b00c8af80206660 urn:x-nevis:profile:0b00c8af8020665e urn:x-nevis:profile:0b00c8af8020665f urn:x-nevis:profile:0b00c8af80206674 urn:x-nevis:profile:0b00c8af80da257a urn:x-nevis:profile:0b00c8af822b09b7 urn:x-nevis:profile:0b00c8af82e3b020 urn:x-nevis:profile:0b00c8af83b00078 urn:x-nevis:profile:0b00c8af83f2e56a urn:x-nevis:profile:0b00c8af846772f5 urn:x-nevis:profile:0b00c8af84eb8105 urn:x-nevis:profile:0b00c8af8520c3a5 urn:x-nevis:profile:0b00c8af856337af urn:x-nevis:profile:0b00c8af8621e88c urn:x-nevis:profile:0b00c8af863f4c3a urn:x-nevis:profile:0b00c8af86ea35a1 urn:x-nevis:profile:0b00c8af87344a46 urn:x-nevis:profile:0b00c8af86b49077 urn:x-nevis:profile:0b00c8af86ead04a urn:x-nevis:profile:0b00c8af87344e2d urn:x-nevis:profile:0b00c8af85633c05 urn:x-nevis:profile:0b00c8af8633603b urn:x-nevis:profile:0b00c8af86576304 urn:x-nevis:profile:0b00c8af86eb98d1 urn:x-nevis:profile:0b00c8af87344f63 urn:x-nevis:profile:0b00c8af80206373 urn:x-nevis:profile:0b00c8af8020632d urn:x-nevis:profile:0b00c8af802063e9 urn:x-nevis:profile:0b00c8af8020642f urn:x-nevis:profile:0b00c8af80206672 urn:x-nevis:profile:0b00c8af8020666c urn:x-nevis:profile:0b00c8af80206663 urn:x-nevis:profile:0b00c8af8020665a urn:x-nevis:profile:0b00c8af80206664 urn:x-nevis:profile:0b00c8af80206661 urn:x-nevis:profile:0b00c8af80da2572 urn:x-nevis:profile:0b00c8af823216de urn:x-nevis:profile:0b00c8af8259afd3 urn:x-nevis:profile:0b00c8af838b9dc6 urn:x-nevis:profile:0b00c8af83f1dcfd urn:x-nevis:profile:0b00c8af84116a24 urn:x-nevis:profile:0b00c8af8494c645 urn:x-nevis:profile:0b00c8af84eb8104 urn:x-nevis:profile:0b00c8af8520c3a1 urn:x-nevis:profile:0b00c8af856303ec urn:x-nevis:profile:0b00c8af8620f7a0 urn:x-nevis:profile:0b00c8af8656e7d2 urn:x-nevis:profile:0b00c8af83f4b28f urn:x-nevis:profile:0b00c8af8414d8c5 urn:x-nevis:profile:0b00c8af84adce3d urn:x-nevis:profile:0b00c8af84eb810a urn:x-nevis:profile:0b00c8af8520c3a2 urn:x-nevis:profile:0b00c8af85632e61 urn:x-nevis:profile:0b00c8af868ec1a4 urn:x-nevis:profile:0b00c8af8020661b urn:x-nevis:profile:0b00c8af802066e8 urn:x-nevis:profile:0b00c8af86dd9c00 urn:x-nevis:profile:0b00c8af87346035 urn:x-nevis:profile:0b00c8af8795b0b0 urn:x-nevis:profile:0b00c8af86ef2dd3 urn:x-nevis:profile:0b00c8af87346884 urn:x-nevis:profile:0b00c8af8795b0af urn:x-nevis:profile:0b00c8af802065cb urn:x-nevis:profile:0b00c8af802065d7 urn:x-nevis:profile:0b00c8af802065a8 urn:x-nevis:profile:0b00c8af802065c6 urn:x-nevis:profile:0b00c8af802065ad urn:x-nevis:profile:0b00c8af802065e4 urn:x-nevis:profile:0b00c8af802065b8 urn:x-nevis:profile:0b00c8af802065cc urn:x-nevis:profile:0b00c8af802065ca urn:x-nevis:profile:0b00c8af85025cbc urn:x-nevis:profile:0b00c8af8569a64b urn:x-nevis:profile:0b00c8af862296a5 urn:x-nevis:profile:0b00c8af86576caa urn:x-nevis:profile:0b00c8af86eea749 urn:x-nevis:profile:0b00c8af87345825 urn:x-nevis:profile:0b00c8af8795b0ae urn:x-nevis:profile:0b00c8af85025cc4 urn:x-nevis:profile:0b00c8af8569a80c urn:x-nevis:profile:0b00c8af861bd2c7 urn:x-nevis:profile:0b00c8af86576f47 urn:x-nevis:profile:0b00c8af86eead74 urn:x-nevis:profile:0b00c8af87345b76 urn:x-nevis:profile:0b00c8af8795b0ab urn:x-nevis:profile:0b00c8af87a4ed08 urn:x-nevis:profile:0b00c8af87a573de urn:x-nevis:profile:0b00c8af8020c05a urn:x-nevis:profile:0b00c8af80da257d urn:x-nevis:profile:0b00c8af823216ee urn:x-nevis:profile:0b00c8af82e5d352 urn:x-nevis:profile:0b00c8af839eacfa urn:x-nevis:profile:0b00c8af83f1a8d8 urn:x-nevis:profile:0b00c8af8414e27e urn:x-nevis:profile:0b00c8af847139e3 urn:x-nevis:profile:0b00c8af84eb8110 urn:x-nevis:profile:0b00c8af84677309 urn:x-nevis:profile:0b00c8af84eb810c urn:x-nevis:profile:0b00c8af8520c3a6 urn:x-nevis:profile:0b00c8af85633da2 urn:x-nevis:profile:0b00c8af86223698 urn:x-nevis:profile:0b00c8af863ffa7b urn:x-nevis:profile:0b00c8af86ec6047 urn:x-nevis:profile:0b00c8af87344fef urn:x-nevis:profile:0b00c8af87a4ede2 urn:x-nevis:profile:0b00c8af86552501 urn:x-nevis:profile:0b00c8af8657680f urn:x-nevis:profile:0b00c8af86eddbce urn:x-nevis:profile:0b00c8af87345325 urn:x-nevis:profile:0b00c8af8020633b urn:x-nevis:profile:0b00c8af80206343 urn:x-nevis:profile:0b00c8af802063ec urn:x-nevis:profile:0b00c8af8020641f urn:x-nevis:profile:0b00c8af80206670 urn:x-nevis:profile:0b00c8af8020666a urn:x-nevis:profile:0b00c8af80206675 urn:x-nevis:profile:0b00c8af80206676 urn:x-nevis:profile:0b00c8af80206666 urn:x-nevis:profile:0b00c8af80da26dc urn:x-nevis:profile:0b00c8af822b096a urn:x-nevis:profile:0b00c8af82e48186 urn:x-nevis:profile:0b00c8af83affc41 urn:x-nevis:profile:0b00c8af839e8e09 urn:x-nevis:profile:0b00c8af83f23801 urn:x-nevis:profile:0b00c8af84103b76 urn:x-nevis:profile:0b00c8af84adce35 urn:x-nevis:profile:0b00c8af84eb8108 urn:x-nevis:profile:0b00c8af8520c3a3 urn:x-nevis:profile:0b00c8af85632eb6 urn:x-nevis:profile:0b00c8af862154cd urn:x-nevis:profile:0b00c8af8656e95f urn:x-nevis:profile:0b00c8af802065c4 urn:x-nevis:profile:0b00c8af802065f5 urn:x-nevis:profile:0b00c8af802065d6 urn:x-nevis:profile:0b00c8af8020666b urn:x-nevis:profile:0b00c8af8020666d urn:x-nevis:profile:0b00c8af80206662 urn:x-nevis:profile:0b00c8af8020665c urn:x-nevis:profile:0b00c8af80da2577 urn:x-nevis:profile:0b00c8af822b096c urn:x-nevis:profile:0b00c8af82e48550 urn:x-nevis:profile:0b00c8af802065bc urn:x-nevis:profile:0b00c8af80206712 urn:x-nevis:profile:0b00c8af86dd9c01 urn:x-nevis:profile:0b00c8af8734634a urn:x-nevis:profile:0b00c8af8795b0b2 urn:x-nevis:profile:0b00c8af86dd9c02 urn:x-nevis:profile:0b00c8af873465d2 urn:x-nevis:profile:0b00c8af8795b0ad urn:x-nevis:profile:0b00c8af8734696f urn:x-nevis:profile:0b00c8af8795b0aa urn:x-nevis:profile:0b00c8af83f34b0e urn:x-nevis:profile:0b00c8af841040db urn:x-nevis:profile:0b00c8af84ae12aa urn:x-nevis:profile:0b00c8af84eb810d urn:x-nevis:profile:0b00c8af8520c3a7 urn:x-nevis:profile:0b00c8af8569a13e urn:x-nevis:profile:0b00c8af86229467 urn:x-nevis:profile:0b00c8af864b2bae urn:x-nevis:profile:0b00c8af86ee512d urn:x-nevis:profile:0b00c8af87164cbc urn:x-nevis:profile:0b00c8af8795b0ac urn:x-nevis:profile:0b00c8af839e8e0b urn:x-nevis:profile:0b00c8af83f24029 urn:x-nevis:profile:0b00c8af84103a21 urn:x-nevis:profile:0b00c8af84add34d urn:x-nevis:profile:0b00c8af84eb8109 urn:x-nevis:profile:0b00c8af8520c3a4 urn:x-nevis:profile:0b00c8af85633292 urn:x-nevis:profile:0b00c8af8621ada3 urn:x-nevis:profile:0b00c8af8656ed6f urn:x-nevis:profile:0b00c8af80206671 urn:x-nevis:profile:0b00c8af80206669 urn:x-nevis:profile:0b00c8af8117443b urn:x-nevis:profile:0b00c8af822b0968 urn:x-nevis:profile:0b00c8af82e48817 urn:x-nevis:profile:0b00c8af838ba0b2 urn:x-nevis:profile:0b00c8af83f1a29a urn:x-nevis:profile:0b00c8af8414e54b urn:x-nevis:profile:0b00c8af84983e6d urn:x-nevis:profile:0b00c8af84eb8103 urn:x-nevis:profile:0b00c8af851e8289 urn:x-nevis:profile:0b00c8af856303e5 urn:x-nevis:profile:0b00c8af8620fba5 urn:x-nevis:profile:0b00c8af8656e7b9 urn:x-nevis:profile:0b00c8af858c2577 urn:x-nevis:profile:0b00c8af86eeb1e9 urn:x-nevis:profile:0b00c8af87345e76 urn:x-nevis:profile:0b00c8af8795b0b1" title="VCC-283747-1, M6" to="L1"/>
</ref>
</torque>
</ptxt>
</para>
<para id="nev19335166n1-nev20632577n6">
<ptxt id="nev19335166n1-nev20632577n7">Install the nut.</ptxt>
</para>
</graphtext>
</grate>
</procstep>
<procstep id="nev19335166n1-nev20525823n9">
<grate id="nev19335166n1-nev20632577n4">
<graphic id="nev19335166n1-nev20632577n5">
<href>0900c8af85f1c1e#@#@#9#.jpeg</href>
</graphic>
</grate>
</procstep>
<procstep id="nev19335166n1-nev20525824n2">
<grate id="nev19335166n1-nev20632577n2">
<graphic id="nev19335166n1-nev20632577n3">
<href>0900c8af85f1c25#@#@#9#.jpeg</href>
</graphic>
</grate>
</procstep>
<procstep id="nev19335166n1-nev20525824n5">
<grate id="nev19335166n1-nev20632578n100">
<graphic id="nev19335166n1-nev20632577n1">
<href>0900c8af85f227d#@#@#9#.jpeg</href>
</graphic>
<graphtext id="nev19335166n1-nev20632943n1">
<para id="nev19335166n1-nev20632578n98">
<ptxt id="nev19335166n1-nev20632578n99">Clean the surface.</ptxt>
</para>
<para id="nev19335166n1-nev20632578n96">
<ptxt id="nev19335166n1-nev20632578n97">
<material id="nev19335166n1-nev20525825n4" materialid="1161721" materialname="Isopropanol" quantity="0.0"/>
</ptxt>
</para>
</graphtext>
</grate>
</procstep>
<procstep id="nev19335166n1-nev20525825n5">
<grate id="nev19335166n1-nev20632578n94">
<graphic id="nev19335166n1-nev20632578n95">
<href>0900c8af85f2287#@#@#9#.jpeg</href>
</graphic>
</grate>
</procstep>
<procstep id="nev19335166n1-nev20525825n8">
<grate id="nev19335166n1-nev20632578n92">
<graphic id="nev19335166n1-nev20632578n93">
<href>0900c8af85f1c39#@#@#9#.jpeg</href>
</graphic>
</grate>
</procstep>
</stepgrp>
<stepgrp boilerplate="false" context="" id="nev19335166n1-nev20632578n91">
<title id="nev19335166n1-0800c8af844a46f9">Installation</title>
<procstep id="nev19335166n1-nev20525826n4">
<grate id="nev19335166n1-nev20632578n89">
<graphic id="nev19335166n1-nev20632578n90">
<href>0900c8af85e0962#@#@#9#.jpeg</href>
</graphic>
</grate>
</procstep>
<procstep id="nev19335166n1-nev20525826n7">
<grate id="nev19335166n1-nev20632578n87">
<graphic id="nev19335166n1-nev20632578n88">
<href>0900c8af85dffaf#@#@#9#.jpeg</href>
</graphic>
</grate>
</procstep>
<procstep id="nev19335166n1-nev20525826n10">
<grate id="nev19335166n1-nev20632578n85">
<graphic id="nev19335166n1-nev20632578n86">
<href>0900c8af85e096a#@#@#9#.jpeg</href>
</graphic>
</grate>
</procstep>
<procstep id="nev19335166n1-nev20525827n3">
<grate id="nev19335166n1-nev20632578n83">
<graphic id="nev19335166n1-nev20632578n84">
<href>0900c8af85e096a#@#@#9#.jpeg</href>
</graphic>
</grate>
</procstep>
<procstep id="nev19335166n1-nev20525827n6">
<grate id="nev19335166n1-nev20632578n81">
<graphic id="nev19335166n1-nev20632578n82">
<href>0900c8af8620f75#@#@#9#.jpeg</href>
</graphic>
</grate>
</procstep>
<procstep id="nev19335166n1-nev20525827n9">
<grate id="nev19335166n1-nev20632578n79">
<graphic id="nev19335166n1-nev20632578n80">
<href>0900c8af8620fc6#@#@#9#.jpeg</href>
</graphic>
</grate>
</procstep>
<procstep id="nev19335166n1-nev20525828n2">
<grate id="nev19335166n1-nev20632578n77">
<graphic id="nev19335166n1-nev20632578n78">
<href>0900c8af85e096e#@#@#9#.jpeg</href>
</graphic>
</grate>
</procstep>
<procstep id="nev19335166n1-nev20525828n5">
<grate id="nev19335166n1-nev20632578n75">
<graphic id="nev19335166n1-nev20632578n76">
<href>0900c8af85eef42#@#@#9#.jpeg</href>
</graphic>
</grate>
</procstep>
<procstep id="nev19335166n1-nev20525828n8">
<grate id="nev19335166n1-nev20632578n73">
<graphic id="nev19335166n1-nev20632578n74">
<href>0900c8af85eef3b#@#@#9#.jpeg</href>
</graphic>
</grate>
</procstep>
<procstep id="nev19335166n1-nev20525829n5">
<grate id="nev19335166n1-nev20632578n71">
<graphic id="nev19335166n1-nev20632578n72">
<href>0900c8af85eef46#@#@#9#.jpeg</href>
</graphic>
</grate>
</procstep>
</stepgrp>
<stepgrp boilerplate="false" context="" id="nev19335166n1-nev20632578n70">
<title id="nev19335166n1-0800c8af84fbdb3d">Accessory insta#@#@#2#ation</title>
<procstep id="nev19335166n1-nev20525830n5">
<grate id="nev19335166n1-nev20632578n68">
<graphic id="nev19335166n1-nev20632578n69">
<href>0900c8af862040b#@#@#9#.jpeg</href>
</graphic>
</grate>
</procstep>
<procstep id="nev19335166n1-nev20525831n2">
<grate id="nev19335166n1-nev20632578n66">
<graphic id="nev19335166n1-nev20632578n67">
<href>0900c8af85f8885#@#@#9#.jpeg</href>
</graphic>
<graphtext id="nev19335166n1-nev20632989n1">
<para id="nev19335166n1-nev20632578n64">
<ptxt id="nev19335166n1-nev20632578n65">Reinstall the r#@#@#25#rder.</ptxt>
</para>
</graphtext>
</grate>
</procstep>
</stepgrp>
</procedure>
<kitnumbers>
<kitnumber>31408281</kitnumber>
</kitnumbers>
</servinfosub>
</body>
</i2>