<?xml version="1.0" encoding="UTF-8"?><servinfosub IE-ID="en-US0900c8af8053351f" docno="VCC-131014" id="KC01636218" servinfosubId="nev20687291n1-nev20687291n2" servinfosubRes="0900c8af862c3015" servinfosubRes2="urn:x-nevis:fragment:0900c8af8053351f:0900c8af862c3015#nev20687291n2" xml:lang="en-US">
<title>Transmission co#@#@#13#(TCM)</title>
<topic>
<title>Overview</title>
<grate>
<graphic id="nev20687291n1-KC07534829">
<href>0900c8af803f572#@#@#9#.jpeg</href>
</graphic>
<graphtext>
<para>
<ptxt>The transmissio#@#@#96#ECM):</ptxt>
</para>
<list1 enumtype="d" type="unordered">
<item>
<ptxt>Engine air mass#@#@#31#ensor</ptxt>
</item>
<item>
<ptxt>Engine speed (R#@#@#57#nsor </ptxt>
</item>
<item>
<ptxt>The position of#@#@#71#nsor.</ptxt>
</item>
</list1>
<para>
<ptxt>The transmissio#@#@#67#ting.</ptxt>
</para>
</graphtext>
</grate>
</topic>
</servinfosub>