<?xml version="1.0" encoding="UTF-8"?><servinfosub IE-ID="en-US0900c8af856bd107" docno="VCC-370734" id="nev13715547n1" original="sv-SE" servinfosubId="nev13715548n1-nev17406628n1" servinfosubRes="0900c8af856bd17c" servinfosubRes2="urn:x-nevis:fragment:0900c8af856bd107:0900c8af856bd17c#nev17406628n1" xml:lang="en-US">
<operationnumbers>
<operationnumber>46630-2</operationnumber>
</operationnumbers>
<title id="nev13715546n8">Driveshaft left</title>
<toolitemtable id="nev13715548n1-nev17406675n20">
<table id="nev13715548n1-nev17406675n19">
<tgroup cols="2" id="nev13715548n1-nev17406675n18">
<colspec colname="COLSPEC0" colwidth="1.00*" id="nev13715548n1-nev17406675n17"/>
<colspec colname="COLSPEC1" colwidth="1.00*" id="nev13715548n1-nev17406675n16"/>
<thead id="nev13715548n1-nev17406675n15">
<row id="nev13715548n1-nev17406675n14">
<entry id="nev13715548n1-nev17406675n13" nameend="COLSPEC1" namest="COLSPEC0" valign="top">
<ptxt id="nev13715548n1-nev17406675n12">
<emph id="nev13715548n1-nev17406675n11">Special tools</emph>
</ptxt>
</entry>
</row>
</thead>
<tbody id="nev13715548n1-nev17406675n10">
<row id="nev13715548n1-nev17406675n9">
<entry id="nev13715548n1-nev17406675n8">
<graphic id="nev13715548n1-nev17406675n7">
<href>0900c8af800549e#@#@#9#.jpeg</href>
</graphic>
</entry>
<entry id="nev13715548n1-nev17406675n6">
<ptxt id="nev13715548n1-nev17406675n5">
<emph id="nev13715548n1-nev17406675n4">951 2923 Hydrau#@#@#12#inder</emph>
</ptxt>
<ptxt id="nev13715548n1-nev17406675n2">
<emph id="nev13715548n1-nev17406675n1">Tool number:</emph>951 2923</ptxt>
<ptxt id="nev13715548n1-nev17406676n100">
<emph id="nev13715548n1-nev17406676n99">Tool description:</emph>Hydraulic hole #@#@#3#inder</ptxt>
<ptxt id="nev13715548n1-nev17406676n97">
<emph id="nev13715548n1-nev17406676n96">Tool boards:</emph>65</ptxt>
</entry>
</row>
<row id="nev13715548n1-nev17406676n95">
<entry id="nev13715548n1-nev17406676n94">
<graphic id="nev13715548n1-nev17406676n93">
<href>0900c8af836c9b4#@#@#9#.jpeg</href>
</graphic>
</entry>
<entry id="nev13715548n1-nev17406676n92">
<ptxt id="nev13715548n1-nev17406676n91">
<emph id="nev13715548n1-nev17406676n90">999 7251 Press tool</emph>
</ptxt>
<ptxt id="nev13715548n1-nev17406676n88">
<emph id="nev13715548n1-nev17406676n87">Tool number:</emph>999 7251</ptxt>
<ptxt id="nev13715548n1-nev17406676n86">
<emph id="nev13715548n1-nev17406676n85">Tool description:</emph>Press tool</ptxt>
<ptxt id="nev13715548n1-nev17406676n83">
<emph id="nev13715548n1-nev17406676n82">Tool boards:</emph>40</ptxt>
</entry>
</row>
<row id="nev13715548n1-nev17406676n81">
<entry id="nev13715548n1-nev17406676n80">
<graphic id="nev13715548n1-nev17406676n79">
<href>0900c8af823395e#@#@#9#.jpeg</href>
</graphic>
</entry>
<entry id="nev13715548n1-nev17406676n78">
<ptxt id="nev13715548n1-nev17406676n77">
<emph id="nev13715548n1-nev17406676n76">999 7162 Claw</emph>
</ptxt>
<ptxt id="nev13715548n1-nev17406676n74">
<emph id="nev13715548n1-nev17406676n73">Tool number:</emph>999 7162</ptxt>
<ptxt id="nev13715548n1-nev17406676n72">
<emph id="nev13715548n1-nev17406676n71">Tool description:</emph>Claw</ptxt>
<ptxt id="nev13715548n1-nev17406676n69">
<emph id="nev13715548n1-nev17406676n68">Tool boards:</emph>46</ptxt>
</entry>
</row>
</tbody>
</tgroup>
</table>
</toolitemtable>
<procedure id="nev13715548n1-nev17406637n5">
<stepgrp boilerplate="false" context="" id="nev13715548n1-nev17406675n34">
<title id="nev13715548n1-nev17406637n7">Removal</title>
<procstep id="nev13715548n1-nev17406637n8">
<note id="nev13715548n1-nev17406637n10">
<ptxt>Removal steps i#@#@#45#ails.</ptxt>
</note>
</procstep>
<procstep id="nev13715548n1-nev17406638n1">
<warning id="nev13715548n1-nev17406638n3">
<ptxt>Do not use magn#@#@#172#odes.</ptxt>
</warning>
</procstep>
<procstep id="nev13715548n1-nev17406638n4">
<note id="nev13715548n1-nev17406638n6">
<ptxt>Any magnetized #@#@#71#nent.</ptxt>
</note>
</procstep>
<procstep id="nev13715548n1-nev17406638n7">
<para id="nev13715548n1-nev17406675n32">
<ptxt id="nev13715548n1-nev17406675n33">Remove the wheel<xref boilerplate="true" id="nev13715548n1-nev17406639n1">
<ref id="nev13715548n1-nev17406639n2"/>
</xref>
</ptxt>
</para>
</procstep>
<procstep id="nev13715548n1-nev17406639n3">
<para id="nev13715548n1-nev17406675n30">
<ptxt id="nev13715548n1-nev17406675n31">Loosen wheel spindle<xref boilerplate="true" id="nev13715548n1-nev17406639n7">
<ref id="nev13715548n1-nev17406639n8"/>
</xref>
</ptxt>
</para>
</procstep>
<procstep id="nev13715548n1-nev17406639n9">
<grate id="nev13715548n1-nev17406639n10">
<graphic id="nev13715548n1-nev17406640n1">
<href>0900c8af847263b#@#@#9#.jpeg</href>
</graphic>
<graphtext id="nev13715548n1-nev17406695n1">
<para id="nev13715548n1-nev17406675n28">
<ptxt id="nev13715548n1-nev17406675n29">
<torque id="nev13715548n1-nev17406640n5">
<ref id="nev13715548n1-nev17406640n6"/>
</torque>
</ptxt>
</para>
</graphtext>
</grate>
</procstep>
<procstep id="nev13715548n1-nev17406640n7">
<grate id="nev13715548n1-nev17406640n8">
<graphic id="nev13715548n1-nev17406640n9">
<href>0900c8af8345dcb#@#@#9#.jpeg</href>
</graphic>
<graphtext id="nev13715548n1-nev17406702n1">
<para id="nev13715548n1-nev17406675n26">
<ptxt id="nev13715548n1-nev17406675n27">
<toolitem boilerplate="true" id="nev13715548n1-nev17406641n3" imageid="0900c8af800549e6"/>
<toolitem boilerplate="false" id="nev13715548n1-nev17406641n4" imageid="0900c8af836c9b42"/>
</ptxt>
</para>
</graphtext>
</grate>
</procstep>
<procstep id="nev13715548n1-nev17406641n8">
<grate id="nev13715548n1-nev17406641n9">
<graphic id="nev13715548n1-nev17406641n10">
<href>0900c8af83632ae#@#@#9#.jpeg</href>
</graphic>
</grate>
</procstep>
<procstep id="nev13715548n1-nev17406642n1">
<grate id="nev13715548n1-nev17406642n2">
<graphic id="nev13715548n1-nev17406642n3">
<href>0900c8af84622b3#@#@#9#.jpeg</href>
</graphic>
<graphtext id="nev13715548n1-nev17406715n1">
<warning id="nev13715548n1-nev17406642n6">
<ptxt>Be prepared to #@#@#18#luid.</ptxt>
</warning>
<para id="nev13715548n1-nev17406675n24">
<ptxt id="nev13715548n1-nev17406675n25">
<toolitem boilerplate="true" id="nev13715548n1-nev17406642n9" imageid="0900c8af823395e8"/>
</ptxt>
</para>
</graphtext>
</grate>
</procstep>
</stepgrp>
<stepgrp boilerplate="false" context="" id="nev13715548n1-nev17406675n23">
<title id="nev13715548n1-nev17406643n1">Installation</title>
<procstep id="nev13715548n1-nev17406643n2">
<para id="nev13715548n1-nev17406675n21">
<ptxt id="nev13715548n1-nev17406675n22">To install, rev#@#@#22#dure.</ptxt>
</para>
</procstep>
</stepgrp>
</procedure>
</servinfosub>