<?xml version="1.0" encoding="UTF-8"?><servinfosub IE-ID="en-US0900c8af854b0107" docno="VCC-431162" id="nev17139996n1" original="sv-SE" servinfosubId="nev20688984n1-nev20688984n2" servinfosubRes="0900c8af862c3e32" servinfosubRes2="urn:x-nevis:fragment:0900c8af854b0107:0900c8af862c3e32#nev20688984n2" xml:lang="en-US">
<title id="nev17139996n2">Function</title>
<topic id="nev20688984n1-nev17139996n3">
<title id="nev20688984n1-nev17139996n4">Regulating the #@#@#22#fting</title>
<para id="nev20688984n1-nev17139996n5">
<ptxt id="nev20688984n1-nev17139996n6">Gearshifts are #@#@#523#teer.</ptxt>
<ptxt id="nev20688984n1-nev17139996n7">The pressurizat#@#@#219#TCM).</ptxt>
</para>
<para id="nev20688984n1-nev17139996n8">
<ptxt id="nev20688984n1-nev17139996n9">In normal condi#@#@#240#type.</ptxt>
</para>
<table frame="all" id="nev20688984n1-nev17139996n10" pgwide="1">
<title id="nev20688984n1-nev17139997n1">Gearshift patterns</title>
<tgroup cols="7" id="nev20688984n1-nev17139997n2">
<colspec colname="col1" colwidth="34*" id="nev20688984n1-nev17139997n3"/>
<colspec colname="col2" colwidth="11*" id="nev20688984n1-nev17139997n4"/>
<colspec colname="col3" colwidth="11*" id="nev20688984n1-nev17139997n5"/>
<colspec colname="col4" colwidth="11*" id="nev20688984n1-nev17139997n6"/>
<colspec colname="col5" colwidth="11*" id="nev20688984n1-nev17139997n7"/>
<colspec colname="col6" colwidth="11*" id="nev20688984n1-nev17139997n8"/>
<colspec colname="col7" colwidth="11*" id="nev20688984n1-nev17139997n9"/>
<tbody id="nev20688984n1-nev17139997n10">
<row id="nev20688984n1-nev17139998n1">
<entry id="nev20688984n1-nev17139998n2" morerows="1">
<title id="nev20688984n1-nev17139998n3">Gear</title>
</entry>
<entry id="nev20688984n1-nev17139998n4" nameend="col7" namest="col2">
<title id="nev20688984n1-nev17139998n5">Activated solenoid</title>
</entry>
</row>
<row id="nev20688984n1-nev17139998n6">
<entry id="nev20688984n1-nev17139998n7">
<ptxt id="nev20688984n1-nev17139998n8">
<emph id="nev20688984n1-nev17139998n9">S1</emph>
</ptxt>
</entry>
<entry id="nev20688984n1-nev17139998n10">
<ptxt id="nev20688984n1-nev17139999n1">
<emph id="nev20688984n1-nev17139999n2">S2</emph>
</ptxt>
</entry>
<entry id="nev20688984n1-nev17139999n3">
<ptxt id="nev20688984n1-nev17139999n4">
<emph id="nev20688984n1-nev17139999n5">SLC1</emph>
</ptxt>
</entry>
<entry id="nev20688984n1-nev17139999n6">
<ptxt id="nev20688984n1-nev17139999n7">
<emph id="nev20688984n1-nev17139999n8">SLC2</emph>
</ptxt>
</entry>
<entry id="nev20688984n1-nev17139999n9">
<ptxt id="nev20688984n1-nev17139999n10">
<emph id="nev20688984n1-nev17140000n1">SLC3</emph>
</ptxt>
</entry>
<entry id="nev20688984n1-nev17140000n2">
<ptxt id="nev20688984n1-nev17140000n3">
<emph id="nev20688984n1-nev17140000n4">SLB1</emph>
</ptxt>
</entry>
</row>
<row id="nev20688984n1-nev17140000n5">
<entry id="nev20688984n1-nev17140000n6">
<ptxt id="nev20688984n1-nev17140000n7">
<emph id="nev20688984n1-nev17140000n8">P</emph>
</ptxt>
</entry>
<entry id="nev20688984n1-nev17140000n9">
<ptxt id="nev20688984n1-nev17140000n10">ON</ptxt>
</entry>
<entry id="nev20688984n1-nev17140001n1">
<ptxt id="nev20688984n1-nev17140001n2">OFF</ptxt>
</entry>
<entry id="nev20688984n1-nev17140001n3">
<ptxt id="nev20688984n1-nev17140001n4">
<emph etype="ital" id="nev20688984n1-nev17140001n5">OFF</emph>
</ptxt>
</entry>
<entry id="nev20688984n1-nev17140001n6">
<ptxt id="nev20688984n1-nev17140001n7">
<emph etype="ital" id="nev20688984n1-nev17140001n8">ON</emph>
</ptxt>
</entry>
<entry id="nev20688984n1-nev17140001n9">
<ptxt id="nev20688984n1-nev17140001n10">
<emph etype="ital" id="nev20688984n1-nev17140002n1">ON</emph>
</ptxt>
</entry>
<entry id="nev20688984n1-nev17140002n2">
<ptxt id="nev20688984n1-nev17140002n3">
<emph etype="ital" id="nev20688984n1-nev17140002n4">OFF</emph>
</ptxt>
</entry>
</row>
<row id="nev20688984n1-nev17140002n5">
<entry id="nev20688984n1-nev17140002n6">
<ptxt id="nev20688984n1-nev17140002n7">
<emph id="nev20688984n1-nev17140002n8">R (speed up to #@#@#17#km/h)</emph>
</ptxt>
</entry>
<entry id="nev20688984n1-nev17140002n9">
<ptxt id="nev20688984n1-nev17140002n10">ON</ptxt>
</entry>
<entry id="nev20688984n1-nev17140003n1">
<ptxt id="nev20688984n1-nev17140003n2">OFF</ptxt>
</entry>
<entry id="nev20688984n1-nev17140003n3">
<ptxt id="nev20688984n1-nev17140003n4">
<emph etype="ital" id="nev20688984n1-nev17140003n5">OFF</emph>
</ptxt>
</entry>
<entry id="nev20688984n1-nev17140003n6">
<ptxt id="nev20688984n1-nev17140003n7">
<emph etype="ital" id="nev20688984n1-nev17140003n8">ON</emph>
</ptxt>
</entry>
<entry id="nev20688984n1-nev17140003n9">
<ptxt id="nev20688984n1-nev17140003n10">OFF</ptxt>
</entry>
<entry id="nev20688984n1-nev17140004n1">
<ptxt id="nev20688984n1-nev17140004n2">
<emph etype="ital" id="nev20688984n1-nev17140004n3">OFF</emph>
</ptxt>
</entry>
</row>
<row id="nev20688984n1-nev17140004n4">
<entry id="nev20688984n1-nev17140004n5">
<ptxt id="nev20688984n1-nev17140004n6">
<emph id="nev20688984n1-nev17140004n7">R (speed above #@#@#3#km/h)</emph>
</ptxt>
</entry>
<entry id="nev20688984n1-nev17140004n8">
<ptxt id="nev20688984n1-nev17140004n9">ON</ptxt>
</entry>
<entry id="nev20688984n1-nev17140004n10">
<ptxt id="nev20688984n1-nev17140005n1">ON</ptxt>
</entry>
<entry id="nev20688984n1-nev17140005n2">
<ptxt id="nev20688984n1-nev17140005n3">
<emph etype="ital" id="nev20688984n1-nev17140005n4">OFF</emph>
</ptxt>
</entry>
<entry id="nev20688984n1-nev17140005n5">
<ptxt id="nev20688984n1-nev17140005n6">
<emph etype="ital" id="nev20688984n1-nev17140005n7">ON</emph>
</ptxt>
</entry>
<entry id="nev20688984n1-nev17140005n8">
<ptxt id="nev20688984n1-nev17140005n9">
<emph etype="ital" id="nev20688984n1-nev17140005n10">ON</emph>
</ptxt>
</entry>
<entry id="nev20688984n1-nev17140006n1">
<ptxt id="nev20688984n1-nev17140006n2">
<emph etype="ital" id="nev20688984n1-nev17140006n3">OFF</emph>
</ptxt>
</entry>
</row>
<row id="nev20688984n1-nev17140006n4">
<entry id="nev20688984n1-nev17140006n5">
<ptxt id="nev20688984n1-nev17140006n6">
<emph id="nev20688984n1-nev17140006n7">N</emph>
</ptxt>
</entry>
<entry id="nev20688984n1-nev17140006n8">
<ptxt id="nev20688984n1-nev17140006n9">ON</ptxt>
</entry>
<entry id="nev20688984n1-nev17140006n10">
<ptxt id="nev20688984n1-nev17140007n1">OFF</ptxt>
</entry>
<entry id="nev20688984n1-nev17140007n2">
<ptxt id="nev20688984n1-nev17140007n3">
<emph etype="ital" id="nev20688984n1-nev17140007n4">OFF</emph>
</ptxt>
</entry>
<entry id="nev20688984n1-nev17140007n5">
<ptxt id="nev20688984n1-nev17140007n6">
<emph etype="ital" id="nev20688984n1-nev17140007n7">ON</emph>
</ptxt>
</entry>
<entry id="nev20688984n1-nev17140007n8">
<ptxt id="nev20688984n1-nev17140007n9">
<emph etype="ital" id="nev20688984n1-nev17140007n10">ON</emph>
</ptxt>
</entry>
<entry id="nev20688984n1-nev17140008n1">
<ptxt id="nev20688984n1-nev17140008n2">
<emph etype="ital" id="nev20688984n1-nev17140008n3">OFF</emph>
</ptxt>
</entry>
</row>
<row id="nev20688984n1-nev17140008n4">
<entry id="nev20688984n1-nev17140008n5">
<ptxt id="nev20688984n1-nev17140008n6">
<emph id="nev20688984n1-nev17140008n7">1</emph>
</ptxt>
</entry>
<entry id="nev20688984n1-nev17140008n8">
<ptxt id="nev20688984n1-nev17140008n9">ON</ptxt>
</entry>
<entry id="nev20688984n1-nev17140008n10">
<ptxt id="nev20688984n1-nev17140009n1">OFF</ptxt>
</entry>
<entry id="nev20688984n1-nev17140009n2">
<ptxt id="nev20688984n1-nev17140009n3">ON</ptxt>
</entry>
<entry id="nev20688984n1-nev17140009n4">
<ptxt id="nev20688984n1-nev17140009n5">
<emph etype="ital" id="nev20688984n1-nev17140009n6">ON</emph>
</ptxt>
</entry>
<entry id="nev20688984n1-nev17140009n7">
<ptxt id="nev20688984n1-nev17140009n8">
<emph etype="ital" id="nev20688984n1-nev17140009n9">ON</emph>
</ptxt>
</entry>
<entry id="nev20688984n1-nev17140009n10">
<ptxt id="nev20688984n1-nev17140010n1">
<emph etype="ital" id="nev20688984n1-nev17140010n2">OFF</emph>
</ptxt>
</entry>
</row>
<row id="nev20688984n1-nev17140010n3">
<entry id="nev20688984n1-nev17140010n4">
<ptxt id="nev20688984n1-nev17140010n5">
<emph id="nev20688984n1-nev17140010n6">1</emph>
<sup id="nev20688984n1-nev17140010n7">*)</sup>
</ptxt>
</entry>
<entry id="nev20688984n1-nev17140010n8">
<ptxt id="nev20688984n1-nev17140010n9">
<emph etype="ital" id="nev20688984n1-nev17140010n10">OFF</emph>
</ptxt>
</entry>
<entry id="nev20688984n1-nev17140011n1">
<ptxt id="nev20688984n1-nev17140011n2">
<emph etype="ital" id="nev20688984n1-nev17140011n3">ON</emph>
</ptxt>
</entry>
<entry id="nev20688984n1-nev17140011n4">
<ptxt id="nev20688984n1-nev17140011n5">ON</ptxt>
</entry>
<entry id="nev20688984n1-nev17140011n6">
<ptxt id="nev20688984n1-nev17140011n7">
<emph etype="ital" id="nev20688984n1-nev17140011n8">OFF</emph>
</ptxt>
</entry>
<entry id="nev20688984n1-nev17140011n9">
<ptxt id="nev20688984n1-nev17140011n10">
<emph etype="ital" id="nev20688984n1-nev17140012n1">ON</emph>
</ptxt>
</entry>
<entry id="nev20688984n1-nev17140012n2">
<ptxt id="nev20688984n1-nev17140012n3">
<emph etype="ital" id="nev20688984n1-nev17140012n4">OFF</emph>
</ptxt>
</entry>
</row>
<row id="nev20688984n1-nev17140012n5">
<entry id="nev20688984n1-nev17140012n6">
<ptxt id="nev20688984n1-nev17140012n7">
<emph id="nev20688984n1-nev17140012n8">2</emph>
</ptxt>
</entry>
<entry id="nev20688984n1-nev17140012n9">
<ptxt id="nev20688984n1-nev17140012n10">ON</ptxt>
</entry>
<entry id="nev20688984n1-nev17140013n1">
<ptxt id="nev20688984n1-nev17140013n2">OFF</ptxt>
</entry>
<entry id="nev20688984n1-nev17140013n3">
<ptxt id="nev20688984n1-nev17140013n4">ON</ptxt>
</entry>
<entry id="nev20688984n1-nev17140013n5">
<ptxt id="nev20688984n1-nev17140013n6">
<emph etype="ital" id="nev20688984n1-nev17140013n7">ON</emph>
</ptxt>
</entry>
<entry id="nev20688984n1-nev17140013n8">
<ptxt id="nev20688984n1-nev17140013n9">
<emph etype="ital" id="nev20688984n1-nev17140013n10">ON</emph>
</ptxt>
</entry>
<entry id="nev20688984n1-nev17140014n1">
<ptxt id="nev20688984n1-nev17140014n2">ON</ptxt>
</entry>
</row>
<row id="nev20688984n1-nev17140014n3">
<entry id="nev20688984n1-nev17140014n4">
<ptxt id="nev20688984n1-nev17140014n5">
<emph id="nev20688984n1-nev17140014n6">3</emph>
</ptxt>
</entry>
<entry id="nev20688984n1-nev17140014n7">
<ptxt id="nev20688984n1-nev17140014n8">ON</ptxt>
</entry>
<entry id="nev20688984n1-nev17140014n9">
<ptxt id="nev20688984n1-nev17140014n10">OFF</ptxt>
</entry>
<entry id="nev20688984n1-nev17140015n1">
<ptxt id="nev20688984n1-nev17140015n2">ON</ptxt>
</entry>
<entry id="nev20688984n1-nev17140015n3">
<ptxt id="nev20688984n1-nev17140015n4">
<emph etype="ital" id="nev20688984n1-nev17140015n5">ON</emph>
</ptxt>
</entry>
<entry id="nev20688984n1-nev17140015n6">
<ptxt id="nev20688984n1-nev17140015n7">OFF</ptxt>
</entry>
<entry id="nev20688984n1-nev17140015n8">
<ptxt id="nev20688984n1-nev17140015n9">
<emph etype="ital" id="nev20688984n1-nev17140015n10">OFF</emph>
</ptxt>
</entry>
</row>
<row id="nev20688984n1-nev17140016n1">
<entry id="nev20688984n1-nev17140016n2">
<ptxt id="nev20688984n1-nev17140016n3">
<emph id="nev20688984n1-nev17140016n4">4</emph>
</ptxt>
</entry>
<entry id="nev20688984n1-nev17140016n5">
<ptxt id="nev20688984n1-nev17140016n6">ON</ptxt>
</entry>
<entry id="nev20688984n1-nev17140016n7">
<ptxt id="nev20688984n1-nev17140016n8">OFF</ptxt>
</entry>
<entry id="nev20688984n1-nev17140016n9">
<ptxt id="nev20688984n1-nev17140016n10">ON</ptxt>
</entry>
<entry id="nev20688984n1-nev17140017n1">
<ptxt id="nev20688984n1-nev17140017n2">OFF</ptxt>
</entry>
<entry id="nev20688984n1-nev17140017n3">
<ptxt id="nev20688984n1-nev17140017n4">
<emph etype="ital" id="nev20688984n1-nev17140017n5">ON</emph>
</ptxt>
</entry>
<entry id="nev20688984n1-nev17140017n6">
<ptxt id="nev20688984n1-nev17140017n7">
<emph etype="ital" id="nev20688984n1-nev17140017n8">OFF</emph>
</ptxt>
</entry>
</row>
<row id="nev20688984n1-nev17140017n9">
<entry id="nev20688984n1-nev17140017n10">
<ptxt id="nev20688984n1-nev17140018n1">
<emph id="nev20688984n1-nev17140018n2">5</emph>
</ptxt>
</entry>
<entry id="nev20688984n1-nev17140018n3">
<ptxt id="nev20688984n1-nev17140018n4">ON</ptxt>
</entry>
<entry id="nev20688984n1-nev17140018n5">
<ptxt id="nev20688984n1-nev17140018n6">OFF</ptxt>
</entry>
<entry id="nev20688984n1-nev17140018n7">
<ptxt id="nev20688984n1-nev17140018n8">
<emph etype="ital" id="nev20688984n1-nev17140018n9">OFF</emph>
</ptxt>
</entry>
<entry id="nev20688984n1-nev17140018n10">
<ptxt id="nev20688984n1-nev17140019n1">OFF</ptxt>
</entry>
<entry id="nev20688984n1-nev17140019n2">
<ptxt id="nev20688984n1-nev17140019n3">OFF</ptxt>
</entry>
<entry id="nev20688984n1-nev17140019n4">
<ptxt id="nev20688984n1-nev17140019n5">
<emph etype="ital" id="nev20688984n1-nev17140019n6">OFF</emph>
</ptxt>
</entry>
</row>
<row id="nev20688984n1-nev17140019n7">
<entry id="nev20688984n1-nev17140019n8">
<ptxt id="nev20688984n1-nev17140019n9">
<emph id="nev20688984n1-nev17140019n10">6</emph>
</ptxt>
</entry>
<entry id="nev20688984n1-nev17140020n1">
<ptxt id="nev20688984n1-nev17140020n2">ON</ptxt>
</entry>
<entry id="nev20688984n1-nev17140020n3">
<ptxt id="nev20688984n1-nev17140020n4">OFF</ptxt>
</entry>
<entry id="nev20688984n1-nev17140020n5">
<ptxt id="nev20688984n1-nev17140020n6">
<emph etype="ital" id="nev20688984n1-nev17140020n7">OFF</emph>
</ptxt>
</entry>
<entry id="nev20688984n1-nev17140020n8">
<ptxt id="nev20688984n1-nev17140020n9">OFF</ptxt>
</entry>
<entry id="nev20688984n1-nev17140020n10">
<ptxt id="nev20688984n1-nev17140021n1">
<emph etype="ital" id="nev20688984n1-nev17140021n2">ON</emph>
</ptxt>
</entry>
<entry id="nev20688984n1-nev17140021n3">
<ptxt id="nev20688984n1-nev17140021n4">ON</ptxt>
</entry>
</row>
</tbody>
</tgroup>
</table>
<para id="nev20688984n1-nev17140021n5">
<ptxt id="nev20688984n1-nev17140021n6">
<sup id="nev20688984n1-nev17140021n7">*)</sup> with engine braking</ptxt>
</para>
</topic>
<topic id="nev20688984n1-nev17140021n8">
<title id="nev20688984n1-nev17140021n9">Regulating the #@#@#11#ction</title>
<para id="nev20688984n1-nev17140021n10">
<ptxt id="nev20688984n1-nev17140022n1">Regulating the #@#@#680#TCM).</ptxt>
<ptxt id="nev20688984n1-nev17140022n2">Two different l#@#@#64#k-up.</ptxt>
</para>
<para id="nev20688984n1-nev17140022n3">
<ptxt id="nev20688984n1-nev17140022n4">
<emph id="nev20688984n1-nev17140022n5">Locked lock-up</emph>
</ptxt>
<ptxt id="nev20688984n1-nev17140022n6">In normal condi#@#@#82#tion.</ptxt>
<ptxt id="nev20688984n1-nev17140022n7">The function lo#@#@#70#0 °C.</ptxt>
</para>
<para id="nev20688984n1-nev17140022n8">
<ptxt id="nev20688984n1-nev17140022n9">
<emph id="nev20688984n1-nev17140022n10">Slipping lock-up</emph>
</ptxt>
<ptxt id="nev20688984n1-nev17140023n1">This function e#@#@#164#cked.</ptxt>
<ptxt id="nev20688984n1-nev17140023n2">The following c#@#@#55#vate:</ptxt>
</para>
<list1 enumtype="d" id="nev20688984n1-nev17140023n3" type="unordered">
<item id="nev20688984n1-nev17140023n4">
<ptxt id="nev20688984n1-nev17140023n5">gear selector l#@#@#11#r MAN</ptxt>
</item>
<item id="nev20688984n1-nev17140023n6">
<ptxt id="nev20688984n1-nev17140023n7">gear 2, 3, 4, 5 or 6</ptxt>
</item>
<item id="nev20688984n1-nev17140023n8">
<ptxt id="nev20688984n1-nev17140023n9">transmission's #@#@#55#0 rpm</ptxt>
</item>
<item id="nev20688984n1-nev17140023n10">
<ptxt id="nev20688984n1-nev17140024n1">transmission oi#@#@#24#0 °C.</ptxt>
</item>
</list1>
<para id="nev20688984n1-nev17140024n2">
<ptxt id="nev20688984n1-nev17140024n3">Due to the slip#@#@#310#ired.</ptxt>
</para>
</topic>
<topic id="nev20688984n1-nev17140024n4">
<title id="nev20688984n1-nev17140024n5">Gearshift program</title>
<para id="nev20688984n1-nev17140024n6">
<ptxt id="nev20688984n1-nev17140024n7">
<emph id="nev20688984n1-nev17140024n8">Normal program</emph>
</ptxt>
<ptxt id="nev20688984n1-nev17140024n9">When driving at#@#@#228#k-up.</ptxt>
</para>
<list1 enumtype="d" id="nev20688984n1-nev17140024n10" type="unordered">
<title id="nev20688984n1-nev17140025n1">The shifting pr#@#@#66#mple:</title>
<item id="nev20688984n1-nev17140025n2">
<ptxt id="nev20688984n1-nev17140025n3">driving on grad#@#@#9#ailer</ptxt>
</item>
<item id="nev20688984n1-nev17140025n4">
<ptxt id="nev20688984n1-nev17140025n5">driving at high#@#@#5#ation</ptxt>
</item>
<item id="nev20688984n1-nev17140025n6">
<ptxt id="nev20688984n1-nev17140025n7">driving in warm#@#@#3#imate</ptxt>
</item>
<item id="nev20688984n1-nev17140025n8">
<ptxt id="nev20688984n1-nev17140025n9">driving with po#@#@#11#lity.</ptxt>
</item>
</list1>
<para id="nev20688984n1-nev17140025n10">
<ptxt id="nev20688984n1-nev17140026n1"> Also, the tran#@#@#69#ears.</ptxt>
</para>
<para id="nev20688984n1-nev17140026n2">
<ptxt id="nev20688984n1-nev17140026n3">
<emph id="nev20688984n1-nev17140026n4">Driving uphill</emph>
</ptxt>
<ptxt id="nev20688984n1-nev17140026n5">Transmission co#@#@#158# rpm.</ptxt>
</para>
<para id="nev20688984n1-nev17140026n6">
<ptxt id="nev20688984n1-nev17140026n7">
<emph id="nev20688984n1-nev17140026n8">Driving downhill</emph>
</ptxt>
<ptxt id="nev20688984n1-nev17140026n9">Shifting points#@#@#63#ills.</ptxt>
</para>
<para id="nev20688984n1-nev17140026n10">
<ptxt id="nev20688984n1-nev17140027n1">
<emph id="nev20688984n1-nev17140027n2">Sport mode (onl#@#@#21#ions)</emph>
</ptxt>
</para>
<para id="nev20688984n1-nev17140027n3">
<ptxt id="nev20688984n1-nev17140027n4">The sport mode #@#@#39#from <emph id="nev20688984n1-nev17140027n5">D</emph> to the right t#@#@#17#n at <emph id="nev20688984n1-nev17140027n6">+/-</emph>.</ptxt>
<ptxt id="nev20688984n1-nev17140027n7">At the same tim#@#@#63#from <emph id="nev20688984n1-nev17140027n8">D</emph>. Usually a dow#@#@#37#tive.</ptxt>
</para>
<para id="nev20688984n1-nev17140027n9">
<ptxt id="nev20688984n1-nev17140027n10">Driving in <emph id="nev20688984n1-nev17140028n1">S</emph> mode gives a m#@#@#102#g in <emph id="nev20688984n1-nev17140028n2">D</emph> mode. During a#@#@#68#ifts.</ptxt>
<ptxt id="nev20688984n1-nev17140028n3">Shifts to a hig#@#@#145#mode.</ptxt>
</para>
<para id="nev20688984n1-nev17140028n4">
<ptxt id="nev20688984n1-nev17140028n5">The starting po#@#@#117#edal.</ptxt>
</para>
<para id="nev20688984n1-nev17140028n6">
<ptxt id="nev20688984n1-nev17140028n7">The gearbox is #@#@#74#s in <emph id="nev20688984n1-nev17140028n8">manual</emph> mode. The info#@#@#36#from <emph id="nev20688984n1-nev17140028n9">S</emph> to the engaged#@#@#6# 1-6.</ptxt>
</para>
</topic>
<topic id="nev20688984n1-nev17140028n10">
<title id="nev20688984n1-nev17140029n1">Other modes</title>
<para id="nev20688984n1-nev17140029n2">
<ptxt id="nev20688984n1-nev17140029n3">
<emph id="nev20688984n1-nev17140029n4">Adaptation</emph>
</ptxt>
<ptxt id="nev20688984n1-nev17140029n5">The transmissio#@#@#502#life.</ptxt>
<ptxt id="nev20688984n1-nev17140029n6">Complete adapta#@#@#51# met:</ptxt>
</para>
<list1 enumtype="d" id="nev20688984n1-nev17140029n7" type="unordered">
<item id="nev20688984n1-nev17140029n8">
<ptxt id="nev20688984n1-nev17140029n9">the position of#@#@#29#stant</ptxt>
</item>
<item id="nev20688984n1-nev17140029n10">
<ptxt id="nev20688984n1-nev17140030n1">oil temperature#@#@#21#0 °C.</ptxt>
</item>
</list1>
<para id="nev20688984n1-nev17140030n2">
<ptxt id="nev20688984n1-nev17140030n3">
<emph id="nev20688984n1-nev17140030n4">Driving uphill</emph>
</ptxt>
<ptxt id="nev20688984n1-nev17140030n5">The Transmissio#@#@#115#ifts.</ptxt>
</para>
<para id="nev20688984n1-nev17140030n6">
<ptxt id="nev20688984n1-nev17140030n7">
<emph id="nev20688984n1-nev17140030n8">Neutral control#@#@#30#dels)</emph>
</ptxt>
<ptxt id="nev20688984n1-nev17140030n9">This function i#@#@#415#umed.</ptxt>
<ptxt id="nev20688984n1-nev17140030n10">The following c#@#@#63#vate:</ptxt>
</para>
<list1 enumtype="d" id="nev20688984n1-nev17140031n1" type="unordered">
<item id="nev20688984n1-nev17140031n2">
<ptxt id="nev20688984n1-nev17140031n3">gear selector i#@#@#7#ion D</ptxt>
</item>
<item id="nev20688984n1-nev17140031n4">
<ptxt id="nev20688984n1-nev17140031n5">oil temperature#@#@#9#10 °C</ptxt>
</item>
<item id="nev20688984n1-nev17140031n6">
<ptxt id="nev20688984n1-nev17140031n7">accelerator ped#@#@#19#an 3%</ptxt>
</item>
<item id="nev20688984n1-nev17140031n8">
<ptxt id="nev20688984n1-nev17140031n9">brake pedal dep#@#@#1#essed</ptxt>
</item>
<item id="nev20688984n1-nev17140031n10">
<ptxt id="nev20688984n1-nev17140032n1">speed 0 km/h</ptxt>
</item>
<item id="nev20688984n1-nev17140032n2">
<ptxt id="nev20688984n1-nev17140032n3">engine speed (R#@#@#18# RPM.</ptxt>
</item>
</list1>
<para id="nev20688984n1-nev17140032n4">
<ptxt id="nev20688984n1-nev17140032n5">
<emph id="nev20688984n1-nev17140032n6">Alternative dri#@#@#8#grams</emph>
</ptxt>
<ptxt id="nev20688984n1-nev17140032n7">There are drivi#@#@#93#ants.</ptxt>
<ptxt id="nev20688984n1-nev17140032n8">
<emph etype="ital" id="nev20688984n1-nev17140032n9">Kick-down</emph>
</ptxt>
<ptxt id="nev20688984n1-nev17140032n10">When the accele#@#@#204#110%.</ptxt>
<ptxt id="nev20688984n1-nev17140033n1">
<emph etype="ital" id="nev20688984n1-nev17140033n2">Quick step</emph>
</ptxt>
<ptxt id="nev20688984n1-nev17140033n3">Quick step make#@#@#126#tion.</ptxt>
<ptxt id="nev20688984n1-nev17140033n4">
<emph etype="ital" id="nev20688984n1-nev17140033n5">Fast Off</emph>
</ptxt>
<ptxt id="nev20688984n1-nev17140033n6">Fast Off is use#@#@#72#ffic.</ptxt>
<ptxt id="nev20688984n1-nev17140033n7">The function is#@#@#301#sing.</ptxt>
<ptxt id="nev20688984n1-nev17140033n8">
<emph etype="ital" id="nev20688984n1-nev17140033n9">Curve hold</emph>
</ptxt>
<ptxt id="nev20688984n1-nev17140033n10">The function Cu#@#@#122#outs.</ptxt>
<ptxt id="nev20688984n1-nev17140034n1">
<emph etype="ital" id="nev20688984n1-nev17140034n2">Brake shift</emph>
</ptxt>
<ptxt id="nev20688984n1-nev17140034n3">Adjusts shiftin#@#@#101#king.</ptxt>
</para>
</topic>
<topic id="nev20688984n1-nev17140034n4">
<title id="nev20688984n1-nev17140034n5">Gearshifting wi#@#@#8#ronic</title>
<grate id="nev20688984n1-nev17140034n6" pgwide="1">
<graphic id="nev20688984n1-nev17140034n7">
<href>0900c8af832fabc#@#@#10#.jpeg</href>
</graphic>
</grate>
<para id="nev20688984n1-nev17140034n8">
<ptxt id="nev20688984n1-nev17140034n9">When the gear s#@#@#908#tern.</ptxt>
</para>
<para id="nev20688984n1-nev17140034n10">
<ptxt id="nev20688984n1-nev17140035n1">However, in cer#@#@#120#lies:</ptxt>
</para>
<list1 enumtype="d" id="nev20688984n1-nev17140035n2" type="unordered">
<item id="nev20688984n1-nev17140035n3">
<ptxt id="nev20688984n1-nev17140035n4">When stationary#@#@#193#sion.</ptxt>
</item>
<item id="nev20688984n1-nev17140035n5">
<ptxt id="nev20688984n1-nev17140035n6">Automatic downs#@#@#319#ping.</ptxt>
</item>
<item id="nev20688984n1-nev17140035n7">
<ptxt id="nev20688984n1-nev17140035n8">Manual upshifti#@#@#92#+/-).</ptxt>
</item>
<item id="nev20688984n1-nev17140035n9">
<ptxt id="nev20688984n1-nev17140035n10">Downshifting at#@#@#51#nic).</ptxt>
</item>
<item id="nev20688984n1-nev17140036n1">
<ptxt id="nev20688984n1-nev17140036n2">Permitted rpms #@#@#69#down.</ptxt>
</item>
<item id="nev20688984n1-nev17140036n3">
<ptxt id="nev20688984n1-nev17140036n4">If transmission#@#@#191#peed.</ptxt>
</item>
<item id="nev20688984n1-nev17140036n5">
<ptxt id="nev20688984n1-nev17140036n6">Lock-up is poss#@#@#27#nd 6.</ptxt>
</item>
</list1>
<para id="nev20688984n1-nev17140036n7">
<ptxt id="nev20688984n1-nev17140036n8">
<emph id="nev20688984n1-nev17140036n9">Miscellaneous</emph>
</ptxt>
<ptxt id="nev20688984n1-nev17140036n10">In manual gear #@#@#508#cter.</ptxt>
</para>
</topic>
<topic id="nev20688984n1-nev17140037n1">
<title id="nev20688984n1-nev17140037n2">Shift-lock</title>
<grate id="nev20688984n1-nev17140037n3" pgwide="1">
<graphic id="nev20688984n1-nev17140037n4">
<href>0900c8af832fabc#@#@#10#.jpeg</href>
</graphic>
</grate>
<para id="nev20688984n1-nev17140037n5">
<ptxt id="nev20688984n1-nev17140037n6">
<emph id="nev20688984n1-nev17140037n7">Shiftlock</emph>
</ptxt>
<ptxt id="nev20688984n1-nev17140037n8">To prevent the #@#@#388#oid).</ptxt>
</para>
<para id="nev20688984n1-nev17140037n9">
<ptxt id="nev20688984n1-nev17140037n10">
<emph id="nev20688984n1-nev17140038n1">From P position#@#@#20#ition</emph>
</ptxt>
<ptxt id="nev20688984n1-nev17140038n2">In order to shi#@#@#495#mbly.</ptxt>
<ptxt id="nev20688984n1-nev17140038n3">When the gear s#@#@#281#agnet</ptxt>
<ptxt id="nev20688984n1-nev17140038n4">The Hall sensor#@#@#350#noid.</ptxt>
</para>
<para id="nev20688984n1-nev17140038n5">
<ptxt id="nev20688984n1-nev17140038n6">
<emph id="nev20688984n1-nev17140038n7">From N position#@#@#20#ition</emph>
</ptxt>
<ptxt id="nev20688984n1-nev17140038n8">In order to shi#@#@#495#mbly.</ptxt>
<ptxt id="nev20688984n1-nev17140038n9">With the gear s#@#@#322# "0".</ptxt>
</para>
<para id="nev20688984n1-nev17140038n10">
<ptxt id="nev20688984n1-nev17140039n1">
<emph id="nev20688984n1-nev17140039n2">Shiftlock override</emph>
</ptxt>
<ptxt id="nev20688984n1-nev17140039n3">In order to man#@#@#293#ctor.</ptxt>
<ptxt id="nev20688984n1-nev17140039n4">The Transmissio#@#@#188#ault.</ptxt>
</para>
<para id="nev20688984n1-nev17140039n5">
<ptxt id="nev20688984n1-nev17140039n6">
<emph id="nev20688984n1-nev17140039n7">Park / neutral #@#@#18#ction</emph>
</ptxt>
<ptxt id="nev20688984n1-nev17140039n8">The car has a p#@#@#426#or N.</ptxt>
</para>
</topic>
<topic id="nev20688984n1-nev17140039n9">
<title id="nev20688984n1-nev17140039n10">Adaptation data</title>
<para id="nev20688984n1-nev17140040n1">
<ptxt id="nev20688984n1-nev17140040n2">The Transmissio#@#@#94#ated:</ptxt>
</para>
<list1 enumtype="d" id="nev20688984n1-nev17140040n3" type="unordered">
<item id="nev20688984n1-nev17140040n4">
<ptxt id="nev20688984n1-nev17140040n5">Resetting adapt#@#@#87#sion.</ptxt>
</item>
</list1>
<para id="nev20688984n1-nev17140040n6">
<ptxt id="nev20688984n1-nev17140040n7">Resetting adapt#@#@#50#nput.</ptxt>
</para>
</topic>
<topic id="nev20688984n1-nev17140040n8">
<title id="nev20688984n1-nev17140040n9">Gauge for trans#@#@#11# data</title>
<grate id="nev20688984n1-nev17140040n10" pgwide="1">
<graphic id="nev20688984n1-nev17140041n1">
<href>0900c8af80a53bf#@#@#9#.jpeg</href>
</graphic>
</grate>
<para id="nev20688984n1-nev17140041n2">
<ptxt id="nev20688984n1-nev17140041n3">A counter for t#@#@#531#pair.</ptxt>
<ptxt id="nev20688984n1-nev17140041n4">The resetting f#@#@#52#nput.</ptxt>
</para>
</topic>
<topic id="nev20688984n1-nev17140041n5">
<title id="nev20688984n1-nev17140041n6">Emergency mode #@#@#18#fault</title>
<para id="nev20688984n1-nev17140041n7">
<ptxt id="nev20688984n1-nev17140041n8">An emergency pr#@#@#418#ault.</ptxt>
</para>
<list1 enumtype="d" id="nev20688984n1-nev17140041n9" type="unordered">
<item id="nev20688984n1-nev17140041n10">
<ptxt id="nev20688984n1-nev17140042n1">Emergency/limp-#@#@#4# mode</ptxt>
</item>
<item id="nev20688984n1-nev17140042n2">
<ptxt id="nev20688984n1-nev17140042n3">Failsafe action#@#@#14#tion)</ptxt>
</item>
</list1>
<para id="nev20688984n1-nev17140042n4">
<ptxt id="nev20688984n1-nev17140042n5">The failsafe ac#@#@#340#d on.</ptxt>
</para>
<para id="nev20688984n1-nev17140042n6">
<ptxt id="nev20688984n1-nev17140042n7">The warning lam#@#@#240#d on.</ptxt>
</para>
</topic>
</servinfosub>