<?xml version="1.0" encoding="UTF-8"?><servinfosub IE-ID="en-US0900c8af81aa0107" docno="VCC-162405" id="KC07253236" xml:lang="en-US">
<title>
<phrase category="" id="KC09571649" phrase-urn="urn:x-nevis:phrase:0800c8af82720fcc">Signal too high#@#@#25#ssing</phrase>
</title>
<diagnostic j2008use="1" paperuse="1" screenuse="1" type="test">
<testgrp IE-ID="en-US0900c8af81aa0107_KC07253247" id="KC07253247" j2008use="1" paperuse="1" resumable="1" screenuse="1" testgrp-id="node1" x="120" y="80">
<title>
<phrase category="" id="KC09571650" phrase-urn="urn:x-nevis:phrase:0800c8af82720fcd">Checking compon#@#@#10#iring</phrase>
</title>
<node>
<test1>
<test2>
<para>
<ptxt>
<phrase category="" id="KC09571651" phrase-urn="urn:x-nevis:phrase:0800c8af82720fce">Check the signa#@#@#190#ound.</phrase>
</ptxt>
</para>
<para>
<ptxt>
<phrase category="" id="KC09571652" phrase-urn="urn:x-nevis:phrase:0800c8af82720fcf">Check the engin#@#@#100#tion.</phrase>
</ptxt>
</para>
<para>
<ptxt>
<phrase category="" id="KC09571653" phrase-urn="urn:x-nevis:phrase:0800c8af82720fd0">Try a new syste#@#@#55#cing.</phrase>
</ptxt>
</para>
<para>
<ptxt>
<phrase category="" id="KC09571654" phrase-urn="urn:x-nevis:phrase:0800c8af82720fd1">Remedy as necessary.</phrase>
</ptxt>
</para>
<list1 enumtype="d" type="unordered">
<title>
<phrase category="" id="KC09571655" phrase-urn="urn:x-nevis:phrase:0800c8af82720fd2">Other information</phrase>
</title>
<item>
<ptxt>
<phrase category="" id="KC09571656" phrase-urn="urn:x-nevis:phrase:0800c8af82720fd3">
<xref>
<ref id="KC09571657"/>
</xref>
</phrase>
</ptxt>
</item>
<item>
<ptxt>
<phrase category="" id="KC09571658" phrase-urn="urn:x-nevis:phrase:0800c8af82720fd4">
<xref>
<ref id="KC09571659"/>
</xref>
</phrase>
</ptxt>
</item>
<item>
<ptxt>
<phrase category="" id="KC09571660" phrase-urn="urn:x-nevis:phrase:0800c8af82720fd5">For further inf#@#@#55#gram </phrase>
</ptxt>
</item>
<item>
<ptxt>
<phrase category="" id="KC09571661" phrase-urn="urn:x-nevis:phrase:0800c8af82720fd6">
<xref>
<ref id="KC09571662"/>
</xref>
</phrase>
</ptxt>
</item>
</list1>
<grate>
<graphic id="KC09571663">
<href>0900c8af80054da#@#@#9#.jpeg</href>
</graphic>
</grate>
</test2>
</test1>
<question>
Select Continue.
</question>
<resact-grp>
<result button="cont" comp="button" highlight="0"/>
<action j2008use="1" paperuse="1" screenuse="1">
<ptxt>
<xref>
<ref id="KC09571665"/>
</xref>
</ptxt>
</action>
</resact-grp>
</node>
</testgrp>
<testgrp id="KC07253248" j2008use="1" paperuse="1" resumable="1" screenuse="1" testgrp-id="info1" x="320" y="80">
<title>
<phrase category="" id="KC09571666" phrase-urn="urn:x-nevis:phrase:0800c8af82720fd8">Fault-tracing i#@#@#5#ation</phrase>
</title>
<subcalloutnode>
<diagcallout>
<xref>
<ref id="KC09571667"/>
</xref>
</diagcallout>
<rescall-grp>
<result comp="string" highlight="0" op="eq" return="FAULT FOUND"/>
<calloutaction>
<return value="FAULT FOUND"/>
</calloutaction>
</rescall-grp>
<rescall-grp>
<result comp="string" highlight="0" op="eq" return="NEW TRY"/>
<calloutaction>
<ptxt>
<xref>
<ref id="KC09571668"/>
</xref>
</ptxt>
</calloutaction>
</rescall-grp>
</subcalloutnode>
</testgrp>
</diagnostic>
</servinfosub>