<?xml version="1.0" encoding="UTF-8"?><i2 IE-ID="en-US0900c8af854afd00" docno="VCC-431147" id="nev17139412n1" original="sv-SE" xml:lang="en-US">
<frontm id="nev17139414n1-nev17140124n64">
<prolog>
<tpnbr>31339317</tpnbr>
</prolog>
<titlep id="nev17139414n1-nev17140124n63">
<grate id="nev17139414n1-nev17140124n58">
<graphic id="nev17139414n1-nev17140124n57">
<href>0900c8af852452a#@#@#11#.jpeg</href>
</graphic>
</grate>
<title id="nev17139412n2">End pipes, double</title>
</titlep>
<preface id="nev17139414n1-nev17140124n56">
<toolpics id="nev17139414n1-nev17140124n52">
<title id="nev17139414n1-nev17140124n51">Equipment</title>
<i2graphic id="nev17139414n1-nev17140124n50">
<href>0900c8af84fe1a6#@#@#9#.jpeg</href>
</i2graphic>
<i2graphic id="nev17139414n1-nev17140124n49">
<href>0900c8af83ab3a6#@#@#9#.jpeg</href>
</i2graphic>
<i2graphic id="nev17139414n1-nev17140124n48">
<href>0900c8af83557d9#@#@#9#.jpeg</href>
</i2graphic>
</toolpics>
<kitpics id="nev17139414n1-nev17140124n55">
<title id="nev17139414n1-nev17140124n54">Component overview</title>
<i2graphic id="nev17139414n1-nev17140124n53">
<href>0900c8af8524543#@#@#11#.jpeg</href>
</i2graphic>
</kitpics>
</preface>
</frontm>
<body id="nev17139414n1-nev17140124n65">
<servinfosub docno="VCC-431147" id="nev17139414n1-nev17139412n1" original="sv-SE" servinfosubId="nev17139414n1-nev17139412n4" servinfosubRes="0900c8af854b03e5" servinfosubRes2="urn:x-nevis:fragment:0900c8af854afd00:0900c8af854b03e5#nev17139412n4">
<operationnumbers>
<operationnumber>25240</operationnumber>
</operationnumbers>
<procedure id="nev17139414n1-nev17140124n47">
<stepgrp boilerplate="false" context="" id="nev17139414n1-nev17140124n46">
<title id="nev17139414n1-nev17140124n45">Information</title>
<procstep id="nev17139414n1-nev17140103n88">
<list1 enumtype="b" id="nev13396149n248" type="unordered">
<item id="nev13396149n246">
<ptxt id="nev13396149n244">  Read through #@#@#48#tion.</ptxt>
</item>
<item id="nev13396149n240">
<ptxt id="nev13396149n238">Notifications a#@#@#99#tion.</ptxt>
</item>
<item id="nev13396149n236">
<ptxt id="nev13396149n234">Ensure that all#@#@#72#tion.</ptxt>
</item>
<item id="nev13396149n232">
<ptxt id="nev13396149n230">Certain steps i#@#@#114#teps.</ptxt>
</item>
<item id="nev13396149n228">
<ptxt id="nev13396149n226">In the event of#@#@#81#aler.</ptxt>
</item>
</list1>
</procstep>
</stepgrp>
<stepgrp boilerplate="false" context="" id="nev17139414n1-nev17140104n35">
<title id="nev17139414n1-nev17140124n41">Removal</title>
<procstep id="nev17139414n1-nev17140105n78">
<grate id="nev17139414n1-nev17140124n39">
<graphic id="nev17139414n1-nev17140124n40">
<href>0900c8af852456d#@#@#9#.jpeg</href>
</graphic>
</grate>
</procstep>
<procstep id="nev17139414n1-nev17140105n17">
<grate id="nev17139414n1-nev17140124n37">
<graphic id="nev17139414n1-nev17140124n38">
<href>0900c8af8524dc9#@#@#9#.jpeg</href>
</graphic>
</grate>
</procstep>
<procstep id="nev17139414n1-nev17140107n52">
<grate id="nev17139414n1-nev17140124n35">
<graphic id="nev17139414n1-nev17140124n36">
<href>0900c8af852456d#@#@#9#.jpeg</href>
</graphic>
<graphtext id="nev17139414n1-nev17140153n1">
<para id="nev17139414n1-nev17140124n32">
<ptxt id="nev17139414n1-nev17140124n33">
<equipment equipmentid="" equipmentname="Pipe cutter" id="nev17139414n1-nev17140124n34"/>
</ptxt>
</para>
</graphtext>
</grate>
</procstep>
<procstep id="nev17139414n1-nev17140108n83">
<grate id="nev17139414n1-nev17140124n30">
<graphic id="nev17139414n1-nev17140124n31">
<href>0900c8af852456e#@#@#9#.jpeg</href>
</graphic>
</grate>
</procstep>
<procstep id="nev17139414n1-nev17140108n10">
<grate id="nev17139414n1-nev17140124n28">
<graphic id="nev17139414n1-nev17140124n29">
<href>0900c8af852456e#@#@#9#.jpeg</href>
</graphic>
<graphtext id="nev17139414n1-nev17140163n1">
<para id="nev17139414n1-nev17140124n26">
<ptxt id="nev17139414n1-nev17140124n27">Remove the screws.</ptxt>
</para>
</graphtext>
</grate>
</procstep>
<procstep id="nev17139414n1-nev17140109n33">
<grate id="nev17139414n1-nev17140124n24">
<graphic id="nev17139414n1-nev17140124n25">
<href>0900c8af852456e#@#@#9#.jpeg</href>
</graphic>
</grate>
</procstep>
<procstep id="nev17139414n1-nev17140110n52">
<grate id="nev17139414n1-nev17140124n22">
<graphic id="nev17139414n1-nev17140124n23">
<href>0900c8af852456f#@#@#9#.jpeg</href>
</graphic>
</grate>
</procstep>
</stepgrp>
<stepgrp boilerplate="false" context="" id="nev17139414n1-nev17140111n67">
<title id="nev17139414n1-nev17140124n21">Accessory insta#@#@#2#ation</title>
<procstep id="nev17139414n1-nev17140112n80">
<grate id="nev17139414n1-nev17140124n19">
<graphic id="nev17139414n1-nev17140124n20">
<href>0900c8af8524d92#@#@#9#.jpeg</href>
</graphic>
</grate>
</procstep>
<procstep id="nev17139414n1-nev17140113n89">
<grate id="nev17139414n1-nev17140124n17">
<graphic id="nev17139414n1-nev17140124n18">
<href>0900c8af8525292#@#@#9#.jpeg</href>
</graphic>
</grate>
</procstep>
<procstep id="nev17139414n1-nev17140114n94">
<grate id="nev17139414n1-nev17140124n15">
<graphic id="nev17139414n1-nev17140124n16">
<href>0900c8af85257b7#@#@#9#.jpeg</href>
</graphic>
</grate>
</procstep>
<procstep id="nev17139414n1-nev17140115n95">
<grate id="nev17139414n1-nev17140124n13">
<graphic id="nev17139414n1-nev17140124n14">
<href>0900c8af8525320#@#@#9#.jpeg</href>
</graphic>
</grate>
</procstep>
<procstep id="nev17139414n1-nev17140116n92">
<grate id="nev17139414n1-nev17140124n11">
<graphic id="nev17139414n1-nev17140124n12">
<href>0900c8af85252f5#@#@#9#.jpeg</href>
</graphic>
</grate>
</procstep>
<procstep id="nev17139414n1-nev17140117n85">
<grate id="nev17139414n1-nev17140124n9">
<graphic id="nev17139414n1-nev17140124n10">
<href>0900c8af8525345#@#@#9#.jpeg</href>
</graphic>
<graphtext id="nev17139414n1-nev17140188n1">
<para id="nev17139414n1-nev17140124n7">
<ptxt id="nev17139414n1-nev17140124n8">Install the screws.</ptxt>
</para>
<para id="nev17139414n1-nev17140124n3">
<ptxt id="nev17139414n1-nev17140124n5">
<torque id="nev17139414n1-nev17140124n6">
<ref id="nev17139414n1-nev17140124n4">
<locator href="#nev17139414n1-nev17140124n4" label="L0"/>
<locator href="urn:x-nevis:xref:0800c8af83434461:0000000000000000:0900c8af8343446a#include" label="L1"/>
<arc from="L0" href="urn:x-nevis:xref:0800c8af83434461:0900c8af83434462:0900c8af8343446a#include" role="urn:x-nevis:profile:0b00c8af82febdf9 urn:x-nevis:profile:0b00c8af83aff6b3 urn:x-nevis:profile:0b00c8af83f19e63 urn:x-nevis:profile:0b00c8af841552ad urn:x-nevis:profile:0b00c8af847139c0 urn:x-nevis:profile:0b00c8af84eb8111 urn:x-nevis:profile:0b00c8af8520c39e urn:x-nevis:profile:0b00c8af8512644f urn:x-nevis:profile:0b00c8af85330427 urn:x-nevis:profile:0b00c8af8568d0bf urn:x-nevis:profile:0b00c8af817ac33f urn:x-nevis:profile:0b00c8af82e3ac56 urn:x-nevis:profile:0b00c8af83affa46 urn:x-nevis:profile:0b00c8af83f1ad9d urn:x-nevis:profile:0b00c8af8415509d urn:x-nevis:profile:0b00c8af847139e4 urn:x-nevis:profile:0b00c8af84eb8113 urn:x-nevis:profile:0b00c8af8520c261 urn:x-nevis:profile:0b00c8af80206360 urn:x-nevis:profile:0b00c8af80206404 urn:x-nevis:profile:0b00c8af80206409 urn:x-nevis:profile:0b00c8af802063f0 urn:x-nevis:profile:0b00c8af80206449 urn:x-nevis:profile:0b00c8af80206452 urn:x-nevis:profile:0b00c8af802064ba urn:x-nevis:profile:0b00c8af813c6d14 urn:x-nevis:profile:0b00c8af8020635b urn:x-nevis:profile:0b00c8af80206427 urn:x-nevis:profile:0b00c8af8020644d urn:x-nevis:profile:0b00c8af80206410 urn:x-nevis:profile:0b00c8af8020648e urn:x-nevis:profile:0b00c8af8020c058 urn:x-nevis:profile:0b00c8af80da257b urn:x-nevis:profile:0b00c8af823216e9 urn:x-nevis:profile:0b00c8af82e5d02d urn:x-nevis:profile:0b00c8af839eaa60 urn:x-nevis:profile:0b00c8af83f1a51f urn:x-nevis:profile:0b00c8af8414dfad urn:x-nevis:profile:0b00c8af847139e6 urn:x-nevis:profile:0b00c8af84eb810f urn:x-nevis:profile:0b00c8af80206660 urn:x-nevis:profile:0b00c8af8020665e urn:x-nevis:profile:0b00c8af8020665f urn:x-nevis:profile:0b00c8af80206674 urn:x-nevis:profile:0b00c8af80da257a urn:x-nevis:profile:0b00c8af822b09b7 urn:x-nevis:profile:0b00c8af82e3b020 urn:x-nevis:profile:0b00c8af83b00078 urn:x-nevis:profile:0b00c8af83f2e56a urn:x-nevis:profile:0b00c8af846772f5 urn:x-nevis:profile:0b00c8af84eb8105 urn:x-nevis:profile:0b00c8af8520c3a5 urn:x-nevis:profile:0b00c8af856337af urn:x-nevis:profile:0b00c8af8621e88c urn:x-nevis:profile:0b00c8af863f4c3a urn:x-nevis:profile:0b00c8af86b49077 urn:x-nevis:profile:0b00c8af85633c05 urn:x-nevis:profile:0b00c8af8633603b urn:x-nevis:profile:0b00c8af86576304 urn:x-nevis:profile:0b00c8af8020642f urn:x-nevis:profile:0b00c8af80206672 urn:x-nevis:profile:0b00c8af8020666c urn:x-nevis:profile:0b00c8af80206663 urn:x-nevis:profile:0b00c8af8020665a urn:x-nevis:profile:0b00c8af80206664 urn:x-nevis:profile:0b00c8af80206661 urn:x-nevis:profile:0b00c8af80da2572 urn:x-nevis:profile:0b00c8af823216de urn:x-nevis:profile:0b00c8af8259afd3 urn:x-nevis:profile:0b00c8af838b9dc6 urn:x-nevis:profile:0b00c8af83f1dcfd urn:x-nevis:profile:0b00c8af84116a24 urn:x-nevis:profile:0b00c8af8494c645 urn:x-nevis:profile:0b00c8af84eb8104 urn:x-nevis:profile:0b00c8af8520c3a1 urn:x-nevis:profile:0b00c8af856303ec urn:x-nevis:profile:0b00c8af8620f7a0 urn:x-nevis:profile:0b00c8af8656e7d2 urn:x-nevis:profile:0b00c8af854bcc10 urn:x-nevis:profile:0b00c8af83f4b28f urn:x-nevis:profile:0b00c8af8414d8c5 urn:x-nevis:profile:0b00c8af84adce3d urn:x-nevis:profile:0b00c8af84eb810a urn:x-nevis:profile:0b00c8af8520c3a2 urn:x-nevis:profile:0b00c8af85632e61 urn:x-nevis:profile:0b00c8af868ec1a4 urn:x-nevis:profile:0b00c8af85025cbc urn:x-nevis:profile:0b00c8af8569a64b urn:x-nevis:profile:0b00c8af862296a5 urn:x-nevis:profile:0b00c8af86576caa urn:x-nevis:profile:0b00c8af85025cc4 urn:x-nevis:profile:0b00c8af8569a80c urn:x-nevis:profile:0b00c8af861bd2c7 urn:x-nevis:profile:0b00c8af86576f47 urn:x-nevis:profile:0b00c8af8020c05a urn:x-nevis:profile:0b00c8af80da257d urn:x-nevis:profile:0b00c8af823216ee urn:x-nevis:profile:0b00c8af82e5d352 urn:x-nevis:profile:0b00c8af839eacfa urn:x-nevis:profile:0b00c8af83f1a8d8 urn:x-nevis:profile:0b00c8af8414e27e urn:x-nevis:profile:0b00c8af847139e3 urn:x-nevis:profile:0b00c8af84eb8110 urn:x-nevis:profile:0b00c8af84677309 urn:x-nevis:profile:0b00c8af84eb810c urn:x-nevis:profile:0b00c8af8520c3a6 urn:x-nevis:profile:0b00c8af85633da2 urn:x-nevis:profile:0b00c8af86223698 urn:x-nevis:profile:0b00c8af863ffa7b urn:x-nevis:profile:0b00c8af86552501 urn:x-nevis:profile:0b00c8af8657680f urn:x-nevis:profile:0b00c8af80206670 urn:x-nevis:profile:0b00c8af8020666a urn:x-nevis:profile:0b00c8af80206675 urn:x-nevis:profile:0b00c8af80206676 urn:x-nevis:profile:0b00c8af80206666 urn:x-nevis:profile:0b00c8af80da26dc urn:x-nevis:profile:0b00c8af822b096a urn:x-nevis:profile:0b00c8af82e48186 urn:x-nevis:profile:0b00c8af83affc41 urn:x-nevis:profile:0b00c8af839e8e09 urn:x-nevis:profile:0b00c8af83f23801 urn:x-nevis:profile:0b00c8af84103b76 urn:x-nevis:profile:0b00c8af84adce35 urn:x-nevis:profile:0b00c8af84eb8108 urn:x-nevis:profile:0b00c8af8520c3a3 urn:x-nevis:profile:0b00c8af85632eb6 urn:x-nevis:profile:0b00c8af862154cd urn:x-nevis:profile:0b00c8af8656e95f urn:x-nevis:profile:0b00c8af802065d6 urn:x-nevis:profile:0b00c8af8020666b urn:x-nevis:profile:0b00c8af8020666d urn:x-nevis:profile:0b00c8af80206662 urn:x-nevis:profile:0b00c8af8020665c urn:x-nevis:profile:0b00c8af80da2577 urn:x-nevis:profile:0b00c8af822b096c urn:x-nevis:profile:0b00c8af82e48550 urn:x-nevis:profile:0b00c8af83f34b0e urn:x-nevis:profile:0b00c8af841040db urn:x-nevis:profile:0b00c8af84ae12aa urn:x-nevis:profile:0b00c8af84eb810d urn:x-nevis:profile:0b00c8af8520c3a7 urn:x-nevis:profile:0b00c8af8569a13e urn:x-nevis:profile:0b00c8af86229467 urn:x-nevis:profile:0b00c8af864b2bae urn:x-nevis:profile:0b00c8af839e8e0b urn:x-nevis:profile:0b00c8af83f24029 urn:x-nevis:profile:0b00c8af84103a21 urn:x-nevis:profile:0b00c8af84add34d urn:x-nevis:profile:0b00c8af84eb8109 urn:x-nevis:profile:0b00c8af8520c3a4 urn:x-nevis:profile:0b00c8af85633292 urn:x-nevis:profile:0b00c8af8621ada3 urn:x-nevis:profile:0b00c8af8656ed6f urn:x-nevis:profile:0b00c8af80206671 urn:x-nevis:profile:0b00c8af80206669 urn:x-nevis:profile:0b00c8af8117443b urn:x-nevis:profile:0b00c8af822b0968 urn:x-nevis:profile:0b00c8af82e48817 urn:x-nevis:profile:0b00c8af838ba0b2 urn:x-nevis:profile:0b00c8af83f1a29a urn:x-nevis:profile:0b00c8af8414e54b urn:x-nevis:profile:0b00c8af84983e6d urn:x-nevis:profile:0b00c8af84eb8103 urn:x-nevis:profile:0b00c8af851e8289 urn:x-nevis:profile:0b00c8af856303e5 urn:x-nevis:profile:0b00c8af8621020c urn:x-nevis:profile:0b00c8af8656e7bb urn:x-nevis:profile:0b00c8af858c229a urn:x-nevis:profile:0b00c8af858c2577" title="VCC-283749-1, M8" to="L1"/>
</ref>
</torque>
</ptxt>
</para>
</graphtext>
</grate>
</procstep>
<procstep id="nev17139414n1-nev17140118n74">
<grate id="nev17139414n1-nev17140124n1">
<graphic id="nev17139414n1-nev17140124n2">
<href>0900c8af8525302#@#@#9#.jpeg</href>
</graphic>
</grate>
</procstep>
<procstep id="nev17139414n1-nev17140119n59">
<grate id="nev17139414n1-nev17140125n99">
<graphic id="nev17139414n1-nev17140125n100">
<href>0900c8af8525348#@#@#9#.jpeg</href>
</graphic>
<graphtext id="nev17139414n1-nev17140198n1">
<para id="nev17139414n1-nev17140125n95">
<ptxt id="nev17139414n1-nev17140125n97">
<torque id="nev17139414n1-nev17140125n98">
<ref id="nev17139414n1-nev17140125n96">
<locator href="#nev17139414n1-nev17140125n96" label="L0"/>
<locator href="urn:x-nevis:xref:0800c8af8343446d:0000000000000000:0900c8af83434478#include" label="L1"/>
<arc from="L0" href="urn:x-nevis:xref:0800c8af8343446d:0900c8af8343446e:0900c8af83434478#include" role="urn:x-nevis:profile:0b00c8af82febdf9 urn:x-nevis:profile:0b00c8af83aff6b3 urn:x-nevis:profile:0b00c8af83f19e63 urn:x-nevis:profile:0b00c8af841552ad urn:x-nevis:profile:0b00c8af847139c0 urn:x-nevis:profile:0b00c8af84eb8111 urn:x-nevis:profile:0b00c8af8520c39e urn:x-nevis:profile:0b00c8af8512644f urn:x-nevis:profile:0b00c8af85330427 urn:x-nevis:profile:0b00c8af8568d0bf urn:x-nevis:profile:0b00c8af817ac33f urn:x-nevis:profile:0b00c8af82e3ac56 urn:x-nevis:profile:0b00c8af83affa46 urn:x-nevis:profile:0b00c8af83f1ad9d urn:x-nevis:profile:0b00c8af8415509d urn:x-nevis:profile:0b00c8af847139e4 urn:x-nevis:profile:0b00c8af84eb8113 urn:x-nevis:profile:0b00c8af8520c261 urn:x-nevis:profile:0b00c8af80206360 urn:x-nevis:profile:0b00c8af80206404 urn:x-nevis:profile:0b00c8af80206409 urn:x-nevis:profile:0b00c8af802063f0 urn:x-nevis:profile:0b00c8af80206449 urn:x-nevis:profile:0b00c8af80206452 urn:x-nevis:profile:0b00c8af802064ba urn:x-nevis:profile:0b00c8af813c6d14 urn:x-nevis:profile:0b00c8af8020635b urn:x-nevis:profile:0b00c8af80206427 urn:x-nevis:profile:0b00c8af8020644d urn:x-nevis:profile:0b00c8af80206410 urn:x-nevis:profile:0b00c8af8020648e urn:x-nevis:profile:0b00c8af8020c058 urn:x-nevis:profile:0b00c8af80da257b urn:x-nevis:profile:0b00c8af823216e9 urn:x-nevis:profile:0b00c8af82e5d02d urn:x-nevis:profile:0b00c8af839eaa60 urn:x-nevis:profile:0b00c8af83f1a51f urn:x-nevis:profile:0b00c8af8414dfad urn:x-nevis:profile:0b00c8af847139e6 urn:x-nevis:profile:0b00c8af84eb810f urn:x-nevis:profile:0b00c8af80206660 urn:x-nevis:profile:0b00c8af8020665e urn:x-nevis:profile:0b00c8af8020665f urn:x-nevis:profile:0b00c8af80206674 urn:x-nevis:profile:0b00c8af80da257a urn:x-nevis:profile:0b00c8af822b09b7 urn:x-nevis:profile:0b00c8af82e3b020 urn:x-nevis:profile:0b00c8af83b00078 urn:x-nevis:profile:0b00c8af83f2e56a urn:x-nevis:profile:0b00c8af846772f5 urn:x-nevis:profile:0b00c8af84eb8105 urn:x-nevis:profile:0b00c8af8520c3a5 urn:x-nevis:profile:0b00c8af856338e4 urn:x-nevis:profile:0b00c8af856338e9 urn:x-nevis:profile:0b00c8af856338ec urn:x-nevis:profile:0b00c8af856337f0 urn:x-nevis:profile:0b00c8af856337f7 urn:x-nevis:profile:0b00c8af856337f3 urn:x-nevis:profile:0b00c8af860366c0 urn:x-nevis:profile:0b00c8af856338e5 urn:x-nevis:profile:0b00c8af856337f2 urn:x-nevis:profile:0b00c8af85aa7616 urn:x-nevis:profile:0b00c8af856337f5 urn:x-nevis:profile:0b00c8af856337fc urn:x-nevis:profile:0b00c8af85cd7f35 urn:x-nevis:profile:0b00c8af856337f4 urn:x-nevis:profile:0b00c8af856338ee urn:x-nevis:profile:0b00c8af856338e7 urn:x-nevis:profile:0b00c8af856338e6 urn:x-nevis:profile:0b00c8af856338ed urn:x-nevis:profile:0b00c8af856338e8 urn:x-nevis:profile:0b00c8af856338ea urn:x-nevis:profile:0b00c8af8621e8ac urn:x-nevis:profile:0b00c8af8621e8ad urn:x-nevis:profile:0b00c8af8621e8b6 urn:x-nevis:profile:0b00c8af8621e89b urn:x-nevis:profile:0b00c8af8621e893 urn:x-nevis:profile:0b00c8af8621e8f0 urn:x-nevis:profile:0b00c8af8621e891 urn:x-nevis:profile:0b00c8af8621e8a7 urn:x-nevis:profile:0b00c8af8621e895 urn:x-nevis:profile:0b00c8af8621e89c urn:x-nevis:profile:0b00c8af8621e8a8 urn:x-nevis:profile:0b00c8af8621e892 urn:x-nevis:profile:0b00c8af8621e894 urn:x-nevis:profile:0b00c8af863ffa80 urn:x-nevis:profile:0b00c8af8621e8b7 urn:x-nevis:profile:0b00c8af8621e8aa urn:x-nevis:profile:0b00c8af8621e8a9 urn:x-nevis:profile:0b00c8af8621e8b5 urn:x-nevis:profile:0b00c8af8621e8a6 urn:x-nevis:profile:0b00c8af8621e8ae urn:x-nevis:profile:0b00c8af8621e8b8 urn:x-nevis:profile:0b00c8af863f4c87 urn:x-nevis:profile:0b00c8af86aaaac5 urn:x-nevis:profile:0b00c8af863f4c40 urn:x-nevis:profile:0b00c8af863f4c3f urn:x-nevis:profile:0b00c8af863f4c89 urn:x-nevis:profile:0b00c8af863f4cb1 urn:x-nevis:profile:0b00c8af86acf2ad urn:x-nevis:profile:0b00c8af8657611b urn:x-nevis:profile:0b00c8af863f4c43 urn:x-nevis:profile:0b00c8af863f4c41 urn:x-nevis:profile:0b00c8af863f4cb0 urn:x-nevis:profile:0b00c8af86859b58 urn:x-nevis:profile:0b00c8af8694950f urn:x-nevis:profile:0b00c8af863f4c88 urn:x-nevis:profile:0b00c8af863f4c8a urn:x-nevis:profile:0b00c8af863f4cb2 urn:x-nevis:profile:0b00c8af863f4c8b urn:x-nevis:profile:0b00c8af8657628e urn:x-nevis:profile:0b00c8af86949560 urn:x-nevis:profile:0b00c8af86b4907c urn:x-nevis:profile:0b00c8af86b490c2 urn:x-nevis:profile:0b00c8af86b490c3 urn:x-nevis:profile:0b00c8af86b490c1 urn:x-nevis:profile:0b00c8af85633d43 urn:x-nevis:profile:0b00c8af85633d42 urn:x-nevis:profile:0b00c8af8633603e urn:x-nevis:profile:0b00c8af86336043 urn:x-nevis:profile:0b00c8af86576306 urn:x-nevis:profile:0b00c8af86576308 urn:x-nevis:profile:0b00c8af8657638c urn:x-nevis:profile:0b00c8af86576309 urn:x-nevis:profile:0b00c8af86576322 urn:x-nevis:profile:0b00c8af86576307 urn:x-nevis:profile:0b00c8af80206672 urn:x-nevis:profile:0b00c8af8020666c urn:x-nevis:profile:0b00c8af80206663 urn:x-nevis:profile:0b00c8af8020665a urn:x-nevis:profile:0b00c8af80206664 urn:x-nevis:profile:0b00c8af80206661 urn:x-nevis:profile:0b00c8af80da2572 urn:x-nevis:profile:0b00c8af823216de urn:x-nevis:profile:0b00c8af8259afd3 urn:x-nevis:profile:0b00c8af838b9dc6 urn:x-nevis:profile:0b00c8af83f1dcfd urn:x-nevis:profile:0b00c8af84116a24 urn:x-nevis:profile:0b00c8af8494c645 urn:x-nevis:profile:0b00c8af84eb8104 urn:x-nevis:profile:0b00c8af8520c3a1 urn:x-nevis:profile:0b00c8af85632954 urn:x-nevis:profile:0b00c8af85632959 urn:x-nevis:profile:0b00c8af85632944 urn:x-nevis:profile:0b00c8af85632941 urn:x-nevis:profile:0b00c8af860366a1 urn:x-nevis:profile:0b00c8af8563295a urn:x-nevis:profile:0b00c8af85632955 urn:x-nevis:profile:0b00c8af85632957 urn:x-nevis:profile:0b00c8af85cd7ac1 urn:x-nevis:profile:0b00c8af85632943 urn:x-nevis:profile:0b00c8af85632946 urn:x-nevis:profile:0b00c8af85632947 urn:x-nevis:profile:0b00c8af8563295c urn:x-nevis:profile:0b00c8af856329b3 urn:x-nevis:profile:0b00c8af8563295d urn:x-nevis:profile:0b00c8af8563295b urn:x-nevis:profile:0b00c8af85632953 urn:x-nevis:profile:0b00c8af85632958 urn:x-nevis:profile:0b00c8af8620f7d7 urn:x-nevis:profile:0b00c8af8620f7a5 urn:x-nevis:profile:0b00c8af8620f7d5 urn:x-nevis:profile:0b00c8af8620f7a7 urn:x-nevis:profile:0b00c8af8620f7d6 urn:x-nevis:profile:0b00c8af8620f7c9 urn:x-nevis:profile:0b00c8af8620f7c8 urn:x-nevis:profile:0b00c8af8620f7cb urn:x-nevis:profile:0b00c8af8656e7fa urn:x-nevis:profile:0b00c8af8656e80b urn:x-nevis:profile:0b00c8af8656e7f9 urn:x-nevis:profile:0b00c8af8656e7fb urn:x-nevis:profile:0b00c8af854bcc10 urn:x-nevis:profile:0b00c8af83f4b28f urn:x-nevis:profile:0b00c8af8414d8c5 urn:x-nevis:profile:0b00c8af84adce3d urn:x-nevis:profile:0b00c8af84eb810a urn:x-nevis:profile:0b00c8af8520c3a2 urn:x-nevis:profile:0b00c8af85632e61 urn:x-nevis:profile:0b00c8af868ec1a4 urn:x-nevis:profile:0b00c8af85025cbc urn:x-nevis:profile:0b00c8af8569a668 urn:x-nevis:profile:0b00c8af8569a665 urn:x-nevis:profile:0b00c8af85d4bd00 urn:x-nevis:profile:0b00c8af85be5c6a urn:x-nevis:profile:0b00c8af8569a660 urn:x-nevis:profile:0b00c8af8569a663 urn:x-nevis:profile:0b00c8af85cd7fc5 urn:x-nevis:profile:0b00c8af8569a667 urn:x-nevis:profile:0b00c8af8569a664 urn:x-nevis:profile:0b00c8af8569a65f urn:x-nevis:profile:0b00c8af862296d9 urn:x-nevis:profile:0b00c8af862296d5 urn:x-nevis:profile:0b00c8af862296d6 urn:x-nevis:profile:0b00c8af862296d3 urn:x-nevis:profile:0b00c8af862296dc urn:x-nevis:profile:0b00c8af862296db urn:x-nevis:profile:0b00c8af862296d8 urn:x-nevis:profile:0b00c8af862296d7 urn:x-nevis:profile:0b00c8af862296da urn:x-nevis:profile:0b00c8af86576ce4 urn:x-nevis:profile:0b00c8af86576ce1 urn:x-nevis:profile:0b00c8af86576ce5 urn:x-nevis:profile:0b00c8af869495c5 urn:x-nevis:profile:0b00c8af86576ce3 urn:x-nevis:profile:0b00c8af86acf65e urn:x-nevis:profile:0b00c8af86acf65d urn:x-nevis:profile:0b00c8af86576ce2 urn:x-nevis:profile:0b00c8af86576ce6 urn:x-nevis:profile:0b00c8af86576ce0 urn:x-nevis:profile:0b00c8af85025cc4 urn:x-nevis:profile:0b00c8af8569a81f urn:x-nevis:profile:0b00c8af85be5c8b urn:x-nevis:profile:0b00c8af8569a823 urn:x-nevis:profile:0b00c8af8569a81b urn:x-nevis:profile:0b00c8af85cd7fcd urn:x-nevis:profile:0b00c8af8569a81d urn:x-nevis:profile:0b00c8af8569a81c urn:x-nevis:profile:0b00c8af8569a821 urn:x-nevis:profile:0b00c8af861bd2cc urn:x-nevis:profile:0b00c8af861bd321 urn:x-nevis:profile:0b00c8af861bd2cd urn:x-nevis:profile:0b00c8af861bd322 urn:x-nevis:profile:0b00c8af861bd324 urn:x-nevis:profile:0b00c8af861bd2ce urn:x-nevis:profile:0b00c8af861bd2cb urn:x-nevis:profile:0b00c8af861bd325 urn:x-nevis:profile:0b00c8af861bd2d0 urn:x-nevis:profile:0b00c8af865771d5 urn:x-nevis:profile:0b00c8af865771d4 urn:x-nevis:profile:0b00c8af869be8c1 urn:x-nevis:profile:0b00c8af865771d6 urn:x-nevis:profile:0b00c8af865771d2 urn:x-nevis:profile:0b00c8af86acf686 urn:x-nevis:profile:0b00c8af865771d7 urn:x-nevis:profile:0b00c8af865771d3 urn:x-nevis:profile:0b00c8af865771d1 urn:x-nevis:profile:0b00c8af8020c05a urn:x-nevis:profile:0b00c8af80da257d urn:x-nevis:profile:0b00c8af823216ee urn:x-nevis:profile:0b00c8af82e5d352 urn:x-nevis:profile:0b00c8af839eacfa urn:x-nevis:profile:0b00c8af83f1a8d8 urn:x-nevis:profile:0b00c8af8414e27e urn:x-nevis:profile:0b00c8af847139e3 urn:x-nevis:profile:0b00c8af84eb8110 urn:x-nevis:profile:0b00c8af84677309 urn:x-nevis:profile:0b00c8af84eb810c urn:x-nevis:profile:0b00c8af8520c3a6 urn:x-nevis:profile:0b00c8af85633dd4 urn:x-nevis:profile:0b00c8af85633dcd urn:x-nevis:profile:0b00c8af85633dcf urn:x-nevis:profile:0b00c8af85633dc8 urn:x-nevis:profile:0b00c8af860b2e95 urn:x-nevis:profile:0b00c8af8603673b urn:x-nevis:profile:0b00c8af85633dca urn:x-nevis:profile:0b00c8af85633dd3 urn:x-nevis:profile:0b00c8af85aa772b urn:x-nevis:profile:0b00c8af85633dc7 urn:x-nevis:profile:0b00c8af85e59bf1 urn:x-nevis:profile:0b00c8af85633dce urn:x-nevis:profile:0b00c8af85633dd1 urn:x-nevis:profile:0b00c8af85633dc9 urn:x-nevis:profile:0b00c8af85633dc6 urn:x-nevis:profile:0b00c8af85633dd0 urn:x-nevis:profile:0b00c8af85633dd5 urn:x-nevis:profile:0b00c8af85c65ccf urn:x-nevis:profile:0b00c8af85633dcb urn:x-nevis:profile:0b00c8af85aa779a urn:x-nevis:profile:0b00c8af85633dd2 urn:x-nevis:profile:0b00c8af862236d1 urn:x-nevis:profile:0b00c8af862236aa urn:x-nevis:profile:0b00c8af862236ce urn:x-nevis:profile:0b00c8af8622369f urn:x-nevis:profile:0b00c8af863849c0 urn:x-nevis:profile:0b00c8af862236d0 urn:x-nevis:profile:0b00c8af862236d5 urn:x-nevis:profile:0b00c8af862236a0 urn:x-nevis:profile:0b00c8af862236ab urn:x-nevis:profile:0b00c8af8622369e urn:x-nevis:profile:0b00c8af864015ef urn:x-nevis:profile:0b00c8af862236cf urn:x-nevis:profile:0b00c8af862236d6 urn:x-nevis:profile:0b00c8af862236a8 urn:x-nevis:profile:0b00c8af8632725e urn:x-nevis:profile:0b00c8af862236a6 urn:x-nevis:profile:0b00c8af862236d3 urn:x-nevis:profile:0b00c8af862236a9 urn:x-nevis:profile:0b00c8af862236ac urn:x-nevis:profile:0b00c8af862236d2 urn:x-nevis:profile:0b00c8af862236a7 urn:x-nevis:profile:0b00c8af8679fd1b urn:x-nevis:profile:0b00c8af865763d0 urn:x-nevis:profile:0b00c8af86ad49db urn:x-nevis:profile:0b00c8af865764c1 urn:x-nevis:profile:0b00c8af865764e9 urn:x-nevis:profile:0b00c8af865764bc urn:x-nevis:profile:0b00c8af865764bf urn:x-nevis:profile:0b00c8af86acf2da urn:x-nevis:profile:0b00c8af865764bb urn:x-nevis:profile:0b00c8af865764e8 urn:x-nevis:profile:0b00c8af86949951 urn:x-nevis:profile:0b00c8af869499d6 urn:x-nevis:profile:0b00c8af865764c3 urn:x-nevis:profile:0b00c8af865764be urn:x-nevis:profile:0b00c8af865764c0 urn:x-nevis:profile:0b00c8af865763d1 urn:x-nevis:profile:0b00c8af865763d2 urn:x-nevis:profile:0b00c8af865764c2 urn:x-nevis:profile:0b00c8af86ac1efb urn:x-nevis:profile:0b00c8af865764bd urn:x-nevis:profile:0b00c8af86552501 urn:x-nevis:profile:0b00c8af86576afc urn:x-nevis:profile:0b00c8af86576afd urn:x-nevis:profile:0b00c8af86576aff urn:x-nevis:profile:0b00c8af86576afe urn:x-nevis:profile:0b00c8af86576afb urn:x-nevis:profile:0b00c8af80206670 urn:x-nevis:profile:0b00c8af8020666a urn:x-nevis:profile:0b00c8af80206675 urn:x-nevis:profile:0b00c8af80206676 urn:x-nevis:profile:0b00c8af80206666 urn:x-nevis:profile:0b00c8af80da26dc urn:x-nevis:profile:0b00c8af822b096a urn:x-nevis:profile:0b00c8af82e48186 urn:x-nevis:profile:0b00c8af83affc41 urn:x-nevis:profile:0b00c8af839e8e09 urn:x-nevis:profile:0b00c8af83f23801 urn:x-nevis:profile:0b00c8af84103b76 urn:x-nevis:profile:0b00c8af84adce35 urn:x-nevis:profile:0b00c8af84eb8108 urn:x-nevis:profile:0b00c8af8520c3a3 urn:x-nevis:profile:0b00c8af85632ec2 urn:x-nevis:profile:0b00c8af85632ec9 urn:x-nevis:profile:0b00c8af85632ec3 urn:x-nevis:profile:0b00c8af85632ece urn:x-nevis:profile:0b00c8af85632ecd urn:x-nevis:profile:0b00c8af85632ec6 urn:x-nevis:profile:0b00c8af85632eca urn:x-nevis:profile:0b00c8af85632ec4 urn:x-nevis:profile:0b00c8af85632ecb urn:x-nevis:profile:0b00c8af85632ecc urn:x-nevis:profile:0b00c8af85632ec7 urn:x-nevis:profile:0b00c8af85632ec0 urn:x-nevis:profile:0b00c8af85c65d0d urn:x-nevis:profile:0b00c8af85632ec8 urn:x-nevis:profile:0b00c8af85ab3a2b urn:x-nevis:profile:0b00c8af862155a6 urn:x-nevis:profile:0b00c8af862154d1 urn:x-nevis:profile:0b00c8af862155a4 urn:x-nevis:profile:0b00c8af862155a3 urn:x-nevis:profile:0b00c8af862154d5 urn:x-nevis:profile:0b00c8af862154d4 urn:x-nevis:profile:0b00c8af862155a2 urn:x-nevis:profile:0b00c8af862155a1 urn:x-nevis:profile:0b00c8af862155a0 urn:x-nevis:profile:0b00c8af8621559f urn:x-nevis:profile:0b00c8af862155a5 urn:x-nevis:profile:0b00c8af862154d2 urn:x-nevis:profile:0b00c8af862154d6 urn:x-nevis:profile:0b00c8af8656ea5c urn:x-nevis:profile:0b00c8af8656ea5f urn:x-nevis:profile:0b00c8af8656ea5d urn:x-nevis:profile:0b00c8af8656ea5b urn:x-nevis:profile:0b00c8af8656ea5e urn:x-nevis:profile:0b00c8af8656ea60 urn:x-nevis:profile:0b00c8af8020666b urn:x-nevis:profile:0b00c8af8020666d urn:x-nevis:profile:0b00c8af80206662 urn:x-nevis:profile:0b00c8af8020665c urn:x-nevis:profile:0b00c8af80da2577 urn:x-nevis:profile:0b00c8af822b096c urn:x-nevis:profile:0b00c8af82e48550 urn:x-nevis:profile:0b00c8af83f34b0e urn:x-nevis:profile:0b00c8af841040db urn:x-nevis:profile:0b00c8af84ae12aa urn:x-nevis:profile:0b00c8af84eb810d urn:x-nevis:profile:0b00c8af8520c3a7 urn:x-nevis:profile:0b00c8af8569a14f urn:x-nevis:profile:0b00c8af8569a15e urn:x-nevis:profile:0b00c8af8569a150 urn:x-nevis:profile:0b00c8af86036699 urn:x-nevis:profile:0b00c8af8569a170 urn:x-nevis:profile:0b00c8af8569a15c urn:x-nevis:profile:0b00c8af8569a15b urn:x-nevis:profile:0b00c8af8569a151 urn:x-nevis:profile:0b00c8af8569a15d urn:x-nevis:profile:0b00c8af8569a16f urn:x-nevis:profile:0b00c8af8569a16d urn:x-nevis:profile:0b00c8af8569a174 urn:x-nevis:profile:0b00c8af8569a16e urn:x-nevis:profile:0b00c8af85c65ce7 urn:x-nevis:profile:0b00c8af8569a171 urn:x-nevis:profile:0b00c8af8569a172 urn:x-nevis:profile:0b00c8af8622949f urn:x-nevis:profile:0b00c8af862294ba urn:x-nevis:profile:0b00c8af864e83c7 urn:x-nevis:profile:0b00c8af8622949e urn:x-nevis:profile:0b00c8af862294b3 urn:x-nevis:profile:0b00c8af8622946f urn:x-nevis:profile:0b00c8af865526d7 urn:x-nevis:profile:0b00c8af8622946e urn:x-nevis:profile:0b00c8af862294ad urn:x-nevis:profile:0b00c8af862294ac urn:x-nevis:profile:0b00c8af862294b2 urn:x-nevis:profile:0b00c8af862294b1 urn:x-nevis:profile:0b00c8af862294ae urn:x-nevis:profile:0b00c8af862294af urn:x-nevis:profile:0b00c8af862294b0 urn:x-nevis:profile:0b00c8af862294ab urn:x-nevis:profile:0b00c8af864b2bb4 urn:x-nevis:profile:0b00c8af864b2bb6 urn:x-nevis:profile:0b00c8af864b2bcf urn:x-nevis:profile:0b00c8af864b2bcd urn:x-nevis:profile:0b00c8af864b2bb5 urn:x-nevis:profile:0b00c8af864b2bd1 urn:x-nevis:profile:0b00c8af864b2bb3 urn:x-nevis:profile:0b00c8af864b2c34 urn:x-nevis:profile:0b00c8af8696e7bd urn:x-nevis:profile:0b00c8af864b2bce urn:x-nevis:profile:0b00c8af864b2bcb urn:x-nevis:profile:0b00c8af864b2bcc urn:x-nevis:profile:0b00c8af864b2c33 urn:x-nevis:profile:0b00c8af866f06a2 urn:x-nevis:profile:0b00c8af864b2bd0 urn:x-nevis:profile:0b00c8af839e8e0b urn:x-nevis:profile:0b00c8af83f24029 urn:x-nevis:profile:0b00c8af84103a21 urn:x-nevis:profile:0b00c8af84add34d urn:x-nevis:profile:0b00c8af84eb8109 urn:x-nevis:profile:0b00c8af8520c3a4 urn:x-nevis:profile:0b00c8af856332a3 urn:x-nevis:profile:0b00c8af856332a1 urn:x-nevis:profile:0b00c8af856332a4 urn:x-nevis:profile:0b00c8af856332a2 urn:x-nevis:profile:0b00c8af856332b5 urn:x-nevis:profile:0b00c8af856332b8 urn:x-nevis:profile:0b00c8af856332b4 urn:x-nevis:profile:0b00c8af85c65d3e urn:x-nevis:profile:0b00c8af856332b7 urn:x-nevis:profile:0b00c8af856332b6 urn:x-nevis:profile:0b00c8af8621adab urn:x-nevis:profile:0b00c8af8621ada8 urn:x-nevis:profile:0b00c8af8621adaa urn:x-nevis:profile:0b00c8af8621ada9 urn:x-nevis:profile:0b00c8af8621adb5 urn:x-nevis:profile:0b00c8af8621adb8 urn:x-nevis:profile:0b00c8af8621adba urn:x-nevis:profile:0b00c8af8621adb9 urn:x-nevis:profile:0b00c8af8621adb7 urn:x-nevis:profile:0b00c8af8621adb6 urn:x-nevis:profile:0b00c8af8656ef19 urn:x-nevis:profile:0b00c8af8656ef1a urn:x-nevis:profile:0b00c8af868c6501 urn:x-nevis:profile:0b00c8af8656ef1f urn:x-nevis:profile:0b00c8af8656ef1d urn:x-nevis:profile:0b00c8af8656ef20 urn:x-nevis:profile:0b00c8af8656ef1e urn:x-nevis:profile:0b00c8af80206671 urn:x-nevis:profile:0b00c8af80206669 urn:x-nevis:profile:0b00c8af8117443b urn:x-nevis:profile:0b00c8af822b0968 urn:x-nevis:profile:0b00c8af82e48817 urn:x-nevis:profile:0b00c8af838ba0b2 urn:x-nevis:profile:0b00c8af83f1a29a urn:x-nevis:profile:0b00c8af8414e54b urn:x-nevis:profile:0b00c8af84983e6d urn:x-nevis:profile:0b00c8af84eb8103 urn:x-nevis:profile:0b00c8af851e8289 urn:x-nevis:profile:0b00c8af856303e5 urn:x-nevis:profile:0b00c8af8620fba5 urn:x-nevis:profile:0b00c8af8656e7b9 urn:x-nevis:profile:0b00c8af858c2577" title="VCC-283750-1, M10" to="L1"/>
</ref>
</torque>
</ptxt>
</para>
</graphtext>
</grate>
</procstep>
</stepgrp>
</procedure>
<kitnumbers>
<kitnumber>31339337</kitnumber>
</kitnumbers>
</servinfosub>
</body>
</i2>