<?xml version="1.0" encoding="UTF-8"?><servinfosub IE-ID="en-US0900c8af80cd9d00" docno="VCC-153998" id="KC02714062" xml:lang="en-US">
<title>
<phrase category="" id="KC09477484" phrase-urn="urn:x-nevis:phrase:0800c8af8270db25">Checking the vo#@#@#18#minal</phrase>
</title>
<diagnostic j2008use="1" paperuse="1" screenuse="1" type="test">
<testgrp IE-ID="en-US0900c8af80cd9d00_KC02779088" id="KC02779088" j2008use="1" paperuse="1" resumable="1" screenuse="1" testgrp-id="node1" x="120" y="80">
<title>
<phrase category="" id="KC09477485" phrase-urn="urn:x-nevis:phrase:0800c8af8270db26">Checking the po#@#@#26#inals</phrase>
</title>
<node>
<test1>
<test2>
<para>
<title>
<phrase category="" id="KC09477486" phrase-urn="urn:x-nevis:phrase:0800c8af8270db27">Power supply </phrase>
</title>
<ptxt>
<phrase category="" id="KC09477487" phrase-urn="urn:x-nevis:phrase:0800c8af8270db28"> The power seat#@#@#60#dule.</phrase>
</ptxt>
</para>
<para>
<ptxt>
<phrase category="" id="KC09477488" phrase-urn="urn:x-nevis:phrase:0800c8af8270db29">Power input ter#@#@#136#cuit.</phrase>
</ptxt>
</para>
<para>
<title>
<phrase category="" id="KC09477489" phrase-urn="urn:x-nevis:phrase:0800c8af8270db2a">Checking the po#@#@#5#upply</phrase>
</title>
<ptxt>
<phrase category="" id="KC09477490" phrase-urn="urn:x-nevis:phrase:0800c8af8270db2b">Check the power#@#@#349# on. </phrase>
</ptxt>
</para>
<para>
<title>
<phrase category="" id="KC09477491" phrase-urn="urn:x-nevis:phrase:0800c8af8270db23">Ground terminal#@#@#20#(PSM)</phrase>
</title>
<ptxt>
<phrase category="" id="KC09477492" phrase-urn="urn:x-nevis:phrase:0800c8af8270db24">The control mod#@#@#231#ork. </phrase>
</ptxt>
</para>
<list1 enumtype="n" type="unordered">
<item>
<ptxt>
<phrase category="" id="KC09477493" phrase-urn="urn:x-nevis:phrase:0800c8af8270db18">Ground input te#@#@#78#body.</phrase>
</ptxt>
</item>
</list1>
<para>
<title>
<phrase category="" id="KC09477494" phrase-urn="urn:x-nevis:phrase:0800c8af8270db19">Checking the gr#@#@#8#minal</phrase>
</title>
<ptxt>
<phrase category="" id="KC09477495" phrase-urn="urn:x-nevis:phrase:0800c8af8270db1a">Check the groun#@#@#320#.5 V.</phrase>
</ptxt>
</para>
<para>
<ptxt>
<phrase category="" id="KC09477496" phrase-urn="urn:x-nevis:phrase:0800c8af8270db1b">Remedy as necessary.</phrase>
</ptxt>
</para>
<list1 enumtype="d" type="unordered">
<title>
<phrase category="" id="KC09477497" phrase-urn="urn:x-nevis:phrase:0800c8af8270db1c">Other information:</phrase>
</title>
<item>
<ptxt>
<phrase category="" id="KC09477498" phrase-urn="urn:x-nevis:phrase:0800c8af8270db1d">
<xref>
<ref id="KC09477499"/>
</xref>
</phrase>
</ptxt>
</item>
<item>
<ptxt>
<phrase category="" id="KC09477500" phrase-urn="urn:x-nevis:phrase:0800c8af8270db1e">
<xref>
<ref id="KC09477501"/>
</xref>
</phrase>
</ptxt>
</item>
<item>
<ptxt>
<phrase category="" id="KC09477502" phrase-urn="urn:x-nevis:phrase:0800c8af8270db1f">
<xref>
<ref id="KC09477503"/>
</xref>
</phrase>
</ptxt>
</item>
<item>
<ptxt>
<phrase category="" id="KC09477504" phrase-urn="urn:x-nevis:phrase:0800c8af8270db20">See the relevan#@#@#79#work.</phrase>
</ptxt>
</item>
</list1>
<diaglist>
<dgraphic>
<dgraphic2>
<graphic id="KC09477505">
<href>0900c8af80054d4#@#@#9#.jpeg</href>
</graphic>
<smarttool active="press" id="KC09477506" toolname="VDCD40H"/>
</dgraphic2>
</dgraphic>
<ditem>
<ditemtext>
<ptxt>
<phrase category="" id="KC09477507" phrase-urn="urn:x-nevis:phrase:0800c8af8270db21"/>
</ptxt>
</ditemtext>
</ditem>
</diaglist>
</test2>
</test1>
<question>
Select Continue.
</question>
<resact-grp>
<result button="cont" comp="button" highlight="0"/>
<action j2008use="1" paperuse="1" screenuse="1">
<return value="DONE"/>
</action>
</resact-grp>
</node>
</testgrp>
</diagnostic>
</servinfosub>