<?xml version="1.0" encoding="UTF-8"?><servinfosub IE-ID="en-US0900c8af800de41d" docno="VCC-142960" id="KC01340619" xml:lang="en-US">
<title>Loudspeaker, re#@#@#18#acing</title>
<procedure>
<stepgrp id="KC01349463">
<procstep id="KC01349464">
<title/>
<para>
<ptxt>As the illustra#@#@#182#ect. </ptxt>
</para>
</procstep>
<procstep id="KC01349465">
<title>Removing the lo#@#@#28# door</title>
<grate>
<graphic id="KC07566109">
<href>0900c8af80056b3#@#@#9#.jpeg</href>
</graphic>
<graphtext>
<list1 enumtype="d" type="unordered">
<title>Remove:</title>
<item>
<ptxt>the panel. See <xref>
<ref id="KC07566110"/>
</xref>
</ptxt>
</item>
<item>
<ptxt>the rivets. See <xref>
<ref id="KC07566111"/>
</xref>
</ptxt>
</item>
<item>
<ptxt>the connector</ptxt>
</item>
<item>
<ptxt>the loudspeaker.</ptxt>
</item>
</list1>
</graphtext>
</grate>
</procstep>
<procstep id="KC01349466">
<title>Installing the #@#@#28# door</title>
<list1 enumtype="d" type="unordered">
<title>Install:</title>
<item>
<ptxt>the loudspeaker</ptxt>
</item>
<item>
<ptxt>the connector</ptxt>
</item>
<item>
<ptxt>the 3 rivets</ptxt>
</item>
<item>
<ptxt>the panel. See <xref>
<ref id="KC07566112"/>
</xref>.</ptxt>
</item>
</list1>
</procstep>
</stepgrp>
</procedure>
</servinfosub>