<?xml version="1.0" encoding="UTF-8"?><servinfosub IE-ID="en-US0900c8af80cc241d" docno="VCC-148126" id="KC02720001" xml:lang="en-US">
<title>
<phrase category="" id="KC07846477" phrase-urn="urn:x-nevis:phrase:0800c8af81c2285c">Diagnostic trou#@#@#30#-0138</phrase>
</title>
<diagnostic j2008use="1" paperuse="1" screenuse="1" type="condition">
<condgrp>
<condition type="condition">
<grate>
<graphic id="KC07846478" width="column">
<href>0900c8af800597f#@#@#9#.jpeg</href>
</graphic>
<graphtext>
<note>
<ptxt>
<phrase category="" id="KC07846479" phrase-urn="urn:x-nevis:phrase:0800c8af81c2285d">This diagnostic#@#@#96#STC).</phrase>
</ptxt>
</note>
<para>
<ptxt>
<phrase category="" id="KC07846480" phrase-urn="urn:x-nevis:phrase:0800c8af81c22860">The body sensor#@#@#49#12 V.</phrase>
</ptxt>
<ptxt>
<phrase category="" id="KC07846481" phrase-urn="urn:x-nevis:phrase:0800c8af81c22861">The diagnostic #@#@#216# on. </phrase>
</ptxt>
</para>
<ptxt>
<phrase category="" id="KC07846482" phrase-urn="urn:x-nevis:phrase:0800c8af81c22862">The diagnostic #@#@#64#d on.</phrase>
</ptxt>
</graphtext>
</grate>
</condition>
</condgrp>
<condgrp>
<condition type="substitution">
<list1 enumtype="d" type="unordered">
<item>
<ptxt>
<phrase category="" id="KC07846483" phrase-urn="urn:x-nevis:phrase:0800c8af81c22865">Traction Contro#@#@#7#ocked</phrase>
</ptxt>
</item>
<item>
<ptxt>
<phrase category="" id="KC07846484" phrase-urn="urn:x-nevis:phrase:0800c8af81c22866">Stability Contr#@#@#9#cked </phrase>
</ptxt>
</item>
<item>
<ptxt>
<phrase category="" id="KC07846485" phrase-urn="urn:x-nevis:phrase:0800c8af81c22869">Active yaw cont#@#@#10#cked.</phrase>
</ptxt>
</item>
</list1>
<hint>
<ptxt>
<phrase category="" id="KC07846486" phrase-urn="urn:x-nevis:phrase:0800c8af81c2286b">
<xref>
<ref id="KC07846487"/>
</xref>
</phrase>
</ptxt>
</hint>
</condition>
<ps>
<list1 enumtype="d" type="unordered">
<item>
<ptxt>
<phrase category="" id="KC07846488" phrase-urn="urn:x-nevis:phrase:0800c8af81c2286c">Contact resista#@#@#44#ions </phrase>
</ptxt>
</item>
<item>
<ptxt>
<phrase category="" id="KC07846489" phrase-urn="urn:x-nevis:phrase:0800c8af81c2286d">Short-circuit t#@#@#102#(BSC)</phrase>
</ptxt>
</item>
<item>
<ptxt>
<phrase category="" id="KC07846490" phrase-urn="urn:x-nevis:phrase:0800c8af81c2286e">Internal fault #@#@#28#(BCM)</phrase>
</ptxt>
</item>
<item>
<ptxt>
<phrase category="" id="KC07846491" phrase-urn="urn:x-nevis:phrase:0800c8af81c2286f">Internal fault #@#@#45#BSC).</phrase>
</ptxt>
</item>
</list1>
</ps>
</condgrp>
<condgrp>
<condition type="symptom">
<list1 enumtype="d" type="unordered">
<item>
<ptxt>
<phrase category="" id="KC07846492" phrase-urn="urn:x-nevis:phrase:0800c8af81c22871">The information#@#@#7#s lit</phrase>
</ptxt>
</item>
<item>
<ptxt>
<phrase category="" id="KC07846493" phrase-urn="urn:x-nevis:phrase:0800c8af81c22874">Traction contro#@#@#14#ction</phrase>
</ptxt>
</item>
<item>
<ptxt>
<phrase category="" id="KC07846494" phrase-urn="urn:x-nevis:phrase:0800c8af81c22875">The stability c#@#@#27#tion.</phrase>
</ptxt>
</item>
</list1>
</condition>
</condgrp>
</diagnostic>
</servinfosub>