<?xml version="1.0" encoding="UTF-8"?><servinfosub IE-ID="en-US0900c8af84e3641d" docno="VCC-154490" id="KC02789043" xml:lang="en-US">
<title>
<phrase category="" id="KC09490416" phrase-urn="urn:x-nevis:phrase:0800c8af8270f605">Checking the mi#@#@#3#phone</phrase>
</title>
<diagnostic j2008use="1" layout="1" paperuse="1" screenuse="1" type="test">
<testgrp IE-ID="en-US0900c8af84e3641d_KC02789045" id="KC02789045" j2008use="1" paperuse="1" resumable="1" screenuse="1" testgrp-id="node1" x="80" y="120">
<title>
<phrase category="" id="KC09490417" phrase-urn="urn:x-nevis:phrase:0800c8af8270f606">Fault-tracing i#@#@#5#ation</phrase>
</title>
<node>
<test1>
<test2>
<para>
<ptxt>
<phrase category="" id="KC09490418" phrase-urn="urn:x-nevis:phrase:0800c8af8270f607">Fault causes wh#@#@#32#king:</phrase>
</ptxt>
</para>
<list1 enumtype="d" type="unordered">
<item>
<ptxt>
<phrase category="" id="KC09490419" phrase-urn="urn:x-nevis:phrase:0800c8af8270f608">Damaged microphone</phrase>
</ptxt>
</item>
<item>
<ptxt>
<phrase category="" id="KC09490420" phrase-urn="urn:x-nevis:phrase:0800c8af8270f609">Short-circuit t#@#@#81#(AUD)</phrase>
</ptxt>
</item>
<item>
<ptxt>
<phrase category="" id="KC09490421" phrase-urn="urn:x-nevis:phrase:0800c8af8270f60a">Damaged audio m#@#@#6#(AUD)</phrase>
</ptxt>
</item>
<item>
<ptxt>
<phrase category="" id="KC09490422" phrase-urn="urn:x-nevis:phrase:0800c8af8270f60b">Problems with t#@#@#11#work.</phrase>
</ptxt>
</item>
</list1>
<hint>
<ptxt>
<phrase category="" id="KC09490423" phrase-urn="urn:x-nevis:phrase:0800c8af8270f60c">Check that the #@#@#50#cing.</phrase>
</ptxt>
</hint>
<note>
<ptxt>
<phrase category="" id="KC09490424" phrase-urn="urn:x-nevis:phrase:0800c8af8270f60d">Check that no d#@#@#172#cing.</phrase>
</ptxt>
</note>
</test2>
</test1>
<question>
Have all tests#@#@#62#red?
</question>
<resact-grp>
<result button="yes" comp="button" highlight="0"/>
<action j2008use="1" paperuse="1" screenuse="1">
<ptxt>
<xref>
<ref id="KC09490426"/>
</xref>
</ptxt>
</action>
</resact-grp>
<resact-grp>
<result button="no" comp="button" highlight="0"/>
<action j2008use="1" paperuse="1" screenuse="1">
<return value="DONE"/>
</action>
</resact-grp>
</node>
</testgrp>
<testgrp id="KC02789046" j2008use="1" paperuse="1" resumable="1" screenuse="1" testgrp-id="node2" x="80" y="260">
<title>
<phrase category="" id="KC09490427" phrase-urn="urn:x-nevis:phrase:0800c8af8270f60f">Checking the cable</phrase>
</title>
<node>
<test1>
<diaglist>
<dgraphic>
<dgraphic1>
<graphic id="KC09490428">
<href>0900c8af80054d4#@#@#9#.jpeg</href>
</graphic>
</dgraphic1>
</dgraphic>
<ditem>
<ptxt>
<phrase category="" id="KC09490429" phrase-urn="urn:x-nevis:phrase:0800c8af8270f610">Ignition off</phrase>
</ptxt>
</ditem>
<ditem>
<ptxt>
<phrase category="" id="KC09490430" phrase-urn="urn:x-nevis:phrase:0800c8af8270f611">Disconnect the #@#@#24#hone.</phrase>
</ptxt>
</ditem>
</diaglist>
<test2>
<para>
<ptxt>
<phrase category="" id="KC09490431" phrase-urn="urn:x-nevis:phrase:0800c8af8270f612">Check the cable#@#@#160#back.</phrase>
</ptxt>
</para>
<para>
<ptxt>
<phrase category="" id="KC09490432" phrase-urn="urn:x-nevis:phrase:0800c8af8270f613">Check the signa#@#@#124#tage.</phrase>
</ptxt>
</para>
<para>
<ptxt>
<phrase category="" id="KC09490433" phrase-urn="urn:x-nevis:phrase:0800c8af8270f614">Check the signa#@#@#125#tage.</phrase>
</ptxt>
</para>
<para>
<ptxt>
<phrase category="" id="KC09490434" phrase-urn="urn:x-nevis:phrase:0800c8af8270f615">Remedy as necessary.</phrase>
</ptxt>
</para>
<list1 enumtype="d" type="unordered">
<title>
<phrase category="" id="KC09490435" phrase-urn="urn:x-nevis:phrase:0800c8af8270f616">Other information</phrase>
</title>
<item>
<ptxt id="nev11026838n100">
<xref id="nev11026846n100">
<ref id="l1117458930142"/>
</xref>
</ptxt>
</item>
<item>
<ptxt id="nev11026838n97">
<xref id="nev15389283n100">
<ref id="l1117458952622"/>
</xref>
</ptxt>
</item>
<item>
<ptxt id="nev11026838n94">
<xref id="nev12059144n100">
<ref id="l1117458980257"/>
</xref>
</ptxt>
</item>
<item>
<ptxt id="nev11026838n91">
<xref id="nev11026846n94">
<ref id="l1117459008813"/>
</xref>
</ptxt>
</item>
</list1>
<diaglist>
<dgraphic>
<dgraphic1>
<graphic id="KC09490444">
<href>0900c8af8005b28#@#@#9#.jpeg</href>
</graphic>
</dgraphic1>
</dgraphic>
</diaglist>
<grate>
<graphic id="KC09490445">
<href>0900c8af8005b28#@#@#9#.jpeg</href>
</graphic>
</grate>
</test2>
</test1>
<question>
Select Continue.
</question>
<resact-grp>
<result button="cont" comp="button" highlight="0"/>
<action j2008use="1" paperuse="1" screenuse="1">
<ptxt>
<xref>
<ref id="KC09490447"/>
</xref>
</ptxt>
</action>
</resact-grp>
</node>
</testgrp>
<testgrp id="KC02789047" j2008use="1" paperuse="1" resumable="1" screenuse="1" testgrp-id="veri" x="80" y="420">
<title>
<phrase category="" id="KC09490448" phrase-urn="urn:x-nevis:phrase:0800c8af8270f61c">Verification</phrase>
</title>
<subcalloutnode>
<diagcallout>
<xref>
<ref id="KC09490449"/>
</xref>
</diagcallout>
<rescall-grp>
<result comp="string" highlight="0" op="eq" return="VERIFIED"/>
<calloutaction>
<return value="FAULT FOUND"/>
</calloutaction>
</rescall-grp>
<rescall-grp>
<result comp="string" highlight="0" op="eq" return="VERIFICATION FAILED"/>
<calloutaction>
<ptxt>
<xref>
<ref id="KC09490450"/>
</xref>
</ptxt>
</calloutaction>
</rescall-grp>
</subcalloutnode>
</testgrp>
<testgrp id="KC02789048" j2008use="1" paperuse="1" resumable="1" screenuse="1" testgrp-id="info1" x="80" y="560">
<title>
<phrase category="" id="KC09490451" phrase-urn="urn:x-nevis:phrase:0800c8af8270f61d">Fault-tracing i#@#@#5#ation</phrase>
</title>
<subcalloutnode>
<diagcallout>
<xref>
<ref id="KC09490452"/>
</xref>
</diagcallout>
<rescall-grp>
<result comp="string" highlight="0" op="eq" return="FAULTTRACING FAILED"/>
<calloutaction>
<return value="FAULTTRACING FAILED"/>
</calloutaction>
</rescall-grp>
<rescall-grp>
<result comp="string" highlight="0" op="eq" return="NEW TRY"/>
<calloutaction>
<ptxt>
<xref>
<ref id="KC09490453"/>
</xref>
</ptxt>
</calloutaction>
</rescall-grp>
</subcalloutnode>
</testgrp>
</diagnostic>
</servinfosub>