<?xml version="1.0" encoding="UTF-8"?><servinfosub IE-ID="en-US0900c8af842a741d" docno="VCC-107969" id="KC01132485" xml:lang="en-US">
<title>
<phrase category="" id="KC06054670" phrase-urn="urn:x-nevis:phrase:0800c8af8172fff5">Flow too low. P#@#@#22#fault</phrase>
</title>
<diagnostic j2008use="1" layout="0" paperuse="1" screenuse="1" type="test">
<testgrp IE-ID="en-US0900c8af842a741d_KC01280266" id="KC01280266" j2008use="1" paperuse="1" resumable="1" screenuse="1" testgrp-id="node1" x="120" y="80">
<title>
<phrase category="" id="KC06054671" phrase-urn="urn:x-nevis:phrase:0800c8af8172fff6">Checking the ho#@#@#34#valve</phrase>
</title>
<node>
<test1>
<test2>
<para>
<ptxt>
<phrase category="" id="KC06054672" phrase-urn="urn:x-nevis:phrase:0800c8af8172fff7">Check that the #@#@#123#ed.  </phrase>
</ptxt>
</para>
<para>
<ptxt>
<phrase category="" id="KC06054673" phrase-urn="urn:x-nevis:phrase:0800c8af8172fff8">Check the turbo#@#@#40# it. </phrase>
</ptxt>
</para>
<para>
<ptxt>
<phrase category="Faulttracing" id="nev13453373n1" phrase-urn="urn:x-nevis:phrase:0800c8af84257f24">Check the setti#@#@#126#g to:</phrase>
<xref id="nev13453374n100">
<ref id="l1201007917362"/>
</xref>
</ptxt>
</para>
<para>
<ptxt>
<phrase category="" id="KC06054676" phrase-urn="urn:x-nevis:phrase:0800c8af8172fffa">Remedy as necessary</phrase>
</ptxt>
</para>
<diaglist>
<dgraphic>
<dgraphic2>
<graphic id="KC06054677">
<href>0900c8af86c8681#@#@#9#.jpeg</href>
</graphic>
<smarttool active="press" id="KC06054678" toolname="XECMB116"/>
</dgraphic2>
</dgraphic>
</diaglist>
</test2>
</test1>
<question/>
<resact-grp>
<result button="cont" comp="button" highlight="0"/>
<action j2008use="1" paperuse="1" screenuse="1">
<ptxt>
<xref>
<ref id="KC06054680"/>
</xref>
</ptxt>
</action>
</resact-grp>
</node>
</testgrp>
<testgrp id="KC01280267" j2008use="1" paperuse="1" resumable="1" screenuse="1" testgrp-id="veria" x="120" y="200">
<title>
<phrase category="" id="KC06054681" phrase-urn="urn:x-nevis:phrase:0800c8af8172fffc">Verification</phrase>
</title>
<subcalloutnode>
<diagcallout>
<xref>
<ref id="KC06054682"/>
</xref>
</diagcallout>
<rescall-grp>
<result comp="string" highlight="0" op="eq" return="VERIFIED"/>
<calloutaction>
<return value="FAULT FOUND"/>
</calloutaction>
</rescall-grp>
<rescall-grp>
<result comp="string" highlight="0" op="eq" return="VERIFICATION FAILED"/>
<calloutaction>
<ptxt>
<xref>
<ref id="KC06054683"/>
</xref>
</ptxt>
</calloutaction>
</rescall-grp>
</subcalloutnode>
</testgrp>
<testgrp id="KC01280268" j2008use="1" paperuse="0" resumable="1" screenuse="1" testgrp-id="info1" x="360" y="200">
<title>
<phrase category="" id="KC06054684" phrase-urn="urn:x-nevis:phrase:0800c8af8172fffd">Fault-tracing i#@#@#5#ation</phrase>
</title>
<subcalloutnode>
<diagcallout>
<xref>
<ref id="KC06054685"/>
</xref>
</diagcallout>
<rescall-grp>
<result comp="string" highlight="0" op="eq" return="FAULTTRACING FAILED"/>
<calloutaction>
<return value="FAULTTRACING FAILED"/>
</calloutaction>
</rescall-grp>
<rescall-grp>
<result comp="string" highlight="0" op="eq" return="NEW TRY"/>
<calloutaction>
<ptxt>
<xref>
<ref id="KC06054686"/>
</xref>
</ptxt>
</calloutaction>
</rescall-grp>
</subcalloutnode>
</testgrp>
</diagnostic>
</servinfosub>