<?xml version="1.0" encoding="UTF-8"?><servinfosub IE-ID="en-US0900c8af84f99b03" docno="VCC-403454" id="nev15072671n1" xml:lang="en-US">
<title>
<phrase category="Title" id="nev15072671n2" phrase-urn="urn:x-nevis:phrase:0800c8af81eb9a54">Diagnostic trou#@#@#21#ation</phrase>
<phrase category="Prefix" id="nev15072671n3" phrase-urn="urn:x-nevis:phrase:0800c8af840ac859">TVM</phrase>-B1D5712</title>
<diagnostic j2008use="1" paperuse="1" screenuse="1" type="condition">
<condgrp>
<condition type="condition">
<grate>
<graphic id="l1271249823601">
<href>0900c8af84f8c46#@#@#9#.jpeg</href>
</graphic>
</grate>
<para>
<ptxt>
<phrase category="Faulttracing" id="nev15072671n4" phrase-urn="urn:x-nevis:phrase:0800c8af84a31497">The Television #@#@#37#tage.</phrase>
</ptxt>
</para>
<para>
<ptxt id="nev15072671n5">
<phrase category="Condition" id="nev15072671n6" phrase-urn="urn:x-nevis:phrase:0800c8af82c4843c">The diagnostic #@#@#59#that:</phrase>
</ptxt>
</para>
<list1 id="nev15072671n7">
<item id="nev15072671n8">
<ptxt id="nev15072671n9">
<phrase category="Faulttracing" id="nev15072671n10" phrase-urn="urn:x-nevis:phrase:0800c8af81eab238">Voltage too high.</phrase>
</ptxt>
</item>
</list1>
<para id="nev15072672n1">
<ptxt id="nev15072672n2">
<phrase category="Condition" id="nev15072672n3" phrase-urn="urn:x-nevis:phrase:0800c8af82c479d6">The control mod#@#@#67#t of:</phrase>
</ptxt>
</para>
<list1 id="nev15072672n4">
<item id="nev15072672n5">
<ptxt id="nev15072672n6">
<phrase category="Condition" id="nev15072672n7" phrase-urn="urn:x-nevis:phrase:0800c8af83354774">Activated contr#@#@#5#dule.</phrase>
</ptxt>
</item>
</list1>
<note id="nev15072672n8">
<ptxt id="nev15072672n9">
<phrase category="Condition" id="nev15072672n10" phrase-urn="urn:x-nevis:phrase:0800c8af82c4844b">The control mod#@#@#132# met.</phrase>
</ptxt>
</note>
</condition>
</condgrp>
<condgrp>
<condition type="substitution">
<list1 enumtype="d" type="unordered">
<item>
<ptxt>
<phrase category="Condition" id="nev15072673n1" phrase-urn="urn:x-nevis:phrase:0800c8af81eaaea8">None.</phrase>
</ptxt>
</item>
</list1>
</condition>
<ps>
<list1 enumtype="d" type="unordered">
<item>
<ptxt id="nev15072673n2">
<phrase category="Possible source" id="nev15072673n3" phrase-urn="urn:x-nevis:phrase:0800c8af84ba5945">The cable betwe#@#@#72#tage.</phrase>
</ptxt>
</item>
</list1>
</ps>
</condgrp>
<condgrp>
<condition type="symptom">
<list1 enumtype="d" type="unordered">
<item>
<ptxt id="nev15072673n4">
<phrase category="Symptom CSC" id="nev15072673n5" phrase-urn="urn:x-nevis:phrase:0800c8af8388f117">HY, TV/TV recep#@#@#18# work</phrase>
</ptxt>
</item>
</list1>
</condition>
</condgrp>
</diagnostic>
</servinfosub>