<?xml version="1.0" encoding="UTF-8"?><servinfosub IE-ID="en-US0900c8af80875b03" docno="VCC-097447" id="KC01118853" xml:lang="en-US">
<title>Lumber support strap</title>
<procedure>
<stepgrp>
<procstep id="KC01206444">
<title/>
<para>
<ptxt>Carry out <xref>
<ref id="KC06170113"/>
</xref> and</ptxt>
<ptxt>
<xref>
<ref id="KC06170114"/>
</xref>.</ptxt>
<ptxt>Pull the side p#@#@#13# out.</ptxt>
<ptxt>Carry out <xref>
<ref id="KC06170115"/>
</xref>.</ptxt>
</para>
</procstep>
<procstep id="KC01206445">
<title/>
<grate>
<graphic id="KC06170116">
<href>0900c8af8006124#@#@#9#.jpeg</href>
</graphic>
<graphtext>
<para>
<ptxt>Fold the backre#@#@#55#ion.
</ptxt>
<ptxt>Slacken off ten#@#@#18#port.</ptxt>
<ptxt>Remove the five#@#@#47#rest.</ptxt>
</para>
</graphtext>
</grate>
<grate>
<graphic id="KC06170117">
<href>0900c8af800611c#@#@#9#.jpeg</href>
</graphic>
<graphtext>
<para>
<ptxt>Disconnect the #@#@#85#ism.
</ptxt>
</para>
</graphtext>
</grate>
<para>
<ptxt>Replace damaged#@#@#7#ents.</ptxt>
</para>
</procstep>
<procstep id="KC03524268">
<title/>
<para>
<title>Install:</title>
<ptxt>In reverse order.</ptxt>
</para>
</procstep>
</stepgrp>
</procedure>
</servinfosub>