<?xml version="1.0" encoding="UTF-8"?><servinfosub IE-ID="en-US0900c8af854aeb03" docno="VCC-370191" id="nev13710127n1" original="sv-SE" servinfosubId="nev13710128n1-nev17137953n1" servinfosubRes="0900c8af854b90ef" servinfosubRes2="urn:x-nevis:fragment:0900c8af854aeb03:0900c8af854b90ef#nev17137953n1" xml:lang="en-US">
<title id="nev13710126n73">Leak detecting #@#@#3#inder</title>
<toolitemtable id="nev13710128n1-nev17149346n31">
<table id="nev13710128n1-nev17149346n30">
<tgroup cols="2" id="nev13710128n1-nev17149346n29">
<colspec colname="COLSPEC0" colwidth="1.00*" id="nev13710128n1-nev17149346n28"/>
<colspec colname="COLSPEC1" colwidth="1.00*" id="nev13710128n1-nev17149346n27"/>
<thead id="nev13710128n1-nev17149346n26">
<row id="nev13710128n1-nev17149346n25">
<entry id="nev13710128n1-nev17149346n24" nameend="COLSPEC1" namest="COLSPEC0" valign="top">
<ptxt id="nev13710128n1-nev17149346n23">
<emph id="nev13710128n1-nev17149346n22">Special tools</emph>
</ptxt>
</entry>
</row>
</thead>
<tbody id="nev13710128n1-nev17149346n21">
<row id="nev13710128n1-nev17149346n20">
<entry id="nev13710128n1-nev17149346n19">
<graphic id="nev13710128n1-nev17149346n18">
<href>0900c8af8005494#@#@#9#.jpeg</href>
</graphic>
</entry>
<entry id="nev13710128n1-nev17149346n17">
<ptxt id="nev13710128n1-nev17149346n16">
<emph id="nev13710128n1-nev17149346n15">999 7013 Adapte#@#@#5# 2775</emph>
</ptxt>
<ptxt id="nev13710128n1-nev17149346n13">
<emph id="nev13710128n1-nev17149346n12">Tool number:</emph>999 7013</ptxt>
<ptxt id="nev13710128n1-nev17149346n11">
<emph id="nev13710128n1-nev17149346n10">Tool description:</emph>Adapter 951 2775</ptxt>
<ptxt id="nev13710128n1-nev17149346n8">
<emph id="nev13710128n1-nev17149346n7">Tool boards:</emph>23</ptxt>
</entry>
</row>
<row id="nev13710128n1-nev17149346n6">
<entry id="nev13710128n1-nev17149346n5">
<graphic id="nev13710128n1-nev17149346n4">
<href>0900c8af8005a91#@#@#9#.jpeg</href>
</graphic>
</entry>
<entry id="nev13710128n1-nev17149346n3">
<ptxt id="nev13710128n1-nev17149346n2">
<emph id="nev13710128n1-nev17149346n1">951 2775 Cylind#@#@#9#ester</emph>
</ptxt>
<ptxt id="nev13710128n1-nev17149364n99">
<emph id="nev13710128n1-nev17149364n98">Tool number:</emph>951 2775</ptxt>
<ptxt id="nev13710128n1-nev17149364n97">
<emph id="nev13710128n1-nev17149364n96">Tool description:</emph>Cylinder leak tester</ptxt>
<ptxt id="nev13710128n1-nev17149364n94">
<emph id="nev13710128n1-nev17149364n93">Tool boards:</emph>21</ptxt>
</entry>
</row>
</tbody>
</tgroup>
</table>
</toolitemtable>
<procedure id="nev13710128n1-nev17137960n8">
<stepgrp boilerplate="false" context="" id="nev13710128n1-nev17149346n44">
<title id="nev13710128n1-0800c8af844a46f6">Removal</title>
<procstep id="nev13710128n1-nev17137961n1">
<para id="nev13710128n1-nev17149346n42">
<ptxt id="nev13710128n1-nev17149346n43">Increase the en#@#@#107#ture.</ptxt>
</para>
</procstep>
<procstep id="nev13710128n1-nev17137961n5">
<para id="nev13710128n1-nev17149346n40">
<ptxt id="nev13710128n1-nev17149346n41">Remove glow plug<xref boilerplate="true" id="nev13710128n1-0800c8af854959b4">
<ref id="nev13710128n1-nev17149263n35"/>
</xref>
</ptxt>
</para>
</procstep>
</stepgrp>
<stepgrp boilerplate="false" context="" id="nev13710128n1-nev17149346n39">
<title id="nev13710128n1-0800c8af844a4703">Check</title>
<procstep id="nev13710128n1-nev17137962n3">
<grate id="nev13710128n1-nev17149261n67">
<graphic id="nev13710128n1-nev17149261n68">
<href>0900c8af854b904#@#@#9#.jpeg</href>
</graphic>
<graphtext id="nev13710128n1-nev17149377n1">
<para id="nev13710128n1-nev17149346n37">
<ptxt id="nev13710128n1-nev17149346n38">
<toolitem boilerplate="true" id="nev13710128n1-nev17137962n9" imageid="0900c8af8005494b"/>
</ptxt>
</para>
</graphtext>
</grate>
</procstep>
<procstep id="nev13710128n1-nev17137962n10">
<note id="nev13710128n1-0800c8af85495b66">
<ptxt>Rotate the cran#@#@#63#TDC).</ptxt>
</note>
</procstep>
<procstep id="nev13710128n1-nev17137963n3">
<grate id="nev13710128n1-nev17149261n63">
<graphic id="nev13710128n1-nev17149261n64">
<href>0900c8af854b905#@#@#9#.jpeg</href>
</graphic>
<graphtext id="nev13710128n1-nev17149384n1">
<note id="nev13710128n1-0800c8af844a432d">
<ptxt>Always follow t#@#@#54#ment.</ptxt>
</note>
<para id="nev13710128n1-nev17149346n35">
<ptxt id="nev13710128n1-nev17149346n36">
<toolitem boilerplate="true" id="nev13710128n1-nev17137964n1" imageid="0900c8af8005a91f"/>
</ptxt>
</para>
</graphtext>
</grate>
</procstep>
</stepgrp>
<stepgrp boilerplate="false" context="" id="nev13710128n1-nev17149346n34">
<title id="nev13710128n1-0800c8af844a46f9">Installation</title>
<procstep id="nev13710128n1-nev17137964n4">
<para id="nev13710128n1-nev17149346n32">
<ptxt id="nev13710128n1-nev17149346n33">Install glow plug<xref boilerplate="true" id="nev13710128n1-0800c8af85495a89">
<ref id="nev13710128n1-nev17149263n25"/>
</xref>
</ptxt>
</para>
</procstep>
</stepgrp>
</procedure>
</servinfosub>