<?xml version="1.0" encoding="UTF-8"?><script xmlns:nevis="http://www.volvocars.com/namespaces/processing" xmlns:xlink="http://www.w3.org/1999/xlink" IE-ID="en-US0900c8af87ea400a" docno="VCC-507702" id="nev28749111n1" nevis:expl-profile="mdl120yr2018" nevis:profile="urn:x-nevis:profile:0b00c8af877ef42d" nevis:projectdocument="urn:x-nevis:projectdocument:0800c8af87ea4088" nevis:resource="0900c8af87ea400b" nevis:resource2="urn:x-nevis:fragment:0900c8af87ea400a:0900c8af87ea400b#nev28749111n1" nevis:session-id="" qualifierinfotype="14:00" xml:lang="en-US"><title id="nev28749111n2"><phrase category="Generic Component" id="nev28749111n3" phrase-urn="urn:x-nevis:phrase:0800c8af869df13a">Central locking#@#@#2#witch</phrase></title><content id="nev28749111n4-nev28749112n1" nevis:expl-profile="mdl120yr2018" nevis:idfrom="nev28749111n4" nevis:prefix="nev28749111n4" nevis:profile="urn:x-nevis:profile:0b00c8af877ef42d" nevis:resource="0900c8af87ea400c" nevis:resource2="urn:x-nevis:fragment:0900c8af87ea400a:0900c8af87ea400c#nev28749112n1" xml:lang="en-US"><nodes id="nev28749111n4-nev28749112n2"/><SpaScript Id="0c3a21c0-5505-472f-9068-197f41d14416" Name="Central locking switch " Type="Diagnostic" id="nev28749111n4-nev28749112n3"><Module Annotation="State 0: Main&#xD;&#xA;State 1: Not main" IsEventHandler="false" Name="Main" id="nev28749111n4-nev28749112n4"><Variable Annotation="" Id="Illumination_information" Scope="Local" Type="InfoDisplay" id="nev28749111n4-nev28749112n5"><Value Type="InfoDisplayVariable" id="nev28749111n4-nev28749112n6"><infoDisplay id="nev28749111n4-nev28749112n7"><title id="nev28749111n4-nev28749112n8"><phrase category="Symptom Type" id="nev28749111n4-nev28749112n9" phrase-urn="urn:x-nevis:phrase:0800c8af850f9fea">Information</phrase></title><para id="nev28749111n4-nev28749112n10"><phrase category="Faulttracing" id="nev28749111n4-nev28749113n1" phrase-urn="urn:x-nevis:phrase:0800c8af86e63eda">This test is us#@#@#63#erly.</phrase><phrase category="Faulttracing" id="nev28749111n4-nev28749113n2" phrase-urn="urn:x-nevis:phrase:0800c8af86e63edc">Press the switc#@#@#23#elow.</phrase></para></infoDisplay></Value></Variable><Variable Annotation="" Id="DriverDoorInformation" Scope="Local" Type="InfoDisplay" id="nev28749111n4-nev28749113n3"><Value Type="InfoDisplayVariable" id="nev28749111n4-nev28749113n4"><infoDisplay id="nev28749111n4-nev28749113n5"><title id="nev28749111n4-nev28749113n6"><phrase category="Symptom Type" id="nev28749111n4-nev28749113n7" phrase-urn="urn:x-nevis:phrase:0800c8af850f9fea">Information</phrase></title><para id="nev28749111n4-nev28749113n8"><phrase category="Faulttracing" id="nev28749111n4-nev28749113n9" phrase-urn="urn:x-nevis:phrase:0800c8af86e63edc">Press the switc#@#@#23#elow.</phrase></para></infoDisplay></Value></Variable><Variable Annotation="" Id="Passenger_door_lock_switch_information" Scope="Local" Type="InfoDisplay" id="nev28749111n4-nev28749113n10"><Value Type="InfoDisplayVariable" id="nev28749111n4-nev28749114n1"><infoDisplay id="nev28749111n4-nev28749114n2"><title id="nev28749111n4-nev28749114n3"><phrase category="Symptom Type" id="nev28749111n4-nev28749114n4" phrase-urn="urn:x-nevis:phrase:0800c8af850f9fea">Information</phrase></title><para id="nev28749111n4-nev28749114n5"><phrase category="Faulttracing" id="nev28749111n4-nev28749114n6" phrase-urn="urn:x-nevis:phrase:0800c8af86e63edc">Press the switc#@#@#23#elow.</phrase></para></infoDisplay></Value></Variable><Variable Annotation="" Id="Rear_door_driver_side_lock_switch_Information" Scope="Local" Type="InfoDisplay" id="nev28749111n4-nev28749114n7"><Value Type="InfoDisplayVariable" id="nev28749111n4-nev28749114n8"><infoDisplay id="nev28749111n4-nev28749114n9"><title id="nev28749111n4-nev28749114n10"><phrase category="Symptom Type" id="nev28749111n4-nev28749115n1" phrase-urn="urn:x-nevis:phrase:0800c8af850f9fea">Information</phrase></title><para id="nev28749111n4-nev28749115n2"><phrase category="Faulttracing" id="nev28749111n4-nev28749115n3" phrase-urn="urn:x-nevis:phrase:0800c8af86e63edc">Press the switc#@#@#23#elow.</phrase></para></infoDisplay></Value></Variable><Variable Annotation="" Id="Rear_door_passenger_side_lock_switch_information" Scope="Local" Type="InfoDisplay" id="nev28749111n4-nev28749115n4"><Value Type="InfoDisplayVariable" id="nev28749111n4-nev28749115n5"><infoDisplay id="nev28749111n4-nev28749115n6"><title id="nev28749111n4-nev28749115n7"><phrase category="Symptom Type" id="nev28749111n4-nev28749115n8" phrase-urn="urn:x-nevis:phrase:0800c8af850f9fea">Information</phrase></title><para id="nev28749111n4-nev28749115n9"><phrase category="Faulttracing" id="nev28749111n4-nev28749115n10" phrase-urn="urn:x-nevis:phrase:0800c8af86e63edc">Press the switc#@#@#23#elow.</phrase></para></infoDisplay></Value></Variable><Variable Annotation="" Id="MainInformation" Scope="Local" Type="InfoDisplay" id="nev28749111n4-nev28749116n1"><Value Type="InfoDisplayVariable" id="nev28749111n4-nev28749116n2"><infoDisplay id="nev28749111n4-nev28749116n3"><title id="nev28749111n4-nev28749116n4"><phrase category="Symptom Type" id="nev28749111n4-nev28749116n5" phrase-urn="urn:x-nevis:phrase:0800c8af850f9fea">Information</phrase></title><para id="nev28749111n4-nev28749116n6"><phrase category="Faulttracing" id="nev28749111n4-nev28749116n7" phrase-urn="urn:x-nevis:phrase:0800c8af86e63ed9">This test check#@#@#41#erly.</phrase></para></infoDisplay></Value></Variable><Variable Annotation="" Id="state" Scope="Global" Type="Double" id="nev28749111n4-nev28749116n8"><Value Type="NumericVariable" Value="0" id="nev28749111n4-nev28749116n9"/></Variable><Component ComponentId="SetGuiElementContent6" id="nev28749111n4-nev28749116n10"><SetGuiElementContent id="nev28749111n4-nev28749117n1"><Input ElementId="InfoDisplay1" Text="{MainInformation}" id="nev28749111n4-nev28749117n2"/></SetGuiElementContent></Component><Component ComponentId="SetGuiElementContent30" id="nev28749111n4-nev28749117n3"><SetGuiElementContent id="nev28749111n4-nev28749117n4"><Input ElementId="InfoDisplay2" Text="{Illumination_information}" id="nev28749111n4-nev28749117n5"/></SetGuiElementContent></Component><Component ComponentId="SetGuiElementContent31" id="nev28749111n4-nev28749117n6"><SetGuiElementContent id="nev28749111n4-nev28749117n7"><Input ElementId="InfoDisplay3" Text="{DriverDoorInformation}" id="nev28749111n4-nev28749117n8"/></SetGuiElementContent></Component><Component ComponentId="SetGuiElementContent32" id="nev28749111n4-nev28749117n9"><SetGuiElementContent id="nev28749111n4-nev28749117n10"><Input ElementId="InfoDisplay5" Text="{Passenger_door_lock_switch_information}" id="nev28749111n4-nev28749118n1"/></SetGuiElementContent></Component><Component ComponentId="SetGuiElementContent33" id="nev28749111n4-nev28749118n2"><SetGuiElementContent id="nev28749111n4-nev28749118n3"><Input ElementId="InfoDisplay4" Text="{Rear_door_driver_side_lock_switch_Information}" id="nev28749111n4-nev28749118n4"/></SetGuiElementContent></Component><Component ComponentId="SetGuiElementContent25" id="nev28749111n4-nev28749118n5"><SetGuiElementContent id="nev28749111n4-nev28749118n6"><Input ElementId="InfoDisplay6" Text="{Rear_door_passenger_side_lock_switch_information}" id="nev28749111n4-nev28749118n7"/></SetGuiElementContent></Component></Module><Module IsEventHandler="false" Name="Final" id="nev28749111n4-nev28749118n8"/><Module Annotation="State 0: Main&#xD;&#xA;State 1: Not main" IsEventHandler="true" Name="Illumination_Click" id="nev28749111n4-nev28749118n9"><Component ComponentId="ShowWindow1" id="nev28749111n4-nev28749118n10"><ShowWindow id="nev28749111n4-nev28749119n1"><Input WindowId="Illumination" id="nev28749111n4-nev28749119n2"/></ShowWindow></Component><Component Annotation="State = 1" ComponentId="AssignValue1" id="nev28749111n4-nev28749119n3"><AssignValue id="nev28749111n4-nev28749119n4"><Input AssignTo="{__Globals__.state}" Value="1" id="nev28749111n4-nev28749119n5"/></AssignValue></Component><While LogicId="While1" id="nev28749111n4-nev28749119n6"><LogicStatement Expression="__Globals__.state == 1" id="nev28749111n4-nev28749119n7"/><Component ComponentId="ReadParameter1" id="nev28749111n4-nev28749119n8"><ReadParameter id="nev28749111n4-nev28749119n9"><Input DID="4005" Delay="500" EcuID="DDM" ErrorHandlingType="2" ParameterID="5228005" Retries="0" id="nev28749111n4-nev28749119n10"/></ReadParameter></Component><Component ComponentId="SetGuiElementContent2" id="nev28749111n4-nev28749120n1"><SetGuiElementContent id="nev28749111n4-nev28749120n2"><Input ElementId="ParameterLabel5" Text="{ReadParameter1_Result Parameter}" id="nev28749111n4-nev28749120n3"/></SetGuiElementContent></Component><Component ComponentId="ReadParameter2" id="nev28749111n4-nev28749120n4"><ReadParameter id="nev28749111n4-nev28749120n5"><Input DID="400B" Delay="500" EcuID="DDM" ErrorHandlingType="2" ParameterID="5228381" Retries="0" id="nev28749111n4-nev28749120n6"/></ReadParameter></Component><Component ComponentId="SetGuiElementContent3" id="nev28749111n4-nev28749120n7"><SetGuiElementContent id="nev28749111n4-nev28749120n8"><Input ElementId="ParameterLabel6" Text="{ReadParameter2_Result Parameter}" id="nev28749111n4-nev28749120n9"/></SetGuiElementContent></Component><Component ComponentId="ReadParameter3" id="nev28749111n4-nev28749120n10"><ReadParameter id="nev28749111n4-nev28749121n1"><Input DID="4005" Delay="500" EcuID="PDM" ErrorHandlingType="2" ParameterID="5231701" Retries="0" id="nev28749111n4-nev28749121n2"/></ReadParameter></Component><Component ComponentId="SetGuiElementContent4" id="nev28749111n4-nev28749121n3"><SetGuiElementContent id="nev28749111n4-nev28749121n4"><Input ElementId="ParameterLabel7" Text="{ReadParameter3_Result Parameter}" id="nev28749111n4-nev28749121n5"/></SetGuiElementContent></Component><Component ComponentId="ReadParameter4" id="nev28749111n4-nev28749121n6"><ReadParameter id="nev28749111n4-nev28749121n7"><Input DID="400B" Delay="500" EcuID="PDM" ErrorHandlingType="2" ParameterID="5231699" Retries="0" id="nev28749111n4-nev28749121n8"/></ReadParameter></Component><Component ComponentId="SetGuiElementContent5" id="nev28749111n4-nev28749121n9"><SetGuiElementContent id="nev28749111n4-nev28749121n10"><Input ElementId="ParameterLabel8" Text="{ReadParameter4_Result Parameter}" id="nev28749111n4-nev28749122n1"/></SetGuiElementContent></Component><Component Annotation="Sleep 200 ms" ComponentId="Sleep2" id="nev28749111n4-nev28749122n2"><Sleep id="nev28749111n4-nev28749122n3"><Input Timeout="200" id="nev28749111n4-nev28749122n4"/></Sleep></Component></While></Module><Module IsEventHandler="true" Name="Back1_Click" id="nev28749111n4-nev28749122n5"><Component ComponentId="ShowWindow4" id="nev28749111n4-nev28749122n6"><ShowWindow id="nev28749111n4-nev28749122n7"><Input WindowId="Main" id="nev28749111n4-nev28749122n8"/></ShowWindow></Component><Component Annotation="State = 0" ComponentId="AssignValue6" id="nev28749111n4-nev28749122n9"><AssignValue id="nev28749111n4-nev28749122n10"><Input AssignTo="{__Globals__.state}" Value="0" id="nev28749111n4-nev28749123n1"/></AssignValue></Component></Module><Module Annotation="State 0: Main&#xD;&#xA;State 1: Not main" IsEventHandler="true" Name="Driver_door_lock_switch_Click" id="nev28749111n4-nev28749123n2"><Component ComponentId="ShowWindow2" id="nev28749111n4-nev28749123n3"><ShowWindow id="nev28749111n4-nev28749123n4"><Input WindowId="Driver_door_lock_switch_window" id="nev28749111n4-nev28749123n5"/></ShowWindow></Component><Component Annotation="State = 1" ComponentId="AssignValue2" id="nev28749111n4-nev28749123n6"><AssignValue id="nev28749111n4-nev28749123n7"><Input AssignTo="{__Globals__.state}" Value="1" id="nev28749111n4-nev28749123n8"/></AssignValue></Component><While Annotation="" LogicId="While2" id="nev28749111n4-nev28749123n9"><LogicStatement Expression="__Globals__.state == 1" id="nev28749111n4-nev28749123n10"/><Component ComponentId="ReadParameter5" id="nev28749111n4-nev28749124n1"><ReadParameter id="nev28749111n4-nev28749124n2"><Input DID="4045" Delay="500" EcuID="DDM" ErrorHandlingType="2" ParameterID="5755221" Retries="0" id="nev28749111n4-nev28749124n3"/></ReadParameter></Component><Component ComponentId="SetGuiElementContent7" id="nev28749111n4-nev28749124n4"><SetGuiElementContent id="nev28749111n4-nev28749124n5"><Input ElementId="ParameterLabel9" Text="{ReadParameter5_Result Parameter}" id="nev28749111n4-nev28749124n6"/></SetGuiElementContent></Component><Component ComponentId="ReadParameter6" id="nev28749111n4-nev28749124n7"><ReadParameter id="nev28749111n4-nev28749124n8"><Input DID="4045" Delay="500" EcuID="DDM" ErrorHandlingType="2" ParameterID="5755222" Retries="0" id="nev28749111n4-nev28749124n9"/></ReadParameter></Component><Component ComponentId="SetGuiElementContent8" id="nev28749111n4-nev28749124n10"><SetGuiElementContent id="nev28749111n4-nev28749125n1"><Input ElementId="ParameterLabel10" Text="{ReadParameter6_Result Parameter}" id="nev28749111n4-nev28749125n2"/></SetGuiElementContent></Component><Component ComponentId="ReadParameter7" id="nev28749111n4-nev28749125n3"><ReadParameter id="nev28749111n4-nev28749125n4"><Input DID="4045" Delay="500" EcuID="DDM" ErrorHandlingType="2" ParameterID="5755223" Retries="0" id="nev28749111n4-nev28749125n5"/></ReadParameter></Component><Component ComponentId="SetGuiElementContent9" id="nev28749111n4-nev28749125n6"><SetGuiElementContent id="nev28749111n4-nev28749125n7"><Input ElementId="ParameterLabel11" Text="{ReadParameter7_Result Parameter}" id="nev28749111n4-nev28749125n8"/></SetGuiElementContent></Component><Component Annotation="Sleep 200 ms" ComponentId="Sleep1" id="nev28749111n4-nev28749125n9"><Sleep id="nev28749111n4-nev28749125n10"><Input Timeout="200" id="nev28749111n4-nev28749126n1"/></Sleep></Component></While></Module><Module Annotation="State 0: Main&#xD;&#xA;State 1: Not main" IsEventHandler="true" Name="Passenger_door_lock_switch_Click" id="nev28749111n4-nev28749126n2"><Component Annotation="" ComponentId="ShowWindow8" id="nev28749111n4-nev28749126n3"><ShowWindow id="nev28749111n4-nev28749126n4"><Input WindowId="Passenger_door_lock_switch_window" id="nev28749111n4-nev28749126n5"/></ShowWindow></Component><Component Annotation="State = 1" ComponentId="AssignValue3" id="nev28749111n4-nev28749126n6"><AssignValue id="nev28749111n4-nev28749126n7"><Input AssignTo="{__Globals__.state}" Value="1" id="nev28749111n4-nev28749126n8"/></AssignValue></Component><While LogicId="While4" id="nev28749111n4-nev28749126n9"><LogicStatement Expression="__Globals__.state == 1" id="nev28749111n4-nev28749126n10"/><Component ComponentId="ReadParameter12" id="nev28749111n4-nev28749127n1"><ReadParameter id="nev28749111n4-nev28749127n2"><Input DID="4045" Delay="500" EcuID="PDM" ErrorHandlingType="2" ParameterID="5755221" Retries="0" id="nev28749111n4-nev28749127n3"/></ReadParameter></Component><Component ComponentId="SetGuiElementContent21" id="nev28749111n4-nev28749127n4"><SetGuiElementContent id="nev28749111n4-nev28749127n5"><Input ElementId="ParameterLabel16" Text="{ReadParameter12_Result Parameter}" id="nev28749111n4-nev28749127n6"/></SetGuiElementContent></Component><Component ComponentId="ReadParameter13" id="nev28749111n4-nev28749127n7"><ReadParameter id="nev28749111n4-nev28749127n8"><Input DID="4045" Delay="500" EcuID="PDM" ErrorHandlingType="2" ParameterID="5755222" Retries="0" id="nev28749111n4-nev28749127n9"/></ReadParameter></Component><Component ComponentId="SetGuiElementContent22" id="nev28749111n4-nev28749127n10"><SetGuiElementContent id="nev28749111n4-nev28749128n1"><Input ElementId="ParameterLabel17" Text="{ReadParameter13_Result Parameter}" id="nev28749111n4-nev28749128n2"/></SetGuiElementContent></Component><Component ComponentId="ReadParameter14" id="nev28749111n4-nev28749128n3"><ReadParameter id="nev28749111n4-nev28749128n4"><Input DID="4045" Delay="500" EcuID="PDM" ErrorHandlingType="2" ParameterID="5755223" Retries="0" id="nev28749111n4-nev28749128n5"/></ReadParameter></Component><Component ComponentId="SetGuiElementContent23" id="nev28749111n4-nev28749128n6"><SetGuiElementContent id="nev28749111n4-nev28749128n7"><Input ElementId="ParameterLabel18" Text="{ReadParameter14_Result Parameter}" id="nev28749111n4-nev28749128n8"/></SetGuiElementContent></Component><Component Annotation="Sleep 200 ms" ComponentId="Sleep3" id="nev28749111n4-nev28749128n9"><Sleep id="nev28749111n4-nev28749128n10"><Input Timeout="200" id="nev28749111n4-nev28749129n1"/></Sleep></Component></While></Module><Module Annotation="State 0: Main&#xD;&#xA;State 1: Not main" IsEventHandler="true" Name="Rear_door_driver_side_lock_switch_Click" id="nev28749111n4-nev28749129n2"><Component ComponentId="ShowWindow3" id="nev28749111n4-nev28749129n3"><ShowWindow id="nev28749111n4-nev28749129n4"><Input WindowId="Rear_door_driver_side_lock_switch_window" id="nev28749111n4-nev28749129n5"/></ShowWindow></Component><Component Annotation="State = 1" ComponentId="AssignValue4" id="nev28749111n4-nev28749129n6"><AssignValue id="nev28749111n4-nev28749129n7"><Input AssignTo="{__Globals__.state}" Value="1" id="nev28749111n4-nev28749129n8"/></AssignValue></Component><While LogicId="While3" id="nev28749111n4-nev28749129n9"><LogicStatement Expression="__Globals__.state == 1" id="nev28749111n4-nev28749129n10"/><Component ComponentId="ReadParameter8" id="nev28749111n4-nev28749130n1"><ReadParameter id="nev28749111n4-nev28749130n2"><Input DID="4046" Delay="500" EcuID="DDM" ErrorHandlingType="2" ParameterID="5755224" Retries="0" id="nev28749111n4-nev28749130n3"/></ReadParameter></Component><Component ComponentId="SetGuiElementContent12" id="nev28749111n4-nev28749130n4"><SetGuiElementContent id="nev28749111n4-nev28749130n5"><Input ElementId="ParameterLabel12" Text="{ReadParameter8_Result Parameter}" id="nev28749111n4-nev28749130n6"/></SetGuiElementContent></Component><Component ComponentId="ReadParameter9" id="nev28749111n4-nev28749130n7"><ReadParameter id="nev28749111n4-nev28749130n8"><Input DID="4046" Delay="500" EcuID="DDM" ErrorHandlingType="2" ParameterID="5755225" Retries="0" id="nev28749111n4-nev28749130n9"/></ReadParameter></Component><Component ComponentId="SetGuiElementContent13" id="nev28749111n4-nev28749130n10"><SetGuiElementContent id="nev28749111n4-nev28749131n1"><Input ElementId="ParameterLabel13" Text="{ReadParameter9_Result Parameter}" id="nev28749111n4-nev28749131n2"/></SetGuiElementContent></Component><Component ComponentId="ReadParameter10" id="nev28749111n4-nev28749131n3"><ReadParameter id="nev28749111n4-nev28749131n4"><Input DID="4046" Delay="500" EcuID="DDM" ErrorHandlingType="2" ParameterID="5755226" Retries="0" id="nev28749111n4-nev28749131n5"/></ReadParameter></Component><Component ComponentId="SetGuiElementContent14" id="nev28749111n4-nev28749131n6"><SetGuiElementContent id="nev28749111n4-nev28749131n7"><Input ElementId="ParameterLabel14" Text="{ReadParameter10_Result Parameter}" id="nev28749111n4-nev28749131n8"/></SetGuiElementContent></Component><Component ComponentId="ReadParameter11" id="nev28749111n4-nev28749131n9"><ReadParameter id="nev28749111n4-nev28749131n10"><Input DID="4046" Delay="500" EcuID="DDM" ErrorHandlingType="2" ParameterID="5755229" Retries="0" id="nev28749111n4-nev28749132n1"/></ReadParameter></Component><Component ComponentId="SetGuiElementContent15" id="nev28749111n4-nev28749132n2"><SetGuiElementContent id="nev28749111n4-nev28749132n3"><Input ElementId="ParameterLabel15" Text="{ReadParameter11_Result Parameter}" id="nev28749111n4-nev28749132n4"/></SetGuiElementContent></Component><Component Annotation="Sleep 200 ms" ComponentId="Sleep4" id="nev28749111n4-nev28749132n5"><Sleep id="nev28749111n4-nev28749132n6"><Input Timeout="200" id="nev28749111n4-nev28749132n7"/></Sleep></Component></While></Module><Module Annotation="State 0: Main&#xD;&#xA;State 1: Not main" IsEventHandler="true" Name="Rear_door_passenger_side_lock_switch_Click" id="nev28749111n4-nev28749132n8"><Component ComponentId="ShowWindow9" id="nev28749111n4-nev28749132n9"><ShowWindow id="nev28749111n4-nev28749132n10"><Input WindowId="Rear_door_passenger_side_lock_switch_window" id="nev28749111n4-nev28749133n1"/></ShowWindow></Component><Component Annotation="State = 1" ComponentId="AssignValue5" id="nev28749111n4-nev28749133n2"><AssignValue id="nev28749111n4-nev28749133n3"><Input AssignTo="{__Globals__.state}" Value="1" id="nev28749111n4-nev28749133n4"/></AssignValue></Component><While LogicId="While5" id="nev28749111n4-nev28749133n5"><LogicStatement Expression="__Globals__.state == 1" id="nev28749111n4-nev28749133n6"/><Component ComponentId="ReadParameter15" id="nev28749111n4-nev28749133n7"><ReadParameter id="nev28749111n4-nev28749133n8"><Input DID="4046" Delay="500" EcuID="PDM" ErrorHandlingType="2" ParameterID="5755224" Retries="0" id="nev28749111n4-nev28749133n9"/></ReadParameter></Component><Component ComponentId="SetGuiElementContent26" id="nev28749111n4-nev28749133n10"><SetGuiElementContent id="nev28749111n4-nev28749134n1"><Input ElementId="ParameterLabel19" Text="{ReadParameter15_Result Parameter}" id="nev28749111n4-nev28749134n2"/></SetGuiElementContent></Component><Component ComponentId="ReadParameter16" id="nev28749111n4-nev28749134n3"><ReadParameter id="nev28749111n4-nev28749134n4"><Input DID="4046" Delay="500" EcuID="PDM" ErrorHandlingType="2" ParameterID="5755225" Retries="0" id="nev28749111n4-nev28749134n5"/></ReadParameter></Component><Component ComponentId="SetGuiElementContent27" id="nev28749111n4-nev28749134n6"><SetGuiElementContent id="nev28749111n4-nev28749134n7"><Input ElementId="ParameterLabel20" Text="{ReadParameter16_Result Parameter}" id="nev28749111n4-nev28749134n8"/></SetGuiElementContent></Component><Component ComponentId="ReadParameter17" id="nev28749111n4-nev28749134n9"><ReadParameter id="nev28749111n4-nev28749134n10"><Input DID="4046" Delay="500" EcuID="PDM" ErrorHandlingType="2" ParameterID="5755226" Retries="0" id="nev28749111n4-nev28749135n1"/></ReadParameter></Component><Component ComponentId="SetGuiElementContent28" id="nev28749111n4-nev28749135n2"><SetGuiElementContent id="nev28749111n4-nev28749135n3"><Input ElementId="ParameterLabel21" Text="{ReadParameter17_Result Parameter}" id="nev28749111n4-nev28749135n4"/></SetGuiElementContent></Component><Component ComponentId="ReadParameter18" id="nev28749111n4-nev28749135n5"><ReadParameter id="nev28749111n4-nev28749135n6"><Input DID="4046" Delay="500" EcuID="PDM" ErrorHandlingType="2" ParameterID="5755229" Retries="0" id="nev28749111n4-nev28749135n7"/></ReadParameter></Component><Component ComponentId="SetGuiElementContent29" id="nev28749111n4-nev28749135n8"><SetGuiElementContent id="nev28749111n4-nev28749135n9"><Input ElementId="ParameterLabel22" Text="{ReadParameter18_Result Parameter}" id="nev28749111n4-nev28749135n10"/></SetGuiElementContent></Component><Component Annotation="Sleep 200 ms" ComponentId="Sleep5" id="nev28749111n4-nev28749136n1"><Sleep id="nev28749111n4-nev28749136n2"><Input Timeout="200" id="nev28749111n4-nev28749136n3"/></Sleep></Component></While></Module><Module IsEventHandler="true" Name="Back2_Click" id="nev28749111n4-nev28749136n4"><Component ComponentId="ShowWindow5" id="nev28749111n4-nev28749136n5"><ShowWindow id="nev28749111n4-nev28749136n6"><Input WindowId="Main" id="nev28749111n4-nev28749136n7"/></ShowWindow></Component><Component Annotation="State = 0" ComponentId="AssignValue7" id="nev28749111n4-nev28749136n8"><AssignValue id="nev28749111n4-nev28749136n9"><Input AssignTo="{__Globals__.state}" Value="0" id="nev28749111n4-nev28749136n10"/></AssignValue></Component></Module><Module IsEventHandler="true" Name="Back3_Click" id="nev28749111n4-nev28749137n1"><Component ComponentId="ShowWindow6" id="nev28749111n4-nev28749137n2"><ShowWindow id="nev28749111n4-nev28749137n3"><Input WindowId="Main" id="nev28749111n4-nev28749137n4"/></ShowWindow></Component><Component Annotation="State = 0" ComponentId="AssignValue8" id="nev28749111n4-nev28749137n5"><AssignValue id="nev28749111n4-nev28749137n6"><Input AssignTo="{__Globals__.state}" Value="0" id="nev28749111n4-nev28749137n7"/></AssignValue></Component></Module><Module IsEventHandler="true" Name="Back4_Click" id="nev28749111n4-nev28749137n8"><Component ComponentId="ShowWindow7" id="nev28749111n4-nev28749137n9"><ShowWindow id="nev28749111n4-nev28749137n10"><Input WindowId="Main" id="nev28749111n4-nev28749138n1"/></ShowWindow></Component><Component Annotation="State = 0" ComponentId="AssignValue9" id="nev28749111n4-nev28749138n2"><AssignValue id="nev28749111n4-nev28749138n3"><Input AssignTo="{__Globals__.state}" Value="0" id="nev28749111n4-nev28749138n4"/></AssignValue></Component></Module><Module IsEventHandler="true" Name="Back5_Click" id="nev28749111n4-nev28749138n5"><Component ComponentId="ShowWindow10" id="nev28749111n4-nev28749138n6"><ShowWindow id="nev28749111n4-nev28749138n7"><Input WindowId="Main" id="nev28749111n4-nev28749138n8"/></ShowWindow></Component><Component Annotation="State = 0" ComponentId="AssignValue10" id="nev28749111n4-nev28749138n9"><AssignValue id="nev28749111n4-nev28749138n10"><Input AssignTo="{__Globals__.state}" Value="0" id="nev28749111n4-nev28749139n1"/></AssignValue></Component></Module><ScriptGui Id="Main" id="nev28749111n4-nev28749139n2"><GuiComponent ComponentId="Main" id="nev28749111n4-nev28749139n3"><Dialog Position="0;0" Size="770;405" id="nev28749111n4-nev28749139n4"/><GuiComponent ComponentId="Rear_door_passenger_side_lock_switch" id="nev28749111n4-nev28749139n5"><Button Position="195;290" Size="380;25" id="nev28749111n4-nev28749139n6"><Input ClickEventHandler="Rear_door_passenger_side_lock_switch_Click" IsEnabled="true" Text="Rear door, passenger side lock switch" Visible="true" id="nev28749111n4-nev28749139n7"/></Button></GuiComponent><GuiComponent ComponentId="Rear_door_driver_side_lock_switch" id="nev28749111n4-nev28749139n8"><Button Position="195;250" Size="380;25" id="nev28749111n4-nev28749139n9"><Input ClickEventHandler="Rear_door_driver_side_lock_switch_Click" IsEnabled="true" Text="Rear door, driver side lock switch" Visible="true" id="nev28749111n4-nev28749139n10"/></Button></GuiComponent><GuiComponent ComponentId="Passenger_door_lock_switch" id="nev28749111n4-nev28749140n1"><Button Position="195;210" Size="380;25" id="nev28749111n4-nev28749140n2"><Input ClickEventHandler="Passenger_door_lock_switch_Click" IsEnabled="true" Text="Passenger door lock switch" Visible="true" id="nev28749111n4-nev28749140n3"/></Button></GuiComponent><GuiComponent ComponentId="Driver_door_lock_switch" id="nev28749111n4-nev28749140n4"><Button Position="195;170" Size="380;25" id="nev28749111n4-nev28749140n5"><Input ClickEventHandler="Driver_door_lock_switch_Click" IsEnabled="true" Text="Driver door lock switch" Visible="true" id="nev28749111n4-nev28749140n6"/></Button></GuiComponent><GuiComponent ComponentId="Illumination" id="nev28749111n4-nev28749140n7"><Button Position="195;130" Size="380;25" id="nev28749111n4-nev28749140n8"><Input ClickEventHandler="Illumination_Click" IsEnabled="true" Text="Check button illumination" Visible="true" id="nev28749111n4-nev28749140n9"/></Button></GuiComponent><GuiComponent ComponentId="InfoDisplay1" id="nev28749111n4-nev28749140n10"><InfoDisplay Position="5;5" Size="760;110" id="nev28749111n4-nev28749141n1"><Input Visible="True" id="nev28749111n4-nev28749141n2"/></InfoDisplay></GuiComponent></GuiComponent></ScriptGui><ScriptGui Id="Illumination" id="nev28749111n4-nev28749141n3"><GuiComponent ComponentId="Illumination" id="nev28749111n4-nev28749141n4"><Dialog Position="0;0" Size="770;405" id="nev28749111n4-nev28749141n5"/><GuiComponent ComponentId="Back1" id="nev28749111n4-nev28749141n6"><Button Position="605;370" Size="75;25" id="nev28749111n4-nev28749141n7"><Input ClickEventHandler="Back1_Click" IsEnabled="true" Visible="true" id="nev28749111n4-nev28749141n8"><Value Type="NevisPhraseVariable" id="nev28749111n4-nev28749141n9"><phrase category="Title" id="nev28749111n4-nev28749141n10" phrase-urn="urn:x-nevis:phrase:0800c8af86acfa21">Back</phrase></Value></Input></Button></GuiComponent><GuiComponent ComponentId="ParameterLabel8" id="nev28749111n4-nev28749142n1"><ParameterLabel Position="5;300" Size="760;60" id="nev28749111n4-nev28749142n2"><Input Text="" Visible="True" id="nev28749111n4-nev28749142n3"/></ParameterLabel></GuiComponent><GuiComponent ComponentId="ParameterLabel7" id="nev28749111n4-nev28749142n4"><ParameterLabel Position="5;235" Size="760;60" id="nev28749111n4-nev28749142n5"><Input Text="" Visible="True" id="nev28749111n4-nev28749142n6"/></ParameterLabel></GuiComponent><GuiComponent ComponentId="ParameterLabel6" id="nev28749111n4-nev28749142n7"><ParameterLabel Position="5;170" Size="760;60" id="nev28749111n4-nev28749142n8"><Input Text="" Visible="True" id="nev28749111n4-nev28749142n9"/></ParameterLabel></GuiComponent><GuiComponent ComponentId="ParameterLabel5" id="nev28749111n4-nev28749142n10"><ParameterLabel Position="5;105" Size="760;60" id="nev28749111n4-nev28749143n1"><Input Text="" Visible="True" id="nev28749111n4-nev28749143n2"/></ParameterLabel></GuiComponent><GuiComponent ComponentId="InfoDisplay2" id="nev28749111n4-nev28749143n3"><InfoDisplay Position="5;5" Size="760;95" id="nev28749111n4-nev28749143n4"><Input Visible="True" id="nev28749111n4-nev28749143n5"/></InfoDisplay></GuiComponent></GuiComponent></ScriptGui><ScriptGui Id="Driver_door_lock_switch_window" id="nev28749111n4-nev28749143n6"><GuiComponent ComponentId="Driver_door_lock_switch_window" id="nev28749111n4-nev28749143n7"><Dialog Position="0;0" Size="770;405" id="nev28749111n4-nev28749143n8"/><GuiComponent ComponentId="Back2" id="nev28749111n4-nev28749143n9"><Button Position="605;370" Size="75;25" id="nev28749111n4-nev28749143n10"><Input ClickEventHandler="Back2_Click" IsEnabled="true" Visible="true" id="nev28749111n4-nev28749144n1"><Value Type="NevisPhraseVariable" id="nev28749111n4-nev28749144n2"><phrase category="Unit_value_text" id="nev28749111n4-nev28749144n3" phrase-urn="urn:x-nevis:phrase:0800c8af86cb7eb7">Back</phrase></Value></Input></Button></GuiComponent><GuiComponent ComponentId="ParameterLabel11" id="nev28749111n4-nev28749144n4"><ParameterLabel Position="5;235" Size="760;60" id="nev28749111n4-nev28749144n5"><Input Text="" Visible="True" id="nev28749111n4-nev28749144n6"/></ParameterLabel></GuiComponent><GuiComponent ComponentId="ParameterLabel10" id="nev28749111n4-nev28749144n7"><ParameterLabel Position="5;170" Size="760;60" id="nev28749111n4-nev28749144n8"><Input Text="" Visible="True" id="nev28749111n4-nev28749144n9"/></ParameterLabel></GuiComponent><GuiComponent ComponentId="ParameterLabel9" id="nev28749111n4-nev28749144n10"><ParameterLabel Position="5;105" Size="760;60" id="nev28749111n4-nev28749145n1"><Input Text="" Visible="True" id="nev28749111n4-nev28749145n2"/></ParameterLabel></GuiComponent><GuiComponent ComponentId="InfoDisplay3" id="nev28749111n4-nev28749145n3"><InfoDisplay Position="5;5" Size="760;95" id="nev28749111n4-nev28749145n4"><Input Visible="True" id="nev28749111n4-nev28749145n5"/></InfoDisplay></GuiComponent></GuiComponent></ScriptGui><ScriptGui Id="Rear_door_driver_side_lock_switch_window" id="nev28749111n4-nev28749145n6"><GuiComponent ComponentId="Rear_door_driver_side_lock_switch_window" id="nev28749111n4-nev28749145n7"><Dialog Position="0;0" Size="770;405" id="nev28749111n4-nev28749145n8"/><GuiComponent ComponentId="Back3" id="nev28749111n4-nev28749145n9"><Button Position="605;370" Size="75;25" id="nev28749111n4-nev28749145n10"><Input ClickEventHandler="Back3_Click" IsEnabled="true" Visible="true" id="nev28749111n4-nev28749146n1"><Value Type="NevisPhraseVariable" id="nev28749111n4-nev28749146n2"><phrase category="Unit_value_text" id="nev28749111n4-nev28749146n3" phrase-urn="urn:x-nevis:phrase:0800c8af86cb7eb7">Back</phrase></Value></Input></Button></GuiComponent><GuiComponent ComponentId="ParameterLabel15" id="nev28749111n4-nev28749146n4"><ParameterLabel Position="5;300" Size="760;60" id="nev28749111n4-nev28749146n5"><Input Text="" Visible="True" id="nev28749111n4-nev28749146n6"/></ParameterLabel></GuiComponent><GuiComponent ComponentId="ParameterLabel14" id="nev28749111n4-nev28749146n7"><ParameterLabel Position="5;235" Size="760;60" id="nev28749111n4-nev28749146n8"><Input Text="" Visible="True" id="nev28749111n4-nev28749146n9"/></ParameterLabel></GuiComponent><GuiComponent ComponentId="ParameterLabel13" id="nev28749111n4-nev28749146n10"><ParameterLabel Position="5;170" Size="760;60" id="nev28749111n4-nev28749147n1"><Input Text="" Visible="True" id="nev28749111n4-nev28749147n2"/></ParameterLabel></GuiComponent><GuiComponent ComponentId="ParameterLabel12" id="nev28749111n4-nev28749147n3"><ParameterLabel Position="5;105" Size="760;60" id="nev28749111n4-nev28749147n4"><Input Text="" Visible="True" id="nev28749111n4-nev28749147n5"/></ParameterLabel></GuiComponent><GuiComponent ComponentId="InfoDisplay4" id="nev28749111n4-nev28749147n6"><InfoDisplay Position="5;5" Size="760;95" id="nev28749111n4-nev28749147n7"><Input Visible="True" id="nev28749111n4-nev28749147n8"/></InfoDisplay></GuiComponent></GuiComponent></ScriptGui><ScriptGui Id="Passenger_door_lock_switch_window" id="nev28749111n4-nev28749147n9"><GuiComponent ComponentId="Passenger_door_lock_switch_window" id="nev28749111n4-nev28749147n10"><Dialog Position="0;0" Size="770;405" id="nev28749111n4-nev28749148n1"/><GuiComponent ComponentId="Back4" id="nev28749111n4-nev28749148n2"><Button Position="605;370" Size="75;25" id="nev28749111n4-nev28749148n3"><Input ClickEventHandler="Back4_Click" IsEnabled="true" Visible="true" id="nev28749111n4-nev28749148n4"><Value Type="NevisPhraseVariable" id="nev28749111n4-nev28749148n5"><phrase category="Unit_value_text" id="nev28749111n4-nev28749148n6" phrase-urn="urn:x-nevis:phrase:0800c8af86cb7eb7">Back</phrase></Value></Input></Button></GuiComponent><GuiComponent ComponentId="ParameterLabel18" id="nev28749111n4-nev28749148n7"><ParameterLabel Position="5;235" Size="760;60" id="nev28749111n4-nev28749148n8"><Input Text="" Visible="True" id="nev28749111n4-nev28749148n9"/></ParameterLabel></GuiComponent><GuiComponent ComponentId="ParameterLabel17" id="nev28749111n4-nev28749148n10"><ParameterLabel Position="5;170" Size="760;60" id="nev28749111n4-nev28749149n1"><Input Text="" Visible="True" id="nev28749111n4-nev28749149n2"/></ParameterLabel></GuiComponent><GuiComponent ComponentId="InfoDisplay5" id="nev28749111n4-nev28749149n3"><InfoDisplay Position="5;5" Size="760;95" id="nev28749111n4-nev28749149n4"><Input Visible="True" id="nev28749111n4-nev28749149n5"/></InfoDisplay></GuiComponent><GuiComponent ComponentId="ParameterLabel16" id="nev28749111n4-nev28749149n6"><ParameterLabel Position="5;105" Size="760;60" id="nev28749111n4-nev28749149n7"><Input Text="" Visible="True" id="nev28749111n4-nev28749149n8"/></ParameterLabel></GuiComponent></GuiComponent></ScriptGui><ScriptGui Id="Rear_door_passenger_side_lock_switch_window" id="nev28749111n4-nev28749149n9"><GuiComponent ComponentId="Rear_door_passenger_side_lock_switch_window" id="nev28749111n4-nev28749149n10"><Dialog Position="0;0" Size="770;405" id="nev28749111n4-nev28749150n1"/><GuiComponent ComponentId="Back5" id="nev28749111n4-nev28749150n2"><Button Position="605;370" Size="75;25" id="nev28749111n4-nev28749150n3"><Input ClickEventHandler="Back5_Click" IsEnabled="true" Visible="true" id="nev28749111n4-nev28749150n4"><Value Type="NevisPhraseVariable" id="nev28749111n4-nev28749150n5"><phrase category="Unit_value_text" id="nev28749111n4-nev28749150n6" phrase-urn="urn:x-nevis:phrase:0800c8af86cb7eb7">Back</phrase></Value></Input></Button></GuiComponent><GuiComponent ComponentId="ParameterLabel22" id="nev28749111n4-nev28749150n7"><ParameterLabel Position="5;300" Size="760;60" id="nev28749111n4-nev28749150n8"><Input Text="" Visible="True" id="nev28749111n4-nev28749150n9"/></ParameterLabel></GuiComponent><GuiComponent ComponentId="ParameterLabel21" id="nev28749111n4-nev28749150n10"><ParameterLabel Position="5;235" Size="760;60" id="nev28749111n4-nev28749151n1"><Input Text="" Visible="True" id="nev28749111n4-nev28749151n2"/></ParameterLabel></GuiComponent><GuiComponent ComponentId="ParameterLabel20" id="nev28749111n4-nev28749151n3"><ParameterLabel Position="5;170" Size="760;60" id="nev28749111n4-nev28749151n4"><Input Text="" Visible="True" id="nev28749111n4-nev28749151n5"/></ParameterLabel></GuiComponent><GuiComponent ComponentId="ParameterLabel19" id="nev28749111n4-nev28749151n6"><ParameterLabel Position="5;105" Size="760;60" id="nev28749111n4-nev28749151n7"><Input Text="" Visible="True" id="nev28749111n4-nev28749151n8"/></ParameterLabel></GuiComponent><GuiComponent ComponentId="InfoDisplay6" id="nev28749111n4-nev28749151n9"><InfoDisplay Position="5;5" Size="760;95" id="nev28749111n4-nev28749151n10"><Input Visible="True" id="nev28749111n4-nev28749152n1"/></InfoDisplay></GuiComponent></GuiComponent></ScriptGui></SpaScript></content></script>