<?xml version="1.0" encoding="UTF-8"?><servinfosub IE-ID="en-US0900c8af80cd200a" docno="VCC-152726" id="KC02737119" xml:lang="en-US">
<title>
<phrase category="" id="KC09451803" phrase-urn="urn:x-nevis:phrase:0800c8af827092a3">Signal missing</phrase>
</title>
<diagnostic j2008use="1" paperuse="1" screenuse="1" type="test">
<testgrp IE-ID="en-US0900c8af80cd200a_KC02755631" id="KC02755631" j2008use="1" paperuse="1" resumable="1" screenuse="1" testgrp-id="node1" x="120" y="80">
<title>
<phrase category="" id="KC09451804" phrase-urn="urn:x-nevis:phrase:0800c8af827092a5">Checking the co#@#@#2#onent</phrase>
</title>
<node>
<test1>
<test2>
<para>
<ptxt>
<phrase category="" id="KC09451805" phrase-urn="urn:x-nevis:phrase:0800c8af827092a6">The infotainmen#@#@#98#AFM).</phrase>
</ptxt>
</para>
<para>
<ptxt>
<phrase category="" id="KC09451806" phrase-urn="urn:x-nevis:phrase:0800c8af827092a7">If the fault is#@#@#267#urs. </phrase>
</ptxt>
</para>
<para>
<ptxt>
<phrase category="" id="KC09451807" phrase-urn="urn:x-nevis:phrase:0800c8af827092a8">Replace the AM/#@#@#51#ault.</phrase>
</ptxt>
</para>
<para>
<ptxt>
<phrase category="" id="KC09451808" phrase-urn="urn:x-nevis:phrase:0800c8af827092aa">Remedy as necessary.</phrase>
</ptxt>
</para>
<list1 enumtype="d" type="unordered">
<title>
<phrase category="" id="KC09451809" phrase-urn="urn:x-nevis:phrase:0800c8af827092ac">Other information</phrase>
</title>
<item>
<ptxt>
<phrase category="" id="KC09451810" phrase-urn="urn:x-nevis:phrase:0800c8af827092ad">
<xref>
<ref id="KC09451811"/>
</xref>
</phrase>
</ptxt>
</item>
</list1>
<grate>
<graphic id="KC09451812">
<href>0900c8af807312f#@#@#9#.jpeg</href>
</graphic>
</grate>
</test2>
</test1>
<question>
Select Continue.
</question>
<resact-grp>
<result button="cont" comp="button" highlight="0"/>
<action j2008use="1" paperuse="1" screenuse="1">
<ptxt>
<xref>
<ref id="KC09451814"/>
</xref>
</ptxt>
</action>
</resact-grp>
</node>
</testgrp>
<testgrp id="KC02755632" j2008use="1" paperuse="1" resumable="1" screenuse="1" testgrp-id="veria" x="120" y="200">
<title>
<phrase category="" id="KC09451815" phrase-urn="urn:x-nevis:phrase:0800c8af827092b1">Verification</phrase>
</title>
<subcalloutnode>
<diagcallout>
<xref>
<ref id="KC09451816"/>
</xref>
</diagcallout>
<rescall-grp>
<result comp="string" highlight="0" op="eq" return="VERIFIED"/>
<calloutaction>
<return value="FAULT FOUND"/>
</calloutaction>
</rescall-grp>
<rescall-grp>
<result comp="string" highlight="0" op="eq" return="VERIFICATION FAILED"/>
<calloutaction>
<ptxt>
<xref>
<ref id="KC09451817"/>
</xref>
</ptxt>
</calloutaction>
</rescall-grp>
</subcalloutnode>
</testgrp>
<testgrp id="KC02755633" j2008use="1" paperuse="1" resumable="1" screenuse="1" testgrp-id="info1" x="360" y="200">
<title>
<phrase category="" id="KC09451818" phrase-urn="urn:x-nevis:phrase:0800c8af827092b2">Fault-tracing i#@#@#5#ation</phrase>
</title>
<subcalloutnode>
<diagcallout>
<xref>
<ref id="KC09451819"/>
</xref>
</diagcallout>
<rescall-grp>
<result comp="string" highlight="0" op="eq" return="FAULTTRACING FAILED"/>
<calloutaction>
<return value="FAULTTRACING FAILED"/>
</calloutaction>
</rescall-grp>
<rescall-grp>
<result comp="string" highlight="0" op="eq" return="NEW TRY"/>
<calloutaction>
<ptxt>
<xref>
<ref id="KC09451820"/>
</xref>
</ptxt>
</calloutaction>
</rescall-grp>
</subcalloutnode>
</testgrp>
</diagnostic>
</servinfosub>