<?xml version="1.0" encoding="UTF-8"?><diagnostic IE-ID="en-US0900c8af800ae00a" docno="VCC-141241" id="KC01340316" type="test" xml:lang="en-US">
<title>
<phrase category="" id="KC09419150" phrase-urn="urn:x-nevis:phrase:0800c8af827000b3">Verification</phrase>
</title>
<testgrp IE-ID="en-US0900c8af800ae00a_KC01341613" id="KC01341613" j2008use="1" paperuse="1" resumable="1" screenuse="1" testgrp-id="verifnode" x="240" y="120">
<title>
<phrase category="" id="KC09419151" phrase-urn="urn:x-nevis:phrase:0800c8af827000c1">Verification</phrase>
</title>
<node>
<test1>
<hint>
<ptxt>
<phrase category="" id="KC09419152" phrase-urn="urn:x-nevis:phrase:0800c8af827000d0">After carrying #@#@#50#died.</phrase>
</ptxt>
</hint>
<diaglist>
<dgraphic>
<dgraphic1>
<graphic id="KC09419153">
<href>0900c8af80054d5#@#@#9#.jpeg</href>
</graphic>
</dgraphic1>
<dgraphic2>
<graphic id="KC09419154">
<href>0900c8af80054d7#@#@#9#.jpeg</href>
</graphic>
</dgraphic2>
</dgraphic>
<ditem>
<ptxt>
<phrase category="" id="KC09419155" phrase-urn="urn:x-nevis:phrase:0800c8af827000e0">Ignition off</phrase>
</ptxt>
</ditem>
<ditem>
<ptxt>
<phrase category="" id="KC09419156" phrase-urn="urn:x-nevis:phrase:0800c8af827000ef">Reinstall the c#@#@#21# etc.</phrase>
</ptxt>
</ditem>
<ditem>
<ptxt>
<phrase category="" id="KC09419157" phrase-urn="urn:x-nevis:phrase:0800c8af827000fc">Ignition on.</phrase>
</ptxt>
</ditem>
</diaglist>
<test2>
<para>
<ptxt>
<phrase category="" id="KC09419158" phrase-urn="urn:x-nevis:phrase:0800c8af8270010b">Check that soun#@#@#104#yer. </phrase>
</ptxt>
</para>
</test2>
</test1>
<question>
Do the loudspe#@#@#7#ork?
</question>
<resact-grp>
<result button="yes" comp="button" highlight="0"/>
<action j2008use="1" paperuse="1" screenuse="1">
<return value="VERIFIED"/>
</action>
</resact-grp>
<resact-grp>
<result button="no" comp="button" highlight="0"/>
<action j2008use="1" paperuse="1" screenuse="1">
<return value="VERIFICATION FAILED"/>
</action>
</resact-grp>
</node>
</testgrp>
</diagnostic>