<?xml version="1.0" encoding="UTF-8"?><servinfosub IE-ID="en-US0900c8af8557f00a" docno="VCC-331978" id="nev12921992n1" original="sv-SE" servinfosubId="nev20688461n1-nev20688461n2" servinfosubRes="0900c8af862c39de" servinfosubRes2="urn:x-nevis:fragment:0900c8af8557f00a:0900c8af862c39de#nev20688461n2" xml:lang="en-US">
<title id="nev12921992n2">System overview</title>
<topic id="nev20688461n1-nev12942033n250">
<title id="nev20688461n1-nev12942033n249">General</title>
<grate id="nev20688461n1-nev12942033n248" pgwide="1">
<graphic id="nev20688461n1-nev12942033n247">
<href>0900c8af83f744d#@#@#11#.jpeg</href>
</graphic>
</grate>
<para id="nev20688461n1-nev12942033n243">
<ptxt id="nev20688461n1-nev12942033n242">The keyless ent#@#@#493#h as:</ptxt>
</para>
<list1 enumtype="d" id="nev20688461n1-nev12942033n241" type="unordered">
<item id="nev20688461n1-nev12942033n240">
<ptxt id="nev20688461n1-nev12942033n239">Antennas in the#@#@#35#doors</ptxt>
</item>
<item id="nev20688461n1-nev12942033n238">
<ptxt id="nev20688461n1-nev12942033n237">Antennas in the#@#@#39#tment</ptxt>
</item>
<item id="nev20688461n1-nev12942033n236">
<ptxt id="nev20688461n1-nev12942033n235">Antenna in lugg#@#@#10#tment</ptxt>
</item>
<item id="nev20688461n1-nev12942033n234">
<ptxt id="nev20688461n1-nev12942033n233">Quick lock moto#@#@#52#doors</ptxt>
</item>
<item id="nev20688461n1-nev12942033n232">
<ptxt id="nev20688461n1-nev12942033n231">Opening motor i#@#@#20#tment</ptxt>
</item>
<item id="nev20688461n1-nev12942033n230">
<ptxt id="nev20688461n1-nev12942033n229">Contact breaker#@#@#31#andle</ptxt>
</item>
<item id="nev20688461n1-nev12942033n228">
<ptxt id="nev20688461n1-nev12942033n227">Contact breaker#@#@#32# unit</ptxt>
</item>
<item id="nev20688461n1-nev12942033n226">
<ptxt id="nev20688461n1-nev12942033n225">The remote keyl#@#@#57#e key</ptxt>
</item>
<item id="nev20688461n1-nev12942033n224">
<ptxt id="nev20688461n1-nev12942033n223">The switch in t#@#@#139#ions)</ptxt>
</item>
<item id="nev20688461n1-nev12942033n222">
<ptxt id="nev20688461n1-nev12942033n221">Contact breaker#@#@#17#utton</ptxt>
</item>
<item id="nev20688461n1-nev12942033n220">
<ptxt id="nev20688461n1-nev12942033n219">Lock buttons on#@#@#18#ndles</ptxt>
</item>
</list1>
<para id="nev20688461n1-nev12942033n218">
<ptxt id="nev20688461n1-nev12942033n217">The keyless veh#@#@#241#tion.</ptxt>
</para>
<para id="nev20688461n1-nev12942033n216">
<ptxt id="nev20688461n1-nev12942033n215">The outer anten#@#@#80#ment.</ptxt>
<ptxt id="nev20688461n1-nev12965374n241">If a door handl#@#@#353# has.</ptxt>
<ptxt id="nev20688461n1-nev12965374n234">The vehicle can#@#@#70#cted.</ptxt>
</para>
<para id="nev20688461n1-nev12942033n214">
<ptxt id="nev20688461n1-nev12942033n213">There are addit#@#@#233#oard.</ptxt>
</para>
<para id="nev20688461n1-nev12942033n212">
<ptxt id="nev20688461n1-nev12942033n211">There are quick#@#@#538#king.</ptxt>
</para>
<para id="nev20688461n1-nev12942033n210">
<ptxt id="nev20688461n1-nev12942033n209">The remote keyl#@#@#113#KVM).</ptxt>
</para>
<para id="nev20688461n1-nev12942033n208">
<ptxt id="nev20688461n1-nev12942033n207">A switch at the#@#@#264# key.</ptxt>
</para>
<para id="nev20688461n1-nev12965374n220">
<ptxt id="nev20688461n1-nev12965374n209">The control mod#@#@#65# off.</ptxt>
</para>
<note id="nev20688461n1-nev12942033n206">
<ptxt id="nev20688461n1-nev12965374n227">In certain case#@#@#174# are <emph etype="boldital" id="nev20688461n1-nev12965374n199">not</emph> due to any ele#@#@#66#TCs).</ptxt>
</note>
<list1 enumtype="n" id="nev20688461n1-nev12942033n204" type="ordered">
<item id="nev20688461n1-nev12942033n203">
<ptxt id="nev20688461n1-nev12942033n202">If the remote k#@#@#350#rare.</ptxt>
</item>
<item id="nev20688461n1-nev12942033n201">
<ptxt id="nev20688461n1-nev12942033n200">If a button on #@#@#381#take.</ptxt>
</item>
<item id="nev20688461n1-nev12942033n199">
<ptxt id="nev20688461n1-nev12942033n198">Due to increase#@#@#395#tion.</ptxt>
</item>
<item id="nev20688461n1-nev17025302n244">
<ptxt id="nev20688461n1-nev17025302n243">If the remote k#@#@#735#part.</ptxt>
</item>
</list1>
</topic>
<topic id="nev20688461n1-nev12942033n197">
<title id="nev20688461n1-nev12942033n196">Signals</title>
<para id="nev20688461n1-nev12942033n195">
<ptxt id="nev20688461n1-nev12942033n194">The table below#@#@#309#ions.</ptxt>
</para>
<table frame="all" id="nev20688461n1-nev12942033n193" pgwide="1">
<tgroup cols="2" id="nev20688461n1-nev12942033n192">
<colspec colname="col1" colwidth="50*" id="nev20688461n1-nev12942033n191"/>
<colspec colname="col2" colwidth="50*" id="nev20688461n1-nev12942033n190"/>
<tbody id="nev20688461n1-nev12942033n189">
<row id="nev20688461n1-nev12942033n188">
<entry id="nev20688461n1-nev12942033n187">
<title id="nev20688461n1-nev12942033n153">Input signals</title>
</entry>
<entry id="nev20688461n1-nev12942033n186">
<title id="nev20688461n1-nev12942033n152">Output signals</title>
</entry>
</row>
<row id="nev20688461n1-nev12942033n185">
<entry id="nev20688461n1-nev12942033n184" rowsep="0">
<ptxt id="nev20688461n1-nev12942033n165">
<emph id="nev20688461n1-nev12942033n150">Directly connected:</emph>
</ptxt>
</entry>
<entry id="nev20688461n1-nev12942033n183" rowsep="0">
<ptxt id="nev20688461n1-nev12942033n164">
<emph id="nev20688461n1-nev12942033n151">Directly connected:</emph>
</ptxt>
</entry>
</row>
<row id="nev20688461n1-nev12942033n182">
<entry id="nev20688461n1-nev12942033n181">
<list1 enumtype="d" id="nev20688461n1-nev12942033n145" type="unordered">
<item id="nev20688461n1-nev12942033n144">
<ptxt id="nev20688461n1-nev12942033n143">Lock button on #@#@#50#king.</ptxt>
</item>
<item id="nev20688461n1-nev12942033n142">
<ptxt id="nev20688461n1-nev12942033n141">Unlocking switc#@#@#90# out.</ptxt>
</item>
<item id="nev20688461n1-nev12942033n140">
<ptxt id="nev20688461n1-nev12942033n139">Unlocking conta#@#@#86#d in.</ptxt>
</item>
<item id="nev20688461n1-nev12942033n138">
<ptxt id="nev20688461n1-nev12942033n137">Quick lock swit#@#@#60#tted.</ptxt>
</item>
<item id="nev20688461n1-nev12942033n136">
<ptxt id="nev20688461n1-nev12942033n135">Contact breaker#@#@#101#ssed.</ptxt>
</item>
<item id="nev20688461n1-nev12942033n134">
<ptxt id="nev20688461n1-nev12942033n133">Central electro#@#@#69#essed</ptxt>
</item>
<item id="nev20688461n1-nev12942033n132">
<ptxt id="nev20688461n1-nev12942033n131">Clutch switch (#@#@#52#ssed.</ptxt>
</item>
</list1>
</entry>
<entry id="nev20688461n1-nev12942033n180">
<list1 enumtype="d" id="nev20688461n1-nev12942033n130" type="unordered">
<item id="nev20688461n1-nev12942033n129">
<ptxt id="nev20688461n1-nev12942033n128">Internal antenn#@#@#77#ment.</ptxt>
</item>
<item id="nev20688461n1-nev12942033n127">
<ptxt id="nev20688461n1-nev12942033n126">Antenna in the #@#@#57# keys</ptxt>
</item>
<item id="nev20688461n1-nev12942033n125">
<ptxt id="nev20688461n1-nev12942033n124">External antenn#@#@#65#keys.</ptxt>
</item>
<item id="nev20688461n1-nev12942033n123">
<ptxt id="nev20688461n1-nev12942033n122">External rear a#@#@#47#keys.</ptxt>
</item>
<item id="nev20688461n1-nev12942033n121">
<ptxt id="nev20688461n1-nev12942033n120">Lock unit with #@#@#53#door.</ptxt>
</item>
<item id="nev20688461n1-nev12942033n119">
<ptxt id="nev20688461n1-nev12942033n118">Lock unit with #@#@#54#door.</ptxt>
</item>
<item id="nev20688461n1-nev12942033n117">
<ptxt id="nev20688461n1-nev12942033n116">Lock unit with #@#@#52#door.</ptxt>
</item>
<item id="nev20688461n1-nev12942033n115">
<ptxt id="nev20688461n1-nev12942033n114">Lock unit with #@#@#53#door.</ptxt>
</item>
<item id="nev20688461n1-nev12942033n113">
<ptxt id="nev20688461n1-nev12942033n112">The lock unit w#@#@#99# lid.</ptxt>
</item>
</list1>
</entry>
</row>
<row id="nev20688461n1-nev12942033n179">
<entry id="nev20688461n1-nev12942033n178" rowsep="0">
<ptxt id="nev20688461n1-nev12942033n161">
<emph id="nev20688461n1-nev12942033n148">Via serial comm#@#@#5#tion:</emph>
</ptxt>
</entry>
<entry id="nev20688461n1-nev12942033n177" rowsep="0">
<ptxt id="nev20688461n1-nev12942033n160">
<emph id="nev20688461n1-nev12942033n149">Via serial comm#@#@#5#tion:</emph>
</ptxt>
</entry>
</row>
<row id="nev20688461n1-nev12942033n176">
<entry id="nev20688461n1-nev12942033n175">
<list1 enumtype="d" id="nev20688461n1-nev12942033n103" type="unordered">
<item id="nev20688461n1-nev12942033n102">
<ptxt id="nev20688461n1-nev12942033n101">Remote keyless #@#@#61#keys.</ptxt>
</item>
<item id="nev20688461n1-nev12942033n100">
<ptxt id="nev20688461n1-nev12942033n99">Remote keyless #@#@#40#gnal.</ptxt>
</item>
</list1>
</entry>
<entry id="nev20688461n1-nev12942033n174">
<list1 enumtype="d" id="nev20688461n1-nev12942033n88" type="unordered">
<item id="nev20688461n1-nev12942033n85">
<ptxt id="nev20688461n1-nev12942033n84">Remote keyless #@#@#33#ands.</ptxt>
</item>
</list1>
</entry>
</row>
<row id="nev20688461n1-nev12942033n173">
<entry id="nev20688461n1-nev12942033n172" rowsep="0">
<ptxt id="nev20688461n1-nev12942033n157">
<emph id="nev20688461n1-nev12942033n146">Via Controller #@#@#28#tion:</emph>
</ptxt>
</entry>
<entry id="nev20688461n1-nev12942033n171" rowsep="0">
<ptxt id="nev20688461n1-nev12942033n156">
<emph id="nev20688461n1-nev12942033n147">Via Controller #@#@#28#tion:</emph>
</ptxt>
</entry>
</row>
<row id="nev20688461n1-nev12942033n170">
<entry id="nev20688461n1-nev12942033n169">
<list1 enumtype="d" id="nev20688461n1-nev12942033n83" type="unordered">
<item id="nev20688461n1-nev12942033n82">
<ptxt id="nev20688461n1-nev12942033n81">Central electro#@#@#18#4/56)</ptxt>
</item>
<item id="nev20688461n1-nev12942033n80">
<ptxt id="nev20688461n1-nev12942033n79">Infotainment co#@#@#56#ters.</ptxt>
</item>
</list1>
</entry>
<entry id="nev20688461n1-nev12942033n168">
<list1 enumtype="d" id="nev20688461n1-nev12942033n78" type="unordered">
<item id="nev20688461n1-nev12942033n77">
<ptxt id="nev20688461n1-nev12942033n76">Central electro#@#@#18#4/56)</ptxt>
</item>
<item id="nev20688461n1-nev12942033n75">
<ptxt id="nev20688461n1-nev12942033n74">Driver informat#@#@#17#(5/1)</ptxt>
</item>
<item id="nev20688461n1-nev12942033n73">
<ptxt id="nev20688461n1-nev12942033n72">Infotainment co#@#@#56#ters.</ptxt>
</item>
<item id="nev20688461n1-nev12942033n71">
<ptxt id="nev20688461n1-nev12942033n70">Power Operated #@#@#34#ion).</ptxt>
</item>
</list1>
</entry>
</row>
</tbody>
</tgroup>
</table>
<grate id="nev20688461n1-nev12942033n69" pgwide="1">
<graphic id="nev20688461n1-nev12942033n68">
<href>0900c8af83f744d#@#@#11#.jpeg</href>
</graphic>
</grate>
</topic>
</servinfosub>