<?xml version="1.0" encoding="UTF-8"?><servinfosub IE-ID="en-US0900c8af81a9fc00" docno="VCC-162315" id="KC07251440" xml:lang="en-US">
<title>
<phrase category="" id="KC07251444" phrase-urn="urn:x-nevis:phrase:0800c8af81a9fc02">Diagnostic trou#@#@#30#-6760</phrase>
</title>
<diagnostic type="condition">
<condgrp>
<condition type="condition">
<para>
<ptxt>
<phrase category="" id="KC07251445" phrase-urn="urn:x-nevis:phrase:0800c8af81a9fc03">After the engin#@#@#393#cess.</phrase>
</ptxt>
<ptxt>
<phrase category="" id="KC07251446" phrase-urn="urn:x-nevis:phrase:0800c8af81a9fc04">The diagnostic #@#@#64#ess. </phrase>
</ptxt>
</para>
</condition>
</condgrp>
<condgrp>
<condition type="substitution">
<para>
<ptxt>
<phrase category="" id="KC07251447" phrase-urn="urn:x-nevis:phrase:0800c8af81a9fc05">None.</phrase>
</ptxt>
</para>
</condition>
<ps>
<list1 enumtype="d" type="unordered">
<item>
<ptxt>
<phrase category="" id="KC07251448" phrase-urn="urn:x-nevis:phrase:0800c8af81a9fc06">Blocked oil duc#@#@#26#valve</phrase>
</ptxt>
</item>
<item>
<ptxt>
<phrase category="" id="KC07251449" phrase-urn="urn:x-nevis:phrase:0800c8af81a9fc07">Damaged reset valve</phrase>
</ptxt>
</item>
<item>
<ptxt>
<phrase category="" id="KC07251450" phrase-urn="urn:x-nevis:phrase:0800c8af81a9fc08">Mechanical faul#@#@#37#unit.</phrase>
</ptxt>
</item>
</list1>
</ps>
</condgrp>
<condgrp>
<condition type="symptom">
<list1 enumtype="d" type="unordered">
<item>
<ptxt>
<phrase category="" id="KC07251451" phrase-urn="urn:x-nevis:phrase:0800c8af81a9fc09">Noise from the #@#@#13#sion.</phrase>
</ptxt>
</item>
</list1>
</condition>
</condgrp>
</diagnostic>
</servinfosub>