<?xml version="1.0" encoding="UTF-8"?><servinfosub IE-ID="en-US0900c8af8042cc00" docno="VCC-035672" id="KC01402577" xml:lang="en-US">
<title>
<phrase category="" id="KC06985494" phrase-urn="urn:x-nevis:phrase:0800c8af81a49465">Checking leads #@#@#32#otors</phrase>
</title>
<diagnostic type="test">
<testgrp IE-ID="en-US0900c8af8042cc00_KC01402578" id="KC01402578" j2008use="1" paperuse="1" resumable="1" screenuse="1" testgrp-id="fh2" x="120" y="80">
<title>
<phrase category="" id="KC06985495" phrase-urn="urn:x-nevis:phrase:0800c8af81a49466">Checking leads #@#@#32#otors</phrase>
</title>
<node>
<test1>
<diaglist>
<dgraphic>
<dgraphic1>
<graphic id="KC06985496">
<href>0900c8af80054d4#@#@#9#.jpeg</href>
</graphic>
</dgraphic1>
</dgraphic>
<ditem>
<ptxt>
<phrase category="" id="KC06985497" phrase-urn="urn:x-nevis:phrase:0800c8af81a49467">Ignition off.</phrase>
</ptxt>
</ditem>
<ditem>
<ptxt>
<phrase category="" id="KC06985498" phrase-urn="urn:x-nevis:phrase:0800c8af81a49448">Connect connect#@#@#29#tors.</phrase>
</ptxt>
</ditem>
<ditem>
<ptxt>
<phrase category="" id="KC06985499" phrase-urn="urn:x-nevis:phrase:0800c8af81a49449">Remove bus bars#@#@#50#nter.</phrase>
</ptxt>
</ditem>
<ditem>
<ptxt>
<phrase category="" id="KC06985500" phrase-urn="urn:x-nevis:phrase:0800c8af81a4944a">Check central l#@#@#57#elow:</phrase>
</ptxt>
</ditem>
<ditem>
<ptxt>
<phrase category="" id="KC06985501" phrase-urn="urn:x-nevis:phrase:0800c8af81a4944b">pos 2 Trunk/tailgate</phrase>
</ptxt>
</ditem>
<ditem>
<ptxt>
<phrase category="" id="KC06985502" phrase-urn="urn:x-nevis:phrase:0800c8af81a4944c">Pos 3 RH rear door</phrase>
</ptxt>
</ditem>
<ditem>
<ptxt>
<phrase category="" id="KC06985503" phrase-urn="urn:x-nevis:phrase:0800c8af81a4944d">Pos 4 LH rear door</phrase>
</ptxt>
</ditem>
<ditem>
<ptxt>
<phrase category="" id="KC06985504" phrase-urn="urn:x-nevis:phrase:0800c8af81a4944e">Pos 5 RH front door</phrase>
</ptxt>
</ditem>
<ditem>
<ptxt>
<phrase category="" id="KC06985505" phrase-urn="urn:x-nevis:phrase:0800c8af81a4944f">Pos 6 LH front door</phrase>
</ptxt>
</ditem>
</diaglist>
<test2>
<ptxt>
<phrase category="" id="KC06985506" phrase-urn="urn:x-nevis:phrase:0800c8af81a49450"/>
</ptxt>
<ptxt>
<phrase category="" id="KC06985507" phrase-urn="urn:x-nevis:phrase:0800c8af81a49451">Where busbar 15#@#@#68#king.</phrase>
</ptxt>
<grate>
<graphic id="KC06985508">
<href>0900c8af80124e9#@#@#9#.jpeg</href>
</graphic>
</grate>
</test2>
</test1>
<question>Select 'Continue'</question>
<resact-grp>
<result button="cont" comp="button" highlight="0"/>
<action j2008use="1" paperuse="1" screenuse="1">
<ptxt>
<xref>
<ref id="KC06985509"/>
</xref>
</ptxt>
</action>
</resact-grp>
</node>
</testgrp>
<testgrp id="KC01402579" j2008use="1" paperuse="1" resumable="1" screenuse="1" testgrp-id="fh2-1" x="120" y="160">
<title>
<phrase category="" id="KC06985510" phrase-urn="urn:x-nevis:phrase:0800c8af81a49452">Checking for op#@#@#5#rcuit</phrase>
</title>
<node>
<test1>
<test2>
<ptxt>
<phrase category="" id="KC06985511" phrase-urn="urn:x-nevis:phrase:0800c8af81a49453">Connect an ohmm#@#@#93#o on.</phrase>
</ptxt>
<diaglist>
<dgraphic>
<dgraphic2>
<graphic id="KC06985512">
<href>0900c8af80054d4#@#@#9#.jpeg</href>
</graphic>
<smarttool active="press" id="KC06985513" toolname="ODAH"/>
</dgraphic2>
</dgraphic>
<ditem>
<ptxt>
<phrase category="" id="KC06985514" phrase-urn="urn:x-nevis:phrase:0800c8af81a49454">Ohmmeter should#@#@#30#ase. </phrase>
</ptxt>
</ditem>
<ditem>
<ditemtext>
<ptxt>
<phrase category="" id="KC06985515" phrase-urn="urn:x-nevis:phrase:0800c8af81a49455"/>
</ptxt>
</ditemtext>
</ditem>
</diaglist>
<grate>
<graphic id="KC06985516">
<href>0900c8af800570b#@#@#9#.jpeg</href>
</graphic>
</grate>
</test2>
</test1>
<question>Select 'Continue'</question>
<resact-grp>
<result button="cont" comp="button" highlight="0"/>
<action j2008use="1" paperuse="1" screenuse="1">
<ptxt>
<xref>
<ref id="KC06985517"/>
</xref>
</ptxt>
</action>
</resact-grp>
</node>
</testgrp>
<testgrp id="KC01402580" j2008use="1" paperuse="1" resumable="1" screenuse="1" testgrp-id="fh2-2" x="360" y="80">
<title>
<phrase category="" id="KC06985518" phrase-urn="urn:x-nevis:phrase:0800c8af81a49456">Check for short#@#@#14#ound.</phrase>
</title>
<node>
<test1>
<test2>
<ptxt>
<phrase category="" id="KC06985519" phrase-urn="urn:x-nevis:phrase:0800c8af81a49457">Connect an ohmm#@#@#92#o on.</phrase>
</ptxt>
<diaglist>
<dgraphic>
<dgraphic2>
<graphic id="KC06985520">
<href>0900c8af80054d4#@#@#9#.jpeg</href>
</graphic>
<smarttool active="press" id="KC06985521" toolname="ODAH"/>
</dgraphic2>
</dgraphic>
<ditem>
<ptxt>
<phrase category="" id="KC06985522" phrase-urn="urn:x-nevis:phrase:0800c8af81a49458">Ohmmeter should#@#@#49#ars. </phrase>
</ptxt>
</ditem>
<ditem>
<ditemtext>
<ptxt>
<phrase category="" id="KC06985523" phrase-urn="urn:x-nevis:phrase:0800c8af81a49459"/>
</ptxt>
</ditemtext>
</ditem>
</diaglist>
<grate>
<graphic id="KC06985524">
<href>0900c8af800570b#@#@#9#.jpeg</href>
</graphic>
</grate>
</test2>
</test1>
<question>Select 'Continue'</question>
<resact-grp>
<result button="cont" comp="button" highlight="0"/>
<action j2008use="1" paperuse="1" screenuse="1">
<ptxt>
<xref>
<ref id="KC06985525"/>
</xref>
</ptxt>
</action>
</resact-grp>
</node>
</testgrp>
<testgrp id="KC01402581" j2008use="1" paperuse="1" resumable="1" screenuse="1" testgrp-id="fh2-3" x="560" y="80">
<title>
<phrase category="" id="KC06985526" phrase-urn="urn:x-nevis:phrase:0800c8af81a4945a">Checking for sh#@#@#24#upply</phrase>
</title>
<node>
<test1>
<test2>
<ptxt>
<phrase category="" id="KC06985527" phrase-urn="urn:x-nevis:phrase:0800c8af81a4945b">Connect a voltm#@#@#92#o on.</phrase>
</ptxt>
<diaglist>
<dgraphic>
<dgraphic2>
<graphic id="KC06985528">
<href>0900c8af80054d4#@#@#9#.jpeg</href>
</graphic>
<smarttool active="press" id="KC06985529" toolname="VDCDAH"/>
</dgraphic2>
</dgraphic>
<ditem>
<ditemtext>
<ptxt>
<phrase category="" id="KC06985530" phrase-urn="urn:x-nevis:phrase:0800c8af81a4945c"/>
</ptxt>
</ditemtext>
</ditem>
</diaglist>
<grate>
<graphic id="KC06985531">
<href>0900c8af800570c#@#@#9#.jpeg</href>
</graphic>
</grate>
</test2>
</test1>
<question>Voltmeter shoul#@#@#33#bars.</question>
<resact-grp>
<result button="ok" comp="button" highlight="0"/>
<action j2008use="1" paperuse="1" screenuse="1">
<ptxt>
<xref>
<ref id="KC06985532"/>
</xref>
</ptxt>
</action>
</resact-grp>
<resact-grp>
<result button="notok" comp="button" highlight="0"/>
<action j2008use="1" paperuse="1" screenuse="1">
<ptxt>
<xref>
<ref id="KC06985533"/>
</xref>
</ptxt>
</action>
</resact-grp>
</node>
</testgrp>
<testgrp id="KC01402582" j2008use="1" paperuse="1" resumable="1" screenuse="1" testgrp-id="fh2-4" x="200" y="240">
<title>
<phrase category="" id="KC06985534" phrase-urn="urn:x-nevis:phrase:0800c8af81a4945e">Install new com#@#@#1#onent</phrase>
</title>
<node>
<test1>
<test2>
<ptxt>
<phrase category="" id="KC06985535" phrase-urn="urn:x-nevis:phrase:0800c8af81a4945f">Try another cen#@#@#19# See <xref>
<ref id="KC06985536"/>
</xref>, <xref>
<ref id="KC06985537"/>
</xref> and/or trunk/t#@#@#8# See <xref>
<ref id="KC06985538"/>
</xref>.</phrase>
</ptxt>
<grate>
<graphic id="KC06985539">
<href>0900c8af80125e4#@#@#9#.jpeg</href>
</graphic>
</grate>
</test2>
</test1>
<question>Select 'Continu#@#@#25#died.</question>
<resact-grp>
<result button="cont" comp="button" highlight="0"/>
<action j2008use="1" paperuse="1" screenuse="1">
<ptxt>
<xref>
<ref id="KC06985540"/>
</xref>
</ptxt>
</action>
</resact-grp>
</node>
</testgrp>
<testgrp id="KC01402583" j2008use="1" paperuse="1" resumable="1" screenuse="1" testgrp-id="fh2-5" x="360" y="240">
<title>
<phrase category="" id="KC06985541" phrase-urn="urn:x-nevis:phrase:0800c8af81a49460">Checking for op#@#@#5#rcuit</phrase>
</title>
<node>
<test1>
<test2>
<ptxt>
<phrase category="" id="KC06985542" phrase-urn="urn:x-nevis:phrase:0800c8af81a49461">Check the relev#@#@#33# See <xref>
<ref id="KC06985543"/>
</xref>. Check for a s#@#@#13# See <xref>
<ref id="KC06985544"/>
</xref>. </phrase>
</ptxt>
<diaglist>
<dgraphic>
<dgraphic2>
<graphic id="KC06985545">
<href>0900c8af80054d4#@#@#9#.jpeg</href>
</graphic>
<smarttool active="press" id="KC06985546" toolname="ODAH"/>
</dgraphic2>
</dgraphic>
<ditem>
<ditemtext>
<ptxt>
<phrase category="" id="KC06985547" phrase-urn="urn:x-nevis:phrase:0800c8af81a49462"/>
</ptxt>
</ditemtext>
</ditem>
</diaglist>
<grate>
<graphic id="KC06985548">
<href>0900c8af800570b#@#@#9#.jpeg</href>
</graphic>
</grate>
</test2>
</test1>
<question>Select 'Continu#@#@#25#died.</question>
<resact-grp>
<result button="cont" comp="button" highlight="0"/>
<action j2008use="1" paperuse="1" screenuse="1">
<ptxt>
<xref>
<ref id="KC06985549"/>
</xref>
</ptxt>
</action>
</resact-grp>
</node>
</testgrp>
<testgrp id="KC01402584" j2008use="1" paperuse="1" resumable="1" screenuse="1" testgrp-id="verfh2" x="560" y="80">
<title>
<phrase category="" id="KC06985550" phrase-urn="urn:x-nevis:phrase:0800c8af81a49463">Verification</phrase>
</title>
<subcalloutnode>
<diagcallout>
<xref>
<ref id="KC06985551"/>
</xref>
</diagcallout>
<rescall-grp>
<result comp="string" highlight="0" op="eq" return="VERIFIED"/>
<calloutaction>
<return value="FAULT FOUND"/>
</calloutaction>
</rescall-grp>
<rescall-grp>
<result comp="string" highlight="0" op="eq" return="VERIFICATION FAILED"/>
<calloutaction>
<ptxt>
<xref>
<ref id="KC06985552"/>
</xref>
</ptxt>
</calloutaction>
</rescall-grp>
</subcalloutnode>
</testgrp>
<testgrp id="KC01402585" j2008use="1" paperuse="1" resumable="1" screenuse="1" testgrp-id="info8" x="720" y="80">
<title>
<phrase category="" id="KC06985553" phrase-urn="urn:x-nevis:phrase:0800c8af81a49464">Fault-tracing i#@#@#5#ation</phrase>
</title>
<subcalloutnode>
<diagcallout>
<xref>
<ref id="KC06985554"/>
</xref>
</diagcallout>
<rescall-grp>
<result comp="string" highlight="0" op="eq" return="FAULTTRACING FAILED"/>
<calloutaction>
<return value="FAULTTRACING FAILED"/>
</calloutaction>
</rescall-grp>
<rescall-grp>
<result comp="string" highlight="0" op="eq" return="NEW TRY"/>
<calloutaction>
<ptxt>
<xref>
<ref id="KC06985555"/>
</xref>
</ptxt>
</calloutaction>
</rescall-grp>
</subcalloutnode>
</testgrp>
</diagnostic>
</servinfosub>