<?xml version="1.0" encoding="UTF-8"?><i2 IE-ID="en-US0900c8af882f6b0f" docno="VCC-461642" id="nev19120095n1" original="sv-SE" xml:lang="en-US">
<frontm id="nev19120097n1-nev30209529n8">
<prolog>
<tpnbr>31650148</tpnbr>
</prolog>
<titlep id="nev19120097n1-nev30209529n7">
<title id="nev19120095n2">Parking assista#@#@#12# rear</title>
</titlep>
<preface id="nev19120097n1-nev30209529n2">
<toolpics id="nev19120097n1-nev30210189n100">
<title id="nev19120097n1-0800c8af84f6831f">Equipment</title>
<i2graphic id="nev19120097n1-nev27098256n8">
<href>0900c8af800542e#@#@#11#.jpeg</href>
</i2graphic>
<i2graphic id="nev19120097n1-nev27196494n74">
<href>0900c8af83557d9#@#@#9#.jpeg</href>
</i2graphic>
<i2graphic id="nev19120097n1-nev27283226n82">
<href>0900c8af83557dc#@#@#9#.jpeg</href>
</i2graphic>
</toolpics>
<kitpics id="nev19120097n1-nev30209529n1">
<title id="nev19120097n1-0800c8af84f6835a">Component overview</title>
<i2graphic id="nev19120097n1-nev27388741n90">
<href>0900c8af879715c#@#@#11#.jpeg</href>
</i2graphic>
</kitpics>
</preface>
</frontm>
<body id="nev19120097n1-nev30209529n9">
<servinfosub docno="VCC-461642" id="nev19120097n1-nev19120095n1" original="sv-SE" servinfosubId="nev19120097n1-nev27098242n1" servinfosubRes="0900c8af882f6b24" servinfosubRes2="urn:x-nevis:fragment:0900c8af882f6b0f:0900c8af882f6b24#nev27098242n1">
<operationnumbers>
<operationnumber>36648-2</operationnumber>
</operationnumbers>
<toolitemtable id="nev19120097n1-nev30210193n50">
<table id="nev19120097n1-nev30210193n49">
<tgroup cols="2" id="nev19120097n1-nev30210193n48">
<colspec colname="COLSPEC0" colwidth="1.00*" id="nev19120097n1-nev30210193n47"/>
<colspec colname="COLSPEC1" colwidth="1.00*" id="nev19120097n1-nev30210193n46"/>
<thead id="nev19120097n1-nev30210193n45">
<row id="nev19120097n1-nev30210193n44">
<entry id="nev19120097n1-nev30210193n43" nameend="COLSPEC1" namest="COLSPEC0" valign="top">
<ptxt id="nev19120097n1-nev30210193n42">
<emph id="nev19120097n1-nev30210193n41">Special tools</emph>
</ptxt>
</entry>
</row>
</thead>
<tbody id="nev19120097n1-nev30210193n40">
<row id="nev19120097n1-nev30210193n39">
<entry id="nev19120097n1-nev30210193n38">
<graphic id="nev19120097n1-nev30210193n37">
<href>0900c8af800543f#@#@#9#.jpeg</href>
</graphic>
</entry>
<entry id="nev19120097n1-nev30210193n36">
<ptxt id="nev19120097n1-nev30210193n35">
<emph id="nev19120097n1-nev30210193n34">999 5919 PULLER#@#@#33#-6304</emph>
</ptxt>
<ptxt id="nev19120097n1-nev30210193n32">
<emph id="nev19120097n1-nev30210193n31">Tool number:</emph>999 5919</ptxt>
<ptxt id="nev19120097n1-nev30210193n30">
<emph id="nev19120097n1-nev30210193n29">Tool description:</emph>PULLER (SEAL-PI#@#@#24#-6304</ptxt>
<ptxt id="nev19120097n1-nev30210193n27">
<emph id="nev19120097n1-nev30210193n26">Tool boards:</emph>46</ptxt>
</entry>
</row>
<row id="nev19120097n1-nev30210193n25">
<entry id="nev19120097n1-nev30210193n24">
<graphic id="nev19120097n1-nev30210193n23">
<href>0900c8af862ea73#@#@#9#.jpeg</href>
</graphic>
</entry>
<entry id="nev19120097n1-nev30210193n22">
<ptxt id="nev19120097n1-nev30210193n21">
<emph id="nev19120097n1-nev30210193n20">981 4199 Torque#@#@#2#rench</emph>
</ptxt>
<ptxt id="nev19120097n1-nev30210193n18">
<emph id="nev19120097n1-nev30210193n17">Tool number:</emph>981 4199</ptxt>
<ptxt id="nev19120097n1-nev30210193n16">
<emph id="nev19120097n1-nev30210193n15">Tool description:</emph>Torque wrench</ptxt>
<ptxt id="nev19120097n1-nev30210193n13">
<emph id="nev19120097n1-nev30210193n12">Tool boards:</emph>08</ptxt>
</entry>
</row>
</tbody>
</tgroup>
</table>
</toolitemtable>
<materialtable id="nev19120097n1-nev30210193n11">
<table id="nev19120097n1-nev30210193n10">
<tgroup cols="2" id="nev19120097n1-nev30210193n9">
<colspec colname="COLSPEC0" colwidth="1.00*" id="nev19120097n1-nev30210193n8"/>
<colspec colname="COLSPEC1" colwidth="1.00*" id="nev19120097n1-nev30210193n7"/>
<thead id="nev19120097n1-nev30210193n6">
<row id="nev19120097n1-nev30210193n5">
<entry id="nev19120097n1-nev30210193n4" nameend="COLSPEC1" namest="COLSPEC0" valign="top">
<ptxt id="nev19120097n1-nev30210193n3">
<emph id="nev19120097n1-nev30210193n2">Materials</emph>
</ptxt>
</entry>
</row>
</thead>
<tbody id="nev19120097n1-nev30210193n1">
<row id="nev19120097n1-nev30210194n100">
<entry id="nev19120097n1-nev30210194n99">
<ptxt id="nev19120097n1-nev30210194n98">
<emph id="nev19120097n1-nev30210194n97">Designation</emph>
</ptxt>
</entry>
<entry id="nev19120097n1-nev30210194n96">
<ptxt id="nev19120097n1-nev30210194n95">
<emph id="nev19120097n1-nev30210194n94">Part number</emph>
</ptxt>
</entry>
</row>
<row id="nev19120097n1-nev30210194n93">
<entry id="nev19120097n1-nev30210194n92">
<ptxt id="nev19120097n1-nev30210194n91">Cable tie, 750 mm</ptxt>
</entry>
<entry id="nev19120097n1-nev30210194n89">
<ptxt id="nev19120097n1-nev30210194n88">988734</ptxt>
</entry>
</row>
<row id="nev19120097n1-nev30210194n87">
<entry id="nev19120097n1-nev30210194n86">
<ptxt id="nev19120097n1-nev30210194n85">Electrical tape</ptxt>
</entry>
<entry id="nev19120097n1-nev30210194n83">
<ptxt id="nev19120097n1-nev30210194n82"/>
</entry>
</row>
<row id="nev19120097n1-nev30210194n81">
<entry id="nev19120097n1-nev30210194n80">
<ptxt id="nev19120097n1-nev30210194n79">Lubricant</ptxt>
</entry>
<entry id="nev19120097n1-nev30210194n77">
<ptxt id="nev19120097n1-nev30210194n76">1161150</ptxt>
</entry>
</row>
</tbody>
</tgroup>
</table>
</materialtable>
<procedure id="nev19120097n1-nev27098273n8">
<stepgrp boilerplate="false" context="" id="nev19120097n1-nev30210189n98">
<title id="nev19120097n1-0800c8af84f682f9">Information</title>
<procstep id="nev19120097n1-nev27284611n100">
<list1 enumtype="b" id="nev13396149n248" type="unordered">
<item id="nev13396149n246">
<ptxt id="nev13396149n244">  Read through #@#@#48#tion.</ptxt>
</item>
<item id="nev13396149n240">
<ptxt id="nev13396149n238">Notifications a#@#@#99#tion.</ptxt>
</item>
<item id="nev13396149n236">
<ptxt id="nev13396149n234">Ensure that all#@#@#72#tion.</ptxt>
</item>
<item id="nev13396149n232">
<ptxt id="nev13396149n230">Certain steps i#@#@#114#teps.</ptxt>
</item>
<item id="nev13396149n228">
<ptxt id="nev13396149n226">In the event of#@#@#81#aler.</ptxt>
</item>
</list1>
</procstep>
</stepgrp>
<stepgrp boilerplate="false" context="" id="nev19120097n1-nev30210189n95">
<title id="nev19120097n1-0800c8af84f6830b">Conditions</title>
<procstep id="nev19120097n1-nev27284611n95">
<para id="nev19120097n1-nev30210189n93">
<ptxt id="nev19120097n1-nev30210189n94">There may be pa#@#@#64#tion.</ptxt>
</para>
</procstep>
</stepgrp>
<stepgrp boilerplate="false" context="" id="nev19120097n1-nev30210189n92">
<title id="nev19120097n1-0800c8af844a46ee">Color symbols</title>
<procstep id="nev19120097n1-nev27284611n90">
<grate id="nev19120097n1-nev30210189n90">
<graphic id="nev19120097n1-nev30210189n91">
<href>0900c8af8579af4#@#@#9#.jpeg</href>
</graphic>
<graphtext id="nev19120097n1-nev30210220n1">
<note id="nev19120097n1-0800c8af857d02fc">
<ptxt>This colour cha#@#@#127#teps.</ptxt>
</note>
<list1 enumtype="n" id="nev19120097n1-nev27284617n7" type="ordered">
<item id="nev19120097n1-nev30210189n89">
<ptxt id="nev19120097n1-nev30210189n88">Used for focuse#@#@#55#hing.</ptxt>
</item>
<item id="nev19120097n1-nev30210189n87">
<ptxt id="nev19120097n1-nev30210189n86">Used as extra c#@#@#57#arts.</ptxt>
</item>
<item id="nev19120097n1-nev30210189n85">
<ptxt id="nev19120097n1-nev30210189n84">Used for attach#@#@#73# etc.</ptxt>
</item>
<item id="nev19120097n1-nev30210189n83">
<ptxt id="nev19120097n1-nev30210189n82">Used when the c#@#@#68#side.</ptxt>
</item>
<item id="nev19120097n1-nev30210189n81">
<ptxt id="nev19120097n1-nev30210189n80">Used for standa#@#@#22#ools.</ptxt>
</item>
<item id="nev19120097n1-nev30210189n79">
<ptxt id="nev19120097n1-nev30210189n78">Used as backgro#@#@#28#ents.</ptxt>
</item>
</list1>
</graphtext>
</grate>
</procstep>
<procstep id="nev19120097n1-nev27284611n73">
<grate id="nev19120097n1-nev30210189n76">
<graphic id="nev19120097n1-nev30210189n77">
<href>0900c8af8690a24#@#@#9#.jpeg</href>
</graphic>
</grate>
</procstep>
</stepgrp>
<stepgrp boilerplate="false" context="" id="nev19120097n1-nev30210189n75">
<title id="nev19120097n1-0800c8af844a46f6">Removal</title>
<procstep id="nev19120097n1-nev27284611n68">
<note id="nev19120097n1-0800c8af85df52b8">
<ptxt>The removal ste#@#@#31#ails.</ptxt>
</note>
</procstep>
<procstep id="nev19120097n1-nev27284611n66">
<grate id="nev19120097n1-nev30210189n73">
<graphic id="nev19120097n1-nev30210189n74">
<href>0900c8af863c3d3#@#@#9#.jpeg</href>
</graphic>
<graphtext id="nev19120097n1-nev30210227n1">
<note id="nev19120097n1-0800c8af85df4c6e">
<ptxt>The graphic sho#@#@#39#oval.</ptxt>
</note>
</graphtext>
</grate>
</procstep>
<procstep id="nev19120097n1-nev27284611n62">
<grate id="nev19120097n1-nev30210189n71">
<graphic id="nev19120097n1-nev30210189n72">
<href>0900c8af8717372#@#@#9#.jpeg</href>
</graphic>
<graphtext id="nev19120097n1-nev30210231n1">
<note id="nev19120097n1-0800c8af84fbdaa2">
<ptxt>Perform the pro#@#@#21#time.</ptxt>
</note>
<para id="nev19120097n1-nev30210189n69">
<ptxt id="nev19120097n1-nev30210189n70">
<toolitem boilerplate="true" id="nev19120097n1-nev27284618n82" imageid="0900c8af800543f9"/>
</ptxt>
</para>
<para id="nev19120097n1-nev30210189n67">
<ptxt id="nev19120097n1-nev30210189n68">Disconnect the #@#@#5#ctor.</ptxt>
</para>
</graphtext>
</grate>
</procstep>
<procstep id="nev19120097n1-nev27284611n53">
<grate id="nev19120097n1-nev30210189n65">
<graphic id="nev19120097n1-nev30210189n66">
<href>0900c8af872d22d#@#@#9#.jpeg</href>
</graphic>
<graphtext id="nev19120097n1-nev30210238n1">
<para id="nev19120097n1-nev30210189n63">
<ptxt id="nev19120097n1-nev30210189n64">Remove the panel.</ptxt>
</para>
</graphtext>
</grate>
</procstep>
<procstep id="nev19120097n1-nev27284611n48">
<grate id="nev19120097n1-nev30210189n61">
<graphic id="nev19120097n1-nev30210189n62">
<href>0900c8af8717332#@#@#9#.jpeg</href>
</graphic>
<graphtext id="nev19120097n1-nev30210242n1">
<para id="nev19120097n1-nev30210189n59">
<ptxt id="nev19120097n1-nev30210189n60">Remove the panel.</ptxt>
</para>
<para id="nev19120097n1-nev30210189n57">
<ptxt id="nev19120097n1-nev30210189n58">Disconnect the #@#@#20#able.</ptxt>
</para>
</graphtext>
</grate>
</procstep>
<procstep id="nev19120097n1-nev27284611n41">
<grate id="nev19120097n1-nev30210189n55">
<graphic id="nev19120097n1-nev30210189n56">
<href>0900c8af872d223#@#@#9#.jpeg</href>
</graphic>
<graphtext id="nev19120097n1-nev30210246n1">
<para id="nev19120097n1-nev30210189n53">
<ptxt id="nev19120097n1-nev30210189n54">Remove the panel.</ptxt>
</para>
</graphtext>
</grate>
</procstep>
<procstep id="nev19120097n1-nev27284611n36">
<grate id="nev19120097n1-nev30210189n51">
<graphic id="nev19120097n1-nev30210189n52">
<href>0900c8af872d22d#@#@#9#.jpeg</href>
</graphic>
<graphtext id="nev19120097n1-nev30210250n1">
<para id="nev19120097n1-nev30210189n49">
<ptxt id="nev19120097n1-nev30210189n50">Remove the panel.</ptxt>
</para>
<para id="nev19120097n1-nev30210189n47">
<ptxt id="nev19120097n1-nev30210189n48">Disconnect the #@#@#20#able.</ptxt>
</para>
</graphtext>
</grate>
</procstep>
<procstep id="nev19120097n1-nev27284611n29">
<grate id="nev19120097n1-nev30210189n45">
<graphic id="nev19120097n1-nev30210189n46">
<href>0900c8af872d22d#@#@#9#.jpeg</href>
</graphic>
<graphtext id="nev19120097n1-nev30210254n1">
<para id="nev19120097n1-nev30210189n43">
<ptxt id="nev19120097n1-nev30210189n44">Remove the screws.</ptxt>
</para>
<para id="nev19120097n1-nev30210189n41">
<ptxt id="nev19120097n1-nev30210189n42">Remove the panel.</ptxt>
</para>
</graphtext>
</grate>
</procstep>
<procstep id="nev19120097n1-nev27284611n22">
<grate id="nev19120097n1-nev30210189n39">
<graphic id="nev19120097n1-nev30210189n40">
<href>0900c8af8766e40#@#@#9#.jpeg</href>
</graphic>
</grate>
</procstep>
<procstep id="nev19120097n1-nev27284611n19">
<grate id="nev19120097n1-nev30210189n37">
<graphic id="nev19120097n1-nev30210189n38">
<href>0900c8af872d2ce#@#@#9#.jpeg</href>
</graphic>
</grate>
</procstep>
<procstep id="nev19120097n1-nev27284611n16">
<grate id="nev19120097n1-nev30210189n35">
<graphic id="nev19120097n1-nev30210189n36">
<href>0900c8af872d2fa#@#@#9#.jpeg</href>
</graphic>
<graphtext id="nev19120097n1-nev30210264n1">
<para id="nev19120097n1-nev30210189n33">
<ptxt id="nev19120097n1-nev30210189n34">Remove the panel.</ptxt>
</para>
</graphtext>
</grate>
</procstep>
<procstep id="nev19120097n1-nev27284611n11">
<grate id="nev19120097n1-nev30210189n31">
<graphic id="nev19120097n1-nev30210189n32">
<href>0900c8af873037e#@#@#9#.jpeg</href>
</graphic>
</grate>
</procstep>
<procstep id="nev19120097n1-nev27284611n8">
<grate id="nev19120097n1-nev30210189n29">
<graphic id="nev19120097n1-nev30210189n30">
<href>0900c8af87303fe#@#@#9#.jpeg</href>
</graphic>
<graphtext id="nev19120097n1-nev30210271n1">
<note id="nev19120097n1-0800c8af85df4c6e">
<ptxt>The graphic sho#@#@#39#oval.</ptxt>
</note>
</graphtext>
</grate>
</procstep>
<procstep id="nev19120097n1-nev27284611n4">
<grate id="nev19120097n1-nev30210189n27">
<graphic id="nev19120097n1-nev30210189n28">
<href>0900c8af87303fe#@#@#9#.jpeg</href>
</graphic>
<graphtext id="nev19120097n1-nev30210275n1">
<para id="nev19120097n1-nev30210189n25">
<ptxt id="nev19120097n1-nev30210189n26">Remove the panel.</ptxt>
</para>
<para id="nev19120097n1-nev30210189n23">
<ptxt id="nev19120097n1-nev30210189n24">Use hands only.</ptxt>
</para>
</graphtext>
</grate>
</procstep>
<procstep id="nev19120097n1-nev27284612n97">
<grate id="nev19120097n1-nev30210189n21">
<graphic id="nev19120097n1-nev30210189n22">
<href>0900c8af87303ff#@#@#9#.jpeg</href>
</graphic>
<graphtext id="nev19120097n1-nev30210279n1">
<para id="nev19120097n1-nev30210189n19">
<ptxt id="nev19120097n1-nev30210189n20">Release the catch.</ptxt>
</para>
<para id="nev19120097n1-nev30210189n17">
<ptxt id="nev19120097n1-nev30210189n18">Remove the mark#@#@#3#part.</ptxt>
</para>
</graphtext>
</grate>
</procstep>
<procstep id="nev19120097n1-nev27284612n90">
<grate id="nev19120097n1-nev30210189n15">
<graphic id="nev19120097n1-nev30210189n16">
<href>0900c8af8747692#@#@#9#.jpeg</href>
</graphic>
<graphtext id="nev19120097n1-nev30210283n1">
<para id="nev19120097n1-nev30210189n13">
<ptxt id="nev19120097n1-nev30210189n14">Remove the panel.</ptxt>
</para>
<para id="nev19120097n1-nev30210189n11">
<ptxt id="nev19120097n1-nev30210189n12">Use hands only.</ptxt>
</para>
</graphtext>
</grate>
</procstep>
<procstep id="nev19120097n1-nev27284612n83">
<grate id="nev19120097n1-nev30210189n9">
<graphic id="nev19120097n1-nev30210189n10">
<href>0900c8af8747692#@#@#9#.jpeg</href>
</graphic>
<graphtext id="nev19120097n1-nev30210287n1">
<para id="nev19120097n1-nev30210189n7">
<ptxt id="nev19120097n1-nev30210189n8">Remove the screw.</ptxt>
</para>
<para id="nev19120097n1-nev30210189n5">
<ptxt id="nev19120097n1-nev30210189n6">
<torque id="nev19120097n1-nev27284618n17">
<ref id="nev19120097n1-nev27098290n1">
<locator href="#nev19120097n1-nev27098290n1" label="L0"/>
<locator href="urn:x-nevis:xref:0800c8af83434449:0000000000000000:0900c8af83434452#include" label="L1"/>
<arc from="L0" href="urn:x-nevis:xref:0800c8af83434449:0900c8af8343444a:0900c8af83434452#include" role="urn:x-nevis:profile:0b00c8af80206803 urn:x-nevis:profile:0b00c8af80206820 urn:x-nevis:profile:0b00c8af8020681c urn:x-nevis:profile:0b00c8af80206836 urn:x-nevis:profile:0b00c8af802067e1 urn:x-nevis:profile:0b00c8af802067d6 urn:x-nevis:profile:0b00c8af802067ef urn:x-nevis:profile:0b00c8af8020683a urn:x-nevis:profile:0b00c8af80206800 urn:x-nevis:profile:0b00c8af80206835 urn:x-nevis:profile:0b00c8af802067f3 urn:x-nevis:profile:0b00c8af802067cc urn:x-nevis:profile:0b00c8af80206805 urn:x-nevis:profile:0b00c8af8020683d urn:x-nevis:profile:0b00c8af80206829 urn:x-nevis:profile:0b00c8af80206840 urn:x-nevis:profile:0b00c8af80206808 urn:x-nevis:profile:0b00c8af80206818 urn:x-nevis:profile:0b00c8af80206831 urn:x-nevis:profile:0b00c8af80206830 urn:x-nevis:profile:0b00c8af802067ed urn:x-nevis:profile:0b00c8af80206824 urn:x-nevis:profile:0b00c8af8020682f urn:x-nevis:profile:0b00c8af80206822 urn:x-nevis:profile:0b00c8af8020682a urn:x-nevis:profile:0b00c8af802067fd urn:x-nevis:profile:0b00c8af80206819 urn:x-nevis:profile:0b00c8af802067cf urn:x-nevis:profile:0b00c8af8020680a urn:x-nevis:profile:0b00c8af802067f0 urn:x-nevis:profile:0b00c8af802067fa urn:x-nevis:profile:0b00c8af8020682d urn:x-nevis:profile:0b00c8af80206827 urn:x-nevis:profile:0b00c8af8020680d urn:x-nevis:profile:0b00c8af802067f7 urn:x-nevis:profile:0b00c8af802067fb urn:x-nevis:profile:0b00c8af8020683c urn:x-nevis:profile:0b00c8af802067d9 urn:x-nevis:profile:0b00c8af8020681a urn:x-nevis:profile:0b00c8af80206839 urn:x-nevis:profile:0b00c8af80206834 urn:x-nevis:profile:0b00c8af802067fc urn:x-nevis:profile:0b00c8af8020681e urn:x-nevis:profile:0b00c8af8020681d urn:x-nevis:profile:0b00c8af8020682b urn:x-nevis:profile:0b00c8af802067ff urn:x-nevis:profile:0b00c8af802067f9 urn:x-nevis:profile:0b00c8af8020683b urn:x-nevis:profile:0b00c8af80206838 urn:x-nevis:profile:0b00c8af802067d1 urn:x-nevis:profile:0b00c8af80206837 urn:x-nevis:profile:0b00c8af802067dd urn:x-nevis:profile:0b00c8af802067f1 urn:x-nevis:profile:0b00c8af80206828 urn:x-nevis:profile:0b00c8af80206801 urn:x-nevis:profile:0b00c8af802067d3 urn:x-nevis:profile:0b00c8af8020680e urn:x-nevis:profile:0b00c8af802067d4 urn:x-nevis:profile:0b00c8af802067f4 urn:x-nevis:profile:0b00c8af802067e5 urn:x-nevis:profile:0b00c8af80206826 urn:x-nevis:profile:0b00c8af80206807 urn:x-nevis:profile:0b00c8af802067f2 urn:x-nevis:profile:0b00c8af80206823 urn:x-nevis:profile:0b00c8af80206825 urn:x-nevis:profile:0b00c8af80206833 urn:x-nevis:profile:0b00c8af80206821 urn:x-nevis:profile:0b00c8af8020683e urn:x-nevis:profile:0b00c8af8020680f urn:x-nevis:profile:0b00c8af8020681f urn:x-nevis:profile:0b00c8af802067eb urn:x-nevis:profile:0b00c8af802067df urn:x-nevis:profile:0b00c8af8020680b urn:x-nevis:profile:0b00c8af80206841 urn:x-nevis:profile:0b00c8af80206816 urn:x-nevis:profile:0b00c8af80206832 urn:x-nevis:profile:0b00c8af802067ea urn:x-nevis:profile:0b00c8af80206817 urn:x-nevis:profile:0b00c8af802067e7 urn:x-nevis:profile:0b00c8af80206814 urn:x-nevis:profile:0b00c8af802067c9 urn:x-nevis:profile:0b00c8af80206810 urn:x-nevis:profile:0b00c8af8020683f urn:x-nevis:profile:0b00c8af8020682c urn:x-nevis:profile:0b00c8af80206815 urn:x-nevis:profile:0b00c8af802067fe urn:x-nevis:profile:0b00c8af802067f8 urn:x-nevis:profile:0b00c8af802067f5 urn:x-nevis:profile:0b00c8af80206811 urn:x-nevis:profile:0b00c8af80206812 urn:x-nevis:profile:0b00c8af802067e9 urn:x-nevis:profile:0b00c8af80206813 urn:x-nevis:profile:0b00c8af80206809 urn:x-nevis:profile:0b00c8af80206318 urn:x-nevis:profile:0b00c8af80206332 urn:x-nevis:profile:0b00c8af80206365 urn:x-nevis:profile:0b00c8af8020631e urn:x-nevis:profile:0b00c8af80206348 urn:x-nevis:profile:0b00c8af80206327 urn:x-nevis:profile:0b00c8af802065b2 urn:x-nevis:profile:0b00c8af8020662b urn:x-nevis:profile:0b00c8af80206643 urn:x-nevis:profile:0b00c8af802065fa urn:x-nevis:profile:0b00c8af8020662c urn:x-nevis:profile:0b00c8af802066de urn:x-nevis:profile:0b00c8af802065d4 urn:x-nevis:profile:0b00c8af80206785 urn:x-nevis:profile:0b00c8af80206634 urn:x-nevis:profile:0b00c8af8020bdc4 urn:x-nevis:profile:0b00c8af802065c8 urn:x-nevis:profile:0b00c8af80206616 urn:x-nevis:profile:0b00c8af802065fb urn:x-nevis:profile:0b00c8af8020661d urn:x-nevis:profile:0b00c8af80206605 urn:x-nevis:profile:0b00c8af802065ec urn:x-nevis:profile:0b00c8af802065ee urn:x-nevis:profile:0b00c8af82febdf9 urn:x-nevis:profile:0b00c8af83aff6b3 urn:x-nevis:profile:0b00c8af83f19e63 urn:x-nevis:profile:0b00c8af841552ad urn:x-nevis:profile:0b00c8af847139c0 urn:x-nevis:profile:0b00c8af84eb8111 urn:x-nevis:profile:0b00c8af8520c39e urn:x-nevis:profile:0b00c8af8512644f urn:x-nevis:profile:0b00c8af85330427 urn:x-nevis:profile:0b00c8af8568d0bf urn:x-nevis:profile:0b00c8af817ac33f urn:x-nevis:profile:0b00c8af82e3ac56 urn:x-nevis:profile:0b00c8af83affa46 urn:x-nevis:profile:0b00c8af83f1ad9d urn:x-nevis:profile:0b00c8af8415509d urn:x-nevis:profile:0b00c8af847139e4 urn:x-nevis:profile:0b00c8af84eb8113 urn:x-nevis:profile:0b00c8af8520c261 urn:x-nevis:profile:0b00c8af80206360 urn:x-nevis:profile:0b00c8af80206404 urn:x-nevis:profile:0b00c8af80206409 urn:x-nevis:profile:0b00c8af802063f0 urn:x-nevis:profile:0b00c8af80206449 urn:x-nevis:profile:0b00c8af80206452 urn:x-nevis:profile:0b00c8af802064ba urn:x-nevis:profile:0b00c8af813c6d14 urn:x-nevis:profile:0b00c8af8020635b urn:x-nevis:profile:0b00c8af80206427 urn:x-nevis:profile:0b00c8af8020644d urn:x-nevis:profile:0b00c8af80206410 urn:x-nevis:profile:0b00c8af8020648e urn:x-nevis:profile:0b00c8af88366e50 urn:x-nevis:profile:0b00c8af802065b7 urn:x-nevis:profile:0b00c8af802065cf urn:x-nevis:profile:0b00c8af802065a6 urn:x-nevis:profile:0b00c8af802065bd urn:x-nevis:profile:0b00c8af802065ab urn:x-nevis:profile:0b00c8af802065bf urn:x-nevis:profile:0b00c8af802065b3 urn:x-nevis:profile:0b00c8af802065af urn:x-nevis:profile:0b00c8af802065c5 urn:x-nevis:profile:0b00c8af8020c058 urn:x-nevis:profile:0b00c8af80da257b urn:x-nevis:profile:0b00c8af823216e9 urn:x-nevis:profile:0b00c8af82e5d02d urn:x-nevis:profile:0b00c8af839eaa60 urn:x-nevis:profile:0b00c8af83f1a51f urn:x-nevis:profile:0b00c8af8414dfad urn:x-nevis:profile:0b00c8af847139e6 urn:x-nevis:profile:0b00c8af84eb810f urn:x-nevis:profile:0b00c8af80206660 urn:x-nevis:profile:0b00c8af8020665e urn:x-nevis:profile:0b00c8af8020665f urn:x-nevis:profile:0b00c8af80206674 urn:x-nevis:profile:0b00c8af80da257a urn:x-nevis:profile:0b00c8af822b09b7 urn:x-nevis:profile:0b00c8af82e3b020 urn:x-nevis:profile:0b00c8af83b00078 urn:x-nevis:profile:0b00c8af83f2e56a urn:x-nevis:profile:0b00c8af846772f5 urn:x-nevis:profile:0b00c8af84eb8105 urn:x-nevis:profile:0b00c8af8520c3a5 urn:x-nevis:profile:0b00c8af856337af urn:x-nevis:profile:0b00c8af8621e88c urn:x-nevis:profile:0b00c8af863f4c3a urn:x-nevis:profile:0b00c8af86ea35a1 urn:x-nevis:profile:0b00c8af87344a46 urn:x-nevis:profile:0b00c8af87a4ed08 urn:x-nevis:profile:0b00c8af86b49077 urn:x-nevis:profile:0b00c8af86ead04a urn:x-nevis:profile:0b00c8af87344e2d urn:x-nevis:profile:0b00c8af85633c05 urn:x-nevis:profile:0b00c8af8633603b urn:x-nevis:profile:0b00c8af86576304 urn:x-nevis:profile:0b00c8af86eb98d1 urn:x-nevis:profile:0b00c8af87344f63 urn:x-nevis:profile:0b00c8af87d95113 urn:x-nevis:profile:0b00c8af80206373 urn:x-nevis:profile:0b00c8af8020632d urn:x-nevis:profile:0b00c8af802063e9 urn:x-nevis:profile:0b00c8af8020642f urn:x-nevis:profile:0b00c8af80206672 urn:x-nevis:profile:0b00c8af8020666c urn:x-nevis:profile:0b00c8af80206663 urn:x-nevis:profile:0b00c8af8020665a urn:x-nevis:profile:0b00c8af80206664 urn:x-nevis:profile:0b00c8af80206661 urn:x-nevis:profile:0b00c8af80da2572 urn:x-nevis:profile:0b00c8af823216de urn:x-nevis:profile:0b00c8af8259afd3 urn:x-nevis:profile:0b00c8af838b9dc6 urn:x-nevis:profile:0b00c8af83f1dcfd urn:x-nevis:profile:0b00c8af84116a24 urn:x-nevis:profile:0b00c8af8494c645 urn:x-nevis:profile:0b00c8af84eb8104 urn:x-nevis:profile:0b00c8af8520c3a1 urn:x-nevis:profile:0b00c8af856303ec urn:x-nevis:profile:0b00c8af8620f7a0 urn:x-nevis:profile:0b00c8af8656e7d2 urn:x-nevis:profile:0b00c8af83f4b28f urn:x-nevis:profile:0b00c8af8414d8c5 urn:x-nevis:profile:0b00c8af84adce3d urn:x-nevis:profile:0b00c8af84eb810a urn:x-nevis:profile:0b00c8af8520c3a2 urn:x-nevis:profile:0b00c8af85632e61 urn:x-nevis:profile:0b00c8af868ec1a4 urn:x-nevis:profile:0b00c8af8020661b urn:x-nevis:profile:0b00c8af802066e8 urn:x-nevis:profile:0b00c8af86dd9c00 urn:x-nevis:profile:0b00c8af87346035 urn:x-nevis:profile:0b00c8af8795b0b0 urn:x-nevis:profile:0b00c8af86ef2dd3 urn:x-nevis:profile:0b00c8af87346884 urn:x-nevis:profile:0b00c8af8795b0af urn:x-nevis:profile:0b00c8af802065cb urn:x-nevis:profile:0b00c8af802065d7 urn:x-nevis:profile:0b00c8af802065a8 urn:x-nevis:profile:0b00c8af802065c6 urn:x-nevis:profile:0b00c8af802065ad urn:x-nevis:profile:0b00c8af802065e4 urn:x-nevis:profile:0b00c8af802065b8 urn:x-nevis:profile:0b00c8af802065cc urn:x-nevis:profile:0b00c8af802065ca urn:x-nevis:profile:0b00c8af85025cbc urn:x-nevis:profile:0b00c8af8569a64b urn:x-nevis:profile:0b00c8af862296a5 urn:x-nevis:profile:0b00c8af86576caa urn:x-nevis:profile:0b00c8af86eea749 urn:x-nevis:profile:0b00c8af87345825 urn:x-nevis:profile:0b00c8af8795b0ae urn:x-nevis:profile:0b00c8af85025cc4 urn:x-nevis:profile:0b00c8af8569a80c urn:x-nevis:profile:0b00c8af861bd2c7 urn:x-nevis:profile:0b00c8af86576f47 urn:x-nevis:profile:0b00c8af86eead74 urn:x-nevis:profile:0b00c8af87345b76 urn:x-nevis:profile:0b00c8af8795b0ab urn:x-nevis:profile:0b00c8af8020c05a urn:x-nevis:profile:0b00c8af80da257d urn:x-nevis:profile:0b00c8af823216ee urn:x-nevis:profile:0b00c8af82e5d352 urn:x-nevis:profile:0b00c8af839eacfa urn:x-nevis:profile:0b00c8af83f1a8d8 urn:x-nevis:profile:0b00c8af8414e27e urn:x-nevis:profile:0b00c8af847139e3 urn:x-nevis:profile:0b00c8af84eb8110 urn:x-nevis:profile:0b00c8af84677309 urn:x-nevis:profile:0b00c8af84eb810c urn:x-nevis:profile:0b00c8af8520c3a6 urn:x-nevis:profile:0b00c8af85633da2 urn:x-nevis:profile:0b00c8af86223698 urn:x-nevis:profile:0b00c8af863ffa7b urn:x-nevis:profile:0b00c8af86ec6047 urn:x-nevis:profile:0b00c8af87344fef urn:x-nevis:profile:0b00c8af87a4ede2 urn:x-nevis:profile:0b00c8af87a573de urn:x-nevis:profile:0b00c8af86552501 urn:x-nevis:profile:0b00c8af8657680f urn:x-nevis:profile:0b00c8af86eddbce urn:x-nevis:profile:0b00c8af87345325 urn:x-nevis:profile:0b00c8af8020633b urn:x-nevis:profile:0b00c8af80206343 urn:x-nevis:profile:0b00c8af802063ec urn:x-nevis:profile:0b00c8af8020641f urn:x-nevis:profile:0b00c8af80206670 urn:x-nevis:profile:0b00c8af8020666a urn:x-nevis:profile:0b00c8af80206675 urn:x-nevis:profile:0b00c8af80206676 urn:x-nevis:profile:0b00c8af80206666 urn:x-nevis:profile:0b00c8af80da26dc urn:x-nevis:profile:0b00c8af822b096a urn:x-nevis:profile:0b00c8af82e48186 urn:x-nevis:profile:0b00c8af83affc41 urn:x-nevis:profile:0b00c8af839e8e09 urn:x-nevis:profile:0b00c8af83f23801 urn:x-nevis:profile:0b00c8af84103b76 urn:x-nevis:profile:0b00c8af84adce35 urn:x-nevis:profile:0b00c8af84eb8108 urn:x-nevis:profile:0b00c8af8520c3a3 urn:x-nevis:profile:0b00c8af85632eb6 urn:x-nevis:profile:0b00c8af862154cd urn:x-nevis:profile:0b00c8af8656e95f urn:x-nevis:profile:0b00c8af802065c4 urn:x-nevis:profile:0b00c8af802065f5 urn:x-nevis:profile:0b00c8af802065d6 urn:x-nevis:profile:0b00c8af8020666b urn:x-nevis:profile:0b00c8af8020666d urn:x-nevis:profile:0b00c8af80206662 urn:x-nevis:profile:0b00c8af8020665c urn:x-nevis:profile:0b00c8af80da2577 urn:x-nevis:profile:0b00c8af822b096c urn:x-nevis:profile:0b00c8af82e48550 urn:x-nevis:profile:0b00c8af802065bc urn:x-nevis:profile:0b00c8af80206712 urn:x-nevis:profile:0b00c8af86dd9c01 urn:x-nevis:profile:0b00c8af8734634a urn:x-nevis:profile:0b00c8af8795b0b2 urn:x-nevis:profile:0b00c8af86dd9c02 urn:x-nevis:profile:0b00c8af873465d2 urn:x-nevis:profile:0b00c8af8795b0ad urn:x-nevis:profile:0b00c8af8734696f urn:x-nevis:profile:0b00c8af8795b0aa urn:x-nevis:profile:0b00c8af882fd259 urn:x-nevis:profile:0b00c8af83f34b0e urn:x-nevis:profile:0b00c8af841040db urn:x-nevis:profile:0b00c8af84ae12aa urn:x-nevis:profile:0b00c8af84eb810d urn:x-nevis:profile:0b00c8af8520c3a7 urn:x-nevis:profile:0b00c8af8569a13e urn:x-nevis:profile:0b00c8af86229467 urn:x-nevis:profile:0b00c8af864b2bae urn:x-nevis:profile:0b00c8af86ee512d urn:x-nevis:profile:0b00c8af87164cbc urn:x-nevis:profile:0b00c8af8795b0ac urn:x-nevis:profile:0b00c8af839e8e0b urn:x-nevis:profile:0b00c8af83f24029 urn:x-nevis:profile:0b00c8af84103a21 urn:x-nevis:profile:0b00c8af84add34d urn:x-nevis:profile:0b00c8af84eb8109 urn:x-nevis:profile:0b00c8af8520c3a4 urn:x-nevis:profile:0b00c8af85633292 urn:x-nevis:profile:0b00c8af8621ada3 urn:x-nevis:profile:0b00c8af8656ed6f urn:x-nevis:profile:0b00c8af80206671 urn:x-nevis:profile:0b00c8af80206669 urn:x-nevis:profile:0b00c8af8117443b urn:x-nevis:profile:0b00c8af822b0968 urn:x-nevis:profile:0b00c8af82e48817 urn:x-nevis:profile:0b00c8af838ba0b2 urn:x-nevis:profile:0b00c8af83f1a29a urn:x-nevis:profile:0b00c8af8414e54b urn:x-nevis:profile:0b00c8af84983e6d urn:x-nevis:profile:0b00c8af84eb8103 urn:x-nevis:profile:0b00c8af851e8289 urn:x-nevis:profile:0b00c8af856303e5 urn:x-nevis:profile:0b00c8af8620fba5 urn:x-nevis:profile:0b00c8af8656e7b9 urn:x-nevis:profile:0b00c8af858c2577 urn:x-nevis:profile:0b00c8af86eeb1e9 urn:x-nevis:profile:0b00c8af87345e76 urn:x-nevis:profile:0b00c8af8795b0b1" title="VCC-283747-1, M6" to="L1"/>
</ref>
</torque>
</ptxt>
</para>
</graphtext>
</grate>
</procstep>
<procstep id="nev19120097n1-nev27284612n75">
<grate id="nev19120097n1-nev30210189n3">
<graphic id="nev19120097n1-nev30210189n4">
<href>0900c8af872b751#@#@#9#.jpeg</href>
</graphic>
<graphtext id="nev19120097n1-nev30210294n1">
<para id="nev19120097n1-nev30210189n1">
<ptxt id="nev19120097n1-nev30210189n2">Release the lock.</ptxt>
</para>
<para id="nev19120097n1-nev30210190n99">
<ptxt id="nev19120097n1-nev30210190n100">Repeat on the o#@#@#5#side.</ptxt>
</para>
<para id="nev19120097n1-nev30210190n97">
<ptxt id="nev19120097n1-nev30210190n98">Remove the mark#@#@#3#part.</ptxt>
</para>
</graphtext>
</grate>
</procstep>
<procstep id="nev19120097n1-nev27284612n66">
<grate id="nev19120097n1-nev30210190n95">
<graphic id="nev19120097n1-nev30210190n96">
<href>0900c8af872bd5b#@#@#9#.jpeg</href>
</graphic>
<graphtext id="nev19120097n1-nev30210298n1">
<para id="nev19120097n1-nev30210190n93">
<ptxt id="nev19120097n1-nev30210190n94">Remove the panel.</ptxt>
</para>
<para id="nev19120097n1-nev30210190n91">
<ptxt id="nev19120097n1-nev30210190n92">Disconnect the #@#@#20#able.</ptxt>
</para>
</graphtext>
</grate>
</procstep>
<procstep id="nev19120097n1-nev27284612n59">
<grate id="nev19120097n1-nev30210190n89">
<graphic id="nev19120097n1-nev30210190n90">
<href>0900c8af8766fb0#@#@#9#.jpeg</href>
</graphic>
<graphtext id="nev19120097n1-nev30210302n1">
<caution id="nev19120097n1-0800c8af8757dba3">
<ptxt>Make sure that #@#@#86#loor!</ptxt>
</caution>
</graphtext>
</grate>
</procstep>
<procstep id="nev19120097n1-nev27284612n55">
<grate id="nev19120097n1-nev30210190n87">
<graphic id="nev19120097n1-nev30210190n88">
<href>0900c8af8766e40#@#@#9#.jpeg</href>
</graphic>
</grate>
</procstep>
<procstep id="nev19120097n1-nev27284612n52">
<grate id="nev19120097n1-nev30210190n85">
<graphic id="nev19120097n1-nev30210190n86">
<href>0900c8af872c9b4#@#@#9#.jpeg</href>
</graphic>
</grate>
</procstep>
<procstep id="nev19120097n1-nev27284612n49">
<grate id="nev19120097n1-nev30210190n83">
<graphic id="nev19120097n1-nev30210190n84">
<href>0900c8af86a3059#@#@#9#.jpeg</href>
</graphic>
<graphtext id="nev19120097n1-nev30210312n1">
<para id="nev19120097n1-nev30210190n81">
<ptxt id="nev19120097n1-nev30210190n82">Remove the mark#@#@#3#part.</ptxt>
</para>
</graphtext>
</grate>
</procstep>
<procstep id="nev19120097n1-nev27284612n44">
<grate id="nev19120097n1-nev30210190n79">
<graphic id="nev19120097n1-nev30210190n80">
<href>0900c8af86a29bd#@#@#9#.jpeg</href>
</graphic>
<graphtext id="nev19120097n1-nev30210316n1">
<para id="nev19120097n1-nev30210190n77">
<ptxt id="nev19120097n1-nev30210190n78">Detach the panel.</ptxt>
</para>
</graphtext>
</grate>
</procstep>
<procstep id="nev19120097n1-nev27284612n39">
<grate id="nev19120097n1-nev30210190n75">
<graphic id="nev19120097n1-nev30210190n76">
<href>0900c8af86a29bd#@#@#9#.jpeg</href>
</graphic>
<graphtext id="nev19120097n1-nev30210320n1">
<para id="nev19120097n1-nev30210190n73">
<ptxt id="nev19120097n1-nev30210190n74">Remove the panel.</ptxt>
</para>
</graphtext>
</grate>
</procstep>
<procstep id="nev19120097n1-nev27284612n34">
<grate id="nev19120097n1-nev30210190n71">
<graphic id="nev19120097n1-nev30210190n72">
<href>0900c8af86367b4#@#@#9#.jpeg</href>
</graphic>
<graphtext id="nev19120097n1-nev30210324n1">
<para id="nev19120097n1-nev30210190n69">
<ptxt id="nev19120097n1-nev30210190n70">Remove the screws.</ptxt>
</para>
<para id="nev19120097n1-nev30210190n67">
<ptxt id="nev19120097n1-nev30210190n68">
<torque id="nev19120097n1-nev27284619n77">
<ref id="nev19120097n1-nev27098296n8">
<locator href="#nev19120097n1-nev27098296n8" label="L0"/>
<locator href="urn:x-nevis:xref:0800c8af83434e16:0000000000000000:0900c8af8754f037#include" label="L1"/>
<arc from="L0" href="urn:x-nevis:xref:0800c8af83434e16:0900c8af8754f031:0900c8af8754f037#include" role="urn:x-nevis:profile:0b00c8af87a4ed08 urn:x-nevis:profile:0b00c8af882d02a6 urn:x-nevis:profile:0b00c8af86dd9c00 urn:x-nevis:profile:0b00c8af87346035 urn:x-nevis:profile:0b00c8af8795b0b0 urn:x-nevis:profile:0b00c8af882a3e81 urn:x-nevis:profile:0b00c8af86ef2dd3 urn:x-nevis:profile:0b00c8af87346884 urn:x-nevis:profile:0b00c8af8795b0af urn:x-nevis:profile:0b00c8af882cfeb3 urn:x-nevis:profile:0b00c8af87a4ede2 urn:x-nevis:profile:0b00c8af882a3e80 urn:x-nevis:profile:0b00c8af87a573de urn:x-nevis:profile:0b00c8af882e5dc3 urn:x-nevis:profile:0b00c8af86dd9c01 urn:x-nevis:profile:0b00c8af8734634a urn:x-nevis:profile:0b00c8af8795b0b2 urn:x-nevis:profile:0b00c8af882e6c51 urn:x-nevis:profile:0b00c8af86dd9c02 urn:x-nevis:profile:0b00c8af873465d2 urn:x-nevis:profile:0b00c8af8795b0ad urn:x-nevis:profile:0b00c8af882fcd73 urn:x-nevis:profile:0b00c8af87164cbc urn:x-nevis:profile:0b00c8af8795b0ac urn:x-nevis:profile:0b00c8af8831b562 urn:x-nevis:profile:0b00c8af858c2577 urn:x-nevis:profile:0b00c8af86eeb1e9 urn:x-nevis:profile:0b00c8af87345e76 urn:x-nevis:profile:0b00c8af8795b0b1 urn:x-nevis:profile:0b00c8af8831b9c2" title="VCC-284017-2, Front seat to body" to="L1"/>
</ref>
</torque>
</ptxt>
</para>
</graphtext>
</grate>
</procstep>
<procstep id="nev19120097n1-nev27284612n26">
<grate id="nev19120097n1-nev30210190n65">
<graphic id="nev19120097n1-nev30210190n66">
<href>0900c8af872c9b5#@#@#9#.jpeg</href>
</graphic>
</grate>
</procstep>
<procstep id="nev19120097n1-nev27284612n23">
<grate id="nev19120097n1-nev30210190n63">
<graphic id="nev19120097n1-nev30210190n64">
<href>0900c8af872c9b4#@#@#9#.jpeg</href>
</graphic>
<graphtext id="nev19120097n1-nev30210334n1">
<para id="nev19120097n1-nev30210190n61">
<ptxt id="nev19120097n1-nev30210190n62">Remove the screws.</ptxt>
</para>
<para id="nev19120097n1-nev30210190n59">
<ptxt id="nev19120097n1-nev30210190n60">
<torque id="nev19120097n1-nev27284619n68">
<ref id="nev19120097n1-nev27098298n2">
<locator href="#nev19120097n1-nev27098298n2" label="L0"/>
<locator href="urn:x-nevis:xref:0800c8af83434e16:0000000000000000:0900c8af83434e1f#include" label="L1"/>
<arc from="L0" href="urn:x-nevis:xref:0800c8af83434e16:0900c8af8754f031:0900c8af83434e1f#include" role="urn:x-nevis:profile:0b00c8af87a4ed08 urn:x-nevis:profile:0b00c8af882d02a6 urn:x-nevis:profile:0b00c8af86dd9c00 urn:x-nevis:profile:0b00c8af87346035 urn:x-nevis:profile:0b00c8af8795b0b0 urn:x-nevis:profile:0b00c8af882a3e81 urn:x-nevis:profile:0b00c8af86ef2dd3 urn:x-nevis:profile:0b00c8af87346884 urn:x-nevis:profile:0b00c8af8795b0af urn:x-nevis:profile:0b00c8af882cfeb3 urn:x-nevis:profile:0b00c8af87a4ede2 urn:x-nevis:profile:0b00c8af882a3e80 urn:x-nevis:profile:0b00c8af87a573de urn:x-nevis:profile:0b00c8af882e5dc3 urn:x-nevis:profile:0b00c8af86dd9c01 urn:x-nevis:profile:0b00c8af8734634a urn:x-nevis:profile:0b00c8af8795b0b2 urn:x-nevis:profile:0b00c8af882e6c51 urn:x-nevis:profile:0b00c8af86dd9c02 urn:x-nevis:profile:0b00c8af873465d2 urn:x-nevis:profile:0b00c8af8795b0ad urn:x-nevis:profile:0b00c8af882fcd73 urn:x-nevis:profile:0b00c8af87164cbc urn:x-nevis:profile:0b00c8af8795b0ac urn:x-nevis:profile:0b00c8af8831b562 urn:x-nevis:profile:0b00c8af858c2577 urn:x-nevis:profile:0b00c8af86eeb1e9 urn:x-nevis:profile:0b00c8af87345e76 urn:x-nevis:profile:0b00c8af8795b0b1 urn:x-nevis:profile:0b00c8af8831b9c2" title="VCC-284017-2, Front seat to body" to="L1"/>
</ref>
</torque>
</ptxt>
</para>
</graphtext>
</grate>
</procstep>
<procstep id="nev19120097n1-nev27284612n15">
<grate id="nev19120097n1-nev30210190n57">
<graphic id="nev19120097n1-nev30210190n58">
<href>0900c8af86367bb#@#@#9#.jpeg</href>
</graphic>
</grate>
</procstep>
<procstep id="nev19120097n1-nev27284612n12">
<grate id="nev19120097n1-nev30210190n55">
<graphic id="nev19120097n1-nev30210190n56">
<href>0900c8af869fa51#@#@#9#.jpeg</href>
</graphic>
<graphtext id="nev19120097n1-nev30210344n1">
<para id="nev19120097n1-nev30210190n53">
<ptxt id="nev19120097n1-nev30210190n54">Disconnect the #@#@#5#ctor.</ptxt>
</para>
</graphtext>
</grate>
</procstep>
<procstep id="nev19120097n1-nev27284612n7">
<grate id="nev19120097n1-nev30210190n51">
<graphic id="nev19120097n1-nev30210190n52">
<href>0900c8af869fa51#@#@#9#.jpeg</href>
</graphic>
<graphtext id="nev19120097n1-nev30210348n1">
<para id="nev19120097n1-nev30210190n49">
<ptxt id="nev19120097n1-nev30210190n50">Unhook the cabl#@#@#11#lips.</ptxt>
</para>
</graphtext>
</grate>
</procstep>
<procstep id="nev19120097n1-nev27284612n2">
<grate id="nev19120097n1-nev30210190n47">
<graphic id="nev19120097n1-nev30210190n48">
<href>0900c8af872c9b5#@#@#9#.jpeg</href>
</graphic>
</grate>
</procstep>
<procstep id="nev19120097n1-nev27284613n99">
<grate id="nev19120097n1-nev30210190n45">
<graphic id="nev19120097n1-nev30210190n46">
<href>0900c8af873710b#@#@#9#.jpeg</href>
</graphic>
<graphtext id="nev19120097n1-nev30210355n1">
<para id="nev19120097n1-nev30210190n43">
<ptxt id="nev19120097n1-nev30210190n44">Remove the screws.</ptxt>
</para>
<para id="nev19120097n1-nev30210190n41">
<ptxt id="nev19120097n1-nev30210190n42">Fold marked par#@#@#3#side.</ptxt>
</para>
</graphtext>
</grate>
</procstep>
<procstep id="nev19120097n1-nev27284613n92">
<grate id="nev19120097n1-nev30210190n39">
<graphic id="nev19120097n1-nev30210190n40">
<href>0900c8af8730877#@#@#9#.jpeg</href>
</graphic>
<graphtext id="nev19120097n1-nev30210359n1">
<para id="nev19120097n1-nev30210190n37">
<ptxt id="nev19120097n1-nev30210190n38">Remove the mark#@#@#3#part.</ptxt>
</para>
</graphtext>
</grate>
</procstep>
<procstep id="nev19120097n1-nev27284613n87">
<title id="nev19120097n1-0800c8af84fbdb38">Right-hand driv#@#@#5#icles</title>
</procstep>
<procstep id="nev19120097n1-nev27284613n85">
<grate id="nev19120097n1-nev30210190n35">
<graphic id="nev19120097n1-nev30210190n36">
<href>0900c8af868c8ce#@#@#9#.jpeg</href>
</graphic>
<graphtext id="nev19120097n1-nev30210363n1">
<para id="nev19120097n1-nev30210190n33">
<ptxt id="nev19120097n1-nev30210190n34">Remove the mark#@#@#3#part.</ptxt>
</para>
<para id="nev19120097n1-nev30210190n31">
<ptxt id="nev19120097n1-nev30210190n32">The part is to #@#@#5#used.</ptxt>
</para>
</graphtext>
</grate>
</procstep>
<procstep id="nev19120097n1-nev27284613n78">
<grate id="nev19120097n1-nev30210190n29">
<graphic id="nev19120097n1-nev30210190n30">
<href>0900c8af868c89d#@#@#9#.jpeg</href>
</graphic>
<graphtext id="nev19120097n1-nev30210367n1">
<para id="nev19120097n1-nev30210190n27">
<ptxt id="nev19120097n1-nev30210190n28">Remove the screw.</ptxt>
</para>
<para id="nev19120097n1-nev30210190n25">
<ptxt id="nev19120097n1-nev30210190n26">The part is to #@#@#5#used.</ptxt>
</para>
</graphtext>
</grate>
</procstep>
<procstep id="nev19120097n1-nev27284613n71">
<grate id="nev19120097n1-nev30210190n23">
<graphic id="nev19120097n1-nev30210190n24">
<href>0900c8af868c8e1#@#@#9#.jpeg</href>
</graphic>
<graphtext id="nev19120097n1-nev30210371n1">
<para id="nev19120097n1-nev30210190n21">
<ptxt id="nev19120097n1-nev30210190n22">Remove the mark#@#@#3#part.</ptxt>
</para>
</graphtext>
</grate>
</procstep>
<procstep id="nev19120097n1-nev27284613n66">
<grate id="nev19120097n1-nev30210190n19">
<graphic id="nev19120097n1-nev30210190n20">
<href>0900c8af868c89d#@#@#9#.jpeg</href>
</graphic>
<graphtext id="nev19120097n1-nev30210375n1">
<para id="nev19120097n1-nev30210190n17">
<ptxt id="nev19120097n1-nev30210190n18">Disconnect the #@#@#5#ctor.</ptxt>
</para>
</graphtext>
</grate>
</procstep>
<procstep id="nev19120097n1-nev27284613n61">
<grate id="nev19120097n1-nev30210190n15">
<graphic id="nev19120097n1-nev30210190n16">
<href>0900c8af878c33f#@#@#9#.jpeg</href>
</graphic>
<graphtext id="nev19120097n1-nev30210379n1">
<para id="nev19120097n1-nev30210190n13">
<ptxt id="nev19120097n1-nev30210190n14">Remove the mark#@#@#3#part.</ptxt>
</para>
</graphtext>
</grate>
</procstep>
<procstep id="nev19120097n1-nev27284613n56">
<title id="nev19120097n1-0800c8af844a41e8">All vehicles</title>
</procstep>
<procstep id="nev19120097n1-nev27284613n54">
<grate id="nev19120097n1-nev30210190n11">
<graphic id="nev19120097n1-nev30210190n12">
<href>0900c8af86eba53#@#@#9#.jpeg</href>
</graphic>
</grate>
</procstep>
<procstep id="nev19120097n1-nev27284613n51">
<grate id="nev19120097n1-nev30210190n9">
<graphic id="nev19120097n1-nev30210190n10">
<href>0900c8af872d2ce#@#@#9#.jpeg</href>
</graphic>
<graphtext id="nev19120097n1-nev30210386n1">
<para id="nev19120097n1-nev30210190n7">
<ptxt id="nev19120097n1-nev30210190n8">Remove the mark#@#@#3#part.</ptxt>
</para>
</graphtext>
</grate>
</procstep>
<procstep id="nev19120097n1-nev27284613n46">
<grate id="nev19120097n1-nev30210190n5">
<graphic id="nev19120097n1-nev30210190n6">
<href>0900c8af8735576#@#@#9#.jpeg</href>
</graphic>
<graphtext id="nev19120097n1-nev30210390n1">
<para id="nev19120097n1-nev30210190n3">
<ptxt id="nev19120097n1-nev30210190n4">Repeat on the o#@#@#5#side.</ptxt>
</para>
</graphtext>
</grate>
</procstep>
<procstep id="nev19120097n1-nev27284613n41">
<grate id="nev19120097n1-nev30210190n1">
<graphic id="nev19120097n1-nev30210190n2">
<href>0900c8af8735576#@#@#9#.jpeg</href>
</graphic>
<graphtext id="nev19120097n1-nev30210394n1">
<para id="nev19120097n1-nev30210191n99">
<ptxt id="nev19120097n1-nev30210191n100">Remove the screw.</ptxt>
</para>
<para id="nev19120097n1-nev30210191n97">
<ptxt id="nev19120097n1-nev30210191n98">
<torque id="nev19120097n1-nev27284619n3">
<ref id="nev19120097n1-nev27098303n10">
<locator href="#nev19120097n1-nev27098303n10" label="L0"/>
<locator href="urn:x-nevis:xref:0800c8af83434449:0000000000000000:0900c8af83434452#include" label="L1"/>
<arc from="L0" href="urn:x-nevis:xref:0800c8af83434449:0900c8af8343444a:0900c8af83434452#include" role="urn:x-nevis:profile:0b00c8af80206803 urn:x-nevis:profile:0b00c8af80206820 urn:x-nevis:profile:0b00c8af8020681c urn:x-nevis:profile:0b00c8af80206836 urn:x-nevis:profile:0b00c8af802067e1 urn:x-nevis:profile:0b00c8af802067d6 urn:x-nevis:profile:0b00c8af802067ef urn:x-nevis:profile:0b00c8af8020683a urn:x-nevis:profile:0b00c8af80206800 urn:x-nevis:profile:0b00c8af80206835 urn:x-nevis:profile:0b00c8af802067f3 urn:x-nevis:profile:0b00c8af802067cc urn:x-nevis:profile:0b00c8af80206805 urn:x-nevis:profile:0b00c8af8020683d urn:x-nevis:profile:0b00c8af80206829 urn:x-nevis:profile:0b00c8af80206840 urn:x-nevis:profile:0b00c8af80206808 urn:x-nevis:profile:0b00c8af80206818 urn:x-nevis:profile:0b00c8af80206831 urn:x-nevis:profile:0b00c8af80206830 urn:x-nevis:profile:0b00c8af802067ed urn:x-nevis:profile:0b00c8af80206824 urn:x-nevis:profile:0b00c8af8020682f urn:x-nevis:profile:0b00c8af80206822 urn:x-nevis:profile:0b00c8af8020682a urn:x-nevis:profile:0b00c8af802067fd urn:x-nevis:profile:0b00c8af80206819 urn:x-nevis:profile:0b00c8af802067cf urn:x-nevis:profile:0b00c8af8020680a urn:x-nevis:profile:0b00c8af802067f0 urn:x-nevis:profile:0b00c8af802067fa urn:x-nevis:profile:0b00c8af8020682d urn:x-nevis:profile:0b00c8af80206827 urn:x-nevis:profile:0b00c8af8020680d urn:x-nevis:profile:0b00c8af802067f7 urn:x-nevis:profile:0b00c8af802067fb urn:x-nevis:profile:0b00c8af8020683c urn:x-nevis:profile:0b00c8af802067d9 urn:x-nevis:profile:0b00c8af8020681a urn:x-nevis:profile:0b00c8af80206839 urn:x-nevis:profile:0b00c8af80206834 urn:x-nevis:profile:0b00c8af802067fc urn:x-nevis:profile:0b00c8af8020681e urn:x-nevis:profile:0b00c8af8020681d urn:x-nevis:profile:0b00c8af8020682b urn:x-nevis:profile:0b00c8af802067ff urn:x-nevis:profile:0b00c8af802067f9 urn:x-nevis:profile:0b00c8af8020683b urn:x-nevis:profile:0b00c8af80206838 urn:x-nevis:profile:0b00c8af802067d1 urn:x-nevis:profile:0b00c8af80206837 urn:x-nevis:profile:0b00c8af802067dd urn:x-nevis:profile:0b00c8af802067f1 urn:x-nevis:profile:0b00c8af80206828 urn:x-nevis:profile:0b00c8af80206801 urn:x-nevis:profile:0b00c8af802067d3 urn:x-nevis:profile:0b00c8af8020680e urn:x-nevis:profile:0b00c8af802067d4 urn:x-nevis:profile:0b00c8af802067f4 urn:x-nevis:profile:0b00c8af802067e5 urn:x-nevis:profile:0b00c8af80206826 urn:x-nevis:profile:0b00c8af80206807 urn:x-nevis:profile:0b00c8af802067f2 urn:x-nevis:profile:0b00c8af80206823 urn:x-nevis:profile:0b00c8af80206825 urn:x-nevis:profile:0b00c8af80206833 urn:x-nevis:profile:0b00c8af80206821 urn:x-nevis:profile:0b00c8af8020683e urn:x-nevis:profile:0b00c8af8020680f urn:x-nevis:profile:0b00c8af8020681f urn:x-nevis:profile:0b00c8af802067eb urn:x-nevis:profile:0b00c8af802067df urn:x-nevis:profile:0b00c8af8020680b urn:x-nevis:profile:0b00c8af80206841 urn:x-nevis:profile:0b00c8af80206816 urn:x-nevis:profile:0b00c8af80206832 urn:x-nevis:profile:0b00c8af802067ea urn:x-nevis:profile:0b00c8af80206817 urn:x-nevis:profile:0b00c8af802067e7 urn:x-nevis:profile:0b00c8af80206814 urn:x-nevis:profile:0b00c8af802067c9 urn:x-nevis:profile:0b00c8af80206810 urn:x-nevis:profile:0b00c8af8020683f urn:x-nevis:profile:0b00c8af8020682c urn:x-nevis:profile:0b00c8af80206815 urn:x-nevis:profile:0b00c8af802067fe urn:x-nevis:profile:0b00c8af802067f8 urn:x-nevis:profile:0b00c8af802067f5 urn:x-nevis:profile:0b00c8af80206811 urn:x-nevis:profile:0b00c8af80206812 urn:x-nevis:profile:0b00c8af802067e9 urn:x-nevis:profile:0b00c8af80206813 urn:x-nevis:profile:0b00c8af80206809 urn:x-nevis:profile:0b00c8af80206318 urn:x-nevis:profile:0b00c8af80206332 urn:x-nevis:profile:0b00c8af80206365 urn:x-nevis:profile:0b00c8af8020631e urn:x-nevis:profile:0b00c8af80206348 urn:x-nevis:profile:0b00c8af80206327 urn:x-nevis:profile:0b00c8af802065b2 urn:x-nevis:profile:0b00c8af8020662b urn:x-nevis:profile:0b00c8af80206643 urn:x-nevis:profile:0b00c8af802065fa urn:x-nevis:profile:0b00c8af8020662c urn:x-nevis:profile:0b00c8af802066de urn:x-nevis:profile:0b00c8af802065d4 urn:x-nevis:profile:0b00c8af80206785 urn:x-nevis:profile:0b00c8af80206634 urn:x-nevis:profile:0b00c8af8020bdc4 urn:x-nevis:profile:0b00c8af802065c8 urn:x-nevis:profile:0b00c8af80206616 urn:x-nevis:profile:0b00c8af802065fb urn:x-nevis:profile:0b00c8af8020661d urn:x-nevis:profile:0b00c8af80206605 urn:x-nevis:profile:0b00c8af802065ec urn:x-nevis:profile:0b00c8af802065ee urn:x-nevis:profile:0b00c8af82febdf9 urn:x-nevis:profile:0b00c8af83aff6b3 urn:x-nevis:profile:0b00c8af83f19e63 urn:x-nevis:profile:0b00c8af841552ad urn:x-nevis:profile:0b00c8af847139c0 urn:x-nevis:profile:0b00c8af84eb8111 urn:x-nevis:profile:0b00c8af8520c39e urn:x-nevis:profile:0b00c8af8512644f urn:x-nevis:profile:0b00c8af85330427 urn:x-nevis:profile:0b00c8af8568d0bf urn:x-nevis:profile:0b00c8af817ac33f urn:x-nevis:profile:0b00c8af82e3ac56 urn:x-nevis:profile:0b00c8af83affa46 urn:x-nevis:profile:0b00c8af83f1ad9d urn:x-nevis:profile:0b00c8af8415509d urn:x-nevis:profile:0b00c8af847139e4 urn:x-nevis:profile:0b00c8af84eb8113 urn:x-nevis:profile:0b00c8af8520c261 urn:x-nevis:profile:0b00c8af80206360 urn:x-nevis:profile:0b00c8af80206404 urn:x-nevis:profile:0b00c8af80206409 urn:x-nevis:profile:0b00c8af802063f0 urn:x-nevis:profile:0b00c8af80206449 urn:x-nevis:profile:0b00c8af80206452 urn:x-nevis:profile:0b00c8af802064ba urn:x-nevis:profile:0b00c8af813c6d14 urn:x-nevis:profile:0b00c8af8020635b urn:x-nevis:profile:0b00c8af80206427 urn:x-nevis:profile:0b00c8af8020644d urn:x-nevis:profile:0b00c8af80206410 urn:x-nevis:profile:0b00c8af8020648e urn:x-nevis:profile:0b00c8af88366e50 urn:x-nevis:profile:0b00c8af802065b7 urn:x-nevis:profile:0b00c8af802065cf urn:x-nevis:profile:0b00c8af802065a6 urn:x-nevis:profile:0b00c8af802065bd urn:x-nevis:profile:0b00c8af802065ab urn:x-nevis:profile:0b00c8af802065bf urn:x-nevis:profile:0b00c8af802065b3 urn:x-nevis:profile:0b00c8af802065af urn:x-nevis:profile:0b00c8af802065c5 urn:x-nevis:profile:0b00c8af8020c058 urn:x-nevis:profile:0b00c8af80da257b urn:x-nevis:profile:0b00c8af823216e9 urn:x-nevis:profile:0b00c8af82e5d02d urn:x-nevis:profile:0b00c8af839eaa60 urn:x-nevis:profile:0b00c8af83f1a51f urn:x-nevis:profile:0b00c8af8414dfad urn:x-nevis:profile:0b00c8af847139e6 urn:x-nevis:profile:0b00c8af84eb810f urn:x-nevis:profile:0b00c8af80206660 urn:x-nevis:profile:0b00c8af8020665e urn:x-nevis:profile:0b00c8af8020665f urn:x-nevis:profile:0b00c8af80206674 urn:x-nevis:profile:0b00c8af80da257a urn:x-nevis:profile:0b00c8af822b09b7 urn:x-nevis:profile:0b00c8af82e3b020 urn:x-nevis:profile:0b00c8af83b00078 urn:x-nevis:profile:0b00c8af83f2e56a urn:x-nevis:profile:0b00c8af846772f5 urn:x-nevis:profile:0b00c8af84eb8105 urn:x-nevis:profile:0b00c8af8520c3a5 urn:x-nevis:profile:0b00c8af856337af urn:x-nevis:profile:0b00c8af8621e88c urn:x-nevis:profile:0b00c8af863f4c3a urn:x-nevis:profile:0b00c8af86ea35a1 urn:x-nevis:profile:0b00c8af87344a46 urn:x-nevis:profile:0b00c8af87a4ed08 urn:x-nevis:profile:0b00c8af86b49077 urn:x-nevis:profile:0b00c8af86ead04a urn:x-nevis:profile:0b00c8af87344e2d urn:x-nevis:profile:0b00c8af85633c05 urn:x-nevis:profile:0b00c8af8633603b urn:x-nevis:profile:0b00c8af86576304 urn:x-nevis:profile:0b00c8af86eb98d1 urn:x-nevis:profile:0b00c8af87344f63 urn:x-nevis:profile:0b00c8af87d95113 urn:x-nevis:profile:0b00c8af80206373 urn:x-nevis:profile:0b00c8af8020632d urn:x-nevis:profile:0b00c8af802063e9 urn:x-nevis:profile:0b00c8af8020642f urn:x-nevis:profile:0b00c8af80206672 urn:x-nevis:profile:0b00c8af8020666c urn:x-nevis:profile:0b00c8af80206663 urn:x-nevis:profile:0b00c8af8020665a urn:x-nevis:profile:0b00c8af80206664 urn:x-nevis:profile:0b00c8af80206661 urn:x-nevis:profile:0b00c8af80da2572 urn:x-nevis:profile:0b00c8af823216de urn:x-nevis:profile:0b00c8af8259afd3 urn:x-nevis:profile:0b00c8af838b9dc6 urn:x-nevis:profile:0b00c8af83f1dcfd urn:x-nevis:profile:0b00c8af84116a24 urn:x-nevis:profile:0b00c8af8494c645 urn:x-nevis:profile:0b00c8af84eb8104 urn:x-nevis:profile:0b00c8af8520c3a1 urn:x-nevis:profile:0b00c8af856303ec urn:x-nevis:profile:0b00c8af8620f7a0 urn:x-nevis:profile:0b00c8af8656e7d2 urn:x-nevis:profile:0b00c8af83f4b28f urn:x-nevis:profile:0b00c8af8414d8c5 urn:x-nevis:profile:0b00c8af84adce3d urn:x-nevis:profile:0b00c8af84eb810a urn:x-nevis:profile:0b00c8af8520c3a2 urn:x-nevis:profile:0b00c8af85632e61 urn:x-nevis:profile:0b00c8af868ec1a4 urn:x-nevis:profile:0b00c8af8020661b urn:x-nevis:profile:0b00c8af802066e8 urn:x-nevis:profile:0b00c8af86dd9c00 urn:x-nevis:profile:0b00c8af87346035 urn:x-nevis:profile:0b00c8af8795b0b0 urn:x-nevis:profile:0b00c8af86ef2dd3 urn:x-nevis:profile:0b00c8af87346884 urn:x-nevis:profile:0b00c8af8795b0af urn:x-nevis:profile:0b00c8af802065cb urn:x-nevis:profile:0b00c8af802065d7 urn:x-nevis:profile:0b00c8af802065a8 urn:x-nevis:profile:0b00c8af802065c6 urn:x-nevis:profile:0b00c8af802065ad urn:x-nevis:profile:0b00c8af802065e4 urn:x-nevis:profile:0b00c8af802065b8 urn:x-nevis:profile:0b00c8af802065cc urn:x-nevis:profile:0b00c8af802065ca urn:x-nevis:profile:0b00c8af85025cbc urn:x-nevis:profile:0b00c8af8569a64b urn:x-nevis:profile:0b00c8af862296a5 urn:x-nevis:profile:0b00c8af86576caa urn:x-nevis:profile:0b00c8af86eea749 urn:x-nevis:profile:0b00c8af87345825 urn:x-nevis:profile:0b00c8af8795b0ae urn:x-nevis:profile:0b00c8af85025cc4 urn:x-nevis:profile:0b00c8af8569a80c urn:x-nevis:profile:0b00c8af861bd2c7 urn:x-nevis:profile:0b00c8af86576f47 urn:x-nevis:profile:0b00c8af86eead74 urn:x-nevis:profile:0b00c8af87345b76 urn:x-nevis:profile:0b00c8af8795b0ab urn:x-nevis:profile:0b00c8af8020c05a urn:x-nevis:profile:0b00c8af80da257d urn:x-nevis:profile:0b00c8af823216ee urn:x-nevis:profile:0b00c8af82e5d352 urn:x-nevis:profile:0b00c8af839eacfa urn:x-nevis:profile:0b00c8af83f1a8d8 urn:x-nevis:profile:0b00c8af8414e27e urn:x-nevis:profile:0b00c8af847139e3 urn:x-nevis:profile:0b00c8af84eb8110 urn:x-nevis:profile:0b00c8af84677309 urn:x-nevis:profile:0b00c8af84eb810c urn:x-nevis:profile:0b00c8af8520c3a6 urn:x-nevis:profile:0b00c8af85633da2 urn:x-nevis:profile:0b00c8af86223698 urn:x-nevis:profile:0b00c8af863ffa7b urn:x-nevis:profile:0b00c8af86ec6047 urn:x-nevis:profile:0b00c8af87344fef urn:x-nevis:profile:0b00c8af87a4ede2 urn:x-nevis:profile:0b00c8af87a573de urn:x-nevis:profile:0b00c8af86552501 urn:x-nevis:profile:0b00c8af8657680f urn:x-nevis:profile:0b00c8af86eddbce urn:x-nevis:profile:0b00c8af87345325 urn:x-nevis:profile:0b00c8af8020633b urn:x-nevis:profile:0b00c8af80206343 urn:x-nevis:profile:0b00c8af802063ec urn:x-nevis:profile:0b00c8af8020641f urn:x-nevis:profile:0b00c8af80206670 urn:x-nevis:profile:0b00c8af8020666a urn:x-nevis:profile:0b00c8af80206675 urn:x-nevis:profile:0b00c8af80206676 urn:x-nevis:profile:0b00c8af80206666 urn:x-nevis:profile:0b00c8af80da26dc urn:x-nevis:profile:0b00c8af822b096a urn:x-nevis:profile:0b00c8af82e48186 urn:x-nevis:profile:0b00c8af83affc41 urn:x-nevis:profile:0b00c8af839e8e09 urn:x-nevis:profile:0b00c8af83f23801 urn:x-nevis:profile:0b00c8af84103b76 urn:x-nevis:profile:0b00c8af84adce35 urn:x-nevis:profile:0b00c8af84eb8108 urn:x-nevis:profile:0b00c8af8520c3a3 urn:x-nevis:profile:0b00c8af85632eb6 urn:x-nevis:profile:0b00c8af862154cd urn:x-nevis:profile:0b00c8af8656e95f urn:x-nevis:profile:0b00c8af802065c4 urn:x-nevis:profile:0b00c8af802065f5 urn:x-nevis:profile:0b00c8af802065d6 urn:x-nevis:profile:0b00c8af8020666b urn:x-nevis:profile:0b00c8af8020666d urn:x-nevis:profile:0b00c8af80206662 urn:x-nevis:profile:0b00c8af8020665c urn:x-nevis:profile:0b00c8af80da2577 urn:x-nevis:profile:0b00c8af822b096c urn:x-nevis:profile:0b00c8af82e48550 urn:x-nevis:profile:0b00c8af802065bc urn:x-nevis:profile:0b00c8af80206712 urn:x-nevis:profile:0b00c8af86dd9c01 urn:x-nevis:profile:0b00c8af8734634a urn:x-nevis:profile:0b00c8af8795b0b2 urn:x-nevis:profile:0b00c8af86dd9c02 urn:x-nevis:profile:0b00c8af873465d2 urn:x-nevis:profile:0b00c8af8795b0ad urn:x-nevis:profile:0b00c8af8734696f urn:x-nevis:profile:0b00c8af8795b0aa urn:x-nevis:profile:0b00c8af882fd259 urn:x-nevis:profile:0b00c8af83f34b0e urn:x-nevis:profile:0b00c8af841040db urn:x-nevis:profile:0b00c8af84ae12aa urn:x-nevis:profile:0b00c8af84eb810d urn:x-nevis:profile:0b00c8af8520c3a7 urn:x-nevis:profile:0b00c8af8569a13e urn:x-nevis:profile:0b00c8af86229467 urn:x-nevis:profile:0b00c8af864b2bae urn:x-nevis:profile:0b00c8af86ee512d urn:x-nevis:profile:0b00c8af87164cbc urn:x-nevis:profile:0b00c8af8795b0ac urn:x-nevis:profile:0b00c8af839e8e0b urn:x-nevis:profile:0b00c8af83f24029 urn:x-nevis:profile:0b00c8af84103a21 urn:x-nevis:profile:0b00c8af84add34d urn:x-nevis:profile:0b00c8af84eb8109 urn:x-nevis:profile:0b00c8af8520c3a4 urn:x-nevis:profile:0b00c8af85633292 urn:x-nevis:profile:0b00c8af8621ada3 urn:x-nevis:profile:0b00c8af8656ed6f urn:x-nevis:profile:0b00c8af80206671 urn:x-nevis:profile:0b00c8af80206669 urn:x-nevis:profile:0b00c8af8117443b urn:x-nevis:profile:0b00c8af822b0968 urn:x-nevis:profile:0b00c8af82e48817 urn:x-nevis:profile:0b00c8af838ba0b2 urn:x-nevis:profile:0b00c8af83f1a29a urn:x-nevis:profile:0b00c8af8414e54b urn:x-nevis:profile:0b00c8af84983e6d urn:x-nevis:profile:0b00c8af84eb8103 urn:x-nevis:profile:0b00c8af851e8289 urn:x-nevis:profile:0b00c8af856303e5 urn:x-nevis:profile:0b00c8af8620fba5 urn:x-nevis:profile:0b00c8af8656e7b9 urn:x-nevis:profile:0b00c8af858c2577 urn:x-nevis:profile:0b00c8af86eeb1e9 urn:x-nevis:profile:0b00c8af87345e76 urn:x-nevis:profile:0b00c8af8795b0b1" title="VCC-283747-1, M6" to="L1"/>
</ref>
</torque>
</ptxt>
</para>
<para id="nev19120097n1-nev30210191n95">
<ptxt id="nev19120097n1-nev30210191n96">Repeat on the o#@#@#5#side.</ptxt>
</para>
</graphtext>
</grate>
</procstep>
<procstep id="nev19120097n1-nev27284613n31">
<grate id="nev19120097n1-nev30210191n93">
<graphic id="nev19120097n1-nev30210191n94">
<href>0900c8af87369c2#@#@#9#.jpeg</href>
</graphic>
</grate>
</procstep>
<procstep id="nev19120097n1-nev27284613n28">
<grate id="nev19120097n1-nev30210191n91">
<graphic id="nev19120097n1-nev30210191n92">
<href>0900c8af87369c2#@#@#9#.jpeg</href>
</graphic>
<graphtext id="nev19120097n1-nev30210404n1">
<para id="nev19120097n1-nev30210191n89">
<ptxt id="nev19120097n1-nev30210191n90">Remove the mark#@#@#3#part.</ptxt>
</para>
</graphtext>
</grate>
</procstep>
<procstep id="nev19120097n1-nev27284613n23">
<title id="nev19120097n1-0800c8af844a423d">Vehicles with k#@#@#7#entry</title>
</procstep>
<procstep id="nev19120097n1-nev27284613n21">
<grate id="nev19120097n1-nev30210191n87">
<graphic id="nev19120097n1-nev30210191n88">
<href>0900c8af872271d#@#@#9#.jpeg</href>
</graphic>
</grate>
</procstep>
<procstep id="nev19120097n1-nev27284613n18">
<title id="nev19120097n1-0800c8af844a41e8">All vehicles</title>
</procstep>
<procstep id="nev19120097n1-nev27284613n16">
<grate id="nev19120097n1-nev30210191n85">
<graphic id="nev19120097n1-nev30210191n86">
<href>0900c8af873558f#@#@#9#.jpeg</href>
</graphic>
<graphtext id="nev19120097n1-nev30210411n1">
<para id="nev19120097n1-nev30210191n83">
<ptxt id="nev19120097n1-nev30210191n84">Remove the screws.</ptxt>
</para>
</graphtext>
</grate>
</procstep>
<procstep id="nev19120097n1-nev27284613n11">
<grate id="nev19120097n1-nev30210191n81">
<graphic id="nev19120097n1-nev30210191n82">
<href>0900c8af87369c2#@#@#9#.jpeg</href>
</graphic>
<graphtext id="nev19120097n1-nev30210415n1">
<para id="nev19120097n1-nev30210191n79">
<ptxt id="nev19120097n1-nev30210191n80">Remove the mark#@#@#3#part.</ptxt>
</para>
</graphtext>
</grate>
</procstep>
<procstep id="nev19120097n1-nev27284613n6">
<grate id="nev19120097n1-nev30210191n77">
<graphic id="nev19120097n1-nev30210191n78">
<href>0900c8af87476bf#@#@#9#.jpeg</href>
</graphic>
<graphtext id="nev19120097n1-nev30210419n1">
<para id="nev19120097n1-nev30210191n75">
<ptxt id="nev19120097n1-nev30210191n76">Disconnect the #@#@#6#tors.</ptxt>
</para>
<para id="nev19120097n1-nev30210191n73">
<ptxt id="nev19120097n1-nev30210191n74">Remove the panel.</ptxt>
</para>
</graphtext>
</grate>
</procstep>
<procstep id="nev19120097n1-nev27284614n99">
<grate id="nev19120097n1-nev30210191n71">
<graphic id="nev19120097n1-nev30210191n72">
<href>0900c8af874870a#@#@#9#.jpeg</href>
</graphic>
<graphtext id="nev19120097n1-nev30210423n1">
<para id="nev19120097n1-nev30210191n69">
<ptxt id="nev19120097n1-nev30210191n70">Remove the screws.</ptxt>
</para>
</graphtext>
</grate>
</procstep>
<procstep id="nev19120097n1-nev27284614n94">
<grate id="nev19120097n1-nev30210191n67">
<graphic id="nev19120097n1-nev30210191n68">
<href>0900c8af8748713#@#@#9#.jpeg</href>
</graphic>
<graphtext id="nev19120097n1-nev30210427n1">
<note id="nev19120097n1-0800c8af85df4c6e">
<ptxt>The graphic sho#@#@#39#oval.</ptxt>
</note>
</graphtext>
</grate>
</procstep>
<procstep id="nev19120097n1-nev27284614n90">
<grate id="nev19120097n1-nev30210191n65">
<graphic id="nev19120097n1-nev30210191n66">
<href>0900c8af8748713#@#@#9#.jpeg</href>
</graphic>
<graphtext id="nev19120097n1-nev30210431n1">
<para id="nev19120097n1-nev30210191n63">
<ptxt id="nev19120097n1-nev30210191n64">Remove the panel.</ptxt>
</para>
</graphtext>
</grate>
</procstep>
<procstep id="nev19120097n1-nev27284614n85">
<grate id="nev19120097n1-nev30210191n61">
<graphic id="nev19120097n1-nev30210191n62">
<href>0900c8af874821a#@#@#9#.jpeg</href>
</graphic>
<graphtext id="nev19120097n1-nev30210435n1">
<para id="nev19120097n1-nev30210191n59">
<ptxt id="nev19120097n1-nev30210191n60">Remove the panel.</ptxt>
</para>
</graphtext>
</grate>
</procstep>
<procstep id="nev19120097n1-nev27284614n80">
<grate id="nev19120097n1-nev30210191n57">
<graphic id="nev19120097n1-nev30210191n58">
<href>0900c8af8748221#@#@#9#.jpeg</href>
</graphic>
<graphtext id="nev19120097n1-nev30210439n1">
<para id="nev19120097n1-nev30210191n55">
<ptxt id="nev19120097n1-nev30210191n56">Remove the panel.</ptxt>
</para>
</graphtext>
</grate>
</procstep>
<procstep id="nev19120097n1-nev27284614n75">
<grate id="nev19120097n1-nev30210191n53">
<graphic id="nev19120097n1-nev30210191n54">
<href>0900c8af8748221#@#@#9#.jpeg</href>
</graphic>
<graphtext id="nev19120097n1-nev30210443n1">
<para id="nev19120097n1-nev30210191n51">
<ptxt id="nev19120097n1-nev30210191n52">Remove the screws.</ptxt>
</para>
<para id="nev19120097n1-nev30210191n49">
<ptxt id="nev19120097n1-nev30210191n50">Remove the panel.</ptxt>
</para>
</graphtext>
</grate>
</procstep>
<procstep id="nev19120097n1-nev27284614n68">
<grate id="nev19120097n1-nev30210191n47">
<graphic id="nev19120097n1-nev30210191n48">
<href>0900c8af8748243#@#@#9#.jpeg</href>
</graphic>
<graphtext id="nev19120097n1-nev30210447n1">
<para id="nev19120097n1-nev30210191n45">
<ptxt id="nev19120097n1-nev30210191n46">Disconnect the #@#@#5#ctor.</ptxt>
</para>
</graphtext>
</grate>
</procstep>
<procstep id="nev19120097n1-nev27284614n63">
<grate id="nev19120097n1-nev30210191n43">
<graphic id="nev19120097n1-nev30210191n44">
<href>0900c8af8748244#@#@#9#.jpeg</href>
</graphic>
<graphtext id="nev19120097n1-nev30210451n1">
<para id="nev19120097n1-nev30210191n41">
<ptxt id="nev19120097n1-nev30210191n42">Loosen the screws.</ptxt>
</para>
<para id="nev19120097n1-nev30210191n39">
<ptxt id="nev19120097n1-nev30210191n40">Loosen the exac#@#@#36#mage.</ptxt>
</para>
</graphtext>
</grate>
</procstep>
<procstep id="nev19120097n1-nev27284614n56">
<grate id="nev19120097n1-nev30210191n37">
<graphic id="nev19120097n1-nev30210191n38">
<href>0900c8af8748244#@#@#9#.jpeg</href>
</graphic>
<graphtext id="nev19120097n1-nev30210455n1">
<para id="nev19120097n1-nev30210191n35">
<ptxt id="nev19120097n1-nev30210191n36">
<equipment equipmentid="" equipmentname="Interior trim remover" id="nev19120097n1-nev27284620n37"/>
</ptxt>
</para>
<para id="nev19120097n1-nev30210191n33">
<ptxt id="nev19120097n1-nev30210191n34">The part is not#@#@#9#used.</ptxt>
</para>
</graphtext>
</grate>
</procstep>
</stepgrp>
<stepgrp boilerplate="false" context="" id="nev19120097n1-nev30210191n32">
<title id="nev19120097n1-0800c8af84fbdb3d">Accessory insta#@#@#2#ation</title>
<procstep id="nev19120097n1-nev27284614n46">
<grate id="nev19120097n1-nev30210191n30">
<graphic id="nev19120097n1-nev30210191n31">
<href>0900c8af878bcd9#@#@#9#.jpeg</href>
</graphic>
</grate>
</procstep>
<procstep id="nev19120097n1-nev27284614n43">
<grate id="nev19120097n1-nev30210191n28">
<graphic id="nev19120097n1-nev30210191n29">
<href>0900c8af878bcd9#@#@#9#.jpeg</href>
</graphic>
</grate>
</procstep>
<procstep id="nev19120097n1-nev27284614n40">
<grate id="nev19120097n1-nev30210191n26">
<graphic id="nev19120097n1-nev30210191n27">
<href>0900c8af874824a#@#@#9#.jpeg</href>
</graphic>
<graphtext id="nev19120097n1-nev30210468n1">
<para id="nev19120097n1-nev30210191n24">
<ptxt id="nev19120097n1-nev30210191n25">Tighten the bolts.</ptxt>
</para>
<para id="nev19120097n1-nev30210191n22">
<ptxt id="nev19120097n1-nev30210191n23">
<toolitem boilerplate="true" id="nev19120097n1-nev27284620n21" imageid="0900c8af862ea733"/>
</ptxt>
</para>
</graphtext>
</grate>
</procstep>
<procstep id="nev19120097n1-nev27284614n32">
<grate id="nev19120097n1-nev30210191n20">
<graphic id="nev19120097n1-nev30210191n21">
<href>0900c8af8748243#@#@#9#.jpeg</href>
</graphic>
<graphtext id="nev19120097n1-nev30210475n1">
<para id="nev19120097n1-nev30210191n18">
<ptxt id="nev19120097n1-nev30210191n19">Connect the con#@#@#2#ctor.</ptxt>
</para>
</graphtext>
</grate>
</procstep>
<procstep id="nev19120097n1-nev27284614n27">
<grate id="nev19120097n1-nev30210191n16">
<graphic id="nev19120097n1-nev30210191n17">
<href>0900c8af8748f02#@#@#9#.jpeg</href>
</graphic>
<graphtext id="nev19120097n1-nev30210479n1">
<para id="nev19120097n1-nev30210191n14">
<ptxt id="nev19120097n1-nev30210191n15">Loosen the mark#@#@#13#ails.</ptxt>
</para>
<para id="nev19120097n1-nev30210191n12">
<ptxt id="nev19120097n1-nev30210191n13">To be repeated #@#@#29#nent.</ptxt>
</para>
</graphtext>
</grate>
</procstep>
<procstep id="nev19120097n1-nev27284614n20">
<grate id="nev19120097n1-nev30210191n10">
<graphic id="nev19120097n1-nev30210191n11">
<href>0900c8af8748f03#@#@#9#.jpeg</href>
</graphic>
<graphtext id="nev19120097n1-nev30210483n1">
<para id="nev19120097n1-nev30210191n8">
<ptxt id="nev19120097n1-nev30210191n9">Release the catches.</ptxt>
</para>
<para id="nev19120097n1-nev30210191n6">
<ptxt id="nev19120097n1-nev30210191n7">Loosen the mark#@#@#13#ails.</ptxt>
</para>
<para id="nev19120097n1-nev30210191n4">
<ptxt id="nev19120097n1-nev30210191n5">
<equipment equipmentid="" equipmentname="Scribe" id="nev19120097n1-nev27284620n3"/>
</ptxt>
</para>
<para id="nev19120097n1-nev30210191n2">
<ptxt id="nev19120097n1-nev30210191n3">
<equipment equipmentid="" equipmentname="Interior trim remover" id="nev19120097n1-nev27284621n100"/>
</ptxt>
</para>
<para id="nev19120097n1-nev30210192n100">
<ptxt id="nev19120097n1-nev30210191n1">To be repeated #@#@#29#nent.</ptxt>
</para>
</graphtext>
</grate>
</procstep>
<procstep id="nev19120097n1-nev27284614n5">
<grate id="nev19120097n1-nev30210192n98">
<graphic id="nev19120097n1-nev30210192n99">
<href>0900c8af874f934#@#@#9#.jpeg</href>
</graphic>
<graphtext id="nev19120097n1-nev30210493n1">
<para id="nev19120097n1-nev30210192n96">
<ptxt id="nev19120097n1-nev30210192n97">
<material id="nev19120097n1-nev27284621n91" materialid="988734" materialname="Cable tie, 750 mm" quantity="0.0" showInProcStep="true"/>
</ptxt>
</para>
</graphtext>
</grate>
</procstep>
<procstep id="nev19120097n1-nev27284615n99">
<grate id="nev19120097n1-nev30210192n94">
<graphic id="nev19120097n1-nev30210192n95">
<href>0900c8af874f934#@#@#9#.jpeg</href>
</graphic>
<graphtext id="nev19120097n1-nev30210500n1">
<para id="nev19120097n1-nev30210192n92">
<ptxt id="nev19120097n1-nev30210192n93">
<material id="nev19120097n1-nev27284621n86" materialid="" materialname="Electrical tape" quantity="0.0" showInProcStep="true"/>
</ptxt>
</para>
</graphtext>
</grate>
</procstep>
<procstep id="nev19120097n1-nev27284615n93">
<grate id="nev19120097n1-nev30210192n90">
<graphic id="nev19120097n1-nev30210192n91">
<href>0900c8af878ca0d#@#@#9#.jpeg</href>
</graphic>
</grate>
</procstep>
<procstep id="nev19120097n1-nev27284615n90">
<grate id="nev19120097n1-nev30210192n88">
<graphic id="nev19120097n1-nev30210192n89">
<href>0900c8af878ca0d#@#@#9#.jpeg</href>
</graphic>
<graphtext id="nev19120097n1-nev30210510n1">
<para id="nev19120097n1-nev30210192n86">
<ptxt id="nev19120097n1-nev30210192n87">Pull the wiring#@#@#4#ough.</ptxt>
</para>
</graphtext>
</grate>
</procstep>
<procstep id="nev19120097n1-nev27284615n85">
<grate id="nev19120097n1-nev30210192n84">
<graphic id="nev19120097n1-nev30210192n85">
<href>0900c8af878ca1a#@#@#9#.jpeg</href>
</graphic>
<graphtext id="nev19120097n1-nev30210514n1">
<para id="nev19120097n1-nev30210192n82">
<ptxt id="nev19120097n1-nev30210192n83">Position/route #@#@#20#ated.</ptxt>
</para>
<para id="nev19120097n1-nev30210192n80">
<ptxt id="nev19120097n1-nev30210192n81">Install the cable.</ptxt>
</para>
<para id="nev19120097n1-nev30210192n78">
<ptxt id="nev19120097n1-nev30210192n79">Use a cable tie</ptxt>
</para>
</graphtext>
</grate>
</procstep>
<procstep id="nev19120097n1-nev27284615n76">
<grate id="nev19120097n1-nev30210192n76">
<graphic id="nev19120097n1-nev30210192n77">
<href>0900c8af87506f9#@#@#9#.jpeg</href>
</graphic>
<graphtext id="nev19120097n1-nev30210518n1">
<para id="nev19120097n1-nev30210192n74">
<ptxt id="nev19120097n1-nev30210192n75">Pull the wiring#@#@#4#ough.</ptxt>
</para>
<para id="nev19120097n1-nev30210192n72">
<ptxt id="nev19120097n1-nev30210192n73">
<material id="nev19120097n1-nev27284621n65" materialid="1161150" materialname="Lubricant" quantity="0.0" showInProcStep="true"/>
</ptxt>
</para>
<para id="nev19120097n1-nev30210192n70">
<ptxt id="nev19120097n1-nev30210192n71">Wipe off</ptxt>
</para>
<para id="nev19120097n1-nev30210192n68">
<ptxt id="nev19120097n1-nev30210192n69">Remove the cabl#@#@#4#e(s).</ptxt>
</para>
</graphtext>
</grate>
</procstep>
<procstep id="nev19120097n1-nev27284615n64">
<grate id="nev19120097n1-nev30210192n66">
<graphic id="nev19120097n1-nev30210192n67">
<href>0900c8af8750752#@#@#9#.jpeg</href>
</graphic>
<graphtext id="nev19120097n1-nev30210525n1">
<para id="nev19120097n1-nev30210192n64">
<ptxt id="nev19120097n1-nev30210192n65">Pull the wiring#@#@#4#ough.</ptxt>
</para>
</graphtext>
</grate>
</procstep>
<procstep id="nev19120097n1-nev27284615n59">
<grate id="nev19120097n1-nev30210192n62">
<graphic id="nev19120097n1-nev30210192n63">
<href>0900c8af8748f16#@#@#9#.jpeg</href>
</graphic>
<graphtext id="nev19120097n1-nev30210529n1">
<para id="nev19120097n1-nev30210192n60">
<ptxt id="nev19120097n1-nev30210192n61">Reinstall the r#@#@#7#part.</ptxt>
</para>
<para id="nev19120097n1-nev30210192n58">
<ptxt id="nev19120097n1-nev30210192n59">To be repeated #@#@#29#nent.</ptxt>
</para>
</graphtext>
</grate>
</procstep>
<procstep id="nev19120097n1-nev27284615n52">
<grate id="nev19120097n1-nev30210192n56">
<graphic id="nev19120097n1-nev30210192n57">
<href>0900c8af8748f16#@#@#9#.jpeg</href>
</graphic>
<graphtext id="nev19120097n1-nev30210533n1">
<caution id="nev19120097n1-0800c8af8505ff6a">
<ptxt>Make sure that #@#@#41#body.</ptxt>
</caution>
<para id="nev19120097n1-nev30210192n54">
<ptxt id="nev19120097n1-nev30210192n55">Reinstall the r#@#@#7#part.</ptxt>
</para>
<para id="nev19120097n1-nev30210192n52">
<ptxt id="nev19120097n1-nev30210192n53">To be repeated #@#@#29#nent.</ptxt>
</para>
</graphtext>
</grate>
</procstep>
<procstep id="nev19120097n1-nev27284616n57">
<grate id="nev19120097n1-nev30210192n50">
<graphic id="nev19120097n1-nev30210192n51">
<href>0900c8af878bcb5#@#@#9#.jpeg</href>
</graphic>
<graphtext id="nev19120097n1-nev30210537n1">
<para id="nev19120097n1-nev30210192n48">
<ptxt id="nev19120097n1-nev30210192n49">Route the wire #@#@#24#ings.</ptxt>
</para>
<para id="nev19120097n1-nev30210192n46">
<ptxt id="nev19120097n1-nev30210192n47">Install the cable.</ptxt>
</para>
<para id="nev19120097n1-nev30210192n44">
<ptxt id="nev19120097n1-nev30210192n45">Use a cable tie</ptxt>
</para>
</graphtext>
</grate>
</procstep>
<procstep id="nev19120097n1-nev27284616n66">
<grate id="nev19120097n1-nev30210192n42">
<graphic id="nev19120097n1-nev30210192n43">
<href>0900c8af878bcb5#@#@#9#.jpeg</href>
</graphic>
<graphtext id="nev19120097n1-nev30210541n1">
<para id="nev19120097n1-nev30210192n40">
<ptxt id="nev19120097n1-nev30210192n41">Route the wires#@#@#25#ings.</ptxt>
</para>
<para id="nev19120097n1-nev30210192n38">
<ptxt id="nev19120097n1-nev30210192n39">Install the cables.</ptxt>
</para>
<para id="nev19120097n1-nev30210192n36">
<ptxt id="nev19120097n1-nev30210192n37">Use a cable tie</ptxt>
</para>
</graphtext>
</grate>
</procstep>
<procstep id="nev19120097n1-nev27284615n44">
<grate id="nev19120097n1-nev30210192n34">
<graphic id="nev19120097n1-nev30210192n35">
<href>0900c8af87948e3#@#@#9#.jpeg</href>
</graphic>
<graphtext id="nev19120097n1-nev30210545n1">
<para id="nev19120097n1-nev30210192n32">
<ptxt id="nev19120097n1-nev30210192n33">Position/route #@#@#20#ated.</ptxt>
</para>
<para id="nev19120097n1-nev30210192n30">
<ptxt id="nev19120097n1-nev30210192n31">Install the cable.</ptxt>
</para>
<para id="nev19120097n1-nev30210192n28">
<ptxt id="nev19120097n1-nev30210192n29">Use a cable tie</ptxt>
</para>
</graphtext>
</grate>
</procstep>
<procstep id="nev19120097n1-nev27284615n35">
<grate id="nev19120097n1-nev30210192n26">
<graphic id="nev19120097n1-nev30210192n27">
<href>0900c8af8730f1b#@#@#9#.jpeg</href>
</graphic>
<graphtext id="nev19120097n1-nev30210549n1">
<para id="nev19120097n1-nev30210192n24">
<ptxt id="nev19120097n1-nev30210192n25">Connect the pre#@#@#8#able.</ptxt>
</para>
</graphtext>
</grate>
</procstep>
<procstep id="nev19120097n1-nev27284615n30">
<grate id="nev19120097n1-nev30210192n22">
<graphic id="nev19120097n1-nev30210192n23">
<href>0900c8af878bce2#@#@#9#.jpeg</href>
</graphic>
<graphtext id="nev19120097n1-nev30210553n1">
<para id="nev19120097n1-nev30210192n20">
<ptxt id="nev19120097n1-nev30210192n21">Route the wire #@#@#24#ings.</ptxt>
</para>
</graphtext>
</grate>
</procstep>
<procstep id="nev19120097n1-nev27337033n49">
<title id="nev19120097n1-0800c8af84fbdb38">Right-hand driv#@#@#5#icles</title>
</procstep>
<procstep id="nev19120097n1-nev27337033n47">
<grate id="nev19120097n1-nev30210192n18">
<graphic id="nev19120097n1-nev30210192n19">
<href>0900c8af87948fc#@#@#9#.jpeg</href>
</graphic>
</grate>
</procstep>
<procstep id="nev19120097n1-nev27337033n44">
<title id="nev19120097n1-0800c8af844a41e8">All vehicles</title>
</procstep>
<procstep id="nev19120097n1-nev27284615n25">
<grate id="nev19120097n1-nev30210192n16">
<graphic id="nev19120097n1-nev30210192n17">
<href>0900c8af878bce6#@#@#9#.jpeg</href>
</graphic>
<graphtext id="nev19120097n1-nev30210560n1">
<para id="nev19120097n1-nev30210192n14">
<ptxt id="nev19120097n1-nev30210192n15">Install the cable.</ptxt>
</para>
<para id="nev19120097n1-nev30210192n12">
<ptxt id="nev19120097n1-nev30210192n13">Use a cable tie</ptxt>
</para>
</graphtext>
</grate>
</procstep>
<procstep id="nev19120097n1-nev27284615n18">
<grate id="nev19120097n1-nev30210192n10">
<graphic id="nev19120097n1-nev30210192n11">
<href>0900c8af8739cdc#@#@#9#.jpeg</href>
</graphic>
<graphtext id="nev19120097n1-nev30210564n1">
<para id="nev19120097n1-nev30210192n8">
<ptxt id="nev19120097n1-nev30210192n9">Fold marked par#@#@#3#side.</ptxt>
</para>
</graphtext>
</grate>
</procstep>
<procstep id="nev19120097n1-nev27284615n13">
<grate id="nev19120097n1-nev30210192n6">
<graphic id="nev19120097n1-nev30210192n7">
<href>0900c8af878bcae#@#@#9#.jpeg</href>
</graphic>
<graphtext id="nev19120097n1-nev30210568n1">
<para id="nev19120097n1-nev30210192n4">
<ptxt id="nev19120097n1-nev30210192n5">Position/route #@#@#20#ated.</ptxt>
</para>
<para id="nev19120097n1-nev30210192n2">
<ptxt id="nev19120097n1-nev30210192n3">Install the cable.</ptxt>
</para>
<para id="nev19120097n1-nev30210193n100">
<ptxt id="nev19120097n1-nev30210192n1">Use a cable tie</ptxt>
</para>
</graphtext>
</grate>
</procstep>
<procstep id="nev19120097n1-nev27284615n4">
<grate id="nev19120097n1-nev30210193n98">
<graphic id="nev19120097n1-nev30210193n99">
<href>0900c8af878bcae#@#@#9#.jpeg</href>
</graphic>
<graphtext id="nev19120097n1-nev30210572n1">
<note id="nev19120097n1-0800c8af87503062">
<ptxt>Route the wirin#@#@#31#duct.</ptxt>
</note>
<para id="nev19120097n1-nev30210193n96">
<ptxt id="nev19120097n1-nev30210193n97">Position/route #@#@#21#ated.</ptxt>
</para>
<para id="nev19120097n1-nev30210193n94">
<ptxt id="nev19120097n1-nev30210193n95">Use tape</ptxt>
</para>
</graphtext>
</grate>
</procstep>
<procstep id="nev19120097n1-nev27284616n96">
<grate id="nev19120097n1-nev30210193n92">
<graphic id="nev19120097n1-nev30210193n93">
<href>0900c8af878bcae#@#@#9#.jpeg</href>
</graphic>
<graphtext id="nev19120097n1-nev30210576n1">
<para id="nev19120097n1-nev30210193n90">
<ptxt id="nev19120097n1-nev30210193n91">Position/route #@#@#21#ated.</ptxt>
</para>
</graphtext>
</grate>
</procstep>
<procstep id="nev19120097n1-nev27284616n91">
<grate id="nev19120097n1-nev30210193n88">
<graphic id="nev19120097n1-nev30210193n89">
<href>0900c8af878bcae#@#@#9#.jpeg</href>
</graphic>
<graphtext id="nev19120097n1-nev30210580n1">
<para id="nev19120097n1-nev30210193n86">
<ptxt id="nev19120097n1-nev30210193n87">Route the wires#@#@#25#ings.</ptxt>
</para>
<para id="nev19120097n1-nev30210193n84">
<ptxt id="nev19120097n1-nev30210193n85">Install the cables.</ptxt>
</para>
<para id="nev19120097n1-nev30210193n82">
<ptxt id="nev19120097n1-nev30210193n83">Use a cable tie</ptxt>
</para>
</graphtext>
</grate>
</procstep>
<procstep id="nev19120097n1-nev27284616n82">
<grate id="nev19120097n1-nev30210193n80">
<graphic id="nev19120097n1-nev30210193n81">
<href>0900c8af878bce6#@#@#9#.jpeg</href>
</graphic>
<graphtext id="nev19120097n1-nev30210584n1">
<para id="nev19120097n1-nev30210193n78">
<ptxt id="nev19120097n1-nev30210193n79">Route the wires#@#@#25#ings.</ptxt>
</para>
<para id="nev19120097n1-nev30210193n76">
<ptxt id="nev19120097n1-nev30210193n77">Install the cables.</ptxt>
</para>
<para id="nev19120097n1-nev30210193n74">
<ptxt id="nev19120097n1-nev30210193n75">Use a cable tie</ptxt>
</para>
</graphtext>
</grate>
</procstep>
<procstep id="nev19120097n1-nev27284616n73">
<grate id="nev19120097n1-nev30210193n72">
<graphic id="nev19120097n1-nev30210193n73">
<href>0900c8af878bcd9#@#@#9#.jpeg</href>
</graphic>
<graphtext id="nev19120097n1-nev30210588n1">
<para id="nev19120097n1-nev30210193n70">
<ptxt id="nev19120097n1-nev30210193n71">Position the ca#@#@#29#ated.</ptxt>
</para>
<para id="nev19120097n1-nev30210193n68">
<ptxt id="nev19120097n1-nev30210193n69">Use a cable tie</ptxt>
</para>
</graphtext>
</grate>
</procstep>
<procstep id="nev19120097n1-nev30210193n67">
<title id="nev19120097n1-nev30210193n66">Applies to mode#@#@#125#6036.</title>
</procstep>
<procstep id="nev19120097n1-nev30210193n65">
<note id="nev19120097n1-nev30210193n64">
<ptxt>Make sure that #@#@#37#tatus</ptxt>
</note>
</procstep>
<procstep id="nev19120097n1-nev30210193n63">
<title id="nev19120097n1-nev30210193n62">All vehicles</title>
</procstep>
<procstep id="nev19120097n1-nev27284616n48">
<grate id="nev19120097n1-nev30210193n60">
<graphic id="nev19120097n1-nev30210193n61">
<href>0900c8af83616d6#@#@#9#.jpeg</href>
</graphic>
<graphtext id="nev19120097n1-nev30210592n1">
<para id="nev19120097n1-nev30210193n58">
<ptxt id="nev19120097n1-nev30210193n59">Download softwa#@#@#150#mber.</ptxt>
</para>
</graphtext>
</grate>
</procstep>
</stepgrp>
<stepgrp boilerplate="false" context="" id="nev19120097n1-nev30210193n57">
<title id="nev19120097n1-0800c8af844a46f9">Installation</title>
<procstep id="nev19120097n1-nev27284616n41">
<grate id="nev19120097n1-nev30210193n55">
<graphic id="nev19120097n1-nev30210193n56">
<href>0900c8af86b6498#@#@#9#.jpeg</href>
</graphic>
<graphtext id="nev19120097n1-nev30210596n1">
<para id="nev19120097n1-nev30210193n53">
<ptxt id="nev19120097n1-nev30210193n54">Reinstall the r#@#@#25#rder.</ptxt>
</para>
</graphtext>
</grate>
</procstep>
</stepgrp>
</procedure>
<kitnumbers>
<kitnumber>30795572</kitnumber>
<kitnumber>31650145</kitnumber>
<kitnumber>32259554</kitnumber>
</kitnumbers>
</servinfosub>
</body>
</i2>