<?xml version="1.0" encoding="UTF-8"?><servinfosub IE-ID="en-US0900c8af80c4bb0f" docno="VCC-122101" id="KC01661111" xml:lang="en-US">
<title>
<phrase category="" id="KC07487614" phrase-urn="urn:x-nevis:phrase:0800c8af81b7208c">Signal missing #@#@#22#fault</phrase>
</title>
<diagnostic j2008use="1" paperuse="1" screenuse="1" type="test">
<testgrp IE-ID="en-US0900c8af80c4bb0f_KC01661112" id="KC01661112" j2008use="1" paperuse="1" resumable="1" screenuse="1" testgrp-id="a1" x="160" y="120">
<title>
<phrase category="" id="KC07487615" phrase-urn="urn:x-nevis:phrase:0800c8af81b7209b">Checking the co#@#@#2#onent</phrase>
</title>
<node>
<test1>
<test2>
<para>
<ptxt>
<phrase category="" id="KC07487616" phrase-urn="urn:x-nevis:phrase:0800c8af81b720a8">Remove relay (2#@#@#84#g to <xref>
<ref id="KC07487617"/>
</xref>. </phrase>
</ptxt>
</para>
<para>
<ptxt>
<phrase category="" id="KC07487618" phrase-urn="urn:x-nevis:phrase:0800c8af81b720b9">Install the relay.</phrase>
</ptxt>
</para>
<para>
<ptxt>
<phrase category="" id="KC07487619" phrase-urn="urn:x-nevis:phrase:0800c8af81b720cc">Activate the relay.</phrase>
</ptxt>
</para>
<para>
<ptxt>
<phrase category="" id="KC07487620" phrase-urn="urn:x-nevis:phrase:0800c8af81b720e0">If the function#@#@#64#base.</phrase>
</ptxt>
</para>
<list1 enumtype="d">
<title>
<phrase category="" id="KC07487621" phrase-urn="urn:x-nevis:phrase:0800c8af81b720f3">Other information:</phrase>
</title>
<item>
<ptxt>
<phrase category="" id="KC07487622" phrase-urn="urn:x-nevis:phrase:0800c8af81b720fe">To access the i#@#@#51# see <xref>
<ref id="KC07487623"/>
</xref>.</phrase>
</ptxt>
</item>
</list1>
<diaglist>
<dgraphic>
<dgraphic2>
<graphic id="KC07487624">
<href>0900c8af86c8681#@#@#9#.jpeg</href>
</graphic>
<smarttool active="press" id="KC07487625" toolname="XREMB113"/>
</dgraphic2>
</dgraphic>
<ditem>
<ditemtext>
<ptxt>
<phrase category="" id="KC07487626" phrase-urn="urn:x-nevis:phrase:0800c8af81b7210a"/>
</ptxt>
</ditemtext>
</ditem>
</diaglist>
<grate>
<graphic id="KC07487627">
<href>0900c8af80058ba#@#@#9#.jpeg</href>
</graphic>
</grate>
</test2>
</test1>
<question>Was the function OK?</question>
<resact-grp>
<result button="yes" comp="button" highlight="0"/>
<action j2008use="1" paperuse="1" screenuse="1">
<ptxt>
<xref>
<ref id="KC07487628"/>
</xref>
</ptxt>
</action>
</resact-grp>
<resact-grp>
<result button="no" comp="button" highlight="0"/>
<action j2008use="1" paperuse="1" screenuse="1">
<ptxt>
<xref>
<ref id="KC07487629"/>
</xref>
</ptxt>
</action>
</resact-grp>
</node>
</testgrp>
<testgrp id="KC01661113" j2008use="1" paperuse="1" resumable="1" screenuse="1" testgrp-id="a2" x="160" y="200">
<title>
<phrase category="" id="KC07487630" phrase-urn="urn:x-nevis:phrase:0800c8af81b72119">Replacing the c#@#@#3#onent</phrase>
</title>
<node>
<test1>
<test2>
<para>
<ptxt>
<phrase category="" id="KC07487631" phrase-urn="urn:x-nevis:phrase:0800c8af81b7212d">Replace relay, 2/58.</phrase>
</ptxt>
</para>
<para>
<ptxt>
<phrase category="" id="KC07487632" phrase-urn="urn:x-nevis:phrase:0800c8af81b7213a">Activate the relay.</phrase>
</ptxt>
</para>
<para>
<ptxt>
<phrase category="" id="KC07487633" phrase-urn="urn:x-nevis:phrase:0800c8af81b72149">If the function#@#@#110#lay).</phrase>
</ptxt>
</para>
<list1 enumtype="d">
<title>
<phrase category="" id="KC07487634" phrase-urn="urn:x-nevis:phrase:0800c8af81b7215d">Other information:</phrase>
</title>
<item>
<ptxt>
<phrase category="" id="KC07487635" phrase-urn="urn:x-nevis:phrase:0800c8af81b7216d">To access the i#@#@#51# see <xref>
<ref id="KC07487636"/>
</xref>.</phrase>
</ptxt>
</item>
</list1>
<diaglist>
<dgraphic>
<dgraphic2>
<graphic id="KC07487637">
<href>0900c8af86c8681#@#@#9#.jpeg</href>
</graphic>
<smarttool active="press" id="KC07487638" toolname="XREMB113"/>
</dgraphic2>
</dgraphic>
<ditem>
<ditemtext>
<ptxt>
<phrase category="" id="KC07487639" phrase-urn="urn:x-nevis:phrase:0800c8af81b7217c"/>
</ptxt>
</ditemtext>
</ditem>
</diaglist>
<grate>
<graphic id="KC07487640">
<href>0900c8af80058ba#@#@#9#.jpeg</href>
</graphic>
</grate>
</test2>
</test1>
<question>Was the function OK?</question>
<resact-grp>
<result button="yes" comp="button" highlight="0"/>
<action j2008use="1" paperuse="1" screenuse="1">
<return value="FAULT FOUND"/>
</action>
</resact-grp>
<resact-grp>
<result button="no" comp="button" highlight="0"/>
<action j2008use="1" paperuse="1" screenuse="1">
<ptxt>
<xref>
<ref id="KC07487641"/>
</xref>
</ptxt>
</action>
</resact-grp>
</node>
</testgrp>
<testgrp id="KC01661114" j2008use="1" paperuse="1" resumable="1" screenuse="1" testgrp-id="a3" x="160" y="280">
<title>
<phrase category="" id="KC07487642" phrase-urn="urn:x-nevis:phrase:0800c8af81b7218d">Checking the wiring</phrase>
</title>
<node>
<test1>
<diaglist>
<ditem>
<ptxt>
<phrase category="" id="KC07487643" phrase-urn="urn:x-nevis:phrase:0800c8af81b7219e">Remove relay 2/58.</phrase>
</ptxt>
</ditem>
</diaglist>
<test2>
<para>
<ptxt>
<phrase category="" id="KC07487644" phrase-urn="urn:x-nevis:phrase:0800c8af81b721af">Check the drive#@#@#149#base.</phrase>
</ptxt>
<ptxt>
<phrase category="" id="KC07487645" phrase-urn="urn:x-nevis:phrase:0800c8af81b721be">For further inf#@#@#29# see <xref>
<ref id="KC07487646"/>
</xref>.</phrase>
</ptxt>
</para>
<hint>
<ptxt>
<phrase category="" id="KC07487647" phrase-urn="urn:x-nevis:phrase:0800c8af81b721cc">The voltage bet#@#@#47#age. </phrase>
</ptxt>
<ptxt>
<phrase category="" id="KC07487648" phrase-urn="urn:x-nevis:phrase:0800c8af81b721e0">If the value de#@#@#139#tage.</phrase>
</ptxt>
<ptxt>
<phrase category="" id="KC07487649" phrase-urn="urn:x-nevis:phrase:0800c8af81b721f6"> Check for an o#@#@#20#g to <xref>
<ref id="KC07487650"/>
</xref>. </phrase>
</ptxt>
<ptxt>
<phrase category="" id="KC07487651" phrase-urn="urn:x-nevis:phrase:0800c8af81b72205">Do not forget t#@#@#54# OK. </phrase>
</ptxt>
</hint>
<list1 enumtype="d">
<title>
<phrase category="" id="KC07487652" phrase-urn="urn:x-nevis:phrase:0800c8af81b72218">Other information:</phrase>
</title>
<item>
<ptxt>
<phrase category="" id="KC07487653" phrase-urn="urn:x-nevis:phrase:0800c8af81b7222e">To access the i#@#@#51# see <xref>
<ref id="KC07487654"/>
</xref>.</phrase>
</ptxt>
</item>
</list1>
<diaglist>
<dgraphic>
<dgraphic2>
<graphic id="KC07487655">
<href>0900c8af86c8681#@#@#9#.jpeg</href>
</graphic>
<smarttool active="press" id="KC07487656" toolname="XREMB113"/>
</dgraphic2>
</dgraphic>
<ditem>
<ditemtext>
<ptxt>
<phrase category="" id="KC07487657" phrase-urn="urn:x-nevis:phrase:0800c8af81b7223d"/>
</ptxt>
</ditemtext>
</ditem>
</diaglist>
<grate>
<graphic id="KC07487658">
<href>0900c8af80058ba#@#@#9#.jpeg</href>
</graphic>
</grate>
</test2>
</test1>
<question>Was a fault det#@#@#1#cted?</question>
<resact-grp>
<result button="yes" comp="button" highlight="0"/>
<action j2008use="1" paperuse="1" screenuse="1">
<ptxt>
<xref>
<ref id="KC07487659"/>
</xref>
</ptxt>
</action>
</resact-grp>
<resact-grp>
<result button="no" comp="button" highlight="0"/>
<action j2008use="1" paperuse="1" screenuse="1">
<ptxt>
<xref>
<ref id="KC07487660"/>
</xref>
</ptxt>
</action>
</resact-grp>
</node>
</testgrp>
<testgrp id="KC01661115" j2008use="1" paperuse="1" resumable="1" screenuse="1" testgrp-id="a4" x="160" y="280">
<title>
<phrase category="" id="KC07487661" phrase-urn="urn:x-nevis:phrase:0800c8af81b7224e">Checking the co#@#@#26#cuits</phrase>
</title>
<node>
<test1>
<test2>
<para>
<ptxt>
<phrase category="" id="KC07487662" phrase-urn="urn:x-nevis:phrase:0800c8af81b7225d">Measure the res#@#@#67#ive. </phrase>
</ptxt>
</para>
<para>
<ptxt>
<phrase category="" id="KC07487663" phrase-urn="urn:x-nevis:phrase:0800c8af81b7225e">The resistance #@#@#43#ive. </phrase>
</ptxt>
<ptxt>
<phrase category="" id="KC07487664" phrase-urn="urn:x-nevis:phrase:0800c8af81b72266">Replace the con#@#@#33#low. </phrase>
</ptxt>
</para>
<list1 enumtype="d">
<title>
<phrase category="" id="KC07487665" phrase-urn="urn:x-nevis:phrase:0800c8af81b72278">Other information:</phrase>
</title>
<item>
<ptxt>
<phrase category="" id="KC07487666" phrase-urn="urn:x-nevis:phrase:0800c8af81b7228c">To access the i#@#@#51# see <xref>
<ref id="KC07487667"/>
</xref>.</phrase>
</ptxt>
</item>
</list1>
<diaglist>
<dgraphic>
<dgraphic2>
<graphic id="KC07487668">
<href>0900c8af80054d4#@#@#9#.jpeg</href>
</graphic>
<smarttool id="KC07487669" toolname="ODA"/>
</dgraphic2>
</dgraphic>
<ditem>
<ditemtext>
<ptxt>
<phrase category="" id="KC07487670" phrase-urn="urn:x-nevis:phrase:0800c8af81b7229b"/>
</ptxt>
</ditemtext>
</ditem>
</diaglist>
</test2>
</test1>
<question>Select Continue. </question>
<resact-grp>
<result button="cont" comp="button" highlight="0"/>
<action j2008use="1" paperuse="1" screenuse="1">
<ptxt>
<xref>
<ref id="KC07487671"/>
</xref>
</ptxt>
</action>
</resact-grp>
</node>
</testgrp>
<testgrp id="KC01661116" j2008use="1" paperuse="1" resumable="1" screenuse="1" testgrp-id="ver" x="320" y="120">
<title>
<phrase category="" id="KC07487672" phrase-urn="urn:x-nevis:phrase:0800c8af81b722a5">Verification</phrase>
</title>
<subcalloutnode>
<diagcallout>
<xref>
<ref id="KC07487673"/>
</xref>
</diagcallout>
<rescall-grp>
<result comp="string" highlight="0" op="eq" return="VERIFIED"/>
<calloutaction>
<return value="FAULT FOUND"/>
</calloutaction>
</rescall-grp>
<rescall-grp>
<result comp="string" highlight="0" op="eq" return="VERIFICATION FAILED"/>
<calloutaction>
<ptxt>
<xref>
<ref id="KC07487674"/>
</xref>
</ptxt>
</calloutaction>
</rescall-grp>
</subcalloutnode>
</testgrp>
<testgrp id="KC01661117" j2008use="1" paperuse="1" resumable="1" screenuse="1" testgrp-id="info1" x="320" y="200">
<title>
<phrase category="" id="KC07487675" phrase-urn="urn:x-nevis:phrase:0800c8af81b722b1">Fault-tracing i#@#@#5#ation</phrase>
</title>
<subcalloutnode>
<diagcallout>
<xref>
<ref id="KC07487676"/>
</xref>
</diagcallout>
<rescall-grp>
<result comp="string" highlight="0" op="eq" return="NEW TRY"/>
<calloutaction>
<ptxt>
<xref>
<ref id="KC07487677"/>
</xref>
</ptxt>
</calloutaction>
</rescall-grp>
<rescall-grp>
<result comp="string" highlight="0" op="eq" return="FAULTTRACING FAILED"/>
<calloutaction>
<return value="FAULT NOT FOUND"/>
</calloutaction>
</rescall-grp>
</subcalloutnode>
</testgrp>
</diagnostic>
</servinfosub>