<?xml version="1.0" encoding="UTF-8"?><servinfosub IE-ID="en-US0900c8af804f6b0f" docno="VCC-118309" id="KC01721935" servinfosubId="nev20682343n1-nev20682343n2" servinfosubRes="0900c8af862b8a5e" servinfosubRes2="urn:x-nevis:fragment:0900c8af804f6b0f:0900c8af862b8a5e#nev20682343n2" xml:lang="en-US">
<title>Location of com#@#@#2#nents</title>
<procedure>
<stepgrp>
<procstep>
<title>Left-hand drive cars</title>
<grate>
<graphic id="nev20682343n1-KC07348908">
<href>0900c8af801223b#@#@#9#.jpeg</href>
</graphic>
<graphtext>
<para>
<ptxt>The central ele#@#@#82#hood.</ptxt>
</para>
</graphtext>
</grate>
</procstep>
<procstep>
<title>Right-hand driv#@#@#1# cars</title>
<grate>
<graphic id="nev20682343n1-KC07348909">
<href>0900c8af801223b#@#@#9#.jpeg</href>
</graphic>
<graphtext>
<para>
<ptxt>On right-hand d#@#@#131#hood.</ptxt>
</para>
</graphtext>
</grate>
</procstep>
</stepgrp>
</procedure>
</servinfosub>