<?xml version="1.0" encoding="UTF-8"?><script xmlns:nevis="http://www.volvocars.com/namespaces/processing" xmlns:xlink="http://www.w3.org/1999/xlink" IE-ID="en-US0900c8af870f7b0f" docno="VCC-488960" id="nev24497334n1" nevis:expl-profile="mdl256yr2016, mdl234yr2017, mdl235yr2017, mdl256yr2017" nevis:profile="urn:x-nevis:profile:0b00c8af858c2577 urn:x-nevis:profile:0b00c8af86dd9c00 urn:x-nevis:profile:0b00c8af86dd9c01 urn:x-nevis:profile:0b00c8af86eeb1e9" nevis:projectdocument="urn:x-nevis:projectdocument:0800c8af870f7c0c" nevis:resource="0900c8af870f7c61" nevis:resource2="urn:x-nevis:fragment:0900c8af870f7b0f:0900c8af870f7c61#nev24497334n1" nevis:session-id="" qualifierinfotype="14:06" xml:lang="en-US"><title id="nev24497334n2"><phrase category="Title" id="nev24497378n1" phrase-urn="urn:x-nevis:phrase:0800c8af86f03262">Component test:</phrase><phrase category="Generic Component" id="nev24497382n1" phrase-urn="urn:x-nevis:phrase:0800c8af869ec4d0">Gear shift paddles</phrase></title><content id="nev24497334n3-nev24497322n1" nevis:expl-profile="mdl256yr2016, mdl234yr2017, mdl235yr2017, mdl256yr2017" nevis:idfrom="nev24497334n3" nevis:prefix="nev24497334n3" nevis:profile="urn:x-nevis:profile:0b00c8af858c2577 urn:x-nevis:profile:0b00c8af86dd9c00 urn:x-nevis:profile:0b00c8af86dd9c01 urn:x-nevis:profile:0b00c8af86eeb1e9" nevis:resource="0900c8af870f7c5f" nevis:resource2="urn:x-nevis:fragment:0900c8af870f7b0f:0900c8af870f7c5f#nev24497322n1" xml:lang="en-US"><nodes id="nev24497334n3-nev24497322n2"/><SpaScript Id="4b7159da-98df-4230-98ef-12e4c5278aab" Name="Component test: Gear shift paddles " Type="FaultTracing" id="nev24497334n3-nev24497384n1"><Module Annotation="First we run the generic component test module.&#xD;&#xA;After that you can put your individual&#xD;&#xA;component tests..." IsEventHandler="false" Name="Main" id="nev24497334n3-nev24497385n1"><Variable Id="test_remove" Scope="Local" Type="InfoDisplay" id="nev24497334n3-nev24497386n1"><Value Type="InfoDisplayVariable" id="nev24497334n3-nev24497387n1"><infoDisplay id="nev24497334n3-nev24497322n7"><title id="nev24497334n3-nev24497322n8"><freeText id="nev24497334n3-nev24497322n9">Test Test Test</freeText></title><para id="nev24497334n3-nev24497322n10"><freeText id="nev24497334n3-nev24497323n1">Detta är den ge#@#@#45#p... </freeText></para><para id="nev24497334n3-nev24497323n2"><freeText id="nev24497334n3-nev24497323n3">Denna text visa#@#@#42#erats</freeText></para></infoDisplay></Value></Variable><Variable Id="Input" Scope="Input" Type="FaultTracing.Input" id="nev24497334n3-nev24497388n1"/><Component Annotation="Generic test to inform about the DTC condition for faulttracing this cmponent." ComponentId="CallModule_GenericComponentTest" id="nev24497334n3-nev24497389n1"><CallModule id="nev24497334n3-nev24497390n1"><Input Module="GenericComponentTest" id="nev24497334n3-nev24497391n1"><Arg Value="{Input}" id="nev24497334n3-nev24497392n1"/></Input></CallModule></Component><Component ComponentId="RunScript1" id="nev24497334n3-nev24497393n1"><RunScript id="nev24497334n3-nev24497394n1"><Input id="nev24497334n3-nev24497395n1"><NevisLink ProjectDocumentId="0800c8af870f7551" VCCNumber="VCC-488952-1" VariantId="0900c8af870f7588" id="nev24497334n3-nev24497396n1"/><Contract id="nev24497334n3-nev24497397n1"/><Arguments id="nev24497334n3-nev24497398n1"/><NevisXRef id="nev24497334n3-nev24497399n1"><ref id="nev24497334n3-nev24497383n1"><locator xlink:href="#nev24497334n3-nev24497383n1" xlink:type="locator"/><locator xlink:href="urn:x-nevis:xref:0800c8af870f7551:00000000:00000000#nev24495996n1" xlink:type="locator"/><arc nevis:href="urn:x-nevis:xref:0800c8af870f7551:00000000:00000000#nev24495996n1" xlink:title="VCC-488952, Component test: Gear shift paddles" xlink:type="arc"/></ref></NevisXRef></Input></RunScript></Component></Module><Module IsEventHandler="false" Name="Final" id="nev24497334n3-nev24497403n1"/><Module Annotation="Do not touch!" IsEventHandler="false" Name="GenericComponentTest" id="nev24497334n3-nev24497404n1"><Variable Id="InfoDisplayFromGenericLogic" Scope="Local" Type="InfoDisplay" id="nev24497334n3-nev24497405n1"><Value Type="InfoDisplayVariable" id="nev24497334n3-nev24497406n1"><infoDisplay id="nev24497334n3-nev24497324n3"/></Value></Variable><Variable Id="DTCs" Scope="Input" Type="List[String]" id="nev24497334n3-nev24497407n1"/><Component ComponentId="Logger_running_generic" id="nev24497334n3-nev24497408n1"><Logger id="nev24497334n3-nev24497409n1"><Input Text="Running module GenericComponenttest in component test 14:06..........   --- Version: 2015-01-23," id="nev24497334n3-nev24497410n1"/></Logger></Component><Component Annotation="Run the Generic Logic 14:00" ComponentId="RunScript_generic_logic" id="nev24497334n3-nev24497411n1"><RunScript id="nev24497334n3-nev24497412n1"><Input id="nev24497334n3-nev24497413n1"><NevisLink ProjectDocumentId="0800c8af86b6bb5c" VCCNumber="VCC-479232-1" VariantId="0900c8af86b6bb6b" id="nev24497334n3-nev24497414n1"/><Contract id="nev24497334n3-nev24497415n1"><InputVariable Name="DTC_input_data" Type="FaultTracing.Input" id="nev24497334n3-nev24497416n1"/><OutputVariable Name="Error" Type="Double" id="nev24497334n3-nev24497417n1"/><OutputVariable Name="ReturnInfoDisplay" Type="InfoDisplay" id="nev24497334n3-nev24497418n1"/><OutputVariable Name="Only_UC_since_LC" Type="Double" id="nev24497334n3-nev24497419n1"/><OutputVariable Name="TF_since_LC_TestPassedNow" Type="Double" id="nev24497334n3-nev24497420n1"/><OutputVariable Name="TF_since_LC_TestNotRunning" Type="Double" id="nev24497334n3-nev24497421n1"/><OutputVariable Name="TF_since_LC_and_UC_this_OC" Type="Double" id="nev24497334n3-nev24497422n1"/><OutputVariable Name="FaultFreeComponent" Type="Double" id="nev24497334n3-nev24497423n1"/></Contract><Arguments InputValue1="{DTCs}" id="nev24497334n3-nev24497424n1"/><NevisXRef id="nev24497334n3-nev24497326n2"><ref id="nev24497334n3-nev24497326n3"><locator xlink:href="#nev24497334n3-nev24497326n3" xlink:type="locator"/><locator xlink:href="urn:x-nevis:xref:0800c8af86b6bb5c:00000000:00000000#nev22873702n1" xlink:type="locator"/><arc nevis:href="urn:x-nevis:xref:0800c8af86b6bb5c:00000000:00000000#nev22873702n1" xlink:title="VCC-479232, Generic logic for component test" xlink:type="arc"/></ref></NevisXRef></Input></RunScript></Component><If Annotation="if no error show generic info about DTC status for component" LogicId="If_no_error" id="nev24497334n3-nev24497428n1"><LogicStatement Expression="RunScript_generic_logic_Result.Error == False" id="nev24497334n3-nev24497429n1"/><True id="nev24497334n3-nev24497430n1"><Component ComponentId="Logger_showing_infodisplay" id="nev24497334n3-nev24497431n1"><Logger id="nev24497334n3-nev24497432n1"><Input Text="Showing information from generic logic script" id="nev24497334n3-nev24497433n1"/></Logger></Component><Component Annotation="From infodisplay returned by generic logic to a local infodisplay variable due to a bug in SPASE " ComponentId="AssignValue_Infodisplay" id="nev24497334n3-nev24497434n1"><AssignValue id="nev24497334n3-nev24497435n1"><Input AssignTo="{InfoDisplayFromGenericLogic}" Value="{RunScript_generic_logic_Result ReturnInfoDisplay}" id="nev24497334n3-nev24497436n1"/></AssignValue></Component><Component Annotation="Result from the generic logic 14:00" ComponentId="DisplayInformation_FromGenericLogic" id="nev24497334n3-nev24497437n1"><DisplayInformation id="nev24497334n3-nev24497438n1"><Input ButtonType="0" InfoDisplay="{InfoDisplayFromGenericLogic}" id="nev24497334n3-nev24497439n1"/></DisplayInformation></Component><If Annotation="If component only has unconfirmed DTC" LogicId="If_OnlyUnconfirmed" id="nev24497334n3-nev24497440n1"><LogicStatement Expression="RunScript_generic_logic_Result.Only_UC_since_LC == True" id="nev24497334n3-nev24497441n1"/><True id="nev24497334n3-nev24497442n1"><Component ComponentId="Logger_onlyUnconfirmed" id="nev24497334n3-nev24497443n1"><Logger id="nev24497334n3-nev24497444n1"><Input Text="The component Test 14:06, Module: GenericcomponentTest is now starting the 14:00 generic script for only unconfirmed since generic logic responded that there was only unconfirmed DTC" id="nev24497334n3-nev24497445n1"/></Logger></Component><Component Annotation="Generic Logic only for unconfirmed faulttracing" ComponentId="RunScript_OnlyUnconfirmed" id="nev24497334n3-nev24497446n1"><RunScript id="nev24497334n3-nev24497447n1"><Input id="nev24497334n3-nev24497448n1"><NevisLink ProjectDocumentId="0800c8af86bbe0d4" VCCNumber="VCC-479592-1" VariantId="0900c8af86bbddf9" id="nev24497334n3-nev24497449n1"/><Contract id="nev24497334n3-nev24497450n1"><InputVariable Name="AttemptNo" Type="Double" id="nev24497334n3-nev24497451n1"/><InputVariable Name="DTCs" Type="List[String]" id="nev24497334n3-nev24497452n1"/><OutputVariable Name="Verified" Type="Double" id="nev24497334n3-nev24497453n1"/><OutputVariable Name="ReturningInfodisplay" Type="InfoDisplay" id="nev24497334n3-nev24497454n1"/></Contract><Arguments InputValue1="1" InputValue2="{DTCs}" id="nev24497334n3-nev24497455n1"/><NevisXRef id="nev24497334n3-nev24497329n2"><ref id="nev24497334n3-nev24497329n3"><locator xlink:href="#nev24497334n3-nev24497329n3" xlink:type="locator"/><locator xlink:href="urn:x-nevis:xref:0800c8af86bbe0d4:00000000:00000000#nev22964386n1" xlink:type="locator"/><arc nevis:href="urn:x-nevis:xref:0800c8af86bbe0d4:00000000:00000000#nev22964386n1" xlink:title="VCC-479592, GenericLogicForOnlyUnconfirmedComponentTest" xlink:type="arc"/></ref></NevisXRef></Input></RunScript></Component><Component ComponentId="AssignValue_infodisplay" id="nev24497334n3-nev24497459n1"><AssignValue id="nev24497334n3-nev24497460n1"><Input AssignTo="{InfoDisplayFromGenericLogic}" Value="{RunScript_OnlyUnconfirmed_Result ReturningInfodisplay}" id="nev24497334n3-nev24497461n1"/></AssignValue></Component><Component ComponentId="DisplayInformation_ResultOnlyUnconfirmed" id="nev24497334n3-nev24497462n1"><DisplayInformation id="nev24497334n3-nev24497463n1"><Input ButtonType="0" InfoDisplay="{InfoDisplayFromGenericLogic}" id="nev24497334n3-nev24497464n1"/></DisplayInformation></Component><If Annotation="Verified ?" LogicId="If1" id="nev24497334n3-nev24497465n1"><LogicStatement Expression="RunScript_OnlyUnconfirmed_Result.Verified == True" id="nev24497334n3-nev24497466n1"/><True id="nev24497334n3-nev24497467n1"><Component Annotation="Verified" ComponentId="Logger_finished" id="nev24497334n3-nev24497468n1"><Logger id="nev24497334n3-nev24497469n1"><Input Text="Generic fault tracing instructions for only unconfirmed fault finished. the fault is verified..." id="nev24497334n3-nev24497470n1"/></Logger></Component></True><Else id="nev24497334n3-nev24497471n1"><Component ComponentId="Logger_NotVerifiedRetry2" id="nev24497334n3-nev24497472n1"><Logger id="nev24497334n3-nev24497473n1"><Input Text="The only unconfirmed fault is not verified... Running onlyUnconfirmedScript 14:00 one more time..." id="nev24497334n3-nev24497474n1"/></Logger></Component><Component Annotation="Second try" ComponentId="RunScriptUnconfirmed_2" id="nev24497334n3-nev24497475n1"><RunScript id="nev24497334n3-nev24497476n1"><Input id="nev24497334n3-nev24497477n1"><NevisLink ProjectDocumentId="0800c8af86bbe0d4" VCCNumber="VCC-479592-1" VariantId="0900c8af86bbddf9" id="nev24497334n3-nev24497478n1"/><Contract id="nev24497334n3-nev24497479n1"><InputVariable Name="AttemptNo" Type="Double" id="nev24497334n3-nev24497480n1"/><InputVariable Name="DTCs" Type="List[String]" id="nev24497334n3-nev24497481n1"/><OutputVariable Name="Verified" Type="Double" id="nev24497334n3-nev24497482n1"/><OutputVariable Name="ReturningInfodisplay" Type="InfoDisplay" id="nev24497334n3-nev24497483n1"/></Contract><Arguments InputValue1="2" InputValue2="{DTCs}" id="nev24497334n3-nev24497484n1"/><NevisXRef id="nev24497334n3-nev24497331n10"><ref id="nev24497334n3-nev24497332n1"><locator xlink:href="#nev24497334n3-nev24497332n1" xlink:type="locator"/><locator xlink:href="urn:x-nevis:xref:0800c8af86bbe0d4:00000000:00000000#nev22964386n1" xlink:type="locator"/><arc nevis:href="urn:x-nevis:xref:0800c8af86bbe0d4:00000000:00000000#nev22964386n1" xlink:title="VCC-479592, GenericLogicForOnlyUnconfirmedComponentTest" xlink:type="arc"/></ref></NevisXRef></Input></RunScript></Component><Component Annotation="" ComponentId="AssignValue_infodisplay2" id="nev24497334n3-nev24497488n1"><AssignValue id="nev24497334n3-nev24497489n1"><Input AssignTo="{InfoDisplayFromGenericLogic}" Value="{RunScriptUnconfirmed_2_Result ReturningInfodisplay}" id="nev24497334n3-nev24497490n1"/></AssignValue></Component><Component ComponentId="DisplayInformation_ResultUC_2" id="nev24497334n3-nev24497491n1"><DisplayInformation id="nev24497334n3-nev24497492n1"><Input ButtonType="0" InfoDisplay="{InfoDisplayFromGenericLogic}" id="nev24497334n3-nev24497493n1"/></DisplayInformation></Component></Else></If></True><Else id="nev24497334n3-nev24497494n1"/></If></True><Else id="nev24497334n3-nev24497495n1"><Component ComponentId="Logger_error" id="nev24497334n3-nev24497496n1"><Logger id="nev24497334n3-nev24497497n1"><Input Text="Error! Something is wrong in generic logic14:00 script, no condition is true. disabling viewing of the generic information, continueing directly to specific fault tracing..." id="nev24497334n3-nev24497498n1"/></Logger></Component></Else></If><Component ComponentId="Logger_Finished" id="nev24497334n3-nev24497499n1"><Logger id="nev24497334n3-nev24497500n1"><Input Text="Generic module in 14:06 component test is finished, continuing with specific tests...." id="nev24497334n3-nev24497501n1"/></Logger></Component></Module></SpaScript></content></script>