<?xml version="1.0" encoding="UTF-8"?><servinfosub IE-ID="en-US0900c8af80149b0f" docno="VCC-145098" id="KC01141960" servinfosubId="nev20687434n1-nev20687434n2" servinfosubRes="0900c8af862c313c" servinfosubRes2="urn:x-nevis:fragment:0900c8af80149b0f:0900c8af862c313c#nev20687434n2" xml:lang="en-US">
<title>System overview</title>
<topic id="nev20687434n1-KC01232311">
<title>Control module</title>
<grate pgwide="1">
<graphic id="nev20687434n1-KC08953889">
<href>0900c8af8005b72#@#@#9#.jpeg</href>
</graphic>
</grate>
<para>
<ptxt>There are two v#@#@#93#ent).</ptxt>
</para>
<para>
<ptxt>The main task o#@#@#57#ions:</ptxt>
</para>
<list1 enumtype="d" type="unordered">
<item>
<ptxt>Voice calls</ptxt>
</item>
<item>
<ptxt>Automatic conne#@#@#75#Call)</ptxt>
</item>
<item>
<ptxt>Connection to t#@#@#90#all).</ptxt>
</item>
</list1>
<para>
<ptxt>The phone modul#@#@#166#aced.</ptxt>
</para>
<para>
<ptxt>A phone module #@#@#81#ion. </ptxt>
</para>
<para>
<ptxt>The phone modul#@#@#114#CAN).</ptxt>
</para>
<para>
<ptxt>The control mod#@#@#253#alue.</ptxt>
</para>
<para>
<ptxt>With phone modu#@#@#171#red.
</ptxt>
</para>
<para>
<ptxt>Any diagnostic #@#@#146# car.</ptxt>
</para>
<para>
<ptxt>An easy way to #@#@#278#DIM).</ptxt>
</para>
<para>
<title>Carphones with #@#@#8# Call</title>
<ptxt>An initiated Vo#@#@#208#tive.</ptxt>
</para>
<para>
<ptxt>The phone modul#@#@#481#ored.</ptxt>
</para>
<para>
<ptxt>The phone modul#@#@#278#ices.</ptxt>
</para>
<para>
<ptxt>Phone modules (#@#@#163#enna.</ptxt>
</para>
<para>
<ptxt>Phone modules (#@#@#203#king.</ptxt>
</para>
<para>
<ptxt>For further inf#@#@#36#ions.</ptxt>
</para>
</topic>
<topic id="nev20687434n1-KC01232312">
<title>Signals</title>
<para>
<ptxt>The following t#@#@#285#ions.</ptxt>
</para>
<table frame="all" pgwide="1">
<tgroup cols="2" colsep="1" rowsep="0">
<colspec colwidth="198*"/>
<colspec colwidth="198*"/>
<tbody>
<row rowsep="1">
<entry align="left" valign="top">
<title>Input signals</title>
</entry>
<entry align="left" valign="top">
<title>Output signals</title>
</entry>
</row>
<row>
<entry align="left" valign="top">
<ptxt>
<emph>Directly connected:</emph>
</ptxt>
</entry>
<entry align="left" valign="top">
<ptxt>
<emph>Directly connected:</emph>
</ptxt>
<ptxt>(power supply u#@#@#18#ated)</ptxt>
</entry>
</row>
<row>
<entry align="left" rowsep="1" valign="top">
<list1 enumtype="d" type="unordered">
<item>
<ptxt>Microphone, han#@#@#7#6/62)</ptxt>
</item>
<item>
<ptxt>Carphone antenn#@#@#4#6/64)</ptxt>
</item>
<item>
<ptxt>Antenna signal,#@#@#23#Call)</ptxt>
</item>
<item>
<ptxt>SRS signal, GPS#@#@#17#Call)</ptxt>
</item>
<item>
<ptxt>Handsfree micro#@#@#9#/77).</ptxt>
</item>
</list1>
</entry>
<entry align="left" rowsep="1" valign="top">
<list1 enumtype="d" type="unordered">
<item>
<ptxt>Loudspeaker, ha#@#@#8#6/62)</ptxt>
</item>
<item>
<ptxt>Handsfree speak#@#@#5#6/78)</ptxt>
</item>
<item>
<ptxt>Carphone antenn#@#@#5#/64).</ptxt>
</item>
</list1>
</entry>
</row>
<row>
<entry align="left" rowsep="0" valign="top">
<ptxt>
<emph>Via Controller #@#@#28#tion:</emph>
</ptxt>
</entry>
<entry align="left" rowsep="0" valign="top">
<ptxt>
<emph>Via Controller #@#@#28#tion:</emph>
</ptxt>
</entry>
</row>
<row>
<entry align="left" valign="top">
<list1 enumtype="d" type="unordered">
<item>
<ptxt>Central electro#@#@#18#4/56)</ptxt>
</item>
<item>
<ptxt>Engine control #@#@#14#4/46)</ptxt>
</item>
<item>
<ptxt>Supplemental Re#@#@#28#(4/9)</ptxt>
</item>
<item>
<ptxt>Driver's door m#@#@#14#/126)</ptxt>
</item>
<item>
<ptxt>Passenger door #@#@#15#/127)</ptxt>
</item>
<item>
<ptxt>Steering wheel #@#@#15#/130)</ptxt>
</item>
<item>
<ptxt>Brake control m#@#@#51#4/16)</ptxt>
</item>
<item>
<ptxt>Upper electroni#@#@#16#4/70)</ptxt>
</item>
<item>
<ptxt>Driver informat#@#@#17#(5/1)</ptxt>
</item>
<item>
<ptxt>Road Traffic In#@#@#25#6/45)</ptxt>
</item>
<item>
<ptxt>Rear electronic#@#@#16#/58).</ptxt>
</item>
</list1>
</entry>
<entry align="left" valign="top">
<list1 enumtype="d" type="unordered">
<item>
<ptxt>Central electro#@#@#18#4/56)</ptxt>
</item>
<item>
<ptxt>Upper electroni#@#@#16#4/70)</ptxt>
</item>
<item>
<ptxt>Driver informat#@#@#17#(5/1)</ptxt>
</item>
<item>
<ptxt>Audio module (A#@#@#6#6/1).</ptxt>
</item>
</list1>
</entry>
</row>
</tbody>
</tgroup>
</table>
<grate pgwide="1">
<graphic id="nev20687434n1-KC08953890">
<href>0900c8af8005907#@#@#9#.jpeg</href>
</graphic>
</grate>
</topic>
</servinfosub>