<?xml version="1.0" encoding="UTF-8"?><servinfosub IE-ID="en-US0900c8af80875b0f" docno="VCC-135192" id="KC01118849" xml:lang="en-US">
<title>Multi-connector</title>
<procedure>
<stepgrp id="KC01251054">
<procstep id="KC01251055">
<title>Removing the mu#@#@#8#ector</title>
<grate>
<graphic id="KC07163265">
<href>0900c8af8005c65#@#@#9#.jpeg</href>
</graphic>
<graphtext>
<para>
<ptxt>Remove the seat#@#@#14# See <xref>
<ref id="KC07163266"/>
</xref>.</ptxt>
<ptxt>Open the cover.</ptxt>
<ptxt>Disconnect the #@#@#5#ctor.</ptxt>
</para>
</graphtext>
</grate>
</procstep>
<procstep id="KC01171517">
<title/>
<para>
<ptxt>Remove one screw.</ptxt>
</para>
</procstep>
<procstep id="KC01251056">
<title/>
<grate>
<graphic id="KC07163267">
<href>0900c8af8005c65#@#@#9#.jpeg</href>
</graphic>
<graphtext>
<para>
<ptxt>Insert a screwd#@#@#54#tch. </ptxt>
<ptxt>Press the conne#@#@#21# out.</ptxt>
</para>
</graphtext>
</grate>
</procstep>
<procstep id="KC01131803">
<title>Installing the #@#@#4#ector</title>
<para>
<ptxt>Press the conne#@#@#11#lace.</ptxt>
<ptxt>Check that the #@#@#9#ages.</ptxt>
</para>
<list1>
<title>Install:</title>
<item>
<ptxt>one screw</ptxt>
</item>
<item>
<ptxt>the connector.</ptxt>
</item>
</list1>
<para>
<ptxt>Close the cover.</ptxt>
<ptxt>Install the sea#@#@#2# See <xref>
<ref id="KC07163268"/>
</xref>. </ptxt>
</para>
</procstep>
</stepgrp>
</procedure>
</servinfosub>