<?xml version="1.0" encoding="UTF-8"?><servinfosub IE-ID="en-US0900c8af8461fb0f" docno="VCC-370203" id="nev13710500n1" original="sv-SE" servinfosubId="nev13710501n1-nev13710508n1" servinfosubRes="0900c8af847269b3" servinfosubRes2="urn:x-nevis:fragment:0900c8af8461fb0f:0900c8af847269b3#nev13710508n1" xml:lang="en-US">
<operationnumbers>
<operationnumber>21144-2</operationnumber>
</operationnumbers>
<title id="nev13710499n66">Valve cover</title>
<procedure id="nev13710501n1-nev13710505n39">
<stepgrp boilerplate="false" context="" id="nev13710501n1-nev14146767n52">
<title id="nev13710501n1-nev14146767n77">Removal</title>
<procstep id="nev13710501n1-nev13909197n74">
<note id="nev13710501n1-nev14146767n76">
<ptxt>Removal steps i#@#@#45#ails.</ptxt>
</note>
</procstep>
<procstep id="nev13710501n1-nev13710505n47">
<para id="nev13710501n1-nev14146767n48">
<ptxt id="nev13710501n1-nev14146767n49">Remove intake m#@#@#2#ifold<xref boilerplate="true" id="nev13710501n1-nev14146767n73">
<ref id="nev13710501n1-nev13909457n12"/>
</xref>
</ptxt>
</para>
</procstep>
<procstep id="nev13710501n1-nev13909197n71">
<grate id="nev13710501n1-nev13710505n49">
<graphic id="nev13710501n1-nev13710505n50">
<href>0900c8af830c2eb#@#@#9#.jpeg</href>
</graphic>
<graphtext id="nev13710501n1-nev14148237n1">
<para id="nev13710501n1-nev14146767n45">
<ptxt id="nev13710501n1-nev14146767n46">
<torque id="nev13710501n1-nev13710510n27">
<ref id="nev13710501n1-nev13710510n28"/>
</torque>
</ptxt>
</para>
</graphtext>
</grate>
</procstep>
<procstep id="nev13710501n1-nev13909197n67">
<grate id="nev13710501n1-nev13710505n53">
<graphic id="nev13710501n1-nev13710505n54">
<href>0900c8af8204abc#@#@#9#.jpeg</href>
</graphic>
<graphtext id="nev13710501n1-nev14148244n1">
<para id="nev13710501n1-nev14146767n43">
<ptxt id="nev13710501n1-nev14146767n44">
<torque id="nev13710501n1-nev13710510n16">
<ref id="nev13710501n1-nev13710510n17"/>
</torque>
</ptxt>
</para>
</graphtext>
</grate>
</procstep>
<procstep id="nev13710501n1-nev13909197n64">
<grate id="nev13710501n1-nev13710505n57">
<graphic id="nev13710501n1-nev13710505n58">
<href>0900c8af830c329#@#@#9#.jpeg</href>
</graphic>
</grate>
</procstep>
<procstep id="nev13710501n1-nev13909197n63">
<grate id="nev13710501n1-nev13710505n61">
<graphic id="nev13710501n1-nev13710505n62">
<href>0900c8af830c2ec#@#@#9#.jpeg</href>
</graphic>
<graphtext id="nev13710501n1-nev14148255n1">
<para id="nev13710501n1-nev14146767n41">
<ptxt id="nev13710501n1-nev14146767n42">
<torque id="nev13710501n1-nev13710510n19">
<ref id="nev13710501n1-nev13710510n20"/>
</torque>
</ptxt>
</para>
</graphtext>
</grate>
</procstep>
<procstep id="nev13710501n1-nev13909197n60">
<grate id="nev13710501n1-nev13710505n65">
<graphic id="nev13710501n1-nev13710505n66">
<href>0900c8af830c2ed#@#@#9#.jpeg</href>
</graphic>
<graphtext id="nev13710501n1-nev14148262n1">
<para id="nev13710501n1-nev14146767n39">
<ptxt id="nev13710501n1-nev14146767n40">
<torque id="nev13710501n1-nev13710510n22">
<ref id="nev13710501n1-nev13710510n23"/>
</torque>
</ptxt>
</para>
</graphtext>
</grate>
</procstep>
<procstep id="nev13710501n1-nev13909197n56">
<grate id="nev13710501n1-nev13710505n91">
<graphic id="nev13710501n1-nev13710505n92">
<href>0900c8af830c32a#@#@#9#.jpeg</href>
</graphic>
<graphtext id="nev13710501n1-nev14148269n1">
<para id="nev13710501n1-nev14146767n37">
<ptxt id="nev13710501n1-nev14146767n38">
<torque id="nev13710501n1-nev13710510n36">
<ref id="nev13710501n1-nev13710510n37"/>
</torque>
</ptxt>
</para>
</graphtext>
</grate>
</procstep>
<procstep id="nev13710501n1-nev13909197n53">
<grate id="nev13710501n1-nev13710505n95">
<graphic id="nev13710501n1-nev13710505n96">
<href>0900c8af830c2ed#@#@#9#.jpeg</href>
</graphic>
</grate>
</procstep>
<procstep id="nev13710501n1-nev13909197n52">
<grate id="nev13710501n1-nev13710505n99">
<graphic id="nev13710501n1-nev13710505n100">
<href>0900c8af830c32b#@#@#9#.jpeg</href>
</graphic>
<graphtext id="nev13710501n1-nev14148279n1">
<para id="nev13710501n1-nev14146767n35">
<ptxt id="nev13710501n1-nev14146767n36">
<torque id="nev13710501n1-nev13710510n41">
<ref id="nev13710501n1-nev13710510n42"/>
</torque>
</ptxt>
</para>
</graphtext>
</grate>
</procstep>
<procstep id="nev13710501n1-nev13909197n49">
<grate id="nev13710501n1-nev13710510n3">
<graphic id="nev13710501n1-nev13710510n4">
<href>0900c8af830c33c#@#@#9#.jpeg</href>
</graphic>
</grate>
</procstep>
<procstep id="nev13710501n1-nev13909197n48">
<grate id="nev13710501n1-nev13710510n7">
<graphic id="nev13710501n1-nev13710510n8">
<href>0900c8af830c2ee#@#@#9#.jpeg</href>
</graphic>
<graphtext id="nev13710501n1-nev14148289n1">
<para id="nev13710501n1-nev14146767n33">
<ptxt id="nev13710501n1-nev14146767n34">
<torque id="nev13710501n1-nev13710510n46">
<ref id="nev13710501n1-nev13710510n47"/>
</torque>
</ptxt>
</para>
</graphtext>
</grate>
</procstep>
</stepgrp>
<stepgrp boilerplate="false" context="" id="nev13710501n1-nev14146767n32">
<title id="nev13710501n1-nev14146767n57">Installation</title>
<procstep id="nev13710501n1-nev13710510n12">
<para id="nev13710501n1-nev14146767n28">
<ptxt id="nev13710501n1-nev14146767n29">To install, rev#@#@#22#dure.</ptxt>
</para>
</procstep>
</stepgrp>
</procedure>
</servinfosub>