<?xml version="1.0" encoding="UTF-8"?><servinfosub IE-ID="en-US0900c8af82c38f0c" docno="VCC-265702" id="nev11024959n1" original="sv-SE" servinfosubId="nev20685139n1-nev20685139n2" servinfosubRes="0900c8af862c1b9f" servinfosubRes2="urn:x-nevis:fragment:0900c8af82c38f0c:0900c8af862c1b9f#nev20685139n2" xml:lang="en-US">
<title id="nev11024959n2">Description of #@#@#53#ation</title>
<para id="nev20685139n1-nev11024960n1">
<ptxt id="nev20685139n1-nev11035309n9">
<xref id="nev20685139n1-nev11035309n18">
<ref id="nev20685139n1-nev11035309n27"/>
</xref>
</ptxt>
<ptxt id="nev20685139n1-nev11024960n2">
<xref id="nev20685139n1-nev11024960n3">
<ref id="nev20685139n1-nev11024960n4"/>
</xref>
</ptxt>
<ptxt id="nev20685139n1-nev11024960n10">
<xref id="nev20685139n1-nev11024960n12">
<ref id="nev20685139n1-nev11024960n14"/>
</xref>
</ptxt>
</para>
</servinfosub>