<?xml version="1.0" encoding="UTF-8"?><servinfosub IE-ID="en-US0900c8af827bbf0c" docno="VCC-257700" id="nev10818709n1" original="sv-SE" xml:lang="en-US">
<title id="nev10818709n2">Pressure sensor#@#@#21#acing</title>
<procedure id="nev10818712n1">
<note id="nev10818712n2">
<ptxt id="nev10818712n3">The illustratio#@#@#176#rect.</ptxt>
</note>
<stepgrp id="nev10818712n4">
<title id="nev10818712n7">Preparatory work</title>
<procstep id="nev10818712n5">
<title id="nev10818712n6">Draining coolan#@#@#20#nents</title>
<grate id="nev10818712n80">
<graphic id="nev10818712n81">
<href>0900c8af8005997#@#@#9#.jpeg</href>
</graphic>
<graphtext id="nev10818712n102">
<warning id="nev10818712n103">
<ptxt id="nev10818712n104">Follow the safe#@#@#54#See: <xref id="nev10818712n105">
<ref id="nev10818712n106"/>
</xref>.</ptxt>
</warning>
<note id="nev10818712n110">
<ptxt id="nev10818712n111">First read the #@#@#42# See <xref id="nev10818712n112">
<ref id="nev10818712n113"/>
</xref>.</ptxt>
</note>
<note id="nev10818712n117">
<ptxt id="nev10818712n118">Always plug the#@#@#61#stem.</ptxt>
</note>
<para id="nev10818712n119">
<ptxt id="nev10818712n120">Drain the refri#@#@#23# See <xref id="nev10818712n121">
<ref id="nev10818712n122"/>
</xref>.</ptxt>
</para>
<para id="nev10818712n126">
<ptxt id="nev10818712n127">Raise the vehicle.</ptxt>
</para>
<para id="nev10818712n128">
<ptxt id="nev10818712n129">Remove the air #@#@#69# (2).</ptxt>
</para>
</graphtext>
</grate>
</procstep>
</stepgrp>
<stepgrp id="nev10818712n142">
<title id="nev10818712n153">Removal</title>
<procstep id="nev10818712n143">
<title id="nev10818712n144">Removing the pr#@#@#8#ensor</title>
<grate id="nev10824546n149">
<graphic id="nev10824546n150">
<href>0900c8af827d65c#@#@#9#.jpeg</href>
</graphic>
<graphtext id="nev10824581n29">
<list1 enumtype="d" id="nev10824581n30" type="unordered">
<title id="nev10824581n31">Remove:</title>
<item id="nev10824581n32">
<ptxt id="nev10824581n33">the connector</ptxt>
</item>
<item id="nev10824581n34">
<ptxt id="nev10824581n35">the pressure sensor.</ptxt>
</item>
</list1>
</graphtext>
</grate>
</procstep>
</stepgrp>
<stepgrp id="nev10818712n220">
<title id="nev10818712n231">Installation</title>
<procstep id="nev10818712n221">
<title id="nev10818712n222">Installing the #@#@#10#ensor</title>
<list1 enumtype="d" id="nev10818712n236" type="unordered">
<title id="nev10818712n246">Install:</title>
<item id="nev10818712n237">
<ptxt id="nev10818751n1">the pressure se#@#@#6#See: <xref id="nev10824586n25">
<ref id="nev10824586n65"/>
</xref>
</ptxt>
</item>
<item id="nev10818751n10">
<ptxt id="nev10818751n15">the connector.</ptxt>
</item>
</list1>
</procstep>
</stepgrp>
<stepgrp id="nev10818751n43">
<title id="nev10818751n56">Finishing</title>
<note id="nev10818751n243">
<ptxt id="nev10818765n3">For tightening #@#@#9#see: <xref id="nev10818765n13">
<ref id="nev10818765n23"/>
</xref>.</ptxt>
</note>
<procstep id="nev10818751n44">
<title id="nev10818751n45">Filling with co#@#@#17#acing</title>
<para id="nev10818751n74">
<ptxt id="nev10818751n75">Vacuum pump the#@#@#32#See: <xref id="nev10818751n103">
<ref id="nev10818751n109"/>
</xref>.</ptxt>
<ptxt id="nev10818751n91">Fill the system#@#@#2#See: <xref id="nev10818751n125">
<ref id="nev10818751n132"/>
</xref>.</ptxt>
<ptxt id="nev10818751n97">Leak trace the #@#@#8#See: <xref id="nev10818751n150">
<ref id="nev10818751n158"/>
</xref> or: <xref id="nev10818751n178">
<ref id="nev10818751n196"/>
</xref>.</ptxt>
</para>
</procstep>
<procstep id="nev10818765n51">
<title id="nev10818765n52">Installing the #@#@#5#affle</title>
<para id="nev10818765n73">
<ptxt id="nev10818751n219">Install the 2 x#@#@#35#hten.</ptxt>
</para>
</procstep>
</stepgrp>
</procedure>
</servinfosub>