<?xml version="1.0" encoding="UTF-8"?><torqueinfo IE-ID="en-US0900c8af8493cf0c" docno="VCC-284318" id="nev11367403n1" original="sv-SE" torqueId="nev11367404n1-nev11367403n3" torqueRes="0900c8af8419db54" torqueRes2="urn:x-nevis:fragment:0900c8af8493cf0c:0900c8af8419db54#nev11367403n3" xml:lang="en-US">
<component id="nev11367403n2">Fuel injection #@#@#10#ifold</component>
<stage id="nev11367404n1-nev13267033n250">
<value id="nev11367404n1-nev13267033n249" unit="Nm">4</value>
</stage>
<stage id="nev11367404n1-nev13267033n248">
<value id="nev11367404n1-nev13267033n247" unit="degree">45</value>
</stage>
</torqueinfo>