<?xml version="1.0" encoding="UTF-8"?><servinfosub IE-ID="en-US0900c8af806a9e05" docno="VCC-135243" id="KC02034048" xml:lang="en-US">
<title>Outer cantrail #@#@#13#tings</title>
<procedure>
<stepgrp id="KC02276920">
<procstep id="KC02276921">
<title>Removing the ou#@#@#7#trail</title>
<grate>
<graphic id="KC07549826">
<href>0900c8af806a9e1#@#@#9#.jpeg</href>
</graphic>
<graphtext>
<para>
<ptxt>Grind and drill#@#@#13#rail.</ptxt>
</para>
</graphtext>
</grate>
</procstep>
<procstep id="KC02276922">
<title>Installing the #@#@#3#trail</title>
<para>
<ptxt>Grind clean.</ptxt>
<ptxt>Apply welding p#@#@#1#imer.</ptxt>
</para>
<note>
<ptxt>The cantrail mu#@#@#111#read.</ptxt>
</note>
<para>
<ptxt>Roughly cut the#@#@#13#part.</ptxt>
<ptxt>Align on car.</ptxt>
<ptxt>Saw through the#@#@#7#nels.</ptxt>
<ptxt>Install the foa#@#@#27# (1).</ptxt>
<ptxt>Align the repla#@#@#7#part.</ptxt>
<ptxt>Weld into place.</ptxt>
</para>
<note>
<ptxt>Do not damage t#@#@#81#nel. </ptxt>
</note>
</procstep>
<procstep id="KC02276923">
<title>Install the cli#@#@#6#tings</title>
<grate>
<graphic id="KC07549827">
<href>0900c8af806a9c1#@#@#9#.jpeg</href>
</graphic>
<graphtext>
<para>
<ptxt>The clip mounti#@#@#201#(M1).</ptxt>
<ptxt>The height of t#@#@#30#5 mm.</ptxt>
<ptxt>When installing#@#@#113#here.</ptxt>
</para>
</graphtext>
</grate>
</procstep>
</stepgrp>
</procedure>
</servinfosub>