<?xml version="1.0" encoding="UTF-8"?><servinfosub IE-ID="en-US0900c8af8091de05" docno="VCC-114114" id="KC02426496" xml:lang="en-US">
<title>
<phrase category="" id="KC07809098" phrase-urn="urn:x-nevis:phrase:0800c8af81bcd2c6"> Diagnostic tro#@#@#22#ation</phrase>
</title>
<diagnostic type="condition">
<condgrp>
<condition type="condition">
<ptxt>
<phrase category="" id="KC07809099" phrase-urn="urn:x-nevis:phrase:0800c8af81bcd2c7">Diagnostic trou#@#@#172#n II.</phrase>
</ptxt>
</condition>
</condgrp>
<condgrp>
<condition type="substitution">
<ptxt>
<phrase category="" id="KC07809100" phrase-urn="urn:x-nevis:phrase:0800c8af81bcd2c8">None</phrase>
</ptxt>
</condition>
<ps>
<list1 enumtype="d" type="unordered">
<item>
<ptxt>
<phrase category="" id="KC07809101" phrase-urn="urn:x-nevis:phrase:0800c8af81bcd2c9">Low battery voltage</phrase>
</ptxt>
</item>
<item>
<ptxt>
<phrase category="" id="KC07809102" phrase-urn="urn:x-nevis:phrase:0800c8af81bcd2ce">Contact resista#@#@#11#ation</phrase>
</ptxt>
</item>
</list1>
</ps>
</condgrp>
<condgrp>
<condition type="symptom">
<list1 enumtype="d" type="unordered">
<item>
<ptxt>
<phrase category="" id="KC07809103" phrase-urn="urn:x-nevis:phrase:0800c8af81bcd2cf">None</phrase>
</ptxt>
</item>
</list1>
</condition>
</condgrp>
</diagnostic>
</servinfosub>