<?xml version="1.0" encoding="UTF-8"?><script xmlns:nevis="http://www.volvocars.com/namespaces/processing" xmlns:xlink="http://www.w3.org/1999/xlink" IE-ID="en-US0900c8af81d87e05" docno="VCC-236432" id="nev10142488n1" nevis:expl-profile="mdl644yr2000, mdl645yr2000, mdl644yr1999, mdl645yr1999" nevis:profile="urn:x-nevis:profile:0b00c8af802065ab urn:x-nevis:profile:0b00c8af802065ad urn:x-nevis:profile:0b00c8af802065bd urn:x-nevis:profile:0b00c8af802065c6" nevis:projectdocument="urn:x-nevis:projectdocument:0800c8af81d87e03" nevis:resource="0900c8af81f2c6c2" nevis:resource2="urn:x-nevis:fragment:0900c8af81d87e05:0900c8af81f2c6c2#nev10142488n1" nevis:session-id="" qualifierinfotype="14:00" type="" xml:lang="en-US"><title>Activate fuelpump</title><content gui="1" height="115" id="nev10142489n1-nev10142488n3" nevis:expl-profile="mdl644yr2000, mdl645yr2000, mdl644yr1999, mdl645yr1999" nevis:idfrom="nev10142489n1" nevis:prefix="nev10142489n1" nevis:profile="urn:x-nevis:profile:0b00c8af802065ab urn:x-nevis:profile:0b00c8af802065ad urn:x-nevis:profile:0b00c8af802065bd urn:x-nevis:profile:0b00c8af802065c6" nevis:resource="0900c8af81f2c6c0" nevis:resource2="urn:x-nevis:fragment:0900c8af81d87e05:0900c8af81f2c6c0#nev10142488n3" width="400" xml:lang="en-US"><nodes id="nev10142489n1-nev10326149n1"><node class="Components.StartNode" id="nev10142489n1-nev10326150n1" nodeid="Start" x="36" y="12"/><node class="Components.ScriptButton" id="nev10142489n1-nev10326151n1" nodeid="Activate" x="31" y="76"><gui height="30" id="nev10142489n1-nev10326152n1" width="110" x="15" y="70"/><property class="String" id="nev10142489n1-nev10326153n1" name="Text" type="In" value="" visible="0"/><property class="String" id="nev10142489n1-nev10326154n1" name="StartDisabled" type="Internal" value="false" visible="1"/><extension id="nev10142489n1-nev10326155n1"><phrase category="Faulttracing" id="nev10142489n1-nev10142490n1" phrase-urn="urn:x-nevis:phrase:0800c8af8178a380">Start</phrase></extension></node><node class="Components.ScriptButton" id="nev10142489n1-nev10326156n1" nodeid="Hide" x="29" y="270"><gui height="30" id="nev10142489n1-nev10326157n1" width="110" x="275" y="70"/><property class="String" id="nev10142489n1-nev10326158n1" name="Text" type="In" value="" visible="0"/><property class="String" id="nev10142489n1-nev10326159n1" name="StartDisabled" type="Internal" value="false" visible="1"/><extension id="nev10142489n1-nev10326160n1"><phrase category="Faulttracing" id="nev10142489n1-nev10142492n1" phrase-urn="urn:x-nevis:phrase:0800c8af81b6b138">Hide</phrase></extension></node><node class="Components.Constant" id="nev10142489n1-nev10326161n1" nodeid="GetText" x="172" y="5"><property class="String" id="nev10142489n1-nev10326162n1" name="Text" type="Out" value=" Fuel pump on" visible="1"/><extension id="nev10142489n1-nev10326163n1"><text id="nev10142489n1-nev10326164n1" textId="39794" type="carcom"/></extension></node><node class="Components.ScriptComponent" id="nev10142489n1-nev10326165n1" nodeid="CloseScript" x="171" y="404"/><node class="Components.Activation" id="nev10142489n1-nev10326166n1" nodeid="Activation1" x="173" y="118"><extension id="nev10142489n1-nev10326167n1"><identifier ecu="284101" ecuMode="EcuType" id="nev10142489n1-nev10326168n1" stop="18" type="REOFF" useRaw="true" value="0D" write="11"><parameter id="nev10142489n1-nev10326169n1" name="Fuelpump/system relay" textid="50760"><value id="nev10142489n1-nev10326170n1" rawValues="Mask=C8,Value=00" textid="4113"/></parameter></identifier></extension></node><node class="Components.VehComm" id="nev10142489n1-nev10326171n1" nodeid="StopDiagnosticSession" x="172" y="261"><property class="String" id="nev10142489n1-nev10326172n1" name="Mode" type="Internal" value="EcuType" visible="1"/><property class="Int" id="nev10142489n1-nev10326173n1" name="EcuType" type="In" value="284101" visible="0"/><property class="Int" id="nev10142489n1-nev10326174n1" name="ServiceId" type="In" value="27" visible="0"/><property class="String" id="nev10142489n1-nev10326175n1" name="EcuName" type="Out" value="" visible="1"/><property class="Response" id="nev10142489n1-nev10326176n1" name="Result" type="Out" value="" visible="1"/><extension id="nev10142489n1-nev10326177n1"/></node><node class="Components.ScriptLabel" id="nev10142489n1-nev10326178n1" nodeid="Label" x="294" y="4"><gui height="24" id="nev10142489n1-nev10326179n1" width="370" x="13" y="29"/><property class="String" id="nev10142489n1-nev10326180n1" name="Text" type="In" value="" visible="1"/><property class="Parameter" id="nev10142489n1-nev10326181n1" name="Parameter" type="In" value="" visible="1"/></node></nodes><handlers id="nev10142489n1-nev10326182n1"><eventhandler id="nev10142489n1-nev10326183n1" name="Click" node="Hide"><call id="nev10142489n1-nev10326184n1" method="Execute" node="StopDiagnosticSession"/><call id="nev10142489n1-nev10326185n1" method="CloseDialog" node="CloseScript"/></eventhandler><eventhandler id="nev10142489n1-nev10326186n1" name="Click" node="Activate"><call id="nev10142489n1-nev10326187n1" method="Activate" node="Activation1"/></eventhandler><eventhandler id="nev10142489n1-nev10326188n1" name="OnStart" node="Start"><call id="nev10142489n1-nev10326189n1" method="Trigger" node="GetText"/></eventhandler><propertyhandler id="nev10142489n1-nev10326190n1" name="Text" node="GetText"><set id="nev10142489n1-nev10326191n1" node="Label" property="Text"/></propertyhandler></handlers></content></script>