<?xml version="1.0" encoding="UTF-8"?><script xmlns:nevis="http://www.volvocars.com/namespaces/processing" xmlns:xlink="http://www.w3.org/1999/xlink" IE-ID="en-US0900c8af81c9d01b" docno="VCC-233272" id="nev10032707n1" nevis:expl-profile="mdl544yr2004, mdl545yr2004, mdl544yr2005, mdl545yr2005, mdl542yr2006, mdl544yr2006, mdl545yr2006, mdl542yr2007, mdl544yr2007, mdl545yr2007, mdl533yr2007, mdl544yr2008, mdl545yr2008, mdl533yr2008, mdl542yr2008, mdl533yr2009, mdl544yr2009, mdl545yr2009, mdl542yr2009, mdl544yr2010, mdl545yr2010, mdl542yr2010, mdl533yr2010, mdl533yr2011, mdl545yr2011, mdl542yr2011, mdl544yr2011, mdl544yr2012, mdl545yr2012, mdl533yr2012, mdl542yr2012, mdl530yr2011, mdl542yr2013, mdl533yr2013, mdl530yr2012, mdl530yr2013" nevis:profile="urn:x-nevis:profile:0b00c8af8020c058 urn:x-nevis:profile:0b00c8af8020c05a urn:x-nevis:profile:0b00c8af80da257b urn:x-nevis:profile:0b00c8af80da257d urn:x-nevis:profile:0b00c8af817ac33f urn:x-nevis:profile:0b00c8af823216e9 urn:x-nevis:profile:0b00c8af823216ee urn:x-nevis:profile:0b00c8af82e3ac56 urn:x-nevis:profile:0b00c8af82e5d02d urn:x-nevis:profile:0b00c8af82e5d352 urn:x-nevis:profile:0b00c8af82febdf9 urn:x-nevis:profile:0b00c8af839eaa60 urn:x-nevis:profile:0b00c8af839eacfa urn:x-nevis:profile:0b00c8af83aff6b3 urn:x-nevis:profile:0b00c8af83affa46 urn:x-nevis:profile:0b00c8af83f19e63 urn:x-nevis:profile:0b00c8af83f1a51f urn:x-nevis:profile:0b00c8af83f1a8d8 urn:x-nevis:profile:0b00c8af83f1ad9d urn:x-nevis:profile:0b00c8af8414dfad urn:x-nevis:profile:0b00c8af8414e27e urn:x-nevis:profile:0b00c8af8415509d urn:x-nevis:profile:0b00c8af841552ad urn:x-nevis:profile:0b00c8af847139c0 urn:x-nevis:profile:0b00c8af847139e3 urn:x-nevis:profile:0b00c8af847139e4 urn:x-nevis:profile:0b00c8af847139e6 urn:x-nevis:profile:0b00c8af84eb810f urn:x-nevis:profile:0b00c8af84eb8110 urn:x-nevis:profile:0b00c8af84eb8111 urn:x-nevis:profile:0b00c8af84eb8113 urn:x-nevis:profile:0b00c8af8512644f urn:x-nevis:profile:0b00c8af8520c261 urn:x-nevis:profile:0b00c8af8520c39e urn:x-nevis:profile:0b00c8af85330427 urn:x-nevis:profile:0b00c8af8568d0bf" nevis:projectdocument="urn:x-nevis:projectdocument:0800c8af81c9d01a" nevis:resource="0900c8af81c9d0c5" nevis:resource2="urn:x-nevis:fragment:0900c8af81c9d01b:0900c8af81c9d0c5#nev10032707n1" nevis:session-id="" qualifierinfotype="14:00" type="" xml:lang="en-US"><title>READ ID P1 PDM #@#@#1#ARCOM</title><content gui="1" height="390" id="nev10032708n1-nev10032707n3" nevis:expl-profile="mdl544yr2004, mdl545yr2004, mdl544yr2005, mdl545yr2005, mdl542yr2006, mdl544yr2006, mdl545yr2006, mdl542yr2007, mdl544yr2007, mdl545yr2007, mdl533yr2007, mdl544yr2008, mdl545yr2008, mdl533yr2008, mdl542yr2008, mdl533yr2009, mdl544yr2009, mdl545yr2009, mdl542yr2009, mdl544yr2010, mdl545yr2010, mdl542yr2010, mdl533yr2010, mdl533yr2011, mdl545yr2011, mdl542yr2011, mdl544yr2011, mdl544yr2012, mdl545yr2012, mdl533yr2012, mdl542yr2012, mdl530yr2011, mdl542yr2013, mdl533yr2013, mdl530yr2012, mdl530yr2013" nevis:idfrom="nev10032708n1" nevis:prefix="nev10032708n1" nevis:profile="urn:x-nevis:profile:0b00c8af8020c058 urn:x-nevis:profile:0b00c8af8020c05a urn:x-nevis:profile:0b00c8af80da257b urn:x-nevis:profile:0b00c8af80da257d urn:x-nevis:profile:0b00c8af817ac33f urn:x-nevis:profile:0b00c8af823216e9 urn:x-nevis:profile:0b00c8af823216ee urn:x-nevis:profile:0b00c8af82e3ac56 urn:x-nevis:profile:0b00c8af82e5d02d urn:x-nevis:profile:0b00c8af82e5d352 urn:x-nevis:profile:0b00c8af82febdf9 urn:x-nevis:profile:0b00c8af839eaa60 urn:x-nevis:profile:0b00c8af839eacfa urn:x-nevis:profile:0b00c8af83aff6b3 urn:x-nevis:profile:0b00c8af83affa46 urn:x-nevis:profile:0b00c8af83f19e63 urn:x-nevis:profile:0b00c8af83f1a51f urn:x-nevis:profile:0b00c8af83f1a8d8 urn:x-nevis:profile:0b00c8af83f1ad9d urn:x-nevis:profile:0b00c8af8414dfad urn:x-nevis:profile:0b00c8af8414e27e urn:x-nevis:profile:0b00c8af8415509d urn:x-nevis:profile:0b00c8af841552ad urn:x-nevis:profile:0b00c8af847139c0 urn:x-nevis:profile:0b00c8af847139e3 urn:x-nevis:profile:0b00c8af847139e4 urn:x-nevis:profile:0b00c8af847139e6 urn:x-nevis:profile:0b00c8af84eb810f urn:x-nevis:profile:0b00c8af84eb8110 urn:x-nevis:profile:0b00c8af84eb8111 urn:x-nevis:profile:0b00c8af84eb8113 urn:x-nevis:profile:0b00c8af8512644f urn:x-nevis:profile:0b00c8af8520c261 urn:x-nevis:profile:0b00c8af8520c39e urn:x-nevis:profile:0b00c8af85330427 urn:x-nevis:profile:0b00c8af8568d0bf" nevis:resource="0900c8af81c9d0c7" nevis:resource2="urn:x-nevis:fragment:0900c8af81c9d01b:0900c8af81c9d0c7#nev10032707n3" width="400" xml:lang="en-US"><nodes id="nev10032708n1-nev10032710n1"><node class="Components.StartNode" id="nev10032708n1-nev10032711n1" nodeid="Start" x="18" y="58"/><node class="Components.ScriptComponent" id="nev10032708n1-nev10032712n1" nodeid="ScriptComponent1" x="344" y="484"/><node class="Components.ScriptButton" id="nev10032708n1-nev10032713n1" nodeid="ScriptButton1" x="27" y="387"><gui height="30" id="nev10032708n1-nev10032714n1" width="110" x="280" y="340"/><property class="String" id="nev10032708n1-nev10032715n1" name="Text" type="In" value="Hide" visible="0"/><property class="String" id="nev10032708n1-nev10032716n1" name="StartDisabled" type="Internal" value="false" visible="1"/><extension id="nev10032708n1-nev10032717n1"><phrase category="Faulttracing" id="nev10032708n1-nev10032709n1" phrase-urn="urn:x-nevis:phrase:0800c8af81b6b138">Hide</phrase></extension></node><node class="Components.ParameterPresenter" id="nev10032708n1-nev10032718n1" nodeid="ParameterPresenter1" x="523" y="200"><property class="Response" id="nev10032708n1-nev10032719n1" name="Parameter" type="In" value="" visible="1"/><property class="String" id="nev10032708n1-nev10032720n1" name="Name" type="Out" value="" visible="1"/><property class="String" id="nev10032708n1-nev10032721n1" name="Value" type="Out" value="" visible="1"/><property class="Int" id="nev10032708n1-nev10032722n1" name="Id" type="Out" value="0" visible="1"/><extension id="nev10032708n1-nev10032723n1"/></node><node class="Components.ListField" id="nev10032708n1-nev10032724n1" nodeid="ListField1" x="747" y="303"><gui height="300" id="nev10032708n1-nev10032725n1" width="370" x="15" y="15"/><property class="String" id="nev10032708n1-nev10032726n1" name="Text" type="Out" value="" visible="1"/><property class="String" id="nev10032708n1-nev10032727n1" name="Tag" type="Out" value="" visible="1"/></node><node class="Components.StringFormat" id="nev10032708n1-nev10032728n1" nodeid="StringFormat1" x="733" y="137"><property class="String" id="nev10032708n1-nev10032729n1" name="String" type="Out" value="" visible="1"/><property class="String" id="nev10032708n1-nev10032730n1" name="Format" type="Internal" value="{0} {1} =  {2}" visible="1"/><property class="String" id="nev10032708n1-nev10032731n1" name="0" type="In" value="" visible="1"/><property class="String" id="nev10032708n1-nev10032732n1" name="1" type="In" value="" visible="1"/><property class="String" id="nev10032708n1-nev10032733n1" name="2" type="In" value="" visible="1"/></node><node class="Components.VehComm" id="nev10032708n1-nev10032734n1" nodeid="VehComm1" x="173" y="16"><property class="String" id="nev10032708n1-nev10032735n1" name="Mode" type="Internal" value="EcuType" visible="1"/><property class="Int" id="nev10032708n1-nev10032736n1" name="EcuType" type="In" value="831703" visible="0"/><property class="Int" id="nev10032708n1-nev10032737n1" name="ServiceId" type="In" value="2" visible="0"/><property class="String" id="nev10032708n1-nev10032738n1" name="EcuName" type="Out" value="" visible="1"/><property class="Response" id="nev10032708n1-nev10032739n1" name="Result" type="Out" value="" visible="1"/><property class="String" id="nev10032708n1-nev10032740n1" name="Identifier" type="In" value="F0" visible="0"/><extension id="nev10032708n1-nev10032741n1"><insertparam id="nev10032708n1-nev10032742n1" name="Identifier"/></extension></node><node class="Components.ParameterIterator" id="nev10032708n1-nev10032743n1" nodeid="ParameterIterator1" x="381" y="145"><property class="Response" id="nev10032708n1-nev10032744n1" name="Response" type="In" value="" visible="1"/><property class="Response" id="nev10032708n1-nev10032745n1" name="Parameter" type="Out" value="" visible="1"/><extension id="nev10032708n1-nev10032746n1"/></node><node class="Components.VehComm" id="nev10032708n1-nev10032747n1" nodeid="VehComm2" x="173" y="165"><property class="String" id="nev10032708n1-nev10032748n1" name="Mode" type="Internal" value="EcuType" visible="1"/><property class="Int" id="nev10032708n1-nev10032749n1" name="EcuType" type="In" value="831703" visible="0"/><property class="Int" id="nev10032708n1-nev10032750n1" name="ServiceId" type="In" value="2" visible="0"/><property class="String" id="nev10032708n1-nev10032751n1" name="EcuName" type="Out" value="" visible="1"/><property class="Response" id="nev10032708n1-nev10032752n1" name="Result" type="Out" value="" visible="1"/><property class="String" id="nev10032708n1-nev10032753n1" name="Identifier" type="In" value="F5" visible="0"/><extension id="nev10032708n1-nev10032754n1"><insertparam id="nev10032708n1-nev10032755n1" name="Identifier"/></extension></node><node class="Components.VehComm" id="nev10032708n1-nev10032756n1" nodeid="VehComm3" x="175" y="346"><property class="String" id="nev10032708n1-nev10032757n1" name="Mode" type="Internal" value="EcuType" visible="1"/><property class="Int" id="nev10032708n1-nev10032758n1" name="EcuType" type="In" value="831703" visible="0"/><property class="Int" id="nev10032708n1-nev10032759n1" name="ServiceId" type="In" value="2" visible="0"/><property class="String" id="nev10032708n1-nev10032760n1" name="EcuName" type="Out" value="" visible="1"/><property class="Response" id="nev10032708n1-nev10032761n1" name="Result" type="Out" value="" visible="1"/><property class="String" id="nev10032708n1-nev10032762n1" name="Identifier" type="In" value="F8" visible="0"/><extension id="nev10032708n1-nev10032763n1"><insertparam id="nev10032708n1-nev10032764n1" name="Identifier"/></extension></node></nodes><handlers id="nev10032708n1-nev10032765n1"><eventhandler id="nev10032708n1-nev10032766n1" name="OnStart" node="Start"><call id="nev10032708n1-nev10032767n1" method="Execute" node="VehComm1"/><call id="nev10032708n1-nev10032768n1" method="Execute" node="VehComm2"/><call id="nev10032708n1-nev10032769n1" method="Execute" node="VehComm3"/></eventhandler><eventhandler id="nev10032708n1-nev10032770n1" name="Click" node="ScriptButton1"><call id="nev10032708n1-nev10032771n1" method="CloseDialog" node="ScriptComponent1"/></eventhandler><eventhandler id="nev10032708n1-nev10032772n1" name="OnReady" node="ParameterPresenter1"><call id="nev10032708n1-nev10032773n1" method="Format" node="StringFormat1"/><call id="nev10032708n1-nev10032774n1" method="AddItem" node="ListField1"><parameter id="nev10032708n1-nev10032775n1" node="StringFormat1" property="String"/><parameter id="nev10032708n1-nev10032776n1" node="ParameterPresenter1" property="Name"/></call></eventhandler><eventhandler id="nev10032708n1-nev10032777n1" name="OnPositiveResponse" node="VehComm1"><call id="nev10032708n1-nev10032778n1" method="Execute" node="ParameterIterator1"/></eventhandler><eventhandler id="nev10032708n1-nev10032779n1" name="OnEachParameter" node="ParameterIterator1"><call id="nev10032708n1-nev10032780n1" method="Execute" node="ParameterPresenter1"/></eventhandler><eventhandler id="nev10032708n1-nev10032781n1" name="OnPositiveResponse" node="VehComm2"><call id="nev10032708n1-nev10032782n1" method="Execute" node="ParameterIterator1"/></eventhandler><eventhandler id="nev10032708n1-nev10032783n1" name="OnPositiveResponse" node="VehComm3"><call id="nev10032708n1-nev10032784n1" method="Execute" node="ParameterIterator1"/></eventhandler><propertyhandler id="nev10032708n1-nev10032785n1" name="Name" node="ParameterPresenter1"><set id="nev10032708n1-nev10032786n1" node="StringFormat1" property="1"/></propertyhandler><propertyhandler id="nev10032708n1-nev10032787n1" name="Value" node="ParameterPresenter1"><set id="nev10032708n1-nev10032788n1" node="StringFormat1" property="2"/></propertyhandler><propertyhandler id="nev10032708n1-nev10032789n1" name="EcuName" node="VehComm1"><set id="nev10032708n1-nev10032790n1" node="StringFormat1" property="0"/></propertyhandler><propertyhandler id="nev10032708n1-nev10032791n1" name="Result" node="VehComm1"><set id="nev10032708n1-nev10032792n1" node="ParameterIterator1" property="Response"/></propertyhandler><propertyhandler id="nev10032708n1-nev10032793n1" name="Parameter" node="ParameterIterator1"><set id="nev10032708n1-nev10032794n1" node="ParameterPresenter1" property="Parameter"/></propertyhandler><propertyhandler id="nev10032708n1-nev10032795n1" name="Result" node="VehComm2"><set id="nev10032708n1-nev10032796n1" node="ParameterIterator1" property="Response"/></propertyhandler><propertyhandler id="nev10032708n1-nev10032797n1" name="Result" node="VehComm3"><set id="nev10032708n1-nev10032798n1" node="ParameterIterator1" property="Response"/></propertyhandler></handlers></content></script>