<?xml version="1.0" encoding="UTF-8"?><diagnostic IE-ID="en-US0900c8af808a101b" docno="VCC-110531" id="KC01626263" type="test" xml:lang="en-US">
<title>
<phrase category="" id="KC06056648" phrase-urn="urn:x-nevis:phrase:0800c8af81730c02">Verification</phrase>
</title>
<testgrp IE-ID="en-US0900c8af808a101b_KC02390839" id="KC02390839" j2008use="1" paperuse="1" resumable="1" screenuse="1" testgrp-id="verifnode" x="120" y="120">
<title>
<phrase category="" id="KC06056649" phrase-urn="urn:x-nevis:phrase:0800c8af81730c03">Verification</phrase>
</title>
<node>
<test1>
<hint>
<ptxt>
<phrase category="" id="KC06056650" phrase-urn="urn:x-nevis:phrase:0800c8af81730c04">After the repai#@#@#56#fied.</phrase>
</ptxt>
</hint>
<diaglist>
<dgraphic>
<dgraphic1>
<graphic id="KC06056651">
<href>0900c8af80054d5#@#@#9#.jpeg</href>
</graphic>
</dgraphic1>
</dgraphic>
<ditem>
<ptxt>
<phrase category="" id="KC06056652" phrase-urn="urn:x-nevis:phrase:0800c8af81730c05">Ignition off.</phrase>
</ptxt>
</ditem>
<ditem>
<ptxt>
<phrase category="" id="KC06056653" phrase-urn="urn:x-nevis:phrase:0800c8af81730c0a">Connect connect#@#@#22# etc.</phrase>
</ptxt>
</ditem>
<ditem>
<ptxt>
<phrase category="" id="KC06056654" phrase-urn="urn:x-nevis:phrase:0800c8af81730c0f">Ignition on.</phrase>
</ptxt>
</ditem>
<ditem>
<ptxt>
<phrase category="" id="KC06056655" phrase-urn="urn:x-nevis:phrase:0800c8af81730c10">Read the clutch#@#@#56#edal.</phrase>
</ptxt>
</ditem>
</diaglist>
<test2>
<ptxt>
<phrase category="" id="KC06056656" phrase-urn="urn:x-nevis:phrase:0800c8af81730c11">The value shoul#@#@#117#ssed.</phrase>
</ptxt>
<diaglist>
<dgraphic>
<dgraphic2>
<graphic id="KC06056657">
<href>0900c8af86c8681#@#@#9#.jpeg</href>
</graphic>
<smarttool active="press" id="KC06056658" toolname="XDISA623"/>
</dgraphic2>
</dgraphic>
<ditem>
<ditemtext>
<ptxt>
<phrase category="" id="KC06056659" phrase-urn="urn:x-nevis:phrase:0800c8af81730c12"/>
</ptxt>
</ditemtext>
</ditem>
</diaglist>
<grate>
<graphic id="KC06056660">
<href>0900c8af800590a#@#@#9#.jpeg</href>
</graphic>
</grate>
</test2>
</test1>
<question>Does the moveme#@#@#9#pond?</question>
<resact-grp>
<result button="yes" comp="button" highlight="0"/>
<action j2008use="1" paperuse="1" screenuse="1">
<return value="VERIFIED"/>
</action>
</resact-grp>
<resact-grp>
<result button="no" comp="button" highlight="0"/>
<action j2008use="1" paperuse="1" screenuse="1">
<return value="VERIFICATION FAILED"/>
</action>
</resact-grp>
</node>
</testgrp>
</diagnostic>