<?xml version="1.0" encoding="UTF-8"?><servinfosub IE-ID="en-US0900c8af800c601b" docno="VCC-090995" id="KC01137864" xml:lang="en-US">
<title>
<phrase category="" id="KC07298450" phrase-urn="urn:x-nevis:phrase:0800c8af81aa7854">Diagnostic trou#@#@#30#-E003</phrase>
</title>
<diagnostic type="condition">
<condgrp>
<condition type="condition">
<grate>
<graphic id="KC07298451">
<href>0900c8af8005b18#@#@#9#.jpeg</href>
</graphic>
<graphtext>
<para>
<ptxt>
<phrase category="" id="KC07298452" phrase-urn="urn:x-nevis:phrase:0800c8af81aa7855">The control mod#@#@#366#pted.</phrase>
</ptxt>
</para>
<note>
<ptxt>
<phrase category="" id="KC07298453" phrase-urn="urn:x-nevis:phrase:0800c8af81aa7856">In the event of#@#@#429#ode”)</phrase>
</ptxt>
</note>
</graphtext>
</grate>
</condition>
</condgrp>
<condgrp>
<condition type="substitution">
<list1 enumtype="d" type="unordered">
<item>
<ptxt>
<phrase category="" id="KC07298454" phrase-urn="urn:x-nevis:phrase:0800c8af81aa7857">None.</phrase>
</ptxt>
</item>
</list1>
</condition>
<ps>
<list1 enumtype="d" type="unordered">
<item>
<ptxt>
<phrase category="" id="KC07298455" phrase-urn="urn:x-nevis:phrase:0800c8af81aa7858">Faulty control #@#@#140#are.)</phrase>
</ptxt>
</item>
<item>
<ptxt>
<phrase category="" id="KC07298456" phrase-urn="urn:x-nevis:phrase:0800c8af81aa7859">Open-circuit in#@#@#101#CEM).</phrase>
</ptxt>
</item>
</list1>
</ps>
</condgrp>
<condgrp>
<condition type="symptom">
<list1 enumtype="d" type="unordered">
<item>
<ptxt>
<phrase category="" id="KC07298457" phrase-urn="urn:x-nevis:phrase:0800c8af81aa785a">The fuel gauge #@#@#48#tank </phrase>
</ptxt>
</item>
<item>
<ptxt>
<phrase category="" id="KC07298458" phrase-urn="urn:x-nevis:phrase:0800c8af81aa785b">Rear demist doe#@#@#8#erate</phrase>
</ptxt>
</item>
<item>
<ptxt>
<phrase category="" id="KC07298459" phrase-urn="urn:x-nevis:phrase:0800c8af81aa785c">Retractable hea#@#@#14#ating</phrase>
</ptxt>
</item>
<item>
<ptxt>
<phrase category="" id="KC07298460" phrase-urn="urn:x-nevis:phrase:0800c8af81aa785d">No locking/unlo#@#@#14#doors</phrase>
</ptxt>
</item>
<item>
<ptxt>
<phrase category="" id="KC07298461" phrase-urn="urn:x-nevis:phrase:0800c8af81aa785f">No locking or u#@#@#48#XC90)</phrase>
</ptxt>
</item>
<item>
<ptxt>
<phrase category="" id="KC07298462" phrase-urn="urn:x-nevis:phrase:0800c8af81aa7860">No unlocking of#@#@#15#(S80)</phrase>
</ptxt>
</item>
<item>
<ptxt>
<phrase category="" id="KC07298463" phrase-urn="urn:x-nevis:phrase:0800c8af81aa7861">Does not lock /#@#@#27#r cap</phrase>
</ptxt>
</item>
<item>
<ptxt>
<phrase category="" id="KC07298464" phrase-urn="urn:x-nevis:phrase:0800c8af81aa7862">The power windo#@#@#41#rate.</phrase>
</ptxt>
</item>
</list1>
</condition>
</condgrp>
</diagnostic>
</servinfosub>