<?xml version="1.0" encoding="UTF-8"?><servinfosub IE-ID="en-US0900c8af8068101b" docno="VCC-079595" id="KC02063528" xml:lang="en-US">
<title>Coolant</title>
<grate>
<graphic id="KC08532890" width="column">
<href>0900c8af8012b45#@#@#9#.jpeg</href>
</graphic>
<graphtext>
<ptxt>Volvo Genuine p#@#@#21#with <emph> clean</emph>
 water in a ra#@#@#2#o of <emph>50/50</emph>
 is the only c#@#@#72#mage.</ptxt>
<ptxt>Coolant <emph>type C</emph>
 (bluegreen) m#@#@#40#lant.</ptxt>
<ptxt>Coolant must be#@#@#6#ced. <emph>every other year</emph>
, so that the #@#@#34#teed.</ptxt>
<ptxt>Use only <emph>type C</emph>
 when replacing.</ptxt>
</graphtext>
</grate>
</servinfosub>