<?xml version="1.0" encoding="UTF-8"?><servinfosub IE-ID="en-US0900c8af8596f01b" docno="VCC-370846" id="nev13716502n1" original="sv-SE" servinfosubId="nev13716503n1-nev13716505n1" servinfosubRes="0900c8af859853c7" servinfosubRes2="urn:x-nevis:fragment:0900c8af8596f01b:0900c8af859853c7#nev13716505n1" xml:lang="en-US">
<operationnumbers>
<operationnumber>76216-2</operationnumber>
<operationnumber>76217-2</operationnumber>
</operationnumbers>
<title id="nev13716497n86">Rear Stabilizer#@#@#4# Link</title>
<procedure id="nev13716503n1-nev13716504n30">
<stepgrp boilerplate="false" context="" id="nev13716503n1-nev18100419n100">
<title id="nev13716503n1-0800c8af844a46f7">Removal and Ins#@#@#4#ation</title>
<procstep id="nev13716503n1-nev18090319n25">
<grate id="nev13716503n1-nev18100419n99">
<graphic id="nev13716503n1-0900c8af8596efe7">
<href>0900c8af8596efe#@#@#9#.jpeg</href>
</graphic>
<graphtext id="nev13716503n1-nev18100423n1">
<para id="nev13716503n1-nev18100419n97">
<ptxt id="nev13716503n1-nev18100419n98">
<torque id="nev13716503n1-nev18090319n22">
<ref id="nev13716503n1-nev18090319n20"/>
</torque>
</ptxt>
</para>
</graphtext>
</grate>
</procstep>
<procstep id="nev13716503n1-nev18090319n18">
<grate id="nev13716503n1-nev18100419n96">
<graphic id="nev13716503n1-0900c8af8596f00d">
<href>0900c8af8596f00#@#@#9#.jpeg</href>
</graphic>
<graphtext id="nev13716503n1-nev18100430n1">
<para id="nev13716503n1-nev18100419n94">
<ptxt id="nev13716503n1-nev18100419n95">
<torque id="nev13716503n1-nev18090319n15">
<ref id="nev13716503n1-nev18090319n13"/>
</torque>
</ptxt>
</para>
</graphtext>
</grate>
</procstep>
</stepgrp>
</procedure>
</servinfosub>