<?xml version="1.0" encoding="UTF-8"?><servinfosub IE-ID="en-US0900c8af8013001b" docno="VCC-127112" id="KC01210065" xml:lang="en-US">
<title>
<phrase category="" id="KC09385936" phrase-urn="urn:x-nevis:phrase:0800c8af826f6c16">Signal too high</phrase>
</title>
<diagnostic type="test">
<testgrp IE-ID="en-US0900c8af8013001b_KC01217643" id="KC01217643" j2008use="1" paperuse="1" resumable="1" screenuse="1" testgrp-id="node1" x="120" y="80">
<title>
<phrase category="" id="KC09385937" phrase-urn="urn:x-nevis:phrase:0800c8af826f6c17">Checking the P-#@#@#14#enoid</phrase>
</title>
<node>
<test1>
<diaglist>
<dgraphic>
<dgraphic1>
<graphic id="KC09385938">
<href>0900c8af80054d5#@#@#9#.jpeg</href>
</graphic>
</dgraphic1>
</dgraphic>
<ditem>
<ptxt>
<phrase category="" id="KC09385939" phrase-urn="urn:x-nevis:phrase:0800c8af826f6c18">Ignition on</phrase>
</ptxt>
</ditem>
<ditem>
<ptxt>
<phrase category="" id="KC09385940" phrase-urn="urn:x-nevis:phrase:0800c8af826f6c19">Gear selector i#@#@#7#ion P</phrase>
</ptxt>
</ditem>
<ditem>
<ptxt>
<phrase category="" id="KC09385941" phrase-urn="urn:x-nevis:phrase:0800c8af826f6c1a">Try moving the #@#@#116#ector</phrase>
</ptxt>
</ditem>
<ditem>
<ptxt>
<phrase category="" id="KC09385942" phrase-urn="urn:x-nevis:phrase:0800c8af826f6c1b">Depress the bra#@#@#111#tor. </phrase>
</ptxt>
</ditem>
</diaglist>
</test1>
<question>
Was the functi#@#@#2# OK?
</question>
<resact-grp>
<result button="yes" comp="button" highlight="0"/>
<action j2008use="1" paperuse="1" screenuse="1">
<ptxt>
<xref>
<ref id="KC09385944"/>
</xref>
</ptxt>
</action>
</resact-grp>
<resact-grp>
<result button="no" comp="button" highlight="0"/>
<action j2008use="1" paperuse="1" screenuse="1">
<ptxt>
<xref>
<ref id="KC09385945"/>
</xref>
</ptxt>
</action>
</resact-grp>
</node>
</testgrp>
<testgrp id="KC01217644" j2008use="1" paperuse="1" resumable="1" screenuse="1" testgrp-id="node2" x="120" y="160">
<title>
<phrase category="" id="KC09385946" phrase-urn="urn:x-nevis:phrase:0800c8af826f6c1e">Checking the wi#@#@#13#onent</phrase>
</title>
<node>
<test1>
<test2>
<para>
<ptxt>
<phrase category="" id="KC09385947" phrase-urn="urn:x-nevis:phrase:0800c8af826f6c1f">Check the cable#@#@#129#ng to<xref>
<ref id="KC09385948"/>
</xref>.</phrase>
</ptxt>
</para>
<para>
<ptxt>
<phrase category="" id="KC09385949" phrase-urn="urn:x-nevis:phrase:0800c8af826f6c20">Check the volta#@#@#67#lf). </phrase>
</ptxt>
<ptxt>
<phrase category="" id="KC09385950" phrase-urn="urn:x-nevis:phrase:0800c8af826f6c21">When the igniti#@#@#129#Ubat.</phrase>
</ptxt>
<ptxt>
<phrase category="" id="KC09385951" phrase-urn="urn:x-nevis:phrase:0800c8af826f6c22">Replace the sol#@#@#22#s OK.</phrase>
</ptxt>
</para>
<list1 enumtype="d" type="unordered">
<title>
<phrase category="" id="KC09385952" phrase-urn="urn:x-nevis:phrase:0800c8af826f6c25">Other information</phrase>
</title>
<item>
<ptxt>
<phrase category="" id="KC09385953" phrase-urn="urn:x-nevis:phrase:0800c8af826f6c26">To check or rep#@#@#28#, see<xref>
<ref id="KC09385954"/>
</xref>.</phrase>
</ptxt>
</item>
</list1>
<diaglist>
<dgraphic>
<dgraphic2>
<graphic id="KC09385955">
<href>0900c8af80054d4#@#@#9#.jpeg</href>
</graphic>
<smarttool id="KC09385956" toolname="VDCDA"/>
</dgraphic2>
</dgraphic>
<ditem>
<ditemtext>
<ptxt>
<phrase category="" id="KC09385957" phrase-urn="urn:x-nevis:phrase:0800c8af826f6c29"/>
</ptxt>
</ditemtext>
</ditem>
</diaglist>
</test2>
</test1>
<question>
Select Continue.
</question>
<resact-grp>
<result button="cont" comp="button" highlight="0"/>
<action j2008use="1" paperuse="1" screenuse="1">
<ptxt>
<xref>
<ref id="KC09385959"/>
</xref>
</ptxt>
</action>
</resact-grp>
</node>
</testgrp>
<testgrp id="KC01217645" j2008use="1" paperuse="1" resumable="1" screenuse="1" testgrp-id="veif" x="280" y="160">
<title>
<phrase category="" id="KC09385960" phrase-urn="urn:x-nevis:phrase:0800c8af826f6c2b">Verification</phrase>
</title>
<subcalloutnode>
<diagcallout>
<xref>
<ref id="KC09385961"/>
</xref>
</diagcallout>
<rescall-grp>
<result comp="string" highlight="0" op="eq" return="VERIFICATION FAILED"/>
<calloutaction>
<ptxt>
<xref>
<ref id="KC09385962"/>
</xref>
</ptxt>
</calloutaction>
</rescall-grp>
<rescall-grp>
<result comp="string" highlight="0" op="eq" return="PAPER"/>
<calloutaction>
<return value="FAULT NOT FOUND"/>
</calloutaction>
</rescall-grp>
<rescall-grp>
<result comp="string" highlight="0" op="eq" return="VERIFIED"/>
<calloutaction>
<return value="FAULT FOUND"/>
</calloutaction>
</rescall-grp>
</subcalloutnode>
</testgrp>
<testgrp id="KC01217646" j2008use="1" paperuse="0" resumable="1" screenuse="1" testgrp-id="info1" x="440" y="160">
<title>
<phrase category="" id="KC09385963" phrase-urn="urn:x-nevis:phrase:0800c8af826f6c2c">Fault-tracing i#@#@#5#ation</phrase>
</title>
<subcalloutnode>
<diagcallout>
<xref>
<ref id="KC09385964"/>
</xref>
</diagcallout>
<rescall-grp>
<result comp="string" highlight="0" op="eq" return="FAULTTRACING FAILED"/>
<calloutaction>
<return value="FAULTTRACING FAILED"/>
</calloutaction>
</rescall-grp>
<rescall-grp>
<result comp="string" highlight="0" op="eq" return="NEW TRY"/>
<calloutaction>
<ptxt>
<xref>
<ref id="KC09385965"/>
</xref>
</ptxt>
</calloutaction>
</rescall-grp>
</subcalloutnode>
</testgrp>
<testgrp id="KC01217647" j2008use="1" paperuse="1" resumable="1" screenuse="1" testgrp-id="intnode" x="280" y="80">
<title>
<phrase category="" id="KC09385966" phrase-urn="urn:x-nevis:phrase:0800c8af826f6c2d">Intermittent fault</phrase>
</title>
<node>
<test1>
<test2>
<ptxt>
<phrase category="" id="KC09385967" phrase-urn="urn:x-nevis:phrase:0800c8af826f6c2e">Check the cable#@#@#144#ng to<xref>
<ref id="KC09385968"/>
</xref>. </phrase>
</ptxt>
<para>
<ptxt>
<phrase category="" id="KC09385969" phrase-urn="urn:x-nevis:phrase:0800c8af826f6c2f">Remedy as necessary.</phrase>
</ptxt>
</para>
<list1 enumtype="d" type="unordered">
<title>
<phrase category="" id="KC09385970" phrase-urn="urn:x-nevis:phrase:0800c8af826f6c30">Other information:</phrase>
</title>
<item>
<ptxt>
<phrase category="" id="KC09385971" phrase-urn="urn:x-nevis:phrase:0800c8af826f6c31">To check or rep#@#@#28#, see<xref>
<ref id="KC09385972"/>
</xref>,.</phrase>
</ptxt>
</item>
</list1>
<diaglist>
<dgraphic>
<dgraphic2>
<graphic id="KC09385973">
<href>0900c8af80054d4#@#@#9#.jpeg</href>
</graphic>
<smarttool active="auto" id="KC09385974" toolname="ODA"/>
</dgraphic2>
</dgraphic>
<ditem>
<ditemtext>
<ptxt>
<phrase category="" id="KC09385975" phrase-urn="urn:x-nevis:phrase:0800c8af826f6c32"/>
</ptxt>
</ditemtext>
</ditem>
</diaglist>
</test2>
</test1>
<question>
Select "Continue".
</question>
<resact-grp>
<result button="cont" comp="button" highlight="0"/>
<action j2008use="1" paperuse="0" screenuse="1">
<ptxt>
<xref>
<ref id="KC09385977"/>
</xref>
</ptxt>
</action>
<action j2008use="0" paperuse="1" screenuse="0">
<return value="DONE"/>
</action>
</resact-grp>
</node>
</testgrp>
<testgrp id="KC01217648" j2008use="1" paperuse="0" resumable="1" screenuse="1" testgrp-id="info2" x="440" y="80">
<title>
<phrase category="" id="KC09385978" phrase-urn="urn:x-nevis:phrase:0800c8af826f6c34">Fault-tracing i#@#@#5#ation</phrase>
</title>
<subcalloutnode>
<diagcallout>
<xref>
<ref id="KC09385979"/>
</xref>
</diagcallout>
<rescall-grp>
<result comp="string" highlight="0" op="eq" return="NEW TRY"/>
<calloutaction>
<ptxt>
<xref>
<ref id="KC09385980"/>
</xref>
</ptxt>
</calloutaction>
</rescall-grp>
<rescall-grp>
<result comp="string" highlight="0" op="eq" return="FAULT FOUND"/>
<calloutaction>
<return value="DONE"/>
</calloutaction>
</rescall-grp>
</subcalloutnode>
</testgrp>
</diagnostic>
</servinfosub>