<?xml version="1.0" encoding="UTF-8"?><servinfosub IE-ID="en-US0900c8af804a7501" docno="VCC-095314" id="KC01516292" xml:lang="en-US">
<title>
<phrase category="" id="KC09283072" phrase-urn="urn:x-nevis:phrase:0800c8af826d202e">Signal too low.#@#@#11#fault</phrase>
</title>
<diagnostic type="test">
<testgrp IE-ID="en-US0900c8af804a7501_KC01516293" id="KC01516293" j2008use="1" paperuse="1" screenuse="1" testgrp-id="x1" x="440" y="280">
<title>
<phrase category="" id="KC09283073" phrase-urn="urn:x-nevis:phrase:0800c8af826d202f">Checking cable</phrase>
</title>
<node>
<test1>
<diaglist>
<dgraphic>
<dgraphic1>
<graphic id="KC09283074">
<href>0900c8af80054d4#@#@#9#.jpeg</href>
</graphic>
</dgraphic1>
</dgraphic>
<ditem>
<ptxt>
<phrase category="" id="KC09283075" phrase-urn="urn:x-nevis:phrase:0800c8af826d2030">Ignition off.</phrase>
</ptxt>
</ditem>
</diaglist>
<test2>
<para>
<ptxt>
<phrase category="" id="KC09283076" phrase-urn="urn:x-nevis:phrase:0800c8af826d2031">Disconnect VGLA#@#@#23#or A.</phrase>
</ptxt>
<ptxt>
<phrase category="" id="KC09283077" phrase-urn="urn:x-nevis:phrase:0800c8af826d2032">Connect an ohmm#@#@#89#g to <xref>
<ref id="KC09283078"/>
</xref>. </phrase>
</ptxt>
</para>
<para>
<ptxt>
<phrase category="" id="KC09283079" phrase-urn="urn:x-nevis:phrase:0800c8af826d2033">Remedy as necessary.</phrase>
</ptxt>
</para>
<list1 enumtype="d">
<title>
<phrase category="" id="KC09283080" phrase-urn="urn:x-nevis:phrase:0800c8af826d2034">Other information:</phrase>
</title>
<item>
<ptxt>
<phrase category="" id="KC09283081" phrase-urn="urn:x-nevis:phrase:0800c8af826d2035">For further inf#@#@#40# see <xref>
<ref id="KC09283082"/>
</xref>.</phrase>
</ptxt>
</item>
<item>
<ptxt>
<phrase category="" id="KC09283083" phrase-urn="urn:x-nevis:phrase:0800c8af826d2036">To connect the #@#@#13# see <xref>
<ref id="KC09283084"/>
</xref>. </phrase>
</ptxt>
</item>
<item>
<ptxt>
<phrase category="" id="KC09283085" phrase-urn="urn:x-nevis:phrase:0800c8af826d2037">To access the c#@#@#24# see <xref>
<ref id="KC09283086"/>
</xref>.</phrase>
</ptxt>
</item>
<item>
<ptxt>
<phrase category="" id="KC09283087" phrase-urn="urn:x-nevis:phrase:0800c8af826d2038">To access the S#@#@#28# see <xref>
<ref id="KC09283088"/>
</xref>.</phrase>
</ptxt>
</item>
</list1>
<diaglist>
<dgraphic>
<dgraphic2>
<graphic id="KC09283089">
<href>0900c8af80054d4#@#@#9#.jpeg</href>
</graphic>
<smarttool active="auto" id="KC09283090" toolname="ODA"/>
</dgraphic2>
</dgraphic>
<ditem>
<ditemtext>
<ptxt>
<phrase category="" id="KC09283091" phrase-urn="urn:x-nevis:phrase:0800c8af826d2039"/>
</ptxt>
</ditemtext>
</ditem>
</diaglist>
</test2>
</test1>
<question>
Was a fault found?
</question>
<resact-grp>
<result button="yes" comp="button" highlight="0"/>
<action j2008use="1" paperuse="1" screenuse="1">
<ptxt>
<xref>
<ref id="KC09283093"/>
</xref>
</ptxt>
</action>
</resact-grp>
<resact-grp>
<result button="no" comp="button" highlight="0"/>
<action j2008use="1" paperuse="1" screenuse="1">
<return value="FAULT NOT FOUND"/>
</action>
</resact-grp>
</node>
</testgrp>
<testgrp id="KC01516294" j2008use="1" paperuse="1" resumable="1" screenuse="1" testgrp-id="x2" x="120" y="360">
<title>
<phrase category="" id="KC09283094" phrase-urn="urn:x-nevis:phrase:0800c8af826d203b">Verification</phrase>
</title>
<subcalloutnode>
<diagcallout>
<xref>
<ref id="KC09283095"/>
</xref>
</diagcallout>
<rescall-grp>
<result comp="string" highlight="0" op="eq" return="VERIFICATION FAILED"/>
<calloutaction>
<ptxt>
<xref>
<ref id="KC09283096"/>
</xref>
</ptxt>
</calloutaction>
</rescall-grp>
<rescall-grp>
<result comp="string" highlight="0" op="eq" return="VERIFIED"/>
<calloutaction>
<return value="FAULT FOUND"/>
</calloutaction>
</rescall-grp>
</subcalloutnode>
</testgrp>
<testgrp id="KC01516295" j2008use="1" paperuse="0" resumable="1" screenuse="1" testgrp-id="info1" x="360" y="240">
<title>
<phrase category="" id="KC09283097" phrase-urn="urn:x-nevis:phrase:0800c8af826d203c">Fault-tracing i#@#@#5#ation</phrase>
</title>
<subcalloutnode>
<diagcallout>
<xref>
<ref id="KC09283098"/>
</xref>
</diagcallout>
<rescall-grp>
<result comp="string" highlight="0" op="eq" return="FAULTTRACING FAILED"/>
<calloutaction>
<return value="FAULT NOT FOUND"/>
</calloutaction>
</rescall-grp>
<rescall-grp>
<result comp="string" highlight="0" op="eq" return="NEW TRY"/>
<calloutaction>
<ptxt>
<xref>
<ref id="KC09283099"/>
</xref>
</ptxt>
</calloutaction>
</rescall-grp>
</subcalloutnode>
</testgrp>
</diagnostic>
</servinfosub>