<?xml version="1.0" encoding="UTF-8"?><servinfosub IE-ID="en-US0900c8af8343311e" docno="VCC-283443" id="nev11361996n1" servinfosubId="nev20685205n1-nev20685205n2" servinfosubRes="0900c8af862c1c2e" servinfosubRes2="urn:x-nevis:fragment:0900c8af8343311e:0900c8af862c1c2e#nev20685205n2" xml:lang="en-US">
<title id="nev11361996n2">Description of #@#@#6#tions</title>
<procedure id="nev20685205n1-nev11361996n3">
<stepgrp id="nev20685205n1-nev11361996n4">
<procstep id="nev20685205n1-nev11361996n5">
<title id="nev20685205n1-nev11361996n6">Window button u#@#@#7#vated</title>
<para id="nev20685205n1-nev11361996n7">
<ptxt id="nev20685205n1-nev11361996n8">Activation of p#@#@#36#ction</ptxt>
</para>
</procstep>
<procstep id="nev20685205n1-nev11361996n9">
<title id="nev20685205n1-nev11361996n10">Window button d#@#@#9#vated</title>
<para id="nev20685205n1-nev11361997n1">
<ptxt id="nev20685205n1-nev11361997n2">Activation of p#@#@#38#ction</ptxt>
</para>
</procstep>
<procstep id="nev20685205n1-nev11361999n4">
<title id="nev20685205n1-nev11361999n5">Window motor up#@#@#6#vated</title>
<para id="nev20685205n1-nev11380718n250">
<ptxt id="nev20685205n1-nev11361999n6">Activation of p#@#@#36#tion.</ptxt>
</para>
</procstep>
<procstep id="nev20685205n1-nev11361999n7">
<title id="nev20685205n1-nev11361999n8">Window motor do#@#@#8#vated</title>
<para id="nev20685205n1-nev11380718n249">
<ptxt id="nev20685205n1-nev11361999n9">Activation of p#@#@#38#tion.</ptxt>
</para>
</procstep>
</stepgrp>
</procedure>
</servinfosub>