<?xml version="1.0" encoding="UTF-8"?><servinfosub IE-ID="en-US0900c8af8014711e" docno="VCC-142008" id="KC01136821" xml:lang="en-US">
<title>Brake pipe mast#@#@#26#acing</title>
<procedure>
<note>
<ptxt>As the illustra#@#@#181#rect.</ptxt>
</note>
<stepgrp>
<procstep>
<title>Preparation</title>
<para>
<ptxt>Disconnect the #@#@#13# See <xref>
<ref id="KC07562403"/>
</xref>
</ptxt>
</para>
</procstep>
<procstep>
<title>Removing the up#@#@#9#e rod</title>
<grate>
<graphic id="KC07562404">
<href>0900c8af8005ab2#@#@#11#.jpeg</href>
</graphic>
<graphtext>
<list1 enumtype="d" type="unordered">
<title>Remove:</title>
<item>
<ptxt>the mounting sc#@#@#18#e rod</ptxt>
</item>
<item>
<ptxt>the screw and n#@#@#37# rod </ptxt>
</item>
<item>
<ptxt>the engine stab#@#@#8#race.</ptxt>
</item>
</list1>
</graphtext>
</grate>
</procstep>
<procstep>
<title>Removing the ai#@#@#18#using</title>
<grate>
<graphic id="KC07562405">
<href>0900c8af8005d0c#@#@#11#.jpeg</href>
</graphic>
<graphtext>
<para>
<ptxt>Remove the scre#@#@#26#fold.</ptxt>
<ptxt>Disconnect the #@#@#27#hose.</ptxt>
<ptxt>Remove the conn#@#@#41#nsor.</ptxt>
<ptxt>Remove the air #@#@#57#t up.</ptxt>
</para>
</graphtext>
</grate>
</procstep>
<procstep>
<title>Removing the in#@#@#19#sebox</title>
<grate>
<graphic id="KC07562406">
<href>0900c8af8005b22#@#@#9#.jpeg</href>
</graphic>
<graphtext>
<list1 enumtype="d" type="unordered">
<title>Remove:</title>
<item>
<ptxt>the nut for the#@#@#8#ables</ptxt>
</item>
<item>
<ptxt>the 2 power cables</ptxt>
</item>
<item>
<ptxt>the 2 screws fo#@#@#10#ting.</ptxt>
</item>
</list1>
</graphtext>
</grate>
<grate>
<graphic id="KC07562407">
<href>0900c8af8005d25#@#@#9#.jpeg</href>
</graphic>
<graphtext>
<para>
<ptxt>Open the integr#@#@#41#(1). </ptxt>
<ptxt>Disconnect the #@#@#26# (2).</ptxt>
<ptxt>Lift the box ou#@#@#37#side.</ptxt>
</para>
</graphtext>
</grate>
</procstep>
<procstep>
<title>Removing the br#@#@#45# unit</title>
<grate>
<graphic id="KC07562408">
<href>0900c8af8005953#@#@#9#.jpeg</href>
</graphic>
<graphtext>
<para>
<ptxt>Clean the brake#@#@#48#unit.</ptxt>
<ptxt>Place paper und#@#@#48#lage.</ptxt>
<ptxt>Remove the brak#@#@#64#lugs.</ptxt>
</para>
</graphtext>
</grate>
</procstep>
</stepgrp>
<stepgrp>
<title>Installation</title>
<procstep>
<title>Installing the #@#@#6#pipes</title>
<note>
<ptxt>For tightening #@#@#9#see: <xref>
<ref id="KC07562409"/>
</xref>. </ptxt>
</note>
<note>
<ptxt>The new brake p#@#@#51#ling.</ptxt>
<ptxt>This is importa#@#@#64#lace.</ptxt>
</note>
<para>
<ptxt>Install the bra#@#@#19#See: <xref>
<ref id="KC07562410"/>
</xref>. </ptxt>
</para>
</procstep>
<procstep>
<title>Installing the #@#@#21#sebox</title>
<para>
<ptxt>Install the box#@#@#12#ting.</ptxt>
</para>
<list1 enumtype="d" type="unordered">
<title>Install:</title>
<item>
<ptxt>the cable harness</ptxt>
</item>
<item>
<ptxt>the connector</ptxt>
</item>
<item>
<ptxt>the 2 x M6 scre#@#@#14#nting</ptxt>
</item>
<item>
<ptxt>the 2 x power cables</ptxt>
</item>
<item>
<ptxt>the M8 nut to s#@#@#19#les. </ptxt>
</item>
</list1>
</procstep>
<procstep>
<title>Installing the #@#@#20#using</title>
<para>
<ptxt>Press the air c#@#@#27#lace.</ptxt>
<ptxt>Install the air#@#@#20#ctor.</ptxt>
</para>
</procstep>
<procstep>
<title>Installing the #@#@#11#e rod</title>
<list1 enumtype="d" type="unordered">
<title>Install:</title>
<item>
<ptxt>the engine stab#@#@#7#brace</ptxt>
</item>
<item>
<ptxt>the M12 screw a#@#@#25#nting</ptxt>
</item>
<item>
<ptxt>the 4 x M10 mou#@#@#27# rod.</ptxt>
</item>
</list1>
</procstep>
<procstep>
<title>Finishing</title>
<grate>
<graphic id="KC07562411">
<href>0900c8af8005953#@#@#9#.jpeg</href>
</graphic>
<graphtext>
<para>
<ptxt>Bleed the brake#@#@#8# See <xref>
<ref id="KC07562412"/>
</xref>.</ptxt>
</para>
<para>
<ptxt>Check if there #@#@#218#0 mm.</ptxt>
<ptxt>If the pedal tr#@#@#62#avel.</ptxt>
<ptxt>That there is n#@#@#18#age. </ptxt>
<ptxt>Remove the blee#@#@#44#oir. </ptxt>
<ptxt>Check that the #@#@#46#king.</ptxt>
</para>
<para>
<ptxt>Connect the bat#@#@#5#lead.</ptxt>
</para>
</graphtext>
</grate>
</procstep>
</stepgrp>
</procedure>
</servinfosub>