<?xml version="1.0" encoding="UTF-8"?><servinfosub IE-ID="en-US0900c8af83be6217" docno="VCC-161205" id="KC07235857" xml:lang="en-US">
<title>
<phrase category="" id="KC07235860" phrase-urn="urn:x-nevis:phrase:0800c8af81a9c951">Diagnostic trou#@#@#30#-140D</phrase>
</title>
<diagnostic j2008use="1" paperuse="1" screenuse="1" type="condition">
<condgrp>
<condition type="condition">
<grate>
<graphic id="KC07235861">
<href>0900c8af8073177#@#@#9#.jpeg</href>
</graphic>
<graphtext>
<ptxt>
<phrase category="" id="KC07235862" phrase-urn="urn:x-nevis:phrase:0800c8af81a9c952">The central ele#@#@#116#ECM).</phrase>
</ptxt>
<ptxt>
<phrase category="" id="KC07235863" phrase-urn="urn:x-nevis:phrase:0800c8af81a9c953">The diagnostic #@#@#219#ning.</phrase>
</ptxt>
</graphtext>
</grate>
</condition>
</condgrp>
<condgrp>
<condition type="substitution">
<para>
<ptxt>
<phrase category="" id="KC07235864" phrase-urn="urn:x-nevis:phrase:0800c8af81a9c954">Value from the #@#@#69#used.</phrase>
</ptxt>
</para>
</condition>
<ps>
<list1 enumtype="d" type="unordered">
<item>
<ptxt>
<phrase category="" id="KC07235865" phrase-urn="urn:x-nevis:phrase:0800c8af81a9c955">Damaged outside#@#@#14#ensor</phrase>
</ptxt>
</item>
<item>
<ptxt>
<phrase category="" id="KC07235866" phrase-urn="urn:x-nevis:phrase:0800c8af81a9c956">Short-circuit t#@#@#31#cable</phrase>
</ptxt>
</item>
<item>
<ptxt>
<phrase category="" id="KC07235867" phrase-urn="urn:x-nevis:phrase:0800c8af81a9c957">Open-circuit in#@#@#13#able.</phrase>
</ptxt>
</item>
</list1>
</ps>
</condgrp>
<condgrp>
<condition type="symptom">
<list1 enumtype="d" type="unordered">
<item>
<ptxt>
<phrase category="Symptom CSC" id="nev12529336n1" phrase-urn="urn:x-nevis:phrase:0800c8af8388f00f">AB, Starting/En#@#@#52#times</phrase>
</ptxt>
</item>
<item id="nev12529334n99">
<ptxt id="nev12529334n98">
<phrase category="Symptom CSC" id="nev12529337n1" phrase-urn="urn:x-nevis:phrase:0800c8af8388f063">CR, Gauges/Ambi#@#@#43# work</phrase>
</ptxt>
</item>
</list1>
</condition>
</condgrp>
</diagnostic>
</servinfosub>