<?xml version="1.0" encoding="UTF-8"?><diagnostic IE-ID="en-US0900c8af80c49217" docno="VCC-152519" id="KC02752722" j2008use="1" paperuse="1" screenuse="1" type="test" xml:lang="en-US">
<testgrp IE-ID="en-US0900c8af80c49217_KC02752723" id="KC02752723" j2008use="1" paperuse="1" resumable="1" screenuse="1" testgrp-id="verifnode" x="120" y="120">
<title>
<phrase category="" id="KC09450233" phrase-urn="urn:x-nevis:phrase:0800c8af82708c9c">Verification</phrase>
</title>
<node>
<test1>
<hint>
<ptxt>
<phrase category="" id="KC09450234" phrase-urn="urn:x-nevis:phrase:0800c8af82708c9d">After carrying #@#@#50#died.</phrase>
</ptxt>
</hint>
<diaglist>
<dgraphic>
<dgraphic1>
<graphic id="KC09450235">
<href>0900c8af80054d5#@#@#9#.jpeg</href>
</graphic>
</dgraphic1>
<dgraphic2>
<graphic id="KC09450236">
<href>0900c8af80054d7#@#@#9#.jpeg</href>
</graphic>
</dgraphic2>
</dgraphic>
<ditem>
<ptxt>
<phrase category="" id="KC09450237" phrase-urn="urn:x-nevis:phrase:0800c8af82708c9e">Ignition off</phrase>
</ptxt>
</ditem>
<ditem>
<ptxt>
<phrase category="" id="KC09450238" phrase-urn="urn:x-nevis:phrase:0800c8af82708c9f">Reconnect the c#@#@#22# etc.</phrase>
</ptxt>
</ditem>
<ditem>
<ptxt>
<phrase category="" id="KC09450239" phrase-urn="urn:x-nevis:phrase:0800c8af82708ca0">Ignition on</phrase>
</ptxt>
</ditem>
<ditem>
<ptxt>
<phrase category="" id="KC09450240" phrase-urn="urn:x-nevis:phrase:0800c8af82708ca2">Read off the re#@#@#19#itch.</phrase>
</ptxt>
</ditem>
</diaglist>
<test2>
<para>
<ptxt>
<phrase category="" id="KC09450241" phrase-urn="urn:x-nevis:phrase:0800c8af82708ca3">Check that the #@#@#49#rect.</phrase>
</ptxt>
</para>
<diaglist>
<dgraphic>
<dgraphic2>
<graphic id="KC09450242">
<href>0900c8af86c8681#@#@#9#.jpeg</href>
</graphic>
<smarttool active="press" id="KC09450243" toolname="YSWM0007"/>
</dgraphic2>
</dgraphic>
<ditem>
<ditemtext>
<ptxt>
<phrase category="" id="KC09450244" phrase-urn="urn:x-nevis:phrase:0800c8af82708ca5"/>
</ptxt>
</ditemtext>
</ditem>
</diaglist>
</test2>
</test1>
<question>
Is the functio#@#@#6#ect?
</question>
<resact-grp>
<result button="yes" comp="button" highlight="0"/>
<action j2008use="1" paperuse="1" screenuse="1">
<return value="VERIFIED"/>
</action>
</resact-grp>
<resact-grp>
<result button="no" comp="button" highlight="0"/>
<action j2008use="1" paperuse="1" screenuse="1">
<return value="VERIFICATION FAILED"/>
</action>
</resact-grp>
</node>
</testgrp>
</diagnostic>