<?xml version="1.0" encoding="UTF-8"?><servinfosub IE-ID="en-US0900c8af85d11217" docno="VCC-370481" id="nev13719601n1" original="sv-SE" servinfosubId="nev13719602n1-nev19111675n1" servinfosubRes="0900c8af85e028a3" servinfosubRes2="urn:x-nevis:fragment:0900c8af85d11217:0900c8af85e028a3#nev19111675n1" xml:lang="en-US">
<operationnumbers>
<operationnumber>36634-2</operationnumber>
<operationnumber>36658-3</operationnumber>
</operationnumbers>
<title id="nev13719600n41">Parking assista#@#@#12#front</title>
<procedure id="nev13719602n1-nev19254738n6">
<stepgrp boilerplate="false" context="" id="nev13719602n1-nev19313510n62">
<title id="nev13719602n1-0800c8af844a46f6">Removal</title>
<procstep id="nev13719602n1-nev19254738n3">
<grate id="nev13719602n1-nev19313510n60">
<graphic id="nev13719602n1-nev19313510n61">
<href>0900c8af8443f96#@#@#9#.jpeg</href>
</graphic>
</grate>
</procstep>
<procstep id="nev13719602n1-nev19254740n100">
<para id="nev13719602n1-nev19313510n58">
<ptxt id="nev13719602n1-nev19313510n59">Remove casing b#@#@#6#front<xref boilerplate="true" id="nev13719602n1-0800c8af8450837d">
<ref id="nev13719602n1-nev19254740n97"/>
</xref>
</ptxt>
</para>
</procstep>
<procstep id="nev13719602n1-nev19254740n95">
<grate id="nev13719602n1-nev19313510n56">
<graphic id="nev13719602n1-nev19313510n57">
<href>0900c8af85d83c4#@#@#9#.jpeg</href>
</graphic>
</grate>
</procstep>
<procstep id="nev13719602n1-nev19254740n92">
<grate id="nev13719602n1-nev19313510n54">
<graphic id="nev13719602n1-nev19313510n55">
<href>0900c8af85d83c3#@#@#9#.jpeg</href>
</graphic>
</grate>
</procstep>
<procstep id="nev13719602n1-nev19254740n89">
<grate id="nev13719602n1-nev19313510n52">
<graphic id="nev13719602n1-nev19313510n53">
<href>0900c8af85d83c3#@#@#9#.jpeg</href>
</graphic>
</grate>
</procstep>
</stepgrp>
<stepgrp boilerplate="false" context="" id="nev13719602n1-nev19313510n51">
<title id="nev13719602n1-0800c8af844a46f9">Installation</title>
<procstep id="nev13719602n1-nev19259353n70">
<note id="nev13719602n1-0800c8af850137f8">
<ptxt>Paint the senso#@#@#34#icle.</ptxt>
</note>
</procstep>
<procstep id="nev13719602n1-nev19259353n68">
<para id="nev13719602n1-nev19313510n49">
<ptxt id="nev13719602n1-nev19313510n50">Follow instruct#@#@#9#paint<xref boilerplate="true" id="nev13719602n1-0800c8af84e62f69">
<ref id="nev13719602n1-nev19259353n65"/>
</xref>
</ptxt>
</para>
</procstep>
<procstep id="nev13719602n1-nev19313510n48">
<grate id="nev13719602n1-nev19313510n46">
<graphic id="nev13719602n1-nev19313510n47">
<href>0900c8af85df286#@#@#9#.jpeg</href>
</graphic>
<graphtext id="nev13719602n1-nev19313593n1">
<note id="nev13719602n1-nev19313510n45">
<ptxt>Use soap solution.</ptxt>
</note>
</graphtext>
</grate>
</procstep>
<procstep id="nev13719602n1-nev19313510n44">
<grate id="nev13719602n1-nev19313510n42">
<graphic id="nev13719602n1-nev19313510n43">
<href>0900c8af85df286#@#@#9#.jpeg</href>
</graphic>
</grate>
</procstep>
<procstep id="nev13719602n1-nev19254740n81">
<grate id="nev13719602n1-nev19313510n40">
<graphic id="nev13719602n1-nev19313510n41">
<href>0900c8af8506ed4#@#@#9#.jpeg</href>
</graphic>
<graphtext id="nev13719602n1-nev19313600n1">
<note id="nev13719602n1-nev19313510n39">
<ptxt>Make sure that #@#@#29#lled.</ptxt>
</note>
</graphtext>
</grate>
</procstep>
<procstep id="nev13719602n1-nev19254740n78">
<para id="nev13719602n1-nev19313510n37">
<ptxt id="nev13719602n1-nev19313510n38">To install, rev#@#@#22#dure.</ptxt>
</para>
</procstep>
</stepgrp>
</procedure>
</servinfosub>