<?xml version="1.0" encoding="UTF-8"?><servinfosub IE-ID="en-US0900c8af83c1e217" docno="VCC-278700" id="nev11224480n1" xml:lang="en-US">
<title>
<phrase category="Title" id="nev11245130n1" phrase-urn="urn:x-nevis:phrase:0800c8af81eabd27">Checking the su#@#@#23#minal</phrase>
</title>
<diagnostic j2008use="1" layout="0" paperuse="1" screenuse="1" type="test">
<testgrp IE-ID="en-US0900c8af83c1e217_nev11224480n3" id="nev11224480n3" j2008use="1" paperuse="1" resumable="1" screenuse="1" testgrp-id="node1" x="120" y="40">
<title>
<phrase category="Title" id="nev11530480n1" phrase-urn="urn:x-nevis:phrase:0800c8af8311891e">Voltage supply #@#@#23#(FSM)</phrase>
</title>
<node>
<test1>
<test2>
<para>
<ptxt>
<phrase category="Faulttracing" id="nev11224561n1" phrase-urn="urn:x-nevis:phrase:0800c8af831189b3">Forward Sensing#@#@#79#dule.</phrase>
</ptxt>
</para>
<para>
<ptxt>
<phrase category="Faulttracing" id="nev11224573n1" phrase-urn="urn:x-nevis:phrase:0800c8af8311a67d">When the igniti#@#@#88#mode.</phrase>
</ptxt>
</para>
<list1 enumtype="d" type="ordered">
<item>
<ptxt>
<phrase category="Faulttracing" id="nev11224578n1" phrase-urn="urn:x-nevis:phrase:0800c8af83118a94">Power input 1 t#@#@#76#elay.</phrase>
<phrase category="Faulttracing" id="nev11224579n1" phrase-urn="urn:x-nevis:phrase:0800c8af83308182">The input also #@#@#66#C1:5.</phrase>
<phrase category="Faulttracing" id="nev11224580n1" phrase-urn="urn:x-nevis:phrase:0800c8af8317da20">In case of open#@#@#52#ated.</phrase>
</ptxt>
</item>
<item>
<ptxt>
<phrase category="Faulttracing" id="nev11224584n1" phrase-urn="urn:x-nevis:phrase:0800c8af83118dc3">Power input 2 t#@#@#124#CEM).</phrase>
<phrase category="Faulttracing" id="nev11224587n1" phrase-urn="urn:x-nevis:phrase:0800c8af83136ab1">This power inpu#@#@#61#FSM).</phrase>
</ptxt>
</item>
</list1>
<para>
<title>
<phrase category="Title" id="nev11224481n2" phrase-urn="urn:x-nevis:phrase:0800c8af81eb9c75">Checking the po#@#@#5#upply</phrase>
</title>
<ptxt>
<phrase category="Faulttracing" id="nev11224588n1" phrase-urn="urn:x-nevis:phrase:0800c8af831193d2">Check the power#@#@#192#tion.</phrase>
<phrase category="Faulttracing" id="nev11224589n1" phrase-urn="urn:x-nevis:phrase:0800c8af81eb92b4">Check the fuse.</phrase>
<phrase category="Faulttracing" id="nev11224590n1" phrase-urn="urn:x-nevis:phrase:0800c8af82264d5b">The voltage mus#@#@#54#s on.</phrase>
</ptxt>
</para>
<para>
<ptxt>
<phrase category="Faulttracing" id="nev11224592n1" phrase-urn="urn:x-nevis:phrase:0800c8af83119462">Check the power#@#@#203#tion.</phrase>
<phrase category="Faulttracing" id="nev11224594n1" phrase-urn="urn:x-nevis:phrase:0800c8af81eb92b4">Check the fuse.</phrase>
<phrase category="Faulttracing" id="nev11224598n1" phrase-urn="urn:x-nevis:phrase:0800c8af82264d5b">The voltage mus#@#@#54#s on.</phrase>
</ptxt>
</para>
<para>
<title>
<phrase category="Title" id="nev11224600n1" phrase-urn="urn:x-nevis:phrase:0800c8af831194ed">Ground connecti#@#@#26#(FSM)</phrase>
</title>
<ptxt>
<phrase category="Faulttracing" id="nev11224601n1" phrase-urn="urn:x-nevis:phrase:0800c8af8311956d">Forward Sensing#@#@#30#nput.</phrase>
<phrase category="Faulttracing" id="nev11224603n1" phrase-urn="urn:x-nevis:phrase:0800c8af830e7ff5">The ground inpu#@#@#85#lead.</phrase>
<phrase category="Faulttracing" id="nev11224604n1" phrase-urn="urn:x-nevis:phrase:0800c8af81eb8fbf">See the relevan#@#@#62#inal.</phrase>
</ptxt>
</para>
<list1 enumtype="d" type="unordered">
<item>
<ptxt>
<phrase category="Faulttracing" id="nev11224610n1" phrase-urn="urn:x-nevis:phrase:0800c8af83119729">Ground input 1,#@#@#79#body.</phrase>
</ptxt>
</item>
</list1>
<para id="nev11224483n80">
<title id="nev11224483n78">
<phrase category="Title" id="nev11224611n1" phrase-urn="urn:x-nevis:phrase:0800c8af8317d9f9">Ground terminal#@#@#16#radar</phrase>
</title>
<ptxt id="nev11224483n79">
<phrase category="Faulttracing" id="nev12543716n1" phrase-urn="urn:x-nevis:phrase:0800c8af83c1e20c">The forward-aim#@#@#25#nput.</phrase>
<phrase category="Faulttracing" id="nev12543717n1" phrase-urn="urn:x-nevis:phrase:0800c8af83c1e215">The ground inpu#@#@#90#lead.</phrase>
<phrase category="Faulttracing" id="nev11224614n1" phrase-urn="urn:x-nevis:phrase:0800c8af81eb8fbf">See the relevan#@#@#62#inal.</phrase>
</ptxt>
</para>
<list1 enumtype="d" id="nev11224483n73">
<item id="nev11224483n71">
<ptxt id="nev11224483n70">
<phrase category="Faulttracing" id="nev11224615n1" phrase-urn="urn:x-nevis:phrase:0800c8af83119c72">Ground input 1,#@#@#72#body.</phrase>
</ptxt>
</item>
</list1>
<para>
<title>
<phrase category="Title" id="nev11224482n1" phrase-urn="urn:x-nevis:phrase:0800c8af81eb9c91">Checking the gr#@#@#8#minal</phrase>
</title>
<ptxt>
<phrase category="Faulttracing" id="nev11224771n1" phrase-urn="urn:x-nevis:phrase:0800c8af83119d81">Check the groun#@#@#186#tion.</phrase>
<phrase category="Faulttracing" id="nev11224773n1" phrase-urn="urn:x-nevis:phrase:0800c8af83308255">At ignition on,#@#@#130#.5 V.</phrase>
</ptxt>
</para>
<para id="nev11224483n68">
<ptxt id="nev11224483n67">
<phrase category="Faulttracing" id="nev11224775n1" phrase-urn="urn:x-nevis:phrase:0800c8af8317d9e3">Check the groun#@#@#149#tion.</phrase>
<phrase category="Faulttracing" id="nev11224777n1" phrase-urn="urn:x-nevis:phrase:0800c8af8330824b">At ignition on,#@#@#114#.5 V.</phrase>
</ptxt>
</para>
<para>
<ptxt>
<phrase category="Faulttracing" id="nev11224482n3" phrase-urn="urn:x-nevis:phrase:0800c8af81ea4b6b">Remedy as necessary.</phrase>
</ptxt>
</para>
<list1 enumtype="d" type="unordered">
<title>
<phrase category="Title" id="nev11224482n4" phrase-urn="urn:x-nevis:phrase:0800c8af81ea4cd6">Other information</phrase>
</title>
<item id="nev11422430n96">
<ptxt id="nev11422430n95">
<xref id="nev11422430n94">
<ref id="l1132061448271"/>
</xref>
</ptxt>
</item>
<item id="nev11422430n100">
<ptxt id="nev11422430n99">
<xref id="nev11422430n98">
<ref id="l1132061407753"/>
</xref>
</ptxt>
</item>
<item>
<ptxt>
<phrase category="Faulttracing" id="nev11224482n5" phrase-urn="urn:x-nevis:phrase:0800c8af81eb8fa5">See the relevan#@#@#80#work.</phrase>
</ptxt>
</item>
<item id="nev11422412n100">
<ptxt id="nev11422412n99">
<xref id="nev11422412n98">
<ref id="l1132061220477"/>
</xref>
</ptxt>
</item>
</list1>
</test2>
</test1>
<question>
Select Continue.
</question>
<resact-grp>
<result button="cont" comp="button" highlight="0"/>
<action j2008use="1" paperuse="1" screenuse="1">
<return value="DONE"/>
</action>
</resact-grp>
</node>
</testgrp>
</diagnostic>
</servinfosub>