<?xml version="1.0" encoding="UTF-8"?><servinfosub IE-ID="en-US0900c8af87613613" docno="VCC-476057" id="nev21866113n1" original="sv-SE" servinfosubId="nev21866114n1-nev25810577n1" servinfosubRes="0900c8af876bc613" servinfosubRes2="urn:x-nevis:fragment:0900c8af87613613:0900c8af876bc613#nev25810577n1" xml:lang="en-US">
<operationnumbers>
<operationnumber>38130-2</operationnumber>
</operationnumbers>
<title id="nev21866113n2">Driver Informat#@#@#11#(DIM)</title>
<procedure id="nev21866114n1-nev26079501n2">
<stepgrp boilerplate="false" context="" id="nev21866114n1-nev26081045n10">
<title id="nev21866114n1-0800c8af844a46f6">Removal</title>
<procstep id="nev21866114n1-nev26079502n1">
<para id="nev21866114n1-nev26081045n8">
<ptxt id="nev21866114n1-nev26081045n9">Set the vehicle#@#@#36# mode<xref boilerplate="true" id="nev21866114n1-0800c8af865315ac">
<ref id="nev21866114n1-nev26079502n6"/>
</xref>
</ptxt>
</para>
</procstep>
<procstep id="nev21866114n1-nev26079910n95">
<para id="nev21866114n1-nev26081045n6">
<ptxt id="nev21866114n1-nev26081045n7">Remove ventilat#@#@#19# side<xref boilerplate="true" id="nev21866114n1-0800c8af847ea4a7">
<ref id="nev21866114n1-nev26079910n92"/>
</xref>
</ptxt>
</para>
</procstep>
<procstep id="nev21866114n1-nev26079502n7">
<grate id="nev21866114n1-nev26081045n4">
<graphic id="nev21866114n1-nev26081045n5">
<href>0900c8af876b5fc#@#@#9#.jpeg</href>
</graphic>
<graphtext id="nev21866114n1-nev26081144n1">
<para id="nev21866114n1-nev26081045n2">
<ptxt id="nev21866114n1-nev26081045n3">Remove the mark#@#@#3#part.</ptxt>
</para>
</graphtext>
</grate>
</procstep>
<procstep id="nev21866114n1-nev26079503n4">
<grate id="nev21866114n1-nev26081134n100">
<graphic id="nev21866114n1-nev26081045n1">
<href>0900c8af876b5fc#@#@#9#.jpeg</href>
</graphic>
<graphtext id="nev21866114n1-nev26081148n1">
<para id="nev21866114n1-nev26081134n98">
<ptxt id="nev21866114n1-nev26081134n99">Remove the screws.</ptxt>
</para>
</graphtext>
</grate>
</procstep>
<procstep id="nev21866114n1-nev26079504n1">
<grate id="nev21866114n1-nev26081134n96">
<graphic id="nev21866114n1-nev26081134n97">
<href>0900c8af876b5fc#@#@#9#.jpeg</href>
</graphic>
<graphtext id="nev21866114n1-nev26081152n1">
<para id="nev21866114n1-nev26081134n94">
<ptxt id="nev21866114n1-nev26081134n95">Remove the mark#@#@#3#part.</ptxt>
</para>
</graphtext>
</grate>
</procstep>
<procstep id="nev21866114n1-nev26079504n8">
<grate id="nev21866114n1-nev26081134n92">
<graphic id="nev21866114n1-nev26081134n93">
<href>0900c8af876703d#@#@#9#.jpeg</href>
</graphic>
<graphtext id="nev21866114n1-nev26081156n1">
<para id="nev21866114n1-nev26081134n90">
<ptxt id="nev21866114n1-nev26081134n91">Remove the mark#@#@#3#part.</ptxt>
</para>
</graphtext>
</grate>
</procstep>
<procstep id="nev21866114n1-nev26079505n5">
<grate id="nev21866114n1-nev26081134n88">
<graphic id="nev21866114n1-nev26081134n89">
<href>0900c8af876703c#@#@#9#.jpeg</href>
</graphic>
<graphtext id="nev21866114n1-nev26081160n1">
<para id="nev21866114n1-nev26081134n86">
<ptxt id="nev21866114n1-nev26081134n87">Remove the mark#@#@#3#part.</ptxt>
</para>
</graphtext>
</grate>
</procstep>
<procstep id="nev21866114n1-nev26079506n9">
<grate id="nev21866114n1-nev26081134n84">
<graphic id="nev21866114n1-nev26081134n85">
<href>0900c8af876703b#@#@#9#.jpeg</href>
</graphic>
<graphtext id="nev21866114n1-nev26081164n1">
<para id="nev21866114n1-nev26081134n82">
<ptxt id="nev21866114n1-nev26081134n83">Disconnect the #@#@#5#ctor.</ptxt>
</para>
</graphtext>
</grate>
</procstep>
<procstep id="nev21866114n1-nev26079507n6">
<grate id="nev21866114n1-nev26081134n80">
<graphic id="nev21866114n1-nev26081134n81">
<href>0900c8af876703f#@#@#9#.jpeg</href>
</graphic>
<graphtext id="nev21866114n1-nev26081168n1">
<para id="nev21866114n1-nev26081134n78">
<ptxt id="nev21866114n1-nev26081134n79">Remove the screws.</ptxt>
</para>
</graphtext>
</grate>
</procstep>
<procstep id="nev21866114n1-nev26079910n62">
<grate id="nev21866114n1-nev26081134n76">
<graphic id="nev21866114n1-nev26081134n77">
<href>0900c8af876703e#@#@#9#.jpeg</href>
</graphic>
<graphtext id="nev21866114n1-nev26081172n1">
<para id="nev21866114n1-nev26081134n74">
<ptxt id="nev21866114n1-nev26081134n75">Remove the mark#@#@#3#part.</ptxt>
</para>
</graphtext>
</grate>
</procstep>
<procstep id="nev21866114n1-nev26079910n57">
<grate id="nev21866114n1-nev26081134n72">
<graphic id="nev21866114n1-nev26081134n73">
<href>0900c8af876703e#@#@#9#.jpeg</href>
</graphic>
<graphtext id="nev21866114n1-nev26081176n1">
<para id="nev21866114n1-nev26081134n70">
<ptxt id="nev21866114n1-nev26081134n71">Disconnect the #@#@#6#tors.</ptxt>
</para>
</graphtext>
</grate>
</procstep>
<procstep id="nev21866114n1-nev26079910n52">
<grate id="nev21866114n1-nev26081134n68">
<graphic id="nev21866114n1-nev26081134n69">
<href>0900c8af876b618#@#@#9#.jpeg</href>
</graphic>
<graphtext id="nev21866114n1-nev26081180n1">
<para id="nev21866114n1-nev26081134n66">
<ptxt id="nev21866114n1-nev26081134n67">Remove the screws.</ptxt>
</para>
</graphtext>
</grate>
</procstep>
<procstep id="nev21866114n1-nev26079910n47">
<grate id="nev21866114n1-nev26081134n64">
<graphic id="nev21866114n1-nev26081134n65">
<href>0900c8af876b618#@#@#9#.jpeg</href>
</graphic>
<graphtext id="nev21866114n1-nev26081184n1">
<para id="nev21866114n1-nev26081134n62">
<ptxt id="nev21866114n1-nev26081134n63">Remove the mark#@#@#3#part.</ptxt>
</para>
</graphtext>
</grate>
</procstep>
<procstep id="nev21866114n1-nev26079910n42">
<grate id="nev21866114n1-nev26081134n60">
<graphic id="nev21866114n1-nev26081134n61">
<href>0900c8af876b626#@#@#9#.jpeg</href>
</graphic>
<graphtext id="nev21866114n1-nev26081188n1">
<para id="nev21866114n1-nev26081134n58">
<ptxt id="nev21866114n1-nev26081134n59">Remove the screws.</ptxt>
</para>
</graphtext>
</grate>
</procstep>
<procstep id="nev21866114n1-nev26079910n37">
<grate id="nev21866114n1-nev26081134n56">
<graphic id="nev21866114n1-nev26081134n57">
<href>0900c8af876b626#@#@#9#.jpeg</href>
</graphic>
<graphtext id="nev21866114n1-nev26081192n1">
<para id="nev21866114n1-nev26081134n54">
<ptxt id="nev21866114n1-nev26081134n55">Fold marked par#@#@#3#side.</ptxt>
</para>
</graphtext>
</grate>
</procstep>
<procstep id="nev21866114n1-nev26079514n7">
<caution id="nev21866114n1-0800c8af86655dd5">
<ptxt>Take extra care#@#@#30#face.</ptxt>
</caution>
</procstep>
<procstep id="nev21866114n1-nev26079514n10">
<grate id="nev21866114n1-nev26081134n52">
<graphic id="nev21866114n1-nev26081134n53">
<href>0900c8af8723602#@#@#9#.jpeg</href>
</graphic>
<graphtext id="nev21866114n1-nev26081196n1">
<para id="nev21866114n1-nev26081134n50">
<ptxt id="nev21866114n1-nev26081134n51">Remove the screws.</ptxt>
</para>
</graphtext>
</grate>
</procstep>
<procstep id="nev21866114n1-nev26079515n7">
<grate id="nev21866114n1-nev26081134n48">
<graphic id="nev21866114n1-nev26081134n49">
<href>0900c8af8723602#@#@#9#.jpeg</href>
</graphic>
<graphtext id="nev21866114n1-nev26081200n1">
<para id="nev21866114n1-nev26081134n46">
<ptxt id="nev21866114n1-nev26081134n47">Loosen the comp#@#@#29#e it.</ptxt>
</para>
</graphtext>
</grate>
</procstep>
<procstep id="nev21866114n1-nev26079516n4">
<grate id="nev21866114n1-nev26081134n44">
<graphic id="nev21866114n1-nev26081134n45">
<href>0900c8af8723602#@#@#9#.jpeg</href>
</graphic>
<graphtext id="nev21866114n1-nev26081204n1">
<caution id="nev21866114n1-0800c8af853bbcbb">
<ptxt>Observe caution#@#@#24#step.</ptxt>
</caution>
<para id="nev21866114n1-nev26081134n42">
<ptxt id="nev21866114n1-nev26081134n43">Remove the mark#@#@#3#part.</ptxt>
</para>
</graphtext>
</grate>
</procstep>
<procstep id="nev21866114n1-nev26079517n3">
<grate id="nev21866114n1-nev26081134n40">
<graphic id="nev21866114n1-nev26081134n41">
<href>0900c8af8723602#@#@#9#.jpeg</href>
</graphic>
<graphtext id="nev21866114n1-nev26081208n1">
<para id="nev21866114n1-nev26081134n38">
<ptxt id="nev21866114n1-nev26081134n39">Remove the screws.</ptxt>
</para>
<para id="nev21866114n1-nev26081134n36">
<ptxt id="nev21866114n1-nev26081134n37">Remove the mark#@#@#3#part.</ptxt>
</para>
</graphtext>
</grate>
</procstep>
<procstep id="nev21866114n1-nev26079518n3">
<grate id="nev21866114n1-nev26081134n34">
<graphic id="nev21866114n1-nev26081134n35">
<href>0900c8af876bc5f#@#@#9#.jpeg</href>
</graphic>
<graphtext id="nev21866114n1-nev26081212n1">
<para id="nev21866114n1-nev26081134n32">
<ptxt id="nev21866114n1-nev26081134n33">Disconnect the #@#@#5#ctor.</ptxt>
</para>
<para id="nev21866114n1-nev26081134n30">
<ptxt id="nev21866114n1-nev26081134n31">Disconnect the #@#@#6#tors.</ptxt>
</para>
<para id="nev21866114n1-nev26081134n28">
<ptxt id="nev21866114n1-nev26081134n29">Remove the cabl#@#@#11#lips.</ptxt>
</para>
</graphtext>
</grate>
</procstep>
</stepgrp>
<stepgrp boilerplate="false" context="" id="nev21866114n1-nev26081134n27">
<title id="nev21866114n1-0800c8af844a46f9">Installation</title>
<procstep id="nev21866114n1-nev26079519n8">
<para id="nev21866114n1-nev26081134n25">
<ptxt id="nev21866114n1-nev26081134n26">To install, rev#@#@#22#dure.</ptxt>
</para>
</procstep>
<procstep id="nev21866114n1-nev26079520n2">
<note id="nev21866114n1-0800c8af84b963cf">
<ptxt>The following s#@#@#51#nent.</ptxt>
</note>
</procstep>
<procstep id="nev21866114n1-nev26079520n5">
<para id="nev21866114n1-nev26081134n23">
<ptxt id="nev21866114n1-nev26081134n24">Order and downl#@#@#52#anges</ptxt>
</para>
</procstep>
</stepgrp>
</procedure>
</servinfosub>