<?xml version="1.0" encoding="UTF-8"?><diagnostic IE-ID="en-US0900c8af840e6613" docno="VCC-328210" id="nev12813936n1" j2008use="1" layout="0" paperuse="1" screenuse="1" type="test" xml:lang="en-US">
<title>
<phrase category="" id="nev12813936n2" phrase-urn="urn:x-nevis:phrase:0800c8af82722e1c">Verification</phrase>
</title>
<testgrp IE-ID="en-US0900c8af840e6613_nev12813936n3" id="nev12813936n3" j2008use="1" paperuse="1" resumable="1" screenuse="1" testgrp-id="verifnode" x="100" y="80">
<title>
<phrase category="" id="nev12813936n4" phrase-urn="urn:x-nevis:phrase:0800c8af82722e1d">Verification</phrase>
</title>
<node>
<test1>
<hint>
<ptxt>
<phrase category="" id="nev12813936n5" phrase-urn="urn:x-nevis:phrase:0800c8af82722e1e">After repair, i#@#@#52#died.</phrase>
</ptxt>
</hint>
<diaglist>
<dgraphic>
<dgraphic1>
<graphic id="nev12813936n6">
<href>0900c8af80054d5#@#@#9#.jpeg</href>
</graphic>
</dgraphic1>
<dgraphic2>
<graphic id="nev12813936n7">
<href>0900c8af80054d7#@#@#9#.jpeg</href>
</graphic>
</dgraphic2>
</dgraphic>
<ditem>
<ptxt>
<phrase category="" id="nev12813936n8" phrase-urn="urn:x-nevis:phrase:0800c8af82722e1f">Ignition off.</phrase>
</ptxt>
</ditem>
<ditem>
<ptxt>
<phrase category="" id="nev12813936n9" phrase-urn="urn:x-nevis:phrase:0800c8af82722e20">Restore the con#@#@#20# etc.</phrase>
</ptxt>
</ditem>
<ditem>
<ptxt>
<phrase category="" id="nev12813936n10" phrase-urn="urn:x-nevis:phrase:0800c8af82722e21">Ignition on.</phrase>
</ptxt>
</ditem>
</diaglist>
<test2>
<para>
<ptxt>
<phrase category="Faulttracing" id="nev12813937n1" phrase-urn="urn:x-nevis:phrase:0800c8af82a68bde">Check the signa#@#@#62#tion.</phrase>
</ptxt>
</para>
<para id="nev12813937n2">
<ptxt id="nev12813937n3">
<phrase category="Faulttracing" id="nev12813937n4" phrase-urn="urn:x-nevis:phrase:0800c8af82264d9d">Slowly depress #@#@#34#(AP).</phrase>
</ptxt>
</para>
<para id="nev12813937n5">
<ptxt id="nev12813937n6">
<phrase category="Faulttracing" id="nev12813937n7" phrase-urn="urn:x-nevis:phrase:0800c8af82a68be4">Check that the #@#@#30#lost.</phrase>
</ptxt>
</para>
<diaglist>
<dgraphic>
<dgraphic2>
<graphic id="nev12813937n8">
<href>0900c8af86c8681#@#@#9#.jpeg</href>
</graphic>
<smarttool active="press" id="l1190278657344"/>
</dgraphic2>
</dgraphic>
</diaglist>
</test2>
</test1>
<question>
Is the functio#@#@#1# OK?
</question>
<resact-grp>
<result button="yes" comp="button" highlight="0"/>
<action j2008use="1" paperuse="1" screenuse="1">
<return value="VERIFIED"/>
</action>
</resact-grp>
<resact-grp>
<result button="no" comp="button" highlight="0"/>
<action j2008use="1" paperuse="1" screenuse="1">
<return value="VERIFICATION FAILED"/>
</action>
</resact-grp>
</node>
</testgrp>
</diagnostic>