<?xml version="1.0" encoding="UTF-8"?><servinfosub IE-ID="en-US0900c8af84f19613" docno="VCC-415413" id="nev15578028n1" xml:lang="en-US">
<title>
<phrase category="Title" id="nev15578028n2" phrase-urn="urn:x-nevis:phrase:0800c8af81eb9a54">Diagnostic trou#@#@#21#ation</phrase>
<phrase category="Prefix" id="nev15578028n3" phrase-urn="urn:x-nevis:phrase:0800c8af8015c3f5">ECM</phrase>-P246C00</title>
<diagnostic j2008use="1" paperuse="1" screenuse="1" type="condition">
<condgrp>
<condition type="condition">
<grate id="nev15578028n4">
<graphic id="nev15578028n5">
<href>0900c8af817a76f#@#@#9#.jpeg</href>
</graphic>
</grate>
<para>
<ptxt id="nev15578028n6">
<phrase category="Condition" id="nev15578028n7" phrase-urn="urn:x-nevis:phrase:0800c8af8420298f">Engine control #@#@#173#alue.</phrase>
</ptxt>
</para>
<para id="nev15578028n8">
<ptxt id="nev15578028n9">
<phrase category="Condition" id="nev15578028n10" phrase-urn="urn:x-nevis:phrase:0800c8af82c4843c">The diagnostic #@#@#59#that:</phrase>
</ptxt>
</para>
<list1 id="nev15578029n1">
<item id="nev15578029n2">
<ptxt id="nev15578029n3">
<phrase category="Condition" id="nev15578029n4" phrase-urn="urn:x-nevis:phrase:0800c8af844fdccd">The pressure di#@#@#17#reat.</phrase>
</ptxt>
</item>
</list1>
<para id="nev15578029n5">
<ptxt id="nev15578029n6">
<phrase category="Condition" id="nev15578029n7" phrase-urn="urn:x-nevis:phrase:0800c8af82c479d6">The control mod#@#@#67#t of:</phrase>
</ptxt>
</para>
<list1 id="nev15578029n8">
<item id="nev15578029n9">
<ptxt id="nev15578029n10">
<phrase category="Faulttracing" id="nev15578030n1" phrase-urn="urn:x-nevis:phrase:0800c8af81976d4a">Ignition on.</phrase>
</ptxt>
</item>
</list1>
<note id="nev15578030n2">
<ptxt id="nev15578030n3">
<phrase category="Condition" id="nev15578030n4" phrase-urn="urn:x-nevis:phrase:0800c8af82c4844b">The control mod#@#@#132# met.</phrase>
</ptxt>
</note>
</condition>
</condgrp>
<condgrp>
<condition type="substitution">
<list1 enumtype="d" type="unordered">
<item id="nev15578033n100">
<ptxt id="nev15578033n99">
<phrase category="Substitution" id="nev15578034n1" phrase-urn="urn:x-nevis:phrase:0800c8af838f1674">Torque limitation</phrase>
</ptxt>
</item>
<item>
<ptxt>
<phrase category="Substitution" id="nev15578030n5" phrase-urn="urn:x-nevis:phrase:0800c8af825bde2f">No exhaust gas #@#@#23#trol.</phrase>
</ptxt>
</item>
<item id="nev15578030n6">
<ptxt id="nev15578030n7">
<phrase category="Substitution" id="nev15578030n8" phrase-urn="urn:x-nevis:phrase:0800c8af84e4116a">Burning of soot#@#@#14#sing.</phrase>
</ptxt>
</item>
</list1>
</condition>
<ps>
<list1 enumtype="d" type="unordered">
<item id="nev15578030n9">
<ptxt id="nev15578030n10">
<phrase category="Possible source" id="nev15578040n1" phrase-urn="urn:x-nevis:phrase:0800c8af8453db73">Damaged particl#@#@#4#lter.</phrase>
</ptxt>
<hint id="nev15578033n92">
<ptxt id="nev15578033n91">
<phrase category="Possible source" id="nev15578036n1" phrase-urn="urn:x-nevis:phrase:0800c8af84e505a1">Burning of soot#@#@#30#cked.</phrase>
</ptxt>
</hint>
<hint id="nev15578033n90">
<ptxt id="nev15578033n89">
<phrase category="Possible source" id="nev15578037n1" phrase-urn="urn:x-nevis:phrase:0800c8af84e505a8">Increased soot #@#@#81#stem.</phrase>
</ptxt>
</hint>
</item>
<item id="nev15578031n8">
<ptxt id="nev15578031n9">
<phrase category="Possible source" id="nev15578031n10" phrase-urn="urn:x-nevis:phrase:0800c8af842029e2">Damaged pressur#@#@#20#lter.</phrase>
</ptxt>
</item>
</list1>
</ps>
</condgrp>
<condgrp>
<condition type="symptom">
<list1 enumtype="d" type="unordered">
<item>
<ptxt>
<phrase category="Symptom CSC" id="nev15578032n1" phrase-urn="urn:x-nevis:phrase:0800c8af8388f076">DL, Warning lig#@#@#85#ation</phrase>
</ptxt>
</item>
<item id="nev15578033n86">
<ptxt id="nev15578033n85">
<phrase category="Symptom CSC" id="nev15578038n1" phrase-urn="urn:x-nevis:phrase:0800c8af8388f137">IV, Text window#@#@#27#ssage</phrase>
</ptxt>
</item>
<item id="nev15578033n83">
<ptxt id="nev15578033n82">
<phrase category="Symptom CSC" id="nev15578039n1" phrase-urn="urn:x-nevis:phrase:0800c8af8388f019">AJ, Driving/Poo#@#@#20#power</phrase>
</ptxt>
</item>
</list1>
</condition>
</condgrp>
</diagnostic>
</servinfosub>