<?xml version="1.0" encoding="UTF-8"?><servinfosub IE-ID="en-US0900c8af80919613" docno="VCC-108426" id="KC02505704" xml:lang="en-US">
<title>Electrical overview</title>
<grate>
<graphic id="KC08911596">
<href>0900c8af80402de#@#@#9#.jpeg</href>
</graphic>
<graphtext>
<para>
<title>Control module (1)</title>
<ptxt>The control mod#@#@#251#eed.
</ptxt>
<ptxt>The cruise cont#@#@#106#mory.</ptxt>
<ptxt>The control mod#@#@#420#ions.</ptxt>
<ptxt>In addition to #@#@#91#trol.</ptxt>
<ptxt>The control mod#@#@#326#peed.</ptxt>
<ptxt>Another importa#@#@#127#A PC.</ptxt>
<ptxt>In order to ope#@#@#103#ions.</ptxt>
</para>
<para>
<title>Stop (brake) li#@#@#9#h (2)</title>
<ptxt>The stop (brake#@#@#388#stem.</ptxt>
</para>
<para>
<title>Pedal valves (e#@#@#9#) (3)</title>
<ptxt>These are locat#@#@#326#osed.</ptxt>
<ptxt>The pedal valve#@#@#122#rol.
</ptxt>
</para>
<para>
<title>Switch</title>
<ptxt>The switch inco#@#@#4#ates:</ptxt>
</para>
<list1 type="unordered">
<item>
<ptxt>a switch for sw#@#@#24#nd on</ptxt>
</item>
<item>
<ptxt>two buttons to #@#@#35#peed.</ptxt>
</item>
<item>
<ptxt>a sliding switc#@#@#26#peed.</ptxt>
</item>
</list1>
<para>
<title>Vacuum pump and#@#@#9#r (5)</title>
<ptxt>If vehicle spee#@#@#558#eed.
</ptxt>
<ptxt>When extra powe#@#@#290#ervo.</ptxt>
</para>
<para>
<title>Park / neutral #@#@#20#h (6)</title>
<ptxt>The control mod#@#@#142#mory.</ptxt>
</para>
<para>
<title>Vehicle speed s#@#@#6#(VSS)</title>
<ptxt>The cruise cont#@#@#462#anel.</ptxt>
<ptxt>Data from all t#@#@#243#ator.</ptxt>
</para>
</graphtext>
</grate>
</servinfosub>