<?xml version="1.0" encoding="UTF-8"?><script xmlns:nevis="http://www.volvocars.com/namespaces/processing" xmlns:xlink="http://www.w3.org/1999/xlink" IE-ID="en-US0900c8af81cfe613" docno="VCC-234172" id="nev10067339n1" nevis:expl-profile="mdl275yr2004, mdl275yr2003, mdl275yr2005, mdl275yr2006, mdl275yr2007, mdl275yr2008, mdl275yr2009, mdl275yr2010, mdl275yr2011, mdl275yr2012, mdl275yr2013, mdl275yr2014, mdl275yr2015, mdl275yr2016" nevis:profile="urn:x-nevis:profile:0b00c8af80206669 urn:x-nevis:profile:0b00c8af80206671 urn:x-nevis:profile:0b00c8af8117443b urn:x-nevis:profile:0b00c8af822b0968 urn:x-nevis:profile:0b00c8af82e48817 urn:x-nevis:profile:0b00c8af838ba0b2 urn:x-nevis:profile:0b00c8af83f1a29a urn:x-nevis:profile:0b00c8af8414e54b urn:x-nevis:profile:0b00c8af84983e6d urn:x-nevis:profile:0b00c8af84eb8103 urn:x-nevis:profile:0b00c8af851e8289 urn:x-nevis:profile:0b00c8af856303e5 urn:x-nevis:profile:0b00c8af8620fba5 urn:x-nevis:profile:0b00c8af8656e7b9" nevis:projectdocument="urn:x-nevis:projectdocument:0800c8af81cfe612" nevis:resource="0900c8af81cfe6bb" nevis:resource2="urn:x-nevis:fragment:0900c8af81cfe613:0900c8af81cfe6bb#nev10067339n1" nevis:session-id="" qualifierinfotype="14:00" type="" xml:lang="en-US"><title>Read ECU id, MMM</title><content gui="1" height="350" id="nev10067340n1-nev10067339n3" nevis:expl-profile="mdl275yr2004, mdl275yr2003, mdl275yr2005, mdl275yr2006, mdl275yr2007, mdl275yr2008, mdl275yr2009, mdl275yr2010, mdl275yr2011, mdl275yr2012, mdl275yr2013, mdl275yr2014, mdl275yr2015, mdl275yr2016" nevis:idfrom="nev10067340n1" nevis:prefix="nev10067340n1" nevis:profile="urn:x-nevis:profile:0b00c8af80206669 urn:x-nevis:profile:0b00c8af80206671 urn:x-nevis:profile:0b00c8af8117443b urn:x-nevis:profile:0b00c8af822b0968 urn:x-nevis:profile:0b00c8af82e48817 urn:x-nevis:profile:0b00c8af838ba0b2 urn:x-nevis:profile:0b00c8af83f1a29a urn:x-nevis:profile:0b00c8af8414e54b urn:x-nevis:profile:0b00c8af84983e6d urn:x-nevis:profile:0b00c8af84eb8103 urn:x-nevis:profile:0b00c8af851e8289 urn:x-nevis:profile:0b00c8af856303e5 urn:x-nevis:profile:0b00c8af8620fba5 urn:x-nevis:profile:0b00c8af8656e7b9" nevis:resource="0900c8af81cfe6b9" nevis:resource2="urn:x-nevis:fragment:0900c8af81cfe613:0900c8af81cfe6b9#nev10067339n3" width="420" xml:lang="en-US"><nodes id="nev10067340n1-nev10067343n1"><node class="Components.StartNode" id="nev10067340n1-nev10067344n1" nodeid="Start" x="25" y="250"/><node class="Components.ParameterIterator" id="nev10067340n1-nev10067345n1" nodeid="ParameterIterator1" x="532" y="207"><property class="Response" id="nev10067340n1-nev10067346n1" name="Response" type="In" value="" visible="1"/><property class="Response" id="nev10067340n1-nev10067347n1" name="Parameter" type="Out" value="" visible="1"/><extension id="nev10067340n1-nev10067348n1"/></node><node class="Components.ParameterPresenter" id="nev10067340n1-nev10067349n1" nodeid="ParameterPresenter1" x="691" y="193"><property class="Response" id="nev10067340n1-nev10067350n1" name="Parameter" type="In" value="" visible="1"/><property class="String" id="nev10067340n1-nev10067351n1" name="Name" type="Out" value="" visible="1"/><property class="String" id="nev10067340n1-nev10067352n1" name="Value" type="Out" value="" visible="1"/><property class="Int" id="nev10067340n1-nev10067353n1" name="Id" type="Out" value="0" visible="1"/><extension id="nev10067340n1-nev10067354n1"/></node><node class="Components.ListField" id="nev10067340n1-nev10067355n1" nodeid="ListField1" x="870" y="290"><gui height="280" id="nev10067340n1-nev10067356n1" width="400" x="10" y="10"/><property class="String" id="nev10067340n1-nev10067357n1" name="Text" type="Out" value="" visible="1"/><property class="String" id="nev10067340n1-nev10067358n1" name="Tag" type="Out" value="" visible="1"/></node><node class="Components.StringFormat" id="nev10067340n1-nev10067359n1" nodeid="StringFormat1" x="867" y="144"><property class="String" id="nev10067340n1-nev10067360n1" name="String" type="Out" value="" visible="1"/><property class="String" id="nev10067340n1-nev10067361n1" name="Format" type="Internal" value="{0} {1} = {2}" visible="1"/><property class="String" id="nev10067340n1-nev10067362n1" name="0" type="In" value="" visible="1"/><property class="String" id="nev10067340n1-nev10067363n1" name="1" type="In" value="" visible="1"/><property class="String" id="nev10067340n1-nev10067364n1" name="2" type="In" value="" visible="1"/></node><node class="Components.VehComm" id="nev10067340n1-nev10067365n1" nodeid="B9F0" x="360" y="55"><property class="String" id="nev10067340n1-nev10067366n1" name="Mode" type="Internal" value="EcuType" visible="1"/><property class="Int" id="nev10067340n1-nev10067367n1" name="EcuType" type="In" value="393906" visible="0"/><property class="Int" id="nev10067340n1-nev10067368n1" name="ServiceId" type="In" value="2" visible="0"/><property class="String" id="nev10067340n1-nev10067369n1" name="EcuName" type="Out" value="" visible="1"/><property class="Response" id="nev10067340n1-nev10067370n1" name="Result" type="Out" value="" visible="1"/><property class="String" id="nev10067340n1-nev10067371n1" name="Identifier" type="In" value="F0" visible="0"/><extension id="nev10067340n1-nev10067372n1"><insertparam id="nev10067340n1-nev10067373n1" name="Identifier"/></extension></node><node class="Components.VehComm" id="nev10067340n1-nev10067374n1" nodeid="B9F8" x="341" y="392"><property class="String" id="nev10067340n1-nev10067375n1" name="Mode" type="Internal" value="EcuType" visible="1"/><property class="Int" id="nev10067340n1-nev10067376n1" name="EcuType" type="In" value="393906" visible="0"/><property class="Int" id="nev10067340n1-nev10067377n1" name="ServiceId" type="In" value="2" visible="0"/><property class="String" id="nev10067340n1-nev10067378n1" name="EcuName" type="Out" value="" visible="1"/><property class="Response" id="nev10067340n1-nev10067379n1" name="Result" type="Out" value="" visible="1"/><property class="String" id="nev10067340n1-nev10067380n1" name="Identifier" type="In" value="F8" visible="0"/><extension id="nev10067340n1-nev10067381n1"><insertparam id="nev10067340n1-nev10067382n1" name="Identifier"/></extension></node><node class="Components.VehComm" id="nev10067340n1-nev10067383n1" nodeid="B9F5" x="357" y="221"><property class="String" id="nev10067340n1-nev10067384n1" name="Mode" type="Internal" value="EcuType" visible="1"/><property class="Int" id="nev10067340n1-nev10067385n1" name="EcuType" type="In" value="393906" visible="0"/><property class="Int" id="nev10067340n1-nev10067386n1" name="ServiceId" type="In" value="2" visible="0"/><property class="String" id="nev10067340n1-nev10067387n1" name="EcuName" type="Out" value="" visible="1"/><property class="Response" id="nev10067340n1-nev10067388n1" name="Result" type="Out" value="" visible="1"/><property class="String" id="nev10067340n1-nev10067389n1" name="Identifier" type="In" value="F5" visible="0"/><extension id="nev10067340n1-nev10067390n1"><insertparam id="nev10067340n1-nev10067391n1" name="Identifier"/></extension></node><node class="Components.ScriptButton" id="nev10067340n1-nev10067392n1" nodeid="ScriptButton1" x="44" y="564"><gui height="30" id="nev10067340n1-nev10067393n1" width="110" x="300" y="310"/><property class="String" id="nev10067340n1-nev10067394n1" name="Text" type="In" value="" visible="1"/><property class="String" id="nev10067340n1-nev10067395n1" name="StartDisabled" type="Internal" value="false" visible="1"/><extension id="nev10067340n1-nev10067396n1"><phrase category="Faulttracing" id="nev10067340n1-nev10067342n1" phrase-urn="urn:x-nevis:phrase:0800c8af81b6b138">Hide</phrase></extension></node><node class="Components.ScriptComponent" id="nev10067340n1-nev10067397n1" nodeid="ScriptComponent1" x="222" y="591"/></nodes><handlers id="nev10067340n1-nev10067398n1"><eventhandler id="nev10067340n1-nev10067399n1" name="OnEachParameter" node="ParameterIterator1"><call id="nev10067340n1-nev10067400n1" method="Execute" node="ParameterPresenter1"/></eventhandler><eventhandler id="nev10067340n1-nev10067401n1" name="OnReady" node="ParameterPresenter1"><call id="nev10067340n1-nev10067402n1" method="Format" node="StringFormat1"/><call id="nev10067340n1-nev10067403n1" method="AddItem" node="ListField1"><parameter id="nev10067340n1-nev10067404n1" node="StringFormat1" property="String"/><parameter id="nev10067340n1-nev10067405n1" node="ParameterPresenter1" property="Name"/></call></eventhandler><eventhandler id="nev10067340n1-nev10067406n1" name="OnStart" node="Start"><call id="nev10067340n1-nev10067407n1" method="Execute" node="B9F0"/><call id="nev10067340n1-nev10067408n1" method="Execute" node="B9F5"/><call id="nev10067340n1-nev10067409n1" method="Execute" node="B9F8"/></eventhandler><eventhandler id="nev10067340n1-nev10067410n1" name="OnPositiveResponse" node="B9F0"><call id="nev10067340n1-nev10067411n1" method="Execute" node="ParameterIterator1"/></eventhandler><eventhandler id="nev10067340n1-nev10067412n1" name="OnPositiveResponse" node="B9F8"><call id="nev10067340n1-nev10067413n1" method="Execute" node="ParameterIterator1"/></eventhandler><eventhandler id="nev10067340n1-nev10067414n1" name="OnPositiveResponse" node="B9F5"><call id="nev10067340n1-nev10067415n1" method="Execute" node="ParameterIterator1"/></eventhandler><eventhandler id="nev10067340n1-nev10067416n1" name="Click" node="ScriptButton1"><call id="nev10067340n1-nev10067417n1" method="CloseDialog" node="ScriptComponent1"/></eventhandler><propertyhandler id="nev10067340n1-nev10067418n1" name="Parameter" node="ParameterIterator1"><set id="nev10067340n1-nev10067419n1" node="ParameterPresenter1" property="Parameter"/></propertyhandler><propertyhandler id="nev10067340n1-nev10067420n1" name="Name" node="ParameterPresenter1"><set id="nev10067340n1-nev10067421n1" node="StringFormat1" property="1"/></propertyhandler><propertyhandler id="nev10067340n1-nev10067422n1" name="Value" node="ParameterPresenter1"><set id="nev10067340n1-nev10067423n1" node="StringFormat1" property="2"/></propertyhandler><propertyhandler id="nev10067340n1-nev10067424n1" name="Result" node="B9F0"><set id="nev10067340n1-nev10067425n1" node="ParameterIterator1" property="Response"/></propertyhandler><propertyhandler id="nev10067340n1-nev10067426n1" name="EcuName" node="B9F0"><set id="nev10067340n1-nev10067427n1" node="StringFormat1" property="0"/></propertyhandler><propertyhandler id="nev10067340n1-nev10067428n1" name="Result" node="B9F8"><set id="nev10067340n1-nev10067429n1" node="ParameterIterator1" property="Response"/></propertyhandler><propertyhandler id="nev10067340n1-nev10067430n1" name="Result" node="B9F5"><set id="nev10067340n1-nev10067431n1" node="ParameterIterator1" property="Response"/></propertyhandler></handlers></content></script>