<?xml version="1.0" encoding="UTF-8"?><servinfosub IE-ID="en-US0900c8af860c0613" docno="VCC-312471" id="nev12469874n1" xml:lang="en-US">
<title>
<phrase category="Title" id="nev12469874n2" phrase-urn="urn:x-nevis:phrase:0800c8af81eb9a59">Fault-tracing</phrase>
</title>
<diagnostic j2008use="1" layout="0" paperuse="1" screenuse="1" type="test">
<testgrp IE-ID="en-US0900c8af860c0613_nev12469874n3" id="nev12469874n3" j2008use="1" paperuse="1" resumable="1" screenuse="1" testgrp-id="node1" x="80" y="60">
<title>
<phrase category="" id="nev12469874n4" phrase-urn="urn:x-nevis:phrase:0800c8af823e728e">Checking air le#@#@#14#onent</phrase>
</title>
<node>
<test1>
<test2>
<para>
<ptxt>
<phrase category="" id="nev12469874n5" phrase-urn="urn:x-nevis:phrase:0800c8af823e728f">Check the exhau#@#@#21#kage.</phrase>
</ptxt>
</para>
<para>
<ptxt>
<phrase category="Faulttracing" id="nev12469874n6" phrase-urn="urn:x-nevis:phrase:0800c8af8256fc1f">If no air leaka#@#@#78#k 1).</phrase>
</ptxt>
<ptxt id="nev19556455n100">
<phrase category="Faulttracing" id="nev19556456n1" phrase-urn="urn:x-nevis:phrase:0800c8af85f2dc79">Check that the #@#@#54#rter.</phrase>
</ptxt>
</para>
<para>
<ptxt>
<phrase category="Faulttracing" id="nev12469874n7" phrase-urn="urn:x-nevis:phrase:0800c8af8256fc42">If the above tr#@#@#85#k 1).</phrase>
</ptxt>
</para>
<para>
<ptxt>
<phrase category="" id="nev12469874n8" phrase-urn="urn:x-nevis:phrase:0800c8af823e7292">Remedy as necessary.</phrase>
</ptxt>
</para>
<list1 enumtype="d" type="unordered">
<title>
<phrase category="" id="nev12469874n9" phrase-urn="urn:x-nevis:phrase:0800c8af823e7293">Other information:</phrase>
</title>
<item id="nev20140410n100">
<ptxt id="nev20140410n99">
<xref id="nev20140410n98">
<ref id="l1370612044592"/>
</xref>
</ptxt>
</item>
<item>
<ptxt>
<xref id="nev12714442n98">
<ref id="nev12469875n1"/>
</xref>
</ptxt>
</item>
<item>
<ptxt>
<xref id="nev12714442n96">
<ref id="nev12469875n3"/>
</xref>
</ptxt>
</item>
</list1>
<diaglist>
<dgraphic>
<dgraphic1>
<graphic id="nev12469875n4">
<href>0900c8af81d9ad6#@#@#9#.jpeg</href>
</graphic>
</dgraphic1>
</dgraphic>
</diaglist>
</test2>
</test1>
<question id="nev12469875n5">
Select Continue.
</question>
<resact-grp>
<result button="cont" comp="button" highlight="0"/>
<action id="nev12469875n7" j2008use="1" paperuse="0" screenuse="1">
<ptxt id="nev12469875n8">
<xref id="nev12469875n9">
<ref id="nev12469875n10"/>
</xref>
</ptxt>
</action>
</resact-grp>
</node>
</testgrp>
<testgrp id="nev12469876n1" j2008use="1" paperuse="0" resumable="1" screenuse="1" testgrp-id="info1" x="80" y="380">
<title>
<phrase category="" id="nev12469876n2" phrase-urn="urn:x-nevis:phrase:0800c8af823e7298">Fault-tracing i#@#@#5#ation</phrase>
</title>
<subcalloutnode>
<diagcallout>
<xref>
<ref id="nev12469876n3"/>
</xref>
</diagcallout>
<rescall-grp>
<result comp="string" highlight="0" op="eq" return="FAULTTRACING FAILED"/>
<calloutaction>
<return value="FAULTTRACING FAILED"/>
</calloutaction>
</rescall-grp>
<rescall-grp>
<result comp="string" highlight="0" op="eq" return="NEW TRY"/>
<calloutaction>
<ptxt>
<xref>
<ref id="nev12469876n4"/>
</xref>
</ptxt>
</calloutaction>
</rescall-grp>
</subcalloutnode>
</testgrp>
<testgrp id="nev12469876n5" j2008use="1" paperuse="0" resumable="1" screenuse="1" testgrp-id="veria" x="80" y="220">
<title id="nev12469876n6">
<phrase category="Title" id="nev12469876n7" phrase-urn="urn:x-nevis:phrase:0800c8af81eb9dd1">Verification</phrase>
</title>
<subcalloutnode id="nev12469876n8">
<diagcallout id="nev12469876n9">
<xref id="nev12470886n100">
<ref id="l1159518425534"/>
</xref>
</diagcallout>
<rescall-grp id="nev12469877n2">
<result comp="string" highlight="0" id="nev12469877n3" op="eq" return="VERIFICATION FAILED"/>
<calloutaction id="nev12469877n4">
<ptxt id="nev12469877n5">
<xref id="nev12469877n6">
<ref id="nev12469877n7"/>
</xref>
</ptxt>
</calloutaction>
</rescall-grp>
<rescall-grp id="nev12469877n8">
<result comp="string" highlight="0" id="nev12469877n9" op="eq" return="VERIFIED"/>
<calloutaction id="nev12469877n10">
<return id="nev12469878n1" value="FAULT FOUND"/>
</calloutaction>
</rescall-grp>
</subcalloutnode>
</testgrp>
</diagnostic>
</servinfosub>