<?xml version="1.0" encoding="UTF-8"?><servinfosub IE-ID="en-US0900c8af823e7613" docno="VCC-167761" id="KC09021745" xml:lang="en-US">
<title>
<phrase category="" id="KC09651300" phrase-urn="urn:x-nevis:phrase:0800c8af8274b252">Fault tracing</phrase>
</title>
<diagnostic j2008use="1" paperuse="1" screenuse="1" type="test">
<testgrp IE-ID="en-US0900c8af823e7613_KC09056047" id="KC09056047" j2008use="1" paperuse="1" resumable="1" screenuse="1" testgrp-id="node1" x="120" y="80">
<title>
<phrase category="" id="KC09651301" phrase-urn="urn:x-nevis:phrase:0800c8af8274b253">Checking other #@#@#48#(ECM)</phrase>
</title>
<node>
<test1>
<note>
<ptxt>
<phrase category="" id="KC09651302" phrase-urn="urn:x-nevis:phrase:0800c8af8274b254">The quick test #@#@#418#ored.</phrase>
</ptxt>
</note>
<diaglist>
<dgraphic>
<dgraphic1>
<graphic id="KC09651303">
<href>0900c8af80054d5#@#@#9#.jpeg</href>
</graphic>
</dgraphic1>
</dgraphic>
<ditem>
<ptxt>
<phrase category="" id="KC09651304" phrase-urn="urn:x-nevis:phrase:0800c8af8274b255">Ignition on</phrase>
</ptxt>
</ditem>
</diaglist>
<test2>
<para>
<ptxt>
<phrase category="" id="KC09651305" phrase-urn="urn:x-nevis:phrase:0800c8af8274b256">Activate a read#@#@#27#odes.</phrase>
</ptxt>
</para>
<para>
<ptxt>
<phrase category="" id="KC09651306" phrase-urn="urn:x-nevis:phrase:0800c8af8274b257">If any of these#@#@#73#ared.</phrase>
</ptxt>
</para>
<diaglist>
<dgraphic>
<dgraphic2>
<graphic id="KC09651307">
<href>0900c8af86c8681#@#@#9#.jpeg</href>
</graphic>
<smarttool active="press" id="KC09651308" toolname="GECM2002"/>
</dgraphic2>
</dgraphic>
<ditem>
<ditemtext>
<ptxt>
<phrase category="" id="KC09651309" phrase-urn="urn:x-nevis:phrase:0800c8af8274b258"/>
</ptxt>
</ditemtext>
</ditem>
</diaglist>
</test2>
</test1>
<question>
Are any of the#@#@#44#red?
</question>
<resact-grp>
<result button="yes" comp="button" highlight="0"/>
<action j2008use="1" paperuse="0" screenuse="1">
<return value="FAULT NOT FOUND"/>
</action>
</resact-grp>
<resact-grp>
<result button="no" comp="button" highlight="0"/>
<action j2008use="1" paperuse="1" screenuse="1">
<ptxt>
<xref>
<ref id="KC09651311"/>
</xref>
</ptxt>
</action>
</resact-grp>
</node>
</testgrp>
<testgrp id="KC09056048" j2008use="1" paperuse="1" resumable="1" screenuse="1" testgrp-id="node2" x="120" y="240">
<title>
<phrase category="" id="KC09651312" phrase-urn="urn:x-nevis:phrase:0800c8af8274b25a">Checking the status</phrase>
</title>
<node>
<test1>
<diaglist>
<dgraphic>
<dgraphic1>
<graphic id="KC09651313">
<href>0900c8af80054d3#@#@#9#.jpeg</href>
</graphic>
</dgraphic1>
</dgraphic>
<ditem>
<ptxt>
<phrase category="" id="KC09651314" phrase-urn="urn:x-nevis:phrase:0800c8af8274b25b">Engine idling</phrase>
</ptxt>
</ditem>
</diaglist>
<test2>
<para>
<ptxt>
<phrase category="" id="KC09651315" phrase-urn="urn:x-nevis:phrase:0800c8af8274b25d">The status of t#@#@#76#tem. </phrase>
</ptxt>
<ptxt>
<phrase category="" id="KC09651316" phrase-urn="urn:x-nevis:phrase:0800c8af8274b260">If the quick te#@#@#50#nent.</phrase>
</ptxt>
<ptxt>
<phrase category="" id="KC09651317" phrase-urn="urn:x-nevis:phrase:0800c8af8274b261">If the quick te#@#@#62#ent. </phrase>
</ptxt>
</para>
<para>
<ptxt>
<phrase category="" id="KC09651318" phrase-urn="urn:x-nevis:phrase:0800c8af8274b262">Activate the qu#@#@#28#stem.</phrase>
</ptxt>
<ptxt>
<phrase category="" id="KC09651319" phrase-urn="urn:x-nevis:phrase:0800c8af8274b263">Read the batter#@#@#169#tem. </phrase>
</ptxt>
</para>
<note>
<ptxt>
<phrase category="" id="KC09651320" phrase-urn="urn:x-nevis:phrase:0800c8af8274b264">The following c#@#@#89#ctly.</phrase>
</ptxt>
<list1 enumtype="d" type="unordered">
<title>
<phrase category="" id="KC09651321" phrase-urn="urn:x-nevis:phrase:0800c8af8274b267">Conditions for #@#@#42#ystem</phrase>
</title>
<item>
<ptxt>
<phrase category="" id="KC09651322" phrase-urn="urn:x-nevis:phrase:0800c8af8274b1d9">Diagnostic trou#@#@#197#ored.</phrase>
</ptxt>
</item>
<item>
<ptxt>
<phrase category="" id="KC09651323" phrase-urn="urn:x-nevis:phrase:0800c8af8274b1da">Engine idling</phrase>
</ptxt>
</item>
<item>
<ptxt>
<phrase category="" id="KC09651324" phrase-urn="urn:x-nevis:phrase:0800c8af8274b1db">Battery voltage#@#@#12#15 V.</phrase>
</ptxt>
</item>
<item>
<ptxt>
<phrase category="" id="KC09651325" phrase-urn="urn:x-nevis:phrase:0800c8af8274b1dc">The status of t#@#@#55#ing”.</phrase>
</ptxt>
</item>
</list1>
</note>
<note>
<ptxt>
<phrase category="" id="KC09651326" phrase-urn="urn:x-nevis:phrase:0800c8af8274b1dd">The battery vol#@#@#131#tank.</phrase>
</ptxt>
</note>
<para>
<ptxt>
<phrase category="" id="KC09651327" phrase-urn="urn:x-nevis:phrase:0800c8af8274b1de">Start the quick#@#@#99#test.</phrase>
</ptxt>
</para>
<para>
<ptxt>
<phrase category="" id="KC09651328" phrase-urn="urn:x-nevis:phrase:0800c8af8274b1df">Check that the #@#@#135#rted.</phrase>
</ptxt>
<ptxt>
<phrase category="" id="KC09651329" phrase-urn="urn:x-nevis:phrase:0800c8af8274b1e0">Wait until the #@#@#152#ted".</phrase>
</ptxt>
<ptxt>
<phrase category="" id="KC09651330" phrase-urn="urn:x-nevis:phrase:0800c8af8274b1e1">If the quick te#@#@#119#ted".</phrase>
</ptxt>
<ptxt>
<phrase category="" id="KC09651331" phrase-urn="urn:x-nevis:phrase:0800c8af8274b1e2">If the quick te#@#@#159#eak. </phrase>
</ptxt>
</para>
<hint>
<ptxt>
<phrase category="" id="KC09651332" phrase-urn="urn:x-nevis:phrase:0800c8af8274b1e3">Even if the res#@#@#291#ECM).</phrase>
</ptxt>
</hint>
<list1 enumtype="d" type="unordered">
<title>
<phrase category="" id="KC09651333" phrase-urn="urn:x-nevis:phrase:0800c8af8274b1e4">Other information</phrase>
</title>
<item>
<ptxt>
<phrase category="" id="KC09651334" phrase-urn="urn:x-nevis:phrase:0800c8af8274b1e5">For information#@#@#42#tion.</phrase>
</ptxt>
</item>
<item>
<ptxt>
<phrase category="" id="KC09651335" phrase-urn="urn:x-nevis:phrase:0800c8af8274b1e6">
<xref>
<ref id="KC09651336"/>
</xref>
</phrase>
</ptxt>
</item>
<item>
<ptxt>
<phrase category="" id="KC09651337" phrase-urn="urn:x-nevis:phrase:0800c8af8274b1e7">
<xref>
<ref id="KC09651338"/>
</xref>
</phrase>
</ptxt>
</item>
</list1>
<list1 enumtype="n" type="ordered">
<title>
<phrase category="" id="KC09651339" phrase-urn="urn:x-nevis:phrase:0800c8af8274b1e8">Select an alter#@#@#39#plete</phrase>
</title>
<item>
<ptxt>
<phrase category="" id="KC09651340" phrase-urn="urn:x-nevis:phrase:0800c8af8274b1e9">The test result#@#@#75#ted".</phrase>
</ptxt>
</item>
<item>
<ptxt>
<phrase category="" id="KC09651341" phrase-urn="urn:x-nevis:phrase:0800c8af8274b1ea">The test result#@#@#85#eak".</phrase>
</ptxt>
</item>
<item>
<ptxt>
<phrase category="" id="KC09651342" phrase-urn="urn:x-nevis:phrase:0800c8af8274b1eb">Leakage diagnos#@#@#129#ted".</phrase>
</ptxt>
</item>
</list1>
<diaglist>
<dgraphic>
<dgraphic2>
<graphic id="KC09651343">
<href>0900c8af86c8681#@#@#9#.jpeg</href>
</graphic>
<smarttool active="press" id="KC09651344" toolname="GECM2054"/>
</dgraphic2>
</dgraphic>
<ditem>
<ditemtext>
<ptxt>
<phrase category="" id="KC09651345" phrase-urn="urn:x-nevis:phrase:0800c8af8274b1ec"/>
</ptxt>
</ditemtext>
</ditem>
</diaglist>
</test2>
</test1>
<question>
Select an alte#@#@#16#ove.
</question>
<resact-grp>
<result button="text" comp="button" highlight="0" text="1"/>
<action j2008use="1" paperuse="1" screenuse="1">
<ptxt>
<xref>
<ref id="KC09651347"/>
</xref>
</ptxt>
</action>
</resact-grp>
<resact-grp>
<result button="text" comp="button" highlight="0" text="2"/>
<action j2008use="1" paperuse="1" screenuse="1">
<ptxt>
<xref>
<ref id="KC09651348"/>
</xref>
</ptxt>
</action>
</resact-grp>
<resact-grp>
<result button="text" comp="button" highlight="0" text="3"/>
<action j2008use="1" paperuse="1" screenuse="1">
<ptxt>
<xref>
<ref id="KC09651349"/>
</xref>
</ptxt>
</action>
</resact-grp>
</node>
</testgrp>
<testgrp id="KC09056049" j2008use="1" paperuse="1" resumable="1" screenuse="1" testgrp-id="node3" x="120" y="320">
<title>
<phrase category="" id="KC09651350" phrase-urn="urn:x-nevis:phrase:0800c8af8274b1ee">Checking components</phrase>
</title>
<node>
<test1>
<test2>
<para>
<ptxt>
<phrase category="" id="KC09651351" phrase-urn="urn:x-nevis:phrase:0800c8af8274b1f1">Check that the #@#@#54#aged.</phrase>
</ptxt>
<ptxt>
<phrase category="" id="KC09651352" phrase-urn="urn:x-nevis:phrase:0800c8af8274b1f2">Visually check #@#@#118#tion.</phrase>
</ptxt>
</para>
<hint>
<ptxt>
<phrase category="" id="KC09651353" phrase-urn="urn:x-nevis:phrase:0800c8af8274b1f3">A fault caused #@#@#266#died.</phrase>
</ptxt>
</hint>
<para>
<ptxt>
<phrase category="" id="KC09651354" phrase-urn="urn:x-nevis:phrase:0800c8af8274b1f6">Remedy as necessary.</phrase>
</ptxt>
</para>
<list1 enumtype="d" type="unordered">
<title>
<phrase category="" id="KC09651355" phrase-urn="urn:x-nevis:phrase:0800c8af8274b1f9">Other information</phrase>
</title>
<item>
<ptxt>
<phrase category="" id="KC09651356" phrase-urn="urn:x-nevis:phrase:0800c8af8274b1fa">To apply test p#@#@#99#ble. </phrase>
</ptxt>
</item>
<list2 enumtype="d" type="unordered">
<item>
<ptxt>
<phrase category="" id="KC09651357" phrase-urn="urn:x-nevis:phrase:0800c8af8274b1fb">
<xref>
<ref id="KC09651358"/>
</xref>
</phrase>
</ptxt>
</item>
<item>
<ptxt>
<phrase category="" id="KC09651359" phrase-urn="urn:x-nevis:phrase:0800c8af8274b1fc">
<xref>
<ref id="KC09651360"/>
</xref>
</phrase>
</ptxt>
</item>
</list2>
</list1>
<diaglist>
<dgraphic>
<dgraphic2>
<graphic id="KC09651361">
<href>0900c8af86c8681#@#@#9#.jpeg</href>
</graphic>
<smarttool active="press" id="KC09651362" toolname="GECM2054"/>
</dgraphic2>
</dgraphic>
<ditem>
<ditemtext>
<ptxt>
<phrase category="" id="KC09651363" phrase-urn="urn:x-nevis:phrase:0800c8af8274b1fd"/>
</ptxt>
</ditemtext>
</ditem>
</diaglist>
</test2>
</test1>
<question>
Select Continu#@#@#49#em. 
</question>
<resact-grp>
<result button="cont" comp="button" highlight="0"/>
<action j2008use="1" paperuse="1" screenuse="1">
<ptxt>
<xref>
<ref id="KC09651365"/>
</xref>
</ptxt>
</action>
</resact-grp>
</node>
</testgrp>
<testgrp id="KC09056050" j2008use="1" paperuse="1" resumable="1" screenuse="1" testgrp-id="node3a" x="120" y="240">
<title>
<phrase category="" id="KC09651366" phrase-urn="urn:x-nevis:phrase:0800c8af8274b1ff">Activating the #@#@#29#ystem</phrase>
</title>
<node>
<test1>
<hint>
<ptxt>
<phrase category="" id="KC09651367" phrase-urn="urn:x-nevis:phrase:0800c8af8274b200">If the quick te#@#@#109#died.</phrase>
</ptxt>
</hint>
<diaglist>
<dgraphic>
<dgraphic1>
<graphic id="KC09651368">
<href>0900c8af80054d3#@#@#9#.jpeg</href>
</graphic>
</dgraphic1>
</dgraphic>
<ditem>
<ptxt>
<phrase category="" id="KC09651369" phrase-urn="urn:x-nevis:phrase:0800c8af8274b201">Engine idling</phrase>
</ptxt>
</ditem>
</diaglist>
<test2>
<para>
<ptxt>
<phrase category="" id="KC09651370" phrase-urn="urn:x-nevis:phrase:0800c8af8274b202">Activate the qu#@#@#28#stem.</phrase>
</ptxt>
<ptxt>
<phrase category="" id="KC09651371" phrase-urn="urn:x-nevis:phrase:0800c8af8274b204">Read the batter#@#@#169#tem. </phrase>
</ptxt>
</para>
<note>
<ptxt>
<phrase category="" id="KC09651372" phrase-urn="urn:x-nevis:phrase:0800c8af8274b206">The following c#@#@#89#ctly.</phrase>
</ptxt>
<list1 enumtype="d" type="unordered">
<title>
<phrase category="" id="KC09651373" phrase-urn="urn:x-nevis:phrase:0800c8af8274b20a">Conditions for #@#@#42#ystem</phrase>
</title>
<item>
<ptxt>
<phrase category="" id="KC09651374" phrase-urn="urn:x-nevis:phrase:0800c8af8274b20c">Diagnostic trou#@#@#197#ored.</phrase>
</ptxt>
</item>
<item>
<ptxt>
<phrase category="" id="KC09651375" phrase-urn="urn:x-nevis:phrase:0800c8af8274b20d">Engine idling</phrase>
</ptxt>
</item>
<item>
<ptxt>
<phrase category="" id="KC09651376" phrase-urn="urn:x-nevis:phrase:0800c8af8274b20e">Battery voltage#@#@#12#15 V.</phrase>
</ptxt>
</item>
<item>
<ptxt>
<phrase category="" id="KC09651377" phrase-urn="urn:x-nevis:phrase:0800c8af8274b20f">The status of t#@#@#55#ing”.</phrase>
</ptxt>
</item>
</list1>
</note>
<note>
<ptxt>
<phrase category="" id="KC09651378" phrase-urn="urn:x-nevis:phrase:0800c8af8274b210">The battery vol#@#@#131#tank.</phrase>
</ptxt>
</note>
<para>
<ptxt>
<phrase category="" id="KC09651379" phrase-urn="urn:x-nevis:phrase:0800c8af8274b211">Start the quick#@#@#99#test.</phrase>
</ptxt>
</para>
<para>
<ptxt>
<phrase category="" id="KC09651380" phrase-urn="urn:x-nevis:phrase:0800c8af8274b212">Check that the #@#@#135#rted.</phrase>
</ptxt>
<ptxt>
<phrase category="" id="KC09651381" phrase-urn="urn:x-nevis:phrase:0800c8af8274b213">Wait until the #@#@#152#ted".</phrase>
</ptxt>
<ptxt>
<phrase category="" id="KC09651382" phrase-urn="urn:x-nevis:phrase:0800c8af8274b214">If the quick te#@#@#119#ted".</phrase>
</ptxt>
<ptxt>
<phrase category="" id="KC09651383" phrase-urn="urn:x-nevis:phrase:0800c8af8274b215">If the quick te#@#@#159#eak. </phrase>
</ptxt>
</para>
<hint>
<ptxt>
<phrase category="" id="KC09651384" phrase-urn="urn:x-nevis:phrase:0800c8af8274b216">Even if the res#@#@#291#ECM).</phrase>
</ptxt>
</hint>
<list1 enumtype="d" type="unordered">
<title>
<phrase category="" id="KC09651385" phrase-urn="urn:x-nevis:phrase:0800c8af8274b217">Other information</phrase>
</title>
<item>
<ptxt>
<phrase category="" id="KC09651386" phrase-urn="urn:x-nevis:phrase:0800c8af8274b218">For information#@#@#42#tion.</phrase>
</ptxt>
</item>
<item>
<ptxt>
<phrase category="" id="KC09651387" phrase-urn="urn:x-nevis:phrase:0800c8af8274b219">
<xref>
<ref id="KC09651388"/>
</xref>
</phrase>
</ptxt>
</item>
<item>
<ptxt>
<phrase category="" id="KC09651389" phrase-urn="urn:x-nevis:phrase:0800c8af8274b21a">
<xref>
<ref id="KC09651390"/>
</xref>
</phrase>
</ptxt>
</item>
</list1>
<list1 enumtype="n" type="ordered">
<title>
<phrase category="" id="KC09651391" phrase-urn="urn:x-nevis:phrase:0800c8af8274b21b">Select an alter#@#@#39#plete</phrase>
</title>
<item>
<ptxt>
<phrase category="" id="KC09651392" phrase-urn="urn:x-nevis:phrase:0800c8af8274b21c">The test result#@#@#75#ted".</phrase>
</ptxt>
</item>
<item>
<ptxt>
<phrase category="" id="KC09651393" phrase-urn="urn:x-nevis:phrase:0800c8af8274b21d">The test result#@#@#85#eak".</phrase>
</ptxt>
</item>
<item>
<ptxt>
<phrase category="" id="KC09651394" phrase-urn="urn:x-nevis:phrase:0800c8af8274b21e">Leakage diagnos#@#@#129#ted".</phrase>
</ptxt>
</item>
</list1>
<diaglist>
<dgraphic>
<dgraphic2>
<graphic id="KC09651395">
<href>0900c8af86c8681#@#@#9#.jpeg</href>
</graphic>
<smarttool active="press" id="KC09651396" toolname="GECM2054"/>
</dgraphic2>
</dgraphic>
<ditem>
<ditemtext>
<ptxt>
<phrase category="" id="KC09651397" phrase-urn="urn:x-nevis:phrase:0800c8af8274b21f"/>
</ptxt>
</ditemtext>
</ditem>
</diaglist>
</test2>
</test1>
<question>
Select an alte#@#@#16#ove.
</question>
<resact-grp>
<result button="text" comp="button" highlight="0" text="1"/>
<action j2008use="1" paperuse="1" screenuse="1">
<return value="FAULT FOUND"/>
</action>
</resact-grp>
<resact-grp>
<result button="text" comp="button" highlight="0" text="2"/>
<action j2008use="1" paperuse="1" screenuse="1">
<ptxt>
<xref>
<ref id="KC09651399"/>
</xref>
</ptxt>
</action>
</resact-grp>
<resact-grp>
<result button="text" comp="button" highlight="0" text="3"/>
<action j2008use="1" paperuse="1" screenuse="1">
<ptxt>
<xref>
<ref id="KC09651400"/>
</xref>
</ptxt>
</action>
</resact-grp>
</node>
</testgrp>
<testgrp id="KC09056051" j2008use="1" paperuse="1" resumable="1" screenuse="1" testgrp-id="node41" x="120" y="400">
<title>
<phrase category="" id="KC09651401" phrase-urn="urn:x-nevis:phrase:0800c8af8274b221">Checking the EV#@#@#3#valve</phrase>
</title>
<node>
<test1>
<test2>
<hint>
<ptxt>
<phrase category="" id="KC09651402" phrase-urn="urn:x-nevis:phrase:0800c8af8274b222">Leakage through#@#@#306#alve.</phrase>
</ptxt>
</hint>
<para>
<ptxt>
<phrase category="" id="KC09651403" phrase-urn="urn:x-nevis:phrase:0800c8af8274b223">Detach the hose#@#@#137#tem. </phrase>
</ptxt>
</para>
<list1 enumtype="d" type="unordered">
<title>
<phrase category="" id="KC09651404" phrase-urn="urn:x-nevis:phrase:0800c8af8274b224">Other information</phrase>
</title>
<item>
<ptxt>
<phrase category="" id="KC09651405" phrase-urn="urn:x-nevis:phrase:0800c8af8274b225">
<xref>
<ref id="KC09651406"/>
</xref>
</phrase>
</ptxt>
</item>
</list1>
<grate>
<graphic id="KC09651407">
<href>0900c8af8005d10#@#@#9#.jpeg</href>
</graphic>
</grate>
</test2>
</test1>
<question>
Select Continu#@#@#30#lve.
</question>
<resact-grp>
<result button="cont" comp="button" highlight="0"/>
<action j2008use="1" paperuse="1" screenuse="1">
<ptxt>
<xref>
<ref id="KC09651409"/>
</xref>
</ptxt>
</action>
</resact-grp>
</node>
</testgrp>
<testgrp id="KC09056052" j2008use="1" paperuse="1" resumable="1" screenuse="1" testgrp-id="node42" x="120" y="400">
<title>
<phrase category="" id="KC09651410" phrase-urn="urn:x-nevis:phrase:0800c8af8274b227">Checking the EV#@#@#3#valve</phrase>
</title>
<node>
<test1>
<diaglist>
<dgraphic>
<dgraphic1>
<graphic id="KC09651411">
<href>0900c8af80054d3#@#@#9#.jpeg</href>
</graphic>
</dgraphic1>
</dgraphic>
<ditem>
<ptxt>
<phrase category="" id="KC09651412" phrase-urn="urn:x-nevis:phrase:0800c8af8274b228">The status of t#@#@#185#alve.</phrase>
</ptxt>
<ptxt>
<phrase category="" id="KC09651413" phrase-urn="urn:x-nevis:phrase:0800c8af8274b229">If an EVAP valv#@#@#57#nent.</phrase>
</ptxt>
</ditem>
<ditem>
<ptxt>
<phrase category="" id="KC09651414" phrase-urn="urn:x-nevis:phrase:0800c8af8274b22a">Allow the engin#@#@#32#test.</phrase>
</ptxt>
</ditem>
</diaglist>
<test2>
<para>
<ptxt>
<phrase category="" id="KC09651415" phrase-urn="urn:x-nevis:phrase:0800c8af8274b22b">Activate the qu#@#@#61#lete.</phrase>
</ptxt>
</para>
<para>
<ptxt>
<phrase category="" id="KC09651416" phrase-urn="urn:x-nevis:phrase:0800c8af8274b22c">If the result i#@#@#186#ment.</phrase>
</ptxt>
<ptxt>
<phrase category="" id="KC09651417" phrase-urn="urn:x-nevis:phrase:0800c8af8274b22d">If the result i#@#@#146#ing. </phrase>
</ptxt>
</para>
<para>
<ptxt>
<phrase category="" id="KC09651418" phrase-urn="urn:x-nevis:phrase:0800c8af8274b22e">Remedy as necessary.</phrase>
</ptxt>
</para>
<list1 enumtype="d" type="unordered">
<title>
<phrase category="" id="KC09651419" phrase-urn="urn:x-nevis:phrase:0800c8af8274b22f">Other information</phrase>
</title>
<item>
<ptxt>
<phrase category="" id="KC09651420" phrase-urn="urn:x-nevis:phrase:0800c8af8274b230">
<xref>
<ref id="KC09651421"/>
</xref>
</phrase>
</ptxt>
</item>
</list1>
<diaglist>
<dgraphic>
<dgraphic2>
<graphic id="KC09651422">
<href>0900c8af86c8681#@#@#9#.jpeg</href>
</graphic>
<smarttool active="press" id="KC09651423" toolname="GECM2018"/>
</dgraphic2>
</dgraphic>
<ditem>
<ditemtext>
<ptxt>
<phrase category="" id="KC09651424" phrase-urn="urn:x-nevis:phrase:0800c8af8274b231"/>
</ptxt>
</ditemtext>
</ditem>
</diaglist>
<grate>
<graphic id="KC09651425">
<href>0900c8af8005d10#@#@#9#.jpeg</href>
</graphic>
</grate>
</test2>
</test1>
<question>
Select Continue.
</question>
<resact-grp>
<result button="cont" comp="button" highlight="0"/>
<action j2008use="1" paperuse="1" screenuse="1">
<ptxt>
<xref>
<ref id="KC09651427"/>
</xref>
</ptxt>
</action>
</resact-grp>
</node>
</testgrp>
<testgrp id="KC09056053" j2008use="1" paperuse="1" resumable="1" screenuse="1" testgrp-id="node4a" x="120" y="240">
<title>
<phrase category="" id="KC09651428" phrase-urn="urn:x-nevis:phrase:0800c8af8274b233">Activating the #@#@#29#ystem</phrase>
</title>
<node>
<hint>
<ptxt>
<phrase category="" id="KC09651429" phrase-urn="urn:x-nevis:phrase:0800c8af8274b234">If the quick te#@#@#147#alve.</phrase>
</ptxt>
</hint>
<test1>
<diaglist>
<dgraphic>
<dgraphic1>
<graphic id="KC09651430">
<href>0900c8af80054d3#@#@#9#.jpeg</href>
</graphic>
</dgraphic1>
</dgraphic>
<ditem>
<ptxt>
<phrase category="" id="KC09651431" phrase-urn="urn:x-nevis:phrase:0800c8af8274b235">Engine idling</phrase>
</ptxt>
</ditem>
</diaglist>
<test2>
<para>
<ptxt>
<phrase category="" id="KC09651432" phrase-urn="urn:x-nevis:phrase:0800c8af8274b236">Activate the qu#@#@#28#stem.</phrase>
</ptxt>
<ptxt>
<phrase category="" id="KC09651433" phrase-urn="urn:x-nevis:phrase:0800c8af8274b237">Read the batter#@#@#169#tem. </phrase>
</ptxt>
</para>
<note>
<ptxt>
<phrase category="" id="KC09651434" phrase-urn="urn:x-nevis:phrase:0800c8af8274b238">The following c#@#@#89#ctly.</phrase>
</ptxt>
<list1 enumtype="d" type="unordered">
<title>
<phrase category="" id="KC09651435" phrase-urn="urn:x-nevis:phrase:0800c8af8274b23a">Conditions for #@#@#42#ystem</phrase>
</title>
<item>
<ptxt>
<phrase category="" id="KC09651436" phrase-urn="urn:x-nevis:phrase:0800c8af8274b23b">Diagnostic trou#@#@#197#ored.</phrase>
</ptxt>
</item>
<item>
<ptxt>
<phrase category="" id="KC09651437" phrase-urn="urn:x-nevis:phrase:0800c8af8274b23c">Engine idling</phrase>
</ptxt>
</item>
<item>
<ptxt>
<phrase category="" id="KC09651438" phrase-urn="urn:x-nevis:phrase:0800c8af8274b23d">Battery voltage#@#@#12#15 V.</phrase>
</ptxt>
</item>
<item>
<ptxt>
<phrase category="" id="KC09651439" phrase-urn="urn:x-nevis:phrase:0800c8af8274b23e">The status of t#@#@#55#ing”.</phrase>
</ptxt>
</item>
</list1>
</note>
<note>
<ptxt>
<phrase category="" id="KC09651440" phrase-urn="urn:x-nevis:phrase:0800c8af8274b23f">The battery vol#@#@#131#tank.</phrase>
</ptxt>
</note>
<para>
<ptxt>
<phrase category="" id="KC09651441" phrase-urn="urn:x-nevis:phrase:0800c8af8274b240">Start the quick#@#@#99#test.</phrase>
</ptxt>
</para>
<para>
<ptxt>
<phrase category="" id="KC09651442" phrase-urn="urn:x-nevis:phrase:0800c8af8274b241">Check that the #@#@#135#rted.</phrase>
</ptxt>
<ptxt>
<phrase category="" id="KC09651443" phrase-urn="urn:x-nevis:phrase:0800c8af8274b242">Wait until the #@#@#152#ted".</phrase>
</ptxt>
<ptxt>
<phrase category="" id="KC09651444" phrase-urn="urn:x-nevis:phrase:0800c8af8274b243">If the quick te#@#@#119#ted".</phrase>
</ptxt>
<ptxt>
<phrase category="" id="KC09651445" phrase-urn="urn:x-nevis:phrase:0800c8af8274b244">If the quick te#@#@#159#eak. </phrase>
</ptxt>
</para>
<hint>
<ptxt>
<phrase category="" id="KC09651446" phrase-urn="urn:x-nevis:phrase:0800c8af8274b245">Even if the res#@#@#291#ECM).</phrase>
</ptxt>
</hint>
<list1 enumtype="d" type="unordered">
<title>
<phrase category="" id="KC09651447" phrase-urn="urn:x-nevis:phrase:0800c8af8274b246">Other information</phrase>
</title>
<item>
<ptxt>
<phrase category="" id="KC09651448" phrase-urn="urn:x-nevis:phrase:0800c8af8274b247">For information#@#@#42#tion.</phrase>
</ptxt>
</item>
<item>
<ptxt>
<phrase category="" id="KC09651449" phrase-urn="urn:x-nevis:phrase:0800c8af8274b248">
<xref>
<ref id="KC09651450"/>
</xref>
</phrase>
</ptxt>
</item>
<item>
<ptxt>
<phrase category="" id="KC09651451" phrase-urn="urn:x-nevis:phrase:0800c8af8274b249">
<xref>
<ref id="KC09651452"/>
</xref>
</phrase>
</ptxt>
</item>
</list1>
<list1 enumtype="n" type="ordered">
<title>
<phrase category="" id="KC09651453" phrase-urn="urn:x-nevis:phrase:0800c8af8274b24a">Select an alter#@#@#39#plete</phrase>
</title>
<item>
<ptxt>
<phrase category="" id="KC09651454" phrase-urn="urn:x-nevis:phrase:0800c8af8274b24b">The test result#@#@#75#ted".</phrase>
</ptxt>
</item>
<item>
<ptxt>
<phrase category="" id="KC09651455" phrase-urn="urn:x-nevis:phrase:0800c8af8274b24c">The test result#@#@#85#eak".</phrase>
</ptxt>
</item>
<item>
<ptxt>
<phrase category="" id="KC09651456" phrase-urn="urn:x-nevis:phrase:0800c8af8274b24d">Leakage diagnos#@#@#129#ted".</phrase>
</ptxt>
</item>
</list1>
<diaglist>
<dgraphic>
<dgraphic2>
<graphic id="KC09651457">
<href>0900c8af86c8681#@#@#9#.jpeg</href>
</graphic>
<smarttool active="press" id="KC09651458" toolname="GECM2054"/>
</dgraphic2>
</dgraphic>
<ditem>
<ditemtext>
<ptxt>
<phrase category="" id="KC09651459" phrase-urn="urn:x-nevis:phrase:0800c8af8274b24e"/>
</ptxt>
</ditemtext>
</ditem>
</diaglist>
</test2>
</test1>
<question>
Select an alte#@#@#16#ove.
</question>
<resact-grp>
<result button="text" comp="button" highlight="0" text="1"/>
<action j2008use="1" paperuse="1" screenuse="1">
<ptxt>
<xref>
<ref id="KC09651461"/>
</xref>
</ptxt>
</action>
</resact-grp>
<resact-grp>
<result button="text" comp="button" highlight="0" text="2"/>
<action j2008use="1" paperuse="1" screenuse="1">
<ptxt>
<xref>
<ref id="KC09651462"/>
</xref>
</ptxt>
</action>
</resact-grp>
<resact-grp>
<result button="text" comp="button" highlight="0" text="3"/>
<action j2008use="1" paperuse="1" screenuse="1">
<ptxt>
<xref>
<ref id="KC09651463"/>
</xref>
</ptxt>
</action>
</resact-grp>
</node>
</testgrp>
<testgrp id="KC09056054" j2008use="1" paperuse="1" resumable="1" screenuse="1" testgrp-id="node4b" x="120" y="640">
<title>
<phrase category="" id="KC09651464" phrase-urn="urn:x-nevis:phrase:0800c8af8274b250">Replacing the c#@#@#3#onent</phrase>
</title>
<node>
<test1>
<test2>
<para>
<ptxt>
<phrase category="" id="KC09651465" phrase-urn="urn:x-nevis:phrase:0800c8af8274b251">Try a new EVAP #@#@#1#alve.</phrase>
</ptxt>
</para>
<list1 enumtype="d" type="unordered">
<title>
<phrase category="" id="KC09651466" phrase-urn="urn:x-nevis:phrase:0800c8af8274b176">Other information</phrase>
</title>
<item>
<ptxt>
<phrase category="" id="KC09651467" phrase-urn="urn:x-nevis:phrase:0800c8af8274b177">
<xref>
<ref id="KC09651468"/>
</xref>
</phrase>
</ptxt>
</item>
</list1>
<grate>
<graphic id="KC09651469">
<href>0900c8af8005d10#@#@#9#.jpeg</href>
</graphic>
</grate>
</test2>
</test1>
<question>
Select Continue.
</question>
<resact-grp>
<result button="cont" comp="button" highlight="0"/>
<action j2008use="1" paperuse="0" screenuse="1">
<ptxt>
<xref>
<ref id="KC09651471"/>
</xref>
</ptxt>
</action>
</resact-grp>
</node>
</testgrp>
<testgrp id="KC09056055" j2008use="1" paperuse="1" resumable="1" screenuse="1" testgrp-id="node5" x="120" y="480">
<title>
<phrase category="" id="KC09651472" phrase-urn="urn:x-nevis:phrase:0800c8af8274b179">Checking the fu#@#@#9#ystem</phrase>
</title>
<node>
<test1>
<test2>
<para>
<ptxt>
<phrase category="" id="KC09651473" phrase-urn="urn:x-nevis:phrase:0800c8af8274b17a">Two methods can#@#@#35#tem: </phrase>
</ptxt>
</para>
<list1 enumtype="n">
<item>
<ptxt>
<phrase category="" id="KC09651474" phrase-urn="urn:x-nevis:phrase:0800c8af8274b17b">Checking the fu#@#@#46#ed). </phrase>
</ptxt>
</item>
<item>
<ptxt>
<phrase category="" id="KC09651475" phrase-urn="urn:x-nevis:phrase:0800c8af8274b17c">Checking the fu#@#@#49#ater.</phrase>
</ptxt>
</item>
</list1>
<para>
<ptxt>
<phrase category="" id="KC09651476" phrase-urn="urn:x-nevis:phrase:0800c8af8274b17d">If no smoke equ#@#@#100#ove).</phrase>
</ptxt>
</para>
</test2>
</test1>
<question>
Select an alte#@#@#16#ove.
</question>
<resact-grp>
<result button="text" comp="button" highlight="0" text="1"/>
<action j2008use="1" paperuse="1" screenuse="1">
<ptxt>
<xref>
<ref id="KC09651478"/>
</xref>
</ptxt>
</action>
</resact-grp>
<resact-grp>
<result button="text" comp="button" highlight="0" text="2"/>
<action j2008use="1" paperuse="1" screenuse="1">
<ptxt>
<xref>
<ref id="KC09651479"/>
</xref>
</ptxt>
</action>
</resact-grp>
</node>
</testgrp>
<testgrp id="KC09056056" j2008use="1" paperuse="1" resumable="1" screenuse="1" testgrp-id="node5a" x="120" y="640">
<title>
<phrase category="" id="KC09651480" phrase-urn="urn:x-nevis:phrase:0800c8af8274b17f"> Checking the f#@#@#32#ment.</phrase>
</title>
<node>
<test1>
<test2>
<para>
<ptxt>
<phrase category="" id="KC09651481" phrase-urn="urn:x-nevis:phrase:0800c8af8274b180">Use smoke equip#@#@#17#leak.</phrase>
</ptxt>
<ptxt>
<phrase category="" id="KC09651482" phrase-urn="urn:x-nevis:phrase:0800c8af8274b181">
<xref>
<ref id="KC09651483"/>
</xref>
</phrase>
</ptxt>
</para>
<para>
<ptxt>
<phrase category="" id="KC09651484" phrase-urn="urn:x-nevis:phrase:0800c8af8274b182">If no leak is d#@#@#193#nit. </phrase>
</ptxt>
<ptxt>
<phrase category="" id="KC09651485" phrase-urn="urn:x-nevis:phrase:0800c8af8274b183">Perform the qui#@#@#96#ins. </phrase>
</ptxt>
</para>
<list1 enumtype="d" type="unordered">
<title>
<phrase category="" id="KC09651486" phrase-urn="urn:x-nevis:phrase:0800c8af8274b184">Other information</phrase>
</title>
<item>
<ptxt>
<phrase category="" id="KC09651487" phrase-urn="urn:x-nevis:phrase:0800c8af8274b185">
<xref>
<ref id="KC09651488"/>
</xref>
</phrase>
</ptxt>
</item>
</list1>
</test2>
</test1>
<question>
Select Continu#@#@#49#em. 
</question>
<resact-grp>
<result button="cont" comp="button" highlight="0"/>
<action j2008use="1" paperuse="1" screenuse="1">
<ptxt>
<xref>
<ref id="KC09651490"/>
</xref>
</ptxt>
</action>
</resact-grp>
</node>
</testgrp>
<testgrp id="KC09056057" j2008use="1" paperuse="1" resumable="1" screenuse="1" testgrp-id="node5b" x="120" y="480">
<title>
<phrase category="" id="KC09651491" phrase-urn="urn:x-nevis:phrase:0800c8af8274b187">Checking the fu#@#@#49#ater </phrase>
</title>
<node>
<warning>
<ptxt>
<phrase category="" id="KC09651492" phrase-urn="urn:x-nevis:phrase:0800c8af8274b18a">First read: <xref>
<ref id="KC09651493"/>
</xref>
</phrase>
</ptxt>
</warning>
<hint>
<ptxt>
<phrase category="" id="KC09651494" phrase-urn="urn:x-nevis:phrase:0800c8af8274b18b">The fault could#@#@#132#ents.</phrase>
</ptxt>
</hint>
<test1>
<diaglist>
<dgraphic>
<dgraphic1>
<graphic id="KC09651495">
<href>0900c8af80054d4#@#@#9#.jpeg</href>
</graphic>
</dgraphic1>
</dgraphic>
<ditem>
<ptxt>
<phrase category="" id="KC09651496" phrase-urn="urn:x-nevis:phrase:0800c8af8274b18c">Ignition off</phrase>
</ptxt>
</ditem>
</diaglist>
<test2>
<para>
<ptxt>
<phrase category="" id="KC09651497" phrase-urn="urn:x-nevis:phrase:0800c8af8274b18f">Pressurize the #@#@#24#leak.</phrase>
</ptxt>
<ptxt>
<phrase category="" id="KC09651498" phrase-urn="urn:x-nevis:phrase:0800c8af8274b192">
<xref>
<ref id="KC09651499"/>
</xref>
</phrase>
</ptxt>
</para>
<para>
<ptxt>
<phrase category="" id="KC09651500" phrase-urn="urn:x-nevis:phrase:0800c8af8274b193">When the tank s#@#@#17#zed: </phrase>
</ptxt>
<ptxt>
<phrase category="" id="KC09651501" phrase-urn="urn:x-nevis:phrase:0800c8af8274b194">Check the tank #@#@#176#ents.</phrase>
</ptxt>
</para>
<para>
<ptxt>
<phrase category="" id="KC09651502" phrase-urn="urn:x-nevis:phrase:0800c8af8274b196">Remedy as necessary.</phrase>
</ptxt>
</para>
<para>
<ptxt>
<phrase category="" id="KC09651503" phrase-urn="urn:x-nevis:phrase:0800c8af8274b197">Fit the compone#@#@#11# etc.</phrase>
</ptxt>
</para>
<para>
<ptxt>
<phrase category="" id="KC09651504" phrase-urn="urn:x-nevis:phrase:0800c8af8274b198">If no leak is d#@#@#193#nit. </phrase>
</ptxt>
<ptxt>
<phrase category="" id="KC09651505" phrase-urn="urn:x-nevis:phrase:0800c8af8274b199">Perform the qui#@#@#95#ains.</phrase>
</ptxt>
</para>
<list1 enumtype="d" type="unordered">
<title>
<phrase category="" id="KC09651506" phrase-urn="urn:x-nevis:phrase:0800c8af8274b19a">Other information</phrase>
</title>
<item>
<ptxt>
<phrase category="" id="KC09651507" phrase-urn="urn:x-nevis:phrase:0800c8af8274b19b">
<xref>
<ref id="KC09651508"/>
</xref>
</phrase>
</ptxt>
</item>
</list1>
</test2>
</test1>
<question>
Select Continu#@#@#49#em. 
</question>
<resact-grp>
<result button="cont" comp="button" highlight="0"/>
<action j2008use="1" paperuse="1" screenuse="1">
<ptxt>
<xref>
<ref id="KC09651510"/>
</xref>
</ptxt>
</action>
</resact-grp>
</node>
</testgrp>
<testgrp id="KC09056058" j2008use="1" paperuse="1" resumable="1" screenuse="1" testgrp-id="node6" x="120" y="560">
<title>
<phrase category="" id="KC09651511" phrase-urn="urn:x-nevis:phrase:0800c8af8274b19d">Activating the #@#@#29#ystem</phrase>
</title>
<node>
<test1>
<diaglist>
<dgraphic>
<dgraphic1>
<graphic id="KC09651512">
<href>0900c8af80054d3#@#@#9#.jpeg</href>
</graphic>
</dgraphic1>
</dgraphic>
<ditem>
<ptxt>
<phrase category="" id="KC09651513" phrase-urn="urn:x-nevis:phrase:0800c8af8274b19e">Engine idling</phrase>
</ptxt>
</ditem>
</diaglist>
<test2>
<para>
<ptxt>
<phrase category="" id="KC09651514" phrase-urn="urn:x-nevis:phrase:0800c8af8274b19f">Activate the qu#@#@#28#stem.</phrase>
</ptxt>
<ptxt>
<phrase category="" id="KC09651515" phrase-urn="urn:x-nevis:phrase:0800c8af8274b1a0">Read the batter#@#@#169#tem. </phrase>
</ptxt>
</para>
<note>
<ptxt>
<phrase category="" id="KC09651516" phrase-urn="urn:x-nevis:phrase:0800c8af8274b1a1">The following c#@#@#89#ctly.</phrase>
</ptxt>
<list1 enumtype="d" type="unordered">
<title>
<phrase category="" id="KC09651517" phrase-urn="urn:x-nevis:phrase:0800c8af8274b1a2">Conditions for #@#@#42#ystem</phrase>
</title>
<item>
<ptxt>
<phrase category="" id="KC09651518" phrase-urn="urn:x-nevis:phrase:0800c8af8274b1a3">Diagnostic trou#@#@#197#ored.</phrase>
</ptxt>
</item>
<item>
<ptxt>
<phrase category="" id="KC09651519" phrase-urn="urn:x-nevis:phrase:0800c8af8274b1a4">Engine idling</phrase>
</ptxt>
</item>
<item>
<ptxt>
<phrase category="" id="KC09651520" phrase-urn="urn:x-nevis:phrase:0800c8af8274b1a6">Battery voltage#@#@#12#15 V.</phrase>
</ptxt>
</item>
<item>
<ptxt>
<phrase category="" id="KC09651521" phrase-urn="urn:x-nevis:phrase:0800c8af8274b1a8">The status of t#@#@#55#ing”.</phrase>
</ptxt>
</item>
</list1>
</note>
<note>
<ptxt>
<phrase category="" id="KC09651522" phrase-urn="urn:x-nevis:phrase:0800c8af8274b1ab">The battery vol#@#@#131#tank.</phrase>
</ptxt>
</note>
<para>
<ptxt>
<phrase category="" id="KC09651523" phrase-urn="urn:x-nevis:phrase:0800c8af8274b1ae">Start the quick#@#@#99#test.</phrase>
</ptxt>
</para>
<para>
<ptxt>
<phrase category="" id="KC09651524" phrase-urn="urn:x-nevis:phrase:0800c8af8274b1af">Check that the #@#@#135#rted.</phrase>
</ptxt>
<ptxt>
<phrase category="" id="KC09651525" phrase-urn="urn:x-nevis:phrase:0800c8af8274b1b0">Wait until the #@#@#152#ted".</phrase>
</ptxt>
<ptxt>
<phrase category="" id="KC09651526" phrase-urn="urn:x-nevis:phrase:0800c8af8274b1b1">If the quick te#@#@#119#ted".</phrase>
</ptxt>
<ptxt>
<phrase category="" id="KC09651527" phrase-urn="urn:x-nevis:phrase:0800c8af8274b1b2">If the quick te#@#@#159#eak. </phrase>
</ptxt>
</para>
<hint>
<ptxt>
<phrase category="" id="KC09651528" phrase-urn="urn:x-nevis:phrase:0800c8af8274b1b3">Even if the res#@#@#291#ECM).</phrase>
</ptxt>
</hint>
<list1 enumtype="d" type="unordered">
<title>
<phrase category="" id="KC09651529" phrase-urn="urn:x-nevis:phrase:0800c8af8274b1b4">Other information</phrase>
</title>
<item>
<ptxt>
<phrase category="" id="KC09651530" phrase-urn="urn:x-nevis:phrase:0800c8af8274b1b5">For information#@#@#42#tion.</phrase>
</ptxt>
</item>
<item>
<ptxt>
<phrase category="" id="KC09651531" phrase-urn="urn:x-nevis:phrase:0800c8af8274b1b6">
<xref>
<ref id="KC09651532"/>
</xref>
</phrase>
</ptxt>
</item>
<item>
<ptxt>
<phrase category="" id="KC09651533" phrase-urn="urn:x-nevis:phrase:0800c8af8274b1b7">
<xref>
<ref id="KC09651534"/>
</xref>
</phrase>
</ptxt>
</item>
</list1>
<list1 enumtype="n" type="ordered">
<title>
<phrase category="" id="KC09651535" phrase-urn="urn:x-nevis:phrase:0800c8af8274b1b8">Select an alter#@#@#39#plete</phrase>
</title>
<item>
<ptxt>
<phrase category="" id="KC09651536" phrase-urn="urn:x-nevis:phrase:0800c8af8274b1b9">The test result#@#@#75#ted".</phrase>
</ptxt>
</item>
<item>
<ptxt>
<phrase category="" id="KC09651537" phrase-urn="urn:x-nevis:phrase:0800c8af8274b1ba">The test result#@#@#85#eak".</phrase>
</ptxt>
</item>
<item>
<ptxt>
<phrase category="" id="KC09651538" phrase-urn="urn:x-nevis:phrase:0800c8af8274b1bb">Leakage diagnos#@#@#129#ted".</phrase>
</ptxt>
</item>
</list1>
<diaglist>
<dgraphic>
<dgraphic2>
<graphic id="KC09651539">
<href>0900c8af86c8681#@#@#9#.jpeg</href>
</graphic>
<smarttool active="press" id="KC09651540" toolname="GECM2054"/>
</dgraphic2>
</dgraphic>
<ditem>
<ditemtext>
<ptxt>
<phrase category="" id="KC09651541" phrase-urn="urn:x-nevis:phrase:0800c8af8274b1bd"/>
</ptxt>
</ditemtext>
</ditem>
</diaglist>
</test2>
</test1>
<question>
Select an alte#@#@#16#ove.
</question>
<resact-grp>
<result button="text" comp="button" highlight="0" text="1"/>
<action j2008use="1" paperuse="1" screenuse="1">
<return value="FAULT FOUND"/>
</action>
</resact-grp>
<resact-grp>
<result button="text" comp="button" highlight="0" text="2"/>
<action j2008use="1" paperuse="1" screenuse="1">
<ptxt>
<xref>
<ref id="KC09651543"/>
</xref>
</ptxt>
</action>
</resact-grp>
<resact-grp>
<result button="text" comp="button" highlight="0" text="3"/>
<action j2008use="1" paperuse="1" screenuse="1">
<ptxt>
<xref>
<ref id="KC09651544"/>
</xref>
</ptxt>
</action>
</resact-grp>
</node>
</testgrp>
<testgrp id="KC09056059" j2008use="1" paperuse="1" resumable="1" screenuse="1" testgrp-id="node7" x="120" y="640">
<title>
<phrase category="" id="KC09651545" phrase-urn="urn:x-nevis:phrase:0800c8af8274b1bf">Replacing the c#@#@#3#onent</phrase>
</title>
<node>
<test1>
<diaglist>
<dgraphic>
<dgraphic1>
<graphic id="KC09651546">
<href>0900c8af80054d4#@#@#9#.jpeg</href>
</graphic>
</dgraphic1>
</dgraphic>
<ditem>
<ptxt>
<phrase category="" id="KC09651547" phrase-urn="urn:x-nevis:phrase:0800c8af8274b1c0">Ignition off</phrase>
</ptxt>
</ditem>
</diaglist>
<test2>
<para>
<ptxt>
<phrase category="" id="KC09651548" phrase-urn="urn:x-nevis:phrase:0800c8af8274b1c1">Try a new leaka#@#@#13#unit.</phrase>
</ptxt>
</para>
<list1 enumtype="d" type="unordered">
<title>
<phrase category="" id="KC09651549" phrase-urn="urn:x-nevis:phrase:0800c8af8274b1c2">Other information</phrase>
</title>
<item>
<ptxt>
<phrase category="" id="KC09651550" phrase-urn="urn:x-nevis:phrase:0800c8af8274b1c3">
<xref>
<ref id="KC09651551"/>
</xref>
</phrase>
</ptxt>
</item>
</list1>
<grate>
<graphic id="KC09651552">
<href>0900c8af8005ad7#@#@#9#.jpeg</href>
</graphic>
</grate>
</test2>
</test1>
<question>
Select Continue.
</question>
<resact-grp>
<result button="cont" comp="button" highlight="0"/>
<action j2008use="1" paperuse="0" screenuse="1">
<ptxt>
<xref>
<ref id="KC09651554"/>
</xref>
</ptxt>
</action>
</resact-grp>
</node>
</testgrp>
<testgrp id="KC09056060" j2008use="1" paperuse="1" resumable="1" screenuse="1" testgrp-id="dtcinfo" x="120" y="720">
<title>
<phrase category="" id="KC09651555" phrase-urn="urn:x-nevis:phrase:0800c8af8274b1c5">Fault-tracing i#@#@#5#ation</phrase>
</title>
<node>
<test1>
<test2>
<para>
<ptxt>
<phrase category="" id="KC09651556" phrase-urn="urn:x-nevis:phrase:0800c8af8274b1c6">The engine cont#@#@#462#aged.</phrase>
</ptxt>
</para>
<hint>
<ptxt>
<phrase category="" id="KC09651557" phrase-urn="urn:x-nevis:phrase:0800c8af8274b1c7">Conclude fault #@#@#186#ECM).</phrase>
</ptxt>
</hint>
<para>
<ptxt>
<phrase category="" id="KC09651558" phrase-urn="urn:x-nevis:phrase:0800c8af8274b1c8">Remedy as necessary.</phrase>
</ptxt>
</para>
<list1 enumtype="n" type="ordered">
<title>
<phrase category="" id="KC09651559" phrase-urn="urn:x-nevis:phrase:0800c8af8274b1c9">Select an alter#@#@#13#tinue</phrase>
</title>
<item>
<ptxt>
<phrase category="" id="KC09651560" phrase-urn="urn:x-nevis:phrase:0800c8af8274b1cb">Repeat this fau#@#@#26#ing. </phrase>
</ptxt>
</item>
<item>
<ptxt>
<phrase category="" id="KC09651561" phrase-urn="urn:x-nevis:phrase:0800c8af8274b1cc">Conclude fault #@#@#18#ault.</phrase>
</ptxt>
</item>
</list1>
</test2>
</test1>
<question>
Select an alte#@#@#16#ove.
</question>
<resact-grp>
<result button="text" comp="button" highlight="0" text="1"/>
<action j2008use="1" paperuse="1" screenuse="1">
<ptxt>
<xref>
<ref id="KC09651563"/>
</xref>
</ptxt>
</action>
</resact-grp>
<resact-grp>
<result button="text" comp="button" highlight="0" text="2"/>
<action j2008use="1" paperuse="1" screenuse="1">
<return value="FAULT NOT FOUND"/>
</action>
</resact-grp>
</node>
</testgrp>
<testgrp id="KC09056061" j2008use="1" paperuse="1" resumable="1" screenuse="1" testgrp-id="inter" x="120" y="160">
<title>
<phrase category="" id="KC09651564" phrase-urn="urn:x-nevis:phrase:0800c8af8274b1ce">Intermittent fault</phrase>
</title>
<node>
<test1>
<test2>
<para>
<ptxt>
<phrase category="" id="KC09651565" phrase-urn="urn:x-nevis:phrase:0800c8af8274b1cf">The engine cont#@#@#265#ents.</phrase>
</ptxt>
</para>
<list1 enumtype="d" type="unordered">
<title>
<phrase category="" id="KC09651566" phrase-urn="urn:x-nevis:phrase:0800c8af8274b1d0">Other information</phrase>
</title>
<item>
<ptxt>
<phrase category="" id="KC09651567" phrase-urn="urn:x-nevis:phrase:0800c8af8274b1d1">
<xref>
<ref id="KC09651568"/>
</xref>
</phrase>
</ptxt>
</item>
<item>
<ptxt>
<phrase category="" id="KC09651569" phrase-urn="urn:x-nevis:phrase:0800c8af8274b1d2">
<xref>
<ref id="KC09651570"/>
</xref>
</phrase>
</ptxt>
</item>
<item>
<ptxt>
<phrase category="" id="KC09651571" phrase-urn="urn:x-nevis:phrase:0800c8af8274b1d3">To apply test p#@#@#99#ble. </phrase>
</ptxt>
</item>
<list2 enumtype="d" type="unordered">
<item>
<ptxt>
<phrase category="" id="KC09651572" phrase-urn="urn:x-nevis:phrase:0800c8af8274b1d4">
<xref>
<ref id="KC09651573"/>
</xref>
</phrase>
</ptxt>
</item>
<item>
<ptxt>
<phrase category="" id="KC09651574" phrase-urn="urn:x-nevis:phrase:0800c8af8274b1d5">
<xref>
<ref id="KC09651575"/>
</xref>
</phrase>
</ptxt>
</item>
</list2>
</list1>
</test2>
</test1>
<question>
Select Continu#@#@#49#em. 
</question>
<resact-grp>
<result button="cont" comp="button" highlight="0"/>
<action j2008use="1" paperuse="1" screenuse="1">
<ptxt>
<xref>
<ref id="KC09651577"/>
</xref>
</ptxt>
</action>
</resact-grp>
</node>
</testgrp>
<testgrp id="KC09056062" j2008use="1" paperuse="0" resumable="1" screenuse="1" testgrp-id="verif" x="440" y="680">
<title>
<phrase category="" id="KC09651578" phrase-urn="urn:x-nevis:phrase:0800c8af8274b1d7">Verification</phrase>
</title>
<subcalloutnode>
<diagcallout>
<xref>
<ref id="KC09651579"/>
</xref>
</diagcallout>
<rescall-grp>
<result comp="string" highlight="0" op="eq" return="VERIFIED"/>
<calloutaction>
<return value="FAULT FOUND"/>
</calloutaction>
</rescall-grp>
<rescall-grp>
<result comp="string" highlight="0" op="eq" return="VERIFICATION FAILED"/>
<calloutaction>
<ptxt>
<xref>
<ref id="KC09651580"/>
</xref>
</ptxt>
</calloutaction>
</rescall-grp>
</subcalloutnode>
</testgrp>
<testgrp id="KC09056063" j2008use="1" paperuse="0" resumable="1" screenuse="1" testgrp-id="info1" x="640" y="680">
<title>
<phrase category="" id="KC09651581" phrase-urn="urn:x-nevis:phrase:0800c8af8274b1d8">Fault-tracing i#@#@#5#ation</phrase>
</title>
<subcalloutnode>
<diagcallout>
<xref>
<ref id="KC09651582"/>
</xref>
</diagcallout>
<rescall-grp>
<result comp="string" highlight="0" op="eq" return="NEW TRY"/>
<calloutaction>
<ptxt>
<xref>
<ref id="KC09651583"/>
</xref>
</ptxt>
</calloutaction>
</rescall-grp>
<rescall-grp>
<result comp="string" highlight="0" op="eq" return="FAULTTRACING FAILED"/>
<calloutaction>
<return value="FAULT NOT FOUND"/>
</calloutaction>
</rescall-grp>
</subcalloutnode>
</testgrp>
</diagnostic>
</servinfosub>