<?xml version="1.0" encoding="UTF-8"?><torqueinfo IE-ID="en-US0900c8af87b08613" docno="VCC-502875" id="nev28138343n95" original="sv-SE" torqueId="nev27916269n1-nev27916270n1" torqueRes="0900c8af87c5c8a3" torqueRes2="urn:x-nevis:fragment:0900c8af87b08613:0900c8af87c5c8a3#nev27916270n1" xml:lang="en-US">
<component id="nev28138343n94">High-Pressure F#@#@#16# Pump</component>
<stage id="nev27916269n1-nev28138343n92">
<value id="nev27916269n1-nev28138343n91" loosen="false" unit="Nm">12</value>
</stage>
<stage id="nev27916269n1-nev28138343n90">
<value id="nev27916269n1-nev28138343n89" loosen="false" unit="Nm">25</value>
</stage>
</torqueinfo>