<?xml version="1.0" encoding="UTF-8"?><FunctionGroup2 Qualifier="Specifications, mechanical" group="81" name="Body frame"><serv-cat servcat.name="Frames, Subframes @AnD@ Crossmembers"/><doc-head>Accessories and Body, Cab</doc-head><doc-subhead>Body Frame - Specifications, mechanical</doc-subhead>
          <FunctionGroup3 group="810" name="general">
            <ti_title id="TITitle-12345-116" navTitle="navTitle" shortYearRange="2004-2012" title="ti_title" yearRange="2004-2012">
              <nevisid documentType="servinfosub" id="0900c8af844d5601" title="Jacking points body" vccNumber="VCC-370870-1" yearRange="2004-2012"/>
            </ti_title>
          </FunctionGroup3>
          <FunctionGroup3 group="811" name="floor, frame section, wheel housing, bulkhead">
            <ti_title id="TITitle-12345-117" navTitle="navTitle" shortYearRange="2004-2012" title="ti_title" yearRange="2004-2012">
              <nevisid documentType="servinfosub" id="0900c8af844d5957" title="Side members rear" vccNumber="VCC-370884-1" yearRange="2004-2012"/>
              <nevisid documentType="servinfosub" id="0900c8af844d5839" title="Side members, front" vccNumber="VCC-370880-1" yearRange="2004-2012"/>
            </ti_title>
          </FunctionGroup3>
          <FunctionGroup3 group="812" name="roof, windshield and rear windshield frame">
            <ti_title id="TITitle-12345-118" navTitle="navTitle" shortYearRange="2004-2012" title="ti_title" yearRange="2004-2012">
              <nevisid documentType="servinfosub" id="0900c8af844d5b45" title="Roof" vccNumber="VCC-370889-2" yearRange="2004-2012"/>
            </ti_title>
          </FunctionGroup3>
          <FunctionGroup3 group="813" name="body side">
            <ti_title id="TITitle-12345-119" navTitle="navTitle" shortYearRange="2004-2012" title="ti_title" yearRange="2004-2012">
              <nevisid documentType="servinfosub" id="0900c8af844d5db1" title="Body side" vccNumber="VCC-370898-2" yearRange="2004-2012"/>
            </ti_title>
          </FunctionGroup3>
        </FunctionGroup2>