<?xml version="1.0" encoding="UTF-8"?><FunctionGroup2 Qualifier="Removal, replacement and installation" group="37" name="Cables and fuses"><serv-cat servcat.name=" Fuses @AnD@ Circuit Breakers"/><serv-cat servcat.name="Body Electrical"/><doc-head>Electrical</doc-head><doc-subhead>Cables And Fuses - Removal, replacement and installation</doc-subhead>
          <FunctionGroup3 group="NULL" name="NULL">
            <ti_title id="TITitle-12345-404" navTitle="navTitle" shortYearRange="2004-2012" title="ti_title" yearRange="2004-2012">
              <nevisid documentType="servinfosub" id="0900c8af8426eeec" title="Checking wiring and terminals. Intermittent faults" vccNumber="VCC-018854-1" yearRange="2004-2012"/>
              <nevisid documentType="servinfosub" id="0900c8af8426ebfa" title="Checking wiring and terminals. Permanent fault" vccNumber="VCC-018853-1" yearRange="2004-2012"/>
              <nevisid documentType="servinfosub" id="0900c8af80899ce9" title="Fiber optic cable harness, repairing" vccNumber="VCC-142472-1" yearRange="2004-2012"><exclusiveOrphan id="0900c8af80899ce9"/></nevisid>
              <nevisid documentType="servinfosub" id="0900c8af84b98c29" title="General information about fault-tracing in the CAN network" vccNumber="VCC-155178-1" yearRange="2004-2012"><exclusiveOrphan id="0900c8af84c15cc3"/><exclusiveOrphan id="0900c8af84c15c73"/><exclusiveOrphan id="0900c8af84c1d9a5"/><exclusiveOrphan id="0900c8af84c1db1a"/><exclusiveOrphan id="0900c8af84c1dc75"/></nevisid>
              <nevisid documentType="servinfosub" id="0900c8af8168b3d4" title="Wiring (2004-2009)" vccNumber="VCC-157059-1" yearRange="2004-2009"/>
            </ti_title>
            <ti_title engine="B5244S4; B5244S7" id="TITitle-12345-405" navTitle="navTitle" shortYearRange="2005-2006" title="ti_title" trans="AW55-50/51SN" yearRange="2005, 2006">
              <nevisid documentType="servinfo" id="0900c8af838f6781" title="Leads" vccNumber="VCC-152158-3" yearRange="2005, 2006"/>
            </ti_title>
            
            <ti_title engine="B5254T3" id="TITitle-12345-406" navTitle="navTitle" shortYearRange="2005-2006" title="ti_title" trans="AW50/51 AWD" yearRange="2005, 2006">
              <nevisid documentType="servinfo" id="0900c8af838f6780" title="Leads" vccNumber="VCC-152158-2" yearRange="2005, 2006"/>
            </ti_title>
            <ti_title engine="B5254T3" id="TITitle-12345-407" navTitle="navTitle" shortYearRange="2004-2006" title="ti_title" trans="AW55-50/51SN" yearRange="2004-2006">
              <nevisid documentType="servinfo" id="0900c8af838f6780" title="Leads" vccNumber="VCC-152158-2" yearRange="2004-2006"/>
            </ti_title>
          </FunctionGroup3>
          <FunctionGroup3 group="371" name="cables">
            <ti_title id="TITitle-12345-408" navTitle="navTitle" shortYearRange="2004-2012" title="ti_title" yearRange="2004-2012">
              <nevisid documentType="servinfosub" id="0900c8af844cd54c" title="Connector anti-lock braking system module (ABS)" vccNumber="VCC-370521-1" yearRange="2004-2012"/>
              <nevisid documentType="servinfosub" id="0900c8af844cd563" title="Connector control module extra safety system" vccNumber="VCC-370522-1" yearRange="2004-2012"/>
            </ti_title>
          </FunctionGroup3>
          <FunctionGroup3 group="372" name="electrical distribution box, fuse box">
            <ti_title id="TITitle-12345-409" navTitle="navTitle" shortYearRange="2004-2012" title="ti_title" yearRange="2004-2012">
              <nevisid documentType="servinfosub" id="0900c8af84afa692" title="Accessory control module (AEM)" vccNumber="VCC-370546-1" yearRange="2004-2012"><exclusiveOrphan id="0900c8af844d85d2"/></nevisid>
              <nevisid documentType="servinfosub" id="0900c8af84b96cc5" title="Control module relay box passenger compartment" vccNumber="VCC-370541-1" yearRange="2004-2012"><exclusiveOrphan id="0900c8af852fde5d"/></nevisid>
              <nevisid documentType="servinfosub" id="0900c8af86abc007" title="Lead battery to central electrical unit engine compartment" vccNumber="VCC-370542-1" yearRange="2004-2012"><exclusiveOrphan id="0900c8af85e9fbfc"/><exclusiveOrphan id="0900c8af8343444a"/><exclusiveOrphan id="0900c8af852fde5d"/></nevisid>
            </ti_title>
            <ti_title engine="B5244S4; B5244S7" id="TITitle-12345-410" navTitle="navTitle" shortYearRange="2005-2010" title="ti_title" yearRange="2005-2010">
              <nevisid documentType="servinfosub" id="0900c8af855faea3" title="Cable, battery to alternator" vccNumber="VCC-370543-1" yearRange="2005-2010"><exclusiveOrphan id="0900c8af851483ba"/><exclusiveOrphan id="0900c8af8343cb45"/><exclusiveOrphan id="0900c8af84f6dbd4"/><exclusiveOrphan id="0900c8af85e9fbfc"/><exclusiveOrphan id="0900c8af8343444a"/><exclusiveOrphan id="0900c8af834348b4"/></nevisid>
            </ti_title>
            
            <ti_title engine="B5254T3" id="TITitle-12345-411" navTitle="navTitle" shortYearRange="2004-2007" title="ti_title" yearRange="2004-2007">
              <nevisid documentType="servinfosub" id="0900c8af855d2e87" title="Cable, battery to alternator" vccNumber="VCC-370543-2" yearRange="2004-2007"><exclusiveOrphan id="0900c8af851483ba"/><exclusiveOrphan id="0900c8af8343cb45"/><exclusiveOrphan id="0900c8af84f6dbd4"/><exclusiveOrphan id="0900c8af85e9fbfc"/><exclusiveOrphan id="0900c8af8343444a"/><exclusiveOrphan id="0900c8af834348b4"/></nevisid>
            </ti_title>
            <ti_title engine="B5254T7" id="TITitle-12345-412" navTitle="navTitle" shortYearRange="2008-2012" title="ti_title" yearRange="2008-2012">
              <nevisid documentType="servinfosub" id="0900c8af855d2e87" title="Cable, battery to alternator" vccNumber="VCC-370543-2" yearRange="2008-2012"/>
            </ti_title>
          </FunctionGroup3>
        </FunctionGroup2>