<?xml version="1.0" encoding="UTF-8"?><FunctionGroup2 Qualifier="Specifications, electrical/electronic" group="43" name="Transmission"><serv-cat servcat.name=" Manual Trans"/><serv-cat servcat.name=" Clutches Manual @AnD@ Hydraulic"/><serv-cat servcat.name="Automatic Trans"/><doc-head>Transmission</doc-head><doc-subhead>Transmission - Specifications, electrical/electronic</doc-subhead>
          <FunctionGroup3 group="437" name="automatic, transmission (hydromechanical)">
            <ti_title id="TITitle-12345-68" navTitle="navTitle" shortYearRange="2005-2010" title="ti_title" trans="AW50/51 AWD" yearRange="2005-2010">
              <!--<nevisid documentType="servinfosub" id="0900c8af81359707" notFirstLevelInfo="true" title="Component resistance values" vccNumber="VCC-155463-2" yearRange="2005-2010"/>-->
              <!--<nevisid documentType="servinfosub" id="0900c8af81359692" notFirstLevelInfo="true" title="Signal specification" vccNumber="VCC-155362-2" yearRange="2005-2010"/>-->
              <nevisid documentType="servinfo" id="0900c8af81335e88" title="Signal specification, transmission control module (TCM)" vccNumber="VCC-155361-2" yearRange="2005-2010"><exclusiveOrphan id="0900c8af81359692"/></nevisid>
              <nevisid documentType="servinfo" id="0900c8af81335eac" title="Specifications, transmission control module (TCM)" vccNumber="VCC-155462-2" yearRange="2005-2010"><exclusiveOrphan id="0900c8af81359707"/></nevisid>
            </ti_title>
            <ti_title id="TITitle-12345-69" navTitle="navTitle" shortYearRange="2004-2012" title="ti_title" trans="AW55-50/51SN" yearRange="2004-2012">
              <!--<nevisid documentType="servinfosub" id="0900c8af81359707" notFirstLevelInfo="true" title="Component resistance values" vccNumber="VCC-155463-2" yearRange="2004-2012"/>-->
              <!--<nevisid documentType="servinfosub" id="0900c8af81359692" notFirstLevelInfo="true" title="Signal specification" vccNumber="VCC-155362-2" yearRange="2004-2012"/>-->
              <nevisid documentType="servinfo" id="0900c8af81335e88" title="Signal specification, transmission control module (TCM)" vccNumber="VCC-155361-2" yearRange="2004-2012"/>
              <nevisid documentType="servinfo" id="0900c8af81335eac" title="Specifications, transmission control module (TCM)" vccNumber="VCC-155462-2" yearRange="2004-2012"/>
            </ti_title>
          </FunctionGroup3>
        </FunctionGroup2>