<?xml version="1.0" encoding="UTF-8"?><FunctionGroup2 Qualifier="Cleaning, Inspection and Adjustment" group="64" name="Steering"><serv-cat servcat.name=" Steering Linkage"/><serv-cat servcat.name=" Steering Column"/><serv-cat servcat.name=" Manual @AnD@ Power Steering"/><serv-cat servcat.name="Electronic Steering"/><doc-head>Steering</doc-head><doc-subhead>Steering - Cleaning, Inspection and Adjustment</doc-subhead>
          <FunctionGroup3 group="641" name="steering wheel, column lock, steering column, shaft">
            <ti_title id="TITitle-12345-753" navTitle="navTitle" shortYearRange="2004-2012" title="ti_title" yearRange="2004-2012">
              <nevisid documentType="servinfosub" id="0900c8af84dc7f2b" title="Contact reel, adjusting (2004-2009)" vccNumber="VCC-401145-4" yearRange="2004-2009"><exclusiveOrphan id="0900c8af844dc79a"/></nevisid>
              <nevisid documentType="servinfosub" id="0900c8af84dc7f8c" title="Contact reel, adjusting (2010-2012)" vccNumber="VCC-401145-5" yearRange="2010-2012"><exclusiveOrphan id="0900c8af844dc79a"/></nevisid>
              <nevisid documentType="servinfosub" id="0900c8af84afa21a" title="Steering Column Collapsed Check" vccNumber="VCC-401245-3" yearRange="2004-2012"><exclusiveOrphan id="0900c8af844d4322"/><exclusiveOrphan id="0900c8af844d9ec8"/></nevisid>
            </ti_title>
          </FunctionGroup3>
          <FunctionGroup3 group="645" name="power steering equipment">
            <ti_title id="TITitle-12345-754" navTitle="navTitle" shortYearRange="2004-2012" title="ti_title" yearRange="2004-2012">
              <nevisid documentType="servinfosub" id="0900c8af855d2a1f" title="Power steering system, bleeding (2010-2012)" vccNumber="VCC-370808-1" yearRange="2010-2012"/>
              <nevisid documentType="servinfosub" id="0900c8af862b79b4" title="Power steering system, cleaning (2004-2010)" vccNumber="VCC-417293-2" yearRange="2004-2010"><exclusiveOrphan id="0900c8af85058329"/><exclusiveOrphan id="0900c8af86b99124"/></nevisid>
            </ti_title>
            <ti_title engine="B5244S4; B5244S7" id="TITitle-12345-755" navTitle="navTitle" shortYearRange="2005-2010" title="ti_title" yearRange="2005-2010">
              <nevisid documentType="servinfosub" id="0900c8af844d47ba" title="Oil level, power steering, checking" vccNumber="VCC-370819-1" yearRange="2005-2010"><exclusiveOrphan id="0900c8af850a9b38"/><exclusiveOrphan id="0900c8af847300a7"/></nevisid>
            </ti_title>
            
            <ti_title engine="B5254T3" id="TITitle-12345-756" navTitle="navTitle" shortYearRange="2004-2007" title="ti_title" yearRange="2004-2007">
              <nevisid documentType="servinfosub" id="0900c8af844d47ba" title="Oil level, power steering, checking" vccNumber="VCC-370819-1" yearRange="2004-2007"/>
            </ti_title>
            <ti_title engine="B5254T7" id="TITitle-12345-757" navTitle="navTitle" shortYearRange="2008-2012" title="ti_title" yearRange="2008-2012">
              <nevisid documentType="servinfosub" id="0900c8af844d47ba" title="Oil level, power steering, checking" vccNumber="VCC-370819-1" yearRange="2008-2012"/>
            </ti_title>
          </FunctionGroup3>
        </FunctionGroup2>