<?xml version="1.0" encoding="UTF-8"?><FunctionGroup2 Qualifier="General Information" group="80" name="General"><serv-cat servcat.name="Frames, Subframes @AnD@ Crossmembers"/><doc-head>Accessories and Body, Cab</doc-head><doc-subhead>General - General Information</doc-subhead>
          <!--<FunctionGroup3 group="NULL" name="NULL">
            <ti_title id="TITitle-12345" navTitle="navTitle" shortYearRange="2004-2010" title="ti_title" yearRange="2004-2010">
              <nevisid documentType="servinfosub" id="0900c8af814a756e" title="Group 84 Glass and mirrors" vccNumber="VCC-154197-1" yearRange="2004-2010"/>
              <nevisid documentType="servinfosub" id="0900c8af831f5b70" title="Group 87 Air conditioning (A/C)" vccNumber="VCC-154198-1" yearRange="2004-2010"/>
            </ti_title>
          </FunctionGroup3>-->
          <FunctionGroup3 group="801" name="surface treatment material">
            <ti_title id="TITitle-12345-185" navTitle="navTitle" shortYearRange="2004-2012" title="ti_title" yearRange="2004-2012">
              <nevisid documentType="servinfosub" id="0900c8af857fb0ca" title="Paint (2007-2012)" vccNumber="VCC-370861-1" yearRange="2007-2012"/>
              <nevisid documentType="servinfosub" id="0900c8af844d5128" title="RAPGARD-F paintwork protection" vccNumber="VCC-370863-1" yearRange="2004-2012"/>
            </ti_title>
          </FunctionGroup3>
        </FunctionGroup2>