<?xml version="1.0" encoding="UTF-8"?><FunctionGroup2 Qualifier="Cleaning, Inspection and Adjustment" group="41" name="Clutch"><serv-cat servcat.name="Clutches Manual @AnD@ Hydraulic"/><doc-head>Transmission</doc-head><doc-subhead>Clutch - Cleaning, Inspection and Adjustment</doc-subhead>
          <FunctionGroup3 group="413" name="clutch control">
            <ti_title engine="B5244S4" id="TITitle-12345-715" navTitle="navTitle" shortYearRange="2005-2010" title="ti_title" trans="M56" yearRange="2005-2010">
              <nevisid documentType="servinfosub" id="0900c8af854b6b22" title="Bleeding the clutch system" vccNumber="VCC-370649-1" yearRange="2005-2010"/>
            </ti_title>
            <ti_title engine="B5254T3" id="TITitle-12345-716" navTitle="navTitle" shortYearRange="2005-2007" title="ti_title" trans="M66; M66 AWD" yearRange="2005-2007">
              <nevisid documentType="servinfosub" id="0900c8af854b6b22" title="Bleeding the clutch system" vccNumber="VCC-370649-1" yearRange="2005-2007"/>
            </ti_title>
            
            <ti_title engine="B5254T7" id="TITitle-12345-717" navTitle="navTitle" shortYearRange="2008-2010" title="ti_title" trans="M66; M66 AWD" yearRange="2008-2010">
              <nevisid documentType="servinfosub" id="0900c8af854b6b22" title="Bleeding the clutch system" vccNumber="VCC-370649-1" yearRange="2008-2010"/>
            </ti_title>
            
          </FunctionGroup3>
        </FunctionGroup2>