<?xml version="1.0" encoding="UTF-8"?><FunctionGroup2 Qualifier="Design and Function" group="35" name="Lighting"><serv-cat servcat.name=" Interior/Illumination Lights"/><serv-cat servcat.name="Exterior Lights"/><doc-head>Accessories and Body, Cab</doc-head><doc-subhead>Lighting - Design and Function</doc-subhead>
          <FunctionGroup3 group="NULL" name="NULL">
            <ti_title id="TITitle-12345-17" navTitle="navTitle" shortYearRange="2004-2007" title="ti_title" yearRange="2004-2007">
              <!--<nevisid documentType="servinfosub" id="0900c8af838b50bb" notFirstLevelInfo="true" title="Design" vccNumber="VCC-304630-1" yearRange="2004-2007"/>-->
              <!--<nevisid documentType="servinfosub" id="0900c8af838b50d2" notFirstLevelInfo="true" title="Diagnostic functions" vccNumber="VCC-304632-1" yearRange="2004-2007"/>-->
              <!--<nevisid documentType="servinfosub" id="0900c8af838b50c6" notFirstLevelInfo="true" title="Function" vccNumber="VCC-304631-1" yearRange="2004-2007"/>-->
              <nevisid documentType="servinfo" id="0900c8af838b50a7" title="GDL bulbs" vccNumber="VCC-304628-1" yearRange="2004-2007"/>
              <!--<nevisid documentType="servinfosub" id="0900c8af838b50b1" notFirstLevelInfo="true" title="System overview" vccNumber="VCC-304629-1" yearRange="2004-2007"/>-->
            </ti_title>
          </FunctionGroup3>
          <FunctionGroup3 group="352" name="lighting, front">
            <ti_title id="TITitle-12345-18" navTitle="navTitle" shortYearRange="2008-2010" title="ti_title" yearRange="2008-2010">
              <!--<nevisid documentType="servinfosub" id="0900c8af84e97bc8" notFirstLevelInfo="true" title="Design" vccNumber="VCC-322211-1" yearRange="2008-2010"/>-->
              <!--<nevisid documentType="servinfosub" id="0900c8af84b4fbd3" notFirstLevelInfo="true" title="Diagnostic functions" vccNumber="VCC-322213-1" yearRange="2008-2010"/>-->
              <!--<nevisid documentType="servinfosub" id="0900c8af84b4fbd7" notFirstLevelInfo="true" title="Downloading software and replacing the control module" vccNumber="VCC-322214-1" yearRange="2008-2010"/>-->
              <!--<nevisid documentType="servinfosub" id="0900c8af84e97bd9" notFirstLevelInfo="true" title="Function" vccNumber="VCC-322212-1" yearRange="2008-2010"/>-->
              <nevisid documentType="servinfo" id="0900c8af84b4fbc7" title="Headlamp Control Module (HCM)" vccNumber="VCC-322208-1" yearRange="2008-2010"/>
              <!--<nevisid documentType="servinfosub" id="0900c8af84e97bba" notFirstLevelInfo="true" title="System overview" vccNumber="VCC-322209-1" yearRange="2008-2010"/>-->
            </ti_title>
            <ti_title engine="B5254T7" id="TITitle-12345-19" navTitle="navTitle" shortYearRange="2011-2012" title="ti_title" yearRange="2011, 2012">
              <!--<nevisid documentType="servinfosub" id="0900c8af84e97bc8" notFirstLevelInfo="true" title="Design" vccNumber="VCC-322211-1" yearRange="2011, 2012"/>-->
              <!--<nevisid documentType="servinfosub" id="0900c8af84b4fbd3" notFirstLevelInfo="true" title="Diagnostic functions" vccNumber="VCC-322213-1" yearRange="2011, 2012"/>-->
              <!--<nevisid documentType="servinfosub" id="0900c8af84b4fbd7" notFirstLevelInfo="true" title="Downloading software and replacing the control module" vccNumber="VCC-322214-1" yearRange="2011, 2012"/>-->
              <!--<nevisid documentType="servinfosub" id="0900c8af84e97bd9" notFirstLevelInfo="true" title="Function" vccNumber="VCC-322212-1" yearRange="2011, 2012"/>-->
              <nevisid documentType="servinfo" id="0900c8af84b4fbc7" title="Headlamp Control Module (HCM)" vccNumber="VCC-322208-1" yearRange="2011, 2012"/>
              <!--<nevisid documentType="servinfosub" id="0900c8af84e97bba" notFirstLevelInfo="true" title="System overview" vccNumber="VCC-322209-1" yearRange="2011, 2012"/>-->
            </ti_title>
          </FunctionGroup3>
        </FunctionGroup2>