<?xml version="1.0" encoding="UTF-8"?><FunctionGroup2 Qualifier="Specifications, mechanical" group="20" name="General"><serv-cat servcat.name="Theory and Operation"/><doc-head>Engine Performance</doc-head><doc-subhead>General - Specifications, mechanical</doc-subhead>
          <FunctionGroup3 group="200" name="general">
            <ti_title id="TITitle-12345-83" navTitle="navTitle" shortYearRange="2004-2012" title="ti_title" yearRange="2004-2012">
              <nevisid documentType="servinfosub" id="0900c8af8591bef1" title="Lubricants, engine" vccNumber="VCC-370181-1" yearRange="2004-2012"/>
            </ti_title>
            <ti_title engine="B5244S4" id="TITitle-12345-84" navTitle="navTitle" shortYearRange="2005-2010" title="ti_title" yearRange="2005-2010">
              <nevisid documentType="servinfosub" id="0900c8af8531997a" title="Specifications, mechanical" vccNumber="VCC-370183-5" yearRange="2005-2010"/>
              <nevisid documentType="servinfosub" id="0900c8af844c5e57" title="Tightening torque (2005-2009)" vccNumber="VCC-370184-2" yearRange="2005-2009"><exclusiveOrphan id="0900c8af844c5c9b"/></nevisid>
            </ti_title>
            <ti_title engine="B5244S4; B5244S7; B5254T7" id="TITitle-12345-85" navTitle="navTitle" shortYearRange="2010" title="ti_title" trans="AW55-50/51SN; M56; AW50/51 AWD; M66; M66 AWD" yearRange="2010">
              <nevisid documentType="servinfosub" id="0900c8af844c5e57" title="Tightening torque" vccNumber="VCC-370184-2" yearRange="2010"/>
            </ti_title>
            
            <ti_title engine="B5244S7" id="TITitle-12345-86" navTitle="navTitle" shortYearRange="2005-2009" title="ti_title" yearRange="2005-2009">
              <nevisid documentType="servinfosub" id="0900c8af8531997a" title="Specifications, mechanical" vccNumber="VCC-370183-5" yearRange="2005-2009"/>
              <nevisid documentType="servinfosub" id="0900c8af844c5e57" title="Tightening torque" vccNumber="VCC-370184-2" yearRange="2005-2009"/>
            </ti_title>
            
            <ti_title engine="B5254T3" id="TITitle-12345-87" navTitle="navTitle" shortYearRange="2004-2007" title="ti_title" yearRange="2004-2007">
              <nevisid documentType="servinfosub" id="0900c8af85319971" title="Specifications, mechanical" vccNumber="VCC-370183-3" yearRange="2004-2007"/>
              <nevisid documentType="servinfosub" id="0900c8af844c5e57" title="Tightening torque" vccNumber="VCC-370184-2" yearRange="2004-2007"/>
            </ti_title>
            <ti_title engine="B5254T7" id="TITitle-12345-88" navTitle="navTitle" shortYearRange="2008-2010" title="ti_title" yearRange="2008-2010">
              <nevisid documentType="servinfosub" id="0900c8af85319971" title="Specifications, mechanical" vccNumber="VCC-370183-3" yearRange="2008-2010"/>
              <nevisid documentType="servinfosub" id="0900c8af844c5e57" title="Tightening torque (2008, 2009)" vccNumber="VCC-370184-2" yearRange="2008, 2009"/>
            </ti_title>
            
            <ti_title engine="B5254T7" id="TITitle-12345-89" navTitle="navTitle" shortYearRange="2010-2012" title="ti_title" trans="AW55-50/51SN" yearRange="2010-2012">
              <nevisid documentType="servinfosub" id="0900c8af844c5e57" title="Tightening torque" vccNumber="VCC-370184-2" yearRange="2010-2012"/>
            </ti_title>
            
            
          </FunctionGroup3>
        </FunctionGroup2>