<?xml version="1.0" encoding="UTF-8"?><FunctionGroup2 Qualifier="Removal, replacement and installation" group="39" name="Media, communication and navigation"><serv-cat servcat.name=" Navigation System"/><serv-cat servcat.name=" Entertainment Systems"/><serv-cat servcat.name="Antenna Systems"/><doc-head>Accessories and Body, Cab</doc-head><doc-subhead>Media, Communication And Navigation - Removal, replacement and installation</doc-subhead>
          <!--<FunctionGroup3 group="NULL" name="NULL">
            <ti_title id="TITitle-12345" navTitle="navTitle" shortYearRange="2004" title="ti_title" yearRange="2004">
              <nevisid documentType="servinfosub" id="0900c8af8135a2fc" title="GPS and phone antenna, replacing" vccNumber="VCC-156255-1" yearRange="2004"/>
            </ti_title>
          </FunctionGroup3>-->
          <FunctionGroup3 group="393" name="equipment for entertainment (radio/TV/VCR)">
            <ti_title id="TITitle-12345-430" navTitle="navTitle" shortYearRange="2004-2012" title="ti_title" yearRange="2004-2012">
              <nevisid documentType="servinfosub" id="0900c8af83fa72c2" title="Extra audio input (AUX) (2007-2009)" vccNumber="VCC-332952-1" yearRange="2007-2009"><exclusiveOrphan id="0900c8af857aa587"/><exclusiveOrphan id="0900c8af877d3f80"/></nevisid>
              <nevisid documentType="servinfosub" id="0900c8af857aa587" title="General audio player module (2004)" vccNumber="VCC-370589-1" yearRange="2004"><exclusiveOrphan id="0900c8af844da157"/><exclusiveOrphan id="0900c8af844da16a"/></nevisid>
              <nevisid documentType="servinfosub" id="0900c8af877d3f80" title="General audio player module (2005-2012)" vccNumber="VCC-370589-13" yearRange="2005-2012"><exclusiveOrphan id="0900c8af844da157"/><exclusiveOrphan id="0900c8af844da16a"/></nevisid>
              <nevisid documentType="servinfosub" id="0900c8af84af96d9" title="Information and Entertainment Display" vccNumber="VCC-370588-1" yearRange="2004-2012"/>
              <nevisid documentType="servinfosub" id="0900c8af844d009f" title="Universal Serial Bus (USB) Module (2008-2012)" vccNumber="VCC-370594-2" yearRange="2008-2012"/>
            </ti_title>
          </FunctionGroup3>
          <FunctionGroup3 group="394" name="communication radio, mobile telephone">
            <ti_title id="TITitle-12345-431" navTitle="navTitle" shortYearRange="2004-2012" title="ti_title" yearRange="2004-2012">
              <nevisid documentType="servinfosub" id="0900c8af875ad9bd" title="Antenna, Global positioning system module (GPS)" vccNumber="VCC-370596-10" yearRange="2004-2012"><exclusiveOrphan id="0900c8af848736a8"/></nevisid>
              <nevisid documentType="servinfosub" id="0900c8af86918245" title="Battery Volvo On Call" vccNumber="VCC-370602-1" yearRange="2004-2012"><exclusiveOrphan id="0900c8af85305c33"/><exclusiveOrphan id="0900c8af844da080"/></nevisid>
              <nevisid documentType="servinfosub" id="0900c8af844d032e" title="Bluetooth control module (2008, 2009)" vccNumber="VCC-370606-2" yearRange="2008, 2009"><exclusiveOrphan id="0900c8af8343444a"/><exclusiveOrphan id="0900c8af844da080"/></nevisid>
              <nevisid documentType="servinfosub" id="0900c8af84b2556d" title="Bluetooth control module (2010-2012)" vccNumber="VCC-370606-6" yearRange="2010-2012"><exclusiveOrphan id="0900c8af8343444a"/><exclusiveOrphan id="0900c8af844da080"/></nevisid>
              <nevisid documentType="servinfosub" id="0900c8af847c2d5b" title="Microphone telephone (2010-2012)" vccNumber="VCC-370603-7" yearRange="2010-2012"><exclusiveOrphan id="0900c8af844d7e03"/><exclusiveOrphan id="0900c8af8343444a"/></nevisid>
              <nevisid documentType="servinfosub" id="0900c8af84c5a9e4" title="Microphone telephone (2004-2009)" vccNumber="VCC-370603-2" yearRange="2004-2009"><exclusiveOrphan id="0900c8af844d7e03"/><exclusiveOrphan id="0900c8af8343444a"/></nevisid>
              <nevisid documentType="servinfosub" id="0900c8af85305c33" title="Phone Module (PHM) (2004-2011)" vccNumber="VCC-370607-19" yearRange="2004-2011"><exclusiveOrphan id="0900c8af844db8d6"/><exclusiveOrphan id="0900c8af844db8c1"/><exclusiveOrphan id="0900c8af858eee58"/><exclusiveOrphan id="0900c8af8343444a"/><exclusiveOrphan id="0900c8af844da080"/></nevisid>
              <nevisid documentType="servinfosub" id="0900c8af844d02b4" title="SIM card reader" vccNumber="VCC-370604-1" yearRange="2004-2012"/>
              <nevisid documentType="servinfosub" id="0900c8af844d02d0" title="Switch Volvo On Call" vccNumber="VCC-370605-1" yearRange="2004-2012"><exclusiveOrphan id="0900c8af844d8d5d"/></nevisid>
              <nevisid documentType="servinfosub" id="0900c8af848736a8" title="Tape antenna cover navigation system (GPS)" vccNumber="VCC-370595-1" yearRange="2004-2012"><exclusiveOrphan id="0900c8af87a21067"/></nevisid>
              <nevisid documentType="servinfosub" id="0900c8af844d03dd" title="Telephone handset (2004-2011)" vccNumber="VCC-370608-1" yearRange="2004-2011"><exclusiveOrphan id="0900c8af844da157"/><exclusiveOrphan id="0900c8af844da16a"/></nevisid>
            </ti_title>
          </FunctionGroup3>
          <FunctionGroup3 group="395" name="radio equipment">
            <ti_title id="TITitle-12345-432" navTitle="navTitle" shortYearRange="2004-2012" title="ti_title" yearRange="2004-2012">
              <nevisid documentType="servinfosub" id="0900c8af844d0426" title="Antenna amplifier, radio" vccNumber="VCC-370610-2" yearRange="2004-2012"><exclusiveOrphan id="0900c8af84f11c25"/><exclusiveOrphan id="0900c8af84afa121"/></nevisid>
              <nevisid documentType="servinfosub" id="0900c8af844d0617" title="Audio Module" vccNumber="VCC-370620-2" yearRange="2004-2012"><exclusiveOrphan id="0900c8af84f11c25"/><exclusiveOrphan id="0900c8af844d85d2"/></nevisid>
              <nevisid documentType="servinfosub" id="0900c8af86912822" title="Dashboard speaker" vccNumber="VCC-370613-1" yearRange="2004-2012"><exclusiveOrphan id="0900c8af844d7d90"/></nevisid>
              <nevisid documentType="servinfosub" id="0900c8af847a70d6" title="Radio control module (2004, 2005, 2010-2012)" vccNumber="VCC-370621-1" yearRange="2004, 2005, 2010-2012"><exclusiveOrphan id="0900c8af857aa587"/><exclusiveOrphan id="0900c8af877d3f80"/><exclusiveOrphan id="0900c8af844d85d2"/><exclusiveOrphan id="0900c8af8343444a"/></nevisid>
              <nevisid documentType="servinfosub" id="0900c8af84877247" title="Satellite radio control module (2007-2012)" vccNumber="VCC-370622-3" yearRange="2007-2012"><exclusiveOrphan id="0900c8af844d85d2"/><exclusiveOrphan id="0900c8af8343444a"/></nevisid>
              <nevisid documentType="servinfosub" id="0900c8af84aa6c47" title="Subwoofer module (SUB)" vccNumber="VCC-370619-1" yearRange="2004-2012"><exclusiveOrphan id="0900c8af844d85d2"/><exclusiveOrphan id="0900c8af8343444a"/></nevisid>
            </ti_title>
          </FunctionGroup3>
          <FunctionGroup3 group="397" name="Mobile computing services">
            <ti_title id="TITitle-12345-433" navTitle="navTitle" shortYearRange="2004-2012" title="ti_title" yearRange="2004-2012">
              <nevisid documentType="servinfosub" id="0900c8af8426eeec" title="Checking wiring and terminals. Intermittent faults" vccNumber="VCC-018854-1" yearRange="2004-2012"/>
              <nevisid documentType="servinfosub" id="0900c8af8426ebfa" title="Checking wiring and terminals. Permanent fault" vccNumber="VCC-018853-1" yearRange="2004-2012"/>
              <nevisid documentType="servinfosub" id="0900c8af844d0845" title="Control module information and entertainment" vccNumber="VCC-370636-1" yearRange="2004-2012"/>
              <nevisid documentType="servinfosub" id="0900c8af844d0787" title="Display navigation and entertainment" vccNumber="VCC-370625-1" yearRange="2004-2012"/>
              <nevisid documentType="servinfosub" id="0900c8af844d07b2" title="Navigation Control Assembly" vccNumber="VCC-370629-1" yearRange="2004-2012"><exclusiveOrphan id="0900c8af844da563"/></nevisid>
              <nevisid documentType="servinfosub" id="0900c8af844d07e7" title="Navigation System Module" vccNumber="VCC-370630-2" yearRange="2004-2012"><exclusiveOrphan id="0900c8af844d85d2"/></nevisid>
              <nevisid documentType="servinfosub" id="0900c8af86522b76" title="Receiver remote control" vccNumber="VCC-370631-1" yearRange="2004-2012"/>
              <nevisid documentType="servinfosub" id="0900c8af844d074c" title="Traffic bulletin module" vccNumber="VCC-370623-1" yearRange="2004-2012"><exclusiveOrphan id="0900c8af84f11c25"/><exclusiveOrphan id="0900c8af844d85d2"/></nevisid>
            </ti_title>
          </FunctionGroup3>
        </FunctionGroup2>