<?xml version="1.0" encoding="UTF-8"?><FunctionGroup2 Qualifier="Cleaning, Inspection and Adjustment" group="84" name="Exterior trim, glass, weatherstrips"><serv-cat servcat.name=" Mirrors"/><serv-cat servcat.name=" Windows"/><serv-cat servcat.name="Exterior/Interior Trim"/><doc-head>Accessories and Body, Cab</doc-head><doc-subhead>Exterior Trim, Glass, Weatherstrips - Cleaning, Inspection and Adjustment</doc-subhead>
          <FunctionGroup3 group="849" name="miscellaneous">
            <ti_title id="TITitle-12345-768" navTitle="navTitle" shortYearRange="2004-2012" title="ti_title" yearRange="2004-2012">
              <nevisid documentType="servinfosub" id="0900c8af8469583d" title="Heated Window Grid Wire, checking" vccNumber="VCC-387048-1" yearRange="2004-2012"/>
            </ti_title>
          </FunctionGroup3>
        </FunctionGroup2>