<?xml version="1.0" encoding="UTF-8"?><FunctionGroup2 Qualifier="Cleaning, Inspection and Adjustment" group="55" name="Parking brake"><serv-cat servcat.name=" Parking Brake System"/><serv-cat servcat.name="Mechanical - Hydraulic"/><doc-head>Brakes</doc-head><doc-subhead>Parking Brake - Cleaning, Inspection and Adjustment</doc-subhead>
          <FunctionGroup3 group="551" name="brake control">
            <ti_title id="TITitle-12345-750" navTitle="navTitle" shortYearRange="2004-2012" title="ti_title" yearRange="2004-2012">
              <nevisid documentType="servinfosub" id="0900c8af844d3d3c" title="Parking brake, adjusting (2008-2010)" vccNumber="VCC-370769-4" yearRange="2008-2010"><exclusiveOrphan id="0900c8af844da0bb"/><exclusiveOrphan id="0900c8af844da09e"/></nevisid>
              <nevisid documentType="servinfosub" id="0900c8af8592987f" title="Parking brake, adjusting (2004-2007, 2011, 2012)" vccNumber="VCC-370769-1" yearRange="2004-2007, 2011, 2012"><exclusiveOrphan id="0900c8af844da0bb"/><exclusiveOrphan id="0900c8af844da09e"/></nevisid>
            </ti_title>
          </FunctionGroup3>
        </FunctionGroup2>