<?xml version="1.0" encoding="UTF-8"?><FunctionGroup2 Qualifier="Installation instructions, accessories" group="52" name="Hydraulic/Vacuum-hydraulic brakes"><serv-cat servcat.name="Mechanical - Hydraulic"/><doc-head>Brakes</doc-head><doc-subhead>Hydraulic-Vacuum-Hydraulic Brakes - Installation instructions, accessories</doc-subhead>
          <FunctionGroup3 group="524" name="brake control">
            <ti_title id="TITitle-12345-779" navTitle="navTitle" shortYearRange="2008-2012" title="ti_title" yearRange="2008-2012">
              <nevisid documentType="i2" id="0900c8af854fa0e0" title="Sport pedals" vccNumber="VCC-431577-1" yearRange="2008-2012"><exclusiveOrphan id="0900c8af87185c8e"/></nevisid>
            </ti_title>
          </FunctionGroup3>
        </FunctionGroup2>