<?xml version="1.0" encoding="UTF-8"?><FunctionGroup2 Qualifier="Specifications, electrical/electronic" group="38" name="Instrumentation"><serv-cat servcat.name=" Gauges @AnD@ Instrument Panels"/><serv-cat servcat.name="Warning System"/><doc-head>Accessories and Body, Cab</doc-head><doc-subhead>Instrumentation - Specifications, electrical/electronic</doc-subhead>
          <FunctionGroup3 group="381" name="combined instrument">
            <ti_title id="TITitle-12345-63" navTitle="navTitle" shortYearRange="2004-2012" title="ti_title" yearRange="2004-2012">
              <nevisid documentType="servinfo" id="0900c8af80c56a65" title="Signal description, driver information module (DIM)" vccNumber="VCC-147567-1" yearRange="2004-2012"><exclusiveOrphan id="0900c8af8369dd35"/></nevisid>
              <!--<nevisid documentType="servinfosub" id="0900c8af8369dd35" notFirstLevelInfo="true" title="Signal specification" vccNumber="VCC-147568-1" yearRange="2004-2012"/>-->
            </ti_title>
          </FunctionGroup3>
        </FunctionGroup2>