<?xml version="1.0" encoding="UTF-8"?><FunctionGroup2 Qualifier="Removal, replacement and installation" group="45" name="Propeller shaft"><serv-cat servcat.name="Driveshaft @AnD@ Universal Joints"/><doc-head>Driveline/Axles</doc-head><doc-subhead>Propeller Shaft - Removal, replacement and installation</doc-subhead>
          <FunctionGroup3 group="451" name="propeller shaft">
            <ti_title engine="B5254T3" id="TITitle-12345-471" navTitle="navTitle" shortYearRange="2005-2007" title="ti_title" trans="AW50/51 AWD; M66 AWD" yearRange="2005-2007">
              <nevisid documentType="servinfosub" id="0900c8af844d2a04" title="Propeller shaft" vccNumber="VCC-370718-1" yearRange="2005-2007"><exclusiveOrphan id="0900c8af84f0359d"/></nevisid>
              <nevisid documentType="servinfosub" id="0900c8af844d2b3b" title="Propeller shaft joint (CV)" vccNumber="VCC-370719-2" yearRange="2005-2007"><exclusiveOrphan id="0900c8af844d2a04"/></nevisid>
            </ti_title>
            
            <ti_title engine="B5254T7" id="TITitle-12345-472" navTitle="navTitle" shortYearRange="2008-2010" title="ti_title" trans="AW50/51 AWD; M66 AWD" yearRange="2008-2010">
              <nevisid documentType="servinfosub" id="0900c8af844d2a04" title="Propeller shaft" vccNumber="VCC-370718-1" yearRange="2008-2010"/>
              <nevisid documentType="servinfosub" id="0900c8af844d2b3b" title="Propeller shaft joint (CV)" vccNumber="VCC-370719-2" yearRange="2008-2010"/>
            </ti_title>
            
          </FunctionGroup3>
        </FunctionGroup2>