<?xml version="1.0" encoding="UTF-8"?><FunctionGroup2 Qualifier="Specifications, other" group="28" name="Ignition and control systems"><serv-cat servcat.name=" Ignition System"/><serv-cat servcat.name="System"/><doc-head>Engine Performance</doc-head><doc-subhead>Ignition And Control Systems - Specifications, other</doc-subhead>
          <FunctionGroup3 group="284" name="control system, fuel supply">
            <ti_title id="TITitle-12345-126" navTitle="navTitle" shortYearRange="2007-2012" title="ti_title" yearRange="2007-2012">
              <nevisid documentType="servinfosub" id="0900c8af8556f607" title="Description of parameters" vccNumber="VCC-291844-1" yearRange="2007-2012"/>
            </ti_title>
            <ti_title engine="B5244S4; B5244S7" id="TITitle-12345-127" navTitle="navTitle" shortYearRange="2005-2010" title="ti_title" yearRange="2005-2010">
              <!--<nevisid documentType="servinfosub" id="0900c8af80cc49d3" notFirstLevelInfo="true" title="Description of activations" vccNumber="VCC-149260-1" yearRange="2005-2010"/>-->
              <!--<nevisid documentType="servinfosub" id="0900c8af838312c5" notFirstLevelInfo="true" title="Description of parameters" vccNumber="VCC-149258-1" yearRange="2005-2010"/>-->
              <nevisid documentType="servinfosub" id="0900c8af830af3d7" notFirstLevelInfo="true" title="Description of parameters, quick test of the fuel tank system" vccNumber="VCC-157011-1" yearRange="2005-2010"/>
              <!--<nevisid documentType="servinfosub" id="0900c8af81336a9f" notFirstLevelInfo="true" title="Description of reading off extended diagnostic trouble code (DTC) information" vccNumber="VCC-149264-1" yearRange="2005-2010"/>-->
              <nevisid documentType="servinfosub" id="0900c8af82d447ff" notFirstLevelInfo="true" title="Description of status of fault codes, engine control module (ECM)" vccNumber="VCC-272876-1" yearRange="2005-2010"/>
              <nevisid documentType="servinfosub" id="0900c8af848cc67e" notFirstLevelInfo="true" title="Test phases, quick test fuel tank system" vccNumber="VCC-157010-1" yearRange="2005-2010"/>
              <nevisid documentType="servinfo" id="0900c8af80c58149" title="Vehicle communication information, engine control module (ECM)" vccNumber="VCC-149266-1" yearRange="2005-2010"><exclusiveOrphan id="0900c8af80cc49d3"/><exclusiveOrphan id="0900c8af838312c5"/><exclusiveOrphan id="0900c8af81336a9f"/></nevisid>
            </ti_title>
            
            <ti_title engine="B5254T3" id="TITitle-12345-128" navTitle="navTitle" shortYearRange="2004-2007" title="ti_title" yearRange="2004-2007">
              <!--<nevisid documentType="servinfosub" id="0900c8af8455ff9c" notFirstLevelInfo="true" title="Description of activation" vccNumber="VCC-153531-1" yearRange="2004-2007"/>-->
              <!--<nevisid documentType="servinfosub" id="0900c8af81dac779" notFirstLevelInfo="true" title="Description of detailed diagnostic trouble code information readout (2005-2007)" vccNumber="VCC-163791-1" yearRange="2005-2007"/>-->
              <!--<nevisid documentType="servinfosub" id="0900c8af85625004" notFirstLevelInfo="true" title="Description of parameters, Engine control module (ECM)" vccNumber="VCC-153939-1" yearRange="2004-2007"/>-->
              <nevisid documentType="servinfosub" id="0900c8af843544da" notFirstLevelInfo="true" title="Description of parameters, quick test of the fuel tank system" vccNumber="VCC-354907-1" yearRange="2004-2007"/>
              <!--<nevisid documentType="servinfosub" id="0900c8af8470ad4a" notFirstLevelInfo="true" title="Description of parameters, quick test of the fuel tank system (2005-2007)" vccNumber="VCC-163300-1" yearRange="2005-2007"/>-->
              <!--<nevisid documentType="servinfosub" id="0900c8af819335f4" notFirstLevelInfo="true" title="Description of reading off extended diagnostic trouble code (DTC) information (2004)" vccNumber="VCC-156493-1" yearRange="2004"/>-->
              <nevisid documentType="servinfosub" id="0900c8af843544de" notFirstLevelInfo="true" title="Test phases, quick test fuel tank system" vccNumber="VCC-354908-1" yearRange="2004-2007"/>
              <!--<nevisid documentType="servinfosub" id="0900c8af8559399c" notFirstLevelInfo="true" title="Test phases, quick test fuel tank system (2005-2007)" vccNumber="VCC-163301-1" yearRange="2005-2007"/>-->
              <nevisid documentType="servinfo" id="0900c8af80c5b645" title="Vehicle communication information, engine control module (ECM) (2004)" vccNumber="VCC-153530-1" yearRange="2004"><exclusiveOrphan id="0900c8af819335f4"/><exclusiveOrphan id="0900c8af85625004"/><exclusiveOrphan id="0900c8af8455ff9c"/></nevisid>
              <nevisid documentType="servinfo" id="0900c8af81aa1d63" title="Vehicle communication information, engine control module (ECM) (2005-2007)" vccNumber="VCC-163052-1" yearRange="2005-2007"><exclusiveOrphan id="0900c8af81dac779"/><exclusiveOrphan id="0900c8af85625004"/><exclusiveOrphan id="0900c8af8455ff9c"/></nevisid>
              <nevisid documentType="servinfo" id="0900c8af85593988" title="Vehicle communication, quick test fuel tank system (2005-2007)" vccNumber="VCC-163299-1" yearRange="2005-2007"><exclusiveOrphan id="0900c8af8559399c"/><exclusiveOrphan id="0900c8af8470ad4a"/></nevisid>
            </ti_title>
            <ti_title engine="B5254T7" id="TITitle-12345-129" navTitle="navTitle" shortYearRange="2008-2012" title="ti_title" yearRange="2008-2012">
              <!--<nevisid documentType="servinfosub" id="0900c8af8455ff9c" notFirstLevelInfo="true" title="Description of activation" vccNumber="VCC-153531-1" yearRange="2008-2012"/>-->
              <!--<nevisid documentType="servinfosub" id="0900c8af81dac779" notFirstLevelInfo="true" title="Description of detailed diagnostic trouble code information readout" vccNumber="VCC-163791-1" yearRange="2008-2012"/>-->
              <!--<nevisid documentType="servinfosub" id="0900c8af85625004" notFirstLevelInfo="true" title="Description of parameters, Engine control module (ECM)" vccNumber="VCC-153939-1" yearRange="2008-2012"/>-->
              <nevisid documentType="servinfosub" id="0900c8af843544da" notFirstLevelInfo="true" title="Description of parameters, quick test of the fuel tank system" vccNumber="VCC-354907-1" yearRange="2008-2012"/>
              <!--<nevisid documentType="servinfosub" id="0900c8af8470ad4a" notFirstLevelInfo="true" title="Description of parameters, quick test of the fuel tank system" vccNumber="VCC-163300-1" yearRange="2008-2012"/>-->
              <nevisid documentType="servinfosub" id="0900c8af843544de" notFirstLevelInfo="true" title="Test phases, quick test fuel tank system" vccNumber="VCC-354908-1" yearRange="2008-2012"/>
              <!--<nevisid documentType="servinfosub" id="0900c8af8559399c" notFirstLevelInfo="true" title="Test phases, quick test fuel tank system" vccNumber="VCC-163301-1" yearRange="2008-2012"/>-->
              <nevisid documentType="servinfo" id="0900c8af81aa1d63" title="Vehicle communication information, engine control module (ECM)" vccNumber="VCC-163052-1" yearRange="2008-2012"/>
              <nevisid documentType="servinfo" id="0900c8af85593988" title="Vehicle communication, quick test fuel tank system" vccNumber="VCC-163299-1" yearRange="2008-2012"/>
            </ti_title>
          </FunctionGroup3>
        </FunctionGroup2>