<orphans><doc-subhead>Power transmission</doc-subhead><ti_title><nevisid id="0900c8af850acb49" title="Active On Demand Coupling Fluid Level Check"/><nevisid id="0900c8af8592a634" title="Active On Demand Coupling Fluid Level Check"/><nevisid id="0900c8af85af41f8" title="Active On Demand Coupling Fluid Level Check"/><nevisid id="0900c8af86392a60" title="Active On Demand Coupling Fluid Level Check"/><nevisid id="0900c8af860b351f" title="Active On-Demand Coupling Seal"/><nevisid id="0900c8af8638bf7f" title="Active On-Demand Coupling Seal"/><nevisid id="0900c8af88160627" title="Active On-Demand Coupling Seal"/><nevisid id="0900c8af827f09fe" title="Adaptation of throttle module"/><nevisid id="0900c8af80be9376" title="Adjusting the position of the steering wheel"/><nevisid id="0900c8af80be5ebd" title="Airbag driver and passenger (SRS), replacing"/><nevisid id="0900c8af834c9131" title="Airbag driver’s side (SRS), replacing (3 spoke steering wheel)"/><nevisid id="0900c8af834c9139" title="Airbag driver’s side (SRS), replacing (3 spoke steering wheel)"/><nevisid id="0900c8af834c9279" title="Airbag driver’s side (SRS), replacing (4 spoke steering wheel)"/><nevisid id="0900c8af834c9378" title="Airbag driver’s side (SRS), replacing (4 spoke steering wheel)"/><nevisid id="0900c8af80be5f46" title="Airbag module seat (SIPS), replacing"/><nevisid id="0900c8af817dc082" title="Airbag passenger (SRS), replacing"/><nevisid id="0900c8af817dc2f5" title="Airbag passenger (SRS), replacing"/><nevisid id="0900c8af817dc3e1" title="Airbag passenger (SRS), replacing"/><nevisid id="0900c8af87308d61" title="Arm lower rear, to subframe (rear mounting)"/><nevisid id="0900c8af8012239f" title="Armrest"/><nevisid id="0900c8af817dc439" title="Ashtray rear, replacing"/><nevisid id="0900c8af838f898a" title="Audio unit, replacing"/><nevisid id="0900c8af858267c5" title="Audio unit, replacing"/><nevisid id="0900c8af83765140" title="Backrest"/><nevisid id="0900c8af8376514e" title="Backrest"/><nevisid id="0900c8af80be44d0" title="Backrest adjustment knob"/><nevisid id="0900c8af8011f51b" title="Backrest catches"/><nevisid id="0900c8af8473d31b" title="Back-up (reversing) lamps switch"/><nevisid id="0900c8af847405ab" title="Back-up (reversing) lamps switch"/><nevisid id="0900c8af847b753c" title="Back-up (reversing) lamps switch"/><nevisid id="0900c8af847b7552" title="Back-up (reversing) lamps switch"/><nevisid id="0900c8af84c5ae8f" title="Back-up (reversing) lamps switch"/><nevisid id="0900c8af84c5ae93" title="Back-up (reversing) lamps switch"/><nevisid id="0900c8af84fc3453" title="Back-up (reversing) lamps switch"/><nevisid id="0900c8af8502c21d" title="Back-up (reversing) lamps switch"/><nevisid id="0900c8af8502c26a" title="Back-up (reversing) lamps switch"/><nevisid id="0900c8af85319a7e" title="Back-up (reversing) lamps switch"/><nevisid id="0900c8af83521c28" title="Back-up lamp switch, replacing"/><nevisid id="0900c8af83fc727a" title="Ball joint, replacing"/><nevisid id="0900c8af83fc73ac" title="Ball joint, replacing"/><nevisid id="0900c8af862b789d" title="Ball joint, replacing"/><nevisid id="0900c8af8087fd0b" title="Bearing viscous coupling, replacing"/><nevisid id="0900c8af840f6d7e" title="Bevel gear"/><nevisid id="0900c8af840f6d80" title="Bevel gear"/><nevisid id="0900c8af840f6d82" title="Bevel gear"/><nevisid id="0900c8af83c225a4" title="Bevel gear, replacing"/><nevisid id="0900c8af83fc3e78" title="Bevel gear, replacing"/><nevisid id="0900c8af8423ce9d" title="Bevel gear, replacing"/><nevisid id="0900c8af8423cea2" title="Bevel gear, replacing"/><nevisid id="0900c8af8423ceaf" title="Bevel gear, replacing"/><nevisid id="0900c8af84244f7b" title="Bevel gear, replacing"/><nevisid id="0900c8af84244f80" title="Bevel gear, replacing"/><nevisid id="0900c8af8424503c" title="Bevel gear, replacing"/><nevisid id="0900c8af843c21ef" title="Boot CV joint housing, replacing"/><nevisid id="0900c8af843cbf1b" title="Boot CV joint housing, replacing"/><nevisid id="0900c8af843cc6c9" title="Boot CV joint housing, replacing"/><nevisid id="0900c8af80be8356" title="Brake fluid reservoir, replacing"/><nevisid id="0900c8af80c75f7d" title="Brake fluid reservoir, replacing"/><nevisid id="0900c8af83f3ac4e" title="Brake system bleeding"/><nevisid id="0900c8af80143f26" title="Bulb interior lighting, replacing"/><nevisid id="0900c8af83fcd276" title="Cable harness SRS system, repair"/><nevisid id="0900c8af847a7a86" title="Cable terminals surface treatment"/><nevisid id="0900c8af80123022" title="Cargo compartment side panel cover"/><nevisid id="0900c8af80be5ed3" title="Carphone equipment"/><nevisid id="0900c8af8362cc34" title="Catalytic converter"/><nevisid id="0900c8af842adb08" title="Catalytic converter"/><nevisid id="0900c8af80c5ca5c" title="CD reader, RTI (road traffic information), replacing"/><nevisid id="0900c8af817de6b5" title="Center console compartment middle, replacing"/><nevisid id="0900c8af800d2c82" title="Center console components"/><nevisid id="0900c8af80be5ef5" title="Center console, replacing"/><nevisid id="0900c8af80cb66ff" title="Center console, replacing"/><nevisid id="0900c8af80cba2ba" title="Center console, replacing"/><nevisid id="0900c8af814284eb" title="Center console, replacing"/><nevisid id="0900c8af817de69a" title="Center console, replacing"/><nevisid id="0900c8af817e2476" title="Center console, replacing"/><nevisid id="0900c8af80122f70" title="Center head restraint"/><nevisid id="0900c8af80be5ec3" title="Central loudspeaker, replacing"/><nevisid id="0900c8af83c836d2" title="Centre nut, drive shaft and tightening torque"/><nevisid id="0900c8af841da439" title="Checking for coolant in the oil"/><nevisid id="0900c8af881fc79b" title="Checking for coolant in the oil"/><nevisid id="0900c8af8168b6e6" title="Cigarette lighter assembly/electrical socket rear, replacing"/><nevisid id="0900c8af849e643f" title="Clutch four-wheel drive"/><nevisid id="0900c8af849f799c" title="Clutch four-wheel drive"/><nevisid id="0900c8af84dd8280" title="Clutch four-wheel drive"/><nevisid id="0900c8af84f35d2c" title="Clutch four-wheel drive"/><nevisid id="0900c8af85af41f0" title="Clutch four-wheel drive"/><nevisid id="0900c8af86ff8882" title="Clutch four-wheel drive"/><nevisid id="0900c8af87b2c57b" title="Clutch four-wheel drive"/><nevisid id="0900c8af84c63c3d" title="Clutch slave cylinder"/><nevisid id="0900c8af84fcd766" title="Clutch slave cylinder"/><nevisid id="0900c8af84fcd79a" title="Clutch slave cylinder"/><nevisid id="0900c8af84fcd7b2" title="Clutch slave cylinder"/><nevisid id="0900c8af84fcdfa1" title="Clutch slave cylinder"/><nevisid id="0900c8af86f72585" title="Clutch slave cylinder"/><nevisid id="0900c8af8768cd11" title="Clutch slave cylinder"/><nevisid id="0900c8af87f49f6a" title="Clutch slave cylinder"/><nevisid id="0900c8af80113d8f" title="Combined instrument panel surround"/><nevisid id="0900c8af80be5eee" title="Contact reel / steering wheel angle sensor, replacing"/><nevisid id="0900c8af80863c8a" title="Contact reel driver airbag module, resetting"/><nevisid id="0900c8af80be5f03" title="Courtesy lighting, front, replacing"/><nevisid id="0900c8af86cf9d95" title="Cover plate, to Bevel gear (M10)"/><nevisid id="0900c8af86cf9d98" title="Cover plate, to Bevel gear (M10)"/><nevisid id="0900c8af86cf9c07" title="Cover plate, to Bevel gear (M8)"/><nevisid id="0900c8af86cf9bb0" title="Cover plate, to Final drive"/><nevisid id="0900c8af844d26bc" title="Cover, control system"/><nevisid id="0900c8af84b258d0" title="Cover, control system"/><nevisid id="0900c8af852a5741" title="Cover, control system"/><nevisid id="0900c8af852c2c92" title="Cover, control system"/><nevisid id="0900c8af85665362" title="Cover, control system"/><nevisid id="0900c8af85a8beb0" title="Cover, control system"/><nevisid id="0900c8af85cb0601" title="Cover, control system"/><nevisid id="0900c8af86392c6f" title="Cover, control system"/><nevisid id="0900c8af8709a198" title="Cover, control system"/><nevisid id="0900c8af87d1545a" title="Cover, control system"/><nevisid id="0900c8af87d15463" title="Cover, control system"/><nevisid id="0900c8af87d1546c" title="Cover, control system"/><nevisid id="0900c8af87d15477" title="Cover, control system"/><nevisid id="0900c8af87d15486" title="Cover, control system"/><nevisid id="0900c8af8809e6d1" title="Cover, control system"/><nevisid id="0900c8af817dcc81" title="Cover/armrest tunnel, replacing"/><nevisid id="0900c8af80113fd3" title="Cushion"/><nevisid id="0900c8af8011f485" title="Cushion"/><nevisid id="0900c8af8655d14f" title="CV-joint boot clamp, large"/><nevisid id="0900c8af8655d34f" title="CV-joint boot clamp, small"/><nevisid id="0900c8af8387e064" title="Dashboard environment panel (including climate control module (CCM)), replacing"/><nevisid id="0900c8af8014ae5c" title="Dashboard, replacing"/><nevisid id="0900c8af8014ae61" title="Dashboard, replacing"/><nevisid id="0900c8af80be5ebe" title="Dashboard, replacing"/><nevisid id="0900c8af80c72148" title="Dashboard, replacing"/><nevisid id="0900c8af8108d6a6" title="Dashboard, replacing"/><nevisid id="0900c8af80be5f08" title="Data link connector (DLC), replacing"/><nevisid id="0900c8af838fccb8" title="Decals for safety equipment"/><nevisid id="0900c8af838fcd22" title="Decals for safety equipment"/><nevisid id="0900c8af817dc9e6" title="Description of frozen values"/><nevisid id="0900c8af8346b40e" title="Description of frozen values"/><nevisid id="0900c8af84a9d4e6" title="Description of frozen values"/><nevisid id="0900c8af84aa6514" title="Description of parameters"/><nevisid id="0900c8af850acb7c" title="Differential Fluid Level Check"/><nevisid id="0900c8af85724039" title="Differential Fluid Level Check"/><nevisid id="0900c8af85af41fc" title="Differential Fluid Level Check"/><nevisid id="0900c8af8638e25f" title="Differential Fluid Level Check"/><nevisid id="0900c8af87268e65" title="Differential Fluid Level Check"/><nevisid id="0900c8af87534743" title="Differential Fluid Level Check"/><nevisid id="0900c8af80127c54" title="Display screen / loudspeaker, RTI (road traffic information), replacing"/><nevisid id="0900c8af87d4fa41" title="Drive flange final drive"/><nevisid id="0900c8af881603be" title="Drive flange final drive"/><nevisid id="0900c8af881603ee" title="Drive flange final drive"/><nevisid id="0900c8af8733f493" title="Drive shaft bearing bracket, to Engine"/><nevisid id="0900c8af8014af1d" title="Drive shaft left, replacing"/><nevisid id="0900c8af80bebd6e" title="Drive shaft left, replacing"/><nevisid id="0900c8af814284ec" title="Drive shaft left, replacing"/><nevisid id="0900c8af82734cc8" title="Drive shaft left, replacing"/><nevisid id="0900c8af82da658b" title="Drive shaft left, replacing"/><nevisid id="0900c8af84b791dd" title="Drive shaft left, replacing"/><nevisid id="0900c8af854780b5" title="Drive shaft left, replacing"/><nevisid id="0900c8af839c9ef4" title="Drive shaft left-hand side, replace"/><nevisid id="0900c8af85478042" title="Drive shaft rear, replacing"/><nevisid id="0900c8af85478087" title="Drive shaft rear, replacing"/><nevisid id="0900c8af8014ae0a" title="Drive shaft right, replacing"/><nevisid id="0900c8af82734ccd" title="Drive shaft right, replacing"/><nevisid id="0900c8af82d16a81" title="Drive shaft right, replacing"/><nevisid id="0900c8af82da67ef" title="Drive shaft right, replacing"/><nevisid id="0900c8af839c9f69" title="Drive shaft right, replacing"/><nevisid id="0900c8af839cc09e" title="Drive shaft right, replacing"/><nevisid id="0900c8af854780a2" title="Drive shaft right, replacing"/><nevisid id="0900c8af839cc19d" title="Drive shaft right-hand side, replace"/><nevisid id="0900c8af8087fcff" title="Drive shaft seal rear final drive housing, replacing"/><nevisid id="0900c8af800d30ec" title="Driver information module (DIM), replacing"/><nevisid id="0900c8af857a9a3e" title="Driver information module (DIM), replacing"/><nevisid id="0900c8af8135b365" title="End mounting, replacing"/><nevisid id="0900c8af80ca2ff7" title="Exhaust manifold / gasket, replacing"/><nevisid id="0900c8af825d5253" title="Exhaust temperature sensor, replacing"/><nevisid id="0900c8af84aafcbe" title="Final drive"/><nevisid id="0900c8af85c7e38e" title="Final drive"/><nevisid id="0900c8af87b9d556" title="Final drive"/><nevisid id="0900c8af87f49f4c" title="Final drive"/><nevisid id="0900c8af80140f2f" title="Final drive, replacing"/><nevisid id="0900c8af80c9f5c7" title="Final drive, replacing"/><nevisid id="0900c8af828b00bc" title="Final drive, replacing"/><nevisid id="0900c8af82d2d5d8" title="Final drive, replacing"/><nevisid id="0900c8af82da579b" title="Final drive, replacing"/><nevisid id="0900c8af8472ffdc" title="Final drive, replacing"/><nevisid id="0900c8af84765bf7" title="Final drive, replacing"/><nevisid id="0900c8af8574851a" title="Final drive, replacing"/><nevisid id="0900c8af8574dfa4" title="Final drive, replacing"/><nevisid id="0900c8af80140f5f" title="Final drive, transferring components"/><nevisid id="0900c8af80146a68" title="Final drive, transferring components"/><nevisid id="0900c8af8087fcfe" title="Final drive, transferring components"/><nevisid id="0900c8af82da5908" title="Final drive, transferring components"/><nevisid id="0900c8af80a3d10d" title="Flanged joint, assembling"/><nevisid id="0900c8af80be5fe4" title="Front door sill trim panel"/><nevisid id="0900c8af817ddeb3" title="Front seat, replacing"/><nevisid id="0900c8af83dc78da" title="Gaiter CV joint, replacing"/><nevisid id="0900c8af844d188c" title="Gear selector assembly"/><nevisid id="0900c8af844d189e" title="Gear selector assembly"/><nevisid id="0900c8af844d18bc" title="Gear selector assembly"/><nevisid id="0900c8af84680506" title="Gear selector assembly"/><nevisid id="0900c8af84beb2aa" title="Gear selector assembly"/><nevisid id="0900c8af84c5ad0b" title="Gear selector assembly"/><nevisid id="0900c8af84f1eb3f" title="Gear selector assembly"/><nevisid id="0900c8af85535315" title="Gear selector assembly"/><nevisid id="0900c8af85535319" title="Gear selector assembly"/><nevisid id="0900c8af85dfab1d" title="Gear selector assembly"/><nevisid id="0900c8af87fe318a" title="Gear selector assembly"/><nevisid id="0900c8af801222da" title="Gear selector assembly and steering wheel module"/><nevisid id="0900c8af8012bf9f" title="Glove compartment, replacing"/><nevisid id="0900c8af80be5ee4" title="Glove compartment, replacing"/><nevisid id="0900c8af800e0fd1" title="Grab handle"/><nevisid id="0900c8af80140f4b" title="Half shaft seal rear final drive housing, replacing"/><nevisid id="0900c8af80bed3b5" title="Half shaft, left, replacing"/><nevisid id="0900c8af80c65fb9" title="Half shaft, left, replacing"/><nevisid id="0900c8af80c65fba" title="Half shaft, left, replacing"/><nevisid id="0900c8af80bebc81" title="Half shaft, right, replacing"/><nevisid id="0900c8af80bebc8e" title="Half shaft, right, replacing"/><nevisid id="0900c8af80ca2fba" title="Half shaft, right, replacing"/><nevisid id="0900c8af800e0783" title="Handling non-deployed SRS-components"/><nevisid id="0900c8af80be69fc" title="Handset, replacing"/><nevisid id="0900c8af80cb6704" title="Handset, replacing"/><nevisid id="0900c8af8144999f" title="Handset, replacing"/><nevisid id="0900c8af814499ae" title="Handset, replacing"/><nevisid id="0900c8af814499b2" title="Handset, replacing"/><nevisid id="0900c8af801230d9" title="Headlining, replacing"/><nevisid id="0900c8af801344b1" title="Headlining, replacing"/><nevisid id="0900c8af80be44d2" title="Headlining, replacing"/><nevisid id="0900c8af825fbf42" title="Heated oxygen sensor (HO2S), replacing"/><nevisid id="0900c8af8087fa80" title="IC (inflatable curtain) module, replacing"/><nevisid id="0900c8af808849a6" title="IC (inflatable curtain) module, replacing"/><nevisid id="0900c8af80be5f30" title="IC (inflatable curtain) module, replacing"/><nevisid id="0900c8af82cf6073" title="Igniter wire connector"/><nevisid id="0900c8af84231cb6" title="Input shaft, cleaning"/><nevisid id="0900c8af86f6c5fe" title="Input shaft, cleaning"/><nevisid id="0900c8af87f49f30" title="Input shaft, cleaning"/><nevisid id="0900c8af808585a3" title="Installing wheels"/><nevisid id="0900c8af80bebad9" title="Installing wheels"/><nevisid id="0900c8af850f88e9" title="Interior lighting and upper electronic module (UEM), replacing"/><nevisid id="0900c8af80145d3f" title="Interior lighting, replacing"/><nevisid id="0900c8af80149a74" title="Jacking points, body"/><nevisid id="0900c8af846c6c23" title="Joining the cables"/><nevisid id="0900c8af846c6a59" title="Junction sleeve"/><nevisid id="0900c8af84b16cf1" title="Kåpa kontrollsystem"/><nevisid id="0900c8af80be5f2a" title="Keypad unit, steering wheel, replacing"/><nevisid id="0900c8af844c9a5f" title="Leak diagnostic pump"/><nevisid id="0900c8af80be5ed2" title="Lifting seats in and out"/><nevisid id="0900c8af817de36c" title="Lifting seats in and out"/><nevisid id="0900c8af80be44c7" title="Lifting the front seats in and out"/><nevisid id="0900c8af817de34e" title="Lifting the front seats in and out"/><nevisid id="0900c8af844d29aa" title="Line pressure/stall speed, checking"/><nevisid id="0900c8af8011f518" title="Lock side piece"/><nevisid id="0900c8af86cb8a6d" title="Lubricants, engine"/><nevisid id="0900c8af80be44d1" title="Lumber support adjustment knob, replacing"/><nevisid id="0900c8af849c7324" title="Neutral Position Sensor"/><nevisid id="0900c8af850074dc" title="Neutral Position Sensor"/><nevisid id="0900c8af850696f1" title="Neutral Position Sensor"/><nevisid id="0900c8af851e8e0d" title="Neutral Position Sensor"/><nevisid id="0900c8af858cdbd8" title="Neutral Position Sensor"/><nevisid id="0900c8af85dff2db" title="Neutral Position Sensor"/><nevisid id="0900c8af862daa59" title="Neutral Position Sensor"/><nevisid id="0900c8af86f6c285" title="Neutral Position Sensor"/><nevisid id="0900c8af87309008" title="Neutral Position Sensor"/><nevisid id="0900c8af87f49f34" title="Neutral Position Sensor"/><nevisid id="0900c8af83492d52" title="Non-triggered SRS components, destruction"/><nevisid id="0900c8af80c65fb0" title="Oil cooler, flush cleaning"/><nevisid id="0900c8af844d27f8" title="Oil grade, checking"/><nevisid id="0900c8af844d283b" title="Oil grade, checking"/><nevisid id="0900c8af844d2875" title="Oil grade, checking"/><nevisid id="0900c8af844d28b0" title="Oil grade, checking"/><nevisid id="0900c8af844d28e5" title="Oil grade, checking"/><nevisid id="0900c8af85856231" title="Oil grade, checking"/><nevisid id="0900c8af8638c555" title="Oil grade, checking"/><nevisid id="0900c8af80be6c7a" title="Oil level, checking"/><nevisid id="0900c8af80c65fb4" title="Oil level, checking"/><nevisid id="0900c8af8274b45d" title="Oil level, checking"/><nevisid id="0900c8af84051426" title="Oil level, checking"/><nevisid id="0900c8af84051428" title="Oil level, checking"/><nevisid id="0900c8af84202827" title="Oil level, checking"/><nevisid id="0900c8af80121a3f" title="Outer head restraint"/><nevisid id="0900c8af817e64f5" title="Panel boot gear selector, replacing"/><nevisid id="0900c8af80be44d3" title="Panel, A-post, replacing"/><nevisid id="0900c8af8012310b" title="Panel, B-post, replacing"/><nevisid id="0900c8af80be44d4" title="Panel, B-post, replacing"/><nevisid id="0900c8af80be5ff5" title="Panel, cantrail, replacing"/><nevisid id="0900c8af801230a6" title="Panel, C-post, replacing"/><nevisid id="0900c8af80be44d5" title="Panel, C-post, replacing"/><nevisid id="0900c8af80be8a6c" title="Panel, C-post, replacing"/><nevisid id="0900c8af80123086" title="Panel, D-post, replacing"/><nevisid id="0900c8af800d8021" title="Parcel shelf"/><nevisid id="0900c8af837633e3" title="Parcel shelf, replacing"/><nevisid id="0900c8af83764fde" title="Parcel shelf, replacing"/><nevisid id="0900c8af8389a3e5" title="Particle filter, replacing"/><nevisid id="0900c8af80121aa2" title="Pen holder"/><nevisid id="0900c8af8638ca75" title="Pinion nut for clutch AOC"/><nevisid id="0900c8af83c225e6" title="Pinion seal bevel gear, replacing"/><nevisid id="0900c8af8476fff4" title="Pinjongmutter till koppling AOC"/><nevisid id="0900c8af8369cdd7" title="Propeller Shaft"/><nevisid id="0900c8af823e5b53" title="Propeller shaft, replacing"/><nevisid id="0900c8af84765c90" title="Propeller shaft, replacing"/><nevisid id="0900c8af8472caed" title="Propeller shaft, special information"/><nevisid id="0900c8af852be482" title="Pump, leakage detection"/><nevisid id="0900c8af85a16c0c" title="Pump, leakage detection"/><nevisid id="0900c8af85a3c5ca" title="Pump, leakage detection"/><nevisid id="0900c8af874b517d" title="Pump, leakage detection"/><nevisid id="0900c8af80c5ceef" title="Radio cassette player, replacing"/><nevisid id="0900c8af838f5691" title="Radio cassette player, replacing"/><nevisid id="0900c8af838f89bc" title="Radio cassette player, replacing"/><nevisid id="0900c8af838f162a" title="Radio/carphone, replacing"/><nevisid id="0900c8af838f56ba" title="Radio/carphone, replacing"/><nevisid id="0900c8af850e961d" title="Radio/carphone, replacing"/><nevisid id="0900c8af84687385" title="Radio/telephone, changing"/><nevisid id="0900c8af852a5810" title="Rear drive axle"/><nevisid id="0900c8af85a8bec4" title="Rear drive axle"/><nevisid id="0900c8af85cbda2f" title="Rear drive axle"/><nevisid id="0900c8af875deecc" title="Rear drive axle"/><nevisid id="0900c8af879cd1ec" title="Rear drive axle"/><nevisid id="0900c8af8012312a" title="Rear mounting for the cargo net"/><nevisid id="0900c8af800d8025" title="Rear seat assembly"/><nevisid id="0900c8af801230bc" title="Rear side door sill trim panel, left and right"/><nevisid id="0900c8af80be5ed8" title="Rear view mirror, replacing"/><nevisid id="0900c8af80be5ec6" title="Replacing climate control unit switches"/><nevisid id="0900c8af808630ac" title="Replacing drive shafts boots"/><nevisid id="0900c8af80129e35" title="Replacing the A-post panel"/><nevisid id="0900c8af8472cba6" title="Replacing the bevel gear/chain housing"/><nevisid id="0900c8af8629f21f" title="Replacing the front left drive shaft"/><nevisid id="0900c8af854780d8" title="Replacing the front right drive shaft"/><nevisid id="0900c8af83c22535" title="Replacing the pinion seal for the bevel gear"/><nevisid id="0900c8af83c225dc" title="Replacing the pinion seal for the bevel gear"/><nevisid id="0900c8af800d1ca7" title="Replacing the right drive shaft pilot bearing"/><nevisid id="0900c8af80be3700" title="Replacing the steering column covers"/><nevisid id="0900c8af8317d85c" title="Replacing the steering wheel"/><nevisid id="0900c8af80bebc7f" title="Replacing the three-way catalytic converter (TWC)"/><nevisid id="0900c8af8105dc71" title="Replacing the three-way catalytic converter (TWC)"/><nevisid id="0900c8af827f0d30" title="Resetting counter particle filter"/><nevisid id="0900c8af80be89ad" title="Resetting the adaptation"/><nevisid id="0900c8af800e0fa6" title="Roof module"/><nevisid id="0900c8af80ca06e3" title="Seal CV joint housing, replacing"/><nevisid id="0900c8af82734cdf" title="Seal CV joint housing, replacing"/><nevisid id="0900c8af8424521b" title="Seal rings, connecting socket"/><nevisid id="0900c8af80bebca9" title="Seal, drive shaft, replacing"/><nevisid id="0900c8af80bed3ae" title="Seal, drive shaft, replacing"/><nevisid id="0900c8af84194f0f" title="Sealing ring connecting socket drive shaft/differential, replacing"/><nevisid id="0900c8af84194f11" title="Sealing ring connecting socket drive shaft/differential, replacing"/><nevisid id="0900c8af84194f13" title="Sealing ring connecting socket drive shaft/differential, replacing"/><nevisid id="0900c8af84194f29" title="Sealing rings connecting socket, replacing"/><nevisid id="0900c8af80875b01" title="Seat belt buckle"/><nevisid id="0900c8af80be44c9" title="Seat belt buckle end mounting"/><nevisid id="0900c8af8087fa7a" title="Seat belts, replacing"/><nevisid id="0900c8af80be5f39" title="Seat belts, replacing"/><nevisid id="0900c8af800da0bf" title="Side cushion"/><nevisid id="0900c8af8011f47e" title="Side cushion"/><nevisid id="0900c8af801352ec" title="Side cushion"/><nevisid id="0900c8af837634bf" title="Side cushion"/><nevisid id="0900c8af80be44c8" title="Side panel"/><nevisid id="0900c8af817de6a9" title="Side panel upper center console, replacing"/><nevisid id="0900c8af817e255b" title="Side panel upper center console, replacing"/><nevisid id="0900c8af80123041" title="Side panel, cargo compartment, replacing"/><nevisid id="0900c8af80122f47" title="Side piece"/><nevisid id="0900c8af84beb317" title="Solenoid gear lever assembly"/><nevisid id="0900c8af85535206" title="Solenoid gear lever assembly"/><nevisid id="0900c8af85dfafb6" title="Solenoid gear lever assembly"/><nevisid id="0900c8af872ca3a0" title="Solenoid gear lever assembly"/><nevisid id="0900c8af85535679" title="Solenoid gear selector assembly"/><nevisid id="0900c8af8572eabe" title="Solenoid gear selector assembly"/><nevisid id="0900c8af85ed5a2a" title="Solenoid gear selector assembly"/><nevisid id="0900c8af86137a68" title="Solenoid gear selector assembly"/><nevisid id="0900c8af80be5ee9" title="Soundproofing panel, replacing"/><nevisid id="0900c8af80bec907" title="Soundproofing panel, replacing"/><nevisid id="0900c8af84ace6e6" title="Splines greasing"/><nevisid id="0900c8af80be5ecc" title="SRS connector"/><nevisid id="0900c8af85985451" title="Steering wheel module (SWM), replacing"/><nevisid id="0900c8af82b5a350" title="Steering wheel, replacing"/><nevisid id="0900c8af856328dd" title="Sub-frame front, replacing"/><nevisid id="0900c8af800e0fce" title="Sun visor, replacing"/><nevisid id="0900c8af850b5a0a" title="Supplemental restraint system module (SRS), replacing"/><nevisid id="0900c8af850b8d3e" title="Supplemental restraint system module (SRS), replacing"/><nevisid id="0900c8af80be5ede" title="Switch, sun roof, replacing"/><nevisid id="0900c8af80bec709" title="Switches lights, replacing"/><nevisid id="0900c8af84565d82" title="System pressure/Stall speed"/><nevisid id="0900c8af8456c071" title="System pressure/Stall speed"/><nevisid id="0900c8af84202eb4" title="Tensioner 999 5659, User instructions"/><nevisid id="0900c8af80c65fb1" title="Test Drive Form, description"/><nevisid id="0900c8af80c65fb3" title="Test Drive Form, description"/><nevisid id="0900c8af8011f482" title="The backrest"/><nevisid id="0900c8af800e0f2b" title="The front sill trim panel"/><nevisid id="0900c8af800e0f2e" title="The rear sill trim panel"/><nevisid id="0900c8af80122f5b" title="The side piece for the cargo net"/><nevisid id="0900c8af80147266" title="Three-way catalytic converter (TWC), replacing"/><nevisid id="0900c8af801480d2" title="Three-way catalytic converter (TWC), replacing"/><nevisid id="0900c8af80148e83" title="Three-way catalytic converter (TWC), replacing"/><nevisid id="0900c8af80ca2fed" title="Three-way catalytic converter (TWC), replacing"/><nevisid id="0900c8af8105dc70" title="Three-way catalytic converter (TWC), replacing"/><nevisid id="0900c8af8105dc8c" title="Three-way catalytic converter (TWC), replacing"/><nevisid id="0900c8af8105dca8" title="Three-way catalytic converter (TWC), replacing"/><nevisid id="0900c8af834f7fcc" title="Three-way catalytic converter (TWC), replacing"/><nevisid id="0900c8af8389a368" title="Throttle body, replacing"/><nevisid id="0900c8af8360f851" title="Tightening torque"/><nevisid id="0900c8af83b3c033" title="Tightening torque"/><nevisid id="0900c8af83b4c27d" title="Tightening torque"/><nevisid id="0900c8af840e65e4" title="Tightening torque"/><nevisid id="0900c8af84b96f7b" title="Tightening torque"/><nevisid id="0900c8af84eb81c7" title="Tightening torque"/><nevisid id="0900c8af84fe1c93" title="Tightening torque"/><nevisid id="0900c8af85a62ed5" title="Tightening torque"/><nevisid id="0900c8af85bdf592" title="Tightening torque"/><nevisid id="0900c8af85f5e7e7" title="Tightening torque"/><nevisid id="0900c8af844d2934" title="Transaxle oil"/><nevisid id="0900c8af84a1741b" title="Transaxle oil"/><nevisid id="0900c8af85535489" title="Transaxle oil"/><nevisid id="0900c8af85ca005e" title="Transaxle oil"/><nevisid id="0900c8af85ca0166" title="Transaxle oil"/><nevisid id="0900c8af85cb080e" title="Transaxle oil"/><nevisid id="0900c8af85cb6da5" title="Transaxle oil"/><nevisid id="0900c8af85cb6ea8" title="Transaxle oil"/><nevisid id="0900c8af86130bcf" title="Transaxle oil"/><nevisid id="0900c8af862deaf3" title="Transaxle oil"/><nevisid id="0900c8af8638c55a" title="Transaxle oil"/><nevisid id="0900c8af86e737d8" title="Transaxle oil"/><nevisid id="0900c8af876139e2" title="Transaxle oil"/><nevisid id="0900c8af84530a6c" title="Transaxle, removing"/><nevisid id="0900c8af8472ff9e" title="Transfer Case Connecting Sleeve Seals"/><nevisid id="0900c8af85642b1c" title="Transfer Case Connecting Sleeve Seals"/><nevisid id="0900c8af859f837f" title="Transfer Case Connecting Sleeve Seals"/><nevisid id="0900c8af859fe577" title="Transfer Case Connecting Sleeve Seals"/><nevisid id="0900c8af86f548b7" title="Transfer Case Connecting Sleeve Seals"/><nevisid id="0900c8af87ac743b" title="Transfer Case Connecting Sleeve Seals"/><nevisid id="0900c8af844d1cfc" title="Transfer Case Seal RH"/><nevisid id="0900c8af8708b8f4" title="Transfer Case Seal RH"/><nevisid id="0900c8af8749659c" title="Transfer Case Seal RH"/><nevisid id="0900c8af874967b9" title="Transfer Case Seal RH"/><nevisid id="0900c8af8749a360" title="Transfer Case Seal RH"/><nevisid id="0900c8af874a0bff" title="Transfer Case Seal RH"/><nevisid id="0900c8af874a3e25" title="Transfer Case Seal RH"/><nevisid id="0900c8af874b502a" title="Transfer Case Seal RH"/><nevisid id="0900c8af874b503b" title="Transfer Case Seal RH"/><nevisid id="0900c8af874b5056" title="Transfer Case Seal RH"/><nevisid id="0900c8af85309294" title="Transmission"/><nevisid id="0900c8af85535671" title="Transmission"/><nevisid id="0900c8af856df607" title="Transmission"/><nevisid id="0900c8af85769e33" title="Transmission"/><nevisid id="0900c8af8576a631" title="Transmission"/><nevisid id="0900c8af8576a84c" title="Transmission"/><nevisid id="0900c8af86424728" title="Transmission"/><nevisid id="0900c8af8657785c" title="Transmission"/><nevisid id="0900c8af86821a6c" title="Transmission"/><nevisid id="0900c8af86a0edd5" title="Transmission"/><nevisid id="0900c8af86a0ee74" title="Transmission"/><nevisid id="0900c8af86a0eedb" title="Transmission"/><nevisid id="0900c8af86a0f19a" title="Transmission"/><nevisid id="0900c8af86a0f309" title="Transmission"/><nevisid id="0900c8af86a0f57b" title="Transmission"/><nevisid id="0900c8af86a0febc" title="Transmission"/><nevisid id="0900c8af86a10867" title="Transmission"/><nevisid id="0900c8af86a111fb" title="Transmission"/><nevisid id="0900c8af86a1cacc" title="Transmission"/><nevisid id="0900c8af86a1cb0c" title="Transmission"/><nevisid id="0900c8af86a1cb84" title="Transmission"/><nevisid id="0900c8af86c4a173" title="Transmission"/><nevisid id="0900c8af8708af24" title="Transmission"/><nevisid id="0900c8af873090be" title="Transmission"/><nevisid id="0900c8af8762dbe7" title="Transmission"/><nevisid id="0900c8af8796814c" title="Transmission"/><nevisid id="0900c8af87a14089" title="Transmission"/><nevisid id="0900c8af87a19218" title="Transmission"/><nevisid id="0900c8af87a19285" title="Transmission"/><nevisid id="0900c8af87ac696b" title="Transmission"/><nevisid id="0900c8af87ac698d" title="Transmission"/><nevisid id="0900c8af87f49f6e" title="Transmission"/><nevisid id="0900c8af88248d27" title="Transmission"/><nevisid id="0900c8af844d249f" title="Transmission Control Module (TCM)"/><nevisid id="0900c8af844d24cf" title="Transmission Control Module (TCM)"/><nevisid id="0900c8af844d24f2" title="Transmission Control Module (TCM)"/><nevisid id="0900c8af848778e0" title="Transmission Control Module (TCM)"/><nevisid id="0900c8af84c63d80" title="Transmission Control Module (TCM)"/><nevisid id="0900c8af859ddfbb" title="Transmission Control Module (TCM)"/><nevisid id="0900c8af859e04c6" title="Transmission Control Module (TCM)"/><nevisid id="0900c8af859e0564" title="Transmission Control Module (TCM)"/><nevisid id="0900c8af859e0873" title="Transmission Control Module (TCM)"/><nevisid id="0900c8af859e08df" title="Transmission Control Module (TCM)"/><nevisid id="0900c8af859e0946" title="Transmission Control Module (TCM)"/><nevisid id="0900c8af859e09b0" title="Transmission Control Module (TCM)"/><nevisid id="0900c8af859e09d9" title="Transmission Control Module (TCM)"/><nevisid id="0900c8af859e7631" title="Transmission Control Module (TCM)"/><nevisid id="0900c8af859e76f3" title="Transmission Control Module (TCM)"/><nevisid id="0900c8af859e77a2" title="Transmission Control Module (TCM)"/><nevisid id="0900c8af85af42c0" title="Transmission Control Module (TCM)"/><nevisid id="0900c8af85f1c000" title="Transmission Control Module (TCM)"/><nevisid id="0900c8af85f1c131" title="Transmission Control Module (TCM)"/><nevisid id="0900c8af8638d7ef" title="Transmission Control Module (TCM)"/><nevisid id="0900c8af86578ea5" title="Transmission Control Module (TCM)"/><nevisid id="0900c8af86d982e2" title="Transmission Control Module (TCM)"/><nevisid id="0900c8af872fe360" title="Transmission Control Module (TCM)"/><nevisid id="0900c8af8732ba6f" title="Transmission Control Module (TCM)"/><nevisid id="0900c8af87481f35" title="Transmission Control Module (TCM)"/><nevisid id="0900c8af8766e529" title="Transmission Control Module (TCM)"/><nevisid id="0900c8af8795ae38" title="Transmission Control Module (TCM)"/><nevisid id="0900c8af87998ab6" title="Transmission Control Module (TCM)"/><nevisid id="0900c8af844d23e5" title="Transmission Control Unit Solenoids"/><nevisid id="0900c8af845854be" title="Transmission Control Unit Solenoids"/><nevisid id="0900c8af84c5ae83" title="Transmission Control Unit Solenoids"/><nevisid id="0900c8af86578e71" title="Transmission Control Unit Solenoids"/><nevisid id="0900c8af86f6c4c0" title="Transmission Control Unit Solenoids"/><nevisid id="0900c8af80be402d" title="Transmission oil / oil filter, replacing"/><nevisid id="0900c8af8427ee38" title="Transmission, checking"/><nevisid id="0900c8af84a29c48" title="Transmission, checking"/><nevisid id="0900c8af85912b4d" title="Transmission, installation"/><nevisid id="0900c8af83b48bb4" title="Transmission, installing"/><nevisid id="0900c8af83b4bc9f" title="Transmission, installing"/><nevisid id="0900c8af844d0fe8" title="Transmission, installing"/><nevisid id="0900c8af844d1050" title="Transmission, installing"/><nevisid id="0900c8af844d1059" title="Transmission, installing"/><nevisid id="0900c8af844d0f19" title="Transmission, removing"/><nevisid id="0900c8af844d0f43" title="Transmission, removing"/><nevisid id="0900c8af844d0f48" title="Transmission, removing"/><nevisid id="0900c8af87f09240" title="Transmission, removing"/><nevisid id="0900c8af80be44cf" title="Upholstery back rest, replacing"/><nevisid id="0900c8af83643203" title="Upholstery back rest, replacing"/><nevisid id="0900c8af80881050" title="Upholstery, center armrest, replacing"/><nevisid id="0900c8af85ebf71f" title="Växellådsolja, byte"/><nevisid id="0900c8af80124d06" title="Ventilation vents and seals, replacing"/><nevisid id="0900c8af8014a5ff" title="Ventilation vents and seals, replacing"/><nevisid id="0900c8af8087fd0a" title="Viscous coupling / pinion seal, replacing"/><nevisid id="0900c8af80be5eec" title="Washer / wiper switch, replacing"/><nevisid id="0900c8af8574207a" title="Wheel alignment, checking / adjusting"/><nevisid id="0900c8af8466a33f" title="Wheel camber, specifications"/><nevisid id="0900c8af8087f97c" title="Wheel knuckle / spring strut, calibrating"/><nevisid id="0900c8af8457b6b9" title="Wheel speed sensor, rear"/><nevisid id="0900c8af8607ac09" title="Wheel speed sensor, rear"/><nevisid id="0900c8af8607b119" title="Wheel speed sensor, rear"/><nevisid id="0900c8af86080af4" title="Wheel speed sensor, rear"/><nevisid id="0900c8af86391988" title="Wheel speed sensor, rear"/><nevisid id="0900c8af80be5ec8" title="Windshield antenna / amplifier, CD player, replacing"/></ti_title></orphans>