<?xml version="1.0" encoding="UTF-8"?><FunctionGroup2 Qualifier="Service programs" group="31" name="Battery and mounting"><serv-cat servcat.name="Charging System"/><doc-head>Electrical</doc-head><doc-subhead>Battery And Mounting - Service programs</doc-subhead>
          <FunctionGroup3 group="NULL" name="NULL">
            <ti_title id="TITitle-12345-235" navTitle="navTitle" shortYearRange="2004-2012" title="ti_title" yearRange="2004-2012">
              <!--<nevisid documentType="servinfosub" id="0900c8af8422f5c0" notFirstLevelInfo="true" title="Battery acid level, checking" vccNumber="VCC-111611-1" yearRange="2004-2012"/>-->
              <nevisid documentType="servinfo" id="0900c8af800efc99" title="Battery maintenance" vccNumber="VCC-111623-1" yearRange="2004-2012"><exclusiveOrphan id="0900c8af85495f55"/><exclusiveOrphan id="0900c8af8422f5c0"/></nevisid>
              <!--<nevisid documentType="servinfosub" id="0900c8af85495f55" notFirstLevelInfo="true" title="Battery, charging" vccNumber="VCC-033732-1" yearRange="2004-2012"/>-->
            </ti_title>
          </FunctionGroup3>
        </FunctionGroup2>