<?xml version="1.0" encoding="UTF-8"?><FunctionGroup2 Qualifier="Removal, replacement and installation" group="72" name="Springs"><serv-cat servcat.name=" Suspension Rear"/><serv-cat servcat.name="Suspension Front"/><doc-head>Suspension</doc-head><doc-subhead>Springs - Removal, replacement and installation</doc-subhead>
          <FunctionGroup3 group="723" name="spring front, helical spring and torsion spring">
            <ti_title id="TITitle-12345-544" navTitle="navTitle" shortYearRange="2005-2010" title="ti_title" trans="AW50/51 AWD; M66 AWD" yearRange="2005-2010">
              <nevisid documentType="servinfosub" id="0900c8af844d4afa" title="Spring" vccNumber="VCC-370833-2" yearRange="2005-2010"><exclusiveOrphan id="0900c8af84fb8cd4"/><exclusiveOrphan id="0900c8af85cabd8b"/><exclusiveOrphan id="0900c8af85c1ceca"/><exclusiveOrphan id="0900c8af859bf889"/><exclusiveOrphan id="0900c8af859dc666"/><exclusiveOrphan id="0900c8af86b99124"/></nevisid>
            </ti_title>
            <ti_title id="TITitle-12345-545" navTitle="navTitle" shortYearRange="2004-2012" title="ti_title" trans="AW55-50/51SN" yearRange="2004-2010, 2012">
              <nevisid documentType="servinfosub" id="0900c8af85985c5b" title="Spring" vccNumber="VCC-370833-1" yearRange="2004-2010, 2012"><exclusiveOrphan id="0900c8af85c03bfb"/></nevisid>
            </ti_title>
            <ti_title id="TITitle-12345-546" navTitle="navTitle" shortYearRange="2005-2010" title="ti_title" trans="M56; M66" yearRange="2005-2010">
              <nevisid documentType="servinfosub" id="0900c8af85985c5b" title="Spring" vccNumber="VCC-370833-1" yearRange="2005-2010"/>
            </ti_title>
            
            
            <ti_title engine="B5254T7" id="TITitle-12345-547" navTitle="navTitle" shortYearRange="2011" title="ti_title" trans="AW55-50/51SN" yearRange="2011">
              <nevisid documentType="servinfosub" id="0900c8af85985c5b" title="Spring" vccNumber="VCC-370833-1" yearRange="2011"/>
            </ti_title>
          </FunctionGroup3>
          <FunctionGroup3 group="724" name="spring rear, helical spring and torsion spring">
            <ti_title id="TITitle-12345-548" navTitle="navTitle" shortYearRange="2005-2010" title="ti_title" trans="AW50/51 AWD; M66 AWD" yearRange="2005-2010">
              <nevisid documentType="servinfosub" id="0900c8af844d4b22" title="Spring" vccNumber="VCC-370834-2" yearRange="2005-2010"><exclusiveOrphan id="0900c8af859bf889"/><exclusiveOrphan id="0900c8af859dc666"/><exclusiveOrphan id="0900c8af86b99124"/></nevisid>
            </ti_title>
            <ti_title id="TITitle-12345-549" navTitle="navTitle" shortYearRange="2004-2010" title="ti_title" trans="AW55-50/51SN" yearRange="2004-2010">
              <nevisid documentType="servinfosub" id="0900c8af85cb08e0" title="Spring" vccNumber="VCC-370834-1" yearRange="2004-2010"><exclusiveOrphan id="0900c8af84f87658"/><exclusiveOrphan id="0900c8af84f876bf"/><exclusiveOrphan id="0900c8af86b99124"/></nevisid>
            </ti_title>
            <ti_title id="TITitle-12345-550" navTitle="navTitle" shortYearRange="2005-2010" title="ti_title" trans="M56; M66" yearRange="2005-2010">
              <nevisid documentType="servinfosub" id="0900c8af85cb08e0" title="Spring" vccNumber="VCC-370834-1" yearRange="2005-2010"/>
            </ti_title>
            
            
            <ti_title engine="B5254T7" id="TITitle-12345-551" navTitle="navTitle" shortYearRange="2011-2012" title="ti_title" trans="AW55-50/51SN" yearRange="2011, 2012">
              <nevisid documentType="servinfosub" id="0900c8af85cb08e0" title="Spring" vccNumber="VCC-370834-1" yearRange="2011, 2012"/>
            </ti_title>
          </FunctionGroup3>
        </FunctionGroup2>