<?xml version="1.0" encoding="UTF-8"?><FunctionGroup2 Qualifier="Cleaning, Inspection and Adjustment" group="52" name="Hydraulic/Vacuum-hydraulic brakes"><serv-cat servcat.name="Mechanical - Hydraulic"/><doc-head>Brakes</doc-head><doc-subhead>Hydraulic-Vacuum-Hydraulic Brakes - Cleaning, Inspection and Adjustment</doc-subhead>
          <FunctionGroup3 group="526" name="vacuum pump and mountings">
            <ti_title id="TITitle-12345-749" navTitle="navTitle" shortYearRange="2004-2012" title="ti_title" yearRange="2004-2012">
              <nevisid documentType="servinfosub" id="0900c8af844d3c9b" title="Vacuum system, checking" vccNumber="VCC-370767-1" yearRange="2004-2012"><exclusiveOrphan id="0900c8af847dcd9a"/><exclusiveOrphan id="0900c8af844d3a83"/><exclusiveOrphan id="0900c8af844d3c74"/></nevisid>
            </ti_title>
          </FunctionGroup3>
        </FunctionGroup2>