<?xml version="1.0" encoding="UTF-8"?><FunctionGroup2 Qualifier="Specifications, other" group="59" name="Brake control system"><serv-cat servcat.name="Anti-Lock/Traction Control"/><doc-head>Brakes</doc-head><doc-subhead>Brake Control System - Specifications, other</doc-subhead>
          <FunctionGroup3 group="593" name="anti-lock brake (anti-skid)">
            <ti_title id="TITitle-12345-142" navTitle="navTitle" shortYearRange="2004-2010" title="ti_title" yearRange="2004-2010">
              <!--<nevisid documentType="servinfosub" id="0900c8af86f5d6b2" notFirstLevelInfo="true" title="Beskrivning av aktiveringar" vccNumber="VCC-149010-1" yearRange="2004-2010"/>-->
              <!--<nevisid documentType="servinfosub" id="0900c8af80cc43ae" notFirstLevelInfo="true" title="Description of parameters" vccNumber="VCC-148987-2" yearRange="2004-2010"/>-->
              <!--<nevisid documentType="servinfosub" id="0900c8af80cc44ba" notFirstLevelInfo="true" title="Description of reading off extended diagnostic trouble code (DTC) information" vccNumber="VCC-149056-2" yearRange="2004-2010"/>-->
              <nevisid documentType="servinfo" id="0900c8af80c57f47" title="Vehicle communication information, brake control module (BCM)" vccNumber="VCC-149080-2" yearRange="2004-2010"><exclusiveOrphan id="0900c8af80cc43ae"/><exclusiveOrphan id="0900c8af86f5d6b2"/><exclusiveOrphan id="0900c8af80cc44ba"/></nevisid>
            </ti_title>
            <ti_title engine="B5254T7" id="TITitle-12345-143" navTitle="navTitle" shortYearRange="2011-2012" title="ti_title" yearRange="2011, 2012">
              <!--<nevisid documentType="servinfosub" id="0900c8af86f5d6b2" notFirstLevelInfo="true" title="Beskrivning av aktiveringar" vccNumber="VCC-149010-1" yearRange="2011, 2012"/>-->
              <!--<nevisid documentType="servinfosub" id="0900c8af80cc43ae" notFirstLevelInfo="true" title="Description of parameters" vccNumber="VCC-148987-2" yearRange="2011, 2012"/>-->
              <!--<nevisid documentType="servinfosub" id="0900c8af80cc44ba" notFirstLevelInfo="true" title="Description of reading off extended diagnostic trouble code (DTC) information" vccNumber="VCC-149056-2" yearRange="2011, 2012"/>-->
              <nevisid documentType="servinfo" id="0900c8af80c57f47" title="Vehicle communication information, brake control module (BCM)" vccNumber="VCC-149080-2" yearRange="2011, 2012"/>
            </ti_title>
          </FunctionGroup3>
        </FunctionGroup2>