<?xml version="1.0" encoding="UTF-8"?><FunctionGroup2 Qualifier="General Information" group="84" name="Exterior trim, glass, weatherstrips"><serv-cat servcat.name=" Mirrors"/><serv-cat servcat.name=" Windows"/><serv-cat servcat.name="Exterior/Interior Trim"/><doc-head>Accessories and Body, Cab</doc-head><doc-subhead>Exterior Trim, Glass, Weatherstrips - General Information</doc-subhead>
          <FunctionGroup3 group="841" name="outside trim parts, emblem, reflector">
            <ti_title id="TITitle-12345-189" navTitle="navTitle" shortYearRange="2004-2012" title="ti_title" yearRange="2004-2012">
              <nevisid documentType="servinfosub" id="0900c8af844dbfbb" title="Spoiler kit painting" vccNumber="VCC-371060-1" yearRange="2004-2012"/>
            </ti_title>
          </FunctionGroup3>
          <FunctionGroup3 group="843" name="glass and sealing molding for windscreen and rear window">
            <ti_title id="TITitle-12345-190" navTitle="navTitle" shortYearRange="2004-2012" title="ti_title" yearRange="2004-2012">
              <nevisid documentType="servinfosub" id="0900c8af877be664" title="Bonded window general, information" vccNumber="VCC-371071-1" yearRange="2004-2012"><exclusiveOrphan id="0900c8af8813360e"/></nevisid>
              <nevisid documentType="servinfosub" id="0900c8af852ba11a" title="Windscreen, repair" vccNumber="VCC-425937-1" yearRange="2004-2012"><exclusiveOrphan id="0900c8af8813360e"/></nevisid>
            </ti_title>
          </FunctionGroup3>
        </FunctionGroup2>