<?xml version="1.0" encoding="UTF-8"?><FunctionGroup2 Qualifier="Design and Function" group="60" name="General"><serv-cat servcat.name=" Steering Column"/><serv-cat servcat.name=" Manual @AnD@ Power Steering"/><serv-cat servcat.name=" Steering Linkage"/><serv-cat servcat.name=" Steering Gear"/><serv-cat servcat.name=" Wheel @AnD@ Tire System"/><serv-cat servcat.name=" Suspension Rear"/><serv-cat servcat.name=" Suspension Front"/><serv-cat servcat.name="Wheel Alignment"/><doc-head>Suspension</doc-head><doc-subhead>General - Design and Function</doc-subhead>
          <FunctionGroup3 group="NULL" name="NULL">
            <ti_title id="TITitle-12345-41" navTitle="navTitle" shortYearRange="2004-2012" title="ti_title" yearRange="2004-2012">
              <!--<nevisid documentType="servinfosub" id="0900c8af8135a85b" notFirstLevelInfo="true" title="Design" vccNumber="VCC-156337-1" yearRange="2004-2012"/>-->
              <!--<nevisid documentType="servinfosub" id="0900c8af8135a860" notFirstLevelInfo="true" title="Function" vccNumber="VCC-156338-1" yearRange="2004-2012"/>-->
              <!--<nevisid documentType="servinfosub" id="0900c8af8135a851" notFirstLevelInfo="true" title="Overview" vccNumber="VCC-156336-1" yearRange="2004-2012"/>-->
              <nevisid documentType="servinfo" id="0900c8af81336147" title="Suspension and steering" vccNumber="VCC-156335-1" yearRange="2004-2012"/>
            </ti_title>
          </FunctionGroup3>
        </FunctionGroup2>