<?xml version="1.0" encoding="UTF-8"?><FunctionGroup2 Qualifier="General Safety Information" group="84" name="Exterior trim, glass, weatherstrips"><serv-cat servcat.name=" Mirrors"/><serv-cat servcat.name=" Windows"/><serv-cat servcat.name="Exterior/Interior Trim"/><doc-head>Accessories and Body, Cab</doc-head><doc-subhead>Exterior Trim, Glass, Weatherstrips - General Safety Information</doc-subhead>
          <FunctionGroup3 group="NULL" name="NULL">
            <ti_title id="TITitle-12345-171" navTitle="navTitle" shortYearRange="2004-2010" title="ti_title" yearRange="2004-2010">
              <nevisid documentType="servinfo" id="0900c8af8133623a" title="General" vccNumber="VCC-156658-1" yearRange="2004-2010"/>
            </ti_title>
          </FunctionGroup3>
          <FunctionGroup3 group="843" name="glass and sealing molding for windscreen and rear window">
            <ti_title id="TITitle-12345-172" navTitle="navTitle" shortYearRange="2004-2012" title="ti_title" yearRange="2004-2012">
              <nevisid documentType="servinfosub" id="0900c8af8813360e" title="Bonded window, general safety information" vccNumber="VCC-371074-1" yearRange="2004-2012"/>
            </ti_title>
          </FunctionGroup3>
        </FunctionGroup2>