<?xml version="1.0" encoding="UTF-8"?><FunctionGroup2 Qualifier="Removal, replacement and installation" group="21" name="Engine"><serv-cat servcat.name=" Remove, Overhaul @AnD@ Install"/><serv-cat servcat.name=" Adjustment"/><serv-cat servcat.name=" Timing Belt"/><serv-cat servcat.name=" Mechanical"/><serv-cat servcat.name=" Ignition System"/><serv-cat servcat.name=" Blowers, Superchargers @AnD@ Turbochargers"/><serv-cat servcat.name="Accessory Drive Belts"/><doc-head>Engine</doc-head><doc-subhead>Engine - Removal, replacement and installation</doc-subhead>
          <!--<FunctionGroup3 group="NULL" name="NULL">
            <ti_title engine="B5254T3" id="TITitle-12345" navTitle="navTitle" shortYearRange="2005-2007" title="ti_title" trans="M66; M66 AWD" yearRange="2005-2007">
              <nevisid documentType="servinfosub" id="0900c8af83f269c8" title="Flywheel" vccNumber="VCC-144431-1" yearRange="2005-2007"/>
            </ti_title>
            
            <ti_title engine="B5254T7" id="TITitle-12345" navTitle="navTitle" shortYearRange="2008-2009" title="ti_title" trans="M66; M66 AWD" yearRange="2008, 2009">
              <nevisid documentType="servinfosub" id="0900c8af83f269c8" title="Flywheel" vccNumber="VCC-144431-1" yearRange="2008, 2009"/>
            </ti_title>
            
          </FunctionGroup3>-->
          <FunctionGroup3 group="210" name="general">
            <ti_title engine="B5244S4; B5244S7" id="TITitle-12345-238" navTitle="navTitle" shortYearRange="2005-2010" title="ti_title" trans="AW55-50/51SN" yearRange="2005-2010">
              <nevisid documentType="servinfosub" id="0900c8af851973f3" title="Engine, installing" vccNumber="VCC-370186-1" yearRange="2005-2010"><exclusiveOrphan id="0900c8af8343446e"/><exclusiveOrphan id="0900c8af8588407c"/><exclusiveOrphan id="0900c8af87d77aa7"/><exclusiveOrphan id="0900c8af84f17b26"/><exclusiveOrphan id="0900c8af851483ba"/><exclusiveOrphan id="0900c8af84f9c684"/><exclusiveOrphan id="0900c8af84f0ceca"/><exclusiveOrphan id="0900c8af84fabe31"/><exclusiveOrphan id="0900c8af852ba2e8"/><exclusiveOrphan id="0900c8af84f6dbd4"/><exclusiveOrphan id="0900c8af85c84fe4"/><exclusiveOrphan id="0900c8af83434462"/><exclusiveOrphan id="0900c8af85180813"/><exclusiveOrphan id="0900c8af844d47ba"/><exclusiveOrphan id="0900c8af846ef7ee"/><exclusiveOrphan id="0900c8af8588411f"/><exclusiveOrphan id="0900c8af8343444a"/><exclusiveOrphan id="0900c8af87165baa"/><exclusiveOrphan id="0900c8af8517b9e7"/><exclusiveOrphan id="0900c8af85883f38"/><exclusiveOrphan id="0900c8af871d1fe4"/><exclusiveOrphan id="0900c8af84f17a9b"/><exclusiveOrphan id="0900c8af85ca4901"/><exclusiveOrphan id="0900c8af86272469"/></nevisid>
              <nevisid documentType="servinfosub" id="0900c8af8516e406" title="Engine, removal" vccNumber="VCC-370185-1" yearRange="2005-2010"><exclusiveOrphan id="0900c8af8588407c"/><exclusiveOrphan id="0900c8af87d77aa7"/><exclusiveOrphan id="0900c8af851483ba"/><exclusiveOrphan id="0900c8af84f9c684"/><exclusiveOrphan id="0900c8af84fabe31"/><exclusiveOrphan id="0900c8af852ba2e8"/><exclusiveOrphan id="0900c8af84f6dbd4"/><exclusiveOrphan id="0900c8af85c84fe4"/><exclusiveOrphan id="0900c8af85180813"/><exclusiveOrphan id="0900c8af8588411f"/><exclusiveOrphan id="0900c8af87165baa"/><exclusiveOrphan id="0900c8af8517b9e7"/><exclusiveOrphan id="0900c8af85883f38"/><exclusiveOrphan id="0900c8af871d1fe4"/><exclusiveOrphan id="0900c8af844c9aaa"/><exclusiveOrphan id="0900c8af85ca4901"/><exclusiveOrphan id="0900c8af86272469"/></nevisid>
            </ti_title>
            <ti_title engine="B5244S4" id="TITitle-12345-239" navTitle="navTitle" shortYearRange="2005-2010" title="ti_title" trans="M56" yearRange="2005-2010">
              <nevisid documentType="servinfosub" id="0900c8af851978b6" title="Engine, installing" vccNumber="VCC-370186-21" yearRange="2005-2010"><exclusiveOrphan id="0900c8af8343446e"/><exclusiveOrphan id="0900c8af8588407c"/><exclusiveOrphan id="0900c8af87d77aa7"/><exclusiveOrphan id="0900c8af84f17b26"/><exclusiveOrphan id="0900c8af851483ba"/><exclusiveOrphan id="0900c8af84f9c684"/><exclusiveOrphan id="0900c8af84f0ceca"/><exclusiveOrphan id="0900c8af84fabe31"/><exclusiveOrphan id="0900c8af852ba2e8"/><exclusiveOrphan id="0900c8af84f6dbd4"/><exclusiveOrphan id="0900c8af85c84fe4"/><exclusiveOrphan id="0900c8af83434462"/><exclusiveOrphan id="0900c8af85180813"/><exclusiveOrphan id="0900c8af844d47ba"/><exclusiveOrphan id="0900c8af846ef7ee"/><exclusiveOrphan id="0900c8af854b6b22"/><exclusiveOrphan id="0900c8af8588411f"/><exclusiveOrphan id="0900c8af8343444a"/><exclusiveOrphan id="0900c8af87165baa"/><exclusiveOrphan id="0900c8af8517b9e7"/><exclusiveOrphan id="0900c8af85883f38"/><exclusiveOrphan id="0900c8af871d1fe4"/><exclusiveOrphan id="0900c8af84f17a9b"/><exclusiveOrphan id="0900c8af85ca4901"/><exclusiveOrphan id="0900c8af86272469"/></nevisid>
              <nevisid documentType="servinfosub" id="0900c8af85180f39" title="Engine, removal" vccNumber="VCC-370185-63" yearRange="2005-2010"><exclusiveOrphan id="0900c8af8588407c"/><exclusiveOrphan id="0900c8af87d77aa7"/><exclusiveOrphan id="0900c8af851483ba"/><exclusiveOrphan id="0900c8af84f9c684"/><exclusiveOrphan id="0900c8af84fabe31"/><exclusiveOrphan id="0900c8af852ba2e8"/><exclusiveOrphan id="0900c8af84f6dbd4"/><exclusiveOrphan id="0900c8af85c84fe4"/><exclusiveOrphan id="0900c8af85180813"/><exclusiveOrphan id="0900c8af8588411f"/><exclusiveOrphan id="0900c8af87165baa"/><exclusiveOrphan id="0900c8af8517b9e7"/><exclusiveOrphan id="0900c8af85883f38"/><exclusiveOrphan id="0900c8af871d1fe4"/><exclusiveOrphan id="0900c8af844c9aaa"/><exclusiveOrphan id="0900c8af85ca4901"/><exclusiveOrphan id="0900c8af86272469"/></nevisid>
            </ti_title>
            
            <ti_title engine="B5254T3" id="TITitle-12345-240" navTitle="navTitle" shortYearRange="2005-2007" title="ti_title" trans="AW50/51 AWD" yearRange="2005-2007">
              <nevisid documentType="servinfosub" id="0900c8af8519b23a" title="Engine, installing" vccNumber="VCC-370186-23" yearRange="2005-2007"><exclusiveOrphan id="0900c8af8343446e"/><exclusiveOrphan id="0900c8af8588407c"/><exclusiveOrphan id="0900c8af87d77aa7"/><exclusiveOrphan id="0900c8af84f17b26"/><exclusiveOrphan id="0900c8af851483ba"/><exclusiveOrphan id="0900c8af84f9c684"/><exclusiveOrphan id="0900c8af84f0ceca"/><exclusiveOrphan id="0900c8af84fabe31"/><exclusiveOrphan id="0900c8af852ba2e8"/><exclusiveOrphan id="0900c8af84f6dbd4"/><exclusiveOrphan id="0900c8af85006f08"/><exclusiveOrphan id="0900c8af85c84fe4"/><exclusiveOrphan id="0900c8af844d2a04"/><exclusiveOrphan id="0900c8af83434462"/><exclusiveOrphan id="0900c8af85180813"/><exclusiveOrphan id="0900c8af844d47ba"/><exclusiveOrphan id="0900c8af846ef7ee"/><exclusiveOrphan id="0900c8af8588411f"/><exclusiveOrphan id="0900c8af84fe1dd8"/><exclusiveOrphan id="0900c8af8343444a"/><exclusiveOrphan id="0900c8af87165baa"/><exclusiveOrphan id="0900c8af8517b9e7"/><exclusiveOrphan id="0900c8af85883f38"/><exclusiveOrphan id="0900c8af871d1fe4"/><exclusiveOrphan id="0900c8af84f17a9b"/><exclusiveOrphan id="0900c8af85ca4901"/><exclusiveOrphan id="0900c8af86272469"/></nevisid>
              <nevisid documentType="servinfosub" id="0900c8af8518b1ba" title="Engine, removal" vccNumber="VCC-370185-65" yearRange="2005-2007"><exclusiveOrphan id="0900c8af8588407c"/><exclusiveOrphan id="0900c8af87d77aa7"/><exclusiveOrphan id="0900c8af851483ba"/><exclusiveOrphan id="0900c8af84f9c684"/><exclusiveOrphan id="0900c8af84fabe31"/><exclusiveOrphan id="0900c8af852ba2e8"/><exclusiveOrphan id="0900c8af84f6dbd4"/><exclusiveOrphan id="0900c8af85006f08"/><exclusiveOrphan id="0900c8af85c84fe4"/><exclusiveOrphan id="0900c8af844d2a04"/><exclusiveOrphan id="0900c8af85180813"/><exclusiveOrphan id="0900c8af8588411f"/><exclusiveOrphan id="0900c8af84fe1dd8"/><exclusiveOrphan id="0900c8af87165baa"/><exclusiveOrphan id="0900c8af8517b9e7"/><exclusiveOrphan id="0900c8af85883f38"/><exclusiveOrphan id="0900c8af871d1fe4"/><exclusiveOrphan id="0900c8af844c9aaa"/><exclusiveOrphan id="0900c8af85ca4901"/><exclusiveOrphan id="0900c8af86272469"/></nevisid>
            </ti_title>
            <ti_title engine="B5254T3" id="TITitle-12345-241" navTitle="navTitle" shortYearRange="2004-2007" title="ti_title" trans="AW55-50/51SN" yearRange="2004-2007">
              <nevisid documentType="servinfosub" id="0900c8af8519adcd" title="Engine, installing" vccNumber="VCC-370186-2" yearRange="2004-2007"><exclusiveOrphan id="0900c8af8343446e"/><exclusiveOrphan id="0900c8af8588407c"/><exclusiveOrphan id="0900c8af87d77aa7"/><exclusiveOrphan id="0900c8af84f17b26"/><exclusiveOrphan id="0900c8af851483ba"/><exclusiveOrphan id="0900c8af84f9c684"/><exclusiveOrphan id="0900c8af84f0ceca"/><exclusiveOrphan id="0900c8af84fabe31"/><exclusiveOrphan id="0900c8af852ba2e8"/><exclusiveOrphan id="0900c8af84f6dbd4"/><exclusiveOrphan id="0900c8af85006f08"/><exclusiveOrphan id="0900c8af85c84fe4"/><exclusiveOrphan id="0900c8af83434462"/><exclusiveOrphan id="0900c8af85180813"/><exclusiveOrphan id="0900c8af844d47ba"/><exclusiveOrphan id="0900c8af846ef7ee"/><exclusiveOrphan id="0900c8af8588411f"/><exclusiveOrphan id="0900c8af84fe1dd8"/><exclusiveOrphan id="0900c8af8343444a"/><exclusiveOrphan id="0900c8af87165baa"/><exclusiveOrphan id="0900c8af8517b9e7"/><exclusiveOrphan id="0900c8af85883f38"/><exclusiveOrphan id="0900c8af871d1fe4"/><exclusiveOrphan id="0900c8af84f17a9b"/><exclusiveOrphan id="0900c8af85ca4901"/><exclusiveOrphan id="0900c8af86272469"/></nevisid>
              <nevisid documentType="servinfosub" id="0900c8af8518abb3" title="Engine, removal" vccNumber="VCC-370185-2" yearRange="2004-2007"><exclusiveOrphan id="0900c8af8588407c"/><exclusiveOrphan id="0900c8af87d77aa7"/><exclusiveOrphan id="0900c8af851483ba"/><exclusiveOrphan id="0900c8af84f9c684"/><exclusiveOrphan id="0900c8af84fabe31"/><exclusiveOrphan id="0900c8af852ba2e8"/><exclusiveOrphan id="0900c8af84f6dbd4"/><exclusiveOrphan id="0900c8af85006f08"/><exclusiveOrphan id="0900c8af85c84fe4"/><exclusiveOrphan id="0900c8af85180813"/><exclusiveOrphan id="0900c8af8588411f"/><exclusiveOrphan id="0900c8af84fe1dd8"/><exclusiveOrphan id="0900c8af87165baa"/><exclusiveOrphan id="0900c8af8517b9e7"/><exclusiveOrphan id="0900c8af85883f38"/><exclusiveOrphan id="0900c8af871d1fe4"/><exclusiveOrphan id="0900c8af844c9aaa"/><exclusiveOrphan id="0900c8af85ca4901"/><exclusiveOrphan id="0900c8af86272469"/></nevisid>
            </ti_title>
            <ti_title engine="B5254T3" id="TITitle-12345-242" navTitle="navTitle" shortYearRange="2005-2007" title="ti_title" trans="M66" yearRange="2005-2007">
              <nevisid documentType="servinfosub" id="0900c8af8519b13f" title="Engine, installing" vccNumber="VCC-370186-22" yearRange="2005-2007"><exclusiveOrphan id="0900c8af8343446e"/><exclusiveOrphan id="0900c8af8588407c"/><exclusiveOrphan id="0900c8af87d77aa7"/><exclusiveOrphan id="0900c8af84f17b26"/><exclusiveOrphan id="0900c8af851483ba"/><exclusiveOrphan id="0900c8af84f9c684"/><exclusiveOrphan id="0900c8af84f0ceca"/><exclusiveOrphan id="0900c8af84fabe31"/><exclusiveOrphan id="0900c8af852ba2e8"/><exclusiveOrphan id="0900c8af84f6dbd4"/><exclusiveOrphan id="0900c8af85006f08"/><exclusiveOrphan id="0900c8af85c84fe4"/><exclusiveOrphan id="0900c8af83434462"/><exclusiveOrphan id="0900c8af85180813"/><exclusiveOrphan id="0900c8af844d47ba"/><exclusiveOrphan id="0900c8af846ef7ee"/><exclusiveOrphan id="0900c8af854b6b22"/><exclusiveOrphan id="0900c8af8588411f"/><exclusiveOrphan id="0900c8af84fe1dd8"/><exclusiveOrphan id="0900c8af8343444a"/><exclusiveOrphan id="0900c8af87165baa"/><exclusiveOrphan id="0900c8af8517b9e7"/><exclusiveOrphan id="0900c8af85883f38"/><exclusiveOrphan id="0900c8af871d1fe4"/><exclusiveOrphan id="0900c8af84f17a9b"/><exclusiveOrphan id="0900c8af85ca4901"/><exclusiveOrphan id="0900c8af86272469"/></nevisid>
              <nevisid documentType="servinfosub" id="0900c8af8518b0aa" title="Engine, removal" vccNumber="VCC-370185-64" yearRange="2005-2007"><exclusiveOrphan id="0900c8af8588407c"/><exclusiveOrphan id="0900c8af87d77aa7"/><exclusiveOrphan id="0900c8af851483ba"/><exclusiveOrphan id="0900c8af84f9c684"/><exclusiveOrphan id="0900c8af84fabe31"/><exclusiveOrphan id="0900c8af852ba2e8"/><exclusiveOrphan id="0900c8af84f6dbd4"/><exclusiveOrphan id="0900c8af85006f08"/><exclusiveOrphan id="0900c8af85c84fe4"/><exclusiveOrphan id="0900c8af85180813"/><exclusiveOrphan id="0900c8af8588411f"/><exclusiveOrphan id="0900c8af84fe1dd8"/><exclusiveOrphan id="0900c8af87165baa"/><exclusiveOrphan id="0900c8af8517b9e7"/><exclusiveOrphan id="0900c8af85883f38"/><exclusiveOrphan id="0900c8af871d1fe4"/><exclusiveOrphan id="0900c8af844c9aaa"/><exclusiveOrphan id="0900c8af85ca4901"/><exclusiveOrphan id="0900c8af86272469"/></nevisid>
            </ti_title>
            <ti_title engine="B5254T3" id="TITitle-12345-243" navTitle="navTitle" shortYearRange="2005-2007" title="ti_title" trans="M66 AWD" yearRange="2005-2007">
              <nevisid documentType="servinfosub" id="0900c8af8519b4ca" title="Engine, installing" vccNumber="VCC-370186-24" yearRange="2005-2007"><exclusiveOrphan id="0900c8af8588407c"/><exclusiveOrphan id="0900c8af87d77aa7"/><exclusiveOrphan id="0900c8af84f17b26"/><exclusiveOrphan id="0900c8af851483ba"/><exclusiveOrphan id="0900c8af84f9c684"/><exclusiveOrphan id="0900c8af84f0ceca"/><exclusiveOrphan id="0900c8af84fabe31"/><exclusiveOrphan id="0900c8af852ba2e8"/><exclusiveOrphan id="0900c8af84f6dbd4"/><exclusiveOrphan id="0900c8af85006f08"/><exclusiveOrphan id="0900c8af85c84fe4"/><exclusiveOrphan id="0900c8af844d2a04"/><exclusiveOrphan id="0900c8af83434462"/><exclusiveOrphan id="0900c8af85180813"/><exclusiveOrphan id="0900c8af844d47ba"/><exclusiveOrphan id="0900c8af854b6b22"/><exclusiveOrphan id="0900c8af8588411f"/><exclusiveOrphan id="0900c8af84fe1dd8"/><exclusiveOrphan id="0900c8af8343444a"/><exclusiveOrphan id="0900c8af87165baa"/><exclusiveOrphan id="0900c8af8517b9e7"/><exclusiveOrphan id="0900c8af85883f38"/><exclusiveOrphan id="0900c8af871d1fe4"/><exclusiveOrphan id="0900c8af84f17a9b"/><exclusiveOrphan id="0900c8af85ca4901"/><exclusiveOrphan id="0900c8af86272469"/></nevisid>
              <nevisid documentType="servinfosub" id="0900c8af8518b22c" title="Engine, removal" vccNumber="VCC-370185-66" yearRange="2005-2007"><exclusiveOrphan id="0900c8af8588407c"/><exclusiveOrphan id="0900c8af87d77aa7"/><exclusiveOrphan id="0900c8af851483ba"/><exclusiveOrphan id="0900c8af84f9c684"/><exclusiveOrphan id="0900c8af84fabe31"/><exclusiveOrphan id="0900c8af852ba2e8"/><exclusiveOrphan id="0900c8af84f6dbd4"/><exclusiveOrphan id="0900c8af85006f08"/><exclusiveOrphan id="0900c8af85c84fe4"/><exclusiveOrphan id="0900c8af844d2a04"/><exclusiveOrphan id="0900c8af85180813"/><exclusiveOrphan id="0900c8af8588411f"/><exclusiveOrphan id="0900c8af84fe1dd8"/><exclusiveOrphan id="0900c8af87165baa"/><exclusiveOrphan id="0900c8af8517b9e7"/><exclusiveOrphan id="0900c8af85883f38"/><exclusiveOrphan id="0900c8af871d1fe4"/><exclusiveOrphan id="0900c8af844c9aaa"/><exclusiveOrphan id="0900c8af85ca4901"/><exclusiveOrphan id="0900c8af86272469"/></nevisid>
            </ti_title>
            <ti_title engine="B5254T7" id="TITitle-12345-244" navTitle="navTitle" shortYearRange="2008-2010" title="ti_title" trans="AW50/51 AWD" yearRange="2008-2010">
              <nevisid documentType="servinfosub" id="0900c8af8519b23a" title="Engine, installing" vccNumber="VCC-370186-23" yearRange="2008-2010"/>
              <nevisid documentType="servinfosub" id="0900c8af8518b1ba" title="Engine, removal" vccNumber="VCC-370185-65" yearRange="2008-2010"/>
            </ti_title>
            <ti_title engine="B5254T7" id="TITitle-12345-245" navTitle="navTitle" shortYearRange="2008-2012" title="ti_title" trans="AW55-50/51SN" yearRange="2008-2012">
              <nevisid documentType="servinfosub" id="0900c8af8519adcd" title="Engine, installing" vccNumber="VCC-370186-2" yearRange="2008-2012"/>
              <nevisid documentType="servinfosub" id="0900c8af8518abb3" title="Engine, removal" vccNumber="VCC-370185-2" yearRange="2008-2012"/>
            </ti_title>
            <ti_title engine="B5254T7" id="TITitle-12345-246" navTitle="navTitle" shortYearRange="2008-2010" title="ti_title" trans="M66" yearRange="2008-2010">
              <nevisid documentType="servinfosub" id="0900c8af8519b13f" title="Engine, installing" vccNumber="VCC-370186-22" yearRange="2008-2010"/>
              <nevisid documentType="servinfosub" id="0900c8af8518b0aa" title="Engine, removal" vccNumber="VCC-370185-64" yearRange="2008-2010"/>
            </ti_title>
            <ti_title engine="B5254T7" id="TITitle-12345-247" navTitle="navTitle" shortYearRange="2008-2010" title="ti_title" trans="M66 AWD" yearRange="2008-2010">
              <nevisid documentType="servinfosub" id="0900c8af8519b4ca" title="Engine, installing" vccNumber="VCC-370186-24" yearRange="2008-2010"/>
              <nevisid documentType="servinfosub" id="0900c8af8518b22c" title="Engine, removal" vccNumber="VCC-370185-66" yearRange="2008-2010"/>
            </ti_title>
          </FunctionGroup3>
          <FunctionGroup3 group="211" name="cylinder head">
            <ti_title engine="B5244S4; B5244S7" id="TITitle-12345-248" navTitle="navTitle" shortYearRange="2005-2010" title="ti_title" yearRange="2005-2010">
              <nevisid documentType="servinfosub" id="0900c8af8557ead2" title="Cylinder head" vccNumber="VCC-370197-1" yearRange="2005-2010"><exclusiveOrphan id="0900c8af8343446e"/><exclusiveOrphan id="0900c8af84642f44"/><exclusiveOrphan id="0900c8af851483ba"/><exclusiveOrphan id="0900c8af8541a0d3"/><exclusiveOrphan id="0900c8af84f6d78c"/><exclusiveOrphan id="0900c8af84f6dbd4"/><exclusiveOrphan id="0900c8af85160730"/><exclusiveOrphan id="0900c8af84611267"/><exclusiveOrphan id="0900c8af83434456"/><exclusiveOrphan id="0900c8af8515a3f0"/><exclusiveOrphan id="0900c8af8580e038"/><exclusiveOrphan id="0900c8af83434462"/><exclusiveOrphan id="0900c8af85164c71"/><exclusiveOrphan id="0900c8af85164aa2"/><exclusiveOrphan id="0900c8af8343444a"/><exclusiveOrphan id="0900c8af87165baa"/><exclusiveOrphan id="0900c8af84b50926"/><exclusiveOrphan id="0900c8af8838dc22"/><exclusiveOrphan id="0900c8af8580e064"/><exclusiveOrphan id="0900c8af847c34af"/><exclusiveOrphan id="0900c8af8838dc56"/><exclusiveOrphan id="0900c8af84fbd3a0"/></nevisid>
            </ti_title>
            
            <ti_title engine="B5254T3" id="TITitle-12345-249" navTitle="navTitle" shortYearRange="2004-2007" title="ti_title" yearRange="2004-2007">
              <nevisid documentType="servinfosub" id="0900c8af8557d20c" title="Cylinder head" vccNumber="VCC-370197-9" yearRange="2004-2007"><exclusiveOrphan id="0900c8af8343446e"/><exclusiveOrphan id="0900c8af84642f44"/><exclusiveOrphan id="0900c8af851483ba"/><exclusiveOrphan id="0900c8af8541a0d3"/><exclusiveOrphan id="0900c8af84f6d78c"/><exclusiveOrphan id="0900c8af84f6dbd4"/><exclusiveOrphan id="0900c8af85160730"/><exclusiveOrphan id="0900c8af84611267"/><exclusiveOrphan id="0900c8af83434456"/><exclusiveOrphan id="0900c8af8515a3f0"/><exclusiveOrphan id="0900c8af8580e038"/><exclusiveOrphan id="0900c8af83434462"/><exclusiveOrphan id="0900c8af85164c71"/><exclusiveOrphan id="0900c8af85164aa2"/><exclusiveOrphan id="0900c8af8343444a"/><exclusiveOrphan id="0900c8af87165baa"/><exclusiveOrphan id="0900c8af84b50926"/><exclusiveOrphan id="0900c8af8838dc22"/><exclusiveOrphan id="0900c8af8580e064"/><exclusiveOrphan id="0900c8af847c34af"/><exclusiveOrphan id="0900c8af8838dc56"/><exclusiveOrphan id="0900c8af84fbd3a0"/></nevisid>
            </ti_title>
            <ti_title engine="B5254T7" id="TITitle-12345-250" navTitle="navTitle" shortYearRange="2008-2012" title="ti_title" yearRange="2008-2012">
              <nevisid documentType="servinfosub" id="0900c8af8557d20c" title="Cylinder head" vccNumber="VCC-370197-9" yearRange="2008-2012"/>
            </ti_title>
          </FunctionGroup3>
          <FunctionGroup3 group="215" name="transmission">
            <ti_title engine="B5244S4" id="TITitle-12345-251" navTitle="navTitle" shortYearRange="2005-2010" title="ti_title" yearRange="2005-2010">
              <nevisid documentType="servinfosub" id="0900c8af84cb0aea" title="Auxiliary drive belt" vccNumber="VCC-370226-15" yearRange="2005-2010"><exclusiveOrphan id="0900c8af86b99124"/></nevisid>
              <nevisid documentType="servinfosub" id="0900c8af871d1fe4" title="Auxiliary drive belt tensioner" vccNumber="VCC-370222-1" yearRange="2005-2010"><exclusiveOrphan id="0900c8af8343446e"/><exclusiveOrphan id="0900c8af84cb0aea"/></nevisid>
              <nevisid documentType="servinfosub" id="0900c8af84ef52fa" title="Camshaft seal" vccNumber="VCC-370213-12" yearRange="2005-2010"><exclusiveOrphan id="0900c8af8515a3f0"/><exclusiveOrphan id="0900c8af8838dc22"/><exclusiveOrphan id="0900c8af8838dc56"/></nevisid>
              <nevisid documentType="servinfosub" id="0900c8af8537a81f" title="Camshafts" vccNumber="VCC-370212-13" yearRange="2005-2010"><exclusiveOrphan id="0900c8af84ef52fa"/><exclusiveOrphan id="0900c8af846111db"/><exclusiveOrphan id="0900c8af85419cc5"/><exclusiveOrphan id="0900c8af8541a0d3"/><exclusiveOrphan id="0900c8af84611267"/><exclusiveOrphan id="0900c8af83434456"/><exclusiveOrphan id="0900c8af8515a3f0"/><exclusiveOrphan id="0900c8af8580e038"/><exclusiveOrphan id="0900c8af8343444a"/><exclusiveOrphan id="0900c8af84cfa75c"/><exclusiveOrphan id="0900c8af85dbacb1"/><exclusiveOrphan id="0900c8af8838dc22"/><exclusiveOrphan id="0900c8af8580e064"/><exclusiveOrphan id="0900c8af8838dc56"/></nevisid>
              <nevisid documentType="servinfosub" id="0900c8af85dbacb1" title="Timing belt" vccNumber="VCC-370219-22" yearRange="2005-2010"><exclusiveOrphan id="0900c8af84f9c684"/><exclusiveOrphan id="0900c8af83479e80"/><exclusiveOrphan id="0900c8af83434462"/><exclusiveOrphan id="0900c8af8343444a"/><exclusiveOrphan id="0900c8af85bdf7d7"/><exclusiveOrphan id="0900c8af84cb0aea"/></nevisid>
              <nevisid documentType="servinfosub" id="0900c8af84f6d78c" title="VVT solenoid" vccNumber="VCC-370230-1" yearRange="2005-2010"><exclusiveOrphan id="0900c8af8343444a"/></nevisid>
              <nevisid documentType="servinfosub" id="0900c8af8515a3f0" title="VVT unit (2005)" vccNumber="VCC-370209-8" yearRange="2005"><exclusiveOrphan id="0900c8af84ef52fa"/><exclusiveOrphan id="0900c8af8343446e"/><exclusiveOrphan id="0900c8af85148b9c"/><exclusiveOrphan id="0900c8af851483ba"/><exclusiveOrphan id="0900c8af85148a83"/><exclusiveOrphan id="0900c8af84f6dbd4"/><exclusiveOrphan id="0900c8af84b50772"/><exclusiveOrphan id="0900c8af85148b83"/><exclusiveOrphan id="0900c8af85148b61"/><exclusiveOrphan id="0900c8af8343444a"/><exclusiveOrphan id="0900c8af84cfa75c"/><exclusiveOrphan id="0900c8af85dbacb1"/></nevisid>
              <nevisid documentType="servinfosub" id="0900c8af8838dc22" title="VVT unit (2006-2010)" vccNumber="VCC-370209-1" yearRange="2006-2010"><exclusiveOrphan id="0900c8af8343446e"/><exclusiveOrphan id="0900c8af851483ba"/><exclusiveOrphan id="0900c8af84f6dbd4"/><exclusiveOrphan id="0900c8af84b50772"/><exclusiveOrphan id="0900c8af871020ef"/><exclusiveOrphan id="0900c8af8343444a"/><exclusiveOrphan id="0900c8af85dbacb1"/></nevisid>
            </ti_title>
            <ti_title engine="B5244S7" id="TITitle-12345-252" navTitle="navTitle" shortYearRange="2005-2010" title="ti_title" yearRange="2005-2010">
              <nevisid documentType="servinfosub" id="0900c8af84cb0aea" title="Auxiliary drive belt" vccNumber="VCC-370226-15" yearRange="2005-2010"/>
              <nevisid documentType="servinfosub" id="0900c8af871d1fe4" title="Auxiliary drive belt tensioner" vccNumber="VCC-370222-1" yearRange="2005-2010"/>
              <nevisid documentType="servinfosub" id="0900c8af84ef52fa" title="Camshaft seal" vccNumber="VCC-370213-12" yearRange="2005-2010"/>
              <nevisid documentType="servinfosub" id="0900c8af8537a81f" title="Camshafts" vccNumber="VCC-370212-13" yearRange="2005-2010"/>
              <nevisid documentType="servinfosub" id="0900c8af85dbacb1" title="Timing belt" vccNumber="VCC-370219-22" yearRange="2005-2010"/>
              <nevisid documentType="servinfosub" id="0900c8af84f6d78c" title="VVT solenoid" vccNumber="VCC-370230-1" yearRange="2005-2010"/>
              <nevisid documentType="servinfosub" id="0900c8af8838dc22" title="VVT unit" vccNumber="VCC-370209-1" yearRange="2005-2010"/>
            </ti_title>
            <ti_title engine="B5254T3" id="TITitle-12345-253" navTitle="navTitle" shortYearRange="2004-2007" title="ti_title" yearRange="2004-2007">
              <nevisid documentType="servinfosub" id="0900c8af84cb0aea" title="Auxiliary drive belt" vccNumber="VCC-370226-15" yearRange="2004-2007"/>
              <nevisid documentType="servinfosub" id="0900c8af871d1fe4" title="Auxiliary drive belt tensioner" vccNumber="VCC-370222-1" yearRange="2004-2007"/>
              <nevisid documentType="servinfosub" id="0900c8af84cfa75c" title="Camshaft seal" vccNumber="VCC-370213-9" yearRange="2004-2007"><exclusiveOrphan id="0900c8af8515a3f0"/><exclusiveOrphan id="0900c8af8838dc22"/><exclusiveOrphan id="0900c8af8838dc56"/></nevisid>
              <nevisid documentType="servinfosub" id="0900c8af8537a81f" title="Camshafts" vccNumber="VCC-370212-13" yearRange="2004-2007"/>
              <nevisid documentType="servinfosub" id="0900c8af85dbacb1" title="Timing belt" vccNumber="VCC-370219-22" yearRange="2004-2007"/>
              <nevisid documentType="servinfosub" id="0900c8af84f6d78c" title="VVT solenoid" vccNumber="VCC-370230-1" yearRange="2004-2007"/>
              <nevisid documentType="servinfosub" id="0900c8af8838dc56" title="VVT unit" vccNumber="VCC-370209-2" yearRange="2004-2007"><exclusiveOrphan id="0900c8af8343446e"/><exclusiveOrphan id="0900c8af851483ba"/><exclusiveOrphan id="0900c8af84f6dbd4"/><exclusiveOrphan id="0900c8af84b50772"/><exclusiveOrphan id="0900c8af871020ef"/><exclusiveOrphan id="0900c8af8343444a"/><exclusiveOrphan id="0900c8af85dbacb1"/></nevisid>
            </ti_title>
            <ti_title engine="B5254T7" id="TITitle-12345-254" navTitle="navTitle" shortYearRange="2008-2012" title="ti_title" yearRange="2008-2012">
              <nevisid documentType="servinfosub" id="0900c8af84cb0aea" title="Auxiliary drive belt" vccNumber="VCC-370226-15" yearRange="2008-2012"/>
              <nevisid documentType="servinfosub" id="0900c8af871d1fe4" title="Auxiliary drive belt tensioner" vccNumber="VCC-370222-1" yearRange="2008-2012"/>
              <nevisid documentType="servinfosub" id="0900c8af84cfa75c" title="Camshaft seal" vccNumber="VCC-370213-9" yearRange="2008-2012"/>
              <nevisid documentType="servinfosub" id="0900c8af8537a81f" title="Camshafts" vccNumber="VCC-370212-13" yearRange="2008-2012"/>
              <nevisid documentType="servinfosub" id="0900c8af85dbacb1" title="Timing belt" vccNumber="VCC-370219-22" yearRange="2008-2012"/>
              <nevisid documentType="servinfosub" id="0900c8af84f6d78c" title="VVT solenoid" vccNumber="VCC-370230-1" yearRange="2008-2012"/>
              <nevisid documentType="servinfosub" id="0900c8af8838dc56" title="VVT unit" vccNumber="VCC-370209-2" yearRange="2008-2012"/>
            </ti_title>
          </FunctionGroup3>
          <FunctionGroup3 group="216" name="crank mechanism">
            <ti_title engine="B5244S4; B5244S7" id="TITitle-12345-255" navTitle="navTitle" shortYearRange="2005-2010" title="ti_title" trans="AW55-50/51SN" yearRange="2005-2010">
              <nevisid documentType="servinfosub" id="0900c8af844c7940" title="Carrier plate" vccNumber="VCC-370238-1" yearRange="2005-2010"><exclusiveOrphan id="0900c8af844d2018"/><exclusiveOrphan id="0900c8af844d2119"/><exclusiveOrphan id="0900c8af844d2001"/><exclusiveOrphan id="0900c8af844d20fe"/><exclusiveOrphan id="0900c8af84d27d75"/><exclusiveOrphan id="0900c8af844d201d"/><exclusiveOrphan id="0900c8af844c5e57"/><exclusiveOrphan id="0900c8af844d20eb"/><exclusiveOrphan id="0900c8af844d1ff5"/></nevisid>
              <nevisid documentType="servinfosub" id="0900c8af84e324ad" title="Crankshaft front seal" vccNumber="VCC-370242-1" yearRange="2005-2010"><exclusiveOrphan id="0900c8af85dbacb1"/></nevisid>
              <nevisid documentType="servinfosub" id="0900c8af8542fa7a" title="Crankshaft seal, rear" vccNumber="VCC-370241-1" yearRange="2005-2010"><exclusiveOrphan id="0900c8af844c7950"/><exclusiveOrphan id="0900c8af844c7940"/></nevisid>
            </ti_title>
            <ti_title engine="B5244S4" id="TITitle-12345-256" navTitle="navTitle" shortYearRange="2005-2010" title="ti_title" trans="M56" yearRange="2005-2010">
              <nevisid documentType="servinfosub" id="0900c8af84e324ad" title="Crankshaft front seal" vccNumber="VCC-370242-1" yearRange="2005-2010"/>
              <nevisid documentType="servinfosub" id="0900c8af8542fb3b" title="Crankshaft seal, rear" vccNumber="VCC-370241-4" yearRange="2005-2010"><exclusiveOrphan id="0900c8af84990659"/></nevisid>
              <nevisid documentType="servinfosub" id="0900c8af84990659" title="Flywheel" vccNumber="VCC-370239-9" yearRange="2005-2010"><exclusiveOrphan id="0900c8af83434456"/><exclusiveOrphan id="0900c8af8767700f"/><exclusiveOrphan id="0900c8af849cc839"/><exclusiveOrphan id="0900c8af85913054"/></nevisid>
            </ti_title>
            
            <ti_title engine="B5254T3" id="TITitle-12345-257" navTitle="navTitle" shortYearRange="2005-2007" title="ti_title" trans="AW50/51 AWD" yearRange="2005-2007">
              <nevisid documentType="servinfosub" id="0900c8af844c7950" title="Carrier plate" vccNumber="VCC-370238-2" yearRange="2005-2007"><exclusiveOrphan id="0900c8af844d2018"/><exclusiveOrphan id="0900c8af844d2119"/><exclusiveOrphan id="0900c8af844d2001"/><exclusiveOrphan id="0900c8af844d20fe"/><exclusiveOrphan id="0900c8af84d27d75"/><exclusiveOrphan id="0900c8af844d201d"/><exclusiveOrphan id="0900c8af844c5e57"/><exclusiveOrphan id="0900c8af844d20eb"/><exclusiveOrphan id="0900c8af844d1ff5"/></nevisid>
              <nevisid documentType="servinfosub" id="0900c8af84e324ad" title="Crankshaft front seal" vccNumber="VCC-370242-1" yearRange="2005-2007"/>
              <nevisid documentType="servinfosub" id="0900c8af8542fb16" title="Crankshaft seal, rear" vccNumber="VCC-370241-2" yearRange="2005-2007"><exclusiveOrphan id="0900c8af844c7950"/><exclusiveOrphan id="0900c8af844c7940"/></nevisid>
            </ti_title>
            <ti_title engine="B5254T3" id="TITitle-12345-258" navTitle="navTitle" shortYearRange="2004-2007" title="ti_title" trans="AW55-50/51SN" yearRange="2004-2007">
              <nevisid documentType="servinfosub" id="0900c8af844c7950" title="Carrier plate" vccNumber="VCC-370238-2" yearRange="2004-2007"/>
              <nevisid documentType="servinfosub" id="0900c8af84e324ad" title="Crankshaft front seal" vccNumber="VCC-370242-1" yearRange="2004-2007"/>
              <nevisid documentType="servinfosub" id="0900c8af8542fb16" title="Crankshaft seal, rear" vccNumber="VCC-370241-2" yearRange="2004-2007"/>
            </ti_title>
            <ti_title engine="B5254T3" id="TITitle-12345-259" navTitle="navTitle" shortYearRange="2005-2007" title="ti_title" trans="M66; M66 AWD" yearRange="2005-2007">
              <nevisid documentType="servinfosub" id="0900c8af84e324ad" title="Crankshaft front seal" vccNumber="VCC-370242-1" yearRange="2005-2007"/>
              <nevisid documentType="servinfosub" id="0900c8af84acc10f" title="Crankshaft seal, rear" vccNumber="VCC-370241-24" yearRange="2005-2007"><exclusiveOrphan id="0900c8af84990659"/></nevisid>
              <nevisid documentType="servinfosub" id="0900c8af84990659" title="Flywheel" vccNumber="VCC-370239-9" yearRange="2005-2007"/>
            </ti_title>
            
            <ti_title engine="B5254T7" id="TITitle-12345-260" navTitle="navTitle" shortYearRange="2008-2010" title="ti_title" trans="AW50/51 AWD" yearRange="2008-2010">
              <nevisid documentType="servinfosub" id="0900c8af844c7950" title="Carrier plate" vccNumber="VCC-370238-2" yearRange="2008-2010"/>
              <nevisid documentType="servinfosub" id="0900c8af84e324ad" title="Crankshaft front seal" vccNumber="VCC-370242-1" yearRange="2008-2010"/>
              <nevisid documentType="servinfosub" id="0900c8af8542fb16" title="Crankshaft seal, rear" vccNumber="VCC-370241-2" yearRange="2008-2010"/>
            </ti_title>
            <ti_title engine="B5254T7" id="TITitle-12345-261" navTitle="navTitle" shortYearRange="2008-2012" title="ti_title" trans="AW55-50/51SN" yearRange="2008-2012">
              <nevisid documentType="servinfosub" id="0900c8af844c7950" title="Carrier plate" vccNumber="VCC-370238-2" yearRange="2008-2012"/>
              <nevisid documentType="servinfosub" id="0900c8af84e324ad" title="Crankshaft front seal" vccNumber="VCC-370242-1" yearRange="2008-2012"/>
              <nevisid documentType="servinfosub" id="0900c8af8542fb16" title="Crankshaft seal, rear" vccNumber="VCC-370241-2" yearRange="2008-2012"/>
            </ti_title>
            <ti_title engine="B5254T7" id="TITitle-12345-262" navTitle="navTitle" shortYearRange="2008-2010" title="ti_title" trans="M66; M66 AWD" yearRange="2008-2010">
              <nevisid documentType="servinfosub" id="0900c8af84e324ad" title="Crankshaft front seal" vccNumber="VCC-370242-1" yearRange="2008-2010"/>
              <nevisid documentType="servinfosub" id="0900c8af84acc10f" title="Crankshaft seal, rear" vccNumber="VCC-370241-24" yearRange="2008-2010"/>
              <nevisid documentType="servinfosub" id="0900c8af84990659" title="Flywheel" vccNumber="VCC-370239-9" yearRange="2008-2010"/>
            </ti_title>
            
          </FunctionGroup3>
          <FunctionGroup3 group="217" name="pan">
            <ti_title engine="B5244S4; B5244S7" id="TITitle-12345-263" navTitle="navTitle" shortYearRange="2005-2010" title="ti_title" yearRange="2005-2010">
              <nevisid documentType="servinfosub" id="0900c8af85445eaa" title="Oil pan" vccNumber="VCC-370243-1" yearRange="2005-2010"><exclusiveOrphan id="0900c8af8343446e"/><exclusiveOrphan id="0900c8af83434456"/><exclusiveOrphan id="0900c8af83434462"/><exclusiveOrphan id="0900c8af8343444a"/><exclusiveOrphan id="0900c8af84cb0aea"/></nevisid>
            </ti_title>
            
            <ti_title engine="B5254T3" id="TITitle-12345-264" navTitle="navTitle" shortYearRange="2004-2007" title="ti_title" yearRange="2004-2007">
              <nevisid documentType="servinfosub" id="0900c8af8545ad45" title="Oil pan" vccNumber="VCC-370243-19" yearRange="2004-2007"><exclusiveOrphan id="0900c8af83434456"/><exclusiveOrphan id="0900c8af84cb0aea"/></nevisid>
            </ti_title>
            <ti_title engine="B5254T7" id="TITitle-12345-265" navTitle="navTitle" shortYearRange="2008-2012" title="ti_title" yearRange="2008-2012">
              <nevisid documentType="servinfosub" id="0900c8af8545ad45" title="Oil pan" vccNumber="VCC-370243-19" yearRange="2008-2012"/>
            </ti_title>
          </FunctionGroup3>
          <FunctionGroup3 group="218" name="engine mounting">
            <ti_title id="TITitle-12345-266" navTitle="navTitle" shortYearRange="2004-2012" title="ti_title" yearRange="2004-2012">
              <nevisid documentType="servinfosub" id="0900c8af844c8175" title="Front bushing subframe front (2004-2010)" vccNumber="VCC-370254-1" yearRange="2004-2010"><exclusiveOrphan id="0900c8af87d77aa7"/><exclusiveOrphan id="0900c8af86b99124"/></nevisid>
              <nevisid documentType="servinfosub" id="0900c8af87d77aa7" title="Front subframe" vccNumber="VCC-370255-1" yearRange="2004-2012"><exclusiveOrphan id="0900c8af87513261"/><exclusiveOrphan id="0900c8af86aaa2f3"/><exclusiveOrphan id="0900c8af86aa9d56"/></nevisid>
            </ti_title>
            <ti_title engine="B5244S4; B5244S7" id="TITitle-12345-267" navTitle="navTitle" shortYearRange="2005-2010" title="ti_title" yearRange="2005-2010">
              <nevisid documentType="servinfosub" id="0900c8af84fabe31" title="Bracket lower torque rod" vccNumber="VCC-370244-1" yearRange="2005-2010"><exclusiveOrphan id="0900c8af85151139"/><exclusiveOrphan id="0900c8af8343447a"/></nevisid>
              <nevisid documentType="servinfosub" id="0900c8af8517b9e7" title="Engine Pad Left" vccNumber="VCC-370252-3" yearRange="2005-2010"><exclusiveOrphan id="0900c8af851483ba"/><exclusiveOrphan id="0900c8af85175f9c"/><exclusiveOrphan id="0900c8af85175f90"/><exclusiveOrphan id="0900c8af84f6dbd4"/><exclusiveOrphan id="0900c8af83434462"/><exclusiveOrphan id="0900c8af8343444a"/><exclusiveOrphan id="0900c8af86272469"/></nevisid>
              <nevisid documentType="servinfosub" id="0900c8af84f9c684" title="Engine Pad right" vccNumber="VCC-370251-1" yearRange="2005-2010"><exclusiveOrphan id="0900c8af84fabcef"/><exclusiveOrphan id="0900c8af84fabcd7"/></nevisid>
              <nevisid documentType="servinfosub" id="0900c8af84faff81" title="Lower torque rod" vccNumber="VCC-370245-1" yearRange="2005-2010"><exclusiveOrphan id="0900c8af8343447a"/></nevisid>
            </ti_title>
            
            <ti_title engine="B5254T3" id="TITitle-12345-268" navTitle="navTitle" shortYearRange="2004-2007" title="ti_title" yearRange="2004-2007">
              <nevisid documentType="servinfosub" id="0900c8af84fabe31" title="Bracket lower torque rod" vccNumber="VCC-370244-1" yearRange="2004-2007"/>
              <nevisid documentType="servinfosub" id="0900c8af85180813" title="Engine Pad Left" vccNumber="VCC-370252-2" yearRange="2004-2007"><exclusiveOrphan id="0900c8af851483ba"/><exclusiveOrphan id="0900c8af85175f9c"/><exclusiveOrphan id="0900c8af85175f90"/><exclusiveOrphan id="0900c8af84f6dbd4"/><exclusiveOrphan id="0900c8af83434462"/><exclusiveOrphan id="0900c8af8343444a"/><exclusiveOrphan id="0900c8af86272469"/></nevisid>
              <nevisid documentType="servinfosub" id="0900c8af84f9c684" title="Engine Pad right" vccNumber="VCC-370251-1" yearRange="2004-2007"/>
              <nevisid documentType="servinfosub" id="0900c8af84faff81" title="Lower torque rod (2004, 2006, 2007)" vccNumber="VCC-370245-1" yearRange="2004, 2006, 2007"/>
            </ti_title>
            <ti_title engine="B5254T7" id="TITitle-12345-269" navTitle="navTitle" shortYearRange="2008-2012" title="ti_title" yearRange="2008-2012">
              <nevisid documentType="servinfosub" id="0900c8af84fabe31" title="Bracket lower torque rod" vccNumber="VCC-370244-1" yearRange="2008-2012"/>
              <nevisid documentType="servinfosub" id="0900c8af85180813" title="Engine Pad Left" vccNumber="VCC-370252-2" yearRange="2008-2012"/>
              <nevisid documentType="servinfosub" id="0900c8af84f9c684" title="Engine Pad right" vccNumber="VCC-370251-1" yearRange="2008-2012"/>
              <nevisid documentType="servinfosub" id="0900c8af84faff81" title="Lower torque rod (2008-2010, 2012)" vccNumber="VCC-370245-1" yearRange="2008-2010, 2012"/>
            </ti_title>
            <ti_title engine="B5254T7" id="TITitle-12345-270" navTitle="navTitle" shortYearRange="2011-2012" title="ti_title" trans="AW55-50/51SN" yearRange="2011, 2012">
              <nevisid documentType="servinfosub" id="0900c8af844c8175" title="Front bushing subframe front" vccNumber="VCC-370254-1" yearRange="2011, 2012"/>
              <nevisid documentType="servinfosub" id="0900c8af84faff81" title="Lower torque rod (2011)" vccNumber="VCC-370245-1" yearRange="2011"/>
            </ti_title>
          </FunctionGroup3>
        </FunctionGroup2>