<?xml version="1.0" encoding="UTF-8"?><FunctionGroup2 Qualifier="Removal, replacement and installation" group="49" name="Miscellaneous"><serv-cat servcat.name="OEM General Information"/><doc-head>Miscellaneous</doc-head><doc-subhead>Miscellaneous - Removal, replacement and installation</doc-subhead>
          <FunctionGroup3 group="491" name="oil cooler, transmission">
            <ti_title engine="B5244S4; B5244S7" id="TITitle-12345-491" navTitle="navTitle" shortYearRange="2005-2010" title="ti_title" trans="AW55-50/51SN" yearRange="2005-2010">
              <nevisid documentType="servinfosub" id="0900c8af8515a26c" title="Oil cooler transmission" vccNumber="VCC-388047-2" yearRange="2005-2010"><exclusiveOrphan id="0900c8af844db9c4"/><exclusiveOrphan id="0900c8af851483ba"/><exclusiveOrphan id="0900c8af84f6dbd4"/><exclusiveOrphan id="0900c8af87165baa"/></nevisid>
            </ti_title>
            
            <ti_title engine="B5254T3" id="TITitle-12345-492" navTitle="navTitle" shortYearRange="2005-2007" title="ti_title" trans="AW50/51 AWD" yearRange="2005-2007">
              <nevisid documentType="servinfosub" id="0900c8af8515a26c" title="Oil cooler transmission" vccNumber="VCC-388047-2" yearRange="2005-2007"/>
            </ti_title>
            <ti_title engine="B5254T3" id="TITitle-12345-493" navTitle="navTitle" shortYearRange="2004-2007" title="ti_title" trans="AW55-50/51SN" yearRange="2004-2007">
              <nevisid documentType="servinfosub" id="0900c8af8515a26c" title="Oil cooler transmission" vccNumber="VCC-388047-2" yearRange="2004-2007"/>
            </ti_title>
            <ti_title engine="B5254T7" id="TITitle-12345-494" navTitle="navTitle" shortYearRange="2008-2010" title="ti_title" trans="AW50/51 AWD" yearRange="2008-2010">
              <nevisid documentType="servinfosub" id="0900c8af8515a26c" title="Oil cooler transmission" vccNumber="VCC-388047-2" yearRange="2008-2010"/>
            </ti_title>
            <ti_title engine="B5254T7" id="TITitle-12345-495" navTitle="navTitle" shortYearRange="2008-2012" title="ti_title" trans="AW55-50/51SN" yearRange="2008-2012">
              <nevisid documentType="servinfosub" id="0900c8af8515a26c" title="Oil cooler transmission" vccNumber="VCC-388047-2" yearRange="2008-2012"/>
            </ti_title>
          </FunctionGroup3>
        </FunctionGroup2>