<?xml version="1.0" encoding="UTF-8"?><FunctionGroup2 Qualifier="Removal, replacement and installation" group="26" name="Cooling system"><serv-cat servcat.name=" Cooling System (Mechanical)"/><serv-cat servcat.name="Cooling Fan"/><doc-head>Engine</doc-head><doc-subhead>Cooling System - Removal, replacement and installation</doc-subhead>
          <!--<FunctionGroup3 group="NULL" name="NULL">
            <ti_title engine="B5244S4" id="TITitle-12345" navTitle="navTitle" shortYearRange="2005-2009" title="ti_title" yearRange="2005-2009">
              <nevisid documentType="servinfosub" id="0900c8af83f5e79d" title="Engine cooling fan (FC)" vccNumber="VCC-151303-1" yearRange="2005-2009"/>
            </ti_title>
            <ti_title engine="B5254T3" id="TITitle-12345" navTitle="navTitle" shortYearRange="2004-2007" title="ti_title" yearRange="2004-2007">
              <nevisid documentType="servinfosub" id="0900c8af83f5e79d" title="Engine cooling fan (FC)" vccNumber="VCC-151303-1" yearRange="2004-2007"/>
            </ti_title>
            <ti_title engine="B5254T7" id="TITitle-12345" navTitle="navTitle" shortYearRange="2008-2009" title="ti_title" yearRange="2008, 2009">
              <nevisid documentType="servinfosub" id="0900c8af83f5e79d" title="Engine cooling fan (FC)" vccNumber="VCC-151303-1" yearRange="2008, 2009"/>
            </ti_title>
          </FunctionGroup3>-->
          <FunctionGroup3 group="261" name="radiator and connections">
            <ti_title engine="B5244S4; B5244S7" id="TITitle-12345-343" navTitle="navTitle" shortYearRange="2005-2010" title="ti_title" trans="AW55-50/51SN; M56" yearRange="2005-2010">
              <nevisid documentType="servinfosub" id="0900c8af844cad68" title="Radiator" vccNumber="VCC-370340-3" yearRange="2005-2010"><exclusiveOrphan id="0900c8af85b00525"/><exclusiveOrphan id="0900c8af844c5e57"/></nevisid>
            </ti_title>
            
            
            <ti_title engine="B5254T3" id="TITitle-12345-344" navTitle="navTitle" shortYearRange="2004" title="ti_title" yearRange="2004">
              <nevisid documentType="servinfosub" id="0900c8af844cad7f" title="Radiator" vccNumber="VCC-370340-4" yearRange="2004"><exclusiveOrphan id="0900c8af8594d5b4"/><exclusiveOrphan id="0900c8af85b00525"/><exclusiveOrphan id="0900c8af844c5e57"/><exclusiveOrphan id="0900c8af844cb3c4"/></nevisid>
            </ti_title>
            <ti_title engine="B5254T3" id="TITitle-12345-345" navTitle="navTitle" shortYearRange="2005-2007" title="ti_title" trans="AW50/51 AWD; AW55-50/51SN; M66; M66 AWD" yearRange="2005-2007">
              <nevisid documentType="servinfosub" id="0900c8af844cad7f" title="Radiator" vccNumber="VCC-370340-4" yearRange="2005-2007"/>
            </ti_title>
            
            
            
            <ti_title engine="B5254T7" id="TITitle-12345-346" navTitle="navTitle" shortYearRange="2008-2010" title="ti_title" trans="AW50/51 AWD; M66; M66 AWD" yearRange="2008-2010">
              <nevisid documentType="servinfosub" id="0900c8af844cad7f" title="Radiator" vccNumber="VCC-370340-4" yearRange="2008-2010"/>
            </ti_title>
            <ti_title engine="B5254T7" id="TITitle-12345-347" navTitle="navTitle" shortYearRange="2008-2012" title="ti_title" trans="AW55-50/51SN" yearRange="2008-2012">
              <nevisid documentType="servinfosub" id="0900c8af844cad7f" title="Radiator" vccNumber="VCC-370340-4" yearRange="2008-2012"/>
            </ti_title>
            
            
          </FunctionGroup3>
          <FunctionGroup3 group="262" name="coolant pump and thermostat">
            <ti_title engine="B5244S4; B5244S7" id="TITitle-12345-348" navTitle="navTitle" shortYearRange="2005-2010" title="ti_title" yearRange="2005-2010">
              <nevisid documentType="servinfosub" id="0900c8af86bda2a3" title="Engine Coolant Pump (2006-2010)" vccNumber="VCC-370345-2" yearRange="2006-2010"><exclusiveOrphan id="0900c8af83434456"/><exclusiveOrphan id="0900c8af87165baa"/><exclusiveOrphan id="0900c8af85dbacb1"/></nevisid>
              <nevisid documentType="servinfosub" id="0900c8af86bda2b8" title="Engine Coolant Pump (2005)" vccNumber="VCC-370345-3" yearRange="2005"><exclusiveOrphan id="0900c8af83434456"/><exclusiveOrphan id="0900c8af87165baa"/><exclusiveOrphan id="0900c8af85dbacb1"/></nevisid>
              <nevisid documentType="servinfosub" id="0900c8af85148966" title="Thermostat" vccNumber="VCC-370346-3" yearRange="2005-2010"><exclusiveOrphan id="0900c8af851483ba"/><exclusiveOrphan id="0900c8af84f6dbd4"/><exclusiveOrphan id="0900c8af8343444a"/><exclusiveOrphan id="0900c8af87165baa"/></nevisid>
            </ti_title>
            
            <ti_title engine="B5254T3" id="TITitle-12345-349" navTitle="navTitle" shortYearRange="2004-2007" title="ti_title" yearRange="2004-2007">
              <nevisid documentType="servinfosub" id="0900c8af86bda2a3" title="Engine Coolant Pump (2006, 2007)" vccNumber="VCC-370345-2" yearRange="2006, 2007"/>
              <nevisid documentType="servinfosub" id="0900c8af86bda2b8" title="Engine Coolant Pump (2004, 2005)" vccNumber="VCC-370345-3" yearRange="2004, 2005"/>
              <nevisid documentType="servinfosub" id="0900c8af85159e48" title="Thermostat" vccNumber="VCC-370346-2" yearRange="2004-2007"><exclusiveOrphan id="0900c8af851483ba"/><exclusiveOrphan id="0900c8af84f6dbd4"/><exclusiveOrphan id="0900c8af8343444a"/><exclusiveOrphan id="0900c8af87165baa"/></nevisid>
            </ti_title>
            <ti_title engine="B5254T7" id="TITitle-12345-350" navTitle="navTitle" shortYearRange="2008-2012" title="ti_title" yearRange="2008-2012">
              <nevisid documentType="servinfosub" id="0900c8af86bda2a3" title="Engine Coolant Pump" vccNumber="VCC-370345-2" yearRange="2008-2012"/>
              <nevisid documentType="servinfosub" id="0900c8af85159e48" title="Thermostat" vccNumber="VCC-370346-2" yearRange="2008-2012"/>
            </ti_title>
          </FunctionGroup3>
          <FunctionGroup3 group="263" name="fan, fan shroud and clutch">
            <ti_title engine="B5244S4; B5244S7" id="TITitle-12345-351" navTitle="navTitle" shortYearRange="2005-2010" title="ti_title" yearRange="2005-2010">
              <nevisid documentType="servinfosub" id="0900c8af85b00525" title="Engine cooling fan" vccNumber="VCC-370347-4" yearRange="2005-2010"><exclusiveOrphan id="0900c8af851483ba"/><exclusiveOrphan id="0900c8af84f6dbd4"/><exclusiveOrphan id="0900c8af8541d087"/><exclusiveOrphan id="0900c8af87165baa"/><exclusiveOrphan id="0900c8af844d896f"/></nevisid>
            </ti_title>
            
            <ti_title engine="B5254T3" id="TITitle-12345-352" navTitle="navTitle" shortYearRange="2004-2007" title="ti_title" yearRange="2004-2007">
              <nevisid documentType="servinfosub" id="0900c8af85b00525" title="Engine cooling fan" vccNumber="VCC-370347-4" yearRange="2004-2007"/>
            </ti_title>
            <ti_title engine="B5254T7" id="TITitle-12345-353" navTitle="navTitle" shortYearRange="2008-2010" title="ti_title" yearRange="2008-2010">
              <nevisid documentType="servinfosub" id="0900c8af85b00525" title="Engine cooling fan" vccNumber="VCC-370347-4" yearRange="2008-2010"/>
            </ti_title>
            <ti_title engine="B5254T7" id="TITitle-12345-354" navTitle="navTitle" shortYearRange="2011-2012" title="ti_title" trans="AW55-50/51SN" yearRange="2011, 2012">
              <nevisid documentType="servinfosub" id="0900c8af85b00525" title="Engine cooling fan" vccNumber="VCC-370347-4" yearRange="2011, 2012"/>
            </ti_title>
          </FunctionGroup3>
          <FunctionGroup3 group="265" name="charge air cooler with connection">
            <ti_title engine="B5244S4; B5244S7" id="TITitle-12345-355" navTitle="navTitle" shortYearRange="2005-2009" title="ti_title" yearRange="2005-2009">
              <nevisid documentType="servinfosub" id="0900c8af844cb3c4" title="Charge air cooler" vccNumber="VCC-370348-4" yearRange="2005-2009"><exclusiveOrphan id="0900c8af8541d087"/><exclusiveOrphan id="0900c8af844c5e57"/><exclusiveOrphan id="0900c8af844d896f"/></nevisid>
            </ti_title>
            
            <ti_title engine="B5254T3" id="TITitle-12345-356" navTitle="navTitle" shortYearRange="2004-2007" title="ti_title" yearRange="2004-2007">
              <nevisid documentType="servinfosub" id="0900c8af844cb3c4" title="Charge air cooler" vccNumber="VCC-370348-4" yearRange="2004-2007"/>
            </ti_title>
            <ti_title engine="B5254T7" id="TITitle-12345-357" navTitle="navTitle" shortYearRange="2008-2010" title="ti_title" yearRange="2008-2010">
              <nevisid documentType="servinfosub" id="0900c8af844cb3c4" title="Charge air cooler" vccNumber="VCC-370348-4" yearRange="2008-2010"/>
            </ti_title>
          </FunctionGroup3>
        </FunctionGroup2>