<?xml version="1.0" encoding="UTF-8"?><FunctionGroup2 Qualifier="Design and Function" group="87" name="Climate units"><serv-cat servcat.name=" Cooling System (Mechanical)"/><serv-cat servcat.name=" Heater"/><serv-cat servcat.name="Automatic HVAC System"/><doc-head>HVAC</doc-head><doc-subhead>Climate Units - Design and Function</doc-subhead>
          <FunctionGroup3 group="NULL" name="NULL">
            <ti_title id="TITitle-12345-50" navTitle="navTitle" shortYearRange="2004-2012" title="ti_title" yearRange="2004-2012">
              <nevisid documentType="servinfo" id="0900c8af85f4d2d3" title="Climate units" vccNumber="VCC-156272-1" yearRange="2004-2012"/>
              <!--<nevisid documentType="servinfosub" id="0900c8af8135a52e" notFirstLevelInfo="true" title="Design" vccNumber="VCC-156274-1" yearRange="2004-2012"/>-->
              <!--<nevisid documentType="servinfosub" id="0900c8af8135a547" notFirstLevelInfo="true" title="Function" vccNumber="VCC-156275-1" yearRange="2004-2012"/>-->
              <!--<nevisid documentType="servinfosub" id="0900c8af8135a521" notFirstLevelInfo="true" title="Overview" vccNumber="VCC-156273-1" yearRange="2004-2012"/>-->
            </ti_title>
          </FunctionGroup3>
          <FunctionGroup3 group="871" name="control">
            <ti_title id="TITitle-12345-51" navTitle="navTitle" shortYearRange="2004-2012" title="ti_title" yearRange="2004-2012">
              <nevisid documentType="servinfosub" id="0900c8af84ffe651" notFirstLevelInfo="true" title="Blower fan" vccNumber="VCC-419427-1" yearRange="2004-2012"/>
              <nevisid documentType="servinfo" id="0900c8af84bb4184" title="Climate control module (CCM)" vccNumber="VCC-151203-1" yearRange="2004-2012"/>
              <!--<nevisid documentType="servinfosub" id="0900c8af84ffe5ff" notFirstLevelInfo="true" title="Design" vccNumber="VCC-151205-1" yearRange="2004-2012"/>-->
              <!--<nevisid documentType="servinfosub" id="0900c8af82bd75f2" notFirstLevelInfo="true" title="Diagnostic functions" vccNumber="VCC-151207-1" yearRange="2004-2012"/>-->
              <!--<nevisid documentType="servinfosub" id="0900c8af80cc9211" notFirstLevelInfo="true" title="Downloading software and replacing the control module" vccNumber="VCC-151208-1" yearRange="2004-2012"/>-->
              <!--<nevisid documentType="servinfosub" id="0900c8af84bb4143" notFirstLevelInfo="true" title="Function" vccNumber="VCC-151206-1" yearRange="2004-2012"/>-->
              <!--<nevisid documentType="servinfosub" id="0900c8af84bb40e6" notFirstLevelInfo="true" title="System overview" vccNumber="VCC-151204-1" yearRange="2004-2012"/>-->
            </ti_title>
          </FunctionGroup3>
          <FunctionGroup3 group="875" name="auxiliary heater, fuel operated">
            <ti_title id="TITitle-12345-52" navTitle="navTitle" shortYearRange="2004-2012" title="ti_title" yearRange="2004-2012">
              <nevisid documentType="servinfo" id="0900c8af80c59bad" title="Combustion preheater module (CPM)" vccNumber="VCC-151511-1" yearRange="2004-2012"/>
              <!--<nevisid documentType="servinfosub" id="0900c8af84eca6ef" notFirstLevelInfo="true" title="Design" vccNumber="VCC-151513-1" yearRange="2004-2012"/>-->
              <!--<nevisid documentType="servinfosub" id="0900c8af80cc99c3" notFirstLevelInfo="true" title="Diagnostic functions" vccNumber="VCC-151515-1" yearRange="2004-2012"/>-->
              <!--<nevisid documentType="servinfosub" id="0900c8af80cc99c8" notFirstLevelInfo="true" title="Downloading software and replacing the control module" vccNumber="VCC-151516-1" yearRange="2004-2012"/>-->
              <!--<nevisid documentType="servinfosub" id="0900c8af84eca6f9" notFirstLevelInfo="true" title="Function" vccNumber="VCC-151514-1" yearRange="2004-2012"/>-->
              <!--<nevisid documentType="servinfosub" id="0900c8af84eca6d9" notFirstLevelInfo="true" title="System overview" vccNumber="VCC-151512-1" yearRange="2004-2012"/>-->
            </ti_title>
          </FunctionGroup3>
        </FunctionGroup2>