<?xml version="1.0" encoding="UTF-8"?><FunctionGroup2 Qualifier="Removal, replacement and installation" group="25" name="Intake and exhaust system"><serv-cat servcat.name=" Exhaust"/><serv-cat servcat.name="Blowers, Superchargers @AnD@ Turbochargers"/><doc-head>Engine</doc-head><doc-subhead>Intake And Exhaust System - Removal, replacement and installation</doc-subhead>
          <FunctionGroup3 group="251" name="inlet and exhaust manifolds">
            <ti_title id="TITitle-12345-314" navTitle="navTitle" shortYearRange="2004-2012" title="ti_title" yearRange="2004-2012">
              <nevisid documentType="servinfosub" id="0900c8af86f586dd" title="Flanged joint, assembling" vccNumber="VCC-370302-1" yearRange="2004-2012"><exclusiveOrphan id="0900c8af8588d356"/></nevisid>
            </ti_title>
            <ti_title engine="B5244S4; B5244S7" id="TITitle-12345-315" navTitle="navTitle" shortYearRange="2005-2010" title="ti_title" yearRange="2005-2010">
              <nevisid documentType="servinfosub" id="0900c8af847c34af" title="Exhaust manifold" vccNumber="VCC-370299-2" yearRange="2005-2010"><exclusiveOrphan id="0900c8af8588407c"/><exclusiveOrphan id="0900c8af84fabe31"/><exclusiveOrphan id="0900c8af83434462"/><exclusiveOrphan id="0900c8af8588411f"/><exclusiveOrphan id="0900c8af85883f38"/></nevisid>
              <nevisid documentType="servinfosub" id="0900c8af85164c71" title="Induction pipe" vccNumber="VCC-370305-2" yearRange="2005-2010"><exclusiveOrphan id="0900c8af851483ba"/><exclusiveOrphan id="0900c8af84f6dbd4"/><exclusiveOrphan id="0900c8af85160730"/><exclusiveOrphan id="0900c8af83434456"/><exclusiveOrphan id="0900c8af8343444a"/><exclusiveOrphan id="0900c8af84fbd3a0"/></nevisid>
            </ti_title>
            
            <ti_title engine="B5254T3" id="TITitle-12345-316" navTitle="navTitle" shortYearRange="2004-2007" title="ti_title" yearRange="2004-2007">
              <nevisid documentType="servinfosub" id="0900c8af84642f44" title="Exhaust manifold" vccNumber="VCC-370299-3" yearRange="2004-2007"><exclusiveOrphan id="0900c8af847db1f5"/></nevisid>
              <nevisid documentType="servinfosub" id="0900c8af85164aa2" title="Induction pipe" vccNumber="VCC-370305-1" yearRange="2004-2007"><exclusiveOrphan id="0900c8af8515d3ae"/><exclusiveOrphan id="0900c8af85160730"/><exclusiveOrphan id="0900c8af83434456"/><exclusiveOrphan id="0900c8af84f998fd"/><exclusiveOrphan id="0900c8af8343444a"/><exclusiveOrphan id="0900c8af84fbd3a0"/></nevisid>
            </ti_title>
            <ti_title engine="B5254T7" id="TITitle-12345-317" navTitle="navTitle" shortYearRange="2008-2012" title="ti_title" yearRange="2008-2012">
              <nevisid documentType="servinfosub" id="0900c8af84642f44" title="Exhaust manifold" vccNumber="VCC-370299-3" yearRange="2008-2012"/>
              <nevisid documentType="servinfosub" id="0900c8af85164aa2" title="Induction pipe" vccNumber="VCC-370305-1" yearRange="2008-2012"/>
            </ti_title>
          </FunctionGroup3>
          <FunctionGroup3 group="252" name="muffler and exhaust pipe">
            <ti_title engine="B5244S4; B5244S7" id="TITitle-12345-318" navTitle="navTitle" shortYearRange="2005-2010" title="ti_title" yearRange="2005-2010">
              <nevisid documentType="servinfosub" id="0900c8af844ca3be" title="Muffler center" vccNumber="VCC-370313-1" yearRange="2005-2010"><exclusiveOrphan id="0900c8af844c5e57"/><exclusiveOrphan id="0900c8af86f586dd"/></nevisid>
              <nevisid documentType="servinfosub" id="0900c8af844ca31e" title="Muffler, front (2005-2009)" vccNumber="VCC-370312-3" yearRange="2005-2009"><exclusiveOrphan id="0900c8af844c5e57"/><exclusiveOrphan id="0900c8af86f586dd"/></nevisid>
            </ti_title>
            <ti_title engine="B5244S4; B5244S7" id="TITitle-12345-319" navTitle="navTitle" shortYearRange="2005-2010" title="ti_title" trans="AW55-50/51SN; M56" yearRange="2005-2010">
              <nevisid documentType="servinfosub" id="0900c8af864965f8" title="Muffler rear" vccNumber="VCC-370311-1" yearRange="2005-2010"><exclusiveOrphan id="0900c8af8343446e"/></nevisid>
              <nevisid documentType="servinfosub" id="0900c8af844ca31e" title="Muffler, front (2010)" vccNumber="VCC-370312-3" yearRange="2010"/>
            </ti_title>
            
            
            
            <ti_title engine="B5254T3" id="TITitle-12345-320" navTitle="navTitle" shortYearRange="2005-2007" title="ti_title" trans="AW50/51 AWD; M66 AWD" yearRange="2005-2007">
              <nevisid documentType="servinfosub" id="0900c8af844ca2ad" title="Muffler rear" vccNumber="VCC-370311-3" yearRange="2005-2007"><exclusiveOrphan id="0900c8af85c1ceca"/><exclusiveOrphan id="0900c8af86f586dd"/></nevisid>
              <nevisid documentType="servinfosub" id="0900c8af844ca316" title="Muffler, front" vccNumber="VCC-370312-2" yearRange="2005-2007"><exclusiveOrphan id="0900c8af844c5e57"/><exclusiveOrphan id="0900c8af864965f8"/><exclusiveOrphan id="0900c8af86f586dd"/><exclusiveOrphan id="0900c8af844ca2ad"/></nevisid>
            </ti_title>
            <ti_title engine="B5254T3" id="TITitle-12345-321" navTitle="navTitle" shortYearRange="2004-2007" title="ti_title" trans="AW55-50/51SN" yearRange="2004-2007">
              <nevisid documentType="servinfosub" id="0900c8af864965f8" title="Muffler rear" vccNumber="VCC-370311-1" yearRange="2004-2007"/>
              <nevisid documentType="servinfosub" id="0900c8af844ca344" title="Muffler, front" vccNumber="VCC-370312-6" yearRange="2004-2007"><exclusiveOrphan id="0900c8af844c5e57"/><exclusiveOrphan id="0900c8af864965f8"/><exclusiveOrphan id="0900c8af86f586dd"/><exclusiveOrphan id="0900c8af844ca2ad"/></nevisid>
            </ti_title>
            <ti_title engine="B5254T3" id="TITitle-12345-322" navTitle="navTitle" shortYearRange="2005-2007" title="ti_title" trans="M66" yearRange="2005-2007">
              <nevisid documentType="servinfosub" id="0900c8af864965f8" title="Muffler rear" vccNumber="VCC-370311-1" yearRange="2005-2007"/>
              <nevisid documentType="servinfosub" id="0900c8af844ca344" title="Muffler, front" vccNumber="VCC-370312-6" yearRange="2005-2007"/>
            </ti_title>
            
            <ti_title engine="B5254T7" id="TITitle-12345-323" navTitle="navTitle" shortYearRange="2012" title="ti_title" yearRange="2012">
              <nevisid documentType="servinfosub" id="0900c8af844ca3be" title="Muffler center" vccNumber="VCC-370313-1" yearRange="2012"/>
              <nevisid documentType="servinfosub" id="0900c8af864965f8" title="Muffler rear" vccNumber="VCC-370311-1" yearRange="2012"/>
            </ti_title>
            <ti_title engine="B5254T7" id="TITitle-12345-324" navTitle="navTitle" shortYearRange="2008-2010" title="ti_title" trans="AW50/51 AWD; M66 AWD" yearRange="2008-2010">
              <nevisid documentType="servinfosub" id="0900c8af844ca2ad" title="Muffler rear" vccNumber="VCC-370311-3" yearRange="2008-2010"/>
              <nevisid documentType="servinfosub" id="0900c8af844ca316" title="Muffler, front" vccNumber="VCC-370312-2" yearRange="2008-2010"/>
            </ti_title>
            <ti_title engine="B5254T7" id="TITitle-12345-325" navTitle="navTitle" shortYearRange="2008-2012" title="ti_title" trans="AW55-50/51SN" yearRange="2008-2012">
              <nevisid documentType="servinfosub" id="0900c8af844ca3be" title="Muffler center (2011)" vccNumber="VCC-370313-1" yearRange="2011"/>
              <nevisid documentType="servinfosub" id="0900c8af864965f8" title="Muffler rear (2008-2011)" vccNumber="VCC-370311-1" yearRange="2008-2011"/>
              <nevisid documentType="servinfosub" id="0900c8af844ca344" title="Muffler, front" vccNumber="VCC-370312-6" yearRange="2008-2012"/>
            </ti_title>
            <ti_title engine="B5254T7" id="TITitle-12345-326" navTitle="navTitle" shortYearRange="2008-2010" title="ti_title" trans="M66" yearRange="2008-2010">
              <nevisid documentType="servinfosub" id="0900c8af864965f8" title="Muffler rear" vccNumber="VCC-370311-1" yearRange="2008-2010"/>
              <nevisid documentType="servinfosub" id="0900c8af844ca344" title="Muffler, front" vccNumber="VCC-370312-6" yearRange="2008-2010"/>
            </ti_title>
            
          </FunctionGroup3>
          <FunctionGroup3 group="254" name="catalytic converter and emission control">
            <ti_title engine="B5244S4; B5244S7" id="TITitle-12345-327" navTitle="navTitle" shortYearRange="2005-2010" title="ti_title" yearRange="2005-2010">
              <nevisid documentType="servinfosub" id="0900c8af87debc88" title="Lambda probe" vccNumber="VCC-370316-1" yearRange="2005-2010"><exclusiveOrphan id="0900c8af8343452b"/></nevisid>
            </ti_title>
            <ti_title engine="B5244S4; B5244S7" id="TITitle-12345-328" navTitle="navTitle" shortYearRange="2005-2010" title="ti_title" trans="AW55-50/51SN; M56" yearRange="2005-2010">
              <nevisid documentType="servinfosub" id="0900c8af8588411f" title="Catalytic converter" vccNumber="VCC-370315-1" yearRange="2005-2010"><exclusiveOrphan id="0900c8af8343cca8"/><exclusiveOrphan id="0900c8af83434462"/><exclusiveOrphan id="0900c8af8343ccb9"/><exclusiveOrphan id="0900c8af87debc88"/><exclusiveOrphan id="0900c8af84a4f4df"/></nevisid>
            </ti_title>
            
            
            
            <ti_title engine="B5254T3" id="TITitle-12345-329" navTitle="navTitle" shortYearRange="2004-2007" title="ti_title" yearRange="2004-2007">
              <nevisid documentType="servinfosub" id="0900c8af85883f38" title="Catalytic converter (2004)" vccNumber="VCC-370315-2" yearRange="2004"><exclusiveOrphan id="0900c8af8343452b"/><exclusiveOrphan id="0900c8af84a90692"/><exclusiveOrphan id="0900c8af83434462"/><exclusiveOrphan id="0900c8af8343ccb9"/></nevisid>
              <nevisid documentType="servinfosub" id="0900c8af84a4f4df" title="Lambda probe" vccNumber="VCC-370316-2" yearRange="2004-2007"><exclusiveOrphan id="0900c8af8343452b"/></nevisid>
            </ti_title>
            <ti_title engine="B5254T3" id="TITitle-12345-330" navTitle="navTitle" shortYearRange="2005-2007" title="ti_title" trans="AW50/51 AWD; M66 AWD" yearRange="2005-2007">
              <nevisid documentType="servinfosub" id="0900c8af8588407c" title="Catalytic converter" vccNumber="VCC-370315-3" yearRange="2005-2007"><exclusiveOrphan id="0900c8af8343452b"/><exclusiveOrphan id="0900c8af84a90692"/><exclusiveOrphan id="0900c8af83434462"/><exclusiveOrphan id="0900c8af844d1b04"/><exclusiveOrphan id="0900c8af84743171"/><exclusiveOrphan id="0900c8af8343ccb9"/><exclusiveOrphan id="0900c8af844d1b20"/></nevisid>
            </ti_title>
            <ti_title engine="B5254T3" id="TITitle-12345-331" navTitle="navTitle" shortYearRange="2005-2007" title="ti_title" trans="AW55-50/51SN; M66" yearRange="2005-2007">
              <nevisid documentType="servinfosub" id="0900c8af85883f38" title="Catalytic converter" vccNumber="VCC-370315-2" yearRange="2005-2007"/>
            </ti_title>
            
            
            <ti_title engine="B5254T7" id="TITitle-12345-332" navTitle="navTitle" shortYearRange="2008-2012" title="ti_title" yearRange="2008-2012">
              <nevisid documentType="servinfosub" id="0900c8af85883f38" title="Catalytic converter (2012)" vccNumber="VCC-370315-2" yearRange="2012"/>
              <nevisid documentType="servinfosub" id="0900c8af84a4f4df" title="Lambda probe" vccNumber="VCC-370316-2" yearRange="2008-2012"/>
            </ti_title>
            <ti_title engine="B5254T7" id="TITitle-12345-333" navTitle="navTitle" shortYearRange="2008-2010" title="ti_title" trans="AW50/51 AWD; M66 AWD" yearRange="2008-2010">
              <nevisid documentType="servinfosub" id="0900c8af8588407c" title="Catalytic converter" vccNumber="VCC-370315-3" yearRange="2008-2010"/>
            </ti_title>
            <ti_title engine="B5254T7" id="TITitle-12345-334" navTitle="navTitle" shortYearRange="2008-2011" title="ti_title" trans="AW55-50/51SN" yearRange="2008-2011">
              <nevisid documentType="servinfosub" id="0900c8af85883f38" title="Catalytic converter" vccNumber="VCC-370315-2" yearRange="2008-2011"/>
            </ti_title>
            <ti_title engine="B5254T7" id="TITitle-12345-335" navTitle="navTitle" shortYearRange="2008-2010" title="ti_title" trans="M66" yearRange="2008-2010">
              <nevisid documentType="servinfosub" id="0900c8af85883f38" title="Catalytic converter" vccNumber="VCC-370315-2" yearRange="2008-2010"/>
            </ti_title>
            
          </FunctionGroup3>
          <FunctionGroup3 group="255" name="turbocharger">
            <ti_title engine="B5254T3" id="TITitle-12345-336" navTitle="navTitle" shortYearRange="2004-2007" title="ti_title" yearRange="2004-2007">
              <nevisid documentType="servinfosub" id="0900c8af85423d39" title="Actuator turbo pressure (vacuum)" vccNumber="VCC-370329-1" yearRange="2004-2007"><exclusiveOrphan id="0900c8af844d5601"/></nevisid>
              <nevisid documentType="servinfosub" id="0900c8af847db1f5" title="Turbocharger" vccNumber="VCC-370324-1" yearRange="2004-2007"><exclusiveOrphan id="0900c8af84b44367"/><exclusiveOrphan id="0900c8af8588407c"/><exclusiveOrphan id="0900c8af84b44400"/><exclusiveOrphan id="0900c8af83434462"/><exclusiveOrphan id="0900c8af8588411f"/><exclusiveOrphan id="0900c8af8343444a"/><exclusiveOrphan id="0900c8af87165baa"/><exclusiveOrphan id="0900c8af85883f38"/><exclusiveOrphan id="0900c8af852fde5d"/><exclusiveOrphan id="0900c8af83d7cdf3"/></nevisid>
            </ti_title>
            <ti_title engine="B5254T7" id="TITitle-12345-337" navTitle="navTitle" shortYearRange="2008-2012" title="ti_title" yearRange="2008-2012">
              <nevisid documentType="servinfosub" id="0900c8af85423d39" title="Actuator turbo pressure (vacuum)" vccNumber="VCC-370329-1" yearRange="2008-2012"/>
              <nevisid documentType="servinfosub" id="0900c8af847db1f5" title="Turbocharger" vccNumber="VCC-370324-1" yearRange="2008-2012"/>
            </ti_title>
          </FunctionGroup3>
          <FunctionGroup3 group="256" name="air cleaner and throttle housing">
            <ti_title engine="B5244S4; B5244S7" id="TITitle-12345-338" navTitle="navTitle" shortYearRange="2005-2010" title="ti_title" yearRange="2005-2010">
              <nevisid documentType="servinfosub" id="0900c8af851483ba" title="Air cleaner housing" vccNumber="VCC-370333-18" yearRange="2005-2010"><exclusiveOrphan id="0900c8af854fa695"/><exclusiveOrphan id="0900c8af8515d2ec"/><exclusiveOrphan id="0900c8af848d29af"/></nevisid>
              <nevisid documentType="servinfosub" id="0900c8af8515d2ec" title="Mass air flow sensor MAF" vccNumber="VCC-370295-2" yearRange="2005-2010"/>
              <nevisid documentType="servinfosub" id="0900c8af8515d3ae" title="Throttle body" vccNumber="VCC-370334-1" yearRange="2005-2010"><exclusiveOrphan id="0900c8af851483ba"/><exclusiveOrphan id="0900c8af84f6dbd4"/><exclusiveOrphan id="0900c8af871092d7"/><exclusiveOrphan id="0900c8af852fde5d"/></nevisid>
            </ti_title>
            
            <ti_title engine="B5254T3" id="TITitle-12345-339" navTitle="navTitle" shortYearRange="2004-2007" title="ti_title" yearRange="2004-2007">
              <nevisid documentType="servinfosub" id="0900c8af84f6dbd4" title="Air cleaner housing" vccNumber="VCC-370333-16" yearRange="2004-2007"><exclusiveOrphan id="0900c8af8343446e"/><exclusiveOrphan id="0900c8af8343444a"/><exclusiveOrphan id="0900c8af848d29af"/></nevisid>
              <nevisid documentType="servinfosub" id="0900c8af854fa695" title="Mass air flow sensor MAF" vccNumber="VCC-370295-1" yearRange="2004-2007"><exclusiveOrphan id="0900c8af8343444a"/></nevisid>
              <nevisid documentType="servinfosub" id="0900c8af84f998fd" title="Throttle body" vccNumber="VCC-370334-2" yearRange="2004-2007"><exclusiveOrphan id="0900c8af8343444a"/></nevisid>
            </ti_title>
            <ti_title engine="B5254T7" id="TITitle-12345-340" navTitle="navTitle" shortYearRange="2008-2012" title="ti_title" yearRange="2008-2012">
              <nevisid documentType="servinfosub" id="0900c8af84f6dbd4" title="Air cleaner housing" vccNumber="VCC-370333-16" yearRange="2008-2012"/>
              <nevisid documentType="servinfosub" id="0900c8af854fa695" title="Mass air flow sensor MAF" vccNumber="VCC-370295-1" yearRange="2008-2012"/>
              <nevisid documentType="servinfosub" id="0900c8af84f998fd" title="Throttle body" vccNumber="VCC-370334-2" yearRange="2008-2012"/>
            </ti_title>
          </FunctionGroup3>
          <FunctionGroup3 group="257" name="crankcase ventilation">
            <ti_title engine="B5254T3" id="TITitle-12345-341" navTitle="navTitle" shortYearRange="2004-2007" title="ti_title" yearRange="2004-2007">
              <nevisid documentType="servinfosub" id="0900c8af84950d77" title="Non-return valve, crankcase ventilation" vccNumber="VCC-370337-1" yearRange="2004-2007"><exclusiveOrphan id="0900c8af8343444a"/><exclusiveOrphan id="0900c8af83d7cdf3"/></nevisid>
            </ti_title>
            <ti_title engine="B5254T7" id="TITitle-12345-342" navTitle="navTitle" shortYearRange="2008-2012" title="ti_title" yearRange="2008-2012">
              <nevisid documentType="servinfosub" id="0900c8af84950d77" title="Non-return valve, crankcase ventilation" vccNumber="VCC-370337-1" yearRange="2008-2012"/>
            </ti_title>
          </FunctionGroup3>
        </FunctionGroup2>