<?xml version="1.0" encoding="UTF-8"?><FunctionGroup2 Qualifier="Cleaning, Inspection and Adjustment" group="35" name="Lighting"><serv-cat servcat.name=" Interior/Illumination Lights"/><serv-cat servcat.name="Exterior Lights"/><doc-head>Accessories and Body, Cab</doc-head><doc-subhead>Lighting - Cleaning, Inspection and Adjustment</doc-subhead>
          <FunctionGroup3 group="352" name="lighting, front">
            <ti_title id="TITitle-12345-709" navTitle="navTitle" shortYearRange="2004-2012" title="ti_title" yearRange="2004-2012">
              <nevisid documentType="servinfosub" id="0900c8af85d91962" title="Headlamp leak test" vccNumber="VCC-461875-2" yearRange="2004-2012"><exclusiveOrphan id="0900c8af85058329"/></nevisid>
              <nevisid documentType="servinfosub" id="0900c8af85148d43" title="Headlamp masking" vccNumber="VCC-370416-1" yearRange="2004-2012"><exclusiveOrphan id="0900c8af85058329"/></nevisid>
              <nevisid documentType="servinfosub" id="0900c8af859bf889" title="Headlamps, adjusting (2004-2009)" vccNumber="VCC-370415-1" yearRange="2004-2009"><exclusiveOrphan id="0900c8af8456c254"/></nevisid>
              <nevisid documentType="servinfosub" id="0900c8af859dc666" title="Headlamps, adjusting (2010-2012)" vccNumber="VCC-370415-5" yearRange="2010-2012"><exclusiveOrphan id="0900c8af8456c254"/><exclusiveOrphan id="0900c8af85006f08"/><exclusiveOrphan id="0900c8af84fe1dd8"/></nevisid>
            </ti_title>
          </FunctionGroup3>
        </FunctionGroup2>