<orphans><doc-subhead>Springs and wheels</doc-subhead><ti_title><nevisid id="0900c8af8591bf0c" title="Front Stabilizer Bar Link"/><nevisid id="0900c8af8591bf2d" title="Front Stabilizer Bar Link"/><nevisid id="0900c8af8638c4fd" title="Front Stabilizer Bar Link"/><nevisid id="0900c8af85c000f7" title="Front Strut and Spring Assembly"/><nevisid id="0900c8af84f04000" title="Hjul till hjulnav (tidigt utförande)"/><nevisid id="0900c8af84776e72" title="Jordskruv"/><nevisid id="0900c8af85992d70" title="Rear shock absorber top mount, to Shock absorber, Nivomat"/><nevisid id="0900c8af84599ae3" title="Shock absorber front"/><nevisid id="0900c8af8572dfc0" title="Shock absorber front"/><nevisid id="0900c8af87703f77" title="Shock absorber front"/><nevisid id="0900c8af84599b31" title="Spring"/><nevisid id="0900c8af86392012" title="Spring"/><nevisid id="0900c8af85665226" title="Wheel bearings and wheel hubs, front"/><nevisid id="0900c8af85d222ca" title="Wheel bearings and wheel hubs, front"/><nevisid id="0900c8af85d808cc" title="Wheel hub to longitudinal stay"/></ti_title></orphans>