<?xml version="1.0" encoding="UTF-8"?><FunctionGroup2 Qualifier="Removal, replacement and installation" group="59" name="Brake control system"><serv-cat servcat.name="Anti-Lock/Traction Control"/><doc-head>Brakes</doc-head><doc-subhead>Brake Control System - Removal, replacement and installation</doc-subhead>
          <FunctionGroup3 group="NULL" name="NULL">
            <ti_title id="TITitle-12345-515" navTitle="navTitle" shortYearRange="2004-2009" title="ti_title" yearRange="2004-2009">
              <nevisid documentType="servinfo" id="0900c8af80c5b29e" title="Anti-lock brakes" vccNumber="VCC-153359-1" yearRange="2004-2009"/>
            </ti_title>
          </FunctionGroup3>
          <FunctionGroup3 group="593" name="anti-lock brake (anti-skid)">
            <ti_title id="TITitle-12345-516" navTitle="navTitle" shortYearRange="2004-2012" title="ti_title" yearRange="2004-2012">
              <nevisid documentType="servinfosub" id="0900c8af8511ed53" title="Anti-lock Brake System Module (ABS)" vccNumber="VCC-370779-1" yearRange="2004-2012"><exclusiveOrphan id="0900c8af84ecad41"/><exclusiveOrphan id="0900c8af85140a56"/><exclusiveOrphan id="0900c8af85140a7b"/><exclusiveOrphan id="0900c8af8343443e"/><exclusiveOrphan id="0900c8af86272469"/></nevisid>
              <nevisid documentType="servinfosub" id="0900c8af84ecad41" title="Hydraulic unit brake system (2004-2006, 2008-2010)" vccNumber="VCC-370778-1" yearRange="2004-2006, 2008-2010"><exclusiveOrphan id="0900c8af8511ed53"/></nevisid>
            </ti_title>
            <ti_title engine="B5244S4; B5244S7; B5254T3" id="TITitle-12345-517" navTitle="navTitle" shortYearRange="2007" title="ti_title" yearRange="2007">
              <nevisid documentType="servinfosub" id="0900c8af84ecad41" title="Hydraulic unit brake system" vccNumber="VCC-370778-1" yearRange="2007"/>
            </ti_title>
            
            
            <ti_title engine="B5254T7" id="TITitle-12345-518" navTitle="navTitle" shortYearRange="2011-2012" title="ti_title" yearRange="2011, 2012">
              <nevisid documentType="servinfosub" id="0900c8af84ecad41" title="Hydraulic unit brake system" vccNumber="VCC-370778-1" yearRange="2011, 2012"/>
            </ti_title>
          </FunctionGroup3>
        </FunctionGroup2>