<?xml version="1.0" encoding="UTF-8"?><FunctionGroup2 Qualifier="Overhaul instructions" group="35" name="Lighting"><serv-cat servcat.name=" Interior/Illumination Lights"/><serv-cat servcat.name="Exterior Lights"/><doc-head>Accessories and Body, Cab</doc-head><doc-subhead>Lighting - Overhaul instructions</doc-subhead>
          <FunctionGroup3 group="352" name="lighting, front">
            <ti_title id="TITitle-12345-655" navTitle="navTitle" shortYearRange="2004-2012" title="ti_title" yearRange="2004-2012">
              <nevisid documentType="servinfosub" id="0900c8af866f8b15" title="Headlamp lens, restoration" vccNumber="VCC-461635-1" yearRange="2004-2012"><exclusiveOrphan id="0900c8af85058329"/></nevisid>
            </ti_title>
          </FunctionGroup3>
        </FunctionGroup2>