<?xml version="1.0" encoding="UTF-8"?><FunctionGroup2 Qualifier="Removal, replacement and installation" group="82" name="Bonnet (Hood), front end, wings, door sill"><serv-cat servcat.name=" Exterior Body Panels"/><serv-cat servcat.name="Exterior/Interior Trim"/><doc-head>Accessories and Body, Cab</doc-head><doc-subhead>Roof Panel, Replacing - Removal, replacement and installation</doc-subhead>
          <!--<FunctionGroup3 group="NULL" name="NULL">
            <ti_title id="TITitle-12345" navTitle="navTitle" shortYearRange="2007-2009" title="ti_title" yearRange="2007-2009">
              <nevisid documentType="servinfosub" id="0900c8af836749c6" title="Rear view mirror external" vccNumber="VCC-294465-1" yearRange="2007-2009"/>
            </ti_title>
          </FunctionGroup3>-->
          <FunctionGroup3 group="821" name="hood, cover with assembly parts">
            <ti_title id="TITitle-12345-575" navTitle="navTitle" shortYearRange="2004-2012" title="ti_title" yearRange="2004-2012">
              <nevisid documentType="servinfosub" id="0900c8af844d60f4" title="Control lock engine hood" vccNumber="VCC-370916-1" yearRange="2004-2012"><exclusiveOrphan id="0900c8af84f45f03"/></nevisid>
              <nevisid documentType="servinfosub" id="0900c8af844d6094" title="Door latch hood" vccNumber="VCC-370914-1" yearRange="2004-2012"><exclusiveOrphan id="0900c8af84f45f03"/><exclusiveOrphan id="0900c8af8541d087"/><exclusiveOrphan id="0900c8af844d896f"/></nevisid>
              <nevisid documentType="servinfosub" id="0900c8af844d6074" title="Hood hinge" vccNumber="VCC-370912-1" yearRange="2004-2012"><exclusiveOrphan id="0900c8af84f45f03"/></nevisid>
              <nevisid documentType="servinfosub" id="0900c8af84fdc91e" title="Hood Insulation (2004-2011)" vccNumber="VCC-419050-1" yearRange="2004-2011"/>
              <nevisid documentType="servinfosub" id="0900c8af844d6136" title="Wire lock engine hood" vccNumber="VCC-370917-1" yearRange="2004-2012"><exclusiveOrphan id="0900c8af844d9eac"/><exclusiveOrphan id="0900c8af84f45f03"/><exclusiveOrphan id="0900c8af86272469"/></nevisid>
            </ti_title>
          </FunctionGroup3>
          <FunctionGroup3 group="823" name="radiator grille">
            <ti_title id="TITitle-12345-576" navTitle="navTitle" shortYearRange="2004-2012" title="ti_title" yearRange="2004-2012">
              <nevisid documentType="servinfosub" id="0900c8af844d6246" title="Plenum chamber" vccNumber="VCC-370919-1" yearRange="2004-2012"><exclusiveOrphan id="0900c8af8524d178"/></nevisid>
              <nevisid documentType="servinfosub" id="0900c8af84a311eb" title="Radiator Grille" vccNumber="VCC-370918-10" yearRange="2004-2012"/>
            </ti_title>
          </FunctionGroup3>
          <FunctionGroup3 group="824" name="front section">
            <ti_title id="TITitle-12345-577" navTitle="navTitle" shortYearRange="2004-2012" title="ti_title" yearRange="2004-2012">
              <nevisid documentType="servinfosub" id="0900c8af844d62f4" title="Bracket front piece" vccNumber="VCC-370922-1" yearRange="2004-2012"><exclusiveOrphan id="0900c8af86f1f6eb"/><exclusiveOrphan id="0900c8af844d5746"/><exclusiveOrphan id="0900c8af8495a0ed"/><exclusiveOrphan id="0900c8af844d571e"/><exclusiveOrphan id="0900c8af8783a0a0"/></nevisid>
              <nevisid documentType="servinfosub" id="0900c8af844d62aa" title="Front end" vccNumber="VCC-370921-1" yearRange="2004-2012"><exclusiveOrphan id="0900c8af84f45f03"/><exclusiveOrphan id="0900c8af8541d087"/><exclusiveOrphan id="0900c8af844d896f"/></nevisid>
            </ti_title>
          </FunctionGroup3>
          <FunctionGroup3 group="825" name="front mudguard">
            <ti_title id="TITitle-12345-578" navTitle="navTitle" shortYearRange="2004-2012" title="ti_title" yearRange="2004-2012">
              <nevisid documentType="servinfosub" id="0900c8af844d632b" title="Fender" vccNumber="VCC-370925-1" yearRange="2004-2012"><exclusiveOrphan id="0900c8af84f45f03"/><exclusiveOrphan id="0900c8af8783a0a0"/></nevisid>
            </ti_title>
          </FunctionGroup3>
          <FunctionGroup3 group="826" name="rear mudguard">
            <ti_title id="TITitle-12345-579" navTitle="navTitle" shortYearRange="2004-2012" title="ti_title" yearRange="2004-2012">
              <nevisid documentType="servinfosub" id="0900c8af844d6403" title="Fender" vccNumber="VCC-370926-2" yearRange="2004-2012"><exclusiveOrphan id="0900c8af844d5589"/><exclusiveOrphan id="0900c8af844d54af"/><exclusiveOrphan id="0900c8af844d5746"/><exclusiveOrphan id="0900c8af844d571e"/><exclusiveOrphan id="0900c8af844d6494"/><exclusiveOrphan id="0900c8af844d5165"/><exclusiveOrphan id="0900c8af844d5db1"/><exclusiveOrphan id="0900c8af8783a0a0"/></nevisid>
            </ti_title>
          </FunctionGroup3>
        </FunctionGroup2>