<?xml version="1.0" encoding="UTF-8"?><FunctionGroup2 Qualifier="Specifications, mechanical" group="50" name="General"><serv-cat servcat.name="Mechanical - Hydraulic"/><doc-head>Brakes</doc-head><doc-subhead>General - Specifications, mechanical</doc-subhead>
          <FunctionGroup3 group="500" name="general">
            <ti_title id="TITitle-12345-107" navTitle="navTitle" shortYearRange="2004-2012" title="ti_title" yearRange="2004-2012">
              <nevisid documentType="servinfosub" id="0900c8af84fb8cd4" title="Tightening torque" vccNumber="VCC-370744-1" yearRange="2004-2012"><exclusiveOrphan id="0900c8af84792ed7"/></nevisid>
            </ti_title>
          </FunctionGroup3>
        </FunctionGroup2>