<?xml version="1.0" encoding="UTF-8"?><FunctionGroup2 Qualifier="Specifications, other" group="37" name="Cables and fuses"><serv-cat servcat.name=" Fuses @AnD@ Circuit Breakers"/><serv-cat servcat.name="Body Electrical"/><doc-head>Electrical</doc-head><doc-subhead>Cables And Fuses - Specifications, other</doc-subhead>
          <FunctionGroup3 group="372" name="electrical distribution box, fuse box">
            <ti_title id="TITitle-12345-133" navTitle="navTitle" shortYearRange="2004-2012" title="ti_title" yearRange="2004-2012">
              <!--<nevisid documentType="servinfosub" id="0900c8af8441d2b0" notFirstLevelInfo="true" title="Description of activation (2004-2009)" vccNumber="VCC-149012-1" yearRange="2004-2009"/>-->
              <!--<nevisid documentType="servinfosub" id="0900c8af851cf226" notFirstLevelInfo="true" title="Description of activation (2010-2012)" vccNumber="VCC-394900-1" yearRange="2010-2012"/>-->
              <nevisid documentType="servinfosub" id="0900c8af83b86652" notFirstLevelInfo="true" title="Description of frozen values (2008-2012)" vccNumber="VCC-313802-1" yearRange="2008-2012"/>
              <!--<nevisid documentType="servinfosub" id="0900c8af83b8668e" notFirstLevelInfo="true" title="Description of parameters (2008-2012)" vccNumber="VCC-313816-1" yearRange="2008-2012"/>-->
              <!--<nevisid documentType="servinfosub" id="0900c8af85378cd5" notFirstLevelInfo="true" title="Description of parameters (2010-2012)" vccNumber="VCC-394886-1" yearRange="2010-2012"/>-->
              <!--<nevisid documentType="servinfosub" id="0900c8af862f28b0" notFirstLevelInfo="true" title="Description of parameters (2004-2009)" vccNumber="VCC-148989-1" yearRange="2004-2009"/>-->
              <!--<nevisid documentType="servinfosub" id="0900c8af80cdf0a3" notFirstLevelInfo="true" title="Description of reading off extended diagnostic trouble code (DTC) information" vccNumber="VCC-154869-1" yearRange="2004-2012"/>-->
              <!--<nevisid documentType="servinfosub" id="0900c8af80ce0722" notFirstLevelInfo="true" title="Description of reading off of extended diagnostic trouble code (DTC) information" vccNumber="VCC-155260-1" yearRange="2004-2012"/>-->
              <!--<nevisid documentType="servinfosub" id="0900c8af83b86689" notFirstLevelInfo="true" title="Description of read-out of extended diagnostic trouble code information (2008-2012)" vccNumber="VCC-313815-1" yearRange="2008-2012"/>-->
              <!--<nevisid documentType="servinfosub" id="0900c8af80ce070a" notFirstLevelInfo="true" title="Description parameters" vccNumber="VCC-155255-1" yearRange="2004-2012"/>-->
              <nevisid documentType="servinfo" id="0900c8af80c5c5d6" title="Vehicle communication information, accessory electronic module (AEM)" vccNumber="VCC-155254-1" yearRange="2004-2012"><exclusiveOrphan id="0900c8af80ce0712"/><exclusiveOrphan id="0900c8af80ce0722"/><exclusiveOrphan id="0900c8af80ce070a"/></nevisid>
              <nevisid documentType="servinfo" id="0900c8af83b8664e" title="Vehicle communication information, accessory USB unit (AUU) (2008-2012)" vccNumber="VCC-313801-1" yearRange="2008-2012"><exclusiveOrphan id="0900c8af83b8668e"/><exclusiveOrphan id="0900c8af83b86689"/></nevisid>
              <nevisid documentType="servinfo" id="0900c8af8492cde4" title="Vehicle communication information, central electronic module (CEM) (2004-2009)" vccNumber="VCC-149082-1" yearRange="2004-2009"><exclusiveOrphan id="0900c8af8441d2b0"/><exclusiveOrphan id="0900c8af80cdf0a3"/><exclusiveOrphan id="0900c8af862f28b0"/></nevisid>
              <nevisid documentType="servinfo" id="0900c8af8492cded" title="Vehicle communication information, central electronic module (CEM) (2010-2012)" vccNumber="VCC-149082-2" yearRange="2010-2012"><exclusiveOrphan id="0900c8af80cdf0a3"/><exclusiveOrphan id="0900c8af85378cd5"/><exclusiveOrphan id="0900c8af851cf226"/></nevisid>
            </ti_title>
          </FunctionGroup3>
        </FunctionGroup2>