<?xml version="1.0" encoding="UTF-8"?><FunctionGroup2 Qualifier="Component location" group="88" name="Interior equipment"><serv-cat servcat.name=" Passive Restraints"/><serv-cat servcat.name=" Exterior/Interior Trim"/><serv-cat servcat.name="Seats"/><doc-head>Accessories and Body, Cab</doc-head><doc-subhead>Interior Equipment - Component location</doc-subhead>
          <FunctionGroup3 group="884" name="seat belt and other restraining systems">
            <ti_title id="TITitle-12345-222" navTitle="navTitle" shortYearRange="2004-2012" title="ti_title" yearRange="2004-2012">
              <!--<nevisid documentType="servinfosub" id="0900c8af80cc8aac" notFirstLevelInfo="true" title="Location of components" vccNumber="VCC-150985-1" yearRange="2004-2012"/>-->
              <nevisid documentType="servinfo" id="0900c8af83855bdc" title="Location of components, supplemental restraint system module (SRS)" vccNumber="VCC-150984-1" yearRange="2004-2012"><exclusiveOrphan id="0900c8af80cc8aac"/></nevisid>
            </ti_title>
          </FunctionGroup3>
        </FunctionGroup2>