<?xml version="1.0" encoding="UTF-8"?><FunctionGroup2 Qualifier="Specifications, mechanical" group="80" name="General"><serv-cat servcat.name="Frames, Subframes @AnD@ Crossmembers"/><doc-head>Accessories and Body, Cab</doc-head><doc-subhead>General - Specifications, mechanical</doc-subhead>
          <FunctionGroup3 group="800" name="general">
            <ti_title id="TITitle-12345-113" navTitle="navTitle" shortYearRange="2004-2010" title="ti_title" yearRange="2004-2010">
              <nevisid documentType="servinfosub" id="0900c8af84f45f03" title="Tightening torque" vccNumber="VCC-370857-1" yearRange="2004-2010"><exclusiveOrphan id="0900c8af844c5c9b"/></nevisid>
            </ti_title>
            <ti_title engine="B5254T7" id="TITitle-12345-114" navTitle="navTitle" shortYearRange="2011" title="ti_title" yearRange="2011">
              <nevisid documentType="servinfosub" id="0900c8af84f45f03" title="Tightening torque" vccNumber="VCC-370857-1" yearRange="2011"/>
            </ti_title>
          </FunctionGroup3>
          <FunctionGroup3 group="801" name="surface treatment material">
            <ti_title id="TITitle-12345-115" navTitle="navTitle" shortYearRange="2004-2012" title="ti_title" yearRange="2004-2012">
              <nevisid documentType="servinfosub" id="0900c8af84629be9" notFirstLevelInfo="true" title="Paint code (2007-2012)" vccNumber="VCC-370862-1" yearRange="2007-2012"/>
              <nevisid documentType="servinfo" id="0900c8af855c73a6" title="Surface treatment materials" vccNumber="VCC-307107-1" yearRange="2004-2012"/>
            </ti_title>
          </FunctionGroup3>
        </FunctionGroup2>