<?xml version="1.0" encoding="UTF-8"?><FunctionGroup2 Qualifier="Overhaul instructions" group="21" name="Engine"><serv-cat servcat.name=" Remove, Overhaul @AnD@ Install"/><serv-cat servcat.name=" Adjustment"/><serv-cat servcat.name=" Timing Belt"/><serv-cat servcat.name=" Mechanical"/><serv-cat servcat.name=" Ignition System"/><serv-cat servcat.name=" Blowers, Superchargers @AnD@ Turbochargers"/><serv-cat servcat.name="Accessory Drive Belts"/><doc-head>Engine</doc-head><doc-subhead>Engine - Overhaul instructions</doc-subhead>
          <FunctionGroup3 group="210" name="general">
            <ti_title engine="B5244S4; B5244S7" id="TITitle-12345-628" navTitle="navTitle" shortYearRange="2005-2010" title="ti_title" yearRange="2005-2010">
              <nevisid documentType="servinfosub" id="0900c8af83c71567" title="Caulking (2007-2010)" vccNumber="VCC-316593-1" yearRange="2007-2010"/>
              <nevisid documentType="servinfosub" id="0900c8af844c68ac" title="Caulking" vccNumber="VCC-370195-1" yearRange="2005-2010"/>
            </ti_title>
            <ti_title engine="B5244S4; B5244S7" id="TITitle-12345-629" navTitle="navTitle" shortYearRange="2005-2010" title="ti_title" trans="AW55-50/51SN" yearRange="2005-2010">
              <nevisid documentType="servinfosub" id="0900c8af8555c1bb" title="Engine block, installing components" vccNumber="VCC-370192-1" yearRange="2005-2010"><exclusiveOrphan id="0900c8af85160313"/><exclusiveOrphan id="0900c8af8343446e"/><exclusiveOrphan id="0900c8af84642f44"/><exclusiveOrphan id="0900c8af846111db"/><exclusiveOrphan id="0900c8af844d2119"/><exclusiveOrphan id="0900c8af8515cf9b"/><exclusiveOrphan id="0900c8af85b34453"/><exclusiveOrphan id="0900c8af85419cc5"/><exclusiveOrphan id="0900c8af844cb9ca"/><exclusiveOrphan id="0900c8af8541a0d3"/><exclusiveOrphan id="0900c8af84f6d78c"/><exclusiveOrphan id="0900c8af84611267"/><exclusiveOrphan id="0900c8af844d20fe"/><exclusiveOrphan id="0900c8af83434456"/><exclusiveOrphan id="0900c8af84d27d75"/><exclusiveOrphan id="0900c8af83434462"/><exclusiveOrphan id="0900c8af85b276c8"/><exclusiveOrphan id="0900c8af85164c71"/><exclusiveOrphan id="0900c8af85164aa2"/><exclusiveOrphan id="0900c8af851602af"/><exclusiveOrphan id="0900c8af85148966"/><exclusiveOrphan id="0900c8af844c7950"/><exclusiveOrphan id="0900c8af84f55c6b"/><exclusiveOrphan id="0900c8af85aff998"/><exclusiveOrphan id="0900c8af85159e48"/><exclusiveOrphan id="0900c8af844d20eb"/><exclusiveOrphan id="0900c8af871d1fe4"/><exclusiveOrphan id="0900c8af8515d1b4"/><exclusiveOrphan id="0900c8af847c34af"/><exclusiveOrphan id="0900c8af844c7940"/></nevisid>
              <nevisid documentType="servinfosub" id="0900c8af85556d29" title="Engine body, exposing" vccNumber="VCC-370193-47" yearRange="2005-2010"><exclusiveOrphan id="0900c8af85160313"/><exclusiveOrphan id="0900c8af84642f44"/><exclusiveOrphan id="0900c8af8515cf9b"/><exclusiveOrphan id="0900c8af84f17b26"/><exclusiveOrphan id="0900c8af84f0ceca"/><exclusiveOrphan id="0900c8af85b34453"/><exclusiveOrphan id="0900c8af844cb9ca"/><exclusiveOrphan id="0900c8af8541a0d3"/><exclusiveOrphan id="0900c8af84f6d78c"/><exclusiveOrphan id="0900c8af85160730"/><exclusiveOrphan id="0900c8af84611267"/><exclusiveOrphan id="0900c8af85b276c8"/><exclusiveOrphan id="0900c8af85164c71"/><exclusiveOrphan id="0900c8af85164aa2"/><exclusiveOrphan id="0900c8af851602af"/><exclusiveOrphan id="0900c8af85148966"/><exclusiveOrphan id="0900c8af844c7950"/><exclusiveOrphan id="0900c8af84f55c6b"/><exclusiveOrphan id="0900c8af85aff998"/><exclusiveOrphan id="0900c8af85159e48"/><exclusiveOrphan id="0900c8af871d1fe4"/><exclusiveOrphan id="0900c8af8515d1b4"/><exclusiveOrphan id="0900c8af847c34af"/><exclusiveOrphan id="0900c8af84f17a9b"/><exclusiveOrphan id="0900c8af844c7940"/><exclusiveOrphan id="0900c8af84fbd3a0"/></nevisid>
            </ti_title>
            <ti_title engine="B5244S4" id="TITitle-12345-630" navTitle="navTitle" shortYearRange="2005-2010" title="ti_title" trans="M56" yearRange="2005-2010">
              <nevisid documentType="servinfosub" id="0900c8af8555cdb3" title="Engine block, installing components" vccNumber="VCC-370192-50" yearRange="2005-2010"><exclusiveOrphan id="0900c8af85160313"/><exclusiveOrphan id="0900c8af8343446e"/><exclusiveOrphan id="0900c8af84642f44"/><exclusiveOrphan id="0900c8af8576a572"/><exclusiveOrphan id="0900c8af846111db"/><exclusiveOrphan id="0900c8af8515cf9b"/><exclusiveOrphan id="0900c8af8576a423"/><exclusiveOrphan id="0900c8af85b34453"/><exclusiveOrphan id="0900c8af85419cc5"/><exclusiveOrphan id="0900c8af844cb9ca"/><exclusiveOrphan id="0900c8af8541a0d3"/><exclusiveOrphan id="0900c8af84f6d78c"/><exclusiveOrphan id="0900c8af84611267"/><exclusiveOrphan id="0900c8af83434456"/><exclusiveOrphan id="0900c8af8576a535"/><exclusiveOrphan id="0900c8af83434462"/><exclusiveOrphan id="0900c8af85b276c8"/><exclusiveOrphan id="0900c8af85164c71"/><exclusiveOrphan id="0900c8af85164aa2"/><exclusiveOrphan id="0900c8af84990659"/><exclusiveOrphan id="0900c8af851602af"/><exclusiveOrphan id="0900c8af85148966"/><exclusiveOrphan id="0900c8af84f55c6b"/><exclusiveOrphan id="0900c8af85aff998"/><exclusiveOrphan id="0900c8af85159e48"/><exclusiveOrphan id="0900c8af871d1fe4"/><exclusiveOrphan id="0900c8af8515d1b4"/><exclusiveOrphan id="0900c8af847c34af"/></nevisid>
              <nevisid documentType="servinfosub" id="0900c8af85556d00" title="Engine body, exposing" vccNumber="VCC-370193-1" yearRange="2005-2010"><exclusiveOrphan id="0900c8af85160313"/><exclusiveOrphan id="0900c8af84642f44"/><exclusiveOrphan id="0900c8af84f6dcec"/><exclusiveOrphan id="0900c8af8515cf9b"/><exclusiveOrphan id="0900c8af84f17b26"/><exclusiveOrphan id="0900c8af84f0ceca"/><exclusiveOrphan id="0900c8af85b34453"/><exclusiveOrphan id="0900c8af844cb9ca"/><exclusiveOrphan id="0900c8af8541a0d3"/><exclusiveOrphan id="0900c8af84f6d78c"/><exclusiveOrphan id="0900c8af85160730"/><exclusiveOrphan id="0900c8af84611267"/><exclusiveOrphan id="0900c8af85b276c8"/><exclusiveOrphan id="0900c8af85164c71"/><exclusiveOrphan id="0900c8af85164aa2"/><exclusiveOrphan id="0900c8af84990659"/><exclusiveOrphan id="0900c8af851602af"/><exclusiveOrphan id="0900c8af85148966"/><exclusiveOrphan id="0900c8af84f55c6b"/><exclusiveOrphan id="0900c8af85aff998"/><exclusiveOrphan id="0900c8af85159e48"/><exclusiveOrphan id="0900c8af871d1fe4"/><exclusiveOrphan id="0900c8af8515d1b4"/><exclusiveOrphan id="0900c8af847c34af"/><exclusiveOrphan id="0900c8af84f17a9b"/><exclusiveOrphan id="0900c8af84fbd3a0"/></nevisid>
            </ti_title>
            
            
            <ti_title engine="B5254T3" id="TITitle-12345-631" navTitle="navTitle" shortYearRange="2004-2007" title="ti_title" yearRange="2004-2007">
              <nevisid documentType="servinfosub" id="0900c8af83c71567" title="Caulking (2007)" vccNumber="VCC-316593-1" yearRange="2007"/>
              <nevisid documentType="servinfosub" id="0900c8af844c68ac" title="Caulking" vccNumber="VCC-370195-1" yearRange="2004-2007"/>
            </ti_title>
            <ti_title engine="B5254T3" id="TITitle-12345-632" navTitle="navTitle" shortYearRange="2005-2007" title="ti_title" trans="AW50/51 AWD" yearRange="2005-2007">
              <nevisid documentType="servinfosub" id="0900c8af85557dc9" title="Engine block, installing components" vccNumber="VCC-370192-2" yearRange="2005-2007"><exclusiveOrphan id="0900c8af85160313"/><exclusiveOrphan id="0900c8af8343446e"/><exclusiveOrphan id="0900c8af85262233"/><exclusiveOrphan id="0900c8af84642f44"/><exclusiveOrphan id="0900c8af84f6dcec"/><exclusiveOrphan id="0900c8af846111db"/><exclusiveOrphan id="0900c8af844d2119"/><exclusiveOrphan id="0900c8af8515cf9b"/><exclusiveOrphan id="0900c8af85b34453"/><exclusiveOrphan id="0900c8af85419cc5"/><exclusiveOrphan id="0900c8af8541a0d3"/><exclusiveOrphan id="0900c8af84f6d78c"/><exclusiveOrphan id="0900c8af84611267"/><exclusiveOrphan id="0900c8af844d20fe"/><exclusiveOrphan id="0900c8af852579bf"/><exclusiveOrphan id="0900c8af83434456"/><exclusiveOrphan id="0900c8af84d27d75"/><exclusiveOrphan id="0900c8af83434462"/><exclusiveOrphan id="0900c8af85b276c8"/><exclusiveOrphan id="0900c8af85164c71"/><exclusiveOrphan id="0900c8af85164aa2"/><exclusiveOrphan id="0900c8af851602af"/><exclusiveOrphan id="0900c8af85148966"/><exclusiveOrphan id="0900c8af844c7950"/><exclusiveOrphan id="0900c8af84f55c6b"/><exclusiveOrphan id="0900c8af85aff998"/><exclusiveOrphan id="0900c8af85159e48"/><exclusiveOrphan id="0900c8af844d20eb"/><exclusiveOrphan id="0900c8af8515d1b4"/><exclusiveOrphan id="0900c8af847c34af"/><exclusiveOrphan id="0900c8af844c7940"/></nevisid>
              <nevisid documentType="servinfosub" id="0900c8af85556e38" title="Engine body, exposing" vccNumber="VCC-370193-2" yearRange="2005-2007"><exclusiveOrphan id="0900c8af85160313"/><exclusiveOrphan id="0900c8af85262233"/><exclusiveOrphan id="0900c8af84642f44"/><exclusiveOrphan id="0900c8af84f6dcec"/><exclusiveOrphan id="0900c8af8515cf9b"/><exclusiveOrphan id="0900c8af84f17b26"/><exclusiveOrphan id="0900c8af84f0ceca"/><exclusiveOrphan id="0900c8af85b34453"/><exclusiveOrphan id="0900c8af8541a0d3"/><exclusiveOrphan id="0900c8af84f6d78c"/><exclusiveOrphan id="0900c8af84611267"/><exclusiveOrphan id="0900c8af852579bf"/><exclusiveOrphan id="0900c8af85b276c8"/><exclusiveOrphan id="0900c8af85164c71"/><exclusiveOrphan id="0900c8af85164aa2"/><exclusiveOrphan id="0900c8af851602af"/><exclusiveOrphan id="0900c8af85148966"/><exclusiveOrphan id="0900c8af844c7950"/><exclusiveOrphan id="0900c8af84f55c6b"/><exclusiveOrphan id="0900c8af85aff998"/><exclusiveOrphan id="0900c8af85159e48"/><exclusiveOrphan id="0900c8af8515d1b4"/><exclusiveOrphan id="0900c8af847c34af"/><exclusiveOrphan id="0900c8af84f17a9b"/><exclusiveOrphan id="0900c8af844c7940"/></nevisid>
            </ti_title>
            <ti_title engine="B5254T3" id="TITitle-12345-633" navTitle="navTitle" shortYearRange="2004-2007" title="ti_title" trans="AW55-50/51SN" yearRange="2004-2007">
              <nevisid documentType="servinfosub" id="0900c8af85557dc9" title="Engine block, installing components" vccNumber="VCC-370192-2" yearRange="2004-2007"/>
              <nevisid documentType="servinfosub" id="0900c8af85556e38" title="Engine body, exposing" vccNumber="VCC-370193-2" yearRange="2004-2007"/>
            </ti_title>
            <ti_title engine="B5254T3" id="TITitle-12345-634" navTitle="navTitle" shortYearRange="2005-2007" title="ti_title" trans="M66; M66 AWD" yearRange="2005-2007">
              <nevisid documentType="servinfosub" id="0900c8af8555cae2" title="Engine block, installing components" vccNumber="VCC-370192-49" yearRange="2005-2007"><exclusiveOrphan id="0900c8af85160313"/><exclusiveOrphan id="0900c8af8343446e"/><exclusiveOrphan id="0900c8af85262233"/><exclusiveOrphan id="0900c8af84642f44"/><exclusiveOrphan id="0900c8af8576a572"/><exclusiveOrphan id="0900c8af84f6dcec"/><exclusiveOrphan id="0900c8af846111db"/><exclusiveOrphan id="0900c8af8515cf9b"/><exclusiveOrphan id="0900c8af8576a423"/><exclusiveOrphan id="0900c8af85b34453"/><exclusiveOrphan id="0900c8af85419cc5"/><exclusiveOrphan id="0900c8af8541a0d3"/><exclusiveOrphan id="0900c8af84f6d78c"/><exclusiveOrphan id="0900c8af84611267"/><exclusiveOrphan id="0900c8af852579bf"/><exclusiveOrphan id="0900c8af83434456"/><exclusiveOrphan id="0900c8af8576a535"/><exclusiveOrphan id="0900c8af83434462"/><exclusiveOrphan id="0900c8af85b276c8"/><exclusiveOrphan id="0900c8af85164c71"/><exclusiveOrphan id="0900c8af85164aa2"/><exclusiveOrphan id="0900c8af84990659"/><exclusiveOrphan id="0900c8af851602af"/><exclusiveOrphan id="0900c8af85148966"/><exclusiveOrphan id="0900c8af84f55c6b"/><exclusiveOrphan id="0900c8af85aff998"/><exclusiveOrphan id="0900c8af85159e48"/><exclusiveOrphan id="0900c8af8515d1b4"/><exclusiveOrphan id="0900c8af847c34af"/></nevisid>
              <nevisid documentType="servinfosub" id="0900c8af85556e5b" title="Engine body, exposing" vccNumber="VCC-370193-48" yearRange="2005-2007"><exclusiveOrphan id="0900c8af85160313"/><exclusiveOrphan id="0900c8af85262233"/><exclusiveOrphan id="0900c8af84642f44"/><exclusiveOrphan id="0900c8af84f6dcec"/><exclusiveOrphan id="0900c8af8515cf9b"/><exclusiveOrphan id="0900c8af84f17b26"/><exclusiveOrphan id="0900c8af84f0ceca"/><exclusiveOrphan id="0900c8af85b34453"/><exclusiveOrphan id="0900c8af8541a0d3"/><exclusiveOrphan id="0900c8af84f6d78c"/><exclusiveOrphan id="0900c8af84611267"/><exclusiveOrphan id="0900c8af852579bf"/><exclusiveOrphan id="0900c8af85b276c8"/><exclusiveOrphan id="0900c8af85164c71"/><exclusiveOrphan id="0900c8af85164aa2"/><exclusiveOrphan id="0900c8af84990659"/><exclusiveOrphan id="0900c8af851602af"/><exclusiveOrphan id="0900c8af85148966"/><exclusiveOrphan id="0900c8af84f55c6b"/><exclusiveOrphan id="0900c8af85aff998"/><exclusiveOrphan id="0900c8af85159e48"/><exclusiveOrphan id="0900c8af8515d1b4"/><exclusiveOrphan id="0900c8af847c34af"/><exclusiveOrphan id="0900c8af84f17a9b"/></nevisid>
            </ti_title>
            
            <ti_title engine="B5254T7" id="TITitle-12345-635" navTitle="navTitle" shortYearRange="2008-2012" title="ti_title" yearRange="2008-2012">
              <nevisid documentType="servinfosub" id="0900c8af83c71567" title="Caulking" vccNumber="VCC-316593-1" yearRange="2008-2012"/>
              <nevisid documentType="servinfosub" id="0900c8af844c68ac" title="Caulking" vccNumber="VCC-370195-1" yearRange="2008-2012"/>
            </ti_title>
            <ti_title engine="B5254T7" id="TITitle-12345-636" navTitle="navTitle" shortYearRange="2008-2010" title="ti_title" trans="AW50/51 AWD" yearRange="2008-2010">
              <nevisid documentType="servinfosub" id="0900c8af85557dc9" title="Engine block, installing components" vccNumber="VCC-370192-2" yearRange="2008-2010"/>
              <nevisid documentType="servinfosub" id="0900c8af85556e38" title="Engine body, exposing" vccNumber="VCC-370193-2" yearRange="2008-2010"/>
            </ti_title>
            <ti_title engine="B5254T7" id="TITitle-12345-637" navTitle="navTitle" shortYearRange="2008-2012" title="ti_title" trans="AW55-50/51SN" yearRange="2008-2012">
              <nevisid documentType="servinfosub" id="0900c8af85557dc9" title="Engine block, installing components" vccNumber="VCC-370192-2" yearRange="2008-2012"/>
              <nevisid documentType="servinfosub" id="0900c8af85556e38" title="Engine body, exposing" vccNumber="VCC-370193-2" yearRange="2008-2012"/>
            </ti_title>
            <ti_title engine="B5254T7" id="TITitle-12345-638" navTitle="navTitle" shortYearRange="2008-2010" title="ti_title" trans="M66; M66 AWD" yearRange="2008-2010">
              <nevisid documentType="servinfosub" id="0900c8af8555cae2" title="Engine block, installing components" vccNumber="VCC-370192-49" yearRange="2008-2010"/>
              <nevisid documentType="servinfosub" id="0900c8af85556e5b" title="Engine body, exposing" vccNumber="VCC-370193-48" yearRange="2008-2010"/>
            </ti_title>
            
          </FunctionGroup3>
          <FunctionGroup3 group="211" name="cylinder head">
            <ti_title engine="B5244S4" id="TITitle-12345-639" navTitle="navTitle" shortYearRange="2005-2010" title="ti_title" yearRange="2005-2010">
              <nevisid documentType="servinfosub" id="0900c8af8545f7cf" title="Cylinder head, disassembly/assembly" vccNumber="VCC-370201-2" yearRange="2005-2010"><exclusiveOrphan id="0900c8af8542fce2"/><exclusiveOrphan id="0900c8af8542fcc7"/></nevisid>
              <nevisid documentType="servinfosub" id="0900c8af85441efb" title="Installing the cylinder head" vccNumber="VCC-370199-5" yearRange="2005-2010"><exclusiveOrphan id="0900c8af8557ead2"/><exclusiveOrphan id="0900c8af8557d20c"/></nevisid>
              <nevisid documentType="servinfosub" id="0900c8af8543cfc0" title="Removing the cylinder head" vccNumber="VCC-370198-4" yearRange="2005-2010"><exclusiveOrphan id="0900c8af8557ead2"/><exclusiveOrphan id="0900c8af8557d20c"/></nevisid>
            </ti_title>
            <ti_title engine="B5244S7" id="TITitle-12345-640" navTitle="navTitle" shortYearRange="2005-2010" title="ti_title" yearRange="2005-2010">
              <nevisid documentType="servinfosub" id="0900c8af8545f7cf" title="Cylinder head, disassembly/assembly (2010)" vccNumber="VCC-370201-2" yearRange="2010"/>
              <nevisid documentType="servinfosub" id="0900c8af85441efb" title="Installing the cylinder head" vccNumber="VCC-370199-5" yearRange="2005-2010"/>
              <nevisid documentType="servinfosub" id="0900c8af8543cfc0" title="Removing the cylinder head" vccNumber="VCC-370198-4" yearRange="2005-2010"/>
            </ti_title>
            <ti_title engine="B5254T3" id="TITitle-12345-641" navTitle="navTitle" shortYearRange="2004-2007" title="ti_title" yearRange="2004-2007">
              <nevisid documentType="servinfosub" id="0900c8af8545f7cf" title="Cylinder head, disassembly/assembly" vccNumber="VCC-370201-2" yearRange="2004-2007"/>
              <nevisid documentType="servinfosub" id="0900c8af8543d0e2" title="Installing the cylinder head" vccNumber="VCC-370199-2" yearRange="2004-2007"><exclusiveOrphan id="0900c8af8557ead2"/><exclusiveOrphan id="0900c8af8557d20c"/></nevisid>
              <nevisid documentType="servinfosub" id="0900c8af8543cfd6" title="Removing the cylinder head" vccNumber="VCC-370198-2" yearRange="2004-2007"><exclusiveOrphan id="0900c8af8557ead2"/><exclusiveOrphan id="0900c8af8557d20c"/></nevisid>
            </ti_title>
            <ti_title engine="B5254T7" id="TITitle-12345-642" navTitle="navTitle" shortYearRange="2008-2012" title="ti_title" yearRange="2008-2012">
              <nevisid documentType="servinfosub" id="0900c8af8545f7cf" title="Cylinder head, disassembly/assembly" vccNumber="VCC-370201-2" yearRange="2008-2012"/>
              <nevisid documentType="servinfosub" id="0900c8af8543d0e2" title="Installing the cylinder head" vccNumber="VCC-370199-2" yearRange="2008-2012"/>
              <nevisid documentType="servinfosub" id="0900c8af8543cfd6" title="Removing the cylinder head" vccNumber="VCC-370198-2" yearRange="2008-2012"/>
            </ti_title>
          </FunctionGroup3>
          <FunctionGroup3 group="212" name="cylinder block">
            <ti_title engine="B5244S4" id="TITitle-12345-643" navTitle="navTitle" shortYearRange="2005-2010" title="ti_title" yearRange="2005-2010">
              <nevisid documentType="servinfosub" id="0900c8af854238cc" title="Cylinder block, measurement" vccNumber="VCC-370204-3" yearRange="2005-2010"><exclusiveOrphan id="0900c8af8542fce2"/><exclusiveOrphan id="0900c8af8542fcc7"/></nevisid>
            </ti_title>
            <ti_title engine="B5244S7" id="TITitle-12345-644" navTitle="navTitle" shortYearRange="2010" title="ti_title" yearRange="2010">
              <nevisid documentType="servinfosub" id="0900c8af854238cc" title="Cylinder block, measurement" vccNumber="VCC-370204-3" yearRange="2010"/>
            </ti_title>
            <ti_title engine="B5254T3" id="TITitle-12345-645" navTitle="navTitle" shortYearRange="2004-2007" title="ti_title" yearRange="2004-2007">
              <nevisid documentType="servinfosub" id="0900c8af85423a07" title="Cylinder block, measurement" vccNumber="VCC-370204-4" yearRange="2004-2007"><exclusiveOrphan id="0900c8af8542fce2"/><exclusiveOrphan id="0900c8af8542fcc7"/></nevisid>
            </ti_title>
            <ti_title engine="B5254T7" id="TITitle-12345-646" navTitle="navTitle" shortYearRange="2008-2012" title="ti_title" yearRange="2008-2012">
              <nevisid documentType="servinfosub" id="0900c8af85423a07" title="Cylinder block, measurement" vccNumber="VCC-370204-4" yearRange="2008-2012"/>
            </ti_title>
          </FunctionGroup3>
          <FunctionGroup3 group="215" name="transmission">
            <ti_title engine="B5244S4; B5244S7" id="TITitle-12345-647" navTitle="navTitle" shortYearRange="2005-2010" title="ti_title" yearRange="2005-2010">
              <nevisid documentType="servinfosub" id="0900c8af8545f5e7" title="Timing belt, assembling" vccNumber="VCC-370220-2" yearRange="2005-2010"><exclusiveOrphan id="0900c8af85dbacb1"/></nevisid>
              <nevisid documentType="servinfosub" id="0900c8af8545f6b8" title="Timing belt, dismantling" vccNumber="VCC-370221-2" yearRange="2005-2010"><exclusiveOrphan id="0900c8af85dbacb1"/></nevisid>
            </ti_title>
            
            <ti_title engine="B5254T3" id="TITitle-12345-648" navTitle="navTitle" shortYearRange="2004-2007" title="ti_title" yearRange="2004-2007">
              <nevisid documentType="servinfosub" id="0900c8af8545f641" title="Timing belt, assembling" vccNumber="VCC-370220-3" yearRange="2004-2007"><exclusiveOrphan id="0900c8af85dbacb1"/></nevisid>
              <nevisid documentType="servinfosub" id="0900c8af8545f71b" title="Timing belt, dismantling" vccNumber="VCC-370221-3" yearRange="2004-2007"><exclusiveOrphan id="0900c8af85dbacb1"/></nevisid>
            </ti_title>
            <ti_title engine="B5254T7" id="TITitle-12345-649" navTitle="navTitle" shortYearRange="2008-2012" title="ti_title" yearRange="2008-2012">
              <nevisid documentType="servinfosub" id="0900c8af8545f641" title="Timing belt, assembling" vccNumber="VCC-370220-3" yearRange="2008-2012"/>
              <nevisid documentType="servinfosub" id="0900c8af8545f71b" title="Timing belt, dismantling" vccNumber="VCC-370221-3" yearRange="2008-2012"/>
            </ti_title>
          </FunctionGroup3>
          <FunctionGroup3 group="216" name="crank mechanism">
            <ti_title engine="B5244S4; B5244S7" id="TITitle-12345-650" navTitle="navTitle" shortYearRange="2005-2010" title="ti_title" yearRange="2005-2010">
              <nevisid documentType="servinfosub" id="0900c8af85554289" title="Crank mechanism, assembling (2005-2009)" vccNumber="VCC-370234-2" yearRange="2005-2009"><exclusiveOrphan id="0900c8af8343446e"/><exclusiveOrphan id="0900c8af86f32d06"/><exclusiveOrphan id="0900c8af83434456"/><exclusiveOrphan id="0900c8af84ed2de6"/><exclusiveOrphan id="0900c8af85363382"/><exclusiveOrphan id="0900c8af84a56ad0"/><exclusiveOrphan id="0900c8af84f4cfe3"/><exclusiveOrphan id="0900c8af8542fce2"/><exclusiveOrphan id="0900c8af8468c3c7"/><exclusiveOrphan id="0900c8af84bb35e6"/><exclusiveOrphan id="0900c8af8542fcc7"/></nevisid>
              <nevisid documentType="servinfosub" id="0900c8af84f44133" title="Crank mechanism, dismantling" vccNumber="VCC-370235-3" yearRange="2005-2010"/>
              <nevisid documentType="servinfosub" id="0900c8af85572315" title="Measuring the crankshaft assembly" vccNumber="VCC-370236-7" yearRange="2005-2010"><exclusiveOrphan id="0900c8af8542fce2"/><exclusiveOrphan id="0900c8af8542fcc7"/></nevisid>
            </ti_title>
            <ti_title engine="B5244S4; B5244S7" id="TITitle-12345-651" navTitle="navTitle" shortYearRange="2010" title="ti_title" trans="AW55-50/51SN; M56" yearRange="2010">
              <nevisid documentType="servinfosub" id="0900c8af85554289" title="Crank mechanism, assembling" vccNumber="VCC-370234-2" yearRange="2010"/>
            </ti_title>
            
            
            
            <ti_title engine="B5254T3" id="TITitle-12345-652" navTitle="navTitle" shortYearRange="2004-2007" title="ti_title" yearRange="2004-2007">
              <nevisid documentType="servinfosub" id="0900c8af86f32821" title="Crank mechanism, assembling" vccNumber="VCC-370234-3" yearRange="2004-2007"><exclusiveOrphan id="0900c8af8343446e"/><exclusiveOrphan id="0900c8af86f32d06"/><exclusiveOrphan id="0900c8af83434456"/><exclusiveOrphan id="0900c8af84ed2de6"/><exclusiveOrphan id="0900c8af85363382"/><exclusiveOrphan id="0900c8af84a56ad0"/><exclusiveOrphan id="0900c8af84f4cfe3"/><exclusiveOrphan id="0900c8af8542fce2"/><exclusiveOrphan id="0900c8af8468c3c7"/><exclusiveOrphan id="0900c8af8542fcc7"/></nevisid>
              <nevisid documentType="servinfosub" id="0900c8af84f4407d" title="Crank mechanism, dismantling" vccNumber="VCC-370235-2" yearRange="2004-2007"/>
              <nevisid documentType="servinfosub" id="0900c8af85572315" title="Measuring the crankshaft assembly" vccNumber="VCC-370236-7" yearRange="2004-2007"/>
            </ti_title>
            <ti_title engine="B5254T7" id="TITitle-12345-653" navTitle="navTitle" shortYearRange="2008-2012" title="ti_title" yearRange="2008-2012">
              <nevisid documentType="servinfosub" id="0900c8af86f32821" title="Crank mechanism, assembling (2008, 2009, 2011, 2012)" vccNumber="VCC-370234-3" yearRange="2008, 2009, 2011, 2012"/>
              <nevisid documentType="servinfosub" id="0900c8af84f4407d" title="Crank mechanism, dismantling" vccNumber="VCC-370235-2" yearRange="2008-2012"/>
              <nevisid documentType="servinfosub" id="0900c8af85572315" title="Measuring the crankshaft assembly" vccNumber="VCC-370236-7" yearRange="2008-2012"/>
            </ti_title>
            <ti_title engine="B5254T7" id="TITitle-12345-654" navTitle="navTitle" shortYearRange="2010" title="ti_title" trans="AW50/51 AWD; AW55-50/51SN; M66; M66 AWD" yearRange="2010">
              <nevisid documentType="servinfosub" id="0900c8af86f32821" title="Crank mechanism, assembling" vccNumber="VCC-370234-3" yearRange="2010"/>
            </ti_title>
            
            
            
          </FunctionGroup3>
        </FunctionGroup2>