<?xml version="1.0" encoding="UTF-8"?><FunctionGroup2 Qualifier="Service programs" group="38" name="Instrumentation"><serv-cat servcat.name=" Gauges @AnD@ Instrument Panels"/><serv-cat servcat.name="Warning System"/><doc-head>Accessories and Body, Cab</doc-head><doc-subhead>Instrumentation - Service programs</doc-subhead>
          <FunctionGroup3 group="381" name="combined instrument">
            <ti_title id="TITitle-12345-237" navTitle="navTitle" shortYearRange="2004-2012" title="ti_title" yearRange="2004-2012">
              <nevisid documentType="servinfo" id="0900c8af80c5bf52" title="Resetting the service reminder indicator (SRI)" vccNumber="VCC-154564-1" yearRange="2004-2012"><exclusiveOrphan id="0900c8af80cdd28d"/></nevisid>
              <!--<nevisid documentType="servinfosub" id="0900c8af80cdd28d" notFirstLevelInfo="true" title="Resetting the service reminder indicator (SRI)" vccNumber="VCC-154565-1" yearRange="2004-2012"/>-->
            </ti_title>
          </FunctionGroup3>
        </FunctionGroup2>