<?xml version="1.0" encoding="UTF-8"?><FunctionGroup2 Qualifier="Specifications, other" group="64" name="Steering"><serv-cat servcat.name=" Steering Linkage"/><serv-cat servcat.name=" Steering Column"/><serv-cat servcat.name=" Manual @AnD@ Power Steering"/><serv-cat servcat.name="Electronic Steering"/><doc-head>Steering</doc-head><doc-subhead>Steering - Specifications, other</doc-subhead>
          <FunctionGroup3 group="641" name="steering wheel, column lock, steering column, shaft">
            <ti_title id="TITitle-12345-144" navTitle="navTitle" shortYearRange="2004-2010" title="ti_title" yearRange="2004-2010">
              <!--<nevisid documentType="servinfosub" id="0900c8af80cc444d" notFirstLevelInfo="true" title="Description of parameters" vccNumber="VCC-149005-1" yearRange="2004-2010"/>-->
              <nevisid documentType="servinfo" id="0900c8af80c57fa2" title="Vehicle communication information, steering wheel module (SWM)" vccNumber="VCC-149098-2" yearRange="2004-2010"><exclusiveOrphan id="0900c8af80cc444d"/></nevisid>
            </ti_title>
            <ti_title engine="B5254T7" id="TITitle-12345-145" navTitle="navTitle" shortYearRange="2011-2012" title="ti_title" yearRange="2011, 2012">
              <!--<nevisid documentType="servinfosub" id="0900c8af80cc444d" notFirstLevelInfo="true" title="Description of parameters" vccNumber="VCC-149005-1" yearRange="2011, 2012"/>-->
              <nevisid documentType="servinfo" id="0900c8af80c57fa2" title="Vehicle communication information, steering wheel module (SWM)" vccNumber="VCC-149098-2" yearRange="2011, 2012"/>
            </ti_title>
          </FunctionGroup3>
          <FunctionGroup3 group="645" name="power steering equipment">
            <ti_title id="TITitle-12345-146" navTitle="navTitle" shortYearRange="2004-2012" title="ti_title" yearRange="2004-2012">
              <!--<nevisid documentType="servinfosub" id="0900c8af80cc440a" notFirstLevelInfo="true" title="Description of parameters" vccNumber="VCC-148994-1" yearRange="2004-2012"/>-->
              <nevisid documentType="servinfo" id="0900c8af80c57f6e" title="Vehicle communication information, electrical power steering module (EPS)" vccNumber="VCC-149087-2" yearRange="2004-2012"><exclusiveOrphan id="0900c8af80cc440a"/></nevisid>
            </ti_title>
          </FunctionGroup3>
        </FunctionGroup2>