<?xml version="1.0" encoding="UTF-8"?><FunctionGroup2 Qualifier="Removal, replacement and installation" group="28" name="Ignition and control systems"><serv-cat servcat.name=" Ignition System"/><serv-cat servcat.name="System"/><doc-head>Engine Performance</doc-head><doc-subhead>Ignition And Control Systems - Removal, replacement and installation</doc-subhead>
          <!--<FunctionGroup3 group="NULL" name="NULL">
            <ti_title id="TITitle-12345" navTitle="navTitle" shortYearRange="2004-2012" title="ti_title" yearRange="2004-2012">
              <nevisid documentType="servinfosub" id="0900c8af8426eeec" title="Checking wiring and terminals. Intermittent faults" vccNumber="VCC-018854-1" yearRange="2004-2012"/>
              <nevisid documentType="servinfosub" id="0900c8af8426ebfa" title="Checking wiring and terminals. Permanent fault" vccNumber="VCC-018853-1" yearRange="2004-2012"/>
            </ti_title>
          </FunctionGroup3>-->
          <FunctionGroup3 group="281" name="ignition coil, spark plug, ignition cable">
            <ti_title engine="B5244S4; B5244S7" id="TITitle-12345-359" navTitle="navTitle" shortYearRange="2005-2010" title="ti_title" yearRange="2005-2010">
              <nevisid documentType="servinfosub" id="0900c8af85419cc5" title="Ignition coil" vccNumber="VCC-370351-1" yearRange="2005-2010"><exclusiveOrphan id="0900c8af8343444a"/></nevisid>
              <nevisid documentType="servinfosub" id="0900c8af8541a0d3" title="Spark plugs" vccNumber="VCC-370352-1" yearRange="2005-2010"><exclusiveOrphan id="0900c8af846111db"/><exclusiveOrphan id="0900c8af85419cc5"/><exclusiveOrphan id="0900c8af841af38e"/></nevisid>
            </ti_title>
            
            <ti_title engine="B5254T3" id="TITitle-12345-360" navTitle="navTitle" shortYearRange="2004-2007" title="ti_title" yearRange="2004-2007">
              <nevisid documentType="servinfosub" id="0900c8af846111db" title="Ignition coil" vccNumber="VCC-370351-5" yearRange="2004-2007"><exclusiveOrphan id="0900c8af83434456"/><exclusiveOrphan id="0900c8af8343444a"/></nevisid>
              <nevisid documentType="servinfosub" id="0900c8af84611267" title="Spark plugs" vccNumber="VCC-370352-4" yearRange="2004-2007"><exclusiveOrphan id="0900c8af846111db"/><exclusiveOrphan id="0900c8af85419cc5"/><exclusiveOrphan id="0900c8af841af38e"/></nevisid>
            </ti_title>
            <ti_title engine="B5254T7" id="TITitle-12345-361" navTitle="navTitle" shortYearRange="2008-2012" title="ti_title" yearRange="2008-2012">
              <nevisid documentType="servinfosub" id="0900c8af846111db" title="Ignition coil" vccNumber="VCC-370351-5" yearRange="2008-2012"/>
              <nevisid documentType="servinfosub" id="0900c8af84611267" title="Spark plugs" vccNumber="VCC-370352-4" yearRange="2008-2012"/>
            </ti_title>
          </FunctionGroup3>
          <FunctionGroup3 group="283" name="control system, ignition">
            <ti_title engine="B5244S4; B5244S7" id="TITitle-12345-362" navTitle="navTitle" shortYearRange="2005-2010" title="ti_title" yearRange="2005-2010">
              <nevisid documentType="servinfosub" id="0900c8af85160313" title="Crankshaft position sensor" vccNumber="VCC-370353-2" yearRange="2005-2010"><exclusiveOrphan id="0900c8af851483ba"/><exclusiveOrphan id="0900c8af84f6dbd4"/><exclusiveOrphan id="0900c8af8343444a"/></nevisid>
            </ti_title>
            
            <ti_title engine="B5254T3" id="TITitle-12345-363" navTitle="navTitle" shortYearRange="2004-2007" title="ti_title" yearRange="2004-2007">
              <nevisid documentType="servinfosub" id="0900c8af851602af" title="Crankshaft position sensor" vccNumber="VCC-370353-3" yearRange="2004-2007"><exclusiveOrphan id="0900c8af851483ba"/><exclusiveOrphan id="0900c8af84f6dbd4"/><exclusiveOrphan id="0900c8af8343444a"/></nevisid>
            </ti_title>
            <ti_title engine="B5254T7" id="TITitle-12345-364" navTitle="navTitle" shortYearRange="2008-2012" title="ti_title" yearRange="2008-2012">
              <nevisid documentType="servinfosub" id="0900c8af851602af" title="Crankshaft position sensor" vccNumber="VCC-370353-3" yearRange="2008-2012"/>
            </ti_title>
          </FunctionGroup3>
          <FunctionGroup3 group="284" name="control system, fuel supply">
            <ti_title id="TITitle-12345-365" navTitle="navTitle" shortYearRange="2004-2012" title="ti_title" yearRange="2004-2012">
              <nevisid documentType="servinfosub" id="0900c8af8426eeec" title="Checking wiring and terminals. Intermittent faults" vccNumber="VCC-018854-1" yearRange="2004-2012"><exclusiveOrphan id="0900c8af8426eeec"/></nevisid>
              <nevisid documentType="servinfosub" id="0900c8af8426ebfa" title="Checking wiring and terminals. Permanent fault" vccNumber="VCC-018853-1" yearRange="2004-2012"><exclusiveOrphan id="0900c8af8426ebfa"/></nevisid>
              <nevisid documentType="servinfosub" id="0900c8af84279b70" title="Stabilizing electrical connector (ETM) (2008-2012)" vccNumber="VCC-347647-1" yearRange="2008-2012"/>
            </ti_title>
            <ti_title engine="B5244S4; B5244S7" id="TITitle-12345-366" navTitle="navTitle" shortYearRange="2005-2010" title="ti_title" yearRange="2005-2010">
              <nevisid documentType="servinfosub" id="0900c8af844cb9ca" title="Camshaft position sensor (CMP)" vccNumber="VCC-370371-3" yearRange="2005-2010"><exclusiveOrphan id="0900c8af844c5e57"/></nevisid>
              <nevisid documentType="servinfosub" id="0900c8af848d29af" title="Engine control module (ECM) (2005-2009)" vccNumber="VCC-370355-1" yearRange="2005-2009"/>
              <nevisid documentType="servinfosub" id="0900c8af85148984" title="Engine coolant temperature sensor" vccNumber="VCC-370375-3" yearRange="2005-2010"><exclusiveOrphan id="0900c8af851483ba"/><exclusiveOrphan id="0900c8af84f6dbd4"/><exclusiveOrphan id="0900c8af87165baa"/></nevisid>
              <nevisid documentType="servinfosub" id="0900c8af844cb5f0" title="Fuel pump driver module (2005, 2006)" vccNumber="VCC-370354-1" yearRange="2005, 2006"><exclusiveOrphan id="0900c8af844d83e3"/></nevisid>
              <nevisid documentType="servinfosub" id="0900c8af846118f9" title="Fuel pump module (2007-2010)" vccNumber="VCC-370354-6" yearRange="2007-2010"><exclusiveOrphan id="0900c8af844d83e3"/></nevisid>
              <nevisid documentType="servinfosub" id="0900c8af8515d1b4" title="Knock sensor" vccNumber="VCC-370368-2" yearRange="2005-2010"><exclusiveOrphan id="0900c8af834344a5"/><exclusiveOrphan id="0900c8af851483ba"/><exclusiveOrphan id="0900c8af84f6dbd4"/></nevisid>
              <nevisid documentType="servinfosub" id="0900c8af85edd911" title="Manifold absolute pressure MAP sensor" vccNumber="VCC-370364-1" yearRange="2005-2010"/>
              <nevisid documentType="servinfosub" id="0900c8af844dac7a" title="Pressure sensor, fuel rail (FRP)" vccNumber="VCC-370363-1" yearRange="2005-2010"><exclusiveOrphan id="0900c8af844c5e57"/><exclusiveOrphan id="0900c8af844c9aaa"/></nevisid>
            </ti_title>
            <ti_title engine="B5244S4; B5244S7; B5254T7" id="TITitle-12345-367" navTitle="navTitle" shortYearRange="2010" title="ti_title" trans="AW55-50/51SN; M56; AW50/51 AWD; M66; M66 AWD" yearRange="2010">
              <nevisid documentType="servinfosub" id="0900c8af848d29af" title="Engine control module (ECM)" vccNumber="VCC-370355-1" yearRange="2010"/>
            </ti_title>
            
            
            
            <ti_title engine="B5254T3" id="TITitle-12345-368" navTitle="navTitle" shortYearRange="2004-2007" title="ti_title" yearRange="2004-2007">
              <nevisid documentType="servinfosub" id="0900c8af852579bf" title="Camshaft position sensor, exhaust side" vccNumber="VCC-370366-6" yearRange="2004-2007"><exclusiveOrphan id="0900c8af8343444a"/></nevisid>
              <nevisid documentType="servinfosub" id="0900c8af85262233" title="Camshaft position sensor, inlet side" vccNumber="VCC-370367-3" yearRange="2004-2007"><exclusiveOrphan id="0900c8af8343444a"/></nevisid>
              <nevisid documentType="servinfosub" id="0900c8af848d29af" title="Engine control module (ECM)" vccNumber="VCC-370355-1" yearRange="2004-2007"/>
              <nevisid documentType="servinfosub" id="0900c8af85148a27" title="Engine coolant temperature sensor" vccNumber="VCC-370375-2" yearRange="2004-2007"><exclusiveOrphan id="0900c8af851483ba"/><exclusiveOrphan id="0900c8af84f6dbd4"/><exclusiveOrphan id="0900c8af87165baa"/></nevisid>
              <nevisid documentType="servinfosub" id="0900c8af844cb5f0" title="Fuel pump driver module (2004-2006)" vccNumber="VCC-370354-1" yearRange="2004-2006"/>
              <nevisid documentType="servinfosub" id="0900c8af846118f9" title="Fuel pump module (2007)" vccNumber="VCC-370354-6" yearRange="2007"/>
              <nevisid documentType="servinfosub" id="0900c8af8515cf9b" title="Knock sensor" vccNumber="VCC-370368-1" yearRange="2004-2007"><exclusiveOrphan id="0900c8af834344a5"/><exclusiveOrphan id="0900c8af851483ba"/><exclusiveOrphan id="0900c8af84f6dbd4"/></nevisid>
              <nevisid documentType="servinfosub" id="0900c8af844dac7a" title="Pressure sensor, fuel rail (FRP)" vccNumber="VCC-370363-1" yearRange="2004-2007"/>
              <nevisid documentType="servinfosub" id="0900c8af85edd66e" title="Temperature and manifold absolute pressure MAPT sensor" vccNumber="VCC-370372-1" yearRange="2004-2007"><exclusiveOrphan id="0900c8af85006f08"/><exclusiveOrphan id="0900c8af84fe1dd8"/></nevisid>
            </ti_title>
            <ti_title engine="B5254T7" id="TITitle-12345-369" navTitle="navTitle" shortYearRange="2008-2012" title="ti_title" yearRange="2008-2012">
              <nevisid documentType="servinfosub" id="0900c8af852579bf" title="Camshaft position sensor, exhaust side" vccNumber="VCC-370366-6" yearRange="2008-2012"/>
              <nevisid documentType="servinfosub" id="0900c8af85262233" title="Camshaft position sensor, inlet side" vccNumber="VCC-370367-3" yearRange="2008-2012"/>
              <nevisid documentType="servinfosub" id="0900c8af848d29af" title="Engine control module (ECM) (2008, 2009, 2012)" vccNumber="VCC-370355-1" yearRange="2008, 2009, 2012"/>
              <nevisid documentType="servinfosub" id="0900c8af85148a27" title="Engine coolant temperature sensor" vccNumber="VCC-370375-2" yearRange="2008-2012"/>
              <nevisid documentType="servinfosub" id="0900c8af846118f9" title="Fuel pump module" vccNumber="VCC-370354-6" yearRange="2008-2012"/>
              <nevisid documentType="servinfosub" id="0900c8af8515cf9b" title="Knock sensor" vccNumber="VCC-370368-1" yearRange="2008-2012"/>
              <nevisid documentType="servinfosub" id="0900c8af8700b036" title="Pressure sensor, fuel rail (FRP)" vccNumber="VCC-370363-13" yearRange="2008-2012"><exclusiveOrphan id="0900c8af83434456"/><exclusiveOrphan id="0900c8af8343444a"/><exclusiveOrphan id="0900c8af8343443e"/><exclusiveOrphan id="0900c8af844c9aaa"/></nevisid>
              <nevisid documentType="servinfosub" id="0900c8af85edd70b" title="Temperature and manifold absolute pressure MAPT sensor" vccNumber="VCC-370372-19" yearRange="2008-2012"><exclusiveOrphan id="0900c8af8541d087"/><exclusiveOrphan id="0900c8af844d896f"/></nevisid>
            </ti_title>
            
            <ti_title engine="B5254T7" id="TITitle-12345-370" navTitle="navTitle" shortYearRange="2010-2011" title="ti_title" trans="AW55-50/51SN" yearRange="2010, 2011">
              <nevisid documentType="servinfosub" id="0900c8af848d29af" title="Engine control module (ECM)" vccNumber="VCC-370355-1" yearRange="2010, 2011"/>
            </ti_title>
            
            
          </FunctionGroup3>
        </FunctionGroup2>