<?xml version="1.0" encoding="UTF-8"?><FunctionGroup2 Qualifier="Cleaning, Inspection and Adjustment" group="28" name="Ignition and control systems"><serv-cat servcat.name=" Ignition System"/><serv-cat servcat.name="System"/><doc-head>Engine Performance</doc-head><doc-subhead>Ignition And Control Systems - Cleaning, Inspection and Adjustment</doc-subhead>
          <FunctionGroup3 group="284" name="control system, fuel supply">
            <ti_title engine="B5244S4; B5244S7" id="TITitle-12345-707" navTitle="navTitle" shortYearRange="2005-2009" title="ti_title" yearRange="2005-2009">
              <nevisid documentType="servinfosub" id="0900c8af83e61561" title="Verifying repairs" vccNumber="VCC-325227-1" yearRange="2005-2009"/>
            </ti_title>
            
          </FunctionGroup3>
        </FunctionGroup2>