<?xml version="1.0" encoding="UTF-8"?><FunctionGroup2 Qualifier="Component location" group="89" name="Miscellaneous"><serv-cat servcat.name=" Exterior/Interior Trim"/><serv-cat servcat.name="Towing Systems"/><doc-head>Accessories and Body, Cab</doc-head><doc-subhead>Miscellaneous - Component location</doc-subhead>
          <FunctionGroup3 group="892" name="recovery and towing unit">
            <ti_title id="TITitle-12345-223" navTitle="navTitle" shortYearRange="2004-2012" title="ti_title" yearRange="2004-2012">
              <nevisid documentType="servinfo" id="0900c8af81335ee4" title="Component location, trailer module (TRM)" vccNumber="VCC-155525-1" yearRange="2004-2012"><exclusiveOrphan id="0900c8af837919ee"/></nevisid>
              <!--<nevisid documentType="servinfosub" id="0900c8af837919ee" notFirstLevelInfo="true" title="Location of components" vccNumber="VCC-155524-1" yearRange="2004-2012"/>-->
            </ti_title>
          </FunctionGroup3>
        </FunctionGroup2>