<?xml version="1.0" encoding="UTF-8"?><FunctionGroup2 Qualifier="Design and Function" group="39" name="Media, communication and navigation"><serv-cat servcat.name=" Navigation System"/><serv-cat servcat.name=" Entertainment Systems"/><serv-cat servcat.name="Antenna Systems"/><doc-head>Accessories and Body, Cab</doc-head><doc-subhead>Media, Communication And Navigation - Design and Function</doc-subhead>
          <FunctionGroup3 group="NULL" name="NULL">
            <ti_title id="TITitle-12345-26" navTitle="navTitle" shortYearRange="2009-2012" title="ti_title" yearRange="2009-2012">
              <!--<nevisid documentType="servinfosub" id="0900c8af86724857" notFirstLevelInfo="true" title="Functions in Volvo On Call App (2012)" vccNumber="VCC-475704-1" yearRange="2012"/>-->
              <nevisid documentType="servinfosub" id="0900c8af84fafd1c" notFirstLevelInfo="true" title="Support for CDs" vccNumber="VCC-418747-1" yearRange="2009-2012"/>
              <nevisid documentType="servinfosub" id="0900c8af84fafd6d" notFirstLevelInfo="true" title="Support for cellphones and other accessories" vccNumber="VCC-418753-1" yearRange="2009-2012"/>
              <nevisid documentType="servinfosub" id="0900c8af84fafd41" notFirstLevelInfo="true" title="Support for USB accessories" vccNumber="VCC-418752-1" yearRange="2009-2012"/>
              <!--<nevisid documentType="servinfosub" id="0900c8af866e0f57" notFirstLevelInfo="true" title="System Overview (2012)" vccNumber="VCC-475497-1" yearRange="2012"/>-->
              <!--<nevisid documentType="servinfosub" id="0900c8af867245cb" notFirstLevelInfo="true" title="Volvo ID and Volvo On Call App login (2012)" vccNumber="VCC-475702-1" yearRange="2012"/>-->
              <nevisid documentType="servinfo" id="0900c8af867245c7" title="Volvo On Call (2012)" vccNumber="VCC-475697-1" yearRange="2012"/>
            </ti_title>
          </FunctionGroup3>
          <FunctionGroup3 group="393" name="equipment for entertainment (radio/TV/VCR)">
            <ti_title id="TITitle-12345-27" navTitle="navTitle" shortYearRange="2004-2012" title="ti_title" yearRange="2004-2012">
              <nevisid documentType="servinfo" id="0900c8af80c57f3b" title="AM/FM tuner module (AFM) (2004, 2005)" vccNumber="VCC-148973-1" yearRange="2004, 2005"/>
              <nevisid documentType="servinfo" id="0900c8af80c594c0" title="Audio module (AUD) (2004-2006)" vccNumber="VCC-151020-1" yearRange="2004-2006"/>
              <nevisid documentType="servinfo" id="0900c8af836d3132" title="Audio module (AUD) (2007, 2008)" vccNumber="VCC-296145-1" yearRange="2007, 2008"/>
              <nevisid documentType="servinfo" id="0900c8af843977d2" title="Audio module (AUD) (2009-2012)" vccNumber="VCC-357147-1" yearRange="2009-2012"/>
              <!--<nevisid documentType="servinfosub" id="0900c8af80ccc078" notFirstLevelInfo="true" title="Design (2004-2006)" vccNumber="VCC-151705-1" yearRange="2004-2006"/>-->
              <!--<nevisid documentType="servinfosub" id="0900c8af80ccce48" notFirstLevelInfo="true" title="Design (2004-2007)" vccNumber="VCC-151734-1" yearRange="2004-2007"/>-->
              <!--<nevisid documentType="servinfosub" id="0900c8af80cccfba" notFirstLevelInfo="true" title="Design (2004, 2005)" vccNumber="VCC-151741-1" yearRange="2004, 2005"/>-->
              <!--<nevisid documentType="servinfosub" id="0900c8af82c0f68f" notFirstLevelInfo="true" title="Design (2005, 2006)" vccNumber="VCC-167004-1" yearRange="2005, 2006"/>-->
              <!--<nevisid documentType="servinfosub" id="0900c8af8346b172" notFirstLevelInfo="true" title="Design (2004, 2005)" vccNumber="VCC-148975-1" yearRange="2004, 2005"/>-->
              <!--<nevisid documentType="servinfosub" id="0900c8af835887c6" notFirstLevelInfo="true" title="Design (2004-2006)" vccNumber="VCC-151022-1" yearRange="2004-2006"/>-->
              <!--<nevisid documentType="servinfosub" id="0900c8af836d1545" notFirstLevelInfo="true" title="Design (2007)" vccNumber="VCC-296050-1" yearRange="2007"/>-->
              <!--<nevisid documentType="servinfosub" id="0900c8af838d1a48" notFirstLevelInfo="true" title="Design (2007, 2008)" vccNumber="VCC-296147-1" yearRange="2007, 2008"/>-->
              <!--<nevisid documentType="servinfosub" id="0900c8af838d5c0c" notFirstLevelInfo="true" title="Design (2007)" vccNumber="VCC-296042-1" yearRange="2007"/>-->
              <!--<nevisid documentType="servinfosub" id="0900c8af838f621f" notFirstLevelInfo="true" title="Design (2007, 2008)" vccNumber="VCC-292725-1" yearRange="2007, 2008"/>-->
              <!--<nevisid documentType="servinfosub" id="0900c8af83ce5a90" notFirstLevelInfo="true" title="Design (2008)" vccNumber="VCC-318513-1" yearRange="2008"/>-->
              <!--<nevisid documentType="servinfosub" id="0900c8af83dabefa" notFirstLevelInfo="true" title="Design (2008)" vccNumber="VCC-322269-1" yearRange="2008"/>-->
              <!--<nevisid documentType="servinfosub" id="0900c8af8433a9f2" notFirstLevelInfo="true" title="Design (2009-2012)" vccNumber="VCC-354109-1" yearRange="2009-2012"/>-->
              <!--<nevisid documentType="servinfosub" id="0900c8af843888c9" notFirstLevelInfo="true" title="Design (2009-2012)" vccNumber="VCC-356576-1" yearRange="2009-2012"/>-->
              <!--<nevisid documentType="servinfosub" id="0900c8af843978b6" notFirstLevelInfo="true" title="Design (2009-2012)" vccNumber="VCC-357155-1" yearRange="2009-2012"/>-->
              <!--<nevisid documentType="servinfosub" id="0900c8af8439ef18" notFirstLevelInfo="true" title="Design (2008)" vccNumber="VCC-319789-1" yearRange="2008"/>-->
              <!--<nevisid documentType="servinfosub" id="0900c8af8494659e" notFirstLevelInfo="true" title="Design (2009-2012)" vccNumber="VCC-357149-1" yearRange="2009-2012"/>-->
              <!--<nevisid documentType="servinfosub" id="0900c8af8565140f" notFirstLevelInfo="true" title="Design (2009-2012)" vccNumber="VCC-356493-1" yearRange="2009-2012"/>-->
              <!--<nevisid documentType="servinfosub" id="0900c8af80cc439c" notFirstLevelInfo="true" title="Diagnostic functions (2004, 2005)" vccNumber="VCC-148977-1" yearRange="2004, 2005"/>-->
              <!--<nevisid documentType="servinfosub" id="0900c8af80cc8c92" notFirstLevelInfo="true" title="Diagnostic functions (2004-2006)" vccNumber="VCC-151024-1" yearRange="2004-2006"/>-->
              <!--<nevisid documentType="servinfosub" id="0900c8af80ccc0cd" notFirstLevelInfo="true" title="Diagnostic functions (2004-2006)" vccNumber="VCC-151707-1" yearRange="2004-2006"/>-->
              <!--<nevisid documentType="servinfosub" id="0900c8af80cccf4f" notFirstLevelInfo="true" title="Diagnostic functions (2004-2007)" vccNumber="VCC-151737-1" yearRange="2004-2007"/>-->
              <!--<nevisid documentType="servinfosub" id="0900c8af80ccd002" notFirstLevelInfo="true" title="Diagnostic functions (2004, 2005)" vccNumber="VCC-151743-1" yearRange="2004, 2005"/>-->
              <!--<nevisid documentType="servinfosub" id="0900c8af823e51fe" notFirstLevelInfo="true" title="Diagnostic functions (2005, 2006)" vccNumber="VCC-167006-1" yearRange="2005, 2006"/>-->
              <!--<nevisid documentType="servinfosub" id="0900c8af8360f59b" notFirstLevelInfo="true" title="Diagnostic functions (2007, 2008)" vccNumber="VCC-292727-1" yearRange="2007, 2008"/>-->
              <!--<nevisid documentType="servinfosub" id="0900c8af836d138f" notFirstLevelInfo="true" title="Diagnostic functions (2007)" vccNumber="VCC-296044-1" yearRange="2007"/>-->
              <!--<nevisid documentType="servinfosub" id="0900c8af836d154f" notFirstLevelInfo="true" title="Diagnostic functions (2007)" vccNumber="VCC-296053-1" yearRange="2007"/>-->
              <!--<nevisid documentType="servinfosub" id="0900c8af836d3182" notFirstLevelInfo="true" title="Diagnostic functions (2007, 2008)" vccNumber="VCC-296149-1" yearRange="2007, 2008"/>-->
              <!--<nevisid documentType="servinfosub" id="0900c8af83ce5a97" notFirstLevelInfo="true" title="Diagnostic functions (2008)" vccNumber="VCC-318515-1" yearRange="2008"/>-->
              <!--<nevisid documentType="servinfosub" id="0900c8af83d2a3eb" notFirstLevelInfo="true" title="Diagnostic functions (2008)" vccNumber="VCC-319791-1" yearRange="2008"/>-->
              <!--<nevisid documentType="servinfosub" id="0900c8af83dabf04" notFirstLevelInfo="true" title="Diagnostic functions (2008)" vccNumber="VCC-322271-1" yearRange="2008"/>-->
              <!--<nevisid documentType="servinfosub" id="0900c8af8433befc" notFirstLevelInfo="true" title="Diagnostic functions (2009-2012)" vccNumber="VCC-354112-1" yearRange="2009-2012"/>-->
              <!--<nevisid documentType="servinfosub" id="0900c8af84381a2c" notFirstLevelInfo="true" title="Diagnostic functions (2009-2012)" vccNumber="VCC-356495-1" yearRange="2009-2012"/>-->
              <!--<nevisid documentType="servinfosub" id="0900c8af843888ec" notFirstLevelInfo="true" title="Diagnostic functions (2009-2012)" vccNumber="VCC-356578-1" yearRange="2009-2012"/>-->
              <!--<nevisid documentType="servinfosub" id="0900c8af843977ee" notFirstLevelInfo="true" title="Diagnostic functions (2009-2012)" vccNumber="VCC-357151-1" yearRange="2009-2012"/>-->
              <!--<nevisid documentType="servinfosub" id="0900c8af843978be" notFirstLevelInfo="true" title="Diagnostic functions (2009-2012)" vccNumber="VCC-357157-1" yearRange="2009-2012"/>-->
              <!--<nevisid documentType="servinfosub" id="0900c8af8433c3d2" notFirstLevelInfo="true" title="Downloading software and replacing control module (2009-2012)" vccNumber="VCC-354113-1" yearRange="2009-2012"/>-->
              <!--<nevisid documentType="servinfosub" id="0900c8af80cc43a4" notFirstLevelInfo="true" title="Downloading software and replacing the control module (2004, 2005)" vccNumber="VCC-148978-1" yearRange="2004, 2005"/>-->
              <!--<nevisid documentType="servinfosub" id="0900c8af80cc8c96" notFirstLevelInfo="true" title="Downloading software and replacing the control module (2004-2006)" vccNumber="VCC-151025-1" yearRange="2004-2006"/>-->
              <!--<nevisid documentType="servinfosub" id="0900c8af80ccc10a" notFirstLevelInfo="true" title="Downloading software and replacing the control module (2004-2006)" vccNumber="VCC-151708-1" yearRange="2004-2006"/>-->
              <!--<nevisid documentType="servinfosub" id="0900c8af80cccf6d" notFirstLevelInfo="true" title="Downloading software and replacing the control module (2004-2007)" vccNumber="VCC-151738-1" yearRange="2004-2007"/>-->
              <!--<nevisid documentType="servinfosub" id="0900c8af80ccd023" notFirstLevelInfo="true" title="Downloading software and replacing the control module (2004, 2005)" vccNumber="VCC-151744-1" yearRange="2004, 2005"/>-->
              <!--<nevisid documentType="servinfosub" id="0900c8af823e5200" notFirstLevelInfo="true" title="Downloading software and replacing the control module (2005, 2006)" vccNumber="VCC-167007-1" yearRange="2005, 2006"/>-->
              <!--<nevisid documentType="servinfosub" id="0900c8af8360f59f" notFirstLevelInfo="true" title="Downloading software and replacing the control module (2007, 2008)" vccNumber="VCC-292728-1" yearRange="2007, 2008"/>-->
              <!--<nevisid documentType="servinfosub" id="0900c8af836d1392" notFirstLevelInfo="true" title="Downloading software and replacing the control module (2007)" vccNumber="VCC-296045-1" yearRange="2007"/>-->
              <!--<nevisid documentType="servinfosub" id="0900c8af836d1564" notFirstLevelInfo="true" title="Downloading software and replacing the control module (2007)" vccNumber="VCC-296054-1" yearRange="2007"/>-->
              <!--<nevisid documentType="servinfosub" id="0900c8af83b256eb" notFirstLevelInfo="true" title="Downloading software and replacing the control module (2007, 2008)" vccNumber="VCC-296150-1" yearRange="2007, 2008"/>-->
              <!--<nevisid documentType="servinfosub" id="0900c8af83ce5a9e" notFirstLevelInfo="true" title="Downloading software and replacing the control module (2008)" vccNumber="VCC-318517-1" yearRange="2008"/>-->
              <!--<nevisid documentType="servinfosub" id="0900c8af83dabf0b" notFirstLevelInfo="true" title="Downloading software and replacing the control module (2008)" vccNumber="VCC-322272-1" yearRange="2008"/>-->
              <!--<nevisid documentType="servinfosub" id="0900c8af84381a35" notFirstLevelInfo="true" title="Downloading software and replacing the control module (2009-2012)" vccNumber="VCC-356496-1" yearRange="2009-2012"/>-->
              <!--<nevisid documentType="servinfosub" id="0900c8af843977f2" notFirstLevelInfo="true" title="Downloading software and replacing the control module (2009-2012)" vccNumber="VCC-357152-1" yearRange="2009-2012"/>-->
              <!--<nevisid documentType="servinfosub" id="0900c8af843978c3" notFirstLevelInfo="true" title="Downloading software and replacing the control module (2009-2012)" vccNumber="VCC-357158-1" yearRange="2009-2012"/>-->
              <!--<nevisid documentType="servinfosub" id="0900c8af83f26e34" notFirstLevelInfo="true" title="Downloading software, map updating and replacing the control module (2008)" vccNumber="VCC-319792-1" yearRange="2008"/>-->
              <!--<nevisid documentType="servinfosub" id="0900c8af843888f7" notFirstLevelInfo="true" title="Downloading software, map updating and replacing the control module (2009-2012)" vccNumber="VCC-356579-1" yearRange="2009-2012"/>-->
              <!--<nevisid documentType="servinfosub" id="0900c8af80cccf27" notFirstLevelInfo="true" title="Function (2004-2007)" vccNumber="VCC-151736-1" yearRange="2004-2007"/>-->
              <!--<nevisid documentType="servinfosub" id="0900c8af80cccfde" notFirstLevelInfo="true" title="Function (2004, 2005)" vccNumber="VCC-151742-1" yearRange="2004, 2005"/>-->
              <!--<nevisid documentType="servinfosub" id="0900c8af82bd75a7" notFirstLevelInfo="true" title="Function (2004-2006)" vccNumber="VCC-151023-1" yearRange="2004-2006"/>-->
              <!--<nevisid documentType="servinfosub" id="0900c8af82c0f6a2" notFirstLevelInfo="true" title="Function (2005, 2006)" vccNumber="VCC-167005-1" yearRange="2005, 2006"/>-->
              <!--<nevisid documentType="servinfosub" id="0900c8af82c0f6e3" notFirstLevelInfo="true" title="Function (2004-2006)" vccNumber="VCC-151706-1" yearRange="2004-2006"/>-->
              <!--<nevisid documentType="servinfosub" id="0900c8af8346b341" notFirstLevelInfo="true" title="Function (2004, 2005)" vccNumber="VCC-148976-1" yearRange="2004, 2005"/>-->
              <!--<nevisid documentType="servinfosub" id="0900c8af8360f596" notFirstLevelInfo="true" title="Function (2007, 2008)" vccNumber="VCC-292726-1" yearRange="2007, 2008"/>-->
              <!--<nevisid documentType="servinfosub" id="0900c8af836d316c" notFirstLevelInfo="true" title="Function (2007, 2008)" vccNumber="VCC-296148-1" yearRange="2007, 2008"/>-->
              <!--<nevisid documentType="servinfosub" id="0900c8af838d5c1e" notFirstLevelInfo="true" title="Function (2007)" vccNumber="VCC-296043-1" yearRange="2007"/>-->
              <!--<nevisid documentType="servinfosub" id="0900c8af838d5c76" notFirstLevelInfo="true" title="Function (2007)" vccNumber="VCC-296051-1" yearRange="2007"/>-->
              <!--<nevisid documentType="servinfosub" id="0900c8af83ce5a94" notFirstLevelInfo="true" title="Function (2008)" vccNumber="VCC-318514-1" yearRange="2008"/>-->
              <!--<nevisid documentType="servinfosub" id="0900c8af83dabefe" notFirstLevelInfo="true" title="Function (2008)" vccNumber="VCC-322270-1" yearRange="2008"/>-->
              <!--<nevisid documentType="servinfosub" id="0900c8af8433adbd" notFirstLevelInfo="true" title="Function (2009-2012)" vccNumber="VCC-354110-1" yearRange="2009-2012"/>-->
              <!--<nevisid documentType="servinfosub" id="0900c8af843888df" notFirstLevelInfo="true" title="Function (2009-2012)" vccNumber="VCC-356577-1" yearRange="2009-2012"/>-->
              <!--<nevisid documentType="servinfosub" id="0900c8af8439ef26" notFirstLevelInfo="true" title="Function (2008)" vccNumber="VCC-319790-1" yearRange="2008"/>-->
              <!--<nevisid documentType="servinfosub" id="0900c8af849465ae" notFirstLevelInfo="true" title="Function (2009-2012)" vccNumber="VCC-357150-1" yearRange="2009-2012"/>-->
              <!--<nevisid documentType="servinfosub" id="0900c8af84fafd80" notFirstLevelInfo="true" title="Function (2009-2012)" vccNumber="VCC-357156-1" yearRange="2009-2012"/>-->
              <!--<nevisid documentType="servinfosub" id="0900c8af8565142a" notFirstLevelInfo="true" title="Function (2009-2012)" vccNumber="VCC-356494-1" yearRange="2009-2012"/>-->
              <nevisid documentType="servinfo" id="0900c8af80c59df3" title="Infotainment control module (ICM) (2004-2006)" vccNumber="VCC-151703-1" yearRange="2004-2006"/>
              <nevisid documentType="servinfo" id="0900c8af836d153d" title="Infotainment control module (ICM) (2007)" vccNumber="VCC-296048-1" yearRange="2007"/>
              <nevisid documentType="servinfo" id="0900c8af83ce5a82" title="Infotainment control module (ICM) (2008)" vccNumber="VCC-318511-1" yearRange="2008"/>
              <nevisid documentType="servinfo" id="0900c8af8433a1cc" title="Infotainment control module (ICM) (2009-2012)" vccNumber="VCC-354107-1" yearRange="2009-2012"/>
              <nevisid documentType="servinfo" id="0900c8af823e51d0" title="Integrated audio module (IAM) (2005, 2006)" vccNumber="VCC-167000-1" yearRange="2005, 2006"/>
              <nevisid documentType="servinfo" id="0900c8af836d137c" title="Integrated Audio Module (IAM) (2007)" vccNumber="VCC-296040-1" yearRange="2007"/>
              <nevisid documentType="servinfo" id="0900c8af83dabef0" title="Integrated Audio Module (IAM) (2008)" vccNumber="VCC-322267-1" yearRange="2008"/>
              <nevisid documentType="servinfo" id="0900c8af843978ac" title="Integrated Audio Module (IAM) (2009-2012)" vccNumber="VCC-357153-1" yearRange="2009-2012"/>
              <nevisid documentType="servinfo" id="0900c8af80c59e15" title="Media player module (MPM) (2004, 2005)" vccNumber="VCC-151739-1" yearRange="2004, 2005"/>
              <nevisid documentType="servinfo" id="0900c8af80c59e0a" title="Multimedia module (MMM) (2004-2007)" vccNumber="VCC-151732-1" yearRange="2004-2007"/>
              <nevisid documentType="servinfo" id="0900c8af83d2a3d3" title="Multimedia module (MMM) (2008)" vccNumber="VCC-319787-1" yearRange="2008"/>
              <nevisid documentType="servinfo" id="0900c8af843888a9" title="Multimedia module (MMM) (2009-2012)" vccNumber="VCC-356573-1" yearRange="2009-2012"/>
              <nevisid documentType="servinfo" id="0900c8af8360f580" title="Remote Digital Audio Receiver (RDAR) (2007, 2008)" vccNumber="VCC-292723-1" yearRange="2007, 2008"/>
              <nevisid documentType="servinfo" id="0900c8af843819f6" title="Remote Digital Audio Receiver (RDAR) (2009-2012)" vccNumber="VCC-356490-1" yearRange="2009-2012"/>
              <!--<nevisid documentType="servinfosub" id="0900c8af80cc4383" notFirstLevelInfo="true" title="System overview (2004, 2005)" vccNumber="VCC-148974-1" yearRange="2004, 2005"/>-->
              <!--<nevisid documentType="servinfosub" id="0900c8af80ccce1d" notFirstLevelInfo="true" title="System overview (2004-2007)" vccNumber="VCC-151733-1" yearRange="2004-2007"/>-->
              <!--<nevisid documentType="servinfosub" id="0900c8af80cccf8f" notFirstLevelInfo="true" title="System overview (2004, 2005)" vccNumber="VCC-151740-1" yearRange="2004, 2005"/>-->
              <!--<nevisid documentType="servinfosub" id="0900c8af82c0f680" notFirstLevelInfo="true" title="System overview (2005, 2006)" vccNumber="VCC-167003-1" yearRange="2005, 2006"/>-->
              <!--<nevisid documentType="servinfosub" id="0900c8af82c0f6ce" notFirstLevelInfo="true" title="System overview (2004-2006)" vccNumber="VCC-151704-1" yearRange="2004-2006"/>-->
              <!--<nevisid documentType="servinfosub" id="0900c8af83588799" notFirstLevelInfo="true" title="System overview (2004-2006)" vccNumber="VCC-151021-1" yearRange="2004-2006"/>-->
              <!--<nevisid documentType="servinfosub" id="0900c8af836d1380" notFirstLevelInfo="true" title="System overview (2007)" vccNumber="VCC-296041-1" yearRange="2007"/>-->
              <!--<nevisid documentType="servinfosub" id="0900c8af838d5c61" notFirstLevelInfo="true" title="System overview (2007)" vccNumber="VCC-296049-1" yearRange="2007"/>-->
              <!--<nevisid documentType="servinfosub" id="0900c8af838f6201" notFirstLevelInfo="true" title="System overview (2007, 2008)" vccNumber="VCC-292724-1" yearRange="2007, 2008"/>-->
              <!--<nevisid documentType="servinfosub" id="0900c8af83b256bd" notFirstLevelInfo="true" title="System overview (2007, 2008)" vccNumber="VCC-296146-1" yearRange="2007, 2008"/>-->
              <!--<nevisid documentType="servinfosub" id="0900c8af83ce5a8b" notFirstLevelInfo="true" title="System overview (2008)" vccNumber="VCC-318512-1" yearRange="2008"/>-->
              <!--<nevisid documentType="servinfosub" id="0900c8af83d2a3d6" notFirstLevelInfo="true" title="System overview (2008)" vccNumber="VCC-319788-1" yearRange="2008"/>-->
              <!--<nevisid documentType="servinfosub" id="0900c8af83dabef7" notFirstLevelInfo="true" title="System overview (2008)" vccNumber="VCC-322268-1" yearRange="2008"/>-->
              <!--<nevisid documentType="servinfosub" id="0900c8af8433a612" notFirstLevelInfo="true" title="System overview (2009-2012)" vccNumber="VCC-354108-1" yearRange="2009-2012"/>-->
              <!--<nevisid documentType="servinfosub" id="0900c8af84381a02" notFirstLevelInfo="true" title="System overview (2009-2012)" vccNumber="VCC-356491-1" yearRange="2009-2012"/>-->
              <!--<nevisid documentType="servinfosub" id="0900c8af843888b9" notFirstLevelInfo="true" title="System overview (2009-2012)" vccNumber="VCC-356575-1" yearRange="2009-2012"/>-->
              <!--<nevisid documentType="servinfosub" id="0900c8af8461873d" notFirstLevelInfo="true" title="System overview (2009-2012)" vccNumber="VCC-357154-1" yearRange="2009-2012"/>-->
              <!--<nevisid documentType="servinfosub" id="0900c8af84946592" notFirstLevelInfo="true" title="System overview (2009-2012)" vccNumber="VCC-357148-1" yearRange="2009-2012"/>-->
            </ti_title>
          </FunctionGroup3>
          <FunctionGroup3 group="394" name="communication radio, mobile telephone">
            <ti_title id="TITitle-12345-28" navTitle="navTitle" shortYearRange="2004-2012" title="ti_title" yearRange="2004-2012">
              <nevisid documentType="servinfo" id="0900c8af842d5137" title="Bluetooth phone module (BPM) (2009-2012)" vccNumber="VCC-349987-1" yearRange="2009-2012"/>
              <!--<nevisid documentType="servinfosub" id="0900c8af8346c43d" notFirstLevelInfo="true" title="Design (2004-2008)" vccNumber="VCC-151755-1" yearRange="2004-2008"/>-->
              <!--<nevisid documentType="servinfosub" id="0900c8af842d514a" notFirstLevelInfo="true" title="Design (2009-2012)" vccNumber="VCC-349989-1" yearRange="2009-2012"/>-->
              <!--<nevisid documentType="servinfosub" id="0900c8af846a4b8e" notFirstLevelInfo="true" title="Design (2009-2012)" vccNumber="VCC-352109-1" yearRange="2009-2012"/>-->
              <!--<nevisid documentType="servinfosub" id="0900c8af83d2259a" notFirstLevelInfo="true" title="Diagnostic functions (2004-2008)" vccNumber="VCC-151757-1" yearRange="2004-2008"/>-->
              <!--<nevisid documentType="servinfosub" id="0900c8af842d5173" notFirstLevelInfo="true" title="Diagnostic functions (2009-2012)" vccNumber="VCC-349991-1" yearRange="2009-2012"/>-->
              <!--<nevisid documentType="servinfosub" id="0900c8af846a4bcd" notFirstLevelInfo="true" title="Diagnostic functions (2009-2012)" vccNumber="VCC-352111-1" yearRange="2009-2012"/>-->
              <!--<nevisid documentType="servinfosub" id="0900c8af80ccdcbb" notFirstLevelInfo="true" title="Downloading software and replacing the control module (2004-2008)" vccNumber="VCC-151758-1" yearRange="2004-2008"/>-->
              <!--<nevisid documentType="servinfosub" id="0900c8af842d517d" notFirstLevelInfo="true" title="Downloading software and replacing the control module (2009-2012)" vccNumber="VCC-349992-1" yearRange="2009-2012"/>-->
              <!--<nevisid documentType="servinfosub" id="0900c8af846a4bd7" notFirstLevelInfo="true" title="Downloading software and replacing the control module (2009-2012)" vccNumber="VCC-352112-1" yearRange="2009-2012"/>-->
              <!--<nevisid documentType="servinfosub" id="0900c8af83d2252f" notFirstLevelInfo="true" title="Function (2004-2008)" vccNumber="VCC-151756-1" yearRange="2004-2008"/>-->
              <!--<nevisid documentType="servinfosub" id="0900c8af852bac61" notFirstLevelInfo="true" title="Function (2009-2012)" vccNumber="VCC-349990-1" yearRange="2009-2012"/>-->
              <!--<nevisid documentType="servinfosub" id="0900c8af854c0c31" notFirstLevelInfo="true" title="Function (2009-2012)" vccNumber="VCC-352110-1" yearRange="2009-2012"/>-->
              <nevisid documentType="servinfo" id="0900c8af80c59e3d" title="Phone module (PHM) (2004-2008)" vccNumber="VCC-151753-1" yearRange="2004-2008"/>
              <nevisid documentType="servinfo" id="0900c8af8431b91c" title="Phone module (PHM) (2009-2012)" vccNumber="VCC-352107-1" yearRange="2009-2012"/>
              <!--<nevisid documentType="servinfosub" id="0900c8af83d2244d" notFirstLevelInfo="true" title="System overview (2004-2008)" vccNumber="VCC-151754-1" yearRange="2004-2008"/>-->
              <!--<nevisid documentType="servinfosub" id="0900c8af842d513c" notFirstLevelInfo="true" title="System overview (2009-2012)" vccNumber="VCC-349988-1" yearRange="2009-2012"/>-->
              <!--<nevisid documentType="servinfosub" id="0900c8af854c035f" notFirstLevelInfo="true" title="System overview (2009-2012)" vccNumber="VCC-352108-1" yearRange="2009-2012"/>-->
            </ti_title>
          </FunctionGroup3>
          <FunctionGroup3 group="395" name="radio equipment">
            <ti_title id="TITitle-12345-29" navTitle="navTitle" shortYearRange="2004-2008" title="ti_title" yearRange="2004-2008">
              <!--<nevisid documentType="servinfosub" id="0900c8af80ccde8d" notFirstLevelInfo="true" title="Design" vccNumber="VCC-151773-1" yearRange="2004-2008"/>-->
              <!--<nevisid documentType="servinfosub" id="0900c8af80ccdec5" notFirstLevelInfo="true" title="Diagnostic functions" vccNumber="VCC-151775-1" yearRange="2004-2008"/>-->
              <!--<nevisid documentType="servinfosub" id="0900c8af80ccdee4" notFirstLevelInfo="true" title="Downloading software and replacing the control module" vccNumber="VCC-151776-1" yearRange="2004-2008"/>-->
              <!--<nevisid documentType="servinfosub" id="0900c8af80ccdeb0" notFirstLevelInfo="true" title="Function" vccNumber="VCC-151774-1" yearRange="2004-2008"/>-->
              <nevisid documentType="servinfo" id="0900c8af80c59e5e" title="Subwoofer module (SUB)" vccNumber="VCC-151771-1" yearRange="2004-2008"/>
              <!--<nevisid documentType="servinfosub" id="0900c8af80ccde68" notFirstLevelInfo="true" title="System overview" vccNumber="VCC-151772-1" yearRange="2004-2008"/>-->
            </ti_title>
          </FunctionGroup3>
          <FunctionGroup3 group="397" name="Mobile computing services">
            <ti_title id="TITitle-12345-30" navTitle="navTitle" shortYearRange="2004-2007" title="ti_title" yearRange="2004-2007">
              <!--<nevisid documentType="servinfosub" id="0900c8af838d5b74" notFirstLevelInfo="true" title="Design" vccNumber="VCC-151698-1" yearRange="2004-2007"/>-->
              <!--<nevisid documentType="servinfosub" id="0900c8af838f2917" notFirstLevelInfo="true" title="Design" vccNumber="VCC-151842-1" yearRange="2004-2007"/>-->
              <!--<nevisid documentType="servinfosub" id="0900c8af80cced22" notFirstLevelInfo="true" title="Diagnostic functions" vccNumber="VCC-151844-1" yearRange="2004-2007"/>-->
              <!--<nevisid documentType="servinfosub" id="0900c8af838d5bab" notFirstLevelInfo="true" title="Diagnostic functions" vccNumber="VCC-151700-1" yearRange="2004-2007"/>-->
              <!--<nevisid documentType="servinfosub" id="0900c8af80ccc03e" notFirstLevelInfo="true" title="Downloading software and replacing the control module" vccNumber="VCC-151701-1" yearRange="2004-2007"/>-->
              <!--<nevisid documentType="servinfosub" id="0900c8af838f2966" notFirstLevelInfo="true" title="Downloading software and replacing the control module" vccNumber="VCC-151845-1" yearRange="2004-2007"/>-->
              <!--<nevisid documentType="servinfosub" id="0900c8af838d5b9c" notFirstLevelInfo="true" title="Function" vccNumber="VCC-151699-1" yearRange="2004-2007"/>-->
              <!--<nevisid documentType="servinfosub" id="0900c8af838f2944" notFirstLevelInfo="true" title="Function" vccNumber="VCC-151843-1" yearRange="2004-2007"/>-->
              <nevisid documentType="servinfo" id="0900c8af80c59de8" title="Global positioning system module (GPS)" vccNumber="VCC-151696-1" yearRange="2004-2007"/>
              <!--<nevisid documentType="servinfosub" id="0900c8af838d5b45" notFirstLevelInfo="true" title="System overview" vccNumber="VCC-151697-1" yearRange="2004-2007"/>-->
              <!--<nevisid documentType="servinfosub" id="0900c8af838f2859" notFirstLevelInfo="true" title="System overview" vccNumber="VCC-151841-1" yearRange="2004-2007"/>-->
              <nevisid documentType="servinfo" id="0900c8af80c59ef4" title="Traffic message channel module (TMC)" vccNumber="VCC-151840-1" yearRange="2004-2007"/>
            </ti_title>
          </FunctionGroup3>
        </FunctionGroup2>