<?xml version="1.0" encoding="UTF-8"?><FunctionGroup2 Qualifier="Cleaning, Inspection and Adjustment" group="51" name="Wheel brake"><serv-cat servcat.name="Mechanical - Hydraulic"/><doc-head>Brakes</doc-head><doc-subhead>Wheel Brake - Cleaning, Inspection and Adjustment</doc-subhead>
          <!--<FunctionGroup3 group="NULL" name="NULL">
            <ti_title id="TITitle-12345" navTitle="navTitle" shortYearRange="2004-2009" title="ti_title" yearRange="2004-2009">
              <nevisid documentType="servinfosub" id="0900c8af8044f3e5" title="Brake system, bleeding (using bleeding unit)" vccNumber="VCC-088255-1" yearRange="2004-2009"/>
            </ti_title>
          </FunctionGroup3>-->
          <FunctionGroup3 group="510" name="general">
            <ti_title id="TITitle-12345-746" navTitle="navTitle" shortYearRange="2004-2012" title="ti_title" yearRange="2004-2012">
              <nevisid documentType="servinfosub" id="0900c8af86b64488" title="Brake system bleeding" vccNumber="VCC-370745-1" yearRange="2004-2012"><exclusiveOrphan id="0900c8af85c91858"/></nevisid>
            </ti_title>
          </FunctionGroup3>
          <FunctionGroup3 group="511" name="front wheel brake">
            <ti_title id="TITitle-12345-747" navTitle="navTitle" shortYearRange="2004-2012" title="ti_title" yearRange="2004-2012">
              <nevisid documentType="servinfosub" id="0900c8af87d4fba1" title="Brake disc front, checking" vccNumber="VCC-370748-1" yearRange="2004-2012"><exclusiveOrphan id="0900c8af844d3655"/><exclusiveOrphan id="0900c8af84f69ba2"/><exclusiveOrphan id="0900c8af83434486"/><exclusiveOrphan id="0900c8af84f4be95"/><exclusiveOrphan id="0900c8af844d4eef"/></nevisid>
              <nevisid documentType="servinfosub" id="0900c8af851c5d00" title="Brake pads, front, check (2005-2012)" vccNumber="VCC-370750-2" yearRange="2005-2012"><exclusiveOrphan id="0900c8af878e00e8"/><exclusiveOrphan id="0900c8af8682879c"/></nevisid>
            </ti_title>
          </FunctionGroup3>
          <FunctionGroup3 group="512" name="rear wheel brake">
            <ti_title id="TITitle-12345-748" navTitle="navTitle" shortYearRange="2004-2012" title="ti_title" yearRange="2004-2012">
              <nevisid documentType="servinfosub" id="0900c8af87d4fb7f" title="Brake disc rear, checking" vccNumber="VCC-370754-1" yearRange="2004-2012"><exclusiveOrphan id="0900c8af8343447a"/><exclusiveOrphan id="0900c8af85dfa09f"/><exclusiveOrphan id="0900c8af84f51ba4"/><exclusiveOrphan id="0900c8af84f55eed"/><exclusiveOrphan id="0900c8af86b99124"/></nevisid>
              <nevisid documentType="servinfosub" id="0900c8af851c5cf8" title="Brake pads, rear, check" vccNumber="VCC-423699-1" yearRange="2004-2012"><exclusiveOrphan id="0900c8af863e780d"/></nevisid>
            </ti_title>
          </FunctionGroup3>
        </FunctionGroup2>