<?xml version="1.0" encoding="UTF-8"?><FunctionGroup2 Qualifier="Specifications, other" group="46" name="Rear axle, drive shafts"><serv-cat servcat.name=" Differentials @AnD@ Drive Axles"/><serv-cat servcat.name="Axle Shafts"/><doc-head>Driveline/Axles</doc-head><doc-subhead>Rear Axle, Drive Shafts - Specifications, other</doc-subhead>
          <FunctionGroup3 group="465" name="final drive (front and rear)">
            <ti_title id="TITitle-12345-141" navTitle="navTitle" shortYearRange="2005-2010" title="ti_title" trans="AW50/51 AWD; M66 AWD" yearRange="2005-2010">
              <!--<nevisid documentType="servinfosub" id="0900c8af84aa3ab5" notFirstLevelInfo="true" title="Description of parameters" vccNumber="VCC-159432-1" yearRange="2005-2010"/>-->
              <!--<nevisid documentType="servinfosub" id="0900c8af84aa3851" notFirstLevelInfo="true" title="Description of reading off extended diagnostic trouble code (DTC) information" vccNumber="VCC-159429-1" yearRange="2005-2010"/>-->
              <nevisid documentType="servinfo" id="0900c8af817d6727" title="Vehicle communication, differential electronic module (DEM)" vccNumber="VCC-157427-1" yearRange="2005-2010"><exclusiveOrphan id="0900c8af84aa3ab5"/><exclusiveOrphan id="0900c8af84aa3851"/></nevisid>
            </ti_title>
            
          </FunctionGroup3>
        </FunctionGroup2>