<?xml version="1.0" encoding="UTF-8"?><FunctionGroup2 Qualifier="General Information" group="81" name="Body frame"><serv-cat servcat.name="Frames, Subframes @AnD@ Crossmembers"/><doc-head>Accessories and Body, Cab</doc-head><doc-subhead>Body Frame - General Information</doc-subhead>
          <FunctionGroup3 group="810" name="general">
            <ti_title id="TITitle-12345-186" navTitle="navTitle" shortYearRange="2004-2012" title="ti_title" yearRange="2004-2012">
              <nevisid documentType="servinfosub" id="0900c8af844d5589" title="Body seal, sealing diagram" vccNumber="VCC-370868-1" yearRange="2004-2012"><exclusiveOrphan id="0900c8af844d5589"/></nevisid>
              <nevisid documentType="servinfosub" id="0900c8af8783a0a0" title="Rustproofing" vccNumber="VCC-370873-1" yearRange="2004-2012"/>
              <nevisid documentType="servinfosub" id="0900c8af844d564f" title="Sheet metal, material information (2004-2006)" vccNumber="VCC-370871-1" yearRange="2004-2006"/>
              <nevisid documentType="servinfosub" id="0900c8af844d571e" title="Welding, general (2004-2010)" vccNumber="VCC-370874-1" yearRange="2004-2010"><exclusiveOrphan id="0900c8af852fde5d"/></nevisid>
              <nevisid documentType="servinfosub" id="0900c8af844d5746" title="Welding, general (2011, 2012)" vccNumber="VCC-370874-2" yearRange="2011, 2012"><exclusiveOrphan id="0900c8af852fde5d"/></nevisid>
            </ti_title>
          </FunctionGroup3>
        </FunctionGroup2>