<?xml version="1.0" encoding="UTF-8"?><FunctionGroup2 Qualifier="Specifications, mechanical" group="87" name="Climate units"><serv-cat servcat.name=" Cooling System (Mechanical)"/><serv-cat servcat.name=" Heater"/><serv-cat servcat.name="Automatic HVAC System"/><doc-head>HVAC</doc-head><doc-subhead>Climate Units - Specifications, mechanical</doc-subhead>
          <FunctionGroup3 group="870" name="general">
            <ti_title id="TITitle-12345-124" navTitle="navTitle" shortYearRange="2004-2012" title="ti_title" yearRange="2004-2012">
              <nevisid documentType="servinfosub" id="0900c8af851aaadd" notFirstLevelInfo="true" title="AC compressor" vccNumber="VCC-403368-2" yearRange="2004-2012"/>
              <nevisid documentType="servinfo" id="0900c8af857859d4" title="Refrigerant" vccNumber="VCC-442906-1" yearRange="2004-2012"><exclusiveOrphan id="0900c8af86bfaf73"/></nevisid>
              <!--<nevisid documentType="servinfosub" id="0900c8af86bfaf73" notFirstLevelInfo="true" title="Refrigerant and oil grade" vccNumber="VCC-440962-1" yearRange="2004-2012"/>-->
            </ti_title>
          </FunctionGroup3>
        </FunctionGroup2>