<?xml version="1.0" encoding="UTF-8"?><FunctionGroup2 Qualifier="Removal, replacement and installation" group="33" name="Starting system"><serv-cat servcat.name="Starter"/><doc-head>Engine</doc-head><doc-subhead>Starting System - Removal, replacement and installation</doc-subhead>
          <FunctionGroup3 group="331" name="starter motor">
            <ti_title engine="B5244S4; B5244S7" id="TITitle-12345-380" navTitle="navTitle" shortYearRange="2005-2010" title="ti_title" yearRange="2005-2010">
              <nevisid documentType="servinfosub" id="0900c8af85148a83" title="Starter motor (2007-2010)" vccNumber="VCC-370389-10" yearRange="2007-2010"><exclusiveOrphan id="0900c8af8343446e"/><exclusiveOrphan id="0900c8af851483ba"/><exclusiveOrphan id="0900c8af8343cb45"/><exclusiveOrphan id="0900c8af84f6dbd4"/><exclusiveOrphan id="0900c8af83f06fba"/><exclusiveOrphan id="0900c8af8343444a"/><exclusiveOrphan id="0900c8af852fde5d"/></nevisid>
              <nevisid documentType="servinfosub" id="0900c8af85148b83" title="Starter motor (2005, 2006)" vccNumber="VCC-370389-2" yearRange="2005, 2006"><exclusiveOrphan id="0900c8af8343446e"/><exclusiveOrphan id="0900c8af851483ba"/><exclusiveOrphan id="0900c8af8343cb45"/><exclusiveOrphan id="0900c8af84f6dbd4"/><exclusiveOrphan id="0900c8af8343444a"/><exclusiveOrphan id="0900c8af852fde5d"/></nevisid>
            </ti_title>
            
            <ti_title engine="B5254T3" id="TITitle-12345-381" navTitle="navTitle" shortYearRange="2004-2007" title="ti_title" yearRange="2004-2007">
              <nevisid documentType="servinfosub" id="0900c8af85148b61" title="Starter motor (2007)" vccNumber="VCC-370389-11" yearRange="2007"><exclusiveOrphan id="0900c8af8343446e"/><exclusiveOrphan id="0900c8af851483ba"/><exclusiveOrphan id="0900c8af8343cb45"/><exclusiveOrphan id="0900c8af84f6dbd4"/><exclusiveOrphan id="0900c8af83f06fba"/><exclusiveOrphan id="0900c8af8343444a"/><exclusiveOrphan id="0900c8af852fde5d"/></nevisid>
              <nevisid documentType="servinfosub" id="0900c8af85148b9c" title="Starter motor (2004-2006)" vccNumber="VCC-370389-3" yearRange="2004-2006"><exclusiveOrphan id="0900c8af8343446e"/><exclusiveOrphan id="0900c8af851483ba"/><exclusiveOrphan id="0900c8af8343cb45"/><exclusiveOrphan id="0900c8af84f6dbd4"/><exclusiveOrphan id="0900c8af8343444a"/><exclusiveOrphan id="0900c8af852fde5d"/></nevisid>
            </ti_title>
            <ti_title engine="B5254T7" id="TITitle-12345-382" navTitle="navTitle" shortYearRange="2008-2012" title="ti_title" yearRange="2008-2012">
              <nevisid documentType="servinfosub" id="0900c8af85148b61" title="Starter motor" vccNumber="VCC-370389-11" yearRange="2008-2012"/>
            </ti_title>
          </FunctionGroup3>
          <FunctionGroup3 group="334" name="start operation">
            <ti_title id="TITitle-12345-383" navTitle="navTitle" shortYearRange="2004-2012" title="ti_title" yearRange="2004-2012">
              <nevisid documentType="servinfosub" id="0900c8af8523a8fd" title="Ignition lock" vccNumber="VCC-370392-1" yearRange="2004-2012"><exclusiveOrphan id="0900c8af844d8d5d"/><exclusiveOrphan id="0900c8af857aa587"/><exclusiveOrphan id="0900c8af877d3f80"/><exclusiveOrphan id="0900c8af844d9eac"/><exclusiveOrphan id="0900c8af84b96d24"/></nevisid>
            </ti_title>
          </FunctionGroup3>
        </FunctionGroup2>