<?xml version="1.0" encoding="UTF-8"?><FunctionGroup2 Qualifier="Design and Function" group="32" name="Alternator and regulator"><serv-cat servcat.name="Charging System"/><doc-head>Electrical</doc-head><doc-subhead>Alternator And Regulator - Design and Function</doc-subhead>
          <FunctionGroup3 group="NULL" name="NULL">
            <ti_title id="TITitle-12345-15" navTitle="navTitle" shortYearRange="2004-2012" title="ti_title" yearRange="2004-2012">
              <!--<nevisid documentType="servinfosub" id="0900c8af83493079" notFirstLevelInfo="true" title="Design (2004)" vccNumber="VCC-158290-1" yearRange="2004"/>-->
              <!--<nevisid documentType="servinfosub" id="0900c8af8493016f" notFirstLevelInfo="true" title="Design (2005-2012)" vccNumber="VCC-160827-1" yearRange="2005-2012"/>-->
              <!--<nevisid documentType="servinfosub" id="0900c8af8168b6f7" notFirstLevelInfo="true" title="Function (2004)" vccNumber="VCC-158291-1" yearRange="2004"/>-->
              <!--<nevisid documentType="servinfosub" id="0900c8af83d0f2cf" notFirstLevelInfo="true" title="Function (2005-2012)" vccNumber="VCC-160828-1" yearRange="2005-2012"/>-->
              <nevisid documentType="servinfo" id="0900c8af8168b6f2" title="Generator (GEN) (2004)" vccNumber="VCC-158288-1" yearRange="2004"/>
              <nevisid documentType="servinfo" id="0900c8af81a9b7d3" title="Generator (GEN) (2005-2012)" vccNumber="VCC-160825-1" yearRange="2005-2012"/>
              <!--<nevisid documentType="servinfosub" id="0900c8af8165a722" notFirstLevelInfo="true" title="System overview (2004)" vccNumber="VCC-158289-1" yearRange="2004"/>-->
              <!--<nevisid documentType="servinfosub" id="0900c8af8493013e" notFirstLevelInfo="true" title="System overview (2005-2012)" vccNumber="VCC-160826-1" yearRange="2005-2012"/>-->
            </ti_title>
          </FunctionGroup3>
        </FunctionGroup2>