<?xml version="1.0" encoding="UTF-8"?><FunctionGroup2 Qualifier="Cleaning, Inspection and Adjustment" group="26" name="Cooling system"><serv-cat servcat.name=" Cooling System (Mechanical)"/><serv-cat servcat.name="Cooling Fan"/><doc-head>Engine</doc-head><doc-subhead>Cooling System - Cleaning, Inspection and Adjustment</doc-subhead>
          <FunctionGroup3 group="261" name="radiator and connections">
            <ti_title id="TITitle-12345-703" navTitle="navTitle" shortYearRange="2011" title="ti_title" yearRange="2011">
              <nevisid documentType="servinfosub" id="0900c8af871a0137" title="Pressure test cooling system" vccNumber="VCC-370344-1" yearRange="2011"/>
            </ti_title>
            <ti_title engine="B5244S4; B5244S7" id="TITitle-12345-704" navTitle="navTitle" shortYearRange="2005-2010" title="ti_title" yearRange="2005-2010">
              <nevisid documentType="servinfosub" id="0900c8af87165baa" title="Cooling system - draining, charging and bleeding" vccNumber="VCC-370342-2" yearRange="2005-2010"><exclusiveOrphan id="0900c8af84ff85fd"/><exclusiveOrphan id="0900c8af8653703d"/></nevisid>
            </ti_title>
            
            <ti_title engine="B5254T3" id="TITitle-12345-705" navTitle="navTitle" shortYearRange="2004-2007" title="ti_title" yearRange="2004-2007">
              <nevisid documentType="servinfosub" id="0900c8af87165baa" title="Cooling system - draining, charging and bleeding" vccNumber="VCC-370342-2" yearRange="2004-2007"/>
            </ti_title>
            <ti_title engine="B5254T7" id="TITitle-12345-706" navTitle="navTitle" shortYearRange="2008-2012" title="ti_title" yearRange="2008-2012">
              <nevisid documentType="servinfosub" id="0900c8af87165baa" title="Cooling system - draining, charging and bleeding" vccNumber="VCC-370342-2" yearRange="2008-2012"/>
            </ti_title>
          </FunctionGroup3>
        </FunctionGroup2>