<?xml version="1.0" encoding="UTF-8"?><FunctionGroup2 Qualifier="Cleaning, Inspection and Adjustment" group="88" name="Interior equipment"><serv-cat servcat.name=" Passive Restraints"/><serv-cat servcat.name=" Exterior/Interior Trim"/><serv-cat servcat.name="Seats"/><doc-head>Accessories and Body, Cab</doc-head><doc-subhead>Interior Equipment - Cleaning, Inspection and Adjustment</doc-subhead>
          <FunctionGroup3 group="882" name="interior equipment">
            <ti_title id="TITitle-12345-774" navTitle="navTitle" shortYearRange="2004-2012" title="ti_title" yearRange="2004-2012">
              <nevisid documentType="servinfosub" id="0900c8af844d9f9f" title="Compass Calibration (2004-2006)" vccNumber="VCC-371276-1" yearRange="2004-2006"/>
              <nevisid documentType="servinfosub" id="0900c8af844d9fd0" title="Compass Calibration (2007-2012)" vccNumber="VCC-371276-3" yearRange="2007-2012"/>
            </ti_title>
          </FunctionGroup3>
          <FunctionGroup3 group="884" name="seat belt and other restraining systems">
            <ti_title id="TITitle-12345-775" navTitle="navTitle" shortYearRange="2004-2012" title="ti_title" yearRange="2004-2012">
              <nevisid documentType="servinfosub" id="0900c8af844dc7f2" title="Collision protection unit from behind front seat check (2004-2006)" vccNumber="VCC-371318-1" yearRange="2004-2006"><exclusiveOrphan id="0900c8af844dcac2"/><exclusiveOrphan id="0900c8af844dc83e"/><exclusiveOrphan id="0900c8af844dcb6e"/><exclusiveOrphan id="0900c8af844dc7f2"/></nevisid>
              <nevisid documentType="servinfosub" id="0900c8af844dc83e" title="Collision protection unit from behind front seat check (2007-2012)" vccNumber="VCC-371318-4" yearRange="2007-2012"><exclusiveOrphan id="0900c8af844dcac2"/><exclusiveOrphan id="0900c8af844d7f50"/><exclusiveOrphan id="0900c8af844dc859"/><exclusiveOrphan id="0900c8af844dcb6e"/></nevisid>
              <nevisid documentType="servinfosub" id="0900c8af86a19dad" title="Discarding pyrotechnic components" vccNumber="VCC-371331-4" yearRange="2004-2012"><exclusiveOrphan id="0900c8af844daa0f"/></nevisid>
              <nevisid documentType="servinfosub" id="0900c8af84586e9f" title="Occupant weight sensor OWS, check (2005-2011)" vccNumber="VCC-371301-1" yearRange="2005-2011"><exclusiveOrphan id="0900c8af8468f246"/><exclusiveOrphan id="0900c8af844d7ee5"/></nevisid>
              <nevisid documentType="servinfosub" id="0900c8af8468f246" title="Occupant weight sensor OWS, cleaning (2005-2011)" vccNumber="VCC-371299-1" yearRange="2005-2011"><exclusiveOrphan id="0900c8af844da830"/></nevisid>
              <nevisid documentType="servinfosub" id="0900c8af844da8a7" title="Seat belt function, check" vccNumber="VCC-371321-1" yearRange="2004-2012"/>
              <nevisid documentType="servinfosub" id="0900c8af844da8ed" title="Seat belt tensioner, checking" vccNumber="VCC-371333-1" yearRange="2004-2012"/>
              <nevisid documentType="servinfosub" id="0900c8af844dc79a" title="Supplementary restraint system (SRS), inspection" vccNumber="VCC-371316-1" yearRange="2004-2012"/>
            </ti_title>
          </FunctionGroup3>
        </FunctionGroup2>