<?xml version="1.0" encoding="UTF-8"?><FunctionGroup2 Qualifier="Design and Function" group="43" name="Transmission"><serv-cat servcat.name=" Manual Trans"/><serv-cat servcat.name=" Clutches Manual @AnD@ Hydraulic"/><serv-cat servcat.name="Automatic Trans"/><doc-head>Transmission</doc-head><doc-subhead>Transmission - Design and Function</doc-subhead>
          <FunctionGroup3 group="437" name="automatic, transmission (hydromechanical)">
            <ti_title id="TITitle-12345-35" navTitle="navTitle" shortYearRange="2005-2010" title="ti_title" trans="AW50/51 AWD" yearRange="2005-2010">
              <!--<nevisid documentType="servinfosub" id="0900c8af849dd8b2" notFirstLevelInfo="true" title="Design" vccNumber="VCC-151836-1" yearRange="2005-2010"/>-->
              <!--<nevisid documentType="servinfosub" id="0900c8af80ccecfe" notFirstLevelInfo="true" title="Diagnostic functions" vccNumber="VCC-151838-1" yearRange="2005-2010"/>-->
              <!--<nevisid documentType="servinfosub" id="0900c8af80cced0b" notFirstLevelInfo="true" title="Downloading software and replacing the control module" vccNumber="VCC-151839-1" yearRange="2005-2010"/>-->
              <!--<nevisid documentType="servinfosub" id="0900c8af8452a729" notFirstLevelInfo="true" title="Function" vccNumber="VCC-151837-1" yearRange="2005-2010"/>-->
              <!--<nevisid documentType="servinfosub" id="0900c8af83478140" notFirstLevelInfo="true" title="System overview" vccNumber="VCC-151835-1" yearRange="2005-2010"/>-->
              <nevisid documentType="servinfo" id="0900c8af80c59ee8" title="Transmission control module (TCM)" vccNumber="VCC-151834-1" yearRange="2005-2010"/>
            </ti_title>
            <ti_title id="TITitle-12345-36" navTitle="navTitle" shortYearRange="2004-2012" title="ti_title" trans="AW55-50/51SN" yearRange="2004-2012">
              <!--<nevisid documentType="servinfosub" id="0900c8af849dd8b2" notFirstLevelInfo="true" title="Design" vccNumber="VCC-151836-1" yearRange="2004-2012"/>-->
              <!--<nevisid documentType="servinfosub" id="0900c8af80ccecfe" notFirstLevelInfo="true" title="Diagnostic functions" vccNumber="VCC-151838-1" yearRange="2004-2012"/>-->
              <!--<nevisid documentType="servinfosub" id="0900c8af80cced0b" notFirstLevelInfo="true" title="Downloading software and replacing the control module" vccNumber="VCC-151839-1" yearRange="2004-2012"/>-->
              <!--<nevisid documentType="servinfosub" id="0900c8af8452a729" notFirstLevelInfo="true" title="Function" vccNumber="VCC-151837-1" yearRange="2004-2012"/>-->
              <!--<nevisid documentType="servinfosub" id="0900c8af83478140" notFirstLevelInfo="true" title="System overview" vccNumber="VCC-151835-1" yearRange="2004-2012"/>-->
              <nevisid documentType="servinfo" id="0900c8af80c59ee8" title="Transmission control module (TCM)" vccNumber="VCC-151834-1" yearRange="2004-2012"/>
            </ti_title>
          </FunctionGroup3>
        </FunctionGroup2>