<?xml version="1.0" encoding="UTF-8"?><diagnostic IE-ID="en-US0900c8af8131fb00" docno="VCC-156088" id="KC03092399" j2008use="1" paperuse="1" screenuse="1" type="test" xml:lang="en-US">
<testgrp IE-ID="en-US0900c8af8131fb00_KC03092405" id="KC03092405" j2008use="1" paperuse="1" resumable="1" screenuse="1" testgrp-id="verifnode" x="360" y="320">
<title>
<phrase category="" id="KC09512181" phrase-urn="urn:x-nevis:phrase:0800c8af82711b97">Verification</phrase>
</title>
<node>
<test1>
<hint>
<ptxt>
<phrase category="" id="KC09512182" phrase-urn="urn:x-nevis:phrase:0800c8af82711b98">After carrying #@#@#50#died.</phrase>
</ptxt>
</hint>
<diaglist>
<dgraphic>
<dgraphic1>
<graphic id="KC09512183">
<href>0900c8af80054d3#@#@#9#.jpeg</href>
</graphic>
</dgraphic1>
<dgraphic2>
<graphic id="KC09512184">
<href>0900c8af80054d7#@#@#9#.jpeg</href>
</graphic>
</dgraphic2>
</dgraphic>
<ditem>
<ptxt>
<phrase category="" id="KC09512185" phrase-urn="urn:x-nevis:phrase:0800c8af82711b99">Ignition off</phrase>
</ptxt>
</ditem>
<ditem>
<ptxt>
<phrase category="" id="KC09512186" phrase-urn="urn:x-nevis:phrase:0800c8af82711b9a">Reinstall the c#@#@#22#etc. </phrase>
</ptxt>
</ditem>
<ditem>
<ptxt>
<phrase category="" id="KC09512187" phrase-urn="urn:x-nevis:phrase:0800c8af82711b9b">Start the engin#@#@#23#idle </phrase>
</ptxt>
</ditem>
<ditem>
<ptxt>
<phrase category="" id="KC09512188" phrase-urn="urn:x-nevis:phrase:0800c8af82711b9c">Gear selector i#@#@#7#ion P</phrase>
</ptxt>
</ditem>
<ditem>
<ptxt>
<phrase category="" id="KC09512189" phrase-urn="urn:x-nevis:phrase:0800c8af82711b9d">Read off the tr#@#@#18#peed.</phrase>
</ptxt>
</ditem>
</diaglist>
<test2>
<ptxt>
<phrase category="" id="KC09512190" phrase-urn="urn:x-nevis:phrase:0800c8af82711b9e">Depress the acc#@#@#61#ted. </phrase>
</ptxt>
<ptxt>
<phrase category="" id="KC09512191" phrase-urn="urn:x-nevis:phrase:0800c8af82711b9f">Compare with th#@#@#16#RPM).</phrase>
</ptxt>
<diaglist>
<dgraphic>
<dgraphic2>
<graphic id="KC09512192">
<href>0900c8af86c8681#@#@#9#.jpeg</href>
</graphic>
<smarttool active="press" id="KC09512193" toolname="YTCMA612"/>
</dgraphic2>
</dgraphic>
<ditem>
<ditemtext>
<ptxt>
<phrase category="" id="KC09512194" phrase-urn="urn:x-nevis:phrase:0800c8af82711ba0"/>
</ptxt>
</ditemtext>
</ditem>
</diaglist>
</test2>
</test1>
<question>
Is the speed u#@#@#3#ted?
</question>
<resact-grp>
<result button="yes" comp="button" highlight="0"/>
<action j2008use="1" paperuse="1" screenuse="1">
<return value="VERIFIED"/>
</action>
</resact-grp>
<resact-grp>
<result button="no" comp="button" highlight="0"/>
<action j2008use="1" paperuse="0" screenuse="1">
<return value="VERIFICATION FAILED"/>
</action>
<action j2008use="0" paperuse="1" screenuse="0">
<return value="PAPER"/>
</action>
</resact-grp>
</node>
</testgrp>
</diagnostic>