<?xml version="1.0" encoding="UTF-8"?><servinfosub IE-ID="en-US0900c8af800ddb00" docno="VCC-141808" id="KC01344295" xml:lang="en-US">
<title>
<phrase category="" id="KC09421004" phrase-urn="urn:x-nevis:phrase:0800c8af82704235">Reading off dia#@#@#23#DTCs)</phrase>
</title>
<diagnostic j2008use="1" paperuse="1" screenuse="1" type="test">
<testgrp IE-ID="en-US0900c8af800ddb00_KC01344297" id="KC01344297" j2008use="1" paperuse="1" resumable="1" screenuse="1" testgrp-id="readdtc" x="120" y="200">
<title>
<phrase category="" id="KC09421005" phrase-urn="urn:x-nevis:phrase:0800c8af82704236">Reading off dia#@#@#43#(PHM)</phrase>
</title>
<node>
<note>
<ptxt>
<phrase category="" id="KC09421006" phrase-urn="urn:x-nevis:phrase:0800c8af82704237">Ensure that the#@#@#100#Cs). </phrase>
</ptxt>
</note>
<test1>
<diaglist>
<dgraphic>
<dgraphic1>
<graphic id="KC09421007">
<href>0900c8af80054d5#@#@#9#.jpeg</href>
</graphic>
</dgraphic1>
</dgraphic>
<ditem>
<ptxt>
<phrase category="" id="KC09421008" phrase-urn="urn:x-nevis:phrase:0800c8af82704238">Ignition on.</phrase>
</ptxt>
</ditem>
</diaglist>
<test2>
<ptxt>
<phrase category="" id="KC09421009" phrase-urn="urn:x-nevis:phrase:0800c8af82704239">Click on the VC#@#@#56#TCs).</phrase>
</ptxt>
<diaglist>
<dgraphic>
<dgraphic2>
<graphic id="KC09421010">
<href>0900c8af86c8681#@#@#9#.jpeg</href>
</graphic>
<smarttool active="press" id="KC09421011" toolname="XPHMAE04"/>
</dgraphic2>
</dgraphic>
<ditem>
<ditemtext>
<ptxt>
<phrase category="" id="KC09421012" phrase-urn="urn:x-nevis:phrase:0800c8af8270423a"/>
</ptxt>
</ditemtext>
</ditem>
</diaglist>
</test2>
</test1>
<question/>
<resact-grp>
<result comp="numeric" highlight="0" op="eq" return="0"/>
<action j2008use="1" paperuse="1" screenuse="1">
<return value="DONE"/>
</action>
</resact-grp>
<resact-grp>
<result comp="numeric" highlight="0" op="lt" return="0"/>
<action j2008use="1" paperuse="1" screenuse="1">
<ptxt>
<xref>
<ref id="KC09421014"/>
</xref>
</ptxt>
</action>
</resact-grp>
<resact-grp>
<result comp="numeric" highlight="0" op="gt" return="0"/>
<action j2008use="1" paperuse="1" screenuse="1">
<ptxt>
<xref>
<ref id="KC09421015"/>
</xref>
</ptxt>
</action>
</resact-grp>
</node>
</testgrp>
<testgrp id="KC01344298" j2008use="1" paperuse="1" resumable="1" screenuse="1" testgrp-id="text-1--7" x="120" y="320">
<title>
<phrase category="" id="KC09421016" phrase-urn="urn:x-nevis:phrase:0800c8af8270423c">Communication fault</phrase>
</title>
<subcalloutnode>
<diagcallout>
<xref>
<ref id="KC09421017"/>
</xref>
</diagcallout>
<rescall-grp>
<result comp="string" highlight="0" op="eq" return="1"/>
<calloutaction>
<ptxt>
<xref>
<ref id="KC09421018"/>
</xref>
</ptxt>
</calloutaction>
</rescall-grp>
<rescall-grp>
<result comp="string" highlight="0" op="eq" return="2"/>
<calloutaction>
<ptxt>
<xref>
<ref id="KC09421019"/>
</xref>
</ptxt>
</calloutaction>
</rescall-grp>
<rescall-grp>
<result comp="string" highlight="0" op="eq" return="3"/>
<calloutaction>
<return value="FAILED"/>
</calloutaction>
</rescall-grp>
</subcalloutnode>
</testgrp>
<testgrp id="KC01344299" j2008use="1" paperuse="1" resumable="1" screenuse="1" testgrp-id="comminfo" x="120" y="520">
<title>
<phrase category="" id="KC09421020" phrase-urn="urn:x-nevis:phrase:0800c8af8270423d">Fault-tracing i#@#@#5#ation</phrase>
</title>
<subcalloutnode>
<diagcallout>
<xref>
<ref id="KC09421021"/>
</xref>
</diagcallout>
<rescall-grp>
<result comp="string" highlight="0" op="eq" return="YES"/>
<calloutaction>
<ptxt>
<xref>
<ref id="KC09421022"/>
</xref>
</ptxt>
</calloutaction>
</rescall-grp>
<rescall-grp>
<result comp="string" highlight="0" op="eq" return="NO"/>
<calloutaction>
<return value="FAILED"/>
</calloutaction>
</rescall-grp>
</subcalloutnode>
</testgrp>
<testgrp id="KC01344300" j2008use="1" paperuse="1" resumable="1" screenuse="1" testgrp-id="com" x="120" y="440">
<title>
<phrase category="" id="KC09421023" phrase-urn="urn:x-nevis:phrase:0800c8af8270423e">Checking commun#@#@#9#aults</phrase>
</title>
<subcalloutnode>
<diagcallout>
<xref>
<ref id="KC09421024"/>
</xref>
</diagcallout>
<rescall-grp>
<result comp="string" highlight="0" op="eq" return="FAULT FOUND"/>
<calloutaction>
<ptxt>
<xref>
<ref id="KC09421025"/>
</xref>
</ptxt>
</calloutaction>
</rescall-grp>
</subcalloutnode>
</testgrp>
</diagnostic>
</servinfosub>