<?xml version="1.0" encoding="UTF-8"?><servinfosub IE-ID="en-US0900c8af80435600" docno="VCC-045395" id="KC01409778" xml:lang="en-US">
<title>Replacing the h#@#@#11#embly</title>
<procedure opcode="1234" opnbr="1234">
<note>
<ptxt>Never touch the#@#@#190#life.</ptxt>
</note>
<stepgrp>
<procstep>
<title>Remove the turn#@#@#8#lamps</title>
<grate>
<graphic id="KC07007834" width="column">
<href>0900c8af80124ba#@#@#9#.jpeg</href>
</graphic>
<graphtext>
<list1 enumtype="d" type="unordered">
<item>
<ptxt>Slacken of the #@#@#143#bulb.</ptxt>
</item>
<item>
<ptxt>Remove the cover.</ptxt>
</item>
<item>
<ptxt>Remove the 2 co#@#@#19#ulbs.</ptxt>
</item>
<item>
<ptxt>Pull the gromme#@#@#41#sing.</ptxt>
</item>
</list1>
</graphtext>
</grate>
</procstep>
<procstep>
<title>Detach the bump#@#@#8#side)</title>
<grate>
<graphic id="KC07007835" width="column">
<href>0900c8af80124bc#@#@#9#.jpeg</href>
</graphic>
<graphtext>
<list1 enumtype="d" type="unordered">
<item>
<ptxt>Remove the two #@#@#132# car.</ptxt>
</item>
<item>
<ptxt>Remove part of #@#@#11#uard.</ptxt>
</item>
<item>
<ptxt>Remove the scre#@#@#34#arch.</ptxt>
</item>
<item>
<ptxt>Remove the scre#@#@#32#uard.</ptxt>
</item>
</list1>
</graphtext>
</grate>
</procstep>
<procstep>
<title>Install the new#@#@#4#dlamp</title>
<grate>
<graphic id="KC07007836" width="column">
<href>0900c8af80124bb#@#@#9#.jpeg</href>
</graphic>
<graphtext>
<list1 enumtype="d" type="unordered">
<item>
<ptxt>Pull off the wi#@#@#3# arm.</ptxt>
</item>
<item>
<ptxt>Remove the four#@#@#22#lamp.</ptxt>
</item>
<item>
<ptxt>Pull the bumper#@#@#55#ment.</ptxt>
</item>
</list1>
<ptxt>Reinstall in re#@#@#7#rder.</ptxt>
<ptxt>Tighten to: 7 Nm</ptxt>
<list1 enumtype="d" type="unordered">
<item>
<ptxt>Check the funct#@#@#78#amps.</ptxt>
</item>
<item>
<ptxt>If necessary, a#@#@#45#ions <xref>
<ref id="KC07007837"/>
</xref>. </ptxt>
</item>
</list1>
<note>
<ptxt>The nuts behind#@#@#71#A/C).</ptxt>
</note>
</graphtext>
</grate>
</procstep>
</stepgrp>
</procedure>
</servinfosub>