<?xml version="1.0" encoding="UTF-8"?><script xmlns:nevis="http://www.volvocars.com/namespaces/processing" xmlns:xlink="http://www.w3.org/1999/xlink" IE-ID="en-US0900c8af84f84600" docno="VCC-417368" id="nev15757821n1" nevis:expl-profile="mdl533yr2011eng216, mdl542yr2011eng216, mdl544yr2011eng216, mdl545yr2011eng216, mdl542yr2011eng226, mdl533yr2011eng226, mdl544yr2011eng226, mdl545yr2011eng226, mdl544yr2012eng216, mdl544yr2012eng226, mdl545yr2012eng216, mdl545yr2012eng226, mdl533yr2012eng226, mdl533yr2012eng216, mdl542yr2012eng226, mdl542yr2012eng216, mdl542yr2013eng216, mdl542yr2013eng226, mdl533yr2013eng216, mdl533yr2013eng226" nevis:profile="urn:x-nevis:profile:0b00c8af84920098 urn:x-nevis:profile:0b00c8af84920103 urn:x-nevis:profile:0b00c8af8492016a urn:x-nevis:profile:0b00c8af849201a6 urn:x-nevis:profile:0b00c8af84bd8927 urn:x-nevis:profile:0b00c8af84e5dcc2 urn:x-nevis:profile:0b00c8af84e5dcf1 urn:x-nevis:profile:0b00c8af84e5dd2b urn:x-nevis:profile:0b00c8af84eb836a urn:x-nevis:profile:0b00c8af84eb843e urn:x-nevis:profile:0b00c8af84eb84dd urn:x-nevis:profile:0b00c8af84eb84df urn:x-nevis:profile:0b00c8af84eb86a7 urn:x-nevis:profile:0b00c8af84eb86ab urn:x-nevis:profile:0b00c8af84ebe923 urn:x-nevis:profile:0b00c8af84ebe924 urn:x-nevis:profile:0b00c8af8520c30c urn:x-nevis:profile:0b00c8af8520c30d urn:x-nevis:profile:0b00c8af852277dc urn:x-nevis:profile:0b00c8af852277dd" nevis:projectdocument="urn:x-nevis:projectdocument:0800c8af84f845ff" nevis:resource="0900c8af84f84602" nevis:resource2="urn:x-nevis:fragment:0900c8af84f84600:0900c8af84f84602#nev15757821n1" nevis:session-id="" qualifierinfotype="14:00" type="" xml:lang="en-US"><title><phrase category="Component" id="nev15757821n2" phrase-urn="urn:x-nevis:phrase:0800c8af8015cb9d">Engine coolant #@#@#12#(ECT)</phrase></title><content gui="1" height="150" id="nev15757821n3-nev15757822n1" nevis:expl-profile="mdl533yr2011eng216, mdl542yr2011eng216, mdl544yr2011eng216, mdl545yr2011eng216, mdl542yr2011eng226, mdl533yr2011eng226, mdl544yr2011eng226, mdl545yr2011eng226, mdl544yr2012eng216, mdl544yr2012eng226, mdl545yr2012eng216, mdl545yr2012eng226, mdl533yr2012eng226, mdl533yr2012eng216, mdl542yr2012eng226, mdl542yr2012eng216, mdl542yr2013eng216, mdl542yr2013eng226, mdl533yr2013eng216, mdl533yr2013eng226" nevis:idfrom="nev15757821n3" nevis:prefix="nev15757821n3" nevis:profile="urn:x-nevis:profile:0b00c8af84920098 urn:x-nevis:profile:0b00c8af84920103 urn:x-nevis:profile:0b00c8af8492016a urn:x-nevis:profile:0b00c8af849201a6 urn:x-nevis:profile:0b00c8af84bd8927 urn:x-nevis:profile:0b00c8af84e5dcc2 urn:x-nevis:profile:0b00c8af84e5dcf1 urn:x-nevis:profile:0b00c8af84e5dd2b urn:x-nevis:profile:0b00c8af84eb836a urn:x-nevis:profile:0b00c8af84eb843e urn:x-nevis:profile:0b00c8af84eb84dd urn:x-nevis:profile:0b00c8af84eb84df urn:x-nevis:profile:0b00c8af84eb86a7 urn:x-nevis:profile:0b00c8af84eb86ab urn:x-nevis:profile:0b00c8af84ebe923 urn:x-nevis:profile:0b00c8af84ebe924 urn:x-nevis:profile:0b00c8af8520c30c urn:x-nevis:profile:0b00c8af8520c30d urn:x-nevis:profile:0b00c8af852277dc urn:x-nevis:profile:0b00c8af852277dd" nevis:resource="0900c8af84f84604" nevis:resource2="urn:x-nevis:fragment:0900c8af84f84600:0900c8af84f84604#nev15757822n1" width="400" xml:lang="en-US"><nodes id="nev15757821n3-nev15757822n2"><node class="Components.StartNode" id="nev15757821n3-nev15757822n3" nodeid="Start" x="17" y="80"/><node class="Components.ScriptButton" id="nev15757821n3-nev15757822n4" nodeid="Hide" x="20" y="209"><gui height="30" id="nev15757821n3-nev15757822n5" width="110" x="280" y="100"/><property class="String" id="nev15757821n3-nev15757822n6" name="Text" type="In" value="" visible="0"/><property class="String" id="nev15757821n3-nev15757822n7" name="StartDisabled" type="Internal" value="false" visible="1"/><property class="String" id="nev15757821n3-nev15757822n8" name="StartVisible" type="Internal" value="true" visible="1"/><extension id="nev15757821n3-nev15757822n9"><phrase category="Faulttracing" id="nev15757821n3-nev15757822n10" phrase-urn="urn:x-nevis:phrase:0800c8af81b6b138">Hide</phrase></extension></node><node class="Components.ScriptComponent" id="nev15757821n3-nev15757823n1" nodeid="CloseScript" x="164" y="208"/><node class="Components.IdentifierComponent" id="nev15757821n3-nev15757823n2" nodeid="Read" x="235" y="20"><property class="Parameter" id="nev15757821n3-nev15757823n3" name="Engine coolant temperature" type="Out" value="" visible="1"/><extension id="nev15757821n3-nev15757823n4"><identifier ecu="284101" ecuMode="EcuType" id="nev15757821n3-nev15757823n5" read="100" type="REID" value="F405"><parameter id="nev15757821n3-nev15757823n6" name="Engine coolant temperature" textid="39071"/></identifier></extension></node><node class="Components.Gui.ParameterLabel" id="nev15757821n3-nev15757823n7" nodeid="Label" x="368" y="48"><gui height="70" id="nev15757821n3-nev15757823n8" width="380" x="10" y="10"/><property class="Parameter" id="nev15757821n3-nev15757823n9" name="Parameter" type="In" value="" visible="1"/><property class="String" id="nev15757821n3-nev15757823n10" name="Title" type="In" value="" visible="1"/><property class="String" id="nev15757821n3-nev15757824n1" name="Value" type="In" value="" visible="1"/><property class="String" id="nev15757821n3-nev15757824n2" name="Unit" type="In" value="" visible="1"/><property class="String" id="nev15757821n3-nev15757824n3" name="StartVisible" type="Internal" value="true" visible="0"/></node><node class="Components.Repeater" id="nev15757821n3-nev15757824n4" nodeid="Iterator" x="115" y="88"><property class="Int" id="nev15757821n3-nev15757824n5" name="Wait" type="Internal" value="500" visible="1"/><property class="Int" id="nev15757821n3-nev15757824n6" name="NoOfRepeats" type="Internal" value="0" visible="1"/></node></nodes><handlers id="nev15757821n3-nev15757824n7"><eventhandler id="nev15757821n3-nev15757824n8" name="OnStart" node="Start"><call id="nev15757821n3-nev15757824n9" method="UpdateTitles" node="Read"/><call id="nev15757821n3-nev15757824n10" method="Start" node="Iterator"/></eventhandler><eventhandler id="nev15757821n3-nev15757825n1" name="OnRepeat" node="Iterator"><call id="nev15757821n3-nev15757825n2" method="Read" node="Read"/></eventhandler><eventhandler id="nev15757821n3-nev15757825n3" name="Click" node="Hide"><call id="nev15757821n3-nev15757825n4" method="CloseDialog" node="CloseScript"/></eventhandler><propertyhandler id="nev15757821n3-nev15757825n5" name="Engine coolant temperature" node="Read"><set id="nev15757821n3-nev15757825n6" node="Label" property="Parameter"/></propertyhandler></handlers></content></script>