<?xml version="1.0" encoding="UTF-8"?><servinfosub IE-ID="en-US0900c8af84335600" docno="VCC-354067" id="nev13479772n1" xml:lang="en-US">
<title>
<phrase category="" id="nev13479772n2" phrase-urn="urn:x-nevis:phrase:0800c8af82712c3b">Signal too low</phrase>
</title>
<diagnostic j2008use="1" layout="0" paperuse="1" screenuse="1" type="test">
<testgrp IE-ID="en-US0900c8af84335600_nev13479772n3" id="nev13479772n3" j2008use="1" paperuse="1" resumable="1" screenuse="1" testgrp-id="node1" x="80" y="80">
<title>
<phrase category="" id="nev13479772n4" phrase-urn="urn:x-nevis:phrase:0800c8af82712c3c">Checking the co#@#@#13#iring</phrase>
</title>
<node>
<test1>
<test2>
<para id="nev13479775n98">
<ptxt id="nev13479775n97">
<phrase category="Faulttracing" id="nev13479776n1" phrase-urn="urn:x-nevis:phrase:0800c8af8253aaa8">Check the signa#@#@#41#und .</phrase>
</ptxt>
</para>
<para id="nev13479775n95">
<ptxt id="nev13479775n94">
<phrase category="Faulttracing" id="nev13479777n1" phrase-urn="urn:x-nevis:phrase:0800c8af82264ef0">Take readings b#@#@#2#ween:</phrase>
</ptxt>
</para>
<list1 id="nev13479775n92">
<item id="nev13479775n91">
<ptxt id="nev13479775n90">
<phrase category="Faulttracing" id="nev13479783n1" phrase-urn="urn:x-nevis:phrase:0800c8af84335616">Engine control #@#@#76#l #2.</phrase>
</ptxt>
</item>
</list1>
<para>
<ptxt>
<phrase category="" id="nev13479772n6" phrase-urn="urn:x-nevis:phrase:0800c8af82712c3e">Remedy as necessary.</phrase>
</ptxt>
</para>
<list1 enumtype="d" type="unordered">
<title>
<phrase category="" id="nev13479772n7" phrase-urn="urn:x-nevis:phrase:0800c8af82712c3f">Other information</phrase>
</title>
<item>
<ptxt>
<phrase category="" id="nev13479772n8" phrase-urn="urn:x-nevis:phrase:0800c8af82712c40">
<xref>
<ref id="KC09519521"/>
</xref>
</phrase>
</ptxt>
</item>
<item>
<ptxt>
<xref id="nev13479775n100">
<ref id="l1202223611534"/>
</xref>
</ptxt>
</item>
<item>
<ptxt>
<phrase category="" id="nev13479773n2" phrase-urn="urn:x-nevis:phrase:0800c8af82712c42">
<xref>
<ref id="KC09519525"/>
</xref>
</phrase>
</ptxt>
</item>
</list1>
<diaglist/>
<grate>
<graphic id="nev13479773n4">
<href>0900c8af8005a21#@#@#9#.jpeg</href>
</graphic>
</grate>
</test2>
</test1>
<question>
Select Continue.
</question>
<resact-grp>
<result button="cont" comp="button" highlight="0"/>
<action j2008use="1" paperuse="1" screenuse="1">
<ptxt>
<xref>
<ref id="nev13479773n6"/>
</xref>
</ptxt>
</action>
</resact-grp>
</node>
</testgrp>
<testgrp id="nev13479773n7" j2008use="1" paperuse="1" resumable="1" screenuse="1" testgrp-id="ecm-ver1" x="80" y="220">
<title>
<phrase category="" id="nev13479773n8" phrase-urn="urn:x-nevis:phrase:0800c8af82712c45">Verification</phrase>
</title>
<subcalloutnode>
<diagcallout>
<xref>
<ref id="nev13479773n9"/>
</xref>
</diagcallout>
<rescall-grp>
<result comp="string" highlight="0" op="eq" return="VERIFICATION FAILED"/>
<calloutaction>
<ptxt>
<xref>
<ref id="nev13479773n10"/>
</xref>
</ptxt>
</calloutaction>
</rescall-grp>
<rescall-grp>
<result comp="string" highlight="0" op="eq" return="VERIFIED"/>
<calloutaction>
<return value="FAULT FOUND"/>
</calloutaction>
</rescall-grp>
</subcalloutnode>
</testgrp>
<testgrp id="nev13479774n1" j2008use="1" paperuse="1" resumable="1" screenuse="1" testgrp-id="info1" x="80" y="380">
<title>
<phrase category="" id="nev13479774n2" phrase-urn="urn:x-nevis:phrase:0800c8af82712c46">Fault-tracing i#@#@#5#ation</phrase>
</title>
<subcalloutnode>
<diagcallout>
<xref>
<ref id="nev13479774n3"/>
</xref>
</diagcallout>
<rescall-grp>
<result comp="string" highlight="0" op="eq" return="FAULTTRACING FAILED"/>
<calloutaction>
<return value="FAULTTRACING FAILED"/>
</calloutaction>
</rescall-grp>
<rescall-grp>
<result comp="string" highlight="0" op="eq" return="NEW TRY"/>
<calloutaction>
<ptxt>
<xref>
<ref id="nev13479774n4"/>
</xref>
</ptxt>
</calloutaction>
</rescall-grp>
</subcalloutnode>
</testgrp>
</diagnostic>
</servinfosub>