<?xml version="1.0" encoding="UTF-8"?><servinfosub IE-ID="en-US0900c8af82d2d600" docno="VCC-272659" id="nev11085552n1" xml:lang="en-US">
<title id="nev11085552n2">Bushings final #@#@#19#acing</title>
<procedure id="nev11085552n3">
<proctools id="nev11085552n4">
<toolitem id="nev11085552n5"/>
<toolitem id="nev11085552n6"/>
<toolitem id="nev11085552n7"/>
<toolitem id="nev11085552n8"/>
<toolitem id="nev11085552n9"/>
<toolitem id="nev11085552n10"/>
<toolitem id="nev11085553n1"/>
<toolitem id="nev11085553n2"/>
</proctools>
<note id="nev11085553n3">
<ptxt id="nev11085553n4">As the illustra#@#@#160#rect.</ptxt>
</note>
<stepgrp id="nev11085553n5">
<title id="nev11085553n6">Removal</title>
<procstep id="nev11085553n7">
<title id="nev11085553n8">Preparatory work</title>
<para id="nev11085553n9">
<ptxt id="nev11085553n10">Remove the fina#@#@#9#See: <xref id="nev11085554n1">
<ref id="nev11085554n2"/>
</xref>.</ptxt>
</para>
</procstep>
<procstep id="nev11085554n3">
<title id="nev11085554n4">Removing the bushing</title>
<grate id="nev11085554n5">
<graphic id="nev11085554n6">
<href>0900c8af800588d#@#@#9#.jpeg</href>
</graphic>
<graphtext id="nev11085554n7">
<para id="nev11085554n8">
<ptxt id="nev11085554n9">Position the fi#@#@#14#tand <toolitem id="nev11085554n10"/> and fixture <toolitem id="nev11085555n1"/> with correspon#@#@#41#ead. </ptxt>
<ptxt id="nev11085555n2">When removing t#@#@#26#nder <toolitem id="nev11085555n3"/> or <toolitem id="nev11085555n4"/> with correspon#@#@#5#pump <toolitem id="nev11085555n5"/>. </ptxt>
<ptxt id="nev11085555n6">Position connec#@#@#4# rod <toolitem id="nev11085555n7"/> in the puller #@#@#89#hold <toolitem id="nev11085555n8"/> with washer 70#@#@#151#face.</ptxt>
<ptxt id="nev11085555n9">Press out the b#@#@#1#shing</ptxt>
</para>
</graphtext>
</grate>
</procstep>
</stepgrp>
<stepgrp id="nev11085555n10">
<title id="nev11085556n1">Installation</title>
<procstep id="nev11085556n2">
<title id="nev11085556n3">Marking the bus#@#@#27#using</title>
<grate id="nev11085556n4">
<graphic id="nev11085556n5">
<href>0900c8af800588e#@#@#9#.jpeg</href>
</graphic>
<graphtext id="nev11085556n6">
<para id="nev11085556n7">
<ptxt id="nev11085556n8">In order to obt#@#@#143#side.</ptxt>
<ptxt id="nev11085556n9">Make a mark opp#@#@#104#ated.</ptxt>
<ptxt id="nev11085556n10">Place the bushi#@#@#54#sing.</ptxt>
</para>
</graphtext>
</grate>
</procstep>
<procstep id="nev11085557n1">
<title id="nev11085557n2">Installing the #@#@#14#using</title>
<grate id="nev11085557n3">
<graphic id="nev11085557n4">
<href>0900c8af800588d#@#@#9#.jpeg</href>
</graphic>
<graphtext id="nev11085557n5">
<para id="nev11085557n6">
<ptxt id="nev11085557n7">Use puller cylinder <toolitem id="nev11085557n8"/> alternatively <toolitem id="nev11085557n9"/> with correspon#@#@#5#pump <toolitem id="nev11085557n10"/>.</ptxt>
<ptxt id="nev11085558n1">Position connec#@#@#4# rod <toolitem id="nev11085558n2"/> in the puller #@#@#20#hold <toolitem id="nev11085558n3"/> against the pu#@#@#192#face.</ptxt>
<ptxt id="nev11085558n4">Lubricate the e#@#@#311#sing.</ptxt>
</para>
</graphtext>
</grate>
</procstep>
<procstep id="nev11085558n5">
<title id="nev11085558n6">Finishing</title>
<para id="nev11085558n7">
<ptxt id="nev11085558n8">Install the fin#@#@#10#See: <xref id="nev11085558n9">
<ref id="nev11085558n10"/>
</xref>. </ptxt>
</para>
</procstep>
</stepgrp>
</procedure>
</servinfosub>