<?xml version="1.0" encoding="UTF-8"?><servinfosub IE-ID="en-US0900c8af804a4c0b" docno="VCC-093615" id="KC01409801" xml:lang="en-US">
<title>Reflector, twin#@#@#16#acing</title>
<procedure>
<stepgrp id="KC01432950">
<procstep id="KC01432951">
<title>Removing the ou#@#@#18#dlamp</title>
<grate>
<graphic id="KC07304335" width="column">
<href>0900c8af80124c2#@#@#9#.jpeg</href>
</graphic>
<graphtext>
<list1 enumtype="d">
<item>
<ptxt>Remove the head#@#@#9#embly</ptxt>
</item>
<item>
<ptxt>Remove the head#@#@#12#lips)</ptxt>
</item>
<item>
<ptxt>Remove the bulbs</ptxt>
</item>
<item>
<ptxt>Pull the outer #@#@#14#ards.</ptxt>
</item>
</list1>
</graphtext>
</grate>
</procstep>
<procstep id="KC01432952">
<title>Removing the he#@#@#12#ctors</title>
<grate>
<graphic id="KC07304336" width="column">
<href>0900c8af80124c7#@#@#9#.jpeg</href>
</graphic>
<graphtext>
<list1 enumtype="d">
<item>
<ptxt>Release the adj#@#@#61#minal</ptxt>
</item>
<item>
<ptxt>Release the ref#@#@#63#g (B)</ptxt>
</item>
<item>
<ptxt>Remove the refl#@#@#29# (C).</ptxt>
</item>
</list1>
</graphtext>
</grate>
</procstep>
</stepgrp>
<stepgrp id="KC01432953">
<procstep id="KC01432954">
<title>Installing the #@#@#13#ector</title>
<grate>
<graphic id="KC07304337" width="column">
<href>0900c8af80124c7#@#@#9#.jpeg</href>
</graphic>
<graphtext>
<list1 enumtype="d">
<item>
<ptxt>Check the refle#@#@#16#using</ptxt>
</item>
<item>
<ptxt>Align the refle#@#@#45#g (C)</ptxt>
</item>
<item>
<ptxt>Press the refle#@#@#54#g (B)</ptxt>
</item>
<item>
<ptxt>Screw in the ad#@#@#81# mm).</ptxt>
</item>
</list1>
</graphtext>
</grate>
</procstep>
<procstep id="KC01432955">
<title>Installing the #@#@#29#lens </title>
<list1 enumtype="d">
<item>
<ptxt>Reinstall and r#@#@#40#ghten</ptxt>
</item>
<item>
<ptxt>Install the bulbs</ptxt>
</item>
<item>
<ptxt>Take care when #@#@#24#seal </ptxt>
</item>
<item>
<ptxt>Install the hea#@#@#13#lips)</ptxt>
</item>
<item>
<ptxt>Install the hea#@#@#15#mbly.</ptxt>
</item>
</list1>
</procstep>
</stepgrp>
</procedure>
</servinfosub>