<?xml version="1.0" encoding="UTF-8"?><script xmlns:nevis="http://www.volvocars.com/namespaces/processing" xmlns:xlink="http://www.w3.org/1999/xlink" IE-ID="en-US0900c8af87feec0b" docno="VCC-500650" id="nev27314492n1" nevis:expl-profile="mdl536yr2018, mdl536yr2019" nevis:profile="urn:x-nevis:profile:0b00c8af8734696f urn:x-nevis:profile:0b00c8af8795b0aa" nevis:projectdocument="urn:x-nevis:projectdocument:0800c8af87939d79" nevis:resource="0900c8af87feecdc" nevis:resource2="urn:x-nevis:fragment:0900c8af87feec0b:0900c8af87feecdc#nev27314492n1" nevis:session-id="" qualifierinfotype="14:06" xml:lang="en-US"><title id="nev27314492n2"><phrase category="Title" id="nev27314492n3" phrase-urn="urn:x-nevis:phrase:0800c8af86f03262">Component test:</phrase><phrase category="Generic Component" id="nev27314492n4" phrase-urn="urn:x-nevis:phrase:0800c8af86798b0c">Power Steering #@#@#16#PSCM)</phrase></title><content id="nev27314492n5-nev27314466n1" nevis:expl-profile="mdl536yr2018, mdl536yr2019" nevis:idfrom="nev27314492n5" nevis:prefix="nev27314492n5" nevis:profile="urn:x-nevis:profile:0b00c8af8734696f urn:x-nevis:profile:0b00c8af8795b0aa" nevis:resource="0900c8af87feecda" nevis:resource2="urn:x-nevis:fragment:0900c8af87feec0b:0900c8af87feecda#nev27314466n1" xml:lang="en-US"><nodes id="nev27314492n5-nev27314466n2"/><SpaScript Id="4b7159da-98df-4230-98ef-12e4c5278aab" Name="Component test: Power Steering Control Module (PSCM) " Type="FaultTracing" id="nev27314492n5-nev29200396n1"><Module Annotation="Adapt this script to a specific ECU using the following steps:&#xD;&#xA;&#xD;&#xA;1:   (MANDATORY) Go to module Check_ECU_HW_and_SW_DTCs and change the ECU in&#xD;&#xA; run script functional boxes named Check_HW_DTCs and Check_SW_DTCs to the&#xD;&#xA; name of the ECU (For example CEM) on BOTH places.&#xD;&#xA;&#xD;&#xA;2:   (MANDATORY) Go to both local variables in the same module and list the DTCs that &#xD;&#xA;should result in a replaced ECU in HW_DTCs&#xD;&#xA; and the DTCs that should result in a instructions to download new software under SW_DTCs. &#xD;&#xA;The format shall NOT be displaycode (Correct format example: 946F12). &#xD;&#xA;If there are no DTCs disable the forEach loop or leave the dummy DTC (FFFFFF) as the list will &#xD;&#xA;chrash the script if runned with no content&#xD;&#xA;&#xD;&#xA;3:   (Optional) If there are addional DTCs that is connected to the ECU in FAGER but shall not result in instructions&#xD;&#xA;about replacing HW or update SW these DTCs needs to be handled &#xD;&#xA;separetly by adding additional logic after the second forEach loop. Don´t forget&#xD;&#xA;a return function block as this is needed to not trigger the noFaultFound message." IsEventHandler="false" Name="Main" id="nev27314492n5-nev29200397n1"><Variable Annotation="" Id="HighTempInfoText" Scope="Global" Type="InfoDisplay" id="nev27314492n5-nev29200398n1"><Value Type="InfoDisplayVariable" id="nev27314492n5-nev29200399n1"><infoDisplay id="nev27314492n5-nev27314466n7"><para id="nev27314492n5-nev27314466n8"><phrase category="Faulttracing" id="nev27314492n5-nev27314466n9" phrase-urn="urn:x-nevis:phrase:0800c8af86ef33f8">The DTC, which #@#@#107#SCM).</phrase></para><note id="nev27314492n5-nev27314466n10"><phrase category="Faulttracing" id="nev27314492n5-nev27314467n1" phrase-urn="urn:x-nevis:phrase:0800c8af86d1a2d1">In extreme oper#@#@#85#time.</phrase></note><para id="nev27314492n5-nev27314467n2"><phrase category="Faulttracing" id="nev27314492n5-nev27314467n3" phrase-urn="urn:x-nevis:phrase:0800c8af86c95b8d">Analyze the DTC#@#@#39#dule.</phrase><phrase category="Faulttracing" id="nev27314492n5-nev27314467n4" phrase-urn="urn:x-nevis:phrase:0800c8af86c95b8f">Use the DTC cou#@#@#104#DTCs.</phrase><phrase category="Faulttracing" id="nev27314492n5-nev27314467n5" phrase-urn="urn:x-nevis:phrase:0800c8af86c95bae">Determine if th#@#@#95#toms.</phrase><phrase category="Faulttracing" id="nev27314492n5-nev27314467n6" phrase-urn="urn:x-nevis:phrase:0800c8af86c95bc8">If the DTC has #@#@#129#toms.</phrase></para></infoDisplay></Value></Variable><Variable Annotation="" Id="HighTemp_DTCs" Scope="Global" Type="List[String]" id="nev27314492n5-nev29200400n1"><Value Type="ListVariable" id="nev27314492n5-nev29200401n1"><Item id="nev27314492n5-nev29200402n1">F0004B</Item><Item id="nev27314492n5-nev29200403n1">F00094</Item></Value></Variable><Variable Annotation="" Id="HW_DTCs" Scope="Global" Type="List[String]" id="nev27314492n5-nev29200404n1"><Value Type="ListVariable" id="nev27314492n5-nev29200405n1"><Item id="nev27314492n5-nev29200406n1">502D07</Item><Item id="nev27314492n5-nev29200407n1">505602</Item><Item id="nev27314492n5-nev29200408n1">507279</Item><Item id="nev27314492n5-nev29200409n1">E01104</Item><Item id="nev27314492n5-nev29200410n1">F00004</Item><Item id="nev27314492n5-nev29200411n1">F00042</Item><Item id="nev27314492n5-nev29200412n1">F00044</Item><Item id="nev27314492n5-nev29200413n1">F00045</Item><Item id="nev27314492n5-nev29200414n1">F00048</Item><Item id="nev27314492n5-nev29200415n1">F00049</Item><Item id="nev27314492n5-nev29200416n1">F00092</Item></Value></Variable><Variable Annotation="" Id="SW_DTCs" Scope="Global" Type="List[String]" id="nev27314492n5-nev29200417n1"><Value Type="ListVariable" id="nev27314492n5-nev29200418n1"><Item id="nev27314492n5-nev29200419n1">502D09</Item><Item id="nev27314492n5-nev29200420n1">50A400</Item><Item id="nev27314492n5-nev29200421n1">E30054</Item><Item id="nev27314492n5-nev29200422n1">E30055</Item><Item id="nev27314492n5-nev29200423n1">E30056</Item><Item id="nev27314492n5-nev29200424n1">E30057</Item></Value></Variable><Variable Annotation="" Id="Input" Scope="Input" Type="FaultTracing.Input" id="nev27314492n5-nev29200425n1"/><Component Annotation="" ComponentId="CallModule_GenericComponentTest" id="nev27314492n5-nev29200426n1"><CallModule id="nev27314492n5-nev29200427n1"><Input Module="GenericComponentTest" id="nev27314492n5-nev29200428n1"><Arg Value="{Input}" id="nev27314492n5-nev29200429n1"/></Input></CallModule></Component><Component Annotation="" ComponentId="CallModule1" id="nev27314492n5-nev29200430n1"><CallModule id="nev27314492n5-nev29200431n1"><Input Module="Check_ECU_HW_and_SW_DTCs" id="nev27314492n5-nev29200432n1"/></CallModule></Component></Module><Module IsEventHandler="false" Name="Final" id="nev27314492n5-nev29200433n1"/><Module Annotation="Do not touch!" IsEventHandler="false" Name="GenericComponentTest" id="nev27314492n5-nev29200434n1"><Variable Annotation="" Id="InfoDisplayFromGenericLogic" Scope="Local" Type="InfoDisplay" id="nev27314492n5-nev29200435n1"><Value Type="InfoDisplayVariable" id="nev27314492n5-nev29200436n1"><infoDisplay id="nev27314492n5-nev27314471n2"/></Value></Variable><Variable Annotation="" Id="DTCs" Scope="Input" Type="List[String]" id="nev27314492n5-nev29200437n1"/><Component ComponentId="Logger_running_generic" id="nev27314492n5-nev29200438n1"><Logger id="nev27314492n5-nev29200439n1"><Input Text="Running module GenericComponenttest in component test 14:06..........   --- Version: 2015-01-23," id="nev27314492n5-nev29200440n1"/></Logger></Component><Component Annotation="Run the Generic Logic 14:00" ComponentId="RunScript_generic_logic" id="nev27314492n5-nev29200441n1"><RunScript id="nev27314492n5-nev29200442n1"><Input id="nev27314492n5-nev29200443n1"><NevisLink ProjectDocumentId="0800c8af86b6bb5c" VCCNumber="VCC-479232-1" VariantId="0900c8af86b6bb6b" id="nev27314492n5-nev29200444n1"/><Contract id="nev27314492n5-nev29200445n1"><InputVariable Name="DTC_input_data" Type="FaultTracing.Input" id="nev27314492n5-nev29200446n1"/><OutputVariable Name="Error" Type="Double" id="nev27314492n5-nev29200447n1"/><OutputVariable Name="ReturnInfoDisplay" Type="InfoDisplay" id="nev27314492n5-nev29200448n1"/><OutputVariable Name="Only_UC_since_LC" Type="Double" id="nev27314492n5-nev29200449n1"/><OutputVariable Name="TF_since_LC_TestPassedNow" Type="Double" id="nev27314492n5-nev29200450n1"/><OutputVariable Name="TF_since_LC_TestNotRunning" Type="Double" id="nev27314492n5-nev29200451n1"/><OutputVariable Name="TF_since_LC_and_UC_this_OC" Type="Double" id="nev27314492n5-nev29200452n1"/><OutputVariable Name="FaultFreeComponent" Type="Double" id="nev27314492n5-nev29200453n1"/></Contract><Arguments InputValue1="{DTCs}" id="nev27314492n5-nev29200454n1"/><NevisXRef id="nev27314492n5-nev27314473n1"><ref id="nev27314492n5-nev27314473n2"><locator xlink:href="#nev27314492n5-nev27314473n2" xlink:type="locator"/><locator xlink:href="urn:x-nevis:xref:0800c8af86b6bb5c:00000000:00000000#nev22873702n1" xlink:type="locator"/><arc nevis:href="urn:x-nevis:xref:0800c8af86b6bb5c:00000000:00000000#nev22873702n1" xlink:title="VCC-479232, Generic logic for component test" xlink:type="arc"/></ref></NevisXRef></Input></RunScript></Component><If Annotation="if no error show generic info about DTC status for component" LogicId="If_no_error" id="nev27314492n5-nev29200458n1"><LogicStatement Expression="RunScript_generic_logic_Result.Error == False" id="nev27314492n5-nev29200459n1"/><True id="nev27314492n5-nev29200460n1"><Component ComponentId="Logger_showing_infodisplay" id="nev27314492n5-nev29200461n1"><Logger id="nev27314492n5-nev29200462n1"><Input Text="Showing information from generic logic script" id="nev27314492n5-nev29200463n1"/></Logger></Component><Component Annotation="From infodisplay returned by generic logic to a local infodisplay variable due to a bug in SPASE " ComponentId="AssignValue_Infodisplay" id="nev27314492n5-nev29200464n1"><AssignValue id="nev27314492n5-nev29200465n1"><Input AssignTo="{InfoDisplayFromGenericLogic}" Value="{RunScript_generic_logic_Result ReturnInfoDisplay}" id="nev27314492n5-nev29200466n1"/></AssignValue></Component><Component Annotation="Result from the generic logic 14:00" ComponentId="DisplayInformation_FromGenericLogic" id="nev27314492n5-nev29200467n1"><DisplayInformation id="nev27314492n5-nev29200468n1"><Input ButtonType="0" InfoDisplay="{InfoDisplayFromGenericLogic}" id="nev27314492n5-nev29200469n1"/></DisplayInformation></Component><If Annotation="If component only has unconfirmed DTC" LogicId="If_OnlyUnconfirmed" id="nev27314492n5-nev29200470n1"><LogicStatement Expression="RunScript_generic_logic_Result.Only_UC_since_LC == True" id="nev27314492n5-nev29200471n1"/><True id="nev27314492n5-nev29200472n1"><Component ComponentId="Logger_onlyUnconfirmed" id="nev27314492n5-nev29200473n1"><Logger id="nev27314492n5-nev29200474n1"><Input Text="The component Test 14:06, Module: GenericcomponentTest is now starting the 14:00 generic script for only unconfirmed since generic logic responded that there was only unconfirmed DTC" id="nev27314492n5-nev29200475n1"/></Logger></Component><Component Annotation="Generic Logic only for unconfirmed faulttracing" ComponentId="RunScript_OnlyUnconfirmed" id="nev27314492n5-nev29200476n1"><RunScript id="nev27314492n5-nev29200477n1"><Input id="nev27314492n5-nev29200478n1"><NevisLink ProjectDocumentId="0800c8af86bbe0d4" VCCNumber="VCC-479592-1" VariantId="0900c8af86bbddf9" id="nev27314492n5-nev29200479n1"/><Contract id="nev27314492n5-nev29200480n1"><InputVariable Name="AttemptNo" Type="Double" id="nev27314492n5-nev29200481n1"/><InputVariable Name="DTCs" Type="List[String]" id="nev27314492n5-nev29200482n1"/><OutputVariable Name="Verified" Type="Double" id="nev27314492n5-nev29200483n1"/><OutputVariable Name="ReturningInfodisplay" Type="InfoDisplay" id="nev27314492n5-nev29200484n1"/></Contract><Arguments InputValue1="1" InputValue2="{DTCs}" id="nev27314492n5-nev29200485n1"/><NevisXRef id="nev27314492n5-nev27314476n1"><ref id="nev27314492n5-nev27314476n2"><locator xlink:href="#nev27314492n5-nev27314476n2" xlink:type="locator"/><locator xlink:href="urn:x-nevis:xref:0800c8af86bbe0d4:00000000:00000000#nev22964386n1" xlink:type="locator"/><arc nevis:href="urn:x-nevis:xref:0800c8af86bbe0d4:00000000:00000000#nev22964386n1" xlink:title="VCC-479592, GenericLogicForOnlyUnconfirmedComponentTest" xlink:type="arc"/></ref></NevisXRef></Input></RunScript></Component><Component Annotation="" ComponentId="AssignValue_infodisplay" id="nev27314492n5-nev29200489n1"><AssignValue id="nev27314492n5-nev29200490n1"><Input AssignTo="{InfoDisplayFromGenericLogic}" Value="{RunScript_OnlyUnconfirmed_Result ReturningInfodisplay}" id="nev27314492n5-nev29200491n1"/></AssignValue></Component><Component ComponentId="DisplayInformation_ResultOnlyUnconfirmed" id="nev27314492n5-nev29200492n1"><DisplayInformation id="nev27314492n5-nev29200493n1"><Input ButtonType="0" InfoDisplay="{InfoDisplayFromGenericLogic}" id="nev27314492n5-nev29200494n1"/></DisplayInformation></Component><If Annotation="Verified ?" LogicId="If1" id="nev27314492n5-nev29200495n1"><LogicStatement Expression="RunScript_OnlyUnconfirmed_Result.Verified == True" id="nev27314492n5-nev29200496n1"/><True id="nev27314492n5-nev29200497n1"><Component Annotation="Verified" ComponentId="Logger_finished" id="nev27314492n5-nev29200498n1"><Logger id="nev27314492n5-nev29200499n1"><Input Text="Generic fault tracing instructions for only unconfirmed fault finished. the fault is verified..." id="nev27314492n5-nev29200500n1"/></Logger></Component></True><Else id="nev27314492n5-nev29200501n1"><Component ComponentId="Logger_NotVerifiedRetry2" id="nev27314492n5-nev29200502n1"><Logger id="nev27314492n5-nev29200503n1"><Input Text="The only unconfirmed fault is not verified... Running onlyUnconfirmedScript 14:00 one more time..." id="nev27314492n5-nev29200504n1"/></Logger></Component><Component Annotation="Second try" ComponentId="RunScriptUnconfirmed_2" id="nev27314492n5-nev29200505n1"><RunScript id="nev27314492n5-nev29200506n1"><Input id="nev27314492n5-nev29200507n1"><NevisLink ProjectDocumentId="0800c8af86bbe0d4" VCCNumber="VCC-479592-1" VariantId="0900c8af86bbddf9" id="nev27314492n5-nev29200508n1"/><Contract id="nev27314492n5-nev29200509n1"><InputVariable Name="AttemptNo" Type="Double" id="nev27314492n5-nev29200510n1"/><InputVariable Name="DTCs" Type="List[String]" id="nev27314492n5-nev29200511n1"/><OutputVariable Name="Verified" Type="Double" id="nev27314492n5-nev29200512n1"/><OutputVariable Name="ReturningInfodisplay" Type="InfoDisplay" id="nev27314492n5-nev29200513n1"/></Contract><Arguments InputValue1="2" InputValue2="{DTCs}" id="nev27314492n5-nev29200514n1"/><NevisXRef id="nev27314492n5-nev27314478n9"><ref id="nev27314492n5-nev27314478n10"><locator xlink:href="#nev27314492n5-nev27314478n10" xlink:type="locator"/><locator xlink:href="urn:x-nevis:xref:0800c8af86bbe0d4:00000000:00000000#nev22964386n1" xlink:type="locator"/><arc nevis:href="urn:x-nevis:xref:0800c8af86bbe0d4:00000000:00000000#nev22964386n1" xlink:title="VCC-479592, GenericLogicForOnlyUnconfirmedComponentTest" xlink:type="arc"/></ref></NevisXRef></Input></RunScript></Component><Component Annotation="" ComponentId="AssignValue_infodisplay2" id="nev27314492n5-nev29200518n1"><AssignValue id="nev27314492n5-nev29200519n1"><Input AssignTo="{InfoDisplayFromGenericLogic}" Value="{RunScriptUnconfirmed_2_Result ReturningInfodisplay}" id="nev27314492n5-nev29200520n1"/></AssignValue></Component><Component ComponentId="DisplayInformation_ResultUC_2" id="nev27314492n5-nev29200521n1"><DisplayInformation id="nev27314492n5-nev29200522n1"><Input ButtonType="0" InfoDisplay="{InfoDisplayFromGenericLogic}" id="nev27314492n5-nev29200523n1"/></DisplayInformation></Component></Else></If></True><Else id="nev27314492n5-nev29200524n1"/></If></True><Else id="nev27314492n5-nev29200525n1"><Component ComponentId="Logger_error" id="nev27314492n5-nev29200526n1"><Logger id="nev27314492n5-nev29200527n1"><Input Text="Error! Something is wrong in generic logic14:00 script, no condition is true. disabling viewing of the generic information, continueing directly to specific fault tracing..." id="nev27314492n5-nev29200528n1"/></Logger></Component></Else></If><Component ComponentId="Logger_Finished" id="nev27314492n5-nev29200529n1"><Logger id="nev27314492n5-nev29200530n1"><Input Text="Generic module in 14:06 component test is finished, continuing with specific tests...." id="nev27314492n5-nev29200531n1"/></Logger></Component></Module><Module Annotation="" IsEventHandler="false" Name="Check_ECU_HW_and_SW_DTCs" id="nev27314492n5-nev29200532n1"><Variable Annotation="" Id="ResultInfo" Scope="Local" Type="InfoDisplay" id="nev27314492n5-nev29200533n1"><Value Type="InfoDisplayVariable" id="nev27314492n5-nev29200534n1"><infoDisplay id="nev27314492n5-nev27314480n8"/></Value></Variable><ForEach Annotation="" Enumerable="{__Globals__.HW_DTCs}" ForEachId="ForEach_HW_DTC" id="nev27314492n5-nev29200535n1"><Component Annotation="" ComponentId="Check_HW_DTCs" id="nev27314492n5-nev29200536n1"><RunScript id="nev27314492n5-nev29200537n1"><Input id="nev27314492n5-nev29200538n1"><NevisLink ProjectDocumentId="0800c8af870dd0d0" VCCNumber="VCC-488772-1" VariantId="0900c8af870dd004" id="nev27314492n5-nev29200539n1"/><Contract id="nev27314492n5-nev29200540n1"><InputVariable Name="DTC" Type="String" id="nev27314492n5-nev29200541n1"/><InputVariable Name="ECU" Type="String" id="nev27314492n5-nev29200542n1"/><OutputVariable Name="DTC_IsTestFailedSinceLastClear" Type="Double" id="nev27314492n5-nev29200543n1"/><OutputVariable Name="ScriptError" Type="Double" id="nev27314492n5-nev29200544n1"/></Contract><Arguments InputValue1="{ForEach_HW_DTC}" InputValue2="PSCM" id="nev27314492n5-nev29200545n1"/><NevisXRef id="nev27314492n5-nev27314481n10"><ref id="nev27314492n5-nev27314482n1"><locator xlink:href="#nev27314492n5-nev27314482n1" xlink:type="locator"/><locator xlink:href="urn:x-nevis:xref:0800c8af870dd0d0:00000000:00000000#nev24452041n1" xlink:type="locator"/><arc nevis:href="urn:x-nevis:xref:0800c8af870dd0d0:00000000:00000000#nev24452041n1" xlink:title="VCC-488772, Check_if_DTC_test_failed_since_last_clear" xlink:type="arc"/></ref></NevisXRef></Input></RunScript></Component><If Annotation="" LogicId="If_HW_DTC_is_testFailedSinceLastClear" id="nev27314492n5-nev29200549n1"><LogicStatement Expression="Check_HW_DTCs_Result.DTC_IsTestFailedSinceLastClear == 1" id="nev27314492n5-nev29200550n1"/><True id="nev27314492n5-nev29200551n1"><Component ComponentId="GetTextForHWfailure" id="nev27314492n5-nev29200552n1"><RunScript id="nev27314492n5-nev29200553n1"><Input id="nev27314492n5-nev29200554n1"><NevisLink ProjectDocumentId="0800c8af86c270c0" VCCNumber="VCC-481758-1" VariantId="0900c8af86c2703a" id="nev27314492n5-nev29200555n1"/><Contract id="nev27314492n5-nev29200556n1"><OutputVariable Name="Dummy" Type="Double" id="nev27314492n5-nev29200557n1"/><OutputVariable Name="ReturnHWFailureText" Type="InfoDisplay" id="nev27314492n5-nev29200558n1"/></Contract><Arguments id="nev27314492n5-nev29200559n1"/><NevisXRef id="nev27314492n5-nev27314483n3"><ref id="nev27314492n5-nev27314483n4"><locator xlink:href="#nev27314492n5-nev27314483n4" xlink:type="locator"/><locator xlink:href="urn:x-nevis:xref:0800c8af86c270c0:00000000:00000000#nev23132858n1" xlink:type="locator"/><arc nevis:href="urn:x-nevis:xref:0800c8af86c270c0:00000000:00000000#nev23132858n1" xlink:title="VCC-481758, Return_ECU_HW_failure_text" xlink:type="arc"/></ref></NevisXRef></Input></RunScript></Component><Component Annotation="" ComponentId="AssignValue1" id="nev27314492n5-nev29200563n1"><AssignValue id="nev27314492n5-nev29200564n1"><Input AssignTo="{ResultInfo}" Value="{GetTextForHWfailure_Result ReturnHWFailureText}" id="nev27314492n5-nev29200565n1"/></AssignValue></Component><Component Annotation="" ComponentId="DisplayHWFailInfo" id="nev27314492n5-nev29200566n1"><DisplayInformation id="nev27314492n5-nev29200567n1"><Input ButtonType="0" InfoDisplay="{ResultInfo}" id="nev27314492n5-nev29200568n1"/></DisplayInformation></Component><Component Annotation="If HW failure is found, SW failure is not relevant." ComponentId="ExitModule" id="nev27314492n5-nev29200569n1"><Return id="nev27314492n5-nev29200570n1"/></Component></True><Else id="nev27314492n5-nev29200571n1"/></If></ForEach><ForEach Annotation="" Enumerable="{__Globals__.SW_DTCs}" ForEachId="ForEach_SW_DTC" id="nev27314492n5-nev29200572n1"><Component Annotation="" ComponentId="Check_SW_DTCs" id="nev27314492n5-nev29200573n1"><RunScript id="nev27314492n5-nev29200574n1"><Input id="nev27314492n5-nev29200575n1"><NevisLink ProjectDocumentId="0800c8af870dd0d0" VCCNumber="VCC-488772-1" VariantId="0900c8af870dd004" id="nev27314492n5-nev29200576n1"/><Contract id="nev27314492n5-nev29200577n1"><InputVariable Name="DTC" Type="String" id="nev27314492n5-nev29200578n1"/><InputVariable Name="ECU" Type="String" id="nev27314492n5-nev29200579n1"/><OutputVariable Name="DTC_IsTestFailedSinceLastClear" Type="Double" id="nev27314492n5-nev29200580n1"/><OutputVariable Name="ScriptError" Type="Double" id="nev27314492n5-nev29200581n1"/></Contract><Arguments InputValue1="{ForEach_SW_DTC}" InputValue2="PSCM" id="nev27314492n5-nev29200582n1"/><NevisXRef id="nev27314492n5-nev27314485n5"><ref id="nev27314492n5-nev27314485n6"><locator xlink:href="#nev27314492n5-nev27314485n6" xlink:type="locator"/><locator xlink:href="urn:x-nevis:xref:0800c8af870dd0d0:00000000:00000000#nev24452041n1" xlink:type="locator"/><arc nevis:href="urn:x-nevis:xref:0800c8af870dd0d0:00000000:00000000#nev24452041n1" xlink:title="VCC-488772, Check_if_DTC_test_failed_since_last_clear" xlink:type="arc"/></ref></NevisXRef></Input></RunScript></Component><If LogicId="If_SW_DTC_is_testFailedSinceLastClear" id="nev27314492n5-nev29200586n1"><LogicStatement Expression="Check_SW_DTCs_Result.DTC_IsTestFailedSinceLastClear == 1" id="nev27314492n5-nev29200587n1"/><True id="nev27314492n5-nev29200588n1"><Component Annotation="" ComponentId="GetTextForSWfailure" id="nev27314492n5-nev29200589n1"><RunScript id="nev27314492n5-nev29200590n1"><Input id="nev27314492n5-nev29200591n1"><NevisLink ProjectDocumentId="0800c8af86c27691" VCCNumber="VCC-481759-1" VariantId="0900c8af86c2764f" id="nev27314492n5-nev29200592n1"/><Contract id="nev27314492n5-nev29200593n1"><OutputVariable Name="Dummy" Type="Double" id="nev27314492n5-nev29200594n1"/><OutputVariable Name="ReturnSWFailureText" Type="InfoDisplay" id="nev27314492n5-nev29200595n1"/></Contract><Arguments id="nev27314492n5-nev29200596n1"/><NevisXRef id="nev27314492n5-nev27314486n8"><ref id="nev27314492n5-nev27314486n9"><locator xlink:href="#nev27314492n5-nev27314486n9" xlink:type="locator"/><locator xlink:href="urn:x-nevis:xref:0800c8af86c27691:00000000:00000000#nev23132918n1" xlink:type="locator"/><arc nevis:href="urn:x-nevis:xref:0800c8af86c27691:00000000:00000000#nev23132918n1" xlink:title="VCC-481759, Return_ECU_SW_failure_text" xlink:type="arc"/></ref></NevisXRef></Input></RunScript></Component><Component Annotation="" ComponentId="AssignValue2" id="nev27314492n5-nev29200600n1"><AssignValue id="nev27314492n5-nev29200601n1"><Input AssignTo="{ResultInfo}" Value="{GetTextForSWfailure_Result ReturnSWFailureText}" id="nev27314492n5-nev29200602n1"/></AssignValue></Component><Component Annotation="" ComponentId="DisplaySWFailInfo" id="nev27314492n5-nev29200603n1"><DisplayInformation id="nev27314492n5-nev29200604n1"><Input ButtonType="0" InfoDisplay="{ResultInfo}" id="nev27314492n5-nev29200605n1"/></DisplayInformation></Component><Component Annotation="If SW failure is found, no fault found information shall not be displayed." ComponentId="ExitModule2" id="nev27314492n5-nev29200606n1"><Return id="nev27314492n5-nev29200607n1"/></Component></True><Else id="nev27314492n5-nev29200608n1"/></If></ForEach><ForEach Annotation="" Enumerable="{__Globals__.HighTemp_DTCs}" ForEachId="ForEach_HighTemp_DTC" id="nev27314492n5-nev29200609n1"><Component Annotation="" ComponentId="Check_HighTemp_DTCs" id="nev27314492n5-nev29200610n1"><RunScript id="nev27314492n5-nev29200611n1"><Input id="nev27314492n5-nev29200612n1"><NevisLink ProjectDocumentId="0800c8af870dd0d0" VCCNumber="VCC-488772-1" VariantId="0900c8af870dd004" id="nev27314492n5-nev29200613n1"/><Contract id="nev27314492n5-nev29200614n1"><InputVariable Name="DTC" Type="String" id="nev27314492n5-nev29200615n1"/><InputVariable Name="ECU" Type="String" id="nev27314492n5-nev29200616n1"/><OutputVariable Name="DTC_IsTestFailedSinceLastClear" Type="Double" id="nev27314492n5-nev29200617n1"/><OutputVariable Name="ScriptError" Type="Double" id="nev27314492n5-nev29200618n1"/></Contract><Arguments InputValue1="{ForEach_HighTemp_DTC}" InputValue2="PSCM" id="nev27314492n5-nev29200619n1"/><NevisXRef id="nev27314492n5-nev27314488n10"><ref id="nev27314492n5-nev27314489n1"><locator xlink:href="#nev27314492n5-nev27314489n1" xlink:type="locator"/><locator xlink:href="urn:x-nevis:xref:0800c8af870dd0d0:00000000:00000000#nev24452041n1" xlink:type="locator"/><arc nevis:href="urn:x-nevis:xref:0800c8af870dd0d0:00000000:00000000#nev24452041n1" xlink:title="VCC-488772, Check_if_DTC_test_failed_since_last_clear" xlink:type="arc"/></ref></NevisXRef></Input></RunScript></Component><If LogicId="If_HighTemp_DTC_is_testFailedSinceLastClear" id="nev27314492n5-nev29200623n1"><LogicStatement Expression="Check_HighTemp_DTCs_Result.DTC_IsTestFailedSinceLastClear == 1" id="nev27314492n5-nev29200624n1"/><True id="nev27314492n5-nev29200625n1"><Component Annotation="" ComponentId="HighTempInfo" id="nev27314492n5-nev29200626n1"><DisplayInformation id="nev27314492n5-nev29200627n1"><Input ButtonType="0" InfoDisplay="{__Globals__.HighTempInfoText}" id="nev27314492n5-nev29200628n1"/></DisplayInformation></Component><Component Annotation="If HighTemp failure is found, no fault found information shall not be displayed." ComponentId="ExitModule3" id="nev27314492n5-nev29200629n1"><Return id="nev27314492n5-nev29200630n1"/></Component></True><Else id="nev27314492n5-nev29200631n1"/></If></ForEach><Component Annotation="" ComponentId="GetTextNoFaultFound" id="nev27314492n5-nev29200632n1"><RunScript id="nev27314492n5-nev29200633n1"><Input id="nev27314492n5-nev29200634n1"><NevisLink ProjectDocumentId="0800c8af86c51245" VCCNumber="VCC-482492-1" VariantId="0900c8af86c510b3" id="nev27314492n5-nev29200635n1"/><Contract id="nev27314492n5-nev29200636n1"><OutputVariable Name="ReturnNoFaultFoundText" Type="InfoDisplay" id="nev27314492n5-nev29200637n1"/><OutputVariable Name="Dummy" Type="Double" id="nev27314492n5-nev29200638n1"/></Contract><Arguments id="nev27314492n5-nev29200639n1"/><NevisXRef id="nev27314492n5-nev27314490n9"><ref id="nev27314492n5-nev27314490n10"><locator xlink:href="#nev27314492n5-nev27314490n10" xlink:type="locator"/><locator xlink:href="urn:x-nevis:xref:0800c8af86c51245:00000000:00000000#nev23197542n1" xlink:type="locator"/><arc nevis:href="urn:x-nevis:xref:0800c8af86c51245:00000000:00000000#nev23197542n1" xlink:title="VCC-482492, Return_ECU_No_Fault_Found_Text" xlink:type="arc"/></ref></NevisXRef></Input></RunScript></Component><Component ComponentId="AssignValue3" id="nev27314492n5-nev29200643n1"><AssignValue id="nev27314492n5-nev29200644n1"><Input AssignTo="{ResultInfo}" Value="{GetTextNoFaultFound_Result ReturnNoFaultFoundText}" id="nev27314492n5-nev29200645n1"/></AssignValue></Component><Component ComponentId="DisplayNoFaultFound" id="nev27314492n5-nev29200646n1"><DisplayInformation id="nev27314492n5-nev29200647n1"><Input ButtonType="0" InfoDisplay="{ResultInfo}" id="nev27314492n5-nev29200648n1"/></DisplayInformation></Component></Module></SpaScript></content></script>