<?xml version="1.0" encoding="UTF-8"?><servinfosub IE-ID="en-US0900c8af8011bc0b" docno="VCC-113260" id="KC01202600" xml:lang="en-US">
<title>
<phrase category="" id="KC06063984" phrase-urn="urn:x-nevis:phrase:0800c8af8173208e">Unreasonable signal</phrase>
</title>
<diagnostic type="test">
<testgrp IE-ID="en-US0900c8af8011bc0b_KC01202601" id="KC01202601" j2008use="1" paperuse="1" resumable="1" screenuse="1" testgrp-id="Node1" x="160" y="80">
<title>
<phrase category="" id="KC06063985" phrase-urn="urn:x-nevis:phrase:0800c8af8173208f"/>
</title>
<subcalloutnode>
<diagcallout>
<xref>
<ref id="KC06063986"/>
</xref>
</diagcallout>
<rescall-grp>
<result comp="string" highlight="0" op="eq" return="DONE"/>
<calloutaction>
<return value="DONE"/>
</calloutaction>
</rescall-grp>
</subcalloutnode>
</testgrp>
</diagnostic>
</servinfosub>