<?xml version="1.0" encoding="UTF-8"?><servinfosub IE-ID="en-US0900c8af806a6c0b" docno="VCC-064425" id="KC02054555" xml:lang="en-US">
<title>
<phrase category="" id="KC08454245" phrase-urn="urn:x-nevis:phrase:0800c8af81dc8b06">Short circuit t#@#@#3#round</phrase>
</title>
<diagnostic type="test">
<testgrp IE-ID="en-US0900c8af806a6c0b_KC02203997" id="KC02203997" testgrp-id="cn1">
<title>
<phrase category="" id="KC08454246" phrase-urn="urn:x-nevis:phrase:0800c8af81dc8b07">Action:</phrase>
</title>
<node>
<test1>
<test2>
<ptxt>
<phrase category="" id="KC08454247" phrase-urn="urn:x-nevis:phrase:0800c8af81dc8ade">      The short#@#@#55#tion.</phrase>
</ptxt>
<warning>
<ptxt>
<phrase category="" id="KC08454248" phrase-urn="urn:x-nevis:phrase:0800c8af81dc8adf">      Under no #@#@#211#vate.</phrase>
</ptxt>
</warning>
<ptxt>
<phrase category="" id="KC08454249" phrase-urn="urn:x-nevis:phrase:0800c8af81dc8ae0">      Follow th#@#@#93#ised.</phrase>
</ptxt>
<note>
<ptxt>
<phrase category="" id="KC08454250" phrase-urn="urn:x-nevis:phrase:0800c8af81dc8ae1">      Illustrat#@#@#86#gram.</phrase>
</ptxt>
</note>
<grate>
<graphic id="KC08454251" width="column">
<href>0900c8af806a6bb#@#@#9#.jpeg</href>
</graphic>
</grate>
</test2>
</test1>
<question>Press Continue</question>
<resact-grp>
<result button="cont" comp="button"/>
<action>
<ptxt>
<xref>
<ref id="KC08454252"/>
</xref>
</ptxt>
</action>
</resact-grp>
</node>
</testgrp>
<testgrp id="KC02203998" testgrp-id="cn2pre">
<title>
<phrase category="" id="KC08454253" phrase-urn="urn:x-nevis:phrase:0800c8af81dc8ae2">Connecting spec#@#@#12# 8695</phrase>
</title>
<node>
<test1>
<diaglist>
<dgraphic>
<dgraphic1>
<graphic id="KC08454254">
<href>0900c8af80054d4#@#@#9#.jpeg</href>
</graphic>
</dgraphic1>
<dgraphic2>
<graphic id="KC08454255">
<href>0900c8af803f89a#@#@#9#.jpeg</href>
</graphic>
</dgraphic2>
</dgraphic>
<ditem>
<ptxt>
<phrase category="" id="KC08454256" phrase-urn="urn:x-nevis:phrase:0800c8af81dc8ae3">      Ignition off</phrase>
</ptxt>
</ditem>
<ditem>
<ptxt>
<phrase category="" id="KC08454257" phrase-urn="urn:x-nevis:phrase:0800c8af81dc8ae4">      Disconnec#@#@#22# lead</phrase>
</ptxt>
</ditem>
<ditem>
<ptxt>
<phrase category="" id="KC08454258" phrase-urn="urn:x-nevis:phrase:0800c8af81dc8ae5">      Remove B-#@#@#77#lips.</phrase>
</ptxt>
</ditem>
<ditem>
<ptxt>
<phrase category="" id="KC08454259" phrase-urn="urn:x-nevis:phrase:0800c8af81dc8ae6">      If the si#@#@#90#ssed.</phrase>
</ptxt>
</ditem>
<ditem>
<ptxt>
<phrase category="" id="KC08454260" phrase-urn="urn:x-nevis:phrase:0800c8af81dc8ae7">      Disconnec#@#@#40#oner.</phrase>
</ptxt>
</ditem>
<ditem>
<note>
<ptxt>
<phrase category="" id="KC08454261" phrase-urn="urn:x-nevis:phrase:0800c8af81dc8ae8">      Readings #@#@#73#r it.</phrase>
</ptxt>
</note>
</ditem>
</diaglist>
<test2>
<diaglist>
<ditem>
<ptxt>
<phrase category="" id="KC08454262" phrase-urn="urn:x-nevis:phrase:0800c8af81dc8ae9">      Connect s#@#@#7#tool <toolitem id="KC08454263"/> to the initiat#@#@#15#ector</phrase>
</ptxt>
</ditem>
</diaglist>
<grate>
<graphic id="KC08454264" width="column">
<href>0900c8af8068055#@#@#9#.jpeg</href>
</graphic>
</grate>
</test2>
</test1>
<question>Press Continue</question>
<resact-grp>
<result button="cont" comp="button"/>
<action paperuse="0">
<ptxt>
<xref>
<ref id="KC08454265"/>
</xref>
</ptxt>
</action>
</resact-grp>
</node>
</testgrp>
<testgrp id="KC02203999" testgrp-id="cn2">
<title>
<phrase category="" id="KC08454266" phrase-urn="urn:x-nevis:phrase:0800c8af81dc8aea">      Checking #@#@#89# 8695</phrase>
</title>
<node>
<test1>
<diaglist>
<dgraphic>
<dgraphic1>
<graphic id="KC08454267">
<href>0900c8af80054d5#@#@#9#.jpeg</href>
</graphic>
</dgraphic1>
<dgraphic2>
<graphic id="KC08454268">
<href>0900c8af8012818#@#@#9#.jpeg</href>
</graphic>
</dgraphic2>
</dgraphic>
<ditem>
<ptxt>
<phrase category="" id="KC08454269" phrase-urn="urn:x-nevis:phrase:0800c8af81dc8aeb">      First swi#@#@#14#ition</phrase>
</ptxt>
</ditem>
<ditem>
<ptxt>
<phrase category="" id="KC08454270" phrase-urn="urn:x-nevis:phrase:0800c8af81dc8aec">      Then conn#@#@#25#lead </phrase>
</ptxt>
</ditem>
<ditem>
<warning>
<ptxt>
<phrase category="" id="KC08454271" phrase-urn="urn:x-nevis:phrase:0800c8af81dc8aed">      Ensure th#@#@#55#cted.</phrase>
</ptxt>
</warning>
</ditem>
</diaglist>
<test2>
<ptxt>
<phrase category="" id="KC08454272" phrase-urn="urn:x-nevis:phrase:0800c8af81dc8aee">      Clear DTCs.</phrase>
</ptxt>
<diaglist>
<dgraphic>
<dgraphic2>
<graphic id="KC08454273">
<href>0900c8af8005433#@#@#9#.jpeg</href>
</graphic>
<smarttool active="auto" id="KC08454274" toolname="ESR239E"/>
</dgraphic2>
</dgraphic>
<ditem>
<ditemtext>
<ptxt>
<phrase category="" id="KC08454275" phrase-urn="urn:x-nevis:phrase:0800c8af81dc8aef"/>
</ptxt>
</ditemtext>
</ditem>
<ditem>
<ptxt>
<phrase category="" id="KC08454276" phrase-urn="urn:x-nevis:phrase:0800c8af81dc8af0">Wait for at lea#@#@#8#conds</phrase>
</ptxt>
</ditem>
</diaglist>
</test2>
</test1>
<question>Press Continue</question>
<resact-grp>
<result button="cont" comp="button"/>
<action paperuse="0">
<ptxt>
<xref>
<ref id="KC08454277"/>
</xref>
</ptxt>
</action>
</resact-grp>
</node>
</testgrp>
<testgrp id="KC02204000" testgrp-id="cn2post">
<title>
<phrase category="" id="KC08454278" phrase-urn="urn:x-nevis:phrase:0800c8af81dc8af1">      Checking #@#@#89# 8695</phrase>
</title>
<node>
<test1>
<test2>
<ptxt>
<phrase category="" id="KC08454279" phrase-urn="urn:x-nevis:phrase:0800c8af81dc8af2">      Read off #@#@#32#Cs). </phrase>
</ptxt>
<diaglist>
<dgraphic>
<dgraphic2>
<graphic id="KC08454280">
<href>0900c8af8005433#@#@#9#.jpeg</href>
</graphic>
<smarttool active="auto" id="KC08454281" toolname="ESR239R"/>
</dgraphic2>
</dgraphic>
<ditem>
<ditemtext>
<ptxt>
<phrase category="" id="KC08454282" phrase-urn="urn:x-nevis:phrase:0800c8af81dc8af3"/>
</ptxt>
</ditemtext>
</ditem>
</diaglist>
</test2>
</test1>
<question>Does the diagno#@#@#25#ecur?</question>
<resact-grp>
<result button="yes" comp="button"/>
<action paperuse="0">
<ptxt>
<xref>
<ref id="KC08454283"/>
</xref>
</ptxt>
</action>
</resact-grp>
<resact-grp>
<result button="no" comp="button"/>
<action paperuse="0">
<ptxt>
<xref>
<ref id="KC08454284"/>
</xref>
</ptxt>
</action>
</resact-grp>
</node>
</testgrp>
<testgrp id="KC02204001" paperuse="0" testgrp-id="cn2-1">
<title>
<phrase category="" id="KC08454285" phrase-urn="urn:x-nevis:phrase:0800c8af81dc8af4">Replacing seat #@#@#9#ioner</phrase>
</title>
<node>
<test1>
<test2>
<diaglist>
<ditem>
<ptxt>
<phrase category="" id="KC08454286" phrase-urn="urn:x-nevis:phrase:0800c8af81dc8af5">Install new sea#@#@#31#with <xref>
<ref id="KC08454287"/>
</xref> and check that#@#@#39#ment.</phrase>
</ptxt>
</ditem>
</diaglist>
</test2>
</test1>
<question>Press Continue #@#@#18#ired.</question>
<resact-grp>
<result button="cont" comp="button"/>
<action>
<ptxt>
<xref>
<ref id="KC08454288"/>
</xref>
</ptxt>
</action>
</resact-grp>
</node>
</testgrp>
<testgrp id="KC02204002" testgrp-id="cn3">
<title>
<phrase category="" id="KC08454289" phrase-urn="urn:x-nevis:phrase:0800c8af81dc8af6">      Checking #@#@#12#iring</phrase>
</title>
<node>
<test1>
<diaglist>
<dgraphic>
<dgraphic1>
<graphic id="KC08454290">
<href>0900c8af80054d4#@#@#9#.jpeg</href>
</graphic>
</dgraphic1>
<dgraphic2>
<graphic id="KC08454291">
<href>0900c8af803f89a#@#@#9#.jpeg</href>
</graphic>
</dgraphic2>
</dgraphic>
<ditem>
<ptxt>
<phrase category="" id="KC08454292" phrase-urn="urn:x-nevis:phrase:0800c8af81dc8af7">      Ignition off</phrase>
</ptxt>
</ditem>
<ditem>
<ptxt>
<phrase category="" id="KC08454293" phrase-urn="urn:x-nevis:phrase:0800c8af81dc8af8">      Disconnec#@#@#22# lead</phrase>
</ptxt>
</ditem>
<ditem>
<ptxt>
<phrase category="" id="KC08454294" phrase-urn="urn:x-nevis:phrase:0800c8af81dc8af9">      Remove th#@#@#38#ioner</phrase>
</ptxt>
</ditem>
<ditem>
<note>
<ptxt>
<phrase category="" id="KC08454295" phrase-urn="urn:x-nevis:phrase:0800c8af81dc8afa">      Readings #@#@#73#r it.</phrase>
</ptxt>
</note>
</ditem>
</diaglist>
<test2>
<ptxt>
<phrase category="" id="KC08454296" phrase-urn="urn:x-nevis:phrase:0800c8af81dc8afb">      Connect a#@#@#70# pins</phrase>
</ptxt>
<diaglist>
<dgraphic>
<dgraphic2>
<graphic id="KC08454297">
<href>0900c8af80054d4#@#@#9#.jpeg</href>
</graphic>
<smarttool active="press" id="KC08454298" toolname="ODAH"/>
</dgraphic2>
</dgraphic>
<ditem>
<ditemtext>
<ptxt>
<phrase category="" id="KC08454299" phrase-urn="urn:x-nevis:phrase:0800c8af81dc8afc"/>
</ptxt>
</ditemtext>
</ditem>
<ditem>
<ptxt>
<phrase category="" id="KC08454300" phrase-urn="urn:x-nevis:phrase:0800c8af81dc8afd">      Hold one #@#@#152#ctor.</phrase>
</ptxt>
</ditem>
<ditem>
<ptxt>
<phrase category="" id="KC08454301" phrase-urn="urn:x-nevis:phrase:0800c8af81dc8afe">      Be carefu#@#@#182#hese.</phrase>
</ptxt>
</ditem>
</diaglist>
<grate>
<graphic id="KC08454302" width="column">
<href>0900c8af8066ace#@#@#9#.jpeg</href>
</graphic>
</grate>
</test2>
</test1>
<question>The ohmmeter re#@#@#75#pins.</question>
<resact-grp>
<result button="ok" comp="button"/>
<action paperuse="0">
<return value="FAULT NOT FOUND"/>
</action>
</resact-grp>
<resact-grp>
<result button="notok" comp="button"/>
<action paperuse="0">
<ptxt>
<xref>
<ref id="KC08454303"/>
</xref>
</ptxt>
</action>
</resact-grp>
</node>
</testgrp>
<testgrp id="KC02204003" paperuse="0" testgrp-id="cn3-2">
<title>
<phrase category="" id="KC08454304" phrase-urn="urn:x-nevis:phrase:0800c8af81dc8aff">Replacing wirin#@#@#4#rness</phrase>
</title>
<node>
<test1>
<test2>
<diaglist>
<ditem>
<ptxt>
<phrase category="" id="KC08454305" phrase-urn="urn:x-nevis:phrase:0800c8af81dc8b00">Install new wir#@#@#65#ment.</phrase>
</ptxt>
<ptxt>
<phrase category="" id="KC08454306" phrase-urn="urn:x-nevis:phrase:0800c8af81dc8b01">For the 940 in #@#@#11#with <xref>
<ref id="KC08454307"/>
</xref>. </phrase>
</ptxt>
<ptxt>
<phrase category="" id="KC08454308" phrase-urn="urn:x-nevis:phrase:0800c8af81dc8b02">For the 960 in #@#@#11#with <xref>
<ref id="KC08454309"/>
</xref>. </phrase>
</ptxt>
</ditem>
</diaglist>
</test2>
</test1>
<question>Press Continue #@#@#18#ired.</question>
<resact-grp>
<result button="cont" comp="button"/>
<action>
<ptxt>
<xref>
<ref id="KC08454310"/>
</xref>
</ptxt>
</action>
</resact-grp>
</node>
</testgrp>
<testgrp id="KC02204004" paperuse="0" testgrp-id="cn2sm1">
<title>
<phrase category="" id="KC08454311" phrase-urn="urn:x-nevis:phrase:0800c8af81dc8b03">Verify 2-3-3</phrase>
</title>
<subcalloutnode>
<diagcallout>
<xref>
<ref id="KC08454312"/>
</xref>
</diagcallout>
<rescall-grp>
<result comp="string" op="eq" return="VERIFIED"/>
<calloutaction>
<return value="FAULT FOUND"/>
</calloutaction>
</rescall-grp>
<rescall-grp>
<result comp="string" op="eq" return="VERIFICATION FAILED"/>
<calloutaction>
<ptxt>
<xref>
<ref id="KC08454313"/>
</xref>
</ptxt>
</calloutaction>
</rescall-grp>
</subcalloutnode>
</testgrp>
<testgrp id="KC02204005" paperuse="0" testgrp-id="cn2sm2">
<title>
<phrase category="" id="KC08454314" phrase-urn="urn:x-nevis:phrase:0800c8af81dc8b04">Troubleshooting#@#@#7#ation</phrase>
</title>
<subcalloutnode>
<diagcallout>
<xref>
<ref id="KC08454315"/>
</xref>
</diagcallout>
<rescall-grp>
<result comp="string" op="eq" return="NEW TRY"/>
<calloutaction>
<ptxt>
<xref>
<ref id="KC08454316"/>
</xref>
</ptxt>
</calloutaction>
</rescall-grp>
<rescall-grp>
<result comp="string" op="eq" return="FAULTTRACING FAILED"/>
<calloutaction>
<return value="FAULTTRACING FAILED"/>
</calloutaction>
</rescall-grp>
</subcalloutnode>
</testgrp>
<testgrp id="KC02204006" j2008use="1" paperuse="1" resumable="1" screenuse="1" testgrp-id="tool-q" x="80" y="160">
<title>
<phrase category="" id="KC08454317" phrase-urn="urn:x-nevis:phrase:0800c8af81dc8b05">Check special t#@#@#7# 8695</phrase>
</title>
<subcalloutnode>
<diagcallout>
<xref>
<ref id="KC08454318"/>
</xref>
</diagcallout>
<rescall-grp>
<result comp="string" highlight="0" op="eq" return="DONE"/>
<calloutaction>
<ptxt>
<xref>
<ref id="KC08454319"/>
</xref>
</ptxt>
</calloutaction>
</rescall-grp>
</subcalloutnode>
</testgrp>
</diagnostic>
</servinfosub>