<?xml version="1.0" encoding="UTF-8"?><servinfosub IE-ID="en-US0900c8af835e7c0b" docno="VCC-108366" id="KC01322536" xml:lang="en-US">
<title id="nev11798557n250">Boot, gear sele#@#@#10#acing</title>
<procedure id="nev11798557n248">
<stepgrp id="KC01322537">
<title id="nev11798557n246">Removal</title>
<procstep id="KC01322538">
<title id="nev11798557n244">Remove the boot#@#@#22# knob</title>
<para id="nev11798557n242">
<ptxt id="nev11798557n240">See <xref id="nev11798557n238">
<ref id="KC07338831"/>
</xref>.</ptxt>
</para>
</procstep>
</stepgrp>
<procstep id="KC01322539">
<title id="nev11798557n228">Remove the pane#@#@#24# boot</title>
<grate id="nev11798557n226">
<graphic id="KC07338833">
<href>0900c8af8005533#@#@#9#.jpeg</href>
</graphic>
<graphtext id="nev11798557n221">
<para id="nev11798557n219">
<ptxt id="nev11798557n217">Hold the boot a#@#@#40#ases.</ptxt>
<ptxt id="nev11798557n215">Work the front #@#@#30#ward.</ptxt>
</para>
</graphtext>
</grate>
</procstep>
<procstep id="KC01322540">
<title id="nev11798557n213">Replace the gea#@#@#10# boot</title>
<grate id="nev11798557n211">
<graphic id="KC07338834">
<href>0900c8af8005533#@#@#9#.jpeg</href>
</graphic>
<graphtext id="nev11798557n206">
<para id="nev11798557n204">
<ptxt id="nev11798557n202">Press out catch#@#@#38#boot.</ptxt>
</para>
<para id="nev11798557n200">
<title id="nev11798557n198">Install the new boot</title>
<ptxt id="nev11798557n196">Press the catch#@#@#39#anel.</ptxt>
</para>
</graphtext>
</grate>
</procstep>
<procstep id="KC01322541">
<title id="nev11798557n194">Reinstall the p#@#@#21#nsole</title>
<grate id="nev11798557n192">
<graphic id="KC07338835">
<href>0900c8af8005533#@#@#9#.jpeg</href>
</graphic>
<graphtext id="nev11798557n187">
<para id="nev11798557n185">
<ptxt id="nev11798557n183">Press down the #@#@#16#ocks.</ptxt>
</para>
<para id="nev11798557n181">
<title id="nev11798557n179">Install the gea#@#@#23# boot</title>
<ptxt id="nev11798557n177">See <xref id="nev11798557n175">
<ref id="KC07338836"/>
</xref>.</ptxt>
</para>
</graphtext>
</grate>
</procstep>
</procedure>
</servinfosub>