<?xml version="1.0" encoding="UTF-8"?><servinfosub IE-ID="en-US0900c8af83c2230e" docno="VCC-252629" id="nev10742361n1" xml:lang="en-US">
<title>
<phrase category="Title" id="nev10742361n2" phrase-urn="urn:x-nevis:phrase:0800c8af81eb9a54">Diagnostic trou#@#@#21#ation</phrase>
<phrase category="Prefix" id="nev10742517n1" phrase-urn="urn:x-nevis:phrase:0800c8af8015c3f5">ECM</phrase>-4420</title>
<diagnostic j2008use="1" paperuse="1" screenuse="1" type="condition">
<condgrp>
<condition type="condition">
<grate id="nev10905747n100">
<graphic id="l1111060530269">
<href>0900c8af827521e#@#@#9#.jpeg</href>
</graphic>
</grate>
<para>
<ptxt>
<phrase category="Condition" id="nev10742518n1" phrase-urn="urn:x-nevis:phrase:0800c8af825bddf3">The engine cont#@#@#97#otor.</phrase>
<phrase category="Condition" id="nev10742519n1" phrase-urn="urn:x-nevis:phrase:0800c8af823831c2">If the engine c#@#@#104#ated.</phrase>
</ptxt>
</para>
<para>
<ptxt>
<phrase category="Condition" id="nev10742361n3" phrase-urn="urn:x-nevis:phrase:0800c8af81eaae5f">The diagnostic #@#@#58#ning.</phrase>
</ptxt>
</para>
</condition>
</condgrp>
<condgrp>
<condition type="substitution">
<list1 enumtype="d">
<item>
<ptxt>
<phrase category="Substitution" id="nev10742520n1" phrase-urn="urn:x-nevis:phrase:0800c8af825bde2f">No exhaust gas #@#@#23#trol.</phrase>
</ptxt>
</item>
</list1>
</condition>
<ps>
<list1 enumtype="d" type="unordered">
<item>
<ptxt>
<phrase category="Possible source" id="nev10793788n1" phrase-urn="urn:x-nevis:phrase:0800c8af81eab907">Contact resista#@#@#30#tors.</phrase>
</ptxt>
</item>
<item id="nev10742515n96">
<ptxt id="nev10742515n95">
<phrase category="Possible source" id="nev10793784n1" phrase-urn="urn:x-nevis:phrase:0800c8af8274ae17">The signal cabl#@#@#26#ound.</phrase>
</ptxt>
</item>
<item id="nev12548693n100">
<ptxt id="nev12548693n99">
<phrase category="Possible source" id="nev12548695n1" phrase-urn="urn:x-nevis:phrase:0800c8af8365075c">Damaged positio#@#@#4#nsor.</phrase>
</ptxt>
</item>
<item id="nev10742515n93">
<ptxt id="nev10742515n92">
<phrase category="Possible source" id="nev10742523n1" phrase-urn="urn:x-nevis:phrase:0800c8af81eabb1e">Damaged exhaust#@#@#26#alve.</phrase>
</ptxt>
</item>
</list1>
</ps>
</condgrp>
<condgrp>
<condition type="symptom">
<list1 enumtype="d" type="unordered">
<item id="nev10742515n89">
<ptxt id="nev10742515n88">
<phrase category="Symptom" id="nev10742525n1" phrase-urn="urn:x-nevis:phrase:0800c8af8223d32d">Message in info#@#@#10#splay</phrase>
</ptxt>
</item>
</list1>
</condition>
</condgrp>
</diagnostic>
</servinfosub>