<?xml version="1.0" encoding="UTF-8"?><servinfosub IE-ID="en-US0900c8af860ad30e" docno="VCC-370205" id="nev13710536n1" original="sv-SE" servinfosubId="nev13710537n1-nev13710536n4" servinfosubRes="0900c8af860b36fd" servinfosubRes2="urn:x-nevis:fragment:0900c8af860ad30e:0900c8af860b36fd#nev13710536n4" xml:lang="en-US">
<title id="nev13710533n49">Valve clearance</title>
<toolitemtable id="nev13710537n1-nev20118625n54">
<table id="nev13710537n1-nev20118625n53">
<tgroup cols="2" id="nev13710537n1-nev20118625n52">
<colspec colname="COLSPEC0" colwidth="1.00*" id="nev13710537n1-nev20118625n51"/>
<colspec colname="COLSPEC1" colwidth="1.00*" id="nev13710537n1-nev20118625n50"/>
<thead id="nev13710537n1-nev20118625n49">
<row id="nev13710537n1-nev20118625n48">
<entry id="nev13710537n1-nev20118625n47" nameend="COLSPEC1" namest="COLSPEC0" valign="top">
<ptxt id="nev13710537n1-nev20118625n46">
<emph id="nev13710537n1-nev20118625n45">Special tools</emph>
</ptxt>
</entry>
</row>
</thead>
<tbody id="nev13710537n1-nev20118625n44">
<row id="nev13710537n1-nev20118625n43">
<entry id="nev13710537n1-nev20118625n42">
<graphic id="nev13710537n1-nev20118625n41">
<href>0900c8af84acbcb#@#@#9#.jpeg</href>
</graphic>
</entry>
<entry id="nev13710537n1-nev20118625n40">
<ptxt id="nev13710537n1-nev20118625n39">
<emph id="nev13710537n1-nev20118625n38">981 4120 Feeler#@#@#1#gauge</emph>
</ptxt>
<ptxt id="nev13710537n1-nev20118625n36">
<emph id="nev13710537n1-nev20118625n35">Tool number:</emph>981 4120</ptxt>
<ptxt id="nev13710537n1-nev20118625n34">
<emph id="nev13710537n1-nev20118625n33">Tool description:</emph>Feeler gauge</ptxt>
<ptxt id="nev13710537n1-nev20118625n31">
<emph id="nev13710537n1-nev20118625n30">Tool boards:</emph>21</ptxt>
</entry>
</row>
</tbody>
</tgroup>
</table>
</toolitemtable>
<procedure id="nev13710537n1-nev13710533n57">
<stepgrp boilerplate="false" context="" id="nev13710537n1-nev20118625n85">
<title id="nev13710537n1-0800c8af844a46f6">Removal</title>
<procstep id="nev13710537n1-nev17152029n60">
<para id="nev13710537n1-nev20118625n83">
<ptxt id="nev13710537n1-nev20118625n84">Remove valve cover<xref boilerplate="true" id="nev13710537n1-0800c8af844a42a0">
<ref id="nev13710537n1-nev17152043n89"/>
</xref>
</ptxt>
</para>
</procstep>
</stepgrp>
<stepgrp boilerplate="false" context="" id="nev13710537n1-nev20118625n82">
<title id="nev13710537n1-0800c8af844a4703">Check</title>
<procstep id="nev13710537n1-nev17152029n36">
<grate id="nev13710537n1-nev20118625n80">
<graphic id="nev13710537n1-nev20118625n81">
<href>0900c8af83f8eb4#@#@#9#.jpeg</href>
</graphic>
<graphtext id="nev13710537n1-nev20118635n1">
<caution id="nev13710537n1-0800c8af844a40fa">
<ptxt>Only rotate the#@#@#17#wise.</ptxt>
</caution>
<para id="nev13710537n1-nev20118625n78">
<ptxt id="nev13710537n1-nev20118625n79">Measure and not#@#@#24#lues.</ptxt>
</para>
<para id="nev13710537n1-nev20118625n76">
<ptxt id="nev13710537n1-nev20118625n77">See information#@#@#16#tions<xref boilerplate="true" id="nev13710537n1-0800c8af84a45b4b">
<ref id="nev13710537n1-nev17152043n79"/>
</xref>
</ptxt>
</para>
<para id="nev13710537n1-nev20118625n74">
<ptxt id="nev13710537n1-nev20118625n75">
<toolitem boilerplate="true" id="nev13710537n1-nev20103813n4" imageid="0900c8af84acbcbf"/>
</ptxt>
</para>
</graphtext>
</grate>
</procstep>
<procstep id="nev13710537n1-nev17152051n98">
<note id="nev13710537n1-0800c8af844a43ce">
<ptxt>This step is on#@#@#33#uired</ptxt>
</note>
</procstep>
<procstep id="nev13710537n1-nev17152052n81">
<para id="nev13710537n1-nev20118625n72">
<ptxt id="nev13710537n1-nev20118625n73">Remove camshafts<xref boilerplate="true" id="nev13710537n1-0800c8af84bc52c1">
<ref id="nev13710537n1-nev17152059n77"/>
</xref>
</ptxt>
</para>
</procstep>
<procstep id="nev13710537n1-nev17152052n51">
<para id="nev13710537n1-nev20118625n70">
<ptxt id="nev13710537n1-nev20118625n71">Calculate the r#@#@#60#mula:</ptxt>
</para>
<para id="nev13710537n1-nev20118625n68">
<ptxt id="nev13710537n1-nev20118625n69">Measurement of #@#@#36#ue) =</ptxt>
</para>
<para id="nev13710537n1-nev20118625n66">
<ptxt id="nev13710537n1-nev20118625n67">Required thickn#@#@#16#pet =</ptxt>
</para>
<para id="nev13710537n1-nev20118625n64">
<ptxt id="nev13710537n1-nev20118625n65">Compare the mea#@#@#44#ions.</ptxt>
</para>
<para id="nev13710537n1-nev20118625n62">
<ptxt id="nev13710537n1-nev20118625n63">Measure the val#@#@#65#pets.</ptxt>
</para>
<para id="nev13710537n1-nev20118625n60">
<ptxt id="nev13710537n1-nev20118625n61">Repeat the proc#@#@#76#ance.</ptxt>
</para>
</procstep>
<procstep id="nev13710537n1-nev17706806n38">
<title id="nev13710537n1-0800c8af844a41e8">All vehicles</title>
</procstep>
<procstep id="nev13710537n1-nev17706807n41">
<note id="nev13710537n1-0800c8af844a430a">
<ptxt>This step is on#@#@#40#nent.</ptxt>
</note>
<hint id="nev13710537n1-0800c8af857eb38f">
<ptxt>Measure the act#@#@#85#ight.</ptxt>
</hint>
</procstep>
</stepgrp>
<stepgrp boilerplate="false" context="" id="nev13710537n1-nev20118625n59">
<title id="nev13710537n1-0800c8af844a46f9">Installation</title>
<procstep id="nev13710537n1-nev17152055n8">
<list1 boilerplate="true" context="install" enumtype="b" id="nev13710537n1-nev17152059n62" type="unordered">
<item id="nev13710537n1-nev20118625n58">
<ptxt id="nev13710537n1-nev20118625n57">camshafts<xref boilerplate="true" id="nev13710537n1-0800c8af846a51f1">
<ref id="nev13710537n1-nev17152059n58"/>
</xref>
</ptxt>
</item>
<item id="nev13710537n1-nev20118625n56">
<ptxt id="nev13710537n1-nev20118625n55">the valve cover<xref boilerplate="true" id="nev13710537n1-0800c8af84687c53">
<ref id="nev13710537n1-nev17152059n54"/>
</xref>
</ptxt>
</item>
</list1>
</procstep>
</stepgrp>
</procedure>
</servinfosub>