<?xml version="1.0" encoding="UTF-8"?><servinfosub IE-ID="en-US0900c8af8498730e" docno="VCC-396489" id="nev14647623n1" xml:lang="en-US">
<title>
<phrase category="" id="nev14647623n2" phrase-urn="urn:x-nevis:phrase:0800c8af823dc165">Diagnostic trou#@#@#30#-2310</phrase>
</title>
<diagnostic j2008use="1" paperuse="1" screenuse="1" type="condition">
<condgrp>
<condition type="condition">
<grate>
<graphic id="nev14647623n3">
<href>0900c8af81620f1#@#@#9#.jpeg</href>
</graphic>
<graphtext>
<para>
<ptxt>
<phrase category="" id="nev14647623n4" phrase-urn="urn:x-nevis:phrase:0800c8af823dc166">The engine cont#@#@#357#ning.</phrase>
</ptxt>
</para>
<note>
<ptxt>
<phrase category="" id="nev14647623n5" phrase-urn="urn:x-nevis:phrase:0800c8af823dc167">Cylinder 1 (inj#@#@#53#gine.</phrase>
</ptxt>
</note>
</graphtext>
</grate>
</condition>
</condgrp>
<condgrp>
<condition type="substitution">
<list1 enumtype="d" type="unordered">
<item>
<ptxt>
<phrase category="" id="nev14647623n6" phrase-urn="urn:x-nevis:phrase:0800c8af823dc168">Injection stops.</phrase>
</ptxt>
</item>
</list1>
</condition>
<ps>
<list1 enumtype="d" type="unordered">
<title>
<phrase category="" id="nev14647623n7" phrase-urn="urn:x-nevis:phrase:0800c8af823dc169">Signal too high</phrase>
</title>
<item>
<ptxt>
<phrase category="" id="nev14647623n8" phrase-urn="urn:x-nevis:phrase:0800c8af823dc16a">Short-circuit t#@#@#43#lve. </phrase>
</ptxt>
</item>
</list1>
<list1 enumtype="d" type="unordered">
<title>
<phrase category="" id="nev14647623n9" phrase-urn="urn:x-nevis:phrase:0800c8af823dc16b">Signal too low</phrase>
</title>
<item>
<ptxt>
<phrase category="" id="nev14647623n10" phrase-urn="urn:x-nevis:phrase:0800c8af823dc16c">Contact resista#@#@#28#inals</phrase>
</ptxt>
</item>
<item>
<ptxt>
<phrase category="" id="nev14647624n1" phrase-urn="urn:x-nevis:phrase:0800c8af823dc16d">Short-circuit t#@#@#42#lve. </phrase>
</ptxt>
</item>
</list1>
<list1 enumtype="d" type="unordered">
<title>
<phrase category="" id="nev14647624n2" phrase-urn="urn:x-nevis:phrase:0800c8af823dc16e">Faulty signal</phrase>
</title>
<item>
<ptxt>
<phrase category="" id="nev14647624n3" phrase-urn="urn:x-nevis:phrase:0800c8af823dc16f">Contact resista#@#@#28#inals</phrase>
</ptxt>
</item>
<item>
<ptxt>
<phrase category="" id="nev14647624n4" phrase-urn="urn:x-nevis:phrase:0800c8af823dc170">Short-circuit o#@#@#48#lve. </phrase>
</ptxt>
</item>
</list1>
</ps>
</condgrp>
<condgrp>
<condition type="symptom">
<list1 enumtype="d" type="unordered">
<item>
<ptxt>
<phrase category="Symptom CSC" id="nev14694652n1" phrase-urn="urn:x-nevis:phrase:0800c8af8388f05b">BJ, Starting/En#@#@#39#times</phrase>
</ptxt>
</item>
</list1>
</condition>
</condgrp>
</diagnostic>
</servinfosub>