<?xml version="1.0" encoding="UTF-8"?><servinfosub IE-ID="en-US0900c8af83eb8103" docno="VCC-292286" id="nev11802769n1" xml:lang="en-US">
<title>
<phrase category="" id="nev11802769n2" phrase-urn="urn:x-nevis:phrase:0800c8af81ad4210">Fault-tracing i#@#@#5#ation</phrase>
</title>
<diagnostic j2008use="1" layout="0" paperuse="1" screenuse="1" type="test">
<testgrp IE-ID="en-US0900c8af83eb8103_nev11802769n3" id="nev11802769n3" j2008use="1" paperuse="1" resumable="1" screenuse="1" testgrp-id="node1" x="140" y="60">
<title>
<phrase category="" id="nev11802769n4" phrase-urn="urn:x-nevis:phrase:0800c8af81ad421e">Information</phrase>
</title>
<node>
<test1>
<test2>
<ptxt>
<phrase category="" id="nev11802769n5" phrase-urn="urn:x-nevis:phrase:0800c8af81ad422c">The diagnostic #@#@#133#DTC).</phrase>
</ptxt>
</test2>
</test1>
<question>
Select "Contin#@#@#8#xit.
</question>
<resact-grp>
<result button="cont" comp="button" highlight="0"/>
<action j2008use="1" paperuse="1" screenuse="1">
<return value="DONE"/>
</action>
</resact-grp>
</node>
</testgrp>
</diagnostic>
</servinfosub>