<?xml version="1.0" encoding="UTF-8"?><servinfosub IE-ID="en-US0900c8af806a8103" docno="VCC-106327" id="KC02183332" servinfosubId="nev20687151n1-nev20687151n2" servinfosubRes="0900c8af862c2eed" servinfosubRes2="urn:x-nevis:fragment:0900c8af806a8103:0900c8af862c2eed#nev20687151n2" xml:lang="en-US">
<title>Viscous coupling</title>
<topic>
<title/>
<grate pgwide="1">
<graphic id="nev20687151n1-KC08666816" width="page">
<href>0900c8af806a810#@#@#9#.jpeg</href>
</graphic>
</grate>
</topic>
<topic>
<title/>
<para>
<ptxt>The viscous cou#@#@#70#tes. </ptxt>
<ptxt>Every other pla#@#@#118#els).</ptxt>
</para>
<para>
<ptxt>When there is a#@#@#88#curs:</ptxt>
</para>
<list1 enumtype="d" type="unordered">
<item>
<ptxt>The plates cut #@#@#19# oil.</ptxt>
</item>
<item>
<ptxt>The oil heats u#@#@#24#ases.</ptxt>
</item>
<item>
<ptxt>Power is transf#@#@#59#eels.</ptxt>
</item>
</list1>
<para>
<ptxt>Theoretically t#@#@#107#rear.</ptxt>
</para>
<para>
<ptxt>If the viscous #@#@#209#ting.</ptxt>
</para>
<para>
<ptxt>The viscous cou#@#@#153#mple.</ptxt>
</para>
</topic>
</servinfosub>