<?xml version="1.0" encoding="UTF-8"?><i2 IE-ID="en-US0900c8af86242103" docno="VCC-466430" id="nev19800677n1" original="sv-SE" xml:lang="en-US">
<frontm id="nev19800679n1-nev21371511n21">
<prolog>
<tpnbr>31414283</tpnbr>
</prolog>
<titlep id="nev19800679n1-nev21371511n20">
<title id="nev19800677n2">Multimedia syst#@#@#33#ayers</title>
</titlep>
<preface id="nev19800679n1-nev21371511n15">
<toolpics id="nev19800679n1-nev21371511n13">
<title id="nev19800679n1-0800c8af84f6831f">Equipment</title>
<i2graphic id="nev19800679n1-nev21144975n26">
<href>0900c8af84fe1a6#@#@#9#.jpeg</href>
</i2graphic>
<i2graphic id="nev19800679n1-nev21144975n25">
<href>0900c8af83557d9#@#@#9#.jpeg</href>
</i2graphic>
</toolpics>
<kitpics id="nev19800679n1-nev21371511n14">
<title id="nev19800679n1-0800c8af84f6835a">Component overview</title>
<i2graphic id="nev19800679n1-nev21144975n29">
<href>0900c8af862b2d1#@#@#11#.jpeg</href>
</i2graphic>
<i2graphic id="nev19800679n1-nev21144975n28">
<href>0900c8af8633d38#@#@#11#.jpeg</href>
</i2graphic>
</kitpics>
</preface>
</frontm>
<body id="nev19800679n1-nev21371511n22">
<servinfosub docno="VCC-466430" id="nev19800679n1-nev19800677n1" original="sv-SE" servinfosubId="nev19800679n1-nev20608794n1" servinfosubRes="0900c8af864e791f" servinfosubRes2="urn:x-nevis:fragment:0900c8af86242103:0900c8af864e791f#nev20608794n1">
<materialtable id="nev19800679n1-nev21371734n65">
<table id="nev19800679n1-nev21371734n64">
<tgroup cols="2" id="nev19800679n1-nev21371734n63">
<colspec colname="COLSPEC0" colwidth="1.00*" id="nev19800679n1-nev21371734n62"/>
<colspec colname="COLSPEC1" colwidth="1.00*" id="nev19800679n1-nev21371734n61"/>
<thead id="nev19800679n1-nev21371734n60">
<row id="nev19800679n1-nev21371734n59">
<entry id="nev19800679n1-nev21371734n58" nameend="COLSPEC1" namest="COLSPEC0" valign="top">
<ptxt id="nev19800679n1-nev21371734n57">
<emph id="nev19800679n1-nev21371734n56">Materials</emph>
</ptxt>
</entry>
</row>
</thead>
<tbody id="nev19800679n1-nev21371734n55">
<row id="nev19800679n1-nev21371734n54">
<entry id="nev19800679n1-nev21371734n53">
<ptxt id="nev19800679n1-nev21371734n52">
<emph id="nev19800679n1-nev21371734n51">Designation</emph>
</ptxt>
</entry>
<entry id="nev19800679n1-nev21371734n50">
<ptxt id="nev19800679n1-nev21371734n49">
<emph id="nev19800679n1-nev21371734n48">Part number</emph>
</ptxt>
</entry>
</row>
<row id="nev19800679n1-nev21371734n47">
<entry id="nev19800679n1-nev21371734n46">
<ptxt id="nev19800679n1-nev21371734n45">Cable tie, 750 mm</ptxt>
</entry>
<entry id="nev19800679n1-nev21371734n43">
<ptxt id="nev19800679n1-nev21371734n42">988734</ptxt>
</entry>
</row>
<row id="nev19800679n1-nev21371734n41">
<entry id="nev19800679n1-nev21371734n40">
<ptxt id="nev19800679n1-nev21371734n39">Electrical tape</ptxt>
</entry>
<entry id="nev19800679n1-nev21371734n37">
<ptxt id="nev19800679n1-nev21371734n36"/>
</entry>
</row>
</tbody>
</tgroup>
</table>
</materialtable>
<procedure id="nev19800679n1-nev20608814n4">
<stepgrp boilerplate="false" context="" id="nev19800679n1-nev21371511n12">
<title id="nev19800679n1-0800c8af84f682f9">Information</title>
<procstep id="nev19800679n1-nev20807734n14">
<list1 enumtype="b" id="nev13396149n248" type="unordered">
<item id="nev13396149n246">
<ptxt id="nev13396149n244">  Read through #@#@#48#tion.</ptxt>
</item>
<item id="nev13396149n240">
<ptxt id="nev13396149n238">Notifications a#@#@#99#tion.</ptxt>
</item>
<item id="nev13396149n236">
<ptxt id="nev13396149n234">Ensure that all#@#@#72#tion.</ptxt>
</item>
<item id="nev13396149n232">
<ptxt id="nev13396149n230">Certain steps i#@#@#114#teps.</ptxt>
</item>
<item id="nev13396149n228">
<ptxt id="nev13396149n226">In the event of#@#@#81#aler.</ptxt>
</item>
</list1>
</procstep>
</stepgrp>
<stepgrp boilerplate="false" context="" id="nev19800679n1-nev21371511n9">
<title id="nev19800679n1-0800c8af844a46ee">Color symbols</title>
<procstep id="nev19800679n1-nev20807734n9">
<grate id="nev19800679n1-nev21371511n7">
<graphic id="nev19800679n1-nev21371511n8">
<href>0900c8af8579af4#@#@#9#.jpeg</href>
</graphic>
<graphtext id="nev19800679n1-nev21371753n1">
<note id="nev19800679n1-0800c8af857d02fc">
<ptxt>This colour cha#@#@#127#teps.</ptxt>
</note>
<list1 enumtype="n" id="nev19800679n1-nev20816729n77" type="ordered">
<item id="nev19800679n1-nev21371511n6">
<ptxt id="nev19800679n1-nev21371511n5">Used for focuse#@#@#55#hing.</ptxt>
</item>
<item id="nev19800679n1-nev21371511n4">
<ptxt id="nev19800679n1-nev21371511n3">Used as extra c#@#@#57#arts.</ptxt>
</item>
<item id="nev19800679n1-nev21371511n2">
<ptxt id="nev19800679n1-nev21371511n1">Used for attach#@#@#73# etc.</ptxt>
</item>
<item id="nev19800679n1-nev21371731n100">
<ptxt id="nev19800679n1-nev21371731n99">Used when the c#@#@#68#side.</ptxt>
</item>
<item id="nev19800679n1-nev21371731n98">
<ptxt id="nev19800679n1-nev21371731n97">Used for standa#@#@#22#ools.</ptxt>
</item>
<item id="nev19800679n1-nev21371731n96">
<ptxt id="nev19800679n1-nev21371731n95">Used as backgro#@#@#28#ents.</ptxt>
</item>
</list1>
</graphtext>
</grate>
</procstep>
</stepgrp>
<stepgrp boilerplate="false" context="" id="nev19800679n1-nev21371731n94">
<title id="nev19800679n1-0800c8af844a46f6">Removal</title>
<procstep id="nev19800679n1-nev20809227n90">
<grate id="nev19800679n1-nev21371731n92">
<graphic id="nev19800679n1-nev21371731n93">
<href>0900c8af84aa37c#@#@#9#.jpeg</href>
</graphic>
<graphtext id="nev19800679n1-nev21371757n1">
<para id="nev19800679n1-nev21371731n90">
<ptxt id="nev19800679n1-nev21371731n91">Set the ignitio#@#@#15#on I.</ptxt>
</para>
</graphtext>
</grate>
</procstep>
<procstep id="nev19800679n1-nev20809227n85">
<grate id="nev19800679n1-nev21371731n88">
<graphic id="nev19800679n1-nev21371731n89">
<href>0900c8af85c6c0e#@#@#9#.jpeg</href>
</graphic>
<graphtext id="nev19800679n1-nev21371761n1">
<para id="nev19800679n1-nev21371731n86">
<ptxt id="nev19800679n1-nev21371731n87">Adjust to the l#@#@#13#tion.</ptxt>
</para>
<para id="nev19800679n1-nev21371731n84">
<ptxt id="nev19800679n1-nev21371731n85">Repeat on the o#@#@#5#side.</ptxt>
</para>
</graphtext>
</grate>
</procstep>
<procstep id="nev19800679n1-nev20809227n78">
<grate id="nev19800679n1-nev21371731n82">
<graphic id="nev19800679n1-nev21371731n83">
<href>0900c8af85c6c0f#@#@#9#.jpeg</href>
</graphic>
<graphtext id="nev19800679n1-nev21371765n1">
<para id="nev19800679n1-nev21371731n80">
<ptxt id="nev19800679n1-nev21371731n81">Adjust the seat#@#@#63#oved.</ptxt>
</para>
<para id="nev19800679n1-nev21371731n78">
<ptxt id="nev19800679n1-nev21371731n79">Repeat on the o#@#@#5#side.</ptxt>
</para>
</graphtext>
</grate>
</procstep>
<procstep id="nev19800679n1-nev20809227n71">
<grate id="nev19800679n1-nev21371731n76">
<graphic id="nev19800679n1-nev21371731n77">
<href>0900c8af84aa367#@#@#9#.jpeg</href>
</graphic>
<graphtext id="nev19800679n1-nev21371769n1">
<list1 enumtype="n" id="nev19800679n1-nev20816729n44" type="ordered">
<item id="nev19800679n1-nev21371731n75">
<ptxt id="nev19800679n1-nev21371731n74">Set the ignitio#@#@#15#on 0.</ptxt>
</item>
<item id="nev19800679n1-nev21371731n73">
<ptxt id="nev19800679n1-nev21371731n72">Remove the batt#@#@#16#able.</ptxt>
</item>
</list1>
</graphtext>
</grate>
</procstep>
<procstep id="nev19800679n1-nev20809227n63">
<grate id="nev19800679n1-nev21371731n70">
<graphic id="nev19800679n1-nev21371731n71">
<href>0900c8af8493034#@#@#9#.jpeg</href>
</graphic>
</grate>
</procstep>
<procstep id="nev19800679n1-nev20809227n60">
<grate id="nev19800679n1-nev21371731n68">
<graphic id="nev19800679n1-nev21371731n69">
<href>0900c8af84e9826#@#@#9#.jpeg</href>
</graphic>
</grate>
</procstep>
<procstep id="nev19800679n1-nev20809227n57">
<grate id="nev19800679n1-nev21371731n66">
<graphic id="nev19800679n1-nev21371731n67">
<href>0900c8af84e9826#@#@#9#.jpeg</href>
</graphic>
<graphtext id="nev19800679n1-nev21371779n1">
<para id="nev19800679n1-nev21371731n64">
<ptxt id="nev19800679n1-nev21371731n65">Remove the screws.</ptxt>
</para>
</graphtext>
</grate>
</procstep>
<procstep id="nev19800679n1-nev20809227n52">
<grate id="nev19800679n1-nev21371731n62">
<graphic id="nev19800679n1-nev21371731n63">
<href>0900c8af844a1c1#@#@#9#.jpeg</href>
</graphic>
</grate>
</procstep>
<procstep id="nev19800679n1-nev20809227n49">
<grate id="nev19800679n1-nev21371731n60">
<graphic id="nev19800679n1-nev21371731n61">
<href>0900c8af844a1c1#@#@#9#.jpeg</href>
</graphic>
<graphtext id="nev19800679n1-nev21371786n1">
<para id="nev19800679n1-nev21371731n58">
<ptxt id="nev19800679n1-nev21371731n59">Remove the screws.</ptxt>
</para>
</graphtext>
</grate>
</procstep>
<procstep id="nev19800679n1-nev20809227n44">
<title id="nev19800679n1-0800c8af8555f511">Alternative 1</title>
</procstep>
<procstep id="nev19800679n1-nev20809227n42">
<grate id="nev19800679n1-nev21371731n56">
<graphic id="nev19800679n1-nev21371731n57">
<href>0900c8af861d989#@#@#9#.jpeg</href>
</graphic>
</grate>
</procstep>
<procstep id="nev19800679n1-nev20809227n39">
<title id="nev19800679n1-0800c8af8555f514">Alternative 2</title>
</procstep>
<procstep id="nev19800679n1-nev20809227n37">
<grate id="nev19800679n1-nev21371731n54">
<graphic id="nev19800679n1-nev21371731n55">
<href>0900c8af861d988#@#@#9#.jpeg</href>
</graphic>
</grate>
</procstep>
<procstep id="nev19800679n1-nev20809227n34">
<grate id="nev19800679n1-nev21371731n52">
<graphic id="nev19800679n1-nev21371731n53">
<href>0900c8af861d989#@#@#9#.jpeg</href>
</graphic>
</grate>
</procstep>
<procstep id="nev19800679n1-nev20809227n31">
<title id="nev19800679n1-0800c8af844a41e8">All vehicles</title>
</procstep>
<procstep id="nev19800679n1-nev20809227n29">
<grate id="nev19800679n1-nev21371731n50">
<graphic id="nev19800679n1-nev21371731n51">
<href>0900c8af8493038#@#@#9#.jpeg</href>
</graphic>
</grate>
</procstep>
<procstep id="nev19800679n1-nev20809227n26">
<grate id="nev19800679n1-nev21371731n48">
<graphic id="nev19800679n1-nev21371731n49">
<href>0900c8af85cbf26#@#@#9#.jpeg</href>
</graphic>
<graphtext id="nev19800679n1-nev21371802n1">
<note id="nev19800679n1-0800c8af85b47f49">
<ptxt>Orientation view</ptxt>
</note>
</graphtext>
</grate>
</procstep>
<procstep id="nev19800679n1-nev20809227n22">
<grate id="nev19800679n1-nev21371731n46">
<graphic id="nev19800679n1-nev21371731n47">
<href>0900c8af8493576#@#@#9#.jpeg</href>
</graphic>
<graphtext id="nev19800679n1-nev21371806n1">
<para id="nev19800679n1-nev21371731n44">
<ptxt id="nev19800679n1-nev21371731n45">Loosen the screws.</ptxt>
</para>
<para id="nev19800679n1-nev21371731n42">
<ptxt id="nev19800679n1-nev21371731n43">Disconnect the #@#@#5#ctor.</ptxt>
</para>
</graphtext>
</grate>
</procstep>
<procstep id="nev19800679n1-nev20809227n15">
<grate id="nev19800679n1-nev21371731n40">
<graphic id="nev19800679n1-nev21371731n41">
<href>0900c8af849303d#@#@#9#.jpeg</href>
</graphic>
<graphtext id="nev19800679n1-nev21371810n1">
<caution id="nev19800679n1-0800c8af84ffc72e">
<ptxt>Be extra carefu#@#@#40#nent.</ptxt>
</caution>
</graphtext>
</grate>
</procstep>
<procstep id="nev19800679n1-nev20809227n11">
<grate id="nev19800679n1-nev21371731n38">
<graphic id="nev19800679n1-nev21371731n39">
<href>0900c8af8555326#@#@#9#.jpeg</href>
</graphic>
<graphtext id="nev19800679n1-nev21371814n1">
<para id="nev19800679n1-nev21371731n36">
<ptxt id="nev19800679n1-nev21371731n37">
<equipment equipmentid="" equipmentname="Electrician's screwdriver" id="nev19800679n1-nev20816730n100"/>
</ptxt>
</para>
</graphtext>
</grate>
</procstep>
<procstep id="nev19800679n1-nev20809227n5">
<grate id="nev19800679n1-nev21371731n34">
<graphic id="nev19800679n1-nev21371731n35">
<href>0900c8af8555327#@#@#9#.jpeg</href>
</graphic>
</grate>
</procstep>
<procstep id="nev19800679n1-nev20809227n2">
<grate id="nev19800679n1-nev21371731n32">
<graphic id="nev19800679n1-nev21371731n33">
<href>0900c8af85f8885#@#@#9#.jpeg</href>
</graphic>
<graphtext id="nev19800679n1-nev21371824n1">
<para id="nev19800679n1-nev21371731n30">
<ptxt id="nev19800679n1-nev21371731n31">Repeat the step#@#@#28#side.</ptxt>
</para>
</graphtext>
</grate>
</procstep>
</stepgrp>
<stepgrp boilerplate="false" context="" id="nev19800679n1-nev21371731n29">
<title id="nev19800679n1-0800c8af84fbdb3d">Accessory insta#@#@#2#ation</title>
<procstep id="nev19800679n1-nev20809228n95">
<grate id="nev19800679n1-nev21371731n27">
<graphic id="nev19800679n1-nev21371731n28">
<href>0900c8af8633dc6#@#@#9#.jpeg</href>
</graphic>
<graphtext id="nev19800679n1-nev21371828n1">
<para id="nev19800679n1-nev21371731n25">
<ptxt id="nev19800679n1-nev21371731n26">Thread the cabl#@#@#42#ting.</ptxt>
</para>
<para id="nev19800679n1-nev21371731n23">
<ptxt id="nev19800679n1-nev21371731n24">Route the cable#@#@#81#tion.</ptxt>
</para>
<para id="nev19800679n1-nev21371731n21">
<ptxt id="nev19800679n1-nev21371731n22">
<material id="nev19800679n1-nev20816730n79" materialid="988734" materialname="Cable tie, 750 mm" quantity="0.0" showInProcStep="true"/>
</ptxt>
</para>
</graphtext>
</grate>
</procstep>
<procstep id="nev19800679n1-nev20809228n83">
<grate id="nev19800679n1-nev21371731n19">
<graphic id="nev19800679n1-nev21371731n20">
<href>0900c8af861e150#@#@#9#.jpeg</href>
</graphic>
<graphtext id="nev19800679n1-nev21371835n1">
<para id="nev19800679n1-nev21371731n17">
<ptxt id="nev19800679n1-nev21371731n18">Place the compo#@#@#31#phic.</ptxt>
</para>
</graphtext>
</grate>
</procstep>
<procstep id="nev19800679n1-nev20809228n78">
<grate id="nev19800679n1-nev21371731n15">
<graphic id="nev19800679n1-nev21371731n16">
<href>0900c8af8611092#@#@#9#.jpeg</href>
</graphic>
</grate>
</procstep>
<procstep id="nev19800679n1-nev20809228n75">
<grate id="nev19800679n1-nev21371731n13">
<graphic id="nev19800679n1-nev21371731n14">
<href>0900c8af8611096#@#@#9#.jpeg</href>
</graphic>
<graphtext id="nev19800679n1-nev21371842n1">
<para id="nev19800679n1-nev21371731n11">
<ptxt id="nev19800679n1-nev21371731n12">
<material id="nev19800679n1-nev20816730n68" materialid="" materialname="Electrical tape" quantity="0.0" showInProcStep="true"/>
</ptxt>
</para>
</graphtext>
</grate>
</procstep>
<procstep id="nev19800679n1-nev20809228n69">
<grate id="nev19800679n1-nev21371731n9">
<graphic id="nev19800679n1-nev21371731n10">
<href>0900c8af863451c#@#@#9#.jpeg</href>
</graphic>
<graphtext id="nev19800679n1-nev21371849n1">
<para id="nev19800679n1-nev21371731n7">
<ptxt id="nev19800679n1-nev21371731n8">Pull the wiring#@#@#4#ough.</ptxt>
</para>
</graphtext>
</grate>
</procstep>
<procstep id="nev19800679n1-nev20809228n64">
<grate id="nev19800679n1-nev21371731n5">
<graphic id="nev19800679n1-nev21371731n6">
<href>0900c8af862a715#@#@#9#.jpeg</href>
</graphic>
<graphtext id="nev19800679n1-nev21371853n1">
<para id="nev19800679n1-nev21371731n3">
<ptxt id="nev19800679n1-nev21371731n4">Pull the wiring#@#@#4#ough.</ptxt>
</para>
</graphtext>
</grate>
</procstep>
<procstep id="nev19800679n1-nev20809228n59">
<grate id="nev19800679n1-nev21371731n1">
<graphic id="nev19800679n1-nev21371731n2">
<href>0900c8af861e150#@#@#9#.jpeg</href>
</graphic>
<graphtext id="nev19800679n1-nev21371857n1">
<para id="nev19800679n1-nev21371732n99">
<ptxt id="nev19800679n1-nev21371732n100">The cables must#@#@#48#tube.</ptxt>
</para>
</graphtext>
</grate>
</procstep>
<procstep id="nev19800679n1-nev20809228n54">
<grate id="nev19800679n1-nev21371732n97">
<graphic id="nev19800679n1-nev21371732n98">
<href>0900c8af861e150#@#@#9#.jpeg</href>
</graphic>
<graphtext id="nev19800679n1-nev21371861n1">
<para id="nev19800679n1-nev21371732n95">
<ptxt id="nev19800679n1-nev21371732n96">Pull the wiring#@#@#4#ough.</ptxt>
</para>
<para id="nev19800679n1-nev21371732n93">
<ptxt id="nev19800679n1-nev21371732n94">Remove the tape.</ptxt>
</para>
</graphtext>
</grate>
</procstep>
<procstep id="nev19800679n1-nev20809228n47">
<grate id="nev19800679n1-nev21371732n91">
<graphic id="nev19800679n1-nev21371732n92">
<href>0900c8af861e150#@#@#9#.jpeg</href>
</graphic>
<graphtext id="nev19800679n1-nev21371865n1">
<caution id="nev19800679n1-0800c8af862f9a93">
<ptxt>Check that the #@#@#39#tion.</ptxt>
</caution>
</graphtext>
</grate>
</procstep>
<procstep id="nev19800679n1-nev20809228n43">
<grate id="nev19800679n1-nev21371732n89">
<graphic id="nev19800679n1-nev21371732n90">
<href>0900c8af83ca595#@#@#9#.jpeg</href>
</graphic>
<graphtext id="nev19800679n1-nev21371869n1">
<para id="nev19800679n1-nev21371732n87">
<ptxt id="nev19800679n1-nev21371732n88">The image shows#@#@#20#tery.</ptxt>
</para>
<para id="nev19800679n1-nev21371732n85">
<ptxt id="nev19800679n1-nev21371732n86">Using your fing#@#@#124#tery.</ptxt>
</para>
<list1 enumtype="n" id="nev19800679n1-nev20816730n40" type="ordered">
<item id="nev19800679n1-nev21371732n84">
<ptxt id="nev19800679n1-nev21371732n83">padding</ptxt>
</item>
<item id="nev19800679n1-nev21371732n82">
<ptxt id="nev19800679n1-nev21371732n81">Protective pad</ptxt>
</item>
</list1>
</graphtext>
</grate>
</procstep>
<procstep id="nev19800679n1-nev20809228n31">
<grate id="nev19800679n1-nev21371732n79">
<graphic id="nev19800679n1-nev21371732n80">
<href>0900c8af85cd7ed#@#@#9#.jpeg</href>
</graphic>
<graphtext id="nev19800679n1-nev21371873n1">
<caution id="nev19800679n1-0800c8af844a4131">
<ptxt>Make sure that #@#@#36#pped.</ptxt>
</caution>
<para id="nev19800679n1-nev21371732n77">
<ptxt id="nev19800679n1-nev21371732n78">Route the cable#@#@#34#ness.</ptxt>
</para>
<para id="nev19800679n1-nev21371732n75">
<ptxt id="nev19800679n1-nev21371732n76">Install the cable.</ptxt>
</para>
</graphtext>
</grate>
</procstep>
<procstep id="nev19800679n1-nev20809228n23">
<grate id="nev19800679n1-nev21371732n73">
<graphic id="nev19800679n1-nev21371732n74">
<href>0900c8af85cbf33#@#@#9#.jpeg</href>
</graphic>
<graphtext id="nev19800679n1-nev21371877n1">
<note id="nev19800679n1-0800c8af85b47f49">
<ptxt>Orientation view</ptxt>
</note>
</graphtext>
</grate>
</procstep>
<procstep id="nev19800679n1-nev20809228n19">
<grate id="nev19800679n1-nev21371732n71">
<graphic id="nev19800679n1-nev21371732n72">
<href>0900c8af85cbf32#@#@#9#.jpeg</href>
</graphic>
<graphtext id="nev19800679n1-nev21371881n1">
<note id="nev19800679n1-0800c8af85df4c6e">
<ptxt>The graphic sho#@#@#39#oval.</ptxt>
</note>
</graphtext>
</grate>
</procstep>
<procstep id="nev19800679n1-nev20809228n15">
<grate id="nev19800679n1-nev21371732n69">
<graphic id="nev19800679n1-nev21371732n70">
<href>0900c8af85cbf35#@#@#9#.jpeg</href>
</graphic>
<graphtext id="nev19800679n1-nev21371885n1">
<para id="nev19800679n1-nev21371732n67">
<ptxt id="nev19800679n1-nev21371732n68">Remove the screw.</ptxt>
</para>
</graphtext>
</grate>
</procstep>
<procstep id="nev19800679n1-nev20809228n10">
<grate id="nev19800679n1-nev21371732n65">
<graphic id="nev19800679n1-nev21371732n66">
<href>0900c8af85cbf3d#@#@#9#.jpeg</href>
</graphic>
</grate>
</procstep>
<procstep id="nev19800679n1-nev20809228n7">
<grate id="nev19800679n1-nev21371732n63">
<graphic id="nev19800679n1-nev21371732n64">
<href>0900c8af861da4b#@#@#9#.jpeg</href>
</graphic>
<graphtext id="nev19800679n1-nev21371892n1">
<note id="nev19800679n1-0800c8af84fbda98">
<ptxt>Extra cable len#@#@#32#ties.</ptxt>
</note>
<para id="nev19800679n1-nev21371732n61">
<ptxt id="nev19800679n1-nev21371732n62">Install the cable.</ptxt>
</para>
</graphtext>
</grate>
</procstep>
<procstep id="nev19800679n1-nev20809228n1">
<grate id="nev19800679n1-nev21371732n59">
<graphic id="nev19800679n1-nev21371732n60">
<href>0900c8af85f8885#@#@#9#.jpeg</href>
</graphic>
<graphtext id="nev19800679n1-nev21371896n1">
<para id="nev19800679n1-nev21371732n57">
<ptxt id="nev19800679n1-nev21371732n58">Repeat the step#@#@#42#side.</ptxt>
</para>
</graphtext>
</grate>
</procstep>
</stepgrp>
<stepgrp boilerplate="false" context="" id="nev19800679n1-nev21371732n56">
<title id="nev19800679n1-0800c8af844a46f6">Removal</title>
<procstep id="nev19800679n1-nev20809229n94">
<grate id="nev19800679n1-nev21371732n54">
<graphic id="nev19800679n1-nev21371732n55">
<href>0900c8af84eca67#@#@#9#.jpeg</href>
</graphic>
<graphtext id="nev19800679n1-nev21371900n1">
<para id="nev19800679n1-nev21371732n52">
<ptxt id="nev19800679n1-nev21371732n53">Remove the panel.</ptxt>
</para>
</graphtext>
</grate>
</procstep>
<procstep id="nev19800679n1-nev20809229n89">
<grate id="nev19800679n1-nev21371732n50">
<graphic id="nev19800679n1-nev21371732n51">
<href>0900c8af86467b3#@#@#9#.jpeg</href>
</graphic>
<graphtext id="nev19800679n1-nev21371904n1">
<para id="nev19800679n1-nev21371732n48">
<ptxt id="nev19800679n1-nev21371732n49">Remove the panel.</ptxt>
</para>
</graphtext>
</grate>
</procstep>
<procstep id="nev19800679n1-nev20809229n84">
<grate id="nev19800679n1-nev21371732n46">
<graphic id="nev19800679n1-nev21371732n47">
<href>0900c8af85038da#@#@#9#.jpeg</href>
</graphic>
<graphtext id="nev19800679n1-nev21371908n1">
<para id="nev19800679n1-nev21371732n44">
<ptxt id="nev19800679n1-nev21371732n45">Remove the panel.</ptxt>
</para>
</graphtext>
</grate>
</procstep>
<procstep id="nev19800679n1-nev20809229n79">
<title id="nev19800679n1-0800c8af844a41e8">All vehicles</title>
</procstep>
<procstep id="nev19800679n1-nev20809229n77">
<grate id="nev19800679n1-nev21371732n42">
<graphic id="nev19800679n1-nev21371732n43">
<href>0900c8af85379e4#@#@#9#.jpeg</href>
</graphic>
</grate>
</procstep>
<procstep id="nev19800679n1-nev20809229n74">
<grate id="nev19800679n1-nev21371732n40">
<graphic id="nev19800679n1-nev21371732n41">
<href>0900c8af85379eb#@#@#9#.jpeg</href>
</graphic>
</grate>
</procstep>
<procstep id="nev19800679n1-nev20809229n71">
<grate id="nev19800679n1-nev21371732n38">
<graphic id="nev19800679n1-nev21371732n39">
<href>0900c8af8541d56#@#@#9#.jpeg</href>
</graphic>
</grate>
</procstep>
<procstep id="nev19800679n1-nev20809229n68">
<grate id="nev19800679n1-nev21371732n36">
<graphic id="nev19800679n1-nev21371732n37">
<href>0900c8af8541d06#@#@#9#.jpeg</href>
</graphic>
<graphtext id="nev19800679n1-nev21371921n1">
<para id="nev19800679n1-nev21371732n34">
<ptxt id="nev19800679n1-nev21371732n35">Remove the screws.</ptxt>
</para>
</graphtext>
</grate>
</procstep>
<procstep id="nev19800679n1-nev20809229n63">
<grate id="nev19800679n1-nev21371732n32">
<graphic id="nev19800679n1-nev21371732n33">
<href>0900c8af862da5e#@#@#9#.jpeg</href>
</graphic>
</grate>
</procstep>
<procstep id="nev19800679n1-nev20809229n60">
<grate id="nev19800679n1-nev21371732n30">
<graphic id="nev19800679n1-nev21371732n31">
<href>0900c8af862da66#@#@#9#.jpeg</href>
</graphic>
</grate>
</procstep>
<procstep id="nev19800679n1-nev20809229n57">
<grate id="nev19800679n1-nev21371732n28">
<graphic id="nev19800679n1-nev21371732n29">
<href>0900c8af852d9ac#@#@#9#.jpeg</href>
</graphic>
<graphtext id="nev19800679n1-nev21371931n1">
<para id="nev19800679n1-nev21371732n26">
<ptxt id="nev19800679n1-nev21371732n27">Remove the screw.</ptxt>
</para>
<para id="nev19800679n1-nev21371732n24">
<ptxt id="nev19800679n1-nev21371732n25">Repeat on the o#@#@#5#side.</ptxt>
</para>
</graphtext>
</grate>
</procstep>
<procstep id="nev19800679n1-nev20809229n50">
<grate id="nev19800679n1-nev21371732n22">
<graphic id="nev19800679n1-nev21371732n23">
<href>0900c8af862fa5a#@#@#9#.jpeg</href>
</graphic>
<graphtext id="nev19800679n1-nev21371935n1">
<para id="nev19800679n1-nev21371732n20">
<ptxt id="nev19800679n1-nev21371732n21">Remove the panel.</ptxt>
</para>
</graphtext>
</grate>
</procstep>
<procstep id="nev19800679n1-nev20809229n45">
<grate id="nev19800679n1-nev21371732n18">
<graphic id="nev19800679n1-nev21371732n19">
<href>0900c8af862fa7f#@#@#9#.jpeg</href>
</graphic>
</grate>
</procstep>
<procstep id="nev19800679n1-nev20809229n42">
<grate id="nev19800679n1-nev21371732n16">
<graphic id="nev19800679n1-nev21371732n17">
<href>0900c8af862fa7f#@#@#9#.jpeg</href>
</graphic>
</grate>
</procstep>
<procstep id="nev19800679n1-nev20809229n39">
<grate id="nev19800679n1-nev21371732n14">
<graphic id="nev19800679n1-nev21371732n15">
<href>0900c8af862fa80#@#@#9#.jpeg</href>
</graphic>
</grate>
</procstep>
<procstep id="nev19800679n1-nev20809229n36">
<grate id="nev19800679n1-nev21371732n12">
<graphic id="nev19800679n1-nev21371732n13">
<href>0900c8af862fa88#@#@#9#.jpeg</href>
</graphic>
<graphtext id="nev19800679n1-nev21371948n1">
<para id="nev19800679n1-nev21371732n10">
<ptxt id="nev19800679n1-nev21371732n11">Remove the screws.</ptxt>
</para>
</graphtext>
</grate>
</procstep>
<procstep id="nev19800679n1-nev20809229n31">
<grate id="nev19800679n1-nev21371732n8">
<graphic id="nev19800679n1-nev21371732n9">
<href>0900c8af862fe79#@#@#9#.jpeg</href>
</graphic>
</grate>
</procstep>
<procstep id="nev19800679n1-nev20809229n28">
<grate id="nev19800679n1-nev21371732n6">
<graphic id="nev19800679n1-nev21371732n7">
<href>0900c8af862fe80#@#@#9#.jpeg</href>
</graphic>
<graphtext id="nev19800679n1-nev21371955n1">
<para id="nev19800679n1-nev21371732n4">
<ptxt id="nev19800679n1-nev21371732n5">Disconnect the #@#@#5#ctor.</ptxt>
</para>
</graphtext>
</grate>
</procstep>
<procstep id="nev19800679n1-nev20809229n23">
<grate id="nev19800679n1-nev21371732n2">
<graphic id="nev19800679n1-nev21371732n3">
<href>0900c8af862fea7#@#@#9#.jpeg</href>
</graphic>
<graphtext id="nev19800679n1-nev21371959n1">
<para id="nev19800679n1-nev21371733n100">
<ptxt id="nev19800679n1-nev21371732n1">Disconnect the #@#@#5#ctor.</ptxt>
</para>
</graphtext>
</grate>
</procstep>
</stepgrp>
<stepgrp boilerplate="false" context="" id="nev19800679n1-nev21371733n99">
<title id="nev19800679n1-0800c8af84fbdb3d">Accessory insta#@#@#2#ation</title>
<procstep id="nev19800679n1-nev20809229n16">
<grate id="nev19800679n1-nev21371733n97">
<graphic id="nev19800679n1-nev21371733n98">
<href>0900c8af862feba#@#@#9#.jpeg</href>
</graphic>
<graphtext id="nev19800679n1-nev21371963n1">
<para id="nev19800679n1-nev21371733n95">
<ptxt id="nev19800679n1-nev21371733n96">Install compone#@#@#32# kit.</ptxt>
</para>
</graphtext>
</grate>
</procstep>
<procstep id="nev19800679n1-nev20809229n11">
<grate id="nev19800679n1-nev21371733n93">
<graphic id="nev19800679n1-nev21371733n94">
<href>0900c8af862ff15#@#@#9#.jpeg</href>
</graphic>
<graphtext id="nev19800679n1-nev21371967n1">
<para id="nev19800679n1-nev21371733n91">
<ptxt id="nev19800679n1-nev21371733n92">Position/route #@#@#28#ated.</ptxt>
</para>
</graphtext>
</grate>
</procstep>
<procstep id="nev19800679n1-nev20809229n6">
<grate id="nev19800679n1-nev21371733n89">
<graphic id="nev19800679n1-nev21371733n90">
<href>0900c8af862ff1f#@#@#9#.jpeg</href>
</graphic>
<graphtext id="nev19800679n1-nev21371971n1">
<para id="nev19800679n1-nev21371733n87">
<ptxt id="nev19800679n1-nev21371733n88">Install the par#@#@#13#tape.</ptxt>
</para>
</graphtext>
</grate>
</procstep>
<procstep id="nev19800679n1-nev20809229n1">
<grate id="nev19800679n1-nev21371733n85">
<graphic id="nev19800679n1-nev21371733n86">
<href>0900c8af8632e6c#@#@#9#.jpeg</href>
</graphic>
<graphtext id="nev19800679n1-nev21371975n1">
<para id="nev19800679n1-nev21371733n83">
<ptxt id="nev19800679n1-nev21371733n84">Install compone#@#@#32# kit.</ptxt>
</para>
</graphtext>
</grate>
</procstep>
<procstep id="nev19800679n1-nev20809230n96">
<grate id="nev19800679n1-nev21371733n81">
<graphic id="nev19800679n1-nev21371733n82">
<href>0900c8af860cec9#@#@#9#.jpeg</href>
</graphic>
<graphtext id="nev19800679n1-nev21371979n1">
<para id="nev19800679n1-nev21371733n79">
<ptxt id="nev19800679n1-nev21371733n80">Install compone#@#@#32# kit.</ptxt>
</para>
</graphtext>
</grate>
</procstep>
<procstep id="nev19800679n1-nev20809230n91">
<grate id="nev19800679n1-nev21371733n77">
<graphic id="nev19800679n1-nev21371733n78">
<href>0900c8af8632e85#@#@#9#.jpeg</href>
</graphic>
</grate>
</procstep>
<procstep id="nev19800679n1-nev20809230n88">
<grate id="nev19800679n1-nev21371733n75">
<graphic id="nev19800679n1-nev21371733n76">
<href>0900c8af8632ea3#@#@#9#.jpeg</href>
</graphic>
<graphtext id="nev19800679n1-nev21371986n1">
<para id="nev19800679n1-nev21371733n73">
<ptxt id="nev19800679n1-nev21371733n74">Position/route #@#@#28#ated.</ptxt>
</para>
</graphtext>
</grate>
</procstep>
<procstep id="nev19800679n1-nev20809230n83">
<grate id="nev19800679n1-nev21371733n71">
<graphic id="nev19800679n1-nev21371733n72">
<href>0900c8af8632ea7#@#@#9#.jpeg</href>
</graphic>
<graphtext id="nev19800679n1-nev21371990n1">
<para id="nev19800679n1-nev21371733n69">
<ptxt id="nev19800679n1-nev21371733n70">Position/route #@#@#28#ated.</ptxt>
</para>
</graphtext>
</grate>
</procstep>
<procstep id="nev19800679n1-nev20809230n78">
<grate id="nev19800679n1-nev21371733n67">
<graphic id="nev19800679n1-nev21371733n68">
<href>0900c8af8630d7d#@#@#9#.jpeg</href>
</graphic>
</grate>
</procstep>
<procstep id="nev19800679n1-nev20816731n22">
<grate id="nev19800679n1-nev21371733n65">
<graphic id="nev19800679n1-nev21371733n66">
<href>0900c8af863356f#@#@#9#.jpeg</href>
</graphic>
</grate>
</procstep>
<procstep id="nev19800679n1-nev20816731n19">
<grate id="nev19800679n1-nev21371733n63">
<graphic id="nev19800679n1-nev21371733n64">
<href>0900c8af863357e#@#@#9#.jpeg</href>
</graphic>
<graphtext id="nev19800679n1-nev21372000n1">
<caution id="nev19800679n1-0800c8af844a4131">
<ptxt>Make sure that #@#@#36#pped.</ptxt>
</caution>
<para id="nev19800679n1-nev21371733n61">
<ptxt id="nev19800679n1-nev21371733n62">Reinstall the r#@#@#7#part.</ptxt>
</para>
</graphtext>
</grate>
</procstep>
<procstep id="nev19800679n1-nev20816731n5">
<grate id="nev19800679n1-nev21371733n59">
<graphic id="nev19800679n1-nev21371733n60">
<href>0900c8af8633583#@#@#9#.jpeg</href>
</graphic>
<graphtext id="nev19800679n1-nev21372004n1">
<para id="nev19800679n1-nev21371733n57">
<ptxt id="nev19800679n1-nev21371733n58">Connect the con#@#@#2#ctor.</ptxt>
</para>
</graphtext>
</grate>
</procstep>
<procstep id="nev19800679n1-nev20816732n100">
<grate id="nev19800679n1-nev21371733n55">
<graphic id="nev19800679n1-nev21371733n56">
<href>0900c8af8633584#@#@#9#.jpeg</href>
</graphic>
<graphtext id="nev19800679n1-nev21372008n1">
<caution id="nev19800679n1-0800c8af844a4131">
<ptxt>Make sure that #@#@#36#pped.</ptxt>
</caution>
<para id="nev19800679n1-nev21371733n53">
<ptxt id="nev19800679n1-nev21371733n54">Reinstall the r#@#@#7#part.</ptxt>
</para>
<para id="nev19800679n1-nev21371733n51">
<ptxt id="nev19800679n1-nev21371733n52">Reinstall the s#@#@#1#rews.</ptxt>
</para>
</graphtext>
</grate>
</procstep>
<procstep id="nev19800679n1-nev20816732n92">
<grate id="nev19800679n1-nev21371733n49">
<graphic id="nev19800679n1-nev21371733n50">
<href>0900c8af863358f#@#@#9#.jpeg</href>
</graphic>
<graphtext id="nev19800679n1-nev21372012n1">
<para id="nev19800679n1-nev21371733n47">
<ptxt id="nev19800679n1-nev21371733n48">Route the cable#@#@#42#side.</ptxt>
</para>
</graphtext>
</grate>
</procstep>
<procstep id="nev19800679n1-nev20816732n87">
<grate id="nev19800679n1-nev21371733n45">
<graphic id="nev19800679n1-nev21371733n46">
<href>0900c8af863359a#@#@#9#.jpeg</href>
</graphic>
<graphtext id="nev19800679n1-nev21372016n1">
<para id="nev19800679n1-nev21371733n43">
<ptxt id="nev19800679n1-nev21371733n44">Pull the wiring#@#@#4#ough.</ptxt>
</para>
</graphtext>
</grate>
</procstep>
<procstep id="nev19800679n1-nev20816732n82">
<grate id="nev19800679n1-nev21371733n41">
<graphic id="nev19800679n1-nev21371733n42">
<href>0900c8af863359f#@#@#9#.jpeg</href>
</graphic>
<graphtext id="nev19800679n1-nev21372020n1">
<para id="nev19800679n1-nev21371733n39">
<ptxt id="nev19800679n1-nev21371733n40">Route the cable#@#@#34#ness.</ptxt>
</para>
</graphtext>
</grate>
</procstep>
<procstep id="nev19800679n1-nev20816732n77">
<grate id="nev19800679n1-nev21371733n37">
<graphic id="nev19800679n1-nev21371733n38">
<href>0900c8af86335a2#@#@#9#.jpeg</href>
</graphic>
<graphtext id="nev19800679n1-nev21372024n1">
<para id="nev19800679n1-nev21371733n35">
<ptxt id="nev19800679n1-nev21371733n36">Fold the carpet#@#@#2#side.</ptxt>
</para>
</graphtext>
</grate>
</procstep>
<procstep id="nev19800679n1-nev20816732n72">
<grate id="nev19800679n1-nev21371733n33">
<graphic id="nev19800679n1-nev21371733n34">
<href>0900c8af86335c7#@#@#9#.jpeg</href>
</graphic>
</grate>
</procstep>
<procstep id="nev19800679n1-nev20809230n45">
<grate id="nev19800679n1-nev21371733n31">
<graphic id="nev19800679n1-nev21371733n32">
<href>0900c8af862da55#@#@#9#.jpeg</href>
</graphic>
</grate>
</procstep>
<procstep id="nev19800679n1-nev20816732n67">
<grate id="nev19800679n1-nev21371733n29">
<graphic id="nev19800679n1-nev21371733n30">
<href>0900c8af8633601#@#@#9#.jpeg</href>
</graphic>
</grate>
</procstep>
<procstep id="nev19800679n1-nev20809230n42">
<grate id="nev19800679n1-nev21371733n27">
<graphic id="nev19800679n1-nev21371733n28">
<href>0900c8af8633601#@#@#9#.jpeg</href>
</graphic>
</grate>
</procstep>
<procstep id="nev19800679n1-nev20816732n62">
<grate id="nev19800679n1-nev21371733n25">
<graphic id="nev19800679n1-nev21371733n26">
<href>0900c8af86335f0#@#@#9#.jpeg</href>
</graphic>
<graphtext id="nev19800679n1-nev21372040n1">
<para id="nev19800679n1-nev21371733n23">
<ptxt id="nev19800679n1-nev21371733n24">Connect the con#@#@#3#tors.</ptxt>
</para>
</graphtext>
</grate>
</procstep>
<procstep id="nev19800679n1-nev20823990n15">
<grate id="nev19800679n1-nev21371733n21">
<graphic id="nev19800679n1-nev21371733n22">
<href>0900c8af8633cd5#@#@#9#.jpeg</href>
</graphic>
</grate>
</procstep>
<procstep id="nev19800679n1-nev20816732n57">
<grate id="nev19800679n1-nev21371733n19">
<graphic id="nev19800679n1-nev21371733n20">
<href>0900c8af8633654#@#@#9#.jpeg</href>
</graphic>
</grate>
</procstep>
<procstep id="nev19800679n1-nev20823990n10">
<grate id="nev19800679n1-nev21371733n17">
<graphic id="nev19800679n1-nev21371733n18">
<href>0900c8af8633cf5#@#@#9#.jpeg</href>
</graphic>
<graphtext id="nev19800679n1-nev21372050n1">
<para id="nev19800679n1-nev21371733n15">
<ptxt id="nev19800679n1-nev21371733n16">Position the ca#@#@#29#ated.</ptxt>
</para>
</graphtext>
</grate>
</procstep>
<procstep id="nev19800679n1-nev20823990n5">
<grate id="nev19800679n1-nev21371733n13">
<graphic id="nev19800679n1-nev21371733n14">
<href>0900c8af8633cfb#@#@#9#.jpeg</href>
</graphic>
<graphtext id="nev19800679n1-nev21372054n1">
<para id="nev19800679n1-nev21371733n11">
<ptxt id="nev19800679n1-nev21371733n12">Route the cable#@#@#34#ness.</ptxt>
</para>
</graphtext>
</grate>
</procstep>
</stepgrp>
<stepgrp boilerplate="false" context="" id="nev19800679n1-nev21371733n10">
<title id="nev19800679n1-0800c8af844a46f9">Installation</title>
<procstep id="nev19800679n1-nev20809230n10">
<grate id="nev19800679n1-nev21371733n8">
<graphic id="nev19800679n1-nev21371733n9">
<href>0900c8af8495461#@#@#9#.jpeg</href>
</graphic>
<graphtext id="nev19800679n1-nev21372058n1">
<caution id="nev19800679n1-0800c8af84ffc72e">
<ptxt>Be extra carefu#@#@#40#nent.</ptxt>
</caution>
</graphtext>
</grate>
</procstep>
<procstep id="nev19800679n1-nev20809230n6">
<grate id="nev19800679n1-nev21371733n6">
<graphic id="nev19800679n1-nev21371733n7">
<href>0900c8af8493038#@#@#9#.jpeg</href>
</graphic>
</grate>
</procstep>
<procstep id="nev19800679n1-nev20809230n3">
<grate id="nev19800679n1-nev21371733n4">
<graphic id="nev19800679n1-nev21371733n5">
<href>0900c8af861dd6b#@#@#9#.jpeg</href>
</graphic>
<graphtext id="nev19800679n1-nev21372065n1">
<para id="nev19800679n1-nev21371733n2">
<ptxt id="nev19800679n1-nev21371733n3">Connect the cab#@#@#6#ness.</ptxt>
</para>
</graphtext>
</grate>
</procstep>
<procstep id="nev19800679n1-nev20809231n98">
<grate id="nev19800679n1-nev21371734n100">
<graphic id="nev19800679n1-nev21371733n1">
<href>0900c8af85c956b#@#@#9#.jpeg</href>
</graphic>
<graphtext id="nev19800679n1-nev21372069n1">
<note id="nev19800679n1-0800c8af85b47f49">
<ptxt>Orientation view</ptxt>
</note>
</graphtext>
</grate>
</procstep>
<procstep id="nev19800679n1-nev20809231n94">
<grate id="nev19800679n1-nev21371734n98">
<graphic id="nev19800679n1-nev21371734n99">
<href>0900c8af861dd6d#@#@#9#.jpeg</href>
</graphic>
</grate>
</procstep>
<procstep id="nev19800679n1-nev20809231n91">
<grate id="nev19800679n1-nev21371734n96">
<graphic id="nev19800679n1-nev21371734n97">
<href>0900c8af84937ec#@#@#9#.jpeg</href>
</graphic>
<graphtext id="nev19800679n1-nev21372076n1">
<para id="nev19800679n1-nev21371734n94">
<ptxt id="nev19800679n1-nev21371734n95">Connect the con#@#@#2#ctor.</ptxt>
</para>
<para id="nev19800679n1-nev21371734n92">
<ptxt id="nev19800679n1-nev21371734n93">Tighten the screw.</ptxt>
</para>
</graphtext>
</grate>
</procstep>
<procstep id="nev19800679n1-nev20809231n84">
<para id="nev19800679n1-nev21371734n90">
<ptxt id="nev19800679n1-nev21371734n91">Repeat the step#@#@#30#side.</ptxt>
</para>
</procstep>
<procstep id="nev19800679n1-nev20809231n81">
<para id="nev19800679n1-nev21371734n88">
<ptxt id="nev19800679n1-nev21371734n89">Reinstall the r#@#@#25#rder.</ptxt>
</para>
</procstep>
<procstep id="nev19800679n1-nev20809231n78">
<grate id="nev19800679n1-nev21371734n86">
<graphic id="nev19800679n1-nev21371734n87">
<href>0900c8af862d722#@#@#9#.jpeg</href>
</graphic>
</grate>
</procstep>
<procstep id="nev19800679n1-nev20809231n75">
<grate id="nev19800679n1-nev21371734n84">
<graphic id="nev19800679n1-nev21371734n85">
<href>0900c8af862d720#@#@#9#.jpeg</href>
</graphic>
</grate>
</procstep>
<procstep id="nev19800679n1-nev20809231n72">
<para id="nev19800679n1-nev21371734n82">
<ptxt id="nev19800679n1-nev21371734n83">Place the manua#@#@#50# car.</ptxt>
</para>
</procstep>
<procstep id="nev19800679n1-nev20809231n69">
<grate id="nev19800679n1-nev21371734n80">
<graphic id="nev19800679n1-nev21371734n81">
<href>0900c8af84c92ba#@#@#9#.jpeg</href>
</graphic>
<graphtext id="nev19800679n1-nev21372086n1">
<para id="nev19800679n1-nev21371734n78">
<ptxt id="nev19800679n1-nev21371734n79">Reinstall the b#@#@#19#able.</ptxt>
</para>
</graphtext>
</grate>
</procstep>
<procstep id="nev19800679n1-nev20809231n64">
<grate id="nev19800679n1-nev21371734n76">
<graphic id="nev19800679n1-nev21371734n77">
<href>0900c8af84c92bb#@#@#9#.jpeg</href>
</graphic>
<graphtext id="nev19800679n1-nev21372090n1">
<warning id="nev19800679n1-0800c8af84959a8c">
<ptxt>When switching #@#@#187#reas.</ptxt>
</warning>
</graphtext>
</grate>
</procstep>
<procstep id="nev19800679n1-nev20823991n65">
<grate id="nev19800679n1-nev21371734n74">
<graphic id="nev19800679n1-nev21371734n75">
<href>0900c8af8633d94#@#@#9#.jpeg</href>
</graphic>
<graphtext id="nev19800679n1-nev21372094n1">
<para id="nev19800679n1-nev21371734n72">
<ptxt id="nev19800679n1-nev21371734n73">Set the clock.</ptxt>
</para>
</graphtext>
</grate>
</procstep>
<procstep id="nev19800679n1-nev20809231n60">
<grate id="nev19800679n1-nev21371734n70">
<graphic id="nev19800679n1-nev21371734n71">
<href>0900c8af83f8e4e#@#@#9#.jpeg</href>
</graphic>
<graphtext id="nev19800679n1-nev21372098n1">
<para id="nev19800679n1-nev21371734n68">
<ptxt id="nev19800679n1-nev21371734n69">Adapt the DVD p#@#@#209#esign</ptxt>
</para>
</graphtext>
</grate>
</procstep>
</stepgrp>
</procedure>
<kitnumbers>
<kitnumber>39825257</kitnumber>
<kitnumber>39825262</kitnumber>
<kitnumber>39825263</kitnumber>
<kitnumber>39825264</kitnumber>
<kitnumber>39825254</kitnumber>
<kitnumber>39825255</kitnumber>
<kitnumber>39825256</kitnumber>
<kitnumber>39825253</kitnumber>
</kitnumbers>
</servinfosub>
</body>
</i2>