<?xml version="1.0" encoding="UTF-8"?><servinfosub IE-ID="en-US0900c8af850f1103" docno="VCC-272718" id="nev11086098n1" xml:lang="en-US">
<title id="nev11086098n2">Transaxle, inst#@#@#1#lling</title>
<procedure id="nev11086098n3">
<proctools id="nev11086098n4">
<toolitem id="nev11086098n5"/>
</proctools>
<stepgrp id="nev11086098n6">
<note id="nev11086098n7">
<ptxt id="nev11086098n8">As the illustra#@#@#160#rect.</ptxt>
</note>
<note id="nev11086098n9">
<ptxt id="nev11086098n10">For tightening #@#@#9#see: <xref id="nev11086099n1">
<ref id="nev11086099n2"/>
</xref>. </ptxt>
</note>
<procstep id="nev11086099n3">
<title id="nev11086099n4">Installing the #@#@#7#ssion</title>
<para id="nev11086099n5">
<ptxt id="nev11086099n6">Before installi#@#@#93#See: <xref id="nev11086099n7">
<ref id="nev11086099n8"/>
</xref>.</ptxt>
</para>
</procstep>
<procstep id="nev11086099n9">
<title id="nev11086099n10">Adjusting the p#@#@#28#arbox</title>
<grate id="nev11086100n1">
<graphic id="nev11086100n2">
<href>0900c8af8005ed9#@#@#9#.jpeg</href>
</graphic>
<graphtext id="nev11086100n3">
<para id="nev11086100n4">
<ptxt id="nev11086100n5">Adjust height a#@#@#55#ure. </ptxt>
</para>
<para id="nev11086100n6">
<ptxt id="nev11086100n7">Locate the tran#@#@#18#gine.</ptxt>
</para>
<note id="nev11086100n8">
<ptxt id="nev11086100n9">Make sure that #@#@#153#rbox.</ptxt>
</note>
</graphtext>
</grate>
</procstep>
<procstep id="nev11086100n10">
<title id="nev11086101n1">Installing and #@#@#34#sion </title>
<grate id="nev11086101n2">
<graphic id="nev11086101n3">
<href>0900c8af82ca5bc#@#@#9#.jpeg</href>
</graphic>
<graphtext id="nev11086101n4">
<para id="nev11086101n5">
<ptxt id="nev11086101n6">Install the 6 M#@#@#46#ine. </ptxt>
<ptxt id="nev11086101n7">First tighten a#@#@#23#e to <emph id="nev11086101n8">light </emph> contact.</ptxt>
<ptxt id="nev11086101n9">At the same tim#@#@#69#gine.</ptxt>
<ptxt id="nev11086101n10">Then tighten th#@#@#7#s to <emph id="nev11086102n1">light</emph> contact crossw#@#@#35#hten.</ptxt>
<ptxt id="nev11086102n2">Remove the fixt#@#@#21#sion.</ptxt>
</para>
</graphtext>
</grate>
</procstep>
<procstep id="nev11086102n3">
<title id="nev11086102n4">Fitting the tor#@#@#16#rews.</title>
<grate id="nev11086102n5">
<graphic id="nev11086102n6">
<href>0900c8af8005ebc#@#@#9#.jpeg</href>
</graphic>
<graphtext id="nev11086102n7">
<note id="nev11086102n8">
<ptxt id="nev11086102n9">Use new screws,#@#@#6#TX50.</ptxt>
</note>
<para id="nev11086102n10">
<ptxt id="nev11086103n1">Align the torqu#@#@#131#ter. </ptxt>
</para>
<para id="nev11086103n2">
<ptxt id="nev11086103n3">Install all 6 s#@#@#114# to: <xref id="nev11086103n4">
<ref id="nev11086103n5"/>
</xref>.</ptxt>
</para>
<note id="nev11086103n6">
<ptxt id="nev11086103n7">Remove the sock#@#@#25#haft.</ptxt>
</note>
</graphtext>
</grate>
</procstep>
<procstep id="nev11086103n8">
<title id="nev11086103n9">Lifting the eng#@#@#7#rbox </title>
<grate id="nev11086103n10">
<graphic id="nev11086104n1">
<href>0900c8af8005e98#@#@#9#.jpeg</href>
</graphic>
<graphtext id="nev11086104n2">
<para id="nev11086104n3">
<ptxt id="nev11086104n4">Lift up the eng#@#@#65#ion. </ptxt>
<ptxt id="nev11086104n5">Raise the vehicle.</ptxt>
</para>
</graphtext>
</grate>
</procstep>
<procstep id="nev11086104n6">
<title id="nev11086104n7">Installing the #@#@#15#nting</title>
<grate id="nev11086104n8">
<graphic id="nev11086104n9">
<href>0900c8af8204acb#@#@#9#.jpeg</href>
</graphic>
<graphtext id="nev11086104n10">
<list1 enumtype="d" id="nev11086105n1">
<title id="nev11086105n2">Install:</title>
<item id="nev11086105n3">
<ptxt id="nev11086105n4">the rear engine#@#@#39#ghten</ptxt>
</item>
<item id="nev11086105n5">
<ptxt id="nev11086105n6">the screw for t#@#@#18#sely.</ptxt>
</item>
</list1>
</graphtext>
</grate>
</procstep>
<procstep id="nev11086105n7">
<title id="nev11086105n8">Installing the #@#@#5# gear</title>
<grate id="nev11086105n9">
<graphic id="nev11086105n10">
<href>0900c8af8204acb#@#@#9#.jpeg</href>
</graphic>
<graphtext id="nev11086106n1">
<note id="nev11086106n2">
<ptxt id="nev11086106n3">Before installi#@#@#107#ease.</ptxt>
</note>
<para id="nev11086106n4">
<ptxt id="nev11086106n5">Lubricate the s#@#@#69# See <xref id="nev11086106n6">
<ref id="nev11086106n7"/>
</xref>.</ptxt>
<ptxt id="nev11086106n8">Check that the #@#@#56#lean.</ptxt>
</para>
<para id="nev11086106n9">
<ptxt id="nev11086106n10">Install the cha#@#@#38#rger.</ptxt>
<ptxt id="nev11086107n1">Install the bev#@#@#32#rews.</ptxt>
</para>
</graphtext>
</grate>
</procstep>
<procstep id="nev11086107n2">
<title id="nev11086107n3">Installing the #@#@#2#acket</title>
<grate id="nev11086107n4">
<graphic id="nev11086107n5">
<href>0900c8af8204aca#@#@#9#.jpeg</href>
</graphic>
<graphtext id="nev11086107n6">
<para id="nev11086107n7">
<ptxt id="nev11086107n8">Reinstall the b#@#@#31#rews.</ptxt>
</para>
</graphtext>
</grate>
</procstep>
<procstep id="nev11086107n9">
<title id="nev11086107n10">Installing the #@#@#16# pipe</title>
<grate id="nev11086108n1">
<graphic id="nev11086108n2">
<href>0900c8af8135b38#@#@#9#.jpeg</href>
</graphic>
<graphtext id="nev11086108n3">
<para id="nev11086108n4">
<ptxt id="nev11086108n5">Install the cha#@#@#60#(TC).</ptxt>
</para>
</graphtext>
</grate>
</procstep>
<procstep id="nev11086108n6">
<title id="nev11086108n7">Installing oil #@#@#20#ssion</title>
<grate id="nev11086108n8">
<graphic id="nev11086108n9">
<href>0900c8af8204acc#@#@#9#.jpeg</href>
</graphic>
<graphtext id="nev11086108n10">
<para id="nev11086109n1">
<ptxt id="nev11086109n2">Use new O-rings.</ptxt>
<ptxt id="nev11086109n3">Install the oil#@#@#20# to: <xref id="nev11086109n4">
<ref id="nev11086109n5"/>
</xref>.</ptxt>
</para>
</graphtext>
</grate>
</procstep>
<procstep id="nev11086109n6">
<title id="nev11086109n7">Installing the #@#@#53#indle</title>
<grate id="nev11086109n8">
<graphic id="nev11086109n9">
<href>0900c8af8006070#@#@#9#.jpeg</href>
</graphic>
<graphtext id="nev11086109n10">
<para id="nev11086110n1">
<ptxt id="nev11086110n2">Press in the co#@#@#96#sion.</ptxt>
<ptxt id="nev11086110n3">Check by pullin#@#@#18#sing.</ptxt>
<ptxt id="nev11086110n4">Locate the driv#@#@#68#haft.</ptxt>
</para>
</graphtext>
</grate>
</procstep>
<procstep id="nev11086110n5">
<title id="nev11086110n6">Fitting the sub#@#@#13# body</title>
<grate id="nev11086110n7">
<graphic id="nev11086110n8">
<href>0900c8af8006071#@#@#9#.jpeg</href>
</graphic>
<graphtext id="nev11086110n9">
<note id="nev11086110n10">
<ptxt id="nev11086111n1">Use new screws.#@#@#25#ads. </ptxt>
</note>
<para id="nev11086111n2">
<ptxt id="nev11086111n3">
<emph id="nev11086111n4">Applies to cert#@#@#6#dels.</emph>
</ptxt>
<ptxt id="nev11086111n5">Lift up the sub#@#@#49#ber. </ptxt>
<ptxt id="nev11086111n6">Secure the powe#@#@#130#hten.</ptxt>
</para>
<note id="nev11086111n7">
<ptxt id="nev11086111n8">When the sub-fr#@#@#161# arm.</ptxt>
</note>
<list1 enumtype="d" id="nev11086111n9" type="unordered">
<title id="nev11086111n10">Install:</title>
<item id="nev11086112n1">
<ptxt id="nev11086112n2">the new screws #@#@#35# edge</ptxt>
</item>
<item id="nev11086112n3">
<ptxt id="nev11086112n4">the bracket scr#@#@#7#sely.</ptxt>
</item>
</list1>
<para id="nev11086112n5">
<ptxt id="nev11086112n6">Tighten the sub#@#@#27#act. </ptxt>
<ptxt id="nev11086112n7">Remove the mobi#@#@#2# jack</ptxt>
</para>
</graphtext>
</grate>
</procstep>
<procstep id="nev11086112n8">
<title id="nev11086112n9">Installing the #@#@#60#k arm</title>
<grate id="nev11086112n10">
<graphic id="nev11086113n1">
<href>0900c8af80060b5#@#@#9#.jpeg</href>
</graphic>
<graphtext id="nev11086113n2">
<para id="nev11086113n3">
<ptxt id="nev11086113n4">Fit the bearing#@#@#44# M8. </ptxt>
<ptxt id="nev11086113n5">Tighten.</ptxt>
</para>
<para id="nev11086113n6">
<ptxt id="nev11086113n7">Locate the driv#@#@#68#haft.</ptxt>
</para>
<para id="nev11086113n8">
<ptxt id="nev11086113n9">Depress the con#@#@#68# arm.</ptxt>
<ptxt id="nev11086113n10">Position the mo#@#@#59#rame.</ptxt>
<ptxt id="nev11086114n1">Remove both the#@#@#13#rews.</ptxt>
</para>
<list1 enumtype="d" id="nev11086114n2" type="unordered">
<title id="nev11086114n3">Install:</title>
<item id="nev11086114n4">
<ptxt id="nev11086114n5">new screws in t#@#@#7#frame</ptxt>
<note id="nev11086114n6">
<ptxt id="nev11086114n7">Lubricate the s#@#@#10#eads.</ptxt>
</note>
</item>
<item id="nev11086114n8">
<ptxt id="nev11086114n9">the screws loos#@#@#32#rear.</ptxt>
</item>
</list1>
<para id="nev11086114n10">
<ptxt id="nev11086115n1">Tighten the sub#@#@#27#act. </ptxt>
<ptxt id="nev11086115n2">Remove the mobi#@#@#2# jack</ptxt>
</para>
</graphtext>
</grate>
</procstep>
<procstep id="nev11086115n3">
<title id="nev11086115n4">Tightening the #@#@#24#ides)</title>
<grate id="nev11086115n5">
<graphic id="nev11086115n6">
<href>0900c8af80060d2#@#@#9#.jpeg</href>
</graphic>
<graphtext id="nev11086115n7">
<para id="nev11086115n8">
<ptxt id="nev11086115n9">First tighten t#@#@#62# to: <xref id="nev11086115n10">
<ref id="nev11086116n1"/>
</xref>. </ptxt>
<ptxt id="nev11086116n2">Use: <toolitem id="nev11086116n3"/>. </ptxt>
<ptxt id="nev11086116n4">Then tighten th#@#@#42#kets.</ptxt>
</para>
</graphtext>
</grate>
</procstep>
<procstep id="nev11086116n5">
<title id="nev11086116n6">Installing the #@#@#64#ssion</title>
<grate id="nev11086116n7">
<graphic id="nev11086116n8">
<href>0900c8af817a835#@#@#9#.jpeg</href>
</graphic>
<graphtext id="nev11086116n9">
<list1 enumtype="d" id="nev11086116n10" type="unordered">
<title id="nev11086117n1">Install:</title>
<item id="nev11086117n2">
<ptxt id="nev11086117n3">the screws, M10#@#@#40#hten.</ptxt>
</item>
</list1>
<note id="nev11086117n4">
<ptxt id="nev11086117n5">Use new screws.</ptxt>
</note>
<list1 enumtype="d" id="nev11086117n6" type="unordered">
<item id="nev11086117n7">
<ptxt id="nev11086117n8">the torque rod #@#@#24#sion.</ptxt>
</item>
</list1>
<para id="nev11086117n9">
<ptxt id="nev11086117n10">Tighten accordi#@#@#2# to: <xref id="nev11086118n1">
<ref id="nev11086118n2"/>
</xref>
</ptxt>
</para>
</graphtext>
</grate>
</procstep>
<procstep id="nev11086118n3">
<title id="nev11086118n4">Installing the #@#@#21#joint</title>
<grate id="nev11086118n5">
<graphic id="nev11086118n6">
<href>0900c8af800598b#@#@#11#.jpeg</href>
</graphic>
<graphtext id="nev11086118n7">
<para id="nev11086118n8">
<ptxt id="nev11086118n9">Align the steer#@#@#39#ear. </ptxt>
<ptxt id="nev11086118n10">Install a new s#@#@#39# to: <xref id="nev11086119n1">
<ref id="nev11086119n2"/>
</xref>.</ptxt>
<ptxt id="nev11086119n3">Connect the cab#@#@#29#oid. </ptxt>
<ptxt id="nev11086119n4">Check the posit#@#@#44# to: <xref id="nev11086119n5">
<ref id="nev11086119n6"/>
</xref>
</ptxt>
</para>
</graphtext>
</grate>
</procstep>
<procstep id="nev11086119n7">
<title id="nev11086119n8">Installing the #@#@#45# gear</title>
<grate id="nev11086119n9">
<graphic id="nev11086119n10">
<href>0900c8af8005e86#@#@#9#.jpeg</href>
</graphic>
<graphtext id="nev11086120n1">
<note id="nev11086120n2">
<ptxt id="nev11086120n3">Applies only to#@#@#22#cles.</ptxt>
</note>
<para id="nev11086120n4">
<ptxt id="nev11086120n5">Fit the screws,#@#@#13#hten.</ptxt>
</para>
</graphtext>
</grate>
</procstep>
<procstep id="nev11086120n6">
<title id="nev11086120n7">Installing the #@#@#7#mbers</title>
<grate id="nev11086120n8">
<graphic id="nev11086120n9">
<href>0900c8af8006090#@#@#9#.jpeg</href>
</graphic>
<graphtext id="nev11086120n10">
<list1 enumtype="d" id="nev11086121n1" type="unordered">
<title id="nev11086121n2">Install:</title>
<item id="nev11086121n3">
<ptxt id="nev11086121n4">the front cross#@#@#38#ders </ptxt>
</item>
<item id="nev11086121n5">
<ptxt id="nev11086121n6">the rear cross #@#@#1#ember</ptxt>
</item>
</list1>
<para id="nev11086121n7">
<ptxt id="nev11086121n8">Tighten all M8 #@#@#2#rews.</ptxt>
</para>
</graphtext>
</grate>
</procstep>
<procstep id="nev11086121n9">
<title id="nev11086121n10">Installing and #@#@#33#nents</title>
<grate id="nev11086122n1">
<graphic id="nev11086122n2">
<href>0900c8af81d8b93#@#@#9#.jpeg</href>
</graphic>
<graphtext id="nev11086122n3">
<para id="nev11086122n4">
<ptxt id="nev11086122n5">Fit the nut to #@#@#117#M12. </ptxt>
<ptxt id="nev11086122n6">Tighten accordi#@#@#2# to: <xref id="nev11086122n7">
<ref id="nev11086122n8"/>
</xref>
</ptxt>
<ptxt id="nev11086122n9">Tighten the dri#@#@#27#crew.</ptxt>
<ptxt id="nev11086122n10">Counterhold the#@#@#44# to: <xref id="nev11086123n1">
<ref id="nev11086123n2"/>
</xref>
</ptxt>
<ptxt id="nev11086123n3">Use: <toolitem id="nev11086123n4"/>. </ptxt>
</para>
<list1 id="nev11086123n5">
<title id="nev11086123n6">Fit on the left#@#@#6#side:</title>
<item id="nev11086123n7">
<ptxt id="nev11086123n8">the link to the#@#@#130# to: <xref id="nev11086123n9">
<ref id="nev11086123n10"/>
</xref>
</ptxt>
</item>
<item id="nev11086124n1">
<ptxt id="nev11086124n2">the tie rod. Ti#@#@#7#See: <xref id="nev11086124n3">
<ref id="nev11086124n4"/>
</xref>
</ptxt>
</item>
<item id="nev11086124n5">
<ptxt id="nev11086124n6">the ABS line to#@#@#27#strut</ptxt>
</item>
<item id="nev11086124n7">
<ptxt id="nev11086124n8">the wing liner #@#@#23#nuts.</ptxt>
</item>
</list1>
</graphtext>
</grate>
</procstep>
<procstep id="nev11086124n9">
<title id="nev11086124n10">Installing the #@#@#8#nduit</title>
<grate id="nev11086125n1">
<graphic id="nev11086125n2">
<href>0900c8af800606c#@#@#9#.jpeg</href>
</graphic>
<graphtext id="nev11086125n3">
<list1 enumtype="d" id="nev11101087n59" type="unordered">
<title id="nev11101095n87">Install:</title>
<item id="nev11101087n58">
<ptxt id="nev11101096n226">auxiliary heate#@#@#104#icle)</ptxt>
</item>
<item id="nev11101098n32">
<ptxt id="nev11101096n115">the front splas#@#@#2#guard</ptxt>
</item>
<item id="nev11101100n171">
<ptxt id="nev11101096n4">the splash guar#@#@#13#ngine</ptxt>
</item>
<item id="nev11101100n60">
<ptxt id="nev11101100n33">the wheels. See <xref id="nev11101101n168">
<ref id="nev11101101n167"/>
</xref>.</ptxt>
</item>
</list1>
</graphtext>
</grate>
</procstep>
<procstep id="nev11086125n6">
<title id="nev11086125n7">Removing the li#@#@#5# beam</title>
<grate id="nev11086125n8">
<graphic id="nev11086125n9">
<href>0900c8af8005ed7#@#@#9#.jpeg</href>
</graphic>
<graphtext id="nev11086125n10">
<para id="nev11086126n1">
<ptxt id="nev11086126n2">Lower the vehicle.</ptxt>
<ptxt id="nev11086126n3">Remove the lift#@#@#31#gine.</ptxt>
</para>
</graphtext>
</grate>
</procstep>
<procstep id="nev11086126n4">
<title id="nev11086126n5">Installing the #@#@#5# hose</title>
<grate id="nev11086126n6">
<graphic id="nev11086126n7">
<href>0900c8af8005ed9#@#@#9#.jpeg</href>
</graphic>
<graphtext id="nev11086126n8">
<para id="nev11086126n9">
<ptxt id="nev11086126n10">Install the heater.</ptxt>
</para>
</graphtext>
</grate>
</procstep>
<procstep id="nev11086127n1">
<title id="nev11086127n2">Installing scre#@#@#33#otor </title>
<grate id="nev11086127n3">
<graphic id="nev11086127n4">
<href>0900c8af8006081#@#@#9#.jpeg</href>
</graphic>
<graphtext id="nev11086127n5">
<list1 enumtype="d" id="nev11086127n6">
<title id="nev11086127n7">Install:</title>
<item id="nev11086127n8">
<ptxt id="nev11086127n9">the 4 pcs M10 s#@#@#35#hten </ptxt>
</item>
<item id="nev11086127n10">
<ptxt id="nev11086128n1">the 2 pcs. M10 #@#@#48#ten. </ptxt>
</item>
</list1>
</graphtext>
</grate>
</procstep>
<procstep id="nev11086128n2">
<title id="nev11086128n3">Installing gear#@#@#10#cable</title>
<grate id="nev11086128n4">
<graphic id="nev11086128n5">
<href>0900c8af82ca5ba#@#@#9#.jpeg</href>
</graphic>
<graphtext id="nev11086128n6">
<list1 enumtype="d" id="nev11086128n7">
<title id="nev11086128n8">Install:</title>
<item id="nev11086128n9">
<ptxt id="nev11086128n10">the gear select#@#@#3#cable</ptxt>
</item>
<item id="nev11086129n1">
<ptxt id="nev11086129n2">the cable brack#@#@#17#ssion</ptxt>
</item>
<item id="nev11086129n3">
<ptxt id="nev11086129n4">the connection #@#@#36#(TCM)</ptxt>
</item>
<item id="nev11086129n5">
<ptxt id="nev11086129n6">the ground lead</ptxt>
</item>
<item id="nev11086129n7">
<ptxt id="nev11086129n8">clamp for the c#@#@#46#ater)</ptxt>
</item>
</list1>
</graphtext>
</grate>
</procstep>
<procstep id="nev11086129n9">
<title id="nev11086129n10">Installing engi#@#@#20#nents</title>
<grate id="nev11086130n1">
<graphic id="nev11086130n2">
<href>0900c8af82ca5b9#@#@#9#.jpeg</href>
</graphic>
<graphtext id="nev11086130n3">
<list1 enumtype="d" id="nev11086130n4" type="unordered">
<title id="nev11086130n5">Install:</title>
<item id="nev11086130n6">
<ptxt id="nev11086130n7">the hose betwee#@#@#51# pipe</ptxt>
</item>
<item id="nev11086130n8">
<ptxt id="nev11086130n9">the nut that ho#@#@#14#pipe.</ptxt>
</item>
</list1>
</graphtext>
</grate>
</procstep>
</stepgrp>
<stepgrp id="nev11086130n10">
<title id="nev11086131n1">Finishing</title>
<procstep id="nev11086131n2">
<title id="nev11086131n3">Installing comp#@#@#1#nents</title>
<grate id="nev11086131n4">
<graphic id="nev11086131n5">
<href>0900c8af8006072#@#@#9#.jpeg</href>
</graphic>
<graphtext id="nev11086131n6">
<list1 enumtype="d" id="nev11086131n7">
<title id="nev11086131n8">Install:</title>
<item id="nev11086131n9">
<ptxt id="nev11086131n10">the exhaust gas#@#@#29#See: <xref id="nev11086132n1">
<ref id="nev11086132n2"/>
</xref>
</ptxt>
</item>
<item id="nev11086132n3">
<ptxt id="nev11086132n4">the torque rod. See <xref id="nev11086132n5">
<ref id="nev11086132n6"/>
</xref>
</ptxt>
</item>
</list1>
</graphtext>
</grate>
</procstep>
<procstep id="nev11086133n5">
<title id="nev11086133n6">Installing the #@#@#8#cable</title>
<para id="nev11086133n7">
<ptxt id="nev11086133n8">Connect the bat#@#@#18#ead: <xref id="nev11086133n9">
<ref id="nev11086133n10"/>
</xref>
</ptxt>
</para>
</procstep>
<procstep id="nev11086134n1">
<title id="nev11086134n2">Check</title>
<para id="nev11086134n3">
<ptxt id="nev11086134n4">Carry out check#@#@#36# See <xref id="nev11086134n5">
<ref id="nev11086134n6"/>
</xref>.</ptxt>
</para>
</procstep>
<procstep id="nev15318329n111">
<title id="nev15318329n110"/>
<note id="nev15318329n109">
<ptxt id="nev15318329n108">This step is on#@#@#40#nent.</ptxt>
</note>
<para id="nev15318329n107">
<ptxt id="nev15318329n106">Order and downl#@#@#22# to: <swfunction action="order" id="nev16176403n110"/>
</ptxt>
</para>
</procstep>
</stepgrp>
</procedure>
</servinfosub>