<?xml version="1.0" encoding="UTF-8"?><servinfosub IE-ID="en-US0900c8af838d5c0c" docno="VCC-296042" id="nev11955461n1" original="sv-SE" servinfosubId="nev20688228n1-nev20688228n2" servinfosubRes="0900c8af862c37f1" servinfosubRes2="urn:x-nevis:fragment:0900c8af838d5c0c:0900c8af862c37f1#nev20688228n2" xml:lang="en-US">
<title id="nev11955461n2">Design</title>
<topic id="nev20688228n1-nev11955477n250">
<title id="nev20688228n1-nev11955477n249">Control module</title>
<grate id="nev20688228n1-nev11955477n248" pgwide="1">
<graphic id="nev20688228n1-nev11955477n247">
<href>0900c8af8204a49#@#@#9#.jpeg</href>
</graphic>
</grate>
<para id="nev20688228n1-nev11955477n243">
<ptxt id="nev20688228n1-nev11955477n242">The integrated #@#@#116#ther.</ptxt>
</para>
<para id="nev20688228n1-nev11955477n241">
<ptxt id="nev20688228n1-nev11955477n240">The infotainmen#@#@#88#IAM).</ptxt>
</para>
<para id="nev20688228n1-nev11955477n239">
<ptxt id="nev20688228n1-nev11955477n238">Integrated audi#@#@#45#nly  <literal id="nev20688228n1-nev11984527n232">Performance</literal>) with a power #@#@#12#20 W.</ptxt>
<ptxt id="nev20688228n1-nev11975114n232">The two other v#@#@#88#fier.</ptxt>
</para>
</topic>
<topic id="nev20688228n1-nev11955477n236">
<title id="nev20688228n1-nev11955477n235">Antennas</title>
<grate id="nev20688228n1-nev12242205n229" pgwide="1">
<title id="nev20688228n1-nev12242205n179">C30/S40/V50</title>
<graphic id="nev20688228n1-nev12242205n228">
<href>0900c8af838858f#@#@#10#.jpeg</href>
</graphic>
</grate>
<grate id="nev20688228n1-nev12254261n229" pgwide="1">
<title id="nev20688228n1-nev12254261n179">C70</title>
<graphic id="nev20688228n1-nev12254261n228">
<href>0900c8af828a644#@#@#10#.jpeg</href>
</graphic>
</grate>
<para id="nev20688228n1-nev11955477n221">
<ptxt id="nev20688228n1-nev11955477n220">The integrated #@#@#303#enna.</ptxt>
<ptxt id="nev20688228n1-nev11955477n219">Both channels a#@#@#65#able.</ptxt>
<ptxt id="nev20688228n1-nev11955477n218">The connection #@#@#54#fier.</ptxt>
</para>
</topic>
<topic id="nev20688228n1-nev11955477n217">
<title id="nev20688228n1-nev11955477n216">Remote control</title>
<grate id="nev20688228n1-nev11955477n215" pgwide="1">
<graphic id="nev20688228n1-nev11955477n214">
<href>0900c8af8044565#@#@#9#.jpeg</href>
</graphic>
</grate>
<para id="nev20688228n1-nev11955477n210">
<ptxt id="nev20688228n1-nev11955477n209">Remote control #@#@#245#tion.</ptxt>
</para>
</topic>
<topic id="nev20688228n1-nev11955477n208">
<title id="nev20688228n1-nev11955477n207">Loudspeakers</title>
<grate id="nev20688228n1-nev11955477n206" pgwide="1">
<graphic id="nev20688228n1-nev11955477n205">
<href>0900c8af8073132#@#@#9#.jpeg</href>
</graphic>
</grate>
<para id="nev20688228n1-nev11955477n201">
<ptxt id="nev20688228n1-nev11955477n200">The integrated #@#@#19#for  <literal id="nev20688228n1-nev11984527n204">Performance</literal> has 4 speakers#@#@#37#dule:</ptxt>
</para>
<list1 enumtype="d" id="nev20688228n1-nev11955477n199" type="unordered">
<item id="nev20688228n1-nev11955477n198">
<ptxt id="nev20688228n1-nev11955477n197">one pair of fro#@#@#10#akers</ptxt>
</item>
<item id="nev20688228n1-nev11955477n196">
<ptxt id="nev20688228n1-nev11955477n195">one pair of rea#@#@#10#kers.</ptxt>
</item>
</list1>
<para id="nev20688228n1-nev11955477n194">
<ptxt id="nev20688228n1-nev11955477n193">Impedance for e#@#@#14# 4 Ω.</ptxt>
</para>
<para id="nev20688228n1-nev11955477n192">
<ptxt id="nev20688228n1-nev11955477n191">For the two oth#@#@#99#AUD).</ptxt>
<ptxt id="nev20688228n1-nev11955477n190">For more inform#@#@#46#AUD).</ptxt>
</para>
</topic>
</servinfosub>