<?xml version="1.0" encoding="UTF-8"?><servinfosub IE-ID="en-US0900c8af8012cc0c" docno="VCC-123700" id="KC01134982" xml:lang="en-US">
<title>Master cylinder#@#@#6#acing</title>
<procedure>
<stepgrp id="KC01246131">
<title>Removal</title>
<procstep id="KC01246132">
<title>Removing the ai#@#@#18#using</title>
<grate>
<graphic id="KC08707581">
<href>0900c8af8005ed6#@#@#9#.jpeg</href>
</graphic>
<graphtext>
<para>
<ptxt>Remove the air #@#@#102#ings.</ptxt>
</para>
</graphtext>
</grate>
</procstep>
<procstep id="KC01246133">
<title>Removing the cl#@#@#4# pipe</title>
<grate>
<graphic id="KC08707582">
<href>0900c8af8005908#@#@#9#.jpeg</href>
</graphic>
<graphtext>
<para>
<ptxt>Plug the hose w#@#@#11#clip.</ptxt>
</para>
<para>
<ptxt>Carefully disco#@#@#48#body.</ptxt>
</para>
<para>
<ptxt>Place paper wip#@#@#63#nder.</ptxt>
</para>
<para>
<ptxt>Disconnect the #@#@#89#nder.</ptxt>
</para>
</graphtext>
</grate>
</procstep>
<procstep id="KC01246134">
<title>Removing the so#@#@#33#nents</title>
<grate>
<graphic id="KC08707583">
<href>0900c8af8005908#@#@#9#.jpeg</href>
</graphic>
<graphtext>
<para>
<ptxt>Remove the driv#@#@#30# See <xref>
<ref id="KC08707584"/>
</xref>.</ptxt>
<ptxt>Disconnect the #@#@#36#nsor.</ptxt>
<ptxt>Unhook the sens#@#@#26#nder.</ptxt>
</para>
</graphtext>
</grate>
</procstep>
<procstep id="KC01246135">
<title>Removing the pu#@#@#26#inder</title>
<grate>
<graphic id="KC08707585">
<href>0900c8af8005908#@#@#9#.jpeg</href>
</graphic>
<graphtext>
<list1 enumtype="d">
<title>Remove:</title>
<item>
<ptxt>the retaining c#@#@#67#pedal</ptxt>
</item>
<item>
<ptxt>the Torx screw #@#@#54#body.</ptxt>
</item>
</list1>
</graphtext>
</grate>
</procstep>
<procstep id="KC01246136">
<title>Removing the ma#@#@#26#ewall</title>
<grate>
<graphic id="KC08707586">
<href>0900c8af800590f#@#@#9#.jpeg</href>
</graphic>
<graphtext>
<para>
<ptxt>Lift up the cyl#@#@#36#nder.</ptxt>
</para>
</graphtext>
</grate>
</procstep>
</stepgrp>
<stepgrp id="KC01246137">
<title>Installation</title>
<procstep id="KC01246138">
<title>Installing the #@#@#10#inder</title>
<grate>
<graphic id="KC08707587">
<href>0900c8af800590f#@#@#9#.jpeg</href>
</graphic>
<graphtext>
<note>
<ptxt>Ensure that the#@#@#47#lled.</ptxt>
</note>
<para>
<ptxt>Tighten the mas#@#@#20#n to <emph>25 Nm</emph>.</ptxt>
</para>
</graphtext>
</grate>
</procstep>
<procstep id="KC01246139">
<title>Installing comp#@#@#17#inder</title>
<grate>
<graphic id="KC08707588">
<href>0900c8af8005957#@#@#9#.jpeg</href>
</graphic>
<graphtext>
<list1 enumtype="d">
<title>Install:</title>
<item>
<ptxt>a new lock nut #@#@#22#n to <emph>25 Nm</emph>
</ptxt>
</item>
<item>
<ptxt>the push rod on#@#@#38#lip. </ptxt>
<note>
<ptxt>Ensure that the#@#@#107#edal.</ptxt>
</note>
</item>
</list1>
<para>
<ptxt>Install the ped#@#@#70#ctor.</ptxt>
</para>
</graphtext>
</grate>
</procstep>
<procstep id="KC01246140">
<title>Installing the #@#@#22#inder</title>
<grate>
<graphic id="KC08707589">
<href>0900c8af8005908#@#@#9#.jpeg</href>
</graphic>
<graphtext>
<para>
<ptxt>Use a new O-ring.</ptxt>
</para>
<para>
<ptxt>Ensure that the#@#@#32#ated.</ptxt>
</para>
<para>
<ptxt>Press the pipe #@#@#23#ings.</ptxt>
</para>
<para>
<ptxt>Remove the hose#@#@#1#clip.</ptxt>
</para>
<para>
<title>Bleed the clutch</title>
<ptxt/>
</para>
<para>
<title>Final check</title>
<ptxt>Check the brake#@#@#81#g up.</ptxt>
</para>
<para>
<title>Installing the #@#@#20#using</title>
<ptxt>Install the air#@#@#65#als. </ptxt>
</para>
</graphtext>
</grate>
</procstep>
</stepgrp>
</procedure>
</servinfosub>