<?xml version="1.0" encoding="UTF-8"?><servinfosub IE-ID="en-US0900c8af80534c0c" docno="VCC-133276" id="KC01666095" xml:lang="en-US">
<title>
<phrase category="" id="KC07541211" phrase-urn="urn:x-nevis:phrase:0800c8af81b95d94">Diagnostic trou#@#@#21#ation</phrase>
</title>
<diagnostic j2008use="1" paperuse="1" screenuse="1" type="condition">
<condgrp>
<condition type="condition">
<grate>
<graphic id="KC07541212">
<href>0900c8af80123c1#@#@#9#.jpeg</href>
</graphic>
<graphtext>
<para>
<ptxt>
<phrase category="" id="KC07541213" phrase-urn="urn:x-nevis:phrase:0800c8af81b95d96">Diagnostic trou#@#@#158# low.</phrase>
</ptxt>
</para>
<note>
<ptxt>
<phrase category="" id="KC07541214" phrase-urn="urn:x-nevis:phrase:0800c8af81b95d97">The signal from#@#@#221#sary.</phrase>
</ptxt>
</note>
</graphtext>
</grate>
</condition>
</condgrp>
<condgrp>
<condition type="substitution">
<ptxt>
<phrase category="" id="KC07541215" phrase-urn="urn:x-nevis:phrase:0800c8af81b95d98">None.</phrase>
</ptxt>
</condition>
<ps>
<list1 enumtype="d" type="unordered">
<item>
<ptxt>
<phrase category="" id="KC07541216" phrase-urn="urn:x-nevis:phrase:0800c8af81b95d99">Contact resista#@#@#58#ector</phrase>
</ptxt>
</item>
<item>
<ptxt>
<phrase category="" id="KC07541217" phrase-urn="urn:x-nevis:phrase:0800c8af81b95d9a">Contact resista#@#@#48#ctor </phrase>
</ptxt>
</item>
<item>
<ptxt>
<phrase category="" id="KC07541218" phrase-urn="urn:x-nevis:phrase:0800c8af81b95d9b">Contact resista#@#@#56#ector</phrase>
</ptxt>
</item>
<item>
<ptxt>
<phrase category="" id="KC07541219" phrase-urn="urn:x-nevis:phrase:0800c8af81b95d9c">Open-circuit or#@#@#76#ensor</phrase>
</ptxt>
</item>
<item>
<ptxt>
<phrase category="" id="KC07541220" phrase-urn="urn:x-nevis:phrase:0800c8af81b95d9e">Open-circuit or#@#@#69#cable</phrase>
</ptxt>
</item>
<item>
<ptxt>
<phrase category="" id="KC07541221" phrase-urn="urn:x-nevis:phrase:0800c8af81b95d9f">Defective throt#@#@#20#nsor.</phrase>
</ptxt>
</item>
</list1>
</ps>
</condgrp>
<condgrp>
<condition type="symptom">
<list1 enumtype="d" type="unordered">
<item>
<ptxt>
<phrase category="" id="KC07541222" phrase-urn="urn:x-nevis:phrase:0800c8af81b95da0">Poor performance.</phrase>
</ptxt>
</item>
</list1>
</condition>
</condgrp>
</diagnostic>
</servinfosub>