<?xml version="1.0" encoding="UTF-8"?><servinfosub IE-ID="en-US0800c8af80a14812" docno="T9995388" id="ST-0800c8af80a14812" xml:lang="en-US">
<title>999 5388 PUNCH </title>
<grate>
<graphic id="0900c8af80054649"/>
<graphtext>
<deflist>
<defitem>
<term>Tool number:</term>
<def>999 5388-7</def>
</defitem>
<defitem>
<term>Tool description:</term>
<def>PUNCH (INST.-BA#@#@#21# GEAR</def>
</defitem>
<defitem>
<term>Tool board:</term>
<def>64</def>
</defitem>
</deflist>
</graphtext>
</grate>
</servinfosub>