<?xml version="1.0" encoding="UTF-8"?><servinfosub IE-ID="en-US0900c8af804a6812" docno="VCC-094922" id="KC01395980" xml:lang="en-US">
<title>Courtesy lighti#@#@#14#acing</title>
<procedure>
<stepgrp id="KC01395981">
<title>Removal</title>
<procstep>
<title>Courtesy lamp a#@#@#2# bulb</title>
<grate>
<graphic id="KC07308151">
<href>0900c8af803f8e5#@#@#9#.jpeg</href>
</graphic>
<graphtext>
<list1 enumtype="d">
<item>
<ptxt>Carefully remov#@#@#31# tool</ptxt>
</item>
<item>
<ptxt>Disconnect the #@#@#4#ector</ptxt>
</item>
<item>
<ptxt>Remove the bulb.</ptxt>
</item>
</list1>
</graphtext>
</grate>
</procstep>
</stepgrp>
<stepgrp id="KC01395982">
<title>Installation</title>
<procstep>
<title>Courtesy lamp a#@#@#2# bulb</title>
<para>
<ptxt>In reverse order.</ptxt>
</para>
</procstep>
</stepgrp>
</procedure>
</servinfosub>