<?xml version="1.0" encoding="UTF-8"?><servinfosub IE-ID="en-US0900c8af8761c812" docno="VCC-370892" id="nev13717014n1" original="sv-SE" servinfosubId="nev13717015n1-nev25815089n1" servinfosubRes="0900c8af8790bf0b" servinfosubRes2="urn:x-nevis:fragment:0900c8af8761c812:0900c8af8790bf0b#nev25815089n1" xml:lang="en-US">
<operationnumbers>
<operationnumber>81231-3</operationnumber>
<operationnumber>81232-3</operationnumber>
<operationnumber>81230-3</operationnumber>
</operationnumbers>
<title id="nev13717013n9">Roof arch</title>
<procedure id="nev13717015n1-nev27266616n2">
<stepgrp boilerplate="false" context="" id="nev13717015n1-nev27266569n25">
<title id="nev13717015n1-0800c8af844a46f6">Removal</title>
<procstep id="nev13717015n1-nev27266616n5">
<para id="nev13717015n1-nev27266569n23">
<ptxt id="nev13717015n1-nev27266569n24">Remove the head#@#@#1#ining<xref boilerplate="true" id="nev13717015n1-0800c8af8475c46f">
<ref id="nev13717015n1-nev27266616n10"/>
</xref>
</ptxt>
</para>
</procstep>
<procstep id="nev13717015n1-nev27266617n1">
<para id="nev13717015n1-nev27266569n21">
<ptxt id="nev13717015n1-nev27266569n22">Remove windshield<xref boilerplate="true" id="nev13717015n1-0800c8af8475b9cd">
<ref id="nev13717015n1-nev27266617n6"/>
</xref>
</ptxt>
</para>
</procstep>
<procstep id="nev13717015n1-nev27266617n7">
<para id="nev13717015n1-nev27266569n19">
<ptxt id="nev13717015n1-nev27266569n20">Remove the tailgate<xref boilerplate="true" id="nev13717015n1-0800c8af8587f497">
<ref id="nev13717015n1-nev27266618n2"/>
</xref>
</ptxt>
</para>
</procstep>
<procstep id="nev13717015n1-nev27266618n3">
<para id="nev13717015n1-nev27266569n17">
<ptxt id="nev13717015n1-nev27266569n18">Follow the inst#@#@#30#neral<xref boilerplate="true" id="nev13717015n1-0800c8af8456cc51">
<ref id="nev13717015n1-nev27266618n8"/>
</xref>
</ptxt>
</para>
</procstep>
<procstep id="nev13717015n1-nev27266618n9">
<para id="nev13717015n1-nev27266569n15">
<ptxt id="nev13717015n1-nev27266569n16">Remove roof panel<xref boilerplate="true" id="nev13717015n1-0800c8af84740b5d">
<ref id="nev13717015n1-nev27266619n4"/>
</xref>
</ptxt>
</para>
</procstep>
<procstep id="nev13717015n1-nev27266619n5">
<para id="nev13717015n1-nev27266569n13">
<ptxt id="nev13717015n1-nev27266569n14">Follow instruct#@#@#8# roof<xref boilerplate="true" id="nev13717015n1-0800c8af84740b88">
<ref id="nev13717015n1-nev27266619n10"/>
</xref>
</ptxt>
</para>
</procstep>
</stepgrp>
<stepgrp boilerplate="false" context="" id="nev13717015n1-nev27266569n12">
<title id="nev13717015n1-0800c8af844a46f9">Installation</title>
<procstep id="nev13717015n1-nev27266620n3">
<title id="nev13717015n1-0800c8af844a428d">Vehicles withou#@#@#15#panel</title>
</procstep>
<procstep id="nev13717015n1-nev27266569n58">
<grate id="nev13717015n1-nev27266569n10">
<graphic id="nev13717015n1-nev27266569n11">
<href>0900c8af87909d6#@#@#9#.jpeg</href>
</graphic>
</grate>
</procstep>
<procstep id="nev13717015n1-nev27266569n55">
<grate id="nev13717015n1-nev27266569n8">
<graphic id="nev13717015n1-nev27266569n9">
<href>0900c8af8790a0d#@#@#9#.jpeg</href>
</graphic>
</grate>
</procstep>
<procstep id="nev13717015n1-nev27266569n52">
<grate id="nev13717015n1-nev27266569n6">
<graphic id="nev13717015n1-nev27266569n7">
<href>0900c8af8790a0d#@#@#9#.jpeg</href>
</graphic>
</grate>
</procstep>
<procstep id="nev13717015n1-nev27266621n4">
<title id="nev13717015n1-0800c8af844a4257">Vehicles with r#@#@#12#panel</title>
</procstep>
<procstep id="nev13717015n1-nev27266569n49">
<grate id="nev13717015n1-nev27266569n4">
<graphic id="nev13717015n1-nev27266569n5">
<href>0900c8af8790a0d#@#@#9#.jpeg</href>
</graphic>
</grate>
</procstep>
<procstep id="nev13717015n1-nev27266569n46">
<grate id="nev13717015n1-nev27266569n2">
<graphic id="nev13717015n1-nev27266569n3">
<href>0900c8af8790a0d#@#@#9#.jpeg</href>
</graphic>
</grate>
</procstep>
<procstep id="nev13717015n1-nev27266569n43">
<grate id="nev13717015n1-nev27266641n100">
<graphic id="nev13717015n1-nev27266569n1">
<href>0900c8af8790a0d#@#@#9#.jpeg</href>
</graphic>
</grate>
</procstep>
<procstep id="nev13717015n1-nev27266641n99">
<grate id="nev13717015n1-nev27266641n97">
<graphic id="nev13717015n1-nev27266641n98">
<href>0900c8af8790a0d#@#@#9#.jpeg</href>
</graphic>
</grate>
</procstep>
<procstep id="nev13717015n1-nev27266622n8">
<title id="nev13717015n1-0800c8af844a41e8">All vehicles</title>
</procstep>
<procstep id="nev13717015n1-nev27266569n40">
<grate id="nev13717015n1-nev27266641n95">
<graphic id="nev13717015n1-nev27266641n96">
<href>0900c8af8790a0d#@#@#9#.jpeg</href>
</graphic>
</grate>
</procstep>
<procstep id="nev13717015n1-nev27266569n37">
<grate id="nev13717015n1-nev27266641n93">
<graphic id="nev13717015n1-nev27266641n94">
<href>0900c8af8790a0d#@#@#9#.jpeg</href>
</graphic>
</grate>
</procstep>
<procstep id="nev13717015n1-nev27266569n34">
<grate id="nev13717015n1-nev27266641n91">
<graphic id="nev13717015n1-nev27266641n92">
<href>0900c8af8790a0d#@#@#9#.jpeg</href>
</graphic>
</grate>
</procstep>
<procstep id="nev13717015n1-nev27266623n9">
<para id="nev13717015n1-nev27266641n89">
<ptxt id="nev13717015n1-nev27266641n90">See information#@#@#7#paint<xref boilerplate="true" id="nev13717015n1-0800c8af850665de">
<ref id="nev13717015n1-nev27266624n4"/>
</xref>
</ptxt>
</para>
</procstep>
<procstep id="nev13717015n1-nev27266624n5">
<para id="nev13717015n1-nev27266641n87">
<ptxt id="nev13717015n1-nev27266641n88">Follow the inst#@#@#44#edule<xref boilerplate="true" id="nev13717015n1-0800c8af8453d8f5">
<ref id="nev13717015n1-nev27266624n10"/>
</xref>
</ptxt>
</para>
</procstep>
<procstep id="nev13717015n1-nev27266625n1">
<para id="nev13717015n1-nev27266641n85">
<ptxt id="nev13717015n1-nev27266641n86">Follow the inst#@#@#34#ction<xref boilerplate="true" id="nev13717015n1-0800c8af8453d912">
<ref id="nev13717015n1-nev27266625n6"/>
</xref>
</ptxt>
</para>
</procstep>
</stepgrp>
</procedure>
</servinfosub>