<?xml version="1.0" encoding="UTF-8"?><servinfosub IE-ID="en-US0900c8af83a8e812" docno="VCC-153199" id="KC02718021" xml:lang="en-US">
<title>
<phrase category="" id="KC07868854" phrase-urn="urn:x-nevis:phrase:0800c8af81c2c472">Signal too high</phrase>
</title>
<diagnostic j2008use="1" layout="0" paperuse="1" screenuse="1" type="test">
<testgrp IE-ID="en-US0900c8af83a8e812_KC02765903" id="KC02765903" j2008use="1" paperuse="1" resumable="1" screenuse="1" testgrp-id="s1" x="140" y="80">
<title>
<phrase category="" id="KC07868855" phrase-urn="urn:x-nevis:phrase:0800c8af81c2c474">Checking the co#@#@#2#onent</phrase>
</title>
<node>
<test1>
<warning>
<ptxt>
<phrase category="" id="KC07868856" phrase-urn="urn:x-nevis:phrase:0800c8af81c2c475">Under no circum#@#@#179#tain!</phrase>
</ptxt>
</warning>
<caution>
<ptxt>
<phrase category="" id="KC07868857" phrase-urn="urn:x-nevis:phrase:0800c8af81c2c476">Do not touch th#@#@#164#SRS).</phrase>
</ptxt>
</caution>
<diaglist>
<dgraphic>
<dgraphic1>
<graphic id="KC07868858">
<href>0900c8af80054d4#@#@#9#.jpeg</href>
</graphic>
</dgraphic1>
<dgraphic2>
<graphic id="KC07868859">
<href>0900c8af80054d7#@#@#9#.jpeg</href>
</graphic>
</dgraphic2>
</dgraphic>
<ditem>
<ptxt>
<phrase category="" id="KC07868860" phrase-urn="urn:x-nevis:phrase:0800c8af81c2c477">Check cables an#@#@#120#ttom </phrase>
</ptxt>
</ditem>
<ditem>
<ptxt>
<phrase category="" id="KC07868861" phrase-urn="urn:x-nevis:phrase:0800c8af81c2c478">If the diagnost#@#@#67#g to:</phrase>
</ptxt>
</ditem>
<ditem>
<ptxt>
<phrase category="" id="KC07868862" phrase-urn="urn:x-nevis:phrase:0800c8af81c2c479">Switch off the #@#@#20#conds</phrase>
</ptxt>
</ditem>
<ditem>
<ptxt>
<phrase category="" id="KC07868863" phrase-urn="urn:x-nevis:phrase:0800c8af81c2c43d">Disconnect the #@#@#38#tain </phrase>
</ptxt>
</ditem>
<ditem>
<ptxt>
<phrase category="" id="KC07868864" phrase-urn="urn:x-nevis:phrase:0800c8af81c2c43e">Connect a speci#@#@#79#use: <toolitem id="KC07868865"/>
</phrase>
</ptxt>
<note>
<ptxt>
<phrase category="" id="KC07868866" phrase-urn="urn:x-nevis:phrase:0800c8af81c2c43f">The special too#@#@#139#rder.</phrase>
</ptxt>
</note>
</ditem>
<ditem>
<ptxt>
<phrase category="" id="KC07868867" phrase-urn="urn:x-nevis:phrase:0800c8af81c2c441">Switch on the i#@#@#20#onds.</phrase>
</ptxt>
</ditem>
</diaglist>
<test2>
<para>
<ptxt>
<phrase category="" id="KC07868868" phrase-urn="urn:x-nevis:phrase:0800c8af81c2c443">Read diagnostic#@#@#42#bol. </phrase>
</ptxt>
</para>
<para>
<ptxt>
<phrase category="" id="KC07868869" phrase-urn="urn:x-nevis:phrase:0800c8af81c2c444">If the diagnost#@#@#151#tom. </phrase>
</ptxt>
<ptxt>
<phrase category="" id="KC07868870" phrase-urn="urn:x-nevis:phrase:0800c8af81c2c446">If the diagnost#@#@#72#ttom.</phrase>
</ptxt>
</para>
<list1 enumtype="d" type="unordered">
<title>
<phrase category="" id="KC07868871" phrase-urn="urn:x-nevis:phrase:0800c8af81c2c447">Other information</phrase>
</title>
<item>
<ptxt>
<phrase category="" id="KC07868872" phrase-urn="urn:x-nevis:phrase:0800c8af81c2c448">
<xref>
<ref id="KC07868873"/>
</xref>
</phrase>
</ptxt>
</item>
<item>
<ptxt>
<phrase category="" id="KC07868874" phrase-urn="urn:x-nevis:phrase:0800c8af81c2c44a">
<xref>
<ref id="KC07868875"/>
</xref>
</phrase>
</ptxt>
</item>
<item>
<ptxt>
<phrase category="" id="KC07868876" phrase-urn="urn:x-nevis:phrase:0800c8af81c2c44b">For further inf#@#@#61#agram</phrase>
</ptxt>
</item>
<item>
<ptxt>
<phrase category="" id="KC07868877" phrase-urn="urn:x-nevis:phrase:0800c8af81c2c44c">To access or re#@#@#73#See: <xref>
<ref id="KC07868878"/>
</xref>
</phrase>
</ptxt>
</item>
<item>
<ptxt id="nev10786211n100">
<phrase category="Faulttracing" id="nev10786214n1" phrase-urn="urn:x-nevis:phrase:0800c8af8275a828">To access/repla#@#@#31#tors:</phrase>
</ptxt>
<ptxt id="nev10786211n98">
<xref id="nev12337367n100">
<ref id="l1107164646108"/>
</xref>
</ptxt>
</item>
<item>
<ptxt>
<phrase category="" id="KC07868881" phrase-urn="urn:x-nevis:phrase:0800c8af81c2c450">Checking the sp#@#@#7#ool: <xref>
<ref id="KC07868882"/>
</xref>
</phrase>
</ptxt>
</item>
<item>
<ptxt>
<phrase category="" id="KC07868883" phrase-urn="urn:x-nevis:phrase:0800c8af81c2c451">Disassembling c#@#@#6#ors: <xref>
<ref id="KC07868884"/>
</xref>
</phrase>
</ptxt>
</item>
<item>
<ptxt>
<phrase category="" id="KC07868885" phrase-urn="urn:x-nevis:phrase:0800c8af81c2c452">
<xref>
<ref id="KC07868886"/>
</xref>
</phrase>
</ptxt>
</item>
</list1>
<diaglist>
<dgraphic>
<dgraphic2>
<graphic id="KC07868887">
<href>0900c8af86c8681#@#@#9#.jpeg</href>
</graphic>
<smarttool active="press" id="KC07868888" toolname="YSRS0008"/>
</dgraphic2>
</dgraphic>
<ditem>
<ditemtext>
<ptxt>
<phrase category="" id="KC07868889" phrase-urn="urn:x-nevis:phrase:0800c8af81c2c453"/>
</ptxt>
</ditemtext>
</ditem>
</diaglist>
</test2>
</test1>
<question>
Select an alte#@#@#4#ive.
</question>
<resact-grp>
<result button="text" comp="button" highlight="0" text="1"/>
<action j2008use="1" paperuse="1" screenuse="1">
<ptxt>
<xref>
<ref id="KC07868890"/>
</xref>
</ptxt>
</action>
</resact-grp>
<resact-grp>
<result button="text" comp="button" highlight="0" text="2"/>
<action j2008use="1" paperuse="1" screenuse="1">
<ptxt>
<xref>
<ref id="KC07868891"/>
</xref>
</ptxt>
</action>
</resact-grp>
</node>
</testgrp>
<testgrp id="KC02765904" j2008use="1" paperuse="1" resumable="1" screenuse="1" testgrp-id="node1" x="120" y="200">
<title>
<phrase category="" id="KC07868892" phrase-urn="urn:x-nevis:phrase:0800c8af81c2c455">Checking the co#@#@#13#iring</phrase>
</title>
<node>
<test1>
<diaglist>
<dgraphic>
<dgraphic1>
<graphic id="KC07868893">
<href>0900c8af80054d4#@#@#9#.jpeg</href>
</graphic>
</dgraphic1>
</dgraphic>
<ditem>
<ptxt>
<phrase category="" id="KC07868894" phrase-urn="urn:x-nevis:phrase:0800c8af81c2c456">Switch off the #@#@#20#conds</phrase>
</ptxt>
</ditem>
<ditem>
<ptxt>
<phrase category="" id="KC07868895" phrase-urn="urn:x-nevis:phrase:0800c8af81c2c457">Disconnect the #@#@#27#ctor </phrase>
</ptxt>
</ditem>
<ditem>
<ptxt>
<phrase category="" id="KC07868896" phrase-urn="urn:x-nevis:phrase:0800c8af81c2c459">Disconnect the #@#@#58#SRS).</phrase>
</ptxt>
</ditem>
</diaglist>
<test2>
<warning>
<ptxt>
<phrase category="" id="KC07868897" phrase-urn="urn:x-nevis:phrase:0800c8af81c2c45a">Under no circum#@#@#179#tain!</phrase>
</ptxt>
</warning>
<caution>
<ptxt>
<phrase category="" id="KC07868898" phrase-urn="urn:x-nevis:phrase:0800c8af81c2c45b">Do not touch th#@#@#164#SRS).</phrase>
</ptxt>
</caution>
<para>
<ptxt>
<phrase category="" id="KC07868899" phrase-urn="urn:x-nevis:phrase:0800c8af81c2c45c">Check the conne#@#@#137#ors. </phrase>
</ptxt>
</para>
<para>
<ptxt>
<phrase category="" id="KC07868900" phrase-urn="urn:x-nevis:phrase:0800c8af81c2c45e">Remedy as necessary.</phrase>
</ptxt>
</para>
<para>
<ptxt>
<phrase category="" id="KC07868901" phrase-urn="urn:x-nevis:phrase:0800c8af81c2c45f">Check the SRS i#@#@#147#tage.</phrase>
</ptxt>
<ptxt>
<phrase category="" id="KC07868902" phrase-urn="urn:x-nevis:phrase:0800c8af81c2c460">Check the cable#@#@#4#ween:</phrase>
</ptxt>
</para>
<list1 enumtype="d" type="unordered">
<item>
<ptxt>
<phrase category="" id="KC07868903" phrase-urn="urn:x-nevis:phrase:0800c8af81c2c462">Terminal #A37 o#@#@#100#ector</phrase>
</ptxt>
</item>
<item>
<ptxt>
<phrase category="" id="KC07868904" phrase-urn="urn:x-nevis:phrase:0800c8af81c2c463">Terminal #A38 o#@#@#101#ctor.</phrase>
</ptxt>
</item>
</list1>
<para>
<ptxt>
<phrase category="" id="KC07868905" phrase-urn="urn:x-nevis:phrase:0800c8af81c2c464">Remedy as necessary.</phrase>
</ptxt>
</para>
<list1 enumtype="d" type="unordered">
<title>
<phrase category="" id="KC07868906" phrase-urn="urn:x-nevis:phrase:0800c8af81c2c465">Other information</phrase>
</title>
<item>
<ptxt>
<phrase category="" id="KC07868907" phrase-urn="urn:x-nevis:phrase:0800c8af81c2c467">
<xref>
<ref id="KC07868908"/>
</xref>
</phrase>
</ptxt>
</item>
<item>
<ptxt>
<phrase category="" id="KC07868909" phrase-urn="urn:x-nevis:phrase:0800c8af81c2c468">
<xref>
<ref id="KC07868910"/>
</xref>
</phrase>
</ptxt>
</item>
<item>
<ptxt>
<phrase category="" id="KC07868911" phrase-urn="urn:x-nevis:phrase:0800c8af81c2c46a">For further inf#@#@#61#agram</phrase>
</ptxt>
</item>
<item>
<ptxt>
<phrase category="" id="KC07868912" phrase-urn="urn:x-nevis:phrase:0800c8af81c2c46b">To access or re#@#@#73#See: <xref>
<ref id="KC07868913"/>
</xref>
</phrase>
</ptxt>
</item>
<item>
<ptxt id="nev10786211n95">
<phrase category="Faulttracing" id="nev10786506n1" phrase-urn="urn:x-nevis:phrase:0800c8af8275a828">To access/repla#@#@#31#tors:</phrase>
</ptxt>
<ptxt id="nev10786211n93">
<xref id="nev12337367n98">
<ref id="l1107164695410"/>
</xref>
</ptxt>
</item>
<item>
<ptxt>
<phrase category="" id="KC07868916" phrase-urn="urn:x-nevis:phrase:0800c8af81c2c46d">For information#@#@#33#see: <xref>
<ref id="KC07868917"/>
</xref>
</phrase>
</ptxt>
</item>
<item>
<ptxt>
<phrase category="" id="KC07868918" phrase-urn="urn:x-nevis:phrase:0800c8af81c2c46e">
<xref>
<ref id="KC07868919"/>
</xref>
</phrase>
</ptxt>
</item>
</list1>
<diaglist>
<dgraphic>
<dgraphic1>
<graphic id="KC07868920">
<href>0900c8af80126b2#@#@#9#.jpeg</href>
</graphic>
</dgraphic1>
</dgraphic>
</diaglist>
</test2>
</test1>
<question>
Select "Contin#@#@#33#ied.
</question>
<resact-grp>
<result button="cont" comp="button" highlight="0"/>
<action j2008use="1" paperuse="1" screenuse="1">
<ptxt>
<xref>
<ref id="KC07868921"/>
</xref>
</ptxt>
</action>
</resact-grp>
</node>
</testgrp>
<testgrp id="KC02765905" j2008use="1" paperuse="1" resumable="1" screenuse="1" testgrp-id="veri" x="120" y="280">
<title>
<phrase category="" id="KC07868922" phrase-urn="urn:x-nevis:phrase:0800c8af81c2c46f">Verification</phrase>
</title>
<subcalloutnode>
<diagcallout>
<xref>
<ref id="KC07868923"/>
</xref>
</diagcallout>
<rescall-grp>
<result comp="string" highlight="0" op="eq" return="VERIFIED"/>
<calloutaction>
<return value="FAULT FOUND"/>
</calloutaction>
</rescall-grp>
<rescall-grp>
<result comp="string" highlight="0" op="eq" return="VERIFICATION FAILED"/>
<calloutaction>
<ptxt>
<xref>
<ref id="KC07868924"/>
</xref>
</ptxt>
</calloutaction>
</rescall-grp>
</subcalloutnode>
</testgrp>
<testgrp id="KC02765906" j2008use="1" paperuse="1" resumable="1" screenuse="1" testgrp-id="info1" x="120" y="400">
<title>
<phrase category="" id="KC07868925" phrase-urn="urn:x-nevis:phrase:0800c8af81c2c470">Fault-tracing i#@#@#5#ation</phrase>
</title>
<subcalloutnode>
<diagcallout>
<xref>
<ref id="KC07868926"/>
</xref>
</diagcallout>
<rescall-grp>
<result comp="string" highlight="0" op="eq" return="FAULTTRACING FAILED"/>
<calloutaction>
<return value="FAULT NOT FOUND"/>
</calloutaction>
</rescall-grp>
<rescall-grp>
<result comp="string" highlight="0" op="eq" return="NEW TRY"/>
<calloutaction>
<ptxt>
<xref>
<ref id="KC07868927"/>
</xref>
</ptxt>
</calloutaction>
</rescall-grp>
</subcalloutnode>
</testgrp>
</diagnostic>
</servinfosub>