<?xml version="1.0" encoding="UTF-8"?><servinfosub IE-ID="en-US0900c8af83d3c812" docno="VCC-320226" id="nev12639967n1" xml:lang="en-US">
<title>
<phrase category="" id="nev12639967n2" phrase-urn="urn:x-nevis:phrase:0800c8af82722c2c">Faulty signal</phrase>
</title>
<diagnostic j2008use="1" layout="0" paperuse="1" screenuse="1" type="test">
<testgrp IE-ID="en-US0900c8af83d3c812_nev12639967n3" id="nev12639967n3" j2008use="1" paperuse="1" resumable="1" screenuse="1" testgrp-id="node1" x="120" y="80">
<title>
<phrase category="" id="nev12639967n4" phrase-urn="urn:x-nevis:phrase:0800c8af82722c2d">Checking cables#@#@#10#nents</phrase>
</title>
<node>
<test1>
<diaglist>
<dgraphic>
<dgraphic1>
<graphic id="nev12639967n5">
<href>0900c8af80054d4#@#@#9#.jpeg</href>
</graphic>
</dgraphic1>
</dgraphic>
<ditem>
<ptxt>
<phrase category="" id="nev12639967n6" phrase-urn="urn:x-nevis:phrase:0800c8af82722c2e">Ignition off.</phrase>
</ptxt>
</ditem>
<ditem>
<ptxt>
<phrase category="" id="nev12639967n7" phrase-urn="urn:x-nevis:phrase:0800c8af82722c2f">Unplug the conn#@#@#35#nsor.</phrase>
</ptxt>
</ditem>
</diaglist>
<test2>
<para>
<ptxt>
<phrase category="" id="nev12639967n8" phrase-urn="urn:x-nevis:phrase:0800c8af82722c30">Check the signa#@#@#32#tage.</phrase>
</ptxt>
</para>
<para id="nev12657674n98">
<ptxt id="nev12657674n97">
<phrase category="Faulttracing" id="nev12657676n1" phrase-urn="urn:x-nevis:phrase:0800c8af82264ef0">Take readings b#@#@#2#ween:</phrase>
</ptxt>
</para>
<list1 id="nev12657674n95">
<item id="nev12657674n94">
<ptxt id="nev12657674n93">
<phrase category="Faulttracing" id="nev12657680n1" phrase-urn="urn:x-nevis:phrase:0800c8af83d68a1a">Engine control #@#@#56#) #4.</phrase>
</ptxt>
</item>
</list1>
<hint>
<ptxt>
<phrase category="" id="nev12639967n10" phrase-urn="urn:x-nevis:phrase:0800c8af82722c32">If the above fa#@#@#80#nsor.</phrase>
</ptxt>
</hint>
<para>
<ptxt>
<phrase category="" id="nev12639968n1" phrase-urn="urn:x-nevis:phrase:0800c8af82722c33">Remedy as necessary.</phrase>
</ptxt>
</para>
<list1 enumtype="d" type="unordered">
<title>
<phrase category="" id="nev12639968n2" phrase-urn="urn:x-nevis:phrase:0800c8af82722c34">Other information</phrase>
</title>
<item>
<ptxt id="nev12772126n100">
<xref id="nev12772126n99">
<ref id="l1174557554526"/>
</xref>
</ptxt>
</item>
<item>
<ptxt>
<xref id="nev12657674n100">
<ref id="l1169625032156"/>
</xref>
</ptxt>
</item>
<item>
<ptxt id="nev12772126n97">
<xref id="nev12772126n96">
<ref id="l1174557579277"/>
</xref>
</ptxt>
</item>
<item>
<ptxt id="nev12772126n94">
<xref id="nev12772126n93">
<ref id="l1174557603261"/>
</xref>
</ptxt>
</item>
<item>
<ptxt id="nev12772126n91">
<xref id="nev12772126n90">
<ref id="l1174557640637"/>
</xref>
</ptxt>
</item>
</list1>
<diaglist>
<dgraphic>
<dgraphic1>
<graphic id="nev12639969n3">
<href>0900c8af81a7245#@#@#9#.jpeg</href>
</graphic>
</dgraphic1>
</dgraphic>
</diaglist>
<grate>
<graphic id="nev12639969n4">
<href>0900c8af81d9a14#@#@#9#.jpeg</href>
</graphic>
</grate>
</test2>
</test1>
<question>
Select Continue.
</question>
<resact-grp>
<result button="cont" comp="button" highlight="0"/>
<action id="nev12639969n6" j2008use="1" paperuse="0" screenuse="1">
<ptxt id="nev12639969n7">
<xref id="nev12639969n8">
<ref id="nev12639969n9"/>
</xref>
</ptxt>
</action>
</resact-grp>
</node>
</testgrp>
<testgrp id="nev12639969n10" j2008use="1" paperuse="0" resumable="1" screenuse="1" testgrp-id="veria" x="120" y="180">
<title id="nev12639970n1">
<phrase category="Title" id="nev12639970n2" phrase-urn="urn:x-nevis:phrase:0800c8af81eb9dd1">Verification</phrase>
</title>
<subcalloutnode id="nev12639970n3">
<diagcallout id="nev12639970n4">
<xref id="nev12639970n5">
<ref id="nev12639970n6"/>
</xref>
</diagcallout>
<rescall-grp id="nev12639970n7">
<result comp="string" highlight="0" id="nev12639970n8" op="eq" return="VERIFICATION FAILED"/>
<calloutaction id="nev12639970n9">
<ptxt id="nev12639970n10">
<xref id="nev12639971n1">
<ref id="nev12639971n2"/>
</xref>
</ptxt>
</calloutaction>
</rescall-grp>
<rescall-grp id="nev12639971n3">
<result comp="string" highlight="0" id="nev12639971n4" op="eq" return="VERIFIED"/>
<calloutaction id="nev12639971n5">
<return id="nev12639971n6" value="FAULT FOUND"/>
</calloutaction>
</rescall-grp>
</subcalloutnode>
</testgrp>
<testgrp id="nev12639971n7" j2008use="1" paperuse="0" resumable="1" screenuse="1" testgrp-id="info1" x="120" y="280">
<title id="nev12639971n8">
<phrase category="Title" id="nev12639971n9" phrase-urn="urn:x-nevis:phrase:0800c8af81eb9a5b">Fault-tracing i#@#@#5#ation</phrase>
</title>
<subcalloutnode id="nev12639971n10">
<diagcallout id="nev12639972n1">
<xref id="nev12639972n2">
<ref id="nev12639972n3"/>
</xref>
</diagcallout>
<rescall-grp id="nev12639972n4">
<result comp="string" highlight="0" id="nev12639972n5" op="eq" return="FAULTTRACING FAILED"/>
<calloutaction id="nev12639972n6">
<return id="nev12639972n7" value="FAULTTRACING FAILED"/>
</calloutaction>
</rescall-grp>
<rescall-grp id="nev12639972n8">
<result comp="string" highlight="0" id="nev12639972n9" op="eq" return="NEW TRY"/>
<calloutaction id="nev12639972n10">
<ptxt id="nev12639973n1">
<xref id="nev12639973n2">
<ref id="nev12639973n3"/>
</xref>
</ptxt>
</calloutaction>
</rescall-grp>
</subcalloutnode>
</testgrp>
</diagnostic>
</servinfosub>