<?xml version="1.0" encoding="UTF-8"?><servinfosub IE-ID="en-US0900c8af8067c511" docno="VCC-074600" id="KC02053105" xml:lang="en-US">
<title>
<phrase category="" id="KC08176182" phrase-urn="urn:x-nevis:phrase:0800c8af81d86ceb">Checking alarm #@#@#22#doors</phrase>
</title>
<diagnostic type="test">
<testgrp IE-ID="en-US0900c8af8067c511_KC02228565" id="KC02228565" testgrp-id="b1960">
<title>
<phrase category="" id="KC08176183" phrase-urn="urn:x-nevis:phrase:0800c8af81d86cec">      Checking #@#@#13#acts </phrase>
</title>
<node>
<test1>
<diaglist>
<dgraphic>
<dgraphic1>
<graphic id="KC08176184">
<href>0900c8af80054d5#@#@#9#.jpeg</href>
</graphic>
</dgraphic1>
</dgraphic>
<ditem>
<ptxt>
<phrase category="" id="KC08176185" phrase-urn="urn:x-nevis:phrase:0800c8af81d86ced">      Deactivat#@#@#7#larm.</phrase>
</ptxt>
</ditem>
<ditem>
<ptxt>
<phrase category="" id="KC08176186" phrase-urn="urn:x-nevis:phrase:0800c8af81d86cee">      Ignition on.</phrase>
</ptxt>
</ditem>
<ditem>
<ptxt>
<phrase category="" id="KC08176187" phrase-urn="urn:x-nevis:phrase:0800c8af81d86cef">      Ignition off.</phrase>
</ptxt>
</ditem>
<ditem>
<ptxt>
<phrase category="" id="KC08176188" phrase-urn="urn:x-nevis:phrase:0800c8af81d86cf0">      Check tha#@#@#45#oor'.</phrase>
</ptxt>
</ditem>
</diaglist>
<test2>
<diaglist>
<ditem>
<ptxt>
<phrase category="" id="KC08176189" phrase-urn="urn:x-nevis:phrase:0800c8af81d86cf1">      Open a door.</phrase>
</ptxt>
<ptxt>
<phrase category="" id="KC08176190" phrase-urn="urn:x-nevis:phrase:0800c8af81d86cf2">      The inter#@#@#20#e on.</phrase>
</ptxt>
</ditem>
<ditem>
<ptxt>
<phrase category="" id="KC08176191" phrase-urn="urn:x-nevis:phrase:0800c8af81d86cf3">      Close the#@#@#11#rned.</phrase>
</ptxt>
</ditem>
<ditem>
<ptxt>
<phrase category="" id="KC08176192" phrase-urn="urn:x-nevis:phrase:0800c8af81d86cf4">      An armatu#@#@#60#tely.</phrase>
</ptxt>
</ditem>
<ditem>
<ptxt>
<phrase category="" id="KC08176193" phrase-urn="urn:x-nevis:phrase:0800c8af81d86cf5">      Set ignit#@#@#11#tion <emph etype="bold"> II</emph>, so that prolo#@#@#18# off.</phrase>
</ptxt>
</ditem>
<ditem>
<ptxt>
<phrase category="" id="KC08176194" phrase-urn="urn:x-nevis:phrase:0800c8af81d86cf6">      Set ignit#@#@#2#n to <emph etype="bold">off</emph>. </phrase>
</ptxt>
</ditem>
<ditem>
<ptxt>
<phrase category="" id="KC08176195" phrase-urn="urn:x-nevis:phrase:0800c8af81d86cf7">
<emph etype="bold">Try all doors</emph>
</phrase>
</ptxt>
<ptxt>
<phrase category="" id="KC08176196" phrase-urn="urn:x-nevis:phrase:0800c8af81d86cf8">      Repeat th#@#@#30#oors.</phrase>
</ptxt>
</ditem>
</diaglist>
<grate>
<graphic id="KC08176197" width="column">
<href>0900c8af8067c4e#@#@#9#.jpeg</href>
</graphic>
<graphic id="KC08176198" width="column">
<href>0900c8af8067c4f#@#@#9#.jpeg</href>
</graphic>
</grate>
</test2>
</test1>
<question>The interior li#@#@#39#ened.</question>
<resact-grp>
<result button="ok" comp="button"/>
<action>
<ptxt>
<xref>
<ref id="KC08176199"/>
</xref>
</ptxt>
</action>
</resact-grp>
<resact-grp>
<result button="notok" comp="button"/>
<action paperuse="0">
<return value="FAULT NOT FOUND"/>
</action>
</resact-grp>
</node>
</testgrp>
<testgrp id="KC02228566" testgrp-id="b2">
<title>
<phrase category="" id="KC08176200" phrase-urn="urn:x-nevis:phrase:0800c8af81d86cdc">Checking signal#@#@#42#ent A</phrase>
</title>
<node>
<test1>
<diaglist>
<dgraphic>
<dgraphic1>
<graphic id="KC08176201">
<href>0900c8af80054d4#@#@#9#.jpeg</href>
</graphic>
</dgraphic1>
<dgraphic3>
<graphic id="KC08176202">
<href>0900c8af80054cc#@#@#9#.jpeg</href>
</graphic>
</dgraphic3>
</dgraphic>
<ditem>
<ptxt>
<phrase category="" id="KC08176203" phrase-urn="urn:x-nevis:phrase:0800c8af81d86cdd">      Ignition off.</phrase>
</ptxt>
</ditem>
<ditem>
<ptxt>
<phrase category="" id="KC08176204" phrase-urn="urn:x-nevis:phrase:0800c8af81d86cde">      Remove th#@#@#30#/F). </phrase>
</ptxt>
</ditem>
<ditem>
<ptxt>
<phrase category="" id="KC08176205" phrase-urn="urn:x-nevis:phrase:0800c8af81d86cdf">      Close all#@#@#27#unk. </phrase>
</ptxt>
</ditem>
</diaglist>
<test2>
<diaglist>
<dgraphic>
<dgraphic1>
<graphic id="KC08176206">
<href>0900c8af801281c#@#@#9#.jpeg</href>
</graphic>
</dgraphic1>
<dgraphic2>
<graphic id="KC08176207">
<href>0900c8af80054d4#@#@#9#.jpeg</href>
</graphic>
<smarttool active="press" id="KC08176208" toolname="ODAH"/>
</dgraphic2>
</dgraphic>
<ditem>
<ditemtext>
<ptxt>
<phrase category="" id="KC08176209" phrase-urn="urn:x-nevis:phrase:0800c8af81d86ce0">      Connect a#@#@#57#base.</phrase>
</ptxt>
</ditemtext>
</ditem>
</diaglist>
<grate>
<graphic id="KC08176210" width="column">
<href>0900c8af8067c53#@#@#9#.jpeg</href>
</graphic>
<graphic id="KC08176211" width="column">
<href>0900c8af8067c43#@#@#9#.jpeg</href>
</graphic>
</grate>
</test2>
</test1>
<question>The ohmmeter sh#@#@#41#sed. </question>
<resact-grp>
<result button="ok" comp="button"/>
<action j2008use="0" screenuse="0">
<ptxt>Proceed to
next#@#@#1#page.</ptxt>
</action>
<action j2008use="1" paperuse="0" screenuse="1">
<ptxt>
<xref>
<ref id="KC08176212"/>
</xref>
</ptxt>
</action>
</resact-grp>
<resact-grp>
<result button="notok" comp="button"/>
<action j2008use="1" screenuse="1">
<ptxt>
<xref>
<ref id="KC08176213"/>
</xref>
</ptxt>
</action>
</resact-grp>
</node>
</testgrp>
<testgrp id="KC02228567" testgrp-id="b2.1">
<title>
<phrase category="" id="KC08176214" phrase-urn="urn:x-nevis:phrase:0800c8af81d86ce1">Checking signal#@#@#42#ent B</phrase>
</title>
<node>
<test1>
<diaglist>
<dgraphic>
<dgraphic1>
<graphic id="KC08176215">
<href>0900c8af80054d4#@#@#9#.jpeg</href>
</graphic>
</dgraphic1>
</dgraphic>
<ditem>
<ptxt>
<phrase category="" id="KC08176216" phrase-urn="urn:x-nevis:phrase:0800c8af81d86ce2">      Open a door.</phrase>
</ptxt>
</ditem>
</diaglist>
<test2>
<diaglist>
<dgraphic>
<dgraphic1>
<graphic id="KC08176217">
<href>0900c8af801281c#@#@#9#.jpeg</href>
</graphic>
</dgraphic1>
<dgraphic2>
<graphic id="KC08176218">
<href>0900c8af80054d4#@#@#9#.jpeg</href>
</graphic>
<smarttool active="press" id="KC08176219" toolname="ODAH"/>
</dgraphic2>
</dgraphic>
<ditem>
<ditemtext>
<ptxt>
<phrase category="" id="KC08176220" phrase-urn="urn:x-nevis:phrase:0800c8af81d86ce3">      Connect a#@#@#57#base.</phrase>
</ptxt>
</ditemtext>
</ditem>
</diaglist>
<grate>
<graphic id="KC08176221">
<href>0900c8af8067c53#@#@#9#.jpeg</href>
</graphic>
</grate>
</test2>
</test1>
<question>The ohmmeter sh#@#@#51#open.</question>
<resact-grp>
<result button="ok" comp="button"/>
<action j2008use="0" screenuse="0">
<ptxt>There is most
l#@#@#81#ter .</ptxt>
</action>
<action paperuse="0">
<return value="FAULT NOT FOUND"/>
</action>
</resact-grp>
<resact-grp>
<result button="notok" comp="button"/>
<action j2008use="1" screenuse="1">
<ptxt>
<xref>
<ref id="KC08176222"/>
</xref>
</ptxt>
</action>
</resact-grp>
</node>
</testgrp>
<testgrp id="KC02228568" testgrp-id="b3">
<title>
<phrase category="" id="KC08176223" phrase-urn="urn:x-nevis:phrase:0800c8af81d86ce4">      Checking #@#@#41#relay</phrase>
</title>
<node>
<test1>
<diaglist>
<dgraphic>
<dgraphic1>
<graphic id="KC08176224">
<href>0900c8af80054d4#@#@#9#.jpeg</href>
</graphic>
</dgraphic1>
</dgraphic>
<ditem>
<ptxt>
<phrase category="" id="KC08176225" phrase-urn="urn:x-nevis:phrase:0800c8af81d86ce5">      Ignition off.</phrase>
</ptxt>
</ditem>
<ditem>
<ptxt>
<phrase category="" id="KC08176226" phrase-urn="urn:x-nevis:phrase:0800c8af81d86ce6">      Disconnec#@#@#32#/G). </phrase>
</ptxt>
</ditem>
</diaglist>
<test2>
<diaglist>
<dgraphic>
<dgraphic1>
<graphic id="KC08176227">
<href>0900c8af801281d#@#@#9#.jpeg</href>
</graphic>
</dgraphic1>
<dgraphic2>
<graphic id="KC08176228">
<href>0900c8af80054d4#@#@#9#.jpeg</href>
</graphic>
<smarttool active="press" id="KC08176229" toolname="ODAH"/>
</dgraphic2>
</dgraphic>
<ditem>
<ditemtext>
<ptxt>
<phrase category="" id="KC08176230" phrase-urn="urn:x-nevis:phrase:0800c8af81d86ce7">      Connect a#@#@#18# the <emph etype="bold"> alarm</emph> relay base ite#@#@#7# the <emph etype="bold">central locking </emph> relay base item T.</phrase>
</ptxt>
</ditemtext>
</ditem>
</diaglist>
<grate>
<graphic id="KC08176231" width="column">
<href>0900c8af8067c53#@#@#9#.jpeg</href>
</graphic>
</grate>
</test2>
</test1>
<question>The ohmmeter sh#@#@#21#hms.
</question>
<resact-grp>
<result button="ok" comp="button"/>
<action paperuse="0">
<return value="FAULT NOT FOUND"/>
</action>
</resact-grp>
<resact-grp>
<result button="notok" comp="button"/>
<action paperuse="0">
<ptxt>
<xref>
<ref id="KC08176232"/>
</xref>
</ptxt>
</action>
</resact-grp>
</node>
</testgrp>
<testgrp id="KC02228569" paperuse="0" testgrp-id="b3-2">
<title>
<phrase category="" id="KC08176233" phrase-urn="urn:x-nevis:phrase:0800c8af81d86ce8">Checking for op#@#@#5#rcuit</phrase>
</title>
<node>
<test1>
<test2>
<diaglist>
<dgraphic>
<dgraphic1>
<graphic id="KC08176234">
<href>0900c8af801281d#@#@#9#.jpeg</href>
</graphic>
</dgraphic1>
<dgraphic2>
<graphic id="KC08176235">
<href>0900c8af80054d4#@#@#9#.jpeg</href>
</graphic>
<smarttool active="press" id="KC08176236" toolname="ODAH"/>
</dgraphic2>
</dgraphic>
<ditem>
<ditemtext>
<ptxt>
<phrase category="" id="KC08176237" phrase-urn="urn:x-nevis:phrase:0800c8af81d86ce9">      There is #@#@#98# see <xref>
<ref id="KC08176238"/>
</xref>. </phrase>
</ptxt>
<ptxt>
<phrase category="" id="KC08176239" phrase-urn="urn:x-nevis:phrase:0800c8af81d86cea">   Rectify the #@#@#89#dule.</phrase>
</ptxt>
</ditemtext>
</ditem>
</diaglist>
</test2>
</test1>
<question>Press Continue #@#@#18#ired.</question>
<resact-grp>
<result button="cont" comp="button"/>
<action>
<return value="FAULT FOUND"/>
</action>
</resact-grp>
</node>
</testgrp>
</diagnostic>
</servinfosub>