<?xml version="1.0" encoding="UTF-8"?><script xmlns:nevis="http://www.volvocars.com/namespaces/processing" xmlns:xlink="http://www.w3.org/1999/xlink" IE-ID="en-US0900c8af81b3d511" docno="VCC-230060" id="nev9954421n1" nevis:expl-profile="mdl544yr2004, mdl545yr2004, mdl544yr2005, mdl545yr2005, mdl542yr2006, mdl544yr2006, mdl545yr2006, mdl542yr2007, mdl544yr2007, mdl545yr2007, mdl533yr2007, mdl544yr2008, mdl545yr2008, mdl533yr2008, mdl542yr2008, mdl533yr2009, mdl544yr2009, mdl545yr2009, mdl542yr2009, mdl544yr2010, mdl545yr2010, mdl542yr2010, mdl533yr2010, mdl533yr2011, mdl545yr2011, mdl542yr2011, mdl544yr2011, mdl544yr2012, mdl545yr2012, mdl533yr2012, mdl542yr2012, mdl530yr2011, mdl542yr2013, mdl533yr2013, mdl530yr2012, mdl530yr2013" nevis:profile="urn:x-nevis:profile:0b00c8af8020c058 urn:x-nevis:profile:0b00c8af8020c05a urn:x-nevis:profile:0b00c8af80da257b urn:x-nevis:profile:0b00c8af80da257d urn:x-nevis:profile:0b00c8af817ac33f urn:x-nevis:profile:0b00c8af823216e9 urn:x-nevis:profile:0b00c8af823216ee urn:x-nevis:profile:0b00c8af82e3ac56 urn:x-nevis:profile:0b00c8af82e5d02d urn:x-nevis:profile:0b00c8af82e5d352 urn:x-nevis:profile:0b00c8af82febdf9 urn:x-nevis:profile:0b00c8af839eaa60 urn:x-nevis:profile:0b00c8af839eacfa urn:x-nevis:profile:0b00c8af83aff6b3 urn:x-nevis:profile:0b00c8af83affa46 urn:x-nevis:profile:0b00c8af83f19e63 urn:x-nevis:profile:0b00c8af83f1a51f urn:x-nevis:profile:0b00c8af83f1a8d8 urn:x-nevis:profile:0b00c8af83f1ad9d urn:x-nevis:profile:0b00c8af8414dfad urn:x-nevis:profile:0b00c8af8414e27e urn:x-nevis:profile:0b00c8af8415509d urn:x-nevis:profile:0b00c8af841552ad urn:x-nevis:profile:0b00c8af847139c0 urn:x-nevis:profile:0b00c8af847139e3 urn:x-nevis:profile:0b00c8af847139e4 urn:x-nevis:profile:0b00c8af847139e6 urn:x-nevis:profile:0b00c8af84eb810f urn:x-nevis:profile:0b00c8af84eb8110 urn:x-nevis:profile:0b00c8af84eb8111 urn:x-nevis:profile:0b00c8af84eb8113 urn:x-nevis:profile:0b00c8af8512644f urn:x-nevis:profile:0b00c8af8520c261 urn:x-nevis:profile:0b00c8af8520c39e urn:x-nevis:profile:0b00c8af85330427 urn:x-nevis:profile:0b00c8af8568d0bf" nevis:projectdocument="urn:x-nevis:projectdocument:0800c8af81b3d510" nevis:resource="0900c8af81d74751" nevis:resource2="urn:x-nevis:fragment:0900c8af81b3d511:0900c8af81d74751#nev9954421n1" nevis:session-id="" qualifierinfotype="14:00" type="" xml:lang="en-US"><title>ACTIVATE FUNCTI#@#@#21#ARCOM</title><content gui="1" height="341" id="nev9954422n1-nev9954421n3" nevis:expl-profile="mdl544yr2004, mdl545yr2004, mdl544yr2005, mdl545yr2005, mdl542yr2006, mdl544yr2006, mdl545yr2006, mdl542yr2007, mdl544yr2007, mdl545yr2007, mdl533yr2007, mdl544yr2008, mdl545yr2008, mdl533yr2008, mdl542yr2008, mdl533yr2009, mdl544yr2009, mdl545yr2009, mdl542yr2009, mdl544yr2010, mdl545yr2010, mdl542yr2010, mdl533yr2010, mdl533yr2011, mdl545yr2011, mdl542yr2011, mdl544yr2011, mdl544yr2012, mdl545yr2012, mdl533yr2012, mdl542yr2012, mdl530yr2011, mdl542yr2013, mdl533yr2013, mdl530yr2012, mdl530yr2013" nevis:idfrom="nev9954422n1" nevis:prefix="nev9954422n1" nevis:profile="urn:x-nevis:profile:0b00c8af8020c058 urn:x-nevis:profile:0b00c8af8020c05a urn:x-nevis:profile:0b00c8af80da257b urn:x-nevis:profile:0b00c8af80da257d urn:x-nevis:profile:0b00c8af817ac33f urn:x-nevis:profile:0b00c8af823216e9 urn:x-nevis:profile:0b00c8af823216ee urn:x-nevis:profile:0b00c8af82e3ac56 urn:x-nevis:profile:0b00c8af82e5d02d urn:x-nevis:profile:0b00c8af82e5d352 urn:x-nevis:profile:0b00c8af82febdf9 urn:x-nevis:profile:0b00c8af839eaa60 urn:x-nevis:profile:0b00c8af839eacfa urn:x-nevis:profile:0b00c8af83aff6b3 urn:x-nevis:profile:0b00c8af83affa46 urn:x-nevis:profile:0b00c8af83f19e63 urn:x-nevis:profile:0b00c8af83f1a51f urn:x-nevis:profile:0b00c8af83f1a8d8 urn:x-nevis:profile:0b00c8af83f1ad9d urn:x-nevis:profile:0b00c8af8414dfad urn:x-nevis:profile:0b00c8af8414e27e urn:x-nevis:profile:0b00c8af8415509d urn:x-nevis:profile:0b00c8af841552ad urn:x-nevis:profile:0b00c8af847139c0 urn:x-nevis:profile:0b00c8af847139e3 urn:x-nevis:profile:0b00c8af847139e4 urn:x-nevis:profile:0b00c8af847139e6 urn:x-nevis:profile:0b00c8af84eb810f urn:x-nevis:profile:0b00c8af84eb8110 urn:x-nevis:profile:0b00c8af84eb8111 urn:x-nevis:profile:0b00c8af84eb8113 urn:x-nevis:profile:0b00c8af8512644f urn:x-nevis:profile:0b00c8af8520c261 urn:x-nevis:profile:0b00c8af8520c39e urn:x-nevis:profile:0b00c8af85330427 urn:x-nevis:profile:0b00c8af8568d0bf" nevis:resource="0900c8af81d74753" nevis:resource2="urn:x-nevis:fragment:0900c8af81b3d511:0900c8af81d74753#nev9954421n3" width="399" xml:lang="en-US"><nodes id="nev9954422n1-nev9954428n1"><node class="Components.StartNode" id="nev9954422n1-nev9954429n1" nodeid="Start" x="35" y="36"/><node class="Components.ScriptComponent" id="nev9954422n1-nev9954430n1" nodeid="ScriptComponent1" x="310" y="512"/><node class="Components.ScriptButton" id="nev9954422n1-nev9954431n1" nodeid="Stop" x="34" y="221"><gui height="30" id="nev9954422n1-nev9954432n1" width="110" x="139" y="289"/><property class="String" id="nev9954422n1-nev9954433n1" name="Text" type="In" value="Stop" visible="0"/><property class="String" id="nev9954422n1-nev9954434n1" name="StartDisabled" type="Internal" value="True" visible="1"/><extension id="nev9954422n1-nev9954435n1"><phrase category="script" id="nev9954422n1-nev9954425n1" phrase-urn="urn:x-nevis:phrase:0800c8af8178a3ba">Hold</phrase></extension></node><node class="Components.ScriptButton" id="nev9954422n1-nev9954436n1" nodeid="Activate" x="34" y="113"><gui height="30" id="nev9954422n1-nev9954437n1" width="110" x="15" y="289"/><property class="String" id="nev9954422n1-nev9954438n1" name="Text" type="In" value="Start" visible="0"/><property class="String" id="nev9954422n1-nev9954439n1" name="StartDisabled" type="Internal" value="false" visible="1"/><extension id="nev9954422n1-nev9954440n1"><phrase category="Faulttracing" id="nev9954422n1-nev9954424n1" phrase-urn="urn:x-nevis:phrase:0800c8af8178a380">Start</phrase></extension></node><node class="Components.ScriptButton" id="nev9954422n1-nev9954441n1" nodeid="Hide" x="32" y="348"><gui height="30" id="nev9954422n1-nev9954442n1" width="110" x="267" y="289"/><property class="String" id="nev9954422n1-nev9954443n1" name="Text" type="In" value="Hide" visible="0"/><property class="String" id="nev9954422n1-nev9954444n1" name="StartDisabled" type="Internal" value="false" visible="1"/><extension id="nev9954422n1-nev9954445n1"><phrase category="Faulttracing" id="nev9954422n1-nev9954426n1" phrase-urn="urn:x-nevis:phrase:0800c8af81b6b138">Hide</phrase></extension></node><node class="Components.VehComm" id="nev9954422n1-nev9954446n1" nodeid="A0:2" x="308" y="383"><property class="String" id="nev9954422n1-nev9954447n1" name="Mode" type="Internal" value="EcuType" visible="1"/><property class="Int" id="nev9954422n1-nev9954448n1" name="EcuType" type="In" value="831701" visible="0"/><property class="Int" id="nev9954422n1-nev9954449n1" name="ServiceId" type="In" value="27" visible="0"/><property class="String" id="nev9954422n1-nev9954450n1" name="EcuName" type="Out" value="" visible="1"/><property class="Response" id="nev9954422n1-nev9954451n1" name="Result" type="Out" value="" visible="1"/><extension id="nev9954422n1-nev9954452n1"/></node><node class="Components.Gui.ActivationList" id="nev9954422n1-nev9954453n1" nodeid="ActivationList1" x="302" y="57"><gui height="255" id="nev9954422n1-nev9954454n1" width="365" x="12" y="13"/><extension id="nev9954422n1-nev9954455n1"><identifier ecu="831701" ecuMode="EcuType" id="nev9954422n1-nev9954456n1" stop="16" type="REID" useRaw="true" value="0010" write="15"><parameter id="nev9954422n1-nev9954457n1" name="Front left window up switch" textid="5706"><value id="nev9954422n1-nev9954458n1" rawValues="Mask=01,Value=01" textid="5715"/></parameter><parameter id="nev9954422n1-nev9954459n1" name="Front left window down switch" textid="5704"><value id="nev9954422n1-nev9954460n1" rawValues="Mask=01,Value=02" textid="5715"/></parameter><parameter id="nev9954422n1-nev9954461n1" name="Front right window up switch" textid="5700"><value id="nev9954422n1-nev9954462n1" rawValues="Mask=01,Value=04" textid="5715"/></parameter><parameter id="nev9954422n1-nev9954463n1" name="Front right window down switch" textid="5711"><value id="nev9954422n1-nev9954464n1" rawValues="Mask=01,Value=08" textid="5715"/></parameter><parameter id="nev9954422n1-nev9954465n1" name="Rear left window up switch" textid="5717"><value id="nev9954422n1-nev9954466n1" rawValues="Mask=01,Value=10" textid="5715"/></parameter><parameter id="nev9954422n1-nev9954467n1" name="Rear left window down switch" textid="5720"><value id="nev9954422n1-nev9954468n1" rawValues="Mask=01,Value=20" textid="5715"/></parameter><parameter id="nev9954422n1-nev9954469n1" name="Rear right window up switch" textid="5721"><value id="nev9954422n1-nev9954470n1" rawValues="Mask=01,Value=40" textid="5715"/></parameter><parameter id="nev9954422n1-nev9954471n1" name="Rear right window down switch" textid="5722"><value id="nev9954422n1-nev9954472n1" rawValues="Mask=01,Value=80" textid="5715"/></parameter></identifier><identifier ecu="831701" ecuMode="EcuType" id="nev9954422n1-nev9954473n1" type="REID" useRaw="true" value="0011" write="15"><parameter id="nev9954422n1-nev9954474n1" name="Childsafety switch" textid="5723"><value id="nev9954422n1-nev9954475n1" rawValues="Mask=01,Value=01" textid="5715"/></parameter></identifier><identifier ecu="831701" ecuMode="EcuType" id="nev9954422n1-nev9954476n1" type="REID" useRaw="true" value="0013" write="15"><parameter id="nev9954422n1-nev9954477n1" name="Central lock switch, lock" textid="42859"><value id="nev9954422n1-nev9954478n1" rawValues="Mask=01,Value=02" textid="5715"/></parameter><parameter id="nev9954422n1-nev9954479n1" name="Central lock switch, unlock" textid="42860"><value id="nev9954422n1-nev9954480n1" rawValues="Mask=01,Value=01" textid="5715"/></parameter></identifier><identifier ecu="831701" ecuMode="EcuType" id="nev9954422n1-nev9954481n1" type="REID" useRaw="true" value="0020" write="15"><parameter id="nev9954422n1-nev9954482n1" name="Window motor up" textid="11456"><value id="nev9954422n1-nev9954483n1" rawValues="Mask=01,Value=01" textid="5715"/></parameter><parameter id="nev9954422n1-nev9954484n1" name="Window motor down" textid="11458"><value id="nev9954422n1-nev9954485n1" rawValues="Mask=01,Value=02" textid="5715"/></parameter></identifier></extension></node><node class="Components.VehComm" id="nev9954422n1-nev9954486n1" nodeid="A0:1" x="303" y="204"><property class="String" id="nev9954422n1-nev9954487n1" name="Mode" type="Internal" value="EcuType" visible="1"/><property class="Int" id="nev9954422n1-nev9954488n1" name="EcuType" type="In" value="831701" visible="0"/><property class="Int" id="nev9954422n1-nev9954489n1" name="ServiceId" type="In" value="27" visible="0"/><property class="String" id="nev9954422n1-nev9954490n1" name="EcuName" type="Out" value="" visible="1"/><property class="Response" id="nev9954422n1-nev9954491n1" name="Result" type="Out" value="" visible="1"/><extension id="nev9954422n1-nev9954492n1"/></node></nodes><handlers id="nev9954422n1-nev9954493n1"><eventhandler id="nev9954422n1-nev9954494n1" name="OnStart" node="Start"/><eventhandler id="nev9954422n1-nev9954495n1" name="Click" node="Hide"><call id="nev9954422n1-nev9954496n1" method="Execute" node="A0:2"/><call id="nev9954422n1-nev9954497n1" method="CloseDialog" node="ScriptComponent1"/></eventhandler><eventhandler id="nev9954422n1-nev9954498n1" name="Click" node="Activate"><call id="nev9954422n1-nev9954499n1" method="ActivateSelected" node="ActivationList1"/><call id="nev9954422n1-nev9954500n1" method="Enable" node="Stop"/><call id="nev9954422n1-nev9954501n1" method="Disable" node="Activate"/></eventhandler><eventhandler id="nev9954422n1-nev9954502n1" name="Click" node="Stop"><call id="nev9954422n1-nev9954503n1" method="Execute" node="A0:1"/><call id="nev9954422n1-nev9954504n1" method="Enable" node="Activate"/><call id="nev9954422n1-nev9954505n1" method="Disable" node="Stop"/></eventhandler></handlers></content></script>