<?xml version="1.0" encoding="UTF-8"?><servinfosub IE-ID="en-US0900c8af8094f511" docno="VCC-120243" id="KC01654974" xml:lang="en-US">
<title>Replacing tooth#@#@#11# belt</title>
<procedure opcode="1234" opnbr="1234">
<proctools>
<toolitem id="KC06785550"/>
<toolitem id="KC06785551"/>
<toolitem id="KC06785552"/>
<toolitem id="KC06785553"/>
<toolitem id="KC06785554"/>
</proctools>
<stepgrp id="KC01662338">
<procstep>
<title>General</title>
<note>
<ptxt>Service interva#@#@#35#ley: <emph>165 000 km / 10#@#@#6#miles</emph>.</ptxt>
</note>
</procstep>
<procstep id="KC01683244">
<title>Remove auxiliar#@#@#3# belt</title>
<grate>
<graphic id="KC06785555">
<href>0900c8af80124b1#@#@#9#.jpeg</href>
</graphic>
<graphtext>
<list1 enumtype="d">
<item>
<ptxt>Remove the righ#@#@#66# unit</ptxt>
</item>
<item>
<ptxt>Release the aux#@#@#47#wise </ptxt>
</item>
<item>
<ptxt>Remove the auxi#@#@#7# belt</ptxt>
</item>
<item>
<ptxt>Release the bel#@#@#26#ise).</ptxt>
</item>
</list1>
</graphtext>
</grate>
</procstep>
<procstep id="KC01683245">
<title>Remove upper ti#@#@#11#overs</title>
<grate>
<graphic id="KC06785556">
<href>0900c8af801236c#@#@#9#.jpeg</href>
</graphic>
<graphtext>
<list1 enumtype="d">
<item>
<ptxt>Remove two scre#@#@#57# side</ptxt>
</item>
<item>
<ptxt>Remove the scre#@#@#20# off.</ptxt>
</item>
</list1>
</graphtext>
</grate>
</procstep>
<procstep id="KC01683246">
<title>Install lifting#@#@#16#g lug</title>
<grate>
<graphic id="KC06785557">
<href>0900c8af80123c5#@#@#9#.jpeg</href>
</graphic>
<graphtext>
<note>
<ptxt>Remove the nut #@#@#17#port.</ptxt>
</note>
<para>
<ptxt>Position the li#@#@#6#beam <toolitem id="KC06785558"/> centrally abov#@#@#37#lugs <toolitem id="KC06785559"/> in the lifting#@#@#2#yes. </ptxt>
<ptxt>Install the ext#@#@#6#port <toolitem id="KC06785560"/> (if necessary).</ptxt>
<ptxt>Lift the engine#@#@#21#ront.</ptxt>
</para>
</graphtext>
</grate>
</procstep>
<procstep id="KC01683247">
<title>Remove engine m#@#@#22# side</title>
<grate>
<graphic id="KC06785561">
<href>0900c8af801235d#@#@#9#.jpeg</href>
</graphic>
<graphtext>
<list1 enumtype="d">
<item>
<ptxt>Remove three bo#@#@#87#ber. </ptxt>
</item>
</list1>
</graphtext>
</grate>
</procstep>
<procstep id="KC01683248">
<title>Remove lower ti#@#@#10#cover</title>
<grate>
<graphic id="KC06785562">
<href>0900c8af80124b1#@#@#9#.jpeg</href>
</graphic>
<graphtext>
<list1 enumtype="d">
<item>
<ptxt>Undo bottom cov#@#@#17#ards.</ptxt>
</item>
</list1>
</graphtext>
</grate>
</procstep>
<procstep>
<title>Remove engine b#@#@#1#acket</title>
<grate>
<graphic id="KC06785563">
<href>0900c8af801246a#@#@#9#.jpeg</href>
</graphic>
<graphtext>
<list1 enumtype="d">
<item>
<ptxt>Remove the four#@#@#31#gine.</ptxt>
<ptxt>Lift engine if #@#@#5#sary.</ptxt>
</item>
</list1>
</graphtext>
</grate>
<para>
<ptxt>Turn wheel to t#@#@#4#ight.</ptxt>
<ptxt>Open lid in sid#@#@#3#over.</ptxt>
</para>
</procstep>
<procstep id="KC01683249">
<title>Align timing ge#@#@#38#kings</title>
<grate>
<graphic id="KC06785564">
<href>0900c8af801246a#@#@#9#.jpeg</href>
</graphic>
<graphtext>
<para>
<ptxt>Place the upper#@#@#14#tion.</ptxt>
<ptxt>Turn the cranks#@#@#132#ing. </ptxt>
<ptxt>Remove upper re#@#@#11#over.</ptxt>
</para>
</graphtext>
</grate>
</procstep>
<procstep id="KC01683250">
<title>Remove timing b#@#@#14# side</title>
<grate>
<graphic id="KC06785565">
<href>0900c8af801235c#@#@#9#.jpeg</href>
</graphic>
<graphtext>
<list1 enumtype="d">
<item>
<ptxt>Remove bolt (A)#@#@#18#r off</ptxt>
</item>
<item>
<ptxt>Remove timing b#@#@#20#wards</ptxt>
</item>
<item>
<ptxt>Clean and check#@#@#6#ears.</ptxt>
</item>
</list1>
</graphtext>
</grate>
</procstep>
<procstep id="KC01683251">
<title>Check idler pulley</title>
<grate>
<graphic id="KC06785566">
<href>0900c8af801235c#@#@#9#.jpeg</href>
</graphic>
<graphtext>
<ptxt>Rotate the pull#@#@#54#ing. </ptxt>
<ptxt>When replacing:#@#@#24#lley <emph>25 Nm</emph>. </ptxt>
<para>
<ptxt>Check that all #@#@#54#oth. </ptxt>
</para>
</graphtext>
</grate>
</procstep>
<procstep id="KC01683252">
<title>Remove the engi#@#@#10#uards</title>
<grate>
<graphic id="KC06785567">
<href>0900c8af8012370#@#@#9#.jpeg</href>
</graphic>
<graphtext>
<list1 enumtype="d">
<title>Remove:</title>
<item>
<ptxt>rear</ptxt>
</item>
<item>
<ptxt>front.</ptxt>
</item>
</list1>
</graphtext>
</grate>
</procstep>
<procstep id="KC01683253">
<title>Remove timing b#@#@#12# side</title>
<grate>
<graphic id="KC06785568">
<href>0900c8af801236d#@#@#9#.jpeg</href>
</graphic>
<graphtext>
<list1 enumtype="d">
<item>
<ptxt>Remove the two #@#@#18#w cap</ptxt>
</item>
<item>
<ptxt>Remove the timi#@#@#43#ment </ptxt>
</item>
<item>
<ptxt>Clean surrounding.</ptxt>
</item>
</list1>
</graphtext>
</grate>
</procstep>
</stepgrp>
<stepgrp id="KC01662349">
<procstep id="KC01683254">
<title>Install timing #@#@#13# side</title>
<para>
<ptxt>Place the timin#@#@#34#lock.</ptxt>
<ptxt>Route belt upwards.</ptxt>
</para>
</procstep>
<procstep id="KC01683255">
<title>Install cover plates</title>
<grate>
<graphic id="KC06785569">
<href>0900c8af801236d#@#@#9#.jpeg</href>
</graphic>
<graphtext>
<list1 enumtype="d">
<item>
<ptxt>Place the lower#@#@#28#bolts</ptxt>
</item>
<item>
<ptxt>Place the front#@#@#25#ards.</ptxt>
</item>
</list1>
</graphtext>
</grate>
</procstep>
<procstep id="KC01683256">
<title>Install new tim#@#@#24#ulley</title>
<grate>
<graphic id="KC06785570">
<href>0900c8af8012467#@#@#9#.jpeg</href>
</graphic>
<graphtext>
<list1 enumtype="d">
<item>
<ptxt>Check timing marks</ptxt>
</item>
<item>
<ptxt>Position the ne#@#@#36# (A) </ptxt>
</item>
<item>
<ptxt>Turn excenter f#@#@#41#ture </ptxt>
</item>
<item>
<ptxt>Route the belt #@#@#45#y (2)</ptxt>
</item>
<item>
<ptxt>Route the belt #@#@#24#3.4) </ptxt>
</item>
<item>
<ptxt>Route the belt #@#@#52#y (6)</ptxt>
</item>
<item>
<ptxt>Install upper r#@#@#38#hten)</ptxt>
</item>
<item>
<ptxt>Check alignment.</ptxt>
</item>
</list1>
</graphtext>
</grate>
</procstep>
<procstep id="KC01683257">
<title>Adjusting timin#@#@#9#nsion</title>
<grate>
<graphic id="KC06785571">
<href>0900c8af801235c#@#@#9#.jpeg</href>
</graphic>
<graphtext>
<list1 enumtype="d">
<item>
<ptxt>Tighten bolt (B#@#@#4# 3 Nm</ptxt>
</item>
<item>
<ptxt>Place a 6 mm he#@#@#53#wise <emph>until the tooth#@#@#15#ioned</emph>
</ptxt>
</item>
<item>
<ptxt>Move the adjust#@#@#43# (A) </ptxt>
</item>
<item>
<ptxt>Tighten the bol#@#@#4#) to <emph>20 Nm</emph> without moving#@#@#9#ioner</ptxt>
</item>
<item>
<ptxt>Re-adjust if ne#@#@#3#sary </ptxt>
</item>
<item>
<ptxt>Press pin (A) c#@#@#32#heck.</ptxt>
</item>
</list1>
</graphtext>
</grate>
</procstep>
<procstep id="KC01683258">
<title>Check timing be#@#@#5#nsion</title>
<grate>
<graphic id="KC06785572">
<href>0900c8af8012467#@#@#9#.jpeg</href>
</graphic>
<graphtext>
<list1 enumtype="d">
<item>
<ptxt>Rotate the cran#@#@#133#cover</ptxt>
</item>
<item>
<ptxt>Check the adjus#@#@#52#dle) </ptxt>
</item>
<item>
<ptxt>Adjust again if#@#@#11# see <xref>
<ref id="KC06785573"/>
</xref>
</ptxt>
<note>
<ptxt>After adjustmen#@#@#26#wice.</ptxt>
</note>
</item>
<item>
<ptxt>Remove upper ti#@#@#6#over.</ptxt>
</item>
</list1>
</graphtext>
</grate>
</procstep>
<procstep>
<title>Install engine #@#@#2#acket</title>
<grate>
<graphic id="KC06785574">
<href>0900c8af801246a#@#@#9#.jpeg</href>
</graphic>
<graphtext>
<ptxt>Clean mounting #@#@#54#rque <emph>35 Nm + 75°</emph>.</ptxt>
</graphtext>
</grate>
</procstep>
<procstep id="KC01683259">
<title>Install timing #@#@#6#overs</title>
<grate>
<graphic id="KC06785575">
<href>0900c8af801236c#@#@#9#.jpeg</href>
</graphic>
<graphtext>
<list1 enumtype="d">
<title>Install:</title>
<item>
<ptxt>lower timing ge#@#@#47#ings </ptxt>
</item>
<item>
<ptxt>the top cover (#@#@#25#ting <emph>10 Nm </emph>
</ptxt>
</item>
<item>
<ptxt>the top timing #@#@#13#hten.</ptxt>
<note>
<ptxt>Close lid in si#@#@#31#ight.</ptxt>
</note>
</item>
</list1>
</graphtext>
</grate>
</procstep>
<procstep id="KC01683260">
<title>Install auxilia#@#@#4# belt</title>
<grate>
<graphic id="KC06785576">
<href>0900c8af80124b1#@#@#9#.jpeg</href>
</graphic>
<graphtext>
<list1 enumtype="d">
<item>
<ptxt>Clean the pulle#@#@#4#ooves</ptxt>
</item>
<item>
<ptxt>Turn the tensio#@#@#16#kwise</ptxt>
</item>
<item>
<ptxt>Install the aux#@#@#23#rated</ptxt>
</item>
<item>
<ptxt>Release the bel#@#@#25#wise)</ptxt>
</item>
<item>
<ptxt>Tighten the bra#@#@#11#e to <emph>10 Nm</emph>
</ptxt>
</item>
<item>
<ptxt>Install power s#@#@#16#rque <emph>10 Nm</emph>.</ptxt>
</item>
</list1>
</graphtext>
</grate>
</procstep>
<procstep id="KC01683261">
<title>Install engine #@#@#25# side</title>
<grate>
<graphic id="KC06785577">
<href>0900c8af801233f#@#@#9#.jpeg</href>
</graphic>
<graphtext>
<list1 enumtype="d">
<item>
<ptxt>Position the su#@#@#44#) to <emph> 67 Nm</emph>
</ptxt>
</item>
<item>
<ptxt>Loosely install#@#@#25#pport</ptxt>
</item>
<item>
<ptxt>Remove the lift#@#@#4#beam <toolitem id="KC06785578"/>
</ptxt>
</item>
<item>
<ptxt>Tighten the bod#@#@#16#t to <emph>98 Nm</emph>. </ptxt>
</item>
</list1>
<para>
<title>Test drive engine</title>
<ptxt>Start the engin#@#@#16#tion.</ptxt>
</para>
<list1 enumtype="d">
<item>
<ptxt>Install the rig#@#@#48#over.</ptxt>
</item>
</list1>
</graphtext>
</grate>
</procstep>
</stepgrp>
</procedure>
</servinfosub>