<?xml version="1.0" encoding="UTF-8"?><servinfosub IE-ID="en-US0900c8af8011d511" docno="VCC-115093" id="KC01111590" xml:lang="en-US">
<title>
<phrase category="" id="KC09359046" phrase-urn="urn:x-nevis:phrase:0800c8af826e88a8">Capacitance too#@#@#17#fault</phrase>
</title>
<diagnostic j2008use="1" paperuse="1" screenuse="1" type="test">
<testgrp IE-ID="en-US0900c8af8011d511_KC01111591" id="KC01111591" j2008use="1" paperuse="1" resumable="1" screenuse="1" testgrp-id="s1" x="120" y="120">
<title>
<phrase category="" id="KC09359047" phrase-urn="urn:x-nevis:phrase:0800c8af826e88a9">Checking the co#@#@#2#onent</phrase>
</title>
<node>
<test1>
<diaglist>
<dgraphic>
<dgraphic1>
<graphic id="KC09359048">
<href>0900c8af80054d5#@#@#9#.jpeg</href>
</graphic>
</dgraphic1>
<dgraphic2>
<graphic id="KC09359049">
<href>0900c8af80054d7#@#@#9#.jpeg</href>
</graphic>
</dgraphic2>
</dgraphic>
<ditem>
<ptxt>
<phrase category="" id="KC09359050" phrase-urn="urn:x-nevis:phrase:0800c8af826e88aa">Ignition off</phrase>
</ptxt>
</ditem>
<ditem>
<ptxt>
<phrase category="" id="KC09359051" phrase-urn="urn:x-nevis:phrase:0800c8af826e88ab">Disconnect the #@#@#50# side</phrase>
</ptxt>
</ditem>
<ditem>
<ptxt>
<phrase category="" id="KC09359052" phrase-urn="urn:x-nevis:phrase:0800c8af826e88ac">Connect special#@#@#1#tool <toolitem id="KC09359053"/> to the airbag #@#@#35#side </phrase>
</ptxt>
</ditem>
<ditem>
<warning>
<ptxt>
<phrase category="" id="KC09359054" phrase-urn="urn:x-nevis:phrase:0800c8af826e88ad">Under no circum#@#@#156#bag! </phrase>
</ptxt>
</warning>
<note>
<ptxt>
<phrase category="" id="KC09359055" phrase-urn="urn:x-nevis:phrase:0800c8af826e88ae">The special too#@#@#133#rder.</phrase>
</ptxt>
</note>
</ditem>
<ditem>
<ptxt>
<phrase category="" id="KC09359056" phrase-urn="urn:x-nevis:phrase:0800c8af826e88af">Switch on the i#@#@#20#onds.</phrase>
</ptxt>
</ditem>
</diaglist>
<test2>
<para>
<ptxt>
<phrase category="" id="KC09359057" phrase-urn="urn:x-nevis:phrase:0800c8af826e88b0">Read off diagno#@#@#21#TCs).</phrase>
</ptxt>
<ptxt>
<phrase category="" id="KC09359058" phrase-urn="urn:x-nevis:phrase:0800c8af826e88b1">Try a new airba#@#@#112#ault.</phrase>
</ptxt>
</para>
<list1 enumtype="d" type="unordered">
<title>
<phrase category="" id="KC09359059" phrase-urn="urn:x-nevis:phrase:0800c8af826e88b2">Other information:</phrase>
</title>
<item>
<ptxt>
<phrase category="" id="KC09359060" phrase-urn="urn:x-nevis:phrase:0800c8af826e88b3">To access and r#@#@#39# see <xref>
<ref id="KC09359061"/>
</xref>
</phrase>
</ptxt>
</item>
<item>
<ptxt>
<phrase category="" id="KC09359062" phrase-urn="urn:x-nevis:phrase:0800c8af826e88b4">To check the sp#@#@#11# see <xref>
<ref id="KC09359063"/>
</xref>. </phrase>
</ptxt>
</item>
</list1>
<diaglist>
<dgraphic>
<dgraphic2>
<graphic id="KC09359064">
<href>0900c8af86c8681#@#@#9#.jpeg</href>
</graphic>
<smarttool active="press" id="KC09359065" toolname="XSRSAE01"/>
</dgraphic2>
</dgraphic>
<ditem>
<ditemtext>
<ptxt>
<phrase category="" id="KC09359066" phrase-urn="urn:x-nevis:phrase:0800c8af826e88b5"/>
</ptxt>
</ditemtext>
</ditem>
</diaglist>
</test2>
</test1>
<question>
Does the statu#@#@#42#nge?
</question>
<resact-grp>
<result button="yes" comp="button" highlight="0"/>
<action j2008use="1" paperuse="1" screenuse="1">
<ptxt>
<xref>
<ref id="KC09359068"/>
</xref>
</ptxt>
</action>
</resact-grp>
<resact-grp>
<result button="no" comp="button" highlight="0"/>
<action j2008use="1" paperuse="1" screenuse="1">
<ptxt>
<xref>
<ref id="KC09359069"/>
</xref>
</ptxt>
</action>
</resact-grp>
</node>
</testgrp>
<testgrp id="KC01111592" j2008use="1" paperuse="1" resumable="1" screenuse="1" testgrp-id="node1" x="120" y="200">
<title>
<phrase category="" id="KC09359070" phrase-urn="urn:x-nevis:phrase:0800c8af826e88b7">Checking compon#@#@#10#iring</phrase>
</title>
<node>
<test1>
<diaglist>
<dgraphic>
<dgraphic1>
<graphic id="KC09359071">
<href>0900c8af80054d4#@#@#9#.jpeg</href>
</graphic>
</dgraphic1>
</dgraphic>
<ditem>
<ptxt>
<phrase category="" id="KC09359072" phrase-urn="urn:x-nevis:phrase:0800c8af826e88b8">Ignition off</phrase>
</ptxt>
</ditem>
<ditem>
<ptxt>
<phrase category="" id="KC09359073" phrase-urn="urn:x-nevis:phrase:0800c8af826e88b9">Disconnect spec#@#@#4#tool <toolitem id="KC09359074"/> from the airba#@#@#37#side.</phrase>
</ptxt>
</ditem>
</diaglist>
<test2>
<warning>
<ptxt>
<phrase category="" id="KC09359075" phrase-urn="urn:x-nevis:phrase:0800c8af826e88ba">Under no circum#@#@#156#bag! </phrase>
</ptxt>
</warning>
<caution>
<ptxt>
<phrase category="" id="KC09359076" phrase-urn="urn:x-nevis:phrase:0800c8af826e88bb">Do not touch th#@#@#117#ule. </phrase>
</ptxt>
</caution>
<para>
<ptxt>
<phrase category="" id="KC09359077" phrase-urn="urn:x-nevis:phrase:0800c8af826e88bc">Check the cable#@#@#184#g to <xref>
<ref id="KC09359078"/>
</xref>.</phrase>
</ptxt>
</para>
<para>
<ptxt>
<phrase category="" id="KC09359079" phrase-urn="urn:x-nevis:phrase:0800c8af826e88bd">Connect special#@#@#1#tool <toolitem id="KC09359080"/> to the airbag #@#@#36#ide. </phrase>
</ptxt>
<ptxt>
<phrase category="" id="KC09359081" phrase-urn="urn:x-nevis:phrase:0800c8af826e88be">Check the conta#@#@#303#ance.</phrase>
</ptxt>
</para>
<para>
<ptxt>
<phrase category="" id="KC09359082" phrase-urn="urn:x-nevis:phrase:0800c8af826e88bf">Remedy as necessary.</phrase>
</ptxt>
</para>
<list1 enumtype="d" type="unordered">
<title>
<phrase category="" id="KC09359083" phrase-urn="urn:x-nevis:phrase:0800c8af826e88c0">Other information:</phrase>
</title>
<item>
<ptxt>
<phrase category="" id="KC09359084" phrase-urn="urn:x-nevis:phrase:0800c8af826e88c1">To access and r#@#@#40# see <xref>
<ref id="KC09359085"/>
</xref>
</phrase>
</ptxt>
</item>
<item>
<ptxt>
<phrase category="" id="KC09359086" phrase-urn="urn:x-nevis:phrase:0800c8af826e88c2">To access the c#@#@#33# see <xref>
<ref id="KC09359087"/>
</xref>
</phrase>
</ptxt>
</item>
<item>
<ptxt>
<phrase category="" id="KC09359088" phrase-urn="urn:x-nevis:phrase:0800c8af826e88c3">To access and r#@#@#24# see <xref>
<ref id="KC09359089"/>
</xref>
</phrase>
</ptxt>
</item>
<item>
<ptxt>
<phrase category="" id="KC09359090" phrase-urn="urn:x-nevis:phrase:0800c8af826e88c4">To connect the #@#@#13# see <xref>
<ref id="KC09359091"/>
</xref>
</phrase>
</ptxt>
</item>
<item>
<ptxt>
<phrase category="" id="KC09359092" phrase-urn="urn:x-nevis:phrase:0800c8af826e88c5">With the igniti#@#@#200#inite</phrase>
</ptxt>
</item>
<item>
<ptxt>
<phrase category="" id="KC09359093" phrase-urn="urn:x-nevis:phrase:0800c8af826e88c6">For information#@#@#32# see <xref>
<ref id="KC09359094"/>
</xref>
</phrase>
</ptxt>
</item>
<item>
<ptxt>
<phrase category="" id="KC09359095" phrase-urn="urn:x-nevis:phrase:0800c8af826e88c7">For other value#@#@#2# see <xref>
<ref id="KC09359096"/>
</xref>. </phrase>
</ptxt>
</item>
</list1>
<diaglist>
<dgraphic>
<dgraphic1>
<graphic id="KC09359097">
<href>0900c8af80058d2#@#@#9#.jpeg</href>
</graphic>
</dgraphic1>
<dgraphic2>
<graphic id="KC09359098">
<href>0900c8af80054d4#@#@#9#.jpeg</href>
</graphic>
<smarttool active="press" id="KC09359099" toolname="ODAH"/>
</dgraphic2>
</dgraphic>
<ditem>
<ditemtext>
<ptxt>
<phrase category="" id="KC09359100" phrase-urn="urn:x-nevis:phrase:0800c8af826e88c8"/>
</ptxt>
</ditemtext>
</ditem>
</diaglist>
<grate>
<graphic id="KC09359101">
<href>0900c8af80058a2#@#@#9#.jpeg</href>
</graphic>
</grate>
</test2>
</test1>
<question>
Select "Contin#@#@#34#ed. 
</question>
<resact-grp>
<result button="cont" comp="button" highlight="0"/>
<action j2008use="1" paperuse="1" screenuse="1">
<ptxt>
<xref>
<ref id="KC09359103"/>
</xref>
</ptxt>
</action>
</resact-grp>
</node>
</testgrp>
<testgrp id="KC01111593" j2008use="1" paperuse="1" resumable="1" screenuse="1" testgrp-id="veri" x="120" y="280">
<title>
<phrase category="" id="KC09359104" phrase-urn="urn:x-nevis:phrase:0800c8af826e88ca">Verification</phrase>
</title>
<subcalloutnode>
<diagcallout>
<xref>
<ref id="KC09359105"/>
</xref>
</diagcallout>
<rescall-grp>
<result comp="string" highlight="0" op="eq" return="VERIFIED"/>
<calloutaction>
<return value="FAULT FOUND"/>
</calloutaction>
</rescall-grp>
<rescall-grp>
<result comp="string" highlight="0" op="eq" return="VERIFICATION FAILED"/>
<calloutaction>
<ptxt>
<xref>
<ref id="KC09359106"/>
</xref>
</ptxt>
</calloutaction>
</rescall-grp>
</subcalloutnode>
</testgrp>
<testgrp id="KC01111594" j2008use="1" paperuse="1" resumable="1" screenuse="1" testgrp-id="info1" x="280" y="120">
<title>
<phrase category="" id="KC09359107" phrase-urn="urn:x-nevis:phrase:0800c8af826e88cb">Fault-tracing i#@#@#5#ation</phrase>
</title>
<subcalloutnode>
<diagcallout>
<xref>
<ref id="KC09359108"/>
</xref>
</diagcallout>
<rescall-grp>
<result comp="string" highlight="0" op="eq" return="FAULTTRACING FAILED"/>
<calloutaction>
<return value="FAULT NOT FOUND"/>
</calloutaction>
</rescall-grp>
<rescall-grp>
<result comp="string" highlight="0" op="eq" return="NEW TRY"/>
<calloutaction>
<ptxt>
<xref>
<ref id="KC09359109"/>
</xref>
</ptxt>
</calloutaction>
</rescall-grp>
</subcalloutnode>
</testgrp>
</diagnostic>
</servinfosub>