<?xml version="1.0" encoding="UTF-8"?><servinfosub IE-ID="en-US0900c8af8068d109" docno="VCC-083810" id="KC02226040" xml:lang="en-US">
<title>Modifying bumpe#@#@#1# rail</title>
<procedure opcode="1234" opnbr="1234">
<procstep id="KC02277504">
<title/>
<grate>
<graphic id="KC08563671" width="column">
<href>0900c8af8068d11#@#@#9#.jpeg</href>
</graphic>
<graphtext>
<ptxt>A new rear bump#@#@#259#ars.
</ptxt>
<ptxt>This Service Bu#@#@#12#ibes:</ptxt>
<ptxt>Section A Modif#@#@#48#ting <emph>(illustration A)</emph>.</ptxt>
<note>
<ptxt>The shaded comp#@#@#54#part.</ptxt>
</note>
<ptxt>Section B Modif#@#@#44#ting <emph>(illustration B)</emph>.</ptxt>
<ptxt>The illustratio#@#@#86#ted.
</ptxt>
</graphtext>
</grate>
</procstep>
<stepgrp>
<title>Modifying new b#@#@#34#ting
</title>
<procstep id="KC02277505">
<title>Drill:</title>
<grate>
<graphic id="KC08563672" width="column">
<href>0900c8af8068d11#@#@#9#.jpeg</href>
</graphic>
<graphtext>
<list1 type="unordered">
<item>
<ptxt>hole (A) with a <emph>35 mm</emph> hole saw in pu#@#@#4#mark.</ptxt>
</item>
<item>
<ptxt>hole (B) with a <emph>21 mm</emph> hole saw in pu#@#@#4#mark.</ptxt>
</item>
<item>
<ptxt>hole (C) accord#@#@#37#th a <emph>35
mm</emph> hole saw.</ptxt>
</item>
</list1>
<ptxt>(If there is no#@#@#34#ing).</ptxt>
</graphtext>
</grate>
</procstep>
<procstep id="KC02277506">
<title>Install:</title>
<grate>
<graphic id="KC08563673" width="column">
<href>0900c8af8068d11#@#@#9#.jpeg</href>
</graphic>
<graphtext>
<list1 type="unordered">
<item>
<ptxt>washer (D) (P/N#@#@#85#rail.</ptxt>
</item>
<item>
<ptxt>rail to bumper #@#@#1#over.</ptxt>
</item>
<item>
<ptxt>bumper to bodyw#@#@#11#rews.</ptxt>
</item>
</list1>
<ptxt>The illustratio#@#@#56#rted.</ptxt>
</graphtext>
</grate>
</procstep>
</stepgrp>
<stepgrp>
<title>Modifying old b#@#@#32#ting
</title>
<procstep id="KC02277507">
<title>Mark and in dri#@#@#23#cket:</title>
<grate>
<graphic id="KC08563674" width="column">
<href>0900c8af8068d11#@#@#9#.jpeg</href>
</graphic>
<graphtext>
<ptxt>Position bracke#@#@#131#cket.</ptxt>
</graphtext>
</grate>
</procstep>
<procstep id="KC02277508">
<title/>
<ptxt>Mark up bracket#@#@#111# saw.</ptxt>
<ptxt>The illustratio#@#@#56#rted.</ptxt>
</procstep>
<procstep id="KC02277509">
<title>Installing the #@#@#30#work
</title>
<grate>
<graphic id="KC08563675" width="column">
<href>0900c8af8068d11#@#@#9#.jpeg</href>
</graphic>
<graphtext>
<ptxt>Install bumper #@#@#125#ket.
</ptxt>
</graphtext>
</grate>
</procstep>
<procstep id="KC02277510">
<title>Drill holes in #@#@#14#pacer</title>
<ptxt>Use holes (A) i#@#@#90#acer.</ptxt>
<ptxt>The illustratio#@#@#56#rted.</ptxt>
</procstep>
<procstep id="KC02277511">
<title>Treat with rust#@#@#9#agent</title>
<ptxt>Remove bumper r#@#@#65#-5).
</ptxt>
</procstep>
<procstep id="KC02277512">
<title>Assembling bump#@#@#16#ckets</title>
<grate>
<graphic id="KC08563676" width="column">
<href>0900c8af8068d11#@#@#9#.jpeg</href>
</graphic>
<graphtext>
<ptxt>Position bracke#@#@#136#tape.</ptxt>
<ptxt>The illustratio#@#@#56#rted.</ptxt>
</graphtext>
</grate>
</procstep>
<procstep id="KC02277513">
<title>Securing bumper#@#@#2#o car</title>
<grate>
<graphic id="KC08563677" width="column">
<href>0900c8af8068d11#@#@#9#.jpeg</href>
</graphic>
<graphtext>
<list1 type="unordered">
<item>
<ptxt>Secure both end#@#@#46#rews.</ptxt>
</item>
<item>
<ptxt>Adjust bumper. #@#@#41#sary.</ptxt>
</item>
<item>
<ptxt>Remove bumper a#@#@#29#ing.
</ptxt>
</item>
<item>
<ptxt>Secure bumper t#@#@#91# nut.</ptxt>
</item>
<item>
<ptxt>Treat nut with #@#@#24#63-5.</ptxt>
</item>
</list1>
<hint>
<ptxt>The illustratio#@#@#56#rted.</ptxt>
</hint>
</graphtext>
</grate>
</procstep>
</stepgrp>
</procedure>
</servinfosub>