<?xml version="1.0" encoding="UTF-8"?><servinfosub IE-ID="en-US0900c8af87b08109" docno="VCC-502239" id="nev27915916n1" original="sv-SE" servinfosubId="nev27915917n1-nev27915916n4" servinfosubRes="0900c8af87b7b8bc" servinfosubRes2="urn:x-nevis:fragment:0900c8af87b08109:0900c8af87b7b8bc#nev27915916n4" xml:lang="en-US">
<operationnumbers>
<operationnumber>35402-2</operationnumber>
</operationnumbers>
<title id="nev27915916n2">Lighting, inter#@#@#4#front</title>
<procedure id="nev27915917n1-nev28015030n2">
<stepgrp boilerplate="false" context="" id="nev27915917n1-nev28015724n84">
<title id="nev27915917n1-0800c8af844a46f7">Removal and Ins#@#@#4#ation</title>
<procstep id="nev27915917n1-nev28015724n95">
<para id="nev27915917n1-nev28015724n82">
<ptxt id="nev27915917n1-nev28015724n83">Follow the inst#@#@#30#e OHC<xref boilerplate="true" id="nev27915917n1-0800c8af87b7b55d">
<ref id="nev27915917n1-nev28015724n86"/>
</xref>
</ptxt>
</para>
</procstep>
</stepgrp>
</procedure>
</servinfosub>