<?xml version="1.0" encoding="UTF-8"?><servinfosub IE-ID="en-US0900c8af84c26109" docno="VCC-404887" id="nev15172429n1" xml:lang="en-US">
<title>
<phrase category="Title" id="nev15172429n2" phrase-urn="urn:x-nevis:phrase:0800c8af81eb9a59">Fault-tracing</phrase>
</title>
<diagnostic j2008use="1" layout="1" paperuse="1" screenuse="1" type="test">
<testgrp IE-ID="en-US0900c8af84c26109_nev15172429n3" id="nev15172429n3" j2008use="1" paperuse="1" resumable="1" screenuse="1" testgrp-id="node1" x="80" y="80">
<title>
<phrase category="" id="nev15172429n4" phrase-urn="urn:x-nevis:phrase:0800c8af8270977b">Checking the co#@#@#13#iring</phrase>
</title>
<node>
<test1>
<test2>
<para>
<ptxt>
<phrase category="" id="nev15172429n5" phrase-urn="urn:x-nevis:phrase:0800c8af8270977c">Check the camsh#@#@#72#tion.</phrase>
</ptxt>
</para>
<para>
<ptxt>
<phrase category="Faulttracing" id="nev15172429n6" phrase-urn="urn:x-nevis:phrase:0800c8af84c260c2">Check the signa#@#@#102#ound.</phrase>
</ptxt>
</para>
<para>
<ptxt>
<phrase category="" id="nev15172429n7" phrase-urn="urn:x-nevis:phrase:0800c8af8270977e">Remedy as necessary.</phrase>
</ptxt>
</para>
<list1 enumtype="d" type="unordered">
<title>
<phrase category="" id="nev15172429n8" phrase-urn="urn:x-nevis:phrase:0800c8af8270977f">Other information</phrase>
</title>
<item>
<ptxt>
<xref id="nev15312528n100">
<ref id="nev15172429n10"/>
</xref>
</ptxt>
</item>
<item>
<ptxt>
<xref id="nev15312528n98">
<ref id="nev15172430n2"/>
</xref>
</ptxt>
</item>
<item>
<ptxt>
<xref id="nev15172430n3">
<ref id="nev15172430n4"/>
</xref>
</ptxt>
</item>
<item>
<ptxt>
<xref id="nev15172430n5">
<ref id="nev15172430n6"/>
</xref>
</ptxt>
</item>
</list1>
<diaglist>
<dgraphic>
<dgraphic1>
<graphic id="nev15172430n7">
<href>0900c8af807311a#@#@#9#.jpeg</href>
</graphic>
</dgraphic1>
</dgraphic>
</diaglist>
<grate>
<graphic id="nev15172430n8">
<href>0900c8af8073115#@#@#9#.jpeg</href>
</graphic>
</grate>
</test2>
</test1>
<question>
Select Continue.
</question>
<resact-grp>
<result button="cont" comp="button" highlight="0"/>
<action j2008use="1" paperuse="1" screenuse="1">
<ptxt>
<xref>
<ref id="nev15172430n10"/>
</xref>
</ptxt>
</action>
</resact-grp>
</node>
</testgrp>
<testgrp id="nev15172431n1" j2008use="1" paperuse="1" resumable="1" screenuse="1" testgrp-id="veri" x="180" y="180">
<title>
<phrase category="" id="nev15172431n2" phrase-urn="urn:x-nevis:phrase:0800c8af82709787">Verification</phrase>
</title>
<subcalloutnode>
<diagcallout>
<xref id="nev15172431n3">
<ref id="nev15172431n4"/>
</xref>
</diagcallout>
<rescall-grp id="nev15172431n5">
<result comp="string" highlight="0" id="nev15172431n6" op="eq" return="VERIFICATION FAILED"/>
<calloutaction id="nev15172431n7">
<ptxt id="nev15172431n8">
<xref id="nev15172431n9">
<ref id="nev15172431n10"/>
</xref>
</ptxt>
</calloutaction>
</rescall-grp>
<rescall-grp id="nev15172432n1">
<result comp="string" highlight="0" id="nev15172432n2" op="eq" return="VERIFIED"/>
<calloutaction id="nev15172432n3">
<return id="nev15172432n4" value="FAULT FOUND"/>
</calloutaction>
</rescall-grp>
</subcalloutnode>
</testgrp>
<testgrp id="nev15172432n5" j2008use="1" paperuse="1" resumable="1" screenuse="1" testgrp-id="info1" x="80" y="280">
<title>
<phrase category="" id="nev15172432n6" phrase-urn="urn:x-nevis:phrase:0800c8af82709788">Fault-tracing i#@#@#5#ation</phrase>
</title>
<subcalloutnode>
<diagcallout>
<xref>
<ref id="nev15172432n7"/>
</xref>
</diagcallout>
<rescall-grp>
<result comp="string" highlight="0" op="eq" return="FAULTTRACING FAILED"/>
<calloutaction>
<return value="FAULTTRACING FAILED"/>
</calloutaction>
</rescall-grp>
<rescall-grp>
<result comp="string" highlight="0" op="eq" return="NEW TRY"/>
<calloutaction>
<ptxt>
<xref>
<ref id="nev15172432n8"/>
</xref>
</ptxt>
</calloutaction>
</rescall-grp>
</subcalloutnode>
</testgrp>
</diagnostic>
</servinfosub>