<?xml version="1.0" encoding="UTF-8"?><servinfosub IE-ID="en-US0900c8af806a7f02" docno="VCC-105325" id="KC02033333" servinfosubId="nev20686971n1-nev20686971n2" servinfosubRes="0900c8af862c2d83" servinfosubRes2="urn:x-nevis:fragment:0900c8af806a7f02:0900c8af862c2d83#nev20686971n2" xml:lang="en-US">
<title>Wiring diagram</title>
<topic>
<title/>
<grate pgwide="1">
<graphic id="nev20686971n1-KC08662683" width="page">
<href>0900c8af806a7f0#@#@#9#.jpeg</href>
</graphic>
</grate>
</topic>
<topic>
<title>Central locking#@#@#3#ction</title>
<table frame="all" pgwide="1">
<title>Components</title>
<tgroup cols="4" colsep="1" rowsep="1">
<colspec colwidth="73*"/>
<colspec colwidth="191*"/>
<colspec colwidth="78*"/>
<colspec colwidth="186*"/>
<tbody>
<row>
<entry align="left" valign="top">
<ptxt>
<emph>2/76</emph>
</ptxt>
</entry>
<entry align="left" valign="top">
<ptxt>VGLA control module</ptxt>
</entry>
<entry align="left" valign="top">
<ptxt>
<emph>4/22</emph>
</ptxt>
</entry>
<entry align="left" valign="top">
<ptxt>Immobilizer con#@#@#6#odule</ptxt>
</entry>
</row>
<row>
<entry align="left" valign="top">
<ptxt>
<emph>3/20</emph>
</ptxt>
</entry>
<entry align="left" valign="top">
<ptxt>Central locking#@#@#18# side</ptxt>
</entry>
<entry align="left" valign="top">
<ptxt>
<emph>5/1</emph>
</ptxt>
</entry>
<entry align="left" valign="top">
<ptxt>Combined instru#@#@#5#panel</ptxt>
</entry>
</row>
<row>
<entry align="left" valign="top">
<ptxt>
<emph>3/76</emph>
</ptxt>
</entry>
<entry align="left" valign="top">
<ptxt>Lock unit, left rear</ptxt>
</entry>
<entry align="left" valign="top">
<ptxt>
<emph>6/37</emph>
</ptxt>
</entry>
<entry align="left" valign="top">
<ptxt>Fuel tank fille#@#@#8#motor</ptxt>
</entry>
</row>
<row>
<entry align="left" valign="top">
<ptxt>
<emph>3/77</emph>
</ptxt>
</entry>
<entry align="left" valign="top">
<ptxt>Lock unit, righ#@#@#1# rear</ptxt>
</entry>
<entry align="left" valign="top">
<ptxt>
<emph>7/12</emph>
</ptxt>
</entry>
<entry align="left" valign="top">
<ptxt>LED / Sun senso#@#@#2#(ECC)</ptxt>
</entry>
</row>
<row>
<entry align="left" valign="top">
<ptxt>
<emph>3/78</emph>
</ptxt>
</entry>
<entry align="left" valign="top">
<ptxt>Lock unit trunk#@#@#8#lgate</ptxt>
</entry>
<entry align="left" valign="top">
<ptxt>
<emph>10/3</emph>
</ptxt>
</entry>
<entry align="left" valign="top">
<ptxt>License plate l#@#@#2#hting</ptxt>
</entry>
</row>
<row>
<entry align="left" valign="top">
<ptxt>
<emph>3/97</emph>
</ptxt>
</entry>
<entry align="left" valign="top">
<ptxt>Central locking#@#@#17# side</ptxt>
</entry>
<entry align="left" valign="top">
<ptxt>
<emph>10/9</emph>
</ptxt>
</entry>
<entry align="left" valign="top">
<ptxt>Left turn signa#@#@#2#lamps</ptxt>
</entry>
</row>
<row>
<entry align="left" valign="top">
<ptxt>
<emph>3/100</emph>
</ptxt>
</entry>
<entry align="left" valign="top">
<ptxt>Driver's door l#@#@#4#unit
</ptxt>
</entry>
<entry align="left" valign="top">
<ptxt>
<emph>10/10</emph>
</ptxt>
</entry>
<entry align="left" valign="top">
<ptxt>Right turn sign#@#@#3#lamps</ptxt>
</entry>
</row>
<row>
<entry align="left" valign="top">
<ptxt>
<emph>3/109</emph>
</ptxt>
</entry>
<entry align="left" valign="top">
<ptxt>Tailgate/trunk #@#@#29#witch</ptxt>
</entry>
<entry align="left" valign="top">
<ptxt>
<emph>10/22</emph>
</ptxt>
</entry>
<entry align="left" valign="top">
<ptxt>Interior lighting</ptxt>
</entry>
</row>
<row>
<entry align="left" valign="top">
<ptxt>
<emph>3/110</emph>
</ptxt>
</entry>
<entry align="left" valign="top">
<ptxt>Front passenger#@#@#10# unit</ptxt>
</entry>
<entry align="left" valign="top">
<ptxt>
<emph>10/113</emph>
</ptxt>
</entry>
<entry align="left" valign="top">
<ptxt>LED</ptxt>
</entry>
</row>
<row>
<entry align="left" valign="top">
<ptxt>
<emph>4/19</emph>
</ptxt>
</entry>
<entry align="left" valign="top">
<ptxt>Remote control #@#@#3#eiver</ptxt>
</entry>
<entry align="left" valign="top">
<ptxt>
<emph>17/13</emph>
</ptxt>
</entry>
<entry align="left" valign="top">
<ptxt>Data link conne#@#@#5#(DLC)</ptxt>
</entry>
</row>
</tbody>
</tgroup>
</table>
<para>
<title>Connections</title>
<ptxt>The control mod#@#@#73#vely.</ptxt>
</para>
<para>
<ptxt>In order to con#@#@#141#only.</ptxt>
</para>
<table frame="all">
<tgroup cols="2" colsep="1" rowsep="1">
<colspec colwidth="103*"/>
<colspec colwidth="425*"/>
<tbody>
<row>
<entry align="left" valign="top">
<ptxt>
<emph>B 11</emph>
</ptxt>
</entry>
<entry align="left" valign="top">
<ptxt>Locking all the#@#@#23#door)</ptxt>
</entry>
</row>
<row>
<entry align="left" valign="top">
<ptxt>
<emph>A 2</emph>
</ptxt>
</entry>
<entry align="left" valign="top">
<ptxt>Deadlocking the#@#@#6#side.</ptxt>
</entry>
</row>
<row>
<entry align="left" valign="top">
<ptxt>
<emph>A 15</emph>
</ptxt>
</entry>
<entry align="left" valign="top">
<ptxt>Deadlocking the#@#@#12#side.</ptxt>
</entry>
</row>
<row>
<entry align="left" valign="top">
<ptxt>
<emph>B 2</emph>
</ptxt>
</entry>
<entry align="left" valign="top">
<ptxt>Unlocking passe#@#@#6#oor.
</ptxt>
</entry>
</row>
<row>
<entry align="left" valign="top">
<ptxt>
<emph>B 13</emph>
</ptxt>
</entry>
<entry align="left" valign="top">
<ptxt>Unlocking drive#@#@#5#oor.
</ptxt>
</entry>
</row>
</tbody>
</tgroup>
</table>
<table frame="all" pgwide="1">
<tgroup cols="4" colsep="1" rowsep="1">
<colspec colwidth="53*"/>
<colspec colwidth="211*"/>
<colspec colwidth="51*"/>
<colspec colwidth="213*"/>
<thead>
<row>
<entry align="left" valign="top">
<ptxt>
<emph>Terminal</emph>
</ptxt>
</entry>
<entry align="left" valign="top">
<ptxt>
<emph>Connected compo#@#@#9#tion </emph>
</ptxt>
</entry>
<entry align="left" valign="top">
<ptxt>
<emph>I/U</emph>
</ptxt>
</entry>
<entry align="left" valign="top">
<ptxt>
<emph>Signal properties</emph>
</ptxt>
</entry>
</row>
</thead>
<tbody>
<row>
<entry align="left" valign="top">
<ptxt>A 1</ptxt>
</entry>
<entry align="left" valign="top">
<ptxt>Ground (power a#@#@#12#ound)</ptxt>
</entry>
<entry align="left" valign="top">
<ptxt>I</ptxt>
</entry>
<entry align="left" valign="top">
<ptxt>Constant ground</ptxt>
</entry>
</row>
<row>
<entry align="left" valign="top">
<ptxt>A 2</ptxt>
</entry>
<entry align="left" valign="top">
<ptxt>Left-hand side #@#@#14#panel</ptxt>
</entry>
<entry align="left" valign="top">
<ptxt>U</ptxt>
</entry>
<entry align="left" valign="top">
<ptxt>High voltage = #@#@#21#ition</ptxt>
</entry>
</row>
<row>
<entry align="left" valign="top">
<ptxt>A 4</ptxt>
</entry>
<entry align="left" valign="top">
<ptxt>Inner tailgate/#@#@#11#witch</ptxt>
</entry>
<entry align="left" valign="top">
<ptxt>I</ptxt>
</entry>
<entry align="left" valign="top">
<ptxt>Opening positio#@#@#5#round</ptxt>
</entry>
</row>
<row>
<entry align="left" valign="top">
<ptxt>A6</ptxt>
</entry>
<entry align="left" valign="top">
<ptxt>Inner central l#@#@#26# door</ptxt>
</entry>
<entry align="left" valign="top">
<ptxt>I</ptxt>
</entry>
<entry align="left" valign="top">
<ptxt>Unlocking posit#@#@#57#ded.
</ptxt>
</entry>
</row>
<row>
<entry align="left" valign="top">
<ptxt>A 7</ptxt>
</entry>
<entry align="left" valign="top">
<ptxt>Tail gate handle</ptxt>
</entry>
<entry align="left" valign="top">
<ptxt>I</ptxt>
</entry>
<entry align="left" valign="top">
<ptxt>Opening positio#@#@#5#round</ptxt>
</entry>
</row>
<row>
<entry align="left" valign="top">
<ptxt>A 8</ptxt>
</entry>
<entry align="left" valign="top">
<ptxt>Remote control #@#@#3#eiver</ptxt>
</entry>
<entry align="left" valign="top">
<ptxt>I</ptxt>
</entry>
<entry align="left" valign="top">
<ptxt>Received code</ptxt>
</entry>
</row>
<row>
<entry align="left" valign="top">
<ptxt>A 9</ptxt>
</entry>
<entry align="left" valign="top">
<ptxt>Remote control #@#@#3#eiver</ptxt>
</entry>
<entry align="left" valign="top">
<ptxt>I</ptxt>
</entry>
<entry align="left" valign="top">
<ptxt>Signal strength#@#@#20#ved)
</ptxt>
</entry>
</row>
<row>
<entry align="left" valign="top">
<ptxt>A 11</ptxt>
</entry>
<entry align="left" valign="top">
<ptxt>Immobilizer con#@#@#6#odule</ptxt>
</entry>
<entry align="left" valign="top">
<ptxt>I</ptxt>
</entry>
<entry align="left" valign="top">
<ptxt>Activated = hig#@#@#23# off.</ptxt>
<ptxt>Error in system#@#@#28#n on.</ptxt>
</entry>
</row>
<row>
<entry align="left" valign="top">
<ptxt>A 12</ptxt>
</entry>
<entry align="left" valign="top">
<ptxt>Left turn signa#@#@#2#lamps</ptxt>
</entry>
<entry align="left" valign="top">
<ptxt>U</ptxt>
</entry>
<entry align="left" valign="top">
<ptxt>High voltage = lit
</ptxt>
</entry>
</row>
<row>
<entry align="left" valign="top">
<ptxt>A 13</ptxt>
</entry>
<entry align="left" valign="top">
<ptxt>Right turn sign#@#@#3#lamps</ptxt>
</entry>
<entry align="left" valign="top">
<ptxt>U</ptxt>
</entry>
<entry align="left" valign="top">
<ptxt>High voltage = lit
</ptxt>
</entry>
</row>
<row>
<entry align="left" valign="top">
<ptxt>A 14</ptxt>
</entry>
<entry align="left" valign="top">
<ptxt>Trunk lid/tailg#@#@#21#otor
</ptxt>
</entry>
<entry align="left" valign="top">
<ptxt>U</ptxt>
</entry>
<entry align="left" valign="top">
<ptxt>High voltage = #@#@#6#nlock</ptxt>
</entry>
</row>
<row>
<entry align="left" valign="top">
<ptxt>A 15</ptxt>
</entry>
<entry align="left" valign="top">
<ptxt>Central locking#@#@#18#side
</ptxt>
</entry>
<entry align="left" valign="top">
<ptxt>U</ptxt>
</entry>
<entry align="left" valign="top">
<ptxt>High voltage = #@#@#21#ition</ptxt>
</entry>
</row>
<row>
<entry align="left" valign="top">
<ptxt>A 16</ptxt>
</entry>
<entry align="left" valign="top">
<ptxt>Lock cylinder d#@#@#77#door
</ptxt>
</entry>
<entry align="left" valign="top">
<ptxt>I</ptxt>
</entry>
<entry align="left" valign="top">
<ptxt>Locking positio#@#@#54#nded.</ptxt>
</entry>
</row>
<row>
<entry align="left" valign="top">
<ptxt>A 18</ptxt>
</entry>
<entry align="left" valign="top">
<ptxt>Lock cylinder d#@#@#76# door</ptxt>
</entry>
<entry align="left" valign="top">
<ptxt>I</ptxt>
</entry>
<entry align="left" valign="top">
<ptxt>Unlocking posit#@#@#70#nded.</ptxt>
</entry>
</row>
<row>
<entry align="left" valign="top">
<ptxt>A 19</ptxt>
</entry>
<entry align="left" valign="top">
<ptxt>Trunk lid/tailg#@#@#6#itch
</ptxt>
</entry>
<entry align="left" valign="top">
<ptxt>I</ptxt>
</entry>
<entry align="left" valign="top">
<ptxt>Open tailgate/t#@#@#12#round</ptxt>
</entry>
</row>
<row>
<entry align="left" valign="top">
<ptxt>A 20</ptxt>
</entry>
<entry align="left" valign="top">
<ptxt>Trunk lid/tailg#@#@#13#nder
</ptxt>
</entry>
<entry align="left" valign="top">
<ptxt>I</ptxt>
</entry>
<entry align="left" valign="top">
<ptxt>Unlocking posit#@#@#21#round</ptxt>
</entry>
</row>
<row>
<entry align="left" valign="top">
<ptxt>A 23</ptxt>
</entry>
<entry align="left" valign="top">
<ptxt>Driver's door d#@#@#6#itch
</ptxt>
</entry>
<entry align="left" valign="top">
<ptxt>I</ptxt>
</entry>
<entry align="left" valign="top">
<ptxt>Open door = ground</ptxt>
</entry>
</row>
<row>
<entry align="left" valign="top">
<ptxt>A 24</ptxt>
</entry>
<entry align="left" valign="top">
<ptxt>Interior lighting</ptxt>
</entry>
<entry align="left" valign="top">
<ptxt>U</ptxt>
</entry>
<entry align="left" valign="top">
<ptxt>Ground = lit</ptxt>
</entry>
</row>
<row>
<entry align="left" valign="top">
<ptxt>A 26</ptxt>
</entry>
<entry align="left" valign="top">
<ptxt>+ 30 supply for#@#@#13#lamps</ptxt>
</entry>
<entry align="left" valign="top">
<ptxt>I</ptxt>
</entry>
<entry align="left" valign="top">
<ptxt>Battery voltage</ptxt>
</entry>
</row>
<row>
<entry align="left" valign="top">
<ptxt>B 1</ptxt>
</entry>
<entry align="left" valign="top">
<ptxt>+ 30 supply for#@#@#33#otors</ptxt>
</entry>
<entry align="left" valign="top">
<ptxt>I</ptxt>
</entry>
<entry align="left" valign="top">
<ptxt>Battery voltage</ptxt>
</entry>
</row>
<row>
<entry align="left" valign="top">
<ptxt>B 2</ptxt>
</entry>
<entry align="left" valign="top">
<ptxt>Passenger door #@#@#18#tors
</ptxt>
</entry>
<entry align="left" valign="top">
<ptxt>U</ptxt>
</entry>
<entry align="left" valign="top">
<ptxt>High voltage = #@#@#1#nlock</ptxt>
</entry>
</row>
<row>
<entry align="left" valign="top">
<ptxt>B 4</ptxt>
</entry>
<entry align="left" valign="top">
<ptxt>LED</ptxt>
</entry>
<entry align="left" valign="top">
<ptxt>U</ptxt>
</entry>
<entry align="left" valign="top">
<ptxt>High voltage = lit
</ptxt>
</entry>
</row>
<row>
<entry align="left" valign="top">
<ptxt>B 5</ptxt>
</entry>
<entry align="left" valign="top">
<ptxt>Front passenger#@#@#7#witch</ptxt>
</entry>
<entry align="left" valign="top">
<ptxt>I</ptxt>
</entry>
<entry align="left" valign="top">
<ptxt>Open door = ground</ptxt>
</entry>
</row>
<row>
<entry align="left" valign="top">
<ptxt>B 6</ptxt>
</entry>
<entry align="left" valign="top">
<ptxt>Door switch lef#@#@#7#door
</ptxt>
</entry>
<entry align="left" valign="top">
<ptxt>I</ptxt>
</entry>
<entry align="left" valign="top">
<ptxt>Open door = ground</ptxt>
</entry>
</row>
<row>
<entry align="left" valign="top">
<ptxt>B 7</ptxt>
</entry>
<entry align="left" valign="top">
<ptxt>Door switch rig#@#@#8#door
</ptxt>
</entry>
<entry align="left" valign="top">
<ptxt>I</ptxt>
</entry>
<entry align="left" valign="top">
<ptxt>Open door = ground</ptxt>
</entry>
</row>
<row>
<entry align="left" valign="top">
<ptxt>B 8</ptxt>
</entry>
<entry align="left" valign="top">
<ptxt>Ignition lock +15</ptxt>
</entry>
<entry align="left" valign="top">
<ptxt>I</ptxt>
</entry>
<entry align="left" valign="top">
<ptxt>Ignition on = b#@#@#10#tage
</ptxt>
</entry>
</row>
<row>
<entry align="left" valign="top">
<ptxt>B 9</ptxt>
</entry>
<entry align="left" valign="top">
<ptxt>Speedometer</ptxt>
</entry>
<entry align="left" valign="top">
<ptxt>I</ptxt>
</entry>
<entry align="left" valign="top">
<ptxt>5 km/h (3 mph) #@#@#4#95 Hz</ptxt>
</entry>
</row>
<row>
<entry align="left" valign="top">
<ptxt>B 10</ptxt>
</entry>
<entry align="left" valign="top">
<ptxt>Ignition lock S#@#@#4#minal</ptxt>
</entry>
<entry align="left" valign="top">
<ptxt>I</ptxt>
</entry>
<entry align="left" valign="top">
<ptxt>Key in lock = b#@#@#10#tage
</ptxt>
</entry>
</row>
<row>
<entry align="left" valign="top">
<ptxt>B 11</ptxt>
</entry>
<entry align="left" valign="top">
<ptxt>Central locking#@#@#35#door)</ptxt>
</entry>
<entry align="left" valign="top">
<ptxt>U</ptxt>
</entry>
<entry align="left" valign="top">
<ptxt>High voltage = lock</ptxt>
</entry>
</row>
<row>
<entry align="left" valign="top">
<ptxt>B 12</ptxt>
</entry>
<entry align="left" valign="top">
<ptxt>Fuel tank fille#@#@#8#motor</ptxt>
</entry>
<entry align="left" valign="top">
<ptxt>U</ptxt>
</entry>
<entry align="left" valign="top">
<ptxt>High voltage = open
</ptxt>
</entry>
</row>
<row>
<entry align="left" valign="top">
<ptxt>B 13</ptxt>
</entry>
<entry align="left" valign="top">
<ptxt>Central locking#@#@#24#door
</ptxt>
</entry>
<entry align="left" valign="top">
<ptxt>U</ptxt>
</entry>
<entry align="left" valign="top">
<ptxt>High voltage = #@#@#1#nlock</ptxt>
</entry>
</row>
<row>
<entry align="left" valign="top">
<ptxt>B 16</ptxt>
</entry>
<entry align="left" valign="top">
<ptxt>Remote control #@#@#3#eiver</ptxt>
</entry>
<entry align="left" valign="top">
<ptxt>U</ptxt>
</entry>
<entry align="left" valign="top">
<ptxt>Control signal #@#@#6#eiver</ptxt>
</entry>
</row>
<row>
<entry align="left" valign="top">
<ptxt>B 19</ptxt>
</entry>
<entry align="left" valign="top">
<ptxt>Data link conne#@#@#5#(DLC)</ptxt>
</entry>
<entry align="left" valign="top">
<ptxt>I/U</ptxt>
</entry>
<entry align="left" valign="top">
<ptxt>Serial communication</ptxt>
</entry>
</row>
</tbody>
</tgroup>
</table>
<para>
<title>Notes</title>
<ptxt>
<emph>I</emph>= input signal</ptxt>
<ptxt>
<emph>U</emph> = output signal</ptxt>
<ptxt>
<emph>I/U</emph> = in- and outp#@#@#4#ignal</ptxt>
</para>
</topic>
<topic>
<title/>
<grate>
<graphic id="nev20686971n1-KC08662684">
<href>0900c8af806a7f0#@#@#9#.jpeg</href>
</graphic>
</grate>
</topic>
<topic>
<title>Alarm component#@#@#31#inals</title>
<table frame="all" pgwide="1">
<title>Components</title>
<tgroup cols="4" colsep="1" rowsep="1">
<colspec colwidth="54*"/>
<colspec colwidth="210*"/>
<colspec colwidth="54*"/>
<colspec colwidth="210*"/>
<tbody>
<row>
<entry align="left" valign="top">
<ptxt>
<emph>2/35</emph>
</ptxt>
</entry>
<entry align="left" valign="top">
<ptxt>Starter relay</ptxt>
</entry>
<entry align="left" valign="top">
<ptxt>
<emph>7/100</emph>
</ptxt>
</entry>
<entry align="left" valign="top">
<ptxt>Tilt sensor</ptxt>
</entry>
</row>
<row>
<entry align="left" valign="top">
<ptxt>
<emph>2/76</emph>
</ptxt>
</entry>
<entry align="left" valign="top">
<ptxt>VGLA control module</ptxt>
</entry>
<entry align="left" valign="top">
<ptxt>
<emph>7/101</emph>
</ptxt>
</entry>
<entry align="left" valign="top">
<ptxt>Glass breakage #@#@#16#odule</ptxt>
</entry>
</row>
<row>
<entry align="left" valign="top">
<ptxt>
<emph>2/77</emph>
</ptxt>
</entry>
<entry align="left" valign="top">
<ptxt>Horn relay</ptxt>
</entry>
<entry align="left" valign="top">
<ptxt>
<emph>7/102</emph>
</ptxt>
</entry>
<entry align="left" valign="top">
<ptxt>Glass breakage #@#@#12#phone</ptxt>
</entry>
</row>
<row>
<entry align="left" valign="top">
<ptxt>
<emph>3/62</emph>
</ptxt>
</entry>
<entry align="left" valign="top">
<ptxt>hood switch</ptxt>
</entry>
<entry align="left" valign="top">
<ptxt>
<emph>9/2</emph>
</ptxt>
</entry>
<entry align="left" valign="top">
<ptxt>Metal strip sen#@#@#21#oor)
</ptxt>
</entry>
</row>
<row>
<entry align="left" valign="top">
<ptxt>
<emph>4/72</emph>
</ptxt>
</entry>
<entry align="left" valign="top">
<ptxt>Blower fan post#@#@#18#dule
</ptxt>
</entry>
<entry align="left" valign="top">
<ptxt>
<emph>16/19</emph>
</ptxt>
</entry>
<entry align="left" valign="top">
<ptxt>Horn</ptxt>
</entry>
</row>
<row>
<entry align="left" valign="top">
<ptxt>
<emph>7/96</emph>
</ptxt>
</entry>
<entry align="left" valign="top">
<ptxt>Ultrasonic sensor</ptxt>
</entry>
<entry align="left" valign="top">
<ptxt>
<emph>16/35</emph>
</ptxt>
</entry>
<entry align="left" valign="top">
<ptxt>Siren</ptxt>
</entry>
</row>
</tbody>
</tgroup>
</table>
<table frame="all" pgwide="1">
<title>Connections</title>
<tgroup cols="4" colsep="1" rowsep="1">
<colspec colwidth="52*"/>
<colspec colwidth="212*"/>
<colspec colwidth="52*"/>
<colspec colwidth="212*"/>
<thead>
<row>
<entry align="left" valign="top">
<ptxt>
<emph>Terminal</emph>
</ptxt>
</entry>
<entry align="left" valign="top">
<ptxt>
<emph>Connected compo#@#@#9#tion </emph>
</ptxt>
</entry>
<entry align="left" valign="top">
<ptxt>
<emph>I / U</emph>
</ptxt>
</entry>
<entry align="left" valign="top">
<ptxt>
<emph>Signal properties</emph>
</ptxt>
</entry>
</row>
</thead>
<tbody>
<row>
<entry align="left" valign="top">
<ptxt>A 3</ptxt>
</entry>
<entry align="left" valign="top">
<ptxt>Hood switch</ptxt>
</entry>
<entry align="left" valign="top">
<ptxt>I</ptxt>
</entry>
<entry align="left" valign="top">
<ptxt>Shut hood = ground</ptxt>
</entry>
</row>
<row>
<entry align="left" valign="top">
<ptxt>A 5</ptxt>
</entry>
<entry align="left" valign="top">
<ptxt>Metal strip rea#@#@#14#oor)
</ptxt>
</entry>
<entry align="left" valign="top">
<ptxt>I</ptxt>
</entry>
<entry align="left" valign="top">
<ptxt>Broken window =#@#@#9#sion
</ptxt>
</entry>
</row>
<row>
<entry align="left" valign="top">
<ptxt>A 17</ptxt>
</entry>
<entry align="left" valign="top">
<ptxt>Tilt sensor, al#@#@#5#ignal</ptxt>
</entry>
<entry align="left" valign="top">
<ptxt>I</ptxt>
</entry>
<entry align="left" valign="top">
<ptxt>Car level chang#@#@#11#ltage</ptxt>
</entry>
</row>
<row>
<entry align="left" valign="top">
<ptxt>A 21</ptxt>
</entry>
<entry align="left" valign="top">
<ptxt>Evaporator post#@#@#24#odule</ptxt>
</entry>
<entry align="left" valign="top">
<ptxt>I</ptxt>
</entry>
<entry align="left" valign="top">
<ptxt>Post drying in #@#@#18#nsion</ptxt>
</entry>
</row>
<row>
<entry align="left" valign="top">
<ptxt>A 22</ptxt>
</entry>
<entry align="left" valign="top">
<ptxt>Siren, glass br#@#@#61#ignal</ptxt>
</entry>
<entry align="left" valign="top">
<ptxt>I</ptxt>
</entry>
<entry align="left" valign="top">
<ptxt>Serial communication</ptxt>
</entry>
</row>
<row>
<entry align="left" valign="top">
<ptxt>B 3</ptxt>
</entry>
<entry align="left" valign="top">
<ptxt>Tilt sensor, po#@#@#6#pply
</ptxt>
</entry>
<entry align="left" valign="top">
<ptxt>U</ptxt>
</entry>
<entry align="left" valign="top">
<ptxt>High voltage = #@#@#14#ected</ptxt>
</entry>
</row>
<row>
<entry align="left" valign="top">
<ptxt>B 14</ptxt>
</entry>
<entry align="left" valign="top">
<ptxt>Siren, control #@#@#1#ignal</ptxt>
</entry>
<entry align="left" valign="top">
<ptxt>U</ptxt>
</entry>
<entry align="left" valign="top">
<ptxt>Low current = s#@#@#10#ated
</ptxt>
</entry>
</row>
<row>
<entry align="left" valign="top">
<ptxt>B 15</ptxt>
</entry>
<entry align="left" valign="top">
<ptxt>Siren, ultrason#@#@#57#ected</ptxt>
</entry>
<entry align="left" valign="top">
<ptxt>U</ptxt>
</entry>
<entry align="left" valign="top">
<ptxt>Serial communication</ptxt>
</entry>
</row>
<row>
<entry align="left" valign="top">
<ptxt>B 18</ptxt>
</entry>
<entry align="left" valign="top">
<ptxt>Horn relay</ptxt>
</entry>
<entry align="left" valign="top">
<ptxt>U</ptxt>
</entry>
<entry align="left" valign="top">
<ptxt>Ground = activa#@#@#9#horn
</ptxt>
</entry>
</row>
<row>
<entry align="left" valign="top">
<ptxt>B 21</ptxt>
</entry>
<entry align="left" valign="top">
<ptxt>Starter relay</ptxt>
</entry>
<entry align="left" valign="top">
<ptxt>U</ptxt>
</entry>
<entry align="left" valign="top">
<ptxt>Ground = relay #@#@#14#sible</ptxt>
</entry>
</row>
</tbody>
</tgroup>
</table>
<para>
<title>Notes</title>
<ptxt>
<emph>I</emph>= input signal</ptxt>
<ptxt>
<emph>U</emph> = output signal</ptxt>
</para>
</topic>
</servinfosub>