<?xml version="1.0" encoding="UTF-8"?><servinfosub IE-ID="en-US0900c8af8453df02" docno="VCC-152207" id="KC02749637" xml:lang="en-US">
<title>
<phrase category="" id="KC09448997" phrase-urn="urn:x-nevis:phrase:0800c8af82708862">Signal too high#@#@#12#ssing</phrase>
</title>
<diagnostic j2008use="1" layout="0" paperuse="1" screenuse="1" type="test">
<testgrp IE-ID="en-US0900c8af8453df02_KC02749643" id="KC02749643" j2008use="1" paperuse="1" resumable="1" screenuse="1" testgrp-id="node1" x="80" y="80">
<title>
<phrase category="" id="KC09448998" phrase-urn="urn:x-nevis:phrase:0800c8af82708864">Checking the co#@#@#13#iring</phrase>
</title>
<node>
<test1>
<test2>
<para>
<ptxt>
<phrase category="" id="KC09448999" phrase-urn="urn:x-nevis:phrase:0800c8af82708868">Check the signa#@#@#220#cuit.</phrase>
</ptxt>
</para>
<para>
<ptxt>
<phrase category="" id="KC09449000" phrase-urn="urn:x-nevis:phrase:0800c8af8270886a">Check the groun#@#@#174#cuit.</phrase>
</ptxt>
</para>
<para>
<ptxt>
<phrase category="" id="KC09449001" phrase-urn="urn:x-nevis:phrase:0800c8af8270886c">Remedy as necessary.</phrase>
</ptxt>
</para>
<list1 enumtype="d" type="unordered">
<title>
<phrase category="" id="KC09449002" phrase-urn="urn:x-nevis:phrase:0800c8af8270886d">Other information:</phrase>
</title>
<item>
<ptxt>
<phrase category="" id="KC09449003" phrase-urn="urn:x-nevis:phrase:0800c8af8270886e">
<xref>
<ref id="KC09449004"/>
</xref>
</phrase>
</ptxt>
</item>
<item>
<ptxt>
<xref id="nev13774700n100">
<ref id="l1212057186471"/>
</xref>
</ptxt>
</item>
<item>
<ptxt>
<phrase category="" id="KC09449007" phrase-urn="urn:x-nevis:phrase:0800c8af82708872">
<xref>
<ref id="KC09449008"/>
</xref>
</phrase>
</ptxt>
</item>
<item>
<ptxt>
<phrase category="" id="KC09449009" phrase-urn="urn:x-nevis:phrase:0800c8af82708873">
<xref>
<ref id="KC09449010"/>
</xref>
</phrase>
</ptxt>
</item>
<item>
<ptxt>
<phrase category="" id="KC09449011" phrase-urn="urn:x-nevis:phrase:0800c8af82708874">
<xref>
<ref id="KC09449012"/>
</xref>
</phrase>
</ptxt>
</item>
</list1>
<diaglist>
<dgraphic>
<dgraphic1>
<graphic id="KC09449013">
<href>0900c8af8005b33#@#@#9#.jpeg</href>
</graphic>
</dgraphic1>
<dgraphic2>
<graphic id="KC09449014">
<href>0900c8af80054d4#@#@#9#.jpeg</href>
</graphic>
<smarttool active="press" id="KC09449015" toolname="ODAH"/>
</dgraphic2>
</dgraphic>
</diaglist>
</test2>
</test1>
<question>
Select Continue.
</question>
<resact-grp>
<result button="cont" comp="button" highlight="0"/>
<action j2008use="1" paperuse="1" screenuse="1">
<ptxt>
<xref>
<ref id="KC09449018"/>
</xref>
</ptxt>
</action>
</resact-grp>
</node>
</testgrp>
<testgrp id="KC02749644" j2008use="1" paperuse="1" resumable="1" screenuse="1" testgrp-id="veria" x="80" y="220">
<title>
<phrase category="" id="KC09449019" phrase-urn="urn:x-nevis:phrase:0800c8af82708878">Verification</phrase>
</title>
<subcalloutnode>
<diagcallout>
<xref>
<ref id="KC09449020"/>
</xref>
</diagcallout>
<rescall-grp>
<result comp="string" highlight="0" op="eq" return="VERIFIED"/>
<calloutaction>
<return value="FAULT FOUND"/>
</calloutaction>
</rescall-grp>
<rescall-grp>
<result comp="string" highlight="0" op="eq" return="VERIFICATION FAILED"/>
<calloutaction>
<ptxt>
<xref>
<ref id="KC09449021"/>
</xref>
</ptxt>
</calloutaction>
</rescall-grp>
</subcalloutnode>
</testgrp>
<testgrp id="KC02749645" j2008use="1" paperuse="1" resumable="1" screenuse="1" testgrp-id="info1" x="80" y="380">
<title>
<phrase category="" id="KC09449022" phrase-urn="urn:x-nevis:phrase:0800c8af8270887c">Fault-tracing i#@#@#5#ation</phrase>
</title>
<subcalloutnode>
<diagcallout>
<xref>
<ref id="KC09449023"/>
</xref>
</diagcallout>
<rescall-grp>
<result comp="string" highlight="0" op="eq" return="FAULTTRACING FAILED"/>
<calloutaction>
<return value="FAULTTRACING FAILED"/>
</calloutaction>
</rescall-grp>
<rescall-grp>
<result comp="string" highlight="0" op="eq" return="NEW TRY"/>
<calloutaction>
<ptxt>
<xref>
<ref id="KC09449024"/>
</xref>
</ptxt>
</calloutaction>
</rescall-grp>
</subcalloutnode>
</testgrp>
</diagnostic>
</servinfosub>