<?xml version="1.0" encoding="UTF-8"?><servinfosub IE-ID="en-US0900c8af84400f02" docno="VCC-158155" id="KC06254204" xml:lang="en-US">
<title>
<phrase category="" id="KC09536288" phrase-urn="urn:x-nevis:phrase:0800c8af82715be4">Signal too low</phrase>
</title>
<diagnostic j2008use="1" layout="0" paperuse="1" screenuse="1" type="test">
<testgrp IE-ID="en-US0900c8af84400f02_KC06254644" id="KC06254644" j2008use="1" paperuse="1" resumable="1" screenuse="1" testgrp-id="a1" x="280" y="80">
<title>
<phrase category="" id="KC09536289" phrase-urn="urn:x-nevis:phrase:0800c8af82715bf4">Checking for pe#@#@#25#aults</phrase>
</title>
<node>
<test1>
<diaglist>
<dgraphic>
<dgraphic1>
<graphic id="KC09536290">
<href>0900c8af80054d5#@#@#9#.jpeg</href>
</graphic>
</dgraphic1>
</dgraphic>
<ditem>
<ptxt>
<phrase category="" id="KC09536291" phrase-urn="urn:x-nevis:phrase:0800c8af82715c02">Ignition on. </phrase>
</ptxt>
</ditem>
</diaglist>
<test2>
<para>
<ptxt>
<phrase category="" id="KC09536292" phrase-urn="urn:x-nevis:phrase:0800c8af82715c0b">Check if the la#@#@#47#out. </phrase>
</ptxt>
</para>
<diaglist>
<dgraphic>
<dgraphic2>
<graphic id="KC09536293">
<href>0900c8af86c8681#@#@#9#.jpeg</href>
</graphic>
<smarttool active="press" id="KC09536294" toolname="XDDM0002"/>
</dgraphic2>
</dgraphic>
</diaglist>
</test2>
</test1>
<question>
Is the lamp in#@#@#28#ng? 
</question>
<resact-grp>
<result button="yes" comp="button" highlight="0"/>
<action j2008use="1" paperuse="1" screenuse="1">
<ptxt>
<xref>
<ref id="KC09536297"/>
</xref>
</ptxt>
</action>
</resact-grp>
<resact-grp>
<result button="no" comp="button" highlight="0"/>
<action j2008use="1" paperuse="1" screenuse="1">
<ptxt>
<xref>
<ref id="KC09536298"/>
</xref>
</ptxt>
</action>
</resact-grp>
</node>
</testgrp>
<testgrp id="KC06254645" j2008use="1" paperuse="1" resumable="1" screenuse="1" testgrp-id="a2" x="180" y="200">
<title>
<phrase category="" id="KC09536299" phrase-urn="urn:x-nevis:phrase:0800c8af82715c1a">Checking for sh#@#@#17#round</phrase>
</title>
<node>
<test1>
<test2>
<para>
<ptxt>
<phrase category="" id="KC09536300" phrase-urn="urn:x-nevis:phrase:0800c8af82715c26">Check the cable#@#@#104#ound.</phrase>
</ptxt>
</para>
<para>
<ptxt>
<phrase category="" id="KC09536301" phrase-urn="urn:x-nevis:phrase:0800c8af82715c3f">Check the groun#@#@#81#l #6.</phrase>
</ptxt>
</para>
<para>
<ptxt>
<phrase category="" id="KC09536302" phrase-urn="urn:x-nevis:phrase:0800c8af82715c4d">Replace the cab#@#@#18#ound.</phrase>
</ptxt>
</para>
<list1 enumtype="d" type="unordered">
<title>
<phrase category="" id="KC09536303" phrase-urn="urn:x-nevis:phrase:0800c8af82715c58">Other information:</phrase>
</title>
<item>
<ptxt>
<phrase category="" id="KC09536304" phrase-urn="urn:x-nevis:phrase:0800c8af82715c67">
<xref>
<ref id="KC09536305"/>
</xref>
</phrase>
</ptxt>
</item>
<item>
<ptxt>
<phrase category="" id="KC09536306" phrase-urn="urn:x-nevis:phrase:0800c8af82715c77">
<xref>
<ref id="KC09536307"/>
</xref>
</phrase>
</ptxt>
</item>
<item>
<ptxt>
<phrase category="" id="KC09536308" phrase-urn="urn:x-nevis:phrase:0800c8af82715c85">
<xref>
<ref id="KC09536309"/>
</xref>
</phrase>
</ptxt>
</item>
<item>
<ptxt>
<phrase category="" id="KC09536310" phrase-urn="urn:x-nevis:phrase:0800c8af82715c93">
<xref>
<ref id="KC09536311"/>
</xref>.</phrase>
</ptxt>
</item>
</list1>
<grate>
<graphic id="KC09536312">
<href>0900c8af80058a5#@#@#9#.jpeg</href>
</graphic>
</grate>
</test2>
</test1>
<question>
Were any fault#@#@#18#le? 
</question>
<resact-grp>
<result button="yes" comp="button" highlight="0"/>
<action j2008use="1" paperuse="1" screenuse="1">
<ptxt>
<xref>
<ref id="KC09536314"/>
</xref>
</ptxt>
</action>
</resact-grp>
<resact-grp>
<result button="no" comp="button" highlight="0"/>
<action j2008use="1" paperuse="1" screenuse="1">
<ptxt>
<xref>
<ref id="KC09536315"/>
</xref>
</ptxt>
</action>
</resact-grp>
</node>
</testgrp>
<testgrp id="KC06254646" j2008use="1" paperuse="1" resumable="1" screenuse="1" testgrp-id="a3" x="60" y="360">
<title>
<phrase category="" id="KC09536316" phrase-urn="urn:x-nevis:phrase:0800c8af82715caf">Replacing the c#@#@#3#onent</phrase>
</title>
<node>
<test1>
<test2>
<para>
<ptxt>
<phrase category="" id="KC09536317" phrase-urn="urn:x-nevis:phrase:0800c8af82715cbe">Check the bulb #@#@#29#cuit.</phrase>
</ptxt>
<ptxt>
<phrase category="" id="KC09536318" phrase-urn="urn:x-nevis:phrase:0800c8af82715ccf">Remedy as necessary.</phrase>
</ptxt>
</para>
<para>
<ptxt>
<phrase category="Faulttracing" id="nev13574354n1" phrase-urn="urn:x-nevis:phrase:0800c8af825ad7b2">If no malfuncti#@#@#7#ound:</phrase>
<phrase category="Faulttracing" id="nev13574355n1" phrase-urn="urn:x-nevis:phrase:0800c8af81eab13b">Replace the bulb.</phrase>
</ptxt>
</para>
<list1 id="nev13574190n98">
<title id="nev13574190n97">
<phrase category="Title" id="nev13574357n1" phrase-urn="urn:x-nevis:phrase:0800c8af81ea4cd6">Other information</phrase>
</title>
<item id="nev13574190n95">
<ptxt id="nev13574190n94">
<xref id="nev13574360n100">
<ref id="l1205494537382"/>
</xref>
</ptxt>
</item>
</list1>
</test2>
</test1>
<question>
Select Continue. 
</question>
<resact-grp>
<result button="cont" comp="button" highlight="0"/>
<action j2008use="1" paperuse="1" screenuse="1">
<ptxt>
<xref>
<ref id="KC09536322"/>
</xref>
</ptxt>
</action>
</resact-grp>
</node>
</testgrp>
<testgrp id="KC06254647" j2008use="1" paperuse="1" resumable="1" screenuse="1" testgrp-id="interm" x="380" y="220">
<title>
<phrase category="" id="KC09536323" phrase-urn="urn:x-nevis:phrase:0800c8af82715cff">Intermittent fault</phrase>
</title>
<node>
<test1>
<test2>
<para>
<ptxt>
<phrase category="" id="KC09536324" phrase-urn="urn:x-nevis:phrase:0800c8af82715d10">Check the contr#@#@#111#ions.</phrase>
</ptxt>
</para>
<para>
<ptxt>
<phrase category="" id="KC09536325" phrase-urn="urn:x-nevis:phrase:0800c8af82715d1e">Check the cable#@#@#159#uit. </phrase>
</ptxt>
</para>
<para>
<ptxt>
<phrase category="" id="KC09536326" phrase-urn="urn:x-nevis:phrase:0800c8af82715d26">Check the groun#@#@#81#l #6.</phrase>
</ptxt>
</para>
<para>
<ptxt>
<phrase category="" id="KC09536327" phrase-urn="urn:x-nevis:phrase:0800c8af82715d37">Check the bulb #@#@#34#und. </phrase>
</ptxt>
</para>
<list1 enumtype="d">
<title>
<phrase category="" id="KC09536328" phrase-urn="urn:x-nevis:phrase:0800c8af82715d49">Other information:</phrase>
</title>
<item>
<ptxt>
<phrase category="" id="KC09536329" phrase-urn="urn:x-nevis:phrase:0800c8af82715d57">
<xref>
<ref id="KC09536330"/>
</xref>
</phrase>
</ptxt>
</item>
<item>
<ptxt>
<phrase category="" id="KC09536331" phrase-urn="urn:x-nevis:phrase:0800c8af82715d66">
<xref>
<ref id="KC09536332"/>
</xref>
</phrase>
</ptxt>
</item>
<item>
<ptxt>
<xref id="nev13574172n100">
<ref id="l1205488775230"/>
</xref>
</ptxt>
</item>
<item>
<ptxt>
<phrase category="" id="KC09536335" phrase-urn="urn:x-nevis:phrase:0800c8af82715d7c">
<xref>
<ref id="KC09536336"/>
</xref>.</phrase>
</ptxt>
</item>
</list1>
<grate>
<graphic id="KC09536337">
<href>0900c8af80058a5#@#@#9#.jpeg</href>
</graphic>
</grate>
</test2>
</test1>
<question>
Select Continue. 
</question>
<resact-grp>
<result button="cont" comp="button" highlight="0"/>
<action j2008use="1" paperuse="1" screenuse="1">
<ptxt>
<xref>
<ref id="KC09536339"/>
</xref>
</ptxt>
</action>
</resact-grp>
</node>
</testgrp>
<testgrp id="KC06254648" j2008use="1" paperuse="1" resumable="1" screenuse="1" testgrp-id="verif" x="280" y="380">
<title>
<phrase category="" id="KC09536340" phrase-urn="urn:x-nevis:phrase:0800c8af82715d94">Verification</phrase>
</title>
<subcalloutnode>
<diagcallout>
<xref>
<ref id="KC09536341"/>
</xref>
</diagcallout>
<rescall-grp>
<result comp="string" highlight="0" op="eq" return="VERIFIED"/>
<calloutaction>
<return value="FAULT FOUND"/>
</calloutaction>
</rescall-grp>
<rescall-grp>
<result comp="string" highlight="0" op="eq" return="VERIFICATION FAILED"/>
<calloutaction>
<ptxt>
<xref>
<ref id="KC09536342"/>
</xref>
</ptxt>
</calloutaction>
</rescall-grp>
</subcalloutnode>
</testgrp>
<testgrp id="KC06254649" j2008use="1" paperuse="1" resumable="1" screenuse="1" testgrp-id="info1" x="280" y="520">
<title>
<phrase category="" id="KC09536343" phrase-urn="urn:x-nevis:phrase:0800c8af82715da0">Fault-tracing i#@#@#5#ation</phrase>
</title>
<subcalloutnode>
<diagcallout>
<xref>
<ref id="KC09536344"/>
</xref>
</diagcallout>
<rescall-grp>
<result comp="string" highlight="0" op="eq" return="FAULTTRACING FAILED"/>
<calloutaction>
<return value="FAULT NOT FOUND"/>
</calloutaction>
</rescall-grp>
<rescall-grp>
<result comp="string" highlight="0" op="eq" return="NEW TRY"/>
<calloutaction>
<ptxt>
<xref>
<ref id="KC09536345"/>
</xref>
</ptxt>
</calloutaction>
</rescall-grp>
</subcalloutnode>
</testgrp>
<testgrp id="KC06254650" j2008use="1" paperuse="1" resumable="1" screenuse="1" testgrp-id="info2" x="480" y="380">
<title>
<phrase category="" id="KC09536346" phrase-urn="urn:x-nevis:phrase:0800c8af82715dae">Fault-tracing i#@#@#5#ation</phrase>
</title>
<subcalloutnode>
<diagcallout>
<xref>
<ref id="KC09536347"/>
</xref>
</diagcallout>
<rescall-grp>
<result comp="string" highlight="0" op="eq" return="FAULT FOUND"/>
<calloutaction>
<return value="FAULT FOUND"/>
</calloutaction>
</rescall-grp>
<rescall-grp>
<result comp="string" highlight="0" op="eq" return="NEW TRY"/>
<calloutaction>
<ptxt>
<xref>
<ref id="KC09536348"/>
</xref>
</ptxt>
</calloutaction>
</rescall-grp>
</subcalloutnode>
</testgrp>
</diagnostic>
</servinfosub>