<?xml version="1.0" encoding="UTF-8"?><diagnostic IE-ID="en-US0900c8af80070505" docno="VCC-096055" id="KC01111274" type="test" xml:lang="en-US">
<testgrp IE-ID="en-US0900c8af80070505_KC01111275" id="KC01111275" j2008use="1" paperuse="1" resumable="1" screenuse="1" testgrp-id="verifnode" x="120" y="120">
<title>
<phrase category="" id="KC06032750" phrase-urn="urn:x-nevis:phrase:0800c8af81729290">Verification</phrase>
</title>
<node>
<test1>
<hint>
<ptxt>
<phrase category="" id="KC06032751" phrase-urn="urn:x-nevis:phrase:0800c8af81729291">After carrying #@#@#50#died.</phrase>
</ptxt>
</hint>
<diaglist>
<dgraphic>
<dgraphic1>
<graphic id="KC06032752">
<href>0900c8af80054d5#@#@#9#.jpeg</href>
</graphic>
</dgraphic1>
<dgraphic2>
<graphic id="KC06032753">
<href>0900c8af80054d7#@#@#9#.jpeg</href>
</graphic>
</dgraphic2>
</dgraphic>
<ditem>
<ptxt>
<phrase category="" id="KC06032754" phrase-urn="urn:x-nevis:phrase:0800c8af81729292">Ignition off.</phrase>
</ptxt>
</ditem>
<ditem>
<ptxt>
<phrase category="" id="KC06032755" phrase-urn="urn:x-nevis:phrase:0800c8af81729293">Reconnect conne#@#@#23#ents.</phrase>
</ptxt>
</ditem>
<ditem>
<ptxt>
<phrase category="" id="KC06032756" phrase-urn="urn:x-nevis:phrase:0800c8af81729294">Ignition on.</phrase>
</ptxt>
</ditem>
<ditem>
<ptxt>
<phrase category="" id="KC06032757" phrase-urn="urn:x-nevis:phrase:0800c8af81729295">Activate EVAP c#@#@#18#alve.</phrase>
</ptxt>
</ditem>
</diaglist>
<test2>
<ptxt>
<phrase category="" id="KC06032758" phrase-urn="urn:x-nevis:phrase:0800c8af81729296">A “click” shoul#@#@#57#ated.</phrase>
</ptxt>
<diaglist>
<dgraphic>
<dgraphic2>
<graphic id="KC06032759">
<href>0900c8af86c8681#@#@#9#.jpeg</href>
</graphic>
<smarttool active="press" id="KC06032760" toolname="XECMB109"/>
</dgraphic2>
</dgraphic>
<ditem>
<ditemtext>
<ptxt>
<phrase category="" id="KC06032761" phrase-urn="urn:x-nevis:phrase:0800c8af81729297"/>
</ptxt>
</ditemtext>
</ditem>
</diaglist>
<grate>
<graphic id="KC06032762">
<href>0900c8af800576e#@#@#9#.jpeg</href>
</graphic>
</grate>
</test2>
</test1>
<question>Is the EVAP can#@#@#24#king?</question>
<resact-grp>
<result button="yes" comp="button" highlight="0"/>
<action j2008use="1" paperuse="1" screenuse="1">
<return value="VERIFIED"/>
</action>
</resact-grp>
<resact-grp>
<result button="no" comp="button" highlight="0"/>
<action j2008use="1" paperuse="1" screenuse="1">
<return value="VERIFICATION FAILED"/>
</action>
</resact-grp>
</node>
</testgrp>
</diagnostic>