<?xml version="1.0" encoding="UTF-8"?><diagnostic IE-ID="en-US0900c8af80c49505" docno="VCC-153552" id="KC02770699" type="test" xml:lang="en-US">
<title>
<phrase category="" id="KC09466154" phrase-urn="urn:x-nevis:phrase:0800c8af8270a57c">Verification</phrase>
</title>
<testgrp IE-ID="en-US0900c8af80c49505_KC02770700" id="KC02770700" j2008use="1" paperuse="1" resumable="1" screenuse="1" testgrp-id="verifnode" x="240" y="120">
<title>
<phrase category="" id="KC09466155" phrase-urn="urn:x-nevis:phrase:0800c8af8270a57d">Verification</phrase>
</title>
<node>
<test1>
<hint>
<ptxt>
<phrase category="" id="KC09466156" phrase-urn="urn:x-nevis:phrase:0800c8af8270a57e">After carrying #@#@#50#died.</phrase>
</ptxt>
</hint>
<diaglist>
<dgraphic>
<dgraphic1>
<graphic id="KC09466157">
<href>0900c8af80054d5#@#@#9#.jpeg</href>
</graphic>
</dgraphic1>
<dgraphic2>
<graphic id="KC09466158">
<href>0900c8af80054d7#@#@#9#.jpeg</href>
</graphic>
</dgraphic2>
</dgraphic>
<ditem>
<ptxt>
<phrase category="" id="KC09466159" phrase-urn="urn:x-nevis:phrase:0800c8af8270a57f">Ignition off</phrase>
</ptxt>
</ditem>
<ditem>
<ptxt>
<phrase category="" id="KC09466160" phrase-urn="urn:x-nevis:phrase:0800c8af8270a580">Reinstall the c#@#@#21# etc.</phrase>
</ptxt>
</ditem>
<ditem>
<ptxt>
<phrase category="" id="KC09466161" phrase-urn="urn:x-nevis:phrase:0800c8af8270a581">Ignition on.</phrase>
</ptxt>
</ditem>
</diaglist>
<test2>
<para>
<ptxt>
<phrase category="" id="KC09466162" phrase-urn="urn:x-nevis:phrase:0800c8af8270a582">Check if the la#@#@#30#ghts.</phrase>
</ptxt>
</para>
</test2>
</test1>
<question>
Does the lamp #@#@#2#ght?
</question>
<resact-grp>
<result button="yes" comp="button" highlight="0"/>
<action j2008use="1" paperuse="1" screenuse="1">
<return value="VERIFIED"/>
</action>
</resact-grp>
<resact-grp>
<result button="no" comp="button" highlight="0"/>
<action j2008use="1" paperuse="1" screenuse="1">
<return value="VERIFICATION FAILED"/>
</action>
</resact-grp>
</node>
</testgrp>
</diagnostic>