<?xml version="1.0" encoding="UTF-8"?><servinfosub IE-ID="en-US0900c8af85069505" docno="VCC-281056" id="nev11279431n1" original="sv-SE" servinfosubId="nev20688059n1-nev20688059n2" servinfosubRes="0900c8af862c368d" servinfosubRes2="urn:x-nevis:fragment:0900c8af85069505:0900c8af862c368d#nev20688059n2" xml:lang="en-US">
<title id="nev11279431n2">MOST network</title>
<topic id="nev20688059n1-nev11279561n250">
<title id="nev20688059n1-nev11279561n249">General</title>
<para id="nev20688059n1-nev11279561n248">
<ptxt id="nev20688059n1-nev11279561n247">MOST (Media Ori#@#@#207#lses.</ptxt>
</para>
</topic>
<topic id="nev20688059n1-nev11279561n246">
<title id="nev20688059n1-nev11279561n245">MOST data</title>
<para id="nev20688059n1-nev11279561n244">
<ptxt id="nev20688059n1-nev11279561n243">The MOST protoc#@#@#206#t/s).</ptxt>
<ptxt id="nev20688059n1-nev11279561n242">A bit can be:</ptxt>
</para>
<list1 enumtype="d" id="nev20688059n1-nev11279561n241" type="unordered">
<item id="nev20688059n1-nev11279561n240">
<ptxt id="nev20688059n1-nev11279561n239">binary 0, i.e. #@#@#9#pulse</ptxt>
</item>
<item id="nev20688059n1-nev11279561n238">
<ptxt id="nev20688059n1-nev11279561n237">binary 1, i.e. #@#@#7#ulse.</ptxt>
</item>
</list1>
<para id="nev20688059n1-nev11279561n236">
<ptxt id="nev20688059n1-nev11279561n235">The light pulse#@#@#144#bits.</ptxt>
<ptxt id="nev20688059n1-nev11279561n234">The data frame #@#@#96#work.</ptxt>
<ptxt id="nev20688059n1-nev11279561n233">The data types #@#@#59# are:</ptxt>
</para>
<list1 enumtype="d" id="nev20688059n1-nev11279561n232" type="unordered">
<item id="nev20688059n1-nev11279561n231">
<ptxt id="nev20688059n1-nev11279561n230">control data</ptxt>
</item>
<item id="nev20688059n1-nev11279561n229">
<ptxt id="nev20688059n1-nev11279561n228">synchronous data</ptxt>
</item>
<item id="nev20688059n1-nev11279561n227">
<ptxt id="nev20688059n1-nev11279561n226">asynchronous data</ptxt>
</item>
<item id="nev20688059n1-nev11279561n225">
<ptxt id="nev20688059n1-nev11279561n224">administrative data.</ptxt>
</item>
</list1>
<para id="nev20688059n1-nev11279561n223">
<ptxt id="nev20688059n1-nev11279561n222">
<emph id="nev20688059n1-nev11279561n221">Control data</emph>
</ptxt>
<ptxt id="nev20688059n1-nev11279561n220">Control data is#@#@#86#work.</ptxt>
<ptxt id="nev20688059n1-nev11279561n219">The control dat#@#@#112#dule.</ptxt>
<ptxt id="nev20688059n1-nev11279561n218">The control dat#@#@#180#ules.</ptxt>
<ptxt id="nev20688059n1-nev11279561n217">The size of the#@#@#299#work.</ptxt>
<ptxt id="nev20688059n1-nev11279561n216">Examples of MOS#@#@#58#ayer.</ptxt>
<ptxt id="nev20688059n1-nev11279561n215">Up to 1000 cont#@#@#36#cond.</ptxt>
</para>
<para id="nev20688059n1-nev11279561n214">
<ptxt id="nev20688059n1-nev11279561n213">
<emph id="nev20688059n1-nev11279561n212">Synchronous data</emph>
</ptxt>
<ptxt id="nev20688059n1-nev11279561n211">Synchronous dat#@#@#153#IAM).</ptxt>
<ptxt id="nev20688059n1-nev11279561n210">The length of t#@#@#211#data.</ptxt>
<ptxt id="nev20688059n1-nev11279561n209">Synchronous dat#@#@#162#vers.</ptxt>
</para>
<para id="nev20688059n1-nev11279561n208">
<ptxt id="nev20688059n1-nev11279561n207">
<emph id="nev20688059n1-nev11279561n206">Asynchronous data</emph>
</ptxt>
<ptxt id="nev20688059n1-nev11279561n205">Asynchronous da#@#@#96#time.</ptxt>
<ptxt id="nev20688059n1-nev11279561n204">The length of t#@#@#257#ived.</ptxt>
<ptxt id="nev20688059n1-nev11279561n203">Asynchronous da#@#@#163#vers.</ptxt>
</para>
<para id="nev20688059n1-nev11279561n202">
<ptxt id="nev20688059n1-nev11279561n201">
<emph id="nev20688059n1-nev11279561n200">Administrative data</emph>
</ptxt>
<ptxt id="nev20688059n1-nev11279561n199">Administrative #@#@#22#arts.</ptxt>
<ptxt id="nev20688059n1-nev11279561n198">The first part #@#@#122#nous.</ptxt>
<ptxt id="nev20688059n1-nev11279561n197">The second part#@#@#113#ctly.</ptxt>
<ptxt id="nev20688059n1-nev11279561n196">The size of adm#@#@#23#ytes.</ptxt>
</para>
</topic>
<topic id="nev20688059n1-nev11279561n195">
<title id="nev20688059n1-nev11279561n194">MOST data frame</title>
<grate id="nev20688059n1-nev11279561n193" pgwide="1">
<graphic id="nev20688059n1-nev11279561n192">
<href>0900c8af80056bf#@#@#9#.jpeg</href>
</graphic>
</grate>
<list1 enumtype="d" id="nev20688059n1-nev11279561n188" type="unordered">
<title id="nev20688059n1-nev11279561n185">A data frame co#@#@#48#mple:</title>
<item id="nev20688059n1-nev11279561n187">
<ptxt id="nev20688059n1-nev11279561n186">control data</ptxt>
</item>
<item id="nev20688059n1-nev11279561n184">
<ptxt id="nev20688059n1-nev11279561n183">asynchronous data</ptxt>
</item>
<item id="nev20688059n1-nev11279561n182">
<ptxt id="nev20688059n1-nev11279561n181">synchronous data</ptxt>
</item>
<item id="nev20688059n1-nev11279561n180">
<ptxt id="nev20688059n1-nev11279561n179">administrative data.</ptxt>
</item>
</list1>
<para id="nev20688059n1-nev11279561n178">
<ptxt id="nev20688059n1-nev11279561n177">A data frame on#@#@#67#wing:</ptxt>
</para>
<list1 enumtype="n" id="nev20688059n1-nev11279561n176" type="ordered">
<item id="nev20688059n1-nev11279561n175">
<ptxt id="nev20688059n1-nev11279561n174">synchronization#@#@#127#rvals</ptxt>
</item>
<item id="nev20688059n1-nev11279561n173">
<ptxt id="nev20688059n1-nev11279561n172">administrative #@#@#60# data</ptxt>
</item>
<item id="nev20688059n1-nev11279561n171">
<ptxt id="nev20688059n1-nev11279561n170">synchronous data</ptxt>
</item>
<item id="nev20688059n1-nev11279561n169">
<ptxt id="nev20688059n1-nev11279561n168">asynchronous data</ptxt>
</item>
<item id="nev20688059n1-nev11279561n167">
<ptxt id="nev20688059n1-nev11279561n166">control data</ptxt>
</item>
<item id="nev20688059n1-nev11279561n165">
<ptxt id="nev20688059n1-nev11279561n164">administrative data</ptxt>
</item>
</list1>
<para id="nev20688059n1-nev11279561n163">
<ptxt id="nev20688059n1-nev11279561n162">16 data frames #@#@#73#sage.</ptxt>
</para>
</topic>
<topic id="nev20688059n1-nev11279561n161">
<title id="nev20688059n1-nev11279561n160">MOST protocol</title>
<para id="nev20688059n1-nev11279561n159">
<ptxt id="nev20688059n1-nev11279561n158">All activations#@#@#528#lows:</ptxt>
</para>
<list1 enumtype="d" id="nev20688059n1-nev11279561n157" type="unordered">
<item id="nev20688059n1-nev11279561n156">
<ptxt id="nev20688059n1-nev11279561n155">
<literal id="nev20688059n1-nev11279561n140">DeviceID.Fblock#@#@#17#PType</literal>
</ptxt>
</item>
</list1>
<para id="nev20688059n1-nev11279561n154">
<ptxt id="nev20688059n1-nev11279561n153">This means:</ptxt>
</para>
<list1 id="nev20688059n1-nev11279561n152">
<item id="nev20688059n1-nev11279561n151">
<ptxt id="nev20688059n1-nev11279561n150">
<literal id="nev20688059n1-nev11279561n139">DeviceID</literal> - The ID numbe#@#@#42#twork</ptxt>
</item>
<item id="nev20688059n1-nev11279561n149">
<ptxt id="nev20688059n1-nev11279561n147">
<literal id="nev20688059n1-nev11279561n138">FblockID</literal> - the ID numbe#@#@#81#(IAM)</ptxt>
</item>
<item id="nev20688059n1-nev11279561n146">
<ptxt id="nev20688059n1-nev11279561n145">
<literal id="nev20688059n1-nev11279561n137">InstID</literal> - the ID numbe#@#@#94#ample</ptxt>
</item>
<item id="nev20688059n1-nev11279561n144">
<ptxt id="nev20688059n1-nev11279561n143">
<literal id="nev20688059n1-nev11279561n136">FktID</literal> - The ID numbe#@#@#54# stop</ptxt>
</item>
<item id="nev20688059n1-nev11279561n142">
<ptxt id="nev20688059n1-nev11279561n141">
<literal id="nev20688059n1-nev11279561n135">OPType</literal> - Specifies ho#@#@#74#ways.</ptxt>
</item>
</list1>
<para id="nev20688059n1-nev11279561n134">
<ptxt id="nev20688059n1-nev11279561n133">The message may#@#@#14#lows:</ptxt>
</para>
<list1 enumtype="d" id="nev20688059n1-nev11279561n132" type="unordered">
<item id="nev20688059n1-nev11279561n131">
<ptxt id="nev20688059n1-nev11279561n130">
<literal id="nev20688059n1-nev11279561n124">IAM.CD.01.Track#@#@#11#t(10)</literal>
</ptxt>
</item>
</list1>
<para id="nev20688059n1-nev11279561n129">
<ptxt id="nev20688059n1-nev11279561n128">This means: pla#@#@#66#IAM).</ptxt>
<ptxt id="nev20688059n1-nev11279561n127">The infotainmen#@#@#257#gned.</ptxt>
</para>
</topic>
<topic id="nev20688059n1-nev11279561n126">
<title id="nev20688059n1-nev11279561n125">Calculating the#@#@#9# rate</title>
<para id="nev20688059n1-nev11279561n123">
<ptxt id="nev20688059n1-nev11279561n122">The number of "#@#@#65#rate.</ptxt>
<ptxt id="nev20688059n1-nev11279561n121">The number of d#@#@#75#rate.</ptxt>
</para>
<para id="nev20688059n1-nev11279561n120">
<ptxt id="nev20688059n1-nev11279561n119">
<emph id="nev20688059n1-nev11279561n118">Example</emph>
</ptxt>
<ptxt id="nev20688059n1-nev11279561n117">The maximum tra#@#@#27#data:</ptxt>
<ptxt id="nev20688059n1-nev11279561n116">Bit = a binary #@#@#1# or 0</ptxt>
<ptxt id="nev20688059n1-nev11279561n115">Byte = 8 bit</ptxt>
<ptxt id="nev20688059n1-nev11279561n114">Maximum asynchr#@#@#15# byte</ptxt>
<ptxt id="nev20688059n1-nev11279561n113">This gives: 36 #@#@#8#8 bit</ptxt>
<ptxt id="nev20688059n1-nev11279561n112">The clock frequ#@#@#25#8 kHz</ptxt>
<ptxt id="nev20688059n1-nev11279561n111">The maximum num#@#@#96#cond.</ptxt>
</para>
</topic>
<topic id="nev20688059n1-nev11279561n110">
<title id="nev20688059n1-nev11279561n109">Software downlo#@#@#18#twork</title>
<para id="nev20688059n1-nev11279561n108">
<ptxt id="nev20688059n1-nev11279561n107">The concept for#@#@#291#mmed.</ptxt>
</para>
<para id="nev20688059n1-nev11279561n106">
<ptxt id="nev20688059n1-nev11279561n105">When downloadin#@#@#337#ules.</ptxt>
</para>
<para id="nev20688059n1-nev11279561n104">
<ptxt id="nev20688059n1-nev11279561n103">
<emph id="nev20688059n1-nev11279561n102">GBL downloading</emph>
</ptxt>
<ptxt id="nev20688059n1-nev11279561n101">A PROG command #@#@#281#ules.</ptxt>
</para>
<para id="nev20688059n1-nev11279561n100">
<ptxt id="nev20688059n1-nev11279561n99">The PROG comman#@#@#94#hase.</ptxt>
<ptxt id="nev20688059n1-nev11279561n98">The GBL is then#@#@#421#ware.</ptxt>
<ptxt id="nev20688059n1-nev11279561n97">In the event of#@#@#173#CAN).</ptxt>
</para>
</topic>
<topic id="nev20688059n1-nev11279561n96">
<title id="nev20688059n1-nev11279561n95">Infotainment Th#@#@#15#(ITP)</title>
<para id="nev20688059n1-nev11279561n94">
<ptxt id="nev20688059n1-nev11279561n93">This function i#@#@#603#lses.</ptxt>
<ptxt id="nev20688059n1-nev11279561n92">It takes 30 sec#@#@#151#onds.</ptxt>
</para>
</topic>
</servinfosub>