<?xml version="1.0" encoding="UTF-8"?><servinfosub IE-ID="en-US0900c8af8336d102" docno="VCC-281752" id="nev11297043n1" servinfosubId="nev20685195n1-nev20685195n2" servinfosubRes="0900c8af862c1c15" servinfosubRes2="urn:x-nevis:fragment:0900c8af8336d102:0900c8af862c1c15#nev20685195n2" xml:lang="en-US">
<title id="nev11297043n2">Description of #@#@#45#ation</title>
<para id="nev20685195n1-nev11297048n1">
<ptxt id="nev20685195n1-nev11297048n2">
<xref id="nev20685195n1-nev11297048n3">
<ref id="nev20685195n1-nev11297048n5"/>
</xref>
</ptxt>
<ptxt id="nev20685195n1-nev11318913n9">
<xref id="nev20685195n1-nev11318913n14">
<ref id="nev20685195n1-nev11318913n19"/>
</xref>
</ptxt>
<ptxt id="nev20685195n1-nev11318913n33">
<xref id="nev20685195n1-nev11318913n39">
<ref id="nev20685195n1-nev11318913n45"/>
</xref>
</ptxt>
</para>
</servinfosub>