<?xml version="1.0" encoding="UTF-8"?><servinfosub IE-ID="en-US0900c8af8475c102" docno="VCC-113814" id="KC01148615" xml:lang="en-US">
<title>
<phrase category="" id="KC06065030" phrase-urn="urn:x-nevis:phrase:0800c8af81732370">Signal too high#@#@#13#ault </phrase>
</title>
<diagnostic j2008use="1" layout="0" paperuse="1" screenuse="1" type="test">
<testgrp IE-ID="en-US0900c8af8475c102_KC01251347" id="KC01251347" j2008use="1" paperuse="1" resumable="1" screenuse="1" testgrp-id="node1" x="200" y="120">
<title>
<phrase category="" id="KC06065031" phrase-urn="urn:x-nevis:phrase:0800c8af81732371">Checking and re#@#@#16#onent</phrase>
</title>
<node>
<test1>
<test2>
<para>
<ptxt>
<phrase category="" id="KC06065032" phrase-urn="urn:x-nevis:phrase:0800c8af81732372">Replace the rel#@#@#5#/119.</phrase>
</ptxt>
</para>
<para>
<ptxt>
<phrase category="" id="KC06065033" phrase-urn="urn:x-nevis:phrase:0800c8af81732373">Activate the re#@#@#73#down.</phrase>
</ptxt>
<ptxt id="nev14224052n96">
<phrase category="Faulttracing" id="nev14224059n1" phrase-urn="urn:x-nevis:phrase:0800c8af82264e68">If the function#@#@#75#lay).</phrase>
</ptxt>
</para>
<list1 enumtype="d" type="unordered">
<title>
<phrase category="" id="KC06065035" phrase-urn="urn:x-nevis:phrase:0800c8af81732375">Other information</phrase>
</title>
<item>
<ptxt id="nev14224052n100">
<phrase category="Faulttracing" id="nev14224057n1" phrase-urn="urn:x-nevis:phrase:0800c8af8475bf65">To access the w#@#@#17# see:</phrase>
<xref id="nev14224052n98">
<ref id="l1225893269561"/>
</xref>
</ptxt>
</item>
</list1>
<grate>
<graphic id="KC06065038">
<href>0900c8af80058b2#@#@#9#.jpeg</href>
</graphic>
</grate>
</test2>
</test1>
<question>
Was the functi#@#@#2# OK?
</question>
<resact-grp>
<result button="yes" comp="button" highlight="0"/>
<action j2008use="1" paperuse="1" screenuse="1">
<return value="FAULT FOUND"/>
</action>
</resact-grp>
<resact-grp>
<result button="no" comp="button" highlight="0"/>
<action j2008use="1" paperuse="1" screenuse="1">
<ptxt>
<xref>
<ref id="KC06065039"/>
</xref>
</ptxt>
</action>
</resact-grp>
</node>
</testgrp>
<testgrp id="KC01251348" j2008use="1" paperuse="1" resumable="1" screenuse="1" testgrp-id="veri" x="200" y="280">
<title>
<phrase category="" id="KC06065040" phrase-urn="urn:x-nevis:phrase:0800c8af81732377">Verification</phrase>
</title>
<subcalloutnode>
<diagcallout>
<xref>
<ref id="KC06065041"/>
</xref>
</diagcallout>
<rescall-grp>
<result comp="string" highlight="0" op="eq" return="VERIFIED"/>
<calloutaction>
<return value="FAULT FOUND"/>
</calloutaction>
</rescall-grp>
<rescall-grp>
<result comp="string" highlight="0" op="eq" return="VERIFICATION FAILED"/>
<calloutaction>
<ptxt>
<xref>
<ref id="KC06065042"/>
</xref>
</ptxt>
</calloutaction>
</rescall-grp>
</subcalloutnode>
</testgrp>
<testgrp id="KC01251349" j2008use="1" paperuse="1" resumable="1" screenuse="1" testgrp-id="node4" x="200" y="380">
<title>
<phrase category="" id="KC06065043" phrase-urn="urn:x-nevis:phrase:0800c8af81732378">Fault-tracing i#@#@#5#ation</phrase>
</title>
<subcalloutnode>
<diagcallout>
<xref>
<ref id="KC06065044"/>
</xref>
</diagcallout>
<rescall-grp>
<result comp="string" highlight="0" op="eq" return="FAULTTRACING FAILED"/>
<calloutaction>
<return value="FAULTTRACING FAILED"/>
</calloutaction>
</rescall-grp>
<rescall-grp>
<result comp="string" highlight="0" op="eq" return="NEW TRY"/>
<calloutaction>
<ptxt>
<xref>
<ref id="KC06065045"/>
</xref>
</ptxt>
</calloutaction>
</rescall-grp>
</subcalloutnode>
</testgrp>
</diagnostic>
</servinfosub>