<?xml version="1.0" encoding="UTF-8"?><servinfosub IE-ID="en-US0900c8af869d8102" docno="VCC-370197" id="nev13710330n1" original="sv-SE" servinfosubId="nev13710331n1-nev22305434n1" servinfosubRes="0900c8af869d839e" servinfosubRes2="urn:x-nevis:fragment:0900c8af869d8102:0900c8af869d839e#nev22305434n1" xml:lang="en-US">
<operationnumbers>
<operationnumber>21110-0</operationnumber>
<operationnumber>21102-2</operationnumber>
</operationnumbers>
<title id="nev13710329n5">Cylinder head</title>
<toolitemtable id="nev13710331n1-nev22306598n91">
<table id="nev13710331n1-nev22306598n90">
<tgroup cols="2" id="nev13710331n1-nev22306598n89">
<colspec colname="COLSPEC0" colwidth="1.00*" id="nev13710331n1-nev22306598n88"/>
<colspec colname="COLSPEC1" colwidth="1.00*" id="nev13710331n1-nev22306598n87"/>
<thead id="nev13710331n1-nev22306598n86">
<row id="nev13710331n1-nev22306598n85">
<entry id="nev13710331n1-nev22306598n84" nameend="COLSPEC1" namest="COLSPEC0" valign="top">
<ptxt id="nev13710331n1-nev22306598n83">
<emph id="nev13710331n1-nev22306598n82">Special tools</emph>
</ptxt>
</entry>
</row>
</thead>
<tbody id="nev13710331n1-nev22306598n81">
<row id="nev13710331n1-nev22306598n80">
<entry id="nev13710331n1-nev22306598n79">
<graphic id="nev13710331n1-nev22306598n78">
<href>0900c8af869cb78#@#@#9#.jpeg</href>
</graphic>
</entry>
<entry id="nev13710331n1-nev22306598n77">
<ptxt id="nev13710331n1-nev22306598n76">
<emph id="nev13710331n1-nev22306598n75">999 7535 Mounting</emph>
</ptxt>
<ptxt id="nev13710331n1-nev22306598n73">
<emph id="nev13710331n1-nev22306598n72">Tool number:</emph>999 7535</ptxt>
<ptxt id="nev13710331n1-nev22306598n71">
<emph id="nev13710331n1-nev22306598n70">Tool description:</emph>Mounting</ptxt>
<ptxt id="nev13710331n1-nev22306598n68">
<emph id="nev13710331n1-nev22306598n67">Tool boards:</emph>21</ptxt>
</entry>
</row>
<row id="nev13710331n1-nev22306598n66">
<entry id="nev13710331n1-nev22306598n65">
<graphic id="nev13710331n1-nev22306598n64">
<href>0900c8af869cb78#@#@#9#.jpeg</href>
</graphic>
</entry>
<entry id="nev13710331n1-nev22306598n63">
<ptxt id="nev13710331n1-nev22306598n62">
<emph id="nev13710331n1-nev22306598n61">999 7533 Support</emph>
</ptxt>
<ptxt id="nev13710331n1-nev22306598n59">
<emph id="nev13710331n1-nev22306598n58">Tool number:</emph>999 7533</ptxt>
<ptxt id="nev13710331n1-nev22306598n57">
<emph id="nev13710331n1-nev22306598n56">Tool description:</emph>Support</ptxt>
<ptxt id="nev13710331n1-nev22306598n54">
<emph id="nev13710331n1-nev22306598n53">Tool boards:</emph>21</ptxt>
</entry>
</row>
</tbody>
</tgroup>
</table>
</toolitemtable>
<materialtable id="nev13710331n1-nev22306598n52">
<table id="nev13710331n1-nev22306598n51">
<tgroup cols="2" id="nev13710331n1-nev22306598n50">
<colspec colname="COLSPEC0" colwidth="1.00*" id="nev13710331n1-nev22306598n49"/>
<colspec colname="COLSPEC1" colwidth="1.00*" id="nev13710331n1-nev22306598n48"/>
<thead id="nev13710331n1-nev22306598n47">
<row id="nev13710331n1-nev22306598n46">
<entry id="nev13710331n1-nev22306598n45" nameend="COLSPEC1" namest="COLSPEC0" valign="top">
<ptxt id="nev13710331n1-nev22306598n44">
<emph id="nev13710331n1-nev22306598n43">Materials</emph>
</ptxt>
</entry>
</row>
</thead>
<tbody id="nev13710331n1-nev22306598n42">
<row id="nev13710331n1-nev22306598n41">
<entry id="nev13710331n1-nev22306598n40">
<ptxt id="nev13710331n1-nev22306598n39">
<emph id="nev13710331n1-nev22306598n38">Designation</emph>
</ptxt>
</entry>
<entry id="nev13710331n1-nev22306598n37">
<ptxt id="nev13710331n1-nev22306598n36">
<emph id="nev13710331n1-nev22306598n35">Part number</emph>
</ptxt>
</entry>
</row>
<row id="nev13710331n1-nev22306598n34">
<entry id="nev13710331n1-nev22306598n33">
<ptxt id="nev13710331n1-nev22306598n32">Engine oil</ptxt>
</entry>
<entry id="nev13710331n1-nev22306598n30">
<ptxt id="nev13710331n1-nev22306598n29"/>
</entry>
</row>
<row id="nev13710331n1-nev22306598n28">
<entry id="nev13710331n1-nev22306598n27">
<ptxt id="nev13710331n1-nev22306598n26">Abrasive cloth</ptxt>
</entry>
<entry id="nev13710331n1-nev22306598n24">
<ptxt id="nev13710331n1-nev22306598n23">9511024</ptxt>
</entry>
</row>
<row id="nev13710331n1-nev22306598n22">
<entry id="nev13710331n1-nev22306598n21">
<ptxt id="nev13710331n1-nev22306598n20">Isopropanol</ptxt>
</entry>
<entry id="nev13710331n1-nev22306598n18">
<ptxt id="nev13710331n1-nev22306598n17"/>
</entry>
</row>
<row id="nev13710331n1-nev22306598n16">
<entry id="nev13710331n1-nev22306598n15">
<ptxt id="nev13710331n1-nev22306598n14">Chemical gasket</ptxt>
</entry>
<entry id="nev13710331n1-nev22306598n12">
<ptxt id="nev13710331n1-nev22306598n11">1161771</ptxt>
</entry>
</row>
</tbody>
</tgroup>
</table>
</materialtable>
<procedure id="nev13710331n1-nev22305445n4">
<stepgrp boilerplate="false" context="" id="nev13710331n1-nev22306596n22">
<title id="nev13710331n1-0800c8af844a46f6">Removal</title>
<procstep id="nev13710331n1-nev22305445n7">
<note id="nev13710331n1-0800c8af844a42fa">
<ptxt>Removal steps i#@#@#45#ails.</ptxt>
</note>
</procstep>
<procstep id="nev13710331n1-nev22306135n48">
<grate id="nev13710331n1-nev22306596n20">
<graphic id="nev13710331n1-nev22306596n21">
<href>0900c8af85fd8ee#@#@#9#.jpeg</href>
</graphic>
<graphtext id="nev13710331n1-nev22306608n1">
<para id="nev13710331n1-nev22306596n18">
<ptxt id="nev13710331n1-nev22306596n19">Loosen the screws.</ptxt>
</para>
<para id="nev13710331n1-nev22306596n16">
<ptxt id="nev13710331n1-nev22306596n17">Remove the mark#@#@#3#part.</ptxt>
</para>
</graphtext>
</grate>
</procstep>
<procstep id="nev13710331n1-nev22306135n41">
<para id="nev13710331n1-nev22306596n14">
<ptxt id="nev13710331n1-nev22306596n15">Remove the uppe#@#@#7#e rod<xref boilerplate="true" id="nev13710331n1-0800c8af846bae48">
<ref id="nev13710331n1-nev22306435n53"/>
</xref>
</ptxt>
</para>
</procstep>
<procstep id="nev13710331n1-nev22306135n36">
<grate id="nev13710331n1-nev22306596n12">
<graphic id="nev13710331n1-nev22306596n13">
<href>0900c8af869d810#@#@#9#.jpeg</href>
</graphic>
<graphtext id="nev13710331n1-nev22306615n1">
<para id="nev13710331n1-nev22306596n10">
<ptxt id="nev13710331n1-nev22306596n11">Remove the nut.</ptxt>
</para>
<para id="nev13710331n1-nev22306596n8">
<ptxt id="nev13710331n1-nev22306596n9">
<torque id="nev13710331n1-nev22306435n47">
<ref id="nev13710331n1-nev22306435n45"/>
</torque>
</ptxt>
</para>
</graphtext>
</grate>
</procstep>
<procstep id="nev13710331n1-nev22306135n27">
<para id="nev13710331n1-nev22306596n6">
<ptxt id="nev13710331n1-nev22306596n7">Remove Engine R#@#@#25#or RH<xref boilerplate="true" id="nev13710331n1-0800c8af84a9d529">
<ref id="nev13710331n1-nev22306435n41"/>
</xref>
</ptxt>
</para>
</procstep>
</stepgrp>
<stepgrp boilerplate="false" context="" id="nev13710331n1-nev22306596n5">
<title id="nev13710331n1-0800c8af85f09ca0">Orientation view</title>
<procstep id="nev13710331n1-nev22306135n20">
<grate id="nev13710331n1-nev22306596n3">
<graphic id="nev13710331n1-nev22306596n4">
<href>0900c8af869d810#@#@#9#.jpeg</href>
</graphic>
</grate>
</procstep>
<procstep id="nev13710331n1-nev22306135n17">
<grate id="nev13710331n1-nev22306596n1">
<graphic id="nev13710331n1-nev22306596n2">
<href>0900c8af869d810#@#@#9#.jpeg</href>
</graphic>
<graphtext id="nev13710331n1-nev22306628n1">
<caution id="nev13710331n1-0800c8af85d998cc">
<ptxt>Note the placin#@#@#9#tool.</ptxt>
</caution>
<para id="nev13710331n1-nev22306597n99">
<ptxt id="nev13710331n1-nev22306597n100">
<toolitem boilerplate="true" id="nev13710331n1-nev22306435n31" imageid="0900c8af869cb787"/>
</ptxt>
</para>
<para id="nev13710331n1-nev22306597n97">
<ptxt id="nev13710331n1-nev22306597n98">Install the screws.</ptxt>
</para>
<para id="nev13710331n1-nev22306597n95">
<ptxt id="nev13710331n1-nev22306597n96">
<torque id="nev13710331n1-nev22306435n27">
<ref id="nev13710331n1-nev22306435n25"/>
</torque>
</ptxt>
</para>
</graphtext>
</grate>
</procstep>
<procstep id="nev13710331n1-nev22306135n4">
<grate id="nev13710331n1-nev22306597n93">
<graphic id="nev13710331n1-nev22306597n94">
<href>0900c8af869c4f4#@#@#9#.jpeg</href>
</graphic>
<graphtext id="nev13710331n1-nev22306638n1">
<para id="nev13710331n1-nev22306597n91">
<ptxt id="nev13710331n1-nev22306597n92">
<toolitem boilerplate="true" id="nev13710331n1-nev22306435n20" imageid="0900c8af869cb78a"/>
</ptxt>
</para>
</graphtext>
</grate>
</procstep>
<procstep id="nev13710331n1-nev22305448n7">
<list1 boilerplate="true" context="remove" enumtype="b" id="nev13710331n1-nev22305448n8" type="unordered">
<item id="nev13710331n1-nev22306597n90">
<ptxt id="nev13710331n1-nev22306597n89">camshaft seal<xref boilerplate="true" id="nev13710331n1-0800c8af84a792e9">
<ref id="nev13710331n1-nev22306435n15"/>
</xref>
</ptxt>
</item>
<item id="nev13710331n1-nev22306597n88">
<ptxt id="nev13710331n1-nev22306597n87">fuel pump<xref boilerplate="true" id="nev13710331n1-0800c8af846387f5">
<ref id="nev13710331n1-nev22306435n11"/>
</xref>
</ptxt>
</item>
<item id="nev13710331n1-nev22306597n86">
<ptxt id="nev13710331n1-nev22306597n85">the glow plugs<xref boilerplate="true" id="nev13710331n1-0800c8af84618ff2">
<ref id="nev13710331n1-nev22306435n7"/>
</xref>
</ptxt>
</item>
<item id="nev13710331n1-nev22306597n84">
<ptxt id="nev13710331n1-nev22306597n83">fuel injector<xref boilerplate="true" id="nev13710331n1-0800c8af84534bdc">
<ref id="nev13710331n1-nev22305450n8"/>
</xref>
</ptxt>
</item>
<item id="nev13710331n1-nev22306597n82">
<ptxt id="nev13710331n1-nev22306597n81">the fuel rail<xref boilerplate="true" id="nev13710331n1-0800c8af8474be9a">
<ref id="nev13710331n1-nev22305451n3"/>
</xref>
</ptxt>
</item>
<item id="nev13710331n1-nev22306597n80">
<ptxt id="nev13710331n1-nev22306597n79">High-Pressure T#@#@#6#arger<xref boilerplate="true" id="nev13710331n1-0800c8af8633556d">
<ref id="nev13710331n1-nev22306595n99"/>
</xref>
</ptxt>
</item>
</list1>
</procstep>
<procstep id="nev13710331n1-nev22305451n9">
<grate id="nev13710331n1-nev22306597n77">
<graphic id="nev13710331n1-nev22306597n78">
<href>0900c8af8633552#@#@#9#.jpeg</href>
</graphic>
<graphtext id="nev13710331n1-nev22306663n1">
<para id="nev13710331n1-nev22306597n75">
<ptxt id="nev13710331n1-nev22306597n76">Remove the screws.</ptxt>
</para>
<para id="nev13710331n1-nev22306597n73">
<ptxt id="nev13710331n1-nev22306597n74">
<torque id="nev13710331n1-nev22305452n8">
<ref id="nev13710331n1-nev22305452n9"/>
</torque>
</ptxt>
</para>
</graphtext>
</grate>
</procstep>
<procstep id="nev13710331n1-nev22305452n10">
<grate id="nev13710331n1-nev22306597n71">
<graphic id="nev13710331n1-nev22306597n72">
<href>0900c8af8633589#@#@#9#.jpeg</href>
</graphic>
<graphtext id="nev13710331n1-nev22306670n1">
<caution id="nev13710331n1-0800c8af844a4187">
<ptxt>Take extra care#@#@#24#nent.</ptxt>
</caution>
<para id="nev13710331n1-nev22306597n69">
<ptxt id="nev13710331n1-nev22306597n70">Remove the screws.</ptxt>
</para>
<para id="nev13710331n1-nev22306597n67">
<ptxt id="nev13710331n1-nev22306597n68">Remove the mark#@#@#3#part.</ptxt>
</para>
</graphtext>
</grate>
</procstep>
<procstep id="nev13710331n1-nev22305453n7">
<grate id="nev13710331n1-nev22306597n65">
<graphic id="nev13710331n1-nev22306597n66">
<href>0900c8af863358f#@#@#9#.jpeg</href>
</graphic>
<graphtext id="nev13710331n1-nev22306674n1">
<para id="nev13710331n1-nev22306597n63">
<ptxt id="nev13710331n1-nev22306597n64">Remove the screw.</ptxt>
</para>
<para id="nev13710331n1-nev22306597n61">
<ptxt id="nev13710331n1-nev22306597n62">
<torque id="nev13710331n1-nev22306595n81">
<ref id="nev13710331n1-nev22306595n79"/>
</torque>
</ptxt>
</para>
<para id="nev13710331n1-nev22306597n59">
<ptxt id="nev13710331n1-nev22306597n60">Fold marked par#@#@#3#side.</ptxt>
</para>
</graphtext>
</grate>
</procstep>
<procstep id="nev13710331n1-nev22305454n4">
<grate id="nev13710331n1-nev22306597n57">
<graphic id="nev13710331n1-nev22306597n58">
<href>0900c8af86335c7#@#@#9#.jpeg</href>
</graphic>
<graphtext id="nev13710331n1-nev22306681n1">
<caution id="nev13710331n1-0800c8af844a4188">
<ptxt>Take extra care#@#@#25#ents.</ptxt>
</caution>
<note id="nev13710331n1-0800c8af844a42eb">
<ptxt>Note the positi#@#@#31#oval.</ptxt>
</note>
<para id="nev13710331n1-nev22306597n55">
<ptxt id="nev13710331n1-nev22306597n56">Remove the screws.</ptxt>
</para>
<para id="nev13710331n1-nev22306597n53">
<ptxt id="nev13710331n1-nev22306597n54">Loosen each bol#@#@#43#oved.</ptxt>
</para>
</graphtext>
</grate>
</procstep>
<procstep id="nev13710331n1-nev22305455n5">
<grate id="nev13710331n1-nev22306597n51">
<graphic id="nev13710331n1-nev22306597n52">
<href>0900c8af86335ca#@#@#9#.jpeg</href>
</graphic>
<graphtext id="nev13710331n1-nev22306685n1">
<caution id="nev13710331n1-0800c8af844a4188">
<ptxt>Take extra care#@#@#25#ents.</ptxt>
</caution>
<para id="nev13710331n1-nev22306597n49">
<ptxt id="nev13710331n1-nev22306597n50">Remove the mark#@#@#3#part.</ptxt>
</para>
</graphtext>
</grate>
</procstep>
<procstep id="nev13710331n1-nev22305456n1">
<grate id="nev13710331n1-nev22306597n47">
<graphic id="nev13710331n1-nev22306597n48">
<href>0900c8af86335d0#@#@#9#.jpeg</href>
</graphic>
<graphtext id="nev13710331n1-nev22306689n1">
<caution id="nev13710331n1-0800c8af844a4188">
<ptxt>Take extra care#@#@#25#ents.</ptxt>
</caution>
<note id="nev13710331n1-0800c8af844a42eb">
<ptxt>Note the positi#@#@#31#oval.</ptxt>
</note>
</graphtext>
</grate>
</procstep>
<procstep id="nev13710331n1-nev22305456n9">
<grate id="nev13710331n1-nev22306597n45">
<graphic id="nev13710331n1-nev22306597n46">
<href>0900c8af8633ca4#@#@#9#.jpeg</href>
</graphic>
<graphtext id="nev13710331n1-nev22306693n1">
<note id="nev13710331n1-0800c8af85c87302">
<ptxt>Make sure to fo#@#@#23#ated.</ptxt>
</note>
<para id="nev13710331n1-nev22306597n43">
<ptxt id="nev13710331n1-nev22306597n44">Remove the screws.</ptxt>
</para>
</graphtext>
</grate>
</procstep>
<procstep id="nev13710331n1-nev22305457n5">
<grate id="nev13710331n1-nev22306597n41">
<graphic id="nev13710331n1-nev22306597n42">
<href>0900c8af8633ca7#@#@#9#.jpeg</href>
</graphic>
<graphtext id="nev13710331n1-nev22306697n1">
<caution id="nev13710331n1-0800c8af844a40a6">
<ptxt>Note the positi#@#@#30#oval.</ptxt>
</caution>
</graphtext>
</grate>
</procstep>
</stepgrp>
<stepgrp boilerplate="false" context="" id="nev13710331n1-nev22306597n40">
<title id="nev13710331n1-0800c8af844a46f9">Installation</title>
<procstep id="nev13710331n1-nev22305458n3">
<grate id="nev13710331n1-nev22306597n38">
<graphic id="nev13710331n1-nev22306597n39">
<href>0900c8af8633ca7#@#@#9#.jpeg</href>
</graphic>
<graphtext id="nev13710331n1-nev22306701n1">
<note id="nev13710331n1-0800c8af844a43a3">
<ptxt>Make sure that #@#@#56#tion.</ptxt>
</note>
</graphtext>
</grate>
</procstep>
<procstep id="nev13710331n1-nev22305458n9">
<grate id="nev13710331n1-nev22306597n36">
<graphic id="nev13710331n1-nev22306597n37">
<href>0900c8af8633ca4#@#@#9#.jpeg</href>
</graphic>
<graphtext id="nev13710331n1-nev22306705n1">
<caution id="nev13710331n1-0800c8af844a410d">
<ptxt>Make sure that #@#@#51#rial.</ptxt>
</caution>
<caution id="nev13710331n1-0800c8af844a4119">
<ptxt>Make sure that #@#@#58#ores.</ptxt>
</caution>
<caution id="nev13710331n1-0800c8af851608e0">
<ptxt>Make sure that #@#@#33#ctly.</ptxt>
</caution>
<note id="nev13710331n1-0800c8af85c87302">
<ptxt>Make sure to fo#@#@#23#ated.</ptxt>
</note>
<para id="nev13710331n1-nev22306597n34">
<ptxt id="nev13710331n1-nev22306597n35">Tighten the bolts.</ptxt>
</para>
<para id="nev13710331n1-nev22306597n32">
<ptxt id="nev13710331n1-nev22306597n33">
<torque id="nev13710331n1-nev22306595n50">
<ref id="nev13710331n1-nev22306595n48"/>
</torque>
</ptxt>
</para>
</graphtext>
</grate>
</procstep>
<procstep id="nev13710331n1-nev22305460n8">
<grate id="nev13710331n1-nev22306597n30">
<graphic id="nev13710331n1-nev22306597n31">
<href>0900c8af8633cae#@#@#9#.jpeg</href>
</graphic>
<graphtext id="nev13710331n1-nev22306712n1">
<caution id="nev13710331n1-0800c8af851608e0">
<ptxt>Make sure that #@#@#33#ctly.</ptxt>
</caution>
<caution id="nev13710331n1-0800c8af844a4188">
<ptxt>Take extra care#@#@#25#ents.</ptxt>
</caution>
<note id="nev13710331n1-0800c8af844a43a3">
<ptxt>Make sure that #@#@#56#tion.</ptxt>
</note>
<para id="nev13710331n1-nev22306597n28">
<ptxt id="nev13710331n1-nev22306597n29">
<material id="nev13710331n1-nev22305461n10" materialid="" materialname="Engine oil" quantity="0.1" showInProcStep="true"/>
</ptxt>
</para>
</graphtext>
</grate>
</procstep>
<procstep id="nev13710331n1-nev22305462n1">
<grate id="nev13710331n1-nev22306597n26">
<graphic id="nev13710331n1-nev22306597n27">
<href>0900c8af8633cba#@#@#9#.jpeg</href>
</graphic>
<graphtext id="nev13710331n1-nev22306719n1">
<caution id="nev13710331n1-0800c8af86052093">
<ptxt>Make sure that #@#@#35#ctly.</ptxt>
</caution>
</graphtext>
</grate>
</procstep>
<procstep id="nev13710331n1-nev22305462n7">
<grate id="nev13710331n1-nev22306597n24">
<graphic id="nev13710331n1-nev22306597n25">
<href>0900c8af8633cba#@#@#9#.jpeg</href>
</graphic>
<graphtext id="nev13710331n1-nev22306723n1">
<para id="nev13710331n1-nev22306597n22">
<ptxt id="nev13710331n1-nev22306597n23">Install the mar#@#@#9#nent.</ptxt>
</para>
</graphtext>
</grate>
</procstep>
<procstep id="nev13710331n1-nev22305462n10">
<grate id="nev13710331n1-nev22306597n20">
<graphic id="nev13710331n1-nev22306597n21">
<href>0900c8af8633cc1#@#@#9#.jpeg</href>
</graphic>
<graphtext id="nev13710331n1-nev22306727n1">
<caution id="nev13710331n1-0800c8af844a40c1">
<ptxt>Make sure that #@#@#57#nent.</ptxt>
</caution>
<note id="nev13710331n1-0800c8af844a43a3">
<ptxt>Make sure that #@#@#56#tion.</ptxt>
</note>
<para id="nev13710331n1-nev22306597n18">
<ptxt id="nev13710331n1-nev22306597n19">Tighten the bolts.</ptxt>
</para>
<para id="nev13710331n1-nev22306597n16">
<ptxt id="nev13710331n1-nev22306597n17">
<torque id="nev13710331n1-nev22305464n3">
<ref id="nev13710331n1-nev22305464n4"/>
</torque>
</ptxt>
</para>
</graphtext>
</grate>
</procstep>
<procstep id="nev13710331n1-nev22305464n5">
<grate id="nev13710331n1-nev22306597n14">
<graphic id="nev13710331n1-nev22306597n15">
<href>0900c8af8633d28#@#@#9#.jpeg</href>
</graphic>
<graphtext id="nev13710331n1-nev22306734n1">
<note id="nev13710331n1-0800c8af844a4379">
<ptxt>Make sure that #@#@#51#rial.</ptxt>
</note>
<note id="nev13710331n1-0800c8af844a43cb">
<ptxt>The component m#@#@#53#lant.</ptxt>
</note>
<para id="nev13710331n1-nev22306597n12">
<ptxt id="nev13710331n1-nev22306597n13">
<material id="nev13710331n1-nev22306595n26" materialid="9511024" materialname="Abrasive cloth" quantity="1.0" showInProcStep="true"/>
</ptxt>
</para>
<para id="nev13710331n1-nev22306597n10">
<ptxt id="nev13710331n1-nev22306597n11">
<material id="nev13710331n1-nev22306595n23" materialid="" materialname="Isopropanol" quantity="1.0" showInProcStep="true"/>
</ptxt>
</para>
<para id="nev13710331n1-nev22306597n8">
<ptxt id="nev13710331n1-nev22306597n9">
<material id="nev13710331n1-nev22305465n5" materialid="1161771" materialname="Chemical gasket" quantity="0.1" showInProcStep="true"/>
</ptxt>
</para>
</graphtext>
</grate>
</procstep>
<procstep id="nev13710331n1-nev22305465n6">
<grate id="nev13710331n1-nev22306597n6">
<graphic id="nev13710331n1-nev22306597n7">
<href>0900c8af8633cc5#@#@#9#.jpeg</href>
</graphic>
<graphtext id="nev13710331n1-nev22306747n1">
<para id="nev13710331n1-nev22306597n4">
<ptxt id="nev13710331n1-nev22306597n5">Tighten the bolts.</ptxt>
</para>
<para id="nev13710331n1-nev22306597n2">
<ptxt id="nev13710331n1-nev22306597n3">Install the mar#@#@#9#nent.</ptxt>
</para>
<para id="nev13710331n1-nev22306598n100">
<ptxt id="nev13710331n1-nev22306597n1">
<torque id="nev13710331n1-nev22305466n5">
<ref id="nev13710331n1-nev22305466n6"/>
</torque>
</ptxt>
</para>
</graphtext>
</grate>
</procstep>
<procstep id="nev13710331n1-nev22305466n7">
<grate id="nev13710331n1-nev22306598n98">
<graphic id="nev13710331n1-nev22306598n99">
<href>0900c8af8633d37#@#@#9#.jpeg</href>
</graphic>
<graphtext id="nev13710331n1-nev22306754n1">
<note id="nev13710331n1-0800c8af844a4379">
<ptxt>Make sure that #@#@#51#rial.</ptxt>
</note>
<note id="nev13710331n1-0800c8af86644bc4">
<ptxt>Make sure to fo#@#@#41#tion.</ptxt>
</note>
<para id="nev13710331n1-nev22306598n96">
<ptxt id="nev13710331n1-nev22306598n97">Tighten the bolts.</ptxt>
</para>
<para id="nev13710331n1-nev22306598n94">
<ptxt id="nev13710331n1-nev22306598n95">
<torque id="nev13710331n1-nev22305467n8">
<ref id="nev13710331n1-nev22305467n9"/>
</torque>
</ptxt>
</para>
</graphtext>
</grate>
</procstep>
<procstep id="nev13710331n1-nev22305467n10">
<para id="nev13710331n1-nev22306598n92">
<ptxt id="nev13710331n1-nev22306598n93">To install, rev#@#@#22#dure.</ptxt>
</para>
</procstep>
</stepgrp>
</procedure>
</servinfosub>