<?xml version="1.0" encoding="UTF-8"?><servinfosub IE-ID="en-US0900c8af81a9640f" docno="VCC-158208" id="KC06255752" xml:lang="en-US">
<title>
<phrase category="" id="KC09537318" phrase-urn="urn:x-nevis:phrase:0800c8af82718fb4">Checking the ce#@#@#15#witch</phrase>
</title>
<diagnostic type="test">
<testgrp IE-ID="en-US0900c8af81a9640f_KC06255754" id="KC06255754" j2008use="1" paperuse="1" resumable="1" screenuse="1" testgrp-id="a1" x="120" y="80">
<title>
<phrase category="" id="KC09537319" phrase-urn="urn:x-nevis:phrase:0800c8af82718fc6">Checking fuses</phrase>
</title>
<node>
<test1>
<diaglist>
<dgraphic>
<dgraphic1>
<graphic id="KC09537320">
<href>0900c8af80054d4#@#@#9#.jpeg</href>
</graphic>
</dgraphic1>
</dgraphic>
<ditem>
<ptxt>
<phrase category="" id="KC09537321" phrase-urn="urn:x-nevis:phrase:0800c8af82718fd7">Ignition off</phrase>
</ptxt>
</ditem>
<ditem>
<ptxt>
<phrase category="" id="KC09537322" phrase-urn="urn:x-nevis:phrase:0800c8af82718fe6">Check that the #@#@#50#aged.</phrase>
</ptxt>
</ditem>
</diaglist>
<test2>
<list1 enumtype="d">
<title>
<phrase category="" id="KC09537323" phrase-urn="urn:x-nevis:phrase:0800c8af82718ff3">Other information:</phrase>
</title>
<item>
<ptxt>
<phrase category="" id="KC09537324" phrase-urn="urn:x-nevis:phrase:0800c8af82719004">For further inf#@#@#56#ram. </phrase>
</ptxt>
</item>
</list1>
<grate>
<graphic id="KC09537325">
<href>0900c8af80058a6#@#@#9#.jpeg</href>
</graphic>
</grate>
</test2>
</test1>
<question>
Was a fault de#@#@#3#ted?
</question>
<resact-grp>
<result button="yes" comp="button" highlight="0"/>
<action j2008use="1" paperuse="1" screenuse="1">
<return value="FAULT FOUND"/>
</action>
</resact-grp>
<resact-grp>
<result button="no" comp="button" highlight="0"/>
<action j2008use="1" paperuse="1" screenuse="1">
<ptxt>
<xref>
<ref id="KC09537327"/>
</xref>
</ptxt>
</action>
</resact-grp>
</node>
</testgrp>
<testgrp id="KC06255755" j2008use="1" paperuse="1" resumable="1" screenuse="1" testgrp-id="a2" x="120" y="160">
<title>
<phrase category="" id="KC09537328" phrase-urn="urn:x-nevis:phrase:0800c8af82719024">Replacing the c#@#@#3#onent</phrase>
</title>
<node>
<test1>
<test2>
<para>
<ptxt>
<phrase category="" id="KC09537329" phrase-urn="urn:x-nevis:phrase:0800c8af82719034">The driver/pass#@#@#56#ault.</phrase>
</ptxt>
</para>
<caution>
<ptxt>
<phrase category="" id="KC09537330" phrase-urn="urn:x-nevis:phrase:0800c8af8271903f">A new control m#@#@#96#aced.</phrase>
</ptxt>
</caution>
<para>
<ptxt>
<phrase category="" id="KC09537331" phrase-urn="urn:x-nevis:phrase:0800c8af8271904a">After replacing#@#@#55#ized.</phrase>
</ptxt>
</para>
<para>
<ptxt>
<phrase category="" id="KC09537332" phrase-urn="urn:x-nevis:phrase:0800c8af8271905d">Move the window#@#@#45#trol.</phrase>
</ptxt>
<ptxt>
<phrase category="" id="KC09537333" phrase-urn="urn:x-nevis:phrase:0800c8af8271906e">Initialize the #@#@#2#ndow.</phrase>
</ptxt>
</para>
<list1 enumtype="d" type="unordered">
<title>
<phrase category="" id="KC09537334" phrase-urn="urn:x-nevis:phrase:0800c8af8271907e">Other information:</phrase>
</title>
<item>
<ptxt>
<phrase category="" id="KC09537335" phrase-urn="urn:x-nevis:phrase:0800c8af8271908d">
<xref>
<ref id="KC09537336"/>
</xref>.</phrase>
</ptxt>
</item>
</list1>
<diaglist>
<dgraphic>
<dgraphic2>
<graphic id="KC09537337">
<href>0900c8af86c8681#@#@#9#.jpeg</href>
</graphic>
<smarttool active="press" id="KC09537338" toolname="XDDM0001"/>
</dgraphic2>
</dgraphic>
<ditem>
<ditemtext>
<ptxt>
<phrase category="" id="KC09537339" phrase-urn="urn:x-nevis:phrase:0800c8af8271909b"/>
</ptxt>
</ditemtext>
</ditem>
</diaglist>
</test2>
</test1>
<question>
Select Continue.
</question>
<resact-grp>
<result button="cont" comp="button" highlight="0"/>
<action j2008use="1" paperuse="1" screenuse="1">
<ptxt>
<xref>
<ref id="KC09537341"/>
</xref>
</ptxt>
</action>
</resact-grp>
</node>
</testgrp>
<testgrp id="KC06255756" j2008use="1" paperuse="1" resumable="1" screenuse="1" testgrp-id="verif" x="160" y="80">
<title>
<phrase category="" id="KC09537342" phrase-urn="urn:x-nevis:phrase:0800c8af827190ba">Verification</phrase>
</title>
<node>
<test1>
<hint>
<ptxt>
<phrase category="" id="KC09537343" phrase-urn="urn:x-nevis:phrase:0800c8af827190cc">After carrying #@#@#50#died.</phrase>
</ptxt>
</hint>
<diaglist>
<dgraphic>
<dgraphic1>
<graphic id="KC09537344">
<href>0900c8af80054d5#@#@#9#.jpeg</href>
</graphic>
</dgraphic1>
<dgraphic2>
<graphic id="KC09537345">
<href>0900c8af80054d7#@#@#9#.jpeg</href>
</graphic>
</dgraphic2>
</dgraphic>
<ditem>
<ptxt>
<phrase category="" id="KC09537346" phrase-urn="urn:x-nevis:phrase:0800c8af827190d9">Ignition off</phrase>
</ptxt>
</ditem>
<ditem>
<ptxt>
<phrase category="" id="KC09537347" phrase-urn="urn:x-nevis:phrase:0800c8af827190e7">Reinstall the c#@#@#21# etc.</phrase>
</ptxt>
</ditem>
<ditem>
<ptxt>
<phrase category="" id="KC09537348" phrase-urn="urn:x-nevis:phrase:0800c8af827190f9">Ignition on.</phrase>
</ptxt>
</ditem>
</diaglist>
<test2>
<para>
<ptxt>
<phrase category="" id="KC09537349" phrase-urn="urn:x-nevis:phrase:0800c8af8271910e">Lock/unlock usi#@#@#26#tch. </phrase>
</ptxt>
</para>
</test2>
</test1>
<question>
Does the centr#@#@#19#ork?
</question>
<resact-grp>
<result button="yes" comp="button" highlight="0"/>
<action j2008use="1" paperuse="1" screenuse="1">
<return value="VERIFIED"/>
</action>
</resact-grp>
<resact-grp>
<result button="no" comp="button" highlight="0"/>
<action j2008use="1" paperuse="1" screenuse="1">
<ptxt>
<xref>
<ref id="KC09537351"/>
</xref>
</ptxt>
</action>
</resact-grp>
</node>
</testgrp>
<testgrp id="KC06255757" j2008use="1" paperuse="1" resumable="1" screenuse="1" testgrp-id="info1" x="320" y="200">
<title>
<phrase category="" id="KC09537352" phrase-urn="urn:x-nevis:phrase:0800c8af8271912a">Fault-tracing i#@#@#5#ation</phrase>
</title>
<subcalloutnode>
<diagcallout>
<xref>
<ref id="KC09537353"/>
</xref>
</diagcallout>
<rescall-grp>
<result comp="string" highlight="0" op="eq" return="FAULTTRACING FAILED"/>
<calloutaction>
<return value="FAULTTRACING FAILED"/>
</calloutaction>
</rescall-grp>
<rescall-grp>
<result comp="string" highlight="0" op="eq" return="NEW TRY"/>
<calloutaction>
<ptxt>
<xref>
<ref id="KC09537354"/>
</xref>
</ptxt>
</calloutaction>
</rescall-grp>
</subcalloutnode>
</testgrp>
</diagnostic>
</servinfosub>