<?xml version="1.0" encoding="UTF-8"?><script xmlns:nevis="http://www.volvocars.com/namespaces/processing" xmlns:xlink="http://www.w3.org/1999/xlink" IE-ID="en-US0900c8af81b5240f" docno="VCC-230364" id="nev9957393n1" nevis:expl-profile="mdl544yr2004, mdl545yr2004, mdl544yr2005, mdl545yr2005, mdl542yr2006, mdl544yr2006, mdl545yr2006, mdl542yr2007, mdl544yr2007, mdl545yr2007, mdl533yr2007, mdl544yr2008, mdl545yr2008, mdl533yr2008, mdl542yr2008, mdl533yr2009, mdl544yr2009, mdl545yr2009, mdl542yr2009, mdl544yr2010, mdl545yr2010, mdl542yr2010, mdl533yr2010, mdl533yr2011, mdl545yr2011, mdl542yr2011, mdl544yr2011, mdl544yr2012, mdl545yr2012, mdl533yr2012, mdl542yr2012, mdl530yr2011, mdl542yr2013, mdl533yr2013, mdl530yr2012, mdl530yr2013" nevis:profile="urn:x-nevis:profile:0b00c8af8020c058 urn:x-nevis:profile:0b00c8af8020c05a urn:x-nevis:profile:0b00c8af80da257b urn:x-nevis:profile:0b00c8af80da257d urn:x-nevis:profile:0b00c8af817ac33f urn:x-nevis:profile:0b00c8af823216e9 urn:x-nevis:profile:0b00c8af823216ee urn:x-nevis:profile:0b00c8af82e3ac56 urn:x-nevis:profile:0b00c8af82e5d02d urn:x-nevis:profile:0b00c8af82e5d352 urn:x-nevis:profile:0b00c8af82febdf9 urn:x-nevis:profile:0b00c8af839eaa60 urn:x-nevis:profile:0b00c8af839eacfa urn:x-nevis:profile:0b00c8af83aff6b3 urn:x-nevis:profile:0b00c8af83affa46 urn:x-nevis:profile:0b00c8af83f19e63 urn:x-nevis:profile:0b00c8af83f1a51f urn:x-nevis:profile:0b00c8af83f1a8d8 urn:x-nevis:profile:0b00c8af83f1ad9d urn:x-nevis:profile:0b00c8af8414dfad urn:x-nevis:profile:0b00c8af8414e27e urn:x-nevis:profile:0b00c8af8415509d urn:x-nevis:profile:0b00c8af841552ad urn:x-nevis:profile:0b00c8af847139c0 urn:x-nevis:profile:0b00c8af847139e3 urn:x-nevis:profile:0b00c8af847139e4 urn:x-nevis:profile:0b00c8af847139e6 urn:x-nevis:profile:0b00c8af84eb810f urn:x-nevis:profile:0b00c8af84eb8110 urn:x-nevis:profile:0b00c8af84eb8111 urn:x-nevis:profile:0b00c8af84eb8113 urn:x-nevis:profile:0b00c8af8512644f urn:x-nevis:profile:0b00c8af8520c261 urn:x-nevis:profile:0b00c8af8520c39e urn:x-nevis:profile:0b00c8af85330427 urn:x-nevis:profile:0b00c8af8568d0bf" nevis:projectdocument="urn:x-nevis:projectdocument:0800c8af81b5240e" nevis:resource="0900c8af81d74bbe" nevis:resource2="urn:x-nevis:fragment:0900c8af81b5240f:0900c8af81d74bbe#nev9957393n1" nevis:session-id="" qualifierinfotype="14:00" type="" xml:lang="en-US"><title>READ RTI MULTIPAD</title><content gui="1" height="150" id="nev9957394n1-nev9957393n3" nevis:expl-profile="mdl544yr2004, mdl545yr2004, mdl544yr2005, mdl545yr2005, mdl542yr2006, mdl544yr2006, mdl545yr2006, mdl542yr2007, mdl544yr2007, mdl545yr2007, mdl533yr2007, mdl544yr2008, mdl545yr2008, mdl533yr2008, mdl542yr2008, mdl533yr2009, mdl544yr2009, mdl545yr2009, mdl542yr2009, mdl544yr2010, mdl545yr2010, mdl542yr2010, mdl533yr2010, mdl533yr2011, mdl545yr2011, mdl542yr2011, mdl544yr2011, mdl544yr2012, mdl545yr2012, mdl533yr2012, mdl542yr2012, mdl530yr2011, mdl542yr2013, mdl533yr2013, mdl530yr2012, mdl530yr2013" nevis:idfrom="nev9957394n1" nevis:prefix="nev9957394n1" nevis:profile="urn:x-nevis:profile:0b00c8af8020c058 urn:x-nevis:profile:0b00c8af8020c05a urn:x-nevis:profile:0b00c8af80da257b urn:x-nevis:profile:0b00c8af80da257d urn:x-nevis:profile:0b00c8af817ac33f urn:x-nevis:profile:0b00c8af823216e9 urn:x-nevis:profile:0b00c8af823216ee urn:x-nevis:profile:0b00c8af82e3ac56 urn:x-nevis:profile:0b00c8af82e5d02d urn:x-nevis:profile:0b00c8af82e5d352 urn:x-nevis:profile:0b00c8af82febdf9 urn:x-nevis:profile:0b00c8af839eaa60 urn:x-nevis:profile:0b00c8af839eacfa urn:x-nevis:profile:0b00c8af83aff6b3 urn:x-nevis:profile:0b00c8af83affa46 urn:x-nevis:profile:0b00c8af83f19e63 urn:x-nevis:profile:0b00c8af83f1a51f urn:x-nevis:profile:0b00c8af83f1a8d8 urn:x-nevis:profile:0b00c8af83f1ad9d urn:x-nevis:profile:0b00c8af8414dfad urn:x-nevis:profile:0b00c8af8414e27e urn:x-nevis:profile:0b00c8af8415509d urn:x-nevis:profile:0b00c8af841552ad urn:x-nevis:profile:0b00c8af847139c0 urn:x-nevis:profile:0b00c8af847139e3 urn:x-nevis:profile:0b00c8af847139e4 urn:x-nevis:profile:0b00c8af847139e6 urn:x-nevis:profile:0b00c8af84eb810f urn:x-nevis:profile:0b00c8af84eb8110 urn:x-nevis:profile:0b00c8af84eb8111 urn:x-nevis:profile:0b00c8af84eb8113 urn:x-nevis:profile:0b00c8af8512644f urn:x-nevis:profile:0b00c8af8520c261 urn:x-nevis:profile:0b00c8af8520c39e urn:x-nevis:profile:0b00c8af85330427 urn:x-nevis:profile:0b00c8af8568d0bf" nevis:resource="0900c8af81d74bc0" nevis:resource2="urn:x-nevis:fragment:0900c8af81b5240f:0900c8af81d74bc0#nev9957393n3" width="400" xml:lang="en-US"><nodes id="nev9957394n1-nev9957400n1"><node class="Components.StartNode" id="nev9957394n1-nev9957401n1" nodeid="Start" x="17" y="58"/><node class="Components.Gui.ParameterLabel" id="nev9957394n1-nev9957402n1" nodeid="ParameterLabel1" x="611" y="7"><gui height="70" id="nev9957394n1-nev9957403n1" width="380" x="10" y="10"/><property class="Parameter" id="nev9957394n1-nev9957404n1" name="Parameter" type="In" value="" visible="1"/><property class="String" id="nev9957394n1-nev9957405n1" name="Title" type="In" value="" visible="1"/><property class="String" id="nev9957394n1-nev9957406n1" name="Value" type="In" value="" visible="1"/><property class="String" id="nev9957394n1-nev9957407n1" name="Unit" type="In" value="" visible="1"/></node><node class="Components.ScriptComponent" id="nev9957394n1-nev9957408n1" nodeid="ScriptComponent1" x="351" y="388"/><node class="Components.ScriptButton" id="nev9957394n1-nev9957409n1" nodeid="ScriptButton1" x="27" y="387"><gui height="30" id="nev9957394n1-nev9957410n1" width="110" x="280" y="100"/><property class="String" id="nev9957394n1-nev9957411n1" name="Text" type="In" value="Hide" visible="0"/><property class="String" id="nev9957394n1-nev9957412n1" name="StartDisabled" type="Internal" value="false" visible="1"/><extension id="nev9957394n1-nev9957413n1"><phrase category="Faulttracing" id="nev9957394n1-nev9957395n1" phrase-urn="urn:x-nevis:phrase:0800c8af81b6b138">Hide</phrase></extension></node><node class="Components.IdentifierComponent" id="nev9957394n1-nev9957414n1" nodeid="IdentifierComponent1" x="358" y="2"><property class="Parameter" id="nev9957394n1-nev9957415n1" name="Info centre selector switch" type="Out" value="" visible="1"/><extension id="nev9957394n1-nev9957416n1"><identifier ecu="641901" ecuMode="EcuType" id="nev9957394n1-nev9957417n1" read="4" type="REID" value="0003"><parameter id="nev9957394n1-nev9957418n1" name="Info centre selector switch" textid="35439"/></identifier></extension></node><node class="Components.Repeater" id="nev9957394n1-nev9957419n1" nodeid="Repeater1" x="224" y="64"/></nodes><handlers id="nev9957394n1-nev9957420n1"><eventhandler id="nev9957394n1-nev9957421n1" name="OnStart" node="Start"><call id="nev9957394n1-nev9957422n1" method="UpdateTitles" node="IdentifierComponent1"/><call id="nev9957394n1-nev9957423n1" method="Start" node="Repeater1"/></eventhandler><eventhandler id="nev9957394n1-nev9957424n1" name="Click" node="ScriptButton1"><call id="nev9957394n1-nev9957425n1" method="CloseDialog" node="ScriptComponent1"/></eventhandler><eventhandler id="nev9957394n1-nev9957426n1" name="OnRepeat" node="Repeater1"><call id="nev9957394n1-nev9957427n1" method="Read" node="IdentifierComponent1"/></eventhandler><propertyhandler id="nev9957394n1-nev9957428n1" name="Info centre selector switch" node="IdentifierComponent1"><set id="nev9957394n1-nev9957429n1" node="ParameterLabel1" property="Parameter"/></propertyhandler></handlers></content></script>