<?xml version="1.0" encoding="UTF-8"?><servinfosub IE-ID="en-US0900c8af8069b40f" docno="VCC-085607" id="KC02188759" xml:lang="en-US">
<title>
<phrase category="" id="KC08577232" phrase-urn="urn:x-nevis:phrase:0800c8af81de2847">Checking the au#@#@#15#ssion</phrase>
</title>
<diagnostic type="test">
<testgrp IE-ID="en-US0900c8af8069b40f_KC02258556" id="KC02258556" j2008use="1" paperuse="1" resumable="0" screenuse="1" testgrp-id="veri" x="120" y="80">
<title>
<phrase category="" id="KC08577233" phrase-urn="urn:x-nevis:phrase:0800c8af81de2848">Checking the au#@#@#15#ssion</phrase>
</title>
<node>
<test1>
<test2>
<hint>
<ptxt>
<phrase category="" id="KC08577234" phrase-urn="urn:x-nevis:phrase:0800c8af81de2849">When a fault ha#@#@#70#ists.</phrase>
</ptxt>
<ptxt>
<phrase category="" id="KC08577235" phrase-urn="urn:x-nevis:phrase:0800c8af81de284a">Check automatic#@#@#20#lows:</phrase>
</ptxt>
</hint>
<diaglist>
<ditem>
<ptxt>
<phrase category="" id="KC08577236" phrase-urn="urn:x-nevis:phrase:0800c8af81de284b">Test drive the #@#@#40# Use <xref>
<ref id="KC08577237"/>
</xref> as a guide.</phrase>
</ptxt>
</ditem>
<ditem>
<ptxt>
<phrase category="" id="KC08577238" phrase-urn="urn:x-nevis:phrase:0800c8af81de284c">If hydraulic ho#@#@#78#rive.</phrase>
</ptxt>
</ditem>
</diaglist>
<grate>
<graphic id="KC08577239" width="column">
<href>0900c8af80056c6#@#@#9#.jpeg</href>
</graphic>
</grate>
</test2>
</test1>
<question>Is the automati#@#@#33#ctly?</question>
<resact-grp>
<result button="yes" comp="button" highlight="0"/>
<action j2008use="1" paperuse="1" screenuse="1">
<return value="VERIFIED"/>
</action>
</resact-grp>
<resact-grp>
<result button="no" comp="button" highlight="0"/>
<action j2008use="1" paperuse="1" screenuse="1">
<return value="VERIFICATION FAILED"/>
</action>
</resact-grp>
</node>
</testgrp>
</diagnostic>
</servinfosub>