<?xml version="1.0" encoding="UTF-8"?><servinfosub IE-ID="en-US0900c8af84fb5004" docno="VCC-158937" id="KC06257381" xml:lang="en-US">
<title>
<phrase category="Title" id="nev15788572n1" phrase-urn="urn:x-nevis:phrase:0800c8af8439269c">Identifying com#@#@#69#(CCM)</phrase>
</title>
<diagnostic j2008use="1" layout="0" paperuse="1" screenuse="1" type="test">
<testgrp IE-ID="en-US0900c8af84fb5004_nev10687766n100" id="nev10687766n100" j2008use="1" paperuse="0" resumable="1" screenuse="1" x="120" y="60">
<title id="nev10687766n99">
<phrase category="Title" id="nev10687769n1" phrase-urn="urn:x-nevis:phrase:0800c8af8032d32b">Information</phrase>
</title>
<node id="nev10687766n98">
<test1 id="nev10687766n97">
<diaglist id="nev10687766n80">
<ditem id="nev10687766n79">
<ptxt id="nev10687766n78">
<phrase category="Faulttracing" id="nev10687880n1" phrase-urn="urn:x-nevis:phrase:0800c8af824d0285">The control mod#@#@#64#DMM).</phrase>
</ptxt>
<note id="nev15788570n97">
<ptxt id="nev15788570n96">
<phrase category="Faulttracing" id="nev15788793n1" phrase-urn="urn:x-nevis:phrase:0800c8af843926a2">Identification #@#@#113#CCM).</phrase>
</ptxt>
</note>
</ditem>
</diaglist>
</test1>
<question id="nev10687766n96">
Have any of th#@#@#42#ced?
</question>
<resact-grp id="nev10687766n90">
<result button="yes" comp="button" highlight="0" id="nev10687766n89"/>
<action id="nev10687766n86" j2008use="1" paperuse="0" screenuse="1">
<ptxt id="nev10687766n85">
<xref id="nev10687766n84">
<ref id="nev10687766n83"/>
</xref>
</ptxt>
</action>
</resact-grp>
<resact-grp id="nev10687766n88">
<result button="no" comp="button" highlight="0" id="nev10687766n87"/>
<action id="nev10687766n82" j2008use="1" paperuse="0" screenuse="1">
<return id="nev10687766n81" value="DONE"/>
</action>
</resact-grp>
</node>
</testgrp>
<testgrp id="KC06257383" j2008use="1" paperuse="1" resumable="1" screenuse="1" testgrp-id="prg" x="120" y="160">
<title>
<phrase category="Title" id="nev15788795n1" phrase-urn="urn:x-nevis:phrase:0800c8af8439269c">Identifying com#@#@#69#(CCM)</phrase>
</title>
<node>
<test1>
<hint>
<ptxt>
<phrase category="" id="KC08241335" phrase-urn="urn:x-nevis:phrase:0800c8af81daa756">When identifyin#@#@#196#cted.</phrase>
</ptxt>
</hint>
<diaglist>
<dgraphic>
<dgraphic1>
<graphic id="KC08241336">
<href>0900c8af80054d5#@#@#9#.jpeg</href>
</graphic>
</dgraphic1>
</dgraphic>
<ditem>
<ptxt>
<phrase category="" id="KC08241337" phrase-urn="urn:x-nevis:phrase:0800c8af81daa757">Ignition off</phrase>
</ptxt>
</ditem>
<ditem>
<ptxt>
<phrase category="Faulttracing" id="nev10687828n1" phrase-urn="urn:x-nevis:phrase:0800c8af81eb9476">Reinstall the c#@#@#21# etc.</phrase>
</ptxt>
</ditem>
</diaglist>
<test2>
<note id="nev10803134n100">
<ptxt id="nev10803134n99">
<phrase category="Faulttracing" id="nev10803135n1" phrase-urn="urn:x-nevis:phrase:0800c8af82a68ba5">Climate Control#@#@#62#ture.</phrase>
<phrase category="Faulttracing" id="nev10803136n1" phrase-urn="urn:x-nevis:phrase:0800c8af8279ceea">The vehicle sho#@#@#57#vice.</phrase>
</ptxt>
</note>
<list1 id="nev10687777n97">
<title id="nev10687777n96">
<phrase category="Title" id="nev10687830n1" phrase-urn="urn:x-nevis:phrase:0800c8af824e50b2">Carry out ident#@#@#16#lows:</phrase>
</title>
<item id="nev10687777n94">
<ptxt id="nev10687777n93">
<phrase category="Faulttracing" id="nev10687862n1" phrase-urn="urn:x-nevis:phrase:0800c8af81976d4a">Ignition on.</phrase>
</ptxt>
</item>
<item id="nev10687777n91">
<ptxt id="nev10687777n90">
<phrase category="Faulttracing" id="nev10687863n1" phrase-urn="urn:x-nevis:phrase:0800c8af81eab2b0">Click on the ve#@#@#22#mbol.</phrase>
<phrase category="Faulttracing" id="nev10687864n1" phrase-urn="urn:x-nevis:phrase:0800c8af824a9bc1">Wait until iden#@#@#27# out.</phrase>
</ptxt>
</item>
<item id="nev10687777n87">
<ptxt id="nev10687777n86">
<phrase category="Faulttracing" id="nev10687866n1" phrase-urn="urn:x-nevis:phrase:0800c8af81924b93">Ignition off.</phrase>
</ptxt>
</item>
</list1>
<diaglist>
<dgraphic>
<dgraphic2>
<graphic id="KC08241341">
<href>0900c8af86c8681#@#@#9#.jpeg</href>
</graphic>
<smarttool active="press" id="KC08241342" toolname="XCCMB221"/>
</dgraphic2>
</dgraphic>
</diaglist>
</test2>
</test1>
<question>
Select Continue.
</question>
<resact-grp id="nev10687777n84">
<result button="cont" comp="button" highlight="0" id="nev10687777n83"/>
<action id="nev10687777n82" j2008use="1" paperuse="0" screenuse="1">
<ptxt id="nev10687777n81">
<xref id="nev10687777n80">
<ref id="nev10687777n79"/>
</xref>
</ptxt>
</action>
</resact-grp>
</node>
</testgrp>
<testgrp id="nev10687766n95" j2008use="1" paperuse="0" resumable="1" screenuse="1" x="120" y="280">
<title id="nev10687766n94">
<phrase category="Title" id="nev10687887n1" phrase-urn="urn:x-nevis:phrase:0800c8af824b2187">Calibrating the#@#@#24#(CCM)</phrase>
</title>
<node id="nev10687766n93">
<test1 id="nev10687766n92">
<caution id="nev10687777n72">
<ptxt id="nev10687777n71">
<phrase category="Faulttracing" id="nev10687889n1" phrase-urn="urn:x-nevis:phrase:0800c8af824a978b">When activating#@#@#66#arts.</phrase>
<phrase category="Faulttracing" id="nev10687890n1" phrase-urn="urn:x-nevis:phrase:0800c8af824a977d">After carrying #@#@#66#arts.</phrase>
<phrase category="Faulttracing" id="nev10687891n1" phrase-urn="urn:x-nevis:phrase:0800c8af824a9785">To ensure that #@#@#157#tion.</phrase>
</ptxt>
</caution>
<note id="nev10803134n96">
<ptxt id="nev10803134n95">
<phrase category="Faulttracing" id="nev10803137n1" phrase-urn="urn:x-nevis:phrase:0800c8af82a68ba5">Climate Control#@#@#62#ture.</phrase>
<phrase category="Faulttracing" id="nev10803138n1" phrase-urn="urn:x-nevis:phrase:0800c8af8279ceea">The vehicle sho#@#@#57#vice.</phrase>
</ptxt>
</note>
<diaglist id="nev10687777n67">
<dgraphic id="nev10687777n66">
<dgraphic1 id="nev10687777n65">
<graphic id="l1101200866162">
<href>0900c8af80054d5#@#@#9#.jpeg</href>
</graphic>
</dgraphic1>
</dgraphic>
</diaglist>
<test2 id="nev10687777n63">
<list1 id="nev10687777n58">
<title id="nev10687777n57">
<phrase category="Title" id="nev10687894n1" phrase-urn="urn:x-nevis:phrase:0800c8af824a9b20">Carry out calib#@#@#13#lows:</phrase>
</title>
<item id="nev10687777n55">
<ptxt id="nev10687777n54">
<phrase category="Faulttracing" id="nev10687896n1" phrase-urn="urn:x-nevis:phrase:0800c8af81976d4a">Ignition on.</phrase>
</ptxt>
</item>
<item id="nev10687777n52">
<ptxt id="nev10687777n51">
<phrase category="Faulttracing" id="nev10687900n1" phrase-urn="urn:x-nevis:phrase:0800c8af81eab2b0">Click on the ve#@#@#22#mbol.</phrase>
<phrase category="Faulttracing" id="nev10687901n1" phrase-urn="urn:x-nevis:phrase:0800c8af824a984b">Wait until cali#@#@#69# out.</phrase>
</ptxt>
</item>
<item id="nev10687777n48">
<ptxt id="nev10687777n47">
<phrase category="Faulttracing" id="nev10687902n1" phrase-urn="urn:x-nevis:phrase:0800c8af82264dad">Ignition off.</phrase>
</ptxt>
</item>
</list1>
<para id="nev10687777n45">
<ptxt id="nev10687777n44">
<phrase category="Faulttracing" id="nev10687904n1" phrase-urn="urn:x-nevis:phrase:0800c8af824a9843">This function c#@#@#101#us 2.</phrase>
<phrase category="Faulttracing" id="nev10687907n1" phrase-urn="urn:x-nevis:phrase:0800c8af824a9847">In the event of#@#@#120#ault.</phrase>
<phrase category="Faulttracing" id="nev10687910n1" phrase-urn="urn:x-nevis:phrase:0800c8af81eab16e">These diagnosti#@#@#82#tion.</phrase>
</ptxt>
</para>
<para id="nev10687777n40">
<ptxt id="nev10687777n39">
<phrase category="Faulttracing" id="nev10687912n1" phrase-urn="urn:x-nevis:phrase:0800c8af824a9bc6">If any of these#@#@#84#come.</phrase>
<phrase category="Faulttracing" id="nev10687914n1" phrase-urn="urn:x-nevis:phrase:0800c8af824d06e3">If the diagnost#@#@#80#DTC).</phrase>
</ptxt>
</para>
<diaglist id="nev10687777n62">
<dgraphic id="nev10687777n61">
<dgraphic2 id="nev10687777n60">
<graphic id="l1101200902255">
<href>0900c8af86c8681#@#@#9#.jpeg</href>
</graphic>
<smarttool active="press" id="l1101200996395"/>
</dgraphic2>
</dgraphic>
</diaglist>
</test2>
</test1>
<question id="nev10687766n91">
Select Continue.
</question>
<resact-grp id="nev10687777n76">
<result button="cont" comp="button" highlight="0" id="nev10687777n75"/>
<action id="nev10687777n74" j2008use="1" paperuse="0" screenuse="1">
<return id="nev10687777n73" value="DONE"/>
</action>
</resact-grp>
</node>
</testgrp>
</diagnostic>
</servinfosub>