<?xml version="1.0" encoding="UTF-8"?><servinfosub IE-ID="en-US0900c8af874a4004" docno="VCC-370960" id="nev13717451n1" original="sv-SE" servinfosubId="nev13717452n1-nev15137962n1" servinfosubRes="0900c8af874a40db" servinfosubRes2="urn:x-nevis:fragment:0900c8af874a4004:0900c8af874a40db#nev15137962n1" xml:lang="en-US">
<title id="nev13717448n50">Emergency openi#@#@#21#t lid</title>
<procedure id="nev13717452n1-nev15523093n66">
<stepgrp boilerplate="false" context="" id="nev13717452n1-nev25228458n27">
<title id="nev13717452n1-nev15523093n64">General information</title>
<procstep id="nev13717452n1-nev25228458n26">
<grate id="nev13717452n1-nev25228458n24">
<graphic id="nev13717452n1-nev25228458n25">
<href>0900c8af85fe220#@#@#9#.jpeg</href>
</graphic>
</grate>
</procstep>
<procstep id="nev13717452n1-nev25228458n23">
<grate id="nev13717452n1-nev25228458n21">
<graphic id="nev13717452n1-nev25228458n22">
<href>0900c8af85fe224#@#@#9#.jpeg</href>
</graphic>
</grate>
</procstep>
<procstep id="nev13717452n1-nev25228458n20">
<grate id="nev13717452n1-nev25228458n18">
<graphic id="nev13717452n1-nev25228458n19">
<href>0900c8af85fe8c3#@#@#9#.jpeg</href>
</graphic>
</grate>
</procstep>
<procstep id="nev13717452n1-nev25228458n17">
<grate id="nev13717452n1-nev25228458n15">
<graphic id="nev13717452n1-nev25228458n16">
<href>0900c8af84e80e9#@#@#9#.jpeg</href>
</graphic>
<graphtext id="nev13717452n1-nev25228565n1">
<para id="nev13717452n1-nev25228458n13">
<ptxt id="nev13717452n1-nev25228458n14">On both sides.</ptxt>
</para>
</graphtext>
</grate>
</procstep>
<procstep id="nev13717452n1-nev15523093n74">
<grate id="nev13717452n1-nev25228458n11">
<graphic id="nev13717452n1-nev25228458n12">
<href>0900c8af84ee65d#@#@#9#.jpeg</href>
</graphic>
</grate>
</procstep>
</stepgrp>
</procedure>
</servinfosub>