<?xml version="1.0" encoding="UTF-8"?><servinfosub IE-ID="en-US0900c8af80920a08" docno="VCC-116751" id="KC02486749" xml:lang="en-US">
<title>
<phrase category="" id="KC09367230" phrase-urn="urn:x-nevis:phrase:0800c8af826f4b6c">Checking drive, seat</phrase>
</title>
<diagnostic type="test">
<testgrp IE-ID="en-US0900c8af80920a08_KC02486750" id="KC02486750" j2008use="1" paperuse="1" resumable="1" screenuse="1" testgrp-id="gg0" x="80" y="80">
<title>
<phrase category="" id="KC09367231" phrase-urn="urn:x-nevis:phrase:0800c8af826f4b6d">Conditions</phrase>
</title>
<node>
<test1>
<test2>
<ptxt>
<phrase category="" id="KC09367232" phrase-urn="urn:x-nevis:phrase:0800c8af826f4b6e">To carry out th#@#@#49#free.</phrase>
</ptxt>
</test2>
</test1>
<question>
Has fault-trac#@#@#38#nel?
</question>
<resact-grp>
<result button="yes" comp="button" highlight="0"/>
<action j2008use="1" paperuse="1" screenuse="1">
<ptxt>
<xref>
<ref id="KC09367234"/>
</xref>
</ptxt>
</action>
</resact-grp>
<resact-grp>
<result button="no" comp="button" highlight="0"/>
<action j2008use="1" paperuse="0" screenuse="1">
<ptxt>
<xref>
<ref id="KC09367235"/>
</xref>
</ptxt>
</action>
<action j2008use="0" paperuse="1" screenuse="0">
<ptxt>Carry out fault#@#@#60#toms.</ptxt>
</action>
</resact-grp>
</node>
</testgrp>
<testgrp id="KC02486751" j2008use="1" paperuse="0" resumable="1" screenuse="1" testgrp-id="gg0-1" x="240" y="80">
<title>
<phrase category="" id="KC09367236" phrase-urn="urn:x-nevis:phrase:0800c8af826f4b70">Fault-tracing i#@#@#5#ation</phrase>
</title>
<node>
<test1>
<test2>
<ptxt>
<phrase category="" id="KC09367237" phrase-urn="urn:x-nevis:phrase:0800c8af826f4b71">Continue carryi#@#@#38#nel. </phrase>
</ptxt>
</test2>
</test1>
<question>
Select Continue.
</question>
<resact-grp>
<result button="cont" comp="button" highlight="0"/>
<action j2008use="1" paperuse="0" screenuse="1">
<return value="ANOTHER TEST"/>
</action>
</resact-grp>
</node>
</testgrp>
<testgrp id="KC02486752" j2008use="1" paperuse="1" resumable="1" screenuse="1" testgrp-id="gg1" x="80" y="160">
<title>
<phrase category="" id="KC09367239" phrase-urn="urn:x-nevis:phrase:0800c8af826f4b73">Checking activation</phrase>
</title>
<node>
<test1>
<diaglist>
<dgraphic>
<dgraphic1>
<graphic id="KC09367240">
<href>0900c8af80054d4#@#@#9#.jpeg</href>
</graphic>
</dgraphic1>
</dgraphic>
<ditem>
<ptxt>
<phrase category="" id="KC09367241" phrase-urn="urn:x-nevis:phrase:0800c8af826f4b74">Ignition off.</phrase>
</ptxt>
</ditem>
</diaglist>
<test2>
<para>
<ptxt>
<phrase category="" id="KC09367242" phrase-urn="urn:x-nevis:phrase:0800c8af826f4b75">Adjust the seat#@#@#93#tons.</phrase>
</ptxt>
</para>
</test2>
</test1>
<question>
Do the seat ad#@#@#20#ork?
</question>
<resact-grp>
<result button="yes" comp="button" highlight="0"/>
<action j2008use="1" paperuse="1" screenuse="1">
<return value="FAULT NOT FOUND"/>
</action>
</resact-grp>
<resact-grp>
<result button="no" comp="button" highlight="0"/>
<action j2008use="1" paperuse="1" screenuse="1">
<ptxt>
<xref>
<ref id="KC09367244"/>
</xref>
</ptxt>
</action>
</resact-grp>
</node>
</testgrp>
<testgrp id="KC02486753" j2008use="1" paperuse="1" resumable="1" screenuse="1" testgrp-id="gg2" x="80" y="240">
<title>
<phrase category="" id="KC09367245" phrase-urn="urn:x-nevis:phrase:0800c8af826f4b77">Checking the co#@#@#7#odule</phrase>
</title>
<node>
<test1>
<diaglist>
<dgraphic>
<dgraphic1>
<graphic id="KC09367246">
<href>0900c8af80054d4#@#@#9#.jpeg</href>
</graphic>
</dgraphic1>
<dgraphic2>
<graphic id="KC09367247">
<href>0900c8af80054d7#@#@#9#.jpeg</href>
</graphic>
</dgraphic2>
</dgraphic>
<ditem>
<ptxt>
<phrase category="" id="KC09367248" phrase-urn="urn:x-nevis:phrase:0800c8af826f4b78">Ignition off.</phrase>
</ptxt>
</ditem>
<ditem>
<ptxt>
<phrase category="" id="KC09367249" phrase-urn="urn:x-nevis:phrase:0800c8af826f4b79">Remove the seat#@#@#22#g to <xref>
<ref id="KC09367250"/>
</xref>. </phrase>
</ptxt>
</ditem>
<ditem>
<ptxt>
<phrase category="" id="KC09367251" phrase-urn="urn:x-nevis:phrase:0800c8af826f4b7a">Connect wiring #@#@#20#g to <xref>
<ref id="KC09367252"/>
</xref>. </phrase>
</ptxt>
</ditem>
</diaglist>
<test2>
<para>
<ptxt>
<phrase category="" id="KC09367253" phrase-urn="urn:x-nevis:phrase:0800c8af826f4b7b">Connect a voltm#@#@#101#lows:</phrase>
</ptxt>
</para>
<list1 enumtype="d" type="unordered">
<item>
<ptxt>
<phrase category="" id="KC09367254" phrase-urn="urn:x-nevis:phrase:0800c8af826f4b7c">C:1, adjusting #@#@#15#rward</phrase>
</ptxt>
</item>
<item>
<ptxt>
<phrase category="" id="KC09367255" phrase-urn="urn:x-nevis:phrase:0800c8af826f4b7d">C:2, adjusting #@#@#16#kward</phrase>
</ptxt>
</item>
<item>
<ptxt>
<phrase category="" id="KC09367256" phrase-urn="urn:x-nevis:phrase:0800c8af826f4b7e">C:3, seat rear #@#@#18#pward</phrase>
</ptxt>
</item>
<item>
<ptxt>
<phrase category="" id="KC09367257" phrase-urn="urn:x-nevis:phrase:0800c8af826f4b7f">C:4, seat rear #@#@#20#nward</phrase>
</ptxt>
</item>
<item>
<ptxt>
<phrase category="" id="KC09367258" phrase-urn="urn:x-nevis:phrase:0800c8af826f4b80">C:5, seat front#@#@#19#pward</phrase>
</ptxt>
</item>
<item>
<ptxt>
<phrase category="" id="KC09367259" phrase-urn="urn:x-nevis:phrase:0800c8af826f4b82">C:6, seat front#@#@#21#nward</phrase>
</ptxt>
</item>
</list1>
<para>
<ptxt>
<phrase category="" id="KC09367260" phrase-urn="urn:x-nevis:phrase:0800c8af826f4b83">Activate functi#@#@#19#tons.</phrase>
</ptxt>
</para>
<diaglist>
<dgraphic>
<dgraphic1>
<graphic id="KC09367261">
<href>0900c8af803f83b#@#@#9#.jpeg</href>
</graphic>
</dgraphic1>
<dgraphic2>
<graphic id="KC09367262">
<href>0900c8af80054d4#@#@#9#.jpeg</href>
</graphic>
<smarttool id="KC09367263" toolname="VDCDA"/>
</dgraphic2>
</dgraphic>
<ditem>
<ditemtext>
<ptxt>
<phrase category="" id="KC09367264" phrase-urn="urn:x-nevis:phrase:0800c8af826f4b84"/>
</ptxt>
</ditemtext>
</ditem>
</diaglist>
</test2>
</test1>
<question>
The voltmeter #@#@#56#ed. 
</question>
<resact-grp>
<result button="ok" comp="button" highlight="0"/>
<action j2008use="1" paperuse="1" screenuse="1">
<ptxt>
<xref>
<ref id="KC09367266"/>
</xref>
</ptxt>
</action>
</resact-grp>
<resact-grp>
<result button="notok" comp="button" highlight="0"/>
<action j2008use="1" paperuse="1" screenuse="1">
<ptxt>
<xref>
<ref id="KC09367267"/>
</xref>
</ptxt>
</action>
</resact-grp>
</node>
</testgrp>
<testgrp id="KC02486754" j2008use="1" paperuse="1" resumable="1" screenuse="1" testgrp-id="gg2-1" x="240" y="240">
<title>
<phrase category="" id="KC09367268" phrase-urn="urn:x-nevis:phrase:0800c8af826f4b86">Replacing the c#@#@#3#onent</phrase>
</title>
<node>
<test1>
<test2>
<ptxt>
<phrase category="" id="KC09367269" phrase-urn="urn:x-nevis:phrase:0800c8af826f4b87">Try a new contr#@#@#18#g to <xref>
<ref id="KC09367270"/>
</xref>. </phrase>
</ptxt>
<grate>
<graphic id="KC09367271" width="column">
<href>0900c8af803f22c#@#@#9#.jpeg</href>
</graphic>
</grate>
</test2>
</test1>
<question>
Select "Contin#@#@#34#ed. 
</question>
<resact-grp>
<result button="cont" comp="button" highlight="0"/>
<action j2008use="1" paperuse="1" screenuse="1">
<ptxt>
<xref>
<ref id="KC09367273"/>
</xref>
</ptxt>
</action>
</resact-grp>
</node>
</testgrp>
<testgrp id="KC02486755" j2008use="1" paperuse="1" resumable="1" screenuse="1" testgrp-id="gg3" x="80" y="320">
<title>
<phrase category="" id="KC09367274" phrase-urn="urn:x-nevis:phrase:0800c8af826f4b89">Checking the engine</phrase>
</title>
<node>
<test1>
<diaglist>
<dgraphic>
<dgraphic1>
<graphic id="KC09367275">
<href>0900c8af80054d4#@#@#9#.jpeg</href>
</graphic>
</dgraphic1>
<dgraphic2>
<graphic id="KC09367276">
<href>0900c8af80054d6#@#@#9#.jpeg</href>
</graphic>
</dgraphic2>
</dgraphic>
<ditem>
<ptxt>
<phrase category="" id="KC09367277" phrase-urn="urn:x-nevis:phrase:0800c8af826f4b8a">Ignition off.</phrase>
</ptxt>
</ditem>
<ditem>
<ptxt>
<phrase category="" id="KC09367278" phrase-urn="urn:x-nevis:phrase:0800c8af826f4b8b">Wiring according to <xref>
<ref id="KC09367279"/>
</xref> connected.</phrase>
</ptxt>
</ditem>
<ditem>
<ptxt>
<phrase category="" id="KC09367280" phrase-urn="urn:x-nevis:phrase:0800c8af826f4b8c">Remove motor ac#@#@#6#g to <xref>
<ref id="KC09367281"/>
</xref>, <xref>
<ref id="KC09367282"/>
</xref> or <xref>
<ref id="KC09367283"/>
</xref>.</phrase>
</ptxt>
</ditem>
</diaglist>
<test2>
<para>
<ptxt>
<phrase category="" id="KC09367284" phrase-urn="urn:x-nevis:phrase:0800c8af826f4b8d">Activate the mo#@#@#24#tons.</phrase>
</ptxt>
</para>
</test2>
</test1>
<question>
Does the motor#@#@#6#ion?
</question>
<resact-grp>
<result button="yes" comp="button" highlight="0"/>
<action j2008use="1" paperuse="1" screenuse="1">
<ptxt>
<xref>
<ref id="KC09367286"/>
</xref>
</ptxt>
</action>
</resact-grp>
<resact-grp>
<result button="no" comp="button" highlight="0"/>
<action j2008use="1" paperuse="1" screenuse="1">
<ptxt>
<xref>
<ref id="KC09367287"/>
</xref>
</ptxt>
</action>
</resact-grp>
</node>
</testgrp>
<testgrp id="KC02486756" j2008use="1" paperuse="1" resumable="1" screenuse="1" testgrp-id="gg3-1" x="240" y="320">
<title>
<phrase category="" id="KC09367288" phrase-urn="urn:x-nevis:phrase:0800c8af826f4b8f">Replacing the c#@#@#3#onent</phrase>
</title>
<node>
<test1>
<test2>
<ptxt>
<phrase category="" id="KC09367289" phrase-urn="urn:x-nevis:phrase:0800c8af826f4b90">Try a new motor#@#@#9#g to <xref>
<ref id="KC09367290"/>
</xref>, <xref>
<ref id="KC09367291"/>
</xref> or <xref>
<ref id="KC09367292"/>
</xref>.</phrase>
</ptxt>
</test2>
</test1>
<question>
Select "Contin#@#@#34#ed. 
</question>
<resact-grp>
<result button="cont" comp="button" highlight="0"/>
<action j2008use="1" paperuse="1" screenuse="1">
<ptxt>
<xref>
<ref id="KC09367294"/>
</xref>
</ptxt>
</action>
</resact-grp>
</node>
</testgrp>
<testgrp id="KC02486757" j2008use="1" paperuse="1" resumable="1" screenuse="1" testgrp-id="gg4" x="80" y="400">
<title>
<phrase category="" id="KC09367295" phrase-urn="urn:x-nevis:phrase:0800c8af826f4b92">Checking drive gear</phrase>
</title>
<node>
<test1>
<diaglist>
<dgraphic>
<dgraphic1>
<graphic id="KC09367296">
<href>0900c8af80054d4#@#@#9#.jpeg</href>
</graphic>
</dgraphic1>
<dgraphic2>
<graphic id="KC09367297">
<href>0900c8af80054d6#@#@#9#.jpeg</href>
</graphic>
</dgraphic2>
</dgraphic>
<ditem>
<ptxt>
<phrase category="" id="KC09367298" phrase-urn="urn:x-nevis:phrase:0800c8af826f4b93">Ignition off.</phrase>
</ptxt>
</ditem>
<ditem>
<ptxt>
<phrase category="" id="KC09367299" phrase-urn="urn:x-nevis:phrase:0800c8af826f4b94">Wiring according to <xref>
<ref id="KC09367300"/>
</xref> connected.</phrase>
</ptxt>
</ditem>
<ditem>
<ptxt>
<phrase category="" id="KC09367301" phrase-urn="urn:x-nevis:phrase:0800c8af826f4b95">Remove drive ge#@#@#11#g to <xref>
<ref id="KC09367302"/>
</xref>. </phrase>
</ptxt>
</ditem>
<ditem>
<ptxt>
<phrase category="" id="KC09367303" phrase-urn="urn:x-nevis:phrase:0800c8af826f4b96">Install the mot#@#@#16#gear.</phrase>
</ptxt>
</ditem>
</diaglist>
<test2>
<para>
<ptxt>
<phrase category="" id="KC09367304" phrase-urn="urn:x-nevis:phrase:0800c8af826f4b97">Activate the mo#@#@#24#tons.</phrase>
</ptxt>
<ptxt>
<phrase category="" id="KC09367305" phrase-urn="urn:x-nevis:phrase:0800c8af826f4b98">Check that the #@#@#39#ick. </phrase>
</ptxt>
</para>
</test2>
</test1>
<question>
Is the drive g#@#@#3# OK?
</question>
<resact-grp>
<result button="yes" comp="button" highlight="0"/>
<action j2008use="1" paperuse="1" screenuse="1">
<return value="FAULT NOT FOUND"/>
</action>
</resact-grp>
<resact-grp>
<result button="no" comp="button" highlight="0"/>
<action j2008use="1" paperuse="1" screenuse="1">
<ptxt>
<xref>
<ref id="KC09367307"/>
</xref>
</ptxt>
</action>
</resact-grp>
</node>
</testgrp>
<testgrp id="KC02486758" j2008use="1" paperuse="1" resumable="1" screenuse="1" testgrp-id="gg4-1" x="240" y="400">
<title>
<phrase category="" id="KC09367308" phrase-urn="urn:x-nevis:phrase:0800c8af826f4b9a">Replacing the c#@#@#3#onent</phrase>
</title>
<node>
<test1>
<test2>
<ptxt>
<phrase category="" id="KC09367309" phrase-urn="urn:x-nevis:phrase:0800c8af826f4b9b">Try a new drive#@#@#14#g to <xref>
<ref id="KC09367310"/>
</xref>. </phrase>
</ptxt>
<grate>
<graphic id="KC09367311">
<href>0900c8af803f785#@#@#9#.jpeg</href>
</graphic>
</grate>
</test2>
</test1>
<question>
Select "Contin#@#@#34#ed. 
</question>
<resact-grp>
<result button="cont" comp="button" highlight="0"/>
<action j2008use="1" paperuse="1" screenuse="1">
<ptxt>
<xref>
<ref id="KC09367313"/>
</xref>
</ptxt>
</action>
</resact-grp>
</node>
</testgrp>
<testgrp id="KC02486759" j2008use="1" paperuse="1" resumable="1" screenuse="1" testgrp-id="veri" x="400" y="80">
<title>
<phrase category="" id="KC09367314" phrase-urn="urn:x-nevis:phrase:0800c8af826f4b9d">Verification</phrase>
</title>
<subcalloutnode>
<diagcallout>
<xref>
<ref id="KC09367315"/>
</xref>
</diagcallout>
<rescall-grp>
<result comp="string" highlight="0" op="eq" return="VERIFICATION FAILED"/>
<calloutaction>
<ptxt>
<xref>
<ref id="KC09367316"/>
</xref>
</ptxt>
</calloutaction>
</rescall-grp>
<rescall-grp>
<result comp="string" highlight="0" op="eq" return="VERIFIED"/>
<calloutaction>
<return value="FAULT FOUND"/>
</calloutaction>
</rescall-grp>
</subcalloutnode>
</testgrp>
<testgrp id="KC02486760" j2008use="1" paperuse="1" resumable="1" screenuse="1" testgrp-id="info1" x="560" y="80">
<title>
<phrase category="" id="KC09367317" phrase-urn="urn:x-nevis:phrase:0800c8af826f4b9e">Fault-tracing i#@#@#5#ation</phrase>
</title>
<subcalloutnode>
<diagcallout>
<xref>
<ref id="KC09367318"/>
</xref>
</diagcallout>
<rescall-grp>
<result comp="string" highlight="0" op="eq" return="FAULTTRACING FAILED"/>
<calloutaction>
<return value="FAULTTRACING FAILED"/>
</calloutaction>
</rescall-grp>
<rescall-grp>
<result comp="string" highlight="0" op="eq" return="NEW TRY"/>
<calloutaction>
<ptxt>
<xref>
<ref id="KC09367319"/>
</xref>
</ptxt>
</calloutaction>
</rescall-grp>
</subcalloutnode>
</testgrp>
</diagnostic>
</servinfosub>