<?xml version="1.0" encoding="UTF-8"?><servinfosub IE-ID="en-US0900c8af846c6e08" docno="VCC-370345" id="nev13712744n1" original="sv-SE" servinfosubId="nev13712745n1-nev13712780n1" servinfosubRes="0900c8af846c6e2b" servinfosubRes2="urn:x-nevis:fragment:0900c8af846c6e08:0900c8af846c6e2b#nev13712780n1" xml:lang="en-US">
<operationnumbers>
<operationnumber>26202-2</operationnumber>
</operationnumbers>
<title id="nev13712741n80">Engine Coolant Pump</title>
<procedure id="nev13712745n1-nev13712779n10">
<stepgrp boilerplate="false" context="" id="nev13712745n1-nev14075715n49">
<title id="nev13712745n1-nev13712779n11">Removal</title>
<procstep id="nev13712745n1-nev14075713n44">
<note id="nev13712745n1-nev14075715n47">
<ptxt>Removal steps i#@#@#45#ails.</ptxt>
</note>
</procstep>
<procstep id="nev13712745n1-nev13712779n14">
<para id="nev13712745n1-nev14075715n42">
<ptxt id="nev13712745n1-nev14075715n44">Perform draining<xref boilerplate="true" id="nev13712745n1-nev14075715n45">
<ref id="nev13712745n1-nev14075715n43"/>
</xref>
</ptxt>
</para>
</procstep>
<procstep id="nev13712745n1-nev14075674n52">
<grate id="nev13712745n1-nev13712779n22">
<graphic id="nev13712745n1-nev13712779n23">
<href>0900c8af83ec9e8#@#@#9#.jpeg</href>
</graphic>
<graphtext id="nev13712745n1-nev14075722n1">
<note id="nev13712745n1-nev13712779n25">
<ptxt>Do not loosen t#@#@#22#urns.</ptxt>
</note>
<para id="nev13712745n1-nev14075715n38">
<ptxt id="nev13712745n1-nev14075715n39">
<torque id="nev13712745n1-nev13712779n63">
<ref id="nev13712745n1-nev13712779n64"/>
</torque>
</ptxt>
</para>
</graphtext>
</grate>
</procstep>
<procstep id="nev13712745n1-nev13712779n27">
<para id="nev13712745n1-nev14075715n34">
<ptxt id="nev13712745n1-nev14075715n36">Remove the auxi#@#@#11# belt<xref boilerplate="true" id="nev13712745n1-nev14075715n37">
<ref id="nev13712745n1-nev14075715n35"/>
</xref>
</ptxt>
</para>
</procstep>
<procstep id="nev13712745n1-nev14075674n43">
<grate id="nev13712745n1-nev13712779n32">
<graphic id="nev13712745n1-nev13712779n33">
<href>0900c8af83ec9e8#@#@#9#.jpeg</href>
</graphic>
<graphtext id="nev13712745n1-nev14075732n1">
<list1 boilerplate="true" context="remove" enumtype="n" id="nev13712745n1-nev13712779n35" type="ordered">
<item id="nev13712745n1-nev14075715n32">
<note id="nev13712745n1-nev13712779n37">
<ptxt>Only tighten th#@#@#29#tage.</ptxt>
</note>
</item>
<item id="nev13712745n1-nev14075715n30">
<ptxt id="nev13712745n1-nev14075715n29">
<torque id="nev13712745n1-nev13712779n41">
<ref id="nev13712745n1-nev13712779n42"/>
</torque>
</ptxt>
</item>
</list1>
</graphtext>
</grate>
</procstep>
</stepgrp>
<stepgrp boilerplate="false" context="" id="nev13712745n1-nev14075715n28">
<title id="nev13712745n1-nev13712779n43">Installation</title>
<procstep id="nev13712745n1-nev13712779n44">
<para id="nev13712745n1-nev14075715n24">
<ptxt id="nev13712745n1-nev14075715n25">To install, rev#@#@#22#dure.</ptxt>
</para>
</procstep>
</stepgrp>
</procedure>
</servinfosub>