<?xml version="1.0" encoding="UTF-8"?><servinfosub IE-ID="en-US0900c8af80689e08" docno="VCC-082039" id="KC02289912" xml:lang="en-US">
<title>Dimensions</title>
<grate>
<graphic id="KC08544486">
<href>0900c8af803f7dc#@#@#9#.jpeg</href>
</graphic>
<graphtext>
<para>
<ptxt>A1 = 1350 mm</ptxt>
<ptxt>A2 = 951 mm</ptxt>
<ptxt>A3 = 996 mm</ptxt>
</para>
</graphtext>
</grate>
<grate>
<graphic id="KC08544487">
<href>0900c8af803f7dd#@#@#9#.jpeg</href>
</graphic>
<graphtext>
<para>
<ptxt>A4 = 1213 mm</ptxt>
<ptxt>A5 = 1455 mm</ptxt>
<ptxt>A6 = 1334 mm</ptxt>
</para>
</graphtext>
</grate>
<grate>
<graphic id="KC08544488">
<href>0900c8af803f7dd#@#@#9#.jpeg</href>
</graphic>
<graphtext>
<para>
<ptxt>A7 = 901 mm</ptxt>
<ptxt>A8 = 60 mm</ptxt>
</para>
</graphtext>
</grate>
<grate>
<graphic id="KC08544489">
<href>0900c8af803f7e3#@#@#9#.jpeg</href>
</graphic>
<graphtext>
<para>
<ptxt>B1 = 1042 mm</ptxt>
<ptxt>B2 = 782 mm</ptxt>
<ptxt>B3 = 1220 mm</ptxt>
</para>
</graphtext>
</grate>
<grate>
<graphic id="KC08544490">
<href>0900c8af80056df#@#@#9#.jpeg</href>
</graphic>
<graphtext>
<para>
<ptxt>B1 = 1042 mm</ptxt>
<ptxt>B2 = 782 mm</ptxt>
<ptxt>B3 = 1220 mm</ptxt>
</para>
</graphtext>
</grate>
<grate>
<graphic id="KC08544491">
<href>0900c8af80056e0#@#@#9#.jpeg</href>
</graphic>
<graphtext>
<para>
<ptxt>B2 = 782 mm</ptxt>
<ptxt>B3 = 1220 mm</ptxt>
</para>
</graphtext>
</grate>
<grate>
<graphic id="KC08544492">
<href>0900c8af80689c6#@#@#9#.jpeg</href>
</graphic>
<graphtext>
<para>
<ptxt>C1 = 1247 mm</ptxt>
<ptxt>C2 = 1578 mm</ptxt>
</para>
</graphtext>
</grate>
<grate>
<graphic id="KC08544493">
<href>0900c8af80689c6#@#@#9#.jpeg</href>
</graphic>
<graphtext>
<para>
<ptxt>C2 = 1578 mm</ptxt>
</para>
</graphtext>
</grate>
<grate>
<graphic id="KC08544494">
<href>0900c8af80689c6#@#@#9#.jpeg</href>
</graphic>
<graphtext>
<para>
<ptxt>C1 = 1247 mm</ptxt>
<ptxt>C2 = 1578 mm</ptxt>
</para>
</graphtext>
</grate>
<grate>
<graphic id="KC08544495">
<href>0900c8af80689c6#@#@#9#.jpeg</href>
</graphic>
<graphtext>
<para>
<ptxt>D1 = 964 mm</ptxt>
<ptxt>D2 = 1436 mm</ptxt>
<ptxt>D3 = 843 mm</ptxt>
</para>
</graphtext>
</grate>
<grate>
<graphic id="KC08544496">
<href>0900c8af80689c6#@#@#9#.jpeg</href>
</graphic>
<graphtext>
<para>
<ptxt>D4 = 1172 mm</ptxt>
<ptxt>D5 = 902 mm</ptxt>
</para>
</graphtext>
</grate>
<grate>
<graphic id="KC08544497">
<href>0900c8af803f7df#@#@#9#.jpeg</href>
</graphic>
<graphtext>
<para>
<ptxt>E1 = 1448 mm (l#@#@#22#nges)</ptxt>
<ptxt>E2 = 1468 mm (l#@#@#22#nges)</ptxt>
</para>
</graphtext>
</grate>
<grate>
<graphic id="KC08544498">
<href>0900c8af80689c6#@#@#9#.jpeg</href>
</graphic>
<graphtext>
<para>
<ptxt>E3 = 625 mm</ptxt>
</para>
</graphtext>
</grate>
<grate>
<graphic id="KC08544499">
<href>0900c8af80689c6#@#@#9#.jpeg</href>
</graphic>
<graphtext>
<para>
<ptxt>E4 = 1445 mm</ptxt>
<ptxt>E5 = 1443 mm</ptxt>
</para>
</graphtext>
</grate>
<grate>
<graphic id="KC08544500">
<href>0900c8af80689c7#@#@#9#.jpeg</href>
</graphic>
<graphtext>
<para>
<ptxt>E6 = 1638 mm</ptxt>
</para>
</graphtext>
</grate>
<grate>
<graphic id="KC08544501">
<href>0900c8af80689c7#@#@#9#.jpeg</href>
</graphic>
<graphtext>
<para>
<ptxt>E7 = 1476 mm</ptxt>
<ptxt>E8 = 1422 mm (m#@#@#23#belt)</ptxt>
</para>
</graphtext>
</grate>
<grate>
<graphic id="KC08544502">
<href>0900c8af80689e1#@#@#9#.jpeg</href>
</graphic>
<graphtext>
<para>
<title>S70:</title>
<ptxt>F1 = 1300 mm</ptxt>
</para>
</graphtext>
</grate>
<grate>
<graphic id="KC08544503">
<href>0900c8af80689e1#@#@#9#.jpeg</href>
</graphic>
<graphtext>
<para>
<title>S70:</title>
<ptxt>F1 = 1300 mm</ptxt>
</para>
</graphtext>
</grate>
<grate>
<graphic id="KC08544504">
<href>0900c8af80689c7#@#@#9#.jpeg</href>
</graphic>
<graphtext>
<para>
<title>S70:</title>
<ptxt>F1 = 1300 mm</ptxt>
</para>
</graphtext>
</grate>
<grate>
<graphic id="KC08544505">
<href>0900c8af80689e1#@#@#9#.jpeg</href>
</graphic>
<graphtext>
<para>
<title>S70:</title>
<ptxt>G1 = 1328 mm</ptxt>
<ptxt>G2 = 560 mm</ptxt>
</para>
</graphtext>
</grate>
<grate>
<graphic id="KC08544506">
<href>0900c8af80689e1#@#@#9#.jpeg</href>
</graphic>
<graphtext>
<para>
<title>S70:</title>
<ptxt>G3 = 950 mm</ptxt>
<ptxt>G4 = 950 mm</ptxt>
<ptxt>G5 = 1088 mm</ptxt>
</para>
</graphtext>
</grate>
<grate>
<graphic id="KC08544507">
<href>0900c8af80689e1#@#@#9#.jpeg</href>
</graphic>
<graphtext>
<para>
<title>S70:</title>
<ptxt>G6 = 1084 mm</ptxt>
</para>
</graphtext>
</grate>
<grate>
<graphic id="KC08544508">
<href>0900c8af80689c7#@#@#9#.jpeg</href>
</graphic>
<graphtext>
<para>
<title>V70:</title>
<ptxt>H1 = 1070 mm</ptxt>
<ptxt>H2 = 1530 mm</ptxt>
<ptxt>H3 = 1465 mm</ptxt>
<ptxt>H4 = 735 mm</ptxt>
<ptxt>H5 = 857 mm</ptxt>
</para>
</graphtext>
</grate>
<grate>
<graphic id="KC08544509">
<href>0900c8af80689c7#@#@#9#.jpeg</href>
</graphic>
<graphtext>
<para>
<title>V70:</title>
<ptxt>H1 = 1070 mm</ptxt>
<ptxt>H2 = 1530 mm</ptxt>
</para>
</graphtext>
</grate>
<grate>
<graphic id="KC08544510">
<href>0900c8af80689c7#@#@#9#.jpeg</href>
</graphic>
<graphtext>
<para>
<title>V70:</title>
<ptxt>H2 = 1530 mm</ptxt>
<ptxt>H3 = 1465 mm</ptxt>
<ptxt>H4 = 735 mm</ptxt>
</para>
</graphtext>
</grate>
<grate>
<graphic id="KC08544511">
<href>0900c8af80689c7#@#@#9#.jpeg</href>
</graphic>
<graphtext>
<para>
<title>V70:</title>
<ptxt>H4 = 735 mm</ptxt>
<ptxt>H5 = 857 mm</ptxt>
</para>
</graphtext>
</grate>
<grate>
<graphic id="KC08544512">
<href>0900c8af80689c7#@#@#9#.jpeg</href>
</graphic>
<graphtext>
<para>
<title>V70:</title>
<ptxt>H5 = 857 mm</ptxt>
</para>
</graphtext>
</grate>
<grate>
<graphic id="KC08544513">
<href>0900c8af80689c7#@#@#9#.jpeg</href>
</graphic>
<graphtext>
<para>
<title>V70:</title>
<ptxt>H7 = 920 mm</ptxt>
<ptxt>H8 = 1383 mm</ptxt>
<ptxt>H9 = 1090 mm</ptxt>
</para>
</graphtext>
</grate>
<grate>
<graphic id="KC08544514">
<href>0900c8af80689c7#@#@#9#.jpeg</href>
</graphic>
<graphtext>
<para>
<title>V70:</title>
<ptxt>H7 = 920 mm</ptxt>
<ptxt>H8 = 1383 mm</ptxt>
</para>
</graphtext>
</grate>
<grate>
<graphic id="KC08544515">
<href>0900c8af80689c7#@#@#9#.jpeg</href>
</graphic>
<graphtext>
<para>
<title>V70:</title>
<ptxt>H8 = 1383 mm</ptxt>
</para>
</graphtext>
</grate>
<grate>
<graphic id="KC08544516">
<href>0900c8af80689c7#@#@#9#.jpeg</href>
</graphic>
<graphtext>
<para>
<title>V70:</title>
<ptxt>H9 = 1090 mm</ptxt>
</para>
</graphtext>
</grate>
<grate>
<graphic id="KC08544517">
<href>0900c8af80689c7#@#@#9#.jpeg</href>
</graphic>
<graphtext>
<para>
<title>V70:</title>
<ptxt>H10 = 947 mm</ptxt>
<ptxt>H11 = 916 mm</ptxt>
<ptxt>H12 = 423 mm</ptxt>
</para>
</graphtext>
</grate>
<grate>
<graphic id="KC08544518">
<href>0900c8af80689c8#@#@#9#.jpeg</href>
</graphic>
<graphtext>
<para>
<title>V70:</title>
<ptxt>H10 = 947 mm</ptxt>
<ptxt>H11 = 916 mm</ptxt>
</para>
</graphtext>
</grate>
<grate>
<graphic id="KC08544519">
<href>0900c8af80689c8#@#@#9#.jpeg</href>
</graphic>
<graphtext>
<para>
<title>V70:</title>
<ptxt>H10 = 947 mm</ptxt>
<ptxt>H11 = 916 mm</ptxt>
<ptxt>H12 = 423 mm</ptxt>
</para>
</graphtext>
</grate>
<grate>
<graphic id="KC08544520">
<href>0900c8af80689c8#@#@#9#.jpeg</href>
</graphic>
<graphtext>
<para>
<title>V70:</title>
<ptxt>H12 = 423 mm</ptxt>
</para>
</graphtext>
</grate>
<grate>
<graphic id="KC08544521">
<href>0900c8af80689c8#@#@#9#.jpeg</href>
</graphic>
<graphtext>
<para>
<title>V70:</title>
<ptxt>H13 = 775 mm</ptxt>
</para>
</graphtext>
</grate>
<grate>
<graphic id="KC08544522">
<href>0900c8af80689c8#@#@#9#.jpeg</href>
</graphic>
<graphtext>
<para>
<title>V70:</title>
<ptxt>H13 = 775 mm</ptxt>
</para>
</graphtext>
</grate>
<grate>
<graphic id="KC08544523">
<href>0900c8af80689c8#@#@#9#.jpeg</href>
</graphic>
<graphtext>
<para>
<title>V70:</title>
<ptxt>H14 = 1340 mm</ptxt>
<ptxt>H15 = 1113 mm</ptxt>
</para>
</graphtext>
</grate>
<grate>
<graphic id="KC08544524">
<href>0900c8af80689c8#@#@#9#.jpeg</href>
</graphic>
<graphtext>
<para>
<title>V70:</title>
<ptxt>H14 = 1340 mm</ptxt>
</para>
</graphtext>
</grate>
<grate>
<graphic id="KC08544525">
<href>0900c8af80689c8#@#@#9#.jpeg</href>
</graphic>
<graphtext>
<para>
<title>V70:</title>
<ptxt>H15 = 1113 mm</ptxt>
<ptxt>H16 = 190 mm</ptxt>
<ptxt>H17 = 95 mm</ptxt>
</para>
</graphtext>
</grate>
<grate>
<graphic id="KC08544526">
<href>0900c8af80689e1#@#@#9#.jpeg</href>
</graphic>
<graphtext>
<para>
<title>S70:</title>
<ptxt>J1 = 950 mm.</ptxt>
</para>
</graphtext>
</grate>
<grate>
<graphic id="KC08544527">
<href>0900c8af80689e1#@#@#9#.jpeg</href>
</graphic>
<graphtext>
<para>
<ptxt>J3 = 1850 mm</ptxt>
<ptxt>J4 = 1200 mm</ptxt>
</para>
</graphtext>
</grate>
<grate>
<graphic id="KC08544528">
<href>0900c8af803f7e3#@#@#9#.jpeg</href>
</graphic>
<graphtext>
<para>
<ptxt>J3 = 1850 mm</ptxt>
<ptxt>J4 = 1200 mm</ptxt>
</para>
</graphtext>
</grate>
<grate>
<graphic id="KC08544529">
<href>0900c8af803f7e3#@#@#9#.jpeg</href>
</graphic>
<graphtext>
<para>
<ptxt>J3 = 1850 mm</ptxt>
</para>
</graphtext>
</grate>
<grate>
<graphic id="KC08544530">
<href>0900c8af80689c6#@#@#9#.jpeg</href>
</graphic>
<graphtext>
<para>
<title>V70 AWD/V70 XC:</title>
<ptxt>J5 = 594 mm</ptxt>
<ptxt>J6 = 975 mm</ptxt>
<ptxt>J7 = 1082 mm</ptxt>
<ptxt>J8 = 1082 mm</ptxt>
</para>
</graphtext>
</grate>
<grate>
<graphic id="KC08544531">
<href>0900c8af80689c6#@#@#9#.jpeg</href>
</graphic>
<graphtext>
<para>
<title>V70 AWD/V70 XC:</title>
<ptxt>J5 = 594 mm</ptxt>
<ptxt>J6 = 975 mm</ptxt>
<ptxt>J7 = 1082 mm</ptxt>
<ptxt>J8 = 1082 mm</ptxt>
</para>
</graphtext>
</grate>
<grate>
<graphic id="KC08544532">
<href>0900c8af80689c6#@#@#9#.jpeg</href>
</graphic>
<graphtext>
<para>
<title>V70 AWD/V70 XC:</title>
<ptxt>J5 = 594 mm</ptxt>
<ptxt>J6 = 975 mm</ptxt>
</para>
</graphtext>
</grate>
<grate>
<graphic id="KC08544533">
<href>0900c8af80689c7#@#@#9#.jpeg</href>
</graphic>
<graphtext>
<para>
<ptxt>K1 = 1926 mm</ptxt>
</para>
</graphtext>
</grate>
<grate>
<graphic id="KC08544534">
<href>0900c8af803f7e4#@#@#9#.jpeg</href>
</graphic>
<graphtext>
<para>
<ptxt>K1 = 1926 mm</ptxt>
</para>
</graphtext>
</grate>
<grate>
<graphic id="KC08544535">
<href>0900c8af803f7e4#@#@#9#.jpeg</href>
</graphic>
<graphtext>
<para>
<ptxt>K1 = 1926 mm</ptxt>
</para>
</graphtext>
</grate>
<grate>
<graphic id="KC08544536">
<href>0900c8af80689c7#@#@#9#.jpeg</href>
</graphic>
<graphtext>
<para>
<ptxt>L1 = 3865 mm</ptxt>
</para>
</graphtext>
</grate>
<grate>
<graphic id="KC08544537">
<href>0900c8af803f7e5#@#@#9#.jpeg</href>
</graphic>
<graphtext>
<para>
<ptxt>L1 = 3865 mm</ptxt>
</para>
</graphtext>
</grate>
<grate>
<graphic id="KC08544538">
<href>0900c8af803f7e5#@#@#9#.jpeg</href>
</graphic>
<graphtext>
<para>
<ptxt>L1 = 3865 mm</ptxt>
</para>
</graphtext>
</grate>
</servinfosub>