<?xml version="1.0" encoding="UTF-8"?><servinfosub IE-ID="en-US0900c8af88519e08" docno="VCC-471254" id="nev21107055n1" original="sv-SE" servinfosubId="nev21107056n1-nev30763304n1" servinfosubRes="0900c8af88519f24" servinfosubRes2="urn:x-nevis:fragment:0900c8af88519e08:0900c8af88519f24#nev30763304n1" xml:lang="en-US">
<title id="nev21107055n2">Microphone, Act#@#@#22# rear</title>
<procedure id="nev21107056n1-nev30763308n9">
<stepgrp boilerplate="false" context="" id="nev21107056n1-nev30764472n60">
<title id="nev21107056n1-nev30763309n1">Removal</title>
<procstep id="nev21107056n1-nev30763309n2">
<note id="nev21107056n1-nev30763309n4">
<ptxt>Removal steps i#@#@#45#ails.</ptxt>
</note>
</procstep>
<procstep id="nev21107056n1-nev30763309n5">
<list1 boilerplate="true" context="remove" enumtype="b" id="nev21107056n1-nev30763309n6" type="unordered">
<item id="nev21107056n1-nev30764472n59">
<ptxt id="nev21107056n1-nev30764472n58">A-pillar trim panel<xref boilerplate="true" id="nev21107056n1-nev30763309n10">
<ref id="nev21107056n1-nev30763310n1"/>
</xref>
</ptxt>
</item>
<item id="nev21107056n1-nev30764472n57">
<ptxt id="nev21107056n1-nev30764472n56">B-pillar trim panel<xref boilerplate="true" id="nev21107056n1-nev30763310n5">
<ref id="nev21107056n1-nev30763310n6"/>
</xref>
</ptxt>
</item>
<item id="nev21107056n1-nev30764472n55">
<ptxt id="nev21107056n1-nev30764472n54">panel C-pillar<xref boilerplate="true" id="nev21107056n1-nev30763310n10">
<ref id="nev21107056n1-nev30763311n1"/>
</xref>
</ptxt>
</item>
<item id="nev21107056n1-nev30764472n53">
<ptxt id="nev21107056n1-nev30764472n52">panel, D-pillar<xref boilerplate="true" id="nev21107056n1-nev30763311n5">
<ref id="nev21107056n1-nev30763311n6"/>
</xref>
</ptxt>
</item>
<item id="nev21107056n1-nev30764472n51">
<ptxt id="nev21107056n1-nev30764472n50">Sun visor<xref boilerplate="true" id="nev21107056n1-nev30763311n10">
<ref id="nev21107056n1-nev30763312n1"/>
</xref>
</ptxt>
</item>
<item id="nev21107056n1-nev30764472n49">
<ptxt id="nev21107056n1-nev30764472n48">overhead console OHC<xref boilerplate="true" id="nev21107056n1-nev30763312n5">
<ref id="nev21107056n1-nev30763312n6"/>
</xref>
</ptxt>
</item>
</list1>
</procstep>
<procstep id="nev21107056n1-nev30763312n7">
<grate id="nev21107056n1-nev30764472n46">
<graphic id="nev21107056n1-nev30764472n47">
<href>0900c8af871b054#@#@#9#.jpeg</href>
</graphic>
</grate>
</procstep>
<procstep id="nev21107056n1-nev30763312n10">
<grate id="nev21107056n1-nev30764472n44">
<graphic id="nev21107056n1-nev30764472n45">
<href>0900c8af871b875#@#@#9#.jpeg</href>
</graphic>
</grate>
</procstep>
<procstep id="nev21107056n1-nev30763313n3">
<grate id="nev21107056n1-nev30764472n42">
<graphic id="nev21107056n1-nev30764472n43">
<href>0900c8af871b092#@#@#9#.jpeg</href>
</graphic>
</grate>
</procstep>
<procstep id="nev21107056n1-nev30763313n6">
<grate id="nev21107056n1-nev30764472n40">
<graphic id="nev21107056n1-nev30764472n41">
<href>0900c8af871b092#@#@#9#.jpeg</href>
</graphic>
<graphtext id="nev21107056n1-nev30764571n1">
<para id="nev21107056n1-nev30764472n38">
<ptxt id="nev21107056n1-nev30764472n39">Remove the screws.</ptxt>
</para>
<para id="nev21107056n1-nev30764472n36">
<ptxt id="nev21107056n1-nev30764472n37">
<torque id="nev21107056n1-nev30763314n5">
<ref id="nev21107056n1-nev30763314n6"/>
</torque>
</ptxt>
</para>
</graphtext>
</grate>
</procstep>
<procstep id="nev21107056n1-nev30763314n7">
<grate id="nev21107056n1-nev30764472n34">
<graphic id="nev21107056n1-nev30764472n35">
<href>0900c8af8656e63#@#@#9#.jpeg</href>
</graphic>
<graphtext id="nev21107056n1-nev30764578n1">
<para id="nev21107056n1-nev30764472n32">
<ptxt id="nev21107056n1-nev30764472n33">Remove the mark#@#@#3#part.</ptxt>
</para>
</graphtext>
</grate>
</procstep>
<procstep id="nev21107056n1-nev30763315n4">
<grate id="nev21107056n1-nev30764472n30">
<graphic id="nev21107056n1-nev30764472n31">
<href>0900c8af8656e72#@#@#9#.jpeg</href>
</graphic>
<graphtext id="nev21107056n1-nev30764582n1">
<note id="nev21107056n1-nev30763315n9">
<ptxt>The graphic sho#@#@#39#oval.</ptxt>
</note>
</graphtext>
</grate>
</procstep>
<procstep id="nev21107056n1-nev30763315n10">
<grate id="nev21107056n1-nev30764472n28">
<graphic id="nev21107056n1-nev30764472n29">
<href>0900c8af8656e72#@#@#9#.jpeg</href>
</graphic>
<graphtext id="nev21107056n1-nev30764586n1">
<para id="nev21107056n1-nev30764472n26">
<ptxt id="nev21107056n1-nev30764472n27">Remove the mark#@#@#3#part.</ptxt>
</para>
</graphtext>
</grate>
</procstep>
<procstep id="nev21107056n1-nev30763316n7">
<grate id="nev21107056n1-nev30764472n24">
<graphic id="nev21107056n1-nev30764472n25">
<href>0900c8af871b842#@#@#9#.jpeg</href>
</graphic>
<graphtext id="nev21107056n1-nev30764590n1">
<para id="nev21107056n1-nev30764472n22">
<ptxt id="nev21107056n1-nev30764472n23">Remove the screws.</ptxt>
</para>
</graphtext>
</grate>
</procstep>
<procstep id="nev21107056n1-nev30763317n4">
<title id="nev21107056n1-nev30763317n5">Vehicles with r#@#@#12#panel</title>
</procstep>
<procstep id="nev21107056n1-nev30763317n6">
<grate id="nev21107056n1-nev30764472n20">
<graphic id="nev21107056n1-nev30764472n21">
<href>0900c8af872a538#@#@#9#.jpeg</href>
</graphic>
<graphtext id="nev21107056n1-nev30764594n1">
<note id="nev21107056n1-nev30763318n1">
<ptxt>Velcro strip</ptxt>
</note>
</graphtext>
</grate>
</procstep>
<procstep id="nev21107056n1-nev30763318n2">
<title id="nev21107056n1-nev30763318n3">All vehicles</title>
</procstep>
<procstep id="nev21107056n1-nev30763318n4">
<grate id="nev21107056n1-nev30764472n18">
<graphic id="nev21107056n1-nev30764472n19">
<href>0900c8af872b7c2#@#@#9#.jpeg</href>
</graphic>
<graphtext id="nev21107056n1-nev30764598n1">
<note id="nev21107056n1-nev30763318n9">
<ptxt>Velcro strip</ptxt>
</note>
</graphtext>
</grate>
</procstep>
<procstep id="nev21107056n1-nev30763318n10">
<grate id="nev21107056n1-nev30764472n16">
<graphic id="nev21107056n1-nev30764472n17">
<href>0900c8af872164b#@#@#9#.jpeg</href>
</graphic>
<graphtext id="nev21107056n1-nev30764602n1">
<para id="nev21107056n1-nev30764472n14">
<ptxt id="nev21107056n1-nev30764472n15">Remove the part#@#@#5#fully</ptxt>
</para>
</graphtext>
</grate>
</procstep>
<procstep id="nev21107056n1-nev30763319n7">
<grate id="nev21107056n1-nev30764472n12">
<graphic id="nev21107056n1-nev30764472n13">
<href>0900c8af87765f6#@#@#9#.jpeg</href>
</graphic>
<graphtext id="nev21107056n1-nev30764606n1">
<caution id="nev21107056n1-nev30763320n2">
<ptxt>Take extra care#@#@#24#iner.</ptxt>
</caution>
<hint id="nev21107056n1-nev30763320n4">
<ptxt>This step may r#@#@#32#cian.</ptxt>
</hint>
<para id="nev21107056n1-nev30764472n10">
<ptxt id="nev21107056n1-nev30764472n11">Lower to suitab#@#@#5#ight.</ptxt>
</para>
</graphtext>
</grate>
</procstep>
<procstep id="nev21107056n1-nev30763320n8">
<grate id="nev21107056n1-nev30764472n8">
<graphic id="nev21107056n1-nev30764472n9">
<href>0900c8af866f89c#@#@#9#.jpeg</href>
</graphic>
<graphtext id="nev21107056n1-nev30764610n1">
<note id="nev21107056n1-nev30763321n3">
<ptxt>Orientation view</ptxt>
</note>
</graphtext>
</grate>
</procstep>
<procstep id="nev21107056n1-nev30764472n7">
<grate id="nev21107056n1-nev30764472n5">
<graphic id="nev21107056n1-nev30764472n6">
<href>0900c8af88514f5#@#@#9#.jpeg</href>
</graphic>
<graphtext id="nev21107056n1-nev30764614n1">
<para id="nev21107056n1-nev30764472n3">
<ptxt id="nev21107056n1-nev30764472n4">Disconnect the #@#@#5#ctor.</ptxt>
</para>
</graphtext>
</grate>
</procstep>
<procstep id="nev21107056n1-nev30764472n2">
<grate id="nev21107056n1-nev30764540n100">
<graphic id="nev21107056n1-nev30764472n1">
<href>0900c8af88514f5#@#@#9#.jpeg</href>
</graphic>
<graphtext id="nev21107056n1-nev30764618n1">
<para id="nev21107056n1-nev30764540n98">
<ptxt id="nev21107056n1-nev30764540n99">Remove the mark#@#@#3#part.</ptxt>
</para>
</graphtext>
</grate>
</procstep>
</stepgrp>
<stepgrp boilerplate="false" context="" id="nev21107056n1-nev30764540n97">
<title id="nev21107056n1-nev30763322n9">Installation</title>
<procstep id="nev21107056n1-nev30763322n10">
<para id="nev21107056n1-nev30764540n95">
<ptxt id="nev21107056n1-nev30764540n96">To install, rev#@#@#22#dure.</ptxt>
</para>
</procstep>
</stepgrp>
</procedure>
</servinfosub>