<?xml version="1.0" encoding="UTF-8"?><servinfosub IE-ID="en-US0900c8af86399e08" docno="VCC-370194" id="nev13710246n1" original="sv-SE" servinfosubId="nev13710247n1-nev20896410n1" servinfosubRes="0900c8af86555671" servinfosubRes2="urn:x-nevis:fragment:0900c8af86399e08:0900c8af86555671#nev20896410n1" xml:lang="en-US">
<title id="nev13710245n4">Engine</title>
<procedure id="nev13710247n1-nev21490085n250">
<procstep id="nev13710247n1-nev21490085n249" toc-include="yes">
<title id="nev13710247n1-nev21490085n248">Marking</title>
<grate id="nev13710247n1-nev21490085n247">
<graphic id="nev13710247n1-nev21490085n246">
<href>0900c8af8392bb4#@#@#9#.jpeg</href>
</graphic>
<graphtext id="nev13710247n1-nev21490085n245">
<list1 enumtype="n" id="nev13710247n1-nev21490085n244" type="ordered">
<item id="nev13710247n1-nev21490085n243">
<ptxt id="nev13710247n1-nev21490085n242">P/N</ptxt>
</item>
<item id="nev13710247n1-nev21490085n241">
<ptxt id="nev13710247n1-nev21490085n240">Cylinder class</ptxt>
</item>
<item id="nev13710247n1-nev21490085n239">
<ptxt id="nev13710247n1-nev21490085n238">Bearing class</ptxt>
</item>
<item id="nev13710247n1-nev21490085n237">
<ptxt id="nev13710247n1-nev21490085n236">Engine serial number</ptxt>
</item>
<item id="nev13710247n1-nev21490085n235">
<ptxt id="nev13710247n1-nev21490085n234">Engine type</ptxt>
</item>
</list1>
</graphtext>
</grate>
</procstep>
<procstep id="nev13710247n1-nev21490085n233" toc-include="yes">
<title id="nev13710247n1-nev21490085n232">General data</title>
<table id="nev13710247n1-nev21490085n231" pgwide="1">
<tgroup cols="2" id="nev13710247n1-nev21490085n230">
<colspec colname="col1" colwidth="0.5*" id="nev13710247n1-nev21490085n229"/>
<colspec colname="col3" colwidth="0.25*" id="nev13710247n1-nev21490085n228"/>
<tbody id="nev13710247n1-nev21490085n227">
<row id="nev13710247n1-nev21490085n226">
<entry id="nev13710247n1-nev21490085n225" morerows="0" rotate="0">
<ptxt id="nev13710247n1-nev21490085n224"/>
</entry>
<entry id="nev13710247n1-nev21490085n223" morerows="0" rotate="0">
<ptxt id="nev13710247n1-nev21490085n222">
<emph etype="bold" id="nev13710247n1-nev21490085n221">B6304T4</emph>
</ptxt>
</entry>
</row>
<row id="nev13710247n1-nev21490085n220">
<entry id="nev13710247n1-nev21490085n219" morerows="0" rotate="0">
<ptxt id="nev13710247n1-nev21490085n218">Engine code</ptxt>
</entry>
<entry id="nev13710247n1-nev21490085n217" morerows="0" rotate="0">
<ptxt id="nev13710247n1-nev21490085n216">93</ptxt>
</entry>
</row>
<row id="nev13710247n1-nev21490085n215">
<entry id="nev13710247n1-nev21490085n214" morerows="0" rotate="0">
<ptxt id="nev13710247n1-nev21490085n213">Power (kw / rpm)</ptxt>
</entry>
<entry id="nev13710247n1-nev21490085n212" morerows="0" rotate="0">
<ptxt id="nev13710247n1-nev21490085n211">224 / 5400</ptxt>
</entry>
</row>
<row id="nev13710247n1-nev21490085n210">
<entry id="nev13710247n1-nev21490085n209" morerows="0" rotate="0">
<ptxt id="nev13710247n1-nev21490085n208">Power (kw / rpm) US</ptxt>
</entry>
<entry id="nev13710247n1-nev21490085n207" morerows="0" rotate="0">
<ptxt id="nev13710247n1-nev21490085n206">242/ 5400</ptxt>
</entry>
</row>
<row id="nev13710247n1-nev21490085n205">
<entry id="nev13710247n1-nev21490085n204" morerows="0" rotate="0">
<ptxt id="nev13710247n1-nev21490085n203">Max torque (Nm #@#@#1# rpm)</ptxt>
</entry>
<entry id="nev13710247n1-nev21490085n202" morerows="0" rotate="0">
<ptxt id="nev13710247n1-nev21490085n201">480 / 1500-4800</ptxt>
</entry>
</row>
<row id="nev13710247n1-nev21490085n200">
<entry id="nev13710247n1-nev21490085n199" morerows="0" rotate="0">
<ptxt id="nev13710247n1-nev21490085n198">Max rpm</ptxt>
</entry>
<entry id="nev13710247n1-nev21490085n197" morerows="0" rotate="0">
<ptxt id="nev13710247n1-nev21490085n196">6500 stationary#@#@#12#sient</ptxt>
</entry>
</row>
<row id="nev13710247n1-nev21490085n195">
<entry id="nev13710247n1-nev21490085n194" morerows="0" rotate="0">
<ptxt id="nev13710247n1-nev21490085n193">Idling (rpm)</ptxt>
</entry>
<entry id="nev13710247n1-nev21490085n192" morerows="0" rotate="0">
<ptxt id="nev13710247n1-nev21490085n191">590</ptxt>
</entry>
</row>
<row id="nev13710247n1-nev21490085n190">
<entry id="nev13710247n1-nev21490085n189" morerows="0" rotate="0">
<ptxt id="nev13710247n1-nev21490085n188">Stroke (mm)</ptxt>
</entry>
<entry id="nev13710247n1-nev21490085n187" morerows="0" rotate="0">
<ptxt id="nev13710247n1-nev21490085n186">93.20</ptxt>
</entry>
</row>
<row id="nev13710247n1-nev21490085n185">
<entry id="nev13710247n1-nev21490085n184" morerows="0" rotate="0">
<ptxt id="nev13710247n1-nev21490085n183">Swept volume (l#@#@#1#tres)</ptxt>
</entry>
<entry id="nev13710247n1-nev21490085n182" morerows="0" rotate="0">
<ptxt id="nev13710247n1-nev21490085n181">2.953</ptxt>
</entry>
</row>
<row id="nev13710247n1-nev21490085n180">
<entry id="nev13710247n1-nev21490085n179" morerows="0" rotate="0">
<ptxt id="nev13710247n1-nev21490085n178">Firing sequence</ptxt>
</entry>
<entry id="nev13710247n1-nev21490085n177" morerows="0" rotate="0">
<ptxt id="nev13710247n1-nev21490085n176">1-5-3-6-2-4</ptxt>
</entry>
</row>
<row id="nev13710247n1-nev21490085n175">
<entry id="nev13710247n1-nev21490085n174" morerows="0" rotate="0">
<ptxt id="nev13710247n1-nev21490085n173">Compression ratio</ptxt>
</entry>
<entry id="nev13710247n1-nev21490085n172" morerows="0" rotate="0">
<ptxt id="nev13710247n1-nev21490085n171">9.3</ptxt>
</entry>
</row>
<row id="nev13710247n1-nev21490085n170">
<entry id="nev13710247n1-nev21490085n169" morerows="0" rotate="0">
<ptxt id="nev13710247n1-nev21490085n168">Weight, includi#@#@#6# (kg)</ptxt>
</entry>
<entry id="nev13710247n1-nev21490085n167" morerows="0" rotate="0">
<ptxt id="nev13710247n1-nev21490085n166">193</ptxt>
</entry>
</row>
</tbody>
</tgroup>
</table>
</procstep>
<procstep id="nev13710247n1-nev21490085n165" toc-include="yes">
<title id="nev13710247n1-nev21490085n164">Cylinder </title>
<table id="nev13710247n1-nev21490085n163" pgwide="1">
<tgroup cols="2" id="nev13710247n1-nev21490085n162">
<colspec colname="col1" colwidth="0.5*" id="nev13710247n1-nev21490085n161"/>
<colspec colname="col3" colwidth="0.25*" id="nev13710247n1-nev21490085n160"/>
<tbody id="nev13710247n1-nev21490085n159">
<row id="nev13710247n1-nev21490085n158">
<entry id="nev13710247n1-nev21490085n157" morerows="0" nameend="col3" namest="col1" rotate="0">
<ptxt id="nev13710247n1-nev21490085n156">Cylinder dimens#@#@#28#class</ptxt>
</entry>
</row>
<row id="nev13710247n1-nev21490085n155">
<entry id="nev13710247n1-nev21490085n154" morerows="0" rotate="0">
<ptxt id="nev13710247n1-nev21490085n153">C-marked¹ <dotfill id="nev13710247n1-nev21490085n152"/>mm</ptxt>
</entry>
<entry id="nev13710247n1-nev21490085n151" morerows="0" rotate="0">
<ptxt id="nev13710247n1-nev21490085n150">82.00 +0.01/ -0.00</ptxt>
</entry>
</row>
<row id="nev13710247n1-nev21490085n149">
<entry id="nev13710247n1-nev21490085n148" morerows="0" rotate="0">
<ptxt id="nev13710247n1-nev21490085n147">D-marked¹ <dotfill id="nev13710247n1-nev21490085n146"/>mm</ptxt>
</entry>
<entry id="nev13710247n1-nev21490085n145" morerows="0" rotate="0">
<ptxt id="nev13710247n1-nev21490085n144">82.00 +0.02/-0.01</ptxt>
</entry>
</row>
<row id="nev13710247n1-nev21490085n143">
<entry id="nev13710247n1-nev21490085n142" morerows="0" rotate="0">
<ptxt id="nev13710247n1-nev21490085n141">E-marked¹ <dotfill id="nev13710247n1-nev21490085n140"/>mm</ptxt>
</entry>
<entry id="nev13710247n1-nev21490085n139" morerows="0" rotate="0">
<ptxt id="nev13710247n1-nev21490085n138">82.00 +0.03/-0.02</ptxt>
</entry>
</row>
</tbody>
</tgroup>
</table>
</procstep>
<procstep id="nev13710247n1-nev21490085n137" toc-include="yes">
<title id="nev13710247n1-nev21490085n136">Cooling duct, e#@#@#6#block</title>
<grate id="nev13710247n1-nev21490085n135">
<graphic id="nev13710247n1-nev21490085n134">
<href>0900c8af85423a7#@#@#9#.jpeg</href>
</graphic>
</grate>
<table id="nev13710247n1-nev21490085n133" pgwide="1">
<tgroup cols="2" id="nev13710247n1-nev21490085n132">
<colspec colname="col1" id="nev13710247n1-nev21490085n131"/>
<colspec colname="col2" id="nev13710247n1-nev21490085n130"/>
<tbody id="nev13710247n1-nev21490085n129">
<row id="nev13710247n1-nev21490085n128">
<entry id="nev13710247n1-nev21490085n127" morerows="0" rotate="0">
<ptxt id="nev13710247n1-nev21490085n126">Length <dotfill id="nev13710247n1-nev21490085n125"/>mm</ptxt>
</entry>
<entry id="nev13710247n1-nev21490085n124" morerows="0" rotate="0">
<ptxt id="nev13710247n1-nev21490085n123">0.85-1.15</ptxt>
</entry>
</row>
</tbody>
</tgroup>
</table>
</procstep>
<procstep id="nev13710247n1-nev21490085n122" toc-include="yes">
<title id="nev13710247n1-nev21490085n121">Pistons</title>
<grate id="nev13710247n1-nev21490085n120">
<graphic id="nev13710247n1-nev21490085n119">
<href>0900c8af8392bb5#@#@#9#.jpeg</href>
</graphic>
</grate>
<table id="nev13710247n1-nev21490085n118" pgwide="1">
<tgroup cols="2" id="nev13710247n1-nev21490085n117">
<colspec colname="col1" colwidth="0.5*" id="nev13710247n1-nev21490085n116"/>
<colspec colname="col3" colwidth="0.25*" id="nev13710247n1-nev21490085n115"/>
<tbody id="nev13710247n1-nev21490085n114">
<row id="nev13710247n1-nev21490085n113">
<entry id="nev13710247n1-nev21490085n112" morerows="0" nameend="col3" namest="col1" rotate="0">
<ptxt id="nev13710247n1-nev21490085n111">Piston dimensio#@#@#26#class</ptxt>
</entry>
</row>
<row id="nev13710247n1-nev21490085n110">
<entry id="nev13710247n1-nev21490085n109" morerows="0" rotate="0">
<ptxt id="nev13710247n1-nev21490085n108"/>
</entry>
<entry id="nev13710247n1-nev21490085n107" morerows="0" rotate="0">
<ptxt id="nev13710247n1-nev21490085n106">
<emph etype="bold" id="nev13710247n1-nev21490085n105">B6304T4</emph>
</ptxt>
</entry>
</row>
<row id="nev13710247n1-nev21490085n104">
<entry id="nev13710247n1-nev21490085n103" morerows="0" rotate="0">
<ptxt id="nev13710247n1-nev21490085n102">C-marked¹ <dotfill id="nev13710247n1-nev21490085n101"/>mm</ptxt>
</entry>
<entry id="nev13710247n1-nev21490085n100" morerows="0" rotate="0">
<ptxt id="nev13710247n1-nev21490085n99">81.95</ptxt>
</entry>
</row>
<row id="nev13710247n1-nev21490085n98">
<entry id="nev13710247n1-nev21490085n97" morerows="0" rotate="0">
<ptxt id="nev13710247n1-nev21490085n96">D-marked¹ <dotfill id="nev13710247n1-nev21490085n95"/>mm</ptxt>
</entry>
<entry id="nev13710247n1-nev21490085n94" morerows="0" rotate="0">
<ptxt id="nev13710247n1-nev21490085n93">81.96</ptxt>
</entry>
</row>
<row id="nev13710247n1-nev21490085n92">
<entry id="nev13710247n1-nev21490085n91" morerows="0" rotate="0">
<ptxt id="nev13710247n1-nev21490085n90">E-marked¹ <dotfill id="nev13710247n1-nev21490085n89"/>mm</ptxt>
</entry>
<entry id="nev13710247n1-nev21490085n88" morerows="0" rotate="0">
<ptxt id="nev13710247n1-nev21490085n87">81.97 </ptxt>
</entry>
</row>
<row id="nev13710247n1-nev21490085n86">
<entry id="nev13710247n1-nev21490085n85" morerows="0" rotate="0">
<ptxt id="nev13710247n1-nev21490085n84">TDC 0.4-marked¹ <dotfill id="nev13710247n1-nev21490085n83"/>mm</ptxt>
</entry>
<entry id="nev13710247n1-nev21490085n82" morerows="0" rotate="0">
<ptxt id="nev13710247n1-nev21490085n81">82.35</ptxt>
</entry>
</row>
<row id="nev13710247n1-nev21490085n80">
<entry id="nev13710247n1-nev21490085n79" morerows="0" nameend="col3" namest="col1" rotate="0">
<ptxt id="nev13710247n1-nev21490085n78">¹Classification#@#@#31#ston.</ptxt>
</entry>
</row>
</tbody>
</tgroup>
</table>
</procstep>
<procstep id="nev13710247n1-nev21490085n77" toc-include="yes">
<title id="nev13710247n1-nev21490085n76">Piston running #@#@#4#rance</title>
<table id="nev13710247n1-nev21490085n75" pgwide="1">
<tgroup cols="2" id="nev13710247n1-nev21490085n74">
<colspec colname="col1" colwidth="0.5*" id="nev13710247n1-nev21490085n73"/>
<colspec colname="col3" colwidth="0.25*" id="nev13710247n1-nev21490085n72"/>
<tbody id="nev13710247n1-nev21490085n71">
<row id="nev13710247n1-nev21490085n70">
<entry id="nev13710247n1-nev21490085n69" morerows="0" rotate="0">
<ptxt id="nev13710247n1-nev21490085n68">Tolerance pisto#@#@#12# top <dotfill id="nev13710247n1-nev21490085n67"/>mm</ptxt>
</entry>
<entry id="nev13710247n1-nev21490085n66" morerows="0" rotate="0">
<ptxt id="nev13710247n1-nev21490085n65">0.04-0.06</ptxt>
</entry>
</row>
</tbody>
</tgroup>
</table>
</procstep>
<procstep id="nev13710247n1-nev21490085n64" toc-include="yes">
<title id="nev13710247n1-nev21490085n63">Piston rings</title>
<table id="nev13710247n1-nev21490085n62" pgwide="1">
<tgroup cols="2" id="nev13710247n1-nev21490085n61">
<colspec colname="col1" colwidth="0.5*" id="nev13710247n1-nev21490085n60"/>
<colspec colname="col3" colwidth="0.25*" id="nev13710247n1-nev21490085n59"/>
<tbody id="nev13710247n1-nev21490085n58">
<row id="nev13710247n1-nev21490085n57">
<entry id="nev13710247n1-nev21490085n56" morerows="0" rotate="0">
<ptxt id="nev13710247n1-nev21490085n55">Top ring <dotfill id="nev13710247n1-nev21490085n54"/>mm</ptxt>
</entry>
<entry id="nev13710247n1-nev21490085n53" morerows="0" rotate="0">
<ptxt id="nev13710247n1-nev21490085n52">Height: 1.20 - #@#@#5#-0.03</ptxt>
<ptxt id="nev13710247n1-nev21490085n51">Axial clearance#@#@#8# 0.07</ptxt>
</entry>
</row>
<row id="nev13710247n1-nev21490085n50">
<entry id="nev13710247n1-nev21490085n49" morerows="0" rotate="0">
<ptxt id="nev13710247n1-nev21490085n48">2nd ring <dotfill id="nev13710247n1-nev21490085n47"/>mm</ptxt>
</entry>
<entry id="nev13710247n1-nev21490085n46" morerows="0" rotate="0">
<ptxt id="nev13710247n1-nev21490085n45">Height: 1.50 - #@#@#5#-0.03</ptxt>
<ptxt id="nev13710247n1-nev21490085n44">Axial clearance#@#@#8# 0.07</ptxt>
</entry>
</row>
<row id="nev13710247n1-nev21490085n43">
<entry id="nev13710247n1-nev21490085n42" morerows="0" rotate="0">
<ptxt id="nev13710247n1-nev21490085n41">Oil ring <dotfill id="nev13710247n1-nev21490085n40"/>mm</ptxt>
</entry>
<entry id="nev13710247n1-nev21490085n39" morerows="0" rotate="0">
<ptxt id="nev13710247n1-nev21490085n38">Height: 2.00 - #@#@#6#0.136</ptxt>
<ptxt id="nev13710247n1-nev21490085n37">Axial clearance#@#@#7#0.166</ptxt>
</entry>
</row>
</tbody>
</tgroup>
</table>
</procstep>
<procstep id="nev13710247n1-nev21490085n36" toc-include="yes">
<title id="nev13710247n1-nev21490085n35">Piston pin</title>
<table id="nev13710247n1-nev21490085n34" pgwide="1">
<tgroup cols="2" id="nev13710247n1-nev21490085n33">
<colspec colname="col1" colwidth="0.5*" id="nev13710247n1-nev21490085n32"/>
<colspec colname="col3" colwidth="0.25*" id="nev13710247n1-nev21490085n31"/>
<tbody id="nev13710247n1-nev21490085n30">
<row id="nev13710247n1-nev21490085n29">
<entry id="nev13710247n1-nev21490085n28" morerows="0" rotate="0">
<ptxt id="nev13710247n1-nev21490085n27">Diameter/tolerance <dotfill id="nev13710247n1-nev21490085n26"/>mm</ptxt>
</entry>
<entry id="nev13710247n1-nev21490085n25" morerows="0" rotate="0">
<ptxt id="nev13710247n1-nev21490085n24">21.00</ptxt>
</entry>
</row>
</tbody>
</tgroup>
</table>
</procstep>
<procstep id="nev13710247n1-nev21490085n23" toc-include="yes">
<title id="nev13710247n1-nev21490085n22">Valves</title>
<grate id="nev13710247n1-nev21490085n21">
<graphic id="nev13710247n1-nev21490085n20">
<href>0900c8af8392bb7#@#@#9#.jpeg</href>
</graphic>
</grate>
<table id="nev13710247n1-nev21490085n19" pgwide="1">
<tgroup cols="2" id="nev13710247n1-nev21490085n18">
<colspec colname="col1" colwidth="0.5*" id="nev13710247n1-nev21490085n17"/>
<colspec colname="col3" colwidth="0.25*" id="nev13710247n1-nev21490085n16"/>
<tbody id="nev13710247n1-nev21490085n15">
<row id="nev13710247n1-nev21490085n14">
<entry id="nev13710247n1-nev21490085n13" morerows="0" nameend="col3" namest="col1" rotate="0">
<ptxt id="nev13710247n1-nev21490085n12">
<emph etype="bold" id="nev13710247n1-nev21490085n11">Intake</emph>
</ptxt>
</entry>
</row>
<row id="nev13710247n1-nev21490085n10">
<entry id="nev13710247n1-nev21490085n9" morerows="0" rotate="0">
<ptxt id="nev13710247n1-nev21490085n8"/>
</entry>
<entry id="nev13710247n1-nev21490085n7" morerows="0" rotate="0">
<ptxt id="nev13710247n1-nev21490085n6">
<emph etype="bold" id="nev13710247n1-nev21490085n5">B6304T4</emph>
</ptxt>
</entry>
</row>
<row id="nev13710247n1-nev21490085n4">
<entry id="nev13710247n1-nev21490085n3" morerows="0" rotate="0">
<ptxt id="nev13710247n1-nev21490085n2">Length (A) <dotfill id="nev13710247n1-nev21490085n1"/>mm</ptxt>
</entry>
<entry id="nev13710247n1-nev21490086n250" morerows="0" rotate="0">
<ptxt id="nev13710247n1-nev21490086n249">128.42 ±0.27</ptxt>
</entry>
</row>
<row id="nev13710247n1-nev21490086n248">
<entry id="nev13710247n1-nev21490086n247" morerows="0" rotate="0">
<ptxt id="nev13710247n1-nev21490086n246">Diameter on cro#@#@#2# (B) <dotfill id="nev13710247n1-nev21490086n245"/>mm</ptxt>
</entry>
<entry id="nev13710247n1-nev21490086n244" morerows="0" rotate="0">
<ptxt id="nev13710247n1-nev21490086n243">31.00 ±0.15</ptxt>
</entry>
</row>
<row id="nev13710247n1-nev21490086n242">
<entry id="nev13710247n1-nev21490086n241" morerows="0" rotate="0">
<ptxt id="nev13710247n1-nev21490086n240">Diameter on sha#@#@#2# (C) <dotfill id="nev13710247n1-nev21490086n239"/>mm</ptxt>
</entry>
<entry id="nev13710247n1-nev21490086n238" morerows="0" rotate="0">
<ptxt id="nev13710247n1-nev21490086n237">5.97</ptxt>
</entry>
</row>
<row id="nev13710247n1-nev21490086n236">
<entry id="nev13710247n1-nev21490086n235" morerows="0" rotate="0">
<ptxt id="nev13710247n1-nev21490086n234">Valve seat angl#@#@#1# (D) <dotfill id="nev13710247n1-nev21490086n233"/>°</ptxt>
</entry>
<entry id="nev13710247n1-nev21490086n232" morerows="0" rotate="0">
<ptxt id="nev13710247n1-nev21490086n231">44.5</ptxt>
</entry>
</row>
<row id="nev13710247n1-nev21490086n230">
<entry id="nev13710247n1-nev21490086n229" morerows="0" rotate="0">
<ptxt id="nev13710247n1-nev21490086n228">Valve angle <dotfill id="nev13710247n1-nev21490086n227"/>°</ptxt>
</entry>
<entry id="nev13710247n1-nev21490086n226" morerows="0" rotate="0">
<ptxt id="nev13710247n1-nev21490086n225">18.75</ptxt>
</entry>
</row>
<row id="nev13710247n1-nev21490086n224">
<entry id="nev13710247n1-nev21490086n223" morerows="0" rotate="0">
<ptxt id="nev13710247n1-nev21490086n222">Clearance in guide <dotfill id="nev13710247n1-nev21490086n221"/>μm</ptxt>
</entry>
<entry id="nev13710247n1-nev21490086n220" morerows="0" rotate="0">
<ptxt id="nev13710247n1-nev21490086n219">30 - 60</ptxt>
</entry>
</row>
<row id="nev13710247n1-nev21490086n218">
<entry id="nev13710247n1-nev21490086n217" morerows="0" rotate="0">
<ptxt id="nev13710247n1-nev21490086n216">Valve clearance <dotfill id="nev13710247n1-nev21490086n215"/>mm</ptxt>
</entry>
<entry id="nev13710247n1-nev21490086n214" morerows="0" rotate="0">
<ptxt id="nev13710247n1-nev21490086n213">0.20 ±0.05</ptxt>
</entry>
</row>
<row id="nev13710247n1-nev21490086n212">
<entry id="nev13710247n1-nev21490086n211" morerows="0" nameend="col3" namest="col1" rotate="0">
<ptxt id="nev13710247n1-nev21490086n210">
<emph etype="bold" id="nev13710247n1-nev21490086n209">Exhaust</emph>
</ptxt>
</entry>
</row>
<row id="nev13710247n1-nev21490086n208">
<entry id="nev13710247n1-nev21490086n207" morerows="0" rotate="0">
<ptxt id="nev13710247n1-nev21490086n206">Length (A) <dotfill id="nev13710247n1-nev21490086n205"/>mm</ptxt>
</entry>
<entry id="nev13710247n1-nev21490086n204" morerows="0" rotate="0">
<ptxt id="nev13710247n1-nev21490086n203">129.96 ±0.27</ptxt>
</entry>
</row>
<row id="nev13710247n1-nev21490086n202">
<entry id="nev13710247n1-nev21490086n201" morerows="0" rotate="0">
<ptxt id="nev13710247n1-nev21490086n200">Diameter on cro#@#@#2# (B) <dotfill id="nev13710247n1-nev21490086n199"/>mm</ptxt>
</entry>
<entry id="nev13710247n1-nev21490086n198" morerows="0" rotate="0">
<ptxt id="nev13710247n1-nev21490086n197">27 ±0.15</ptxt>
</entry>
</row>
<row id="nev13710247n1-nev21490086n196">
<entry id="nev13710247n1-nev21490086n195" morerows="0" rotate="0">
<ptxt id="nev13710247n1-nev21490086n194">Diameter on sha#@#@#2# (C) <dotfill id="nev13710247n1-nev21490086n193"/>mm</ptxt>
</entry>
<entry id="nev13710247n1-nev21490086n192" morerows="0" rotate="0">
<ptxt id="nev13710247n1-nev21490086n191">5.96 - 5.95</ptxt>
</entry>
</row>
<row id="nev13710247n1-nev21490086n190">
<entry id="nev13710247n1-nev21490086n189" morerows="0" rotate="0">
<ptxt id="nev13710247n1-nev21490086n188">Valve seat angl#@#@#1# (D) <dotfill id="nev13710247n1-nev21490086n187"/>°</ptxt>
</entry>
<entry id="nev13710247n1-nev21490086n186" morerows="0" rotate="0">
<ptxt id="nev13710247n1-nev21490086n185">44.5</ptxt>
</entry>
</row>
<row id="nev13710247n1-nev21490086n184">
<entry id="nev13710247n1-nev21490086n183" morerows="0" rotate="0">
<ptxt id="nev13710247n1-nev21490086n182">Valve angle (D) <dotfill id="nev13710247n1-nev21490086n181"/>°</ptxt>
</entry>
<entry id="nev13710247n1-nev21490086n180" morerows="0" rotate="0">
<ptxt id="nev13710247n1-nev21490086n179">18.75</ptxt>
</entry>
</row>
<row id="nev13710247n1-nev21490086n178">
<entry id="nev13710247n1-nev21490086n177" morerows="0" rotate="0">
<ptxt id="nev13710247n1-nev21490086n176">Clearance in guide <dotfill id="nev13710247n1-nev21490086n175"/>μm</ptxt>
</entry>
<entry id="nev13710247n1-nev21490086n174" morerows="0" rotate="0">
<ptxt id="nev13710247n1-nev21490086n173">31 - 70</ptxt>
</entry>
</row>
<row id="nev13710247n1-nev21490086n172">
<entry id="nev13710247n1-nev21490086n171" morerows="0" rotate="0">
<ptxt id="nev13710247n1-nev21490086n170">Valve clearance <dotfill id="nev13710247n1-nev21490086n169"/>mm</ptxt>
</entry>
<entry id="nev13710247n1-nev21490086n168" morerows="0" rotate="0">
<ptxt id="nev13710247n1-nev21490086n167">0.45 ±0.05</ptxt>
</entry>
</row>
</tbody>
</tgroup>
</table>
</procstep>
<procstep id="nev13710247n1-nev21490086n166" toc-include="yes">
<title id="nev13710247n1-nev21490086n165">Valve seats</title>
<table id="nev13710247n1-nev21490086n164" pgwide="1">
<tgroup cols="2" id="nev13710247n1-nev21490086n163">
<colspec colname="col1" colwidth="0.5*" id="nev13710247n1-nev21490086n162"/>
<colspec colname="col3" colwidth="0.25*" id="nev13710247n1-nev21490086n161"/>
<tbody id="nev13710247n1-nev21490086n160">
<row id="nev13710247n1-nev21490086n159">
<entry id="nev13710247n1-nev21490086n158" morerows="0" rotate="0">
<ptxt id="nev13710247n1-nev21490086n157">Seat angle <dotfill id="nev13710247n1-nev21490086n156"/>°</ptxt>
</entry>
<entry id="nev13710247n1-nev21490086n155" morerows="0" rotate="0">
<ptxt id="nev13710247n1-nev21490086n154">45.00 +/-0.01</ptxt>
</entry>
</row>
</tbody>
</tgroup>
</table>
</procstep>
<procstep id="nev13710247n1-nev21490086n153" toc-include="yes">
<title id="nev13710247n1-nev21490086n152">Tappets</title>
<table id="nev13710247n1-nev21490086n151" pgwide="1">
<tgroup cols="2" id="nev13710247n1-nev21490086n150">
<colspec colname="col1" colwidth="0.5*" id="nev13710247n1-nev21490086n149"/>
<colspec colname="col3" colwidth="0.25*" id="nev13710247n1-nev21490086n148"/>
<tbody id="nev13710247n1-nev21490086n147">
<row id="nev13710247n1-nev21490086n146">
<entry id="nev13710247n1-nev21490086n145" morerows="0" rotate="0">
<ptxt id="nev13710247n1-nev21490086n144">Diameter <dotfill id="nev13710247n1-nev21490086n143"/>mm</ptxt>
</entry>
<entry id="nev13710247n1-nev21490086n142" morerows="0" rotate="0">
<ptxt id="nev13710247n1-nev21490086n141">32.00 -0.02/-0.04</ptxt>
</entry>
</row>
<row id="nev13710247n1-nev21490086n140">
<entry id="nev13710247n1-nev21490086n139" morerows="0" rotate="0">
<ptxt id="nev13710247n1-nev21490086n138">Thickness <dotfill id="nev13710247n1-nev21490086n137"/>mm</ptxt>
</entry>
<entry id="nev13710247n1-nev21490086n136" morerows="0" rotate="0">
<ptxt id="nev13710247n1-nev21490086n135">2.95 - 3.68 +/-0.01</ptxt>
</entry>
</row>
</tbody>
</tgroup>
</table>
</procstep>
<procstep id="nev13710247n1-nev21490086n134" toc-include="yes">
<title id="nev13710247n1-nev21490086n133">Valve springs</title>
<table id="nev13710247n1-nev21490086n132" pgwide="1">
<tgroup cols="2" id="nev13710247n1-nev21490086n131">
<colspec colname="col1" colwidth="0.5*" id="nev13710247n1-nev21490086n130"/>
<colspec colname="col3" colwidth="0.25*" id="nev13710247n1-nev21490086n129"/>
<tbody id="nev13710247n1-nev21490086n128">
<row id="nev13710247n1-nev21490086n127">
<entry id="nev13710247n1-nev21490086n126" morerows="0" rotate="0">
<ptxt id="nev13710247n1-nev21490086n125">Height unloaded <dotfill id="nev13710247n1-nev21490086n124"/>mm</ptxt>
</entry>
<entry id="nev13710247n1-nev21490086n123" morerows="0" rotate="0">
<ptxt id="nev13710247n1-nev21490086n122">45.4 +1.5/-0.5</ptxt>
</entry>
</row>
</tbody>
</tgroup>
</table>
</procstep>
<procstep id="nev13710247n1-nev21490086n121" toc-include="yes">
<title id="nev13710247n1-nev21490086n120">Camshafts</title>
<table id="nev13710247n1-nev21490086n119" pgwide="1">
<tgroup cols="2" id="nev13710247n1-nev21490086n118">
<colspec colname="col1" colwidth="0.5*" id="nev13710247n1-nev21490086n117"/>
<colspec colname="col3" colwidth="0.25*" id="nev13710247n1-nev21490086n116"/>
<tbody id="nev13710247n1-nev21490086n115">
<row id="nev13710247n1-nev21490086n114">
<entry id="nev13710247n1-nev21490086n113" morerows="0" nameend="col3" namest="col1" rotate="0">
<ptxt id="nev13710247n1-nev21490086n112">
<emph etype="bold" id="nev13710247n1-nev21490086n111">Inlet</emph>
</ptxt>
</entry>
</row>
<row id="nev13710247n1-nev21490086n110">
<entry id="nev13710247n1-nev21490086n109" morerows="0" rotate="0">
<ptxt id="nev13710247n1-nev21490086n108"/>
</entry>
<entry id="nev13710247n1-nev21490086n107" morerows="0" rotate="0">
<ptxt id="nev13710247n1-nev21490086n106">
<emph etype="bold" id="nev13710247n1-nev21490086n105">B6304T4</emph>
</ptxt>
</entry>
</row>
<row id="nev13710247n1-nev21490086n104">
<entry id="nev13710247n1-nev21490086n103" morerows="0" rotate="0">
<ptxt id="nev13710247n1-nev21490086n102">Lift height hig#@#@#2#lift <dotfill id="nev13710247n1-nev21490086n101"/>mm</ptxt>
</entry>
<entry id="nev13710247n1-nev21490086n100" morerows="0" rotate="0">
<ptxt id="nev13710247n1-nev21490086n99">8.45</ptxt>
</entry>
</row>
<row id="nev13710247n1-nev21490086n98">
<entry id="nev13710247n1-nev21490086n97" morerows="0" rotate="0">
<ptxt id="nev13710247n1-nev21490086n96">Lift height low#@#@#1#lift <dotfill id="nev13710247n1-nev21490086n95"/>mm</ptxt>
</entry>
<entry id="nev13710247n1-nev21490086n94" morerows="0" rotate="0">
<ptxt id="nev13710247n1-nev21490086n93">8.45</ptxt>
</entry>
</row>
<row id="nev13710247n1-nev21490086n92">
<entry id="nev13710247n1-nev21490086n91" morerows="0" nameend="col3" namest="col1" rotate="0">
<ptxt id="nev13710247n1-nev21490086n90">
<emph etype="bold" id="nev13710247n1-nev21490086n89">Exhaust</emph>
</ptxt>
</entry>
</row>
<row id="nev13710247n1-nev21490086n88">
<entry id="nev13710247n1-nev21490086n87" morerows="0" rotate="0">
<ptxt id="nev13710247n1-nev21490086n86">Lift height <dotfill id="nev13710247n1-nev21490086n85"/>mm</ptxt>
</entry>
<entry id="nev13710247n1-nev21490086n84" morerows="0" rotate="0">
<ptxt id="nev13710247n1-nev21490086n83">9.45</ptxt>
</entry>
</row>
</tbody>
</tgroup>
</table>
</procstep>
<procstep id="nev13710247n1-nev21490086n82" toc-include="yes">
<title id="nev13710247n1-nev21490086n81">Cylinder head</title>
<table id="nev13710247n1-nev21490086n80" pgwide="1">
<tgroup cols="2" id="nev13710247n1-nev21490086n79">
<colspec colname="col1" colwidth="0.5*" id="nev13710247n1-nev21490086n78"/>
<colspec colname="col3" colwidth="0.25*" id="nev13710247n1-nev21490086n77"/>
<tbody id="nev13710247n1-nev21490086n76">
<row id="nev13710247n1-nev21490086n75">
<entry id="nev13710247n1-nev21490086n74" morerows="0" rotate="0">
<ptxt id="nev13710247n1-nev21490086n73">Max. distortion, <dotfill id="nev13710247n1-nev21490086n72"/>mm</ptxt>
</entry>
<entry id="nev13710247n1-nev21490086n71" morerows="0" rotate="0">
<ptxt id="nev13710247n1-nev21490086n70">0.5</ptxt>
</entry>
</row>
<row id="nev13710247n1-nev21490086n69">
<entry id="nev13710247n1-nev21490086n68" morerows="0" rotate="0">
<ptxt id="nev13710247n1-nev21490086n67">Max. distortion#@#@#9#rse, <dotfill id="nev13710247n1-nev21490086n66"/>mm</ptxt>
</entry>
<entry id="nev13710247n1-nev21490086n65" morerows="0" rotate="0">
<ptxt id="nev13710247n1-nev21490086n64">0.3</ptxt>
</entry>
</row>
<row id="nev13710247n1-nev21490086n63">
<entry id="nev13710247n1-nev21490086n62" morerows="0" rotate="0">
<ptxt id="nev13710247n1-nev21490086n61">Height <dotfill id="nev13710247n1-nev21490086n60"/>mm</ptxt>
</entry>
<entry id="nev13710247n1-nev21490086n59" morerows="0" rotate="0">
<ptxt id="nev13710247n1-nev21490086n58">149.40 ±0.15</ptxt>
</entry>
</row>
</tbody>
</tgroup>
</table>
</procstep>
<procstep id="nev13710247n1-nev21490086n57" toc-include="yes">
<title id="nev13710247n1-nev21490086n56">Classification #@#@#11#rings</title>
<table id="nev13710247n1-nev21490086n55" pgwide="1">
<tgroup cols="3" id="nev13710247n1-nev21490086n54">
<colspec colname="col1" colwidth="0.5*" id="nev13710247n1-nev21490086n53"/>
<colspec colname="col2" colwidth="0.25*" id="nev13710247n1-nev21490086n52"/>
<colspec colname="col3" colwidth="0.25*" id="nev13710247n1-nev21490086n51"/>
<tbody id="nev13710247n1-nev21490086n50">
<row id="nev13710247n1-nev21490086n49">
<entry id="nev13710247n1-nev21490086n48" morerows="0" rotate="0">
<ptxt id="nev13710247n1-nev21490086n47">Marking crank/block</ptxt>
</entry>
<entry id="nev13710247n1-nev21490086n46" morerows="0" nameend="col3" namest="col2" rotate="0">
<ptxt id="nev13710247n1-nev21490086n45">The crankshaft #@#@#64#edge.</ptxt>
</entry>
</row>
<row id="nev13710247n1-nev21490086n44">
<entry id="nev13710247n1-nev21490086n43" morerows="0" rotate="0">
<ptxt id="nev13710247n1-nev21490086n42">Classification</ptxt>
</entry>
<entry id="nev13710247n1-nev21490086n41" morerows="0" nameend="col3" namest="col2" rotate="0">
<ptxt id="nev13710247n1-nev21490086n40">Table Main bear#@#@#20#below</ptxt>
</entry>
</row>
</tbody>
</tgroup>
</table>
</procstep>
<procstep id="nev13710247n1-nev21490086n39" toc-include="yes">
<title id="nev13710247n1-nev21490086n38">Crankshaft</title>
<table id="nev13710247n1-nev21490086n37" pgwide="1">
<tgroup cols="2" id="nev13710247n1-nev21490086n36">
<colspec colname="col1" colwidth="0.5*" id="nev13710247n1-nev21490086n35"/>
<colspec colname="col3" colwidth="0.25*" id="nev13710247n1-nev21490086n34"/>
<tbody id="nev13710247n1-nev21490086n33">
<row id="nev13710247n1-nev21490086n32">
<entry id="nev13710247n1-nev21490086n31" morerows="0" rotate="0">
<ptxt id="nev13710247n1-nev21490086n30">Max. radial run#@#@#47#&amp; 7) <dotfill id="nev13710247n1-nev21490086n29"/>mm</ptxt>
</entry>
<entry id="nev13710247n1-nev21490086n28" morerows="0" rotate="0">
<ptxt id="nev13710247n1-nev21490086n27">0.08</ptxt>
</entry>
</row>
<row id="nev13710247n1-nev21490086n26">
<entry id="nev13710247n1-nev21490086n25" morerows="0" rotate="0">
<ptxt id="nev13710247n1-nev21490086n24">Main bearing ax#@#@#9#ance <dotfill id="nev13710247n1-nev21490086n23"/>mm</ptxt>
</entry>
<entry id="nev13710247n1-nev21490086n22" morerows="0" rotate="0">
<ptxt id="nev13710247n1-nev21490086n21">0.08 - 0.27</ptxt>
</entry>
</row>
</tbody>
</tgroup>
</table>
</procstep>
<procstep id="nev13710247n1-nev21490086n20" toc-include="yes">
<title id="nev13710247n1-nev21490086n19">Big end journals</title>
<table id="nev13710247n1-nev21490086n18" pgwide="1">
<tgroup cols="2" id="nev13710247n1-nev21490086n17">
<colspec colname="col1" colwidth="0.5*" id="nev13710247n1-nev21490086n16"/>
<colspec colname="col3" colwidth="0.25*" id="nev13710247n1-nev21490086n15"/>
<tbody id="nev13710247n1-nev21490086n14">
<row id="nev13710247n1-nev21490086n13">
<entry id="nev13710247n1-nev21490086n12" morerows="0" rotate="0">
<ptxt id="nev13710247n1-nev21490086n11">Diameter standard <dotfill id="nev13710247n1-nev21490086n10"/>mm</ptxt>
</entry>
<entry id="nev13710247n1-nev21490086n9" morerows="0" rotate="0">
<ptxt id="nev13710247n1-nev21490086n8">50.00</ptxt>
</entry>
</row>
<row id="nev13710247n1-nev21490086n7">
<entry id="nev13710247n1-nev21490086n6" morerows="0" rotate="0">
<ptxt id="nev13710247n1-nev21490086n5">Bearing recess #@#@#1#idth <dotfill id="nev13710247n1-nev21490086n4"/>mm</ptxt>
</entry>
<entry id="nev13710247n1-nev21490086n3" morerows="0" rotate="0">
<ptxt id="nev13710247n1-nev21490086n2">26.0 ±0.1</ptxt>
</entry>
</row>
<row id="nev13710247n1-nev21490086n1">
<entry id="nev13710247n1-nev21490087n250" morerows="0" rotate="0">
<ptxt id="nev13710247n1-nev21490087n249">Max. parallelit#@#@#33#aft) <dotfill id="nev13710247n1-nev21490087n248"/>mm</ptxt>
</entry>
<entry id="nev13710247n1-nev21490087n247" morerows="0" rotate="0">
<ptxt id="nev13710247n1-nev21490087n246">0.015</ptxt>
</entry>
</row>
<row id="nev13710247n1-nev21490087n245">
<entry id="nev13710247n1-nev21490087n244" morerows="0" rotate="0">
<ptxt id="nev13710247n1-nev21490087n243">Max. diameter v#@#@#4#tion <dotfill id="nev13710247n1-nev21490087n242"/>mm</ptxt>
</entry>
<entry id="nev13710247n1-nev21490087n241" morerows="0" rotate="0">
<ptxt id="nev13710247n1-nev21490087n240">0.01</ptxt>
</entry>
</row>
</tbody>
</tgroup>
</table>
</procstep>
<procstep id="nev13710247n1-nev21490087n239" toc-include="yes">
<title id="nev13710247n1-nev21490087n238">Main bearing jo#@#@#1#rnals</title>
<table id="nev13710247n1-nev21490087n237" pgwide="1">
<tgroup cols="2" id="nev13710247n1-nev21490087n236">
<colspec colname="col1" colwidth="0.5*" id="nev13710247n1-nev21490087n235"/>
<colspec colname="col3" colwidth="0.25*" id="nev13710247n1-nev21490087n234"/>
<tbody id="nev13710247n1-nev21490087n233">
<row id="nev13710247n1-nev21490087n232">
<entry id="nev13710247n1-nev21490087n231" morerows="0" rotate="0">
<ptxt id="nev13710247n1-nev21490087n230"/>
</entry>
<entry id="nev13710247n1-nev21490087n229" morerows="0" rotate="0">
<ptxt id="nev13710247n1-nev21490087n228">
<emph etype="bold" id="nev13710247n1-nev21490087n227">B6304T4</emph>
</ptxt>
</entry>
</row>
<row id="nev13710247n1-nev21490087n226">
<entry id="nev13710247n1-nev21490087n225" morerows="0" rotate="0">
<ptxt id="nev13710247n1-nev21490087n224">Diameter standard <dotfill id="nev13710247n1-nev21490087n223"/>mm</ptxt>
</entry>
<entry id="nev13710247n1-nev21490087n222" morerows="0" rotate="0">
<ptxt id="nev13710247n1-nev21490087n221">65.00</ptxt>
</entry>
</row>
<row id="nev13710247n1-nev21490087n220">
<entry id="nev13710247n1-nev21490087n219" morerows="0" rotate="0">
<ptxt id="nev13710247n1-nev21490087n218">Bearing recess #@#@#1#idth <dotfill id="nev13710247n1-nev21490087n217"/>mm</ptxt>
</entry>
<entry id="nev13710247n1-nev21490087n216" morerows="0" rotate="0">
<ptxt id="nev13710247n1-nev21490087n215">26.00 ±0.15</ptxt>
</entry>
</row>
</tbody>
</tgroup>
</table>
</procstep>
<procstep id="nev13710247n1-nev21490087n214" toc-include="yes">
<title id="nev13710247n1-nev21490087n213">Connecting rods</title>
<table id="nev13710247n1-nev21490087n212" pgwide="1">
<tgroup cols="2" id="nev13710247n1-nev21490087n211">
<colspec colname="col1" colwidth="0.5*" id="nev13710247n1-nev21490087n210"/>
<colspec colname="col3" colwidth="0.25*" id="nev13710247n1-nev21490087n209"/>
<tbody id="nev13710247n1-nev21490087n208">
<row id="nev13710247n1-nev21490087n207">
<entry id="nev13710247n1-nev21490087n206" morerows="0" rotate="0">
<ptxt id="nev13710247n1-nev21490087n205">Diameter bearin#@#@#14#-end <dotfill id="nev13710247n1-nev21490087n204"/>mm</ptxt>
</entry>
<entry id="nev13710247n1-nev21490087n203" morerows="0" rotate="0">
<ptxt id="nev13710247n1-nev21490087n202">53.00</ptxt>
</entry>
</row>
<row id="nev13710247n1-nev21490087n201">
<entry id="nev13710247n1-nev21490087n200" morerows="0" rotate="0">
<ptxt id="nev13710247n1-nev21490087n199">Diameter bearin#@#@#16#-end <dotfill id="nev13710247n1-nev21490087n198"/>mm</ptxt>
</entry>
<entry id="nev13710247n1-nev21490087n197" morerows="0" rotate="0">
<ptxt id="nev13710247n1-nev21490087n196">21.00</ptxt>
</entry>
</row>
<row id="nev13710247n1-nev21490087n195">
<entry id="nev13710247n1-nev21490087n194" morerows="0" rotate="0">
<ptxt id="nev13710247n1-nev21490087n193">Maximum ovality#@#@#20#sses <dotfill id="nev13710247n1-nev21490087n192"/>mm</ptxt>
</entry>
<entry id="nev13710247n1-nev21490087n191" morerows="0" rotate="0">
<ptxt id="nev13710247n1-nev21490087n190">0.006</ptxt>
</entry>
</row>
<row id="nev13710247n1-nev21490087n189">
<entry id="nev13710247n1-nev21490087n188" morerows="0" rotate="0">
<ptxt id="nev13710247n1-nev21490087n187">Length big-end #@#@#7# end <dotfill id="nev13710247n1-nev21490087n186"/>mm</ptxt>
</entry>
<entry id="nev13710247n1-nev21490087n185" morerows="0" rotate="0">
<ptxt id="nev13710247n1-nev21490087n184">147.5</ptxt>
</entry>
</row>
</tbody>
</tgroup>
</table>
</procstep>
<procstep id="nev13710247n1-nev21490087n183" toc-include="yes">
<title id="nev13710247n1-nev21490087n182">Oil pump</title>
<table id="nev13710247n1-nev21490087n181" pgwide="1">
<tgroup cols="2" id="nev13710247n1-nev21490087n180">
<colspec colname="col1" colwidth="1.50*" id="nev13710247n1-nev21490087n179"/>
<colspec colname="col3" colwidth="0.75*" id="nev13710247n1-nev21490087n178"/>
<tbody id="nev13710247n1-nev21490087n177">
<row id="nev13710247n1-nev21490087n176">
<entry id="nev13710247n1-nev21490087n175" morerows="0" rotate="0">
<ptxt id="nev13710247n1-nev21490087n174"/>
</entry>
<entry id="nev13710247n1-nev21490087n173" morerows="0" rotate="0">
<ptxt id="nev13710247n1-nev21490087n172">
<emph etype="bold" id="nev13710247n1-nev21490087n171">B6304T4</emph>
</ptxt>
</entry>
</row>
<row id="nev13710247n1-nev21490087n170">
<entry id="nev13710247n1-nev21490087n169" morerows="0" rotate="0">
<ptxt id="nev13710247n1-nev21490087n168">Flank play Oil pump <dotfill id="nev13710247n1-nev21490087n167"/>mm</ptxt>
</entry>
<entry id="nev13710247n1-nev21490087n166" morerows="0" rotate="0">
<ptxt id="nev13710247n1-nev21490087n165">0.087 ±0.022</ptxt>
</entry>
</row>
</tbody>
</tgroup>
</table>
</procstep>
<procstep id="nev13710247n1-nev21490087n164" toc-include="yes">
<title id="nev13710247n1-nev21490087n163">Oil pressure</title>
<table id="nev13710247n1-nev21490087n162" pgwide="1">
<tgroup cols="2" id="nev13710247n1-nev21490087n161">
<colspec colname="col1" colwidth="0.5*" id="nev13710247n1-nev21490087n160"/>
<colspec colname="col3" colwidth="0.25*" id="nev13710247n1-nev21490087n159"/>
<tbody id="nev13710247n1-nev21490087n158">
<row id="nev13710247n1-nev21490087n157">
<entry id="nev13710247n1-nev21490087n156" morerows="0" rotate="0">
<ptxt id="nev13710247n1-nev21490087n155">13.3 r/s (800 rpm) <dotfill id="nev13710247n1-nev21490087n154"/>Mpa</ptxt>
</entry>
<entry id="nev13710247n1-nev21490087n153" morerows="0" rotate="0">
<ptxt id="nev13710247n1-nev21490087n152">min. 0.10</ptxt>
</entry>
</row>
<row id="nev13710247n1-nev21490087n151">
<entry id="nev13710247n1-nev21490087n150" morerows="0" rotate="0">
<ptxt id="nev13710247n1-nev21490087n149">66.7 r/s (4000 rpm) <dotfill id="nev13710247n1-nev21490087n148"/>Mpa</ptxt>
</entry>
<entry id="nev13710247n1-nev21490087n147" morerows="0" rotate="0">
<ptxt id="nev13710247n1-nev21490087n146">min. 0.35</ptxt>
</entry>
</row>
<row id="nev13710247n1-nev21490087n145">
<entry id="nev13710247n1-nev21490087n144" morerows="0" rotate="0">
<ptxt id="nev13710247n1-nev21490087n143">Maximum oil pre#@#@#26#ens) <dotfill id="nev13710247n1-nev21490087n142"/>Mpa</ptxt>
</entry>
<entry id="nev13710247n1-nev21490087n141" morerows="0" rotate="0">
<ptxt id="nev13710247n1-nev21490087n140">0.45</ptxt>
</entry>
</row>
</tbody>
</tgroup>
</table>
</procstep>
<procstep id="nev13710247n1-nev21490087n139" toc-include="yes">
<title id="nev13710247n1-nev21490087n138">Thermostat</title>
<table id="nev13710247n1-nev21490087n137" pgwide="1">
<tgroup cols="2" id="nev13710247n1-nev21490087n136">
<colspec colname="col1" colwidth="0.5*" id="nev13710247n1-nev21490087n135"/>
<colspec colname="col3" colwidth="0.25*" id="nev13710247n1-nev21490087n134"/>
<tbody id="nev13710247n1-nev21490087n133">
<row id="nev13710247n1-nev21490087n132">
<entry id="nev13710247n1-nev21490087n131" morerows="0" rotate="0">
<ptxt id="nev13710247n1-nev21490087n130">Starts to open at <dotfill id="nev13710247n1-nev21490087n129"/>°C</ptxt>
</entry>
<entry id="nev13710247n1-nev21490087n128" morerows="0" rotate="0">
<ptxt id="nev13710247n1-nev21490087n127">90</ptxt>
</entry>
</row>
<row id="nev13710247n1-nev21490087n126">
<entry id="nev13710247n1-nev21490087n125" morerows="0" rotate="0">
<ptxt id="nev13710247n1-nev21490087n124">Fully open at <dotfill id="nev13710247n1-nev21490087n123"/>°C</ptxt>
</entry>
<entry id="nev13710247n1-nev21490087n122" morerows="0" rotate="0">
<ptxt id="nev13710247n1-nev21490087n121">105</ptxt>
</entry>
</row>
</tbody>
</tgroup>
</table>
</procstep>
<procstep id="nev13710247n1-nev21490087n120" toc-include="yes">
<title id="nev13710247n1-nev21490087n119">Main bearing classes</title>
<grate id="nev13710247n1-nev21490087n118">
<graphic id="nev13710247n1-nev21490087n117">
<href>0900c8af839b857#@#@#11#.jpeg</href>
</graphic>
</grate>
</procstep>
<procstep id="nev13710247n1-nev21490087n116" toc-include="yes">
<title id="nev13710247n1-nev21490087n115"/>
<grate id="nev13710247n1-nev21490087n114">
<graphic id="nev13710247n1-nev21490087n113">
<href>0900c8af839b857#@#@#9#.jpeg</href>
</graphic>
<graphtext id="nev13710247n1-nev21490087n112">
<list1 enumtype="n" id="nev13710247n1-nev21490087n111" type="ordered">
<item id="nev13710247n1-nev21490087n110">
<ptxt id="nev13710247n1-nev21490087n109">Classification #@#@#9#block</ptxt>
</item>
<item id="nev13710247n1-nev21490087n108">
<ptxt id="nev13710247n1-nev21490087n107">Classification #@#@#5#shaft</ptxt>
</item>
<item id="nev13710247n1-nev21490087n106">
<ptxt id="nev13710247n1-nev21490087n105">Cylinder block</ptxt>
</item>
<item id="nev13710247n1-nev21490087n104">
<ptxt id="nev13710247n1-nev21490087n103">Intermediate section</ptxt>
</item>
<item id="nev13710247n1-nev21490087n102">
<ptxt id="nev13710247n1-nev21490087n101">Main bearing</ptxt>
</item>
<item id="nev13710247n1-nev21490087n100">
<ptxt id="nev13710247n1-nev21490087n99">Throw-out bearing</ptxt>
</item>
<item id="nev13710247n1-nev21490087n98">
<ptxt id="nev13710247n1-nev21490087n97">Thickness</ptxt>
</item>
</list1>
</graphtext>
</grate>
</procstep>
</procedure>
</servinfosub>