<?xml version="1.0" encoding="UTF-8"?><servinfosub IE-ID="en-US0900c8af80148e08" docno="VCC-144046" id="KC01169073" xml:lang="en-US">
<title>Governor, replacing</title>
<list1 enumtype="d" type="unordered">
<title>V70 2000-</title>
<item>
<ptxt>For D5252T see <xref>
<ref id="KC07570323"/>
</xref>.</ptxt>
</item>
</list1>
<list1 enumtype="d" type="unordered">
<title>S80</title>
<item>
<ptxt>For D5252T see <xref>
<ref id="KC07570324"/>
</xref>.</ptxt>
</item>
</list1>
<list1 enumtype="d" type="unordered">
<title>S60</title>
<item>
<ptxt>For D5244T, see <xref>
<ref id="KC07570325"/>
</xref>.</ptxt>
</item>
</list1>
<list1 enumtype="d" type="unordered">
<title>V70 2000-</title>
<item>
<ptxt>For D5244T, see <xref>
<ref id="KC07570326"/>
</xref>.</ptxt>
</item>
</list1>
<list1 enumtype="d" type="unordered">
<title>S80</title>
<item>
<ptxt>For D5244T, see <xref>
<ref id="KC07570327"/>
</xref>.</ptxt>
</item>
</list1>
<list1 enumtype="d" type="unordered">
<title>XC90</title>
<item>
<ptxt>For D5244T, see <xref>
<ref id="KC07570328"/>
</xref>.</ptxt>
</item>
</list1>
</servinfosub>