<?xml version="1.0" encoding="UTF-8"?><servinfosub IE-ID="en-US0900c8af8230a71e" docno="VCC-135329" id="KC01142782" xml:lang="en-US">
<title>
<phrase category="" id="KC06126843" phrase-urn="urn:x-nevis:phrase:0800c8af817596a4">Diagnostic trou#@#@#21#ation</phrase>
</title>
<diagnostic j2008use="1" paperuse="1" screenuse="1" type="condition">
<condgrp>
<condition type="condition">
<para>
<ptxt>
<phrase category="" id="KC06126844" phrase-urn="urn:x-nevis:phrase:0800c8af817596a6">Diagnostic trou#@#@#133#CAN).</phrase>
</ptxt>
</para>
</condition>
</condgrp>
<condgrp>
<condition type="substitution">
<list1 enumtype="d" type="unordered">
<item>
<ptxt>
<phrase category="" id="KC06126845" phrase-urn="urn:x-nevis:phrase:0800c8af817596a9">None.</phrase>
</ptxt>
</item>
</list1>
</condition>
<ps>
<list1 enumtype="d" type="unordered">
<item>
<ptxt>
<phrase category="" id="KC06126846" phrase-urn="urn:x-nevis:phrase:0800c8af817596aa">Fault in the Co#@#@#20#CAN).</phrase>
</ptxt>
</item>
</list1>
</ps>
</condgrp>
<condgrp>
<condition type="symptom">
<list1 enumtype="d" type="unordered">
<item>
<ptxt>
<phrase category="Symptom" id="nev10584626n1" phrase-urn="urn:x-nevis:phrase:0800c8af8223cf49">Cruise control #@#@#11#erate</phrase>
</ptxt>
</item>
</list1>
</condition>
</condgrp>
</diagnostic>
</servinfosub>