<?xml version="1.0" encoding="UTF-8"?><servinfosub IE-ID="en-US0900c8af8135971e" docno="VCC-155471" id="KC02992945" xml:lang="en-US">
<title>Protective film#@#@#7#lling</title>
<procedure>
<note>
<ptxt>The illustratio#@#@#176#rect.</ptxt>
</note>
<stepgrp id="KC03087709">
<title>Installation</title>
<procstep id="KC03087710">
<title>Installing prot#@#@#6# film</title>
<grate>
<graphic id="KC03087711">
<href>0900c8af8012639#@#@#9#.jpeg</href>
</graphic>
<graphtext>
<para>
<ptxt>Protective film#@#@#106#over.</ptxt>
</para>
<para>
<ptxt>Clean the surfa#@#@#88#tion.</ptxt>
</para>
<para>
<ptxt>Use protective #@#@#13#1089.</ptxt>
<ptxt>Cut a piece tha#@#@#36#(B). </ptxt>
</para>
<para>
<ptxt>Install the pro#@#@#68#ding.</ptxt>
<ptxt>Ensure that the#@#@#63#ork. </ptxt>
</para>
</graphtext>
</grate>
</procstep>
</stepgrp>
</procedure>
</servinfosub>