<?xml version="1.0" encoding="UTF-8"?><servinfosub IE-ID="en-US0900c8af8047d71e" docno="VCC-064511" id="KC01508211" xml:lang="en-US">
<title>Replacing boot #@#@#9#nents</title>
<procedure opcode="1234" opnbr="1234">
<procstep id="KC01505555">
<title>Removing/instal#@#@#14#cover</title>
<grate>
<graphic id="KC07054445">
<href>0900c8af80125ea#@#@#9#.jpeg</href>
</graphic>
<graphtext>
<list1 enumtype="d" type="unordered">
<item>
<ptxt>Remove boot lid#@#@#2#anel.</ptxt>
</item>
<item>
<ptxt>Unscrew clips (#@#@#22#move.</ptxt>
</item>
<item>
<ptxt>Check the clips.</ptxt>
</item>
</list1>
</graphtext>
</grate>
</procstep>
<procstep id="KC01597423">
<title>Removing boot l#@#@#12#anism</title>
<grate>
<graphic id="KC07054446">
<href>0900c8af80125ea#@#@#9#.jpeg</href>
</graphic>
<graphtext>
<list1 enumtype="d" type="unordered">
<item>
<ptxt>Remove the cove#@#@#12#tion <xref>
<ref id="KC07054447"/>
</xref>.</ptxt>
</item>
<item>
<ptxt>Disconnect the #@#@#38#lamp.</ptxt>
</item>
<item>
<ptxt>Undo the three #@#@#39#lock.</ptxt>
</item>
<item>
<ptxt>Remove the conn#@#@#2#tors.</ptxt>
</item>
</list1>
</graphtext>
</grate>
</procstep>
<procstep>
<title>Installing boot#@#@#14#anism</title>
<list1 enumtype="d">
<item>
<ptxt>Transfer the co#@#@#8# rod.</ptxt>
</item>
<item>
<ptxt>Connect the wir#@#@#11#lock.</ptxt>
</item>
<item>
<ptxt>Place the lock #@#@#16#0 Nm.</ptxt>
</item>
<item>
<ptxt>Place the conne#@#@#115#lamp.</ptxt>
</item>
<item>
<ptxt>Check function.</ptxt>
</item>
</list1>
<note>
<ptxt>When adjusting #@#@#110#ible.</ptxt>
</note>
</procstep>
<procstep id="KC01597424">
<title>Removing boot l#@#@#11#inder</title>
<grate>
<graphic id="KC07054448">
<href>0900c8af80125ea#@#@#9#.jpeg</href>
</graphic>
<graphtext>
<list1 enumtype="d" type="unordered">
<item>
<ptxt>Remove the cove#@#@#12#tion <xref>
<ref id="KC07054449"/>
</xref>.</ptxt>
</item>
<item>
<ptxt>Disconnect the #@#@#25# rod.</ptxt>
</item>
<item>
<ptxt>Remove the pull#@#@#14#lock.</ptxt>
</item>
<item>
<ptxt>Remove the nuts#@#@#1#(4x).</ptxt>
</item>
<item>
<ptxt>Push out lock c#@#@#37#ctor.</ptxt>
</item>
<item>
<ptxt>Install in reve#@#@#4#order</ptxt>
</item>
</list1>
<note>
<ptxt>When adjusting #@#@#110#ible.</ptxt>
</note>
</graphtext>
</grate>
</procstep>
<procstep>
<title>Installing boot#@#@#13#inder</title>
<note>
<ptxt>The lock cylind#@#@#53#part.</ptxt>
</note>
<list1 enumtype="d">
<item>
<ptxt>Place the lock #@#@#46#uts.
</ptxt>
</item>
<item>
<ptxt>Place the conne#@#@#37#just.</ptxt>
<note>
<ptxt>When adjusting #@#@#110#ible.</ptxt>
</note>
</item>
<item>
<ptxt>Check function.</ptxt>
</item>
<item>
<ptxt>Install the cov#@#@#4#anel.</ptxt>
</item>
</list1>
</procstep>
<procstep id="KC01597425">
<title>Adjusting boot #@#@#9# lock</title>
<grate>
<graphic id="KC07054450">
<href>0900c8af80125eb#@#@#9#.jpeg</href>
</graphic>
<graphtext>
<list1 enumtype="d" type="unordered">
<item>
<ptxt>Loosen the bolt#@#@#76#0 Nm.</ptxt>
</item>
</list1>
<para>
<ptxt>The height of t#@#@#33#inge.</ptxt>
</para>
<list1 enumtype="d" type="unordered">
<item>
<ptxt>Also adjust the#@#@#106#erly.</ptxt>
</item>
</list1>
</graphtext>
</grate>
</procstep>
</procedure>
</servinfosub>