<?xml version="1.0" encoding="UTF-8"?><servinfosub IE-ID="en-US0900c8af83d3710a" docno="VCC-320176" id="nev12639592n1" original="sv-SE" xml:lang="en-US">
<title id="nev12639592n2">Positioning saf#@#@#5#abels</title>
<imagedisclaimer id="nev12640064n248"/>
<procedure id="nev12640064n247">
<stepgrp id="nev12640064n246">
<note id="nev12640064n243">
<ptxt id="nev12640064n242">The labels may #@#@#14#ance.</ptxt>
</note>
<procstep id="nev12640064n245">
<title id="nev12642598n232">Windshield</title>
<grate id="nev12640064n232">
<graphic id="nev12640064n231">
<href>0900c8af80445c2#@#@#9#.jpeg</href>
</graphic>
<graphtext id="nev12640064n227">
<para id="nev12640064n226">
<ptxt id="nev12640064n225">This label indi#@#@#99#rbag.</ptxt>
</para>
</graphtext>
</grate>
</procstep>
<procstep id="nev12640064n237">
<title id="nev12640064n236">Dashboard end d#@#@#7# side</title>
<grate id="nev12640064n223">
<graphic id="nev12640064n222">
<href>0900c8af80445c3#@#@#9#.jpeg</href>
</graphic>
<graphtext id="nev12640064n218">
<para id="nev12640195n158">
<ptxt id="nev12640195n126">The decal warns#@#@#81#ats. </ptxt>
</para>
</graphtext>
</grate>
</procstep>
<procstep id="nev12640064n216">
<title id="nev12640064n215">Dashboard end p#@#@#8# side</title>
<grate id="nev12640064n214">
<graphic id="nev12640064n213">
<href>0900c8af80445c3#@#@#9#.jpeg</href>
</graphic>
<graphtext id="nev12640064n209">
<para id="nev12640064n208">
<ptxt id="nev12640064n207">This decal warn#@#@#55#eat. </ptxt>
</para>
<warning id="nev12642598n204">
<ptxt id="nev12642598n194">Never install a#@#@#88#rbag.</ptxt>
</warning>
</graphtext>
</grate>
</procstep>
<procstep id="nev12640064n202">
<title id="nev12640064n201">Dashboard at fr#@#@#15#irbag</title>
<grate id="nev12640064n200">
<graphic id="nev12640064n199">
<href>0900c8af80445c2#@#@#9#.jpeg</href>
</graphic>
</grate>
</procstep>
<procstep id="nev12640064n195">
<title id="nev12640064n194">Sun visor, closed</title>
<grate id="nev12640064n193">
<graphic id="nev12640064n192">
<href>0900c8af8005a47#@#@#9#.jpeg</href>
</graphic>
<graphtext id="nev12640064n176">
<para id="nev12640064n175">
<ptxt id="nev12640064n174">This decal warn#@#@#54#seat.</ptxt>
</para>
<warning id="nev12642598n160">
<ptxt id="nev12642598n156">Never install a#@#@#88#rbag.</ptxt>
</warning>
</graphtext>
</grate>
</procstep>
<procstep id="nev12640064n188">
<title id="nev12640064n187">Sun visor, fold#@#@#2# down</title>
<grate id="nev12640064n186">
<graphic id="nev12640064n185">
<href>0900c8af8005a7f#@#@#9#.jpeg</href>
</graphic>
</grate>
</procstep>
</stepgrp>
</procedure>
</servinfosub>