<?xml version="1.0" encoding="UTF-8"?><servinfosub IE-ID="en-US0900c8af8014610a" docno="VCC-141594" id="KC01173971" xml:lang="en-US">
<title>Waste paper bas#@#@#18#acing</title>
<procedure>
<stepgrp id="KC01173972">
<procstep id="KC01173973">
<title>Removing the wa#@#@#11#asket</title>
<grate>
<graphic id="KC08949956">
<href>0900c8af8005cd4#@#@#9#.jpeg</href>
</graphic>
<graphtext>
<para>
<ptxt>
<emph>Remove:</emph>
</ptxt>
</para>
<list1 enumtype="d">
<item>
<ptxt>the waste paper#@#@#19#acket</ptxt>
</item>
<item>
<ptxt>the bracket.</ptxt>
</item>
</list1>
</graphtext>
</grate>
</procstep>
<procstep id="KC01173974">
<title>Removing the ra#@#@#7#phone</title>
<para>
<ptxt>Remove the radi#@#@#16#VIDA:</ptxt>
<ptxt>Repair and inst#@#@#3#ation</ptxt>
<ptxt>Function group 39</ptxt>
<ptxt>Radio/carphone</ptxt>
</para>
</procstep>
<procstep id="KC01173975">
<title>Removing the mo#@#@#1#nting</title>
<grate>
<graphic id="KC08949957">
<href>0900c8af8005cd3#@#@#9#.jpeg</href>
</graphic>
<graphtext>
<para>
<ptxt>Drill out the p#@#@#37#se a <emph>5 mm
</emph> drill bit.</ptxt>
<ptxt>Remove the mounting.</ptxt>
</para>
</graphtext>
</grate>
</procstep>
</stepgrp>
<stepgrp id="KC01173976">
<procstep id="KC01173977">
<title>Installing a ne#@#@#5#nting</title>
<grate>
<graphic id="KC08949958">
<href>0900c8af8005cd3#@#@#9#.jpeg</href>
</graphic>
<graphtext>
<para>
<ptxt>Install the <emph>new </emph> mounting using#@#@#7#vets.</ptxt>
</para>
</graphtext>
</grate>
</procstep>
<procstep id="KC01173978">
<title>Installing the #@#@#2#acket</title>
<grate>
<graphic id="KC08949959">
<href>0900c8af8005cd3#@#@#9#.jpeg</href>
</graphic>
<graphtext>
<para>
<ptxt>
<emph>Install:</emph>
</ptxt>
</para>
<list1 enumtype="d">
<item>
<ptxt>the short screw#@#@#32#acket</ptxt>
</item>
<item>
<ptxt>the longer scre#@#@#17#e (2)</ptxt>
</item>
<item>
<ptxt>a washer on the#@#@#11#w (1)</ptxt>
</item>
<item>
<ptxt>three washers o#@#@#16# (2).</ptxt>
</item>
</list1>
<note>
<ptxt>The washers mus#@#@#50#ard.
</ptxt>
</note>
<para>
<ptxt>Position the mo#@#@#24#ws a <emph>¼ turn</emph>.
</ptxt>
<ptxt>Install the was#@#@#11#sket.</ptxt>
</para>
</graphtext>
</grate>
</procstep>
<procstep id="KC01173979">
<title>Installing the #@#@#9#phone</title>
<para>
<ptxt>Reinstall the r#@#@#19#VIDA:</ptxt>
<ptxt>Repair and inst#@#@#3#ation</ptxt>
<ptxt>Function group 39</ptxt>
<ptxt>Radio/carphone</ptxt>
</para>
</procstep>
</stepgrp>
</procedure>
</servinfosub>