<?xml version="1.0" encoding="UTF-8"?><servinfosub IE-ID="en-US0800c8af80a2ff08" docno="T9988687" id="ST-0800c8af80a2ff08" xml:lang="en-US">
<title>998 8687 JUNCTI#@#@#2# BOX </title>
<grate>
<graphic id="0900c8af8005433e"/>
<graphtext>
<deflist>
<defitem>
<term>Tool number:</term>
<def>998 8687-1</def>
</defitem>
<defitem>
<term>Tool description:</term>
<def>JUNCTION BOX (S#@#@#4#TOOL)</def>
</defitem>
<defitem>
<term>Tool board:</term>
<def/>
</defitem>
</deflist>
</graphtext>
</grate>
</servinfosub>