<?xml version="1.0" encoding="UTF-8"?><servinfosub IE-ID="en-US0900c8af864d3f08" docno="VCC-448249" id="nev17801444n1" original="sv-SE" servinfosubId="nev20689044n1-nev20689044n2" servinfosubRes="0900c8af864d3f0c" servinfosubRes2="urn:x-nevis:fragment:0900c8af864d3f08:0900c8af864d3f0c#nev20689044n2" xml:lang="en-US">
<title id="nev17801444n2">Function</title>
<topic id="nev20689044n1-nev17801444n3">
<title id="nev20689044n1-nev17801444n4">ABS function</title>
<grate id="nev20689044n1-nev17801444n5" pgwide="1">
<graphic id="nev20689044n1-nev17801444n6">
<href>0900c8af8005ba8#@#@#9#.jpeg</href>
</graphic>
</grate>
<para id="nev20689044n1-nev17801444n7">
<ptxt id="nev20689044n1-nev17801444n8">The brake contr#@#@#377#tems.</ptxt>
<ptxt id="nev20689044n1-nev17801444n9">During braking,#@#@#300#trol.</ptxt>
<ptxt id="nev20689044n1-nev17801444n10">If the brake co#@#@#154#k-up.</ptxt>
</para>
<para id="nev20689044n1-nev17801445n1">
<ptxt id="nev20689044n1-nev17801445n2">The pressure in#@#@#135#face.</ptxt>
<ptxt id="nev20689044n1-nev17801445n3">The ABS functio#@#@#227#iver.</ptxt>
</para>
<list1 enumtype="n" id="nev20689044n1-nev17801445n4" type="ordered">
<title id="nev20689044n1-nev17801445n5">ABS control can#@#@#34#teps:</title>
<item id="nev20689044n1-nev17801445n6">
<ptxt id="nev20689044n1-nev17801445n7">
<emph etype="bold" id="nev20689044n1-nev17801445n8">Open mode (pres#@#@#10#-up).</emph> This is the no#@#@#153#heel.</ptxt>
</item>
<item id="nev20689044n1-nev17801445n9">
<ptxt id="nev20689044n1-nev17801445n10">
<emph etype="bold" id="nev20689044n1-nev17801446n1">Pressure mainte#@#@#26#ing).</emph> When the brake#@#@#302#hase.</ptxt>
</item>
<item id="nev20689044n1-nev17801446n2">
<ptxt id="nev20689044n1-nev17801446n3">
<emph etype="bold" id="nev20689044n1-nev17801446n4">Pressure reduct#@#@#21#ump).</emph> The intake val#@#@#326#mode.</ptxt>
</item>
</list1>
<para id="nev20689044n1-nev17801446n5">
<ptxt id="nev20689044n1-nev17801446n6">Steps 1, 2 and #@#@#59#ases.</ptxt>
</para>
</topic>
<topic id="nev20689044n1-nev17801446n7">
<title id="nev20689044n1-nev17801446n8">ABS control</title>
<grate id="nev20689044n1-nev17801446n9" pgwide="1">
<title id="nev20689044n1-nev17801446n10">No braking</title>
<graphic id="nev20689044n1-nev17801447n1">
<href>0900c8af8005ba5#@#@#9#.jpeg</href>
</graphic>
</grate>
<para id="nev20689044n1-nev17801447n2">
<ptxt id="nev20689044n1-nev17801447n3">The brake syste#@#@#422#osed.</ptxt>
</para>
<grate id="nev20689044n1-nev17801447n4" pgwide="1">
<title id="nev20689044n1-nev17801447n5">Braking without#@#@#12#ction</title>
<graphic id="nev20689044n1-nev17801447n6">
<href>0900c8af8005ba5#@#@#9#.jpeg</href>
</graphic>
</grate>
<para id="nev20689044n1-nev17801447n7">
<ptxt id="nev20689044n1-nev17801447n8">When the brake #@#@#420#iscs.</ptxt>
<ptxt id="nev20689044n1-nev17801447n9">When the brake #@#@#277#ings.</ptxt>
</para>
<grate id="nev20689044n1-nev17801447n10" pgwide="1">
<title id="nev20689044n1-nev17801448n1">Braking with th#@#@#9#ction</title>
<graphic id="nev20689044n1-nev17801448n2">
<href>0900c8af8005ba5#@#@#9#.jpeg</href>
</graphic>
</grate>
<para id="nev20689044n1-nev17801448n3">
<ptxt id="nev20689044n1-nev17801448n4">When a wheel st#@#@#379#time.</ptxt>
<ptxt id="nev20689044n1-nev17801448n5">If the wheel st#@#@#383#nder.</ptxt>
<ptxt id="nev20689044n1-nev17801448n6">Once accelerati#@#@#700#lves.</ptxt>
</para>
<para id="nev20689044n1-nev17801448n7">
<ptxt id="nev20689044n1-nev17801448n8">When the pump i#@#@#143#tive.</ptxt>
</para>
<para id="nev20689044n1-nev17801448n9">
<ptxt id="nev20689044n1-nev17801448n10">The hydraulic p#@#@#111#tied.</ptxt>
</para>
</topic>
<topic id="nev20689044n1-nev17801449n1">
<title id="nev20689044n1-nev17801449n2">EBD function</title>
<grate id="nev20689044n1-nev17801449n3" pgwide="1">
<graphic id="nev20689044n1-nev17801449n4">
<href>0900c8af8005ba3#@#@#9#.jpeg</href>
</graphic>
</grate>
<para id="nev20689044n1-nev17801449n5">
<ptxt id="nev20689044n1-nev17801449n6">The EBD functio#@#@#310#nner.</ptxt>
<ptxt id="nev20689044n1-nev17801449n7">The brake contr#@#@#114#cuit.</ptxt>
</para>
<para id="nev20689044n1-nev17801449n8">
<ptxt id="nev20689044n1-nev17801449n9">Brake pressure #@#@#254#ting.</ptxt>
</para>
<para id="nev20689044n1-nev17801449n10">
<ptxt id="nev20689044n1-nev17801450n1">In general, the#@#@#258#spin.</ptxt>
</para>
<para id="nev20689044n1-nev17801450n2">
<ptxt id="nev20689044n1-nev17801450n3">Because EBD con#@#@#193#tors.</ptxt>
</para>
</topic>
<topic id="nev20689044n1-nev17801450n4">
<title id="nev20689044n1-nev17801450n5">the DSTC/ESC system</title>
<list1 enumtype="d" id="nev20689044n1-nev17801450n6" type="unordered">
<title id="nev20689044n1-nev17801450n7">The DSTC/ESC sy#@#@#29#arts:</title>
<item id="nev20689044n1-nev17801450n8">
<ptxt id="nev20689044n1-nev17801450n9">stability control</ptxt>
</item>
<item id="nev20689044n1-nev17801450n10">
<ptxt id="nev20689044n1-nev17801451n1">traction control</ptxt>
</item>
<item id="nev20689044n1-nev17801451n2">
<ptxt id="nev20689044n1-nev17801451n3">active yaw control</ptxt>
</item>
<item id="nev20689044n1-nev17801451n4">
<ptxt id="nev20689044n1-nev17801451n5">roll control (R#@#@#22#trol)</ptxt>
</item>
<item id="nev20689044n1-nev17801451n6">
<ptxt id="nev20689044n1-nev17801451n7">trailer stabili#@#@#35#sist)</ptxt>
</item>
</list1>
<para id="nev20689044n1-nev17801451n8">
<ptxt id="nev20689044n1-nev17801451n9">For information#@#@#203#tion.</ptxt>
</para>
</topic>
<topic id="nev20689044n1-nev17801451n10">
<title id="nev20689044n1-nev17801452n1">Stability control</title>
<para id="nev20689044n1-nev17801452n2">
<ptxt id="nev20689044n1-nev17801452n3">Stability is co#@#@#316#tion.</ptxt>
</para>
<grate id="nev20689044n1-nev17801452n4" pgwide="1">
<graphic id="nev20689044n1-nev17801452n5">
<href>0900c8af85923d1#@#@#10#.jpeg</href>
</graphic>
</grate>
<para id="nev20689044n1-nev17801452n9">
<ptxt id="nev20689044n1-nev17801453n1">Stability contr#@#@#195#ding.</ptxt>
</para>
</topic>
<topic id="nev20689044n1-nev17801453n2">
<title id="nev20689044n1-nev17801453n3">Traction control</title>
<grate id="nev20689044n1-nev17801453n4" pgwide="1">
<title id="nev20689044n1-nev17801453n5">General</title>
<graphic id="nev20689044n1-nev17801453n6">
<href>0900c8af8005ba3#@#@#9#.jpeg</href>
</graphic>
</grate>
<table frame="all" id="nev20689044n1-nev17801453n7" pgwide="1">
<title id="nev20689044n1-nev17801453n8">Components</title>
<tgroup cols="4" id="nev20689044n1-nev17801453n9">
<colspec colname="col1" colwidth="8*" id="nev20689044n1-nev17801453n10"/>
<colspec colname="col2" colnum="" colwidth="42*" id="nev20689044n1-nev17801454n1"/>
<colspec colname="col3" colwidth="8*" id="nev20689044n1-nev17801454n2"/>
<colspec colname="col4" colwidth="42*" id="nev20689044n1-nev17801454n3"/>
<tbody id="nev20689044n1-nev17801454n4">
<row id="nev20689044n1-nev17801454n5">
<entry id="nev20689044n1-nev17801454n6" morerows="0" rotate="0">
<ptxt id="nev20689044n1-nev17801454n7">1</ptxt>
</entry>
<entry id="nev20689044n1-nev17801454n8" morerows="0" rotate="0">
<ptxt id="nev20689044n1-nev17801454n9">SV valve (separ#@#@#22# open</ptxt>
</entry>
<entry id="nev20689044n1-nev17801454n10" morerows="0" rotate="0">
<ptxt id="nev20689044n1-nev17801455n1">5</ptxt>
</entry>
<entry id="nev20689044n1-nev17801455n2" morerows="0" rotate="0">
<ptxt id="nev20689044n1-nev17801455n3">Intake valve, n#@#@#7# open</ptxt>
</entry>
</row>
<row id="nev20689044n1-nev17801455n4">
<entry id="nev20689044n1-nev17801455n5" morerows="0" rotate="0">
<ptxt id="nev20689044n1-nev17801455n6">2</ptxt>
</entry>
<entry id="nev20689044n1-nev17801455n7" morerows="0" rotate="0">
<ptxt id="nev20689044n1-nev17801455n8">ESV valve (elec#@#@#33#losed</ptxt>
</entry>
<entry id="nev20689044n1-nev17801455n9" morerows="0" rotate="0">
<ptxt id="nev20689044n1-nev17801455n10">6</ptxt>
</entry>
<entry id="nev20689044n1-nev17801456n1" morerows="0" rotate="0">
<ptxt id="nev20689044n1-nev17801456n2">Pressure equalizer</ptxt>
</entry>
</row>
<row id="nev20689044n1-nev17801456n3">
<entry id="nev20689044n1-nev17801456n4" morerows="0" rotate="0">
<ptxt id="nev20689044n1-nev17801456n5">3</ptxt>
</entry>
<entry id="nev20689044n1-nev17801456n6" morerows="0" rotate="0">
<ptxt id="nev20689044n1-nev17801456n7">Hydraulic pump</ptxt>
</entry>
<entry id="nev20689044n1-nev17801456n8" morerows="0" rotate="0">
<ptxt id="nev20689044n1-nev17801456n9">7</ptxt>
</entry>
<entry id="nev20689044n1-nev17801456n10" morerows="0" rotate="0">
<ptxt id="nev20689044n1-nev17801457n1">By-pass valve</ptxt>
</entry>
</row>
<row id="nev20689044n1-nev17801457n2">
<entry id="nev20689044n1-nev17801457n3" morerows="0" rotate="0">
<ptxt id="nev20689044n1-nev17801457n4">4</ptxt>
</entry>
<entry id="nev20689044n1-nev17801457n5" morerows="0" rotate="0">
<ptxt id="nev20689044n1-nev17801457n6">Outlet valve, n#@#@#9#losed</ptxt>
</entry>
<entry id="nev20689044n1-nev17801457n7" morerows="0" rotate="0">
<ptxt id="nev20689044n1-nev17801457n8">8</ptxt>
</entry>
<entry id="nev20689044n1-nev17801457n9" morerows="0" rotate="0">
<ptxt id="nev20689044n1-nev17801457n10">Non-return valve</ptxt>
</entry>
</row>
</tbody>
</tgroup>
</table>
<para id="nev20689044n1-nev17801458n1">
<ptxt id="nev20689044n1-nev17801458n2">Traction contro#@#@#31#stem.</ptxt>
<ptxt id="nev20689044n1-nev17801458n3">The system is p#@#@#189#mph).</ptxt>
<ptxt id="nev20689044n1-nev17801458n4">If the brake co#@#@#550#tput.</ptxt>
<ptxt id="nev20689044n1-nev17801458n5">On vehicles wit#@#@#971#stem.</ptxt>
</para>
<grate id="nev20689044n1-nev17801458n6" pgwide="1">
<title id="nev20689044n1-nev17801458n7">No traction control</title>
<graphic id="nev20689044n1-nev17801458n8">
<href>0900c8af8005ba5#@#@#9#.jpeg</href>
</graphic>
</grate>
<para id="nev20689044n1-nev17801458n9">
<ptxt id="nev20689044n1-nev17801458n10">If no drive whe#@#@#423#osed.</ptxt>
</para>
<grate id="nev20689044n1-nev17801459n1" pgwide="1">
<title id="nev20689044n1-nev17801459n2">Traction contro#@#@#38#nning</title>
<graphic id="nev20689044n1-nev17801459n3">
<href>0900c8af8005ba6#@#@#9#.jpeg</href>
</graphic>
</grate>
<para id="nev20689044n1-nev17801459n4">
<ptxt id="nev20689044n1-nev17801459n5">If one or more #@#@#860#orce.</ptxt>
</para>
<para id="nev20689044n1-nev17801459n6">
<ptxt id="nev20689044n1-nev17801459n7">Since the pump #@#@#183#pump.</ptxt>
<ptxt id="nev20689044n1-nev17801459n8">Once the spinni#@#@#456#alve.</ptxt>
</para>
<list1 enumtype="d" id="nev20689044n1-nev17801459n9" type="unordered">
<title id="nev20689044n1-nev17801459n10">This control ke#@#@#74#curs:</title>
<item id="nev20689044n1-nev17801460n1">
<ptxt id="nev20689044n1-nev17801460n2">the spin tends #@#@#54#rface</ptxt>
</item>
<item id="nev20689044n1-nev17801460n3">
<ptxt id="nev20689044n1-nev17801460n4">control is term#@#@#64#ating</ptxt>
</item>
<item id="nev20689044n1-nev17801460n5">
<ptxt id="nev20689044n1-nev17801460n6">the vehicle is #@#@#1#raked</ptxt>
</item>
<item id="nev20689044n1-nev17801460n7">
<ptxt id="nev20689044n1-nev17801460n8">the vehicle rea#@#@#41#ases.</ptxt>
</item>
</list1>
<para id="nev20689044n1-nev17801460n9">
<ptxt id="nev20689044n1-nev17801460n10">The SV valve is#@#@#53#cess.</ptxt>
<ptxt id="nev20689044n1-nev17801461n1">Activating the #@#@#309#ator.</ptxt>
<ptxt id="nev20689044n1-nev17801461n2">The traction co#@#@#583#mph).</ptxt>
</para>
</topic>
<topic id="nev20689044n1-nev17801461n3">
<title id="nev20689044n1-nev17801461n4">Active yaw control</title>
<grate id="nev20689044n1-nev17801461n5" pgwide="1">
<graphic id="nev20689044n1-nev17801461n7">
<href>0900c8af858ebd7#@#@#11#.jpeg</href>
</graphic>
</grate>
<para id="nev20689044n1-nev17801464n3">
<ptxt id="nev20689044n1-nev17801464n4">The brake contr#@#@#108#SAS).</ptxt>
</para>
<para id="nev20689044n1-nev17801464n5">
<ptxt id="nev20689044n1-nev17801464n6">When the differ#@#@#460#skid.</ptxt>
<ptxt id="nev20689044n1-nev17801464n7">For information#@#@#106#SAS).</ptxt>
</para>
<grate id="nev20689044n1-nev17801464n8" pgwide="1">
<graphic id="nev20689044n1-nev17801464n9">
<href>0900c8af8005ba3#@#@#9#.jpeg</href>
</graphic>
</grate>
<table frame="all" id="nev20689044n1-nev17801464n10" pgwide="1">
<title id="nev20689044n1-nev17801465n1">Components</title>
<tgroup cols="4" id="nev20689044n1-nev17801465n2">
<colspec colname="col1" colnum="" colwidth="8*" id="nev20689044n1-nev17801465n3"/>
<colspec colname="col2" colwidth="42*" id="nev20689044n1-nev17801465n4"/>
<colspec colname="col3" colwidth="8*" id="nev20689044n1-nev17801465n5"/>
<colspec colname="col4" colwidth="42*" id="nev20689044n1-nev17801465n6"/>
<tbody id="nev20689044n1-nev17801465n7">
<row id="nev20689044n1-nev17801465n8">
<entry id="nev20689044n1-nev17801465n9" morerows="0" rotate="0">
<ptxt id="nev20689044n1-nev17801465n10">1</ptxt>
</entry>
<entry id="nev20689044n1-nev17801466n1" morerows="0" rotate="0">
<ptxt id="nev20689044n1-nev17801466n2">SV valve (separ#@#@#22# open</ptxt>
</entry>
<entry id="nev20689044n1-nev17801466n3" morerows="0" rotate="0">
<ptxt id="nev20689044n1-nev17801466n4">5</ptxt>
</entry>
<entry id="nev20689044n1-nev17801466n5" morerows="0" rotate="0">
<ptxt id="nev20689044n1-nev17801466n6">Intake valve, n#@#@#7# open</ptxt>
</entry>
</row>
<row id="nev20689044n1-nev17801466n7">
<entry id="nev20689044n1-nev17801466n8" morerows="0" rotate="0">
<ptxt id="nev20689044n1-nev17801466n9">2</ptxt>
</entry>
<entry id="nev20689044n1-nev17801466n10" morerows="0" rotate="0">
<ptxt id="nev20689044n1-nev17801467n1">ESV valve (elec#@#@#33#losed</ptxt>
</entry>
<entry id="nev20689044n1-nev17801467n2" morerows="0" rotate="0">
<ptxt id="nev20689044n1-nev17801467n3">6</ptxt>
</entry>
<entry id="nev20689044n1-nev17801467n4" morerows="0" rotate="0">
<ptxt id="nev20689044n1-nev17801467n5">Pressure equalizer</ptxt>
</entry>
</row>
<row id="nev20689044n1-nev17801467n6">
<entry id="nev20689044n1-nev17801467n7" morerows="0" rotate="0">
<ptxt id="nev20689044n1-nev17801467n8">3</ptxt>
</entry>
<entry id="nev20689044n1-nev17801467n9" morerows="0" rotate="0">
<ptxt id="nev20689044n1-nev17801467n10">Hydraulic pump</ptxt>
</entry>
<entry id="nev20689044n1-nev17801468n1" morerows="0" rotate="0">
<ptxt id="nev20689044n1-nev17801468n2">7</ptxt>
</entry>
<entry id="nev20689044n1-nev17801468n3" morerows="0" rotate="0">
<ptxt id="nev20689044n1-nev17801468n4">By-pass valve</ptxt>
</entry>
</row>
<row id="nev20689044n1-nev17801468n5">
<entry id="nev20689044n1-nev17801468n6" morerows="0" rotate="0">
<ptxt id="nev20689044n1-nev17801468n7">4</ptxt>
</entry>
<entry id="nev20689044n1-nev17801468n8" morerows="0" rotate="0">
<ptxt id="nev20689044n1-nev17801468n9">Outlet valve, n#@#@#9#losed</ptxt>
</entry>
<entry id="nev20689044n1-nev17801468n10" morerows="0" rotate="0">
<ptxt id="nev20689044n1-nev17801469n1">8</ptxt>
</entry>
<entry id="nev20689044n1-nev17801469n2" morerows="0" rotate="0">
<ptxt id="nev20689044n1-nev17801469n3">Non-return valve</ptxt>
</entry>
</row>
</tbody>
</tgroup>
</table>
<para id="nev20689044n1-nev17801469n4">
<ptxt id="nev20689044n1-nev17801469n5">During AYC, in #@#@#600#trol.</ptxt>
</para>
<para id="nev20689044n1-nev17801469n6">
<ptxt id="nev20689044n1-nev17801469n7">If the driver d#@#@#212#trol.</ptxt>
<ptxt id="nev20689044n1-nev17801469n8">The calculation#@#@#91# for:</ptxt>
</para>
<list1 enumtype="d" id="nev20689044n1-nev17801469n9" type="unordered">
<item id="nev20689044n1-nev17801469n10">
<ptxt id="nev20689044n1-nev17801470n1">Active yaw cont#@#@#4#(AYC)</ptxt>
</item>
<item id="nev20689044n1-nev17801470n2">
<ptxt id="nev20689044n1-nev17801470n3">ABS</ptxt>
</item>
<item id="nev20689044n1-nev17801470n4">
<ptxt id="nev20689044n1-nev17801470n5">EBD</ptxt>
</item>
<item id="nev20689044n1-nev17801470n6">
<ptxt id="nev20689044n1-nev17801470n7">Stability control</ptxt>
</item>
</list1>
</topic>
<topic id="nev20689044n1-nev17801470n8">
<title id="nev20689044n1-nev17801470n9">Engine Drag Con#@#@#5#(EDC)</title>
<para id="nev20689044n1-nev17801470n10">
<ptxt id="nev20689044n1-nev17801471n1">Engine Drag Con#@#@#491#aces.</ptxt>
</para>
</topic>
<topic id="nev20689044n1-nev17801471n2">
<title id="nev20689044n1-nev17801471n3">AYC function, o#@#@#6#ering</title>
<grate id="nev20689044n1-nev17801471n4" pgwide="1">
<graphic id="nev20689044n1-nev17801471n5">
<href>0900c8af8339e7c#@#@#11#.jpeg</href>
</graphic>
</grate>
<para id="nev20689044n1-nev17801471n6">
<ptxt id="nev20689044n1-nev17801471n7">Oversteering, w#@#@#256#trol.</ptxt>
<ptxt id="nev20689044n1-nev17801471n8">In the example #@#@#501# CAN.</ptxt>
</para>
</topic>
<topic id="nev20689044n1-nev17801471n9">
<title id="nev20689044n1-nev17801471n10">AYC function, u#@#@#7#ering</title>
<grate id="nev20689044n1-nev17801472n1" pgwide="1">
<graphic id="nev20689044n1-nev17801472n2">
<href>0900c8af8339e7e#@#@#11#.jpeg</href>
</graphic>
</grate>
<para id="nev20689044n1-nev17801472n3">
<ptxt id="nev20689044n1-nev17801472n4">Understeering i#@#@#256# CAN.</ptxt>
<ptxt id="nev20689044n1-nev17801472n5">In the example #@#@#351# C4).</ptxt>
</para>
</topic>
<topic id="nev20689044n1-nev17801472n6">
<title id="nev20689044n1-nev17801472n7">Roll control RSC</title>
<para id="nev20689044n1-nev17801472n8">
<ptxt id="nev20689044n1-nev17801472n9">Roll control RS#@#@#83#peed.</ptxt>
<ptxt id="nev20689044n1-nev17801472n10">If the driver s#@#@#180#stem.</ptxt>
</para>
</topic>
<topic id="nev20689044n1-nev17801473n1">
<title id="nev20689044n1-nev17801473n2">Advanced stabil#@#@#12#(ASC)</title>
<para id="nev20689044n1-nev17801473n3">
<ptxt id="nev20689044n1-nev17801473n4">The function Ad#@#@#236#stem.</ptxt>
</para>
</topic>
<topic id="nev20689044n1-nev17801473n5">
<title id="nev20689044n1-nev17801473n6">DSTC/ESC sport mode</title>
<para id="nev20689044n1-nev17801473n7">
<ptxt id="nev20689044n1-nev17801473n8">To permit more #@#@#310#ICM).</ptxt>
</para>
</topic>
<topic id="nev20689044n1-nev17801473n9">
<title id="nev20689044n1-nev17801473n10">Other functions</title>
<para id="nev20689044n1-nev17801474n1">
<ptxt id="nev20689044n1-nev17801474n2">The Mark 25E1 b#@#@#94#ions.</ptxt>
</para>
<para id="nev20689044n1-nev17801474n3">
<ptxt id="nev20689044n1-nev17801474n4">
<emph etype="bold" id="nev20689044n1-nev17801474n5">Brake assistance</emph>
</ptxt>
<ptxt id="nev20689044n1-nev17801474n6">Emergency brake#@#@#870#aged.</ptxt>
</para>
<para id="nev20689044n1-nev17801474n7">
<ptxt id="nev20689044n1-nev17801474n8">
<emph etype="bold" id="nev20689044n1-nev17801474n9">Hill descent co#@#@#38#sion)</emph>
</ptxt>
<ptxt id="nev20689044n1-nev17801474n10">Hill Descent Co#@#@#83#oad."</ptxt>
<ptxt id="nev20689044n1-nev17801475n1">For manual tran#@#@#364#well.</ptxt>
<ptxt id="nev20689044n1-nev17801475n2">The function is#@#@#188#tion <emph etype="bold" id="nev20689044n1-nev17801475n3">ON</emph>. When the func#@#@#98#DIM).</ptxt>
</para>
<para id="nev20689044n1-nev17801475n4">
<ptxt id="nev20689044n1-nev17801475n5">
<emph etype="bold" id="nev20689044n1-nev17801475n6">HSA - Hill Star#@#@#3#ssist</emph>
</ptxt>
<ptxt id="nev20689044n1-nev17801475n7">HSA (Hill Start#@#@#61#hill.</ptxt>
<ptxt id="nev20689044n1-nev17801475n8">The function pr#@#@#275#ard).</ptxt>
<ptxt id="nev20689044n1-nev17801475n9">In order for th#@#@#244#sist.</ptxt>
</para>
<para id="nev20689044n1-nev17807150n209">
<ptxt id="nev20689044n1-nev17807150n208">
<emph etype="bold" id="nev20689044n1-nev17807150n207">Turning assista#@#@#34#tion)</emph>
</ptxt>
<ptxt id="nev20689044n1-nev17807150n206">In u-split brak#@#@#383#heel.</ptxt>
<ptxt id="nev20689044n1-nev18204749n211">(*Different fri#@#@#124#ion.)</ptxt>
</para>
<para id="nev20689044n1-nev17801475n10">
<ptxt id="nev20689044n1-nev17807150n202">
<emph etype="bold" id="nev20689044n1-nev17807150n201">Trailer stabili#@#@#14#(TSA)</emph>
</ptxt>
<ptxt id="nev20689044n1-nev17801476n3">The purpose of #@#@#530#km/h.</ptxt>
</para>
<list1 enumtype="d" id="nev20689044n1-nev17801476n4" type="unordered">
<title id="nev20689044n1-nev17801476n5">A triggering fa#@#@#62#mple:</title>
<item id="nev20689044n1-nev17801476n6">
<ptxt id="nev20689044n1-nev17801476n7">vehicle with tr#@#@#39#ewind</ptxt>
</item>
<item id="nev20689044n1-nev17801476n8">
<ptxt id="nev20689044n1-nev17801476n9">vehicle with tr#@#@#38# bump</ptxt>
</item>
<item id="nev20689044n1-nev17801476n10">
<ptxt id="nev20689044n1-nev17801477n1">sweeping steeri#@#@#14#ents.</ptxt>
</item>
</list1>
<para id="nev20689044n1-nev17801477n2">
<ptxt id="nev20689044n1-nev17801477n3">Trailer stabili#@#@#677# car.</ptxt>
<ptxt id="nev20689044n1-nev17801477n4">Actions from tr#@#@#354#m/h. </ptxt>
<ptxt id="nev20689044n1-nev17801477n5">When Trailer St#@#@#95#anel.</ptxt>
</para>
</topic>
<topic id="nev20689044n1-nev17801477n6">
<title id="nev20689044n1-nev17801477n7">Brake function #@#@#21#stems</title>
<para id="nev20689044n1-nev17801477n8">
<ptxt id="nev20689044n1-nev17801477n9">In the Mark 25E#@#@#116#ions.</ptxt>
</para>
<para id="nev20689044n1-nev17801477n10">
<ptxt id="nev20689044n1-nev17801478n1">
<emph etype="bold" id="nev20689044n1-nev17801478n2">Forward Sensing#@#@#8#(FSM)</emph>
</ptxt>
<ptxt id="nev20689044n1-nev17801478n3">The forward sen#@#@#256#king.</ptxt>
<ptxt id="nev20689044n1-nev17801478n4">The system comp#@#@#19#ons: <emph etype="ital" id="nev20689044n1-nev17801478n5">adaptive cruise#@#@#9#(ACC)</emph> ands <emph etype="ital" id="nev20689044n1-nev17801478n6">collision warni#@#@#33#aking</emph>.</ptxt>
</para>
<para id="nev20689044n1-nev17801478n7">
<ptxt id="nev20689044n1-nev17801478n8">
<emph etype="boldital" id="nev20689044n1-nev17801478n9">Adaptive cruise#@#@#3#ntrol</emph> is a function #@#@#423#trol.</ptxt>
<ptxt id="nev20689044n1-nev17801478n10">
<emph etype="boldital" id="nev20689044n1-nev17801479n1">Collision warni#@#@#33#aking</emph> is a function #@#@#527#fect.</ptxt>
<ptxt id="nev20689044n1-nev17801479n2">The adaptive cr#@#@#260# CAN.</ptxt>
<ptxt id="nev20689044n1-nev17801479n3">For a more deta#@#@#82#FSM).</ptxt>
</para>
<para id="nev20689044n1-nev17801479n4">
<ptxt id="nev20689044n1-nev17801479n5">
<emph etype="bold" id="nev20689044n1-nev17801479n6">Closing Velocit#@#@#9#(CVM)</emph>
</ptxt>
<ptxt id="nev20689044n1-nev17801479n7">Closing Velocit#@#@#302#lled <emph etype="ital" id="nev20689044n1-nev17801479n8">
<literal id="nev20689044n1-nev17801479n9">City Safety</literal>
</emph>.</ptxt>
<ptxt id="nev20689044n1-nev17801479n10">
<emph etype="boldital" id="nev20689044n1-nev17801480n1">
<literal id="nev20689044n1-nev17801480n2">City Safety</literal>
</emph> is a function #@#@#99#km/h.</ptxt>
<ptxt id="nev20689044n1-nev17801480n3">The function is#@#@#147#cles.</ptxt>
<ptxt id="nev20689044n1-nev17801480n4">The function is#@#@#227# the <emph etype="boldital" id="nev20689044n1-nev17801480n5">
<literal id="nev20689044n1-nev17801480n6">City Safety</literal>
</emph> will not brake#@#@#10#ally.</ptxt>
<ptxt id="nev20689044n1-nev17801480n7">The function wo#@#@#265#BCM).</ptxt>
<ptxt id="nev20689044n1-nev17801480n8">At relative spe#@#@#132#tly. <emph etype="boldital" id="nev20689044n1-nev17801480n9">
<literal id="nev20689044n1-nev17801480n10">City Safety</literal>
</emph> does not work #@#@#125#ance.</ptxt>
<ptxt id="nev20689044n1-nev17801481n1">For a more deta#@#@#82#CVM).</ptxt>
</para>
<para id="nev20689044n1-nev17801481n2">
<ptxt id="nev20689044n1-nev17801481n3">
<emph etype="bold" id="nev20689044n1-nev17801481n4">Pedestrian Pre-#@#@#7#(PPM)</emph>
</ptxt>
<ptxt id="nev20689044n1-nev17801481n5">If the PPM syst#@#@#201#ever.</ptxt>
</para>
</topic>
<topic id="nev20689044n1-nev21335848n250">
<title id="nev20689044n1-nev21335848n249">Indirect Tyre P#@#@#28#TPMS)</title>
<para id="nev20689044n1-nev21335848n248">
<ptxt id="nev20689044n1-nev21335848n247">See Design and #@#@#54#PMS).</ptxt>
</para>
</topic>
</servinfosub>