<?xml version="1.0" encoding="UTF-8"?><servinfosub IE-ID="en-US0900c8af85006f08" docno="VCC-370428" id="nev13713593n1" original="sv-SE" servinfosubId="nev13713594n1-nev15910905n1" servinfosubRes="0900c8af85009d3d" servinfosubRes2="urn:x-nevis:fragment:0900c8af85006f08:0900c8af85009d3d#nev15910905n1" xml:lang="en-US">
<title id="nev13713590n33">Front fog lights</title>
<procedure id="nev13713594n1-nev15910907n2">
<stepgrp boilerplate="false" context="" id="nev13713594n1-nev15921148n6">
<title id="nev13713594n1-0800c8af844a46f6">Removal</title>
<procstep id="nev13713594n1-nev15910907n5">
<grate id="nev13713594n1-nev15910907n6">
<graphic id="nev13713594n1-nev15910907n7">
<href>0900c8af8443f96#@#@#9#.jpeg</href>
</graphic>
</grate>
</procstep>
<procstep id="nev13713594n1-nev15910907n8">
<grate id="nev13713594n1-nev15910907n9">
<graphic id="nev13713594n1-nev15910907n10">
<href>0900c8af84fe1de#@#@#9#.jpeg</href>
</graphic>
</grate>
</procstep>
<procstep id="nev13713594n1-nev15910908n1">
<grate id="nev13713594n1-nev15910908n2">
<graphic id="nev13713594n1-nev15910908n3">
<href>0900c8af84fe1de#@#@#9#.jpeg</href>
</graphic>
</grate>
</procstep>
<procstep id="nev13713594n1-nev15912369n91">
<grate id="nev13713594n1-nev15912380n99">
<graphic id="nev13713594n1-nev15912380n100">
<href>0900c8af8500706#@#@#9#.jpeg</href>
</graphic>
<graphtext id="nev13713594n1-nev15921202n1">
<caution id="nev13713594n1-0800c8af844a4140">
<ptxt>Make sure that #@#@#53#wels.</ptxt>
</caution>
</graphtext>
</grate>
</procstep>
</stepgrp>
<stepgrp boilerplate="false" context="" id="nev13713594n1-nev15921148n5">
<title id="nev13713594n1-0800c8af844a46f9">Installation</title>
<procstep id="nev13713594n1-nev15910909n2">
<para id="nev13713594n1-nev15921148n3">
<ptxt id="nev13713594n1-nev15921148n4">To install, rev#@#@#22#dure.</ptxt>
</para>
</procstep>
<procstep id="nev13713594n1-nev15911644n11">
<para id="nev13713594n1-nev15921148n1">
<ptxt id="nev13713594n1-nev15921148n2">Perform headlig#@#@#9#tment<xref boilerplate="true" id="nev13713594n1-0800c8af845080a0">
<ref id="nev13713594n1-nev15911937n86"/>
</xref>
</ptxt>
</para>
</procstep>
</stepgrp>
</procedure>
</servinfosub>