<?xml version="1.0" encoding="UTF-8"?><servinfosub IE-ID="en-US0900c8af82a3c309" docno="VCC-160773" id="KC06193560" xml:lang="en-US">
<title id="nev10954658n1">Sensors for che#@#@#16#ystem</title>
<list1 enumtype="d" id="nev10954658n3" type="unordered">
<item id="nev10954658n5">
<ptxt id="nev10954658n7">
<xref id="nev10954658n9">
<ref id="KC07229119"/>
</xref>
</ptxt>
</item>
<item id="nev10954658n15">
<ptxt id="nev10954658n17">
<xref id="nev10954658n19">
<ref id="KC07229120"/>
</xref>
</ptxt>
</item>
<item id="nev10954658n25">
<ptxt id="nev10954658n27">
<xref id="nev10954658n29">
<ref id="KC07229121"/>
</xref>
</ptxt>
</item>
<item id="nev10954658n35">
<ptxt id="nev10954658n37">
<xref id="nev10954658n39">
<ref id="KC07229122"/>
</xref>
</ptxt>
</item>
<item id="nev10954658n45">
<ptxt id="nev10954658n47">
<xref id="nev10954658n49">
<ref id="KC07229123"/>
</xref>
</ptxt>
</item>
<item id="nev10954658n55">
<ptxt id="nev10954658n57">
<xref id="nev10954658n59">
<ref id="KC07229124"/>
</xref>
</ptxt>
</item>
<item id="nev10954658n65">
<ptxt id="nev10954658n67">
<xref id="nev10954658n69">
<ref id="KC07229125"/>
</xref>
</ptxt>
</item>
<item id="nev10954658n75">
<ptxt id="nev10954658n77">
<xref id="nev10954658n79">
<ref id="KC07229126"/>
</xref>
</ptxt>
</item>
<item id="nev10954658n85">
<ptxt id="nev10954658n87">
<xref id="nev10954658n89">
<ref id="KC07229127"/>
</xref>
</ptxt>
</item>
<item id="nev10954658n95">
<ptxt id="nev10954658n97">
<xref id="nev10954658n99">
<ref id="KC07229128"/>
</xref>
</ptxt>
</item>
<item id="nev10954658n105">
<ptxt id="nev10954658n107">
<xref id="nev10954658n109">
<ref id="KC07229129"/>
</xref>
</ptxt>
</item>
<item id="nev10954658n115">
<ptxt id="nev10954658n117">
<xref id="nev10954658n119">
<ref id="KC07229130"/>
</xref>
</ptxt>
</item>
<item id="nev10954658n125">
<ptxt id="nev10954658n127">
<xref id="nev10954658n129">
<ref id="KC07229131"/>
</xref>
</ptxt>
</item>
<item id="nev10954658n135">
<ptxt id="nev10954658n137">
<xref id="nev10954658n139">
<ref id="KC07229132"/>
</xref>
</ptxt>
</item>
<item id="nev10954658n145">
<ptxt id="nev10954658n147">
<xref id="nev10954658n149">
<ref id="KC07229133"/>
</xref>
</ptxt>
</item>
<item id="nev10954658n155">
<ptxt id="nev10954658n157">
<xref id="nev10954658n159">
<ref id="KC07229134"/>
</xref>
</ptxt>
</item>
<item id="nev10954658n165">
<ptxt id="nev10954658n167">
<xref id="nev10954658n169">
<ref id="KC07229135"/>
</xref>
</ptxt>
</item>
<item id="nev10954658n175">
<ptxt id="nev10954658n177">
<xref id="nev10954658n179">
<ref id="KC07229136"/>
</xref>
</ptxt>
</item>
<item id="nev10954658n185">
<ptxt id="nev10954658n187">
<xref id="nev10954658n189">
<ref id="KC07229137"/>
</xref>
</ptxt>
</item>
<item id="nev10954658n195">
<ptxt id="nev10954658n197">
<xref id="nev10954658n199">
<ref id="KC07229138"/>
</xref>
</ptxt>
</item>
<item id="nev10954659n97">
<ptxt id="nev10954659n240">
<xref id="nev10954660n133">
<ref id="nev10954662n26"/>
</xref>
</ptxt>
</item>
</list1>
</servinfosub>