<?xml version="1.0" encoding="UTF-8"?><servinfosub IE-ID="en-US0900c8af806a6309" docno="VCC-061827" id="KC02161234" xml:lang="en-US">
<title>
<phrase category="" id="KC08448846" phrase-urn="urn:x-nevis:phrase:0800c8af81dc7f96">Diagnostic trou#@#@#21#ation</phrase>
</title>
<diagnostic j2008use="1" paperuse="1" screenuse="1" type="condition">
<condgrp>
<condition type="condition">
<grate>
<graphic id="KC08448847">
<href>0900c8af803f55e#@#@#9#.jpeg</href>
</graphic>
<graphtext>
<list1 enumtype="d" type="unordered">
<item>
<ptxt>
<phrase category="" id="KC08448848" phrase-urn="urn:x-nevis:phrase:0800c8af81dc7f97">The diagnostic #@#@#138#mph).</phrase>
</ptxt>
</item>
</list1>
</graphtext>
</grate>
</condition>
<ps>
<para>
<ptxt>
<phrase category="" id="KC08448849" phrase-urn="urn:x-nevis:phrase:0800c8af81dc7f98">There is a shor#@#@#90#l and</phrase>
</ptxt>
</para>
<list1 enumtype="d" type="unordered">
<item>
<ptxt>
<phrase category="" id="KC08448850" phrase-urn="urn:x-nevis:phrase:0800c8af81dc7f99">ECC.</phrase>
</ptxt>
</item>
<item>
<ptxt>
<phrase category="" id="KC08448851" phrase-urn="urn:x-nevis:phrase:0800c8af81dc7f9a">Trip computer.</phrase>
</ptxt>
</item>
</list1>
</ps>
</condgrp>
<condgrp>
<condition type="symptom">
<note>
<ptxt>
<phrase category="" id="KC08448852" phrase-urn="urn:x-nevis:phrase:0800c8af81dc7f9b">The combined in#@#@#78#DTC).</phrase>
</ptxt>
</note>
<list1 enumtype="d" type="unordered">
<item>
<ptxt>
<phrase category="" id="KC08448853" phrase-urn="urn:x-nevis:phrase:0800c8af81dc7f9c">In cars with EC#@#@#51#peed.</phrase>
</ptxt>
</item>
<item>
<ptxt>
<phrase category="" id="KC08448854" phrase-urn="urn:x-nevis:phrase:0800c8af81dc7f9d">In cars equippe#@#@#151#ayed.</phrase>
</ptxt>
</item>
</list1>
</condition>
</condgrp>
</diagnostic>
</servinfosub>