<?xml version="1.0" encoding="UTF-8"?><servinfosub IE-ID="en-US0900c8af8049b309" docno="VCC-084102" id="KC01424652" xml:lang="en-US">
<title>Checking canist#@#@#14#valve</title>
<procedure>
<proctools>
<toolitem id="KC07271865"/>
</proctools>
<stepgrp>
<procstep id="KC01424653">
<title>Checking canist#@#@#14#valve</title>
<grate>
<graphic id="KC07271866">
<href>0900c8af8005a9f#@#@#9#.jpeg</href>
</graphic>
<graphtext>
<list1 enumtype="d">
<item>
<ptxt>Remove canister#@#@#18# see <xref>
<ref id="KC07271867"/>
</xref>
</ptxt>
</item>
<item>
<ptxt>Disconnect hose#@#@#7#tions</ptxt>
</item>
<item>
<ptxt>Connect vacuum pump <toolitem id="KC07271868"/> to B.</ptxt>
</item>
</list1>
<para>
<ptxt>During pumping #@#@#213#on A.</ptxt>
<ptxt>Is air admitted?</ptxt>
</para>
<list1>
<item>
<ptxt>
<emph>Yes:</emph>
<xref>
<ref id="KC07271869"/>
</xref>
</ptxt>
</item>
<item>
<ptxt>
<emph>No:</emph>
<xref>
<ref id="KC07271870"/>
</xref>.</ptxt>
</item>
</list1>
</graphtext>
</grate>
</procstep>
<procstep id="KC01424654">
<title>Checking canist#@#@#14#valve</title>
<grate>
<graphic id="KC07271871">
<href>0900c8af80123df#@#@#9#.jpeg</href>
</graphic>
<graphtext>
<list1>
<item>
<ptxt>Connect vacuum pump <toolitem id="KC07271872"/>to A.</ptxt>
</item>
</list1>
<para>
<ptxt>Is there vacuum?</ptxt>
</para>
<list1>
<item>
<ptxt>
<emph>Yes:</emph>
<xref>
<ref id="KC07271873"/>
</xref>
</ptxt>
</item>
<item>
<ptxt>
<emph>No:</emph>
<xref>
<ref id="KC07271874"/>
</xref>.</ptxt>
</item>
</list1>
</graphtext>
</grate>
</procstep>
<procstep id="KC01424655">
<title>Defective canis#@#@#15#valve</title>
<para>
<ptxt/>
<ptxt>Replace the can#@#@#23# see </ptxt>
<ptxt>
<xref>
<ref id="KC07271875"/>
</xref>
</ptxt>
</para>
</procstep>
<procstep id="KC01424656">
<title>Constant vacuum</title>
<list1>
<item>
<ptxt>Connect + and -#@#@#42#ion. </ptxt>
</item>
</list1>
<para>
<ptxt>The vacuum shou#@#@#63# see <xref>
<ref id="KC07271876"/>
</xref>
</ptxt>
</para>
</procstep>
</stepgrp>
</procedure>
</servinfosub>