<?xml version="1.0" encoding="UTF-8"?><servinfosub IE-ID="en-US0900c8af80cc2309" docno="VCC-148107" id="KC02719758" xml:lang="en-US">
<title>
<phrase category="" id="KC06292431" phrase-urn="urn:x-nevis:phrase:0800c8af8184cb8a">Diagnostic trou#@#@#30#-0115</phrase>
</title>
<diagnostic j2008use="1" paperuse="1" screenuse="1" type="condition">
<condgrp>
<condition type="condition">
<grate>
<graphic id="KC06292432" width="column">
<href>0900c8af800597f#@#@#9#.jpeg</href>
</graphic>
<graphtext>
<note>
<ptxt>
<phrase category="" id="KC06292433" phrase-urn="urn:x-nevis:phrase:0800c8af8184cb8b">The diagnostic #@#@#87#TC). </phrase>
</ptxt>
</note>
<note>
<ptxt>
<phrase category="" id="KC06292434" phrase-urn="urn:x-nevis:phrase:0800c8af8184cb8c">This diagnostic#@#@#116#cle. </phrase>
</ptxt>
</note>
<para>
<ptxt>
<phrase category="" id="KC06292435" phrase-urn="urn:x-nevis:phrase:0800c8af8184cb8d">The steering wh#@#@#167# not.</phrase>
</ptxt>
<ptxt>
<phrase category="" id="KC06292436" phrase-urn="urn:x-nevis:phrase:0800c8af8184cb8e">The diagnostic #@#@#131#sent.</phrase>
</ptxt>
</para>
<para>
<ptxt>
<phrase category="" id="KC06292437" phrase-urn="urn:x-nevis:phrase:0800c8af8184cb8f">The diagnostic #@#@#64#d on.</phrase>
</ptxt>
</para>
</graphtext>
</grate>
</condition>
</condgrp>
<condgrp>
<condition type="substitution">
<list1 enumtype="d" type="unordered">
<item>
<ptxt>
<phrase category="" id="KC06292438" phrase-urn="urn:x-nevis:phrase:0800c8af8184cb90">Traction Contro#@#@#7#ocked</phrase>
</ptxt>
</item>
<item>
<ptxt>
<phrase category="" id="KC06292439" phrase-urn="urn:x-nevis:phrase:0800c8af8184cb91">Stability Contr#@#@#9#cked </phrase>
</ptxt>
</item>
<item>
<ptxt>
<phrase category="" id="KC06292440" phrase-urn="urn:x-nevis:phrase:0800c8af8184cb92">Active yaw cont#@#@#10#cked.</phrase>
</ptxt>
</item>
</list1>
<hint>
<ptxt>
<phrase category="" id="KC06292441" phrase-urn="urn:x-nevis:phrase:0800c8af8184cb93">
<xref>
<ref id="KC06292442"/>
</xref>
</phrase>
</ptxt>
</hint>
</condition>
<ps>
<list1 enumtype="d" type="unordered">
<item>
<ptxt>
<phrase category="" id="KC06292443" phrase-urn="urn:x-nevis:phrase:0800c8af8184cb95">Disruption or o#@#@#40#(CAN)</phrase>
</ptxt>
</item>
<item>
<ptxt>
<phrase category="" id="KC06292444" phrase-urn="urn:x-nevis:phrase:0800c8af8184cb96">Steering wheel #@#@#58#(CAN)</phrase>
</ptxt>
</item>
<item>
<ptxt>
<phrase category="" id="KC06292445" phrase-urn="urn:x-nevis:phrase:0800c8af8184cb97">Internal fault #@#@#30#SWM).</phrase>
</ptxt>
</item>
</list1>
</ps>
</condgrp>
<condgrp>
<condition type="symptom">
<list1 enumtype="d" type="unordered">
<item>
<ptxt>
<phrase category="" id="KC06292446" phrase-urn="urn:x-nevis:phrase:0800c8af8184cb98">The information#@#@#7#s lit</phrase>
</ptxt>
</item>
<item>
<ptxt>
<phrase category="" id="KC06292447" phrase-urn="urn:x-nevis:phrase:0800c8af8184cb99">Traction contro#@#@#14#ction</phrase>
</ptxt>
</item>
<item>
<ptxt>
<phrase category="" id="KC06292448" phrase-urn="urn:x-nevis:phrase:0800c8af8184cb9a">The stability c#@#@#27#tion.</phrase>
</ptxt>
</item>
</list1>
</condition>
</condgrp>
</diagnostic>
</servinfosub>