<?xml version="1.0" encoding="UTF-8"?><servinfosub IE-ID="en-US0900c8af86a0f309" docno="VCC-370653" id="nev13714675n1" original="sv-SE" servinfosubId="nev13714676n1-nev16475189n1" servinfosubRes="0900c8af86a0f342" servinfosubRes2="urn:x-nevis:fragment:0900c8af86a0f309:0900c8af86a0f342#nev16475189n1" xml:lang="en-US">
<operationnumbers>
<operationnumber>43104-2</operationnumber>
</operationnumbers>
<title id="nev13714674n59">Transmission</title>
<toolitemtable id="nev13714676n1-nev22415734n49">
<table id="nev13714676n1-nev22415734n48">
<tgroup cols="2" id="nev13714676n1-nev22415734n47">
<colspec colname="COLSPEC0" colwidth="1.00*" id="nev13714676n1-nev22415734n46"/>
<colspec colname="COLSPEC1" colwidth="1.00*" id="nev13714676n1-nev22415734n45"/>
<thead id="nev13714676n1-nev22415734n44">
<row id="nev13714676n1-nev22415734n43">
<entry id="nev13714676n1-nev22415734n42" nameend="COLSPEC1" namest="COLSPEC0" valign="top">
<ptxt id="nev13714676n1-nev22415734n41">
<emph id="nev13714676n1-nev22415734n40">Special tools</emph>
</ptxt>
</entry>
</row>
</thead>
<tbody id="nev13714676n1-nev22415734n39">
<row id="nev13714676n1-nev22415734n38">
<entry id="nev13714676n1-nev22415734n37">
<graphic id="nev13714676n1-nev22415734n36">
<href>0900c8af8011ff4#@#@#9#.jpeg</href>
</graphic>
</entry>
<entry id="nev13714676n1-nev22415734n35">
<ptxt id="nev13714676n1-nev22415734n34">
<emph id="nev13714676n1-nev22415734n33">999 7077 Jimmy bar</emph>
</ptxt>
<ptxt id="nev13714676n1-nev22415734n31">
<emph id="nev13714676n1-nev22415734n30">Tool number:</emph>999 7077</ptxt>
<ptxt id="nev13714676n1-nev22415734n29">
<emph id="nev13714676n1-nev22415734n28">Tool description:</emph>Jimmy bar</ptxt>
<ptxt id="nev13714676n1-nev22415734n26">
<emph id="nev13714676n1-nev22415734n25">Tool boards:</emph>43</ptxt>
</entry>
</row>
<row id="nev13714676n1-nev22415734n24">
<entry id="nev13714676n1-nev22415734n23">
<graphic id="nev13714676n1-nev22415734n22">
<href>0900c8af8005434#@#@#11#.jpeg</href>
</graphic>
</entry>
<entry id="nev13714676n1-nev22415734n21">
<ptxt id="nev13714676n1-nev22415734n20">
<emph id="nev13714676n1-nev22415734n19">998 5972 JACK (#@#@#5#ULIC)</emph>
</ptxt>
<ptxt id="nev13714676n1-nev22415734n17">
<emph id="nev13714676n1-nev22415734n16">Tool number:</emph>998 5972</ptxt>
<ptxt id="nev13714676n1-nev22415734n15">
<emph id="nev13714676n1-nev22415734n14">Tool description:</emph>JACK (HYDRAULIC)</ptxt>
<ptxt id="nev13714676n1-nev22415734n12">
<emph id="nev13714676n1-nev22415734n11">Tool boards:</emph>40</ptxt>
</entry>
</row>
<row id="nev13714676n1-nev22415734n10">
<entry id="nev13714676n1-nev22415734n9">
<graphic id="nev13714676n1-nev22415734n8">
<href>0900c8af8005435#@#@#9#.jpeg</href>
</graphic>
</entry>
<entry id="nev13714676n1-nev22415734n7">
<ptxt id="nev13714676n1-nev22415734n6">
<emph id="nev13714676n1-nev22415734n5">999 5972 FIXTUR#@#@#19#XLES)</emph>
</ptxt>
<ptxt id="nev13714676n1-nev22415734n3">
<emph id="nev13714676n1-nev22415734n2">Tool number:</emph>999 5972</ptxt>
<ptxt id="nev13714676n1-nev22415734n1">
<emph id="nev13714676n1-nev22415735n100">Tool description:</emph>FIXTURE (UNIVER#@#@#10#XLES)</ptxt>
<ptxt id="nev13714676n1-nev22415735n98">
<emph id="nev13714676n1-nev22415735n97">Tool boards:</emph>43</ptxt>
</entry>
</row>
<row id="nev13714676n1-nev22415735n96">
<entry id="nev13714676n1-nev22415735n95">
<graphic id="nev13714676n1-nev22415735n94">
<href>0900c8af8245169#@#@#9#.jpeg</href>
</graphic>
</entry>
<entry id="nev13714676n1-nev22415735n93">
<ptxt id="nev13714676n1-nev22415735n92">
<emph id="nev13714676n1-nev22415735n91">999 5463 FIXTUR#@#@#32#50-42</emph>
</ptxt>
<ptxt id="nev13714676n1-nev22415735n89">
<emph id="nev13714676n1-nev22415735n88">Tool number:</emph>999 5463</ptxt>
<ptxt id="nev13714676n1-nev22415735n87">
<emph id="nev13714676n1-nev22415735n86">Tool description:</emph>FIXTURE (IN/OUT#@#@#23#50-42</ptxt>
<ptxt id="nev13714676n1-nev22415735n84">
<emph id="nev13714676n1-nev22415735n83">Tool boards:</emph>40</ptxt>
</entry>
</row>
</tbody>
</tgroup>
</table>
</toolitemtable>
<materialtable id="nev13714676n1-nev22415735n82">
<table id="nev13714676n1-nev22415735n81">
<tgroup cols="2" id="nev13714676n1-nev22415735n80">
<colspec colname="COLSPEC0" colwidth="1.00*" id="nev13714676n1-nev22415735n79"/>
<colspec colname="COLSPEC1" colwidth="1.00*" id="nev13714676n1-nev22415735n78"/>
<thead id="nev13714676n1-nev22415735n77">
<row id="nev13714676n1-nev22415735n76">
<entry id="nev13714676n1-nev22415735n75" nameend="COLSPEC1" namest="COLSPEC0" valign="top">
<ptxt id="nev13714676n1-nev22415735n74">
<emph id="nev13714676n1-nev22415735n73">Materials</emph>
</ptxt>
</entry>
</row>
</thead>
<tbody id="nev13714676n1-nev22415735n72">
<row id="nev13714676n1-nev22415735n71">
<entry id="nev13714676n1-nev22415735n70">
<ptxt id="nev13714676n1-nev22415735n69">
<emph id="nev13714676n1-nev22415735n68">Designation</emph>
</ptxt>
</entry>
<entry id="nev13714676n1-nev22415735n67">
<ptxt id="nev13714676n1-nev22415735n66">
<emph id="nev13714676n1-nev22415735n65">Part number</emph>
</ptxt>
</entry>
</row>
<row id="nev13714676n1-nev22415735n64">
<entry id="nev13714676n1-nev22415735n63">
<ptxt id="nev13714676n1-nev22415735n62">Thread sealant</ptxt>
</entry>
<entry id="nev13714676n1-nev22415735n60">
<ptxt id="nev13714676n1-nev22415735n59">1161056</ptxt>
</entry>
</row>
</tbody>
</tgroup>
</table>
</materialtable>
<procedure id="nev13714676n1-nev16518402n26">
<stepgrp boilerplate="false" context="" id="nev13714676n1-nev22415424n31">
<title id="nev13714676n1-0800c8af844a46f6">Removal</title>
<procstep id="nev13714676n1-nev16632026n2">
<note id="nev13714676n1-0800c8af844a42fa">
<ptxt>Removal steps i#@#@#45#ails.</ptxt>
</note>
</procstep>
<procstep id="nev13714676n1-nev16626696n92">
<para id="nev13714676n1-nev22415424n29">
<ptxt id="nev13714676n1-nev22415424n30">Remove left-han#@#@#21#lator<xref boilerplate="true" id="nev13714676n1-0800c8af84565e90">
<ref id="nev13714676n1-nev16627399n75"/>
</xref>
</ptxt>
</para>
</procstep>
<procstep id="nev13714676n1-nev16632834n10">
<grate id="nev13714676n1-nev22415424n27">
<graphic id="nev13714676n1-nev22415424n28">
<href>0900c8af852a5b3#@#@#9#.jpeg</href>
</graphic>
<graphtext id="nev13714676n1-nev22415755n1">
<para id="nev13714676n1-nev22415424n25">
<ptxt id="nev13714676n1-nev22415424n26">
<torque id="nev13714676n1-nev16632838n72">
<ref id="nev13714676n1-nev16632838n70"/>
</torque>
</ptxt>
</para>
</graphtext>
</grate>
</procstep>
<procstep id="nev13714676n1-nev16626696n81">
<grate id="nev13714676n1-nev22415424n23">
<graphic id="nev13714676n1-nev22415424n24">
<href>0900c8af8451b3a#@#@#9#.jpeg</href>
</graphic>
<graphtext id="nev13714676n1-nev22415762n1">
<para id="nev13714676n1-nev22415424n21">
<ptxt id="nev13714676n1-nev22415424n22">
<toolitem boilerplate="true" id="nev13714676n1-nev16627399n70" imageid="0900c8af8011ff44"/>
</ptxt>
</para>
</graphtext>
</grate>
</procstep>
<procstep id="nev13714676n1-nev16626696n28">
<grate id="nev13714676n1-nev22415424n19">
<graphic id="nev13714676n1-nev22415424n20">
<href>0900c8af848728c#@#@#9#.jpeg</href>
</graphic>
<graphtext id="nev13714676n1-nev22415769n1">
<warning id="nev13714676n1-0800c8af844a4837">
<ptxt>Be prepared to #@#@#18#luid.</ptxt>
</warning>
<caution id="nev13714676n1-0800c8af844a415d">
<ptxt>Make sure the o#@#@#65#voir.</ptxt>
</caution>
</graphtext>
</grate>
</procstep>
<procstep id="nev13714676n1-nev17548074n91">
<grate id="nev13714676n1-nev22415424n17">
<graphic id="nev13714676n1-nev22415424n18">
<href>0900c8af857074d#@#@#9#.jpeg</href>
</graphic>
<graphtext id="nev13714676n1-nev22415773n1">
<caution id="nev13714676n1-0800c8af85160821">
<ptxt>Make sure that #@#@#33#ctly.</ptxt>
</caution>
</graphtext>
</grate>
</procstep>
<procstep id="nev13714676n1-nev16626718n74">
<grate id="nev13714676n1-nev22415424n15">
<graphic id="nev13714676n1-nev22415424n16">
<href>0900c8af848728b#@#@#9#.jpeg</href>
</graphic>
</grate>
</procstep>
<procstep id="nev13714676n1-nev16626719n91">
<grate id="nev13714676n1-nev22415424n13">
<graphic id="nev13714676n1-nev22415424n14">
<href>0900c8af8495426#@#@#9#.jpeg</href>
</graphic>
</grate>
</procstep>
<procstep id="nev13714676n1-nev16626719n4">
<grate id="nev13714676n1-nev22415424n11">
<graphic id="nev13714676n1-nev22415424n12">
<href>0900c8af8522727#@#@#9#.jpeg</href>
</graphic>
</grate>
</procstep>
<procstep id="nev13714676n1-nev16626731n50">
<grate id="nev13714676n1-nev22415424n9">
<graphic id="nev13714676n1-nev22415424n10">
<href>0900c8af8489bfc#@#@#9#.jpeg</href>
</graphic>
<graphtext id="nev13714676n1-nev22415786n1">
<para id="nev13714676n1-nev22415424n7">
<ptxt id="nev13714676n1-nev22415424n8">
<torque id="nev13714676n1-nev16627399n56">
<ref id="nev13714676n1-nev16627399n54"/>
</torque>
</ptxt>
</para>
</graphtext>
</grate>
</procstep>
<procstep id="nev13714676n1-nev16634929n51">
<grate id="nev13714676n1-nev22415424n5">
<graphic id="nev13714676n1-nev22415424n6">
<href>0900c8af852ac27#@#@#9#.jpeg</href>
</graphic>
<graphtext id="nev13714676n1-nev22415793n1">
<para id="nev13714676n1-nev22415424n3">
<ptxt id="nev13714676n1-nev22415424n4">
<torque id="nev13714676n1-nev16635383n19">
<ref id="nev13714676n1-nev16635383n17"/>
</torque>
</ptxt>
</para>
</graphtext>
</grate>
</procstep>
<procstep id="nev13714676n1-nev16626737n18">
<para id="nev13714676n1-nev22415424n1">
<ptxt id="nev13714676n1-nev22415424n2">Remove the star#@#@#4#motor<xref boilerplate="true" id="nev13714676n1-0800c8af84e598e9">
<ref id="nev13714676n1-nev16627399n50"/>
</xref>
</ptxt>
</para>
</procstep>
<procstep id="nev13714676n1-nev16626736n100">
<list1 boilerplate="true" context="remove" enumtype="b" id="nev13714676n1-nev16627399n48" type="unordered">
<item id="nev13714676n1-nev22415734n100">
<ptxt id="nev13714676n1-nev22415734n99">Driveshaft left<xref boilerplate="true" id="nev13714676n1-0800c8af84565ed4">
<ref id="nev13714676n1-nev16627399n44"/>
</xref>
</ptxt>
</item>
<item id="nev13714676n1-nev22415734n98">
<ptxt id="nev13714676n1-nev22415734n97">Drive shaft right<xref boilerplate="true" id="nev13714676n1-0800c8af84565ee8">
<ref id="nev13714676n1-nev16627399n40"/>
</xref>
</ptxt>
</item>
<item id="nev13714676n1-nev22415734n96">
<ptxt id="nev13714676n1-nev22415734n94">subframe front,#@#@#8# mode<xref boilerplate="true" id="nev13714676n1-nev22415734n95">
<ref id="nev13714676n1-nev22415734n93"/>
</xref>
</ptxt>
</item>
</list1>
</procstep>
<procstep id="nev13714676n1-nev16626748n100">
<grate id="nev13714676n1-nev22415734n91">
<graphic id="nev13714676n1-nev22415734n92">
<href>0900c8af84efdc2#@#@#9#.jpeg</href>
</graphic>
<graphtext id="nev13714676n1-nev22415812n1">
<para id="nev13714676n1-nev22415734n89">
<ptxt id="nev13714676n1-nev22415734n90">
<torque id="nev13714676n1-nev16627399n29">
<ref id="nev13714676n1-nev16627399n27"/>
</torque>
</ptxt>
</para>
</graphtext>
</grate>
</procstep>
<procstep id="nev13714676n1-nev16626752n97">
<grate id="nev13714676n1-nev22415734n87">
<graphic id="nev13714676n1-nev22415734n88">
<href>0900c8af8492ff8#@#@#9#.jpeg</href>
</graphic>
</grate>
</procstep>
<procstep id="nev13714676n1-nev16632759n12">
<grate id="nev13714676n1-nev22415734n85">
<graphic id="nev13714676n1-nev22415734n86">
<href>0900c8af852a5b1#@#@#9#.jpeg</href>
</graphic>
<graphtext id="nev13714676n1-nev22415822n1">
<para id="nev13714676n1-nev22415734n83">
<ptxt id="nev13714676n1-nev22415734n84">
<torque id="nev13714676n1-nev16632838n50">
<ref id="nev13714676n1-nev16632838n48"/>
</torque>
</ptxt>
</para>
</graphtext>
</grate>
</procstep>
<procstep id="nev13714676n1-nev16626753n36">
<grate id="nev13714676n1-nev22415734n81">
<graphic id="nev13714676n1-nev22415734n82">
<href>0900c8af8489bfc#@#@#9#.jpeg</href>
</graphic>
<graphtext id="nev13714676n1-nev22415829n1">
<note id="nev13714676n1-0800c8af844a42ee">
<ptxt>Note the differ#@#@#20#olts.</ptxt>
</note>
<para id="nev13714676n1-nev22415734n79">
<ptxt id="nev13714676n1-nev22415734n80">
<torque id="nev13714676n1-nev16627399n20">
<ref id="nev13714676n1-nev16627399n18"/>
</torque>
</ptxt>
</para>
</graphtext>
</grate>
</procstep>
<procstep id="nev13714676n1-nev16626759n96">
<grate id="nev13714676n1-nev22415734n77">
<graphic id="nev13714676n1-nev22415734n78">
<href>0900c8af848f074#@#@#9#.jpeg</href>
</graphic>
<graphtext id="nev13714676n1-nev22415836n1">
<para id="nev13714676n1-nev22415734n75">
<ptxt id="nev13714676n1-nev22415734n76">
<toolitem boilerplate="true" id="nev13714676n1-nev16627399n13" imageid="0900c8af80054343"/>
<toolitem boilerplate="false" id="nev13714676n1-nev16627399n12" imageid="0900c8af80054352"/>
<toolitem boilerplate="false" id="nev13714676n1-nev16627399n11" imageid="0900c8af82451699"/>
</ptxt>
</para>
</graphtext>
</grate>
</procstep>
<procstep id="nev13714676n1-nev16626782n76">
<grate id="nev13714676n1-nev22415734n73">
<graphic id="nev13714676n1-nev22415734n74">
<href>0900c8af8489bfc#@#@#9#.jpeg</href>
</graphic>
<graphtext id="nev13714676n1-nev22415849n1">
<para id="nev13714676n1-nev22415734n71">
<ptxt id="nev13714676n1-nev22415734n72">
<torque id="nev13714676n1-nev16627399n7">
<ref id="nev13714676n1-nev16627399n5"/>
</torque>
</ptxt>
</para>
</graphtext>
</grate>
</procstep>
<procstep id="nev13714676n1-nev16626787n53">
<grate id="nev13714676n1-nev22415734n69">
<graphic id="nev13714676n1-nev22415734n70">
<href>0900c8af848f07a#@#@#9#.jpeg</href>
</graphic>
</grate>
</procstep>
<procstep id="nev13714676n1-nev16627389n96">
<grate id="nev13714676n1-nev22415734n67">
<graphic id="nev13714676n1-nev22415734n68">
<href>0900c8af8489e65#@#@#9#.jpeg</href>
</graphic>
<graphtext id="nev13714676n1-nev22415859n1">
<note id="nev13714676n1-0800c8af844a4316">
<ptxt>This step is on#@#@#43#sion.</ptxt>
</note>
<para id="nev13714676n1-nev22415734n65">
<ptxt id="nev13714676n1-nev22415734n66">
<torque id="nev13714676n1-nev16627400n98">
<ref id="nev13714676n1-nev16627400n96"/>
</torque>
</ptxt>
</para>
</graphtext>
</grate>
</procstep>
<procstep id="nev13714676n1-nev16627398n46">
<grate id="nev13714676n1-nev22415734n63">
<graphic id="nev13714676n1-nev22415734n64">
<href>0900c8af83fb6c0#@#@#9#.jpeg</href>
</graphic>
<graphtext id="nev13714676n1-nev22415866n1">
<note id="nev13714676n1-0800c8af844a4316">
<ptxt>This step is on#@#@#43#sion.</ptxt>
</note>
<para id="nev13714676n1-nev22415734n61">
<ptxt id="nev13714676n1-nev22415734n62">
<torque id="nev13714676n1-nev16629768n99">
<ref id="nev13714676n1-nev16629768n97"/>
</torque>
</ptxt>
</para>
<para id="nev13714676n1-nev22415734n59">
<ptxt id="nev13714676n1-nev22415734n60">
<material id="nev13714676n1-nev16646274n83" materialid="1161056" materialname="Thread sealant" quantity="0.0" showInProcStep="true"/>
</ptxt>
</para>
</graphtext>
</grate>
</procstep>
</stepgrp>
<stepgrp boilerplate="false" context="" id="nev13714676n1-nev22415734n58">
<title id="nev13714676n1-0800c8af844a46f9">Installation</title>
<procstep id="nev13714676n1-nev16629767n96">
<para id="nev13714676n1-nev22415734n56">
<ptxt id="nev13714676n1-nev22415734n57">Transmission, check<xref boilerplate="true" id="nev13714676n1-0800c8af848a20f0">
<ref id="nev13714676n1-nev17548208n2"/>
</xref>
</ptxt>
</para>
</procstep>
<procstep id="nev13714676n1-nev16632022n92">
<para id="nev13714676n1-nev22415734n54">
<ptxt id="nev13714676n1-nev22415734n55">To install, rev#@#@#22#dure.</ptxt>
</para>
</procstep>
<procstep id="nev13714676n1-nev16632024n85">
<para id="nev13714676n1-nev22415734n52">
<ptxt id="nev13714676n1-nev22415734n53">Perform clutch #@#@#9#nting<xref boilerplate="true" id="nev13714676n1-0800c8af8456c682">
<ref id="nev13714676n1-nev16632026n72"/>
</xref>
</ptxt>
</para>
</procstep>
<procstep id="nev13714676n1-nev16646268n77">
<para id="nev13714676n1-nev22415734n50">
<ptxt id="nev13714676n1-nev22415734n51">Fill with oil<xref boilerplate="true" id="nev13714676n1-0800c8af848e0afa">
<ref id="nev13714676n1-nev16646274n73"/>
</xref>
</ptxt>
</para>
</procstep>
</stepgrp>
</procedure>
</servinfosub>