<?xml version="1.0" encoding="UTF-8"?><servinfosub IE-ID="en-US0800c8af80a1501a" docno="T9995774" id="ST-0800c8af80a1501a" xml:lang="en-US">
<title>999 5774 Drift </title>
<grate>
<graphic id="0900c8af800548e9"/>
<graphtext>
<deflist>
<defitem>
<term>Tool number:</term>
<def>999 5774-8</def>
</defitem>
<defitem>
<term>Tool description:</term>
<def>Drift (M3P,M5M4#@#@#3#/V40)</def>
</defitem>
<defitem>
<term>Tool board:</term>
<def>43</def>
</defitem>
</deflist>
</graphtext>
</grate>
</servinfosub>