<?xml version="1.0" encoding="UTF-8"?><servinfosub IE-ID="en-US0900c8af844c801a" docno="VCC-370252" id="nev13711328n1" original="sv-SE" servinfosubId="nev13711329n1-nev13711339n1" servinfosubRes="0900c8af844c801c" servinfosubRes2="urn:x-nevis:fragment:0900c8af844c801a:0900c8af844c801c#nev13711339n1" xml:lang="en-US">
<title id="nev13711325n89">Engine support #@#@#9# left</title>
<procedure id="nev13711329n1-nev13711338n86">
<proctools id="nev13711329n1-nev13711338n87">
<toolitem id="nev13711329n1-nev13711338n50"/>
<toolitem id="nev13711329n1-nev13711338n51"/>
</proctools>
<note id="nev13711329n1-nev13711338n88">
<ptxt id="nev13711329n1-nev13711338n89">The illustratio#@#@#177#ect. </ptxt>
</note>
<stepgrp id="nev13711329n1-nev13711338n52">
<title id="nev13711329n1-nev13711338n90">Preparatory work</title>
<procstep id="nev13711329n1-nev13711338n53">
<title id="nev13711329n1-nev13711338n91">Removing engine#@#@#1#cover</title>
<grate id="nev13711329n1-nev13711338n92">
<graphic id="nev13711329n1-nev13711338n54">
<href>0900c8af81621f5#@#@#9#.jpeg</href>
</graphic>
<graphtext id="nev13711329n1-nev13711338n93">
<para id="nev13711329n1-nev13711338n94">
<ptxt id="nev13711329n1-nev13711338n95">Remove the uppe#@#@#45#t up.</ptxt>
</para>
</graphtext>
</grate>
</procstep>
<procstep id="nev13711329n1-nev13711338n55">
<title id="nev13711329n1-nev13711338n96">Removing the ca#@#@#42#(ECM)</title>
<grate id="nev13711329n1-nev13711338n97">
<graphic id="nev13711329n1-nev13711338n56">
<href>0900c8af81621f5#@#@#9#.jpeg</href>
</graphic>
<graphtext id="nev13711329n1-nev13711338n98">
<para id="nev13711329n1-nev13711338n99">
<ptxt id="nev13711329n1-nev13711338n100">Remove the cove#@#@#126#dule.</ptxt>
</para>
</graphtext>
</grate>
</procstep>
<procstep id="nev13711329n1-nev13711338n57">
<title id="nev13711329n1-nev13711341n1">Removing the ai#@#@#10#(ACL)</title>
<list1 enumtype="d" id="nev13711329n1-nev13711341n2" type="unordered">
<title id="nev13711329n1-nev13711341n3">Remove: </title>
<item id="nev13711329n1-nev13711341n4">
<ptxt id="nev13711329n1-nev13711341n5">the hose clamps#@#@#20#ntake</ptxt>
</item>
<item id="nev13711329n1-nev13711341n6">
<ptxt id="nev13711329n1-nev13711341n7">the evaporator #@#@#35# lock</ptxt>
</item>
<item id="nev13711329n1-nev13711341n8">
<ptxt id="nev13711329n1-nev13711341n9">the air cleaner#@#@#102#t up.</ptxt>
</item>
</list1>
</procstep>
<procstep id="nev13711329n1-nev13711338n58">
<title id="nev13711329n1-nev13711341n10">Removing the ba#@#@#4#y box</title>
<grate id="nev13711329n1-nev13711341n11">
<graphic id="nev13711329n1-nev13711338n59">
<href>0900c8af80731c6#@#@#9#.jpeg</href>
</graphic>
<graphtext id="nev13711329n1-nev13711341n12">
<list1 enumtype="d" id="nev13711329n1-nev13711341n13" type="unordered">
<title id="nev13711329n1-nev13711341n14">Remove:</title>
<item id="nev13711329n1-nev13711341n15">
<ptxt id="nev13711329n1-nev13711341n16">the battery. See: <xref id="nev13711329n1-nev13711341n17">
<ref id="nev13711329n1-nev13711338n60"/>
</xref>
</ptxt>
</item>
<item id="nev13711329n1-nev13711341n18">
<ptxt id="nev13711329n1-nev13711341n19">the three screw#@#@#38# box.</ptxt>
</item>
</list1>
<para id="nev13711329n1-nev13711341n20">
<ptxt id="nev13711329n1-nev13711341n21">Disconnect the #@#@#41#tion.</ptxt>
</para>
</graphtext>
</grate>
</procstep>
<procstep id="nev13711329n1-nev13711338n61">
<title id="nev13711329n1-nev13711341n22">Positioning the#@#@#5# tool</title>
<grate id="nev13711329n1-nev13711341n23">
<graphic id="nev13711329n1-nev13711338n62">
<href>0900c8af817a76c#@#@#9#.jpeg</href>
</graphic>
<graphtext id="nev13711329n1-nev13711341n24">
<para id="nev13711329n1-nev13711341n25">
<ptxt id="nev13711329n1-nev13711341n26">Install <toolitem id="nev13711329n1-nev13711338n63"/> and <toolitem id="nev13711329n1-nev13711338n64"/>. </ptxt>
</para>
</graphtext>
</grate>
</procstep>
</stepgrp>
<stepgrp id="nev13711329n1-nev13711338n65">
<title id="nev13711329n1-nev13711341n27">Removal</title>
<procstep id="nev13711329n1-nev13711338n66">
<title id="nev13711329n1-nev13711341n28">Removing the en#@#@#5#cover</title>
<grate id="nev13711329n1-nev13711341n29">
<graphic id="nev13711329n1-nev13711338n67">
<href>0900c8af8135ab9#@#@#9#.jpeg</href>
</graphic>
<graphtext id="nev13711329n1-nev13711341n30">
<list1 enumtype="d" id="nev13711329n1-nev13711341n31" type="unordered">
<title id="nev13711329n1-nev13711341n32">Remove:</title>
<item id="nev13711329n1-nev13711341n33">
<ptxt id="nev13711329n1-nev13711341n34">the 4 nuts (1) #@#@#10#acket</ptxt>
</item>
<item id="nev13711329n1-nev13711341n35">
<ptxt id="nev13711329n1-nev13711341n36">the 2 screws (3)</ptxt>
</item>
<item id="nev13711329n1-nev13711341n37">
<ptxt id="nev13711329n1-nev13711341n38">the bracket</ptxt>
</item>
<item id="nev13711329n1-nev13711341n39">
<ptxt id="nev13711329n1-nev13711341n40">the screw for t#@#@#12#d (2)</ptxt>
</item>
<item id="nev13711329n1-nev13711341n41">
<ptxt id="nev13711329n1-nev13711341n42">the engine mounting.</ptxt>
</item>
</list1>
</graphtext>
</grate>
</procstep>
</stepgrp>
<stepgrp id="nev13711329n1-nev13711338n68">
<title id="nev13711329n1-nev13711341n43">Installation</title>
<note id="nev13711329n1-nev13711341n44">
<ptxt id="nev13711329n1-nev13711341n45">For tightening #@#@#9#see: <xref id="nev13711329n1-nev13711341n46">
<ref id="nev13711329n1-nev13711338n69"/>
</xref>. </ptxt>
</note>
<procstep id="nev13711329n1-nev13711338n70">
<title id="nev13711329n1-nev13711341n47">Installing the #@#@#5#e pad</title>
<grate id="nev13711329n1-nev13711341n48">
<graphic id="nev13711329n1-nev13711338n71">
<href>0900c8af8135ab9#@#@#9#.jpeg</href>
</graphic>
<graphtext id="nev13711329n1-nev13711341n49">
<list1 enumtype="d" id="nev13711329n1-nev13711341n50" type="unordered">
<title id="nev13711329n1-nev13711341n51">Install:</title>
<item id="nev13711329n1-nev13711341n52">
<ptxt id="nev13711329n1-nev13711341n53">the engine pad</ptxt>
</item>
<item id="nev13711329n1-nev13711341n54">
<ptxt id="nev13711329n1-nev13711341n55">the screw (2) f#@#@#28#See: <xref id="nev13711329n1-nev13711341n56">
<ref id="nev13711329n1-nev13711338n72"/>
</xref>
</ptxt>
</item>
<item id="nev13711329n1-nev13711341n57">
<ptxt id="nev13711329n1-nev13711341n58">the bracket</ptxt>
</item>
<item id="nev13711329n1-nev13711341n59">
<ptxt id="nev13711329n1-nev13711341n60">the 4 x nuts (1#@#@#28#See: <xref id="nev13711329n1-nev13711341n61">
<ref id="nev13711329n1-nev13711338n73"/>
</xref>
</ptxt>
</item>
<item id="nev13711329n1-nev13711341n62">
<ptxt id="nev13711329n1-nev13711341n63">the 2 x M8 scre#@#@#2# (3).</ptxt>
</item>
</list1>
</graphtext>
</grate>
</procstep>
</stepgrp>
<stepgrp id="nev13711329n1-nev13711338n74">
<title id="nev13711329n1-nev13711341n64">Finishing</title>
<procstep id="nev13711329n1-nev13711338n75">
<title id="nev13711329n1-nev13711341n65">Removing liftin#@#@#2#tools</title>
<para id="nev13711329n1-nev13711341n66">
<ptxt id="nev13711329n1-nev13711341n67">Remove the lift#@#@#5#ool: <toolitem id="nev13711329n1-nev13711338n76"/> and: <toolitem id="nev13711329n1-nev13711338n77"/>
</ptxt>
</para>
</procstep>
<procstep id="nev13711329n1-nev13711338n78">
<title id="nev13711329n1-nev13711341n68">Installing the #@#@#2#ttery</title>
<grate id="nev13711329n1-nev13711341n69">
<graphic id="nev13711329n1-nev13711338n79">
<href>0900c8af81621f5#@#@#9#.jpeg</href>
</graphic>
<graphtext id="nev13711329n1-nev13711341n70">
<para id="nev13711329n1-nev13711341n71">
<ptxt id="nev13711329n1-nev13711341n72">Connect the con#@#@#38#tion.</ptxt>
</para>
<list1 enumtype="d" id="nev13711329n1-nev13711341n73" type="unordered">
<title id="nev13711329n1-nev13711341n74">Install:</title>
<item id="nev13711329n1-nev13711341n75">
<ptxt id="nev13711329n1-nev13711341n76">the three screw#@#@#37#y box</ptxt>
</item>
<item id="nev13711329n1-nev13711341n77">
<ptxt id="nev13711329n1-nev13711341n78">the battery as #@#@#2#own: <xref id="nev13711329n1-nev13711341n79">
<ref id="nev13711329n1-nev13711338n80"/>
</xref>.</ptxt>
</item>
</list1>
</graphtext>
</grate>
</procstep>
<procstep id="nev13711329n1-nev13711338n81">
<title id="nev13711329n1-nev13711341n80">Installing the #@#@#44#(ECM)</title>
<grate id="nev13711329n1-nev13711341n81">
<graphic id="nev13711329n1-nev13711338n82">
<href>0900c8af81621f5#@#@#9#.jpeg</href>
</graphic>
<graphtext id="nev13711329n1-nev13711341n82">
<list1 enumtype="d" id="nev13711329n1-nev13711341n83" type="unordered">
<title id="nev13711329n1-nev13711341n84">Install:</title>
<item id="nev13711329n1-nev13711341n85">
<ptxt id="nev13711329n1-nev13711341n86">the cable harne#@#@#32#(ECM)</ptxt>
</item>
<item id="nev13711329n1-nev13711341n87">
<ptxt id="nev13711329n1-nev13711341n88">the cover above#@#@#28#ECM).</ptxt>
</item>
</list1>
</graphtext>
</grate>
</procstep>
<procstep id="nev13711329n1-nev13711338n83">
<title id="nev13711329n1-nev13711341n89">Installing the #@#@#12#(ACL)</title>
<list1 enumtype="d" id="nev13711329n1-nev13711341n90" type="unordered">
<title id="nev13711329n1-nev13711341n91">Install:</title>
<item id="nev13711329n1-nev13711341n92">
<ptxt id="nev13711329n1-nev13711341n93">the evaporator #@#@#32#using</ptxt>
</item>
<item id="nev13711329n1-nev13711341n94">
<ptxt id="nev13711329n1-nev13711341n95">the air cleaner#@#@#2#ACL) </ptxt>
</item>
<item id="nev13711329n1-nev13711341n96">
<ptxt id="nev13711329n1-nev13711341n97">the hose clamps#@#@#21#take.</ptxt>
</item>
</list1>
</procstep>
<procstep id="nev13711329n1-nev13711338n84">
<title id="nev13711329n1-nev13711341n98">Installing the #@#@#13#cover</title>
<grate id="nev13711329n1-nev13711341n99">
<graphic id="nev13711329n1-nev13711338n85">
<href>0900c8af81621f5#@#@#9#.jpeg</href>
</graphic>
<graphtext id="nev13711329n1-nev13711341n100">
<para id="nev13711329n1-nev13711342n1">
<ptxt id="nev13711329n1-nev13711342n2">Install the upp#@#@#11#over.</ptxt>
</para>
</graphtext>
</grate>
</procstep>
</stepgrp>
</procedure>
</servinfosub>