<?xml version="1.0" encoding="UTF-8"?><servinfosub IE-ID="en-US0900c8af8531301a" docno="VCC-356049" id="nev13499623n1" xml:lang="en-US">
<title>
<phrase category="" id="nev13499623n2" phrase-urn="urn:x-nevis:phrase:0800c8af82725448">Signal too low</phrase>
</title>
<diagnostic j2008use="1" layout="0" paperuse="1" screenuse="1" type="test">
<testgrp IE-ID="en-US0900c8af8531301a_nev13499623n3" id="nev13499623n3" j2008use="1" paperuse="1" resumable="1" screenuse="1" testgrp-id="node1" x="100" y="80">
<title>
<phrase category="" id="nev13499623n4" phrase-urn="urn:x-nevis:phrase:0800c8af82725449">Checking the cable</phrase>
</title>
<node>
<test1>
<diaglist>
<dgraphic>
<dgraphic1>
<graphic id="nev13499623n5">
<href>0900c8af80054d4#@#@#9#.jpeg</href>
</graphic>
</dgraphic1>
</dgraphic>
<ditem>
<ptxt>
<phrase category="" id="nev13499623n6" phrase-urn="urn:x-nevis:phrase:0800c8af8272544a">Ignition off</phrase>
</ptxt>
</ditem>
</diaglist>
<test2>
<para>
<ptxt>
<phrase category="" id="nev13499623n7" phrase-urn="urn:x-nevis:phrase:0800c8af8272544b">Check the gener#@#@#47#ound.</phrase>
</ptxt>
<ptxt>
<phrase category="Faulttracing" id="nev13499631n1" phrase-urn="urn:x-nevis:phrase:0800c8af8437089e">Measure between#@#@#61#l #2.</phrase>
</ptxt>
</para>
<hint id="nev16714080n100">
<ptxt id="nev16714080n99">
<phrase category="Faulttracing" id="nev16714082n1" phrase-urn="urn:x-nevis:phrase:0800c8af82a68c6b">Another test to#@#@#75#tion.</phrase>
<phrase category="Faulttracing" id="nev16714084n1" phrase-urn="urn:x-nevis:phrase:0800c8af827fcf37">Found in VIDA v#@#@#54#CEM).</phrase>
</ptxt>
</hint>
<para>
<ptxt>
<phrase category="" id="nev13499623n9" phrase-urn="urn:x-nevis:phrase:0800c8af8272544d">If the diagnost#@#@#101#ator.</phrase>
</ptxt>
</para>
<ptxt>
<phrase category="" id="nev13499623n10" phrase-urn="urn:x-nevis:phrase:0800c8af8272544e">Remedy as necessary.</phrase>
</ptxt>
<list1 enumtype="d" type="unordered">
<title>
<phrase category="" id="nev13499624n1" phrase-urn="urn:x-nevis:phrase:0800c8af8272544f">Other information</phrase>
</title>
<item>
<ptxt>
<phrase category="" id="nev13499624n2" phrase-urn="urn:x-nevis:phrase:0800c8af82725450">
<xref>
<ref id="KC09608479"/>
</xref>.</phrase>
</ptxt>
</item>
<item>
<ptxt>
<xref id="nev14425278n100">
<ref id="l1203067208150"/>
</xref>
</ptxt>
</item>
<item>
<ptxt>
<phrase category="" id="nev13499624n6" phrase-urn="urn:x-nevis:phrase:0800c8af82725452">
<xref>
<ref id="KC09608483"/>
</xref>.</phrase>
</ptxt>
</item>
<item>
<ptxt>
<phrase category="" id="nev13499624n8" phrase-urn="urn:x-nevis:phrase:0800c8af82725453">
<xref>
<ref id="KC09608485"/>
</xref>.</phrase>
</ptxt>
</item>
</list1>
<diaglist>
<dgraphic>
<dgraphic1>
<graphic id="nev13499624n10">
<href>0900c8af807311b#@#@#9#.jpeg</href>
</graphic>
</dgraphic1>
</dgraphic>
</diaglist>
<grate>
<graphic id="nev13499625n1">
<href>0900c8af8162105#@#@#9#.jpeg</href>
</graphic>
</grate>
</test2>
</test1>
<question/>
<resact-grp>
<result button="cont" comp="button" highlight="0"/>
<action j2008use="1" paperuse="1" screenuse="1">
<ptxt>
<xref>
<ref id="nev13499625n3"/>
</xref>
</ptxt>
</action>
</resact-grp>
</node>
</testgrp>
<testgrp id="nev13499625n4" j2008use="1" paperuse="1" resumable="1" screenuse="1" testgrp-id="info1" x="520" y="80">
<title>
<phrase category="" id="nev13499625n5" phrase-urn="urn:x-nevis:phrase:0800c8af82725455">Fault-tracing i#@#@#5#ation</phrase>
</title>
<subcalloutnode>
<diagcallout>
<xref>
<ref id="nev13499625n6"/>
</xref>
</diagcallout>
<rescall-grp>
<result comp="string" highlight="0" op="eq" return="FAULT FOUND"/>
<calloutaction>
<return value="FAULT FOUND"/>
</calloutaction>
</rescall-grp>
<rescall-grp>
<result comp="string" highlight="0" op="eq" return="NEW TRY"/>
<calloutaction>
<ptxt>
<xref>
<ref id="nev13499625n7"/>
</xref>
</ptxt>
</calloutaction>
</rescall-grp>
</subcalloutnode>
</testgrp>
</diagnostic>
</servinfosub>