<?xml version="1.0" encoding="UTF-8"?><servinfosub IE-ID="en-US0900c8af8091c01a" docno="VCC-113223" id="KC02438323" servinfosubId="nev20684304n1-nev20684304n2" servinfosubRes="0900c8af862b9b9d" servinfosubRes2="urn:x-nevis:fragment:0900c8af8091c01a:0900c8af862b9b9d#nev20684304n2" xml:lang="en-US">
<title>Signal specific#@#@#24#1 B/D</title>
<para>
<title>General</title>
<ptxt>All values give#@#@#134#ntry.</ptxt>
</para>
<grate>
<graphic id="nev20684304n1-KC06668009">
<href>0900c8af803f858#@#@#9#.jpeg</href>
</graphic>
</grate>
<table frame="none" pgwide="1">
<tgroup cols="4" colsep="0" rowsep="0">
<colspec colwidth="47*"/>
<colspec colwidth="153*"/>
<colspec colwidth="53*"/>
<colspec colwidth="203*"/>
<tbody>
<row>
<entry align="left" valign="top">
<ptxt>U=</ptxt>
</entry>
<entry align="left" valign="top">
<ptxt>DC voltage in v#@#@#3#s (V)</ptxt>
</entry>
<entry align="left" valign="top">
<ptxt>U<sub>AC</sub>=</ptxt>
</entry>
<entry align="left" valign="top">
<ptxt>AC voltage in v#@#@#4# (V) </ptxt>
</entry>
</row>
<row>
<entry align="left" valign="top">
<ptxt>U<sub>bat</sub> =</ptxt>
</entry>
<entry align="left" valign="top">
<ptxt>Battery voltage (V)</ptxt>
</entry>
<entry align="left" valign="top">
<ptxt>f =</ptxt>
</entry>
<entry align="left" valign="top">
<ptxt>Frequency in He#@#@#3# (Hz)</ptxt>
</entry>
</row>
<row>
<entry align="left" valign="top">
<ptxt>U<sub>low</sub> =</ptxt>
</entry>
<entry align="left" valign="top">
<ptxt>Voltage approxi#@#@#5#y 0 V</ptxt>
</entry>
<entry align="left" valign="top">
<ptxt>% duty =</ptxt>
</entry>
<entry align="left" valign="top">
<ptxt>Duty cycle (pul#@#@#25# (%) </ptxt>
</entry>
</row>
<row>
<entry align="left" valign="top">
<ptxt>t =</ptxt>
</entry>
<entry align="left" valign="top">
<ptxt>Time in millise#@#@#5# (ms)</ptxt>
</entry>
<entry align="left" valign="top"/>
<entry align="left" valign="top"/>
</row>
</tbody>
</tgroup>
</table>
<table frame="all" pgwide="1">
<tgroup cols="5" colsep="1" rowsep="1">
<colspec colwidth="42*"/>
<colspec colwidth="177*"/>
<colspec colname="col3" colwidth="87*"/>
<colspec colname="col4" colwidth="94*"/>
<colspec colname="col5" colwidth="95*"/>
<spanspec nameend="col4" namest="col3" spanname="3to4"/>
<tbody>
<row>
<entry align="left" valign="top">
<ptxt>
<emph etype="bold">Terminal</emph>
</ptxt>
</entry>
<entry align="left" valign="top">
<ptxt>
<emph etype="bold">Signal type</emph>
</ptxt>
</entry>
<entry align="left" valign="top">
<ptxt>
<emph etype="bold">Ignition on</emph>
</ptxt>
</entry>
<entry align="left" valign="top">
<ptxt>
<emph etype="bold">Heater started</emph>
</ptxt>
</entry>
<entry align="left" valign="top">
<ptxt>
<emph etype="bold">Other</emph>
</ptxt>
</entry>
</row>
<row>
<entry align="left" valign="top">
<ptxt>#1</ptxt>
</entry>
<entry align="left" valign="top">
<ptxt>Timer control signal</ptxt>
</entry>
<entry align="left" spanname="3to4" valign="top">
<ptxt>Timer active: U#@#@#3#;7 V </ptxt>
<ptxt>Timer not activ#@#@#9#.75 V</ptxt>
</entry>
</row>
<row>
<entry align="left" valign="top">
<ptxt>#2</ptxt>
</entry>
<entry align="left" valign="top">
<ptxt>Power ground</ptxt>
<ptxt>(Measured to th#@#@#23#inal)</ptxt>
<ptxt>Also the common#@#@#62#nsor </ptxt>
</entry>
<entry align="left" spanname="3to4" valign="top">
<ptxt>U<sub>low</sub>
</ptxt>
</entry>
<entry align="left" colname="col5" valign="top">
<ptxt>-</ptxt>
</entry>
</row>
<row>
<entry align="left" valign="top">
<ptxt>#3</ptxt>
</entry>
<entry align="left" valign="top">
<ptxt>30-supply (Powe#@#@#17#tery)</ptxt>
</entry>
<entry align="left" spanname="3to4" valign="top">
<ptxt>U<sub>bat</sub>
</ptxt>
</entry>
<entry align="left" colname="col5" valign="top">
<ptxt>-</ptxt>
</entry>
</row>
<row>
<entry align="left" valign="top">
<ptxt>#4</ptxt>
</entry>
<entry align="left" valign="top">
<ptxt>Coolant tempera#@#@#13#ignal</ptxt>
</entry>
<entry align="left" valign="top">
<ptxt>U≈U<sub>low</sub>
</ptxt>
</entry>
<entry align="left" valign="top">
<ptxt>+20°C: U≈3.5 V</ptxt>
</entry>
<entry align="left" valign="top">
<ptxt>The voltage dec#@#@#29#ature</ptxt>
</entry>
</row>
<row>
<entry align="left" valign="top">
<ptxt>#5</ptxt>
</entry>
<entry align="left" valign="top">
<ptxt>Glow plug signal</ptxt>
</entry>
<entry align="left" valign="top">
<ptxt>U≈U<sub>low</sub>
</ptxt>
</entry>
<entry align="left" valign="top">
<ptxt>Glow plug off: U=U<sub>low</sub>
</ptxt>
<ptxt>Glow plugs on: #@#@#10# 1 Hz</ptxt>
</entry>
<entry align="left" valign="top">
<ptxt>-</ptxt>
</entry>
</row>
<row>
<entry align="left" valign="top">
<ptxt>#6</ptxt>
</entry>
<entry align="left" valign="top">
<ptxt>-</ptxt>
</entry>
<entry align="left" spanname="3to4" valign="top">
<ptxt>-</ptxt>
</entry>
<entry align="left" colname="col5" valign="top">
<ptxt>-</ptxt>
</entry>
</row>
<row>
<entry align="left" valign="top">
<ptxt>#7</ptxt>
</entry>
<entry align="left" valign="top">
<ptxt>-</ptxt>
</entry>
<entry align="left" spanname="3to4" valign="top">
<ptxt>-</ptxt>
</entry>
<entry align="left" colname="col5" valign="top">
<ptxt>-</ptxt>
</entry>
</row>
<row>
<entry align="left" valign="top">
<ptxt>#8</ptxt>
</entry>
<entry align="left" valign="top">
<ptxt>-</ptxt>
</entry>
<entry align="left" spanname="3to4" valign="top">
<ptxt>-</ptxt>
</entry>
<entry align="left" colname="col5" valign="top">
<ptxt>-</ptxt>
</entry>
</row>
<row>
<entry align="left" valign="top">
<ptxt>#9</ptxt>
</entry>
<entry align="left" valign="top">
<ptxt>Diagnostic lead</ptxt>
</entry>
<entry align="left" spanname="3to4" valign="top">
<ptxt>U=1-2 V</ptxt>
</entry>
<entry align="left" colname="col5" valign="top">
<ptxt>If the fault tr#@#@#44#apply</ptxt>
</entry>
</row>
<row>
<entry align="left" valign="top">
<ptxt>#10</ptxt>
</entry>
<entry align="left" valign="top">
<ptxt>Signal, flame sensor</ptxt>
</entry>
<entry align="left" valign="top">
<ptxt>U≈U<sub>low</sub>
</ptxt>
</entry>
<entry align="left" valign="top">
<ptxt>Flame not lit: #@#@#4#; 4 V</ptxt>
<ptxt>Flame lit: U&amp;lt#@#@#1#1.5 V</ptxt>
</entry>
<entry align="left" valign="top">
<ptxt>-</ptxt>
</entry>
</row>
<row>
<entry align="left" valign="top">
<ptxt>#11</ptxt>
</entry>
<entry align="left" valign="top">
<ptxt>Control signal #@#@#14# fan </ptxt>
</entry>
<entry align="left" spanname="3to4" valign="top">
<ptxt>Relay not activ#@#@#6#U≈12V</ptxt>
<ptxt>Relay activated#@#@#14#2.5 V</ptxt>
</entry>
<entry align="left" colname="col5" valign="top">
<ptxt>-</ptxt>
</entry>
</row>
<row>
<entry align="left" valign="top">
<ptxt>#12</ptxt>
</entry>
<entry align="left" valign="top">
<ptxt>-</ptxt>
</entry>
<entry align="left" spanname="3to4" valign="top">
<ptxt>-</ptxt>
</entry>
<entry align="left" colname="col5" valign="top">
<ptxt>-</ptxt>
</entry>
</row>
<row>
<entry align="left" valign="top">
<ptxt>#13</ptxt>
</entry>
<entry align="left" valign="top">
<ptxt>Fuel pump contr#@#@#4#ignal</ptxt>
</entry>
<entry align="left" valign="top">
<ptxt>U<sub>bat</sub>
</ptxt>
</entry>
<entry align="left" valign="top">
<ptxt>Fuel pump off: #@#@#1#=0 Hz</ptxt>
<ptxt>Fuel pump on: f#@#@#9# 7 Hz</ptxt>
</entry>
<entry align="left" valign="top">
<ptxt>The frequency i#@#@#20#peed </ptxt>
</entry>
</row>
<row>
<entry align="left" valign="top">
<ptxt>#14</ptxt>
</entry>
<entry align="left" valign="top">
<ptxt>Water pump cont#@#@#5#ignal</ptxt>
</entry>
<entry align="left" spanname="3to4" valign="top">
<ptxt>Water pump off #@#@#18#ff: U<sub>low</sub>
</ptxt>
<ptxt>Water pump off #@#@#17#on: U<sub>bat</sub>
</ptxt>
<ptxt>Water pump on a#@#@#16#on: U<sub>low</sub>
</ptxt>
</entry>
<entry align="left" colname="col5" valign="top">
<ptxt>-</ptxt>
</entry>
</row>
<row>
<entry align="left" valign="top">
<ptxt>#15</ptxt>
</entry>
<entry align="left" valign="top">
<ptxt>Power supply, c#@#@#39# pump</ptxt>
</entry>
<entry align="left" spanname="3to4" valign="top">
<ptxt>Power supply off: U<sub>low</sub>
</ptxt>
<ptxt>Power supply on: U<sub>bat</sub>
</ptxt>
</entry>
<entry align="left" colname="col5" valign="top">
<ptxt>-</ptxt>
</entry>
</row>
<row>
<entry align="left" valign="top">
<ptxt>#16</ptxt>
</entry>
<entry align="left" valign="top">
<ptxt>Combustion fan #@#@#9#ignal</ptxt>
</entry>
<entry align="left" spanname="3to4" valign="top">
<ptxt>Combustion fan #@#@#22#ff: U<sub>low</sub>
</ptxt>
<ptxt>Combustion fan #@#@#22#n: U <sub>bat</sub>
</ptxt>
<ptxt>Fan on: Pulse r#@#@#16#t; 0%</ptxt>
</entry>
<entry align="left" colname="col5" valign="top">
<ptxt>The pulse ratio#@#@#30#peed.</ptxt>
</entry>
</row>
</tbody>
</tgroup>
</table>
</servinfosub>