<?xml version="1.0" encoding="UTF-8"?><servinfosub IE-ID="en-US0900c8af8414901a" docno="VCC-135742" id="KC01108445" xml:lang="en-US">
<title>
<phrase category="" id="KC09637340" phrase-urn="urn:x-nevis:phrase:0800c8af8273fe8d">Signal outside #@#@#14#range</phrase>
</title>
<diagnostic j2008use="1" layout="0" paperuse="1" screenuse="1" type="test">
<testgrp IE-ID="en-US0900c8af8414901a_KC01108446" id="KC01108446" j2008use="1" paperuse="1" resumable="1" screenuse="1" testgrp-id="node1" x="120" y="80">
<title>
<phrase category="" id="KC09637341" phrase-urn="urn:x-nevis:phrase:0800c8af8273fe8e">Checking the co#@#@#3#ctors</phrase>
</title>
<node>
<test1>
<diaglist>
<dgraphic>
<dgraphic1>
<graphic id="KC09637342">
<href>0900c8af80054d5#@#@#9#.jpeg</href>
</graphic>
</dgraphic1>
</dgraphic>
<ditem>
<ptxt>
<phrase category="" id="KC09637343" phrase-urn="urn:x-nevis:phrase:0800c8af8273fe92">Ignition off</phrase>
</ptxt>
</ditem>
<ditem>
<ptxt>
<phrase category="" id="KC09637344" phrase-urn="urn:x-nevis:phrase:0800c8af8273fe95">Check the conne#@#@#126#tion.</phrase>
</ptxt>
</ditem>
<ditem>
<ptxt>
<phrase category="" id="KC09637345" phrase-urn="urn:x-nevis:phrase:0800c8af8273fe99">Reinstall the c#@#@#35# etc.</phrase>
</ptxt>
</ditem>
<ditem>
<ptxt>
<phrase category="" id="KC09637346" phrase-urn="urn:x-nevis:phrase:0800c8af8273fe9e">Ignition on</phrase>
</ptxt>
</ditem>
<ditem>
<ptxt>
<phrase category="" id="KC09637347" phrase-urn="urn:x-nevis:phrase:0800c8af8273fea1">Use the Activat#@#@#49#lve. </phrase>
</ptxt>
</ditem>
</diaglist>
<test2>
<para>
<ptxt>
<phrase category="" id="KC09637348" phrase-urn="urn:x-nevis:phrase:0800c8af8273fea6">A mechanical pu#@#@#88#htly.</phrase>
</ptxt>
</para>
<list1 enumtype="d" type="unordered">
<title>
<phrase category="" id="KC09637349" phrase-urn="urn:x-nevis:phrase:0800c8af8273feab">Other information</phrase>
</title>
<item>
<ptxt>
<phrase category="" id="KC09637350" phrase-urn="urn:x-nevis:phrase:0800c8af8273feb0">For removal of #@#@#26#ors: <xref>
<ref id="KC09637351"/>
</xref>
</phrase>
</ptxt>
</item>
<item>
<ptxt>
<phrase category="" id="KC09637352" phrase-urn="urn:x-nevis:phrase:0800c8af8273feb4">
<xref>
<ref id="KC09637353"/>
</xref>
</phrase>
</ptxt>
</item>
</list1>
<diaglist>
<dgraphic>
<dgraphic2>
<graphic id="KC09637354">
<href>0900c8af86c8681#@#@#9#.jpeg</href>
</graphic>
<smarttool active="press" id="KC09637355" toolname="XBCMA605"/>
</dgraphic2>
</dgraphic>
</diaglist>
<grate>
<graphic id="KC09637357">
<href>0900c8af800594e#@#@#9#.jpeg</href>
</graphic>
</grate>
</test2>
</test1>
<question>
Was the functi#@#@#2# OK?
</question>
<resact-grp>
<result button="yes" comp="button" highlight="0"/>
<action j2008use="1" paperuse="1" screenuse="1">
<return value="FAULT FOUND"/>
</action>
</resact-grp>
<resact-grp>
<result button="no" comp="button" highlight="0"/>
<action j2008use="1" paperuse="1" screenuse="1">
<ptxt>
<xref>
<ref id="KC09637359"/>
</xref>
</ptxt>
</action>
</resact-grp>
</node>
</testgrp>
<testgrp id="KC01108447" j2008use="1" paperuse="1" resumable="1" screenuse="1" testgrp-id="node2" x="120" y="160">
<title>
<phrase category="" id="KC09637360" phrase-urn="urn:x-nevis:phrase:0800c8af8273fec1">Checking wiring#@#@#7#nsors</phrase>
</title>
<node>
<test1>
<test2>
<para>
<ptxt>
<phrase category="" id="KC09637361" phrase-urn="urn:x-nevis:phrase:0800c8af8273fec5">Check the cable#@#@#33#alve:</phrase>
</ptxt>
</para>
<list1 enumtype="d" type="unordered">
<item>
<ptxt>
<phrase category="" id="KC09637362" phrase-urn="urn:x-nevis:phrase:0800c8af8273fec9">#3 and brake co#@#@#24##A31)</phrase>
</ptxt>
</item>
<item>
<ptxt>
<phrase category="" id="KC09637363" phrase-urn="urn:x-nevis:phrase:0800c8af8273fecd">#4 and brake co#@#@#24##A17)</phrase>
</ptxt>
</item>
</list1>
<para>
<ptxt>
<phrase category="" id="KC09637364" phrase-urn="urn:x-nevis:phrase:0800c8af8273fed1">check for an op#@#@#72#age. </phrase>
</ptxt>
</para>
<hint>
<ptxt>
<phrase category="Faulttracing" id="nev13208742n1" phrase-urn="urn:x-nevis:phrase:0800c8af8414901e">Check the press#@#@#145# box.</phrase>
<phrase category="Faulttracing" id="nev13208743n1" phrase-urn="urn:x-nevis:phrase:0800c8af84149021">Resistance must#@#@#16#y 3Ω.</phrase>
</ptxt>
</hint>
<para>
<ptxt>
<phrase category="" id="KC09637366" phrase-urn="urn:x-nevis:phrase:0800c8af8273fedb">Remedy as necessary.</phrase>
</ptxt>
</para>
<list1 enumtype="d" type="unordered">
<title>
<phrase category="" id="KC09637367" phrase-urn="urn:x-nevis:phrase:0800c8af8273fee0">Other information</phrase>
</title>
<item>
<ptxt>
<phrase category="" id="KC09637368" phrase-urn="urn:x-nevis:phrase:0800c8af8273fee4">
<xref>
<ref id="KC09637369"/>
</xref>
</phrase>
</ptxt>
</item>
<item>
<ptxt>
<phrase category="" id="KC09637370" phrase-urn="urn:x-nevis:phrase:0800c8af8273fee9">
<xref>
<ref id="KC09637371"/>
</xref>
</phrase>
</ptxt>
</item>
<item>
<ptxt>
<phrase category="" id="KC09637372" phrase-urn="urn:x-nevis:phrase:0800c8af8273feec">For replacing t#@#@#39#er): <xref>
<ref id="KC09637373"/>
</xref>
</phrase>
</ptxt>
</item>
</list1>
<diaglist>
<dgraphic>
<dgraphic1>
<graphic id="KC09637374">
<href>0900c8af80058dc#@#@#9#.jpeg</href>
</graphic>
</dgraphic1>
</dgraphic>
</diaglist>
</test2>
</test1>
<question>
Was a fault de#@#@#3#ted?
</question>
<resact-grp>
<result button="yes" comp="button" highlight="0"/>
<action j2008use="1" paperuse="1" screenuse="1">
<ptxt>
<xref>
<ref id="KC09637376"/>
</xref>
</ptxt>
</action>
</resact-grp>
<resact-grp>
<result button="no" comp="button" highlight="0"/>
<action j2008use="1" paperuse="1" screenuse="1">
<return value="FAULT NOT FOUND"/>
</action>
</resact-grp>
</node>
</testgrp>
<testgrp id="KC01108448" j2008use="1" paperuse="1" resumable="1" screenuse="1" testgrp-id="veri1" x="280" y="60">
<title>
<phrase category="" id="KC09637377" phrase-urn="urn:x-nevis:phrase:0800c8af8273fef6">Verification</phrase>
</title>
<node>
<hint>
<ptxt>
<phrase category="" id="KC09637378" phrase-urn="urn:x-nevis:phrase:0800c8af8273fef9">After carrying #@#@#50#died.</phrase>
</ptxt>
</hint>
<test1>
<diaglist>
<dgraphic>
<dgraphic1>
<graphic id="KC09637379">
<href>0900c8af80054d5#@#@#9#.jpeg</href>
</graphic>
</dgraphic1>
<dgraphic2>
<graphic id="KC09637380">
<href>0900c8af80054d7#@#@#9#.jpeg</href>
</graphic>
</dgraphic2>
</dgraphic>
<ditem>
<ptxt>
<phrase category="" id="KC09637381" phrase-urn="urn:x-nevis:phrase:0800c8af8273fefe">Ignition off</phrase>
</ptxt>
</ditem>
<ditem>
<ptxt>
<phrase category="" id="KC09637382" phrase-urn="urn:x-nevis:phrase:0800c8af8273ff01">Reinstall the c#@#@#35# etc.</phrase>
</ptxt>
</ditem>
<ditem>
<ptxt>
<phrase category="" id="KC09637383" phrase-urn="urn:x-nevis:phrase:0800c8af8273ff06">Ignition on</phrase>
</ptxt>
</ditem>
<ditem>
<ptxt>
<phrase category="" id="KC09637384" phrase-urn="urn:x-nevis:phrase:0800c8af8273ff09">Use the Activat#@#@#49#lve. </phrase>
</ptxt>
</ditem>
</diaglist>
<test2>
<para>
<ptxt>
<phrase category="" id="KC09637385" phrase-urn="urn:x-nevis:phrase:0800c8af8273ff0e">A mechanical pu#@#@#88#htly.</phrase>
</ptxt>
</para>
<diaglist>
<dgraphic>
<dgraphic2>
<graphic id="KC09637386">
<href>0900c8af86c8681#@#@#9#.jpeg</href>
</graphic>
<smarttool active="press" id="KC09637387" toolname="XBCMA605"/>
</dgraphic2>
</dgraphic>
</diaglist>
<grate>
<graphic id="KC09637389">
<href>0900c8af800594e#@#@#9#.jpeg</href>
</graphic>
</grate>
</test2>
</test1>
<question>
Was the functi#@#@#2# OK?
</question>
<resact-grp>
<result button="yes" comp="button" highlight="0"/>
<action j2008use="1" paperuse="1" screenuse="1">
<return value="FAULT FOUND"/>
</action>
</resact-grp>
<resact-grp>
<result button="no" comp="button" highlight="0"/>
<action j2008use="1" paperuse="1" screenuse="1">
<ptxt>
<xref>
<ref id="KC09637391"/>
</xref>
</ptxt>
</action>
</resact-grp>
</node>
</testgrp>
<testgrp id="KC01108449" j2008use="1" paperuse="0" resumable="1" screenuse="1" testgrp-id="info1" x="440" y="80">
<title>
<phrase category="" id="KC09637392" phrase-urn="urn:x-nevis:phrase:0800c8af8273ff1c">Fault-tracing i#@#@#5#ation</phrase>
</title>
<subcalloutnode>
<diagcallout>
<xref>
<ref id="KC09637393"/>
</xref>
</diagcallout>
<rescall-grp>
<result comp="string" highlight="0" op="eq" return="FAULTTRACING FAILED"/>
<calloutaction>
<return value="FAULTTRACING FAILED"/>
</calloutaction>
</rescall-grp>
<rescall-grp>
<result comp="string" highlight="0" op="eq" return="NEW TRY"/>
<calloutaction>
<ptxt>
<xref>
<ref id="KC09637394"/>
</xref>
</ptxt>
</calloutaction>
</rescall-grp>
</subcalloutnode>
</testgrp>
</diagnostic>
</servinfosub>