<?xml version="1.0" encoding="UTF-8"?><servinfosub IE-ID="en-US0900c8af81a99c03" docno="VCC-159945" id="KC07219837" xml:lang="en-US">
<title>
<phrase category="" id="KC07219841" phrase-urn="urn:x-nevis:phrase:0800c8af81a99c05">Diagnostic trou#@#@#30#-4A40</phrase>
</title>
<diagnostic type="condition">
<condgrp>
<condition type="condition">
<para>
<ptxt>
<phrase category="" id="KC07219842" phrase-urn="urn:x-nevis:phrase:0800c8af81a99c06">The rear electr#@#@#64#sor. </phrase>
</ptxt>
<ptxt>
<phrase category="" id="KC07219843" phrase-urn="urn:x-nevis:phrase:0800c8af81a99c07">The diagnostic #@#@#98#high.</phrase>
</ptxt>
</para>
<para>
<ptxt>
<phrase category="" id="KC07219844" phrase-urn="urn:x-nevis:phrase:0800c8af81a99c08">The diagnostic #@#@#50#n II.</phrase>
</ptxt>
</para>
</condition>
</condgrp>
<condgrp>
<condition type="substitution">
<list1 enumtype="d">
<item>
<ptxt>
<phrase category="" id="KC07219845" phrase-urn="urn:x-nevis:phrase:0800c8af81a99c09">The fuel level #@#@#10#zero.</phrase>
</ptxt>
</item>
</list1>
</condition>
<ps>
<list1 enumtype="d" type="unordered">
<item>
<ptxt>
<phrase category="" id="KC07219846" phrase-urn="urn:x-nevis:phrase:0800c8af81a99c0a">Short-circuit t#@#@#31#cable</phrase>
</ptxt>
</item>
<item>
<ptxt>
<phrase category="" id="KC07219847" phrase-urn="urn:x-nevis:phrase:0800c8af81a99c0b">Open-circuit in#@#@#13#able.</phrase>
</ptxt>
</item>
</list1>
</ps>
</condgrp>
<condgrp>
<condition type="symptom">
<list1 enumtype="d" type="unordered">
<item>
<ptxt>
<phrase category="" id="KC07219848" phrase-urn="urn:x-nevis:phrase:0800c8af81a99c0c">The trip comput#@#@#35#early</phrase>
</ptxt>
</item>
<item>
<ptxt>
<phrase category="" id="KC07219849" phrase-urn="urn:x-nevis:phrase:0800c8af81a99c0e">The fuel gauge #@#@#47# tank</phrase>
</ptxt>
</item>
<item>
<ptxt>
<phrase category="" id="KC07219850" phrase-urn="urn:x-nevis:phrase:0800c8af81a99c0f">The gas level g#@#@#14#work.</phrase>
</ptxt>
</item>
</list1>
</condition>
</condgrp>
</diagnostic>
</servinfosub>