<?xml version="1.0" encoding="UTF-8"?><servinfosub IE-ID="en-US0900c8af80442c03" docno="VCC-053735" id="KC01411728" xml:lang="en-US">
<title>Oil, changing</title>
<procedure>
<stepgrp>
<title/>
<note>
<ptxt> Use only autom#@#@#40#ills <emph>both</emph> Dexron II E an#@#@#19#ards.</ptxt>
</note>
<warning>
<ptxt>Avoid skin cont#@#@#27#luid.</ptxt>
</warning>
<warning>
<ptxt>The oil may be #@#@#36#iven.</ptxt>
</warning>
<procstep id="KC01556931">
<title>Conditions</title>
<ptxt>Only replace th#@#@#28#nces:</ptxt>
<list1>
<item>
<ptxt>Diagnostic trou#@#@#112# high</ptxt>
</item>
<item>
<ptxt>If the oil smel#@#@#118# use </ptxt>
</item>
<item>
<ptxt>Cars in continu#@#@#111#als. </ptxt>
</item>
</list1>
</procstep>
<procstep id="KC01556932">
<title>Draining the tr#@#@#5#ssion</title>
<warning>
<ptxt>Avoid skin cont#@#@#27#luid.</ptxt>
</warning>
<warning>
<ptxt>The oil may be #@#@#36#iven.</ptxt>
</warning>
<grate>
<graphic id="KC07032539">
<href>0900c8af8012287#@#@#9#.jpeg</href>
</graphic>
<graphtext>
<ptxt>Remove the drai#@#@#39#sion.</ptxt>
<ptxt>Install the oil#@#@#32#ing. </ptxt>
<ptxt>Torque: <emph etype="bold">40 Nm</emph>.</ptxt>
</graphtext>
</grate>
</procstep>
<procstep id="KC01556933">
<title>Draining the oi#@#@#3#ooler</title>
<grate>
<graphic id="KC07032540">
<href>0900c8af8012559#@#@#9#.jpeg</href>
</graphic>
<graphtext>
<ptxt>Place a contain#@#@#40# oil.</ptxt>
<ptxt>Remove the hose#@#@#83#over.</ptxt>
<ptxt>Install a plast#@#@#16#ipe. </ptxt>
<ptxt>Install a trans#@#@#38#line.</ptxt>
<ptxt>Ensure that the#@#@#27#ner. </ptxt>
<ptxt/>
</graphtext>
</grate>
</procstep>
<procstep id="KC01556934">
<title>Refilling</title>
<ptxt>Apply the parki#@#@#49#n P. </ptxt>
<ptxt>Fill with appro#@#@#43#pipe.</ptxt>
<ptxt>Start the engin#@#@#13#idle.</ptxt>
<ptxt>Turn the engine#@#@#53#hose.</ptxt>
<ptxt>Add approximate#@#@#14# oil.</ptxt>
<ptxt>Start the engin#@#@#20#dle. </ptxt>
<ptxt>Turn the engine#@#@#53#hose.</ptxt>
<ptxt>Remove the tran#@#@#29#hose.</ptxt>
<ptxt/>
<list1 enumtype="d" type="unordered">
<title>Install:</title>
<item>
<ptxt>the return hose#@#@#43#cover</ptxt>
</item>
<item>
<ptxt>a new hose clamp.</ptxt>
</item>
</list1>
</procstep>
<procstep id="KC01556935">
<title>Filling, continued</title>
<ptxt>Add approximate#@#@#13#f oil</ptxt>
<ptxt>Apply the parki#@#@#3#brake</ptxt>
<ptxt>Start the engin#@#@#102#onds.</ptxt>
</procstep>
<procstep id="KC01556936">
<title>Check</title>
<ptxt>The transmissio#@#@#61#MIN).</ptxt>
<caution>
<ptxt>Check the oil l#@#@#29# See <xref>
<ref id="KC07032541"/>
</xref>.</ptxt>
</caution>
<ptxt>Switch off the #@#@#2#gine.</ptxt>
</procstep>
<procstep id="KC01556937">
<title>Erasing diagnos#@#@#19#DTCs)</title>
<ptxt>Check and erase#@#@#33#Cs). </ptxt>
</procstep>
</stepgrp>
</procedure>
</servinfosub>