<?xml version="1.0" encoding="UTF-8"?><servinfosub IE-ID="en-US0900c8af856b0c03" docno="VCC-157567" id="KC07195998" xml:lang="en-US">
<title>
<phrase category="" id="KC07196002" phrase-urn="urn:x-nevis:phrase:0800c8af81a95056">Diagnostic trou#@#@#30#-8F15</phrase>
</title>
<diagnostic j2008use="1" paperuse="1" screenuse="1" type="condition">
<condgrp>
<condition type="condition">
<grate>
<graphtext>
<para>
<ptxt>
<phrase category="" id="KC07196004" phrase-urn="urn:x-nevis:phrase:0800c8af81a95057">The central ele#@#@#64#lamp.</phrase>
</ptxt>
</para>
<para>
<ptxt>
<phrase category="" id="KC07196005" phrase-urn="urn:x-nevis:phrase:0800c8af81a95058">The diagnostic #@#@#109#bulb.</phrase>
</ptxt>
</para>
<para>
<ptxt>
<phrase category="" id="KC07196006" phrase-urn="urn:x-nevis:phrase:0800c8af81a9505a">The diagnostic #@#@#96#beam.</phrase>
</ptxt>
</para>
<para>
<ptxt>
<phrase category="" id="KC07196007" phrase-urn="urn:x-nevis:phrase:0800c8af81a9505b">The diagnostic #@#@#62#n II.</phrase>
</ptxt>
</para>
<note id="nev17399139n100">
<ptxt id="nev17399139n99">
<phrase category="Faulttracing" id="nev17399428n1" phrase-urn="urn:x-nevis:phrase:0800c8af8569a1e2">Each headlamp h#@#@#24#noid.</phrase>
<phrase category="Faulttracing" id="nev17399466n1" phrase-urn="urn:x-nevis:phrase:0800c8af8567d1f8">One of the moto#@#@#93#tion.</phrase>
<phrase category="Faulttracing" id="nev17399479n1" phrase-urn="urn:x-nevis:phrase:0800c8af8567d1f9">This motor can #@#@#32#part.</phrase>
<phrase category="Faulttracing" id="nev17399500n1" phrase-urn="urn:x-nevis:phrase:0800c8af8567d1fc">The other motor#@#@#34#unit.</phrase>
<phrase category="Faulttracing" id="nev17399515n1" phrase-urn="urn:x-nevis:phrase:0800c8af8569a1ea">It manages the #@#@#90#unit.</phrase>
<phrase category="Faulttracing" id="nev17399534n1" phrase-urn="urn:x-nevis:phrase:0800c8af8569a07f">The solenoid is#@#@#76#eams.</phrase>
<phrase category="Faulttracing" id="nev17399553n1" phrase-urn="urn:x-nevis:phrase:0800c8af8569a082">It can only be #@#@#42#unit.</phrase>
</ptxt>
</note>
</graphtext>
</grate>
</condition>
</condgrp>
<condgrp>
<condition type="substitution">
<list1 enumtype="d">
<item>
<ptxt>
<phrase category="" id="KC07196008" phrase-urn="urn:x-nevis:phrase:0800c8af81a9505c">Shortest headla#@#@#17#used.</phrase>
</ptxt>
</item>
</list1>
</condition>
<ps>
<list1 enumtype="d" type="unordered">
<item>
<ptxt>
<phrase category="" id="KC07196009" phrase-urn="urn:x-nevis:phrase:0800c8af81a9505d">The actuator mo#@#@#35#ammed</phrase>
</ptxt>
</item>
<item>
<ptxt>
<phrase category="" id="KC07196010" phrase-urn="urn:x-nevis:phrase:0800c8af81a9505e">Damaged actuato#@#@#29#sing.</phrase>
</ptxt>
</item>
</list1>
</ps>
</condgrp>
<condgrp>
<condition type="symptom">
<list1 enumtype="d" type="unordered">
<item>
<ptxt>
<phrase category="" id="KC07196011" phrase-urn="urn:x-nevis:phrase:0800c8af81a9505f">The low beam is#@#@#10#y lit</phrase>
</ptxt>
</item>
<item>
<ptxt>
<phrase category="" id="KC07196012" phrase-urn="urn:x-nevis:phrase:0800c8af81a95060">The high beam i#@#@#11#y lit</phrase>
</ptxt>
</item>
<item>
<ptxt>
<phrase category="" id="KC07196013" phrase-urn="urn:x-nevis:phrase:0800c8af81a95061">The road surfac#@#@#16#ated.</phrase>
</ptxt>
</item>
<item id="nev13291135n100">
<ptxt id="nev13291135n99">
<phrase category="Symptom CSC" id="nev13291136n1" phrase-urn="urn:x-nevis:phrase:0800c8af8388f070">DC, Headlights/#@#@#15#s off</phrase>
</ptxt>
</item>
</list1>
</condition>
</condgrp>
</diagnostic>
</servinfosub>