<?xml version="1.0" encoding="UTF-8"?><servinfosub IE-ID="en-US0900c8af80917002" docno="VCC-107829" id="KC02409316" xml:lang="en-US">
<title>
<phrase category="" id="KC07151786" phrase-urn="urn:x-nevis:phrase:0800c8af81a8eea1">Signal missing.#@#@#11#fault</phrase>
</title>
<diagnostic j2008use="1" paperuse="1" screenuse="1" type="test">
<testgrp IE-ID="en-US0900c8af80917002_KC02446828" id="KC02446828" j2008use="1" paperuse="1" resumable="1" screenuse="1" testgrp-id="node1" x="120" y="200">
<title>
<phrase category="" id="KC07151787" phrase-urn="urn:x-nevis:phrase:0800c8af81a8eea2">Checking compon#@#@#10#iring</phrase>
</title>
<node>
<caution>
<ptxt>
<phrase category="" id="KC07151788" phrase-urn="urn:x-nevis:phrase:0800c8af81a8eea3">Do not apply ru#@#@#67#ctor.</phrase>
</ptxt>
</caution>
<test1>
<test2>
<para>
<ptxt>
<phrase category="" id="KC07151789" phrase-urn="urn:x-nevis:phrase:0800c8af81a8eea4">Check the signa#@#@#254# See <xref>
<ref id="KC07151790"/>
</xref>.</phrase>
</ptxt>
</para>
<para>
<ptxt>
<phrase category="" id="KC07151791" phrase-urn="urn:x-nevis:phrase:0800c8af81a8eea5">Check the power#@#@#235# See <xref>
<ref id="KC07151792"/>
</xref>.</phrase>
</ptxt>
</para>
<para>
<ptxt>
<phrase category="" id="KC07151793" phrase-urn="urn:x-nevis:phrase:0800c8af81a8eea6">Try a new heate#@#@#38#s OK.</phrase>
</ptxt>
<ptxt>
<phrase category="" id="KC07151794" phrase-urn="urn:x-nevis:phrase:0800c8af81a8eea7">Remedy as necessary.</phrase>
</ptxt>
</para>
<list1 enumtype="d" type="unordered">
<title>
<phrase category="" id="KC07151795" phrase-urn="urn:x-nevis:phrase:0800c8af81a8eea8">Other information</phrase>
</title>
<item>
<ptxt>
<phrase category="" id="KC07151796" phrase-urn="urn:x-nevis:phrase:0800c8af81a8eea9"> To connect the#@#@#43#, see<xref>
<ref id="KC07151797"/>
</xref>
</phrase>
</ptxt>
</item>
<item>
<ptxt>
<phrase category="" id="KC07151798" phrase-urn="urn:x-nevis:phrase:0800c8af81a8eeaa">To access or re#@#@#37# see <xref>
<ref id="KC07151799"/>
</xref>
</phrase>
</ptxt>
</item>
<item>
<ptxt>
<phrase category="" id="KC07151800" phrase-urn="urn:x-nevis:phrase:0800c8af81a8eeab">For information#@#@#13#s see<xref>
<ref id="KC07151801"/>
</xref>. </phrase>
</ptxt>
</item>
</list1>
<diaglist>
<dgraphic>
<dgraphic1>
<graphic id="KC07151802">
<href>0900c8af80058cb#@#@#9#.jpeg</href>
</graphic>
</dgraphic1>
<dgraphic2>
<graphic id="KC07151803">
<href>0900c8af80054d4#@#@#9#.jpeg</href>
</graphic>
<smarttool active="press" id="KC07151804" toolname="ODAH"/>
</dgraphic2>
</dgraphic>
<ditem>
<ditemtext>
<ptxt>
<phrase category="" id="KC07151805" phrase-urn="urn:x-nevis:phrase:0800c8af81a8eeac"/>
</ptxt>
</ditemtext>
</ditem>
</diaglist>
<grate>
<graphic id="KC07151806">
<href>0900c8af8005789#@#@#9#.jpeg</href>
</graphic>
</grate>
</test2>
</test1>
<question/>
<resact-grp>
<result button="cont" comp="button" highlight="0"/>
<action j2008use="1" paperuse="1" screenuse="1">
<ptxt>
<xref>
<ref id="KC07151807"/>
</xref>
</ptxt>
</action>
</resact-grp>
</node>
</testgrp>
<testgrp id="KC02446829" j2008use="1" paperuse="1" resumable="1" screenuse="1" testgrp-id="ecm-ver1" x="320" y="80">
<title>
<phrase category="" id="KC07151808" phrase-urn="urn:x-nevis:phrase:0800c8af81a8eead">Verification</phrase>
</title>
<subcalloutnode>
<diagcallout>
<xref>
<ref id="KC07151809"/>
</xref>
</diagcallout>
<rescall-grp>
<result comp="string" highlight="0" op="eq" return="VERIFICATION FAILED"/>
<calloutaction>
<ptxt>
<xref>
<ref id="KC07151810"/>
</xref>
</ptxt>
</calloutaction>
</rescall-grp>
<rescall-grp>
<result comp="string" highlight="0" op="eq" return="VERIFIED"/>
<calloutaction>
<return value="FAULT FOUND"/>
</calloutaction>
</rescall-grp>
</subcalloutnode>
</testgrp>
<testgrp id="KC02446830" j2008use="1" paperuse="1" resumable="1" screenuse="1" testgrp-id="info1" x="480" y="80">
<title>
<phrase category="" id="KC07151811" phrase-urn="urn:x-nevis:phrase:0800c8af81a8eeae">Fault-tracing i#@#@#5#ation</phrase>
</title>
<subcalloutnode>
<diagcallout>
<xref>
<ref id="KC07151812"/>
</xref>
</diagcallout>
<rescall-grp>
<result comp="string" highlight="0" op="eq" return="FAULTTRACING FAILED"/>
<calloutaction>
<return value="FAULTTRACING FAILED"/>
</calloutaction>
</rescall-grp>
<rescall-grp>
<result comp="string" highlight="0" op="eq" return="NEW TRY"/>
<calloutaction>
<ptxt>
<xref>
<ref id="KC07151813"/>
</xref>
</ptxt>
</calloutaction>
</rescall-grp>
</subcalloutnode>
</testgrp>
</diagnostic>
</servinfosub>