<?xml version="1.0" encoding="UTF-8"?><servinfosub IE-ID="en-US0900c8af84873002" docno="VCC-370544" id="nev13713999n1" original="sv-SE" servinfosubId="nev13714000n1-nev13714012n1" servinfosubRes="0900c8af8487301e" servinfosubRes2="urn:x-nevis:fragment:0900c8af84873002:0900c8af8487301e#nev13714012n1" xml:lang="en-US">
<operationnumbers>
<operationnumber>37213-2</operationnumber>
</operationnumbers>
<title id="nev13713996n89">Battery cable t#@#@#32#noid.</title>
<procedure id="nev13714000n1-nev13714009n61">
<stepgrp boilerplate="false" context="" id="nev13714000n1-nev14388636n7">
<title id="nev13714000n1-nev13714009n62">Removal</title>
<procstep id="nev13714000n1-nev14388603n8">
<para id="nev13714000n1-nev14388636n2">
<ptxt id="nev13714000n1-nev14388636n4">Perform battery#@#@#24#cting<xref boilerplate="true" id="nev13714000n1-nev14388636n5">
<ref id="nev13714000n1-nev14388636n3"/>
</xref>
</ptxt>
</para>
</procstep>
<procstep id="nev13714000n1-nev14388635n78">
<para id="nev13714000n1-nev14388638n97">
<ptxt id="nev13714000n1-nev14388638n99">Remove the air #@#@#9#using<xref boilerplate="true" id="nev13714000n1-nev14388638n100">
<ref id="nev13714000n1-nev14388638n98"/>
</xref>
</ptxt>
</para>
</procstep>
<procstep id="nev13714000n1-nev14388529n70">
<grate id="nev13714000n1-nev13714009n78">
<graphic id="nev13714000n1-nev13714009n79">
<href>0900c8af83febcb#@#@#9#.jpeg</href>
</graphic>
</grate>
</procstep>
<procstep id="nev13714000n1-nev14388529n69">
<grate id="nev13714000n1-nev13714014n2">
<graphic id="nev13714000n1-nev13714014n3">
<href>0900c8af83febcb#@#@#9#.jpeg</href>
</graphic>
</grate>
</procstep>
<procstep id="nev13714000n1-nev14388529n68">
<grate id="nev13714000n1-nev13714014n6">
<graphic id="nev13714000n1-nev13714014n7">
<href>0900c8af83febcb#@#@#9#.jpeg</href>
</graphic>
</grate>
</procstep>
</stepgrp>
<stepgrp boilerplate="false" context="" id="nev13714000n1-nev14388638n95">
<title id="nev13714000n1-nev13714009n94">Installation</title>
<procstep id="nev13714000n1-nev14388529n65">
<grate id="nev13714000n1-nev13714014n10">
<graphic id="nev13714000n1-nev13714014n11">
<href>0900c8af83febcb#@#@#9#.jpeg</href>
</graphic>
<graphtext id="nev13714000n1-nev14388657n1">
<para id="nev13714000n1-nev14388638n92">
<ptxt id="nev13714000n1-nev14388638n93">
<torque id="nev13714000n1-nev13714014n15">
<ref id="nev13714000n1-nev13714014n16"/>
</torque>
</ptxt>
</para>
</graphtext>
</grate>
</procstep>
<procstep id="nev13714000n1-nev14388529n62">
<grate id="nev13714000n1-nev13714014n19">
<graphic id="nev13714000n1-nev13714014n20">
<href>0900c8af83febcb#@#@#9#.jpeg</href>
</graphic>
<graphtext id="nev13714000n1-nev14388664n1">
<para id="nev13714000n1-nev14388638n90">
<ptxt id="nev13714000n1-nev14388638n91">
<torque id="nev13714000n1-nev13714014n24">
<ref id="nev13714000n1-nev13714014n25"/>
</torque>
</ptxt>
</para>
</graphtext>
</grate>
</procstep>
<procstep id="nev13714000n1-nev14388529n59">
<grate id="nev13714000n1-nev13714014n28">
<graphic id="nev13714000n1-nev13714014n29">
<href>0900c8af83febcb#@#@#9#.jpeg</href>
</graphic>
<graphtext id="nev13714000n1-nev14388671n1">
<para id="nev13714000n1-nev14388638n88">
<ptxt id="nev13714000n1-nev14388638n89">
<torque id="nev13714000n1-nev13714014n33">
<ref id="nev13714000n1-nev13714014n34"/>
</torque>
</ptxt>
</para>
</graphtext>
</grate>
</procstep>
</stepgrp>
</procedure>
</servinfosub>