<?xml version="1.0" encoding="UTF-8"?><servinfosub IE-ID="en-US0900c8af8135a002" docno="VCC-156103" id="KC03092737" xml:lang="en-US">
<title>
<phrase category="" id="KC07891128" phrase-urn="urn:x-nevis:phrase:0800c8af81c2ff40">Diagnostic trou#@#@#30#-1A04</phrase>
</title>
<diagnostic type="condition">
<condgrp>
<condition type="condition">
<grate>
<graphic id="KC07891129" width="column">
<href>0900c8af81359ff#@#@#9#.jpeg</href>
</graphic>
<graphtext>
<para>
<ptxt>
<phrase category="" id="KC07891130" phrase-urn="urn:x-nevis:phrase:0800c8af81c2ff41">The trailer mod#@#@#54#ule. </phrase>
</ptxt>
</para>
<para>
<ptxt>
<phrase category="" id="KC07891131" phrase-urn="urn:x-nevis:phrase:0800c8af81c2ff42">The diagnostic #@#@#74#ault.</phrase>
</ptxt>
</para>
<para>
<ptxt>
<phrase category="" id="KC07891132" phrase-urn="urn:x-nevis:phrase:0800c8af81c2ff43">The diagnostic #@#@#70# III.</phrase>
</ptxt>
</para>
</graphtext>
</grate>
</condition>
</condgrp>
<condgrp>
<condition type="substitution">
<list1 enumtype="d">
<item>
<ptxt>
<phrase category="" id="KC07891133" phrase-urn="urn:x-nevis:phrase:0800c8af81c2ff44">None.</phrase>
</ptxt>
</item>
</list1>
</condition>
<ps>
<list1 enumtype="d" type="unordered">
<item>
<ptxt>
<phrase category="" id="KC07891134" phrase-urn="urn:x-nevis:phrase:0800c8af81c2ff45">Fault in the tr#@#@#14#TRM).</phrase>
</ptxt>
</item>
</list1>
</ps>
</condgrp>
<condgrp>
<condition type="symptom">
<list1 enumtype="d" type="unordered">
<item>
<ptxt>
<phrase category="" id="KC07891135" phrase-urn="urn:x-nevis:phrase:0800c8af81c2ff46">Faulty function#@#@#12#lamps</phrase>
</ptxt>
</item>
<item>
<ptxt>
<phrase category="" id="KC07891136" phrase-urn="urn:x-nevis:phrase:0800c8af81c2ff47">The information#@#@#7#s lit</phrase>
</ptxt>
</item>
<item>
<ptxt>
<phrase category="" id="KC07891137" phrase-urn="urn:x-nevis:phrase:0800c8af81c2ff48">Message in the #@#@#3#play.</phrase>
</ptxt>
</item>
</list1>
</condition>
</condgrp>
</diagnostic>
</servinfosub>