<?xml version="1.0" encoding="UTF-8"?><servinfosub IE-ID="en-US0900c8af81a9f002" docno="VCC-162029" id="KC07236112" xml:lang="en-US">
<title>
<phrase category="" id="KC09567921" phrase-urn="urn:x-nevis:phrase:0800c8af82720656">Signal missing</phrase>
</title>
<diagnostic j2008use="1" paperuse="1" screenuse="1" type="test">
<testgrp IE-ID="en-US0900c8af81a9f002_KC07247949" id="KC07247949" j2008use="1" paperuse="1" resumable="1" screenuse="1" testgrp-id="node1" x="120" y="80">
<title>
<phrase category="" id="KC09567922" phrase-urn="urn:x-nevis:phrase:0800c8af82720657">Checking the co#@#@#14#iring</phrase>
</title>
<node>
<test1>
<test2>
<para>
<ptxt>
<phrase category="" id="KC09567923" phrase-urn="urn:x-nevis:phrase:0800c8af82720658">Check the rear #@#@#77#tion.</phrase>
</ptxt>
</para>
<para>
<ptxt>
<phrase category="" id="KC09567924" phrase-urn="urn:x-nevis:phrase:0800c8af82720659">Check the cable#@#@#124#cuit.</phrase>
</ptxt>
</para>
<para>
<ptxt>
<phrase category="" id="KC09567925" phrase-urn="urn:x-nevis:phrase:0800c8af8272065a">Check the cable#@#@#124#cuit.</phrase>
</ptxt>
</para>
<para>
<ptxt>
<phrase category="" id="KC09567926" phrase-urn="urn:x-nevis:phrase:0800c8af8272065b">Try a new heate#@#@#71#ault.</phrase>
</ptxt>
</para>
<para>
<ptxt>
<phrase category="" id="KC09567927" phrase-urn="urn:x-nevis:phrase:0800c8af8272065c">Remedy as necessary.</phrase>
</ptxt>
</para>
<list1 enumtype="d" type="unordered">
<title>
<phrase category="" id="KC09567928" phrase-urn="urn:x-nevis:phrase:0800c8af8272065d">Other information</phrase>
</title>
<item>
<ptxt>
<phrase category="" id="KC09567929" phrase-urn="urn:x-nevis:phrase:0800c8af8272065e">
<xref>
<ref id="KC09567930"/>
</xref>
</phrase>
</ptxt>
</item>
<item>
<ptxt>
<phrase category="" id="KC09567931" phrase-urn="urn:x-nevis:phrase:0800c8af8272065f">
<xref>
<ref id="KC09567932"/>
</xref>
</phrase>
</ptxt>
</item>
<item>
<ptxt>
<phrase category="" id="KC09567933" phrase-urn="urn:x-nevis:phrase:0800c8af82720660">
<xref>
<ref id="KC09567934"/>
</xref>
</phrase>
</ptxt>
</item>
<item>
<ptxt>
<phrase category="" id="KC09567935" phrase-urn="urn:x-nevis:phrase:0800c8af82720661">
<xref>
<ref id="KC09567936"/>
</xref>
</phrase>
</ptxt>
</item>
</list1>
<diaglist>
<dgraphic>
<dgraphic1>
<graphic id="KC09567937">
<href>0900c8af80058ca#@#@#9#.jpeg</href>
</graphic>
</dgraphic1>
<dgraphic2>
<graphic id="KC09567938">
<href>0900c8af86c8681#@#@#9#.jpeg</href>
</graphic>
<smarttool active="press" id="KC09567939" toolname="YECM1087"/>
</dgraphic2>
</dgraphic>
<ditem>
<ditemtext>
<ptxt>
<phrase category="" id="KC09567940" phrase-urn="urn:x-nevis:phrase:0800c8af82720662"/>
</ptxt>
</ditemtext>
</ditem>
</diaglist>
<grate>
<graphic id="KC09567941">
<href>0900c8af8005789#@#@#9#.jpeg</href>
</graphic>
</grate>
</test2>
</test1>
<question>
Select Continue.
</question>
<resact-grp>
<result button="cont" comp="button" highlight="0"/>
<action j2008use="1" paperuse="1" screenuse="1">
<ptxt>
<xref>
<ref id="KC09567943"/>
</xref>
</ptxt>
</action>
</resact-grp>
</node>
</testgrp>
<testgrp id="KC07247950" j2008use="1" paperuse="1" resumable="1" screenuse="1" testgrp-id="ecm-ver1" x="320" y="80">
<title>
<phrase category="" id="KC09567944" phrase-urn="urn:x-nevis:phrase:0800c8af82720664">Verification</phrase>
</title>
<subcalloutnode>
<diagcallout>
<xref>
<ref id="KC09567945"/>
</xref>
</diagcallout>
<rescall-grp>
<result comp="string" highlight="0" op="eq" return="VERIFICATION FAILED"/>
<calloutaction>
<ptxt>
<xref>
<ref id="KC09567946"/>
</xref>
</ptxt>
</calloutaction>
</rescall-grp>
<rescall-grp>
<result comp="string" highlight="0" op="eq" return="VERIFIED"/>
<calloutaction>
<return value="FAULT FOUND"/>
</calloutaction>
</rescall-grp>
</subcalloutnode>
</testgrp>
<testgrp id="KC07247951" j2008use="1" paperuse="1" resumable="1" screenuse="1" testgrp-id="info1" x="480" y="80">
<title>
<phrase category="" id="KC09567947" phrase-urn="urn:x-nevis:phrase:0800c8af82720665">Fault-tracing i#@#@#5#ation</phrase>
</title>
<subcalloutnode>
<diagcallout>
<xref>
<ref id="KC09567948"/>
</xref>
</diagcallout>
<rescall-grp>
<result comp="string" highlight="0" op="eq" return="FAULTTRACING FAILED"/>
<calloutaction>
<return value="FAULTTRACING FAILED"/>
</calloutaction>
</rescall-grp>
<rescall-grp>
<result comp="string" highlight="0" op="eq" return="NEW TRY"/>
<calloutaction>
<ptxt>
<xref>
<ref id="KC09567949"/>
</xref>
</ptxt>
</calloutaction>
</rescall-grp>
</subcalloutnode>
</testgrp>
</diagnostic>
</servinfosub>