<?xml version="1.0" encoding="UTF-8"?><servinfosub IE-ID="en-US0900c8af800e2002" docno="VCC-105290" id="KC01138551" xml:lang="en-US">
<title>Replacing cruis#@#@#39#witch</title>
<procedure>
<procstep id="KC01295759">
<title>Removal</title>
<grate>
<graphic id="KC07337124" width="column">
<href>0900c8af80054cb#@#@#9#.jpeg</href>
</graphic>
<graphtext>
<para>
<ptxt>Position the st#@#@#23#head.</ptxt>
<ptxt>Key out.</ptxt>
</para>
<para>
<ptxt>Pull out steeri#@#@#49#lumn.</ptxt>
<ptxt>Undo clips on p#@#@#4# (1).</ptxt>
</para>
<list1 enumtype="d" type="unordered">
<title>Remove:</title>
<item>
<ptxt>upper steering #@#@#90#ards.</ptxt>
</item>
<item>
<ptxt>screws (3).</ptxt>
</item>
<item>
<ptxt>lower steering #@#@#7#over.</ptxt>
</item>
<item>
<ptxt>cruise control/#@#@#50#tor.
</ptxt>
</item>
</list1>
</graphtext>
</grate>
</procstep>
<procstep id="KC01295760">
<title>Installation</title>
<grate>
<graphic id="KC07337125" width="column">
<href>0900c8af80054cc#@#@#9#.jpeg</href>
</graphic>
<graphtext>
<note>
<ptxt>The cruise cont#@#@#140# off.</ptxt>
</note>
<para>
<ptxt>Connect 8-pin c#@#@#8# (2).</ptxt>
</para>
<list1 enumtype="d" type="unordered">
<title>Install:</title>
<item>
<ptxt>the new cruise #@#@#31#witch</ptxt>
</item>
</list1>
<para>
<ptxt>Connect the 6-p#@#@#94#lumn.</ptxt>
</para>
<list1 enumtype="d" type="unordered">
<title>Install:</title>
<item>
<ptxt>steering wheel #@#@#12#anel.</ptxt>
</item>
</list1>
<para>
<ptxt>Function test t#@#@#5#itch.</ptxt>
</para>
</graphtext>
</grate>
</procstep>
</procedure>
</servinfosub>