<?xml version="1.0" encoding="UTF-8"?><script xmlns:nevis="http://www.volvocars.com/namespaces/processing" xmlns:xlink="http://www.w3.org/1999/xlink" IE-ID="en-US0900c8af8519b002" docno="VCC-417405" id="nev15758270n1" nevis:expl-profile="mdl533yr2011eng216, mdl542yr2011eng216, mdl544yr2011eng216, mdl545yr2011eng216, mdl542yr2011eng226, mdl533yr2011eng226, mdl544yr2011eng226, mdl545yr2011eng226, mdl544yr2012eng216, mdl544yr2012eng226, mdl545yr2012eng216, mdl545yr2012eng226, mdl533yr2012eng226, mdl533yr2012eng216, mdl542yr2012eng226, mdl542yr2012eng216, mdl542yr2013eng216, mdl542yr2013eng226, mdl533yr2013eng216, mdl533yr2013eng226" nevis:profile="urn:x-nevis:profile:0b00c8af84920098 urn:x-nevis:profile:0b00c8af84920103 urn:x-nevis:profile:0b00c8af8492016a urn:x-nevis:profile:0b00c8af849201a6 urn:x-nevis:profile:0b00c8af84bd8927 urn:x-nevis:profile:0b00c8af84e5dcc2 urn:x-nevis:profile:0b00c8af84e5dcf1 urn:x-nevis:profile:0b00c8af84e5dd2b urn:x-nevis:profile:0b00c8af84eb836a urn:x-nevis:profile:0b00c8af84eb843e urn:x-nevis:profile:0b00c8af84eb84dd urn:x-nevis:profile:0b00c8af84eb84df urn:x-nevis:profile:0b00c8af84eb86a7 urn:x-nevis:profile:0b00c8af84eb86ab urn:x-nevis:profile:0b00c8af84ebe923 urn:x-nevis:profile:0b00c8af84ebe924 urn:x-nevis:profile:0b00c8af8520c30c urn:x-nevis:profile:0b00c8af8520c30d urn:x-nevis:profile:0b00c8af852277dc urn:x-nevis:profile:0b00c8af852277dd" nevis:projectdocument="urn:x-nevis:projectdocument:0800c8af84f846df" nevis:resource="0900c8af8523ce1d" nevis:resource2="urn:x-nevis:fragment:0900c8af8519b002:0900c8af8523ce1d#nev15758270n1" nevis:session-id="" qualifierinfotype="14:00" type="" xml:lang="en-US"><title>Adaption av dif#@#@#7#ivare</title><content gui="1" height="530" id="nev15758270n2-nev15758271n1" nevis:expl-profile="mdl533yr2011eng216, mdl542yr2011eng216, mdl544yr2011eng216, mdl545yr2011eng216, mdl542yr2011eng226, mdl533yr2011eng226, mdl544yr2011eng226, mdl545yr2011eng226, mdl544yr2012eng216, mdl544yr2012eng226, mdl545yr2012eng216, mdl545yr2012eng226, mdl533yr2012eng226, mdl533yr2012eng216, mdl542yr2012eng226, mdl542yr2012eng216, mdl542yr2013eng216, mdl542yr2013eng226, mdl533yr2013eng216, mdl533yr2013eng226" nevis:idfrom="nev15758270n2" nevis:prefix="nev15758270n2" nevis:profile="urn:x-nevis:profile:0b00c8af84920098 urn:x-nevis:profile:0b00c8af84920103 urn:x-nevis:profile:0b00c8af8492016a urn:x-nevis:profile:0b00c8af849201a6 urn:x-nevis:profile:0b00c8af84bd8927 urn:x-nevis:profile:0b00c8af84e5dcc2 urn:x-nevis:profile:0b00c8af84e5dcf1 urn:x-nevis:profile:0b00c8af84e5dd2b urn:x-nevis:profile:0b00c8af84eb836a urn:x-nevis:profile:0b00c8af84eb843e urn:x-nevis:profile:0b00c8af84eb84dd urn:x-nevis:profile:0b00c8af84eb84df urn:x-nevis:profile:0b00c8af84eb86a7 urn:x-nevis:profile:0b00c8af84eb86ab urn:x-nevis:profile:0b00c8af84ebe923 urn:x-nevis:profile:0b00c8af84ebe924 urn:x-nevis:profile:0b00c8af8520c30c urn:x-nevis:profile:0b00c8af8520c30d urn:x-nevis:profile:0b00c8af852277dc urn:x-nevis:profile:0b00c8af852277dd" nevis:resource="0900c8af8523ce1b" nevis:resource2="urn:x-nevis:fragment:0900c8af8519b002:0900c8af8523ce1b#nev15758271n1" width="505" xml:lang="en-US"><nodes id="nev15758270n2-nev16553412n1"><node class="Components.StartNode" id="nev15758270n2-nev16553413n1" nodeid="Start" x="10" y="102"/><node class="Components.ScriptComponent" id="nev15758270n2-nev16553414n1" nodeid="Script1" x="462" y="695"/><node class="Components.VehComm" id="nev15758270n2-nev16553415n1" nodeid="ReadECM_DAC8" x="317" y="197"><property class="String" id="nev15758270n2-nev16553416n1" name="Mode" type="Internal" value="EcuType" visible="1"/><property class="Int" id="nev15758270n2-nev16553417n1" name="EcuType" type="In" value="284101" visible="0"/><property class="Int" id="nev15758270n2-nev16553418n1" name="ServiceId" type="In" value="100" visible="0"/><property class="String" id="nev15758270n2-nev16553419n1" name="EcuName" type="Out" value="" visible="1"/><property class="Response" id="nev15758270n2-nev16553420n1" name="Result" type="Out" value="" visible="1"/><property class="String" id="nev15758270n2-nev16553421n1" name="Identifier" type="In" value="DAC8" visible="0"/><extension id="nev15758270n2-nev16553422n1"><insertparam id="nev15758270n2-nev16200965n1" name="Identifier"/></extension></node><node class="Components.VehComm" id="nev15758270n2-nev16553423n1" nodeid="UnlockECM_33" x="682" y="478"><property class="String" id="nev15758270n2-nev16553424n1" name="Mode" type="Internal" value="EcuType" visible="1"/><property class="Int" id="nev15758270n2-nev16553425n1" name="EcuType" type="In" value="284101" visible="0"/><property class="Int" id="nev15758270n2-nev16553426n1" name="ServiceId" type="In" value="12629" visible="0"/><property class="String" id="nev15758270n2-nev16553427n1" name="EcuName" type="Out" value="" visible="1"/><property class="Response" id="nev15758270n2-nev16553428n1" name="Result" type="Out" value="" visible="1"/><property class="String" id="nev15758270n2-nev16553429n1" name="Key" type="In" value="1B72F83C57" visible="0"/><extension id="nev15758270n2-nev16553430n1"><insertparam id="nev15758270n2-nev16553431n1" name="Key"/></extension></node><node class="Components.InfoDisplay" id="nev15758270n2-nev16553432n1" nodeid="InfoDisplay1" x="276" y="85"><gui height="270" id="nev15758270n2-nev16553433n1" width="490" x="5" y="5"/><property class="String" id="nev15758270n2-nev16553434n1" name="Content" type="In" value="" visible="1"/><extension id="nev15758270n2-nev16553435n1"/></node><node class="Components.ResultGet" id="nev15758270n2-nev16553436n1" nodeid="ResponseGet1" x="492" y="198"><property class="Response" id="nev15758270n2-nev16553437n1" name="InValue" type="In" value="" visible="1"/><property class="String" id="nev15758270n2-nev16553438n1" name="value" type="Out" value="" visible="1"/><extension id="nev15758270n2-nev16553439n1"><get id="nev15758270n2-nev16200991n1" property="value"><getbyname id="nev15758270n2-nev16200992n1" key="raw"/></get></extension></node><node class="Components.StringIterator" id="nev15758270n2-nev16553440n1" nodeid="StringIterator1" x="699" y="179"><property class="String" id="nev15758270n2-nev16553441n1" name="InValue" type="In" value="" visible="1"/><property class="Int" id="nev15758270n2-nev16553442n1" name="Start" type="In" value="4" visible="0"/><property class="Int" id="nev15758270n2-nev16553443n1" name="Stop" type="In" value="8" visible="0"/><property class="Int" id="nev15758270n2-nev16553444n1" name="Length" type="In" value="4" visible="0"/><property class="String" id="nev15758270n2-nev16553445n1" name="OutValue" type="Out" value="" visible="1"/></node><node class="Components.Comment" id="nev15758270n2-nev16553446n1" nodeid="Comment2" x="639" y="130"><extension id="nev15758270n2-nev16553447n1">Plockar value p#@#@#22#.....</extension></node><node class="Components.StringIterator" id="nev15758270n2-nev16553448n1" nodeid="StringIterator2" x="721" y="327"><property class="String" id="nev15758270n2-nev16553449n1" name="InValue" type="In" value="" visible="1"/><property class="Int" id="nev15758270n2-nev16553450n1" name="Start" type="In" value="4" visible="0"/><property class="Int" id="nev15758270n2-nev16553451n1" name="Stop" type="In" value="8" visible="0"/><property class="Int" id="nev15758270n2-nev16553452n1" name="Length" type="In" value="4" visible="0"/><property class="String" id="nev15758270n2-nev16553453n1" name="OutValue" type="Out" value="" visible="1"/></node><node class="Components.Comment" id="nev15758270n2-nev16553454n1" nodeid="Comment3" x="644" y="296"><extension id="nev15758270n2-nev16553455n1">... dessa 2 byt#@#@#45#holm.</extension></node><node class="Components.StringFormat" id="nev15758270n2-nev16553456n1" nodeid="StringFormat1" x="949" y="256"><property class="String" id="nev15758270n2-nev16553457n1" name="String" type="Out" value="" visible="1"/><property class="String" id="nev15758270n2-nev16553458n1" name="Format" type="Internal" value="{0}{1}{2}" visible="1"/><property class="String" id="nev15758270n2-nev16553459n1" name="0" type="In" value="" visible="1"/><property class="String" id="nev15758270n2-nev16553460n1" name="1" type="In" value="" visible="1"/><property class="String" id="nev15758270n2-nev16553461n1" name="2" type="In" value="" visible="1"/></node><node class="Components.VehComm" id="nev15758270n2-nev16553462n1" nodeid="ExtSession" x="543" y="469"><property class="String" id="nev15758270n2-nev16553463n1" name="Mode" type="Internal" value="EcuType" visible="1"/><property class="Int" id="nev15758270n2-nev16553464n1" name="EcuType" type="In" value="284101" visible="0"/><property class="Int" id="nev15758270n2-nev16553465n1" name="ServiceId" type="In" value="106" visible="0"/><property class="String" id="nev15758270n2-nev16553466n1" name="EcuName" type="Out" value="" visible="1"/><property class="Response" id="nev15758270n2-nev16553467n1" name="Result" type="Out" value="" visible="1"/><extension id="nev15758270n2-nev16553468n1"/></node><node class="Components.VehComm" id="nev15758270n2-nev16553469n1" nodeid="NormSession" x="1000" y="593"><property class="String" id="nev15758270n2-nev16553470n1" name="Mode" type="Internal" value="EcuType" visible="1"/><property class="Int" id="nev15758270n2-nev16553471n1" name="EcuType" type="In" value="284101" visible="0"/><property class="Int" id="nev15758270n2-nev16553472n1" name="ServiceId" type="In" value="112" visible="0"/><property class="String" id="nev15758270n2-nev16553473n1" name="EcuName" type="Out" value="" visible="1"/><property class="Response" id="nev15758270n2-nev16553474n1" name="Result" type="Out" value="" visible="1"/><extension id="nev15758270n2-nev16553475n1"/></node><node class="Components.VehComm" id="nev15758270n2-nev16553476n1" nodeid="Rewrite_at_DB12" x="1040" y="391"><property class="String" id="nev15758270n2-nev16553477n1" name="Mode" type="Internal" value="EcuType" visible="1"/><property class="Int" id="nev15758270n2-nev16553478n1" name="EcuType" type="In" value="284101" visible="0"/><property class="Int" id="nev15758270n2-nev16553479n1" name="ServiceId" type="In" value="119" visible="0"/><property class="String" id="nev15758270n2-nev16553480n1" name="EcuName" type="Out" value="" visible="1"/><property class="Response" id="nev15758270n2-nev16553481n1" name="Result" type="Out" value="" visible="1"/><property class="String" id="nev15758270n2-nev16553482n1" name="Identifier" type="In" value="DB12" visible="0"/><property class="String" id="nev15758270n2-nev16553483n1" name="Value" type="In" value="" visible="1"/><extension id="nev15758270n2-nev16553484n1"><insertparam id="nev15758270n2-nev16201037n1" name="Value"/><insertparam id="nev15758270n2-nev16201038n1" name="Identifier"/></extension></node><node class="Components.InfoDisplayContent" id="nev15758270n2-nev16553485n1" nodeid="InfoDisplayContent1" x="102" y="351"><property class="String" id="nev15758270n2-nev16553486n1" name="Content" type="Out" value="" visible="1"/><extension id="nev15758270n2-nev16553487n1"><para id="nev15758270n2-nev16201188n1"><b id="nev15758270n2-nev16201189n1"><phrase category="Title" id="nev15758270n2-nev16466383n1" phrase-urn="urn:x-nevis:phrase:0800c8af82a68c3f">Adaptation of d#@#@#38#ilter</phrase></b></para><para id="nev15758270n2-nev16201190n1"><list id="nev15758270n2-nev16201191n1"><li id="nev15758270n2-nev16201192n1"><phrase category="Faulttracing" id="nev15758270n2-nev16272934n1" phrase-urn="urn:x-nevis:phrase:0800c8af8511a9f5">After replacing#@#@#122#alue.</phrase></li></list></para><para id="nev15758270n2-nev16201194n1"><b id="nev15758270n2-nev16201195n1"><phrase category="Faulttracing" id="nev15758270n2-nev16390250n1" phrase-urn="urn:x-nevis:phrase:0800c8af8409e07a">Conditions:</phrase></b></para><list id="nev15758270n2-nev16390743n1"><li id="nev15758270n2-nev16390744n1"><phrase category="Condition" id="nev15758270n2-nev16390251n1" phrase-urn="urn:x-nevis:phrase:0800c8af82c47c8e">Ignition switch#@#@#8#n II.</phrase></li></list><phrase category="Faulttracing" id="nev15758270n2-nev16390253n1" phrase-urn="urn:x-nevis:phrase:0800c8af8519afac">Activating the #@#@#117#alue.</phrase></extension></node><node class="Components.ScriptButton" id="nev15758270n2-nev16553488n1" nodeid="Button1" x="112" y="458"><gui height="40" id="nev15758270n2-nev16553489n1" width="160" x="10" y="480"/><property class="String" id="nev15758270n2-nev16553490n1" name="Text" type="In" value="" visible="1"/><property class="String" id="nev15758270n2-nev16553491n1" name="StartDisabled" type="Internal" value="false" visible="1"/><property class="String" id="nev15758270n2-nev16553492n1" name="StartVisible" type="Internal" value="true" visible="1"/><extension id="nev15758270n2-nev16553493n1"><phrase category="Faulttracing" id="nev15758270n2-nev16282143n1" phrase-urn="urn:x-nevis:phrase:0800c8af8178a380">Start</phrase></extension></node><node class="Components.ScriptButton" id="nev15758270n2-nev16553494n1" nodeid="Button2" x="113" y="655"><gui height="40" id="nev15758270n2-nev16553495n1" width="160" x="330" y="480"/><property class="String" id="nev15758270n2-nev16553496n1" name="Text" type="In" value="" visible="1"/><property class="String" id="nev15758270n2-nev16553497n1" name="StartDisabled" type="Internal" value="false" visible="1"/><property class="String" id="nev15758270n2-nev16553498n1" name="StartVisible" type="Internal" value="true" visible="1"/><extension id="nev15758270n2-nev16553499n1"><phrase category="Title" id="nev15758270n2-nev16340618n1" phrase-urn="urn:x-nevis:phrase:0800c8af841b6f1f">Close</phrase></extension></node><node class="Components.InfoDisplay" id="nev15758270n2-nev16553500n1" nodeid="InfoDisplay2" x="382" y="468"><gui height="95" id="nev15758270n2-nev16553501n1" width="490" x="5" y="370"/><property class="String" id="nev15758270n2-nev16553502n1" name="Content" type="In" value="" visible="1"/><extension id="nev15758270n2-nev16553503n1"/></node><node class="Components.InfoDisplayContent" id="nev15758270n2-nev16553504n1" nodeid="Pos resp" x="590" y="689"><property class="String" id="nev15758270n2-nev16553505n1" name="Content" type="Out" value="" visible="1"/><extension id="nev15758270n2-nev16553506n1"><para id="nev15758270n2-nev16340715n1"><phrase category="Faulttracing" id="nev15758270n2-nev16340619n1" phrase-urn="urn:x-nevis:phrase:0800c8af8369d450">Corrective acti#@#@#10#lete.</phrase></para></extension></node><node class="Components.InfoDisplayContent" id="nev15758270n2-nev16553507n1" nodeid="Neg resp" x="999" y="764"><property class="String" id="nev15758270n2-nev16553508n1" name="Content" type="Out" value="" visible="1"/><extension id="nev15758270n2-nev16553509n1"><para id="nev15758270n2-nev16340719n1"><phrase category="Faulttracing" id="nev15758270n2-nev16340620n1" phrase-urn="urn:x-nevis:phrase:0800c8af8430fd22">The requested d#@#@#55#dule.</phrase></para></extension></node><node class="Components.InfoDisplayContent" id="nev15758270n2-nev16553510n1" nodeid="No contact" x="839" y="748"><property class="String" id="nev15758270n2-nev16553511n1" name="Content" type="Out" value="" visible="1"/><extension id="nev15758270n2-nev16553512n1"><para id="nev15758270n2-nev16340723n1"><phrase category="Faulttracing" id="nev15758270n2-nev16340621n1" phrase-urn="urn:x-nevis:phrase:0800c8af834c1f57">No contact with#@#@#4#icle!</phrase></para></extension></node><node class="Components.Constant" id="nev15758270n2-nev16553513n1" nodeid="Constant1" x="1057" y="91"><property class="String" id="nev15758270n2-nev16553514n1" name="Text" type="Out" value="" visible="1"/><property class="String" id="nev15758270n2-nev16553515n1" name="Value" type="Out" value="01" visible="1"/><extension id="nev15758270n2-nev16553516n1"/></node><node class="Components.VehComm" id="nev15758270n2-nev16553517n1" nodeid="1001" x="332" y="603"><property class="String" id="nev15758270n2-nev16553518n1" name="Mode" type="Internal" value="EcuType" visible="1"/><property class="Int" id="nev15758270n2-nev16553519n1" name="EcuType" type="In" value="284101" visible="0"/><property class="Int" id="nev15758270n2-nev16553520n1" name="ServiceId" type="In" value="112" visible="0"/><property class="String" id="nev15758270n2-nev16553521n1" name="EcuName" type="Out" value="" visible="1"/><property class="Response" id="nev15758270n2-nev16553522n1" name="Result" type="Out" value="" visible="1"/><extension id="nev15758270n2-nev16553523n1"/></node><node class="Components.IdentifierComponent" id="nev15758270n2-nev16553524n1" nodeid="Parameter1" x="612" y="789"><property class="Parameter" id="nev15758270n2-nev16553525n1" name="Adapted Differential Pressure, Particulate Filter" type="Out" value="" visible="1"/><extension id="nev15758270n2-nev16553526n1"><identifier ecu="284101" ecuMode="EcuType" id="nev15758270n2-nev16553527n1" read="100" type="REID" value="DAC2"><parameter id="nev15758270n2-nev16553528n1" name="Adapted Differential Pressure, Particulate Filter" textid="1020668"/></identifier></extension></node><node class="Components.Gui.ParameterLabel" id="nev15758270n2-nev16553529n1" nodeid="ParameterLabel1" x="743" y="794"><gui height="75" id="nev15758270n2-nev16553530n1" width="490" x="5" y="285"/><property class="Parameter" id="nev15758270n2-nev16553531n1" name="Parameter" type="In" value="" visible="1"/><property class="String" id="nev15758270n2-nev16553532n1" name="Title" type="In" value="" visible="1"/><property class="String" id="nev15758270n2-nev16553533n1" name="Value" type="In" value="" visible="1"/><property class="String" id="nev15758270n2-nev16553534n1" name="Unit" type="In" value="" visible="1"/><property class="String" id="nev15758270n2-nev16553535n1" name="StartVisible" type="Internal" value="true" visible="0"/></node><node class="Components.Comment" id="nev15758270n2-nev16553536n1" nodeid="Comment1" x="1040" y="49"><extension id="nev15758270n2-nev16553537n1">"Dummy-byte" so#@#@#7# med.</extension></node></nodes><handlers id="nev15758270n2-nev16553538n1"><eventhandler id="nev15758270n2-nev16553539n1" name="OnStart" node="Start"><call id="nev15758270n2-nev16553540n1" method="Trigger" node="InfoDisplayContent1"/><call id="nev15758270n2-nev16553541n1" method="Execute" node="ReadECM_DAC8"/><call id="nev15758270n2-nev16553542n1" method="UpdateTitles" node="Parameter1"/><call id="nev15758270n2-nev16553543n1" method="Read" node="Parameter1"/></eventhandler><eventhandler id="nev15758270n2-nev16553544n1" name="OnPositiveResponse" node="ReadECM_DAC8"><call id="nev15758270n2-nev16553545n1" method="Execute" node="ResponseGet1"/></eventhandler><eventhandler id="nev15758270n2-nev16553546n1" name="OnGet" node="ResponseGet1"><call id="nev15758270n2-nev16553547n1" method="Trigger" node="Constant1"/><call id="nev15758270n2-nev16553548n1" method="Execute" node="StringIterator1"/><call id="nev15758270n2-nev16553549n1" method="Execute" node="StringIterator2"/></eventhandler><eventhandler id="nev15758270n2-nev16553550n1" name="OnValue" node="StringIterator2"><call id="nev15758270n2-nev16553551n1" method="Format" node="StringFormat1"/></eventhandler><eventhandler id="nev15758270n2-nev16553552n1" name="OnPositiveResponse" node="UnlockECM_33"><call id="nev15758270n2-nev16553553n1" method="Execute" node="Rewrite_at_DB12"/></eventhandler><eventhandler id="nev15758270n2-nev16553554n1" name="OnPositiveResponse" node="ExtSession"><call id="nev15758270n2-nev16553555n1" method="Execute" node="UnlockECM_33"/></eventhandler><eventhandler id="nev15758270n2-nev16553556n1" name="OnPositiveResponse" node="Rewrite_at_DB12"><call id="nev15758270n2-nev16553557n1" method="Execute" node="NormSession"/><call id="nev15758270n2-nev16553558n1" method="Trigger" node="Pos resp"/><call id="nev15758270n2-nev16553559n1" method="Read" node="Parameter1"/></eventhandler><eventhandler id="nev15758270n2-nev16553560n1" name="Click" node="Button1"><call id="nev15758270n2-nev16553561n1" method="Execute" node="ExtSession"/></eventhandler><eventhandler id="nev15758270n2-nev16553562n1" name="Click" node="Button2"><call id="nev15758270n2-nev16553563n1" method="Execute" node="1001"/><call id="nev15758270n2-nev16553564n1" method="CloseDialog" node="Script1"/><call id="nev15758270n2-nev16553565n1" method="Stop" node="Script1"/></eventhandler><eventhandler id="nev15758270n2-nev16553566n1" name="OnNegativeResponse" node="NormSession"><call id="nev15758270n2-nev16553567n1" method="Trigger" node="Neg resp"/></eventhandler><eventhandler id="nev15758270n2-nev16553568n1" name="OnNoResponse" node="Rewrite_at_DB12"><call id="nev15758270n2-nev16553569n1" method="Trigger" node="No contact"/></eventhandler><eventhandler id="nev15758270n2-nev16553570n1" name="OnNoContact" node="Rewrite_at_DB12"><call id="nev15758270n2-nev16553571n1" method="Trigger" node="No contact"/></eventhandler><eventhandler id="nev15758270n2-nev16553572n1" name="OnNoResponse" node="ExtSession"><call id="nev15758270n2-nev16553573n1" method="Trigger" node="No contact"/></eventhandler><eventhandler id="nev15758270n2-nev16553574n1" name="OnNoContact" node="ExtSession"><call id="nev15758270n2-nev16553575n1" method="Trigger" node="No contact"/></eventhandler><eventhandler id="nev15758270n2-nev16553576n1" name="OnNoResponse" node="UnlockECM_33"><call id="nev15758270n2-nev16553577n1" method="Trigger" node="No contact"/></eventhandler><eventhandler id="nev15758270n2-nev16553578n1" name="OnNoContact" node="UnlockECM_33"><call id="nev15758270n2-nev16553579n1" method="Trigger" node="No contact"/></eventhandler><eventhandler id="nev15758270n2-nev16553580n1" name="OnNegativeResponse" node="UnlockECM_33"><call id="nev15758270n2-nev16553581n1" method="Trigger" node="Neg resp"/></eventhandler><eventhandler id="nev15758270n2-nev16553582n1" name="OnNegativeResponse" node="ExtSession"><call id="nev15758270n2-nev16553583n1" method="Trigger" node="Neg resp"/></eventhandler><eventhandler id="nev15758270n2-nev16553584n1" name="OnNegativeResponse" node="Rewrite_at_DB12"><call id="nev15758270n2-nev16553585n1" method="Trigger" node="Neg resp"/></eventhandler><propertyhandler id="nev15758270n2-nev16553586n1" name="Result" node="ReadECM_DAC8"><set id="nev15758270n2-nev16553587n1" node="ResponseGet1" property="InValue"/></propertyhandler><propertyhandler id="nev15758270n2-nev16553588n1" name="value" node="ResponseGet1"><set id="nev15758270n2-nev16553589n1" node="StringIterator1" property="InValue"/><set id="nev15758270n2-nev16553590n1" node="StringIterator2" property="InValue"/></propertyhandler><propertyhandler id="nev15758270n2-nev16553591n1" name="String" node="StringFormat1"><set id="nev15758270n2-nev16553592n1" node="Rewrite_at_DB12" property="Value"/></propertyhandler><propertyhandler id="nev15758270n2-nev16553593n1" name="Content" node="InfoDisplayContent1"><set id="nev15758270n2-nev16553594n1" node="InfoDisplay1" property="Content"/></propertyhandler><propertyhandler id="nev15758270n2-nev16553595n1" name="Content" node="Pos resp"><set id="nev15758270n2-nev16553596n1" node="InfoDisplay2" property="Content"/></propertyhandler><propertyhandler id="nev15758270n2-nev16553597n1" name="Content" node="Neg resp"><set id="nev15758270n2-nev16553598n1" node="InfoDisplay2" property="Content"/></propertyhandler><propertyhandler id="nev15758270n2-nev16553599n1" name="Content" node="No contact"><set id="nev15758270n2-nev16553600n1" node="InfoDisplay2" property="Content"/></propertyhandler><propertyhandler id="nev15758270n2-nev16553601n1" name="OutValue" node="StringIterator2"><set id="nev15758270n2-nev16553602n1" node="StringFormat1" property="2"/></propertyhandler><propertyhandler id="nev15758270n2-nev16553603n1" name="OutValue" node="StringIterator1"><set id="nev15758270n2-nev16553604n1" node="StringFormat1" property="1"/></propertyhandler><propertyhandler id="nev15758270n2-nev16553605n1" name="Value" node="Constant1"><set id="nev15758270n2-nev16553606n1" node="StringFormat1" property="0"/></propertyhandler><propertyhandler id="nev15758270n2-nev16553607n1" name="Adapted Differential Pressure, Particulate Filter" node="Parameter1"><set id="nev15758270n2-nev16553608n1" node="ParameterLabel1" property="Parameter"/></propertyhandler></handlers></content></script>