<?xml version="1.0" encoding="UTF-8"?><servinfosub IE-ID="en-US0900c8af85700002" docno="VCC-440790" id="nev17450046n1" servinfosubId="nev20684734n1-nev20684734n2" servinfosubRes="0900c8af862b9f1c" servinfosubRes2="urn:x-nevis:fragment:0900c8af85700002:0900c8af862b9f1c#nev20684734n2" xml:lang="en-US">
<title id="nev17450046n2">Component speci#@#@#32#(BCM)</title>
<para id="nev20684734n1-nev17450046n3">
<ptxt id="nev20684734n1-nev17450046n4">The component s#@#@#166#nent.</ptxt>
</para>
<para id="nev20684734n1-nev17450046n5">
<ptxt id="nev20684734n1-nev17450046n6">The figure with#@#@#81#fers.</ptxt>
</para>
<table frame="all" id="nev20684734n1-nev17450046n7" pgwide="1">
<tgroup cols="5" colsep="1" id="nev20684734n1-nev17450046n8" rowsep="1">
<colspec colwidth="105*" id="nev20684734n1-nev17450046n9"/>
<colspec colwidth="105*" id="nev20684734n1-nev17450046n10"/>
<colspec colname="col3" colwidth="105*" id="nev20684734n1-nev17450047n1"/>
<colspec colname="col4" colwidth="105*" id="nev20684734n1-nev17450047n2"/>
<colspec colname="col5" colwidth="108*" id="nev20684734n1-nev17450047n3"/>
<tbody id="nev20684734n1-nev17450047n4">
<row id="nev20684734n1-nev17450047n5">
<entry align="left" id="nev20684734n1-nev17450047n6" valign="top">
<ptxt id="nev20684734n1-nev17450047n7">
<emph id="nev20684734n1-nev17450047n8">Designation</emph>
</ptxt>
</entry>
<entry align="left" id="nev20684734n1-nev17450047n9" valign="top">
<ptxt id="nev20684734n1-nev17450047n10">
<emph id="nev20684734n1-nev17450048n1">Type</emph>
</ptxt>
</entry>
<entry align="left" id="nev20684734n1-nev17450048n2" valign="top">
<ptxt id="nev20684734n1-nev17450048n3">
<emph id="nev20684734n1-nev17450048n4">Supply voltage</emph>
</ptxt>
</entry>
<entry align="left" id="nev20684734n1-nev17450048n5" valign="top">
<ptxt id="nev20684734n1-nev17450048n6">
<emph id="nev20684734n1-nev17450048n7">Value</emph>
</ptxt>
</entry>
<entry align="left" id="nev20684734n1-nev17450048n8" valign="top">
<ptxt id="nev20684734n1-nev17450048n9">
<emph id="nev20684734n1-nev17450048n10">Miscellaneous</emph>
</ptxt>
</entry>
</row>
<row id="nev20684734n1-nev17450049n1">
<entry align="left" id="nev20684734n1-nev17450049n2" valign="top">
<ptxt id="nev20684734n1-nev17450049n3">Body sensor clu#@#@#22#(BSC)</ptxt>
</entry>
<entry align="left" id="nev20684734n1-nev17450049n4" valign="top">
<ptxt id="nev20684734n1-nev17450049n5">CAN node with i#@#@#72#only)</ptxt>
</entry>
<entry align="left" id="nev20684734n1-nev17450049n6" valign="top">
<ptxt id="nev20684734n1-nev17450049n7">12 V</ptxt>
<ptxt id="nev20684734n1-nev17450049n8">(#3)</ptxt>
</entry>
<entry align="left" id="nev20684734n1-nev17450049n9" valign="top">
<ptxt id="nev20684734n1-nev17450049n10">-</ptxt>
</entry>
<entry align="left" id="nev20684734n1-nev17450050n1" valign="top">
<ptxt id="nev20684734n1-nev17450050n2">The body sensor#@#@#147#lead.</ptxt>
</entry>
</row>
<row id="nev20684734n1-nev17450050n3">
<entry align="left" id="nev20684734n1-nev17450050n4" valign="top">
<ptxt id="nev20684734n1-nev17450050n5">Wheel sensor</ptxt>
</entry>
<entry align="left" id="nev20684734n1-nev17450050n6" valign="top">
<ptxt id="nev20684734n1-nev17450050n7">Hall sensor</ptxt>
</entry>
<entry align="left" id="nev20684734n1-nev17450050n8" valign="top">
<ptxt id="nev20684734n1-nev17450050n9">12 V (#1)</ptxt>
</entry>
<entry align="left" id="nev20684734n1-nev17450050n10" valign="top">
<ptxt id="nev20684734n1-nev17450051n1">Tooth against s#@#@#1#nsor:</ptxt>
<ptxt id="nev20684734n1-nev17450051n2">I ≈ 14 mA</ptxt>
<ptxt id="nev20684734n1-nev17450051n3">U ≈ 9 V</ptxt>
<ptxt id="nev20684734n1-nev17450051n4"/>
<ptxt id="nev20684734n1-nev17450051n5">Cover against s#@#@#1#nsor:</ptxt>
<ptxt id="nev20684734n1-nev17450051n6">I≈7 mA </ptxt>
<ptxt id="nev20684734n1-nev17450051n7">U≈1 V</ptxt>
<ptxt id="nev20684734n1-nev17450051n8"> below U<sub id="nev20684734n1-nev18060124n249">bat</sub>
</ptxt>
</entry>
<entry align="left" id="nev20684734n1-nev17450051n9" valign="top">
<ptxt id="nev20684734n1-nev17450051n10">-</ptxt>
</entry>
</row>
<row id="nev20684734n1-nev17450052n1">
<entry align="left" id="nev20684734n1-nev17450052n2" valign="top">
<ptxt id="nev20684734n1-nev17450052n3">Pedal position #@#@#1#ensor</ptxt>
</entry>
<entry align="left" id="nev20684734n1-nev17450052n4" valign="top">
<ptxt id="nev20684734n1-nev17450052n5">Slide potentiometer</ptxt>
</entry>
<entry align="left" id="nev20684734n1-nev17450052n6" valign="top">
<ptxt id="nev20684734n1-nev17450052n7">5 V (#1)</ptxt>
</entry>
<entry align="left" id="nev20684734n1-nev17450052n8" valign="top">
<ptxt id="nev20684734n1-nev17450052n9">0 mm:</ptxt>
<ptxt id="nev20684734n1-nev17450052n10">≈ 0 V</ptxt>
<ptxt id="nev20684734n1-nev17450053n1">38.5 mm:</ptxt>
<ptxt id="nev20684734n1-nev17450053n2">≈ 95 % of U<sub id="nev20684734n1-nev18060124n250">bat</sub>
</ptxt>
</entry>
<entry align="left" id="nev20684734n1-nev17450053n3" valign="top">
<ptxt id="nev20684734n1-nev17450053n4">-</ptxt>
</entry>
</row>
</tbody>
</tgroup>
</table>
</servinfosub>