<?xml version="1.0" encoding="UTF-8"?><servinfosub IE-ID="en-US0900c8af8014981f" docno="VCC-144670" id="KC01122431" servinfosubId="nev20687425n1-nev20687425n2" servinfosubRes="0900c8af862c312a" servinfosubRes2="urn:x-nevis:fragment:0900c8af8014981f:0900c8af862c312a#nev20687425n2" xml:lang="en-US">
<title>Downloading sof#@#@#33#odule</title>
<topic id="nev20687425n1-KC01122432">
<title/>
<para>
<ptxt>New software ca#@#@#423#ded. </ptxt>
<ptxt>For further inf#@#@#73#ware.</ptxt>
</para>
</topic>
</servinfosub>