<?xml version="1.0" encoding="UTF-8"?><servinfosub IE-ID="en-US0900c8af871c881f" docno="VCC-162924" id="KC07259200" xml:lang="en-US">
<title>
<phrase category="" id="KC09574734" phrase-urn="urn:x-nevis:phrase:0800c8af82721815">Resetting the a#@#@#11#alues</phrase>
</title>
<diagnostic j2008use="1" layout="1" paperuse="1" screenuse="1" type="test">
<testgrp IE-ID="en-US0900c8af871c881f_KC07259202" id="KC07259202" j2008use="1" paperuse="1" resumable="1" screenuse="1" testgrp-id="node1" x="80" y="160">
<title>
<phrase category="" id="KC09574735" phrase-urn="urn:x-nevis:phrase:0800c8af82721816">Resetting the a#@#@#11#alues</phrase>
</title>
<node>
<test1>
<test2>
<caution>
<ptxt>
<phrase category="" id="KC09574736" phrase-urn="urn:x-nevis:phrase:0800c8af82721817">The adaptation #@#@#47#cing.</phrase>
</ptxt>
</caution>
<para>
<ptxt>
<phrase category="" id="KC09574737" phrase-urn="urn:x-nevis:phrase:0800c8af82721818">This function i#@#@#68#ECM).</phrase>
</ptxt>
</para>
<list1 enumtype="b">
<title>
<phrase category="" id="KC09574738" phrase-urn="urn:x-nevis:phrase:0800c8af82721819">Resetting the a#@#@#47#ECM) </phrase>
</title>
<item>
<ptxt>
<phrase category="" id="KC09574739" phrase-urn="urn:x-nevis:phrase:0800c8af8272181a">Ignition on</phrase>
</ptxt>
</item>
<item>
<ptxt>
<phrase category="Faulttracing" id="nev24620648n1" phrase-urn="urn:x-nevis:phrase:0800c8af84391e21">Click the vehic#@#@#53#here.</phrase>
</ptxt>
</item>
</list1>
<list1 enumtype="b" id="nev24620647n99">
<item id="nev24620647n98">
<ptxt id="nev24620647n97">
<phrase category="Faulttracing" id="nev24620649n1" phrase-urn="urn:x-nevis:phrase:0800c8af8588b07b">Switch off the #@#@#43#utes.</phrase>
</ptxt>
<hint id="nev24620647n95">
<ptxt id="nev24620647n94">
<phrase category="Faulttracing" id="nev24620650n1" phrase-urn="urn:x-nevis:phrase:0800c8af8588b07c">This is done so#@#@#100#mory.</phrase>
</ptxt>
</hint>
</item>
</list1>
<note id="nev24620647n92">
<ptxt id="nev24620647n91">
<phrase category="Faulttracing" id="nev24620651n1" phrase-urn="urn:x-nevis:phrase:0800c8af871c87b0">If the above pr#@#@#100#lues.</phrase>
</ptxt>
</note>
<diaglist>
<dgraphic>
<dgraphic2>
<graphic id="KC09574741">
<href>0900c8af86c8681#@#@#9#.jpeg</href>
</graphic>
<smarttool active="press" id="KC09574742" toolname="YECM6037"/>
</dgraphic2>
</dgraphic>
<ditem>
<ditemtext>
<ptxt>
<phrase category="" id="KC09574743" phrase-urn="urn:x-nevis:phrase:0800c8af8272181c"/>
</ptxt>
</ditemtext>
</ditem>
</diaglist>
<grate>
<graphic id="KC09574744">
<href>0900c8af81620fe#@#@#9#.jpeg</href>
</graphic>
</grate>
</test2>
</test1>
<question>
Select Continue.
</question>
<resact-grp id="nev16672037n41">
<result button="cont" comp="button" highlight="0" id="nev16672037n40"/>
<action id="nev16672037n39" j2008use="1" paperuse="0" screenuse="1">
<ptxt id="nev16672037n38">
<xref id="nev16672037n35">
<ref id="l1292331234810"/>
</xref>
</ptxt>
</action>
</resact-grp>
</node>
</testgrp>
<testgrp id="nev16672037n60" j2008use="1" paperuse="0" resumable="1" screenuse="1" testgrp-id="Info1" x="80" y="300">
<title id="nev16672037n59">
<phrase category="Title" id="nev16672351n1" phrase-urn="urn:x-nevis:phrase:0800c8af81ea4c43">Fault-tracing i#@#@#5#ation</phrase>
</title>
<subcalloutnode id="nev16672037n58">
<diagcallout id="nev16672037n57">
<xref id="nev16672037n46">
<ref id="l1292330935095"/>
</xref>
</diagcallout>
<rescall-grp id="nev16672037n56">
<result comp="string" highlight="0" id="nev16672037n55" op="eq" return="FAULT FOUND"/>
<calloutaction id="nev16672037n54">
<return id="nev16672037n53" value="FAULT FOUND"/>
</calloutaction>
</rescall-grp>
<rescall-grp id="nev16672037n52">
<result comp="string" highlight="0" id="nev16672037n51" op="eq" return="NEW TRY"/>
<calloutaction id="nev16672037n50">
<ptxt id="nev16672037n49">
<xref id="nev16672037n48">
<ref id="nev16672037n47"/>
</xref>
</ptxt>
</calloutaction>
</rescall-grp>
</subcalloutnode>
</testgrp>
</diagnostic>
</servinfosub>