<?xml version="1.0" encoding="UTF-8"?><servinfosub IE-ID="en-US0900c8af83a8e513" docno="VCC-153174" id="KC02715040" xml:lang="en-US">
<title>
<phrase category="" id="KC07867441" phrase-urn="urn:x-nevis:phrase:0800c8af81c2bf99">Resistance too high</phrase>
</title>
<diagnostic j2008use="1" layout="0" paperuse="1" screenuse="1" type="test">
<testgrp IE-ID="en-US0900c8af83a8e513_KC02764423" id="KC02764423" j2008use="1" paperuse="1" resumable="1" screenuse="1" testgrp-id="s1" x="100" y="60">
<title>
<phrase category="" id="KC07867442" phrase-urn="urn:x-nevis:phrase:0800c8af81c2bf9a">Checking the co#@#@#2#onent</phrase>
</title>
<node>
<test1>
<warning>
<ptxt>
<phrase category="" id="KC07867443" phrase-urn="urn:x-nevis:phrase:0800c8af81c2bf9c">Under no circum#@#@#160#ploy!</phrase>
</ptxt>
</warning>
<caution>
<ptxt>
<phrase category="" id="KC07867444" phrase-urn="urn:x-nevis:phrase:0800c8af81c2bf9d">Do not touch th#@#@#164#SRS).</phrase>
</ptxt>
</caution>
<diaglist>
<dgraphic>
<dgraphic1>
<graphic id="KC07867445">
<href>0900c8af80054d4#@#@#9#.jpeg</href>
</graphic>
</dgraphic1>
<dgraphic2>
<graphic id="KC07867446">
<href>0900c8af80054d7#@#@#9#.jpeg</href>
</graphic>
</dgraphic2>
</dgraphic>
<ditem>
<ptxt>
<phrase category="" id="KC07867447" phrase-urn="urn:x-nevis:phrase:0800c8af81c2bf9e">Check cables an#@#@#120#ttom </phrase>
</ptxt>
</ditem>
<ditem>
<ptxt>
<phrase category="" id="KC07867448" phrase-urn="urn:x-nevis:phrase:0800c8af81c2bf9f">If the diagnost#@#@#67#g to:</phrase>
</ptxt>
</ditem>
<ditem>
<ptxt>
<phrase category="" id="KC07867449" phrase-urn="urn:x-nevis:phrase:0800c8af81c2bfa1">Switch off the #@#@#20#conds</phrase>
</ptxt>
</ditem>
<ditem>
<ptxt>
<phrase category="" id="KC07867450" phrase-urn="urn:x-nevis:phrase:0800c8af81c2bfa3">Disconnect the #@#@#43#ioner</phrase>
</ptxt>
</ditem>
<ditem>
<ptxt>
<phrase category="" id="KC07867451" phrase-urn="urn:x-nevis:phrase:0800c8af81c2bfa4">Connect a speci#@#@#79#use: <toolitem id="KC07867452"/>
</phrase>
</ptxt>
<note>
<ptxt>
<phrase category="" id="KC07867453" phrase-urn="urn:x-nevis:phrase:0800c8af81c2bfa5">The special too#@#@#139#rder.</phrase>
</ptxt>
</note>
</ditem>
<ditem>
<ptxt>
<phrase category="" id="KC07867454" phrase-urn="urn:x-nevis:phrase:0800c8af81c2bfa6">Switch on the i#@#@#20#onds.</phrase>
</ptxt>
</ditem>
</diaglist>
<test2>
<para>
<ptxt>
<phrase category="" id="KC07867455" phrase-urn="urn:x-nevis:phrase:0800c8af81c2bfa7">Read diagnostic#@#@#42#bol. </phrase>
</ptxt>
</para>
<para>
<ptxt>
<phrase category="" id="KC07867456" phrase-urn="urn:x-nevis:phrase:0800c8af81c2bfa8">If the diagnost#@#@#156#ttom.</phrase>
</ptxt>
<ptxt>
<phrase category="" id="KC07867457" phrase-urn="urn:x-nevis:phrase:0800c8af81c2bfa9">If the diagnost#@#@#72#ttom.</phrase>
</ptxt>
</para>
<list1 enumtype="d" type="unordered">
<title>
<phrase category="" id="KC07867458" phrase-urn="urn:x-nevis:phrase:0800c8af81c2bfab">Other information</phrase>
</title>
<item>
<ptxt>
<phrase category="" id="KC07867459" phrase-urn="urn:x-nevis:phrase:0800c8af81c2bfac">
<xref>
<ref id="KC07867460"/>
</xref>
</phrase>
</ptxt>
</item>
<item>
<ptxt>
<phrase category="" id="KC07867461" phrase-urn="urn:x-nevis:phrase:0800c8af81c2bfad">
<xref>
<ref id="KC07867462"/>
</xref>
</phrase>
</ptxt>
</item>
<item>
<ptxt>
<phrase category="" id="KC07867463" phrase-urn="urn:x-nevis:phrase:0800c8af81c2bfae">For further inf#@#@#61#agram</phrase>
</ptxt>
</item>
<item>
<ptxt>
<phrase category="" id="KC07867464" phrase-urn="urn:x-nevis:phrase:0800c8af81c2bfaf">To access or re#@#@#73#See: <xref>
<ref id="KC07867465"/>
</xref>
</phrase>
</ptxt>
</item>
<item>
<ptxt id="nev10779276n100">
<phrase category="Faulttracing" id="nev10779281n1" phrase-urn="urn:x-nevis:phrase:0800c8af8273513d">To access/repla#@#@#45#tors:</phrase>
</ptxt>
<ptxt id="nev10779276n98">
<xref id="nev12336823n96">
<ref id="l1106750263741"/>
</xref>
</ptxt>
</item>
<item>
<ptxt>
<phrase category="" id="KC07867468" phrase-urn="urn:x-nevis:phrase:0800c8af81c2bfb1">Checking the sp#@#@#7#ool: <xref>
<ref id="KC07867469"/>
</xref>
</phrase>
</ptxt>
</item>
<item>
<ptxt>
<phrase category="" id="KC07867470" phrase-urn="urn:x-nevis:phrase:0800c8af81c2bfb2">Disassembling c#@#@#6#ors: <xref>
<ref id="KC07867471"/>
</xref>
</phrase>
</ptxt>
</item>
<item>
<ptxt>
<phrase category="" id="KC07867472" phrase-urn="urn:x-nevis:phrase:0800c8af81c2bfb4">
<xref>
<ref id="KC07867473"/>
</xref>
</phrase>
</ptxt>
</item>
</list1>
<diaglist>
<dgraphic>
<dgraphic2>
<graphic id="KC07867474">
<href>0900c8af86c8681#@#@#9#.jpeg</href>
</graphic>
<smarttool active="press" id="KC07867475" toolname="YSRS0008"/>
</dgraphic2>
</dgraphic>
<ditem>
<ditemtext>
<ptxt>
<phrase category="" id="KC07867476" phrase-urn="urn:x-nevis:phrase:0800c8af81c2bfb6"/>
</ptxt>
</ditemtext>
</ditem>
</diaglist>
</test2>
</test1>
<question>
Select an alte#@#@#4#ive.
</question>
<resact-grp>
<result button="text" comp="button" highlight="0" text="1"/>
<action j2008use="1" paperuse="1" screenuse="1">
<ptxt>
<xref>
<ref id="KC07867477"/>
</xref>
</ptxt>
</action>
</resact-grp>
<resact-grp>
<result button="text" comp="button" highlight="0" text="2"/>
<action j2008use="1" paperuse="1" screenuse="1">
<ptxt>
<xref>
<ref id="KC07867478"/>
</xref>
</ptxt>
</action>
</resact-grp>
</node>
</testgrp>
<testgrp id="KC02764424" j2008use="1" paperuse="1" resumable="1" screenuse="1" testgrp-id="node1" x="120" y="160">
<title>
<phrase category="" id="KC07867479" phrase-urn="urn:x-nevis:phrase:0800c8af81c2bfb7">Checking the co#@#@#13#iring</phrase>
</title>
<node>
<test1>
<diaglist>
<dgraphic>
<dgraphic1>
<graphic id="KC07867480">
<href>0900c8af80054d4#@#@#9#.jpeg</href>
</graphic>
</dgraphic1>
</dgraphic>
<ditem>
<ptxt>
<phrase category="" id="KC07867481" phrase-urn="urn:x-nevis:phrase:0800c8af81c2bfb8">Switch off the #@#@#20#conds</phrase>
</ptxt>
</ditem>
<ditem>
<ptxt>
<phrase category="" id="KC07867482" phrase-urn="urn:x-nevis:phrase:0800c8af81c2bfb9">Disconnect the #@#@#27#ctor </phrase>
</ptxt>
</ditem>
<ditem>
<ptxt>
<phrase category="" id="KC07867483" phrase-urn="urn:x-nevis:phrase:0800c8af81c2bfbb"> Disconnect the#@#@#59#SRS).</phrase>
</ptxt>
</ditem>
</diaglist>
<test2>
<warning>
<ptxt>
<phrase category="" id="KC07867484" phrase-urn="urn:x-nevis:phrase:0800c8af81c2bfbc">Under no circum#@#@#160#ploy!</phrase>
</ptxt>
</warning>
<caution>
<ptxt>
<phrase category="" id="KC07867485" phrase-urn="urn:x-nevis:phrase:0800c8af81c2bfbd">Do not touch th#@#@#164#SRS).</phrase>
</ptxt>
</caution>
<para>
<ptxt>
<phrase category="" id="KC07867486" phrase-urn="urn:x-nevis:phrase:0800c8af81c2bfbe">Check the conne#@#@#160#ions:</phrase>
</ptxt>
</para>
<para>
<ptxt>
<phrase category="" id="KC07867487" phrase-urn="urn:x-nevis:phrase:0800c8af81c2bfbf">Remedy as necessary.</phrase>
</ptxt>
</para>
<para>
<ptxt>
<phrase category="" id="KC07867488" phrase-urn="urn:x-nevis:phrase:0800c8af81c2bfc1">Check the SRS i#@#@#126#cuit.</phrase>
</ptxt>
<ptxt>
<phrase category="" id="KC07867489" phrase-urn="urn:x-nevis:phrase:0800c8af81c2bfc3">Check the cable#@#@#4#ween:</phrase>
</ptxt>
</para>
<list1 enumtype="d" type="unordered">
<item>
<ptxt>
<phrase category="" id="KC07867490" phrase-urn="urn:x-nevis:phrase:0800c8af81c2bfc4">Supplemental re#@#@#104#al #1</phrase>
</ptxt>
</item>
<item>
<ptxt>
<phrase category="" id="KC07867491" phrase-urn="urn:x-nevis:phrase:0800c8af81c2bfc5">Supplemental re#@#@#105#l #2.</phrase>
</ptxt>
</item>
</list1>
<para>
<ptxt>
<phrase category="" id="KC07867492" phrase-urn="urn:x-nevis:phrase:0800c8af81c2bfc6">Remedy as necessary.</phrase>
</ptxt>
</para>
<list1 enumtype="d" type="unordered">
<title>
<phrase category="" id="KC07867493" phrase-urn="urn:x-nevis:phrase:0800c8af81c2bfc8">Other information</phrase>
</title>
<item>
<ptxt>
<phrase category="" id="KC07867494" phrase-urn="urn:x-nevis:phrase:0800c8af81c2bfca">
<xref>
<ref id="KC07867495"/>
</xref>
</phrase>
</ptxt>
</item>
<item>
<ptxt>
<phrase category="" id="KC07867496" phrase-urn="urn:x-nevis:phrase:0800c8af81c2bfcb">
<xref>
<ref id="KC07867497"/>
</xref>
</phrase>
</ptxt>
</item>
<item>
<ptxt>
<phrase category="" id="KC07867498" phrase-urn="urn:x-nevis:phrase:0800c8af81c2bfcc">For further inf#@#@#61#agram</phrase>
</ptxt>
</item>
<item>
<ptxt>
<phrase category="" id="KC07867499" phrase-urn="urn:x-nevis:phrase:0800c8af81c2bfcd">To access or re#@#@#73#See: <xref>
<ref id="KC07867500"/>
</xref>
</phrase>
</ptxt>
</item>
<item>
<ptxt id="nev10779276n95">
<phrase category="Faulttracing" id="nev10779285n1" phrase-urn="urn:x-nevis:phrase:0800c8af8273513d">To access/repla#@#@#45#tors:</phrase>
</ptxt>
<ptxt id="nev10779276n93">
<xref id="nev12336823n98">
<ref id="l1106750321423"/>
</xref>
</ptxt>
</item>
<item>
<ptxt>
<phrase category="" id="KC07867503" phrase-urn="urn:x-nevis:phrase:0800c8af81c2bfcf">For information#@#@#33#see: <xref>
<ref id="KC07867504"/>
</xref>
</phrase>
</ptxt>
</item>
<item>
<ptxt>
<phrase category="" id="KC07867505" phrase-urn="urn:x-nevis:phrase:0800c8af81c2bfd0">
<xref>
<ref id="KC07867506"/>
</xref>
</phrase>
</ptxt>
</item>
</list1>
<diaglist>
<dgraphic>
<dgraphic1>
<graphic id="KC07867507">
<href>0900c8af80126b2#@#@#9#.jpeg</href>
</graphic>
</dgraphic1>
</dgraphic>
</diaglist>
</test2>
</test1>
<question>
Select "Contin#@#@#33#ied.
</question>
<resact-grp>
<result button="cont" comp="button" highlight="0"/>
<action j2008use="1" paperuse="1" screenuse="1">
<ptxt>
<xref>
<ref id="KC07867508"/>
</xref>
</ptxt>
</action>
</resact-grp>
</node>
</testgrp>
<testgrp id="KC02764425" j2008use="1" paperuse="1" resumable="1" screenuse="1" testgrp-id="veri" x="120" y="280">
<title>
<phrase category="" id="KC07867509" phrase-urn="urn:x-nevis:phrase:0800c8af81c2bfd1">Verification</phrase>
</title>
<subcalloutnode>
<diagcallout>
<xref>
<ref id="KC07867510"/>
</xref>
</diagcallout>
<rescall-grp>
<result comp="string" highlight="0" op="eq" return="VERIFIED"/>
<calloutaction>
<return value="FAULT FOUND"/>
</calloutaction>
</rescall-grp>
<rescall-grp>
<result comp="string" highlight="0" op="eq" return="VERIFICATION FAILED"/>
<calloutaction>
<ptxt>
<xref>
<ref id="KC07867511"/>
</xref>
</ptxt>
</calloutaction>
</rescall-grp>
</subcalloutnode>
</testgrp>
<testgrp id="KC02764426" j2008use="1" paperuse="1" resumable="1" screenuse="1" testgrp-id="info1" x="120" y="400">
<title>
<phrase category="" id="KC07867512" phrase-urn="urn:x-nevis:phrase:0800c8af81c2bfd2">Fault-tracing i#@#@#5#ation</phrase>
</title>
<subcalloutnode>
<diagcallout>
<xref>
<ref id="KC07867513"/>
</xref>
</diagcallout>
<rescall-grp>
<result comp="string" highlight="0" op="eq" return="FAULTTRACING FAILED"/>
<calloutaction>
<return value="FAULT NOT FOUND"/>
</calloutaction>
</rescall-grp>
<rescall-grp>
<result comp="string" highlight="0" op="eq" return="NEW TRY"/>
<calloutaction>
<ptxt>
<xref>
<ref id="KC07867514"/>
</xref>
</ptxt>
</calloutaction>
</rescall-grp>
</subcalloutnode>
</testgrp>
</diagnostic>
</servinfosub>