<?xml version="1.0" encoding="UTF-8"?><servinfosub IE-ID="en-US0900c8af806a9513" docno="VCC-121421" id="KC02276617" xml:lang="en-US">
<title>Safety precautions</title>
<topic>
<title>Regulations</title>
<para>
<ptxt>Always ensure g#@#@#46#cars.</ptxt>
</para>
<para>
<ptxt>When repairing #@#@#35#tank <emph>must</emph>be closed.</ptxt>
</para>
<para>
<ptxt>If there is a s#@#@#115#tes. </ptxt>
</para>
<para>
<ptxt>Use the supplie#@#@#10#cer, <emph>951 2761</emph>, when leak-tra#@#@#88#arks.</ptxt>
</para>
<para>
<ptxt>Check that the #@#@#65#ged. </ptxt>
</para>
<para>
<ptxt>The tank must b#@#@#29# °C).</ptxt>
</para>
<para>
<ptxt>If the tank nee#@#@#83# gas.</ptxt>
</para>
<para>
<ptxt>When transporti#@#@#161#ions.</ptxt>
</para>
<para>
<ptxt>A damaged tank #@#@#19#aced.</ptxt>
</para>
</topic>
<topic>
<title>Safety</title>
<para>
<ptxt>The integral sy#@#@#19#s of:</ptxt>
</para>
<list1 enumtype="b" type="unordered">
<item>
<ptxt>A safety valve #@#@#43#bar. </ptxt>
</item>
<item>
<ptxt>All fuel tank u#@#@#133#ions.</ptxt>
</item>
<item>
<ptxt>Start switch fo#@#@#17# cap.</ptxt>
</item>
<item>
<ptxt>A solenoid valv#@#@#61#tops.</ptxt>
</item>
</list1>
<para>
<ptxt>The gasoline sy#@#@#68#ion. </ptxt>
</para>
<para>
<title>LPG information</title>
<ptxt>The combustion #@#@#64#me %.</ptxt>
<ptxt>The density of #@#@#84#inks.</ptxt>
<ptxt>There is the ri#@#@#53#aces.</ptxt>
</para>
</topic>
</servinfosub>