<?xml version="1.0" encoding="UTF-8"?><servinfosub IE-ID="en-US0900c8af84bc5513" docno="VCC-320308" id="nev12640329n1" xml:lang="en-US">
<title>
<phrase category="" id="nev12640329n2" phrase-urn="urn:x-nevis:phrase:0800c8af82722d18">Signal too low</phrase>
</title>
<diagnostic j2008use="1" layout="1" paperuse="1" screenuse="1" type="test">
<testgrp IE-ID="en-US0900c8af84bc5513_nev12640329n3" id="nev12640329n3" j2008use="1" paperuse="1" resumable="1" screenuse="1" testgrp-id="node1" x="80" y="60">
<title>
<phrase category="" id="nev12640329n4" phrase-urn="urn:x-nevis:phrase:0800c8af82722d19">Checking cables#@#@#10#nents</phrase>
</title>
<node>
<test1>
<diaglist>
<dgraphic>
<dgraphic1>
<graphic id="nev12640329n5">
<href>0900c8af80054d4#@#@#9#.jpeg</href>
</graphic>
</dgraphic1>
</dgraphic>
<ditem>
<ptxt>
<phrase category="" id="nev12640329n6" phrase-urn="urn:x-nevis:phrase:0800c8af82722d1a">Ignition off.</phrase>
</ptxt>
</ditem>
<ditem>
<ptxt>
<phrase category="" id="nev12640329n7" phrase-urn="urn:x-nevis:phrase:0800c8af82722d1b">Unplug the conn#@#@#80#ated.</phrase>
</ptxt>
</ditem>
</diaglist>
<test2>
<para>
<ptxt>
<phrase category="" id="nev12640329n8" phrase-urn="urn:x-nevis:phrase:0800c8af82722d1c">Check relevant #@#@#62#tion.</phrase>
</ptxt>
</para>
<para id="nev12659289n97">
<ptxt id="nev12659289n96">
<phrase category="" id="nev12659475n1" phrase-urn="urn:x-nevis:phrase:0800c8af82722d1d">Check the signa#@#@#78#ound.</phrase>
</ptxt>
</para>
<para id="nev12659289n100">
<ptxt id="nev12659289n99">
<phrase category="" id="nev12659474n1" phrase-urn="urn:x-nevis:phrase:0800c8af82722d1e">Measure between:</phrase>
</ptxt>
</para>
<list1 enumtype="d" type="unordered">
<item>
<ptxt>
<phrase category="Faulttracing" id="nev12660778n1" phrase-urn="urn:x-nevis:phrase:0800c8af83d6cc1d">Engine control #@#@#52#351).</phrase>
</ptxt>
</item>
<item>
<ptxt>
<phrase category="Faulttracing" id="nev12660779n1" phrase-urn="urn:x-nevis:phrase:0800c8af83d6cc28">Engine control #@#@#53#352).</phrase>
</ptxt>
</item>
<item>
<ptxt>
<phrase category="Faulttracing" id="nev12660780n1" phrase-urn="urn:x-nevis:phrase:0800c8af83d6cc34">Engine control #@#@#53#353).</phrase>
</ptxt>
</item>
<item>
<ptxt>
<phrase category="Faulttracing" id="nev12660781n1" phrase-urn="urn:x-nevis:phrase:0800c8af83d6cc3a">Engine control #@#@#53#354).</phrase>
</ptxt>
</item>
</list1>
<hint>
<ptxt>
<phrase category="" id="nev12640330n5" phrase-urn="urn:x-nevis:phrase:0800c8af82722d23">The ignition co#@#@#58#elay.</phrase>
</ptxt>
</hint>
<para>
<ptxt>
<phrase category="" id="nev12640330n6" phrase-urn="urn:x-nevis:phrase:0800c8af82722d24">Remedy as necessary.</phrase>
</ptxt>
</para>
<list1 enumtype="d" type="unordered">
<title>
<phrase category="" id="nev12640330n7" phrase-urn="urn:x-nevis:phrase:0800c8af82722d25">Other information</phrase>
</title>
<item>
<ptxt>
<xref id="nev12772489n100">
<ref id="l1169719164672"/>
</xref>
</ptxt>
</item>
<item>
<ptxt>
<xref id="nev12659289n88">
<ref id="l1169719213764"/>
</xref>
</ptxt>
</item>
<item>
<ptxt>
<xref id="nev12772489n98">
<ref id="l1169719313062"/>
</xref>
</ptxt>
</item>
<item>
<ptxt>
<xref id="nev12659289n84">
<ref id="l1169719359768"/>
</xref>
</ptxt>
</item>
<item>
<ptxt>
<xref id="nev12659289n82">
<ref id="l1169719408436"/>
</xref>
</ptxt>
</item>
</list1>
<diaglist>
<dgraphic>
<dgraphic1>
<graphic id="nev12640331n8">
<href>0900c8af81a7247#@#@#9#.jpeg</href>
</graphic>
</dgraphic1>
</dgraphic>
</diaglist>
<grate>
<graphic id="nev12640331n9">
<href>0900c8af81d9a26#@#@#9#.jpeg</href>
</graphic>
</grate>
</test2>
</test1>
<question>
Was the fault #@#@#2#und?
</question>
<resact-grp id="nev15106535n86">
<result button="yes" comp="button" highlight="0" id="nev15106535n85"/>
<action id="nev15106535n82" j2008use="1" paperuse="0" screenuse="1">
<ptxt id="nev15106535n81">
<xref id="nev15106535n80">
<ref id="nev15106535n79"/>
</xref>
</ptxt>
</action>
</resact-grp>
<resact-grp id="nev15106535n84">
<result button="no" comp="button" highlight="0" id="nev15106535n83"/>
<action id="nev15106535n78" j2008use="1" paperuse="0" screenuse="1">
<ptxt id="nev15106535n77">
<xref id="nev15106535n76">
<ref id="nev15106535n75"/>
</xref>
</ptxt>
</action>
</resact-grp>
</node>
</testgrp>
<testgrp id="nev12640332n2" j2008use="1" paperuse="1" resumable="1" screenuse="1" testgrp-id="veria" x="160" y="280">
<title>
<phrase category="" id="nev12640332n3" phrase-urn="urn:x-nevis:phrase:0800c8af82722d2c">Verification</phrase>
</title>
<subcalloutnode>
<diagcallout>
<xref>
<ref id="nev12640332n4"/>
</xref>
</diagcallout>
<rescall-grp>
<result comp="string" highlight="0" op="eq" return="VERIFIED"/>
<calloutaction>
<return value="FAULT FOUND"/>
</calloutaction>
</rescall-grp>
<rescall-grp>
<result comp="string" highlight="0" op="eq" return="VERIFICATION FAILED"/>
<calloutaction>
<ptxt>
<xref>
<ref id="nev12640332n5"/>
</xref>
</ptxt>
</calloutaction>
</rescall-grp>
</subcalloutnode>
</testgrp>
<testgrp id="nev12640332n6" j2008use="1" paperuse="0" resumable="1" screenuse="1" testgrp-id="info1" x="80" y="380">
<title>
<phrase category="" id="nev12640332n7" phrase-urn="urn:x-nevis:phrase:0800c8af82722d2d">Fault-tracing i#@#@#5#ation</phrase>
</title>
<subcalloutnode>
<diagcallout>
<xref>
<ref id="nev12640332n8"/>
</xref>
</diagcallout>
<rescall-grp>
<result comp="string" highlight="0" op="eq" return="FAULTTRACING FAILED"/>
<calloutaction>
<return value="FAULTTRACING FAILED"/>
</calloutaction>
</rescall-grp>
<rescall-grp>
<result comp="string" highlight="0" op="eq" return="NEW TRY"/>
<calloutaction>
<ptxt>
<xref>
<ref id="nev12640332n9"/>
</xref>
</ptxt>
</calloutaction>
</rescall-grp>
</subcalloutnode>
</testgrp>
<testgrp id="nev15106535n100" j2008use="1" paperuse="0" resumable="1" screenuse="1" x="220" y="160">
<title id="nev15106535n99">
<phrase category="Title" id="nev15106536n1" phrase-urn="urn:x-nevis:phrase:0800c8af81ea4c43">Fault-tracing i#@#@#5#ation</phrase>
</title>
<node id="nev15106535n98">
<test1 id="nev15106535n97">
<test2 id="nev15106535n93">
<ptxt id="nev15106535n92">
<phrase category="Faulttracing" id="nev15106538n1" phrase-urn="urn:x-nevis:phrase:0800c8af84bc54d6">This fault can #@#@#51#aged.</phrase>
<phrase category="Faulttracing" id="nev15106539n1" phrase-urn="urn:x-nevis:phrase:0800c8af84bc54d7">Visually inspec#@#@#31#mage.</phrase>
</ptxt>
<para id="nev15106535n89">
<ptxt id="nev15106535n88">
<phrase category="Faulttracing" id="nev15106540n1" phrase-urn="urn:x-nevis:phrase:0800c8af81ea4b6b">Remedy as necessary.</phrase>
</ptxt>
</para>
</test2>
</test1>
<question id="nev15106535n96">
Continue.
</question>
<resact-grp id="nev15106535n95">
<result button="cont" comp="button" highlight="0" id="nev15106535n94"/>
<action id="nev15106535n74" j2008use="1" paperuse="0" screenuse="1">
<ptxt id="nev15106535n73">
<xref id="nev15106535n72">
<ref id="nev15106535n71"/>
</xref>
</ptxt>
</action>
</resact-grp>
</node>
</testgrp>
</diagnostic>
</servinfosub>