<?xml version="1.0" encoding="UTF-8"?><servinfosub IE-ID="en-US0900c8af85d19a04" docno="VCC-370864" id="nev13716655n1" original="sv-SE" servinfosubId="nev13716656n1-nev13716674n1" servinfosubRes="0900c8af85d212de" servinfosubRes2="urn:x-nevis:fragment:0900c8af85d19a04:0900c8af85d212de#nev13716674n1" xml:lang="en-US">
<operationnumbers>
<operationnumber>xxxxxx</operationnumber>
</operationnumbers>
<title id="nev13716652n71">Rear section, e#@#@#2#osing</title>
<procedure id="nev13716656n1-nev13716673n51">
<stepgrp boilerplate="false" context="" id="nev13716656n1-nev19123014n21">
<title id="nev13716656n1-0800c8af844a46f6">Removal</title>
<procstep id="nev13716656n1-nev19123014n20">
<list1 boilerplate="true" context="remove" enumtype="b" id="nev13716656n1-nev19123014n19" type="unordered">
<item id="nev13716656n1-nev19123014n18">
<ptxt id="nev13716656n1-nev19123014n16">luggage compartment<xref boilerplate="true" id="nev13716656n1-nev19123014n17">
<ref id="nev13716656n1-nev19123014n15"/>
</xref>
</ptxt>
</item>
<item id="nev13716656n1-nev19123014n14">
<ptxt id="nev13716656n1-nev19123014n12">Side panel loadspace<xref boilerplate="true" id="nev13716656n1-nev19123014n13">
<ref id="nev13716656n1-nev19123014n11"/>
</xref>
</ptxt>
</item>
<item id="nev13716656n1-nev19123014n10">
<ptxt id="nev13716656n1-nev19123014n8">Tail lamp<xref boilerplate="true" id="nev13716656n1-nev19123014n9">
<ref id="nev13716656n1-nev19123014n7"/>
</xref>
</ptxt>
</item>
<item id="nev13716656n1-nev19123014n6">
<ptxt id="nev13716656n1-nev19123014n4">tank hatch<xref boilerplate="true" id="nev13716656n1-nev19123014n5">
<ref id="nev13716656n1-nev19123014n3"/>
</xref>
</ptxt>
</item>
<item id="nev13716656n1-nev19123014n2">
<ptxt id="nev13716656n1-nev19123659n100">Seat cushion, r#@#@#3# seat<xref boilerplate="true" id="nev13716656n1-nev19123014n1">
<ref id="nev13716656n1-nev19123659n99"/>
</xref>
</ptxt>
</item>
<item id="nev13716656n1-nev19123659n98">
<ptxt id="nev13716656n1-nev19123659n96">rear seat backrest<xref boilerplate="true" id="nev13716656n1-nev19123659n97">
<ref id="nev13716656n1-nev19123659n95"/>
</xref>
</ptxt>
</item>
<item id="nev13716656n1-nev19123659n94">
<ptxt id="nev13716656n1-nev19123659n92">C-pillar trim panel<xref boilerplate="true" id="nev13716656n1-nev19123659n93">
<ref id="nev13716656n1-nev19123659n91"/>
</xref>
</ptxt>
</item>
<item id="nev13716656n1-nev19123659n90">
<ptxt id="nev13716656n1-nev19123659n88">the parcel shelf.<xref boilerplate="true" id="nev13716656n1-nev19123659n89">
<ref id="nev13716656n1-nev19123659n87"/>
</xref>
</ptxt>
</item>
<item id="nev13716656n1-nev19123659n86">
<ptxt id="nev13716656n1-nev19123659n84">rear window<xref boilerplate="true" id="nev13716656n1-nev19123659n85">
<ref id="nev13716656n1-nev19123659n83"/>
</xref>
</ptxt>
</item>
<item id="nev13716656n1-nev19123659n82">
<ptxt id="nev13716656n1-nev19123659n80">Inflatable curtain<xref boilerplate="true" id="nev13716656n1-nev19123659n81">
<ref id="nev13716656n1-nev19123659n79"/>
</xref>
</ptxt>
</item>
<item id="nev13716656n1-nev19123659n78">
<ptxt id="nev13716656n1-nev19123659n76">Cover bumper rear<xref boilerplate="true" id="nev13716656n1-nev19123659n77">
<ref id="nev13716656n1-nev19123659n75"/>
</xref>
</ptxt>
</item>
<item id="nev13716656n1-nev19123659n74">
<ptxt id="nev13716656n1-nev19123659n72">Rear bumper rail<xref boilerplate="true" id="nev13716656n1-nev19123659n73">
<ref id="nev13716656n1-nev19123659n71"/>
</xref>
</ptxt>
</item>
</list1>
</procstep>
</stepgrp>
</procedure>
</servinfosub>