<?xml version="1.0" encoding="UTF-8"?><servinfosub IE-ID="en-US0900c8af844d2a04" docno="VCC-370718" id="nev13715387n1" original="sv-SE" servinfosubId="nev13715388n1-nev13715387n4" servinfosubRes="0900c8af844d2a06" servinfosubRes2="urn:x-nevis:fragment:0900c8af844d2a04:0900c8af844d2a06#nev13715387n4" xml:lang="en-US">
<title id="nev13715386n49">Propeller shaft</title>
<procedure id="nev13715388n1-nev13715386n82">
<proctools id="nev13715388n1-nev13715386n83">
<toolitem id="nev13715388n1-nev13715386n50"/>
<toolitem id="nev13715388n1-nev13715386n51"/>
</proctools>
<note id="nev13715388n1-nev13715386n84">
<ptxt id="nev13715388n1-nev13715386n85">As the illustra#@#@#160#rect.</ptxt>
</note>
<stepgrp id="nev13715388n1-nev13715386n52">
<title id="nev13715388n1-nev13715386n86">Removal</title>
<procstep id="nev13715388n1-nev13715386n53">
<title id="nev13715388n1-nev13715386n87">Disconnecting t#@#@#28#front</title>
<grate id="nev13715388n1-nev13715386n88">
<graphic id="nev13715388n1-nev13715386n54">
<href>0900c8af8162139#@#@#9#.jpeg</href>
</graphic>
<graphtext id="nev13715388n1-nev13715386n89">
<note id="nev13715388n1-nev13715386n90">
<ptxt id="nev13715388n1-nev13715386n91">If the same pro#@#@#109#ange.</ptxt>
</note>
<para id="nev13715388n1-nev13715386n92">
<ptxt id="nev13715388n1-nev13715386n93">Remove the scre#@#@#39#Use: <toolitem id="nev13715388n1-nev13715386n55"/>.</ptxt>
</para>
</graphtext>
</grate>
</procstep>
<procstep id="nev13715388n1-nev13715386n56">
<title id="nev13715388n1-nev13715386n94">Disconnecting t#@#@#27# rear</title>
<grate id="nev13715388n1-nev13715386n95">
<graphic id="nev13715388n1-nev13715386n57">
<href>0900c8af80060e7#@#@#9#.jpeg</href>
</graphic>
<graphtext id="nev13715388n1-nev13715386n96">
<note id="nev13715388n1-nev13715386n97">
<ptxt id="nev13715388n1-nev13715386n98">If the same pro#@#@#109#ange.</ptxt>
</note>
<para id="nev13715388n1-nev13715386n99">
<ptxt id="nev13715388n1-nev13715386n100">Remove the scre#@#@#39#Use: <toolitem id="nev13715388n1-nev13715386n58"/>.</ptxt>
</para>
<note id="nev13715388n1-nev13715389n1">
<ptxt id="nev13715388n1-nev13715389n2">Only applies to#@#@#63#ange.</ptxt>
</note>
</graphtext>
</grate>
<grate id="nev13715388n1-nev13715389n3">
<graphic id="nev13715388n1-nev13715386n59">
<href>0900c8af80060fc#@#@#9#.jpeg</href>
</graphic>
<graphtext id="nev13715388n1-nev13715389n4">
<para id="nev13715388n1-nev13715389n5">
<title id="nev13715388n1-nev13715389n6">For cars with a#@#@#52#lange</title>
<ptxt id="nev13715388n1-nev13715389n7">Use: <toolitem id="nev13715388n1-nev13715386n60"/>.</ptxt>
</para>
</graphtext>
</grate>
</procstep>
<procstep id="nev13715388n1-nev13715386n61">
<title id="nev13715388n1-nev13715389n8">Removing screws</title>
<grate id="nev13715388n1-nev13715389n9">
<graphic id="nev13715388n1-nev13715386n62">
<href>0900c8af8162139#@#@#9#.jpeg</href>
</graphic>
<graphtext id="nev13715388n1-nev13715389n10">
<list1 enumtype="d" id="nev13715388n1-nev13715389n11" type="unordered">
<title id="nev13715388n1-nev13715389n12">Remove:</title>
<item id="nev13715388n1-nev13715389n13">
<ptxt id="nev13715388n1-nev13715389n14">the 2 screws fo#@#@#46# rear</ptxt>
</item>
<item id="nev13715388n1-nev13715389n15">
<ptxt id="nev13715388n1-nev13715389n16">the 2 rear scre#@#@#42#ring </ptxt>
</item>
<item id="nev13715388n1-nev13715389n17">
<ptxt id="nev13715388n1-nev13715389n18">3 of the 4 scre#@#@#42#ing. </ptxt>
</item>
</list1>
<note id="nev13715388n1-nev13715389n19">
<ptxt id="nev13715388n1-nev13715389n20">Leave one screw#@#@#50#fall.</ptxt>
</note>
<para id="nev13715388n1-nev13715389n21">
<ptxt id="nev13715388n1-nev13715389n22">Press the prope#@#@#71#ges. </ptxt>
</para>
</graphtext>
</grate>
<grate id="nev13715388n1-nev13715389n23">
<graphic id="nev13715388n1-nev13715386n63">
<href>0900c8af8162139#@#@#9#.jpeg</href>
</graphic>
<graphtext id="nev13715388n1-nev13715389n24">
<para id="nev13715388n1-nev13715389n25">
<ptxt id="nev13715388n1-nev13715389n26">Remove the rema#@#@#97#stem.</ptxt>
</para>
</graphtext>
</grate>
</procstep>
<procstep id="nev13715388n1-nev13715386n64">
<title id="nev13715388n1-nev13715389n27">Removing the pr#@#@#8#shaft</title>
<grate id="nev13715388n1-nev13715389n28">
<graphic id="nev13715388n1-nev13715386n65">
<href>0900c8af8162139#@#@#9#.jpeg</href>
</graphic>
<graphtext id="nev13715388n1-nev13715389n29">
<para id="nev13715388n1-nev13715389n30">
<ptxt id="nev13715388n1-nev13715389n31">Remove the prop#@#@#43#ards.</ptxt>
</para>
<note id="nev13715388n1-nev13715389n32">
<ptxt id="nev13715388n1-nev13715389n33">Be careful to a#@#@#54#elds.</ptxt>
</note>
<hint id="nev13715388n1-nev13715389n34">
<ptxt id="nev13715388n1-nev13715389n35">Carefully pull #@#@#46#ring.</ptxt>
</hint>
</graphtext>
</grate>
</procstep>
</stepgrp>
<stepgrp id="nev13715388n1-nev13715386n66">
<title id="nev13715388n1-nev13715389n36">Installation</title>
<note id="nev13715388n1-nev13715389n37">
<ptxt id="nev13715388n1-nev13715389n38">For tightening #@#@#9#see: <xref id="nev13715388n1-nev13715389n39">
<ref id="nev13715388n1-nev13715386n67"/>
</xref>. </ptxt>
</note>
<procstep id="nev13715388n1-nev13715386n68">
<title id="nev13715388n1-nev13715389n40">Installing the #@#@#10#shaft</title>
<grate id="nev13715388n1-nev13715389n41">
<graphic id="nev13715388n1-nev13715386n69">
<href>0900c8af8162139#@#@#9#.jpeg</href>
</graphic>
<graphtext id="nev13715388n1-nev13715389n42">
<para id="nev13715388n1-nev13715389n43">
<ptxt id="nev13715388n1-nev13715389n44">Install the pro#@#@#20#hind.</ptxt>
</para>
<note id="nev13715388n1-nev13715389n45">
<ptxt id="nev13715388n1-nev13715389n46">Be careful to a#@#@#54#elds.</ptxt>
</note>
<hint id="nev13715388n1-nev13715389n47">
<ptxt id="nev13715388n1-nev13715389n48">Carefully pull #@#@#46#ring.</ptxt>
</hint>
<para id="nev13715388n1-nev13715389n49">
<ptxt id="nev13715388n1-nev13715389n50">Secure the prop#@#@#93#ring.</ptxt>
</para>
</graphtext>
</grate>
</procstep>
<procstep id="nev13715388n1-nev13715386n70">
<title id="nev13715388n1-nev13715389n51">Installing the #@#@#19#joint</title>
<para id="nev13715388n1-nev13715389n52">
<ptxt id="nev13715388n1-nev13715389n53">Check carefully#@#@#74#lean.</ptxt>
</para>
<note id="nev13715388n1-nev13715389n54">
<ptxt id="nev13715388n1-nev13715389n55">If the same pro#@#@#89#lier.</ptxt>
</note>
</procstep>
<procstep id="nev13715388n1-nev13715386n71">
<title id="nev13715388n1-nev13715389n56">Installing members</title>
<list1 enumtype="d" id="nev13715388n1-nev13715389n57" type="unordered">
<title id="nev13715388n1-nev13715389n58">Install:</title>
<item id="nev13715388n1-nev13715389n59">
<ptxt id="nev13715388n1-nev13715389n60">the 2 M8 screws#@#@#16#ember</ptxt>
</item>
<item id="nev13715388n1-nev13715389n61">
<ptxt id="nev13715388n1-nev13715389n62">the 4 M8 screws#@#@#15#ember</ptxt>
</item>
<item id="nev13715388n1-nev13715389n63">
<ptxt id="nev13715388n1-nev13715389n64">the 2 M8 screws#@#@#50#rear.</ptxt>
</item>
</list1>
<para id="nev13715388n1-nev13715389n65">
<ptxt id="nev13715388n1-nev13715389n66">Tighten.</ptxt>
</para>
</procstep>
<procstep id="nev13715388n1-nev13715386n72">
<title id="nev13715388n1-nev13715389n67">Tightening the #@#@#25#front</title>
<grate id="nev13715388n1-nev13715389n68">
<graphic id="nev13715388n1-nev13715386n73">
<href>0900c8af8162139#@#@#9#.jpeg</href>
</graphic>
<graphtext id="nev13715388n1-nev13715389n69">
<para id="nev13715388n1-nev13715389n70">
<ptxt id="nev13715388n1-nev13715389n71">Use <emph id="nev13715388n1-nev13715389n72">new</emph> screws. Use: <toolitem id="nev13715388n1-nev13715386n74"/> as counterhold#@#@#14# to: <xref id="nev13715388n1-nev13715389n73">
<ref id="nev13715388n1-nev13715386n75"/>
</xref>.</ptxt>
</para>
</graphtext>
</grate>
</procstep>
<procstep id="nev13715388n1-nev13715386n76">
<title id="nev13715388n1-nev13715389n74">Tightening the #@#@#24# rear</title>
<grate id="nev13715388n1-nev13715389n75">
<graphic id="nev13715388n1-nev13715386n77">
<href>0900c8af80060e7#@#@#9#.jpeg</href>
</graphic>
<graphtext id="nev13715388n1-nev13715389n76">
<para id="nev13715388n1-nev13715389n77">
<ptxt id="nev13715388n1-nev13715389n78">Use <emph id="nev13715388n1-nev13715389n79">new</emph> screws. Use: <toolitem id="nev13715388n1-nev13715386n78"/> as counterhold#@#@#14# to: <xref id="nev13715388n1-nev13715389n80">
<ref id="nev13715388n1-nev13715386n79"/>
</xref>.</ptxt>
</para>
</graphtext>
</grate>
<grate id="nev13715388n1-nev13715389n81">
<graphic id="nev13715388n1-nev13715386n80">
<href>0900c8af80060fc#@#@#9#.jpeg</href>
</graphic>
<graphtext id="nev13715388n1-nev13715389n82">
<para id="nev13715388n1-nev13715389n83">
<title id="nev13715388n1-nev13715389n84">For cars with a#@#@#52#lange</title>
<ptxt id="nev13715388n1-nev13715389n85">Use: <toolitem id="nev13715388n1-nev13715386n81"/>.</ptxt>
</para>
</graphtext>
</grate>
</procstep>
</stepgrp>
</procedure>
</servinfosub>