<?xml version="1.0" encoding="UTF-8"?><servinfosub IE-ID="en-US0900c8af855e3a04" docno="VCC-370332" id="nev13712573n1" original="sv-SE" servinfosubId="nev13712574n1-nev13712573n4" servinfosubRes="0900c8af855e41a2" servinfosubRes2="urn:x-nevis:fragment:0900c8af855e3a04:0900c8af855e41a2#nev13712573n4" xml:lang="en-US">
<title id="nev13712572n5">Wastegate Contr#@#@#14#tment</title>
<procedure id="nev13712574n1-nev13712572n14">
<stepgrp boilerplate="false" context="" id="nev13712574n1-nev17283294n72">
<title id="nev13712574n1-0800c8af844a46f6">Removal</title>
<procstep id="nev13712574n1-nev17280684n16">
<para id="nev13712574n1-nev17283294n70">
<ptxt id="nev13712574n1-nev17283294n71">See information#@#@#21# body<xref boilerplate="true" id="nev13712574n1-0800c8af84650bad">
<ref id="nev13712574n1-nev17280783n85"/>
</xref>
</ptxt>
</para>
</procstep>
<procstep id="nev13712574n1-nev17280764n44">
<grate id="nev13712574n1-nev17283294n68">
<graphic id="nev13712574n1-nev17283294n69">
<href>0900c8af834a36b#@#@#9#.jpeg</href>
</graphic>
</grate>
</procstep>
</stepgrp>
<stepgrp boilerplate="false" context="" id="nev13712574n1-nev17283294n67">
<title id="nev13712574n1-0800c8af844a4703">Check</title>
<procstep id="nev13712574n1-nev17280764n81">
<grate id="nev13712574n1-nev17283294n65">
<graphic id="nev13712574n1-nev17283294n66">
<href>0900c8af855e3a6#@#@#9#.jpeg</href>
</graphic>
</grate>
</procstep>
<procstep id="nev13712574n1-nev17280779n59">
<grate id="nev13712574n1-nev17283294n63">
<graphic id="nev13712574n1-nev17283294n64">
<href>0900c8af855e3a7#@#@#9#.jpeg</href>
</graphic>
</grate>
</procstep>
<procstep id="nev13712574n1-nev17280780n72">
<grate id="nev13712574n1-nev17283294n61">
<graphic id="nev13712574n1-nev17283294n62">
<href>0900c8af855e3a8#@#@#9#.jpeg</href>
</graphic>
</grate>
</procstep>
<procstep id="nev13712574n1-nev17280779n16">
<note id="nev13712574n1-0800c8af84702f7d">
<ptxt>If the specifie#@#@#50#lled.</ptxt>
</note>
</procstep>
</stepgrp>
<stepgrp boilerplate="false" context="" id="nev13712574n1-nev17283294n60">
<title id="nev13712574n1-0800c8af844a46f9">Installation</title>
<procstep id="nev13712574n1-nev17280782n30">
<grate id="nev13712574n1-nev17283294n58">
<graphic id="nev13712574n1-nev17283294n59">
<href>0900c8af855e419#@#@#9#.jpeg</href>
</graphic>
</grate>
</procstep>
<procstep id="nev13712574n1-nev17280781n26">
<grate id="nev13712574n1-nev17283294n56">
<graphic id="nev13712574n1-nev17283294n57">
<href>0900c8af834a36b#@#@#9#.jpeg</href>
</graphic>
</grate>
</procstep>
</stepgrp>
</procedure>
</servinfosub>