<?xml version="1.0" encoding="UTF-8"?><servinfosub IE-ID="en-US0900c8af80c4b913" docno="VCC-112828" id="KC01156441" xml:lang="en-US">
<title>
<phrase category="" id="KC08785372" phrase-urn="urn:x-nevis:phrase:0800c8af81ffaba6">Checking the feeds</phrase>
</title>
<diagnostic type="test">
<testgrp IE-ID="en-US0900c8af80c4b913_KC06167053" id="KC06167053" j2008use="1" paperuse="1" resumable="1" screenuse="1" testgrp-id="node1" x="120" y="320">
<title>
<phrase category="" id="KC08785373" phrase-urn="urn:x-nevis:phrase:0800c8af81ffaba7">Checking supply</phrase>
</title>
<node>
<test1>
<diaglist>
<dgraphic>
<dgraphic1>
<graphic id="KC08785374">
<href>0900c8af80054d5#@#@#9#.jpeg</href>
</graphic>
</dgraphic1>
</dgraphic>
<ditem>
<ptxt>
<phrase category="" id="KC08785375" phrase-urn="urn:x-nevis:phrase:0800c8af81ffaba8">Ignition on.</phrase>
</ptxt>
</ditem>
</diaglist>
<test2>
<para>
<ptxt>
<phrase category="" id="KC08785376" phrase-urn="urn:x-nevis:phrase:0800c8af81ffaba9">Check the suppl#@#@#90#d in <xref>
<ref id="KC08785377"/>
</xref>, or a loose co#@#@#20#d in <xref>
<ref id="KC08785378"/>
</xref>. Also check fu#@#@#26#ment.</phrase>
</ptxt>
</para>
<para>
<ptxt>
<phrase category="" id="KC08785379" phrase-urn="urn:x-nevis:phrase:0800c8af81ffabaa">Check the cable#@#@#135#d in <xref>
<ref id="KC08785380"/>
</xref>, or for a loos#@#@#24#d in <xref>
<ref id="KC08785381"/>
</xref>. Also check th#@#@#69#e 24.</phrase>
</ptxt>
</para>
<para>
<ptxt>
<phrase category="" id="KC08785382" phrase-urn="urn:x-nevis:phrase:0800c8af81ffabab">Check that the #@#@#95#inal.</phrase>
</ptxt>
<ptxt>
<phrase category="" id="KC08785383" phrase-urn="urn:x-nevis:phrase:0800c8af81ffabac">Also check the #@#@#19#tors.</phrase>
</ptxt>
</para>
<list1 enumtype="d" type="unordered">
<title>
<phrase category="" id="KC08785384" phrase-urn="urn:x-nevis:phrase:0800c8af81ffabad">Other information:</phrase>
</title>
<item>
<ptxt>
<phrase category="" id="KC08785385" phrase-urn="urn:x-nevis:phrase:0800c8af81ffabae">To replace the #@#@#6# see <xref>
<ref id="KC08785386"/>
</xref>. </phrase>
</ptxt>
</item>
<item>
<ptxt>
<phrase category="" id="KC08785387" phrase-urn="urn:x-nevis:phrase:0800c8af81ffabaf">For other value#@#@#2# see <xref>
<ref id="KC08785388"/>
</xref>. </phrase>
</ptxt>
</item>
</list1>
<para>
<ptxt>
<phrase category="" id="KC08785389" phrase-urn="urn:x-nevis:phrase:0800c8af81ffabb0">Remedy as necessary.</phrase>
</ptxt>
</para>
<diaglist>
<dgraphic>
<dgraphic1>
<graphic id="KC08785390">
<href>0900c8af80058dc#@#@#9#.jpeg</href>
</graphic>
</dgraphic1>
<dgraphic2>
<graphic id="KC08785391">
<href>0900c8af80054d4#@#@#9#.jpeg</href>
</graphic>
<smarttool active="press" id="KC08785392" toolname="ODAH"/>
</dgraphic2>
</dgraphic>
<ditem>
<ditemtext>
<ptxt>
<phrase category="" id="KC08785393" phrase-urn="urn:x-nevis:phrase:0800c8af81ffabb1"/>
</ptxt>
</ditemtext>
</ditem>
</diaglist>
<grate>
<graphic id="KC08785394">
<href>0900c8af80058db#@#@#9#.jpeg</href>
</graphic>
</grate>
</test2>
</test1>
<question>Select Continue.</question>
<resact-grp>
<result button="cont" comp="button" highlight="0"/>
<action j2008use="1" paperuse="1" screenuse="1">
<ptxt>
<xref>
<ref id="KC08785395"/>
</xref>
</ptxt>
</action>
</resact-grp>
</node>
</testgrp>
<testgrp id="KC06167054" j2008use="1" paperuse="1" resumable="1" screenuse="1" testgrp-id="veria" x="400" y="240">
<title>
<phrase category="" id="KC08785396" phrase-urn="urn:x-nevis:phrase:0800c8af81ffabb2">Verification</phrase>
</title>
<subcalloutnode>
<diagcallout>
<xref>
<ref id="KC08785397"/>
</xref>
</diagcallout>
<rescall-grp>
<result comp="string" highlight="0" op="eq" return="VERIFICATION FAILED"/>
<calloutaction>
<ptxt>
<xref>
<ref id="KC08785398"/>
</xref>
</ptxt>
</calloutaction>
</rescall-grp>
<rescall-grp>
<result comp="string" highlight="0" op="eq" return="VERIFIED"/>
<calloutaction>
<return value="FAULT FOUND"/>
</calloutaction>
</rescall-grp>
<rescall-grp>
<result comp="string" highlight="0" op="eq" return="PAPER"/>
<calloutaction>
<return value="FAULT NOT FOUND"/>
</calloutaction>
</rescall-grp>
</subcalloutnode>
</testgrp>
<testgrp id="KC06167055" j2008use="1" paperuse="0" resumable="1" screenuse="1" testgrp-id="info1" x="400" y="320">
<title>
<phrase category="" id="KC08785399" phrase-urn="urn:x-nevis:phrase:0800c8af81ffabb3">Fault-tracing i#@#@#5#ation</phrase>
</title>
<subcalloutnode>
<diagcallout>
<xref>
<ref id="KC08785400"/>
</xref>
</diagcallout>
<rescall-grp>
<result comp="string" highlight="0" op="eq" return="FAULTTRACING FAILED"/>
<calloutaction>
<return value="FAULTTRACING FAILED"/>
</calloutaction>
</rescall-grp>
<rescall-grp>
<result comp="string" highlight="0" op="eq" return="NEW TRY"/>
<calloutaction>
<ptxt>
<xref>
<ref id="KC08785401"/>
</xref>
</ptxt>
</calloutaction>
</rescall-grp>
<rescall-grp>
<result comp="string" highlight="0" op="eq" return="FAULT FOUND"/>
<calloutaction>
<return value="FAULT FOUND"/>
</calloutaction>
</rescall-grp>
</subcalloutnode>
</testgrp>
</diagnostic>
</servinfosub>