<?xml version="1.0" encoding="UTF-8"?><servinfosub IE-ID="en-US0900c8af80863913" docno="VCC-090673" id="KC01186489" xml:lang="en-US">
<title>Replacing the S#@#@#4#odule</title>
<procedure>
<title>Disassembly</title>
<stepgrp>
<procstep id="KC01186490">
<title>Preparations</title>
<grate>
<graphic id="KC08996141" width="column">
<href>0900c8af80054d8#@#@#9#.jpeg</href>
</graphic>
<graphtext>
<para>
<ptxt>make a note of #@#@#21#code.</ptxt>
<ptxt>ignition off.</ptxt>
<ptxt>disconnect the #@#@#17#lead.</ptxt>
</para>
</graphtext>
</grate>
</procstep>
</stepgrp>
<stepgrp id="KC01186491">
<procstep id="KC01186492">
<title>Removing the SR#@#@#11#odule</title>
<grate>
<graphic id="KC08996142">
<href>0900c8af800571e#@#@#9#.jpeg</href>
</graphic>
<graphtext>
<warning>
<ptxt>The battery mus#@#@#68#lled.</ptxt>
</warning>
<list1 enumtype="d" type="unordered">
<title>Remove:</title>
<item>
<ptxt>panels and cover. <xref>
<ref id="KC08996143"/>
</xref>. Section 8(82-#@#@#38#ible.</ptxt>
</item>
<item>
<ptxt>the screws and #@#@#7#ors. <xref>
<ref id="KC08996144"/>
</xref>. Section 8(82-#@#@#38#ible.</ptxt>
</item>
<item>
<ptxt>1 screw for the#@#@#52#side.</ptxt>
</item>
<item>
<ptxt>1 control modul#@#@#3#over.</ptxt>
</item>
<item>
<ptxt>3 Torx 30 screw#@#@#20#dule.</ptxt>
</item>
</list1>
<ptxt>lift up the con#@#@#7#dule.</ptxt>
</graphtext>
</grate>
</procstep>
<procstep id="KC01186493">
<title>Removing the co#@#@#29#odule</title>
<grate>
<graphic id="KC08996145">
<href>0900c8af800571e#@#@#9#.jpeg</href>
</graphic>
<graphtext>
<list1 enumtype="d" type="unordered">
<title>Remove:</title>
<item>
<ptxt>the control mod#@#@#80# (2).</ptxt>
</item>
<item>
<ptxt>the connector f#@#@#77#tion.</ptxt>
</item>
</list1>
<caution>
<ptxt>Avoid touching #@#@#103#dule.</ptxt>
</caution>
</graphtext>
</grate>
</procstep>
</stepgrp>
</procedure>
<procedure>
<title>Reassembly</title>
<stepgrp id="KC01186494">
<procstep id="KC01186495">
<title>Installing the #@#@#31#odule</title>
<grate>
<graphic id="KC08996146">
<href>0900c8af800571e#@#@#9#.jpeg</href>
</graphic>
<graphtext>
<warning>
<ptxt>The battery mus#@#@#68#lled.</ptxt>
</warning>
<list1 enumtype="d" type="unordered">
<title>Install:</title>
<item>
<ptxt>the connector t#@#@#75#tion.</ptxt>
</item>
<item>
<ptxt>control module #@#@#136#lace.</ptxt>
</item>
</list1>
</graphtext>
</grate>
</procstep>
<procstep id="KC01186496">
<title>Installing the #@#@#13#odule</title>
<grate>
<graphic id="KC08996147" width="column">
<href>0900c8af800571e#@#@#9#.jpeg</href>
</graphic>
<graphtext>
<para>
<ptxt>Install 3 screw#@#@#50#ule: <emph>10 Nm</emph>.</ptxt>
</para>
<caution>
<ptxt>The screws have#@#@#152#tion.</ptxt>
</caution>
<note>
<ptxt>Use the old scr#@#@#76#ound.</ptxt>
</note>
<caution>
<ptxt>It is important#@#@#87#erly.</ptxt>
</caution>
<para>
<ptxt>The electrical #@#@#184#work.</ptxt>
</para>
<para>
<ptxt>Other component#@#@#30#rder.</ptxt>
</para>
</graphtext>
</grate>
</procstep>
</stepgrp>
<stepgrp>
<title>Conclusion</title>
<procstep id="KC01186497">
<title>Final check</title>
<grate>
<graphic id="KC08996148" width="column">
<href>0900c8af80054d8#@#@#9#.jpeg</href>
</graphic>
<graphtext>
<warning>
<ptxt>Ensure that nob#@#@#49#cted.</ptxt>
</warning>
<list1 enumtype="d" type="unordered">
<title>When all compon#@#@#20#lled:</title>
<item>
<ptxt>switch the igni#@#@#15#n II.</ptxt>
</item>
<item>
<ptxt>reconnect the b#@#@#16#lead.</ptxt>
</item>
</list1>
<note>
<ptxt>Check that the #@#@#139#onds.</ptxt>
</note>
<ptxt>Check that the #@#@#69#ntly.</ptxt>
<ptxt>If the lamp is #@#@#165#TCs).</ptxt>
</graphtext>
</grate>
</procstep>
</stepgrp>
</procedure>
</servinfosub>