<?xml version="1.0" encoding="UTF-8"?><script xmlns:nevis="http://www.volvocars.com/namespaces/processing" xmlns:xlink="http://www.w3.org/1999/xlink" IE-ID="en-US0900c8af83ea3913" docno="VCC-230201" id="nev9954951n1" nevis:expl-profile="mdl544yr2004, mdl545yr2004, mdl544yr2005, mdl545yr2005" nevis:profile="urn:x-nevis:profile:0b00c8af8020c058 urn:x-nevis:profile:0b00c8af8020c05a urn:x-nevis:profile:0b00c8af80da257b urn:x-nevis:profile:0b00c8af80da257d" nevis:projectdocument="urn:x-nevis:projectdocument:0800c8af81b4fc7f" nevis:resource="0900c8af83c79112" nevis:resource2="urn:x-nevis:fragment:0900c8af83ea3913:0900c8af83c79112#nev9954951n1" nevis:session-id="" qualifierinfotype="14:00" type="" xml:lang="en-US"><title>READ/PROG DISTA#@#@#33#IM P1</title><content gui="1" height="335" id="nev9954952n1-nev9954951n3" nevis:expl-profile="mdl544yr2004, mdl545yr2004, mdl544yr2005, mdl545yr2005" nevis:idfrom="nev9954952n1" nevis:prefix="nev9954952n1" nevis:profile="urn:x-nevis:profile:0b00c8af8020c058 urn:x-nevis:profile:0b00c8af8020c05a urn:x-nevis:profile:0b00c8af80da257b urn:x-nevis:profile:0b00c8af80da257d" nevis:resource="0900c8af83c79114" nevis:resource2="urn:x-nevis:fragment:0900c8af83ea3913:0900c8af83c79114#nev9954951n3" width="440" xml:lang="en-US"><nodes id="nev9954952n1-nev12566585n1"><node class="Components.StartNode" id="nev9954952n1-nev12566586n1" nodeid="Start" x="35" y="36"/><node class="Components.ScriptComponent" id="nev9954952n1-nev12566587n1" nodeid="ScriptComponent1" x="302" y="479"/><node class="Components.ScriptButton" id="nev9954952n1-nev12566588n1" nodeid="Activate" x="35" y="159"><gui height="30" id="nev9954952n1-nev12566589n1" width="110" x="15" y="289"/><property class="String" id="nev9954952n1-nev12566590n1" name="Text" type="In" value="Start programming" visible="0"/><property class="String" id="nev9954952n1-nev12566591n1" name="StartDisabled" type="Internal" value="false" visible="1"/><property class="String" id="nev9954952n1-nev12566592n1" name="StartVisible" type="Internal" value="true" visible="1"/><extension id="nev9954952n1-nev12566593n1"><phrase category="Faulttracing" id="nev9954952n1-nev9954953n1" phrase-urn="urn:x-nevis:phrase:0800c8af8178a38e">Start programming</phrase></extension></node><node class="Components.ScriptButton" id="nev9954952n1-nev12566594n1" nodeid="Hide" x="32" y="348"><gui height="30" id="nev9954952n1-nev12566595n1" width="110" x="310" y="290"/><property class="String" id="nev9954952n1-nev12566596n1" name="Text" type="In" value="Hide" visible="0"/><property class="String" id="nev9954952n1-nev12566597n1" name="StartDisabled" type="Internal" value="false" visible="1"/><property class="String" id="nev9954952n1-nev12566598n1" name="StartVisible" type="Internal" value="true" visible="1"/><extension id="nev9954952n1-nev12566599n1"><phrase category="Faulttracing" id="nev9954952n1-nev9954954n1" phrase-urn="urn:x-nevis:phrase:0800c8af81b6b138">Hide</phrase></extension></node><node class="Components.Gui.ActivationList" id="nev9954952n1-nev12566600n1" nodeid="ActivationList1" x="239" y="313"><gui height="130" id="nev9954952n1-nev12566601n1" width="410" x="15" y="145"/><extension id="nev9954952n1-nev12566602n1"><identifier ecu="381101" ecuMode="EcuType" id="nev9954952n1-nev12566603n1" stop="16" type="BLOFF" value="04" write="17"><parameter id="nev9954952n1-nev12566604n1" name="Avståndsvillkor för service miles =" textid="15021"><value id="nev9954952n1-nev12566605n1" textid="19745"/><value id="nev9954952n1-nev12566606n1" textid="19746"/><value id="nev9954952n1-nev12566607n1" textid="50767"/><value id="nev9954952n1-nev12566608n1" textid="19747"/><value id="nev9954952n1-nev12566609n1" textid="19748"/><value id="nev9954952n1-nev12566610n1" textid="52501"/><value id="nev9954952n1-nev12566611n1" textid="19749"/><value id="nev9954952n1-nev12566612n1" textid="71306"/></parameter></identifier></extension></node><node class="Components.IdentifierComponent" id="nev9954952n1-nev12566613n1" nodeid="IdentifierComponent1" x="254" y="152"><property class="Parameter" id="nev9954952n1-nev12566614n1" name="Distance condition for service miles =" type="Out" value="" visible="1"/><extension id="nev9954952n1-nev12566615n1"><identifier ecu="381101" ecuMode="EcuType" id="nev9954952n1-nev12566616n1" read="2" type="BLOFF" value="04"><parameter id="nev9954952n1-nev12566617n1" name="Distance condition for service miles =" textid="15021"/></identifier></extension></node><node class="Components.Gui.ParameterLabel" id="nev9954952n1-nev12566618n1" nodeid="ParameterLabel1" x="681" y="179"><gui height="70" id="nev9954952n1-nev12566619n1" width="410" x="15" y="60"/><property class="Parameter" id="nev9954952n1-nev12566620n1" name="Parameter" type="In" value="" visible="1"/><property class="String" id="nev9954952n1-nev12566621n1" name="Title" type="In" value="" visible="1"/><property class="String" id="nev9954952n1-nev12566622n1" name="Value" type="In" value="" visible="1"/><property class="String" id="nev9954952n1-nev12566623n1" name="Unit" type="In" value="" visible="1"/><property class="String" id="nev9954952n1-nev12566624n1" name="StartVisible" type="Internal" value="true" visible="0"/></node><node class="Components.Constant" id="nev9954952n1-nev12566625n1" nodeid="Constant1" x="371" y="49"><property class="String" id="nev9954952n1-nev12566626n1" name="Text" type="Out" value="Avståndsvillkor för normal service." visible="1"/><extension id="nev9954952n1-nev12566627n1"><text id="nev9954952n1-nev12436348n1" type="nevis"><phrase category="Faulttracing" id="nev9954952n1-nev12436303n1" phrase-urn="urn:x-nevis:phrase:0800c8af83abfb11">Distance condit#@#@#19#vice.</phrase></text></extension></node><node class="Components.ScriptLabel" id="nev9954952n1-nev12566628n1" nodeid="Label1" x="612" y="30"><gui height="20" id="nev9954952n1-nev12566629n1" width="410" x="15" y="20"/><property class="String" id="nev9954952n1-nev12566630n1" name="Text" type="In" value="" visible="1"/><property class="Parameter" id="nev9954952n1-nev12566631n1" name="Parameter" type="In" value="" visible="1"/></node></nodes><handlers id="nev9954952n1-nev12566632n1"><eventhandler id="nev9954952n1-nev12566633n1" name="OnStart" node="Start"><call id="nev9954952n1-nev12566634n1" method="Trigger" node="Constant1"/><call id="nev9954952n1-nev12566635n1" method="UpdateTitles" node="IdentifierComponent1"/><call id="nev9954952n1-nev12566636n1" method="Read" node="IdentifierComponent1"/></eventhandler><eventhandler id="nev9954952n1-nev12566637n1" name="Click" node="Hide"><call id="nev9954952n1-nev12566638n1" method="CloseDialog" node="ScriptComponent1"/></eventhandler><eventhandler id="nev9954952n1-nev12566639n1" name="Click" node="Activate"><call id="nev9954952n1-nev12566640n1" method="ActivateSelected" node="ActivationList1"/><call id="nev9954952n1-nev12566641n1" method="Read" node="IdentifierComponent1"/></eventhandler><propertyhandler id="nev9954952n1-nev12566642n1" name="Distance condition for service miles =" node="IdentifierComponent1"><set id="nev9954952n1-nev12566643n1" node="ParameterLabel1" property="Parameter"/></propertyhandler><propertyhandler id="nev9954952n1-nev12566644n1" name="Text" node="Constant1"><set id="nev9954952n1-nev12566645n1" node="Label1" property="Text"/></propertyhandler></handlers></content></script>