<?xml version="1.0" encoding="UTF-8"?><diagnostic IE-ID="en-US0900c8af803f4b04" docno="VCC-090920" id="KC01563444" type="test" xml:lang="en-US">
<title>
<phrase category="" id="KC09276579" phrase-urn="urn:x-nevis:phrase:0800c8af826d0899">Verification</phrase>
</title>
<testgrp IE-ID="en-US0900c8af803f4b04_KC01563445" id="KC01563445" j2008use="1" paperuse="1" resumable="1" screenuse="1" testgrp-id="verifnode" x="360" y="320">
<title>
<phrase category="" id="KC09276580" phrase-urn="urn:x-nevis:phrase:0800c8af826d089a">Verification</phrase>
</title>
<node>
<test1>
<hint>
<ptxt>
<phrase category="" id="KC09276581" phrase-urn="urn:x-nevis:phrase:0800c8af826d089b">After carrying #@#@#50#died.</phrase>
</ptxt>
</hint>
<diaglist>
<dgraphic>
<dgraphic1>
<graphic id="KC09276582">
<href>0900c8af80054d5#@#@#9#.jpeg</href>
</graphic>
</dgraphic1>
<dgraphic2>
<graphic id="KC09276583">
<href>0900c8af80054d7#@#@#9#.jpeg</href>
</graphic>
</dgraphic2>
</dgraphic>
<ditem>
<ptxt>
<phrase category="" id="KC09276584" phrase-urn="urn:x-nevis:phrase:0800c8af826d089c">Ignition off</phrase>
</ptxt>
</ditem>
<ditem>
<ptxt>
<phrase category="" id="KC09276585" phrase-urn="urn:x-nevis:phrase:0800c8af826d089d">Reinstall the c#@#@#21# etc.</phrase>
</ptxt>
</ditem>
<ditem>
<ptxt>
<phrase category="" id="KC09276586" phrase-urn="urn:x-nevis:phrase:0800c8af826d089e">Ignition on</phrase>
</ptxt>
</ditem>
<ditem>
<ptxt>
<phrase category="" id="KC09276587" phrase-urn="urn:x-nevis:phrase:0800c8af826d089f">Check that lamp#@#@#24#test.</phrase>
</ptxt>
</ditem>
</diaglist>
<test2>
<ptxt>
<phrase category="" id="KC09276588" phrase-urn="urn:x-nevis:phrase:0800c8af826d08a0">Activate the sw#@#@#30#tion.</phrase>
</ptxt>
<para>
<ptxt>
<phrase category="" id="KC09276589" phrase-urn="urn:x-nevis:phrase:0800c8af826d08a1">The dashboard L#@#@#53#ated.</phrase>
</ptxt>
</para>
</test2>
</test1>
<question>
Does the lamp #@#@#2#ght?
</question>
<resact-grp>
<result button="yes" comp="button" highlight="0"/>
<action j2008use="1" paperuse="1" screenuse="1">
<return value="VERIFIED"/>
</action>
</resact-grp>
<resact-grp>
<result button="no" comp="button" highlight="0"/>
<action j2008use="1" paperuse="0" screenuse="1">
<return value="VERIFICATION FAILED"/>
</action>
<action j2008use="0" paperuse="1" screenuse="0">
<return value="PAPER"/>
</action>
</resact-grp>
</node>
</testgrp>
</diagnostic>