<?xml version="1.0" encoding="UTF-8"?><servinfosub IE-ID="en-US0900c8af8578eb04" docno="VCC-443206" id="nev17583276n1" xml:lang="en-US">
<title>
<phrase category="Title" id="nev17583276n2" phrase-urn="urn:x-nevis:phrase:0800c8af81eb9a54">Diagnostic trou#@#@#21#ation</phrase>
<phrase category="Prefix" id="nev17583276n3" phrase-urn="urn:x-nevis:phrase:0800c8af8015c414">PHM</phrase>-U1A4E96</title>
<diagnostic j2008use="1" paperuse="1" screenuse="1" type="condition">
<condgrp>
<condition type="condition">
<grate>
<graphic id="nev17583276n4">
<href>0900c8af840a11c#@#@#9#.jpeg</href>
</graphic>
</grate>
<para>
<ptxt>
<phrase category="Condition" id="nev17583276n5" phrase-urn="urn:x-nevis:phrase:0800c8af8380020a">The Phone modul#@#@#56#dule.</phrase>
</ptxt>
</para>
<para>
<ptxt>
<phrase category="Condition" id="nev17583276n6" phrase-urn="urn:x-nevis:phrase:0800c8af82c4843c">The diagnostic #@#@#59#that:</phrase>
</ptxt>
</para>
<list1 id="nev17583276n7">
<item id="nev17583276n8">
<ptxt id="nev17583276n9">
<phrase category="Faulttracing" id="nev17583276n10" phrase-urn="urn:x-nevis:phrase:0800c8af824a2136">An internal fau#@#@#11#rred.</phrase>
</ptxt>
</item>
</list1>
<para id="nev17583277n1">
<ptxt id="nev17583277n2">
<phrase category="Condition" id="nev17583277n3" phrase-urn="urn:x-nevis:phrase:0800c8af82c479d6">The control mod#@#@#67#t of:</phrase>
</ptxt>
</para>
<list1 id="nev17583277n4">
<item id="nev17583277n5">
<ptxt id="nev17583277n6">
<phrase category="Condition" id="nev17583277n7" phrase-urn="urn:x-nevis:phrase:0800c8af83503989">Ignition positi#@#@#10#d II.</phrase>
</ptxt>
</item>
<item id="nev17583277n8">
<ptxt id="nev17583277n9">
<phrase category="Condition" id="nev17583277n10" phrase-urn="urn:x-nevis:phrase:0800c8af8370a1d0">Battery voltage#@#@#13#16 V.</phrase>
</ptxt>
</item>
<item id="nev17583278n1">
<ptxt id="nev17583278n2">
<phrase category="Condition" id="nev17583278n3" phrase-urn="urn:x-nevis:phrase:0800c8af8389a584">Telephone hands#@#@#3#used.</phrase>
</ptxt>
</item>
</list1>
<note id="nev17583278n4">
<ptxt id="nev17583278n5">
<phrase category="Condition" id="nev17583278n6" phrase-urn="urn:x-nevis:phrase:0800c8af82c4844b">The control mod#@#@#132# met.</phrase>
</ptxt>
</note>
</condition>
</condgrp>
<condgrp>
<condition type="substitution">
<list1 enumtype="d" type="unordered">
<item>
<ptxt>
<phrase category="Condition" id="nev17583278n7" phrase-urn="urn:x-nevis:phrase:0800c8af81eaaea8">None.</phrase>
</ptxt>
</item>
</list1>
</condition>
<ps>
<list1 enumtype="d" type="unordered">
<item>
<ptxt>
<phrase category="Possible source" id="nev17583278n8" phrase-urn="urn:x-nevis:phrase:0800c8af81eb95e5">Internal fault #@#@#17#dule.</phrase>
</ptxt>
</item>
</list1>
</ps>
</condgrp>
<condgrp>
<condition type="symptom">
<list1 enumtype="d" type="unordered">
<item>
<ptxt id="nev17583278n9">
<phrase category="Symptom CSC" id="nev17583278n10" phrase-urn="urn:x-nevis:phrase:0800c8af8388f098">EJ, Cellular ph#@#@#22# work</phrase>
</ptxt>
</item>
<item id="nev17583279n1">
<ptxt id="nev17583279n2">
<phrase category="Symptom CSC" id="nev17583279n3" phrase-urn="urn:x-nevis:phrase:0800c8af8388f0cf">KQ, Cellular ph#@#@#42#ndset</phrase>
</ptxt>
</item>
<item id="nev17583279n4">
<ptxt id="nev17583279n5">
<phrase category="Symptom CSC" id="nev17583279n6" phrase-urn="urn:x-nevis:phrase:0800c8af8388f0ca">FZ, Cellular ph#@#@#51#times</phrase>
</ptxt>
</item>
<item id="nev17583279n7">
<ptxt id="nev17583279n8">
<phrase category="Symptom CSC" id="nev17583279n9" phrase-urn="urn:x-nevis:phrase:0800c8af8388f0fb">HL, Cellular ph#@#@#28# work</phrase>
</ptxt>
</item>
<item id="nev17583279n10">
<ptxt id="nev17583280n1">
<phrase category="Symptom CSC" id="nev17583280n2" phrase-urn="urn:x-nevis:phrase:0800c8af8388f0f7">7L, Cellular ph#@#@#38#ndset</phrase>
</ptxt>
</item>
<item id="nev17583280n3">
<ptxt id="nev17583280n4">
<phrase category="Symptom CSC" id="nev17583280n5" phrase-urn="urn:x-nevis:phrase:0800c8af8388f107">HM, Cellular ph#@#@#47#times</phrase>
</ptxt>
</item>
<item id="nev17583280n6">
<ptxt id="nev17583280n7">
<phrase category="Symptom CSC" id="nev17583280n8" phrase-urn="urn:x-nevis:phrase:0800c8af8388f137">IV, Text window#@#@#27#ssage</phrase>
</ptxt>
</item>
</list1>
</condition>
</condgrp>
</diagnostic>
</servinfosub>