<?xml version="1.0" encoding="UTF-8"?><script xmlns:nevis="http://www.volvocars.com/namespaces/processing" xmlns:xlink="http://www.w3.org/1999/xlink" IE-ID="en-US0900c8af8762c01e" docno="VCC-481242" id="nev23092393n1" nevis:expl-profile="mdl256yr2016, mdl234yr2017, mdl235yr2017, mdl256yr2017" nevis:profile="urn:x-nevis:profile:0b00c8af858c2577 urn:x-nevis:profile:0b00c8af86dd9c00 urn:x-nevis:profile:0b00c8af86dd9c01 urn:x-nevis:profile:0b00c8af86eeb1e9" nevis:projectdocument="urn:x-nevis:projectdocument:0800c8af86c14d95" nevis:resource="0900c8af8762c022" nevis:resource2="urn:x-nevis:fragment:0900c8af8762c01e:0900c8af8762c022#nev23092393n1" nevis:session-id="" qualifierinfotype="14:06" xml:lang="en-US"><title id="nev23092393n2"><phrase category="Title" id="nev25884539n1" phrase-urn="urn:x-nevis:phrase:0800c8af86f03262">Component test:</phrase><phrase category="Generic Component" id="nev25884540n1" phrase-urn="urn:x-nevis:phrase:0800c8af869498f2">Battery control#@#@#14# BCSM</phrase></title><content id="nev23092393n3-nev23092394n1" nevis:expl-profile="mdl256yr2016, mdl234yr2017, mdl235yr2017, mdl256yr2017" nevis:idfrom="nev23092393n3" nevis:prefix="nev23092393n3" nevis:profile="urn:x-nevis:profile:0b00c8af858c2577 urn:x-nevis:profile:0b00c8af86dd9c00 urn:x-nevis:profile:0b00c8af86dd9c01 urn:x-nevis:profile:0b00c8af86eeb1e9" nevis:resource="0900c8af8762c024" nevis:resource2="urn:x-nevis:fragment:0900c8af8762c01e:0900c8af8762c024#nev23092394n1" xml:lang="en-US"><nodes id="nev23092393n3-nev23092394n2"/><SpaScript Id="4b7159da-98df-4230-98ef-12e4c5278aab" Name="Component test: Battery control switch module BCSM " Type="FaultTracing" id="nev23092393n3-nev25884541n1"><Module Annotation="First we run the generic component test module.&#xD;&#xA;After that you can put your individual&#xD;&#xA;component tests..." IsEventHandler="false" Name="Main" id="nev23092393n3-nev25884542n1"><Variable Id="test_remove" Scope="Local" Type="InfoDisplay" id="nev23092393n3-nev25884543n1"><Value Type="InfoDisplayVariable" id="nev23092393n3-nev25884544n1"><infoDisplay id="nev23092393n3-nev23092394n7"><title id="nev23092393n3-nev23092394n8"><freeText id="nev23092393n3-nev23092394n9">Test Test Test</freeText></title><para id="nev23092393n3-nev23092394n10"><freeText id="nev23092393n3-nev23092395n1">Detta är den ge#@#@#45#p... </freeText></para><para id="nev23092393n3-nev23092395n2"><freeText id="nev23092393n3-nev23092395n3">Denna text visa#@#@#42#erats</freeText></para></infoDisplay></Value></Variable><Variable Id="Input" Scope="Input" Type="FaultTracing.Input" id="nev23092393n3-nev25884545n1"/><Component Annotation="Generic test to inform about the DTC condition for faulttracing this cmponent." ComponentId="CallModule_GenericComponentTest" id="nev23092393n3-nev25884546n1"><CallModule id="nev23092393n3-nev25884547n1"><Input Module="GenericComponentTest" id="nev23092393n3-nev25884548n1"><Arg Value="{Input}" id="nev23092393n3-nev25884549n1"/></Input></CallModule></Component><Component ComponentId="RunScript1" id="nev23092393n3-nev25884550n1"><RunScript id="nev23092393n3-nev25884551n1"><Input id="nev23092393n3-nev25884552n1"><NevisLink ProjectDocumentId="0800c8af86b32e03" VCCNumber="VCC-478827-1" VariantId="0900c8af86b32c66" id="nev23092393n3-nev25884553n1"/><Contract id="nev23092393n3-nev25884554n1"/><Arguments id="nev23092393n3-nev25884555n1"/><NevisXRef id="nev23092393n3-nev23092423n1"><ref id="nev23092393n3-nev23092406n1"><locator xlink:href="#nev23092393n3-nev23092406n1" xlink:type="locator"/><locator xlink:href="urn:x-nevis:xref:0800c8af86b32e03:00000000:00000000#nev22765010n1" xlink:type="locator"/><arc nevis:href="urn:x-nevis:xref:0800c8af86b32e03:00000000:00000000#nev22765010n1" xlink:title="VCC-478827, Battery control switch module BCSM" xlink:type="arc"/></ref></NevisXRef></Input></RunScript></Component></Module><Module IsEventHandler="false" Name="Final" id="nev23092393n3-nev25884559n1"/><Module Annotation="Do not touch!" IsEventHandler="false" Name="GenericComponentTest" id="nev23092393n3-nev25884560n1"><Variable Id="InfoDisplayFromGenericLogic" Scope="Local" Type="InfoDisplay" id="nev23092393n3-nev25884561n1"><Value Type="InfoDisplayVariable" id="nev23092393n3-nev25884562n1"><infoDisplay id="nev23092393n3-nev23092396n3"/></Value></Variable><Variable Id="DTCs" Scope="Input" Type="List[String]" id="nev23092393n3-nev25884563n1"/><Component ComponentId="Logger_running_generic" id="nev23092393n3-nev25884564n1"><Logger id="nev23092393n3-nev25884565n1"><Input Text="Running module GenericComponenttest in component test 14:06" id="nev23092393n3-nev25884566n1"/></Logger></Component><Component Annotation="Run the Generic Logic 14:00" ComponentId="RunScript_generic_logic" id="nev23092393n3-nev25884567n1"><RunScript id="nev23092393n3-nev25884568n1"><Input id="nev23092393n3-nev25884569n1"><NevisLink ProjectDocumentId="0800c8af86b6bb5c" VCCNumber="VCC-479232-1" VariantId="0900c8af86b6bb6b" id="nev23092393n3-nev25884570n1"/><Contract id="nev23092393n3-nev25884571n1"><InputVariable Name="DTC_input_data" Type="FaultTracing.Input" id="nev23092393n3-nev25884572n1"/><OutputVariable Name="Error" Type="Double" id="nev23092393n3-nev25884573n1"/><OutputVariable Name="ReturnInfoDisplay" Type="InfoDisplay" id="nev23092393n3-nev25884574n1"/><OutputVariable Name="Only_UC_since_LC" Type="Double" id="nev23092393n3-nev25884575n1"/><OutputVariable Name="TF_since_LC_TestPassedNow" Type="Double" id="nev23092393n3-nev25884576n1"/><OutputVariable Name="TF_since_LC_TestNotRunning" Type="Double" id="nev23092393n3-nev25884577n1"/><OutputVariable Name="TF_since_LC_and_UC_this_OC" Type="Double" id="nev23092393n3-nev25884578n1"/><OutputVariable Name="FaultFreeComponent" Type="Double" id="nev23092393n3-nev25884579n1"/></Contract><Arguments InputValue1="{DTCs}" id="nev23092393n3-nev25884580n1"/><NevisXRef id="nev23092393n3-nev23092398n2"><ref id="nev23092393n3-nev23092398n3"><locator xlink:href="#nev23092393n3-nev23092398n3" xlink:type="locator"/><locator xlink:href="urn:x-nevis:xref:0800c8af86b6bb5c:00000000:00000000#nev22873702n1" xlink:type="locator"/><arc nevis:href="urn:x-nevis:xref:0800c8af86b6bb5c:00000000:00000000#nev22873702n1" xlink:title="VCC-479232, Generic logic for component test" xlink:type="arc"/></ref></NevisXRef></Input></RunScript></Component><If Annotation="if no error show generic info about DTC status for component" LogicId="If_no_error" id="nev23092393n3-nev25884584n1"><LogicStatement Expression="RunScript_generic_logic_Result.Error == False" id="nev23092393n3-nev25884585n1"/><True id="nev23092393n3-nev25884586n1"><Component ComponentId="Logger_showing_infodisplay" id="nev23092393n3-nev25884587n1"><Logger id="nev23092393n3-nev25884588n1"><Input Text="Showing information from generic logic script" id="nev23092393n3-nev25884589n1"/></Logger></Component><Component Annotation="From infodisplay returned by generic logic to a local infodisplay variable due to a bug in SPASE " ComponentId="AssignValue_Infodisplay" id="nev23092393n3-nev25884590n1"><AssignValue id="nev23092393n3-nev25884591n1"><Input AssignTo="{InfoDisplayFromGenericLogic}" Value="{RunScript_generic_logic_Result ReturnInfoDisplay}" id="nev23092393n3-nev25884592n1"/></AssignValue></Component><Component Annotation="Result from the generic logic 14:00" ComponentId="DisplayInformation_FromGenericLogic" id="nev23092393n3-nev25884593n1"><DisplayInformation id="nev23092393n3-nev25884594n1"><Input ButtonType="0" InfoDisplay="{InfoDisplayFromGenericLogic}" id="nev23092393n3-nev25884595n1"/></DisplayInformation></Component><If Annotation="If component only has unconfirmed DTC" LogicId="If_OnlyUnconfirmed" id="nev23092393n3-nev25884596n1"><LogicStatement Expression="RunScript_generic_logic_Result.Only_UC_since_LC == True" id="nev23092393n3-nev25884597n1"/><True id="nev23092393n3-nev25884598n1"><Component ComponentId="Logger_onlyUnconfirmed" id="nev23092393n3-nev25884599n1"><Logger id="nev23092393n3-nev25884600n1"><Input Text="componentTest 14:06 generic module GenericcomponentTest is running generic 14:00 script for only unconfirmed since generic logic responded that there was only unconfirmed DTC" id="nev23092393n3-nev25884601n1"/></Logger></Component><Component Annotation="Generic Logic only for unconfirmed faulttracing" ComponentId="RunScript_OnlyUnconfirmed" id="nev23092393n3-nev25884602n1"><RunScript id="nev23092393n3-nev25884603n1"><Input id="nev23092393n3-nev25884604n1"><NevisLink ProjectDocumentId="0800c8af86bbe0d4" VCCNumber="VCC-479592-1" VariantId="0900c8af86bbddf9" id="nev23092393n3-nev25884605n1"/><Contract id="nev23092393n3-nev25884606n1"><InputVariable Name="AttemptNo" Type="Double" id="nev23092393n3-nev25884607n1"/><InputVariable Name="DTCs" Type="List[String]" id="nev23092393n3-nev25884608n1"/><OutputVariable Name="Verified" Type="Double" id="nev23092393n3-nev25884609n1"/><OutputVariable Name="ReturningInfodisplay" Type="InfoDisplay" id="nev23092393n3-nev25884610n1"/></Contract><Arguments InputValue1="1" InputValue2="{DTCs}" id="nev23092393n3-nev25884611n1"/><NevisXRef id="nev23092393n3-nev23092401n2"><ref id="nev23092393n3-nev23092401n3"><locator xlink:href="#nev23092393n3-nev23092401n3" xlink:type="locator"/><locator xlink:href="urn:x-nevis:xref:0800c8af86bbe0d4:00000000:00000000#nev22964386n1" xlink:type="locator"/><arc nevis:href="urn:x-nevis:xref:0800c8af86bbe0d4:00000000:00000000#nev22964386n1" xlink:title="VCC-479592, GenericLogicForOnlyUnconfirmedComponentTest" xlink:type="arc"/></ref></NevisXRef></Input></RunScript></Component><Component ComponentId="AssignValue_infodisplay" id="nev23092393n3-nev25884615n1"><AssignValue id="nev23092393n3-nev25884616n1"><Input AssignTo="{InfoDisplayFromGenericLogic}" Value="{RunScript_OnlyUnconfirmed_Result ReturningInfodisplay}" id="nev23092393n3-nev25884617n1"/></AssignValue></Component><Component ComponentId="DisplayInformation_ResultOnlyUnconfirmed" id="nev23092393n3-nev25884618n1"><DisplayInformation id="nev23092393n3-nev25884619n1"><Input ButtonType="0" InfoDisplay="{InfoDisplayFromGenericLogic}" id="nev23092393n3-nev25884620n1"/></DisplayInformation></Component><If Annotation="Verified ?" LogicId="If1" id="nev23092393n3-nev25884621n1"><LogicStatement Expression="RunScript_OnlyUnconfirmed_Result.Verified == true" id="nev23092393n3-nev25884622n1"/><True id="nev23092393n3-nev25884623n1"><Component Annotation="Verified" ComponentId="Logger_finished" id="nev23092393n3-nev25884624n1"><Logger id="nev23092393n3-nev25884625n1"><Input Text="Generic fault tracing instructions for only unconfirmed fault finished. the fault is verified..." id="nev23092393n3-nev25884626n1"/></Logger></Component></True><Else id="nev23092393n3-nev25884627n1"><Component ComponentId="Logger_NotVerifiedRetry2" id="nev23092393n3-nev25884628n1"><Logger id="nev23092393n3-nev25884629n1"><Input Text="The only unconfirmed fault is not verified... Running onlyUnconfirmedScript 14:00 one more time..." id="nev23092393n3-nev25884630n1"/></Logger></Component><Component Annotation="Second try" ComponentId="RunScriptUnconfirmed_2" id="nev23092393n3-nev25884631n1"><RunScript id="nev23092393n3-nev25884632n1"><Input id="nev23092393n3-nev25884633n1"><NevisLink ProjectDocumentId="0800c8af86bbe0d4" VCCNumber="VCC-479592-1" VariantId="0900c8af86bbddf9" id="nev23092393n3-nev25884634n1"/><Contract id="nev23092393n3-nev25884635n1"><InputVariable Name="AttemptNo" Type="Double" id="nev23092393n3-nev25884636n1"/><InputVariable Name="DTCs" Type="List[String]" id="nev23092393n3-nev25884637n1"/><OutputVariable Name="Verified" Type="Double" id="nev23092393n3-nev25884638n1"/><OutputVariable Name="ReturningInfodisplay" Type="InfoDisplay" id="nev23092393n3-nev25884639n1"/></Contract><Arguments InputValue1="2" InputValue2="{DTCs}" id="nev23092393n3-nev25884640n1"/><NevisXRef id="nev23092393n3-nev23092403n10"><ref id="nev23092393n3-nev23092404n1"><locator xlink:href="#nev23092393n3-nev23092404n1" xlink:type="locator"/><locator xlink:href="urn:x-nevis:xref:0800c8af86bbe0d4:00000000:00000000#nev22964386n1" xlink:type="locator"/><arc nevis:href="urn:x-nevis:xref:0800c8af86bbe0d4:00000000:00000000#nev22964386n1" xlink:title="VCC-479592, GenericLogicForOnlyUnconfirmedComponentTest" xlink:type="arc"/></ref></NevisXRef></Input></RunScript></Component><Component Annotation="" ComponentId="AssignValue_infodisplay2" id="nev23092393n3-nev25884644n1"><AssignValue id="nev23092393n3-nev25884645n1"><Input AssignTo="{InfoDisplayFromGenericLogic}" Value="{RunScriptUnconfirmed_2_Result ReturningInfodisplay}" id="nev23092393n3-nev25884646n1"/></AssignValue></Component><Component ComponentId="DisplayInformation_ResultUC_2" id="nev23092393n3-nev25884647n1"><DisplayInformation id="nev23092393n3-nev25884648n1"><Input ButtonType="0" InfoDisplay="{RunScriptUnconfirmed_2_Result}" id="nev23092393n3-nev25884649n1"/></DisplayInformation></Component></Else></If></True><Else id="nev23092393n3-nev25884650n1"/></If></True><Else id="nev23092393n3-nev25884651n1"><Component ComponentId="Logger_error" id="nev23092393n3-nev25884652n1"><Logger id="nev23092393n3-nev25884653n1"><Input Text="Error! Something is wrong in generic logic14:00 script, no condition is true. disabling viewing of the generic information, continueing directly to specific fault tracing..." id="nev23092393n3-nev25884654n1"/></Logger></Component></Else></If><Component ComponentId="Logger_Finished" id="nev23092393n3-nev25884655n1"><Logger id="nev23092393n3-nev25884656n1"><Input Text="Generic module in 14:06 component test is finished, continuing with specific tests...." id="nev23092393n3-nev25884657n1"/></Logger></Component></Module></SpaScript></content></script>