<?xml version="1.0" encoding="UTF-8"?><servinfosub IE-ID="en-US0900c8af86f6c01e" docno="VCC-371053" id="nev13717784n1" original="sv-SE" servinfosubId="nev13717785n1-nev24127051n1" servinfosubRes="0900c8af874696b9" servinfosubRes2="urn:x-nevis:fragment:0900c8af86f6c01e:0900c8af874696b9#nev24127051n1" xml:lang="en-US">
<operationnumbers>
<operationnumber>84153-2</operationnumber>
</operationnumbers>
<title id="nev13717783n48">Luggage Compart#@#@#10#adges</title>
<procedure id="nev13717785n1-nev24808607n2">
<stepgrp boilerplate="false" context="" id="nev13717785n1-nev25139978n92">
<title id="nev13717785n1-0800c8af844a46f6">Removal</title>
<procstep id="nev13717785n1-nev24808607n5">
<grate id="nev13717785n1-nev25139978n90">
<graphic id="nev13717785n1-nev25139978n91">
<href>0900c8af8745deb#@#@#9#.jpeg</href>
</graphic>
</grate>
</procstep>
</stepgrp>
<stepgrp boilerplate="false" context="" id="nev13717785n1-nev25139978n89">
<title id="nev13717785n1-0800c8af844a46f9">Installation</title>
<procstep id="nev13717785n1-nev24808607n10">
<para id="nev13717785n1-nev25139978n87">
<ptxt id="nev13717785n1-nev25139978n88">See information#@#@#44# tape<xref boilerplate="true" id="nev13717785n1-0800c8af8452570a">
<ref id="nev13717785n1-nev24808608n5"/>
</xref>
</ptxt>
</para>
</procstep>
<procstep id="nev13717785n1-nev24808608n6">
<grate id="nev13717785n1-nev25139978n85">
<graphic id="nev13717785n1-nev25139978n86">
<href>0900c8af869f573#@#@#9#.jpeg</href>
</graphic>
<graphtext id="nev13717785n1-nev25140062n1">
<para id="nev13717785n1-nev25139978n83">
<ptxt id="nev13717785n1-nev25139978n84">Use tape</ptxt>
</para>
<hint id="nev13717785n1-0800c8af855028e6">
<ptxt>Mark the locati#@#@#15#nent.</ptxt>
</hint>
<para id="nev13717785n1-nev25139978n81">
<ptxt id="nev13717785n1-nev25139978n82">The image shows#@#@#7#mple.</ptxt>
</para>
</graphtext>
</grate>
</procstep>
<procstep id="nev13717785n1-nev24808609n5">
<grate id="nev13717785n1-nev25139978n79">
<graphic id="nev13717785n1-nev25139978n80">
<href>0900c8af8745df7#@#@#9#.jpeg</href>
</graphic>
</grate>
</procstep>
<procstep id="nev13717785n1-nev24808609n8">
<grate id="nev13717785n1-nev25139978n77">
<graphic id="nev13717785n1-nev25139978n78">
<href>0900c8af8746969#@#@#9#.jpeg</href>
</graphic>
</grate>
</procstep>
<procstep id="nev13717785n1-nev24808610n1">
<grate id="nev13717785n1-nev25139978n75">
<graphic id="nev13717785n1-nev25139978n76">
<href>0900c8af8745df7#@#@#9#.jpeg</href>
</graphic>
</grate>
</procstep>
<procstep id="nev13717785n1-nev24808610n4">
<grate id="nev13717785n1-nev25139978n73">
<graphic id="nev13717785n1-nev25139978n74">
<href>0900c8af8745df7#@#@#9#.jpeg</href>
</graphic>
</grate>
</procstep>
<procstep id="nev13717785n1-nev24808610n7">
<grate id="nev13717785n1-nev25139978n71">
<graphic id="nev13717785n1-nev25139978n72">
<href>0900c8af8745df7#@#@#9#.jpeg</href>
</graphic>
</grate>
</procstep>
</stepgrp>
</procedure>
</servinfosub>