<?xml version="1.0" encoding="UTF-8"?><servinfosub IE-ID="en-US0900c8af800d4508" docno="VCC-095512" id="KC01133884" xml:lang="en-US">
<title>
<phrase category="" id="KC06243185" phrase-urn="urn:x-nevis:phrase:0800c8af817c8fd0">Signal too low.#@#@#11#fault</phrase>
</title>
<diagnostic type="test">
<testgrp IE-ID="en-US0900c8af800d4508_KC01133885" id="KC01133885" j2008use="1" paperuse="1" resumable="1" screenuse="1" testgrp-id="kontroll" x="160" y="80">
<title>
<phrase category="" id="KC06243186" phrase-urn="urn:x-nevis:phrase:0800c8af817c8fce">Checking connec#@#@#12# wire</phrase>
</title>
<node>
<test1>
<test2>
<note>
<ptxt>
<phrase category="" id="KC06243187" phrase-urn="urn:x-nevis:phrase:0800c8af817c8fcf">Remember that t#@#@#168#ces).</phrase>
</ptxt>
</note>
<note>
<ptxt>
<phrase category="" id="KC06243188" phrase-urn="urn:x-nevis:phrase:0800c8af817c8f8b">To maintain the#@#@#72#ance.</phrase>
</ptxt>
</note>
<ptxt>
<phrase category="" id="KC06243189" phrase-urn="urn:x-nevis:phrase:0800c8af817c8f8c"> Check the bus #@#@#46#d in <xref>
<ref id="KC06243190"/>
</xref>. Also check th#@#@#74#d in <xref>
<ref id="KC06243191"/>
</xref>.</phrase>
</ptxt>
<hint>
<ptxt>
<phrase category="" id="KC06243192" phrase-urn="urn:x-nevis:phrase:0800c8af817c8f8d">If the fault is#@#@#57#inue.</phrase>
</ptxt>
</hint>
<para>
<ptxt>
<phrase category="" id="KC06243193" phrase-urn="urn:x-nevis:phrase:0800c8af817c8f8e">The following w#@#@#61#cuit.</phrase>
</ptxt>
</para>
<list1 enumtype="d" type="unordered">
<title>
<phrase category="" id="KC06243194" phrase-urn="urn:x-nevis:phrase:0800c8af817c8f8f">Wire between:</phrase>
</title>
<item>
<ptxt>
<phrase category="" id="KC06243195" phrase-urn="urn:x-nevis:phrase:0800c8af817c8f90"> electronic thr#@#@#51#) 55A</phrase>
</ptxt>
<ptxt>
<phrase category="" id="KC06243196" phrase-urn="urn:x-nevis:phrase:0800c8af817c8f91"> electronic thr#@#@#52# 37A.</phrase>
</ptxt>
<ptxt>
<phrase category="" id="KC06243197" phrase-urn="urn:x-nevis:phrase:0800c8af817c8f92">To connect the #@#@#33# see <xref>
<ref id="KC06243198"/>
</xref>
</phrase>
</ptxt>
<ptxt>
<phrase category="" id="KC06243199" phrase-urn="urn:x-nevis:phrase:0800c8af817c8f93">To connect the #@#@#33# see <xref>
<ref id="KC06243200"/>
</xref>
</phrase>
</ptxt>
</item>
<item>
<note>
<ptxt>
<phrase category="" id="KC06243201" phrase-urn="urn:x-nevis:phrase:0800c8af817c8f94"> Applies to aut#@#@#11# box.</phrase>
</ptxt>
</note>
<ptxt>
<phrase category="" id="KC06243202" phrase-urn="urn:x-nevis:phrase:0800c8af817c8f95">engine control #@#@#52#) 1B.</phrase>
</ptxt>
<ptxt>
<phrase category="" id="KC06243203" phrase-urn="urn:x-nevis:phrase:0800c8af817c8f96">engine control #@#@#54# 13B.</phrase>
</ptxt>
<ptxt>
<phrase category="" id="KC06243204" phrase-urn="urn:x-nevis:phrase:0800c8af817c8f97">To connect the #@#@#33# see <xref>
<ref id="KC06243205"/>
</xref>
</phrase>
</ptxt>
<ptxt>
<phrase category="" id="KC06243206" phrase-urn="urn:x-nevis:phrase:0800c8af817c8f98">To connect the #@#@#33# see <xref>
<ref id="KC06243207"/>
</xref> (AW) or <xref>
<ref id="KC06243208"/>
</xref> (GM).</phrase>
</ptxt>
</item>
<item>
<note>
<ptxt>
<phrase category="" id="KC06243209" phrase-urn="urn:x-nevis:phrase:0800c8af817c8f99"> Applies to aut#@#@#11# box.</phrase>
</ptxt>
</note>
<ptxt>
<phrase category="" id="KC06243210" phrase-urn="urn:x-nevis:phrase:0800c8af817c8f9a">transmission co#@#@#141#ole).</phrase>
</ptxt>
<ptxt>
<phrase category="" id="KC06243211" phrase-urn="urn:x-nevis:phrase:0800c8af817c8f9b">transmission co#@#@#142#ole).</phrase>
</ptxt>
<ptxt>
<phrase category="" id="KC06243212" phrase-urn="urn:x-nevis:phrase:0800c8af817c8f9c">To connect the #@#@#33# see <xref>
<ref id="KC06243213"/>
</xref> (AW) or <xref>
<ref id="KC06243214"/>
</xref> (GM).</phrase>
</ptxt>
<ptxt>
<phrase category="" id="KC06243215" phrase-urn="urn:x-nevis:phrase:0800c8af817c8f9d">To connect the #@#@#33# see <xref>
<ref id="KC06243216"/>
</xref>
</phrase>
</ptxt>
</item>
<item>
<note>
<ptxt>
<phrase category="" id="KC06243217" phrase-urn="urn:x-nevis:phrase:0800c8af817c8f9e"> Applies to man#@#@#8# box.</phrase>
</ptxt>
</note>
<ptxt>
<phrase category="" id="KC06243218" phrase-urn="urn:x-nevis:phrase:0800c8af817c8f9f">engine control #@#@#135#ole.)</phrase>
</ptxt>
<ptxt>
<phrase category="" id="KC06243219" phrase-urn="urn:x-nevis:phrase:0800c8af817c8fa0">engine control #@#@#136#ole).</phrase>
</ptxt>
<ptxt>
<phrase category="" id="KC06243220" phrase-urn="urn:x-nevis:phrase:0800c8af817c8fa1">To connect the #@#@#33# see <xref>
<ref id="KC06243221"/>
</xref>
</phrase>
</ptxt>
<ptxt>
<phrase category="" id="KC06243222" phrase-urn="urn:x-nevis:phrase:0800c8af817c8fa2">To connect the #@#@#33# see <xref>
<ref id="KC06243223"/>
</xref>
</phrase>
</ptxt>
</item>
<item>
<ptxt>
<phrase category="" id="KC06243224" phrase-urn="urn:x-nevis:phrase:0800c8af817c8fa3">central electro#@#@#181#4/3R.</phrase>
</ptxt>
<ptxt>
<phrase category="" id="KC06243225" phrase-urn="urn:x-nevis:phrase:0800c8af817c8fa4">central electro#@#@#181#4/3R.</phrase>
</ptxt>
<ptxt>
<phrase category="" id="KC06243226" phrase-urn="urn:x-nevis:phrase:0800c8af817c8fa5">To connect the #@#@#33# see <xref>
<ref id="KC06243227"/>
</xref>
</phrase>
</ptxt>
<ptxt>
<phrase category="" id="KC06243228" phrase-urn="urn:x-nevis:phrase:0800c8af817c8fa6">To connect the #@#@#33# see <xref>
<ref id="KC06243229"/>
</xref>
</phrase>
</ptxt>
</item>
</list1>
<list1 enumtype="d" type="unordered">
<title>
<phrase category="" id="KC06243230" phrase-urn="urn:x-nevis:phrase:0800c8af817c8fa7">Additional info#@#@#2#ation</phrase>
</title>
<item>
<ptxt>
<phrase category="" id="KC06243231" phrase-urn="urn:x-nevis:phrase:0800c8af817c8fa8">The voltage sho#@#@#38#3.5V.</phrase>
</ptxt>
</item>
<item>
<ptxt>
<phrase category="" id="KC06243232" phrase-urn="urn:x-nevis:phrase:0800c8af817c8fa9">For wiring diag#@#@#91#gram.</phrase>
</ptxt>
</item>
<item>
<ptxt>
<phrase category="" id="KC06243233" phrase-urn="urn:x-nevis:phrase:0800c8af817c8faa">To disconnect t#@#@#11# see <xref>
<ref id="KC06243234"/>
</xref>
</phrase>
</ptxt>
</item>
</list1>
<diaglist>
<dgraphic>
<dgraphic1>
<graphic id="KC06243235">
<href>0900c8af8005444#@#@#9#.jpeg</href>
</graphic>
</dgraphic1>
<dgraphic2>
<graphic id="KC06243236">
<href>0900c8af80054d4#@#@#9#.jpeg</href>
</graphic>
<smarttool active="auto" id="KC06243237" toolname="ODA"/>
</dgraphic2>
</dgraphic>
<ditem>
<ditemtext>
<ptxt>
<phrase category="" id="KC06243238" phrase-urn="urn:x-nevis:phrase:0800c8af817c8fab"/>
</ptxt>
</ditemtext>
</ditem>
</diaglist>
</test2>
</test1>
<question>Press Continue.</question>
<resact-grp>
<result button="cont" comp="button" highlight="0"/>
<action j2008use="1" paperuse="1" screenuse="1">
<ptxt>
<xref>
<ref id="KC06243239"/>
</xref>
</ptxt>
</action>
</resact-grp>
</node>
</testgrp>
<testgrp id="KC01133886" j2008use="1" paperuse="1" resumable="1" screenuse="1" testgrp-id="verifiering" x="160" y="200">
<title>
<phrase category="" id="KC06243240" phrase-urn="urn:x-nevis:phrase:0800c8af817c8fac">Verification</phrase>
</title>
<subcalloutnode>
<diagcallout>
<xref>
<ref id="KC06243241"/>
</xref>
</diagcallout>
<rescall-grp>
<result comp="string" highlight="0" op="eq" return="VERIFIED"/>
<calloutaction>
<return value="FAULT FOUND"/>
</calloutaction>
</rescall-grp>
<rescall-grp>
<result comp="string" highlight="0" op="eq" return="VERIFICATION FAILED"/>
<calloutaction>
<ptxt>
<xref>
<ref id="KC06243242"/>
</xref>
</ptxt>
</calloutaction>
</rescall-grp>
</subcalloutnode>
</testgrp>
<testgrp id="KC01133887" j2008use="1" paperuse="1" resumable="1" screenuse="1" testgrp-id="info1" x="480" y="80">
<title>
<phrase category="" id="KC06243243" phrase-urn="urn:x-nevis:phrase:0800c8af817c8fad"/>
</title>
<subcalloutnode>
<diagcallout>
<xref>
<ref id="KC06243244"/>
</xref>
</diagcallout>
<rescall-grp>
<result comp="string" highlight="0" op="eq" return="FAULTTRACING FAILED"/>
<calloutaction>
<return value="FAULT NOT FOUND"/>
</calloutaction>
</rescall-grp>
<rescall-grp>
<result comp="string" highlight="0" op="eq" return="NEW TRY"/>
<calloutaction>
<ptxt>
<xref>
<ref id="KC06243245"/>
</xref>
</ptxt>
</calloutaction>
</rescall-grp>
</subcalloutnode>
</testgrp>
</diagnostic>
</servinfosub>