<?xml version="1.0" encoding="UTF-8"?><servinfosub IE-ID="en-US0900c8af8595c508" docno="VCC-445224" id="nev17667001n1" original="sv-SE" servinfosubId="nev20685480n1-nev20685480n2" servinfosubRes="0900c8af862c1e70" servinfosubRes2="urn:x-nevis:fragment:0900c8af8595c508:0900c8af862c1e70#nev20685480n2" xml:lang="en-US">
<title id="nev17667001n2">Description of #@#@#60#ation</title>
<para id="nev20685480n1-nev17667001n3">
<ptxt id="nev20685480n1-nev17667001n4">Select type of #@#@#7#tion:</ptxt>
</para>
<para id="nev20685480n1-nev17667001n5">
<ptxt id="nev20685480n1-nev17667001n6">
<xref id="nev20685480n1-nev17667001n7">
<ref id="nev20685480n1-nev17667001n8"/>
</xref>
</ptxt>
</para>
<para id="nev20685480n1-nev17667001n9">
<ptxt id="nev20685480n1-nev17667001n10">
<xref id="nev20685480n1-nev17667002n1">
<ref id="nev20685480n1-nev17667002n2"/>
</xref>
</ptxt>
</para>
<para id="nev20685480n1-nev17667002n3">
<ptxt id="nev20685480n1-nev17667002n4">
<xref id="nev20685480n1-nev17667002n5">
<ref id="nev20685480n1-nev17667002n6"/>
</xref>
</ptxt>
</para>
</servinfosub>