<?xml version="1.0" encoding="UTF-8"?><servinfosub IE-ID="en-US0900c8af806a8508" docno="VCC-109785" id="KC02027139" xml:lang="en-US">
<title>
<phrase category="" id="KC08671957" phrase-urn="urn:x-nevis:phrase:0800c8af81e222df">Signal faulty. #@#@#10#fault</phrase>
</title>
<diagnostic type="test">
<testgrp IE-ID="en-US0900c8af806a8508_KC02047138" id="KC02047138" j2008use="1" paperuse="1" resumable="1" screenuse="1" testgrp-id="node1" x="120" y="80">
<title>
<phrase category="" id="KC08671958" phrase-urn="urn:x-nevis:phrase:0800c8af81e222fa">Checking the co#@#@#13#wires</phrase>
</title>
<node>
<test1>
<test2>
<para>
<ptxt>
<phrase category="" id="KC08671959" phrase-urn="urn:x-nevis:phrase:0800c8af81e2231d">The engine cont#@#@#81#nsor.</phrase>
</ptxt>
</para>
<para>
<ptxt>
<phrase category="" id="KC08671960" phrase-urn="urn:x-nevis:phrase:0800c8af81e22343">Replace acceler#@#@#29#d in <xref>
<ref id="KC08671961"/>
</xref>.</phrase>
</ptxt>
</para>
<list1 enumtype="d" type="unordered">
<title>
<phrase category="" id="KC08671962" phrase-urn="urn:x-nevis:phrase:0800c8af81e2235d">Additional info#@#@#2#ation</phrase>
</title>
<item>
<ptxt>
<phrase category="" id="KC08671963" phrase-urn="urn:x-nevis:phrase:0800c8af81e2237b">For information#@#@#12# see <xref>
<ref id="KC08671964"/>
</xref>
</phrase>
</ptxt>
</item>
</list1>
<grate>
<graphic id="KC08671965">
<href>0900c8af800576d#@#@#9#.jpeg</href>
</graphic>
</grate>
</test2>
</test1>
<question/>
<resact-grp>
<result button="cont" comp="button" highlight="0"/>
<action j2008use="1" paperuse="1" screenuse="1">
<ptxt>
<xref>
<ref id="KC08671966"/>
</xref>
</ptxt>
</action>
</resact-grp>
</node>
</testgrp>
<testgrp id="KC02047139" j2008use="1" paperuse="1" resumable="1" screenuse="1" testgrp-id="veria" x="120" y="200">
<title>
<phrase category="" id="KC08671967" phrase-urn="urn:x-nevis:phrase:0800c8af81e223a0">Verification</phrase>
</title>
<subcalloutnode>
<diagcallout>
<xref>
<ref id="KC08671968"/>
</xref>
</diagcallout>
<rescall-grp>
<result comp="string" highlight="0" op="eq" return="VERIFIED"/>
<calloutaction>
<return value="FAULT FOUND"/>
</calloutaction>
</rescall-grp>
<rescall-grp>
<result comp="string" highlight="0" op="eq" return="VERIFICATION FAILED"/>
<calloutaction>
<ptxt>
<xref>
<ref id="KC08671969"/>
</xref>
</ptxt>
</calloutaction>
</rescall-grp>
</subcalloutnode>
</testgrp>
<testgrp id="KC02047140" j2008use="1" paperuse="1" resumable="1" screenuse="1" testgrp-id="info1" x="360" y="200">
<title>
<phrase category="" id="KC08671970" phrase-urn="urn:x-nevis:phrase:0800c8af81e223b9">Trouble-shootin#@#@#8#ation</phrase>
</title>
<subcalloutnode>
<diagcallout>
<xref>
<ref id="KC08671971"/>
</xref>
</diagcallout>
<rescall-grp>
<result comp="string" highlight="0" op="eq" return="FAULTTRACING FAILED"/>
<calloutaction>
<return value="FAULTTRACING FAILED"/>
</calloutaction>
</rescall-grp>
<rescall-grp>
<result comp="string" highlight="0" op="eq" return="NEW TRY"/>
<calloutaction>
<ptxt>
<xref>
<ref id="KC08671972"/>
</xref>
</ptxt>
</calloutaction>
</rescall-grp>
</subcalloutnode>
</testgrp>
</diagnostic>
</servinfosub>