<?xml version="1.0" encoding="UTF-8"?><script xmlns:nevis="http://www.volvocars.com/namespaces/processing" xmlns:xlink="http://www.w3.org/1999/xlink" IE-ID="en-US0900c8af87cd7701" docno="VCC-505401" id="nev28215071n1" nevis:expl-profile="mdl536yr2018" nevis:profile="urn:x-nevis:profile:0b00c8af8734696f" nevis:projectdocument="urn:x-nevis:projectdocument:0800c8af87cd76f3" nevis:resource="0900c8af87cd77a0" nevis:resource2="urn:x-nevis:fragment:0900c8af87cd7701:0900c8af87cd77a0#nev28215071n1" nevis:session-id="" qualifierinfotype="14:06" xml:lang="en-US"><title id="nev28215071n2"><phrase category="Title" id="nev28215071n3" phrase-urn="urn:x-nevis:phrase:0800c8af86f03262">Component test:</phrase><phrase category="Generic Component" id="nev28215071n4" phrase-urn="urn:x-nevis:phrase:0800c8af869b7bda">Air quality sen#@#@#2#r AQS</phrase></title><content id="nev28215071n5-nev28215058n1" nevis:expl-profile="mdl536yr2018" nevis:idfrom="nev28215071n5" nevis:prefix="nev28215071n5" nevis:profile="urn:x-nevis:profile:0b00c8af8734696f" nevis:resource="0900c8af87cd779e" nevis:resource2="urn:x-nevis:fragment:0900c8af87cd7701:0900c8af87cd779e#nev28215058n1" xml:lang="en-US"><nodes id="nev28215071n5-nev28215058n2"/><SpaScript Id="4b7159da-98df-4230-98ef-12e4c5278aab" Name="Component test: Air quality sensor AQS " Type="FaultTracing" id="nev28215071n5-nev28217017n1"><Module Annotation="First we run the generic component test module.&#xD;&#xA;After that you can put your individual&#xD;&#xA;component tests..." IsEventHandler="false" Name="Main" id="nev28215071n5-nev28217018n1"><Variable Annotation="" Id="test_remove" Scope="Local" Type="InfoDisplay" id="nev28215071n5-nev28217019n1"><Value Type="InfoDisplayVariable" id="nev28215071n5-nev28217020n1"><infoDisplay id="nev28215071n5-nev28215058n7"><title id="nev28215071n5-nev28215058n8"><freeText id="nev28215071n5-nev28215058n9">Test Test Test</freeText></title><para id="nev28215071n5-nev28215058n10"><freeText id="nev28215071n5-nev28215059n1">Detta är den ge#@#@#45#p... </freeText></para><para id="nev28215071n5-nev28215059n2"><freeText id="nev28215071n5-nev28215059n3">Denna text visa#@#@#42#erats</freeText></para></infoDisplay></Value></Variable><Variable Annotation="" Id="Input" Scope="Input" Type="FaultTracing.Input" id="nev28215071n5-nev28217021n1"/><Component Annotation="Generic test to inform about the DTC condition for faulttracing this cmponent." ComponentId="CallModule_GenericComponentTest" id="nev28215071n5-nev28217022n1"><CallModule id="nev28215071n5-nev28217023n1"><Input Module="GenericComponentTest" id="nev28215071n5-nev28217024n1"><Arg Value="{Input}" id="nev28215071n5-nev28217025n1"/></Input></CallModule></Component><Component ComponentId="RunScript1" id="nev28215071n5-nev28217026n1"><RunScript id="nev28215071n5-nev28217027n1"><Input id="nev28215071n5-nev28217028n1"><NevisLink ProjectDocumentId="0800c8af87cd76f4" VCCNumber="VCC-505402-1" VariantId="0900c8af87cd7704" id="nev28215071n5-nev28217029n1"/><Contract id="nev28215071n5-nev28217030n1"/><Arguments id="nev28215071n5-nev28217031n1"/><NevisXRef id="nev28215071n5-nev28216800n1"><ref id="nev28215071n5-nev28216784n1"><locator xlink:href="#nev28215071n5-nev28216784n1" xlink:type="locator"/><locator xlink:href="urn:x-nevis:xref:0800c8af87cd76f4:00000000:00000000#nev28215914n1" xlink:type="locator"/><arc nevis:href="urn:x-nevis:xref:0800c8af87cd76f4:00000000:00000000#nev28215914n1" xlink:title="VCC-505402, Air quality sensor AQS" xlink:type="arc"/></ref></NevisXRef></Input></RunScript></Component></Module><Module IsEventHandler="false" Name="Final" id="nev28215071n5-nev28217035n1"/><Module Annotation="Do not touch!" IsEventHandler="false" Name="GenericComponentTest" id="nev28215071n5-nev28217036n1"><Variable Annotation="" Id="InfoDisplayFromGenericLogic" Scope="Local" Type="InfoDisplay" id="nev28215071n5-nev28217037n1"><Value Type="InfoDisplayVariable" id="nev28215071n5-nev28217038n1"><infoDisplay id="nev28215071n5-nev28215061n1"/></Value></Variable><Variable Annotation="" Id="DTCs" Scope="Input" Type="List[String]" id="nev28215071n5-nev28217039n1"/><Component ComponentId="Logger_running_generic" id="nev28215071n5-nev28217040n1"><Logger id="nev28215071n5-nev28217041n1"><Input Text="Running module GenericComponenttest in component test 14:06..........   --- Version: 2015-01-23," id="nev28215071n5-nev28217042n1"/></Logger></Component><Component Annotation="Run the Generic Logic 14:00" ComponentId="RunScript_generic_logic" id="nev28215071n5-nev28217043n1"><RunScript id="nev28215071n5-nev28217044n1"><Input id="nev28215071n5-nev28217045n1"><NevisLink ProjectDocumentId="0800c8af86b6bb5c" VCCNumber="VCC-479232-1" VariantId="0900c8af86b6bb6b" id="nev28215071n5-nev28217046n1"/><Contract id="nev28215071n5-nev28217047n1"><InputVariable Name="DTC_input_data" Type="FaultTracing.Input" id="nev28215071n5-nev28217048n1"/><OutputVariable Name="Error" Type="Double" id="nev28215071n5-nev28217049n1"/><OutputVariable Name="ReturnInfoDisplay" Type="InfoDisplay" id="nev28215071n5-nev28217050n1"/><OutputVariable Name="Only_UC_since_LC" Type="Double" id="nev28215071n5-nev28217051n1"/><OutputVariable Name="TF_since_LC_TestPassedNow" Type="Double" id="nev28215071n5-nev28217052n1"/><OutputVariable Name="TF_since_LC_TestNotRunning" Type="Double" id="nev28215071n5-nev28217053n1"/><OutputVariable Name="TF_since_LC_and_UC_this_OC" Type="Double" id="nev28215071n5-nev28217054n1"/><OutputVariable Name="FaultFreeComponent" Type="Double" id="nev28215071n5-nev28217055n1"/></Contract><Arguments InputValue1="{DTCs}" id="nev28215071n5-nev28217056n1"/><NevisXRef id="nev28215071n5-nev28215062n10"><ref id="nev28215071n5-nev28215063n1"><locator xlink:href="#nev28215071n5-nev28215063n1" xlink:type="locator"/><locator xlink:href="urn:x-nevis:xref:0800c8af86b6bb5c:00000000:00000000#nev22873702n1" xlink:type="locator"/><arc nevis:href="urn:x-nevis:xref:0800c8af86b6bb5c:00000000:00000000#nev22873702n1" xlink:title="VCC-479232, Generic logic for component test" xlink:type="arc"/></ref></NevisXRef></Input></RunScript></Component><If Annotation="if no error show generic info about DTC status for component" LogicId="If_no_error" id="nev28215071n5-nev28217059n1"><LogicStatement Expression="RunScript_generic_logic_Result.Error == False" id="nev28215071n5-nev28217060n1"/><True id="nev28215071n5-nev28217061n1"><Component ComponentId="Logger_showing_infodisplay" id="nev28215071n5-nev28217062n1"><Logger id="nev28215071n5-nev28217063n1"><Input Text="Showing information from generic logic script" id="nev28215071n5-nev28217064n1"/></Logger></Component><Component Annotation="From infodisplay returned by generic logic to a local infodisplay variable due to a bug in SPASE " ComponentId="AssignValue_Infodisplay" id="nev28215071n5-nev28217065n1"><AssignValue id="nev28215071n5-nev28217066n1"><Input AssignTo="{InfoDisplayFromGenericLogic}" Value="{RunScript_generic_logic_Result ReturnInfoDisplay}" id="nev28215071n5-nev28217067n1"/></AssignValue></Component><Component Annotation="Result from the generic logic 14:00" ComponentId="DisplayInformation_FromGenericLogic" id="nev28215071n5-nev28217068n1"><DisplayInformation id="nev28215071n5-nev28217069n1"><Input ButtonType="0" InfoDisplay="{InfoDisplayFromGenericLogic}" id="nev28215071n5-nev28217070n1"/></DisplayInformation></Component><If Annotation="If component only has unconfirmed DTC" LogicId="If_OnlyUnconfirmed" id="nev28215071n5-nev28217071n1"><LogicStatement Expression="RunScript_generic_logic_Result.Only_UC_since_LC == True" id="nev28215071n5-nev28217072n1"/><True id="nev28215071n5-nev28217073n1"><Component ComponentId="Logger_onlyUnconfirmed" id="nev28215071n5-nev28217074n1"><Logger id="nev28215071n5-nev28217075n1"><Input Text="The component Test 14:06, Module: GenericcomponentTest is now starting the 14:00 generic script for only unconfirmed since generic logic responded that there was only unconfirmed DTC" id="nev28215071n5-nev28217076n1"/></Logger></Component><Component Annotation="Generic Logic only for unconfirmed faulttracing" ComponentId="RunScript_OnlyUnconfirmed" id="nev28215071n5-nev28217077n1"><RunScript id="nev28215071n5-nev28217078n1"><Input id="nev28215071n5-nev28217079n1"><NevisLink ProjectDocumentId="0800c8af86bbe0d4" VCCNumber="VCC-479592-1" VariantId="0900c8af86bbddf9" id="nev28215071n5-nev28217080n1"/><Contract id="nev28215071n5-nev28217081n1"><InputVariable Name="AttemptNo" Type="Double" id="nev28215071n5-nev28217082n1"/><InputVariable Name="DTCs" Type="List[String]" id="nev28215071n5-nev28217083n1"/><OutputVariable Name="Verified" Type="Double" id="nev28215071n5-nev28217084n1"/><OutputVariable Name="ReturningInfodisplay" Type="InfoDisplay" id="nev28215071n5-nev28217085n1"/></Contract><Arguments InputValue1="1" InputValue2="{DTCs}" id="nev28215071n5-nev28217086n1"/><NevisXRef id="nev28215071n5-nev28215065n10"><ref id="nev28215071n5-nev28215066n1"><locator xlink:href="#nev28215071n5-nev28215066n1" xlink:type="locator"/><locator xlink:href="urn:x-nevis:xref:0800c8af86bbe0d4:00000000:00000000#nev22964386n1" xlink:type="locator"/><arc nevis:href="urn:x-nevis:xref:0800c8af86bbe0d4:00000000:00000000#nev22964386n1" xlink:title="VCC-479592, GenericLogicForOnlyUnconfirmedComponentTest" xlink:type="arc"/></ref></NevisXRef></Input></RunScript></Component><Component ComponentId="AssignValue_infodisplay" id="nev28215071n5-nev28217089n1"><AssignValue id="nev28215071n5-nev28217090n1"><Input AssignTo="{InfoDisplayFromGenericLogic}" Value="{RunScript_OnlyUnconfirmed_Result ReturningInfodisplay}" id="nev28215071n5-nev28217091n1"/></AssignValue></Component><Component ComponentId="DisplayInformation_ResultOnlyUnconfirmed" id="nev28215071n5-nev28217092n1"><DisplayInformation id="nev28215071n5-nev28217093n1"><Input ButtonType="0" InfoDisplay="{InfoDisplayFromGenericLogic}" id="nev28215071n5-nev28217094n1"/></DisplayInformation></Component><If Annotation="Verified ?" LogicId="If1" id="nev28215071n5-nev28217095n1"><LogicStatement Expression="RunScript_OnlyUnconfirmed_Result.Verified == True" id="nev28215071n5-nev28217096n1"/><True id="nev28215071n5-nev28217097n1"><Component Annotation="Verified" ComponentId="Logger_finished" id="nev28215071n5-nev28217098n1"><Logger id="nev28215071n5-nev28217099n1"><Input Text="Generic fault tracing instructions for only unconfirmed fault finished. the fault is verified..." id="nev28215071n5-nev28217100n1"/></Logger></Component></True><Else id="nev28215071n5-nev28217101n1"><Component ComponentId="Logger_NotVerifiedRetry2" id="nev28215071n5-nev28217102n1"><Logger id="nev28215071n5-nev28217103n1"><Input Text="The only unconfirmed fault is not verified... Running onlyUnconfirmedScript 14:00 one more time..." id="nev28215071n5-nev28217104n1"/></Logger></Component><Component Annotation="Second try" ComponentId="RunScriptUnconfirmed_2" id="nev28215071n5-nev28217105n1"><RunScript id="nev28215071n5-nev28217106n1"><Input id="nev28215071n5-nev28217107n1"><NevisLink ProjectDocumentId="0800c8af86bbe0d4" VCCNumber="VCC-479592-1" VariantId="0900c8af86bbddf9" id="nev28215071n5-nev28217108n1"/><Contract id="nev28215071n5-nev28217109n1"><InputVariable Name="AttemptNo" Type="Double" id="nev28215071n5-nev28217110n1"/><InputVariable Name="DTCs" Type="List[String]" id="nev28215071n5-nev28217111n1"/><OutputVariable Name="Verified" Type="Double" id="nev28215071n5-nev28217112n1"/><OutputVariable Name="ReturningInfodisplay" Type="InfoDisplay" id="nev28215071n5-nev28217113n1"/></Contract><Arguments InputValue1="2" InputValue2="{DTCs}" id="nev28215071n5-nev28217114n1"/><NevisXRef id="nev28215071n5-nev28215068n8"><ref id="nev28215071n5-nev28215068n9"><locator xlink:href="#nev28215071n5-nev28215068n9" xlink:type="locator"/><locator xlink:href="urn:x-nevis:xref:0800c8af86bbe0d4:00000000:00000000#nev22964386n1" xlink:type="locator"/><arc nevis:href="urn:x-nevis:xref:0800c8af86bbe0d4:00000000:00000000#nev22964386n1" xlink:title="VCC-479592, GenericLogicForOnlyUnconfirmedComponentTest" xlink:type="arc"/></ref></NevisXRef></Input></RunScript></Component><Component Annotation="" ComponentId="AssignValue_infodisplay2" id="nev28215071n5-nev28217117n1"><AssignValue id="nev28215071n5-nev28217118n1"><Input AssignTo="{InfoDisplayFromGenericLogic}" Value="{RunScriptUnconfirmed_2_Result ReturningInfodisplay}" id="nev28215071n5-nev28217119n1"/></AssignValue></Component><Component ComponentId="DisplayInformation_ResultUC_2" id="nev28215071n5-nev28217120n1"><DisplayInformation id="nev28215071n5-nev28217121n1"><Input ButtonType="0" InfoDisplay="{InfoDisplayFromGenericLogic}" id="nev28215071n5-nev28217122n1"/></DisplayInformation></Component></Else></If></True><Else id="nev28215071n5-nev28217123n1"/></If></True><Else id="nev28215071n5-nev28217124n1"><Component ComponentId="Logger_error" id="nev28215071n5-nev28217125n1"><Logger id="nev28215071n5-nev28217126n1"><Input Text="Error! Something is wrong in generic logic14:00 script, no condition is true. disabling viewing of the generic information, continueing directly to specific fault tracing..." id="nev28215071n5-nev28217127n1"/></Logger></Component></Else></If><Component ComponentId="Logger_Finished" id="nev28215071n5-nev28217128n1"><Logger id="nev28215071n5-nev28217129n1"><Input Text="Generic module in 14:06 component test is finished, continuing with specific tests...." id="nev28215071n5-nev28217130n1"/></Logger></Component></Module></SpaScript></content></script>