<?xml version="1.0" encoding="UTF-8"?><servinfosub IE-ID="en-US0900c8af80885701" docno="VCC-134210" id="KC01110804" xml:lang="en-US">
<title>Replacing the m#@#@#20#ensor</title>
<procedure>
<stepgrp id="KC01150197">
<procstep id="KC01150198">
<title>Removing the ma#@#@#19#ensor</title>
<grate>
<graphic id="KC07546777">
<href>0900c8af8005ad3#@#@#9#.jpeg</href>
</graphic>
<graphtext>
<list1 enumtype="d" type="unordered">
<title>Remove:</title>
<item>
<ptxt>the intake hose#@#@#31#ensor</ptxt>
</item>
<item>
<ptxt>the connector f#@#@#29#ensor</ptxt>
</item>
<item>
<ptxt>the screws hold#@#@#55#ver. </ptxt>
</item>
</list1>
<para>
<ptxt>Pull and work t#@#@#64#over.</ptxt>
</para>
</graphtext>
</grate>
</procstep>
<procstep id="KC01150199">
<title>Installing the #@#@#21#ensor</title>
<para>
<ptxt>Lubricate the O#@#@#17#cant <emph>11611580</emph> when installin#@#@#28#nsor.</ptxt>
<ptxt>Install a new m#@#@#41#rews.</ptxt>
<ptxt>Install the inl#@#@#37#nsor.</ptxt>
<ptxt>Tighten the hos#@#@#3#lamp.</ptxt>
<ptxt>Connect the con#@#@#36#nsor.</ptxt>
</para>
</procstep>
</stepgrp>
</procedure>
</servinfosub>