<?xml version="1.0" encoding="UTF-8"?><script xmlns:nevis="http://www.volvocars.com/namespaces/processing" xmlns:xlink="http://www.w3.org/1999/xlink" IE-ID="en-US0900c8af822d4701" docno="VCC-244641" id="nev10571556n1" nevis:expl-profile="mdl275yr2004, mdl275yr2003, mdl275yr2005, mdl275yr2006, mdl275yr2007, mdl275yr2008" nevis:profile="urn:x-nevis:profile:0b00c8af80206669 urn:x-nevis:profile:0b00c8af80206671 urn:x-nevis:profile:0b00c8af8117443b urn:x-nevis:profile:0b00c8af822b0968 urn:x-nevis:profile:0b00c8af82e48817 urn:x-nevis:profile:0b00c8af838ba0b2" nevis:projectdocument="urn:x-nevis:projectdocument:0800c8af822d4700" nevis:resource="0900c8af822d472d" nevis:resource2="urn:x-nevis:fragment:0900c8af822d4701:0900c8af822d472d#nev10571556n1" nevis:session-id="" qualifierinfotype="14:00" type="" xml:lang="en-US"><title>Read ECU id, P2 SUB</title><content gui="1" height="350" id="nev10571557n1-nev10571556n3" nevis:expl-profile="mdl275yr2004, mdl275yr2003, mdl275yr2005, mdl275yr2006, mdl275yr2007, mdl275yr2008" nevis:idfrom="nev10571557n1" nevis:prefix="nev10571557n1" nevis:profile="urn:x-nevis:profile:0b00c8af80206669 urn:x-nevis:profile:0b00c8af80206671 urn:x-nevis:profile:0b00c8af8117443b urn:x-nevis:profile:0b00c8af822b0968 urn:x-nevis:profile:0b00c8af82e48817 urn:x-nevis:profile:0b00c8af838ba0b2" nevis:resource="0900c8af822d472f" nevis:resource2="urn:x-nevis:fragment:0900c8af822d4701:0900c8af822d472f#nev10571556n3" width="420" xml:lang="en-US"><nodes id="nev10571557n1-nev10571631n1"><node class="Components.StartNode" id="nev10571557n1-nev10571632n1" nodeid="Start" x="25" y="250"/><node class="Components.ParameterIterator" id="nev10571557n1-nev10571633n1" nodeid="ParameterIterator1" x="532" y="207"><property class="Response" id="nev10571557n1-nev10571634n1" name="Response" type="In" value="" visible="1"/><property class="Response" id="nev10571557n1-nev10571635n1" name="Parameter" type="Out" value="" visible="1"/><extension id="nev10571557n1-nev10571636n1"/></node><node class="Components.ParameterPresenter" id="nev10571557n1-nev10571637n1" nodeid="ParameterPresenter1" x="691" y="193"><property class="Response" id="nev10571557n1-nev10571638n1" name="Parameter" type="In" value="" visible="1"/><property class="String" id="nev10571557n1-nev10571639n1" name="Name" type="Out" value="" visible="1"/><property class="String" id="nev10571557n1-nev10571640n1" name="Value" type="Out" value="" visible="1"/><property class="Int" id="nev10571557n1-nev10571641n1" name="Id" type="Out" value="0" visible="1"/><extension id="nev10571557n1-nev10571642n1"/></node><node class="Components.ListField" id="nev10571557n1-nev10571643n1" nodeid="ListField1" x="870" y="290"><gui height="280" id="nev10571557n1-nev10571644n1" width="400" x="10" y="10"/><property class="String" id="nev10571557n1-nev10571645n1" name="Text" type="Out" value="" visible="1"/><property class="String" id="nev10571557n1-nev10571646n1" name="Tag" type="Out" value="" visible="1"/></node><node class="Components.StringFormat" id="nev10571557n1-nev10571647n1" nodeid="StringFormat1" x="867" y="144"><property class="String" id="nev10571557n1-nev10571648n1" name="String" type="Out" value="" visible="1"/><property class="String" id="nev10571557n1-nev10571649n1" name="Format" type="Internal" value="{0} {1} = {2}" visible="1"/><property class="String" id="nev10571557n1-nev10571650n1" name="0" type="In" value="" visible="1"/><property class="String" id="nev10571557n1-nev10571651n1" name="1" type="In" value="" visible="1"/><property class="String" id="nev10571557n1-nev10571652n1" name="2" type="In" value="" visible="1"/></node><node class="Components.VehComm" id="nev10571557n1-nev10571653n1" nodeid="B9F0" x="360" y="55"><property class="String" id="nev10571557n1-nev10571654n1" name="Mode" type="Internal" value="EcuType" visible="1"/><property class="Int" id="nev10571557n1-nev10571655n1" name="EcuType" type="In" value="395301" visible="0"/><property class="Int" id="nev10571557n1-nev10571656n1" name="ServiceId" type="In" value="2" visible="0"/><property class="String" id="nev10571557n1-nev10571657n1" name="EcuName" type="Out" value="" visible="1"/><property class="Response" id="nev10571557n1-nev10571658n1" name="Result" type="Out" value="" visible="1"/><property class="String" id="nev10571557n1-nev10571659n1" name="Identifier" type="In" value="F0" visible="0"/><extension id="nev10571557n1-nev10571660n1"><insertparam id="nev10571557n1-nev10571661n1" name="Identifier"/></extension></node><node class="Components.VehComm" id="nev10571557n1-nev10571662n1" nodeid="B9F5" x="357" y="221"><property class="String" id="nev10571557n1-nev10571663n1" name="Mode" type="Internal" value="EcuType" visible="1"/><property class="Int" id="nev10571557n1-nev10571664n1" name="EcuType" type="In" value="395301" visible="0"/><property class="Int" id="nev10571557n1-nev10571665n1" name="ServiceId" type="In" value="2" visible="0"/><property class="String" id="nev10571557n1-nev10571666n1" name="EcuName" type="Out" value="" visible="1"/><property class="Response" id="nev10571557n1-nev10571667n1" name="Result" type="Out" value="" visible="1"/><property class="String" id="nev10571557n1-nev10571668n1" name="Identifier" type="In" value="F5" visible="0"/><extension id="nev10571557n1-nev10571669n1"><insertparam id="nev10571557n1-nev10571670n1" name="Identifier"/></extension></node><node class="Components.ScriptButton" id="nev10571557n1-nev10571671n1" nodeid="ScriptButton1" x="44" y="564"><gui height="30" id="nev10571557n1-nev10571672n1" width="110" x="300" y="310"/><property class="String" id="nev10571557n1-nev10571673n1" name="Text" type="In" value="" visible="1"/><property class="String" id="nev10571557n1-nev10571674n1" name="StartDisabled" type="Internal" value="false" visible="1"/><extension id="nev10571557n1-nev10571675n1"><phrase category="Faulttracing" id="nev10571557n1-nev10571625n1" phrase-urn="urn:x-nevis:phrase:0800c8af81b6b138">Hide</phrase></extension></node><node class="Components.ScriptComponent" id="nev10571557n1-nev10571676n1" nodeid="ScriptComponent1" x="222" y="591"/><node class="Components.VehComm" id="nev10571557n1-nev10571677n1" nodeid="VehComm1" x="360" y="390"><property class="String" id="nev10571557n1-nev10571678n1" name="Mode" type="Internal" value="EcuType" visible="1"/><property class="Int" id="nev10571557n1-nev10571679n1" name="EcuType" type="In" value="395301" visible="0"/><property class="Int" id="nev10571557n1-nev10571680n1" name="ServiceId" type="In" value="2" visible="0"/><property class="String" id="nev10571557n1-nev10571681n1" name="EcuName" type="Out" value="" visible="1"/><property class="Response" id="nev10571557n1-nev10571682n1" name="Result" type="Out" value="" visible="1"/><property class="String" id="nev10571557n1-nev10571683n1" name="Identifier" type="In" value="F8" visible="0"/><extension id="nev10571557n1-nev10571684n1"><insertparam id="nev10571557n1-nev10571685n1" name="Identifier"/></extension></node></nodes><handlers id="nev10571557n1-nev10571686n1"><eventhandler id="nev10571557n1-nev10571687n1" name="OnEachParameter" node="ParameterIterator1"><call id="nev10571557n1-nev10571688n1" method="Execute" node="ParameterPresenter1"/></eventhandler><eventhandler id="nev10571557n1-nev10571689n1" name="OnReady" node="ParameterPresenter1"><call id="nev10571557n1-nev10571690n1" method="Format" node="StringFormat1"/><call id="nev10571557n1-nev10571691n1" method="AddItem" node="ListField1"><parameter id="nev10571557n1-nev10571692n1" node="StringFormat1" property="String"/><parameter id="nev10571557n1-nev10571693n1" node="ParameterPresenter1" property="Name"/></call></eventhandler><eventhandler id="nev10571557n1-nev10571694n1" name="OnStart" node="Start"><call id="nev10571557n1-nev10571695n1" method="Execute" node="B9F0"/><call id="nev10571557n1-nev10571696n1" method="Execute" node="B9F5"/><call id="nev10571557n1-nev10571697n1" method="Execute" node="VehComm1"/></eventhandler><eventhandler id="nev10571557n1-nev10571698n1" name="OnPositiveResponse" node="B9F0"><call id="nev10571557n1-nev10571699n1" method="Execute" node="ParameterIterator1"/></eventhandler><eventhandler id="nev10571557n1-nev10571700n1" name="OnPositiveResponse" node="B9F5"><call id="nev10571557n1-nev10571701n1" method="Execute" node="ParameterIterator1"/></eventhandler><eventhandler id="nev10571557n1-nev10571702n1" name="Click" node="ScriptButton1"><call id="nev10571557n1-nev10571703n1" method="CloseDialog" node="ScriptComponent1"/></eventhandler><eventhandler id="nev10571557n1-nev10571704n1" name="OnPositiveResponse" node="VehComm1"><call id="nev10571557n1-nev10571705n1" method="Execute" node="ParameterIterator1"/></eventhandler><propertyhandler id="nev10571557n1-nev10571706n1" name="Parameter" node="ParameterIterator1"><set id="nev10571557n1-nev10571707n1" node="ParameterPresenter1" property="Parameter"/></propertyhandler><propertyhandler id="nev10571557n1-nev10571708n1" name="Name" node="ParameterPresenter1"><set id="nev10571557n1-nev10571709n1" node="StringFormat1" property="1"/></propertyhandler><propertyhandler id="nev10571557n1-nev10571710n1" name="Value" node="ParameterPresenter1"><set id="nev10571557n1-nev10571711n1" node="StringFormat1" property="2"/></propertyhandler><propertyhandler id="nev10571557n1-nev10571712n1" name="Result" node="B9F0"><set id="nev10571557n1-nev10571713n1" node="ParameterIterator1" property="Response"/></propertyhandler><propertyhandler id="nev10571557n1-nev10571714n1" name="EcuName" node="B9F0"><set id="nev10571557n1-nev10571715n1" node="StringFormat1" property="0"/></propertyhandler><propertyhandler id="nev10571557n1-nev10571716n1" name="Result" node="B9F5"><set id="nev10571557n1-nev10571717n1" node="ParameterIterator1" property="Response"/></propertyhandler><propertyhandler id="nev10571557n1-nev10571718n1" name="Result" node="VehComm1"><set id="nev10571557n1-nev10571719n1" node="ParameterIterator1" property="Response"/></propertyhandler></handlers></content></script>