<?xml version="1.0" encoding="UTF-8"?><servinfosub IE-ID="en-US0900c8af83a8e609" docno="VCC-153097" id="KC02714843" xml:lang="en-US">
<title>
<phrase category="" id="KC09455224" phrase-urn="urn:x-nevis:phrase:0800c8af82709be4">Short-circuit t#@#@#24#cable</phrase>
</title>
<diagnostic j2008use="1" layout="0" paperuse="1" screenuse="1" type="test">
<testgrp IE-ID="en-US0900c8af83a8e609_KC02761953" id="KC02761953" j2008use="1" paperuse="1" resumable="1" screenuse="1" testgrp-id="s1" x="120" y="100">
<title>
<phrase category="" id="KC09455225" phrase-urn="urn:x-nevis:phrase:0800c8af82709be5">Checking the co#@#@#2#onent</phrase>
</title>
<node>
<test1>
<diaglist>
<dgraphic>
<dgraphic1>
<graphic id="KC09455226">
<href>0900c8af80054d4#@#@#9#.jpeg</href>
</graphic>
</dgraphic1>
<dgraphic2>
<graphic id="KC09455227">
<href>0900c8af80054d7#@#@#9#.jpeg</href>
</graphic>
</dgraphic2>
</dgraphic>
<ditem>
<ptxt>
<phrase category="" id="KC09455228" phrase-urn="urn:x-nevis:phrase:0800c8af82709be6">Switch off the #@#@#20#conds</phrase>
</ptxt>
</ditem>
<ditem>
<ptxt>
<phrase category="" id="KC09455229" phrase-urn="urn:x-nevis:phrase:0800c8af82709be7">Disconnect the #@#@#42#ioner</phrase>
</ptxt>
</ditem>
<ditem>
<ptxt>
<phrase category="" id="KC09455230" phrase-urn="urn:x-nevis:phrase:0800c8af82709be8">Disconnect the #@#@#58#SRS).</phrase>
</ptxt>
</ditem>
</diaglist>
<test2>
<warning>
<ptxt>
<phrase category="" id="KC09455231" phrase-urn="urn:x-nevis:phrase:0800c8af82709be9">Under no circum#@#@#160#ploy!</phrase>
</ptxt>
</warning>
<caution>
<ptxt>
<phrase category="" id="KC09455232" phrase-urn="urn:x-nevis:phrase:0800c8af82709bea">Do not touch th#@#@#164#SRS).</phrase>
</ptxt>
</caution>
<para>
<ptxt>
<phrase category="" id="KC09455233" phrase-urn="urn:x-nevis:phrase:0800c8af82709beb">Check the SRS i#@#@#332#ance.</phrase>
</ptxt>
<ptxt>
<phrase category="" id="KC09455234" phrase-urn="urn:x-nevis:phrase:0800c8af82709bec">Take readings b#@#@#2#ween:</phrase>
</ptxt>
</para>
<list1 enumtype="d" type="unordered">
<item>
<ptxt>
<phrase category="" id="KC09455235" phrase-urn="urn:x-nevis:phrase:0800c8af82709bef">Terminal #1 for#@#@#142#stage</phrase>
</ptxt>
</item>
<item>
<ptxt>
<phrase category="" id="KC09455236" phrase-urn="urn:x-nevis:phrase:0800c8af82709bf0">Terminal #1 for#@#@#142#stage</phrase>
</ptxt>
</item>
<item>
<ptxt>
<phrase category="" id="KC09455237" phrase-urn="urn:x-nevis:phrase:0800c8af82709bf1">Terminal #2 for#@#@#142#stage</phrase>
</ptxt>
</item>
<item>
<ptxt>
<phrase category="" id="KC09455238" phrase-urn="urn:x-nevis:phrase:0800c8af82709bf2">Terminal #2 for#@#@#143#tage.</phrase>
</ptxt>
</item>
</list1>
<para>
<ptxt>
<phrase category="" id="KC09455239" phrase-urn="urn:x-nevis:phrase:0800c8af82709bf3">Remedy as necessary.</phrase>
</ptxt>
</para>
<hint>
<list1>
<item>
<ptxt>
<phrase category="" id="KC09455240" phrase-urn="urn:x-nevis:phrase:0800c8af82709bf4">Check which col#@#@#47# type</phrase>
</ptxt>
</item>
<item>
<ptxt>
<phrase category="" id="KC09455241" phrase-urn="urn:x-nevis:phrase:0800c8af82709bf5">Start by checki#@#@#170#able.</phrase>
</ptxt>
</item>
</list1>
</hint>
<list1 enumtype="d" type="unordered">
<title>
<phrase category="" id="KC09455242" phrase-urn="urn:x-nevis:phrase:0800c8af82709bf6">Other information</phrase>
</title>
<item>
<ptxt>
<phrase category="" id="KC09455243" phrase-urn="urn:x-nevis:phrase:0800c8af82709bf7">
<xref>
<ref id="KC09455244"/>
</xref>
</phrase>
</ptxt>
</item>
<item>
<ptxt>
<phrase category="" id="KC09455245" phrase-urn="urn:x-nevis:phrase:0800c8af82709bf8">
<xref>
<ref id="KC09455246"/>
</xref>
</phrase>
</ptxt>
</item>
<item>
<ptxt>
<phrase category="" id="KC09455247" phrase-urn="urn:x-nevis:phrase:0800c8af82709bf9">For further inf#@#@#61#agram</phrase>
</ptxt>
</item>
<item>
<ptxt id="nev10784861n100">
<phrase category="Faulttracing" id="nev10784862n1" phrase-urn="urn:x-nevis:phrase:0800c8af82751d9d">To access/repla#@#@#49#tors:</phrase>
</ptxt>
<ptxt id="nev10784861n98">
<xref id="nev12336849n100">
<ref id="l1106915985684"/>
</xref>
</ptxt>
</item>
<item>
<ptxt>
<phrase category="" id="KC09455250" phrase-urn="urn:x-nevis:phrase:0800c8af82709bfb">Disassembling c#@#@#6#ors: <xref>
<ref id="KC09455251"/>
</xref>
</phrase>
</ptxt>
</item>
<item>
<ptxt>
<phrase category="" id="KC09455252" phrase-urn="urn:x-nevis:phrase:0800c8af82709bfc">
<xref>
<ref id="KC09455253"/>
</xref>
</phrase>
</ptxt>
</item>
</list1>
<diaglist>
<dgraphic>
<dgraphic1>
<graphic id="KC09455254">
<href>0900c8af80126b2#@#@#9#.jpeg</href>
</graphic>
</dgraphic1>
</dgraphic>
</diaglist>
</test2>
</test1>
<question>
Select "Contin#@#@#34#ed. 
</question>
<resact-grp>
<result button="cont" comp="button" highlight="0"/>
<action j2008use="1" paperuse="1" screenuse="1">
<ptxt>
<xref>
<ref id="KC09455256"/>
</xref>
</ptxt>
</action>
</resact-grp>
</node>
</testgrp>
<testgrp id="KC02761954" j2008use="1" paperuse="1" resumable="1" screenuse="1" testgrp-id="veri" x="120" y="280">
<title>
<phrase category="" id="KC09455257" phrase-urn="urn:x-nevis:phrase:0800c8af82709bfe">Verification</phrase>
</title>
<subcalloutnode>
<diagcallout>
<xref>
<ref id="KC09455258"/>
</xref>
</diagcallout>
<rescall-grp>
<result comp="string" highlight="0" op="eq" return="VERIFIED"/>
<calloutaction>
<return value="FAULT FOUND"/>
</calloutaction>
</rescall-grp>
<rescall-grp>
<result comp="string" highlight="0" op="eq" return="VERIFICATION FAILED"/>
<calloutaction>
<ptxt>
<xref>
<ref id="KC09455259"/>
</xref>
</ptxt>
</calloutaction>
</rescall-grp>
</subcalloutnode>
</testgrp>
<testgrp id="KC02761955" j2008use="1" paperuse="1" resumable="1" screenuse="1" testgrp-id="info1" x="120" y="360">
<title>
<phrase category="" id="KC09455260" phrase-urn="urn:x-nevis:phrase:0800c8af82709bff">Fault-tracing i#@#@#5#ation</phrase>
</title>
<subcalloutnode>
<diagcallout>
<xref>
<ref id="KC09455261"/>
</xref>
</diagcallout>
<rescall-grp>
<result comp="string" highlight="0" op="eq" return="FAULTTRACING FAILED"/>
<calloutaction>
<return value="FAULT NOT FOUND"/>
</calloutaction>
</rescall-grp>
<rescall-grp>
<result comp="string" highlight="0" op="eq" return="NEW TRY"/>
<calloutaction>
<ptxt>
<xref>
<ref id="KC09455262"/>
</xref>
</ptxt>
</calloutaction>
</rescall-grp>
</subcalloutnode>
</testgrp>
</diagnostic>
</servinfosub>