<?xml version="1.0" encoding="UTF-8"?><servinfosub IE-ID="en-US0900c8af80953609" docno="VCC-130847" id="KC01679240" xml:lang="en-US">
<title>Fuel injection #@#@#10#acing</title>
<procedure>
<proctools>
<toolitem id="KC04097275"/>
</proctools>
<stepgrp id="KC01679241">
<procstep id="KC01679242">
<title>Conditions</title>
<para>
<ptxt>Clean the area #@#@#72#stem.</ptxt>
</para>
<list1 enumtype="d">
<title>Remove:</title>
<item>
<ptxt>the battery neg#@#@#15# See <xref>
<ref id="KC04097276"/>
</xref>
</ptxt>
</item>
<item>
<ptxt>the engine cover</ptxt>
</item>
<item>
<ptxt>the engine moun#@#@#5# See <xref>
<ref id="KC04097277"/>
</xref>
</ptxt>
</item>
<item>
<ptxt>the mounting sc#@#@#41# See <xref>
<ref id="KC04097278"/>
</xref>
</ptxt>
</item>
<item>
<ptxt>the timing belt#@#@#1# see <xref>
<ref id="KC04097279"/>
</xref>
</ptxt>
</item>
<item>
<ptxt>the fuel pressu#@#@#17# see <xref>
<ref id="KC04097280"/>
</xref>. </ptxt>
</item>
</list1>
</procstep>
<procstep>
<title>Removing hoses #@#@#23# pump</title>
<grate>
<graphic id="KC04097281">
<href>0900c8af801240f#@#@#9#.jpeg</href>
</graphic>
<graphtext>
<para>
<ptxt>Remove the two #@#@#119#out.
</ptxt>
</para>
<para>
<ptxt>Clean the area #@#@#18#ions.</ptxt>
</para>
<note>
<ptxt>Turn the connec#@#@#19#ess. </ptxt>
</note>
<para>
<title>Removing the re#@#@#9# (A):</title>
<ptxt>Press the cable#@#@#143# (3).</ptxt>
</para>
<para>
<title>Removing the fu#@#@#14# (B):</title>
<ptxt>Press the cable#@#@#146#(FP).</ptxt>
</para>
<note>
<ptxt>Turn the connec#@#@#74# in. </ptxt>
</note>
</graphtext>
</grate>
</procstep>
<procstep id="KC01679243">
<title>Removing the fu#@#@#12# pump</title>
<grate>
<graphic id="KC04097282">
<href>0900c8af80121d1#@#@#9#.jpeg</href>
</graphic>
<graphtext>
<list1 enumtype="d">
<title>Remove</title>
<item>
<ptxt>the delivery li#@#@#48#rail </ptxt>
</item>
<item>
<ptxt>the fuel temper#@#@#51#place</ptxt>
</item>
<item>
<ptxt>the four screws#@#@#63#acket</ptxt>
</item>
<item>
<ptxt>the nut on the #@#@#19#hold <toolitem id="KC04097283"/>
</ptxt>
</item>
<item>
<ptxt>the pulley </ptxt>
</item>
<item>
<ptxt>the three Torx #@#@#38#ump. </ptxt>
</item>
</list1>
</graphtext>
</grate>
</procstep>
</stepgrp>
<stepgrp id="KC01679244">
<procstep id="KC01679245">
<title>Installing the #@#@#14# pump</title>
<grate>
<graphic id="KC04097284">
<href>0900c8af80121d1#@#@#9#.jpeg</href>
</graphic>
<graphtext>
<list1 enumtype="d">
<title>Install</title>
<item>
<ptxt>the fuel inject#@#@#47#n to <emph>32 Nm</emph>
</ptxt>
</item>
<item>
<ptxt>the pulley and #@#@#11#n to <emph>15 Nm +60°</emph>
</ptxt>
</item>
<item>
<ptxt>the bracket and#@#@#12#rews.</ptxt>
<ptxt>Tighten the two#@#@#42#n to <emph>27 Nm</emph>.</ptxt>
<ptxt>Tighten the two#@#@#45#n to <emph>25 Nm</emph>
</ptxt>
</item>
<item>
<ptxt>the fuel temper#@#@#23#nting</ptxt>
</item>
<item>
<ptxt>the delivery li#@#@#10#n to <emph>25 Nm</emph>. </ptxt>
</item>
</list1>
<note>
<ptxt>Remove the seal#@#@#14#cant <emph>1161580</emph> to the connect#@#@#87#ines.</ptxt>
</note>
<para>
<ptxt>Install the two#@#@#30#ump. </ptxt>
<ptxt>Pull the fuel l#@#@#42#ected</ptxt>
</para>
</graphtext>
</grate>
</procstep>
<procstep id="KC01679246">
<title>Finishing</title>
<list1 enumtype="d">
<title>Install:</title>
<item>
<ptxt>the fuel pressu#@#@#17# see <xref>
<ref id="KC04097285"/>
</xref>
</ptxt>
</item>
<item>
<ptxt>the timing belt#@#@#26# See <xref>
<ref id="KC04097286"/>
</xref>
</ptxt>
</item>
<item>
<ptxt>the engine cont#@#@#17# see <xref>
<ref id="KC04097287"/>
</xref>
</ptxt>
</item>
<item>
<ptxt>the engine moun#@#@#5# See <xref>
<ref id="KC04097288"/>
</xref>
</ptxt>
</item>
<item>
<ptxt>the engine cover</ptxt>
</item>
<item>
<ptxt>the battery neg#@#@#15# See <xref>
<ref id="KC04097289"/>
</xref>. </ptxt>
</item>
</list1>
<para>
<ptxt>Start the engin#@#@#2# See <xref>
<ref id="KC04097290"/>
</xref>. Check that th#@#@#13#kage.</ptxt>
</para>
</procstep>
<procstep id="KC01679247">
<title>Bleeding the fu#@#@#4#ystem</title>
<para>
<ptxt>Pump until ther#@#@#71#imes.</ptxt>
<ptxt>Start the engin#@#@#113#ctly.</ptxt>
</para>
</procstep>
</stepgrp>
</procedure>
</servinfosub>