<?xml version="1.0" encoding="UTF-8"?><diagnostic IE-ID="en-US0900c8af836a6609" docno="VCC-295239" id="nev11924864n1" type="test" xml:lang="en-US">
<title>
<phrase category="" id="nev11924864n2" phrase-urn="urn:x-nevis:phrase:0800c8af82724a64">Verification</phrase>
</title>
<testgrp IE-ID="en-US0900c8af836a6609_nev11924864n3" id="nev11924864n3" j2008use="1" paperuse="1" resumable="1" screenuse="1" testgrp-id="node1" x="160" y="80">
<title>
<phrase category="" id="nev11924864n4" phrase-urn="urn:x-nevis:phrase:0800c8af82724a65">Verification</phrase>
</title>
<node>
<test1>
<hint>
<ptxt>
<phrase category="" id="nev11924864n5" phrase-urn="urn:x-nevis:phrase:0800c8af82724a66">After carrying #@#@#50#died.</phrase>
</ptxt>
</hint>
<diaglist>
<dgraphic>
<dgraphic1>
<graphic id="nev11924864n6">
<href>0900c8af80054d5#@#@#9#.jpeg</href>
</graphic>
</dgraphic1>
<dgraphic2>
<graphic id="nev11924864n7">
<href>0900c8af80054d7#@#@#9#.jpeg</href>
</graphic>
</dgraphic2>
</dgraphic>
<ditem>
<ptxt>
<phrase category="" id="nev11924864n8" phrase-urn="urn:x-nevis:phrase:0800c8af82724a67">Ignition off</phrase>
</ptxt>
</ditem>
<ditem>
<ptxt>
<phrase category="" id="nev11924864n9" phrase-urn="urn:x-nevis:phrase:0800c8af82724a68">Reinstall the c#@#@#21# etc.</phrase>
</ptxt>
</ditem>
<ditem>
<ptxt>
<phrase category="" id="nev11924864n10" phrase-urn="urn:x-nevis:phrase:0800c8af82724a69">Ignition on</phrase>
</ptxt>
</ditem>
</diaglist>
<test2>
<para>
<ptxt>
<phrase category="" id="nev11924865n1" phrase-urn="urn:x-nevis:phrase:0800c8af82724a6a">Load a CD disc #@#@#39#ing. </phrase>
</ptxt>
</para>
</test2>
</test1>
<question>
Is the media p#@#@#10#ing?
</question>
<resact-grp>
<result button="yes" comp="button" highlight="0"/>
<action j2008use="1" paperuse="1" screenuse="1">
<return value="VERIFIED"/>
</action>
</resact-grp>
<resact-grp>
<result button="no" comp="button" highlight="0"/>
<action j2008use="1" paperuse="1" screenuse="1">
<return value="VERIFICATION FAILED"/>
</action>
</resact-grp>
</node>
</testgrp>
</diagnostic>