<?xml version="1.0" encoding="UTF-8"?><servinfosub IE-ID="en-US0900c8af81a9a315" docno="VCC-160150" id="KC07221776" xml:lang="en-US">
<title>
<phrase category="" id="KC07221780" phrase-urn="urn:x-nevis:phrase:0800c8af81a9a317">Diagnostic trou#@#@#30#-6C12</phrase>
</title>
<diagnostic type="condition">
<condgrp>
<condition type="condition">
<grate>
<graphic id="KC07221781" width="column">
<href>0900c8af817a7c4#@#@#9#.jpeg</href>
</graphic>
<graphtext>
<para>
<ptxt>
<phrase category="" id="KC07221782" phrase-urn="urn:x-nevis:phrase:0800c8af81a9a318">The rear electr#@#@#186#ted. </phrase>
</ptxt>
<ptxt>
<phrase category="" id="KC07221783" phrase-urn="urn:x-nevis:phrase:0800c8af81a9a319">The diagnostic #@#@#162#ISM).</phrase>
</ptxt>
</para>
<para>
<ptxt>
<phrase category="" id="KC07221784" phrase-urn="urn:x-nevis:phrase:0800c8af81a9a31a">The diagnostic #@#@#117#ated.</phrase>
</ptxt>
</para>
</graphtext>
</grate>
</condition>
</condgrp>
<condgrp>
<condition type="substitution">
<list1 enumtype="d" type="unordered">
<item>
<ptxt>
<phrase category="" id="KC07221785" phrase-urn="urn:x-nevis:phrase:0800c8af81a9a31b">None.</phrase>
</ptxt>
</item>
</list1>
</condition>
<ps>
<list1 enumtype="d" type="unordered">
<item>
<ptxt>
<phrase category="" id="KC07221786" phrase-urn="urn:x-nevis:phrase:0800c8af81a9a31c">Short-circuit t#@#@#64#ISM).</phrase>
</ptxt>
</item>
</list1>
</ps>
</condgrp>
<condgrp>
<condition type="symptom">
<list1 enumtype="d" type="unordered">
<item>
<ptxt>
<phrase category="" id="KC07221787" phrase-urn="urn:x-nevis:phrase:0800c8af81a9a31d">Does not alarm #@#@#6#nsor.</phrase>
</ptxt>
</item>
</list1>
</condition>
</condgrp>
</diagnostic>
</servinfosub>