<?xml version="1.0" encoding="UTF-8"?><diagnostic IE-ID="en-US0900c8af859a3315" docno="VCC-154667" id="KC02792078" j2008use="1" layout="0" paperuse="1" screenuse="1" type="test" xml:lang="en-US">
<title>
<phrase category="" id="KC09493540" phrase-urn="urn:x-nevis:phrase:0800c8af8270fcc2">Verification</phrase>
</title>
<testgrp IE-ID="en-US0900c8af859a3315_KC02792084" id="KC02792084" j2008use="1" paperuse="1" resumable="1" screenuse="1" testgrp-id="verifnode" x="360" y="320">
<title>
<phrase category="" id="KC09493541" phrase-urn="urn:x-nevis:phrase:0800c8af8270fcc3">Verification</phrase>
</title>
<node>
<test1>
<hint>
<ptxt>
<phrase category="" id="KC09493542" phrase-urn="urn:x-nevis:phrase:0800c8af8270fcc4">After carrying #@#@#50#died.</phrase>
</ptxt>
</hint>
<diaglist>
<dgraphic>
<dgraphic1>
<graphic id="KC09493543">
<href>0900c8af80054d5#@#@#9#.jpeg</href>
</graphic>
</dgraphic1>
<dgraphic2>
<graphic id="KC09493544">
<href>0900c8af80054d7#@#@#9#.jpeg</href>
</graphic>
</dgraphic2>
</dgraphic>
<ditem>
<ptxt>
<phrase category="" id="KC09493545" phrase-urn="urn:x-nevis:phrase:0800c8af8270fcc5">Ignition off</phrase>
</ptxt>
</ditem>
<ditem>
<ptxt>
<phrase category="" id="KC09493546" phrase-urn="urn:x-nevis:phrase:0800c8af8270fcc6">Reinstall the c#@#@#21# etc.</phrase>
</ptxt>
</ditem>
<ditem>
<ptxt>
<phrase category="" id="KC09493547" phrase-urn="urn:x-nevis:phrase:0800c8af8270fcc1">Ignition on.</phrase>
</ptxt>
</ditem>
</diaglist>
<test2>
<para>
<ptxt>
<phrase category="" id="KC09493548" phrase-urn="urn:x-nevis:phrase:0800c8af8270fcc7">Activate the gl#@#@#3#plug.</phrase>
</ptxt>
</para>
<ptxt>
<phrase category="" id="KC09493549" phrase-urn="urn:x-nevis:phrase:0800c8af8270fcc8">Read off temper#@#@#114#lug. </phrase>
</ptxt>
<caution>
<ptxt>
<phrase category="" id="KC09493550" phrase-urn="urn:x-nevis:phrase:0800c8af8270fcc9">Do not activate#@#@#38#onds.</phrase>
</ptxt>
</caution>
<diaglist>
<dgraphic>
<dgraphic2>
<graphic id="KC09493551">
<href>0900c8af86c8681#@#@#9#.jpeg</href>
</graphic>
<smarttool active="press" id="KC09493552" toolname="YCPM0001"/>
</dgraphic2>
</dgraphic>
<ditem>
<ditemtext>
<ptxt>
<phrase category="" id="KC09493553" phrase-urn="urn:x-nevis:phrase:0800c8af8270fcca"/>
</ptxt>
</ditemtext>
</ditem>
</diaglist>
</test2>
</test1>
<question>
Does the tempe#@#@#28#sor?
</question>
<resact-grp>
<result button="yes" comp="button" highlight="0"/>
<action j2008use="1" paperuse="1" screenuse="1">
<return value="VERIFIED"/>
</action>
</resact-grp>
<resact-grp>
<result button="no" comp="button" highlight="0"/>
<action j2008use="1" paperuse="0" screenuse="1">
<return value="VERIFICATION FAILED"/>
</action>
<action j2008use="0" paperuse="1" screenuse="0">
<return value="PAPER"/>
</action>
</resact-grp>
</node>
</testgrp>
</diagnostic>