<?xml version="1.0" encoding="UTF-8"?><servinfosub IE-ID="en-US0900c8af858f9007" docno="VCC-451388" id="nev17981930n1" original="sv-SE" servinfosubId="nev20689065n1-nev20689065n2" servinfosubRes="0900c8af862c3ed7" servinfosubRes2="urn:x-nevis:fragment:0900c8af858f9007:0900c8af862c3ed7#nev20689065n2" xml:lang="en-US">
<title id="nev17981930n2">Diagnostic functions</title>
<topic id="nev20689065n1-nev17981930n3">
<title id="nev20689065n1-nev17981930n4">General</title>
<para id="nev20689065n1-nev17981930n5">
<ptxt id="nev20689065n1-nev17981930n6">The control mod#@#@#134#nals.</ptxt>
</para>
</topic>
<topic id="nev20689065n1-nev17981930n7">
<title id="nev20689065n1-nev17981930n8">Diagnostic trou#@#@#11#DTCs)</title>
<para id="nev20689065n1-nev17981930n9">
<ptxt id="nev20689065n1-nev17981930n10">If the control #@#@#243#dule.</ptxt>
</para>
<para id="nev20689065n1-nev17981931n1">
<ptxt id="nev20689065n1-nev17981931n2">In some instanc#@#@#191#VIDA.</ptxt>
</para>
</topic>
<topic id="nev20689065n1-nev17981931n3">
<title id="nev20689065n1-nev17981931n4">Reading and era#@#@#31#DTCs)</title>
<para id="nev20689065n1-nev17981931n5">
<ptxt id="nev20689065n1-nev17981931n6">Stored diagnost#@#@#66#tion.</ptxt>
</para>
<para id="nev20689065n1-nev17981931n7">
<ptxt id="nev20689065n1-nev17981931n8">Diagnostic trou#@#@#109#once.</ptxt>
</para>
<note id="nev20689065n1-nev17981931n9">
<ptxt id="nev20689065n1-nev17981931n10">Certain functio#@#@#73#ased.</ptxt>
</note>
</topic>
<topic id="nev20689065n1-nev17981932n1">
<title id="nev20689065n1-nev17981932n2">Reading off the#@#@#25#ation</title>
<para id="nev20689065n1-nev17981932n3">
<ptxt id="nev20689065n1-nev17981932n4">VIDA identifies#@#@#76#mory.</ptxt>
<ptxt id="nev20689065n1-nev17981932n5">The codes conta#@#@#35#dule:</ptxt>
</para>
<list1 enumtype="d" id="nev20689065n1-nev17981932n6" type="unordered">
<item id="nev20689065n1-nev17981932n7">
<ptxt id="nev20689065n1-nev17981932n8">hardware P/N (c#@#@#26#ware)</ptxt>
</item>
<item id="nev20689065n1-nev17981932n9">
<ptxt id="nev20689065n1-nev17981932n10">hardware serial#@#@#36#ware)</ptxt>
</item>
<item id="nev20689065n1-nev17981933n1">
<ptxt id="nev20689065n1-nev17981933n2">software P/N</ptxt>
</item>
<item id="nev20689065n1-nev17981933n3">
<ptxt id="nev20689065n1-nev17981933n4">diagnostic soft#@#@#4# P/N.</ptxt>
</item>
</list1>
</topic>
<topic id="nev20689065n1-nev17981933n5">
<title id="nev20689065n1-nev17981933n6">Reading off ext#@#@#26#ation</title>
<para id="nev20689065n1-nev17981933n7">
<ptxt id="nev20689065n1-nev17981933n8">This function c#@#@#149#lues.</ptxt>
</para>
</topic>
</servinfosub>