<?xml version="1.0" encoding="UTF-8"?><servinfosub IE-ID="en-US0900c8af804ab007" docno="VCC-099462" id="KC01418860" servinfosubId="nev20686884n1-nev20686884n2" servinfosubRes="0900c8af862c2cd5" servinfosubRes2="urn:x-nevis:fragment:0900c8af804ab007:0900c8af862c2cd5#nev20686884n2" xml:lang="en-US">
<title>EGR valve</title>
<topic>
<title/>
<grate>
<graphic id="nev20686884n1-KC08706620" width="page">
<href>0900c8af80123f0#@#@#9#.jpeg</href>
</graphic>
</grate>
<spec>
<list1 enumtype="b" type="unordered">
<item>
<ptxt>During ultra-le#@#@#331#zed. </ptxt>
</item>
<item>
<ptxt>Due to the rapi#@#@#601#rter.</ptxt>
</item>
<item>
<ptxt>EGR is also use#@#@#205#tion.</ptxt>
</item>
<item>
<ptxt>The EGR valve i#@#@#201#tion.</ptxt>
</item>
<item>
<ptxt>The stepper mot#@#@#308#back.</ptxt>
</item>
<item>
<ptxt>Sequence of act#@#@#72#coil.</ptxt>
</item>
</list1>
<table colsep="1" frame="all" pgwide="1" rowsep="1">
<tgroup cols="8" colsep="1" rowsep="1">
<colspec colname="col1" colwidth="66*"/>
<colspec colwidth="66*"/>
<colspec colname="col3" colwidth="66*"/>
<colspec colname="col4" colwidth="66*"/>
<colspec colname="col5" colwidth="66*"/>
<colspec colname="col6" colwidth="66*"/>
<colspec colname="col7" colwidth="66*"/>
<colspec colname="col8" colwidth="66*"/>
<spanspec nameend="col8" namest="col1" spanname="1to8"/>
<tbody>
<row>
<entry align="left" spanname="1to8" valign="top">
<ptxt>← closing movement<dotfill/>opening movement →</ptxt>
</entry>
</row>
<row>
<entry align="left" valign="top">
<ptxt>Step position</ptxt>
</entry>
<entry align="left" valign="top">
<ptxt>45</ptxt>
</entry>
<entry align="left" valign="top">
<ptxt>46</ptxt>
</entry>
<entry align="left" valign="top">
<ptxt>47</ptxt>
</entry>
<entry align="left" valign="top">
<ptxt>48</ptxt>
</entry>
<entry align="left" valign="top">
<ptxt>49</ptxt>
</entry>
<entry align="left" valign="top">
<ptxt>50</ptxt>
</entry>
<entry align="left" valign="top">
<ptxt>onwards</ptxt>
</entry>
</row>
<row>
<entry align="left" valign="top">
<ptxt>Coil A</ptxt>
</entry>
<entry align="left" valign="top">
<ptxt>X</ptxt>
</entry>
<entry align="left" valign="top">
<ptxt/>
</entry>
<entry align="left" valign="top">
<ptxt/>
</entry>
<entry align="left" valign="top">
<ptxt>X</ptxt>
</entry>
<entry align="left" valign="top">
<ptxt>X</ptxt>
</entry>
<entry align="left" valign="top">
<ptxt/>
</entry>
</row>
<row>
<entry align="left" valign="top">
<ptxt>Coil B</ptxt>
</entry>
<entry align="left" valign="top">
<ptxt/>
</entry>
<entry align="left" valign="top">
<ptxt>X</ptxt>
</entry>
<entry align="left" valign="top">
<ptxt>X</ptxt>
</entry>
<entry align="left" valign="top">
<ptxt/>
</entry>
<entry align="left" valign="top">
<ptxt/>
</entry>
<entry align="left" valign="top">
<ptxt>X</ptxt>
</entry>
</row>
<row>
<entry align="left" valign="top">
<ptxt>Coil C</ptxt>
</entry>
<entry align="left" valign="top">
<ptxt>X</ptxt>
</entry>
<entry align="left" valign="top">
<ptxt>X</ptxt>
</entry>
<entry align="left" valign="top">
<ptxt/>
</entry>
<entry align="left" valign="top">
<ptxt/>
</entry>
<entry align="left" valign="top">
<ptxt>X</ptxt>
</entry>
<entry align="left" valign="top">
<ptxt>X</ptxt>
</entry>
</row>
<row>
<entry align="left" valign="top">
<ptxt>Coil D</ptxt>
</entry>
<entry align="left" valign="top">
<ptxt/>
</entry>
<entry align="left" valign="top">
<ptxt/>
</entry>
<entry align="left" valign="top">
<ptxt>X</ptxt>
</entry>
<entry align="left" valign="top">
<ptxt>X</ptxt>
</entry>
<entry align="left" valign="top">
<ptxt/>
</entry>
<entry align="left" valign="top">
<ptxt/>
</entry>
</row>
</tbody>
</tgroup>
</table>
<list1 enumtype="b" type="unordered">
<item>
<ptxt>The stepper mot#@#@#195# VST </ptxt>
</item>
<item>
<ptxt>The idle air co#@#@#45#otor.</ptxt>
</item>
</list1>
</spec>
</topic>
</servinfosub>