<?xml version="1.0" encoding="UTF-8"?><servinfosub IE-ID="en-US0900c8af80679007" docno="VCC-032427" id="KC02143986" xml:lang="en-US">
<title>
<phrase category="" id="KC08342246" phrase-urn="urn:x-nevis:phrase:0800c8af81dbdfa7">Checking RESUME#@#@#2#witch</phrase>
</title>
<diagnostic type="test">
<testgrp IE-ID="en-US0900c8af80679007_KC02247085" id="KC02247085" j2008use="1" paperuse="1" resumable="1" screenuse="1" testgrp-id="connection" x="80" y="80">
<title>
<phrase category="" id="KC08342247" phrase-urn="urn:x-nevis:phrase:0800c8af81dbdfa8"/>
</title>
<subcalloutnode>
<diagcallout>
<xref>
<ref id="KC08342248"/>
</xref>
</diagcallout>
<rescall-grp>
<result comp="string" highlight="0" op="eq" return="FAULT FOUND"/>
<calloutaction>
<ptxt>
<xref>
<ref id="KC08342249"/>
</xref>
</ptxt>
</calloutaction>
</rescall-grp>
<rescall-grp>
<result comp="string" highlight="0" op="eq" return="FAULT NOT FOUND"/>
<calloutaction>
<ptxt>
<xref>
<ref id="KC08342250"/>
</xref>
</ptxt>
</calloutaction>
</rescall-grp>
</subcalloutnode>
</testgrp>
<testgrp id="KC02247086" j2008use="1" paperuse="1" resumable="1" screenuse="1" testgrp-id="vst" x="240" y="80">
<title>
<phrase category="" id="KC08342251" phrase-urn="urn:x-nevis:phrase:0800c8af81dbdfa9">VST</phrase>
</title>
<subcalloutnode>
<diagcallout>
<xref>
<ref id="KC08342252"/>
</xref>
</diagcallout>
<rescall-grp>
<result comp="string" highlight="0" op="eq" return="FAULT FOUND"/>
<calloutaction>
<ptxt>
<xref>
<ref id="KC08342253"/>
</xref>
</ptxt>
</calloutaction>
</rescall-grp>
<rescall-grp>
<result comp="string" highlight="0" op="eq" return="DONE"/>
<calloutaction>
<ptxt>
<xref>
<ref id="KC08342254"/>
</xref>
</ptxt>
</calloutaction>
</rescall-grp>
</subcalloutnode>
</testgrp>
<testgrp id="KC02247087" j2008use="1" paperuse="1" resumable="1" screenuse="1" testgrp-id="eb1" x="80" y="160">
<title>
<phrase category="" id="KC08342255" phrase-urn="urn:x-nevis:phrase:0800c8af81dbdfaa">      Checking #@#@#8# code</phrase>
</title>
<node>
<test1>
<diaglist>
<dgraphic>
<dgraphic1>
<graphic id="KC08342256">
<href>0900c8af80054d5#@#@#9#.jpeg</href>
</graphic>
</dgraphic1>
</dgraphic>
<ditem>
<ptxt>
<phrase category="" id="KC08342257" phrase-urn="urn:x-nevis:phrase:0800c8af81dbdfab">Ignition on.</phrase>
</ptxt>
</ditem>
</diaglist>
<test2>
<para>
<ptxt>
<phrase category="" id="KC08342258" phrase-urn="urn:x-nevis:phrase:0800c8af81dbdfac">Activate Diagno#@#@#18#M) 2.</phrase>
</ptxt>
<ptxt>
<phrase category="" id="KC08342259" phrase-urn="urn:x-nevis:phrase:0800c8af81dbdfad">      Activate #@#@#14#tch. </phrase>
</ptxt>
<ptxt>
<phrase category="" id="KC08342260" phrase-urn="urn:x-nevis:phrase:0800c8af81dbdfae">Alternatives:</phrase>
</ptxt>
</para>
<list1 enumtype="n" type="ordered">
<item>
<ptxt>
<phrase category="" id="KC08342261" phrase-urn="urn:x-nevis:phrase:0800c8af81dbdfaf">Response code 1#@#@#9#rned.</phrase>
</ptxt>
</item>
<item>
<ptxt>
<phrase category="" id="KC08342262" phrase-urn="urn:x-nevis:phrase:0800c8af81dbdfb0">Response code 1#@#@#13#rned.</phrase>
</ptxt>
</item>
<item>
<ptxt>
<phrase category="" id="KC08342263" phrase-urn="urn:x-nevis:phrase:0800c8af81dbdfb1">Response code 3#@#@#9#rned.</phrase>
</ptxt>
</item>
</list1>
<diaglist>
<dgraphic>
<dgraphic2>
<graphic id="KC08342264">
<href>0900c8af8005433#@#@#9#.jpeg</href>
</graphic>
<smarttool active="press" id="KC08342265" toolname="ECC4D2"/>
</dgraphic2>
</dgraphic>
<ditem>
<ditemtext>
<ptxt>
<phrase category="" id="KC08342266" phrase-urn="urn:x-nevis:phrase:0800c8af81dbdfb2"/>
</ptxt>
</ditemtext>
</ditem>
</diaglist>
<grate>
<graphic id="KC08342267">
<href>0900c8af80127e9#@#@#9#.jpeg</href>
</graphic>
</grate>
</test2>
</test1>
<question>Select one of t#@#@#17#ives.</question>
<resact-grp>
<result button="text" comp="button" highlight="0" text="1"/>
<action j2008use="1" paperuse="1" screenuse="1">
<return value="FAULT NOT FOUND"/>
</action>
</resact-grp>
<resact-grp>
<result button="text" comp="button" highlight="0" text="2"/>
<action j2008use="1" paperuse="1" screenuse="1">
<ptxt>
<xref>
<ref id="KC08342268"/>
</xref>
</ptxt>
</action>
</resact-grp>
<resact-grp>
<result button="text" comp="button" highlight="0" text="3"/>
<action j2008use="1" paperuse="1" screenuse="1">
<ptxt>
<xref>
<ref id="KC08342269"/>
</xref>
</ptxt>
</action>
</resact-grp>
</node>
</testgrp>
<testgrp id="KC02247088" j2008use="1" paperuse="1" resumable="1" screenuse="1" testgrp-id="eb2" x="80" y="240">
<title>
<phrase category="" id="KC08342270" phrase-urn="urn:x-nevis:phrase:0800c8af81dbdfb3">Checking other #@#@#9#codes</phrase>
</title>
<node>
<test1>
<diaglist>
<dgraphic>
<dgraphic1>
<graphic id="KC08342271">
<href>0900c8af80054d5#@#@#9#.jpeg</href>
</graphic>
</dgraphic1>
</dgraphic>
<ditem>
<ptxt>
<phrase category="" id="KC08342272" phrase-urn="urn:x-nevis:phrase:0800c8af81dbdfb4">Ignition on.</phrase>
</ptxt>
</ditem>
</diaglist>
<test2>
<para>
<ptxt>
<phrase category="" id="KC08342273" phrase-urn="urn:x-nevis:phrase:0800c8af81dbdfb5">Activate Diagno#@#@#18#M) 2.</phrase>
</ptxt>
<ptxt>
<phrase category="" id="KC08342274" phrase-urn="urn:x-nevis:phrase:0800c8af81dbdfb6">switch ON.</phrase>
</ptxt>
<ptxt>
<phrase category="" id="KC08342275" phrase-urn="urn:x-nevis:phrase:0800c8af81dbdfb7">Activate the SE#@#@#5#itch.</phrase>
</ptxt>
<ptxt>
<phrase category="" id="KC08342276" phrase-urn="urn:x-nevis:phrase:0800c8af81dbdfb8">Alternatives:</phrase>
</ptxt>
</para>
<list1 enumtype="n" type="ordered">
<item>
<ptxt>
<phrase category="" id="KC08342277" phrase-urn="urn:x-nevis:phrase:0800c8af81dbdfb9">Response code 1#@#@#9#rned.</phrase>
</ptxt>
</item>
<item>
<ptxt>
<phrase category="" id="KC08342278" phrase-urn="urn:x-nevis:phrase:0800c8af81dbdfba">Response code 1#@#@#13#rned.</phrase>
</ptxt>
</item>
<item>
<ptxt>
<phrase category="" id="KC08342279" phrase-urn="urn:x-nevis:phrase:0800c8af81dbdfbb">Response code 3#@#@#9#rned.</phrase>
</ptxt>
</item>
</list1>
<diaglist>
<dgraphic>
<dgraphic2>
<graphic id="KC08342280">
<href>0900c8af8005433#@#@#9#.jpeg</href>
</graphic>
<smarttool active="press" id="KC08342281" toolname="ECC4D2"/>
</dgraphic2>
</dgraphic>
<ditem>
<ditemtext>
<ptxt>
<phrase category="" id="KC08342282" phrase-urn="urn:x-nevis:phrase:0800c8af81dbdfbc"/>
</ptxt>
</ditemtext>
</ditem>
</diaglist>
<grate>
<graphic id="KC08342283">
<href>0900c8af80127e9#@#@#9#.jpeg</href>
</graphic>
</grate>
</test2>
</test1>
<question>Select one of t#@#@#17#ives.</question>
<resact-grp>
<result button="text" comp="button" highlight="0" text="1"/>
<action j2008use="1" paperuse="1" screenuse="1">
<ptxt>
<xref>
<ref id="KC08342284"/>
</xref>
</ptxt>
</action>
</resact-grp>
<resact-grp>
<result button="text" comp="button" highlight="0" text="2"/>
<action j2008use="1" paperuse="1" screenuse="1">
<ptxt>
<xref>
<ref id="KC08342285"/>
</xref>
</ptxt>
</action>
</resact-grp>
<resact-grp>
<result button="text" comp="button" highlight="0" text="3"/>
<action j2008use="1" paperuse="1" screenuse="1">
<ptxt>
<xref>
<ref id="KC08342286"/>
</xref>
</ptxt>
</action>
</resact-grp>
</node>
</testgrp>
<testgrp id="KC02247089" j2008use="1" paperuse="1" resumable="1" screenuse="1" testgrp-id="e4" x="80" y="320">
<title>
<phrase category="" id="KC08342287" phrase-urn="urn:x-nevis:phrase:0800c8af81dbdfbd">E4</phrase>
</title>
<subcalloutnode>
<diagcallout>
<xref>
<ref id="KC08342288"/>
</xref>
</diagcallout>
<rescall-grp>
<result comp="string" highlight="0" op="eq" return="FAULT FOUND"/>
<calloutaction>
<return value="FAULT FOUND"/>
</calloutaction>
</rescall-grp>
<rescall-grp>
<result comp="string" highlight="0" op="eq" return="FAULT NOT FOUND"/>
<calloutaction>
<ptxt>
<xref>
<ref id="KC08342289"/>
</xref>
</ptxt>
</calloutaction>
</rescall-grp>
</subcalloutnode>
</testgrp>
<testgrp id="KC02247090" j2008use="1" paperuse="1" resumable="1" screenuse="1" testgrp-id="eb5" x="80" y="400">
<title>
<phrase category="" id="KC08342290" phrase-urn="urn:x-nevis:phrase:0800c8af81dbdfbe">      Checking #@#@#1#witch</phrase>
</title>
<node>
<test1>
<diaglist>
<dgraphic>
<dgraphic1>
<graphic id="KC08342291">
<href>0900c8af80054d5#@#@#9#.jpeg</href>
</graphic>
</dgraphic1>
<dgraphic2>
<graphic id="KC08342292">
<href>0900c8af80054d6#@#@#9#.jpeg</href>
</graphic>
</dgraphic2>
</dgraphic>
<ditem>
<ptxt>
<phrase category="" id="KC08342293" phrase-urn="urn:x-nevis:phrase:0800c8af81dbdfbf">      switch co#@#@#3#cted.</phrase>
</ptxt>
</ditem>
<ditem>
<ptxt>
<phrase category="" id="KC08342294" phrase-urn="urn:x-nevis:phrase:0800c8af81dbdfc0">      Ignition on.</phrase>
</ptxt>
</ditem>
</diaglist>
<test2>
<diaglist>
<dgraphic>
<dgraphic1>
<graphic id="KC08342295">
<href>0900c8af80127ee#@#@#9#.jpeg</href>
</graphic>
</dgraphic1>
<dgraphic2>
<graphic id="KC08342296">
<href>0900c8af80054d4#@#@#9#.jpeg</href>
</graphic>
<smarttool id="KC08342297" toolname="VDCD40"/>
</dgraphic2>
</dgraphic>
<ditem>
<ditemtext>
<ptxt>
<phrase category="" id="KC08342298" phrase-urn="urn:x-nevis:phrase:0800c8af81dbdfc1">       Connect #@#@#54#ound.</phrase>
</ptxt>
</ditemtext>
</ditem>
</diaglist>
</test2>
</test1>
<question>The Voltmeter s#@#@#82#not.
</question>
<resact-grp>
<result button="ok" comp="button" highlight="0"/>
<action j2008use="1" paperuse="1" screenuse="1">
<ptxt>
<xref>
<ref id="KC08342299"/>
</xref>.
</ptxt>
</action>
</resact-grp>
<resact-grp>
<result button="notok" comp="button" highlight="0"/>
<action j2008use="1" paperuse="1" screenuse="1">
<ptxt>
<xref>
<ref id="KC08342300"/>
</xref>.
</ptxt>
</action>
</resact-grp>
</node>
</testgrp>
<testgrp id="KC02247091" j2008use="1" paperuse="1" resumable="1" screenuse="1" testgrp-id="eb6" x="80" y="480">
<title>
<phrase category="" id="KC08342301" phrase-urn="urn:x-nevis:phrase:0800c8af81dbdfc2">      Checking #@#@#15#ector</phrase>
</title>
<node>
<test1>
<diaglist>
<dgraphic>
<dgraphic1>
<graphic id="KC08342302">
<href>0900c8af80054d5#@#@#9#.jpeg</href>
</graphic>
</dgraphic1>
<dgraphic2>
<graphic id="KC08342303">
<href>0900c8af80054d6#@#@#9#.jpeg</href>
</graphic>
</dgraphic2>
</dgraphic>
<ditem>
<ptxt>
<phrase category="" id="KC08342304" phrase-urn="urn:x-nevis:phrase:0800c8af81dbdfc3">      Ignition off.</phrase>
</ptxt>
</ditem>
<ditem>
<ptxt>
<phrase category="" id="KC08342305" phrase-urn="urn:x-nevis:phrase:0800c8af81dbdfc5">      Check swi#@#@#88#g to <xref>
<ref id="KC08342306"/>
</xref> and loose conn#@#@#16#g to <xref>
<ref id="KC08342307"/>
</xref>.</phrase>
</ptxt>
</ditem>
<ditem>
<ptxt>
<phrase category="" id="KC08342308" phrase-urn="urn:x-nevis:phrase:0800c8af81dbdfc6">      switch co#@#@#3#cted.</phrase>
</ptxt>
</ditem>
<ditem>
<ptxt>
<phrase category="" id="KC08342309" phrase-urn="urn:x-nevis:phrase:0800c8af81dbdfc7">      Ignition on.</phrase>
</ptxt>
</ditem>
</diaglist>
<test2>
<diaglist>
<dgraphic>
<dgraphic1>
<graphic id="KC08342310">
<href>0900c8af80127ee#@#@#9#.jpeg</href>
</graphic>
</dgraphic1>
<dgraphic2>
<graphic id="KC08342311">
<href>0900c8af80054d4#@#@#9#.jpeg</href>
</graphic>
<smarttool id="KC08342312" toolname="VDCD40"/>
</dgraphic2>
</dgraphic>
<ditem>
<ditemtext>
<ptxt>
<phrase category="" id="KC08342313" phrase-urn="urn:x-nevis:phrase:0800c8af81dbdfc9">       Connect #@#@#54#ound.</phrase>
</ptxt>
</ditemtext>
</ditem>
</diaglist>
</test2>
</test1>
<question>Voltmeter shoul#@#@#116#ated.</question>
<resact-grp>
<result button="ok" comp="button" highlight="0"/>
<action j2008use="1" paperuse="1" screenuse="1">
<ptxt>
<xref>
<ref id="KC08342314"/>
</xref>.
</ptxt>
</action>
</resact-grp>
<resact-grp>
<result button="notok" comp="button" highlight="0"/>
<action j2008use="1" paperuse="0" screenuse="1">
<ptxt>
<xref>
<ref id="KC08342315"/>
</xref>
</ptxt>
</action>
</resact-grp>
</node>
</testgrp>
<testgrp id="KC02247092" j2008use="1" paperuse="0" resumable="1" screenuse="1" testgrp-id="eb6-1" x="240" y="480">
<title>
<phrase category="" id="KC08342316" phrase-urn="urn:x-nevis:phrase:0800c8af81dbdfcb">Replacing component</phrase>
</title>
<node>
<test1>
<test2>
<diaglist>
<ditem>
<ptxt>
<phrase category="" id="KC08342317" phrase-urn="urn:x-nevis:phrase:0800c8af81dbdfcc">      Try a new#@#@#16#g to <xref>
<ref id="KC08342318"/>
</xref>.</phrase>
</ptxt>
</ditem>
</diaglist>
<grate>
<graphic id="KC08342319">
<href>0900c8af80127e9#@#@#9#.jpeg</href>
</graphic>
</grate>
</test2>
</test1>
<question>Select "Continu#@#@#32#ied.
</question>
<resact-grp>
<result button="cont" comp="button" highlight="0"/>
<action j2008use="1" paperuse="1" screenuse="1">
<return value="FAULT FOUND"/>
</action>
</resact-grp>
</node>
</testgrp>
<testgrp id="KC02247093" j2008use="1" paperuse="1" resumable="1" screenuse="1" testgrp-id="eb7" x="80" y="560">
<title>
<phrase category="" id="KC08342320" phrase-urn="urn:x-nevis:phrase:0800c8af81dbdfcd">      Checking #@#@#29#odule</phrase>
</title>
<node>
<test1>
<diaglist>
<dgraphic>
<dgraphic1>
<graphic id="KC08342321">
<href>0900c8af80054d5#@#@#9#.jpeg</href>
</graphic>
</dgraphic1>
<dgraphic2>
<graphic id="KC08342322">
<href>0900c8af80054d6#@#@#9#.jpeg</href>
</graphic>
</dgraphic2>
<dgraphic3>
<graphic id="KC08342323">
<href>0900c8af80054cc#@#@#9#.jpeg</href>
</graphic>
</dgraphic3>
</dgraphic>
<ditem>
<ptxt>
<phrase category="" id="KC08342324" phrase-urn="urn:x-nevis:phrase:0800c8af81dbdfce">Ignition off.</phrase>
</ptxt>
</ditem>
<ditem>
<ptxt>
<phrase category="" id="KC08342325" phrase-urn="urn:x-nevis:phrase:0800c8af81dbdfcf">Disconnect cont#@#@#6#dule.</phrase>
</ptxt>
</ditem>
<ditem>
<ptxt>
<phrase category="" id="KC08342326" phrase-urn="urn:x-nevis:phrase:0800c8af81dbdfd0">      switch co#@#@#3#cted.</phrase>
</ptxt>
</ditem>
<ditem>
<ptxt>
<phrase category="" id="KC08342327" phrase-urn="urn:x-nevis:phrase:0800c8af81dbdfd1">      Ignition on.</phrase>
</ptxt>
</ditem>
</diaglist>
<test2>
<para>
<ptxt>
<phrase category="" id="KC08342328" phrase-urn="urn:x-nevis:phrase:0800c8af81dbdfd2">      Connect a#@#@#53#ound.</phrase>
</ptxt>
<ptxt>
<phrase category="" id="KC08342329" phrase-urn="urn:x-nevis:phrase:0800c8af81dbdfd3">Alternatives:</phrase>
</ptxt>
</para>
<list1 enumtype="n" type="ordered">
<item>
<ptxt>
<phrase category="" id="KC08342330" phrase-urn="urn:x-nevis:phrase:0800c8af81dbdfd4">      The voltm#@#@#58#ated.</phrase>
</ptxt>
</item>
<item>
<ptxt>
<phrase category="" id="KC08342331" phrase-urn="urn:x-nevis:phrase:0800c8af81dbdfd5">      Voltmeter#@#@#42#ated.</phrase>
</ptxt>
</item>
<item>
<ptxt>
<phrase category="" id="KC08342332" phrase-urn="urn:x-nevis:phrase:0800c8af81dbdfd6">      The voltm#@#@#67#ated.</phrase>
</ptxt>
</item>
</list1>
<diaglist>
<dgraphic>
<dgraphic1>
<graphic id="KC08342333">
<href>0900c8af80127ec#@#@#9#.jpeg</href>
</graphic>
</dgraphic1>
<dgraphic2>
<graphic id="KC08342334">
<href>0900c8af80054d4#@#@#9#.jpeg</href>
</graphic>
<smarttool id="KC08342335" toolname="VDCD40"/>
</dgraphic2>
</dgraphic>
<ditem>
<ditemtext>
<ptxt>
<phrase category="" id="KC08342336" phrase-urn="urn:x-nevis:phrase:0800c8af81dbdfd7"/>
</ptxt>
</ditemtext>
</ditem>
</diaglist>
</test2>
</test1>
<question>Select one of t#@#@#17#ives.</question>
<resact-grp>
<result button="text" comp="button" highlight="0" text="1"/>
<action j2008use="1" paperuse="1" screenuse="1">
<ptxt>
<xref>
<ref id="KC08342337"/>
</xref>.
</ptxt>
</action>
</resact-grp>
<resact-grp>
<result button="text" comp="button" highlight="0" text="2"/>
<action j2008use="1" paperuse="1" screenuse="1">
<ptxt>
<xref>
<ref id="KC08342338"/>
</xref>.
</ptxt>
</action>
</resact-grp>
<resact-grp>
<result button="text" comp="button" highlight="0" text="3"/>
<action j2008use="1" paperuse="0" screenuse="1">
<ptxt>
<xref>
<ref id="KC08342339"/>
</xref>
</ptxt>
</action>
</resact-grp>
</node>
</testgrp>
<testgrp id="KC02247094" j2008use="1" paperuse="0" resumable="1" screenuse="1" testgrp-id="eb7-2" x="240" y="560">
<title>
<phrase category="" id="KC08342340" phrase-urn="urn:x-nevis:phrase:0800c8af81dbdfd8">Checking for a #@#@#8#rcuit</phrase>
</title>
<node>
<test1>
<test2>
<diaglist>
<dgraphic>
<dgraphic1>
<graphic id="KC08342341">
<href>0900c8af80127ef#@#@#9#.jpeg</href>
</graphic>
</dgraphic1>
<dgraphic2>
<graphic id="KC08342342">
<href>0900c8af80054d4#@#@#9#.jpeg</href>
</graphic>
<smarttool active="press" id="KC08342343" toolname="ODAH"/>
</dgraphic2>
</dgraphic>
<ditem>
<ditemtext>
<ptxt>
<phrase category="" id="KC08342344" phrase-urn="urn:x-nevis:phrase:0800c8af81dbdfd9">      Check cab#@#@#115#g to <xref>
<ref id="KC08342345"/>
</xref>. </phrase>
</ptxt>
</ditemtext>
</ditem>
</diaglist>
<grate>
<graphic id="KC08342346">
<href>0900c8af800570c#@#@#9#.jpeg</href>
</graphic>
</grate>
</test2>
</test1>
<question>Select "Continu#@#@#32#ied.
</question>
<resact-grp>
<result button="cont" comp="button" highlight="0"/>
<action j2008use="1" paperuse="1" screenuse="1">
<return value="FAULT FOUND"/>
</action>
</resact-grp>
</node>
</testgrp>
<testgrp id="KC02247095" j2008use="1" paperuse="1" resumable="1" screenuse="1" testgrp-id="eb8" x="80" y="640">
<title>
<phrase category="" id="KC08342347" phrase-urn="urn:x-nevis:phrase:0800c8af81dbdfda">      Checking #@#@#43#dule </phrase>
</title>
<node>
<test1>
<diaglist>
<dgraphic>
<dgraphic1>
<graphic id="KC08342348">
<href>0900c8af80054d4#@#@#9#.jpeg</href>
</graphic>
</dgraphic1>
<dgraphic2>
<graphic id="KC08342349">
<href>0900c8af80054d7#@#@#9#.jpeg</href>
</graphic>
</dgraphic2>
<dgraphic3>
<graphic id="KC08342350">
<href>0900c8af80054cc#@#@#9#.jpeg</href>
</graphic>
</dgraphic3>
</dgraphic>
<ditem>
<ptxt>
<phrase category="" id="KC08342351" phrase-urn="urn:x-nevis:phrase:0800c8af81dbdfdb">      Ignition off.</phrase>
</ptxt>
</ditem>
<ditem>
<ptxt>
<phrase category="" id="KC08342352" phrase-urn="urn:x-nevis:phrase:0800c8af81dbdfdd">      Control m#@#@#14#cted.</phrase>
</ptxt>
</ditem>
<ditem>
<ptxt>
<phrase category="" id="KC08342353" phrase-urn="urn:x-nevis:phrase:0800c8af81dbdfde">      Disconnec#@#@#18#ctor.</phrase>
</ptxt>
</ditem>
</diaglist>
<test2>
<diaglist>
<dgraphic>
<dgraphic1>
<graphic id="KC08342354">
<href>0900c8af80127ef#@#@#9#.jpeg</href>
</graphic>
</dgraphic1>
<dgraphic2>
<graphic id="KC08342355">
<href>0900c8af80054d4#@#@#9#.jpeg</href>
</graphic>
<smarttool id="KC08342356" toolname="ODA"/>
</dgraphic2>
</dgraphic>
<ditem>
<ditemtext>
<ptxt>
<phrase category="" id="KC08342357" phrase-urn="urn:x-nevis:phrase:0800c8af81dbdfdf">      Connect a#@#@#82#al 4.</phrase>
</ptxt>
</ditemtext>
</ditem>
</diaglist>
</test2>
</test1>
<question>The ohmmeter sh#@#@#23#
0 Ω.</question>
<resact-grp>
<result button="ok" comp="button" highlight="0"/>
<action j2008use="1" paperuse="1" screenuse="1">
<ptxt>
<xref>
<ref id="KC08342358"/>
</xref>
</ptxt>
</action>
</resact-grp>
<resact-grp>
<result button="notok" comp="button" highlight="0"/>
<action j2008use="1" paperuse="0" screenuse="1">
<ptxt>
<xref>
<ref id="KC08342359"/>
</xref>
</ptxt>
</action>
</resact-grp>
</node>
</testgrp>
<testgrp id="KC02247096" j2008use="1" paperuse="0" resumable="1" screenuse="1" testgrp-id="eb8-1" x="240" y="640">
<title>
<phrase category="" id="KC08342360" phrase-urn="urn:x-nevis:phrase:0800c8af81dbdfe0">Checking for an#@#@#8#rcuit</phrase>
</title>
<node>
<test1>
<test2>
<diaglist>
<dgraphic>
<dgraphic1>
<graphic id="KC08342361">
<href>0900c8af80127ef#@#@#9#.jpeg</href>
</graphic>
</dgraphic1>
<dgraphic2>
<graphic id="KC08342362">
<href>0900c8af80054d4#@#@#9#.jpeg</href>
</graphic>
<smarttool active="press" id="KC08342363" toolname="ODAH"/>
</dgraphic2>
</dgraphic>
<ditem>
<ditemtext>
<ptxt>
<phrase category="" id="KC08342364" phrase-urn="urn:x-nevis:phrase:0800c8af81dbdfe1">      Check cab#@#@#97#g to <xref>
<ref id="KC08342365"/>
</xref>.</phrase>
</ptxt>
</ditemtext>
</ditem>
</diaglist>
<grate>
<graphic id="KC08342366">
<href>0900c8af800570b#@#@#9#.jpeg</href>
</graphic>
</grate>
</test2>
</test1>
<question>Select "Continu#@#@#32#ied.
</question>
<resact-grp>
<result button="cont" comp="button" highlight="0"/>
<action j2008use="1" paperuse="1" screenuse="1">
<return value="FAULT FOUND"/>
</action>
</resact-grp>
</node>
</testgrp>
<testgrp id="KC02247097" j2008use="1" paperuse="1" resumable="1" screenuse="1" testgrp-id="eb9" x="80" y="720">
<title>
<phrase category="" id="KC08342367" phrase-urn="urn:x-nevis:phrase:0800c8af81dbdfe2">      Checking #@#@#9#ctors</phrase>
</title>
<node>
<test1>
<diaglist>
<dgraphic>
<dgraphic1>
<graphic id="KC08342368">
<href>0900c8af80054d5#@#@#9#.jpeg</href>
</graphic>
</dgraphic1>
<dgraphic3>
<graphic id="KC08342369">
<href>0900c8af80054cc#@#@#9#.jpeg</href>
</graphic>
</dgraphic3>
</dgraphic>
<ditem>
<ptxt>
<phrase category="" id="KC08342370" phrase-urn="urn:x-nevis:phrase:0800c8af81dbdfe3">      Ignition off.</phrase>
</ptxt>
</ditem>
<ditem>
<ptxt>
<phrase category="" id="KC08342371" phrase-urn="urn:x-nevis:phrase:0800c8af81dbdfe4">      Check con#@#@#124#g to <xref>
<ref id="KC08342372"/>
</xref>and loose conne#@#@#15#g to <xref>
<ref id="KC08342373"/>
</xref>.</phrase>
</ptxt>
</ditem>
<ditem>
<ptxt>
<phrase category="" id="KC08342374" phrase-urn="urn:x-nevis:phrase:0800c8af81dbdfe5">      Connect c#@#@#9#dule.</phrase>
</ptxt>
</ditem>
<ditem>
<ptxt>
<phrase category="" id="KC08342375" phrase-urn="urn:x-nevis:phrase:0800c8af81dbdfe6">      Ignition on.</phrase>
</ptxt>
</ditem>
</diaglist>
<test2>
<diaglist>
<dgraphic>
<dgraphic1>
<graphic id="KC08342376">
<href>0900c8af80127ef#@#@#9#.jpeg</href>
</graphic>
</dgraphic1>
<dgraphic2>
<graphic id="KC08342377">
<href>0900c8af8005433#@#@#9#.jpeg</href>
</graphic>
<smarttool active="press" id="KC08342378" toolname="ECC4D2"/>
</dgraphic2>
</dgraphic>
<ditem>
<ditemtext>
<ptxt>
<phrase category="" id="KC08342379" phrase-urn="urn:x-nevis:phrase:0800c8af81dbdfe7">Activate Diagno#@#@#18#M) 2.</phrase>
</ptxt>
</ditemtext>
</ditem>
</diaglist>
<grate>
<graphic id="KC08342380">
<href>0900c8af80056cb#@#@#9#.jpeg</href>
</graphic>
</grate>
</test2>
</test1>
<question>Response code 1#@#@#9#rned?</question>
<resact-grp>
<result button="yes" comp="button" highlight="0"/>
<action j2008use="1" paperuse="0" screenuse="1">
<ptxt>
<xref>
<ref id="KC08342381"/>
</xref>
</ptxt>
</action>
</resact-grp>
<resact-grp>
<result button="no" comp="button" highlight="0"/>
<action j2008use="1" paperuse="0" screenuse="1">
<ptxt>
<xref>
<ref id="KC08342382"/>
</xref>
</ptxt>
</action>
</resact-grp>
</node>
</testgrp>
<testgrp id="KC02247098" j2008use="1" paperuse="0" resumable="1" screenuse="1" testgrp-id="eb9-1" x="240" y="720">
<title>
<phrase category="" id="KC08342383" phrase-urn="urn:x-nevis:phrase:0800c8af81dbdfe8">Fault-tracing i#@#@#5#ation</phrase>
</title>
<node>
<test1>
<test2>
<diaglist>
<ditem>
<ptxt>
<phrase category="" id="KC08342384" phrase-urn="urn:x-nevis:phrase:0800c8af81dbdfe9">      The respo#@#@#68#tors.</phrase>
</ptxt>
</ditem>
</diaglist>
<grate>
<graphic id="KC08342385">
<href>0900c8af80056cb#@#@#9#.jpeg</href>
</graphic>
</grate>
</test2>
</test1>
<question>Select "Continue".</question>
<resact-grp>
<result button="cont" comp="button" highlight="0"/>
<action j2008use="1" paperuse="1" screenuse="1">
<return value="FAULT FOUND"/>
</action>
</resact-grp>
</node>
</testgrp>
<testgrp id="KC02247099" j2008use="1" paperuse="0" resumable="1" screenuse="1" testgrp-id="eb9-2" x="240" y="800">
<title>
<phrase category="" id="KC08342386" phrase-urn="urn:x-nevis:phrase:0800c8af81dbdfea">Replacing component</phrase>
</title>
<node>
<test1>
<test2>
<diaglist>
<ditem>
<ptxt>
<phrase category="" id="KC08342387" phrase-urn="urn:x-nevis:phrase:0800c8af81dbdfeb">      Try a new#@#@#24#g to <xref>
<ref id="KC08342388"/>
</xref>.</phrase>
</ptxt>
</ditem>
</diaglist>
<grate>
<graphic id="KC08342389">
<href>0900c8af80127e9#@#@#9#.jpeg</href>
</graphic>
</grate>
</test2>
</test1>
<question>Select "Continu#@#@#32#ied.
</question>
<resact-grp>
<result button="cont" comp="button" highlight="0"/>
<action j2008use="1" paperuse="1" screenuse="1">
<return value="FAULT FOUND"/>
</action>
</resact-grp>
</node>
</testgrp>
<testgrp id="KC02247100" j2008use="1" paperuse="1" resumable="1" screenuse="1" testgrp-id="info" x="240" y="240">
<title>
<phrase category="" id="KC08342390" phrase-urn="urn:x-nevis:phrase:0800c8af81dbdfec">INFO</phrase>
</title>
<subcalloutnode>
<diagcallout>
<xref>
<ref id="KC08342391"/>
</xref>
</diagcallout>
<rescall-grp>
<result comp="string" highlight="0" op="eq" return="FAULT FOUND"/>
<calloutaction>
<ptxt>
<xref>
<ref id="KC08342392"/>
</xref>
</ptxt>
</calloutaction>
</rescall-grp>
</subcalloutnode>
</testgrp>
<testgrp id="KC02247101" j2008use="1" paperuse="1" resumable="1" screenuse="1" testgrp-id="info1" x="240" y="160">
<title>
<phrase category="" id="KC08342393" phrase-urn="urn:x-nevis:phrase:0800c8af81dbdfee">INFO</phrase>
</title>
<subcalloutnode>
<diagcallout>
<xref>
<ref id="KC08342394"/>
</xref>
</diagcallout>
<rescall-grp>
<result comp="string" highlight="0" op="eq" return="FAULT FOUND"/>
<calloutaction>
<ptxt>
<xref>
<ref id="KC08342395"/>
</xref>
</ptxt>
</calloutaction>
</rescall-grp>
</subcalloutnode>
</testgrp>
</diagnostic>
</servinfosub>