<?xml version="1.0" encoding="UTF-8"?><servinfosub IE-ID="en-US0900c8af80875718" docno="VCC-093684" id="KC01178296" xml:lang="en-US">
<title>
<phrase category="" id="KC06922178" phrase-urn="urn:x-nevis:phrase:0800c8af819ff57e">Checking power #@#@#22#inals</phrase>
</title>
<diagnostic j2008use="1" paperuse="1" screenuse="1" type="test">
<testgrp IE-ID="en-US0900c8af80875718_KC01178297" id="KC01178297" j2008use="1" paperuse="1" resumable="1" screenuse="1" testgrp-id="node1" x="120" y="200">
<title>
<phrase category="" id="KC06922179" phrase-urn="urn:x-nevis:phrase:0800c8af819ff580">Checking power #@#@#22#inals</phrase>
</title>
<node>
<test1>
<test2>
<list1>
<title>
<phrase category="" id="KC06922180" phrase-urn="urn:x-nevis:phrase:0800c8af819ff582">Checking the po#@#@#5#upply</phrase>
</title>
<item>
<ptxt>
<phrase category="" id="KC06922181" phrase-urn="urn:x-nevis:phrase:0800c8af819ff583">Check fuse 11/C#@#@#165#g to <xref>
<ref id="KC06922182"/>
</xref> before replaci#@#@#116#agram</phrase>
</ptxt>
</item>
<item>
<ptxt>
<phrase category="" id="KC06922183" phrase-urn="urn:x-nevis:phrase:0800c8af819ff584">Check the power#@#@#126#g to <xref>
<ref id="KC06922184"/>
</xref>
</phrase>
</ptxt>
</item>
<item>
<ptxt>
<phrase category="" id="KC06922185" phrase-urn="urn:x-nevis:phrase:0800c8af819ff585">Check the power#@#@#109#g to <xref>
<ref id="KC06922186"/>
</xref>. Check for a s#@#@#31#g to <xref>
<ref id="KC06922187"/>
</xref>. </phrase>
</ptxt>
</item>
</list1>
<list1>
<title>
<phrase category="" id="KC06922188" phrase-urn="urn:x-nevis:phrase:0800c8af819ff586">Checking the gr#@#@#8#minal</phrase>
</title>
<item>
<ptxt>
<phrase category="" id="KC06922189" phrase-urn="urn:x-nevis:phrase:0800c8af819ff587">The SRS control#@#@#56# car.</phrase>
</ptxt>
</item>
</list1>
<para>
<ptxt>
<phrase category="" id="KC06922190" phrase-urn="urn:x-nevis:phrase:0800c8af819ff588">Remedy as necessary</phrase>
</ptxt>
</para>
<list1 enumtype="d" type="unordered">
<title>
<phrase category="" id="KC06922191" phrase-urn="urn:x-nevis:phrase:0800c8af819ff589">Other information</phrase>
</title>
<item>
<ptxt>
<phrase category="" id="KC06922192" phrase-urn="urn:x-nevis:phrase:0800c8af819ff58a">To access and r#@#@#44# see <xref>
<ref id="KC06922193"/>
</xref>
</phrase>
</ptxt>
</item>
<item>
<ptxt>
<phrase category="" id="KC06922194" phrase-urn="urn:x-nevis:phrase:0800c8af819ff58b">To connect the #@#@#13# see <xref>
<ref id="KC06922195"/>
</xref>
</phrase>
</ptxt>
</item>
<item>
<ptxt>
<phrase category="" id="KC06922196" phrase-urn="urn:x-nevis:phrase:0800c8af819ff58c">The voltage to #@#@#80#nd II</phrase>
</ptxt>
</item>
<item>
<ptxt>
<phrase category="" id="KC06922197" phrase-urn="urn:x-nevis:phrase:0800c8af819ff58d">The voltage to #@#@#80#nd II</phrase>
</ptxt>
</item>
<item>
<ptxt>
<phrase category="" id="KC06922198" phrase-urn="urn:x-nevis:phrase:0800c8af819ff58f">With the igniti#@#@#138#y 0 Ω</phrase>
</ptxt>
</item>
<item>
<ptxt>
<phrase category="" id="KC06922199" phrase-urn="urn:x-nevis:phrase:0800c8af819ff590"> For other valu#@#@#3# see <xref>
<ref id="KC06922200"/>
</xref>. </phrase>
</ptxt>
</item>
</list1>
<diaglist>
<dgraphic>
<dgraphic2>
<graphic id="KC06922201">
<href>0900c8af80054d4#@#@#9#.jpeg</href>
</graphic>
<smarttool active="press" id="KC06922202" toolname="VDCD40H"/>
</dgraphic2>
</dgraphic>
<ditem>
<ditemtext>
<ptxt>
<phrase category="" id="KC06922203" phrase-urn="urn:x-nevis:phrase:0800c8af819ff57d"/>
</ptxt>
</ditemtext>
</ditem>
</diaglist>
<grate>
<graphic id="KC06922204">
<href>0900c8af80058b5#@#@#11#.jpeg</href>
</graphic>
</grate>
</test2>
</test1>
<question>Was a fault det#@#@#1#cted?</question>
<resact-grp>
<result button="yes" comp="button" highlight="0"/>
<action j2008use="1" paperuse="1" screenuse="1">
<return value="FAULT FOUND"/>
</action>
</resact-grp>
<resact-grp>
<result button="no" comp="button" highlight="0"/>
<action j2008use="1" paperuse="1" screenuse="1">
<return value="FAULT NOT FOUND"/>
</action>
</resact-grp>
</node>
</testgrp>
</diagnostic>
</servinfosub>