<?xml version="1.0" encoding="UTF-8"?><servinfosub IE-ID="en-US0800c8af80a15016" docno="T9997039" id="ST-0800c8af80a15016" xml:lang="en-US">
<title>999 7039 Connec#@#@#12#X400 </title>
<grate>
<graphic id="0900c8af8556f151"/>
<graphtext>
<deflist>
<defitem>
<term>Tool number:</term>
<def>999 7039-4</def>
</defitem>
<defitem>
<term>Tool description:</term>
<def>Connecting rod #@#@#8#(P2X)</def>
</defitem>
<defitem>
<term>Tool board:</term>
<def>65</def>
</defitem>
</deflist>
</graphtext>
</grate>
</servinfosub>