<?xml version="1.0" encoding="UTF-8"?><servinfosub IE-ID="en-US0900c8af823df016" docno="VCC-166367" id="KC09019279" xml:lang="en-US">
<title>
<phrase category="" id="KC09031454" phrase-urn="urn:x-nevis:phrase:0800c8af823df019">Diagnostic trou#@#@#33#41800</phrase>
</title>
<diagnostic type="condition">
<condgrp>
<condition type="condition">
<grate>
<graphic id="KC09031455">
<href>0900c8af82339d6#@#@#9#.jpeg</href>
</graphic>
<graphtext>
<ptxt>
<phrase category="" id="KC09031456" phrase-urn="urn:x-nevis:phrase:0800c8af823df028">Information abo#@#@#146#ECM).</phrase>
</ptxt>
<ptxt>
<phrase category="" id="KC09031457" phrase-urn="urn:x-nevis:phrase:0800c8af823df033">The diagnostic #@#@#195#or.  </phrase>
</ptxt>
<ptxt>
<phrase category="" id="KC09031458" phrase-urn="urn:x-nevis:phrase:0800c8af823df03f">The diagnostic #@#@#49#s on.</phrase>
</ptxt>
</graphtext>
</grate>
</condition>
</condgrp>
<condgrp>
<condition type="substitution">
<list1 enumtype="d" type="unordered">
<item>
<ptxt>
<phrase category="" id="KC09031459" phrase-urn="urn:x-nevis:phrase:0800c8af823df04c">Cruise control #@#@#31#tive.</phrase>
</ptxt>
</item>
</list1>
</condition>
<ps>
<list1 enumtype="d" type="unordered">
<item>
<ptxt>
<phrase category="" id="KC09031460" phrase-urn="urn:x-nevis:phrase:0800c8af823df05a">Look for the ca#@#@#46#BCM).</phrase>
</ptxt>
</item>
</list1>
</ps>
</condgrp>
<condgrp>
<condition type="symptom">
<list1 enumtype="d" type="unordered">
<item>
<ptxt>
<phrase category="" id="KC09031461" phrase-urn="urn:x-nevis:phrase:0800c8af823df066">Cruise control #@#@#20# all.</phrase>
</ptxt>
</item>
<item>
<ptxt>
<phrase category="" id="KC09031462" phrase-urn="urn:x-nevis:phrase:0800c8af823df071">Message in the #@#@#3#play.</phrase>
</ptxt>
</item>
</list1>
</condition>
</condgrp>
</diagnostic>
</servinfosub>