<?xml version="1.0" encoding="UTF-8"?><servinfosub IE-ID="en-US0900c8af81aa2016" docno="VCC-163131" id="KC07221852" xml:lang="en-US">
<title>
<phrase category="" id="KC09577612" phrase-urn="urn:x-nevis:phrase:0800c8af82721e2f">Signal too low</phrase>
</title>
<diagnostic type="test">
<testgrp IE-ID="en-US0900c8af81aa2016_KC07262624" id="KC07262624" j2008use="1" paperuse="1" resumable="1" screenuse="1" testgrp-id="node1" x="120" y="80">
<title>
<phrase category="" id="KC09577613" phrase-urn="urn:x-nevis:phrase:0800c8af82721e30">Checking the si#@#@#25#andle</phrase>
</title>
<node>
<test1>
<note>
<ptxt>
<phrase category="" id="KC09577614" phrase-urn="urn:x-nevis:phrase:0800c8af82721e31">Only applies to#@#@#8#cars.</phrase>
</ptxt>
</note>
<diaglist>
<dgraphic>
<dgraphic1>
<graphic id="KC09577615">
<href>0900c8af80054d5#@#@#9#.jpeg</href>
</graphic>
</dgraphic1>
</dgraphic>
<ditem>
<ptxt>
<phrase category="" id="KC09577616" phrase-urn="urn:x-nevis:phrase:0800c8af82721e32">Ignition on</phrase>
</ptxt>
</ditem>
<ditem>
<ptxt>
<phrase category="" id="KC09577617" phrase-urn="urn:x-nevis:phrase:0800c8af82721e33">Read off the st#@#@#73#ndle.</phrase>
</ptxt>
</ditem>
</diaglist>
<test2>
<para>
<ptxt>
<phrase category="" id="KC09577618" phrase-urn="urn:x-nevis:phrase:0800c8af82721e35">The status shou#@#@#35#ted. </phrase>
</ptxt>
</para>
<para>
<ptxt>
<phrase category="" id="KC09577619" phrase-urn="urn:x-nevis:phrase:0800c8af82721e36">The fault is pe#@#@#33#ange.</phrase>
</ptxt>
</para>
<para>
<ptxt>
<phrase category="" id="KC09577620" phrase-urn="urn:x-nevis:phrase:0800c8af82721e37">If the status c#@#@#111#ment.</phrase>
</ptxt>
</para>
<diaglist>
<dgraphic>
<dgraphic2>
<graphic id="KC09577621">
<href>0900c8af86c8681#@#@#9#.jpeg</href>
</graphic>
<smarttool active="press" id="KC09577622" toolname="XREM000A"/>
</dgraphic2>
</dgraphic>
<ditem>
<ditemtext>
<ptxt>
<phrase category="" id="KC09577623" phrase-urn="urn:x-nevis:phrase:0800c8af82721e38"/>
</ptxt>
</ditemtext>
</ditem>
</diaglist>
<grate>
<graphic id="KC09577624">
<href>0900c8af817a802#@#@#9#.jpeg</href>
</graphic>
</grate>
</test2>
</test1>
<question>
Select Continue.
</question>
<resact-grp>
<result button="cont" comp="button" highlight="0"/>
<action j2008use="1" paperuse="1" screenuse="1">
<ptxt>
<xref>
<ref id="KC09577626"/>
</xref>
</ptxt>
</action>
</resact-grp>
</node>
</testgrp>
<testgrp id="KC07262625" j2008use="1" paperuse="1" resumable="1" screenuse="1" testgrp-id="node2" x="120" y="160">
<title>
<phrase category="" id="KC09577627" phrase-urn="urn:x-nevis:phrase:0800c8af82721e3a">Checking cable #@#@#8#onent</phrase>
</title>
<node>
<test1>
<test2>
<para>
<ptxt>
<phrase category="" id="KC09577628" phrase-urn="urn:x-nevis:phrase:0800c8af82721e3b">Disconnect the #@#@#253#und. </phrase>
</ptxt>
<ptxt>
<phrase category="" id="KC09577629" phrase-urn="urn:x-nevis:phrase:0800c8af82721e3c">Check the resis#@#@#130#itch.</phrase>
</ptxt>
</para>
<para>
<ptxt>
<phrase category="" id="KC09577630" phrase-urn="urn:x-nevis:phrase:0800c8af82721e3d">Check the signa#@#@#206#ound.</phrase>
</ptxt>
</para>
<ptxt>
<phrase category="" id="KC09577631" phrase-urn="urn:x-nevis:phrase:0800c8af82721e3e">Remedy as necessary.</phrase>
</ptxt>
<list1 enumtype="d" type="unordered">
<title>
<phrase category="" id="KC09577632" phrase-urn="urn:x-nevis:phrase:0800c8af82721e3f">Other information</phrase>
</title>
<item>
<ptxt>
<phrase category="" id="KC09577633" phrase-urn="urn:x-nevis:phrase:0800c8af82721e40">
<xref>
<ref id="KC09577634"/>
</xref>
</phrase>
</ptxt>
</item>
<item>
<ptxt>
<phrase category="" id="KC09577635" phrase-urn="urn:x-nevis:phrase:0800c8af82721e41">
<xref>
<ref id="KC09577636"/>
</xref>
</phrase>
</ptxt>
</item>
<item>
<ptxt>
<phrase category="" id="KC09577637" phrase-urn="urn:x-nevis:phrase:0800c8af82721e42">Disconnecting t#@#@#28#EM): <xref>
<ref id="KC09577638"/>
</xref>
</phrase>
</ptxt>
</item>
<item>
<ptxt>
<phrase category="" id="KC09577639" phrase-urn="urn:x-nevis:phrase:0800c8af82721e43">
<xref>
<ref id="KC09577640"/>
</xref>
</phrase>
</ptxt>
</item>
</list1>
<diaglist>
<dgraphic>
<dgraphic1>
<graphic id="KC09577641">
<href>0900c8af80058d3#@#@#9#.jpeg</href>
</graphic>
</dgraphic1>
</dgraphic>
</diaglist>
<grate>
<graphic id="KC09577642">
<href>0900c8af817a802#@#@#9#.jpeg</href>
</graphic>
</grate>
</test2>
</test1>
<question>
Select Continue.
</question>
<resact-grp>
<result button="cont" comp="button" highlight="0"/>
<action j2008use="1" paperuse="1" screenuse="1">
<ptxt>
<xref>
<ref id="KC09577644"/>
</xref>
</ptxt>
</action>
</resact-grp>
</node>
</testgrp>
<testgrp id="KC07262626" j2008use="1" paperuse="1" resumable="1" screenuse="1" testgrp-id="veria" x="280" y="80">
<title>
<phrase category="" id="KC09577645" phrase-urn="urn:x-nevis:phrase:0800c8af82721e45">Verification</phrase>
</title>
<subcalloutnode>
<diagcallout>
<xref>
<ref id="KC09577646"/>
</xref>
</diagcallout>
<rescall-grp>
<result comp="string" highlight="0" op="eq" return="VERIFICATION FAILED"/>
<calloutaction>
<ptxt>
<xref>
<ref id="KC09577647"/>
</xref>
</ptxt>
</calloutaction>
</rescall-grp>
<rescall-grp>
<result comp="string" highlight="0" op="eq" return="VERIFIED"/>
<calloutaction>
<return value="FAULT FOUND"/>
</calloutaction>
</rescall-grp>
</subcalloutnode>
</testgrp>
<testgrp id="KC07262627" j2008use="1" paperuse="0" resumable="1" screenuse="1" testgrp-id="info1" x="520" y="80">
<title>
<phrase category="" id="KC09577648" phrase-urn="urn:x-nevis:phrase:0800c8af82721e46">Fault-tracing i#@#@#5#ation</phrase>
</title>
<subcalloutnode>
<diagcallout>
<xref>
<ref id="KC09577649"/>
</xref>
</diagcallout>
<rescall-grp>
<result comp="string" highlight="0" op="eq" return="FAULTTRACING FAILED"/>
<calloutaction>
<return value="FAULTTRACING FAILED"/>
</calloutaction>
</rescall-grp>
<rescall-grp>
<result comp="string" highlight="0" op="eq" return="NEW TRY"/>
<calloutaction>
<ptxt>
<xref>
<ref id="KC09577650"/>
</xref>
</ptxt>
</calloutaction>
</rescall-grp>
</subcalloutnode>
</testgrp>
</diagnostic>
</servinfosub>