<?xml version="1.0" encoding="UTF-8"?><servinfosub IE-ID="en-US0900c8af8280ca0d" docno="VCC-127728" id="KC01601374" xml:lang="en-US">
<title id="nev10841882n1">Reserve battery#@#@#20#acing</title>
<procedure id="nev10841882n3">
<stepgrp id="KC01601375">
<procstep id="KC01601376">
<title id="nev10841882n5"/>
<ptxt id="nev10841882n7">The illustratio#@#@#177#ect. </ptxt>
</procstep>
<procstep id="KC01601377">
<title id="nev10841882n9">Removing the re#@#@#8#ttery</title>
<grate id="nev10841882n11">
<graphic id="KC08940021">
<href>0900c8af8005b55#@#@#9#.jpeg</href>
</graphic>
<graphtext id="nev10841882n17">
<para id="nev10841882n19">
<ptxt id="nev10841882n21">Remove the radi#@#@#12# See <xref id="nev10841882n23">
<ref id="KC08940022"/>
</xref>.</ptxt>
<ptxt id="nev10841882n29">Remove the keypad.</ptxt>
<ptxt id="nev10841882n31">Remove two scre#@#@#22#ated.</ptxt>
<ptxt id="nev10841882n33">Open the cover #@#@#20#tery.</ptxt>
</para>
<para id="nev10841882n35">
<ptxt id="nev10841882n37">Press the catch#@#@#40#tor. </ptxt>
</para>
<note id="nev10841882n39">
<ptxt id="nev10841882n41">Be very careful#@#@#74#gile.</ptxt>
</note>
<note id="nev10841882n43">
<ptxt id="nev10841882n45">Mark a cross in#@#@#122#d up.</ptxt>
</note>
</graphtext>
</grate>
<grate id="nev10841882n47">
<graphic id="KC08940023">
<href>0900c8af8005b6b#@#@#9#.jpeg</href>
</graphic>
</grate>
</procstep>
<procstep id="KC01601378">
<title id="nev10841882n53">Installing the #@#@#10#ttery</title>
<list1 enumtype="d" id="nev10841882n55" type="unordered">
<title id="nev10841882n57">Install:</title>
<item id="nev10841882n59">
<ptxt id="nev10841882n61">the connector o#@#@#15#oard.</ptxt>
<note id="nev10841882n63">
<ptxt id="nev10841882n65">Check that the #@#@#21#ctor.</ptxt>
</note>
</item>
<item id="nev10841882n67">
<ptxt id="nev10841882n69">the cover.</ptxt>
</item>
<item id="nev10841882n71">
<ptxt id="nev10841882n73">the two screws.</ptxt>
</item>
<item id="nev10841882n75">
<ptxt id="nev10841882n77">the keypad.</ptxt>
</item>
<item id="nev10841882n79">
<ptxt id="nev10841882n81">the radio/telep#@#@#5# See <xref id="nev10841882n83">
<ref id="KC08940024"/>
</xref>.</ptxt>
</item>
</list1>
<para id="nev10841882n89">
<ptxt id="nev10841882n91">The counter mus#@#@#168#ry". </ptxt>
</para>
</procstep>
</stepgrp>
</procedure>
</servinfosub>