<?xml version="1.0" encoding="UTF-8"?><servinfosub IE-ID="en-US0900c8af87b06a0d" docno="VCC-501982" id="nev27912509n1" original="sv-SE" servinfosubId="nev27912510n1-nev27912509n4" servinfosubRes="0900c8af87b1b364" servinfosubRes2="urn:x-nevis:fragment:0900c8af87b06a0d:0900c8af87b1b364#nev27912509n4" xml:lang="en-US">
<title id="nev27912509n2">Diagnostic Inst#@#@#23#Cable</title>
<toolitemtable id="nev27912510n1-nev27936138n57">
<table id="nev27912510n1-nev27936138n56">
<tgroup cols="2" id="nev27912510n1-nev27936138n55">
<colspec colname="COLSPEC0" colwidth="1.00*" id="nev27912510n1-nev27936138n54"/>
<colspec colname="COLSPEC1" colwidth="1.00*" id="nev27912510n1-nev27936138n53"/>
<thead id="nev27912510n1-nev27936138n52">
<row id="nev27912510n1-nev27936138n51">
<entry id="nev27912510n1-nev27936138n50" nameend="COLSPEC1" namest="COLSPEC0" valign="top">
<ptxt id="nev27912510n1-nev27936138n49">
<emph id="nev27912510n1-nev27936138n48">Special tools</emph>
</ptxt>
</entry>
</row>
</thead>
<tbody id="nev27912510n1-nev27936138n47">
<row id="nev27912510n1-nev27936138n46">
<entry id="nev27912510n1-nev27936138n45">
<graphic id="nev27912510n1-nev27936138n44">
<href>0900c8af8011fec#@#@#11#.jpeg</href>
</graphic>
</entry>
<entry id="nev27912510n1-nev27936138n43">
<ptxt id="nev27912510n1-nev27936138n42">
<emph id="nev27912510n1-nev27936138n41">951 2867 MOST i#@#@#9#ation</emph>
</ptxt>
<ptxt id="nev27912510n1-nev27936138n39">
<emph id="nev27912510n1-nev27936138n38">Tool number:</emph>951 2867</ptxt>
<ptxt id="nev27912510n1-nev27936138n37">
<emph id="nev27912510n1-nev27936138n36">Tool description:</emph>MOST instrumentation</ptxt>
<ptxt id="nev27912510n1-nev27936138n34">
<emph id="nev27912510n1-nev27936138n33">Tool boards:</emph>39</ptxt>
</entry>
</row>
</tbody>
</tgroup>
</table>
</toolitemtable>
<procedure id="nev27912510n1-nev27936192n1">
<stepgrp boilerplate="false" context="" id="nev27912510n1-nev27936138n68">
<title id="nev27912510n1-nev27936192n3">Check</title>
<procstep id="nev27912510n1-nev27936192n4">
<grate id="nev27912510n1-nev27936138n66">
<graphic id="nev27912510n1-nev27936138n67">
<href>0900c8af865b2c9#@#@#9#.jpeg</href>
</graphic>
<graphtext id="nev27912510n1-nev27936200n1">
<para id="nev27912510n1-nev27936138n64">
<ptxt id="nev27912510n1-nev27936138n65">
<toolitem boilerplate="true" id="nev27912510n1-nev27936192n10" imageid="0900c8af8011fec3"/>
</ptxt>
</para>
</graphtext>
</grate>
</procstep>
<procstep id="nev27912510n1-nev27936193n1">
<grate id="nev27912510n1-nev27936138n62">
<graphic id="nev27912510n1-nev27936138n63">
<href>0900c8af865b2c9#@#@#9#.jpeg</href>
</graphic>
</grate>
</procstep>
<procstep id="nev27912510n1-nev27936193n4">
<grate id="nev27912510n1-nev27936138n60">
<graphic id="nev27912510n1-nev27936138n61">
<href>0900c8af865b2c9#@#@#9#.jpeg</href>
</graphic>
</grate>
</procstep>
<procstep id="nev27912510n1-nev27936193n7">
<grate id="nev27912510n1-nev27936138n58">
<graphic id="nev27912510n1-nev27936138n59">
<href>0900c8af865b2c9#@#@#9#.jpeg</href>
</graphic>
</grate>
</procstep>
</stepgrp>
</procedure>
</servinfosub>