<?xml version="1.0" encoding="UTF-8"?><servinfosub IE-ID="en-US0900c8af854c5b0d" docno="VCC-094386" id="KC01110476" xml:lang="en-US">
<title>
<phrase category="" id="KC06023432" phrase-urn="urn:x-nevis:phrase:0800c8af8172326e">Diagnostic trou#@#@#15#ation</phrase>
</title>
<diagnostic j2008use="1" paperuse="1" screenuse="1" type="condition">
<condgrp>
<condition type="condition">
<para>
<ptxt>
<phrase category="Condition" id="nev17160096n1" phrase-urn="urn:x-nevis:phrase:0800c8af854c5ab7">The DTC is stor#@#@#170# out.</phrase>
</ptxt>
</para>
</condition>
</condgrp>
<condgrp>
<condition type="substitution">
<list1 enumtype="d" type="unordered">
<item>
<ptxt>
<phrase category="" id="KC06023434" phrase-urn="urn:x-nevis:phrase:0800c8af81723270">The lamp goes off.</phrase>
</ptxt>
</item>
</list1>
</condition>
<ps>
<list1 enumtype="d" type="unordered">
<item>
<ptxt>
<phrase category="" id="KC06023435" phrase-urn="urn:x-nevis:phrase:0800c8af81723271">Open circuit in#@#@#36#lamp.</phrase>
</ptxt>
</item>
<item>
<ptxt>
<phrase category="" id="KC06023436" phrase-urn="urn:x-nevis:phrase:0800c8af81723272">Short circuit t#@#@#55#lamp.</phrase>
</ptxt>
</item>
</list1>
</ps>
</condgrp>
<condgrp>
<condition type="symptom">
<list1 enumtype="d" type="unordered">
<item>
<ptxt>
<phrase category="Symptom CSC" id="nev17160099n1" phrase-urn="urn:x-nevis:phrase:0800c8af8388f129">JA, Passenger c#@#@#28# work</phrase>
</ptxt>
</item>
</list1>
</condition>
</condgrp>
</diagnostic>
</servinfosub>