<?xml version="1.0" encoding="UTF-8"?><servinfosub IE-ID="en-US0900c8af83ed2b0d" docno="VCC-328270" id="nev12814403n1" xml:lang="en-US">
<title>
<phrase category="" id="nev12814403n2" phrase-urn="urn:x-nevis:phrase:0800c8af82722f3e">Signal missing</phrase>
</title>
<diagnostic j2008use="1" layout="1" paperuse="1" screenuse="1" type="test">
<testgrp IE-ID="en-US0900c8af83ed2b0d_nev12814403n3" id="nev12814403n3" j2008use="1" paperuse="1" resumable="1" screenuse="1" testgrp-id="node1" x="80" y="80">
<title>
<phrase category="" id="nev12814403n4" phrase-urn="urn:x-nevis:phrase:0800c8af82722f3f">Checking cables#@#@#10#nents</phrase>
</title>
<node>
<test1>
<diaglist>
<dgraphic>
<dgraphic1>
<graphic id="nev12814403n5">
<href>0900c8af80054d4#@#@#9#.jpeg</href>
</graphic>
</dgraphic1>
</dgraphic>
<ditem>
<ptxt>
<phrase category="" id="nev12814403n6" phrase-urn="urn:x-nevis:phrase:0800c8af82722f40">Ignition off.</phrase>
</ptxt>
</ditem>
<ditem>
<ptxt>
<phrase category="" id="nev12814403n7" phrase-urn="urn:x-nevis:phrase:0800c8af82722f41">Unplug the elec#@#@#27#tors.</phrase>
</ptxt>
</ditem>
</diaglist>
<test2>
<para>
<ptxt>
<phrase category="" id="nev12814403n8" phrase-urn="urn:x-nevis:phrase:0800c8af82722f42">Check relevant #@#@#62#tion.</phrase>
</ptxt>
</para>
<para id="nev12814403n9">
<ptxt id="nev12814403n10">
<phrase category="" id="nev12814404n1" phrase-urn="urn:x-nevis:phrase:0800c8af82722f43">Check the signa#@#@#48#ound.</phrase>
</ptxt>
</para>
<para id="nev12814404n2">
<ptxt id="nev12814404n3">
<phrase category="" id="nev12814404n4" phrase-urn="urn:x-nevis:phrase:0800c8af82722f44">Check the signa#@#@#33#tage.</phrase>
</ptxt>
</para>
<para id="nev12814404n5">
<ptxt id="nev12814404n6">
<phrase category="" id="nev12814404n7" phrase-urn="urn:x-nevis:phrase:0800c8af82722f45">Measure between:</phrase>
</ptxt>
</para>
<list1 enumtype="d" type="unordered">
<item>
<ptxt>
<phrase category="Faulttracing" id="nev12814404n8" phrase-urn="urn:x-nevis:phrase:0800c8af83da589d">Engine control #@#@#42#t #1.</phrase>
</ptxt>
</item>
<item>
<ptxt>
<phrase category="Faulttracing" id="nev12814404n9" phrase-urn="urn:x-nevis:phrase:0800c8af83da58ac">Engine control #@#@#42#t #2.</phrase>
</ptxt>
</item>
</list1>
<para>
<ptxt>
<phrase category="" id="nev12814404n10" phrase-urn="urn:x-nevis:phrase:0800c8af82722f49">Remedy as necessary.</phrase>
</ptxt>
</para>
<list1 enumtype="d" type="unordered">
<title>
<phrase category="" id="nev12814405n1" phrase-urn="urn:x-nevis:phrase:0800c8af82722f4b">Other information</phrase>
</title>
<item>
<ptxt id="nev12814405n2">
<xref id="nev12814405n3">
<ref id="nev12814405n4"/>
</xref>
</ptxt>
</item>
<item>
<ptxt>
<xref id="nev12814405n5">
<ref id="nev12814405n6"/>
</xref>
</ptxt>
</item>
<item>
<ptxt id="nev12814405n7">
<xref id="nev12814405n8">
<ref id="nev12814405n9"/>
</xref>
</ptxt>
</item>
<item>
<ptxt id="nev12814405n10">
<xref id="nev13112688n100">
<ref id="nev12814406n2"/>
</xref>
</ptxt>
</item>
<item>
<ptxt id="nev12814406n3">
<xref id="nev12814406n4">
<ref id="nev12814406n5"/>
</xref>
</ptxt>
</item>
</list1>
<diaglist>
<dgraphic>
<dgraphic1>
<graphic id="nev12814406n6">
<href>0900c8af81a7246#@#@#9#.jpeg</href>
</graphic>
</dgraphic1>
</dgraphic>
</diaglist>
<grate>
<graphic id="nev12814406n7">
<href>0900c8af81d9a15#@#@#9#.jpeg</href>
</graphic>
</grate>
</test2>
</test1>
<question>
Select Continue.
</question>
<resact-grp>
<result button="cont" comp="button" highlight="0"/>
<action j2008use="1" paperuse="1" screenuse="1">
<ptxt>
<xref>
<ref id="nev12814406n9"/>
</xref>
</ptxt>
</action>
</resact-grp>
</node>
</testgrp>
<testgrp id="nev12814406n10" j2008use="1" paperuse="1" resumable="1" screenuse="1" testgrp-id="veria" x="80" y="220">
<title>
<phrase category="" id="nev12814407n1" phrase-urn="urn:x-nevis:phrase:0800c8af82722f52">Verification</phrase>
</title>
<subcalloutnode>
<diagcallout>
<xref>
<ref id="nev12814407n2"/>
</xref>
</diagcallout>
<rescall-grp>
<result comp="string" highlight="0" op="eq" return="VERIFIED"/>
<calloutaction>
<return value="FAULT FOUND"/>
</calloutaction>
</rescall-grp>
<rescall-grp>
<result comp="string" highlight="0" op="eq" return="VERIFICATION FAILED"/>
<calloutaction>
<ptxt>
<xref>
<ref id="nev12814407n3"/>
</xref>
</ptxt>
</calloutaction>
</rescall-grp>
</subcalloutnode>
</testgrp>
<testgrp id="nev12814407n4" j2008use="1" paperuse="0" resumable="1" screenuse="1" testgrp-id="info1" x="80" y="380">
<title>
<phrase category="" id="nev12814407n5" phrase-urn="urn:x-nevis:phrase:0800c8af82722f53">Fault-tracing i#@#@#5#ation</phrase>
</title>
<subcalloutnode>
<diagcallout>
<xref>
<ref id="nev12814407n6"/>
</xref>
</diagcallout>
<rescall-grp>
<result comp="string" highlight="0" op="eq" return="FAULTTRACING FAILED"/>
<calloutaction>
<return value="FAULTTRACING FAILED"/>
</calloutaction>
</rescall-grp>
<rescall-grp>
<result comp="string" highlight="0" op="eq" return="NEW TRY"/>
<calloutaction>
<ptxt>
<xref>
<ref id="nev12814407n7"/>
</xref>
</ptxt>
</calloutaction>
</rescall-grp>
</subcalloutnode>
</testgrp>
</diagnostic>
</servinfosub>