<?xml version="1.0" encoding="UTF-8"?><servinfosub IE-ID="en-US0800c8af80a14904" docno="T9995514" id="ST-0800c8af80a14904" xml:lang="en-US">
<title>999 5514 SPACER#@#@#3#SHER </title>
<grate>
<graphic id="0900c8af800543bd"/>
<graphtext>
<deflist>
<defitem>
<term>Tool number:</term>
<def>999 5514-8</def>
</defitem>
<defitem>
<term>Tool description:</term>
<def>SPACER WASHER (#@#@#13#5847)</def>
</defitem>
<defitem>
<term>Tool board:</term>
<def>21</def>
</defitem>
</deflist>
</graphtext>
</grate>
</servinfosub>