<?xml version="1.0" encoding="UTF-8"?><servinfosub IE-ID="en-US0900c8af800d1904" docno="VCC-141408" id="KC01342462" xml:lang="en-US">
<title>
<phrase category="" id="KC09419519" phrase-urn="urn:x-nevis:phrase:0800c8af827013e9">GPS unit, confi#@#@#9#fault</phrase>
</title>
<diagnostic j2008use="1" paperuse="1" screenuse="1" type="test">
<testgrp IE-ID="en-US0900c8af800d1904_KC01342597" id="KC01342597" j2008use="1" paperuse="1" resumable="1" screenuse="1" testgrp-id="node1" x="120" y="80">
<title>
<phrase category="" id="KC09419520" phrase-urn="urn:x-nevis:phrase:0800c8af827013fa">Fault-tracing i#@#@#6#tion </phrase>
</title>
<node>
<test1>
<test2>
<para>
<ptxt>
<phrase category="" id="KC09419521" phrase-urn="urn:x-nevis:phrase:0800c8af82701403">Diagnostic trou#@#@#123#one. </phrase>
</ptxt>
</para>
<para>
<ptxt>
<phrase category="" id="KC09419522" phrase-urn="urn:x-nevis:phrase:0800c8af82701404">A possible caus#@#@#100#ated.</phrase>
</ptxt>
</para>
<para>
<ptxt>
<phrase category="" id="KC09419523" phrase-urn="urn:x-nevis:phrase:0800c8af82701405">If the fault is#@#@#284#urs. </phrase>
</ptxt>
</para>
<para>
<ptxt>
<phrase category="" id="KC09419524" phrase-urn="urn:x-nevis:phrase:0800c8af82701407">Remedy as neces#@#@#20#aults</phrase>
</ptxt>
</para>
</test2>
</test1>
<question>
Select Continue.
</question>
<resact-grp>
<result button="cont" comp="button" highlight="0"/>
<action j2008use="1" paperuse="1" screenuse="1">
<ptxt>
<xref>
<ref id="KC09419526"/>
</xref>
</ptxt>
</action>
</resact-grp>
</node>
</testgrp>
<testgrp id="KC01342598" j2008use="1" paperuse="1" resumable="1" screenuse="1" testgrp-id="veria" x="120" y="200">
<title>
<phrase category="" id="KC09419527" phrase-urn="urn:x-nevis:phrase:0800c8af82701409">Verification</phrase>
</title>
<subcalloutnode>
<diagcallout>
<xref>
<ref id="KC09419528"/>
</xref>
</diagcallout>
<rescall-grp>
<result comp="string" highlight="0" op="eq" return="VERIFIED"/>
<calloutaction>
<return value="FAULT FOUND"/>
</calloutaction>
</rescall-grp>
<rescall-grp>
<result comp="string" highlight="0" op="eq" return="VERIFICATION FAILED"/>
<calloutaction>
<ptxt>
<xref>
<ref id="KC09419529"/>
</xref>
</ptxt>
</calloutaction>
</rescall-grp>
</subcalloutnode>
</testgrp>
<testgrp id="KC01342599" j2008use="1" paperuse="1" resumable="1" screenuse="1" testgrp-id="info1" x="120" y="160">
<title>
<phrase category="" id="KC09419530" phrase-urn="urn:x-nevis:phrase:0800c8af82701411">Fault-tracing i#@#@#5#ation</phrase>
</title>
<subcalloutnode>
<diagcallout>
<xref>
<ref id="KC09419531"/>
</xref>
</diagcallout>
<rescall-grp>
<result comp="string" highlight="0" op="eq" return="NEW TRY"/>
<calloutaction>
<ptxt>
<xref>
<ref id="KC09419532"/>
</xref>
</ptxt>
</calloutaction>
</rescall-grp>
<rescall-grp>
<result comp="string" highlight="0" op="eq" return="FAULT FOUND"/>
<calloutaction>
<return value="DONE"/>
</calloutaction>
</rescall-grp>
</subcalloutnode>
</testgrp>
</diagnostic>
</servinfosub>