<?xml version="1.0" encoding="UTF-8"?><servinfosub IE-ID="en-US0900c8af83ec4904" docno="VCC-164538" id="KC08800017" xml:lang="en-US">
<title>
<phrase category="" id="KC09013602" phrase-urn="urn:x-nevis:phrase:0800c8af823d9912">Diagnostic trou#@#@#27#06A17</phrase>
</title>
<diagnostic j2008use="1" paperuse="1" screenuse="1" type="condition">
<condgrp>
<condition type="condition">
<grate>
<graphic id="KC09013603" width="column">
<href>0900c8af800597f#@#@#9#.jpeg</href>
</graphic>
<graphtext>
<note>
<ptxt>
<phrase category="" id="KC09013604" phrase-urn="urn:x-nevis:phrase:0800c8af823d9913">The diagnostic #@#@#53#STC. </phrase>
</ptxt>
</note>
<ptxt>
<phrase category="" id="KC09013605" phrase-urn="urn:x-nevis:phrase:0800c8af823d9914">Diagnostic trou#@#@#137#7 V. </phrase>
</ptxt>
</graphtext>
</grate>
</condition>
</condgrp>
<condgrp>
<condition type="substitution">
<list1 enumtype="d" type="unordered">
<item>
<ptxt>
<phrase category="" id="KC09013606" phrase-urn="urn:x-nevis:phrase:0800c8af823d9915">TC is blocked.</phrase>
</ptxt>
</item>
<item>
<ptxt>
<phrase category="" id="KC09013607" phrase-urn="urn:x-nevis:phrase:0800c8af823d9916">SC is blocked.</phrase>
</ptxt>
</item>
<item>
<ptxt>
<phrase category="" id="KC09013608" phrase-urn="urn:x-nevis:phrase:0800c8af823d9917">AYC is blocked.</phrase>
</ptxt>
</item>
</list1>
<hint>
<ptxt>
<phrase category="" id="KC09013609" phrase-urn="urn:x-nevis:phrase:0800c8af823d9918">For information#@#@#14#ons: <xref>
<ref id="KC09013610"/>
</xref>
</phrase>
</ptxt>
</hint>
</condition>
<ps>
<list1 enumtype="d" type="unordered">
<item>
<ptxt>
<phrase category="" id="KC09013611" phrase-urn="urn:x-nevis:phrase:0800c8af823d9919">The voltage fee#@#@#34#age. </phrase>
</ptxt>
</item>
<item>
<ptxt>
<phrase category="" id="KC09013612" phrase-urn="urn:x-nevis:phrase:0800c8af823d991a">Internal malfun#@#@#15#nsor.</phrase>
</ptxt>
</item>
</list1>
<note id="nev12806181n100">
<ptxt id="nev12806181n99">
<phrase category="Condition" id="nev12806182n1" phrase-urn="urn:x-nevis:phrase:0800c8af8387390b">This diagnostic#@#@#147#dule.</phrase>
</ptxt>
</note>
</ps>
</condgrp>
<condgrp>
<condition type="symptom">
<list1 enumtype="d" type="unordered">
<item>
<ptxt>
<phrase category="" id="KC09013613" phrase-urn="urn:x-nevis:phrase:0800c8af823d991b">General warning#@#@#5#t on.</phrase>
</ptxt>
</item>
<item>
<ptxt>
<phrase category="" id="KC09013614" phrase-urn="urn:x-nevis:phrase:0800c8af823d991c">Anti-spin is no#@#@#9#onal.</phrase>
</ptxt>
</item>
<item>
<ptxt>
<phrase category="" id="KC09013615" phrase-urn="urn:x-nevis:phrase:0800c8af823d991d">The stability f#@#@#22#onal.</phrase>
</ptxt>
</item>
<item>
<ptxt>
<phrase category="" id="KC09013616" phrase-urn="urn:x-nevis:phrase:0800c8af823d991e">The anti-skid f#@#@#22#onal.</phrase>
</ptxt>
</item>
</list1>
</condition>
</condgrp>
</diagnostic>
</servinfosub>