<?xml version="1.0" encoding="UTF-8"?><servinfosub IE-ID="en-US0900c8af80681904" docno="VCC-079926" id="KC02218780" xml:lang="en-US">
<title>Wheel bearing h#@#@#51#ment
</title>
<procedure opcode="1234" opnbr="1234">
<proctools tooltype="sptools">
<toolitem id="KC08537022"/>
<toolitem id="KC08537023"/>
<toolitem id="KC08537024"/>
<toolitem id="KC08537025"/>
<toolitem id="KC08537026"/>
<toolitem id="KC08537027"/>
<toolitem id="KC08537028"/>
</proctools>
<procstep id="KC02218781">
<title>Raise the car</title>
<ptxt>Position the re#@#@#62# arm.</ptxt>
<list1 enumtype="d">
<title>Remove</title>
<item>
<ptxt>Wheel.</ptxt>
</item>
</list1>
<para>
<title>Install</title>
<ptxt>For use of comp#@#@#12# see <xref>
<ref id="KC08537029"/>
</xref>.
</ptxt>
</para>
<list1 enumtype="d">
<item>
<ptxt>Compression tool <toolitem id="KC08537030"/>. Position the #@#@#32# arm.</ptxt>
</item>
</list1>
</procstep>
<procstep id="KC02218782">
<title>Remove</title>
<grate>
<graphic id="KC08537031" width="column">
<href>0900c8af806818a#@#@#9#.jpeg</href>
</graphic>
<graphtext>
<list1 enumtype="d">
<item>
<ptxt>Shock absorber screw</ptxt>
</item>
<item>
<ptxt>Unhook the shoc#@#@#27# arm.</ptxt>
</item>
<item>
<ptxt>Anti-roll bar s#@#@#30#ides.</ptxt>
</item>
</list1>
</graphtext>
</grate>
</procstep>
<procstep id="KC02218783">
<title>Press up compre#@#@#26#ition</title>
<grate>
<graphic id="KC08537032" width="column">
<href>0900c8af8068191#@#@#9#.jpeg</href>
</graphic>
<graphtext>
<list1 enumtype="d">
<title>Remove</title>
<item>
<ptxt>Drive shaft nut#@#@#13#hold <toolitem id="KC08537033"/>.</ptxt>
</item>
<item>
<ptxt>Brake caliper, #@#@#26# wire</ptxt>
</item>
<item>
<ptxt>Brake disc, mar#@#@#60# pin.</ptxt>
</item>
</list1>
</graphtext>
</grate>
</procstep>
<procstep id="KC02218784">
<title>Remove</title>
<grate>
<graphic id="KC08537034" width="column">
<href>0900c8af8068191#@#@#9#.jpeg</href>
</graphic>
<graphtext>
<list1 enumtype="d">
<item>
<ptxt>Parking brake shoes.</ptxt>
</item>
<item>
<ptxt>Expander from p#@#@#14#able.</ptxt>
</item>
<item>
<ptxt>Cable from whee#@#@#13#sing.</ptxt>
</item>
<item>
<ptxt>Upper control a#@#@#10# nut.</ptxt>
</item>
</list1>
</graphtext>
</grate>
</procstep>
<procstep id="KC02218785">
<title>Knock out contr#@#@#60#using</title>
<ptxt/>
</procstep>
<procstep id="KC02218786">
<title>Remove</title>
<grate>
<graphic id="KC08537035" width="column">
<href>0900c8af8068191#@#@#9#.jpeg</href>
</graphic>
<graphtext>
<list1 enumtype="d">
<item>
<ptxt>Track rod screw#@#@#39#sing.</ptxt>
</item>
<item>
<ptxt>Support arm scr#@#@#36#hing.</ptxt>
</item>
<item>
<ptxt>Nut for control#@#@#40#rift.</ptxt>
</item>
<item>
<ptxt>Wheel bearing h#@#@#2#sing.</ptxt>
</item>
</list1>
</graphtext>
</grate>
</procstep>
<procstep id="KC02218787">
<title>Press out the hub</title>
<grate>
<graphic id="KC08537036" width="column">
<href>0900c8af8068191#@#@#9#.jpeg</href>
</graphic>
<graphtext>
<ptxt>Position counte#@#@#1#hold <toolitem id="KC08537037"/> between hub an#@#@#19#sing.</ptxt>
<ptxt>Position wheel #@#@#24#ress.</ptxt>
<ptxt>Press hub loose#@#@#8#ift. <toolitem id="KC08537038"/>.</ptxt>
</graphtext>
</grate>
</procstep>
<procstep id="KC02218788">
<title>Remove circlip #@#@#35#using</title>
<grate>
<graphic id="KC08537039" width="column">
<href>0900c8af8005d97#@#@#9#.jpeg</href>
</graphic>
</grate>
</procstep>
<procstep id="KC02218789">
<title>Press bearing o#@#@#22#using</title>
<ptxt>Use
counterhold <toolitem id="KC08537040"/> and
drift <toolitem id="KC08537041"/>. Position the
#@#@#19#ring.</ptxt>
</procstep>
<procstep id="KC02218790">
<title>Pull inner ring#@#@#3#f hub</title>
<grate>
<graphic id="KC08537042" width="column">
<href>0900c8af8012cd5#@#@#9#.jpeg</href>
</graphic>
<graphtext>
<ptxt>Use puller <toolitem id="KC08537043"/> and counterhold <toolitem id="KC08537044"/>.</ptxt>
</graphtext>
</grate>
</procstep>
<stepgrp>
<title>Installing</title>
<procstep id="KC02218791">
<title>Press in bearing</title>
<grate>
<graphic id="KC08537045" width="column">
<href>0900c8af8005d97#@#@#9#.jpeg</href>
</graphic>
<graphtext>
<ptxt>Use drift <toolitem id="KC08537046"/> and
counterhold <toolitem id="KC08537047"/>.</ptxt>
</graphtext>
</grate>
</procstep>
<procstep id="KC02218792">
<title>Reinstall circlip</title>
<ptxt/>
</procstep>
<procstep id="KC02218793">
<title>Press on hub</title>
<grate>
<graphic id="KC08537048" width="column">
<href>0900c8af8068191#@#@#9#.jpeg</href>
</graphic>
<graphtext>
<ptxt>Use drift <toolitem id="KC08537049"/> and
counterhold <toolitem id="KC08537050"/>.</ptxt>
<note>
<ptxt>It is very impo#@#@#85#aged.</ptxt>
</note>
</graphtext>
</grate>
</procstep>
</stepgrp>
<stepgrp>
<title>Installing whee#@#@#12#using</title>
<procstep id="KC02218794">
<title>Align the wheel#@#@#54#shaft</title>
<grate>
<graphic id="KC08537051" width="column">
<href>0900c8af8068191#@#@#9#.jpeg</href>
</graphic>
<graphtext>
<list1 enumtype="d">
<title>Install</title>
<item>
<ptxt>Control arm scr#@#@#25#rque <emph>80 Nm
</emph>.</ptxt>
</item>
<item>
<ptxt>Support arm. Ti#@#@#11#rque <emph>80 Nm</emph>.</ptxt>
</item>
<item>
<ptxt>Track rod. Tigh#@#@#9#rque <emph>80 Nm</emph>.</ptxt>
</item>
<item>
<ptxt>Upper control a#@#@#21#rque <emph> 115 Nm
</emph>.</ptxt>
</item>
</list1>
</graphtext>
</grate>
</procstep>
<procstep id="KC02218795">
<title>Install</title>
<grate>
<graphic id="KC08537052" width="column">
<href>0900c8af8068192#@#@#9#.jpeg</href>
</graphic>
<graphtext>
<list1 enumtype="d">
<item>
<ptxt>Parking brake c#@#@#35#clip.</ptxt>
</item>
<item>
<ptxt>Expander to cab#@#@#53#ward.</ptxt>
</item>
<item>
<ptxt>Parking brake s#@#@#92#tion.</ptxt>
</item>
</list1>
</graphtext>
</grate>
</procstep>
<procstep id="KC02218796">
<title>Install</title>
<grate>
<graphic id="KC08537053" width="column">
<href>0900c8af8068192#@#@#9#.jpeg</href>
</graphic>
<graphtext>
<list1 enumtype="d">
<item>
<ptxt>Brake disc as m#@#@#1#rked.</ptxt>
</item>
<item>
<ptxt>Locating pin. T#@#@#12#rque <emph>10 Nm</emph>.
</ptxt>
</item>
<item>
<ptxt>A new drive sha#@#@#21#rque <emph>140Nm</emph>,
angle-tighten <emph>60 °</emph>. Use counterhold <toolitem id="KC08537054"/> and protractor <toolitem id="KC08537055"/>.</ptxt>
</item>
</list1>
</graphtext>
</grate>
</procstep>
<procstep id="KC02218797">
<title>Install brake c#@#@#2#iper.</title>
<grate>
<graphic id="KC08537056" width="column">
<href>0900c8af806818a#@#@#9#.jpeg</href>
</graphic>
<graphtext>
<ptxt>Use new screws.#@#@#14#rque <emph> 60 Nm
</emph>.</ptxt>
<list1 enumtype="d">
<item>
<ptxt>Shock absorbers.</ptxt>
</item>
</list1>
<para>
<title>Standard shock #@#@#3#orber</title>
<ptxt>Press shock abs#@#@#50#rque <emph>80 Nm</emph>. </ptxt>
<ptxt>Decompress the #@#@#37#e it.</ptxt>
</para>
<para>
<title>Self levelling #@#@#9#orber</title>
<ptxt>Decompress the #@#@#97#rque <emph>80 Nm</emph>.
</ptxt>
<ptxt>Decompress the #@#@#25#e it.</ptxt>
</para>
<list1 enumtype="d">
<title>Install</title>
<item>
<ptxt>The new anti-ro#@#@#31#ides.</ptxt>
</item>
</list1>
</graphtext>
</grate>
</procstep>
<procstep id="KC02218798">
<title>Install</title>
<list1 enumtype="d">
<item>
<ptxt>Wheel. See <xref>
<ref id="KC08537057"/>
</xref>.
</ptxt>
</item>
</list1>
</procstep>
<procstep id="KC02218799">
<title>Lower car completely</title>
<grate>
<graphic id="KC08537058" width="column">
<href>0900c8af806812d#@#@#9#.jpeg</href>
</graphic>
<graphtext>
<list1 enumtype="d">
<item>
<ptxt>Tighten anti-ro#@#@#42#rque <emph>80 Nm</emph>.</ptxt>
</item>
</list1>
</graphtext>
</grate>
</procstep>
</stepgrp>
</procedure>
</servinfosub>