<?xml version="1.0" encoding="UTF-8"?><servinfosub IE-ID="en-US0900c8af80635904" docno="VCC-066676" id="KC02063630" servinfosubId="nev20686410n1-nev20686410n2" servinfosubRes="0900c8af862c2920" servinfosubRes2="urn:x-nevis:fragment:0900c8af80635904:0900c8af862c2920#nev20686410n2" xml:lang="en-US">
<title>Warning lights #@#@#37#ction</title>
<topic>
<title>Light check</title>
<grate>
<graphic id="nev20686410n1-KC08464747" width="column">
<href>0900c8af8063591#@#@#9#.jpeg</href>
</graphic>
<graphtext>
<para>
<ptxt>Warning lights #@#@#255# on.
</ptxt>
</para>
</graphtext>
</grate>
</topic>
<topic>
<title>Low coolant level</title>
<grate>
<graphic id="nev20686410n1-KC08464748" width="column">
<href>0900c8af8063591#@#@#9#.jpeg</href>
</graphic>
<graphtext>
<para>
<ptxt>The coolant lev#@#@#240# on. </ptxt>
</para>
</graphtext>
</grate>
</topic>
<topic>
<title>Check engine</title>
<grate>
<graphic id="nev20686410n1-KC08464749" width="column">
<href>0900c8af8063591#@#@#9#.jpeg</href>
</graphic>
<graphtext>
<para>
<ptxt>The warning lig#@#@#264#stem.</ptxt>
</para>
</graphtext>
</grate>
</topic>
<topic>
<title>Brake circuit m#@#@#5#ction</title>
<grate>
<graphic id="nev20686410n1-KC08464750" width="column">
<href>0900c8af8063591#@#@#9#.jpeg</href>
</graphic>
<graphtext>
<para>
<ptxt>The brake fluid#@#@#249# on.
</ptxt>
</para>
</graphtext>
</grate>
</topic>
<topic>
<title>Low oil pressure</title>
<grate>
<graphic id="nev20686410n1-KC08464751" width="column">
<href>0900c8af8063591#@#@#9#.jpeg</href>
</graphic>
<graphtext>
<para>
<ptxt>The oil pressur#@#@#281# on. </ptxt>
</para>
</graphtext>
</grate>
</topic>
<topic>
<title>Generator not c#@#@#2#rging</title>
<grate>
<graphic id="nev20686410n1-KC08464752" width="column">
<href>0900c8af8063591#@#@#9#.jpeg</href>
</graphic>
<graphtext>
<para>
<ptxt>The warning lig#@#@#318#e on.</ptxt>
</para>
</graphtext>
</grate>
</topic>
<topic>
<title>Bulb failure light</title>
<grate>
<graphic id="nev20686410n1-KC08464753" width="column">
<href>0900c8af8063591#@#@#9#.jpeg</href>
</graphic>
<graphtext>
<para>
<ptxt>The warning lig#@#@#183#ded:
</ptxt>
</para>
<list1 enumtype="d" type="unordered">
<item>
<ptxt>low beam.</ptxt>
</item>
<item>
<ptxt>rear parking lights.</ptxt>
</item>
<item>
<ptxt>brake lights, t#@#@#55#ssed.</ptxt>
</item>
</list1>
<para>
<ptxt>The bulb failur#@#@#131#ters.</ptxt>
</para>
</graphtext>
</grate>
</topic>
<topic>
<title>Handbrake applied</title>
<grate>
<graphic id="nev20686410n1-KC08464754" width="column">
<href>0900c8af8063591#@#@#9#.jpeg</href>
</graphic>
<graphtext>
<para>
<ptxt>The warning lig#@#@#158#anel.</ptxt>
</para>
</graphtext>
</grate>
</topic>
<topic>
<title>ABS - Anti-lock#@#@#2#rakes</title>
<grate>
<graphic id="nev20686410n1-KC08464755" width="column">
<href>0900c8af8063591#@#@#9#.jpeg</href>
</graphic>
<graphtext>
<para>
<ptxt>The warning lig#@#@#235#/900.</ptxt>
</para>
</graphtext>
</grate>
</topic>
<topic>
<title>SRS - Airbag</title>
<grate>
<graphic id="nev20686410n1-KC08464756" width="column">
<href>0900c8af8063591#@#@#9#.jpeg</href>
</graphic>
<graphtext>
<para>
<ptxt>The warning lig#@#@#262#900.
</ptxt>
</para>
</graphtext>
</grate>
</topic>
<topic>
<title>Automatic gearb#@#@#2# 
960</title>
<grate>
<graphic id="nev20686410n1-KC08464757" width="column">
<href>0900c8af8063591#@#@#9#.jpeg</href>
</graphic>
<graphtext>
<para>
<ptxt>The warning lig#@#@#314#/900.</ptxt>
</para>
</graphtext>
</grate>
</topic>
<topic>
<title>High temperatur#@#@#22#Japan</title>
<grate>
<graphic id="nev20686410n1-KC08464758" width="column">
<href>0900c8af8063591#@#@#9#.jpeg</href>
</graphic>
<graphtext>
<para>
<ptxt>The warning lig#@#@#630#ems. </ptxt>
</para>
</graphtext>
</grate>
</topic>
</servinfosub>