<?xml version="1.0" encoding="UTF-8"?><servinfosub IE-ID="en-US0900c8af84734904" docno="VCC-370316" id="nev13712397n1" original="sv-SE" servinfosubId="nev13712398n1-nev13712425n1" servinfosubRes="0900c8af84734911" servinfosubRes2="urn:x-nevis:fragment:0900c8af84734904:0900c8af84734911#nev13712425n1" xml:lang="en-US">
<operationnumbers>
<operationnumber>25412-2</operationnumber>
</operationnumbers>
<title id="nev13727882n96">Lambda probe</title>
<procedure id="nev13712398n1-nev13712424n44">
<stepgrp boilerplate="false" context="" id="nev13712398n1-nev14162115n26">
<title id="nev13712398n1-nev13712424n45">Removal</title>
<procstep id="nev13712398n1-nev14162115n71">
<note id="nev13712398n1-nev14162115n24">
<ptxt>Removal steps i#@#@#45#ails.</ptxt>
</note>
</procstep>
<procstep id="nev13712398n1-nev14162066n58">
<grate id="nev13712398n1-nev13712424n50">
<graphic id="nev13712398n1-nev13712424n51">
<href>0900c8af83eefb9#@#@#9#.jpeg</href>
</graphic>
</grate>
</procstep>
<procstep id="nev13712398n1-nev14162066n57">
<grate id="nev13712398n1-nev13712424n54">
<graphic id="nev13712398n1-nev13712424n55">
<href>0900c8af83ed60d#@#@#9#.jpeg</href>
</graphic>
<graphtext id="nev13712398n1-nev14162122n1">
<para id="nev13712398n1-nev14162115n21">
<ptxt id="nev13712398n1-nev14162115n22">
<torque id="nev13712398n1-nev13712424n73">
<ref id="nev13712398n1-nev13712424n74"/>
</torque>
</ptxt>
</para>
</graphtext>
</grate>
</procstep>
<procstep id="nev13712398n1-nev14162066n54">
<grate id="nev13712398n1-nev13712424n61">
<graphic id="nev13712398n1-nev13712424n62">
<href>0900c8af83ed60e#@#@#9#.jpeg</href>
</graphic>
<graphtext id="nev13712398n1-nev14162129n1">
<para id="nev13712398n1-nev14162115n19">
<ptxt id="nev13712398n1-nev14162115n20">
<torque id="nev13712398n1-nev13712424n75">
<ref id="nev13712398n1-nev13712424n76"/>
</torque>
</ptxt>
</para>
</graphtext>
</grate>
</procstep>
</stepgrp>
<stepgrp boilerplate="false" context="" id="nev13712398n1-nev14162115n18">
<title id="nev13712398n1-nev13712424n66">Installation</title>
<procstep id="nev13712398n1-nev14162066n49">
<note id="nev13712398n1-nev13712424n67">
<ptxt>Make sure that #@#@#52#rial.</ptxt>
</note>
</procstep>
<procstep id="nev13712398n1-nev13712424n69">
<para id="nev13712398n1-nev14162115n13">
<ptxt id="nev13712398n1-nev14162115n14">To install, rev#@#@#22#dure.</ptxt>
</para>
</procstep>
</stepgrp>
</procedure>
</servinfosub>