<?xml version="1.0" encoding="UTF-8"?><servinfosub IE-ID="en-US0900c8af87b07d06" docno="VCC-502297" id="nev27914884n1" original="sv-SE" servinfosubId="nev27914885n1-nev27914884n4" servinfosubRes="0900c8af87ef7e03" servinfosubRes2="urn:x-nevis:fragment:0900c8af87b07d06:0900c8af87ef7e03#nev27914884n4" xml:lang="en-US">
<operationnumbers>
<operationnumber>87518-3</operationnumber>
</operationnumbers>
<title id="nev27914884n2">Fuel operated a#@#@#29#ensor</title>
<toolitemtable id="nev27914885n1-nev28902481n45">
<table id="nev27914885n1-nev28902481n44">
<tgroup cols="2" id="nev27914885n1-nev28902481n43">
<colspec colname="COLSPEC0" colwidth="1.00*" id="nev27914885n1-nev28902481n42"/>
<colspec colname="COLSPEC1" colwidth="1.00*" id="nev27914885n1-nev28902481n41"/>
<thead id="nev27914885n1-nev28902481n40">
<row id="nev27914885n1-nev28902481n39">
<entry id="nev27914885n1-nev28902481n38" nameend="COLSPEC1" namest="COLSPEC0" valign="top">
<ptxt id="nev27914885n1-nev28902481n37">
<emph id="nev27914885n1-nev28902481n36">Special tools</emph>
</ptxt>
</entry>
</row>
</thead>
<tbody id="nev27914885n1-nev28902481n35">
<row id="nev27914885n1-nev28902481n34">
<entry id="nev27914885n1-nev28902481n33">
<graphic id="nev27914885n1-nev28902481n32">
<href>0900c8af8005456#@#@#9#.jpeg</href>
</graphic>
</entry>
<entry id="nev27914885n1-nev28902481n31">
<ptxt id="nev27914885n1-nev28902481n30">
<emph id="nev27914885n1-nev28902481n29">951 2630 Termin#@#@#30#lack)</emph>
</ptxt>
<ptxt id="nev27914885n1-nev28902481n27">
<emph id="nev27914885n1-nev28902481n26">Tool number:</emph>951 2630</ptxt>
<ptxt id="nev27914885n1-nev28902481n25">
<emph id="nev27914885n1-nev28902481n24">Tool description:</emph>Terminal remova#@#@#21#lack)</ptxt>
<ptxt id="nev27914885n1-nev28902481n22">
<emph id="nev27914885n1-nev28902481n21">Tool boards:</emph>39</ptxt>
</entry>
</row>
</tbody>
</tgroup>
</table>
</toolitemtable>
<procedure id="nev27914885n1-nev28902465n1">
<stepgrp boilerplate="false" context="" id="nev27914885n1-nev28902420n4">
<title id="nev27914885n1-nev28902465n3">Removal</title>
<procstep id="nev27914885n1-nev28902465n4">
<para id="nev27914885n1-nev28902420n2">
<ptxt id="nev27914885n1-nev28902420n3">Remove blower m#@#@#29#eater<xref boilerplate="true" id="nev27914885n1-nev28902465n8">
<ref id="nev27914885n1-nev28902465n9"/>
</xref>
</ptxt>
</para>
</procstep>
<procstep id="nev27914885n1-nev28902420n1">
<grate id="nev27914885n1-nev28902481n99">
<graphic id="nev27914885n1-nev28902481n100">
<href>0900c8af87ef7a2#@#@#9#.jpeg</href>
</graphic>
<graphtext id="nev27914885n1-nev28902491n1">
<note id="nev27914885n1-nev28902481n98">
<ptxt>Orientation view</ptxt>
</note>
</graphtext>
</grate>
</procstep>
<procstep id="nev27914885n1-nev28902465n10">
<grate id="nev27914885n1-nev28902481n96">
<graphic id="nev27914885n1-nev28902481n97">
<href>0900c8af87ef7a2#@#@#9#.jpeg</href>
</graphic>
<graphtext id="nev27914885n1-nev28902495n1">
<para id="nev27914885n1-nev28902481n94">
<ptxt id="nev27914885n1-nev28902481n95">Remove the mark#@#@#3#part.</ptxt>
</para>
</graphtext>
</grate>
</procstep>
<procstep id="nev27914885n1-nev28902466n6">
<grate id="nev27914885n1-nev28902481n92">
<graphic id="nev27914885n1-nev28902481n93">
<href>0900c8af87eec2d#@#@#9#.jpeg</href>
</graphic>
<graphtext id="nev27914885n1-nev28902499n1">
<para id="nev27914885n1-nev28902481n90">
<ptxt id="nev27914885n1-nev28902481n91">
<equipment equipmentid="" equipmentname="Electrician's screwdriver" id="nev27914885n1-nev28902467n2"/>
</ptxt>
</para>
<para id="nev27914885n1-nev28902481n88">
<ptxt id="nev27914885n1-nev28902481n89">Release the con#@#@#19#lock.</ptxt>
</para>
</graphtext>
</grate>
</procstep>
<procstep id="nev27914885n1-nev28902467n6">
<grate id="nev27914885n1-nev28902481n86">
<graphic id="nev27914885n1-nev28902481n87">
<href>0900c8af87eec2d#@#@#9#.jpeg</href>
</graphic>
<graphtext id="nev27914885n1-nev28902506n1">
<para id="nev27914885n1-nev28902481n84">
<ptxt id="nev27914885n1-nev28902481n85">Remove the mark#@#@#3#part.</ptxt>
</para>
<para id="nev27914885n1-nev28902481n82">
<ptxt id="nev27914885n1-nev28902481n83">
<toolitem boilerplate="true" id="nev27914885n1-nev28902468n5" imageid="0900c8af80054564"/>
</ptxt>
</para>
<list1 enumtype="n" id="nev27914885n1-nev28902468n6" type="ordered">
<item id="nev27914885n1-nev28902481n81">
<ptxt id="nev27914885n1-nev28902481n80">BN = Brown</ptxt>
</item>
<item id="nev27914885n1-nev28902481n79"/>
<item id="nev27914885n1-nev28902481n78">
<ptxt id="nev27914885n1-nev28902481n77">WH = White</ptxt>
</item>
<item id="nev27914885n1-nev28902481n76">
<ptxt id="nev27914885n1-nev28902481n75">WH = White</ptxt>
</item>
<item id="nev27914885n1-nev28902481n74">
<ptxt id="nev27914885n1-nev28902481n73">BU = Blue</ptxt>
</item>
<item id="nev27914885n1-nev28902481n72">
<ptxt id="nev27914885n1-nev28902481n71">BU = Blue</ptxt>
</item>
<item id="nev27914885n1-nev28902481n70">
<ptxt id="nev27914885n1-nev28902481n69">BN = Brown</ptxt>
</item>
<item id="nev27914885n1-nev28902481n68">
<ptxt id="nev27914885n1-nev28902481n67">BN = Brown</ptxt>
</item>
<item id="nev27914885n1-nev28902481n66">
<ptxt id="nev27914885n1-nev28902481n65">RD = Red</ptxt>
</item>
<item id="nev27914885n1-nev28902481n64">
<ptxt id="nev27914885n1-nev28902481n63">RD = Red</ptxt>
</item>
</list1>
</graphtext>
</grate>
</procstep>
<procstep id="nev27914885n1-nev28902471n5">
<grate id="nev27914885n1-nev28902481n61">
<graphic id="nev27914885n1-nev28902481n62">
<href>0900c8af87eec2d#@#@#9#.jpeg</href>
</graphic>
<graphtext id="nev27914885n1-nev28902513n1">
<caution id="nev27914885n1-nev28902471n10">
<ptxt>Be extra carefu#@#@#40#nent.</ptxt>
</caution>
</graphtext>
</grate>
</procstep>
<procstep id="nev27914885n1-nev28902472n1">
<grate id="nev27914885n1-nev28902481n59">
<graphic id="nev27914885n1-nev28902481n60">
<href>0900c8af87ef7a2#@#@#9#.jpeg</href>
</graphic>
<graphtext id="nev27914885n1-nev28902517n1">
<note id="nev27914885n1-nev28902472n6">
<ptxt>The marked comp#@#@#61#sary.</ptxt>
</note>
</graphtext>
</grate>
</procstep>
</stepgrp>
<stepgrp boilerplate="false" context="" id="nev27914885n1-nev28902481n58">
<title id="nev27914885n1-nev28902472n8">Installation</title>
<procstep id="nev27914885n1-nev28902472n9">
<grate id="nev27914885n1-nev28902481n56">
<graphic id="nev27914885n1-nev28902481n57">
<href>0900c8af87ef7a2#@#@#9#.jpeg</href>
</graphic>
</grate>
</procstep>
<procstep id="nev27914885n1-nev28902473n2">
<grate id="nev27914885n1-nev28902481n54">
<graphic id="nev27914885n1-nev28902481n55">
<href>0900c8af87ef794#@#@#9#.jpeg</href>
</graphic>
<graphtext id="nev27914885n1-nev28902524n1">
<para id="nev27914885n1-nev28902481n52">
<ptxt id="nev27914885n1-nev28902481n53">Install the mar#@#@#9#nent.</ptxt>
</para>
<para id="nev27914885n1-nev28902481n50">
<ptxt id="nev27914885n1-nev28902481n51">Install the catch.</ptxt>
</para>
<para id="nev27914885n1-nev28902481n48">
<ptxt id="nev27914885n1-nev28902481n49">Check that the #@#@#32#tion.</ptxt>
</para>
</graphtext>
</grate>
</procstep>
<procstep id="nev27914885n1-nev28902474n5">
<para id="nev27914885n1-nev28902481n46">
<ptxt id="nev27914885n1-nev28902481n47">To install, rev#@#@#22#dure.</ptxt>
</para>
</procstep>
</stepgrp>
</procedure>
</servinfosub>