<?xml version="1.0" encoding="UTF-8"?><servinfosub IE-ID="en-US0900c8af80cd0d06" docno="VCC-152487" id="KC02752238" xml:lang="en-US">
<title>
<phrase category="" id="KC07175092" phrase-urn="urn:x-nevis:phrase:0800c8af81a916aa">Diagnostic trou#@#@#30#-8A37</phrase>
</title>
<diagnostic type="condition">
<condgrp>
<condition type="condition">
<grate>
<graphic id="KC07175093" width="column">
<href>0900c8af8073108#@#@#9#.jpeg</href>
</graphic>
<graphtext>
<para>
<ptxt>
<phrase category="" id="KC07175094" phrase-urn="urn:x-nevis:phrase:0800c8af81a916ab">The central ele#@#@#80#GDL).</phrase>
</ptxt>
<ptxt>
<phrase category="" id="KC07175095" phrase-urn="urn:x-nevis:phrase:0800c8af81a916ac">The diagnostic #@#@#192#otor.</phrase>
</ptxt>
</para>
<para>
<ptxt>
<phrase category="" id="KC07175096" phrase-urn="urn:x-nevis:phrase:0800c8af81a916ad">This diagnostic#@#@#83#ated.</phrase>
</ptxt>
</para>
</graphtext>
</grate>
</condition>
</condgrp>
<condgrp>
<condition type="substitution">
<list1 enumtype="d">
<item>
<ptxt>
<phrase category="" id="KC07175097" phrase-urn="urn:x-nevis:phrase:0800c8af81a916ae">Low beam.</phrase>
</ptxt>
</item>
</list1>
</condition>
<ps>
<list1 enumtype="d" type="unordered">
<item>
<ptxt>
<phrase category="" id="KC07175098" phrase-urn="urn:x-nevis:phrase:0800c8af81a916af">Open-circuit in#@#@#45#otor </phrase>
</ptxt>
</item>
<item>
<ptxt>
<phrase category="" id="KC07175099" phrase-urn="urn:x-nevis:phrase:0800c8af81a916b0">Short-circuit t#@#@#64#motor</phrase>
</ptxt>
</item>
<item>
<ptxt>
<phrase category="" id="KC07175100" phrase-urn="urn:x-nevis:phrase:0800c8af81a916b1">Short-circuit t#@#@#56#otor.</phrase>
</ptxt>
</item>
</list1>
</ps>
</condgrp>
<condgrp>
<condition type="symptom">
<list1 enumtype="d" type="unordered">
<item>
<ptxt>
<phrase category="" id="KC07175101" phrase-urn="urn:x-nevis:phrase:0800c8af81a916b2">High beam does #@#@#4#work.</phrase>
</ptxt>
</item>
</list1>
</condition>
</condgrp>
</diagnostic>
</servinfosub>