<?xml version="1.0" encoding="UTF-8"?><servinfosub IE-ID="en-US0900c8af85535616" docno="VCC-370509" id="nev13713814n1" original="sv-SE" servinfosubId="nev13713815n1-nev17208035n1" servinfosubRes="0900c8af8567cbdb" servinfosubRes2="urn:x-nevis:fragment:0900c8af85535616:0900c8af8567cbdb#nev17208035n1" xml:lang="en-US">
<operationnumbers>
<operationnumber>36646-2</operationnumber>
</operationnumbers>
<title id="nev13728316n71">Antenna, keyles#@#@#10# rear</title>
<procedure id="nev13713815n1-nev17271292n18">
<stepgrp boilerplate="false" context="" id="nev13713815n1-nev17372897n5">
<title id="nev13713815n1-0800c8af844a46f7">Removal and Ins#@#@#4#ation</title>
<procstep id="nev13713815n1-nev17271278n40">
<grate id="nev13713815n1-nev17363953n71">
<graphic id="nev13713815n1-nev17363953n72">
<href>0900c8af8443f96#@#@#9#.jpeg</href>
</graphic>
</grate>
</procstep>
<procstep id="nev13713815n1-nev17271285n72">
<para id="nev13713815n1-nev17372897n3">
<ptxt id="nev13713815n1-nev17372897n4">Remove casing b#@#@#5# rear<xref boilerplate="true" id="nev13713815n1-0800c8af8450c311">
<ref id="nev13713815n1-nev17271292n12"/>
</xref>
</ptxt>
</para>
</procstep>
<procstep id="nev13713815n1-nev17363953n97">
<grate id="nev13713815n1-nev17363953n67">
<graphic id="nev13713815n1-nev17363953n68">
<href>0900c8af856700d#@#@#9#.jpeg</href>
</graphic>
</grate>
</procstep>
<procstep id="nev13713815n1-nev17271289n82">
<grate id="nev13713815n1-nev17363953n65">
<graphic id="nev13713815n1-nev17363953n66">
<href>0900c8af855d320#@#@#9#.jpeg</href>
</graphic>
</grate>
</procstep>
</stepgrp>
</procedure>
</servinfosub>