<?xml version="1.0" encoding="UTF-8"?><servinfosub IE-ID="en-US0900c8af817e3616" docno="VCC-160334" id="KC06265952" xml:lang="en-US">
<title>
<phrase category="" id="KC07223215" phrase-urn="urn:x-nevis:phrase:0800c8af81a9a842">Diagnostic trou#@#@#30#-0091</phrase>
</title>
<diagnostic type="condition">
<condgrp>
<condition type="condition">
<grate>
<graphic id="KC07223216" width="column">
<href>0900c8af8005cb8#@#@#9#.jpeg</href>
</graphic>
<graphtext>
<para>
<ptxt>
<phrase category="" id="KC07223217" phrase-urn="urn:x-nevis:phrase:0800c8af81a9a843">The upper elect#@#@#169#ror. </phrase>
</ptxt>
</para>
<para>
<ptxt>
<phrase category="" id="KC07223218" phrase-urn="urn:x-nevis:phrase:0800c8af81a9a844">The diagnostic #@#@#129#igh. </phrase>
</ptxt>
</para>
<para>
<ptxt>
<phrase category="" id="KC07223219" phrase-urn="urn:x-nevis:phrase:0800c8af81a9a845">The diagnostic #@#@#172#ing. </phrase>
</ptxt>
</para>
</graphtext>
</grate>
</condition>
</condgrp>
<condgrp>
<condition type="substitution">
<list1 enumtype="d">
<item>
<ptxt>
<phrase category="" id="KC07223220" phrase-urn="urn:x-nevis:phrase:0800c8af81a9a846">None.</phrase>
</ptxt>
</item>
</list1>
</condition>
<ps>
<list1 enumtype="d" type="unordered">
<item>
<ptxt>
<phrase category="" id="KC07223221" phrase-urn="urn:x-nevis:phrase:0800c8af81a9a847">Defective upper#@#@#38#lt). </phrase>
</ptxt>
</item>
</list1>
</ps>
</condgrp>
<condgrp>
<condition type="symptom">
<list1 enumtype="d" type="unordered">
<item>
<ptxt>
<phrase category="" id="KC07223222" phrase-urn="urn:x-nevis:phrase:0800c8af81a9a848">The SRS indicat#@#@#10# lit.</phrase>
</ptxt>
</item>
<item>
<ptxt>
<phrase category="" id="KC07223223" phrase-urn="urn:x-nevis:phrase:0800c8af81a9a849">Message in the #@#@#3#play.</phrase>
</ptxt>
</item>
</list1>
</condition>
</condgrp>
</diagnostic>
</servinfosub>