<?xml version="1.0" encoding="UTF-8"?><servinfosub IE-ID="en-US0900c8af85197616" docno="VCC-370985" id="nev13717579n1" original="sv-SE" servinfosubId="nev13717580n1-nev15800603n1" servinfosubRes="0900c8af85197634" servinfosubRes2="urn:x-nevis:fragment:0900c8af85197616:0900c8af85197634#nev15800603n1" xml:lang="en-US">
<operationnumbers>
<operationnumber>83428-2</operationnumber>
</operationnumbers>
<title id="nev13717578n30">Outer tailgate/#@#@#11#andle</title>
<procedure id="nev13717580n1-nev16189703n18">
<stepgrp boilerplate="false" context="" id="nev13717580n1-nev16386941n1">
<title id="nev13717580n1-0800c8af844a46f6">Removal</title>
<procstep id="nev13717580n1-nev16255386n62">
<note id="nev13717580n1-0800c8af844a42fa">
<ptxt>Removal steps i#@#@#45#ails.</ptxt>
</note>
</procstep>
<procstep id="nev13717580n1-nev16255386n82">
<title id="nev13717580n1-0800c8af848e9d82">Vehicles early #@#@#2#rsion</title>
</procstep>
<procstep id="nev13717580n1-nev16255386n48">
<para id="nev13717580n1-nev16386966n99">
<ptxt id="nev13717580n1-nev16386966n100">Remove the tail#@#@#20#panel<xref boilerplate="true" id="nev13717580n1-0800c8af844e8e74">
<ref id="nev13717580n1-nev16255423n16"/>
</xref>
</ptxt>
</para>
</procstep>
<procstep id="nev13717580n1-nev16255386n17">
<grate id="nev13717580n1-nev16255423n13">
<graphic id="nev13717580n1-nev16255423n14">
<href>0900c8af83c456e#@#@#9#.jpeg</href>
</graphic>
<graphtext id="nev13717580n1-nev16386975n1">
<para id="nev13717580n1-nev16386966n97">
<ptxt id="nev13717580n1-nev16386966n98">
<torque id="nev13717580n1-nev16255423n12">
<ref id="nev13717580n1-nev16255423n10"/>
</torque>
</ptxt>
</para>
</graphtext>
</grate>
</procstep>
<procstep id="nev13717580n1-nev16255421n57">
<grate id="nev13717580n1-nev16255423n7">
<graphic id="nev13717580n1-nev16255423n8">
<href>0900c8af83c456f#@#@#9#.jpeg</href>
</graphic>
</grate>
</procstep>
<procstep id="nev13717580n1-nev16386941n61">
<grate id="nev13717580n1-nev16386966n95">
<graphic id="nev13717580n1-nev16386966n96">
<href>0900c8af83c456f#@#@#9#.jpeg</href>
</graphic>
<graphtext id="nev13717580n1-nev16386985n1">
<para id="nev13717580n1-nev16386966n91">
<ptxt id="nev13717580n1-nev16386966n93">
<torque id="nev13717580n1-nev16386966n94">
<ref id="nev13717580n1-nev16386966n92"/>
</torque>
</ptxt>
</para>
</graphtext>
</grate>
</procstep>
<procstep id="nev13717580n1-nev16255422n79">
<grate id="nev13717580n1-nev16255423n1">
<graphic id="nev13717580n1-nev16255423n2">
<href>0900c8af83c4570#@#@#9#.jpeg</href>
</graphic>
</grate>
</procstep>
<procstep id="nev13717580n1-nev16255422n20">
<title id="nev13717580n1-0800c8af848e9d91">Vehicles late v#@#@#1#rsion</title>
</procstep>
<procstep id="nev13717580n1-nev16221662n96">
<para id="nev13717580n1-nev16386966n89">
<ptxt id="nev13717580n1-nev16386966n90">Remove the tail#@#@#20#panel<xref boilerplate="true" id="nev13717580n1-0800c8af844e8e74">
<ref id="nev13717580n1-nev16221672n93"/>
</xref>
</ptxt>
</para>
</procstep>
<procstep id="nev13717580n1-nev16221634n15">
<grate id="nev13717580n1-nev16221672n90" pgwide="1">
<graphic id="nev13717580n1-nev16221672n91">
<href>0900c8af8512c7e#@#@#11#.jpeg</href>
</graphic>
<graphtext id="nev13717580n1-nev16386998n1">
<para id="nev13717580n1-nev16386966n87">
<ptxt id="nev13717580n1-nev16386966n88">
<torque id="nev13717580n1-nev16221672n89">
<ref id="nev13717580n1-nev16221672n87"/>
</torque>
</ptxt>
</para>
</graphtext>
</grate>
</procstep>
<procstep id="nev13717580n1-nev16221634n9">
<grate id="nev13717580n1-nev16221672n84" pgwide="1">
<graphic id="nev13717580n1-nev16221672n85">
<href>0900c8af8512c7d#@#@#11#.jpeg</href>
</graphic>
</grate>
</procstep>
</stepgrp>
<stepgrp boilerplate="false" context="" id="nev13717580n1-nev16386966n86">
<title id="nev13717580n1-0800c8af844a46f9">Installation</title>
<procstep id="nev13717580n1-nev16221662n32">
<para id="nev13717580n1-nev16386966n84">
<ptxt id="nev13717580n1-nev16386966n85">To install, rev#@#@#22#dure.</ptxt>
</para>
</procstep>
</stepgrp>
</procedure>
</servinfosub>