<?xml version="1.0" encoding="UTF-8"?><servinfosub IE-ID="en-US0900c8af8011c50a" docno="VCC-114115" id="KC01173822" xml:lang="en-US">
<title>Wind deflector,#@#@#7#ement</title>
<procedure>
<stepgrp id="KC01112800">
<procstep id="KC01107503">
<title>Dismantling win#@#@#6#ector</title>
<grate>
<graphic id="KC07345054">
<href>0900c8af800598a#@#@#9#.jpeg</href>
</graphic>
<graphtext>
<list1 enumtype="d" type="unordered">
<item>
<ptxt>Remove air guid#@#@#27#ntre.</ptxt>
</item>
</list1>
</graphtext>
</grate>
</procstep>
<procstep>
<title>Installing wind#@#@#5#ector</title>
<list1 enumtype="d" type="unordered">
<item>
<ptxt>Installation ta#@#@#22#rder.</ptxt>
</item>
</list1>
</procstep>
</stepgrp>
</procedure>
</servinfosub>