<?xml version="1.0" encoding="UTF-8"?><diagnostic IE-ID="en-US0900c8af8007150a" docno="VCC-107178" id="KC01186041" type="test" xml:lang="en-US">
<testgrp IE-ID="en-US0900c8af8007150a_KC01273801" id="KC01273801" j2008use="1" paperuse="1" resumable="1" screenuse="1" testgrp-id="verifnode" x="120" y="120">
<title>
<phrase category="" id="KC09324616" phrase-urn="urn:x-nevis:phrase:0800c8af826e37d6">Verification</phrase>
</title>
<node>
<test1>
<hint>
<ptxt>
<phrase category="" id="KC09324617" phrase-urn="urn:x-nevis:phrase:0800c8af826e37d7">After carrying #@#@#50#died.</phrase>
</ptxt>
</hint>
<diaglist>
<dgraphic>
<dgraphic1>
<graphic id="KC09324618">
<href>0900c8af80054d3#@#@#9#.jpeg</href>
</graphic>
</dgraphic1>
<dgraphic2>
<graphic id="KC09324619">
<href>0900c8af80054d7#@#@#9#.jpeg</href>
</graphic>
</dgraphic2>
</dgraphic>
<ditem>
<ptxt>
<phrase category="" id="KC09324620" phrase-urn="urn:x-nevis:phrase:0800c8af826e37d8">Ignition off.</phrase>
</ptxt>
</ditem>
<ditem>
<ptxt>
<phrase category="" id="KC09324621" phrase-urn="urn:x-nevis:phrase:0800c8af826e37d9">Reconnect conne#@#@#22#nents</phrase>
</ptxt>
</ditem>
<ditem>
<ptxt>
<phrase category="" id="KC09324622" phrase-urn="urn:x-nevis:phrase:0800c8af826e37da">Start the engin#@#@#14#dle.
</phrase>
</ptxt>
</ditem>
<ditem>
<ptxt>
<phrase category="" id="KC09324623" phrase-urn="urn:x-nevis:phrase:0800c8af826e37db">Read off the si#@#@#41#O2S).</phrase>
</ptxt>
<note>
<ptxt>
<phrase category="" id="KC09324624" phrase-urn="urn:x-nevis:phrase:0800c8af826e37dc">It takes approx#@#@#38#arts.</phrase>
</ptxt>
</note>
</ditem>
</diaglist>
<test2>
<ptxt>
<phrase category="" id="KC09324625" phrase-urn="urn:x-nevis:phrase:0800c8af826e37dd">Check that the #@#@#74#67 V.</phrase>
</ptxt>
<diaglist>
<dgraphic>
<dgraphic1>
<graphic id="KC09324626">
<href>0900c8af80058c9#@#@#9#.jpeg</href>
</graphic>
</dgraphic1>
<dgraphic2>
<graphic id="KC09324627">
<href>0900c8af86c8681#@#@#9#.jpeg</href>
</graphic>
<smarttool active="press" id="KC09324628" toolname="XECMA648"/>
</dgraphic2>
</dgraphic>
<ditem>
<ditemtext>
<ptxt>
<phrase category="" id="KC09324629" phrase-urn="urn:x-nevis:phrase:0800c8af826e37df"/>
</ptxt>
</ditemtext>
</ditem>
</diaglist>
</test2>
</test1>
<question>
Is the value OK?
</question>
<resact-grp>
<result button="yes" comp="button" highlight="0"/>
<action j2008use="1" paperuse="1" screenuse="1">
<return value="VERIFIED"/>
</action>
</resact-grp>
<resact-grp>
<result button="no" comp="button" highlight="0"/>
<action j2008use="1" paperuse="1" screenuse="1">
<return value="VERIFICATION FAILED"/>
</action>
</resact-grp>
</node>
</testgrp>
</diagnostic>