<?xml version="1.0" encoding="UTF-8"?><servinfosub IE-ID="en-US0900c8af8091550a" docno="VCC-107136" id="KC01601498" servinfosubId="nev20684261n1-nev20684261n2" servinfosubRes="0900c8af862b9b44" servinfosubRes2="urn:x-nevis:fragment:0900c8af8091550a:0900c8af862b9b44#nev20684261n2" xml:lang="en-US">
<title>Connecting the #@#@#17# 2000</title>
<procedure>
<proctools>
<toolitem id="nev20684261n1-KC05300459"/>
<toolitem id="nev20684261n1-KC05300460"/>
</proctools>
<stepgrp>
<procstep>
<title>Connecting the #@#@#59#(ECM)</title>
<grate>
<graphic id="nev20684261n1-KC05300461">
<href>0900c8af8012215#@#@#9#.jpeg</href>
</graphic>
<graphtext>
<list1 enumtype="d" type="unordered">
<item>
<ptxt>Ignition off</ptxt>
</item>
<item>
<ptxt>Remove the secu#@#@#88#acket</ptxt>
</item>
<item>
<ptxt>Disconnect the #@#@#22#(ECM)</ptxt>
</item>
<item>
<ptxt>To avoid interf#@#@#241#floor</ptxt>
</item>
<item>
<ptxt>
Check that the#@#@#178#pins
</ptxt>
</item>
<item>
<ptxt>In particular, #@#@#76#ptom </ptxt>
</item>
<item>
<ptxt>Connect adapter <toolitem id="nev20684261n1-KC05300462"/> to the engine #@#@#48#
box <toolitem id="nev20684261n1-KC05300463"/> to the adapter.</ptxt>
</item>
</list1>
</graphtext>
</grate>
</procstep>
</stepgrp>
</procedure>
</servinfosub>