<?xml version="1.0" encoding="UTF-8"?><servinfosub IE-ID="en-US0900c8af851a550a" docno="VCC-423788" id="nev16394156n1" xml:lang="en-US">
<title>
<phrase category="Title" id="nev16394156n2" phrase-urn="urn:x-nevis:phrase:0800c8af81eb9a54">Diagnostic trou#@#@#21#ation</phrase>
<phrase category="Prefix" id="nev16394156n3" phrase-urn="urn:x-nevis:phrase:0800c8af8015c3f5">ECM</phrase>-P212236</title>
<diagnostic j2008use="1" paperuse="1" screenuse="1" type="condition">
<condgrp>
<condition type="condition">
<grate id="nev16394156n4">
<graphic id="nev16394156n5">
<href>0900c8af804454f#@#@#9#.jpeg</href>
</graphic>
</grate>
<para id="nev16394156n6">
<ptxt id="nev16394156n7">
<phrase category="Condition" id="nev16394156n8" phrase-urn="urn:x-nevis:phrase:0800c8af81eab067">The engine cont#@#@#129#nsor.</phrase>
<phrase category="Condition" id="nev16394156n9" phrase-urn="urn:x-nevis:phrase:0800c8af83f0687f">The analogue si#@#@#104#CEM).</phrase>
<phrase category="Condition" id="nev16394156n10" phrase-urn="urn:x-nevis:phrase:0800c8af83f0a0af">The signal is s#@#@#89#ECM).</phrase>
<phrase category="Condition" id="nev16394157n1" phrase-urn="urn:x-nevis:phrase:0800c8af832f9fef">The pulse width#@#@#77#ECM).</phrase>
</ptxt>
</para>
<para id="nev16394157n2">
<ptxt id="nev16394157n3">
<phrase category="Condition" id="nev16394157n4" phrase-urn="urn:x-nevis:phrase:0800c8af82c4843c">The diagnostic #@#@#59#that:</phrase>
</ptxt>
</para>
<list1 id="nev16394157n5">
<item id="nev16394157n6">
<ptxt id="nev16394157n7">
<phrase category="Condition" id="nev16394157n8" phrase-urn="urn:x-nevis:phrase:0800c8af8404b9ef">PWM-signal from#@#@#56#ency.</phrase>
</ptxt>
</item>
</list1>
<para id="nev16394157n9">
<ptxt id="nev16394157n10">
<phrase category="Condition" id="nev16394158n1" phrase-urn="urn:x-nevis:phrase:0800c8af82c479d6">The control mod#@#@#67#t of:</phrase>
</ptxt>
</para>
<list1 id="nev16394158n2">
<item id="nev16394158n3">
<ptxt id="nev16394158n4">
<phrase category="Faulttracing" id="nev16394158n5" phrase-urn="urn:x-nevis:phrase:0800c8af81976d4a">Ignition on.</phrase>
</ptxt>
</item>
</list1>
<note id="nev16394158n6">
<ptxt id="nev16394158n7">
<phrase category="Condition" id="nev16394158n8" phrase-urn="urn:x-nevis:phrase:0800c8af82c4844b">The control mod#@#@#132# met.</phrase>
</ptxt>
</note>
</condition>
</condgrp>
<condgrp>
<condition type="substitution">
<list1 enumtype="d" type="unordered">
<item>
<ptxt>
<phrase category="Substitution" id="nev16394158n9" phrase-urn="urn:x-nevis:phrase:0800c8af838f1674">Torque limitation</phrase>
</ptxt>
</item>
</list1>
</condition>
<ps>
<list1 enumtype="d" type="unordered">
<item id="nev16394158n10">
<ptxt id="nev16394159n1">
<phrase category="Possible source" id="nev16394159n2" phrase-urn="urn:x-nevis:phrase:0800c8af81eab907">Contact resista#@#@#30#tors.</phrase>
</ptxt>
</item>
<item id="nev16394159n3">
<ptxt id="nev16394159n4">
<phrase category="Possible source" id="nev16394159n5" phrase-urn="urn:x-nevis:phrase:0800c8af81eab828">Open-circuit on#@#@#16#able.</phrase>
</ptxt>
</item>
<item id="nev16394159n6">
<ptxt id="nev16394159n7">
<phrase category="Possible source" id="nev16394159n8" phrase-urn="urn:x-nevis:phrase:0800c8af81eab9f6">Short-circuit t#@#@#42#able.</phrase>
</ptxt>
</item>
<item id="nev16394159n9">
<ptxt id="nev16394159n10">
<phrase category="Possible source" id="nev16394160n1" phrase-urn="urn:x-nevis:phrase:0800c8af81eabb2a">Damaged acceler#@#@#27#nsor.</phrase>
</ptxt>
</item>
</list1>
</ps>
</condgrp>
<condgrp>
<condition type="symptom">
<list1 enumtype="d" type="unordered">
<item>
<ptxt>
<phrase category="Symptom CSC" id="nev16394160n2" phrase-urn="urn:x-nevis:phrase:0800c8af8388f137">IV, Text window#@#@#27#ssage</phrase>
</ptxt>
</item>
<item id="nev16394160n3">
<ptxt id="nev16394160n4">
<phrase category="Symptom CSC" id="nev16394160n5" phrase-urn="urn:x-nevis:phrase:0800c8af8388f019">AJ, Driving/Poo#@#@#20#power</phrase>
</ptxt>
</item>
</list1>
</condition>
</condgrp>
</diagnostic>
</servinfosub>