<?xml version="1.0" encoding="UTF-8"?><diagnostic IE-ID="en-US0900c8af808a1113" docno="VCC-110969" id="KC02383027" type="test" xml:lang="en-US">
<title>
<phrase category="" id="KC07795279" phrase-urn="urn:x-nevis:phrase:0800c8af81bca7c4">Verification</phrase>
</title>
<testgrp IE-ID="en-US0900c8af808a1113_KC02383028" id="KC02383028" j2008use="1" paperuse="1" resumable="1" screenuse="1" testgrp-id="verifnode" x="240" y="120">
<title>
<phrase category="" id="KC07795280" phrase-urn="urn:x-nevis:phrase:0800c8af81bca7c5">Verification</phrase>
</title>
<node>
<test1>
<hint>
<ptxt>
<phrase category="" id="KC07795281" phrase-urn="urn:x-nevis:phrase:0800c8af81bca7c7">After the repai#@#@#56#fied.</phrase>
</ptxt>
</hint>
<diaglist>
<dgraphic>
<dgraphic1>
<graphic id="KC07795282">
<href>0900c8af80054d5#@#@#9#.jpeg</href>
</graphic>
</dgraphic1>
<dgraphic2>
<graphic id="KC07795283">
<href>0900c8af80054d7#@#@#9#.jpeg</href>
</graphic>
</dgraphic2>
</dgraphic>
<ditem>
<ptxt>
<phrase category="" id="KC07795284" phrase-urn="urn:x-nevis:phrase:0800c8af81bca7cd">Ignition off</phrase>
</ptxt>
</ditem>
<ditem>
<ptxt>
<phrase category="" id="KC07795285" phrase-urn="urn:x-nevis:phrase:0800c8af81bca7ce">Connect connect#@#@#22# etc.</phrase>
</ptxt>
</ditem>
<ditem>
<ptxt>
<phrase category="" id="KC07795286" phrase-urn="urn:x-nevis:phrase:0800c8af81bca7cf">Ignition on.</phrase>
</ptxt>
</ditem>
</diaglist>
<test2>
<para>
<ptxt>
<phrase category="" id="KC07795287" phrase-urn="urn:x-nevis:phrase:0800c8af81bca7d1">Read the accele#@#@#227#ssed.</phrase>
</ptxt>
</para>
<para>
<ptxt>
<phrase category="" id="KC07795288" phrase-urn="urn:x-nevis:phrase:0800c8af81bca7d2">Check that the #@#@#124#ted. </phrase>
</ptxt>
</para>
<diaglist>
<dgraphic>
<dgraphic2>
<graphic id="KC07795289">
<href>0900c8af86c8681#@#@#9#.jpeg</href>
</graphic>
<smarttool active="press" id="KC07795290" toolname="XDIS48A0"/>
</dgraphic2>
</dgraphic>
<ditem>
<ditemtext>
<ptxt>
<phrase category="" id="KC07795291" phrase-urn="urn:x-nevis:phrase:0800c8af81bca7d5"/>
</ptxt>
</ditemtext>
</ditem>
</diaglist>
</test2>
</test1>
<question>Do the values c#@#@#173#vely?</question>
<resact-grp>
<result button="yes" comp="button" highlight="0"/>
<action j2008use="1" paperuse="1" screenuse="1">
<return value="VERIFIED"/>
</action>
</resact-grp>
<resact-grp>
<result button="no" comp="button" highlight="0"/>
<action j2008use="1" paperuse="1" screenuse="1">
<return value="VERIFICATION FAILED"/>
</action>
</resact-grp>
</node>
</testgrp>
</diagnostic>