<?xml version="1.0" encoding="UTF-8"?><servinfosub IE-ID="en-US0900c8af80955113" docno="VCC-144627" id="KC01618404" xml:lang="en-US">
<title>Cylinder head /#@#@#13#acing</title>
<procedure>
<stepgrp id="KC01618405">
<title>Removal</title>
<note>
<ptxt>As the illustra#@#@#182#ect. </ptxt>
</note>
<procstep id="KC01618406">
<title>Preparations</title>
<para>
<ptxt>Reduce the resi#@#@#33# See <xref>
<ref id="KC06794213"/>
</xref>. </ptxt>
</para>
<para>
<ptxt>Drain the coola#@#@#3# See <xref>
<ref id="KC06794214"/>
</xref>.</ptxt>
</para>
</procstep>
<procstep id="KC01618407">
<title>Removing the battery</title>
<grate>
<graphic id="KC06794215">
<href>0900c8af801234d#@#@#9#.jpeg</href>
</graphic>
<graphtext>
<para>
<ptxt>Disconnect the #@#@#22# See <xref>
<ref id="KC06794216"/>
</xref>. </ptxt>
<ptxt>Remove the battery.</ptxt>
</para>
</graphtext>
</grate>
</procstep>
<procstep id="KC01618408">
<title>Removing the ai#@#@#30#(ACL)</title>
<para>
<ptxt>Remove the air #@#@#22# See <xref>
<ref id="KC06794217"/>
</xref>.</ptxt>
</para>
</procstep>
<procstep id="KC01618409">
<title>Removing the ca#@#@#22#ngine</title>
<grate>
<graphic id="KC06794218">
<href>0900c8af8012517#@#@#9#.jpeg</href>
</graphic>
<graphtext>
<para>
<ptxt>Disconnect all #@#@#99#tion.</ptxt>
<ptxt>Remove the grou#@#@#28#ead. </ptxt>
</para>
</graphtext>
</grate>
</procstep>
<procstep id="KC01618410">
<title>Removing fuel i#@#@#16#hoses</title>
<grate>
<graphic id="KC06794219">
<href>0900c8af80121d5#@#@#9#.jpeg</href>
</graphic>
<graphtext>
<caution>
<ptxt>Use a rag to ca#@#@#12#fuel.</ptxt>
</caution>
<list1 enumtype="d" type="unordered">
<title>Remove:</title>
<item>
<ptxt>the fuel supply#@#@#42#) (1)</ptxt>
</item>
<item>
<ptxt>both the fuel r#@#@#36#2, 3)</ptxt>
</item>
<item>
<ptxt>The EVAP canist#@#@#14# (4).</ptxt>
</item>
</list1>
</graphtext>
</grate>
</procstep>
<procstep id="KC01618411">
<title>Removing heatin#@#@#21#hoses</title>
<grate>
<graphic id="KC06794220">
<href>0900c8af8012482#@#@#9#.jpeg</href>
</graphic>
<graphtext>
<list1 enumtype="d" type="unordered">
<item>
<ptxt>Remove hose cla#@#@#41#ted) </ptxt>
</item>
<item>
<ptxt>Pull off the he#@#@#5#hoses</ptxt>
</item>
<item>
<ptxt>Remove the uppe#@#@#42#ide. </ptxt>
</item>
</list1>
</graphtext>
</grate>
</procstep>
<procstep id="KC01618412">
<title>Removing vacuum#@#@#21#ifold</title>
<grate>
<graphic id="KC06794221">
<href>0900c8af8012381#@#@#9#.jpeg</href>
</graphic>
<graphtext>
<para>
<ptxt>Disconnect the #@#@#25#hose.</ptxt>
</para>
</graphtext>
</grate>
</procstep>
<procstep id="KC01618413">
<title>Removing the in#@#@#8#ifold</title>
<para>
<ptxt>Remove the inta#@#@#12# See <xref>
<ref id="KC06794222"/>
</xref>. </ptxt>
</para>
</procstep>
<procstep id="KC01618414">
<title>Removing the po#@#@#12# pump</title>
<grate>
<graphic id="KC06794223">
<href>0900c8af80125ab#@#@#9#.jpeg</href>
</graphic>
<graphtext>
<para>
<ptxt>Slacken off the#@#@#8#crew.</ptxt>
<ptxt>Remove the uppe#@#@#20#ting.</ptxt>
<ptxt>Remove the lowe#@#@#3#crew.</ptxt>
</para>
</graphtext>
</grate>
<grate>
<graphic id="KC06794224">
<href>0900c8af80125ac#@#@#9#.jpeg</href>
</graphic>
<graphtext>
<para>
<ptxt>Lower the car.</ptxt>
</para>
<list1 enumtype="d" type="unordered">
<title>Remove:</title>
<item>
<ptxt>the connector a#@#@#33#nting</ptxt>
</item>
<item>
<ptxt>the mounting sc#@#@#45# pump</ptxt>
</item>
<item>
<ptxt>the upper mount#@#@#5#crews</ptxt>
</item>
<item>
<ptxt>the power steer#@#@#20#gine.</ptxt>
</item>
</list1>
<para>
<ptxt>Hang up power s#@#@#24#work.</ptxt>
</para>
</graphtext>
</grate>
</procstep>
<procstep id="KC01618415">
<title>Removing the ex#@#@#10# pipe</title>
<grate>
<graphic id="KC06794225">
<href>0900c8af8012470#@#@#9#.jpeg</href>
</graphic>
<graphtext>
<list1 enumtype="d" type="unordered">
<title>Remove:</title>
<item>
<ptxt>the engine prot#@#@#25#ngine</ptxt>
</item>
<item>
<ptxt>the screw on th#@#@#5#nting</ptxt>
</item>
<item>
<ptxt>the three nuts #@#@#18#ifold</ptxt>
</item>
<item>
<ptxt>the gasket.</ptxt>
</item>
</list1>
</graphtext>
</grate>
</procstep>
<procstep id="KC01618416">
<title>Removing the ti#@#@#4# belt</title>
<para>
<ptxt>Remove the cams#@#@#5# See <xref>
<ref id="KC06794226"/>
</xref>.</ptxt>
</para>
</procstep>
<procstep id="KC01618417">
<title>Removing the th#@#@#11#using</title>
<grate>
<graphic id="KC06794227">
<href>0900c8af8012390#@#@#9#.jpeg</href>
</graphic>
<graphtext>
<list1 enumtype="d" type="unordered">
<title>Remove:</title>
<item>
<ptxt>the mounting sc#@#@#65# head</ptxt>
</item>
<item>
<ptxt>the thermostat #@#@#75#otion</ptxt>
</item>
<item>
<ptxt>The O-ring from#@#@#19# pipe</ptxt>
</item>
<item>
<ptxt>the mounting sc#@#@#66#ead. </ptxt>
</item>
</list1>
</graphtext>
</grate>
</procstep>
<procstep id="KC01618418">
<title>Removing the va#@#@#4#cover</title>
<grate>
<graphic id="KC06794228">
<href>0900c8af801239f#@#@#9#.jpeg</href>
</graphic>
<graphtext>
<list1 enumtype="d" type="unordered">
<title>Remove:</title>
<item>
<ptxt>the hose for th#@#@#18#ation</ptxt>
</item>
<item>
<ptxt>the mounting screws</ptxt>
</item>
<item>
<ptxt>the cover</ptxt>
</item>
<item>
<ptxt>the gasket from#@#@#6#over.</ptxt>
</item>
</list1>
</graphtext>
</grate>
</procstep>
<procstep id="KC01618419">
<title>Removing the cy#@#@#6# head</title>
<grate>
<graphic id="KC06794229">
<href>0900c8af8012391#@#@#9#.jpeg</href>
</graphic>
<graphtext>
<list1 enumtype="d" type="unordered">
<title>Remove:</title>
<item>
<ptxt>the screws for #@#@#32#tool <toolitem id="KC06794230"/>
</ptxt>
</item>
<item>
<ptxt>the screws and #@#@#96#allet</ptxt>
</item>
<item>
<ptxt>the cylinder head</ptxt>
</item>
<item>
<ptxt>the cylinder he#@#@#5#sket.</ptxt>
</item>
</list1>
<note>
<ptxt>The cylinder he#@#@#103#ves. </ptxt>
</note>
<para>
<ptxt>Carefully remov#@#@#38#lock.</ptxt>
</para>
</graphtext>
</grate>
</procstep>
</stepgrp>
<stepgrp id="KC01618420">
<title>Cleaning</title>
<procstep id="KC01618421">
<title>Cleaning the cy#@#@#6# head</title>
<list1 enumtype="d" type="unordered">
<title>Clean the surfa#@#@#17#ents:</title>
<item>
<ptxt>the surfaces of#@#@#34# head</ptxt>
</item>
<item>
<ptxt>the cylinder bl#@#@#10# face</ptxt>
</item>
<item>
<ptxt>the coolant pip#@#@#8# face</ptxt>
</item>
<item>
<ptxt>the gasket face#@#@#53#ead. </ptxt>
</item>
</list1>
<note>
<ptxt>Do not use a me#@#@#69# P/N <emph>1161340-3</emph>. The surfaces #@#@#109#vent.</ptxt>
</note>
</procstep>
<procstep id="KC01618422">
<title>Checking the cy#@#@#6# head</title>
<grate>
<graphic id="KC06794231">
<href>0900c8af8012344#@#@#9#.jpeg</href>
</graphic>
<graphtext>
<para>
<ptxt>Check that the #@#@#140#eeds <emph>0.05 mm</emph>.</ptxt>
</para>
</graphtext>
</grate>
</procstep>
</stepgrp>
<stepgrp id="KC01618423">
<title>Installation</title>
<procstep id="KC01618424">
<title>Installing the #@#@#15#asket</title>
<grate>
<graphic id="KC06794232">
<href>0900c8af8012397#@#@#9#.jpeg</href>
</graphic>
<graphtext>
<list1 enumtype="d" type="unordered">
<item>
<ptxt>Install both gu#@#@#28#block</ptxt>
</item>
<item>
<ptxt>Always use a ne#@#@#25# head</ptxt>
</item>
<item>
<ptxt>Ensure that all#@#@#33#aned </ptxt>
</item>
<item>
<ptxt>Install the gas#@#@#45#ves. </ptxt>
</item>
</list1>
</graphtext>
</grate>
</procstep>
<procstep id="KC01618425">
<title>Installing the #@#@#8# head</title>
<grate>
<graphic id="KC06794233">
<href>0900c8af8012397#@#@#9#.jpeg</href>
</graphic>
<graphtext>
<para>
<ptxt>Turn the cranks#@#@#143# (A).</ptxt>
</para>
</graphtext>
</grate>
</procstep>
<procstep id="KC01618426">
<title>Installing the #@#@#23# head</title>
<grate>
<graphic id="KC06794234">
<href>0900c8af8012397#@#@#9#.jpeg</href>
</graphic>
<graphtext>
<note>
<ptxt>Check the lengt#@#@#15#rews.</ptxt>
</note>
<para>
<ptxt>Screws used for#@#@#199#used.</ptxt>
</para>
<list1 enumtype="d" type="unordered">
<item>
<ptxt>Install the was#@#@#84#ation</ptxt>
</item>
<item>
<ptxt>Lubricate the s#@#@#50#f oil</ptxt>
</item>
<item>
<ptxt>Install the cyl#@#@#155#tool <toolitem id="KC06794235"/>
</ptxt>
</item>
<item>
<ptxt>First tighten t#@#@#17#n to <emph>74 Nm</emph>
</ptxt>
</item>
<item>
<ptxt>Completely slac#@#@#17#crews</ptxt>
</item>
<item>
<ptxt>Then tighten to <emph>20 Nm</emph>
</ptxt>
</item>
<item>
<ptxt>Position the be#@#@#10#ctor <toolitem id="KC06794236"/>
</ptxt>
</item>
<item>
<ptxt>Angle-tighten t#@#@#33#n to <emph>90°</emph> with a smooth #@#@#1#otion</ptxt>
</item>
<item>
<ptxt>Angle-tighten t#@#@#50#n to <emph>90°</emph> with a smooth #@#@#1#otion</ptxt>
</item>
<item>
<ptxt>If any of the c#@#@#185#crew </ptxt>
</item>
<item>
<ptxt>Seal the intake#@#@#23#head.</ptxt>
</item>
</list1>
</graphtext>
</grate>
</procstep>
<procstep id="KC01618427">
<title>Installing the #@#@#6#cover</title>
<grate>
<graphic id="KC06794237">
<href>0900c8af8012397#@#@#9#.jpeg</href>
</graphic>
<graphtext>
<list1 enumtype="d" type="unordered">
<item>
<ptxt>Clean the matin#@#@#5#faces</ptxt>
</item>
<item>
<ptxt>Install a new g#@#@#23#cover</ptxt>
</item>
<item>
<ptxt>Install the val#@#@#3#cover</ptxt>
</item>
<item>
<ptxt>Finger tighten #@#@#68#n to <emph>3.5 Nm</emph>
</ptxt>
</item>
<item>
<ptxt>Install crankca#@#@#15#hose.</ptxt>
</item>
</list1>
</graphtext>
</grate>
</procstep>
<procstep id="KC01618428">
<title>Installing the #@#@#13#using</title>
<grate>
<graphic id="KC06794238">
<href>0900c8af8012398#@#@#9#.jpeg</href>
</graphic>
<graphtext>
<caution>
<ptxt>Do not apply oi#@#@#21#ring.</ptxt>
</caution>
<para>
<ptxt>Thread a new O-#@#@#76#ring.</ptxt>
</para>
<list1 enumtype="d" type="unordered">
<item>
<ptxt>Apply a smooth #@#@#49#r of <emph>3 mm</emph>, see the illus#@#@#2#ation</ptxt>
</item>
<item>
<ptxt>Carefully threa#@#@#40#pipe </ptxt>
</item>
<item>
<ptxt>Press the therm#@#@#34# head</ptxt>
</item>
<item>
<ptxt>Install the mou#@#@#20#n to <emph>23 Nm</emph>.</ptxt>
</item>
</list1>
</graphtext>
</grate>
</procstep>
<procstep id="KC01618429">
<title>Installing and #@#@#21# belt</title>
<para>
<ptxt>Install the too#@#@#17# See <xref>
<ref id="KC06794239"/>
</xref>. </ptxt>
</para>
<para>
<ptxt>Install and tig#@#@#40#n to <emph>9 Nm</emph>.</ptxt>
<ptxt> Install and ti#@#@#41#n to <emph>9 Nm</emph>.</ptxt>
</para>
<grate>
<graphic id="KC06794240">
<href>0900c8af8012358#@#@#9#.jpeg</href>
</graphic>
<graphtext>
<para>
<ptxt>See <xref>
<ref id="KC06794241"/>
</xref>.</ptxt>
</para>
</graphtext>
</grate>
</procstep>
<procstep id="KC01618430">
<title>Installing the #@#@#12# pipe</title>
<grate>
<graphic id="KC06794242">
<href>0900c8af8012470#@#@#9#.jpeg</href>
</graphic>
<graphtext>
<list1 enumtype="d" type="unordered">
<item>
<ptxt>Clean the matin#@#@#5#faces</ptxt>
</item>
<item>
<ptxt>Install the exh#@#@#46#ghten</ptxt>
</item>
<item>
<ptxt>Tighten the thr#@#@#39#n to <emph>44 Nm</emph>
</ptxt>
</item>
<item>
<ptxt>Tighten the scr#@#@#26#n to <emph>50 Nm</emph>.</ptxt>
</item>
</list1>
</graphtext>
</grate>
</procstep>
<procstep id="KC01618431">
<title>Installing the #@#@#14# pump</title>
<grate>
<graphic id="KC06794243">
<href>0900c8af80125ac#@#@#9#.jpeg</href>
</graphic>
<graphtext>
<list1 enumtype="d" type="unordered">
<item>
<ptxt>Connect the con#@#@#21#clamp</ptxt>
</item>
<item>
<ptxt>Install the scr#@#@#22#older</ptxt>
</item>
<item>
<ptxt>Tighten the upp#@#@#32#n to <emph>23 Nm</emph>.</ptxt>
</item>
</list1>
</graphtext>
</grate>
<grate>
<graphic id="KC06794244">
<href>0900c8af80125ab#@#@#9#.jpeg</href>
</graphic>
<graphtext>
<para>
<ptxt>Tighten the thr#@#@#23#n to <emph>44 Nm</emph>. </ptxt>
<ptxt>Tighten the scr#@#@#41#n to <emph>50 Nm</emph>.</ptxt>
</para>
</graphtext>
</grate>
</procstep>
<procstep id="KC01618432">
<title>Installing the #@#@#10#ifold</title>
<para>
<ptxt>Install the int#@#@#13# See <xref>
<ref id="KC06794245"/>
</xref>. </ptxt>
</para>
<grate>
<graphic id="KC06794246">
<href>0900c8af80123a0#@#@#9#.jpeg</href>
</graphic>
<graphtext>
<para>
<ptxt>Connect the coo#@#@#51#ment.</ptxt>
</para>
</graphtext>
</grate>
</procstep>
<procstep id="KC01618433">
<title>Installing and #@#@#44#-belt</title>
<grate>
<graphic id="KC06794247">
<href>0900c8af801239a#@#@#9#.jpeg</href>
</graphic>
<graphtext>
<list1 enumtype="d" type="unordered">
<item>
<ptxt>Install the gen#@#@#7#(GEN)</ptxt>
</item>
<item>
<ptxt>Finger tighten #@#@#11#crews</ptxt>
</item>
<item>
<ptxt>Finger tighten #@#@#33#anism</ptxt>
</item>
<item>
<ptxt>Thread on the P#@#@#5# belt</ptxt>
</item>
<item>
<ptxt>Press the belt #@#@#14#htly.</ptxt>
</item>
</list1>
</graphtext>
</grate>
</procstep>
<procstep id="KC01618434">
<title>Adjusting the P#@#@#5# belt</title>
<grate>
<graphic id="KC06794248">
<href>0900c8af8012480#@#@#9#.jpeg</href>
</graphic>
<graphtext>
<list1 enumtype="d" type="unordered">
<item>
<ptxt>Tighten the Pol#@#@#34#w (A)</ptxt>
</item>
<item>
<ptxt>Check the belt #@#@#21#e of <emph>100 N</emph> to the belt. A#@#@#39#alue <emph>7 - 8 mm</emph>. Used belt: <emph>8.5-10 mm</emph>
</ptxt>
</item>
<item>
<ptxt>Adjust using th#@#@#50#ined </ptxt>
</item>
<item>
<ptxt>Tighten the loc#@#@#25#screw</ptxt>
</item>
<item>
<ptxt>Tighten the loc#@#@#23#n to <emph>22 Nm</emph>
</ptxt>
</item>
<item>
<ptxt>Tighten the piv#@#@#17#n to <emph>44 Nm</emph>
</ptxt>
</item>
<item>
<ptxt>Check and adjus#@#@#10#sary.</ptxt>
</item>
</list1>
</graphtext>
</grate>
<grate>
<graphic id="KC06794249">
<href>0900c8af801239a#@#@#9#.jpeg</href>
</graphic>
<graphtext>
<para>
<ptxt>
<emph>Adjusting the P#@#@#31#meter</emph>
</ptxt>
</para>
<note>
<ptxt>Read off the su#@#@#32#tool <toolitem id="KC06794250"/>.</ptxt>
</note>
<para>
<ptxt>Ensure that the#@#@#213#alue.</ptxt>
</para>
<para>
<ptxt>New belt: <emph>160 - 170 Hz</emph>. Used belt: <emph>210 -220 Hz</emph>. </ptxt>
<ptxt>Tighten the loc#@#@#23#n to <emph>22 Nm</emph>. Tighten the p#@#@#19#n to <emph>44 Nm</emph>.</ptxt>
</para>
</graphtext>
</grate>
</procstep>
<procstep id="KC01618435">
<title>Installing vacu#@#@#21#ifold</title>
<grate>
<graphic id="KC06794251">
<href>0900c8af8012381#@#@#9#.jpeg</href>
</graphic>
<graphtext>
<para>
<ptxt>Install the hose.</ptxt>
<ptxt>Install the clamp.</ptxt>
</para>
</graphtext>
</grate>
</procstep>
<procstep id="KC01618436">
<title>Installing fuel#@#@#21#lines</title>
<grate>
<graphic id="KC06794252">
<href>0900c8af80121d5#@#@#9#.jpeg</href>
</graphic>
<graphtext>
<list1 enumtype="d" type="unordered">
<item>
<ptxt>Install EVAP va#@#@#8#e (4)</ptxt>
</item>
<item>
<ptxt>Secure the fuel#@#@#75#n to <emph>10 Nm</emph>
</ptxt>
</item>
<item>
<ptxt>Install the two#@#@#50# (3).</ptxt>
</item>
</list1>
</graphtext>
</grate>
</procstep>
<procstep id="KC01618437">
<title>Installing the #@#@#22#ngine</title>
<grate>
<graphic id="KC06794253">
<href>0900c8af8012517#@#@#9#.jpeg</href>
</graphic>
<graphtext>
<list1 enumtype="d" type="unordered">
<title>Install:</title>
<item>
<ptxt>the cable on th#@#@#22#minal</ptxt>
</item>
<item>
<ptxt>the ground lead#@#@#67#n to <emph>10 Nm</emph>
</ptxt>
</item>
<item>
<ptxt>-M6 (screws and#@#@#3#ts): <emph>10 Nm</emph>
</ptxt>
</item>
<item>
<ptxt>M8 (screws and #@#@#2#ts): <emph>24 Nm</emph>. Connect all c#@#@#56#amps.</ptxt>
</item>
</list1>
</graphtext>
</grate>
</procstep>
<procstep id="KC01618438">
<title>Installing batt#@#@#16#shelf</title>
<grate>
<graphic id="KC06794254">
<href>0900c8af801234d#@#@#9#.jpeg</href>
</graphic>
<graphtext>
<list1 enumtype="d" type="unordered">
<item>
<ptxt>Install the she#@#@#10#n to <emph>23 Nm</emph>
</ptxt>
</item>
<item>
<ptxt>Lift in the battery</ptxt>
</item>
<item>
<ptxt>Connect the bat#@#@#11# See <xref>
<ref id="KC06794255"/>
</xref>. </ptxt>
</item>
</list1>
</graphtext>
</grate>
</procstep>
<procstep id="KC01618439">
<title>Installing air #@#@#28#(ACL)</title>
<para>
<ptxt>See <xref>
<ref id="KC06794256"/>
</xref>.</ptxt>
</para>
</procstep>
<procstep id="KC01618440">
<title>Installing radi#@#@#5#hoses</title>
<grate>
<graphic id="KC06794257">
<href>0900c8af8012482#@#@#9#.jpeg</href>
</graphic>
<graphtext>
<para>
<ptxt>Install and tig#@#@#31#oses.</ptxt>
</para>
</graphtext>
</grate>
</procstep>
<procstep id="KC01618441">
<title>Topping up engi#@#@#5#olant</title>
<para>
<ptxt>See <xref>
<ref id="KC06794258"/>
</xref>.</ptxt>
<ptxt>Check for leaka#@#@#18#vers.</ptxt>
</para>
</procstep>
<procstep id="KC01618442">
<title>Checking and fi#@#@#7# work</title>
<para>
<ptxt>Start the engin#@#@#19#kage.</ptxt>
<ptxt>Check and erase#@#@#32#TCs).</ptxt>
</para>
</procstep>
</stepgrp>
</procedure>
</servinfosub>