<?xml version="1.0" encoding="UTF-8"?><servinfosub IE-ID="en-US0900c8af80136113" docno="VCC-132740" id="KC01126623" xml:lang="en-US">
<title>
<phrase category="" id="KC06938438" phrase-urn="urn:x-nevis:phrase:0800c8af81a0a992">Checking the re#@#@#11#lamps</phrase>
</title>
<diagnostic id="KC01287302" type="test">
<testgrp IE-ID="en-US0900c8af80136113_KC01287303" id="KC01287303" j2008use="1" paperuse="1" screenuse="1" testgrp-id="a2">
<title>
<phrase category="" id="KC06938439" phrase-urn="urn:x-nevis:phrase:0800c8af81a0a993">Checking the fu#@#@#13#ables</phrase>
</title>
<node>
<test1>
<test2>
<para>
<ptxt>
<phrase category="" id="KC06938440" phrase-urn="urn:x-nevis:phrase:0800c8af81a0a995">Check that fuse#@#@#75#tact.</phrase>
</ptxt>
</para>
<para>
<ptxt>
<phrase category="" id="KC06938441" phrase-urn="urn:x-nevis:phrase:0800c8af81a0a996">For group 1, ch#@#@#18#ween:</phrase>
</ptxt>
</para>
<list1>
<item>
<ptxt>
<phrase category="" id="KC06938442" phrase-urn="urn:x-nevis:phrase:0800c8af81a0a998">fuse 11C/30 and#@#@#7#20/28</phrase>
</ptxt>
</item>
<item>
<ptxt>
<phrase category="" id="KC06938443" phrase-urn="urn:x-nevis:phrase:0800c8af81a0a999">shunt 20/28 and#@#@#77#ent).</phrase>
</ptxt>
</item>
</list1>
<para>
<ptxt>
<phrase category="" id="KC06938444" phrase-urn="urn:x-nevis:phrase:0800c8af81a0a99a">check for an op#@#@#33#ound.</phrase>
</ptxt>
</para>
<para>
<ptxt>
<phrase category="" id="KC06938445" phrase-urn="urn:x-nevis:phrase:0800c8af81a0a99b">For group 2, ch#@#@#18#ween:</phrase>
</ptxt>
</para>
<list1>
<item>
<ptxt>
<phrase category="" id="KC06938446" phrase-urn="urn:x-nevis:phrase:0800c8af81a0a99e">fuse 11C/31 and#@#@#7#20/33</phrase>
</ptxt>
</item>
<item>
<ptxt>
<phrase category="" id="KC06938447" phrase-urn="urn:x-nevis:phrase:0800c8af81a0a99f">shunt 20/33 and#@#@#74#ent).</phrase>
</ptxt>
</item>
</list1>
<para>
<ptxt>
<phrase category="" id="KC06938448" phrase-urn="urn:x-nevis:phrase:0800c8af81a0a9a0">check for an op#@#@#33#ound.</phrase>
</ptxt>
</para>
<para>
<ptxt>
<phrase category="" id="KC06938449" phrase-urn="urn:x-nevis:phrase:0800c8af81a0a9a2">For all groups,#@#@#159#cuit.</phrase>
</ptxt>
</para>
<para>
<ptxt>
<phrase category="" id="KC06938450" phrase-urn="urn:x-nevis:phrase:0800c8af81a0a9a3">Check the contr#@#@#169#cuit.</phrase>
</ptxt>
</para>
<para>
<ptxt>
<phrase category="" id="KC06938451" phrase-urn="urn:x-nevis:phrase:0800c8af81a0a9a5">Remedy as necessary.</phrase>
</ptxt>
</para>
<list1>
<title>
<phrase category="" id="KC06938452" phrase-urn="urn:x-nevis:phrase:0800c8af81a0a9a6">Additional info#@#@#2#ation</phrase>
</title>
<item>
<ptxt>
<phrase category="" id="KC06938453" phrase-urn="urn:x-nevis:phrase:0800c8af81a0a9a8">To access the i#@#@#49# see <xref>
<ref id="KC06938454"/>
</xref>
</phrase>
</ptxt>
</item>
<item>
<ptxt>
<phrase category="" id="KC06938455" phrase-urn="urn:x-nevis:phrase:0800c8af81a0a9a9">To access the f#@#@#36# see <xref>
<ref id="KC06938456"/>
</xref>
</phrase>
</ptxt>
</item>
<item>
<ptxt>
<phrase category="" id="KC06938457" phrase-urn="urn:x-nevis:phrase:0800c8af81a0a9aa">
<xref>
<ref id="KC06938458"/>
</xref>.</phrase>
</ptxt>
</item>
</list1>
<diaglist>
<dgraphic>
<dgraphic1>
<graphic id="KC06938459">
<href>0900c8af80058a4#@#@#9#.jpeg</href>
</graphic>
</dgraphic1>
<dgraphic2>
<graphic id="KC06938460">
<href>0900c8af80054d4#@#@#9#.jpeg</href>
</graphic>
<smarttool active="press" id="KC06938461" toolname="ODAH"/>
</dgraphic2>
</dgraphic>
<ditem>
<ditemtext>
<ptxt>
<phrase category="" id="KC06938462" phrase-urn="urn:x-nevis:phrase:0800c8af81a0a9ac"/>
</ptxt>
</ditemtext>
</ditem>
</diaglist>
<grate>
<graphic id="KC06938463">
<href>0900c8af80058ba#@#@#9#.jpeg</href>
</graphic>
</grate>
</test2>
</test1>
<question>Was a fault det#@#@#1#cted?</question>
<resact-grp>
<result button="yes" comp="button"/>
<action>
<return value="FAULT FOUND"/>
</action>
</resact-grp>
<resact-grp>
<result button="no" comp="button"/>
<action>
<return value="FAULT NOT FOUND"/>
</action>
</resact-grp>
</node>
</testgrp>
</diagnostic>
</servinfosub>