<?xml version="1.0" encoding="UTF-8"?><servinfosub IE-ID="en-US0800c8af80a3c51c" docno="T1158636" id="ST-0800c8af80a3c51c" xml:lang="en-US">
<title>115 8636 STARTE#@#@#16#-17MM</title>
<grate>
<graphic id="0900c8af8005d70f"/>
<graphtext>
<deflist>
<defitem>
<term>Tool number:</term>
<def>115 8636-9</def>
</defitem>
<defitem>
<term>Tool description:</term>
<def>STARTER RING WR#@#@#7#-17MM</def>
</defitem>
<defitem>
<term>Tool board:</term>
<def/>
</defitem>
</deflist>
</graphtext>
</grate>
</servinfosub>