<?xml version="1.0" encoding="UTF-8"?><servinfosub IE-ID="en-US0900c8af87b1b51c" docno="VCC-487687" id="nev24235673n1" original="sv-SE" servinfosubId="nev24235674n1-nev24235673n4" servinfosubRes="0900c8af87b1b690" servinfosubRes2="urn:x-nevis:fragment:0900c8af87b1b51c:0900c8af87b1b690#nev24235673n4" xml:lang="en-US">
<operationnumbers>
<operationnumber>88308-2</operationnumber>
</operationnumbers>
<title id="nev24235673n2">Partition wall #@#@#7#ence)</title>
<materialtable id="nev24235674n1-nev27941323n43">
<table id="nev24235674n1-nev27941323n42">
<tgroup cols="2" id="nev24235674n1-nev27941323n41">
<colspec colname="COLSPEC0" colwidth="1.00*" id="nev24235674n1-nev27941323n40"/>
<colspec colname="COLSPEC1" colwidth="1.00*" id="nev24235674n1-nev27941323n39"/>
<thead id="nev24235674n1-nev27941323n38">
<row id="nev24235674n1-nev27941323n37">
<entry id="nev24235674n1-nev27941323n36" nameend="COLSPEC1" namest="COLSPEC0" valign="top">
<ptxt id="nev24235674n1-nev27941323n35">
<emph id="nev24235674n1-nev27941323n34">Materials</emph>
</ptxt>
</entry>
</row>
</thead>
<tbody id="nev24235674n1-nev27941323n33">
<row id="nev24235674n1-nev27941323n32">
<entry id="nev24235674n1-nev27941323n31">
<ptxt id="nev24235674n1-nev27941323n30">
<emph id="nev24235674n1-nev27941323n29">Designation</emph>
</ptxt>
</entry>
<entry id="nev24235674n1-nev27941323n28">
<ptxt id="nev24235674n1-nev27941323n27">
<emph id="nev24235674n1-nev27941323n26">Part number</emph>
</ptxt>
</entry>
</row>
<row id="nev24235674n1-nev27941323n25">
<entry id="nev24235674n1-nev27941323n24">
<ptxt id="nev24235674n1-nev27941323n23">Double-sided tape</ptxt>
</entry>
<entry id="nev24235674n1-nev27941323n21">
<ptxt id="nev24235674n1-nev27941323n20">31299109</ptxt>
</entry>
</row>
</tbody>
</tgroup>
</table>
</materialtable>
<procedure id="nev24235674n1-nev24238674n85">
<stepgrp boilerplate="false" context="" id="nev24235674n1-nev27941221n64">
<title id="nev24235674n1-0800c8af844a46f6">Removal</title>
<procstep id="nev24235674n1-nev24895809n6">
<note id="nev24235674n1-0800c8af844a42fa">
<ptxt>Removal steps i#@#@#45#ails.</ptxt>
</note>
</procstep>
<procstep id="nev24235674n1-nev27888422n30">
<grate id="nev24235674n1-nev27941221n62">
<graphic id="nev24235674n1-nev27941221n63">
<href>0900c8af87afba2#@#@#9#.jpeg</href>
</graphic>
<graphtext id="nev24235674n1-nev27941327n1">
<para id="nev24235674n1-nev27941221n60">
<ptxt id="nev24235674n1-nev27941221n61">Make sure to re#@#@#33# new.</ptxt>
</para>
</graphtext>
</grate>
</procstep>
<procstep id="nev24235674n1-nev24308021n68">
<para id="nev24235674n1-nev27941221n58">
<ptxt id="nev24235674n1-nev27941221n59">Remove seat, re#@#@#10#ence)<xref boilerplate="true" id="nev24235674n1-0800c8af86f9727f">
<ref id="nev24235674n1-nev24238674n79"/>
</xref>
</ptxt>
</para>
</procstep>
<procstep id="nev24235674n1-nev27881641n77">
<grate id="nev24235674n1-nev27941221n56">
<graphic id="nev24235674n1-nev27941221n57">
<href>0900c8af87af5b3#@#@#9#.jpeg</href>
</graphic>
<graphtext id="nev24235674n1-nev27941334n1">
<para id="nev24235674n1-nev27941221n54">
<ptxt id="nev24235674n1-nev27941221n55">Use a drill wit#@#@#12# size</ptxt>
</para>
<para id="nev24235674n1-nev27941221n52">
<ptxt id="nev24235674n1-nev27941221n53">Repeat on the o#@#@#5#side.</ptxt>
</para>
</graphtext>
</grate>
</procstep>
<procstep id="nev24235674n1-nev27881641n70">
<grate id="nev24235674n1-nev27941221n50">
<graphic id="nev24235674n1-nev27941221n51">
<href>0900c8af87af5c1#@#@#9#.jpeg</href>
</graphic>
<graphtext id="nev24235674n1-nev27941338n1">
<para id="nev24235674n1-nev27941221n48">
<ptxt id="nev24235674n1-nev27941221n49">Release the catch.</ptxt>
</para>
<para id="nev24235674n1-nev27941221n46">
<ptxt id="nev24235674n1-nev27941221n47">Remove the part#@#@#5#fully</ptxt>
</para>
<para id="nev24235674n1-nev27941221n44">
<ptxt id="nev24235674n1-nev27941221n45">Repeat on the o#@#@#5#side.</ptxt>
</para>
</graphtext>
</grate>
</procstep>
<procstep id="nev24235674n1-nev27881641n61">
<grate id="nev24235674n1-nev27941221n42">
<graphic id="nev24235674n1-nev27941221n43">
<href>0900c8af87af5c1#@#@#9#.jpeg</href>
</graphic>
<graphtext id="nev24235674n1-nev27941342n1">
<para id="nev24235674n1-nev27941221n40">
<ptxt id="nev24235674n1-nev27941221n41">Disconnect the #@#@#6#tors.</ptxt>
</para>
</graphtext>
</grate>
</procstep>
<procstep id="nev24235674n1-nev27881641n56">
<grate id="nev24235674n1-nev27941221n38">
<graphic id="nev24235674n1-nev27941221n39">
<href>0900c8af87af5c1#@#@#9#.jpeg</href>
</graphic>
<graphtext id="nev24235674n1-nev27941346n1">
<para id="nev24235674n1-nev27941221n36">
<ptxt id="nev24235674n1-nev27941221n37">
<equipment equipmentid="" equipmentname="Interior trim remover" id="nev24235674n1-nev27881641n53"/>
</ptxt>
</para>
<para id="nev24235674n1-nev27941221n34">
<ptxt id="nev24235674n1-nev27941221n35">Remove the part#@#@#5#fully</ptxt>
</para>
</graphtext>
</grate>
</procstep>
<procstep id="nev24235674n1-nev27881641n48">
<grate id="nev24235674n1-nev27941221n32">
<graphic id="nev24235674n1-nev27941221n33">
<href>0900c8af87af5d5#@#@#9#.jpeg</href>
</graphic>
<graphtext id="nev24235674n1-nev27941353n1">
<para id="nev24235674n1-nev27941221n30">
<ptxt id="nev24235674n1-nev27941221n31">Repeat on the o#@#@#5#side.</ptxt>
</para>
<para id="nev24235674n1-nev27941221n28">
<ptxt id="nev24235674n1-nev27941221n29">Remove the panel.</ptxt>
</para>
</graphtext>
</grate>
</procstep>
<procstep id="nev24235674n1-nev27881641n41">
<grate id="nev24235674n1-nev27941221n26">
<graphic id="nev24235674n1-nev27941221n27">
<href>0900c8af87af62c#@#@#9#.jpeg</href>
</graphic>
<graphtext id="nev24235674n1-nev27941357n1">
<para id="nev24235674n1-nev27941221n24">
<ptxt id="nev24235674n1-nev27941221n25">Remove the mark#@#@#3#part.</ptxt>
</para>
</graphtext>
</grate>
</procstep>
<procstep id="nev24235674n1-nev27881641n36">
<grate id="nev24235674n1-nev27941221n22">
<graphic id="nev24235674n1-nev27941221n23">
<href>0900c8af87af644#@#@#9#.jpeg</href>
</graphic>
<graphtext id="nev24235674n1-nev27941361n1">
<para id="nev24235674n1-nev27941221n20">
<ptxt id="nev24235674n1-nev27941221n21">Remove the cabl#@#@#11#lips.</ptxt>
</para>
</graphtext>
</grate>
</procstep>
<procstep id="nev24235674n1-nev27881641n31">
<grate id="nev24235674n1-nev27941221n18">
<graphic id="nev24235674n1-nev27941221n19">
<href>0900c8af87af63c#@#@#9#.jpeg</href>
</graphic>
<graphtext id="nev24235674n1-nev27941365n1">
<para id="nev24235674n1-nev27941221n16">
<ptxt id="nev24235674n1-nev27941221n17">
<torque id="nev24235674n1-nev27939462n10">
<ref id="nev24235674n1-nev27939462n8"/>
</torque>
</ptxt>
</para>
<para id="nev24235674n1-nev27941221n14">
<ptxt id="nev24235674n1-nev27941221n15">Remove the screws.</ptxt>
</para>
</graphtext>
</grate>
</procstep>
<procstep id="nev24235674n1-nev27881641n26">
<grate id="nev24235674n1-nev27941221n12">
<graphic id="nev24235674n1-nev27941221n13">
<href>0900c8af87af63c#@#@#9#.jpeg</href>
</graphic>
<graphtext id="nev24235674n1-nev27941372n1">
<para id="nev24235674n1-nev27941221n10">
<ptxt id="nev24235674n1-nev27941221n11">Remove the mark#@#@#3#part.</ptxt>
</para>
</graphtext>
</grate>
</procstep>
<procstep id="nev24235674n1-nev24440705n6">
<grate id="nev24235674n1-nev27941221n8">
<graphic id="nev24235674n1-nev27941221n9">
<href>0900c8af870d513#@#@#9#.jpeg</href>
</graphic>
<graphtext id="nev24235674n1-nev27941376n1">
<para id="nev24235674n1-nev27941221n6">
<ptxt id="nev24235674n1-nev27941221n7">Remove the mark#@#@#3#part.</ptxt>
</para>
<para id="nev24235674n1-nev27941221n4">
<ptxt id="nev24235674n1-nev27941221n5">On both sides.</ptxt>
</para>
</graphtext>
</grate>
</procstep>
<procstep id="nev24235674n1-nev24450090n100">
<grate id="nev24235674n1-nev27941221n2">
<graphic id="nev24235674n1-nev27941221n3">
<href>0900c8af870d623#@#@#9#.jpeg</href>
</graphic>
<graphtext id="nev24235674n1-nev27941380n1">
<para id="nev24235674n1-nev27941321n100">
<ptxt id="nev24235674n1-nev27941221n1">Remove the screws.</ptxt>
</para>
<para id="nev24235674n1-nev27941321n98">
<ptxt id="nev24235674n1-nev27941321n99">Remove the mark#@#@#3#part.</ptxt>
</para>
<para id="nev24235674n1-nev27941321n96">
<ptxt id="nev24235674n1-nev27941321n97">On both sides.</ptxt>
</para>
</graphtext>
</grate>
</procstep>
<procstep id="nev24235674n1-nev24308021n46">
<grate id="nev24235674n1-nev27941321n94">
<graphic id="nev24235674n1-nev27941321n95">
<href>0900c8af86f969a#@#@#9#.jpeg</href>
</graphic>
<graphtext id="nev24235674n1-nev27941384n1">
<para id="nev24235674n1-nev27941321n92">
<ptxt id="nev24235674n1-nev27941321n93">Remove the screws.</ptxt>
</para>
</graphtext>
</grate>
</procstep>
<procstep id="nev24235674n1-nev24308021n41">
<grate id="nev24235674n1-nev27941321n90">
<graphic id="nev24235674n1-nev27941321n91">
<href>0900c8af86f9662#@#@#9#.jpeg</href>
</graphic>
<graphtext id="nev24235674n1-nev27941388n1">
<list1 enumtype="n" id="nev24235674n1-nev25065160n96" type="ordered">
<item id="nev24235674n1-nev27941321n89">
<ptxt id="nev24235674n1-nev27941321n88">
<torque id="nev24235674n1-nev25065160n94">
<ref id="nev24235674n1-nev25065160n92"/>
</torque>
</ptxt>
</item>
<item id="nev24235674n1-nev27941321n87">
<ptxt id="nev24235674n1-nev27941321n86">
<torque id="nev24235674n1-nev25065160n90">
<ref id="nev24235674n1-nev25065160n88"/>
</torque>
</ptxt>
</item>
</list1>
<para id="nev24235674n1-nev27941321n84">
<ptxt id="nev24235674n1-nev27941321n85">Remove the screws.</ptxt>
</para>
<para id="nev24235674n1-nev27941321n82">
<ptxt id="nev24235674n1-nev27941321n83">On both sides.</ptxt>
</para>
</graphtext>
</grate>
</procstep>
<procstep id="nev24235674n1-nev24308021n36">
<grate id="nev24235674n1-nev27941321n80">
<graphic id="nev24235674n1-nev27941321n81">
<href>0900c8af8701c1d#@#@#9#.jpeg</href>
</graphic>
</grate>
</procstep>
<procstep id="nev24235674n1-nev24308021n55">
<grate id="nev24235674n1-nev27941321n78">
<graphic id="nev24235674n1-nev27941321n79">
<href>0900c8af8701756#@#@#9#.jpeg</href>
</graphic>
<graphtext id="nev24235674n1-nev27941401n1">
<note id="nev24235674n1-0800c8af85df4c6e">
<ptxt>The graphic sho#@#@#39#oval.</ptxt>
</note>
</graphtext>
</grate>
</procstep>
<procstep id="nev24235674n1-nev24308021n51">
<grate id="nev24235674n1-nev27941321n76">
<graphic id="nev24235674n1-nev27941321n77">
<href>0900c8af8701756#@#@#9#.jpeg</href>
</graphic>
<graphtext id="nev24235674n1-nev27941405n1">
<para id="nev24235674n1-nev27941321n74">
<ptxt id="nev24235674n1-nev27941321n75">Remove the panel.</ptxt>
</para>
</graphtext>
</grate>
</procstep>
<procstep id="nev24235674n1-nev24308021n33">
<grate id="nev24235674n1-nev27941321n72">
<graphic id="nev24235674n1-nev27941321n73">
<href>0900c8af8701c9e#@#@#9#.jpeg</href>
</graphic>
<graphtext id="nev24235674n1-nev27941409n1">
<para id="nev24235674n1-nev27941321n70">
<ptxt id="nev24235674n1-nev27941321n71">Remove the screws.</ptxt>
</para>
</graphtext>
</grate>
</procstep>
<procstep id="nev24235674n1-nev24450090n73">
<grate id="nev24235674n1-nev27941321n68">
<graphic id="nev24235674n1-nev27941321n69">
<href>0900c8af870d639#@#@#9#.jpeg</href>
</graphic>
<graphtext id="nev24235674n1-nev27941413n1">
<caution id="nev24235674n1-0800c8af8572e947">
<ptxt>Make sure that #@#@#52#nent.</ptxt>
</caution>
<para id="nev24235674n1-nev27941321n66">
<ptxt id="nev24235674n1-nev27941321n67">Remove the mark#@#@#3#part.</ptxt>
</para>
</graphtext>
</grate>
</procstep>
<procstep id="nev24235674n1-nev24308021n23">
<grate id="nev24235674n1-nev27941321n64">
<graphic id="nev24235674n1-nev27941321n65">
<href>0900c8af8701cbd#@#@#9#.jpeg</href>
</graphic>
<graphtext id="nev24235674n1-nev27941417n1">
<caution id="nev24235674n1-0800c8af8572e947">
<ptxt>Make sure that #@#@#52#nent.</ptxt>
</caution>
<para id="nev24235674n1-nev27941321n62">
<ptxt id="nev24235674n1-nev27941321n63">Disconnect the #@#@#5#ctor.</ptxt>
</para>
</graphtext>
</grate>
</procstep>
<procstep id="nev24235674n1-nev24308021n64">
<grate id="nev24235674n1-nev27941321n60">
<graphic id="nev24235674n1-nev27941321n61">
<href>0900c8af870030c#@#@#9#.jpeg</href>
</graphic>
<graphtext id="nev24235674n1-nev27941421n1">
<para id="nev24235674n1-nev27941321n58">
<ptxt id="nev24235674n1-nev27941321n59">Remove the mark#@#@#3#part.</ptxt>
</para>
</graphtext>
</grate>
</procstep>
<procstep id="nev24235674n1-nev24450090n58">
<grate id="nev24235674n1-nev27941321n56">
<graphic id="nev24235674n1-nev27941321n57">
<href>0900c8af870d681#@#@#9#.jpeg</href>
</graphic>
<graphtext id="nev24235674n1-nev27941425n1">
<para id="nev24235674n1-nev27941321n54">
<ptxt id="nev24235674n1-nev27941321n55">Remove the mark#@#@#3#part.</ptxt>
</para>
<para id="nev24235674n1-nev27941321n52">
<ptxt id="nev24235674n1-nev27941321n53">On both sides.</ptxt>
</para>
</graphtext>
</grate>
</procstep>
<procstep id="nev24235674n1-nev24896041n48">
<grate id="nev24235674n1-nev27941321n50">
<graphic id="nev24235674n1-nev27941321n51">
<href>0900c8af8730faa#@#@#9#.jpeg</href>
</graphic>
<graphtext id="nev24235674n1-nev27941429n1">
<note id="nev24235674n1-0800c8af85df4c6e">
<ptxt>The graphic sho#@#@#39#oval.</ptxt>
</note>
</graphtext>
</grate>
</procstep>
<procstep id="nev24235674n1-nev24896041n44">
<grate id="nev24235674n1-nev27941321n48">
<graphic id="nev24235674n1-nev27941321n49">
<href>0900c8af8730faa#@#@#9#.jpeg</href>
</graphic>
<graphtext id="nev24235674n1-nev27941433n1">
<para id="nev24235674n1-nev27941321n46">
<ptxt id="nev24235674n1-nev27941321n47">Remove the mark#@#@#3#part.</ptxt>
</para>
</graphtext>
</grate>
</procstep>
<procstep id="nev24235674n1-nev24453087n48">
<grate id="nev24235674n1-nev27941321n44">
<graphic id="nev24235674n1-nev27941321n45">
<href>0900c8af870dcac#@#@#9#.jpeg</href>
</graphic>
<graphtext id="nev24235674n1-nev27941437n1">
<para id="nev24235674n1-nev27941321n42">
<ptxt id="nev24235674n1-nev27941321n43">
<torque id="nev24235674n1-nev24886233n37">
<ref id="nev24235674n1-nev24886233n35"/>
</torque>
</ptxt>
</para>
<para id="nev24235674n1-nev27941321n40">
<ptxt id="nev24235674n1-nev27941321n41">Remove the screws.</ptxt>
</para>
</graphtext>
</grate>
</procstep>
<procstep id="nev24235674n1-nev24308021n8">
<grate id="nev24235674n1-nev27941321n38">
<graphic id="nev24235674n1-nev27941321n39">
<href>0900c8af870238a#@#@#9#.jpeg</href>
</graphic>
<graphtext id="nev24235674n1-nev27941444n1">
<caution id="nev24235674n1-0800c8af8572e947">
<ptxt>Make sure that #@#@#52#nent.</ptxt>
</caution>
<para id="nev24235674n1-nev27941321n36">
<ptxt id="nev24235674n1-nev27941321n37">Remove the screws.</ptxt>
</para>
<para id="nev24235674n1-nev27941321n34">
<ptxt id="nev24235674n1-nev27941321n35">Remove the mark#@#@#3#part.</ptxt>
</para>
</graphtext>
</grate>
</procstep>
<procstep id="nev24235674n1-nev24308021n1">
<grate id="nev24235674n1-nev27941321n32">
<graphic id="nev24235674n1-nev27941321n33">
<href>0900c8af87023a8#@#@#9#.jpeg</href>
</graphic>
<graphtext id="nev24235674n1-nev27941448n1">
<para id="nev24235674n1-nev27941321n30">
<ptxt id="nev24235674n1-nev27941321n31">
<torque id="nev24235674n1-nev24310595n7">
<ref id="nev24235674n1-nev24285209n44"/>
</torque>
</ptxt>
</para>
<para id="nev24235674n1-nev27941321n28">
<ptxt id="nev24235674n1-nev27941321n29">Remove the screw.</ptxt>
</para>
<para id="nev24235674n1-nev27941321n26">
<ptxt id="nev24235674n1-nev27941321n27">Remove the clips.</ptxt>
</para>
<para id="nev24235674n1-nev27941321n24">
<ptxt id="nev24235674n1-nev27941321n25">Remove the mark#@#@#3#part.</ptxt>
</para>
<para id="nev24235674n1-nev27941321n22">
<ptxt id="nev24235674n1-nev27941321n23">On both sides.</ptxt>
</para>
</graphtext>
</grate>
</procstep>
<procstep id="nev24235674n1-nev24309341n87">
<grate id="nev24235674n1-nev27941321n20">
<graphic id="nev24235674n1-nev27941321n21">
<href>0900c8af8700e0f#@#@#9#.jpeg</href>
</graphic>
<graphtext id="nev24235674n1-nev27941455n1">
<para id="nev24235674n1-nev27941321n18">
<ptxt id="nev24235674n1-nev27941321n19">
<torque id="nev24235674n1-nev24453087n19">
<ref id="nev24235674n1-nev24453087n17"/>
</torque>
</ptxt>
</para>
<para id="nev24235674n1-nev27941321n16">
<ptxt id="nev24235674n1-nev27941321n17">Remove the nuts.</ptxt>
</para>
</graphtext>
</grate>
</procstep>
<procstep id="nev24235674n1-nev24453087n13">
<grate id="nev24235674n1-nev27941321n14">
<graphic id="nev24235674n1-nev27941321n15">
<href>0900c8af870dd22#@#@#9#.jpeg</href>
</graphic>
<graphtext id="nev24235674n1-nev27941462n1">
<para id="nev24235674n1-nev27941321n12">
<ptxt id="nev24235674n1-nev27941321n13">
<torque id="nev24235674n1-nev24476517n69">
<ref id="nev24235674n1-nev24476517n67"/>
</torque>
</ptxt>
</para>
<para id="nev24235674n1-nev27941321n10">
<ptxt id="nev24235674n1-nev27941321n11">Remove the screws.</ptxt>
</para>
<para id="nev24235674n1-nev27941321n8">
<ptxt id="nev24235674n1-nev27941321n9">On both sides.</ptxt>
</para>
</graphtext>
</grate>
</procstep>
<procstep id="nev24235674n1-nev24309341n82">
<grate id="nev24235674n1-nev27941321n6">
<graphic id="nev24235674n1-nev27941321n7">
<href>0900c8af87016e8#@#@#9#.jpeg</href>
</graphic>
<graphtext id="nev24235674n1-nev27941469n1">
<para id="nev24235674n1-nev27941321n4">
<ptxt id="nev24235674n1-nev27941321n5">Remove the mark#@#@#3#part.</ptxt>
</para>
</graphtext>
</grate>
</procstep>
<procstep id="nev24235674n1-nev24476517n57">
<grate id="nev24235674n1-nev27941321n2">
<graphic id="nev24235674n1-nev27941321n3">
<href>0900c8af870f1de#@#@#9#.jpeg</href>
</graphic>
<graphtext id="nev24235674n1-nev27941473n1">
<para id="nev24235674n1-nev27941322n100">
<ptxt id="nev24235674n1-nev27941321n1">
<torque id="nev24235674n1-nev24476517n54">
<ref id="nev24235674n1-nev24476517n52"/>
</torque>
</ptxt>
</para>
<para id="nev24235674n1-nev27941322n98">
<ptxt id="nev24235674n1-nev27941322n99">Remove the nuts.</ptxt>
</para>
<para id="nev24235674n1-nev27941322n96">
<ptxt id="nev24235674n1-nev27941322n97">Remove the mark#@#@#3#part.</ptxt>
</para>
</graphtext>
</grate>
</procstep>
<procstep id="nev24235674n1-nev24476517n46">
<grate id="nev24235674n1-nev27941322n94">
<graphic id="nev24235674n1-nev27941322n95">
<href>0900c8af870f206#@#@#9#.jpeg</href>
</graphic>
<graphtext id="nev24235674n1-nev27941480n1">
<para id="nev24235674n1-nev27941322n92">
<ptxt id="nev24235674n1-nev27941322n93">
<torque id="nev24235674n1-nev24886234n85">
<ref id="nev24235674n1-nev24886234n83"/>
</torque>
</ptxt>
</para>
<para id="nev24235674n1-nev27941322n90">
<ptxt id="nev24235674n1-nev27941322n91">Remove the nuts.</ptxt>
</para>
<para id="nev24235674n1-nev27941322n88">
<ptxt id="nev24235674n1-nev27941322n89">Remove the mark#@#@#3#part.</ptxt>
</para>
</graphtext>
</grate>
</procstep>
<procstep id="nev24235674n1-nev24863208n16">
<grate id="nev24235674n1-nev27941322n86">
<graphic id="nev24235674n1-nev27941322n87">
<href>0900c8af87308ab#@#@#9#.jpeg</href>
</graphic>
<graphtext id="nev24235674n1-nev27941487n1">
<para id="nev24235674n1-nev27941322n84">
<ptxt id="nev24235674n1-nev27941322n85">Remove the mark#@#@#3#part.</ptxt>
</para>
</graphtext>
</grate>
</procstep>
<procstep id="nev24235674n1-nev24309341n74">
<grate id="nev24235674n1-nev27941322n82">
<graphic id="nev24235674n1-nev27941322n83">
<href>0900c8af8704694#@#@#9#.jpeg</href>
</graphic>
<graphtext id="nev24235674n1-nev27941491n1">
<para id="nev24235674n1-nev27941322n80">
<ptxt id="nev24235674n1-nev27941322n81">Remove the mark#@#@#3#part.</ptxt>
</para>
</graphtext>
</grate>
</procstep>
<procstep id="nev24235674n1-nev24309341n77">
<grate id="nev24235674n1-nev27941322n78">
<graphic id="nev24235674n1-nev27941322n79">
<href>0900c8af8704694#@#@#9#.jpeg</href>
</graphic>
<graphtext id="nev24235674n1-nev27941495n1">
<para id="nev24235674n1-nev27941322n76">
<ptxt id="nev24235674n1-nev27941322n77">Remove the mark#@#@#3#part.</ptxt>
</para>
</graphtext>
</grate>
</procstep>
<procstep id="nev24235674n1-nev24872793n39">
<grate id="nev24235674n1-nev27941322n74">
<graphic id="nev24235674n1-nev27941322n75">
<href>0900c8af8730fa9#@#@#9#.jpeg</href>
</graphic>
<graphtext id="nev24235674n1-nev27941499n1">
<para id="nev24235674n1-nev27941322n72">
<ptxt id="nev24235674n1-nev27941322n73">Remove the mark#@#@#3#part.</ptxt>
</para>
</graphtext>
</grate>
</procstep>
<procstep id="nev24235674n1-nev24872793n36">
<grate id="nev24235674n1-nev27941322n70">
<graphic id="nev24235674n1-nev27941322n71">
<href>0900c8af8730faa#@#@#9#.jpeg</href>
</graphic>
<graphtext id="nev24235674n1-nev27941503n1">
<para id="nev24235674n1-nev27941322n68">
<ptxt id="nev24235674n1-nev27941322n69">Remove the mark#@#@#3#part.</ptxt>
</para>
</graphtext>
</grate>
</procstep>
<procstep id="nev24235674n1-nev24896042n60">
<para id="nev24235674n1-nev27941322n66">
<ptxt id="nev24235674n1-nev27941322n67">Remove side pan#@#@#28#ence)<xref boilerplate="true" id="nev24235674n1-0800c8af87325394">
<ref id="nev24235674n1-nev24896042n57"/>
</xref>
</ptxt>
</para>
</procstep>
<procstep id="nev24235674n1-nev24889369n26">
<title id="nev24235674n1-0800c8af85160454">Applies to the #@#@#10# side</title>
</procstep>
<procstep id="nev24235674n1-nev24889369n24">
<grate id="nev24235674n1-nev27941322n64">
<graphic id="nev24235674n1-nev27941322n65">
<href>0900c8af8731db9#@#@#9#.jpeg</href>
</graphic>
<graphtext id="nev24235674n1-nev27941510n1">
<para id="nev24235674n1-nev27941322n62">
<ptxt id="nev24235674n1-nev27941322n63">Remove the screws.</ptxt>
</para>
</graphtext>
</grate>
</procstep>
<procstep id="nev24235674n1-nev24889369n19">
<grate id="nev24235674n1-nev27941322n60">
<graphic id="nev24235674n1-nev27941322n61">
<href>0900c8af8731db1#@#@#9#.jpeg</href>
</graphic>
<graphtext id="nev24235674n1-nev27941514n1">
<para id="nev24235674n1-nev27941322n58">
<ptxt id="nev24235674n1-nev27941322n59">Disconnect the #@#@#5#ctor.</ptxt>
</para>
</graphtext>
</grate>
</procstep>
<procstep id="nev24235674n1-nev24889369n14">
<grate id="nev24235674n1-nev27941322n56">
<graphic id="nev24235674n1-nev27941322n57">
<href>0900c8af8731db9#@#@#9#.jpeg</href>
</graphic>
<graphtext id="nev24235674n1-nev27941518n1">
<para id="nev24235674n1-nev27941322n54">
<ptxt id="nev24235674n1-nev27941322n55">Remove the mark#@#@#3#part.</ptxt>
</para>
</graphtext>
</grate>
</procstep>
<procstep id="nev24235674n1-nev24889369n9">
<title id="nev24235674n1-0800c8af85160469">Applies to the #@#@#10#side:</title>
</procstep>
<procstep id="nev24235674n1-nev24889369n7">
<grate id="nev24235674n1-nev27941322n52">
<graphic id="nev24235674n1-nev27941322n53">
<href>0900c8af8731dbb#@#@#9#.jpeg</href>
</graphic>
<graphtext id="nev24235674n1-nev27941522n1">
<para id="nev24235674n1-nev27941322n50">
<ptxt id="nev24235674n1-nev27941322n51">
<torque id="nev24235674n1-nev24900725n23">
<ref id="nev24235674n1-nev24900725n21"/>
</torque>
</ptxt>
</para>
<para id="nev24235674n1-nev27941322n48">
<ptxt id="nev24235674n1-nev27941322n49">Remove the screws.</ptxt>
</para>
<para id="nev24235674n1-nev27941322n46">
<ptxt id="nev24235674n1-nev27941322n47">Remove the mark#@#@#3#part.</ptxt>
</para>
</graphtext>
</grate>
</procstep>
<procstep id="nev24235674n1-nev24889373n100">
<title id="nev24235674n1-0800c8af844a41e8">All vehicles</title>
</procstep>
<procstep id="nev24235674n1-nev24868721n21">
<grate id="nev24235674n1-nev27941322n44">
<graphic id="nev24235674n1-nev27941322n45">
<href>0900c8af8730f08#@#@#9#.jpeg</href>
</graphic>
<graphtext id="nev24235674n1-nev27941529n1">
<para id="nev24235674n1-nev27941322n42">
<ptxt id="nev24235674n1-nev27941322n43">
<torque id="nev24235674n1-nev24886234n57">
<ref id="nev24235674n1-nev24886234n55"/>
</torque>
</ptxt>
</para>
<para id="nev24235674n1-nev27941322n40">
<ptxt id="nev24235674n1-nev27941322n41">Remove the screws.</ptxt>
</para>
</graphtext>
</grate>
</procstep>
<procstep id="nev24235674n1-nev24868721n16">
<grate id="nev24235674n1-nev27941322n38">
<graphic id="nev24235674n1-nev27941322n39">
<href>0900c8af8730f1b#@#@#9#.jpeg</href>
</graphic>
<graphtext id="nev24235674n1-nev27941536n1">
<para id="nev24235674n1-nev27941322n36">
<ptxt id="nev24235674n1-nev27941322n37">
<torque id="nev24235674n1-nev24886234n49">
<ref id="nev24235674n1-nev24886234n47"/>
</torque>
</ptxt>
</para>
<para id="nev24235674n1-nev27941322n34">
<ptxt id="nev24235674n1-nev27941322n35">On both sides.</ptxt>
</para>
<para id="nev24235674n1-nev27941322n32">
<ptxt id="nev24235674n1-nev27941322n33">Remove the screw.</ptxt>
</para>
</graphtext>
</grate>
</procstep>
<procstep id="nev24235674n1-nev24868721n9">
<grate id="nev24235674n1-nev27941322n30">
<graphic id="nev24235674n1-nev27941322n31">
<href>0900c8af8730f1c#@#@#9#.jpeg</href>
</graphic>
<graphtext id="nev24235674n1-nev27941543n1">
<para id="nev24235674n1-nev27941322n28">
<ptxt id="nev24235674n1-nev27941322n29">Remove the cabl#@#@#11#lips.</ptxt>
</para>
</graphtext>
</grate>
</procstep>
<procstep id="nev24235674n1-nev24896042n19">
<grate id="nev24235674n1-nev27941322n26">
<graphic id="nev24235674n1-nev27941322n27">
<href>0900c8af873253e#@#@#9#.jpeg</href>
</graphic>
<graphtext id="nev24235674n1-nev27941547n1">
<para id="nev24235674n1-nev27941322n24">
<ptxt id="nev24235674n1-nev27941322n25">
<torque id="nev24235674n1-nev24896042n16">
<ref id="nev24235674n1-nev24896042n14"/>
</torque>
</ptxt>
</para>
<para id="nev24235674n1-nev27941322n22">
<ptxt id="nev24235674n1-nev27941322n23">Remove the nut.</ptxt>
</para>
</graphtext>
</grate>
</procstep>
<procstep id="nev24235674n1-nev24872793n21">
<grate id="nev24235674n1-nev27941322n20">
<graphic id="nev24235674n1-nev27941322n21">
<href>0900c8af8730fa9#@#@#9#.jpeg</href>
</graphic>
<graphtext id="nev24235674n1-nev27941554n1">
<hint id="nev24235674n1-0800c8af869f230f">
<ptxt>This step may r#@#@#32#cian.</ptxt>
</hint>
<para id="nev24235674n1-nev27941322n18">
<ptxt id="nev24235674n1-nev27941322n19">
<torque id="nev24235674n1-nev24896042n8">
<ref id="nev24235674n1-nev24896042n6"/>
</torque>
</ptxt>
</para>
<para id="nev24235674n1-nev27941322n16">
<ptxt id="nev24235674n1-nev27941322n17">Remove the screws.</ptxt>
</para>
</graphtext>
</grate>
</procstep>
<procstep id="nev24235674n1-nev24872793n15">
<grate id="nev24235674n1-nev27941322n14">
<graphic id="nev24235674n1-nev27941322n15">
<href>0900c8af8730f6e#@#@#9#.jpeg</href>
</graphic>
<graphtext id="nev24235674n1-nev27941561n1">
<para id="nev24235674n1-nev27941322n12">
<ptxt id="nev24235674n1-nev27941322n13">
<torque id="nev24235674n1-nev24896043n100">
<ref id="nev24235674n1-nev24896043n98"/>
</torque>
</ptxt>
</para>
<para id="nev24235674n1-nev27941322n10">
<ptxt id="nev24235674n1-nev27941322n11">On both sides.</ptxt>
</para>
<para id="nev24235674n1-nev27941322n8">
<ptxt id="nev24235674n1-nev27941322n9">Remove the screws.</ptxt>
</para>
</graphtext>
</grate>
</procstep>
<procstep id="nev24235674n1-nev24896043n92">
<grate id="nev24235674n1-nev27941322n6">
<graphic id="nev24235674n1-nev27941322n7">
<href>0900c8af873253e#@#@#9#.jpeg</href>
</graphic>
<graphtext id="nev24235674n1-nev27941568n1">
<para id="nev24235674n1-nev27941322n4">
<ptxt id="nev24235674n1-nev27941322n5">
<torque id="nev24235674n1-nev24896043n89">
<ref id="nev24235674n1-nev24896043n87"/>
</torque>
</ptxt>
</para>
<para id="nev24235674n1-nev27941322n2">
<ptxt id="nev24235674n1-nev27941322n3">Remove the screw.</ptxt>
</para>
<para id="nev24235674n1-nev27941323n100">
<ptxt id="nev24235674n1-nev27941322n1">On both sides.</ptxt>
</para>
</graphtext>
</grate>
</procstep>
<procstep id="nev24235674n1-nev24872793n8">
<grate id="nev24235674n1-nev27941323n98">
<graphic id="nev24235674n1-nev27941323n99">
<href>0900c8af873255b#@#@#9#.jpeg</href>
</graphic>
<graphtext id="nev24235674n1-nev27941575n1">
<warning id="nev24235674n1-0800c8af844a47e2">
<ptxt>This step requi#@#@#29#cian.</ptxt>
</warning>
<para id="nev24235674n1-nev27941323n96">
<ptxt id="nev24235674n1-nev27941323n97">Remove the mark#@#@#3#part.</ptxt>
</para>
</graphtext>
</grate>
</procstep>
</stepgrp>
<stepgrp boilerplate="false" context="" id="nev24235674n1-nev27941323n95">
<title id="nev24235674n1-0800c8af85785bbc">Transferring co#@#@#3#nents</title>
<procstep id="nev24235674n1-nev27883046n7">
<grate id="nev24235674n1-nev27941323n93">
<graphic id="nev24235674n1-nev27941323n94">
<href>0900c8af87af644#@#@#9#.jpeg</href>
</graphic>
<graphtext id="nev24235674n1-nev27941579n1">
<para id="nev24235674n1-nev27941323n91">
<ptxt id="nev24235674n1-nev27941323n92">Remove the mark#@#@#3#part.</ptxt>
</para>
<para id="nev24235674n1-nev27941323n89">
<ptxt id="nev24235674n1-nev27941323n90">The item is to #@#@#5#used.</ptxt>
</para>
</graphtext>
</grate>
</procstep>
<procstep id="nev24235674n1-nev27883046n2">
<grate id="nev24235674n1-nev27941323n87">
<graphic id="nev24235674n1-nev27941323n88">
<href>0900c8af87af62c#@#@#9#.jpeg</href>
</graphic>
<graphtext id="nev24235674n1-nev27941583n1">
<para id="nev24235674n1-nev27941323n85">
<ptxt id="nev24235674n1-nev27941323n86">Release the catches.</ptxt>
</para>
<para id="nev24235674n1-nev27941323n83">
<ptxt id="nev24235674n1-nev27941323n84">Remove the mark#@#@#3#part.</ptxt>
</para>
<para id="nev24235674n1-nev27941323n81">
<ptxt id="nev24235674n1-nev27941323n82">The item is to #@#@#5#used.</ptxt>
</para>
</graphtext>
</grate>
</procstep>
<procstep id="nev24235674n1-nev27883047n95">
<grate id="nev24235674n1-nev27941323n79">
<graphic id="nev24235674n1-nev27941323n80">
<href>0900c8af87af62c#@#@#9#.jpeg</href>
</graphic>
<graphtext id="nev24235674n1-nev27941587n1">
<para id="nev24235674n1-nev27941323n77">
<ptxt id="nev24235674n1-nev27941323n78">Remove the mark#@#@#3#part.</ptxt>
</para>
<para id="nev24235674n1-nev27941323n75">
<ptxt id="nev24235674n1-nev27941323n76">The item is to #@#@#5#used.</ptxt>
</para>
</graphtext>
</grate>
</procstep>
<procstep id="nev24235674n1-nev27894443n42">
<grate id="nev24235674n1-nev27941323n73">
<graphic id="nev24235674n1-nev27941323n74">
<href>0900c8af87afb6f#@#@#9#.jpeg</href>
</graphic>
<graphtext id="nev24235674n1-nev27941591n1">
<para id="nev24235674n1-nev27941323n71">
<ptxt id="nev24235674n1-nev27941323n72">The part is not#@#@#9#used.</ptxt>
</para>
<para id="nev24235674n1-nev27941323n69">
<ptxt id="nev24235674n1-nev27941323n70">Make sure to re#@#@#33# new.</ptxt>
</para>
</graphtext>
</grate>
</procstep>
</stepgrp>
<stepgrp boilerplate="false" context="" id="nev24235674n1-nev27941323n68">
<title id="nev24235674n1-0800c8af844a46f9">Installation</title>
<procstep id="nev24235674n1-nev27941323n67">
<grate id="nev24235674n1-nev27941323n65">
<graphic id="nev24235674n1-nev27941323n66">
<href>0900c8af87b1b59#@#@#9#.jpeg</href>
</graphic>
<graphtext id="nev24235674n1-nev27941595n1">
<para id="nev24235674n1-nev27941323n63">
<ptxt id="nev24235674n1-nev27941323n64">
<material id="nev24235674n1-nev27941323n62" materialid="31299109" materialname="Double-sided tape" quantity="0.2" showInProcStep="true"/>
</ptxt>
</para>
</graphtext>
</grate>
</procstep>
<procstep id="nev24235674n1-nev27883047n85">
<grate id="nev24235674n1-nev27941323n60">
<graphic id="nev24235674n1-nev27941323n61">
<href>0900c8af87af644#@#@#9#.jpeg</href>
</graphic>
<graphtext id="nev24235674n1-nev27941602n1">
<para id="nev24235674n1-nev27941323n58">
<ptxt id="nev24235674n1-nev27941323n59">Remove any tape#@#@#12#idue.</ptxt>
</para>
<para id="nev24235674n1-nev27941323n56">
<ptxt id="nev24235674n1-nev27941323n57">Clean the marke#@#@#2#area.</ptxt>
</para>
</graphtext>
</grate>
</procstep>
<procstep id="nev24235674n1-nev27883047n78">
<grate id="nev24235674n1-nev27941323n54">
<graphic id="nev24235674n1-nev27941323n55">
<href>0900c8af87af62c#@#@#9#.jpeg</href>
</graphic>
<graphtext id="nev24235674n1-nev27941606n1">
<para id="nev24235674n1-nev27941323n52">
<ptxt id="nev24235674n1-nev27941323n53">Note position o#@#@#8#ents.</ptxt>
</para>
<para id="nev24235674n1-nev27941323n50">
<ptxt id="nev24235674n1-nev27941323n51">Install the mar#@#@#9#nent.</ptxt>
</para>
</graphtext>
</grate>
</procstep>
<procstep id="nev24235674n1-nev27883047n75">
<grate id="nev24235674n1-nev27941323n48">
<graphic id="nev24235674n1-nev27941323n49">
<href>0900c8af87af644#@#@#9#.jpeg</href>
</graphic>
<graphtext id="nev24235674n1-nev27941610n1">
<para id="nev24235674n1-nev27941323n46">
<ptxt id="nev24235674n1-nev27941323n47">Install the mar#@#@#9#nent.</ptxt>
</para>
</graphtext>
</grate>
</procstep>
<procstep id="nev24235674n1-nev24896043n75">
<para id="nev24235674n1-nev27941323n44">
<ptxt id="nev24235674n1-nev27941323n45">To install, rev#@#@#22#dure.</ptxt>
</para>
</procstep>
</stepgrp>
</procedure>
</servinfosub>