<?xml version="1.0" encoding="UTF-8"?><diagnostic IE-ID="en-US0900c8af80c4951c" docno="VCC-153560" id="KC02770851" type="test" xml:lang="en-US">
<title>
<phrase category="" id="KC09466297" phrase-urn="urn:x-nevis:phrase:0800c8af8270a5e4">Verification</phrase>
</title>
<testgrp IE-ID="en-US0900c8af80c4951c_KC02770857" id="KC02770857" j2008use="1" paperuse="1" resumable="1" screenuse="1" testgrp-id="verifnode" x="240" y="120">
<title>
<phrase category="" id="KC09466298" phrase-urn="urn:x-nevis:phrase:0800c8af8270a5e5">Verification</phrase>
</title>
<node>
<test1>
<hint>
<ptxt>
<phrase category="" id="KC09466299" phrase-urn="urn:x-nevis:phrase:0800c8af8270a5e8">After carrying #@#@#50#died.</phrase>
</ptxt>
</hint>
<diaglist>
<dgraphic>
<dgraphic1>
<graphic id="KC09466300">
<href>0900c8af80054d5#@#@#9#.jpeg</href>
</graphic>
</dgraphic1>
<dgraphic2>
<graphic id="KC09466301">
<href>0900c8af80054d7#@#@#9#.jpeg</href>
</graphic>
</dgraphic2>
</dgraphic>
<ditem>
<ptxt>
<phrase category="" id="KC09466302" phrase-urn="urn:x-nevis:phrase:0800c8af8270a5e9">Ignition off</phrase>
</ptxt>
</ditem>
<ditem>
<ptxt>
<phrase category="" id="KC09466303" phrase-urn="urn:x-nevis:phrase:0800c8af8270a5ea">Reinstall the c#@#@#21# etc.</phrase>
</ptxt>
</ditem>
<ditem>
<ptxt>
<phrase category="" id="KC09466304" phrase-urn="urn:x-nevis:phrase:0800c8af8270a5eb">Ignition on.</phrase>
</ptxt>
</ditem>
</diaglist>
<test2>
<para>
<ptxt>
<phrase category="" id="KC09466305" phrase-urn="urn:x-nevis:phrase:0800c8af8270a5ec">Check that the #@#@#128#talk.</phrase>
</ptxt>
</para>
</test2>
</test1>
<question>
Does the turn #@#@#13#ork?
</question>
<resact-grp>
<result button="yes" comp="button" highlight="0"/>
<action j2008use="1" paperuse="1" screenuse="1">
<return value="VERIFIED"/>
</action>
</resact-grp>
<resact-grp>
<result button="no" comp="button" highlight="0"/>
<action j2008use="1" paperuse="1" screenuse="1">
<return value="VERIFICATION FAILED"/>
</action>
</resact-grp>
</node>
</testgrp>
</diagnostic>