<?xml version="1.0" encoding="UTF-8"?><servinfosub IE-ID="en-US0900c8af8095151c" docno="VCC-127933" id="KC01632352" xml:lang="en-US">
<title>Draining the fu#@#@#2# tank</title>
<procedure>
<proctools>
<toolitem id="KC06790136"/>
<toolitem id="KC06790137"/>
<toolitem id="KC06790138"/>
</proctools>
<stepgrp>
<procstep id="KC01672528">
<title>Conditions</title>
<ptxt>When draining t#@#@#28#unit <toolitem id="KC06790139"/>
<toolitem id="KC06790140"/> and <toolitem id="KC06790141"/> must be used.</ptxt>
<ptxt>Drain the fuel #@#@#39#lied.</ptxt>
<list1 enumtype="d">
<item>
<ptxt>Move the integr#@#@#47#place</ptxt>
</item>
<item>
<ptxt>Release the int#@#@#30#lter.</ptxt>
</item>
</list1>
</procstep>
<procstep id="KC01672529">
<title>Draining fuel tank</title>
<grate>
<graphic id="KC06790142">
<href>0900c8af80121e7#@#@#9#.jpeg</href>
</graphic>
<graphtext>
<warning>
<ptxt>Position a clot#@#@#23#fuel.</ptxt>
</warning>
<list1 enumtype="d">
<item>
<ptxt>Connect the hos#@#@#37#line </ptxt>
</item>
<item>
<ptxt>Remove the fill#@#@#1#r cap</ptxt>
</item>
<item>
<ptxt>Start draining.</ptxt>
</item>
</list1>
</graphtext>
</grate>
</procstep>
<procstep id="KC01672530">
<title>Removal</title>
<list1 enumtype="d">
<item>
<ptxt>Remove the drai#@#@#4# unit</ptxt>
</item>
<item>
<ptxt>Connect the fue#@#@#20#ilter</ptxt>
</item>
<item>
<ptxt>Install the int#@#@#18#sebox</ptxt>
</item>
<item>
<ptxt>Fill the fuel tank.</ptxt>
</item>
</list1>
</procstep>
<procstep id="KC01672531">
<title>Bleeding the fu#@#@#4#ystem</title>
<para>
<ptxt>Pump until ther#@#@#71#imes.</ptxt>
<ptxt>Start the engin#@#@#113#ctly.</ptxt>
</para>
</procstep>
</stepgrp>
</procedure>
</servinfosub>