<?xml version="1.0" encoding="UTF-8"?><servinfosub IE-ID="en-US0900c8af823daa10" docno="VCC-165026" id="KC09018583" xml:lang="en-US">
<title>
<phrase category="" id="KC09589844" phrase-urn="urn:x-nevis:phrase:0800c8af82723f9d">Checking the vo#@#@#27#ction</phrase>
</title>
<diagnostic j2008use="1" paperuse="1" screenuse="1" type="test">
<testgrp IE-ID="en-US0900c8af823daa10_KC09018585" id="KC09018585" j2008use="1" paperuse="1" resumable="1" screenuse="1" testgrp-id="node1" x="120" y="80">
<title>
<phrase category="" id="KC09589845" phrase-urn="urn:x-nevis:phrase:0800c8af82723f9e">Checking the vo#@#@#27#ction</phrase>
</title>
<node>
<test1>
<test2>
<para>
<title>
<phrase category="" id="KC09589846" phrase-urn="urn:x-nevis:phrase:0800c8af82723f9f">Voltage feed tr#@#@#26#(TCM)</phrase>
</title>
<ptxt>
<phrase category="" id="KC09589847" phrase-urn="urn:x-nevis:phrase:0800c8af82723fa0">The transmissio#@#@#67#uts. </phrase>
</ptxt>
</para>
<para>
<ptxt>
<phrase category="" id="KC09589848" phrase-urn="urn:x-nevis:phrase:0800c8af82723fa1">When the igniti#@#@#115#ode. </phrase>
</ptxt>
</para>
<list1 enumtype="n" type="ordered">
<item>
<ptxt>
<phrase category="" id="KC09589849" phrase-urn="urn:x-nevis:phrase:0800c8af82723fa2">Voltage input 1#@#@#423#ated.</phrase>
</ptxt>
</item>
<item>
<ptxt>
<phrase category="" id="KC09589850" phrase-urn="urn:x-nevis:phrase:0800c8af82723fa3">Voltage input 2#@#@#268#ated.</phrase>
</ptxt>
</item>
</list1>
<para>
<title>
<phrase category="" id="KC09589851" phrase-urn="urn:x-nevis:phrase:0800c8af82723fa4">Checking the po#@#@#5#upply</phrase>
</title>
<ptxt>
<phrase category="" id="KC09589852" phrase-urn="urn:x-nevis:phrase:0800c8af82723fa5">Check the volta#@#@#240# on. </phrase>
</ptxt>
</para>
<para>
<ptxt>
<phrase category="" id="KC09589853" phrase-urn="urn:x-nevis:phrase:0800c8af82723fa6">Check the volta#@#@#236#s on.</phrase>
</ptxt>
</para>
<para>
<title>
<phrase category="" id="KC09589854" phrase-urn="urn:x-nevis:phrase:0800c8af82723fa7">Ground connecti#@#@#31#(TCM)</phrase>
</title>
<ptxt>
<phrase category="" id="KC09589855" phrase-urn="urn:x-nevis:phrase:0800c8af82723fa8">The transmissio#@#@#125#tion.</phrase>
</ptxt>
</para>
<list1 enumtype="n" type="unordered">
<item>
<ptxt>
<phrase category="" id="KC09589856" phrase-urn="urn:x-nevis:phrase:0800c8af82723fa9">The ground inpu#@#@#80#body.</phrase>
</ptxt>
</item>
</list1>
<para>
<title>
<phrase category="" id="KC09589857" phrase-urn="urn:x-nevis:phrase:0800c8af82723faa">Checking the gr#@#@#8#minal</phrase>
</title>
<ptxt>
<phrase category="" id="KC09589858" phrase-urn="urn:x-nevis:phrase:0800c8af82723fab">Check the groun#@#@#331#.5 V.</phrase>
</ptxt>
</para>
<para>
<ptxt>
<phrase category="" id="KC09589859" phrase-urn="urn:x-nevis:phrase:0800c8af82723f96">Remedy as necessary.</phrase>
</ptxt>
</para>
<list1 enumtype="d" type="unordered">
<title>
<phrase category="" id="KC09589860" phrase-urn="urn:x-nevis:phrase:0800c8af82723f97">Other information</phrase>
</title>
<item>
<ptxt>
<phrase category="" id="KC09589861" phrase-urn="urn:x-nevis:phrase:0800c8af82723f98">
<xref>
<ref id="KC09589862"/>
</xref>
</phrase>
</ptxt>
</item>
<item>
<ptxt>
<phrase category="" id="KC09589863" phrase-urn="urn:x-nevis:phrase:0800c8af82723f99">
<xref>
<ref id="KC09589864"/>
</xref>
</phrase>
</ptxt>
</item>
<item>
<ptxt>
<phrase category="" id="KC09589865" phrase-urn="urn:x-nevis:phrase:0800c8af82723f9a">See the relevan#@#@#78#body.</phrase>
</ptxt>
</item>
<item>
<ptxt>
<phrase category="" id="KC09589866" phrase-urn="urn:x-nevis:phrase:0800c8af82723f9b">
<xref>
<ref id="KC09589867"/>
</xref>
</phrase>
</ptxt>
</item>
</list1>
</test2>
</test1>
<question>
Select Continue.
</question>
<resact-grp>
<result button="cont" comp="button" highlight="0"/>
<action j2008use="1" paperuse="1" screenuse="1">
<return value="DONE"/>
</action>
</resact-grp>
</node>
</testgrp>
</diagnostic>
</servinfosub>