<?xml version="1.0" encoding="UTF-8"?><servinfosub IE-ID="en-US0900c8af80cc4317" docno="VCC-148958" id="KC02724692" xml:lang="en-US">
<title>
<phrase category="" id="KC07847248" phrase-urn="urn:x-nevis:phrase:0800c8af81c243a2">Diagnostic trou#@#@#30#-0011</phrase>
</title>
<diagnostic type="condition">
<condgrp>
<condition type="condition">
<grate>
<graphic id="KC07847249">
<href>0900c8af807318b#@#@#9#.jpeg</href>
</graphic>
</grate>
<para>
<ptxt>
<phrase category="" id="KC07847250" phrase-urn="urn:x-nevis:phrase:0800c8af81c243ad">The diagnostic #@#@#93#ault.</phrase>
</ptxt>
</para>
<para>
<ptxt>
<phrase category="" id="KC07847251" phrase-urn="urn:x-nevis:phrase:0800c8af81c243be">The diagnostic #@#@#76#n 3).</phrase>
</ptxt>
</para>
</condition>
</condgrp>
<condgrp>
<condition type="substitution">
<list1 enumtype="d" type="unordered">
<item>
<ptxt>
<phrase category="" id="KC07847252" phrase-urn="urn:x-nevis:phrase:0800c8af81c243cd">None.</phrase>
</ptxt>
</item>
</list1>
</condition>
<ps>
<list1 enumtype="d" type="unordered">
<item>
<ptxt>
<phrase category="" id="KC07847253" phrase-urn="urn:x-nevis:phrase:0800c8af81c243da">Internal memory#@#@#38#CCM).</phrase>
</ptxt>
</item>
</list1>
</ps>
</condgrp>
<condgrp>
<condition type="symptom">
<list1 enumtype="d" type="unordered">
<item>
<ptxt>
<phrase category="" id="KC07847254" phrase-urn="urn:x-nevis:phrase:0800c8af81c243e7">The customer se#@#@#28#pear.</phrase>
</ptxt>
</item>
</list1>
</condition>
</condgrp>
</diagnostic>
</servinfosub>