<?xml version="1.0" encoding="UTF-8"?><servinfosub IE-ID="en-US0900c8af8092e317" docno="VCC-109475" id="KC02471807" xml:lang="en-US">
<title>
<phrase category="" id="KC06654899" phrase-urn="urn:x-nevis:phrase:0800c8af819a42fb">Checking the st#@#@#17#witch</phrase>
</title>
<diagnostic type="test">
<testgrp IE-ID="en-US0900c8af8092e317_KC02471808" id="KC02471808" j2008use="1" paperuse="1" resumable="1" screenuse="1" testgrp-id="node1" x="120" y="80">
<title>
<phrase category="" id="KC06654900" phrase-urn="urn:x-nevis:phrase:0800c8af819a4317"/>
</title>
<subcalloutnode>
<diagcallout>
<xref>
<ref id="KC06654901"/>
</xref>
</diagcallout>
<rescall-grp>
<result comp="string" highlight="0" op="eq" return="FAULT FOUND"/>
<calloutaction>
<return value="FAULT FOUND"/>
</calloutaction>
</rescall-grp>
<rescall-grp>
<result comp="string" highlight="0" op="eq" return="FAULT NOT FOUND"/>
<calloutaction>
<return value="FAULT NOT FOUND"/>
</calloutaction>
</rescall-grp>
<rescall-grp>
<result comp="string" highlight="0" op="eq" return="FAULTTRACING FAILED"/>
<calloutaction>
<return value="FAULTTRACING FAILED"/>
</calloutaction>
</rescall-grp>
</subcalloutnode>
</testgrp>
</diagnostic>
</servinfosub>