<?xml version="1.0" encoding="UTF-8"?><servinfosub IE-ID="en-US0900c8af80685317" docno="VCC-040075" id="KC02205023" servinfosubId="nev20685996n1-nev20685996n2" servinfosubRes="0900c8af862c25c6" servinfosubRes2="urn:x-nevis:fragment:0900c8af80685317:0900c8af862c25c6#nev20685996n2" xml:lang="en-US">
<title>Indicator and w#@#@#7#lamps</title>
<topic>
<title>Automatic trans#@#@#2#ssion</title>
<grate>
<graphic id="nev20685996n1-KC08375696" width="column">
<href>0900c8af8068532#@#@#9#.jpeg</href>
</graphic>
<graphtext>
<para>
<ptxt>The transmissio#@#@#142# if:
</ptxt>
</para>
<list1 enumtype="d" type="unordered">
<item>
<ptxt>Driving mode W #@#@#23#ted.
</ptxt>
</item>
</list1>
<para>
<ptxt>The lamp flashe#@#@#50#g if:</ptxt>
</para>
<list1 enumtype="d" type="unordered">
<item>
<ptxt>The transmissio#@#@#94# See <xref>
<ref id="nev20685996n1-KC08375697"/>
</xref>.
</ptxt>
</item>
</list1>
<para>
<ptxt>If the fault is#@#@#401#4°F).</ptxt>
</para>
</graphtext>
</grate>
</topic>
<topic>
<title>Malfunction ind#@#@#12#(MIL)</title>
<grate>
<graphic id="nev20685996n1-KC08375698" width="column">
<href>0900c8af8068532#@#@#9#.jpeg</href>
</graphic>
<graphtext>
<para>
<ptxt/>
<ptxt>The malfunction#@#@#193#vels.</ptxt>
<ptxt>In some markets#@#@#649#Cs):
</ptxt>
</para>
<list1>
<item>
<ptxt>AT-121 Shift so#@#@#29#round</ptxt>
</item>
<item>
<ptxt>AT-122 Shift so#@#@#36#cuit
</ptxt>
</item>
<item>
<ptxt>AT-123 System p#@#@#41#pply
</ptxt>
</item>
<item>
<ptxt>AT-132 Transmis#@#@#49#rcuit</ptxt>
</item>
<item>
<ptxt>AT-213 Throttle#@#@#40#
high</ptxt>
</item>
<item>
<ptxt>AT-221 Shift so#@#@#29#round</ptxt>
</item>
<item>
<ptxt>AT-222 Shift so#@#@#36#cuit
</ptxt>
</item>
<item>
<ptxt>AT-223 Throttle#@#@#40# low
</ptxt>
</item>
<item>
<ptxt>AT-232 Vehicle #@#@#27#ssing</ptxt>
</item>
<item>
<ptxt>AT-311 Transmis#@#@#29#sing
</ptxt>
</item>
<item>
<ptxt>AT-313 Gear-shi#@#@#31#ignal</ptxt>
</item>
<item>
<ptxt>AT-321 Gear 1, #@#@#11#atio
</ptxt>
</item>
<item>
<ptxt>AT-322 Gear 2, #@#@#11#atio
</ptxt>
</item>
<item>
<ptxt>AT-323 Gear 3, #@#@#11#atio
</ptxt>
</item>
</list1>
<para>
<ptxt>See also <xref>
<ref id="nev20685996n1-KC08375699"/>
</xref>.
</ptxt>
</para>
</graphtext>
</grate>
</topic>
</servinfosub>