<?xml version="1.0" encoding="UTF-8"?><servinfosub IE-ID="en-US0900c8af84611317" docno="VCC-370352" id="nev13712895n1" original="sv-SE" servinfosubId="nev13712896n1-nev13712908n1" servinfosubRes="0900c8af84611333" servinfosubRes2="urn:x-nevis:fragment:0900c8af84611317:0900c8af84611333#nev13712908n1" xml:lang="en-US">
<operationnumbers>
<operationnumber>28106-2</operationnumber>
</operationnumbers>
<title id="nev13712890n83">Spark plugs</title>
<procedure id="nev13712896n1-nev13712907n24">
<stepgrp boilerplate="false" context="" id="nev13712896n1-nev13891667n80">
<title id="nev13712896n1-nev13712907n25">Removal</title>
<procstep id="nev13712896n1-nev13891666n21">
<note id="nev13712896n1-nev13891667n78">
<ptxt>Removal steps i#@#@#45#ails.</ptxt>
</note>
</procstep>
<procstep id="nev13712896n1-nev13891666n99">
<grate id="nev13712896n1-nev13712907n28">
<graphic id="nev13712896n1-nev13712907n29">
<href>0900c8af83be64d#@#@#9#.jpeg</href>
</graphic>
<graphtext id="nev13712896n1-nev13891671n1">
<para id="nev13712896n1-nev13891667n75">
<ptxt id="nev13712896n1-nev13891667n76">
<torque id="nev13712896n1-nev13712907n33">
<ref id="nev13712896n1-nev13712907n34"/>
</torque>
</ptxt>
</para>
</graphtext>
</grate>
</procstep>
<procstep id="nev13712896n1-nev13891666n96">
<grate id="nev13712896n1-nev13712907n37">
<graphic id="nev13712896n1-nev13712907n38">
<href>0900c8af83be64e#@#@#9#.jpeg</href>
</graphic>
</grate>
</procstep>
<procstep id="nev13712896n1-nev13891666n95">
<grate id="nev13712896n1-nev13712907n41">
<graphic id="nev13712896n1-nev13712907n42">
<href>0900c8af83be64d#@#@#9#.jpeg</href>
</graphic>
<graphtext id="nev13712896n1-nev13891681n1">
<para id="nev13712896n1-nev13891667n73">
<ptxt id="nev13712896n1-nev13891667n74">
<torque id="nev13712896n1-nev13712907n46">
<ref id="nev13712896n1-nev13712907n47"/>
</torque>
</ptxt>
</para>
</graphtext>
</grate>
</procstep>
</stepgrp>
<stepgrp boilerplate="false" context="" id="nev13712896n1-nev13891667n72">
<title id="nev13712896n1-nev13712907n50">Installation</title>
<procstep id="nev13712896n1-nev13712907n51">
<para id="nev13712896n1-nev13891667n68">
<ptxt id="nev13712896n1-nev13891667n69">To install, rev#@#@#22#dure.</ptxt>
</para>
</procstep>
</stepgrp>
</procedure>
</servinfosub>