<?xml version="1.0" encoding="UTF-8"?><servinfosub IE-ID="en-US0900c8af83242212" docno="VCC-280366" id="nev11259653n1" original="sv-SE" servinfosubId="nev20688045n1-nev20688045n2" servinfosubRes="0900c8af862c366d" servinfosubRes2="urn:x-nevis:fragment:0900c8af83242212:0900c8af862c366d#nev20688045n2" xml:lang="en-US">
<title id="nev11259653n2">Diagnostic functions</title>
<topic id="nev20688045n1-nev11273801n250">
<title id="nev20688045n1-nev11273801n249">General</title>
<para id="nev20688045n1-nev11273801n248">
<ptxt id="nev20688045n1-nev11273801n247">The master unit#@#@#270#CEM).</ptxt>
</para>
</topic>
<topic id="nev20688045n1-nev11273801n246">
<title id="nev20688045n1-nev11273801n245">Programming</title>
<para id="nev20688045n1-nev11273801n244">
<ptxt id="nev20688045n1-nev11273801n243">To increase the#@#@#98#odes.</ptxt>
</para>
<list1 enumtype="d" id="nev20688045n1-nev11273801n242" type="unordered">
<item id="nev20688045n1-nev11273801n241">
<ptxt id="nev20688045n1-nev11273801n240">central electro#@#@#11#(CEM)</ptxt>
</item>
<item id="nev20688045n1-nev11273801n239">
<ptxt id="nev20688045n1-nev11273801n238">engine control #@#@#7#(ECM)</ptxt>
</item>
<item id="nev20688045n1-nev11273801n237">
<ptxt id="nev20688045n1-nev11273801n236">Keyless vehicle#@#@#56#stem)</ptxt>
</item>
<item id="nev20688045n1-nev11273801n235">
<ptxt id="nev20688045n1-nev11273801n234">Start control m#@#@#6#(SCU)</ptxt>
</item>
<item id="nev20688045n1-nev11273801n233">
<ptxt id="nev20688045n1-nev11273801n232">Steering column#@#@#14#SCL).</ptxt>
</item>
</list1>
<para id="nev20688045n1-nev11273801n231">
<ptxt id="nev20688045n1-nev11273801n230">Codes must be p#@#@#546#dule.</ptxt>
</para>
</topic>
<topic id="nev20688045n1-nev11273801n229">
<title id="nev20688045n1-nev11273801n228">Programming rem#@#@#3# keys</title>
<para id="nev20688045n1-nev11273801n227">
<ptxt id="nev20688045n1-nev11273801n226">Remote keys can#@#@#358#stem.</ptxt>
</para>
<para id="nev20688045n1-nev11273801n225">
<ptxt id="nev20688045n1-nev11273801n224">In cars with th#@#@#222#CEM).</ptxt>
</para>
<para id="nev20688045n1-nev11273801n223">
<ptxt id="nev20688045n1-nev11273801n222">The erase funct#@#@#182#icle.</ptxt>
</para>
<para id="nev20688045n1-nev11273801n221">
<ptxt id="nev20688045n1-nev11273801n220">Remote keys are#@#@#32#ager.</ptxt>
</para>
</topic>
<topic id="nev20688045n1-nev11273801n219">
<title id="nev20688045n1-nev11273801n218">Reading off the#@#@#28# keys</title>
<para id="nev20688045n1-nev11273801n217">
<ptxt id="nev20688045n1-nev11273801n216">The number of p#@#@#192#nual.</ptxt>
</para>
</topic>
</servinfosub>