<?xml version="1.0" encoding="UTF-8"?><diagnostic IE-ID="en-US0900c8af808ec212" docno="VCC-107058" id="KC02473248" type="test" xml:lang="en-US">
<title>
<phrase category="" id="KC07759108" phrase-urn="urn:x-nevis:phrase:0800c8af81bb4920">Verification</phrase>
</title>
<testgrp IE-ID="en-US0900c8af808ec212_KC02601026" id="KC02601026" j2008use="1" paperuse="1" resumable="1" screenuse="1" testgrp-id="verifiering">
<title>
<phrase category="" id="KC07759109" phrase-urn="urn:x-nevis:phrase:0800c8af81bb4921">Verification</phrase>
</title>
<node>
<test1>
<hint>
<ptxt>
<phrase category="" id="KC07759110" phrase-urn="urn:x-nevis:phrase:0800c8af81bb4922">After repairs h#@#@#92#ated:</phrase>
</ptxt>
</hint>
<diaglist>
<dgraphic>
<dgraphic1>
<graphic id="KC07759111">
<href>0900c8af80054d5#@#@#9#.jpeg</href>
</graphic>
</dgraphic1>
<dgraphic2>
<graphic id="KC07759112">
<href>0900c8af80054d7#@#@#9#.jpeg</href>
</graphic>
</dgraphic2>
</dgraphic>
<ditem>
<ptxt>
<phrase category="" id="KC07759113" phrase-urn="urn:x-nevis:phrase:0800c8af81bb4923">Ignition off.</phrase>
</ptxt>
</ditem>
<ditem>
<ptxt>
<phrase category="" id="KC07759114" phrase-urn="urn:x-nevis:phrase:0800c8af81bb4924">Reinstall the c#@#@#21# etc.</phrase>
</ptxt>
</ditem>
<ditem>
<ptxt>
<phrase category="" id="KC07759115" phrase-urn="urn:x-nevis:phrase:0800c8af81bb4926">Ignition on.</phrase>
</ptxt>
</ditem>
<ditem>
<ptxt>
<phrase category="" id="KC07759116" phrase-urn="urn:x-nevis:phrase:0800c8af81bb4927">Go into scrolli#@#@#5#lues.</phrase>
</ptxt>
</ditem>
</diaglist>
<test2>
<ptxt>
<phrase category="" id="KC07759117" phrase-urn="urn:x-nevis:phrase:0800c8af81bb4928">Read off the po#@#@#40#sor. </phrase>
</ptxt>
<ptxt>
<phrase category="" id="KC07759118" phrase-urn="urn:x-nevis:phrase:0800c8af81bb4929">The reading sho#@#@#144#ssed.</phrase>
</ptxt>
<diaglist>
<dgraphic>
<dgraphic2>
<graphic id="KC07759119">
<href>0900c8af86c8681#@#@#9#.jpeg</href>
</graphic>
<smarttool active="press" id="KC07759120" toolname="XTCMA505"/>
</dgraphic2>
</dgraphic>
<ditem>
<ditemtext>
<ptxt>
<phrase category="" id="KC07759121" phrase-urn="urn:x-nevis:phrase:0800c8af81bb492a"/>
</ptxt>
</ditemtext>
</ditem>
<ditem>
<ditemtext>
<ptxt>
<phrase category="" id="KC07759122" phrase-urn="urn:x-nevis:phrase:0800c8af81bb492b"/>
</ptxt>
</ditemtext>
</ditem>
</diaglist>
</test2>
</test1>
<question>Is the correct #@#@#13#ayed?</question>
<resact-grp>
<result button="yes" comp="button" highlight="0"/>
<action j2008use="11" paperuse="1" screenuse="1">
<return value="VERIFIED"/>
</action>
</resact-grp>
<resact-grp>
<result button="no" comp="button" highlight="0"/>
<action j2008use="1" paperuse="1" screenuse="1">
<return value="VERIFICATION FAILED"/>
</action>
</resact-grp>
</node>
</testgrp>
</diagnostic>