<?xml version="1.0" encoding="UTF-8"?><servinfosub IE-ID="en-US0900c8af84bb8212" docno="VCC-403848" id="nev15101431n1" xml:lang="en-US">
<title>
<phrase category="Title" id="nev15115760n1" phrase-urn="urn:x-nevis:phrase:0800c8af84bb7f4e">Checking overar#@#@#37#codes</phrase>
</title>
<diagnostic j2008use="1" layout="0" paperuse="1" screenuse="1" type="test">
<testgrp IE-ID="en-US0900c8af84bb8212_nev15101431n3" id="nev15101431n3" j2008use="1" paperuse="1" resumable="1" screenuse="1" testgrp-id="node1" x="120" y="100">
<title>
<phrase category="Title" id="nev15101431n4" phrase-urn="urn:x-nevis:phrase:0800c8af84bb7f4e">Checking overar#@#@#37#codes</phrase>
</title>
<node>
<test1>
<test2>
<hint id="nev15101431n5">
<ptxt id="nev15101431n6">
<phrase category="Condition" id="nev15101431n7" phrase-urn="urn:x-nevis:phrase:0800c8af84bb7bcd">In order to det#@#@#176#odes.</phrase>
</ptxt>
</hint>
<para id="nev15101431n8">
<ptxt id="nev15101431n9">
<phrase category="Condition" id="nev15101431n10" phrase-urn="urn:x-nevis:phrase:0800c8af84bb7bce">Check to see if#@#@#93#ECM):</phrase>
</ptxt>
</para>
<list1 enumtype="d" type="unordered">
<item>
<ptxt>
<phrase category="Condition" id="nev15101432n1" phrase-urn="urn:x-nevis:phrase:0800c8af84bb7b47">ECM-U012088</phrase>
</ptxt>
</item>
<item>
<ptxt>
<phrase category="Condition" id="nev15101432n2" phrase-urn="urn:x-nevis:phrase:0800c8af84bb7b4b">ECM-U000188</phrase>
</ptxt>
</item>
<item>
<ptxt>
<phrase category="Condition" id="nev15101432n3" phrase-urn="urn:x-nevis:phrase:0800c8af84bb7b52">ECM-U1A1400</phrase>
</ptxt>
</item>
<item>
<ptxt>
<phrase category="Condition" id="nev15101432n4" phrase-urn="urn:x-nevis:phrase:0800c8af84bb7b50">ECM-U000108</phrase>
</ptxt>
</item>
<item id="nev15101432n5">
<ptxt id="nev15101432n6">
<phrase category="Condition" id="nev15101432n7" phrase-urn="urn:x-nevis:phrase:0800c8af84bb7b51">ECM-U000100</phrase>
</ptxt>
</item>
</list1>
<ptxt>
<phrase category="Condition" id="nev15101432n8" phrase-urn="urn:x-nevis:phrase:0800c8af84bb7bd5">If any of these#@#@#108#irst.</phrase>
<phrase category="Condition" id="nev15101432n9" phrase-urn="urn:x-nevis:phrase:0800c8af84bb7bd8">Most likely the#@#@#158#ored.</phrase>
<phrase category="" id="nev15101432n10" phrase-urn="urn:x-nevis:phrase:0800c8af826fd5bb"/>
</ptxt>
</test2>
</test1>
<question>
Are any of the#@#@#36#red?
</question>
<resact-grp id="nev15101433n2">
<result button="yes" comp="button" highlight="0" id="nev15101433n3"/>
<action id="nev15101433n4" j2008use="1" paperuse="0" screenuse="1">
<return id="nev15101433n5" value="DONE"/>
</action>
</resact-grp>
<resact-grp id="nev15101433n6">
<result button="no" comp="button" highlight="0" id="nev15101433n7"/>
<action id="nev15101433n8" j2008use="1" paperuse="0" screenuse="1">
<ptxt id="nev15101433n9">
<xref id="nev15101433n10">
<ref id="nev15101434n1"/>
</xref>
</ptxt>
</action>
</resact-grp>
</node>
</testgrp>
<testgrp id="nev15101434n2" j2008use="1" paperuse="0" resumable="1" screenuse="1" x="120" y="280">
<title id="nev15101434n3">
<phrase category="Title" id="nev15101434n4" phrase-urn="urn:x-nevis:phrase:0800c8af81eb9a5b">Fault-tracing i#@#@#5#ation</phrase>
</title>
<node id="nev15101434n5">
<test1 id="nev15101434n6">
<test2 id="nev15101434n7">
<ptxt id="nev15101434n8">
<phrase category="Faulttracing" id="nev15101550n1" phrase-urn="urn:x-nevis:phrase:0800c8af84bb8296">The diagnostic #@#@#149#rily.</phrase>
<phrase category="Faulttracing" id="nev15101551n1" phrase-urn="urn:x-nevis:phrase:0800c8af84bb829e">Check whether t#@#@#101#code.</phrase>
<phrase category="Faulttracing" id="nev15101548n1" phrase-urn="urn:x-nevis:phrase:0800c8af84bb82a1">Most likely the#@#@#53#ause.</phrase>
<phrase category="Faulttracing" id="nev15101549n1" phrase-urn="urn:x-nevis:phrase:0800c8af84bb82a3">The diagnostic #@#@#80#ault.</phrase>
</ptxt>
<para id="nev15101435n1">
<title id="nev15101435n2">
<phrase category="Title" id="nev15101435n3" phrase-urn="urn:x-nevis:phrase:0800c8af81ea4cd6">Other information</phrase>
</title>
<ptxt id="nev15101435n4">
<xref id="nev15147207n100">
<ref id="nev15101435n6"/>
</xref>
</ptxt>
</para>
</test2>
</test1>
<question id="nev15101435n7">
Continue.
</question>
<resact-grp id="nev15101435n9">
<result button="cont" comp="button" highlight="0" id="nev15101435n10"/>
<action id="nev15101436n1" j2008use="1" paperuse="0" screenuse="1">
<return id="nev15101436n2" value="DONE"/>
</action>
</resact-grp>
</node>
</testgrp>
</diagnostic>
</servinfosub>