<?xml version="1.0" encoding="UTF-8"?><servinfosub IE-ID="en-US0900c8af80956212" docno="VCC-148606" id="KC01643383" xml:lang="en-US">
<title>Flywheel, replacing</title>
<procedure>
<proctools>
<toolitem id="KC07582902"/>
<toolitem id="KC07582903"/>
</proctools>
<note>
<ptxt>As the illustra#@#@#160#rect.</ptxt>
</note>
<stepgrp id="KC01662142">
<title>Preparatory work</title>
<procstep id="KC01662143">
<title>Removing transm#@#@#12#lutch</title>
<para>
<ptxt>To remove the t#@#@#12# see <xref>
<ref id="KC07582904"/>
</xref>. </ptxt>
<ptxt>To remove the c#@#@#25#, see<xref>
<ref id="KC07582905"/>
</xref>. </ptxt>
</para>
<note>
<ptxt>The illustratio#@#@#85#eels.</ptxt>
</note>
</procstep>
</stepgrp>
<stepgrp id="KC01662144">
<title>Removal</title>
<procstep id="KC01662145">
<title>Removing the fl#@#@#1#wheel</title>
<grate>
<graphic id="KC07582906">
<href>0900c8af8005dcf#@#@#9#.jpeg</href>
</graphic>
<graphtext>
<para>
<ptxt>Remove the engi#@#@#56#side.</ptxt>
<ptxt>Slacken off all#@#@#62# one.</ptxt>
</para>
<para>
<ptxt>Remove gear sector <toolitem id="KC07582907"/>.</ptxt>
<ptxt>Detach the flyw#@#@#48#crew.</ptxt>
<ptxt>Remove the flywheel.</ptxt>
</para>
</graphtext>
</grate>
</procstep>
<procstep id="KC01662146">
<title>Checking the cr#@#@#8# seal</title>
<grate>
<graphic id="KC07582908">
<href>0900c8af8005e2c#@#@#9#.jpeg</href>
</graphic>
<graphtext>
<para>
<ptxt>Check the crank#@#@#19#age. </ptxt>
<ptxt>To replace the #@#@#45#ear. </ptxt>
</para>
</graphtext>
</grate>
</procstep>
</stepgrp>
<stepgrp id="KC01662147">
<title>Installation</title>
<procstep id="KC01662148">
<title>Installing the #@#@#3#wheel</title>
<grate>
<graphic id="KC07582909">
<href>0900c8af8005dcf#@#@#9#.jpeg</href>
</graphic>
<graphtext>
<note>
<ptxt>Ensure that the#@#@#64#lean.</ptxt>
</note>
<para>
<ptxt>Use tool <toolitem id="KC07582910"/>, which consist#@#@#18#nuts.</ptxt>
</para>
<list1 enumtype="d" type="unordered">
<title>Install:</title>
<item>
<ptxt>The 3 studs bel#@#@#10#tool <toolitem id="KC07582911"/>, distributed a#@#@#9#ated </ptxt>
</item>
<item>
<ptxt>the flywheel.</ptxt>
</item>
</list1>
<note>
<ptxt>Check that the #@#@#74#heel.</ptxt>
</note>
<note>
<ptxt>Only applies to#@#@#164#eel. </ptxt>
</note>
<para>
<ptxt>Locate gear sector <toolitem id="KC07582912"/> against the fl#@#@#2#heel.</ptxt>
<ptxt>Alternately tig#@#@#84#tool <toolitem id="KC07582913"/>.</ptxt>
</para>
<caution>
<ptxt>The flywheel mu#@#@#160#ces. </ptxt>
</caution>
<para>
<ptxt>Install 7 new s#@#@#32#n to <emph>45 Nm</emph>. </ptxt>
<ptxt>Remove the 3 nu#@#@#8#tuds.</ptxt>
</para>
<para>
<ptxt>Install the rem#@#@#4#ng 3 <emph>new</emph> screws for the#@#@#17#n to <emph>45 Nm</emph>. Then angle-ti#@#@#49#ees. </ptxt>
<ptxt>Install the eng#@#@#47#n to <emph>10 Nm</emph>. </ptxt>
</para>
</graphtext>
</grate>
</procstep>
</stepgrp>
<stepgrp id="KC01662149">
<title>Finishing</title>
<procstep id="KC01662150">
<title>Installing the #@#@#18#ssion</title>
<para>
<ptxt>To install the #@#@#26#, see<xref>
<ref id="KC07582914"/>
</xref>. </ptxt>
<ptxt>To install the #@#@#26# see <xref>
<ref id="KC07582915"/>
</xref>.</ptxt>
</para>
</procstep>
</stepgrp>
</procedure>
</servinfosub>