<?xml version="1.0" encoding="UTF-8"?><servinfosub IE-ID="en-US0900c8af8092c212" docno="VCC-109002" id="KC02491890" xml:lang="en-US">
<title>
<phrase category="" id="KC08914504" phrase-urn="urn:x-nevis:phrase:0800c8af82330c0a">Checking diagno#@#@#20#DTCs)</phrase>
</title>
<diagnostic type="test">
<testgrp IE-ID="en-US0900c8af8092c212_KC02491891" id="KC02491891" j2008use="1" paperuse="1" resumable="1" screenuse="1" testgrp-id="node1" x="1200" y="120">
<title>
<phrase category="" id="KC08914505" phrase-urn="urn:x-nevis:phrase:0800c8af82330c0b">Connecting</phrase>
</title>
<subcalloutnode>
<diagcallout>
<xref>
<ref id="KC08914506"/>
</xref>
</diagcallout>
<rescall-grp>
<result comp="string" highlight="0" op="eq" return="DONE"/>
<calloutaction>
<ptxt>
<xref>
<ref id="KC08914507"/>
</xref>
</ptxt>
</calloutaction>
</rescall-grp>
</subcalloutnode>
</testgrp>
<testgrp id="KC02491892" j2008use="1" paperuse="1" resumable="1" screenuse="1" testgrp-id="s1" x="1000" y="120">
<title>
<phrase category="" id="KC08914508" phrase-urn="urn:x-nevis:phrase:0800c8af82330c0c">Test driving</phrase>
</title>
<subcalloutnode>
<diagcallout>
<xref>
<ref id="KC08914509"/>
</xref>
</diagcallout>
<rescall-grp>
<result comp="string" highlight="0" op="eq" return="VERIFIED"/>
<calloutaction>
<return value="FAULT FOUND"/>
</calloutaction>
</rescall-grp>
<rescall-grp>
<result comp="string" highlight="0" op="eq" return="VERIFICATION FAILED"/>
<calloutaction>
<ptxt>
<xref>
<ref id="KC08914510"/>
</xref>
</ptxt>
</calloutaction>
</rescall-grp>
</subcalloutnode>
</testgrp>
<testgrp id="KC02491893" j2008use="1" paperuse="1" resumable="1" screenuse="1" testgrp-id="s2" x="1200" y="240">
<title>
<phrase category="" id="KC08914511" phrase-urn="urn:x-nevis:phrase:0800c8af82330c0d">Checking diagno#@#@#20#DTCs)</phrase>
</title>
<node>
<test1>
<test2>
<ptxt>
<phrase category="" id="KC08914512" phrase-urn="urn:x-nevis:phrase:0800c8af82330c0e">VCT 2000 connec#@#@#40#A PC.</phrase>
</ptxt>
<diaglist>
<dgraphic>
<dgraphic2>
<graphic id="KC08914513">
<href>0900c8af86c8681#@#@#9#.jpeg</href>
</graphic>
<smarttool active="press" id="KC08914514" toolname="XCCAE01"/>
</dgraphic2>
</dgraphic>
<ditem>
<ditemtext>
<ptxt>
<phrase category="" id="KC08914515" phrase-urn="urn:x-nevis:phrase:0800c8af82330c0f"/>
</ptxt>
</ditemtext>
</ditem>
<ditem>
<ptxt>
<phrase category="" id="KC08914516" phrase-urn="urn:x-nevis:phrase:0800c8af82330c10">Read off and no#@#@#34#TCs).</phrase>
</ptxt>
</ditem>
<ditem>
<ptxt>
<phrase category="" id="KC08914517" phrase-urn="urn:x-nevis:phrase:0800c8af82330c11">Continue by fau#@#@#149#time.</phrase>
</ptxt>
</ditem>
</diaglist>
<grate>
<graphic id="KC08914518">
<href>0900c8af801222f#@#@#9#.jpeg</href>
</graphic>
<graphtext>
<list1 enumtype="u" type="unordered">
<item>
<ptxt>
<phrase category="" id="KC08914519" phrase-urn="urn:x-nevis:phrase:0800c8af82330c12">
<emph etype="bold">1.</emph> No diagnostic #@#@#25#ored.</phrase>
</ptxt>
</item>
<item>
<ptxt>
<phrase category="" id="KC08914520" phrase-urn="urn:x-nevis:phrase:0800c8af82330c13">
<emph etype="bold">2.</emph> Response code #@#@#13#red. </phrase>
</ptxt>
</item>
<item>
<ptxt>
<phrase category="" id="KC08914521" phrase-urn="urn:x-nevis:phrase:0800c8af82330c14">
<emph etype="bold">3.</emph> Response code #@#@#13#red. </phrase>
</ptxt>
</item>
<item>
<ptxt>
<phrase category="" id="KC08914522" phrase-urn="urn:x-nevis:phrase:0800c8af82330c15">
<emph etype="bold">4.</emph> Response code #@#@#13#red. </phrase>
</ptxt>
</item>
<item>
<ptxt>
<phrase category="" id="KC08914523" phrase-urn="urn:x-nevis:phrase:0800c8af82330c16">
<emph etype="bold">5.</emph> Response code #@#@#13#red. </phrase>
</ptxt>
</item>
</list1>
</graphtext>
</grate>
</test2>
</test1>
<question>Select one of t#@#@#12#ions.</question>
<resact-grp>
<result button="text" comp="button" highlight="0" text="1"/>
<action j2008use="1" paperuse="1" screenuse="1">
<return value="FAULT NOT FOUND"/>
</action>
</resact-grp>
<resact-grp>
<result button="text" comp="button" highlight="0" text="2"/>
<action j2008use="1" paperuse="0" screenuse="1">
<ptxt>
<xref>
<ref id="KC08914524"/>
</xref>
</ptxt>
</action>
</resact-grp>
<resact-grp>
<result button="text" comp="button" highlight="0" text="3"/>
<action j2008use="1" paperuse="0" screenuse="1">
<ptxt>
<xref>
<ref id="KC08914525"/>
</xref>
</ptxt>
</action>
</resact-grp>
<resact-grp>
<result button="text" comp="button" highlight="0" text="4"/>
<action j2008use="1" paperuse="0" screenuse="1">
<ptxt>
<xref>
<ref id="KC08914526"/>
</xref>
</ptxt>
</action>
</resact-grp>
<resact-grp>
<result button="text" comp="button" highlight="0" text="5"/>
<action j2008use="1" paperuse="0" screenuse="1">
<ptxt>
<xref>
<ref id="KC08914527"/>
</xref>
</ptxt>
</action>
</resact-grp>
</node>
</testgrp>
<testgrp id="KC02491894" j2008use="1" paperuse="0" resumable="1" screenuse="1" testgrp-id="s2-1" x="480" y="360">
<title>
<phrase category="" id="KC08914528" phrase-urn="urn:x-nevis:phrase:0800c8af82330c17">Fault-tracing d#@#@#29#1-1-2</phrase>
</title>
<subcalloutnode>
<diagcallout>
<xref>
<ref id="KC08914529"/>
</xref>
</diagcallout>
<rescall-grp>
<result comp="string" highlight="0" op="eq" return="FAULT FOUND"/>
<calloutaction>
<ptxt>
<xref>
<ref id="KC08914530"/>
</xref>
</ptxt>
</calloutaction>
</rescall-grp>
<rescall-grp>
<result comp="string" highlight="0" op="eq" return="FAULTTRACING FAILED"/>
<calloutaction>
<return value="FAULTTRACING FAILED"/>
</calloutaction>
</rescall-grp>
<rescall-grp>
<result comp="string" highlight="0" op="eq" return="FAULT NOT FOUND"/>
<calloutaction>
<return value="FAULT NOT FOUND"/>
</calloutaction>
</rescall-grp>
</subcalloutnode>
</testgrp>
<testgrp id="KC02491895" j2008use="1" paperuse="0" resumable="1" screenuse="1" testgrp-id="s2-2" x="800" y="360">
<title>
<phrase category="" id="KC08914531" phrase-urn="urn:x-nevis:phrase:0800c8af82330c18">Fault-tracing d#@#@#29#1-2-2</phrase>
</title>
<subcalloutnode>
<diagcallout>
<xref>
<ref id="KC08914532"/>
</xref>
</diagcallout>
<rescall-grp>
<result comp="string" highlight="0" op="eq" return="FAULT FOUND"/>
<calloutaction>
<ptxt>
<xref>
<ref id="KC08914533"/>
</xref>
</ptxt>
</calloutaction>
</rescall-grp>
<rescall-grp>
<result comp="string" highlight="0" op="eq" return="FAULTTRACING FAILED"/>
<calloutaction>
<return value="FAULTTRACING FAILED"/>
</calloutaction>
</rescall-grp>
<rescall-grp>
<result comp="string" highlight="0" op="eq" return="FAULT NOT FOUND"/>
<calloutaction>
<return value="FAULT NOT FOUND"/>
</calloutaction>
</rescall-grp>
</subcalloutnode>
</testgrp>
<testgrp id="KC02491896" j2008use="1" paperuse="0" resumable="1" screenuse="1" testgrp-id="s2-3" x="1120" y="360">
<title>
<phrase category="" id="KC08914534" phrase-urn="urn:x-nevis:phrase:0800c8af82330c19">Fault-tracing d#@#@#29#2-1-1</phrase>
</title>
<subcalloutnode>
<diagcallout>
<xref>
<ref id="KC08914535"/>
</xref>
</diagcallout>
<rescall-grp>
<result comp="string" highlight="0" op="eq" return="FAULT FOUND"/>
<calloutaction>
<ptxt>
<xref>
<ref id="KC08914536"/>
</xref>
</ptxt>
</calloutaction>
</rescall-grp>
<rescall-grp>
<result comp="string" highlight="0" op="eq" return="FAULTTRACING FAILED"/>
<calloutaction>
<return value="FAULTTRACING FAILED"/>
</calloutaction>
</rescall-grp>
<rescall-grp>
<result comp="string" highlight="0" op="eq" return="FAULT NOT FOUND"/>
<calloutaction>
<return value="FAULT NOT FOUND"/>
</calloutaction>
</rescall-grp>
</subcalloutnode>
</testgrp>
<testgrp id="KC02491897" j2008use="1" paperuse="0" resumable="1" screenuse="1" testgrp-id="s2-4" x="1440" y="360">
<title>
<phrase category="" id="KC08914537" phrase-urn="urn:x-nevis:phrase:0800c8af82330c1a">Fault-tracing d#@#@#29#2-1-2</phrase>
</title>
<subcalloutnode>
<diagcallout>
<xref>
<ref id="KC08914538"/>
</xref>
</diagcallout>
<rescall-grp>
<result comp="string" highlight="0" op="eq" return="FAULT FOUND"/>
<calloutaction>
<ptxt>
<xref>
<ref id="KC08914539"/>
</xref>
</ptxt>
</calloutaction>
</rescall-grp>
<rescall-grp>
<result comp="string" highlight="0" op="eq" return="FAULTTRACING FAILED"/>
<calloutaction>
<return value="FAULTTRACING FAILED"/>
</calloutaction>
</rescall-grp>
<rescall-grp>
<result comp="string" highlight="0" op="eq" return="FAULT NOT FOUND"/>
<calloutaction>
<return value="FAULT NOT FOUND"/>
</calloutaction>
</rescall-grp>
</subcalloutnode>
</testgrp>
<testgrp id="KC02491898" j2008use="1" paperuse="1" resumable="1" screenuse="1" testgrp-id="s4" x="640" y="440">
<title>
<phrase category="" id="KC08914540" phrase-urn="urn:x-nevis:phrase:0800c8af82330c1b">Information!</phrase>
</title>
<node>
<test1>
<test2/>
</test1>
<question>Are more diagno#@#@#28#ored?</question>
<resact-grp>
<result button="yes" comp="button" highlight="0"/>
<action j2008use="1" paperuse="1" screenuse="1">
<ptxt>
<xref>
<ref id="KC08914541"/>
</xref>
</ptxt>
</action>
</resact-grp>
<resact-grp>
<result button="no" comp="button" highlight="0"/>
<action j2008use="1" paperuse="1" screenuse="1">
<return value="FAULT FOUND"/>
</action>
</resact-grp>
</node>
</testgrp>
<testgrp id="KC02491899" j2008use="1" paperuse="1" resumable="1" screenuse="1" testgrp-id="s5" x="640" y="520">
<title>
<phrase category="" id="KC08914542" phrase-urn="urn:x-nevis:phrase:0800c8af82330c1c">Checking diagno#@#@#20#DTCs)</phrase>
</title>
<node>
<test1>
<test2>
<list1 enumtype="u" type="unordered">
<item>
<ptxt>
<phrase category="" id="KC08914543" phrase-urn="urn:x-nevis:phrase:0800c8af82330c1d">
<emph>1.</emph> Diagnostic Tro#@#@#28#ored.</phrase>
</ptxt>
</item>
<item>
<ptxt>
<phrase category="" id="KC08914544" phrase-urn="urn:x-nevis:phrase:0800c8af82330c1e">
<emph>2.</emph> Response code #@#@#12#ored.</phrase>
</ptxt>
</item>
<item>
<ptxt>
<phrase category="" id="KC08914545" phrase-urn="urn:x-nevis:phrase:0800c8af82330c1f">
<emph>3.</emph> Response code #@#@#12#ored.</phrase>
</ptxt>
</item>
<item>
<ptxt>
<phrase category="" id="KC08914546" phrase-urn="urn:x-nevis:phrase:0800c8af82330c20">
<emph>4.</emph> Response code #@#@#12#ored.</phrase>
</ptxt>
</item>
</list1>
</test2>
</test1>
<question>Select one of t#@#@#12#ions.</question>
<resact-grp>
<result button="text" comp="button" highlight="0" text="1"/>
<action j2008use="1" paperuse="1" screenuse="1">
<ptxt>
<xref>
<ref id="KC08914547"/>
</xref>
</ptxt>
</action>
</resact-grp>
<resact-grp>
<result button="text" comp="button" highlight="0" text="2"/>
<action j2008use="1" paperuse="1" screenuse="1">
<ptxt>
<xref>
<ref id="KC08914548"/>
</xref>
</ptxt>
</action>
</resact-grp>
<resact-grp>
<result button="text" comp="button" highlight="0" text="3"/>
<action j2008use="1" paperuse="1" screenuse="1">
<ptxt>
<xref>
<ref id="KC08914549"/>
</xref>
</ptxt>
</action>
</resact-grp>
<resact-grp>
<result button="text" comp="button" highlight="0" text="4"/>
<action j2008use="1" paperuse="1" screenuse="1">
<ptxt>
<xref>
<ref id="KC08914550"/>
</xref>
</ptxt>
</action>
</resact-grp>
</node>
</testgrp>
</diagnostic>
</servinfosub>