<?xml version="1.0" encoding="UTF-8"?><servinfosub IE-ID="en-US0900c8af8473d716" docno="VCC-370885" id="nev13716942n1" original="sv-SE" servinfosubId="nev13716943n1-nev13716946n1" servinfosubRes="0900c8af8473d741" servinfosubRes2="urn:x-nevis:fragment:0900c8af8473d716:0900c8af8473d741#nev13716946n1" xml:lang="en-US">
<operationnumbers>
<operationnumber>86131-3</operationnumber>
</operationnumbers>
<title id="nev13716941n24">Rear bumper rail</title>
<procedure id="nev13716943n1-nev13716948n2">
<stepgrp boilerplate="false" context="" id="nev13716943n1-nev14175072n21">
<title id="nev13716943n1-nev13716948n3">Removal</title>
<procstep id="nev13716943n1-nev14175069n76">
<note id="nev13716943n1-nev14175072n19">
<ptxt>Removal steps i#@#@#45#ails.</ptxt>
</note>
</procstep>
<procstep id="nev13716943n1-nev14175069n59">
<para id="nev13716943n1-nev14175072n14">
<ptxt id="nev13716943n1-nev14175072n16">Remove the bumper<xref boilerplate="true" id="nev13716943n1-nev14175072n17">
<ref id="nev13716943n1-nev14175072n15"/>
</xref>
</ptxt>
</para>
</procstep>
<procstep id="nev13716943n1-nev14175069n100">
<grate id="nev13716943n1-nev13716948n22">
<graphic id="nev13716943n1-nev13716948n23">
<href>0900c8af8319d95#@#@#9#.jpeg</href>
</graphic>
<graphtext id="nev13716943n1-nev14175080n1">
<para id="nev13716943n1-nev14175072n11">
<ptxt id="nev13716943n1-nev14175072n12">
<torque id="nev13716943n1-nev13716948n34">
<ref id="nev13716943n1-nev13716948n35"/>
</torque>
</ptxt>
</para>
</graphtext>
</grate>
</procstep>
</stepgrp>
<stepgrp boilerplate="false" context="" id="nev13716943n1-nev14175072n10">
<title id="nev13716943n1-nev13716948n8">Installation</title>
<procstep id="nev13716943n1-nev14175070n2">
<para id="nev13716943n1-nev14175072n6">
<ptxt id="nev13716943n1-nev14175072n7">To install, rev#@#@#22#dure.</ptxt>
</para>
</procstep>
<procstep id="nev13716943n1-nev14175070n44">
<para id="nev13716943n1-nev14175072n2">
<ptxt id="nev13716943n1-nev14175072n4">Follow the inst#@#@#34#ction<xref boilerplate="true" id="nev13716943n1-nev14175072n5">
<ref id="nev13716943n1-nev14175072n3"/>
</xref>
</ptxt>
</para>
</procstep>
</stepgrp>
</procedure>
</servinfosub>