<?xml version="1.0" encoding="UTF-8"?><servinfosub IE-ID="en-US0900c8af87185716" docno="VCC-370647" id="nev13714546n1" original="sv-SE" servinfosubId="nev13714547n1-nev14614801n1" servinfosubRes="0900c8af87185a2b" servinfosubRes2="urn:x-nevis:fragment:0900c8af87185716:0900c8af87185a2b#nev14614801n1" xml:lang="en-US">
<operationnumbers>
<operationnumber>41315-3</operationnumber>
</operationnumbers>
<title id="nev13714541n66">Clutch slave cy#@#@#1#inder</title>
<procedure id="nev13714547n1-nev14615857n3">
<stepgrp boilerplate="false" context="" id="nev13714547n1-nev24558639n35">
<title id="nev13714547n1-0800c8af844a46f6">Removal</title>
<procstep id="nev13714547n1-nev14616231n80">
<note id="nev13714547n1-0800c8af844a42fa">
<ptxt>Removal steps i#@#@#45#ails.</ptxt>
</note>
</procstep>
<procstep id="nev13714547n1-nev15817959n29">
<para id="nev13714547n1-nev24558639n33">
<ptxt id="nev13714547n1-nev24558639n34">Remove transmission<xref boilerplate="true" id="nev13714547n1-0800c8af84638ece">
<ref id="nev13714547n1-nev15817996n76"/>
</xref>
</ptxt>
</para>
</procstep>
<procstep id="nev13714547n1-nev14615765n27">
<grate id="nev13714547n1-nev24558639n31">
<graphic id="nev13714547n1-nev24558639n32">
<href>0900c8af8343d0a#@#@#9#.jpeg</href>
</graphic>
</grate>
</procstep>
<procstep id="nev13714547n1-nev14615765n26">
<grate id="nev13714547n1-nev24558639n29">
<graphic id="nev13714547n1-nev24558639n30">
<href>0900c8af8718571#@#@#9#.jpeg</href>
</graphic>
<graphtext id="nev13714547n1-nev24559243n1">
<para id="nev13714547n1-nev24558639n27">
<ptxt id="nev13714547n1-nev24558639n28">Remove the screws.</ptxt>
</para>
<para id="nev13714547n1-nev24558639n25">
<ptxt id="nev13714547n1-nev24558639n26">Remove the mark#@#@#3#part.</ptxt>
</para>
<para id="nev13714547n1-nev24558639n23">
<ptxt id="nev13714547n1-nev24558639n24">
<torque id="nev13714547n1-nev14615859n1">
<ref id="nev13714547n1-nev14615859n2"/>
</torque>
</ptxt>
</para>
</graphtext>
</grate>
</procstep>
</stepgrp>
<stepgrp boilerplate="false" context="" id="nev13714547n1-nev24558639n22">
<title id="nev13714547n1-0800c8af844a46f9">Installation</title>
<procstep id="nev13714547n1-nev14615859n4">
<para id="nev13714547n1-nev24558639n20">
<ptxt id="nev13714547n1-nev24558639n21">To install, rev#@#@#22#dure.</ptxt>
</para>
</procstep>
</stepgrp>
</procedure>
</servinfosub>