<?xml version="1.0" encoding="UTF-8"?><servinfosub IE-ID="en-US0900c8af800d0716" docno="VCC-139510" id="KC01334972" xml:lang="en-US">
<title>
<phrase category="" id="KC06140230" phrase-urn="urn:x-nevis:phrase:0800c8af8176d16d">Signal too high</phrase>
</title>
<diagnostic j2008use="1" paperuse="1" screenuse="1" type="test">
<testgrp IE-ID="en-US0900c8af800d0716_KC01334978" id="KC01334978" j2008use="1" paperuse="1" resumable="1" screenuse="1" testgrp-id="node1" x="120" y="80">
<title>
<phrase category="" id="KC06140231" phrase-urn="urn:x-nevis:phrase:0800c8af8176d176">Checking compon#@#@#10#iring</phrase>
</title>
<node>
<test1>
<test2>
<para>
<ptxt>
<phrase category="" id="KC06140232" phrase-urn="urn:x-nevis:phrase:0800c8af8176d17b">Check the cable#@#@#140#tage.</phrase>
</ptxt>
</para>
<para>
<ptxt>
<phrase category="" id="KC06140233" phrase-urn="urn:x-nevis:phrase:0800c8af8176d180">Check the relay#@#@#88#tage.</phrase>
</ptxt>
</para>
<para>
<ptxt>
<phrase category="" id="KC06140234" phrase-urn="urn:x-nevis:phrase:0800c8af8176d189">Remedy as necessary.</phrase>
</ptxt>
</para>
<para>
<ptxt>
<phrase category="" id="KC06140235" phrase-urn="urn:x-nevis:phrase:0800c8af8176d18f">Try a new relay#@#@#19#ound.</phrase>
</ptxt>
</para>
<list1 enumtype="d" type="unordered">
<title>
<phrase category="" id="KC06140236" phrase-urn="urn:x-nevis:phrase:0800c8af8176d197">Other information:</phrase>
</title>
<item>
<ptxt>
<phrase category="" id="KC06140237" phrase-urn="urn:x-nevis:phrase:0800c8af8176d19d">To connect the #@#@#13# see <xref>
<ref id="KC06140238"/>
</xref>
</phrase>
</ptxt>
</item>
<item>
<ptxt>
<phrase category="" id="KC06140239" phrase-urn="urn:x-nevis:phrase:0800c8af8176d1a3">For information#@#@#15# see <xref>
<ref id="KC06140240"/>
</xref>
</phrase>
</ptxt>
</item>
<item>
<ptxt>
<phrase category="" id="KC06140241" phrase-urn="urn:x-nevis:phrase:0800c8af8176d1ad">When the relay #@#@#65#e 0 V</phrase>
</ptxt>
</item>
<item>
<ptxt>
<phrase category="" id="KC06140242" phrase-urn="urn:x-nevis:phrase:0800c8af8176d1b2">
<xref>
<ref id="KC06140243"/>
</xref>.</phrase>
</ptxt>
</item>
</list1>
<diaglist>
<dgraphic>
<dgraphic2>
<graphic id="KC06140244">
<href>0900c8af80054d4#@#@#9#.jpeg</href>
</graphic>
<smarttool active="press" id="KC06140245" toolname="VDCDAH"/>
</dgraphic2>
</dgraphic>
<ditem>
<ditemtext>
<ptxt>
<phrase category="" id="KC06140246" phrase-urn="urn:x-nevis:phrase:0800c8af8176d1b8"/>
</ptxt>
</ditemtext>
</ditem>
</diaglist>
<grate>
<graphic id="KC06140247">
<href>0900c8af80058ba#@#@#9#.jpeg</href>
</graphic>
</grate>
</test2>
</test1>
<question>Select Continue.</question>
<resact-grp>
<result button="cont" comp="button" highlight="0"/>
<action j2008use="1" paperuse="1" screenuse="1">
<ptxt>
<xref>
<ref id="KC06140248"/>
</xref>
</ptxt>
</action>
</resact-grp>
</node>
</testgrp>
<testgrp id="KC01334979" j2008use="1" paperuse="1" resumable="1" screenuse="1" testgrp-id="veria" x="120" y="200">
<title>
<phrase category="" id="KC06140249" phrase-urn="urn:x-nevis:phrase:0800c8af8176d1be">Verification</phrase>
</title>
<subcalloutnode>
<diagcallout>
<xref>
<ref id="KC06140250"/>
</xref>
</diagcallout>
<rescall-grp>
<result comp="string" highlight="0" op="eq" return="VERIFIED"/>
<calloutaction>
<return value="FAULT FOUND"/>
</calloutaction>
</rescall-grp>
<rescall-grp>
<result comp="string" highlight="0" op="eq" return="VERIFICATION FAILED"/>
<calloutaction>
<ptxt>
<xref>
<ref id="KC06140251"/>
</xref>
</ptxt>
</calloutaction>
</rescall-grp>
</subcalloutnode>
</testgrp>
<testgrp id="KC01334980" j2008use="1" paperuse="1" resumable="1" screenuse="1" testgrp-id="info1" x="360" y="200">
<title>
<phrase category="" id="KC06140252" phrase-urn="urn:x-nevis:phrase:0800c8af8176d1c6">Fault-tracing i#@#@#5#ation</phrase>
</title>
<subcalloutnode>
<diagcallout>
<xref>
<ref id="KC06140253"/>
</xref>
</diagcallout>
<rescall-grp>
<result comp="string" highlight="0" op="eq" return="FAULTTRACING FAILED"/>
<calloutaction>
<return value="FAULTTRACING FAILED"/>
</calloutaction>
</rescall-grp>
<rescall-grp>
<result comp="string" highlight="0" op="eq" return="NEW TRY"/>
<calloutaction>
<ptxt>
<xref>
<ref id="KC06140254"/>
</xref>
</ptxt>
</calloutaction>
</rescall-grp>
</subcalloutnode>
</testgrp>
</diagnostic>
</servinfosub>