<?xml version="1.0" encoding="UTF-8"?><servinfosub IE-ID="en-US0900c8af823e4716" docno="VCC-166774" id="KC08842984" xml:lang="en-US">
<title>
<phrase category="" id="KC09651179" phrase-urn="urn:x-nevis:phrase:0800c8af8274b104">Fault-tracing i#@#@#5#ation</phrase>
</title>
<diagnostic type="test">
<testgrp IE-ID="en-US0900c8af823e4716_KC08856559" id="KC08856559" j2008use="1" paperuse="1" resumable="1" screenuse="1" testgrp-id="node1" x="160" y="80">
<title>
<phrase category="" id="KC09651180" phrase-urn="urn:x-nevis:phrase:0800c8af8274b105">Information</phrase>
</title>
<node>
<test1>
<test2>
<ptxt>
<phrase category="" id="KC09651181" phrase-urn="urn:x-nevis:phrase:0800c8af8274b106">No fault tracin#@#@#728#tion.</phrase>
</ptxt>
</test2>
</test1>
<question>
Select "Contin#@#@#8#xit.
</question>
<resact-grp>
<result button="cont" comp="button" highlight="0"/>
<action j2008use="1" paperuse="1" screenuse="1">
<return value="DONE"/>
</action>
</resact-grp>
</node>
</testgrp>
</diagnostic>
</servinfosub>