<?xml version="1.0" encoding="UTF-8"?><servinfosub IE-ID="en-US0900c8af817d9716" docno="VCC-157851" id="KC06253904" xml:lang="en-US">
<title>
<phrase category="" id="KC07198076" phrase-urn="urn:x-nevis:phrase:0800c8af81a9590e">Diagnostic trou#@#@#30#-0250</phrase>
</title>
<diagnostic type="condition">
<condgrp>
<condition type="condition">
<grate>
<graphic id="KC07198077" width="column">
<href>0900c8af8073198#@#@#9#.jpeg</href>
</graphic>
<graphtext>
<para>
<ptxt>
<phrase category="" id="KC07198078" phrase-urn="urn:x-nevis:phrase:0800c8af81a9590f">The supplementa#@#@#84#WS). </phrase>
</ptxt>
<ptxt>
<phrase category="" id="KC07198079" phrase-urn="urn:x-nevis:phrase:0800c8af81a95910">The diagnostic #@#@#77#ult. </phrase>
</ptxt>
<ptxt>
<phrase category="" id="KC07198080" phrase-urn="urn:x-nevis:phrase:0800c8af81a95911">The diagnostic #@#@#67# III.</phrase>
</ptxt>
</para>
</graphtext>
</grate>
</condition>
</condgrp>
<condgrp>
<condition type="substitution">
<list1 enumtype="d">
<item>
<ptxt>
<phrase category="" id="KC07198081" phrase-urn="urn:x-nevis:phrase:0800c8af81a95912">Passenger airba#@#@#12#ated.</phrase>
</ptxt>
</item>
</list1>
</condition>
<ps>
<list1 enumtype="d" type="unordered">
<item>
<ptxt>
<phrase category="" id="KC07198082" phrase-urn="urn:x-nevis:phrase:0800c8af81a95913">Incorrect calib#@#@#38#OWS).</phrase>
</ptxt>
</item>
</list1>
</ps>
</condgrp>
<condgrp>
<condition type="symptom">
<list1 enumtype="d" type="unordered">
<item>
<ptxt>
<phrase category="" id="KC07198083" phrase-urn="urn:x-nevis:phrase:0800c8af81a95914">SRS indicator l#@#@#2#p lit</phrase>
</ptxt>
</item>
<item>
<ptxt>
<phrase category="" id="KC07198084" phrase-urn="urn:x-nevis:phrase:0800c8af81a95915">PAD lamp lit.</phrase>
</ptxt>
</item>
</list1>
</condition>
</condgrp>
</diagnostic>
</servinfosub>