<?xml version="1.0" encoding="UTF-8"?><servinfosub IE-ID="en-US0900c8af8049f716" docno="VCC-088450" id="KC01397573" xml:lang="en-US">
<title>
<phrase category="" id="KC07289142" phrase-urn="urn:x-nevis:phrase:0800c8af81aa623a">Faulty signal. #@#@#10#fault</phrase>
</title>
<diagnostic type="test">
<testgrp IE-ID="en-US0900c8af8049f716_KC01397574" id="KC01397574" j2008use="1" paperuse="1" resumable="1" screenuse="1" testgrp-id="node1" x="120" y="240">
<title>
<phrase category="" id="KC07289143" phrase-urn="urn:x-nevis:phrase:0800c8af81aa623b">Replacing the c#@#@#3#onent</phrase>
</title>
<node>
<test1>
<test2>
<para>
<ptxt>
<phrase category="" id="KC07289144" phrase-urn="urn:x-nevis:phrase:0800c8af81aa623c">The fault has p#@#@#217#ntly.</phrase>
</ptxt>
</para>
<list1 enumtype="d" type="unordered">
<title>
<phrase category="" id="KC07289145" phrase-urn="urn:x-nevis:phrase:0800c8af81aa623d">Other information:</phrase>
</title>
<item>
<ptxt>
<phrase category="" id="KC07289146" phrase-urn="urn:x-nevis:phrase:0800c8af81aa623e">To access or re#@#@#33# see <xref>
<ref id="KC07289147"/>
</xref>.</phrase>
</ptxt>
</item>
</list1>
<grate>
<graphic id="KC07289148">
<href>0900c8af80058ef#@#@#9#.jpeg</href>
</graphic>
</grate>
</test2>
</test1>
<question>Select "Continu#@#@#32#ied. </question>
<resact-grp>
<result button="cont" comp="button" highlight="0"/>
<action j2008use="1" paperuse="1" screenuse="1">
<ptxt>
<xref>
<ref id="KC07289149"/>
</xref>
</ptxt>
</action>
</resact-grp>
</node>
</testgrp>
<testgrp id="KC01397575" j2008use="1" paperuse="1" resumable="1" screenuse="1" testgrp-id="verifiering" x="200" y="360">
<title>
<phrase category="" id="KC07289150" phrase-urn="urn:x-nevis:phrase:0800c8af81aa623f">Verification</phrase>
</title>
<subcalloutnode>
<diagcallout>
<xref>
<ref id="KC07289151"/>
</xref>
</diagcallout>
<rescall-grp>
<result comp="string" highlight="0" op="eq" return="VERIFIED"/>
<calloutaction>
<return value="FAULT FOUND"/>
</calloutaction>
</rescall-grp>
<rescall-grp>
<result comp="string" highlight="0" op="eq" return="VERIFICATION FAILED"/>
<calloutaction>
<ptxt>
<xref>
<ref id="KC07289152"/>
</xref>
</ptxt>
</calloutaction>
</rescall-grp>
</subcalloutnode>
</testgrp>
<testgrp id="KC01397576" j2008use="1" paperuse="0" resumable="1" screenuse="1" testgrp-id="info1" x="360" y="240">
<title>
<phrase category="" id="KC07289153" phrase-urn="urn:x-nevis:phrase:0800c8af81aa6241">Fault-tracing i#@#@#5#ation</phrase>
</title>
<subcalloutnode>
<diagcallout>
<xref>
<ref id="KC07289154"/>
</xref>
</diagcallout>
<rescall-grp>
<result comp="string" highlight="0" op="eq" return="FAULTTRACING FAILED"/>
<calloutaction>
<return value="FAULT NOT FOUND"/>
</calloutaction>
</rescall-grp>
<rescall-grp>
<result comp="string" highlight="0" op="eq" return="NEW TRY"/>
<calloutaction>
<ptxt>
<xref>
<ref id="KC07289155"/>
</xref>
</ptxt>
</calloutaction>
</rescall-grp>
</subcalloutnode>
</testgrp>
</diagnostic>
</servinfosub>