<?xml version="1.0" encoding="UTF-8"?><servinfosub IE-ID="en-US0900c8af8042ab07" docno="VCC-034212" id="KC01398750" servinfosubId="nev20685872n1-nev20685872n2" servinfosubRes="0900c8af862c24c7" servinfosubRes2="urn:x-nevis:fragment:0900c8af8042ab07:0900c8af862c24c7#nev20685872n2" xml:lang="en-US">
<title>Reading off Vol#@#@#9#stics</title>
<topic>
<title>Overview</title>
<grate>
<graphic id="nev20685872n1-KC06980741">
<href>0900c8af801222f#@#@#9#.jpeg</href>
</graphic>
<graphtext>
<para>
<ptxt>Faults and othe#@#@#350#link.</ptxt>
<ptxt>A detailed desc#@#@#87#(ST).</ptxt>
</para>
</graphtext>
</grate>
</topic>
<topic>
<title>Volvo on-board #@#@#18#ystem</title>
<grate>
<graphic id="nev20685872n1-KC06980742">
<href>0900c8af800546f#@#@#9#.jpeg</href>
</graphic>
<graphtext>
<para>
<ptxt>The Volvo Scan #@#@#20#d to:</ptxt>
</para>
<list1 enumtype="b" type="unordered">
<item>
<ptxt>Read and erase #@#@#61#alues</ptxt>
</item>
<item>
<ptxt>Reset adaptations</ptxt>
</item>
<item>
<ptxt>Activate compon#@#@#56#terns</ptxt>
</item>
<item>
<ptxt>Continuously re#@#@#53#gnals</ptxt>
</item>
<item>
<ptxt>Read control mo#@#@#15#tion.</ptxt>
</item>
</list1>
<para>
<ptxt>To activate the#@#@#43# DSA:</ptxt>
</para>
<list1 enumtype="b" type="unordered">
<item>
<ptxt>Ignition on</ptxt>
</item>
<item>
<ptxt>Battery voltage#@#@#3#rmal.</ptxt>
</item>
</list1>
</graphtext>
</grate>
</topic>
<topic>
<title>Connecting the #@#@#15# (ST)</title>
<grate>
<graphic id="nev20685872n1-KC06980743">
<href>0900c8af8012230#@#@#9#.jpeg</href>
</graphic>
<graphtext>
<list1 enumtype="d" type="unordered">
<item>
<ptxt>Ignition off</ptxt>
</item>
<item>
<ptxt>Install memory #@#@#3#sette</ptxt>
</item>
<item>
<ptxt>Connect the Vol#@#@#167#sole)</ptxt>
</item>
<item>
<ptxt>Ignition on</ptxt>
</item>
<item>
<ptxt>Turn ON the pow#@#@#25# (ST)</ptxt>
</item>
<item>
<ptxt>Select language#@#@#23#tions</ptxt>
</item>
<item>
<ptxt>Select system</ptxt>
</item>
<item>
<ptxt>Select DIAGNOS #@#@#104#ons. </ptxt>
</item>
<item>
<ptxt>Select MONITOR #@#@#85#gnals</ptxt>
</item>
<item>
<ptxt>Select READ CM #@#@#25# P/N.</ptxt>
</item>
</list1>
</graphtext>
</grate>
</topic>
<topic>
<title>Reading and era#@#@#31#DTCs)</title>
<grate>
<graphic id="nev20685872n1-KC06980744" width="column">
<href>0900c8af8012204#@#@#9#.jpeg</href>
</graphic>
<graphtext>
<para>
<ptxt>This function c#@#@#233# see <xref>
<ref id="nev20685872n1-KC06980745"/>
</xref>.</ptxt>
</para>
<note>
<ptxt>Diagnostic trou#@#@#450#gain.</ptxt>
</note>
<para>
<ptxt>Diagnostic trou#@#@#289#ntly.</ptxt>
</para>
<para>
<ptxt>Diagnostic trou#@#@#108#once.</ptxt>
</para>
<note>
<ptxt>The Dynamic Sta#@#@#367#ored.</ptxt>
</note>
<para>
<ptxt>For certain dia#@#@#147#ored.</ptxt>
<ptxt>The following f#@#@#20#read:</ptxt>
</para>
<list1 enumtype="b" type="unordered">
<item>
<ptxt>Engine Speed (R#@#@#5#value</ptxt>
</item>
<item>
<ptxt>Load signal, value</ptxt>
</item>
<item>
<ptxt>Throttle positi#@#@#19#ition</ptxt>
</item>
<item>
<ptxt>Torque reductio#@#@#3#value</ptxt>
</item>
<item>
<ptxt>Type of transmission</ptxt>
</item>
<item>
<ptxt>Initiation of e#@#@#29#tatus</ptxt>
</item>
<item>
<ptxt>DSA function, status</ptxt>
</item>
<item>
<ptxt>DSA switch, status</ptxt>
</item>
<item>
<ptxt>DSA Warning lam#@#@#8#s lit</ptxt>
</item>
<item>
<ptxt>DSA Warning lam#@#@#13#shing</ptxt>
</item>
<item>
<ptxt>Brake light swi#@#@#6#tatus</ptxt>
</item>
<item>
<ptxt>Wheel speed lef#@#@#15#value</ptxt>
</item>
<item>
<ptxt>Wheel speed rig#@#@#16#value</ptxt>
</item>
<item>
<ptxt>Wheel speed lef#@#@#14#value</ptxt>
</item>
<item>
<ptxt>Wheel speed rig#@#@#16#alue.</ptxt>
</item>
</list1>
<para>
<ptxt>For further inf#@#@#29# see <xref>
<ref id="nev20685872n1-KC06980746"/>
</xref>. </ptxt>
</para>
</graphtext>
</grate>
</topic>
<topic>
<title>Resetting wheel#@#@#6#ation</title>
<para>
<ptxt>This function c#@#@#104#also <xref>
<ref id="nev20685872n1-KC06980747"/>
</xref>.</ptxt>
</para>
</topic>
<topic>
<title>Activating comp#@#@#11#tions</title>
<para>
<ptxt>This function c#@#@#60#lly. </ptxt>
</para>
<para>
<ptxt>The following c#@#@#22#ated:</ptxt>
</para>
<list1 enumtype="b" type="unordered">
<item>
<ptxt>Request for tor#@#@#8#ction</ptxt>
</item>
<item>
<ptxt>DSA Warning lam#@#@#14#hing.</ptxt>
</item>
</list1>
<note>
<ptxt>After the Dynam#@#@#342#red. </ptxt>
</note>
<para>
<ptxt>For further inf#@#@#26# see <xref>
<ref id="nev20685872n1-KC06980748"/>
</xref>. </ptxt>
</para>
</topic>
<topic>
<title>Reading input a#@#@#12#gnals</title>
<grate>
<graphic id="nev20685872n1-KC06980749">
<href>0900c8af800546f#@#@#9#.jpeg</href>
</graphic>
<graphtext>
<para>
<ptxt>This function c#@#@#91#nals.</ptxt>
</para>
<para>
<ptxt>
<emph>Note!</emph> To obtain the #@#@#191#time.</ptxt>
</para>
<para>
<ptxt>The following p#@#@#17#read:</ptxt>
</para>
<list1 enumtype="b" type="unordered">
<item>
<ptxt>Engine Speed (R#@#@#5#value</ptxt>
</item>
<item>
<ptxt>Load signal, value</ptxt>
</item>
<item>
<ptxt>Throttle positi#@#@#19#ition</ptxt>
</item>
<item>
<ptxt>Torque reductio#@#@#3#value</ptxt>
</item>
<item>
<ptxt>Type of transmission</ptxt>
</item>
<item>
<ptxt>Initiation of e#@#@#29#tatus</ptxt>
</item>
<item>
<ptxt>DSA function, status</ptxt>
</item>
<item>
<ptxt>DSA switch, status</ptxt>
</item>
<item>
<ptxt>DSA Warning lam#@#@#8#s lit</ptxt>
</item>
<item>
<ptxt>DSA Warning lam#@#@#13#shing</ptxt>
</item>
<item>
<ptxt>Brake light swi#@#@#6#tatus</ptxt>
</item>
<item>
<ptxt>Wheel speed lef#@#@#15#value</ptxt>
</item>
<item>
<ptxt>Wheel speed rig#@#@#16#value</ptxt>
</item>
<item>
<ptxt>Wheel speed lef#@#@#14#value</ptxt>
</item>
<item>
<ptxt>Wheel speed rig#@#@#15#value</ptxt>
</item>
<item>
<ptxt>Wheel adaptatio#@#@#20#value</ptxt>
</item>
<item>
<ptxt>Wheel adaptatio#@#@#21#value</ptxt>
</item>
<item>
<ptxt>Wheel adaptatio#@#@#19#value</ptxt>
</item>
<item>
<ptxt>Wheel adaptatio#@#@#20#value</ptxt>
</item>
<item>
<ptxt>Wheel adaptatio#@#@#15#atus.</ptxt>
</item>
</list1>
<para>
<ptxt>For further inf#@#@#26# see <xref>
<ref id="nev20685872n1-KC06980750"/>
</xref>. </ptxt>
</para>
</graphtext>
</grate>
</topic>
<topic>
<title>Reading control#@#@#17#ation</title>
<para>
<ptxt>The Volvo Scan #@#@#142# P/N.</ptxt>
</para>
</topic>
</servinfosub>