<?xml version="1.0" encoding="UTF-8"?><servinfosub IE-ID="en-US0900c8af83ed5b07" docno="VCC-154528" id="KC02738781" xml:lang="en-US">
<title>
<phrase category="Qualifier" id="nev12819846n1" phrase-urn="urn:x-nevis:phrase:0800c8af8015c4a2">Faulty signal</phrase>
</title>
<diagnostic j2008use="1" layout="1" paperuse="1" screenuse="1" type="test">
<testgrp IE-ID="en-US0900c8af83ed5b07_KC02789763" id="KC02789763" j2008use="1" paperuse="1" screenuse="1" testgrp-id="node1" x="200" y="60">
<title>
<phrase category="Title" id="nev12820063n1" phrase-urn="urn:x-nevis:phrase:0800c8af81eabcdd">Checking other #@#@#26#DTCs)</phrase>
</title>
<node>
<test1>
<diaglist>
<dgraphic>
<dgraphic1>
<graphic id="KC07882800">
<href>0900c8af80054d5#@#@#9#.jpeg</href>
</graphic>
</dgraphic1>
</dgraphic>
<ditem>
<ptxt>
<phrase category="Faulttracing" id="nev12818021n1" phrase-urn="urn:x-nevis:phrase:0800c8af81adb8c2">Ignition on.</phrase>
</ptxt>
</ditem>
</diaglist>
<test2>
<para>
<ptxt id="nev12817890n98">
<phrase category="Faulttracing" id="nev12818022n1" phrase-urn="urn:x-nevis:phrase:0800c8af83ed5b9e">The diagnostic #@#@#191#vely.</phrase>
<phrase category="Faulttracing" id="nev12818023n1" phrase-urn="urn:x-nevis:phrase:0800c8af83ed5cba">It is likely th#@#@#80#ECM).</phrase>
<phrase category="Faulttracing" id="nev12818024n1" phrase-urn="urn:x-nevis:phrase:0800c8af82264c8a">These diagnosti#@#@#69#irst.</phrase>
</ptxt>
</para>
<para>
<ptxt>
<phrase category="Faulttracing" id="nev12818025n1" phrase-urn="urn:x-nevis:phrase:0800c8af83ed5f62">Check if other #@#@#62#ECM).</phrase>
</ptxt>
</para>
<list1 enumtype="d" type="unordered">
<item>
<ptxt>
<phrase category="Faulttracing" id="nev12818026n1" phrase-urn="urn:x-nevis:phrase:0800c8af81976d4a">Ignition on.</phrase>
</ptxt>
</item>
<item>
<ptxt>
<phrase category="Faulttracing" id="nev12818027n1" phrase-urn="urn:x-nevis:phrase:0800c8af81eab604">Click on the ve#@#@#70#TCs).</phrase>
</ptxt>
</item>
</list1>
<diaglist>
<dgraphic>
<dgraphic1>
<graphic id="KC07882806">
<href>0900c8af8073162#@#@#9#.jpeg</href>
</graphic>
</dgraphic1>
<dgraphic2>
<graphic id="KC07882807">
<href>0900c8af86c8681#@#@#9#.jpeg</href>
</graphic>
<smarttool active="press" id="KC07882808" toolname="YECM2010"/>
</dgraphic2>
</dgraphic>
</diaglist>
</test2>
</test1>
<question>
Are other diag#@#@#66#CM)?
</question>
<resact-grp>
<result button="yes" comp="button" highlight="0"/>
<action j2008use="1" paperuse="1" screenuse="1">
<return value="DONE"/>
</action>
</resact-grp>
<resact-grp>
<result button="no" comp="button" highlight="0"/>
<action j2008use="1" paperuse="1" screenuse="1">
<ptxt>
<xref>
<ref id="KC07882810"/>
</xref>
</ptxt>
</action>
</resact-grp>
</node>
</testgrp>
<testgrp id="KC02789764" j2008use="1" paperuse="1" resumable="1" screenuse="1" testgrp-id="node2" x="80" y="160">
<title>
<phrase category="Title" id="nev12819607n1" phrase-urn="urn:x-nevis:phrase:0800c8af81eabd5c">Checking the ra#@#@#49#DTCs)</phrase>
</title>
<node>
<test1>
<diaglist>
<dgraphic>
<dgraphic1>
<graphic id="KC07882812">
<href>0900c8af80054d3#@#@#9#.jpeg</href>
</graphic>
</dgraphic1>
</dgraphic>
<ditem>
<ptxt id="nev12819405n100">
<phrase category="Preparatory" id="nev12819425n1" phrase-urn="urn:x-nevis:phrase:0800c8af83d8b9fa">Ignition on or #@#@#10#ning.</phrase>
</ptxt>
</ditem>
<ditem>
<ptxt id="nev12819405n98">
<phrase category="Faulttracing" id="nev12819426n1" phrase-urn="urn:x-nevis:phrase:0800c8af81eab102">Activate the to#@#@#81#tion.</phrase>
</ptxt>
</ditem>
<ditem>
<ptxt id="nev12819405n96">
<phrase category="Preparatory" id="nev12819427n1" phrase-urn="urn:x-nevis:phrase:0800c8af83d8b9fe">Check ranking v#@#@#67#ECM).</phrase>
</ptxt>
</ditem>
</diaglist>
<test2>
<para>
<ptxt id="nev12819405n94">
<phrase category="Faulttracing" id="nev12819428n1" phrase-urn="urn:x-nevis:phrase:0800c8af83ed5b9e">The diagnostic #@#@#191#vely.</phrase>
<phrase category="Faulttracing" id="nev12819434n1" phrase-urn="urn:x-nevis:phrase:0800c8af83eda142">If no additiona#@#@#173#tion.</phrase>
</ptxt>
<ptxt id="nev12819405n91">
<phrase category="Faulttracing" id="nev12819486n1" phrase-urn="urn:x-nevis:phrase:0800c8af82264cfe">The ranking val#@#@#180#tion.</phrase>
<phrase category="Faulttracing" id="nev12819487n1" phrase-urn="urn:x-nevis:phrase:0800c8af82264d22">The counter cou#@#@#75#tive.</phrase>
<phrase category="Faulttracing" id="nev12819488n1" phrase-urn="urn:x-nevis:phrase:0800c8af83d8ba2c">For certain fun#@#@#229#ated.</phrase>
</ptxt>
<ptxt>
<phrase category="Faulttracing" id="nev12819492n1" phrase-urn="urn:x-nevis:phrase:0800c8af83d8ba3a">If the ranking #@#@#207#ECM).</phrase>
</ptxt>
</para>
<hint>
<ptxt id="nev12819405n85">
<phrase category="Faulttracing" id="nev12819583n1" phrase-urn="urn:x-nevis:phrase:0800c8af8257a461">Obtain the faul#@#@#14#ally.</phrase>
</ptxt>
</hint>
<para>
<ptxt id="nev12819405n83">
<phrase category="Faulttracing" id="nev12819586n1" phrase-urn="urn:x-nevis:phrase:0800c8af82264cfd">The ranking val#@#@#21#lues:</phrase>
</ptxt>
</para>
<list1>
<item>
<ptxt id="nev12819405n81">
<phrase category="Faulttracing" id="nev12819596n1" phrase-urn="urn:x-nevis:phrase:0800c8af82a68c77">
<emph etype="bold">Worst</emph> shows highest #@#@#147#less.</phrase>
</ptxt>
</item>
<item>
<ptxt id="nev12819405n79">
<phrase category="Faulttracing" id="nev12819597n1" phrase-urn="urn:x-nevis:phrase:0800c8af82a68c81">
<emph etype="bold">Latest </emph>shows present r#@#@#36#tion.</phrase>
</ptxt>
<hint>
<ptxt id="nev12819405n77">
<phrase category="Faulttracing" id="nev12819601n1" phrase-urn="urn:x-nevis:phrase:0800c8af82a68c79">The updating ra#@#@#66#tion.</phrase>
</ptxt>
</hint>
<note>
<ptxt id="nev12819405n75">
<phrase category="Faulttracing" id="nev12819602n1" phrase-urn="urn:x-nevis:phrase:0800c8af82a68c7b">The updating ra#@#@#89#onds.</phrase>
</ptxt>
</note>
</item>
</list1>
<hint>
<ptxt id="nev12819405n73">
<phrase category="Faulttracing" id="nev12819603n1" phrase-urn="urn:x-nevis:phrase:0800c8af82a68c7e">A high value fo#@#@#108#tive.</phrase>
</ptxt>
</hint>
<ptxt id="nev12819405n71">
<phrase category="Faulttracing" id="nev12819604n1" phrase-urn="urn:x-nevis:phrase:0800c8af81eab527">Note the diagno#@#@#45#lues.</phrase>
</ptxt>
<list1 enumtype="d" type="unordered">
<title>
<phrase category="Title" id="nev12819605n1" phrase-urn="urn:x-nevis:phrase:0800c8af81ea4cd6">Other information</phrase>
</title>
<item>
<ptxt>
<xref id="nev12819405n68">
<ref id="l1176204660891"/>
</xref>
</ptxt>
</item>
</list1>
<diaglist>
<dgraphic>
<dgraphic1>
<graphic id="KC07882830">
<href>0900c8af8073162#@#@#9#.jpeg</href>
</graphic>
</dgraphic1>
<dgraphic2>
<graphic id="KC07882831">
<href>0900c8af86c8681#@#@#9#.jpeg</href>
</graphic>
<smarttool active="press" id="KC07882832" toolname="YECM2075"/>
</dgraphic2>
</dgraphic>
</diaglist>
</test2>
</test1>
<question>
Select Continue.
</question>
<resact-grp>
<result button="cont" comp="button" highlight="0"/>
<action j2008use="1" paperuse="1" screenuse="1">
<ptxt>
<xref>
<ref id="KC07882834"/>
</xref>
</ptxt>
</action>
</resact-grp>
</node>
</testgrp>
<testgrp id="KC02789765" j2008use="1" paperuse="1" resumable="1" screenuse="1" testgrp-id="ecm-ver1" x="80" y="320">
<title>
<phrase category="Title" id="nev12819848n1" phrase-urn="urn:x-nevis:phrase:0800c8af81eb9dd1">Verification</phrase>
</title>
<subcalloutnode>
<diagcallout>
<xref id="nev12819405n66">
<ref id="KC07882836"/>
</xref>
</diagcallout>
<rescall-grp>
<result comp="string" highlight="0" op="eq" return="VERIFICATION FAILED"/>
<calloutaction>
<ptxt>
<xref>
<ref id="KC07882837"/>
</xref>
</ptxt>
</calloutaction>
</rescall-grp>
<rescall-grp>
<result comp="string" highlight="0" op="eq" return="VERIFIED"/>
<calloutaction>
<return value="FAULT FOUND"/>
</calloutaction>
</rescall-grp>
</subcalloutnode>
</testgrp>
<testgrp id="KC02789766" j2008use="1" paperuse="1" resumable="1" screenuse="1" testgrp-id="info1" x="80" y="440">
<title>
<phrase category="Title" id="nev12820064n1" phrase-urn="urn:x-nevis:phrase:0800c8af81ea4c43">Fault-tracing i#@#@#5#ation</phrase>
</title>
<subcalloutnode>
<diagcallout>
<xref>
<ref id="KC07882839"/>
</xref>
</diagcallout>
<rescall-grp>
<result comp="string" highlight="0" op="eq" return="FAULTTRACING FAILED"/>
<calloutaction>
<return value="FAULTTRACING FAILED"/>
</calloutaction>
</rescall-grp>
<rescall-grp>
<result comp="string" highlight="0" op="eq" return="NEW TRY"/>
<calloutaction>
<ptxt>
<xref>
<ref id="KC07882840"/>
</xref>
</ptxt>
</calloutaction>
</rescall-grp>
</subcalloutnode>
</testgrp>
</diagnostic>
</servinfosub>