<?xml version="1.0" encoding="UTF-8"?><servinfosub IE-ID="en-US0900c8af87b07b07" docno="VCC-471244" id="nev21107043n1" original="sv-SE" servinfosubId="nev21107044n1-nev27914004n1" servinfosubRes="0900c8af87d55c2b" servinfosubRes2="urn:x-nevis:fragment:0900c8af87b07b07:0900c8af87d55c2b#nev27914004n1" xml:lang="en-US">
<operationnumbers>
<operationnumber>37225-2</operationnumber>
</operationnumbers>
<title id="nev21107043n2">Active Safety D#@#@#14#ASDM)</title>
<procedure id="nev21107044n1-nev28284641n2">
<stepgrp boilerplate="false" context="" id="nev21107044n1-nev28288019n42">
<title id="nev21107044n1-0800c8af844a46f6">Removal</title>
<procstep id="nev21107044n1-nev28285441n99">
<note id="nev21107044n1-0800c8af844a42fa">
<ptxt>Removal steps i#@#@#45#ails.</ptxt>
</note>
</procstep>
<procstep id="nev21107044n1-nev28284621n14">
<para id="nev21107044n1-nev28288019n40">
<ptxt id="nev21107044n1-nev28288019n41">Set the vehicle#@#@#36# mode<xref boilerplate="true" id="nev21107044n1-0800c8af865315ac">
<ref id="nev21107044n1-nev28284621n11"/>
</xref>
</ptxt>
</para>
</procstep>
<procstep id="nev21107044n1-nev28284642n1">
<grate id="nev21107044n1-nev28288019n38">
<graphic id="nev21107044n1-nev28288019n39">
<href>0900c8af8656e63#@#@#9#.jpeg</href>
</graphic>
<graphtext id="nev21107044n1-nev28288107n1">
<para id="nev21107044n1-nev28288019n36">
<ptxt id="nev21107044n1-nev28288019n37">Remove the mark#@#@#3#part.</ptxt>
</para>
</graphtext>
</grate>
</procstep>
<procstep id="nev21107044n1-nev28284621n5">
<grate id="nev21107044n1-nev28288019n34">
<graphic id="nev21107044n1-nev28288019n35">
<href>0900c8af87b8ce6#@#@#9#.jpeg</href>
</graphic>
<graphtext id="nev21107044n1-nev28288111n1">
<para id="nev21107044n1-nev28288019n32">
<ptxt id="nev21107044n1-nev28288019n33">Disconnect the #@#@#6#tors.</ptxt>
</para>
</graphtext>
</grate>
</procstep>
<procstep id="nev21107044n1-nev28284642n8">
<grate id="nev21107044n1-nev28288019n30">
<graphic id="nev21107044n1-nev28288019n31">
<href>0900c8af8656e63#@#@#9#.jpeg</href>
</graphic>
<graphtext id="nev21107044n1-nev28288115n1">
<para id="nev21107044n1-nev28288019n28">
<ptxt id="nev21107044n1-nev28288019n29">Remove the mark#@#@#3#part.</ptxt>
</para>
</graphtext>
</grate>
</procstep>
<procstep id="nev21107044n1-nev28284643n5">
<grate id="nev21107044n1-nev28288019n26">
<graphic id="nev21107044n1-nev28288019n27">
<href>0900c8af87d4c37#@#@#9#.jpeg</href>
</graphic>
<graphtext id="nev21107044n1-nev28288119n1">
<para id="nev21107044n1-nev28288019n24">
<ptxt id="nev21107044n1-nev28288019n25">Remove the mark#@#@#3#part.</ptxt>
</para>
</graphtext>
</grate>
</procstep>
<procstep id="nev21107044n1-nev28284644n2">
<grate id="nev21107044n1-nev28288019n22">
<graphic id="nev21107044n1-nev28288019n23">
<href>0900c8af8656e72#@#@#9#.jpeg</href>
</graphic>
<graphtext id="nev21107044n1-nev28288123n1">
<note id="nev21107044n1-0800c8af85df4c6e">
<ptxt>The graphic sho#@#@#39#oval.</ptxt>
</note>
</graphtext>
</grate>
</procstep>
<procstep id="nev21107044n1-nev28284644n8">
<grate id="nev21107044n1-nev28288019n20">
<graphic id="nev21107044n1-nev28288019n21">
<href>0900c8af8656e72#@#@#9#.jpeg</href>
</graphic>
<graphtext id="nev21107044n1-nev28288127n1">
<para id="nev21107044n1-nev28288019n18">
<ptxt id="nev21107044n1-nev28288019n19">Remove the mark#@#@#3#part.</ptxt>
</para>
</graphtext>
</grate>
</procstep>
<procstep id="nev21107044n1-nev28284645n5">
<grate id="nev21107044n1-nev28288019n16">
<graphic id="nev21107044n1-nev28288019n17">
<href>0900c8af865c206#@#@#9#.jpeg</href>
</graphic>
<graphtext id="nev21107044n1-nev28288131n1">
<para id="nev21107044n1-nev28288019n14">
<ptxt id="nev21107044n1-nev28288019n15">Disconnect the #@#@#5#ctor.</ptxt>
</para>
</graphtext>
</grate>
</procstep>
<procstep id="nev21107044n1-nev28284646n2">
<grate id="nev21107044n1-nev28288019n12">
<graphic id="nev21107044n1-nev28288019n13">
<href>0900c8af865c206#@#@#9#.jpeg</href>
</graphic>
<graphtext id="nev21107044n1-nev28288135n1">
<para id="nev21107044n1-nev28288019n10">
<ptxt id="nev21107044n1-nev28288019n11">Disconnect the #@#@#5#ctor.</ptxt>
</para>
</graphtext>
</grate>
</procstep>
<procstep id="nev21107044n1-nev28284646n9">
<grate id="nev21107044n1-nev28288019n8">
<graphic id="nev21107044n1-nev28288019n9">
<href>0900c8af865c205#@#@#9#.jpeg</href>
</graphic>
<graphtext id="nev21107044n1-nev28288139n1">
<para id="nev21107044n1-nev28288019n6">
<ptxt id="nev21107044n1-nev28288019n7">Disconnect the #@#@#5#ctor.</ptxt>
</para>
</graphtext>
</grate>
</procstep>
<procstep id="nev21107044n1-nev28284647n6">
<grate id="nev21107044n1-nev28288019n4">
<graphic id="nev21107044n1-nev28288019n5">
<href>0900c8af865c206#@#@#9#.jpeg</href>
</graphic>
<graphtext id="nev21107044n1-nev28288143n1">
<para id="nev21107044n1-nev28288019n2">
<ptxt id="nev21107044n1-nev28288019n3">Remove the screws.</ptxt>
</para>
<para id="nev21107044n1-nev28288100n100">
<ptxt id="nev21107044n1-nev28288019n1">
<torque id="nev21107044n1-nev28285441n57">
<ref id="nev21107044n1-nev28285441n55"/>
</torque>
</ptxt>
</para>
</graphtext>
</grate>
</procstep>
<procstep id="nev21107044n1-nev28284648n3">
<grate id="nev21107044n1-nev28288100n98">
<graphic id="nev21107044n1-nev28288100n99">
<href>0900c8af865c206#@#@#9#.jpeg</href>
</graphic>
<graphtext id="nev21107044n1-nev28288150n1">
<para id="nev21107044n1-nev28288100n96">
<ptxt id="nev21107044n1-nev28288100n97">Loosen the clip.</ptxt>
</para>
<para id="nev21107044n1-nev28288100n94">
<ptxt id="nev21107044n1-nev28288100n95">Remove the mark#@#@#3#part.</ptxt>
</para>
</graphtext>
</grate>
</procstep>
</stepgrp>
<stepgrp boilerplate="false" context="" id="nev21107044n1-nev28288100n93">
<title id="nev21107044n1-0800c8af844a46f9">Installation</title>
<procstep id="nev21107044n1-nev28284781n52">
<para id="nev21107044n1-nev28288100n91">
<ptxt id="nev21107044n1-nev28288100n92">To install, rev#@#@#22#dure.</ptxt>
</para>
</procstep>
<procstep id="nev21107044n1-nev28284651n6">
<para id="nev21107044n1-nev28288100n89">
<ptxt id="nev21107044n1-nev28288100n90">Perform Active #@#@#34#tment<xref boilerplate="true" id="nev21107044n1-0800c8af86b19175">
<ref id="nev21107044n1-nev28284652n1"/>
</xref>
</ptxt>
</para>
</procstep>
<procstep id="nev21107044n1-nev28288100n88">
<para id="nev21107044n1-nev28288100n84">
<ptxt id="nev21107044n1-nev28288100n86">Perform windscr#@#@#27#aning<xref boilerplate="true" id="nev21107044n1-nev28288100n87">
<ref id="nev21107044n1-nev28288100n85"/>
</xref>
</ptxt>
</para>
</procstep>
<procstep id="nev21107044n1-nev28284653n2">
<para id="nev21107044n1-nev28288100n82">
<ptxt id="nev21107044n1-nev28288100n83">Calibrate ASDM #@#@#146#ation</ptxt>
</para>
</procstep>
<procstep id="nev21107044n1-nev28284653n6">
<note id="nev21107044n1-0800c8af84b963cf">
<ptxt>The following s#@#@#51#nent.</ptxt>
</note>
</procstep>
<procstep id="nev21107044n1-nev28284653n9">
<para id="nev21107044n1-nev28288100n80">
<ptxt id="nev21107044n1-nev28288100n81">Order and downl#@#@#52#anges</ptxt>
</para>
</procstep>
<procstep id="nev21107044n1-nev28284654n3">
<para id="nev21107044n1-nev28288100n78">
<ptxt id="nev21107044n1-nev28288100n79">Calibrate ASDM #@#@#146#ation</ptxt>
</para>
</procstep>
</stepgrp>
</procedure>
</servinfosub>