<?xml version="1.0" encoding="UTF-8"?><servinfosub IE-ID="en-US0900c8af80490b07" docno="VCC-078409" id="KC01470483" xml:lang="en-US">
<title>Replacing fuel #@#@#19#otor
</title>
<procedure>
<stepgrp>
<procstep>
<title/>
<grate>
<graphic id="KC08522608" width="column">
<href>0900c8af801278b#@#@#9#.jpeg</href>
</graphic>
<graphtext>
<note>
<ptxt>Applies to both#@#@#22#els.
</ptxt>
</note>
<para>
<ptxt>Open the fuel t#@#@#10# cap.</ptxt>
<ptxt>Remove the upho#@#@#93#otor.</ptxt>
<ptxt>Remove the thre#@#@#108#car.)</ptxt>
<ptxt>Disconnect the #@#@#35#e it.</ptxt>
<ptxt>Assemble in rev#@#@#6#rder.</ptxt>
</para>
<list1 enumtype="b" type="unordered">
<item>
<ptxt>Test fuel tank #@#@#23#tion.</ptxt>
</item>
</list1>
</graphtext>
</grate>
</procstep>
</stepgrp>
</procedure>
</servinfosub>