<?xml version="1.0" encoding="UTF-8"?><servinfosub IE-ID="en-US0900c8af87b0790f" docno="VCC-474614" id="nev21548381n1" original="sv-SE" servinfosubId="nev21548382n1-nev27913866n1" servinfosubRes="0900c8af87d4c651" servinfosubRes2="urn:x-nevis:fragment:0900c8af87b0790f:0900c8af87d4c651#nev27913866n1" xml:lang="en-US">
<operationnumbers>
<operationnumber>36083-3</operationnumber>
</operationnumbers>
<title id="nev21548381n2">Active Safety D#@#@#26#tment</title>
<toolitemtable id="nev21548382n1-nev28284901n68">
<table id="nev21548382n1-nev28284901n67">
<tgroup cols="2" id="nev21548382n1-nev28284901n66">
<colspec colname="COLSPEC0" colwidth="1.00*" id="nev21548382n1-nev28284901n65"/>
<colspec colname="COLSPEC1" colwidth="1.00*" id="nev21548382n1-nev28284901n64"/>
<thead id="nev21548382n1-nev28284901n63">
<row id="nev21548382n1-nev28284901n62">
<entry id="nev21548382n1-nev28284901n61" nameend="COLSPEC1" namest="COLSPEC0" valign="top">
<ptxt id="nev21548382n1-nev28284901n60">
<emph id="nev21548382n1-nev28284901n59">Special tools</emph>
</ptxt>
</entry>
</row>
</thead>
<tbody id="nev21548382n1-nev28284901n58">
<row id="nev21548382n1-nev28284901n57">
<entry id="nev21548382n1-nev28284901n56">
<graphic id="nev21548382n1-nev28284901n55">
<href>0900c8af869de2d#@#@#9#.jpeg</href>
</graphic>
</entry>
<entry id="nev21548382n1-nev28284901n54">
<ptxt id="nev21548382n1-nev28284901n53">
<emph id="nev21548382n1-nev28284901n52">999 7529 Positi#@#@#6#uster</emph>
</ptxt>
<ptxt id="nev21548382n1-nev28284901n50">
<emph id="nev21548382n1-nev28284901n49">Tool number:</emph>999 7529</ptxt>
<ptxt id="nev21548382n1-nev28284901n48">
<emph id="nev21548382n1-nev28284901n47">Tool description:</emph>Position adjuster</ptxt>
<ptxt id="nev21548382n1-nev28284901n45">
<emph id="nev21548382n1-nev28284901n44">Tool boards:</emph>30</ptxt>
</entry>
</row>
</tbody>
</tgroup>
</table>
</toolitemtable>
<procedure id="nev21548382n1-nev28284364n1">
<stepgrp boilerplate="false" context="" id="nev21548382n1-nev28284901n95">
<title id="nev21548382n1-0800c8af844a46f6">Removal</title>
<procstep id="nev21548382n1-nev28284901n94">
<para id="nev21548382n1-nev28284901n90">
<ptxt id="nev21548382n1-nev28284901n92">See information#@#@#44#ASDM)<xref boilerplate="true" id="nev21548382n1-nev28284901n93">
<ref id="nev21548382n1-nev28284901n91"/>
</xref>
</ptxt>
</para>
</procstep>
</stepgrp>
<stepgrp boilerplate="false" context="" id="nev21548382n1-nev28284901n89">
<title id="nev21548382n1-0800c8af844a4700">Adjustment</title>
<procstep id="nev21548382n1-nev28284365n2">
<grate id="nev21548382n1-nev28284901n87">
<graphic id="nev21548382n1-nev28284901n88">
<href>0900c8af846b508#@#@#9#.jpeg</href>
</graphic>
</grate>
</procstep>
<procstep id="nev21548382n1-nev28284365n5">
<grate id="nev21548382n1-nev28284901n85">
<graphic id="nev21548382n1-nev28284901n86">
<href>0900c8af86949dc#@#@#9#.jpeg</href>
</graphic>
<graphtext id="nev21548382n1-nev28284933n1">
<para id="nev21548382n1-nev28284901n83">
<ptxt id="nev21548382n1-nev28284901n84">Fold marked par#@#@#3#side.</ptxt>
</para>
</graphtext>
</grate>
</procstep>
<procstep id="nev21548382n1-nev28284551n54">
<grate id="nev21548382n1-nev28284901n81">
<graphic id="nev21548382n1-nev28284901n82">
<href>0900c8af865c206#@#@#9#.jpeg</href>
</graphic>
<graphtext id="nev21548382n1-nev28284937n1">
<para id="nev21548382n1-nev28284901n79">
<ptxt id="nev21548382n1-nev28284901n80">Disconnect the #@#@#5#ctor.</ptxt>
</para>
</graphtext>
</grate>
</procstep>
<procstep id="nev21548382n1-nev28284366n2">
<grate id="nev21548382n1-nev28284901n77">
<graphic id="nev21548382n1-nev28284901n78">
<href>0900c8af86949dc#@#@#9#.jpeg</href>
</graphic>
<graphtext id="nev21548382n1-nev28284941n1">
<para id="nev21548382n1-nev28284901n75">
<ptxt id="nev21548382n1-nev28284901n76">
<toolitem boilerplate="true" id="nev21548382n1-nev28284366n8" imageid="0900c8af869de2d4"/>
</ptxt>
</para>
</graphtext>
</grate>
</procstep>
<procstep id="nev21548382n1-nev28284366n9">
<grate id="nev21548382n1-nev28284901n73">
<graphic id="nev21548382n1-nev28284901n74">
<href>0900c8af86949dc#@#@#9#.jpeg</href>
</graphic>
<graphtext id="nev21548382n1-nev28284948n1">
<note id="nev21548382n1-0800c8af852e8bf9">
<ptxt>Ensure that the#@#@#52#pace.</ptxt>
</note>
</graphtext>
</grate>
</procstep>
<procstep id="nev21548382n1-nev28284367n5">
<grate id="nev21548382n1-nev28284901n71">
<graphic id="nev21548382n1-nev28284901n72">
<href>0900c8af86949dc#@#@#9#.jpeg</href>
</graphic>
<graphtext id="nev21548382n1-nev28284952n1">
<para id="nev21548382n1-nev28284901n69">
<ptxt id="nev21548382n1-nev28284901n70">Adjust the comp#@#@#26#tion.</ptxt>
</para>
</graphtext>
</grate>
</procstep>
</stepgrp>
</procedure>
</servinfosub>