<?xml version="1.0" encoding="UTF-8"?><servinfosub IE-ID="en-US0900c8af82cda90f" docno="VCC-267725" id="nev11057138n1" xml:lang="en-US">
<title>
<phrase category="" id="nev11057138n2" phrase-urn="urn:x-nevis:phrase:0800c8af823e5f6e">Diagnostic trou#@#@#30#-2830</phrase>
</title>
<diagnostic j2008use="1" paperuse="1" screenuse="1" type="condition">
<condgrp>
<condition type="condition">
<grate id="nev11057138n3">
<graphic id="nev11057138n4">
<href>0900c8af8005789#@#@#9#.jpeg</href>
</graphic>
</grate>
<para>
<ptxt>
<phrase category="Condition" id="nev11057138n5" phrase-urn="urn:x-nevis:phrase:0800c8af81eb8f26">The control mod#@#@#86#ture.</phrase>
</ptxt>
<ptxt id="nev11057138n6">
<phrase category="Condition" id="nev11057138n7" phrase-urn="urn:x-nevis:phrase:0800c8af8256ff3b">The diagnostic #@#@#142#rect.</phrase>
</ptxt>
<ptxt id="nev11057138n8">
<phrase category="Condition" id="nev11057138n9" phrase-urn="urn:x-nevis:phrase:0800c8af81eaae74">The diagnostic #@#@#64#d on.</phrase>
</ptxt>
</para>
</condition>
</condgrp>
<condgrp>
<condition type="substitution">
<list1 enumtype="d" type="unordered">
<item>
<ptxt>
<phrase category="" id="nev11057138n10" phrase-urn="urn:x-nevis:phrase:0800c8af823e5f70">Nothing.</phrase>
</ptxt>
</item>
</list1>
</condition>
<ps>
<list1 enumtype="d" type="unordered">
<title id="nev11057139n1">
<phrase category="Qualifier" id="nev11057139n2" phrase-urn="urn:x-nevis:phrase:0800c8af8015c4a8">Signal too high</phrase>
</title>
<item>
<ptxt>
<phrase category="Possible source" id="nev11057139n3" phrase-urn="urn:x-nevis:phrase:0800c8af81eb96ac">Short-circuit t#@#@#32#able.</phrase>
</ptxt>
</item>
<item id="nev11057139n4">
<ptxt id="nev11057139n5">
<phrase category="Possible source" id="nev11057139n6" phrase-urn="urn:x-nevis:phrase:0800c8af81eabb41">Damaged heated #@#@#16#O2S).</phrase>
</ptxt>
</item>
</list1>
<list1 enumtype="d" id="nev11057139n7">
<title id="nev11057139n8">
<phrase category="Qualifier" id="nev11057139n9" phrase-urn="urn:x-nevis:phrase:0800c8af8015c4aa">Signal too low</phrase>
</title>
<item id="nev11057139n10">
<ptxt id="nev11057140n1">
<phrase category="Possible source" id="nev11057140n2" phrase-urn="urn:x-nevis:phrase:0800c8af81eb9604">Contact resista#@#@#29#nals.</phrase>
</ptxt>
</item>
<item id="nev11057140n3">
<ptxt id="nev11057140n4">
<phrase category="Possible source" id="nev11057140n5" phrase-urn="urn:x-nevis:phrase:0800c8af81eab9f7">Short-circuit t#@#@#24#able.</phrase>
</ptxt>
</item>
<item id="nev11057140n6">
<ptxt id="nev11057140n7">
<phrase category="Possible source" id="nev11057140n8" phrase-urn="urn:x-nevis:phrase:0800c8af81eabb41">Damaged heated #@#@#16#O2S).</phrase>
</ptxt>
</item>
</list1>
<list1 enumtype="d" id="nev11057140n9">
<title id="nev11057140n10">
<phrase category="Qualifier" id="nev11057141n1" phrase-urn="urn:x-nevis:phrase:0800c8af8015c492">Signal missing</phrase>
</title>
<item id="nev11057141n2">
<ptxt id="nev11057141n3">
<phrase category="Possible source" id="nev11057141n4" phrase-urn="urn:x-nevis:phrase:0800c8af81eb9604">Contact resista#@#@#29#nals.</phrase>
</ptxt>
</item>
<item id="nev11057141n5">
<ptxt id="nev11057141n6">
<phrase category="Possible source" id="nev11057141n7" phrase-urn="urn:x-nevis:phrase:0800c8af81eb94cf">Open-circuit in#@#@#12#lead.</phrase>
</ptxt>
</item>
<item id="nev11057141n8">
<ptxt id="nev11057141n9">
<phrase category="Possible source" id="nev11057141n10" phrase-urn="urn:x-nevis:phrase:0800c8af81eabb41">Damaged heated #@#@#16#O2S).</phrase>
</ptxt>
</item>
</list1>
<list1 enumtype="d" id="nev11057142n1">
<title id="nev11057142n2">
<phrase category="Qualifier" id="nev11057142n3" phrase-urn="urn:x-nevis:phrase:0800c8af8015c4a2">Faulty signal</phrase>
</title>
<item id="nev11057142n4">
<ptxt id="nev11057142n5">
<phrase category="Possible source" id="nev11057142n6" phrase-urn="urn:x-nevis:phrase:0800c8af8256ff86">Over heated hea#@#@#20#O2S).</phrase>
</ptxt>
</item>
<item id="nev11057142n7">
<ptxt id="nev11057142n8">
<phrase category="Possible source" id="nev11057142n9" phrase-urn="urn:x-nevis:phrase:0800c8af81eabb41">Damaged heated #@#@#16#O2S).</phrase>
</ptxt>
</item>
</list1>
</ps>
</condgrp>
<condgrp>
<condition type="symptom">
<list1 enumtype="d" type="unordered">
<item>
<ptxt>
<phrase category="Symptom" id="nev11057142n10" phrase-urn="urn:x-nevis:phrase:0800c8af8223d32d">Message in info#@#@#10#splay</phrase>
</ptxt>
</item>
</list1>
</condition>
</condgrp>
</diagnostic>
</servinfosub>