<?xml version="1.0" encoding="UTF-8"?><servinfosub IE-ID="en-US0900c8af8068d90f" docno="VCC-084323" id="KC02049760" xml:lang="en-US">
<title>
<phrase category="" id="KC08568054" phrase-urn="urn:x-nevis:phrase:0800c8af81de12e2">Checking igniti#@#@#45#ctor </phrase>
</title>
<diagnostic j2008use="1" paperuse="1" screenuse="1" type="test">
<testgrp IE-ID="en-US0900c8af8068d90f_KC02141107" id="KC02141107" j2008use="1" paperuse="1" screenuse="1" testgrp-id="a1">
<title>
<phrase category="" id="KC08568055" phrase-urn="urn:x-nevis:phrase:0800c8af81de12e3">Treating connector</phrase>
</title>
<node>
<test1>
<diaglist>
<ditem>
<ptxt>
<phrase category="" id="KC08568056" phrase-urn="urn:x-nevis:phrase:0800c8af81de12e4">Disconnect conn#@#@#31#ion).</phrase>
</ptxt>
</ditem>
</diaglist>
<test2>
<diaglist>
<ditem>
<ptxt>
<phrase category="" id="KC08568057" phrase-urn="urn:x-nevis:phrase:0800c8af81de12e5">Remove oxide fr#@#@#92#imes.</phrase>
</ptxt>
</ditem>
<ditem>
<ptxt>
<phrase category="" id="KC08568058" phrase-urn="urn:x-nevis:phrase:0800c8af81de12e6">Blow clean with#@#@#11# air.</phrase>
</ptxt>
</ditem>
<ditem>
<ptxt>
<phrase category="" id="KC08568059" phrase-urn="urn:x-nevis:phrase:0800c8af81de12e7">Check that pins#@#@#30#ted. </phrase>
</ptxt>
</ditem>
<ditem>
<ptxt>
<phrase category="" id="KC08568060" phrase-urn="urn:x-nevis:phrase:0800c8af81de12e8">Check that cabl#@#@#68#ntly.</phrase>
</ptxt>
</ditem>
<ditem>
<ptxt>
<phrase category="" id="KC08568061" phrase-urn="urn:x-nevis:phrase:0800c8af81de12e9">Grease with low#@#@#15#ease.</phrase>
</ptxt>
</ditem>
<ditem>
<ptxt>
<phrase category="" id="KC08568062" phrase-urn="urn:x-nevis:phrase:0800c8af81de12ea">Connect connectors.</phrase>
</ptxt>
</ditem>
</diaglist>
<grate>
<graphic id="KC08568063" width="column">
<href>0900c8af80054d8#@#@#9#.jpeg</href>
</graphic>
</grate>
</test2>
</test1>
<question>Select "Continue".</question>
<resact-grp>
<result button="cont" comp="button"/>
<action j2008use="1" paperuse="1" screenuse="1">
<return value="FAULT FOUND"/>
</action>
</resact-grp>
</node>
</testgrp>
</diagnostic>
</servinfosub>