<?xml version="1.0" encoding="UTF-8"?><servinfosub IE-ID="en-US0900c8af87f6990f" docno="VCC-370192" id="nev13710153n1" original="sv-SE" servinfosubId="nev13710154n1-nev20890101n1" servinfosubRes="0900c8af86b5c2e2" servinfosubRes2="urn:x-nevis:fragment:0900c8af87f6990f:0900c8af86b5c2e2#nev20890101n1" xml:lang="en-US">
<title id="nev13710152n45">Engine block, i#@#@#15#nents</title>
<toolitemtable id="nev13710154n1-nev22819558n58">
<table id="nev13710154n1-nev22819558n57">
<tgroup cols="2" id="nev13710154n1-nev22819558n56">
<colspec colname="COLSPEC0" colwidth="1.00*" id="nev13710154n1-nev22819558n55"/>
<colspec colname="COLSPEC1" colwidth="1.00*" id="nev13710154n1-nev22819558n54"/>
<thead id="nev13710154n1-nev22819558n53">
<row id="nev13710154n1-nev22819558n52">
<entry id="nev13710154n1-nev22819558n51" nameend="COLSPEC1" namest="COLSPEC0" valign="top">
<ptxt id="nev13710154n1-nev22819558n50">
<emph id="nev13710154n1-nev22819558n49">Special tools</emph>
</ptxt>
</entry>
</row>
</thead>
<tbody id="nev13710154n1-nev22819558n48">
<row id="nev13710154n1-nev22819558n47">
<entry id="nev13710154n1-nev22819558n46">
<graphic id="nev13710154n1-nev22819558n45">
<href>0900c8af862b2fa#@#@#9#.jpeg</href>
</graphic>
</entry>
<entry id="nev13710154n1-nev22819558n44">
<ptxt id="nev13710154n1-nev22819558n43">
<emph id="nev13710154n1-nev22819558n42">999 7508 Allen key</emph>
</ptxt>
<ptxt id="nev13710154n1-nev22819558n40">
<emph id="nev13710154n1-nev22819558n39">Tool number:</emph>999 7508</ptxt>
<ptxt id="nev13710154n1-nev22819558n38">
<emph id="nev13710154n1-nev22819558n37">Tool description:</emph>Allen key</ptxt>
<ptxt id="nev13710154n1-nev22819558n35">
<emph id="nev13710154n1-nev22819558n34">Tool boards:</emph>21</ptxt>
</entry>
</row>
<row id="nev13710154n1-nev22819558n33">
<entry id="nev13710154n1-nev22819558n32">
<graphic id="nev13710154n1-nev22819558n31">
<href>0900c8af8646873#@#@#9#.jpeg</href>
</graphic>
</entry>
<entry id="nev13710154n1-nev22819558n30">
<ptxt id="nev13710154n1-nev22819558n29">
<emph id="nev13710154n1-nev22819558n28">981 4198 Crow foot</emph>
</ptxt>
<ptxt id="nev13710154n1-nev22819558n26">
<emph id="nev13710154n1-nev22819558n25">Tool number:</emph>981 4198</ptxt>
<ptxt id="nev13710154n1-nev22819558n24">
<emph id="nev13710154n1-nev22819558n23">Tool description:</emph>Crow foot</ptxt>
<ptxt id="nev13710154n1-nev22819558n21">
<emph id="nev13710154n1-nev22819558n20">Tool boards:</emph>23</ptxt>
</entry>
</row>
</tbody>
</tgroup>
</table>
</toolitemtable>
<materialtable id="nev13710154n1-nev22819558n19">
<table id="nev13710154n1-nev22819558n18">
<tgroup cols="2" id="nev13710154n1-nev22819558n17">
<colspec colname="COLSPEC0" colwidth="1.00*" id="nev13710154n1-nev22819558n16"/>
<colspec colname="COLSPEC1" colwidth="1.00*" id="nev13710154n1-nev22819558n15"/>
<thead id="nev13710154n1-nev22819558n14">
<row id="nev13710154n1-nev22819558n13">
<entry id="nev13710154n1-nev22819558n12" nameend="COLSPEC1" namest="COLSPEC0" valign="top">
<ptxt id="nev13710154n1-nev22819558n11">
<emph id="nev13710154n1-nev22819558n10">Materials</emph>
</ptxt>
</entry>
</row>
</thead>
<tbody id="nev13710154n1-nev22819558n9">
<row id="nev13710154n1-nev22819558n8">
<entry id="nev13710154n1-nev22819558n7">
<ptxt id="nev13710154n1-nev22819558n6">
<emph id="nev13710154n1-nev22819558n5">Designation</emph>
</ptxt>
</entry>
<entry id="nev13710154n1-nev22819558n4">
<ptxt id="nev13710154n1-nev22819558n3">
<emph id="nev13710154n1-nev22819558n2">Part number</emph>
</ptxt>
</entry>
</row>
<row id="nev13710154n1-nev22819558n1">
<entry id="nev13710154n1-nev22819559n100">
<ptxt id="nev13710154n1-nev22819559n99">Isopropanol</ptxt>
</entry>
<entry id="nev13710154n1-nev22819559n97">
<ptxt id="nev13710154n1-nev22819559n96"/>
</entry>
</row>
<row id="nev13710154n1-nev22819559n95">
<entry id="nev13710154n1-nev22819559n94">
<ptxt id="nev13710154n1-nev22819559n93">Engine oil</ptxt>
</entry>
<entry id="nev13710154n1-nev22819559n91">
<ptxt id="nev13710154n1-nev22819559n90"/>
</entry>
</row>
</tbody>
</tgroup>
</table>
</materialtable>
<procedure id="nev13710154n1-nev21817545n6">
<stepgrp boilerplate="false" context="" id="nev13710154n1-nev22818135n79">
<title id="nev13710154n1-0800c8af844a46f9">Installation</title>
<procstep id="nev13710154n1-nev21832882n62">
<grate id="nev13710154n1-nev22818135n77">
<graphic id="nev13710154n1-nev22818135n78">
<href>0900c8af86699db#@#@#9#.jpeg</href>
</graphic>
<graphtext id="nev13710154n1-nev22819569n1">
<para id="nev13710154n1-nev22818135n75">
<ptxt id="nev13710154n1-nev22818135n76">Install the screws.</ptxt>
</para>
<para id="nev13710154n1-nev22818135n73">
<ptxt id="nev13710154n1-nev22818135n74">
<torque id="nev13710154n1-nev21834103n64">
<ref id="nev13710154n1-nev21817621n7"/>
</torque>
</ptxt>
</para>
</graphtext>
</grate>
</procstep>
<procstep id="nev13710154n1-nev21832882n54">
<grate id="nev13710154n1-nev22818135n71">
<graphic id="nev13710154n1-nev22818135n72">
<href>0900c8af86780a2#@#@#9#.jpeg</href>
</graphic>
<graphtext id="nev13710154n1-nev22819576n1">
<para id="nev13710154n1-nev22818135n69">
<ptxt id="nev13710154n1-nev22818135n70">Install the screws.</ptxt>
</para>
<para id="nev13710154n1-nev22818135n67">
<ptxt id="nev13710154n1-nev22818135n68">
<torque id="nev13710154n1-nev21834103n57">
<ref id="nev13710154n1-nev21817620n3"/>
</torque>
</ptxt>
</para>
</graphtext>
</grate>
</procstep>
<procstep id="nev13710154n1-nev21832882n46">
<grate id="nev13710154n1-nev22818135n65">
<graphic id="nev13710154n1-nev22818135n66">
<href>0900c8af86780a1#@#@#9#.jpeg</href>
</graphic>
<graphtext id="nev13710154n1-nev22819583n1">
<para id="nev13710154n1-nev22818135n63">
<ptxt id="nev13710154n1-nev22818135n64">Install the screws.</ptxt>
</para>
<para id="nev13710154n1-nev22818135n61">
<ptxt id="nev13710154n1-nev22818135n62">
<torque id="nev13710154n1-nev21834103n50">
<ref id="nev13710154n1-nev21817618n9"/>
</torque>
</ptxt>
</para>
</graphtext>
</grate>
</procstep>
<procstep id="nev13710154n1-nev21832882n38">
<grate id="nev13710154n1-nev22818135n59">
<graphic id="nev13710154n1-nev22818135n60">
<href>0900c8af86780a1#@#@#9#.jpeg</href>
</graphic>
<graphtext id="nev13710154n1-nev22819590n1">
<para id="nev13710154n1-nev22818135n57">
<ptxt id="nev13710154n1-nev22818135n58">Install the screws.</ptxt>
</para>
<para id="nev13710154n1-nev22818135n55">
<ptxt id="nev13710154n1-nev22818135n56">
<torque id="nev13710154n1-nev21834103n43">
<ref id="nev13710154n1-nev21817617n5"/>
</torque>
</ptxt>
</para>
</graphtext>
</grate>
</procstep>
<procstep id="nev13710154n1-nev21832882n30">
<grate id="nev13710154n1-nev22818135n53">
<graphic id="nev13710154n1-nev22818135n54">
<href>0900c8af86780a1#@#@#9#.jpeg</href>
</graphic>
<graphtext id="nev13710154n1-nev22819597n1">
<note id="nev13710154n1-0800c8af844a4379">
<ptxt>Make sure that #@#@#51#rial.</ptxt>
</note>
<para id="nev13710154n1-nev22818135n51">
<ptxt id="nev13710154n1-nev22818135n52">Install the screws.</ptxt>
</para>
<para id="nev13710154n1-nev22818135n49">
<ptxt id="nev13710154n1-nev22818135n50">
<torque id="nev13710154n1-nev21834103n35">
<ref id="nev13710154n1-nev21817616n1"/>
</torque>
</ptxt>
</para>
</graphtext>
</grate>
</procstep>
<procstep id="nev13710154n1-nev21832882n21">
<grate id="nev13710154n1-nev22818135n47">
<graphic id="nev13710154n1-nev22818135n48">
<href>0900c8af8677a51#@#@#9#.jpeg</href>
</graphic>
<graphtext id="nev13710154n1-nev22819604n1">
<note id="nev13710154n1-0800c8af844a4379">
<ptxt>Make sure that #@#@#51#rial.</ptxt>
</note>
<para id="nev13710154n1-nev22818135n45">
<ptxt id="nev13710154n1-nev22818135n46">Install the screws.</ptxt>
</para>
<list1 boilerplate="true" context="install" enumtype="n" id="nev13710154n1-nev21834103n27" type="ordered">
<item id="nev13710154n1-nev22818135n44">
<ptxt id="nev13710154n1-nev22818135n43">
<torque id="nev13710154n1-nev21834103n25">
<ref id="nev13710154n1-nev21817614n6"/>
</torque>
</ptxt>
</item>
<item id="nev13710154n1-nev22818135n42">
<ptxt id="nev13710154n1-nev22818135n41">
<torque id="nev13710154n1-nev21834103n22">
<ref id="nev13710154n1-nev21817614n10"/>
</torque>
</ptxt>
</item>
</list1>
</graphtext>
</grate>
</procstep>
<procstep id="nev13710154n1-nev21832882n8">
<grate id="nev13710154n1-nev22818135n39">
<graphic id="nev13710154n1-nev22818135n40">
<href>0900c8af8677a51#@#@#9#.jpeg</href>
</graphic>
<graphtext id="nev13710154n1-nev22819614n1">
<para id="nev13710154n1-nev22818135n37">
<ptxt id="nev13710154n1-nev22818135n38">Tighten the hos#@#@#4#amps.</ptxt>
</para>
</graphtext>
</grate>
</procstep>
<procstep id="nev13710154n1-nev21832882n3">
<grate id="nev13710154n1-nev22818135n35">
<graphic id="nev13710154n1-nev22818135n36">
<href>0900c8af8678ad4#@#@#9#.jpeg</href>
</graphic>
<graphtext id="nev13710154n1-nev22819618n1">
<caution id="nev13710154n1-0800c8af844a4157">
<ptxt>Make sure that #@#@#29#ated.</ptxt>
</caution>
<note id="nev13710154n1-0800c8af844a4379">
<ptxt>Make sure that #@#@#51#rial.</ptxt>
</note>
</graphtext>
</grate>
</procstep>
<procstep id="nev13710154n1-nev21833220n98">
<grate id="nev13710154n1-nev22818135n33">
<graphic id="nev13710154n1-nev22818135n34">
<href>0900c8af861be6e#@#@#9#.jpeg</href>
</graphic>
<graphtext id="nev13710154n1-nev22819622n1">
<list1 boilerplate="true" context="install" enumtype="n" id="nev13710154n1-nev21834103n10" type="ordered">
<item id="nev13710154n1-nev22818135n32">
<ptxt id="nev13710154n1-nev22818135n31">
<torque id="nev13710154n1-nev21834103n8">
<ref id="nev13710154n1-nev21817611n3"/>
</torque>
</ptxt>
</item>
<item id="nev13710154n1-nev22818135n30">
<ptxt id="nev13710154n1-nev22818135n29">
<torque id="nev13710154n1-nev21834103n5">
<ref id="nev13710154n1-nev21817611n7"/>
</torque>
</ptxt>
</item>
</list1>
</graphtext>
</grate>
</procstep>
<procstep id="nev13710154n1-nev21833220n88">
<grate id="nev13710154n1-nev22818135n27">
<graphic id="nev13710154n1-nev22818135n28">
<href>0900c8af8678aea#@#@#9#.jpeg</href>
</graphic>
<graphtext id="nev13710154n1-nev22819632n1">
<note id="nev13710154n1-0800c8af844a4379">
<ptxt>Make sure that #@#@#51#rial.</ptxt>
</note>
<para id="nev13710154n1-nev22818135n25">
<ptxt id="nev13710154n1-nev22818135n26">Install the screws.</ptxt>
</para>
<para id="nev13710154n1-nev22818135n23">
<ptxt id="nev13710154n1-nev22818135n24">
<torque id="nev13710154n1-nev21834201n98">
<ref id="nev13710154n1-nev21834201n96"/>
</torque>
</ptxt>
</para>
</graphtext>
</grate>
</procstep>
<procstep id="nev13710154n1-nev21833220n78">
<grate id="nev13710154n1-nev22818135n21">
<graphic id="nev13710154n1-nev22818135n22">
<href>0900c8af8678aeb#@#@#9#.jpeg</href>
</graphic>
<graphtext id="nev13710154n1-nev22819639n1">
<list1 boilerplate="true" context="install" enumtype="n" id="nev13710154n1-nev21834201n92" type="ordered">
<item id="nev13710154n1-nev22818135n20">
<ptxt id="nev13710154n1-nev22818135n19">
<torque id="nev13710154n1-nev21834201n90">
<ref id="nev13710154n1-nev21817608n9"/>
</torque>
</ptxt>
</item>
<item id="nev13710154n1-nev22818135n18">
<ptxt id="nev13710154n1-nev22818135n17">
<torque id="nev13710154n1-nev21834201n87">
<ref id="nev13710154n1-nev21817609n3"/>
</torque>
</ptxt>
</item>
</list1>
</graphtext>
</grate>
</procstep>
<procstep id="nev13710154n1-nev21833220n68">
<grate id="nev13710154n1-nev22818135n15">
<graphic id="nev13710154n1-nev22818135n16">
<href>0900c8af8678afc#@#@#9#.jpeg</href>
</graphic>
<graphtext id="nev13710154n1-nev22819649n1">
<para id="nev13710154n1-nev22818135n13">
<ptxt id="nev13710154n1-nev22818135n14">Install the screws.</ptxt>
</para>
<para id="nev13710154n1-nev22818135n11">
<ptxt id="nev13710154n1-nev22818135n12">
<torque id="nev13710154n1-nev21834201n81">
<ref id="nev13710154n1-nev21817607n7"/>
</torque>
</ptxt>
</para>
</graphtext>
</grate>
</procstep>
<procstep id="nev13710154n1-nev21833220n60">
<grate id="nev13710154n1-nev22818135n9">
<graphic id="nev13710154n1-nev22818135n10">
<href>0900c8af8674075#@#@#9#.jpeg</href>
</graphic>
</grate>
</procstep>
<procstep id="nev13710154n1-nev21833220n57">
<grate id="nev13710154n1-nev22818135n7">
<graphic id="nev13710154n1-nev22818135n8">
<href>0900c8af8620454#@#@#9#.jpeg</href>
</graphic>
<graphtext id="nev13710154n1-nev22819659n1">
<caution id="nev13710154n1-0800c8af844a4140">
<ptxt>Make sure that #@#@#53#wels.</ptxt>
</caution>
</graphtext>
</grate>
</procstep>
<procstep id="nev13710154n1-nev21833220n53">
<grate id="nev13710154n1-nev22818135n5">
<graphic id="nev13710154n1-nev22818135n6">
<href>0900c8af86203e0#@#@#9#.jpeg</href>
</graphic>
<graphtext id="nev13710154n1-nev22819663n1">
<note id="nev13710154n1-0800c8af844a431b">
<ptxt>Only tighten th#@#@#30#tage.</ptxt>
</note>
</graphtext>
</grate>
</procstep>
<procstep id="nev13710154n1-nev21833220n49">
<grate id="nev13710154n1-nev22818135n3">
<graphic id="nev13710154n1-nev22818135n4">
<href>0900c8af86203e3#@#@#9#.jpeg</href>
</graphic>
<graphtext id="nev13710154n1-nev22819667n1">
<para id="nev13710154n1-nev22818135n1">
<ptxt id="nev13710154n1-nev22818135n2">Install the screws.</ptxt>
</para>
<para id="nev13710154n1-nev22819555n99">
<ptxt id="nev13710154n1-nev22819555n100">
<torque id="nev13710154n1-nev21834201n66">
<ref id="nev13710154n1-nev21834201n64"/>
</torque>
</ptxt>
</para>
</graphtext>
</grate>
</procstep>
<procstep id="nev13710154n1-nev21833220n40">
<grate id="nev13710154n1-nev22819555n97">
<graphic id="nev13710154n1-nev22819555n98">
<href>0900c8af8620470#@#@#9#.jpeg</href>
</graphic>
<graphtext id="nev13710154n1-nev22819674n1">
<para id="nev13710154n1-nev22819555n95">
<ptxt id="nev13710154n1-nev22819555n96">
<torque id="nev13710154n1-nev21834201n60">
<ref id="nev13710154n1-nev21834201n58"/>
</torque>
</ptxt>
</para>
</graphtext>
</grate>
</procstep>
<procstep id="nev13710154n1-nev21833220n33">
<grate id="nev13710154n1-nev22819555n93">
<graphic id="nev13710154n1-nev22819555n94">
<href>0900c8af8620475#@#@#9#.jpeg</href>
</graphic>
<graphtext id="nev13710154n1-nev22819681n1">
<para id="nev13710154n1-nev22819555n91">
<ptxt id="nev13710154n1-nev22819555n92">Remove the screw.</ptxt>
</para>
</graphtext>
</grate>
</procstep>
<procstep id="nev13710154n1-nev21833220n28">
<grate id="nev13710154n1-nev22819555n89">
<graphic id="nev13710154n1-nev22819555n90">
<href>0900c8af862048c#@#@#9#.jpeg</href>
</graphic>
<graphtext id="nev13710154n1-nev22819685n1">
<note id="nev13710154n1-0800c8af844a4319">
<ptxt>Only tighten th#@#@#34#tage.</ptxt>
</note>
<note id="nev13710154n1-0800c8af852cd576">
<ptxt>Make sure to tu#@#@#23#stop.</ptxt>
</note>
<para id="nev13710154n1-nev22819555n87">
<ptxt id="nev13710154n1-nev22819555n88">
<toolitem boilerplate="true" id="nev13710154n1-nev21834201n47" imageid="0900c8af862b2fad"/>
</ptxt>
</para>
</graphtext>
</grate>
</procstep>
<procstep id="nev13710154n1-nev21833220n20">
<grate id="nev13710154n1-nev22819555n85">
<graphic id="nev13710154n1-nev22819555n86">
<href>0900c8af8620475#@#@#9#.jpeg</href>
</graphic>
<graphtext id="nev13710154n1-nev22819692n1">
<para id="nev13710154n1-nev22819555n83">
<ptxt id="nev13710154n1-nev22819555n84">Remove the Spec#@#@#4#Tool.</ptxt>
</para>
<para id="nev13710154n1-nev22819555n81">
<ptxt id="nev13710154n1-nev22819555n82">Install the screw.</ptxt>
</para>
<para id="nev13710154n1-nev22819555n79">
<ptxt id="nev13710154n1-nev22819555n80">
<torque id="nev13710154n1-nev21834201n39">
<ref id="nev13710154n1-nev21834201n37"/>
</torque>
</ptxt>
</para>
</graphtext>
</grate>
</procstep>
<procstep id="nev13710154n1-nev21833220n9">
<grate id="nev13710154n1-nev22819555n77">
<graphic id="nev13710154n1-nev22819555n78">
<href>0900c8af8678afc#@#@#9#.jpeg</href>
</graphic>
<graphtext id="nev13710154n1-nev22819699n1">
<warning id="nev13710154n1-0800c8af85118750">
<ptxt>Make sure that #@#@#33#ctly.</ptxt>
</warning>
<para id="nev13710154n1-nev22819555n75">
<ptxt id="nev13710154n1-nev22819555n76">A click confirm#@#@#43#tion.</ptxt>
</para>
</graphtext>
</grate>
</procstep>
<procstep id="nev13710154n1-nev21833224n8">
<grate id="nev13710154n1-nev22819555n73">
<graphic id="nev13710154n1-nev22819555n74">
<href>0900c8af867402c#@#@#9#.jpeg</href>
</graphic>
<graphtext id="nev13710154n1-nev22819703n1">
<para id="nev13710154n1-nev22819555n71">
<ptxt id="nev13710154n1-nev22819555n72">Install the screw.</ptxt>
</para>
<para id="nev13710154n1-nev22819555n69">
<ptxt id="nev13710154n1-nev22819555n70">
<torque id="nev13710154n1-nev21834201n26">
<ref id="nev13710154n1-nev21817602n4"/>
</torque>
</ptxt>
</para>
<para id="nev13710154n1-nev22819555n67">
<ptxt id="nev13710154n1-nev22819555n68">Install the clip(s).</ptxt>
</para>
</graphtext>
</grate>
</procstep>
<procstep id="nev13710154n1-nev21834201n21">
<grate id="nev13710154n1-nev22819555n65">
<graphic id="nev13710154n1-nev22819555n66">
<href>0900c8af8679fa4#@#@#9#.jpeg</href>
</graphic>
<graphtext id="nev13710154n1-nev22819710n1">
<para id="nev13710154n1-nev22819555n63">
<ptxt id="nev13710154n1-nev22819555n64">Depress the loc#@#@#7#vice.</ptxt>
</para>
</graphtext>
</grate>
</procstep>
<procstep id="nev13710154n1-nev21833224n18">
<grate id="nev13710154n1-nev22819555n61">
<graphic id="nev13710154n1-nev22819555n62">
<href>0900c8af867402c#@#@#9#.jpeg</href>
</graphic>
<graphtext id="nev13710154n1-nev22819714n1">
<para id="nev13710154n1-nev22819555n59">
<ptxt id="nev13710154n1-nev22819555n60">Install the screw.</ptxt>
</para>
</graphtext>
</grate>
</procstep>
<procstep id="nev13710154n1-nev21833224n28">
<grate id="nev13710154n1-nev22819555n57">
<graphic id="nev13710154n1-nev22819555n58">
<href>0900c8af8679fa4#@#@#9#.jpeg</href>
</graphic>
<graphtext id="nev13710154n1-nev22819718n1">
<para id="nev13710154n1-nev22819555n55">
<ptxt id="nev13710154n1-nev22819555n56">Install the screw.</ptxt>
</para>
<para id="nev13710154n1-nev22819555n53">
<ptxt id="nev13710154n1-nev22819555n54">
<torque id="nev13710154n1-nev21834201n8">
<ref id="nev13710154n1-nev21817599n6"/>
</torque>
</ptxt>
</para>
</graphtext>
</grate>
</procstep>
<procstep id="nev13710154n1-nev21833224n35">
<grate id="nev13710154n1-nev22819555n51">
<graphic id="nev13710154n1-nev22819555n52">
<href>0900c8af867402c#@#@#9#.jpeg</href>
</graphic>
<graphtext id="nev13710154n1-nev22819725n1">
<para id="nev13710154n1-nev22819555n49">
<ptxt id="nev13710154n1-nev22819555n50">Install the clip(s).</ptxt>
</para>
</graphtext>
</grate>
</procstep>
<procstep id="nev13710154n1-nev21833224n47">
<grate id="nev13710154n1-nev22819555n47">
<graphic id="nev13710154n1-nev22819555n48">
<href>0900c8af8673f81#@#@#9#.jpeg</href>
</graphic>
<graphtext id="nev13710154n1-nev22819729n1">
<para id="nev13710154n1-nev22819555n45">
<ptxt id="nev13710154n1-nev22819555n46">Install the clip(s).</ptxt>
</para>
<para id="nev13710154n1-nev22819555n43">
<ptxt id="nev13710154n1-nev22819555n44">Install the screws.</ptxt>
</para>
<para id="nev13710154n1-nev22819555n41">
<ptxt id="nev13710154n1-nev22819555n42">
<torque id="nev13710154n1-nev21834202n95">
<ref id="nev13710154n1-nev21817597n2"/>
</torque>
</ptxt>
</para>
</graphtext>
</grate>
</procstep>
<procstep id="nev13710154n1-nev21833224n57">
<grate id="nev13710154n1-nev22819555n39">
<graphic id="nev13710154n1-nev22819555n40">
<href>0900c8af8673388#@#@#9#.jpeg</href>
</graphic>
<graphtext id="nev13710154n1-nev22819736n1">
<caution id="nev13710154n1-0800c8af844a4156">
<ptxt>Make sure that #@#@#63#rial.</ptxt>
</caution>
<note id="nev13710154n1-0800c8af844a4379">
<ptxt>Make sure that #@#@#51#rial.</ptxt>
</note>
<para id="nev13710154n1-nev22819555n37">
<ptxt id="nev13710154n1-nev22819555n38">Install the screws.</ptxt>
</para>
<para id="nev13710154n1-nev22819555n35">
<ptxt id="nev13710154n1-nev22819555n36">
<torque id="nev13710154n1-nev21834202n86">
<ref id="nev13710154n1-nev21817595n5"/>
</torque>
</ptxt>
</para>
</graphtext>
</grate>
</procstep>
<procstep id="nev13710154n1-nev21834202n83">
<para id="nev13710154n1-nev22819555n33">
<ptxt id="nev13710154n1-nev22819555n34">Perform fuel in#@#@#2#ctors<xref boilerplate="true" id="nev13710154n1-0800c8af8651c121">
<ref id="nev13710154n1-nev21834202n80"/>
</xref>
</ptxt>
</para>
</procstep>
<procstep id="nev13710154n1-nev21833224n65">
<grate id="nev13710154n1-nev22819555n31">
<graphic id="nev13710154n1-nev22819555n32">
<href>0900c8af861d979#@#@#9#.jpeg</href>
</graphic>
<graphtext id="nev13710154n1-nev22819746n1">
<caution id="nev13710154n1-0800c8af844a4156">
<ptxt>Make sure that #@#@#63#rial.</ptxt>
</caution>
<note id="nev13710154n1-0800c8af844a4379">
<ptxt>Make sure that #@#@#51#rial.</ptxt>
</note>
<para id="nev13710154n1-nev22819555n29">
<ptxt id="nev13710154n1-nev22819555n30">Install the screws.</ptxt>
</para>
<para id="nev13710154n1-nev22819555n27">
<ptxt id="nev13710154n1-nev22819555n28">
<torque id="nev13710154n1-nev21834202n72">
<ref id="nev13710154n1-nev21817594n4"/>
</torque>
</ptxt>
</para>
</graphtext>
</grate>
</procstep>
<procstep id="nev13710154n1-nev21833224n75">
<grate id="nev13710154n1-nev22819555n25">
<graphic id="nev13710154n1-nev22819555n26">
<href>0900c8af8673388#@#@#9#.jpeg</href>
</graphic>
<graphtext id="nev13710154n1-nev22819753n1">
<para id="nev13710154n1-nev22819555n23">
<ptxt id="nev13710154n1-nev22819555n24">Install the screws.</ptxt>
</para>
<para id="nev13710154n1-nev22819555n21">
<ptxt id="nev13710154n1-nev22819555n22">
<torque id="nev13710154n1-nev21834202n65">
<ref id="nev13710154n1-nev21817592n10"/>
</torque>
</ptxt>
</para>
</graphtext>
</grate>
</procstep>
<procstep id="nev13710154n1-nev21833224n85">
<grate id="nev13710154n1-nev22819555n19">
<graphic id="nev13710154n1-nev22819555n20">
<href>0900c8af8609770#@#@#9#.jpeg</href>
</graphic>
<graphtext id="nev13710154n1-nev22819760n1">
<para id="nev13710154n1-nev22819555n17">
<ptxt id="nev13710154n1-nev22819555n18">Install the screws.</ptxt>
</para>
<para id="nev13710154n1-nev22819555n15">
<ptxt id="nev13710154n1-nev22819555n16">
<torque id="nev13710154n1-nev21834202n58">
<ref id="nev13710154n1-nev21817591n6"/>
</torque>
</ptxt>
</para>
</graphtext>
</grate>
</procstep>
<procstep id="nev13710154n1-nev21833224n93">
<grate id="nev13710154n1-nev22819555n13">
<graphic id="nev13710154n1-nev22819555n14">
<href>0900c8af8673388#@#@#9#.jpeg</href>
</graphic>
<graphtext id="nev13710154n1-nev22819767n1">
<para id="nev13710154n1-nev22819555n11">
<ptxt id="nev13710154n1-nev22819555n12">Install the screws.</ptxt>
</para>
<para id="nev13710154n1-nev22819555n9">
<ptxt id="nev13710154n1-nev22819555n10">
<torque id="nev13710154n1-nev21834202n51">
<ref id="nev13710154n1-nev21817590n2"/>
</torque>
</ptxt>
</para>
</graphtext>
</grate>
</procstep>
<procstep id="nev13710154n1-nev21834202n48">
<grate id="nev13710154n1-nev22819555n7">
<graphic id="nev13710154n1-nev22819555n8">
<href>0900c8af860bfd4#@#@#9#.jpeg</href>
</graphic>
<graphtext id="nev13710154n1-nev22819774n1">
<caution id="nev13710154n1-0800c8af844a40b3">
<ptxt>Use lint free cloth.</ptxt>
</caution>
<note id="nev13710154n1-0800c8af844a4379">
<ptxt>Make sure that #@#@#51#rial.</ptxt>
</note>
<para id="nev13710154n1-nev22819555n5">
<ptxt id="nev13710154n1-nev22819555n6">
<material id="nev13710154n1-nev21834202n41" materialid="" materialname="Isopropanol" quantity="0.1" showInProcStep="true"/>
</ptxt>
</para>
</graphtext>
</grate>
</procstep>
<procstep id="nev13710154n1-nev21833223n3">
<grate id="nev13710154n1-nev22819555n3">
<graphic id="nev13710154n1-nev22819555n4">
<href>0900c8af8673377#@#@#9#.jpeg</href>
</graphic>
<graphtext id="nev13710154n1-nev22819781n1">
<para id="nev13710154n1-nev22819555n1">
<ptxt id="nev13710154n1-nev22819555n2">Install the screws.</ptxt>
</para>
<para id="nev13710154n1-nev22819556n99">
<ptxt id="nev13710154n1-nev22819556n100">
<torque id="nev13710154n1-nev21834202n36">
<ref id="nev13710154n1-nev21817589n4"/>
</torque>
</ptxt>
</para>
</graphtext>
</grate>
</procstep>
<procstep id="nev13710154n1-nev21834202n33">
<grate id="nev13710154n1-nev22819556n97">
<graphic id="nev13710154n1-nev22819556n98">
<href>0900c8af860bbee#@#@#9#.jpeg</href>
</graphic>
<graphtext id="nev13710154n1-nev22819788n1">
<warning id="nev13710154n1-0800c8af85118750">
<ptxt>Make sure that #@#@#33#ctly.</ptxt>
</warning>
<para id="nev13710154n1-nev22819556n95">
<ptxt id="nev13710154n1-nev22819556n96">
<material id="nev13710154n1-nev21834202n27" materialid="" materialname="Engine oil" quantity="0.1" showInProcStep="true"/>
</ptxt>
</para>
</graphtext>
</grate>
</procstep>
<procstep id="nev13710154n1-nev21833223n17">
<grate id="nev13710154n1-nev22819556n93">
<graphic id="nev13710154n1-nev22819556n94">
<href>0900c8af860bbac#@#@#9#.jpeg</href>
</graphic>
<graphtext id="nev13710154n1-nev22819795n1">
<para id="nev13710154n1-nev22819556n91">
<ptxt id="nev13710154n1-nev22819556n92">Install the screws.</ptxt>
</para>
<para id="nev13710154n1-nev22819556n89">
<ptxt id="nev13710154n1-nev22819556n90">
<torque id="nev13710154n1-nev21834202n22">
<ref id="nev13710154n1-nev21817586n10"/>
</torque>
</ptxt>
</para>
</graphtext>
</grate>
</procstep>
<procstep id="nev13710154n1-nev21833223n25">
<grate id="nev13710154n1-nev22819556n87">
<graphic id="nev13710154n1-nev22819556n88">
<href>0900c8af867a002#@#@#9#.jpeg</href>
</graphic>
<graphtext id="nev13710154n1-nev22819802n1">
<note id="nev13710154n1-0800c8af844a4387">
<ptxt>Make sure that #@#@#24#lled.</ptxt>
</note>
<para id="nev13710154n1-nev22819556n85">
<ptxt id="nev13710154n1-nev22819556n86">
<torque id="nev13710154n1-nev21834202n16">
<ref id="nev13710154n1-nev21817585n9"/>
</torque>
</ptxt>
</para>
<para id="nev13710154n1-nev22819556n83">
<ptxt id="nev13710154n1-nev22819556n84">
<toolitem boilerplate="true" id="nev13710154n1-nev21834202n12" imageid="0900c8af8646873b"/>
</ptxt>
</para>
</graphtext>
</grate>
</procstep>
<procstep id="nev13710154n1-nev21833223n32">
<grate id="nev13710154n1-nev22819556n81">
<graphic id="nev13710154n1-nev22819556n82">
<href>0900c8af8673351#@#@#9#.jpeg</href>
</graphic>
<graphtext id="nev13710154n1-nev22819812n1">
<para id="nev13710154n1-nev22819556n79">
<ptxt id="nev13710154n1-nev22819556n80">Tighten the hos#@#@#3#lamp.</ptxt>
</para>
</graphtext>
</grate>
</procstep>
<procstep id="nev13710154n1-nev21833223n39">
<grate id="nev13710154n1-nev22819556n77">
<graphic id="nev13710154n1-nev22819556n78">
<href>0900c8af8673351#@#@#9#.jpeg</href>
</graphic>
<graphtext id="nev13710154n1-nev22819816n1">
<para id="nev13710154n1-nev22819556n75">
<ptxt id="nev13710154n1-nev22819556n76">Install the screws.</ptxt>
</para>
</graphtext>
</grate>
</procstep>
<procstep id="nev13710154n1-nev21833223n47">
<grate id="nev13710154n1-nev22819556n73">
<graphic id="nev13710154n1-nev22819556n74">
<href>0900c8af86732a3#@#@#9#.jpeg</href>
</graphic>
<graphtext id="nev13710154n1-nev22819820n1">
<note id="nev13710154n1-0800c8af844a4379">
<ptxt>Make sure that #@#@#51#rial.</ptxt>
</note>
<para id="nev13710154n1-nev22819556n71">
<ptxt id="nev13710154n1-nev22819556n72">Install the screws.</ptxt>
</para>
<para id="nev13710154n1-nev22819556n69">
<ptxt id="nev13710154n1-nev22819556n70">
<torque id="nev13710154n1-nev21834203n97">
<ref id="nev13710154n1-nev21817582n7"/>
</torque>
</ptxt>
</para>
</graphtext>
</grate>
</procstep>
<procstep id="nev13710154n1-nev21833223n55">
<grate id="nev13710154n1-nev22819556n67">
<graphic id="nev13710154n1-nev22819556n68">
<href>0900c8af867334e#@#@#9#.jpeg</href>
</graphic>
<graphtext id="nev13710154n1-nev22819827n1">
<para id="nev13710154n1-nev22819556n65">
<ptxt id="nev13710154n1-nev22819556n66">Install the screws.</ptxt>
</para>
<para id="nev13710154n1-nev22819556n63">
<ptxt id="nev13710154n1-nev22819556n64">
<torque id="nev13710154n1-nev21834203n90">
<ref id="nev13710154n1-nev21817581n6"/>
</torque>
</ptxt>
</para>
</graphtext>
</grate>
</procstep>
<procstep id="nev13710154n1-nev21833223n62">
<grate id="nev13710154n1-nev22819556n61">
<graphic id="nev13710154n1-nev22819556n62">
<href>0900c8af86732a3#@#@#9#.jpeg</href>
</graphic>
<graphtext id="nev13710154n1-nev22819834n1">
<para id="nev13710154n1-nev22819556n59">
<ptxt id="nev13710154n1-nev22819556n60">Install the screws.</ptxt>
</para>
</graphtext>
</grate>
</procstep>
<procstep id="nev13710154n1-nev21833223n67">
<grate id="nev13710154n1-nev22819556n57">
<graphic id="nev13710154n1-nev22819556n58">
<href>0900c8af8673291#@#@#9#.jpeg</href>
</graphic>
<graphtext id="nev13710154n1-nev22819838n1">
<para id="nev13710154n1-nev22819556n55">
<ptxt id="nev13710154n1-nev22819556n56">Install the screws.</ptxt>
</para>
</graphtext>
</grate>
</procstep>
<procstep id="nev13710154n1-nev21833223n73">
<grate id="nev13710154n1-nev22819556n53">
<graphic id="nev13710154n1-nev22819556n54">
<href>0900c8af8670741#@#@#9#.jpeg</href>
</graphic>
<graphtext id="nev13710154n1-nev22819842n1">
<caution id="nev13710154n1-0800c8af844a410d">
<ptxt>Make sure that #@#@#51#rial.</ptxt>
</caution>
<para id="nev13710154n1-nev22819556n51">
<ptxt id="nev13710154n1-nev22819556n52">
<torque id="nev13710154n1-nev21834203n76">
<ref id="nev13710154n1-nev21817578n8"/>
</torque>
</ptxt>
</para>
</graphtext>
</grate>
</procstep>
<procstep id="nev13710154n1-nev21833223n82">
<grate id="nev13710154n1-nev22819556n49">
<graphic id="nev13710154n1-nev22819556n50">
<href>0900c8af8670741#@#@#9#.jpeg</href>
</graphic>
<graphtext id="nev13710154n1-nev22819849n1">
<note id="nev13710154n1-0800c8af844a42ea">
<ptxt>Note the positi#@#@#30#oval.</ptxt>
</note>
<para id="nev13710154n1-nev22819556n47">
<ptxt id="nev13710154n1-nev22819556n48">Install the screw.</ptxt>
</para>
<para id="nev13710154n1-nev22819556n45">
<ptxt id="nev13710154n1-nev22819556n46">
<torque id="nev13710154n1-nev21834203n68">
<ref id="nev13710154n1-nev21817577n10"/>
</torque>
</ptxt>
</para>
</graphtext>
</grate>
</procstep>
<procstep id="nev13710154n1-nev21833223n90">
<grate id="nev13710154n1-nev22819556n43">
<graphic id="nev13710154n1-nev22819556n44">
<href>0900c8af8669159#@#@#9#.jpeg</href>
</graphic>
<graphtext id="nev13710154n1-nev22819856n1">
<para id="nev13710154n1-nev22819556n41">
<ptxt id="nev13710154n1-nev22819556n42">Install the screws.</ptxt>
</para>
<para id="nev13710154n1-nev22819556n39">
<ptxt id="nev13710154n1-nev22819556n40">
<torque id="nev13710154n1-nev21834203n61">
<ref id="nev13710154n1-nev21817576n7"/>
</torque>
</ptxt>
</para>
</graphtext>
</grate>
</procstep>
<procstep id="nev13710154n1-nev21834203n58">
<grate id="nev13710154n1-nev22819556n37">
<graphic id="nev13710154n1-nev22819556n38">
<href>0900c8af867a002#@#@#9#.jpeg</href>
</graphic>
<graphtext id="nev13710154n1-nev22819863n1">
<note id="nev13710154n1-0800c8af852cd576">
<ptxt>Make sure to tu#@#@#23#stop.</ptxt>
</note>
</graphtext>
</grate>
</procstep>
<procstep id="nev13710154n1-nev21833223n98">
<grate id="nev13710154n1-nev22819556n35">
<graphic id="nev13710154n1-nev22819556n36">
<href>0900c8af867a002#@#@#9#.jpeg</href>
</graphic>
<graphtext id="nev13710154n1-nev22819867n1">
<para id="nev13710154n1-nev22819556n33">
<ptxt id="nev13710154n1-nev22819556n34">Install the screws.</ptxt>
</para>
<para id="nev13710154n1-nev22819556n31">
<ptxt id="nev13710154n1-nev22819556n32">
<torque id="nev13710154n1-nev21834203n50">
<ref id="nev13710154n1-nev21817575n6"/>
</torque>
</ptxt>
</para>
</graphtext>
</grate>
</procstep>
<procstep id="nev13710154n1-nev21834203n47">
<grate id="nev13710154n1-nev22819556n29">
<graphic id="nev13710154n1-nev22819556n30">
<href>0900c8af867a016#@#@#9#.jpeg</href>
</graphic>
<graphtext id="nev13710154n1-nev22819874n1">
<note id="nev13710154n1-0800c8af844a431c">
<ptxt>Only tighten th#@#@#28#tage.</ptxt>
</note>
<note id="nev13710154n1-0800c8af852cd576">
<ptxt>Make sure to tu#@#@#23#stop.</ptxt>
</note>
</graphtext>
</grate>
</procstep>
<procstep id="nev13710154n1-nev21834203n42">
<grate id="nev13710154n1-nev22819556n27">
<graphic id="nev13710154n1-nev22819556n28">
<href>0900c8af867a016#@#@#9#.jpeg</href>
</graphic>
<graphtext id="nev13710154n1-nev22819878n1">
<para id="nev13710154n1-nev22819556n25">
<ptxt id="nev13710154n1-nev22819556n26">Install the screw.</ptxt>
</para>
<para id="nev13710154n1-nev22819556n23">
<ptxt id="nev13710154n1-nev22819556n24">
<torque id="nev13710154n1-nev21834203n37">
<ref id="nev13710154n1-nev21834203n35"/>
</torque>
</ptxt>
</para>
</graphtext>
</grate>
</procstep>
<procstep id="nev13710154n1-nev21834203n33">
<grate id="nev13710154n1-nev22819556n21">
<graphic id="nev13710154n1-nev22819556n22">
<href>0900c8af8600337#@#@#9#.jpeg</href>
</graphic>
</grate>
</procstep>
<procstep id="nev13710154n1-nev21834203n30">
<grate id="nev13710154n1-nev22819556n19">
<graphic id="nev13710154n1-nev22819556n20">
<href>0900c8af8600337#@#@#9#.jpeg</href>
</graphic>
</grate>
</procstep>
<procstep id="nev13710154n1-nev21833222n11">
<grate id="nev13710154n1-nev22819556n17">
<graphic id="nev13710154n1-nev22819556n18">
<href>0900c8af866f5f2#@#@#9#.jpeg</href>
</graphic>
<graphtext id="nev13710154n1-nev22819891n1">
<para id="nev13710154n1-nev22819556n15">
<ptxt id="nev13710154n1-nev22819556n16">Install the screws.</ptxt>
</para>
<para id="nev13710154n1-nev22819556n13">
<ptxt id="nev13710154n1-nev22819556n14">
<torque id="nev13710154n1-nev21834203n23">
<ref id="nev13710154n1-nev21817573n8"/>
</torque>
</ptxt>
</para>
</graphtext>
</grate>
</procstep>
<procstep id="nev13710154n1-nev21833222n19">
<grate id="nev13710154n1-nev22819556n11">
<graphic id="nev13710154n1-nev22819556n12">
<href>0900c8af866f5f2#@#@#9#.jpeg</href>
</graphic>
<graphtext id="nev13710154n1-nev22819898n1">
<para id="nev13710154n1-nev22819556n9">
<ptxt id="nev13710154n1-nev22819556n10">Install the screws.</ptxt>
</para>
<para id="nev13710154n1-nev22819556n7">
<ptxt id="nev13710154n1-nev22819556n8">
<torque id="nev13710154n1-nev21834203n16">
<ref id="nev13710154n1-nev21817572n4"/>
</torque>
</ptxt>
</para>
</graphtext>
</grate>
</procstep>
<procstep id="nev13710154n1-nev21833222n27">
<grate id="nev13710154n1-nev22819556n5">
<graphic id="nev13710154n1-nev22819556n6">
<href>0900c8af8669121#@#@#9#.jpeg</href>
</graphic>
<graphtext id="nev13710154n1-nev22819905n1">
<para id="nev13710154n1-nev22819556n3">
<ptxt id="nev13710154n1-nev22819556n4">Install the screw.</ptxt>
</para>
<para id="nev13710154n1-nev22819556n1">
<ptxt id="nev13710154n1-nev22819556n2">
<torque id="nev13710154n1-nev21834203n9">
<ref id="nev13710154n1-nev21817571n6"/>
</torque>
</ptxt>
</para>
</graphtext>
</grate>
</procstep>
<procstep id="nev13710154n1-nev21833222n36">
<grate id="nev13710154n1-nev22819557n99">
<graphic id="nev13710154n1-nev22819557n100">
<href>0900c8af8669121#@#@#9#.jpeg</href>
</graphic>
<graphtext id="nev13710154n1-nev22819912n1">
<note id="nev13710154n1-0800c8af844a4379">
<ptxt>Make sure that #@#@#51#rial.</ptxt>
</note>
<para id="nev13710154n1-nev22819557n97">
<ptxt id="nev13710154n1-nev22819557n98">Install the screws.</ptxt>
</para>
<para id="nev13710154n1-nev22819557n95">
<ptxt id="nev13710154n1-nev22819557n96">
<torque id="nev13710154n1-nev21834203n1">
<ref id="nev13710154n1-nev21817570n5"/>
</torque>
</ptxt>
</para>
</graphtext>
</grate>
</procstep>
<procstep id="nev13710154n1-nev21833222n44">
<grate id="nev13710154n1-nev22819557n93">
<graphic id="nev13710154n1-nev22819557n94">
<href>0900c8af8612130#@#@#9#.jpeg</href>
</graphic>
<graphtext id="nev13710154n1-nev22819919n1">
<note id="nev13710154n1-0800c8af844a4379">
<ptxt>Make sure that #@#@#51#rial.</ptxt>
</note>
<para id="nev13710154n1-nev22819557n91">
<ptxt id="nev13710154n1-nev22819557n92">Install the screws.</ptxt>
</para>
<para id="nev13710154n1-nev22819557n89">
<ptxt id="nev13710154n1-nev22819557n90">
<torque id="nev13710154n1-nev21834204n93">
<ref id="nev13710154n1-nev21817569n2"/>
</torque>
</ptxt>
</para>
</graphtext>
</grate>
</procstep>
<procstep id="nev13710154n1-nev21833222n83">
<grate id="nev13710154n1-nev22819557n87">
<graphic id="nev13710154n1-nev22819557n88">
<href>0900c8af866f5c5#@#@#9#.jpeg</href>
</graphic>
<graphtext id="nev13710154n1-nev22819926n1">
<list1 boilerplate="true" context="assemble" enumtype="n" id="nev13710154n1-nev21834204n88" type="ordered">
<item id="nev13710154n1-nev22819557n86">
<ptxt id="nev13710154n1-nev22819557n85">Depress the loc#@#@#7#vice.</ptxt>
</item>
<item id="nev13710154n1-nev22819557n84">
<ptxt id="nev13710154n1-nev22819557n83">Install the screw.</ptxt>
</item>
<item id="nev13710154n1-nev22819557n82">
<ptxt id="nev13710154n1-nev22819557n81">
<torque id="nev13710154n1-nev21834204n82">
<ref id="nev13710154n1-nev21834204n80"/>
</torque>
</ptxt>
</item>
</list1>
</graphtext>
</grate>
</procstep>
<procstep id="nev13710154n1-nev21833222n90">
<grate id="nev13710154n1-nev22819557n79">
<graphic id="nev13710154n1-nev22819557n80">
<href>0900c8af866f5c5#@#@#9#.jpeg</href>
</graphic>
<graphtext id="nev13710154n1-nev22819933n1">
<para id="nev13710154n1-nev22819557n77">
<ptxt id="nev13710154n1-nev22819557n78">Install the hose.</ptxt>
</para>
<para id="nev13710154n1-nev22819557n75">
<ptxt id="nev13710154n1-nev22819557n76">Depress the loc#@#@#7#vice.</ptxt>
</para>
</graphtext>
</grate>
</procstep>
<procstep id="nev13710154n1-nev21833222n98">
<grate id="nev13710154n1-nev22819557n73">
<graphic id="nev13710154n1-nev22819557n74">
<href>0900c8af866f0f1#@#@#9#.jpeg</href>
</graphic>
<graphtext id="nev13710154n1-nev22819937n1">
<para id="nev13710154n1-nev22819557n71">
<ptxt id="nev13710154n1-nev22819557n72">Install the screws.</ptxt>
</para>
<para id="nev13710154n1-nev22819557n69">
<ptxt id="nev13710154n1-nev22819557n70">
<torque id="nev13710154n1-nev21834204n69">
<ref id="nev13710154n1-nev21817561n4"/>
</torque>
</ptxt>
</para>
</graphtext>
</grate>
</procstep>
<procstep id="nev13710154n1-nev21833221n8">
<grate id="nev13710154n1-nev22819557n67">
<graphic id="nev13710154n1-nev22819557n68">
<href>0900c8af866f0b6#@#@#9#.jpeg</href>
</graphic>
<graphtext id="nev13710154n1-nev22819944n1">
<caution id="nev13710154n1-0800c8af844a410d">
<ptxt>Make sure that #@#@#51#rial.</ptxt>
</caution>
<para id="nev13710154n1-nev22819557n65">
<ptxt id="nev13710154n1-nev22819557n66">Install the screws.</ptxt>
</para>
<para id="nev13710154n1-nev22819557n63">
<ptxt id="nev13710154n1-nev22819557n64">
<torque id="nev13710154n1-nev21834204n61">
<ref id="nev13710154n1-nev21817559n10"/>
</torque>
</ptxt>
</para>
</graphtext>
</grate>
</procstep>
<procstep id="nev13710154n1-nev21833221n16">
<grate id="nev13710154n1-nev22819557n61">
<graphic id="nev13710154n1-nev22819557n62">
<href>0900c8af83d85eb#@#@#9#.jpeg</href>
</graphic>
<graphtext id="nev13710154n1-nev22819951n1">
<para id="nev13710154n1-nev22819557n59">
<ptxt id="nev13710154n1-nev22819557n60">Remove the Spec#@#@#4#Tool.</ptxt>
</para>
</graphtext>
</grate>
</procstep>
<procstep id="nev13710154n1-nev21834204n54">
<para id="nev13710154n1-nev22819557n57">
<ptxt id="nev13710154n1-nev22819557n58">Install carrier#@#@#1#plate<xref boilerplate="true" id="nev13710154n1-0800c8af84619115">
<ref id="nev13710154n1-nev21834204n51"/>
</xref>
</ptxt>
</para>
</procstep>
<procstep id="nev13710154n1-nev21833221n53">
<grate id="nev13710154n1-nev22819557n55">
<graphic id="nev13710154n1-nev22819557n56">
<href>0900c8af8606067#@#@#9#.jpeg</href>
</graphic>
<graphtext id="nev13710154n1-nev22819958n1">
<para id="nev13710154n1-nev22819557n53">
<ptxt id="nev13710154n1-nev22819557n54">Install the screws.</ptxt>
</para>
<para id="nev13710154n1-nev22819557n51">
<ptxt id="nev13710154n1-nev22819557n52">
<torque id="nev13710154n1-nev21834204n45">
<ref id="nev13710154n1-nev21817554n3"/>
</torque>
</ptxt>
</para>
</graphtext>
</grate>
</procstep>
<procstep id="nev13710154n1-nev21833221n67">
<grate id="nev13710154n1-nev22819557n49">
<graphic id="nev13710154n1-nev22819557n50">
<href>0900c8af866f0a1#@#@#9#.jpeg</href>
</graphic>
<graphtext id="nev13710154n1-nev22819965n1">
<para id="nev13710154n1-nev22819557n47">
<ptxt id="nev13710154n1-nev22819557n48">Install the screws.</ptxt>
</para>
<para id="nev13710154n1-nev22819557n45">
<ptxt id="nev13710154n1-nev22819557n46">
<torque id="nev13710154n1-nev21834204n38">
<ref id="nev13710154n1-nev21817552n3"/>
</torque>
</ptxt>
</para>
</graphtext>
</grate>
</procstep>
<procstep id="nev13710154n1-nev21833221n88">
<grate id="nev13710154n1-nev22819557n43">
<graphic id="nev13710154n1-nev22819557n44">
<href>0900c8af8663f10#@#@#9#.jpeg</href>
</graphic>
<graphtext id="nev13710154n1-nev22819972n1">
<para id="nev13710154n1-nev22819557n41">
<ptxt id="nev13710154n1-nev22819557n42">Install the screws.</ptxt>
</para>
<para id="nev13710154n1-nev22819557n39">
<ptxt id="nev13710154n1-nev22819557n40">
<torque id="nev13710154n1-nev21834204n31">
<ref id="nev13710154n1-nev21817549n4"/>
</torque>
</ptxt>
</para>
</graphtext>
</grate>
</procstep>
<procstep id="nev13710154n1-nev21833221n80">
<grate id="nev13710154n1-nev22819557n37">
<graphic id="nev13710154n1-nev22819557n38">
<href>0900c8af86b4b53#@#@#9#.jpeg</href>
</graphic>
<graphtext id="nev13710154n1-nev22819979n1">
<para id="nev13710154n1-nev22819557n35">
<ptxt id="nev13710154n1-nev22819557n36">Install the screws.</ptxt>
</para>
<para id="nev13710154n1-nev22819557n33">
<ptxt id="nev13710154n1-nev22819557n34">
<torque id="nev13710154n1-nev21834204n24">
<ref id="nev13710154n1-nev21817550n5"/>
</torque>
</ptxt>
</para>
</graphtext>
</grate>
</procstep>
<procstep id="nev13710154n1-nev21833221n72">
<grate id="nev13710154n1-nev22819557n31">
<graphic id="nev13710154n1-nev22819557n32">
<href>0900c8af8663f32#@#@#9#.jpeg</href>
</graphic>
<graphtext id="nev13710154n1-nev22819986n1">
<para id="nev13710154n1-nev22819557n29">
<ptxt id="nev13710154n1-nev22819557n30">Install the nuts</ptxt>
</para>
<para id="nev13710154n1-nev22819557n27">
<ptxt id="nev13710154n1-nev22819557n28">
<torque id="nev13710154n1-nev21834210n70">
<ref id="nev13710154n1-nev21834210n68"/>
</torque>
</ptxt>
</para>
<para id="nev13710154n1-nev22819557n25">
<ptxt id="nev13710154n1-nev22819557n26">Turn the engine</ptxt>
</para>
</graphtext>
</grate>
</procstep>
<procstep id="nev13710154n1-nev22819557n24">
<grate id="nev13710154n1-nev22819557n22">
<graphic id="nev13710154n1-nev22819557n23">
<href>0900c8af86b5b0a#@#@#9#.jpeg</href>
</graphic>
<graphtext id="nev13710154n1-nev22819993n1">
<caution id="nev13710154n1-nev22819557n21">
<ptxt>Make sure that #@#@#51#rial.</ptxt>
</caution>
<para id="nev13710154n1-nev22819557n19">
<ptxt id="nev13710154n1-nev22819557n20">Install the mar#@#@#9#nent.</ptxt>
</para>
</graphtext>
</grate>
</procstep>
<procstep id="nev13710154n1-nev22819557n18">
<grate id="nev13710154n1-nev22819557n16">
<graphic id="nev13710154n1-nev22819557n17">
<href>0900c8af86b4b1e#@#@#9#.jpeg</href>
</graphic>
<graphtext id="nev13710154n1-nev22819997n1">
<para id="nev13710154n1-nev22819557n14">
<ptxt id="nev13710154n1-nev22819557n15">Install the screws.</ptxt>
</para>
<para id="nev13710154n1-nev22819557n10">
<ptxt id="nev13710154n1-nev22819557n12">
<torque id="nev13710154n1-nev22819557n13">
<ref id="nev13710154n1-nev22819557n11"/>
</torque>
</ptxt>
</para>
</graphtext>
</grate>
</procstep>
<procstep id="nev13710154n1-nev22819557n9">
<grate id="nev13710154n1-nev22819557n7">
<graphic id="nev13710154n1-nev22819557n8">
<href>0900c8af86b4b1e#@#@#9#.jpeg</href>
</graphic>
<graphtext id="nev13710154n1-nev22820004n1">
<note id="nev13710154n1-nev22819557n6">
<ptxt>Only tighten th#@#@#30#tage.</ptxt>
</note>
<para id="nev13710154n1-nev22819557n4">
<ptxt id="nev13710154n1-nev22819557n5">Install the mar#@#@#9#nent.</ptxt>
</para>
<para id="nev13710154n1-nev22819557n2">
<ptxt id="nev13710154n1-nev22819557n3">Install the screws.</ptxt>
</para>
</graphtext>
</grate>
</procstep>
<procstep id="nev13710154n1-nev22819557n1">
<grate id="nev13710154n1-nev22819558n99">
<graphic id="nev13710154n1-nev22819558n100">
<href>0900c8af86b4b1e#@#@#9#.jpeg</href>
</graphic>
<graphtext id="nev13710154n1-nev22820008n1">
<para id="nev13710154n1-nev22819558n97">
<ptxt id="nev13710154n1-nev22819558n98">Install the screws.</ptxt>
</para>
<para id="nev13710154n1-nev22819558n93">
<ptxt id="nev13710154n1-nev22819558n95">
<torque id="nev13710154n1-nev22819558n96">
<ref id="nev13710154n1-nev22819558n94"/>
</torque>
</ptxt>
</para>
</graphtext>
</grate>
</procstep>
<procstep id="nev13710154n1-nev22819558n92">
<grate id="nev13710154n1-nev22819558n90">
<graphic id="nev13710154n1-nev22819558n91">
<href>0900c8af86b4b1e#@#@#9#.jpeg</href>
</graphic>
<graphtext id="nev13710154n1-nev22820015n1">
<para id="nev13710154n1-nev22819558n88">
<ptxt id="nev13710154n1-nev22819558n89">Tighten the bolts.</ptxt>
</para>
<para id="nev13710154n1-nev22819558n84">
<ptxt id="nev13710154n1-nev22819558n86">
<torque id="nev13710154n1-nev22819558n87">
<ref id="nev13710154n1-nev22819558n85"/>
</torque>
</ptxt>
</para>
</graphtext>
</grate>
</procstep>
<procstep id="nev13710154n1-nev22819558n83">
<grate id="nev13710154n1-nev22819558n81">
<graphic id="nev13710154n1-nev22819558n82">
<href>0900c8af86b4b1e#@#@#9#.jpeg</href>
</graphic>
<graphtext id="nev13710154n1-nev22820022n1">
<para id="nev13710154n1-nev22819558n79">
<ptxt id="nev13710154n1-nev22819558n80">Install the mar#@#@#9#nent.</ptxt>
</para>
<para id="nev13710154n1-nev22819558n77">
<ptxt id="nev13710154n1-nev22819558n78">Install the screws.</ptxt>
</para>
<para id="nev13710154n1-nev22819558n73">
<ptxt id="nev13710154n1-nev22819558n75">
<torque id="nev13710154n1-nev22819558n76">
<ref id="nev13710154n1-nev22819558n74"/>
</torque>
</ptxt>
</para>
</graphtext>
</grate>
</procstep>
<procstep id="nev13710154n1-nev21833221n98">
<grate id="nev13710154n1-nev22819558n71">
<graphic id="nev13710154n1-nev22819558n72">
<href>0900c8af866f09c#@#@#9#.jpeg</href>
</graphic>
<graphtext id="nev13710154n1-nev22820029n1">
<para id="nev13710154n1-nev22819558n69">
<ptxt id="nev13710154n1-nev22819558n70">Install the screws.</ptxt>
</para>
<para id="nev13710154n1-nev22819558n67">
<ptxt id="nev13710154n1-nev22819558n68">
<torque id="nev13710154n1-nev21834204n17">
<ref id="nev13710154n1-nev21817548n3"/>
</torque>
</ptxt>
</para>
</graphtext>
</grate>
</procstep>
<procstep id="nev13710154n1-nev21833220n6">
<grate id="nev13710154n1-nev22819558n65">
<graphic id="nev13710154n1-nev22819558n66">
<href>0900c8af866f09c#@#@#9#.jpeg</href>
</graphic>
<graphtext id="nev13710154n1-nev22820036n1">
<para id="nev13710154n1-nev22819558n63">
<ptxt id="nev13710154n1-nev22819558n64">Install the screw.</ptxt>
</para>
<para id="nev13710154n1-nev22819558n61">
<ptxt id="nev13710154n1-nev22819558n62">
<torque id="nev13710154n1-nev21834204n10">
<ref id="nev13710154n1-nev21817546n9"/>
</torque>
</ptxt>
</para>
</graphtext>
</grate>
</procstep>
<procstep id="nev13710154n1-nev21834214n6">
<grate id="nev13710154n1-nev22819558n59">
<graphic id="nev13710154n1-nev22819558n60">
<href>0900c8af867a02d#@#@#9#.jpeg</href>
</graphic>
<graphtext id="nev13710154n1-nev22820043n1">
<caution id="nev13710154n1-0800c8af8456c459">
<ptxt>The number of c#@#@#76#tion.</ptxt>
</caution>
</graphtext>
</grate>
</procstep>
</stepgrp>
</procedure>
</servinfosub>