<?xml version="1.0" encoding="UTF-8"?><servinfosub IE-ID="en-US0900c8af8067d90f" docno="VCC-075538" id="KC02147357" xml:lang="en-US">
<title>Alignment benches</title>
<topic>
<title/>
<para>
<ptxt>Alignment bench#@#@#33#irs.
</ptxt>
<ptxt/>
<ptxt>There are four #@#@#27#ends:</ptxt>
</para>
<grate>
<graphic id="KC08509347" width="column">
<href>0900c8af8012cee#@#@#10#.jpeg</href>
</graphic>
<graphtext>
<ptxt>Volvo Body Aligner.</ptxt>
</graphtext>
</grate>
<grate>
<graphic id="KC08509348" width="column">
<href>0900c8af8012cef#@#@#9#.jpeg</href>
</graphic>
<graphtext>
<ptxt>Celette.</ptxt>
</graphtext>
</grate>
<grate>
<graphic id="KC08509349" width="column">
<href>0900c8af8012cef#@#@#9#.jpeg</href>
</graphic>
<graphtext>
<ptxt>Caroliner.</ptxt>
</graphtext>
</grate>
<grate>
<graphic id="KC08509350" width="column">
<href>0900c8af8012cef#@#@#9#.jpeg</href>
</graphic>
<graphtext>
<ptxt>Dataliner.</ptxt>
</graphtext>
</grate>
</topic>
<topic>
<title>Removal of comp#@#@#33#bench</title>
<grate>
<graphic id="KC08509351" width="column">
<href>0900c8af8012d11#@#@#9#.jpeg</href>
</graphic>
<graphtext>
<ptxt>It is important#@#@#59#ench.</ptxt>
<ptxt>Do not remove m#@#@#20#sary.</ptxt>
<ptxt/>
<ptxt>Secure the care#@#@#36#ment.</ptxt>
<ptxt/>
<ptxt>If the member s#@#@#156#eded.</ptxt>
</graphtext>
</grate>
</topic>
</servinfosub>