<?xml version="1.0" encoding="UTF-8"?><servinfosub IE-ID="en-US0900c8af84acc10f" docno="VCC-370241" id="nev13711110n1" original="sv-SE" servinfosubId="nev13711111n1-nev14895789n1" servinfosubRes="0900c8af84acc135" servinfosubRes2="urn:x-nevis:fragment:0900c8af84acc10f:0900c8af84acc135#nev14895789n1" xml:lang="en-US">
<title id="nev13711107n13">Crankshaft seal#@#@#1# rear</title>
<toolitemtable id="nev13711111n1-nev14895826n15">
<table id="nev13711111n1-nev14895826n14">
<tgroup cols="2" id="nev13711111n1-nev14895826n13">
<colspec colname="COLSPEC0" colwidth="1.00*" id="nev13711111n1-nev14895826n12"/>
<colspec colname="COLSPEC1" colwidth="1.00*" id="nev13711111n1-nev14895826n11"/>
<thead id="nev13711111n1-nev14895826n10">
<row id="nev13711111n1-nev14895826n9">
<entry id="nev13711111n1-nev14895826n8" nameend="COLSPEC1" namest="COLSPEC0" valign="top">
<ptxt id="nev13711111n1-nev14895826n7">
<emph id="nev13711111n1-nev14895826n6">Special tools</emph>
</ptxt>
</entry>
</row>
</thead>
<tbody id="nev13711111n1-nev14895826n4">
<row id="nev13711111n1-nev14895826n3">
<entry id="nev13711111n1-nev14895826n2">
<graphic id="nev13711111n1-nev14895826n1">
<href>0900c8af8005477#@#@#9#.jpeg</href>
</graphic>
</entry>
<entry id="nev13711111n1-nev14895827n100">
<ptxt id="nev13711111n1-nev14895827n99">
<emph id="nev13711111n1-nev14895827n98">999 5651 Extrac#@#@#28#5252T</emph>
</ptxt>
<ptxt id="nev13711111n1-nev14895827n96">
<emph id="nev13711111n1-nev14895827n95">Tool number:</emph>999 5651</ptxt>
<ptxt id="nev13711111n1-nev14895827n93">
<emph id="nev13711111n1-nev14895827n92">Tool description:</emph>Extractor (cran#@#@#19#5252T</ptxt>
<ptxt id="nev13711111n1-nev14895827n89">
<emph id="nev13711111n1-nev14895827n88">Tool boards:</emph>21</ptxt>
</entry>
</row>
<row id="nev13711111n1-nev14895827n86">
<entry id="nev13711111n1-nev14895827n85">
<graphic id="nev13711111n1-nev14895827n84">
<href>0900c8af827aedf#@#@#11#.jpeg</href>
</graphic>
</entry>
<entry id="nev13711111n1-nev14895827n83">
<ptxt id="nev13711111n1-nev14895827n82">
<emph id="nev13711111n1-nev14895827n81">999 7174 Drift</emph>
</ptxt>
<ptxt id="nev13711111n1-nev14895827n79">
<emph id="nev13711111n1-nev14895827n78">Tool number:</emph>999 7174</ptxt>
<ptxt id="nev13711111n1-nev14895827n76">
<emph id="nev13711111n1-nev14895827n75">Tool description:</emph>Drift</ptxt>
<ptxt id="nev13711111n1-nev14895827n72">
<emph id="nev13711111n1-nev14895827n71">Tool boards:</emph>23</ptxt>
</entry>
</row>
</tbody>
</tgroup>
</table>
</toolitemtable>
<procedure id="nev13711111n1-nev14895795n9">
<stepgrp boilerplate="false" context="" id="nev13711111n1-nev14895826n36">
<title id="nev13711111n1-nev14895796n1">Removal</title>
<procstep id="nev13711111n1-nev14895796n2">
<para id="nev13711111n1-nev14895826n31">
<ptxt id="nev13711111n1-nev14895826n33">Remove flywheel<xref boilerplate="true" id="nev13711111n1-nev14895826n34">
<ref id="nev13711111n1-nev14895826n32"/>
</xref>
</ptxt>
</para>
</procstep>
<procstep id="nev13711111n1-nev14895796n8">
<grate id="nev13711111n1-nev14895796n9">
<graphic id="nev13711111n1-nev14895796n10">
<href>0900c8af84aa671#@#@#9#.jpeg</href>
</graphic>
<graphtext id="nev13711111n1-nev14895840n1">
<caution id="nev13711111n1-nev14895797n3">
<ptxt>Take extra care#@#@#27#aces.</ptxt>
</caution>
<para id="nev13711111n1-nev14895826n27">
<ptxt id="nev13711111n1-nev14895826n28">
<toolitem boilerplate="true" id="nev13711111n1-nev14895797n6" imageid="0900c8af80054779"/>
</ptxt>
</para>
</graphtext>
</grate>
</procstep>
</stepgrp>
<stepgrp boilerplate="false" context="" id="nev13711111n1-nev14895826n26">
<title id="nev13711111n1-nev14895797n8">Installation</title>
<procstep id="nev13711111n1-nev14895797n9">
<grate id="nev13711111n1-nev14895797n10">
<graphic id="nev13711111n1-nev14895798n1">
<href>0900c8af8468bf4#@#@#9#.jpeg</href>
</graphic>
<graphtext id="nev13711111n1-nev14895847n1">
<caution id="nev13711111n1-nev14895798n4">
<ptxt>Make sure that #@#@#51#rial.</ptxt>
</caution>
<para id="nev13711111n1-nev14895826n22">
<ptxt id="nev13711111n1-nev14895826n23">
<toolitem boilerplate="true" id="nev13711111n1-nev14895798n7" imageid="0900c8af827aedfb"/>
</ptxt>
</para>
</graphtext>
</grate>
</procstep>
<procstep id="nev13711111n1-nev14895798n8">
<para id="nev13711111n1-nev14895826n18">
<ptxt id="nev13711111n1-nev14895826n20">Install flywheel<xref boilerplate="true" id="nev13711111n1-nev14895826n21">
<ref id="nev13711111n1-nev14895826n19"/>
</xref>
</ptxt>
</para>
</procstep>
</stepgrp>
</procedure>
</servinfosub>