<?xml version="1.0" encoding="UTF-8"?><servinfosub IE-ID="en-US0900c8af8011a10f" docno="VCC-111613" id="KC01108852" xml:lang="en-US">
<title>Contact reel / #@#@#33#acing</title>
<procedure>
<proctools>
<toolitem id="KC07340120"/>
</proctools>
<stepgrp id="KC01296226">
<title>Removal</title>
<procstep id="KC01296227">
<title>Preparations</title>
<grate>
<graphic id="KC07340121">
<href>0900c8af80054d8#@#@#10#.jpeg</href>
</graphic>
<graphic id="KC07340122">
<href>0900c8af80054da#@#@#9#.jpeg</href>
</graphic>
<graphtext>
<para>
<ptxt>Ignition off.</ptxt>
<ptxt>Wait three minutes.</ptxt>
<ptxt>Disconnect the #@#@#17#lead.</ptxt>
</para>
</graphtext>
</grate>
</procstep>
<procstep id="KC01296228">
<title>Removing steeri#@#@#10#odule</title>
<grate>
<graphic id="KC07340123">
<href>0900c8af80054d8#@#@#9#.jpeg</href>
</graphic>
<graphic id="KC07340124">
<href>0900c8af8005bae#@#@#9#.jpeg</href>
</graphic>
<graphtext>
<warning>
<ptxt>The battery mus#@#@#75#lled.</ptxt>
</warning>
<para>
<ptxt>Switch the igni#@#@#12#tion <emph>I</emph> so that the st#@#@#27#aged.</ptxt>
</para>
<para>
<ptxt>Adjust the stee#@#@#57#cess.</ptxt>
<ptxt>Slacken off the#@#@#67#heel.</ptxt>
<ptxt>The screws must#@#@#142#rews.</ptxt>
</para>
</graphtext>
</grate>
<grate>
<graphic id="KC07340125">
<href>0900c8af80059d9#@#@#9#.jpeg</href>
</graphic>
<graphic id="KC07340126">
<href>0900c8af8005719#@#@#9#.jpeg</href>
</graphic>
<graphtext>
<para>
<ptxt>Carefully lift #@#@#79#ule. </ptxt>
<ptxt>Remove the module.</ptxt>
</para>
<warning>
<ptxt>The steering wh#@#@#70#icle.</ptxt>
<ptxt>Follow the inst#@#@#62#dule.</ptxt>
</warning>
<warning>
<ptxt>Under no circum#@#@#147#rbag!</ptxt>
</warning>
<para>
<ptxt/>
</para>
<caution>
<ptxt>When temporaril#@#@#225#ple).</ptxt>
</caution>
</graphtext>
</grate>
</procstep>
<procstep id="KC01296229">
<title>Removing the ce#@#@#29#wheel</title>
<grate>
<graphic id="KC07340127">
<href>0900c8af80054d8#@#@#9#.jpeg</href>
</graphic>
<graphic id="KC07340128">
<href>0900c8af8005996#@#@#9#.jpeg</href>
</graphic>
<graphtext>
<para>
<ptxt>
<emph>Slacken off but#@#@#49#wheel</emph>
</ptxt>
<ptxt>Slacken off the#@#@#36# but <emph>do not remove it!</emph>
</ptxt>
<ptxt>It should be po#@#@#53#tion.</ptxt>
</para>
</graphtext>
</grate>
</procstep>
<procstep id="KC01296230">
<title>Locking the con#@#@#4# reel</title>
<grate>
<graphic id="KC07340129">
<href>0900c8af8005996#@#@#9#.jpeg</href>
</graphic>
<graphtext>
<para>
<ptxt>The steering wh#@#@#65#head.</ptxt>
<ptxt>Remove the lock#@#@#96#reel.</ptxt>
</para>
<caution>
<ptxt>Do not turn the#@#@#82# off.</ptxt>
</caution>
</graphtext>
</grate>
</procstep>
<procstep id="KC01296231">
<title>Marking the pos#@#@#22#wheel</title>
<grate>
<graphic id="KC07340130">
<href>0900c8af8005bae#@#@#9#.jpeg</href>
</graphic>
<graphtext>
<para>
<ptxt>Apply masking t#@#@#107#heel.</ptxt>
<ptxt>Draw a line on #@#@#47#er). </ptxt>
</para>
</graphtext>
</grate>
<grate>
<graphic id="KC07340131">
<href>0900c8af8005bb0#@#@#9#.jpeg</href>
</graphic>
<graphtext>
<caution>
<ptxt>The front wheel#@#@#102#ion. </ptxt>
</caution>
</graphtext>
</grate>
</procstep>
<procstep id="KC01296232">
<title>Removing the st#@#@#7#wheel</title>
<grate>
<graphic id="KC07340132">
<href>0900c8af800598a#@#@#9#.jpeg</href>
</graphic>
<graphtext>
<para>
<ptxt>Lift out the st#@#@#27#g it.</ptxt>
<ptxt>Thread the wiri#@#@#37#heel.</ptxt>
</para>
</graphtext>
</grate>
</procstep>
<procstep id="KC01296233">
<title>Removing steeri#@#@#11#overs</title>
<grate>
<graphic id="KC07340133">
<href>0900c8af8005baf#@#@#9#.jpeg</href>
</graphic>
<graphtext>
<para>
<ptxt>Remove the 3 sc#@#@#40#over.</ptxt>
<ptxt>Then bend the u#@#@#63#itch.</ptxt>
</para>
</graphtext>
</grate>
</procstep>
<procstep id="KC01296234">
<title>Removing the co#@#@#37#ensor</title>
<grate>
<graphic id="KC07340134">
<href>0900c8af8005baf#@#@#9#.jpeg</href>
</graphic>
<graphtext>
<para>
<ptxt>Disconnect the #@#@#70#ting.</ptxt>
<ptxt>Remove the 4 screws.</ptxt>
<ptxt>Remove the cont#@#@#27#ully.</ptxt>
</para>
</graphtext>
</grate>
</procstep>
<procstep id="KC01296235">
<title>Resetting the c#@#@#106#nged)</title>
<grate>
<graphic id="KC07340135">
<href>0900c8af8005716#@#@#9#.jpeg</href>
</graphic>
<graphtext>
<para>
<ptxt>Remove the scre#@#@#41#reel.</ptxt>
</para>
</graphtext>
</grate>
<grate>
<graphic id="KC07340136">
<href>0900c8af8005716#@#@#9#.jpeg</href>
</graphic>
<graphtext>
<para>
<ptxt>Turn the contac#@#@#33#left.</ptxt>
</para>
</graphtext>
</grate>
<grate>
<graphic id="KC07340137">
<href>0900c8af8005716#@#@#9#.jpeg</href>
</graphic>
<graphtext>
<para>
<ptxt>First turn the #@#@#36#ight.</ptxt>
<ptxt>Then continue t#@#@#81#hole.</ptxt>
<ptxt>The screw hole #@#@#57#ted. </ptxt>
</para>
</graphtext>
</grate>
<grate>
<graphic id="KC07340138">
<href>0900c8af8005715#@#@#9#.jpeg</href>
</graphic>
<graphtext>
<para>
<ptxt>Install the scr#@#@#32#tion.</ptxt>
<ptxt>The contact ree#@#@#32#ed). </ptxt>
</para>
</graphtext>
</grate>
</procstep>
<procstep id="KC01296236">
<title>Checking the lo#@#@#6#screw</title>
<grate>
<graphic id="KC07340139">
<href>0900c8af8005a45#@#@#9#.jpeg</href>
</graphic>
<graphtext>
<para>
<ptxt>Check that the #@#@#51#ated.</ptxt>
<ptxt>If the locking #@#@#75# see <xref>
<ref id="KC07340140"/>
</xref>
</ptxt>
</para>
<note>
<ptxt>A new contact r#@#@#190# reel</ptxt>
</note>
</graphtext>
</grate>
</procstep>
</stepgrp>
<stepgrp id="KC01296237">
<title>Installation</title>
<procstep id="KC01296238">
<title>Installing the #@#@#39#ensor</title>
<grate>
<graphic id="KC07340141">
<href>0900c8af8005baf#@#@#9#.jpeg</href>
</graphic>
<graphtext>
<para>
<ptxt>Install the con#@#@#26#sing.</ptxt>
<ptxt>Tighten the 4 s#@#@#20#5 Nm.</ptxt>
<ptxt>Press the left #@#@#32#ting.</ptxt>
<ptxt>Connect the con#@#@#3#tors.</ptxt>
</para>
</graphtext>
</grate>
</procstep>
<procstep id="KC01296239">
<title>Installing stee#@#@#13#overs</title>
<grate>
<graphic id="KC07340142">
<href>0900c8af8005983#@#@#9#.jpeg</href>
</graphic>
<graphtext>
<para>
<ptxt>Install the upp#@#@#37#olumn</ptxt>
<ptxt>Install the 3 s#@#@#45#over.</ptxt>
<ptxt>Align the locat#@#@#36#over.</ptxt>
</para>
</graphtext>
</grate>
</procstep>
<procstep id="KC01296240">
<title>Installing the #@#@#9#wheel</title>
<grate>
<graphic id="KC07340143">
<href>0900c8af800598a#@#@#9#.jpeg</href>
</graphic>
<graphtext>
<para>
<ptxt>Feed the wiring#@#@#41#heel.</ptxt>
<ptxt>Install the ste#@#@#116#pond.</ptxt>
</para>
<caution>
<ptxt>During installa#@#@#207#heel.</ptxt>
</caution>
</graphtext>
</grate>
</procstep>
<procstep id="KC01296241">
<title>Installing cent#@#@#3#screw</title>
<grate>
<graphic id="KC07340144">
<href>0900c8af800598a#@#@#9#.jpeg</href>
</graphic>
<graphtext>
<caution>
<ptxt>Do not use a to#@#@#24#crew.</ptxt>
<ptxt>The steering wh#@#@#54#ked. </ptxt>
</caution>
<para>
<ptxt>Install the scr#@#@#34#heel.</ptxt>
</para>
</graphtext>
</grate>
</procstep>
<procstep id="KC01296242">
<title>Unlocking the c#@#@#6# reel</title>
<grate>
<graphic id="KC07340145">
<href>0900c8af8005996#@#@#9#.jpeg</href>
</graphic>
<graphtext>
<ptxt>Remove the scre#@#@#44#eel. </ptxt>
<ptxt>Install the scr#@#@#40#heel.</ptxt>
<ptxt>The contact ree#@#@#62#rned.</ptxt>
</graphtext>
</grate>
</procstep>
<procstep id="KC01296243">
<title>Tightening cent#@#@#3#screw</title>
<grate>
<graphic id="KC07340146">
<href>0900c8af8005a38#@#@#9#.jpeg</href>
</graphic>
<graphtext>
<para>
<ptxt>
<emph>When the steeri#@#@#16#ight.</emph>
</ptxt>
<ptxt>Tighten the scr#@#@#52#0 Nm.</ptxt>
<ptxt>Remove the tape#@#@#37#heel.</ptxt>
</para>
</graphtext>
</grate>
</procstep>
<procstep id="KC01296244">
<title>Installing airb#@#@#19#odule</title>
<grate>
<graphic id="KC07340147">
<href>0900c8af80054d8#@#@#9#.jpeg</href>
</graphic>
<graphic id="KC07340148">
<href>0900c8af800598a#@#@#9#.jpeg</href>
</graphic>
<graphic id="KC07340149">
<href>0900c8af8005bae#@#@#9#.jpeg</href>
</graphic>
<graphtext>
<warning>
<ptxt>The battery mus#@#@#75#lled.</ptxt>
</warning>
<para>
<ptxt>Switch the igni#@#@#12#tion <emph>I</emph> so that the st#@#@#27#aged.</ptxt>
</para>
<para>
<ptxt>Position the lo#@#@#132#dule.</ptxt>
<ptxt>Fold the module#@#@#70#pped.</ptxt>
</para>
<para>
<ptxt>Screw the modul#@#@#157#0 Nm.</ptxt>
</para>
<caution>
<ptxt>Tighten the rig#@#@#71#horn.</ptxt>
</caution>
</graphtext>
</grate>
</procstep>
<procstep id="KC01296245">
<title>Final check</title>
<grate>
<graphic id="KC07340150">
<href>0900c8af80054d8#@#@#9#.jpeg</href>
</graphic>
<graphic id="KC07340151">
<href>0900c8af8005e53#@#@#10#.jpeg</href>
</graphic>
<graphtext>
<warning>
<ptxt>Ensure that no #@#@#47#cted.</ptxt>
</warning>
<para>
<ptxt>
<emph>When all compon#@#@#21#alled</emph>
</ptxt>
<ptxt>First switch th#@#@#18#tion <emph>II</emph>.</ptxt>
<ptxt>Connect the bat#@#@#14#lead.</ptxt>
<ptxt/>
<ptxt>
<emph>Check the function.</emph>
</ptxt>
<ptxt>Check that the #@#@#31#sily.</ptxt>
<ptxt>Check that the #@#@#69#dule.</ptxt>
<ptxt>
<emph>Check any diagn#@#@#22#TCs).</emph>
</ptxt>
<ptxt>Test drive the #@#@#4# See <xref>
<ref id="KC07340152"/>
</xref>
</ptxt>
</para>
</graphtext>
</grate>
</procstep>
</stepgrp>
</procedure>
</servinfosub>