<?xml version="1.0" encoding="UTF-8"?><servinfosub IE-ID="en-US0900c8af84734810" docno="VCC-370316" id="nev13712397n1" original="sv-SE" servinfosubId="nev13712398n1-nev13712414n1" servinfosubRes="0900c8af847348a6" servinfosubRes2="urn:x-nevis:fragment:0900c8af84734810:0900c8af847348a6#nev13712414n1" xml:lang="en-US">
<title id="nev13727882n96">Lambda probe</title>
<toolitemtable id="nev13712398n1-nev14161949n4">
<table id="nev13712398n1-nev14161949n3">
<tgroup cols="2" id="nev13712398n1-nev14161949n2">
<colspec colname="COLSPEC0" colwidth="1.00*" id="nev13712398n1-nev14161949n1"/>
<colspec colname="COLSPEC1" colwidth="1.00*" id="nev13712398n1-nev14161989n100"/>
<thead id="nev13712398n1-nev14161989n99">
<row id="nev13712398n1-nev14161989n98">
<entry id="nev13712398n1-nev14161989n97" nameend="COLSPEC1" namest="COLSPEC0" valign="top">
<ptxt id="nev13712398n1-nev14161989n96">
<emph id="nev13712398n1-nev14161989n95">Special tools</emph>
</ptxt>
</entry>
</row>
</thead>
<tbody id="nev13712398n1-nev14161989n93">
<row id="nev13712398n1-nev14161989n92">
<entry id="nev13712398n1-nev14161989n91">
<graphic id="nev13712398n1-nev14161989n90">
<href>0900c8af8005441#@#@#9#.jpeg</href>
</graphic>
</entry>
<entry id="nev13712398n1-nev14161989n89">
<ptxt id="nev13712398n1-nev14161989n88">
<emph id="nev13712398n1-nev14161989n87">999 5543 Socket#@#@#24#nsor)</emph>
</ptxt>
<ptxt id="nev13712398n1-nev14161989n85">
<emph id="nev13712398n1-nev14161989n84">Tool number:</emph>999 5543</ptxt>
<ptxt id="nev13712398n1-nev14161989n82">
<emph id="nev13712398n1-nev14161989n81">Tool description:</emph>Socket NV-22 (h#@#@#15#nsor)</ptxt>
<ptxt id="nev13712398n1-nev14161989n78">
<emph id="nev13712398n1-nev14161989n77">Tool boards:</emph>20</ptxt>
</entry>
</row>
</tbody>
</tgroup>
</table>
</toolitemtable>
<procedure id="nev13712398n1-nev13712413n97">
<stepgrp boilerplate="false" context="" id="nev13712398n1-nev14161949n23">
<title id="nev13712398n1-nev14161949n73">Removal</title>
<procstep id="nev13712398n1-nev14161948n24">
<note id="nev13712398n1-nev14161949n71">
<ptxt>Removal steps i#@#@#45#ails.</ptxt>
</note>
</procstep>
<procstep id="nev13712398n1-nev14161869n21">
<grate id="nev13712398n1-nev13712416n3">
<graphic id="nev13712398n1-nev13712416n4">
<href>0900c8af8346b01#@#@#9#.jpeg</href>
</graphic>
</grate>
</procstep>
<procstep id="nev13712398n1-nev14161869n20">
<grate id="nev13712398n1-nev13712416n7">
<graphic id="nev13712398n1-nev13712416n8">
<href>0900c8af8346ae4#@#@#9#.jpeg</href>
</graphic>
<graphtext id="nev13712398n1-nev14161999n1">
<para id="nev13712398n1-nev14161949n19">
<ptxt id="nev13712398n1-nev14161949n20">
<torque id="nev13712398n1-nev13712416n12">
<ref id="nev13712398n1-nev13712416n13"/>
</torque>
</ptxt>
</para>
</graphtext>
</grate>
</procstep>
<procstep id="nev13712398n1-nev14161869n17">
<grate id="nev13712398n1-nev13712416n16">
<graphic id="nev13712398n1-nev13712416n17">
<href>0900c8af834953f#@#@#9#.jpeg</href>
</graphic>
</grate>
</procstep>
<procstep id="nev13712398n1-nev14161869n16">
<grate id="nev13712398n1-nev13712416n20">
<graphic id="nev13712398n1-nev13712416n21">
<href>0900c8af834240e#@#@#9#.jpeg</href>
</graphic>
</grate>
</procstep>
<procstep id="nev13712398n1-nev14161869n15">
<grate id="nev13712398n1-nev13712416n24">
<graphic id="nev13712398n1-nev13712416n25">
<href>0900c8af834249a#@#@#9#.jpeg</href>
</graphic>
<graphtext id="nev13712398n1-nev14162012n1">
<para id="nev13712398n1-nev14161949n17">
<ptxt id="nev13712398n1-nev14161949n18">
<toolitem boilerplate="true" id="nev13712398n1-nev14161949n67" imageid="0900c8af80054418"/>
</ptxt>
</para>
<para id="nev13712398n1-nev14161949n15">
<ptxt id="nev13712398n1-nev14161949n16">
<torque id="nev13712398n1-nev13712416n32">
<ref id="nev13712398n1-nev13712416n33"/>
</torque>
</ptxt>
</para>
</graphtext>
</grate>
</procstep>
<procstep id="nev13712398n1-nev14161869n11">
<grate id="nev13712398n1-nev13712416n36">
<graphic id="nev13712398n1-nev13712416n37">
<href>0900c8af834249d#@#@#9#.jpeg</href>
</graphic>
<graphtext id="nev13712398n1-nev14162022n1">
<para id="nev13712398n1-nev14161949n13">
<ptxt id="nev13712398n1-nev14161949n14">
<toolitem boilerplate="true" id="nev13712398n1-nev14161949n62" imageid="0900c8af80054418"/>
</ptxt>
</para>
<para id="nev13712398n1-nev14161949n11">
<ptxt id="nev13712398n1-nev14161949n12">
<torque id="nev13712398n1-nev13712416n44">
<ref id="nev13712398n1-nev13712416n45"/>
</torque>
</ptxt>
</para>
</graphtext>
</grate>
</procstep>
</stepgrp>
<stepgrp boilerplate="false" context="" id="nev13712398n1-nev14161949n10">
<title id="nev13712398n1-nev14161949n57">Installation</title>
<procstep id="nev13712398n1-nev13712416n47">
<para id="nev13712398n1-nev14161949n6">
<ptxt id="nev13712398n1-nev14161949n7">To install, rev#@#@#22#dure.</ptxt>
</para>
</procstep>
</stepgrp>
</procedure>
</servinfosub>