<?xml version="1.0" encoding="UTF-8"?><script xmlns:nevis="http://www.volvocars.com/namespaces/processing" xmlns:xlink="http://www.w3.org/1999/xlink" IE-ID="en-US0900c8af82e5d810" docno="VCC-236169" id="nev10122318n1" nevis:expl-profile="mdl644yr2003, mdl644yr2002, mdl645yr2002, mdl644yr2001, mdl644yr2004, mdl645yr2004, mdl645yr2003, mdl645yr2001" nevis:profile="urn:x-nevis:profile:0b00c8af802065af urn:x-nevis:profile:0b00c8af802065b3 urn:x-nevis:profile:0b00c8af802065b8 urn:x-nevis:profile:0b00c8af802065bf urn:x-nevis:profile:0b00c8af802065c5 urn:x-nevis:profile:0b00c8af802065ca urn:x-nevis:profile:0b00c8af802065cc urn:x-nevis:profile:0b00c8af802065e4" nevis:projectdocument="urn:x-nevis:projectdocument:0800c8af81d74689" nevis:resource="0900c8af82e5d814" nevis:resource2="urn:x-nevis:fragment:0900c8af82e5d810:0900c8af82e5d814#nev10122318n1" nevis:session-id="" qualifierinfotype="14:00" type="" xml:lang="en-US"><title>??</title><content gui="1" height="150" id="nev10122319n1-nev10122318n3" nevis:expl-profile="mdl644yr2003, mdl644yr2002, mdl645yr2002, mdl644yr2001, mdl644yr2004, mdl645yr2004, mdl645yr2003, mdl645yr2001" nevis:idfrom="nev10122319n1" nevis:prefix="nev10122319n1" nevis:profile="urn:x-nevis:profile:0b00c8af802065af urn:x-nevis:profile:0b00c8af802065b3 urn:x-nevis:profile:0b00c8af802065b8 urn:x-nevis:profile:0b00c8af802065bf urn:x-nevis:profile:0b00c8af802065c5 urn:x-nevis:profile:0b00c8af802065ca urn:x-nevis:profile:0b00c8af802065cc urn:x-nevis:profile:0b00c8af802065e4" nevis:resource="0900c8af82e5d812" nevis:resource2="urn:x-nevis:fragment:0900c8af82e5d810:0900c8af82e5d812#nev10122318n3" width="400" xml:lang="en-US"><nodes id="nev10122319n1-nev10122322n1"><node class="Components.StartNode" id="nev10122319n1-nev10122323n1" nodeid="Start" x="17" y="80"/><node class="Components.ScriptButton" id="nev10122319n1-nev10122324n1" nodeid="Hide" x="20" y="209"><gui height="30" id="nev10122319n1-nev10122325n1" width="110" x="280" y="100"/><property class="String" id="nev10122319n1-nev10122326n1" name="Text" type="In" value="" visible="0"/><property class="String" id="nev10122319n1-nev10122327n1" name="StartDisabled" type="Internal" value="false" visible="1"/><extension id="nev10122319n1-nev10122328n1"><phrase category="Faulttracing" id="nev10122319n1-nev10122321n1" phrase-urn="urn:x-nevis:phrase:0800c8af81b6b138">Hide</phrase></extension></node><node class="Components.ScriptComponent" id="nev10122319n1-nev10122329n1" nodeid="CloseScript" x="148" y="329"/><node class="Components.IdentifierComponent" id="nev10122319n1-nev10122330n1" nodeid="Read" x="234" y="18"><property class="Parameter" id="nev10122319n1-nev10122331n1" name="Vehicle Speed" type="Out" value="" visible="1"/><extension id="nev10122319n1-nev10122332n1"><identifier ecu="284101" ecuMode="EcuType" id="nev10122319n1-nev10122333n1" read="4" type="REID" value="010D"><parameter id="nev10122319n1-nev10122334n1" name="Vehicle Speed" textid="24409"/></identifier></extension></node><node class="Components.Gui.ParameterLabel" id="nev10122319n1-nev10122335n1" nodeid="Label" x="368" y="48"><gui height="70" id="nev10122319n1-nev10122336n1" width="380" x="10" y="10"/><property class="Parameter" id="nev10122319n1-nev10122337n1" name="Parameter" type="In" value="" visible="1"/><property class="String" id="nev10122319n1-nev10122338n1" name="Title" type="In" value="" visible="1"/><property class="String" id="nev10122319n1-nev10122339n1" name="Value" type="In" value="" visible="1"/><property class="String" id="nev10122319n1-nev10122340n1" name="Unit" type="In" value="" visible="1"/></node><node class="Components.Repeater" id="nev10122319n1-nev10122341n1" nodeid="Iterator" x="115" y="88"/><node class="Components.VehComm" id="nev10122319n1-nev10122342n1" nodeid="StopDiagnosticSession" x="148" y="189"><property class="String" id="nev10122319n1-nev10122343n1" name="Mode" type="Internal" value="EcuType" visible="1"/><property class="Int" id="nev10122319n1-nev10122344n1" name="EcuType" type="In" value="284101" visible="0"/><property class="Int" id="nev10122319n1-nev10122345n1" name="ServiceId" type="In" value="27" visible="0"/><property class="String" id="nev10122319n1-nev10122346n1" name="EcuName" type="Out" value="" visible="1"/><property class="Response" id="nev10122319n1-nev10122347n1" name="Result" type="Out" value="" visible="1"/><extension id="nev10122319n1-nev10122348n1"/></node></nodes><handlers id="nev10122319n1-nev10122349n1"><eventhandler id="nev10122319n1-nev10122350n1" name="OnStart" node="Start"><call id="nev10122319n1-nev10122351n1" method="UpdateTitles" node="Read"/><call id="nev10122319n1-nev10122352n1" method="Start" node="Iterator"/></eventhandler><eventhandler id="nev10122319n1-nev10122353n1" name="OnRepeat" node="Iterator"><call id="nev10122319n1-nev10122354n1" method="Read" node="Read"/></eventhandler><eventhandler id="nev10122319n1-nev10122355n1" name="Click" node="Hide"><call id="nev10122319n1-nev10122356n1" method="Execute" node="StopDiagnosticSession"/><call id="nev10122319n1-nev10122357n1" method="CloseDialog" node="CloseScript"/></eventhandler><propertyhandler id="nev10122319n1-nev10122358n1" name="Vehicle Speed" node="Read"><set id="nev10122319n1-nev10122359n1" node="Label" property="Parameter"/></propertyhandler></handlers></content></script>