<?xml version="1.0" encoding="UTF-8"?><servinfosub IE-ID="en-US0900c8af84a1f810" docno="VCC-348507" id="nev13425974n1" xml:lang="en-US">
<title>
<phrase category="Title" id="nev13425974n2" phrase-urn="urn:x-nevis:phrase:0800c8af81eb9a54">Diagnostic trou#@#@#21#ation</phrase>
<phrase category="Prefix" id="nev13425974n3" phrase-urn="urn:x-nevis:phrase:0800c8af8015c414">PHM</phrase>-A211</title>
<diagnostic j2008use="1" paperuse="1" screenuse="1" type="condition">
<condgrp>
<condition type="condition">
<grate>
<graphic id="nev13425974n4">
<href>0900c8af840a11c#@#@#9#.jpeg</href>
</graphic>
</grate>
<para>
<ptxt id="nev13425974n5">
<phrase category="Faulttracing" id="nev13425974n6" phrase-urn="urn:x-nevis:phrase:0800c8af840a189e">Phone module (P#@#@#145#sion.</phrase>
<phrase category="Faulttracing" id="nev13425974n7" phrase-urn="urn:x-nevis:phrase:0800c8af84195981">The signal is p#@#@#63#10%).</phrase>
<phrase category="Faulttracing" id="nev13425974n8" phrase-urn="urn:x-nevis:phrase:0800c8af840a18ba">In the event of#@#@#60#10%).</phrase>
</ptxt>
</para>
<para>
<ptxt>
<phrase category="Condition" id="nev13425974n9" phrase-urn="urn:x-nevis:phrase:0800c8af82c4843c">The diagnostic #@#@#59#that:</phrase>
</ptxt>
</para>
<list1 id="nev13425974n10">
<item id="nev13425975n1">
<ptxt id="nev13425975n2">
<phrase category="Condition" id="nev13425975n3" phrase-urn="urn:x-nevis:phrase:0800c8af840a5859">The collision s#@#@#26#0 Hz.</phrase>
</ptxt>
</item>
</list1>
<para id="nev13425975n4">
<ptxt id="nev13425975n5">
<phrase category="Condition" id="nev13425975n6" phrase-urn="urn:x-nevis:phrase:0800c8af82c479d6">The control mod#@#@#67#t of:</phrase>
</ptxt>
</para>
<list1 id="nev13425975n7">
<item id="nev13425975n8">
<ptxt id="nev13425975n9">
<phrase category="Condition" id="nev13425975n10" phrase-urn="urn:x-nevis:phrase:0800c8af82c47c8e">Ignition switch#@#@#8#n II.</phrase>
</ptxt>
</item>
<item id="nev13425976n1">
<ptxt id="nev13425976n2">
<phrase category="Condition" id="nev13425976n3" phrase-urn="urn:x-nevis:phrase:0800c8af8370a1d0">Battery voltage#@#@#13#16 V.</phrase>
</ptxt>
</item>
</list1>
<note id="nev13425976n4">
<ptxt id="nev13425976n5">
<phrase category="Condition" id="nev13425976n6" phrase-urn="urn:x-nevis:phrase:0800c8af82c4844b">The control mod#@#@#132# met.</phrase>
</ptxt>
</note>
</condition>
</condgrp>
<condgrp>
<condition type="substitution">
<list1 enumtype="d" type="unordered">
<item>
<ptxt id="nev13425976n7">
<phrase category="Condition" id="nev13425976n8" phrase-urn="urn:x-nevis:phrase:0800c8af81eaaea8">None.</phrase>
</ptxt>
</item>
</list1>
</condition>
<ps>
<list1 enumtype="d" type="unordered">
<item>
<ptxt>
<phrase category="Condition" id="nev13425976n9" phrase-urn="urn:x-nevis:phrase:0800c8af837ba4f8">The cable for t#@#@#129#ound.</phrase>
</ptxt>
</item>
</list1>
</ps>
</condgrp>
<condgrp>
<condition type="symptom">
<list1 enumtype="d" type="unordered">
<item id="nev13425976n10">
<ptxt id="nev13425977n1">
<phrase category="Symptom CSC" id="nev13425977n2" phrase-urn="urn:x-nevis:phrase:0800c8af8388f137">IV, Text window#@#@#27#ssage</phrase>
</ptxt>
</item>
<item id="nev13425977n3">
<ptxt id="nev13425977n4">
<phrase category="Symptom CSC" id="nev13425977n5" phrase-urn="urn:x-nevis:phrase:0800c8af8388f140">JG, Volvo On Ca#@#@#26#blems</phrase>
</ptxt>
</item>
<item id="nev13425977n6">
<ptxt id="nev13425977n7">
<phrase category="Symptom CSC" id="nev13425977n8" phrase-urn="urn:x-nevis:phrase:0800c8af8388f145">7S, Cellular ph#@#@#28#blems</phrase>
</ptxt>
</item>
</list1>
</condition>
</condgrp>
</diagnostic>
</servinfosub>