<?xml version="1.0" encoding="UTF-8"?><servinfosub IE-ID="en-US0900c8af84dd8810" docno="VCC-159261" id="KC06291673" xml:lang="en-US">
<title>
<phrase category="" id="KC09540635" phrase-urn="urn:x-nevis:phrase:0800c8af8271c6dc">Signal missing</phrase>
</title>
<diagnostic j2008use="1" layout="0" paperuse="1" screenuse="1" type="test">
<testgrp IE-ID="en-US0900c8af84dd8810_KC06320230" id="KC06320230" j2008use="1" paperuse="1" resumable="1" screenuse="1" testgrp-id="node1" x="180" y="80">
<title>
<phrase category="" id="KC09540636" phrase-urn="urn:x-nevis:phrase:0800c8af8271c6dd">Checking switches</phrase>
</title>
<node>
<test1>
<diaglist>
<dgraphic>
<dgraphic1>
<graphic id="KC09540637">
<href>0900c8af80054d5#@#@#9#.jpeg</href>
</graphic>
</dgraphic1>
</dgraphic>
<ditem>
<ptxt>
<phrase category="" id="KC09540638" phrase-urn="urn:x-nevis:phrase:0800c8af8271c6de">Ignition on.</phrase>
</ptxt>
</ditem>
</diaglist>
<test2>
<para>
<ptxt>
<phrase category="" id="KC09540639" phrase-urn="urn:x-nevis:phrase:0800c8af8271c6df">Check the funct#@#@#140#ion. </phrase>
</ptxt>
</para>
<para>
<ptxt>
<phrase category="" id="KC09540640" phrase-urn="urn:x-nevis:phrase:0800c8af8271c6e0">The value for t#@#@#64#ward.</phrase>
</ptxt>
</para>
<diaglist>
<dgraphic>
<dgraphic2>
<graphic id="KC09540641">
<href>0900c8af86c8681#@#@#9#.jpeg</href>
</graphic>
<smarttool active="press" id="KC09540642" toolname="YKVM0005"/>
</dgraphic2>
</dgraphic>
</diaglist>
<grate>
<graphic id="KC09540644">
<href>0900c8af8162116#@#@#9#.jpeg</href>
</graphic>
</grate>
</test2>
</test1>
<question>
Is the functio#@#@#1# OK?
</question>
<resact-grp>
<result button="yes" comp="button" highlight="0"/>
<action j2008use="1" paperuse="1" screenuse="1">
<ptxt>
<xref>
<ref id="KC09540646"/>
</xref>
</ptxt>
</action>
</resact-grp>
<resact-grp>
<result button="no" comp="button" highlight="0"/>
<action j2008use="1" paperuse="1" screenuse="1">
<ptxt>
<xref>
<ref id="KC09540647"/>
</xref>
</ptxt>
</action>
</resact-grp>
</node>
</testgrp>
<testgrp id="KC06320231" j2008use="1" paperuse="1" resumable="1" screenuse="1" testgrp-id="info1" x="280" y="220">
<title>
<phrase category="" id="KC09540648" phrase-urn="urn:x-nevis:phrase:0800c8af8271c6e3">Fault-tracing i#@#@#5#ation</phrase>
</title>
<node>
<test1>
<test2>
<para>
<ptxt>
<phrase category="" id="KC09540649" phrase-urn="urn:x-nevis:phrase:0800c8af8271c6e4">The keyless veh#@#@#353#curs.</phrase>
</ptxt>
</para>
</test2>
</test1>
<question>
Select Continue.
</question>
<resact-grp>
<result button="cont" comp="button" highlight="0"/>
<action j2008use="1" paperuse="1" screenuse="1">
<return value="FAULT NOT FOUND"/>
</action>
</resact-grp>
</node>
</testgrp>
<testgrp id="KC06320232" j2008use="1" paperuse="1" resumable="1" screenuse="1" testgrp-id="node3" x="80" y="220">
<title>
<phrase category="" id="KC09540651" phrase-urn="urn:x-nevis:phrase:0800c8af8271c6e6">Checking the wiring</phrase>
</title>
<node>
<test1>
<diaglist>
<dgraphic>
<dgraphic1>
<graphic id="KC09540652">
<href>0900c8af80054d4#@#@#9#.jpeg</href>
</graphic>
</dgraphic1>
</dgraphic>
<ditem>
<ptxt>
<phrase category="" id="KC09540653" phrase-urn="urn:x-nevis:phrase:0800c8af8271c6e7">Ignition off.</phrase>
</ptxt>
</ditem>
</diaglist>
<test2>
<para>
<ptxt>
<phrase category="" id="KC09540654" phrase-urn="urn:x-nevis:phrase:0800c8af8271c6e8">Check the cable#@#@#144#ound.</phrase>
</ptxt>
</para>
<para>
<ptxt>
<phrase category="" id="KC09540655" phrase-urn="urn:x-nevis:phrase:0800c8af8271c6e9">Also check the #@#@#124#und. </phrase>
</ptxt>
<ptxt>
<phrase category="" id="KC09540656" phrase-urn="urn:x-nevis:phrase:0800c8af8271c6ea">Also check the #@#@#82#tion.</phrase>
</ptxt>
</para>
<para>
<ptxt>
<phrase category="" id="KC09540657" phrase-urn="urn:x-nevis:phrase:0800c8af8271c6eb">Remedy as necessary.</phrase>
</ptxt>
</para>
<list1 enumtype="d" type="unordered">
<title>
<phrase category="" id="KC09540658" phrase-urn="urn:x-nevis:phrase:0800c8af8271c6ec">Other information</phrase>
</title>
<item>
<ptxt>
<phrase category="" id="KC09540659" phrase-urn="urn:x-nevis:phrase:0800c8af8271c6ed">
<xref>
<ref id="KC09540660"/>
</xref>
</phrase>
</ptxt>
</item>
<item>
<ptxt>
<xref id="nev15355036n100">
<ref id="l1260454934968"/>
</xref>
</ptxt>
</item>
<item>
<ptxt>
<phrase category="" id="KC09540663" phrase-urn="urn:x-nevis:phrase:0800c8af8271c6ef">To access the f#@#@#25# see:</phrase>
</ptxt>
</item>
<list2>
<item>
<ptxt>
<phrase category="" id="KC09540664" phrase-urn="urn:x-nevis:phrase:0800c8af8271c6f1">
<emph>Left-hand drive#@#@#7#LHD):</emph>
<xref>
<ref id="KC09540665"/>
</xref>
</phrase>
</ptxt>
</item>
<item>
<ptxt>
<phrase category="" id="KC09540666" phrase-urn="urn:x-nevis:phrase:0800c8af8271c6f2">
<emph>Right-hand driv#@#@#8#RHD):</emph>
<xref>
<ref id="KC09540667"/>
</xref>
</phrase>
</ptxt>
</item>
</list2>
<item>
<ptxt>
<phrase category="" id="KC09540668" phrase-urn="urn:x-nevis:phrase:0800c8af8271c6f3">
<xref>
<ref id="KC09540669"/>
</xref>
</phrase>
</ptxt>
</item>
</list1>
<diaglist>
<dgraphic>
<dgraphic1>
<graphic id="KC09540670">
<href>0900c8af8162116#@#@#9#.jpeg</href>
</graphic>
</dgraphic1>
</dgraphic>
</diaglist>
</test2>
</test1>
<question>
Was a fault de#@#@#3#ted?
</question>
<resact-grp>
<result button="yes" comp="button" highlight="0"/>
<action j2008use="1" paperuse="1" screenuse="1">
<ptxt>
<xref>
<ref id="KC09540672"/>
</xref>
</ptxt>
</action>
</resact-grp>
<resact-grp>
<result button="no" comp="button" highlight="0"/>
<action j2008use="1" paperuse="1" screenuse="1">
<ptxt>
<xref>
<ref id="KC09540673"/>
</xref>
</ptxt>
</action>
</resact-grp>
</node>
</testgrp>
<testgrp id="KC06320233" j2008use="1" paperuse="1" resumable="1" screenuse="1" testgrp-id="node4" x="80" y="380">
<title>
<phrase category="" id="KC09540674" phrase-urn="urn:x-nevis:phrase:0800c8af8271c6f5">Replacing the c#@#@#3#onent</phrase>
</title>
<node>
<test1>
<test2>
<para>
<ptxt>
<phrase category="" id="KC09540675" phrase-urn="urn:x-nevis:phrase:0800c8af8271c6f6">If no other fau#@#@#48#aced.</phrase>
</ptxt>
</para>
<list1 enumtype="d" type="unordered">
<title>
<phrase category="" id="KC09540676" phrase-urn="urn:x-nevis:phrase:0800c8af8271c6f7">Other information</phrase>
</title>
<item>
<ptxt>
<xref id="nev12312174n100">
<ref id="l1152605276008"/>
</xref>
</ptxt>
</item>
</list1>
</test2>
</test1>
<question>
Select Continue.
</question>
<resact-grp>
<result button="cont" comp="button" highlight="0"/>
<action j2008use="1" paperuse="1" screenuse="1">
<ptxt>
<xref>
<ref id="KC09540680"/>
</xref>
</ptxt>
</action>
</resact-grp>
</node>
</testgrp>
<testgrp id="KC06320234" j2008use="1" paperuse="1" resumable="1" screenuse="1" testgrp-id="verif" x="280" y="380">
<title>
<phrase category="" id="KC09540681" phrase-urn="urn:x-nevis:phrase:0800c8af8271c6fb">Verification</phrase>
</title>
<subcalloutnode>
<diagcallout>
<xref>
<ref id="KC09540682"/>
</xref>
</diagcallout>
<rescall-grp>
<result comp="string" highlight="0" op="eq" return="VERIFICATION FAILED"/>
<calloutaction>
<ptxt>
<xref>
<ref id="KC09540683"/>
</xref>
</ptxt>
</calloutaction>
</rescall-grp>
<rescall-grp>
<result comp="string" highlight="0" op="eq" return="VERIFIED"/>
<calloutaction>
<return value="FAULT FOUND"/>
</calloutaction>
</rescall-grp>
</subcalloutnode>
</testgrp>
<testgrp id="KC06320235" j2008use="1" paperuse="1" resumable="1" screenuse="1" testgrp-id="info" x="180" y="520">
<title>
<phrase category="" id="KC09540684" phrase-urn="urn:x-nevis:phrase:0800c8af8271c6fc">Fault-tracing i#@#@#5#ation</phrase>
</title>
<subcalloutnode>
<diagcallout>
<xref>
<ref id="KC09540685"/>
</xref>
</diagcallout>
<rescall-grp>
<result comp="string" highlight="0" op="eq" return="FAULTTRACING FAILED"/>
<calloutaction>
<return value="FAULTTRACING FAILED"/>
</calloutaction>
</rescall-grp>
<rescall-grp>
<result comp="string" highlight="0" op="eq" return="NEW TRY"/>
<calloutaction>
<ptxt>
<xref>
<ref id="KC09540686"/>
</xref>
</ptxt>
</calloutaction>
</rescall-grp>
</subcalloutnode>
</testgrp>
</diagnostic>
</servinfosub>