<?xml version="1.0" encoding="UTF-8"?><script xmlns:nevis="http://www.volvocars.com/namespaces/processing" xmlns:xlink="http://www.w3.org/1999/xlink" IE-ID="en-US0900c8af83566114" docno="VCC-257540" id="nev10811326n1" nevis:expl-profile="mdl542yr2006, mdl544yr2006, mdl545yr2006, mdl542yr2007, mdl544yr2007, mdl545yr2007, mdl533yr2007, mdl544yr2008, mdl545yr2008, mdl533yr2008, mdl542yr2008, mdl533yr2009, mdl544yr2009, mdl545yr2009, mdl542yr2009, mdl544yr2010, mdl545yr2010, mdl533yr2010, mdl533yr2011, mdl545yr2011, mdl544yr2011, mdl544yr2012, mdl545yr2012, mdl533yr2012, mdl533yr2013" nevis:profile="urn:x-nevis:profile:0b00c8af817ac33f urn:x-nevis:profile:0b00c8af823216e9 urn:x-nevis:profile:0b00c8af823216ee urn:x-nevis:profile:0b00c8af82e3ac56 urn:x-nevis:profile:0b00c8af82e5d02d urn:x-nevis:profile:0b00c8af82e5d352 urn:x-nevis:profile:0b00c8af82febdf9 urn:x-nevis:profile:0b00c8af839eaa60 urn:x-nevis:profile:0b00c8af839eacfa urn:x-nevis:profile:0b00c8af83aff6b3 urn:x-nevis:profile:0b00c8af83affa46 urn:x-nevis:profile:0b00c8af83f19e63 urn:x-nevis:profile:0b00c8af83f1a51f urn:x-nevis:profile:0b00c8af83f1a8d8 urn:x-nevis:profile:0b00c8af83f1ad9d urn:x-nevis:profile:0b00c8af8414dfad urn:x-nevis:profile:0b00c8af8414e27e urn:x-nevis:profile:0b00c8af841552ad urn:x-nevis:profile:0b00c8af847139c0 urn:x-nevis:profile:0b00c8af847139e3 urn:x-nevis:profile:0b00c8af847139e6 urn:x-nevis:profile:0b00c8af84eb810f urn:x-nevis:profile:0b00c8af84eb8110 urn:x-nevis:profile:0b00c8af84eb8111 urn:x-nevis:profile:0b00c8af8520c39e" nevis:projectdocument="urn:x-nevis:projectdocument:0800c8af827ae7f7" nevis:resource="0900c8af827ae808" nevis:resource2="urn:x-nevis:fragment:0900c8af83566114:0900c8af827ae808#nev10811326n1" nevis:session-id="" qualifierinfotype="14:00" type="" xml:lang="en-US"><title><phrase category="Component" id="nev10811413n1" phrase-urn="urn:x-nevis:phrase:0800c8af8015cc85">Engine coolant #@#@#12#(ECT)</phrase></title><content gui="1" height="150" id="nev10811327n1-nev10811326n3" nevis:expl-profile="mdl542yr2006, mdl544yr2006, mdl545yr2006, mdl542yr2007, mdl544yr2007, mdl545yr2007, mdl533yr2007, mdl544yr2008, mdl545yr2008, mdl533yr2008, mdl542yr2008, mdl533yr2009, mdl544yr2009, mdl545yr2009, mdl542yr2009, mdl544yr2010, mdl545yr2010, mdl533yr2010, mdl533yr2011, mdl545yr2011, mdl544yr2011, mdl544yr2012, mdl545yr2012, mdl533yr2012, mdl533yr2013" nevis:idfrom="nev10811327n1" nevis:prefix="nev10811327n1" nevis:profile="urn:x-nevis:profile:0b00c8af817ac33f urn:x-nevis:profile:0b00c8af823216e9 urn:x-nevis:profile:0b00c8af823216ee urn:x-nevis:profile:0b00c8af82e3ac56 urn:x-nevis:profile:0b00c8af82e5d02d urn:x-nevis:profile:0b00c8af82e5d352 urn:x-nevis:profile:0b00c8af82febdf9 urn:x-nevis:profile:0b00c8af839eaa60 urn:x-nevis:profile:0b00c8af839eacfa urn:x-nevis:profile:0b00c8af83aff6b3 urn:x-nevis:profile:0b00c8af83affa46 urn:x-nevis:profile:0b00c8af83f19e63 urn:x-nevis:profile:0b00c8af83f1a51f urn:x-nevis:profile:0b00c8af83f1a8d8 urn:x-nevis:profile:0b00c8af83f1ad9d urn:x-nevis:profile:0b00c8af8414dfad urn:x-nevis:profile:0b00c8af8414e27e urn:x-nevis:profile:0b00c8af841552ad urn:x-nevis:profile:0b00c8af847139c0 urn:x-nevis:profile:0b00c8af847139e3 urn:x-nevis:profile:0b00c8af847139e6 urn:x-nevis:profile:0b00c8af84eb810f urn:x-nevis:profile:0b00c8af84eb8110 urn:x-nevis:profile:0b00c8af84eb8111 urn:x-nevis:profile:0b00c8af8520c39e" nevis:resource="0900c8af83566116" nevis:resource2="urn:x-nevis:fragment:0900c8af83566114:0900c8af83566116#nev10811326n3" width="400" xml:lang="en-US"><nodes id="nev10811327n1-nev10811414n1"><node class="Components.StartNode" id="nev10811327n1-nev10811415n1" nodeid="Start" x="17" y="80"/><node class="Components.ScriptButton" id="nev10811327n1-nev10811416n1" nodeid="Hide" x="20" y="209"><gui height="30" id="nev10811327n1-nev10811417n1" width="110" x="280" y="100"/><property class="String" id="nev10811327n1-nev10811418n1" name="Text" type="In" value="" visible="0"/><property class="String" id="nev10811327n1-nev10811419n1" name="StartDisabled" type="Internal" value="false" visible="1"/><extension id="nev10811327n1-nev10811420n1"><phrase category="Faulttracing" id="nev10811327n1-nev10811410n1" phrase-urn="urn:x-nevis:phrase:0800c8af81b6b138">Hide</phrase></extension></node><node class="Components.ScriptComponent" id="nev10811327n1-nev10811421n1" nodeid="CloseScript" x="164" y="208"/><node class="Components.IdentifierComponent" id="nev10811327n1-nev10811422n1" nodeid="Read" x="234" y="20"><property class="Parameter" id="nev10811327n1-nev10811423n1" name="Actual engine coolant temperature" type="Out" value="" visible="1"/><extension id="nev10811327n1-nev10811424n1"><identifier ecu="284101" ecuMode="EcuType" id="nev10811327n1-nev10811425n1" read="4" type="REID" value="007D"><parameter id="nev10811327n1-nev10811426n1" name="Actual engine coolant temperature" textid="39071"/></identifier></extension></node><node class="Components.Gui.ParameterLabel" id="nev10811327n1-nev10811427n1" nodeid="Label" x="368" y="48"><gui height="70" id="nev10811327n1-nev10811428n1" width="380" x="10" y="10"/><property class="Parameter" id="nev10811327n1-nev10811429n1" name="Parameter" type="In" value="" visible="1"/><property class="String" id="nev10811327n1-nev10811430n1" name="Title" type="In" value="" visible="1"/><property class="String" id="nev10811327n1-nev10811431n1" name="Value" type="In" value="" visible="1"/><property class="String" id="nev10811327n1-nev10811432n1" name="Unit" type="In" value="" visible="1"/></node><node class="Components.Repeater" id="nev10811327n1-nev10811433n1" nodeid="Iterator" x="115" y="88"><property class="Int" id="nev10811327n1-nev10811434n1" name="Wait" type="Internal" value="500" visible="1"/></node></nodes><handlers id="nev10811327n1-nev10811435n1"><eventhandler id="nev10811327n1-nev10811436n1" name="OnStart" node="Start"><call id="nev10811327n1-nev10811437n1" method="UpdateTitles" node="Read"/><call id="nev10811327n1-nev10811438n1" method="Start" node="Iterator"/></eventhandler><eventhandler id="nev10811327n1-nev10811439n1" name="OnRepeat" node="Iterator"><call id="nev10811327n1-nev10811440n1" method="Read" node="Read"/></eventhandler><eventhandler id="nev10811327n1-nev10811441n1" name="Click" node="Hide"><call id="nev10811327n1-nev10811442n1" method="CloseDialog" node="CloseScript"/></eventhandler><propertyhandler id="nev10811327n1-nev10811443n1" name="Actual engine coolant temperature" node="Read"><set id="nev10811327n1-nev10811444n1" node="Label" property="Parameter"/></propertyhandler></handlers></content></script>