<?xml version="1.0" encoding="UTF-8"?><servinfosub IE-ID="en-US0900c8af849ad114" docno="VCC-281086" id="nev11279941n1" xml:lang="en-US">
<title>
<phrase category="Title" id="nev11279953n1" phrase-urn="urn:x-nevis:phrase:0800c8af81eb9a54">Diagnostic trou#@#@#21#ation</phrase>
</title>
<diagnostic j2008use="1" paperuse="1" screenuse="1" type="condition">
<condgrp>
<condition type="condition">
<grate>
<graphic id="nev11279941n3">
<href>0900c8af80730f3#@#@#9#.jpeg</href>
</graphic>
<graphtext>
<ptxt>
<phrase category="" id="nev11279941n4" phrase-urn="urn:x-nevis:phrase:0800c8af823e73c5">Engine control #@#@#84#sors.</phrase>
</ptxt>
<ptxt>
<phrase category="" id="nev11279941n5" phrase-urn="urn:x-nevis:phrase:0800c8af823e73c6">If engine contr#@#@#110#ted. </phrase>
</ptxt>
<ptxt>
<phrase category="" id="nev11279941n6" phrase-urn="urn:x-nevis:phrase:0800c8af823e73c7">The diagnostic #@#@#49#s on.</phrase>
</ptxt>
</graphtext>
</grate>
</condition>
</condgrp>
<condgrp>
<condition type="substitution">
<list1 enumtype="d" type="unordered">
<item>
<ptxt>
<phrase category="" id="nev11279941n7" phrase-urn="urn:x-nevis:phrase:0800c8af823e73c8">In case a defec#@#@#46#sed. </phrase>
</ptxt>
</item>
<item>
<ptxt>
<phrase category="" id="nev11279941n8" phrase-urn="urn:x-nevis:phrase:0800c8af823e73c9">Cruise control #@#@#33#tive.</phrase>
</ptxt>
</item>
</list1>
</condition>
<ps>
<list1 enumtype="d" type="unordered">
<item>
<ptxt>
<phrase category="" id="nev11279941n9" phrase-urn="urn:x-nevis:phrase:0800c8af823e73ca">Contact resista#@#@#28#inals</phrase>
</ptxt>
</item>
<item>
<ptxt>
<phrase category="" id="nev11279941n10" phrase-urn="urn:x-nevis:phrase:0800c8af823e73cb">Signal cables s#@#@#20#ound.</phrase>
</ptxt>
</item>
<item>
<ptxt>
<phrase category="" id="nev11279942n1" phrase-urn="urn:x-nevis:phrase:0800c8af823e73cc">Open circuit on#@#@#10#bles.</phrase>
</ptxt>
</item>
<item>
<ptxt>
<phrase category="" id="nev11279942n2" phrase-urn="urn:x-nevis:phrase:0800c8af823e73cd">Voltage feed sh#@#@#19#ound.</phrase>
</ptxt>
</item>
<item>
<ptxt>
<phrase category="" id="nev11279942n3" phrase-urn="urn:x-nevis:phrase:0800c8af823e73ce">Open circuit on#@#@#9#feed.</phrase>
</ptxt>
</item>
<item>
<ptxt>
<phrase category="" id="nev11279942n4" phrase-urn="urn:x-nevis:phrase:0800c8af823e73cf">Damaged electro#@#@#13#unit.</phrase>
</ptxt>
</item>
</list1>
</ps>
</condgrp>
<condgrp>
<condition type="symptom">
<list1 enumtype="d" type="unordered">
<item>
<ptxt>
<phrase category="Symptom CSC" id="nev14693787n1" phrase-urn="urn:x-nevis:phrase:0800c8af84004ee5">1Q, Driving/Poo#@#@#32#e off</phrase>
</ptxt>
</item>
<item id="nev14693786n92">
<ptxt id="nev14693786n91">
<phrase category="Symptom CSC" id="nev14693788n1" phrase-urn="urn:x-nevis:phrase:0800c8af8388f019">AJ, Driving/Poo#@#@#20#power</phrase>
</ptxt>
</item>
<item id="nev14693786n94">
<ptxt id="nev14693786n93">
<phrase category="Symptom CSC" id="nev14693789n1" phrase-urn="urn:x-nevis:phrase:0800c8af8388f021">AK, Driving/Hes#@#@#33#times</phrase>
</ptxt>
</item>
<item id="nev14693786n96">
<ptxt id="nev14693786n95">
<phrase category="Symptom CSC" id="nev14693790n1" phrase-urn="urn:x-nevis:phrase:0800c8af8388f01b">AL, Driving/Hes#@#@#28#ation</phrase>
</ptxt>
</item>
<item id="nev14693786n98">
<ptxt id="nev14693786n97">
<phrase category="Symptom CSC" id="nev14693791n1" phrase-urn="urn:x-nevis:phrase:0800c8af8388f01f">AM, Driving/Hes#@#@#28#ation</phrase>
</ptxt>
</item>
<item id="nev14693786n100">
<ptxt id="nev14693786n99">
<phrase category="Symptom CSC" id="nev14693792n1" phrase-urn="urn:x-nevis:phrase:0800c8af8388f039">AQ, Cruise cont#@#@#14#ngage</phrase>
</ptxt>
</item>
<item>
<ptxt>
<phrase category="Symptom CSC" id="nev14693793n1" phrase-urn="urn:x-nevis:phrase:0800c8af8388eff8">BV, Driving/Hes#@#@#24#speed</phrase>
</ptxt>
</item>
</list1>
</condition>
</condgrp>
</diagnostic>
</servinfosub>