<?xml version="1.0" encoding="UTF-8"?><servinfosub IE-ID="en-US0900c8af80696112" docno="VCC-056656" id="KC02190977" xml:lang="en-US">
<title>Drainage of A/C#@#@#16# 3000</title>
<procedure>
<note>
<ptxt>Before starting#@#@#19#erve <xref>
<ref id="KC08423907"/>
</xref>. Also read <xref>
<ref id="KC08423908"/>
</xref>.</ptxt>
</note>
<note>
<ptxt>The climate con#@#@#218#ork.
</ptxt>
</note>
<stepgrp>
<procstep id="KC02330043">
<title/>
<grate>
<graphic id="KC08423909">
<href>0900c8af8012d8d#@#@#10#.jpeg</href>
</graphic>
<graphtext>
<list1>
<item>
<ptxt>Disconnect batt#@#@#11#lead.</ptxt>
</item>
<item>
<ptxt>Before commenci#@#@#72#pump.</ptxt>
</item>
<list2>
<item>
<ptxt>Check for oil i#@#@#22#(25).</ptxt>
</item>
</list2>
<item>
<ptxt>If oil is prese#@#@#36#(27).</ptxt>
</item>
<item>
<ptxt>Check that all #@#@#12#osed.</ptxt>
</item>
<item>
<ptxt>Connect drainag#@#@#113#psi).</ptxt>
</item>
<item>
<ptxt>Close main swit#@#@#34#ight.</ptxt>
</item>
<item>
<ptxt>Press RECOVERY/#@#@#18#tton.</ptxt>
</item>
</list1>
<ptxt>Air receiver wi#@#@#63#vice.</ptxt>
<list1>
<item>
<ptxt>Connect high-pr#@#@#76#owly.</ptxt>
</item>
</list1>
<note>
<ptxt>If the unit is #@#@#155#ide .</ptxt>
</note>
<para>
<ptxt>If system conta#@#@#292#utes.</ptxt>
</para>
</graphtext>
</grate>
</procstep>
<procstep id="KC02330044">
<title/>
<grate>
<graphic id="KC08423910">
<href>0900c8af8012d8e#@#@#10#.jpeg</href>
</graphic>
<graphtext>
<list1>
<item>
<ptxt>Check oil gauge#@#@#71#rant.</ptxt>
</item>
<item>
<ptxt>Drain off exces#@#@#32#(27).</ptxt>
</item>
<item>
<ptxt>Measure oil qua#@#@#245#stop.</ptxt>
</item>
</list1>
</graphtext>
</grate>
</procstep>
</stepgrp>
</procedure>
</servinfosub>