<?xml version="1.0" encoding="UTF-8"?><servinfosub IE-ID="en-US0900c8af80442112" docno="VCC-052992" id="KC01412436" xml:lang="en-US">
<title>
<phrase category="" id="KC09268757" phrase-urn="urn:x-nevis:phrase:0800c8af826cf2e5">Connecting the #@#@#8#t box</phrase>
</title>
<diagnostic type="test">
<diagtools tooltype="sptools">
<toolitem id="KC09268758"/>
<toolitem id="KC09268759"/>
</diagtools>
<testgrp IE-ID="en-US0900c8af80442112_KC01557119" id="KC01557119" j2008use="1" paperuse="0" resumable="1" screenuse="1" testgrp-id="info16" x="80" y="40">
<title>
<phrase category="" id="KC09268760" phrase-urn="urn:x-nevis:phrase:0800c8af826cf2e6"/>
</title>
<subcalloutnode>
<diagcallout>
<xref>
<ref id="KC09268761"/>
</xref>
</diagcallout>
<rescall-grp>
<result comp="string" highlight="0" op="eq" return="NOT CONNECTED"/>
<calloutaction>
<ptxt>
<xref>
<ref id="KC09268762"/>
</xref>
</ptxt>
</calloutaction>
</rescall-grp>
<rescall-grp>
<result comp="string" highlight="0" op="eq" return="CONNECTED"/>
<calloutaction>
<return value="FAULT FOUND"/>
</calloutaction>
</rescall-grp>
</subcalloutnode>
</testgrp>
<testgrp id="KC01557120" j2008use="1" paperuse="1" resumable="1" screenuse="1" testgrp-id="jb1" x="80" y="120">
<title>
<phrase category="" id="KC09268763" phrase-urn="urn:x-nevis:phrase:0800c8af826cf2e7">Testing ground #@#@#1#oints</phrase>
</title>
<node>
<test1>
<diaglist>
<dgraphic>
<dgraphic1>
<graphic id="KC09268764">
<href>0900c8af80054d4#@#@#9#.jpeg</href>
</graphic>
</dgraphic1>
</dgraphic>
<ditem>
<ptxt>
<phrase category="" id="KC09268765" phrase-urn="urn:x-nevis:phrase:0800c8af826cf2e8">Ignition OFF.</phrase>
</ptxt>
</ditem>
<ditem>
<ptxt>
<phrase category="" id="KC09268766" phrase-urn="urn:x-nevis:phrase:0800c8af826cf2e9">Connect the bre#@#@#6# box <toolitem id="KC09268767"/> using adapter <toolitem id="KC09268768"/> on the 16-pin #@#@#29#-46).</phrase>
</ptxt>
</ditem>
</diaglist>
<test2>
<ptxt>
<phrase category="" id="KC09268769" phrase-urn="urn:x-nevis:phrase:0800c8af826cf2ea">Connect an ohmm#@#@#38# and:</phrase>
</ptxt>
<list1 enumtype="d" type="unordered">
<item>
<ptxt>
<phrase category="" id="KC09268770" phrase-urn="urn:x-nevis:phrase:0800c8af826cf2eb">terminal 36 on #@#@#8#t box</phrase>
</ptxt>
</item>
<item>
<ptxt>
<phrase category="" id="KC09268771" phrase-urn="urn:x-nevis:phrase:0800c8af826cf2ec">terminal 37 on #@#@#8#t box</phrase>
</ptxt>
</item>
</list1>
<diaglist>
<dgraphic>
<dgraphic1>
<graphic id="KC09268772">
<href>0900c8af800543a#@#@#9#.jpeg</href>
</graphic>
</dgraphic1>
<dgraphic2>
<graphic id="KC09268773">
<href>0900c8af80054d4#@#@#9#.jpeg</href>
</graphic>
<smarttool id="KC09268774" toolname="ODA"/>
</dgraphic2>
</dgraphic>
<ditem>
<ditemtext>
<ptxt>
<phrase category="" id="KC09268775" phrase-urn="urn:x-nevis:phrase:0800c8af826cf2ed"/>
</ptxt>
</ditemtext>
</ditem>
</diaglist>
</test2>
</test1>
<question>
In both cases #@#@#25#0 Ω.
</question>
<resact-grp>
<result button="ok" comp="button" highlight="0"/>
<action j2008use="1" paperuse="1" screenuse="1">
<ptxt>
<xref>
<ref id="KC09268777"/>
</xref>
</ptxt>
</action>
</resact-grp>
<resact-grp>
<result button="notok" comp="button" highlight="0"/>
<action j2008use="1" paperuse="1" screenuse="1">
<ptxt>
<xref>
<ref id="KC09268778"/>
</xref>
</ptxt>
</action>
</resact-grp>
</node>
</testgrp>
<testgrp id="KC01557121" j2008use="1" paperuse="1" resumable="1" screenuse="1" testgrp-id="jb2" x="80" y="320">
<title>
<phrase category="" id="KC09268779" phrase-urn="urn:x-nevis:phrase:0800c8af826cf2ef">Calibrating gro#@#@#19#inued</phrase>
</title>
<node>
<test1>
<diaglist>
<dgraphic>
<dgraphic1>
<graphic id="KC09268780">
<href>0900c8af80054d4#@#@#9#.jpeg</href>
</graphic>
</dgraphic1>
</dgraphic>
<ditem>
<ptxt>
<phrase category="" id="KC09268781" phrase-urn="urn:x-nevis:phrase:0800c8af826cf2f0">Ignition OFF.</phrase>
</ptxt>
</ditem>
</diaglist>
<test2>
<ptxt>
<phrase category="" id="KC09268782" phrase-urn="urn:x-nevis:phrase:0800c8af826cf2f1">Meaure with an #@#@#82#ctor.</phrase>
</ptxt>
<diaglist>
<dgraphic>
<dgraphic1>
<graphic id="KC09268783">
<href>0900c8af803f837#@#@#9#.jpeg</href>
</graphic>
</dgraphic1>
<dgraphic2>
<graphic id="KC09268784">
<href>0900c8af80054d4#@#@#9#.jpeg</href>
</graphic>
<smarttool id="KC09268785" toolname="ODA"/>
</dgraphic2>
</dgraphic>
<ditem>
<ditemtext>
<ptxt>
<phrase category="" id="KC09268786" phrase-urn="urn:x-nevis:phrase:0800c8af826cf2f2"/>
</ptxt>
</ditemtext>
</ditem>
</diaglist>
</test2>
</test1>
<question>
The ohmmeter s#@#@#19#0 Ω.
</question>
<resact-grp>
<result button="ok" comp="button" highlight="0"/>
<action j2008use="1" paperuse="1" screenuse="1">
<return value="FAULT FOUND"/>
</action>
</resact-grp>
<resact-grp>
<result button="notok" comp="button" highlight="0"/>
<action j2008use="1" paperuse="1" screenuse="1">
<ptxt>
<xref>
<ref id="KC09268788"/>
</xref>
</ptxt>
</action>
</resact-grp>
</node>
</testgrp>
<testgrp id="KC01557122" j2008use="1" paperuse="1" resumable="1" screenuse="1" testgrp-id="jb1-2" x="240" y="120">
<title>
<phrase category="" id="KC09268789" phrase-urn="urn:x-nevis:phrase:0800c8af826cf2f4">Checking for an#@#@#8#rcuit</phrase>
</title>
<node>
<test1>
<test2>
<para>
<ptxt>
<phrase category="" id="KC09268790" phrase-urn="urn:x-nevis:phrase:0800c8af826cf2f5">Check lead betw#@#@#68# per <xref>
<ref id="KC09268791"/>
</xref>.</phrase>
</ptxt>
<ptxt>
<phrase category="" id="KC09268792" phrase-urn="urn:x-nevis:phrase:0800c8af826cf2f6">      Signal Ta#@#@#62# see <xref>
<ref id="KC09268793"/>
</xref>.</phrase>
</ptxt>
</para>
<diaglist>
<dgraphic>
<dgraphic1>
<graphic id="KC09268794">
<href>0900c8af8013793#@#@#9#.jpeg</href>
</graphic>
</dgraphic1>
<dgraphic2>
<graphic id="KC09268795">
<href>0900c8af80054d4#@#@#9#.jpeg</href>
</graphic>
<smarttool id="KC09268796" toolname="ODA"/>
</dgraphic2>
</dgraphic>
<ditem>
<ditemtext>
<ptxt>
<phrase category="" id="KC09268797" phrase-urn="urn:x-nevis:phrase:0800c8af826cf2f7"/>
</ptxt>
</ditemtext>
</ditem>
</diaglist>
</test2>
</test1>
<question>
Press "Continu#@#@#33#ed. 
</question>
<resact-grp>
<result button="cont" comp="button" highlight="0"/>
<action j2008use="1" paperuse="1" screenuse="1">
<return value="FAULT FOUND"/>
</action>
</resact-grp>
</node>
</testgrp>
<testgrp id="KC01557123" j2008use="1" paperuse="1" resumable="1" screenuse="1" testgrp-id="jb1-3" x="240" y="200">
<title>
<phrase category="" id="KC09268799" phrase-urn="urn:x-nevis:phrase:0800c8af826cf2f9">Checking for an#@#@#42#ation</phrase>
</title>
<node>
<test1>
<test2>
<para>
<ptxt>
<phrase category="" id="KC09268800" phrase-urn="urn:x-nevis:phrase:0800c8af826cf2fa">Check lead betw#@#@#62# per <xref>
<ref id="KC09268801"/>
</xref> and contact re#@#@#37#with <xref>
<ref id="KC09268802"/>
</xref>. </phrase>
</ptxt>
<ptxt>
<phrase category="" id="KC09268803" phrase-urn="urn:x-nevis:phrase:0800c8af826cf2fb">Signal Table fo#@#@#56# see <xref>
<ref id="KC09268804"/>
</xref>.</phrase>
</ptxt>
</para>
<diaglist>
<dgraphic>
<dgraphic2>
<graphic id="KC09268805">
<href>0900c8af80054d4#@#@#9#.jpeg</href>
</graphic>
<smarttool id="KC09268806" toolname="ODA"/>
</dgraphic2>
</dgraphic>
<ditem>
<ditemtext>
<ptxt>
<phrase category="" id="KC09268807" phrase-urn="urn:x-nevis:phrase:0800c8af826cf2fc"/>
</ptxt>
</ditemtext>
</ditem>
</diaglist>
</test2>
</test1>
<question>
Press "Continu#@#@#33#ed. 
</question>
<resact-grp>
<result button="cont" comp="button" highlight="0"/>
<action j2008use="1" paperuse="1" screenuse="1">
<return value="FAULT FOUND"/>
</action>
</resact-grp>
</node>
</testgrp>
</diagnostic>
</servinfosub>