<?xml version="1.0" encoding="UTF-8"?><servinfosub IE-ID="en-US0900c8af84b7c112" docno="VCC-370388" id="nev13713303n1" original="sv-SE" servinfosubId="nev13713304n1-nev15007440n1" servinfosubRes="0900c8af84ba683a" servinfosubRes2="urn:x-nevis:fragment:0900c8af84b7c112:0900c8af84ba683a#nev15007440n1" xml:lang="en-US">
<title id="nev13713300n62">Charge regulator</title>
<procedure id="nev13713304n1-nev15007442n3">
<stepgrp boilerplate="false" context="" id="nev13713304n1-nev15073891n13">
<title id="nev13713304n1-nev15061631n56">Removal</title>
<procstep id="nev13713304n1-nev15007393n55">
<para id="nev13713304n1-nev15073891n10">
<ptxt id="nev13713304n1-nev15073891n11">Remove the alte#@#@#1#nator<xref boilerplate="true" id="nev13713304n1-nev15061631n53">
<ref id="nev13713304n1-nev15007462n63"/>
</xref>
</ptxt>
</para>
</procstep>
<procstep id="nev13713304n1-nev15061266n57">
<grate id="nev13713304n1-nev15061372n26">
<graphic id="nev13713304n1-nev15061372n27">
<href>0900c8af84b9953#@#@#9#.jpeg</href>
</graphic>
<graphtext id="nev13713304n1-nev15073913n1">
<para id="nev13713304n1-nev15073891n7">
<ptxt id="nev13713304n1-nev15073891n8">
<torque id="nev13713304n1-nev15061372n25">
<ref id="nev13713304n1-nev15061372n23"/>
</torque>
</ptxt>
</para>
</graphtext>
</grate>
</procstep>
<procstep id="nev13713304n1-nev15061266n20">
<grate id="nev13713304n1-nev15061372n20">
<graphic id="nev13713304n1-nev15061372n21">
<href>0900c8af84b9953#@#@#9#.jpeg</href>
</graphic>
</grate>
</procstep>
</stepgrp>
<stepgrp boilerplate="false" context="" id="nev13713304n1-nev15073891n6">
<title id="nev13713304n1-nev15061631n49">Installation</title>
<procstep id="nev13713304n1-nev15061345n79">
<grate id="nev13713304n1-nev15061372n16">
<graphic id="nev13713304n1-nev15061372n17">
<href>0900c8af84b9953#@#@#9#.jpeg</href>
</graphic>
<graphtext id="nev13713304n1-nev15073923n1">
<para id="nev13713304n1-nev15073891n3">
<ptxt id="nev13713304n1-nev15073891n4">
<torque id="nev13713304n1-nev15061372n15">
<ref id="nev13713304n1-nev15061372n13"/>
</torque>
</ptxt>
</para>
</graphtext>
</grate>
</procstep>
<procstep id="nev13713304n1-nev15061345n34">
<grate id="nev13713304n1-nev15061372n10">
<graphic id="nev13713304n1-nev15061372n11">
<href>0900c8af84b9953#@#@#9#.jpeg</href>
</graphic>
<graphtext id="nev13713304n1-nev15073930n1">
<caution id="nev13713304n1-nev15061631n46">
<ptxt>Only use modera#@#@#4#orce.</ptxt>
</caution>
</graphtext>
</grate>
</procstep>
<procstep id="nev13713304n1-nev15061346n85">
<grate id="nev13713304n1-nev15061372n6">
<graphic id="nev13713304n1-nev15061372n7">
<href>0900c8af84b9954#@#@#9#.jpeg</href>
</graphic>
</grate>
</procstep>
<procstep id="nev13713304n1-nev15061346n32">
<grate id="nev13713304n1-nev15061372n4">
<graphic id="nev13713304n1-nev15061372n5">
<href>0900c8af84b9954#@#@#9#.jpeg</href>
</graphic>
</grate>
</procstep>
<procstep id="nev13713304n1-nev15061378n90">
<grate id="nev13713304n1-nev15061382n31">
<graphic id="nev13713304n1-nev15061382n32">
<href>0900c8af84b9968#@#@#9#.jpeg</href>
</graphic>
</grate>
</procstep>
</stepgrp>
</procedure>
</servinfosub>