<?xml version="1.0" encoding="UTF-8"?><servinfosub IE-ID="en-US0900c8af851c6112" docno="VCC-424409" id="nev16427582n1" original="sv-SE" servinfosubId="nev20684715n1-nev20684715n2" servinfosubRes="0900c8af862b9ef5" servinfosubRes2="urn:x-nevis:fragment:0900c8af851c6112:0900c8af862b9ef5#nev20684715n2" xml:lang="en-US">
<title id="nev16427582n2">Description of #@#@#44#POT).</title>
<procedure id="nev20684715n1-nev16427582n3">
<stepgrp id="nev20684715n1-nev16427582n4">
<procstep id="nev20684715n1-nev16427582n5">
<title id="nev20684715n1-nev16427582n6"/>
<para id="nev20684715n1-nev16427582n7">
<ptxt id="nev20684715n1-nev16427582n8">For structure w#@#@#13#see: <xref id="nev20684715n1-nev16427582n9">
<ref id="nev20684715n1-nev16427582n10"/>
</xref>
</ptxt>
<ptxt id="nev20684715n1-nev16427583n1">For structure w#@#@#13#see: <xref id="nev20684715n1-nev16427583n2">
<ref id="nev20684715n1-nev16427583n3"/>
</xref>
</ptxt>
</para>
</procstep>
</stepgrp>
</procedure>
</servinfosub>