<?xml version="1.0" encoding="UTF-8"?><servinfosub IE-ID="en-US0900c8af838eb112" docno="VCC-167243" id="KC09047863" servinfosubId="nev20687895n1-nev20687895n2" servinfosubRes="0900c8af862c3530" servinfosubRes2="urn:x-nevis:fragment:0900c8af838eb112:0900c8af862c3530#nev20687895n2" xml:lang="en-US">
<title id="nev12251175n250">Function</title>
<topic id="nev20687895n1-KC09047897">
<title id="nev20687895n1-nev12251175n248">Control of gear#@#@#1#ratio</title>
<para id="nev20687895n1-nev12251175n246">
<ptxt id="nev20687895n1-nev12251175n244">The Transmissio#@#@#321#ply: </ptxt>
</para>
<list1 enumtype="d" id="nev20687895n1-nev12251175n242" type="unordered">
<item id="nev20687895n1-nev12251175n240">
<ptxt id="nev20687895n1-nev12251175n238">Accelerator ped#@#@#6#ition</ptxt>
</item>
<item id="nev20687895n1-nev12251175n236">
<ptxt id="nev20687895n1-nev12251175n234">Accelerator ped#@#@#6#ement</ptxt>
</item>
<item id="nev20687895n1-nev12251175n232">
<ptxt id="nev20687895n1-nev12251175n230">Application spe#@#@#19#pedal</ptxt>
</item>
<item id="nev20687895n1-nev12251175n228">
<ptxt id="nev20687895n1-nev12251175n226">Current speed</ptxt>
</item>
<item id="nev20687895n1-nev12251175n224">
<ptxt id="nev20687895n1-nev12251175n222">Current acceler#@#@#26#ively</ptxt>
</item>
<item id="nev20687895n1-nev12251175n220">
<ptxt id="nev20687895n1-nev12251175n218">If the brake is#@#@#5#vated</ptxt>
</item>
<item id="nev20687895n1-nev12251175n216">
<ptxt id="nev20687895n1-nev12251175n214">The engine's as#@#@#39#ver. </ptxt>
</item>
</list1>
<para id="nev20687895n1-nev12251175n212">
<ptxt id="nev20687895n1-nev12251175n210">Consideration i#@#@#208#-net.</ptxt>
</para>
<para id="nev20687895n1-nev12251175n208">
<ptxt id="nev20687895n1-nev12251175n206">Example:</ptxt>
<ptxt id="nev20687895n1-nev12251175n204">The driver want#@#@#655#able.</ptxt>
</para>
<para id="nev20687895n1-nev12251175n202">
<ptxt id="nev20687895n1-nev12251175n200">Transmission co#@#@#1239#ined.</ptxt>
</para>
<para id="nev20687895n1-nev12251175n198">
<ptxt id="nev20687895n1-nev12251175n196">The same proced#@#@#679#belt.</ptxt>
</para>
<note id="nev20687895n1-nev12251175n194">
<ptxt id="nev20687895n1-nev12251175n192">The solenoids a#@#@#550#tely.</ptxt>
</note>
</topic>
<topic id="nev20687895n1-KC09047898">
<title id="nev20687895n1-nev12251175n190">Lock-up function</title>
<para id="nev20687895n1-nev12251175n188">
<ptxt id="nev20687895n1-nev12251175n186">The lock-up fun#@#@#495#ment.</ptxt>
</para>
<para id="nev20687895n1-nev12251175n184">
<ptxt id="nev20687895n1-nev12251175n182">Transmission co#@#@#339# rpm.</ptxt>
</para>
</topic>
<topic id="nev20687895n1-KC09047899">
<title id="nev20687895n1-nev12251175n180">Engagement of f#@#@#19#lutch</title>
<para id="nev20687895n1-nev12251175n178">
<ptxt id="nev20687895n1-nev12251175n176">The forward clu#@#@#1039#time.</ptxt>
</para>
<para id="nev20687895n1-nev12251175n174">
<ptxt id="nev20687895n1-nev12251175n172">To apply the cl#@#@#402#tion.</ptxt>
</para>
<para id="nev20687895n1-nev12251175n170">
<ptxt id="nev20687895n1-nev12251175n168">When the forwar#@#@#544#rse. </ptxt>
</para>
</topic>
<topic id="nev20687895n1-KC09047900">
<title id="nev20687895n1-nev12251175n166">Shifting with G#@#@#4#ronic</title>
<grate id="nev20687895n1-nev12251175n164" pgwide="1">
<graphic id="nev20687895n1-KC09047903">
<href>0900c8af8073146#@#@#9#.jpeg</href>
</graphic>
</grate>
<para id="nev20687895n1-nev12251175n159">
<ptxt id="nev20687895n1-nev12251175n157">Geartronic mode#@#@#250#ions.</ptxt>
<ptxt id="nev20687895n1-nev12251175n155">If the driver c#@#@#278#hift.</ptxt>
<ptxt id="nev20687895n1-nev12251175n153">At the next shi#@#@#351#tio. </ptxt>
</para>
<para id="nev20687895n1-nev12251175n151">
<ptxt id="nev20687895n1-nev12251175n149">If the maximal #@#@#96#hift.</ptxt>
</para>
<para id="nev20687895n1-nev12251175n147">
<ptxt id="nev20687895n1-nev12251175n145">Start from stan#@#@#157#ions.</ptxt>
</para>
</topic>
<topic id="nev20687895n1-KC09047901">
<title id="nev20687895n1-nev12251175n143">Shift inhibitor#@#@#8#lock)</title>
<grate id="nev20687895n1-nev12251175n141" pgwide="1">
<graphic id="nev20687895n1-KC09047904">
<href>0900c8af8073146#@#@#9#.jpeg</href>
</graphic>
</grate>
<para id="nev20687895n1-nev12251175n136">
<ptxt id="nev20687895n1-nev12251175n134">To prevent acci#@#@#270#tion.</ptxt>
</para>
<para id="nev20687895n1-nev12251175n132">
<title id="nev20687895n1-nev12251175n130">From P-position#@#@#20#ition</title>
<ptxt id="nev20687895n1-nev12251175n128">To enable movin#@#@#477#mbly.</ptxt>
<ptxt id="nev20687895n1-nev12251175n126">With the gear s#@#@#707#tage.</ptxt>
</para>
<para id="nev20687895n1-nev12251175n124">
<title id="nev20687895n1-nev12251175n122">From N-position#@#@#20#ition</title>
<ptxt id="nev20687895n1-nev12251175n120">To enable movin#@#@#477#mbly.</ptxt>
<ptxt id="nev20687895n1-nev12251175n118">With the gear s#@#@#317#ated.</ptxt>
</para>
<para id="nev20687895n1-nev12251175n116">
<title id="nev20687895n1-nev12251175n114">Shift-lock override</title>
<ptxt id="nev20687895n1-nev12251175n112">If the directly#@#@#645#ctor.</ptxt>
</para>
</topic>
<topic id="nev20687895n1-KC09047893">
<title id="nev20687895n1-nev12251175n110">Start inhibitor#@#@#4#ction</title>
<para id="nev20687895n1-nev12251175n108">
<ptxt id="nev20687895n1-nev12251175n106">To prevent acti#@#@#1099#tion.</ptxt>
<ptxt id="nev20687895n1-nev12251175n104">For more inform#@#@#71#tor. </ptxt>
</para>
</topic>
<topic id="nev20687895n1-KC09047902">
<title id="nev20687895n1-nev12251175n102">Emergency mode #@#@#17#ction</title>
<para id="nev20687895n1-nev12251175n100">
<ptxt id="nev20687895n1-nev12251175n98">If Transmission#@#@#305#t is:</ptxt>
</para>
<list1 enumtype="d" id="nev20687895n1-nev12251175n96" type="unordered">
<item id="nev20687895n1-nev12251175n94">
<ptxt id="nev20687895n1-nev12251175n92">increased syste#@#@#5#ssure</ptxt>
</item>
<item id="nev20687895n1-nev12251175n90">
<ptxt id="nev20687895n1-nev12251175n88">significantly r#@#@#22#hange</ptxt>
</item>
<item id="nev20687895n1-nev12251175n86">
<ptxt id="nev20687895n1-nev12251175n84">clutch is appli#@#@#10#jerk.</ptxt>
</item>
</list1>
<para id="nev20687895n1-nev12251175n82">
<ptxt id="nev20687895n1-nev12251175n80">If Transmission#@#@#328#DIM).</ptxt>
</para>
<para id="nev20687895n1-nev12251175n78">
<ptxt id="nev20687895n1-nev12251175n76">The warning lig#@#@#245#cted.</ptxt>
</para>
<para id="nev20687895n1-nev12251175n74">
<ptxt id="nev20687895n1-nev12251175n72">In case of malf#@#@#184#ble. </ptxt>
</para>
</topic>
</servinfosub>