<?xml version="1.0" encoding="UTF-8"?><servinfosub IE-ID="en-US0900c8af86424606" docno="VCC-419145" id="nev15842450n1" original="sv-SE" servinfosubId="nev20688863n1-nev20688863n2" servinfosubRes="0900c8af8642cf4b" servinfosubRes2="urn:x-nevis:fragment:0900c8af86424606:0900c8af8642cf4b#nev20688863n2" xml:lang="en-US">
<title id="nev15842450n2">Electrical addi#@#@#22#ment)</title>
<topic id="nev20688863n1-nev15842451n9">
<title id="nev20688863n1-nev15842680n181">Electrical addi#@#@#22#ment)</title>
<grate id="nev20688863n1-nev21017745n250" pgwide="1">
<graphic id="nev20688863n1-nev21017745n249">
<href>0900c8af864219e#@#@#10#.jpeg</href>
</graphic>
</grate>
<para id="nev20688863n1-nev15842680n177">
<ptxt id="nev20688863n1-nev21017745n242">The Climate Con#@#@#276#PWM).</ptxt>
<ptxt id="nev20688863n1-nev21017745n240">The Central Ele#@#@#237#CCM).</ptxt>
<ptxt id="nev20688863n1-nev21017745n238">The Climate Con#@#@#214#ater.</ptxt>
</para>
<para id="nev20688863n1-nev15842680n175">
<ptxt id="nev20688863n1-nev15842680n171">The Central Ele#@#@#70#See: <xref id="nev20688863n1-nev15842680n170">
<ref id="nev20688863n1-nev15842680n169"/>
</xref>
</ptxt>
</para>
<para id="nev20688863n1-nev15842680n165">
<ptxt id="nev20688863n1-nev15842680n164">These basic con#@#@#68#ated:</ptxt>
</para>
<list1 id="nev20688863n1-nev21017745n236">
<item id="nev20688863n1-nev21017745n235">
<ptxt id="nev20688863n1-nev21017745n233">The engine fan #@#@#10#nning</ptxt>
</item>
<item id="nev20688863n1-nev21017745n232">
<ptxt id="nev20688863n1-nev21017745n231">The blower fan #@#@#12#vated</ptxt>
</item>
</list1>
<para id="nev20688863n1-nev21017745n230">
<ptxt id="nev20688863n1-nev21017745n229">If the above re#@#@#123#ters:</ptxt>
</para>
<list1 id="nev20688863n1-nev21017745n227">
<item id="nev20688863n1-nev21017745n223">
<ptxt id="nev20688863n1-nev21017745n221">The driver's cl#@#@#9#tings</ptxt>
</item>
<item id="nev20688863n1-nev21017745n224">
<ptxt id="nev20688863n1-nev21017745n220">Outside temperature</ptxt>
</item>
<item id="nev20688863n1-nev21017745n225">
<ptxt id="nev20688863n1-nev21017745n219">Passenger compa#@#@#13#ature</ptxt>
</item>
<item id="nev20688863n1-nev21017745n226">
<ptxt id="nev20688863n1-nev21017745n218">Coolant temperature</ptxt>
</item>
<item id="nev20688863n1-nev21017745n217">
<ptxt id="nev20688863n1-nev21017745n216">Sun intensity</ptxt>
</item>
<item id="nev20688863n1-nev21017745n215">
<ptxt id="nev20688863n1-nev21017745n214">The amount of o#@#@#58#high)</ptxt>
</item>
<item id="nev20688863n1-nev21017745n213">
<ptxt id="nev20688863n1-nev21017745n211">The charge leve#@#@#11#ttery</ptxt>
</item>
</list1>
<para id="nev20688863n1-nev21017745n210">
<ptxt id="nev20688863n1-nev21017745n209">The control sig#@#@#348#gnal.</ptxt>
</para>
<para id="nev20688863n1-nev21017745n207">
<title id="nev20688863n1-nev21017745n205">Information abo#@#@#21#BRID:</title>
<ptxt id="nev20688863n1-nev21017745n206">The condition t#@#@#131#AUTO.</ptxt>
<ptxt id="nev20688863n1-nev21017745n203">The electrical #@#@#129#cted.</ptxt>
</para>
</topic>
</servinfosub>