<?xml version="1.0" encoding="UTF-8"?><servinfosub IE-ID="en-US0900c8af80534606" docno="VCC-133106" id="KC01681133" xml:lang="en-US">
<title>
<phrase category="" id="KC08944469" phrase-urn="urn:x-nevis:phrase:0800c8af82334624">Checking diagno#@#@#43#ystem</phrase>
</title>
<diagnostic j2008use="1" paperuse="1" screenuse="1" type="test">
<testgrp IE-ID="en-US0900c8af80534606_KC01700995" id="KC01700995" j2008use="1" paperuse="1" resumable="1" screenuse="1" testgrp-id="conditions" x="120" y="40">
<title>
<phrase category="" id="KC08944470" phrase-urn="urn:x-nevis:phrase:0800c8af82334625"/>
</title>
<subcalloutnode>
<diagcallout>
<xref>
<ref id="KC08944471"/>
</xref>
</diagcallout>
<rescall-grp>
<result comp="string" highlight="0" op="eq" return="erase"/>
<calloutaction>
<ptxt>
<xref>
<ref id="KC08944472"/>
</xref>
</ptxt>
</calloutaction>
</rescall-grp>
<rescall-grp>
<result comp="string" highlight="0" op="eq" return="abort"/>
<calloutaction>
<return value="NOT ERASED"/>
</calloutaction>
</rescall-grp>
</subcalloutnode>
</testgrp>
<testgrp id="KC01700996" j2008use="1" paperuse="1" resumable="1" screenuse="1" testgrp-id="erasedtc1" x="120" y="120">
<title>
<phrase category="" id="KC08944473" phrase-urn="urn:x-nevis:phrase:0800c8af82334626">Erasing diagnos#@#@#19#DTCs)</phrase>
</title>
<node>
<test1>
<note>
<ptxt>
<phrase category="" id="KC08944474" phrase-urn="urn:x-nevis:phrase:0800c8af82334627">VCT2000 connect#@#@#42#DA PC</phrase>
</ptxt>
</note>
<diaglist>
<dgraphic>
<dgraphic1>
<graphic id="KC08944475">
<href>0900c8af80054d5#@#@#9#.jpeg</href>
</graphic>
</dgraphic1>
<dgraphic2>
<graphic id="KC08944476">
<href>0900c8af80054d7#@#@#9#.jpeg</href>
</graphic>
</dgraphic2>
</dgraphic>
<ditem>
<ptxt>
<phrase category="" id="KC08944477" phrase-urn="urn:x-nevis:phrase:0800c8af82334629">Reinstall all c#@#@#34#ctors</phrase>
</ptxt>
</ditem>
<ditem>
<ptxt>
<phrase category="" id="KC08944478" phrase-urn="urn:x-nevis:phrase:0800c8af8233462a">Ignition on.</phrase>
</ptxt>
</ditem>
</diaglist>
<test2>
<diaglist>
<dgraphic>
<dgraphic2>
<graphic id="KC08944479">
<href>0900c8af86c8681#@#@#9#.jpeg</href>
</graphic>
<smarttool active="press" id="KC08944480" toolname="XLPGAF01"/>
</dgraphic2>
</dgraphic>
<ditem>
<ditemtext>
<ptxt>
<phrase category="" id="KC08944481" phrase-urn="urn:x-nevis:phrase:0800c8af8233462b">Erase diagnosti#@#@#18#TCs).</phrase>
</ptxt>
</ditemtext>
</ditem>
</diaglist>
</test2>
</test1>
<question/>
<resact-grp>
<result comp="numeric" highlight="0" op="eq" return="0"/>
<action j2008use="1" paperuse="1" screenuse="1">
<ptxt>
<xref>
<ref id="KC08944482"/>
</xref>
</ptxt>
</action>
</resact-grp>
</node>
</testgrp>
<testgrp id="KC01700997" j2008use="1" paperuse="1" resumable="1" screenuse="1" testgrp-id="readdtc" x="120" y="280">
<title>
<phrase category="" id="KC08944483" phrase-urn="urn:x-nevis:phrase:0800c8af8233462e">Reading off dia#@#@#23#DTCs)</phrase>
</title>
<node>
<test1>
<diaglist>
<dgraphic>
<dgraphic1>
<graphic id="KC08944484">
<href>0900c8af80054d3#@#@#9#.jpeg</href>
</graphic>
</dgraphic1>
</dgraphic>
<ditem>
<ptxt>
<phrase category="" id="KC08944485" phrase-urn="urn:x-nevis:phrase:0800c8af8233462f">Start the engin#@#@#146#hts. </phrase>
</ptxt>
<note>
<ptxt>
<phrase category="" id="KC08944486" phrase-urn="urn:x-nevis:phrase:0800c8af82334630">If the engine c#@#@#330#hing.</phrase>
</ptxt>
</note>
</ditem>
<ditem>
<ptxt>
<phrase category="" id="KC08944487" phrase-urn="urn:x-nevis:phrase:0800c8af82334631">Let the engine #@#@#24#onds </phrase>
</ptxt>
</ditem>
<ditem>
<ptxt>
<phrase category="" id="KC08944488" phrase-urn="urn:x-nevis:phrase:0800c8af82334632">Test drive the #@#@#32#power</phrase>
</ptxt>
</ditem>
<ditem>
<ptxt>
<phrase category="" id="KC08944489" phrase-urn="urn:x-nevis:phrase:0800c8af82334633">Let the engine idle.</phrase>
</ptxt>
</ditem>
</diaglist>
<test2>
<diaglist>
<dgraphic>
<dgraphic2>
<graphic id="KC08944490">
<href>0900c8af86c8681#@#@#9#.jpeg</href>
</graphic>
<smarttool active="press" id="KC08944491" toolname="XDIS4017"/>
</dgraphic2>
</dgraphic>
<ditem>
<ditemtext>
<ptxt>
<phrase category="" id="KC08944492" phrase-urn="urn:x-nevis:phrase:0800c8af82334634">Read off diagno#@#@#21#TCs).</phrase>
</ptxt>
</ditemtext>
</ditem>
<ditem>
<ptxt>
<phrase category="" id="KC08944493" phrase-urn="urn:x-nevis:phrase:0800c8af82334635">Make a note if #@#@#42#ored.</phrase>
</ptxt>
</ditem>
</diaglist>
</test2>
</test1>
<question>There should be#@#@#38#ored.</question>
<resact-grp>
<result button="ok" comp="button" highlight="0"/>
<action j2008use="1" paperuse="1" screenuse="1">
<ptxt>
<xref>
<ref id="KC08944494"/>
</xref>
</ptxt>
</action>
</resact-grp>
<resact-grp>
<result button="notok" comp="button" highlight="0"/>
<action j2008use="1" paperuse="1" screenuse="1">
<ptxt>
<xref>
<ref id="KC08944495"/>
</xref>
</ptxt>
</action>
</resact-grp>
</node>
</testgrp>
<testgrp id="KC01700998" j2008use="1" paperuse="1" resumable="1" screenuse="1" testgrp-id="dtcpresent" x="440" y="360">
<title>
<phrase category="" id="KC08944496" phrase-urn="urn:x-nevis:phrase:0800c8af82334636"/>
</title>
<subcalloutnode>
<diagcallout>
<xref>
<ref id="KC08944497"/>
</xref>
</diagcallout>
<rescall-grp>
<result comp="string" highlight="0" op="eq" return="NO"/>
<calloutaction>
<return value="NOT ERASED"/>
</calloutaction>
</rescall-grp>
<rescall-grp>
<result comp="string" highlight="0" op="eq" return="YES"/>
<calloutaction>
<ptxt>
<xref>
<ref id="KC08944498"/>
</xref>
</ptxt>
</calloutaction>
</rescall-grp>
</subcalloutnode>
</testgrp>
<testgrp id="KC01700999" j2008use="1" paperuse="1" resumable="1" screenuse="1" testgrp-id="dtcabsent" x="120" y="360">
<title>
<phrase category="" id="KC08944499" phrase-urn="urn:x-nevis:phrase:0800c8af82334637"/>
</title>
<subcalloutnode>
<diagcallout>
<xref>
<ref id="KC08944500"/>
</xref>
</diagcallout>
<rescall-grp>
<result comp="string" highlight="0" op="eq" return="DONE"/>
<calloutaction>
<return value="ERASED"/>
</calloutaction>
</rescall-grp>
</subcalloutnode>
</testgrp>
</diagnostic>
</servinfosub>