<?xml version="1.0" encoding="UTF-8"?><script xmlns:nevis="http://www.volvocars.com/namespaces/processing" xmlns:xlink="http://www.w3.org/1999/xlink" IE-ID="en-US0900c8af81ddf606" docno="VCC-237258" id="nev10171225n1" nevis:expl-profile="mdl874yr1999eng92, mdl875yr1999eng92" nevis:profile="urn:x-nevis:profile:0b00c8af8020643c urn:x-nevis:profile:0b00c8af80206446" nevis:projectdocument="urn:x-nevis:projectdocument:0800c8af81ddf605" nevis:resource="0900c8af81ddf67e" nevis:resource2="urn:x-nevis:fragment:0900c8af81ddf606:0900c8af81ddf67e#nev10171225n1" nevis:session-id="" qualifierinfotype="14:00" type="" xml:lang="en-US"><title>A/C compressor #@#@#15#quest</title><content gui="1" height="220" id="nev10171226n1-nev10171225n3" nevis:expl-profile="mdl874yr1999eng92, mdl875yr1999eng92" nevis:idfrom="nev10171226n1" nevis:prefix="nev10171226n1" nevis:profile="urn:x-nevis:profile:0b00c8af8020643c urn:x-nevis:profile:0b00c8af80206446" nevis:resource="0900c8af81ddf67a" nevis:resource2="urn:x-nevis:fragment:0900c8af81ddf606:0900c8af81ddf67a#nev10171225n3" width="400" xml:lang="en-US"><nodes id="nev10171226n1-nev10171271n1"><node class="Components.StartNode" id="nev10171226n1-nev10171272n1" nodeid="Start" x="17" y="58"/><node class="Components.ScriptComponent" id="nev10171226n1-nev10171273n1" nodeid="CloseScript" x="142" y="320"/><node class="Components.ScriptButton" id="nev10171226n1-nev10171274n1" nodeid="Hide" x="12" y="245"><gui height="30" id="nev10171226n1-nev10171275n1" width="110" x="280" y="180"/><property class="String" id="nev10171226n1-nev10171276n1" name="Text" type="In" value="" visible="0"/><property class="String" id="nev10171226n1-nev10171277n1" name="StartDisabled" type="Internal" value="false" visible="1"/><extension id="nev10171226n1-nev10171278n1"><phrase category="Faulttracing" id="nev10171226n1-nev10171270n1" phrase-urn="urn:x-nevis:phrase:0800c8af81b6b138">Hide</phrase></extension></node><node class="Components.Repeater" id="nev10171226n1-nev10171279n1" nodeid="Iterator" x="139" y="49"/><node class="Components.IdentifierComponent" id="nev10171226n1-nev10171280n1" nodeid="Read1" x="272" y="2"><property class="Parameter" id="nev10171226n1-nev10171281n1" name="A/C compressor status" type="Out" value="" visible="1"/><extension id="nev10171226n1-nev10171282n1"><identifier ecu="284101" ecuMode="EcuType" id="nev10171226n1-nev10171283n1" read="9" type="REOFF" value="72"><parameter id="nev10171226n1-nev10171284n1" name="A/C compressor status" textid="16249"/></identifier></extension></node><node class="Components.IdentifierComponent" id="nev10171226n1-nev10171285n1" nodeid="Read2" x="272" y="144"><property class="Parameter" id="nev10171226n1-nev10171286n1" name="A/C request" type="Out" value="" visible="1"/><extension id="nev10171226n1-nev10171287n1"><identifier ecu="284101" ecuMode="EcuType" id="nev10171226n1-nev10171288n1" read="9" type="REOFF" value="72"><parameter id="nev10171226n1-nev10171289n1" name="A/C request" textid="16247"/></identifier></extension></node><node class="Components.Gui.ParameterLabel" id="nev10171226n1-nev10171290n1" nodeid="Label1" x="394" y="29"><gui height="70" id="nev10171226n1-nev10171291n1" width="380" x="10" y="10"/><property class="Parameter" id="nev10171226n1-nev10171292n1" name="Parameter" type="In" value="" visible="1"/><property class="String" id="nev10171226n1-nev10171293n1" name="Title" type="In" value="" visible="1"/><property class="String" id="nev10171226n1-nev10171294n1" name="Value" type="In" value="" visible="1"/><property class="String" id="nev10171226n1-nev10171295n1" name="Unit" type="In" value="" visible="1"/></node><node class="Components.Gui.ParameterLabel" id="nev10171226n1-nev10171296n1" nodeid="Label2" x="396" y="168"><gui height="70" id="nev10171226n1-nev10171297n1" width="380" x="10" y="90"/><property class="Parameter" id="nev10171226n1-nev10171298n1" name="Parameter" type="In" value="" visible="1"/><property class="String" id="nev10171226n1-nev10171299n1" name="Title" type="In" value="" visible="1"/><property class="String" id="nev10171226n1-nev10171300n1" name="Value" type="In" value="" visible="1"/><property class="String" id="nev10171226n1-nev10171301n1" name="Unit" type="In" value="" visible="1"/></node><node class="Components.VehComm" id="nev10171226n1-nev10171302n1" nodeid="StopDiagnosticSession" x="141" y="178"><property class="String" id="nev10171226n1-nev10171303n1" name="Mode" type="Internal" value="EcuType" visible="1"/><property class="Int" id="nev10171226n1-nev10171304n1" name="EcuType" type="In" value="284101" visible="0"/><property class="Int" id="nev10171226n1-nev10171305n1" name="ServiceId" type="In" value="27" visible="0"/><property class="String" id="nev10171226n1-nev10171306n1" name="EcuName" type="Out" value="" visible="1"/><property class="Response" id="nev10171226n1-nev10171307n1" name="Result" type="Out" value="" visible="1"/><extension id="nev10171226n1-nev10171308n1"/></node></nodes><handlers id="nev10171226n1-nev10171309n1"><eventhandler id="nev10171226n1-nev10171310n1" name="OnStart" node="Start"><call id="nev10171226n1-nev10171311n1" method="UpdateTitles" node="Read1"/><call id="nev10171226n1-nev10171312n1" method="UpdateTitles" node="Read2"/><call id="nev10171226n1-nev10171313n1" method="Start" node="Iterator"/></eventhandler><eventhandler id="nev10171226n1-nev10171314n1" name="OnRepeat" node="Iterator"><call id="nev10171226n1-nev10171315n1" method="Read" node="Read1"/><call id="nev10171226n1-nev10171316n1" method="Read" node="Read2"/></eventhandler><eventhandler id="nev10171226n1-nev10171317n1" name="Click" node="Hide"><call id="nev10171226n1-nev10171318n1" method="Execute" node="StopDiagnosticSession"/><call id="nev10171226n1-nev10171319n1" method="CloseDialog" node="CloseScript"/></eventhandler><propertyhandler id="nev10171226n1-nev10171320n1" name="A/C compressor status" node="Read1"><set id="nev10171226n1-nev10171321n1" node="Label1" property="Parameter"/></propertyhandler><propertyhandler id="nev10171226n1-nev10171322n1" name="A/C request" node="Read2"><set id="nev10171226n1-nev10171323n1" node="Label2" property="Parameter"/></propertyhandler></handlers></content></script>