<?xml version="1.0" encoding="UTF-8"?><servinfosub IE-ID="en-US0900c8af81336c04" docno="VCC-149832" id="KC03018545" xml:lang="en-US">
<title>
<phrase category="" id="KC07848168" phrase-urn="urn:x-nevis:phrase:0800c8af81c2824c">Diagnostic trou#@#@#30#-0212</phrase>
</title>
<diagnostic type="condition">
<condgrp>
<condition type="condition">
<grate>
<graphic id="KC07848169" width="column">
<href>0900c8af8005e66#@#@#9#.jpeg</href>
</graphic>
<graphtext>
<para>
<ptxt>
<phrase category="" id="KC07848170" phrase-urn="urn:x-nevis:phrase:0800c8af81c2824e">Regulation of t#@#@#497#trol.</phrase>
</ptxt>
</para>
<para>
<ptxt>
<phrase category="" id="KC07848171" phrase-urn="urn:x-nevis:phrase:0800c8af81c2824f">The diagnostic #@#@#254#ion. </phrase>
</ptxt>
</para>
<para>
<ptxt>
<phrase category="" id="KC07848172" phrase-urn="urn:x-nevis:phrase:0800c8af81c28250">The diagnostic #@#@#72#gear.</phrase>
</ptxt>
</para>
</graphtext>
</grate>
</condition>
</condgrp>
<condgrp>
<condition type="substitution">
<list1 enumtype="d" type="unordered">
<item>
<ptxt>
<phrase category="" id="KC07848173" phrase-urn="urn:x-nevis:phrase:0800c8af81c28251"> Emergency prog#@#@#75#iated</phrase>
</ptxt>
<hint>
<ptxt>
<phrase category="" id="KC07848174" phrase-urn="urn:x-nevis:phrase:0800c8af81c28252">
<xref>
<ref id="KC07848175"/>
</xref>
</phrase>
</ptxt>
</hint>
</item>
</list1>
</condition>
<ps>
<list1 enumtype="d" type="unordered">
<item>
<ptxt>
<phrase category="" id="KC07848176" phrase-urn="urn:x-nevis:phrase:0800c8af81c28256">Shift solenoid #@#@#41#tion </phrase>
</ptxt>
</item>
<item>
<ptxt>
<phrase category="" id="KC07848177" phrase-urn="urn:x-nevis:phrase:0800c8af81c28257">The solenoid do#@#@#11#tion.</phrase>
</ptxt>
</item>
</list1>
</ps>
</condgrp>
<condgrp>
<condition type="symptom">
<list1 enumtype="d" type="unordered">
<item>
<ptxt>
<phrase category="" id="KC07848178" phrase-urn="urn:x-nevis:phrase:0800c8af81c28258">Malfunction ind#@#@#16#) lit</phrase>
</ptxt>
</item>
<item>
<ptxt>
<phrase category="" id="KC07848179" phrase-urn="urn:x-nevis:phrase:0800c8af81c28259">General warning#@#@#5# lit.</phrase>
</ptxt>
</item>
</list1>
</condition>
</condgrp>
</diagnostic>
</servinfosub>