<?xml version="1.0" encoding="UTF-8"?><servinfosub IE-ID="en-US0900c8af85458c04" docno="VCC-091467" id="KC01138706" xml:lang="en-US">
<title>
<phrase category="" id="KC06018474" phrase-urn="urn:x-nevis:phrase:0800c8af8171959e">Diagnostic trou#@#@#15#ation</phrase>
</title>
<diagnostic j2008use="1" paperuse="1" screenuse="1" type="condition">
<condgrp>
<condition type="condition">
<para>
<ptxt>
<phrase category="" id="KC06018475" phrase-urn="urn:x-nevis:phrase:0800c8af8171959f">If the central #@#@#197#ayed.</phrase>
</ptxt>
</para>
</condition>
</condgrp>
<condgrp>
<condition type="substitution">
<ptxt>
<phrase category="" id="KC06018476" phrase-urn="urn:x-nevis:phrase:0800c8af817195a0">Nothing.</phrase>
</ptxt>
</condition>
<ps>
<list1 enumtype="d" type="unordered">
<item>
<ptxt>
<phrase category="" id="KC06018477" phrase-urn="urn:x-nevis:phrase:0800c8af817195a1">Wire between ce#@#@#83#tage.</phrase>
</ptxt>
</item>
<item id="nev17061229n100">
<ptxt id="nev17061229n99">
<phrase category="Faulttracing" id="nev17061230n1" phrase-urn="urn:x-nevis:phrase:0800c8af85458c0f">Open-circuit on#@#@#46#ound.</phrase>
</ptxt>
</item>
</list1>
</ps>
</condgrp>
<condgrp>
<condition type="symptom">
<list1 enumtype="d" type="unordered">
<item>
<ptxt>
<phrase category="" id="KC06018478" phrase-urn="urn:x-nevis:phrase:0800c8af817195a2">The engine will#@#@#42#rk.).</phrase>
</ptxt>
</item>
</list1>
</condition>
</condgrp>
</diagnostic>
</servinfosub>