<?xml version="1.0" encoding="UTF-8"?><servinfosub IE-ID="en-US0900c8af848c5a06" docno="VCC-356353" id="nev13507464n1" xml:lang="en-US">
<title>
<phrase category="" id="nev13507464n2" phrase-urn="urn:x-nevis:phrase:0800c8af827261a2">Faulty signal</phrase>
</title>
<diagnostic j2008use="1" layout="0" paperuse="1" screenuse="1" type="test">
<testgrp IE-ID="en-US0900c8af848c5a06_nev13507464n3" id="nev13507464n3" j2008use="1" paperuse="1" resumable="1" screenuse="1" testgrp-id="node1" x="80" y="80">
<title>
<phrase category="" id="nev13507464n4" phrase-urn="urn:x-nevis:phrase:0800c8af827261a3">Checking compon#@#@#10#iring</phrase>
</title>
<node>
<test1>
<diaglist>
<dgraphic>
<dgraphic1>
<graphic id="nev13507464n5">
<href>0900c8af80054d4#@#@#9#.jpeg</href>
</graphic>
</dgraphic1>
<dgraphic3>
<graphic id="nev13507464n6">
<href>0900c8af80054cc#@#@#9#.jpeg</href>
</graphic>
</dgraphic3>
</dgraphic>
<ditem>
<ptxt>
<phrase category="" id="nev13507464n7" phrase-urn="urn:x-nevis:phrase:0800c8af827261a4">Ignition off</phrase>
</ptxt>
</ditem>
<ditem>
<ptxt>
<phrase category="" id="nev13507464n8" phrase-urn="urn:x-nevis:phrase:0800c8af827261a5">Unplug the conn#@#@#36#ECM).</phrase>
</ptxt>
</ditem>
</diaglist>
<test2>
<para>
<ptxt>
<phrase category="" id="nev13507464n9" phrase-urn="urn:x-nevis:phrase:0800c8af827261a6">Check the conne#@#@#54#tion.</phrase>
</ptxt>
</para>
<para>
<ptxt>
<phrase category="" id="nev13507464n10" phrase-urn="urn:x-nevis:phrase:0800c8af827261a7">Check the cable#@#@#74#tage.</phrase>
</ptxt>
<ptxt>
<phrase category="" id="nev13507465n1" phrase-urn="urn:x-nevis:phrase:0800c8af827261a8">Measure between:</phrase>
</ptxt>
</para>
<list1 enumtype="d" type="unordered">
<item>
<ptxt>
<phrase category="Faulttracing" id="nev13507689n1" phrase-urn="urn:x-nevis:phrase:0800c8af84380bdd">Engine Control #@#@#72# (-).</phrase>
</ptxt>
</item>
<item>
<ptxt>
<phrase category="Faulttracing" id="nev13507717n1" phrase-urn="urn:x-nevis:phrase:0800c8af84380c1a">Engine Control #@#@#70# (+).</phrase>
</ptxt>
</item>
</list1>
<para>
<ptxt>
<phrase category="" id="nev13507465n4" phrase-urn="urn:x-nevis:phrase:0800c8af827261ab">Remedy as necessary.</phrase>
</ptxt>
</para>
<list1 enumtype="d" type="unordered">
<title>
<phrase category="" id="nev13507465n5" phrase-urn="urn:x-nevis:phrase:0800c8af827261ac">Other information</phrase>
</title>
<item>
<ptxt>
<phrase category="" id="nev13507465n6" phrase-urn="urn:x-nevis:phrase:0800c8af827261ad">
<xref>
<ref id="KC09613879"/>
</xref>
</phrase>
</ptxt>
</item>
<item>
<ptxt>
<xref id="nev14425246n100">
<ref id="l1203411777839"/>
</xref>
</ptxt>
</item>
<item>
<ptxt>
<phrase category="" id="nev13507465n10" phrase-urn="urn:x-nevis:phrase:0800c8af827261af">
<xref>
<ref id="KC09613883"/>
</xref>
</phrase>
</ptxt>
</item>
<item>
<ptxt>
<phrase category="" id="nev13507466n2" phrase-urn="urn:x-nevis:phrase:0800c8af827261b0">
<xref>
<ref id="KC09613885"/>
</xref>
</phrase>
</ptxt>
</item>
</list1>
<diaglist>
<dgraphic>
<dgraphic1>
<graphic id="nev13507466n4">
<href>0900c8af8204a44#@#@#9#.jpeg</href>
</graphic>
</dgraphic1>
</dgraphic>
</diaglist>
<grate>
<graphic id="nev13507466n5">
<href>0900c8af81620f1#@#@#9#.jpeg</href>
</graphic>
</grate>
</test2>
</test1>
<question>
Select Continue.
</question>
<resact-grp>
<result button="cont" comp="button" highlight="0"/>
<action j2008use="1" paperuse="1" screenuse="1">
<ptxt>
<xref>
<ref id="nev13507466n7"/>
</xref>
</ptxt>
</action>
</resact-grp>
</node>
</testgrp>
<testgrp id="nev13507466n8" j2008use="1" paperuse="1" resumable="1" screenuse="1" testgrp-id="veria" x="80" y="220">
<title>
<phrase category="" id="nev13507466n9" phrase-urn="urn:x-nevis:phrase:0800c8af827261b2">Verification</phrase>
</title>
<subcalloutnode>
<diagcallout>
<xref>
<ref id="nev13507466n10"/>
</xref>
</diagcallout>
<rescall-grp>
<result comp="string" highlight="0" op="eq" return="VERIFIED"/>
<calloutaction>
<return value="FAULT FOUND"/>
</calloutaction>
</rescall-grp>
<rescall-grp>
<result comp="string" highlight="0" op="eq" return="VERIFICATION FAILED"/>
<calloutaction>
<ptxt>
<xref>
<ref id="nev13507467n1"/>
</xref>
</ptxt>
</calloutaction>
</rescall-grp>
</subcalloutnode>
</testgrp>
<testgrp id="nev13507467n2" j2008use="1" paperuse="0" resumable="1" screenuse="1" testgrp-id="info1" x="80" y="380">
<title>
<phrase category="" id="nev13507467n3" phrase-urn="urn:x-nevis:phrase:0800c8af827261b3">Fault-tracing i#@#@#5#ation</phrase>
</title>
<subcalloutnode>
<diagcallout>
<xref>
<ref id="nev13507467n4"/>
</xref>
</diagcallout>
<rescall-grp>
<result comp="string" highlight="0" op="eq" return="FAULTTRACING FAILED"/>
<calloutaction>
<return value="FAULTTRACING FAILED"/>
</calloutaction>
</rescall-grp>
<rescall-grp>
<result comp="string" highlight="0" op="eq" return="NEW TRY"/>
<calloutaction>
<ptxt>
<xref>
<ref id="nev13507467n5"/>
</xref>
</ptxt>
</calloutaction>
</rescall-grp>
</subcalloutnode>
</testgrp>
</diagnostic>
</servinfosub>