<?xml version="1.0" encoding="UTF-8"?><servinfosub IE-ID="en-US0900c8af88056a06" docno="VCC-419377" id="nev15900201n1" original="sv-SE" servinfosubId="nev15900202n1-nev29323019n1" servinfosubRes="0900c8af8826b9b9" servinfosubRes2="urn:x-nevis:fragment:0900c8af88056a06:0900c8af8826b9b9#nev29323019n1" xml:lang="en-US">
<operationnumbers>
<operationnumber>83427-2</operationnumber>
</operationnumbers>
<title id="nev15900201n2">Interior Liftga#@#@#4#andle</title>
<procedure id="nev15900202n1-nev29945916n6">
<stepgrp boilerplate="false" context="" id="nev15900202n1-nev29966599n12">
<title id="nev15900202n1-0800c8af844a46f6">Removal</title>
<procstep id="nev15900202n1-nev29949541n37">
<note id="nev15900202n1-0800c8af844a42fa">
<ptxt>Removal steps i#@#@#45#ails.</ptxt>
</note>
</procstep>
<procstep id="nev15900202n1-nev29949541n35">
<grate id="nev15900202n1-nev29966599n10">
<graphic id="nev15900202n1-nev29966599n11">
<href>0900c8af8826867#@#@#9#.jpeg</href>
</graphic>
<graphtext id="nev15900202n1-nev29966766n1">
<para id="nev15900202n1-nev29966599n8">
<ptxt id="nev15900202n1-nev29966599n9">
<equipment equipmentid="" equipmentname="Interior trim remover" id="nev15900202n1-nev29950577n81"/>
</ptxt>
</para>
</graphtext>
</grate>
</procstep>
<procstep id="nev15900202n1-nev29949541n29">
<grate id="nev15900202n1-nev29966599n6">
<graphic id="nev15900202n1-nev29966599n7">
<href>0900c8af8826867#@#@#9#.jpeg</href>
</graphic>
<graphtext id="nev15900202n1-nev29966773n1">
<para id="nev15900202n1-nev29966599n4">
<ptxt id="nev15900202n1-nev29966599n5">Remove the screws.</ptxt>
</para>
<para id="nev15900202n1-nev29966762n100">
<ptxt id="nev15900202n1-nev29966599n2">
<torque id="nev15900202n1-nev29966599n3">
<ref id="nev15900202n1-nev29966599n1"/>
</torque>
</ptxt>
</para>
</graphtext>
</grate>
</procstep>
<procstep id="nev15900202n1-nev29949541n24">
<grate id="nev15900202n1-nev29966762n98">
<graphic id="nev15900202n1-nev29966762n99">
<href>0900c8af8826840#@#@#9#.jpeg</href>
</graphic>
<graphtext id="nev15900202n1-nev29966780n1">
<para id="nev15900202n1-nev29966762n96">
<ptxt id="nev15900202n1-nev29966762n97">Release the catch.</ptxt>
</para>
<para id="nev15900202n1-nev29966762n94">
<ptxt id="nev15900202n1-nev29966762n95">
<equipment equipmentid="" equipmentname="Electrician's screwdriver" id="nev15900202n1-nev29950577n70"/>
</ptxt>
</para>
<para id="nev15900202n1-nev29966762n92">
<ptxt id="nev15900202n1-nev29966762n93">Remove the mark#@#@#3#part.</ptxt>
</para>
</graphtext>
</grate>
</procstep>
</stepgrp>
<stepgrp boilerplate="false" context="" id="nev15900202n1-nev29966762n91">
<title id="nev15900202n1-0800c8af844a46f9">Installation</title>
<procstep id="nev15900202n1-nev29949541n12">
<para id="nev15900202n1-nev29966762n89">
<ptxt id="nev15900202n1-nev29966762n90">To install, rev#@#@#22#dure.</ptxt>
</para>
</procstep>
</stepgrp>
</procedure>
</servinfosub>