<?xml version="1.0" encoding="UTF-8"?><servinfosub IE-ID="en-US0900c8af83067f0d" docno="VCC-130886" id="KC01143738" xml:lang="en-US">
<title>
<phrase category="" id="KC06120903" phrase-urn="urn:x-nevis:phrase:0800c8af8174af44">Diagnostic trou#@#@#21#ation</phrase>
</title>
<diagnostic j2008use="1" paperuse="1" screenuse="1" type="condition">
<condgrp>
<condition type="condition">
<grate>
<graphic id="KC06120904">
<href>0900c8af80057c0#@#@#9#.jpeg</href>
</graphic>
<graphtext>
<para>
<ptxt>
<phrase category="" id="KC06120905" phrase-urn="urn:x-nevis:phrase:0800c8af8174af45">Diagnostic trou#@#@#454#sing.</phrase>
</ptxt>
</para>
<note id="nev11196205n100">
<ptxt id="nev11196205n99">
<phrase category="Faulttracing" id="nev11196207n1" phrase-urn="urn:x-nevis:phrase:0800c8af8306779e">The electric co#@#@#96# off.</phrase>
<phrase category="Faulttracing" id="nev11196208n1" phrase-urn="urn:x-nevis:phrase:0800c8af830677a3">The time for th#@#@#155#stem.</phrase>
</ptxt>
</note>
</graphtext>
</grate>
</condition>
</condgrp>
<condgrp>
<condition type="substitution">
<list1 enumtype="d" type="unordered">
<item>
<ptxt>
<phrase category="" id="KC06120906" phrase-urn="urn:x-nevis:phrase:0800c8af8174af47">Engine cooling #@#@#17# off.</phrase>
</ptxt>
</item>
</list1>
</condition>
<ps>
<list1 enumtype="d" type="unordered">
<title>
<phrase category="" id="KC06120907" phrase-urn="urn:x-nevis:phrase:0800c8af8174af4d">Signal too low:</phrase>
</title>
<item>
<ptxt>
<phrase category="" id="KC06120908" phrase-urn="urn:x-nevis:phrase:0800c8af8174af4e">Obstructed fan blade</phrase>
</ptxt>
</item>
<item>
<ptxt>
<phrase category="" id="KC06120909" phrase-urn="urn:x-nevis:phrase:0800c8af8174af4f">Defective engin#@#@#15#odule</phrase>
</ptxt>
</item>
<item>
<ptxt>
<phrase category="" id="KC06120910" phrase-urn="urn:x-nevis:phrase:0800c8af8174af50">Defective engin#@#@#16#dule.</phrase>
</ptxt>
</item>
</list1>
<list1 enumtype="d" type="unordered">
<title>
<phrase category="" id="KC06120911" phrase-urn="urn:x-nevis:phrase:0800c8af8174af51">Faulty signal:</phrase>
</title>
<item>
<ptxt>
<phrase category="" id="KC06120912" phrase-urn="urn:x-nevis:phrase:0800c8af8174af52">Short-circuit t#@#@#37#cable</phrase>
</ptxt>
</item>
<item>
<ptxt>
<phrase category="" id="KC06120913" phrase-urn="urn:x-nevis:phrase:0800c8af8174af53">Open-circuit in#@#@#12#cable</phrase>
</ptxt>
</item>
<item>
<ptxt>
<phrase category="" id="KC06120914" phrase-urn="urn:x-nevis:phrase:0800c8af8174af54">Supply voltage #@#@#50#dule </phrase>
</ptxt>
</item>
<item>
<ptxt>
<phrase category="" id="KC06120915" phrase-urn="urn:x-nevis:phrase:0800c8af8174af55">Defective engin#@#@#16#dule.</phrase>
</ptxt>
</item>
</list1>
</ps>
</condgrp>
<condgrp>
<condition type="symptom">
<list1 enumtype="d" type="unordered">
<item>
<ptxt>
<phrase category="" id="KC06120916" phrase-urn="urn:x-nevis:phrase:0800c8af8174af56">Overheating engine.</phrase>
</ptxt>
</item>
<item id="nev11196205n96">
<ptxt id="nev11196205n95">
<phrase category="Symptom" id="nev11196209n1" phrase-urn="urn:x-nevis:phrase:0800c8af8223cd58">Electric coolin#@#@#17#erate</phrase>
</ptxt>
</item>
</list1>
</condition>
</condgrp>
</diagnostic>
</servinfosub>