<?xml version="1.0" encoding="UTF-8"?><servinfosub IE-ID="en-US0900c8af83f8ef0d" docno="VCC-143278" id="KC01172115" xml:lang="en-US">
<title id="nev11101016n250">Level sensor, f#@#@#36#acing</title>
<procedure id="nev11101016n248">
<proctools id="nev11101016n246">
<toolitem id="KC08808206"/>
</proctools>
<note id="nev11101016n241">
<ptxt id="nev11101016n239">As the illustra#@#@#182#ect. </ptxt>
</note>
<note id="nev11101016n237">
<ptxt id="nev11101016n235">To replace the #@#@#42#see: <xref id="nev11101016n233">
<ref id="KC08808207"/>
</xref>.</ptxt>
</note>
<stepgrp id="nev11101016n228">
<procstep id="nev11101016n226">
<title id="nev11101016n224">Preparation</title>
<para id="nev11101016n222">
<ptxt id="nev11101016n220">Drain the fuel #@#@#5# See <xref id="nev11101016n218">
<ref id="KC08808208"/>
</xref>.</ptxt>
</para>
</procstep>
<procstep id="nev11101016n213">
<title id="nev11101016n211">Removing the fu#@#@#22#ensor</title>
<grate id="nev11101016n209">
<graphic id="KC08808209">
<href>0900c8af800576c#@#@#9#.jpeg</href>
</graphic>
<graphtext id="nev11101016n204">
<para id="nev11101016n202">
<ptxt id="nev12563229n187">To remove the l#@#@#22#see: <xref id="nev12563229n135">
<ref id="nev12563229n83"/>
</xref>
</ptxt>
<ptxt id="nev11101016n200">Secure a wire i#@#@#316#aced.</ptxt>
</para>
</graphtext>
</grate>
<grate id="nev11101016n198">
<graphic id="KC08808210">
<href>0900c8af8005770#@#@#9#.jpeg</href>
</graphic>
<graphtext id="nev11101016n193">
<para id="nev11101016n191">
<ptxt id="nev11101016n189">Grip around the#@#@#87#tion.</ptxt>
</para>
<note id="nev11101016n187">
<ptxt id="nev11101016n185">Take care with #@#@#9#tank.</ptxt>
</note>
<para id="nev11101016n183">
<ptxt id="nev11101016n181">Carefully and s#@#@#51# out.</ptxt>
<ptxt id="nev11101016n179">Pull the hoses #@#@#85#tank.</ptxt>
</para>
<note id="nev11101016n177">
<ptxt id="nev11101016n175">It is extremely#@#@#47#bent.</ptxt>
</note>
<para id="nev11101016n173">
<ptxt id="nev11101016n171">Remove the wire#@#@#43#ctor.</ptxt>
</para>
</graphtext>
</grate>
</procstep>
<procstep id="nev11101016n169">
<title id="nev11101016n167">Removing the le#@#@#5#ensor</title>
<grate id="nev11101016n165">
<graphic id="KC08808211">
<href>0900c8af8005ad0#@#@#9#.jpeg</href>
</graphic>
<graphtext id="nev11101016n160">
<list1 enumtype="d" id="nev11101016n158" type="unordered">
<title id="nev11101016n156">Remove:</title>
<item id="nev11101016n154">
<ptxt id="nev11101016n152">-the tie straps#@#@#43#ring </ptxt>
</item>
<item id="nev11101016n150">
<ptxt id="nev11101016n148">the net protect#@#@#56#iring</ptxt>
</item>
<item id="nev11101016n146">
<ptxt id="nev11101016n144">the tie strap u#@#@#22#eath.</ptxt>
</item>
</list1>
</graphtext>
</grate>
<grate id="nev11101016n142">
<graphic id="KC08808212">
<href>0900c8af8005ad0#@#@#9#.jpeg</href>
</graphic>
<graphtext id="nev11101016n137">
<list1 enumtype="d" id="nev11101016n135" type="unordered">
<title id="nev11101016n133">Remove:</title>
<item id="nev11101016n131">
<ptxt id="nev11101016n129">the tie strap a#@#@#26# pump</ptxt>
</item>
<item id="nev11101016n127">
<ptxt id="nev11101016n125">the level senso#@#@#45#wards</ptxt>
</item>
<item id="nev11101016n123">
<ptxt id="nev11101016n121">the thin pipe f#@#@#46# unit</ptxt>
</item>
<item id="nev11101016n119">
<ptxt id="nev11101016n117">the wiring from#@#@#29#unit.</ptxt>
</item>
</list1>
</graphtext>
</grate>
</procstep>
<procstep id="nev11827215n188">
<title id="nev11827215n187">Applies to vehi#@#@#20#aters</title>
<grate id="nev11827215n114">
<graphic id="nev11827215n113">
<href>0900c8af830af33#@#@#9#.jpeg</href>
</graphic>
<graphtext id="nev11827215n1">
<para id="nev11827217n214">
<ptxt id="nev11827217n213">If the vehicle #@#@#121#pipe.</ptxt>
</para>
</graphtext>
</grate>
</procstep>
<procstep id="nev11101016n115">
<title id="nev11101016n113">Installing the #@#@#18#ensor</title>
<grate id="nev11101016n111">
<graphic id="KC08808213">
<href>0900c8af8005ad0#@#@#9#.jpeg</href>
</graphic>
<graphtext id="nev11101016n106">
<list1 enumtype="d" id="nev11101016n104" type="unordered">
<title id="nev11101016n102">Install:</title>
<item id="nev11101016n100">
<ptxt id="nev11101016n98">the new level sensor</ptxt>
</item>
<item id="nev11101016n96">
<ptxt id="nev11101016n94">the wiring in t#@#@#4#older</ptxt>
</item>
<item id="nev11101016n92">
<ptxt id="nev11101016n90">the thin pipe i#@#@#45#unit </ptxt>
</item>
<item id="nev11101016n88">
<ptxt id="nev11101016n86">the tie strap a#@#@#26# pump</ptxt>
</item>
</list1>
</graphtext>
</grate>
<grate id="nev11101016n84">
<graphic id="KC08808214">
<href>0900c8af8005ad0#@#@#9#.jpeg</href>
</graphic>
<graphtext id="nev11101016n79">
<list1 enumtype="d" id="nev11101016n77" type="unordered">
<title id="nev11101016n75">Install:</title>
<item id="nev11101016n73">
<ptxt id="nev11101016n71">the tie strap u#@#@#96# hose</ptxt>
</item>
<item id="nev11101016n69">
<ptxt id="nev11101016n67">the protective #@#@#1#heath</ptxt>
</item>
<item id="nev11101016n65">
<ptxt id="nev11101016n63">four tie straps#@#@#125#hose.</ptxt>
</item>
</list1>
</graphtext>
</grate>
</procstep>
<procstep id="nev11101016n61">
<title id="nev11101016n59">Installing fuel#@#@#20#ensor</title>
<grate id="nev11101016n57">
<graphic id="KC08808215">
<href>0900c8af8005770#@#@#9#.jpeg</href>
</graphic>
<graphtext id="nev11101016n52">
<para id="nev11101016n50">
<ptxt id="nev11101016n48">Install the wir#@#@#46#pump.</ptxt>
<ptxt id="nev11101016n46">Install a new O#@#@#41#1580.</ptxt>
<ptxt id="nev11101016n44">Insert the hose#@#@#52#ole. </ptxt>
<ptxt id="nev11101016n42">Grip the right-#@#@#91#tion.</ptxt>
<ptxt id="nev11101016n40">Carefully and s#@#@#56#lace.</ptxt>
<ptxt id="nev11101016n38">Pull the wire s#@#@#59#tank.</ptxt>
</para>
</graphtext>
</grate>
</procstep>
<procstep id="nev11101016n36">
<title id="nev11101016n34">Level sensor ri#@#@#13#inued</title>
<grate id="nev11101016n32">
<graphic id="KC08808216">
<href>0900c8af8005777#@#@#9#.jpeg</href>
</graphic>
<graphtext id="nev11101016n27">
<para id="nev11101016n25">
<ptxt id="nev11101016n23">Press the right#@#@#92#ight.</ptxt>
<ptxt id="nev11101016n21">Check that the #@#@#17#pped.</ptxt>
<ptxt id="nev11101016n19">Tighten the scr#@#@#1#w to <emph id="nev11101016n17">60 Nm</emph> (Use special tool <toolitem id="KC08808217"/>).</ptxt>
<ptxt id="nev11101016n12">Install the hos#@#@#33#nsor.</ptxt>
<ptxt id="nev11101016n10">Wipe up any fue#@#@#5#llage</ptxt>
</para>
</graphtext>
</grate>
<grate id="nev11101016n8">
<graphic id="KC08808218">
<href>0900c8af8005771#@#@#9#.jpeg</href>
</graphic>
<graphtext id="nev11101016n3">
<note id="nev11101016n1">
<ptxt id="nev11101017n249">Check that the #@#@#285#bove.</ptxt>
</note>
</graphtext>
</grate>
</procstep>
<procstep id="nev12559116n160">
<title id="nev12559116n159"/>
<para id="nev12559116n62">
<ptxt id="nev12559116n61">Install the lev#@#@#31#see: <xref id="nev12559116n5">
<ref id="nev12559116n4"/>
</xref>.</ptxt>
</para>
</procstep>
<procstep id="nev11101017n247">
<title id="nev11101017n245">Finishing</title>
<list1 enumtype="d" id="nev11101017n243" type="unordered">
<title id="nev11101017n241">Install on both#@#@#2#ides:</title>
<item id="nev11101017n239">
<ptxt id="nev11101017n237">the wiring in t#@#@#24# seal</ptxt>
</item>
<item id="nev11101017n235">
<ptxt id="nev11101017n233">the cover over #@#@#39#6 Nm.</ptxt>
</item>
</list1>
<para id="nev11101017n231">
<ptxt id="nev11101017n229">Connect the wir#@#@#18#tors.</ptxt>
</para>
<para id="nev11101017n209">
<ptxt id="nev11101017n207">Fold the carpet#@#@#1#down.</ptxt>
</para>
<list1 enumtype="d" id="nev11101017n205" type="unordered">
<title id="nev11101017n203">Install:</title>
<item id="nev11101017n201">
<ptxt id="nev11101017n199">the center rear#@#@#6# See <xref id="nev11101017n197">
<ref id="KC08808219"/>
</xref>.</ptxt>
</item>
<item id="nev11101017n192">
<ptxt id="nev11101017n190">the outer rear #@#@#5# See <xref id="nev11101017n188">
<ref id="KC08808220"/>
</xref>.</ptxt>
</item>
</list1>
</procstep>
</stepgrp>
</procedure>
</servinfosub>