<?xml version="1.0" encoding="UTF-8"?><servinfosub IE-ID="en-US0900c8af8664cf0d" docno="VCC-466992" id="nev19903090n1" xml:lang="en-US">
<title>
<phrase category="Title" id="nev19903090n2" phrase-urn="urn:x-nevis:phrase:0800c8af81eb9a54">Diagnostic trou#@#@#21#ation</phrase>
<phrase category="Prefix" id="nev19903090n3" phrase-urn="urn:x-nevis:phrase:0800c8af8015c3f5">ECM</phrase>-P052123</title>
<diagnostic j2008use="1" paperuse="1" screenuse="1" type="condition">
<condgrp>
<condition type="condition">
<grate id="nev19903090n4">
<graphic id="nev19903090n5">
<href>0900c8af86327ab#@#@#10#.jpeg</href>
</graphic>
</grate>
<para id="nev19903090n6">
<ptxt id="nev19903090n7">
<phrase category="Faulttracing" id="nev19903090n8" phrase-urn="urn:x-nevis:phrase:0800c8af85fb5dd2">The Engine cont#@#@#96#sure.</phrase>
<phrase category="Faulttracing" id="nev19903090n9" phrase-urn="urn:x-nevis:phrase:0800c8af85fb827a">At ignition on #@#@#77#sure.</phrase>
</ptxt>
</para>
<para id="nev19903090n10">
<ptxt id="nev19903091n1">
<phrase category="Condition" id="nev19903091n2" phrase-urn="urn:x-nevis:phrase:0800c8af82c4843c">The diagnostic #@#@#59#that:</phrase>
</ptxt>
</para>
<list1 id="nev19903091n3">
<item id="nev19903091n4">
<ptxt id="nev19903091n5">
<phrase category="Faulttracing" id="nev20194976n1" phrase-urn="urn:x-nevis:phrase:0800c8af860dedea">The difference #@#@#69# big.</phrase>
</ptxt>
</item>
</list1>
<para id="nev19903091n7">
<ptxt id="nev19903091n8">
<phrase category="Condition" id="nev19903091n9" phrase-urn="urn:x-nevis:phrase:0800c8af82c479d6">The control mod#@#@#67#t of:</phrase>
</ptxt>
</para>
<list1 id="nev19903091n10">
<item id="nev19903092n1">
<ptxt id="nev19903092n2">
<phrase category="Condition" id="nev19903092n3" phrase-urn="urn:x-nevis:phrase:0800c8af83023a3b">Engine running.</phrase>
</ptxt>
</item>
</list1>
<note id="nev19903092n4">
<ptxt id="nev19903092n5">
<phrase category="Condition" id="nev19903092n6" phrase-urn="urn:x-nevis:phrase:0800c8af82c4844b">The control mod#@#@#132# met.</phrase>
</ptxt>
</note>
</condition>
</condgrp>
<condgrp>
<condition type="substitution">
<list1 enumtype="d" type="unordered">
<item id="nev19903092n7">
<ptxt id="nev19903092n8">
<phrase category="Condition" id="nev19903092n9" phrase-urn="urn:x-nevis:phrase:0800c8af81eaaea8">None.</phrase>
</ptxt>
</item>
</list1>
</condition>
<ps>
<list1 enumtype="d" type="unordered">
<item id="nev19903092n10">
<ptxt id="nev19903093n1">
<phrase category="Possible source" id="nev21627995n1" phrase-urn="urn:x-nevis:phrase:0800c8af81eb9604">Contact resista#@#@#29#nals.</phrase>
</ptxt>
</item>
<item id="nev21627993n100">
<ptxt id="nev21627993n99">
<phrase category="Faulttracing" id="nev21627994n1" phrase-urn="urn:x-nevis:phrase:0800c8af85fb5e9b">The engine oil #@#@#38#aged.</phrase>
</ptxt>
</item>
</list1>
</ps>
</condgrp>
<condgrp>
<condition type="symptom">
<list1 enumtype="d" type="unordered">
<item>
<ptxt>
<phrase category="Symptom" id="nev19903093n3" phrase-urn="urn:x-nevis:phrase:0800c8af8223dd67">None</phrase>
</ptxt>
</item>
</list1>
</condition>
</condgrp>
</diagnostic>
</servinfosub>