<?xml version="1.0" encoding="UTF-8"?><servinfosub IE-ID="en-US0900c8af80cd5f0d" docno="VCC-153407" id="KC02660646" xml:lang="en-US">
<title>Headlamp height#@#@#24#acing</title>
<procedure>
<stepgrp id="KC02768913">
<title>Replacing components</title>
<procstep id="KC02768914">
<title>Removing the in#@#@#19#anism</title>
<grate>
<graphic id="KC06794490">
<href>0900c8af80124c8#@#@#9#.jpeg</href>
</graphic>
<graphtext>
<para>
<ptxt>Remove the head#@#@#14# See <xref>
<ref id="KC06794491"/>
</xref>. </ptxt>
</para>
<list1 enumtype="d" type="unordered">
<title>Install:</title>
<item>
<ptxt>the headlamp le#@#@#5#lips)</ptxt>
</item>
<item>
<ptxt>the adjustment #@#@#5#nism.</ptxt>
</item>
</list1>
<para>
<ptxt>A: Carefully li#@#@#67#ctor.</ptxt>
</para>
<para>
<ptxt>B: Pull the cli#@#@#40#ism. </ptxt>
</para>
<para>
<ptxt>C: Turn the adj#@#@#63#unit.</ptxt>
</para>
</graphtext>
</grate>
</procstep>
<procstep id="KC02768915">
<title>Installing the #@#@#21#anism</title>
<grate>
<graphic id="KC06794492">
<href>0900c8af80124c8#@#@#9#.jpeg</href>
</graphic>
<graphtext>
<para>
<ptxt>Apply a little #@#@#34#1241.</ptxt>
</para>
<para>
<ptxt>Clean the cavit#@#@#42#ured.</ptxt>
</para>
<para>
<ptxt>A: Insert the a#@#@#133#ther <emph>±5 mm</emph> inwards.</ptxt>
</para>
<para>
<ptxt>B: Press the ne#@#@#30#all. </ptxt>
</para>
<para>
<ptxt>C: Press the re#@#@#36#ting.</ptxt>
</para>
<para>
<ptxt>Check the catch.</ptxt>
</para>
<para>
<ptxt>Install the hea#@#@#124#241.
</ptxt>
</para>
</graphtext>
</grate>
</procstep>
<procstep id="KC02768916">
<title>Slacken off the#@#@#22#anism</title>
<grate>
<graphic id="KC06794493">
<href>0900c8af80124c9#@#@#9#.jpeg</href>
</graphic>
<graphtext>
<para>
<ptxt>Remove the head#@#@#14# See <xref>
<ref id="KC06794494"/>
</xref>. </ptxt>
</para>
<list1 enumtype="d" type="unordered">
<title>Install:</title>
<item>
<ptxt>the headlamp le#@#@#5#lips)</ptxt>
</item>
<item>
<ptxt>the adjustment #@#@#5#nism.</ptxt>
</item>
</list1>
<para>
<ptxt>A: Turn the hea#@#@#122#tor.
</ptxt>
</para>
<para>
<ptxt>B/C: Deform the#@#@#88#ible.</ptxt>
</para>
<note>
<ptxt>The headlamp ad#@#@#74#sted.</ptxt>
</note>
</graphtext>
</grate>
</procstep>
<procstep id="KC02768917">
<title>Removing the ou#@#@#19#anism</title>
<grate>
<graphic id="KC06794495">
<href>0900c8af80124c9#@#@#9#.jpeg</href>
</graphic>
<graphtext>
<para>
<ptxt>Lift the lockin#@#@#87#clip.</ptxt>
</para>
<para>
<ptxt>C: Remove the s#@#@#60#ctor.</ptxt>
</para>
<para>
<ptxt>Pull the clip (#@#@#37#ism. </ptxt>
</para>
<para>
<ptxt>Turn the headla#@#@#69#unit.</ptxt>
</para>
</graphtext>
</grate>
</procstep>
<procstep id="KC02768918">
<title>Installing the #@#@#21#anism</title>
<grate>
<graphic id="KC06794496">
<href>0900c8af80124c9#@#@#9#.jpeg</href>
</graphic>
<graphtext>
<para>
<ptxt>Apply a little #@#@#34#1241.</ptxt>
</para>
<para>
<ptxt>Clean the cavit#@#@#45#oned.</ptxt>
</para>
<para>
<ptxt>Insert the adju#@#@#81#ght).</ptxt>
</para>
<para>
<ptxt>A: Press the ne#@#@#112#tely
<emph>5 mm</emph> into the rear #@#@#17#ism. </ptxt>
</para>
<para>
<ptxt>B: Install the #@#@#79#ring.</ptxt>
</para>
</graphtext>
</grate>
</procstep>
<procstep id="KC02768919">
<title>Installing the #@#@#37#ntrol</title>
<grate>
<graphic id="KC06794497">
<href>0900c8af80124c9#@#@#9#.jpeg</href>
</graphic>
<graphtext>
<para>
<ptxt>Press the refle#@#@#66#tion.</ptxt>
</para>
<para>
<ptxt>C: Hook the hea#@#@#123#ing.
</ptxt>
</para>
<para>
<ptxt>Turn the adjust#@#@#82#tely <emph>5 mm</emph>.</ptxt>
</para>
<para>
<ptxt>Install the hea#@#@#123#1241
</ptxt>
</para>
</graphtext>
</grate>
</procstep>
</stepgrp>
</procedure>
</servinfosub>