<?xml version="1.0" encoding="UTF-8"?><servinfosub IE-ID="en-US0900c8af80143f0d" docno="VCC-139038" id="KC01266777" xml:lang="en-US">
<title>
<phrase category="" id="KC09413434" phrase-urn="urn:x-nevis:phrase:0800c8af826fc166">Checking the fu#@#@#2# type</phrase>
</title>
<diagnostic j2008use="1" paperuse="1" screenuse="1" type="test">
<testgrp IE-ID="en-US0900c8af80143f0d_KC01266778" id="KC01266778" j2008use="1" paperuse="1" resumable="1" screenuse="1" testgrp-id="node1" x="200" y="120">
<title>
<phrase category="" id="KC09413435" phrase-urn="urn:x-nevis:phrase:0800c8af826fc167">Checking the fu#@#@#2# type</phrase>
</title>
<node>
<test1>
<test2>
<para>
<ptxt>
<phrase category="" id="KC09413436" phrase-urn="urn:x-nevis:phrase:0800c8af826fc168">Ensure that the#@#@#356#aced.</phrase>
</ptxt>
</para>
<para>
<ptxt>
<phrase category="" id="KC09413437" phrase-urn="urn:x-nevis:phrase:0800c8af826fc16a">Remedy as necessary.</phrase>
</ptxt>
</para>
<list1>
<title>
<phrase category="" id="KC09413438" phrase-urn="urn:x-nevis:phrase:0800c8af826fc16b">Other information:</phrase>
</title>
<item>
<ptxt>
<phrase category="" id="KC09413439" phrase-urn="urn:x-nevis:phrase:0800c8af826fc16c">To access or re#@#@#30# see <xref>
<ref id="KC09413440"/>
</xref>
</phrase>
</ptxt>
</item>
<item>
<ptxt>
<phrase category="" id="KC09413441" phrase-urn="urn:x-nevis:phrase:0800c8af826fc16d">To access or re#@#@#19# see <xref>
<ref id="KC09413442"/>
</xref>
</phrase>
</ptxt>
</item>
<item>
<ptxt>
<phrase category="" id="KC09413443" phrase-urn="urn:x-nevis:phrase:0800c8af826fc16f">To access or re#@#@#22# see <xref>
<ref id="KC09413444"/>
</xref>
</phrase>
</ptxt>
</item>
<item>
<ptxt>
<phrase category="" id="KC09413445" phrase-urn="urn:x-nevis:phrase:0800c8af826fc170">To drain fuel f#@#@#14# see <xref>
<ref id="KC09413446"/>
</xref>
</phrase>
</ptxt>
</item>
<item>
<ptxt>
<phrase category="" id="KC09413447" phrase-urn="urn:x-nevis:phrase:0800c8af826fc171">To drain the fu#@#@#9# see <xref>
<ref id="KC09413448"/>
</xref>
</phrase>
</ptxt>
</item>
</list1>
</test2>
</test1>
<question>
Was a fault de#@#@#3#ted?
</question>
<resact-grp>
<result button="yes" comp="button" highlight="0"/>
<action j2008use="1" paperuse="1" screenuse="1">
<return value="FAULT FOUND"/>
</action>
</resact-grp>
<resact-grp>
<result button="no" comp="button" highlight="0"/>
<action j2008use="1" paperuse="1" screenuse="1">
<return value="FAULT NOT FOUND"/>
</action>
</resact-grp>
</node>
</testgrp>
</diagnostic>
</servinfosub>