<?xml version="1.0" encoding="UTF-8"?><servinfosub IE-ID="en-US0800c8af80a2f908" docno="T9510017" id="ST-0800c8af80a2f908" xml:lang="en-US">
<title>951 0017 CASSETTE 3 </title>
<grate>
<graphic id="0900c8af8005d70f"/>
<graphtext>
<deflist>
<defitem>
<term>Tool number:</term>
<def>951 0017-8</def>
</defitem>
<defitem>
<term>Tool description:</term>
<def>CASSETTE 3 (LE/#@#@#26#ANESE</def>
</defitem>
<defitem>
<term>Tool board:</term>
<def/>
</defitem>
</deflist>
</graphtext>
</grate>
</servinfosub>