<?xml version="1.0" encoding="UTF-8"?><servinfosub IE-ID="en-US0900c8af83a8e908" docno="VCC-153202" id="KC02718036" xml:lang="en-US">
<title>
<phrase category="" id="KC07869075" phrase-urn="urn:x-nevis:phrase:0800c8af81c2c4ee">Short-circuit t#@#@#24#cable</phrase>
</title>
<diagnostic j2008use="1" layout="0" paperuse="1" screenuse="1" type="test">
<testgrp IE-ID="en-US0900c8af83a8e908_KC02766133" id="KC02766133" j2008use="1" paperuse="1" resumable="1" screenuse="1" testgrp-id="s1" x="120" y="60">
<title>
<phrase category="" id="KC07869076" phrase-urn="urn:x-nevis:phrase:0800c8af81c2c4f0">Checking the co#@#@#2#onent</phrase>
</title>
<node>
<test1>
<diaglist>
<dgraphic>
<dgraphic1>
<graphic id="KC07869077">
<href>0900c8af80054d4#@#@#9#.jpeg</href>
</graphic>
</dgraphic1>
<dgraphic2>
<graphic id="KC07869078">
<href>0900c8af80054d7#@#@#9#.jpeg</href>
</graphic>
</dgraphic2>
</dgraphic>
<ditem>
<ptxt>
<phrase category="" id="KC07869079" phrase-urn="urn:x-nevis:phrase:0800c8af81c2c4f1">Switch off the #@#@#20#conds</phrase>
</ptxt>
</ditem>
<ditem>
<ptxt>
<phrase category="" id="KC07869080" phrase-urn="urn:x-nevis:phrase:0800c8af81c2c4f2">Disconnect the #@#@#43#tain </phrase>
</ptxt>
</ditem>
<ditem>
<ptxt>
<phrase category="" id="KC07869081" phrase-urn="urn:x-nevis:phrase:0800c8af81c2c4f3"> Disconnect the#@#@#59#SRS).</phrase>
</ptxt>
</ditem>
</diaglist>
<test2>
<warning>
<ptxt>
<phrase category="" id="KC07869082" phrase-urn="urn:x-nevis:phrase:0800c8af81c2c4f4">Under no circum#@#@#179#tain!</phrase>
</ptxt>
</warning>
<caution>
<ptxt>
<phrase category="" id="KC07869083" phrase-urn="urn:x-nevis:phrase:0800c8af81c2c4f6">Do not touch th#@#@#164#SRS).</phrase>
</ptxt>
</caution>
<para>
<ptxt>
<phrase category="" id="KC07869084" phrase-urn="urn:x-nevis:phrase:0800c8af81c2c4f8"> Check the SRS #@#@#333#ance.</phrase>
</ptxt>
<ptxt>
<phrase category="" id="KC07869085" phrase-urn="urn:x-nevis:phrase:0800c8af81c2c4f9">Take readings b#@#@#2#ween:</phrase>
</ptxt>
</para>
<list1 enumtype="d" type="unordered">
<item>
<ptxt>
<phrase category="" id="KC07869086" phrase-urn="urn:x-nevis:phrase:0800c8af81c2c4fa">Terminal #1 for#@#@#142#stage</phrase>
</ptxt>
</item>
<item>
<ptxt>
<phrase category="" id="KC07869087" phrase-urn="urn:x-nevis:phrase:0800c8af81c2c4fc">Terminal #1 for#@#@#142#stage</phrase>
</ptxt>
</item>
<item>
<ptxt>
<phrase category="" id="KC07869088" phrase-urn="urn:x-nevis:phrase:0800c8af81c2c4fd">Terminal #2 for#@#@#142#stage</phrase>
</ptxt>
</item>
<item>
<ptxt>
<phrase category="" id="KC07869089" phrase-urn="urn:x-nevis:phrase:0800c8af81c2c4fe">Terminal #2 for#@#@#143#tage.</phrase>
</ptxt>
</item>
</list1>
<para>
<ptxt>
<phrase category="" id="KC07869090" phrase-urn="urn:x-nevis:phrase:0800c8af81c2c4ff">Remedy as necessary.</phrase>
</ptxt>
</para>
<hint>
<list1>
<item>
<ptxt>
<phrase category="" id="KC07869091" phrase-urn="urn:x-nevis:phrase:0800c8af81c2c501">Check which col#@#@#47# type</phrase>
</ptxt>
</item>
<item>
<ptxt>
<phrase category="" id="KC07869092" phrase-urn="urn:x-nevis:phrase:0800c8af81c2c502">Start by checki#@#@#170#able.</phrase>
</ptxt>
</item>
</list1>
</hint>
<list1 enumtype="d" type="unordered">
<title>
<phrase category="" id="KC07869093" phrase-urn="urn:x-nevis:phrase:0800c8af81c2c503">Other information</phrase>
</title>
<item>
<ptxt>
<phrase category="" id="KC07869094" phrase-urn="urn:x-nevis:phrase:0800c8af81c2c505">
<xref>
<ref id="KC07869095"/>
</xref>
</phrase>
</ptxt>
</item>
<item>
<ptxt>
<phrase category="" id="KC07869096" phrase-urn="urn:x-nevis:phrase:0800c8af81c2c506">
<xref>
<ref id="KC07869097"/>
</xref>
</phrase>
</ptxt>
</item>
<item>
<ptxt>
<phrase category="" id="KC07869098" phrase-urn="urn:x-nevis:phrase:0800c8af81c2c507">For further inf#@#@#61#agram</phrase>
</ptxt>
</item>
<item>
<ptxt id="nev10787664n100">
<phrase category="Faulttracing" id="nev10787666n1" phrase-urn="urn:x-nevis:phrase:0800c8af8275a828">To access/repla#@#@#31#tors:</phrase>
</ptxt>
<ptxt id="nev10787664n98">
<xref id="nev12337381n100">
<ref id="l1107171040231"/>
</xref>
</ptxt>
</item>
<item>
<ptxt>
<phrase category="" id="KC07869101" phrase-urn="urn:x-nevis:phrase:0800c8af81c2c509">Disassembling c#@#@#6#ors: <xref>
<ref id="KC07869102"/>
</xref>
</phrase>
</ptxt>
</item>
<item>
<ptxt>
<phrase category="" id="KC07869103" phrase-urn="urn:x-nevis:phrase:0800c8af81c2c50b">
<xref>
<ref id="KC07869104"/>
</xref>
</phrase>
</ptxt>
</item>
</list1>
<diaglist>
<dgraphic>
<dgraphic1>
<graphic id="KC07869105">
<href>0900c8af80126b2#@#@#9#.jpeg</href>
</graphic>
</dgraphic1>
</dgraphic>
</diaglist>
</test2>
</test1>
<question>
Select "Contin#@#@#33#ied.
</question>
<resact-grp>
<result button="cont" comp="button" highlight="0"/>
<action j2008use="1" paperuse="1" screenuse="1">
<ptxt>
<xref>
<ref id="KC07869106"/>
</xref>
</ptxt>
</action>
</resact-grp>
</node>
</testgrp>
<testgrp id="KC02766134" j2008use="1" paperuse="1" resumable="1" screenuse="1" testgrp-id="veri" x="120" y="240">
<title>
<phrase category="" id="KC07869107" phrase-urn="urn:x-nevis:phrase:0800c8af81c2c50d">Verification</phrase>
</title>
<subcalloutnode>
<diagcallout>
<xref>
<ref id="KC07869108"/>
</xref>
</diagcallout>
<rescall-grp>
<result comp="string" highlight="0" op="eq" return="VERIFIED"/>
<calloutaction>
<return value="FAULT FOUND"/>
</calloutaction>
</rescall-grp>
<rescall-grp>
<result comp="string" highlight="0" op="eq" return="VERIFICATION FAILED"/>
<calloutaction>
<ptxt>
<xref>
<ref id="KC07869109"/>
</xref>
</ptxt>
</calloutaction>
</rescall-grp>
</subcalloutnode>
</testgrp>
<testgrp id="KC02766135" j2008use="1" paperuse="1" resumable="1" screenuse="1" testgrp-id="info1" x="120" y="360">
<title>
<phrase category="" id="KC07869110" phrase-urn="urn:x-nevis:phrase:0800c8af81c2c50e">Fault-tracing i#@#@#5#ation</phrase>
</title>
<subcalloutnode>
<diagcallout>
<xref>
<ref id="KC07869111"/>
</xref>
</diagcallout>
<rescall-grp>
<result comp="string" highlight="0" op="eq" return="FAULTTRACING FAILED"/>
<calloutaction>
<return value="FAULT NOT FOUND"/>
</calloutaction>
</rescall-grp>
<rescall-grp>
<result comp="string" highlight="0" op="eq" return="NEW TRY"/>
<calloutaction>
<ptxt>
<xref>
<ref id="KC07869112"/>
</xref>
</ptxt>
</calloutaction>
</rescall-grp>
</subcalloutnode>
</testgrp>
</diagnostic>
</servinfosub>