<?xml version="1.0" encoding="UTF-8"?><servinfosub IE-ID="en-US0900c8af846e7908" docno="VCC-156599" id="KC03015488" servinfosubId="nev20687734n1-nev20687734n2" servinfosubRes="0900c8af862c33c8" servinfosubRes2="urn:x-nevis:fragment:0900c8af846e7908:0900c8af862c33c8#nev20687734n2" xml:lang="en-US">
<title id="nev10959192n1">Design</title>
<topic id="nev20687734n1-KC03098893">
<title id="nev20687734n1-nev10959192n3">Accelerator ped#@#@#18#ensor</title>
<grate id="nev20687734n1-nev10959192n5" pgwide="1">
<graphic id="nev20687734n1-KC08963424">
<href>0900c8af804454f#@#@#9#.jpeg</href>
</graphic>
</grate>
<para id="nev20687734n1-nev10959192n11">
<ptxt id="nev20687734n1-nev10959192n13">The function of#@#@#188#AP). </ptxt>
</para>
<para id="nev20687734n1-nev10959192n15">
<ptxt id="nev20687734n1-nev10959192n17">The accelerator#@#@#79#nals.</ptxt>
</para>
<para id="nev20687734n1-nev10959192n19">
<ptxt id="nev20687734n1-nev10959192n21">The accelerator#@#@#354#AN). </ptxt>
</para>
<para id="nev20687734n1-nev10959192n23">
<ptxt id="nev20687734n1-nev10959192n25">The sensor is s#@#@#72#body.</ptxt>
</para>
<para id="nev20687734n1-nev10959192n27">
<ptxt id="nev20687734n1-nev10959192n29">The digital sig#@#@#416#ome).</ptxt>
</para>
<para id="nev20687734n1-nev10959192n31">
<ptxt id="nev20687734n1-nev10959192n33">The accelerator#@#@#68#ket. </ptxt>
</para>
</topic>
<topic id="nev20687734n1-KC03098894">
<title id="nev20687734n1-nev10959192n35">Stop lamp switch</title>
<grate id="nev20687734n1-nev10959192n37" pgwide="1">
<graphic id="nev20687734n1-KC08963425">
<href>0900c8af804456a#@#@#9#.jpeg</href>
</graphic>
</grate>
<para id="nev20687734n1-nev10959192n43">
<ptxt id="nev20687734n1-nev10959192n45">The purpose of #@#@#124#ssed.</ptxt>
</para>
<para id="nev20687734n1-nev10959192n47">
<ptxt id="nev20687734n1-nev10959192n49">A signal is tra#@#@#290#sign.</ptxt>
</para>
<para id="nev20687734n1-nev10959192n51">
<ptxt id="nev20687734n1-nev10959192n53">The stop lamp s#@#@#191#ECM).</ptxt>
</para>
<para id="nev20687734n1-nev10959192n55">
<ptxt id="nev20687734n1-nev10959192n57">The engine cont#@#@#97#VIDA.</ptxt>
</para>
<para id="nev20687734n1-nev10959192n59">
<ptxt id="nev20687734n1-nev10959192n61">The stop lamp s#@#@#41#dal. </ptxt>
</para>
</topic>
<topic id="nev20687734n1-KC03098895">
<title id="nev20687734n1-nev10959192n63">Engine speed (R#@#@#5#ensor</title>
<grate id="nev20687734n1-nev10959192n65" pgwide="1">
<graphic id="nev20687734n1-KC08963426">
<href>0900c8af8135b17#@#@#9#.jpeg</href>
</graphic>
</grate>
<para id="nev20687734n1-nev10959192n71">
<ptxt id="nev20687734n1-nev10959192n73">The engine spee#@#@#583#ine. </ptxt>
</para>
<para id="nev20687734n1-nev10959192n75">
<ptxt id="nev20687734n1-nev10959192n77">The engine spee#@#@#78#heel.</ptxt>
</para>
<para id="nev20687734n1-nev10959192n79">
<ptxt id="nev20687734n1-nev10959192n81">The sensor work#@#@#319#rpm).</ptxt>
</para>
<para id="nev20687734n1-nev10959192n83">
<ptxt id="nev20687734n1-nev10959192n85">The engine cont#@#@#409#haft.</ptxt>
</para>
<para id="nev20687734n1-nev10959192n87">
<ptxt id="nev20687734n1-nev10959192n89">The engine cont#@#@#71#ound.</ptxt>
</para>
<para id="nev20687734n1-nev10959192n91">
<ptxt id="nev20687734n1-nev10959192n93">The engine cont#@#@#121#VIDA.</ptxt>
</para>
</topic>
<topic id="nev20687734n1-KC03098896">
<title id="nev20687734n1-nev10959192n95">Camshaft sensor</title>
<grate id="nev20687734n1-nev10959192n97" pgwide="1">
<graphic id="nev20687734n1-KC08963427">
<href>0900c8af8135b18#@#@#9#.jpeg</href>
</graphic>
</grate>
<para id="nev20687734n1-nev10959192n103">
<ptxt id="nev20687734n1-nev10959192n105">The function of#@#@#201#r 1. </ptxt>
</para>
<para id="nev20687734n1-nev10959192n107">
<ptxt id="nev20687734n1-nev10959192n109">The sensor work#@#@#456# it. </ptxt>
</para>
<para id="nev20687734n1-nev10959192n111">
<ptxt id="nev20687734n1-nev10959192n113">The camshaft po#@#@#66#ead. </ptxt>
</para>
<para id="nev20687734n1-nev10959192n115">
<ptxt id="nev20687734n1-nev12631266n136">The engine cont#@#@#54#nsor.</ptxt>
</para>
</topic>
<topic id="nev20687734n1-KC03098897">
<title id="nev20687734n1-nev10959192n119">Mass air flow (#@#@#6#ensor</title>
<grate id="nev20687734n1-nev10959192n121" pgwide="1">
<graphic id="nev20687734n1-KC08963428">
<href>0900c8af8135b18#@#@#9#.jpeg</href>
</graphic>
</grate>
<para id="nev20687734n1-nev10959192n127">
<ptxt id="nev20687734n1-nev10959192n129">The mass air fl#@#@#214#tion.</ptxt>
</para>
<para id="nev20687734n1-nev10959192n131">
<ptxt id="nev20687734n1-nev10959192n133">The measuring f#@#@#401#age. </ptxt>
</para>
<para id="nev20687734n1-nev10959192n135">
<ptxt id="nev20687734n1-nev10959192n137">The mass air fl#@#@#178#T1). </ptxt>
</para>
<para id="nev20687734n1-nev10959192n139">
<ptxt id="nev20687734n1-nev10959192n141">The engine cont#@#@#145#VIDA.</ptxt>
</para>
</topic>
<topic id="nev20687734n1-KC03098898">
<title id="nev20687734n1-nev10959192n143">Boost pressure #@#@#1#ensor</title>
<grate id="nev20687734n1-nev10959192n145" pgwide="1">
<graphic id="nev20687734n1-KC08963429">
<href>0900c8af8135b18#@#@#9#.jpeg</href>
</graphic>
</grate>
<para id="nev20687734n1-nev10959192n151">
<ptxt id="nev20687734n1-nev10959192n153">The boost press#@#@#83#old. </ptxt>
</para>
<para id="nev20687734n1-nev10959192n155">
<ptxt id="nev20687734n1-nev10959192n157">The boost press#@#@#296#alve.</ptxt>
</para>
<para id="nev20687734n1-nev10959192n159">
<ptxt id="nev20687734n1-nev10959192n161">The engine cont#@#@#67#ound.</ptxt>
</para>
<para id="nev20687734n1-nev10959192n163">
<ptxt id="nev20687734n1-nev10959192n165">The sensor, whi#@#@#113#ule. </ptxt>
<ptxt id="nev20687734n1-nev10959192n167">The resistance #@#@#167#age. </ptxt>
</para>
<para id="nev20687734n1-nev10959192n169">
<ptxt id="nev20687734n1-nev10959192n171">The boost press#@#@#108#VIDA.</ptxt>
</para>
</topic>
<topic id="nev20687734n1-KC03098899">
<title id="nev20687734n1-nev10959192n173">Turbocharger (T#@#@#11#valve</title>
<grate id="nev20687734n1-nev10959192n175" pgwide="1">
<graphic id="nev20687734n1-KC08963430">
<href>0900c8af8135b18#@#@#9#.jpeg</href>
</graphic>
</grate>
<para id="nev20687734n1-nev10959192n181">
<ptxt id="nev20687734n1-nev10959192n183">The turbocharge#@#@#141#VNT).</ptxt>
</para>
<para id="nev20687734n1-nev10959192n185">
<ptxt id="nev20687734n1-nev10959192n187">In principle th#@#@#214#ved. </ptxt>
</para>
<para id="nev20687734n1-nev10959192n189">
<ptxt id="nev20687734n1-nev10959192n191">The engine cont#@#@#96#alve.</ptxt>
</para>
<para id="nev20687734n1-nev10959192n193">
<ptxt id="nev20687734n1-nev10959192n195">The engine cont#@#@#54#lve. </ptxt>
</para>
</topic>
<topic id="nev20687734n1-KC03098900">
<title id="nev20687734n1-nev10959192n197">Position sensor#@#@#13# (TC)</title>
<grate id="nev20687734n1-nev10959192n199" pgwide="1">
<graphic id="nev20687734n1-KC08963431">
<href>0900c8af8135b18#@#@#9#.jpeg</href>
</graphic>
</grate>
<para id="nev20687734n1-nev10959192n205">
<ptxt id="nev20687734n1-nev10959192n207">The turbocharge#@#@#300#ECM).</ptxt>
</para>
<para id="nev20687734n1-nev10959192n209">
<ptxt id="nev20687734n1-nev10959192n211">The engine cont#@#@#61#ound.</ptxt>
</para>
<para id="nev20687734n1-nev10959192n213">
<ptxt id="nev20687734n1-nev10959192n215">The position se#@#@#102#VIDA.</ptxt>
</para>
</topic>
<topic id="nev20687734n1-KC03098901">
<title id="nev20687734n1-nev10959192n217">Exhaust gas rec#@#@#38#ensor</title>
<grate id="nev20687734n1-nev10959192n219" pgwide="1">
<graphic id="nev20687734n1-KC08963432">
<href>0900c8af8135b18#@#@#9#.jpeg</href>
</graphic>
</grate>
<para id="nev20687734n1-nev10959192n225">
<ptxt id="nev20687734n1-nev10959192n227">The EGR valve i#@#@#56#ECM).</ptxt>
</para>
<para id="nev20687734n1-nev10959192n229">
<ptxt id="nev20687734n1-nev10959192n231">The engine cont#@#@#149#ally.</ptxt>
</para>
<para id="nev20687734n1-nev10959192n233">
<ptxt id="nev20687734n1-nev10959192n235">The engine cont#@#@#109#IDA. </ptxt>
</para>
</topic>
<topic id="nev20687734n1-KC03098902">
<title id="nev20687734n1-nev10959192n237">Control valve, inlet</title>
<grate id="nev20687734n1-nev10959192n239" pgwide="1">
<graphic id="nev20687734n1-KC08963433">
<href>0900c8af8135b18#@#@#9#.jpeg</href>
</graphic>
</grate>
<para id="nev20687734n1-nev10959192n245">
<ptxt id="nev20687734n1-nev10959192n247">The control val#@#@#60#ECM).</ptxt>
</para>
<para id="nev20687734n1-nev10959192n249">
<ptxt id="nev20687734n1-nev10959193n1">The control val#@#@#100#VIDA.</ptxt>
</para>
</topic>
<topic id="nev20687734n1-KC03098903">
<title id="nev20687734n1-nev10959193n3">Intake air temp#@#@#44#nsor)</title>
<grate id="nev20687734n1-nev10959193n5" pgwide="1">
<graphic id="nev20687734n1-KC08963434">
<href>0900c8af8135b18#@#@#9#.jpeg</href>
</graphic>
</grate>
<para id="nev20687734n1-nev10959193n11">
<ptxt id="nev20687734n1-nev10959193n13">The intake air #@#@#170#udes.</ptxt>
</para>
<para id="nev20687734n1-nev10959193n15">
<ptxt id="nev20687734n1-nev10959193n17">The air tempera#@#@#109#VIDA.</ptxt>
</para>
</topic>
<topic id="nev20687734n1-KC03098904">
<title id="nev20687734n1-nev10959193n19">Intake air temp#@#@#22#inlet</title>
<grate id="nev20687734n1-nev10959193n21" pgwide="1">
<graphic id="nev20687734n1-KC08963435">
<href>0900c8af8135b18#@#@#9#.jpeg</href>
</graphic>
</grate>
<para id="nev20687734n1-nev10959193n27">
<ptxt id="nev20687734n1-nev10959193n29">The intake air #@#@#82#sity.</ptxt>
<ptxt id="nev20687734n1-nev10959193n31">The sensor cons#@#@#62#ture.</ptxt>
</para>
<para id="nev20687734n1-nev10959193n33">
<ptxt id="nev20687734n1-nev10959193n35">The engine cont#@#@#82#und. </ptxt>
</para>
<para id="nev20687734n1-nev10959193n37">
<ptxt id="nev20687734n1-nev10959193n39">The air tempera#@#@#117#VIDA.</ptxt>
</para>
</topic>
<topic id="nev20687734n1-KC07189356">
<title id="nev20687734n1-nev10959193n41">Pressure sensor#@#@#31#ions)</title>
<grate id="nev20687734n1-nev10959193n43" pgwide="1">
<graphic id="nev20687734n1-KC08963436">
<href>0900c8af817a76f#@#@#9#.jpeg</href>
</graphic>
</grate>
<para id="nev20687734n1-nev10959193n49">
<ptxt id="nev20687734n1-nev10959193n51">The pressure se#@#@#267#ency.</ptxt>
<ptxt id="nev20687734n1-nev10959193n53">If the value ex#@#@#101#gins.</ptxt>
</para>
<para id="nev20687734n1-nev10959193n55">
<ptxt id="nev20687734n1-nev10959193n57">Particle filter#@#@#43#tery.</ptxt>
</para>
<para id="nev20687734n1-nev10959193n59">
<ptxt id="nev20687734n1-nev10959193n61">The sensor is g#@#@#237#.5 V.</ptxt>
</para>
<para id="nev20687734n1-nev10959193n63">
<ptxt id="nev20687734n1-nev10959193n65">Pressure sensor#@#@#114#VIDA.</ptxt>
</para>
</topic>
<topic id="nev20687734n1-KC07189357">
<title id="nev20687734n1-nev10959193n67">Front temperatu#@#@#60#ions)</title>
<grate id="nev20687734n1-nev10959193n69" pgwide="1">
<graphic id="nev20687734n1-KC08963437">
<href>0900c8af817a770#@#@#9#.jpeg</href>
</graphic>
</grate>
<para id="nev20687734n1-nev10959193n75">
<ptxt id="nev20687734n1-nev10959193n77">The front tempe#@#@#116#rter.</ptxt>
</para>
<para id="nev20687734n1-nev10959193n79">
<ptxt id="nev20687734n1-nev10959193n81">The sensor is a#@#@#133#ECM).</ptxt>
</para>
<para id="nev20687734n1-nev10959193n83">
<ptxt id="nev20687734n1-nev10959193n85">Front temperatu#@#@#129#VIDA.</ptxt>
</para>
</topic>
<topic id="nev20687734n1-KC07189358">
<title id="nev20687734n1-nev10959193n87">Rear temperatur#@#@#59#ions)</title>
<grate id="nev20687734n1-nev10959193n89" pgwide="1">
<graphic id="nev20687734n1-KC08963438">
<href>0900c8af817a770#@#@#9#.jpeg</href>
</graphic>
</grate>
<para id="nev20687734n1-nev10959193n95">
<ptxt id="nev20687734n1-nev10959193n97">Rear temperatur#@#@#95#stem.</ptxt>
</para>
<para id="nev20687734n1-nev10959193n99">
<ptxt id="nev20687734n1-nev10959193n101">The sensor is a#@#@#133#ECM).</ptxt>
</para>
<para id="nev20687734n1-nev10959193n103">
<ptxt id="nev20687734n1-nev10959193n105">Rear temperatur#@#@#129#IDA. </ptxt>
</para>
</topic>
<topic id="nev20687734n1-KC07189359">
<title id="nev20687734n1-nev10959193n107">By-pass shutter#@#@#57#ions)</title>
<grate id="nev20687734n1-nev10959193n109" pgwide="1">
<graphic id="nev20687734n1-KC08963439">
<href>0900c8af817a771#@#@#9#.jpeg</href>
</graphic>
</grate>
<para id="nev20687734n1-nev10959193n115">
<ptxt id="nev20687734n1-nev10959193n117">The by-pass shu#@#@#101#old. </ptxt>
<ptxt id="nev20687734n1-nev10959193n119">The by-pass val#@#@#39#line.</ptxt>
<ptxt id="nev20687734n1-nev10959193n121">The engine cont#@#@#76#alve.</ptxt>
</para>
<para id="nev20687734n1-nev10959193n123">
<ptxt id="nev20687734n1-nev10959193n125">The engine cont#@#@#42#alve.</ptxt>
</para>
</topic>
<topic id="nev20687734n1-KC03098905">
<title id="nev20687734n1-nev10959193n127">Fuel heating</title>
<grate id="nev20687734n1-nev10959193n129" pgwide="1">
<graphic id="nev20687734n1-KC08963440">
<href>0900c8af8135b18#@#@#9#.jpeg</href>
</graphic>
</grate>
<para id="nev20687734n1-nev10959193n135">
<ptxt id="nev20687734n1-nev10959193n137">To prevent the #@#@#96#ting.</ptxt>
</para>
<para id="nev20687734n1-nev10959193n139">
<ptxt id="nev20687734n1-nev10959193n141">The electric he#@#@#40#ter. </ptxt>
</para>
<para id="nev20687734n1-nev10959193n143">
<ptxt id="nev20687734n1-nev10959193n145">A bimetallic sp#@#@#53#lter.</ptxt>
<ptxt id="nev20687734n1-nev10959193n147">The bimetallic #@#@#45#fuel.</ptxt>
</para>
<para id="nev20687734n1-nev10959193n149">
<ptxt id="nev20687734n1-nev10959193n151">At start-up, a #@#@#64#wer. </ptxt>
<ptxt id="nev20687734n1-nev10959193n153">This takes plac#@#@#34#ture.</ptxt>
</para>
<para id="nev20687734n1-nev10959193n155">
<ptxt id="nev20687734n1-nev10959193n157">At a particular#@#@#68#cuit.</ptxt>
</para>
<para id="nev20687734n1-nev10959193n159">
<ptxt id="nev20687734n1-nev10959193n161">The bimetal clo#@#@#199#pted.</ptxt>
</para>
<para id="nev20687734n1-nev10959193n163">
<ptxt id="nev20687734n1-nev10959193n165">The engine cont#@#@#57#ment.</ptxt>
</para>
</topic>
<topic id="nev20687734n1-KC03098906">
<title id="nev20687734n1-nev10959193n167">Diesel pump</title>
<para id="nev20687734n1-nev10959193n169">
<ptxt id="nev20687734n1-nev10959193n171">The mechanical #@#@#101#fuel.</ptxt>
</para>
</topic>
<topic id="nev20687734n1-KC03098907">
<title id="nev20687734n1-nev10959193n173">Fuel volume con#@#@#5#valve</title>
<grate id="nev20687734n1-nev10959193n175" pgwide="1">
<graphic id="nev20687734n1-KC08963441">
<href>0900c8af8135b18#@#@#9#.jpeg</href>
</graphic>
</grate>
<para id="nev20687734n1-nev10959193n181">
<ptxt id="nev20687734n1-nev10959193n183">The fuel volume#@#@#40#pump.</ptxt>
</para>
<para id="nev20687734n1-nev10959193n185">
<ptxt id="nev20687734n1-nev10959193n187">The electromagn#@#@#195#pump.</ptxt>
</para>
<para id="nev20687734n1-nev10959193n189">
<ptxt id="nev20687734n1-nev10959193n191">The engine cont#@#@#55#alve.</ptxt>
</para>
</topic>
<topic id="nev20687734n1-KC03098908">
<title id="nev20687734n1-nev10959193n193">Fuel pressure c#@#@#7#valve</title>
<grate id="nev20687734n1-nev10959193n195" pgwide="1">
<graphic id="nev20687734n1-KC08963442">
<href>0900c8af8135b18#@#@#9#.jpeg</href>
</graphic>
</grate>
<para id="nev20687734n1-nev10959193n201">
<ptxt id="nev20687734n1-nev10959193n203">The fuel pressu#@#@#42#pump.</ptxt>
</para>
<para id="nev20687734n1-nev10959193n205">
<ptxt id="nev20687734n1-nev10959193n207">The electromagn#@#@#192#ail. </ptxt>
</para>
<para id="nev20687734n1-nev10959193n209">
<ptxt id="nev20687734n1-nev10959193n211">The engine cont#@#@#57#alve.</ptxt>
</para>
</topic>
<topic id="nev20687734n1-KC03098909">
<title id="nev20687734n1-nev10959193n213">Fuel pressure sensor</title>
<grate id="nev20687734n1-nev10959193n215" pgwide="1">
<graphic id="nev20687734n1-KC08963443">
<href>0900c8af8135b18#@#@#9#.jpeg</href>
</graphic>
</grate>
<para id="nev20687734n1-nev10959193n221">
<ptxt id="nev20687734n1-nev10959193n223">The fuel pressu#@#@#119#ail. </ptxt>
</para>
<para id="nev20687734n1-nev10959193n225">
<ptxt id="nev20687734n1-nev10959193n227">The fuel pressu#@#@#85#tors.</ptxt>
</para>
<para id="nev20687734n1-nev10959193n229">
<ptxt id="nev20687734n1-nev10959193n231">The measured pr#@#@#92#sing.</ptxt>
</para>
<para id="nev20687734n1-nev10959193n233">
<ptxt id="nev20687734n1-nev10959193n235">The fuel pressu#@#@#107#VIDA.</ptxt>
</para>
</topic>
<topic id="nev20687734n1-KC03098910">
<title id="nev20687734n1-nev10959193n237">Fuel temperatur#@#@#3#ensor</title>
<grate id="nev20687734n1-nev10959193n239" pgwide="1">
<graphic id="nev20687734n1-KC08963444">
<href>0900c8af8135b18#@#@#9#.jpeg</href>
</graphic>
</grate>
<para id="nev20687734n1-nev10959193n245">
<ptxt id="nev20687734n1-nev10959193n247">The fuel temper#@#@#79#ine).</ptxt>
</para>
<para id="nev20687734n1-nev10959193n249">
<ptxt id="nev20687734n1-nev10959194n1">The sensor is a#@#@#153#dule.</ptxt>
</para>
<para id="nev20687734n1-nev10959194n3">
<ptxt id="nev20687734n1-nev10959194n5">The fuel temper#@#@#110#VIDA.</ptxt>
</para>
</topic>
<topic id="nev20687734n1-KC03098911">
<title id="nev20687734n1-nev10959194n7">Injectors</title>
<grate id="nev20687734n1-nev10959194n9" pgwide="1">
<graphic id="nev20687734n1-KC08963445">
<href>0900c8af8135b18#@#@#9#.jpeg</href>
</graphic>
</grate>
<para id="nev20687734n1-nev10959194n15">
<ptxt id="nev20687734n1-nev10959194n17">There are four #@#@#35#ead. </ptxt>
</para>
<para id="nev20687734n1-nev10959194n19">
<ptxt id="nev20687734n1-nev10959194n21">The injectors a#@#@#26#ail. </ptxt>
</para>
<para id="nev20687734n1-nev10959194n23">
<ptxt id="nev20687734n1-nev10959194n25">The injectors a#@#@#15#ical.</ptxt>
</para>
<para id="nev20687734n1-nev10959194n31">
<ptxt id="nev20687734n1-nev10959194n33">The engine cont#@#@#47#ors. </ptxt>
</para>
</topic>
<topic id="nev20687734n1-KC03098912">
<title id="nev20687734n1-nev10959194n35">Oil pressure switch</title>
<grate id="nev20687734n1-nev10959194n37" pgwide="1">
<graphic id="nev20687734n1-KC08963446">
<href>0900c8af8135b18#@#@#9#.jpeg</href>
</graphic>
</grate>
<para id="nev20687734n1-nev10959194n43">
<ptxt id="nev20687734n1-nev10959194n45">The function of#@#@#105#DIM).</ptxt>
</para>
<para id="nev20687734n1-nev10959194n47">
<ptxt id="nev20687734n1-nev10959194n49">The oil pressur#@#@#201#gine.</ptxt>
</para>
<para id="nev20687734n1-nev10959194n51">
<ptxt id="nev20687734n1-nev10959194n53">When the oil pr#@#@#138#ECM).</ptxt>
</para>
<para id="nev20687734n1-nev10959194n55">
<ptxt id="nev20687734n1-nev10959194n57">If the oil pres#@#@#289#sure.</ptxt>
</para>
<para id="nev20687734n1-nev10959194n59">
<ptxt id="nev20687734n1-nev10959194n61">The oil pressur#@#@#33#oler.</ptxt>
</para>
<para id="nev20687734n1-nev10959194n63">
<ptxt id="nev20687734n1-nev10959194n65">The engine cont#@#@#53#tch. </ptxt>
</para>
</topic>
<topic id="nev20687734n1-KC03098913">
<title id="nev20687734n1-nev10959194n67">Engine coolant #@#@#19#ensor</title>
<grate id="nev20687734n1-nev10959194n69" pgwide="1">
<graphic id="nev20687734n1-KC08963447">
<href>0900c8af8135b19#@#@#9#.jpeg</href>
</graphic>
</grate>
<para id="nev20687734n1-nev10959194n75">
<ptxt id="nev20687734n1-nev10959194n77">The engine cool#@#@#173#late:</ptxt>
</para>
<list1 enumtype="d" id="nev20687734n1-nev10959194n79" type="unordered">
<item id="nev20687734n1-nev10959194n81">
<ptxt id="nev20687734n1-nev10959194n83">the injection period</ptxt>
</item>
<item id="nev20687734n1-nev10959194n85">
<ptxt id="nev20687734n1-nev10959194n87">the EGR function</ptxt>
</item>
<item id="nev20687734n1-nev10959194n89">
<ptxt id="nev20687734n1-nev10959194n91">the engine cool#@#@#7# (FC)</ptxt>
</item>
<item id="nev20687734n1-nev10959194n93">
<ptxt id="nev20687734n1-nev10959194n95">engagement and #@#@#31#ssor.</ptxt>
</item>
</list1>
<para id="nev20687734n1-nev10959194n97">
<ptxt id="nev20687734n1-nev10959194n99">The sensor is a#@#@#140#dule.</ptxt>
</para>
<para id="nev20687734n1-nev10959194n101">
<ptxt id="nev20687734n1-nev10959194n103">The resistance #@#@#374#nce).</ptxt>
</para>
<para id="nev20687734n1-nev10959194n105">
<ptxt id="nev20687734n1-nev10959194n107">The engine cool#@#@#61#sing.</ptxt>
</para>
<para id="nev20687734n1-nev10959194n109">
<ptxt id="nev20687734n1-nev10959194n111">The engine cont#@#@#108#VIDA.</ptxt>
</para>
</topic>
<topic id="nev20687734n1-KC03098914">
<title id="nev20687734n1-nev10959194n113">Main relay (sys#@#@#5#elay)</title>
<grate id="nev20687734n1-nev10959194n115" pgwide="1">
<graphic id="nev20687734n1-KC08963448">
<href>0900c8af80054da#@#@#9#.jpeg</href>
</graphic>
</grate>
<para id="nev20687734n1-nev10959194n121">
<ptxt id="nev20687734n1-nev10959194n123">The function of#@#@#71#tage.</ptxt>
</para>
<para id="nev20687734n1-nev10959194n125">
<ptxt id="nev20687734n1-nev10959194n127">The relay is me#@#@#98#open.</ptxt>
</para>
<para id="nev20687734n1-nev10959194n129">
<ptxt id="nev20687734n1-nev10959194n131">The main relay #@#@#231#ECM).</ptxt>
</para>
<para id="nev20687734n1-nev10959194n133">
<ptxt id="nev20687734n1-nev10959194n135">When the termin#@#@#108##87).</ptxt>
</para>
<para id="nev20687734n1-nev10959194n137">
<ptxt id="nev20687734n1-nev10959194n139">The main relay #@#@#108#ECM).</ptxt>
</para>
</topic>
<topic id="nev20687734n1-KC03098915">
<title id="nev20687734n1-nev10959194n141">Starter motor relay</title>
<grate id="nev20687734n1-nev10959194n143" pgwide="1">
<graphic id="nev20687734n1-KC08963449">
<href>0900c8af80054da#@#@#9#.jpeg</href>
</graphic>
</grate>
<para id="nev20687734n1-nev10959194n149">
<ptxt id="nev20687734n1-nev10959194n151">The function of#@#@#60#otor.</ptxt>
</para>
<para id="nev20687734n1-nev10959194n153">
<ptxt id="nev20687734n1-nev10959194n155">The starter mot#@#@#54#ment.</ptxt>
</para>
<para id="nev20687734n1-nev10959194n157">
<ptxt id="nev20687734n1-nev10959194n159">The engine cont#@#@#57#lay. </ptxt>
</para>
</topic>
<topic id="nev20687734n1-KC03098916">
<title id="nev20687734n1-nev10959194n161">Glow plug relay#@#@#3#2007)</title>
<grate id="nev20687734n1-nev10959194n163" pgwide="1">
<graphic id="nev20687734n1-KC08963450">
<href>0900c8af8135b19#@#@#9#.jpeg</href>
</graphic>
</grate>
<para id="nev20687734n1-nev10959194n169">
<ptxt id="nev20687734n1-nev10959194n171">The function of#@#@#312#ECM).</ptxt>
</para>
<para id="nev20687734n1-nev10959194n173">
<ptxt id="nev20687734n1-nev10959194n175">The engine cont#@#@#45#elay.</ptxt>
</para>
</topic>
<topic id="nev20687734n1-nev12631267n214">
<title id="nev20687734n1-nev12631267n213">Glow plug relay#@#@#3#008-)</title>
<grate id="nev20687734n1-nev12631267n8" pgwide="1">
<graphic id="nev20687734n1-nev12631267n7">
<href>0900c8af80054da#@#@#9#.jpeg</href>
</graphic>
</grate>
<para id="nev20687734n1-nev12631269n197">
<ptxt id="nev20687734n1-nev12631269n196">The function of#@#@#49#lugs.</ptxt>
<ptxt id="nev20687734n1-nev12631270n241">The glow plug r#@#@#106#elay.</ptxt>
<ptxt id="nev20687734n1-nev12631270n138">The engine cont#@#@#42#elay.</ptxt>
</para>
<para id="nev20687734n1-nev12631270n35">
<ptxt id="nev20687734n1-nev12631270n34">The engine cont#@#@#45#elay.</ptxt>
</para>
</topic>
<topic id="nev20687734n1-KC03098917">
<title id="nev20687734n1-nev10959194n177">Glow plugs</title>
<grate id="nev20687734n1-nev10959194n179" pgwide="1">
<graphic id="nev20687734n1-KC08963451">
<href>0900c8af8135b19#@#@#9#.jpeg</href>
</graphic>
</grate>
<para id="nev20687734n1-nev10959194n185">
<ptxt id="nev20687734n1-nev10959194n187">The function of#@#@#344#elay.</ptxt>
</para>
<para id="nev20687734n1-nev10959194n189">
<ptxt id="nev20687734n1-nev10959194n191">The engine cont#@#@#41#ugs. </ptxt>
</para>
</topic>
<topic id="nev20687734n1-KC03098918">
<title id="nev20687734n1-nev10959194n193">Air conditionin#@#@#41#itch)</title>
<grate id="nev20687734n1-nev10959194n195" pgwide="1">
<graphic id="nev20687734n1-KC08963452">
<href>0900c8af8135b19#@#@#9#.jpeg</href>
</graphic>
</grate>
<para id="nev20687734n1-nev10959194n201">
<ptxt id="nev20687734n1-nev10959194n203">The air conditi#@#@#107#stem.</ptxt>
</para>
<para id="nev20687734n1-nev10959194n205">
<ptxt id="nev20687734n1-nev10959194n207">The air conditi#@#@#290#em.  </ptxt>
</para>
<para id="nev20687734n1-nev10959194n209">
<ptxt id="nev20687734n1-nev10959194n211">The engine cont#@#@#72#tch. </ptxt>
</para>
</topic>
<topic id="nev20687734n1-KC03098919">
<title id="nev20687734n1-nev10959194n213">Air conditionin#@#@#39#itch)</title>
<grate id="nev20687734n1-nev10959194n215" pgwide="1">
<graphic id="nev20687734n1-KC08963453">
<href>0900c8af8073183#@#@#9#.jpeg</href>
</graphic>
</grate>
<para id="nev20687734n1-nev10959194n221">
<ptxt id="nev20687734n1-nev10959194n223">The air conditi#@#@#106#stem.</ptxt>
</para>
<para id="nev20687734n1-nev10959194n225">
<ptxt id="nev20687734n1-nev10959194n227">The air conditi#@#@#284#stem.</ptxt>
</para>
<para id="nev20687734n1-nev10959194n229">
<ptxt id="nev20687734n1-nev10959194n231">The engine cont#@#@#72#sor. </ptxt>
</para>
</topic>
<topic id="nev20687734n1-nev14094801n52">
<title id="nev20687734n1-nev14094801n51">A/C pressure se#@#@#36#0846)</title>
<grate id="nev20687734n1-nev14094805n90" pgwide="1">
<graphic id="nev20687734n1-nev14094805n89">
<href>0900c8af8073183#@#@#9#.jpeg</href>
</graphic>
</grate>
<para id="nev20687734n1-nev14094806n20">
<ptxt id="nev20687734n1-nev14094806n19">The air conditi#@#@#107#stem.</ptxt>
</para>
<para id="nev20687734n1-nev14094807n58">
<ptxt id="nev20687734n1-nev14094807n57">The sensor is l#@#@#445#ipe).</ptxt>
</para>
<para id="nev20687734n1-nev14094808n96">
<ptxt id="nev20687734n1-nev14094808n95">The engine cont#@#@#68#nsor.</ptxt>
</para>
</topic>
<topic id="nev20687734n1-KC03098920">
<title id="nev20687734n1-nev10959194n233">Air conditionin#@#@#8#relay</title>
<grate id="nev20687734n1-nev10959194n235" pgwide="1">
<graphic id="nev20687734n1-KC08963454">
<href>0900c8af807318a#@#@#9#.jpeg</href>
</graphic>
</grate>
<para id="nev20687734n1-nev10959194n241">
<ptxt id="nev20687734n1-nev10959194n243">The air conditi#@#@#158#nals:</ptxt>
</para>
<list1 enumtype="d" id="nev20687734n1-nev10959194n245" type="unordered">
<item id="nev20687734n1-nev10959194n247">
<ptxt id="nev20687734n1-nev10959194n249">the climate con#@#@#49#CAN))</ptxt>
</item>
<item id="nev20687734n1-nev10959195n1">
<ptxt id="nev20687734n1-nev10959195n3">the engine cool#@#@#10#ature</ptxt>
</item>
<item id="nev20687734n1-nev10959195n5">
<ptxt id="nev20687734n1-nev10959195n7">the position of#@#@#22# (AP)</ptxt>
</item>
<item id="nev20687734n1-nev10959195n9">
<ptxt id="nev20687734n1-nev10959195n11">the pressure in#@#@#7#stem.</ptxt>
</item>
</list1>
<para id="nev20687734n1-nev10959195n13">
<ptxt id="nev20687734n1-nev10959195n15">The engine cont#@#@#102#tion.</ptxt>
</para>
<para id="nev20687734n1-nev10959195n17">
<ptxt id="nev20687734n1-nev10959195n19">The relay is me#@#@#90#elay.</ptxt>
</para>
<para id="nev20687734n1-nev10959195n21">
<ptxt id="nev20687734n1-nev10959195n23">In the rest pos#@#@#34#open.</ptxt>
</para>
<para id="nev20687734n1-nev10959195n25">
<ptxt id="nev20687734n1-nev10959195n27">The system rela#@#@#217#tput.</ptxt>
</para>
<para id="nev20687734n1-nev10959195n29">
<ptxt id="nev20687734n1-nev10959195n31">The relay coil #@#@#194#ssor.</ptxt>
</para>
<para id="nev20687734n1-nev10959195n33">
<ptxt id="nev20687734n1-nev10959195n35">The engine cont#@#@#58#elay.</ptxt>
</para>
</topic>
<topic id="nev20687734n1-KC03098921">
<title id="nev20687734n1-nev10959195n37">Engine cooling #@#@#44#odule</title>
<grate id="nev20687734n1-nev10959195n39" pgwide="1">
<graphic id="nev20687734n1-KC08963455">
<href>0900c8af80a539b#@#@#9#.jpeg</href>
</graphic>
</grate>
<note id="nev20687734n1-nev11222472n52">
<ptxt id="nev20687734n1-nev11222476n199">The engine cool#@#@#225#stem.</ptxt>
</note>
<warning id="nev20687734n1-nev10959195n45">
<ptxt id="nev20687734n1-nev11222476n96">Be careful sinc#@#@#77# off.</ptxt>
</warning>
<para id="nev20687734n1-nev10959195n51">
<ptxt id="nev20687734n1-nev10959195n53">The engine cool#@#@#155#king.</ptxt>
</para>
<para id="nev20687734n1-nev10959195n55">
<ptxt id="nev20687734n1-nev10959195n57">The engine cont#@#@#390#peed.</ptxt>
</para>
<para id="nev20687734n1-nev10959195n59">
<ptxt id="nev20687734n1-nev10959195n61">The temperature#@#@#184#when:</ptxt>
</para>
<list1 enumtype="d" id="nev20687734n1-nev10959195n63" type="unordered">
<item id="nev20687734n1-nev10959195n65">
<ptxt id="nev20687734n1-nev10959195n67">the A/C is off</ptxt>
</item>
<item id="nev20687734n1-nev10959195n69">
<ptxt id="nev20687734n1-nev10959195n71">no faults are d#@#@#38#ECM).</ptxt>
</item>
</list1>
<para id="nev20687734n1-nev10959195n73">
<ptxt id="nev20687734n1-nev10959195n75">The engine cool#@#@#56#tor. </ptxt>
</para>
<para id="nev20687734n1-nev10959195n77">
<ptxt id="nev20687734n1-nev10959195n79">The engine cont#@#@#85#VIDA.</ptxt>
</para>
</topic>
<topic id="nev20687734n1-KC03098922">
<title id="nev20687734n1-nev10959195n81">Generator (GEN)</title>
<grate id="nev20687734n1-nev10959195n83" pgwide="1">
<graphic id="nev20687734n1-KC08963456">
<href>0900c8af8135b19#@#@#9#.jpeg</href>
</graphic>
</grate>
<para id="nev20687734n1-nev10959195n89">
<ptxt id="nev20687734n1-nev10959195n91">The engine cont#@#@#184#CEM).</ptxt>
</para>
</topic>
<topic id="nev20687734n1-KC03098924">
<title id="nev20687734n1-nev10959195n117">By-pass valve (#@#@#1#2005)</title>
<grate id="nev20687734n1-nev10959195n119" pgwide="1">
<graphic id="nev20687734n1-KC08963458">
<href>0900c8af8135b18#@#@#9#.jpeg</href>
</graphic>
</grate>
<para id="nev20687734n1-nev10959195n125">
<ptxt id="nev20687734n1-nev10959195n127">The bypass valv#@#@#99#lant.</ptxt>
</para>
<para id="nev20687734n1-nev10959195n129">
<ptxt id="nev20687734n1-nev10959195n131">The engine cont#@#@#76#alve.</ptxt>
</para>
<para id="nev20687734n1-nev10959195n133">
<ptxt id="nev20687734n1-nev10959195n135">The bypass valv#@#@#36#sing.</ptxt>
</para>
<para id="nev20687734n1-nev10959195n137">
<ptxt id="nev20687734n1-nev10959195n139">The engine cont#@#@#42#alve.</ptxt>
</para>
</topic>
</servinfosub>