<?xml version="1.0" encoding="UTF-8"?><servinfosub IE-ID="en-US0900c8af844d2908" docno="VCC-370712" id="nev13715358n1" original="sv-SE" servinfosubId="nev13715359n1-nev13715358n4" servinfosubRes="0900c8af844d290a" servinfosubRes2="urn:x-nevis:fragment:0900c8af844d2908:0900c8af844d290a#nev13715358n4" xml:lang="en-US">
<title id="nev13715357n32">Transaxle oil</title>
<procedure id="nev13715359n1-nev13715357n45">
<note id="nev13715359n1-nev13715357n46">
<ptxt id="nev13715359n1-nev13715357n47">The illustratio#@#@#176#rect.</ptxt>
</note>
<warning id="nev13715359n1-nev13715357n48">
<ptxt id="nev13715359n1-nev13715357n49">Avoid skin cont#@#@#25# oil.</ptxt>
</warning>
<caution id="nev13715359n1-nev13715357n50">
<ptxt id="nev13715359n1-nev13715357n51">Use only transm#@#@#84#ner).</ptxt>
</caution>
<stepgrp id="nev13715359n1-nev13715357n33">
<title id="nev13715359n1-nev13715357n52">Conditions</title>
<procstep id="nev13715359n1-nev13715357n34">
<title id="nev13715359n1-nev13715357n53">Changing the oil</title>
<para id="nev13715359n1-nev13715357n54">
<ptxt id="nev13715359n1-nev13715357n55">The capacity of#@#@#16#n is <emph id="nev13715359n1-nev13715357n56">7.65± 0.15</emph> liters. (MAX, MIN).</ptxt>
</para>
<note id="nev13715359n1-nev13715357n57">
<ptxt id="nev13715359n1-nev13715357n58">This volume app#@#@#67#fore.</ptxt>
</note>
<para id="nev13715359n1-nev13715357n59">
<title id="nev13715359n1-nev13715357n60">The oil should #@#@#43#nces:</title>
<ptxt id="nev13715359n1-nev13715357n61">Where diagnosti#@#@#148#nces.</ptxt>
</para>
<para id="nev13715359n1-nev13715357n62">
<ptxt id="nev13715359n1-nev13715357n63">The transmissio#@#@#180#time.</ptxt>
</para>
<para id="nev13715359n1-nev13715357n64">
<ptxt id="nev13715359n1-nev13715357n65">Diagnostic trou#@#@#111#utes.</ptxt>
</para>
<para id="nev13715359n1-nev13715357n66">
<ptxt id="nev13715359n1-nev13715357n67">On vehicles use#@#@#150#gram.</ptxt>
</para>
<warning id="nev13715359n1-nev13715357n68">
<ptxt id="nev13715359n1-nev13715357n69">The oil may be <emph id="nev13715359n1-nev13715357n70">very</emph> hot if the veh#@#@#41#tact.</ptxt>
</warning>
</procstep>
<procstep id="nev13715359n1-nev13715357n35">
<title id="nev13715359n1-nev13715357n71">Draining oil</title>
<grate id="nev13715359n1-nev13715357n72">
<graphic id="nev13715359n1-nev13715357n36">
<href>0900c8af80056cb#@#@#9#.jpeg</href>
</graphic>
<graphtext id="nev13715359n1-nev13715357n73">
<list1 enumtype="d" id="nev13715359n1-nev13715357n74">
<title id="nev13715359n1-nev13715357n75">Remove:</title>
<item id="nev13715359n1-nev13715357n76">
<ptxt id="nev13715359n1-nev13715357n77">the splash guar#@#@#13#ngine</ptxt>
</item>
<item id="nev13715359n1-nev13715357n78">
<ptxt id="nev13715359n1-nev13715357n79">the oil plug. D#@#@#25#iner.</ptxt>
</item>
</list1>
<para id="nev13715359n1-nev13715357n80">
<ptxt id="nev13715359n1-nev13715357n81">Tighten the plu#@#@#3#See: <xref id="nev13715359n1-nev13715357n82">
<ref id="nev13715359n1-nev13715357n37"/>
</xref>. </ptxt>
</para>
<para id="nev13715359n1-nev13715357n83">
<ptxt id="nev13715359n1-nev13715357n84">The splashguard#@#@#58#lete.</ptxt>
</para>
</graphtext>
</grate>
</procstep>
<procstep id="nev13715359n1-nev13715357n38">
<title id="nev13715359n1-nev13715357n85">Connecting hoses</title>
<grate id="nev13715359n1-nev13715357n86">
<graphic id="nev13715359n1-nev13715357n39">
<href>0900c8af80a53bf#@#@#9#.jpeg</href>
</graphic>
<graphtext id="nev13715359n1-nev13715357n87">
<para id="nev13715359n1-nev13715357n88">
<ptxt id="nev13715359n1-nev13715357n89">Remove the oil #@#@#54#oler.</ptxt>
</para>
<hint id="nev13715359n1-nev13715357n90">
<ptxt id="nev13715359n1-nev13715357n91">The quick-relea#@#@#236#oler.</ptxt>
</hint>
<para id="nev13715359n1-nev13715357n92">
<ptxt id="nev13715359n1-nev13715357n93">Connect a hose #@#@#84# oil.</ptxt>
</para>
<para id="nev13715359n1-nev13715357n94">
<ptxt id="nev13715359n1-nev13715357n95">Install a trans#@#@#89#iner.</ptxt>
</para>
</graphtext>
</grate>
</procstep>
<procstep id="nev13715359n1-nev13715357n40">
<title id="nev13715359n1-nev13715357n96">Filling with tr#@#@#11#fluid</title>
<para id="nev13715359n1-nev13715357n97">
<ptxt id="nev13715359n1-nev13715357n98">Apply the parki#@#@#48#on P.</ptxt>
</para>
<para id="nev13715359n1-nev13715357n99">
<ptxt id="nev13715359n1-nev13715357n100">Fill approximat#@#@#68#over.</ptxt>
</para>
<para id="nev13715359n1-nev13715360n1">
<ptxt id="nev13715359n1-nev13715360n2">Start the engin#@#@#157#hose.</ptxt>
</para>
<para id="nev13715359n1-nev13715360n3">
<ptxt id="nev13715359n1-nev13715360n4">Fill approximat#@#@#224#hose.</ptxt>
</para>
</procstep>
<procstep id="nev13715359n1-nev13715357n41">
<title id="nev13715359n1-nev13715360n5">Further filling#@#@#15#n oil</title>
<grate id="nev13715359n1-nev13715360n6">
<graphic id="nev13715359n1-nev13715357n42">
<href>0900c8af80a53bf#@#@#9#.jpeg</href>
</graphic>
<graphtext id="nev13715359n1-nev13715360n7">
<para id="nev13715359n1-nev13715360n8">
<ptxt id="nev13715359n1-nev13715360n9">Fill approximat#@#@#68#over.</ptxt>
</para>
<para id="nev13715359n1-nev13715360n10">
<ptxt id="nev13715359n1-nev13715360n11">Remove the hose#@#@#44#over.</ptxt>
</para>
<para id="nev13715359n1-nev13715360n12">
<ptxt id="nev13715359n1-nev13715360n13">Connect the oil#@#@#51#over.</ptxt>
</para>
</graphtext>
</grate>
</procstep>
<procstep id="nev13715359n1-nev13715357n43">
<title id="nev13715359n1-nev13715360n14">Checking the oi#@#@#2#level</title>
<ptxt id="nev13715359n1-nev13715360n15">Check the oil l#@#@#6#See: <xref id="nev13715359n1-nev13715360n16">
<ref id="nev13715359n1-nev13715357n44"/>
</xref>. </ptxt>
<note id="nev13715359n1-nev13715360n17">
<ptxt id="nev13715359n1-nev13715360n18">After changing #@#@#127#nge”.</ptxt>
</note>
</procstep>
</stepgrp>
</procedure>
</servinfosub>