<?xml version="1.0" encoding="UTF-8"?><servinfosub IE-ID="en-US0900c8af82da5908" docno="VCC-144422" id="KC01109672" xml:lang="en-US">
<title id="nev10789890n1">Final drive, tr#@#@#16#nents</title>
<table frame="all" id="nev10789890n3" pgwide="1">
<tgroup cols="3" id="nev10789890n5">
<colspec colname="col1" colwidth="0.85*" id="nev10789890n7"/>
<colspec colname="col2" colwidth="1.02*" id="nev10789890n8"/>
<colspec colname="colspec2" colwidth="1.77*" id="nev10789890n9"/>
<tbody id="nev10789890n10">
<row id="nev10789890n12">
<entry colname="col1" id="nev10789890n14" rowsep="0">
<ptxt id="nev10789890n16">
<emph id="nev10789890n18">S60</emph>
</ptxt>
</entry>
<entry colname="col2" id="nev10789890n20">
<ptxt id="nev10789890n22">M58, AW50AWD -2002</ptxt>
</entry>
<entry colname="colspec2" id="nev10789890n24">
<ptxt id="nev10789890n26">
<xref id="nev10789890n28">
<ref id="KC09002174"/>
</xref>
</ptxt>
</entry>
</row>
<row id="nev10789890n34">
<entry colname="col1" id="nev10789890n36" rowsep="0"/>
<entry colname="col2" id="nev10789890n38" rowsep="0">
<ptxt id="nev10789890n40">M58, AW50AWD 2003-</ptxt>
<ptxt id="nev10789890n42">M66, AWD 2004-</ptxt>
<ptxt id="nev10789890n44">TF-80SCAWD 2006-</ptxt>
</entry>
<entry colname="colspec2" id="nev10789890n45" rowsep="0">
<ptxt id="nev10789890n47">
<xref id="nev10789890n49">
<ref id="KC09002175"/>
</xref>
</ptxt>
</entry>
</row>
</tbody>
</tgroup>
</table>
<table frame="all" id="nev10789890n55" pgwide="1">
<tgroup cols="3" id="nev10789890n57">
<colspec colname="col1" colwidth="0.85*" id="nev10789890n59"/>
<colspec colname="col2" colwidth="1.02*" id="nev10789890n60"/>
<colspec colname="colspec2" colwidth="1.76*" id="nev10789890n61"/>
<tbody id="nev10789890n62">
<row id="nev10789890n64">
<entry colname="col1" id="nev10789890n66" rowsep="0">
<ptxt id="nev10789890n68">
<emph id="nev10789890n70">V70</emph>
</ptxt>
</entry>
<entry colname="col2" id="nev10789890n72">
<ptxt id="nev10789890n74">M58, AW50AWD -2002</ptxt>
</entry>
<entry colname="colspec2" id="nev10789890n76">
<ptxt id="nev10789890n78">
<xref id="nev10789890n80">
<ref id="KC09002176"/>
</xref>
</ptxt>
</entry>
</row>
<row id="nev10789890n86">
<entry colname="col1" id="nev10789890n88" rowsep="0"/>
<entry colname="col2" id="nev10789890n90" rowsep="0">
<ptxt id="nev10789890n92">M58, AW50AWD 2003-</ptxt>
<ptxt id="nev10789890n94">M66, AWD 2004-</ptxt>
<ptxt id="nev10789890n243">TF-80SCAWD 2006-</ptxt>
</entry>
<entry colname="colspec2" id="nev10789890n96" rowsep="0">
<ptxt id="nev10789890n98">
<xref id="nev10789890n100">
<ref id="KC09002177"/>
</xref>
</ptxt>
</entry>
</row>
</tbody>
</tgroup>
</table>
<table frame="all" id="nev10789890n106" pgwide="1">
<tgroup cols="3" id="nev10789890n108">
<colspec colname="col1" colwidth="0.85*" id="nev10789890n110"/>
<colspec colname="col2" colwidth="1.02*" id="nev10789890n111"/>
<colspec colname="colspec2" colwidth="1.76*" id="nev10789890n112"/>
<tbody id="nev10789890n113">
<row id="nev10789890n115">
<entry colname="col1" id="nev10789890n117" rowsep="0">
<ptxt id="nev10789890n119">
<emph id="nev10789890n121">S80</emph>
</ptxt>
</entry>
<entry colname="col2" id="nev10789890n123">
<ptxt id="nev10789890n125">Ambulance -2002</ptxt>
</entry>
<entry colname="colspec2" id="nev10789890n127">
<ptxt id="nev10789890n129">
<xref id="nev10789890n131">
<ref id="KC09002178"/>
</xref>
</ptxt>
</entry>
</row>
<row id="nev10789890n137">
<entry colname="col1" id="nev10789890n139" rowsep="0"/>
<entry colname="col2" id="nev10789890n141" rowsep="0">
<ptxt id="nev10789890n143">Ambulance 2003-</ptxt>
</entry>
<entry colname="colspec2" id="nev10789890n145" rowsep="0">
<ptxt id="nev10789890n147">
<xref id="nev10789890n149">
<ref id="KC09002179"/>
</xref>
</ptxt>
</entry>
</row>
</tbody>
</tgroup>
</table>
<table frame="all" id="nev10789890n155" pgwide="1">
<tgroup cols="3" id="nev10789890n157">
<colspec colname="col1" colwidth="0.85*" id="nev10789890n159"/>
<colspec colname="col2" colwidth="1.02*" id="nev10789890n160"/>
<colspec colname="colspec2" colwidth="1.76*" id="nev10789890n161"/>
<tbody id="nev10789890n162">
<row id="nev10789890n164">
<entry colname="col1" id="nev10789890n166">
<ptxt id="nev10789890n168">
<emph id="nev10789890n170">XC90</emph>
</ptxt>
</entry>
<entry colname="col2" id="nev10789890n172">
<ptxt id="nev10789890n174">AW50AWD,  4T65A#@#@#3#2003-</ptxt>
<ptxt id="nev10789890n176">M66, AWD 2004-</ptxt>
<ptxt id="nev10789890n178">TF-80SCAWD 2006-</ptxt>
</entry>
<entry colname="colspec2" id="nev10789890n180">
<ptxt id="nev10789890n182">
<xref id="nev10789890n184">
<ref id="KC09002180"/>
</xref>
</ptxt>
</entry>
</row>
</tbody>
</tgroup>
</table>
</servinfosub>