<?xml version="1.0" encoding="UTF-8"?><servinfosub IE-ID="en-US0900c8af85a5f908" docno="VCC-453948" id="nev18323612n1" original="sv-SE" servinfosubId="nev20689168n1-nev20689168n2" servinfosubRes="0900c8af862c3fb1" servinfosubRes2="urn:x-nevis:fragment:0900c8af85a5f908:0900c8af862c3fb1#nev20689168n2" xml:lang="en-US">
<title id="nev18323612n2">Design and function</title>
<topic id="nev20689168n1-nev18323612n3">
<title id="nev20689168n1-nev18323612n4">Wheel brakes, g#@#@#1#neral</title>
<grate id="nev20689168n1-nev18323612n5" pgwide="1">
<graphic id="nev20689168n1-nev18323612n6">
<href>0900c8af80a53c6#@#@#9#.jpeg</href>
</graphic>
</grate>
<table id="nev20689168n1-nev18323612n7" pgwide="1">
<tgroup cols="4" id="nev20689168n1-nev18323612n8">
<colspec align="center" colname="col1" colwidth="15*" id="nev20689168n1-nev18323612n9"/>
<colspec colname="col2" colwidth="35*" id="nev20689168n1-nev18323612n10"/>
<colspec align="center" colname="col3" colwidth="15*" id="nev20689168n1-nev18323613n1"/>
<colspec colname="col4" colwidth="35*" id="nev20689168n1-nev18323613n2"/>
<tbody id="nev20689168n1-nev18323613n3">
<row id="nev20689168n1-nev18323613n4">
<entry id="nev20689168n1-nev18323613n5" morerows="0" rotate="0">
<ptxt id="nev20689168n1-nev18323613n6">
<emph etype="bold" id="nev20689168n1-nev18323613n7">Number</emph>
</ptxt>
</entry>
<entry id="nev20689168n1-nev18323613n8" morerows="0" rotate="0">
<ptxt id="nev20689168n1-nev18323613n9">
<emph etype="bold" id="nev20689168n1-nev18323613n10">Designation</emph>
</ptxt>
</entry>
<entry id="nev20689168n1-nev18323614n1" morerows="0" rotate="0">
<ptxt id="nev20689168n1-nev18323614n2">
<emph etype="bold" id="nev20689168n1-nev18323614n3">Number</emph>
</ptxt>
</entry>
<entry id="nev20689168n1-nev18323614n4" morerows="0" rotate="0">
<ptxt id="nev20689168n1-nev18323614n5">
<emph etype="bold" id="nev20689168n1-nev18323614n6">Designation</emph>
</ptxt>
</entry>
</row>
<row id="nev20689168n1-nev18323614n7">
<entry id="nev20689168n1-nev18323614n8" morerows="0" rotate="0">
<ptxt id="nev20689168n1-nev18323614n9">1</ptxt>
</entry>
<entry id="nev20689168n1-nev18323614n10" morerows="0" rotate="0">
<ptxt id="nev20689168n1-nev18323615n1">Brake caliper</ptxt>
</entry>
<entry id="nev20689168n1-nev18323615n2" morerows="0" rotate="0">
<ptxt id="nev20689168n1-nev18323615n3">7</ptxt>
</entry>
<entry id="nev20689168n1-nev18323615n4" morerows="0" rotate="0">
<ptxt id="nev20689168n1-nev18323615n5">Bleed nipple</ptxt>
</entry>
</row>
<row id="nev20689168n1-nev18323615n6">
<entry id="nev20689168n1-nev18323615n7" morerows="0" rotate="0">
<ptxt id="nev20689168n1-nev18323615n8">2</ptxt>
</entry>
<entry id="nev20689168n1-nev18323615n9" morerows="0" rotate="0">
<ptxt id="nev20689168n1-nev18323615n10">Holder</ptxt>
</entry>
<entry id="nev20689168n1-nev18323616n1" morerows="0" rotate="0">
<ptxt id="nev20689168n1-nev18323616n2">8</ptxt>
</entry>
<entry id="nev20689168n1-nev18323616n3" morerows="0" rotate="0">
<ptxt id="nev20689168n1-nev18323616n4">Piston</ptxt>
</entry>
</row>
<row id="nev20689168n1-nev18323616n5">
<entry id="nev20689168n1-nev18323616n6" morerows="0" rotate="0">
<ptxt id="nev20689168n1-nev18323616n7">3</ptxt>
</entry>
<entry id="nev20689168n1-nev18323616n8" morerows="0" rotate="0">
<ptxt id="nev20689168n1-nev18323616n9">Rubber bushing</ptxt>
</entry>
<entry id="nev20689168n1-nev18323616n10" morerows="0" rotate="0">
<ptxt id="nev20689168n1-nev18323617n1">9</ptxt>
</entry>
<entry id="nev20689168n1-nev18323617n2" morerows="0" rotate="0">
<ptxt id="nev20689168n1-nev18323617n3">Brake fluid inlet</ptxt>
</entry>
</row>
<row id="nev20689168n1-nev18323617n4">
<entry id="nev20689168n1-nev18323617n5" morerows="0" rotate="0">
<ptxt id="nev20689168n1-nev18323617n6">4</ptxt>
</entry>
<entry id="nev20689168n1-nev18323617n7" morerows="0" rotate="0">
<ptxt id="nev20689168n1-nev18323617n8">Sliding pin</ptxt>
</entry>
<entry id="nev20689168n1-nev18323617n9" morerows="0" rotate="0">
<ptxt id="nev20689168n1-nev18323617n10">10</ptxt>
</entry>
<entry id="nev20689168n1-nev18323618n1" morerows="0" rotate="0">
<ptxt id="nev20689168n1-nev18323618n2">Sealing ring</ptxt>
</entry>
</row>
<row id="nev20689168n1-nev18323618n3">
<entry id="nev20689168n1-nev18323618n4" morerows="0" rotate="0">
<ptxt id="nev20689168n1-nev18323618n5">5</ptxt>
</entry>
<entry id="nev20689168n1-nev18323618n6" morerows="0" rotate="0">
<ptxt id="nev20689168n1-nev18323618n7">Brake pads</ptxt>
</entry>
<entry id="nev20689168n1-nev18323618n8" morerows="0" rotate="0">
<ptxt id="nev20689168n1-nev18323618n9">11</ptxt>
</entry>
<entry id="nev20689168n1-nev18323618n10" morerows="0" rotate="0">
<ptxt id="nev20689168n1-nev18323619n1">Dust boot</ptxt>
</entry>
</row>
<row id="nev20689168n1-nev18323619n2">
<entry id="nev20689168n1-nev18323619n3" morerows="0" rotate="0">
<ptxt id="nev20689168n1-nev18323619n4">6</ptxt>
</entry>
<entry id="nev20689168n1-nev18323619n5" morerows="0" rotate="0">
<ptxt id="nev20689168n1-nev18323619n6">Brake hose</ptxt>
</entry>
<entry id="nev20689168n1-nev18323619n7" morerows="0" rotate="0">
<ptxt id="nev20689168n1-nev18323619n8"/>
</entry>
<entry id="nev20689168n1-nev18323619n9" morerows="0" rotate="0">
<ptxt id="nev20689168n1-nev18323619n10"/>
</entry>
</row>
</tbody>
</tgroup>
</table>
<para id="nev20689168n1-nev18323620n1">
<ptxt id="nev20689168n1-nev18323620n2">The vehicle has#@#@#133#axle.</ptxt>
<ptxt id="nev20689168n1-nev18323620n3">The brake discs#@#@#148#iscs.</ptxt>
</para>
<list1 enumtype="d" id="nev20689168n1-nev18323620n4" type="unordered">
<item id="nev20689168n1-nev18323620n5">
<ptxt id="nev20689168n1-nev18323620n6">ventilated disc#@#@#22#brake</ptxt>
</item>
<item id="nev20689168n1-nev18323620n7">
<ptxt id="nev20689168n1-nev18323620n8">solid disc for #@#@#17#brake</ptxt>
</item>
<item id="nev20689168n1-nev18323620n9">
<ptxt id="nev20689168n1-nev18323620n10">solid disc for #@#@#34#rake.</ptxt>
</item>
</list1>
<para id="nev20689168n1-nev18323621n1">
<ptxt id="nev20689168n1-nev18323621n2">The brake calip#@#@#320#ndle.</ptxt>
</para>
<para id="nev20689168n1-nev18323621n3">
<ptxt id="nev20689168n1-nev18323621n4">The sliding pin#@#@#84#axle.</ptxt>
</para>
<para id="nev20689168n1-nev18323621n5">
<ptxt id="nev20689168n1-nev18323621n6">The brake calip#@#@#111#teel.</ptxt>
</para>
<para id="nev20689168n1-nev18323621n7">
<ptxt id="nev20689168n1-nev18323621n8">The piston pres#@#@#184#disc.</ptxt>
</para>
</topic>
<topic id="nev20689168n1-nev18323621n9">
<title id="nev20689168n1-nev18323621n10">General foot br#@#@#14# rear</title>
<para id="nev20689168n1-nev18323622n1">
<ptxt id="nev20689168n1-nev18323622n2">When braking, t#@#@#291#disc.</ptxt>
</para>
<para id="nev20689168n1-nev18323622n3">
<ptxt id="nev20689168n1-nev18323622n4">The dust boot (#@#@#55#iston</ptxt>
</para>
<para id="nev20689168n1-nev18323622n5">
<ptxt id="nev20689168n1-nev18323622n6">The splash guar#@#@#123#ower.</ptxt>
</para>
<para id="nev20689168n1-nev18323622n7">
<ptxt id="nev20689168n1-nev18323622n8">Certain vehicle#@#@#165#ther.</ptxt>
</para>
</topic>
<topic id="nev20689168n1-nev18323622n9">
<title id="nev20689168n1-nev18323622n10">Sealing ring fo#@#@#19# rear</title>
<grate id="nev20689168n1-nev18323623n1">
<title id="nev20689168n1-nev18323623n2">Braking</title>
<graphic id="nev20689168n1-nev18323623n3">
<href>0900c8af838504c#@#@#9#.jpeg</href>
</graphic>
<graphtext id="nev20689168n1-nev18323623n4">
<ptxt id="nev20689168n1-nev18323623n5">The sealing rin#@#@#75#disc.</ptxt>
</graphtext>
</grate>
<grate id="nev20689168n1-nev18323623n6">
<title id="nev20689168n1-nev18323623n7">Resting position</title>
<graphic id="nev20689168n1-nev18323623n8">
<href>0900c8af838504d#@#@#9#.jpeg</href>
</graphic>
<graphtext id="nev20689168n1-nev18323623n9">
<ptxt id="nev20689168n1-nev18323623n10">The tension in #@#@#367# pad.</ptxt>
</graphtext>
</grate>
</topic>
<topic id="nev20689168n1-nev18323624n1">
<title id="nev20689168n1-nev18323624n2">Hydraulic braki#@#@#4#ystem</title>
<grate id="nev20689168n1-nev18323624n3" pgwide="1">
<graphic id="nev20689168n1-nev18323624n4">
<href>0900c8af8362c15#@#@#11#.jpeg</href>
</graphic>
</grate>
<table id="nev20689168n1-nev18323624n5" pgwide="1">
<tgroup cols="4" id="nev20689168n1-nev18323624n6">
<colspec align="center" colname="col1" colwidth="15*" id="nev20689168n1-nev18323624n7"/>
<colspec colname="col2" colwidth="35*" id="nev20689168n1-nev18323624n8"/>
<colspec align="center" colname="col3" colwidth="15*" id="nev20689168n1-nev18323624n9"/>
<colspec colname="col4" colwidth="35*" id="nev20689168n1-nev18323624n10"/>
<tbody id="nev20689168n1-nev18323625n1">
<row id="nev20689168n1-nev18323625n2">
<entry id="nev20689168n1-nev18323625n3" morerows="0" rotate="0">
<ptxt id="nev20689168n1-nev18323625n4">
<emph etype="bold" id="nev20689168n1-nev18323625n5">Number</emph>
</ptxt>
</entry>
<entry id="nev20689168n1-nev18323625n6" morerows="0" rotate="0">
<ptxt id="nev20689168n1-nev18323625n7">
<emph etype="bold" id="nev20689168n1-nev18323625n8">Designation</emph>
</ptxt>
</entry>
<entry id="nev20689168n1-nev18323625n9" morerows="0" rotate="0">
<ptxt id="nev20689168n1-nev18323625n10">
<emph etype="bold" id="nev20689168n1-nev18323626n1">Number</emph>
</ptxt>
</entry>
<entry id="nev20689168n1-nev18323626n2" morerows="0" rotate="0">
<ptxt id="nev20689168n1-nev18323626n3">
<emph etype="bold" id="nev20689168n1-nev18323626n4">Designation</emph>
</ptxt>
</entry>
</row>
<row id="nev20689168n1-nev18323626n5">
<entry id="nev20689168n1-nev18323626n6" morerows="0" rotate="0">
<ptxt id="nev20689168n1-nev18323626n7">1</ptxt>
</entry>
<entry id="nev20689168n1-nev18323626n8" morerows="0" rotate="0">
<ptxt id="nev20689168n1-nev18323626n9">Primary circuit</ptxt>
</entry>
<entry id="nev20689168n1-nev18323626n10" morerows="0" rotate="0">
<ptxt id="nev20689168n1-nev18323627n1">3</ptxt>
</entry>
<entry id="nev20689168n1-nev18323627n2" morerows="0" rotate="0">
<ptxt id="nev20689168n1-nev18323627n3">Master cylinder</ptxt>
</entry>
</row>
<row id="nev20689168n1-nev18323627n4">
<entry id="nev20689168n1-nev18323627n5" morerows="0" rotate="0">
<ptxt id="nev20689168n1-nev18323627n6">2</ptxt>
</entry>
<entry id="nev20689168n1-nev18323627n7" morerows="0" rotate="0">
<ptxt id="nev20689168n1-nev18323627n8">Secondary circuit</ptxt>
</entry>
<entry id="nev20689168n1-nev18323627n9" morerows="0" rotate="0">
<ptxt id="nev20689168n1-nev18323627n10">4</ptxt>
</entry>
<entry id="nev20689168n1-nev18323628n1" morerows="0" rotate="0">
<ptxt id="nev20689168n1-nev18323628n2">Brake control m#@#@#6#(BCM)</ptxt>
</entry>
</row>
</tbody>
</tgroup>
</table>
<para id="nev20689168n1-nev18323628n3">
<ptxt id="nev20689168n1-nev18323628n4">The hydraulic b#@#@#123#uits.</ptxt>
</para>
<para id="nev20689168n1-nev18323628n5">
<ptxt id="nev20689168n1-nev18323628n6">The primary cir#@#@#13#udes:</ptxt>
</para>
<list1 enumtype="d" id="nev20689168n1-nev18323628n7" type="unordered">
<item id="nev20689168n1-nev18323628n8">
<ptxt id="nev20689168n1-nev18323628n9">the rear chambe#@#@#20#inder</ptxt>
</item>
<item id="nev20689168n1-nev18323628n10">
<ptxt id="nev20689168n1-nev18323629n1">the cylinder in#@#@#30#liper</ptxt>
</item>
<item id="nev20689168n1-nev18323629n2">
<ptxt id="nev20689168n1-nev18323629n3">the cylinder in#@#@#29#iper.</ptxt>
</item>
</list1>
<para id="nev20689168n1-nev18323629n4">
<ptxt id="nev20689168n1-nev18323629n5">The secondary c#@#@#15#udes:</ptxt>
</para>
<list1 enumtype="d" id="nev20689168n1-nev18323629n6" type="unordered">
<item id="nev20689168n1-nev18323629n7">
<ptxt id="nev20689168n1-nev18323629n8">the front chamb#@#@#21#inder</ptxt>
</item>
<item id="nev20689168n1-nev18323629n9">
<ptxt id="nev20689168n1-nev18323629n10">the cylinder in#@#@#29#liper</ptxt>
</item>
<item id="nev20689168n1-nev18323630n1">
<ptxt id="nev20689168n1-nev18323630n2">the cylinder in#@#@#30#iper.</ptxt>
</item>
</list1>
<para id="nev20689168n1-nev18323630n3">
<ptxt id="nev20689168n1-nev18323630n4">Two cables run #@#@#117#akes.</ptxt>
</para>
</topic>
<topic id="nev20689168n1-nev18323630n5">
<title id="nev20689168n1-nev18323630n6">Brake fluid res#@#@#19#witch</title>
<grate id="nev20689168n1-nev18323630n7" pgwide="1">
<graphic id="nev20689168n1-nev18323630n8">
<href>0900c8af80a53c4#@#@#9#.jpeg</href>
</graphic>
</grate>
<list1 enumtype="n" id="nev20689168n1-nev18323630n9" type="ordered">
<item id="nev20689168n1-nev18323630n10">
<ptxt id="nev20689168n1-nev18323631n1">Chambers</ptxt>
</item>
<item id="nev20689168n1-nev18323631n2">
<ptxt id="nev20689168n1-nev18323631n3">Plastic floats</ptxt>
</item>
</list1>
<para id="nev20689168n1-nev18323631n4">
<ptxt id="nev20689168n1-nev18323631n5">The brake fluid#@#@#269#cuit.</ptxt>
</para>
<para id="nev20689168n1-nev18323631n6">
<ptxt id="nev20689168n1-nev18323631n7">The reservoir c#@#@#391#aced.</ptxt>
</para>
</topic>
<topic id="nev20689168n1-nev18323631n8">
<title id="nev20689168n1-nev18323631n9">Power brake booster</title>
<grate id="nev20689168n1-nev18323631n10" pgwide="1">
<title id="nev20689168n1-nev18323632n1">Overview of the#@#@#23#oster</title>
<graphic id="nev20689168n1-nev18323632n2">
<href>0900c8af8365074#@#@#11#.jpeg</href>
</graphic>
</grate>
<table id="nev20689168n1-nev18323632n3" pgwide="1">
<tgroup cols="4" id="nev20689168n1-nev18323632n4">
<colspec align="center" colname="col1" colwidth="15*" id="nev20689168n1-nev18323632n5"/>
<colspec colname="col2" colwidth="35*" id="nev20689168n1-nev18323632n6"/>
<colspec align="center" colname="col3" colwidth="15*" id="nev20689168n1-nev18323632n7"/>
<colspec colname="col4" colwidth="35*" id="nev20689168n1-nev18323632n8"/>
<tbody id="nev20689168n1-nev18323632n9">
<row id="nev20689168n1-nev18323632n10">
<entry id="nev20689168n1-nev18323633n1" morerows="0" rotate="0">
<ptxt id="nev20689168n1-nev18323633n2">
<emph etype="bold" id="nev20689168n1-nev18323633n3">Number</emph>
</ptxt>
</entry>
<entry id="nev20689168n1-nev18323633n4" morerows="0" rotate="0">
<ptxt id="nev20689168n1-nev18323633n5">
<emph etype="bold" id="nev20689168n1-nev18323633n6">Designation</emph>
</ptxt>
</entry>
<entry id="nev20689168n1-nev18323633n7" morerows="0" rotate="0">
<ptxt id="nev20689168n1-nev18323633n8">
<emph etype="bold" id="nev20689168n1-nev18323633n9">Number</emph>
</ptxt>
</entry>
<entry id="nev20689168n1-nev18323633n10" morerows="0" rotate="0">
<ptxt id="nev20689168n1-nev18323634n1">
<emph etype="bold" id="nev20689168n1-nev18323634n2">Designation</emph>
</ptxt>
</entry>
</row>
<row id="nev20689168n1-nev18323634n3">
<entry id="nev20689168n1-nev18323634n4" morerows="0" rotate="0">
<ptxt id="nev20689168n1-nev18323634n5">1</ptxt>
</entry>
<entry id="nev20689168n1-nev18323634n6" morerows="0" rotate="0">
<ptxt id="nev20689168n1-nev18323634n7">Vacuum hose con#@#@#2#ction</ptxt>
</entry>
<entry id="nev20689168n1-nev18323634n8" morerows="0" rotate="0">
<ptxt id="nev20689168n1-nev18323634n9">7</ptxt>
</entry>
<entry id="nev20689168n1-nev18323634n10" morerows="0" rotate="0">
<ptxt id="nev20689168n1-nev18323635n1">Valve piston</ptxt>
</entry>
</row>
<row id="nev20689168n1-nev18323635n2">
<entry id="nev20689168n1-nev18323635n3" morerows="0" rotate="0">
<ptxt id="nev20689168n1-nev18323635n4">2</ptxt>
</entry>
<entry id="nev20689168n1-nev18323635n5" morerows="0" rotate="0">
<ptxt id="nev20689168n1-nev18323635n6">Front push rod</ptxt>
</entry>
<entry id="nev20689168n1-nev18323635n7" morerows="0" rotate="0">
<ptxt id="nev20689168n1-nev18323635n8">8</ptxt>
</entry>
<entry id="nev20689168n1-nev18323635n9" morerows="0" rotate="0">
<ptxt id="nev20689168n1-nev18323635n10">Air cleaner (ACL)</ptxt>
</entry>
</row>
<row id="nev20689168n1-nev18323636n1">
<entry id="nev20689168n1-nev18323636n2" morerows="0" rotate="0">
<ptxt id="nev20689168n1-nev18323636n3">3</ptxt>
</entry>
<entry id="nev20689168n1-nev18323636n4" morerows="0" rotate="0">
<ptxt id="nev20689168n1-nev18323636n5">Membrane spring</ptxt>
</entry>
<entry id="nev20689168n1-nev18323636n6" morerows="0" rotate="0">
<ptxt id="nev20689168n1-nev18323636n7">9</ptxt>
</entry>
<entry id="nev20689168n1-nev18323636n8" morerows="0" rotate="0">
<ptxt id="nev20689168n1-nev18323636n9">Rear push rod</ptxt>
</entry>
</row>
<row id="nev20689168n1-nev18323636n10">
<entry id="nev20689168n1-nev18323637n1" morerows="0" rotate="0">
<ptxt id="nev20689168n1-nev18323637n2">4</ptxt>
</entry>
<entry id="nev20689168n1-nev18323637n3" morerows="0" rotate="0">
<ptxt id="nev20689168n1-nev18323637n4">Rubber membrane</ptxt>
</entry>
<entry id="nev20689168n1-nev18323637n5" morerows="0" rotate="0">
<ptxt id="nev20689168n1-nev18323637n6">10</ptxt>
</entry>
<entry id="nev20689168n1-nev18323637n7" morerows="0" rotate="0">
<ptxt id="nev20689168n1-nev18323637n8">Push rod spring</ptxt>
</entry>
</row>
<row id="nev20689168n1-nev18323637n9">
<entry id="nev20689168n1-nev18323637n10" morerows="0" rotate="0">
<ptxt id="nev20689168n1-nev18323638n1">5</ptxt>
</entry>
<entry id="nev20689168n1-nev18323638n2" morerows="0" rotate="0">
<ptxt id="nev20689168n1-nev18323638n3">Membrane support</ptxt>
</entry>
<entry id="nev20689168n1-nev18323638n4" morerows="0" rotate="0">
<ptxt id="nev20689168n1-nev18323638n5">11</ptxt>
</entry>
<entry id="nev20689168n1-nev18323638n6" morerows="0" rotate="0">
<ptxt id="nev20689168n1-nev18323638n7">Guide housing</ptxt>
</entry>
</row>
<row id="nev20689168n1-nev18323638n8">
<entry id="nev20689168n1-nev18323638n9" morerows="0" rotate="0">
<ptxt id="nev20689168n1-nev18323638n10">6</ptxt>
</entry>
<entry id="nev20689168n1-nev18323639n1" morerows="0" rotate="0">
<ptxt id="nev20689168n1-nev18323639n2">Reaction disc</ptxt>
</entry>
<entry id="nev20689168n1-nev18323639n3" morerows="0" rotate="0">
<ptxt id="nev20689168n1-nev18323639n4"/>
</entry>
<entry id="nev20689168n1-nev18323639n5" morerows="0" rotate="0">
<ptxt id="nev20689168n1-nev18323639n6"/>
</entry>
</row>
</tbody>
</tgroup>
</table>
<para id="nev20689168n1-nev18323639n7">
<ptxt id="nev20689168n1-nev18323639n8">The vehicle is #@#@#414#ster.</ptxt>
</para>
<grate id="nev20689168n1-nev18323639n9" pgwide="1">
<title id="nev20689168n1-nev18323639n10">Resting position</title>
<graphic id="nev20689168n1-nev18323640n1">
<href>0900c8af80a53c4#@#@#9#.jpeg</href>
</graphic>
</grate>
<list1 enumtype="n" id="nev20689168n1-nev18323640n2" type="ordered">
<item id="nev20689168n1-nev18323640n3">
<ptxt id="nev20689168n1-nev18323640n4">Max. negative p#@#@#2#ssure</ptxt>
</item>
<item id="nev20689168n1-nev18323640n5">
<ptxt id="nev20689168n1-nev18323640n6">Atmospheric pressure</ptxt>
</item>
</list1>
<para id="nev20689168n1-nev18323640n7">
<ptxt id="nev20689168n1-nev18323640n8">In the resting #@#@#539#ring.</ptxt>
<ptxt id="nev20689168n1-nev18323640n9">When the brake #@#@#417#nder.</ptxt>
</para>
<grate id="nev20689168n1-nev18323640n10" pgwide="1">
<title id="nev20689168n1-nev18323641n1">Partial and ful#@#@#4#aking</title>
<graphic id="nev20689168n1-nev18323641n2">
<href>0900c8af80a53c5#@#@#9#.jpeg</href>
</graphic>
</grate>
<list1 enumtype="n" id="nev20689168n1-nev18323641n3" type="ordered">
<item id="nev20689168n1-nev18323641n4">
<ptxt id="nev20689168n1-nev18323641n5">Max. negative p#@#@#2#ssure</ptxt>
</item>
<item id="nev20689168n1-nev18323641n6">
<ptxt id="nev20689168n1-nev18323641n7">Atmospheric pressure</ptxt>
</item>
<item id="nev20689168n1-nev18323641n8">
<ptxt id="nev20689168n1-nev18323641n9">Negative pressure</ptxt>
</item>
</list1>
<para id="nev20689168n1-nev18323641n10">
<ptxt id="nev20689168n1-nev18323642n1">When the driver#@#@#530#ated.</ptxt>
<ptxt id="nev20689168n1-nev18323642n2">The membrane is#@#@#402#aked.</ptxt>
</para>
<para id="nev20689168n1-nev18323642n3">
<ptxt id="nev20689168n1-nev18323642n4">During normal b#@#@#121#curs:</ptxt>
<ptxt id="nev20689168n1-nev18323642n5">The valve pisto#@#@#327#nder.</ptxt>
</para>
<para id="nev20689168n1-nev18323642n6">
<ptxt id="nev20689168n1-nev18323642n7">If the force on#@#@#270#eved.</ptxt>
</para>
<para id="nev20689168n1-nev18323642n8">
<ptxt id="nev20689168n1-nev18323642n9">During full bra#@#@#326#imum.</ptxt>
</para>
<para id="nev20689168n1-nev18323642n10">
<ptxt id="nev20689168n1-nev18323643n1">If the pedal fo#@#@#541#ased.</ptxt>
</para>
<para id="nev20689168n1-nev18323643n2">
<ptxt id="nev20689168n1-nev18323643n3">In the event of#@#@#207#ired.</ptxt>
</para>
</topic>
<topic id="nev20689168n1-nev18323643n4">
<title id="nev20689168n1-nev18323643n5">Master cylinder</title>
<grate id="nev20689168n1-nev18323643n6" pgwide="1">
<graphic id="nev20689168n1-nev18323643n7">
<href>0900c8af80a53c4#@#@#9#.jpeg</href>
</graphic>
</grate>
<table id="nev20689168n1-nev18323643n8" pgwide="1">
<tgroup cols="4" id="nev20689168n1-nev18323643n9">
<colspec align="center" colname="col1" colwidth="15*" id="nev20689168n1-nev18323643n10"/>
<colspec colname="col2" colwidth="35*" id="nev20689168n1-nev18323644n1"/>
<colspec align="center" colname="col3" colwidth="15*" id="nev20689168n1-nev18323644n2"/>
<colspec colname="col4" colwidth="35*" id="nev20689168n1-nev18323644n3"/>
<tbody id="nev20689168n1-nev18323644n4">
<row id="nev20689168n1-nev18323644n5">
<entry id="nev20689168n1-nev18323644n6" morerows="0" rotate="0">
<ptxt id="nev20689168n1-nev18323644n7">
<emph etype="bold" id="nev20689168n1-nev18323644n8">Number</emph>
</ptxt>
</entry>
<entry id="nev20689168n1-nev18323644n9" morerows="0" rotate="0">
<ptxt id="nev20689168n1-nev18323644n10">
<emph etype="bold" id="nev20689168n1-nev18323645n1">Designation</emph>
</ptxt>
</entry>
<entry id="nev20689168n1-nev18323645n2" morerows="0" rotate="0">
<ptxt id="nev20689168n1-nev18323645n3">
<emph etype="bold" id="nev20689168n1-nev18323645n4">Number</emph>
</ptxt>
</entry>
<entry id="nev20689168n1-nev18323645n5" morerows="0" rotate="0">
<ptxt id="nev20689168n1-nev18323645n6">
<emph etype="bold" id="nev20689168n1-nev18323645n7">Designation</emph>
</ptxt>
</entry>
</row>
<row id="nev20689168n1-nev18323645n8">
<entry id="nev20689168n1-nev18323645n9" morerows="0" rotate="0">
<ptxt id="nev20689168n1-nev18323645n10">1</ptxt>
</entry>
<entry id="nev20689168n1-nev18323646n1" morerows="0" rotate="0">
<ptxt id="nev20689168n1-nev18323646n2">Push rod (part #@#@#51#ster)</ptxt>
</entry>
<entry id="nev20689168n1-nev18323646n3" morerows="0" rotate="0">
<ptxt id="nev20689168n1-nev18323646n4">4</ptxt>
</entry>
<entry id="nev20689168n1-nev18323646n5" morerows="0" rotate="0">
<ptxt id="nev20689168n1-nev18323646n6">Secondary circu#@#@#4#iston</ptxt>
</entry>
</row>
<row id="nev20689168n1-nev18323646n7">
<entry id="nev20689168n1-nev18323646n8" morerows="0" rotate="0">
<ptxt id="nev20689168n1-nev18323646n9">2</ptxt>
</entry>
<entry id="nev20689168n1-nev18323646n10" morerows="0" rotate="0">
<ptxt id="nev20689168n1-nev18323647n1">Primary circuit#@#@#3#amber</ptxt>
</entry>
<entry id="nev20689168n1-nev18323647n2" morerows="0" rotate="0">
<ptxt id="nev20689168n1-nev18323647n3">5</ptxt>
</entry>
<entry id="nev20689168n1-nev18323647n4" morerows="0" rotate="0">
<ptxt id="nev20689168n1-nev18323647n5">Secondary circu#@#@#5#amber</ptxt>
</entry>
</row>
<row id="nev20689168n1-nev18323647n6">
<entry id="nev20689168n1-nev18323647n7" morerows="0" rotate="0">
<ptxt id="nev20689168n1-nev18323647n8">3</ptxt>
</entry>
<entry id="nev20689168n1-nev18323647n9" morerows="0" rotate="0">
<ptxt id="nev20689168n1-nev18323647n10">Valve</ptxt>
</entry>
<entry id="nev20689168n1-nev18323648n1" morerows="0" rotate="0">
<ptxt id="nev20689168n1-nev18323648n2"/>
</entry>
<entry id="nev20689168n1-nev18323648n3" morerows="0" rotate="0">
<ptxt id="nev20689168n1-nev18323648n4"/>
</entry>
</row>
</tbody>
</tgroup>
</table>
<para id="nev20689168n1-nev18323648n5">
<ptxt id="nev20689168n1-nev18323648n6">The master cyli#@#@#48#stem.</ptxt>
<ptxt id="nev20689168n1-nev18323648n7">One front wheel#@#@#136#stem.</ptxt>
</para>
<para id="nev20689168n1-nev18323648n8">
<ptxt id="nev20689168n1-nev18323648n9">The master cyli#@#@#215#ipes.</ptxt>
<ptxt id="nev20689168n1-nev18323648n10">There is a valv#@#@#231#akes.</ptxt>
</para>
<para id="nev20689168n1-nev18323649n1">
<ptxt id="nev20689168n1-nev18323649n2">The master cyli#@#@#430#aked.</ptxt>
</para>
<para id="nev20689168n1-nev18323649n3">
<ptxt id="nev20689168n1-nev18323649n4">Springs in the #@#@#210#voir.</ptxt>
</para>
<para id="nev20689168n1-nev18323649n5">
<ptxt id="nev20689168n1-nev18323649n6">The brake fluid#@#@#155#akes.</ptxt>
</para>
<grate id="nev20689168n1-nev18323649n7" pgwide="1">
<title id="nev20689168n1-nev18323649n8">Normal braking</title>
<graphic id="nev20689168n1-nev18323649n9">
<href>0900c8af80a53c3#@#@#9#.jpeg</href>
</graphic>
</grate>
<para id="nev20689168n1-nev18323649n10">
<ptxt id="nev20689168n1-nev18323650n1">The brake pedal#@#@#115#cuit.</ptxt>
<ptxt id="nev20689168n1-nev18323650n2">This pressure a#@#@#83#cuit.</ptxt>
</para>
<grate id="nev20689168n1-nev18323650n3" pgwide="1">
<title id="nev20689168n1-nev18323650n4">Leakage in the #@#@#10#rcuit</title>
<graphic id="nev20689168n1-nev18323650n5">
<href>0900c8af80a53c4#@#@#9#.jpeg</href>
</graphic>
</grate>
<para id="nev20689168n1-nev18323650n6">
<ptxt id="nev20689168n1-nev18323650n7">The brake pedal#@#@#277#cuit.</ptxt>
<ptxt id="nev20689168n1-nev18323650n8">The brake pedal#@#@#40#king.</ptxt>
</para>
<grate id="nev20689168n1-nev18323650n9" pgwide="1">
<title id="nev20689168n1-nev18323650n10">Leakage in the #@#@#12#rcuit</title>
<graphic id="nev20689168n1-nev18323651n1">
<href>0900c8af80a53c3#@#@#9#.jpeg</href>
</graphic>
</grate>
<para id="nev20689168n1-nev18323651n2">
<ptxt id="nev20689168n1-nev18323651n3">The brake pedal#@#@#311#cuit.</ptxt>
<ptxt id="nev20689168n1-nev18323651n4">The brake pedal#@#@#40#king.</ptxt>
</para>
</topic>
<topic id="nev20689168n1-nev18323651n5">
<title id="nev20689168n1-nev18323651n6">Parking brake</title>
<grate id="nev20689168n1-nev18323651n7" pgwide="1">
<graphic id="nev20689168n1-nev18323651n8">
<href>0900c8af82cb202#@#@#10#.jpeg</href>
</graphic>
</grate>
<para id="nev20689168n1-nev18323651n9">
<ptxt id="nev20689168n1-nev18323651n10">The parking bra#@#@#184#rake.</ptxt>
</para>
<para id="nev20689168n1-nev18323652n1">
<ptxt id="nev20689168n1-nev18323652n2">The symbol for #@#@#383#ssed.</ptxt>
</para>
</topic>
<topic id="nev20689168n1-nev18323652n8">
<title id="nev20689168n1-nev18323652n9">Brake caliper f#@#@#2#ction</title>
<grate id="nev20689168n1-nev18323652n10" pgwide="1">
<graphic id="nev20689168n1-nev18323653n1">
<href>0900c8af83023aa#@#@#10#.jpeg</href>
</graphic>
</grate>
<para id="nev20689168n1-nev18323653n2">
<title id="nev20689168n1-nev18325454n199">Parking brake a#@#@#3#vated</title>
<ptxt id="nev20689168n1-nev18323653n3">When the parkin#@#@#343#sure.</ptxt>
<ptxt id="nev20689168n1-nev18323653n4">The shoes are h#@#@#92#late.</ptxt>
</para>
<grate id="nev20689168n1-nev18325454n195" pgwide="1">
<graphic id="nev20689168n1-nev18325454n194">
<href>0900c8af83023ab#@#@#10#.jpeg</href>
</graphic>
</grate>
<para id="nev20689168n1-nev18325454n198">
<title id="nev20689168n1-nev18325454n196">  Parking brake#@#@#5#ased </title>
<ptxt id="nev20689168n1-nev18325454n197">When the parkin#@#@#112#tion.</ptxt>
</para>
<grate id="nev20689168n1-nev18325454n186" pgwide="1">
<graphic id="nev20689168n1-nev18325454n185">
<href>0900c8af83023ab#@#@#10#.jpeg</href>
</graphic>
</grate>
<para id="nev20689168n1-nev18325454n190">
<title id="nev20689168n1-nev18325454n181">The spindle fol#@#@#26# pads</title>
<ptxt id="nev20689168n1-nev18325454n189">The spindle on #@#@#159#time.</ptxt>
</para>
</topic>
<topic id="nev20689168n1-nev18323653n5">
<title id="nev20689168n1-nev18323653n6">Parking brake, #@#@#18#(PBM)</title>
<para id="nev20689168n1-nev18323653n7">
<ptxt id="nev20689168n1-nev18323653n8">For information#@#@#46#PBM).</ptxt>
</para>
</topic>
</servinfosub>