<?xml version="1.0" encoding="UTF-8"?><servinfosub IE-ID="en-US0900c8af837a2908" docno="VCC-157446" id="KC06252798" xml:lang="en-US">
<title>
<phrase category="" id="KC07195323" phrase-urn="urn:x-nevis:phrase:0800c8af81a94d5c">Diagnostic trou#@#@#30#-00E5</phrase>
</title>
<diagnostic j2008use="1" paperuse="1" screenuse="1" type="condition">
<condgrp>
<condition type="condition">
<grate id="nev12099315n100">
<graphic id="l1144330129195">
<href>0900c8af8005cb8#@#@#9#.jpeg</href>
</graphic>
</grate>
<para>
<ptxt>
<phrase category="" id="KC07195324" phrase-urn="urn:x-nevis:phrase:0800c8af81a94d5d">The supplementa#@#@#103#work.</phrase>
</ptxt>
<ptxt id="nev12099315n81">
<phrase category="Condition" id="nev12099356n1" phrase-urn="urn:x-nevis:phrase:0800c8af834ddf26">The diagnostic #@#@#48#ects:</phrase>
</ptxt>
</para>
<list1 id="nev12099315n89">
<item id="nev12099315n88">
<ptxt id="nev12099315n87">
<phrase category="Condition" id="nev12099355n1" phrase-urn="urn:x-nevis:phrase:0800c8af837a2ecd">Malfunction mes#@#@#20#ight.</phrase>
</ptxt>
</item>
</list1>
<para id="nev12099315n86">
<ptxt id="nev12099315n85">
<phrase category="Condition" id="nev12099346n1" phrase-urn="urn:x-nevis:phrase:0800c8af81eaae4d">The diagnostic #@#@#66# III.</phrase>
</ptxt>
</para>
</condition>
</condgrp>
<condgrp>
<condition type="substitution">
<list1 enumtype="d">
<item>
<ptxt>
<phrase category="" id="KC07195327" phrase-urn="urn:x-nevis:phrase:0800c8af81a94d60">None.</phrase>
</ptxt>
</item>
</list1>
</condition>
<ps>
<list1 enumtype="d" type="unordered">
<item>
<ptxt>
<phrase category="" id="KC07195328" phrase-urn="urn:x-nevis:phrase:0800c8af81a94d61">Damaged LED in #@#@#16#rror.</phrase>
</ptxt>
</item>
<item id="nev12099315n98">
<ptxt id="nev12099315n97">
<phrase category="Possible source" id="nev12099327n1" phrase-urn="urn:x-nevis:phrase:0800c8af81eab85d">Open-circuit in#@#@#13#pply.</phrase>
</ptxt>
</item>
<item id="nev12099315n93">
<ptxt id="nev12099315n92">
<phrase category="Possible source" id="nev12099337n1" phrase-urn="urn:x-nevis:phrase:0800c8af81eabb68">Damaged supplem#@#@#31#SRS).</phrase>
</ptxt>
</item>
</list1>
</ps>
</condgrp>
<condgrp>
<condition type="symptom">
<list1 enumtype="d" type="unordered">
<item>
<ptxt>
<phrase category="" id="KC07195329" phrase-urn="urn:x-nevis:phrase:0800c8af81a94d62">The PAD (passen#@#@#39#light</phrase>
</ptxt>
</item>
<item>
<ptxt>
<phrase category="" id="KC07195330" phrase-urn="urn:x-nevis:phrase:0800c8af81a94d63">The SRS indicat#@#@#10# lit.</phrase>
</ptxt>
</item>
</list1>
</condition>
</condgrp>
</diagnostic>
</servinfosub>