<?xml version="1.0" encoding="UTF-8"?><servinfosub IE-ID="en-US0900c8af844d7908" docno="VCC-371077" id="nev13717913n1" original="sv-SE" servinfosubId="nev13717914n1-nev13717916n1" servinfosubRes="0900c8af844d791e" servinfosubRes2="urn:x-nevis:fragment:0900c8af844d7908:0900c8af844d791e#nev13717916n1" xml:lang="en-US">
<title id="nev13728873n51">Window, front door.</title>
<procedure id="nev13717914n1-nev13717915n56">
<note id="nev13717914n1-nev13717915n57">
<ptxt id="nev13717914n1-nev13717915n58">The illustratio#@#@#176#rect.</ptxt>
</note>
<stepgrp id="nev13717914n1-nev13717915n45">
<title id="nev13717914n1-nev13717915n59">Preparatory work</title>
<procstep id="nev13717914n1-nev13717915n46">
<title id="nev13717914n1-nev13717915n60">Adjusting the w#@#@#9#ition</title>
<grate id="nev13717914n1-nev13717915n61">
<graphic id="nev13717914n1-nev13717915n47">
<href>0900c8af80445a0#@#@#9#.jpeg</href>
</graphic>
<graphtext id="nev13717914n1-nev13717915n62">
<para id="nev13717914n1-nev13717915n63">
<ptxt id="nev13717914n1-nev13717915n64">Lower the windo#@#@#9# way.</ptxt>
</para>
</graphtext>
</grate>
</procstep>
</stepgrp>
<stepgrp id="nev13717914n1-nev13717915n48">
<title id="nev13717914n1-nev13717915n65">Removal</title>
<procstep id="nev13717914n1-nev13717915n49">
<title id="nev13717914n1-nev13717915n66">Removing the fr#@#@#10#indow</title>
<grate id="nev13717914n1-nev13717915n67">
<graphic id="nev13717914n1-nev13717915n50">
<href>0900c8af80445a0#@#@#9#.jpeg</href>
</graphic>
<graphtext id="nev13717914n1-nev13717915n68">
<para id="nev13717914n1-nev13717915n69">
<ptxt id="nev13717914n1-nev13717915n70">Remove door pan#@#@#4#See: <xref id="nev13717914n1-nev13717915n71">
<ref id="nev13717914n1-nev13717915n51"/>
</xref>.</ptxt>
</para>
<para id="nev13717914n1-nev13717915n72">
<ptxt id="nev13717914n1-nev13717915n73">Open the 2 cove#@#@#77#nism.</ptxt>
</para>
<note id="nev13717914n1-nev13717915n74">
<ptxt id="nev13717914n1-nev13717915n75">Slacken off the#@#@#19#only.</ptxt>
</note>
<para id="nev13717914n1-nev13717915n76">
<ptxt id="nev13717914n1-nev13717915n77">Pull the window#@#@#26#ndow.</ptxt>
</para>
<hint id="nev13717914n1-nev13717915n78">
<ptxt id="nev13717914n1-nev13717915n79">To facilitate r#@#@#64#e it.</ptxt>
</hint>
</graphtext>
</grate>
</procstep>
<procstep id="nev13717914n1-nev13717915n80">
<title id="nev13717914n1-nev13717915n81">Chassis number range</title>
<note id="nev13717914n1-nev13717915n82">
<ptxt id="nev13717914n1-nev13717915n83">For S40 (04-) w#@#@#122#See: <xref id="nev13717914n1-nev13717915n84">
<ref id="nev13717914n1-nev13717915n85"/>
</xref>.</ptxt>
</note>
</procstep>
</stepgrp>
<stepgrp id="nev13717914n1-nev13717915n52">
<title id="nev13717914n1-nev13717915n86">Installation</title>
<procstep id="nev13717914n1-nev13717915n53">
<title id="nev13717914n1-nev13717915n87">Installing the #@#@#12#indow</title>
<para id="nev13717914n1-nev13717915n88">
<ptxt id="nev13717914n1-nev13717915n89">Install the win#@#@#21#nism.</ptxt>
</para>
<note id="nev13717914n1-nev13717915n90">
<ptxt id="nev13717914n1-nev13717915n91">Make sure the w#@#@#47#nels.</ptxt>
</note>
<list1 enumtype="d" id="nev13717914n1-nev13717915n92" type="unordered">
<title id="nev13717914n1-nev13717915n93">Install:</title>
<item id="nev13717914n1-nev13717915n94">
<ptxt id="nev13717914n1-nev13717915n95">the 2 M6 screws#@#@#11#See: <xref id="nev13717914n1-nev13717915n96">
<ref id="nev13717914n1-nev13717915n54"/>
</xref>
</ptxt>
</item>
<item id="nev13717914n1-nev13717915n97">
<ptxt id="nev13717914n1-nev13717915n98">the 2 covers</ptxt>
</item>
<item id="nev13717914n1-nev13717915n99">
<ptxt id="nev13717914n1-nev13717915n100">the door panel #@#@#11#d in <xref id="nev13717914n1-nev13717918n1">
<ref id="nev13717914n1-nev13717915n55"/>
</xref>.</ptxt>
</item>
</list1>
<para id="nev13717914n1-nev13717918n2">
<ptxt id="nev13717914n1-nev13717918n3">Initialize the #@#@#49#tion.</ptxt>
</para>
</procstep>
</stepgrp>
</procedure>
</servinfosub>