<?xml version="1.0" encoding="UTF-8"?><servinfosub IE-ID="en-US0900c8af84eedf01" docno="VCC-370610" id="nev13714285n1" original="sv-SE" servinfosubId="nev13714286n1-nev15136890n1" servinfosubRes="0900c8af84eedf10" servinfosubRes2="urn:x-nevis:fragment:0900c8af84eedf01:0900c8af84eedf10#nev15136890n1" xml:lang="en-US">
<operationnumbers>
<operationnumber>39580-2</operationnumber>
</operationnumbers>
<title id="nev13714282n75">Antenna amplifi#@#@#4#radio</title>
<procedure id="nev13714286n1-nev15262655n86">
<stepgrp boilerplate="false" context="" id="nev13714286n1-nev15528197n41">
<title id="nev13714286n1-nev15268610n2">Removal</title>
<procstep id="nev13714286n1-nev15528196n100">
<note id="nev13714286n1-nev15528197n39">
<ptxt>Removal steps i#@#@#45#ails.</ptxt>
</note>
</procstep>
<procstep id="nev13714286n1-nev15262644n16">
<grate id="nev13714286n1-nev15262655n82">
<graphic id="nev13714286n1-nev15262655n83">
<href>0900c8af8443f96#@#@#9#.jpeg</href>
</graphic>
</grate>
</procstep>
<procstep id="nev13714286n1-nev15262620n1">
<para id="nev13714286n1-nev15528197n36">
<ptxt id="nev13714286n1-nev15528197n37">Remove the C-pi#@#@#10#panel<xref boilerplate="true" id="nev13714286n1-nev15268678n99">
<ref id="nev13714286n1-nev15262655n79"/>
</xref>
</ptxt>
</para>
</procstep>
<procstep id="nev13714286n1-nev15262644n82">
<grate id="nev13714286n1-nev15262655n75">
<graphic id="nev13714286n1-nev15262655n76">
<href>0900c8af84cd0c9#@#@#9#.jpeg</href>
</graphic>
<graphtext id="nev13714286n1-nev15528208n1">
<para id="nev13714286n1-nev15528197n33">
<ptxt id="nev13714286n1-nev15528197n34">
<torque id="nev13714286n1-nev15262655n74">
<ref id="nev13714286n1-nev15262655n72"/>
</torque>
</ptxt>
</para>
</graphtext>
</grate>
</procstep>
<procstep id="nev13714286n1-nev15263133n21">
<grate id="nev13714286n1-nev15263212n87">
<graphic id="nev13714286n1-nev15263212n88">
<href>0900c8af84cd0e1#@#@#9#.jpeg</href>
</graphic>
<graphtext id="nev13714286n1-nev15528215n1">
<para id="nev13714286n1-nev15528197n31">
<ptxt id="nev13714286n1-nev15528197n32">
<torque id="nev13714286n1-nev15263212n86">
<ref id="nev13714286n1-nev15263212n84"/>
</torque>
</ptxt>
</para>
</graphtext>
</grate>
</procstep>
</stepgrp>
<stepgrp boilerplate="false" context="" id="nev13714286n1-nev15528167n9">
<title id="nev13714286n1-nev15528197n30">Installation</title>
<procstep id="nev13714286n1-nev15528194n84">
<para id="nev13714286n1-nev15528197n26">
<ptxt id="nev13714286n1-nev15528197n27">To install, rev#@#@#22#dure.</ptxt>
</para>
</procstep>
</stepgrp>
</procedure>
</servinfosub>