<?xml version="1.0" encoding="UTF-8"?><script xmlns:nevis="http://www.volvocars.com/namespaces/processing" xmlns:xlink="http://www.w3.org/1999/xlink" IE-ID="en-US0900c8af836c9f01" docno="VCC-295966" id="nev11951447n1" nevis:expl-profile="mdl124yr2007eng193, mdl124yr2008eng193, mdl136yr2008eng193, mdl135yr2008eng193, mdl124yr2009eng193, mdl135yr2009eng193, mdl136yr2009eng193, mdl136yr2010eng193, mdl156yr2010eng193, mdl135yr2010eng193, mdl124yr2010eng193, mdl124yr2011eng217, mdl135yr2011eng217, mdl136yr2011eng217, mdl156yr2011eng217, mdl124yr2012eng217, mdl135yr2012eng217, mdl136yr2012eng217, mdl156yr2012eng217, mdl124yr2013eng217, mdl135yr2013eng217, mdl136yr2013eng217, mdl156yr2013eng217, mdl124yr2014eng217, mdl135yr2014eng217, mdl136yr2014eng217, mdl156yr2014eng217, mdl136yr2015eng217" nevis:profile="urn:x-nevis:profile:0b00c8af82949433 urn:x-nevis:profile:0b00c8af838b9dd2 urn:x-nevis:profile:0b00c8af839e8e11 urn:x-nevis:profile:0b00c8af839e8eca urn:x-nevis:profile:0b00c8af83f1dd12 urn:x-nevis:profile:0b00c8af83f23811 urn:x-nevis:profile:0b00c8af83f2402d urn:x-nevis:profile:0b00c8af84103a2e urn:x-nevis:profile:0b00c8af8410426b urn:x-nevis:profile:0b00c8af8410433e urn:x-nevis:profile:0b00c8af84116a3d urn:x-nevis:profile:0b00c8af84adc9dc urn:x-nevis:profile:0b00c8af84adcfba urn:x-nevis:profile:0b00c8af84add364 urn:x-nevis:profile:0b00c8af84ae12d9 urn:x-nevis:profile:0b00c8af84ebe9cf urn:x-nevis:profile:0b00c8af84ebed40 urn:x-nevis:profile:0b00c8af84ebef3e urn:x-nevis:profile:0b00c8af84ebf45a urn:x-nevis:profile:0b00c8af852279fc urn:x-nevis:profile:0b00c8af85227dac urn:x-nevis:profile:0b00c8af85228d86 urn:x-nevis:profile:0b00c8af8522927a urn:x-nevis:profile:0b00c8af85632947 urn:x-nevis:profile:0b00c8af85632eca urn:x-nevis:profile:0b00c8af856332a2 urn:x-nevis:profile:0b00c8af8569a15d urn:x-nevis:profile:0b00c8af8621ada9" nevis:projectdocument="urn:x-nevis:projectdocument:0800c8af836c9f00" nevis:resource="0900c8af836ca17a" nevis:resource2="urn:x-nevis:fragment:0900c8af836c9f01:0900c8af836ca17a#nev11951447n1" nevis:session-id="" qualifierinfotype="14:00" type="" xml:lang="en-US"><title>Read actual and#@#@#15# mass</title><content gui="1" height="445" id="nev11951449n1-nev11951447n3" nevis:expl-profile="mdl124yr2007eng193, mdl124yr2008eng193, mdl136yr2008eng193, mdl135yr2008eng193, mdl124yr2009eng193, mdl135yr2009eng193, mdl136yr2009eng193, mdl136yr2010eng193, mdl156yr2010eng193, mdl135yr2010eng193, mdl124yr2010eng193, mdl124yr2011eng217, mdl135yr2011eng217, mdl136yr2011eng217, mdl156yr2011eng217, mdl124yr2012eng217, mdl135yr2012eng217, mdl136yr2012eng217, mdl156yr2012eng217, mdl124yr2013eng217, mdl135yr2013eng217, mdl136yr2013eng217, mdl156yr2013eng217, mdl124yr2014eng217, mdl135yr2014eng217, mdl136yr2014eng217, mdl156yr2014eng217, mdl136yr2015eng217" nevis:idfrom="nev11951449n1" nevis:prefix="nev11951449n1" nevis:profile="urn:x-nevis:profile:0b00c8af82949433 urn:x-nevis:profile:0b00c8af838b9dd2 urn:x-nevis:profile:0b00c8af839e8e11 urn:x-nevis:profile:0b00c8af839e8eca urn:x-nevis:profile:0b00c8af83f1dd12 urn:x-nevis:profile:0b00c8af83f23811 urn:x-nevis:profile:0b00c8af83f2402d urn:x-nevis:profile:0b00c8af84103a2e urn:x-nevis:profile:0b00c8af8410426b urn:x-nevis:profile:0b00c8af8410433e urn:x-nevis:profile:0b00c8af84116a3d urn:x-nevis:profile:0b00c8af84adc9dc urn:x-nevis:profile:0b00c8af84adcfba urn:x-nevis:profile:0b00c8af84add364 urn:x-nevis:profile:0b00c8af84ae12d9 urn:x-nevis:profile:0b00c8af84ebe9cf urn:x-nevis:profile:0b00c8af84ebed40 urn:x-nevis:profile:0b00c8af84ebef3e urn:x-nevis:profile:0b00c8af84ebf45a urn:x-nevis:profile:0b00c8af852279fc urn:x-nevis:profile:0b00c8af85227dac urn:x-nevis:profile:0b00c8af85228d86 urn:x-nevis:profile:0b00c8af8522927a urn:x-nevis:profile:0b00c8af85632947 urn:x-nevis:profile:0b00c8af85632eca urn:x-nevis:profile:0b00c8af856332a2 urn:x-nevis:profile:0b00c8af8569a15d urn:x-nevis:profile:0b00c8af8621ada9" nevis:resource="0900c8af836ca17c" nevis:resource2="urn:x-nevis:fragment:0900c8af836c9f01:0900c8af836ca17c#nev11951447n3" width="740" xml:lang="en-US"><nodes id="nev11951449n1-nev11953077n1"><node class="Components.StartNode" id="nev11951449n1-nev11953078n1" nodeid="Start" x="21" y="148"/><node class="Components.ScriptButton" id="nev11951449n1-nev11953079n1" nodeid="ScriptButton1" x="31" y="567"><gui height="25" id="nev11951449n1-nev11953080n1" width="85" x="645" y="410"/><property class="String" id="nev11951449n1-nev11953081n1" name="Text" type="In" value="" visible="0"/><property class="String" id="nev11951449n1-nev11953082n1" name="StartDisabled" type="Internal" value="false" visible="1"/><property class="String" id="nev11951449n1-nev11953083n1" name="StartVisible" type="Internal" value="true" visible="1"/><extension id="nev11951449n1-nev11953084n1"><phrase category="Faulttracing" id="nev11951449n1-nev11951619n1" phrase-urn="urn:x-nevis:phrase:0800c8af81b6b138">Hide</phrase></extension></node><node class="Components.ScriptComponent" id="nev11951449n1-nev11953085n1" nodeid="ScriptComponent1" x="191" y="590"/><node class="Components.IdentifierComponent" id="nev11951449n1-nev11953086n1" nodeid="IdentifierComponent1" x="317" y="300"><property class="Parameter" id="nev11951449n1-nev11953087n1" name="Luftmassa, beräknad" type="Out" value="" visible="1"/><extension id="nev11951449n1-nev11953088n1"><identifier ecu="284101" ecuMode="EcuType" id="nev11951449n1-nev11953089n1" read="100" type="REID" value="D919"><parameter id="nev11951449n1-nev11953090n1" name="Luftmassa, beräknad" textid="86916"/></identifier></extension></node><node class="Components.ScriptPlotter" id="nev11951449n1-nev11953091n1" nodeid="ScriptPlotter1" x="274" y="12"><gui height="350" id="nev11951449n1-nev11953092n1" width="736" x="2" y="5"/><property class="String" id="nev11951449n1-nev11953093n1" name="AutoStart" type="Internal" value="True" visible="0"/><property class="String" id="nev11951449n1-nev11953094n1" name="Locked" type="Internal" value="True" visible="0"/><property class="String" id="nev11951449n1-nev11953095n1" name="AutoScale" type="Internal" value="True" visible="0"/><extension id="nev11951449n1-nev11953096n1"/></node><node class="Components.Repeater" id="nev11951449n1-nev11953097n1" nodeid="Repeater1" x="88" y="257"><property class="Int" id="nev11951449n1-nev11953098n1" name="Wait" type="Internal" value="500" visible="1"/><property class="Int" id="nev11951449n1-nev11953099n1" name="NoOfRepeats" type="Internal" value="0" visible="1"/></node><node class="Components.Gui.ParameterLabel" id="nev11951449n1-nev11953100n1" nodeid="ParameterLabel1" x="900" y="375"><gui height="70" id="nev11951449n1-nev11953101n1" width="345" x="200" y="365"/><property class="Parameter" id="nev11951449n1-nev11953102n1" name="Parameter" type="In" value="" visible="1"/><property class="String" id="nev11951449n1-nev11953103n1" name="Title" type="In" value="" visible="1"/><property class="String" id="nev11951449n1-nev11953104n1" name="Value" type="In" value="" visible="1"/><property class="String" id="nev11951449n1-nev11953105n1" name="Unit" type="In" value="" visible="1"/><property class="String" id="nev11951449n1-nev11953106n1" name="StartVisible" type="Internal" value="true" visible="0"/></node><node class="Components.IdentifierComponent" id="nev11951449n1-nev11953107n1" nodeid="IdentifierComponent3" x="312" y="142"><property class="Parameter" id="nev11951449n1-nev11953108n1" name="Luftmassa" type="Out" value="" visible="1"/><extension id="nev11951449n1-nev11953109n1"><identifier ecu="284101" ecuMode="EcuType" id="nev11951449n1-nev11953110n1" read="100" type="REID" value="D994"><parameter id="nev11951449n1-nev11953111n1" name="Luftmassa" textid="4898"/></identifier></extension></node><node class="Components.Formula" id="nev11951449n1-nev11953112n1" nodeid="Formula1" x="600" y="195"><property class="String" id="nev11951449n1-nev11953113n1" name="X" type="In" value="" visible="1"/><property class="String" id="nev11951449n1-nev11953114n1" name="Formula" type="In" value="X" visible="0"/><property class="String" id="nev11951449n1-nev11953115n1" name="Result" type="Out" value="" visible="1"/></node><node class="Components.StringFormat" id="nev11951449n1-nev11953116n1" nodeid="StringFormat1" x="479" y="175"><property class="String" id="nev11951449n1-nev11953117n1" name="String" type="Out" value="" visible="1"/><property class="String" id="nev11951449n1-nev11953118n1" name="Format" type="Internal" value="({1}-{0})/{1}*100" visible="1"/><property class="Double" id="nev11951449n1-nev11953119n1" name="0" type="In" value="0" visible="1"/><property class="Double" id="nev11951449n1-nev11953120n1" name="1" type="In" value="0" visible="1"/></node><node class="Components.Constant" id="nev11951449n1-nev11953121n1" nodeid="Constant1" x="587" y="52"><property class="String" id="nev11951449n1-nev11953122n1" name="Text" type="Out" value="Differens" visible="1"/><extension id="nev11951449n1-nev11953123n1"><text id="nev11951449n1-nev11339412n6" textId="60430" type="carcom"/></extension></node><node class="Components.StringFormat" id="nev11951449n1-nev11953124n1" nodeid="StringFormat2" x="629" y="382"><property class="String" id="nev11951449n1-nev11953125n1" name="String" type="Out" value="" visible="1"/><property class="String" id="nev11951449n1-nev11953126n1" name="Format" type="Internal" value="{0:0.00}" visible="1"/><property class="Double" id="nev11951449n1-nev11953127n1" name="0" type="In" value="0" visible="1"/></node><node class="Components.PlotterValueComponent" id="nev11951449n1-nev11953128n1" nodeid="PlotterValueComponent1" x="823" y="124"><property class="String" id="nev11951449n1-nev11953129n1" name="Name" type="In" value="" visible="1"/><property class="String" id="nev11951449n1-nev11953130n1" name="Unit" type="In" value="" visible="1"/><property class="Double" id="nev11951449n1-nev11953131n1" name="InValue" type="In" value="0" visible="1"/><property class="PlotterValue" id="nev11951449n1-nev11953132n1" name="Value" type="Out" value="Vcc.Vida.DiagSwdl.BizServices.Scripting.Components.PlotterValueComponent" visible="1"/></node><node class="Components.Constant" id="nev11951449n1-nev11953133n1" nodeid="Constant2" x="736" y="296"><property class="String" id="nev11951449n1-nev11953134n1" name="Text" type="Out" value="%" visible="1"/><extension id="nev11951449n1-nev11953135n1"><text id="nev11951449n1-nev11339413n9" type="raw">%</text></extension></node></nodes><handlers id="nev11951449n1-nev11953136n1"><eventhandler id="nev11951449n1-nev11953137n1" name="Click" node="ScriptButton1"><call id="nev11951449n1-nev11953138n1" method="CloseDialog" node="ScriptComponent1"/></eventhandler><eventhandler id="nev11951449n1-nev11953139n1" name="OnRepeat" node="Repeater1"><call id="nev11951449n1-nev11953140n1" method="Read" node="IdentifierComponent3"/><call id="nev11951449n1-nev11953141n1" method="Read" node="IdentifierComponent1"/></eventhandler><eventhandler id="nev11951449n1-nev11953142n1" name="OnPositiveResponse" node="IdentifierComponent1"><call id="nev11951449n1-nev11953143n1" method="Format" node="StringFormat1"/><call id="nev11951449n1-nev11953144n1" method="Evaluate" node="Formula1"/><call id="nev11951449n1-nev11953145n1" method="Format" node="StringFormat2"/></eventhandler><eventhandler id="nev11951449n1-nev11953146n1" name="OnStart" node="Start"><call id="nev11951449n1-nev11953147n1" method="UpdateTitles" node="IdentifierComponent1"/><call id="nev11951449n1-nev11953148n1" method="UpdateTitles" node="IdentifierComponent3"/><call id="nev11951449n1-nev11953149n1" method="Trigger" node="Constant1"/><call id="nev11951449n1-nev11953150n1" method="Trigger" node="Constant2"/><call id="nev11951449n1-nev11953151n1" method="AddParameter" node="ScriptPlotter1"><parameter id="nev11951449n1-nev11953152n1" node="IdentifierComponent1" property="Luftmassa, beräknad"/></call><call id="nev11951449n1-nev11953153n1" method="AddParameter" node="ScriptPlotter1"><parameter id="nev11951449n1-nev11953154n1" node="IdentifierComponent3" property="Luftmassa"/></call><call id="nev11951449n1-nev11953155n1" method="Start" node="Repeater1"/></eventhandler><propertyhandler id="nev11951449n1-nev11953156n1" name="Text" node="Constant1"><set id="nev11951449n1-nev11953157n1" node="ParameterLabel1" property="Title"/><set id="nev11951449n1-nev11953158n1" node="PlotterValueComponent1" property="Name"/></propertyhandler><propertyhandler id="nev11951449n1-nev11953159n1" name="String" node="StringFormat1"><set id="nev11951449n1-nev11953160n1" node="Formula1" property="X"/></propertyhandler><propertyhandler id="nev11951449n1-nev11953161n1" name="Result" node="Formula1"><set id="nev11951449n1-nev11953162n1" node="StringFormat2" property="0"/></propertyhandler><propertyhandler id="nev11951449n1-nev11953163n1" name="String" node="StringFormat2"><set id="nev11951449n1-nev11953164n1" node="ParameterLabel1" property="Value"/><set id="nev11951449n1-nev11953165n1" node="PlotterValueComponent1" property="InValue"/></propertyhandler><propertyhandler id="nev11951449n1-nev11953166n1" name="Text" node="Constant2"><set id="nev11951449n1-nev11953167n1" node="ParameterLabel1" property="Unit"/><set id="nev11951449n1-nev11953168n1" node="PlotterValueComponent1" property="Unit"/></propertyhandler><propertyhandler id="nev11951449n1-nev11953169n1" name="Luftmassa" node="IdentifierComponent3"><set id="nev11951449n1-nev11953170n1" node="StringFormat1" property="0"/></propertyhandler><propertyhandler id="nev11951449n1-nev11953171n1" name="Luftmassa, beräknad" node="IdentifierComponent1"><set id="nev11951449n1-nev11953172n1" node="StringFormat1" property="1"/></propertyhandler></handlers></content></script>