<?xml version="1.0" encoding="UTF-8"?><servinfosub IE-ID="en-US0900c8af8607ac09" docno="VCC-370569" id="nev13714081n1" original="sv-SE" servinfosubId="nev13714082n1-nev18041194n1" servinfosubRes="0900c8af8607b492" servinfosubRes2="urn:x-nevis:fragment:0900c8af8607ac09:0900c8af8607b492#nev18041194n1" xml:lang="en-US">
<operationnumbers>
<operationnumber>59314-2</operationnumber>
</operationnumbers>
<title id="nev13714076n87">Wheel speed sen#@#@#4# rear</title>
<procedure id="nev13714082n1-nev18041199n5">
<stepgrp boilerplate="false" context="" id="nev13714082n1-nev20021853n74">
<title id="nev13714082n1-0800c8af844a46f6">Removal</title>
<procstep id="nev13714082n1-nev19036261n70">
<note id="nev13714082n1-0800c8af844a42fa">
<ptxt>Removal steps i#@#@#45#ails.</ptxt>
</note>
</procstep>
<procstep id="nev13714082n1-nev19036261n87">
<para id="nev13714082n1-nev20021853n72">
<ptxt id="nev13714082n1-nev20021853n73">Remove relevant#@#@#11#wheel<xref boilerplate="true" id="nev13714082n1-0800c8af85972e7f">
<ref id="nev13714082n1-nev19036261n84"/>
</xref>
</ptxt>
</para>
</procstep>
<procstep id="nev13714082n1-nev19036261n82">
<grate id="nev13714082n1-nev20021853n70">
<graphic id="nev13714082n1-nev20021853n71">
<href>0900c8af85cd819#@#@#9#.jpeg</href>
</graphic>
<graphtext id="nev13714082n1-nev20021880n1">
<para id="nev13714082n1-nev20021853n68">
<ptxt id="nev13714082n1-nev20021853n69">Disconnect the #@#@#5#ctor.</ptxt>
</para>
</graphtext>
</grate>
</procstep>
<procstep id="nev13714082n1-nev19036261n79">
<grate id="nev13714082n1-nev20021853n66">
<graphic id="nev13714082n1-nev20021853n67">
<href>0900c8af85cd819#@#@#9#.jpeg</href>
</graphic>
<graphtext id="nev13714082n1-nev20021884n1">
<para id="nev13714082n1-nev20021853n64">
<ptxt id="nev13714082n1-nev20021853n65">Loosen the screws.</ptxt>
</para>
<para id="nev13714082n1-nev20021853n62">
<ptxt id="nev13714082n1-nev20021853n63">
<torque id="nev13714082n1-nev20020679n7">
<ref id="nev13714082n1-nev20020679n5"/>
</torque>
</ptxt>
</para>
</graphtext>
</grate>
</procstep>
<procstep id="nev13714082n1-nev20020679n3">
<grate id="nev13714082n1-nev20021853n60">
<graphic id="nev13714082n1-nev20021853n61">
<href>0900c8af845784e#@#@#9#.jpeg</href>
</graphic>
<graphtext id="nev13714082n1-nev20021891n1">
<caution id="nev13714082n1-0800c8af844a4156">
<ptxt>Make sure that #@#@#63#rial.</ptxt>
</caution>
</graphtext>
</grate>
</procstep>
</stepgrp>
<stepgrp boilerplate="false" context="" id="nev13714082n1-nev20021853n59">
<title id="nev13714082n1-0800c8af844a46f9">Installation</title>
<procstep id="nev13714082n1-nev19036261n74">
<para id="nev13714082n1-nev20021853n57">
<ptxt id="nev13714082n1-nev20021853n58">To install, rev#@#@#22#dure.</ptxt>
</para>
</procstep>
</stepgrp>
</procedure>
</servinfosub>