<?xml version="1.0" encoding="UTF-8"?><servinfosub IE-ID="en-US0900c8af846cfc09" docno="VCC-370247" id="nev13711280n1" original="sv-SE" servinfosubId="nev13711281n1-nev13711280n4" servinfosubRes="0900c8af846cfc10" servinfosubRes2="urn:x-nevis:fragment:0900c8af846cfc09:0900c8af846cfc10#nev13711280n4" xml:lang="en-US">
<title id="nev13711279n25">Lower torque ro#@#@#2#front</title>
<procedure id="nev13711281n1-nev13711279n27">
<stepgrp boilerplate="false" context="" id="nev13711281n1-nev14077694n33">
<title id="nev13711281n1-nev13711279n28">Removal</title>
<procstep id="nev13711281n1-nev14077694n46">
<note id="nev13711281n1-nev14077694n31">
<ptxt>Removal steps i#@#@#45#ails.</ptxt>
</note>
</procstep>
<procstep id="nev13711281n1-nev14077670n23">
<grate id="nev13711281n1-nev13711279n33">
<graphic id="nev13711281n1-nev13711279n34">
<href>0900c8af8309d81#@#@#9#.jpeg</href>
</graphic>
</grate>
</procstep>
<procstep id="nev13711281n1-nev14077670n22">
<grate id="nev13711281n1-nev13711279n37">
<graphic id="nev13711281n1-nev13711279n38">
<href>0900c8af83442d0#@#@#9#.jpeg</href>
</graphic>
<graphtext id="nev13711281n1-nev14077701n1">
<list1 boilerplate="true" context="remove" enumtype="n" id="nev13711281n1-nev13711279n40" type="ordered">
<item id="nev13711281n1-nev14077694n29">
<ptxt id="nev13711281n1-nev14077694n28">
<torque id="nev13711281n1-nev13711279n43">
<ref id="nev13711281n1-nev13711279n44"/>
</torque>
</ptxt>
</item>
<item id="nev13711281n1-nev14077694n27">
<ptxt id="nev13711281n1-nev14077694n26">
<torque id="nev13711281n1-nev13711279n47">
<ref id="nev13711281n1-nev13711279n48"/>
</torque>
</ptxt>
</item>
</list1>
</graphtext>
</grate>
</procstep>
</stepgrp>
<stepgrp boilerplate="false" context="" id="nev13711281n1-nev14077694n25">
<title id="nev13711281n1-nev13711279n49">Installation</title>
<procstep id="nev13711281n1-nev13711279n50">
<para id="nev13711281n1-nev14077694n21">
<ptxt id="nev13711281n1-nev14077694n22">To install, rev#@#@#22#dure.</ptxt>
</para>
</procstep>
</stepgrp>
</procedure>
</servinfosub>