<?xml version="1.0" encoding="UTF-8"?><servinfosub IE-ID="en-US0900c8af80649c09" docno="VCC-071370" id="KC02159574" servinfosubId="nev20686496n1-nev20686496n2" servinfosubRes="0900c8af862c29cd" servinfosubRes2="urn:x-nevis:fragment:0900c8af80649c09:0900c8af862c29cd#nev20686496n2" xml:lang="en-US">
<title>Mechanical seat#@#@#11#oners</title>
<para>
<ptxt>See Service Man#@#@#76#tion.</ptxt>
</para>
<grate>
<graphic id="nev20686496n1-KC08492544" width="page">
<href>0900c8af8012d0a#@#@#9#.jpeg</href>
</graphic>
</grate>
<para>
<title>Design and Function</title>
<ptxt/>
<ptxt>The mechanical #@#@#71#s of:</ptxt>
<ptxt/>
<ptxt>A. Triggering m#@#@#4#nism.</ptxt>
<ptxt/>
<ptxt>B. Torsion spri#@#@#14#eeve.</ptxt>
<ptxt/>
<ptxt>C. A plastic ch#@#@#60#est).</ptxt>
<ptxt/>
<ptxt>Mechanical seat#@#@#97#1989.</ptxt>
<ptxt/>
<ptxt>Seat belt tensi#@#@#57#kets.</ptxt>
<ptxt/>
<ptxt>Front seats are#@#@#86#sion.</ptxt>
<ptxt/>
<ptxt>The seat belt t#@#@#226#loor.</ptxt>
<ptxt/>
</para>
<caution>
<ptxt>The seat belt t#@#@#244#seat.</ptxt>
</caution>
</servinfosub>