<?xml version="1.0" encoding="UTF-8"?><servinfosub IE-ID="en-US0900c8af83872c09" docno="VCC-271747" id="nev11078599n1" xml:lang="en-US">
<title>
<phrase category="Title" id="nev11078599n2" phrase-urn="urn:x-nevis:phrase:0800c8af81eb9a54">Diagnostic trou#@#@#21#ation</phrase>
<phrase category="Prefix" id="nev11078599n3" phrase-urn="urn:x-nevis:phrase:0800c8af8015c3f5">ECM</phrase>-P007284</title>
<diagnostic j2008use="1" paperuse="1" screenuse="1" type="condition">
<condgrp>
<condition type="condition">
<grate>
<graphic id="nev11078599n4">
<href>0900c8af8073177#@#@#9#.jpeg</href>
</graphic>
<graphtext>
<ptxt>
<phrase category="Condition" id="nev11110686n1" phrase-urn="urn:x-nevis:phrase:0800c8af829da609">The engine cont#@#@#66#nsor.</phrase>
<phrase category="Condition" id="nev11110687n1" phrase-urn="urn:x-nevis:phrase:0800c8af82c6a2e1">The control mod#@#@#56#nsor.</phrase>
</ptxt>
<ptxt>
<phrase category="Condition" id="nev11110689n1" phrase-urn="urn:x-nevis:phrase:0800c8af82c4843c">The diagnostic #@#@#59#that:</phrase>
</ptxt>
<list1 id="nev11110684n97">
<item id="nev11110684n96">
<ptxt id="nev11110684n95">
<phrase category="Condition" id="nev11110690n1" phrase-urn="urn:x-nevis:phrase:0800c8af82da563d">The signal from#@#@#38# low.</phrase>
</ptxt>
</item>
</list1>
<ptxt id="nev11110684n93">
<phrase category="Condition" id="nev11110691n1" phrase-urn="urn:x-nevis:phrase:0800c8af82c479d6">The control mod#@#@#67#t of:</phrase>
</ptxt>
<list1 id="nev11110684n91">
<item id="nev11110684n90">
<ptxt id="nev11110684n89">
<phrase category="Condition" id="nev11110692n1" phrase-urn="urn:x-nevis:phrase:0800c8af82c47c8e">Ignition switch#@#@#8#n II.</phrase>
</ptxt>
</item>
</list1>
</graphtext>
</grate>
</condition>
</condgrp>
<condgrp>
<condition type="substitution">
<para>
<ptxt>
<phrase category="Substitution" id="nev12179266n1" phrase-urn="urn:x-nevis:phrase:0800c8af83872c28">Predefined valu#@#@#2#used.</phrase>
</ptxt>
</para>
</condition>
<ps>
<list1 enumtype="d" type="unordered">
<item>
<ptxt>
<phrase category="" id="nev11078599n8" phrase-urn="urn:x-nevis:phrase:0800c8af81a9c955">Damaged outside#@#@#14#ensor</phrase>
</ptxt>
</item>
<item>
<ptxt id="nev12211091n100">
<phrase category="Possible source" id="nev12211096n1" phrase-urn="urn:x-nevis:phrase:0800c8af81eab9f7">Short-circuit t#@#@#24#able.</phrase>
</ptxt>
</item>
<item>
<ptxt>
<phrase category="" id="nev11078599n10" phrase-urn="urn:x-nevis:phrase:0800c8af81a9c957">Open-circuit in#@#@#13#able.</phrase>
</ptxt>
</item>
</list1>
</ps>
</condgrp>
<condgrp>
<condition type="symptom">
<list1 enumtype="d" type="unordered">
<item>
<ptxt>
<phrase category="Symptom" id="nev12179274n1" phrase-urn="urn:x-nevis:phrase:0800c8af8223d028">Outside tempera#@#@#21#oning</phrase>
</ptxt>
</item>
<item id="nev12211091n98">
<ptxt id="nev12211091n97">
<phrase category="Symptom" id="nev12211098n1" phrase-urn="urn:x-nevis:phrase:0800c8af8223cf91">Displays too lo#@#@#16#ature</phrase>
</ptxt>
</item>
</list1>
</condition>
</condgrp>
</diagnostic>
</servinfosub>