<?xml version="1.0" encoding="UTF-8"?><servinfosub IE-ID="en-US0900c8af8092bc09" docno="VCC-108904" id="KC02430192" xml:lang="en-US">
<title>
<phrase category="" id="KC06650654" phrase-urn="urn:x-nevis:phrase:0800c8af8199e5bd">Signal too low.#@#@#11#fault</phrase>
</title>
<diagnostic type="test">
<testgrp IE-ID="en-US0900c8af8092bc09_KC02442789" id="KC02442789" j2008use="1" paperuse="1" resumable="1" screenuse="1" testgrp-id="pb1" x="240" y="240">
<title>
<phrase category="" id="KC06650655" phrase-urn="urn:x-nevis:phrase:0800c8af8199e5d1">Checking the co#@#@#2#onent</phrase>
</title>
<node>
<test1>
<diaglist>
<dgraphic>
<dgraphic1>
<graphic id="KC06650656">
<href>0900c8af80054d5#@#@#9#.jpeg</href>
</graphic>
</dgraphic1>
<dgraphic2>
<graphic id="KC06650657">
<href>0900c8af803f116#@#@#9#.jpeg</href>
</graphic>
</dgraphic2>
<dgraphic3>
<graphic id="KC06650658">
<href>0900c8af8005715#@#@#9#.jpeg</href>
</graphic>
</dgraphic3>
</dgraphic>
<ditem>
<ptxt>
<phrase category="" id="KC06650659" phrase-urn="urn:x-nevis:phrase:0800c8af8199e5e8">Make a note of #@#@#20# code</phrase>
</ptxt>
</ditem>
<ditem>
<ptxt>
<phrase category="" id="KC06650660" phrase-urn="urn:x-nevis:phrase:0800c8af8199e5f9">Ignition off</phrase>
</ptxt>
</ditem>
<ditem>
<ptxt>
<phrase category="" id="KC06650661" phrase-urn="urn:x-nevis:phrase:0800c8af8199e60e">Disconnect the #@#@#16# lead</phrase>
</ptxt>
</ditem>
<ditem>
<ptxt>
<phrase category="" id="KC06650662" phrase-urn="urn:x-nevis:phrase:0800c8af8199e61f">Disconnect the #@#@#27#bag. </phrase>
</ptxt>
<warning>
<ptxt>
<phrase category="" id="KC06650663" phrase-urn="urn:x-nevis:phrase:0800c8af8199e631">Under no circum#@#@#146#rbag!</phrase>
</ptxt>
</warning>
</ditem>
<ditem>
<ptxt>
<phrase category="" id="KC06650664" phrase-urn="urn:x-nevis:phrase:0800c8af8199e644">Install special#@#@#1#tool <toolitem id="KC06650665"/> on the driver'#@#@#14#ctor.</phrase>
</ptxt>
<caution>
<ptxt>
<phrase category="" id="KC06650666" phrase-urn="urn:x-nevis:phrase:0800c8af8199e657">The special too#@#@#121#rder.</phrase>
</ptxt>
</caution>
</ditem>
<ditem>
<ptxt>
<phrase category="" id="KC06650667" phrase-urn="urn:x-nevis:phrase:0800c8af8199e669">Ignition on</phrase>
</ptxt>
</ditem>
<ditem>
<ptxt>
<phrase category="" id="KC06650668" phrase-urn="urn:x-nevis:phrase:0800c8af8199e67c">Connect the bat#@#@#14#lead.</phrase>
</ptxt>
</ditem>
<ditem>
<ptxt>
<phrase category="" id="KC06650669" phrase-urn="urn:x-nevis:phrase:0800c8af8199e68f">Read off the di#@#@#25#TCs).</phrase>
</ptxt>
</ditem>
</diaglist>
<test2>
<ptxt>
<phrase category="" id="KC06650670" phrase-urn="urn:x-nevis:phrase:0800c8af8199e6a4">If the fault is#@#@#164#rds. </phrase>
</ptxt>
<diaglist>
<dgraphic>
<dgraphic2>
<graphic id="KC06650671">
<href>0900c8af86c8681#@#@#9#.jpeg</href>
</graphic>
<smarttool active="press" id="KC06650672" toolname="XSRSAE01"/>
</dgraphic2>
</dgraphic>
<ditem>
<ditemtext>
<ptxt>
<phrase category="" id="KC06650673" phrase-urn="urn:x-nevis:phrase:0800c8af8199e6b7"/>
</ptxt>
</ditemtext>
</ditem>
<ditem>
<ditemtext>
<ptxt>
<phrase category="" id="KC06650674" phrase-urn="urn:x-nevis:phrase:0800c8af8199e6cb"/>
</ptxt>
</ditemtext>
</ditem>
</diaglist>
<grate>
<graphic id="KC06650675">
<href>0900c8af80122fd#@#@#9#.jpeg</href>
</graphic>
<graphtext>
<list1 enumtype="d" type="unordered">
<title>
<phrase category="" id="KC06650676" phrase-urn="urn:x-nevis:phrase:0800c8af8199e6dd">Other information:</phrase>
</title>
<item>
<ptxt>
<phrase category="" id="KC06650677" phrase-urn="urn:x-nevis:phrase:0800c8af8199e6ef">To access and r#@#@#27# see <xref>
<ref id="KC06650678"/>
</xref>.</phrase>
</ptxt>
</item>
</list1>
</graphtext>
</grate>
</test2>
</test1>
<question>Does the status#@#@#40#ange?</question>
<resact-grp>
<result button="yes" comp="button" highlight="0"/>
<action j2008use="1" paperuse="1" screenuse="1">
<ptxt>
<xref>
<ref id="KC06650679"/>
</xref>
</ptxt>
</action>
</resact-grp>
<resact-grp>
<result button="no" comp="button" highlight="0"/>
<action j2008use="1" paperuse="1" screenuse="1">
<ptxt>
<xref>
<ref id="KC06650680"/>
</xref>
</ptxt>
</action>
</resact-grp>
</node>
</testgrp>
<testgrp id="KC02442790" j2008use="1" paperuse="1" resumable="1" screenuse="1" testgrp-id="pb2" x="240" y="320">
<title>
<phrase category="" id="KC06650681" phrase-urn="urn:x-nevis:phrase:0800c8af8199e704">Checking the co#@#@#13#iring</phrase>
</title>
<node>
<test1>
<diaglist>
<dgraphic>
<dgraphic1>
<graphic id="KC06650682">
<href>0900c8af80054d4#@#@#9#.jpeg</href>
</graphic>
</dgraphic1>
<dgraphic2>
<graphic id="KC06650683">
<href>0900c8af80054d7#@#@#9#.jpeg</href>
</graphic>
</dgraphic2>
</dgraphic>
<ditem>
<ptxt>
<phrase category="" id="KC06650684" phrase-urn="urn:x-nevis:phrase:0800c8af8199e716">Ignition off</phrase>
</ptxt>
</ditem>
<ditem>
<ptxt>
<phrase category="" id="KC06650685" phrase-urn="urn:x-nevis:phrase:0800c8af8199e72c">Disconnect the #@#@#27#reel.</phrase>
</ptxt>
</ditem>
</diaglist>
<test2>
<para>
<ptxt>
<phrase category="" id="KC06650686" phrase-urn="urn:x-nevis:phrase:0800c8af8199e746">Connect an ohmm#@#@#94#g to <xref>
<ref id="KC06650687"/>
</xref>. </phrase>
</ptxt>
</para>
<para>
<ptxt>
<phrase category="" id="KC06650688" phrase-urn="urn:x-nevis:phrase:0800c8af8199e75c">Replace the cab#@#@#47#able.</phrase>
</ptxt>
</para>
<para>
<ptxt>
<phrase category="" id="KC06650689" phrase-urn="urn:x-nevis:phrase:0800c8af8199e774">The contact ree#@#@#44#nite.</phrase>
</ptxt>
</para>
<para>
<ptxt>
<phrase category="" id="KC06650690" phrase-urn="urn:x-nevis:phrase:0800c8af8199e78e">Remedy as necessary.</phrase>
</ptxt>
</para>
<list1 enumtype="d">
<title>
<phrase category="" id="KC06650691" phrase-urn="urn:x-nevis:phrase:0800c8af8199e7a6">Other information:</phrase>
</title>
<item>
<ptxt>
<phrase category="" id="KC06650692" phrase-urn="urn:x-nevis:phrase:0800c8af8199e7bc">To access and r#@#@#24# see <xref>
<ref id="KC06650693"/>
</xref>. </phrase>
</ptxt>
</item>
</list1>
<diaglist>
<dgraphic>
<dgraphic1>
<graphic id="KC06650694">
<href>0900c8af80122fd#@#@#9#.jpeg</href>
</graphic>
</dgraphic1>
<dgraphic2>
<graphic id="KC06650695">
<href>0900c8af80054d4#@#@#9#.jpeg</href>
</graphic>
<smarttool active="auto" id="KC06650696" toolname="ODA"/>
</dgraphic2>
</dgraphic>
<ditem>
<ditemtext>
<ptxt>
<phrase category="" id="KC06650697" phrase-urn="urn:x-nevis:phrase:0800c8af8199e7d1"/>
</ptxt>
</ditemtext>
</ditem>
</diaglist>
</test2>
</test1>
<question>Select Continue#@#@#29#died.</question>
<resact-grp>
<result button="cont" comp="button" highlight="0"/>
<action j2008use="1" paperuse="1" screenuse="1">
<ptxt>
<xref>
<ref id="KC06650698"/>
</xref>
</ptxt>
</action>
</resact-grp>
</node>
</testgrp>
<testgrp id="KC02442791" j2008use="1" paperuse="1" resumable="1" screenuse="1" testgrp-id="pb3ver" x="240" y="400">
<title>
<phrase category="" id="KC06650699" phrase-urn="urn:x-nevis:phrase:0800c8af8199e7e8">Verification</phrase>
</title>
<subcalloutnode>
<diagcallout>
<xref>
<ref id="KC06650700"/>
</xref>
</diagcallout>
<rescall-grp>
<result comp="string" highlight="0" op="eq" return="VERIFIED"/>
<calloutaction>
<return value="FAULT FOUND"/>
</calloutaction>
</rescall-grp>
<rescall-grp>
<result comp="string" highlight="0" op="eq" return="VERIFICATION FAILED"/>
<calloutaction>
<ptxt>
<xref>
<ref id="KC06650701"/>
</xref>
</ptxt>
</calloutaction>
</rescall-grp>
<rescall-grp>
<result comp="string" highlight="0" op="eq" return="PAPER"/>
<calloutaction>
<return value="FAULT NOT FOUND"/>
</calloutaction>
</rescall-grp>
</subcalloutnode>
</testgrp>
<testgrp id="KC02442792" j2008use="1" paperuse="0" resumable="1" screenuse="1" testgrp-id="info1" x="480" y="400">
<title>
<phrase category="" id="KC06650702" phrase-urn="urn:x-nevis:phrase:0800c8af8199e7fc">Fault-tracing i#@#@#5#ation</phrase>
</title>
<subcalloutnode>
<diagcallout>
<xref>
<ref id="KC06650703"/>
</xref>
</diagcallout>
<rescall-grp>
<result comp="string" highlight="0" op="eq" return="FAULTTRACING FAILED"/>
<calloutaction>
<return value="FAULTTRACING FAILED"/>
</calloutaction>
</rescall-grp>
<rescall-grp>
<result comp="string" highlight="0" op="eq" return="NEW TRY"/>
<calloutaction>
<ptxt>
<xref>
<ref id="KC06650704"/>
</xref>
</ptxt>
</calloutaction>
</rescall-grp>
</subcalloutnode>
</testgrp>
</diagnostic>
</servinfosub>