<?xml version="1.0" encoding="UTF-8"?><servinfosub IE-ID="en-US0900c8af87cbc803" docno="VCC-370683" id="nev13714948n1" original="sv-SE" servinfosubId="nev13714949n1-nev28196103n1" servinfosubRes="0900c8af87ce5aff" servinfosubRes2="urn:x-nevis:fragment:0900c8af87cbc803:0900c8af87ce5aff#nev28196103n1" xml:lang="en-US">
<operationnumbers>
<operationnumber>43330-2</operationnumber>
</operationnumbers>
<title id="nev13714945n73">Bevel gear</title>
<materialtable id="nev13714949n1-nev28230661n22">
<table id="nev13714949n1-nev28230661n21">
<tgroup cols="2" id="nev13714949n1-nev28230661n20">
<colspec colname="COLSPEC0" colwidth="1.00*" id="nev13714949n1-nev28230661n19"/>
<colspec colname="COLSPEC1" colwidth="1.00*" id="nev13714949n1-nev28230661n18"/>
<thead id="nev13714949n1-nev28230661n17">
<row id="nev13714949n1-nev28230661n16">
<entry id="nev13714949n1-nev28230661n15" nameend="COLSPEC1" namest="COLSPEC0" valign="top">
<ptxt id="nev13714949n1-nev28230661n14">
<emph id="nev13714949n1-nev28230661n13">Materials</emph>
</ptxt>
</entry>
</row>
</thead>
<tbody id="nev13714949n1-nev28230661n12">
<row id="nev13714949n1-nev28230661n11">
<entry id="nev13714949n1-nev28230661n10">
<ptxt id="nev13714949n1-nev28230661n9">
<emph id="nev13714949n1-nev28230661n8">Designation</emph>
</ptxt>
</entry>
<entry id="nev13714949n1-nev28230661n7">
<ptxt id="nev13714949n1-nev28230661n6">
<emph id="nev13714949n1-nev28230661n5">Part number</emph>
</ptxt>
</entry>
</row>
<row id="nev13714949n1-nev28230661n4">
<entry id="nev13714949n1-nev28230661n3">
<ptxt id="nev13714949n1-nev28230661n2">Splines grease</ptxt>
</entry>
<entry id="nev13714949n1-nev28230662n100">
<ptxt id="nev13714949n1-nev28230662n99">1161748</ptxt>
</entry>
</row>
</tbody>
</tgroup>
</table>
</materialtable>
<procedure id="nev13714949n1-nev28196133n9">
<stepgrp boilerplate="false" context="" id="nev13714949n1-nev28230661n100">
<title id="nev13714949n1-0800c8af844a46f6">Removal</title>
<procstep id="nev13714949n1-nev28196243n98">
<note id="nev13714949n1-0800c8af844a42fa">
<ptxt>Removal steps i#@#@#45#ails.</ptxt>
</note>
</procstep>
<procstep id="nev13714949n1-nev28196381n51">
<para id="nev13714949n1-nev28230661n98">
<ptxt id="nev13714949n1-nev28230661n99">Remove front su#@#@#19#ition<xref boilerplate="true" id="nev13714949n1-0800c8af86537421">
<ref id="nev13714949n1-nev28196381n48"/>
</xref>
</ptxt>
</para>
</procstep>
<procstep id="nev13714949n1-nev28196243n84">
<para id="nev13714949n1-nev28230661n96">
<ptxt id="nev13714949n1-nev28230661n97">Remove particle#@#@#9#etrol<xref boilerplate="true" id="nev13714949n1-0800c8af87cbc88f">
<ref id="nev13714949n1-nev28196381n39"/>
</xref>
</ptxt>
</para>
</procstep>
<procstep id="nev13714949n1-nev28196243n83">
<grate id="nev13714949n1-nev28230661n94">
<graphic id="nev13714949n1-nev28230661n95">
<href>0900c8af866ac2a#@#@#9#.jpeg</href>
</graphic>
<graphtext id="nev13714949n1-nev28230672n1">
<para id="nev13714949n1-nev28230661n92">
<ptxt id="nev13714949n1-nev28230661n93">Remove the screws.</ptxt>
</para>
<para id="nev13714949n1-nev28230661n90">
<ptxt id="nev13714949n1-nev28230661n91">Remove the mark#@#@#3#part.</ptxt>
</para>
<para id="nev13714949n1-nev28230661n88">
<ptxt id="nev13714949n1-nev28230661n89">
<torque id="nev13714949n1-nev28196381n31">
<ref id="nev13714949n1-nev28196137n6"/>
</torque>
</ptxt>
</para>
</graphtext>
</grate>
</procstep>
<procstep id="nev13714949n1-nev28196243n73">
<grate id="nev13714949n1-nev28230661n86">
<graphic id="nev13714949n1-nev28230661n87">
<href>0900c8af866ac3b#@#@#9#.jpeg</href>
</graphic>
<graphtext id="nev13714949n1-nev28230679n1">
<note id="nev13714949n1-0800c8af844a4342">
<ptxt>Do not loosen t#@#@#22#urns.</ptxt>
</note>
<para id="nev13714949n1-nev28230661n84">
<ptxt id="nev13714949n1-nev28230661n85">Loosen the screws.</ptxt>
</para>
<para id="nev13714949n1-nev28230661n82">
<ptxt id="nev13714949n1-nev28230661n83">
<torque id="nev13714949n1-nev28196381n23">
<ref id="nev13714949n1-nev28196138n9"/>
</torque>
</ptxt>
</para>
</graphtext>
</grate>
</procstep>
<procstep id="nev13714949n1-nev28196381n20">
<para id="nev13714949n1-nev28230661n80">
<ptxt id="nev13714949n1-nev28230661n81">Remove the righ#@#@#8#shaft<xref boilerplate="true" id="nev13714949n1-0800c8af8458a55d">
<ref id="nev13714949n1-nev28196381n17"/>
</xref>
</ptxt>
</para>
</procstep>
<procstep id="nev13714949n1-nev28196243n60">
<grate id="nev13714949n1-nev28230661n78">
<graphic id="nev13714949n1-nev28230661n79">
<href>0900c8af861c067#@#@#9#.jpeg</href>
</graphic>
<graphtext id="nev13714949n1-nev28230689n1">
<para id="nev13714949n1-nev28230661n76">
<ptxt id="nev13714949n1-nev28230661n77">Loosen the hose#@#@#2#lamp.</ptxt>
</para>
<para id="nev13714949n1-nev28230661n74">
<ptxt id="nev13714949n1-nev28230661n75">Fold marked par#@#@#3#side.</ptxt>
</para>
</graphtext>
</grate>
</procstep>
<procstep id="nev13714949n1-nev28196243n53">
<grate id="nev13714949n1-nev28230661n72">
<graphic id="nev13714949n1-nev28230661n73">
<href>0900c8af86a7af4#@#@#9#.jpeg</href>
</graphic>
<graphtext id="nev13714949n1-nev28230693n1">
<para id="nev13714949n1-nev28230661n70">
<ptxt id="nev13714949n1-nev28230661n71">Remove the screw.</ptxt>
</para>
<para id="nev13714949n1-nev28230661n68">
<ptxt id="nev13714949n1-nev28230661n69">
<torque id="nev13714949n1-nev28196381n5">
<ref id="nev13714949n1-nev28196141n6"/>
</torque>
</ptxt>
</para>
</graphtext>
</grate>
</procstep>
<procstep id="nev13714949n1-nev28196243n45">
<grate id="nev13714949n1-nev28230661n66">
<graphic id="nev13714949n1-nev28230661n67">
<href>0900c8af86a7af4#@#@#9#.jpeg</href>
</graphic>
<graphtext id="nev13714949n1-nev28230700n1">
<para id="nev13714949n1-nev28230661n64">
<ptxt id="nev13714949n1-nev28230661n65">Remove the screw.</ptxt>
</para>
<para id="nev13714949n1-nev28230661n62">
<ptxt id="nev13714949n1-nev28230661n63">
<torque id="nev13714949n1-nev28196382n98">
<ref id="nev13714949n1-nev28196142n7"/>
</torque>
</ptxt>
</para>
</graphtext>
</grate>
</procstep>
<procstep id="nev13714949n1-nev28196243n37">
<grate id="nev13714949n1-nev28230661n60">
<graphic id="nev13714949n1-nev28230661n61">
<href>0900c8af8717000#@#@#9#.jpeg</href>
</graphic>
<graphtext id="nev13714949n1-nev28230707n1">
<para id="nev13714949n1-nev28230661n58">
<ptxt id="nev13714949n1-nev28230661n59">Release the lock.</ptxt>
</para>
</graphtext>
</grate>
</procstep>
<procstep id="nev13714949n1-nev28196243n32">
<grate id="nev13714949n1-nev28230661n56">
<graphic id="nev13714949n1-nev28230661n57">
<href>0900c8af8717000#@#@#9#.jpeg</href>
</graphic>
<graphtext id="nev13714949n1-nev28230711n1">
<para id="nev13714949n1-nev28230661n54">
<ptxt id="nev13714949n1-nev28230661n55">Remove the mark#@#@#3#part.</ptxt>
</para>
</graphtext>
</grate>
</procstep>
<procstep id="nev13714949n1-nev28196243n27">
<grate id="nev13714949n1-nev28230661n52">
<graphic id="nev13714949n1-nev28230661n53">
<href>0900c8af863c41c#@#@#9#.jpeg</href>
</graphic>
<graphtext id="nev13714949n1-nev28230715n1">
<note id="nev13714949n1-0800c8af844a43a1">
<ptxt>Make sure that #@#@#47#rial.</ptxt>
</note>
<note id="nev13714949n1-0800c8af844a43c1">
<ptxt>Make sure that #@#@#25#ated.</ptxt>
</note>
</graphtext>
</grate>
</procstep>
<procstep id="nev13714949n1-nev28196243n22">
<grate id="nev13714949n1-nev28230661n50">
<graphic id="nev13714949n1-nev28230661n51">
<href>0900c8af866ac3b#@#@#9#.jpeg</href>
</graphic>
<graphtext id="nev13714949n1-nev28230719n1">
<para id="nev13714949n1-nev28230661n48">
<ptxt id="nev13714949n1-nev28230661n49">Remove the screws.</ptxt>
</para>
<para id="nev13714949n1-nev28230661n46">
<ptxt id="nev13714949n1-nev28230661n47">Remove the mark#@#@#3#part.</ptxt>
</para>
<list1 enumtype="n" id="nev13714949n1-nev28196382n77" type="ordered">
<item id="nev13714949n1-nev28230661n45">
<ptxt id="nev13714949n1-nev28230661n44">
<torque id="nev13714949n1-nev28196382n75">
<ref id="nev13714949n1-nev28196146n4"/>
</torque>
</ptxt>
</item>
<item id="nev13714949n1-nev28230661n43">
<ptxt id="nev13714949n1-nev28230661n42">
<torque id="nev13714949n1-nev28196382n72">
<ref id="nev13714949n1-nev28196146n8"/>
</torque>
</ptxt>
</item>
</list1>
</graphtext>
</grate>
</procstep>
<procstep id="nev13714949n1-nev28196243n8">
<grate id="nev13714949n1-nev28230661n40">
<graphic id="nev13714949n1-nev28230661n41">
<href>0900c8af866ac3b#@#@#9#.jpeg</href>
</graphic>
<graphtext id="nev13714949n1-nev28230729n1">
<para id="nev13714949n1-nev28230661n38">
<ptxt id="nev13714949n1-nev28230661n39">Remove the mark#@#@#3#part.</ptxt>
</para>
</graphtext>
</grate>
</procstep>
<procstep id="nev13714949n1-nev28196243n3">
<grate id="nev13714949n1-nev28230661n36">
<graphic id="nev13714949n1-nev28230661n37">
<href>0900c8af866bae2#@#@#9#.jpeg</href>
</graphic>
<graphtext id="nev13714949n1-nev28230733n1">
<note id="nev13714949n1-0800c8af844a430a">
<ptxt>This step is on#@#@#40#nent.</ptxt>
</note>
<para id="nev13714949n1-nev28230661n34">
<ptxt id="nev13714949n1-nev28230661n35">Remove the screws.</ptxt>
</para>
<para id="nev13714949n1-nev28230661n32">
<ptxt id="nev13714949n1-nev28230661n33">
<torque id="nev13714949n1-nev28196382n61">
<ref id="nev13714949n1-nev28196148n8"/>
</torque>
</ptxt>
</para>
</graphtext>
</grate>
</procstep>
</stepgrp>
<stepgrp boilerplate="false" context="" id="nev13714949n1-nev28230661n31">
<title id="nev13714949n1-0800c8af844a46f9">Installation</title>
<procstep id="nev13714949n1-nev28196244n92">
<grate id="nev13714949n1-nev28230661n29">
<graphic id="nev13714949n1-nev28230661n30">
<href>0900c8af84760a1#@#@#9#.jpeg</href>
</graphic>
<graphtext id="nev13714949n1-nev28230740n1">
<para id="nev13714949n1-nev28230661n27">
<ptxt id="nev13714949n1-nev28230661n28">
<material id="nev13714949n1-nev28196382n52" materialid="1161748" materialname="Splines grease" quantity="0.0" showInProcStep="true"/>
</ptxt>
</para>
</graphtext>
</grate>
</procstep>
<procstep id="nev13714949n1-nev28196244n86">
<para id="nev13714949n1-nev28230661n25">
<ptxt id="nev13714949n1-nev28230661n26">To install, rev#@#@#22#dure.</ptxt>
</para>
</procstep>
<procstep id="nev13714949n1-nev28196382n49">
<para id="nev13714949n1-nev28230661n23">
<ptxt id="nev13714949n1-nev28230661n24">Top up oil leve#@#@#14#check<xref boilerplate="true" id="nev13714949n1-0800c8af853635d6">
<ref id="nev13714949n1-nev28196382n46"/>
</xref>
</ptxt>
</para>
</procstep>
</stepgrp>
</procedure>
</servinfosub>