<?xml version="1.0" encoding="UTF-8"?><servinfosub IE-ID="en-US0900c8af81aa0803" docno="VCC-162571" id="KC07220736" xml:lang="en-US">
<title>
<phrase category="" id="KC09572514" phrase-urn="urn:x-nevis:phrase:0800c8af82721219">Faulty signal</phrase>
</title>
<diagnostic j2008use="1" paperuse="1" screenuse="1" type="test">
<testgrp IE-ID="en-US0900c8af81aa0803_KC07254944" id="KC07254944" j2008use="1" paperuse="1" resumable="1" screenuse="1" testgrp-id="node1" x="120" y="80">
<title>
<phrase category="" id="KC09572515" phrase-urn="urn:x-nevis:phrase:0800c8af8272121a">Checking the status</phrase>
</title>
<node>
<test1>
<test2>
<para>
<ptxt>
<phrase category="" id="KC09572516" phrase-urn="urn:x-nevis:phrase:0800c8af8272121b">If the fault is#@#@#274#curs.</phrase>
</ptxt>
</para>
<para>
<ptxt>
<phrase category="" id="KC09572517" phrase-urn="urn:x-nevis:phrase:0800c8af8272121d">Replace the fue#@#@#36#nent.</phrase>
</ptxt>
</para>
<grate>
<graphic id="KC09572518">
<href>0900c8af817a7c7#@#@#9#.jpeg</href>
</graphic>
</grate>
</test2>
</test1>
<question>
Select Continue.
</question>
<resact-grp>
<result button="cont" comp="button" highlight="0"/>
<action j2008use="1" paperuse="1" screenuse="1">
<ptxt>
<xref>
<ref id="KC09572520"/>
</xref>
</ptxt>
</action>
</resact-grp>
</node>
</testgrp>
<testgrp id="KC07254945" j2008use="1" paperuse="1" resumable="1" screenuse="1" testgrp-id="node2" x="120" y="200">
<title>
<phrase category="" id="KC09572521" phrase-urn="urn:x-nevis:phrase:0800c8af8272121f">Replacing the c#@#@#3#onent</phrase>
</title>
<node>
<test1>
<test2>
<para>
<ptxt>
<phrase category="" id="KC09572522" phrase-urn="urn:x-nevis:phrase:0800c8af82721220">Replace the fue#@#@#10#nsor.</phrase>
</ptxt>
</para>
<list1 enumtype="d" type="unordered">
<title>
<phrase category="" id="KC09572523" phrase-urn="urn:x-nevis:phrase:0800c8af82721221">Other information: </phrase>
</title>
<item>
<ptxt>
<phrase category="" id="KC09572524" phrase-urn="urn:x-nevis:phrase:0800c8af82721222">
<xref>
<ref id="KC09572525"/>
</xref>
</phrase>
</ptxt>
</item>
</list1>
<grate>
<graphic id="KC09572526">
<href>0900c8af817a7c7#@#@#9#.jpeg</href>
</graphic>
</grate>
</test2>
</test1>
<question>
Select Continue.
</question>
<resact-grp>
<result button="cont" comp="button" highlight="0"/>
<action j2008use="1" paperuse="1" screenuse="1">
<ptxt>
<xref>
<ref id="KC09572528"/>
</xref>
</ptxt>
</action>
</resact-grp>
</node>
</testgrp>
<testgrp id="KC07254946" j2008use="1" paperuse="1" resumable="1" screenuse="1" testgrp-id="veria" x="120" y="280">
<title>
<phrase category="" id="KC09572529" phrase-urn="urn:x-nevis:phrase:0800c8af82721224">Verification</phrase>
</title>
<subcalloutnode>
<diagcallout>
<xref>
<ref id="KC09572530"/>
</xref>
</diagcallout>
<rescall-grp>
<result comp="string" highlight="0" op="eq" return="VERIFIED"/>
<calloutaction>
<return value="FAULT FOUND"/>
</calloutaction>
</rescall-grp>
<rescall-grp>
<result comp="string" highlight="0" op="eq" return="VERIFICATION FAILED"/>
<calloutaction>
<ptxt>
<xref>
<ref id="KC09572531"/>
</xref>
</ptxt>
</calloutaction>
</rescall-grp>
</subcalloutnode>
</testgrp>
<testgrp id="KC07254947" j2008use="1" paperuse="1" resumable="1" screenuse="1" testgrp-id="info1" x="320" y="200">
<title>
<phrase category="" id="KC09572532" phrase-urn="urn:x-nevis:phrase:0800c8af82721225">Fault-tracing i#@#@#5#ation</phrase>
</title>
<subcalloutnode>
<diagcallout>
<xref>
<ref id="KC09572533"/>
</xref>
</diagcallout>
<rescall-grp>
<result comp="string" highlight="0" op="eq" return="FAULTTRACING FAILED"/>
<calloutaction>
<return value="FAULTTRACING FAILED"/>
</calloutaction>
</rescall-grp>
<rescall-grp>
<result comp="string" highlight="0" op="eq" return="NEW TRY"/>
<calloutaction>
<ptxt>
<xref>
<ref id="KC09572534"/>
</xref>
</ptxt>
</calloutaction>
</rescall-grp>
</subcalloutnode>
</testgrp>
</diagnostic>
</servinfosub>