<?xml version="1.0" encoding="UTF-8"?><servinfosub IE-ID="en-US0900c8af8068e61b" docno="VCC-085181" id="KC02171680" xml:lang="en-US">
<title>
<phrase category="" id="KC08575036" phrase-urn="urn:x-nevis:phrase:0800c8af81de2345">DTC information</phrase>
</title>
<diagnostic j2008use="1" paperuse="1" screenuse="1" type="condition">
<condgrp>
<condition type="condition">
<grate>
<graphic id="KC08575037" width="column">
<href>0900c8af8012d3d#@#@#9#.jpeg</href>
</graphic>
<graphtext>
<para>
<ptxt>
<phrase category="" id="KC08575038" phrase-urn="urn:x-nevis:phrase:0800c8af81de2346">The control uni#@#@#133#e is </phrase>
</ptxt>
<ptxt>
<phrase category="" id="KC08575039" phrase-urn="urn:x-nevis:phrase:0800c8af81de2347">low but throttl#@#@#189#ined.</phrase>
</ptxt>
</para>
</graphtext>
</grate>
</condition>
</condgrp>
<condgrp>
<condition type="substitution">
<ptxt>
<phrase category="" id="KC08575040" phrase-urn="urn:x-nevis:phrase:0800c8af81de2348">Only a limited #@#@#24#ted. </phrase>
</ptxt>
</condition>
<ps>
<list1 enumtype="d" type="unordered">
<item>
<ptxt>
<phrase category="" id="KC08575041" phrase-urn="urn:x-nevis:phrase:0800c8af81de2349">Defective air h#@#@#85#ator.</phrase>
</ptxt>
</item>
<item>
<ptxt>
<phrase category="" id="KC08575042" phrase-urn="urn:x-nevis:phrase:0800c8af81de234a">Defective Turbo#@#@#10#alve.</phrase>
</ptxt>
</item>
<item>
<ptxt>
<phrase category="" id="KC08575043" phrase-urn="urn:x-nevis:phrase:0800c8af81de234b">Defective Turbo#@#@#10#stem.</phrase>
</ptxt>
</item>
<item>
<ptxt>
<phrase category="" id="KC08575044" phrase-urn="urn:x-nevis:phrase:0800c8af81de234c">Incorrect boost#@#@#4#ssure</phrase>
</ptxt>
</item>
</list1>
</ps>
</condgrp>
<condgrp>
<condition type="symptom">
<list1 enumtype="d" type="unordered">
<item>
<ptxt>
<phrase category="" id="KC08575045" phrase-urn="urn:x-nevis:phrase:0800c8af81de234d">Poor accelerati#@#@#13#ower.</phrase>
</ptxt>
</item>
</list1>
</condition>
</condgrp>
</diagnostic>
</servinfosub>