<?xml version="1.0" encoding="UTF-8"?><servinfosub IE-ID="en-US0900c8af808ab61b" docno="VCC-099803" id="KC02383921" xml:lang="en-US">
<title>
<phrase category="" id="KC06608185" phrase-urn="urn:x-nevis:phrase:0800c8af81988572">Signal too high#@#@#30#fault</phrase>
</title>
<diagnostic j2008use="1" paperuse="1" screenuse="1" type="test">
<testgrp IE-ID="en-US0900c8af808ab61b_KC02416893" id="KC02416893" j2008use="1" paperuse="1" resumable="1" screenuse="1" testgrp-id="node1" x="120" y="80">
<title>
<phrase category="" id="KC06608186" phrase-urn="urn:x-nevis:phrase:0800c8af81988573">Fault-tracing i#@#@#5#ation</phrase>
</title>
<node>
<test1>
<test2>
<para>
<ptxt>
<phrase category="" id="KC06608187" phrase-urn="urn:x-nevis:phrase:0800c8af81988574">Control module #@#@#61#sent.</phrase>
</ptxt>
</para>
<grate>
<graphic id="KC06608188">
<href>0900c8af80057a3#@#@#9#.jpeg</href>
</graphic>
</grate>
</test2>
</test1>
<question/>
<resact-grp>
<result button="cont" comp="button" highlight="0"/>
<action j2008use="1" paperuse="0" screenuse="1">
<ptxt>
<xref>
<ref id="KC06608189"/>
</xref>
</ptxt>
</action>
<action j2008use="0" paperuse="1" screenuse="0">
<return value="DONE"/>
</action>
</resact-grp>
</node>
</testgrp>
<testgrp id="KC02416894" j2008use="1" paperuse="0" resumable="1" screenuse="1" testgrp-id="info2" x="320" y="80">
<title>
<phrase category="" id="KC06608190" phrase-urn="urn:x-nevis:phrase:0800c8af81988575">Fault-tracing i#@#@#5#ation</phrase>
</title>
<subcalloutnode>
<diagcallout>
<xref>
<ref id="KC06608191"/>
</xref>
</diagcallout>
<rescall-grp>
<result comp="string" highlight="0" op="eq" return="NEW TRY"/>
<calloutaction>
<ptxt>
<xref>
<ref id="KC06608192"/>
</xref>
</ptxt>
</calloutaction>
</rescall-grp>
<rescall-grp>
<result comp="string" highlight="0" op="eq" return="FAULT FOUND"/>
<calloutaction>
<return value="DONE"/>
</calloutaction>
</rescall-grp>
</subcalloutnode>
</testgrp>
</diagnostic>
</servinfosub>