<?xml version="1.0" encoding="UTF-8"?><servinfosub IE-ID="en-US0900c8af836d761b" docno="VCC-296240" id="nev11964470n1" original="sv-SE" xml:lang="en-US">
<operationnumbers>
<operationnumber>87465-2</operationnumber>
</operationnumbers>
<title id="nev11964470n2">Refrigerant pip#@#@#38#block</title>
<imagedisclaimer id="nev11964470n5"/>
<procedure id="nev11964470n6">
<stepgrp boilerplate="true" context="removal" id="nev11964471n9">
<note id="nev11990752n202">
<ptxt id="nev11990752n201">Removal steps i#@#@#45#ails.</ptxt>
</note>
<procstep id="nev11990752n152">
<title id="nev11990752n151"/>
<para id="nev11990752n54">
<ptxt id="nev11990752n53">Drain the refri#@#@#20#ystem<xref boilerplate="true" id="nev11990752n52">
<ref id="nev11990752n51"/>
</xref>.</ptxt>
</para>
</procstep>
<procstep id="nev11964471n10">
<title id="nev11964472n1"/>
<grate id="nev11964472n4">
<graphic id="nev11964472n5">
<href>0900c8af836d2a2#@#@#9#.jpeg</href>
</graphic>
<graphtext id="nev11964472n6">
<para id="nev11990753n249">
<ptxt id="nev11990753n248">Remove the uppe#@#@#7#e rod<xref boilerplate="true" id="nev11990753n247">
<ref id="nev11990753n246"/>
</xref>.</ptxt>
</para>
<para id="nev11964472n7">
<ptxt id="nev11964472n8">
<torque id="nev11964491n70">
<ref id="nev11964491n89"/>
</torque>
</ptxt>
</para>
</graphtext>
</grate>
</procstep>
<procstep id="nev11964472n9">
<title id="nev11964472n10"/>
<grate id="nev11964473n1">
<graphic id="nev11964473n2">
<href>0900c8af836d26e#@#@#9#.jpeg</href>
</graphic>
</grate>
</procstep>
<procstep id="nev11964495n141">
<title id="nev11964495n140"/>
<grate id="nev11964495n139">
<graphic id="nev11964495n138">
<href>0900c8af836d287#@#@#9#.jpeg</href>
</graphic>
</grate>
</procstep>
<procstep id="nev11964495n106">
<title id="nev11964495n105"/>
<grate id="nev11964495n104">
<graphic id="nev11964495n103">
<href>0900c8af836d290#@#@#9#.jpeg</href>
</graphic>
</grate>
</procstep>
<procstep id="nev11964495n71">
<title id="nev11964495n70"/>
<grate id="nev11964495n69">
<graphic id="nev11964495n68">
<href>0900c8af836d2d5#@#@#9#.jpeg</href>
</graphic>
<graphtext id="nev11964501n114">
<para id="nev11990753n170">
<ptxt id="nev11990753n96">
<torque id="nev11990753n95">
<ref id="nev11990753n94"/>
</torque>
</ptxt>
</para>
</graphtext>
</grate>
</procstep>
<procstep id="nev11964495n36">
<title id="nev11964495n35"/>
<grate id="nev11964495n34">
<graphic id="nev11964495n33">
<href>0900c8af836d2db#@#@#9#.jpeg</href>
</graphic>
<graphtext id="nev11964511n214">
<para id="nev11990753n12">
<ptxt id="nev11990758n194">
<emph id="nev11990758n115">For vehicles wi#@#@#5#ar AC</emph>
</ptxt>
</para>
<para id="nev11964511n156">
<ptxt id="nev11964511n155">
<torque id="nev11964511n82">
<ref id="nev11964511n98"/>
</torque>
</ptxt>
</para>
</graphtext>
</grate>
</procstep>
</stepgrp>
<stepgrp boilerplate="true" context="installation" id="nev11964473n3">
<procstep id="nev11990758n63">
<title id="nev11990758n62"/>
<para id="nev11990759n246">
<ptxt id="nev11990759n245">To install, rev#@#@#21#edure</ptxt>
</para>
</procstep>
<procstep id="nev11964473n4">
<title id="nev11964473n5"/>
<para id="nev11964473n8">
<ptxt id="nev11964473n9">Vacuum pump the#@#@#7#tem. <xref boilerplate="true" id="nev11964473n10">
<ref id="nev11964474n1"/>
</xref>.</ptxt>
</para>
<para id="nev11964474n2">
<ptxt id="nev11964474n3">Fill the AC-sys#@#@#17#ant. <xref boilerplate="true" id="nev11964474n4">
<ref id="nev11964474n5"/>
</xref>.</ptxt>
</para>
<para id="nev11964474n6">
<ptxt id="nev11964474n7">Leak-trace the #@#@#20#tem. <xref boilerplate="true" id="nev11964474n8">
<ref id="nev11964474n9"/>
</xref>
</ptxt>
<ptxt id="nev11964474n10"> Or <xref boilerplate="true" id="nev11964475n1">
<ref id="nev11964475n2"/>
</xref>.</ptxt>
</para>
<para id="nev11964475n3">
<ptxt id="nev11964475n4">Carry out a per#@#@#40#tem. <xref boilerplate="true" id="nev11964475n5">
<ref id="nev11964475n6"/>
</xref>.</ptxt>
</para>
</procstep>
</stepgrp>
</procedure>
</servinfosub>