<?xml version="1.0" encoding="UTF-8"?><servinfosub IE-ID="en-US0900c8af808d061b" docno="VCC-102434" id="KC02397244" servinfosubId="nev20686933n1-nev20686933n2" servinfosubRes="0900c8af862c2d37" servinfosubRes2="urn:x-nevis:fragment:0900c8af808d061b:0900c8af862c2d37#nev20686933n2" xml:lang="en-US">
<title>Introduction</title>
<topic>
<title/>
<grate pgwide="1">
<graphic id="nev20686933n1-KC08636239" width="page">
<href>0900c8af803f8ae#@#@#9#.jpeg</href>
</graphic>
</grate>
</topic>
<topic>
<title>C70 General</title>
<para>
<ptxt>The C70 is base#@#@#209#ents.</ptxt>
<ptxt>The C70 is avai#@#@#44#ors. </ptxt>
<ptxt>The car is a fo#@#@#51#eats.</ptxt>
<ptxt>There are four #@#@#115#her. </ptxt>
<ptxt>18” wheels with#@#@#85# C70.</ptxt>
</para>
</topic>
</servinfosub>