<?xml version="1.0" encoding="UTF-8"?><diagnostic IE-ID="en-US0900c8af80c4931c" docno="VCC-152690" id="KC02755124" type="test" xml:lang="en-US">
<title>
<phrase category="" id="KC09451427" phrase-urn="urn:x-nevis:phrase:0800c8af82709122">Verification</phrase>
</title>
<testgrp IE-ID="en-US0900c8af80c4931c_KC02755130" id="KC02755130" j2008use="1" paperuse="1" resumable="1" screenuse="1" testgrp-id="node1" x="160" y="80">
<title>
<phrase category="" id="KC09451428" phrase-urn="urn:x-nevis:phrase:0800c8af82709123">Verification</phrase>
</title>
<node>
<test1>
<hint>
<ptxt>
<phrase category="" id="KC09451429" phrase-urn="urn:x-nevis:phrase:0800c8af82709124">After carrying #@#@#50#died.</phrase>
</ptxt>
</hint>
<diaglist>
<dgraphic>
<dgraphic1>
<graphic id="KC09451430">
<href>0900c8af80054d5#@#@#9#.jpeg</href>
</graphic>
</dgraphic1>
<dgraphic2>
<graphic id="KC09451431">
<href>0900c8af80054d7#@#@#9#.jpeg</href>
</graphic>
</dgraphic2>
</dgraphic>
<ditem>
<ptxt>
<phrase category="" id="KC09451432" phrase-urn="urn:x-nevis:phrase:0800c8af82709125">Ignition off</phrase>
</ptxt>
</ditem>
<ditem>
<ptxt>
<phrase category="" id="KC09451433" phrase-urn="urn:x-nevis:phrase:0800c8af82709126">Reinstall the c#@#@#21# etc.</phrase>
</ptxt>
</ditem>
<ditem>
<ptxt>
<phrase category="" id="KC09451434" phrase-urn="urn:x-nevis:phrase:0800c8af82709127">Ignition on.</phrase>
</ptxt>
</ditem>
</diaglist>
<test2>
<para>
<ptxt>
<phrase category="" id="KC09451435" phrase-urn="urn:x-nevis:phrase:0800c8af8270912a">Park the car ou#@#@#85#rect.</phrase>
</ptxt>
</para>
<hint>
<ptxt>
<phrase category="" id="KC09451436" phrase-urn="urn:x-nevis:phrase:0800c8af8270912b">Use a battery c#@#@#32#ing. </phrase>
</ptxt>
</hint>
<para>
<ptxt>
<phrase category="" id="KC09451437" phrase-urn="urn:x-nevis:phrase:0800c8af8270912c">After a GPS uni#@#@#98#utes.</phrase>
</ptxt>
</para>
</test2>
</test1>
<question>
Is the positio#@#@#28#map?
</question>
<resact-grp>
<result button="yes" comp="button" highlight="0"/>
<action j2008use="1" paperuse="1" screenuse="1">
<return value="VERIFIED"/>
</action>
</resact-grp>
<resact-grp>
<result button="no" comp="button" highlight="0"/>
<action j2008use="1" paperuse="1" screenuse="1">
<return value="VERIFICATION FAILED"/>
</action>
</resact-grp>
</node>
</testgrp>
</diagnostic>