<?xml version="1.0" encoding="UTF-8"?><servinfosub IE-ID="en-US0900c8af8086731c" docno="VCC-092932" id="KC01136005" xml:lang="en-US">
<title>Pipe/hose, comp#@#@#12#acing</title>
<procedure>
<stepgrp>
<title>Pipe/hose, comp#@#@#12#acing</title>
<procstep id="KC01258115">
<title>Before starting#@#@#48#essor</title>
<warning>
<ptxt>Follow the safe#@#@#59# See <xref>
<ref id="KC07302470"/>
</xref>
</ptxt>
</warning>
<note>
<ptxt>First read the #@#@#43# See <xref>
<ref id="KC07302471"/>
</xref>
</ptxt>
</note>
<note>
<ptxt>Always plug the#@#@#60#tem. </ptxt>
</note>
</procstep>
<procstep>
<title>Removal</title>
<list1 enumtype="d" type="unordered">
<item>
<ptxt>Disconnect the #@#@#22# See <xref>
<ref id="KC07302472"/>
</xref>
</ptxt>
</item>
<item>
<ptxt>Drain the refri#@#@#23# See <xref>
<ref id="KC07302473"/>
</xref>. </ptxt>
</item>
</list1>
<grate>
<graphic id="KC07302474">
<href>0900c8af8005a0c#@#@#9#.jpeg</href>
</graphic>
<graphtext>
<list1 enumtype="d" type="unordered">
<title>Remove</title>
<item>
<ptxt>the air pipe at#@#@#18#e box</ptxt>
</item>
<item>
<ptxt>the hose clamp #@#@#46#ide (<emph>turbocharged en#@#@#5# only</emph>). If necessary#@#@#38#sier.</ptxt>
</item>
</list1>
</graphtext>
</grate>
<grate>
<graphic id="KC07302475">
<href>0900c8af8005a19#@#@#9#.jpeg</href>
</graphic>
<graphtext>
<list1 enumtype="d" type="unordered">
<item>
<ptxt>Disconnect the #@#@#50#nser.</ptxt>
</item>
</list1>
</graphtext>
</grate>
<grate>
<graphic id="KC07302476">
<href>0900c8af8005794#@#@#9#.jpeg</href>
</graphic>
<graphtext>
<list1 enumtype="d" type="unordered">
<item>
<ptxt>Remove the scre#@#@#58#ate. </ptxt>
</item>
</list1>
</graphtext>
</grate>
<grate>
<graphic id="KC07302477">
<href>0900c8af8005997#@#@#9#.jpeg</href>
</graphic>
<graphtext>
<list1 enumtype="d" type="unordered">
<title>Work under the car</title>
<item>
<ptxt>Remove the air #@#@#2#ffle.</ptxt>
</item>
</list1>
</graphtext>
</grate>
<grate>
<graphic id="KC07302478">
<href>0900c8af8005794#@#@#9#.jpeg</href>
</graphic>
<graphtext>
<list1 enumtype="d" type="unordered">
<title>The lower mount#@#@#33#egate</title>
<item>
<ptxt>Slacken off the#@#@#24# side</ptxt>
</item>
<item>
<ptxt>Remove the scre#@#@#19#side.</ptxt>
</item>
</list1>
</graphtext>
</grate>
<grate>
<graphic id="KC07302479">
<href>0900c8af8005c96#@#@#9#.jpeg</href>
</graphic>
<graphtext>
<list1 enumtype="d" type="unordered">
<item>
<ptxt>Slightly lower #@#@#77#crew.</ptxt>
</item>
</list1>
<list1 enumtype="d" type="unordered">
<title>Remove</title>
<item>
<ptxt>the screw from #@#@#79#rench</ptxt>
</item>
<item>
<ptxt>the hose from t#@#@#58#side.</ptxt>
</item>
</list1>
</graphtext>
</grate>
</procstep>
<procstep>
<title>Installation</title>
<list1 enumtype="d" type="unordered">
<item>
<note>
<ptxt>Always use new #@#@#34# oil </ptxt>
</note>
</item>
</list1>
<grate>
<graphic id="KC07302480">
<href>0900c8af8005c96#@#@#9#.jpeg</href>
</graphic>
<graphtext>
<list1 enumtype="d" type="unordered">
<item>
<ptxt>Position the pi#@#@#65#pling</ptxt>
</item>
<item>
<ptxt>Thread and tigh#@#@#36#sible</ptxt>
</item>
<item>
<ptxt>Tighten the scr#@#@#52#n to <emph>25 Nm ±6 Nm</emph>.</ptxt>
</item>
</list1>
</graphtext>
</grate>
<grate>
<graphic id="KC07302481">
<href>0900c8af8005794#@#@#9#.jpeg</href>
</graphic>
<graphtext>
<list1 enumtype="d" type="unordered">
<item>
<ptxt>Locate the air #@#@#116#n to <emph>25 Nm</emph>
</ptxt>
</item>
<item>
<ptxt>Check that the #@#@#26#oned.</ptxt>
</item>
</list1>
</graphtext>
</grate>
<grate>
<graphic id="KC07302482">
<href>0900c8af8005997#@#@#9#.jpeg</href>
</graphic>
<graphtext>
<list1 enumtype="d" type="unordered">
<item>
<ptxt>Install the air#@#@#3#ffle.</ptxt>
</item>
</list1>
</graphtext>
</grate>
</procstep>
<procstep>
<title>Work in the eng#@#@#10#tment</title>
<list1 enumtype="d" type="unordered">
<item>
<note>
<ptxt>Always use new #@#@#35#oil. </ptxt>
</note>
</item>
</list1>
<grate>
<graphic id="KC07302483">
<href>0900c8af8005a19#@#@#9#.jpeg</href>
</graphic>
<graphtext>
<list1 enumtype="d" type="unordered">
<item>
<ptxt>Position the pi#@#@#36#essor</ptxt>
</item>
<item>
<ptxt>Tighten to <emph>25 Nm</emph>.</ptxt>
</item>
</list1>
</graphtext>
</grate>
<grate>
<graphic id="KC07302484">
<href>0900c8af8005794#@#@#9#.jpeg</href>
</graphic>
<graphtext>
<list1 enumtype="d" type="unordered">
<item>
<ptxt>Thread the scre#@#@#57#egate</ptxt>
</item>
<item>
<ptxt>Tighten to <emph>10 Nm</emph>.</ptxt>
</item>
</list1>
</graphtext>
</grate>
<list1>
<item>
<ptxt>Install the hos#@#@#60#ide (<emph>turbocharged en#@#@#5# only</emph>).</ptxt>
</item>
</list1>
<grate>
<graphic id="KC07302485">
<href>0900c8af8005a0c#@#@#9#.jpeg</href>
</graphic>
<graphtext>
<list1 enumtype="d" type="unordered">
<item>
<ptxt>Install the air#@#@#27# box.</ptxt>
</item>
</list1>
</graphtext>
</grate>
<list1 enumtype="d" type="unordered">
<item>
<ptxt>Top up with oil#@#@#1# See <xref>
<ref id="KC07302486"/>
</xref>
</ptxt>
</item>
<item>
<ptxt>Vacuum pump the#@#@#22# See <xref>
<ref id="KC07302487"/>
</xref>
</ptxt>
</item>
<item>
<ptxt>Fill the system#@#@#21# See <xref>
<ref id="KC07302488"/>
</xref>
</ptxt>
</item>
<item>
<ptxt>Connect the bat#@#@#19# See <xref>
<ref id="KC07302489"/>
</xref>
</ptxt>
</item>
</list1>
</procstep>
</stepgrp>
</procedure>
</servinfosub>