<?xml version="1.0" encoding="UTF-8"?><servinfosub IE-ID="en-US0900c8af85a1731c" docno="VCC-419047" id="nev15836155n1" original="sv-SE" servinfosubId="nev20688843n1-nev20688843n2" servinfosubRes="0900c8af862c3d05" servinfosubRes2="urn:x-nevis:fragment:0900c8af85a1731c:0900c8af862c3d05#nev20688843n2" xml:lang="en-US">
<title id="nev15836155n2">Alcohol Analysi#@#@#23#neral</title>
<topic id="nev20688843n1-nev15836155n3">
<title id="nev20688843n1-nev15836155n4">Alcohol Analysi#@#@#13#bitor</title>
<grate id="nev20688843n1-nev15836155n5" pgwide="1">
<title id="nev20688843n1-nev15836155n6">S60/S80/V70/XC7#@#@#1#/XC60</title>
<graphic id="nev20688843n1-nev15836155n7">
<href>0900c8af85b1218#@#@#10#.jpeg</href>
</graphic>
</grate>
<grate id="nev20688843n1-nev15836155n8" pgwide="1">
<title id="nev20688843n1-nev15836155n9">C30/C70/S40/V50</title>
<graphic id="nev20688843n1-nev15836155n10">
<href>0900c8af85b1218#@#@#10#.jpeg</href>
</graphic>
</grate>
<grate id="nev20688843n1-nev18227961n244" pgwide="1">
<title id="nev20688843n1-nev18227961n239">V40 (2013-)</title>
<graphic id="nev20688843n1-nev18227961n243">
<href>0900c8af858062d#@#@#10#.jpeg</href>
</graphic>
</grate>
<para id="nev20688843n1-nev15836156n1">
<ptxt id="nev20688843n1-nev15836156n2">In a vehicle wi#@#@#391#rted.</ptxt>
<ptxt id="nev20688843n1-nev15836156n3">Also see Design#@#@#39#tion.</ptxt>
<ptxt id="nev20688843n1-nev15836156n4">The Alcohol Ana#@#@#414#ECM).</ptxt>
<ptxt id="nev20688843n1-nev15836156n5">The Alcohol Ana#@#@#64#ntry.</ptxt>
</para>
</topic>
</servinfosub>