<?xml version="1.0" encoding="UTF-8"?><script xmlns:nevis="http://www.volvocars.com/namespaces/processing" xmlns:xlink="http://www.w3.org/1999/xlink" IE-ID="en-US0900c8af87e2031c" docno="VCC-507054" id="nev28508902n1" nevis:expl-profile="mdl536yr2018" nevis:profile="urn:x-nevis:profile:0b00c8af8734696f" nevis:projectdocument="urn:x-nevis:projectdocument:0800c8af87e20310" nevis:resource="0900c8af87e20918" nevis:resource2="urn:x-nevis:fragment:0900c8af87e2031c:0900c8af87e20918#nev28508902n1" nevis:session-id="" qualifierinfotype="14:06" xml:lang="en-US"><title id="nev28508902n2"><phrase category="Title" id="nev28508902n3" phrase-urn="urn:x-nevis:phrase:0800c8af86f03262">Component test:</phrase><phrase category="Generic Component" id="nev28508902n4" phrase-urn="urn:x-nevis:phrase:0800c8af869b7be6">Defroster dampe#@#@#2#motor</phrase></title><content id="nev28508902n5-nev28508889n1" nevis:expl-profile="mdl536yr2018" nevis:idfrom="nev28508902n5" nevis:prefix="nev28508902n5" nevis:profile="urn:x-nevis:profile:0b00c8af8734696f" nevis:resource="0900c8af87e2091a" nevis:resource2="urn:x-nevis:fragment:0900c8af87e2031c:0900c8af87e2091a#nev28508889n1" xml:lang="en-US"><nodes id="nev28508902n5-nev28508889n2"/><SpaScript Id="4b7159da-98df-4230-98ef-12e4c5278aab" Name="Component test: Defroster damper motor " Type="FaultTracing" id="nev28508902n5-nev28513322n1"><Module Annotation="First we run the generic component test module.&#xD;&#xA;After that you can put your individual&#xD;&#xA;component tests..." IsEventHandler="false" Name="Main" id="nev28508902n5-nev28513323n1"><Variable Annotation="" Id="test_remove" Scope="Local" Type="InfoDisplay" id="nev28508902n5-nev28513324n1"><Value Type="InfoDisplayVariable" id="nev28508902n5-nev28513325n1"><infoDisplay id="nev28508902n5-nev28508889n7"><title id="nev28508902n5-nev28508889n8"><freeText id="nev28508902n5-nev28508889n9">Test Test Test</freeText></title><para id="nev28508902n5-nev28508889n10"><freeText id="nev28508902n5-nev28508890n1">Detta är den ge#@#@#45#p... </freeText></para><para id="nev28508902n5-nev28508890n2"><freeText id="nev28508902n5-nev28508890n3">Denna text visa#@#@#42#erats</freeText></para></infoDisplay></Value></Variable><Variable Annotation="" Id="Input" Scope="Input" Type="FaultTracing.Input" id="nev28508902n5-nev28513326n1"/><Component Annotation="Generic test to inform about the DTC condition for faulttracing this cmponent." ComponentId="CallModule_GenericComponentTest" id="nev28508902n5-nev28513327n1"><CallModule id="nev28508902n5-nev28513328n1"><Input Module="GenericComponentTest" id="nev28508902n5-nev28513329n1"><Arg Value="{Input}" id="nev28508902n5-nev28513330n1"/></Input></CallModule></Component><Component ComponentId="RunScript1" id="nev28508902n5-nev28513331n1"><RunScript id="nev28508902n5-nev28513332n1"><Input id="nev28508902n5-nev28513333n1"><NevisLink ProjectDocumentId="0800c8af87e203d6" VCCNumber="VCC-507084-1" VariantId="0900c8af87e203ef" id="nev28508902n5-nev28513334n1"/><Contract id="nev28508902n5-nev28513335n1"/><Arguments id="nev28508902n5-nev28513336n1"/><NevisXRef id="nev28508902n5-nev28513337n1"><ref id="nev28508902n5-nev28513321n1"><locator xlink:href="#nev28508902n5-nev28513321n1" xlink:type="locator"/><locator xlink:href="urn:x-nevis:xref:0800c8af87e203d6:00000000:00000000#nev28509590n1" xlink:type="locator"/><arc nevis:href="urn:x-nevis:xref:0800c8af87e203d6:00000000:00000000#nev28509590n1" xlink:title="VCC-507084, Damper motors" xlink:type="arc"/></ref></NevisXRef></Input></RunScript></Component></Module><Module IsEventHandler="false" Name="Final" id="nev28508902n5-nev28513341n1"/><Module Annotation="Do not touch!" IsEventHandler="false" Name="GenericComponentTest" id="nev28508902n5-nev28513342n1"><Variable Annotation="" Id="InfoDisplayFromGenericLogic" Scope="Local" Type="InfoDisplay" id="nev28508902n5-nev28513343n1"><Value Type="InfoDisplayVariable" id="nev28508902n5-nev28513344n1"><infoDisplay id="nev28508902n5-nev28508892n1"/></Value></Variable><Variable Annotation="" Id="DTCs" Scope="Input" Type="List[String]" id="nev28508902n5-nev28513345n1"/><Component ComponentId="Logger_running_generic" id="nev28508902n5-nev28513346n1"><Logger id="nev28508902n5-nev28513347n1"><Input Text="Running module GenericComponenttest in component test 14:06..........   --- Version: 2015-01-23," id="nev28508902n5-nev28513348n1"/></Logger></Component><Component Annotation="Run the Generic Logic 14:00" ComponentId="RunScript_generic_logic" id="nev28508902n5-nev28513349n1"><RunScript id="nev28508902n5-nev28513350n1"><Input id="nev28508902n5-nev28513351n1"><NevisLink ProjectDocumentId="0800c8af86b6bb5c" VCCNumber="VCC-479232-1" VariantId="0900c8af86b6bb6b" id="nev28508902n5-nev28513352n1"/><Contract id="nev28508902n5-nev28513353n1"><InputVariable Name="DTC_input_data" Type="FaultTracing.Input" id="nev28508902n5-nev28513354n1"/><OutputVariable Name="Error" Type="Double" id="nev28508902n5-nev28513355n1"/><OutputVariable Name="ReturnInfoDisplay" Type="InfoDisplay" id="nev28508902n5-nev28513356n1"/><OutputVariable Name="Only_UC_since_LC" Type="Double" id="nev28508902n5-nev28513357n1"/><OutputVariable Name="TF_since_LC_TestPassedNow" Type="Double" id="nev28508902n5-nev28513358n1"/><OutputVariable Name="TF_since_LC_TestNotRunning" Type="Double" id="nev28508902n5-nev28513359n1"/><OutputVariable Name="TF_since_LC_and_UC_this_OC" Type="Double" id="nev28508902n5-nev28513360n1"/><OutputVariable Name="FaultFreeComponent" Type="Double" id="nev28508902n5-nev28513361n1"/></Contract><Arguments InputValue1="{DTCs}" id="nev28508902n5-nev28513362n1"/><NevisXRef id="nev28508902n5-nev28508893n10"><ref id="nev28508902n5-nev28508894n1"><locator xlink:href="#nev28508902n5-nev28508894n1" xlink:type="locator"/><locator xlink:href="urn:x-nevis:xref:0800c8af86b6bb5c:00000000:00000000#nev22873702n1" xlink:type="locator"/><arc nevis:href="urn:x-nevis:xref:0800c8af86b6bb5c:00000000:00000000#nev22873702n1" xlink:title="VCC-479232, Generic logic for component test" xlink:type="arc"/></ref></NevisXRef></Input></RunScript></Component><If Annotation="if no error show generic info about DTC status for component" LogicId="If_no_error" id="nev28508902n5-nev28513366n1"><LogicStatement Expression="RunScript_generic_logic_Result.Error == False" id="nev28508902n5-nev28513367n1"/><True id="nev28508902n5-nev28513368n1"><Component ComponentId="Logger_showing_infodisplay" id="nev28508902n5-nev28513369n1"><Logger id="nev28508902n5-nev28513370n1"><Input Text="Showing information from generic logic script" id="nev28508902n5-nev28513371n1"/></Logger></Component><Component Annotation="From infodisplay returned by generic logic to a local infodisplay variable due to a bug in SPASE " ComponentId="AssignValue_Infodisplay" id="nev28508902n5-nev28513372n1"><AssignValue id="nev28508902n5-nev28513373n1"><Input AssignTo="{InfoDisplayFromGenericLogic}" Value="{RunScript_generic_logic_Result ReturnInfoDisplay}" id="nev28508902n5-nev28513374n1"/></AssignValue></Component><Component Annotation="Result from the generic logic 14:00" ComponentId="DisplayInformation_FromGenericLogic" id="nev28508902n5-nev28513375n1"><DisplayInformation id="nev28508902n5-nev28513376n1"><Input ButtonType="0" InfoDisplay="{InfoDisplayFromGenericLogic}" id="nev28508902n5-nev28513377n1"/></DisplayInformation></Component><If Annotation="If component only has unconfirmed DTC" LogicId="If_OnlyUnconfirmed" id="nev28508902n5-nev28513378n1"><LogicStatement Expression="RunScript_generic_logic_Result.Only_UC_since_LC == True" id="nev28508902n5-nev28513379n1"/><True id="nev28508902n5-nev28513380n1"><Component ComponentId="Logger_onlyUnconfirmed" id="nev28508902n5-nev28513381n1"><Logger id="nev28508902n5-nev28513382n1"><Input Text="The component Test 14:06, Module: GenericcomponentTest is now starting the 14:00 generic script for only unconfirmed since generic logic responded that there was only unconfirmed DTC" id="nev28508902n5-nev28513383n1"/></Logger></Component><Component Annotation="Generic Logic only for unconfirmed faulttracing" ComponentId="RunScript_OnlyUnconfirmed" id="nev28508902n5-nev28513384n1"><RunScript id="nev28508902n5-nev28513385n1"><Input id="nev28508902n5-nev28513386n1"><NevisLink ProjectDocumentId="0800c8af86bbe0d4" VCCNumber="VCC-479592-1" VariantId="0900c8af86bbddf9" id="nev28508902n5-nev28513387n1"/><Contract id="nev28508902n5-nev28513388n1"><InputVariable Name="AttemptNo" Type="Double" id="nev28508902n5-nev28513389n1"/><InputVariable Name="DTCs" Type="List[String]" id="nev28508902n5-nev28513390n1"/><OutputVariable Name="Verified" Type="Double" id="nev28508902n5-nev28513391n1"/><OutputVariable Name="ReturningInfodisplay" Type="InfoDisplay" id="nev28508902n5-nev28513392n1"/></Contract><Arguments InputValue1="1" InputValue2="{DTCs}" id="nev28508902n5-nev28513393n1"/><NevisXRef id="nev28508902n5-nev28508896n10"><ref id="nev28508902n5-nev28508897n1"><locator xlink:href="#nev28508902n5-nev28508897n1" xlink:type="locator"/><locator xlink:href="urn:x-nevis:xref:0800c8af86bbe0d4:00000000:00000000#nev22964386n1" xlink:type="locator"/><arc nevis:href="urn:x-nevis:xref:0800c8af86bbe0d4:00000000:00000000#nev22964386n1" xlink:title="VCC-479592, GenericLogicForOnlyUnconfirmedComponentTest" xlink:type="arc"/></ref></NevisXRef></Input></RunScript></Component><Component ComponentId="AssignValue_infodisplay" id="nev28508902n5-nev28513397n1"><AssignValue id="nev28508902n5-nev28513398n1"><Input AssignTo="{InfoDisplayFromGenericLogic}" Value="{RunScript_OnlyUnconfirmed_Result ReturningInfodisplay}" id="nev28508902n5-nev28513399n1"/></AssignValue></Component><Component ComponentId="DisplayInformation_ResultOnlyUnconfirmed" id="nev28508902n5-nev28513400n1"><DisplayInformation id="nev28508902n5-nev28513401n1"><Input ButtonType="0" InfoDisplay="{InfoDisplayFromGenericLogic}" id="nev28508902n5-nev28513402n1"/></DisplayInformation></Component><If Annotation="Verified ?" LogicId="If1" id="nev28508902n5-nev28513403n1"><LogicStatement Expression="RunScript_OnlyUnconfirmed_Result.Verified == True" id="nev28508902n5-nev28513404n1"/><True id="nev28508902n5-nev28513405n1"><Component Annotation="Verified" ComponentId="Logger_finished" id="nev28508902n5-nev28513406n1"><Logger id="nev28508902n5-nev28513407n1"><Input Text="Generic fault tracing instructions for only unconfirmed fault finished. the fault is verified..." id="nev28508902n5-nev28513408n1"/></Logger></Component></True><Else id="nev28508902n5-nev28513409n1"><Component ComponentId="Logger_NotVerifiedRetry2" id="nev28508902n5-nev28513410n1"><Logger id="nev28508902n5-nev28513411n1"><Input Text="The only unconfirmed fault is not verified... Running onlyUnconfirmedScript 14:00 one more time..." id="nev28508902n5-nev28513412n1"/></Logger></Component><Component Annotation="Second try" ComponentId="RunScriptUnconfirmed_2" id="nev28508902n5-nev28513413n1"><RunScript id="nev28508902n5-nev28513414n1"><Input id="nev28508902n5-nev28513415n1"><NevisLink ProjectDocumentId="0800c8af86bbe0d4" VCCNumber="VCC-479592-1" VariantId="0900c8af86bbddf9" id="nev28508902n5-nev28513416n1"/><Contract id="nev28508902n5-nev28513417n1"><InputVariable Name="AttemptNo" Type="Double" id="nev28508902n5-nev28513418n1"/><InputVariable Name="DTCs" Type="List[String]" id="nev28508902n5-nev28513419n1"/><OutputVariable Name="Verified" Type="Double" id="nev28508902n5-nev28513420n1"/><OutputVariable Name="ReturningInfodisplay" Type="InfoDisplay" id="nev28508902n5-nev28513421n1"/></Contract><Arguments InputValue1="2" InputValue2="{DTCs}" id="nev28508902n5-nev28513422n1"/><NevisXRef id="nev28508902n5-nev28508899n8"><ref id="nev28508902n5-nev28508899n9"><locator xlink:href="#nev28508902n5-nev28508899n9" xlink:type="locator"/><locator xlink:href="urn:x-nevis:xref:0800c8af86bbe0d4:00000000:00000000#nev22964386n1" xlink:type="locator"/><arc nevis:href="urn:x-nevis:xref:0800c8af86bbe0d4:00000000:00000000#nev22964386n1" xlink:title="VCC-479592, GenericLogicForOnlyUnconfirmedComponentTest" xlink:type="arc"/></ref></NevisXRef></Input></RunScript></Component><Component Annotation="" ComponentId="AssignValue_infodisplay2" id="nev28508902n5-nev28513426n1"><AssignValue id="nev28508902n5-nev28513427n1"><Input AssignTo="{InfoDisplayFromGenericLogic}" Value="{RunScriptUnconfirmed_2_Result ReturningInfodisplay}" id="nev28508902n5-nev28513428n1"/></AssignValue></Component><Component ComponentId="DisplayInformation_ResultUC_2" id="nev28508902n5-nev28513429n1"><DisplayInformation id="nev28508902n5-nev28513430n1"><Input ButtonType="0" InfoDisplay="{InfoDisplayFromGenericLogic}" id="nev28508902n5-nev28513431n1"/></DisplayInformation></Component></Else></If></True><Else id="nev28508902n5-nev28513432n1"/></If></True><Else id="nev28508902n5-nev28513433n1"><Component ComponentId="Logger_error" id="nev28508902n5-nev28513434n1"><Logger id="nev28508902n5-nev28513435n1"><Input Text="Error! Something is wrong in generic logic14:00 script, no condition is true. disabling viewing of the generic information, continueing directly to specific fault tracing..." id="nev28508902n5-nev28513436n1"/></Logger></Component></Else></If><Component ComponentId="Logger_Finished" id="nev28508902n5-nev28513437n1"><Logger id="nev28508902n5-nev28513438n1"><Input Text="Generic module in 14:06 component test is finished, continuing with specific tests...." id="nev28508902n5-nev28513439n1"/></Logger></Component></Module></SpaScript></content></script>