<?xml version="1.0" encoding="UTF-8"?><servinfosub IE-ID="en-US0900c8af85b3431c" docno="VCC-456532" id="nev18505619n1" xml:lang="en-US">
<title>
<phrase category="" id="nev18505619n2" phrase-urn="urn:x-nevis:phrase:0800c8af81a9e82a">Diagnostic trou#@#@#21#ation</phrase>
</title>
<diagnostic j2008use="1" paperuse="1" screenuse="1" type="condition">
<condgrp>
<condition type="condition">
<grate>
<graphic id="nev18505619n3">
<href>0900c8af800576e#@#@#9#.jpeg</href>
</graphic>
<graphtext>
<para>
<ptxt>
<phrase category="" id="nev18505619n4" phrase-urn="urn:x-nevis:phrase:0800c8af81a9e82b">The engine cont#@#@#50#ors. </phrase>
</ptxt>
</para>
<para id="nev18505619n5">
<ptxt id="nev18505619n6">
<phrase category="Condition" id="nev18505619n7" phrase-urn="urn:x-nevis:phrase:0800c8af82c4843c">The diagnostic #@#@#59#that:</phrase>
</ptxt>
</para>
<list1 id="nev18505619n8">
<item id="nev18505619n9">
<ptxt id="nev18505619n10">
<phrase category="Condition" id="nev18505620n1" phrase-urn="urn:x-nevis:phrase:0800c8af84ca92b3">The signal is m#@#@#30#cuit.</phrase>
</ptxt>
</item>
</list1>
<ptxt id="nev18505620n2">
<phrase category="Faulttracing" id="nev18505620n3" phrase-urn="urn:x-nevis:phrase:0800c8af84c639a4">Checks for thes#@#@#39#side.</phrase>
</ptxt>
<ptxt>
<phrase category="" id="nev18505620n4" phrase-urn="urn:x-nevis:phrase:0800c8af81a9e82d">The diagnostic #@#@#60#d to.</phrase>
</ptxt>
<list1 enumtype="b" type="unordered">
<item>
<ptxt>
<phrase category="Faulttracing" id="nev18505620n5" phrase-urn="urn:x-nevis:phrase:0800c8af827fbbcb">Injector valve 1:</phrase>
<phrase category="Faulttracing" id="nev18505620n6" phrase-urn="urn:x-nevis:phrase:0800c8af84c63990">ECM-P020113</phrase>
</ptxt>
</item>
<item>
<ptxt>
<phrase category="Faulttracing" id="nev18505620n7" phrase-urn="urn:x-nevis:phrase:0800c8af827fbbcd">Injector valve #@#@#6#er 2:</phrase>
<phrase category="Faulttracing" id="nev18505620n8" phrase-urn="urn:x-nevis:phrase:0800c8af84c63991">ECM-P020213</phrase>
</ptxt>
</item>
<item>
<ptxt>
<phrase category="Faulttracing" id="nev18505620n9" phrase-urn="urn:x-nevis:phrase:0800c8af827fbbce">Injector valve #@#@#6#er 3:</phrase>
<phrase category="Faulttracing" id="nev18505620n10" phrase-urn="urn:x-nevis:phrase:0800c8af84c63992">ECM-P020313</phrase>
</ptxt>
</item>
<item>
<ptxt>
<phrase category="Faulttracing" id="nev18505621n1" phrase-urn="urn:x-nevis:phrase:0800c8af827fbbd0">Injector valve #@#@#6#er 4:</phrase>
<phrase category="Faulttracing" id="nev18505621n2" phrase-urn="urn:x-nevis:phrase:0800c8af84c63995">ECM-P020413</phrase>
</ptxt>
</item>
</list1>
<para>
<ptxt>
<phrase category="Condition" id="nev18505621n3" phrase-urn="urn:x-nevis:phrase:0800c8af82c479d6">The control mod#@#@#67#t of:</phrase>
</ptxt>
</para>
<list1 id="nev18505621n4">
<item id="nev18505621n5">
<ptxt id="nev18505621n6">
<phrase category="Condition" id="nev18505621n7" phrase-urn="urn:x-nevis:phrase:0800c8af83023a3b">Engine running.</phrase>
</ptxt>
</item>
</list1>
</graphtext>
</grate>
</condition>
</condgrp>
<condgrp>
<condition type="substitution">
<list1 enumtype="d" type="unordered">
<item>
<ptxt>
<phrase category="" id="nev18505621n8" phrase-urn="urn:x-nevis:phrase:0800c8af81a9e834">None.</phrase>
</ptxt>
</item>
</list1>
</condition>
<ps>
<list1 enumtype="d" type="unordered">
<item>
<ptxt>
<phrase category="" id="nev18505621n9" phrase-urn="urn:x-nevis:phrase:0800c8af81a9e835">Contact resista#@#@#15#inals</phrase>
</ptxt>
</item>
<item>
<ptxt>
<phrase category="" id="nev18505621n10" phrase-urn="urn:x-nevis:phrase:0800c8af81a9e836">Open-circuit in#@#@#12#cable</phrase>
</ptxt>
</item>
<item>
<ptxt>
<phrase category="" id="nev18505622n1" phrase-urn="urn:x-nevis:phrase:0800c8af81a9e837">Open-circuit in#@#@#29#ctor </phrase>
</ptxt>
</item>
<item>
<ptxt>
<phrase category="" id="nev18505622n2" phrase-urn="urn:x-nevis:phrase:0800c8af81a9e838">Damaged injector.</phrase>
</ptxt>
</item>
</list1>
</ps>
</condgrp>
<condgrp>
<condition type="symptom">
<list1 enumtype="d" type="unordered">
<item>
<ptxt>
<phrase category="Symptom CSC" id="nev18505622n3" phrase-urn="urn:x-nevis:phrase:0800c8af8388f453">DL2, Warning li#@#@#86#ation</phrase>
</ptxt>
</item>
<item>
<ptxt>
<phrase category="Symptom CSC" id="nev18505622n4" phrase-urn="urn:x-nevis:phrase:0800c8af8388f019">AJ, Driving/Poo#@#@#20#power</phrase>
</ptxt>
</item>
<item id="nev18505622n5">
<ptxt id="nev18505622n6">
<phrase category="Symptom CSC" id="nev18505622n7" phrase-urn="urn:x-nevis:phrase:0800c8af8388f021">AK, Driving/Hes#@#@#33#times</phrase>
</ptxt>
</item>
<item id="nev18505622n8">
<ptxt id="nev18505622n9">
<phrase category="Symptom CSC" id="nev18505622n10" phrase-urn="urn:x-nevis:phrase:0800c8af8388f287">8N, Driving/Unu#@#@#30#times</phrase>
</ptxt>
</item>
</list1>
</condition>
</condgrp>
</diagnostic>
</servinfosub>