<?xml version="1.0" encoding="UTF-8"?><servinfosub IE-ID="en-US0900c8af87fcd31c" docno="VCC-370976" id="nev13717517n1" original="sv-SE" servinfosubId="nev13717518n1-nev29185924n1" servinfosubRes="0900c8af881d4357" servinfosubRes2="urn:x-nevis:fragment:0900c8af87fcd31c:0900c8af881d4357#nev29185924n1" xml:lang="en-US">
<operationnumbers>
<operationnumber>83408-2</operationnumber>
</operationnumbers>
<title id="nev13717514n56">Lock cylinder, door</title>
<procedure id="nev13717518n1-nev29704739n2">
<stepgrp boilerplate="false" context="" id="nev13717518n1-nev29704236n16">
<title id="nev13717518n1-nev29704739n4">Removal</title>
<procstep id="nev13717518n1-nev29704236n15">
<para id="nev13717518n1-nev29704236n11">
<ptxt id="nev13717518n1-nev29704236n13">Remove handle o#@#@#10# door<xref boilerplate="true" id="nev13717518n1-nev29704236n14">
<ref id="nev13717518n1-nev29704236n12"/>
</xref>
</ptxt>
</para>
</procstep>
<procstep id="nev13717518n1-nev29704740n1">
<grate id="nev13717518n1-nev29704236n9">
<graphic id="nev13717518n1-nev29704236n10">
<href>0900c8af868465c#@#@#9#.jpeg</href>
</graphic>
<graphtext id="nev13717518n1-nev29704749n1">
<para id="nev13717518n1-nev29704236n7">
<ptxt id="nev13717518n1-nev29704236n8">Remove the mark#@#@#3#part.</ptxt>
</para>
</graphtext>
</grate>
</procstep>
</stepgrp>
<stepgrp boilerplate="false" context="" id="nev13717518n1-nev29704236n6">
<title id="nev13717518n1-nev29704742n3">Installation</title>
<procstep id="nev13717518n1-nev29704742n4">
<para id="nev13717518n1-nev29704236n4">
<ptxt id="nev13717518n1-nev29704236n5">To install, rev#@#@#22#dure.</ptxt>
</para>
</procstep>
</stepgrp>
</procedure>
</servinfosub>