<?xml version="1.0" encoding="UTF-8"?><servinfosub IE-ID="en-US0900c8af84e7c31c" docno="VCC-411682" id="nev15443514n1" xml:lang="en-US">
<title>
<phrase category="Title" id="nev15443514n2" phrase-urn="urn:x-nevis:phrase:0800c8af81eb9a54">Diagnostic trou#@#@#21#ation</phrase>
<phrase category="Prefix" id="nev15443514n3" phrase-urn="urn:x-nevis:phrase:0800c8af8015c3f5">ECM</phrase>-U042600</title>
<diagnostic j2008use="1" paperuse="1" screenuse="1" type="condition">
<condgrp>
<condition type="condition">
<para id="nev15443514n4">
<ptxt id="nev15443514n5">
<phrase category="Condition" id="nev15443514n6" phrase-urn="urn:x-nevis:phrase:0800c8af835b79bb">The Engine cont#@#@#108#tion.</phrase>
</ptxt>
</para>
<para id="nev15443514n7">
<ptxt id="nev15443514n8">
<phrase category="Condition" id="nev15443514n9" phrase-urn="urn:x-nevis:phrase:0800c8af82c4843c">The diagnostic #@#@#59#that:</phrase>
</ptxt>
</para>
<list1 id="nev15443514n10">
<item id="nev15443515n1">
<ptxt id="nev15443515n2">
<phrase category="Condition" id="nev15443515n3" phrase-urn="urn:x-nevis:phrase:0800c8af83d3cd01">Communication i#@#@#18#sing.</phrase>
</ptxt>
</item>
</list1>
<para id="nev15443515n4">
<ptxt id="nev15443515n5">
<phrase category="Condition" id="nev15443515n6" phrase-urn="urn:x-nevis:phrase:0800c8af82c479d6">The control mod#@#@#67#t of:</phrase>
</ptxt>
</para>
<list1 id="nev15443515n7">
<item id="nev15443515n8">
<ptxt id="nev15443515n9">
<phrase category="Condition" id="nev15443515n10" phrase-urn="urn:x-nevis:phrase:0800c8af82c47c8e">Ignition switch#@#@#8#n II.</phrase>
</ptxt>
</item>
</list1>
<note id="nev15443516n1">
<ptxt id="nev15443516n2">
<phrase category="Condition" id="nev15443516n3" phrase-urn="urn:x-nevis:phrase:0800c8af82c4844b">The control mod#@#@#132# met.</phrase>
</ptxt>
</note>
</condition>
</condgrp>
<condgrp>
<condition type="substitution">
<list1 enumtype="d">
<item>
<ptxt>
<phrase category="Substitution" id="nev15443516n4" phrase-urn="urn:x-nevis:phrase:0800c8af81eb9984">None.</phrase>
</ptxt>
</item>
</list1>
</condition>
<ps>
<list1 enumtype="d" id="nev15443516n5">
<item id="nev15443516n6">
<ptxt id="nev15443516n7">
<phrase category="Possible source" id="nev15443516n8" phrase-urn="urn:x-nevis:phrase:0800c8af81eab907">Contact resista#@#@#30#tors.</phrase>
</ptxt>
</item>
<item id="nev15443516n9">
<ptxt id="nev15443516n10">
<phrase category="Possible source" id="nev15443517n1" phrase-urn="urn:x-nevis:phrase:0800c8af81eb94d9">Open-circuit in#@#@#41#bles.</phrase>
</ptxt>
</item>
<item id="nev15443517n2">
<ptxt id="nev15443517n3">
<phrase category="Possible source" id="nev15443517n4" phrase-urn="urn:x-nevis:phrase:0800c8af82d7b0fd">One of the CAN #@#@#40#ound.</phrase>
</ptxt>
</item>
<item id="nev15443517n5">
<ptxt id="nev15443517n6">
<phrase category="Possible source" id="nev15443517n7" phrase-urn="urn:x-nevis:phrase:0800c8af82d7b379">One of the CAN #@#@#41#tage.</phrase>
</ptxt>
</item>
<item id="nev15443517n8">
<ptxt id="nev15443517n9">
<phrase category="Possible source" id="nev15443517n10" phrase-urn="urn:x-nevis:phrase:0800c8af82d7b598">The CAN network#@#@#39#ther.</phrase>
</ptxt>
</item>
</list1>
</ps>
</condgrp>
<condgrp>
<condition type="symptom">
<list1 enumtype="d" type="unordered">
<item id="nev15443518n1">
<ptxt id="nev15443518n2">
<phrase category="Symptom" id="nev15443518n3" phrase-urn="urn:x-nevis:phrase:0800c8af822826c5">None.</phrase>
</ptxt>
</item>
</list1>
</condition>
</condgrp>
</diagnostic>
</servinfosub>