<?xml version="1.0" encoding="UTF-8"?><servinfosub IE-ID="en-US0900c8af80115519" docno="VCC-106116" id="KC01137713" xml:lang="en-US">
<title>
<phrase category="" id="KC09323609" phrase-urn="urn:x-nevis:phrase:0800c8af826e356b">Signal missing.#@#@#11#fault</phrase>
</title>
<diagnostic type="test">
<testgrp IE-ID="en-US0900c8af80115519_KC01150552" id="KC01150552" j2008use="1" paperuse="1" resumable="1" screenuse="1" testgrp-id="node1" x="120" y="80">
<title>
<phrase category="" id="KC09323610" phrase-urn="urn:x-nevis:phrase:0800c8af826e356c">Checking connec#@#@#10#iring</phrase>
</title>
<node>
<test1>
<test2>
<para>
<ptxt>
<phrase category="" id="KC09323611" phrase-urn="urn:x-nevis:phrase:0800c8af826e356d">Check the engin#@#@#70#tion.</phrase>
</ptxt>
</para>
<para>
<ptxt>
<phrase category="" id="KC09323612" phrase-urn="urn:x-nevis:phrase:0800c8af826e356e">Check the signa#@#@#338#cuit.</phrase>
</ptxt>
</para>
<para>
<ptxt>
<phrase category="" id="KC09323613" phrase-urn="urn:x-nevis:phrase:0800c8af826e356f">Check the carri#@#@#42#cts. </phrase>
</ptxt>
</para>
<para>
<ptxt>
<phrase category="" id="KC09323614" phrase-urn="urn:x-nevis:phrase:0800c8af826e3571">Remedy as necessary.</phrase>
</ptxt>
</para>
<list1 enumtype="d" type="unordered">
<title>
<phrase category="" id="KC09323615" phrase-urn="urn:x-nevis:phrase:0800c8af826e3572">Other information:</phrase>
</title>
<item>
<ptxt>
<phrase category="" id="KC09323616" phrase-urn="urn:x-nevis:phrase:0800c8af826e3573">To connect the #@#@#41# see <xref>
<ref id="KC09323617"/>
</xref>
</phrase>
</ptxt>
</item>
<item>
<ptxt>
<phrase category="" id="KC09323618" phrase-urn="urn:x-nevis:phrase:0800c8af826e3561">To access or re#@#@#36# see <xref>
<ref id="KC09323619"/>
</xref>
</phrase>
</ptxt>
</item>
<item>
<ptxt>
<phrase category="" id="KC09323620" phrase-urn="urn:x-nevis:phrase:0800c8af826e3562">For information#@#@#37# see <xref>
<ref id="KC09323621"/>
</xref>
</phrase>
</ptxt>
</item>
<item>
<ptxt>
<phrase category="" id="KC09323622" phrase-urn="urn:x-nevis:phrase:0800c8af826e3563">For information#@#@#37# see <xref>
<ref id="KC09323623"/>
</xref>
</phrase>
</ptxt>
</item>
<item>
<ptxt>
<phrase category="" id="KC09323624" phrase-urn="urn:x-nevis:phrase:0800c8af826e3566">
<xref>
<ref id="KC09323625"/>
</xref>.</phrase>
</ptxt>
</item>
</list1>
<diaglist>
<dgraphic>
<dgraphic1>
<graphic id="KC09323626">
<href>0900c8af80058a0#@#@#9#.jpeg</href>
</graphic>
</dgraphic1>
<dgraphic2>
<graphic id="KC09323627">
<href>0900c8af80054d4#@#@#9#.jpeg</href>
</graphic>
<smarttool active="press" id="KC09323628" toolname="ODAH"/>
</dgraphic2>
</dgraphic>
<ditem>
<ditemtext>
<ptxt>
<phrase category="" id="KC09323629" phrase-urn="urn:x-nevis:phrase:0800c8af826e3567"/>
</ptxt>
</ditemtext>
</ditem>
</diaglist>
<grate>
<graphic id="KC09323630">
<href>0900c8af80057a3#@#@#9#.jpeg</href>
</graphic>
</grate>
</test2>
</test1>
<question>
Select Continue.
</question>
<resact-grp>
<result button="cont" comp="button" highlight="0"/>
<action j2008use="1" paperuse="1" screenuse="1">
<ptxt>
<xref>
<ref id="KC09323632"/>
</xref>
</ptxt>
</action>
</resact-grp>
</node>
</testgrp>
<testgrp id="KC01150553" j2008use="1" paperuse="1" resumable="1" screenuse="1" testgrp-id="veria" x="120" y="200">
<title>
<phrase category="" id="KC09323633" phrase-urn="urn:x-nevis:phrase:0800c8af826e3569">Verification</phrase>
</title>
<subcalloutnode>
<diagcallout>
<xref>
<ref id="KC09323634"/>
</xref>
</diagcallout>
<rescall-grp>
<result comp="string" highlight="0" op="eq" return="VERIFIED"/>
<calloutaction>
<return value="FAULT FOUND"/>
</calloutaction>
</rescall-grp>
<rescall-grp>
<result comp="string" highlight="0" op="eq" return="VERIFICATION FAILED"/>
<calloutaction>
<ptxt>
<xref>
<ref id="KC09323635"/>
</xref>
</ptxt>
</calloutaction>
</rescall-grp>
<rescall-grp>
<result comp="string" highlight="0" op="eq" return="PAPER"/>
<calloutaction>
<return value="FAULT NOT FOUND"/>
</calloutaction>
</rescall-grp>
</subcalloutnode>
</testgrp>
<testgrp id="KC01150554" j2008use="1" paperuse="1" resumable="1" screenuse="1" testgrp-id="info1" x="360" y="200">
<title>
<phrase category="" id="KC09323636" phrase-urn="urn:x-nevis:phrase:0800c8af826e356a">Fault-tracing i#@#@#5#ation</phrase>
</title>
<subcalloutnode>
<diagcallout>
<xref>
<ref id="KC09323637"/>
</xref>
</diagcallout>
<rescall-grp>
<result comp="string" highlight="0" op="eq" return="FAULTTRACING FAILED"/>
<calloutaction>
<return value="FAULTTRACING FAILED"/>
</calloutaction>
</rescall-grp>
<rescall-grp>
<result comp="string" highlight="0" op="eq" return="NEW TRY"/>
<calloutaction>
<ptxt>
<xref>
<ref id="KC09323638"/>
</xref>
</ptxt>
</calloutaction>
</rescall-grp>
</subcalloutnode>
</testgrp>
</diagnostic>
</servinfosub>