<?xml version="1.0" encoding="UTF-8"?><servinfosub IE-ID="en-US0900c8af81a9a519" docno="VCC-160209" id="KC07222171" xml:lang="en-US">
<title>
<phrase category="" id="KC07222174" phrase-urn="urn:x-nevis:phrase:0800c8af81a9a51b">Diagnostic trou#@#@#31#304C </phrase>
</title>
<diagnostic type="condition">
<condgrp>
<condition type="condition">
<grate>
<graphic id="KC07222175">
<href>0900c8af80057a2#@#@#9#.jpeg</href>
</graphic>
<graphtext>
<para>
<ptxt>
<phrase category="" id="KC07222176" phrase-urn="urn:x-nevis:phrase:0800c8af81a9a51c">In certain oper#@#@#227#ions.</phrase>
</ptxt>
<ptxt>
<phrase category="" id="KC07222177" phrase-urn="urn:x-nevis:phrase:0800c8af81a9a51d">The diagnostic #@#@#58#ning.</phrase>
</ptxt>
</para>
</graphtext>
</grate>
</condition>
</condgrp>
<condgrp>
<condition type="substitution">
<list1 enumtype="d" type="unordered">
<item>
<ptxt>
<phrase category="" id="KC07222178" phrase-urn="urn:x-nevis:phrase:0800c8af81a9a51e">Safety retardat#@#@#18#vance</phrase>
</ptxt>
</item>
<item>
<ptxt>
<phrase category="" id="KC07222179" phrase-urn="urn:x-nevis:phrase:0800c8af81a9a51f">Reduced boost p#@#@#3#sure.</phrase>
</ptxt>
</item>
</list1>
</condition>
<ps>
<list1 enumtype="d" type="unordered">
<item>
<ptxt>
<phrase category="" id="KC07222180" phrase-urn="urn:x-nevis:phrase:0800c8af81a9a520">Short-circuit t#@#@#23#cable</phrase>
</ptxt>
</item>
<item>
<ptxt>
<phrase category="" id="KC07222181" phrase-urn="urn:x-nevis:phrase:0800c8af81a9a521">Incorrectly ins#@#@#19# (KS)</phrase>
</ptxt>
</item>
<item>
<ptxt>
<phrase category="" id="KC07222182" phrase-urn="urn:x-nevis:phrase:0800c8af81a9a522">Damaged tempera#@#@#7#nsor.</phrase>
</ptxt>
</item>
</list1>
</ps>
</condgrp>
<condgrp>
<condition type="symptom">
<list1 enumtype="d" type="unordered">
<item>
<ptxt>
<phrase category="" id="KC07222183" phrase-urn="urn:x-nevis:phrase:0800c8af81a9a523">Poor performance.</phrase>
</ptxt>
</item>
</list1>
</condition>
</condgrp>
</diagnostic>
</servinfosub>