<?xml version="1.0" encoding="UTF-8"?><servinfosub IE-ID="en-US0900c8af80693519" docno="VCC-052600" id="KC02133966" xml:lang="en-US">
<title>
<phrase category="" id="KC08415079" phrase-urn="urn:x-nevis:phrase:0800c8af81dc58c9">Checking compression</phrase>
</title>
<diagnostic type="test">
<testgrp IE-ID="en-US0900c8af80693519_KC02133967" id="KC02133967" testgrp-id="ga4">
<title>
<phrase category="" id="KC08415080" phrase-urn="urn:x-nevis:phrase:0800c8af81dc58ca">      Mechanica#@#@#5#rview</phrase>
</title>
<node>
<test1>
<test2>
<ptxt>
<phrase category="" id="KC08415081" phrase-urn="urn:x-nevis:phrase:0800c8af81dc58cb">      Carry out#@#@#28#g to <xref>
<ref id="KC08415082"/>
</xref>.</phrase>
</ptxt>
<grate>
<graphic id="KC08415083" width="column">
<href>0900c8af8012059#@#@#9#.jpeg</href>
</graphic>
</grate>
</test2>
</test1>
<question>Is compression OK?</question>
<resact-grp>
<result button="yes" comp="button"/>
<action j2008use="0" paperuse="1" screenuse="0">
<ptxt>
<xref>
<ref id="KC08415084"/>
</xref>.</ptxt>
</action>
<action j2008use="1" paperuse="0" screenuse="1">
<return value="FAULT NOT FOUND"/>
</action>
</resact-grp>
<resact-grp>
<result button="no" comp="button"/>
<action j2008use="0" paperuse="1" screenuse="0">
<ptxt>
Remedy as nece#@#@#1#sary.</ptxt>
</action>
<action j2008use="1" paperuse="0" screenuse="1">
<ptxt>
<xref>
<ref id="KC08415085"/>
</xref>
</ptxt>
</action>
</resact-grp>
</node>
</testgrp>
<testgrp id="KC02133968" paperuse="0" testgrp-id="ga4-1">
<title>
<phrase category="" id="KC08415086" phrase-urn="urn:x-nevis:phrase:0800c8af81dc58cc">Fault-tracing i#@#@#5#ation</phrase>
</title>
<node>
<test1>
<test2>
<diaglist>
<ditem>
<ptxt>
<phrase category="" id="KC08415087" phrase-urn="urn:x-nevis:phrase:0800c8af81dc58cd">Remedy as necessary.</phrase>
</ptxt>
</ditem>
</diaglist>
</test2>
</test1>
<question>Select "Continu#@#@#31#ired.</question>
<resact-grp>
<result button="cont" comp="button"/>
<action j2008use="1" paperuse="0" screenuse="1">
<return value="FAULT FOUND"/>
</action>
</resact-grp>
</node>
</testgrp>
</diagnostic>
</servinfosub>