<?xml version="1.0" encoding="UTF-8"?><servinfosub IE-ID="en-US0900c8af86f9e81a" docno="VCC-370208" id="nev13710605n1" original="sv-SE" servinfosubId="nev13710606n1-nev13710605n4" servinfosubRes="0900c8af86f9e829" servinfosubRes2="urn:x-nevis:fragment:0900c8af86f9e81a:0900c8af86f9e829#nev13710605n4" xml:lang="en-US">
<operationnumbers>
<operationnumber>21502-2</operationnumber>
</operationnumbers>
<title id="nev13710604n82">Gasket, outer t#@#@#6#cover</title>
<toolitemtable id="nev13710606n1-nev24178734n86">
<table id="nev13710606n1-nev24178734n85">
<tgroup cols="2" id="nev13710606n1-nev24178734n84">
<colspec colname="COLSPEC0" colwidth="1.00*" id="nev13710606n1-nev24178734n83"/>
<colspec colname="COLSPEC1" colwidth="1.00*" id="nev13710606n1-nev24178734n82"/>
<thead id="nev13710606n1-nev24178734n81">
<row id="nev13710606n1-nev24178734n80">
<entry id="nev13710606n1-nev24178734n79" nameend="COLSPEC1" namest="COLSPEC0" valign="top">
<ptxt id="nev13710606n1-nev24178734n78">
<emph id="nev13710606n1-nev24178734n77">Special tools</emph>
</ptxt>
</entry>
</row>
</thead>
<tbody id="nev13710606n1-nev24178734n76">
<row id="nev13710606n1-nev24178734n75">
<entry id="nev13710606n1-nev24178734n74">
<graphic id="nev13710606n1-nev24178734n73">
<href>0900c8af8005753#@#@#9#.jpeg</href>
</graphic>
</entry>
<entry id="nev13710606n1-nev24178734n72">
<ptxt id="nev13710606n1-nev24178734n71">
<emph id="nev13710606n1-nev24178734n70">999 5760 Counte#@#@#39#Denso</emph>
</ptxt>
<ptxt id="nev13710606n1-nev24178734n68">
<emph id="nev13710606n1-nev24178734n67">Tool number:</emph>999 5760</ptxt>
<ptxt id="nev13710606n1-nev24178734n66">
<emph id="nev13710606n1-nev24178734n65">Tool description:</emph>Counterhold (re#@#@#30#Denso</ptxt>
<ptxt id="nev13710606n1-nev24178734n63">
<emph id="nev13710606n1-nev24178734n62">Tool boards:</emph>30</ptxt>
</entry>
</row>
<row id="nev13710606n1-nev24178734n61">
<entry id="nev13710606n1-nev24178734n60">
<graphic id="nev13710606n1-nev24178734n59">
<href>0900c8af80054a2#@#@#11#.jpeg</href>
</graphic>
</entry>
<entry id="nev13710606n1-nev24178734n58">
<ptxt id="nev13710606n1-nev24178734n57">
<emph id="nev13710606n1-nev24178734n56">951 2926 Bit torx 50</emph>
</ptxt>
<ptxt id="nev13710606n1-nev24178734n54">
<emph id="nev13710606n1-nev24178734n53">Tool number:</emph>951 2926</ptxt>
<ptxt id="nev13710606n1-nev24178734n52">
<emph id="nev13710606n1-nev24178734n51">Tool description:</emph>Bit torx 50</ptxt>
<ptxt id="nev13710606n1-nev24178734n49">
<emph id="nev13710606n1-nev24178734n48">Tool boards:</emph>30</ptxt>
</entry>
</row>
<row id="nev13710606n1-nev24178734n47">
<entry id="nev13710606n1-nev24178734n46">
<graphic id="nev13710606n1-nev24178734n45">
<href>0900c8af83633c6#@#@#9#.jpeg</href>
</graphic>
</entry>
<entry id="nev13710606n1-nev24178734n44">
<ptxt id="nev13710606n1-nev24178734n43">
<emph id="nev13710606n1-nev24178734n42">999 7266 Positi#@#@#4#ensor</emph>
</ptxt>
<ptxt id="nev13710606n1-nev24178734n40">
<emph id="nev13710606n1-nev24178734n39">Tool number:</emph>999 7266</ptxt>
<ptxt id="nev13710606n1-nev24178734n38">
<emph id="nev13710606n1-nev24178734n37">Tool description:</emph>Position sensor</ptxt>
<ptxt id="nev13710606n1-nev24178734n35">
<emph id="nev13710606n1-nev24178734n34">Tool boards:</emph>21</ptxt>
</entry>
</row>
<row id="nev13710606n1-nev24178734n33">
<entry id="nev13710606n1-nev24178734n32">
<graphic id="nev13710606n1-nev24178734n31">
<href>0900c8af83633c8#@#@#9#.jpeg</href>
</graphic>
</entry>
<entry id="nev13710606n1-nev24178734n30">
<ptxt id="nev13710606n1-nev24178734n29">
<emph id="nev13710606n1-nev24178734n28">999 7267 Positi#@#@#4#ensor</emph>
</ptxt>
<ptxt id="nev13710606n1-nev24178734n26">
<emph id="nev13710606n1-nev24178734n25">Tool number:</emph>999 7267</ptxt>
<ptxt id="nev13710606n1-nev24178734n24">
<emph id="nev13710606n1-nev24178734n23">Tool description:</emph>Position sensor</ptxt>
<ptxt id="nev13710606n1-nev24178734n21">
<emph id="nev13710606n1-nev24178734n20">Tool boards:</emph>21</ptxt>
</entry>
</row>
</tbody>
</tgroup>
</table>
</toolitemtable>
<procedure id="nev13710606n1-nev13710604n84">
<stepgrp boilerplate="false" context="" id="nev13710606n1-nev24175493n38">
<title id="nev13710606n1-nev15092048n12">Removal</title>
<procstep id="nev13710606n1-nev13710604n86">
<para id="nev13710606n1-nev24175493n36">
<ptxt id="nev13710606n1-nev24175493n37">Remove auxiliar#@#@#20#acket<xref boilerplate="true" id="nev13710606n1-nev15092048n9">
<ref id="nev13710606n1-nev15054469n2"/>
</xref>
</ptxt>
</para>
</procstep>
<procstep id="nev13710606n1-nev13710604n92">
<para id="nev13710606n1-nev24175493n34">
<ptxt id="nev13710606n1-nev24175493n35">Drain the cooli#@#@#4#ystem<xref boilerplate="true" id="nev13710606n1-nev15092048n6">
<ref id="nev13710606n1-nev15054470n97"/>
</xref>
</ptxt>
</para>
</procstep>
<procstep id="nev13710606n1-nev15053790n83">
<grate id="nev13710606n1-nev24175493n32">
<graphic id="nev13710606n1-nev24175493n33">
<href>0900c8af836962d#@#@#9#.jpeg</href>
</graphic>
</grate>
</procstep>
<procstep id="nev13710606n1-nev15053790n82">
<grate id="nev13710606n1-nev24175493n30">
<graphic id="nev13710606n1-nev24175493n31">
<href>0900c8af836962e#@#@#9#.jpeg</href>
</graphic>
<graphtext id="nev13710606n1-nev24178760n1">
<para id="nev13710606n1-nev24175493n28">
<ptxt id="nev13710606n1-nev24175493n29">
<toolitem boilerplate="true" id="nev13710606n1-nev15054470n93" imageid="0900c8af80057532"/>
<toolitem boilerplate="false" id="nev13710606n1-nev15054470n92" imageid="0900c8af80054a26"/>
</ptxt>
</para>
</graphtext>
</grate>
</procstep>
<procstep id="nev13710606n1-nev15053790n80">
<grate id="nev13710606n1-nev24175493n26">
<graphic id="nev13710606n1-nev24175493n27">
<href>0900c8af8369cbd#@#@#9#.jpeg</href>
</graphic>
</grate>
</procstep>
<procstep id="nev13710606n1-nev15053790n79">
<grate id="nev13710606n1-nev24175493n24">
<graphic id="nev13710606n1-nev24175493n25">
<href>0900c8af8369743#@#@#9#.jpeg</href>
</graphic>
</grate>
</procstep>
<procstep id="nev13710606n1-nev15053790n78">
<grate id="nev13710606n1-nev24175493n22">
<graphic id="nev13710606n1-nev24175493n23">
<href>0900c8af84b97b6#@#@#9#.jpeg</href>
</graphic>
<graphtext id="nev13710606n1-nev24178776n1">
<note id="nev13710606n1-nev15092048n3">
<ptxt>Make sure that #@#@#24#lled.</ptxt>
</note>
</graphtext>
</grate>
</procstep>
<procstep id="nev13710606n1-nev15053790n76">
<grate id="nev13710606n1-nev24175493n20">
<graphic id="nev13710606n1-nev24175493n21">
<href>0900c8af84b96ea#@#@#9#.jpeg</href>
</graphic>
</grate>
</procstep>
</stepgrp>
<stepgrp boilerplate="false" context="" id="nev13710606n1-nev24175493n19">
<title id="nev13710606n1-nev15092048n1">Installation</title>
<procstep id="nev13710606n1-nev15053790n72">
<grate id="nev13710606n1-nev24175493n17">
<graphic id="nev13710606n1-nev24175493n18">
<href>0900c8af8369742#@#@#9#.jpeg</href>
</graphic>
<graphtext id="nev13710606n1-nev24178783n1">
<para id="nev13710606n1-nev24175493n15">
<ptxt id="nev13710606n1-nev24175493n16">
<toolitem boilerplate="true" id="nev13710606n1-nev15054267n71" imageid="0900c8af83633c6d"/>
<toolitem boilerplate="false" id="nev13710606n1-nev15054267n70" imageid="0900c8af83633c89"/>
</ptxt>
</para>
</graphtext>
</grate>
</procstep>
<procstep id="nev13710606n1-nev15053790n69">
<grate id="nev13710606n1-nev24175493n13">
<graphic id="nev13710606n1-nev24175493n14">
<href>0900c8af84b979d#@#@#9#.jpeg</href>
</graphic>
<graphtext id="nev13710606n1-nev24178793n1">
<note id="nev13710606n1-nev15092270n98">
<ptxt>Only tighten th#@#@#30#tage.</ptxt>
</note>
</graphtext>
</grate>
</procstep>
<procstep id="nev13710606n1-nev15053790n67">
<grate id="nev13710606n1-nev24175493n11">
<graphic id="nev13710606n1-nev24175493n12">
<href>0900c8af8369cb4#@#@#9#.jpeg</href>
</graphic>
<graphtext id="nev13710606n1-nev24178797n1">
<para id="nev13710606n1-nev24175493n9">
<ptxt id="nev13710606n1-nev24175493n10">
<torque id="nev13710606n1-nev13710607n57">
<ref id="nev13710606n1-nev13710607n58"/>
</torque>
</ptxt>
</para>
</graphtext>
</grate>
</procstep>
<procstep id="nev13710606n1-nev15053790n64">
<grate id="nev13710606n1-nev24175493n7">
<graphic id="nev13710606n1-nev24175493n8">
<href>0900c8af8369cb5#@#@#9#.jpeg</href>
</graphic>
<graphtext id="nev13710606n1-nev24178804n1">
<para id="nev13710606n1-nev24175493n5">
<ptxt id="nev13710606n1-nev24175493n6">
<torque id="nev13710606n1-nev13710607n68">
<ref id="nev13710606n1-nev13710607n69"/>
</torque>
</ptxt>
</para>
</graphtext>
</grate>
</procstep>
<procstep id="nev13710606n1-nev15053790n60">
<grate id="nev13710606n1-nev24175493n3">
<graphic id="nev13710606n1-nev24175493n4">
<href>0900c8af8369cb6#@#@#9#.jpeg</href>
</graphic>
<graphtext id="nev13710606n1-nev24178811n1">
<para id="nev13710606n1-nev24175493n1">
<ptxt id="nev13710606n1-nev24175493n2">
<torque id="nev13710606n1-nev13710607n77">
<ref id="nev13710606n1-nev13710607n78"/>
</torque>
</ptxt>
</para>
</graphtext>
</grate>
</procstep>
<procstep id="nev13710606n1-nev15053790n57">
<grate id="nev13710606n1-nev24178734n99">
<graphic id="nev13710606n1-nev24178734n100">
<href>0900c8af8369cbd#@#@#9#.jpeg</href>
</graphic>
<graphtext id="nev13710606n1-nev24178818n1">
<list1 boilerplate="true" context="install" enumtype="n" id="nev13710606n1-nev15053961n62" type="ordered">
<item id="nev13710606n1-nev24178734n98">
<ptxt id="nev13710606n1-nev24178734n97">
<torque id="nev13710606n1-nev15053961n60">
<ref id="nev13710606n1-nev15053961n58"/>
</torque>
</ptxt>
</item>
<item id="nev13710606n1-nev24178734n96">
<ptxt id="nev13710606n1-nev24178734n95">
<torque id="nev13710606n1-nev15053961n56">
<ref id="nev13710606n1-nev15053961n54"/>
</torque>
</ptxt>
</item>
<item id="nev13710606n1-nev24178734n94">
<ptxt id="nev13710606n1-nev24178734n93">
<torque id="nev13710606n1-nev15053961n52">
<ref id="nev13710606n1-nev15053961n50"/>
</torque>
</ptxt>
</item>
</list1>
</graphtext>
</grate>
</procstep>
<procstep id="nev13710606n1-nev13710607n92">
<list1 boilerplate="true" context="install" enumtype="b" id="nev13710606n1-nev13710608n88" type="unordered">
<item id="nev13710606n1-nev24178734n92">
<ptxt id="nev13710606n1-nev24178734n91">auxiliary drive#@#@#26#asket<xref boilerplate="true" id="nev13710606n1-nev15092270n79">
<ref id="nev13710606n1-nev15053961n46"/>
</xref>
</ptxt>
</item>
<item id="nev13710606n1-nev24178734n90">
<ptxt id="nev13710606n1-nev24178734n89">Auxiliary drive#@#@#13#acket<xref boilerplate="true" id="nev13710606n1-nev15092270n76">
<ref id="nev13710606n1-nev15053961n41"/>
</xref>
</ptxt>
</item>
</list1>
</procstep>
<procstep id="nev13710606n1-nev13710608n4">
<para id="nev13710606n1-nev24178734n87">
<ptxt id="nev13710606n1-nev24178734n88">Fill the coolin#@#@#4#stem.<xref boilerplate="true" id="nev13710606n1-nev15092270n73">
<ref id="nev13710606n1-nev15053961n37"/>
</xref>
</ptxt>
</para>
</procstep>
</stepgrp>
</procedure>
</servinfosub>