<?xml version="1.0" encoding="UTF-8"?><servinfosub IE-ID="en-US0900c8af8185381a" docno="VCC-159339" id="KC06291695" xml:lang="en-US">
<title>
<phrase category="" id="KC07210129" phrase-urn="urn:x-nevis:phrase:0800c8af81a98606">Diagnostic trou#@#@#30#-0032</phrase>
</title>
<diagnostic type="condition">
<condgrp>
<condition type="condition">
<grate>
<graphic id="KC07210130" width="column">
<href>0900c8af8162158#@#@#9#.jpeg</href>
</graphic>
<graphtext>
<para>
<ptxt>
<phrase category="" id="KC07210131" phrase-urn="urn:x-nevis:phrase:0800c8af81a98607">When one of the#@#@#128#ased.</phrase>
</ptxt>
</para>
<ptxt>
<phrase category="" id="KC07210132" phrase-urn="urn:x-nevis:phrase:0800c8af81a98608">The diagnostic #@#@#170#tes. </phrase>
</ptxt>
</graphtext>
</grate>
</condition>
</condgrp>
<condgrp>
<condition type="substitution">
<list1 enumtype="d">
<item>
<ptxt>
<phrase category="" id="KC07210133" phrase-urn="urn:x-nevis:phrase:0800c8af81a98609">None.</phrase>
</ptxt>
</item>
</list1>
</condition>
<ps>
<list1 enumtype="d" type="unordered">
<item>
<ptxt>
<phrase category="" id="KC07210134" phrase-urn="urn:x-nevis:phrase:0800c8af81a9860a">Outer lock butt#@#@#14#aulty</phrase>
</ptxt>
</item>
<item>
<ptxt>
<phrase category="" id="KC07210135" phrase-urn="urn:x-nevis:phrase:0800c8af81a9860b">Outer lock butt#@#@#46#nutes</phrase>
</ptxt>
</item>
<item>
<ptxt>
<phrase category="" id="KC07210136" phrase-urn="urn:x-nevis:phrase:0800c8af81a9860c">Short-circuit t#@#@#24#able.</phrase>
</ptxt>
</item>
</list1>
</ps>
</condgrp>
<condgrp>
<condition type="symptom">
<list1 enumtype="d" type="unordered">
<item>
<ptxt>
<phrase category="" id="KC07210137" phrase-urn="urn:x-nevis:phrase:0800c8af81a9860d">Locking not pos#@#@#24#tton.</phrase>
</ptxt>
</item>
</list1>
</condition>
</condgrp>
</diagnostic>
</servinfosub>