<?xml version="1.0" encoding="UTF-8"?><servinfosub IE-ID="en-US0900c8af871b081a" docno="VCC-370925" id="nev13717255n1" original="sv-SE" servinfosubId="nev13717256n1-nev13742981n1" servinfosubRes="0900c8af871b0828" servinfosubRes2="urn:x-nevis:fragment:0900c8af871b081a:0900c8af871b0828#nev13742981n1" xml:lang="en-US">
<operationnumbers>
<operationnumber>80201-0</operationnumber>
</operationnumbers>
<title id="nev13717254n5">Fender</title>
<procedure id="nev13717256n1-nev13742994n56">
<stepgrp boilerplate="false" context="" id="nev13717256n1-nev24604821n84">
<title id="nev13717256n1-nev14240849n69">Removal</title>
<procstep id="nev13717256n1-nev13742994n93">
<note id="nev13717256n1-nev14240849n68">
<ptxt>Removal steps i#@#@#45#ails.</ptxt>
</note>
</procstep>
<procstep id="nev13717256n1-nev13742965n10">
<list1 boilerplate="true" context="remove" enumtype="b" id="nev13717256n1-nev13742994n51" type="unordered">
<item id="nev13717256n1-nev24604821n83">
<ptxt id="nev13717256n1-nev24604821n82">Cover bumper front<xref boilerplate="true" id="nev13717256n1-nev14240849n65">
<ref id="nev13717256n1-nev13742994n47"/>
</xref>
</ptxt>
</item>
<item id="nev13717256n1-nev24604821n81">
<ptxt id="nev13717256n1-nev24604821n80">Sill panel<xref boilerplate="true" id="nev13717256n1-nev14240849n62">
<ref id="nev13717256n1-nev13742994n42"/>
</xref>
</ptxt>
</item>
</list1>
</procstep>
<procstep id="nev13717256n1-nev13742986n64">
<grate id="nev13717256n1-nev24604821n78">
<graphic id="nev13717256n1-nev24604821n79">
<href>0900c8af8346b31#@#@#9#.jpeg</href>
</graphic>
</grate>
</procstep>
<procstep id="nev13717256n1-nev13742986n29">
<grate id="nev13717256n1-nev24604821n76">
<graphic id="nev13717256n1-nev24604821n77">
<href>0900c8af8346b33#@#@#9#.jpeg</href>
</graphic>
</grate>
</procstep>
<procstep id="nev13717256n1-nev13742991n90">
<grate id="nev13717256n1-nev24604821n74">
<graphic id="nev13717256n1-nev24604821n75">
<href>0900c8af84479c6#@#@#9#.jpeg</href>
</graphic>
</grate>
</procstep>
<procstep id="nev13717256n1-nev13742991n47">
<grate id="nev13717256n1-nev24604821n72">
<graphic id="nev13717256n1-nev24604821n73">
<href>0900c8af8346b35#@#@#9#.jpeg</href>
</graphic>
<graphtext id="nev13717256n1-nev24604883n1">
<para id="nev13717256n1-nev24604821n70">
<ptxt id="nev13717256n1-nev24604821n71">
<torque id="nev13717256n1-nev13742994n32">
<ref id="nev13717256n1-nev13742994n30"/>
</torque>
</ptxt>
</para>
</graphtext>
</grate>
</procstep>
<procstep id="nev13717256n1-nev13784847n92">
<para id="nev13717256n1-nev24604821n68">
<ptxt id="nev13717256n1-nev24604821n69">Follow the inst#@#@#34#ction<xref boilerplate="true" id="nev13717256n1-nev14240849n57">
<ref id="nev13717256n1-nev13784856n51"/>
</xref>
</ptxt>
</para>
</procstep>
<procstep id="nev13717256n1-nev24604821n67">
<para id="nev13717256n1-nev24604821n63">
<ptxt id="nev13717256n1-nev24604821n65">See information#@#@#7#paint<xref boilerplate="true" id="nev13717256n1-nev24604821n66">
<ref id="nev13717256n1-nev24604821n64"/>
</xref>
</ptxt>
</para>
</procstep>
</stepgrp>
<stepgrp boilerplate="false" context="" id="nev13717256n1-nev24604821n62">
<title id="nev13717256n1-nev14240849n55">Installation</title>
<procstep id="nev13717256n1-nev13742993n35">
<para id="nev13717256n1-nev24604821n60">
<ptxt id="nev13717256n1-nev24604821n61">To install, rev#@#@#22#dure.</ptxt>
</para>
</procstep>
</stepgrp>
</procedure>
</servinfosub>