<?xml version="1.0" encoding="UTF-8"?><servinfosub IE-ID="en-US0900c8af80134d0a" docno="VCC-132100" id="KC01109597" xml:lang="en-US">
<title>
<phrase category="" id="KC06933422" phrase-urn="urn:x-nevis:phrase:0800c8af81a096a9">Signal too high#@#@#12#fault</phrase>
</title>
<diagnostic j2008use="1" paperuse="1" screenuse="1" type="test">
<testgrp IE-ID="en-US0900c8af80134d0a_KC01179949" id="KC01179949" j2008use="1" paperuse="1" resumable="1" screenuse="1" testgrp-id="s1" x="120" y="120">
<title>
<phrase category="" id="KC06933423" phrase-urn="urn:x-nevis:phrase:0800c8af81a096ab">Checking the co#@#@#2#onent</phrase>
</title>
<node>
<test1>
<diaglist>
<dgraphic>
<dgraphic1>
<graphic id="KC06933424">
<href>0900c8af80054d5#@#@#9#.jpeg</href>
</graphic>
</dgraphic1>
<dgraphic2>
<graphic id="KC06933425">
<href>0900c8af80054d7#@#@#9#.jpeg</href>
</graphic>
</dgraphic2>
</dgraphic>
<ditem>
<ptxt>
<phrase category="" id="KC06933426" phrase-urn="urn:x-nevis:phrase:0800c8af81a096ac">Ignition off</phrase>
</ptxt>
</ditem>
<ditem>
<ptxt>
<phrase category="" id="KC06933427" phrase-urn="urn:x-nevis:phrase:0800c8af81a096ae">Disconnect the #@#@#49# side</phrase>
</ptxt>
</ditem>
<ditem>
<ptxt>
<phrase category="" id="KC06933428" phrase-urn="urn:x-nevis:phrase:0800c8af81a096af">Connect special#@#@#1#tool <toolitem id="KC06933429"/> to the airbag #@#@#34#side </phrase>
</ptxt>
</ditem>
<ditem>
<warning>
<ptxt>
<phrase category="" id="KC06933430" phrase-urn="urn:x-nevis:phrase:0800c8af81a096b1">Under no circum#@#@#155#rbag!</phrase>
</ptxt>
</warning>
<note>
<ptxt>
<phrase category="" id="KC06933431" phrase-urn="urn:x-nevis:phrase:0800c8af81a096b2">The special too#@#@#133#rder.</phrase>
</ptxt>
</note>
</ditem>
<ditem>
<ptxt>
<phrase category="" id="KC06933432" phrase-urn="urn:x-nevis:phrase:0800c8af81a096b4">Switch on the i#@#@#20#onds.</phrase>
</ptxt>
</ditem>
</diaglist>
<test2>
<para>
<ptxt>
<phrase category="" id="KC06933433" phrase-urn="urn:x-nevis:phrase:0800c8af81a096b6">Read off diagno#@#@#21#TCs).</phrase>
</ptxt>
<ptxt>
<phrase category="" id="KC06933434" phrase-urn="urn:x-nevis:phrase:0800c8af81a096b7">Try a new airba#@#@#112#ault.</phrase>
</ptxt>
</para>
<list1 enumtype="d" type="unordered">
<title>
<phrase category="" id="KC06933435" phrase-urn="urn:x-nevis:phrase:0800c8af81a096b8">Other information:</phrase>
</title>
<item>
<ptxt>
<phrase category="" id="KC06933436" phrase-urn="urn:x-nevis:phrase:0800c8af81a096ba">To access and r#@#@#39# see <xref>
<ref id="KC06933437"/>
</xref>
</phrase>
</ptxt>
</item>
<item>
<ptxt>
<phrase category="" id="KC06933438" phrase-urn="urn:x-nevis:phrase:0800c8af81a096bb">To check the sp#@#@#11# see <xref>
<ref id="KC06933439"/>
</xref>. </phrase>
</ptxt>
</item>
</list1>
<diaglist>
<dgraphic>
<dgraphic2>
<graphic id="KC06933440">
<href>0900c8af86c8681#@#@#9#.jpeg</href>
</graphic>
<smarttool active="press" id="KC06933441" toolname="XSRSAE01"/>
</dgraphic2>
</dgraphic>
<ditem>
<ditemtext>
<ptxt>
<phrase category="" id="KC06933442" phrase-urn="urn:x-nevis:phrase:0800c8af81a096bc"/>
</ptxt>
</ditemtext>
</ditem>
</diaglist>
</test2>
</test1>
<question>Does the status#@#@#40#ange?</question>
<resact-grp>
<result button="yes" comp="button" highlight="0"/>
<action j2008use="1" paperuse="1" screenuse="1">
<ptxt>
<xref>
<ref id="KC06933443"/>
</xref>
</ptxt>
</action>
</resact-grp>
<resact-grp>
<result button="no" comp="button" highlight="0"/>
<action j2008use="1" paperuse="1" screenuse="1">
<ptxt>
<xref>
<ref id="KC06933444"/>
</xref>
</ptxt>
</action>
</resact-grp>
</node>
</testgrp>
<testgrp id="KC01179950" j2008use="1" paperuse="1" resumable="1" screenuse="1" testgrp-id="node1" x="120" y="200">
<title>
<phrase category="" id="KC06933445" phrase-urn="urn:x-nevis:phrase:0800c8af81a096bd">Checking compon#@#@#10#iring</phrase>
</title>
<node>
<test1>
<diaglist>
<dgraphic>
<dgraphic1>
<graphic id="KC06933446">
<href>0900c8af80054d4#@#@#9#.jpeg</href>
</graphic>
</dgraphic1>
</dgraphic>
<ditem>
<ptxt>
<phrase category="" id="KC06933447" phrase-urn="urn:x-nevis:phrase:0800c8af81a096c4">Ignition off</phrase>
</ptxt>
</ditem>
<ditem>
<ptxt>
<phrase category="" id="KC06933448" phrase-urn="urn:x-nevis:phrase:0800c8af81a096c5">Disconnect spec#@#@#4#tool <toolitem id="KC06933449"/> from the airba#@#@#37#ide. </phrase>
</ptxt>
</ditem>
</diaglist>
<test2>
<warning>
<ptxt>
<phrase category="" id="KC06933450" phrase-urn="urn:x-nevis:phrase:0800c8af81a096c6">Under no circum#@#@#155#rbag!</phrase>
</ptxt>
</warning>
<caution>
<ptxt>
<phrase category="" id="KC06933451" phrase-urn="urn:x-nevis:phrase:0800c8af81a096c8">Do not touch th#@#@#117#ule. </phrase>
</ptxt>
</caution>
<para>
<ptxt>
<phrase category="" id="KC06933452" phrase-urn="urn:x-nevis:phrase:0800c8af81a096c9">Check the cable#@#@#164#g to <xref>
<ref id="KC06933453"/>
</xref>.</phrase>
</ptxt>
</para>
<para>
<ptxt>
<phrase category="" id="KC06933454" phrase-urn="urn:x-nevis:phrase:0800c8af81a096cb">Check the conta#@#@#383#ions.</phrase>
</ptxt>
</para>
<para>
<ptxt>
<phrase category="" id="KC06933455" phrase-urn="urn:x-nevis:phrase:0800c8af81a096a7">Remedy as necessary.</phrase>
</ptxt>
</para>
<list1 enumtype="d" type="unordered">
<title>
<phrase category="" id="KC06933456" phrase-urn="urn:x-nevis:phrase:0800c8af81a096cc">Other information:</phrase>
</title>
<item>
<ptxt>
<phrase category="" id="KC06933457" phrase-urn="urn:x-nevis:phrase:0800c8af81a096cd">To access and r#@#@#44# see <xref>
<ref id="KC06933458"/>
</xref>
</phrase>
</ptxt>
</item>
<item>
<ptxt>
<phrase category="" id="KC06933459" phrase-urn="urn:x-nevis:phrase:0800c8af81a096cf">To access and r#@#@#37# see <xref>
<ref id="KC06933460"/>
</xref>
</phrase>
</ptxt>
</item>
<item>
<ptxt>
<phrase category="" id="KC06933461" phrase-urn="urn:x-nevis:phrase:0800c8af81a096d0">To access or re#@#@#22#, see<xref>
<ref id="KC06933462"/>
</xref>
</phrase>
</ptxt>
</item>
<item>
<ptxt>
<phrase category="" id="KC06933463" phrase-urn="urn:x-nevis:phrase:0800c8af81a096d2">To connect the #@#@#13# see <xref>
<ref id="KC06933464"/>
</xref>
</phrase>
</ptxt>
</item>
<item>
<ptxt>
<phrase category="" id="KC06933465" phrase-urn="urn:x-nevis:phrase:0800c8af81a096d3">With the igniti#@#@#239#nite </phrase>
</ptxt>
</item>
<item>
<ptxt>
<phrase category="" id="KC06933466" phrase-urn="urn:x-nevis:phrase:0800c8af81a096d5">For information#@#@#35# see <xref>
<ref id="KC06933467"/>
</xref>
</phrase>
</ptxt>
</item>
<item>
<ptxt>
<phrase category="" id="KC06933468" phrase-urn="urn:x-nevis:phrase:0800c8af81a096d6">For information#@#@#32# see <xref>
<ref id="KC06933469"/>
</xref>
</phrase>
</ptxt>
</item>
<item>
<ptxt>
<phrase category="" id="KC06933470" phrase-urn="urn:x-nevis:phrase:0800c8af81a096d8">For other value#@#@#2# see <xref>
<ref id="KC06933471"/>
</xref>. </phrase>
</ptxt>
</item>
</list1>
<diaglist>
<dgraphic>
<dgraphic1>
<graphic id="KC06933472">
<href>0900c8af80058d2#@#@#9#.jpeg</href>
</graphic>
</dgraphic1>
<dgraphic2>
<graphic id="KC06933473">
<href>0900c8af80054d4#@#@#9#.jpeg</href>
</graphic>
<smarttool active="press" id="KC06933474" toolname="ODAH"/>
</dgraphic2>
</dgraphic>
<ditem>
<ditemtext>
<ptxt>
<phrase category="" id="KC06933475" phrase-urn="urn:x-nevis:phrase:0800c8af81a096d9"/>
</ptxt>
</ditemtext>
</ditem>
</diaglist>
<grate>
<graphic id="KC06933476">
<href>0900c8af80058a2#@#@#9#.jpeg</href>
</graphic>
</grate>
</test2>
</test1>
<question>Select "Continu#@#@#32#ied. </question>
<resact-grp>
<result button="cont" comp="button" highlight="0"/>
<action j2008use="1" paperuse="1" screenuse="1">
<ptxt>
<xref>
<ref id="KC06933477"/>
</xref>
</ptxt>
</action>
</resact-grp>
</node>
</testgrp>
<testgrp id="KC01179951" j2008use="1" paperuse="1" resumable="1" screenuse="1" testgrp-id="veri" x="120" y="280">
<title>
<phrase category="" id="KC06933478" phrase-urn="urn:x-nevis:phrase:0800c8af81a096db">Verification</phrase>
</title>
<subcalloutnode>
<diagcallout>
<xref>
<ref id="KC06933479"/>
</xref>
</diagcallout>
<rescall-grp>
<result comp="string" highlight="0" op="eq" return="VERIFIED"/>
<calloutaction>
<return value="FAULT FOUND"/>
</calloutaction>
</rescall-grp>
<rescall-grp>
<result comp="string" highlight="0" op="eq" return="VERIFICATION FAILED"/>
<calloutaction>
<ptxt>
<xref>
<ref id="KC06933480"/>
</xref>
</ptxt>
</calloutaction>
</rescall-grp>
</subcalloutnode>
</testgrp>
<testgrp id="KC01179952" j2008use="1" paperuse="1" resumable="1" screenuse="1" testgrp-id="info1" x="360" y="120">
<title>
<phrase category="" id="KC06933481" phrase-urn="urn:x-nevis:phrase:0800c8af81a096dc">Fault-tracing i#@#@#5#ation</phrase>
</title>
<subcalloutnode>
<diagcallout>
<xref>
<ref id="KC06933482"/>
</xref>
</diagcallout>
<rescall-grp>
<result comp="string" highlight="0" op="eq" return="FAULTTRACING FAILED"/>
<calloutaction>
<return value="FAULT NOT FOUND"/>
</calloutaction>
</rescall-grp>
<rescall-grp>
<result comp="string" highlight="0" op="eq" return="NEW TRY"/>
<calloutaction>
<ptxt>
<xref>
<ref id="KC06933483"/>
</xref>
</ptxt>
</calloutaction>
</rescall-grp>
</subcalloutnode>
</testgrp>
</diagnostic>
</servinfosub>