<?xml version="1.0" encoding="UTF-8"?><servinfosub IE-ID="en-US0900c8af851c5d0a" docno="VCC-253803" id="nev10759086n1" original="sv-SE" xml:lang="en-US">
<title id="nev10759086n2">Thermostat, rep#@#@#1#acing</title>
<toolitemtable id="nev16426269n186">
<table id="nev16426269n185">
<tgroup cols="2" id="nev16426269n184">
<colspec colname="COLSPEC0" colwidth="1.00*" id="nev16426269n183"/>
<colspec colname="COLSPEC1" colwidth="1.00*" id="nev16426269n181"/>
<thead id="nev16426269n179">
<row id="nev16426269n178">
<entry id="nev16426269n177" nameend="COLSPEC1" namest="COLSPEC0" valign="top">
<ptxt id="nev16426269n176">
<emph id="nev16426269n175">Special tools</emph>
</ptxt>
</entry>
</row>
</thead>
<tbody id="nev16426269n174">
<row id="nev16426269n173">
<entry id="nev16426269n172"/>
<entry id="nev16426269n171">
<ptxt id="nev16426269n170">
<emph id="nev16426269n169">T9512885 SOCKET#@#@#8#19 MM</emph>
</ptxt>
<ptxt id="nev16426269n168">
<emph id="nev16426269n167">Tool number: </emph>T9512885</ptxt>
<ptxt id="nev16426269n166">
<emph id="nev16426269n165">Tool description: </emph>SOCKET (LONG) 19 MM</ptxt>
<ptxt id="nev16426269n164">
<emph id="nev16426269n163">Tool boards: </emph>
</ptxt>
</entry>
</row>
<row id="nev16426269n162">
<entry id="nev16426269n161">
<graphic id="nev16426269n160">
<href>0900c8af80054a2#@#@#11#.jpeg</href>
</graphic>
</entry>
<entry id="nev16426269n156">
<ptxt id="nev16426269n155">
<emph id="nev16426269n154">T9512927 TORX 4#@#@#10#RSION</emph>
</ptxt>
<ptxt id="nev16426269n153">
<emph id="nev16426269n152">Tool number: </emph>T9512927</ptxt>
<ptxt id="nev16426269n151">
<emph id="nev16426269n150">Tool description: </emph>TORX 40. LONG V#@#@#1#RSION</ptxt>
<ptxt id="nev16426269n149">
<emph id="nev16426269n148">Tool boards: </emph>
</ptxt>
</entry>
</row>
</tbody>
</tgroup>
</table>
</toolitemtable>
<procedure id="nev10759089n1">
<proctools id="nev10827732n72">
<toolitem id="nev10827732n73"/>
<toolitem id="nev13343572n214" imageid="0900c8af80054a2a"/>
</proctools>
<note id="nev10759089n2">
<ptxt id="nev10759089n3">The illustratio#@#@#176#rect.</ptxt>
</note>
<stepgrp id="nev10759089n4">
<title id="nev10759089n7">Preparatory work</title>
<procstep id="nev10759089n5">
<title id="nev10759089n6">Removal/install#@#@#14#nents</title>
<grate id="nev10827732n1">
<graphic id="nev10827732n2">
<href>0900c8af8005e00#@#@#9#.jpeg</href>
</graphic>
<graphtext id="nev10827732n9">
<list1 enumtype="d" id="nev10838341n73" type="unordered">
<title id="nev10838341n149">Remove:</title>
<item id="nev10838341n74">
<ptxt id="nev10838341n187">the engine cove#@#@#22#ht up</ptxt>
</item>
<item id="nev10838435n12">
<ptxt id="nev10838435n13">the cap from th#@#@#12#tank.</ptxt>
</item>
</list1>
<para id="nev10838223n52">
<ptxt id="nev10838223n53">Fit hose pliers#@#@#23#hose.</ptxt>
</para>
<para id="nev10838223n128">
<ptxt id="nev10838223n129">Raise the vehic#@#@#25#uard.</ptxt>
</para>
<para id="nev10838223n167">
<ptxt id="nev10838223n168">Position a rece#@#@#84#cock.</ptxt>
</para>
<para id="nev10838223n206">
<ptxt id="nev10838223n207">Install the low#@#@#26#icle.</ptxt>
</para>
</graphtext>
</grate>
</procstep>
</stepgrp>
<stepgrp id="nev10759089n16">
<title id="nev10759089n19">Removal</title>
<procstep id="nev10827732n48">
<title id="nev10827732n49">Removing temper#@#@#7#ensor</title>
<para id="nev10827782n163">
<ptxt id="nev10827782n164">Remove the temp#@#@#16#sing <toolitem id="nev10827732n63"/>.</ptxt>
</para>
<para id="nev10827732n88">
<ptxt id="nev10827732n89">Clean the conta#@#@#33#nsor.</ptxt>
</para>
</procstep>
<procstep id="nev10759089n17">
<title id="nev10759089n18">Removing the th#@#@#3#ostat</title>
<grate id="nev10827732n151">
<graphic id="nev10827732n152">
<href>0900c8af8005d03#@#@#9#.jpeg</href>
</graphic>
<graphtext id="nev10827732n171">
<para id="nev10827732n172">
<ptxt id="nev10827732n173">Lift up the ser#@#@#174#belt.<xref boilerplate="true" id="nev16560597n203">
<ref id="nev16560597n202"/>
</xref>
</ptxt>
</para>
<list1 enumtype="d" id="nev10827732n174" type="unordered">
<title id="nev10827732n175">Remove:</title>
<item id="nev10827732n176">
<ptxt id="nev10827732n177">the clamp on th#@#@#28# pump</ptxt>
</item>
<item id="nev10827732n178">
<ptxt id="nev10827732n179">the brace at th#@#@#24# pump</ptxt>
</item>
<item id="nev10827732n180">
<ptxt id="nev10827732n181">the 3 screws ho#@#@#24#place</ptxt>
</item>
<item id="nev10827732n182">
<ptxt id="nev10827732n183">the servo pump #@#@#11#aside</ptxt>
</item>
<item id="nev10827732n184">
<ptxt id="nev10827732n185">the hose clip o#@#@#40#sing.</ptxt>
</item>
</list1>
<para id="nev10827732n186">
<ptxt id="nev10827732n187">Scrap the clip.#@#@#28#pple.</ptxt>
</para>
</graphtext>
</grate>
<grate id="nev10827732n234">
<graphic id="nev10827732n235">
<href>0900c8af841e6d8#@#@#9#.jpeg</href>
</graphic>
<graphtext id="nev10827756n178">
<list1 enumtype="d" id="nev10827756n188" type="unordered">
<title id="nev10827756n208">Remove:</title>
<item id="nev10827756n189">
<ptxt id="nev10827756n218">the connector o#@#@#33#using</ptxt>
</item>
<item id="nev10827756n237">
<ptxt id="nev10827756n247">the 2 screws of#@#@#74#cket)</ptxt>
</item>
<item id="nev10827767n16">
<ptxt id="nev10827767n26">the thermostat #@#@#15#sket.</ptxt>
</item>
<item id="nev16426269n193">
<ptxt id="nev16426269n192">
<toolitem boilerplate="true" id="nev16426269n190" imageid="0900c8af80054a2a"/>
</ptxt>
</item>
</list1>
<para id="nev10827767n45">
<ptxt id="nev10827767n46">Detach the sens#@#@#4#sing <toolitem id="nev10827767n74"/> and transfer i#@#@#26#ten. <xref boilerplate="true" id="nev16426269n214">
<ref id="nev16426269n213"/>
</xref>.</ptxt>
</para>
</graphtext>
</grate>
</procstep>
</stepgrp>
<stepgrp id="nev10759089n53">
<title id="nev10759089n56">Installation</title>
<procstep id="nev10759089n54">
<title id="nev10759089n55">Installing ther#@#@#1#ostat</title>
<grate id="nev10759089n57">
<graphtext id="nev10759089n61">
<list1 enumtype="d" id="nev10759089n66" type="unordered">
<title id="nev10827732n129">Install:</title>
<item id="nev10759089n67">
<ptxt id="nev10759089n68">the thermostat #@#@#11#ng a <emph id="nev10827782n213">new</emph> gasket. Tighten. <xref boilerplate="true" id="nev16426269n204">
<ref id="nev16426269n203"/>
</xref>
</ptxt>
</item>
<item id="nev10759089n69">
<ptxt id="nev10759089n72">the coolant hos#@#@#39#clip.</ptxt>
</item>
<item id="nev10759089n73">
<ptxt id="nev10759089n75">the connector o#@#@#7#ensor</ptxt>
</item>
<item id="nev10759089n76">
<ptxt id="nev10759089n77">the servo pump.#@#@#16#ews: <xref boilerplate="true" id="nev16434553n208">
<ref id="nev16434553n206"/>
</xref>.</ptxt>
</item>
<item id="nev10759089n78">
<ptxt id="nev10759089n79">the brace at th#@#@#24# pump</ptxt>
</item>
<item id="nev10759089n80">
<ptxt id="nev10759089n81">the clamp on th#@#@#28# pump</ptxt>
</item>
<item id="nev10759089n82">
<ptxt id="nev10759089n84">accessory drive#@#@#1#belt.<xref boilerplate="true" id="nev16560597n208">
<ref id="nev16560597n207"/>
</xref>
</ptxt>
</item>
<item id="nev10759089n85">
<ptxt id="nev10759089n86">the servo reservoir.</ptxt>
</item>
</list1>
</graphtext>
</grate>
</procstep>
<procstep id="nev10827732n216">
<title id="nev10827732n217">Installing temp#@#@#9#ensor</title>
<list1 enumtype="d" id="nev10827756n12" type="unordered">
<title id="nev10827756n28">Install:</title>
<item id="nev10827756n13">
<ptxt id="nev10827756n36">the temperature#@#@#11#ng a <emph id="nev10827756n59">new</emph> gasket. Use: <toolitem id="nev10827756n111"/>. Tighten. <xref boilerplate="true" id="nev16426269n199">
<ref id="nev16426269n198"/>
</xref>
</ptxt>
</item>
<item id="nev10827756n95">
<ptxt id="nev10827756n134">the sensor cabl#@#@#7#ctor.</ptxt>
</item>
</list1>
</procstep>
</stepgrp>
<stepgrp id="nev10827767n139">
<title id="nev10827767n164">Finishing</title>
<procstep id="nev10827767n140">
<title id="nev10827767n141">Filling coolant</title>
<para id="nev10827767n176">
<ptxt id="nev10827767n177">Remove the hose#@#@#3#iers.</ptxt>
</para>
<para id="nev10827767n211">
<ptxt id="nev10827767n212">Fill with coolant.</ptxt>
</para>
<para id="nev10827767n246">
<ptxt id="nev10827767n247">Install the cap#@#@#18#tank.</ptxt>
</para>
</procstep>
<procstep id="nev10827782n31">
<title id="nev10827782n32">Function test</title>
<para id="nev10827782n66">
<ptxt id="nev10827782n67">Run the engine #@#@#41#pens.</ptxt>
</para>
<para id="nev10827782n101">
<ptxt id="nev10827782n102">Ensure that the#@#@#97#sary.</ptxt>
</para>
<para id="nev10827782n136">
<ptxt id="nev10827782n137">Install the eng#@#@#5#over.</ptxt>
</para>
</procstep>
</stepgrp>
</procedure>
</servinfosub>