<?xml version="1.0" encoding="UTF-8"?><i2 IE-ID="en-US0900c8af86108e01" docno="VCC-429812" id="nev16999745n1" original="sv-SE" xml:lang="en-US">
<frontm id="nev16999747n1-nev20226655n87">
<prolog>
<tpnbr>31359727</tpnbr>
</prolog>
<titlep id="nev16999747n1-nev20226655n86">
<title id="nev16999745n2">Towbar, fixed</title>
</titlep>
<preface id="nev16999747n1-nev20226655n81">
<toolpics id="nev16999747n1-nev20226655n79">
<title id="nev16999747n1-0800c8af84f6831f">Equipment</title>
<i2graphic id="nev16999747n1-nev20217565n37">
<href>0900c8af84fe1a6#@#@#9#.jpeg</href>
</i2graphic>
<i2graphic id="nev16999747n1-nev20217565n36">
<href>0900c8af85b62fb#@#@#9#.jpeg</href>
</i2graphic>
<i2graphic id="nev16999747n1-nev20217565n35">
<href>0900c8af835afed#@#@#9#.jpeg</href>
</i2graphic>
<i2graphic id="nev16999747n1-nev20217565n34">
<href>0900c8af83ab3a6#@#@#9#.jpeg</href>
</i2graphic>
<i2graphic id="nev16999747n1-nev20217565n33">
<href>0900c8af8415abd#@#@#9#.jpeg</href>
</i2graphic>
<i2graphic id="nev16999747n1-nev20217565n32">
<href>0900c8af8415abe#@#@#9#.jpeg</href>
</i2graphic>
</toolpics>
<kitpics id="nev16999747n1-nev20226655n80">
<title id="nev16999747n1-0800c8af84f6835a">Component overview</title>
<i2graphic id="nev16999747n1-nev20217565n39">
<href>0900c8af860521f#@#@#11#.jpeg</href>
</i2graphic>
</kitpics>
</preface>
</frontm>
<body id="nev16999747n1-nev20226655n88">
<servinfosub docno="VCC-429812" id="nev16999747n1-nev16999745n1" original="sv-SE" servinfosubId="nev16999747n1-nev19913362n1" servinfosubRes="0900c8af86108e83" servinfosubRes2="urn:x-nevis:fragment:0900c8af86108e01:0900c8af86108e83#nev19913362n1">
<operationnumbers>
<operationnumber>89208-0</operationnumber>
</operationnumbers>
<materialtable id="nev16999747n1-nev20227116n88">
<table id="nev16999747n1-nev20227116n87">
<tgroup cols="2" id="nev16999747n1-nev20227116n86">
<colspec colname="COLSPEC0" colwidth="1.00*" id="nev16999747n1-nev20227116n85"/>
<colspec colname="COLSPEC1" colwidth="1.00*" id="nev16999747n1-nev20227116n84"/>
<thead id="nev16999747n1-nev20227116n83">
<row id="nev16999747n1-nev20227116n82">
<entry id="nev16999747n1-nev20227116n81" nameend="COLSPEC1" namest="COLSPEC0" valign="top">
<ptxt id="nev16999747n1-nev20227116n80">
<emph id="nev16999747n1-nev20227116n79">Materials</emph>
</ptxt>
</entry>
</row>
</thead>
<tbody id="nev16999747n1-nev20227116n78">
<row id="nev16999747n1-nev20227116n77">
<entry id="nev16999747n1-nev20227116n76">
<ptxt id="nev16999747n1-nev20227116n75">
<emph id="nev16999747n1-nev20227116n74">Designation</emph>
</ptxt>
</entry>
<entry id="nev16999747n1-nev20227116n73">
<ptxt id="nev16999747n1-nev20227116n72">
<emph id="nev16999747n1-nev20227116n71">Part number</emph>
</ptxt>
</entry>
</row>
<row id="nev16999747n1-nev20227116n70">
<entry id="nev16999747n1-nev20227116n69">
<ptxt id="nev16999747n1-nev20227116n68">Rust inhibitor,#@#@#9#osity</ptxt>
</entry>
<entry id="nev16999747n1-nev20227116n66">
<ptxt id="nev16999747n1-nev20227116n65"/>
</entry>
</row>
</tbody>
</tgroup>
</table>
</materialtable>
<procedure id="nev16999747n1-nev19913383n8">
<stepgrp boilerplate="false" context="" id="nev16999747n1-nev20226655n77">
<title id="nev16999747n1-0800c8af84f682f9">Information</title>
<procstep id="nev16999747n1-nev19913384n2">
<list1 enumtype="b" id="nev13396149n248" type="unordered">
<item id="nev13396149n246">
<ptxt id="nev13396149n244">  Read through #@#@#48#tion.</ptxt>
</item>
<item id="nev13396149n240">
<ptxt id="nev13396149n238">Notifications a#@#@#99#tion.</ptxt>
</item>
<item id="nev13396149n236">
<ptxt id="nev13396149n234">Ensure that all#@#@#72#tion.</ptxt>
</item>
<item id="nev13396149n232">
<ptxt id="nev13396149n230">Certain steps i#@#@#114#teps.</ptxt>
</item>
<item id="nev13396149n228">
<ptxt id="nev13396149n226">In the event of#@#@#81#aler.</ptxt>
</item>
</list1>
</procstep>
</stepgrp>
<stepgrp boilerplate="false" context="" id="nev16999747n1-nev20226655n74">
<title id="nev16999747n1-0800c8af844a46ee">Color symbols</title>
<procstep id="nev16999747n1-nev19913384n9">
<grate id="nev16999747n1-nev20226655n72">
<graphic id="nev16999747n1-nev20226655n73">
<href>0900c8af8579af4#@#@#9#.jpeg</href>
</graphic>
<graphtext id="nev16999747n1-nev20227145n1">
<note id="nev16999747n1-0800c8af857d02fc">
<ptxt>This colour cha#@#@#127#teps.</ptxt>
</note>
<list1 enumtype="n" id="nev16999747n1-nev19913385n5" type="ordered">
<item id="nev16999747n1-nev20226655n71">
<ptxt id="nev16999747n1-nev20226655n70">Used for focuse#@#@#55#hing.</ptxt>
</item>
<item id="nev16999747n1-nev20226655n69">
<ptxt id="nev16999747n1-nev20226655n68">Used as extra c#@#@#57#arts.</ptxt>
</item>
<item id="nev16999747n1-nev20226655n67">
<ptxt id="nev16999747n1-nev20226655n66">Used for attach#@#@#73# etc.</ptxt>
</item>
<item id="nev16999747n1-nev20226655n65">
<ptxt id="nev16999747n1-nev20226655n64">Used when the c#@#@#68#side.</ptxt>
</item>
<item id="nev16999747n1-nev20226655n63">
<ptxt id="nev16999747n1-nev20226655n62">Used for standa#@#@#22#ools.</ptxt>
</item>
<item id="nev16999747n1-nev20226655n61">
<ptxt id="nev16999747n1-nev20226655n60">Used as backgro#@#@#28#ents.</ptxt>
</item>
</list1>
</graphtext>
</grate>
</procstep>
</stepgrp>
<stepgrp boilerplate="false" context="" id="nev16999747n1-nev20226655n59">
<title id="nev16999747n1-0800c8af844a46f6">Removal</title>
<procstep id="nev16999747n1-nev19913387n7">
<grate id="nev16999747n1-nev20226655n57">
<graphic id="nev16999747n1-nev20226655n58">
<href>0900c8af83b8694#@#@#9#.jpeg</href>
</graphic>
</grate>
</procstep>
<procstep id="nev16999747n1-nev19913387n10">
<grate id="nev16999747n1-nev20226655n55">
<graphic id="nev16999747n1-nev20226655n56">
<href>0900c8af83b90bd#@#@#9#.jpeg</href>
</graphic>
<graphtext id="nev16999747n1-nev20227152n1">
<para id="nev16999747n1-nev20226655n53">
<ptxt id="nev16999747n1-nev20226655n54">Remove the nuts.</ptxt>
</para>
</graphtext>
</grate>
</procstep>
<procstep id="nev16999747n1-nev19913388n7">
<grate id="nev16999747n1-nev20226655n51">
<graphic id="nev16999747n1-nev20226655n52">
<href>0900c8af83b8695#@#@#9#.jpeg</href>
</graphic>
<graphtext id="nev16999747n1-nev20227156n1">
<para id="nev16999747n1-nev20226655n49">
<ptxt id="nev16999747n1-nev20226655n50">Remove the screws.</ptxt>
</para>
<para id="nev16999747n1-nev20226655n47">
<ptxt id="nev16999747n1-nev20226655n48">Repeat on the o#@#@#5#side.</ptxt>
</para>
</graphtext>
</grate>
</procstep>
<procstep id="nev16999747n1-nev19913389n4">
<grate id="nev16999747n1-nev20226655n45">
<graphic id="nev16999747n1-nev20226655n46">
<href>0900c8af83f02a6#@#@#9#.jpeg</href>
</graphic>
<graphtext id="nev16999747n1-nev20227160n1">
<para id="nev16999747n1-nev20226655n43">
<ptxt id="nev16999747n1-nev20226655n44">Remove the screw.</ptxt>
</para>
<para id="nev16999747n1-nev20226655n41">
<ptxt id="nev16999747n1-nev20226655n42">Repeat on the o#@#@#5#side.</ptxt>
</para>
</graphtext>
</grate>
</procstep>
<procstep id="nev16999747n1-nev19913390n1">
<grate id="nev16999747n1-nev20226655n39">
<graphic id="nev16999747n1-nev20226655n40">
<href>0900c8af860f253#@#@#9#.jpeg</href>
</graphic>
<graphtext id="nev16999747n1-nev20227164n1">
<para id="nev16999747n1-nev20226655n37">
<ptxt id="nev16999747n1-nev20226655n38">Repeat on the o#@#@#5#side.</ptxt>
</para>
</graphtext>
</grate>
</procstep>
<procstep id="nev16999747n1-nev20218335n89">
<grate id="nev16999747n1-nev20226655n35">
<graphic id="nev16999747n1-nev20226655n36">
<href>0900c8af860f25d#@#@#9#.jpeg</href>
</graphic>
<graphtext id="nev16999747n1-nev20227168n1">
<caution id="nev16999747n1-0800c8af860fd8ef">
<ptxt>Push the bumper#@#@#59#ghts.</ptxt>
</caution>
<note id="nev16999747n1-0800c8af84fbda96">
<ptxt>This step is ea#@#@#16#ople.</ptxt>
</note>
<para id="nev16999747n1-nev20226655n33">
<ptxt id="nev16999747n1-nev20226655n34">Repeat on the o#@#@#5#side.</ptxt>
</para>
</graphtext>
</grate>
</procstep>
<procstep id="nev16999747n1-nev20218335n82">
<grate id="nev16999747n1-nev20226655n31">
<graphic id="nev16999747n1-nev20226655n32">
<href>0900c8af860f277#@#@#9#.jpeg</href>
</graphic>
<graphtext id="nev16999747n1-nev20227172n1">
<note id="nev16999747n1-0800c8af84fbda96">
<ptxt>This step is ea#@#@#16#ople.</ptxt>
</note>
<para id="nev16999747n1-nev20226655n29">
<ptxt id="nev16999747n1-nev20226655n30">Release the con#@#@#10#atch.</ptxt>
</para>
<para id="nev16999747n1-nev20226655n27">
<ptxt id="nev16999747n1-nev20226655n28">Disconnect the #@#@#5#ctor.</ptxt>
</para>
</graphtext>
</grate>
</procstep>
<procstep id="nev16999747n1-nev20218335n74">
<grate id="nev16999747n1-nev20226655n25">
<graphic id="nev16999747n1-nev20226655n26">
<href>0900c8af860f27b#@#@#9#.jpeg</href>
</graphic>
<graphtext id="nev16999747n1-nev20227176n1">
<caution id="nev16999747n1-nev20226655n24">
<ptxt>Place the Bumpe#@#@#25#face.</ptxt>
</caution>
<note id="nev16999747n1-0800c8af84fbda96">
<ptxt>This step is ea#@#@#16#ople.</ptxt>
</note>
</graphtext>
</grate>
</procstep>
<procstep id="nev16999747n1-nev19913390n9">
<grate id="nev16999747n1-nev20226655n22">
<graphic id="nev16999747n1-nev20226655n23">
<href>0900c8af83c32c9#@#@#9#.jpeg</href>
</graphic>
</grate>
</procstep>
<procstep id="nev16999747n1-nev19913391n2">
<grate id="nev16999747n1-nev20226655n20">
<graphic id="nev16999747n1-nev20226655n21">
<href>0900c8af83b90c2#@#@#9#.jpeg</href>
</graphic>
<graphtext id="nev16999747n1-nev20227183n1">
<para id="nev16999747n1-nev20226655n18">
<ptxt id="nev16999747n1-nev20226655n19">Remove the screws.</ptxt>
</para>
</graphtext>
</grate>
</procstep>
<procstep id="nev16999747n1-nev19913391n9">
<grate id="nev16999747n1-nev20226655n16">
<graphic id="nev16999747n1-nev20226655n17">
<href>0900c8af83b90c2#@#@#9#.jpeg</href>
</graphic>
<graphtext id="nev16999747n1-nev20227187n1">
<para id="nev16999747n1-nev20226655n14">
<ptxt id="nev16999747n1-nev20226655n15">Remove the panel.</ptxt>
</para>
</graphtext>
</grate>
</procstep>
<procstep id="nev16999747n1-nev19913392n2">
<grate id="nev16999747n1-nev20226655n12">
<graphic id="nev16999747n1-nev20226655n13">
<href>0900c8af83b90c2#@#@#9#.jpeg</href>
</graphic>
<graphtext id="nev16999747n1-nev20227191n1">
<para id="nev16999747n1-nev20226655n10">
<ptxt id="nev16999747n1-nev20226655n11">Remove the screws.</ptxt>
</para>
<para id="nev16999747n1-nev20226655n8">
<ptxt id="nev16999747n1-nev20226655n9">On both sides.</ptxt>
</para>
</graphtext>
</grate>
</procstep>
<procstep id="nev16999747n1-nev19913393n2">
<grate id="nev16999747n1-nev20226655n6">
<graphic id="nev16999747n1-nev20226655n7">
<href>0900c8af85f8131#@#@#9#.jpeg</href>
</graphic>
<graphtext id="nev16999747n1-nev20227195n1">
<para id="nev16999747n1-nev20226655n4">
<ptxt id="nev16999747n1-nev20226655n5">Remove the panel.</ptxt>
</para>
</graphtext>
</grate>
</procstep>
<procstep id="nev16999747n1-nev19913393n9">
<grate id="nev16999747n1-nev20226655n2">
<graphic id="nev16999747n1-nev20226655n3">
<href>0900c8af85f8134#@#@#9#.jpeg</href>
</graphic>
<graphtext id="nev16999747n1-nev20227199n1">
<caution id="nev16999747n1-0800c8af844a4184">
<ptxt>Take extra care#@#@#31#sses.</ptxt>
</caution>
<para id="nev16999747n1-nev20227113n100">
<ptxt id="nev16999747n1-nev20226655n1">Remove the screw.</ptxt>
</para>
</graphtext>
</grate>
</procstep>
<procstep id="nev16999747n1-nev19913394n8">
<grate id="nev16999747n1-nev20227113n98">
<graphic id="nev16999747n1-nev20227113n99">
<href>0900c8af83b90c3#@#@#9#.jpeg</href>
</graphic>
</grate>
</procstep>
<procstep id="nev16999747n1-nev19913395n1">
<title id="nev16999747n1-0800c8af86031033">Vehicles with d#@#@#26#d AWD</title>
</procstep>
<procstep id="nev16999747n1-nev19913395n4">
<grate id="nev16999747n1-nev20227113n96">
<graphic id="nev16999747n1-nev20227113n97">
<href>0900c8af86021f6#@#@#9#.jpeg</href>
</graphic>
<graphtext id="nev16999747n1-nev20227206n1">
<note id="nev16999747n1-0800c8af85b47f49">
<ptxt>Orientation view</ptxt>
</note>
</graphtext>
</grate>
</procstep>
<procstep id="nev16999747n1-nev19913395n10">
<grate id="nev16999747n1-nev20227113n94">
<graphic id="nev16999747n1-nev20227113n95">
<href>0900c8af83c1689#@#@#9#.jpeg</href>
</graphic>
</grate>
</procstep>
<procstep id="nev16999747n1-nev19913396n3">
<grate id="nev16999747n1-nev20227113n92">
<graphic id="nev16999747n1-nev20227113n93">
<href>0900c8af86021d3#@#@#9#.jpeg</href>
</graphic>
</grate>
</procstep>
<procstep id="nev16999747n1-nev19913396n6">
<title id="nev16999747n1-0800c8af8603111d">Vehicles with D#@#@#26#d 2WD</title>
</procstep>
<procstep id="nev16999747n1-nev19913396n9">
<grate id="nev16999747n1-nev20227113n90">
<graphic id="nev16999747n1-nev20227113n91">
<href>0900c8af8602644#@#@#9#.jpeg</href>
</graphic>
</grate>
</procstep>
<procstep id="nev16999747n1-nev19913397n2">
<grate id="nev16999747n1-nev20227113n88">
<graphic id="nev16999747n1-nev20227113n89">
<href>0900c8af8602640#@#@#9#.jpeg</href>
</graphic>
</grate>
</procstep>
<procstep id="nev16999747n1-nev19913397n5">
<title id="nev16999747n1-0800c8af858bef41">Applies to vehi#@#@#20# pipe</title>
</procstep>
<procstep id="nev16999747n1-nev19913397n8">
<grate id="nev16999747n1-nev20227113n86">
<graphic id="nev16999747n1-nev20227113n87">
<href>0900c8af83b9149#@#@#9#.jpeg</href>
</graphic>
<graphtext id="nev16999747n1-nev20227222n1">
<para id="nev16999747n1-nev20227113n84">
<ptxt id="nev16999747n1-nev20227113n85">Remove the screws.</ptxt>
</para>
</graphtext>
</grate>
</procstep>
<procstep id="nev16999747n1-nev19913398n5">
<grate id="nev16999747n1-nev20227113n82">
<graphic id="nev16999747n1-nev20227113n83">
<href>0900c8af8602647#@#@#9#.jpeg</href>
</graphic>
<graphtext id="nev16999747n1-nev20227226n1">
<note id="nev16999747n1-0800c8af84fbda96">
<ptxt>This step is ea#@#@#16#ople.</ptxt>
</note>
</graphtext>
</grate>
</procstep>
<procstep id="nev16999747n1-nev19913399n1">
<grate id="nev16999747n1-nev20227113n80">
<graphic id="nev16999747n1-nev20227113n81">
<href>0900c8af83c168e#@#@#9#.jpeg</href>
</graphic>
<graphtext id="nev16999747n1-nev20227230n1">
<para id="nev16999747n1-nev20227113n78">
<ptxt id="nev16999747n1-nev20227113n79">Remove the clips.</ptxt>
</para>
</graphtext>
</grate>
</procstep>
<procstep id="nev16999747n1-nev19913399n8">
<grate id="nev16999747n1-nev20227113n76">
<graphic id="nev16999747n1-nev20227113n77">
<href>0900c8af8601836#@#@#9#.jpeg</href>
</graphic>
</grate>
</procstep>
<procstep id="nev16999747n1-nev19913400n1">
<grate id="nev16999747n1-nev20227113n74">
<graphic id="nev16999747n1-nev20227113n75">
<href>0900c8af85856a6#@#@#9#.jpeg</href>
</graphic>
<graphtext id="nev16999747n1-nev20227237n1">
<para id="nev16999747n1-nev20227113n72">
<ptxt id="nev16999747n1-nev20227113n73">Measure and mar#@#@#12#ated.</ptxt>
</para>
<para id="nev16999747n1-nev20227113n70">
<ptxt id="nev16999747n1-nev20227113n71">Remove the tape.</ptxt>
</para>
<para id="nev16999747n1-nev20227113n68">
<ptxt id="nev16999747n1-nev20227113n69">Repeat on the o#@#@#5#side.</ptxt>
</para>
</graphtext>
</grate>
</procstep>
<procstep id="nev16999747n1-nev19913401n4">
<grate id="nev16999747n1-nev20227113n66">
<graphic id="nev16999747n1-nev20227113n67">
<href>0900c8af83c1692#@#@#9#.jpeg</href>
</graphic>
<graphtext id="nev16999747n1-nev20227241n1">
<caution id="nev16999747n1-0800c8af844a4177">
<ptxt>Make sure that #@#@#45#rial.</ptxt>
</caution>
<para id="nev16999747n1-nev20227113n64">
<ptxt id="nev16999747n1-nev20227113n65">Clean the surface.</ptxt>
</para>
<para id="nev16999747n1-nev20227113n62">
<ptxt id="nev16999747n1-nev20227113n63">Repeat on the o#@#@#5#side.</ptxt>
</para>
</graphtext>
</grate>
</procstep>
</stepgrp>
<stepgrp boilerplate="false" context="" id="nev16999747n1-nev20227113n61">
<title id="nev16999747n1-0800c8af84fbdb3d">Accessory insta#@#@#2#ation</title>
<procstep id="nev16999747n1-nev19913402n9">
<grate id="nev16999747n1-nev20227113n59">
<graphic id="nev16999747n1-nev20227113n60">
<href>0900c8af86051f6#@#@#9#.jpeg</href>
</graphic>
</grate>
</procstep>
<procstep id="nev16999747n1-nev19913403n2">
<grate id="nev16999747n1-nev20227113n57">
<graphic id="nev16999747n1-nev20227113n58">
<href>0900c8af8605226#@#@#9#.jpeg</href>
</graphic>
<graphtext id="nev16999747n1-nev20227248n1">
<note id="nev16999747n1-0800c8af854bf2da">
<ptxt>Note the position.</ptxt>
</note>
<para id="nev16999747n1-nev20227113n55">
<ptxt id="nev16999747n1-nev20227113n56">Repeat on the o#@#@#5#side.</ptxt>
</para>
</graphtext>
</grate>
</procstep>
<procstep id="nev16999747n1-nev19913404n1">
<grate id="nev16999747n1-nev20227113n53">
<graphic id="nev16999747n1-nev20227113n54">
<href>0900c8af8605229#@#@#9#.jpeg</href>
</graphic>
<graphtext id="nev16999747n1-nev20227252n1">
<note id="nev16999747n1-0800c8af84fbda96">
<ptxt>This step is ea#@#@#16#ople.</ptxt>
</note>
<note id="nev16999747n1-0800c8af844a431b">
<ptxt>Only tighten th#@#@#30#tage.</ptxt>
</note>
<para id="nev16999747n1-nev20227113n51">
<ptxt id="nev16999747n1-nev20227113n52">Install the screws.</ptxt>
</para>
<para id="nev16999747n1-nev20227113n49">
<ptxt id="nev16999747n1-nev20227113n50">Repeat on the o#@#@#5#side.</ptxt>
</para>
</graphtext>
</grate>
</procstep>
<procstep id="nev16999747n1-nev19913405n7">
<grate id="nev16999747n1-nev20227113n47">
<graphic id="nev16999747n1-nev20227113n48">
<href>0900c8af860522a#@#@#9#.jpeg</href>
</graphic>
<graphtext id="nev16999747n1-nev20227256n1">
<para id="nev16999747n1-nev20227113n45">
<ptxt id="nev16999747n1-nev20227113n46">Repeat on the o#@#@#5#side.</ptxt>
</para>
</graphtext>
</grate>
</procstep>
<procstep id="nev16999747n1-nev19913406n4">
<grate id="nev16999747n1-nev20227113n43">
<graphic id="nev16999747n1-nev20227113n44">
<href>0900c8af8605234#@#@#9#.jpeg</href>
</graphic>
<graphtext id="nev16999747n1-nev20227260n1">
<para id="nev16999747n1-nev20227113n41">
<ptxt id="nev16999747n1-nev20227113n42">Repeat on the o#@#@#5#side.</ptxt>
</para>
</graphtext>
</grate>
</procstep>
</stepgrp>
<stepgrp boilerplate="false" context="" id="nev16999747n1-nev20227113n40">
<title id="nev16999747n1-0800c8af844a46f9">Installation</title>
<procstep id="nev16999747n1-nev19913407n4">
<grate id="nev16999747n1-nev20227113n38">
<graphic id="nev16999747n1-nev20227113n39">
<href>0900c8af8601850#@#@#9#.jpeg</href>
</graphic>
</grate>
</procstep>
<procstep id="nev16999747n1-nev19913407n7">
<grate id="nev16999747n1-nev20227113n36">
<graphic id="nev16999747n1-nev20227113n37">
<href>0900c8af83c2228#@#@#9#.jpeg</href>
</graphic>
<graphtext id="nev16999747n1-nev20227267n1">
<para id="nev16999747n1-nev20227113n34">
<ptxt id="nev16999747n1-nev20227113n35">Install the clip(s).</ptxt>
</para>
</graphtext>
</grate>
</procstep>
<procstep id="nev16999747n1-nev19913408n4">
<grate id="nev16999747n1-nev20227113n32">
<graphic id="nev16999747n1-nev20227113n33">
<href>0900c8af8602683#@#@#9#.jpeg</href>
</graphic>
</grate>
</procstep>
<procstep id="nev16999747n1-nev19913408n7">
<grate id="nev16999747n1-nev20227113n30">
<graphic id="nev16999747n1-nev20227113n31">
<href>0900c8af8415acc#@#@#9#.jpeg</href>
</graphic>
<graphtext id="nev16999747n1-nev20227274n1">
<para id="nev16999747n1-nev20227113n28">
<ptxt id="nev16999747n1-nev20227113n29">Measure and mar#@#@#12#ated.</ptxt>
</para>
</graphtext>
</grate>
</procstep>
<procstep id="nev16999747n1-nev19913409n4">
<grate id="nev16999747n1-nev20227113n26">
<graphic id="nev16999747n1-nev20227113n27">
<href>0900c8af8602678#@#@#9#.jpeg</href>
</graphic>
<graphtext id="nev16999747n1-nev20227278n1">
<note id="nev16999747n1-0800c8af84fbda96">
<ptxt>This step is ea#@#@#16#ople.</ptxt>
</note>
</graphtext>
</grate>
</procstep>
<procstep id="nev16999747n1-nev19913409n10">
<grate id="nev16999747n1-nev20227113n24">
<graphic id="nev16999747n1-nev20227113n25">
<href>0900c8af8415acf#@#@#9#.jpeg</href>
</graphic>
<graphtext id="nev16999747n1-nev20227282n1">
<para id="nev16999747n1-nev20227113n22">
<ptxt id="nev16999747n1-nev20227113n23">Install the screws.</ptxt>
</para>
<para id="nev16999747n1-nev20227113n20">
<ptxt id="nev16999747n1-nev20227113n21">
<torque id="nev16999747n1-nev19913410n9">
<ref id="nev16999747n1-nev19913410n10">
<locator href="#nev16999747n1-nev19913410n10" label="L0"/>
<locator href="urn:x-nevis:xref:0800c8af8343446d:0000000000000000:0900c8af83434478#include" label="L1"/>
<arc from="L0" href="urn:x-nevis:xref:0800c8af8343446d:0900c8af8343446e:0900c8af83434478#include" role="urn:x-nevis:profile:0b00c8af82febdf9 urn:x-nevis:profile:0b00c8af83aff6b3 urn:x-nevis:profile:0b00c8af83f19e63 urn:x-nevis:profile:0b00c8af841552ad urn:x-nevis:profile:0b00c8af847139c0 urn:x-nevis:profile:0b00c8af84eb8111 urn:x-nevis:profile:0b00c8af8520c39e urn:x-nevis:profile:0b00c8af8512644f urn:x-nevis:profile:0b00c8af85330427 urn:x-nevis:profile:0b00c8af8568d0bf urn:x-nevis:profile:0b00c8af817ac33f urn:x-nevis:profile:0b00c8af82e3ac56 urn:x-nevis:profile:0b00c8af83affa46 urn:x-nevis:profile:0b00c8af83f1ad9d urn:x-nevis:profile:0b00c8af8415509d urn:x-nevis:profile:0b00c8af847139e4 urn:x-nevis:profile:0b00c8af84eb8113 urn:x-nevis:profile:0b00c8af8520c261 urn:x-nevis:profile:0b00c8af80206360 urn:x-nevis:profile:0b00c8af80206404 urn:x-nevis:profile:0b00c8af80206409 urn:x-nevis:profile:0b00c8af802063f0 urn:x-nevis:profile:0b00c8af80206449 urn:x-nevis:profile:0b00c8af80206452 urn:x-nevis:profile:0b00c8af802064ba urn:x-nevis:profile:0b00c8af813c6d14 urn:x-nevis:profile:0b00c8af8020635b urn:x-nevis:profile:0b00c8af80206427 urn:x-nevis:profile:0b00c8af8020644d urn:x-nevis:profile:0b00c8af80206410 urn:x-nevis:profile:0b00c8af8020648e urn:x-nevis:profile:0b00c8af802065a6 urn:x-nevis:profile:0b00c8af802065bd urn:x-nevis:profile:0b00c8af802065ab urn:x-nevis:profile:0b00c8af802065bf urn:x-nevis:profile:0b00c8af802065b3 urn:x-nevis:profile:0b00c8af802065af urn:x-nevis:profile:0b00c8af802065c5 urn:x-nevis:profile:0b00c8af8020c058 urn:x-nevis:profile:0b00c8af80da257b urn:x-nevis:profile:0b00c8af823216e9 urn:x-nevis:profile:0b00c8af82e5d02d urn:x-nevis:profile:0b00c8af839eaa60 urn:x-nevis:profile:0b00c8af83f1a51f urn:x-nevis:profile:0b00c8af8414dfad urn:x-nevis:profile:0b00c8af847139e6 urn:x-nevis:profile:0b00c8af84eb810f urn:x-nevis:profile:0b00c8af80206660 urn:x-nevis:profile:0b00c8af8020665e urn:x-nevis:profile:0b00c8af8020665f urn:x-nevis:profile:0b00c8af80206674 urn:x-nevis:profile:0b00c8af80da257a urn:x-nevis:profile:0b00c8af822b09b7 urn:x-nevis:profile:0b00c8af82e3b020 urn:x-nevis:profile:0b00c8af83b00078 urn:x-nevis:profile:0b00c8af83f2e56a urn:x-nevis:profile:0b00c8af846772f5 urn:x-nevis:profile:0b00c8af84eb8105 urn:x-nevis:profile:0b00c8af8520c3a5 urn:x-nevis:profile:0b00c8af856337af urn:x-nevis:profile:0b00c8af8621e88c urn:x-nevis:profile:0b00c8af863f4c3a urn:x-nevis:profile:0b00c8af86ea35a1 urn:x-nevis:profile:0b00c8af87344a46 urn:x-nevis:profile:0b00c8af87a4ed08 urn:x-nevis:profile:0b00c8af86b49077 urn:x-nevis:profile:0b00c8af86ead04a urn:x-nevis:profile:0b00c8af87344e2d urn:x-nevis:profile:0b00c8af85633c05 urn:x-nevis:profile:0b00c8af8633603b urn:x-nevis:profile:0b00c8af86576304 urn:x-nevis:profile:0b00c8af86eb98d1 urn:x-nevis:profile:0b00c8af87344f63 urn:x-nevis:profile:0b00c8af8020632d urn:x-nevis:profile:0b00c8af802063e9 urn:x-nevis:profile:0b00c8af8020642f urn:x-nevis:profile:0b00c8af80206672 urn:x-nevis:profile:0b00c8af8020666c urn:x-nevis:profile:0b00c8af80206663 urn:x-nevis:profile:0b00c8af8020665a urn:x-nevis:profile:0b00c8af80206664 urn:x-nevis:profile:0b00c8af80206661 urn:x-nevis:profile:0b00c8af80da2572 urn:x-nevis:profile:0b00c8af823216de urn:x-nevis:profile:0b00c8af8259afd3 urn:x-nevis:profile:0b00c8af838b9dc6 urn:x-nevis:profile:0b00c8af83f1dcfd urn:x-nevis:profile:0b00c8af84116a24 urn:x-nevis:profile:0b00c8af8494c645 urn:x-nevis:profile:0b00c8af84eb8104 urn:x-nevis:profile:0b00c8af8520c3a1 urn:x-nevis:profile:0b00c8af856303ec urn:x-nevis:profile:0b00c8af8620f7a0 urn:x-nevis:profile:0b00c8af8656e7d2 urn:x-nevis:profile:0b00c8af83f4b28f urn:x-nevis:profile:0b00c8af8414d8c5 urn:x-nevis:profile:0b00c8af84adce3d urn:x-nevis:profile:0b00c8af84eb810a urn:x-nevis:profile:0b00c8af8520c3a2 urn:x-nevis:profile:0b00c8af85632e61 urn:x-nevis:profile:0b00c8af868ec1a4 urn:x-nevis:profile:0b00c8af802066e8 urn:x-nevis:profile:0b00c8af86dd9c00 urn:x-nevis:profile:0b00c8af87346035 urn:x-nevis:profile:0b00c8af8795b0b0 urn:x-nevis:profile:0b00c8af86ef2dd3 urn:x-nevis:profile:0b00c8af87346884 urn:x-nevis:profile:0b00c8af8795b0af urn:x-nevis:profile:0b00c8af802065a8 urn:x-nevis:profile:0b00c8af802065c6 urn:x-nevis:profile:0b00c8af802065ad urn:x-nevis:profile:0b00c8af802065e4 urn:x-nevis:profile:0b00c8af802065b8 urn:x-nevis:profile:0b00c8af802065cc urn:x-nevis:profile:0b00c8af802065ca urn:x-nevis:profile:0b00c8af85025cbc urn:x-nevis:profile:0b00c8af8569a64b urn:x-nevis:profile:0b00c8af862296a5 urn:x-nevis:profile:0b00c8af86576caa urn:x-nevis:profile:0b00c8af86eea749 urn:x-nevis:profile:0b00c8af87345825 urn:x-nevis:profile:0b00c8af8795b0ae urn:x-nevis:profile:0b00c8af85025cc4 urn:x-nevis:profile:0b00c8af8569a80c urn:x-nevis:profile:0b00c8af861bd2c7 urn:x-nevis:profile:0b00c8af86576f47 urn:x-nevis:profile:0b00c8af86eead74 urn:x-nevis:profile:0b00c8af87345b76 urn:x-nevis:profile:0b00c8af8795b0ab urn:x-nevis:profile:0b00c8af87a573de urn:x-nevis:profile:0b00c8af8020c05a urn:x-nevis:profile:0b00c8af80da257d urn:x-nevis:profile:0b00c8af823216ee urn:x-nevis:profile:0b00c8af82e5d352 urn:x-nevis:profile:0b00c8af839eacfa urn:x-nevis:profile:0b00c8af83f1a8d8 urn:x-nevis:profile:0b00c8af8414e27e urn:x-nevis:profile:0b00c8af847139e3 urn:x-nevis:profile:0b00c8af84eb8110 urn:x-nevis:profile:0b00c8af84677309 urn:x-nevis:profile:0b00c8af84eb810c urn:x-nevis:profile:0b00c8af8520c3a6 urn:x-nevis:profile:0b00c8af85633da2 urn:x-nevis:profile:0b00c8af86223698 urn:x-nevis:profile:0b00c8af863ffa7b urn:x-nevis:profile:0b00c8af86ec6047 urn:x-nevis:profile:0b00c8af87344fef urn:x-nevis:profile:0b00c8af87a4ede2 urn:x-nevis:profile:0b00c8af86552501 urn:x-nevis:profile:0b00c8af8657680f urn:x-nevis:profile:0b00c8af86eddbce urn:x-nevis:profile:0b00c8af87345325 urn:x-nevis:profile:0b00c8af80206343 urn:x-nevis:profile:0b00c8af802063ec urn:x-nevis:profile:0b00c8af8020641f urn:x-nevis:profile:0b00c8af80206670 urn:x-nevis:profile:0b00c8af8020666a urn:x-nevis:profile:0b00c8af80206675 urn:x-nevis:profile:0b00c8af80206676 urn:x-nevis:profile:0b00c8af80206666 urn:x-nevis:profile:0b00c8af80da26dc urn:x-nevis:profile:0b00c8af822b096a urn:x-nevis:profile:0b00c8af82e48186 urn:x-nevis:profile:0b00c8af83affc41 urn:x-nevis:profile:0b00c8af839e8e09 urn:x-nevis:profile:0b00c8af83f23801 urn:x-nevis:profile:0b00c8af84103b76 urn:x-nevis:profile:0b00c8af84adce35 urn:x-nevis:profile:0b00c8af84eb8108 urn:x-nevis:profile:0b00c8af8520c3a3 urn:x-nevis:profile:0b00c8af85632eb6 urn:x-nevis:profile:0b00c8af862154cd urn:x-nevis:profile:0b00c8af8656e95f urn:x-nevis:profile:0b00c8af802065c4 urn:x-nevis:profile:0b00c8af802065f5 urn:x-nevis:profile:0b00c8af802065d6 urn:x-nevis:profile:0b00c8af8020666b urn:x-nevis:profile:0b00c8af8020666d urn:x-nevis:profile:0b00c8af80206662 urn:x-nevis:profile:0b00c8af8020665c urn:x-nevis:profile:0b00c8af80da2577 urn:x-nevis:profile:0b00c8af822b096c urn:x-nevis:profile:0b00c8af82e48550 urn:x-nevis:profile:0b00c8af80206712 urn:x-nevis:profile:0b00c8af86dd9c01 urn:x-nevis:profile:0b00c8af8734634a urn:x-nevis:profile:0b00c8af8795b0b2 urn:x-nevis:profile:0b00c8af86dd9c02 urn:x-nevis:profile:0b00c8af873465d2 urn:x-nevis:profile:0b00c8af8795b0ad urn:x-nevis:profile:0b00c8af8734696f urn:x-nevis:profile:0b00c8af8795b0aa urn:x-nevis:profile:0b00c8af83f34b0e urn:x-nevis:profile:0b00c8af841040db urn:x-nevis:profile:0b00c8af84ae12aa urn:x-nevis:profile:0b00c8af84eb810d urn:x-nevis:profile:0b00c8af8520c3a7 urn:x-nevis:profile:0b00c8af8569a13e urn:x-nevis:profile:0b00c8af86229467 urn:x-nevis:profile:0b00c8af864b2bae urn:x-nevis:profile:0b00c8af86ee512d urn:x-nevis:profile:0b00c8af87164cbc urn:x-nevis:profile:0b00c8af8795b0ac urn:x-nevis:profile:0b00c8af839e8e0b urn:x-nevis:profile:0b00c8af83f24029 urn:x-nevis:profile:0b00c8af84103a21 urn:x-nevis:profile:0b00c8af84add34d urn:x-nevis:profile:0b00c8af84eb8109 urn:x-nevis:profile:0b00c8af8520c3a4 urn:x-nevis:profile:0b00c8af85633292 urn:x-nevis:profile:0b00c8af8621ada3 urn:x-nevis:profile:0b00c8af8656ed6f urn:x-nevis:profile:0b00c8af80206671 urn:x-nevis:profile:0b00c8af80206669 urn:x-nevis:profile:0b00c8af8117443b urn:x-nevis:profile:0b00c8af822b0968 urn:x-nevis:profile:0b00c8af82e48817 urn:x-nevis:profile:0b00c8af838ba0b2 urn:x-nevis:profile:0b00c8af83f1a29a urn:x-nevis:profile:0b00c8af8414e54b urn:x-nevis:profile:0b00c8af84983e6d urn:x-nevis:profile:0b00c8af84eb8103 urn:x-nevis:profile:0b00c8af851e8289 urn:x-nevis:profile:0b00c8af856303e5 urn:x-nevis:profile:0b00c8af8620fba5 urn:x-nevis:profile:0b00c8af8656e7b9 urn:x-nevis:profile:0b00c8af858c2577 urn:x-nevis:profile:0b00c8af86eeb1e9 urn:x-nevis:profile:0b00c8af87345e76 urn:x-nevis:profile:0b00c8af8795b0b1" title="VCC-283750-1, M10" to="L1"/>
</ref>
</torque>
</ptxt>
</para>
</graphtext>
</grate>
</procstep>
<procstep id="nev16999747n1-nev19913411n1">
<grate id="nev16999747n1-nev20227113n18">
<graphic id="nev16999747n1-nev20227113n19">
<href>0900c8af83c16a6#@#@#9#.jpeg</href>
</graphic>
</grate>
</procstep>
<procstep id="nev16999747n1-nev19913411n4">
<grate id="nev16999747n1-nev20227113n16">
<graphic id="nev16999747n1-nev20227113n17">
<href>0900c8af8602681#@#@#9#.jpeg</href>
</graphic>
<graphtext id="nev16999747n1-nev20227292n1">
<warning id="nev16999747n1-0800c8af85380573">
<ptxt>Make sure that #@#@#14#eaks.</ptxt>
</warning>
<note id="nev16999747n1-0800c8af86026b85">
<ptxt>Ensure that the#@#@#75#tion.</ptxt>
</note>
</graphtext>
</grate>
</procstep>
</stepgrp>
<stepgrp boilerplate="false" context="" id="nev16999747n1-nev20227113n15">
<title id="nev16999747n1-0800c8af844a46f6">Removal</title>
<procstep id="nev16999747n1-nev19913412n5">
<title id="nev16999747n1-0800c8af86031039">Vehicles with S#@#@#25#d AWD</title>
</procstep>
<procstep id="nev16999747n1-nev19913412n8">
<grate id="nev16999747n1-nev20227113n13">
<graphic id="nev16999747n1-nev20227113n14">
<href>0900c8af83b9148#@#@#9#.jpeg</href>
</graphic>
</grate>
</procstep>
<procstep id="nev16999747n1-nev19913413n1">
<grate id="nev16999747n1-nev20227113n11">
<graphic id="nev16999747n1-nev20227113n12">
<href>0900c8af83b914b#@#@#9#.jpeg</href>
</graphic>
<graphtext id="nev16999747n1-nev20227299n1">
<para id="nev16999747n1-nev20227113n9">
<ptxt id="nev16999747n1-nev20227113n10">Remove the screw.</ptxt>
</para>
</graphtext>
</grate>
</procstep>
<procstep id="nev16999747n1-nev19913413n8">
<grate id="nev16999747n1-nev20227113n7">
<graphic id="nev16999747n1-nev20227113n8">
<href>0900c8af83c16aa#@#@#9#.jpeg</href>
</graphic>
<graphtext id="nev16999747n1-nev20227303n1">
<para id="nev16999747n1-nev20227113n5">
<ptxt id="nev16999747n1-nev20227113n6">Remove the clips.</ptxt>
</para>
</graphtext>
</grate>
</procstep>
<procstep id="nev16999747n1-nev19913414n5">
<grate id="nev16999747n1-nev20227113n3">
<graphic id="nev16999747n1-nev20227113n4">
<href>0900c8af83c16ab#@#@#9#.jpeg</href>
</graphic>
<graphtext id="nev16999747n1-nev20227307n1">
<note id="nev16999747n1-0800c8af86026b2f">
<ptxt>Always use new #@#@#18#nuts.</ptxt>
</note>
<para id="nev16999747n1-nev20227113n1">
<ptxt id="nev16999747n1-nev20227113n2">Remove the nuts.</ptxt>
</para>
</graphtext>
</grate>
</procstep>
<procstep id="nev16999747n1-nev19913415n4">
<grate id="nev16999747n1-nev20227114n99">
<graphic id="nev16999747n1-nev20227114n100">
<href>0900c8af83c16ab#@#@#9#.jpeg</href>
</graphic>
<graphtext id="nev16999747n1-nev20227311n1">
<caution id="nev16999747n1-0800c8af84abf1c4">
<ptxt>Make sure that #@#@#53#sted.</ptxt>
</caution>
</graphtext>
</grate>
</procstep>
<procstep id="nev16999747n1-nev19913415n10">
<grate id="nev16999747n1-nev20227114n97">
<graphic id="nev16999747n1-nev20227114n98">
<href>0900c8af83c16ab#@#@#9#.jpeg</href>
</graphic>
</grate>
</procstep>
<procstep id="nev16999747n1-nev19913416n3">
<grate id="nev16999747n1-nev20227114n95">
<graphic id="nev16999747n1-nev20227114n96">
<href>0900c8af83c16ac#@#@#9#.jpeg</href>
</graphic>
</grate>
</procstep>
<procstep id="nev16999747n1-nev19913416n6">
<grate id="nev16999747n1-nev20227114n93">
<graphic id="nev16999747n1-nev20227114n94">
<href>0900c8af85856a6#@#@#9#.jpeg</href>
</graphic>
<graphtext id="nev16999747n1-nev20227321n1">
<para id="nev16999747n1-nev20227114n91">
<ptxt id="nev16999747n1-nev20227114n92">Measure and mar#@#@#12#ated.</ptxt>
</para>
<para id="nev16999747n1-nev20227114n89">
<ptxt id="nev16999747n1-nev20227114n90">Remove the tape.</ptxt>
</para>
<para id="nev16999747n1-nev20227114n87">
<ptxt id="nev16999747n1-nev20227114n88">Repeat on the o#@#@#5#side.</ptxt>
</para>
</graphtext>
</grate>
</procstep>
<procstep id="nev16999747n1-nev19913417n9">
<grate id="nev16999747n1-nev20227114n85">
<graphic id="nev16999747n1-nev20227114n86">
<href>0900c8af83c1692#@#@#9#.jpeg</href>
</graphic>
<graphtext id="nev16999747n1-nev20227325n1">
<caution id="nev16999747n1-0800c8af844a4177">
<ptxt>Make sure that #@#@#45#rial.</ptxt>
</caution>
<para id="nev16999747n1-nev20227114n83">
<ptxt id="nev16999747n1-nev20227114n84">Clean the surface.</ptxt>
</para>
<para id="nev16999747n1-nev20227114n81">
<ptxt id="nev16999747n1-nev20227114n82">Repeat on the o#@#@#5#side.</ptxt>
</para>
</graphtext>
</grate>
</procstep>
</stepgrp>
<stepgrp boilerplate="false" context="" id="nev16999747n1-nev20227114n80">
<title id="nev16999747n1-0800c8af84fbdb3d">Accessory insta#@#@#2#ation</title>
<procstep id="nev16999747n1-nev19916879n24">
<grate id="nev16999747n1-nev20227114n78">
<graphic id="nev16999747n1-nev20227114n79">
<href>0900c8af86051f6#@#@#9#.jpeg</href>
</graphic>
</grate>
</procstep>
<procstep id="nev16999747n1-nev19916879n21">
<grate id="nev16999747n1-nev20227114n76">
<graphic id="nev16999747n1-nev20227114n77">
<href>0900c8af8605226#@#@#9#.jpeg</href>
</graphic>
<graphtext id="nev16999747n1-nev20227332n1">
<note id="nev16999747n1-0800c8af854bf2da">
<ptxt>Note the position.</ptxt>
</note>
<para id="nev16999747n1-nev20227114n74">
<ptxt id="nev16999747n1-nev20227114n75">Repeat on the o#@#@#5#side.</ptxt>
</para>
</graphtext>
</grate>
</procstep>
<procstep id="nev16999747n1-nev19916879n16">
<grate id="nev16999747n1-nev20227114n72">
<graphic id="nev16999747n1-nev20227114n73">
<href>0900c8af8605229#@#@#9#.jpeg</href>
</graphic>
<graphtext id="nev16999747n1-nev20227336n1">
<note id="nev16999747n1-0800c8af84fbda96">
<ptxt>This step is ea#@#@#16#ople.</ptxt>
</note>
<note id="nev16999747n1-0800c8af844a431b">
<ptxt>Only tighten th#@#@#30#tage.</ptxt>
</note>
<para id="nev16999747n1-nev20227114n70">
<ptxt id="nev16999747n1-nev20227114n71">Install the screws.</ptxt>
</para>
<para id="nev16999747n1-nev20227114n68">
<ptxt id="nev16999747n1-nev20227114n69">Repeat on the o#@#@#5#side.</ptxt>
</para>
</graphtext>
</grate>
</procstep>
<procstep id="nev16999747n1-nev19916879n9">
<grate id="nev16999747n1-nev20227114n66">
<graphic id="nev16999747n1-nev20227114n67">
<href>0900c8af860522a#@#@#9#.jpeg</href>
</graphic>
<graphtext id="nev16999747n1-nev20227340n1">
<para id="nev16999747n1-nev20227114n64">
<ptxt id="nev16999747n1-nev20227114n65">Repeat on the o#@#@#5#side.</ptxt>
</para>
</graphtext>
</grate>
</procstep>
<procstep id="nev16999747n1-nev19916879n4">
<grate id="nev16999747n1-nev20227114n62">
<graphic id="nev16999747n1-nev20227114n63">
<href>0900c8af8605235#@#@#9#.jpeg</href>
</graphic>
<graphtext id="nev16999747n1-nev20227344n1">
<para id="nev16999747n1-nev20227114n60">
<ptxt id="nev16999747n1-nev20227114n61">Repeat on the o#@#@#5#side.</ptxt>
</para>
</graphtext>
</grate>
</procstep>
</stepgrp>
<stepgrp boilerplate="false" context="" id="nev16999747n1-nev20227114n59">
<title id="nev16999747n1-0800c8af844a46f9">Installation</title>
<procstep id="nev16999747n1-nev19913424n2">
<grate id="nev16999747n1-nev20227114n57">
<graphic id="nev16999747n1-nev20227114n58">
<href>0900c8af83c1766#@#@#9#.jpeg</href>
</graphic>
</grate>
</procstep>
<procstep id="nev16999747n1-nev19913424n5">
<grate id="nev16999747n1-nev20227114n55">
<graphic id="nev16999747n1-nev20227114n56">
<href>0900c8af83c16aa#@#@#9#.jpeg</href>
</graphic>
<graphtext id="nev16999747n1-nev20227351n1">
<para id="nev16999747n1-nev20227114n53">
<ptxt id="nev16999747n1-nev20227114n54">Install the clip(s).</ptxt>
</para>
</graphtext>
</grate>
</procstep>
<procstep id="nev16999747n1-nev19913425n2">
<grate id="nev16999747n1-nev20227114n51">
<graphic id="nev16999747n1-nev20227114n52">
<href>0900c8af86026be#@#@#9#.jpeg</href>
</graphic>
<graphtext id="nev16999747n1-nev20227355n1">
<note id="nev16999747n1-0800c8af86026b2f">
<ptxt>Always use new #@#@#18#nuts.</ptxt>
</note>
<para id="nev16999747n1-nev20227114n49">
<ptxt id="nev16999747n1-nev20227114n50">Install the nuts</ptxt>
</para>
</graphtext>
</grate>
</procstep>
<procstep id="nev16999747n1-nev19913426n1">
<grate id="nev16999747n1-nev20227114n47">
<graphic id="nev16999747n1-nev20227114n48">
<href>0900c8af83b9a65#@#@#9#.jpeg</href>
</graphic>
<graphtext id="nev16999747n1-nev20227359n1">
<para id="nev16999747n1-nev20227114n45">
<ptxt id="nev16999747n1-nev20227114n46">Install the screw.</ptxt>
</para>
<para id="nev16999747n1-nev20227114n43">
<ptxt id="nev16999747n1-nev20227114n44">
<torque id="nev16999747n1-nev19913426n10">
<ref id="nev16999747n1-nev19913427n1">
<locator href="#nev16999747n1-nev19913427n1" label="L0"/>
<locator href="urn:x-nevis:xref:0800c8af8343446d:0000000000000000:0900c8af83434478#include" label="L1"/>
<arc from="L0" href="urn:x-nevis:xref:0800c8af8343446d:0900c8af8343446e:0900c8af83434478#include" role="urn:x-nevis:profile:0b00c8af82febdf9 urn:x-nevis:profile:0b00c8af83aff6b3 urn:x-nevis:profile:0b00c8af83f19e63 urn:x-nevis:profile:0b00c8af841552ad urn:x-nevis:profile:0b00c8af847139c0 urn:x-nevis:profile:0b00c8af84eb8111 urn:x-nevis:profile:0b00c8af8520c39e urn:x-nevis:profile:0b00c8af8512644f urn:x-nevis:profile:0b00c8af85330427 urn:x-nevis:profile:0b00c8af8568d0bf urn:x-nevis:profile:0b00c8af817ac33f urn:x-nevis:profile:0b00c8af82e3ac56 urn:x-nevis:profile:0b00c8af83affa46 urn:x-nevis:profile:0b00c8af83f1ad9d urn:x-nevis:profile:0b00c8af8415509d urn:x-nevis:profile:0b00c8af847139e4 urn:x-nevis:profile:0b00c8af84eb8113 urn:x-nevis:profile:0b00c8af8520c261 urn:x-nevis:profile:0b00c8af80206360 urn:x-nevis:profile:0b00c8af80206404 urn:x-nevis:profile:0b00c8af80206409 urn:x-nevis:profile:0b00c8af802063f0 urn:x-nevis:profile:0b00c8af80206449 urn:x-nevis:profile:0b00c8af80206452 urn:x-nevis:profile:0b00c8af802064ba urn:x-nevis:profile:0b00c8af813c6d14 urn:x-nevis:profile:0b00c8af8020635b urn:x-nevis:profile:0b00c8af80206427 urn:x-nevis:profile:0b00c8af8020644d urn:x-nevis:profile:0b00c8af80206410 urn:x-nevis:profile:0b00c8af8020648e urn:x-nevis:profile:0b00c8af802065a6 urn:x-nevis:profile:0b00c8af802065bd urn:x-nevis:profile:0b00c8af802065ab urn:x-nevis:profile:0b00c8af802065bf urn:x-nevis:profile:0b00c8af802065b3 urn:x-nevis:profile:0b00c8af802065af urn:x-nevis:profile:0b00c8af802065c5 urn:x-nevis:profile:0b00c8af8020c058 urn:x-nevis:profile:0b00c8af80da257b urn:x-nevis:profile:0b00c8af823216e9 urn:x-nevis:profile:0b00c8af82e5d02d urn:x-nevis:profile:0b00c8af839eaa60 urn:x-nevis:profile:0b00c8af83f1a51f urn:x-nevis:profile:0b00c8af8414dfad urn:x-nevis:profile:0b00c8af847139e6 urn:x-nevis:profile:0b00c8af84eb810f urn:x-nevis:profile:0b00c8af80206660 urn:x-nevis:profile:0b00c8af8020665e urn:x-nevis:profile:0b00c8af8020665f urn:x-nevis:profile:0b00c8af80206674 urn:x-nevis:profile:0b00c8af80da257a urn:x-nevis:profile:0b00c8af822b09b7 urn:x-nevis:profile:0b00c8af82e3b020 urn:x-nevis:profile:0b00c8af83b00078 urn:x-nevis:profile:0b00c8af83f2e56a urn:x-nevis:profile:0b00c8af846772f5 urn:x-nevis:profile:0b00c8af84eb8105 urn:x-nevis:profile:0b00c8af8520c3a5 urn:x-nevis:profile:0b00c8af856337af urn:x-nevis:profile:0b00c8af8621e88c urn:x-nevis:profile:0b00c8af863f4c3a urn:x-nevis:profile:0b00c8af86ea35a1 urn:x-nevis:profile:0b00c8af87344a46 urn:x-nevis:profile:0b00c8af87a4ed08 urn:x-nevis:profile:0b00c8af86b49077 urn:x-nevis:profile:0b00c8af86ead04a urn:x-nevis:profile:0b00c8af87344e2d urn:x-nevis:profile:0b00c8af85633c05 urn:x-nevis:profile:0b00c8af8633603b urn:x-nevis:profile:0b00c8af86576304 urn:x-nevis:profile:0b00c8af86eb98d1 urn:x-nevis:profile:0b00c8af87344f63 urn:x-nevis:profile:0b00c8af8020632d urn:x-nevis:profile:0b00c8af802063e9 urn:x-nevis:profile:0b00c8af8020642f urn:x-nevis:profile:0b00c8af80206672 urn:x-nevis:profile:0b00c8af8020666c urn:x-nevis:profile:0b00c8af80206663 urn:x-nevis:profile:0b00c8af8020665a urn:x-nevis:profile:0b00c8af80206664 urn:x-nevis:profile:0b00c8af80206661 urn:x-nevis:profile:0b00c8af80da2572 urn:x-nevis:profile:0b00c8af823216de urn:x-nevis:profile:0b00c8af8259afd3 urn:x-nevis:profile:0b00c8af838b9dc6 urn:x-nevis:profile:0b00c8af83f1dcfd urn:x-nevis:profile:0b00c8af84116a24 urn:x-nevis:profile:0b00c8af8494c645 urn:x-nevis:profile:0b00c8af84eb8104 urn:x-nevis:profile:0b00c8af8520c3a1 urn:x-nevis:profile:0b00c8af856303ec urn:x-nevis:profile:0b00c8af8620f7a0 urn:x-nevis:profile:0b00c8af8656e7d2 urn:x-nevis:profile:0b00c8af83f4b28f urn:x-nevis:profile:0b00c8af8414d8c5 urn:x-nevis:profile:0b00c8af84adce3d urn:x-nevis:profile:0b00c8af84eb810a urn:x-nevis:profile:0b00c8af8520c3a2 urn:x-nevis:profile:0b00c8af85632e61 urn:x-nevis:profile:0b00c8af868ec1a4 urn:x-nevis:profile:0b00c8af802066e8 urn:x-nevis:profile:0b00c8af86dd9c00 urn:x-nevis:profile:0b00c8af87346035 urn:x-nevis:profile:0b00c8af8795b0b0 urn:x-nevis:profile:0b00c8af86ef2dd3 urn:x-nevis:profile:0b00c8af87346884 urn:x-nevis:profile:0b00c8af8795b0af urn:x-nevis:profile:0b00c8af802065a8 urn:x-nevis:profile:0b00c8af802065c6 urn:x-nevis:profile:0b00c8af802065ad urn:x-nevis:profile:0b00c8af802065e4 urn:x-nevis:profile:0b00c8af802065b8 urn:x-nevis:profile:0b00c8af802065cc urn:x-nevis:profile:0b00c8af802065ca urn:x-nevis:profile:0b00c8af85025cbc urn:x-nevis:profile:0b00c8af8569a64b urn:x-nevis:profile:0b00c8af862296a5 urn:x-nevis:profile:0b00c8af86576caa urn:x-nevis:profile:0b00c8af86eea749 urn:x-nevis:profile:0b00c8af87345825 urn:x-nevis:profile:0b00c8af8795b0ae urn:x-nevis:profile:0b00c8af85025cc4 urn:x-nevis:profile:0b00c8af8569a80c urn:x-nevis:profile:0b00c8af861bd2c7 urn:x-nevis:profile:0b00c8af86576f47 urn:x-nevis:profile:0b00c8af86eead74 urn:x-nevis:profile:0b00c8af87345b76 urn:x-nevis:profile:0b00c8af8795b0ab urn:x-nevis:profile:0b00c8af87a573de urn:x-nevis:profile:0b00c8af8020c05a urn:x-nevis:profile:0b00c8af80da257d urn:x-nevis:profile:0b00c8af823216ee urn:x-nevis:profile:0b00c8af82e5d352 urn:x-nevis:profile:0b00c8af839eacfa urn:x-nevis:profile:0b00c8af83f1a8d8 urn:x-nevis:profile:0b00c8af8414e27e urn:x-nevis:profile:0b00c8af847139e3 urn:x-nevis:profile:0b00c8af84eb8110 urn:x-nevis:profile:0b00c8af84677309 urn:x-nevis:profile:0b00c8af84eb810c urn:x-nevis:profile:0b00c8af8520c3a6 urn:x-nevis:profile:0b00c8af85633da2 urn:x-nevis:profile:0b00c8af86223698 urn:x-nevis:profile:0b00c8af863ffa7b urn:x-nevis:profile:0b00c8af86ec6047 urn:x-nevis:profile:0b00c8af87344fef urn:x-nevis:profile:0b00c8af87a4ede2 urn:x-nevis:profile:0b00c8af86552501 urn:x-nevis:profile:0b00c8af8657680f urn:x-nevis:profile:0b00c8af86eddbce urn:x-nevis:profile:0b00c8af87345325 urn:x-nevis:profile:0b00c8af80206343 urn:x-nevis:profile:0b00c8af802063ec urn:x-nevis:profile:0b00c8af8020641f urn:x-nevis:profile:0b00c8af80206670 urn:x-nevis:profile:0b00c8af8020666a urn:x-nevis:profile:0b00c8af80206675 urn:x-nevis:profile:0b00c8af80206676 urn:x-nevis:profile:0b00c8af80206666 urn:x-nevis:profile:0b00c8af80da26dc urn:x-nevis:profile:0b00c8af822b096a urn:x-nevis:profile:0b00c8af82e48186 urn:x-nevis:profile:0b00c8af83affc41 urn:x-nevis:profile:0b00c8af839e8e09 urn:x-nevis:profile:0b00c8af83f23801 urn:x-nevis:profile:0b00c8af84103b76 urn:x-nevis:profile:0b00c8af84adce35 urn:x-nevis:profile:0b00c8af84eb8108 urn:x-nevis:profile:0b00c8af8520c3a3 urn:x-nevis:profile:0b00c8af85632eb6 urn:x-nevis:profile:0b00c8af862154cd urn:x-nevis:profile:0b00c8af8656e95f urn:x-nevis:profile:0b00c8af802065c4 urn:x-nevis:profile:0b00c8af802065f5 urn:x-nevis:profile:0b00c8af802065d6 urn:x-nevis:profile:0b00c8af8020666b urn:x-nevis:profile:0b00c8af8020666d urn:x-nevis:profile:0b00c8af80206662 urn:x-nevis:profile:0b00c8af8020665c urn:x-nevis:profile:0b00c8af80da2577 urn:x-nevis:profile:0b00c8af822b096c urn:x-nevis:profile:0b00c8af82e48550 urn:x-nevis:profile:0b00c8af80206712 urn:x-nevis:profile:0b00c8af86dd9c01 urn:x-nevis:profile:0b00c8af8734634a urn:x-nevis:profile:0b00c8af8795b0b2 urn:x-nevis:profile:0b00c8af86dd9c02 urn:x-nevis:profile:0b00c8af873465d2 urn:x-nevis:profile:0b00c8af8795b0ad urn:x-nevis:profile:0b00c8af8734696f urn:x-nevis:profile:0b00c8af8795b0aa urn:x-nevis:profile:0b00c8af83f34b0e urn:x-nevis:profile:0b00c8af841040db urn:x-nevis:profile:0b00c8af84ae12aa urn:x-nevis:profile:0b00c8af84eb810d urn:x-nevis:profile:0b00c8af8520c3a7 urn:x-nevis:profile:0b00c8af8569a13e urn:x-nevis:profile:0b00c8af86229467 urn:x-nevis:profile:0b00c8af864b2bae urn:x-nevis:profile:0b00c8af86ee512d urn:x-nevis:profile:0b00c8af87164cbc urn:x-nevis:profile:0b00c8af8795b0ac urn:x-nevis:profile:0b00c8af839e8e0b urn:x-nevis:profile:0b00c8af83f24029 urn:x-nevis:profile:0b00c8af84103a21 urn:x-nevis:profile:0b00c8af84add34d urn:x-nevis:profile:0b00c8af84eb8109 urn:x-nevis:profile:0b00c8af8520c3a4 urn:x-nevis:profile:0b00c8af85633292 urn:x-nevis:profile:0b00c8af8621ada3 urn:x-nevis:profile:0b00c8af8656ed6f urn:x-nevis:profile:0b00c8af80206671 urn:x-nevis:profile:0b00c8af80206669 urn:x-nevis:profile:0b00c8af8117443b urn:x-nevis:profile:0b00c8af822b0968 urn:x-nevis:profile:0b00c8af82e48817 urn:x-nevis:profile:0b00c8af838ba0b2 urn:x-nevis:profile:0b00c8af83f1a29a urn:x-nevis:profile:0b00c8af8414e54b urn:x-nevis:profile:0b00c8af84983e6d urn:x-nevis:profile:0b00c8af84eb8103 urn:x-nevis:profile:0b00c8af851e8289 urn:x-nevis:profile:0b00c8af856303e5 urn:x-nevis:profile:0b00c8af8620fba5 urn:x-nevis:profile:0b00c8af8656e7b9 urn:x-nevis:profile:0b00c8af858c2577 urn:x-nevis:profile:0b00c8af86eeb1e9 urn:x-nevis:profile:0b00c8af87345e76 urn:x-nevis:profile:0b00c8af8795b0b1" title="VCC-283750-1, M10" to="L1"/>
</ref>
</torque>
</ptxt>
</para>
</graphtext>
</grate>
</procstep>
<procstep id="nev16999747n1-nev19913427n2">
<grate id="nev16999747n1-nev20227114n41">
<graphic id="nev16999747n1-nev20227114n42">
<href>0900c8af83b9a75#@#@#9#.jpeg</href>
</graphic>
</grate>
</procstep>
</stepgrp>
<stepgrp boilerplate="false" context="" id="nev16999747n1-nev20227114n40">
<title id="nev16999747n1-0800c8af844a46f6">Removal</title>
<procstep id="nev16999747n1-nev19913427n8">
<title id="nev16999747n1-0800c8af86031122">Vehicles with S#@#@#25#d 2WD</title>
</procstep>
<procstep id="nev16999747n1-nev19913428n1">
<grate id="nev16999747n1-nev20227114n38">
<graphic id="nev16999747n1-nev20227114n39">
<href>0900c8af83b9147#@#@#9#.jpeg</href>
</graphic>
</grate>
</procstep>
<procstep id="nev16999747n1-nev19913428n4">
<grate id="nev16999747n1-nev20227114n36">
<graphic id="nev16999747n1-nev20227114n37">
<href>0900c8af83b914b#@#@#9#.jpeg</href>
</graphic>
<graphtext id="nev16999747n1-nev20227372n1">
<para id="nev16999747n1-nev20227114n34">
<ptxt id="nev16999747n1-nev20227114n35">Remove the screw.</ptxt>
</para>
</graphtext>
</grate>
</procstep>
<procstep id="nev16999747n1-nev19913429n1">
<title id="nev16999747n1-0800c8af8543ceaf">Vehicles with 4#@#@#13#ngine</title>
</procstep>
<procstep id="nev16999747n1-nev19913429n4">
<grate id="nev16999747n1-nev20227114n32">
<graphic id="nev16999747n1-nev20227114n33">
<href>0900c8af83b917a#@#@#9#.jpeg</href>
</graphic>
<graphtext id="nev16999747n1-nev20227376n1">
<caution id="nev16999747n1-0800c8af84abf1c4">
<ptxt>Make sure that #@#@#53#sted.</ptxt>
</caution>
<note id="nev16999747n1-0800c8af86026b2f">
<ptxt>Always use new #@#@#18#nuts.</ptxt>
</note>
<para id="nev16999747n1-nev20227114n30">
<ptxt id="nev16999747n1-nev20227114n31">Remove the nuts.</ptxt>
</para>
</graphtext>
</grate>
</procstep>
<procstep id="nev16999747n1-nev19913430n5">
<title id="nev16999747n1-0800c8af86027031">Vehicles with 4#@#@#15#ngine</title>
</procstep>
<procstep id="nev16999747n1-nev19913430n8">
<grate id="nev16999747n1-nev20227114n28">
<graphic id="nev16999747n1-nev20227114n29">
<href>0900c8af83b917b#@#@#9#.jpeg</href>
</graphic>
<graphtext id="nev16999747n1-nev20227380n1">
<caution id="nev16999747n1-0800c8af84abf1c4">
<ptxt>Make sure that #@#@#53#sted.</ptxt>
</caution>
<note id="nev16999747n1-0800c8af86026b2f">
<ptxt>Always use new #@#@#18#nuts.</ptxt>
</note>
<para id="nev16999747n1-nev20227114n26">
<ptxt id="nev16999747n1-nev20227114n27">Remove the nuts.</ptxt>
</para>
</graphtext>
</grate>
</procstep>
<procstep id="nev16999747n1-nev19913431n9">
<title id="nev16999747n1-0800c8af86027033">Vehicles with 5#@#@#13#ngine</title>
</procstep>
<procstep id="nev16999747n1-nev19913432n2">
<grate id="nev16999747n1-nev20227114n24">
<graphic id="nev16999747n1-nev20227114n25">
<href>0900c8af83b917c#@#@#9#.jpeg</href>
</graphic>
<graphtext id="nev16999747n1-nev20227384n1">
<caution id="nev16999747n1-0800c8af84abf1c4">
<ptxt>Make sure that #@#@#53#sted.</ptxt>
</caution>
<note id="nev16999747n1-0800c8af86026b2f">
<ptxt>Always use new #@#@#18#nuts.</ptxt>
</note>
<para id="nev16999747n1-nev20227114n22">
<ptxt id="nev16999747n1-nev20227114n23">Remove the nuts.</ptxt>
</para>
</graphtext>
</grate>
</procstep>
<procstep id="nev16999747n1-nev19913433n3">
<title id="nev16999747n1-0800c8af84fbdb31">Vehicles with 2WD</title>
</procstep>
<procstep id="nev16999747n1-nev19913433n6">
<grate id="nev16999747n1-nev20227114n20">
<graphic id="nev16999747n1-nev20227114n21">
<href>0900c8af83b914c#@#@#9#.jpeg</href>
</graphic>
<graphtext id="nev16999747n1-nev20227388n1">
<para id="nev16999747n1-nev20227114n18">
<ptxt id="nev16999747n1-nev20227114n19">Remove the clips.</ptxt>
</para>
</graphtext>
</grate>
</procstep>
<procstep id="nev16999747n1-nev19913434n3">
<grate id="nev16999747n1-nev20227114n16">
<graphic id="nev16999747n1-nev20227114n17">
<href>0900c8af83c1dbe#@#@#9#.jpeg</href>
</graphic>
</grate>
</procstep>
<procstep id="nev16999747n1-nev19913434n6">
<grate id="nev16999747n1-nev20227114n14">
<graphic id="nev16999747n1-nev20227114n15">
<href>0900c8af85856a6#@#@#9#.jpeg</href>
</graphic>
<graphtext id="nev16999747n1-nev20227395n1">
<para id="nev16999747n1-nev20227114n12">
<ptxt id="nev16999747n1-nev20227114n13">Measure and mar#@#@#12#ated.</ptxt>
</para>
<para id="nev16999747n1-nev20227114n10">
<ptxt id="nev16999747n1-nev20227114n11">Remove the tape.</ptxt>
</para>
<para id="nev16999747n1-nev20227114n8">
<ptxt id="nev16999747n1-nev20227114n9">Repeat on the o#@#@#5#side.</ptxt>
</para>
</graphtext>
</grate>
</procstep>
<procstep id="nev16999747n1-nev19913435n9">
<grate id="nev16999747n1-nev20227114n6">
<graphic id="nev16999747n1-nev20227114n7">
<href>0900c8af83c1692#@#@#9#.jpeg</href>
</graphic>
<graphtext id="nev16999747n1-nev20227399n1">
<caution id="nev16999747n1-0800c8af844a4177">
<ptxt>Make sure that #@#@#45#rial.</ptxt>
</caution>
<para id="nev16999747n1-nev20227114n4">
<ptxt id="nev16999747n1-nev20227114n5">Clean the surface.</ptxt>
</para>
<para id="nev16999747n1-nev20227114n2">
<ptxt id="nev16999747n1-nev20227114n3">Repeat on the o#@#@#5#side.</ptxt>
</para>
</graphtext>
</grate>
</procstep>
</stepgrp>
<stepgrp boilerplate="false" context="" id="nev16999747n1-nev20227114n1">
<title id="nev16999747n1-0800c8af84fbdb3d">Accessory insta#@#@#2#ation</title>
<procstep id="nev16999747n1-nev19916880n40">
<grate id="nev16999747n1-nev20227115n99">
<graphic id="nev16999747n1-nev20227115n100">
<href>0900c8af86051f6#@#@#9#.jpeg</href>
</graphic>
</grate>
</procstep>
<procstep id="nev16999747n1-nev19916880n37">
<grate id="nev16999747n1-nev20227115n97">
<graphic id="nev16999747n1-nev20227115n98">
<href>0900c8af8605226#@#@#9#.jpeg</href>
</graphic>
<graphtext id="nev16999747n1-nev20227406n1">
<note id="nev16999747n1-0800c8af854bf2da">
<ptxt>Note the position.</ptxt>
</note>
<para id="nev16999747n1-nev20227115n95">
<ptxt id="nev16999747n1-nev20227115n96">Repeat on the o#@#@#5#side.</ptxt>
</para>
</graphtext>
</grate>
</procstep>
<procstep id="nev16999747n1-nev19916880n32">
<grate id="nev16999747n1-nev20227115n93">
<graphic id="nev16999747n1-nev20227115n94">
<href>0900c8af8605229#@#@#9#.jpeg</href>
</graphic>
<graphtext id="nev16999747n1-nev20227410n1">
<note id="nev16999747n1-0800c8af84fbda96">
<ptxt>This step is ea#@#@#16#ople.</ptxt>
</note>
<note id="nev16999747n1-0800c8af844a431b">
<ptxt>Only tighten th#@#@#30#tage.</ptxt>
</note>
<para id="nev16999747n1-nev20227115n91">
<ptxt id="nev16999747n1-nev20227115n92">Install the screws.</ptxt>
</para>
<para id="nev16999747n1-nev20227115n89">
<ptxt id="nev16999747n1-nev20227115n90">Repeat on the o#@#@#5#side.</ptxt>
</para>
</graphtext>
</grate>
</procstep>
<procstep id="nev16999747n1-nev19916880n25">
<grate id="nev16999747n1-nev20227115n87">
<graphic id="nev16999747n1-nev20227115n88">
<href>0900c8af860522a#@#@#9#.jpeg</href>
</graphic>
<graphtext id="nev16999747n1-nev20227414n1">
<para id="nev16999747n1-nev20227115n85">
<ptxt id="nev16999747n1-nev20227115n86">Repeat on the o#@#@#5#side.</ptxt>
</para>
</graphtext>
</grate>
</procstep>
<procstep id="nev16999747n1-nev19916880n20">
<grate id="nev16999747n1-nev20227115n83">
<graphic id="nev16999747n1-nev20227115n84">
<href>0900c8af8605235#@#@#9#.jpeg</href>
</graphic>
<graphtext id="nev16999747n1-nev20227418n1">
<para id="nev16999747n1-nev20227115n81">
<ptxt id="nev16999747n1-nev20227115n82">Repeat on the o#@#@#5#side.</ptxt>
</para>
</graphtext>
</grate>
</procstep>
</stepgrp>
<stepgrp boilerplate="false" context="" id="nev16999747n1-nev20227115n80">
<title id="nev16999747n1-0800c8af844a46f9">Installation</title>
<procstep id="nev16999747n1-nev19913442n2">
<grate id="nev16999747n1-nev20227115n78">
<graphic id="nev16999747n1-nev20227115n79">
<href>0900c8af83c1dc2#@#@#9#.jpeg</href>
</graphic>
</grate>
</procstep>
<procstep id="nev16999747n1-nev19913442n5">
<grate id="nev16999747n1-nev20227115n76">
<graphic id="nev16999747n1-nev20227115n77">
<href>0900c8af83b9a63#@#@#9#.jpeg</href>
</graphic>
<graphtext id="nev16999747n1-nev20227425n1">
<para id="nev16999747n1-nev20227115n74">
<ptxt id="nev16999747n1-nev20227115n75">Install the clip(s).</ptxt>
</para>
</graphtext>
</grate>
</procstep>
<procstep id="nev16999747n1-nev19913443n2">
<title id="nev16999747n1-0800c8af8543ceaf">Vehicles with 4#@#@#13#ngine</title>
</procstep>
<procstep id="nev16999747n1-nev19913443n5">
<grate id="nev16999747n1-nev20227115n72">
<graphic id="nev16999747n1-nev20227115n73">
<href>0900c8af8602711#@#@#9#.jpeg</href>
</graphic>
<graphtext id="nev16999747n1-nev20227429n1">
<caution id="nev16999747n1-0800c8af84abf1c4">
<ptxt>Make sure that #@#@#53#sted.</ptxt>
</caution>
<note id="nev16999747n1-0800c8af86026b2f">
<ptxt>Always use new #@#@#18#nuts.</ptxt>
</note>
<para id="nev16999747n1-nev20227115n70">
<ptxt id="nev16999747n1-nev20227115n71">Install the nuts</ptxt>
</para>
</graphtext>
</grate>
</procstep>
<procstep id="nev16999747n1-nev19913444n6">
<title id="nev16999747n1-0800c8af86027031">Vehicles with 4#@#@#15#ngine</title>
</procstep>
<procstep id="nev16999747n1-nev19913444n9">
<grate id="nev16999747n1-nev20227115n68">
<graphic id="nev16999747n1-nev20227115n69">
<href>0900c8af8602713#@#@#9#.jpeg</href>
</graphic>
<graphtext id="nev16999747n1-nev20227433n1">
<caution id="nev16999747n1-0800c8af84abf1c4">
<ptxt>Make sure that #@#@#53#sted.</ptxt>
</caution>
<note id="nev16999747n1-0800c8af86026b2f">
<ptxt>Always use new #@#@#18#nuts.</ptxt>
</note>
<para id="nev16999747n1-nev20227115n66">
<ptxt id="nev16999747n1-nev20227115n67">Install the nuts</ptxt>
</para>
</graphtext>
</grate>
</procstep>
<procstep id="nev16999747n1-nev19913445n10">
<title id="nev16999747n1-0800c8af86027033">Vehicles with 5#@#@#13#ngine</title>
</procstep>
<procstep id="nev16999747n1-nev19913446n3">
<grate id="nev16999747n1-nev20227115n64">
<graphic id="nev16999747n1-nev20227115n65">
<href>0900c8af86026be#@#@#9#.jpeg</href>
</graphic>
<graphtext id="nev16999747n1-nev20227437n1">
<caution id="nev16999747n1-0800c8af84abf1c4">
<ptxt>Make sure that #@#@#53#sted.</ptxt>
</caution>
<note id="nev16999747n1-0800c8af86026b2f">
<ptxt>Always use new #@#@#18#nuts.</ptxt>
</note>
<para id="nev16999747n1-nev20227115n62">
<ptxt id="nev16999747n1-nev20227115n63">Install the nuts</ptxt>
</para>
</graphtext>
</grate>
</procstep>
<procstep id="nev16999747n1-nev19913447n4">
<title id="nev16999747n1-0800c8af84fbdb31">Vehicles with 2WD</title>
</procstep>
<procstep id="nev16999747n1-nev19913447n7">
<grate id="nev16999747n1-nev20227115n60">
<graphic id="nev16999747n1-nev20227115n61">
<href>0900c8af83b9a65#@#@#9#.jpeg</href>
</graphic>
<graphtext id="nev16999747n1-nev20227441n1">
<para id="nev16999747n1-nev20227115n58">
<ptxt id="nev16999747n1-nev20227115n59">Install the screw.</ptxt>
</para>
<para id="nev16999747n1-nev20227115n56">
<ptxt id="nev16999747n1-nev20227115n57">
<torque id="nev16999747n1-nev19913448n6">
<ref id="nev16999747n1-nev19913448n7">
<locator href="#nev16999747n1-nev19913448n7" label="L0"/>
<locator href="urn:x-nevis:xref:0800c8af8343446d:0000000000000000:0900c8af83434478#include" label="L1"/>
<arc from="L0" href="urn:x-nevis:xref:0800c8af8343446d:0900c8af8343446e:0900c8af83434478#include" role="urn:x-nevis:profile:0b00c8af82febdf9 urn:x-nevis:profile:0b00c8af83aff6b3 urn:x-nevis:profile:0b00c8af83f19e63 urn:x-nevis:profile:0b00c8af841552ad urn:x-nevis:profile:0b00c8af847139c0 urn:x-nevis:profile:0b00c8af84eb8111 urn:x-nevis:profile:0b00c8af8520c39e urn:x-nevis:profile:0b00c8af8512644f urn:x-nevis:profile:0b00c8af85330427 urn:x-nevis:profile:0b00c8af8568d0bf urn:x-nevis:profile:0b00c8af817ac33f urn:x-nevis:profile:0b00c8af82e3ac56 urn:x-nevis:profile:0b00c8af83affa46 urn:x-nevis:profile:0b00c8af83f1ad9d urn:x-nevis:profile:0b00c8af8415509d urn:x-nevis:profile:0b00c8af847139e4 urn:x-nevis:profile:0b00c8af84eb8113 urn:x-nevis:profile:0b00c8af8520c261 urn:x-nevis:profile:0b00c8af80206360 urn:x-nevis:profile:0b00c8af80206404 urn:x-nevis:profile:0b00c8af80206409 urn:x-nevis:profile:0b00c8af802063f0 urn:x-nevis:profile:0b00c8af80206449 urn:x-nevis:profile:0b00c8af80206452 urn:x-nevis:profile:0b00c8af802064ba urn:x-nevis:profile:0b00c8af813c6d14 urn:x-nevis:profile:0b00c8af8020635b urn:x-nevis:profile:0b00c8af80206427 urn:x-nevis:profile:0b00c8af8020644d urn:x-nevis:profile:0b00c8af80206410 urn:x-nevis:profile:0b00c8af8020648e urn:x-nevis:profile:0b00c8af802065a6 urn:x-nevis:profile:0b00c8af802065bd urn:x-nevis:profile:0b00c8af802065ab urn:x-nevis:profile:0b00c8af802065bf urn:x-nevis:profile:0b00c8af802065b3 urn:x-nevis:profile:0b00c8af802065af urn:x-nevis:profile:0b00c8af802065c5 urn:x-nevis:profile:0b00c8af8020c058 urn:x-nevis:profile:0b00c8af80da257b urn:x-nevis:profile:0b00c8af823216e9 urn:x-nevis:profile:0b00c8af82e5d02d urn:x-nevis:profile:0b00c8af839eaa60 urn:x-nevis:profile:0b00c8af83f1a51f urn:x-nevis:profile:0b00c8af8414dfad urn:x-nevis:profile:0b00c8af847139e6 urn:x-nevis:profile:0b00c8af84eb810f urn:x-nevis:profile:0b00c8af80206660 urn:x-nevis:profile:0b00c8af8020665e urn:x-nevis:profile:0b00c8af8020665f urn:x-nevis:profile:0b00c8af80206674 urn:x-nevis:profile:0b00c8af80da257a urn:x-nevis:profile:0b00c8af822b09b7 urn:x-nevis:profile:0b00c8af82e3b020 urn:x-nevis:profile:0b00c8af83b00078 urn:x-nevis:profile:0b00c8af83f2e56a urn:x-nevis:profile:0b00c8af846772f5 urn:x-nevis:profile:0b00c8af84eb8105 urn:x-nevis:profile:0b00c8af8520c3a5 urn:x-nevis:profile:0b00c8af856337af urn:x-nevis:profile:0b00c8af8621e88c urn:x-nevis:profile:0b00c8af863f4c3a urn:x-nevis:profile:0b00c8af86ea35a1 urn:x-nevis:profile:0b00c8af87344a46 urn:x-nevis:profile:0b00c8af87a4ed08 urn:x-nevis:profile:0b00c8af86b49077 urn:x-nevis:profile:0b00c8af86ead04a urn:x-nevis:profile:0b00c8af87344e2d urn:x-nevis:profile:0b00c8af85633c05 urn:x-nevis:profile:0b00c8af8633603b urn:x-nevis:profile:0b00c8af86576304 urn:x-nevis:profile:0b00c8af86eb98d1 urn:x-nevis:profile:0b00c8af87344f63 urn:x-nevis:profile:0b00c8af8020632d urn:x-nevis:profile:0b00c8af802063e9 urn:x-nevis:profile:0b00c8af8020642f urn:x-nevis:profile:0b00c8af80206672 urn:x-nevis:profile:0b00c8af8020666c urn:x-nevis:profile:0b00c8af80206663 urn:x-nevis:profile:0b00c8af8020665a urn:x-nevis:profile:0b00c8af80206664 urn:x-nevis:profile:0b00c8af80206661 urn:x-nevis:profile:0b00c8af80da2572 urn:x-nevis:profile:0b00c8af823216de urn:x-nevis:profile:0b00c8af8259afd3 urn:x-nevis:profile:0b00c8af838b9dc6 urn:x-nevis:profile:0b00c8af83f1dcfd urn:x-nevis:profile:0b00c8af84116a24 urn:x-nevis:profile:0b00c8af8494c645 urn:x-nevis:profile:0b00c8af84eb8104 urn:x-nevis:profile:0b00c8af8520c3a1 urn:x-nevis:profile:0b00c8af856303ec urn:x-nevis:profile:0b00c8af8620f7a0 urn:x-nevis:profile:0b00c8af8656e7d2 urn:x-nevis:profile:0b00c8af83f4b28f urn:x-nevis:profile:0b00c8af8414d8c5 urn:x-nevis:profile:0b00c8af84adce3d urn:x-nevis:profile:0b00c8af84eb810a urn:x-nevis:profile:0b00c8af8520c3a2 urn:x-nevis:profile:0b00c8af85632e61 urn:x-nevis:profile:0b00c8af868ec1a4 urn:x-nevis:profile:0b00c8af802066e8 urn:x-nevis:profile:0b00c8af86dd9c00 urn:x-nevis:profile:0b00c8af87346035 urn:x-nevis:profile:0b00c8af8795b0b0 urn:x-nevis:profile:0b00c8af86ef2dd3 urn:x-nevis:profile:0b00c8af87346884 urn:x-nevis:profile:0b00c8af8795b0af urn:x-nevis:profile:0b00c8af802065a8 urn:x-nevis:profile:0b00c8af802065c6 urn:x-nevis:profile:0b00c8af802065ad urn:x-nevis:profile:0b00c8af802065e4 urn:x-nevis:profile:0b00c8af802065b8 urn:x-nevis:profile:0b00c8af802065cc urn:x-nevis:profile:0b00c8af802065ca urn:x-nevis:profile:0b00c8af85025cbc urn:x-nevis:profile:0b00c8af8569a64b urn:x-nevis:profile:0b00c8af862296a5 urn:x-nevis:profile:0b00c8af86576caa urn:x-nevis:profile:0b00c8af86eea749 urn:x-nevis:profile:0b00c8af87345825 urn:x-nevis:profile:0b00c8af8795b0ae urn:x-nevis:profile:0b00c8af85025cc4 urn:x-nevis:profile:0b00c8af8569a80c urn:x-nevis:profile:0b00c8af861bd2c7 urn:x-nevis:profile:0b00c8af86576f47 urn:x-nevis:profile:0b00c8af86eead74 urn:x-nevis:profile:0b00c8af87345b76 urn:x-nevis:profile:0b00c8af8795b0ab urn:x-nevis:profile:0b00c8af87a573de urn:x-nevis:profile:0b00c8af8020c05a urn:x-nevis:profile:0b00c8af80da257d urn:x-nevis:profile:0b00c8af823216ee urn:x-nevis:profile:0b00c8af82e5d352 urn:x-nevis:profile:0b00c8af839eacfa urn:x-nevis:profile:0b00c8af83f1a8d8 urn:x-nevis:profile:0b00c8af8414e27e urn:x-nevis:profile:0b00c8af847139e3 urn:x-nevis:profile:0b00c8af84eb8110 urn:x-nevis:profile:0b00c8af84677309 urn:x-nevis:profile:0b00c8af84eb810c urn:x-nevis:profile:0b00c8af8520c3a6 urn:x-nevis:profile:0b00c8af85633da2 urn:x-nevis:profile:0b00c8af86223698 urn:x-nevis:profile:0b00c8af863ffa7b urn:x-nevis:profile:0b00c8af86ec6047 urn:x-nevis:profile:0b00c8af87344fef urn:x-nevis:profile:0b00c8af87a4ede2 urn:x-nevis:profile:0b00c8af86552501 urn:x-nevis:profile:0b00c8af8657680f urn:x-nevis:profile:0b00c8af86eddbce urn:x-nevis:profile:0b00c8af87345325 urn:x-nevis:profile:0b00c8af80206343 urn:x-nevis:profile:0b00c8af802063ec urn:x-nevis:profile:0b00c8af8020641f urn:x-nevis:profile:0b00c8af80206670 urn:x-nevis:profile:0b00c8af8020666a urn:x-nevis:profile:0b00c8af80206675 urn:x-nevis:profile:0b00c8af80206676 urn:x-nevis:profile:0b00c8af80206666 urn:x-nevis:profile:0b00c8af80da26dc urn:x-nevis:profile:0b00c8af822b096a urn:x-nevis:profile:0b00c8af82e48186 urn:x-nevis:profile:0b00c8af83affc41 urn:x-nevis:profile:0b00c8af839e8e09 urn:x-nevis:profile:0b00c8af83f23801 urn:x-nevis:profile:0b00c8af84103b76 urn:x-nevis:profile:0b00c8af84adce35 urn:x-nevis:profile:0b00c8af84eb8108 urn:x-nevis:profile:0b00c8af8520c3a3 urn:x-nevis:profile:0b00c8af85632eb6 urn:x-nevis:profile:0b00c8af862154cd urn:x-nevis:profile:0b00c8af8656e95f urn:x-nevis:profile:0b00c8af802065c4 urn:x-nevis:profile:0b00c8af802065f5 urn:x-nevis:profile:0b00c8af802065d6 urn:x-nevis:profile:0b00c8af8020666b urn:x-nevis:profile:0b00c8af8020666d urn:x-nevis:profile:0b00c8af80206662 urn:x-nevis:profile:0b00c8af8020665c urn:x-nevis:profile:0b00c8af80da2577 urn:x-nevis:profile:0b00c8af822b096c urn:x-nevis:profile:0b00c8af82e48550 urn:x-nevis:profile:0b00c8af80206712 urn:x-nevis:profile:0b00c8af86dd9c01 urn:x-nevis:profile:0b00c8af8734634a urn:x-nevis:profile:0b00c8af8795b0b2 urn:x-nevis:profile:0b00c8af86dd9c02 urn:x-nevis:profile:0b00c8af873465d2 urn:x-nevis:profile:0b00c8af8795b0ad urn:x-nevis:profile:0b00c8af8734696f urn:x-nevis:profile:0b00c8af8795b0aa urn:x-nevis:profile:0b00c8af83f34b0e urn:x-nevis:profile:0b00c8af841040db urn:x-nevis:profile:0b00c8af84ae12aa urn:x-nevis:profile:0b00c8af84eb810d urn:x-nevis:profile:0b00c8af8520c3a7 urn:x-nevis:profile:0b00c8af8569a13e urn:x-nevis:profile:0b00c8af86229467 urn:x-nevis:profile:0b00c8af864b2bae urn:x-nevis:profile:0b00c8af86ee512d urn:x-nevis:profile:0b00c8af87164cbc urn:x-nevis:profile:0b00c8af8795b0ac urn:x-nevis:profile:0b00c8af839e8e0b urn:x-nevis:profile:0b00c8af83f24029 urn:x-nevis:profile:0b00c8af84103a21 urn:x-nevis:profile:0b00c8af84add34d urn:x-nevis:profile:0b00c8af84eb8109 urn:x-nevis:profile:0b00c8af8520c3a4 urn:x-nevis:profile:0b00c8af85633292 urn:x-nevis:profile:0b00c8af8621ada3 urn:x-nevis:profile:0b00c8af8656ed6f urn:x-nevis:profile:0b00c8af80206671 urn:x-nevis:profile:0b00c8af80206669 urn:x-nevis:profile:0b00c8af8117443b urn:x-nevis:profile:0b00c8af822b0968 urn:x-nevis:profile:0b00c8af82e48817 urn:x-nevis:profile:0b00c8af838ba0b2 urn:x-nevis:profile:0b00c8af83f1a29a urn:x-nevis:profile:0b00c8af8414e54b urn:x-nevis:profile:0b00c8af84983e6d urn:x-nevis:profile:0b00c8af84eb8103 urn:x-nevis:profile:0b00c8af851e8289 urn:x-nevis:profile:0b00c8af856303e5 urn:x-nevis:profile:0b00c8af8620fba5 urn:x-nevis:profile:0b00c8af8656e7b9 urn:x-nevis:profile:0b00c8af858c2577 urn:x-nevis:profile:0b00c8af86eeb1e9 urn:x-nevis:profile:0b00c8af87345e76 urn:x-nevis:profile:0b00c8af8795b0b1" title="VCC-283750-1, M10" to="L1"/>
</ref>
</torque>
</ptxt>
</para>
</graphtext>
</grate>
</procstep>
<procstep id="nev16999747n1-nev19913448n8">
<grate id="nev16999747n1-nev20227115n54">
<graphic id="nev16999747n1-nev20227115n55">
<href>0900c8af83b9a76#@#@#9#.jpeg</href>
</graphic>
</grate>
</procstep>
<procstep id="nev16999747n1-nev19913449n1">
<title id="nev16999747n1-0800c8af844a41e8">All vehicles</title>
</procstep>
<procstep id="nev16999747n1-nev19913449n4">
<grate id="nev16999747n1-nev20227115n52">
<graphic id="nev16999747n1-nev20227115n53">
<href>0900c8af83b9a77#@#@#9#.jpeg</href>
</graphic>
<graphtext id="nev16999747n1-nev20227451n1">
<para id="nev16999747n1-nev20227115n50">
<ptxt id="nev16999747n1-nev20227115n51">
<material id="nev16999747n1-nev19913449n10" materialid="" materialname="Rust inhibitor, low viscosity" quantity="0.0"/>
</ptxt>
</para>
<para id="nev16999747n1-nev20227115n48">
<ptxt id="nev16999747n1-nev20227115n49">Repeat on the o#@#@#5#side.</ptxt>
</para>
</graphtext>
</grate>
</procstep>
<procstep id="nev16999747n1-nev19913450n4">
<grate id="nev16999747n1-nev20227115n46">
<graphic id="nev16999747n1-nev20227115n47">
<href>0900c8af83b9a78#@#@#9#.jpeg</href>
</graphic>
<graphtext id="nev16999747n1-nev20227458n1">
<para id="nev16999747n1-nev20227115n44">
<ptxt id="nev16999747n1-nev20227115n45">Install the screws.</ptxt>
</para>
<para id="nev16999747n1-nev20227115n42">
<ptxt id="nev16999747n1-nev20227115n43">Repeat on the o#@#@#5#side.</ptxt>
</para>
</graphtext>
</grate>
</procstep>
<procstep id="nev16999747n1-nev19913451n4">
<grate id="nev16999747n1-nev20227115n40">
<graphic id="nev16999747n1-nev20227115n41">
<href>0900c8af8415adf#@#@#9#.jpeg</href>
</graphic>
<graphtext id="nev16999747n1-nev20227462n1">
<caution id="nev16999747n1-0800c8af844a4184">
<ptxt>Take extra care#@#@#31#sses.</ptxt>
</caution>
<para id="nev16999747n1-nev20227115n38">
<ptxt id="nev16999747n1-nev20227115n39">Install the screw.</ptxt>
</para>
</graphtext>
</grate>
</procstep>
<procstep id="nev16999747n1-nev19913452n3">
<grate id="nev16999747n1-nev20227115n36">
<graphic id="nev16999747n1-nev20227115n37">
<href>0900c8af85864be#@#@#9#.jpeg</href>
</graphic>
<graphtext id="nev16999747n1-nev20227466n1">
<para id="nev16999747n1-nev20227115n34">
<ptxt id="nev16999747n1-nev20227115n35">Install the panel.</ptxt>
</para>
</graphtext>
</grate>
</procstep>
<procstep id="nev16999747n1-nev19913452n10">
<grate id="nev16999747n1-nev20227115n32">
<graphic id="nev16999747n1-nev20227115n33">
<href>0900c8af83b9a7b#@#@#9#.jpeg</href>
</graphic>
<graphtext id="nev16999747n1-nev20227470n1">
<para id="nev16999747n1-nev20227115n30">
<ptxt id="nev16999747n1-nev20227115n31">Install the panel.</ptxt>
</para>
</graphtext>
</grate>
</procstep>
<procstep id="nev16999747n1-nev19913453n7">
<grate id="nev16999747n1-nev20227115n28">
<graphic id="nev16999747n1-nev20227115n29">
<href>0900c8af83b9a7b#@#@#9#.jpeg</href>
</graphic>
<graphtext id="nev16999747n1-nev20227474n1">
<para id="nev16999747n1-nev20227115n26">
<ptxt id="nev16999747n1-nev20227115n27">Reinstall the s#@#@#1#rews.</ptxt>
</para>
</graphtext>
</grate>
</procstep>
</stepgrp>
<stepgrp boilerplate="false" context="" id="nev16999747n1-nev20227115n25">
<title id="nev16999747n1-0800c8af84fbdb3d">Accessory insta#@#@#2#ation</title>
<procstep id="nev16999747n1-nev19913455n7">
<grate id="nev16999747n1-nev20227115n23">
<graphic id="nev16999747n1-nev20227115n24">
<href>0900c8af86058bf#@#@#9#.jpeg</href>
</graphic>
<graphtext id="nev16999747n1-nev20227478n1">
<para id="nev16999747n1-nev20227115n21">
<ptxt id="nev16999747n1-nev20227115n22">Locate relevant#@#@#4#king.</ptxt>
</para>
</graphtext>
</grate>
</procstep>
<procstep id="nev16999747n1-nev19943831n79">
<grate id="nev16999747n1-nev20227115n19">
<graphic id="nev16999747n1-nev20227115n20">
<href>0900c8af86058c3#@#@#9#.jpeg</href>
</graphic>
<graphtext id="nev16999747n1-nev20227482n1">
<para id="nev16999747n1-nev20227115n17">
<ptxt id="nev16999747n1-nev20227115n18">Apply tape to t#@#@#37#ines.</ptxt>
</para>
</graphtext>
</grate>
</procstep>
<procstep id="nev16999747n1-nev19913456n4">
<grate id="nev16999747n1-nev20227115n15">
<graphic id="nev16999747n1-nev20227115n16">
<href>0900c8af86058c4#@#@#9#.jpeg</href>
</graphic>
</grate>
</procstep>
<procstep id="nev16999747n1-nev19913456n7">
<grate id="nev16999747n1-nev20227115n13">
<graphic id="nev16999747n1-nev20227115n14">
<href>0900c8af86058c4#@#@#9#.jpeg</href>
</graphic>
<graphtext id="nev16999747n1-nev20227489n1">
<para id="nev16999747n1-nev20227115n11">
<ptxt id="nev16999747n1-nev20227115n12">Deburr edges</ptxt>
</para>
</graphtext>
</grate>
</procstep>
<procstep id="nev16999747n1-nev19943831n68">
<title id="nev16999747n1-0800c8af85102fab">Vehicles with R#@#@#2#esign</title>
</procstep>
<procstep id="nev16999747n1-nev19943831n66">
<grate id="nev16999747n1-nev20227115n9">
<graphic id="nev16999747n1-nev20227115n10">
<href>0900c8af86058ca#@#@#9#.jpeg</href>
</graphic>
<graphtext id="nev16999747n1-nev20227493n1">
<para id="nev16999747n1-nev20227115n7">
<ptxt id="nev16999747n1-nev20227115n8">Locate relevant#@#@#4#king.</ptxt>
</para>
</graphtext>
</grate>
</procstep>
<procstep id="nev16999747n1-nev19943831n61">
<grate id="nev16999747n1-nev20227115n5">
<graphic id="nev16999747n1-nev20227115n6">
<href>0900c8af86058cc#@#@#9#.jpeg</href>
</graphic>
<graphtext id="nev16999747n1-nev20227497n1">
<para id="nev16999747n1-nev20227115n3">
<ptxt id="nev16999747n1-nev20227115n4">Apply tape to t#@#@#37#ines.</ptxt>
</para>
</graphtext>
</grate>
</procstep>
<procstep id="nev16999747n1-nev19943831n56">
<grate id="nev16999747n1-nev20227115n1">
<graphic id="nev16999747n1-nev20227115n2">
<href>0900c8af86058ce#@#@#9#.jpeg</href>
</graphic>
</grate>
</procstep>
<procstep id="nev16999747n1-nev19943831n53">
<grate id="nev16999747n1-nev20227116n99">
<graphic id="nev16999747n1-nev20227116n100">
<href>0900c8af86058d0#@#@#9#.jpeg</href>
</graphic>
<graphtext id="nev16999747n1-nev20227504n1">
<para id="nev16999747n1-nev20227116n97">
<ptxt id="nev16999747n1-nev20227116n98">Deburr edges</ptxt>
</para>
</graphtext>
</grate>
</procstep>
<procstep id="nev16999747n1-nev19943831n48">
<title id="nev16999747n1-0800c8af844a41e8">All vehicles</title>
</procstep>
<procstep id="nev16999747n1-nev19913459n8">
<grate id="nev16999747n1-nev20227116n95">
<graphic id="nev16999747n1-nev20227116n96">
<href>0900c8af85f8885#@#@#9#.jpeg</href>
</graphic>
<graphtext id="nev16999747n1-nev20227508n1">
<para id="nev16999747n1-nev20227116n93">
<ptxt id="nev16999747n1-nev20227116n94">Install tow bar#@#@#96#Unit.</ptxt>
</para>
<para id="nev16999747n1-nev20227116n91">
<ptxt id="nev16999747n1-nev20227116n92">Reinstall the r#@#@#25#rder.</ptxt>
</para>
</graphtext>
</grate>
</procstep>
</stepgrp>
</procedure>
<kitnumbers>
<kitnumber>31414266</kitnumber>
<kitnumber>31359740</kitnumber>
<kitnumber>31359718</kitnumber>
</kitnumbers>
</servinfosub>
</body>
</i2>