<?xml version="1.0" encoding="UTF-8"?><servinfosub IE-ID="en-US0900c8af80688e01" docno="VCC-080597" id="KC02182593" servinfosubId="nev20686669n1-nev20686669n2" servinfosubRes="0900c8af862c2b27" servinfosubRes2="urn:x-nevis:fragment:0900c8af80688e01:0900c8af862c2b27#nev20686669n2" xml:lang="en-US">
<title>SIPS bag, gener#@#@#9#ation</title>
<topic>
<title/>
<para>
<ptxt>The SIPS bag is#@#@#104#ers.
</ptxt>
<ptxt>The SIPS bag sy#@#@#81#1996.</ptxt>
<ptxt/>
</para>
</topic>
<topic>
<title>SIPS bag instal#@#@#12# seat</title>
<grate>
<graphic id="nev20686669n1-KC08538575">
<href>0900c8af80688e0#@#@#9#.jpeg</href>
</graphic>
<graphtext>
<ptxt>The SIPS bag sy#@#@#34#ents:</ptxt>
<list1 enumtype="n" type="ordered">
<item>
<ptxt>Sensor unit</ptxt>
</item>
<item>
<ptxt>Ignition circuit</ptxt>
</item>
<item>
<ptxt>Bag module</ptxt>
</item>
</list1>
</graphtext>
</grate>
<note>
<ptxt>Illustrations i#@#@#139#seat.</ptxt>
</note>
</topic>
<topic>
<title>Sensor unit</title>
<grate>
<graphic id="nev20686669n1-KC08538576">
<href>0900c8af803f888#@#@#9#.jpeg</href>
</graphic>
<graphtext>
<ptxt>The sensor unit#@#@#128#door.</ptxt>
<ptxt>A pressure plat#@#@#150#unit.</ptxt>
</graphtext>
</grate>
</topic>
<topic>
<title>Ignition circuit</title>
<para>
<ptxt>The pyrotechnic#@#@#79#hion.</ptxt>
<ptxt>The ignition ci#@#@#131#wave.</ptxt>
<ptxt>The tubes are c#@#@#72#mage.</ptxt>
<ptxt/>
</para>
</topic>
<topic>
<title>SIPS bag module</title>
<grate>
<graphic id="nev20686669n1-KC08538577">
<href>0900c8af803f889#@#@#9#.jpeg</href>
</graphic>
<graphtext>
<ptxt>The bag module #@#@#129#anel.</ptxt>
</graphtext>
</grate>
</topic>
<topic>
<title>The SIPS bag</title>
<para>
<ptxt>The bag is made#@#@#125#ft.).</ptxt>
<ptxt/>
</para>
</topic>
<topic>
<title>Gas generators</title>
<para>
<ptxt>Two gas generat#@#@#111#kly.
</ptxt>
<ptxt/>
</para>
</topic>
<topic>
<title>Functional desc#@#@#11#neral</title>
<grate>
<graphic id="nev20686669n1-KC08538578">
<href>0900c8af80688e0#@#@#9#.jpeg</href>
</graphic>
<graphtext>
<ptxt>The SIPS bag is#@#@#178#sion.</ptxt>
<ptxt>The sensor unit#@#@#331#ject.</ptxt>
<ptxt/>
<ptxt/>
<ptxt>The pressure pl#@#@#284#tors.</ptxt>
<ptxt/>
<ptxt>When released, #@#@#313#time.</ptxt>
<ptxt>(See illustrati#@#@#11#page)</ptxt>
<ptxt/>
</graphtext>
</grate>
<para>
<ptxt>During inflatio#@#@#367#nger.</ptxt>
<ptxt>There is no dia#@#@#52# bag.</ptxt>
<ptxt/>
</para>
<note>
<ptxt>On a mechanical#@#@#167#tion.</ptxt>
</note>
</topic>
</servinfosub>