<?xml version="1.0" encoding="UTF-8"?><servinfosub IE-ID="en-US0900c8af840de608" docno="VCC-339673" id="nev13150425n1" xml:lang="en-US">
<title id="nev13150425n2">Control arm fro#@#@#10#ement</title>
<procedure id="nev13150425n3">
<proctools id="nev13150425n4">
<toolitem id="nev13150425n5"/>
<toolitem id="nev13150425n6"/>
<toolitem id="nev13150425n7"/>
<toolitem id="nev13150425n8" imageid="0900c8af836c9b42"/>
<toolitem id="nev13150425n9" imageid="0900c8af8335d12e"/>
<toolitem id="nev13150426n2" imageid="0900c8af8011ff48"/>
<toolitem id="nev13150426n5" imageid="0900c8af80054a84"/>
<toolitem id="nev13150426n7" imageid="0900c8af800544e2"/>
</proctools>
<note id="nev13150426n9">
<ptxt id="nev13150426n10">The illustratio#@#@#177#ect. </ptxt>
</note>
<procstep id="nev13150427n1">
<title id="nev13150427n2">Preparations</title>
<note id="nev13150427n3">
<ptxt id="nev13150427n4">When replacing #@#@#213#aced.</ptxt>
</note>
</procstep>
<procstep id="nev13150427n5">
<title id="nev13150427n6">Disconnecting d#@#@#5#shaft</title>
<grate id="nev13150427n7">
<graphic id="nev13150427n8">
<href>0900c8af8005a6c#@#@#9#.jpeg</href>
</graphic>
<graphtext id="nev13150427n9">
<list1 enumtype="d" id="nev13150427n10" type="unordered">
<title id="nev13150428n1">Remove:</title>
<item id="nev13150428n2">
<ptxt id="nev13150428n3">the wheel</ptxt>
</item>
<item id="nev13150428n4">
<ptxt id="nev13150428n5">the drive shaft#@#@#55# disc</ptxt>
</item>
</list1>
<para id="nev13150428n6">
<ptxt id="nev13150428n7">Slacken off the#@#@#84# mm. </ptxt>
<ptxt id="nev13188333n103">Use a brass dri#@#@#22#mmer.</ptxt>
</para>
</graphtext>
</grate>
<grate id="nev13150428n8">
<graphic id="nev13150428n9">
<href>0900c8af8345dcb#@#@#9#.jpeg</href>
</graphic>
<graphtext id="nev13150428n10">
<para id="nev13188334n229">
<ptxt id="nev13188334n228">If the drivesha#@#@#76#nder.</ptxt>
</para>
<list1 enumtype="d" id="nev13150429n1" type="unordered">
<item id="nev13150429n2">
<ptxt id="nev13150429n3">
<toolitem id="nev13150429n4" imageid="0900c8af836c9b42"/>
</ptxt>
</item>
<item id="nev13150429n5">
<ptxt id="nev13150429n6">
<toolitem id="nev13150429n7" imageid="0900c8af800549e6"/>
</ptxt>
</item>
</list1>
</graphtext>
</grate>
</procstep>
<procstep id="nev13150429n10">
<title id="nev13150430n1">Disconnecting b#@#@#4#joint</title>
<grate id="nev13150430n2">
<graphic id="nev13150430n3">
<href>0900c8af8005a6c#@#@#9#.jpeg</href>
</graphic>
<graphtext id="nev13150430n4">
<list1 enumtype="d" id="nev13150430n7" type="unordered">
<title id="nev13188340n236">For vehicles wi#@#@#20#arms:</title>
<item id="nev13150430n8">
<ptxt id="nev13150430n9">Remove the nut #@#@#49#hold.</ptxt>
</item>
</list1>
</graphtext>
</grate>
</procstep>
<procstep id="nev13150430n10">
<title id="nev13150431n1"/>
<grate id="nev13150431n4">
<graphic id="nev13150431n5">
<href>0900c8af83f6930#@#@#9#.jpeg</href>
</graphic>
<graphtext id="nev13150431n6">
<list1 enumtype="d" id="nev13150431n7" type="unordered">
<title id="nev13188340n112">For vehicles wi#@#@#17#arms:</title>
<item id="nev13150431n8">
<ptxt id="nev13150431n9">Remove the nut #@#@#15#oint.</ptxt>
</item>
</list1>
</graphtext>
</grate>
<grate id="nev13150431n10">
<graphic id="nev13150432n1">
<href>0900c8af836c0b3#@#@#9#.jpeg</href>
</graphic>
<graphtext id="nev13150432n2">
<para id="nev13150432n3">
<ptxt id="nev13150432n4">
<toolitem boilerplate="true" id="nev13150432n5" imageid="0900c8af8335d12e"/>
</ptxt>
</para>
<para id="nev13150432n6">
<ptxt id="nev13150432n7">Install the nut#@#@#60#5 mm.</ptxt>
</para>
</graphtext>
</grate>
<grate id="nev13150432n8">
<graphic id="nev13150432n9">
<href>0900c8af83c877b#@#@#9#.jpeg</href>
</graphic>
<graphtext id="nev13150432n10">
<para id="nev13150433n1">
<ptxt id="nev13150433n2">
<toolitem boilerplate="true" id="nev13150433n3" imageid="0900c8af8011ff48"/>
</ptxt>
</para>
<para id="nev13150433n4">
<ptxt id="nev13150433n5">Align the pulle#@#@#26# nut.</ptxt>
</para>
<para id="nev13150433n6">
<ptxt id="nev13150433n7">Tighten the pul#@#@#52# arm.</ptxt>
</para>
</graphtext>
</grate>
</procstep>
<procstep id="nev13150433n8">
<title id="nev13150433n9">Releasing the s#@#@#6#strut</title>
<grate id="nev13150433n10">
<graphic id="nev13150434n1">
<href>0900c8af816207e#@#@#9#.jpeg</href>
</graphic>
<graphtext id="nev13150434n2">
<list1 enumtype="d" id="nev13188341n226" type="unordered">
<title id="nev13188342n109">For all:</title>
<item id="nev13188341n225">
<ptxt id="nev13188341n41">Press down the #@#@#7# arm <toolitem boilerplate="true" id="nev13188341n40" imageid="0900c8af80054a84"/>
</ptxt>
</item>
<item id="nev13188343n238">
<ptxt id="nev13188343n174">Position the ca#@#@#53# arm.</ptxt>
</item>
</list1>
<note id="nev13150434n8">
<ptxt id="nev13150434n9">If the catch is#@#@#59#aged.</ptxt>
</note>
</graphtext>
</grate>
<grate id="nev13150434n10">
<graphic id="nev13150435n1">
<href>0900c8af8005989#@#@#9#.jpeg</href>
</graphic>
<graphtext id="nev13150435n2">
<list1 enumtype="d" id="nev13150435n3" type="unordered">
<item id="nev13150435n4">
<ptxt id="nev13150435n5">Press out the d#@#@#165#hook <toolitem id="nev13150435n6"/>.</ptxt>
</item>
<item id="nev13150435n7">
<ptxt id="nev13150435n8">Remove the spla#@#@#21#gine.</ptxt>
</item>
</list1>
</graphtext>
</grate>
<grate id="nev13150435n9">
<graphic id="nev13150435n10">
<href>0900c8af8005b9d#@#@#11#.jpeg</href>
</graphic>
<graphtext id="nev13150436n1">
<caution id="nev13150436n2">
<ptxt id="nev13150436n3">Later models ha#@#@#103#tion.</ptxt>
</caution>
</graphtext>
</grate>
</procstep>
<procstep id="nev13150436n4">
<title id="nev13150436n5">Removing the le#@#@#9#l arm</title>
<list1 enumtype="d" id="nev13150436n6" type="unordered">
<title id="nev13150436n7">Applies to cars#@#@#39#ions:</title>
<item id="nev13150436n8">
<ptxt id="nev13150436n9">Remove the scre#@#@#26#ting.</ptxt>
</item>
</list1>
<list1 enumtype="d" id="nev13150436n10" type="unordered">
<title id="nev13150437n1">For all:</title>
<item id="nev13150437n2">
<ptxt id="nev13150437n3">Lift up the lef#@#@#92#jack.</ptxt>
<note id="nev13150437n4">
<ptxt id="nev13150437n5">Use a wooden bl#@#@#9#shim.</ptxt>
</note>
</item>
</list1>
<grate id="nev13150437n6">
<graphic id="nev13150437n7">
<href>0900c8af8005980#@#@#9#.jpeg</href>
</graphic>
<graphtext id="nev13150437n8">
<list1 enumtype="d" id="nev13150437n9" type="unordered">
<title id="nev13150437n10">Remove:</title>
<item id="nev13150438n1">
<ptxt id="nev13150438n2">the screws and #@#@#39#frame</ptxt>
</item>
<item id="nev13150438n3">
<ptxt id="nev13150438n4">the control arm.</ptxt>
</item>
</list1>
</graphtext>
</grate>
</procstep>
<procstep id="nev13150438n5">
<title id="nev13150438n6">Removing the ri#@#@#10#l arm</title>
<grate id="nev13150473n230">
<graphic id="nev13150473n229">
<href>0900c8af803f6d3#@#@#9#.jpeg</href>
</graphic>
<graphtext id="nev13150478n185">
<list1 enumtype="d" id="nev13150484n119" type="unordered">
<title id="nev13150484n118">Applies only to#@#@#25#ines:</title>
<item id="nev13150484n117">
<ptxt id="nev13150484n116">Remove the vibr#@#@#8#mper.</ptxt>
</item>
</list1>
</graphtext>
</grate>
<grate id="nev13150486n95">
<graphic id="nev13150486n94">
<href>0900c8af803f6d1#@#@#9#.jpeg</href>
</graphic>
<graphtext id="nev13150489n50">
<list1 enumtype="d" id="nev13150490n209" type="unordered">
<title id="nev13150490n208">For all:</title>
<item id="nev13150490n207">
<ptxt id="nev13150490n206">Remove both scr#@#@#34#ting.</ptxt>
</item>
<item id="nev13150490n205">
<ptxt id="nev13150490n204">Lift the right-#@#@#90#jack.</ptxt>
<note id="nev13150490n203">
<ptxt id="nev13150490n202">Use a wooden bl#@#@#9#shim.</ptxt>
</note>
</item>
</list1>
</graphtext>
</grate>
<grate id="nev13150438n7">
<graphic id="nev13150438n8">
<href>0900c8af8005981#@#@#9#.jpeg</href>
</graphic>
<graphtext id="nev13150438n9">
<list1 enumtype="d" id="nev13150440n2" type="unordered">
<title id="nev13150440n3">Remove:</title>
<item id="nev13150440n4">
<ptxt id="nev13150440n5">the screws and #@#@#39#frame</ptxt>
</item>
<item id="nev13150440n6">
<ptxt id="nev13150440n7">the control arm.</ptxt>
</item>
</list1>
</graphtext>
</grate>
</procstep>
<procstep id="nev13150448n4">
<title id="nev13150448n5">Installing the #@#@#12#l arm</title>
<grate id="nev13150448n6">
<graphic id="nev13150448n7">
<href>0900c8af8005981#@#@#9#.jpeg</href>
</graphic>
<graphtext id="nev13150448n8">
<list1 enumtype="d" id="nev13150448n9" type="unordered">
<item id="nev13150448n10">
<ptxt id="nev13150449n1">Install the con#@#@#19#crews</ptxt>
</item>
<item id="nev13150449n2">
<ptxt id="nev13150449n3">Tighten the fro#@#@#18# to: <xref id="nev13204496n46">
<ref id="nev13204567n175"/>
</xref>. Use protractor <toolitem id="nev13150449n6"/>
</ptxt>
</item>
<item id="nev13150449n7">
<ptxt id="nev13150449n8">Tighten the rea#@#@#28# to: <xref id="nev13204589n178">
<ref id="nev13204589n57"/>
</xref>
</ptxt>
</item>
<item id="nev13150450n1">
<ptxt id="nev13150450n2">Lower the engine </ptxt>
</item>
<item id="nev13150450n3">
<ptxt id="nev13150450n4">Remove the mobi#@#@#2# jack</ptxt>
</item>
<item id="nev13150450n5">
<ptxt id="nev13150450n6">Tighten the scr#@#@#40#n to <emph id="nev13150450n7">35 Nm</emph>. Angle-tighten <emph id="nev13150450n8">90°</emph>. Use new screws. </ptxt>
</item>
</list1>
<list1 enumtype="d" id="nev13150450n9" type="unordered">
<title id="nev13150450n10">Applies only to#@#@#25#ines:</title>
<item id="nev13150451n1">
<ptxt id="nev13150451n2">Install the osc#@#@#50# to: <xref id="nev13204593n63">
<ref id="nev13204607n192"/>
</xref>
</ptxt>
</item>
</list1>
</graphtext>
</grate>
</procstep>
<procstep id="nev13150451n5">
<title id="nev13150451n6">Installing the #@#@#11#l arm</title>
<list1 enumtype="d" id="nev13150451n7" type="unordered">
<title id="nev13188344n216">For all:</title>
<item id="nev13150451n8">
<ptxt id="nev13150451n9">Install the con#@#@#20#rews </ptxt>
</item>
<item id="nev13150451n10">
<ptxt id="nev13150452n1">Tighten the fro#@#@#18# to: <xref id="nev13204618n198">
<ref id="nev13204618n77"/>
</xref>. Use protractor <toolitem id="nev13150452n4"/>
</ptxt>
</item>
<item id="nev13150452n5">
<ptxt id="nev13150452n6">Tighten the rea#@#@#28# to: <xref id="nev13204623n80">
<ref id="nev13204657n209"/>
</xref>
</ptxt>
</item>
</list1>
<list1 enumtype="d" id="nev13150452n9" type="unordered">
<title id="nev13150452n10">Applies to cars#@#@#39#ions:</title>
<item id="nev13150453n1">
<ptxt id="nev13150453n2">Lower the engine</ptxt>
</item>
<item id="nev13150453n3">
<ptxt id="nev13150453n4">Tighten the fro#@#@#26#n to <emph id="nev13150453n5">M10, 50 Nm</emph>. </ptxt>
</item>
<item id="nev13150453n6">
<ptxt id="nev13150453n7">Remove the mobi#@#@#2# jack</ptxt>
</item>
</list1>
</procstep>
<procstep id="nev13150453n8">
<title id="nev13150453n9">Installing the #@#@#6#shaft</title>
<grate id="nev13150453n10">
<graphic id="nev13150454n1">
<href>0900c8af8005b9d#@#@#11#.jpeg</href>
</graphic>
<graphtext id="nev13150454n2">
<list1 enumtype="d" id="nev13150454n3" type="unordered">
<title id="nev13188344n89">For all:</title>
<item id="nev13150454n4">
<ptxt id="nev13150454n5">Clean the drive#@#@#9#lines</ptxt>
</item>
<item id="nev13150454n6">
<ptxt id="nev13150454n7">Check that the #@#@#38#lace.</ptxt>
</item>
<item id="nev13150454n8">
<ptxt id="nev13150454n9">Align the drive#@#@#14#hub. </ptxt>
</item>
<item id="nev13150454n10">
<ptxt id="nev13150455n1">Install a new s#@#@#26#sely.</ptxt>
</item>
</list1>
</graphtext>
</grate>
</procstep>
<procstep id="nev13150455n2">
<title id="nev13150455n3">Installing the #@#@#5#joint</title>
<grate id="nev13150455n4">
<graphic id="nev13150455n5">
<href>0900c8af816207e#@#@#9#.jpeg</href>
</graphic>
<graphtext id="nev13150455n6">
<list1 enumtype="d" id="nev13150455n7" type="unordered">
<item id="nev13150455n8">
<ptxt id="nev13150455n9">Align the ball #@#@#19#l arm</ptxt>
</item>
</list1>
</graphtext>
</grate>
</procstep>
<procstep id="nev13150455n10">
<title id="nev13150456n1">Tightening the #@#@#5#joint</title>
<grate id="nev13150456n2">
<graphic id="nev13150456n3">
<href>0900c8af8005cf2#@#@#9#.jpeg</href>
</graphic>
<graphtext id="nev13150456n4">
<list1 enumtype="d" id="nev13150456n7" type="unordered">
<title id="nev13188345n212">For vehicles wi#@#@#20#arms:</title>
<item id="nev13150456n8">
<ptxt id="nev13150456n9">Install a new n#@#@#31#See: <xref id="nev13150456n10">
<ref id="nev13150457n1"/>
</xref>. Use a torx wr#@#@#18#old. </ptxt>
<note id="nev13150457n2">
<ptxt id="nev13150457n3">Make sure that #@#@#59#lean.</ptxt>
</note>
</item>
</list1>
</graphtext>
</grate>
<grate id="nev13150457n4">
<graphic id="nev13150457n5">
<href>0900c8af83739f2#@#@#9#.jpeg</href>
</graphic>
<graphtext id="nev13150457n6">
<list1 enumtype="d" id="nev13188345n85" type="unordered">
<title id="nev13188346n93">For vehicles wi#@#@#17#arms:</title>
<item id="nev13188345n84">
<ptxt id="nev13188346n77">
<toolitem boilerplate="true" id="nev13188346n76" imageid="0900c8af800544e2"/>
</ptxt>
</item>
<item id="nev13188347n97">
<ptxt id="nev13188347n81">Use socket as a#@#@#88#ench.</ptxt>
</item>
</list1>
<list1 enumtype="d" id="nev13150458n4" type="unordered">
<item id="nev13150458n5">
<ptxt id="nev13150458n6">Install a new n#@#@#27#ith: <xref id="nev13150458n7">
<ref id="nev13150458n8"/>
</xref>
</ptxt>
</item>
<item id="nev13150458n9">
<ptxt id="nev13150458n10">Rust protect th#@#@#20# nut.</ptxt>
</item>
</list1>
</graphtext>
</grate>
</procstep>
<procstep id="nev13150459n1">
<title id="nev13150459n2">Tightening the #@#@#6#shaft</title>
<grate id="nev13150459n3">
<graphic id="nev13150459n4">
<href>0900c8af8005a6c#@#@#9#.jpeg</href>
</graphic>
<graphtext id="nev13150459n5">
<list1 enumtype="d" id="nev13150459n6" type="unordered">
<title id="nev13188348n96">For all:</title>
<item id="nev13150459n7">
<ptxt id="nev13150459n8">Tighten the dri#@#@#10#See: <xref id="nev13150459n9">
<ref id="nev13150459n10"/>
</xref>. Use a screwdr#@#@#35#disc.</ptxt>
</item>
</list1>
<list1 enumtype="d" id="nev13150460n1" type="unordered">
<title id="nev13150460n2">Install:</title>
<item id="nev13150460n3">
<ptxt id="nev13150460n4">the splash guar#@#@#13#ngine</ptxt>
</item>
<item id="nev13150460n5">
<ptxt id="nev13150460n6">the wheels. See <xref id="nev13150460n7">
<ref id="nev13150460n8"/>
</xref>.</ptxt>
</item>
</list1>
</graphtext>
</grate>
</procstep>
</procedure>
</servinfosub>