<?xml version="1.0" encoding="UTF-8"?><script xmlns:nevis="http://www.volvocars.com/namespaces/processing" xmlns:xlink="http://www.w3.org/1999/xlink" IE-ID="en-US0900c8af82332608" docno="VCC-237194" id="nev10167350n1" nevis:expl-profile="mdl872yr1999cu5, mdl872yr2000cu5, mdl872yr2001cu5, mdl872yr2002cu5, mdl873yr1999cu5, mdl873yr2000cu5, mdl873yr2001cu5, mdl873yr2002cu5, mdl873yr2003cu5, mdl873yr2004cu5, mdl873yr2005cu5, mdl874yr1999cu5, mdl874yr2000cu5, mdl875yr1999cu5, mdl875yr2000cu5, mdl876yr1999cu5, mdl876yr2000cu5" nevis:profile="urn:x-nevis:profile:0b00c8af817ac529 urn:x-nevis:profile:0b00c8af817ac538 urn:x-nevis:profile:0b00c8af817ac546 urn:x-nevis:profile:0b00c8af817ac554 urn:x-nevis:profile:0b00c8af817ac572 urn:x-nevis:profile:0b00c8af817ac584 urn:x-nevis:profile:0b00c8af817ac595 urn:x-nevis:profile:0b00c8af817ac5a7 urn:x-nevis:profile:0b00c8af817ac5b8 urn:x-nevis:profile:0b00c8af817ac5c7 urn:x-nevis:profile:0b00c8af817ac5d9 urn:x-nevis:profile:0b00c8af817ac603 urn:x-nevis:profile:0b00c8af817ac612 urn:x-nevis:profile:0b00c8af817ac637 urn:x-nevis:profile:0b00c8af817ac645 urn:x-nevis:profile:0b00c8af817ac65d urn:x-nevis:profile:0b00c8af817ac66b" nevis:projectdocument="urn:x-nevis:projectdocument:0800c8af81dde396" nevis:resource="0900c8af82332646" nevis:resource2="urn:x-nevis:fragment:0900c8af82332608:0900c8af82332646#nev10167350n1" nevis:session-id="" qualifierinfotype="14:00" type="" xml:lang="en-US"><title>Disable DTC, CCM</title><content gui="1" height="310" id="nev10167351n1-nev10167350n3" nevis:expl-profile="mdl872yr1999cu5, mdl872yr2000cu5, mdl872yr2001cu5, mdl872yr2002cu5, mdl873yr1999cu5, mdl873yr2000cu5, mdl873yr2001cu5, mdl873yr2002cu5, mdl873yr2003cu5, mdl873yr2004cu5, mdl873yr2005cu5, mdl874yr1999cu5, mdl874yr2000cu5, mdl875yr1999cu5, mdl875yr2000cu5, mdl876yr1999cu5, mdl876yr2000cu5" nevis:idfrom="nev10167351n1" nevis:prefix="nev10167351n1" nevis:profile="urn:x-nevis:profile:0b00c8af817ac529 urn:x-nevis:profile:0b00c8af817ac538 urn:x-nevis:profile:0b00c8af817ac546 urn:x-nevis:profile:0b00c8af817ac554 urn:x-nevis:profile:0b00c8af817ac572 urn:x-nevis:profile:0b00c8af817ac584 urn:x-nevis:profile:0b00c8af817ac595 urn:x-nevis:profile:0b00c8af817ac5a7 urn:x-nevis:profile:0b00c8af817ac5b8 urn:x-nevis:profile:0b00c8af817ac5c7 urn:x-nevis:profile:0b00c8af817ac5d9 urn:x-nevis:profile:0b00c8af817ac603 urn:x-nevis:profile:0b00c8af817ac612 urn:x-nevis:profile:0b00c8af817ac637 urn:x-nevis:profile:0b00c8af817ac645 urn:x-nevis:profile:0b00c8af817ac65d urn:x-nevis:profile:0b00c8af817ac66b" nevis:resource="0900c8af82332644" nevis:resource2="urn:x-nevis:fragment:0900c8af82332608:0900c8af82332644#nev10167350n3" width="555" xml:lang="en-US"><nodes id="nev10167351n1-nev10590840n1"><node class="Components.StartNode" id="nev10167351n1-nev10590841n1" nodeid="Start" x="8" y="256"/><node class="Components.ResultIterator" id="nev10167351n1-nev10590842n1" nodeid="ResultIterator1" x="433" y="116"><property class="Response" id="nev10167351n1-nev10590843n1" name="InValue" type="In" value="" visible="1"/><property class="Response" id="nev10167351n1-nev10590844n1" name="OutValue" type="Out" value="" visible="1"/><property class="String" id="nev10167351n1-nev10590845n1" name="Index" type="In" value="" visible="1"/><property class="String" id="nev10167351n1-nev10590846n1" name="Current" type="Out" value="" visible="1"/><extension id="nev10167351n1-nev10590847n1"><get id="nev10167351n1-nev10589034n1" listItem="Dtc" property="OutValue"><getbyname id="nev10167351n1-nev10589035n1" key="DtcList"/></get></extension></node><node class="Components.ResultIterator" id="nev10167351n1-nev10590848n1" nodeid="ResultIterator2" x="463" y="412"><property class="Response" id="nev10167351n1-nev10590849n1" name="InValue" type="In" value="" visible="1"/><property class="Response" id="nev10167351n1-nev10590850n1" name="OutValue" type="Out" value="" visible="1"/><property class="String" id="nev10167351n1-nev10590851n1" name="Index" type="In" value="" visible="1"/><property class="String" id="nev10167351n1-nev10590852n1" name="Current" type="Out" value="" visible="1"/><extension id="nev10167351n1-nev10590853n1"><get id="nev10167351n1-nev10589042n1" listItem="Dtc" property="OutValue"><getbyname id="nev10167351n1-nev10589043n1" key="DtcList"/></get></extension></node><node class="Components.ResultGet" id="nev10167351n1-nev10590854n1" nodeid="ResultGet1" x="579" y="137"><property class="Response" id="nev10167351n1-nev10590855n1" name="InValue" type="In" value="" visible="1"/><property class="String" id="nev10167351n1-nev10590856n1" name="DtcValue" type="Out" value="" visible="1"/><property class="String" id="nev10167351n1-nev10590857n1" name="DtcName" type="Out" value="" visible="1"/><property class="String" id="nev10167351n1-nev10590858n1" name="Status" type="Out" value="" visible="1"/><extension id="nev10167351n1-nev10590859n1"><get id="nev10167351n1-nev10589050n1" property="DtcValue"><getbyname id="nev10167351n1-nev10589051n1" key="Dtc"/><getbyname id="nev10167351n1-nev10589052n1" key="value"/></get><get id="nev10167351n1-nev10589053n1" property="DtcName"><getbyname id="nev10167351n1-nev10589054n1" key="Dtc"/><getbyname id="nev10167351n1-nev10589055n1" key="text"/></get><get id="nev10167351n1-nev10589056n1" property="Status"><getbyname id="nev10167351n1-nev10589057n1" key="C1"/><getbyname id="nev10167351n1-nev10589058n1" key="text"/></get></extension></node><node class="Components.StringFormat" id="nev10167351n1-nev10590860n1" nodeid="StringFormat1" x="758" y="60"><property class="String" id="nev10167351n1-nev10590861n1" name="String" type="Out" value="" visible="1"/><property class="String" id="nev10167351n1-nev10590862n1" name="Format" type="Internal" value="{0} - {1} {2}" visible="1"/><property class="String" id="nev10167351n1-nev10590863n1" name="0" type="In" value="" visible="1"/><property class="String" id="nev10167351n1-nev10590864n1" name="1" type="In" value="" visible="1"/><property class="String" id="nev10167351n1-nev10590865n1" name="2" type="In" value="" visible="1"/></node><node class="Components.ResultGet" id="nev10167351n1-nev10590866n1" nodeid="ResultGet2" x="590" y="407"><property class="Response" id="nev10167351n1-nev10590867n1" name="InValue" type="In" value="" visible="1"/><property class="String" id="nev10167351n1-nev10590868n1" name="DtcValue" type="Out" value="" visible="1"/><property class="String" id="nev10167351n1-nev10590869n1" name="DtcName" type="Out" value="" visible="1"/><property class="String" id="nev10167351n1-nev10590870n1" name="Status" type="Out" value="" visible="1"/><extension id="nev10167351n1-nev10590871n1"><get id="nev10167351n1-nev10589071n1" property="DtcValue"><getbyname id="nev10167351n1-nev10589072n1" key="Dtc"/><getbyname id="nev10167351n1-nev10589073n1" key="value"/></get><get id="nev10167351n1-nev10589074n1" property="DtcName"><getbyname id="nev10167351n1-nev10589075n1" key="Dtc"/><getbyname id="nev10167351n1-nev10589076n1" key="text"/></get><get id="nev10167351n1-nev10589077n1" property="Status"><getbyname id="nev10167351n1-nev10589078n1" key="C1"/><getbyname id="nev10167351n1-nev10589079n1" key="text"/></get></extension></node><node class="Components.StringFormat" id="nev10167351n1-nev10590872n1" nodeid="StringFormat2" x="753" y="341"><property class="String" id="nev10167351n1-nev10590873n1" name="String" type="Out" value="" visible="1"/><property class="String" id="nev10167351n1-nev10590874n1" name="Format" type="Internal" value="{0} - {1} {2}" visible="1"/><property class="String" id="nev10167351n1-nev10590875n1" name="0" type="In" value="" visible="1"/><property class="String" id="nev10167351n1-nev10590876n1" name="1" type="In" value="" visible="1"/><property class="String" id="nev10167351n1-nev10590877n1" name="2" type="In" value="" visible="1"/></node><node class="Components.VehComm" id="nev10167351n1-nev10590878n1" nodeid="StopDiagnosticSession" x="166" y="754"><property class="String" id="nev10167351n1-nev10590879n1" name="Mode" type="Internal" value="EcuType" visible="1"/><property class="Int" id="nev10167351n1-nev10590880n1" name="EcuType" type="In" value="871101" visible="0"/><property class="Int" id="nev10167351n1-nev10590881n1" name="ServiceId" type="In" value="27" visible="0"/><property class="String" id="nev10167351n1-nev10590882n1" name="EcuName" type="Out" value="" visible="1"/><property class="Response" id="nev10167351n1-nev10590883n1" name="Result" type="Out" value="" visible="1"/><extension id="nev10167351n1-nev10590884n1"/></node><node class="Components.ScriptButton" id="nev10167351n1-nev10590885n1" nodeid="Hide" x="29" y="801"><gui height="30" id="nev10167351n1-nev10590886n1" width="110" x="435" y="270"/><property class="String" id="nev10167351n1-nev10590887n1" name="Text" type="In" value="Hide" visible="0"/><property class="String" id="nev10167351n1-nev10590888n1" name="StartDisabled" type="Internal" value="false" visible="1"/><extension id="nev10167351n1-nev10590889n1"/></node><node class="Components.ScriptComponent" id="nev10167351n1-nev10590890n1" nodeid="CloseScript" x="165" y="899"/><node class="Components.ScriptLabel" id="nev10167351n1-nev10590891n1" nodeid="Label" x="248" y="20"><gui height="19" id="nev10167351n1-nev10590892n1" width="432" x="13" y="11"/><property class="String" id="nev10167351n1-nev10590893n1" name="Text" type="In" value="" visible="1"/><property class="Parameter" id="nev10167351n1-nev10590894n1" name="Parameter" type="In" value="" visible="1"/></node><node class="Components.Constant" id="nev10167351n1-nev10590895n1" nodeid="GetText" x="108" y="34"><property class="String" id="nev10167351n1-nev10590896n1" name="Text" type="Out" value="DTCs and warning blink" visible="1"/><extension id="nev10167351n1-nev10590897n1"><text id="nev10167351n1-nev10589387n1" type="raw">DTCs and warnin#@#@#2#blink</text></extension></node><node class="Components.ListField" id="nev10167351n1-nev10590898n1" nodeid="List2" x="752" y="468"><gui height="85" id="nev10167351n1-nev10590899n1" width="535" x="10" y="160"/><property class="String" id="nev10167351n1-nev10590900n1" name="Text" type="Out" value="" visible="1"/><property class="String" id="nev10167351n1-nev10590901n1" name="Tag" type="Out" value="" visible="1"/></node><node class="Components.VehComm" id="nev10167351n1-nev10590902n1" nodeid="AE04" x="296" y="152"><property class="String" id="nev10167351n1-nev10590903n1" name="Mode" type="Internal" value="EcuType" visible="1"/><property class="Int" id="nev10167351n1-nev10590904n1" name="EcuType" type="In" value="871101" visible="0"/><property class="Int" id="nev10167351n1-nev10590905n1" name="ServiceId" type="In" value="50" visible="0"/><property class="String" id="nev10167351n1-nev10590906n1" name="EcuName" type="Out" value="" visible="1"/><property class="Response" id="nev10167351n1-nev10590907n1" name="Result" type="Out" value="" visible="1"/><extension id="nev10167351n1-nev10590908n1"/></node><node class="Components.VehComm" id="nev10167351n1-nev10590909n1" nodeid="AE06" x="329" y="379"><property class="String" id="nev10167351n1-nev10590910n1" name="Mode" type="Internal" value="EcuType" visible="1"/><property class="Int" id="nev10167351n1-nev10590911n1" name="EcuType" type="In" value="871101" visible="0"/><property class="Int" id="nev10167351n1-nev10590912n1" name="ServiceId" type="In" value="51" visible="0"/><property class="String" id="nev10167351n1-nev10590913n1" name="EcuName" type="Out" value="" visible="1"/><property class="Response" id="nev10167351n1-nev10590914n1" name="Result" type="Out" value="" visible="1"/><extension id="nev10167351n1-nev10590915n1"/></node><node class="Components.ListField" id="nev10167351n1-nev10590916n1" nodeid="List1" x="757" y="193"><gui height="95" id="nev10167351n1-nev10590917n1" width="535" x="10" y="30"/><property class="String" id="nev10167351n1-nev10590918n1" name="Text" type="Out" value="" visible="1"/><property class="String" id="nev10167351n1-nev10590919n1" name="Tag" type="Out" value="" visible="1"/></node><node class="Components.ScriptButton" id="nev10167351n1-nev10590920n1" nodeid="Activation" x="21" y="548"><gui height="29" id="nev10167351n1-nev10590921n1" width="110" x="13" y="272"/><property class="String" id="nev10167351n1-nev10590922n1" name="Text" type="In" value="Start" visible="1"/><property class="String" id="nev10167351n1-nev10590923n1" name="StartDisabled" type="Internal" value="false" visible="1"/><extension id="nev10167351n1-nev10590924n1"/></node><node class="Components.VehComm" id="nev10167351n1-nev10590925n1" nodeid="AF0225" x="175" y="590"><property class="String" id="nev10167351n1-nev10590926n1" name="Mode" type="Internal" value="EcuType" visible="1"/><property class="Int" id="nev10167351n1-nev10590927n1" name="EcuType" type="In" value="871101" visible="0"/><property class="Int" id="nev10167351n1-nev10590928n1" name="ServiceId" type="In" value="52" visible="0"/><property class="String" id="nev10167351n1-nev10590929n1" name="EcuName" type="Out" value="" visible="1"/><property class="Response" id="nev10167351n1-nev10590930n1" name="Result" type="Out" value="" visible="1"/><property class="String" id="nev10167351n1-nev10590931n1" name="Dtc" type="In" value="25" visible="0"/><extension id="nev10167351n1-nev10590932n1"><insertparam id="nev10167351n1-nev10589142n1" name="Dtc"/></extension></node><node class="Components.VehComm" id="nev10167351n1-nev10590933n1" nodeid="AF0226" x="287" y="591"><property class="String" id="nev10167351n1-nev10590934n1" name="Mode" type="Internal" value="EcuType" visible="1"/><property class="Int" id="nev10167351n1-nev10590935n1" name="EcuType" type="In" value="871101" visible="0"/><property class="Int" id="nev10167351n1-nev10590936n1" name="ServiceId" type="In" value="52" visible="0"/><property class="String" id="nev10167351n1-nev10590937n1" name="EcuName" type="Out" value="" visible="1"/><property class="Response" id="nev10167351n1-nev10590938n1" name="Result" type="Out" value="" visible="1"/><property class="String" id="nev10167351n1-nev10590939n1" name="Dtc" type="In" value="26" visible="0"/><extension id="nev10167351n1-nev10590940n1"><insertparam id="nev10167351n1-nev10589151n1" name="Dtc"/></extension></node><node class="Components.VehComm" id="nev10167351n1-nev10590941n1" nodeid="AF0227" x="403" y="593"><property class="String" id="nev10167351n1-nev10590942n1" name="Mode" type="Internal" value="EcuType" visible="1"/><property class="Int" id="nev10167351n1-nev10590943n1" name="EcuType" type="In" value="871101" visible="0"/><property class="Int" id="nev10167351n1-nev10590944n1" name="ServiceId" type="In" value="52" visible="0"/><property class="String" id="nev10167351n1-nev10590945n1" name="EcuName" type="Out" value="" visible="1"/><property class="Response" id="nev10167351n1-nev10590946n1" name="Result" type="Out" value="" visible="1"/><property class="String" id="nev10167351n1-nev10590947n1" name="Dtc" type="In" value="27" visible="0"/><extension id="nev10167351n1-nev10590948n1"><insertparam id="nev10167351n1-nev10589160n1" name="Dtc"/></extension></node><node class="Components.VehComm" id="nev10167351n1-nev10590949n1" nodeid="AF0228" x="516" y="595"><property class="String" id="nev10167351n1-nev10590950n1" name="Mode" type="Internal" value="EcuType" visible="1"/><property class="Int" id="nev10167351n1-nev10590951n1" name="EcuType" type="In" value="871101" visible="0"/><property class="Int" id="nev10167351n1-nev10590952n1" name="ServiceId" type="In" value="52" visible="0"/><property class="String" id="nev10167351n1-nev10590953n1" name="EcuName" type="Out" value="" visible="1"/><property class="Response" id="nev10167351n1-nev10590954n1" name="Result" type="Out" value="" visible="1"/><property class="String" id="nev10167351n1-nev10590955n1" name="Dtc" type="In" value="28" visible="0"/><extension id="nev10167351n1-nev10590956n1"><insertparam id="nev10167351n1-nev10589169n1" name="Dtc"/></extension></node><node class="Components.VehComm" id="nev10167351n1-nev10590957n1" nodeid="AF0513" x="634" y="595"><property class="String" id="nev10167351n1-nev10590958n1" name="Mode" type="Internal" value="EcuType" visible="1"/><property class="Int" id="nev10167351n1-nev10590959n1" name="EcuType" type="In" value="871101" visible="0"/><property class="Int" id="nev10167351n1-nev10590960n1" name="ServiceId" type="In" value="53" visible="0"/><property class="String" id="nev10167351n1-nev10590961n1" name="EcuName" type="Out" value="" visible="1"/><property class="Response" id="nev10167351n1-nev10590962n1" name="Result" type="Out" value="" visible="1"/><property class="String" id="nev10167351n1-nev10590963n1" name="Dtc" type="In" value="13" visible="0"/><extension id="nev10167351n1-nev10590964n1"><insertparam id="nev10167351n1-nev10589178n1" name="Dtc"/></extension></node><node class="Components.VehComm" id="nev10167351n1-nev10590965n1" nodeid="AF052F" x="748" y="597"><property class="String" id="nev10167351n1-nev10590966n1" name="Mode" type="Internal" value="EcuType" visible="1"/><property class="Int" id="nev10167351n1-nev10590967n1" name="EcuType" type="In" value="871101" visible="0"/><property class="Int" id="nev10167351n1-nev10590968n1" name="ServiceId" type="In" value="53" visible="0"/><property class="String" id="nev10167351n1-nev10590969n1" name="EcuName" type="Out" value="" visible="1"/><property class="Response" id="nev10167351n1-nev10590970n1" name="Result" type="Out" value="" visible="1"/><property class="String" id="nev10167351n1-nev10590971n1" name="Dtc" type="In" value="2F" visible="0"/><extension id="nev10167351n1-nev10590972n1"><insertparam id="nev10167351n1-nev10589187n1" name="Dtc"/></extension></node><node class="Components.VehComm" id="nev10167351n1-nev10590973n1" nodeid="AF0530" x="861" y="599"><property class="String" id="nev10167351n1-nev10590974n1" name="Mode" type="Internal" value="EcuType" visible="1"/><property class="Int" id="nev10167351n1-nev10590975n1" name="EcuType" type="In" value="871101" visible="0"/><property class="Int" id="nev10167351n1-nev10590976n1" name="ServiceId" type="In" value="53" visible="0"/><property class="String" id="nev10167351n1-nev10590977n1" name="EcuName" type="Out" value="" visible="1"/><property class="Response" id="nev10167351n1-nev10590978n1" name="Result" type="Out" value="" visible="1"/><property class="String" id="nev10167351n1-nev10590979n1" name="Dtc" type="In" value="30" visible="0"/><extension id="nev10167351n1-nev10590980n1"><insertparam id="nev10167351n1-nev10589196n1" name="Dtc"/></extension></node><node class="Components.Constant" id="nev10167351n1-nev10590981n1" nodeid="Constant1" x="61" y="370"><property class="String" id="nev10167351n1-nev10590982n1" name="Text" type="Out" value="Disabled DTCs" visible="1"/><extension id="nev10167351n1-nev10590983n1"><text id="nev10167351n1-nev10589474n1" type="raw">Disabled DTCs</text></extension></node><node class="Components.ScriptLabel" id="nev10167351n1-nev10590984n1" nodeid="Lable2" x="184" y="406"><gui height="24" id="nev10167351n1-nev10590985n1" width="433" x="14" y="140"/><property class="String" id="nev10167351n1-nev10590986n1" name="Text" type="In" value="" visible="1"/><property class="Parameter" id="nev10167351n1-nev10590987n1" name="Parameter" type="In" value="" visible="1"/></node><node class="Components.Constant" id="nev10167351n1-nev10590988n1" nodeid="NoDtc" x="580" y="31"><property class="String" id="nev10167351n1-nev10590989n1" name="Text" type="Out" value="Inga felkoder är lagrade." visible="1"/><extension id="nev10167351n1-nev10590990n1"><text id="nev10167351n1-nev10589208n1" type="nevis"><phrase category="Condition" id="nev10167351n1-nev10589019n1" phrase-urn="urn:x-nevis:phrase:0800c8af8031aa6f">No diagnostic t#@#@#19#ored.</phrase></text></extension></node><node class="Components.Constant" id="nev10167351n1-nev10590991n1" nodeid="NoDtc2" x="596" y="310"><property class="String" id="nev10167351n1-nev10590992n1" name="Text" type="Out" value="Inga felkoder är lagrade." visible="1"/><extension id="nev10167351n1-nev10590993n1"><text id="nev10167351n1-nev10589212n1" type="nevis"><phrase category="Condition" id="nev10167351n1-nev10589020n1" phrase-urn="urn:x-nevis:phrase:0800c8af8031aa6f">No diagnostic t#@#@#19#ored.</phrase></text></extension></node><node class="Components.VehComm" id="nev10167351n1-nev10590994n1" nodeid="VehComm1" x="138" y="131"><property class="String" id="nev10167351n1-nev10590995n1" name="Mode" type="Internal" value="EcuType" visible="1"/><property class="Int" id="nev10167351n1-nev10590996n1" name="EcuType" type="In" value="884701" visible="0"/><property class="Int" id="nev10167351n1-nev10590997n1" name="ServiceId" type="In" value="27" visible="0"/><property class="String" id="nev10167351n1-nev10590998n1" name="EcuName" type="Out" value="" visible="1"/><property class="Response" id="nev10167351n1-nev10590999n1" name="Result" type="Out" value="" visible="1"/><extension id="nev10167351n1-nev10591000n1"/></node></nodes><handlers id="nev10167351n1-nev10591001n1"><eventhandler id="nev10167351n1-nev10591002n1" name="OnStart" node="Start"><call id="nev10167351n1-nev10591003n1" method="Trigger" node="GetText"/><call id="nev10167351n1-nev10591004n1" method="Trigger" node="Constant1"/><call id="nev10167351n1-nev10591005n1" method="Execute" node="VehComm1"/><call id="nev10167351n1-nev10591006n1" method="Execute" node="AE04"/><call id="nev10167351n1-nev10591007n1" method="Execute" node="AE06"/></eventhandler><eventhandler id="nev10167351n1-nev10591008n1" name="Click" node="Hide"><call id="nev10167351n1-nev10591009n1" method="Execute" node="StopDiagnosticSession"/><call id="nev10167351n1-nev10591010n1" method="CloseDialog" node="CloseScript"/></eventhandler><eventhandler id="nev10167351n1-nev10591011n1" name="OnPositiveResponse" node="AE04"><call id="nev10167351n1-nev10591012n1" method="Execute" node="ResultIterator1"/></eventhandler><eventhandler id="nev10167351n1-nev10591013n1" name="OnPositiveResponse" node="AE06"><call id="nev10167351n1-nev10591014n1" method="Execute" node="ResultIterator2"/></eventhandler><eventhandler id="nev10167351n1-nev10591015n1" name="OnEachItem" node="ResultIterator2"><call id="nev10167351n1-nev10591016n1" method="Execute" node="ResultGet2"/></eventhandler><eventhandler id="nev10167351n1-nev10591017n1" name="OnEachItem" node="ResultIterator1"><call id="nev10167351n1-nev10591018n1" method="Execute" node="ResultGet1"/></eventhandler><eventhandler id="nev10167351n1-nev10591019n1" name="OnGet" node="ResultGet1"><call id="nev10167351n1-nev10591020n1" method="Format" node="StringFormat1"/><call id="nev10167351n1-nev10591021n1" method="AddItem" node="List1"><parameter id="nev10167351n1-nev10591022n1" node="StringFormat1" property="String"/><parameter id="nev10167351n1-nev10591023n1" node="ResultGet1" property="DtcValue"/></call></eventhandler><eventhandler id="nev10167351n1-nev10591024n1" name="OnGet" node="ResultGet2"><call id="nev10167351n1-nev10591025n1" method="Format" node="StringFormat2"/><call id="nev10167351n1-nev10591026n1" method="AddItem" node="List2"><parameter id="nev10167351n1-nev10591027n1" node="StringFormat2" property="String"/><parameter id="nev10167351n1-nev10591028n1" node="ResultGet2" property="DtcValue"/></call></eventhandler><eventhandler id="nev10167351n1-nev10591029n1" name="Click" node="Activation"><call id="nev10167351n1-nev10591030n1" method="Execute" node="AF0225"/></eventhandler><eventhandler id="nev10167351n1-nev10591031n1" name="OnPositiveResponse" node="AF0225"><call id="nev10167351n1-nev10591032n1" method="Execute" node="AF0226"/></eventhandler><eventhandler id="nev10167351n1-nev10591033n1" name="OnNegativeResponse" node="AF0225"><call id="nev10167351n1-nev10591034n1" method="Execute" node="AF0226"/></eventhandler><eventhandler id="nev10167351n1-nev10591035n1" name="OnNoResponse" node="AF0225"><call id="nev10167351n1-nev10591036n1" method="Execute" node="AF0226"/></eventhandler><eventhandler id="nev10167351n1-nev10591037n1" name="OnPositiveResponse" node="AF0226"><call id="nev10167351n1-nev10591038n1" method="Execute" node="AF0227"/></eventhandler><eventhandler id="nev10167351n1-nev10591039n1" name="OnNoResponse" node="AF0226"><call id="nev10167351n1-nev10591040n1" method="Execute" node="AF0227"/></eventhandler><eventhandler id="nev10167351n1-nev10591041n1" name="OnNoContact" node="AF0226"><call id="nev10167351n1-nev10591042n1" method="Execute" node="AF0227"/></eventhandler><eventhandler id="nev10167351n1-nev10591043n1" name="OnPositiveResponse" node="AF0227"><call id="nev10167351n1-nev10591044n1" method="Execute" node="AF0228"/></eventhandler><eventhandler id="nev10167351n1-nev10591045n1" name="OnNoResponse" node="AF0227"><call id="nev10167351n1-nev10591046n1" method="Execute" node="AF0228"/></eventhandler><eventhandler id="nev10167351n1-nev10591047n1" name="OnNoContact" node="AF0227"><call id="nev10167351n1-nev10591048n1" method="Execute" node="AF0228"/></eventhandler><eventhandler id="nev10167351n1-nev10591049n1" name="OnPositiveResponse" node="AF0228"><call id="nev10167351n1-nev10591050n1" method="Execute" node="AF0513"/></eventhandler><eventhandler id="nev10167351n1-nev10591051n1" name="OnNoResponse" node="AF0228"><call id="nev10167351n1-nev10591052n1" method="Execute" node="AF0513"/></eventhandler><eventhandler id="nev10167351n1-nev10591053n1" name="OnNoContact" node="AF0228"><call id="nev10167351n1-nev10591054n1" method="Execute" node="AF0513"/></eventhandler><eventhandler id="nev10167351n1-nev10591055n1" name="OnPositiveResponse" node="AF0513"><call id="nev10167351n1-nev10591056n1" method="Execute" node="AF052F"/></eventhandler><eventhandler id="nev10167351n1-nev10591057n1" name="OnNoResponse" node="AF0513"><call id="nev10167351n1-nev10591058n1" method="Execute" node="AF052F"/></eventhandler><eventhandler id="nev10167351n1-nev10591059n1" name="OnNoContact" node="AF0513"><call id="nev10167351n1-nev10591060n1" method="Execute" node="AF052F"/></eventhandler><eventhandler id="nev10167351n1-nev10591061n1" name="OnPositiveResponse" node="AF052F"><call id="nev10167351n1-nev10591062n1" method="Execute" node="AF0530"/></eventhandler><eventhandler id="nev10167351n1-nev10591063n1" name="OnNoResponse" node="AF052F"><call id="nev10167351n1-nev10591064n1" method="Execute" node="AF0530"/></eventhandler><eventhandler id="nev10167351n1-nev10591065n1" name="OnNoContact" node="AF052F"><call id="nev10167351n1-nev10591066n1" method="Execute" node="AF0530"/></eventhandler><eventhandler id="nev10167351n1-nev10591067n1" name="OnPositiveResponse" node="AF0530"><call id="nev10167351n1-nev10591068n1" method="Execute" node="AE04"/></eventhandler><eventhandler id="nev10167351n1-nev10591069n1" name="OnEmpty" node="ResultIterator1"><call id="nev10167351n1-nev10591070n1" method="Trigger" node="NoDtc"/></eventhandler><eventhandler id="nev10167351n1-nev10591071n1" name="OnTrigger" node="NoDtc"><call id="nev10167351n1-nev10591072n1" method="AddItem" node="List1"><parameter id="nev10167351n1-nev10591073n1" node="NoDtc" property="Text"/><parameter id="nev10167351n1-nev10591074n1" node="NoDtc" property="Text"/></call></eventhandler><eventhandler id="nev10167351n1-nev10591075n1" name="OnEmpty" node="ResultIterator2"><call id="nev10167351n1-nev10591076n1" method="Trigger" node="NoDtc2"/></eventhandler><eventhandler id="nev10167351n1-nev10591077n1" name="OnTrigger" node="NoDtc2"><call id="nev10167351n1-nev10591078n1" method="AddItem" node="List2"><parameter id="nev10167351n1-nev10591079n1" node="NoDtc2" property="Text"/><parameter id="nev10167351n1-nev10591080n1" node="NoDtc2" property="Text"/></call></eventhandler><propertyhandler id="nev10167351n1-nev10591081n1" name="Text" node="GetText"><set id="nev10167351n1-nev10591082n1" node="Label" property="Text"/></propertyhandler><propertyhandler id="nev10167351n1-nev10591083n1" name="Result" node="AE04"><set id="nev10167351n1-nev10591084n1" node="ResultIterator1" property="InValue"/></propertyhandler><propertyhandler id="nev10167351n1-nev10591085n1" name="Result" node="AE06"><set id="nev10167351n1-nev10591086n1" node="ResultIterator2" property="InValue"/></propertyhandler><propertyhandler id="nev10167351n1-nev10591087n1" name="OutValue" node="ResultIterator2"><set id="nev10167351n1-nev10591088n1" node="ResultGet2" property="InValue"/></propertyhandler><propertyhandler id="nev10167351n1-nev10591089n1" name="OutValue" node="ResultIterator1"><set id="nev10167351n1-nev10591090n1" node="ResultGet1" property="InValue"/></propertyhandler><propertyhandler id="nev10167351n1-nev10591091n1" name="EcuName" node="AE04"><set id="nev10167351n1-nev10591092n1" node="StringFormat1" property="0"/></propertyhandler><propertyhandler id="nev10167351n1-nev10591093n1" name="DtcValue" node="ResultGet1"><set id="nev10167351n1-nev10591094n1" node="StringFormat1" property="1"/></propertyhandler><propertyhandler id="nev10167351n1-nev10591095n1" name="DtcName" node="ResultGet1"><set id="nev10167351n1-nev10591096n1" node="StringFormat1" property="2"/></propertyhandler><propertyhandler id="nev10167351n1-nev10591097n1" name="EcuName" node="AE06"><set id="nev10167351n1-nev10591098n1" node="StringFormat2" property="0"/></propertyhandler><propertyhandler id="nev10167351n1-nev10591099n1" name="DtcValue" node="ResultGet2"><set id="nev10167351n1-nev10591100n1" node="StringFormat2" property="1"/></propertyhandler><propertyhandler id="nev10167351n1-nev10591101n1" name="DtcName" node="ResultGet2"><set id="nev10167351n1-nev10591102n1" node="StringFormat2" property="2"/></propertyhandler><propertyhandler id="nev10167351n1-nev10591103n1" name="Text" node="Constant1"><set id="nev10167351n1-nev10591104n1" node="Lable2" property="Text"/></propertyhandler></handlers></content></script>