<?xml version="1.0" encoding="UTF-8"?><servinfosub IE-ID="en-US0900c8af8588a608" docno="VCC-447325" id="nev17760142n1" xml:lang="en-US">
<title>
<phrase category="Title" id="nev17760142n2" phrase-urn="urn:x-nevis:phrase:0800c8af81eb9a59">Fault-tracing</phrase>
</title>
<diagnostic j2008use="1" layout="0" paperuse="1" screenuse="1" type="test">
<testgrp IE-ID="en-US0900c8af8588a608_nev17760142n3" id="nev17760142n3" j2008use="1" paperuse="1" resumable="1" screenuse="1" testgrp-id="node1" x="80" y="60">
<title>
<phrase category="" id="nev17760142n4" phrase-urn="urn:x-nevis:phrase:0800c8af81ad29c6">Information</phrase>
</title>
<node>
<test1>
<test2>
<para id="nev17760142n5">
<ptxt id="nev17760142n6">
<phrase category="Faulttracing" id="nev17760142n7" phrase-urn="urn:x-nevis:phrase:0800c8af84fb6f98">Check the remot#@#@#16#tion.</phrase>
<phrase category="Faulttracing" id="nev17760142n8" phrase-urn="urn:x-nevis:phrase:0800c8af84fb6f9c">If the remote c#@#@#65#urns.</phrase>
</ptxt>
</para>
<para id="nev17760142n9">
<ptxt id="nev17760142n10">
<phrase category="Faulttracing" id="nev17760143n1" phrase-urn="urn:x-nevis:phrase:0800c8af84fb6f9d">If this diagnos#@#@#119#CCM).</phrase>
</ptxt>
</para>
</test2>
</test1>
<question>
Select "Contin#@#@#8#xit.
</question>
<resact-grp>
<result button="cont" comp="button" highlight="0"/>
<action j2008use="1" paperuse="1" screenuse="1">
<return value="DONE"/>
</action>
</resact-grp>
</node>
</testgrp>
</diagnostic>
</servinfosub>