<?xml version="1.0" encoding="UTF-8"?><servinfosub IE-ID="en-US0900c8af848c591f" docno="VCC-352729" id="nev13471559n1" xml:lang="en-US">
<title>
<phrase category="" id="nev13471559n2" phrase-urn="urn:x-nevis:phrase:0800c8af82724fa2">Signal too high</phrase>
</title>
<diagnostic j2008use="1" layout="0" paperuse="1" screenuse="1" type="test">
<testgrp IE-ID="en-US0900c8af848c591f_nev13471559n3" id="nev13471559n3" j2008use="1" paperuse="1" resumable="1" screenuse="1" testgrp-id="node1" x="120" y="80">
<title>
<phrase category="" id="nev13471559n4" phrase-urn="urn:x-nevis:phrase:0800c8af82724fa3">Checking connec#@#@#10#iring</phrase>
</title>
<node>
<test1>
<test2>
<para>
<ptxt>
<phrase category="" id="nev13471559n5" phrase-urn="urn:x-nevis:phrase:0800c8af82724fa4">Check the conne#@#@#120#tion.</phrase>
</ptxt>
</para>
<para>
<ptxt>
<phrase category="Faulttracing" id="nev13472170n1" phrase-urn="urn:x-nevis:phrase:0800c8af8431f570">Check the power#@#@#143#tage.</phrase>
</ptxt>
</para>
<hint>
<ptxt>
<phrase category="" id="nev13471559n7" phrase-urn="urn:x-nevis:phrase:0800c8af82724fa6">When the igniti#@#@#180# 5 V.</phrase>
</ptxt>
</hint>
<para>
<ptxt>
<phrase category="Faulttracing" id="nev13472171n1" phrase-urn="urn:x-nevis:phrase:0800c8af8431edb7">Check the signa#@#@#131#cuit.</phrase>
</ptxt>
</para>
<para>
<ptxt>
<phrase category="Faulttracing" id="nev13472451n1" phrase-urn="urn:x-nevis:phrase:0800c8af8431f5c7">Check the signa#@#@#140#tage.</phrase>
</ptxt>
</para>
<para>
<ptxt>
<phrase category="" id="nev13471559n10" phrase-urn="urn:x-nevis:phrase:0800c8af82724fa9">If no fault is #@#@#192#nlet.</phrase>
</ptxt>
</para>
<para>
<ptxt>
<phrase category="" id="nev13471560n1" phrase-urn="urn:x-nevis:phrase:0800c8af82724faa">Remedy as necessary.</phrase>
</ptxt>
</para>
<list1 enumtype="d" type="unordered">
<title>
<phrase category="" id="nev13471560n2" phrase-urn="urn:x-nevis:phrase:0800c8af82724fab">Other information</phrase>
</title>
<item>
<ptxt>
<phrase category="" id="nev13471560n3" phrase-urn="urn:x-nevis:phrase:0800c8af82724fac">
<xref>
<ref id="KC09606725"/>
</xref>
</phrase>
</ptxt>
</item>
<item>
<ptxt>
<xref id="nev14425215n100">
<ref id="l1201797275832"/>
</xref>
</ptxt>
</item>
<item>
<ptxt>
<phrase category="" id="nev13471560n7" phrase-urn="urn:x-nevis:phrase:0800c8af82724fae">
<xref>
<ref id="KC09606729"/>
</xref>
</phrase>
</ptxt>
</item>
</list1>
<diaglist>
<dgraphic>
<dgraphic1>
<graphic id="nev13471560n9">
<href>0900c8af8204a44#@#@#9#.jpeg</href>
</graphic>
</dgraphic1>
</dgraphic>
</diaglist>
<grate>
<graphic id="nev13471560n10">
<href>0900c8af8204a3c#@#@#9#.jpeg</href>
</graphic>
</grate>
</test2>
</test1>
<question>
Select Continue.
</question>
<resact-grp>
<result button="cont" comp="button" highlight="0"/>
<action j2008use="1" paperuse="1" screenuse="1">
<ptxt>
<xref>
<ref id="nev13471561n2"/>
</xref>
</ptxt>
</action>
</resact-grp>
</node>
</testgrp>
<testgrp id="nev13471561n3" j2008use="1" paperuse="1" resumable="1" screenuse="1" testgrp-id="info1" x="320" y="160">
<title>
<phrase category="" id="nev13471561n4" phrase-urn="urn:x-nevis:phrase:0800c8af82724fb1">Fault-tracing i#@#@#5#ation</phrase>
</title>
<subcalloutnode>
<diagcallout>
<xref>
<ref id="nev13471561n5"/>
</xref>
</diagcallout>
<rescall-grp>
<result comp="string" highlight="0" op="eq" return="FAULT FOUND"/>
<calloutaction>
<return value="DONE"/>
</calloutaction>
</rescall-grp>
<rescall-grp>
<result comp="string" highlight="0" op="eq" return="NEW TRY"/>
<calloutaction>
<ptxt>
<xref>
<ref id="nev13471561n6"/>
</xref>
</ptxt>
</calloutaction>
</rescall-grp>
</subcalloutnode>
</testgrp>
</diagnostic>
</servinfosub>