<?xml version="1.0" encoding="UTF-8"?><servinfosub IE-ID="en-US0900c8af8014791f" docno="VCC-142362" id="KC01108406" xml:lang="en-US">
<title>Supplementary r#@#@#28#ction</title>
<procedure>
<stepgrp>
<procstep>
<title/>
<para>
<ptxt>As the illustra#@#@#181#rect.</ptxt>
</para>
</procstep>
<procstep>
<title>Inspecting the #@#@#30#stem)</title>
<grate>
<graphic id="KC03295241">
<href>0900c8af80058ef#@#@#9#.jpeg</href>
</graphic>
<graphtext>
<para>
<ptxt>The ignition mu#@#@#16#n II.</ptxt>
<ptxt>Install the bat#@#@#14#lead.</ptxt>
<ptxt>Check that the #@#@#65#n II.</ptxt>
<ptxt>The SRS indicat#@#@#59#onds.</ptxt>
<ptxt>Check that the #@#@#153# lit.</ptxt>
</para>
</graphtext>
</grate>
</procstep>
</stepgrp>
</procedure>
</servinfosub>