<?xml version="1.0" encoding="UTF-8"?><servinfosub IE-ID="en-US0900c8af8446550d" docno="VCC-365053" id="nev13650438n1" xml:lang="en-US">
<title>
<phrase category="Title" id="nev13650438n2" phrase-urn="urn:x-nevis:phrase:0800c8af82a68c3b">Adaptation of t#@#@#13#motor</phrase>
</title>
<diagnostic j2008use="1" layout="0" paperuse="1" screenuse="1" type="test">
<testgrp IE-ID="en-US0900c8af8446550d_nev13650438n3" id="nev13650438n3" j2008use="1" paperuse="1" resumable="1" screenuse="1" testgrp-id="classification" x="120" y="40">
<title>
<phrase category="Title" id="nev13650438n4" phrase-urn="urn:x-nevis:phrase:0800c8af82a68c3b">Adaptation of t#@#@#13#motor</phrase>
</title>
<node>
<test1>
<test2>
<caution>
<ptxt>
<phrase category="Faulttracing" id="nev13650438n5" phrase-urn="urn:x-nevis:phrase:0800c8af827fcd99">After replacing#@#@#150#rmed.</phrase>
</ptxt>
</caution>
<para>
<ptxt>
<phrase category="" id="nev13650438n6" phrase-urn="urn:x-nevis:phrase:0800c8af82725899">This function i#@#@#61#ECM).</phrase>
</ptxt>
</para>
<list1 enumtype="n">
<title>
<phrase category="Title" id="nev13650438n7" phrase-urn="urn:x-nevis:phrase:0800c8af82a68c3b">Adaptation of t#@#@#13#motor</phrase>
</title>
<item>
<ptxt>
<phrase category="" id="nev13650438n8" phrase-urn="urn:x-nevis:phrase:0800c8af8272589c">Ignition on</phrase>
</ptxt>
</item>
<item>
<ptxt>
<phrase category="" id="nev13650438n9" phrase-urn="urn:x-nevis:phrase:0800c8af8272589d">Click on the VC#@#@#7#ymbol</phrase>
</ptxt>
</item>
</list1>
<diaglist>
<dgraphic>
<dgraphic2>
<graphic id="nev13650438n10">
<href>0900c8af86c8681#@#@#9#.jpeg</href>
</graphic>
<smarttool active="press" id="l1214991498914"/>
</dgraphic2>
</dgraphic>
</diaglist>
<grate>
<graphic id="nev13650439n2">
<href>0900c8af8277530#@#@#9#.jpeg</href>
</graphic>
</grate>
</test2>
</test1>
<question>
Select Continue.
</question>
<resact-grp id="nev13650439n4">
<result button="cont" comp="button" highlight="0" id="nev13650439n5"/>
<action id="nev13650439n6" j2008use="1" paperuse="0" screenuse="1">
<return id="nev13650439n7" value="DONE"/>
</action>
</resact-grp>
</node>
</testgrp>
</diagnostic>
</servinfosub>