<?xml version="1.0" encoding="UTF-8"?><servinfosub IE-ID="en-US0900c8af8053650d" docno="VCC-134826" id="KC01649605" xml:lang="en-US">
<title>
<phrase category="" id="KC07548934" phrase-urn="urn:x-nevis:phrase:0800c8af81b96ea6">Signal too low</phrase>
</title>
<diagnostic j2008use="1" paperuse="1" screenuse="1" type="test">
<testgrp IE-ID="en-US0900c8af8053650d_KC01649606" id="KC01649606" j2008use="1" paperuse="1" resumable="1" screenuse="1" testgrp-id="node1" x="120" y="80">
<title>
<phrase category="" id="KC07548935" phrase-urn="urn:x-nevis:phrase:0800c8af81b96ea7">Checking compon#@#@#10#iring</phrase>
</title>
<node>
<test1>
<test2>
<para>
<ptxt>
<phrase category="" id="KC07548936" phrase-urn="urn:x-nevis:phrase:0800c8af81b96ea8">Check the signa#@#@#138#ound.</phrase>
</ptxt>
</para>
<para>
<ptxt>
<phrase category="" id="KC07548937" phrase-urn="urn:x-nevis:phrase:0800c8af81b96ea9">Check the signa#@#@#139#ound.</phrase>
</ptxt>
</para>
<para>
<ptxt>
<phrase category="" id="KC07548938" phrase-urn="urn:x-nevis:phrase:0800c8af81b96eaa">Check the conne#@#@#44#mage.</phrase>
</ptxt>
</para>
<para>
<ptxt>
<phrase category="" id="KC07548939" phrase-urn="urn:x-nevis:phrase:0800c8af81b96eab">Remedy as necessary.</phrase>
</ptxt>
</para>
<list1 enumtype="d" type="unordered">
<title>
<phrase category="" id="KC07548940" phrase-urn="urn:x-nevis:phrase:0800c8af81b96eac">Other information:</phrase>
</title>
<item>
<ptxt>
<phrase category="" id="KC07548941" phrase-urn="urn:x-nevis:phrase:0800c8af81b96ead">To fault-trace #@#@#21# see <xref>
<ref id="KC07548942"/>
</xref>
</phrase>
</ptxt>
</item>
<item>
<ptxt>
<phrase category="" id="KC07548943" phrase-urn="urn:x-nevis:phrase:0800c8af81b96eae">To connect the #@#@#13# see <xref>
<ref id="KC07548944"/>
</xref>
</phrase>
</ptxt>
</item>
<item>
<ptxt>
<phrase category="" id="KC07548945" phrase-urn="urn:x-nevis:phrase:0800c8af81b96eaf">For information#@#@#15# see <xref>
<ref id="KC07548946"/>
</xref>
</phrase>
</ptxt>
</item>
<item>
<ptxt>
<phrase category="" id="KC07548947" phrase-urn="urn:x-nevis:phrase:0800c8af81b96eb0">See the wiring #@#@#25#ting.</phrase>
</ptxt>
</item>
</list1>
</test2>
</test1>
<question>Was a fault det#@#@#1#cted?</question>
<resact-grp>
<result button="yes" comp="button" highlight="0"/>
<action j2008use="1" paperuse="1" screenuse="1">
<ptxt>
<xref>
<ref id="KC07548948"/>
</xref>
</ptxt>
</action>
</resact-grp>
<resact-grp>
<result button="no" comp="button" highlight="0"/>
<action j2008use="1" paperuse="1" screenuse="1">
<ptxt>
<xref>
<ref id="KC07548949"/>
</xref>
</ptxt>
</action>
</resact-grp>
</node>
</testgrp>
<testgrp id="KC01649607" j2008use="1" paperuse="1" resumable="1" screenuse="1" testgrp-id="node2" x="120" y="160">
<title>
<phrase category="" id="KC07548950" phrase-urn="urn:x-nevis:phrase:0800c8af81b96eb1">Replacing the c#@#@#3#onent</phrase>
</title>
<node>
<test1>
<test2>
<para>
<ptxt>
<phrase category="" id="KC07548951" phrase-urn="urn:x-nevis:phrase:0800c8af81b96eb2">Replace the fue#@#@#10#nsor.</phrase>
</ptxt>
</para>
<list1 enumtype="d" type="unordered">
<title>
<phrase category="" id="KC07548952" phrase-urn="urn:x-nevis:phrase:0800c8af81b96eb3">Other information:</phrase>
</title>
<item>
<ptxt>
<phrase category="" id="KC07548953" phrase-urn="urn:x-nevis:phrase:0800c8af81b96eb4">To replace the #@#@#18# see <xref>
<ref id="KC07548954"/>
</xref>. </phrase>
</ptxt>
</item>
</list1>
</test2>
</test1>
<question>Select Continue.</question>
<resact-grp>
<result button="cont" comp="button" highlight="0"/>
<action j2008use="1" paperuse="1" screenuse="1">
<ptxt>
<xref>
<ref id="KC07548955"/>
</xref>
</ptxt>
</action>
</resact-grp>
</node>
</testgrp>
<testgrp id="KC01649608" j2008use="1" paperuse="1" resumable="1" screenuse="1" testgrp-id="veria" x="120" y="240">
<title>
<phrase category="" id="KC07548956" phrase-urn="urn:x-nevis:phrase:0800c8af81b96eb5">Verification</phrase>
</title>
<subcalloutnode>
<diagcallout>
<xref>
<ref id="KC07548957"/>
</xref>
</diagcallout>
<rescall-grp>
<result comp="string" highlight="0" op="eq" return="VERIFIED"/>
<calloutaction>
<return value="FAULT FOUND"/>
</calloutaction>
</rescall-grp>
<rescall-grp>
<result comp="string" highlight="0" op="eq" return="VERIFICATION FAILED"/>
<calloutaction>
<ptxt>
<xref>
<ref id="KC07548958"/>
</xref>
</ptxt>
</calloutaction>
</rescall-grp>
</subcalloutnode>
</testgrp>
<testgrp id="KC01649609" j2008use="1" paperuse="1" resumable="1" screenuse="1" testgrp-id="info1" x="320" y="160">
<title>
<phrase category="" id="KC07548959" phrase-urn="urn:x-nevis:phrase:0800c8af81b96eb6">Fault-tracing i#@#@#5#ation</phrase>
</title>
<subcalloutnode>
<diagcallout>
<xref>
<ref id="KC07548960"/>
</xref>
</diagcallout>
<rescall-grp>
<result comp="string" highlight="0" op="eq" return="FAULTTRACING FAILED"/>
<calloutaction>
<return value="FAULTTRACING FAILED"/>
</calloutaction>
</rescall-grp>
<rescall-grp>
<result comp="string" highlight="0" op="eq" return="NEW TRY"/>
<calloutaction>
<ptxt>
<xref>
<ref id="KC07548961"/>
</xref>
</ptxt>
</calloutaction>
</rescall-grp>
</subcalloutnode>
</testgrp>
</diagnostic>
</servinfosub>