<?xml version="1.0" encoding="UTF-8"?><servinfosub IE-ID="en-US0900c8af84f9ac01" docno="VCC-418407" id="nev15777261n1" xml:lang="en-US">
<title>
<phrase category="Title" id="nev15777261n2" phrase-urn="urn:x-nevis:phrase:0800c8af81eb9a59">Fault-tracing</phrase>
</title>
<diagnostic j2008use="1" layout="0" paperuse="1" screenuse="1" type="test">
<testgrp IE-ID="en-US0900c8af84f9ac01_nev15777261n3" id="nev15777261n3" j2008use="1" paperuse="1" resumable="1" screenuse="1" testgrp-id="node1" x="100" y="140">
<title>
<phrase category="" id="nev15777261n4" phrase-urn="urn:x-nevis:phrase:0800c8af8271f5f1">Checking the status</phrase>
</title>
<node>
<test1>
<diaglist>
<dgraphic>
<dgraphic1>
<graphic id="nev15777261n5">
<href>0900c8af80054d3#@#@#9#.jpeg</href>
</graphic>
</dgraphic1>
</dgraphic>
<ditem>
<ptxt>
<phrase category="" id="nev15777261n6" phrase-urn="urn:x-nevis:phrase:0800c8af8271f5f2">Start the engine.</phrase>
</ptxt>
</ditem>
</diaglist>
<test2>
<para>
<ptxt>
<phrase category="" id="nev15777261n7" phrase-urn="urn:x-nevis:phrase:0800c8af8271f5f3">Read off the di#@#@#136#list.</phrase>
</ptxt>
</para>
<para>
<ptxt>
<phrase category="" id="nev15777261n8" phrase-urn="urn:x-nevis:phrase:0800c8af8271f5f4">Increase the en#@#@#54#te". </phrase>
</ptxt>
</para>
<para>
<ptxt>
<phrase category="" id="nev15777261n9" phrase-urn="urn:x-nevis:phrase:0800c8af8271f5f5">Check whether t#@#@#133#ed". </phrase>
</ptxt>
</para>
<hint>
<ptxt>
<phrase category="" id="nev15777261n10" phrase-urn="urn:x-nevis:phrase:0800c8af8271f5f6">In some cases s#@#@#108#stic.</phrase>
</ptxt>
</hint>
<para>
<ptxt>
<phrase category="" id="nev15777262n1" phrase-urn="urn:x-nevis:phrase:0800c8af8271f5f7">The fault is pe#@#@#132#tive.</phrase>
</ptxt>
</para>
<diaglist>
<dgraphic>
<dgraphic2>
<graphic id="nev15777262n2">
<href>0900c8af86c8681#@#@#9#.jpeg</href>
</graphic>
<smarttool active="press" id="nev15777262n3"/>
</dgraphic2>
</dgraphic>
</diaglist>
<grate>
<graphic id="nev15777262n4">
<href>0900c8af84fa2ac#@#@#9#.jpeg</href>
</graphic>
</grate>
</test2>
</test1>
<question>
Was the status#@#@#44#ent?
</question>
<resact-grp id="nev15777262n6">
<result button="yes" comp="button" highlight="0" id="nev15777262n7"/>
<action id="nev15777262n8" j2008use="1" paperuse="0" screenuse="1">
<return id="nev15777262n9" value="DONE"/>
</action>
</resact-grp>
<resact-grp id="nev15777262n10">
<result button="no" comp="button" highlight="0" id="nev15777263n1"/>
<action id="nev15777263n2" j2008use="1" paperuse="0" screenuse="1">
<ptxt id="nev15777263n3">
<xref id="nev15777263n4">
<ref id="nev15777263n5"/>
</xref>
</ptxt>
</action>
</resact-grp>
</node>
</testgrp>
<testgrp id="nev15777263n6" j2008use="1" paperuse="1" resumable="1" screenuse="1" testgrp-id="node2" x="100" y="320">
<title>
<phrase category="" id="nev15777263n7" phrase-urn="urn:x-nevis:phrase:0800c8af8271f5fa">Checking compon#@#@#10#iring</phrase>
</title>
<node>
<test1>
<test2>
<list1 id="nev15777263n8">
<item id="nev15777263n9">
<ptxt id="nev15777263n10">
<phrase category="Faulttracing" id="nev15777264n1" phrase-urn="urn:x-nevis:phrase:0800c8af81eab386">Check the conne#@#@#83#tion.</phrase>
</ptxt>
</item>
</list1>
<para>
<ptxt>
<phrase category="Faulttracing" id="nev15777264n2" phrase-urn="urn:x-nevis:phrase:0800c8af8255763a">Check the signa#@#@#48#tage.</phrase>
</ptxt>
<ptxt id="nev15777264n3">
<phrase category="Faulttracing" id="nev15777264n4" phrase-urn="urn:x-nevis:phrase:0800c8af82264ef0">Take readings b#@#@#2#ween:</phrase>
</ptxt>
</para>
<list1 enumtype="d" id="nev15777264n5">
<item id="nev15777264n6">
<ptxt id="nev15777264n7">
<phrase category="Faulttracing" id="nev16207576n1" phrase-urn="urn:x-nevis:phrase:0800c8af84c73112">Engine control #@#@#31#r #2.</phrase>
</ptxt>
</item>
</list1>
<para>
<ptxt>
<phrase category="Faulttracing" id="nev15777264n9" phrase-urn="urn:x-nevis:phrase:0800c8af8253a059">Check the groun#@#@#29#cuit.</phrase>
</ptxt>
<ptxt id="nev15777264n10">
<phrase category="Faulttracing" id="nev15777265n1" phrase-urn="urn:x-nevis:phrase:0800c8af82264ef0">Take readings b#@#@#2#ween:</phrase>
</ptxt>
</para>
<list1 enumtype="d" id="nev15777265n2">
<item id="nev15777265n3">
<ptxt id="nev15777265n4">
<phrase category="Faulttracing" id="nev16207578n1" phrase-urn="urn:x-nevis:phrase:0800c8af84c730a8">Engine control #@#@#31#r #1.</phrase>
</ptxt>
</item>
</list1>
<para id="nev15777265n6">
<ptxt id="nev15777265n7">
<phrase category="Faulttracing" id="nev15777265n8" phrase-urn="urn:x-nevis:phrase:0800c8af81eab411">Check the power#@#@#32#ound.</phrase>
</ptxt>
<ptxt id="nev15777265n9">
<phrase category="Faulttracing" id="nev15777265n10" phrase-urn="urn:x-nevis:phrase:0800c8af82264ef0">Take readings b#@#@#2#ween:</phrase>
</ptxt>
</para>
<list1 id="nev15777266n1">
<item id="nev15777266n2">
<ptxt id="nev15777266n3">
<phrase category="Faulttracing" id="nev16207579n1" phrase-urn="urn:x-nevis:phrase:0800c8af84c730a6">Engine control #@#@#31#r #3.</phrase>
</ptxt>
</item>
</list1>
<para>
<ptxt>
<phrase category="" id="nev15777266n5" phrase-urn="urn:x-nevis:phrase:0800c8af8271f5fe">Remedy as necessary.</phrase>
</ptxt>
</para>
<list1 enumtype="d" type="unordered">
<title>
<phrase category="" id="nev15777266n6" phrase-urn="urn:x-nevis:phrase:0800c8af8271f5ff">Other information</phrase>
</title>
<item id="nev15777266n7">
<ptxt id="nev15777266n8">
<xref id="nev15777266n9">
<ref id="nev15777266n10"/>
</xref>
</ptxt>
</item>
<item id="nev15777267n1">
<ptxt id="nev15777267n2">
<xref id="nev15777267n3">
<ref id="nev15777267n4"/>
</xref>
</ptxt>
</item>
<item id="nev15777267n5">
<ptxt id="nev15777267n6">
<xref id="nev15777267n7">
<ref id="nev15777267n8"/>
</xref>
</ptxt>
</item>
<item id="nev15777267n9">
<ptxt id="nev15777267n10">
<xref id="nev15777268n1">
<ref id="nev15777268n2"/>
</xref>
</ptxt>
</item>
</list1>
<diaglist id="nev15777268n3">
<dgraphic id="nev15777268n4">
<dgraphic1 id="nev15777268n5">
<graphic id="nev15777268n6">
<href>0900c8af84c730b#@#@#9#.jpeg</href>
</graphic>
</dgraphic1>
</dgraphic>
</diaglist>
<grate>
<graphic id="nev15777268n7">
<href>0900c8af84fa2ac#@#@#9#.jpeg</href>
</graphic>
</grate>
</test2>
</test1>
<question>
Select Continue.
</question>
<resact-grp>
<result button="cont" comp="button" highlight="0"/>
<action id="nev15777268n9" j2008use="1" paperuse="0" screenuse="1">
<ptxt id="nev15777268n10">
<xref id="nev15777269n1">
<ref id="nev15777269n2"/>
</xref>
</ptxt>
</action>
</resact-grp>
</node>
</testgrp>
</diagnostic>
</servinfosub>