<?xml version="1.0" encoding="UTF-8"?><servinfosub IE-ID="en-US0900c8af8470ac01" docno="VCC-388367" id="nev14120553n1" xml:lang="en-US">
<title>
<phrase category="Title" id="nev14120553n2" phrase-urn="urn:x-nevis:phrase:0800c8af827fd1c1">Checking software</phrase>
</title>
<diagnostic j2008use="1" layout="0" paperuse="1" screenuse="1" type="test">
<testgrp IE-ID="en-US0900c8af8470ac01_nev14120553n3" id="nev14120553n3" j2008use="1" paperuse="1" resumable="1" screenuse="1" testgrp-id="node1" x="140" y="160">
<title>
<phrase category="Title" id="nev14120553n4" phrase-urn="urn:x-nevis:phrase:0800c8af827fd1c1">Checking software</phrase>
</title>
<node>
<test1>
<test2>
<note id="nev14120553n8">
<ptxt id="nev14120553n9">
<phrase category="Faulttracing" id="nev14120560n1" phrase-urn="urn:x-nevis:phrase:0800c8af8470ac1c">If Engine contr#@#@#137#odes.</phrase>
</ptxt>
</note>
<ptxt id="nev14120556n100">
<phrase category="Faulttracing" id="nev14120557n1" phrase-urn="urn:x-nevis:phrase:0800c8af8470ac0f">Indicated sympt#@#@#69#ECM).</phrase>
</ptxt>
<para>
<ptxt>
<phrase category="Faulttracing" id="nev14120558n1" phrase-urn="urn:x-nevis:phrase:0800c8af8470ac13">Go to the SOFTW#@#@#33#date.</phrase>
</ptxt>
</para>
<para id="nev14120554n5">
<ptxt id="nev14120554n6">
<phrase category="Faulttracing" id="nev14120559n1" phrase-urn="urn:x-nevis:phrase:0800c8af8470ac19">Make sure that #@#@#72#dure.</phrase>
</ptxt>
</para>
<grate/>
</test2>
</test1>
<question>
Select Continue.
</question>
<resact-grp>
<result button="cont" comp="button" highlight="0"/>
<action id="nev14120554n9" j2008use="1" paperuse="0" screenuse="1">
<return id="nev14120554n10" value="DONE"/>
</action>
</resact-grp>
</node>
</testgrp>
</diagnostic>
</servinfosub>