<?xml version="1.0" encoding="UTF-8"?><servinfosub IE-ID="en-US0900c8af808d0c01" docno="VCC-102827" id="KC01417978" xml:lang="en-US">
<title>
<phrase category="" id="KC06375218" phrase-urn="urn:x-nevis:phrase:0800c8af8189c1f1">Resistance too #@#@#18#fault</phrase>
</title>
<diagnostic j2008use="1" paperuse="1" screenuse="1" type="test">
<testgrp IE-ID="en-US0900c8af808d0c01_KC02416841" id="KC02416841" j2008use="1" paperuse="1" resumable="1" screenuse="1" testgrp-id="node1" x="120" y="80">
<title>
<phrase category="" id="KC06375219" phrase-urn="urn:x-nevis:phrase:0800c8af8189c1f2">Intermittent fault</phrase>
</title>
<node>
<test1>
<diaglist>
<dgraphic>
<dgraphic1>
<graphic id="KC06375220">
<href>0900c8af80054d4#@#@#9#.jpeg</href>
</graphic>
</dgraphic1>
</dgraphic>
<ditem>
<ptxt>
<phrase category="" id="KC06375221" phrase-urn="urn:x-nevis:phrase:0800c8af8189c1f3">Ignition off.</phrase>
</ptxt>
</ditem>
</diaglist>
<test2>
<warning>
<ptxt>
<phrase category="" id="KC06375222" phrase-urn="urn:x-nevis:phrase:0800c8af8189c1f4">Under no circum#@#@#154#bag! </phrase>
</ptxt>
</warning>
<caution>
<ptxt>
<phrase category="" id="KC06375223" phrase-urn="urn:x-nevis:phrase:0800c8af8189c1f5">Do not touch th#@#@#117#ule. </phrase>
</ptxt>
</caution>
<para>
<ptxt>
<phrase category="" id="KC06375224" phrase-urn="urn:x-nevis:phrase:0800c8af8189c1f6">Check connector#@#@#1# for:</phrase>
</ptxt>
</para>
<list1 enumtype="d" type="unordered">
<item>
<ptxt>
<phrase category="" id="KC06375225" phrase-urn="urn:x-nevis:phrase:0800c8af8189c1f7">2-pin</phrase>
</ptxt>
</item>
<item>
<ptxt>
<phrase category="" id="KC06375226" phrase-urn="urn:x-nevis:phrase:0800c8af8189c1f8">SRS control module</phrase>
</ptxt>
</item>
</list1>
<para>
<ptxt>
<phrase category="" id="KC06375227" phrase-urn="urn:x-nevis:phrase:0800c8af8189c1f9">for contact res#@#@#30#g to <xref>
<ref id="KC06375228"/>
</xref> and loose conn#@#@#16#g to <xref>
<ref id="KC06375229"/>
</xref>.</phrase>
</ptxt>
</para>
<para>
<ptxt>
<phrase category="" id="KC06375230" phrase-urn="urn:x-nevis:phrase:0800c8af8189c1fb">Check the cable#@#@#117#g to <xref>
<ref id="KC06375231"/>
</xref>. </phrase>
</ptxt>
</para>
<para>
<ptxt>
<phrase category="" id="KC06375232" phrase-urn="urn:x-nevis:phrase:0800c8af8189c1fc">Check the cable#@#@#117#g to <xref>
<ref id="KC06375233"/>
</xref>. </phrase>
</ptxt>
</para>
<para>
<ptxt>
<phrase category="" id="KC06375234" phrase-urn="urn:x-nevis:phrase:0800c8af8189c1fd">Remedy as necessary.</phrase>
</ptxt>
</para>
<list1 enumtype="d" type="unordered">
<title>
<phrase category="" id="KC06375235" phrase-urn="urn:x-nevis:phrase:0800c8af8189c1fe">Other information:</phrase>
</title>
<item>
<ptxt>
<phrase category="" id="KC06375236" phrase-urn="urn:x-nevis:phrase:0800c8af8189c1ff">To access / rep#@#@#42# see <xref>
<ref id="KC06375237"/>
</xref>.</phrase>
</ptxt>
</item>
<item>
<ptxt>
<phrase category="" id="KC06375238" phrase-urn="urn:x-nevis:phrase:0800c8af8189c200">To connect the #@#@#13# see <xref>
<ref id="KC06375239"/>
</xref>. </phrase>
</ptxt>
</item>
<item>
<ptxt>
<phrase category="" id="KC06375240" phrase-urn="urn:x-nevis:phrase:0800c8af8189c201">With the igniti#@#@#148#nity.</phrase>
</ptxt>
</item>
<item>
<ptxt>
<phrase category="" id="KC06375241" phrase-urn="urn:x-nevis:phrase:0800c8af8189c202">With the igniti#@#@#150# kΩ. </phrase>
</ptxt>
</item>
<item>
<ptxt>
<phrase category="" id="KC06375242" phrase-urn="urn:x-nevis:phrase:0800c8af8189c203">To repair SRS w#@#@#6# see <xref>
<ref id="KC06375243"/>
</xref>.</phrase>
</ptxt>
</item>
<item>
<ptxt>
<phrase category="" id="KC06375244" phrase-urn="urn:x-nevis:phrase:0800c8af8189c204">For other value#@#@#2# see <xref>
<ref id="KC06375245"/>
</xref>. </phrase>
</ptxt>
</item>
</list1>
<diaglist>
<dgraphic>
<dgraphic1>
<graphic id="KC06375246">
<href>0900c8af80058b1#@#@#9#.jpeg</href>
</graphic>
</dgraphic1>
<dgraphic2>
<graphic id="KC06375247">
<href>0900c8af80054d4#@#@#9#.jpeg</href>
</graphic>
<smarttool active="auto" id="KC06375248" toolname="ODA"/>
</dgraphic2>
</dgraphic>
<ditem>
<ditemtext>
<ptxt>
<phrase category="" id="KC06375249" phrase-urn="urn:x-nevis:phrase:0800c8af8189c205"/>
</ptxt>
</ditemtext>
</ditem>
</diaglist>
</test2>
</test1>
<question>Select Continue.</question>
<resact-grp>
<result button="cont" comp="button" highlight="0"/>
<action j2008use="1" paperuse="0" screenuse="1">
<ptxt>
<xref>
<ref id="KC06375250"/>
</xref>
</ptxt>
</action>
</resact-grp>
</node>
</testgrp>
<testgrp id="KC02416842" j2008use="1" paperuse="1" resumable="1" screenuse="1" testgrp-id="info2" x="320" y="80">
<title>
<phrase category="" id="KC06375251" phrase-urn="urn:x-nevis:phrase:0800c8af8189c206">Fault-tracing i#@#@#5#ation</phrase>
</title>
<subcalloutnode>
<diagcallout>
<xref>
<ref id="KC06375252"/>
</xref>
</diagcallout>
<rescall-grp>
<result comp="string" highlight="0" op="eq" return="NEW TRY"/>
<calloutaction>
<ptxt>
<xref>
<ref id="KC06375253"/>
</xref>
</ptxt>
</calloutaction>
</rescall-grp>
<rescall-grp>
<result comp="string" highlight="0" op="eq" return="FAULT FOUND"/>
<calloutaction>
<return value="DONE"/>
</calloutaction>
</rescall-grp>
</subcalloutnode>
</testgrp>
</diagnostic>
</servinfosub>