<?xml version="1.0" encoding="UTF-8"?><servinfosub IE-ID="en-US0900c8af804a8a07" docno="VCC-096336" id="KC01428528" xml:lang="en-US">
<title>
<phrase category="" id="KC08612733" phrase-urn="urn:x-nevis:phrase:0800c8af81de7c54">Signal missing.#@#@#11#fault</phrase>
</title>
<diagnostic type="test">
<testgrp IE-ID="en-US0900c8af804a8a07_KC01428529" id="KC01428529" j2008use="1" paperuse="1" resumable="1" screenuse="1" testgrp-id="pb1" x="200" y="160">
<title>
<phrase category="" id="KC08612734" phrase-urn="urn:x-nevis:phrase:0800c8af81de7c55">Checking component</phrase>
</title>
<node>
<test1>
<diaglist>
<dgraphic>
<dgraphic1>
<graphic id="KC08612735">
<href>0900c8af80054d5#@#@#9#.jpeg</href>
</graphic>
</dgraphic1>
<dgraphic2>
<graphic id="KC08612736">
<href>0900c8af803f116#@#@#9#.jpeg</href>
</graphic>
</dgraphic2>
<dgraphic3>
<graphic id="KC08612737">
<href>0900c8af8005715#@#@#9#.jpeg</href>
</graphic>
</dgraphic3>
</dgraphic>
<ditem>
<ptxt>
<phrase category="" id="KC08612738" phrase-urn="urn:x-nevis:phrase:0800c8af81de7c56">Make a note of #@#@#21#code.</phrase>
</ptxt>
</ditem>
<ditem>
<ptxt>
<phrase category="" id="KC08612739" phrase-urn="urn:x-nevis:phrase:0800c8af81de7c57">Ignition off.</phrase>
</ptxt>
</ditem>
<ditem>
<ptxt>
<phrase category="" id="KC08612740" phrase-urn="urn:x-nevis:phrase:0800c8af81de7c58">Disconnect the #@#@#17#lead.</phrase>
</ptxt>
</ditem>
<ditem>
<ptxt>
<phrase category="" id="KC08612741" phrase-urn="urn:x-nevis:phrase:0800c8af81de7c59">Disconnect the #@#@#35#ner. </phrase>
</ptxt>
<warning>
<ptxt>
<phrase category="" id="KC08612742" phrase-urn="urn:x-nevis:phrase:0800c8af81de7c5a">Under no circum#@#@#179#oner!</phrase>
</ptxt>
</warning>
</ditem>
<ditem>
<ptxt>
<phrase category="" id="KC08612743" phrase-urn="urn:x-nevis:phrase:0800c8af81de7c5b">Install special#@#@#1#tool <toolitem id="KC08612744"/> on the seat be#@#@#19#tor. </phrase>
</ptxt>
<caution>
<ptxt>
<phrase category="" id="KC08612745" phrase-urn="urn:x-nevis:phrase:0800c8af81de7c5c">The special too#@#@#121#rder.</phrase>
</ptxt>
</caution>
</ditem>
<ditem>
<ptxt>
<phrase category="" id="KC08612746" phrase-urn="urn:x-nevis:phrase:0800c8af81de7c5d">Ignition on.</phrase>
</ptxt>
</ditem>
<ditem>
<ptxt>
<phrase category="" id="KC08612747" phrase-urn="urn:x-nevis:phrase:0800c8af81de7c5e">Connect the bat#@#@#14#lead.</phrase>
</ptxt>
</ditem>
<ditem>
<ptxt>
<phrase category="" id="KC08612748" phrase-urn="urn:x-nevis:phrase:0800c8af81de7c5f">Read off diagno#@#@#21#TCs).</phrase>
</ptxt>
</ditem>
</diaglist>
<test2>
<ptxt>
<phrase category="" id="KC08612749" phrase-urn="urn:x-nevis:phrase:0800c8af81de7c60">If the fault is#@#@#197#ards.</phrase>
</ptxt>
<list1 enumtype="d" type="unordered">
<title>
<phrase category="" id="KC08612750" phrase-urn="urn:x-nevis:phrase:0800c8af81de7c61">Other information:</phrase>
</title>
<item>
<ptxt>
<phrase category="" id="KC08612751" phrase-urn="urn:x-nevis:phrase:0800c8af81de7c62">To access / rep#@#@#29# see <xref>
<ref id="KC08612752"/>
</xref>.</phrase>
</ptxt>
</item>
</list1>
<diaglist>
<dgraphic>
<dgraphic2>
<graphic id="KC08612753">
<href>0900c8af86c8681#@#@#9#.jpeg</href>
</graphic>
<smarttool active="press" id="KC08612754" toolname="XSRSAE01"/>
</dgraphic2>
</dgraphic>
<ditem>
<ditemtext>
<ptxt>
<phrase category="" id="KC08612755" phrase-urn="urn:x-nevis:phrase:0800c8af81de7c63"/>
</ptxt>
</ditemtext>
</ditem>
<ditem>
<ditemtext>
<ptxt>
<phrase category="" id="KC08612756" phrase-urn="urn:x-nevis:phrase:0800c8af81de7c64"/>
</ptxt>
</ditemtext>
</ditem>
</diaglist>
</test2>
</test1>
<question>Does the diagno#@#@#33#ange?</question>
<resact-grp>
<result button="yes" comp="button" highlight="0"/>
<action j2008use="1" paperuse="1" screenuse="1">
<ptxt>
<xref>
<ref id="KC08612757"/>
</xref>
</ptxt>
</action>
</resact-grp>
<resact-grp>
<result button="no" comp="button" highlight="0"/>
<action j2008use="1" paperuse="1" screenuse="1">
<ptxt>
<xref>
<ref id="KC08612758"/>
</xref>
</ptxt>
</action>
</resact-grp>
</node>
</testgrp>
<testgrp id="KC01428530" j2008use="1" paperuse="1" resumable="1" screenuse="1" testgrp-id="pb2" x="160" y="400">
<title>
<phrase category="" id="KC08612759" phrase-urn="urn:x-nevis:phrase:0800c8af81de7c65">Checking compon#@#@#10#iring</phrase>
</title>
<node>
<test1>
<diaglist>
<dgraphic>
<dgraphic1>
<graphic id="KC08612760">
<href>0900c8af80054d4#@#@#9#.jpeg</href>
</graphic>
</dgraphic1>
<dgraphic2>
<graphic id="KC08612761">
<href>0900c8af8005715#@#@#9#.jpeg</href>
</graphic>
</dgraphic2>
<dgraphic3>
<graphic id="KC08612762">
<href>0900c8af80054cc#@#@#9#.jpeg</href>
</graphic>
</dgraphic3>
</dgraphic>
<ditem>
<ptxt>
<phrase category="" id="KC08612763" phrase-urn="urn:x-nevis:phrase:0800c8af81de7c66">Ignition off.</phrase>
</ptxt>
</ditem>
<ditem>
<ptxt>
<phrase category="" id="KC08612764" phrase-urn="urn:x-nevis:phrase:0800c8af81de7c67">Remove special tool <toolitem id="KC08612765"/>.</phrase>
</ptxt>
</ditem>
<ditem>
<ptxt>
<phrase category="" id="KC08612766" phrase-urn="urn:x-nevis:phrase:0800c8af81de7c68">Disconnect the #@#@#17#lead.</phrase>
</ptxt>
</ditem>
<ditem>
<ptxt>
<phrase category="" id="KC08612767" phrase-urn="urn:x-nevis:phrase:0800c8af81de7c69">Disconnect the #@#@#10#dule.</phrase>
</ptxt>
<warning>
<ptxt>
<phrase category="" id="KC08612768" phrase-urn="urn:x-nevis:phrase:0800c8af81de7c6a">Under no circum#@#@#179#oner!</phrase>
</ptxt>
</warning>
</ditem>
</diaglist>
<test2>
<para>
<ptxt>
<phrase category="" id="KC08612769" phrase-urn="urn:x-nevis:phrase:0800c8af81de7c6b">Check the contr#@#@#65#g to <xref>
<ref id="KC08612770"/>
</xref>. </phrase>
</ptxt>
<ptxt>
<phrase category="" id="KC08612771" phrase-urn="urn:x-nevis:phrase:0800c8af81de7c6c">Check for damag#@#@#7#ully.</phrase>
</ptxt>
</para>
<para>
<ptxt>
<phrase category="" id="KC08612772" phrase-urn="urn:x-nevis:phrase:0800c8af81de7c6d">Connect an ohmm#@#@#78#g to <xref>
<ref id="KC08612773"/>
</xref>.</phrase>
</ptxt>
</para>
<para>
<ptxt>
<phrase category="" id="KC08612774" phrase-urn="urn:x-nevis:phrase:0800c8af81de7c6e">Remedy as necessary.</phrase>
</ptxt>
</para>
<list1 enumtype="d" type="unordered">
<title>
<phrase category="" id="KC08612775" phrase-urn="urn:x-nevis:phrase:0800c8af81de7c6f">Other information:</phrase>
</title>
<item>
<ptxt>
<phrase category="" id="KC08612776" phrase-urn="urn:x-nevis:phrase:0800c8af81de7c70">To access / rep#@#@#24# see <xref>
<ref id="KC08612777"/>
</xref>. </phrase>
</ptxt>
</item>
<item>
<ptxt>
<phrase category="" id="KC08612778" phrase-urn="urn:x-nevis:phrase:0800c8af81de7c71">A short-circuit#@#@#208#ally.</phrase>
</ptxt>
</item>
</list1>
<diaglist>
<dgraphic>
<dgraphic1>
<graphic id="KC08612779">
<href>0900c8af803f89a#@#@#9#.jpeg</href>
</graphic>
</dgraphic1>
<dgraphic2>
<graphic id="KC08612780">
<href>0900c8af80054d4#@#@#9#.jpeg</href>
</graphic>
<smarttool active="auto" id="KC08612781" toolname="ODA"/>
</dgraphic2>
</dgraphic>
<ditem>
<ditemtext>
<ptxt>
<phrase category="" id="KC08612782" phrase-urn="urn:x-nevis:phrase:0800c8af81de7c72"/>
</ptxt>
</ditemtext>
</ditem>
</diaglist>
</test2>
</test1>
<question>Select Continue#@#@#29#died.</question>
<resact-grp>
<result button="cont" comp="button" highlight="0"/>
<action j2008use="1" paperuse="1" screenuse="1">
<ptxt>
<xref>
<ref id="KC08612783"/>
</xref>
</ptxt>
</action>
</resact-grp>
</node>
</testgrp>
<testgrp id="KC01428531" j2008use="1" paperuse="1" resumable="1" screenuse="1" testgrp-id="pb2ver" x="200" y="240">
<title>
<phrase category="" id="KC08612784" phrase-urn="urn:x-nevis:phrase:0800c8af81de7c73">Verification</phrase>
</title>
<subcalloutnode>
<diagcallout>
<xref>
<ref id="KC08612785"/>
</xref>
</diagcallout>
<rescall-grp>
<result comp="string" highlight="0" op="eq" return="VERIFIED"/>
<calloutaction>
<return value="FAULT FOUND"/>
</calloutaction>
</rescall-grp>
<rescall-grp>
<result comp="string" highlight="0" op="eq" return="VERIFICATION FAILED"/>
<calloutaction>
<ptxt>
<xref>
<ref id="KC08612786"/>
</xref>
</ptxt>
</calloutaction>
</rescall-grp>
<rescall-grp>
<result comp="string" highlight="0" op="eq" return="PAPER"/>
<calloutaction>
<return value="FAULT NOT FOUND"/>
</calloutaction>
</rescall-grp>
</subcalloutnode>
</testgrp>
<testgrp id="KC01428532" j2008use="1" paperuse="0" resumable="1" screenuse="1" testgrp-id="info1" x="480" y="240">
<title>
<phrase category="" id="KC08612787" phrase-urn="urn:x-nevis:phrase:0800c8af81de7c74">Fault-tracing i#@#@#5#ation</phrase>
</title>
<subcalloutnode>
<diagcallout>
<xref>
<ref id="KC08612788"/>
</xref>
</diagcallout>
<rescall-grp>
<result comp="string" highlight="0" op="eq" return="FAULTTRACING FAILED"/>
<calloutaction>
<return value="FAULTTRACING FAILED"/>
</calloutaction>
</rescall-grp>
<rescall-grp>
<result comp="string" highlight="0" op="eq" return="NEW TRY"/>
<calloutaction>
<ptxt>
<xref>
<ref id="KC08612789"/>
</xref>
</ptxt>
</calloutaction>
</rescall-grp>
</subcalloutnode>
</testgrp>
</diagnostic>
</servinfosub>