<?xml version="1.0" encoding="UTF-8"?><servinfosub IE-ID="en-US0900c8af8374aa07" docno="VCC-126316" id="KC01605715" xml:lang="en-US">
<title id="nev12030970n250">Replacing the t#@#@#6#ssion</title>
<procedure id="nev12030970n248">
<proctools id="nev12030970n246">
<toolitem id="KC02999000"/>
</proctools>
<stepgrp id="KC01627423">
<title id="nev12030970n241">Removal</title>
<procstep id="KC01627424">
<title id="nev12030970n239">Introduction</title>
<caution id="nev12030970n237">
<ptxt id="nev12030970n235">Cleanliness it #@#@#41#ion. </ptxt>
<ptxt id="nev12030970n233">Make sure that #@#@#64#cles.</ptxt>
<ptxt id="nev12030970n231">Clean around co#@#@#35#lug. </ptxt>
</caution>
<warning id="nev12030970n229">
<ptxt id="nev12030970n227">Avoid skin cont#@#@#27#luid.</ptxt>
</warning>
</procstep>
<procstep id="KC01627425">
<title id="nev12030970n225">Removing engine#@#@#18#nents</title>
<grate id="nev12030970n223">
<graphic id="KC02999001">
<href>0900c8af8012288#@#@#9#.jpeg</href>
</graphic>
<graphtext id="nev12030970n218">
<list1 enumtype="d" id="nev12030970n216" type="unordered">
<title id="nev12030970n214">Remove:</title>
<item id="nev12030970n212">
<ptxt id="nev12030970n210">the engine casing</ptxt>
</item>
<item id="nev12030970n208">
<ptxt id="nev12030970n206">the battery</ptxt>
</item>
<item id="nev12030970n204">
<ptxt id="nev12030970n202">the air cleaner#@#@#9#using</ptxt>
</item>
<item id="nev12030970n200">
<ptxt id="nev12030970n198">the battery shelf.</ptxt>
</item>
</list1>
<para id="nev12030970n196">
<ptxt id="nev12030970n194">Note when remov#@#@#23# see <xref id="nev12030970n192">
<ref id="KC02999002"/>
</xref>.</ptxt>
</para>
</graphtext>
</grate>
</procstep>
<procstep id="KC01627426">
<title id="nev12030970n187">Detaching engin#@#@#19#nents</title>
<grate id="nev12030970n185">
<graphic id="KC02999003">
<href>0900c8af8012299#@#@#9#.jpeg</href>
</graphic>
<graphtext id="nev12030970n180">
<list1 enumtype="d" id="nev12030970n178" type="unordered">
<title id="nev12030970n176">Remove:</title>
<item id="nev12030970n174">
<ptxt id="nev12030970n172">the fresh air h#@#@#55#pipe.</ptxt>
<ptxt id="nev12030970n170">Move the hose a#@#@#30#box. </ptxt>
</item>
<item id="nev12030970n168">
<ptxt id="nev12030970n166">the shift cable#@#@#17#ssion</ptxt>
</item>
<item id="nev12030970n164">
<ptxt id="nev12030970n162">the ground cabl#@#@#18#ssion</ptxt>
</item>
<item id="nev12030970n160">
<ptxt id="nev12030970n158">the mounting of#@#@#6#iring</ptxt>
</item>
<item id="nev12030970n156">
<ptxt id="nev12030970n154">the engine spee#@#@#4#nsor.</ptxt>
</item>
</list1>
</graphtext>
</grate>
</procstep>
<procstep id="KC01627427">
<title id="nev12030970n152">Detaching trans#@#@#13#ctors</title>
<grate id="nev12030970n150">
<graphic id="KC02999004">
<href>0900c8af8012516#@#@#9#.jpeg</href>
</graphic>
<graphtext id="nev12030970n145">
<para id="nev12030970n143">
<ptxt id="nev12030970n141">Part the connectors.</ptxt>
</para>
</graphtext>
</grate>
</procstep>
<procstep id="KC01627428">
<title id="nev12030970n139">Installing the #@#@#9#evice</title>
<grate id="nev12030970n137">
<graphic id="KC02999005">
<href>0900c8af8012333#@#@#9#.jpeg</href>
</graphic>
<graphtext id="nev12030970n132">
<list1 enumtype="d" id="nev12030970n130" type="unordered">
<title id="nev12030970n128">Install:</title>
<item id="nev12030970n126">
<ptxt id="nev12030970n124">lifting brace <toolitem id="KC02999006"/>
</ptxt>
</item>
<item id="nev12030970n119">
<ptxt id="nev12030970n117">lifting hook <toolitem id="KC02999007"/>.</ptxt>
</item>
</list1>
<ptxt id="nev12030970n112">Position the li#@#@#43#eye. </ptxt>
<ptxt id="nev12030970n110">Tighten the lif#@#@#14#htly.</ptxt>
</graphtext>
</grate>
</procstep>
<procstep id="KC01627429">
<title id="nev12030970n108">Removing the he#@#@#24#ember</title>
<para id="nev12030970n106">
<ptxt id="nev12030970n104">Remove the heat#@#@#39#d in <xref id="nev12030970n102">
<ref id="KC02999008"/>
</xref>.</ptxt>
</para>
<para id="nev12030970n97">
<ptxt id="nev12030970n95">(For USA only).#@#@#55#d in <xref id="nev12030970n93">
<ref id="KC02999009"/>
</xref>.</ptxt>
</para>
<grate id="nev12030970n88">
<graphic id="KC02999010">
<href>0900c8af8012554#@#@#9#.jpeg</href>
</graphic>
<graphtext id="nev12030970n83">
<para id="nev12030970n81">
<ptxt id="nev12030970n79">Remove the engi#@#@#6#cket.</ptxt>
</para>
<para id="nev12030970n77">
<ptxt id="nev12030970n75">Detach the fron#@#@#12#cket.</ptxt>
</para>
</graphtext>
</grate>
</procstep>
<procstep id="KC01627430">
<title id="nev12030970n73">Detaching the l#@#@#20#shaft</title>
<para id="nev12030970n71">
<ptxt id="nev12030970n69">Detach the driv#@#@#19#d in <xref id="nev12030970n67">
<ref id="KC02999011"/>
</xref>. </ptxt>
</para>
</procstep>
<procstep id="KC01627431">
<title id="nev12030970n62">Detaching the r#@#@#21#shaft</title>
<para id="nev12030970n60">
<ptxt id="nev12030970n58">Detach the driv#@#@#19#d in <xref id="nev12030970n56">
<ref id="KC02999012"/>
</xref>. </ptxt>
</para>
</procstep>
<procstep id="KC01627432">
<title id="nev12030970n51">Detaching oil pipes</title>
<grate id="nev12030970n49">
<graphic id="KC02999013">
<href>0900c8af80123b7#@#@#9#.jpeg</href>
</graphic>
<graphtext id="nev12030970n44">
<para id="nev12030970n42">
<ptxt id="nev12030970n40">Drain the trans#@#@#25#d in <xref id="nev12030970n38">
<ref id="KC02999014"/>
</xref>. </ptxt>
<ptxt id="nev12030970n33">Detach oil pipe#@#@#8#ions <emph id="nev12030970n31">on the transmission </emph>and move them aside.</ptxt>
<ptxt id="nev12030970n29">Detach the brac#@#@#17#pipe.</ptxt>
<ptxt id="nev12030970n27">Detach the clam#@#@#24#ther.</ptxt>
<ptxt id="nev12030970n25">Make sure that #@#@#44#oses.</ptxt>
<ptxt id="nev12030970n23">Seal all connec#@#@#20#lugs.</ptxt>
</para>
</graphtext>
</grate>
</procstep>
<procstep id="KC01627433">
<title id="nev12030970n21">Removing the sc#@#@#25#erter</title>
<grate id="nev12030970n19">
<graphic id="KC02999015">
<href>0900c8af803f725#@#@#9#.jpeg</href>
</graphic>
<graphtext id="nev12030970n14">
<para id="nev12030970n12">
<ptxt id="nev12030970n10">Number of screw#@#@#18#cket <emph id="nev12030970n8">TX50</emph>.</ptxt>
<ptxt id="nev12030970n6">Open the hatch #@#@#85#ench.</ptxt>
</para>
</graphtext>
</grate>
</procstep>
<procstep id="KC01627434">
<title id="nev12030970n4">Connecting fixture</title>
<grate id="nev12030970n2">
<graphic id="KC02999016">
<href>0900c8af803f71a#@#@#9#.jpeg</href>
</graphic>
<graphtext id="nev12030971n247">
<para id="nev12030971n245">
<ptxt id="nev12030971n243">Fit universal tool <toolitem id="KC02999017"/> and transmissi#@#@#6#ture <toolitem id="KC02999018"/> on the mobile jack.</ptxt>
<ptxt id="nev12030971n235">Use 2 M10x35 sc#@#@#55#sion.</ptxt>
<ptxt id="nev12030971n233">At the same tim#@#@#111#tin. </ptxt>
<ptxt id="nev12030971n231">Position the mo#@#@#33#tact.</ptxt>
</para>
</graphtext>
</grate>
</procstep>
<procstep id="KC01627435">
<title id="nev12030971n229">Removing the en#@#@#39#rews </title>
<grate id="nev12030971n227">
<graphic id="KC02999019">
<href>0900c8af8012298#@#@#9#.jpeg</href>
</graphic>
<graphtext id="nev12030971n222">
<para id="nev12030971n220">
<ptxt id="nev12030971n218">Remove the scre#@#@#52# (5).</ptxt>
</para>
</graphtext>
</grate>
</procstep>
<procstep id="KC01627436">
<title id="nev12030971n216">Removing the en#@#@#8#nting</title>
<grate id="nev12030971n214">
<graphic id="KC02999020">
<href>0900c8af8012299#@#@#9#.jpeg</href>
</graphic>
<graphtext id="nev12030971n209">
<list1 enumtype="d" id="nev12030971n207" type="unordered">
<title id="nev12030971n205">Remove:</title>
<item id="nev12030971n203">
<ptxt id="nev12030971n201">the 3 nuts </ptxt>
</item>
<item id="nev12030971n199">
<ptxt id="nev12030971n197">the through screw </ptxt>
</item>
<item id="nev12030971n195">
<ptxt id="nev12030971n193">the engine mount.</ptxt>
</item>
</list1>
</graphtext>
</grate>
</procstep>
<procstep id="KC01627437">
<title id="nev12030971n191">Removing the sc#@#@#20#ssion</title>
<grate id="nev12030971n189">
<graphic id="KC02999021">
<href>0900c8af8012299#@#@#9#.jpeg</href>
</graphic>
<graphtext id="nev12030971n184">
<para id="nev12030971n182">
<ptxt id="nev12030971n180">Remove the 7 re#@#@#46#sion.</ptxt>
</para>
</graphtext>
</grate>
</procstep>
<procstep id="KC01627438">
<title id="nev12030971n178">Removing the tr#@#@#5#ssion</title>
<grate id="nev12030971n176">
<graphic id="KC02999022" width="column">
<href>0900c8af803f71a#@#@#9#.jpeg</href>
</graphic>
<graphtext id="nev12030971n171">
<para id="nev12030971n169">
<ptxt id="nev12030971n167">Carefully detac#@#@#30#gine.</ptxt>
<ptxt id="nev12030971n165">Lower the engin#@#@#6#htly.</ptxt>
</para>
<para id="nev12030971n163">
<ptxt id="nev12030971n161">Make sure that #@#@#166#rter.</ptxt>
<ptxt id="nev12030971n159">Turn the cranks#@#@#23#e it.</ptxt>
</para>
<caution id="nev12030971n157">
<ptxt id="nev12030971n155">Be careful not #@#@#54#nsor.</ptxt>
</caution>
</graphtext>
</grate>
</procstep>
</stepgrp>
</procedure>
<procedure id="KC01627439">
<stepgrp id="KC01627440">
<title id="nev12030971n153">Cleaning and ch#@#@#1#cking</title>
<procstep id="KC01627441">
<title id="nev12030971n151">Checking the tr#@#@#2#saxle</title>
<grate id="nev12030971n149">
<graphic id="KC02999023">
<href>0900c8af80121c3#@#@#9#.jpeg</href>
</graphic>
<graphtext id="nev12030971n144">
<para id="nev12030971n142">
<ptxt id="nev12030971n140">Inspect the tra#@#@#32#ions.</ptxt>
<ptxt id="nev12030971n138">Thoroughly clea#@#@#30#ons. </ptxt>
<ptxt id="nev12030971n136">Make sure that #@#@#55#lean.</ptxt>
</para>
<list1 enumtype="d" id="nev12030971n134" type="unordered">
<title id="nev12030971n132">When replacing #@#@#11#ssion</title>
<item id="nev12030971n130">
<ptxt id="nev12030971n128">Transfer the co#@#@#35#sion.</ptxt>
</item>
<item id="nev12030971n126">
<ptxt id="nev12030971n124">Fit the lock pl#@#@#48#sion.</ptxt>
</item>
</list1>
</graphtext>
</grate>
</procstep>
<procstep id="KC01627442">
<title id="nev12030971n122">Checking the ca#@#@#6#plate</title>
<grate id="nev12030971n120">
<graphic id="KC02999024">
<href>0900c8af80121d3#@#@#9#.jpeg</href>
</graphic>
<graphtext id="nev12030971n115">
<list1 enumtype="d" id="nev12030971n113" type="unordered">
<title id="nev12030971n111">Check:</title>
<item id="nev12030971n109">
<ptxt id="nev12030971n107">that the carrie#@#@#30#ked. </ptxt>
</item>
<item id="nev12030971n105">
<ptxt id="nev12030971n103">that the transm#@#@#35#lean </ptxt>
</item>
<item id="nev12030971n101">
<ptxt id="nev12030971n99">that the guide #@#@#26#place</ptxt>
</item>
<item id="nev12030971n97">
<ptxt id="nev12030971n95">that the bushin#@#@#62#cts. </ptxt>
</item>
</list1>
</graphtext>
</grate>
</procstep>
<procstep id="KC01627443">
<title id="nev12030971n93">Flushing the oi#@#@#3#ooler</title>
<grate id="nev12030971n91">
<graphic id="KC02999025">
<href>0900c8af8012298#@#@#9#.jpeg</href>
</graphic>
<graphtext id="nev12030971n86">
<para id="nev12030971n84">
<ptxt id="nev12030971n82">Position a cont#@#@#32#line.</ptxt>
<ptxt id="nev12030971n80">Connect an oil #@#@#45#line.</ptxt>
<ptxt id="nev12030971n78">Flush the oil c#@#@#16#luid.</ptxt>
</para>
</graphtext>
</grate>
</procstep>
<procstep id="KC01627444">
<title id="nev12030971n76">Checking that t#@#@#23#ition</title>
<grate id="nev12030971n74">
<graphic id="KC02999026" width="column">
<href>0900c8af8005dba#@#@#9#.jpeg</href>
</graphic>
<graphtext id="nev12030971n69">
<para id="nev12030971n67">
<ptxt id="nev12030971n65">Ensure that the#@#@#63#ible.</ptxt>
<ptxt id="nev12030971n63">Check with a ru#@#@#66#bout <emph etype="bold" id="nev12030971n61">14 mm</emph>.</ptxt>
</para>
<ptxt id="nev12030971n59">Apply a light c#@#@#118#over.</ptxt>
</graphtext>
</grate>
</procstep>
</stepgrp>
<stepgrp id="KC01627445">
<title id="nev12030971n57">Installation</title>
<procstep id="KC01627446">
<title id="nev12030971n55">Installing the #@#@#7#ssion</title>
<grate id="nev12030971n53">
<graphic id="KC02999027">
<href>0900c8af8012299#@#@#9#.jpeg</href>
</graphic>
<graphtext id="nev12030971n48">
<para id="nev12030971n46">
<ptxt id="nev12030971n44">Adjust for heig#@#@#61#re.  </ptxt>
<ptxt id="nev12030971n42">Align the trans#@#@#22#gine.</ptxt>
</para>
<caution id="nev12030971n40">
<ptxt id="nev12030971n38">Be careful not #@#@#54#nsor.</ptxt>
</caution>
<para id="nev12030971n36">
<ptxt id="nev12030971n34">Fit the 6 screw#@#@#61#ngly.</ptxt>
<ptxt id="nev12030971n32">Torque: <emph etype="bold" id="nev12030971n30">50 Nm</emph>.</ptxt>
</para>
<caution id="nev12030971n28">
<ptxt id="nev12030971n26">When tightening#@#@#173#ning.</ptxt>
</caution>
</graphtext>
</grate>
</procstep>
<procstep id="KC01627447">
<title id="nev12030971n24">Lifting engine #@#@#11#ssion</title>
<grate id="nev12030971n22">
<graphic id="KC02999028">
<href>0900c8af803f71a#@#@#9#.jpeg</href>
</graphic>
<graphtext id="nev12030971n17">
<list1 enumtype="d" id="nev12030971n15" type="unordered">
<item id="nev12030971n13">
<ptxt id="nev12030971n11">Raise the engin#@#@#15#ion. </ptxt>
</item>
<item id="nev12030971n9">
<ptxt id="nev12030971n7">Position and fa#@#@#50#ews).</ptxt>
</item>
<item id="nev12030971n5">
<ptxt id="nev12030971n3">Tighten the screws. </ptxt>
</item>
<item id="nev12030971n1">
<ptxt id="nev12030972n249">Torque: <emph id="nev12030972n247">50 Nm</emph>.</ptxt>
</item>
<item id="nev12030972n245">
<ptxt id="nev12030972n243">Remove the lift#@#@#22#race.</ptxt>
</item>
<item id="nev12030972n241">
<ptxt id="nev12030972n239">Remove the fixt#@#@#42#ion. </ptxt>
</item>
</list1>
</graphtext>
</grate>
</procstep>
<procstep id="KC01627448">
<title id="nev12030972n237">Installing the #@#@#22#ngine</title>
<grate id="nev12030972n235">
<graphic id="KC02999029">
<href>0900c8af8012298#@#@#9#.jpeg</href>
</graphic>
<graphtext id="nev12030972n230">
<list1 enumtype="d" id="nev12030972n228" type="unordered">
<title id="nev12030972n226">Install:</title>
<item id="nev12030972n224">
<ptxt id="nev12030972n222">other screws to#@#@#35# (2).</ptxt>
<ptxt id="nev12030972n220">Tighten to  <emph id="nev12030972n218">50 Nm</emph>
</ptxt>
</item>
<item id="nev12030972n216">
<ptxt id="nev12030972n214">other screws to#@#@#29#(3). </ptxt>
<ptxt id="nev12030972n212">Tighten to <emph id="nev12030972n210">50 Nm</emph>.</ptxt>
</item>
</list1>
</graphtext>
</grate>
</procstep>
<procstep id="KC01627449">
<title id="nev12030972n208">Fitting the tor#@#@#16#rews.</title>
<grate id="nev12030972n206">
<graphic id="KC02999030">
<href>0900c8af803f71b#@#@#9#.jpeg</href>
</graphic>
<graphtext id="nev12030972n201">
<caution id="nev12030972n199">
<ptxt id="nev12030972n197">Use new screws,#@#@#7#X50. </ptxt>
</caution>
<para id="nev12030972n195">
<ptxt id="nev12030972n193">Fit the torque #@#@#200#time.</ptxt>
<ptxt id="nev12030972n191">Fit all 6 screw#@#@#90#late.</ptxt>
<ptxt id="nev12030972n189">Then tighten to <emph etype="bold" id="nev12030972n187">35 Nm</emph>. Torx socket TX50.</ptxt>
</para>
<caution id="nev12030972n185">
<ptxt id="nev12030972n183">Remove the sock#@#@#47#lete.</ptxt>
</caution>
</graphtext>
</grate>
</procstep>
<procstep id="KC01627450">
<title id="nev12030972n181">Installing the #@#@#18#ckets</title>
<grate id="nev12030972n179">
<graphic id="KC02999031">
<href>0900c8af8012554#@#@#9#.jpeg</href>
</graphic>
<graphtext id="nev12030972n174">
<para id="nev12030972n172">
<ptxt id="nev12030972n170">Fit the front b#@#@#19#ase. </ptxt>
<ptxt id="nev12030972n168">Tighten to <emph id="nev12030972n166">60 Nm</emph>.</ptxt>
</para>
<para id="nev12030972n164">
<ptxt id="nev12030972n162">Fit the rear br#@#@#17#case.</ptxt>
<ptxt id="nev12030972n160">Tighten to <emph id="nev12030972n158">60 Nm</emph>.</ptxt>
</para>
</graphtext>
</grate>
</procstep>
<procstep id="KC01627451">
<title id="nev12030972n156">Installing left#@#@#14#hafts</title>
<grate id="nev12030972n154">
<graphic id="KC02999032" width="column">
<href>0900c8af803f71c#@#@#9#.jpeg</href>
</graphic>
<graphtext id="nev12030972n149">
<para id="nev12030972n147">
<ptxt id="nev12030972n145">Install the lef#@#@#20#See: <xref id="nev12030972n143">
<ref id="KC02999033"/>
</xref>.</ptxt>
</para>
<para id="nev12030972n138">
<ptxt id="nev12030972n136">Install the rig#@#@#21#See: <xref id="nev12030972n134">
<ref id="KC02999034"/>
</xref>.</ptxt>
</para>
</graphtext>
</grate>
</procstep>
<procstep id="KC01627452">
<title id="nev12030972n129">Installing the #@#@#9#ember</title>
<para id="nev12030972n127">
<ptxt id="nev12030972n125">Install the sup#@#@#12# see <xref id="nev12030972n123">
<ref id="KC02999035"/>
</xref>.</ptxt>
</para>
<para id="nev12030972n118">
<ptxt id="nev12030972n116">(For USA only) #@#@#27# see <xref id="nev12030972n114">
<ref id="KC02999036"/>
</xref>.</ptxt>
</para>
</procstep>
<procstep id="KC01627453">
<title id="nev12030972n109">Installing the #@#@#4#pipes</title>
<grate id="nev12030972n107">
<graphic id="KC02999037">
<href>0900c8af80123b7#@#@#9#.jpeg</href>
</graphic>
<graphtext id="nev12030972n102">
<para id="nev12030972n100">
<ptxt id="nev12030972n98">Fit the lower p#@#@#18#ring.</ptxt>
<ptxt id="nev12030972n96">Fit the upper p#@#@#56#ver. </ptxt>
<ptxt id="nev12030972n94">Fit the connect#@#@#60#ater.</ptxt>
<ptxt id="nev12030972n92">Assemble the cl#@#@#21#crew.</ptxt>
</para>
</graphtext>
</grate>
</procstep>
<procstep id="KC01627454">
<title id="nev12030972n90">Installation, cont.</title>
<grate id="nev12030972n88">
<graphic id="KC02999038">
<href>0900c8af8012299#@#@#9#.jpeg</href>
</graphic>
<graphtext id="nev12030972n83">
<para id="nev12030972n81">
<ptxt id="nev12030972n79">Tighten the bea#@#@#56#over.</ptxt>
</para>
<list1 enumtype="d" id="nev12030972n77" type="unordered">
<title id="nev12030972n75">Install:</title>
<item id="nev12030972n73">
<ptxt id="nev12030972n71">transmission co#@#@#3#ctors</ptxt>
</item>
<item id="nev12030972n69">
<ptxt id="nev12030972n67">ground cable to#@#@#12#ssion</ptxt>
</item>
<item id="nev12030972n65">
<ptxt id="nev12030972n63">the mounting of#@#@#6#iring</ptxt>
</item>
<item id="nev12030972n61">
<ptxt id="nev12030972n59">the engine spee#@#@#4#nsor.</ptxt>
</item>
</list1>
</graphtext>
</grate>
</procstep>
<procstep id="KC01627455">
<title id="nev12030972n57">Installing the #@#@#6#cable</title>
<para id="nev12030972n55">
<ptxt id="nev12030972n53">Install the shi#@#@#9# see <xref id="nev12030972n51">
<ref id="KC02999039"/>
</xref>.</ptxt>
</para>
</procstep>
<procstep id="nev12030978n146">
<title id="nev12030978n145">Adjusting the g#@#@#4#cable</title>
<para id="nev12030972n46">
<ptxt id="nev12030972n44">Adjust the shif#@#@#19#d in <xref id="nev12030972n42">
<ref id="KC02999040"/>
</xref>.</ptxt>
</para>
</procstep>
<procstep id="KC01627456">
<title id="nev12030972n37">Installing othe#@#@#7#nents</title>
<grate id="nev12030972n35">
<graphic id="KC02999041" width="column">
<href>0900c8af803f717#@#@#9#.jpeg</href>
</graphic>
<graphtext id="nev12030972n30">
<list1 enumtype="d" id="nev12030972n28" type="unordered">
<title id="nev12030972n26">Install:</title>
<item id="nev12030972n24">
<ptxt id="nev12030972n22">the battery shelf</ptxt>
</item>
<item id="nev12030972n20">
<ptxt id="nev12030972n18">the fresh air h#@#@#15#tions</ptxt>
</item>
<item id="nev12030972n16">
<ptxt id="nev12030972n14">the preheating hose</ptxt>
</item>
<item id="nev12030972n12">
<ptxt id="nev12030972n10">the air cleaner#@#@#12#embly</ptxt>
</item>
<item id="nev12030972n8">
<ptxt id="nev12030972n6">the engine cover</ptxt>
</item>
<item id="nev12030972n4">
<ptxt id="nev12030972n2">the battery.</ptxt>
<ptxt id="nev12030973n250">Note when insta#@#@#25# see <xref id="nev12030973n248">
<ref id="KC02999042"/>
</xref>. </ptxt>
</item>
</list1>
</graphtext>
</grate>
</procstep>
</stepgrp>
<stepgrp id="KC01627457">
<title id="nev12030973n243">Finishing</title>
<procstep id="KC01627458">
<title id="nev12030973n241">Checking the fl#@#@#24#ssion</title>
<grate id="nev12030973n239">
<graphic id="KC02999043" width="column">
<href>0900c8af80056c3#@#@#9#.jpeg</href>
</graphic>
<graphtext id="nev12030973n234">
<caution id="nev12030973n232">
<ptxt id="nev12030973n230">Only ATF fluid #@#@#47#ner).</ptxt>
</caution>
<note id="nev12030973n228">
<ptxt id="nev12030973n226">When the fluid #@#@#102#tick.</ptxt>
</note>
<ptxt id="nev12030973n224">Check the fluid#@#@#43#warm.</ptxt>
<note id="nev12030973n222">
<ptxt id="nev12030973n220">The check shoul#@#@#55#6°F).</ptxt>
</note>
<ptxt id="nev12030973n218">The gear select#@#@#45#ling.</ptxt>
<ptxt id="nev12030973n216">See <xref id="nev12030973n214">
<ref id="KC02999044"/>
</xref>.</ptxt>
</graphtext>
</grate>
</procstep>
<procstep id="KC01627459">
<title id="nev12030973n209">Checking the di#@#@#24#DTCs)</title>
<ptxt id="nev12030973n207">Check, remedy a#@#@#33#odes.</ptxt>
</procstep>
<procstep id="KC01627460">
<title id="nev12030973n205">Test driving</title>
<para id="nev12030973n203">
<ptxt id="nev12030973n201">Test drive the #@#@#42#in W.</ptxt>
</para>
</procstep>
<procstep id="KC01627461">
<title id="nev12030973n199">Checking the oi#@#@#2#level</title>
<ptxt id="nev12030973n197">See <xref id="nev12030973n195">
<ref id="KC02999045"/>
</xref>.</ptxt>
</procstep>
</stepgrp>
</procedure>
</servinfosub>