<?xml version="1.0" encoding="UTF-8"?><servinfosub IE-ID="en-US0900c8af8067da07" docno="VCC-075549" id="KC02130035" xml:lang="en-US">
<title>Member/stay bet#@#@#82#owers</title>
<procedure>
<procstep>
<title/>
<ptxt>There is only o#@#@#52#part.</ptxt>
<ptxt/>
<ptxt>This design fit#@#@#40#ers.
</ptxt>
</procstep>
<procstep id="KC02130036">
<title>Modification fo#@#@#33# 1994</title>
<grate>
<graphic id="KC08509385" width="column">
<href>0900c8af8012c8c#@#@#10#.jpeg</href>
</graphic>
<graphtext>
<ptxt>Cut out new mem#@#@#24#tion.</ptxt>
<ptxt/>
<ptxt>Saw about 12 mm#@#@#35#side.</ptxt>
<ptxt/>
<note>
<ptxt>Make radius abo#@#@#3#5 mm.</ptxt>
</note>
<ptxt/>
<ptxt>Knock front edg#@#@#60#ower.</ptxt>
</graphtext>
</grate>
</procstep>
<procstep id="KC02130037">
<title>Install:</title>
<grate>
<graphic id="KC08509386" width="column">
<href>0900c8af8012c8c#@#@#9#.jpeg</href>
</graphic>
<graphtext>
<ptxt>Line up member #@#@#65#mber.</ptxt>
<ptxt/>
<ptxt>Drill a hole fr#@#@#52#wer.
</ptxt>
<ptxt/>
<ptxt>Bolt member to #@#@#1#ower.</ptxt>
</graphtext>
</grate>
</procstep>
</procedure>
</servinfosub>