<?xml version="1.0" encoding="UTF-8"?><servinfosub IE-ID="en-US0900c8af84959a07" docno="VCC-395327" id="nev14612403n1" xml:lang="en-US">
<title>
<phrase category="" id="nev14612403n2" phrase-urn="urn:x-nevis:phrase:0800c8af8271f48d">Fault-tracing i#@#@#5#ation</phrase>
</title>
<diagnostic type="test">
<testgrp IE-ID="en-US0900c8af84959a07_nev14612403n3" id="nev14612403n3" j2008use="1" paperuse="1" resumable="1" screenuse="1" testgrp-id="node1" x="160" y="80">
<title>
<phrase category="" id="nev14612403n4" phrase-urn="urn:x-nevis:phrase:0800c8af8271f48e">Information</phrase>
</title>
<node>
<test1>
<test2>
<ptxt>
<phrase category="" id="nev14612403n5" phrase-urn="urn:x-nevis:phrase:0800c8af8271f48f">No fault-tracin#@#@#355#ased.</phrase>
</ptxt>
<ptxt>
<phrase category="" id="nev14612403n6" phrase-urn="urn:x-nevis:phrase:0800c8af8271f490">First read off #@#@#265#tion.</phrase>
</ptxt>
</test2>
</test1>
<question>
Select "Contin#@#@#8#xit.
</question>
<resact-grp>
<result button="cont" comp="button" highlight="0"/>
<action j2008use="1" paperuse="1" screenuse="1">
<return value="DONE"/>
</action>
</resact-grp>
</node>
</testgrp>
</diagnostic>
</servinfosub>