<?xml version="1.0" encoding="UTF-8"?><servinfosub IE-ID="en-US0900c8af838fce0c" docno="VCC-133491" id="KC01687922" xml:lang="en-US">
<title id="nev12283768n250">Decals for safe#@#@#7#pment</title>
<procedure id="nev12283768n248">
<procstep id="nev12283768n246">
<title id="nev12283768n244">Decals for safe#@#@#7#pment</title>
<para id="nev12283768n242">
<ptxt id="nev12283768n240">Decals for the #@#@#54#ions:</ptxt>
</para>
<note id="nev12283768n238">
<ptxt id="nev12283768n236">The appearance #@#@#44#ear. </ptxt>
</note>
</procstep>
<procstep id="nev12283768n234">
<title id="nev12283768n232">Windshield</title>
<grate id="nev12283768n230">
<graphic id="KC07542124">
<href>0900c8af8005a47#@#@#9#.jpeg</href>
</graphic>
<graphtext id="nev12283768n225">
<para id="nev12283768n223">
<ptxt id="nev12283768n221">Shows the car i#@#@#15# SRS.</ptxt>
<ptxt id="nev12283768n219">The SRS decal i#@#@#30#ecal.</ptxt>
</para>
</graphtext>
</grate>
</procstep>
<procstep id="nev12283768n217">
<title id="nev12283768n215">Left-hand side #@#@#8#panel</title>
<grate id="nev12283768n213">
<graphic id="KC07542125">
<href>0900c8af8012302#@#@#9#.jpeg</href>
</graphic>
<graphtext id="nev12283768n208">
<para id="nev12283768n206">
<ptxt id="nev12283768n204">Never remove th#@#@#101#heel.</ptxt>
</para>
</graphtext>
</grate>
</procstep>
<procstep id="nev12283768n181">
<title id="nev12283768n179">Front side door#@#@#11#side)</title>
<grate id="nev12283768n177">
<graphic id="KC07542127">
<href>0900c8af801268e#@#@#9#.jpeg</href>
</graphic>
<graphtext id="nev12283768n172">
<para id="nev12283768n170">
<ptxt id="nev12283768n168">The decal warns#@#@#117#ats. </ptxt>
</para>
</graphtext>
</grate>
</procstep>
<procstep id="nev12283768n166">
<title id="nev12283768n164">Warning decal c#@#@#21#side)</title>
<grate id="nev12283768n162">
<title id="nev12283768n160">End of the dash#@#@#17#side)</title>
<graphic id="KC07542128">
<href>0900c8af8005a47#@#@#9#.jpeg</href>
</graphic>
<graphtext id="nev12283768n155">
<para id="nev12283768n153">
<ptxt id="nev12283768n151">The decal warns#@#@#54#seat.</ptxt>
</para>
<warning id="nev12283768n149">
<ptxt id="nev12283768n147">Never fit child#@#@#92#side.</ptxt>
</warning>
</graphtext>
</grate>
<grate id="nev12283768n145">
<title id="nev12283768n143">On the dashboar#@#@#27#odule</title>
<graphic id="KC07542129">
<href>0900c8af801294e#@#@#9#.jpeg</href>
</graphic>
</grate>
</procstep>
<procstep id="nev12283768n138">
<title id="nev12283768n136">Sun visor</title>
<grate id="nev12283768n134">
<title id="nev12283768n132">Closed sun visor</title>
<graphic id="KC07542130">
<href>0900c8af8005a47#@#@#9#.jpeg</href>
</graphic>
<graphtext id="nev12283768n127">
<para id="nev12283768n125">
<ptxt id="nev12283768n123">The decal warns#@#@#54#seat.</ptxt>
</para>
<warning id="nev12283768n121">
<ptxt id="nev12283768n119">Never fit child#@#@#92#side.</ptxt>
</warning>
</graphtext>
</grate>
<grate id="nev12283768n117">
<title id="nev12283768n115">Opened sun visor</title>
<graphic id="nev12283768n110">
<href>0900c8af8005a7f#@#@#9#.jpeg</href>
</graphic>
</grate>
</procstep>
</procedure>
</servinfosub>