<?xml version="1.0" encoding="UTF-8"?><script xmlns:nevis="http://www.volvocars.com/namespaces/processing" xmlns:xlink="http://www.w3.org/1999/xlink" IE-ID="en-US0900c8af838fb100" docno="VCC-268820" id="nev11064083n1" nevis:expl-profile="mdl124yr2007eng186, mdl124yr2007eng185, mdl124yr2008eng185, mdl124yr2008eng186, mdl136yr2008eng185, mdl135yr2008eng185, mdl135yr2008eng186, mdl124yr2009eng185, mdl124yr2009eng186, mdl135yr2009eng185, mdl135yr2009eng186, mdl136yr2009eng185, mdl156yr2009eng186, mdl156yr2009eng185, mdl136yr2008eng186, mdl136yr2009eng186, mdl275yr2013eng228, mdl275yr2013eng186, mdl275yr2014eng186, mdl275yr2014eng228" nevis:profile="urn:x-nevis:profile:0b00c8af82949434 urn:x-nevis:profile:0b00c8af82949435 urn:x-nevis:profile:0b00c8af838b9dcc urn:x-nevis:profile:0b00c8af838b9dcd urn:x-nevis:profile:0b00c8af839e8e10 urn:x-nevis:profile:0b00c8af839e8ec4 urn:x-nevis:profile:0b00c8af839e8ec5 urn:x-nevis:profile:0b00c8af83f1dd00 urn:x-nevis:profile:0b00c8af83f1dd14 urn:x-nevis:profile:0b00c8af83f2380a urn:x-nevis:profile:0b00c8af83f2380b urn:x-nevis:profile:0b00c8af83f2402c urn:x-nevis:profile:0b00c8af83f34b60 urn:x-nevis:profile:0b00c8af83f34f61 urn:x-nevis:profile:0b00c8af840d7071 urn:x-nevis:profile:0b00c8af842d4fa9 urn:x-nevis:profile:0b00c8af851e89e8 urn:x-nevis:profile:0b00c8af851e89e9 urn:x-nevis:profile:0b00c8af85630412 urn:x-nevis:profile:0b00c8af85630413" nevis:projectdocument="urn:x-nevis:projectdocument:0800c8af82cf6f8b" nevis:resource="0900c8af8392c9dc" nevis:resource2="urn:x-nevis:fragment:0900c8af838fb100:0900c8af8392c9dc#nev11064083n1" nevis:session-id="" qualifierinfotype="14:00" type="" xml:lang="en-US"><title>Bränsletryckreg#@#@#13#ption</title><content gui="1" height="140" id="nev11064083n2-nev11064075n1" nevis:expl-profile="mdl124yr2007eng186, mdl124yr2007eng185, mdl124yr2008eng185, mdl124yr2008eng186, mdl136yr2008eng185, mdl135yr2008eng185, mdl135yr2008eng186, mdl124yr2009eng185, mdl124yr2009eng186, mdl135yr2009eng185, mdl135yr2009eng186, mdl136yr2009eng185, mdl156yr2009eng186, mdl156yr2009eng185, mdl136yr2008eng186, mdl136yr2009eng186, mdl275yr2013eng228, mdl275yr2013eng186, mdl275yr2014eng186, mdl275yr2014eng228" nevis:idfrom="nev11064083n2" nevis:prefix="nev11064083n2" nevis:profile="urn:x-nevis:profile:0b00c8af82949434 urn:x-nevis:profile:0b00c8af82949435 urn:x-nevis:profile:0b00c8af838b9dcc urn:x-nevis:profile:0b00c8af838b9dcd urn:x-nevis:profile:0b00c8af839e8e10 urn:x-nevis:profile:0b00c8af839e8ec4 urn:x-nevis:profile:0b00c8af839e8ec5 urn:x-nevis:profile:0b00c8af83f1dd00 urn:x-nevis:profile:0b00c8af83f1dd14 urn:x-nevis:profile:0b00c8af83f2380a urn:x-nevis:profile:0b00c8af83f2380b urn:x-nevis:profile:0b00c8af83f2402c urn:x-nevis:profile:0b00c8af83f34b60 urn:x-nevis:profile:0b00c8af83f34f61 urn:x-nevis:profile:0b00c8af840d7071 urn:x-nevis:profile:0b00c8af842d4fa9 urn:x-nevis:profile:0b00c8af851e89e8 urn:x-nevis:profile:0b00c8af851e89e9 urn:x-nevis:profile:0b00c8af85630412 urn:x-nevis:profile:0b00c8af85630413" nevis:resource="0900c8af8392c9de" nevis:resource2="urn:x-nevis:fragment:0900c8af838fb100:0900c8af8392c9de#nev11064075n1" width="390" xml:lang="en-US"><nodes id="nev11064083n2-nev12289067n1"><node class="Components.StartNode" id="nev11064083n2-nev12289068n1" nodeid="Start" x="38" y="213"/><node class="Components.ScriptButton" id="nev11064083n2-nev12289069n1" nodeid="Activate" x="20" y="355"><gui height="30" id="nev11064083n2-nev12289070n1" width="110" x="10" y="100"/><property class="String" id="nev11064083n2-nev12289071n1" name="Text" type="In" value="" visible="0"/><property class="String" id="nev11064083n2-nev12289072n1" name="StartDisabled" type="Internal" value="false" visible="1"/><property class="String" id="nev11064083n2-nev12289073n1" name="StartVisible" type="Internal" value="true" visible="1"/><extension id="nev11064083n2-nev12289074n1"><phrase category="Faulttracing" id="nev11064083n2-nev12278592n1" phrase-urn="urn:x-nevis:phrase:0800c8af8178a380">Start</phrase></extension></node><node class="Components.ScriptButton" id="nev11064083n2-nev12289075n1" nodeid="Hide" x="41" y="662"><gui height="30" id="nev11064083n2-nev12289076n1" width="110" x="270" y="100"/><property class="String" id="nev11064083n2-nev12289077n1" name="Text" type="In" value="" visible="0"/><property class="String" id="nev11064083n2-nev12289078n1" name="StartDisabled" type="Internal" value="false" visible="1"/><property class="String" id="nev11064083n2-nev12289079n1" name="StartVisible" type="Internal" value="true" visible="1"/><extension id="nev11064083n2-nev12289080n1"><phrase category="Faulttracing" id="nev11064083n2-nev12278595n1" phrase-urn="urn:x-nevis:phrase:0800c8af8178a389">Exit</phrase></extension></node><node class="Components.ScriptComponent" id="nev11064083n2-nev12289081n1" nodeid="CloseScript" x="194" y="723"/><node class="Components.Gui.ParameterLabel" id="nev11064083n2-nev12289082n1" nodeid="Label" x="909" y="416"><gui height="70" id="nev11064083n2-nev12289083n1" width="370" x="10" y="15"/><property class="Parameter" id="nev11064083n2-nev12289084n1" name="Parameter" type="In" value="" visible="1"/><property class="String" id="nev11064083n2-nev12289085n1" name="Title" type="In" value="" visible="1"/><property class="String" id="nev11064083n2-nev12289086n1" name="Value" type="In" value="" visible="1"/><property class="String" id="nev11064083n2-nev12289087n1" name="Unit" type="In" value="" visible="1"/><property class="String" id="nev11064083n2-nev12289088n1" name="StartVisible" type="Internal" value="true" visible="0"/></node><node class="Components.Gui.Signal" id="nev11064083n2-nev12289089n1" nodeid="Flag1" x="876" y="633"><gui height="15" id="nev11064083n2-nev12289090n1" width="15" x="190" y="95"/></node><node class="Components.Constant" id="nev11064083n2-nev12289091n1" nodeid="Wait" x="736" y="502"><property class="String" id="nev11064083n2-nev12289092n1" name="Text" type="Out" value="Vänta tills eftergången är avslutad." visible="1"/><extension id="nev11064083n2-nev12289093n1"><text id="nev11064083n2-nev12289094n1" type="nevis"><phrase category="Faulttracing" id="nev11064083n2-nev12278783n1" phrase-urn="urn:x-nevis:phrase:0800c8af8369726a">Wait until run-#@#@#11#shed.</phrase></text></extension></node><node class="Components.Constant" id="nev11064083n2-nev12289095n1" nodeid="IgnitionOff" x="500" y="199"><property class="String" id="nev11064083n2-nev12289096n1" name="Text" type="Out" value="Vrid av tändningen.    " visible="1"/><extension id="nev11064083n2-nev12289097n1"><text id="nev11064083n2-nev12289098n1" type="nevis"><phrase category="Faulttracing" id="nev11064083n2-nev12278785n1" phrase-urn="urn:x-nevis:phrase:0800c8af82264e16">Switch off the #@#@#4#tion.</phrase></text></extension></node><node class="Components.Repeater" id="nev11064083n2-nev12289099n1" nodeid="Repeater2" x="620" y="186"><property class="Int" id="nev11064083n2-nev12289100n1" name="Wait" type="Internal" value="500" visible="1"/><property class="Int" id="nev11064083n2-nev12289101n1" name="NoOfRepeats" type="Internal" value="0" visible="1"/></node><node class="Components.IdentifierComponent" id="nev11064083n2-nev12289102n1" nodeid="PowerMode" x="737" y="144"><property class="Parameter" id="nev11064083n2-nev12289103n1" name="Engine running status ECM" type="Out" value="" visible="1"/><extension id="nev11064083n2-nev12289104n1"><identifier ecu="284101" ecuMode="EcuType" id="nev11064083n2-nev12289105n1" read="100" type="REID" value="D94D"><parameter id="nev11064083n2-nev12289106n1" name="Engine running status ECM" textid="15228"/></identifier></extension></node><node class="Components.Constant" id="nev11064083n2-nev12289107n1" nodeid="Completed" x="738" y="585"><property class="String" id="nev11064083n2-nev12289108n1" name="Text" type="Out" value="Funktionen genomförd." visible="1"/><extension id="nev11064083n2-nev12289109n1"><text id="nev11064083n2-nev12289110n1" type="nevis"><phrase category="Faulttracing" id="nev11064083n2-nev12278782n1" phrase-urn="urn:x-nevis:phrase:0800c8af82a68c0f">The function is#@#@#8#nted.</phrase></text></extension></node><node class="Components.Constant" id="nev11064083n2-nev12289111n1" nodeid="NoContact" x="500" y="290"><property class="String" id="nev11064083n2-nev12289112n1" name="Text" type="Out" value="Ingen kontakt med styrenheten." visible="1"/><extension id="nev11064083n2-nev12289113n1"><text id="nev11064083n2-nev12289114n1" type="nevis"><phrase category="Faulttracing" id="nev11064083n2-nev12278603n1" phrase-urn="urn:x-nevis:phrase:0800c8af8340f8e1">No contact with#@#@#11#dule.</phrase></text></extension></node><node class="Components.Constant" id="nev11064083n2-nev12289115n1" nodeid="NotCompleted" x="500" y="374"><property class="String" id="nev11064083n2-nev12289116n1" name="Text" type="Out" value="Funktionen misslyckades" visible="1"/><extension id="nev11064083n2-nev12289117n1"><text id="nev11064083n2-nev12289118n1" type="nevis"><phrase category="Faulttracing" id="nev11064083n2-nev12278784n1" phrase-urn="urn:x-nevis:phrase:0800c8af81a0c38d">Operation failed</phrase></text></extension></node><node class="Components.Delay" id="nev11064083n2-nev12289119n1" nodeid="Delay1" x="380" y="256"><property class="Int" id="nev11064083n2-nev12289120n1" name="Value" type="In" value="3000" visible="0"/></node><node class="Components.Switch" id="nev11064083n2-nev12289121n1" nodeid="Switch1" x="738" y="672"/><node class="Components.Constant" id="nev11064083n2-nev12289122n1" nodeid="Wait1" x="382" y="98"><property class="String" id="nev11064083n2-nev12289123n1" name="Text" type="Out" value="Var god vänta!" visible="1"/><extension id="nev11064083n2-nev12289124n1"><text id="nev11064083n2-nev12289125n1" type="nevis"><phrase category="Faulttracing" id="nev11064083n2-nev12278786n1" phrase-urn="urn:x-nevis:phrase:0800c8af8031a76b">Please wait!</phrase></text></extension></node><node class="Components.VehComm" id="nev11064083n2-nev12289126n1" nodeid="1003" x="139" y="361"><property class="String" id="nev11064083n2-nev12289127n1" name="Mode" type="Internal" value="EcuType" visible="1"/><property class="Int" id="nev11064083n2-nev12289128n1" name="EcuType" type="In" value="284101" visible="0"/><property class="Int" id="nev11064083n2-nev12289129n1" name="ServiceId" type="In" value="106" visible="0"/><property class="String" id="nev11064083n2-nev12289130n1" name="EcuName" type="Out" value="" visible="1"/><property class="Response" id="nev11064083n2-nev12289131n1" name="Result" type="Out" value="" visible="1"/><extension id="nev11064083n2-nev12289132n1"/></node><node class="Components.VehComm" id="nev11064083n2-nev12289133n1" nodeid="1001" x="193" y="580"><property class="String" id="nev11064083n2-nev12289134n1" name="Mode" type="Internal" value="EcuType" visible="1"/><property class="Int" id="nev11064083n2-nev12289135n1" name="EcuType" type="In" value="284101" visible="0"/><property class="Int" id="nev11064083n2-nev12289136n1" name="ServiceId" type="In" value="112" visible="0"/><property class="String" id="nev11064083n2-nev12289137n1" name="EcuName" type="Out" value="" visible="1"/><property class="Response" id="nev11064083n2-nev12289138n1" name="Result" type="Out" value="" visible="1"/><extension id="nev11064083n2-nev12289139n1"/></node><node class="Components.Repeater" id="nev11064083n2-nev12289140n1" nodeid="Repeater1" x="477" y="538"><property class="Int" id="nev11064083n2-nev12289141n1" name="Wait" type="Internal" value="500" visible="1"/><property class="Int" id="nev11064083n2-nev12289142n1" name="NoOfRepeats" type="Internal" value="0" visible="1"/></node><node class="Components.Comparer" id="nev11064083n2-nev12289143n1" nodeid="01?" x="979" y="170"><property class="String" id="nev11064083n2-nev12289144n1" name="Mode" type="Internal" value="String" visible="1"/><property class="String" id="nev11064083n2-nev12289145n1" name="Value1" type="In" value="01" visible="0"/><property class="String" id="nev11064083n2-nev12289146n1" name="Value2" type="In" value="" visible="1"/></node><node class="Components.IdentifierComponent" id="nev11064083n2-nev12289147n1" nodeid="PowerMode2" x="600" y="531"><property class="Parameter" id="nev11064083n2-nev12289148n1" name="Engine running status ECM" type="Out" value="" visible="1"/><extension id="nev11064083n2-nev12289149n1"><identifier ecu="284101" ecuMode="EcuType" id="nev11064083n2-nev12289150n1" read="100" type="REID" value="D94D"><parameter id="nev11064083n2-nev12289151n1" name="Engine running status ECM" textid="15228"/></identifier></extension></node><node class="Components.IdentifierComponent" id="nev11064083n2-nev12289152n1" nodeid="3101DC19" x="256" y="364"><property class="Parameter" id="nev11064083n2-nev12289153n1" name="Rail pressure control valve, adaption" type="Out" value="" visible="1"/><extension id="nev11064083n2-nev12289154n1"><identifier ecu="284101" ecuMode="EcuType" id="nev11064083n2-nev12289155n1" read="109" type="RTOFF" value="DC19"><parameter id="nev11064083n2-nev12289156n1" name="Rail pressure control valve, adaption" textid="89656"/><rawparameter id="nev11064083n2-nev12289157n1" name="ControlMode" value="01"/></identifier></extension></node><node class="Components.Comparer" id="nev11064083n2-nev12289158n1" nodeid="48?" x="860" y="170"><property class="String" id="nev11064083n2-nev12289159n1" name="Mode" type="Internal" value="String" visible="1"/><property class="String" id="nev11064083n2-nev12289160n1" name="Value1" type="In" value="48" visible="0"/><property class="String" id="nev11064083n2-nev12289161n1" name="Value2" type="In" value="" visible="1"/></node></nodes><handlers id="nev11064083n2-nev12289162n1"><eventhandler id="nev11064083n2-nev12289163n1" name="OnStart" node="Start"><call id="nev11064083n2-nev12289164n1" method="UpdateTitles" node="PowerMode"/><call id="nev11064083n2-nev12289165n1" method="UpdateTitles" node="3101DC19"/><call id="nev11064083n2-nev12289166n1" method="UpdateTitles" node="PowerMode2"/></eventhandler><eventhandler id="nev11064083n2-nev12289167n1" name="Click" node="Hide"><call id="nev11064083n2-nev12289168n1" method="Execute" node="1001"/><call id="nev11064083n2-nev12289169n1" method="CloseDialog" node="CloseScript"/></eventhandler><eventhandler id="nev11064083n2-nev12289170n1" name="OnTrigger" node="IgnitionOff"><call id="nev11064083n2-nev12289171n1" method="Start" node="Repeater2"/></eventhandler><eventhandler id="nev11064083n2-nev12289172n1" name="OnRepeat" node="Repeater2"><call id="nev11064083n2-nev12289173n1" method="Read" node="PowerMode"/></eventhandler><eventhandler id="nev11064083n2-nev12289174n1" name="OnPositiveResponse" node="PowerMode"><call id="nev11064083n2-nev12289175n1" method="Compare" node="48?"/></eventhandler><eventhandler id="nev11064083n2-nev12289176n1" name="OnContinue" node="Delay1"><call id="nev11064083n2-nev12289177n1" method="Trigger" node="IgnitionOff"/></eventhandler><eventhandler id="nev11064083n2-nev12289178n1" name="OnOdd" node="Switch1"><call id="nev11064083n2-nev12289179n1" method="Red" node="Flag1"/></eventhandler><eventhandler id="nev11064083n2-nev12289180n1" name="OnEven" node="Switch1"><call id="nev11064083n2-nev12289181n1" method="Yellow" node="Flag1"/></eventhandler><eventhandler id="nev11064083n2-nev12289182n1" name="OnTrigger" node="Completed"><call id="nev11064083n2-nev12289183n1" method="Green" node="Flag1"/></eventhandler><eventhandler id="nev11064083n2-nev12289184n1" name="Click" node="Activate"><call id="nev11064083n2-nev12289185n1" method="Execute" node="1003"/></eventhandler><eventhandler id="nev11064083n2-nev12289186n1" name="OnPositiveResponse" node="1003"><call id="nev11064083n2-nev12289187n1" method="Read" node="3101DC19"/></eventhandler><eventhandler id="nev11064083n2-nev12289188n1" name="OnRepeat" node="Repeater1"><call id="nev11064083n2-nev12289189n1" method="Read" node="PowerMode2"/></eventhandler><eventhandler id="nev11064083n2-nev12289190n1" name="OnTrue" node="01?"><call id="nev11064083n2-nev12289191n1" method="Stop" node="Repeater2"/><call id="nev11064083n2-nev12289192n1" method="Start" node="Repeater1"/></eventhandler><eventhandler id="nev11064083n2-nev12289193n1" name="OnNegativeResponse" node="PowerMode"><call id="nev11064083n2-nev12289194n1" method="Trigger" node="NotCompleted"/></eventhandler><eventhandler id="nev11064083n2-nev12289195n1" name="OnNoResponse" node="PowerMode2"><call id="nev11064083n2-nev12289196n1" method="Trigger" node="Completed"/></eventhandler><eventhandler id="nev11064083n2-nev12289197n1" name="OnNegativeResponse" node="PowerMode2"><call id="nev11064083n2-nev12289198n1" method="Trigger" node="NotCompleted"/></eventhandler><eventhandler id="nev11064083n2-nev12289199n1" name="OnNoContact" node="PowerMode2"><call id="nev11064083n2-nev12289200n1" method="Trigger" node="Completed"/></eventhandler><eventhandler id="nev11064083n2-nev12289201n1" name="OnPositiveResponse" node="PowerMode2"><call id="nev11064083n2-nev12289202n1" method="Trigger" node="Wait"/><call id="nev11064083n2-nev12289203n1" method="Execute" node="Switch1"/></eventhandler><eventhandler id="nev11064083n2-nev12289204n1" name="OnNoResponse" node="PowerMode"><call id="nev11064083n2-nev12289205n1" method="Trigger" node="NoContact"/></eventhandler><eventhandler id="nev11064083n2-nev12289206n1" name="OnNoContact" node="PowerMode"><call id="nev11064083n2-nev12289207n1" method="Trigger" node="NoContact"/></eventhandler><eventhandler id="nev11064083n2-nev12289208n1" name="OnPositiveResponse" node="3101DC19"><call id="nev11064083n2-nev12289209n1" method="Trigger" node="Wait1"/><call id="nev11064083n2-nev12289210n1" method="Execute" node="Delay1"/></eventhandler><eventhandler id="nev11064083n2-nev12289211n1" name="OnNegativeResponse" node="3101DC19"><call id="nev11064083n2-nev12289212n1" method="Trigger" node="NotCompleted"/></eventhandler><eventhandler id="nev11064083n2-nev12289213n1" name="OnNoResponse" node="3101DC19"><call id="nev11064083n2-nev12289214n1" method="Trigger" node="NoContact"/></eventhandler><eventhandler id="nev11064083n2-nev12289215n1" name="OnNoContact" node="3101DC19"><call id="nev11064083n2-nev12289216n1" method="Trigger" node="NoContact"/></eventhandler><eventhandler id="nev11064083n2-nev12289217n1" name="OnTrue" node="48?"><call id="nev11064083n2-nev12289218n1" method="Stop" node="Repeater2"/><call id="nev11064083n2-nev12289219n1" method="Start" node="Repeater1"/></eventhandler><eventhandler id="nev11064083n2-nev12289220n1" name="OnFalse" node="48?"><call id="nev11064083n2-nev12289221n1" method="Compare" node="01?"/></eventhandler><propertyhandler id="nev11064083n2-nev12289222n1" name="Text" node="Wait"><set id="nev11064083n2-nev12289223n1" node="Label" property="Value"/></propertyhandler><propertyhandler id="nev11064083n2-nev12289224n1" name="Text" node="Completed"><set id="nev11064083n2-nev12289225n1" node="Label" property="Value"/></propertyhandler><propertyhandler id="nev11064083n2-nev12289226n1" name="Text" node="NoContact"><set id="nev11064083n2-nev12289227n1" node="Label" property="Value"/></propertyhandler><propertyhandler id="nev11064083n2-nev12289228n1" name="Text" node="NotCompleted"><set id="nev11064083n2-nev12289229n1" node="Label" property="Value"/></propertyhandler><propertyhandler id="nev11064083n2-nev12289230n1" name="Text" node="IgnitionOff"><set id="nev11064083n2-nev12289231n1" node="Label" property="Value"/></propertyhandler><propertyhandler id="nev11064083n2-nev12289232n1" name="Text" node="Wait1"><set id="nev11064083n2-nev12289233n1" node="Label" property="Value"/></propertyhandler><propertyhandler id="nev11064083n2-nev12289234n1" name="Engine running status ECM" node="PowerMode"><set id="nev11064083n2-nev12289235n1" node="48?" property="Value2"/><set id="nev11064083n2-nev12289236n1" node="01?" property="Value2"/></propertyhandler><propertyhandler id="nev11064083n2-nev12289237n1" name="Rail pressure control valve, adaption" node="3101DC19"><set id="nev11064083n2-nev12289238n1" node="Label" property="Parameter"/></propertyhandler></handlers></content></script>