<?xml version="1.0" encoding="UTF-8"?><servinfosub IE-ID="en-US0900c8af882fcc08" docno="VCC-459513" id="nev18663642n1" servinfosubId="nev20684783n1-nev20684783n2" servinfosubRes="0900c8af8838d500" servinfosubRes2="urn:x-nevis:fragment:0900c8af882fcc08:0900c8af8838d500#nev20684783n2" xml:lang="en-US">
<title id="nev18663642n2">Component speci#@#@#36#(CEM)</title>
<para id="nev20684783n1-nev18663642n3">
<ptxt id="nev20684783n1-nev18663642n4">The resistance #@#@#57#ated.</ptxt>
</para>
<note id="nev20684783n1-nev20917580n250">
<ptxt id="nev20684783n1-nev20917580n249"> All measuremen#@#@#58#ank. </ptxt>
<ptxt id="nev20684783n1-nev20917580n247">The movement of#@#@#330#able.</ptxt>
</note>
<table frame="all" id="nev20684783n1-nev18663642n5" pgwide="1">
<tgroup cols="4" colsep="1" id="nev20684783n1-nev18663642n6" rowsep="1">
<colspec colname="colspec0" colwidth="242.67*" id="nev20684783n1-nev18663642n7"/>
<colspec colname="colspec2" colwidth="189.60*" id="nev20684783n1-nev18663642n8"/>
<colspec colname="colspec4" colwidth="250.73*" id="nev20684783n1-nev18663642n9"/>
<colspec colname="colspec1" colwidth="104.70*" id="nev20684783n1-nev18663642n10"/>
<thead id="nev20684783n1-nev18663643n1">
<row id="nev20684783n1-nev18663643n2">
<entry align="left" id="nev20684783n1-nev18663643n3" morerows="0" rotate="0" valign="bottom">
<ptxt id="nev20684783n1-nev18663643n4">
<emph etype="bold" id="nev20684783n1-nev18663643n5">Designation</emph>
</ptxt>
</entry>
<entry colname="colspec2" id="nev20684783n1-nev18663643n6" morerows="0" rotate="0">
<ptxt id="nev20684783n1-nev18663643n7">
<emph etype="bold" id="nev20684783n1-nev18663643n8">Type</emph>
</ptxt>
</entry>
<entry colname="colspec4" id="nev20684783n1-nev18663643n9" morerows="0" rotate="0">
<ptxt id="nev20684783n1-nev18663643n10">
<emph etype="bold" id="nev20684783n1-nev18663644n1">Value</emph>
</ptxt>
</entry>
<entry align="left" id="nev20684783n1-nev18663644n2" morerows="0" rotate="0" valign="bottom">
<ptxt id="nev20684783n1-nev18663644n3">
<emph etype="bold" id="nev20684783n1-nev18663644n4">Miscellaneous</emph>
</ptxt>
</entry>
</row>
</thead>
<tbody id="nev20684783n1-nev18663644n5">
<row id="nev20684783n1-nev18663644n6">
<entry align="left" id="nev20684783n1-nev18663644n7" morerows="0" rotate="0">
<ptxt id="nev20684783n1-nev18664631n244">Fuel level sens#@#@#13# tank</ptxt>
<ptxt id="nev20684783n1-nev18664631n243">6-cyl gasoline </ptxt>
<ptxt id="nev20684783n1-nev18664631n242">5-cyl gasoline</ptxt>
<ptxt id="nev20684783n1-nev18664631n241">4-cyl gasoline</ptxt>
<ptxt id="nev20684783n1-nev24496354n249">4-cyl petrol hybrid</ptxt>
</entry>
<entry colname="colspec2" id="nev20684783n1-nev18663645n2" morerows="0" rotate="0">
<ptxt id="nev20684783n1-nev18663645n3">Saddle tank</ptxt>
</entry>
<entry colname="colspec4" id="nev20684783n1-nev18663645n4" morerows="0" rotate="0">
<ptxt id="nev20684783n1-nev18664629n244">Resistance sens#@#@#14#ide):</ptxt>
<ptxt id="nev20684783n1-nev18664629n243">0 litres: 78 Ω</ptxt>
<ptxt id="nev20684783n1-nev18664629n242">1 litre: 89 Ω</ptxt>
<ptxt id="nev20684783n1-nev18664629n241">2 litres: 110 Ω</ptxt>
<ptxt id="nev20684783n1-nev18664629n240">3 litres: 132 Ω</ptxt>
<ptxt id="nev20684783n1-nev18664629n239">4 litres: 148 Ω</ptxt>
<ptxt id="nev20684783n1-nev18664629n238">5 litres: 166 Ω</ptxt>
<ptxt id="nev20684783n1-nev18664629n237">6 litres: 184 Ω</ptxt>
<ptxt id="nev20684783n1-nev18664629n236">7 litres: 200 Ω</ptxt>
<ptxt id="nev20684783n1-nev18664629n235">8 litres: 219 Ω</ptxt>
<ptxt id="nev20684783n1-nev18664629n234">9 litres: 237 Ω</ptxt>
<ptxt id="nev20684783n1-nev18664629n233">10 litres: 254 Ω</ptxt>
<ptxt id="nev20684783n1-nev18664629n232">15 litres: 350 Ω</ptxt>
<ptxt id="nev20684783n1-nev18664629n231">20 litres: 464 Ω</ptxt>
<ptxt id="nev20684783n1-nev18664629n230">30 litres: 782 Ω</ptxt>
<ptxt id="nev20684783n1-nev18664629n229">35 litres: 998 Ω</ptxt>
<ptxt id="nev20684783n1-nev18664629n228"/>
<ptxt id="nev20684783n1-nev18664629n227">Resistance sens#@#@#15#ide):</ptxt>
<ptxt id="nev20684783n1-nev18664629n226">35 litres: 56 Ω</ptxt>
<ptxt id="nev20684783n1-nev18664629n225">36 litres: 64 Ω</ptxt>
<ptxt id="nev20684783n1-nev18664629n224">37 litres: 72 Ω</ptxt>
<ptxt id="nev20684783n1-nev18664629n223">38 litres: 81 Ω</ptxt>
<ptxt id="nev20684783n1-nev18664629n222">39 litres: 89 Ω</ptxt>
<ptxt id="nev20684783n1-nev18664629n221">40 litres: 105 Ω</ptxt>
<ptxt id="nev20684783n1-nev18664629n220">41 litres: 124 Ω</ptxt>
<ptxt id="nev20684783n1-nev18664629n219">42 litres: 139 Ω</ptxt>
<ptxt id="nev20684783n1-nev18664629n218">43 litres: 155 Ω</ptxt>
<ptxt id="nev20684783n1-nev18664629n217">44 litres: 172 Ω</ptxt>
<ptxt id="nev20684783n1-nev18664629n216">45 litres: 187 Ω</ptxt>
<ptxt id="nev20684783n1-nev18664629n215">50 litres: 275 Ω</ptxt>
<ptxt id="nev20684783n1-nev18664629n214">55 litres: 375 Ω</ptxt>
<ptxt id="nev20684783n1-nev18664629n213">65 litres: 646 Ω</ptxt>
<ptxt id="nev20684783n1-nev18664629n212">70 litres: 881 Ω</ptxt>
</entry>
<entry align="left" id="nev20684783n1-nev18663647n6" morerows="0" rotate="0" valign="top">
<ptxt id="nev20684783n1-nev18665099n250">TANK #9</ptxt>
</entry>
</row>
<row id="nev20684783n1-nev18663647n8">
<entry align="left" colname="colspec0" id="nev20684783n1-nev18663647n9" morerows="0" rotate="0">
<ptxt id="nev20684783n1-nev18664631n238">Fuel level sens#@#@#13# tank</ptxt>
<ptxt id="nev20684783n1-nev18664631n237">4-cyl diesel</ptxt>
<ptxt id="nev20684783n1-nev20917580n245">5-cyl diesel (m#@#@#10#2011)</ptxt>
</entry>
<entry colname="colspec2" id="nev20684783n1-nev18663648n2" morerows="0" rotate="0">
<ptxt id="nev20684783n1-nev20894251n250">Saddle tank</ptxt>
</entry>
<entry colname="colspec4" id="nev20684783n1-nev18663648n4" morerows="0" rotate="0">
<ptxt id="nev20684783n1-nev18664629n209">Resistance sens#@#@#14#ide):</ptxt>
<ptxt id="nev20684783n1-nev18664629n208">0 litres: 95 Ω</ptxt>
<ptxt id="nev20684783n1-nev18664629n207">1 litres: 107 Ω</ptxt>
<ptxt id="nev20684783n1-nev18664629n206">2 litres: 129 Ω</ptxt>
<ptxt id="nev20684783n1-nev18664629n205">3 litres: 149 Ω</ptxt>
<ptxt id="nev20684783n1-nev18664629n204">4 litres: 166 Ω</ptxt>
<ptxt id="nev20684783n1-nev18664629n203">5 litres: 188 Ω</ptxt>
<ptxt id="nev20684783n1-nev18664629n202">6 litres: 207 Ω</ptxt>
<ptxt id="nev20684783n1-nev18664629n201">7 litres: 227 Ω</ptxt>
<ptxt id="nev20684783n1-nev18664629n200">8 litres: 243 Ω</ptxt>
<ptxt id="nev20684783n1-nev18664629n199">9 litres: 261 Ω</ptxt>
<ptxt id="nev20684783n1-nev18664629n198">10 litres: 275 Ω</ptxt>
<ptxt id="nev20684783n1-nev18664629n197">15 litres: 375 Ω</ptxt>
<ptxt id="nev20684783n1-nev18664629n196">20 litres: 486 Ω</ptxt>
<ptxt id="nev20684783n1-nev18664629n195">30 litres: 805 Ω</ptxt>
<ptxt id="nev20684783n1-nev18664629n194">35 litres: 997 Ω</ptxt>
<ptxt id="nev20684783n1-nev18664629n193"/>
<ptxt id="nev20684783n1-nev18664629n192">Resistance sens#@#@#15#ide):</ptxt>
<ptxt id="nev20684783n1-nev18664629n191">35 litres: 52 Ω</ptxt>
<ptxt id="nev20684783n1-nev18664629n190">36 litres: 60 Ω</ptxt>
<ptxt id="nev20684783n1-nev18664629n189">37 litres: 68 Ω</ptxt>
<ptxt id="nev20684783n1-nev18664629n188">38 litres: 76 Ω</ptxt>
<ptxt id="nev20684783n1-nev18664629n187">39 litres: 94 Ω</ptxt>
<ptxt id="nev20684783n1-nev18664629n186">40 litres: 112 Ω</ptxt>
<ptxt id="nev20684783n1-nev18664629n185">41 litres: 125 Ω</ptxt>
<ptxt id="nev20684783n1-nev18664629n184">42 litres: 141 Ω</ptxt>
<ptxt id="nev20684783n1-nev18664629n183">43 litres: 161 Ω</ptxt>
<ptxt id="nev20684783n1-nev18664629n182">44 litres: 172 Ω</ptxt>
<ptxt id="nev20684783n1-nev18664629n181">45 litres: 192 Ω</ptxt>
<ptxt id="nev20684783n1-nev18664629n180">50 litres: 282 Ω</ptxt>
<ptxt id="nev20684783n1-nev18664629n179">55 litres: 390 Ω</ptxt>
<ptxt id="nev20684783n1-nev18664629n178">65 litres: 679 Ω</ptxt>
<ptxt id="nev20684783n1-nev18664629n177">70 litres: 992 Ω</ptxt>
</entry>
<entry colname="colspec1" id="nev20684783n1-nev18663650n6" morerows="0" rotate="0">
<ptxt id="nev20684783n1-nev18665099n249">TANK #10 and TA#@#@#1#K #11</ptxt>
</entry>
</row>
<row id="nev20684783n1-nev18663650n7">
<entry id="nev20684783n1-nev18663650n8" morerows="0" rotate="0">
<ptxt id="nev20684783n1-nev18664631n234">Fuel level sens#@#@#13# tank</ptxt>
<ptxt id="nev20684783n1-nev20894008n250">4-cyl diesel</ptxt>
<ptxt id="nev20684783n1-nev18664631n233">5-cyl diesel (m#@#@#11#012-)</ptxt>
</entry>
<entry colname="colspec2" id="nev20684783n1-nev18663651n2" morerows="0" rotate="0">
<ptxt id="nev20684783n1-nev20894251n249">Saddle tank</ptxt>
</entry>
<entry colname="colspec4" id="nev20684783n1-nev18663651n3" morerows="0" rotate="0">
<ptxt id="nev20684783n1-nev18664629n174">Resistance sens#@#@#14#ide):</ptxt>
<ptxt id="nev20684783n1-nev18664629n173">0 litres: 554 Ω</ptxt>
<ptxt id="nev20684783n1-nev18664629n172">1 litres: 540 Ω</ptxt>
<ptxt id="nev20684783n1-nev18664629n171">2 litres: 528 Ω</ptxt>
<ptxt id="nev20684783n1-nev18664629n170">3 litres: 511 Ω</ptxt>
<ptxt id="nev20684783n1-nev18664629n169">4 litres: 497 Ω</ptxt>
<ptxt id="nev20684783n1-nev18664629n168">5 litres: 480 Ω</ptxt>
<ptxt id="nev20684783n1-nev18664629n167">6 litres: 465 Ω</ptxt>
<ptxt id="nev20684783n1-nev18664629n166">7 litres: 448 Ω</ptxt>
<ptxt id="nev20684783n1-nev18664629n165">8 litres: 426 Ω</ptxt>
<ptxt id="nev20684783n1-nev18664629n164">9 litres: 403 Ω</ptxt>
<ptxt id="nev20684783n1-nev18664629n163">10 litres: 383 Ω</ptxt>
<ptxt id="nev20684783n1-nev18664629n162">15 litres: 283 Ω</ptxt>
<ptxt id="nev20684783n1-nev18664629n161">20 litres: 193 Ω</ptxt>
<ptxt id="nev20684783n1-nev18664629n160">30 litres: 84 Ω</ptxt>
<ptxt id="nev20684783n1-nev18664629n159">34 litres: 64 Ω</ptxt>
<ptxt id="nev20684783n1-nev18664629n158"/>
<ptxt id="nev20684783n1-nev18664629n157">Resistance sens#@#@#15#ide):</ptxt>
<ptxt id="nev20684783n1-nev18664629n156">35 litres: 731 Ω</ptxt>
<ptxt id="nev20684783n1-nev18664629n155">36 litres: 641 Ω</ptxt>
<ptxt id="nev20684783n1-nev18664629n154">37 litres: 575 Ω</ptxt>
<ptxt id="nev20684783n1-nev18664629n153">38 litres: 518 Ω</ptxt>
<ptxt id="nev20684783n1-nev18664629n152">39 litres: 484 Ω</ptxt>
<ptxt id="nev20684783n1-nev18664629n151">40 litres: 449 Ω</ptxt>
<ptxt id="nev20684783n1-nev18664629n150">41 litres: 424 Ω</ptxt>
<ptxt id="nev20684783n1-nev18664629n149">42 litres: 387 Ω</ptxt>
<ptxt id="nev20684783n1-nev18664629n148">43 litres: 366 Ω</ptxt>
<ptxt id="nev20684783n1-nev18664629n147">44 litres: 347 Ω</ptxt>
<ptxt id="nev20684783n1-nev18664629n146">45 litres: 330 Ω</ptxt>
<ptxt id="nev20684783n1-nev18664629n145">50 litres: 226 Ω</ptxt>
<ptxt id="nev20684783n1-nev18664629n144">55 litres: 156 Ω</ptxt>
<ptxt id="nev20684783n1-nev18664629n143">65 litres: 72 Ω</ptxt>
<ptxt id="nev20684783n1-nev18664629n142">68 litres: 59 Ω</ptxt>
</entry>
<entry align="left" id="nev20684783n1-nev18663654n7" morerows="0" rotate="0" valign="top">
<ptxt id="nev20684783n1-nev18665099n248">TANK #13</ptxt>
</entry>
</row>
<row id="nev20684783n1-nev24483834n250">
<entry id="nev20684783n1-nev24483834n249" morerows="0" rotate="0">
<ptxt id="nev20684783n1-nev24483834n248">Fuel level sens#@#@#12# tank</ptxt>
<ptxt id="nev20684783n1-nev24496354n248">5-cyl diesel hybrid</ptxt>
</entry>
<entry id="nev20684783n1-nev24483834n247" morerows="0" rotate="0">
<ptxt id="nev20684783n1-nev24483834n246">L-tank</ptxt>
</entry>
<entry id="nev20684783n1-nev24483834n245" morerows="0" rotate="0">
<ptxt id="nev20684783n1-nev24483834n235">Resistance sensor 1</ptxt>
<ptxt id="nev20684783n1-nev24483834n177">0 litres: 754 Ω</ptxt>
<ptxt id="nev20684783n1-nev24483834n232">1 litre: 754 Ω</ptxt>
<ptxt id="nev20684783n1-nev24483834n231">2 litres: 703 Ω</ptxt>
<ptxt id="nev20684783n1-nev24483834n230">3 litres: 634 Ω</ptxt>
<ptxt id="nev20684783n1-nev24483834n229">4 litres: 557 Ω</ptxt>
<ptxt id="nev20684783n1-nev24483834n228">5 litres: 515 Ω</ptxt>
<ptxt id="nev20684783n1-nev24483834n227">6 litres: 482 Ω</ptxt>
<ptxt id="nev20684783n1-nev24483834n226">7 litres: 445 Ω</ptxt>
<ptxt id="nev20684783n1-nev24483834n225">8 litres: 412 Ω</ptxt>
<ptxt id="nev20684783n1-nev24483834n224">9 litres: 384 Ω</ptxt>
<ptxt id="nev20684783n1-nev24483834n223">10 litres: 357 Ω</ptxt>
<ptxt id="nev20684783n1-nev24483834n222">11 litres: 335 Ω</ptxt>
<ptxt id="nev20684783n1-nev24483834n221">12 litres: 312 Ω</ptxt>
<ptxt id="nev20684783n1-nev24483834n220">13 litres: 288 Ω</ptxt>
<ptxt id="nev20684783n1-nev24483834n219">14 litres: 268 Ω</ptxt>
<ptxt id="nev20684783n1-nev24483834n218">15 litres: 246 Ω</ptxt>
<ptxt id="nev20684783n1-nev24483834n217">16 litres: 225 Ω</ptxt>
<ptxt id="nev20684783n1-nev24483834n216">17 litres: 206 Ω</ptxt>
<ptxt id="nev20684783n1-nev24483834n215">18 litres: 189 Ω</ptxt>
<ptxt id="nev20684783n1-nev24483834n214">19 litres: 177 Ω</ptxt>
<ptxt id="nev20684783n1-nev24483834n213">20 litres: 175 Ω</ptxt>
<ptxt id="nev20684783n1-nev24483834n212">21 litres: 175 Ω</ptxt>
<ptxt id="nev20684783n1-nev24483834n211">22 litres: 169 Ω</ptxt>
<ptxt id="nev20684783n1-nev24483834n210">23 litres: 163 Ω</ptxt>
<ptxt id="nev20684783n1-nev24483834n209">24 litres: 160 Ω</ptxt>
<ptxt id="nev20684783n1-nev24483834n208">25 litres: 154 Ω</ptxt>
<ptxt id="nev20684783n1-nev24483834n207">26 litres: 147 Ω</ptxt>
<ptxt id="nev20684783n1-nev24483834n206">27 litres: 139 Ω</ptxt>
<ptxt id="nev20684783n1-nev24483834n205">28 litres: 131 Ω</ptxt>
<ptxt id="nev20684783n1-nev24483834n204">29 litres: 125 Ω</ptxt>
<ptxt id="nev20684783n1-nev24483834n203">30 litres: 122 Ω</ptxt>
<ptxt id="nev20684783n1-nev24483834n202">31 litres: 115 Ω</ptxt>
<ptxt id="nev20684783n1-nev24483834n201">32 litres: 112 Ω</ptxt>
<ptxt id="nev20684783n1-nev24483834n200">33 litres: 108 Ω</ptxt>
<ptxt id="nev20684783n1-nev24483834n199">34 litres: 104 Ω</ptxt>
<ptxt id="nev20684783n1-nev24483834n198">35 litres: 101 Ω</ptxt>
<ptxt id="nev20684783n1-nev24483834n197">36 litres: 95 Ω</ptxt>
<ptxt id="nev20684783n1-nev24483834n196">37 litres: 92 Ω</ptxt>
<ptxt id="nev20684783n1-nev24483834n195">38 litres: 88 Ω</ptxt>
<ptxt id="nev20684783n1-nev24483834n194">39 litres: 84 Ω</ptxt>
<ptxt id="nev20684783n1-nev24483834n193">40 litres: 78 Ω</ptxt>
<ptxt id="nev20684783n1-nev24483834n192">41 litres: 75 Ω</ptxt>
<ptxt id="nev20684783n1-nev24483834n191">42 litres: 71 Ω</ptxt>
<ptxt id="nev20684783n1-nev24483834n190">43 litres: 67 Ω</ptxt>
<ptxt id="nev20684783n1-nev24483834n189">44 litres: 66 Ω</ptxt>
<ptxt id="nev20684783n1-nev24483834n188">45 litres: 66 Ω</ptxt>
<ptxt id="nev20684783n1-nev24483834n187">46 litres: 66 Ω</ptxt>
<ptxt id="nev20684783n1-nev24483834n186">47 litres: 66 Ω</ptxt>
<ptxt id="nev20684783n1-nev24483834n185">48 litres: 66 Ω</ptxt>
<ptxt id="nev20684783n1-nev24483834n184">49 litres: 66 Ω</ptxt>
<ptxt id="nev20684783n1-nev24483834n183">50 litres: 21 Ω</ptxt>
<ptxt id="nev20684783n1-nev24483834n182">51 litres: 14 Ω</ptxt>
<ptxt id="nev20684783n1-nev24483834n181">52 litres: 14 Ω</ptxt>
</entry>
<entry align="left" id="nev20684783n1-nev24483834n243" morerows="0" rotate="0">
<ptxt id="nev20684783n1-nev24483834n242">#Tank 14</ptxt>
</entry>
</row>
<row id="nev20684783n1-nev30304678n250">
<entry id="nev20684783n1-nev30304678n249" morerows="0" rotate="0">
<ptxt id="nev20684783n1-nev30304678n241">Fuel level sens#@#@#13# tank</ptxt>
</entry>
<entry id="nev20684783n1-nev30304678n247" morerows="0" rotate="0">
<ptxt id="nev20684783n1-nev30304678n240">Saddle tank</ptxt>
</entry>
<entry id="nev20684783n1-nev30304678n245" morerows="0" rotate="0">
<ptxt id="nev20684783n1-nev30304678n238">Resistance sens#@#@#14#ide):</ptxt>
<ptxt id="nev20684783n1-nev30304678n237">0 litres: 801 Ω</ptxt>
<ptxt id="nev20684783n1-nev30304678n236">1 litre: 770 Ω</ptxt>
<ptxt id="nev20684783n1-nev30304678n235">2 litres: 737 Ω</ptxt>
<ptxt id="nev20684783n1-nev30304678n234">3 litres: 681 Ω</ptxt>
<ptxt id="nev20684783n1-nev30304678n233">4 litres: 651 Ω</ptxt>
<ptxt id="nev20684783n1-nev30304678n232">5 litres: 621 Ω</ptxt>
<ptxt id="nev20684783n1-nev30304678n231">6 litres: 573 Ω</ptxt>
<ptxt id="nev20684783n1-nev30304678n230">7 litres: 551 Ω</ptxt>
<ptxt id="nev20684783n1-nev30304678n229">8 litres: 525 Ω</ptxt>
<ptxt id="nev20684783n1-nev30304678n228">9 litres: 485 Ω</ptxt>
<ptxt id="nev20684783n1-nev30304678n227">10 litres: 463 Ω</ptxt>
<ptxt id="nev20684783n1-nev30304678n226">15 litres: 341 Ω</ptxt>
<ptxt id="nev20684783n1-nev30304678n225">20 litres: 255 Ω</ptxt>
<ptxt id="nev20684783n1-nev30304678n224">25 litres: 130 Ω</ptxt>
<ptxt id="nev20684783n1-nev30304678n223">27 litres: 51 Ω</ptxt>
<ptxt id="nev20684783n1-nev30304678n222"/>
<ptxt id="nev20684783n1-nev30304678n221">Resistance sens#@#@#15#ide):</ptxt>
<ptxt id="nev20684783n1-nev30304678n220">27 litres: 991 Ω</ptxt>
<ptxt id="nev20684783n1-nev30304678n219">28 litres: 877 Ω</ptxt>
<ptxt id="nev20684783n1-nev30304678n218">29 litres: 802 Ω</ptxt>
<ptxt id="nev20684783n1-nev30304678n217">30 litres: 741 Ω</ptxt>
<ptxt id="nev20684783n1-nev30304678n216">31 litres: 681 Ω</ptxt>
<ptxt id="nev20684783n1-nev30304678n215">32 litres: 627 Ω</ptxt>
<ptxt id="nev20684783n1-nev30304678n214">33 litres: 577 Ω</ptxt>
<ptxt id="nev20684783n1-nev30304678n213">34 litres: 551 Ω</ptxt>
<ptxt id="nev20684783n1-nev30304678n212">35 litres: 509 Ω</ptxt>
<ptxt id="nev20684783n1-nev30304678n211">36 litres: 487 Ω</ptxt>
<ptxt id="nev20684783n1-nev30304678n210">37 litres: 444 Ω</ptxt>
<ptxt id="nev20684783n1-nev30304678n209">38 litres: 427 Ω</ptxt>
<ptxt id="nev20684783n1-nev30304678n205">39 litres: 391 Ω</ptxt>
<ptxt id="nev20684783n1-nev30304678n208">40 litres: 375 Ω</ptxt>
<ptxt id="nev20684783n1-nev30304678n207">45 litres: 267 Ω</ptxt>
<ptxt id="nev20684783n1-nev30304678n206">50 litres: 108 Ω</ptxt>
</entry>
<entry align="left" id="nev20684783n1-nev30304678n243" morerows="0" rotate="0">
<ptxt id="nev20684783n1-nev30304678n239">#Tank</ptxt>
</entry>
</row>
<row id="nev20684783n1-nev30286737n250">
<entry id="nev20684783n1-nev30286737n249" morerows="0" rotate="0">
<ptxt id="nev20684783n1-nev30286737n248">Fuel level sens#@#@#13# tank</ptxt>
</entry>
<entry id="nev20684783n1-nev30286737n247" morerows="0" rotate="0">
<ptxt id="nev20684783n1-nev30303834n232">L-tank</ptxt>
</entry>
<entry id="nev20684783n1-nev30286737n245" morerows="0" rotate="0">
<ptxt id="nev20684783n1-nev30286737n241">Resistance sensor 1</ptxt>
<ptxt id="nev20684783n1-nev30286737n240">0 litres: 759 Ω</ptxt>
<ptxt id="nev20684783n1-nev30286737n239">1 litre: 754 Ω</ptxt>
<ptxt id="nev20684783n1-nev30286737n238">2 litres: 736 Ω</ptxt>
<ptxt id="nev20684783n1-nev30286737n237">3 litres: 714 Ω</ptxt>
<ptxt id="nev20684783n1-nev30286737n236">4 litres: 620 Ω</ptxt>
<ptxt id="nev20684783n1-nev30286737n235">5 litres: 566 Ω</ptxt>
<ptxt id="nev20684783n1-nev30286737n234">6 litres: 518 Ω</ptxt>
<ptxt id="nev20684783n1-nev30286737n233">7 litres: 473 Ω</ptxt>
<ptxt id="nev20684783n1-nev30286737n232">8 litres: 432 Ω</ptxt>
<ptxt id="nev20684783n1-nev30286737n231">9 litres: 393 Ω</ptxt>
<ptxt id="nev20684783n1-nev30286737n230">10 litres: 360 Ω</ptxt>
<ptxt id="nev20684783n1-nev30286737n229">11 litres: 332 Ω</ptxt>
<ptxt id="nev20684783n1-nev30286737n228">12 litres: 305 Ω</ptxt>
<ptxt id="nev20684783n1-nev30286737n227">13 litres: 280 Ω</ptxt>
<ptxt id="nev20684783n1-nev30286737n226">14 litres: 257 Ω</ptxt>
<ptxt id="nev20684783n1-nev30286737n225">15 litres: 234 Ω</ptxt>
<ptxt id="nev20684783n1-nev30286737n224">16 litres: 213 Ω</ptxt>
<ptxt id="nev20684783n1-nev30286737n223">17 litres: 202 Ω</ptxt>
<ptxt id="nev20684783n1-nev30286737n222">18 litres: 189 Ω</ptxt>
<ptxt id="nev20684783n1-nev30286737n221">19 litres: 182 Ω</ptxt>
<ptxt id="nev20684783n1-nev30286737n220">20 litres: 176 Ω</ptxt>
<ptxt id="nev20684783n1-nev30286737n219">21 litres: 172 Ω</ptxt>
<ptxt id="nev20684783n1-nev30286737n218">22 litres: 165 Ω</ptxt>
<ptxt id="nev20684783n1-nev30286737n217">23 litres: 157 Ω</ptxt>
<ptxt id="nev20684783n1-nev30286737n216">24 litres: 153 Ω</ptxt>
<ptxt id="nev20684783n1-nev30286737n215">25 litres: 148 Ω</ptxt>
<ptxt id="nev20684783n1-nev30286737n214">26 litres: 142 Ω</ptxt>
<ptxt id="nev20684783n1-nev30286737n213">27 litres: 138 Ω</ptxt>
<ptxt id="nev20684783n1-nev30286737n212">28 litres: 131 Ω</ptxt>
<ptxt id="nev20684783n1-nev30286737n211">29 litres: 125 Ω</ptxt>
<ptxt id="nev20684783n1-nev30286737n210">30 litres: 120 Ω</ptxt>
<ptxt id="nev20684783n1-nev30286737n209">31 litres: 117 Ω</ptxt>
<ptxt id="nev20684783n1-nev30286737n208">32 litres: 113 Ω</ptxt>
<ptxt id="nev20684783n1-nev30286737n207">33 litres: 109 Ω</ptxt>
<ptxt id="nev20684783n1-nev30286737n206">34 litres: 107 Ω</ptxt>
<ptxt id="nev20684783n1-nev30286737n205">35 litres: 101 Ω</ptxt>
<ptxt id="nev20684783n1-nev30286737n204">36 litres: 96 Ω</ptxt>
<ptxt id="nev20684783n1-nev30286737n203">37 litres: 95 Ω</ptxt>
<ptxt id="nev20684783n1-nev30286737n202">38 litres: 89 Ω</ptxt>
<ptxt id="nev20684783n1-nev30286737n201">39 litres: 85 Ω</ptxt>
<ptxt id="nev20684783n1-nev30286737n200">40 litres: 83 Ω</ptxt>
<ptxt id="nev20684783n1-nev30286737n199">41 litres: 80 Ω</ptxt>
<ptxt id="nev20684783n1-nev30286737n198">42 litres: 76 Ω</ptxt>
<ptxt id="nev20684783n1-nev30286737n197">43 litres: 73 Ω</ptxt>
<ptxt id="nev20684783n1-nev30286737n196">44 litres: 70 Ω</ptxt>
<ptxt id="nev20684783n1-nev30286737n195">45 litres: 68 Ω</ptxt>
</entry>
<entry align="left" id="nev20684783n1-nev30286737n243" morerows="0" rotate="0">
<ptxt id="nev20684783n1-nev30286737n242">#Tank</ptxt>
</entry>
</row>
</tbody>
</tgroup>
</table>
</servinfosub>