<?xml version="1.0" encoding="UTF-8"?><servinfosub IE-ID="en-US0900c8af80634c08" docno="VCC-065543" id="KC02179176" xml:lang="en-US">
<title>Planetary gear #@#@#3#embly</title>
<topic>
<title>Transmission</title>
<note>
<ptxt>The planetary g#@#@#98#akes.</ptxt>
</note>
<grate>
<title>1st-3rd gear co#@#@#3#nents</title>
<graphic id="KC08460632" width="column">
<href>0900c8af8012be1#@#@#9#.jpeg</href>
</graphic>
<graphtext>
<ptxt>(upper section #@#@#20#hown)</ptxt>
<list1 enumtype="u" type="ordered">
<item>
<ptxt>1. Torque converter</ptxt>
</item>
<item>
<ptxt>2. C1 Clutch</ptxt>
</item>
<item>
<ptxt>3. C2 Clutch</ptxt>
</item>
<item>
<ptxt>4. B1 Brake 1</ptxt>
</item>
<item>
<ptxt>5. B2 Brake 2</ptxt>
</item>
<item>
<ptxt>6. F1 Freewheel</ptxt>
</item>
<item>
<ptxt>7. B3 Brake 3</ptxt>
</item>
<item>
<ptxt>8. F2 Freewheel</ptxt>
</item>
<item>
<ptxt>9. Front ring gear</ptxt>
</item>
<item>
<ptxt>10. Rear ring gear</ptxt>
</item>
<item>
<ptxt>11. P1 Planetar#@#@#3#ear 1</ptxt>
</item>
<item>
<ptxt>12. Center plan#@#@#8#rrier</ptxt>
</item>
<item>
<ptxt>13. P2 Planetar#@#@#3#ear 2</ptxt>
</item>
<item>
<ptxt>14. Sun gear</ptxt>
</item>
<item>
<ptxt>15. Sun gear shaft</ptxt>
</item>
<item>
<ptxt>16. Rear clutch drum</ptxt>
</item>
<item>
<ptxt>17. Intermediat#@#@#30#haft)</ptxt>
</item>
<item>
<ptxt>18. Operating p#@#@#17#lutch</ptxt>
</item>
<item>
<ptxt>19. Front clutc#@#@#1# drum</ptxt>
</item>
<item>
<ptxt>20. Input shaft</ptxt>
</item>
</list1>
</graphtext>
</grate>
<grate>
<title>4th gear (overd#@#@#11#nents</title>
<graphic id="KC08460633" width="column">
<href>0900c8af8012be1#@#@#9#.jpeg</href>
</graphic>
<graphtext>
<list1 enumtype="u" type="ordered">
<item>
<ptxt>1. Ring gear</ptxt>
</item>
<item>
<ptxt>2. F3 Freewheel</ptxt>
</item>
<item>
<ptxt>3. C3 Clutch</ptxt>
</item>
<item>
<ptxt>4. Clutch hub</ptxt>
</item>
<item>
<ptxt>5. B4 Brake</ptxt>
</item>
<item>
<ptxt>6. Centrifugal #@#@#3#ernor</ptxt>
</item>
<item>
<ptxt>7. Coupling flange</ptxt>
</item>
<item>
<ptxt>8. Output shaft</ptxt>
</item>
<item>
<ptxt>9. Sun gear hub</ptxt>
</item>
<item>
<ptxt>10. Ring gear hub</ptxt>
</item>
<item>
<ptxt>11. Drive shaft#@#@#19# gear</ptxt>
</item>
<item>
<ptxt>12. Sun gear (h#@#@#1#llow)</ptxt>
</item>
<item>
<ptxt>13. Planetary g#@#@#6#rrier</ptxt>
</item>
<item>
<ptxt>14. P3 Planetar#@#@#1# gear</ptxt>
</item>
</list1>
<ptxt>Four forward sp#@#@#242#able.</ptxt>
</graphtext>
</grate>
</topic>
</servinfosub>