<?xml version="1.0" encoding="UTF-8"?><servinfosub IE-ID="en-US0900c8af865f6c08" docno="VCC-370694" id="nev13715085n1" original="sv-SE" servinfosubId="nev13715086n1-nev19317087n1" servinfosubRes="0900c8af865f6cbf" servinfosubRes2="urn:x-nevis:fragment:0900c8af865f6c08:0900c8af865f6cbf#nev19317087n1" xml:lang="en-US">
<operationnumbers>
<operationnumber>43710-2</operationnumber>
<operationnumber>43730-0</operationnumber>
</operationnumbers>
<title id="nev13715082n100">Transmission</title>
<toolitemtable id="nev13715086n1-nev21591526n92">
<table id="nev13715086n1-nev21591526n91">
<tgroup cols="2" id="nev13715086n1-nev21591526n90">
<colspec colname="COLSPEC0" colwidth="1.00*" id="nev13715086n1-nev21591526n89"/>
<colspec colname="COLSPEC1" colwidth="1.00*" id="nev13715086n1-nev21591526n88"/>
<thead id="nev13715086n1-nev21591526n87">
<row id="nev13715086n1-nev21591526n86">
<entry id="nev13715086n1-nev21591526n85" nameend="COLSPEC1" namest="COLSPEC0" valign="top">
<ptxt id="nev13715086n1-nev21591526n84">
<emph id="nev13715086n1-nev21591526n83">Special tools</emph>
</ptxt>
</entry>
</row>
</thead>
<tbody id="nev13715086n1-nev21591526n82">
<row id="nev13715086n1-nev21591526n81">
<entry id="nev13715086n1-nev21591526n80">
<graphic id="nev13715086n1-nev21591526n79">
<href>0900c8af8005434#@#@#11#.jpeg</href>
</graphic>
</entry>
<entry id="nev13715086n1-nev21591526n78">
<ptxt id="nev13715086n1-nev21591526n77">
<emph id="nev13715086n1-nev21591526n76">998 5972 JACK (#@#@#5#ULIC)</emph>
</ptxt>
<ptxt id="nev13715086n1-nev21591526n74">
<emph id="nev13715086n1-nev21591526n73">Tool number:</emph>998 5972</ptxt>
<ptxt id="nev13715086n1-nev21591526n72">
<emph id="nev13715086n1-nev21591526n71">Tool description:</emph>JACK (HYDRAULIC)</ptxt>
<ptxt id="nev13715086n1-nev21591526n69">
<emph id="nev13715086n1-nev21591526n68">Tool boards:</emph>40</ptxt>
</entry>
</row>
<row id="nev13715086n1-nev21591526n67">
<entry id="nev13715086n1-nev21591526n66">
<graphic id="nev13715086n1-nev21591526n65">
<href>0900c8af8005435#@#@#9#.jpeg</href>
</graphic>
</entry>
<entry id="nev13715086n1-nev21591526n64">
<ptxt id="nev13715086n1-nev21591526n63">
<emph id="nev13715086n1-nev21591526n62">999 5972 FIXTUR#@#@#19#XLES)</emph>
</ptxt>
<ptxt id="nev13715086n1-nev21591526n60">
<emph id="nev13715086n1-nev21591526n59">Tool number:</emph>999 5972</ptxt>
<ptxt id="nev13715086n1-nev21591526n58">
<emph id="nev13715086n1-nev21591526n57">Tool description:</emph>FIXTURE (UNIVER#@#@#10#XLES)</ptxt>
<ptxt id="nev13715086n1-nev21591526n55">
<emph id="nev13715086n1-nev21591526n54">Tool boards:</emph>43</ptxt>
</entry>
</row>
<row id="nev13715086n1-nev21591526n53">
<entry id="nev13715086n1-nev21591526n52">
<graphic id="nev13715086n1-nev21591526n51">
<href>0900c8af8245169#@#@#9#.jpeg</href>
</graphic>
</entry>
<entry id="nev13715086n1-nev21591526n50">
<ptxt id="nev13715086n1-nev21591526n49">
<emph id="nev13715086n1-nev21591526n48">999 5463 FIXTUR#@#@#32#50-42</emph>
</ptxt>
<ptxt id="nev13715086n1-nev21591526n46">
<emph id="nev13715086n1-nev21591526n45">Tool number:</emph>999 5463</ptxt>
<ptxt id="nev13715086n1-nev21591526n44">
<emph id="nev13715086n1-nev21591526n43">Tool description:</emph>FIXTURE (IN/OUT#@#@#23#50-42</ptxt>
<ptxt id="nev13715086n1-nev21591526n41">
<emph id="nev13715086n1-nev21591526n40">Tool boards:</emph>40</ptxt>
</entry>
</row>
<row id="nev13715086n1-nev21591526n39">
<entry id="nev13715086n1-nev21591526n38">
<graphic id="nev13715086n1-nev21591526n37">
<href>0900c8af861377c#@#@#9#.jpeg</href>
</graphic>
</entry>
<entry id="nev13715086n1-nev21591526n36">
<ptxt id="nev13715086n1-nev21591526n35">
<emph id="nev13715086n1-nev21591526n34">999 7488 Fixture</emph>
</ptxt>
<ptxt id="nev13715086n1-nev21591526n32">
<emph id="nev13715086n1-nev21591526n31">Tool number:</emph>999 7488</ptxt>
<ptxt id="nev13715086n1-nev21591526n30">
<emph id="nev13715086n1-nev21591526n29">Tool description:</emph>Fixture</ptxt>
<ptxt id="nev13715086n1-nev21591526n27">
<emph id="nev13715086n1-nev21591526n26">Tool boards:</emph>43</ptxt>
</entry>
</row>
</tbody>
</tgroup>
</table>
</toolitemtable>
<procedure id="nev13715086n1-nev20141781n6">
<stepgrp boilerplate="false" context="" id="nev13715086n1-nev21591499n98">
<title id="nev13715086n1-0800c8af844a46f6">Removal</title>
<procstep id="nev13715086n1-nev20141781n9">
<note id="nev13715086n1-0800c8af844a42fa">
<ptxt>Removal steps i#@#@#45#ails.</ptxt>
</note>
</procstep>
<procstep id="nev13715086n1-nev20405820n78">
<para id="nev13715086n1-nev21591499n96">
<ptxt id="nev13715086n1-nev21591499n97">Remove left-han#@#@#21#lator<xref boilerplate="true" id="nev13715086n1-0800c8af84565e90">
<ref id="nev13715086n1-nev20436090n72"/>
</xref>
</ptxt>
</para>
</procstep>
<procstep id="nev13715086n1-nev20436090n70">
<grate id="nev13715086n1-nev21591499n94">
<graphic id="nev13715086n1-nev21591499n95">
<href>0900c8af861d60d#@#@#9#.jpeg</href>
</graphic>
<graphtext id="nev13715086n1-nev21591547n1">
<para id="nev13715086n1-nev21591499n92">
<ptxt id="nev13715086n1-nev21591499n93">Loosen the hose#@#@#2#lamp.</ptxt>
</para>
<para id="nev13715086n1-nev21591499n90">
<ptxt id="nev13715086n1-nev21591499n91">Remove the hose.</ptxt>
</para>
</graphtext>
</grate>
</procstep>
<procstep id="nev13715086n1-nev20144833n32">
<grate id="nev13715086n1-nev21591499n88">
<graphic id="nev13715086n1-nev21591499n89">
<href>0900c8af8451bb1#@#@#9#.jpeg</href>
</graphic>
</grate>
</procstep>
<procstep id="nev13715086n1-nev20468961n21">
<grate id="nev13715086n1-nev21591499n86">
<graphic id="nev13715086n1-nev21591499n87">
<href>0900c8af861ee93#@#@#9#.jpeg</href>
</graphic>
<graphtext id="nev13715086n1-nev21591554n1">
<para id="nev13715086n1-nev21591499n84">
<ptxt id="nev13715086n1-nev21591499n85">Disconnect the #@#@#5#ctor.</ptxt>
</para>
</graphtext>
</grate>
</procstep>
<procstep id="nev13715086n1-nev20468961n16">
<grate id="nev13715086n1-nev21591499n82">
<graphic id="nev13715086n1-nev21591499n83">
<href>0900c8af861ee93#@#@#9#.jpeg</href>
</graphic>
<graphtext id="nev13715086n1-nev21591558n1">
<para id="nev13715086n1-nev21591499n80">
<ptxt id="nev13715086n1-nev21591499n81">Remove the nuts.</ptxt>
</para>
<para id="nev13715086n1-nev21591499n78">
<ptxt id="nev13715086n1-nev21591499n79">
<torque id="nev13715086n1-nev20468961n11">
<ref id="nev13715086n1-nev20468961n9"/>
</torque>
</ptxt>
</para>
</graphtext>
</grate>
</procstep>
<procstep id="nev13715086n1-nev20460418n63">
<grate id="nev13715086n1-nev21591499n76">
<graphic id="nev13715086n1-nev21591499n77">
<href>0900c8af861edd6#@#@#9#.jpeg</href>
</graphic>
<graphtext id="nev13715086n1-nev21591565n1">
<para id="nev13715086n1-nev21591499n74">
<ptxt id="nev13715086n1-nev21591499n75">Remove the screws.</ptxt>
</para>
<para id="nev13715086n1-nev21591499n72">
<ptxt id="nev13715086n1-nev21591499n73">
<torque id="nev13715086n1-nev20468961n3">
<ref id="nev13715086n1-nev20468961n1"/>
</torque>
</ptxt>
</para>
</graphtext>
</grate>
</procstep>
<procstep id="nev13715086n1-nev20144833n25">
<grate id="nev13715086n1-nev21591499n70">
<graphic id="nev13715086n1-nev21591499n71">
<href>0900c8af831f58d#@#@#9#.jpeg</href>
</graphic>
<graphtext id="nev13715086n1-nev21591572n1">
<para id="nev13715086n1-nev21591499n68">
<ptxt id="nev13715086n1-nev21591499n69">Remove the screws.</ptxt>
</para>
<para id="nev13715086n1-nev21591499n66">
<ptxt id="nev13715086n1-nev21591499n67">Remove the clips.</ptxt>
</para>
</graphtext>
</grate>
</procstep>
<procstep id="nev13715086n1-nev20436475n5">
<grate id="nev13715086n1-nev21591499n64">
<graphic id="nev13715086n1-nev21591499n65">
<href>0900c8af8504c8d#@#@#9#.jpeg</href>
</graphic>
<graphtext id="nev13715086n1-nev21591576n1">
<para id="nev13715086n1-nev21591499n62">
<ptxt id="nev13715086n1-nev21591499n63">Loosen the screws.</ptxt>
</para>
</graphtext>
</grate>
</procstep>
<procstep id="nev13715086n1-nev20436632n96">
<grate id="nev13715086n1-nev21591499n60">
<graphic id="nev13715086n1-nev21591499n61">
<href>0900c8af861c069#@#@#9#.jpeg</href>
</graphic>
<graphtext id="nev13715086n1-nev21591580n1">
<list1 enumtype="n" id="nev13715086n1-nev20436632n93" type="ordered">
<item id="nev13715086n1-nev21591499n59">
<ptxt id="nev13715086n1-nev21591499n58">
<torque id="nev13715086n1-nev20436632n91">
<ref id="nev13715086n1-nev20436632n89"/>
</torque>
</ptxt>
</item>
<item id="nev13715086n1-nev21591499n57">
<ptxt id="nev13715086n1-nev21591499n56">
<torque id="nev13715086n1-nev20436632n87">
<ref id="nev13715086n1-nev20436632n85"/>
</torque>
</ptxt>
</item>
</list1>
</graphtext>
</grate>
</procstep>
<procstep id="nev13715086n1-nev20436632n84">
<para id="nev13715086n1-nev21591499n52">
<ptxt id="nev13715086n1-nev21591499n54">Remove front su#@#@#19#ition<xref boilerplate="true" id="nev13715086n1-nev21591499n55">
<ref id="nev13715086n1-nev21591499n53"/>
</xref>
</ptxt>
</para>
</procstep>
<procstep id="nev13715086n1-nev20436256n85">
<grate id="nev13715086n1-nev21591499n50">
<graphic id="nev13715086n1-nev21591499n51">
<href>0900c8af861c713#@#@#9#.jpeg</href>
</graphic>
</grate>
</procstep>
<procstep id="nev13715086n1-nev20436256n82">
<grate id="nev13715086n1-nev21591499n48">
<graphic id="nev13715086n1-nev21591499n49">
<href>0900c8af861c713#@#@#9#.jpeg</href>
</graphic>
<graphtext id="nev13715086n1-nev21591596n1">
<warning id="nev13715086n1-0800c8af844a4837">
<ptxt>Be prepared to #@#@#18#luid.</ptxt>
</warning>
<para id="nev13715086n1-nev21591499n46">
<ptxt id="nev13715086n1-nev21591499n47">Loosen the hose#@#@#3#amps.</ptxt>
</para>
<para id="nev13715086n1-nev21591499n44">
<ptxt id="nev13715086n1-nev21591499n45">Undo the hoses #@#@#16#ions.</ptxt>
</para>
</graphtext>
</grate>
</procstep>
<procstep id="nev13715086n1-nev20436632n71">
<grate id="nev13715086n1-nev21591499n42">
<graphic id="nev13715086n1-nev21591499n43">
<href>0900c8af861d5ef#@#@#9#.jpeg</href>
</graphic>
<graphtext id="nev13715086n1-nev21591600n1">
<para id="nev13715086n1-nev21591499n40">
<ptxt id="nev13715086n1-nev21591499n41">Remove the screw.</ptxt>
</para>
<para id="nev13715086n1-nev21591499n38">
<ptxt id="nev13715086n1-nev21591499n39">
<torque id="nev13715086n1-nev20436632n66">
<ref id="nev13715086n1-nev20436632n64"/>
</torque>
</ptxt>
</para>
</graphtext>
</grate>
</procstep>
<procstep id="nev13715086n1-nev20436632n62">
<grate id="nev13715086n1-nev21591499n36">
<graphic id="nev13715086n1-nev21591499n37">
<href>0900c8af861c067#@#@#9#.jpeg</href>
</graphic>
<graphtext id="nev13715086n1-nev21591607n1">
<para id="nev13715086n1-nev21591499n34">
<ptxt id="nev13715086n1-nev21591499n35">Loosen the hose#@#@#2#lamp.</ptxt>
</para>
</graphtext>
</grate>
</procstep>
<procstep id="nev13715086n1-nev20436632n57">
<grate id="nev13715086n1-nev21591499n32">
<graphic id="nev13715086n1-nev21591499n33">
<href>0900c8af861c06b#@#@#9#.jpeg</href>
</graphic>
</grate>
</procstep>
<procstep id="nev13715086n1-nev20436632n54">
<grate id="nev13715086n1-nev21591499n30">
<graphic id="nev13715086n1-nev21591499n31">
<href>0900c8af861c06a#@#@#9#.jpeg</href>
</graphic>
<graphtext id="nev13715086n1-nev21591614n1">
<para id="nev13715086n1-nev21591499n28">
<ptxt id="nev13715086n1-nev21591499n29">Remove the screw.</ptxt>
</para>
<para id="nev13715086n1-nev21591499n26">
<ptxt id="nev13715086n1-nev21591499n27">
<torque id="nev13715086n1-nev20436632n49">
<ref id="nev13715086n1-nev20436632n47"/>
</torque>
</ptxt>
</para>
</graphtext>
</grate>
</procstep>
<procstep id="nev13715086n1-nev20436632n45">
<grate id="nev13715086n1-nev21591499n24">
<graphic id="nev13715086n1-nev21591499n25">
<href>0900c8af861c06a#@#@#9#.jpeg</href>
</graphic>
<graphtext id="nev13715086n1-nev21591621n1">
<para id="nev13715086n1-nev21591499n22">
<ptxt id="nev13715086n1-nev21591499n23">Remove the screw.</ptxt>
</para>
<para id="nev13715086n1-nev21591499n20">
<ptxt id="nev13715086n1-nev21591499n21">
<torque id="nev13715086n1-nev20436632n40">
<ref id="nev13715086n1-nev20436632n38"/>
</torque>
</ptxt>
</para>
</graphtext>
</grate>
</procstep>
<procstep id="nev13715086n1-nev20436632n36">
<grate id="nev13715086n1-nev21591499n18">
<graphic id="nev13715086n1-nev21591499n19">
<href>0900c8af861c066#@#@#9#.jpeg</href>
</graphic>
<graphtext id="nev13715086n1-nev21591628n1">
<para id="nev13715086n1-nev21591499n16">
<ptxt id="nev13715086n1-nev21591499n17">Remove the hose.</ptxt>
</para>
</graphtext>
</grate>
</procstep>
<procstep id="nev13715086n1-nev20469192n45">
<grate id="nev13715086n1-nev21591499n14">
<graphic id="nev13715086n1-nev21591499n15">
<href>0900c8af861c067#@#@#9#.jpeg</href>
</graphic>
<graphtext id="nev13715086n1-nev21591632n1">
<para id="nev13715086n1-nev21591499n12">
<ptxt id="nev13715086n1-nev21591499n13">Loosen the hose#@#@#2#lamp.</ptxt>
</para>
</graphtext>
</grate>
</procstep>
<procstep id="nev13715086n1-nev20469192n40">
<grate id="nev13715086n1-nev21591499n10">
<graphic id="nev13715086n1-nev21591499n11">
<href>0900c8af861c067#@#@#9#.jpeg</href>
</graphic>
<graphtext id="nev13715086n1-nev21591636n1">
<para id="nev13715086n1-nev21591499n8">
<ptxt id="nev13715086n1-nev21591499n9">Loosen the hose#@#@#2#lamp.</ptxt>
</para>
</graphtext>
</grate>
</procstep>
<procstep id="nev13715086n1-nev20469192n35">
<grate id="nev13715086n1-nev21591499n6">
<graphic id="nev13715086n1-nev21591499n7">
<href>0900c8af8614ffa#@#@#9#.jpeg</href>
</graphic>
<graphtext id="nev13715086n1-nev21591640n1">
<para id="nev13715086n1-nev21591499n4">
<ptxt id="nev13715086n1-nev21591499n5">Disconnect the #@#@#5#ctor.</ptxt>
</para>
</graphtext>
</grate>
</procstep>
<procstep id="nev13715086n1-nev20469192n30">
<grate id="nev13715086n1-nev21591499n2">
<graphic id="nev13715086n1-nev21591499n3">
<href>0900c8af861c06a#@#@#9#.jpeg</href>
</graphic>
<graphtext id="nev13715086n1-nev21591644n1">
<para id="nev13715086n1-nev21591525n100">
<ptxt id="nev13715086n1-nev21591499n1">Remove the screw.</ptxt>
</para>
<para id="nev13715086n1-nev21591525n98">
<ptxt id="nev13715086n1-nev21591525n99">
<torque id="nev13715086n1-nev20469192n25">
<ref id="nev13715086n1-nev20469192n23"/>
</torque>
</ptxt>
</para>
</graphtext>
</grate>
</procstep>
<procstep id="nev13715086n1-nev20469192n21">
<grate id="nev13715086n1-nev21591525n96">
<graphic id="nev13715086n1-nev21591525n97">
<href>0900c8af861c06a#@#@#9#.jpeg</href>
</graphic>
<graphtext id="nev13715086n1-nev21591651n1">
<para id="nev13715086n1-nev21591525n94">
<ptxt id="nev13715086n1-nev21591525n95">Remove the screw.</ptxt>
</para>
<para id="nev13715086n1-nev21591525n92">
<ptxt id="nev13715086n1-nev21591525n93">
<torque id="nev13715086n1-nev20469192n16">
<ref id="nev13715086n1-nev20469192n14"/>
</torque>
</ptxt>
</para>
</graphtext>
</grate>
</procstep>
<procstep id="nev13715086n1-nev20469192n12">
<grate id="nev13715086n1-nev21591525n90">
<graphic id="nev13715086n1-nev21591525n91">
<href>0900c8af861c067#@#@#9#.jpeg</href>
</graphic>
<graphtext id="nev13715086n1-nev21591658n1">
<para id="nev13715086n1-nev21591525n88">
<ptxt id="nev13715086n1-nev21591525n89">Remove the hose.</ptxt>
</para>
</graphtext>
</grate>
</procstep>
<procstep id="nev13715086n1-nev20460407n22">
<grate id="nev13715086n1-nev21591525n86">
<graphic id="nev13715086n1-nev21591525n87">
<href>0900c8af861edd6#@#@#9#.jpeg</href>
</graphic>
<graphtext id="nev13715086n1-nev21591662n1">
<para id="nev13715086n1-nev21591525n84">
<ptxt id="nev13715086n1-nev21591525n85">Remove the nuts.</ptxt>
</para>
<para id="nev13715086n1-nev21591525n82">
<ptxt id="nev13715086n1-nev21591525n83">
<torque id="nev13715086n1-nev20460407n17">
<ref id="nev13715086n1-nev20460407n15"/>
</torque>
</ptxt>
</para>
</graphtext>
</grate>
</procstep>
<procstep id="nev13715086n1-nev20460418n51">
<grate id="nev13715086n1-nev21591525n80">
<graphic id="nev13715086n1-nev21591525n81">
<href>0900c8af861edd7#@#@#9#.jpeg</href>
</graphic>
<graphtext id="nev13715086n1-nev21591669n1">
<para id="nev13715086n1-nev21591525n78">
<ptxt id="nev13715086n1-nev21591525n79">Remove the screws.</ptxt>
</para>
<para id="nev13715086n1-nev21591525n76">
<ptxt id="nev13715086n1-nev21591525n77">
<torque id="nev13715086n1-nev20469202n97">
<ref id="nev13715086n1-nev20469202n95"/>
</torque>
</ptxt>
</para>
</graphtext>
</grate>
</procstep>
<procstep id="nev13715086n1-nev20582881n75">
<grate id="nev13715086n1-nev21591525n74">
<graphic id="nev13715086n1-nev21591525n75">
<href>0900c8af861c372#@#@#9#.jpeg</href>
</graphic>
<graphtext id="nev13715086n1-nev21591676n1">
<para id="nev13715086n1-nev21591525n72">
<ptxt id="nev13715086n1-nev21591525n73">Remove the nuts.</ptxt>
</para>
<para id="nev13715086n1-nev21591525n70">
<ptxt id="nev13715086n1-nev21591525n71">
<torque id="nev13715086n1-nev20582881n70">
<ref id="nev13715086n1-nev20582881n68"/>
</torque>
</ptxt>
</para>
</graphtext>
</grate>
</procstep>
<procstep id="nev13715086n1-nev20582881n66">
<grate id="nev13715086n1-nev21591525n68">
<graphic id="nev13715086n1-nev21591525n69">
<href>0900c8af8623441#@#@#9#.jpeg</href>
</graphic>
<graphtext id="nev13715086n1-nev21591683n1">
<para id="nev13715086n1-nev21591525n66">
<ptxt id="nev13715086n1-nev21591525n67">Remove the screws.</ptxt>
</para>
<para id="nev13715086n1-nev21591525n64">
<ptxt id="nev13715086n1-nev21591525n65">
<torque id="nev13715086n1-nev20582881n61">
<ref id="nev13715086n1-nev20582881n59"/>
</torque>
</ptxt>
</para>
</graphtext>
</grate>
</procstep>
<procstep id="nev13715086n1-nev20582881n57">
<grate id="nev13715086n1-nev21591525n62">
<graphic id="nev13715086n1-nev21591525n63">
<href>0900c8af8623441#@#@#9#.jpeg</href>
</graphic>
</grate>
</procstep>
<procstep id="nev13715086n1-nev20141783n4">
<list1 boilerplate="true" context="remove" enumtype="b" id="nev13715086n1-nev20141783n5" type="unordered">
<item id="nev13715086n1-nev21591525n61">
<ptxt id="nev13715086n1-nev21591525n59">Driveshaft left<xref boilerplate="true" id="nev13715086n1-nev21591525n60">
<ref id="nev13715086n1-nev21591525n58"/>
</xref>
</ptxt>
</item>
<item id="nev13715086n1-nev21591525n57">
<ptxt id="nev13715086n1-nev21591525n55">Drive shaft right<xref boilerplate="true" id="nev13715086n1-nev21591525n56">
<ref id="nev13715086n1-nev21591525n54"/>
</xref>
</ptxt>
</item>
<item id="nev13715086n1-nev21591525n53">
<ptxt id="nev13715086n1-nev21591525n52">the catalytic c#@#@#3#erter<xref boilerplate="true" id="nev13715086n1-0800c8af8460f637">
<ref id="nev13715086n1-nev20469202n86"/>
</xref>
</ptxt>
</item>
</list1>
</procstep>
<procstep id="nev13715086n1-nev20141793n8">
<grate id="nev13715086n1-nev21591525n50">
<graphic id="nev13715086n1-nev21591525n51">
<href>0900c8af861c069#@#@#9#.jpeg</href>
</graphic>
<graphtext id="nev13715086n1-nev21591702n1">
<list1 enumtype="n" id="nev13715086n1-nev20460407n7" type="ordered">
<item id="nev13715086n1-nev21591525n49">
<ptxt id="nev13715086n1-nev21591525n48">
<torque id="nev13715086n1-nev20460407n5">
<ref id="nev13715086n1-nev20460407n3"/>
</torque>
</ptxt>
</item>
<item id="nev13715086n1-nev21591525n47">
<ptxt id="nev13715086n1-nev21591525n46">
<torque id="nev13715086n1-nev20460407n1">
<ref id="nev13715086n1-nev20460418n99"/>
</torque>
</ptxt>
</item>
</list1>
</graphtext>
</grate>
</procstep>
<procstep id="nev13715086n1-nev20460418n57">
<grate id="nev13715086n1-nev21591525n44">
<graphic id="nev13715086n1-nev21591525n45">
<href>0900c8af861edd6#@#@#9#.jpeg</href>
</graphic>
<graphtext id="nev13715086n1-nev21591712n1">
<para id="nev13715086n1-nev21591525n42">
<ptxt id="nev13715086n1-nev21591525n43">Remove the nuts.</ptxt>
</para>
<para id="nev13715086n1-nev21591525n40">
<ptxt id="nev13715086n1-nev21591525n41">
<torque id="nev13715086n1-nev20469202n75">
<ref id="nev13715086n1-nev20469202n73"/>
</torque>
</ptxt>
</para>
</graphtext>
</grate>
</procstep>
<procstep id="nev13715086n1-nev20460418n72">
<grate id="nev13715086n1-nev21591525n38">
<graphic id="nev13715086n1-nev21591525n39">
<href>0900c8af861d5a6#@#@#9#.jpeg</href>
</graphic>
</grate>
</procstep>
<procstep id="nev13715086n1-nev20141793n5">
<grate id="nev13715086n1-nev21591525n36">
<graphic id="nev13715086n1-nev21591525n37">
<href>0900c8af849234e#@#@#9#.jpeg</href>
</graphic>
</grate>
</procstep>
<procstep id="nev13715086n1-nev20460418n90">
<grate id="nev13715086n1-nev21591525n34">
<graphic id="nev13715086n1-nev21591525n35">
<href>0900c8af861edd6#@#@#9#.jpeg</href>
</graphic>
<graphtext id="nev13715086n1-nev21591725n1">
<para id="nev13715086n1-nev21591525n32">
<ptxt id="nev13715086n1-nev21591525n33">
<toolitem boilerplate="true" id="nev13715086n1-nev20460418n86" imageid="0900c8af80054343"/>
<toolitem boilerplate="false" id="nev13715086n1-nev20460418n85" imageid="0900c8af80054352"/>
<toolitem boilerplate="false" id="nev13715086n1-nev20460418n84" imageid="0900c8af82451699"/>
<toolitem boilerplate="false" id="nev13715086n1-nev20460418n83" imageid="0900c8af861377ca"/>
</ptxt>
</para>
</graphtext>
</grate>
</procstep>
<procstep id="nev13715086n1-nev20460418n54">
<grate id="nev13715086n1-nev21591525n30">
<graphic id="nev13715086n1-nev21591525n31">
<href>0900c8af861ee52#@#@#9#.jpeg</href>
</graphic>
<graphtext id="nev13715086n1-nev21591741n1">
<para id="nev13715086n1-nev21591525n28">
<ptxt id="nev13715086n1-nev21591525n29">Remove the screw.</ptxt>
</para>
</graphtext>
</grate>
</procstep>
<procstep id="nev13715086n1-nev20460418n81">
<grate id="nev13715086n1-nev21591525n26">
<graphic id="nev13715086n1-nev21591525n27">
<href>0900c8af861edd6#@#@#9#.jpeg</href>
</graphic>
<graphtext id="nev13715086n1-nev21591745n1">
<para id="nev13715086n1-nev21591525n24">
<ptxt id="nev13715086n1-nev21591525n25">Install the screw.</ptxt>
</para>
<para id="nev13715086n1-nev21591525n22">
<ptxt id="nev13715086n1-nev21591525n23">
<torque id="nev13715086n1-nev20460418n76">
<ref id="nev13715086n1-nev20460418n74"/>
</torque>
</ptxt>
</para>
</graphtext>
</grate>
</procstep>
<procstep id="nev13715086n1-nev20460418n66">
<grate id="nev13715086n1-nev21591525n20">
<graphic id="nev13715086n1-nev21591525n21">
<href>0900c8af861c066#@#@#9#.jpeg</href>
</graphic>
<graphtext id="nev13715086n1-nev21591752n1">
<para id="nev13715086n1-nev21591525n18">
<ptxt id="nev13715086n1-nev21591525n19">Remove the screws.</ptxt>
</para>
<para id="nev13715086n1-nev21591525n16">
<ptxt id="nev13715086n1-nev21591525n17">
<torque id="nev13715086n1-nev20469202n49">
<ref id="nev13715086n1-nev20469202n47"/>
</torque>
</ptxt>
</para>
</graphtext>
</grate>
</procstep>
<procstep id="nev13715086n1-nev20460418n60">
<grate id="nev13715086n1-nev21591525n14">
<graphic id="nev13715086n1-nev21591525n15">
<href>0900c8af861c066#@#@#9#.jpeg</href>
</graphic>
<graphtext id="nev13715086n1-nev21591759n1">
<para id="nev13715086n1-nev21591525n12">
<ptxt id="nev13715086n1-nev21591525n13">Remove the screws.</ptxt>
</para>
<para id="nev13715086n1-nev21591525n10">
<ptxt id="nev13715086n1-nev21591525n11">
<torque id="nev13715086n1-nev20469202n41">
<ref id="nev13715086n1-nev20469202n39"/>
</torque>
</ptxt>
</para>
</graphtext>
</grate>
</procstep>
<procstep id="nev13715086n1-nev20141796n3">
<grate id="nev13715086n1-nev21591525n8">
<graphic id="nev13715086n1-nev21591525n9">
<href>0900c8af8492001#@#@#9#.jpeg</href>
</graphic>
<graphtext id="nev13715086n1-nev21591766n1">
<note id="nev13715086n1-0800c8af844a4396">
<ptxt>Make sure that #@#@#15#atch.</ptxt>
</note>
</graphtext>
</grate>
</procstep>
<procstep id="nev13715086n1-nev20460418n48">
<grate id="nev13715086n1-nev21591525n6">
<graphic id="nev13715086n1-nev21591525n7">
<href>0900c8af861ee59#@#@#9#.jpeg</href>
</graphic>
<graphtext id="nev13715086n1-nev21591770n1">
<note id="nev13715086n1-0800c8af844a430a">
<ptxt>This step is on#@#@#40#nent.</ptxt>
</note>
<para id="nev13715086n1-nev21591525n4">
<ptxt id="nev13715086n1-nev21591525n5">Remove the screws.</ptxt>
</para>
<para id="nev13715086n1-nev21591525n2">
<ptxt id="nev13715086n1-nev21591525n3">
<torque id="nev13715086n1-nev20460418n42">
<ref id="nev13715086n1-nev20460418n40"/>
</torque>
</ptxt>
</para>
</graphtext>
</grate>
</procstep>
</stepgrp>
<stepgrp boilerplate="false" context="" id="nev13715086n1-nev21591525n1">
<title id="nev13715086n1-0800c8af844a46f9">Installation</title>
<procstep id="nev13715086n1-nev20141799n4">
<para id="nev13715086n1-nev21591526n99">
<ptxt id="nev13715086n1-nev21591526n100">To install, rev#@#@#22#dure.</ptxt>
</para>
</procstep>
<procstep id="nev13715086n1-nev20436256n41">
<para id="nev13715086n1-nev21591526n97">
<ptxt id="nev13715086n1-nev21591526n98">Fill cooling sy#@#@#32#eding<xref boilerplate="true" id="nev13715086n1-0800c8af848d56bb">
<ref id="nev13715086n1-nev20436256n38"/>
</xref>
</ptxt>
</para>
</procstep>
<procstep id="nev13715086n1-nev20141799n8">
<para id="nev13715086n1-nev21591526n95">
<ptxt id="nev13715086n1-nev21591526n96">Carry out: gear#@#@#16#check<xref boilerplate="true" id="nev13715086n1-0800c8af845498b0">
<ref id="nev13715086n1-nev20141800n3"/>
</xref>
</ptxt>
</para>
</procstep>
<procstep id="nev13715086n1-nev20141800n4">
<note id="nev13715086n1-0800c8af844a430a">
<ptxt>This step is on#@#@#40#nent.</ptxt>
</note>
</procstep>
<procstep id="nev13715086n1-nev20141800n7">
<para id="nev13715086n1-nev21591526n93">
<ptxt id="nev13715086n1-nev21591526n94">Order and downl#@#@#21#g to:<swfunction action="order" id="nev13715086n1-nev20460418n31"/>
</ptxt>
</para>
</procstep>
</stepgrp>
</procedure>
</servinfosub>