<?xml version="1.0" encoding="UTF-8"?><servinfosub IE-ID="en-US0900c8af87023c08" docno="VCC-371105" id="nev13719993n1" original="sv-SE" servinfosubId="nev13719994n1-nev24285746n1" servinfosubRes="0900c8af873cfd13" servinfosubRes2="urn:x-nevis:fragment:0900c8af87023c08:0900c8af873cfd13#nev24285746n1" xml:lang="en-US">
<operationnumbers>
<operationnumber>85114-2</operationnumber>
</operationnumbers>
<title id="nev13719988n85">Panel, D-pillar</title>
<procedure id="nev13719994n1-nev24932130n92">
<stepgrp boilerplate="false" context="" id="nev13719994n1-nev25020041n54">
<title id="nev13719994n1-0800c8af844a46f6">Removal</title>
<procstep id="nev13719994n1-nev24932130n89">
<grate id="nev13719994n1-nev25020041n52">
<graphic id="nev13719994n1-nev25020041n53">
<href>0900c8af87346e3#@#@#9#.jpeg</href>
</graphic>
</grate>
</procstep>
<procstep id="nev13719994n1-nev24939155n14">
<grate id="nev13719994n1-nev25020041n50">
<graphic id="nev13719994n1-nev25020041n51">
<href>0900c8af8734d94#@#@#9#.jpeg</href>
</graphic>
<graphtext id="nev13719994n1-nev25021791n1">
<para id="nev13719994n1-nev25020041n48">
<ptxt id="nev13719994n1-nev25020041n49">Remove the screws.</ptxt>
</para>
</graphtext>
</grate>
</procstep>
<procstep id="nev13719994n1-nev24939155n9">
<grate id="nev13719994n1-nev25020041n46">
<graphic id="nev13719994n1-nev25020041n47">
<href>0900c8af8734dae#@#@#9#.jpeg</href>
</graphic>
<graphtext id="nev13719994n1-nev25021795n1">
<para id="nev13719994n1-nev25020041n44">
<ptxt id="nev13719994n1-nev25020041n45">Remove the part#@#@#5#fully</ptxt>
</para>
</graphtext>
</grate>
</procstep>
<procstep id="nev13719994n1-nev24939155n4">
<grate id="nev13719994n1-nev25020041n42">
<graphic id="nev13719994n1-nev25020041n43">
<href>0900c8af8734dae#@#@#9#.jpeg</href>
</graphic>
<graphtext id="nev13719994n1-nev25021799n1">
<para id="nev13719994n1-nev25020041n40">
<ptxt id="nev13719994n1-nev25020041n41">Remove the mark#@#@#3#part.</ptxt>
</para>
</graphtext>
</grate>
</procstep>
</stepgrp>
<stepgrp boilerplate="false" context="" id="nev13719994n1-nev24939155n1">
<title id="nev13719994n1-nev25020041n39">Installation</title>
<procstep id="nev13719994n1-nev25020041n38">
<para id="nev13719994n1-nev25020041n36">
<ptxt id="nev13719994n1-nev25020041n37">To install, rev#@#@#22#dure.</ptxt>
</para>
</procstep>
</stepgrp>
</procedure>
</servinfosub>