<?xml version="1.0" encoding="UTF-8"?><servinfosub IE-ID="en-US0900c8af8168a40b" docno="VCC-154269" id="KC05344241" xml:lang="en-US">
<title>
<phrase category="" id="KC07878638" phrase-urn="urn:x-nevis:phrase:0800c8af81c2de04">Diagnostic trou#@#@#34#2 (A)</phrase>
</title>
<diagnostic type="condition">
<condgrp>
<condition type="condition">
<grate>
<graphic id="KC07878639">
<href>0900c8af8073139#@#@#9#.jpeg</href>
</graphic>
<graphtext>
<para>
<ptxt>
<phrase category="" id="KC07878640" phrase-urn="urn:x-nevis:phrase:0800c8af81c2de05">The central ele#@#@#79#edal.</phrase>
</ptxt>
<ptxt>
<phrase category="" id="KC07878641" phrase-urn="urn:x-nevis:phrase:0800c8af81c2de06">The diagnostic #@#@#72#gnal.</phrase>
</ptxt>
<ptxt>
<phrase category="" id="KC07878642" phrase-urn="urn:x-nevis:phrase:0800c8af81c2de07">The diagnostic #@#@#70#r II.</phrase>
</ptxt>
</para>
</graphtext>
</grate>
</condition>
</condgrp>
<condgrp>
<condition type="substitution">
<list1 enumtype="d">
<item>
<ptxt>
<phrase category="" id="KC07878643" phrase-urn="urn:x-nevis:phrase:0800c8af81c2de08">Cruise control #@#@#8# off.</phrase>
</ptxt>
</item>
</list1>
</condition>
<ps>
<list1 enumtype="d" type="unordered">
<item>
<ptxt>
<phrase category="" id="KC07878644" phrase-urn="urn:x-nevis:phrase:0800c8af81c2de09">Open-circuit in#@#@#12#cable</phrase>
</ptxt>
</item>
<item>
<ptxt>
<phrase category="" id="KC07878645" phrase-urn="urn:x-nevis:phrase:0800c8af81c2de0a">Incorrectly ins#@#@#23#ensor</phrase>
</ptxt>
</item>
<item>
<ptxt>
<phrase category="" id="KC07878646" phrase-urn="urn:x-nevis:phrase:0800c8af81c2de0b">Damaged pedal p#@#@#10#nsor.</phrase>
</ptxt>
</item>
</list1>
</ps>
</condgrp>
<condgrp>
<condition type="symptom">
<list1 enumtype="d" type="unordered">
<item>
<ptxt>
<phrase category="" id="KC07878647" phrase-urn="urn:x-nevis:phrase:0800c8af81c2de0c">Cruise control #@#@#21#all. </phrase>
</ptxt>
</item>
</list1>
</condition>
</condgrp>
</diagnostic>
</servinfosub>