<?xml version="1.0" encoding="UTF-8"?><script xmlns:nevis="http://www.volvocars.com/namespaces/processing" xmlns:xlink="http://www.w3.org/1999/xlink" IE-ID="en-US0900c8af81b5f40b" docno="VCC-230537" id="nev9960359n1" nevis:expl-profile="mdl544yr2004, mdl545yr2004, mdl544yr2005, mdl545yr2005, mdl542yr2006, mdl544yr2006, mdl545yr2006, mdl542yr2007, mdl544yr2007, mdl545yr2007, mdl533yr2007, mdl544yr2008, mdl545yr2008, mdl533yr2008, mdl542yr2008, mdl533yr2009, mdl544yr2009, mdl545yr2009, mdl542yr2009, mdl544yr2010, mdl545yr2010, mdl542yr2010, mdl533yr2010, mdl533yr2011, mdl545yr2011, mdl542yr2011, mdl544yr2011, mdl544yr2012, mdl545yr2012, mdl533yr2012, mdl542yr2012, mdl530yr2011, mdl542yr2013, mdl533yr2013, mdl530yr2012, mdl530yr2013" nevis:profile="urn:x-nevis:profile:0b00c8af8020c058 urn:x-nevis:profile:0b00c8af8020c05a urn:x-nevis:profile:0b00c8af80da257b urn:x-nevis:profile:0b00c8af80da257d urn:x-nevis:profile:0b00c8af817ac33f urn:x-nevis:profile:0b00c8af823216e9 urn:x-nevis:profile:0b00c8af823216ee urn:x-nevis:profile:0b00c8af82e3ac56 urn:x-nevis:profile:0b00c8af82e5d02d urn:x-nevis:profile:0b00c8af82e5d352 urn:x-nevis:profile:0b00c8af82febdf9 urn:x-nevis:profile:0b00c8af839eaa60 urn:x-nevis:profile:0b00c8af839eacfa urn:x-nevis:profile:0b00c8af83aff6b3 urn:x-nevis:profile:0b00c8af83affa46 urn:x-nevis:profile:0b00c8af83f19e63 urn:x-nevis:profile:0b00c8af83f1a51f urn:x-nevis:profile:0b00c8af83f1a8d8 urn:x-nevis:profile:0b00c8af83f1ad9d urn:x-nevis:profile:0b00c8af8414dfad urn:x-nevis:profile:0b00c8af8414e27e urn:x-nevis:profile:0b00c8af8415509d urn:x-nevis:profile:0b00c8af841552ad urn:x-nevis:profile:0b00c8af847139c0 urn:x-nevis:profile:0b00c8af847139e3 urn:x-nevis:profile:0b00c8af847139e4 urn:x-nevis:profile:0b00c8af847139e6 urn:x-nevis:profile:0b00c8af84eb810f urn:x-nevis:profile:0b00c8af84eb8110 urn:x-nevis:profile:0b00c8af84eb8111 urn:x-nevis:profile:0b00c8af84eb8113 urn:x-nevis:profile:0b00c8af8512644f urn:x-nevis:profile:0b00c8af8520c261 urn:x-nevis:profile:0b00c8af8520c39e urn:x-nevis:profile:0b00c8af85330427 urn:x-nevis:profile:0b00c8af8568d0bf" nevis:projectdocument="urn:x-nevis:projectdocument:0800c8af81b5f40a" nevis:resource="0900c8af81d74730" nevis:resource2="urn:x-nevis:fragment:0900c8af81b5f40b:0900c8af81d74730#nev9960359n1" nevis:session-id="" qualifierinfotype="14:00" type="" xml:lang="en-US"><title>ACCELERATOR PED#@#@#28#TATUS</title><content gui="1" height="150" id="nev9960360n1-nev9960359n3" nevis:expl-profile="mdl544yr2004, mdl545yr2004, mdl544yr2005, mdl545yr2005, mdl542yr2006, mdl544yr2006, mdl545yr2006, mdl542yr2007, mdl544yr2007, mdl545yr2007, mdl533yr2007, mdl544yr2008, mdl545yr2008, mdl533yr2008, mdl542yr2008, mdl533yr2009, mdl544yr2009, mdl545yr2009, mdl542yr2009, mdl544yr2010, mdl545yr2010, mdl542yr2010, mdl533yr2010, mdl533yr2011, mdl545yr2011, mdl542yr2011, mdl544yr2011, mdl544yr2012, mdl545yr2012, mdl533yr2012, mdl542yr2012, mdl530yr2011, mdl542yr2013, mdl533yr2013, mdl530yr2012, mdl530yr2013" nevis:idfrom="nev9960360n1" nevis:prefix="nev9960360n1" nevis:profile="urn:x-nevis:profile:0b00c8af8020c058 urn:x-nevis:profile:0b00c8af8020c05a urn:x-nevis:profile:0b00c8af80da257b urn:x-nevis:profile:0b00c8af80da257d urn:x-nevis:profile:0b00c8af817ac33f urn:x-nevis:profile:0b00c8af823216e9 urn:x-nevis:profile:0b00c8af823216ee urn:x-nevis:profile:0b00c8af82e3ac56 urn:x-nevis:profile:0b00c8af82e5d02d urn:x-nevis:profile:0b00c8af82e5d352 urn:x-nevis:profile:0b00c8af82febdf9 urn:x-nevis:profile:0b00c8af839eaa60 urn:x-nevis:profile:0b00c8af839eacfa urn:x-nevis:profile:0b00c8af83aff6b3 urn:x-nevis:profile:0b00c8af83affa46 urn:x-nevis:profile:0b00c8af83f19e63 urn:x-nevis:profile:0b00c8af83f1a51f urn:x-nevis:profile:0b00c8af83f1a8d8 urn:x-nevis:profile:0b00c8af83f1ad9d urn:x-nevis:profile:0b00c8af8414dfad urn:x-nevis:profile:0b00c8af8414e27e urn:x-nevis:profile:0b00c8af8415509d urn:x-nevis:profile:0b00c8af841552ad urn:x-nevis:profile:0b00c8af847139c0 urn:x-nevis:profile:0b00c8af847139e3 urn:x-nevis:profile:0b00c8af847139e4 urn:x-nevis:profile:0b00c8af847139e6 urn:x-nevis:profile:0b00c8af84eb810f urn:x-nevis:profile:0b00c8af84eb8110 urn:x-nevis:profile:0b00c8af84eb8111 urn:x-nevis:profile:0b00c8af84eb8113 urn:x-nevis:profile:0b00c8af8512644f urn:x-nevis:profile:0b00c8af8520c261 urn:x-nevis:profile:0b00c8af8520c39e urn:x-nevis:profile:0b00c8af85330427 urn:x-nevis:profile:0b00c8af8568d0bf" nevis:resource="0900c8af81d7472e" nevis:resource2="urn:x-nevis:fragment:0900c8af81b5f40b:0900c8af81d7472e#nev9960359n3" width="400" xml:lang="en-US"><nodes id="nev9960360n1-nev9960362n1"><node class="Components.StartNode" id="nev9960360n1-nev9960363n1" nodeid="Start" x="17" y="58"/><node class="Components.Gui.ParameterLabel" id="nev9960360n1-nev9960364n1" nodeid="ParameterLabel1" x="611" y="7"><gui height="70" id="nev9960360n1-nev9960365n1" width="380" x="10" y="10"/><property class="Parameter" id="nev9960360n1-nev9960366n1" name="Parameter" type="In" value="" visible="1"/><property class="String" id="nev9960360n1-nev9960367n1" name="Title" type="In" value="" visible="1"/><property class="String" id="nev9960360n1-nev9960368n1" name="Value" type="In" value="" visible="1"/><property class="String" id="nev9960360n1-nev9960369n1" name="Unit" type="In" value="" visible="1"/></node><node class="Components.ScriptComponent" id="nev9960360n1-nev9960370n1" nodeid="ScriptComponent1" x="351" y="388"/><node class="Components.ScriptButton" id="nev9960360n1-nev9960371n1" nodeid="ScriptButton1" x="27" y="387"><gui height="30" id="nev9960360n1-nev9960372n1" width="110" x="280" y="100"/><property class="String" id="nev9960360n1-nev9960373n1" name="Text" type="In" value="Hide" visible="0"/><property class="String" id="nev9960360n1-nev9960374n1" name="StartDisabled" type="Internal" value="false" visible="1"/><extension id="nev9960360n1-nev9960375n1"><phrase category="Faulttracing" id="nev9960360n1-nev9960361n1" phrase-urn="urn:x-nevis:phrase:0800c8af81b6b138">Hide</phrase></extension></node><node class="Components.IdentifierComponent" id="nev9960360n1-nev9960376n1" nodeid="IdentifierComponent1" x="356" y="2"><property class="Parameter" id="nev9960360n1-nev9960377n1" name="Accelerator pedal input signal, analogue" type="Out" value="" visible="1"/><extension id="nev9960360n1-nev9960378n1"><identifier ecu="372302" ecuMode="EcuType" id="nev9960360n1-nev9960379n1" read="4" type="REID" value="3F92"><parameter id="nev9960360n1-nev9960380n1" name="Accelerator pedal input signal, analogue" textid="6331"/></identifier></extension></node><node class="Components.Repeater" id="nev9960360n1-nev9960381n1" nodeid="Repeater1" x="224" y="64"/></nodes><handlers id="nev9960360n1-nev9960382n1"><eventhandler id="nev9960360n1-nev9960383n1" name="OnStart" node="Start"><call id="nev9960360n1-nev9960384n1" method="UpdateTitles" node="IdentifierComponent1"/><call id="nev9960360n1-nev9960385n1" method="Start" node="Repeater1"/></eventhandler><eventhandler id="nev9960360n1-nev9960386n1" name="Click" node="ScriptButton1"><call id="nev9960360n1-nev9960387n1" method="CloseDialog" node="ScriptComponent1"/></eventhandler><eventhandler id="nev9960360n1-nev9960388n1" name="OnRepeat" node="Repeater1"><call id="nev9960360n1-nev9960389n1" method="Read" node="IdentifierComponent1"/></eventhandler><propertyhandler id="nev9960360n1-nev9960390n1" name="Accelerator pedal input signal, analogue" node="IdentifierComponent1"><set id="nev9960360n1-nev9960391n1" node="ParameterLabel1" property="Parameter"/></propertyhandler></handlers></content></script>