<?xml version="1.0" encoding="UTF-8"?><servinfosub IE-ID="en-US0900c8af85d41111" docno="VCC-456989" id="nev18556379n1" original="sv-SE" servinfosubId="nev20689184n1-nev20689184n2" servinfosubRes="0900c8af862c3fd2" servinfosubRes2="urn:x-nevis:fragment:0900c8af85d41111:0900c8af862c3fd2#nev20689184n2" xml:lang="en-US">
<title id="nev18556379n2">System overview</title>
<topic id="nev20689184n1-nev18556379n3">
<title id="nev20689184n1-nev18556379n4">Control module</title>
<grate id="nev20689184n1-nev18556379n5" pgwide="1">
<graphic id="nev20689184n1-nev18556379n6">
<href>0900c8af85b6317#@#@#10#.jpeg</href>
</graphic>
</grate>
<warning id="nev20689184n1-nev18663235n247">
<ptxt id="nev20689184n1-nev18663235n243">High voltage sy#@#@#6#00 V!</ptxt>
<ptxt id="nev20689184n1-nev18663235n242">Observe the saf#@#@#72#icle!</ptxt>
<ptxt id="nev20689184n1-nev18663235n241">For further inf#@#@#10#see: <xref id="nev20689184n1-nev18663235n240">
<ref id="nev20689184n1-nev18663235n239"/>
</xref>
</ptxt>
</warning>
<para id="nev20689184n1-nev18556379n7">
<ptxt id="nev20689184n1-nev18556379n8">The On-Board Ch#@#@#113#tery.</ptxt>
<ptxt id="nev20689184n1-nev18556398n244">All communicati#@#@#86# (2).</ptxt>
<ptxt id="nev20689184n1-nev19141034n244">The sole task o#@#@#78#OBC).</ptxt>
<ptxt id="nev20689184n1-nev18556398n243">Communication b#@#@#70#-CAN.</ptxt>
<ptxt id="nev20689184n1-nev18556398n242">Gateway OBC is #@#@#134#OBC).</ptxt>
</para>
<para id="nev20689184n1-nev18556379n9">
<ptxt id="nev20689184n1-nev18556379n10">The task of the#@#@#471#cord.</ptxt>
</para>
<para id="nev20689184n1-nev18556380n1">
<ptxt id="nev20689184n1-nev18556380n2">If the temperat#@#@#392#life.</ptxt>
<ptxt id="nev20689184n1-nev19141034n240">Charging works #@#@#49#0 °C.</ptxt>
</para>
<para id="nev20689184n1-nev19141034n239">
<ptxt id="nev20689184n1-nev19141034n238">The internal te#@#@#378#rmal.</ptxt>
</para>
<note id="nev20689184n1-nev18556380n3">
<ptxt id="nev20689184n1-nev18556380n4">For safety, an #@#@#383#pted.</ptxt>
<ptxt id="nev20689184n1-nev19141034n237">The Inverter El#@#@#309#BECM.</ptxt>
</note>
</topic>
<topic id="nev20689184n1-nev18556380n7">
<title id="nev20689184n1-nev18556380n8">Signals</title>
<para id="nev20689184n1-nev18556380n9">
<ptxt id="nev20689184n1-nev18556380n10">The table below#@#@#161# CAN.</ptxt>
</para>
<para id="nev20689184n1-nev18556381n1">
<ptxt id="nev20689184n1-nev18556381n2">Information is #@#@#90#-CAN.</ptxt>
</para>
<table frame="all" id="nev20689184n1-nev18556381n3" pgwide="1">
<tgroup cols="2" id="nev20689184n1-nev18556381n4">
<colspec colname="col1" colwidth="50*" id="nev20689184n1-nev18556381n5"/>
<colspec colname="col2" colwidth="50*" id="nev20689184n1-nev18556381n6"/>
<tbody id="nev20689184n1-nev18556381n7">
<row id="nev20689184n1-nev18556381n8">
<entry id="nev20689184n1-nev18556381n9" morerows="0" rotate="0">
<title id="nev20689184n1-nev18556381n10">Input signals</title>
</entry>
<entry id="nev20689184n1-nev18556382n1" morerows="0" rotate="0">
<title id="nev20689184n1-nev18556382n2">Output signals</title>
</entry>
</row>
<row id="nev20689184n1-nev18556382n3">
<entry id="nev20689184n1-nev18556382n4" morerows="0" rotate="0" rowsep="0">
<ptxt id="nev20689184n1-nev18556382n5">
<emph etype="bold" id="nev20689184n1-nev18556382n6">Directly connected:</emph>
</ptxt>
</entry>
<entry id="nev20689184n1-nev18556382n7" morerows="0" rotate="0" rowsep="0">
<ptxt id="nev20689184n1-nev18556382n8">
<emph etype="bold" id="nev20689184n1-nev18556382n9">Directly connected:</emph>
</ptxt>
</entry>
</row>
<row id="nev20689184n1-nev18556382n10">
<entry id="nev20689184n1-nev18556383n1" morerows="0" rotate="0">
<list1 enumtype="d" id="nev20689184n1-nev18556383n2" type="unordered">
<item id="nev20689184n1-nev18556383n3">
<ptxt id="nev20689184n1-nev18556383n4">Charging socket#@#@#3#7/49)</ptxt>
</item>
</list1>
</entry>
<entry id="nev20689184n1-nev18556383n7" morerows="0" rotate="0">
<list1 enumtype="d" id="nev20689184n1-nev18556383n8" type="unordered">
<item id="nev20689184n1-nev18556383n9">
<ptxt id="nev20689184n1-nev18556383n10">Charging socket#@#@#3#7/49)</ptxt>
</item>
<item id="nev20689184n1-nev18556384n1">
<ptxt id="nev20689184n1-nev18556384n2">Engine block he#@#@#6#9/41)</ptxt>
</item>
</list1>
</entry>
</row>
<row id="nev20689184n1-nev18556384n5">
<entry id="nev20689184n1-nev18556384n6" morerows="0" rotate="0" rowsep="0">
<ptxt id="nev20689184n1-nev18556384n7">
<emph etype="bold" id="nev20689184n1-nev18556384n8">Communication v#@#@#5# CAN:</emph>
</ptxt>
</entry>
<entry id="nev20689184n1-nev18556384n9" morerows="0" rotate="0" rowsep="0">
<ptxt id="nev20689184n1-nev18556384n10">
<emph etype="bold" id="nev20689184n1-nev18556385n1">Communication v#@#@#5# CAN:</emph>
</ptxt>
</entry>
</row>
<row id="nev20689184n1-nev18556385n2">
<entry id="nev20689184n1-nev18556385n3" morerows="0" rotate="0">
<list1 enumtype="d" id="nev20689184n1-nev18556385n4" type="unordered">
<item id="nev20689184n1-nev18556386n1">
<ptxt id="nev20689184n1-nev18556386n2">Central electro#@#@#11#(CEM)</ptxt>
</item>
<item id="nev20689184n1-nev18556385n5">
<ptxt id="nev20689184n1-nev18556385n6">Engine control #@#@#7#(ECM)</ptxt>
</item>
<item id="nev20689184n1-nev18556385n7">
<ptxt id="nev20689184n1-nev18556385n8">Battery Energy #@#@#16#BECM)</ptxt>
</item>
</list1>
</entry>
<entry id="nev20689184n1-nev18556387n1" morerows="0" rotate="0">
<list1 enumtype="d" id="nev20689184n1-nev18556387n2" type="unordered">
<item id="nev20689184n1-nev18556387n5">
<ptxt id="nev20689184n1-nev18556387n6">Central electro#@#@#11#(CEM)</ptxt>
</item>
<item id="nev20689184n1-nev18556387n3">
<ptxt id="nev20689184n1-nev18556387n4">Engine control #@#@#7#(ECM)</ptxt>
</item>
<item id="nev20689184n1-nev18556387n7">
<ptxt id="nev20689184n1-nev18556387n8">Climate control#@#@#8#(CCM)</ptxt>
</item>
<item id="nev20689184n1-nev18556388n7">
<ptxt id="nev20689184n1-nev18556388n8">Driver informat#@#@#11#(DIM)</ptxt>
</item>
</list1>
</entry>
</row>
<row id="nev20689184n1-nev18556388n9">
<entry id="nev20689184n1-nev18556388n10" morerows="0" rotate="0" rowsep="0">
<ptxt id="nev20689184n1-nev18556389n1">
<emph etype="bold" id="nev20689184n1-nev18556389n2">Communication v#@#@#9#-CAN:</emph>
</ptxt>
</entry>
<entry id="nev20689184n1-nev18556389n3" morerows="0" rotate="0" rowsep="0">
<ptxt id="nev20689184n1-nev18556389n4">
<emph etype="bold" id="nev20689184n1-nev18556389n5">Communication v#@#@#9#-CAN:</emph>
</ptxt>
</entry>
</row>
<row id="nev20689184n1-nev18556389n6">
<entry id="nev20689184n1-nev18556389n7" morerows="0" rotate="0">
<list1 enumtype="d" id="nev20689184n1-nev18556389n8" type="unordered">
<item id="nev20689184n1-nev18556389n9">
<ptxt id="nev20689184n1-nev18556389n10">On-Board Charge#@#@#16#26/9)</ptxt>
</item>
</list1>
</entry>
<entry id="nev20689184n1-nev18556390n5" morerows="0" rotate="0">
<list1 enumtype="d" id="nev20689184n1-nev18556390n6" type="unordered">
<item id="nev20689184n1-nev18556390n7">
<ptxt id="nev20689184n1-nev18556390n8">On-Board Charge#@#@#16#26/9)</ptxt>
</item>
</list1>
</entry>
</row>
</tbody>
</tgroup>
</table>
<grate id="nev20689184n1-nev18659626n247" pgwide="1">
<graphic id="nev20689184n1-nev18659626n246">
<href>0900c8af85bd299#@#@#11#.jpeg</href>
</graphic>
</grate>
</topic>
</servinfosub>