<?xml version="1.0" encoding="UTF-8"?><servinfo IE-ID="en-US0900c8af8439f111" docno="VCC-357169" id="nev13525384n1" original="sv-SE" xml:lang="en-US">
<title id="nev13525384n2">Sensors for che#@#@#16#ystem</title>
<ref id="nev13525384n3"/>
<ref id="nev13525384n4"/>
<ref id="nev13525384n5"/>
<ref id="nev13525384n6"/>
<ref id="nev13525384n7"/>
<ref id="nev13525384n8"/>
<ref id="nev13525384n9"/>
<ref id="nev13525384n10"/>
<ref id="nev13525385n1"/>
<ref id="nev13525386n63"/>
<ref id="nev13525389n233"/>
<ref id="nev13525389n153"/>
<ref id="nev13525385n2"/>
<ref id="nev13525385n3"/>
<ref id="nev13525385n4"/>
<ref id="nev13525385n5"/>
<ref id="nev13525905n156"/>
</servinfo>