<?xml version="1.0" encoding="UTF-8"?><servinfosub IE-ID="en-US0900c8af81a9c111" docno="VCC-161098" id="KC07228979" xml:lang="en-US">
<title>
<phrase category="" id="KC09554532" phrase-urn="urn:x-nevis:phrase:0800c8af8271ebdd">Faulty signal</phrase>
</title>
<diagnostic j2008use="1" paperuse="1" screenuse="1" type="test">
<testgrp IE-ID="en-US0900c8af81a9c111_KC07232945" id="KC07232945" j2008use="1" paperuse="1" resumable="1" screenuse="1" testgrp-id="node1" x="120" y="40">
<title>
<phrase category="" id="KC09554533" phrase-urn="urn:x-nevis:phrase:0800c8af8271ebdf">Fault-tracing i#@#@#5#ation</phrase>
</title>
<subcalloutnode>
<diagcallout>
<xref>
<ref id="KC09554534"/>
</xref>
</diagcallout>
<rescall-grp>
<result comp="string" highlight="0" op="eq" return="cont"/>
<calloutaction>
<ptxt>
<xref>
<ref id="KC09554535"/>
</xref>
</ptxt>
</calloutaction>
</rescall-grp>
</subcalloutnode>
</testgrp>
<testgrp id="KC07232946" j2008use="1" paperuse="1" resumable="1" screenuse="1" testgrp-id="node1a" x="120" y="120">
<title>
<phrase category="" id="KC09554536" phrase-urn="urn:x-nevis:phrase:0800c8af8271ebe0">Checking the fa#@#@#5#tatus</phrase>
</title>
<node>
<test1>
<diaglist>
<dgraphic>
<dgraphic1>
<graphic id="KC09554537">
<href>0900c8af80054d3#@#@#9#.jpeg</href>
</graphic>
</dgraphic1>
</dgraphic>
<ditem>
<ptxt>
<phrase category="" id="KC09554538" phrase-urn="urn:x-nevis:phrase:0800c8af8271ebe1">Start the engine.</phrase>
</ptxt>
</ditem>
</diaglist>
<test2>
<para>
<ptxt>
<phrase category="" id="KC09554539" phrase-urn="urn:x-nevis:phrase:0800c8af8271ebe2">Read off the di#@#@#136#list.</phrase>
</ptxt>
</para>
<para>
<ptxt>
<phrase category="" id="KC09554540" phrase-urn="urn:x-nevis:phrase:0800c8af8271ebe3">Check whether t#@#@#133#ed". </phrase>
</ptxt>
</para>
<hint>
<ptxt>
<phrase category="" id="KC09554541" phrase-urn="urn:x-nevis:phrase:0800c8af8271ebe4">In some cases s#@#@#108#tic. </phrase>
</ptxt>
</hint>
<para>
<ptxt>
<phrase category="" id="KC09554542" phrase-urn="urn:x-nevis:phrase:0800c8af8271ebe6">The fault is pe#@#@#132#tive.</phrase>
</ptxt>
</para>
<diaglist>
<dgraphic>
<dgraphic2>
<graphic id="KC09554543">
<href>0900c8af86c8681#@#@#9#.jpeg</href>
</graphic>
<smarttool active="press" id="KC09554544" toolname="XECM1006"/>
</dgraphic2>
</dgraphic>
<ditem>
<ditemtext>
<ptxt>
<phrase category="" id="KC09554545" phrase-urn="urn:x-nevis:phrase:0800c8af8271ebe7"/>
</ptxt>
</ditemtext>
</ditem>
</diaglist>
</test2>
</test1>
<question>
Select Continue.
</question>
<resact-grp>
<result button="cont" comp="button" highlight="0"/>
<action j2008use="1" paperuse="1" screenuse="1">
<ptxt>
<xref>
<ref id="KC09554547"/>
</xref>
</ptxt>
</action>
</resact-grp>
</node>
</testgrp>
<testgrp id="KC07232947" j2008use="1" paperuse="1" resumable="1" screenuse="1" testgrp-id="node2" x="120" y="200">
<title>
<phrase category="" id="KC09554548" phrase-urn="urn:x-nevis:phrase:0800c8af8271ebe9">Checking compon#@#@#10#iring</phrase>
</title>
<node>
<test1>
<diaglist>
<dgraphic>
<dgraphic1>
<graphic id="KC09554549">
<href>0900c8af80054d4#@#@#9#.jpeg</href>
</graphic>
</dgraphic1>
</dgraphic>
<ditem>
<ptxt>
<phrase category="" id="KC09554550" phrase-urn="urn:x-nevis:phrase:0800c8af8271ebea">Ignition off</phrase>
</ptxt>
</ditem>
<ditem>
<ptxt>
<phrase category="" id="KC09554551" phrase-urn="urn:x-nevis:phrase:0800c8af8271ebeb">Check the throt#@#@#91#tion.</phrase>
</ptxt>
</ditem>
</diaglist>
<test2>
<para>
<ptxt>
<phrase category="" id="KC09554552" phrase-urn="urn:x-nevis:phrase:0800c8af8271ebec">Check the resis#@#@#184#cuit.</phrase>
</ptxt>
</para>
<note>
<ptxt>
<phrase category="" id="KC09554553" phrase-urn="urn:x-nevis:phrase:0800c8af8271ebed">The resistance #@#@#49#low. </phrase>
</ptxt>
</note>
<para>
<ptxt>
<phrase category="" id="KC09554554" phrase-urn="urn:x-nevis:phrase:0800c8af8271ebee">Check the cable#@#@#238#tage.</phrase>
</ptxt>
</para>
<para>
<ptxt>
<phrase category="" id="KC09554555" phrase-urn="urn:x-nevis:phrase:0800c8af8271ebef">Check the cable#@#@#238#tage.</phrase>
</ptxt>
</para>
<para>
<ptxt>
<phrase category="" id="KC09554556" phrase-urn="urn:x-nevis:phrase:0800c8af8271ebf0">Also check the #@#@#68#ther.</phrase>
</ptxt>
</para>
<ptxt>
<phrase category="" id="KC09554557" phrase-urn="urn:x-nevis:phrase:0800c8af8271ebf1">Check that the #@#@#72#ary. </phrase>
</ptxt>
<para>
<ptxt>
<phrase category="" id="KC09554558" phrase-urn="urn:x-nevis:phrase:0800c8af8271ebf2">Remedy as necessary.</phrase>
</ptxt>
</para>
<list1 enumtype="d" type="unordered">
<title>
<phrase category="" id="KC09554559" phrase-urn="urn:x-nevis:phrase:0800c8af8271ebf3">Other information:</phrase>
</title>
<item>
<ptxt>
<phrase category="" id="KC09554560" phrase-urn="urn:x-nevis:phrase:0800c8af8271ebf4">
<xref>
<ref id="KC09554561"/>
</xref>
</phrase>
</ptxt>
</item>
<item>
<ptxt>
<phrase category="" id="KC09554562" phrase-urn="urn:x-nevis:phrase:0800c8af8271ebf5">For information#@#@#34#nes: <xref>
<ref id="KC09554563"/>
</xref>
</phrase>
</ptxt>
</item>
<item>
<ptxt>
<phrase category="" id="KC09554564" phrase-urn="urn:x-nevis:phrase:0800c8af8271ebf6">For information#@#@#34#nes: <xref>
<ref id="KC09554565"/>
</xref>
</phrase>
</ptxt>
</item>
<item>
<ptxt>
<phrase category="" id="KC09554566" phrase-urn="urn:x-nevis:phrase:0800c8af8271ebf7">For resistance #@#@#3#ues: <xref>
<ref id="KC09554567"/>
</xref>
</phrase>
</ptxt>
</item>
<item>
<ptxt>
<phrase category="" id="KC09554568" phrase-urn="urn:x-nevis:phrase:0800c8af8271ebf8">
<xref>
<ref id="KC09554569"/>
</xref>
</phrase>
</ptxt>
</item>
<item>
<ptxt>
<phrase category="" id="KC09554570" phrase-urn="urn:x-nevis:phrase:0800c8af8271ebf9">
<xref>
<ref id="KC09554571"/>
</xref>
</phrase>
</ptxt>
</item>
<item>
<ptxt>
<phrase category="" id="KC09554572" phrase-urn="urn:x-nevis:phrase:0800c8af8271ebfa">
<xref>
<ref id="KC09554573"/>
</xref>
</phrase>
</ptxt>
</item>
<item>
<ptxt>
<phrase category="" id="KC09554574" phrase-urn="urn:x-nevis:phrase:0800c8af8271ebfb">
<xref>
<ref id="KC09554575"/>
</xref>
</phrase>
</ptxt>
</item>
</list1>
<diaglist>
<dgraphic>
<dgraphic1>
<graphic id="KC09554576">
<href>0900c8af8005b39#@#@#9#.jpeg</href>
</graphic>
</dgraphic1>
</dgraphic>
</diaglist>
<grate>
<graphic id="KC09554577">
<href>0900c8af8005ad8#@#@#9#.jpeg</href>
</graphic>
</grate>
</test2>
</test1>
<question>
Select Continue.
</question>
<resact-grp>
<result button="cont" comp="button" highlight="0"/>
<action j2008use="1" paperuse="1" screenuse="1">
<ptxt>
<xref>
<ref id="KC09554579"/>
</xref>
</ptxt>
</action>
</resact-grp>
</node>
</testgrp>
<testgrp id="KC07232948" j2008use="1" paperuse="1" resumable="1" screenuse="1" testgrp-id="node3" x="120" y="280">
<title>
<phrase category="" id="KC09554580" phrase-urn="urn:x-nevis:phrase:0800c8af8271eba6">Adaptation of t#@#@#11# unit</phrase>
</title>
<node>
<note>
<ptxt>
<phrase category="" id="KC09554581" phrase-urn="urn:x-nevis:phrase:0800c8af8271eba7">The ignition mu#@#@#166#tion.</phrase>
</ptxt>
</note>
<test1>
<diaglist>
<dgraphic>
<dgraphic1>
<graphic id="KC09554582">
<href>0900c8af80054d5#@#@#9#.jpeg</href>
</graphic>
</dgraphic1>
<dgraphic2>
<graphic id="KC09554583">
<href>0900c8af80054d7#@#@#9#.jpeg</href>
</graphic>
</dgraphic2>
</dgraphic>
<ditem>
<ptxt>
<phrase category="" id="KC09554584" phrase-urn="urn:x-nevis:phrase:0800c8af8271eba8">Ignition off</phrase>
</ptxt>
</ditem>
<ditem>
<ptxt>
<phrase category="" id="KC09554585" phrase-urn="urn:x-nevis:phrase:0800c8af8271eba9">Reinstall the c#@#@#21# etc.</phrase>
</ptxt>
</ditem>
<ditem>
<ptxt>
<phrase category="" id="KC09554586" phrase-urn="urn:x-nevis:phrase:0800c8af8271ebaa">Ignition on</phrase>
</ptxt>
</ditem>
<ditem>
<ptxt>
<phrase category="" id="KC09554587" phrase-urn="urn:x-nevis:phrase:0800c8af8271ebab">Read off the pa#@#@#4#ters.</phrase>
</ptxt>
</ditem>
</diaglist>
<test2>
<para>
<ptxt>
<phrase category="" id="KC09554588" phrase-urn="urn:x-nevis:phrase:0800c8af8271ebac">Check that the #@#@#66# met.</phrase>
</ptxt>
</para>
<list1 enumtype="n" type="ordered">
<item>
<ptxt>
<phrase category="" id="KC09554589" phrase-urn="urn:x-nevis:phrase:0800c8af8271ebad">Ignition on / e#@#@#4#e off</phrase>
</ptxt>
</item>
<item>
<ptxt>
<phrase category="" id="KC09554590" phrase-urn="urn:x-nevis:phrase:0800c8af8271ebae">Battery voltage#@#@#6# 10 V</phrase>
</ptxt>
</item>
<item>
<ptxt>
<phrase category="" id="KC09554591" phrase-urn="urn:x-nevis:phrase:0800c8af8271ebaf">Accelerator ped#@#@#13#ected</phrase>
</ptxt>
</item>
<item>
<ptxt>
<phrase category="" id="KC09554592" phrase-urn="urn:x-nevis:phrase:0800c8af8271ebb0">The vehicle mus#@#@#36#gnal)</phrase>
</ptxt>
</item>
<item>
<ptxt>
<phrase category="" id="KC09554593" phrase-urn="urn:x-nevis:phrase:0800c8af8271ebb1">Engine coolant #@#@#28#100°C</phrase>
</ptxt>
</item>
<item>
<ptxt>
<phrase category="" id="KC09554594" phrase-urn="urn:x-nevis:phrase:0800c8af8271ebb2">Intake air temp#@#@#20#5 °C.</phrase>
</ptxt>
</item>
</list1>
<para>
<ptxt>
<phrase category="" id="KC09554595" phrase-urn="urn:x-nevis:phrase:0800c8af8271ebb3">Remedy as necessary.</phrase>
</ptxt>
</para>
<para>
<ptxt>
<phrase category="" id="KC09554596" phrase-urn="urn:x-nevis:phrase:0800c8af8271ebb4">Check that the #@#@#308#ayed:</phrase>
</ptxt>
</para>
<list1 enumtype="d" type="unordered">
<item>
<ptxt>
<phrase category="" id="KC09554597" phrase-urn="urn:x-nevis:phrase:0800c8af8271ebb5">Adaptation of t#@#@#15#t: OK</phrase>
</ptxt>
</item>
<item>
<ptxt>
<phrase category="" id="KC09554598" phrase-urn="urn:x-nevis:phrase:0800c8af8271ebb6">Adaptation of t#@#@#24#: NO.</phrase>
</ptxt>
</item>
</list1>
<diaglist>
<dgraphic>
<dgraphic2>
<graphic id="KC09554599">
<href>0900c8af86c8681#@#@#9#.jpeg</href>
</graphic>
<smarttool active="press" id="KC09554600" toolname="XECMA6C1"/>
</dgraphic2>
</dgraphic>
<ditem>
<ditemtext>
<ptxt>
<phrase category="" id="KC09554601" phrase-urn="urn:x-nevis:phrase:0800c8af8271ebb7"/>
</ptxt>
</ditemtext>
</ditem>
</diaglist>
<grate>
<graphic id="KC09554602">
<href>0900c8af8005ad8#@#@#9#.jpeg</href>
</graphic>
</grate>
</test2>
</test1>
<question>
Then select Co#@#@#52#tly.
</question>
<resact-grp>
<result button="cont" comp="button" highlight="0"/>
<action j2008use="1" paperuse="1" screenuse="1">
<ptxt>
<xref>
<ref id="KC09554604"/>
</xref>
</ptxt>
</action>
</resact-grp>
</node>
</testgrp>
<testgrp id="KC07232949" j2008use="1" paperuse="1" resumable="1" screenuse="1" testgrp-id="ver1" x="120" y="360">
<title>
<phrase category="" id="KC09554605" phrase-urn="urn:x-nevis:phrase:0800c8af8271ebb9">Verification</phrase>
</title>
<node>
<test1>
<hint>
<ptxt>
<phrase category="" id="KC09554606" phrase-urn="urn:x-nevis:phrase:0800c8af8271ebba">After carrying #@#@#50#died.</phrase>
</ptxt>
</hint>
<diaglist>
<dgraphic>
<dgraphic1>
<graphic id="KC09554607">
<href>0900c8af80054d3#@#@#9#.jpeg</href>
</graphic>
</dgraphic1>
<dgraphic2>
<graphic id="KC09554608">
<href>0900c8af80054d7#@#@#9#.jpeg</href>
</graphic>
</dgraphic2>
</dgraphic>
<ditem>
<ptxt>
<phrase category="" id="KC09554609" phrase-urn="urn:x-nevis:phrase:0800c8af8271ebbb">Ignition off</phrase>
</ptxt>
</ditem>
<ditem>
<ptxt>
<phrase category="" id="KC09554610" phrase-urn="urn:x-nevis:phrase:0800c8af8271ebbc">Reconnect the c#@#@#31# etc.</phrase>
</ptxt>
</ditem>
<ditem>
<ptxt>
<phrase category="" id="KC09554611" phrase-urn="urn:x-nevis:phrase:0800c8af8271ebbd">Start the engine.</phrase>
</ptxt>
</ditem>
</diaglist>
<test2>
<para>
<ptxt>
<phrase category="" id="KC09554612" phrase-urn="urn:x-nevis:phrase:0800c8af8271ebbe">Read off the di#@#@#136#list.</phrase>
</ptxt>
</para>
<para>
<ptxt>
<phrase category="" id="KC09554613" phrase-urn="urn:x-nevis:phrase:0800c8af8271ebbf">Check the fault#@#@#178#lete.</phrase>
</ptxt>
</para>
<diaglist>
<dgraphic>
<dgraphic2>
<graphic id="KC09554614">
<href>0900c8af86c8681#@#@#9#.jpeg</href>
</graphic>
<smarttool active="press" id="KC09554615" toolname="XECM1006"/>
</dgraphic2>
</dgraphic>
<ditem>
<ditemtext>
<ptxt>
<phrase category="" id="KC09554616" phrase-urn="urn:x-nevis:phrase:0800c8af8271ebc0"/>
</ptxt>
</ditemtext>
</ditem>
</diaglist>
</test2>
</test1>
<question>
Is the functio#@#@#1# OK?
</question>
<resact-grp>
<result button="yes" comp="button" highlight="0"/>
<action j2008use="1" paperuse="1" screenuse="1">
<return value="FAULT FOUND"/>
</action>
</resact-grp>
<resact-grp>
<result button="no" comp="button" highlight="0"/>
<action j2008use="1" paperuse="1" screenuse="1">
<ptxt>
<xref>
<ref id="KC09554618"/>
</xref>
</ptxt>
</action>
</resact-grp>
</node>
</testgrp>
<testgrp id="KC07232950" j2008use="1" paperuse="1" resumable="1" screenuse="1" testgrp-id="node4" x="120" y="440">
<title>
<phrase category="" id="KC09554619" phrase-urn="urn:x-nevis:phrase:0800c8af8271ebc2">Programming the#@#@#23#(ECM)</phrase>
</title>
<node>
<test1>
<hint>
<ptxt>
<phrase category="" id="KC09554620" phrase-urn="urn:x-nevis:phrase:0800c8af8271ebc3">This diagnostic#@#@#48#ware.</phrase>
</ptxt>
</hint>
<diaglist>
<dgraphic>
<dgraphic1>
<graphic id="KC09554621">
<href>0900c8af80054d4#@#@#9#.jpeg</href>
</graphic>
</dgraphic1>
</dgraphic>
<ditem>
<ptxt>
<phrase category="" id="KC09554622" phrase-urn="urn:x-nevis:phrase:0800c8af8271ebc4">Ignition off.</phrase>
</ptxt>
</ditem>
</diaglist>
<test2>
<para>
<ptxt>
<phrase category="" id="KC09554623" phrase-urn="urn:x-nevis:phrase:0800c8af8271ebc5">Try downloading#@#@#76#see: <xref>
<ref id="KC09554624"/>
</xref>
</phrase>
</ptxt>
</para>
<para>
<ptxt>
<phrase category="" id="KC09554625" phrase-urn="urn:x-nevis:phrase:0800c8af8271ebc6">Remedy as necessary.</phrase>
</ptxt>
</para>
</test2>
</test1>
<question>
Select Continue.
</question>
<resact-grp>
<result button="cont" comp="button" highlight="0"/>
<action j2008use="1" paperuse="1" screenuse="1">
<ptxt>
<xref>
<ref id="KC09554627"/>
</xref>
</ptxt>
</action>
</resact-grp>
</node>
</testgrp>
<testgrp id="KC07232951" j2008use="1" paperuse="1" resumable="1" screenuse="1" testgrp-id="node5" x="120" y="520">
<title>
<phrase category="" id="KC09554628" phrase-urn="urn:x-nevis:phrase:0800c8af8271ebc8">Adaptation of t#@#@#11# unit</phrase>
</title>
<node>
<note>
<ptxt>
<phrase category="" id="KC09554629" phrase-urn="urn:x-nevis:phrase:0800c8af8271ebc9">The ignition mu#@#@#166#tion.</phrase>
</ptxt>
</note>
<test1>
<diaglist>
<dgraphic>
<dgraphic1>
<graphic id="KC09554630">
<href>0900c8af80054d5#@#@#9#.jpeg</href>
</graphic>
</dgraphic1>
<dgraphic2>
<graphic id="KC09554631">
<href>0900c8af80054d7#@#@#9#.jpeg</href>
</graphic>
</dgraphic2>
</dgraphic>
<ditem>
<ptxt>
<phrase category="" id="KC09554632" phrase-urn="urn:x-nevis:phrase:0800c8af8271ebca">Ignition off</phrase>
</ptxt>
</ditem>
<ditem>
<ptxt>
<phrase category="" id="KC09554633" phrase-urn="urn:x-nevis:phrase:0800c8af8271ebcb">Reinstall the c#@#@#21# etc.</phrase>
</ptxt>
</ditem>
<ditem>
<ptxt>
<phrase category="" id="KC09554634" phrase-urn="urn:x-nevis:phrase:0800c8af8271ebcc">Ignition on</phrase>
</ptxt>
</ditem>
<ditem>
<ptxt>
<phrase category="" id="KC09554635" phrase-urn="urn:x-nevis:phrase:0800c8af8271ebcd">Read off the pa#@#@#4#ters.</phrase>
</ptxt>
</ditem>
</diaglist>
<test2>
<para>
<ptxt>
<phrase category="" id="KC09554636" phrase-urn="urn:x-nevis:phrase:0800c8af8271ebce">Check that the #@#@#66# met.</phrase>
</ptxt>
</para>
<list1 enumtype="n" type="ordered">
<item>
<ptxt>
<phrase category="" id="KC09554637" phrase-urn="urn:x-nevis:phrase:0800c8af8271ebcf">Ignition on / e#@#@#4#e off</phrase>
</ptxt>
</item>
<item>
<ptxt>
<phrase category="" id="KC09554638" phrase-urn="urn:x-nevis:phrase:0800c8af8271ebd0">Battery voltage#@#@#6# 10 V</phrase>
</ptxt>
</item>
<item>
<ptxt>
<phrase category="" id="KC09554639" phrase-urn="urn:x-nevis:phrase:0800c8af8271ebd1">Accelerator ped#@#@#13#ected</phrase>
</ptxt>
</item>
<item>
<ptxt>
<phrase category="" id="KC09554640" phrase-urn="urn:x-nevis:phrase:0800c8af8271ebd2">The vehicle mus#@#@#36#gnal)</phrase>
</ptxt>
</item>
<item>
<ptxt>
<phrase category="" id="KC09554641" phrase-urn="urn:x-nevis:phrase:0800c8af8271ebd3">Engine coolant #@#@#28#100°C</phrase>
</ptxt>
</item>
<item>
<ptxt>
<phrase category="" id="KC09554642" phrase-urn="urn:x-nevis:phrase:0800c8af8271ebd4">Intake air temp#@#@#20#5 °C.</phrase>
</ptxt>
</item>
</list1>
<para>
<ptxt>
<phrase category="" id="KC09554643" phrase-urn="urn:x-nevis:phrase:0800c8af8271ebd5">Remedy as necessary.</phrase>
</ptxt>
</para>
<para>
<ptxt>
<phrase category="" id="KC09554644" phrase-urn="urn:x-nevis:phrase:0800c8af8271ebd6">Check that the #@#@#308#ayed:</phrase>
</ptxt>
</para>
<list1 enumtype="d" type="unordered">
<item>
<ptxt>
<phrase category="" id="KC09554645" phrase-urn="urn:x-nevis:phrase:0800c8af8271ebd7">Adaptation of t#@#@#15#t: OK</phrase>
</ptxt>
</item>
<item>
<ptxt>
<phrase category="" id="KC09554646" phrase-urn="urn:x-nevis:phrase:0800c8af8271ebd8">Adaptation of t#@#@#24#: NO.</phrase>
</ptxt>
</item>
</list1>
<diaglist>
<dgraphic>
<dgraphic2>
<graphic id="KC09554647">
<href>0900c8af86c8681#@#@#9#.jpeg</href>
</graphic>
<smarttool active="press" id="KC09554648" toolname="XECMA6C1"/>
</dgraphic2>
</dgraphic>
<ditem>
<ditemtext>
<ptxt>
<phrase category="" id="KC09554649" phrase-urn="urn:x-nevis:phrase:0800c8af8271ebd9"/>
</ptxt>
</ditemtext>
</ditem>
</diaglist>
<grate>
<graphic id="KC09554650">
<href>0900c8af8005ad8#@#@#9#.jpeg</href>
</graphic>
</grate>
</test2>
</test1>
<question>
Then select Co#@#@#52#tly.
</question>
<resact-grp>
<result button="cont" comp="button" highlight="0"/>
<action j2008use="1" paperuse="1" screenuse="1">
<ptxt>
<xref>
<ref id="KC09554652"/>
</xref>
</ptxt>
</action>
</resact-grp>
</node>
</testgrp>
<testgrp id="KC07232952" j2008use="1" paperuse="1" resumable="1" screenuse="1" testgrp-id="veria" x="120" y="600">
<title>
<phrase category="" id="KC09554653" phrase-urn="urn:x-nevis:phrase:0800c8af8271ebdb">Verification</phrase>
</title>
<subcalloutnode>
<diagcallout>
<xref>
<ref id="KC09554654"/>
</xref>
</diagcallout>
<rescall-grp>
<result comp="string" highlight="0" op="eq" return="VERIFIED"/>
<calloutaction>
<return value="FAULT FOUND"/>
</calloutaction>
</rescall-grp>
<rescall-grp>
<result comp="string" highlight="0" op="eq" return="VERIFICATION FAILED"/>
<calloutaction>
<ptxt>
<xref>
<ref id="KC09554655"/>
</xref>
</ptxt>
</calloutaction>
</rescall-grp>
</subcalloutnode>
</testgrp>
<testgrp id="KC07232953" j2008use="1" paperuse="1" resumable="1" screenuse="1" testgrp-id="info1" x="320" y="600">
<title>
<phrase category="" id="KC09554656" phrase-urn="urn:x-nevis:phrase:0800c8af8271ebdc">Fault-tracing i#@#@#5#ation</phrase>
</title>
<subcalloutnode>
<diagcallout>
<xref>
<ref id="KC09554657"/>
</xref>
</diagcallout>
<rescall-grp>
<result comp="string" highlight="0" op="eq" return="FAULTTRACING FAILED"/>
<calloutaction>
<return value="FAULTTRACING FAILED"/>
</calloutaction>
</rescall-grp>
<rescall-grp>
<result comp="string" highlight="0" op="eq" return="NEW TRY"/>
<calloutaction>
<ptxt>
<xref>
<ref id="KC09554658"/>
</xref>
</ptxt>
</calloutaction>
</rescall-grp>
</subcalloutnode>
</testgrp>
</diagnostic>
</servinfosub>