<?xml version="1.0" encoding="UTF-8"?><servinfosub IE-ID="en-US0900c8af8475bc02" docno="VCC-113844" id="KC01132249" xml:lang="en-US">
<title>
<phrase category="" id="KC06065194" phrase-urn="urn:x-nevis:phrase:0800c8af817323ce">Signal too high#@#@#15#fault</phrase>
</title>
<diagnostic j2008use="1" layout="0" paperuse="1" screenuse="1" type="test">
<testgrp IE-ID="en-US0900c8af8475bc02_KC01156227" id="KC01156227" j2008use="1" paperuse="1" resumable="1" screenuse="1" testgrp-id="node1" x="120" y="120">
<title>
<phrase category="Title" id="nev14222698n1" phrase-urn="urn:x-nevis:phrase:0800c8af81eb9b9d">Checking the wiring</phrase>
</title>
<node>
<test1>
<test2>
<para>
<ptxt>
<phrase category="" id="KC06065196" phrase-urn="urn:x-nevis:phrase:0800c8af817323d0">Check the relay#@#@#160#120. </phrase>
</ptxt>
<ptxt id="nev14225030n100">
<phrase category="Faulttracing" id="nev14225031n1" phrase-urn="urn:x-nevis:phrase:0800c8af8475b925">Activate the re#@#@#113# on).</phrase>
</ptxt>
<ptxt id="nev14222665n100">
<phrase category="Faulttracing" id="nev14222668n1" phrase-urn="urn:x-nevis:phrase:0800c8af8475bc1a">For more inform#@#@#40# see:</phrase>
<xref id="nev14222665n98">
<ref id="l1225883491436"/>
</xref>
</ptxt>
</para>
<hint>
<ptxt id="nev14222665n96">
<phrase category="Faulttracing" id="nev14222672n1" phrase-urn="urn:x-nevis:phrase:0800c8af8475bc35">Voltage between#@#@#34#Volt.</phrase>
</ptxt>
</hint>
<list1 enumtype="d" type="unordered">
<title id="nev14222665n94">
<phrase category="Title" id="nev14222673n1" phrase-urn="urn:x-nevis:phrase:0800c8af81ea4cd6">Other information</phrase>
</title>
<item>
<ptxt id="nev14222665n92">
<xref id="nev14222665n91">
<ref id="l1225883710916"/>
</xref>
</ptxt>
</item>
</list1>
<diaglist>
<dgraphic>
<dgraphic2>
<graphic id="KC06065206">
<href>0900c8af80054d4#@#@#9#.jpeg</href>
</graphic>
<smarttool active="auto" id="KC06065207" toolname="VDCDA"/>
</dgraphic2>
</dgraphic>
</diaglist>
<grate>
<graphic id="KC06065209">
<href>0900c8af80058b2#@#@#9#.jpeg</href>
</graphic>
</grate>
</test2>
</test1>
<question>
Select Continue.
</question>
<resact-grp>
<result button="cont" comp="button" highlight="0"/>
<action j2008use="1" paperuse="1" screenuse="1">
<ptxt>
<xref>
<ref id="KC06065210"/>
</xref>
</ptxt>
</action>
</resact-grp>
</node>
</testgrp>
<testgrp id="KC01156228" j2008use="1" paperuse="1" resumable="1" screenuse="1" testgrp-id="node2" x="120" y="240">
<title>
<phrase category="Title" id="nev14222700n1" phrase-urn="urn:x-nevis:phrase:0800c8af81ea4c43">Fault-tracing i#@#@#5#ation</phrase>
</title>
<subcalloutnode>
<diagcallout>
<xref>
<ref id="KC06065212"/>
</xref>
</diagcallout>
<rescall-grp>
<result comp="string" highlight="0" op="eq" return="NEW TRY"/>
<calloutaction>
<ptxt>
<xref>
<ref id="KC06065213"/>
</xref>
</ptxt>
</calloutaction>
</rescall-grp>
<rescall-grp>
<result comp="string" highlight="0" op="eq" return="FAULT FOUND"/>
<calloutaction>
<return value="DONE"/>
</calloutaction>
</rescall-grp>
</subcalloutnode>
</testgrp>
</diagnostic>
</servinfosub>