<?xml version="1.0" encoding="UTF-8"?><servinfosub IE-ID="en-US0900c8af88274c02" docno="VCC-512765" id="nev29993415n1" original="sv-SE" servinfosubId="nev29993416n1-nev30002616n1" servinfosubRes="0900c8af8838dc63" servinfosubRes2="urn:x-nevis:fragment:0900c8af88274c02:0900c8af8838dc63#nev30002616n1" xml:lang="en-US">
<operationnumbers>
<operationnumber>35617-2</operationnumber>
</operationnumbers>
<title id="nev29993415n2">High mounted st#@#@#2# lamp</title>
<procedure id="nev29993416n1-nev30036213n2">
<stepgrp boilerplate="false" context="" id="nev29993416n1-nev30344212n53">
<title id="nev29993416n1-0800c8af844a46f6">Removal</title>
<procstep id="nev29993416n1-nev30038631n59">
<para id="nev29993416n1-nev30344212n51">
<ptxt id="nev29993416n1-nev30344212n52">Remove panel C-#@#@#1#illar<xref boilerplate="true" id="nev29993416n1-0800c8af880e18a5">
<ref id="nev29993416n1-nev30038631n56"/>
</xref>
</ptxt>
</para>
</procstep>
<procstep id="nev29993416n1-nev30036213n5">
<grate id="nev29993416n1-nev30344212n49">
<graphic id="nev29993416n1-nev30344212n50">
<href>0900c8af8828a89#@#@#9#.jpeg</href>
</graphic>
<graphtext id="nev29993416n1-nev30344288n1">
<note id="nev29993416n1-0800c8af85b47f49">
<ptxt>Orientation view</ptxt>
</note>
</graphtext>
</grate>
</procstep>
<procstep id="nev29993416n1-nev30038631n52">
<grate id="nev29993416n1-nev30344212n47">
<graphic id="nev29993416n1-nev30344212n48">
<href>0900c8af8838dbd#@#@#9#.jpeg</href>
</graphic>
<graphtext id="nev29993416n1-nev30344292n1">
<para id="nev29993416n1-nev30344212n45">
<ptxt id="nev29993416n1-nev30344212n46">Remove the mark#@#@#4#arts.</ptxt>
</para>
</graphtext>
</grate>
</procstep>
<procstep id="nev29993416n1-nev30344211n43">
<grate id="nev29993416n1-nev30344212n43">
<graphic id="nev29993416n1-nev30344212n44">
<href>0900c8af8838dbd#@#@#9#.jpeg</href>
</graphic>
<graphtext id="nev29993416n1-nev30344296n1">
<para id="nev29993416n1-nev30344212n41">
<ptxt id="nev29993416n1-nev30344212n42">Fold marked par#@#@#3#side.</ptxt>
</para>
</graphtext>
</grate>
</procstep>
<procstep id="nev29993416n1-nev30344211n38">
<grate id="nev29993416n1-nev30344212n39">
<graphic id="nev29993416n1-nev30344212n40">
<href>0900c8af8838dbd#@#@#9#.jpeg</href>
</graphic>
<graphtext id="nev29993416n1-nev30344300n1">
<para id="nev29993416n1-nev30344212n37">
<ptxt id="nev29993416n1-nev30344212n38">Disconnect the #@#@#5#ctor.</ptxt>
</para>
<para id="nev29993416n1-nev30344212n35">
<ptxt id="nev29993416n1-nev30344212n36">Fold marked par#@#@#3#side.</ptxt>
</para>
</graphtext>
</grate>
</procstep>
<procstep id="nev29993416n1-nev30036214n1">
<grate id="nev29993416n1-nev30344212n33">
<graphic id="nev29993416n1-nev30344212n34">
<href>0900c8af8828a89#@#@#9#.jpeg</href>
</graphic>
<graphtext id="nev29993416n1-nev30344304n1">
<para id="nev29993416n1-nev30344212n31">
<ptxt id="nev29993416n1-nev30344212n32">Remove the mark#@#@#3#part.</ptxt>
</para>
</graphtext>
</grate>
</procstep>
<procstep id="nev29993416n1-nev30036215n1">
<grate id="nev29993416n1-nev30344212n29">
<graphic id="nev29993416n1-nev30344212n30">
<href>0900c8af87297b1#@#@#9#.jpeg</href>
</graphic>
<graphtext id="nev29993416n1-nev30344308n1">
<para id="nev29993416n1-nev30344212n27">
<ptxt id="nev29993416n1-nev30344212n28">Disconnect the #@#@#5#ctor.</ptxt>
</para>
</graphtext>
</grate>
</procstep>
</stepgrp>
<stepgrp boilerplate="false" context="" id="nev29993416n1-nev30344212n26">
<title id="nev29993416n1-0800c8af844a46f9">Installation</title>
<procstep id="nev29993416n1-nev30036215n10">
<para id="nev29993416n1-nev30344212n24">
<ptxt id="nev29993416n1-nev30344212n25">To install, rev#@#@#22#dure.</ptxt>
</para>
</procstep>
</stepgrp>
</procedure>
</servinfosub>