<?xml version="1.0" encoding="UTF-8"?><servinfosub IE-ID="en-US0900c8af85b03c02" docno="VCC-454920" id="nev18467909n1" xml:lang="en-US">
<title>
<phrase category="Title" id="nev18467909n2" phrase-urn="urn:x-nevis:phrase:0800c8af81eb9a54">Diagnostic trou#@#@#21#ation</phrase>
<phrase category="Prefix" id="nev18467909n3" phrase-urn="urn:x-nevis:phrase:0800c8af8015c3f5">ECM</phrase>-P025400</title>
<diagnostic j2008use="1" paperuse="1" screenuse="1" type="condition">
<condgrp>
<condition type="condition">
<para id="nev18467909n4">
<ptxt id="nev18467909n5">
<phrase category="Condition" id="nev18467909n6" phrase-urn="urn:x-nevis:phrase:0800c8af8277525d">The engine cont#@#@#67#tion.</phrase>
</ptxt>
</para>
<para id="nev18467909n7">
<ptxt id="nev18467909n8">
<phrase category="Condition" id="nev18467909n9" phrase-urn="urn:x-nevis:phrase:0800c8af82c4843c">The diagnostic #@#@#59#that:</phrase>
</ptxt>
</para>
<list1 id="nev18467909n10">
<item id="nev18467910n1">
<ptxt id="nev18467910n2">
<phrase category="Condition" id="nev18467910n3" phrase-urn="urn:x-nevis:phrase:0800c8af845c3650">The PWM signal,#@#@#55#rect.</phrase>
</ptxt>
</item>
</list1>
<para id="nev18467910n4">
<ptxt id="nev18467910n5">
<phrase category="Condition" id="nev18467910n6" phrase-urn="urn:x-nevis:phrase:0800c8af82c479d6">The control mod#@#@#67#t of:</phrase>
</ptxt>
</para>
<list1 id="nev18467910n7">
<item id="nev18467910n8">
<ptxt id="nev18467910n9">
<phrase category="Condition" id="nev18467910n10" phrase-urn="urn:x-nevis:phrase:0800c8af82c47c8e">Ignition switch#@#@#8#n II.</phrase>
</ptxt>
</item>
</list1>
<note id="nev18467911n1">
<ptxt id="nev18467911n2">
<phrase category="Condition" id="nev18467911n3" phrase-urn="urn:x-nevis:phrase:0800c8af82c4844b">The control mod#@#@#132# met.</phrase>
</ptxt>
</note>
<grate>
<graphic id="nev18467911n4">
<href>0900c8af845c376#@#@#9#.jpeg</href>
</graphic>
</grate>
</condition>
</condgrp>
<condgrp>
<condition type="substitution">
<list1 enumtype="d" type="unordered">
<item>
<ptxt>
<phrase category="Substitution" id="nev18467911n5" phrase-urn="urn:x-nevis:phrase:0800c8af81eb9984">None.</phrase>
</ptxt>
</item>
</list1>
</condition>
<ps>
<list1 enumtype="d" type="unordered">
<item id="nev18467911n6">
<ptxt id="nev18467911n7">
<phrase category="Possible source" id="nev18467911n8" phrase-urn="urn:x-nevis:phrase:0800c8af81eb9604">Contact resista#@#@#29#nals.</phrase>
</ptxt>
</item>
<item>
<ptxt>
<phrase category="" id="nev18467911n9" phrase-urn="urn:x-nevis:phrase:0800c8af823db0fe">The signal cabl#@#@#27#tage.</phrase>
</ptxt>
</item>
<item>
<ptxt>
<phrase category="Possible source" id="nev18467911n10" phrase-urn="urn:x-nevis:phrase:0800c8af827521ba">Damaged fuel fl#@#@#12#alve.</phrase>
</ptxt>
</item>
</list1>
</ps>
</condgrp>
<condgrp>
<condition type="symptom">
<list1 enumtype="d" type="unordered">
<item>
<ptxt>
<phrase category="Symptom CSC" id="nev18467912n1" phrase-urn="urn:x-nevis:phrase:0800c8af84004ee5">1Q, Driving/Poo#@#@#32#e off</phrase>
</ptxt>
</item>
<item id="nev18467912n2">
<ptxt id="nev18467912n3">
<phrase category="Symptom CSC" id="nev18467912n4" phrase-urn="urn:x-nevis:phrase:0800c8af8388f019">AJ, Driving/Poo#@#@#20#power</phrase>
</ptxt>
</item>
<item id="nev18467912n5">
<ptxt id="nev18467912n6">
<phrase category="Symptom CSC" id="nev18467912n7" phrase-urn="urn:x-nevis:phrase:0800c8af8388f021">AK, Driving/Hes#@#@#33#times</phrase>
</ptxt>
</item>
<item id="nev18467912n8">
<ptxt id="nev18467912n9">
<phrase category="Symptom CSC" id="nev18467912n10" phrase-urn="urn:x-nevis:phrase:0800c8af8388f01b">AL, Driving/Hes#@#@#28#ation</phrase>
</ptxt>
</item>
<item id="nev18467913n1">
<ptxt id="nev18467913n2">
<phrase category="Symptom CSC" id="nev18467913n3" phrase-urn="urn:x-nevis:phrase:0800c8af8388f01f">AM, Driving/Hes#@#@#28#ation</phrase>
</ptxt>
</item>
<item id="nev18467913n4">
<ptxt id="nev18467913n5">
<phrase category="Symptom CSC" id="nev18467913n6" phrase-urn="urn:x-nevis:phrase:0800c8af8388eff8">BV, Driving/Hes#@#@#24#speed</phrase>
</ptxt>
</item>
</list1>
</condition>
</condgrp>
</diagnostic>
</servinfosub>