<?xml version="1.0" encoding="UTF-8"?><servinfosub IE-ID="en-US0900c8af83ddc203" docno="VCC-154225" id="KC02732878" xml:lang="en-US">
<title>
<phrase category="Qualifier" id="nev11265965n1" phrase-urn="urn:x-nevis:phrase:0800c8af8015c4a8">Signal too high</phrase>
</title>
<diagnostic j2008use="1" layout="0" paperuse="1" screenuse="1" type="test">
<testgrp IE-ID="en-US0900c8af83ddc203_KC02782501" id="KC02782501" j2008use="1" paperuse="1" resumable="1" screenuse="1" testgrp-id="node1" x="180" y="120">
<title>
<phrase category="Title" id="nev11267413n1" phrase-urn="urn:x-nevis:phrase:0800c8af81eb9c8b">Checking the status</phrase>
</title>
<node>
<test1>
<diaglist>
<dgraphic>
<dgraphic1>
<graphic id="KC09480678">
<href>0900c8af80054d5#@#@#9#.jpeg</href>
</graphic>
</dgraphic1>
</dgraphic>
<ditem>
<ptxt id="nev11265960n100">
<phrase category="Preparatory" id="nev11265964n1" phrase-urn="urn:x-nevis:phrase:0800c8af8031b478">Ignition on.</phrase>
</ptxt>
</ditem>
</diaglist>
<test2>
<para>
<ptxt id="nev11265960n96">
<phrase category="Faulttracing" id="nev11265968n1" phrase-urn="urn:x-nevis:phrase:0800c8af81eb9291">Check the outsi#@#@#10#ture.</phrase>
</ptxt>
</para>
<para>
<ptxt id="nev11265960n94">
<phrase category="Faulttracing" id="nev11265970n1" phrase-urn="urn:x-nevis:phrase:0800c8af81eab3e4">Check if the fa#@#@#28#tent.</phrase>
</ptxt>
</para>
<note id="nev11163657n99">
<ptxt id="nev11265960n98">
<phrase category="Faulttracing" id="nev11265967n1" phrase-urn="urn:x-nevis:phrase:0800c8af82fb8bc0">The outside tem#@#@#121#rive.</phrase>
</ptxt>
</note>
<para>
<ptxt id="nev11265960n92">
<phrase category="Faulttracing" id="nev11265972n1" phrase-urn="urn:x-nevis:phrase:0800c8af82264cb3">The fault is pe#@#@#45#rect.</phrase>
</ptxt>
</para>
<para>
<ptxt id="nev11265960n89">
<phrase category="Faulttracing" id="nev11265973n1" phrase-urn="urn:x-nevis:phrase:0800c8af82264cb4">If the outside #@#@#151#tent.</phrase>
</ptxt>
</para>
</test2>
</test1>
<question>
Is the tempera#@#@#28#nge?
</question>
<resact-grp>
<result button="yes" comp="button" highlight="0"/>
<action j2008use="1" paperuse="1" screenuse="1">
<ptxt>
<xref>
<ref id="KC09480686"/>
</xref>
</ptxt>
</action>
</resact-grp>
<resact-grp>
<result button="no" comp="button" highlight="0"/>
<action j2008use="1" paperuse="1" screenuse="1">
<ptxt>
<xref>
<ref id="KC09480687"/>
</xref>
</ptxt>
</action>
</resact-grp>
</node>
</testgrp>
<testgrp id="KC02782502" j2008use="1" paperuse="1" resumable="1" screenuse="1" testgrp-id="node2" x="80" y="260">
<title>
<phrase category="Title" id="nev11267414n1" phrase-urn="urn:x-nevis:phrase:0800c8af81eb9b73">Checking the co#@#@#13#iring</phrase>
</title>
<node>
<test1>
<diaglist>
<dgraphic>
<dgraphic1>
<graphic id="KC09480689">
<href>0900c8af80054d4#@#@#9#.jpeg</href>
</graphic>
</dgraphic1>
</dgraphic>
<ditem>
<ptxt id="nev11267391n100">
<phrase category="Preparatory" id="nev11267416n1" phrase-urn="urn:x-nevis:phrase:0800c8af81e9eaf8">Ignition off.</phrase>
</ptxt>
</ditem>
</diaglist>
<test2>
<note id="nev11163657n96">
<ptxt id="nev11163657n95">
<phrase category="Faulttracing" id="nev11163667n1" phrase-urn="urn:x-nevis:phrase:0800c8af82fb8bc0">The outside tem#@#@#121#rive.</phrase>
</ptxt>
</note>
<para>
<ptxt id="nev11263181n100">
<phrase category="Faulttracing" id="nev11263271n1" phrase-urn="urn:x-nevis:phrase:0800c8af83023477">Check the Centr#@#@#99#tion.</phrase>
</ptxt>
<ptxt id="nev11264469n100">
<phrase category="Faulttracing" id="nev11264470n1" phrase-urn="urn:x-nevis:phrase:0800c8af83243179">Check the Drive#@#@#119#tion.</phrase>
</ptxt>
<ptxt id="nev11264469n98">
<phrase category="Faulttracing" id="nev11264472n1" phrase-urn="urn:x-nevis:phrase:0800c8af830234c7">Check the outdo#@#@#82#tion.</phrase>
</ptxt>
<ptxt id="nev11264469n96">
<phrase category="Faulttracing" id="nev11264473n1" phrase-urn="urn:x-nevis:phrase:0800c8af81eab40b">Check for damag#@#@#7#ully.</phrase>
</ptxt>
</para>
<para id="nev11263181n82">
<ptxt id="nev11263181n81">
<phrase category="Faulttracing" id="nev11263396n1" phrase-urn="urn:x-nevis:phrase:0800c8af830234d1">Also check the #@#@#62#ation</phrase>
<phrase category="Faulttracing" id="nev11263399n1" phrase-urn="urn:x-nevis:phrase:0800c8af81eab40b">Check for damag#@#@#7#ully.</phrase>
</ptxt>
</para>
<para id="nev11263181n78">
<ptxt id="nev11263181n75">
<phrase category="Faulttracing" id="nev11263445n1" phrase-urn="urn:x-nevis:phrase:0800c8af83242efc">Check the signa#@#@#180#tage.</phrase>
</ptxt>
</para>
<para>
<ptxt id="nev11267391n98">
<phrase category="Faulttracing" id="nev11267420n1" phrase-urn="urn:x-nevis:phrase:0800c8af82264ef0">Take readings b#@#@#2#ween:</phrase>
</ptxt>
</para>
<list1 enumtype="d" type="unordered">
<item id="nev11263181n73">
<ptxt id="nev11263181n72">
<phrase category="Faulttracing" id="nev11263675n1" phrase-urn="urn:x-nevis:phrase:0800c8af83023517">Central electro#@#@#108#(#8).</phrase>
</ptxt>
</item>
</list1>
<para id="nev11263181n70">
<ptxt id="nev11263181n67">
<phrase category="Faulttracing" id="nev11263731n1" phrase-urn="urn:x-nevis:phrase:0800c8af83242f49">Check the groun#@#@#153#tage.</phrase>
</ptxt>
</para>
<para id="nev11267391n96">
<ptxt id="nev11267391n95">
<phrase category="Faulttracing" id="nev11267422n1" phrase-urn="urn:x-nevis:phrase:0800c8af82264ef0">Take readings b#@#@#2#ween:</phrase>
</ptxt>
</para>
<list1 enumtype="d" type="unordered">
<item>
<ptxt id="nev11263181n65">
<phrase category="Faulttracing" id="nev11263799n1" phrase-urn="urn:x-nevis:phrase:0800c8af8302392e">Central electro#@#@#110##17).</phrase>
</ptxt>
</item>
</list1>
<para>
<ptxt>
<phrase category="Faulttracing" id="nev11263837n1" phrase-urn="urn:x-nevis:phrase:0800c8af83242f88">Check the signa#@#@#175#tage.</phrase>
</ptxt>
</para>
<para>
<ptxt id="nev11267391n93">
<phrase category="Faulttracing" id="nev11267423n1" phrase-urn="urn:x-nevis:phrase:0800c8af82264ef0">Take readings b#@#@#2#ween:</phrase>
</ptxt>
</para>
<list1 enumtype="d" type="unordered">
<item id="nev11263181n62">
<ptxt id="nev11263181n61">
<phrase category="Faulttracing" id="nev11263843n1" phrase-urn="urn:x-nevis:phrase:0800c8af83023a65">The Driver door#@#@#109#l #1.</phrase>
</ptxt>
</item>
</list1>
<para id="nev11267688n100">
<ptxt id="nev11267688n99">
<phrase category="Faulttracing" id="nev11267691n1" phrase-urn="urn:x-nevis:phrase:0800c8af83242fd2">Check the groun#@#@#175#tage.</phrase>
</ptxt>
</para>
<para id="nev11267391n91">
<ptxt id="nev11267391n90">
<phrase category="Faulttracing" id="nev11267424n1" phrase-urn="urn:x-nevis:phrase:0800c8af82264ef0">Take readings b#@#@#2#ween:</phrase>
</ptxt>
</para>
<list1 enumtype="d" type="unordered">
<item>
<ptxt id="nev11263181n55">
<phrase category="Faulttracing" id="nev11263943n1" phrase-urn="urn:x-nevis:phrase:0800c8af83023ac5">The Driver door#@#@#109#l #2.</phrase>
</ptxt>
</item>
</list1>
<para>
<ptxt id="nev11267391n88">
<phrase category="Faulttracing" id="nev11267428n1" phrase-urn="urn:x-nevis:phrase:0800c8af81ea4b6b">Remedy as necessary.</phrase>
</ptxt>
</para>
<list1 enumtype="d" type="unordered">
<title>
<phrase category="Title" id="nev11267429n1" phrase-urn="urn:x-nevis:phrase:0800c8af81ea4cd6">Other information</phrase>
</title>
<item id="nev11187910n100">
<ptxt id="nev11187910n99">
<phrase category="Faulttracing" id="nev11187911n1" phrase-urn="urn:x-nevis:phrase:0800c8af822ed2c3">For connecting #@#@#43#CEM):</phrase>
<xref id="nev11187910n97">
<ref id="l1125053041097"/>
</xref>
</ptxt>
</item>
<item id="nev11263181n53">
<ptxt id="nev11263181n52">
<xref id="nev11263181n51">
<ref id="l1128432761955"/>
</xref>
</ptxt>
</item>
<item id="nev11187910n91">
<ptxt id="nev11187910n90">
<phrase category="Faulttracing" id="nev11187913n1" phrase-urn="urn:x-nevis:phrase:0800c8af83023ad3">For a signal de#@#@#50# see:</phrase>
<xref id="nev12697556n98">
<ref id="l1125053187473"/>
</xref>
</ptxt>
</item>
<item id="nev11187910n86">
<ptxt id="nev11187910n85">
<phrase category="Faulttracing" id="nev11187914n1" phrase-urn="urn:x-nevis:phrase:0800c8af83023adf">For signal spec#@#@#58#PDM):</phrase>
<xref id="nev12697531n98">
<ref id="l1125053236942"/>
</xref>
</ptxt>
</item>
<item id="nev11263181n49">
<ptxt id="nev11263181n48">
<xref id="nev11263181n47">
<ref id="l1128432807533"/>
</xref>
</ptxt>
</item>
<item id="nev11263181n45">
<ptxt id="nev11263181n44">
<xref id="nev12697556n100">
<ref id="l1128432841470"/>
</xref>
</ptxt>
</item>
<item id="nev11263181n41">
<ptxt id="nev11263181n40">
<xref id="nev11263181n39">
<ref id="l1128432868611"/>
</xref>
</ptxt>
</item>
<item id="nev11263181n37">
<ptxt id="nev11263181n36">
<xref id="nev11263181n35">
<ref id="l1128432899142"/>
</xref>
</ptxt>
</item>
</list1>
<diaglist>
<dgraphic>
<dgraphic1>
<graphic id="KC09480725">
<href>0900c8af80a53b0#@#@#9#.jpeg</href>
</graphic>
</dgraphic1>
</dgraphic>
</diaglist>
<grate>
<graphic id="KC09480726">
<href>0900c8af8073177#@#@#9#.jpeg</href>
</graphic>
</grate>
</test2>
</test1>
<question>
Select Continue.
</question>
<resact-grp>
<result button="cont" comp="button" highlight="0"/>
<action j2008use="1" paperuse="1" screenuse="1">
<ptxt>
<xref>
<ref id="KC09480728"/>
</xref>
</ptxt>
</action>
</resact-grp>
</node>
</testgrp>
<testgrp id="KC02782503" j2008use="1" paperuse="1" resumable="1" screenuse="1" testgrp-id="veria" x="280" y="260">
<title>
<phrase category="Title" id="nev11267432n1" phrase-urn="urn:x-nevis:phrase:0800c8af81eb9dd1">Verification</phrase>
</title>
<subcalloutnode>
<diagcallout>
<xref>
<ref id="KC09480730"/>
</xref>
</diagcallout>
<rescall-grp>
<result comp="string" highlight="0" op="eq" return="VERIFIED"/>
<calloutaction>
<return value="FAULT FOUND"/>
</calloutaction>
</rescall-grp>
<rescall-grp>
<result comp="string" highlight="0" op="eq" return="VERIFICATION FAILED"/>
<calloutaction>
<ptxt>
<xref>
<ref id="KC09480731"/>
</xref>
</ptxt>
</calloutaction>
</rescall-grp>
</subcalloutnode>
</testgrp>
<testgrp id="KC02782504" j2008use="1" paperuse="1" resumable="1" screenuse="1" testgrp-id="info1" x="180" y="420">
<title>
<phrase category="Title" id="nev11267435n1" phrase-urn="urn:x-nevis:phrase:0800c8af81ea4c43">Fault-tracing i#@#@#5#ation</phrase>
</title>
<subcalloutnode>
<diagcallout>
<xref>
<ref id="KC09480733"/>
</xref>
</diagcallout>
<rescall-grp>
<result comp="string" highlight="0" op="eq" return="FAULTTRACING FAILED"/>
<calloutaction>
<return value="FAULTTRACING FAILED"/>
</calloutaction>
</rescall-grp>
<rescall-grp>
<result comp="string" highlight="0" op="eq" return="NEW TRY"/>
<calloutaction>
<ptxt>
<xref>
<ref id="KC09480734"/>
</xref>
</ptxt>
</calloutaction>
</rescall-grp>
</subcalloutnode>
</testgrp>
</diagnostic>
</servinfosub>