<?xml version="1.0" encoding="UTF-8"?><servinfosub IE-ID="en-US0900c8af87e6d203" docno="VCC-370378" id="nev13713183n1" original="sv-SE" servinfosubId="nev13713184n1-nev25796446n1" servinfosubRes="0900c8af87e6d22d" servinfosubRes2="urn:x-nevis:fragment:0900c8af87e6d203:0900c8af87e6d22d#nev25796446n1" xml:lang="en-US">
<operationnumbers>
<operationnumber>31102-2</operationnumber>
</operationnumbers>
<title id="nev13713180n35">Battery</title>
<procedure id="nev13713184n1-nev26030242n2">
<stepgrp boilerplate="false" context="" id="nev13713184n1-nev28685934n63">
<title id="nev13713184n1-0800c8af844a46f6">Removal</title>
<procstep id="nev13713184n1-nev26030242n5">
<note id="nev13713184n1-0800c8af844a42fa">
<ptxt>Removal steps i#@#@#45#ails.</ptxt>
</note>
</procstep>
<procstep id="nev13713184n1-nev26030242n8">
<para id="nev13713184n1-nev28685934n61">
<ptxt id="nev13713184n1-nev28685934n62">See the battery#@#@#27#ation<xref boilerplate="true" id="nev13713184n1-0800c8af846a4c70">
<ref id="nev13713184n1-nev26030243n3"/>
</xref>
</ptxt>
</para>
</procstep>
<procstep id="nev13713184n1-nev26030241n26">
<grate id="nev13713184n1-nev28685934n59">
<graphic id="nev13713184n1-nev28685934n60">
<href>0900c8af8768415#@#@#9#.jpeg</href>
</graphic>
<graphtext id="nev13713184n1-nev28686061n1">
<para id="nev13713184n1-nev28685934n57">
<ptxt id="nev13713184n1-nev28685934n58">Open the tailgate.</ptxt>
</para>
</graphtext>
</grate>
</procstep>
<procstep id="nev13713184n1-nev26030243n4">
<grate id="nev13713184n1-nev28685934n55">
<graphic id="nev13713184n1-nev28685934n56">
<href>0900c8af8762010#@#@#9#.jpeg</href>
</graphic>
<graphtext id="nev13713184n1-nev28686065n1">
<para id="nev13713184n1-nev28685934n53">
<ptxt id="nev13713184n1-nev28685934n54">Remove the mark#@#@#3#part.</ptxt>
</para>
</graphtext>
</grate>
</procstep>
<procstep id="nev13713184n1-nev26036117n67">
<grate id="nev13713184n1-nev28685934n51">
<graphic id="nev13713184n1-nev28685934n52">
<href>0900c8af8768989#@#@#9#.jpeg</href>
</graphic>
<graphtext id="nev13713184n1-nev28686069n1">
<para id="nev13713184n1-nev28685934n49">
<ptxt id="nev13713184n1-nev28685934n50">Remove the mark#@#@#3#part.</ptxt>
</para>
</graphtext>
</grate>
</procstep>
<procstep id="nev13713184n1-nev26033070n26">
<title id="nev13713184n1-0800c8af8594ba94">Vehicles with s#@#@#5#wheel</title>
</procstep>
<procstep id="nev13713184n1-nev26030244n7">
<grate id="nev13713184n1-nev28685934n47">
<graphic id="nev13713184n1-nev28685934n48">
<href>0900c8af8768433#@#@#9#.jpeg</href>
</graphic>
<graphtext id="nev13713184n1-nev28686073n1">
<para id="nev13713184n1-nev28685934n45">
<ptxt id="nev13713184n1-nev28685934n46">Remove the mark#@#@#13#ails.</ptxt>
</para>
</graphtext>
</grate>
</procstep>
<procstep id="nev13713184n1-nev26033464n80">
<grate id="nev13713184n1-nev28685934n43">
<graphic id="nev13713184n1-nev28685934n44">
<href>0900c8af8768433#@#@#9#.jpeg</href>
</graphic>
<graphtext id="nev13713184n1-nev28686077n1">
<para id="nev13713184n1-nev28685934n41">
<ptxt id="nev13713184n1-nev28685934n42">Remove the mark#@#@#3#part.</ptxt>
</para>
</graphtext>
</grate>
</procstep>
<procstep id="nev13713184n1-nev26033409n33">
<grate id="nev13713184n1-nev28685934n39">
<graphic id="nev13713184n1-nev28685934n40">
<href>0900c8af8768433#@#@#9#.jpeg</href>
</graphic>
<graphtext id="nev13713184n1-nev28686081n1">
<para id="nev13713184n1-nev28685934n37">
<ptxt id="nev13713184n1-nev28685934n38">Remove the clips.</ptxt>
</para>
</graphtext>
</grate>
</procstep>
<procstep id="nev13713184n1-nev26033464n73">
<grate id="nev13713184n1-nev28685934n35">
<graphic id="nev13713184n1-nev28685934n36">
<href>0900c8af8768433#@#@#9#.jpeg</href>
</graphic>
<graphtext id="nev13713184n1-nev28686085n1">
<para id="nev13713184n1-nev28685934n33">
<ptxt id="nev13713184n1-nev28685934n34">Remove the mark#@#@#3#part.</ptxt>
</para>
</graphtext>
</grate>
</procstep>
<procstep id="nev13713184n1-nev28683931n66">
<title id="nev13713184n1-0800c8af844a421e">Vehicles with s#@#@#6#arger</title>
</procstep>
<procstep id="nev13713184n1-nev28683931n64">
<grate id="nev13713184n1-nev28685934n31">
<graphic id="nev13713184n1-nev28685934n32">
<href>0900c8af87e6d0d#@#@#9#.jpeg</href>
</graphic>
<graphtext id="nev13713184n1-nev28686089n1">
<para id="nev13713184n1-nev28685934n29">
<ptxt id="nev13713184n1-nev28685934n30">Remove the clip.</ptxt>
</para>
</graphtext>
</grate>
</procstep>
<procstep id="nev13713184n1-nev28683931n59">
<grate id="nev13713184n1-nev28685934n27">
<graphic id="nev13713184n1-nev28685934n28">
<href>0900c8af87e6d0d#@#@#9#.jpeg</href>
</graphic>
<graphtext id="nev13713184n1-nev28686093n1">
<para id="nev13713184n1-nev28685934n25">
<ptxt id="nev13713184n1-nev28685934n26">Remove the mark#@#@#3#part.</ptxt>
</para>
</graphtext>
</grate>
</procstep>
<procstep id="nev13713184n1-nev26033464n66">
<title id="nev13713184n1-0800c8af844a41e8">All vehicles</title>
</procstep>
<procstep id="nev13713184n1-nev28683931n54">
<grate id="nev13713184n1-nev28685934n23">
<graphic id="nev13713184n1-nev28685934n24">
<href>0900c8af87e6d0d#@#@#9#.jpeg</href>
</graphic>
<graphtext id="nev13713184n1-nev28686097n1">
<para id="nev13713184n1-nev28685934n21">
<ptxt id="nev13713184n1-nev28685934n22">Loosen the mark#@#@#5#tail.</ptxt>
</para>
</graphtext>
</grate>
</procstep>
<procstep id="nev13713184n1-nev28683931n49">
<grate id="nev13713184n1-nev28685934n19">
<graphic id="nev13713184n1-nev28685934n20">
<href>0900c8af87e6d1a#@#@#9#.jpeg</href>
</graphic>
<graphtext id="nev13713184n1-nev28686101n1">
<para id="nev13713184n1-nev28685934n17">
<ptxt id="nev13713184n1-nev28685934n18">Loosen the fastener.</ptxt>
</para>
<para id="nev13713184n1-nev28685934n15">
<ptxt id="nev13713184n1-nev28685934n16">Fold marked par#@#@#3#side.</ptxt>
</para>
</graphtext>
</grate>
</procstep>
<procstep id="nev13713184n1-nev26037884n33">
<grate id="nev13713184n1-nev28685934n13">
<graphic id="nev13713184n1-nev28685934n14">
<href>0900c8af8768ae6#@#@#9#.jpeg</href>
</graphic>
<graphtext id="nev13713184n1-nev28686105n1">
<para id="nev13713184n1-nev28685934n11">
<ptxt id="nev13713184n1-nev28685934n12">Remove the mark#@#@#3#part.</ptxt>
</para>
</graphtext>
</grate>
</procstep>
<procstep id="nev13713184n1-nev26030244n1">
<para id="nev13713184n1-nev28685934n9">
<ptxt id="nev13713184n1-nev28685934n10">Perform battery#@#@#24#cting<xref boilerplate="true" id="nev13713184n1-0800c8af847c5da5">
<ref id="nev13713184n1-nev26030244n6"/>
</xref>
</ptxt>
</para>
</procstep>
<procstep id="nev13713184n1-nev26045682n84">
<grate id="nev13713184n1-nev28685934n7">
<graphic id="nev13713184n1-nev28685934n8">
<href>0900c8af8768cbe#@#@#9#.jpeg</href>
</graphic>
<graphtext id="nev13713184n1-nev28686112n1">
<para id="nev13713184n1-nev28685934n5">
<ptxt id="nev13713184n1-nev28685934n6">Loosen the nut.</ptxt>
</para>
<para id="nev13713184n1-nev28685934n3">
<ptxt id="nev13713184n1-nev28685934n4">
<torque id="nev13713184n1-nev26045682n79">
<ref id="nev13713184n1-nev26045682n77"/>
</torque>
</ptxt>
</para>
</graphtext>
</grate>
</procstep>
<procstep id="nev13713184n1-nev26030247n9">
<grate id="nev13713184n1-nev28685934n1">
<graphic id="nev13713184n1-nev28685934n2">
<href>0900c8af8768434#@#@#9#.jpeg</href>
</graphic>
<graphtext id="nev13713184n1-nev28686119n1">
<para id="nev13713184n1-nev28686053n99">
<ptxt id="nev13713184n1-nev28686053n100">Loosen the nut.</ptxt>
</para>
<para id="nev13713184n1-nev28686053n97">
<ptxt id="nev13713184n1-nev28686053n98">
<torque id="nev13713184n1-nev26068035n48">
<ref id="nev13713184n1-nev26068035n46"/>
</torque>
</ptxt>
</para>
</graphtext>
</grate>
</procstep>
<procstep id="nev13713184n1-nev26030249n7">
<grate id="nev13713184n1-nev28686053n95">
<graphic id="nev13713184n1-nev28686053n96">
<href>0900c8af8768434#@#@#9#.jpeg</href>
</graphic>
<graphtext id="nev13713184n1-nev28686126n1">
<para id="nev13713184n1-nev28686053n93">
<ptxt id="nev13713184n1-nev28686053n94">Fold marked par#@#@#3#side.</ptxt>
</para>
</graphtext>
</grate>
</procstep>
<procstep id="nev13713184n1-nev26030250n7">
<grate id="nev13713184n1-nev28686053n91">
<graphic id="nev13713184n1-nev28686053n92">
<href>0900c8af8768434#@#@#9#.jpeg</href>
</graphic>
<graphtext id="nev13713184n1-nev28686130n1">
<para id="nev13713184n1-nev28686053n89">
<ptxt id="nev13713184n1-nev28686053n90">Undo the hose f#@#@#14#tion.</ptxt>
</para>
</graphtext>
</grate>
</procstep>
<procstep id="nev13713184n1-nev26030252n1">
<grate id="nev13713184n1-nev28686053n87">
<graphic id="nev13713184n1-nev28686053n88">
<href>0900c8af8768447#@#@#9#.jpeg</href>
</graphic>
<graphtext id="nev13713184n1-nev28686134n1">
<para id="nev13713184n1-nev28686053n85">
<ptxt id="nev13713184n1-nev28686053n86">Remove the screws.</ptxt>
</para>
<para id="nev13713184n1-nev28686053n83">
<ptxt id="nev13713184n1-nev28686053n84">
<torque id="nev13713184n1-nev26037882n18">
<ref id="nev13713184n1-nev26037882n16"/>
</torque>
</ptxt>
</para>
</graphtext>
</grate>
</procstep>
<procstep id="nev13713184n1-nev26033464n42">
<grate id="nev13713184n1-nev28686053n81">
<graphic id="nev13713184n1-nev28686053n82">
<href>0900c8af8768448#@#@#9#.jpeg</href>
</graphic>
<graphtext id="nev13713184n1-nev28686141n1">
<para id="nev13713184n1-nev28686053n79">
<ptxt id="nev13713184n1-nev28686053n80">Remove the mark#@#@#3#part.</ptxt>
</para>
</graphtext>
</grate>
</procstep>
<procstep id="nev13713184n1-nev26033464n37">
<grate id="nev13713184n1-nev28686053n77">
<graphic id="nev13713184n1-nev28686053n78">
<href>0900c8af8768448#@#@#9#.jpeg</href>
</graphic>
<graphtext id="nev13713184n1-nev28686145n1">
<para id="nev13713184n1-nev28686053n75">
<ptxt id="nev13713184n1-nev28686053n76">Remove the mark#@#@#3#part.</ptxt>
</para>
</graphtext>
</grate>
</procstep>
</stepgrp>
<stepgrp boilerplate="false" context="" id="nev13713184n1-nev28686053n74">
<title id="nev13713184n1-0800c8af844a46f9">Installation</title>
<procstep id="nev13713184n1-nev26030252n6">
<para id="nev13713184n1-nev28686053n72">
<ptxt id="nev13713184n1-nev28686053n73">To install, rev#@#@#22#dure.</ptxt>
</para>
</procstep>
<procstep id="nev13713184n1-nev26030252n10">
<note id="nev13713184n1-0800c8af844a430a">
<ptxt>This step is on#@#@#40#nent.</ptxt>
</note>
</procstep>
<procstep id="nev13713184n1-nev26030253n3">
<para id="nev13713184n1-nev28686053n70">
<ptxt id="nev13713184n1-nev28686053n71">Reset according#@#@#175#ttery</ptxt>
</para>
</procstep>
</stepgrp>
</procedure>
</servinfosub>