<?xml version="1.0" encoding="UTF-8"?><servinfosub IE-ID="en-US0900c8af80123203" docno="VCC-120968" id="KC01146500" xml:lang="en-US">
<title>Front sill trim</title>
<procedure>
<stepgrp id="KC01275260">
<procstep id="KC01275261">
<title>Removing the fr#@#@#8# trim</title>
<grate>
<graphic id="KC07479446">
<href>0900c8af8005c2c#@#@#9#.jpeg</href>
</graphic>
<graphtext>
<list1 enumtype="d" type="unordered">
<item>
<ptxt>Remove the rive#@#@#30#g to <xref>
<ref id="KC07479447"/>
</xref>. </ptxt>
</item>
</list1>
</graphtext>
</grate>
<grate>
<graphic id="KC07479448">
<href>0900c8af8005c2c#@#@#9#.jpeg</href>
</graphic>
<graphtext>
<list1 enumtype="d" type="unordered">
<item>
<ptxt>Remove the five#@#@#2#lips.</ptxt>
</item>
<item>
<ptxt>Insert a hand b#@#@#31#door.</ptxt>
</item>
<item>
<ptxt>Detach the fast#@#@#20#ards.</ptxt>
</item>
<item>
<ptxt>Remove the two #@#@#24# (2).</ptxt>
</item>
<item>
<ptxt>Remove the lowe#@#@#25#iner.</ptxt>
</item>
</list1>
</graphtext>
</grate>
<grate>
<graphic id="KC07479449">
<href>0900c8af8005c2c#@#@#9#.jpeg</href>
</graphic>
<graphtext>
<ptxt>Remove the cove#@#@#46#ards.</ptxt>
</graphtext>
</grate>
</procstep>
<procstep id="KC01275262">
<title>Installing the #@#@#10# trim</title>
<para>
<title>Install:</title>
<ptxt>In reverse order.</ptxt>
</para>
<hint>
<ptxt>Heat the rear c#@#@#63#lign.</ptxt>
</hint>
</procstep>
</stepgrp>
</procedure>
</servinfosub>