<?xml version="1.0" encoding="UTF-8"?><servinfosub IE-ID="en-US0900c8af800dda00" docno="VCC-141618" id="KC01341792" xml:lang="en-US">
<title>Stop button sea#@#@#12#acing</title>
<procedure>
<stepgrp id="KC01343625">
<procstep id="KC01343626">
<title/>
<para>
<ptxt>As the illustra#@#@#182#ect. </ptxt>
</para>
</procstep>
<procstep id="KC01343627">
<title>Positioning the#@#@#7#utton</title>
<grate>
<graphic id="KC07561358">
<href>0900c8af8005721#@#@#9#.jpeg</href>
</graphic>
<graphtext>
<para>
<ptxt>This method cov#@#@#49#icle.</ptxt>
<ptxt>The stop must b#@#@#86# See <xref>
<ref id="KC07561359"/>
</xref>. </ptxt>
<ptxt>Check that the #@#@#69#belt.</ptxt>
<ptxt>Thread the cove#@#@#11#stop.</ptxt>
</para>
</graphtext>
</grate>
<grate>
<graphic id="KC07561360">
<href>0900c8af8005721#@#@#9#.jpeg</href>
</graphic>
<graphtext>
<para>
<ptxt>Press the secti#@#@#28#ible.</ptxt>
</para>
<hint>
<ptxt>Hold the cover #@#@#52#iers.</ptxt>
</hint>
<warning>
<ptxt>The seat belt m#@#@#98#aced.</ptxt>
</warning>
</graphtext>
</grate>
<grate>
<graphic id="KC07561361">
<href>0900c8af8005722#@#@#9#.jpeg</href>
</graphic>
<graphtext>
<para>
<ptxt>Heat using a so#@#@#175#down.</ptxt>
<ptxt>Check that the #@#@#35# off.</ptxt>
</para>
</graphtext>
</grate>
</procstep>
</stepgrp>
</procedure>
</servinfosub>