<?xml version="1.0" encoding="UTF-8"?><servinfosub IE-ID="en-US0900c8af8633da00" docno="VCC-465972" id="nev19706554n1" xml:lang="en-US">
<title>
<phrase category="Title" id="nev19706554n2" phrase-urn="urn:x-nevis:phrase:0800c8af81eb9a54">Diagnostic trou#@#@#21#ation</phrase>
<phrase category="Prefix" id="nev20099478n1" phrase-urn="urn:x-nevis:phrase:0800c8af8015c3f5">ECM</phrase>-P032622</title>
<diagnostic j2008use="1" paperuse="1" screenuse="1" type="condition">
<condgrp>
<condition type="condition">
<grate>
<graphic id="nev19706554n3">
<href>0900c8af80a539a#@#@#9#.jpeg</href>
</graphic>
<graphtext>
<para>
<ptxt>
<phrase category="Condition" id="nev19707118n1" phrase-urn="urn:x-nevis:phrase:0800c8af81eab00f">The signal from#@#@#57#RPM).</phrase>
<phrase category="Condition" id="nev19707121n1" phrase-urn="urn:x-nevis:phrase:0800c8af848ebe55">The Engine cont#@#@#125#peed.</phrase>
</ptxt>
</para>
<para id="nev19706566n87">
<ptxt id="nev19706566n86">
<phrase category="Condition" id="nev19707124n1" phrase-urn="urn:x-nevis:phrase:0800c8af82c4843c">The diagnostic #@#@#59#that:</phrase>
</ptxt>
</para>
<list1 id="nev19706566n93">
<item id="nev19706566n92">
<ptxt id="nev19706566n91">
<phrase category="Faulttracing" id="nev20099476n1" phrase-urn="urn:x-nevis:phrase:0800c8af860a661d">The signal from#@#@#48#imit.</phrase>
</ptxt>
</item>
</list1>
<para id="nev19706566n96">
<ptxt id="nev19706566n95">
<phrase category="Condition" id="nev19706599n1" phrase-urn="urn:x-nevis:phrase:0800c8af82c479d6">The control mod#@#@#67#t of:</phrase>
</ptxt>
</para>
<list1 id="nev19706566n100">
<item id="nev19706566n99">
<ptxt id="nev19706566n98">
<phrase category="Condition" id="nev19706567n1" phrase-urn="urn:x-nevis:phrase:0800c8af848ebe9c">Driving on the road.</phrase>
</ptxt>
</item>
</list1>
<note id="nev20920607n100">
<ptxt id="nev20920607n99">
<phrase category="Condition" id="nev20920608n1" phrase-urn="urn:x-nevis:phrase:0800c8af82c4844b">The control mod#@#@#132# met.</phrase>
</ptxt>
</note>
</graphtext>
</grate>
</condition>
</condgrp>
<condgrp>
<condition type="substitution">
<list1 enumtype="d">
<item>
<ptxt>
<phrase category="" id="nev19706554n7" phrase-urn="urn:x-nevis:phrase:0800c8af823daec2">Ignition angle #@#@#27#fety.</phrase>
</ptxt>
</item>
<item>
<ptxt>
<phrase category="" id="nev19706554n8" phrase-urn="urn:x-nevis:phrase:0800c8af823daec3">Knock control i#@#@#5#cked.</phrase>
</ptxt>
</item>
</list1>
</condition>
<ps>
<list1 enumtype="d" type="unordered">
<item>
<ptxt>
<phrase category="" id="nev19706554n9" phrase-urn="urn:x-nevis:phrase:0800c8af823daec4">Contact resista#@#@#43#tor. </phrase>
</ptxt>
</item>
<item>
<ptxt>
<phrase category="" id="nev19706554n10" phrase-urn="urn:x-nevis:phrase:0800c8af823daec5">Improperly inst#@#@#14#nsor.</phrase>
</ptxt>
</item>
<item>
<ptxt>
<phrase category="" id="nev19706555n1" phrase-urn="urn:x-nevis:phrase:0800c8af823daec6">Damaged knock s#@#@#1#nsor.</phrase>
</ptxt>
</item>
</list1>
</ps>
</condgrp>
<condgrp>
<condition type="symptom">
<list1 enumtype="d" type="unordered">
<item id="nev20602257n100">
<ptxt id="nev20602257n99">
<phrase category="Symptom CSC" id="nev20602258n1" phrase-urn="urn:x-nevis:phrase:0800c8af8388f076">DL, Warning lig#@#@#85#ation</phrase>
</ptxt>
</item>
<item>
<ptxt id="nev19706555n2">
<phrase category="Symptom CSC" id="nev19706555n3" phrase-urn="urn:x-nevis:phrase:0800c8af84004ee5">1Q, Driving/Poo#@#@#32#e off</phrase>
</ptxt>
</item>
<item id="nev19706555n4">
<ptxt id="nev19706555n5">
<phrase category="Symptom CSC" id="nev19706555n6" phrase-urn="urn:x-nevis:phrase:0800c8af8388f019">AJ, Driving/Poo#@#@#20#power</phrase>
</ptxt>
</item>
<item id="nev19706555n7">
<ptxt id="nev19706555n8">
<phrase category="Symptom CSC" id="nev19706555n9" phrase-urn="urn:x-nevis:phrase:0800c8af8388f021">AK, Driving/Hes#@#@#33#times</phrase>
</ptxt>
</item>
<item id="nev19706555n10">
<ptxt id="nev19706556n1">
<phrase category="Symptom CSC" id="nev19706556n2" phrase-urn="urn:x-nevis:phrase:0800c8af8388f01b">AL, Driving/Hes#@#@#28#ation</phrase>
</ptxt>
</item>
<item id="nev19706556n3">
<ptxt id="nev19706556n4">
<phrase category="Symptom CSC" id="nev19706556n5" phrase-urn="urn:x-nevis:phrase:0800c8af8388f01f">AM, Driving/Hes#@#@#28#ation</phrase>
</ptxt>
</item>
<item id="nev19706556n6">
<ptxt id="nev19706556n7">
<phrase category="Symptom CSC" id="nev19706556n8" phrase-urn="urn:x-nevis:phrase:0800c8af8388eff8">BV, Driving/Hes#@#@#24#speed</phrase>
</ptxt>
</item>
</list1>
</condition>
</condgrp>
</diagnostic>
</servinfosub>