<?xml version="1.0" encoding="UTF-8"?><servinfosub IE-ID="en-US0900c8af80141a00" docno="VCC-137680" id="KC01199262" xml:lang="en-US">
<title>Volvo Navigatio#@#@#15#creen</title>
<procedure>
<note>
<ptxt>This accessory #@#@#79# car.</ptxt>
</note>
<stepgrp id="KC01199263">
<title>Preparations</title>
<procstep id="KC01199264">
<title/>
<list1 enumtype="d" type="unordered">
<item>
<ptxt>Move the left f#@#@#30#tion </ptxt>
</item>
<item>
<ptxt>Shift the gear #@#@#35#tion.</ptxt>
</item>
</list1>
</procstep>
<procstep id="KC01199265">
<title/>
<grate>
<graphic id="KC08980866" width="column">
<href>0900c8af8005714#@#@#11#.jpeg</href>
</graphic>
<graphtext>
<list1 enumtype="d" type="unordered">
<item>
<ptxt>Turn the igniti#@#@#15#ion 0</ptxt>
</item>
<item>
<ptxt>Remove the key #@#@#69#oxes)</ptxt>
</item>
<item>
<ptxt>Disconnect the #@#@#17#lead.</ptxt>
</item>
</list1>
<note>
<ptxt>Wait at least f#@#@#82#ment.</ptxt>
</note>
</graphtext>
</grate>
</procstep>
<procstep id="KC01199266">
<title/>
<grate>
<graphic id="KC08980867" width="column">
<href>0900c8af8005b45#@#@#11#.jpeg</href>
</graphic>
<graphtext>
<list1 enumtype="d" type="unordered">
<item>
<ptxt>Carefully remov#@#@#77#ilar.</ptxt>
</item>
</list1>
</graphtext>
</grate>
</procstep>
<procstep id="KC01199267">
<title/>
<grate>
<graphic id="KC08980868" width="column">
<href>0900c8af8005b45#@#@#11#.jpeg</href>
</graphic>
<graphtext>
<list1 enumtype="d" type="unordered">
<item>
<ptxt>Remove the scre#@#@#26# (2).</ptxt>
</item>
</list1>
</graphtext>
</grate>
</procstep>
<procstep id="KC01199268">
<title/>
<grate>
<graphic id="KC08980869" width="column">
<href>0900c8af8005b45#@#@#11#.jpeg</href>
</graphic>
<graphtext>
<list1 enumtype="d" type="unordered">
<title>Applies to cars#@#@#32#eaker</title>
<item>
<ptxt>Remove the four#@#@#25#r (1)</ptxt>
</item>
<item>
<ptxt>Lift up the lou#@#@#33#r (2)</ptxt>
</item>
<item>
<ptxt>Place the louds#@#@#14#side.</ptxt>
</item>
</list1>
</graphtext>
</grate>
</procstep>
<procstep id="KC01199269">
<title/>
<grate>
<graphic id="KC08980870" width="column">
<href>0900c8af8005c34#@#@#11#.jpeg</href>
</graphic>
<graphtext>
<list1 enumtype="d" type="unordered">
<item>
<ptxt>Pry off the pan#@#@#128#ever.</ptxt>
</item>
</list1>
</graphtext>
</grate>
</procstep>
<procstep id="KC01199270">
<title/>
<grate>
<graphic id="KC08980871" width="column">
<href>0900c8af8005b7e#@#@#11#.jpeg</href>
</graphic>
<graphtext>
<list1 enumtype="d" type="unordered">
<item>
<ptxt>Press in the ca#@#@#171#ver. </ptxt>
</item>
</list1>
</graphtext>
</grate>
</procstep>
<procstep id="KC01199271">
<title/>
<grate>
<graphic id="KC08980872" width="column">
<href>0900c8af8005c39#@#@#11#.jpeg</href>
</graphic>
<graphtext>
<list1 enumtype="d" type="unordered">
<item>
<ptxt>Remove the two #@#@#39#anel.</ptxt>
</item>
</list1>
</graphtext>
</grate>
</procstep>
<procstep id="KC01199272">
<title/>
<grate>
<graphic id="KC08980873" width="column">
<href>0900c8af8005c3a#@#@#11#.jpeg</href>
</graphic>
<graphtext>
<list1 enumtype="d" type="unordered">
<item>
<ptxt>Angle the dashb#@#@#157#panel</ptxt>
</item>
<item>
<ptxt>Remove the dash#@#@#132#alled</ptxt>
</item>
<item>
<ptxt>Disconnect the #@#@#107#side.</ptxt>
</item>
</list1>
<note>
<ptxt> If any of the #@#@#133#oard.</ptxt>
</note>
</graphtext>
</grate>
</procstep>
<procstep id="KC01199273">
<title/>
<grate>
<graphic id="KC08980874" width="column">
<href>0900c8af8005b4b#@#@#11#.jpeg</href>
</graphic>
<graphtext>
<list1 enumtype="d" type="unordered">
<item>
<ptxt>Remove the scre#@#@#20#acket</ptxt>
</item>
<item>
<ptxt>Pull out the br#@#@#63#wards</ptxt>
</item>
<item>
<ptxt>Disconnect the #@#@#54#adio.</ptxt>
</item>
</list1>
</graphtext>
</grate>
</procstep>
<procstep id="KC01199274">
<title/>
<grate>
<graphic id="KC08980875" width="column">
<href>0900c8af80059de#@#@#11#.jpeg</href>
</graphic>
<graphtext>
<list1 enumtype="d" type="unordered">
<title>Remove:</title>
<item>
<ptxt>the left side p#@#@#93#wards</ptxt>
</item>
<item>
<ptxt>the sill trim p#@#@#26# door</ptxt>
</item>
<item>
<ptxt>the covers (3) #@#@#47# kit.</ptxt>
</item>
</list1>
</graphtext>
</grate>
</procstep>
<procstep id="KC01199275">
<title/>
<grate>
<graphic id="KC08980876" width="column">
<href>0900c8af80059de#@#@#11#.jpeg</href>
</graphic>
<graphtext>
<list1 enumtype="d" type="unordered">
<item>
<ptxt>Tip the left fr#@#@#13#wards</ptxt>
</item>
<item>
<ptxt>Push the floor #@#@#43#(1). </ptxt>
</item>
</list1>
</graphtext>
</grate>
</procstep>
<procstep id="KC01199276">
<title/>
<grate>
<graphic id="KC08980877" width="column">
<href>0900c8af80059f4#@#@#11#.jpeg</href>
</graphic>
<graphtext>
<list1 enumtype="d" type="unordered">
<item>
<ptxt>Remove the rear#@#@#122# out.</ptxt>
</item>
</list1>
</graphtext>
</grate>
</procstep>
<procstep id="KC01199277">
<title/>
<grate>
<graphic id="KC08980878" width="column">
<href>0900c8af8005c33#@#@#11#.jpeg</href>
</graphic>
<graphtext>
<list1 enumtype="d" type="unordered">
<item>
<ptxt>Remove the sill#@#@#29#door.</ptxt>
</item>
</list1>
</graphtext>
</grate>
</procstep>
<procstep id="KC01199278">
<title/>
<grate>
<graphic id="KC08980879" width="column">
<href>0900c8af8005c4f#@#@#11#.jpeg</href>
</graphic>
<graphtext>
<list1 enumtype="d" type="unordered">
<item>
<ptxt>Fold both the r#@#@#16#rward</ptxt>
</item>
<item>
<ptxt>Remove the seat#@#@#22# (1).</ptxt>
</item>
</list1>
</graphtext>
</grate>
</procstep>
<procstep id="KC01199279">
<title/>
<grate>
<graphic id="KC08980880" width="column">
<href>0900c8af8005c4c#@#@#11#.jpeg</href>
</graphic>
<graphtext>
<list1 enumtype="d" type="unordered">
<item>
<ptxt>Remove the clip#@#@#41#shion</ptxt>
</item>
<item>
<ptxt>Pull the top ed#@#@#94#shion</ptxt>
</item>
<item>
<ptxt>Repeat the oper#@#@#24#side.</ptxt>
</item>
</list1>
</graphtext>
</grate>
</procstep>
<procstep id="KC01199280">
<title/>
<grate>
<graphic id="KC08980881" width="column">
<href>0900c8af8005c4f#@#@#11#.jpeg</href>
</graphic>
<graphtext>
<list1 enumtype="d" type="unordered">
<item>
<ptxt>Remove the left#@#@#127#ghtly</ptxt>
</item>
<item>
<ptxt>Grasp the cushi#@#@#76#lease</ptxt>
</item>
<item>
<ptxt>Remove the side#@#@#74#ards </ptxt>
</item>
<item>
<ptxt>Repeat the oper#@#@#19#side.</ptxt>
</item>
</list1>
</graphtext>
</grate>
</procstep>
<procstep id="KC01199281">
<title/>
<grate>
<graphic id="KC08980882" width="column">
<href>0900c8af8005c53#@#@#11#.jpeg</href>
</graphic>
<graphtext>
<list1 enumtype="d" type="unordered">
<item>
<ptxt>Remove the cove#@#@#36#post </ptxt>
</item>
<item>
<ptxt>Repeat the oper#@#@#19#side.</ptxt>
</item>
</list1>
</graphtext>
</grate>
</procstep>
<procstep id="KC01199282">
<title/>
<grate>
<graphic id="KC08980883" width="column">
<href>0900c8af8005c53#@#@#11#.jpeg</href>
</graphic>
<graphtext>
<list1 enumtype="d" type="unordered">
<item>
<ptxt>Remove the rubb#@#@#53#frame</ptxt>
</item>
<item>
<ptxt>Grasp the top e#@#@#80#lease</ptxt>
</item>
<item>
<ptxt>Then pull (B) t#@#@#44# side</ptxt>
</item>
<item>
<ptxt>Repeat the oper#@#@#19#side.</ptxt>
</item>
</list1>
</graphtext>
</grate>
</procstep>
<procstep id="KC01199283">
<title/>
<grate>
<graphic id="KC08980884" width="column">
<href>0900c8af8005c53#@#@#11#.jpeg</href>
</graphic>
<graphtext>
<list1 enumtype="d" type="unordered">
<item>
<ptxt>Carefully lift #@#@#63#lease</ptxt>
</item>
<item>
<ptxt>Lift up the pan#@#@#58#holes</ptxt>
</item>
<item>
<ptxt>Pull out the pa#@#@#52#ests.</ptxt>
</item>
</list1>
</graphtext>
</grate>
</procstep>
<procstep id="KC01199284">
<title/>
<grate>
<graphic id="KC08980885" width="column">
<href>0900c8af8005c49#@#@#11#.jpeg</href>
</graphic>
<graphtext>
<list1 enumtype="d" type="unordered">
<item>
<ptxt>Remove the carg#@#@#67# 90°.</ptxt>
</item>
</list1>
</graphtext>
</grate>
</procstep>
<procstep id="KC01199285">
<title/>
<grate>
<graphic id="KC08980886" width="column">
<href>0900c8af8005c49#@#@#11#.jpeg</href>
</graphic>
<graphtext>
<list1 enumtype="d" type="unordered">
<item>
<ptxt>Pull up the fro#@#@#107#rpet.</ptxt>
</item>
</list1>
</graphtext>
</grate>
</procstep>
<procstep id="KC01199286">
<title/>
<grate>
<graphic id="KC08980887" width="column">
<href>0900c8af8005c4a#@#@#11#.jpeg</href>
</graphic>
<graphtext>
<list1 enumtype="d" type="unordered">
<item>
<ptxt>Slide the entir#@#@#104#ening</ptxt>
</item>
<item>
<ptxt>Remove the carg#@#@#16#rpet.</ptxt>
</item>
</list1>
</graphtext>
</grate>
</procstep>
<procstep id="KC01199287">
<title/>
<grate>
<graphic id="KC08980888" width="column">
<href>0900c8af8005ccc#@#@#11#.jpeg</href>
</graphic>
<graphtext>
<list1 enumtype="d" type="unordered">
<item>
<ptxt>Press the centr#@#@#93#click</ptxt>
</item>
<item>
<ptxt>Remove the two clips</ptxt>
</item>
<item>
<ptxt>Remove the plas#@#@#49#panel</ptxt>
</item>
<item>
<ptxt>Repeat the oper#@#@#24#side.</ptxt>
</item>
</list1>
</graphtext>
</grate>
</procstep>
<procstep id="KC01199288">
<title/>
<grate>
<graphic id="KC08980889" width="column">
<href>0900c8af8005c46#@#@#11#.jpeg</href>
</graphic>
<graphtext>
<list1 enumtype="d" type="unordered">
<item>
<ptxt>Turn the handle#@#@#46#90°. </ptxt>
</item>
<item>
<ptxt>Fold the side p#@#@#97#e kit</ptxt>
</item>
<item>
<ptxt>Pull the tailga#@#@#155#ioned</ptxt>
</item>
<item>
<ptxt>Remove the wiri#@#@#36#hting</ptxt>
</item>
<item>
<ptxt>Pull the sill t#@#@#92#anel.</ptxt>
</item>
</list1>
</graphtext>
</grate>
</procstep>
<procstep id="KC01199289">
<title/>
<grate>
<graphic id="KC08980890" width="column">
<href>0900c8af8005c4d#@#@#11#.jpeg</href>
</graphic>
<graphtext>
<list1 enumtype="d" type="unordered">
<title>Remove:</title>
<item>
<ptxt>the clips (1) i#@#@#48#ment </ptxt>
</item>
<item>
<ptxt>the front side #@#@#23#side.</ptxt>
</item>
</list1>
</graphtext>
</grate>
</procstep>
</stepgrp>
<stepgrp id="KC01199290">
<title>Cable routing</title>
<procstep id="KC01199291">
<title/>
<grate>
<graphic id="KC08980891" width="column">
<href>0900c8af8005b3b#@#@#11#.jpeg</href>
</graphic>
<graphtext>
<list1 enumtype="d" type="unordered">
<item>
<ptxt>Route the wirin#@#@#319#radio</ptxt>
</item>
<item>
<ptxt>Route the displ#@#@#182#eaker</ptxt>
</item>
<item>
<ptxt>Secure the wiri#@#@#35#p (4)</ptxt>
</item>
<item>
<ptxt>Route the wirin#@#@#47#r (5)</ptxt>
</item>
<item>
<ptxt>Clamp the wirin#@#@#49#trap.</ptxt>
</item>
</list1>
</graphtext>
</grate>
</procstep>
<procstep id="KC01199292">
<title/>
<grate>
<graphic id="KC08980892" width="column">
<href>0900c8af8005b2d#@#@#11#.jpeg</href>
</graphic>
<graphtext>
<list1 enumtype="d" type="unordered">
<item>
<ptxt>Route the cable#@#@#65# door</ptxt>
</item>
<item>
<ptxt>Install protect#@#@#40#ucts </ptxt>
</item>
<item>
<ptxt>Route the wirin#@#@#108#t (4)</ptxt>
</item>
<item>
<ptxt>Connect the cab#@#@#64#seat.</ptxt>
</item>
</list1>
</graphtext>
</grate>
</procstep>
<procstep id="KC01199293">
<title/>
<grate>
<graphic id="KC08980893" width="column">
<href>0900c8af8005b3b#@#@#11#.jpeg</href>
</graphic>
<graphtext>
<list1 enumtype="d" type="unordered">
<title>Route the wirin#@#@#1# (1):</title>
<item>
<ptxt>out along the r#@#@#114#sary </ptxt>
</item>
<item>
<ptxt>up along the to#@#@#68# arch</ptxt>
</item>
<item>
<ptxt>down along the #@#@#42#ated.</ptxt>
</item>
</list1>
</graphtext>
</grate>
</procstep>
</stepgrp>
<stepgrp id="KC01199294">
<title>Terminals in th#@#@#8#older</title>
<procstep id="KC01199295">
<title/>
<grate>
<graphic id="KC08980894" width="column">
<href>0900c8af8005b28#@#@#11#.jpeg</href>
</graphic>
<graphtext>
<list1 enumtype="d" type="unordered">
<item>
<ptxt>Remove the rear#@#@#130# (2).</ptxt>
</item>
</list1>
</graphtext>
</grate>
</procstep>
<procstep id="KC01199296">
<title/>
<grate>
<graphic id="KC08980895" width="column">
<href>0900c8af8005b3b#@#@#11#.jpeg</href>
</graphic>
<graphtext>
<list1 enumtype="d" type="unordered">
<item>
<ptxt>Connect the new#@#@#265#tion.</ptxt>
</item>
</list1>
<hint>
<ptxt>If there is a p#@#@#117#ther.</ptxt>
</hint>
<list1 enumtype="d" type="unordered">
<item>
<ptxt>Reinstall the decal</ptxt>
</item>
<item>
<ptxt>Install a 10A f#@#@#36#lder.</ptxt>
</item>
</list1>
</graphtext>
</grate>
</procstep>
<procstep id="KC01199297">
<title/>
<grate>
<graphic id="KC08980896" width="column">
<href>0900c8af80058d9#@#@#11#.jpeg</href>
</graphic>
<graphtext>
<list1 enumtype="d" type="unordered">
<item>
<ptxt>Remove the screw (1)</ptxt>
</item>
<item>
<ptxt>Pull out the co#@#@#28#ctors</ptxt>
</item>
<item>
<ptxt>Remove the cove#@#@#61#side.</ptxt>
</item>
</list1>
</graphtext>
</grate>
</procstep>
<procstep id="KC01199298">
<title/>
<grate>
<graphic id="KC08980897" width="column">
<href>0900c8af8005b35#@#@#11#.jpeg</href>
</graphic>
<graphtext>
<list1 enumtype="d" type="unordered">
<item>
<ptxt>Insert a small #@#@#50#rated</ptxt>
</item>
<item>
<ptxt>Twist the screw#@#@#80# side</ptxt>
</item>
<item>
<ptxt>Connect the whi#@#@#63#l 17.</ptxt>
</item>
</list1>
<list1 enumtype="d" type="unordered">
<title>Reinstall:</title>
<item>
<ptxt>the connector</ptxt>
</item>
<item>
<ptxt>the cover on th#@#@#6#ector</ptxt>
</item>
<item>
<ptxt>the connectors #@#@#43#screw</ptxt>
</item>
<item>
<ptxt>the rear electr#@#@#8#ule. </ptxt>
</item>
</list1>
</graphtext>
</grate>
</procstep>
</stepgrp>
<stepgrp id="KC01199299">
<title>Installing and #@#@#48#erial</title>
<procstep id="KC01199300">
<title/>
<grate>
<graphic id="KC08980898" width="column">
<href>0900c8af8005b2e#@#@#11#.jpeg</href>
</graphic>
<graphtext>
<list1 enumtype="d" type="unordered">
<item>
<ptxt>Install the new#@#@#210#rated</ptxt>
</item>
<item>
<ptxt>Route the new c#@#@#160#r (2)</ptxt>
</item>
<item>
<ptxt>Connect the cab#@#@#37#erial</ptxt>
</item>
<item>
<ptxt>Secure at the p#@#@#4#s (3)</ptxt>
</item>
<item>
<ptxt>Route the cable#@#@#55#arch.</ptxt>
</item>
</list1>
</graphtext>
</grate>
</procstep>
</stepgrp>
<stepgrp id="KC01199301">
<title>Installing the #@#@#5#eader</title>
<procstep id="KC01199302">
<title/>
<grate>
<graphic id="KC08980899" width="column">
<href>0900c8af8005b5b#@#@#11#.jpeg</href>
</graphic>
<graphtext>
<list1 enumtype="d" type="unordered">
<title>Does not apply #@#@#1#o USA</title>
<item>
<ptxt>Remove the exis#@#@#33#able)</ptxt>
</item>
<item>
<ptxt>Connect the cab#@#@#119# lamp</ptxt>
</item>
<item>
<ptxt>Position the ae#@#@#64# lamp</ptxt>
</item>
<item>
<ptxt>Tighten the ant#@#@#37#anel.</ptxt>
</item>
</list1>
</graphtext>
</grate>
</procstep>
<procstep id="KC01199303">
<title/>
<grate>
<graphic id="KC08980900" width="column">
<href>0900c8af8005b68#@#@#11#.jpeg</href>
</graphic>
<graphtext>
<list1 enumtype="d" type="unordered">
<item>
<ptxt>Route the new t#@#@#211# well</ptxt>
</item>
<item>
<ptxt>Clamp the cable#@#@#46#s (2)</ptxt>
</item>
<item>
<ptxt>If the existing#@#@#119#ier. </ptxt>
</item>
</list1>
</graphtext>
</grate>
</procstep>
<procstep id="KC01199304">
<title/>
<grate>
<graphic id="KC08980901" width="column">
<href>0900c8af8005b67#@#@#11#.jpeg</href>
</graphic>
<graphtext>
<list1 enumtype="d" type="unordered">
<item>
<ptxt>Take four screw#@#@#81#cket.</ptxt>
</item>
</list1>
</graphtext>
</grate>
</procstep>
<procstep id="KC01199305">
<title/>
<grate>
<graphic id="KC08980902" width="column">
<href>0900c8af8005b68#@#@#11#.jpeg</href>
</graphic>
<graphtext>
<list1 enumtype="d" type="unordered">
<item>
<ptxt>Take the spring#@#@#106#anel.</ptxt>
</item>
</list1>
</graphtext>
</grate>
</procstep>
</stepgrp>
<stepgrp id="KC01199306">
<title>Connecting the #@#@#5#eader</title>
<procstep id="KC01199307">
<title/>
<grate>
<graphic id="KC08980903" width="column">
<href>0900c8af8005b68#@#@#11#.jpeg</href>
</graphic>
<graphtext>
<list1 enumtype="d" type="unordered">
<title>Connect:</title>
<item>
<ptxt>the display scr#@#@#8#e (1)</ptxt>
</item>
<item>
<ptxt>the power suppl#@#@#6#e (2)</ptxt>
</item>
<item>
<ptxt>the cable (3) f#@#@#40#erial</ptxt>
</item>
<item>
<ptxt>the aerial ampl#@#@#11# (4).</ptxt>
</item>
</list1>
<note>
<ptxt>If the TV is to#@#@#76#7033.</ptxt>
</note>
</graphtext>
</grate>
</procstep>
<procstep id="KC01199308">
<title/>
<grate>
<graphic id="KC08980904" width="column">
<href>0900c8af8005b69#@#@#11#.jpeg</href>
</graphic>
<graphtext>
<list1 enumtype="d" type="unordered">
<item>
<ptxt>Install the bra#@#@#128#n to <emph>10 Nm (7 lbf. ft)</emph>
</ptxt>
</item>
<item>
<ptxt>Clamp the blue #@#@#68#raps.</ptxt>
</item>
</list1>
</graphtext>
</grate>
</procstep>
</stepgrp>
<stepgrp id="KC01199309">
<title>Installing and #@#@#24#creen</title>
<procstep id="KC01199310">
<title/>
<grate>
<graphic id="KC08980905" width="column">
<href>0900c8af8005b4d#@#@#11#.jpeg</href>
</graphic>
<graphtext>
<list1 enumtype="d" type="unordered">
<title>Applies to cars#@#@#35#eaker</title>
<item>
<ptxt>Install the bra#@#@#58#kit).</ptxt>
</item>
</list1>
<list1 enumtype="d" type="unordered">
<title>Applies to cars#@#@#32#eaker</title>
<item>
<ptxt>Install the bra#@#@#55# (3).</ptxt>
</item>
</list1>
</graphtext>
</grate>
</procstep>
<procstep id="KC01199311">
<title/>
<grate>
<graphic id="KC08980906" width="column">
<href>0900c8af8005b68#@#@#11#.jpeg</href>
</graphic>
<graphtext>
<list1 enumtype="d" type="unordered">
<title>Applies to cars#@#@#35#eaker</title>
<item>
<ptxt>Connect the wir#@#@#41# (2) </ptxt>
</item>
<item>
<ptxt>Install the dis#@#@#70#s (3)</ptxt>
</item>
<item>
<ptxt>Press the new l#@#@#57#ard. </ptxt>
</item>
</list1>
</graphtext>
</grate>
</procstep>
<procstep id="KC01199312">
<title/>
<grate>
<graphic id="KC08980907" width="column">
<href>0900c8af8005b65#@#@#11#.jpeg</href>
</graphic>
<graphtext>
<list1 enumtype="d" type="unordered">
<title>Applies to cars#@#@#32#eaker</title>
<item>
<ptxt>Install the cen#@#@#74#creen</ptxt>
</item>
<item>
<ptxt>Tighten the lou#@#@#36#crews</ptxt>
</item>
<item>
<ptxt>Press the conne#@#@#106#cket.</ptxt>
</item>
</list1>
</graphtext>
</grate>
</procstep>
<procstep id="KC01199313">
<title/>
<grate>
<graphic id="KC08980908" width="column">
<href>0900c8af8005b65#@#@#11#.jpeg</href>
</graphic>
<graphtext>
<list1 enumtype="d" type="unordered">
<title>Applies to cars#@#@#32#eaker</title>
<item>
<ptxt>Connect the thr#@#@#69#aker </ptxt>
</item>
<item>
<ptxt>Press the displ#@#@#79#s (2)</ptxt>
</item>
<item>
<ptxt>Press the new l#@#@#57#ard. </ptxt>
</item>
</list1>
</graphtext>
</grate>
</procstep>
</stepgrp>
<stepgrp id="KC01199314">
<title>Finishing work</title>
<procstep id="KC01199315">
<title/>
<list1 enumtype="d" type="unordered">
<item>
<ptxt>Connect the gre#@#@#96#radio</ptxt>
</item>
<item>
<ptxt>Connect the oth#@#@#31#radio</ptxt>
</item>
<item>
<ptxt>Connect the oth#@#@#32#adio </ptxt>
</item>
<item>
<ptxt>Reinstall the radio</ptxt>
</item>
<item>
<ptxt>Connect the con#@#@#58#panel</ptxt>
</item>
<item>
<ptxt>Reinstall the p#@#@#59#lever</ptxt>
</item>
<item>
<ptxt>Reinstall the p#@#@#35#lever</ptxt>
</item>
<item>
<ptxt>Fold back the carpet</ptxt>
</item>
<item>
<ptxt>Reinstall the s#@#@#26#nsole</ptxt>
</item>
<item>
<ptxt>Reinstall the s#@#@#33#side </ptxt>
</item>
<item>
<ptxt>Fold the left-h#@#@#28#ition</ptxt>
</item>
<item>
<ptxt>Tighten the fro#@#@#100#n to <emph>40 Nm (30 lbf. ft)</emph>. Reinstall the#@#@#18#crews</ptxt>
</item>
<item>
<ptxt>Reinstall the p#@#@#6#shelf</ptxt>
</item>
<item>
<ptxt>Reinstall the C#@#@#50#tion </ptxt>
</item>
<item>
<ptxt>Reinstall the f#@#@#36#ment </ptxt>
</item>
<item>
<ptxt>Connect the car#@#@#92#panel</ptxt>
</item>
<item>
<ptxt>Install a new l#@#@#62#panel</ptxt>
</item>
<item>
<ptxt>Reinstall the s#@#@#6#shion</ptxt>
</item>
<item>
<ptxt>Fold the backre#@#@#13#place</ptxt>
</item>
<item>
<ptxt>Fold the seat c#@#@#18#lace.</ptxt>
</item>
</list1>
</procstep>
<procstep id="KC01199316">
<title/>
<grate>
<graphic id="KC08980909" width="column">
<href>0900c8af8005714#@#@#10#.jpeg</href>
</graphic>
<graphtext>
<list1 enumtype="d" type="unordered">
<item>
<ptxt>Turn the igniti#@#@#16#on II</ptxt>
</item>
<item>
<ptxt>Reconnect the b#@#@#15# lead</ptxt>
</item>
<item>
<ptxt>Reinstall the c#@#@#18#arpet</ptxt>
</item>
<item>
<ptxt>Program the sof#@#@#46#VIDA.</ptxt>
</item>
</list1>
</graphtext>
</grate>
</procstep>
</stepgrp>
</procedure>
</servinfosub>