<?xml version="1.0" encoding="UTF-8"?><servinfosub IE-ID="en-US0900c8af8452aa00" docno="VCC-258212" id="nev10836983n1" xml:lang="en-US">
<title>
<phrase category="" id="nev10836983n2" phrase-urn="urn:x-nevis:phrase:0800c8af8272663f">Checking poor s#@#@#10#ality</phrase>
</title>
<diagnostic j2008use="1" layout="0" paperuse="1" screenuse="1" type="test">
<testgrp IE-ID="en-US0900c8af8452aa00_nev13698131n100" id="nev13698131n100" j2008use="1" paperuse="0" resumable="1" screenuse="1" x="140" y="40">
<title id="nev13698131n99">
<phrase category="Title" id="nev13698132n1" phrase-urn="urn:x-nevis:phrase:0800c8af84404635">Checking the ge#@#@#4#ystem</phrase>
</title>
<subcalloutnode id="nev13698131n98">
<diagcallout id="nev13698131n97">
<xref id="nev13700455n100">
<ref id="l1209042798847"/>
</xref>
</diagcallout>
<rescall-grp id="nev13700455n99">
<result comp="string" highlight="0" id="nev13700455n98" op="eq" return="DONE"/>
<calloutaction id="nev13700455n95">
<ptxt id="nev13700455n94">
<xref id="nev13700455n93">
<ref id="nev13700455n92"/>
</xref>
</ptxt>
</calloutaction>
</rescall-grp>
<rescall-grp id="nev13700455n97">
<result comp="string" highlight="0" id="nev13700455n96" op="eq" return="FAULT FOUND"/>
<calloutaction id="nev13700455n91">
<ptxt id="nev13700455n90">
<xref id="nev13700455n89">
<ref id="nev13700455n88"/>
</xref>
</ptxt>
</calloutaction>
</rescall-grp>
</subcalloutnode>
</testgrp>
<testgrp id="nev10836983n3" j2008use="1" paperuse="1" resumable="1" screenuse="1" testgrp-id="verifnode" x="60" y="200">
<title>
<phrase category="" id="nev10836983n4" phrase-urn="urn:x-nevis:phrase:0800c8af82726640">Fault-tracing i#@#@#5#ation</phrase>
</title>
<node>
<test1>
<test2>
<para>
<ptxt>
<phrase category="" id="nev10836983n5" phrase-urn="urn:x-nevis:phrase:0800c8af82726641">The automatic t#@#@#180#well.</phrase>
</ptxt>
</para>
</test2>
</test1>
<question>
Select Continue.
</question>
<resact-grp>
<result button="cont" comp="button" highlight="0"/>
<action j2008use="1" paperuse="1" screenuse="1">
<return value="DONE"/>
</action>
</resact-grp>
</node>
</testgrp>
<testgrp id="nev13698131n91" j2008use="1" paperuse="0" resumable="1" screenuse="1" x="220" y="180">
<title id="nev13698131n90">
<phrase category="Title" id="nev13698136n1" phrase-urn="urn:x-nevis:phrase:0800c8af81eb9a16">Replacing the c#@#@#8#ystem</phrase>
</title>
<node id="nev13698131n89">
<test1 id="nev13698131n88">
<test2 id="nev13698131n86">
<ptxt id="nev13698131n85">
<phrase category="Faulttracing" id="nev13698137n1" phrase-urn="urn:x-nevis:phrase:0800c8af81eab246">The previous te#@#@#65#stem.</phrase>
<phrase category="Faulttracing" id="nev13698138n1" phrase-urn="urn:x-nevis:phrase:0800c8af81eab677">Replace the con#@#@#7#stem.</phrase>
</ptxt>
<list1 id="nev13698131n82">
<title id="nev13698131n81">
<phrase category="Title" id="nev13698139n1" phrase-urn="urn:x-nevis:phrase:0800c8af81ea4cd6">Other information</phrase>
</title>
<item id="nev13698131n79">
<ptxt id="nev13698131n78">
<xref id="nev13767480n100">
<ref id="l1209017233525"/>
</xref>
</ptxt>
</item>
</list1>
</test2>
</test1>
<question id="nev13698131n87">
Continue.
</question>
<resact-grp id="nev13698131n67">
<result button="cont" comp="button" highlight="0" id="nev13698131n66"/>
<action id="nev13698131n65" j2008use="1" paperuse="0" screenuse="1">
<return id="nev13698131n64" value="DONE"/>
</action>
</resact-grp>
</node>
</testgrp>
</diagnostic>
</servinfosub>