<?xml version="1.0" encoding="UTF-8"?><servinfosub IE-ID="en-US0900c8af846eef0e" docno="VCC-123083" id="KC01187324" xml:lang="en-US">
<title>
<phrase category="" id="KC09376629" phrase-urn="urn:x-nevis:phrase:0800c8af826f6327">Internal fault</phrase>
</title>
<diagnostic j2008use="1" layout="0" paperuse="1" screenuse="1" type="test">
<testgrp IE-ID="en-US0900c8af846eef0e_KC01249776" id="KC01249776" j2008use="1" paperuse="1" resumable="1" screenuse="1" testgrp-id="start" x="120" y="80">
<title>
<phrase category="" id="KC09376630" phrase-urn="urn:x-nevis:phrase:0800c8af826f6328">Checking the fu#@#@#1#ction</phrase>
</title>
<subcalloutnode>
<diagcallout>
<xref>
<ref id="KC09376631"/>
</xref>
</diagcallout>
<rescall-grp>
<result comp="string" highlight="0" op="eq" return="ANOTHER TEST"/>
<calloutaction>
<ptxt>
<xref>
<ref id="KC09376632"/>
</xref>
</ptxt>
</calloutaction>
</rescall-grp>
</subcalloutnode>
</testgrp>
<testgrp id="KC01249777" j2008use="1" paperuse="1" resumable="1" screenuse="1" testgrp-id="perm" x="120" y="140">
<title>
<phrase category="" id="KC09376633" phrase-urn="urn:x-nevis:phrase:0800c8af826f6329">Checking the ra#@#@#4#ensor</phrase>
</title>
<node>
<test1>
<diaglist>
<dgraphic>
<dgraphic1>
<graphic id="KC09376634">
<href>0900c8af80054d4#@#@#9#.jpeg</href>
</graphic>
</dgraphic1>
</dgraphic>
<ditem>
<ptxt>
<phrase category="" id="KC09376635" phrase-urn="urn:x-nevis:phrase:0800c8af826f632a">Ignition off.</phrase>
</ptxt>
</ditem>
</diaglist>
<test2>
<para>
<ptxt>
<phrase category="" id="KC09376636" phrase-urn="urn:x-nevis:phrase:0800c8af826f632b">Check that the #@#@#88#ield.</phrase>
</ptxt>
</para>
<para>
<ptxt>
<phrase category="" id="KC09376637" phrase-urn="urn:x-nevis:phrase:0800c8af826f632c">Check that ther#@#@#80#oned.</phrase>
</ptxt>
</para>
<para>
<ptxt>
<phrase category="" id="KC09376638" phrase-urn="urn:x-nevis:phrase:0800c8af826f632d">Remedy as necessary.</phrase>
</ptxt>
</para>
<list1 enumtype="d" type="unordered">
<title>
<phrase category="" id="KC09376639" phrase-urn="urn:x-nevis:phrase:0800c8af826f632e">Other information:</phrase>
</title>
<item>
<ptxt id="nev14096556n100">
<xref id="nev14096556n99">
<ref id="l1223617645219"/>
</xref>
</ptxt>
</item>
</list1>
</test2>
</test1>
<question>
Was a fault de#@#@#3#ted?
</question>
<resact-grp>
<result button="yes" comp="button" highlight="0"/>
<action j2008use="1" paperuse="1" screenuse="1">
<ptxt>
<xref>
<ref id="KC09376643"/>
</xref>
</ptxt>
</action>
</resact-grp>
<resact-grp>
<result button="no" comp="button" highlight="0"/>
<action j2008use="1" paperuse="1" screenuse="1">
<ptxt>
<xref>
<ref id="KC09376644"/>
</xref>
</ptxt>
</action>
</resact-grp>
</node>
</testgrp>
<testgrp id="KC01249778" j2008use="1" paperuse="1" resumable="1" screenuse="1" testgrp-id="byte" x="80" y="240">
<title>
<phrase category="" id="KC09376645" phrase-urn="urn:x-nevis:phrase:0800c8af826f6331">Replacing the r#@#@#5#ensor</phrase>
</title>
<node>
<test1>
<diaglist>
<dgraphic>
<dgraphic1>
<graphic id="KC09376646">
<href>0900c8af80054d4#@#@#9#.jpeg</href>
</graphic>
</dgraphic1>
</dgraphic>
<ditem>
<ptxt>
<phrase category="" id="KC09376647" phrase-urn="urn:x-nevis:phrase:0800c8af826f6332">Ignition off.</phrase>
</ptxt>
</ditem>
</diaglist>
<test2>
<ptxt id="nev14096556n97">
<phrase category="Faulttracing" id="nev14096557n1" phrase-urn="urn:x-nevis:phrase:0800c8af82264fcd">If no other fau#@#@#38#nsor.</phrase>
</ptxt>
<list1 id="nev14096556n95">
<title id="nev14096556n94">
<phrase category="Title" id="nev14096558n1" phrase-urn="urn:x-nevis:phrase:0800c8af81ea4cd6">Other information</phrase>
</title>
<item id="nev14096556n92">
<ptxt id="nev14096556n91">
<xref id="nev14096556n90">
<ref id="l1223617785229"/>
</xref>
</ptxt>
</item>
</list1>
</test2>
</test1>
<question>
Select Continue.
</question>
<resact-grp>
<result button="cont" comp="button" highlight="0"/>
<action j2008use="1" paperuse="1" screenuse="1">
<ptxt>
<xref>
<ref id="KC09376651"/>
</xref>
</ptxt>
</action>
</resact-grp>
</node>
</testgrp>
<testgrp id="KC01249779" j2008use="1" paperuse="1" resumable="1" screenuse="1" testgrp-id="veri" x="120" y="400">
<title>
<phrase category="" id="KC09376652" phrase-urn="urn:x-nevis:phrase:0800c8af826f6335">Verification</phrase>
</title>
<subcalloutnode>
<diagcallout>
<xref>
<ref id="KC09376653"/>
</xref>
</diagcallout>
<rescall-grp>
<result comp="string" highlight="0" op="eq" return="VERIFICATION FAILED"/>
<calloutaction>
<ptxt>
<xref>
<ref id="KC09376654"/>
</xref>
</ptxt>
</calloutaction>
</rescall-grp>
<rescall-grp>
<result comp="string" highlight="0" op="eq" return="VERIFIED"/>
<calloutaction>
<return value="FAULT FOUND"/>
</calloutaction>
</rescall-grp>
</subcalloutnode>
</testgrp>
<testgrp id="KC01249780" j2008use="1" paperuse="1" resumable="1" screenuse="1" testgrp-id="info" x="120" y="520">
<title>
<phrase category="" id="KC09376655" phrase-urn="urn:x-nevis:phrase:0800c8af826f6336">Fault-tracing i#@#@#5#ation</phrase>
</title>
<subcalloutnode>
<diagcallout>
<xref>
<ref id="KC09376656"/>
</xref>
</diagcallout>
<rescall-grp>
<result comp="string" highlight="0" op="eq" return="NEW TRY"/>
<calloutaction>
<ptxt>
<xref>
<ref id="KC09376657"/>
</xref>
</ptxt>
</calloutaction>
</rescall-grp>
<rescall-grp>
<result comp="string" highlight="0" op="eq" return="FAULTTRACING FAILED"/>
<calloutaction>
<return value="FAULT NOT FOUND"/>
</calloutaction>
</rescall-grp>
</subcalloutnode>
</testgrp>
</diagnostic>
</servinfosub>