<?xml version="1.0" encoding="UTF-8"?><servinfosub IE-ID="en-US0800c8af80a4821c" docno="T9986007" id="ST-0800c8af80a4821c" xml:lang="en-US">
<title>998 6007 STUD E#@#@#11#10 MM</title>
<grate>
<graphic id="0900c8af8005d70f"/>
<graphtext>
<deflist>
<defitem>
<term>Tool number:</term>
<def>998 6007-4</def>
</defitem>
<defitem>
<term>Tool description:</term>
<def>STUD EXTRACTOR #@#@#2#10 MM</def>
</defitem>
<defitem>
<term>Tool board:</term>
<def/>
</defitem>
</deflist>
</graphtext>
</grate>
</servinfosub>