<?xml version="1.0" encoding="UTF-8"?><script xmlns:nevis="http://www.volvocars.com/namespaces/processing" xmlns:xlink="http://www.w3.org/1999/xlink" IE-ID="en-US0900c8af8616921c" docno="VCC-468802" id="nev20284120n1" nevis:expl-profile="mdl124yr2014eng246, mdl135yr2014eng246, mdl136yr2014eng246, mdl134yr2014eng246, mdl155yr2014eng246, mdl156yr2014eng246, mdl526yr2015eng257, mdl124yr2015eng246, mdl135yr2015eng246, mdl136yr2015eng246, mdl134yr2015eng246, mdl155yr2015eng246, mdl156yr2015eng246, mdl525yr2015eng257, mdl134yr2016eng253, mdl134yr2016eng257, mdl134yr2016eng263, mdl134yr2016eng264, mdl156yr2016eng269, mdl156yr2016eng257, mdl124yr2016eng246, mdl135yr2016eng246, mdl135yr2016eng264, mdl135yr2016eng265, mdl136yr2016eng246, mdl134yr2016eng265, mdl155yr2016eng263, mdl155yr2016eng265, mdl155yr2016eng257, mdl155yr2016eng264, mdl155yr2016eng253, mdl157yr2016eng269, mdl157yr2016eng257, mdl525yr2016eng265, mdl525yr2016eng257, mdl525yr2016eng263, mdl526yr2016eng265, mdl526yr2016eng263, mdl526yr2016eng257, mdl137yr2016eng257" nevis:profile="urn:x-nevis:profile:0b00c8af856329b3 urn:x-nevis:profile:0b00c8af85632ecb urn:x-nevis:profile:0b00c8af856332b5 urn:x-nevis:profile:0b00c8af856338e7 urn:x-nevis:profile:0b00c8af85633dc9 urn:x-nevis:profile:0b00c8af8569a16f urn:x-nevis:profile:0b00c8af861bd325 urn:x-nevis:profile:0b00c8af8620f7c9 urn:x-nevis:profile:0b00c8af862155a2 urn:x-nevis:profile:0b00c8af8621adb5 urn:x-nevis:profile:0b00c8af8621e8aa urn:x-nevis:profile:0b00c8af862236d6 urn:x-nevis:profile:0b00c8af862294ad urn:x-nevis:profile:0b00c8af862296d7 urn:x-nevis:profile:0b00c8af863f4c88 urn:x-nevis:profile:0b00c8af863f4c8a urn:x-nevis:profile:0b00c8af863f4c8b urn:x-nevis:profile:0b00c8af863f4cb2 urn:x-nevis:profile:0b00c8af864b2bcb urn:x-nevis:profile:0b00c8af864b2bce urn:x-nevis:profile:0b00c8af8656e7fb urn:x-nevis:profile:0b00c8af8656ea5b urn:x-nevis:profile:0b00c8af8656ea5d urn:x-nevis:profile:0b00c8af8656ea5e urn:x-nevis:profile:0b00c8af8656ef1f urn:x-nevis:profile:0b00c8af8657628e urn:x-nevis:profile:0b00c8af865763d1 urn:x-nevis:profile:0b00c8af865763d2 urn:x-nevis:profile:0b00c8af865764be urn:x-nevis:profile:0b00c8af865764c0 urn:x-nevis:profile:0b00c8af865764c3 urn:x-nevis:profile:0b00c8af86576afe urn:x-nevis:profile:0b00c8af86576aff urn:x-nevis:profile:0b00c8af86576ce0 urn:x-nevis:profile:0b00c8af86576ce2 urn:x-nevis:profile:0b00c8af86576ce6 urn:x-nevis:profile:0b00c8af865771d1 urn:x-nevis:profile:0b00c8af865771d3 urn:x-nevis:profile:0b00c8af865771d7 urn:x-nevis:profile:0b00c8af86b490c3" nevis:projectdocument="urn:x-nevis:projectdocument:0800c8af8616921b" nevis:resource="0900c8af862291ea" nevis:resource2="urn:x-nevis:fragment:0900c8af8616921c:0900c8af862291ea#nev20284120n1" nevis:session-id="" qualifierinfotype="14:00" type="" xml:lang="en-US"><title>Read ECU and ME#@#@#12#upply</title><content gui="1" height="190" id="nev20284120n2-nev20284121n1" nevis:expl-profile="mdl124yr2014eng246, mdl135yr2014eng246, mdl136yr2014eng246, mdl134yr2014eng246, mdl155yr2014eng246, mdl156yr2014eng246, mdl526yr2015eng257, mdl124yr2015eng246, mdl135yr2015eng246, mdl136yr2015eng246, mdl134yr2015eng246, mdl155yr2015eng246, mdl156yr2015eng246, mdl525yr2015eng257, mdl134yr2016eng253, mdl134yr2016eng257, mdl134yr2016eng263, mdl134yr2016eng264, mdl156yr2016eng269, mdl156yr2016eng257, mdl124yr2016eng246, mdl135yr2016eng246, mdl135yr2016eng264, mdl135yr2016eng265, mdl136yr2016eng246, mdl134yr2016eng265, mdl155yr2016eng263, mdl155yr2016eng265, mdl155yr2016eng257, mdl155yr2016eng264, mdl155yr2016eng253, mdl157yr2016eng269, mdl157yr2016eng257, mdl525yr2016eng265, mdl525yr2016eng257, mdl525yr2016eng263, mdl526yr2016eng265, mdl526yr2016eng263, mdl526yr2016eng257, mdl137yr2016eng257" nevis:idfrom="nev20284120n2" nevis:prefix="nev20284120n2" nevis:profile="urn:x-nevis:profile:0b00c8af856329b3 urn:x-nevis:profile:0b00c8af85632ecb urn:x-nevis:profile:0b00c8af856332b5 urn:x-nevis:profile:0b00c8af856338e7 urn:x-nevis:profile:0b00c8af85633dc9 urn:x-nevis:profile:0b00c8af8569a16f urn:x-nevis:profile:0b00c8af861bd325 urn:x-nevis:profile:0b00c8af8620f7c9 urn:x-nevis:profile:0b00c8af862155a2 urn:x-nevis:profile:0b00c8af8621adb5 urn:x-nevis:profile:0b00c8af8621e8aa urn:x-nevis:profile:0b00c8af862236d6 urn:x-nevis:profile:0b00c8af862294ad urn:x-nevis:profile:0b00c8af862296d7 urn:x-nevis:profile:0b00c8af863f4c88 urn:x-nevis:profile:0b00c8af863f4c8a urn:x-nevis:profile:0b00c8af863f4c8b urn:x-nevis:profile:0b00c8af863f4cb2 urn:x-nevis:profile:0b00c8af864b2bcb urn:x-nevis:profile:0b00c8af864b2bce urn:x-nevis:profile:0b00c8af8656e7fb urn:x-nevis:profile:0b00c8af8656ea5b urn:x-nevis:profile:0b00c8af8656ea5d urn:x-nevis:profile:0b00c8af8656ea5e urn:x-nevis:profile:0b00c8af8656ef1f urn:x-nevis:profile:0b00c8af8657628e urn:x-nevis:profile:0b00c8af865763d1 urn:x-nevis:profile:0b00c8af865763d2 urn:x-nevis:profile:0b00c8af865764be urn:x-nevis:profile:0b00c8af865764c0 urn:x-nevis:profile:0b00c8af865764c3 urn:x-nevis:profile:0b00c8af86576afe urn:x-nevis:profile:0b00c8af86576aff urn:x-nevis:profile:0b00c8af86576ce0 urn:x-nevis:profile:0b00c8af86576ce2 urn:x-nevis:profile:0b00c8af86576ce6 urn:x-nevis:profile:0b00c8af865771d1 urn:x-nevis:profile:0b00c8af865771d3 urn:x-nevis:profile:0b00c8af865771d7 urn:x-nevis:profile:0b00c8af86b490c3" nevis:resource="0900c8af862291e8" nevis:resource2="urn:x-nevis:fragment:0900c8af8616921c:0900c8af862291e8#nev20284121n1" width="560" xml:lang="en-US"><nodes id="nev20284120n2-nev20563756n1"><node class="Components.StartNode" id="nev20284120n2-nev20563757n1" nodeid="Start" x="26" y="173"/><node class="Components.Gui.ParameterLabel" id="nev20284120n2-nev20563758n1" nodeid="ParameterLabel1" x="667" y="68"><gui height="70" id="nev20284120n2-nev20563759n1" width="550" x="5" y="5"/><property class="Parameter" id="nev20284120n2-nev20563760n1" name="Parameter" type="In" value="" visible="1"/><property class="String" id="nev20284120n2-nev20563761n1" name="Title" type="In" value="" visible="1"/><property class="String" id="nev20284120n2-nev20563762n1" name="Value" type="In" value="" visible="1"/><property class="String" id="nev20284120n2-nev20563763n1" name="Unit" type="In" value="" visible="1"/><property class="String" id="nev20284120n2-nev20563764n1" name="StartVisible" type="Internal" value="true" visible="0"/></node><node class="Components.ScriptComponent" id="nev20284120n2-nev20563765n1" nodeid="ScriptComponent1" x="230" y="409"/><node class="Components.ScriptButton" id="nev20284120n2-nev20563766n1" nodeid="ScriptButton1" x="20" y="360"><gui height="30" id="nev20284120n2-nev20563767n1" width="110" x="445" y="155"/><property class="String" id="nev20284120n2-nev20563768n1" name="Text" type="In" value="" visible="0"/><property class="String" id="nev20284120n2-nev20563769n1" name="StartDisabled" type="Internal" value="false" visible="1"/><property class="String" id="nev20284120n2-nev20563770n1" name="StartVisible" type="Internal" value="true" visible="1"/><extension id="nev20284120n2-nev20563771n1"><phrase category="Faulttracing" id="nev20284120n2-nev20284122n8" phrase-urn="urn:x-nevis:phrase:0800c8af81b6b138">Hide</phrase></extension></node><node class="Components.Repeater" id="nev20284120n2-nev20563772n1" nodeid="Repeater1" x="278" y="157"><property class="Int" id="nev20284120n2-nev20563773n1" name="Wait" type="Internal" value="500" visible="1"/><property class="Int" id="nev20284120n2-nev20563774n1" name="NoOfRepeats" type="Internal" value="0" visible="1"/></node><node class="Components.Gui.ParameterLabel" id="nev20284120n2-nev20563775n1" nodeid="ParameterLabel2" x="676" y="292"><gui height="70" id="nev20284120n2-nev20563776n1" width="550" x="5" y="80"/><property class="Parameter" id="nev20284120n2-nev20563777n1" name="Parameter" type="In" value="" visible="1"/><property class="String" id="nev20284120n2-nev20563778n1" name="Title" type="In" value="" visible="1"/><property class="String" id="nev20284120n2-nev20563779n1" name="Value" type="In" value="" visible="1"/><property class="String" id="nev20284120n2-nev20563780n1" name="Unit" type="In" value="" visible="1"/><property class="String" id="nev20284120n2-nev20563781n1" name="StartVisible" type="Internal" value="true" visible="0"/></node><node class="Components.IdentifierComponent" id="nev20284120n2-nev20563782n1" nodeid="ECU spänning" x="469" y="23"><property class="Parameter" id="nev20284120n2-nev20563783n1" name="Spänningsmatning styrenhet" type="Out" value="" visible="1"/><extension id="nev20284120n2-nev20563784n1"><identifier ecu="284101" ecuMode="EcuType" id="nev20284120n2-nev20563785n1" read="100" type="REID" value="F442"><parameter id="nev20284120n2-nev20563786n1" name="Spänningsmatning styrenhet" textid="63359"/></identifier></extension></node><node class="Components.IdentifierComponent" id="nev20284120n2-nev20563787n1" nodeid="Batteri" x="466" y="278"><property class="Parameter" id="nev20284120n2-nev20563788n1" name="MECU spänningsmatning" type="Out" value="" visible="1"/><extension id="nev20284120n2-nev20563789n1"><identifier ecu="284101" ecuMode="EcuType" id="nev20284120n2-nev20563790n1" read="100" type="REID" value="DD02"><parameter id="nev20284120n2-nev20563791n1" name="MECU spänningsmatning" textid="1001126"/></identifier></extension></node></nodes><handlers id="nev20284120n2-nev20563792n1"><eventhandler id="nev20284120n2-nev20563793n1" name="OnStart" node="Start"><call id="nev20284120n2-nev20563794n1" method="UpdateTitles" node="ECU spänning"/><call id="nev20284120n2-nev20563795n1" method="UpdateTitles" node="Batteri"/><call id="nev20284120n2-nev20563796n1" method="Start" node="Repeater1"/></eventhandler><eventhandler id="nev20284120n2-nev20563797n1" name="Click" node="ScriptButton1"><call id="nev20284120n2-nev20563798n1" method="CloseDialog" node="ScriptComponent1"/></eventhandler><eventhandler id="nev20284120n2-nev20563799n1" name="OnRepeat" node="Repeater1"><call id="nev20284120n2-nev20563800n1" method="Read" node="ECU spänning"/><call id="nev20284120n2-nev20563801n1" method="Read" node="Batteri"/></eventhandler><propertyhandler id="nev20284120n2-nev20563802n1" name="Spänningsmatning styrenhet" node="ECU spänning"><set id="nev20284120n2-nev20563803n1" node="ParameterLabel1" property="Parameter"/></propertyhandler><propertyhandler id="nev20284120n2-nev20563804n1" name="MECU spänningsmatning" node="Batteri"><set id="nev20284120n2-nev20563805n1" node="ParameterLabel2" property="Parameter"/></propertyhandler></handlers></content></script>