<?xml version="1.0" encoding="UTF-8"?><servinfosub IE-ID="en-US0900c8af806a021c" docno="VCC-102123" id="KC02161511" xml:lang="en-US">
<title>
<phrase category="" id="KC08634449" phrase-urn="urn:x-nevis:phrase:0800c8af81df04eb">Open circuit</phrase>
</title>
<diagnostic type="test">
<testgrp IE-ID="en-US0900c8af806a021c_KC02161987" id="KC02161987" j2008use="1" paperuse="1" resumable="1" screenuse="1" testgrp-id="daz1" x="120" y="120">
<title>
<phrase category="" id="KC08634450" phrase-urn="urn:x-nevis:phrase:0800c8af81df04ed">Checking lock-u#@#@#8#id SL</phrase>
</title>
<node>
<test1>
<diaglist>
<dgraphic>
<dgraphic1>
<graphic id="KC08634451">
<href>0900c8af80054d5#@#@#9#.jpeg</href>
</graphic>
</dgraphic1>
</dgraphic>
<ditem>
<ptxt>
<phrase category="" id="KC08634452" phrase-urn="urn:x-nevis:phrase:0800c8af81df04ee">Ignition on.</phrase>
</ptxt>
</ditem>
<ditem>
<ptxt>
<phrase category="" id="KC08634453" phrase-urn="urn:x-nevis:phrase:0800c8af81df04ef">Gear selector i#@#@#8#on P.</phrase>
</ptxt>
</ditem>
</diaglist>
<test2>
<ptxt>
<phrase category="" id="KC08634454" phrase-urn="urn:x-nevis:phrase:0800c8af81df04f1">Activate soleno#@#@#79#d ON.</phrase>
</ptxt>
<diaglist>
<dgraphic>
<dgraphic2>
<graphic id="KC08634455">
<href>0900c8af86c8681#@#@#9#.jpeg</href>
</graphic>
<smarttool active="press" id="KC08634456" toolname="XTCMA523"/>
</dgraphic2>
</dgraphic>
<ditem>
<ditemtext>
<ptxt>
<phrase category="" id="KC08634457" phrase-urn="urn:x-nevis:phrase:0800c8af81df04f2"/>
</ptxt>
</ditemtext>
</ditem>
<ditem>
<ditemtext>
<ptxt>
<phrase category="" id="KC08634458" phrase-urn="urn:x-nevis:phrase:0800c8af81df04f4"/>
</ptxt>
</ditemtext>
</ditem>
</diaglist>
</test2>
</test1>
<question>Does the status#@#@#19#ange?</question>
<resact-grp>
<result button="yes" comp="button" highlight="0"/>
<action j2008use="1" paperuse="1" screenuse="1">
<ptxt>
<xref>
<ref id="KC08634459"/>
</xref>
</ptxt>
</action>
</resact-grp>
<resact-grp>
<result button="no" comp="button" highlight="0"/>
<action j2008use="0" paperuse="1" screenuse="0">
<ptxt>
<xref>
<ref id="KC08634460"/>
</xref>
</ptxt>
</action>
<action j2008use="1" paperuse="0" screenuse="1">
<ptxt>
<xref>
<ref id="KC08634461"/>
</xref>
</ptxt>
</action>
</resact-grp>
</node>
</testgrp>
<testgrp id="KC02161988" j2008use="0" paperuse="1" resumable="1" screenuse="0" testgrp-id="daz2paper" x="120" y="280">
<title>
<phrase category="" id="KC08634462" phrase-urn="urn:x-nevis:phrase:0800c8af81df04f5">Checking the po#@#@#5#round</phrase>
</title>
<node>
<test1>
<diaglist>
<dgraphic>
<dgraphic1>
<graphic id="KC08634463">
<href>0900c8af80054d4#@#@#9#.jpeg</href>
</graphic>
</dgraphic1>
<dgraphic3>
<graphic id="KC08634464">
<href>0900c8af80054cc#@#@#9#.jpeg</href>
</graphic>
</dgraphic3>
</dgraphic>
<ditem>
<ptxt>
<phrase category="" id="KC08634465" phrase-urn="urn:x-nevis:phrase:0800c8af81df04f6">Ignition off.</phrase>
</ptxt>
</ditem>
</diaglist>
<test2>
<ptxt>
<phrase category="" id="KC08634466" phrase-urn="urn:x-nevis:phrase:0800c8af81df04f7">Connect the tes#@#@#46#d in <xref>
<ref id="KC08634467"/>
</xref>. Check especia#@#@#12#ound.</phrase>
</ptxt>
<diaglist>
<dgraphic>
<dgraphic1>
<graphic id="KC08634468">
<href>0900c8af8005444#@#@#9#.jpeg</href>
</graphic>
</dgraphic1>
<dgraphic2>
<graphic id="KC08634469">
<href>0900c8af80054d4#@#@#9#.jpeg</href>
</graphic>
<smarttool id="KC08634470" toolname="ODA"/>
</dgraphic2>
</dgraphic>
<ditem>
<ditemtext>
<ptxt>
<phrase category="" id="KC08634471" phrase-urn="urn:x-nevis:phrase:0800c8af81df04f8"/>
</ptxt>
</ditemtext>
</ditem>
</diaglist>
</test2>
</test1>
<question>Are ground poin#@#@#1#s OK?</question>
<resact-grp>
<result button="yes" comp="button" highlight="0"/>
<action j2008use="0" paperuse="1" screenuse="0">
<ptxt>
<xref>
<ref id="KC08634472"/>
</xref>
</ptxt>
</action>
</resact-grp>
<resact-grp>
<result button="no" comp="button" highlight="0"/>
<action j2008use="0" paperuse="1" screenuse="0">
<ptxt>
<xref>
<ref id="KC08634473"/>
</xref>
</ptxt>
</action>
</resact-grp>
</node>
</testgrp>
<testgrp id="KC02161989" j2008use="1" paperuse="0" resumable="1" screenuse="1" testgrp-id="daz2screen">
<title>
<phrase category="" id="KC08634474" phrase-urn="urn:x-nevis:phrase:0800c8af81df04f9">Checking the po#@#@#5#round</phrase>
</title>
<iecalloutnode>
<diagcallout>
<xref>
<ref id="KC08634475"/>
</xref>
</diagcallout>
<test1>
<test2/>
</test1>
<question/>
<resact-grp>
<result comp="string" highlight="0" op="eq" return="CONNECTED"/>
<action j2008use="1" paperuse="0" screenuse="1">
<ptxt>
<xref>
<ref id="KC08634476"/>
</xref>
</ptxt>
</action>
</resact-grp>
<resact-grp>
<result comp="string" highlight="0" op="eq" return="FAULT FOUND"/>
<action j2008use="1" paperuse="0" screenuse="1">
<ptxt>
<xref>
<ref id="KC08634477"/>
</xref>
</ptxt>
</action>
</resact-grp>
<resact-grp>
<result comp="string" highlight="0" op="eq" return="FAULT NOT FOUND"/>
<action j2008use="1" paperuse="0" screenuse="1">
<ptxt>
<xref>
<ref id="KC08634478"/>
</xref>
</ptxt>
</action>
</resact-grp>
<resact-grp>
<result comp="string" highlight="0" op="eq" return="FAULTTRACING FAILED"/>
<action j2008use="1" paperuse="0" screenuse="1">
<ptxt>
<xref>
<ref id="KC08634479"/>
</xref>
</ptxt>
</action>
</resact-grp>
</iecalloutnode>
</testgrp>
<testgrp id="KC02161990" j2008use="1" paperuse="1" resumable="1" screenuse="1" testgrp-id="daz2-1" x="280" y="200">
<title>
<phrase category="" id="KC08634480" phrase-urn="urn:x-nevis:phrase:0800c8af81df04fd">Trouble-shootin#@#@#8#ation</phrase>
</title>
<node>
<test1>
<test2>
<ptxt>
<phrase category="" id="KC08634481" phrase-urn="urn:x-nevis:phrase:0800c8af81df04ff">The cause of th#@#@#43#ound.</phrase>
</ptxt>
</test2>
</test1>
<question>Select Continue.</question>
<resact-grp>
<result button="cont" comp="button" highlight="0"/>
<action j2008use="1" paperuse="1" screenuse="1">
<ptxt>
<xref>
<ref id="KC08634482"/>
</xref>
</ptxt>
</action>
</resact-grp>
</node>
</testgrp>
<testgrp id="KC02161991" j2008use="1" paperuse="1" resumable="1" screenuse="1" testgrp-id="daz3" x="120" y="280">
<title>
<phrase category="" id="KC08634483" phrase-urn="urn:x-nevis:phrase:0800c8af81df0500">Checking the re#@#@#33#id SL</phrase>
</title>
<node>
<test1>
<diaglist>
<dgraphic>
<dgraphic1>
<graphic id="KC08634484">
<href>0900c8af80054d4#@#@#9#.jpeg</href>
</graphic>
</dgraphic1>
<dgraphic3>
<graphic id="KC08634485">
<href>0900c8af80054cc#@#@#9#.jpeg</href>
</graphic>
</dgraphic3>
</dgraphic>
<ditem>
<ptxt>
<phrase category="" id="KC08634486" phrase-urn="urn:x-nevis:phrase:0800c8af81df0501">Ignition off.</phrase>
</ptxt>
</ditem>
<ditem>
<ptxt>
<phrase category="" id="KC08634487" phrase-urn="urn:x-nevis:phrase:0800c8af81df0502">Control unit di#@#@#6#cted.</phrase>
</ptxt>
</ditem>
</diaglist>
<test2>
<ptxt>
<phrase category="" id="KC08634488" phrase-urn="urn:x-nevis:phrase:0800c8af81df0503">Connect an ohmm#@#@#48# box.</phrase>
</ptxt>
<diaglist>
<dgraphic>
<dgraphic1>
<graphic id="KC08634489">
<href>0900c8af8005444#@#@#9#.jpeg</href>
</graphic>
</dgraphic1>
<dgraphic2>
<graphic id="KC08634490">
<href>0900c8af80054d4#@#@#9#.jpeg</href>
</graphic>
<smarttool id="KC08634491" toolname="ODA"/>
</dgraphic2>
</dgraphic>
<ditem>
<ditemtext>
<ptxt>
<phrase category="" id="KC08634492" phrase-urn="urn:x-nevis:phrase:0800c8af81df0504"/>
</ptxt>
</ditemtext>
</ditem>
</diaglist>
</test2>
</test1>
<question>The ohmmeter sh#@#@#15#-18(.</question>
<resact-grp>
<result button="ok" comp="button" highlight="0"/>
<action j2008use="1" paperuse="1" screenuse="1">
<ptxt>
<xref>
<ref id="KC08634493"/>
</xref>
</ptxt>
</action>
</resact-grp>
<resact-grp>
<result button="notok" comp="button" highlight="0"/>
<action j2008use="1" paperuse="1" screenuse="1">
<ptxt>
<xref>
<ref id="KC08634494"/>
</xref>
</ptxt>
</action>
</resact-grp>
</node>
</testgrp>
<testgrp id="KC02161992" j2008use="1" paperuse="1" resumable="1" screenuse="1" testgrp-id="daz3-1">
<title>
<phrase category="" id="KC08634495" phrase-urn="urn:x-nevis:phrase:0800c8af81df0505">Checking the co#@#@#5# unit</phrase>
</title>
<node>
<test1>
<diaglist>
<dgraphic>
<dgraphic1>
<graphic id="KC08634496">
<href>0900c8af80054d5#@#@#9#.jpeg</href>
</graphic>
</dgraphic1>
</dgraphic>
<ditem>
<ptxt>
<phrase category="" id="KC08634497" phrase-urn="urn:x-nevis:phrase:0800c8af81df0506">Ignition on.</phrase>
</ptxt>
</ditem>
<ditem>
<ptxt>
<phrase category="" id="KC08634498" phrase-urn="urn:x-nevis:phrase:0800c8af81df0507">Gear selector i#@#@#8#on P.</phrase>
</ptxt>
</ditem>
</diaglist>
<test2>
<ptxt>
<phrase category="" id="KC08634499" phrase-urn="urn:x-nevis:phrase:0800c8af81df0508">Read the status#@#@#60#d ON.</phrase>
</ptxt>
<diaglist>
<dgraphic>
<dgraphic2>
<graphic id="KC08634500">
<href>0900c8af86c8681#@#@#9#.jpeg</href>
</graphic>
<smarttool active="press" id="KC08634501" toolname="XTCMA523"/>
</dgraphic2>
</dgraphic>
<ditem>
<ditemtext>
<ptxt>
<phrase category="" id="KC08634502" phrase-urn="urn:x-nevis:phrase:0800c8af81df04b2"/>
</ptxt>
</ditemtext>
</ditem>
<ditem>
<ditemtext>
<ptxt>
<phrase category="" id="KC08634503" phrase-urn="urn:x-nevis:phrase:0800c8af81df04b3"/>
</ptxt>
</ditemtext>
</ditem>
</diaglist>
</test2>
</test1>
<question>Does the status#@#@#19#ange?</question>
<resact-grp>
<result button="yes" comp="button" highlight="0"/>
<action j2008use="1" paperuse="1" screenuse="1">
<ptxt>
<xref>
<ref id="KC08634504"/>
</xref>
</ptxt>
</action>
</resact-grp>
<resact-grp>
<result button="no" comp="button" highlight="0"/>
<action j2008use="1" paperuse="1" screenuse="1">
<ptxt>
<xref>
<ref id="KC08634505"/>
</xref>
</ptxt>
</action>
</resact-grp>
</node>
</testgrp>
<testgrp id="KC02161993" j2008use="1" paperuse="1" resumable="1" screenuse="1" testgrp-id="daz3-2">
<title>
<phrase category="" id="KC08634506" phrase-urn="urn:x-nevis:phrase:0800c8af81df04b4">Replacing the c#@#@#3#onent</phrase>
</title>
<node>
<test1>
<test2>
<ptxt>
<phrase category="" id="KC08634507" phrase-urn="urn:x-nevis:phrase:0800c8af81df04b5">Test with a new#@#@#26#d in <xref>
<ref id="KC08634508"/>
</xref>.</phrase>
</ptxt>
</test2>
</test1>
<question>Select Continue.</question>
<resact-grp>
<result button="cont" comp="button" highlight="0" op="eq"/>
<action>
<ptxt>
<xref>
<ref id="KC08634509"/>
</xref>
</ptxt>
</action>
</resact-grp>
</node>
</testgrp>
<testgrp id="KC02161994" j2008use="1" paperuse="1" resumable="1" screenuse="1" testgrp-id="daz3-3" x="280" y="280">
<title>
<phrase category="" id="KC08634510" phrase-urn="urn:x-nevis:phrase:0800c8af81df04b6">Checking for co#@#@#25#ation</phrase>
</title>
<node>
<test1>
<diaglist>
<dgraphic>
<dgraphic1>
<graphic id="KC08634511">
<href>0900c8af80054d4#@#@#9#.jpeg</href>
</graphic>
</dgraphic1>
</dgraphic>
<ditem>
<ptxt>
<phrase category="" id="KC08634512" phrase-urn="urn:x-nevis:phrase:0800c8af81df04b7">Ignition off.</phrase>
</ptxt>
</ditem>
</diaglist>
<test2>
<ptxt>
<phrase category="" id="KC08634513" phrase-urn="urn:x-nevis:phrase:0800c8af81df04b8">The cause of th#@#@#129#ed in<xref>
<ref id="KC08634514"/>
</xref>.</phrase>
</ptxt>
</test2>
</test1>
<question>Select Continue#@#@#30#fied.</question>
<resact-grp>
<result button="cont" comp="button" highlight="0"/>
<action j2008use="1" paperuse="1" screenuse="1">
<ptxt>
<xref>
<ref id="KC08634515"/>
</xref>
</ptxt>
</action>
</resact-grp>
</node>
</testgrp>
<testgrp id="KC02161995" j2008use="1" paperuse="1" resumable="1" screenuse="1" testgrp-id="daz4" x="120" y="360">
<title>
<phrase category="" id="KC08634516" phrase-urn="urn:x-nevis:phrase:0800c8af81df04ba">Checking the si#@#@#4# wire</phrase>
</title>
<node>
<test1>
<diaglist>
<dgraphic>
<dgraphic1>
<graphic id="KC08634517">
<href>0900c8af80054d4#@#@#9#.jpeg</href>
</graphic>
</dgraphic1>
<dgraphic2>
<graphic id="KC08634518">
<href>0900c8af80054d7#@#@#9#.jpeg</href>
</graphic>
</dgraphic2>
</dgraphic>
<ditem>
<ptxt>
<phrase category="" id="KC08634519" phrase-urn="urn:x-nevis:phrase:0800c8af81df04bb">Ignition off.</phrase>
</ptxt>
</ditem>
<ditem>
<ptxt>
<phrase category="" id="KC08634520" phrase-urn="urn:x-nevis:phrase:0800c8af81df04bc">Remove the air #@#@#51#ctor.</phrase>
</ptxt>
</ditem>
<ditem>
<ptxt>
<phrase category="" id="KC08634521" phrase-urn="urn:x-nevis:phrase:0800c8af81df04bd">Disconnect the #@#@#13#ctor.</phrase>
</ptxt>
</ditem>
</diaglist>
<test2>
<ptxt>
<phrase category="" id="KC08634522" phrase-urn="urn:x-nevis:phrase:0800c8af81df04be">Connect an ohmm#@#@#89# box.</phrase>
</ptxt>
<diaglist>
<dgraphic>
<dgraphic1>
<graphic id="KC08634523">
<href>0900c8af803f576#@#@#9#.jpeg</href>
</graphic>
</dgraphic1>
<dgraphic2>
<graphic id="KC08634524">
<href>0900c8af80054d4#@#@#9#.jpeg</href>
</graphic>
<smarttool id="KC08634525" toolname="ODA"/>
</dgraphic2>
</dgraphic>
<ditem>
<ditemtext>
<ptxt>
<phrase category="" id="KC08634526" phrase-urn="urn:x-nevis:phrase:0800c8af81df04bf"/>
</ptxt>
</ditemtext>
</ditem>
</diaglist>
</test2>
</test1>
<question>The ohmmeter sh#@#@#25#y 0(.</question>
<resact-grp>
<result button="ok" comp="button" highlight="0"/>
<action j2008use="1" paperuse="1" screenuse="1">
<ptxt>
<xref>
<ref id="KC08634527"/>
</xref>
</ptxt>
</action>
</resact-grp>
<resact-grp>
<result button="notok" comp="button" highlight="0"/>
<action j2008use="1" paperuse="1" screenuse="1">
<ptxt>
<xref>
<ref id="KC08634528"/>
</xref>
</ptxt>
</action>
</resact-grp>
</node>
</testgrp>
<testgrp id="KC02161996" j2008use="1" paperuse="1" resumable="1" screenuse="1" testgrp-id="daz4-1" x="280" y="360">
<title>
<phrase category="" id="KC08634529" phrase-urn="urn:x-nevis:phrase:0800c8af81df04c0">Checking for an#@#@#8#rcuit</phrase>
</title>
<node>
<test1>
<test2>
<ptxt>
<phrase category="" id="KC08634530" phrase-urn="urn:x-nevis:phrase:0800c8af81df04c1">Check the wire #@#@#86#d in <xref>
<ref id="KC08634531"/>
</xref>.</phrase>
</ptxt>
<diaglist>
<dgraphic>
<dgraphic1>
<graphic id="KC08634532">
<href>0900c8af803f576#@#@#9#.jpeg</href>
</graphic>
</dgraphic1>
<dgraphic2>
<graphic id="KC08634533">
<href>0900c8af80054d4#@#@#9#.jpeg</href>
</graphic>
<smarttool active="auto" id="KC08634534" toolname="ODA"/>
</dgraphic2>
</dgraphic>
<ditem>
<ditemtext>
<ptxt>
<phrase category="" id="KC08634535" phrase-urn="urn:x-nevis:phrase:0800c8af81df04c2"/>
</ptxt>
</ditemtext>
</ditem>
</diaglist>
</test2>
</test1>
<question/>
<resact-grp>
<result button="cont" comp="button" highlight="0"/>
<action j2008use="1" paperuse="1" screenuse="1">
<ptxt>
<xref>
<ref id="KC08634536"/>
</xref>
</ptxt>
</action>
</resact-grp>
</node>
</testgrp>
<testgrp id="KC02161997" j2008use="1" paperuse="1" resumable="1" screenuse="1" testgrp-id="daz5" x="120" y="440">
<title>
<phrase category="" id="KC08634537" phrase-urn="urn:x-nevis:phrase:0800c8af81df04c3">Checking the ci#@#@#30#arbox</phrase>
</title>
<node>
<test1>
<diaglist>
<dgraphic>
<dgraphic1>
<graphic id="KC08634538">
<href>0900c8af80054d4#@#@#9#.jpeg</href>
</graphic>
</dgraphic1>
<dgraphic2>
<graphic id="KC08634539">
<href>0900c8af80054d7#@#@#9#.jpeg</href>
</graphic>
</dgraphic2>
</dgraphic>
<ditem>
<ptxt>
<phrase category="" id="KC08634540" phrase-urn="urn:x-nevis:phrase:0800c8af81df04c4">Ignition off.</phrase>
</ptxt>
</ditem>
<ditem>
<ptxt>
<phrase category="" id="KC08634541" phrase-urn="urn:x-nevis:phrase:0800c8af81df04c5">Gearbox connect#@#@#11#cted.</phrase>
</ptxt>
</ditem>
</diaglist>
<test2>
<ptxt>
<phrase category="" id="KC08634542" phrase-urn="urn:x-nevis:phrase:0800c8af81df04c6">Connect an ohmm#@#@#79#sing.</phrase>
</ptxt>
<diaglist>
<dgraphic>
<dgraphic1>
<graphic id="KC08634543">
<href>0900c8af803f579#@#@#9#.jpeg</href>
</graphic>
</dgraphic1>
<dgraphic2>
<graphic id="KC08634544">
<href>0900c8af80054d4#@#@#9#.jpeg</href>
</graphic>
<smarttool id="KC08634545" toolname="ODA"/>
</dgraphic2>
</dgraphic>
<ditem>
<ditemtext>
<ptxt>
<phrase category="" id="KC08634546" phrase-urn="urn:x-nevis:phrase:0800c8af81df04c7"/>
</ptxt>
</ditemtext>
</ditem>
</diaglist>
</test2>
</test1>
<question>The ohmmeter sh#@#@#15#-18(.</question>
<resact-grp>
<result button="ok" comp="button" highlight="0"/>
<action j2008use="1" paperuse="1" screenuse="1">
<ptxt>
<xref>
<ref id="KC08634547"/>
</xref>
</ptxt>
</action>
</resact-grp>
<resact-grp>
<result button="notok" comp="button" highlight="0"/>
<action j2008use="1" paperuse="1" screenuse="1">
<ptxt>
<xref>
<ref id="KC08634548"/>
</xref>
</ptxt>
</action>
</resact-grp>
</node>
</testgrp>
<testgrp id="KC02161998" j2008use="1" paperuse="1" resumable="1" screenuse="1" testgrp-id="daz5-1" x="280" y="440">
<title>
<phrase category="" id="KC08634549" phrase-urn="urn:x-nevis:phrase:0800c8af81df04ca">Checking for co#@#@#25#ation</phrase>
</title>
<node>
<test1>
<diaglist>
<dgraphic>
<dgraphic1>
<graphic id="KC08634550">
<href>0900c8af80054d4#@#@#9#.jpeg</href>
</graphic>
</dgraphic1>
</dgraphic>
<ditem>
<ptxt>
<phrase category="" id="KC08634551" phrase-urn="urn:x-nevis:phrase:0800c8af81df04cb">Ignition off.</phrase>
</ptxt>
</ditem>
</diaglist>
<test2>
<ptxt>
<phrase category="" id="KC08634552" phrase-urn="urn:x-nevis:phrase:0800c8af81df04cd">The cause of th#@#@#163#d in <xref>
<ref id="KC08634553"/>
</xref>.</phrase>
</ptxt>
</test2>
</test1>
<question>Select Continue#@#@#30#fied.</question>
<resact-grp>
<result button="cont" comp="button" highlight="0"/>
<action j2008use="1" paperuse="1" screenuse="1">
<ptxt>
<xref>
<ref id="KC08634554"/>
</xref>
</ptxt>
</action>
</resact-grp>
</node>
</testgrp>
<testgrp id="KC02161999" j2008use="1" paperuse="1" resumable="1" screenuse="1" testgrp-id="daz6" x="120" y="520">
<title>
<phrase category="" id="KC08634555" phrase-urn="urn:x-nevis:phrase:0800c8af81df04ce">Checking the re#@#@#18#id SL</phrase>
</title>
<node>
<test1>
<diaglist>
<dgraphic>
<dgraphic1>
<graphic id="KC08634556">
<href>0900c8af80054d4#@#@#9#.jpeg</href>
</graphic>
</dgraphic1>
<dgraphic2>
<graphic id="KC08634557">
<href>0900c8af80054d7#@#@#9#.jpeg</href>
</graphic>
</dgraphic2>
</dgraphic>
<ditem>
<ptxt>
<phrase category="" id="KC08634558" phrase-urn="urn:x-nevis:phrase:0800c8af81df04cf">Ignition off.</phrase>
</ptxt>
</ditem>
<ditem>
<ptxt>
<phrase category="" id="KC08634559" phrase-urn="urn:x-nevis:phrase:0800c8af81df04d1">Open the contro#@#@#20#d in <xref>
<ref id="KC08634560"/>
</xref>.</phrase>
</ptxt>
</ditem>
<ditem>
<ptxt>
<phrase category="" id="KC08634561" phrase-urn="urn:x-nevis:phrase:0800c8af81df04d2">Disconnect sole#@#@#3#d SL.</phrase>
</ptxt>
</ditem>
</diaglist>
<test2>
<ptxt>
<phrase category="" id="KC08634562" phrase-urn="urn:x-nevis:phrase:0800c8af81df04d3">Connect an ohmm#@#@#70#int).</phrase>
</ptxt>
<diaglist>
<dgraphic>
<dgraphic1>
<graphic id="KC08634563">
<href>0900c8af803f574#@#@#9#.jpeg</href>
</graphic>
</dgraphic1>
<dgraphic2>
<graphic id="KC08634564">
<href>0900c8af80054d4#@#@#9#.jpeg</href>
</graphic>
<smarttool id="KC08634565" toolname="ODA"/>
</dgraphic2>
</dgraphic>
<ditem>
<ditemtext>
<ptxt>
<phrase category="" id="KC08634566" phrase-urn="urn:x-nevis:phrase:0800c8af81df04d5"/>
</ptxt>
</ditemtext>
</ditem>
</diaglist>
</test2>
</test1>
<question>The ohmmeter sh#@#@#15#-18(.</question>
<resact-grp>
<result button="ok" comp="button" highlight="0"/>
<action j2008use="1" paperuse="1" screenuse="1">
<ptxt>
<xref>
<ref id="KC08634567"/>
</xref>
</ptxt>
</action>
</resact-grp>
<resact-grp>
<result button="notok" comp="button" highlight="0"/>
<action j2008use="1" paperuse="1" screenuse="1">
<ptxt>
<xref>
<ref id="KC08634568"/>
</xref>
</ptxt>
</action>
</resact-grp>
</node>
</testgrp>
<testgrp id="KC02162000" j2008use="1" paperuse="1" resumable="1" screenuse="1" testgrp-id="daz6-1" x="280" y="520">
<title>
<phrase category="" id="KC08634569" phrase-urn="urn:x-nevis:phrase:0800c8af81df04d6">Checking for an#@#@#8#rcuit</phrase>
</title>
<node>
<test1>
<diaglist>
<dgraphic>
<dgraphic1>
<graphic id="KC08634570">
<href>0900c8af80054d4#@#@#9#.jpeg</href>
</graphic>
</dgraphic1>
</dgraphic>
<ditem>
<ptxt>
<phrase category="" id="KC08634571" phrase-urn="urn:x-nevis:phrase:0800c8af81df04d8">Ignition off.</phrase>
</ptxt>
</ditem>
</diaglist>
<test2>
<ptxt>
<phrase category="" id="KC08634572" phrase-urn="urn:x-nevis:phrase:0800c8af81df04d9">Check the wire #@#@#81#d in <xref>
<ref id="KC08634573"/>
</xref>.</phrase>
</ptxt>
<ptxt>
<phrase category="" id="KC08634574" phrase-urn="urn:x-nevis:phrase:0800c8af81df04da">Replacing the c#@#@#9#ess. <xref>
<ref id="KC08634575"/>
</xref>.</phrase>
</ptxt>
<diaglist>
<dgraphic>
<dgraphic1>
<graphic id="KC08634576">
<href>0900c8af803f579#@#@#9#.jpeg</href>
</graphic>
</dgraphic1>
<dgraphic2>
<graphic id="KC08634577">
<href>0900c8af80054d4#@#@#9#.jpeg</href>
</graphic>
<smarttool active="auto" id="KC08634578" toolname="ODA"/>
</dgraphic2>
</dgraphic>
<ditem>
<ditemtext>
<ptxt>
<phrase category="" id="KC08634579" phrase-urn="urn:x-nevis:phrase:0800c8af81df04dc"/>
</ptxt>
</ditemtext>
</ditem>
</diaglist>
</test2>
</test1>
<question>Select Continue#@#@#30#fied.</question>
<resact-grp>
<result button="cont" comp="button" highlight="0"/>
<action j2008use="1" paperuse="1" screenuse="1">
<ptxt>
<xref>
<ref id="KC08634580"/>
</xref>
</ptxt>
</action>
</resact-grp>
</node>
</testgrp>
<testgrp id="KC02162001" j2008use="1" paperuse="1" resumable="1" screenuse="1" testgrp-id="daz6-2" x="280" y="600">
<title>
<phrase category="" id="KC08634581" phrase-urn="urn:x-nevis:phrase:0800c8af81df04de">Replacing the c#@#@#3#onent</phrase>
</title>
<node>
<test1>
<diaglist>
<dgraphic>
<dgraphic1>
<graphic id="KC08634582">
<href>0900c8af80054d4#@#@#9#.jpeg</href>
</graphic>
</dgraphic1>
</dgraphic>
<ditem>
<ptxt>
<phrase category="" id="KC08634583" phrase-urn="urn:x-nevis:phrase:0800c8af81df04df">Ignition off.</phrase>
</ptxt>
</ditem>
</diaglist>
<test2>
<ptxt>
<phrase category="" id="KC08634584" phrase-urn="urn:x-nevis:phrase:0800c8af81df04e1">Test with a new#@#@#8#d SL:</phrase>
</ptxt>
<list1>
<item>
<ptxt>
<phrase category="" id="KC08634585" phrase-urn="urn:x-nevis:phrase:0800c8af81df04e2">Replace the sol#@#@#17#d in <xref>
<ref id="KC08634586"/>
</xref>.</phrase>
</ptxt>
</item>
<item>
<ptxt>
<phrase category="" id="KC08634587" phrase-urn="urn:x-nevis:phrase:0800c8af81df04e3">Install the con#@#@#23#d in <xref>
<ref id="KC08634588"/>
</xref>.</phrase>
</ptxt>
</item>
<item>
<ptxt>
<phrase category="" id="KC08634589" phrase-urn="urn:x-nevis:phrase:0800c8af81df04e5">Connect the cab#@#@#22#d in <xref>
<ref id="KC08634590"/>
</xref>.</phrase>
</ptxt>
</item>
<item>
<ptxt>
<phrase category="" id="KC08634591" phrase-urn="urn:x-nevis:phrase:0800c8af81df04e6">Assemble the co#@#@#24#d in <xref>
<ref id="KC08634592"/>
</xref>.</phrase>
</ptxt>
</item>
</list1>
<grate>
<graphic id="KC08634593">
<href>0900c8af803f573#@#@#9#.jpeg</href>
</graphic>
</grate>
</test2>
</test1>
<question>Select Continue#@#@#30#fied.</question>
<resact-grp>
<result button="cont" comp="button" highlight="0"/>
<action j2008use="1" paperuse="1" screenuse="1">
<ptxt>
<xref>
<ref id="KC08634594"/>
</xref>
</ptxt>
</action>
</resact-grp>
</node>
</testgrp>
<testgrp id="KC02162002" j2008use="1" paperuse="1" resumable="1" screenuse="1" testgrp-id="dazveri" x="440" y="120">
<title>
<phrase category="" id="KC08634595" phrase-urn="urn:x-nevis:phrase:0800c8af81df04e7">Verification</phrase>
</title>
<subcalloutnode>
<diagcallout>
<xref>
<ref id="KC08634596"/>
</xref>
</diagcallout>
<rescall-grp>
<result comp="string" highlight="0" op="eq" return="VERIFIED"/>
<calloutaction>
<return value="FAULT FOUND"/>
</calloutaction>
</rescall-grp>
<rescall-grp>
<result comp="string" highlight="0" op="eq" return="VERIFICATION FAILED"/>
<calloutaction>
<ptxt>
<xref>
<ref id="KC08634597"/>
</xref>
</ptxt>
</calloutaction>
</rescall-grp>
</subcalloutnode>
</testgrp>
<testgrp id="KC02162003" j2008use="1" paperuse="1" resumable="1" screenuse="1" testgrp-id="info1" x="600" y="120">
<title>
<phrase category="" id="KC08634598" phrase-urn="urn:x-nevis:phrase:0800c8af81df04e9">Trouble-shootin#@#@#8#ation</phrase>
</title>
<subcalloutnode>
<diagcallout>
<xref>
<ref id="KC08634599"/>
</xref>
</diagcallout>
<rescall-grp>
<result comp="string" highlight="0" op="eq" return="FAULTTRACING FAILED"/>
<calloutaction>
<return value="FAULTTRACING FAILED"/>
</calloutaction>
</rescall-grp>
<rescall-grp>
<result comp="string" highlight="0" op="eq" return="NEW TRY"/>
<calloutaction>
<ptxt>
<xref>
<ref id="KC08634600"/>
</xref>
</ptxt>
</calloutaction>
</rescall-grp>
</subcalloutnode>
</testgrp>
<testgrp id="KC02162004" j2008use="1" paperuse="1" resumable="1" screenuse="1" testgrp-id="dazint" x="440" y="200">
<title>
<phrase category="" id="KC08634601" phrase-urn="urn:x-nevis:phrase:0800c8af81df04ea">Intermittent fault</phrase>
</title>
<subcalloutnode>
<diagcallout>
<xref>
<ref id="KC08634602"/>
</xref>
</diagcallout>
<rescall-grp>
<result comp="string" highlight="0" op="eq" return="FAULT FOUND"/>
<calloutaction>
<return value="FAULT FOUND"/>
</calloutaction>
</rescall-grp>
<rescall-grp>
<result comp="string" highlight="0" op="eq" return="NEW TRY"/>
<calloutaction>
<ptxt>
<xref>
<ref id="KC08634603"/>
</xref>
</ptxt>
</calloutaction>
</rescall-grp>
<rescall-grp>
<result comp="string" highlight="0" op="eq" return="DONE"/>
<calloutaction>
<return value="DONE"/>
</calloutaction>
</rescall-grp>
</subcalloutnode>
</testgrp>
</diagnostic>
</servinfosub>