<?xml version="1.0" encoding="UTF-8"?><servinfosub IE-ID="en-US0900c8af8054921c" docno="VCC-144090" id="KC01607837" xml:lang="en-US">
<title>
<phrase category="" id="KC07570551" phrase-urn="urn:x-nevis:phrase:0800c8af81b99358">Diagnostic trou#@#@#21#ation</phrase>
</title>
<diagnostic j2008use="1" paperuse="1" screenuse="1" type="condition">
<condgrp>
<condition type="condition">
<grate>
<graphic id="KC07570552">
<href>0900c8af80129a5#@#@#9#.jpeg</href>
</graphic>
<graphtext>
<para>
<ptxt>
<phrase category="" id="KC07570553" phrase-urn="urn:x-nevis:phrase:0800c8af81b99359">The gas level s#@#@#445#gly. </phrase>
</ptxt>
<ptxt>
<phrase category="" id="KC07570554" phrase-urn="urn:x-nevis:phrase:0800c8af81b9935a">If the gas leve#@#@#126#ses. </phrase>
</ptxt>
<ptxt>
<phrase category="" id="KC07570555" phrase-urn="urn:x-nevis:phrase:0800c8af81b9935b">Diagnostic trou#@#@#197#onds.</phrase>
</ptxt>
</para>
</graphtext>
</grate>
</condition>
</condgrp>
<condgrp>
<condition type="substitution">
<ptxt>
<phrase category="" id="KC07570556" phrase-urn="urn:x-nevis:phrase:0800c8af81b9935c">Signal to the L#@#@#60# gas.</phrase>
</ptxt>
</condition>
<ps>
<list1 enumtype="d" type="unordered">
<item>
<ptxt>
<phrase category="" id="KC07570557" phrase-urn="urn:x-nevis:phrase:0800c8af81b9935d">Contact resista#@#@#15#inals</phrase>
</ptxt>
</item>
<item>
<ptxt>
<phrase category="" id="KC07570558" phrase-urn="urn:x-nevis:phrase:0800c8af81b9935e">Open-circuit or#@#@#48#able </phrase>
</ptxt>
</item>
<item>
<ptxt>
<phrase category="" id="KC07570559" phrase-urn="urn:x-nevis:phrase:0800c8af81b9935f">Open-circuit in#@#@#18# lead</phrase>
</ptxt>
</item>
<item>
<ptxt>
<phrase category="" id="KC07570560" phrase-urn="urn:x-nevis:phrase:0800c8af81b99360">Defective gas l#@#@#7#nsor.</phrase>
</ptxt>
</item>
</list1>
</ps>
</condgrp>
<condgrp>
<condition type="symptom">
<list1 enumtype="d" type="unordered">
<item>
<ptxt>
<phrase category="" id="KC07570561" phrase-urn="urn:x-nevis:phrase:0800c8af81b99361">The gas level g#@#@#17#ction</phrase>
</ptxt>
</item>
<item>
<ptxt>
<phrase category="" id="KC07570562" phrase-urn="urn:x-nevis:phrase:0800c8af81b99362">The engine will#@#@#10#n gas</phrase>
</ptxt>
</item>
<item>
<ptxt>
<phrase category="" id="KC07570563" phrase-urn="urn:x-nevis:phrase:0800c8af81b99363">The LPG indicat#@#@#18#ight.</phrase>
</ptxt>
</item>
</list1>
</condition>
</condgrp>
</diagnostic>
</servinfosub>