<?xml version="1.0" encoding="UTF-8"?><servinfosub IE-ID="en-US0900c8af8051b414" docno="VCC-126921" id="KC01623446" xml:lang="en-US">
<title>Replacing the b#@#@#12#witch</title>
<procedure>
<stepgrp id="KC01623447">
<procstep id="KC01623448">
<title>Conditions</title>
<list1 enumtype="d">
<item>
<ptxt>Ignition off</ptxt>
</item>
<item>
<ptxt>Remove the lowe#@#@#80#ting.</ptxt>
</item>
</list1>
</procstep>
<procstep id="KC01623449">
<title>Removing the br#@#@#11#witch</title>
<grate>
<graphic id="KC07515554">
<href>0900c8af803f6fb#@#@#9#.jpeg</href>
</graphic>
<graphtext>
<list1 enumtype="d">
<item>
<ptxt>Disconnect the #@#@#4#ector</ptxt>
</item>
<item>
<ptxt>Press in the 2 #@#@#47#tch. </ptxt>
</item>
</list1>
</graphtext>
</grate>
</procstep>
</stepgrp>
<stepgrp id="KC01623450">
<procstep id="KC01623451">
<title>Installing the #@#@#13#witch</title>
<grate>
<graphic id="KC07515555">
<href>0900c8af803f6fa#@#@#9#.jpeg</href>
</graphic>
<graphtext>
<list1 enumtype="d">
<item>
<ptxt>Pull the brake #@#@#53# mm) </ptxt>
</item>
<item>
<ptxt>Depress the bra#@#@#17# down</ptxt>
</item>
<item>
<ptxt>Install the bra#@#@#27#ting.</ptxt>
<caution>
<ptxt>The switch can #@#@#29#tion!</ptxt>
</caution>
</item>
<item>
<ptxt>Carefully relea#@#@#14#edal.</ptxt>
<note>
<ptxt>The brake pedal#@#@#38#ally.</ptxt>
</note>
</item>
<item>
<ptxt>Connect the con#@#@#1#ector</ptxt>
</item>
<item>
<ptxt>Connect the cab#@#@#74# side</ptxt>
</item>
<item>
<ptxt>Read off diagno#@#@#21#TCs).</ptxt>
</item>
</list1>
</graphtext>
</grate>
</procstep>
</stepgrp>
</procedure>
</servinfosub>