<?xml version="1.0" encoding="UTF-8"?><servinfosub IE-ID="en-US0900c8af80443414" docno="VCC-054441" id="KC01415782" xml:lang="en-US">
<title>Replacing fuel #@#@#13#lator</title>
<procedure>
<proctools>
<toolitem id="KC08420101"/>
<toolitem id="KC08420102"/>
</proctools>
<stepgrp>
<procstep id="KC01415783">
<title>Draining fuel system</title>
<grate>
<graphic id="KC08420103">
<href>0900c8af8012784#@#@#9#.jpeg</href>
</graphic>
<graphtext>
<list1 enumtype="d" type="unordered">
<item>
<ptxt>Drain fuel system</ptxt>
</item>
</list1>
</graphtext>
</grate>
</procstep>
<procstep id="KC01415784">
<title>Preparations</title>
<grate>
<graphic id="KC08420104">
<href>0900c8af80054bf#@#@#9#.jpeg</href>
</graphic>
<graphtext>
<list1 enumtype="d" type="unordered">
<title>5-door cars:</title>
<item>
<ptxt>remove all floo#@#@#26#rpet.</ptxt>
</item>
<item>
<ptxt>remove cover ov#@#@#18#unit.</ptxt>
</item>
</list1>
<list1 enumtype="d" type="unordered">
<title>4-door cars:</title>
<item>
<ptxt>fold forward ri#@#@#8# seat</ptxt>
</item>
<item>
<ptxt>remove cargo co#@#@#12#rpet.</ptxt>
</item>
<item>
<ptxt>fold back corne#@#@#48#ing.
</ptxt>
</item>
<item>
<ptxt>Remove cover ov#@#@#18#unit.</ptxt>
</item>
</list1>
</graphtext>
</grate>
</procstep>
<procstep id="KC01415785">
<title>Removing return line</title>
<grate>
<graphic id="KC08420105">
<href>0900c8af80054b8#@#@#9#.jpeg</href>
</graphic>
<graphtext>
<list1 enumtype="d" type="unordered">
<item>
<ptxt>Carefully disco#@#@#65#unit.</ptxt>
</item>
<item>
<ptxt>The return line#@#@#20#llow.</ptxt>
</item>
</list1>
<ptxt>Use tool <toolitem id="KC08420106"/>. Slide outer s#@#@#46#eve.
</ptxt>
</graphtext>
</grate>
</procstep>
<procstep id="KC01415786">
<title>Disconnecting c#@#@#4#ctors</title>
<grate>
<graphic id="KC08420107">
<href>0900c8af80054c0#@#@#9#.jpeg</href>
</graphic>
<graphic id="KC08420108" width="column">
<href>0900c8af801276e#@#@#9#.jpeg</href>
</graphic>
<graphtext>
<list1 enumtype="d" type="unordered">
<item>
<ptxt>Disconnect all #@#@#22#ket.
</ptxt>
</item>
<item>
<ptxt>Ensure that all#@#@#99#ered.</ptxt>
</item>
</list1>
</graphtext>
</grate>
</procstep>
<procstep id="KC01415787">
<title>Removing fuel f#@#@#5# pipe</title>
<grate>
<graphic id="KC08420109">
<href>0900c8af80054b2#@#@#9#.jpeg</href>
</graphic>
<graphtext>
<list1 enumtype="d" type="unordered">
<item>
<ptxt>Remove circlip #@#@#17#eal.
</ptxt>
</item>
<item>
<ptxt>Release rubber #@#@#14#work.</ptxt>
</item>
</list1>
</graphtext>
</grate>
</procstep>
<procstep id="KC01415788">
<title>Removing fuel l#@#@#3# rail</title>
<grate>
<graphic id="KC08420110">
<href>0900c8af8012782#@#@#9#.jpeg</href>
</graphic>
<graphtext>
<list1 enumtype="d" type="unordered">
<item>
<ptxt>Remove the fuel#@#@#5# rail</ptxt>
</item>
<item>
<ptxt>Disconnect fuel#@#@#15#ders.</ptxt>
</item>
</list1>
</graphtext>
</grate>
</procstep>
<procstep id="KC01415789">
<title>Removing pressu#@#@#7#lator</title>
<grate>
<graphic id="KC08420111">
<href>0900c8af8012782#@#@#9#.jpeg</href>
</graphic>
<graphtext>
<list1 enumtype="d" type="unordered">
<item>
<ptxt>Remove the hose#@#@#57#tor.
</ptxt>
</item>
<item>
<ptxt>Disconnect deli#@#@#31#ine.
</ptxt>
</item>
<item>
<ptxt>Disconnect deli#@#@#22#lter.</ptxt>
</item>
<item>
<ptxt>Remove return l#@#@#35#ter.
</ptxt>
</item>
</list1>
</graphtext>
</grate>
</procstep>
<procstep id="KC01415790">
<title>Removing fuel tank</title>
<grate>
<graphic id="KC08420112">
<href>0900c8af80054b3#@#@#9#.jpeg</href>
</graphic>
<graphtext>
<list1 enumtype="d" type="unordered">
<item>
<ptxt>Position mobile#@#@#14#ture <toolitem id="KC08420113"/> under fuel tan#@#@#72#tank.</ptxt>
</item>
<item>
<ptxt>Undo tank retai#@#@#31#htly.</ptxt>
</item>
</list1>
</graphtext>
</grate>
</procstep>
<procstep id="KC01415791">
<title>Removing front #@#@#2#acket</title>
<grate>
<graphic id="KC08420114">
<href>0900c8af801276a#@#@#9#.jpeg</href>
</graphic>
<graphtext>
<list1 enumtype="d" type="unordered">
<item>
<ptxt>Undo the front #@#@#14#ket.
</ptxt>
</item>
<item>
<ptxt>Lower fuel tank#@#@#4#ther.</ptxt>
</item>
</list1>
</graphtext>
</grate>
</procstep>
<procstep id="KC01415792">
<title>Installing new #@#@#13#lator</title>
<grate>
<graphic id="KC08420115">
<href>0900c8af801276a#@#@#9#.jpeg</href>
</graphic>
<graphtext>
<list1 enumtype="d" type="unordered">
<item>
<ptxt>Undo the upper #@#@#14#ket.
</ptxt>
</item>
<item>
<ptxt>Remove the old #@#@#14#ator.</ptxt>
</item>
<item>
<ptxt>Connect the new#@#@#111#line.</ptxt>
</item>
<item>
<ptxt>Install fuel li#@#@#31#cket.</ptxt>
</item>
</list1>
</graphtext>
</grate>
</procstep>
<procstep id="KC01415793">
<title>Installing fuel tank</title>
<grate>
<graphic id="KC08420116">
<href>0900c8af801276a#@#@#9#.jpeg</href>
</graphic>
<graphtext>
<list1 enumtype="d" type="unordered">
<item>
<ptxt>Raise the tank #@#@#75#ting.</ptxt>
</item>
<item>
<ptxt>Install fuel li#@#@#31#cket.</ptxt>
</item>
<item>
<ptxt>Arrange cables #@#@#96#lled.</ptxt>
</item>
<item>
<ptxt>Raise the fuel #@#@#27#work.</ptxt>
</item>
</list1>
</graphtext>
</grate>
</procstep>
<procstep id="KC01415794">
<title>Installing pres#@#@#9#lator</title>
<grate>
<graphic id="KC08420117">
<href>0900c8af8012782#@#@#9#.jpeg</href>
</graphic>
<graphtext>
<list1 enumtype="d" type="unordered">
<item>
<ptxt>Install the ret#@#@#42#ter.
</ptxt>
</item>
<item>
<ptxt>Connect deliver#@#@#42#ter.
</ptxt>
</item>
<item>
<ptxt>Install fuel li#@#@#10#ders.</ptxt>
</item>
<item>
<ptxt>Connect deliver#@#@#26#ine.
</ptxt>
</item>
<item>
<ptxt>Connect referen#@#@#29#ator.</ptxt>
</item>
<item>
<ptxt>Locate cable fu#@#@#19#wise.</ptxt>
</item>
<item>
<ptxt>Press fuel line#@#@#27#ail.
</ptxt>
</item>
<item>
<ptxt>Hold fuel line #@#@#41#hten.</ptxt>
</item>
</list1>
</graphtext>
</grate>
</procstep>
<procstep id="KC01415795">
<title>Installing fuel#@#@#7# pipe</title>
<grate>
<graphic id="KC08420118">
<href>0900c8af80054b4#@#@#9#.jpeg</href>
</graphic>
<graphtext>
<list1 enumtype="d" type="unordered">
<item>
<ptxt>Install filler #@#@#29#pipe.</ptxt>
</item>
<item>
<ptxt>Check that the #@#@#82#seal.</ptxt>
</item>
<item>
<ptxt>Check that circ#@#@#115# (4).</ptxt>
</item>
<item>
<ptxt>Connect connect#@#@#74#nsor.</ptxt>
</item>
<item>
<ptxt>Install panels #@#@#7#pets.</ptxt>
</item>
</list1>
</graphtext>
</grate>
</procstep>
</stepgrp>
</procedure>
</servinfosub>