<?xml version="1.0" encoding="UTF-8"?><servinfosub IE-ID="en-US0900c8af8135b414" docno="VCC-156935" id="KC03100975" xml:lang="en-US">
<title>
<phrase category="" id="KC09533002" phrase-urn="urn:x-nevis:phrase:0800c8af827145b6">Signal too low</phrase>
</title>
<diagnostic j2008use="1" paperuse="1" screenuse="1" type="test">
<testgrp IE-ID="en-US0900c8af8135b414_KC03100995" id="KC03100995" j2008use="1" paperuse="1" resumable="1" screenuse="1" testgrp-id="node1" x="120" y="80">
<title>
<phrase category="" id="KC09533003" phrase-urn="urn:x-nevis:phrase:0800c8af827145b7">Checking the co#@#@#13#iring</phrase>
</title>
<node>
<test1>
<test2>
<para>
<ptxt>
<phrase category="" id="KC09533004" phrase-urn="urn:x-nevis:phrase:0800c8af827145b8">Check the resis#@#@#110#ide).</phrase>
</ptxt>
</para>
<para>
<ptxt>
<phrase category="" id="KC09533005" phrase-urn="urn:x-nevis:phrase:0800c8af827145b9">Check the signa#@#@#134#ound.</phrase>
</ptxt>
</para>
<para>
<ptxt>
<phrase category="" id="KC09533006" phrase-urn="urn:x-nevis:phrase:0800c8af827145ba">Try a new leak #@#@#63#cing.</phrase>
</ptxt>
</para>
<para>
<ptxt>
<phrase category="" id="KC09533007" phrase-urn="urn:x-nevis:phrase:0800c8af827145bb">Remedy as necessary.</phrase>
</ptxt>
</para>
<list1 enumtype="d" type="unordered">
<title>
<phrase category="" id="KC09533008" phrase-urn="urn:x-nevis:phrase:0800c8af827145bc">Other information</phrase>
</title>
<item>
<ptxt>
<phrase category="" id="KC09533009" phrase-urn="urn:x-nevis:phrase:0800c8af827145bd">
<xref>
<ref id="KC09533010"/>
</xref>
</phrase>
</ptxt>
</item>
<item>
<ptxt>
<phrase category="" id="KC09533011" phrase-urn="urn:x-nevis:phrase:0800c8af827145be">
<xref>
<ref id="KC09533012"/>
</xref>
</phrase>
</ptxt>
</item>
<item>
<ptxt>
<phrase category="" id="KC09533013" phrase-urn="urn:x-nevis:phrase:0800c8af827145bf">
<xref>
<ref id="KC09533014"/>
</xref>
</phrase>
</ptxt>
</item>
<item>
<ptxt>
<phrase category="" id="KC09533015" phrase-urn="urn:x-nevis:phrase:0800c8af827145c0">
<xref>
<ref id="KC09533016"/>
</xref>
</phrase>
</ptxt>
</item>
<item>
<ptxt>
<phrase category="" id="KC09533017" phrase-urn="urn:x-nevis:phrase:0800c8af827145c1">
<xref>
<ref id="KC09533018"/>
</xref>
</phrase>
</ptxt>
</item>
</list1>
<diaglist>
<dgraphic>
<dgraphic1>
<graphic id="KC09533019">
<href>0900c8af80058e6#@#@#9#.jpeg</href>
</graphic>
</dgraphic1>
</dgraphic>
</diaglist>
<grate>
<graphic id="KC09533020">
<href>0900c8af8005ad7#@#@#9#.jpeg</href>
</graphic>
</grate>
</test2>
</test1>
<question>
Select Continue.
</question>
<resact-grp>
<result button="cont" comp="button" highlight="0"/>
<action j2008use="1" paperuse="1" screenuse="1">
<ptxt>
<xref>
<ref id="KC09533022"/>
</xref>
</ptxt>
</action>
</resact-grp>
</node>
</testgrp>
<testgrp id="KC03100996" j2008use="1" paperuse="1" resumable="1" screenuse="1" testgrp-id="info1" x="120" y="160">
<title>
<phrase category="" id="KC09533023" phrase-urn="urn:x-nevis:phrase:0800c8af82714599">Fault-tracing i#@#@#5#ation</phrase>
</title>
<subcalloutnode>
<diagcallout>
<xref>
<ref id="KC09533024"/>
</xref>
</diagcallout>
<rescall-grp>
<result comp="string" highlight="0" op="eq" return="NEW TRY"/>
<calloutaction>
<ptxt>
<xref>
<ref id="KC09533025"/>
</xref>
</ptxt>
</calloutaction>
</rescall-grp>
<rescall-grp>
<result comp="string" highlight="0" op="eq" return="FAULT FOUND"/>
<calloutaction>
<return value="DONE"/>
</calloutaction>
</rescall-grp>
</subcalloutnode>
</testgrp>
</diagnostic>
</servinfosub>