<?xml version="1.0" encoding="UTF-8"?><servinfosub IE-ID="en-US0900c8af84aca414" docno="VCC-399453" id="nev14891615n1" original="sv-SE" servinfosubId="nev20688697n1-nev20688697n2" servinfosubRes="0900c8af862c3bd1" servinfosubRes2="urn:x-nevis:fragment:0900c8af84aca414:0900c8af862c3bd1#nev20688697n2" xml:lang="en-US">
<title id="nev14891615n2">Design</title>
<topic id="nev20688697n1-nev14891705n51">
<title id="nev20688697n1-nev14891705n50">Power Steering #@#@#16#PSCM)</title>
<grate id="nev20688697n1-nev14946957n250" pgwide="1">
<graphic id="nev20688697n1-nev14946957n249">
<href>0900c8af84af023#@#@#10#.jpeg</href>
</graphic>
</grate>
<list1 enumtype="n" id="nev20688697n1-nev14891705n7" type="ordered">
<item id="nev20688697n1-nev14891705n6">
<ptxt id="nev20688697n1-nev14891705n5">Control module #@#@#13#ages.</ptxt>
</item>
<item id="nev20688697n1-nev14891705n4">
<ptxt id="nev20688697n1-nev14891705n3">Pump motor.</ptxt>
</item>
<item id="nev20688697n1-nev14891705n2">
<ptxt id="nev20688697n1-nev14891705n1">Pump.</ptxt>
</item>
<item id="nev20688697n1-nev14891796n250">
<ptxt id="nev20688697n1-nev14891796n249">Connection for #@#@#40#inal.</ptxt>
</item>
<item id="nev20688697n1-nev14891796n248">
<ptxt id="nev20688697n1-nev14891796n247">Connection for #@#@#13# CAN.</ptxt>
</item>
</list1>
<para id="nev20688697n1-nev14891796n246">
<ptxt id="nev20688697n1-nev14891796n245">Power Steering #@#@#88#uded:</ptxt>
</para>
<list1 enumtype="d" id="nev20688697n1-nev14891796n244" type="unordered">
<item id="nev20688697n1-nev14891796n243">
<ptxt id="nev20688697n1-nev14891796n242">control module</ptxt>
</item>
<item id="nev20688697n1-nev14891796n241">
<ptxt id="nev20688697n1-nev14891796n240">a pump motor</ptxt>
</item>
<item id="nev20688697n1-nev14891796n239">
<ptxt id="nev20688697n1-nev14891796n238">pump.</ptxt>
</item>
</list1>
<para id="nev20688697n1-nev14891796n237">
<ptxt id="nev20688697n1-nev14891796n236">The Power Steer#@#@#220#ents.</ptxt>
</para>
<para id="nev20688697n1-nev14891796n233">
<title id="nev20688697n1-nev14891796n232">Control module</title>
<ptxt id="nev20688697n1-nev14891796n231">The control mod#@#@#365#CAN).</ptxt>
<ptxt id="nev20688697n1-nev14891796n230">The control mod#@#@#486#dule.</ptxt>
</para>
<para id="nev20688697n1-nev14891796n229">
<title id="nev20688697n1-nev14891796n228">Hydraulic pump #@#@#12#otor)</title>
<ptxt id="nev20688697n1-nev14891796n227">The hydraulic p#@#@#463#otor.</ptxt>
</para>
</topic>
</servinfosub>