<?xml version="1.0" encoding="UTF-8"?><servinfosub IE-ID="en-US0900c8af8803d814" docno="VCC-370422" id="nev13713550n1" original="sv-SE" servinfosubId="nev13713551n1-nev13713564n1" servinfosubRes="0900c8af87525d0b" servinfosubRes2="urn:x-nevis:fragment:0900c8af8803d814:0900c8af87525d0b#nev13713564n1" xml:lang="en-US">
<operationnumbers>
<operationnumber>35617-2</operationnumber>
</operationnumbers>
<title id="nev13713547n46">High mounted st#@#@#2# lamp</title>
<materialtable id="nev13713551n1-nev25432823n30">
<table id="nev13713551n1-nev25432823n29">
<tgroup cols="2" id="nev13713551n1-nev25432823n28">
<colspec colname="COLSPEC0" colwidth="1.00*" id="nev13713551n1-nev25432823n27"/>
<colspec colname="COLSPEC1" colwidth="1.00*" id="nev13713551n1-nev25432823n26"/>
<thead id="nev13713551n1-nev25432823n25">
<row id="nev13713551n1-nev25432823n24">
<entry id="nev13713551n1-nev25432823n23" nameend="COLSPEC1" namest="COLSPEC0" valign="top">
<ptxt id="nev13713551n1-nev25432823n22">
<emph id="nev13713551n1-nev25432823n21">Materials</emph>
</ptxt>
</entry>
</row>
</thead>
<tbody id="nev13713551n1-nev25432823n20">
<row id="nev13713551n1-nev25432823n19">
<entry id="nev13713551n1-nev25432823n18">
<ptxt id="nev13713551n1-nev25432823n17">
<emph id="nev13713551n1-nev25432823n16">Designation</emph>
</ptxt>
</entry>
<entry id="nev13713551n1-nev25432823n15">
<ptxt id="nev13713551n1-nev25432823n14">
<emph id="nev13713551n1-nev25432823n13">Part number</emph>
</ptxt>
</entry>
</row>
<row id="nev13713551n1-nev25432823n12">
<entry id="nev13713551n1-nev25432823n11">
<ptxt id="nev13713551n1-nev25432823n10">Isopropanol</ptxt>
</entry>
<entry id="nev13713551n1-nev25432823n8">
<ptxt id="nev13713551n1-nev25432823n7">1161721</ptxt>
</entry>
</row>
<row id="nev13713551n1-nev25432823n6">
<entry id="nev13713551n1-nev25432823n5">
<ptxt id="nev13713551n1-nev25432823n4">Isopropanol</ptxt>
</entry>
<entry id="nev13713551n1-nev25432823n2">
<ptxt id="nev13713551n1-nev25432823n1">31375638</ptxt>
</entry>
</row>
<row id="nev13713551n1-nev25432824n100">
<entry id="nev13713551n1-nev25432824n99">
<ptxt id="nev13713551n1-nev25432824n98">Isopropanol</ptxt>
</entry>
<entry id="nev13713551n1-nev25432824n96">
<ptxt id="nev13713551n1-nev25432824n95">30644518</ptxt>
</entry>
</row>
<row id="nev13713551n1-nev25432824n94">
<entry id="nev13713551n1-nev25432824n93">
<ptxt id="nev13713551n1-nev25432824n92">Seal</ptxt>
</entry>
<entry id="nev13713551n1-nev25432824n90">
<ptxt id="nev13713551n1-nev25432824n89">30779754</ptxt>
</entry>
</row>
<row id="nev13713551n1-nev25432824n88">
<entry id="nev13713551n1-nev25432824n87">
<ptxt id="nev13713551n1-nev25432824n86">Washer</ptxt>
</entry>
<entry id="nev13713551n1-nev25432824n84">
<ptxt id="nev13713551n1-nev25432824n83">986516</ptxt>
</entry>
</row>
</tbody>
</tgroup>
</table>
</materialtable>
<procedure id="nev13713551n1-nev13713559n93">
<stepgrp boilerplate="false" context="" id="nev13713551n1-nev25432589n16">
<title id="nev13713551n1-0800c8af85f09ca0">Orientation view</title>
<procstep id="nev13713551n1-nev21996413n42">
<grate id="nev13713551n1-nev25432589n14" pgwide="1">
<graphic id="nev13713551n1-nev25432589n15">
<href>0900c8af868edc6#@#@#11#.jpeg</href>
</graphic>
</grate>
</procstep>
</stepgrp>
<stepgrp boilerplate="false" context="" id="nev13713551n1-nev25432589n13">
<title id="nev13713551n1-0800c8af844a46f6">Removal</title>
<procstep id="nev13713551n1-nev21996413n39">
<grate id="nev13713551n1-nev25432589n11">
<graphic id="nev13713551n1-nev25432589n12">
<href>0900c8af85eef42#@#@#9#.jpeg</href>
</graphic>
<graphtext id="nev13713551n1-nev25432832n1">
<list1 enumtype="n" id="nev13713551n1-nev21996413n35" type="ordered">
<item id="nev13713551n1-nev25432589n10">
<ptxt id="nev13713551n1-nev25432589n9">Used for focuse#@#@#55#hing.</ptxt>
</item>
<item id="nev13713551n1-nev25432589n8">
<ptxt id="nev13713551n1-nev25432589n7"/>
</item>
<item id="nev13713551n1-nev25432589n6">
<ptxt id="nev13713551n1-nev25432589n5">Used for attach#@#@#73# etc.</ptxt>
</item>
<item id="nev13713551n1-nev25432589n4">
<ptxt id="nev13713551n1-nev25432589n3">Used when the c#@#@#68#side.</ptxt>
</item>
<item id="nev13713551n1-nev25432589n2">
<ptxt id="nev13713551n1-nev25432589n1"/>
</item>
<item id="nev13713551n1-nev25432823n100">
<ptxt id="nev13713551n1-nev25432823n99"/>
</item>
</list1>
</graphtext>
</grate>
</procstep>
<procstep id="nev13713551n1-nev20195010n90">
<grate id="nev13713551n1-nev25432823n97">
<graphic id="nev13713551n1-nev25432823n98">
<href>0900c8af860d4e4#@#@#9#.jpeg</href>
</graphic>
</grate>
</procstep>
<procstep id="nev13713551n1-nev20199245n70">
<grate id="nev13713551n1-nev25432823n95">
<graphic id="nev13713551n1-nev25432823n96">
<href>0900c8af860def1#@#@#9#.jpeg</href>
</graphic>
<graphtext id="nev13713551n1-nev25432839n1">
<para id="nev13713551n1-nev25432823n93">
<ptxt id="nev13713551n1-nev25432823n94">Remove the mark#@#@#13#ails.</ptxt>
</para>
</graphtext>
</grate>
</procstep>
<procstep id="nev13713551n1-nev20199473n85">
<grate id="nev13713551n1-nev25432823n91">
<graphic id="nev13713551n1-nev25432823n92">
<href>0900c8af860df00#@#@#9#.jpeg</href>
</graphic>
<graphtext id="nev13713551n1-nev25432843n1">
<caution id="nev13713551n1-0800c8af85fa6ab4">
<ptxt>Make sure to pr#@#@#33#ents.</ptxt>
</caution>
<para id="nev13713551n1-nev25432823n89">
<ptxt id="nev13713551n1-nev25432823n90">Remove the nuts.</ptxt>
</para>
</graphtext>
</grate>
</procstep>
<procstep id="nev13713551n1-nev20199473n80">
<grate id="nev13713551n1-nev25432823n87">
<graphic id="nev13713551n1-nev25432823n88">
<href>0900c8af860df05#@#@#9#.jpeg</href>
</graphic>
<graphtext id="nev13713551n1-nev25432847n1">
<para id="nev13713551n1-nev25432823n85">
<ptxt id="nev13713551n1-nev25432823n86">Disconnect the #@#@#5#ctor.</ptxt>
</para>
</graphtext>
</grate>
</procstep>
<procstep id="nev13713551n1-nev21995419n60">
<grate id="nev13713551n1-nev25432823n83">
<graphic id="nev13713551n1-nev25432823n84">
<href>0900c8af868ed0d#@#@#9#.jpeg</href>
</graphic>
</grate>
</procstep>
</stepgrp>
<stepgrp boilerplate="false" context="" id="nev13713551n1-nev25432823n82">
<title id="nev13713551n1-0800c8af844a46f9">Installation</title>
<procstep id="nev13713551n1-nev21995419n90">
<title id="nev13713551n1-0800c8af848e9d82">Vehicles early #@#@#2#rsion</title>
</procstep>
<procstep id="nev13713551n1-nev21995419n88">
<grate id="nev13713551n1-nev25432823n80">
<graphic id="nev13713551n1-nev25432823n81">
<href>0900c8af868ed0d#@#@#9#.jpeg</href>
</graphic>
<graphtext id="nev13713551n1-nev25432854n1">
<para id="nev13713551n1-nev25432823n78">
<ptxt id="nev13713551n1-nev25432823n79">Clean the surface.</ptxt>
</para>
<para id="nev13713551n1-nev25432823n76">
<ptxt id="nev13713551n1-nev25432823n77">
<material id="nev13713551n1-nev21995419n83" materialid="1161721" materialname="Isopropanol" quantity="0.1" showInProcStep="true"/>
</ptxt>
</para>
<para id="nev13713551n1-nev25432823n72">
<ptxt id="nev13713551n1-nev25432823n73">
<material id="nev13713551n1-nev21995419n78" materialid="31375638" materialname="Isopropanol" quantity="0.1" showInProcStep="true"/>
</ptxt>
</para>
<para id="nev13713551n1-nev25432823n68">
<ptxt id="nev13713551n1-nev25432823n69">
<material id="nev13713551n1-nev22056946n20" materialid="30644518" materialname="Isopropanol" quantity="0.1" showInProcStep="true"/>
</ptxt>
</para>
</graphtext>
</grate>
</procstep>
<procstep id="nev13713551n1-nev21995419n69">
<grate id="nev13713551n1-nev25432823n64">
<graphic id="nev13713551n1-nev25432823n65">
<href>0900c8af868ed0d#@#@#9#.jpeg</href>
</graphic>
<graphtext id="nev13713551n1-nev25432873n1">
<para id="nev13713551n1-nev25432823n62">
<ptxt id="nev13713551n1-nev25432823n63">
<material id="nev13713551n1-nev23979693n24" materialid="30779754" materialname="Seal" quantity="1.0" showInProcStep="true"/>
</ptxt>
</para>
</graphtext>
</grate>
</procstep>
<procstep id="nev13713551n1-nev21995419n63">
<grate id="nev13713551n1-nev25432823n60">
<graphic id="nev13713551n1-nev25432823n61">
<href>0900c8af868ed0d#@#@#9#.jpeg</href>
</graphic>
<graphtext id="nev13713551n1-nev25432880n1">
<para id="nev13713551n1-nev25432823n58">
<ptxt id="nev13713551n1-nev25432823n59">Install the mar#@#@#9#nent.</ptxt>
</para>
</graphtext>
</grate>
</procstep>
<procstep id="nev13713551n1-nev20199473n74">
<grate id="nev13713551n1-nev25432823n56">
<graphic id="nev13713551n1-nev25432823n57">
<href>0900c8af860df0d#@#@#9#.jpeg</href>
</graphic>
<graphtext id="nev13713551n1-nev25432884n1">
<para id="nev13713551n1-nev25432823n54">
<ptxt id="nev13713551n1-nev25432823n55">Connect the con#@#@#2#ctor.</ptxt>
</para>
</graphtext>
</grate>
</procstep>
<procstep id="nev13713551n1-nev20199571n78">
<grate id="nev13713551n1-nev25432823n52">
<graphic id="nev13713551n1-nev25432823n53">
<href>0900c8af860df12#@#@#9#.jpeg</href>
</graphic>
<graphtext id="nev13713551n1-nev25432888n1">
<note id="nev13713551n1-0800c8af844a431f">
<ptxt>Only tighten th#@#@#29#tage.</ptxt>
</note>
</graphtext>
</grate>
</procstep>
<procstep id="nev13713551n1-nev20200279n73">
<grate id="nev13713551n1-nev25432823n50">
<graphic id="nev13713551n1-nev25432823n51">
<href>0900c8af860df41#@#@#9#.jpeg</href>
</graphic>
<graphtext id="nev13713551n1-nev25432892n1">
<note id="nev13713551n1-0800c8af8612802a">
<ptxt>Make sure that #@#@#20#tred.</ptxt>
</note>
</graphtext>
</grate>
</procstep>
<procstep id="nev13713551n1-nev20199571n74">
<grate id="nev13713551n1-nev25432823n48">
<graphic id="nev13713551n1-nev25432823n49">
<href>0900c8af860df18#@#@#9#.jpeg</href>
</graphic>
<graphtext id="nev13713551n1-nev25432896n1">
<para id="nev13713551n1-nev25432823n46">
<ptxt id="nev13713551n1-nev25432823n47">
<torque id="nev13713551n1-nev20199571n71">
<ref id="nev13713551n1-nev20199571n69"/>
</torque>
</ptxt>
</para>
</graphtext>
</grate>
</procstep>
</stepgrp>
<stepgrp boilerplate="false" context="" id="nev13713551n1-nev25432823n45">
<title id="nev13713551n1-0800c8af844a4703">Check</title>
<procstep id="nev13713551n1-nev24576693n4">
<para id="nev13713551n1-nev25432823n43">
<ptxt id="nev13713551n1-nev25432823n44">On both sides.</ptxt>
</para>
</procstep>
<procstep id="nev13713551n1-nev24576693n1">
<grate id="nev13713551n1-nev25432823n41">
<graphic id="nev13713551n1-nev25432823n42">
<href>0900c8af87192fb#@#@#9#.jpeg</href>
</graphic>
<graphtext id="nev13713551n1-nev25432903n1">
<para id="nev13713551n1-nev25432823n39">
<ptxt id="nev13713551n1-nev25432823n40"/>
</para>
</graphtext>
</grate>
</procstep>
<procstep id="nev13713551n1-nev24576727n96">
<grate id="nev13713551n1-nev25432823n37">
<graphic id="nev13713551n1-nev25432823n38">
<href>0900c8af8719324#@#@#9#.jpeg</href>
</graphic>
<graphtext id="nev13713551n1-nev25432907n1">
<para id="nev13713551n1-nev25432823n35">
<ptxt id="nev13713551n1-nev25432823n36">Use the marked #@#@#10#only.</ptxt>
</para>
<para id="nev13713551n1-nev25432823n33">
<ptxt id="nev13713551n1-nev25432823n34">
<material id="nev13713551n1-nev24620414n10" materialid="986516" materialname="Washer" quantity="2.0" showInProcStep="true"/>
</ptxt>
</para>
</graphtext>
</grate>
</procstep>
<procstep id="nev13713551n1-nev20195010n79">
<para id="nev13713551n1-nev25432823n31">
<ptxt id="nev13713551n1-nev25432823n32">To install, rev#@#@#22#dure.</ptxt>
</para>
</procstep>
</stepgrp>
</procedure>
</servinfosub>