<?xml version="1.0" encoding="UTF-8"?><servinfosub IE-ID="en-US0900c8af80694814" docno="VCC-054443" id="KC02035916" xml:lang="en-US">
<title>Draining fuel i#@#@#10#ystem</title>
<procedure id="KC02319703">
<proctools>
<toolitem id="KC08420120"/>
<toolitem id="KC08420121"/>
<toolitem id="KC08420122"/>
<toolitem id="KC08420123"/>
<toolitem id="KC08420124"/>
</proctools>
<stepgrp>
<procstep id="KC02319704">
<title>Draining fuel system</title>
<grate>
<graphic id="KC08420125">
<href>0900c8af8012784#@#@#9#.jpeg</href>
</graphic>
<graphtext>
<para>
<title>Preparations</title>
<ptxt>To drain the fu#@#@#27#nit: <toolitem id="KC08420126"/>, <toolitem id="KC08420127"/> and <toolitem id="KC08420128"/> and adapter 
<toolitem id="KC08420129"/>.</ptxt>
<ptxt>Drain fuel line#@#@#25#g to <xref>
<ref id="KC08420130"/>
</xref>.</ptxt>
<ptxt>Drain fuel tank#@#@#10# to: <xref>
<ref id="KC08420131"/>
</xref> or <xref>
<ref id="KC08420132"/>
</xref>.</ptxt>
</para>
</graphtext>
</grate>
</procstep>
<procstep id="KC02319705">
<title>Draining fuel t#@#@#14#ve 1:</title>
<grate>
<graphic id="KC08420133">
<href>0900c8af8012787#@#@#9#.jpeg</href>
</graphic>
<graphtext>
<para>
<title>Fuel pump (FP) #@#@#2#rking</title>
<ptxt>Make up adapter#@#@#103#ive.
</ptxt>
<ptxt>Pump out fuel u#@#@#49#cted.</ptxt>
<ptxt>That half of th#@#@#191#ctor.</ptxt>
<ptxt>Check that the #@#@#89#sors.</ptxt>
<ptxt>Disconnect blac#@#@#84#ance.</ptxt>
<ptxt>If the fuel tan#@#@#28# be:
</ptxt>
<ptxt>- 160 Ω for fue#@#@#18#ensor</ptxt>
<ptxt>- 167 Ω for eje#@#@#11#ensor</ptxt>
<ptxt>- when the fuel#@#@#46#nsor.</ptxt>
<ptxt>Check that the #@#@#46# way.</ptxt>
<ptxt>If there is fue#@#@#145#mpty.</ptxt>
<ptxt>Then run the fu#@#@#99#ctor.</ptxt>
<ptxt>Ensure that the#@#@#137#sors.</ptxt>
</para>
</graphtext>
</grate>
</procstep>
<procstep id="KC02319706">
<title>Draining fuel t#@#@#14#ve 2:</title>
<grate>
<graphic id="KC08420134">
<href>0900c8af8012786#@#@#9#.jpeg</href>
</graphic>
<graphtext>
<para>
<title>Fuel pump (FP) #@#@#6#rking</title>
<ptxt>If the fuel pum#@#@#75# to: <xref>
<ref id="KC08420135"/>
</xref>.</ptxt>
<ptxt>Then the fuel t#@#@#25#lows.</ptxt>
<ptxt>Tip the fuel ta#@#@#54#
top.</ptxt>
<ptxt>Remove all fuel#@#@#2#ines.</ptxt>
<ptxt>Expose wiring t#@#@#7#unit.</ptxt>
<ptxt>Unscrew collars#@#@#7#tool <toolitem id="KC08420136"/> and remove pum#@#@#16#its.
</ptxt>
<ptxt>Screw on nuts again.</ptxt>
</para>
<note>
<ptxt>The collar must#@#@#109#kage.</ptxt>
</note>
<para>
<ptxt>Suck fuel out o#@#@#89#unit.</ptxt>
</para>
<note>
<ptxt>Ensure that ven#@#@#40#isk!
</ptxt>
</note>
<para>
<title>After draining #@#@#36#ved.
</title>
<ptxt>Reinstall with #@#@#61#tant.</ptxt>
<ptxt>Sleeve connecto#@#@#96#ayed.</ptxt>
<ptxt>Tighten nuts to <emph>40 Nm.</emph>
</ptxt>
<ptxt>Take care of sl#@#@#55#kets.</ptxt>
</para>
</graphtext>
</grate>
</procstep>
<procstep id="KC02319707">
<title>Reinstall compo#@#@#22#tment</title>
<grate>
<graphic id="KC08420137">
<href>0900c8af8012784#@#@#9#.jpeg</href>
</graphic>
<graphtext>
<list1 enumtype="d" type="unordered">
<item>
<ptxt>Disconnect fuel#@#@#18#pter <toolitem id="KC08420138"/> and remove fue#@#@#12#nit.
</ptxt>
</item>
<item>
<ptxt>Reinstall valve#@#@#13#rail
</ptxt>
</item>
<item>
<ptxt>Replace throttl#@#@#10#over
</ptxt>
</item>
</list1>
<caution>
<ptxt>Remember to ref#@#@#10#aps.
</ptxt>
</caution>
</graphtext>
</grate>
</procstep>
</stepgrp>
</procedure>
</servinfosub>