<?xml version="1.0" encoding="UTF-8"?><servinfosub IE-ID="en-US0900c8af84923814" docno="VCC-154005" id="KC02752062" xml:lang="en-US">
<title>
<phrase category="" id="KC09477705" phrase-urn="urn:x-nevis:phrase:0800c8af8270dbbb">Faulty signal</phrase>
</title>
<diagnostic j2008use="1" layout="1" paperuse="1" screenuse="1" type="test">
<testgrp IE-ID="en-US0900c8af84923814_KC02779217" id="KC02779217" j2008use="1" paperuse="1" resumable="1" screenuse="1" testgrp-id="node" x="180" y="160">
<title>
<phrase category="" id="KC09477706" phrase-urn="urn:x-nevis:phrase:0800c8af8270dbbc">Checking the co#@#@#13#iring</phrase>
</title>
<node>
<test1>
<diaglist>
<dgraphic>
<dgraphic1>
<graphic id="KC09477707">
<href>0900c8af80054d4#@#@#9#.jpeg</href>
</graphic>
</dgraphic1>
</dgraphic>
<ditem>
<ptxt>
<phrase category="" id="KC09477708" phrase-urn="urn:x-nevis:phrase:0800c8af8270dbbd">Ignition off</phrase>
</ptxt>
</ditem>
<ditem>
<ptxt>
<phrase category="" id="KC09477709" phrase-urn="urn:x-nevis:phrase:0800c8af8270dbbe">Light switch in#@#@#6#ion 0</phrase>
</ptxt>
</ditem>
<ditem>
<ptxt>
<phrase category="" id="KC09477710" phrase-urn="urn:x-nevis:phrase:0800c8af8270dbbf">Disconnect the #@#@#49#or A.</phrase>
</ptxt>
</ditem>
</diaglist>
<test2>
<para>
<ptxt>
<phrase category="" id="KC09477711" phrase-urn="urn:x-nevis:phrase:0800c8af8270dbc0">Check that the #@#@#55#led. </phrase>
</ptxt>
</para>
<para>
<ptxt>
<phrase category="" id="KC09477712" phrase-urn="urn:x-nevis:phrase:0800c8af8270dbc1">Check that the #@#@#44#led. </phrase>
</ptxt>
</para>
<para>
<ptxt>
<phrase category="" id="KC09477713" phrase-urn="urn:x-nevis:phrase:0800c8af8270dbc2">Check the conne#@#@#66#ully.</phrase>
</ptxt>
</para>
<para>
<ptxt>
<phrase category="" id="KC09477714" phrase-urn="urn:x-nevis:phrase:0800c8af8270dbc3">Remedy as necessary.</phrase>
</ptxt>
</para>
<list1 enumtype="d" type="unordered">
<title>
<phrase category="" id="KC09477715" phrase-urn="urn:x-nevis:phrase:0800c8af8270dbc5">Other information:</phrase>
</title>
<item>
<ptxt>
<xref id="nev12696421n100">
<ref id="l1171640418595"/>
</xref>
</ptxt>
</item>
<item>
<ptxt>
<xref id="nev12696423n100">
<ref id="l1171640432720"/>
</xref>
</ptxt>
</item>
<item>
<ptxt>
<xref id="nev14499717n100">
<ref id="l1171640446844"/>
</xref>
</ptxt>
</item>
<item>
<ptxt>
<xref id="nev12696421n94">
<ref id="l1171640463250"/>
</xref>
</ptxt>
</item>
<item>
<ptxt>
<xref id="nev13583676n100">
<ref id="l1171640477828"/>
</xref>
</ptxt>
</item>
<item>
<ptxt>
<xref id="nev12696421n90">
<ref id="l1171640494250"/>
</xref>
</ptxt>
</item>
</list1>
</test2>
</test1>
<question>
Was a fault de#@#@#3#ted?
</question>
<resact-grp>
<result button="yes" comp="button" highlight="0"/>
<action j2008use="1" paperuse="1" screenuse="1">
<ptxt>
<xref>
<ref id="KC09477729"/>
</xref>
</ptxt>
</action>
</resact-grp>
<resact-grp>
<result button="no" comp="button" highlight="0"/>
<action j2008use="1" paperuse="1" screenuse="1">
<ptxt>
<xref>
<ref id="KC09477730"/>
</xref>
</ptxt>
</action>
</resact-grp>
</node>
</testgrp>
<testgrp id="KC02779218" j2008use="1" paperuse="1" resumable="1" screenuse="1" testgrp-id="bytstyr" x="80" y="300">
<title>
<phrase category="" id="KC09477731" phrase-urn="urn:x-nevis:phrase:0800c8af8270dbcd">Component, replacing</phrase>
</title>
<node>
<test1>
<test2>
<ptxt>
<phrase category="" id="KC09477732" phrase-urn="urn:x-nevis:phrase:0800c8af8270dbce">Replace the bulb.</phrase>
</ptxt>
<list1 enumtype="d" type="unordered">
<title>
<phrase category="" id="KC09477733" phrase-urn="urn:x-nevis:phrase:0800c8af8270dbcf">Other information:</phrase>
</title>
<item>
<ptxt>
<xref id="nev13583676n98">
<ref id="l1171640521749"/>
</xref>
</ptxt>
</item>
</list1>
</test2>
</test1>
<question>
Select Continue.
</question>
<resact-grp>
<result button="cont" comp="button" highlight="0"/>
<action j2008use="1" paperuse="1" screenuse="1">
<ptxt>
<xref>
<ref id="KC09477737"/>
</xref>
</ptxt>
</action>
</resact-grp>
</node>
</testgrp>
<testgrp id="KC02779219" j2008use="1" paperuse="1" resumable="1" screenuse="1" testgrp-id="verifiering" x="220" y="320">
<title>
<phrase category="" id="KC09477738" phrase-urn="urn:x-nevis:phrase:0800c8af8270dbd2">Verification</phrase>
</title>
<subcalloutnode>
<diagcallout>
<xref>
<ref id="KC09477739"/>
</xref>
</diagcallout>
<rescall-grp>
<result comp="string" highlight="0" op="eq" return="VERIFIED"/>
<calloutaction>
<return value="FAULT FOUND"/>
</calloutaction>
</rescall-grp>
<rescall-grp>
<result comp="string" highlight="0" op="eq" return="VERIFICATION FAILED"/>
<calloutaction>
<ptxt>
<xref>
<ref id="KC09477740"/>
</xref>
</ptxt>
</calloutaction>
</rescall-grp>
</subcalloutnode>
</testgrp>
<testgrp id="KC02779220" j2008use="1" paperuse="1" resumable="1" screenuse="1" testgrp-id="info1" x="180" y="460">
<title>
<phrase category="" id="KC09477741" phrase-urn="urn:x-nevis:phrase:0800c8af8270dbd3">Fault-tracing i#@#@#5#ation</phrase>
</title>
<subcalloutnode>
<diagcallout>
<xref>
<ref id="KC09477742"/>
</xref>
</diagcallout>
<rescall-grp>
<result comp="string" highlight="0" op="eq" return="FAULTTRACING FAILED"/>
<calloutaction>
<return value="FAULT NOT FOUND"/>
</calloutaction>
</rescall-grp>
<rescall-grp>
<result comp="string" highlight="0" op="eq" return="NEW TRY"/>
<calloutaction>
<ptxt>
<xref>
<ref id="KC09477743"/>
</xref>
</ptxt>
</calloutaction>
</rescall-grp>
</subcalloutnode>
</testgrp>
</diagnostic>
</servinfosub>