<?xml version="1.0" encoding="UTF-8"?><servinfosub IE-ID="en-US0900c8af8281b814" docno="VCC-153167" id="KC02715015" xml:lang="en-US">
<title>
<phrase category="" id="KC07867182" phrase-urn="urn:x-nevis:phrase:0800c8af81c2bec2">Short-circuit t#@#@#24#cable</phrase>
</title>
<diagnostic j2008use="1" layout="0" paperuse="1" screenuse="1" type="test">
<testgrp IE-ID="en-US0900c8af8281b814_KC02764112" id="KC02764112" j2008use="1" paperuse="1" resumable="1" screenuse="1" testgrp-id="s1" x="120" y="120">
<title>
<phrase category="" id="KC07867183" phrase-urn="urn:x-nevis:phrase:0800c8af81c2bec3">Checking the co#@#@#2#onent</phrase>
</title>
<node>
<test1>
<diaglist>
<dgraphic>
<dgraphic1>
<graphic id="KC07867184">
<href>0900c8af80054d4#@#@#9#.jpeg</href>
</graphic>
</dgraphic1>
<dgraphic2>
<graphic id="KC07867185">
<href>0900c8af80054d7#@#@#9#.jpeg</href>
</graphic>
</dgraphic2>
</dgraphic>
<ditem>
<ptxt>
<phrase category="" id="KC07867186" phrase-urn="urn:x-nevis:phrase:0800c8af81c2bec4">Switch off the #@#@#20#conds</phrase>
</ptxt>
</ditem>
<ditem>
<ptxt>
<phrase category="" id="KC07867187" phrase-urn="urn:x-nevis:phrase:0800c8af81c2bec5">Disconnect the #@#@#34#age 2</phrase>
</ptxt>
</ditem>
<ditem>
<ptxt>
<phrase category="" id="KC07867188" phrase-urn="urn:x-nevis:phrase:0800c8af81c2bec6">Disconnect the #@#@#58#SRS).</phrase>
</ptxt>
</ditem>
</diaglist>
<test2>
<warning>
<ptxt>
<phrase category="" id="KC07867189" phrase-urn="urn:x-nevis:phrase:0800c8af81c2bec7">Under no circum#@#@#155#rbag!</phrase>
</ptxt>
</warning>
<caution>
<ptxt>
<phrase category="" id="KC07867190" phrase-urn="urn:x-nevis:phrase:0800c8af81c2bec9">Do not touch th#@#@#164#SRS).</phrase>
</ptxt>
</caution>
<para>
<ptxt>
<phrase category="" id="KC07867191" phrase-urn="urn:x-nevis:phrase:0800c8af81c2becb"> Check the SRS #@#@#333#ance.</phrase>
</ptxt>
<ptxt>
<phrase category="" id="KC07867192" phrase-urn="urn:x-nevis:phrase:0800c8af81c2becc">Take readings b#@#@#2#ween:</phrase>
</ptxt>
</para>
<list1 enumtype="d" type="unordered">
<item>
<ptxt>
<phrase category="" id="KC07867193" phrase-urn="urn:x-nevis:phrase:0800c8af81c2becd">Terminal #1 for#@#@#142#stage</phrase>
</ptxt>
</item>
<item>
<ptxt>
<phrase category="" id="KC07867194" phrase-urn="urn:x-nevis:phrase:0800c8af81c2bece">Terminal #1 for#@#@#142#stage</phrase>
</ptxt>
</item>
<item>
<ptxt>
<phrase category="" id="KC07867195" phrase-urn="urn:x-nevis:phrase:0800c8af81c2becf">Terminal #2 for#@#@#142#stage</phrase>
</ptxt>
</item>
<item>
<ptxt>
<phrase category="" id="KC07867196" phrase-urn="urn:x-nevis:phrase:0800c8af81c2bed0">Terminal #2 for#@#@#143#tage.</phrase>
</ptxt>
</item>
</list1>
<para>
<ptxt>
<phrase category="" id="KC07867197" phrase-urn="urn:x-nevis:phrase:0800c8af81c2bed1">Remedy as necessary.</phrase>
</ptxt>
</para>
<hint>
<list1>
<item>
<ptxt>
<phrase category="" id="KC07867198" phrase-urn="urn:x-nevis:phrase:0800c8af81c2bed2">Check which col#@#@#47# type</phrase>
</ptxt>
</item>
<item>
<ptxt>
<phrase category="" id="KC07867199" phrase-urn="urn:x-nevis:phrase:0800c8af81c2bed3">Start by checki#@#@#170#able.</phrase>
</ptxt>
</item>
</list1>
</hint>
<list1 enumtype="d" type="unordered">
<title>
<phrase category="" id="KC07867200" phrase-urn="urn:x-nevis:phrase:0800c8af81c2bed4">Other information</phrase>
</title>
<item>
<ptxt>
<phrase category="" id="KC07867201" phrase-urn="urn:x-nevis:phrase:0800c8af81c2bed5">
<xref>
<ref id="KC07867202"/>
</xref>
</phrase>
</ptxt>
</item>
<item>
<ptxt>
<phrase category="" id="KC07867203" phrase-urn="urn:x-nevis:phrase:0800c8af81c2bed7">
<xref>
<ref id="KC07867204"/>
</xref>
</phrase>
</ptxt>
</item>
<item>
<ptxt>
<phrase category="" id="KC07867205" phrase-urn="urn:x-nevis:phrase:0800c8af81c2bed9">For further inf#@#@#61#agram</phrase>
</ptxt>
</item>
<item>
<ptxt>
<phrase category="" id="KC07867206" phrase-urn="urn:x-nevis:phrase:0800c8af81c2beda">To access or re#@#@#47#see: <xref>
<ref id="KC07867207"/>
</xref>
</phrase>
</ptxt>
</item>
<item>
<ptxt>
<phrase category="" id="KC07867208" phrase-urn="urn:x-nevis:phrase:0800c8af81c2bedc">Disassembling c#@#@#6#ors: <xref>
<ref id="KC07867209"/>
</xref>
</phrase>
</ptxt>
</item>
<item>
<ptxt>
<phrase category="" id="KC07867210" phrase-urn="urn:x-nevis:phrase:0800c8af81c2bede">
<xref>
<ref id="KC07867211"/>
</xref>
</phrase>
</ptxt>
</item>
</list1>
<diaglist>
<dgraphic>
<dgraphic1>
<graphic id="KC07867212">
<href>0900c8af80126b2#@#@#9#.jpeg</href>
</graphic>
</dgraphic1>
</dgraphic>
</diaglist>
</test2>
</test1>
<question>
Select "Contin#@#@#33#ied.
</question>
<resact-grp>
<result button="cont" comp="button" highlight="0"/>
<action j2008use="1" paperuse="1" screenuse="1">
<ptxt>
<xref>
<ref id="KC07867213"/>
</xref>
</ptxt>
</action>
</resact-grp>
</node>
</testgrp>
<testgrp id="KC02764113" j2008use="1" paperuse="1" resumable="1" screenuse="1" testgrp-id="veri" x="120" y="280">
<title>
<phrase category="" id="KC07867214" phrase-urn="urn:x-nevis:phrase:0800c8af81c2bedf">Verification</phrase>
</title>
<subcalloutnode>
<diagcallout>
<xref>
<ref id="KC07867215"/>
</xref>
</diagcallout>
<rescall-grp>
<result comp="string" highlight="0" op="eq" return="VERIFIED"/>
<calloutaction>
<return value="FAULT FOUND"/>
</calloutaction>
</rescall-grp>
<rescall-grp>
<result comp="string" highlight="0" op="eq" return="VERIFICATION FAILED"/>
<calloutaction>
<ptxt>
<xref>
<ref id="KC07867216"/>
</xref>
</ptxt>
</calloutaction>
</rescall-grp>
</subcalloutnode>
</testgrp>
<testgrp id="KC02764114" j2008use="1" paperuse="1" resumable="1" screenuse="1" testgrp-id="info1" x="280" y="120">
<title>
<phrase category="" id="KC07867217" phrase-urn="urn:x-nevis:phrase:0800c8af81c2bee0">Fault-tracing i#@#@#5#ation</phrase>
</title>
<subcalloutnode>
<diagcallout>
<xref>
<ref id="KC07867218"/>
</xref>
</diagcallout>
<rescall-grp>
<result comp="string" highlight="0" op="eq" return="FAULTTRACING FAILED"/>
<calloutaction>
<return value="FAULT NOT FOUND"/>
</calloutaction>
</rescall-grp>
<rescall-grp>
<result comp="string" highlight="0" op="eq" return="NEW TRY"/>
<calloutaction>
<ptxt>
<xref>
<ref id="KC07867219"/>
</xref>
</ptxt>
</calloutaction>
</rescall-grp>
</subcalloutnode>
</testgrp>
</diagnostic>
</servinfosub>