<?xml version="1.0" encoding="UTF-8"?><servinfosub IE-ID="en-US0900c8af84168009" docno="VCC-326758" id="nev12806346n1" servinfosubId="nev20684606n1-nev20684606n2" servinfosubRes="0900c8af862b9e12" servinfosubRes2="urn:x-nevis:fragment:0900c8af84168009:0900c8af862b9e12#nev20684606n2" xml:lang="en-US">
<title id="nev12806346n2">Signal specification</title>
<para id="nev20684606n1-nev12806346n3">
<title id="nev20684606n1-nev12806346n4">General</title>
<ptxt id="nev20684606n1-nev12806346n5"/>
</para>
<table frame="none" id="nev20684606n1-nev12806346n6" pgwide="1">
<tgroup cols="4" colsep="0" id="nev20684606n1-nev12806346n7" rowsep="0">
<colspec colwidth="48*" id="nev20684606n1-nev12806346n8"/>
<colspec colwidth="125*" id="nev20684606n1-nev12806346n9"/>
<colspec colwidth="46*" id="nev20684606n1-nev12806346n10"/>
<colspec colwidth="177*" id="nev20684606n1-nev12806347n1"/>
<tbody id="nev20684606n1-nev12806347n2">
<row id="nev20684606n1-nev12806347n3">
<entry align="left" id="nev20684606n1-nev12806347n4" valign="top">
<ptxt id="nev20684606n1-nev12806347n5">U=</ptxt>
</entry>
<entry align="left" id="nev20684606n1-nev12806347n6" valign="top">
<ptxt id="nev20684606n1-nev12806347n7">DC voltage in v#@#@#3#s (V)</ptxt>
</entry>
<entry align="left" id="nev20684606n1-nev12806347n8" valign="top">
<ptxt id="nev20684606n1-nev12806347n9">U<sub id="nev20684606n1-nev12806347n10">AC</sub> =</ptxt>
</entry>
<entry align="left" id="nev20684606n1-nev12806348n1" valign="top">
<ptxt id="nev20684606n1-nev12806348n2">AC voltage in v#@#@#4# (V) </ptxt>
</entry>
</row>
<row id="nev20684606n1-nev12806348n3">
<entry align="left" id="nev20684606n1-nev12806348n4" valign="top">
<ptxt id="nev20684606n1-nev12806348n5">U<sub id="nev20684606n1-nev12806348n6">bat</sub> =</ptxt>
</entry>
<entry align="left" id="nev20684606n1-nev12806348n7" valign="top">
<ptxt id="nev20684606n1-nev12806348n8">Battery voltage (V)</ptxt>
</entry>
<entry align="left" id="nev20684606n1-nev12806348n9" valign="top">
<ptxt id="nev20684606n1-nev12806348n10">f =</ptxt>
</entry>
<entry align="left" id="nev20684606n1-nev12806349n1" valign="top">
<ptxt id="nev20684606n1-nev12806349n2">Frequency in He#@#@#3# (Hz)</ptxt>
</entry>
</row>
<row id="nev20684606n1-nev12806349n3">
<entry align="left" id="nev20684606n1-nev12806349n4" valign="top">
<ptxt id="nev20684606n1-nev12806349n5">U<sub id="nev20684606n1-nev12806349n6">low</sub> =</ptxt>
</entry>
<entry align="left" id="nev20684606n1-nev12806349n7" valign="top">
<ptxt id="nev20684606n1-nev12806349n8">Voltage approxi#@#@#5#y 0 V</ptxt>
</entry>
<entry align="left" id="nev20684606n1-nev12806349n9" valign="top">
<ptxt id="nev20684606n1-nev12806349n10">t =</ptxt>
</entry>
<entry align="left" id="nev20684606n1-nev12806350n1" valign="top">
<ptxt id="nev20684606n1-nev12806350n2">Time in seconds</ptxt>
</entry>
</row>
<row id="nev20684606n1-nev12806350n3">
<entry align="left" id="nev20684606n1-nev12806350n4" valign="top">
<ptxt id="nev20684606n1-nev12806350n5">PWM =</ptxt>
</entry>
<entry align="left" id="nev20684606n1-nev12806350n6" valign="top">
<ptxt id="nev20684606n1-nev12806350n7">Pulse width mod#@#@#15#s a %</ptxt>
</entry>
<entry id="nev20684606n1-nev12806350n8"/>
<entry id="nev20684606n1-nev12806350n9"/>
</row>
</tbody>
</tgroup>
</table>
<grate id="nev20684606n1-nev13249211n124">
<graphic id="nev20684606n1-l1192624666688">
<href>0900c8af841682e#@#@#9#.jpeg</href>
</graphic>
</grate>
<table id="nev20684606n1-nev12806351n2" pgwide="1">
<title id="nev20684606n1-nev12806351n3">Connector C1</title>
<tgroup cols="5" id="nev20684606n1-nev12806351n4">
<colspec colname="col1" id="nev20684606n1-nev12806351n5"/>
<colspec colname="col2" id="nev20684606n1-nev12806351n6"/>
<colspec colname="col3" id="nev20684606n1-nev12806351n7"/>
<colspec colname="col4" id="nev20684606n1-nev12806351n8"/>
<colspec colname="col5" id="nev20684606n1-nev12806351n9"/>
<tbody id="nev20684606n1-nev12806351n10">
<row id="nev20684606n1-nev12806352n1">
<entry id="nev20684606n1-nev12806352n2">
<ptxt id="nev20684606n1-nev12806352n3">
<emph id="nev20684606n1-nev12806352n4">Breakout box te#@#@#1#minal</emph>
</ptxt>
</entry>
<entry id="nev20684606n1-nev12806352n5">
<ptxt id="nev20684606n1-nev12806352n6">
<emph id="nev20684606n1-nev12806352n7">Control module #@#@#3#minal</emph>
</ptxt>
</entry>
<entry id="nev20684606n1-nev12806352n8">
<ptxt id="nev20684606n1-nev12806352n9">
<emph id="nev20684606n1-nev12806352n10">Signal type</emph>
</ptxt>
</entry>
<entry id="nev20684606n1-nev12806353n1">
<ptxt id="nev20684606n1-nev12806353n2">
<emph id="nev20684606n1-nev12806353n3">Ignition on</emph>
</ptxt>
</entry>
<entry id="nev20684606n1-nev12806353n4">
<ptxt id="nev20684606n1-nev12806353n5">
<emph id="nev20684606n1-nev12806353n6">Other</emph>
</ptxt>
</entry>
</row>
<row id="nev20684606n1-nev12806353n7">
<entry id="nev20684606n1-nev12806353n8">
<ptxt id="nev20684606n1-nev12806353n9">-</ptxt>
</entry>
<entry id="nev20684606n1-nev12806353n10">
<ptxt id="nev20684606n1-nev12806354n1">#C1-1</ptxt>
</entry>
<entry id="nev20684606n1-nev12806354n2">
<ptxt id="nev20684606n1-nev12806354n3">Power supply</ptxt>
</entry>
<entry id="nev20684606n1-nev12806354n4">
<ptxt id="nev20684606n1-nev12806354n5">U = U<sub id="nev20684606n1-nev12806354n6">bat</sub>
</ptxt>
</entry>
<entry id="nev20684606n1-nev12806354n7">
<ptxt id="nev20684606n1-nev12806354n8"/>
</entry>
</row>
<row id="nev20684606n1-nev12806354n9">
<entry id="nev20684606n1-nev12806354n10">
<ptxt id="nev20684606n1-nev12806355n1">-</ptxt>
</entry>
<entry id="nev20684606n1-nev12806355n2">
<ptxt id="nev20684606n1-nev12806355n3">#C1-2</ptxt>
</entry>
<entry id="nev20684606n1-nev12806355n4">
<ptxt id="nev20684606n1-nev12806355n5">Ground, power supply</ptxt>
</entry>
<entry id="nev20684606n1-nev12806355n6">
<ptxt id="nev20684606n1-nev12806355n7">U = U<sub id="nev20684606n1-nev12806355n8">low</sub>
</ptxt>
</entry>
<entry id="nev20684606n1-nev12806355n9">
<ptxt id="nev20684606n1-nev12806355n10"/>
</entry>
</row>
<row id="nev20684606n1-nev12806356n1">
<entry id="nev20684606n1-nev12806356n2">
<ptxt id="nev20684606n1-nev12806356n3">-</ptxt>
</entry>
<entry id="nev20684606n1-nev12806356n4">
<ptxt id="nev20684606n1-nev12806356n5">#C1-3</ptxt>
</entry>
<entry id="nev20684606n1-nev12806356n6">
<ptxt id="nev20684606n1-nev12806356n7">Reserve</ptxt>
</entry>
<entry id="nev20684606n1-nev12806356n8">
<ptxt id="nev20684606n1-nev12806356n9">-</ptxt>
</entry>
<entry id="nev20684606n1-nev12806356n10">
<ptxt id="nev20684606n1-nev12806357n1"/>
</entry>
</row>
<row id="nev20684606n1-nev12806357n2">
<entry id="nev20684606n1-nev12806357n3">
<ptxt id="nev20684606n1-nev12806357n4">-</ptxt>
</entry>
<entry id="nev20684606n1-nev12806357n5">
<ptxt id="nev20684606n1-nev12806357n6">#C1-4</ptxt>
</entry>
<entry id="nev20684606n1-nev12806357n7">
<ptxt id="nev20684606n1-nev12806357n8">Reserve</ptxt>
</entry>
<entry id="nev20684606n1-nev12806357n9">
<ptxt id="nev20684606n1-nev12806357n10">-</ptxt>
</entry>
<entry id="nev20684606n1-nev12806358n1">
<ptxt id="nev20684606n1-nev12806358n2"/>
</entry>
</row>
<row id="nev20684606n1-nev13249211n69">
<entry id="nev20684606n1-nev13249211n70">
<ptxt id="nev20684606n1-nev13249211n77">-</ptxt>
</entry>
<entry id="nev20684606n1-nev13249211n71">
<ptxt id="nev20684606n1-nev13249211n82">#C1-5</ptxt>
</entry>
<entry id="nev20684606n1-nev13249211n72">
<ptxt id="nev20684606n1-nev13249211n88">MOST input signal</ptxt>
</entry>
<entry id="nev20684606n1-nev13249211n90">
<ptxt id="nev20684606n1-nev13249211n93">Optical input s#@#@#35#vated</ptxt>
</entry>
<entry id="nev20684606n1-nev13249211n95"/>
</row>
<row id="nev20684606n1-nev13249211n97">
<entry id="nev20684606n1-nev13249211n98">
<ptxt id="nev20684606n1-nev13249211n105">-</ptxt>
</entry>
<entry id="nev20684606n1-nev13249211n99">
<ptxt id="nev20684606n1-nev13249211n110">#C1-6</ptxt>
</entry>
<entry id="nev20684606n1-nev13249211n100">
<ptxt id="nev20684606n1-nev13249211n116">MOST output signal</ptxt>
</entry>
<entry id="nev20684606n1-nev13249211n118">
<ptxt id="nev20684606n1-nev13249211n121">Optical output #@#@#36#vated</ptxt>
</entry>
<entry id="nev20684606n1-nev13249211n123"/>
</row>
</tbody>
</tgroup>
</table>
</servinfosub>