<?xml version="1.0" encoding="UTF-8"?><servinfosub IE-ID="en-US0900c8af81aa3009" docno="VCC-163456" id="KC07268313" xml:lang="en-US">
<title>
<phrase category="" id="KC07268315" phrase-urn="urn:x-nevis:phrase:0800c8af81aa300b">Diagnostic trou#@#@#30#-1705</phrase>
</title>
<diagnostic type="condition">
<condgrp>
<condition type="condition">
<para>
<ptxt>
<phrase category="" id="KC07268316" phrase-urn="urn:x-nevis:phrase:0800c8af81aa300c">The diagnostic #@#@#213#ECM).</phrase>
</ptxt>
<ptxt>
<phrase category="" id="KC07268317" phrase-urn="urn:x-nevis:phrase:0800c8af81aa300d">The diagnostic #@#@#93#ECM).</phrase>
</ptxt>
</para>
</condition>
</condgrp>
<condgrp>
<condition type="substitution">
<list1 enumtype="d" type="unordered">
<item>
<ptxt>
<phrase category="" id="KC07268318" phrase-urn="urn:x-nevis:phrase:0800c8af81aa300e">None.</phrase>
</ptxt>
</item>
</list1>
</condition>
<ps>
<list1 enumtype="d" type="unordered">
<item>
<ptxt>
<phrase category="" id="KC07268319" phrase-urn="urn:x-nevis:phrase:0800c8af81aa300f">The gear select#@#@#105#(ECM)</phrase>
</ptxt>
</item>
<item>
<ptxt>
<phrase category="" id="KC07268320" phrase-urn="urn:x-nevis:phrase:0800c8af81aa3010">The gear select#@#@#85#CM). </phrase>
</ptxt>
</item>
</list1>
</ps>
</condgrp>
<condgrp>
<condition type="symptom">
<list1 enumtype="d" type="unordered">
<item>
<ptxt>
<phrase category="" id="KC07268321" phrase-urn="urn:x-nevis:phrase:0800c8af81aa3011">None.</phrase>
</ptxt>
</item>
</list1>
</condition>
</condgrp>
</diagnostic>
</servinfosub>