<?xml version="1.0" encoding="UTF-8"?><servinfosub IE-ID="en-US0900c8af80512009" docno="VCC-121061" id="KC01626546" xml:lang="en-US">
<title>Temperature</title>
<procedure>
<stepgrp>
<title>Temperature dam#@#@#5#otor </title>
<procstep id="KC01698994">
<title>Adjustment</title>
<grate>
<graphic id="KC07479852" width="column">
<href>0900c8af801264d#@#@#9#.jpeg</href>
</graphic>
<graphtext>
<list1 enumtype="d" type="unordered">
<item>
<ptxt>Connect +12V an#@#@#86#otor </ptxt>
</item>
<item>
<ptxt>Transfer the co#@#@#35#nism </ptxt>
</item>
<item>
<ptxt>Install the motor</ptxt>
</item>
<item>
<ptxt>Move the heater#@#@#17#ion 0</ptxt>
</item>
<item>
<ptxt>Position the co#@#@#17#k it.</ptxt>
</item>
</list1>
<hint>
<ptxt>When it is repl#@#@#61#ion. </ptxt>
</hint>
</graphtext>
</grate>
</procstep>
</stepgrp>
</procedure>
</servinfosub>