<?xml version="1.0" encoding="UTF-8"?><servinfosub IE-ID="en-US0900c8af82fc7009" docno="VCC-276844" id="nev11165329n1" original="sv-SE" servinfosubId="nev20687983n1-nev20687983n2" servinfosubRes="0900c8af862c35e7" servinfosubRes2="urn:x-nevis:fragment:0900c8af82fc7009:0900c8af862c35e7#nev20687983n2" xml:lang="en-US">
<title id="nev11165329n2">Diagnostic functions</title>
<topic id="nev20687983n1-nev11165752n250">
<title id="nev20687983n1-nev11165752n249">General</title>
<para id="nev20687983n1-nev11165752n248">
<ptxt id="nev20687983n1-nev11165752n247">The control mod#@#@#134#nals.</ptxt>
</para>
</topic>
<topic id="nev20687983n1-nev11165752n246">
<title id="nev20687983n1-nev11165752n245">Diagnostic trou#@#@#11#DTCs)</title>
<para id="nev20687983n1-nev11165752n244">
<ptxt id="nev20687983n1-nev11165752n243">A diagnostic tr#@#@#302# off.</ptxt>
</para>
</topic>
<topic id="nev20687983n1-nev11165752n242">
<title id="nev20687983n1-nev11165752n241">Reading and era#@#@#31#DTCs)</title>
<para id="nev20687983n1-nev11165752n240">
<ptxt id="nev20687983n1-nev11165752n239">Stored diagnost#@#@#66#tion.</ptxt>
</para>
<para id="nev20687983n1-nev11165752n238">
<ptxt id="nev20687983n1-nev11165752n237">Diagnostic trou#@#@#109#once.</ptxt>
</para>
</topic>
<topic id="nev20687983n1-nev11165752n236">
<title id="nev20687983n1-nev11165752n235">Reading off inp#@#@#16#gnals</title>
<para id="nev20687983n1-nev11165752n234">
<ptxt id="nev20687983n1-nev11165752n233">This function c#@#@#91#nals.</ptxt>
</para>
<para id="nev20687983n1-nev11165752n232">
<ptxt id="nev20687983n1-nev11165752n231">For more inform#@#@#82#ther.</ptxt>
</para>
</topic>
<topic id="nev20687983n1-nev11165752n230">
<title id="nev20687983n1-nev11165752n229">Activating comp#@#@#1#nents</title>
<para id="nev20687983n1-nev11165752n228">
<ptxt id="nev20687983n1-nev11165752n227">This function c#@#@#60#king.</ptxt>
</para>
<para id="nev20687983n1-nev11165752n226">
<ptxt id="nev20687983n1-nev11165752n225">For more inform#@#@#83#ther.</ptxt>
</para>
</topic>
<topic id="nev20687983n1-nev11165752n224">
<title id="nev20687983n1-nev11165752n223">Reading off the#@#@#25#ation</title>
<para id="nev20687983n1-nev11165752n222">
<ptxt id="nev20687983n1-nev11165752n221">The diagnostic #@#@#91#mory.</ptxt>
<ptxt id="nev20687983n1-nev11165752n220">The codes conta#@#@#49#dule:</ptxt>
</para>
<list1 enumtype="d" id="nev20687983n1-nev11165752n219" type="unordered">
<item id="nev20687983n1-nev11165752n218">
<ptxt id="nev20687983n1-nev11165752n217">hardware P/N (c#@#@#26#ware)</ptxt>
</item>
<item id="nev20687983n1-nev11165752n216">
<ptxt id="nev20687983n1-nev11165752n215">hardware serial#@#@#36#ware)</ptxt>
</item>
<item id="nev20687983n1-nev11165752n214">
<ptxt id="nev20687983n1-nev11165752n213">software P/N</ptxt>
</item>
<item id="nev20687983n1-nev11165752n212">
<ptxt id="nev20687983n1-nev11165752n211">diagnostic soft#@#@#27#are).</ptxt>
</item>
</list1>
</topic>
</servinfosub>