<?xml version="1.0" encoding="UTF-8"?><servinfosub IE-ID="en-US0900c8af84743009" docno="VCC-371126" id="nev13718141n1" original="sv-SE" servinfosubId="nev13718142n1-nev13718147n1" servinfosubRes="0900c8af8474bb4b" servinfosubRes2="urn:x-nevis:fragment:0900c8af84743009:0900c8af8474bb4b#nev13718147n1" xml:lang="en-US">
<operationnumbers>
<operationnumber>85231-2</operationnumber>
</operationnumbers>
<title id="nev13718136n84">Seat backrest a#@#@#9#motor</title>
<procedure id="nev13718142n1-nev13718146n5">
<stepgrp boilerplate="false" context="" id="nev13718142n1-nev14207921n10">
<title id="nev13718142n1-nev14191725n45">Removal</title>
<procstep id="nev13718142n1-nev14188510n6">
<note id="nev13718142n1-nev14191725n44">
<ptxt>Removal steps i#@#@#45#ails.</ptxt>
</note>
</procstep>
<procstep id="nev13718142n1-nev13718146n9">
<para id="nev13718142n1-nev14207921n6">
<ptxt id="nev13718142n1-nev14207921n7">Remove back cus#@#@#10# seat<xref boilerplate="true" id="nev13718142n1-nev14191725n41">
<ref id="nev13718142n1-nev14189295n90"/>
</xref>
</ptxt>
</para>
</procstep>
<procstep id="nev13718142n1-nev14188510n3">
<grate id="nev13718142n1-nev13718146n17">
<graphic id="nev13718142n1-nev13718146n18">
<href>0900c8af838fd01#@#@#9#.jpeg</href>
</graphic>
</grate>
</procstep>
<procstep id="nev13718142n1-nev14188510n2">
<grate id="nev13718142n1-nev13718146n21">
<graphic id="nev13718142n1-nev13718146n22">
<href>0900c8af838fd02#@#@#9#.jpeg</href>
</graphic>
</grate>
</procstep>
<procstep id="nev13718142n1-nev14188510n1">
<grate id="nev13718142n1-nev13718146n25">
<graphic id="nev13718142n1-nev13718146n26">
<href>0900c8af838fd02#@#@#9#.jpeg</href>
</graphic>
<graphtext id="nev13718142n1-nev14209087n1">
<para id="nev13718142n1-nev14207921n3">
<ptxt id="nev13718142n1-nev14207921n4">
<torque id="nev13718142n1-nev13718146n29">
<ref id="nev13718142n1-nev13718146n30"/>
</torque>
</ptxt>
</para>
</graphtext>
</grate>
</procstep>
<procstep id="nev13718142n1-nev14188939n98">
<grate id="nev13718142n1-nev13718146n33">
<graphic id="nev13718142n1-nev13718146n34">
<href>0900c8af838fd03#@#@#9#.jpeg</href>
</graphic>
</grate>
</procstep>
<procstep id="nev13718142n1-nev14188939n97">
<grate id="nev13718142n1-nev13718146n37">
<graphic id="nev13718142n1-nev13718146n38">
<href>0900c8af838fd04#@#@#9#.jpeg</href>
</graphic>
<graphtext id="nev13718142n1-nev14209097n1">
<para id="nev13718142n1-nev14207921n1">
<ptxt id="nev13718142n1-nev14207921n2">
<torque id="nev13718142n1-nev13718146n41">
<ref id="nev13718142n1-nev13718146n42"/>
</torque>
</ptxt>
</para>
</graphtext>
</grate>
</procstep>
<procstep id="nev13718142n1-nev14188939n94">
<grate id="nev13718142n1-nev13718146n45">
<graphic id="nev13718142n1-nev13718146n46">
<href>0900c8af838fd04#@#@#9#.jpeg</href>
</graphic>
</grate>
</procstep>
<procstep id="nev13718142n1-nev14188939n93">
<grate id="nev13718142n1-nev13718146n49">
<graphic id="nev13718142n1-nev13718146n50">
<href>0900c8af838fd04#@#@#9#.jpeg</href>
</graphic>
</grate>
</procstep>
</stepgrp>
<stepgrp boilerplate="false" context="" id="nev13718142n1-nev14209074n100">
<title id="nev13718142n1-nev14191725n35">Installation</title>
<procstep id="nev13718142n1-nev13718146n52">
<para id="nev13718142n1-nev14209074n96">
<ptxt id="nev13718142n1-nev14209074n97">To install, rev#@#@#22#dure.</ptxt>
</para>
</procstep>
</stepgrp>
</procedure>
</servinfosub>