<?xml version="1.0" encoding="UTF-8"?><script xmlns:nevis="http://www.volvocars.com/namespaces/processing" xmlns:xlink="http://www.w3.org/1999/xlink" IE-ID="en-US0900c8af81b9c31e" docno="VCC-231061" id="nev9978938n1" nevis:expl-profile="mdl184yr2002, mdl295yr2004, mdl384yr2002, mdl384yr2003, mdl384yr2001, mdl184yr2004, mdl295yr2003, mdl184yr2001, mdl184yr2003, mdl285yr2004, mdl275yr2004, mdl285yr2001, mdl295yr2001, mdl184yr2000, mdl295yr2002, mdl285yr2000, mdl275yr2003, mdl184yr1999, mdl384yr2004, mdl285yr2002, mdl285yr2003" nevis:profile="urn:x-nevis:profile:0b00c8af8020665a urn:x-nevis:profile:0b00c8af8020665c urn:x-nevis:profile:0b00c8af8020665e urn:x-nevis:profile:0b00c8af8020665f urn:x-nevis:profile:0b00c8af80206660 urn:x-nevis:profile:0b00c8af80206661 urn:x-nevis:profile:0b00c8af80206662 urn:x-nevis:profile:0b00c8af80206663 urn:x-nevis:profile:0b00c8af80206664 urn:x-nevis:profile:0b00c8af80206666 urn:x-nevis:profile:0b00c8af80206669 urn:x-nevis:profile:0b00c8af8020666a urn:x-nevis:profile:0b00c8af8020666b urn:x-nevis:profile:0b00c8af8020666c urn:x-nevis:profile:0b00c8af8020666d urn:x-nevis:profile:0b00c8af80206670 urn:x-nevis:profile:0b00c8af80206671 urn:x-nevis:profile:0b00c8af80206672 urn:x-nevis:profile:0b00c8af80206674 urn:x-nevis:profile:0b00c8af80206675 urn:x-nevis:profile:0b00c8af80206676" nevis:projectdocument="urn:x-nevis:projectdocument:0800c8af81b9c31d" nevis:resource="0900c8af81b9c3af" nevis:resource2="urn:x-nevis:fragment:0900c8af81b9c31e:0900c8af81b9c3af#nev9978938n1" nevis:session-id="" qualifierinfotype="14:00" type="" xml:lang="en-US"><title>Activate ext X relay</title><content gui="1" height="340" id="nev9978939n1-nev9978938n3" nevis:expl-profile="mdl184yr2002, mdl295yr2004, mdl384yr2002, mdl384yr2003, mdl384yr2001, mdl184yr2004, mdl295yr2003, mdl184yr2001, mdl184yr2003, mdl285yr2004, mdl275yr2004, mdl285yr2001, mdl295yr2001, mdl184yr2000, mdl295yr2002, mdl285yr2000, mdl275yr2003, mdl184yr1999, mdl384yr2004, mdl285yr2002, mdl285yr2003" nevis:idfrom="nev9978939n1" nevis:prefix="nev9978939n1" nevis:profile="urn:x-nevis:profile:0b00c8af8020665a urn:x-nevis:profile:0b00c8af8020665c urn:x-nevis:profile:0b00c8af8020665e urn:x-nevis:profile:0b00c8af8020665f urn:x-nevis:profile:0b00c8af80206660 urn:x-nevis:profile:0b00c8af80206661 urn:x-nevis:profile:0b00c8af80206662 urn:x-nevis:profile:0b00c8af80206663 urn:x-nevis:profile:0b00c8af80206664 urn:x-nevis:profile:0b00c8af80206666 urn:x-nevis:profile:0b00c8af80206669 urn:x-nevis:profile:0b00c8af8020666a urn:x-nevis:profile:0b00c8af8020666b urn:x-nevis:profile:0b00c8af8020666c urn:x-nevis:profile:0b00c8af8020666d urn:x-nevis:profile:0b00c8af80206670 urn:x-nevis:profile:0b00c8af80206671 urn:x-nevis:profile:0b00c8af80206672 urn:x-nevis:profile:0b00c8af80206674 urn:x-nevis:profile:0b00c8af80206675 urn:x-nevis:profile:0b00c8af80206676" nevis:resource="0900c8af81b9c3ad" nevis:resource2="urn:x-nevis:fragment:0900c8af81b9c31e:0900c8af81b9c3ad#nev9978938n3" width="400" xml:lang="en-US"><nodes id="nev9978939n1-nev9978943n1"><node class="Components.StartNode" id="nev9978939n1-nev9978944n1" nodeid="Start" x="35" y="36"/><node class="Components.ScriptComponent" id="nev9978939n1-nev9978945n1" nodeid="ScriptComponent1" x="279" y="489"/><node class="Components.ScriptButton" id="nev9978939n1-nev9978946n1" nodeid="Stop" x="175" y="181"><gui height="30" id="nev9978939n1-nev9978947n1" width="110" x="145" y="300"/><property class="String" id="nev9978939n1-nev9978948n1" name="Text" type="In" value="" visible="0"/><property class="String" id="nev9978939n1-nev9978949n1" name="StartDisabled" type="Internal" value="True" visible="1"/><extension id="nev9978939n1-nev9978950n1"><phrase category="script" id="nev9978939n1-nev9978941n1" phrase-urn="urn:x-nevis:phrase:0800c8af8178a3ba">Hold</phrase></extension></node><node class="Components.ScriptButton" id="nev9978939n1-nev9978951n1" nodeid="Activate" x="222" y="34"><gui height="30" id="nev9978939n1-nev9978952n1" width="110" x="10" y="300"/><property class="String" id="nev9978939n1-nev9978953n1" name="Text" type="In" value="" visible="0"/><property class="String" id="nev9978939n1-nev9978954n1" name="StartDisabled" type="Internal" value="false" visible="1"/><extension id="nev9978939n1-nev9978955n1"><phrase category="Faulttracing" id="nev9978939n1-nev9978940n1" phrase-urn="urn:x-nevis:phrase:0800c8af8178a380">Start</phrase></extension></node><node class="Components.ScriptButton" id="nev9978939n1-nev9978956n1" nodeid="Hide" x="127" y="347"><gui height="30" id="nev9978939n1-nev9978957n1" width="110" x="280" y="300"/><property class="String" id="nev9978939n1-nev9978958n1" name="Text" type="In" value="" visible="0"/><property class="String" id="nev9978939n1-nev9978959n1" name="StartDisabled" type="Internal" value="false" visible="1"/><extension id="nev9978939n1-nev9978960n1"><phrase category="Faulttracing" id="nev9978939n1-nev9978942n1" phrase-urn="urn:x-nevis:phrase:0800c8af81b6b138">Hide</phrase></extension></node><node class="Components.VehComm" id="nev9978939n1-nev9978961n1" nodeid="A0:2" x="277" y="338"><property class="String" id="nev9978939n1-nev9978962n1" name="Mode" type="Internal" value="EcuType" visible="1"/><property class="Int" id="nev9978939n1-nev9978963n1" name="EcuType" type="In" value="372302" visible="0"/><property class="Int" id="nev9978939n1-nev9978964n1" name="ServiceId" type="In" value="27" visible="0"/><property class="String" id="nev9978939n1-nev9978965n1" name="EcuName" type="Out" value="" visible="1"/><property class="Response" id="nev9978939n1-nev9978966n1" name="Result" type="Out" value="" visible="1"/><extension id="nev9978939n1-nev9978967n1"/></node><node class="Components.Gui.ActivationList" id="nev9978939n1-nev9978968n1" nodeid="ActivationList1" x="375" y="123"><gui height="255" id="nev9978939n1-nev9978969n1" width="380" x="10" y="15"/><extension id="nev9978939n1-nev9978970n1"><identifier ecu="372302" ecuMode="EcuType" id="nev9978939n1-nev9978971n1" rawValues="Mask=00008000,Value=00008000" stop="16" type="REID" useRaw="true" value="1A21" write="15"><parameter id="nev9978939n1-nev9978972n1" name="Ext X2-Relay (AUT)" textid="49379"><value id="nev9978939n1-nev9978973n1" textid="4533"/></parameter></identifier><identifier ecu="372302" ecuMode="EcuType" id="nev9978939n1-nev9978974n1" rawValues="Mask=00008000,Value=00000000" stop="16" type="REID" useRaw="true" value="1A21" write="15"><parameter id="nev9978939n1-nev9978975n1" name="Ext X2-Relay (AUT)" textid="49379"><value id="nev9978939n1-nev9978976n1" textid="6079"/></parameter></identifier><identifier ecu="372302" ecuMode="EcuType" id="nev9978939n1-nev9978977n1" rawValues="Mask=01000000,Value=000000E0" stop="16" type="REID" useRaw="true" value="1A21" write="15"><parameter id="nev9978939n1-nev9978978n1" name="Extended X-relay" textid="13859"><value id="nev9978939n1-nev9978979n1" textid="6169"/></parameter></identifier></extension></node></nodes><handlers id="nev9978939n1-nev9978980n1"><eventhandler id="nev9978939n1-nev9978981n1" name="OnStart" node="Start"><call id="nev9978939n1-nev9978982n1" method="Enable" node="Activate"/></eventhandler><eventhandler id="nev9978939n1-nev9978983n1" name="Click" node="Hide"><call id="nev9978939n1-nev9978984n1" method="Execute" node="A0:2"/><call id="nev9978939n1-nev9978985n1" method="CloseDialog" node="ScriptComponent1"/></eventhandler><eventhandler id="nev9978939n1-nev9978986n1" name="Click" node="Activate"><call id="nev9978939n1-nev9978987n1" method="ActivateSelected" node="ActivationList1"/><call id="nev9978939n1-nev9978988n1" method="Disable" node="Activate"/><call id="nev9978939n1-nev9978989n1" method="Enable" node="Stop"/></eventhandler><eventhandler id="nev9978939n1-nev9978990n1" name="Click" node="Stop"><call id="nev9978939n1-nev9978991n1" method="Stop" node="ActivationList1"/><call id="nev9978939n1-nev9978992n1" method="Disable" node="Stop"/><call id="nev9978939n1-nev9978993n1" method="Enable" node="Activate"/></eventhandler></handlers></content></script>