<?xml version="1.0" encoding="UTF-8"?><servinfosub IE-ID="en-US0900c8af81a9b31e" docno="VCC-160654" id="KC07227904" xml:lang="en-US">
<title>
<phrase category="" id="KC07227907" phrase-urn="urn:x-nevis:phrase:0800c8af81a9b320">Diagnostic trou#@#@#30#-910B</phrase>
</title>
<diagnostic type="condition">
<condgrp>
<condition type="condition">
<grate>
<graphic id="KC07227908" width="column">
<href>0900c8af800590a#@#@#9#.jpeg</href>
</graphic>
<graphtext>
<para>
<ptxt>
<phrase category="" id="KC07227909" phrase-urn="urn:x-nevis:phrase:0800c8af81a9b321">The diagnostic #@#@#129#nsor.</phrase>
</ptxt>
<ptxt>
<phrase category="" id="KC07227910" phrase-urn="urn:x-nevis:phrase:0800c8af81a9b322">The diagnostic #@#@#64#d on.</phrase>
</ptxt>
</para>
</graphtext>
</grate>
</condition>
</condgrp>
<condgrp>
<condition type="substitution">
<para>
<ptxt>
<phrase category="" id="KC07227911" phrase-urn="urn:x-nevis:phrase:0800c8af81a9b323">Cruise control #@#@#8# off.</phrase>
</ptxt>
</para>
</condition>
<ps>
<list1 enumtype="d" type="unordered">
<item>
<ptxt>
<phrase category="" id="KC07227912" phrase-urn="urn:x-nevis:phrase:0800c8af81a9b324">Open-circuit in#@#@#12#cable</phrase>
</ptxt>
</item>
<item>
<ptxt>
<phrase category="" id="KC07227913" phrase-urn="urn:x-nevis:phrase:0800c8af81a9b325">Incorrectly ins#@#@#21#ensor</phrase>
</ptxt>
</item>
<item>
<ptxt>
<phrase category="" id="KC07227914" phrase-urn="urn:x-nevis:phrase:0800c8af81a9b326">Damaged clutch #@#@#8#nsor.</phrase>
</ptxt>
</item>
</list1>
</ps>
</condgrp>
<condgrp>
<condition type="symptom">
<list1 enumtype="d" type="unordered">
<item>
<ptxt>
<phrase category="" id="KC07227915" phrase-urn="urn:x-nevis:phrase:0800c8af81a9b327">Cruise control #@#@#20# all.</phrase>
</ptxt>
</item>
</list1>
</condition>
</condgrp>
</diagnostic>
</servinfosub>