<?xml version="1.0" encoding="UTF-8"?><servinfosub IE-ID="en-US0900c8af87fcd31e" docno="VCC-451057" id="nev20889672n1" original="sv-SE" servinfosubId="nev20889673n1-nev29185926n1" servinfosubRes="0900c8af881f58b1" servinfosubRes2="urn:x-nevis:fragment:0900c8af87fcd31e:0900c8af881f58b1#nev29185926n1" xml:lang="en-US">
<operationnumbers>
<operationnumber>83404-2</operationnumber>
<operationnumber>83412-2</operationnumber>
</operationnumbers>
<title id="nev20889672n2">Exterior Door Handle</title>
<toolitemtable id="nev20889673n1-nev29744819n85">
<table id="nev20889673n1-nev29744819n84">
<tgroup cols="2" id="nev20889673n1-nev29744819n83">
<colspec colname="COLSPEC0" colwidth="1.00*" id="nev20889673n1-nev29744819n82"/>
<colspec colname="COLSPEC1" colwidth="1.00*" id="nev20889673n1-nev29744819n81"/>
<thead id="nev20889673n1-nev29744819n80">
<row id="nev20889673n1-nev29744819n79">
<entry id="nev20889673n1-nev29744819n78" nameend="COLSPEC1" namest="COLSPEC0" valign="top">
<ptxt id="nev20889673n1-nev29744819n77">
<emph id="nev20889673n1-nev29744819n76">Special tools</emph>
</ptxt>
</entry>
</row>
</thead>
<tbody id="nev20889673n1-nev29744819n75">
<row id="nev20889673n1-nev29744819n74">
<entry id="nev20889673n1-nev29744819n73">
<graphic id="nev20889673n1-nev29744819n72">
<href>0900c8af800543f#@#@#9#.jpeg</href>
</graphic>
</entry>
<entry id="nev20889673n1-nev29744819n71">
<ptxt id="nev20889673n1-nev29744819n70">
<emph id="nev20889673n1-nev29744819n69">999 5919 PULLER#@#@#33#-6304</emph>
</ptxt>
<ptxt id="nev20889673n1-nev29744819n67">
<emph id="nev20889673n1-nev29744819n66">Tool number:</emph>999 5919</ptxt>
<ptxt id="nev20889673n1-nev29744819n65">
<emph id="nev20889673n1-nev29744819n64">Tool description:</emph>PULLER (SEAL-PI#@#@#24#-6304</ptxt>
<ptxt id="nev20889673n1-nev29744819n62">
<emph id="nev20889673n1-nev29744819n61">Tool boards:</emph>46</ptxt>
</entry>
</row>
</tbody>
</tgroup>
</table>
</toolitemtable>
<procedure id="nev20889673n1-nev29710405n2">
<stepgrp boilerplate="false" context="" id="nev20889673n1-nev29743429n52">
<title id="nev20889673n1-0800c8af844a46f6">Removal</title>
<procstep id="nev20889673n1-nev29710427n22">
<title id="nev20889673n1-0800c8af852ac739">Applies to the #@#@#8# side</title>
</procstep>
<procstep id="nev20889673n1-nev29710405n5">
<grate id="nev20889673n1-nev29743429n50">
<graphic id="nev20889673n1-nev29743429n51">
<href>0900c8af881d4f0#@#@#9#.jpeg</href>
</graphic>
<graphtext id="nev20889673n1-nev29744826n1">
<para id="nev20889673n1-nev29743429n48">
<ptxt id="nev20889673n1-nev29743429n49">Remove the mark#@#@#3#part.</ptxt>
</para>
</graphtext>
</grate>
</procstep>
<procstep id="nev20889673n1-nev29710406n2">
<grate id="nev20889673n1-nev29743429n46">
<graphic id="nev20889673n1-nev29743429n47">
<href>0900c8af87de5dc#@#@#9#.jpeg</href>
</graphic>
<graphtext id="nev20889673n1-nev29744830n1">
<caution id="nev20889673n1-0800c8af85102e6a">
<ptxt>Pull the door h#@#@#49#tion.</ptxt>
</caution>
<para id="nev20889673n1-nev29743429n44">
<ptxt id="nev20889673n1-nev29743429n45">Loosen the screws.</ptxt>
</para>
</graphtext>
</grate>
</procstep>
<procstep id="nev20889673n1-nev29710407n1">
<grate id="nev20889673n1-nev29743429n42">
<graphic id="nev20889673n1-nev29743429n43">
<href>0900c8af881f585#@#@#9#.jpeg</href>
</graphic>
</grate>
</procstep>
<procstep id="nev20889673n1-nev29710407n8">
<grate id="nev20889673n1-nev29743429n40">
<graphic id="nev20889673n1-nev29743429n41">
<href>0900c8af881f585#@#@#9#.jpeg</href>
</graphic>
<graphtext id="nev20889673n1-nev29744837n1">
<para id="nev20889673n1-nev29743429n38">
<ptxt id="nev20889673n1-nev29743429n39">Disconnect the #@#@#5#ctor.</ptxt>
</para>
<para id="nev20889673n1-nev29743429n36">
<ptxt id="nev20889673n1-nev29743429n37">Remove the mark#@#@#3#part.</ptxt>
</para>
</graphtext>
</grate>
</procstep>
<procstep id="nev20889673n1-nev29710427n4">
<title id="nev20889673n1-0800c8af852ac755">Applies to the #@#@#9# side</title>
</procstep>
<procstep id="nev20889673n1-nev29710427n2">
<grate id="nev20889673n1-nev29743429n34">
<graphic id="nev20889673n1-nev29743429n35">
<href>0900c8af881d496#@#@#9#.jpeg</href>
</graphic>
<graphtext id="nev20889673n1-nev29744841n1">
<para id="nev20889673n1-nev29743429n32">
<ptxt id="nev20889673n1-nev29743429n33">Remove the mark#@#@#3#part.</ptxt>
</para>
</graphtext>
</grate>
</procstep>
<procstep id="nev20889673n1-nev29710710n97">
<grate id="nev20889673n1-nev29743429n30">
<graphic id="nev20889673n1-nev29743429n31">
<href>0900c8af87de5e2#@#@#9#.jpeg</href>
</graphic>
<graphtext id="nev20889673n1-nev29744845n1">
<para id="nev20889673n1-nev29743429n28">
<ptxt id="nev20889673n1-nev29743429n29">
<toolitem boilerplate="true" id="nev20889673n1-nev29710710n93" imageid="0900c8af800543f9"/>
</ptxt>
</para>
</graphtext>
</grate>
</procstep>
<procstep id="nev20889673n1-nev29710710n91">
<grate id="nev20889673n1-nev29743429n26">
<graphic id="nev20889673n1-nev29743429n27">
<href>0900c8af87de5c0#@#@#9#.jpeg</href>
</graphic>
<graphtext id="nev20889673n1-nev29744852n1">
<caution id="nev20889673n1-0800c8af85102e6a">
<ptxt>Pull the door h#@#@#49#tion.</ptxt>
</caution>
<para id="nev20889673n1-nev29743429n24">
<ptxt id="nev20889673n1-nev29743429n25">Depress the loc#@#@#7#vice.</ptxt>
</para>
</graphtext>
</grate>
</procstep>
<procstep id="nev20889673n1-nev29710710n87">
<grate id="nev20889673n1-nev29743429n22">
<graphic id="nev20889673n1-nev29743429n23">
<href>0900c8af881f585#@#@#9#.jpeg</href>
</graphic>
</grate>
</procstep>
<procstep id="nev20889673n1-nev29714455n16">
<grate id="nev20889673n1-nev29743429n20">
<graphic id="nev20889673n1-nev29743429n21">
<href>0900c8af881f585#@#@#9#.jpeg</href>
</graphic>
<graphtext id="nev20889673n1-nev29744859n1">
<para id="nev20889673n1-nev29743429n18">
<ptxt id="nev20889673n1-nev29743429n19">Disconnect the #@#@#5#ctor.</ptxt>
</para>
<para id="nev20889673n1-nev29743429n16">
<ptxt id="nev20889673n1-nev29743429n17">Remove the mark#@#@#3#part.</ptxt>
</para>
</graphtext>
</grate>
</procstep>
</stepgrp>
<stepgrp boilerplate="false" context="" id="nev20889673n1-nev29743429n15">
<title id="nev20889673n1-0800c8af85785bbc">Transferring co#@#@#3#nents</title>
<procstep id="nev20889673n1-nev29710408n7">
<grate id="nev20889673n1-nev29743429n13">
<graphic id="nev20889673n1-nev29743429n14">
<href>0900c8af87963ea#@#@#9#.jpeg</href>
</graphic>
<graphtext id="nev20889673n1-nev29744863n1">
<para id="nev20889673n1-nev29743429n11">
<ptxt id="nev20889673n1-nev29743429n12">Remove the screws.</ptxt>
</para>
</graphtext>
</grate>
</procstep>
<procstep id="nev20889673n1-nev29710409n4">
<grate id="nev20889673n1-nev29743429n9">
<graphic id="nev20889673n1-nev29743429n10">
<href>0900c8af87963eb#@#@#9#.jpeg</href>
</graphic>
<graphtext id="nev20889673n1-nev29744867n1">
<para id="nev20889673n1-nev29743429n7">
<ptxt id="nev20889673n1-nev29743429n8">The graphic sho#@#@#24#nent.</ptxt>
</para>
</graphtext>
</grate>
</procstep>
<procstep id="nev20889673n1-nev29710410n1">
<grate id="nev20889673n1-nev29743429n5">
<graphic id="nev20889673n1-nev29743429n6">
<href>0900c8af87963eb#@#@#9#.jpeg</href>
</graphic>
<graphtext id="nev20889673n1-nev29744871n1">
<para id="nev20889673n1-nev29743429n3">
<ptxt id="nev20889673n1-nev29743429n4">Release the locks.</ptxt>
</para>
</graphtext>
</grate>
</procstep>
<procstep id="nev20889673n1-nev29710410n8">
<grate id="nev20889673n1-nev29743429n1">
<graphic id="nev20889673n1-nev29743429n2">
<href>0900c8af8796418#@#@#9#.jpeg</href>
</graphic>
<graphtext id="nev20889673n1-nev29744875n1">
<para id="nev20889673n1-nev29744819n99">
<ptxt id="nev20889673n1-nev29744819n100">Remove the mark#@#@#3#part.</ptxt>
</para>
</graphtext>
</grate>
</procstep>
</stepgrp>
<stepgrp boilerplate="false" context="" id="nev20889673n1-nev29744819n98">
<title id="nev20889673n1-0800c8af844a46f9">Installation</title>
<procstep id="nev20889673n1-nev29710411n7">
<para id="nev20889673n1-nev29744819n96">
<ptxt id="nev20889673n1-nev29744819n97">To install, rev#@#@#22#dure.</ptxt>
</para>
</procstep>
<procstep id="nev20889673n1-nev29715389n91">
<title id="nev20889673n1-0800c8af852ac739">Applies to the #@#@#8# side</title>
</procstep>
<procstep id="nev20889673n1-nev29715389n89">
<grate id="nev20889673n1-nev29744819n94">
<graphic id="nev20889673n1-nev29744819n95">
<href>0900c8af881d506#@#@#9#.jpeg</href>
</graphic>
<graphtext id="nev20889673n1-nev29744879n1">
<caution id="nev20889673n1-0800c8af881d5080">
<ptxt>Do not hold the#@#@#37#ased.</ptxt>
</caution>
<para id="nev20889673n1-nev29744819n92">
<ptxt id="nev20889673n1-nev29744819n93">Tighten the screw.</ptxt>
</para>
</graphtext>
</grate>
</procstep>
<procstep id="nev20889673n1-nev29715389n84">
<title id="nev20889673n1-0800c8af852ac755">Applies to the #@#@#9# side</title>
</procstep>
<procstep id="nev20889673n1-nev29715389n82">
<grate id="nev20889673n1-nev29744819n90">
<graphic id="nev20889673n1-nev29744819n91">
<href>0900c8af881d506#@#@#9#.jpeg</href>
</graphic>
<graphtext id="nev20889673n1-nev29744883n1">
<caution id="nev20889673n1-0800c8af881d5080">
<ptxt>Do not hold the#@#@#37#ased.</ptxt>
</caution>
<para id="nev20889673n1-nev29744819n88">
<ptxt id="nev20889673n1-nev29744819n89">Release the lock.</ptxt>
</para>
<para id="nev20889673n1-nev29744819n86">
<ptxt id="nev20889673n1-nev29744819n87">
<toolitem boilerplate="true" id="nev20889673n1-nev29715389n76" imageid="0900c8af800543f9"/>
</ptxt>
</para>
</graphtext>
</grate>
</procstep>
</stepgrp>
</procedure>
</servinfosub>