<?xml version="1.0" encoding="UTF-8"?><servinfosub IE-ID="en-US0900c8af8576931e" docno="VCC-442088" id="nev17534540n1" original="sv-SE" xml:lang="en-US">
<title id="nev17534540n2">Gas pressure, c#@#@#12#sting</title>
<procedure id="nev17534543n250">
<stepgrp id="nev17534543n249">
<note id="nev17534553n250">
<ptxt id="nev17545902n250">Some variation #@#@#80#rect.</ptxt>
</note>
<procstep id="nev17534543n248">
<title id="nev17534553n248">Removal and Ins#@#@#4#ation</title>
<note id="nev17545902n237">
<ptxt id="nev17545902n236">Removal steps i#@#@#46#ils. </ptxt>
</note>
</procstep>
<procstep id="nev17534553n231">
<title id="nev17534553n230">Preparatory work</title>
<note id="nev17534553n229">
<ptxt id="nev17534553n228">Dust free envir#@#@#204#ling.</ptxt>
</note>
<para id="nev17534553n227">
<ptxt id="nev17534553n226">Run the engine #@#@#27#ture.</ptxt>
<ptxt id="nev17534553n225">Read off the Ga#@#@#80#ssure</ptxt>
</para>
</procstep>
<procstep id="nev17535270n247">
<title id="nev17535270n246">Adjusting gas p#@#@#2#ssure</title>
<note id="nev17545902n231">
<ptxt id="nev17545902n230">AC must be off.#@#@#92#ops. </ptxt>
</note>
<grate id="nev17535270n235">
<graphic id="nev17545902n235">
<href>0900c8af8560355#@#@#9#.jpeg</href>
</graphic>
<graphtext id="nev17535270n230">
<para id="nev17535270n229">
<ptxt id="nev17535270n228">Start the engin#@#@#9#wer).</ptxt>
</para>
<note id="nev17545902n229">
<ptxt id="nev17545902n228">Adjustment is c#@#@#60#ure. </ptxt>
</note>
<note id="nev17545902n227">
<ptxt id="nev17545902n226">When reading th#@#@#109#tely <emph id="nev17546384n247">10-15 seconds</emph>. </ptxt>
</note>
</graphtext>
</grate>
</procstep>
<procstep id="nev17545902n225">
<title id="nev17545902n224"/>
<ptxt id="nev17545902n223">Approved check #@#@#2#lue: <emph id="nev17546384n245">930-1030 mbar</emph>.</ptxt>
<ptxt id="nev17545902n222">If the gas pres#@#@#79#lue: <emph id="nev17546385n247">960-980 mbar</emph>.</ptxt>
</procstep>
</stepgrp>
</procedure>
</servinfosub>