<?xml version="1.0" encoding="UTF-8"?><script xmlns:nevis="http://www.volvocars.com/namespaces/processing" xmlns:xlink="http://www.w3.org/1999/xlink" IE-ID="en-US0900c8af87f0931e" docno="VCC-501954" id="nev27683688n1" nevis:expl-profile="mdl120yr2018, mdl5TXyr2019" nevis:profile="urn:x-nevis:profile:0b00c8af877ef42d urn:x-nevis:profile:0b00c8af880bb220" nevis:projectdocument="urn:x-nevis:projectdocument:0800c8af87a393ff" nevis:resource="0900c8af87eb362f" nevis:resource2="urn:x-nevis:fragment:0900c8af87f0931e:0900c8af87eb362f#nev27683688n1" nevis:session-id="" qualifierinfotype="14:06" xml:lang="en-US"><title id="nev27683688n2"><phrase category="Title" id="nev27683688n3" phrase-urn="urn:x-nevis:phrase:0800c8af86f03262">Component test:</phrase><phrase category="Generic Component" id="nev27683688n4" phrase-urn="urn:x-nevis:phrase:0800c8af869b8796">Microphone, Act#@#@#16#l ANC</phrase></title><content id="nev27683688n5-nev27683675n1" nevis:expl-profile="mdl120yr2018, mdl5TXyr2019" nevis:idfrom="nev27683688n5" nevis:prefix="nev27683688n5" nevis:profile="urn:x-nevis:profile:0b00c8af877ef42d urn:x-nevis:profile:0b00c8af880bb220" nevis:resource="0900c8af87eb362d" nevis:resource2="urn:x-nevis:fragment:0900c8af87f0931e:0900c8af87eb362d#nev27683675n1" xml:lang="en-US"><nodes id="nev27683688n5-nev27683675n2"/><SpaScript Id="4b7159da-98df-4230-98ef-12e4c5278aab" Name="Component test: Microphone, Active noise control ANC " Type="FaultTracing" id="nev27683688n5-nev28786032n1"><Module Annotation="First we run the generic component test module.&#xD;&#xA;After that you can put your individual&#xD;&#xA;component tests..." IsEventHandler="false" Name="Main" id="nev27683688n5-nev28786033n1"><Variable Annotation="" Id="test_remove" Scope="Local" Type="InfoDisplay" id="nev27683688n5-nev28786034n1"><Value Type="InfoDisplayVariable" id="nev27683688n5-nev28786035n1"><infoDisplay id="nev27683688n5-nev27683675n7"><title id="nev27683688n5-nev27683675n8"><freeText id="nev27683688n5-nev27683675n9">Test Test Test</freeText></title><para id="nev27683688n5-nev27683675n10"><freeText id="nev27683688n5-nev27683676n1">Detta är den ge#@#@#45#p... </freeText></para><para id="nev27683688n5-nev27683676n2"><freeText id="nev27683688n5-nev27683676n3">Denna text visa#@#@#42#erats</freeText></para></infoDisplay></Value></Variable><Variable Annotation="" Id="Input" Scope="Input" Type="FaultTracing.Input" id="nev27683688n5-nev28786036n1"/><Component Annotation="Generic test to inform about the DTC condition for faulttracing this cmponent." ComponentId="CallModule_GenericComponentTest" id="nev27683688n5-nev28786037n1"><CallModule id="nev27683688n5-nev28786038n1"><Input Module="GenericComponentTest" id="nev27683688n5-nev28786039n1"><Arg Value="{Input}" id="nev27683688n5-nev28786040n1"/></Input></CallModule></Component><Component ComponentId="RunScript1" id="nev27683688n5-nev28786041n1"><RunScript id="nev27683688n5-nev28786042n1"><Input id="nev27683688n5-nev28786043n1"><NevisLink ProjectDocumentId="0800c8af87eb3564" VCCNumber="VCC-507812-1" VariantId="0900c8af87eb35d8" id="nev27683688n5-nev28786044n1"/><Contract id="nev27683688n5-nev28786045n1"/><Arguments id="nev27683688n5-nev28786046n1"/><NevisXRef id="nev27683688n5-nev28786047n1"><ref id="nev27683688n5-nev28786031n1"><locator xlink:href="#nev27683688n5-nev28786031n1" xlink:type="locator"/><locator xlink:href="urn:x-nevis:xref:0800c8af87eb3564:00000000:00000000#nev28786021n1" xlink:type="locator"/><arc nevis:href="urn:x-nevis:xref:0800c8af87eb3564:00000000:00000000#nev28786021n1" xlink:title="VCC-507812, Microphone, Active noise control ANC" xlink:type="arc"/></ref></NevisXRef></Input></RunScript></Component></Module><Module IsEventHandler="false" Name="Final" id="nev27683688n5-nev28786051n1"/><Module Annotation="Do not touch!" IsEventHandler="false" Name="GenericComponentTest" id="nev27683688n5-nev28786052n1"><Variable Annotation="" Id="InfoDisplayFromGenericLogic" Scope="Local" Type="InfoDisplay" id="nev27683688n5-nev28786053n1"><Value Type="InfoDisplayVariable" id="nev27683688n5-nev28786054n1"><infoDisplay id="nev27683688n5-nev27683678n1"/></Value></Variable><Variable Annotation="" Id="DTCs" Scope="Input" Type="List[String]" id="nev27683688n5-nev28786055n1"/><Component ComponentId="Logger_running_generic" id="nev27683688n5-nev28786056n1"><Logger id="nev27683688n5-nev28786057n1"><Input Text="Running module GenericComponenttest in component test 14:06..........   --- Version: 2015-01-23," id="nev27683688n5-nev28786058n1"/></Logger></Component><Component Annotation="Run the Generic Logic 14:00" ComponentId="RunScript_generic_logic" id="nev27683688n5-nev28786059n1"><RunScript id="nev27683688n5-nev28786060n1"><Input id="nev27683688n5-nev28786061n1"><NevisLink ProjectDocumentId="0800c8af86b6bb5c" VCCNumber="VCC-479232-1" VariantId="0900c8af86b6bb6b" id="nev27683688n5-nev28786062n1"/><Contract id="nev27683688n5-nev28786063n1"><InputVariable Name="DTC_input_data" Type="FaultTracing.Input" id="nev27683688n5-nev28786064n1"/><OutputVariable Name="Error" Type="Double" id="nev27683688n5-nev28786065n1"/><OutputVariable Name="ReturnInfoDisplay" Type="InfoDisplay" id="nev27683688n5-nev28786066n1"/><OutputVariable Name="Only_UC_since_LC" Type="Double" id="nev27683688n5-nev28786067n1"/><OutputVariable Name="TF_since_LC_TestPassedNow" Type="Double" id="nev27683688n5-nev28786068n1"/><OutputVariable Name="TF_since_LC_TestNotRunning" Type="Double" id="nev27683688n5-nev28786069n1"/><OutputVariable Name="TF_since_LC_and_UC_this_OC" Type="Double" id="nev27683688n5-nev28786070n1"/><OutputVariable Name="FaultFreeComponent" Type="Double" id="nev27683688n5-nev28786071n1"/></Contract><Arguments InputValue1="{DTCs}" id="nev27683688n5-nev28786072n1"/><NevisXRef id="nev27683688n5-nev27683679n10"><ref id="nev27683688n5-nev27683680n1"><locator xlink:href="#nev27683688n5-nev27683680n1" xlink:type="locator"/><locator xlink:href="urn:x-nevis:xref:0800c8af86b6bb5c:00000000:00000000#nev22873702n1" xlink:type="locator"/><arc nevis:href="urn:x-nevis:xref:0800c8af86b6bb5c:00000000:00000000#nev22873702n1" xlink:title="VCC-479232, Generic logic for component test" xlink:type="arc"/></ref></NevisXRef></Input></RunScript></Component><If Annotation="if no error show generic info about DTC status for component" LogicId="If_no_error" id="nev27683688n5-nev28786075n1"><LogicStatement Expression="RunScript_generic_logic_Result.Error == False" id="nev27683688n5-nev28786076n1"/><True id="nev27683688n5-nev28786077n1"><Component ComponentId="Logger_showing_infodisplay" id="nev27683688n5-nev28786078n1"><Logger id="nev27683688n5-nev28786079n1"><Input Text="Showing information from generic logic script" id="nev27683688n5-nev28786080n1"/></Logger></Component><Component Annotation="From infodisplay returned by generic logic to a local infodisplay variable due to a bug in SPASE " ComponentId="AssignValue_Infodisplay" id="nev27683688n5-nev28786081n1"><AssignValue id="nev27683688n5-nev28786082n1"><Input AssignTo="{InfoDisplayFromGenericLogic}" Value="{RunScript_generic_logic_Result ReturnInfoDisplay}" id="nev27683688n5-nev28786083n1"/></AssignValue></Component><Component Annotation="Result from the generic logic 14:00" ComponentId="DisplayInformation_FromGenericLogic" id="nev27683688n5-nev28786084n1"><DisplayInformation id="nev27683688n5-nev28786085n1"><Input ButtonType="0" InfoDisplay="{InfoDisplayFromGenericLogic}" id="nev27683688n5-nev28786086n1"/></DisplayInformation></Component><If Annotation="If component only has unconfirmed DTC" LogicId="If_OnlyUnconfirmed" id="nev27683688n5-nev28786087n1"><LogicStatement Expression="RunScript_generic_logic_Result.Only_UC_since_LC == True" id="nev27683688n5-nev28786088n1"/><True id="nev27683688n5-nev28786089n1"><Component ComponentId="Logger_onlyUnconfirmed" id="nev27683688n5-nev28786090n1"><Logger id="nev27683688n5-nev28786091n1"><Input Text="The component Test 14:06, Module: GenericcomponentTest is now starting the 14:00 generic script for only unconfirmed since generic logic responded that there was only unconfirmed DTC" id="nev27683688n5-nev28786092n1"/></Logger></Component><Component Annotation="Generic Logic only for unconfirmed faulttracing" ComponentId="RunScript_OnlyUnconfirmed" id="nev27683688n5-nev28786093n1"><RunScript id="nev27683688n5-nev28786094n1"><Input id="nev27683688n5-nev28786095n1"><NevisLink ProjectDocumentId="0800c8af86bbe0d4" VCCNumber="VCC-479592-1" VariantId="0900c8af86bbddf9" id="nev27683688n5-nev28786096n1"/><Contract id="nev27683688n5-nev28786097n1"><InputVariable Name="AttemptNo" Type="Double" id="nev27683688n5-nev28786098n1"/><InputVariable Name="DTCs" Type="List[String]" id="nev27683688n5-nev28786099n1"/><OutputVariable Name="Verified" Type="Double" id="nev27683688n5-nev28786100n1"/><OutputVariable Name="ReturningInfodisplay" Type="InfoDisplay" id="nev27683688n5-nev28786101n1"/></Contract><Arguments InputValue1="1" InputValue2="{DTCs}" id="nev27683688n5-nev28786102n1"/><NevisXRef id="nev27683688n5-nev27683682n10"><ref id="nev27683688n5-nev27683683n1"><locator xlink:href="#nev27683688n5-nev27683683n1" xlink:type="locator"/><locator xlink:href="urn:x-nevis:xref:0800c8af86bbe0d4:00000000:00000000#nev22964386n1" xlink:type="locator"/><arc nevis:href="urn:x-nevis:xref:0800c8af86bbe0d4:00000000:00000000#nev22964386n1" xlink:title="VCC-479592, GenericLogicForOnlyUnconfirmedComponentTest" xlink:type="arc"/></ref></NevisXRef></Input></RunScript></Component><Component ComponentId="AssignValue_infodisplay" id="nev27683688n5-nev28786106n1"><AssignValue id="nev27683688n5-nev28786107n1"><Input AssignTo="{InfoDisplayFromGenericLogic}" Value="{RunScript_OnlyUnconfirmed_Result ReturningInfodisplay}" id="nev27683688n5-nev28786108n1"/></AssignValue></Component><Component ComponentId="DisplayInformation_ResultOnlyUnconfirmed" id="nev27683688n5-nev28786109n1"><DisplayInformation id="nev27683688n5-nev28786110n1"><Input ButtonType="0" InfoDisplay="{InfoDisplayFromGenericLogic}" id="nev27683688n5-nev28786111n1"/></DisplayInformation></Component><If Annotation="Verified ?" LogicId="If1" id="nev27683688n5-nev28786112n1"><LogicStatement Expression="RunScript_OnlyUnconfirmed_Result.Verified == True" id="nev27683688n5-nev28786113n1"/><True id="nev27683688n5-nev28786114n1"><Component Annotation="Verified" ComponentId="Logger_finished" id="nev27683688n5-nev28786115n1"><Logger id="nev27683688n5-nev28786116n1"><Input Text="Generic fault tracing instructions for only unconfirmed fault finished. the fault is verified..." id="nev27683688n5-nev28786117n1"/></Logger></Component></True><Else id="nev27683688n5-nev28786118n1"><Component ComponentId="Logger_NotVerifiedRetry2" id="nev27683688n5-nev28786119n1"><Logger id="nev27683688n5-nev28786120n1"><Input Text="The only unconfirmed fault is not verified... Running onlyUnconfirmedScript 14:00 one more time..." id="nev27683688n5-nev28786121n1"/></Logger></Component><Component Annotation="Second try" ComponentId="RunScriptUnconfirmed_2" id="nev27683688n5-nev28786122n1"><RunScript id="nev27683688n5-nev28786123n1"><Input id="nev27683688n5-nev28786124n1"><NevisLink ProjectDocumentId="0800c8af86bbe0d4" VCCNumber="VCC-479592-1" VariantId="0900c8af86bbddf9" id="nev27683688n5-nev28786125n1"/><Contract id="nev27683688n5-nev28786126n1"><InputVariable Name="AttemptNo" Type="Double" id="nev27683688n5-nev28786127n1"/><InputVariable Name="DTCs" Type="List[String]" id="nev27683688n5-nev28786128n1"/><OutputVariable Name="Verified" Type="Double" id="nev27683688n5-nev28786129n1"/><OutputVariable Name="ReturningInfodisplay" Type="InfoDisplay" id="nev27683688n5-nev28786130n1"/></Contract><Arguments InputValue1="2" InputValue2="{DTCs}" id="nev27683688n5-nev28786131n1"/><NevisXRef id="nev27683688n5-nev27683685n8"><ref id="nev27683688n5-nev27683685n9"><locator xlink:href="#nev27683688n5-nev27683685n9" xlink:type="locator"/><locator xlink:href="urn:x-nevis:xref:0800c8af86bbe0d4:00000000:00000000#nev22964386n1" xlink:type="locator"/><arc nevis:href="urn:x-nevis:xref:0800c8af86bbe0d4:00000000:00000000#nev22964386n1" xlink:title="VCC-479592, GenericLogicForOnlyUnconfirmedComponentTest" xlink:type="arc"/></ref></NevisXRef></Input></RunScript></Component><Component Annotation="" ComponentId="AssignValue_infodisplay2" id="nev27683688n5-nev28786135n1"><AssignValue id="nev27683688n5-nev28786136n1"><Input AssignTo="{InfoDisplayFromGenericLogic}" Value="{RunScriptUnconfirmed_2_Result ReturningInfodisplay}" id="nev27683688n5-nev28786137n1"/></AssignValue></Component><Component ComponentId="DisplayInformation_ResultUC_2" id="nev27683688n5-nev28786138n1"><DisplayInformation id="nev27683688n5-nev28786139n1"><Input ButtonType="0" InfoDisplay="{InfoDisplayFromGenericLogic}" id="nev27683688n5-nev28786140n1"/></DisplayInformation></Component></Else></If></True><Else id="nev27683688n5-nev28786141n1"/></If></True><Else id="nev27683688n5-nev28786142n1"><Component ComponentId="Logger_error" id="nev27683688n5-nev28786143n1"><Logger id="nev27683688n5-nev28786144n1"><Input Text="Error! Something is wrong in generic logic14:00 script, no condition is true. disabling viewing of the generic information, continueing directly to specific fault tracing..." id="nev27683688n5-nev28786145n1"/></Logger></Component></Else></If><Component ComponentId="Logger_Finished" id="nev27683688n5-nev28786146n1"><Logger id="nev27683688n5-nev28786147n1"><Input Text="Generic module in 14:06 component test is finished, continuing with specific tests...." id="nev27683688n5-nev28786148n1"/></Logger></Component></Module></SpaScript></content></script>