<?xml version="1.0" encoding="UTF-8"?><script xmlns:nevis="http://www.volvocars.com/namespaces/processing" xmlns:xlink="http://www.w3.org/1999/xlink" IE-ID="en-US0900c8af881d431e" docno="VCC-500663" id="nev27316307n1" nevis:expl-profile="mdl536yr2018eng272, mdl536yr2018eng303, mdl536yr2018eng304, mdl536yr2019eng303, mdl536yr2019eng304, mdl536yr2019eng262, mdl536yr2019eng272, mdl536yr2018eng312, mdl536yr2019eng312, mdl536yr2019eng321" nevis:profile="urn:x-nevis:profile:0b00c8af87943b8c urn:x-nevis:profile:0b00c8af87943c4e urn:x-nevis:profile:0b00c8af87943f43 urn:x-nevis:profile:0b00c8af87a3f7b0 urn:x-nevis:profile:0b00c8af87a3f7c8 urn:x-nevis:profile:0b00c8af87a3f7f7 urn:x-nevis:profile:0b00c8af87a3f820 urn:x-nevis:profile:0b00c8af87e2021d urn:x-nevis:profile:0b00c8af87fd9cf7 urn:x-nevis:profile:0b00c8af87fd9d1a" nevis:projectdocument="urn:x-nevis:projectdocument:0800c8af87939dfd" nevis:resource="0900c8af881d4322" nevis:resource2="urn:x-nevis:fragment:0900c8af881d431e:0900c8af881d4322#nev27316307n1" nevis:session-id="" qualifierinfotype="14:00" xml:lang="en-US"><title id="nev27316307n2"><phrase category="Title" id="nev27316307n3" phrase-urn="urn:x-nevis:phrase:0800c8af86c6bc96">Check of the la#@#@#23#gine)</phrase></title><content id="nev27316307n4-nev27316308n1" nevis:expl-profile="mdl536yr2018eng272, mdl536yr2018eng303, mdl536yr2018eng304, mdl536yr2019eng303, mdl536yr2019eng304, mdl536yr2019eng262, mdl536yr2019eng272, mdl536yr2018eng312, mdl536yr2019eng312, mdl536yr2019eng321" nevis:idfrom="nev27316307n4" nevis:prefix="nev27316307n4" nevis:profile="urn:x-nevis:profile:0b00c8af87943b8c urn:x-nevis:profile:0b00c8af87943c4e urn:x-nevis:profile:0b00c8af87943f43 urn:x-nevis:profile:0b00c8af87a3f7b0 urn:x-nevis:profile:0b00c8af87a3f7c8 urn:x-nevis:profile:0b00c8af87a3f7f7 urn:x-nevis:profile:0b00c8af87a3f820 urn:x-nevis:profile:0b00c8af87e2021d urn:x-nevis:profile:0b00c8af87fd9cf7 urn:x-nevis:profile:0b00c8af87fd9d1a" nevis:resource="0900c8af881d4320" nevis:resource2="urn:x-nevis:fragment:0900c8af881d431e:0900c8af881d4320#nev27316308n1" xml:lang="en-US"><nodes id="nev27316307n4-nev27316308n2"/><SpaScript Id="c2ffb695-adbc-4c93-9d01-a5c0eb562eb7" Name="Check of the lambda probe (gasoline engine) " Type="Diagnostic" id="nev27316307n4-nev29704406n1"><Module IsEventHandler="false" Name="Main" id="nev27316307n4-nev29704407n1"><Variable Annotation="" Id="FuelTrim1" Scope="Global" Type="List[Parameter]" id="nev27316307n4-nev29704408n1"/><Component ComponentId="SetInformation" id="nev27316307n4-nev29704409n1"><CallModule id="nev27316307n4-nev29704410n1"><Input Module="Text_Info" id="nev27316307n4-nev29704411n1"/></CallModule></Component><While LogicId="While1" id="nev27316307n4-nev29704412n1"><LogicStatement Expression="1" id="nev27316307n4-nev29704413n1"/><Component Annotation="" ComponentId="ClearList1" id="nev27316307n4-nev29704414n1"><ClearList id="nev27316307n4-nev29704415n1"><Input List="{__Globals__.FuelTrim1}" id="nev27316307n4-nev29704416n1"/></ClearList></Component><Component Annotation="" ComponentId="CallModule2" id="nev27316307n4-nev29704417n1"><CallModule id="nev27316307n4-nev29704418n1"><Input Module="Parameters" id="nev27316307n4-nev29704419n1"/></CallModule></Component><Component ComponentId="Sleep2" id="nev27316307n4-nev29704420n1"><Sleep id="nev27316307n4-nev29704421n1"><Input Timeout="1000" id="nev27316307n4-nev29704422n1"/></Sleep></Component></While></Module><Module IsEventHandler="false" Name="Final" id="nev27316307n4-nev29704423n1"/><Module Annotation="Readout parameters and sets the content to parameterlabel." IsEventHandler="false" Name="Parameters" id="nev27316307n4-nev29704424n1"><Component ComponentId="readProbe1Signal" id="nev27316307n4-nev29704425n1"><ReadParameter id="nev27316307n4-nev29704426n1"><Input DID="F434" Delay="0" EcuID="ECM" ErrorHandlingType="2" ParameterID="85645" Retries="0" id="nev27316307n4-nev29704427n1"/></ReadParameter></Component><Component Annotation="" ComponentId="setProbe1Signal" id="nev27316307n4-nev29704428n1"><SetGuiElementContent id="nev27316307n4-nev29704429n1"><Input ElementId="ParameterLabel1" Text="{readProbe1Signal_Result Parameter}" id="nev27316307n4-nev29704430n1"/></SetGuiElementContent></Component><Component Annotation="" ComponentId="readProbe2Signal" id="nev27316307n4-nev29704431n1"><ReadParameter id="nev27316307n4-nev29704432n1"><Input DID="F415" Delay="0" EcuID="ECM" ErrorHandlingType="2" ParameterID="85647" Retries="0" id="nev27316307n4-nev29704433n1"/></ReadParameter></Component><Component ComponentId="setProbe2Signal" id="nev27316307n4-nev29704434n1"><SetGuiElementContent id="nev27316307n4-nev29704435n1"><Input ElementId="ParameterLabel2" Text="{readProbe2Signal_Result Parameter}" id="nev27316307n4-nev29704436n1"/></SetGuiElementContent></Component><Component ComponentId="readProbe2Heat" id="nev27316307n4-nev29704437n1"><ReadParameter id="nev27316307n4-nev29704438n1"><Input DID="D9B0" Delay="0" EcuID="ECM" ErrorHandlingType="2" ParameterID="17549" Retries="0" id="nev27316307n4-nev29704439n1"/></ReadParameter></Component><Component ComponentId="setProbe2Heat" id="nev27316307n4-nev29704440n1"><SetGuiElementContent id="nev27316307n4-nev29704441n1"><Input ElementId="ParameterLabel3" Text="{readProbe2Heat_Result Parameter}" id="nev27316307n4-nev29704442n1"/></SetGuiElementContent></Component><Component ComponentId="readShortTerm" id="nev27316307n4-nev29704443n1"><ReadParameter id="nev27316307n4-nev29704444n1"><Input DID="F406" Delay="0" EcuID="ECM" ErrorHandlingType="2" ParameterID="1001983" Retries="0" id="nev27316307n4-nev29704445n1"/></ReadParameter></Component><Component ComponentId="setShortTerm" id="nev27316307n4-nev29704446n1"><SetGuiElementContent id="nev27316307n4-nev29704447n1"><Input ElementId="ParameterLabel4" Text="{readShortTerm_Result Parameter}" id="nev27316307n4-nev29704448n1"/></SetGuiElementContent></Component><Component Annotation="" ComponentId="readLongTerm" id="nev27316307n4-nev29704449n1"><ReadParameter id="nev27316307n4-nev29704450n1"><Input DID="F407" Delay="0" EcuID="ECM" ErrorHandlingType="2" ParameterID="1001984" Retries="0" id="nev27316307n4-nev29704451n1"/></ReadParameter></Component><Component ComponentId="setLongTerm" id="nev27316307n4-nev29704452n1"><SetGuiElementContent id="nev27316307n4-nev29704453n1"><Input ElementId="ParameterLabel5" Text="{readLongTerm_Result Parameter}" id="nev27316307n4-nev29704454n1"/></SetGuiElementContent></Component><Component ComponentId="Sleep1" id="nev27316307n4-nev29704455n1"><Sleep id="nev27316307n4-nev29704456n1"><Input Timeout="1000" id="nev27316307n4-nev29704457n1"/></Sleep></Component></Module><Module IsEventHandler="true" Name="FuelTrimAdaptButton_Click" id="nev27316307n4-nev29704458n1"><Component Annotation="" ComponentId="RunScript1" id="nev27316307n4-nev29704459n1"><RunScript id="nev27316307n4-nev29704460n1"><Input id="nev27316307n4-nev29704461n1"><NevisLink ProjectDocumentId="0800c8af87e1fdb9" VCCNumber="VCC-507020-1" VariantId="0900c8af87e1fddf" id="nev27316307n4-nev29704462n1"/><Contract id="nev27316307n4-nev29704463n1"/><Arguments id="nev27316307n4-nev29704464n1"/><NevisXRef id="nev27316307n4-nev29704465n1"><ref id="nev27316307n4-nev29704405n1"><locator xlink:href="#nev27316307n4-nev29704405n1" xlink:type="locator"/><locator xlink:href="urn:x-nevis:xref:0800c8af87e1fdb9:00000000:00000000#nev28505199n1" xlink:type="locator"/><arc nevis:href="urn:x-nevis:xref:0800c8af87e1fdb9:00000000:00000000#nev28505199n1" xlink:title="VCC-507020, Read fuel adaption area values" xlink:type="arc"/></ref></NevisXRef></Input></RunScript></Component></Module><Module IsEventHandler="false" Name="Text_Info" id="nev27316307n4-nev29704469n1"><Variable Annotation="" Id="Text_LongFuelTrim" Scope="Local" Type="InfoDisplay" id="nev27316307n4-nev29704470n1"><Value Type="InfoDisplayVariable" id="nev27316307n4-nev29704471n1"><infoDisplay id="nev27316307n4-nev27316314n7"><para id="nev27316307n4-nev27316314n8"><b id="nev27316307n4-nev27316314n9"><phrase category="Title" id="nev27316307n4-nev27316314n10" phrase-urn="urn:x-nevis:phrase:0800c8af86ed83c8">Long term fuel #@#@#12#ation</phrase></b></para><list id="nev27316307n4-nev27316315n1"><li id="nev27316307n4-nev27316315n2"><phrase category="Faulttracing" id="nev27316307n4-nev27316315n3" phrase-urn="urn:x-nevis:phrase:0800c8af86c85a11">Desired value:</phrase><phrase category="Faulttracing" id="nev27316307n4-nev27316315n4" phrase-urn="urn:x-nevis:phrase:0800c8af86c85ac9">0 % ± 10 %.</phrase></li><li id="nev27316307n4-nev27316315n5"><phrase category="Faulttracing" id="nev27316307n4-nev27316315n6" phrase-urn="urn:x-nevis:phrase:0800c8af86c85a10">Min and max values:</phrase><phrase category="Faulttracing" id="nev27316307n4-nev27316315n7" phrase-urn="urn:x-nevis:phrase:0800c8af86c85aca">-100 – 99.22 %.</phrase></li></list></infoDisplay></Value></Variable><Variable Annotation="" Id="Text_Info" Scope="Local" Type="InfoDisplay" id="nev27316307n4-nev29704472n1"><Value Type="InfoDisplayVariable" id="nev27316307n4-nev29704473n1"><infoDisplay id="nev27316307n4-nev27316315n10"><title id="nev27316307n4-nev27316316n1"><phrase category="Title" id="nev27316307n4-nev27316316n2" phrase-urn="urn:x-nevis:phrase:0800c8af874be116">Lambda probe (g#@#@#10#gine)</phrase></title><para id="nev27316307n4-nev27316316n3"><phrase category="Faulttracing" id="nev27316307n4-nev27316316n4" phrase-urn="urn:x-nevis:phrase:0800c8af874be015">This test check#@#@#32#erly.</phrase></para><title id="nev27316307n4-nev27316316n5"><phrase category="Title" id="nev27316307n4-nev27316316n6" phrase-urn="urn:x-nevis:phrase:0800c8af85bf824a">Instructions</phrase></title><orderedlist id="nev27316307n4-nev27316316n7"><li id="nev27316307n4-nev27316316n8"><phrase category="Faulttracing" id="nev27316307n4-nev27316316n9" phrase-urn="urn:x-nevis:phrase:0800c8af8226516d">Start the engine.</phrase></li><li id="nev27316307n4-nev27316316n10"><phrase category="Faulttracing" id="nev27316307n4-nev27316317n1" phrase-urn="urn:x-nevis:phrase:0800c8af81eab49b">Let the engine idle.</phrase></li><li id="nev27316307n4-nev27316317n2"><phrase category="Faulttracing" id="nev27316307n4-nev27316317n3" phrase-urn="urn:x-nevis:phrase:0800c8af86c7e2e8">Check if the pa#@#@#51#lues.</phrase></li></orderedlist></infoDisplay></Value></Variable><Variable Annotation="" Id="Text_ShortFuelTrim" Scope="Local" Type="InfoDisplay" id="nev27316307n4-nev29704474n1"><Value Type="InfoDisplayVariable" id="nev27316307n4-nev29704475n1"><infoDisplay id="nev27316307n4-nev27316317n6"><para id="nev27316307n4-nev27316317n7"><b id="nev27316307n4-nev27316317n8"><phrase category="Title" id="nev27316307n4-nev27316317n9" phrase-urn="urn:x-nevis:phrase:0800c8af86c85a91">Short term fuel#@#@#13#ation</phrase></b></para><list id="nev27316307n4-nev27316317n10"><li id="nev27316307n4-nev27316318n1"><phrase category="Faulttracing" id="nev27316307n4-nev27316318n2" phrase-urn="urn:x-nevis:phrase:0800c8af86c85a11">Desired value:</phrase><phrase category="Faulttracing" id="nev27316307n4-nev27316318n3" phrase-urn="urn:x-nevis:phrase:0800c8af86c85ac9">0 % ± 10 %.</phrase></li><li id="nev27316307n4-nev27316318n4"><phrase category="Faulttracing" id="nev27316307n4-nev27316318n5" phrase-urn="urn:x-nevis:phrase:0800c8af86c85a10">Min and max values:</phrase><phrase category="Faulttracing" id="nev27316307n4-nev27316318n6" phrase-urn="urn:x-nevis:phrase:0800c8af86c85aca">-100 – 99.22 %.</phrase></li></list></infoDisplay></Value></Variable><Variable Annotation="" Id="Text_Probe2Heat" Scope="Local" Type="InfoDisplay" id="nev27316307n4-nev29704476n1"><Value Type="InfoDisplayVariable" id="nev27316307n4-nev29704477n1"><infoDisplay id="nev27316307n4-nev27316318n9"><para id="nev27316307n4-nev27316318n10"><b id="nev27316307n4-nev27316319n1"><phrase category="Title" id="nev27316307n4-nev27316319n2" phrase-urn="urn:x-nevis:phrase:0800c8af86ed7fb5">Lambda probe, 2#@#@#4#ating</phrase></b></para><list id="nev27316307n4-nev27316319n3"><li id="nev27316307n4-nev27316319n4"><phrase category="Faulttracing" id="nev27316307n4-nev27316319n5" phrase-urn="urn:x-nevis:phrase:0800c8af86c85a11">Desired value:</phrase><phrase category="Faulttracing" id="nev27316307n4-nev27316319n6" phrase-urn="urn:x-nevis:phrase:0800c8af86c85a8f">Above 800 Ω dur#@#@#52#ting.</phrase></li><li id="nev27316307n4-nev27316319n7"><phrase category="Faulttracing" id="nev27316307n4-nev27316319n8" phrase-urn="urn:x-nevis:phrase:0800c8af86c85a10">Min and max values:</phrase><phrase category="Faulttracing" id="nev27316307n4-nev27316319n9" phrase-urn="urn:x-nevis:phrase:0800c8af86c85a90">0 - 100 000 Ω.</phrase></li></list></infoDisplay></Value></Variable><Variable Annotation="" Id="Text_Probe2Signal" Scope="Local" Type="InfoDisplay" id="nev27316307n4-nev29704478n1"><Value Type="InfoDisplayVariable" id="nev27316307n4-nev29704479n1"><infoDisplay id="nev27316307n4-nev27316320n2"><para id="nev27316307n4-nev27316320n3"><b id="nev27316307n4-nev27316320n4"><phrase category="Title" id="nev27316307n4-nev27316320n5" phrase-urn="urn:x-nevis:phrase:0800c8af86ed7fb6">Lambda probe, 2#@#@#3#ignal</phrase></b></para><list id="nev27316307n4-nev27316320n6"><li id="nev27316307n4-nev27316320n7"><phrase category="Faulttracing" id="nev27316307n4-nev27316320n8" phrase-urn="urn:x-nevis:phrase:0800c8af86c85a11">Desired value:</phrase><phrase category="Faulttracing" id="nev27316307n4-nev27316320n9" phrase-urn="urn:x-nevis:phrase:0800c8af86c85a17">0.5 - 0.7 V (co#@#@#18#a 1).</phrase></li><li id="nev27316307n4-nev27316320n10"><phrase category="Faulttracing" id="nev27316307n4-nev27316321n1" phrase-urn="urn:x-nevis:phrase:0800c8af86c85a10">Min and max values:</phrase><phrase category="Faulttracing" id="nev27316307n4-nev27316321n2" phrase-urn="urn:x-nevis:phrase:0800c8af86c85a6d">0 - 5 V.</phrase></li></list></infoDisplay></Value></Variable><Variable Annotation="" Id="Text_Probe1Signal" Scope="Local" Type="InfoDisplay" id="nev27316307n4-nev29704480n1"><Value Type="InfoDisplayVariable" id="nev27316307n4-nev29704481n1"><infoDisplay id="nev27316307n4-nev27316321n5"><para id="nev27316307n4-nev27316321n6"><b id="nev27316307n4-nev27316321n7"><phrase category="Title" id="nev27316307n4-nev27316321n8" phrase-urn="urn:x-nevis:phrase:0800c8af86ed7fb4">Lambda probe, 1#@#@#3#ignal</phrase></b></para><list id="nev27316307n4-nev27316321n9"><li id="nev27316307n4-nev27316321n10"><phrase category="Faulttracing" id="nev27316307n4-nev27316322n1" phrase-urn="urn:x-nevis:phrase:0800c8af86c85a11">Desired value:</phrase><phrase category="Faulttracing" id="nev27316307n4-nev27316322n2" phrase-urn="urn:x-nevis:phrase:0800c8af86120e99">1</phrase></li><li id="nev27316307n4-nev27316322n3"><phrase category="Faulttracing" id="nev27316307n4-nev27316322n4" phrase-urn="urn:x-nevis:phrase:0800c8af86c85a10">Min and max values:</phrase><phrase category="Faulttracing" id="nev27316307n4-nev27316322n5" phrase-urn="urn:x-nevis:phrase:0800c8af86c85a15">0 - 2.</phrase></li></list></infoDisplay></Value></Variable><Component Annotation="" ComponentId="SetText_Info" id="nev27316307n4-nev29704482n1"><SetGuiElementContent id="nev27316307n4-nev29704483n1"><Input ElementId="InfoDisplay2" Text="{Text_Info}" id="nev27316307n4-nev29704484n1"/></SetGuiElementContent></Component><Component Annotation="" ComponentId="SetText_Probe1Signal" id="nev27316307n4-nev29704485n1"><SetGuiElementContent id="nev27316307n4-nev29704486n1"><Input ElementId="InfoDisplay3" Text="{Text_Probe1Signal}" id="nev27316307n4-nev29704487n1"/></SetGuiElementContent></Component><Component ComponentId="SetText_Probe2Signal" id="nev27316307n4-nev29704488n1"><SetGuiElementContent id="nev27316307n4-nev29704489n1"><Input ElementId="InfoDisplay4" Text="{Text_Probe2Signal}" id="nev27316307n4-nev29704490n1"/></SetGuiElementContent></Component><Component ComponentId="SetText_Probe2Heat" id="nev27316307n4-nev29704491n1"><SetGuiElementContent id="nev27316307n4-nev29704492n1"><Input ElementId="InfoDisplay5" Text="{Text_Probe2Heat}" id="nev27316307n4-nev29704493n1"/></SetGuiElementContent></Component><Component Annotation="" ComponentId="SetText_ShortFuelTrim" id="nev27316307n4-nev29704494n1"><SetGuiElementContent id="nev27316307n4-nev29704495n1"><Input ElementId="InfoDisplay6" Text="{Text_ShortFuelTrim}" id="nev27316307n4-nev29704496n1"/></SetGuiElementContent></Component><Component Annotation="" ComponentId="SetText_LongFuelTrim" id="nev27316307n4-nev29704497n1"><SetGuiElementContent id="nev27316307n4-nev29704498n1"><Input ElementId="InfoDisplay7" Text="{Text_LongFuelTrim}" id="nev27316307n4-nev29704499n1"/></SetGuiElementContent></Component></Module><ScriptGui Id="Main" id="nev27316307n4-nev29704500n1"><GuiComponent ComponentId="Main" id="nev27316307n4-nev29704501n1"><Dialog Position="0,0" Size="1195,685" id="nev27316307n4-nev29704502n1"/><GuiComponent ComponentId="InfoDisplay2" id="nev27316307n4-nev29704503n1"><InfoDisplay Position="5,5" Size="310,595" id="nev27316307n4-nev29704504n1"><Input Visible="True" id="nev27316307n4-nev29704505n1"/></InfoDisplay></GuiComponent><GuiComponent ComponentId="Canvas2" id="nev27316307n4-nev29704506n1"><Canvas Position="735,65" Size="455,545" id="nev27316307n4-nev29704507n1"><Input IsEnabled="True" Visible="True" id="nev27316307n4-nev29704508n1"/></Canvas><GuiComponent ComponentId="InfoDisplay7" id="nev27316307n4-nev29704509n1"><InfoDisplay Position="735,485" Size="435,95" id="nev27316307n4-nev29704510n1"><Input Visible="True" id="nev27316307n4-nev29704511n1"/></InfoDisplay></GuiComponent><GuiComponent ComponentId="InfoDisplay6" id="nev27316307n4-nev29704512n1"><InfoDisplay Position="735,385" Size="435,100" id="nev27316307n4-nev29704513n1"><Input Visible="True" id="nev27316307n4-nev29704514n1"/></InfoDisplay></GuiComponent><GuiComponent ComponentId="InfoDisplay5" id="nev27316307n4-nev29704515n1"><InfoDisplay Position="735,285" Size="435,100" id="nev27316307n4-nev29704516n1"><Input Visible="True" id="nev27316307n4-nev29704517n1"/></InfoDisplay></GuiComponent><GuiComponent ComponentId="InfoDisplay4" id="nev27316307n4-nev29704518n1"><InfoDisplay Position="735,185" Size="435,100" id="nev27316307n4-nev29704519n1"><Input Visible="True" id="nev27316307n4-nev29704520n1"/></InfoDisplay></GuiComponent><GuiComponent ComponentId="InfoDisplay3" id="nev27316307n4-nev29704521n1"><InfoDisplay Position="735,85" Size="435,100" id="nev27316307n4-nev29704522n1"><Input Visible="True" id="nev27316307n4-nev29704523n1"/></InfoDisplay></GuiComponent></GuiComponent><GuiComponent ComponentId="FuelTrimAdaptButton" id="nev27316307n4-nev29704524n1"><Button Position="575,650" Size="260,25" id="nev27316307n4-nev29704525n1"><Input ClickEventHandler="FuelTrimAdaptButton_Click" IsEnabled="true" Visible="true" id="nev27316307n4-nev29704526n1"><Value Type="NevisPhraseVariable" id="nev27316307n4-nev29704527n1"><phrase category="Title" id="nev27316307n4-nev27316327n2" phrase-urn="urn:x-nevis:phrase:0800c8af86eacd18">Fuel trim adaptions</phrase></Value></Input></Button></GuiComponent><GuiComponent ComponentId="Canvas1" id="nev27316307n4-nev29704528n1"><Canvas Position="325,80" Size="405,525" id="nev27316307n4-nev29704529n1"><Input IsEnabled="True" Visible="True" id="nev27316307n4-nev29704530n1"/></Canvas><GuiComponent ComponentId="ParameterLabel5" id="nev27316307n4-nev29704531n1"><ParameterLabel Position="340,485" Size="380,85" id="nev27316307n4-nev29704532n1"><Input Text="" Visible="True" id="nev27316307n4-nev29704533n1"/></ParameterLabel></GuiComponent><GuiComponent ComponentId="ParameterLabel4" id="nev27316307n4-nev29704534n1"><ParameterLabel Position="340,385" Size="380,85" id="nev27316307n4-nev29704535n1"><Input Text="" Visible="True" id="nev27316307n4-nev29704536n1"/></ParameterLabel></GuiComponent><GuiComponent ComponentId="ParameterLabel3" id="nev27316307n4-nev29704537n1"><ParameterLabel Position="340,285" Size="380,85" id="nev27316307n4-nev29704538n1"><Input Text="" Visible="True" id="nev27316307n4-nev29704539n1"/></ParameterLabel></GuiComponent><GuiComponent ComponentId="ParameterLabel2" id="nev27316307n4-nev29704540n1"><ParameterLabel Position="340,185" Size="380,85" id="nev27316307n4-nev29704541n1"><Input Text="" Visible="True" id="nev27316307n4-nev29704542n1"/></ParameterLabel></GuiComponent><GuiComponent ComponentId="ParameterLabel1" id="nev27316307n4-nev29704543n1"><ParameterLabel Position="340,95" Size="380,85" id="nev27316307n4-nev29704544n1"><Input Text="" Visible="True" id="nev27316307n4-nev29704545n1"/></ParameterLabel></GuiComponent></GuiComponent></GuiComponent></ScriptGui></SpaScript></content></script>