<?xml version="1.0" encoding="UTF-8"?><servinfosub IE-ID="en-US0900c8af806a931e" docno="VCC-119172" id="KC02127555" xml:lang="en-US">
<title>Replacing the t#@#@#29#(TWC)</title>
<procedure>
<stepgrp>
<procstep>
<title>Removing the th#@#@#28#(TWC)</title>
<grate>
<graphic id="KC08696631">
<href>0900c8af8005a61#@#@#9#.jpeg</href>
</graphic>
<graphtext>
<list1 enumtype="d" type="unordered">
<title>Remove</title>
<item>
<ptxt>the battery neg#@#@#6#lead.</ptxt>
</item>
<item>
<ptxt>the nuts for th#@#@#46#(TC).</ptxt>
</item>
<item>
<ptxt>the exhaust pip#@#@#18#side.</ptxt>
</item>
</list1>
</graphtext>
</grate>
<grate>
<graphic id="KC08696632">
<href>0900c8af8005537#@#@#9#.jpeg</href>
</graphic>
<graphtext>
<para>
<ptxt>Raise the car a#@#@#44#gine.</ptxt>
</para>
</graphtext>
</grate>
<grate>
<graphic id="KC08696633">
<href>0900c8af80121b6#@#@#9#.jpeg</href>
</graphic>
<graphtext>
<list1 enumtype="d" type="unordered">
<title>Remove</title>
<item>
<ptxt>the member.</ptxt>
</item>
<item>
<ptxt>the rear mounti#@#@#25#rter.</ptxt>
</item>
<item>
<ptxt>the catalytic c#@#@#4#rter.</ptxt>
</item>
</list1>
</graphtext>
</grate>
</procstep>
<procstep>
<title>Installing the #@#@#30#(TWC)</title>
<note>
<ptxt>Handle the thre#@#@#51#lly. </ptxt>
</note>
<para>
<ptxt/>
<ptxt>Replace the fla#@#@#59#ear.
</ptxt>
<ptxt>Lubricate the t#@#@#56#08-8.</ptxt>
</para>
<grate>
<graphic id="KC08696634">
<href>0900c8af80121b6#@#@#9#.jpeg</href>
</graphic>
<graphtext>
<para>
<ptxt/>
<ptxt>Install both en#@#@#42#WC). </ptxt>
<ptxt>Finger-tighten #@#@#13#nuts.</ptxt>
<ptxt>Adjust the play#@#@#70#0 mm.</ptxt>
</para>
<note>
<ptxt>Use a new clamp#@#@#39#edge.</ptxt>
</note>
<para>
<ptxt/>
<ptxt>Tighten the rea#@#@#48#) to <emph> 25 Nm</emph>.</ptxt>
<ptxt>Install the mem#@#@#11#n to <emph>25 Nm</emph>.</ptxt>
<ptxt>Lower the car.</ptxt>
</para>
</graphtext>
</grate>
<grate>
<graphic id="KC08696635">
<href>0900c8af8005a61#@#@#9#.jpeg</href>
</graphic>
<graphtext>
<para>
<ptxt/>
<ptxt>Tighten the thr#@#@#56#) to <emph>45 Nm.</emph>
</ptxt>
<ptxt>Install the bat#@#@#14#lead.</ptxt>
</para>
</graphtext>
</grate>
</procstep>
</stepgrp>
</procedure>
</servinfosub>