<?xml version="1.0" encoding="UTF-8"?><servinfosub IE-ID="en-US0900c8af8091d10b" docno="VCC-113821" id="KC01678792" xml:lang="en-US">
<title>Checking for ai#@#@#4#akage</title>
<procedure>
<proctools>
<toolitem id="KC06167239"/>
<toolitem id="KC06167240"/>
</proctools>
<procstep>
<title>Preparation</title>
<para>
<ptxt>Check that all #@#@#64#ened.</ptxt>
</para>
</procstep>
<procstep>
<title>Engagement</title>
<grate>
<graphic id="KC06167241">
<href>0900c8af80121b5#@#@#9#.jpeg</href>
</graphic>
<graphtext>
<list1 enumtype="d" type="unordered">
<item>
<ptxt>Detach the fres#@#@#41#ensor</ptxt>
</item>
<item>
<ptxt>Remove the air #@#@#14#cover</ptxt>
</item>
<item>
<ptxt>Connect tool <toolitem id="KC06167242"/> and pressure r#@#@#4#ator <toolitem id="KC06167243"/> to the fresh a#@#@#34#lamp.</ptxt>
</item>
</list1>
</graphtext>
</grate>
<grate>
<graphic id="KC06167244">
<href>0900c8af80121b5#@#@#9#.jpeg</href>
</graphic>
</grate>
<grate>
<graphic id="KC06167245">
<href>0900c8af80121b5#@#@#9#.jpeg</href>
</graphic>
<graphtext>
<list1 enumtype="d" type="unordered">
<item>
<ptxt>Use hose clips #@#@#33# hose</ptxt>
</item>
<item>
<ptxt>Remove the oil #@#@#6# cap.</ptxt>
</item>
</list1>
</graphtext>
</grate>
</procstep>
<procstep>
<title>Check</title>
<grate>
<graphic id="KC06167246">
<href>0900c8af803f8d4#@#@#9#.jpeg</href>
</graphic>
<graphtext>
<para>
<ptxt>Connect the com#@#@#69#e of <emph>0.3 bar</emph>.</ptxt>
<ptxt>A gentle hissin#@#@#211#area.</ptxt>
<ptxt>Small bubbles a#@#@#169#tted.</ptxt>
</para>
</graphtext>
</grate>
</procstep>
</procedure>
</servinfosub>