<?xml version="1.0" encoding="UTF-8"?><servinfosub IE-ID="en-US0900c8af87c99705" docno="VCC-502196" id="nev27913444n1" original="sv-SE" servinfosubId="nev27913445n1-nev27913444n4" servinfosubRes="0900c8af87c9971b" servinfosubRes2="urn:x-nevis:fragment:0900c8af87c99705:0900c8af87c9971b#nev27913444n4" xml:lang="en-US">
<operationnumbers>
<operationnumber>46631-3</operationnumber>
</operationnumbers>
<title id="nev27913444n2">Halfshaft Bearing</title>
<toolitemtable id="nev27913445n1-nev28174555n18">
<table id="nev27913445n1-nev28174555n17">
<tgroup cols="2" id="nev27913445n1-nev28174555n16">
<colspec colname="COLSPEC0" colwidth="1.00*" id="nev27913445n1-nev28174555n15"/>
<colspec colname="COLSPEC1" colwidth="1.00*" id="nev27913445n1-nev28174555n14"/>
<thead id="nev27913445n1-nev28174555n13">
<row id="nev27913445n1-nev28174555n12">
<entry id="nev27913445n1-nev28174555n11" nameend="COLSPEC1" namest="COLSPEC0" valign="top">
<ptxt id="nev27913445n1-nev28174555n10">
<emph id="nev27913445n1-nev28174555n9">Special tools</emph>
</ptxt>
</entry>
</row>
</thead>
<tbody id="nev27913445n1-nev28174555n8">
<row id="nev27913445n1-nev28174555n7">
<entry id="nev27913445n1-nev28174555n6">
<graphic id="nev27913445n1-nev28174555n5">
<href>0900c8af84f67fa#@#@#9#.jpeg</href>
</graphic>
</entry>
<entry id="nev27913445n1-nev28174555n4">
<ptxt id="nev27913445n1-nev28174555n3">
<emph id="nev27913445n1-nev28174555n2">999 7423 Puller</emph>
</ptxt>
<ptxt id="nev27913445n1-nev28174746n100">
<emph id="nev27913445n1-nev28174746n99">Tool number:</emph>999 7423</ptxt>
<ptxt id="nev27913445n1-nev28174746n98">
<emph id="nev27913445n1-nev28174746n97">Tool description:</emph>Puller</ptxt>
<ptxt id="nev27913445n1-nev28174746n95">
<emph id="nev27913445n1-nev28174746n94">Tool boards:</emph>46</ptxt>
</entry>
</row>
<row id="nev27913445n1-nev28174746n93">
<entry id="nev27913445n1-nev28174746n92">
<graphic id="nev27913445n1-nev28174746n91">
<href>0900c8af84f67fb#@#@#9#.jpeg</href>
</graphic>
</entry>
<entry id="nev27913445n1-nev28174746n90">
<ptxt id="nev27913445n1-nev28174746n89">
<emph id="nev27913445n1-nev28174746n88">999 7424 Drift</emph>
</ptxt>
<ptxt id="nev27913445n1-nev28174746n86">
<emph id="nev27913445n1-nev28174746n85">Tool number:</emph>999 7424</ptxt>
<ptxt id="nev27913445n1-nev28174746n84">
<emph id="nev27913445n1-nev28174746n83">Tool description:</emph>Drift</ptxt>
<ptxt id="nev27913445n1-nev28174746n81">
<emph id="nev27913445n1-nev28174746n80">Tool boards:</emph>46</ptxt>
</entry>
</row>
</tbody>
</tgroup>
</table>
</toolitemtable>
<procedure id="nev27913445n1-nev28174738n8">
<stepgrp boilerplate="false" context="" id="nev27913445n1-nev28174555n56">
<title id="nev27913445n1-nev28174738n10">Removal</title>
<procstep id="nev27913445n1-nev28174555n55">
<para id="nev27913445n1-nev28174555n51">
<ptxt id="nev27913445n1-nev28174555n53">Remove the righ#@#@#8#shaft<xref boilerplate="true" id="nev27913445n1-nev28174555n54">
<ref id="nev27913445n1-nev28174555n52"/>
</xref>
</ptxt>
</para>
</procstep>
<procstep id="nev27913445n1-nev28174739n7">
<grate id="nev27913445n1-nev28174555n49">
<graphic id="nev27913445n1-nev28174555n50">
<href>0900c8af87ab452#@#@#9#.jpeg</href>
</graphic>
<graphtext id="nev27913445n1-nev28174759n1">
<hint id="nev27913445n1-nev28174740n2">
<ptxt>Mark the locati#@#@#15#nent.</ptxt>
</hint>
</graphtext>
</grate>
</procstep>
<procstep id="nev27913445n1-nev28174740n3">
<grate id="nev27913445n1-nev28174555n47">
<graphic id="nev27913445n1-nev28174555n48">
<href>0900c8af87aa90e#@#@#9#.jpeg</href>
</graphic>
<graphtext id="nev27913445n1-nev28174763n1">
<para id="nev27913445n1-nev28174555n45">
<ptxt id="nev27913445n1-nev28174555n46">
<equipment equipmentid="" equipmentname="Air-powered grinding/cutting machine" id="nev27913445n1-nev28174740n9"/>
</ptxt>
</para>
</graphtext>
</grate>
</procstep>
<procstep id="nev27913445n1-nev28174740n10">
<grate id="nev27913445n1-nev28174555n43">
<graphic id="nev27913445n1-nev28174555n44">
<href>0900c8af87ab452#@#@#9#.jpeg</href>
</graphic>
<graphtext id="nev27913445n1-nev28174770n1">
<para id="nev27913445n1-nev28174555n41">
<ptxt id="nev27913445n1-nev28174555n42">Remove the mark#@#@#3#part.</ptxt>
</para>
</graphtext>
</grate>
</procstep>
<procstep id="nev27913445n1-nev28174741n7">
<grate id="nev27913445n1-nev28174555n39">
<graphic id="nev27913445n1-nev28174555n40">
<href>0900c8af84f3673#@#@#9#.jpeg</href>
</graphic>
<graphtext id="nev27913445n1-nev28174774n1">
<para id="nev27913445n1-nev28174555n37">
<ptxt id="nev27913445n1-nev28174555n38">
<toolitem boilerplate="true" id="nev27913445n1-nev28174742n3" imageid="0900c8af84f67fab"/>
</ptxt>
</para>
</graphtext>
</grate>
</procstep>
<procstep id="nev27913445n1-nev28174742n4">
<grate id="nev27913445n1-nev28174555n35">
<graphic id="nev27913445n1-nev28174555n36">
<href>0900c8af84f3673#@#@#9#.jpeg</href>
</graphic>
</grate>
</procstep>
<procstep id="nev27913445n1-nev28174742n7">
<grate id="nev27913445n1-nev28174555n33">
<graphic id="nev27913445n1-nev28174555n34">
<href>0900c8af84f366f#@#@#9#.jpeg</href>
</graphic>
<graphtext id="nev27913445n1-nev28174784n1">
<warning id="nev27913445n1-nev28174743n2">
<ptxt>Wear ear protectors.</ptxt>
</warning>
</graphtext>
</grate>
</procstep>
</stepgrp>
<stepgrp boilerplate="false" context="" id="nev27913445n1-nev28174555n32">
<title id="nev27913445n1-nev28174743n4">Installation</title>
<procstep id="nev27913445n1-nev28174743n5">
<grate id="nev27913445n1-nev28174555n30">
<graphic id="nev27913445n1-nev28174555n31">
<href>0900c8af84f3675#@#@#9#.jpeg</href>
</graphic>
</grate>
</procstep>
<procstep id="nev27913445n1-nev28174743n8">
<grate id="nev27913445n1-nev28174555n28">
<graphic id="nev27913445n1-nev28174555n29">
<href>0900c8af84f3674#@#@#9#.jpeg</href>
</graphic>
<graphtext id="nev27913445n1-nev28174791n1">
<para id="nev27913445n1-nev28174555n26">
<ptxt id="nev27913445n1-nev28174555n27">
<toolitem boilerplate="true" id="nev27913445n1-nev28174744n4" imageid="0900c8af84f67fbb"/>
</ptxt>
</para>
</graphtext>
</grate>
</procstep>
<procstep id="nev27913445n1-nev28174744n5">
<grate id="nev27913445n1-nev28174555n24">
<graphic id="nev27913445n1-nev28174555n25">
<href>0900c8af84f3672#@#@#9#.jpeg</href>
</graphic>
<graphtext id="nev27913445n1-nev28174798n1">
<warning id="nev27913445n1-nev28174744n10">
<ptxt>Wear ear protectors.</ptxt>
</warning>
</graphtext>
</grate>
</procstep>
<procstep id="nev27913445n1-nev28174555n23">
<para id="nev27913445n1-nev28174555n19">
<ptxt id="nev27913445n1-nev28174555n21">Install drive s#@#@#5#right<xref boilerplate="true" id="nev27913445n1-nev28174555n22">
<ref id="nev27913445n1-nev28174555n20"/>
</xref>
</ptxt>
</para>
</procstep>
</stepgrp>
</procedure>
</servinfosub>