<?xml version="1.0" encoding="UTF-8"?><servinfosub IE-ID="en-US0900c8af881fc705" docno="VCC-501047" id="nev29747685n1" original="sv-SE" servinfosubId="nev29747686n1-nev29747685n4" servinfosubRes="0900c8af88248d63" servinfosubRes2="urn:x-nevis:fragment:0900c8af881fc705:0900c8af88248d63#nev29747685n4" xml:lang="en-US">
<operationnumbers>
<operationnumber>85323-2</operationnumber>
</operationnumbers>
<title id="nev29747685n2">Seat cushion fa#@#@#15#ence)</title>
<procedure id="nev29747686n1-nev29873354n2">
<stepgrp boilerplate="false" context="" id="nev29747686n1-nev29879218n16">
<title id="nev29747686n1-0800c8af844a46f6">Removal</title>
<procstep id="nev29747686n1-nev29873354n5">
<para id="nev29747686n1-nev29879218n14">
<ptxt id="nev29747686n1-nev29879218n15">Remove seat, re#@#@#10#ence)<xref boilerplate="true" id="nev29747686n1-0800c8af882487a4">
<ref id="nev29747686n1-nev29875546n11"/>
</xref>
</ptxt>
</para>
</procstep>
<procstep id="nev29747686n1-nev29873358n8">
<grate id="nev29747686n1-nev29879218n12">
<graphic id="nev29747686n1-nev29879218n13">
<href>0900c8af8824882#@#@#9#.jpeg</href>
</graphic>
<graphtext id="nev29747686n1-nev29880723n1">
<para id="nev29747686n1-nev29879218n10">
<ptxt id="nev29747686n1-nev29879218n11">Disconnect the #@#@#5#ctor.</ptxt>
</para>
</graphtext>
</grate>
</procstep>
<procstep id="nev29747686n1-nev29873359n5">
<grate id="nev29747686n1-nev29879218n8">
<graphic id="nev29747686n1-nev29879218n9">
<href>0900c8af88248a5#@#@#9#.jpeg</href>
</graphic>
<graphtext id="nev29747686n1-nev29880727n1">
<para id="nev29747686n1-nev29879218n6">
<ptxt id="nev29747686n1-nev29879218n7">Loosen the mark#@#@#5#tail.</ptxt>
</para>
<para id="nev29747686n1-nev29879218n4">
<ptxt id="nev29747686n1-nev29879218n5">Remove the mark#@#@#3#part.</ptxt>
</para>
</graphtext>
</grate>
</procstep>
<procstep id="nev29747686n1-nev29876323n99">
<grate id="nev29747686n1-nev29879218n2">
<graphic id="nev29747686n1-nev29879218n3">
<href>0900c8af8767dfa#@#@#9#.jpeg</href>
</graphic>
<graphtext id="nev29747686n1-nev29880731n1">
<para id="nev29747686n1-nev29880716n100">
<ptxt id="nev29747686n1-nev29879218n1">Release the locks.</ptxt>
</para>
</graphtext>
</grate>
</procstep>
</stepgrp>
<stepgrp boilerplate="false" context="" id="nev29747686n1-nev29880716n99">
<title id="nev29747686n1-0800c8af844a46f9">Installation</title>
<procstep id="nev29747686n1-nev29873360n7">
<para id="nev29747686n1-nev29880716n97">
<ptxt id="nev29747686n1-nev29880716n98">To install, rev#@#@#22#dure.</ptxt>
</para>
</procstep>
</stepgrp>
</procedure>
</servinfosub>