<?xml version="1.0" encoding="UTF-8"?><servinfosub IE-ID="en-US0900c8af8337d705" docno="VCC-260847" id="nev10881584n1" xml:lang="en-US">
<title>
<phrase category="Title" id="nev10881614n1" phrase-urn="urn:x-nevis:phrase:0800c8af81eb9a59">Fault-tracing</phrase>
<phrase category="Prefix" id="nev10881615n1" phrase-urn="urn:x-nevis:phrase:0800c8af8015c3fa">TCM</phrase>-E010</title>
<diagnostic j2008use="1" layout="1" paperuse="1" screenuse="1" type="test">
<testgrp IE-ID="en-US0900c8af8337d705_nev10881584n3" id="nev10881584n3" j2008use="1" paperuse="1" resumable="1" screenuse="1" testgrp-id="node1" x="80" y="60">
<title>
<phrase category="" id="nev10881584n4" phrase-urn="urn:x-nevis:phrase:0800c8af8274092c">Checking the po#@#@#5#upply</phrase>
</title>
<node>
<test1>
<diaglist>
<dgraphic>
<dgraphic1>
<graphic id="nev10881584n5">
<href>0900c8af80054d5#@#@#9#.jpeg</href>
</graphic>
</dgraphic1>
</dgraphic>
<ditem>
<ptxt>
<phrase category="" id="nev10881584n6" phrase-urn="urn:x-nevis:phrase:0800c8af8274092d">Ignition on</phrase>
</ptxt>
</ditem>
<ditem>
<ptxt>
<phrase category="" id="nev10881584n7" phrase-urn="urn:x-nevis:phrase:0800c8af8274092e">Read the voltag#@#@#82#CEM).</phrase>
</ptxt>
</ditem>
</diaglist>
<test2>
<para>
<ptxt>
<phrase category="" id="nev10881584n8" phrase-urn="urn:x-nevis:phrase:0800c8af8274092f">The voltage sup#@#@#108#same.</phrase>
</ptxt>
</para>
<para>
<ptxt>
<phrase category="" id="nev10881584n9" phrase-urn="urn:x-nevis:phrase:0800c8af82740930">If the voltage #@#@#140#nent.</phrase>
</ptxt>
</para>
<para>
<ptxt>
<phrase category="" id="nev10881584n10" phrase-urn="urn:x-nevis:phrase:0800c8af82740931">If the voltages#@#@#151#tive.</phrase>
</ptxt>
</para>
<diaglist>
<dgraphic>
<dgraphic2>
<graphic id="nev10881585n1">
<href>0900c8af86c8681#@#@#9#.jpeg</href>
</graphic>
<smarttool active="press" id="l1112769509630"/>
</dgraphic2>
</dgraphic>
</diaglist>
<grate>
<graphic id="nev10881585n4">
<href>0900c8af80054d6#@#@#9#.jpeg</href>
</graphic>
</grate>
</test2>
</test1>
<question>
Select Continue.
</question>
<resact-grp>
<result button="cont" comp="button" highlight="0"/>
<action j2008use="1" paperuse="1" screenuse="1">
<ptxt>
<xref>
<ref id="nev10881585n6"/>
</xref>
</ptxt>
</action>
</resact-grp>
</node>
</testgrp>
<testgrp id="nev10881585n7" j2008use="1" paperuse="1" resumable="1" screenuse="1" testgrp-id="node2" x="160" y="200">
<title>
<phrase category="" id="nev10881585n8" phrase-urn="urn:x-nevis:phrase:0800c8af82740937">Checking cable #@#@#8#onent</phrase>
</title>
<node>
<test1>
<test2>
<para>
<ptxt>
<phrase category="" id="nev10881585n9" phrase-urn="urn:x-nevis:phrase:0800c8af82740938">Check connector#@#@#83#tion.</phrase>
</ptxt>
</para>
<para>
<ptxt>
<phrase category="" id="nev10881585n10" phrase-urn="urn:x-nevis:phrase:0800c8af82740939">Check the power#@#@#270#ram. </phrase>
</ptxt>
</para>
<para>
<ptxt>
<phrase category="" id="nev10881586n1" phrase-urn="urn:x-nevis:phrase:0800c8af8274093a">Check the power#@#@#271#ram. </phrase>
</ptxt>
</para>
<hint>
<ptxt>
<phrase category="" id="nev10881586n2" phrase-urn="urn:x-nevis:phrase:0800c8af8274093b">With the igniti#@#@#91#ound.</phrase>
</ptxt>
</hint>
<para>
<ptxt>
<phrase category="" id="nev10881586n3" phrase-urn="urn:x-nevis:phrase:0800c8af8274093c">Check the groun#@#@#215#gram.</phrase>
</ptxt>
</para>
<hint>
<ptxt>
<phrase category="" id="nev10881586n4" phrase-urn="urn:x-nevis:phrase:0800c8af8274093d">With the igniti#@#@#85#pole.</phrase>
</ptxt>
</hint>
<note>
<ptxt>
<phrase category="" id="nev10881586n5" phrase-urn="urn:x-nevis:phrase:0800c8af8274093e">No fault is fou#@#@#43#CEM).</phrase>
</ptxt>
</note>
<ptxt>
<phrase category="" id="nev10881586n6" phrase-urn="urn:x-nevis:phrase:0800c8af8274093f">Remedy as necessary.</phrase>
</ptxt>
<list1 enumtype="d" type="unordered">
<title>
<phrase category="" id="nev10881586n7" phrase-urn="urn:x-nevis:phrase:0800c8af82740940">Other information</phrase>
</title>
<item id="nev11019864n100">
<ptxt id="nev11019864n99">
<xref id="nev11019864n98">
<ref id="l1116577384489"/>
</xref>
</ptxt>
</item>
<item id="nev11019864n96">
<ptxt id="nev11019864n95">
<xref id="nev11019864n94">
<ref id="l1116577416578"/>
</xref>
</ptxt>
</item>
<item>
<ptxt id="nev10881592n94">
<phrase category="Faulttracing" id="nev10881598n1" phrase-urn="urn:x-nevis:phrase:0800c8af827c4210">To access conne#@#@#7# see:</phrase>
<xref id="nev11300172n100">
<ref id="l1128345970122"/>
</xref>
</ptxt>
</item>
<item id="nev11019864n90">
<ptxt id="nev11019864n89">
<xref id="nev11019864n88">
<ref id="l1116577501594"/>
</xref>
</ptxt>
</item>
</list1>
<diaglist>
<dgraphic>
<dgraphic1>
<graphic id="nev10881587n6">
<href>0900c8af8135969#@#@#9#.jpeg</href>
</graphic>
</dgraphic1>
</dgraphic>
</diaglist>
<grate>
<graphic id="nev10881587n7">
<href>0900c8af81d9a54#@#@#9#.jpeg</href>
</graphic>
</grate>
</test2>
</test1>
<question>
Select Continue.
</question>
<resact-grp>
<result button="cont" comp="button" highlight="0"/>
<action j2008use="1" paperuse="1" screenuse="1">
<ptxt>
<xref>
<ref id="nev10881587n9"/>
</xref>
</ptxt>
</action>
</resact-grp>
</node>
</testgrp>
<testgrp id="nev10881587n10" j2008use="1" paperuse="1" resumable="1" screenuse="1" testgrp-id="veria" x="160" y="320">
<title>
<phrase category="" id="nev10881588n1" phrase-urn="urn:x-nevis:phrase:0800c8af82740946">Verification</phrase>
</title>
<subcalloutnode>
<diagcallout>
<xref id="nev10881592n90">
<ref id="l1110802158379"/>
</xref>
</diagcallout>
<rescall-grp>
<result comp="string" highlight="0" op="eq" return="VERIFICATION FAILED"/>
<calloutaction>
<ptxt>
<xref>
<ref id="nev10881588n3"/>
</xref>
</ptxt>
</calloutaction>
</rescall-grp>
<rescall-grp>
<result comp="string" highlight="0" op="eq" return="VERIFIED"/>
<calloutaction>
<return value="FAULT FOUND"/>
</calloutaction>
</rescall-grp>
</subcalloutnode>
</testgrp>
<testgrp id="nev10881588n4" j2008use="1" paperuse="0" resumable="1" screenuse="1" testgrp-id="info1" x="80" y="520">
<title>
<phrase category="" id="nev10881588n5" phrase-urn="urn:x-nevis:phrase:0800c8af82740947">Fault-tracing i#@#@#5#ation</phrase>
</title>
<subcalloutnode>
<diagcallout>
<xref>
<ref id="nev10881588n6"/>
</xref>
</diagcallout>
<rescall-grp>
<result comp="string" highlight="0" op="eq" return="FAULTTRACING FAILED"/>
<calloutaction>
<return value="FAULTTRACING FAILED"/>
</calloutaction>
</rescall-grp>
<rescall-grp>
<result comp="string" highlight="0" op="eq" return="NEW TRY"/>
<calloutaction>
<ptxt>
<xref>
<ref id="nev10881588n7"/>
</xref>
</ptxt>
</calloutaction>
</rescall-grp>
</subcalloutnode>
</testgrp>
</diagnostic>
</servinfosub>