<?xml version="1.0" encoding="UTF-8"?><servinfosub IE-ID="en-US0900c8af84b50705" docno="VCC-402373" id="nev15015861n1" xml:lang="en-US">
<title>
<phrase category="Title" id="nev15015861n2" phrase-urn="urn:x-nevis:phrase:0800c8af81eb9a54">Diagnostic trou#@#@#21#ation</phrase>
<phrase category="Prefix" id="nev15015861n3" phrase-urn="urn:x-nevis:phrase:0800c8af8015c3f5">ECM</phrase>-P012317</title>
<diagnostic j2008use="1" paperuse="1" screenuse="1" type="condition">
<condgrp>
<condition type="condition">
<grate>
<graphic id="nev15015861n4">
<href>0900c8af84b9962#@#@#9#.jpeg</href>
</graphic>
<graphtext>
<para>
<ptxt>
<phrase category="" id="nev15015861n5" phrase-urn="urn:x-nevis:phrase:0800c8af81a9eaf6">The diagnostic #@#@#191#unit.</phrase>
</ptxt>
<ptxt>
<phrase category="" id="nev15015861n6" phrase-urn="urn:x-nevis:phrase:0800c8af81a9eaf7">The diagnostic #@#@#64#d on.</phrase>
</ptxt>
</para>
</graphtext>
</grate>
</condition>
</condgrp>
<condgrp>
<condition type="substitution">
<para>
<ptxt>
<phrase category="" id="nev15015861n7" phrase-urn="urn:x-nevis:phrase:0800c8af81a9eaf8">The throttle an#@#@#329#tion.</phrase>
</ptxt>
</para>
</condition>
<ps>
<list1 enumtype="d" type="unordered">
<item>
<ptxt>
<phrase category="" id="nev15015861n8" phrase-urn="urn:x-nevis:phrase:0800c8af81a9eaf9">Contact resista#@#@#101# unit</phrase>
</ptxt>
</item>
<item>
<ptxt>
<phrase category="" id="nev15015861n9" phrase-urn="urn:x-nevis:phrase:0800c8af81a9eafa">Open-circuit or#@#@#48#able </phrase>
</ptxt>
</item>
<item>
<ptxt>
<phrase category="" id="nev15015861n10" phrase-urn="urn:x-nevis:phrase:0800c8af81a9eafb">Open-circuit in#@#@#46#and 2</phrase>
</ptxt>
</item>
<item>
<ptxt>
<phrase category="" id="nev15015862n1" phrase-urn="urn:x-nevis:phrase:0800c8af81a9eafc">Damaged throttl#@#@#2#unit.</phrase>
</ptxt>
</item>
</list1>
</ps>
</condgrp>
<condgrp>
<condition type="symptom">
<list1 enumtype="d" type="unordered">
<item id="nev15104558n100">
<ptxt id="nev15104558n99">
<phrase category="Symptom CSC" id="nev15104559n1" phrase-urn="urn:x-nevis:phrase:0800c8af8388f137">IV, Text window#@#@#27#ssage</phrase>
</ptxt>
</item>
<item>
<ptxt>
<phrase category="Symptom CSC" id="nev15019074n1" phrase-urn="urn:x-nevis:phrase:0800c8af8388f019">AJ, Driving/Poo#@#@#20#power</phrase>
</ptxt>
</item>
</list1>
</condition>
</condgrp>
</diagnostic>
</servinfosub>