<?xml version="1.0" encoding="UTF-8"?><servinfosub IE-ID="en-US0900c8af80688e0b" docno="VCC-080599" id="KC02202486" servinfosubId="nev20686670n1-nev20686670n2" servinfosubRes="0900c8af862c2b29" servinfosubRes2="urn:x-nevis:fragment:0900c8af80688e0b:0900c8af862c2b29#nev20686670n2" xml:lang="en-US">
<title>SIPS bag components</title>
<grate>
<graphic id="nev20686670n1-KC08538580">
<href>0900c8af80688e1#@#@#9#.jpeg</href>
</graphic>
</grate>
<para>
<ptxt>
<emph etype="bold">Sensor module c#@#@#4#nents</emph>
</ptxt>
<ptxt>4. Sensor housing</ptxt>
<ptxt>5. Aluminum cover</ptxt>
<ptxt>6. Spring washer</ptxt>
<ptxt>7. Firing pin</ptxt>
<ptxt>8. Compression #@#@#1#asher</ptxt>
<ptxt>9. Impact igniter</ptxt>
<ptxt>10. Transport s#@#@#7#evice</ptxt>
</para>
<para>
<ptxt>
<emph etype="bold">Bag module comp#@#@#1#nents</emph>
</ptxt>
<ptxt>11. Air bag</ptxt>
<ptxt>12. Gas generators</ptxt>
<ptxt>13. Combustion #@#@#2#amber</ptxt>
<ptxt>14. Mounting bracket</ptxt>
</para>
</servinfosub>