<?xml version="1.0" encoding="UTF-8"?><servinfosub IE-ID="en-US0900c8af86578e0b" docno="VCC-370452" id="nev13719565n1" original="sv-SE" servinfosubId="nev13719566n1-nev13719565n4" servinfosubRes="0900c8af8657925e" servinfosubRes2="urn:x-nevis:fragment:0900c8af86578e0b:0900c8af8657925e#nev13719565n4" xml:lang="en-US">
<operationnumbers>
<operationnumber>37025-2</operationnumber>
</operationnumbers>
<title id="nev13719564n24">Switch tunnel c#@#@#5#tment</title>
<procedure id="nev13719566n1-nev13719564n25">
<stepgrp boilerplate="false" context="" id="nev13719566n1-nev21510755n39">
<title id="nev13719566n1-0800c8af844a46f7">Removal and Ins#@#@#4#ation</title>
<procstep id="nev13719566n1-nev21510755n45">
<grate id="nev13719566n1-nev21510755n37">
<graphic id="nev13719566n1-nev21510755n38">
<href>0900c8af86578e0#@#@#9#.jpeg</href>
</graphic>
</grate>
</procstep>
<procstep id="nev13719566n1-nev21510755n42">
<grate id="nev13719566n1-nev21510755n35">
<graphic id="nev13719566n1-nev21510755n36">
<href>0900c8af865791d#@#@#9#.jpeg</href>
</graphic>
</grate>
</procstep>
</stepgrp>
</procedure>
</servinfosub>