<?xml version="1.0" encoding="UTF-8"?><servinfosub IE-ID="en-US0900c8af84455e0b" docno="VCC-135633" id="KC01149439" xml:lang="en-US">
<title>
<phrase category="" id="KC09636024" phrase-urn="urn:x-nevis:phrase:0800c8af8273fa6d">Diagnostic trou#@#@#21#ation</phrase>
</title>
<diagnostic j2008use="1" paperuse="1" screenuse="1" type="condition">
<condgrp>
<condition type="condition">
<grate>
<graphic id="KC09636025" width="column">
<href>0900c8af800597e#@#@#9#.jpeg</href>
</graphic>
<graphtext>
<ptxt>
<phrase category="" id="KC09636026" phrase-urn="urn:x-nevis:phrase:0800c8af8273fa6f">The brake contr#@#@#166#ndle.</phrase>
</ptxt>
<ptxt>
<phrase category="" id="KC09636027" phrase-urn="urn:x-nevis:phrase:0800c8af8273fa70">Diagnostic trou#@#@#202#imes.</phrase>
</ptxt>
<list1>
<item>
<ptxt>
<phrase category="" id="KC09636028" phrase-urn="urn:x-nevis:phrase:0800c8af8273fa71">BCM-0012: Wheel#@#@#14#front</phrase>
</ptxt>
</item>
<item>
<ptxt>
<phrase category="" id="KC09636029" phrase-urn="urn:x-nevis:phrase:0800c8af8273fa72">BCM-0022: Wheel#@#@#15#front</phrase>
</ptxt>
</item>
<item>
<ptxt>
<phrase category="" id="KC09636030" phrase-urn="urn:x-nevis:phrase:0800c8af8273fa73">BCM-0032: Wheel#@#@#13# rear</phrase>
</ptxt>
</item>
<item>
<ptxt>
<phrase category="" id="KC09636031" phrase-urn="urn:x-nevis:phrase:0800c8af8273fa74">BCM-0042: Wheel#@#@#15#rear.</phrase>
</ptxt>
</item>
</list1>
<para>
<ptxt>
<phrase category="" id="KC09636032" phrase-urn="urn:x-nevis:phrase:0800c8af8273fa75">The diagnostic #@#@#56#m/h. </phrase>
</ptxt>
</para>
</graphtext>
</grate>
</condition>
</condgrp>
<condgrp>
<condition type="substitution">
<list1 enumtype="d" type="unordered">
<item>
<ptxt>
<phrase category="" id="KC09636033" phrase-urn="urn:x-nevis:phrase:0800c8af8273fa77">The ABS is blocked</phrase>
</ptxt>
</item>
<item>
<ptxt>
<phrase category="" id="KC09636034" phrase-urn="urn:x-nevis:phrase:0800c8af8273fa79">Traction contro#@#@#8#cked </phrase>
</ptxt>
</item>
<item>
<ptxt>
<phrase category="" id="KC09636035" phrase-urn="urn:x-nevis:phrase:0800c8af8273fa7a">Stability contr#@#@#9#cked </phrase>
</ptxt>
</item>
<item>
<ptxt>
<phrase category="" id="KC09636036" phrase-urn="urn:x-nevis:phrase:0800c8af8273fa7b">Active yaw cont#@#@#9#ocked</phrase>
</ptxt>
</item>
<item>
<ptxt>
<phrase category="" id="KC09636037" phrase-urn="urn:x-nevis:phrase:0800c8af8273fa7e">Brake assistanc#@#@#8#cked </phrase>
</ptxt>
</item>
<item>
<ptxt>
<phrase category="" id="KC09636038" phrase-urn="urn:x-nevis:phrase:0800c8af8273fa7f">Electronic Brak#@#@#79#ing. </phrase>
</ptxt>
</item>
</list1>
<hint>
<ptxt>
<phrase category="" id="KC09636039" phrase-urn="urn:x-nevis:phrase:0800c8af8273fa80">For information#@#@#21# see <xref>
<ref id="KC09636040"/>
</xref>. </phrase>
</ptxt>
</hint>
</condition>
<ps>
<list1 enumtype="d" type="unordered">
<item>
<ptxt>
<phrase category="" id="KC09636041" phrase-urn="urn:x-nevis:phrase:0800c8af8273fa81">Loose wheel sensor</phrase>
</ptxt>
</item>
<item>
<ptxt>
<phrase category="" id="KC09636042" phrase-urn="urn:x-nevis:phrase:0800c8af8273fa82">Damaged wiring</phrase>
</ptxt>
</item>
<item>
<ptxt>
<phrase category="" id="KC09636043" phrase-urn="urn:x-nevis:phrase:0800c8af8273fa84">Defective pulse#@#@#2#heel.</phrase>
</ptxt>
</item>
<item id="nev13638819n100">
<ptxt id="nev13638819n99">
<phrase category="Possible source" id="nev13638821n1" phrase-urn="urn:x-nevis:phrase:0800c8af82d44a9a">Dirt between wh#@#@#22#heel.</phrase>
</ptxt>
</item>
</list1>
<note id="nev12182055n100">
<ptxt id="nev12182055n99">
<phrase category="Condition" id="nev12182061n1" phrase-urn="urn:x-nevis:phrase:0800c8af8387390b">This diagnostic#@#@#147#dule.</phrase>
</ptxt>
</note>
</ps>
</condgrp>
<condgrp>
<condition type="symptom">
<list1 enumtype="d" type="unordered">
<item>
<ptxt>
<phrase category="" id="KC09636044" phrase-urn="urn:x-nevis:phrase:0800c8af8273fa85">The ABS warning#@#@#7#s lit</phrase>
</ptxt>
</item>
<item>
<ptxt>
<phrase category="" id="KC09636045" phrase-urn="urn:x-nevis:phrase:0800c8af8273fa86">The anti-spin w#@#@#52#ear) </phrase>
</ptxt>
</item>
<item>
<ptxt>
<phrase category="" id="KC09636046" phrase-urn="urn:x-nevis:phrase:0800c8af8273fa87">General warning#@#@#4#p lit</phrase>
</ptxt>
</item>
<item>
<ptxt>
<phrase category="" id="KC09636047" phrase-urn="urn:x-nevis:phrase:0800c8af8273fa88">No ABS function</phrase>
</ptxt>
</item>
<item>
<ptxt>
<phrase category="" id="KC09636048" phrase-urn="urn:x-nevis:phrase:0800c8af8273fa89">Anti-spin does #@#@#7#ction</phrase>
</ptxt>
</item>
<item>
<ptxt>
<phrase category="" id="KC09636049" phrase-urn="urn:x-nevis:phrase:0800c8af8273fa8a">The traction co#@#@#26#tion.</phrase>
</ptxt>
</item>
</list1>
<note>
<ptxt>
<phrase category="" id="KC09636050" phrase-urn="urn:x-nevis:phrase:0800c8af8273fa8b">If the fault be#@#@#121#cle. </phrase>
</ptxt>
</note>
</condition>
</condgrp>
</diagnostic>
</servinfosub>