<?xml version="1.0" encoding="UTF-8"?><servinfosub IE-ID="en-US0900c8af800e0e0b" docno="VCC-103994" id="KC01120536" xml:lang="en-US">
<title>
<phrase category="" id="KC06046178" phrase-urn="urn:x-nevis:phrase:0800c8af8172d3fc">Trouble-shootin#@#@#8#ation</phrase>
</title>
<diagnostic type="condition">
<condgrp>
<condition type="condition">
<para>
<ptxt>
<phrase category="" id="KC06046179" phrase-urn="urn:x-nevis:phrase:0800c8af8172d3ff">No diagnostic t#@#@#22#ayed.</phrase>
</ptxt>
</para>
</condition>
<ps>
<list1 enumtype="d" type="unordered">
<item>
<ptxt>
<phrase category="" id="KC06046180" phrase-urn="urn:x-nevis:phrase:0800c8af8172d402">Open circuit or#@#@#35# wire</phrase>
</ptxt>
</item>
<item>
<ptxt>
<phrase category="" id="KC06046181" phrase-urn="urn:x-nevis:phrase:0800c8af8172d403">Defective lamp.</phrase>
</ptxt>
</item>
</list1>
</ps>
</condgrp>
<condgrp>
<condition type="symptom">
<list1 enumtype="d" type="unordered">
<item>
<ptxt>
<phrase category="" id="KC06046182" phrase-urn="urn:x-nevis:phrase:0800c8af8172d404">Near-side light#@#@#13#work.</phrase>
</ptxt>
</item>
</list1>
</condition>
</condgrp>
</diagnostic>
</servinfosub>