<?xml version="1.0" encoding="UTF-8"?><servinfosub IE-ID="en-US0900c8af82cdae0b" docno="VCC-267992" id="nev11057547n1" xml:lang="en-US">
<title>
<phrase category="" id="nev11057547n2" phrase-urn="urn:x-nevis:phrase:0800c8af823c9789">Diagnostic trou#@#@#30#-7600</phrase>
</title>
<diagnostic j2008use="1" paperuse="1" screenuse="1" type="condition">
<condgrp>
<condition type="condition">
<grate>
<graphic id="nev11057547n3">
<href>0900c8af80126ac#@#@#9#.jpeg</href>
</graphic>
<graphtext>
<ptxt>
<phrase category="" id="nev11057547n4" phrase-urn="urn:x-nevis:phrase:0800c8af823c978b">The engine cont#@#@#437#cked.</phrase>
</ptxt>
</graphtext>
</grate>
</condition>
</condgrp>
<condgrp>
<condition type="substitution">
<list1 enumtype="d" type="unordered">
<item>
<ptxt>
<phrase category="" id="nev11057547n5" phrase-urn="urn:x-nevis:phrase:0800c8af823c978d">Nothing.</phrase>
</ptxt>
</item>
</list1>
</condition>
<ps>
<list1 enumtype="d" type="unordered">
<title>
<phrase category="" id="nev11057547n6" phrase-urn="urn:x-nevis:phrase:0800c8af823c978f">Signal missing</phrase>
</title>
<item>
<ptxt>
<phrase category="" id="nev11057547n7" phrase-urn="urn:x-nevis:phrase:0800c8af823c9790">Wrong ignition key</phrase>
</ptxt>
</item>
<item>
<ptxt>
<phrase category="" id="nev11057547n8" phrase-urn="urn:x-nevis:phrase:0800c8af823c9792">Low battery voltage.</phrase>
</ptxt>
</item>
<item>
<ptxt>
<phrase category="" id="nev11057547n9" phrase-urn="urn:x-nevis:phrase:0800c8af823c9794">Loose connectio#@#@#76#ctor.</phrase>
</ptxt>
</item>
<item>
<ptxt>
<phrase category="" id="nev11057547n10" phrase-urn="urn:x-nevis:phrase:0800c8af823c9797">Open circuit or#@#@#63#pply.</phrase>
</ptxt>
</item>
<item>
<ptxt>
<phrase category="" id="nev11057548n1" phrase-urn="urn:x-nevis:phrase:0800c8af823c979b">Open-circuit in#@#@#34#ring.</phrase>
</ptxt>
</item>
</list1>
<list1 enumtype="d" type="unordered">
<title>
<phrase category="" id="nev11057548n2" phrase-urn="urn:x-nevis:phrase:0800c8af823c979d">Faulty signal</phrase>
</title>
<item>
<ptxt>
<phrase category="" id="nev11057548n3" phrase-urn="urn:x-nevis:phrase:0800c8af823c979e">Wrong ignition key</phrase>
</ptxt>
</item>
<item>
<ptxt>
<phrase category="" id="nev11057548n4" phrase-urn="urn:x-nevis:phrase:0800c8af823c979f">Low battery voltage.</phrase>
</ptxt>
</item>
<item>
<ptxt>
<phrase category="" id="nev11057548n5" phrase-urn="urn:x-nevis:phrase:0800c8af823c97a0">Loose connectio#@#@#76#ctor.</phrase>
</ptxt>
</item>
</list1>
</ps>
</condgrp>
<condgrp>
<condition type="symptom">
<list1 enumtype="d" type="unordered">
<item>
<ptxt>
<phrase category="" id="nev11057548n6" phrase-urn="urn:x-nevis:phrase:0800c8af823c97a1">The engine does#@#@#6#tart.</phrase>
</ptxt>
</item>
</list1>
</condition>
</condgrp>
</diagnostic>
</servinfosub>