<?xml version="1.0" encoding="UTF-8"?><servinfosub IE-ID="en-US0900c8af800cde0b" docno="VCC-107700" id="KC01313945" xml:lang="en-US">
<title>
<phrase category="" id="KC06928024" phrase-urn="urn:x-nevis:phrase:0800c8af81a053e5">Lower limit</phrase>
</title>
<diagnostic j2008use="1" paperuse="1" screenuse="1" type="test">
<testgrp IE-ID="en-US0900c8af800cde0b_KC01321941" id="KC01321941" j2008use="1" paperuse="1" resumable="1" screenuse="1" testgrp-id="node1" x="120" y="80">
<title>
<phrase category="" id="KC06928025" phrase-urn="urn:x-nevis:phrase:0800c8af81a053f2">Checking fuel i#@#@#10#ystem</phrase>
</title>
<node>
<test1>
<test2>
<para>
<ptxt>
<phrase category="" id="KC06928026" phrase-urn="urn:x-nevis:phrase:0800c8af81a05400">Check intake sy#@#@#29#g to <xref>
<ref id="KC06928027"/>
</xref>.</phrase>
</ptxt>
</para>
<hint>
<ptxt>
<phrase category="" id="KC06928028" phrase-urn="urn:x-nevis:phrase:0800c8af81a0540f">Air leakage in #@#@#120#ter. </phrase>
</ptxt>
</hint>
<para>
<ptxt>
<phrase category="" id="KC06928029" phrase-urn="urn:x-nevis:phrase:0800c8af81a0541e">Check the exhau#@#@#30#g to <xref>
<ref id="KC06928030"/>
</xref>.</phrase>
</ptxt>
<ptxt>
<phrase category="" id="KC06928031" phrase-urn="urn:x-nevis:phrase:0800c8af81a0542c">Check fuel and #@#@#26#g to <xref>
<ref id="KC06928032"/>
</xref>. </phrase>
</ptxt>
<ptxt>
<phrase category="" id="KC06928033" phrase-urn="urn:x-nevis:phrase:0800c8af81a05439">Check that the #@#@#49#ings </phrase>
</ptxt>
<ptxt>
<phrase category="" id="KC06928034" phrase-urn="urn:x-nevis:phrase:0800c8af81a05447">Check engine di#@#@#187#nged </phrase>
</ptxt>
</para>
<para>
<ptxt>
<phrase category="" id="KC06928035" phrase-urn="urn:x-nevis:phrase:0800c8af81a05454">Remedy as necessary.</phrase>
</ptxt>
</para>
<diaglist>
<dgraphic>
<dgraphic2>
<graphic id="KC06928036">
<href>0900c8af86c8681#@#@#9#.jpeg</href>
</graphic>
<smarttool active="press" id="KC06928037" toolname="XECMA626"/>
</dgraphic2>
</dgraphic>
<ditem>
<ditemtext>
<ptxt>
<phrase category="" id="KC06928038" phrase-urn="urn:x-nevis:phrase:0800c8af81a05464"/>
</ptxt>
</ditemtext>
</ditem>
</diaglist>
</test2>
</test1>
<question>Was a fault det#@#@#1#cted?</question>
<resact-grp>
<result button="yes" comp="button"/>
<action j2008use="1" paperuse="1" screenuse="1">
<ptxt>
<xref>
<ref id="KC06928039"/>
</xref>
</ptxt>
</action>
</resact-grp>
<resact-grp>
<result button="no" comp="button"/>
<action j2008use="1" paperuse="1" screenuse="1">
<ptxt>
<xref>
<ref id="KC06928040"/>
</xref>
</ptxt>
</action>
</resact-grp>
</node>
</testgrp>
<testgrp id="KC01321942" j2008use="1" paperuse="1" resumable="1" screenuse="1" testgrp-id="node2" x="120" y="80">
<title>
<phrase category="" id="KC06928041" phrase-urn="urn:x-nevis:phrase:0800c8af81a05471">Checking mass a#@#@#15#ensor</phrase>
</title>
<node>
<test1>
<test2>
<para>
<ptxt>
<phrase category="" id="KC06928042" phrase-urn="urn:x-nevis:phrase:0800c8af81a05482">Test drive the #@#@#27#nutes</phrase>
</ptxt>
<ptxt>
<phrase category="" id="KC06928043" phrase-urn="urn:x-nevis:phrase:0800c8af81a05490">Read off the ma#@#@#76#d 1.2</phrase>
</ptxt>
</para>
<note>
<ptxt>
<phrase category="" id="KC06928044" phrase-urn="urn:x-nevis:phrase:0800c8af81a0549f">There must not #@#@#44# out.</phrase>
</ptxt>
</note>
<para>
<ptxt>
<phrase category="" id="KC06928045" phrase-urn="urn:x-nevis:phrase:0800c8af81a054b3">Remedy as necessary.</phrase>
</ptxt>
</para>
<list1 enumtype="d" type="unordered">
<title>
<phrase category="" id="KC06928046" phrase-urn="urn:x-nevis:phrase:0800c8af81a054c5">Other information</phrase>
</title>
<item>
<ptxt>
<phrase category="" id="KC06928047" phrase-urn="urn:x-nevis:phrase:0800c8af81a054d3">To replace mass#@#@#23# see <xref>
<ref id="KC06928048"/>
</xref>. </phrase>
</ptxt>
</item>
</list1>
<diaglist>
<dgraphic>
<dgraphic2>
<graphic id="KC06928049">
<href>0900c8af86c8681#@#@#9#.jpeg</href>
</graphic>
<smarttool active="press" id="KC06928050" toolname="XECMA609"/>
</dgraphic2>
</dgraphic>
<ditem>
<ditemtext>
<ptxt>
<phrase category="" id="KC06928051" phrase-urn="urn:x-nevis:phrase:0800c8af81a054df"/>
</ptxt>
</ditemtext>
</ditem>
</diaglist>
</test2>
</test1>
<question/>
<resact-grp>
<result button="cont" comp="button"/>
<action j2008use="1" paperuse="1" screenuse="1">
<ptxt>
<xref>
<ref id="KC06928052"/>
</xref>
</ptxt>
</action>
</resact-grp>
</node>
</testgrp>
<testgrp id="KC01321943" j2008use="1" paperuse="1" resumable="1" screenuse="1" testgrp-id="veria" x="320" y="80">
<title>
<phrase category="" id="KC06928053" phrase-urn="urn:x-nevis:phrase:0800c8af81a054eb">Verification</phrase>
</title>
<subcalloutnode>
<diagcallout>
<xref>
<ref id="KC06928054"/>
</xref>
</diagcallout>
<rescall-grp>
<result comp="string" highlight="0" op="eq" return="VERIFICATION FAILED"/>
<calloutaction>
<ptxt>
<xref>
<ref id="KC06928055"/>
</xref>
</ptxt>
</calloutaction>
</rescall-grp>
<rescall-grp>
<result comp="string" highlight="0" op="eq" return="VERIFIED"/>
<calloutaction>
<return value="FAULT FOUND"/>
</calloutaction>
</rescall-grp>
</subcalloutnode>
</testgrp>
<testgrp id="KC01321944" j2008use="1" paperuse="1" resumable="1" screenuse="1" testgrp-id="info1" x="480" y="80">
<title>
<phrase category="" id="KC06928056" phrase-urn="urn:x-nevis:phrase:0800c8af81a054fa">Fault-tracing i#@#@#5#ation</phrase>
</title>
<subcalloutnode>
<diagcallout>
<xref>
<ref id="KC06928057"/>
</xref>
</diagcallout>
<rescall-grp>
<result comp="string" highlight="0" op="eq" return="FAULTTRACING FAILED"/>
<calloutaction>
<return value="FAULTTRACING FAILED"/>
</calloutaction>
</rescall-grp>
<rescall-grp>
<result comp="string" highlight="0" op="eq" return="NEW TRY"/>
<calloutaction>
<ptxt>
<xref>
<ref id="KC06928058"/>
</xref>
</ptxt>
</calloutaction>
</rescall-grp>
</subcalloutnode>
</testgrp>
</diagnostic>
</servinfosub>