<?xml version="1.0" encoding="UTF-8"?><servinfosub IE-ID="en-US0900c8af82264b02" docno="VCC-023531" id="KC01488286" xml:lang="en-US">
<title id="nev10472725n1">System pressure#@#@#17#check</title>
<procedure id="KC01488287">
<proctools id="nev10472725n2">
<toolitem id="KC08312200"/>
<toolitem id="KC08312201"/>
</proctools>
<stepgrp id="KC01488288">
<procstep id="KC01488289">
<title id="nev10472725n11">Oil level check</title>
<ptxt id="nev10472725n12">See <xref id="nev10472725n13">
<ref id="KC08312202"/>
</xref>.</ptxt>
</procstep>
<procstep id="KC01488290">
<title id="nev10472725n18">Manometer connection</title>
<grate id="nev10472725n19">
<graphic id="KC08312203">
<href>0900c8af803f571#@#@#9#.jpeg</href>
</graphic>
<graphtext id="nev10472725n24">
<ptxt id="nev10472725n25">Loosen the air #@#@#2#lter.</ptxt>
<ptxt id="nev10472725n26">Remove the test#@#@#39#pple <toolitem id="KC08312204"/>. </ptxt>
<ptxt id="nev10472725n31">Connect the hos#@#@#11#eter <toolitem id="KC08312205"/> to the nipple.</ptxt>
</graphtext>
</grate>
</procstep>
<procstep id="KC01488291">
<title id="nev10472725n36">Idle speed check</title>
<ptxt id="nev10472725n37">Start the engin#@#@#56#on N.</ptxt>
<ptxt id="nev10472725n38">Check idle spee#@#@#18#elow.</ptxt>
</procstep>
<procstep id="KC01488292">
<title id="nev10472725n39">System pressure#@#@#1#check</title>
<ptxt id="nev10472725n40">Depress the bra#@#@#4#edal.</ptxt>
<ptxt id="nev10472725n41">Move the select#@#@#57#ure. </ptxt>
<table frame="all" id="nev10472725n42" pgwide="0">
<title id="nev10472725n43">Table, system p#@#@#11#0–42.</title>
<tgroup cols="4" colsep="1" id="nev10472725n44" rowsep="1">
<colspec colwidth="114*" id="nev10472725n45"/>
<colspec colwidth="130*" id="nev10472725n46"/>
<colspec colwidth="111*" id="nev10472725n47"/>
<colspec colwidth="101*" id="nev10472725n48"/>
<tbody id="nev10472725n49">
<row id="nev10472725n50">
<entry align="center" id="nev10472725n51" valign="top">
<ptxt id="nev10472725n52">
<emph etype="bold" id="nev10472725n53">Engine </emph>
</ptxt>
</entry>
<entry align="center" id="nev10472725n54" valign="top">
<ptxt id="nev10472725n55">
<emph etype="bold" id="nev10472725n56">Idle speed (rpm)</emph>
</ptxt>
</entry>
<entry align="center" id="nev10472725n57" valign="top">
<ptxt id="nev10472725n58">
<emph etype="bold" id="nev10472725n59">Gear position </emph>
</ptxt>
</entry>
<entry align="center" id="nev10472725n60" valign="top">
<ptxt id="nev10472725n61">
<emph etype="bold" id="nev10472725n62">System pressure#@#@#1#(MPa)</emph>
</ptxt>
</entry>
</row>
<row id="nev10472725n63">
<entry align="left" id="nev10472725n64" valign="top">
<ptxt id="nev10472725n65">B5202</ptxt>
</entry>
<entry align="left" id="nev10472725n66" valign="top">
<ptxt id="nev10472725n67">850</ptxt>
</entry>
<entry align="left" id="nev10472725n68" valign="top">
<ptxt id="nev10472725n69">D / R</ptxt>
</entry>
<entry align="left" id="nev10472725n70" valign="top">
<ptxt id="nev10472725n71">0,4 / 0,6</ptxt>
</entry>
</row>
<row id="nev10472725n72">
<entry align="left" id="nev10472725n73" valign="top">
<ptxt id="nev10472725n74">B5204S</ptxt>
</entry>
<entry align="left" id="nev10472725n75" valign="top">
<ptxt id="nev10472725n76">800</ptxt>
</entry>
<entry align="left" id="nev10472725n77" valign="top">
<ptxt id="nev10472725n78">D / R</ptxt>
</entry>
<entry align="left" id="nev10472725n79" valign="top">
<ptxt id="nev10472725n80">0,4 / 0,6</ptxt>
</entry>
</row>
<row id="nev10472725n81">
<entry align="left" id="nev10472725n82" valign="top">
<ptxt id="nev10472725n83">B5254S<sup id="nev10472725n84">1</sup>
</ptxt>
</entry>
<entry align="left" id="nev10472725n85" valign="top">
<ptxt id="nev10472725n86">850<sup id="nev10472725n87">1</sup>
</ptxt>
</entry>
<entry align="left" id="nev10472725n88" valign="top">
<ptxt id="nev10472725n89">D / R</ptxt>
</entry>
<entry align="left" id="nev10472725n90" valign="top">
<ptxt id="nev10472725n91">0,4 / 0,6</ptxt>
</entry>
</row>
<row id="nev10472725n92">
<entry id="nev10472726n85">
<ptxt id="nev10472726n106">B5254T</ptxt>
</entry>
<entry id="nev10472726n107">
<ptxt id="nev10472726n128">850</ptxt>
</entry>
<entry id="nev10472726n129">
<ptxt id="nev10472726n150">D / R</ptxt>
</entry>
<entry id="nev10472726n151">
<ptxt id="nev10472726n172">0,4 / 0,6</ptxt>
</entry>
</row>
<row id="nev10472725n93">
<entry align="left" id="nev10472725n94" valign="top">
<ptxt id="nev10472725n95">B5252S</ptxt>
</entry>
<entry align="left" id="nev10472725n96" valign="top">
<ptxt id="nev10472725n97">850</ptxt>
</entry>
<entry align="left" id="nev10472725n98" valign="top">
<ptxt id="nev10472725n99">D / R</ptxt>
</entry>
<entry align="left" id="nev10472725n100" valign="top">
<ptxt id="nev10472725n101">0,4 / 0,6</ptxt>
</entry>
</row>
<row id="nev10472725n102">
<entry align="left" id="nev10472725n103" valign="top">
<ptxt id="nev10472725n104">B5234S</ptxt>
</entry>
<entry align="left" id="nev10472725n105" valign="top">
<ptxt id="nev10472725n106">850</ptxt>
</entry>
<entry align="left" id="nev10472725n107" valign="top">
<ptxt id="nev10472725n108">D / R</ptxt>
</entry>
<entry align="left" id="nev10472725n109" valign="top">
<ptxt id="nev10472725n110">0,4 / 0,6</ptxt>
</entry>
</row>
<row id="nev10472725n111">
<entry align="left" id="nev10472725n112" valign="top">
<ptxt id="nev10472725n113">B5234T</ptxt>
</entry>
<entry align="left" id="nev10472725n114" valign="top">
<ptxt id="nev10472725n115">850</ptxt>
</entry>
<entry align="left" id="nev10472725n116" valign="top">
<ptxt id="nev10472725n117">D / R</ptxt>
</entry>
<entry align="left" id="nev10472725n118" valign="top">
<ptxt id="nev10472725n119">0,4 / 0,6</ptxt>
</entry>
</row>
</tbody>
</tgroup>
</table>
<ptxt id="nev10472725n120">
<sup id="nev10472725n121">1)</sup>, 800 rpm, mode#@#@#12#1993 </ptxt>
</procstep>
</stepgrp>
<stepgrp id="KC01488293">
<procstep id="KC01488294">
<title id="nev10472725n122"/>
<ptxt id="nev10472725n123">Check stall spe#@#@#42#heck.</ptxt>
<ptxt id="nev10472725n124">The check prima#@#@#100#gine.</ptxt>
<ptxt id="nev10472725n125">The following i#@#@#38#ults:</ptxt>
<list1 enumtype="d" id="nev10472725n126" type="unordered">
<item id="nev10472725n127">
<ptxt id="nev10472725n128">The engine prov#@#@#11#utput</ptxt>
</item>
<item id="nev10472725n129">
<ptxt id="nev10472725n130">System pressure#@#@#6#rrect</ptxt>
</item>
<item id="nev10472725n131">
<ptxt id="nev10472725n132">the transmissio#@#@#48#ature</ptxt>
</item>
</list1>
<note id="nev10472725n133">
<ptxt id="nev10472725n134">Never check sta#@#@#29#s low</ptxt>
</note>
</procstep>
<procstep id="KC01488295">
<title id="nev10472725n135">Check</title>
<ptxt id="nev10472725n136">Connect a tacho#@#@#49#at.  </ptxt>
<ptxt id="nev10472725n137">Air conditionin#@#@#72#ine. </ptxt>
<caution id="nev10472725n138">
<ptxt id="nev10472725n139">Apply the handb#@#@#71#eck. </ptxt>
</caution>
<ptxt id="nev10472725n140">Move the gear s#@#@#21#tion <emph id="nev10472725n141">D</emph>. Apply full th#@#@#6# for <emph etype="bold" id="nev10472725n142">max 5 seconds</emph> and read off t#@#@#67#elow.</ptxt>
<note id="nev10472725n143">
<ptxt id="nev10472725n144">The stall speed#@#@#36#onds.</ptxt>
</note>
<table frame="all" id="nev10472725n145" pgwide="0">
<tgroup cols="2" colsep="1" id="nev10472725n146" rowsep="1">
<colspec colname="col1" colwidth="168*" id="nev10472725n147"/>
<colspec colname="col2" colwidth="288*" id="nev10472725n148"/>
<spanspec id="nev10472725n149" nameend="col2" namest="col1" spanname="1to2"/>
<thead id="nev10472725n150">
<row id="nev10472725n151">
<entry align="left" id="nev10472725n152" valign="bottom">
<ptxt id="nev10472725n153">
<emph etype="bold" id="nev10472725n154">Gear position </emph>
</ptxt>
</entry>
<entry align="left" id="nev10472725n155" valign="bottom">
<ptxt id="nev10472725n156">
<emph etype="bold" id="nev10472725n157">System pressure, MPa</emph>
</ptxt>
</entry>
</row>
</thead>
<tbody id="nev10472725n158">
<row id="nev10472725n159">
<entry align="left" id="nev10472725n160" valign="top">
<ptxt id="nev10472725n161">D</ptxt>
</entry>
<entry align="left" id="nev10472725n162" valign="top">
<ptxt id="nev10472725n163">1,2</ptxt>
</entry>
</row>
<row id="nev10472725n164">
<entry align="left" id="nev10472725n165" valign="top">
<ptxt id="nev10472725n166">R</ptxt>
</entry>
<entry align="left" id="nev10472725n167" valign="top">
<ptxt id="nev10472725n168">1,8</ptxt>
</entry>
</row>
<row id="nev10472725n169">
<entry align="left" id="nev10472725n170" valign="top">
<ptxt id="nev10472725n171">
<emph etype="bold" id="nev10472725n172">Engine</emph>
<sup id="nev10472725n173"> 1)</sup>
</ptxt>
</entry>
<entry align="left" id="nev10472725n174" valign="top">
<ptxt id="nev10472725n175">
<emph etype="bold" id="nev10472725n176">Stall speed, rpm</emph>
</ptxt>
</entry>
</row>
<row id="nev10472725n177">
<entry align="left" id="nev10472725n178" valign="top">
<ptxt id="nev10472725n179">B5204S</ptxt>
</entry>
<entry align="left" id="nev10472725n180" valign="top">
<ptxt id="nev10472725n181">2200</ptxt>
</entry>
</row>
<row id="nev10472725n182">
<entry align="left" id="nev10472725n183" valign="top">
<ptxt id="nev10472725n184">B5202</ptxt>
</entry>
<entry align="left" id="nev10472725n185" valign="top">
<ptxt id="nev10472725n186">2200</ptxt>
</entry>
</row>
<row id="nev10472725n187">
<entry align="left" id="nev10472725n188" valign="top">
<ptxt id="nev10472725n189">B5252S</ptxt>
</entry>
<entry align="left" id="nev10472725n190" valign="top">
<ptxt id="nev10472725n191">2600</ptxt>
</entry>
</row>
<row id="nev10472725n192">
<entry align="left" id="nev10472725n193" valign="top">
<ptxt id="nev10472725n194">B5254S</ptxt>
</entry>
<entry align="left" id="nev10472725n195" valign="top">
<ptxt id="nev10472725n196">2700<sup id="nev10472725n197">1)</sup>
</ptxt>
</entry>
</row>
<row id="nev10472728n28">
<entry id="nev10472728n49">
<ptxt id="nev10472728n70">B5254T</ptxt>
</entry>
<entry id="nev10472728n71">
<ptxt id="nev10472728n92">2900</ptxt>
</entry>
</row>
<row id="nev10472725n198">
<entry align="left" id="nev10472725n199" valign="top">
<ptxt id="nev10472725n200">B5234S</ptxt>
</entry>
<entry align="left" id="nev10472725n201" valign="top">
<ptxt id="nev10472725n202">2600</ptxt>
</entry>
</row>
<row id="nev10472725n203">
<entry align="left" id="nev10472725n204" valign="top">
<ptxt id="nev10472725n205">B5234T</ptxt>
</entry>
<entry align="left" id="nev10472725n206" valign="top">
<ptxt id="nev10472725n207">2900</ptxt>
</entry>
</row>
<row id="nev10472725n208">
<entry align="left" id="nev10472725n209" spanname="1to2" valign="top">
<ptxt id="nev10472725n210">Normal stall sp#@#@#146#re). </ptxt>
<ptxt id="nev10472725n211"/>
</entry>
</row>
</tbody>
</tgroup>
</table>
<ptxt id="nev10472725n212">
<sup id="nev10472725n213">1)</sup>See specifications.</ptxt>
<ptxt id="nev10472725n214">Repeat the chec#@#@#26#n R. </ptxt>
<ptxt id="nev10472725n215">Compare with th#@#@#3#able.</ptxt>
<ptxt id="nev10472725n216">If the rpm exce#@#@#21# see <emph id="nev10472725n217">High stall speed</emph>; if speed is b#@#@#22# see <emph id="nev10472725n218">Low stall speed</emph>.</ptxt>
</procstep>
<procstep id="KC01488296">
<title id="nev10472725n219">High stall speed</title>
<ptxt id="nev10472725n220">The conditions #@#@#6#ment <xref id="nev10472725n221">
<ref id="KC08312206"/>
</xref> above are fulf#@#@#50#mal? </ptxt>
<ptxt id="nev10472725n226">
<emph etype="bold" id="nev10472725n227">If the actual s#@#@#52# rpm:</emph>
</ptxt>
<list1 enumtype="d" id="nev10472725n228" type="unordered">
<item id="nev10472725n229">
<ptxt id="nev10472725n230">Check if the oi#@#@#36# See <xref id="nev10472725n231">
<ref id="KC08312207"/>
</xref>.</ptxt>
</item>
</list1>
<ptxt id="nev10472725n236">If the oil is O#@#@#86#nt.).</ptxt>
<list1 enumtype="u" id="nev10472725n237">
<item id="nev10472725n238">
<ptxt id="nev10472725n239">For gasoline en#@#@#6# see <xref id="nev10472725n240">
<ref id="KC08312208"/>
</xref>.</ptxt>
</item>
<item id="nev10472725n245">
<ptxt id="nev10472725n246">For diesel engi#@#@#4# see <xref id="nev10472725n247">
<ref id="KC08312209"/>
</xref>.</ptxt>
</item>
</list1>
<ptxt id="nev10472726n2">Dirty oil indic#@#@#53#sion.</ptxt>
<list1 enumtype="u" id="nev10472726n3">
<item id="nev10472726n4">
<ptxt id="nev10472726n5">For gasoline en#@#@#6# see <xref id="nev10472726n6">
<ref id="KC08312210"/>
</xref>.</ptxt>
</item>
<item id="nev10472726n11">
<ptxt id="nev10472726n12">For diesel engi#@#@#4# see <xref id="nev10472726n13">
<ref id="KC08312211"/>
</xref>.</ptxt>
</item>
</list1>
<ptxt id="nev10472726n18">Recheck stall s#@#@#33#nt.  </ptxt>
</procstep>
<procstep id="KC01488297">
<title id="nev10472726n19">Low stall speed</title>
<ptxt id="nev10472726n20">Conditions of w#@#@#7#ment <xref id="nev10472726n21">
<ref id="KC08312212"/>
</xref> above are fulf#@#@#1#lled.</ptxt>
<ptxt id="nev10472726n26">
<emph etype="bold" id="nev10472726n27">If the actual s#@#@#56# rpm:</emph>
</ptxt>
<ptxt id="nev10472726n28">Try with a new #@#@#18#(See <xref id="nev10472726n29">
<ref id="KC08312213"/>
</xref> for gasoline e#@#@#6# and <xref id="nev10472726n34">
<ref id="KC08312214"/>
</xref> for diesel eng#@#@#71#ter.)</ptxt>
<ptxt id="nev10472726n39">Recheck stall s#@#@#85#sion:</ptxt>
<list1 enumtype="u" id="nev10472726n40">
<item id="nev10472726n41">
<ptxt id="nev10472726n42">For gasoline en#@#@#6# see <xref id="nev10472726n43">
<ref id="KC08312215"/>
</xref>.</ptxt>
</item>
<item id="nev10472726n48">
<ptxt id="nev10472726n49">For diesel engi#@#@#4# see <xref id="nev10472726n50">
<ref id="KC08312216"/>
</xref>.</ptxt>
</item>
</list1>
<ptxt id="nev10472726n55">
<emph id="nev10472726n56">Noise:</emph>
</ptxt>
<ptxt id="nev10472726n57">Replace the tra#@#@#5#sion:</ptxt>
<list1 enumtype="u" id="nev10472726n58">
<item id="nev10472726n59">
<ptxt id="nev10472726n60">For gasoline en#@#@#6# see <xref id="nev10472726n61">
<ref id="KC08312217"/>
</xref>.</ptxt>
</item>
<item id="nev10472726n66">
<ptxt id="nev10472726n67">For diesel engi#@#@#4# see <xref id="nev10472726n68">
<ref id="KC08312218"/>
</xref>.</ptxt>
</item>
</list1>
<ptxt id="nev10472726n73">Recheck stall s#@#@#33#nt.  </ptxt>
<grate id="nev10472726n74">
<graphic id="KC08312219" width="column">
<href>0900c8af803f571#@#@#9#.jpeg</href>
</graphic>
</grate>
</procstep>
</stepgrp>
</procedure>
</servinfosub>