<?xml version="1.0" encoding="UTF-8"?><script xmlns:nevis="http://www.volvocars.com/namespaces/processing" xmlns:xlink="http://www.w3.org/1999/xlink" IE-ID="en-US0900c8af81de8b02" docno="VCC-237522" id="nev10187726n1" nevis:expl-profile="mdl644yr2000, mdl645yr2000, mdl644yr2003, mdl644yr2002, mdl645yr2002, mdl644yr1999, mdl644yr2001, mdl644yr2004, mdl645yr1999, mdl645yr2004, mdl645yr2003, mdl645yr2001" nevis:profile="urn:x-nevis:profile:0b00c8af802065ab urn:x-nevis:profile:0b00c8af802065ad urn:x-nevis:profile:0b00c8af802065af urn:x-nevis:profile:0b00c8af802065b3 urn:x-nevis:profile:0b00c8af802065b8 urn:x-nevis:profile:0b00c8af802065bd urn:x-nevis:profile:0b00c8af802065bf urn:x-nevis:profile:0b00c8af802065c5 urn:x-nevis:profile:0b00c8af802065c6 urn:x-nevis:profile:0b00c8af802065ca urn:x-nevis:profile:0b00c8af802065cc urn:x-nevis:profile:0b00c8af802065e4" nevis:projectdocument="urn:x-nevis:projectdocument:0800c8af81de8b01" nevis:resource="0900c8af81f1d5f2" nevis:resource2="urn:x-nevis:fragment:0900c8af81de8b02:0900c8af81f1d5f2#nev10187726n1" nevis:session-id="" qualifierinfotype="14:00" type="" xml:lang="en-US"><title>Activate coolan#@#@#23# 15.5</title><content gui="1" height="220" id="nev10187727n1-nev10187726n3" nevis:expl-profile="mdl644yr2000, mdl645yr2000, mdl644yr2003, mdl644yr2002, mdl645yr2002, mdl644yr1999, mdl644yr2001, mdl644yr2004, mdl645yr1999, mdl645yr2004, mdl645yr2003, mdl645yr2001" nevis:idfrom="nev10187727n1" nevis:prefix="nev10187727n1" nevis:profile="urn:x-nevis:profile:0b00c8af802065ab urn:x-nevis:profile:0b00c8af802065ad urn:x-nevis:profile:0b00c8af802065af urn:x-nevis:profile:0b00c8af802065b3 urn:x-nevis:profile:0b00c8af802065b8 urn:x-nevis:profile:0b00c8af802065bd urn:x-nevis:profile:0b00c8af802065bf urn:x-nevis:profile:0b00c8af802065c5 urn:x-nevis:profile:0b00c8af802065c6 urn:x-nevis:profile:0b00c8af802065ca urn:x-nevis:profile:0b00c8af802065cc urn:x-nevis:profile:0b00c8af802065e4" nevis:resource="0900c8af81f1d5f0" nevis:resource2="urn:x-nevis:fragment:0900c8af81de8b02:0900c8af81f1d5f0#nev10187726n3" width="395" xml:lang="en-US"><nodes id="nev10187727n1-nev10324151n1"><node class="Components.StartNode" id="nev10187727n1-nev10324152n1" nodeid="Start" x="14" y="204"/><node class="Components.ScriptButton" id="nev10187727n1-nev10324153n1" nodeid="Hide" x="56" y="740"><gui height="30" id="nev10187727n1-nev10324154n1" width="110" x="270" y="175"/><property class="String" id="nev10187727n1-nev10324155n1" name="Text" type="In" value="" visible="0"/><property class="String" id="nev10187727n1-nev10324156n1" name="StartDisabled" type="Internal" value="false" visible="1"/><extension id="nev10187727n1-nev10324157n1"><phrase category="Faulttracing" id="nev10187727n1-nev10187729n1" phrase-urn="urn:x-nevis:phrase:0800c8af81b6b138">Hide</phrase></extension></node><node class="Components.ScriptComponent" id="nev10187727n1-nev10324158n1" nodeid="CloseScript" x="198" y="869"/><node class="Components.VehComm" id="nev10187727n1-nev10324159n1" nodeid="StopDiagnosticSession" x="199" y="727"><property class="String" id="nev10187727n1-nev10324160n1" name="Mode" type="Internal" value="EcuType" visible="1"/><property class="Int" id="nev10187727n1-nev10324161n1" name="EcuType" type="In" value="284101" visible="0"/><property class="Int" id="nev10187727n1-nev10324162n1" name="ServiceId" type="In" value="27" visible="0"/><property class="String" id="nev10187727n1-nev10324163n1" name="EcuName" type="Out" value="" visible="1"/><property class="Response" id="nev10187727n1-nev10324164n1" name="Result" type="Out" value="" visible="1"/><extension id="nev10187727n1-nev10324165n1"/></node><node class="Components.ListField" id="nev10187727n1-nev10324166n1" nodeid="ListField1" x="324" y="553"><gui height="140" id="nev10187727n1-nev10324167n1" width="370" x="10" y="15"/><property class="String" id="nev10187727n1-nev10324168n1" name="Text" type="Out" value="" visible="1"/><property class="String" id="nev10187727n1-nev10324169n1" name="Tag" type="Out" value="" visible="1"/></node><node class="Components.Comparer" id="nev10187727n1-nev10324170n1" nodeid="Is1" x="465" y="559"><property class="String" id="nev10187727n1-nev10324171n1" name="Mode" type="Internal" value="String" visible="1"/><property class="String" id="nev10187727n1-nev10324172n1" name="Value1" type="In" value="" visible="1"/><property class="String" id="nev10187727n1-nev10324173n1" name="Value2" type="In" value="1" visible="0"/></node><node class="Components.VehComm" id="nev10187727n1-nev10324174n1" nodeid="1" x="636" y="474"><property class="String" id="nev10187727n1-nev10324175n1" name="Mode" type="Internal" value="EcuType" visible="1"/><property class="Int" id="nev10187727n1-nev10324176n1" name="EcuType" type="In" value="284101" visible="0"/><property class="Int" id="nev10187727n1-nev10324177n1" name="ServiceId" type="In" value="0" visible="0"/><property class="String" id="nev10187727n1-nev10324178n1" name="EcuName" type="Out" value="" visible="1"/><property class="Response" id="nev10187727n1-nev10324179n1" name="Result" type="Out" value="" visible="1"/><property class="String" id="nev10187727n1-nev10324180n1" name="Data" type="In" value="30E00004" visible="0"/><extension id="nev10187727n1-nev10324181n1"><insertparam id="nev10187727n1-nev10187769n1" name="Data"/></extension></node><node class="Components.VehComm" id="nev10187727n1-nev10324182n1" nodeid="2" x="637" y="621"><property class="String" id="nev10187727n1-nev10324183n1" name="Mode" type="Internal" value="EcuType" visible="1"/><property class="Int" id="nev10187727n1-nev10324184n1" name="EcuType" type="In" value="284101" visible="0"/><property class="Int" id="nev10187727n1-nev10324185n1" name="ServiceId" type="In" value="0" visible="0"/><property class="String" id="nev10187727n1-nev10324186n1" name="EcuName" type="Out" value="" visible="1"/><property class="Response" id="nev10187727n1-nev10324187n1" name="Result" type="Out" value="" visible="1"/><property class="String" id="nev10187727n1-nev10324188n1" name="Data" type="In" value="30E10004" visible="0"/><extension id="nev10187727n1-nev10324189n1"><insertparam id="nev10187727n1-nev10187778n1" name="Data"/></extension></node><node class="Components.VehComm" id="nev10187727n1-nev10324190n1" nodeid="Stop" x="359" y="175"><property class="String" id="nev10187727n1-nev10324191n1" name="Mode" type="Internal" value="EcuType" visible="1"/><property class="Int" id="nev10187727n1-nev10324192n1" name="EcuType" type="In" value="284101" visible="0"/><property class="Int" id="nev10187727n1-nev10324193n1" name="ServiceId" type="In" value="18" visible="0"/><property class="String" id="nev10187727n1-nev10324194n1" name="EcuName" type="Out" value="" visible="1"/><property class="Response" id="nev10187727n1-nev10324195n1" name="Result" type="Out" value="" visible="1"/><property class="String" id="nev10187727n1-nev10324196n1" name="Identifier" type="In" value="71" visible="0"/><extension id="nev10187727n1-nev10324197n1"><insertparam id="nev10187727n1-nev10187787n1" name="Identifier"/></extension></node><node class="Components.ScriptButton" id="nev10187727n1-nev10324198n1" nodeid="Activate" x="195" y="358"><gui height="30" id="nev10187727n1-nev10324199n1" width="110" x="10" y="175"/><property class="String" id="nev10187727n1-nev10324200n1" name="Text" type="In" value="" visible="0"/><property class="String" id="nev10187727n1-nev10324201n1" name="StartDisabled" type="Internal" value="false" visible="1"/><extension id="nev10187727n1-nev10324202n1"><phrase category="Faulttracing" id="nev10187727n1-nev10187737n1" phrase-urn="urn:x-nevis:phrase:0800c8af8178a387">Start Activate</phrase></extension></node><node class="Components.ScriptButton" id="nev10187727n1-nev10324203n1" nodeid="StopButton" x="208" y="162"><gui height="30" id="nev10187727n1-nev10324204n1" width="110" x="140" y="175"/><property class="String" id="nev10187727n1-nev10324205n1" name="Text" type="In" value="" visible="1"/><property class="String" id="nev10187727n1-nev10324206n1" name="StartDisabled" type="Internal" value="false" visible="1"/><extension id="nev10187727n1-nev10324207n1"><phrase category="Faulttracing" id="nev10187727n1-nev10187730n1" phrase-urn="urn:x-nevis:phrase:0800c8af81e83af2">Stop</phrase></extension></node><node class="Components.Constant" id="nev10187727n1-nev10324208n1" nodeid="PreHeater1" x="201" y="491"><property class="String" id="nev10187727n1-nev10324209n1" name="Text" type="Out" value="Förvärmningsrelä steg 1 På" visible="1"/><property class="String" id="nev10187727n1-nev10324210n1" name="Value" type="Out" value="1" visible="1"/><extension id="nev10187727n1-nev10324211n1"><text id="nev10187727n1-nev10187809n1" type="raw">Förvärmningsrel#@#@#6# 1 På</text></extension></node><node class="Components.Constant" id="nev10187727n1-nev10324212n1" nodeid="PreHeater2" x="202" y="592"><property class="String" id="nev10187727n1-nev10324213n1" name="Text" type="Out" value="Förvärmningsrelä steg 2 På" visible="1"/><property class="String" id="nev10187727n1-nev10324214n1" name="Value" type="Out" value="2" visible="1"/><extension id="nev10187727n1-nev10324215n1"><text id="nev10187727n1-nev10187814n1" type="raw">Förvärmningsrel#@#@#6# 2 På</text></extension></node></nodes><handlers id="nev10187727n1-nev10324216n1"><eventhandler id="nev10187727n1-nev10324217n1" name="OnStart" node="Start"><call id="nev10187727n1-nev10324218n1" method="Trigger" node="PreHeater1"/><call id="nev10187727n1-nev10324219n1" method="Trigger" node="PreHeater2"/><call id="nev10187727n1-nev10324220n1" method="Disable" node="Activate"/><call id="nev10187727n1-nev10324221n1" method="Disable" node="StopButton"/></eventhandler><eventhandler id="nev10187727n1-nev10324222n1" name="OnTrue" node="Is1"><call id="nev10187727n1-nev10324223n1" method="Execute" node="1"/></eventhandler><eventhandler id="nev10187727n1-nev10324224n1" name="SelectionChanged" node="ListField1"><call id="nev10187727n1-nev10324225n1" method="Enable" node="Activate"/></eventhandler><eventhandler id="nev10187727n1-nev10324226n1" name="Click" node="Hide"><call id="nev10187727n1-nev10324227n1" method="Execute" node="StopDiagnosticSession"/><call id="nev10187727n1-nev10324228n1" method="CloseDialog" node="CloseScript"/></eventhandler><eventhandler id="nev10187727n1-nev10324229n1" name="Click" node="Activate"><call id="nev10187727n1-nev10324230n1" method="Enable" node="StopButton"/><call id="nev10187727n1-nev10324231n1" method="Disable" node="Activate"/><call id="nev10187727n1-nev10324232n1" method="Compare" node="Is1"/></eventhandler><eventhandler id="nev10187727n1-nev10324233n1" name="Click" node="StopButton"><call id="nev10187727n1-nev10324234n1" method="Disable" node="StopButton"/><call id="nev10187727n1-nev10324235n1" method="Enable" node="Activate"/></eventhandler><eventhandler id="nev10187727n1-nev10324236n1" name="OnFalse" node="Is1"><call id="nev10187727n1-nev10324237n1" method="Execute" node="2"/></eventhandler><eventhandler id="nev10187727n1-nev10324238n1" name="OnTrigger" node="PreHeater1"><call id="nev10187727n1-nev10324239n1" method="AddItem" node="ListField1"><parameter id="nev10187727n1-nev10324240n1" node="PreHeater1" property="Text"/><parameter id="nev10187727n1-nev10324241n1" node="PreHeater1" property="Value"/></call></eventhandler><eventhandler id="nev10187727n1-nev10324242n1" name="OnTrigger" node="PreHeater2"><call id="nev10187727n1-nev10324243n1" method="AddItem" node="ListField1"><parameter id="nev10187727n1-nev10324244n1" node="PreHeater2" property="Text"/><parameter id="nev10187727n1-nev10324245n1" node="PreHeater2" property="Value"/></call></eventhandler><propertyhandler id="nev10187727n1-nev10324246n1" name="Tag" node="ListField1"><set id="nev10187727n1-nev10324247n1" node="Is1" property="Value1"/></propertyhandler></handlers></content></script>