<?xml version="1.0" encoding="UTF-8"?><servinfosub IE-ID="en-US0900c8af804a4b02" docno="VCC-093448" id="KC01423190" xml:lang="en-US">
<title>
<phrase category="" id="KC07303991" phrase-urn="urn:x-nevis:phrase:0800c8af81aa874b">SRS-00D3 Diagno#@#@#24#ation</phrase>
</title>
<diagnostic type="condition">
<condgrp>
<condition type="condition">
<list1>
<item>
<ptxt>
<phrase category="" id="KC07303992" phrase-urn="urn:x-nevis:phrase:0800c8af81aa874c">If the crash ou#@#@#115#ayed.</phrase>
</ptxt>
</item>
</list1>
</condition>
</condgrp>
<condgrp>
<condition type="substitution">
<list1>
<item>
<ptxt>
<phrase category="" id="KC07303993" phrase-urn="urn:x-nevis:phrase:0800c8af81aa874d">Nothing.</phrase>
</ptxt>
</item>
</list1>
</condition>
<ps>
<list1>
<item>
<ptxt>
<phrase category="" id="KC07303994" phrase-urn="urn:x-nevis:phrase:0800c8af81aa874e">Short circuit t#@#@#33#wire.</phrase>
</ptxt>
</item>
</list1>
</ps>
</condgrp>
<condgrp>
<condition type="symptom">
<list1>
<item>
<ptxt>
<phrase category="" id="KC07303995" phrase-urn="urn:x-nevis:phrase:0800c8af81aa874f">Orange general #@#@#14#s on.</phrase>
</ptxt>
</item>
</list1>
</condition>
</condgrp>
</diagnostic>
</servinfosub>