<?xml version="1.0" encoding="UTF-8"?><servinfosub IE-ID="en-US0900c8af817dcb02" docno="VCC-159447" id="KC06253035" xml:lang="en-US">
<title>
<phrase category="" id="KC09542157" phrase-urn="urn:x-nevis:phrase:0800c8af8271cb20">Configuration fault</phrase>
</title>
<diagnostic type="test">
<testgrp IE-ID="en-US0900c8af817dcb02_KC06259968" id="KC06259968" j2008use="1" paperuse="1" resumable="1" screenuse="1" testgrp-id="s1" x="120" y="120">
<title>
<phrase category="" id="KC09542158" phrase-urn="urn:x-nevis:phrase:0800c8af8271cb21">Checking the co#@#@#2#onent</phrase>
</title>
<node>
<test1>
<warning>
<ptxt>
<phrase category="" id="KC09542159" phrase-urn="urn:x-nevis:phrase:0800c8af8271cb22">Under no circum#@#@#156#bag! </phrase>
</ptxt>
</warning>
<caution>
<ptxt>
<phrase category="" id="KC09542160" phrase-urn="urn:x-nevis:phrase:0800c8af8271cb23">Do not touch th#@#@#165#RS). </phrase>
</ptxt>
</caution>
<diaglist>
<dgraphic>
<dgraphic1>
<graphic id="KC09542161">
<href>0900c8af80054d4#@#@#9#.jpeg</href>
</graphic>
</dgraphic1>
<dgraphic2>
<graphic id="KC09542162">
<href>0900c8af80054d7#@#@#9#.jpeg</href>
</graphic>
</dgraphic2>
</dgraphic>
<ditem>
<ptxt>
<phrase category="" id="KC09542163" phrase-urn="urn:x-nevis:phrase:0800c8af8271cb24">Switch off the #@#@#20#conds</phrase>
</ptxt>
</ditem>
<ditem>
<ptxt>
<phrase category="" id="KC09542164" phrase-urn="urn:x-nevis:phrase:0800c8af8271cb26">Check whether t#@#@#43#ected</phrase>
</ptxt>
</ditem>
<ditem>
<ptxt>
<phrase category="" id="KC09542165" phrase-urn="urn:x-nevis:phrase:0800c8af8271cb27">Disconnect the #@#@#34#age 3</phrase>
</ptxt>
</ditem>
<ditem>
<ptxt>
<phrase category="" id="KC09542166" phrase-urn="urn:x-nevis:phrase:0800c8af8271cb28">Disconnect the #@#@#57#SRS).</phrase>
</ptxt>
</ditem>
</diaglist>
<test2>
<para>
<ptxt>
<phrase category="" id="KC09542167" phrase-urn="urn:x-nevis:phrase:0800c8af8271cb2a">Check the conne#@#@#307#ring.</phrase>
</ptxt>
</para>
<para>
<ptxt>
<phrase category="" id="KC09542168" phrase-urn="urn:x-nevis:phrase:0800c8af8271cb2b">Remedy as necessary.</phrase>
</ptxt>
</para>
<para>
<ptxt>
<phrase category="" id="KC09542169" phrase-urn="urn:x-nevis:phrase:0800c8af8271cb2c">Check that the #@#@#70# car.</phrase>
</ptxt>
</para>
<list1 enumtype="d" type="unordered">
<item>
<ptxt>
<phrase category="" id="KC09542170" phrase-urn="urn:x-nevis:phrase:0800c8af8271cb2d">Connect the con#@#@#25#irbag</phrase>
</ptxt>
</item>
<item>
<ptxt>
<phrase category="" id="KC09542171" phrase-urn="urn:x-nevis:phrase:0800c8af8271cb2e"> Connect the co#@#@#53#(SRS)</phrase>
</ptxt>
</item>
<item>
<ptxt>
<phrase category="" id="KC09542172" phrase-urn="urn:x-nevis:phrase:0800c8af8271cb2f">Switch on the i#@#@#19#conds</phrase>
</ptxt>
</item>
<item>
<ptxt>
<phrase category="" id="KC09542173" phrase-urn="urn:x-nevis:phrase:0800c8af8271cb30">Read off by cli#@#@#20#mbol.</phrase>
</ptxt>
</item>
</list1>
<para>
<ptxt>
<phrase category="" id="KC09542174" phrase-urn="urn:x-nevis:phrase:0800c8af8271cb31">If no fault is #@#@#29#dule.</phrase>
</ptxt>
</para>
<list1 enumtype="d" type="unordered">
<title>
<phrase category="" id="KC09542175" phrase-urn="urn:x-nevis:phrase:0800c8af8271cb32">Other information</phrase>
</title>
<item>
<ptxt>
<phrase category="" id="KC09542176" phrase-urn="urn:x-nevis:phrase:0800c8af8271cb33">
<xref>
<ref id="KC09542177"/>
</xref>
</phrase>
</ptxt>
</item>
<item>
<ptxt>
<phrase category="" id="KC09542178" phrase-urn="urn:x-nevis:phrase:0800c8af8271cb34">
<xref>
<ref id="KC09542179"/>
</xref>
</phrase>
</ptxt>
</item>
<item>
<ptxt>
<phrase category="" id="KC09542180" phrase-urn="urn:x-nevis:phrase:0800c8af8271cb35">For further inf#@#@#61#agram</phrase>
</ptxt>
</item>
<item>
<ptxt>
<phrase category="" id="KC09542181" phrase-urn="urn:x-nevis:phrase:0800c8af8271cb36">
<xref>
<ref id="KC09542182"/>
</xref>
</phrase>
</ptxt>
</item>
<item>
<ptxt>
<phrase category="" id="KC09542183" phrase-urn="urn:x-nevis:phrase:0800c8af8271cb37">
<xref>
<ref id="KC09542184"/>
</xref>
</phrase>
</ptxt>
</item>
<item>
<ptxt>
<phrase category="" id="KC09542185" phrase-urn="urn:x-nevis:phrase:0800c8af8271cb38">Disassembling c#@#@#6#ors: <xref>
<ref id="KC09542186"/>
</xref>
</phrase>
</ptxt>
</item>
<item>
<ptxt>
<phrase category="" id="KC09542187" phrase-urn="urn:x-nevis:phrase:0800c8af8271cb39">
<xref>
<ref id="KC09542188"/>
</xref>
</phrase>
</ptxt>
</item>
</list1>
<diaglist>
<dgraphic>
<dgraphic2>
<graphic id="KC09542189">
<href>0900c8af86c8681#@#@#9#.jpeg</href>
</graphic>
<smarttool active="press" id="KC09542190" toolname="XSRSIDB9"/>
</dgraphic2>
</dgraphic>
<ditem>
<ditemtext>
<ptxt>
<phrase category="" id="KC09542191" phrase-urn="urn:x-nevis:phrase:0800c8af8271cb3a"/>
</ptxt>
</ditemtext>
</ditem>
</diaglist>
</test2>
</test1>
<question>
Select "Contin#@#@#34#ed. 
</question>
<resact-grp>
<result button="cont" comp="button" highlight="0"/>
<action j2008use="1" paperuse="1" screenuse="1">
<ptxt>
<xref>
<ref id="KC09542193"/>
</xref>
</ptxt>
</action>
</resact-grp>
</node>
</testgrp>
<testgrp id="KC06259969" j2008use="1" paperuse="1" resumable="1" screenuse="1" testgrp-id="veri" x="120" y="280">
<title>
<phrase category="" id="KC09542194" phrase-urn="urn:x-nevis:phrase:0800c8af8271cb3c">Verification</phrase>
</title>
<subcalloutnode>
<diagcallout>
<xref>
<ref id="KC09542195"/>
</xref>
</diagcallout>
<rescall-grp>
<result comp="string" highlight="0" op="eq" return="VERIFIED"/>
<calloutaction>
<return value="FAULT FOUND"/>
</calloutaction>
</rescall-grp>
<rescall-grp>
<result comp="string" highlight="0" op="eq" return="VERIFICATION FAILED"/>
<calloutaction>
<ptxt>
<xref>
<ref id="KC09542196"/>
</xref>
</ptxt>
</calloutaction>
</rescall-grp>
</subcalloutnode>
</testgrp>
<testgrp id="KC06259970" j2008use="1" paperuse="1" resumable="1" screenuse="1" testgrp-id="info1" x="280" y="120">
<title>
<phrase category="" id="KC09542197" phrase-urn="urn:x-nevis:phrase:0800c8af8271cb3d">Fault-tracing i#@#@#5#ation</phrase>
</title>
<subcalloutnode>
<diagcallout>
<xref>
<ref id="KC09542198"/>
</xref>
</diagcallout>
<rescall-grp>
<result comp="string" highlight="0" op="eq" return="FAULTTRACING FAILED"/>
<calloutaction>
<return value="FAULT NOT FOUND"/>
</calloutaction>
</rescall-grp>
<rescall-grp>
<result comp="string" highlight="0" op="eq" return="NEW TRY"/>
<calloutaction>
<ptxt>
<xref>
<ref id="KC09542199"/>
</xref>
</ptxt>
</calloutaction>
</rescall-grp>
</subcalloutnode>
</testgrp>
</diagnostic>
</servinfosub>