<?xml version="1.0" encoding="UTF-8"?><servinfosub IE-ID="en-US0900c8af862feb02" docno="VCC-462388" id="nev19350213n1" original="sv-SE" servinfosubId="nev20689224n1-nev20689224n2" servinfosubRes="0900c8af8630dba3" servinfosubRes2="urn:x-nevis:fragment:0900c8af862feb02:0900c8af8630dba3#nev20689224n2" xml:lang="en-US">
<title id="nev19350213n2">Diagnostic functions</title>
<topic id="nev20689224n1-nev19350213n3">
<title id="nev20689224n1-nev19350213n4">General</title>
<para id="nev20689224n1-nev19350213n5">
<ptxt id="nev20689224n1-nev19350213n6">The Accessory C#@#@#115#puts.</ptxt>
</para>
</topic>
<topic id="nev20689224n1-nev19350213n7">
<title id="nev20689224n1-nev19350213n8">Diagnostic trou#@#@#11#DTCs)</title>
<para id="nev20689224n1-nev19350213n9">
<ptxt id="nev20689224n1-nev19350213n10">The Accessory C#@#@#82#ents:</ptxt>
</para>
<list1 enumtype="d" id="nev20689224n1-nev19367626n248" type="unordered">
<item id="nev20689224n1-nev19367626n247">
<ptxt id="nev20689224n1-nev19367626n246">USB port</ptxt>
</item>
<item id="nev20689224n1-nev19367626n245">
<ptxt id="nev20689224n1-nev19367626n244">Holder for SD card</ptxt>
</item>
<item id="nev20689224n1-nev19367626n243">
<ptxt id="nev20689224n1-nev19367626n242">
<literal id="nev20689224n1-nev20735916n250">Touch panel</literal>
</ptxt>
</item>
<item id="nev20689224n1-nev19367626n241">
<ptxt id="nev20689224n1-nev19367626n240">Input for microphone</ptxt>
</item>
<item id="nev20689224n1-nev19367626n239">
<ptxt id="nev20689224n1-nev19367626n238">WiFi antenna</ptxt>
</item>
<item id="nev20689224n1-nev19367626n237">
<ptxt id="nev20689224n1-nev19367626n236">Input for GPS a#@#@#1#tenna</ptxt>
</item>
<item id="nev20689224n1-nev19367626n235">
<ptxt id="nev20689224n1-nev19367626n234">Memory and processor</ptxt>
</item>
</list1>
</topic>
<topic id="nev20689224n1-nev19350214n3">
<title id="nev20689224n1-nev19350214n4">Reading out Dia#@#@#24#TCs).</title>
<para id="nev20689224n1-nev20735961n247">
<title id="nev20689224n1-nev20735961n245">Accessing readouts</title>
<ptxt id="nev20689224n1-nev20735961n246">Integrated diag#@#@#74#nits.</ptxt>
<ptxt id="nev20689224n1-nev20735961n244">Enter the follo#@#@#27#pad: <literal id="nev20689224n1-nev20735961n243">#342400#</literal>.</ptxt>
</para>
<para id="nev20689224n1-nev20735961n242">
<ptxt id="nev20689224n1-nev20735961n241">The fault at th#@#@#209#cted.</ptxt>
</para>
<para id="nev20689224n1-nev20735961n240">
<title id="nev20689224n1-nev20735961n238">Readout format</title>
<ptxt id="nev20689224n1-nev20735961n239"> The readout fo#@#@#60#atus.</ptxt>
</para>
<para id="nev20689224n1-nev20735961n237">
<ptxt id="nev20689224n1-nev20735961n236">Faults can be d#@#@#17#g to:</ptxt>
<ptxt id="nev20689224n1-nev20735961n235">
<literal id="nev20689224n1-nev20735970n250">”20 12 12:17 20#@#@#26#und”.</literal>
</ptxt>
</para>
<para id="nev20689224n1-nev20735961n234">
<ptxt id="nev20689224n1-nev20735961n233">If no fault is #@#@#28#n is <literal id="nev20689224n1-nev20735970n249">“START Diagnosis”</literal>. Such a readou#@#@#23#g to:</ptxt>
<ptxt id="nev20689224n1-nev20735961n232">
<literal id="nev20689224n1-nev20735970n248">”05 12 13:35 20#@#@#15#sis”.</literal>
</ptxt>
</para>
</topic>
<topic id="nev20689224n1-nev19350215n5">
<title id="nev20689224n1-nev19350215n6">Reading off the#@#@#25#ation</title>
<para id="nev20689224n1-nev19350215n7">
<ptxt id="nev20689224n1-nev19350215n8">The following m#@#@#71#ACU).</ptxt>
</para>
<list1 enumtype="d" id="nev20689224n1-nev19350215n10" type="unordered">
<item id="nev20689224n1-nev19350216n1">
<ptxt id="nev20689224n1-nev19350216n2">
<literal id="nev20689224n1-nev20735916n249">Update Product</literal>
</ptxt>
</item>
<item id="nev20689224n1-nev19350216n3">
<ptxt id="nev20689224n1-nev19350216n4">
<literal id="nev20689224n1-nev20735916n248">Software version</literal>
</ptxt>
</item>
<item id="nev20689224n1-nev19350216n5">
<ptxt id="nev20689224n1-nev19350216n6">
<literal id="nev20689224n1-nev20735916n247">Legal information</literal>
</ptxt>
</item>
<item id="nev20689224n1-nev19350216n7">
<ptxt id="nev20689224n1-nev19350216n8">
<literal id="nev20689224n1-nev20735916n246">Model number</literal>
</ptxt>
</item>
<item id="nev20689224n1-nev19367626n225">
<ptxt id="nev20689224n1-nev19367626n224">
<literal id="nev20689224n1-nev20735916n245">Android version</literal>
</ptxt>
</item>
<item id="nev20689224n1-nev19367626n223">
<ptxt id="nev20689224n1-nev19367626n222">
<literal id="nev20689224n1-nev20735916n244">Baseband version</literal>
</ptxt>
</item>
<item id="nev20689224n1-nev19367626n221">
<ptxt id="nev20689224n1-nev19367626n220">
<literal id="nev20689224n1-nev20735916n243">Kernel version</literal>
</ptxt>
</item>
<item id="nev20689224n1-nev19367626n219">
<ptxt id="nev20689224n1-nev19367626n218">
<literal id="nev20689224n1-nev20735916n242">Build number</literal>
</ptxt>
</item>
<item id="nev20689224n1-nev19367626n217">
<ptxt id="nev20689224n1-nev19367626n216">
<literal id="nev20689224n1-nev20735916n241">Build ID</literal>
</ptxt>
</item>
<item id="nev20689224n1-nev19367626n215">
<ptxt id="nev20689224n1-nev19367626n214">
<literal id="nev20689224n1-nev20735916n240">Serial number</literal>
</ptxt>
</item>
<item id="nev20689224n1-nev19367626n213">
<ptxt id="nev20689224n1-nev19367626n212">
<literal id="nev20689224n1-nev20735916n239">LIN Controller #@#@#2#rsion</literal>
</ptxt>
</item>
<item id="nev20689224n1-nev19367626n211">
<ptxt id="nev20689224n1-nev19367626n210">
<literal id="nev20689224n1-nev20735916n238">LIN Controller #@#@#10#rsion</literal>
</ptxt>
</item>
</list1>
</topic>
</servinfosub>