<?xml version="1.0" encoding="UTF-8"?><servinfosub IE-ID="en-US0900c8af84fc371f" docno="VCC-370292" id="nev13712076n1" original="sv-SE" servinfosubId="nev13712077n1-nev15801032n1" servinfosubRes="0900c8af8511ea4d" servinfosubRes2="urn:x-nevis:fragment:0900c8af84fc371f:0900c8af8511ea4d#nev15801032n1" xml:lang="en-US">
<operationnumbers>
<operationnumber>23712-2</operationnumber>
</operationnumbers>
<title id="nev13712073n82">Fuel rail</title>
<procedure id="nev13712077n1-nev16065695n54">
<stepgrp boilerplate="false" context="" id="nev13712077n1-nev16202470n83">
<title id="nev13712077n1-0800c8af844a46f7">Removal and Ins#@#@#4#ation</title>
<procstep id="nev13712077n1-nev16065695n65">
<para id="nev13712077n1-nev16202470n81">
<ptxt id="nev13712077n1-nev16202470n82">Remove the fuel rail<xref boilerplate="true" id="nev13712077n1-0800c8af84611942">
<ref id="nev13712077n1-nev16065695n46"/>
</xref>
</ptxt>
</para>
</procstep>
</stepgrp>
</procedure>
</servinfosub>