<?xml version="1.0" encoding="UTF-8"?><servinfosub IE-ID="en-US0900c8af8493c71f" docno="VCC-159976" id="KC06264954" xml:lang="en-US">
<title>
<phrase category="" id="KC09547968" phrase-urn="urn:x-nevis:phrase:0800c8af8271dae5">Incorrect value</phrase>
</title>
<diagnostic layout="1" type="test">
<testgrp IE-ID="en-US0900c8af8493c71f_nev10793268n100" id="nev10793268n100" j2008use="1" paperuse="0" resumable="1" screenuse="1" testgrp-id="Node1" x="280" y="100">
<title id="nev10793268n99">
<phrase category="Title" id="nev10793270n1" phrase-urn="urn:x-nevis:phrase:0800c8af8032d32b">Information</phrase>
</title>
<node id="nev10793268n98">
<test1 id="nev10793268n97">
<note id="nev10793268n84">
<ptxt id="nev10793268n83">
<phrase category="Faulttracing" id="nev10794234n1" phrase-urn="urn:x-nevis:phrase:0800c8af82778dca">The diagnostic #@#@#63#tch).</phrase>
</ptxt>
<ptxt id="nev10793268n81">
<phrase category="Faulttracing" id="nev10794236n1" phrase-urn="urn:x-nevis:phrase:0800c8af82778dd2">Check the AOC-u#@#@#19#ages.</phrase>
<phrase category="Faulttracing" id="nev10794237n1" phrase-urn="urn:x-nevis:phrase:0800c8af82a68b8d">Listen for noise.</phrase>
</ptxt>
<ptxt id="nev10793268n78">
<phrase category="Faulttracing" id="nev10794238n1" phrase-urn="urn:x-nevis:phrase:0800c8af81eb91e6">Check the oil l#@#@#44#ing).</phrase>
</ptxt>
</note>
</test1>
<question id="nev10793268n96">
Select Continue.
</question>
<resact-grp id="nev10793268n90">
<result button="cont" comp="button" highlight="0" id="nev10793268n89"/>
<action id="nev10793268n88" j2008use="1" paperuse="0" screenuse="1">
<ptxt id="nev10793268n87">
<xref id="nev10793268n86">
<ref id="nev10793268n85"/>
</xref>
</ptxt>
</action>
</resact-grp>
</node>
</testgrp>
<testgrp id="nev10793268n95" j2008use="1" paperuse="0" resumable="1" screenuse="1" testgrp-id="Node2" x="280" y="220">
<title id="nev10793268n94">
<phrase category="Title" id="nev10794239n1" phrase-urn="urn:x-nevis:phrase:0800c8af81eb9b6a">Checking components</phrase>
</title>
<node id="nev10793268n93">
<test1 id="nev10793268n92">
<diaglist id="nev10793268n54">
<dgraphic id="nev10793268n53">
<dgraphic1 id="nev10793268n52">
<graphic id="l1107431877736">
<href>0900c8af80054d3#@#@#9#.jpeg</href>
</graphic>
</dgraphic1>
</dgraphic>
<ditem id="nev10793268n47">
<ptxt id="nev10793268n46">
<phrase category="Preparatory" id="nev10794251n1" phrase-urn="urn:x-nevis:phrase:0800c8af81eb9774">Engine idling.</phrase>
</ptxt>
</ditem>
</diaglist>
<test2 id="nev10793268n50">
<grate id="nev10793268n49">
<graphic id="l1107431960497">
<href>0900c8af81ada89#@#@#9#.jpeg</href>
</graphic>
<graphtext id="nev10793268n44">
<para id="nev10793268n42">
<ptxt id="nev10793268n41">
<phrase category="Faulttracing" id="nev10794515n1" phrase-urn="urn:x-nevis:phrase:0800c8af82778ecd">Check the funct#@#@#15#pump.</phrase>
</ptxt>
<ptxt id="nev10794510n99">
<phrase category="Faulttracing" id="nev10794517n1" phrase-urn="urn:x-nevis:phrase:0800c8af81eb9316">Listen using a #@#@#44# ear.</phrase>
<phrase category="Faulttracing" id="nev10794518n1" phrase-urn="urn:x-nevis:phrase:0800c8af82778ed5">The oil pump mo#@#@#30#htly.</phrase>
</ptxt>
</para>
<note id="nev10794510n96">
<ptxt id="nev10794510n95">
<phrase category="Faulttracing" id="nev10794521n1" phrase-urn="urn:x-nevis:phrase:0800c8af82778f6b">The pump motor #@#@#63#ates.</phrase>
</ptxt>
</note>
</graphtext>
</grate>
</test2>
</test1>
<question id="nev10793268n91">
Is the feed pu#@#@#7#ing?
</question>
<resact-grp id="nev10793268n76">
<result button="yes" comp="button" highlight="0" id="nev10793268n75"/>
<action id="nev10793268n62" j2008use="1" paperuse="0" screenuse="1">
<ptxt id="nev10793268n61">
<xref id="nev10793268n60">
<ref id="nev10793268n59"/>
</xref>
</ptxt>
</action>
</resact-grp>
<resact-grp id="nev10793268n74">
<result button="no" comp="button" highlight="0" id="nev10793268n73"/>
<action id="nev10793268n58" j2008use="1" paperuse="0" screenuse="1">
<ptxt id="nev10793268n57">
<xref id="nev10793268n56">
<ref id="nev10793268n55"/>
</xref>
</ptxt>
</action>
</resact-grp>
</node>
</testgrp>
<testgrp id="nev10793268n72" j2008use="1" paperuse="0" resumable="1" screenuse="1" testgrp-id="Node3" x="380" y="380">
<title id="nev10793268n71">
<phrase category="Title" id="nev10794242n1" phrase-urn="urn:x-nevis:phrase:0800c8af8032d32b">Information</phrase>
</title>
<node id="nev10793268n70">
<test1 id="nev10793268n69">
<note id="nev10794510n93">
<ptxt id="nev10794510n92">
<phrase category="Preparatory" id="nev10794580n1" phrase-urn="urn:x-nevis:phrase:0800c8af81eb971a">The brake contr#@#@#78#DEM).</phrase>
<phrase category="Faulttracing" id="nev10968504n1" phrase-urn="urn:x-nevis:phrase:0800c8af82ae4867">For example, in#@#@#151#DTC).</phrase>
<phrase category="Faulttracing" id="nev10794625n1" phrase-urn="urn:x-nevis:phrase:0800c8af827791ed">Therefore, trou#@#@#86#sors.</phrase>
</ptxt>
</note>
</test1>
<question id="nev10793268n68">
Select Continue.
</question>
<resact-grp id="nev10794510n83">
<result button="cont" comp="button" highlight="0" id="nev10794510n82"/>
<action id="nev10794510n81" j2008use="1" paperuse="0" screenuse="1">
<ptxt id="nev10794510n80">
<xref id="nev10794510n79">
<ref id="nev10794510n78"/>
</xref>
</ptxt>
</action>
</resact-grp>
</node>
</testgrp>
<testgrp id="nev10793268n67" j2008use="1" paperuse="0" resumable="1" screenuse="1" testgrp-id="Node4" x="180" y="380">
<title id="nev10793268n66">
<phrase category="Title" id="nev10794243n1" phrase-urn="urn:x-nevis:phrase:0800c8af81eabd0e">Checking the co#@#@#14#ables</phrase>
</title>
<node id="nev10793268n65">
<test1 id="nev10793268n64">
<diaglist id="nev10794510n77">
<dgraphic id="nev10794510n76">
<dgraphic1 id="nev10794510n75">
<graphic id="l1107438912227">
<href>0900c8af80054d4#@#@#9#.jpeg</href>
</graphic>
</dgraphic1>
</dgraphic>
<ditem id="nev10794510n66">
<ptxt id="nev10794510n65">
<phrase category="Preparatory" id="nev10794630n1" phrase-urn="urn:x-nevis:phrase:0800c8af81e9eaf8">Ignition off.</phrase>
</ptxt>
</ditem>
</diaglist>
<test2 id="nev10794510n73">
<para id="nev10795208n100">
<ptxt id="nev10795208n99">
<phrase category="Faulttracing" id="nev10795224n1" phrase-urn="urn:x-nevis:phrase:0800c8af82781b1b">Check the conne#@#@#116#tion.</phrase>
</ptxt>
<ptxt id="nev10795208n97">
<phrase category="Faulttracing" id="nev10795226n1" phrase-urn="urn:x-nevis:phrase:0800c8af82781b35">Check the lead #@#@#73#mage.</phrase>
</ptxt>
</para>
<para id="nev10795208n95">
<ptxt id="nev10795208n94">
<phrase category="Faulttracing" id="nev10795227n1" phrase-urn="urn:x-nevis:phrase:0800c8af81eb9476">Reinstall the c#@#@#21# etc.</phrase>
</ptxt>
</para>
<diaglist id="nev10794510n72">
<dgraphic id="nev10794510n71">
<dgraphic1 id="nev10794510n70">
<graphic id="l1107438976086">
<href>0900c8af8005d26#@#@#9#.jpeg</href>
</graphic>
</dgraphic1>
</dgraphic>
<ditem id="nev10795208n92">
<ptxt id="nev10795208n91">
<phrase category="Preparatory" id="nev10795228n1" phrase-urn="urn:x-nevis:phrase:0800c8af81eb9774">Engine idling.</phrase>
</ptxt>
</ditem>
</diaglist>
<grate id="nev10794510n68">
<graphic id="l1107438995100">
<href>0900c8af8162137#@#@#9#.jpeg</href>
</graphic>
<graphtext id="nev10795208n89">
<para id="nev10795208n87">
<ptxt id="nev10795208n86">
<phrase category="Faulttracing" id="nev10795229n1" phrase-urn="urn:x-nevis:phrase:0800c8af82778ecd">Check the funct#@#@#15#pump.</phrase>
</ptxt>
<ptxt id="nev10795208n84">
<phrase category="Faulttracing" id="nev10795230n1" phrase-urn="urn:x-nevis:phrase:0800c8af81eb9316">Listen using a #@#@#44# ear.</phrase>
<phrase category="Faulttracing" id="nev10795231n1" phrase-urn="urn:x-nevis:phrase:0800c8af82778ed5">The oil pump mo#@#@#30#htly.</phrase>
</ptxt>
</para>
<note id="nev10795208n80">
<ptxt id="nev10795208n79">
<phrase category="Faulttracing" id="nev10795232n1" phrase-urn="urn:x-nevis:phrase:0800c8af82778f6b">The pump motor #@#@#63#ates.</phrase>
</ptxt>
</note>
<para id="nev10795208n77">
<ptxt id="nev10795208n76">
<phrase category="Faulttracing" id="nev10795233n1" phrase-urn="urn:x-nevis:phrase:0800c8af81ea4b6b">Remedy as necessary.</phrase>
</ptxt>
</para>
<list1 id="nev10795208n74">
<title id="nev10795208n73">
<phrase category="Title" id="nev10795234n1" phrase-urn="urn:x-nevis:phrase:0800c8af81ea4cd6">Other information</phrase>
</title>
<item id="nev10795208n71">
<ptxt id="nev10795208n69">
<xref id="nev10795208n68">
<ref id="l1107500802501"/>
</xref>
</ptxt>
</item>
<item id="nev10795208n66">
<ptxt id="nev10795208n65">
<xref id="nev10795208n64">
<ref id="l1107500837657"/>
</xref>
</ptxt>
</item>
<item id="nev10795208n62">
<ptxt id="nev10795208n61">
<xref id="nev10795208n60">
<ref id="l1107500866032"/>
</xref>
</ptxt>
</item>
<item id="nev10795208n58">
<ptxt id="nev10795208n57">
<xref id="nev10795208n56">
<ref id="l1107501127093"/>
</xref>
</ptxt>
</item>
</list1>
</graphtext>
</grate>
</test2>
</test1>
<question id="nev10793268n63">
Is the feed pu#@#@#7#ing?
</question>
<resact-grp id="nev10795208n54">
<result button="yes" comp="button" highlight="0" id="nev10795208n53"/>
<action id="nev10795208n45" j2008use="1" paperuse="0" screenuse="1">
<ptxt id="nev10795208n44">
<xref id="nev10795208n43">
<ref id="nev10795208n42"/>
</xref>
</ptxt>
</action>
</resact-grp>
<resact-grp id="nev10795208n52">
<result button="no" comp="button" highlight="0" id="nev10795208n51"/>
<action id="nev10795208n37" j2008use="1" paperuse="0" screenuse="1">
<ptxt id="nev10795208n36">
<xref id="nev10795208n35">
<ref id="nev10795208n34"/>
</xref>
</ptxt>
</action>
</resact-grp>
</node>
</testgrp>
<testgrp id="nev10794510n88" j2008use="1" paperuse="0" resumable="1" screenuse="1" testgrp-id="Node5" x="480" y="540">
<title id="nev10794510n87">
<phrase category="Title" id="nev10799210n1" phrase-urn="urn:x-nevis:phrase:0800c8af81eb9b1b">Checking the fu#@#@#1#ction</phrase>
</title>
<node id="nev10794510n86">
<test1 id="nev10794510n85">
<note id="nev10795208n5">
<ptxt id="nev10795208n4">
<phrase category="Faulttracing" id="nev10795381n1" phrase-urn="urn:x-nevis:phrase:0800c8af82781c19">Reading out of #@#@#86#eted.</phrase>
<phrase category="Faulttracing" id="nev10795383n1" phrase-urn="urn:x-nevis:phrase:0800c8af82781c21">Therefore froze#@#@#60#lace.</phrase>
</ptxt>
</note>
<diaglist id="nev10795208n18">
<dgraphic id="nev10795208n17">
<dgraphic1 id="nev10795208n16">
<graphic id="l1107502484842">
<href>0900c8af80054d5#@#@#9#.jpeg</href>
</graphic>
</dgraphic1>
</dgraphic>
<ditem id="nev10795208n1">
<ptxt id="nev10795384n100">
<phrase category="Preparatory" id="nev10795386n1" phrase-urn="urn:x-nevis:phrase:0800c8af8031b478">Ignition on.</phrase>
</ptxt>
</ditem>
</diaglist>
<test2 id="nev10795208n14">
<para id="nev10795384n97">
<ptxt id="nev10795384n96">
<phrase category="Faulttracing" id="nev10795388n1" phrase-urn="urn:x-nevis:phrase:0800c8af82781c27">Read the oil pr#@#@#38#tion.</phrase>
</ptxt>
<ptxt id="nev10795384n94">
<phrase category="Faulttracing" id="nev10795389n1" phrase-urn="urn:x-nevis:phrase:0800c8af82781c3a">At ignition on #@#@#39# MPa.</phrase>
</ptxt>
</para>
<diaglist id="nev10795208n11">
<dgraphic id="nev10795208n10">
<dgraphic2 id="nev10795208n9">
<graphic id="l1107503377548">
<href>0900c8af86c8681#@#@#9#.jpeg</href>
</graphic>
<smarttool active="press" id="l1107503354438"/>
</dgraphic2>
</dgraphic>
<ditem id="nev10795384n92">
<ptxt id="nev10795384n91">
<phrase category="Preparatory" id="nev10795390n1" phrase-urn="urn:x-nevis:phrase:0800c8af81eb9774">Engine idling.</phrase>
</ptxt>
</ditem>
</diaglist>
<grate id="nev10795208n13">
<graphic id="l1107503327296">
<href>0900c8af82781c0#@#@#9#.jpeg</href>
</graphic>
<graphtext id="nev10795384n89">
<para id="nev10795384n87">
<ptxt id="nev10795384n86">
<phrase category="Faulttracing" id="nev10795391n1" phrase-urn="urn:x-nevis:phrase:0800c8af82781c5e">For engine at i#@#@#49# MPa.</phrase>
</ptxt>
</para>
</graphtext>
</grate>
</test2>
</test1>
<question id="nev10794510n84">
Is the functio#@#@#1# OK?
</question>
<resact-grp id="nev10795384n84">
<result button="yes" comp="button" highlight="0" id="nev10795384n83"/>
<action id="nev10795384n80" j2008use="1" paperuse="0" screenuse="1">
<ptxt id="nev10795384n79">
<xref id="nev10795384n78">
<ref id="nev10795384n77"/>
</xref>
</ptxt>
</action>
</resact-grp>
<resact-grp id="nev10795384n82">
<result button="no" comp="button" highlight="0" id="nev10795384n81"/>
<action id="nev10795384n76" j2008use="1" paperuse="0" screenuse="1">
<ptxt id="nev10795384n75">
<xref id="nev10795384n74">
<ref id="nev10795384n73"/>
</xref>
</ptxt>
</action>
</resact-grp>
</node>
</testgrp>
<testgrp id="nev10795208n50" j2008use="1" paperuse="0" resumable="1" screenuse="1" testgrp-id="Verifnode" x="280" y="540">
<title id="nev10795208n49">
<phrase category="Title" id="nev10795244n1" phrase-urn="urn:x-nevis:phrase:0800c8af81eb9dd1">Verification</phrase>
</title>
<node id="nev10795208n48">
<test1 id="nev10795208n47">
<test2 id="nev10795476n19">
<hint id="nev10795476n17">
<ptxt id="nev10795476n16">
<phrase category="Preparatory" id="nev10795872n1" phrase-urn="urn:x-nevis:phrase:0800c8af81eb9729">After carrying #@#@#50#died.</phrase>
</ptxt>
</hint>
<para id="nev10795476n14">
<ptxt id="nev10795476n13">
<phrase category="Faulttracing" id="nev10795873n1" phrase-urn="urn:x-nevis:phrase:0800c8af82782228">Test-driving is#@#@#51#ixed.</phrase>
</ptxt>
</para>
<para id="nev10795476n5">
<ptxt id="nev10795476n2">
<phrase category="Faulttracing" id="nev10795878n1" phrase-urn="urn:x-nevis:phrase:0800c8af82781c9b">Test drive the #@#@#13#wing:</phrase>
</ptxt>
<ptxt id="nev10795879n100">
<xref id="nev10859211n100">
<ref id="l1107521438997"/>
</xref>
</ptxt>
</para>
<para id="nev10795879n99">
<ptxt id="nev10795879n98">
<phrase category="Faulttracing" id="nev10795881n1" phrase-urn="urn:x-nevis:phrase:0800c8af8278222b">Check that the #@#@#69#rive.</phrase>
</ptxt>
</para>
</test2>
</test1>
<question id="nev10795208n46">
Is the functio#@#@#1# OK?
</question>
<resact-grp id="nev10795476n29">
<result button="yes" comp="button" highlight="0" id="nev10795476n28"/>
<action id="nev10795476n25" j2008use="1" paperuse="0" screenuse="1">
<return id="nev10795476n24" value="FAULT FOUND"/>
</action>
</resact-grp>
<resact-grp id="nev10795476n27">
<result button="no" comp="button" highlight="0" id="nev10795476n26"/>
<action id="nev10795476n23" j2008use="1" paperuse="0" screenuse="1">
<ptxt id="nev10795476n22">
<xref id="nev10795476n21">
<ref id="nev10795476n20"/>
</xref>
</ptxt>
</action>
</resact-grp>
</node>
</testgrp>
<testgrp id="nev10795208n41" j2008use="1" paperuse="0" resumable="1" screenuse="1" testgrp-id="info1" x="80" y="540">
<title id="nev10795208n40">
<phrase category="Title" id="nev10795316n1" phrase-urn="urn:x-nevis:phrase:0800c8af81ea4c43">Fault-tracing i#@#@#5#ation</phrase>
</title>
<subcalloutnode id="nev10795208n39">
<diagcallout id="nev10795208n38">
<xref id="nev10795208n33">
<ref id="l1107501378670"/>
</xref>
</diagcallout>
<rescall-grp id="nev10795208n32">
<result comp="string" highlight="0" id="nev10795208n31" op="eq" return="FAULTTRACING FAILED"/>
<calloutaction id="nev10802232n100">
<return id="nev10802232n99" value="FAULTTRACING FAILED"/>
</calloutaction>
</rescall-grp>
<rescall-grp id="nev10795208n30">
<result comp="string" highlight="0" id="nev10795208n29" op="eq" return="NEW TRY"/>
<calloutaction id="nev10802232n98">
<ptxt id="nev10802232n97">
<xref id="nev10802232n96">
<ref id="nev10802232n95"/>
</xref>
</ptxt>
</calloutaction>
</rescall-grp>
</subcalloutnode>
</testgrp>
<testgrp id="nev10795208n28" j2008use="1" paperuse="0" resumable="1" screenuse="1" testgrp-id="Node6" x="380" y="700">
<title id="nev10795208n27">
<phrase category="Title" id="nev10795395n1" phrase-urn="urn:x-nevis:phrase:0800c8af81eb9b1b">Checking the fu#@#@#1#ction</phrase>
</title>
<node id="nev10795208n26">
<test1 id="nev10795208n25">
<diaglist id="nev10795384n72">
<dgraphic id="nev10795384n71">
<dgraphic1 id="nev10795384n70">
<graphic id="l1107505060753">
<href>0900c8af80054d3#@#@#9#.jpeg</href>
</graphic>
</dgraphic1>
</dgraphic>
</diaglist>
<test2 id="nev10795384n68">
<para id="nev10795384n56">
<ptxt id="nev10795384n55">
<phrase category="Faulttracing" id="nev10795418n1" phrase-urn="urn:x-nevis:phrase:0800c8af82781c92">Check that the #@#@#88#ure).</phrase>
<phrase category="Faulttracing" id="nev10795420n1" phrase-urn="urn:x-nevis:phrase:0800c8af82781c94">Read off the oi#@#@#28#rive.</phrase>
</ptxt>
</para>
<para id="nev10795384n45">
<ptxt id="nev10795384n42">
<phrase category="Faulttracing" id="nev10795424n1" phrase-urn="urn:x-nevis:phrase:0800c8af82781c9b">Test drive the #@#@#13#wing:</phrase>
</ptxt>
<ptxt id="nev10795384n40">
<xref id="nev10859211n98">
<ref id="l1107521383215"/>
</xref>
</ptxt>
</para>
<hint id="nev10795384n39">
<ptxt id="nev10795384n38">
<phrase category="Faulttracing" id="nev10795425n1" phrase-urn="urn:x-nevis:phrase:0800c8af82781c9d">If the AOC-unit#@#@#46#dule.</phrase>
</ptxt>
<ptxt id="nev10795384n36">
<phrase category="Faulttracing" id="nev10795426n1" phrase-urn="urn:x-nevis:phrase:0800c8af82781c9f">Repeat the test#@#@#2#rive.</phrase>
</ptxt>
</hint>
<list1 id="nev10795384n34">
<title id="nev10795384n33">
<phrase category="Title" id="nev10795428n1" phrase-urn="urn:x-nevis:phrase:0800c8af81ea4cd6">Other information</phrase>
</title>
<item id="nev10795384n31">
<ptxt id="nev10795384n30">
<xref id="nev10795384n29">
<ref id="l1107506222376"/>
</xref>
</ptxt>
</item>
<item id="nev10795384n27">
<ptxt id="nev10795384n26">
<xref id="nev10795384n25">
<ref id="l1107506262862"/>
</xref>
</ptxt>
</item>
<item id="nev10795384n23">
<ptxt id="nev10795384n22">
<xref id="nev10795384n21">
<ref id="l1107506296520"/>
</xref>
</ptxt>
</item>
<item id="nev10795384n19">
<ptxt id="nev10795384n18">
<xref id="nev10795384n17">
<ref id="l1107506329552"/>
</xref>
</ptxt>
</item>
</list1>
<diaglist id="nev10795384n67">
<dgraphic id="nev10795384n66">
<dgraphic2 id="nev10795384n65">
<graphic id="l1107505105802">
<href>0900c8af86c8681#@#@#9#.jpeg</href>
</graphic>
<smarttool active="press" id="l1107505092958"/>
</dgraphic2>
</dgraphic>
</diaglist>
<grate id="nev10795384n63">
<graphic id="l1107505211603">
<href>0900c8af82781c0#@#@#9#.jpeg</href>
</graphic>
</grate>
</test2>
</test1>
<question id="nev10795208n24">
Is the functio#@#@#1# OK?
</question>
<resact-grp id="nev10795384n60">
<result button="yes" comp="button" highlight="0" id="nev10795384n59"/>
<action id="nev10795384n15" j2008use="1" paperuse="0" screenuse="1">
<ptxt id="nev10795384n14">
<xref id="nev10795384n13">
<ref id="nev10795384n12"/>
</xref>
</ptxt>
</action>
</resact-grp>
<resact-grp id="nev10795384n58">
<result button="no" comp="button" highlight="0" id="nev10795384n57"/>
<action id="nev10795384n11" j2008use="1" paperuse="0" screenuse="1">
<ptxt id="nev10795384n10">
<xref id="nev10795384n9">
<ref id="nev10795384n8"/>
</xref>
</ptxt>
</action>
</resact-grp>
</node>
</testgrp>
<testgrp id="nev10795208n23" j2008use="1" paperuse="0" resumable="1" screenuse="1" testgrp-id="Node7" x="180" y="700">
<title id="nev10795208n22">
<phrase category="Title" id="nev10795865n1" phrase-urn="urn:x-nevis:phrase:0800c8af82781f4a">Replacement of #@#@#22#ensor</phrase>
</title>
<node id="nev10795208n21">
<test1 id="nev10795208n20">
<diaglist id="nev10795384n7">
<dgraphic id="nev10795384n6">
<dgraphic1 id="nev10795384n5">
<graphic id="l1107507623430">
<href>0900c8af80054d4#@#@#9#.jpeg</href>
</graphic>
</dgraphic1>
</dgraphic>
<ditem id="nev10795476n96">
<ptxt id="nev10795476n95">
<phrase category="Preparatory" id="nev10795480n1" phrase-urn="urn:x-nevis:phrase:0800c8af81e9eaf8">Ignition off.</phrase>
</ptxt>
</ditem>
</diaglist>
<test2 id="nev10795384n3">
<para id="nev10795476n93">
<ptxt id="nev10795476n92">
<phrase category="Faulttracing" id="nev10795778n1" phrase-urn="urn:x-nevis:phrase:0800c8af82781f68">Replace oil pre#@#@#8#nsor.</phrase>
</ptxt>
</para>
<hint id="nev10795476n90">
<ptxt id="nev10795476n89">
<phrase category="Faulttracing" id="nev10795784n1" phrase-urn="urn:x-nevis:phrase:0800c8af82781fee">The oil pressur#@#@#127#DEM).</phrase>
<phrase category="Faulttracing" id="nev10795792n1" phrase-urn="urn:x-nevis:phrase:0800c8af82782019">Temperature/pre#@#@#23#able.</phrase>
</ptxt>
</hint>
<para id="nev10795476n86">
<ptxt id="nev10795476n85">
<phrase category="Faulttracing" id="nev10795801n1" phrase-urn="urn:x-nevis:phrase:0800c8af8278204d">Check that the #@#@#43#ment.</phrase>
</ptxt>
</para>
<diaglist id="nev10795384n2">
<dgraphic id="nev10795384n1">
<dgraphic2 id="nev10795476n100">
<graphic id="l1107507641056">
<href>0900c8af86c8681#@#@#9#.jpeg</href>
</graphic>
<smarttool active="press" id="l1107507652072"/>
</dgraphic2>
</dgraphic>
<ditem id="nev10795476n83">
<ptxt id="nev10795476n82">
<phrase category="Preparatory" id="nev10795812n1" phrase-urn="urn:x-nevis:phrase:0800c8af8031b478">Ignition on.</phrase>
</ptxt>
</ditem>
</diaglist>
<grate id="nev10795476n98">
<graphic id="l1107507701292">
<href>0900c8af82781c0#@#@#9#.jpeg</href>
</graphic>
<graphtext id="nev10795476n80">
<para id="nev10795476n78">
<ptxt id="nev10795476n77">
<phrase category="Faulttracing" id="nev10795817n1" phrase-urn="urn:x-nevis:phrase:0800c8af82781c27">Read the oil pr#@#@#38#tion.</phrase>
</ptxt>
<ptxt id="nev10795476n75">
<phrase category="Faulttracing" id="nev10795818n1" phrase-urn="urn:x-nevis:phrase:0800c8af82781c3a">At ignition on #@#@#39# MPa.</phrase>
</ptxt>
</para>
<list1 id="nev10795476n73">
<item id="nev10795476n72">
<ptxt id="nev10795476n71">
<phrase category="Preparatory" id="nev10795823n1" phrase-urn="urn:x-nevis:phrase:0800c8af81eb9774">Engine idling.</phrase>
</ptxt>
</item>
</list1>
<para id="nev10795476n69">
<ptxt id="nev10795476n68">
<phrase category="Faulttracing" id="nev10795825n1" phrase-urn="urn:x-nevis:phrase:0800c8af82781c27">Read the oil pr#@#@#38#tion.</phrase>
</ptxt>
<ptxt id="nev10795476n66">
<phrase category="Faulttracing" id="nev10795827n1" phrase-urn="urn:x-nevis:phrase:0800c8af82781c5e">For engine at i#@#@#49# MPa.</phrase>
</ptxt>
</para>
<list1 id="nev10795476n64">
<title id="nev10795476n63">
<phrase category="Title" id="nev10795829n1" phrase-urn="urn:x-nevis:phrase:0800c8af81ea4cd6">Other information</phrase>
</title>
<item id="nev10795476n61">
<ptxt id="nev10795476n60">
<xref id="nev10795476n59">
<ref id="l1107509609283"/>
</xref>
</ptxt>
</item>
<item id="nev10795476n57">
<ptxt id="nev10795476n56">
<xref id="nev10795476n55">
<ref id="l1107510071458"/>
</xref>
</ptxt>
</item>
<item id="nev10795476n53">
<ptxt id="nev10795476n52">
<xref id="nev10795476n51">
<ref id="l1107510217320"/>
</xref>
</ptxt>
</item>
<item id="nev10795476n49">
<ptxt id="nev10795476n48">
<xref id="nev10795476n47">
<ref id="l1107510265992"/>
</xref>
</ptxt>
</item>
</list1>
</graphtext>
</grate>
</test2>
</test1>
<question id="nev10795208n19">
Is the functio#@#@#1# OK?
</question>
<resact-grp id="nev10795476n45">
<result button="yes" comp="button" highlight="0" id="nev10795476n44"/>
<action id="nev10795476n41" j2008use="1" paperuse="0" screenuse="1">
<ptxt id="nev10795476n40">
<xref id="nev10795476n39">
<ref id="nev10795476n38"/>
</xref>
</ptxt>
</action>
</resact-grp>
<resact-grp id="nev10795476n43">
<result button="no" comp="button" highlight="0" id="nev10795476n42"/>
<action id="nev10795476n37" j2008use="1" paperuse="0" screenuse="1">
<ptxt id="nev10795476n36">
<xref id="nev10795476n35">
<ref id="nev10795476n34"/>
</xref>
</ptxt>
</action>
</resact-grp>
</node>
</testgrp>
</diagnostic>
</servinfosub>