<?xml version="1.0" encoding="UTF-8"?><servinfosub IE-ID="en-US0900c8af8091371f" docno="VCC-106647" id="KC02446900" servinfosubId="nev20687190n1-nev20687190n2" servinfosubRes="0900c8af862c2f42" servinfosubRes2="urn:x-nevis:fragment:0900c8af8091371f:0900c8af862c2f42#nev20687190n2" xml:lang="en-US">
<title>Overview</title>
<topic>
<title>General</title>
<grate>
<graphic id="nev20687190n1-KC08908600">
<href>0900c8af803f870#@#@#9#.jpeg</href>
</graphic>
<graphtext>
<para>
<ptxt>The control mod#@#@#151#nals.</ptxt>
</para>
<caution>
<ptxt>To communicate #@#@#209#able <toolitem id="nev20687190n1-KC08908601"/>
must be used. #@#@#355#sent.</ptxt>
</caution>
</graphtext>
</grate>
</topic>
<topic>
<title>Diagnostic trou#@#@#11#DTCs)</title>
<para>
<ptxt>The control mod#@#@#135#TCs).</ptxt>
</para>
<para>
<ptxt>If a fault disa#@#@#166#dule.</ptxt>
</para>
</topic>
<topic>
<title>Reading off the#@#@#34#ystem</title>
<grate>
<graphic id="nev20687190n1-KC08908602">
<href>0900c8af801222f#@#@#9#.jpeg</href>
</graphic>
<graphtext>
<para>
<ptxt>Information abo#@#@#176#face.</ptxt>
</para>
</graphtext>
</grate>
</topic>
<topic>
<title>Volvo on-board #@#@#18#ystem</title>
<para>
<ptxt>With the VIDA P#@#@#15#e to:</ptxt>
</para>
<list1 enumtype="b" type="unordered">
<item>
<ptxt>read off and er#@#@#37#DTCs)</ptxt>
</item>
<item>
<ptxt>read off and er#@#@#39#ction</ptxt>
</item>
<item>
<ptxt>continuously mo#@#@#70#gnals</ptxt>
</item>
<item>
<ptxt>activate certai#@#@#6#tions</ptxt>
</item>
<item>
<ptxt>program the con#@#@#31#ation</ptxt>
</item>
<item>
<ptxt>read the contro#@#@#19#tion.</ptxt>
</item>
</list1>
<para>
<ptxt>The following c#@#@#80#ated:</ptxt>
</para>
<list1 enumtype="d" type="unordered">
<item>
<ptxt>the ignition mu#@#@#3#be on</ptxt>
</item>
<item>
<ptxt>the battery vol#@#@#15#rmal.</ptxt>
</item>
</list1>
</topic>
<topic>
<title>Reading and era#@#@#31#DTCs)</title>
<para>
<ptxt>Stored diagnost#@#@#184#TCs).</ptxt>
</para>
<para>
<ptxt>Diagnostic trou#@#@#101#once.</ptxt>
</para>
</topic>
<topic>
<title>Read off and er#@#@#39#ction</title>
<para>
<ptxt>With this optio#@#@#58#ased.</ptxt>
<ptxt>The control mod#@#@#158#low. </ptxt>
</para>
</topic>
<topic>
<title>Reading off inp#@#@#16#gnals</title>
<para>
<ptxt>Using this func#@#@#99# off.</ptxt>
</para>
<para>
<ptxt>The following p#@#@#21# off:</ptxt>
</para>
<list1 enumtype="d" type="unordered">
<item>
<ptxt>battery voltage#@#@#2#value</ptxt>
</item>
<item>
<ptxt>outside tempera#@#@#6#value</ptxt>
</item>
<item>
<ptxt>coolant tempera#@#@#6#value</ptxt>
</item>
<item>
<ptxt>additional heat#@#@#5#tatus</ptxt>
</item>
<item>
<ptxt>ignition supply#@#@#3#tatus</ptxt>
</item>
<item>
<ptxt>generator (GEN)#@#@#14#tatus</ptxt>
</item>
<item>
<ptxt>the status disp#@#@#81#o low</ptxt>
</item>
<item>
<ptxt>fuel pump (FP),#@#@#2#tatus</ptxt>
</item>
<item>
<ptxt>glow plug, status</ptxt>
</item>
<item>
<ptxt>water pump, status</ptxt>
</item>
<item>
<ptxt>combustion fan,#@#@#1#value</ptxt>
</item>
<item>
<ptxt>timer, status</ptxt>
</item>
<item>
<ptxt>run time, value.</ptxt>
</item>
</list1>
</topic>
<topic>
<title>Activating comp#@#@#15#tions</title>
<grate>
<graphic id="nev20687190n1-KC08908603">
<href>0900c8af8005aaa#@#@#9#.jpeg</href>
</graphic>
<graphtext>
<para>
<ptxt>With this funct#@#@#77#ated.</ptxt>
<ptxt>The following c#@#@#22#ated:</ptxt>
</para>
<list1 enumtype="d" type="unordered">
<item>
<ptxt>the additional #@#@#1#eater</ptxt>
</item>
<item>
<ptxt>the water pump</ptxt>
</item>
<item>
<ptxt>the combustion fan</ptxt>
</item>
<item>
<ptxt>the glow plug.</ptxt>
</item>
</list1>
<note>
<ptxt>The engine must#@#@#344#ated.</ptxt>
</note>
</graphtext>
</grate>
</topic>
<topic>
<title>Reading off and#@#@#12# data</title>
<para>
<ptxt>With this optio#@#@#169#ent. </ptxt>
</para>
<note>
<ptxt>If possible, re#@#@#156#ule. </ptxt>
</note>
<para>
<ptxt>The programmabl#@#@#137#tart.</ptxt>
</para>
</topic>
<topic>
<title>Reading off the#@#@#25#ation</title>
<para>
<ptxt>The control mod#@#@#70#mory.</ptxt>
<ptxt>This code conta#@#@#39#e P/N</ptxt>
</para>
</topic>
</servinfosub>