<?xml version="1.0" encoding="UTF-8"?><diagnostic IE-ID="en-US0900c8af823da71f" docno="VCC-164866" id="KC09017734" type="test" xml:lang="en-US">
<title>
<phrase category="" id="KC09589419" phrase-urn="urn:x-nevis:phrase:0800c8af82723e42">Verification</phrase>
</title>
<testgrp IE-ID="en-US0900c8af823da71f_KC09017735" id="KC09017735" j2008use="1" paperuse="1" resumable="1" screenuse="1" testgrp-id="verifnode" x="280" y="80">
<title>
<phrase category="" id="KC09589420" phrase-urn="urn:x-nevis:phrase:0800c8af82723e43">Verification</phrase>
</title>
<node>
<note>
<ptxt>
<phrase category="" id="KC09589421" phrase-urn="urn:x-nevis:phrase:0800c8af82723e44">When the transm#@#@#183#ation</phrase>
</ptxt>
</note>
<test1>
<hint>
<ptxt>
<phrase category="" id="KC09589422" phrase-urn="urn:x-nevis:phrase:0800c8af82723e45">After carrying #@#@#50#died.</phrase>
</ptxt>
</hint>
<diaglist>
<dgraphic>
<dgraphic1>
<graphic id="KC09589423">
<href>0900c8af80054d5#@#@#9#.jpeg</href>
</graphic>
</dgraphic1>
<dgraphic2>
<graphic id="KC09589424">
<href>0900c8af80054d7#@#@#9#.jpeg</href>
</graphic>
</dgraphic2>
</dgraphic>
<ditem>
<ptxt>
<phrase category="" id="KC09589425" phrase-urn="urn:x-nevis:phrase:0800c8af82723e46">Ignition off</phrase>
</ptxt>
</ditem>
<ditem>
<ptxt>
<phrase category="" id="KC09589426" phrase-urn="urn:x-nevis:phrase:0800c8af82723e47">Reinstall the c#@#@#35# etc.</phrase>
</ptxt>
</ditem>
</diaglist>
<test2>
<ptxt>
<phrase category="" id="KC09589427" phrase-urn="urn:x-nevis:phrase:0800c8af82723e48">Test drive the #@#@#14#ing: <xref>
<ref id="KC09589428"/>
</xref>
</phrase>
</ptxt>
<ptxt>
<phrase category="" id="KC09589429" phrase-urn="urn:x-nevis:phrase:0800c8af82723e49">Check that the #@#@#29# any <emph> obvious</emph> function faults.</phrase>
</ptxt>
<note>
<ptxt>
<phrase category="" id="KC09589430" phrase-urn="urn:x-nevis:phrase:0800c8af82723e4a">When test drivi#@#@#39#0 °C.</phrase>
</ptxt>
</note>
</test2>
</test1>
<question>
Is the functio#@#@#1# OK?
</question>
<resact-grp>
<result button="yes" comp="button" highlight="0"/>
<action j2008use="1" paperuse="1" screenuse="1">
<return value="VERIFIED"/>
</action>
</resact-grp>
<resact-grp>
<result button="no" comp="button" highlight="0"/>
<action j2008use="1" paperuse="0" screenuse="1">
<return value="VERIFICATION FAILED"/>
</action>
</resact-grp>
</node>
</testgrp>
</diagnostic>