<?xml version="1.0" encoding="UTF-8"?><servinfosub IE-ID="en-US0900c8af806a571f" docno="VCC-104807" id="KC02028778" xml:lang="en-US">
<title>
<phrase category="" id="KC08656654" phrase-urn="urn:x-nevis:phrase:0800c8af81dfb80c">Signal too low</phrase>
</title>
<diagnostic type="test">
<testgrp IE-ID="en-US0900c8af806a571f_KC02292583" id="KC02292583" j2008use="1" paperuse="1" resumable="1" screenuse="1" testgrp-id="ia4" x="120" y="80">
<title>
<phrase category="" id="KC08656655" phrase-urn="urn:x-nevis:phrase:0800c8af81dfb80d">Checking status#@#@#11#o low</phrase>
</title>
<node>
<test1>
<diaglist>
<dgraphic>
<dgraphic1>
<graphic id="KC08656656">
<href>0900c8af80054d5#@#@#9#.jpeg</href>
</graphic>
</dgraphic1>
</dgraphic>
<ditem>
<ptxt>
<phrase category="" id="KC08656657" phrase-urn="urn:x-nevis:phrase:0800c8af81dfb80e">Ignition on.</phrase>
</ptxt>
</ditem>
<ditem>
<ptxt>
<phrase category="" id="KC08656658" phrase-urn="urn:x-nevis:phrase:0800c8af81dfb80f">Activate turboc#@#@#21#alve.</phrase>
</ptxt>
</ditem>
</diaglist>
<test2>
<ptxt>
<phrase category="" id="KC08656659" phrase-urn="urn:x-nevis:phrase:0800c8af81dfb810">The turbocharge#@#@#50#ated.</phrase>
</ptxt>
<diaglist>
<dgraphic>
<dgraphic2>
<graphic id="KC08656660">
<href>0900c8af86c8681#@#@#9#.jpeg</href>
</graphic>
<smarttool active="press" id="KC08656661" toolname="XCFIB007"/>
</dgraphic2>
</dgraphic>
<ditem>
<ditemtext>
<ptxt>
<phrase category="" id="KC08656662" phrase-urn="urn:x-nevis:phrase:0800c8af81dfb811"/>
</ptxt>
</ditemtext>
</ditem>
<ditem>
<ditemtext>
<ptxt>
<phrase category="" id="KC08656663" phrase-urn="urn:x-nevis:phrase:0800c8af81dfb812"/>
</ptxt>
</ditemtext>
</ditem>
</diaglist>
</test2>
</test1>
<question>Can a clicking #@#@#10#eard?</question>
<resact-grp>
<result button="yes" comp="button" highlight="0"/>
<action j2008use="1" paperuse="1" screenuse="1">
<ptxt>
<xref>
<ref id="KC08656664"/>
</xref>
</ptxt>
</action>
</resact-grp>
<resact-grp>
<result button="no" comp="button" highlight="0"/>
<action j2008use="1" paperuse="1" screenuse="1">
<ptxt>
<xref>
<ref id="KC08656665"/>
</xref>
</ptxt>
</action>
</resact-grp>
</node>
</testgrp>
<testgrp id="KC02292584" j2008use="1" paperuse="1" resumable="1" screenuse="1" testgrp-id="ia5" x="120" y="160">
<title>
<phrase category="" id="KC08656666" phrase-urn="urn:x-nevis:phrase:0800c8af81dfb813">Checking power cable</phrase>
</title>
<node>
<test1>
<note>
<ptxt>
<phrase category="" id="KC08656667" phrase-urn="urn:x-nevis:phrase:0800c8af81dfb814">Diagnostic trou#@#@#277#23/1.</phrase>
</ptxt>
</note>
<diaglist>
<dgraphic>
<dgraphic1>
<graphic id="KC08656668">
<href>0900c8af80054d5#@#@#9#.jpeg</href>
</graphic>
</dgraphic1>
<dgraphic2>
<graphic id="KC08656669">
<href>0900c8af80054d7#@#@#9#.jpeg</href>
</graphic>
</dgraphic2>
</dgraphic>
<ditem>
<ptxt>
<phrase category="" id="KC08656670" phrase-urn="urn:x-nevis:phrase:0800c8af81dfb815">Ignition off.</phrase>
</ptxt>
</ditem>
<ditem>
<ptxt>
<phrase category="" id="KC08656671" phrase-urn="urn:x-nevis:phrase:0800c8af81dfb816">Disconnect turb#@#@#33#ctor.</phrase>
</ptxt>
</ditem>
<ditem>
<ptxt>
<phrase category="" id="KC08656672" phrase-urn="urn:x-nevis:phrase:0800c8af81dfb817">Ignition on and#@#@#10#y on.</phrase>
</ptxt>
</ditem>
</diaglist>
<test2>
<ptxt>
<phrase category="" id="KC08656673" phrase-urn="urn:x-nevis:phrase:0800c8af81dfb818">Connect a voltm#@#@#72#ound.</phrase>
</ptxt>
<diaglist>
<dgraphic>
<dgraphic1>
<graphic id="KC08656674">
<href>0900c8af80054d6#@#@#9#.jpeg</href>
</graphic>
</dgraphic1>
<dgraphic2>
<graphic id="KC08656675">
<href>0900c8af80054d4#@#@#9#.jpeg</href>
</graphic>
<smarttool active="press" id="KC08656676" toolname="VDCDAH"/>
</dgraphic2>
</dgraphic>
<ditem>
<ditemtext>
<ptxt>
<phrase category="" id="KC08656677" phrase-urn="urn:x-nevis:phrase:0800c8af81dfb819"/>
</ptxt>
</ditemtext>
</ditem>
</diaglist>
<grate>
<graphic id="KC08656678">
<href>0900c8af806856d#@#@#9#.jpeg</href>
</graphic>
</grate>
</test2>
</test1>
<question>The voltmeter s#@#@#22#tage.</question>
<resact-grp>
<result button="ok" comp="button" highlight="0"/>
<action j2008use="1" paperuse="1" screenuse="1">
<ptxt>
<xref>
<ref id="KC08656679"/>
</xref>
</ptxt>
</action>
</resact-grp>
<resact-grp>
<result button="notok" comp="button" highlight="0"/>
<action j2008use="1" paperuse="1" screenuse="1">
<ptxt>
<xref>
<ref id="KC08656680"/>
</xref>
</ptxt>
</action>
</resact-grp>
</node>
</testgrp>
<testgrp id="KC02292585" j2008use="1" paperuse="1" resumable="1" screenuse="1" testgrp-id="ia5-1" x="280" y="160">
<title>
<phrase category="" id="KC08656681" phrase-urn="urn:x-nevis:phrase:0800c8af81dfb81a">Checking fuse</phrase>
</title>
<node>
<test1>
<test2>
<diaglist>
<dgraphic>
<dgraphic2>
<graphic id="KC08656682">
<href>0900c8af80054d4#@#@#9#.jpeg</href>
</graphic>
<smarttool active="press" id="KC08656683" toolname="ODAH"/>
</dgraphic2>
</dgraphic>
<ditem>
<ditemtext>
<ptxt>
<phrase category="" id="KC08656684" phrase-urn="urn:x-nevis:phrase:0800c8af81dfb81b">Check fuse B/3 #@#@#194#g to <xref>
<ref id="KC08656685"/>
</xref>.</phrase>
</ptxt>
<ptxt>
<phrase category="" id="KC08656686" phrase-urn="urn:x-nevis:phrase:0800c8af81dfb81c">If the fuse is #@#@#189#g to <xref>
<ref id="KC08656687"/>
</xref>. Check interme#@#@#61#g to <xref>
<ref id="KC08656688"/>
</xref>. </phrase>
</ptxt>
</ditemtext>
</ditem>
</diaglist>
<grate>
<graphic id="KC08656689">
<href>0900c8af806856d#@#@#9#.jpeg</href>
</graphic>
</grate>
</test2>
</test1>
<question>Select Continue#@#@#29#died.</question>
<resact-grp>
<result button="cont" comp="button" highlight="0"/>
<action j2008use="1" paperuse="1" screenuse="1">
<ptxt>
<xref>
<ref id="KC08656690"/>
</xref>
</ptxt>
</action>
</resact-grp>
</node>
</testgrp>
<testgrp id="KC02292586" j2008use="1" paperuse="1" resumable="1" screenuse="1" testgrp-id="ia6" x="120" y="240">
<title>
<phrase category="" id="KC08656691" phrase-urn="urn:x-nevis:phrase:0800c8af81dfb81d">Checking the si#@#@#5#cable</phrase>
</title>
<node>
<test1>
<test2>
<ptxt>
<phrase category="" id="KC08656692" phrase-urn="urn:x-nevis:phrase:0800c8af81dfb81e">Check cable bet#@#@#123#g to <xref>
<ref id="KC08656693"/>
</xref> and a short-ci#@#@#25# to  <xref>
<ref id="KC08656694"/>
</xref> and control mo#@#@#60#g to <xref>
<ref id="KC08656695"/>
</xref>.</phrase>
</ptxt>
<note>
<ptxt>
<phrase category="" id="KC08656696" phrase-urn="urn:x-nevis:phrase:0800c8af81dfb81f">With the igniti#@#@#291#able.</phrase>
</ptxt>
</note>
<diaglist>
<dgraphic>
<dgraphic1>
<graphic id="KC08656697">
<href>0900c8af80054d6#@#@#9#.jpeg</href>
</graphic>
</dgraphic1>
<dgraphic2>
<graphic id="KC08656698">
<href>0900c8af80054d4#@#@#9#.jpeg</href>
</graphic>
<smarttool id="KC08656699" toolname="ODA"/>
</dgraphic2>
</dgraphic>
<ditem>
<ditemtext>
<ptxt>
<phrase category="" id="KC08656700" phrase-urn="urn:x-nevis:phrase:0800c8af81dfb820"/>
</ptxt>
</ditemtext>
</ditem>
</diaglist>
</test2>
</test1>
<question>Was a fault det#@#@#1#cted?</question>
<resact-grp>
<result button="yes" comp="button" highlight="0"/>
<action j2008use="1" paperuse="1" screenuse="1">
<ptxt>
<xref>
<ref id="KC08656701"/>
</xref>
</ptxt>
</action>
</resact-grp>
<resact-grp>
<result button="no" comp="button" highlight="0"/>
<action j2008use="1" paperuse="1" screenuse="1">
<ptxt>
<xref>
<ref id="KC08656702"/>
</xref>
</ptxt>
</action>
</resact-grp>
</node>
</testgrp>
<testgrp id="KC02292587" j2008use="1" paperuse="1" resumable="1" screenuse="1" testgrp-id="ia7" x="120" y="320">
<title>
<phrase category="" id="KC08656703" phrase-urn="urn:x-nevis:phrase:0800c8af81dfb821">Checking turboc#@#@#20#valve</phrase>
</title>
<node>
<test1>
<diaglist>
<dgraphic>
<dgraphic1>
<graphic id="KC08656704">
<href>0900c8af80054d5#@#@#9#.jpeg</href>
</graphic>
</dgraphic1>
</dgraphic>
<ditem>
<ptxt>
<phrase category="" id="KC08656705" phrase-urn="urn:x-nevis:phrase:0800c8af81dfb822">Ignition on.</phrase>
</ptxt>
</ditem>
<ditem>
<ptxt>
<phrase category="" id="KC08656706" phrase-urn="urn:x-nevis:phrase:0800c8af81dfb823">Activate turboc#@#@#21#alve.</phrase>
</ptxt>
</ditem>
</diaglist>
<test2>
<ptxt>
<phrase category="" id="KC08656707" phrase-urn="urn:x-nevis:phrase:0800c8af81dfb824">The turbocharge#@#@#50#ated.</phrase>
</ptxt>
<diaglist>
<dgraphic>
<dgraphic2>
<graphic id="KC08656708">
<href>0900c8af86c8681#@#@#9#.jpeg</href>
</graphic>
<smarttool active="press" id="KC08656709" toolname="XCFIB007"/>
</dgraphic2>
</dgraphic>
<ditem>
<ditemtext>
<ptxt>
<phrase category="" id="KC08656710" phrase-urn="urn:x-nevis:phrase:0800c8af81dfb825"/>
</ptxt>
</ditemtext>
</ditem>
<ditem>
<ditemtext>
<ptxt>
<phrase category="" id="KC08656711" phrase-urn="urn:x-nevis:phrase:0800c8af81dfb826"/>
</ptxt>
</ditemtext>
</ditem>
</diaglist>
</test2>
</test1>
<question>Can a clicking #@#@#10#eard?</question>
<resact-grp>
<result button="yes" comp="button" highlight="0"/>
<action j2008use="1" paperuse="1" screenuse="1">
<ptxt>
<xref>
<ref id="KC08656712"/>
</xref>
</ptxt>
</action>
</resact-grp>
<resact-grp>
<result button="no" comp="button" highlight="0"/>
<action j2008use="1" paperuse="1" screenuse="1">
<ptxt>
<xref>
<ref id="KC08656713"/>
</xref>
</ptxt>
</action>
</resact-grp>
</node>
</testgrp>
<testgrp id="KC02292588" j2008use="1" paperuse="1" resumable="1" screenuse="1" testgrp-id="ia7-1" x="280" y="320">
<title>
<phrase category="" id="KC08656714" phrase-urn="urn:x-nevis:phrase:0800c8af81dfb827">Contact resista#@#@#12#ation</phrase>
</title>
<node>
<test1>
<test2>
<ptxt>
<phrase category="" id="KC08656715" phrase-urn="urn:x-nevis:phrase:0800c8af81dfb828">The cause of th#@#@#171#g to <xref>
<ref id="KC08656716"/>
</xref>. </phrase>
</ptxt>
<diaglist>
<dgraphic>
<dgraphic1>
<graphic id="KC08656717">
<href>0900c8af801280d#@#@#9#.jpeg</href>
</graphic>
</dgraphic1>
</dgraphic>
</diaglist>
<grate>
<graphic id="KC08656718">
<href>0900c8af803f545#@#@#9#.jpeg</href>
</graphic>
</grate>
</test2>
</test1>
<question>Select Continue#@#@#29#died.</question>
<resact-grp>
<result button="cont" comp="button" highlight="0"/>
<action j2008use="1" paperuse="1" screenuse="1">
<ptxt>
<xref>
<ref id="KC08656719"/>
</xref>
</ptxt>
</action>
</resact-grp>
</node>
</testgrp>
<testgrp id="KC02292589" j2008use="1" paperuse="1" resumable="1" screenuse="1" testgrp-id="ia7-2" x="280" y="400">
<title>
<phrase category="" id="KC08656720" phrase-urn="urn:x-nevis:phrase:0800c8af81dfb829">Replacing component</phrase>
</title>
<node>
<test1>
<test2>
<ptxt>
<phrase category="" id="KC08656721" phrase-urn="urn:x-nevis:phrase:0800c8af81dfb82a">Try a new turbo#@#@#22#alve.</phrase>
</ptxt>
<grate>
<graphic id="KC08656722">
<href>0900c8af806854a#@#@#9#.jpeg</href>
</graphic>
</grate>
</test2>
</test1>
<question>Select Continue#@#@#29#died.</question>
<resact-grp>
<result button="cont" comp="button" highlight="0"/>
<action j2008use="1" paperuse="1" screenuse="1">
<ptxt>
<xref>
<ref id="KC08656723"/>
</xref>
</ptxt>
</action>
</resact-grp>
</node>
</testgrp>
<testgrp id="KC02292590" j2008use="1" paperuse="1" resumable="1" screenuse="1" testgrp-id="veri" x="440" y="80">
<title>
<phrase category="" id="KC08656724" phrase-urn="urn:x-nevis:phrase:0800c8af81dfb82b">Verification</phrase>
</title>
<subcalloutnode>
<diagcallout>
<xref>
<ref id="KC08656725"/>
</xref>
</diagcallout>
<rescall-grp>
<result comp="string" highlight="0" op="eq" return="FAULT FOUND"/>
<calloutaction>
<return value="FAULT FOUND"/>
</calloutaction>
</rescall-grp>
<rescall-grp>
<result comp="string" highlight="0" op="eq" return="FAULTTRACING FAILED"/>
<calloutaction>
<ptxt>
<xref>
<ref id="KC08656726"/>
</xref>
</ptxt>
</calloutaction>
</rescall-grp>
</subcalloutnode>
</testgrp>
<testgrp id="KC02292591" j2008use="1" paperuse="1" resumable="1" screenuse="1" testgrp-id="info1" x="600" y="80">
<title>
<phrase category="" id="KC08656727" phrase-urn="urn:x-nevis:phrase:0800c8af81dfb82c">Fault-tracing i#@#@#5#ation</phrase>
</title>
<subcalloutnode>
<diagcallout>
<xref>
<ref id="KC08656728"/>
</xref>
</diagcallout>
<rescall-grp>
<result comp="string" highlight="0" op="eq" return="NEW TRY"/>
<calloutaction>
<ptxt>
<xref>
<ref id="KC08656729"/>
</xref>
</ptxt>
</calloutaction>
</rescall-grp>
<rescall-grp>
<result comp="string" highlight="0" op="eq" return="FAULTTRACING FAILED"/>
<calloutaction>
<return value="FAULTTRACING FAILED"/>
</calloutaction>
</rescall-grp>
</subcalloutnode>
</testgrp>
<testgrp id="KC02292592" j2008use="1" paperuse="1" resumable="1" screenuse="1" testgrp-id="ia14" x="120" y="480">
<title>
<phrase category="" id="KC08656730" phrase-urn="urn:x-nevis:phrase:0800c8af81dfb82d">Signal too low.#@#@#14#fault</phrase>
</title>
<subcalloutnode>
<diagcallout>
<xref>
<ref id="KC08656731"/>
</xref>
</diagcallout>
<rescall-grp>
<result comp="string" highlight="0" op="eq" return="NEW TRY"/>
<calloutaction>
<ptxt>
<xref>
<ref id="KC08656732"/>
</xref>
</ptxt>
</calloutaction>
</rescall-grp>
<rescall-grp>
<result comp="string" highlight="0" op="eq" return="DONE"/>
<calloutaction>
<return value="DONE"/>
</calloutaction>
</rescall-grp>
<rescall-grp>
<result comp="string" highlight="0" op="eq" return="FAULT FOUND"/>
<calloutaction>
<return value="FAULT FOUND"/>
</calloutaction>
</rescall-grp>
</subcalloutnode>
</testgrp>
</diagnostic>
</servinfosub>