<?xml version="1.0" encoding="UTF-8"?><servinfosub IE-ID="en-US0900c8af8323860c" docno="VCC-112609" id="KC02393687" xml:lang="en-US">
<title>
<phrase category="Qualifier" id="nev11254812n1" phrase-urn="urn:x-nevis:phrase:0800c8af82b06b0e">Signal too high#@#@#12#fault</phrase>
</title>
<diagnostic j2008use="1" layout="1" paperuse="1" screenuse="1" type="test">
<testgrp IE-ID="en-US0900c8af8323860c_KC02393688" id="KC02393688" j2008use="1" paperuse="1" resumable="1" screenuse="1" testgrp-id="ka3" x="80" y="160">
<title>
<phrase category="Title" id="nev11254819n1" phrase-urn="urn:x-nevis:phrase:0800c8af81eb9c56">Checking the si#@#@#5#cable</phrase>
</title>
<node>
<test1>
<test2>
<ptxt id="nev11217145n100">
<phrase category="Faulttracing" id="nev11217152n1" phrase-urn="urn:x-nevis:phrase:0800c8af830affbc">Check that resi#@#@#90#75 Ω.</phrase>
<phrase category="Faulttracing" id="nev11217155n1" phrase-urn="urn:x-nevis:phrase:0800c8af830affc8">Replace the rel#@#@#11#sary.</phrase>
</ptxt>
<ptxt id="nev11217220n100">
<phrase category="Faulttracing" id="nev11217221n1" phrase-urn="urn:x-nevis:phrase:0800c8af830b0650">Check the signa#@#@#93#tage.</phrase>
</ptxt>
<ptxt id="nev11217220n98">
<xref id="nev11217220n97">
<ref id="l1126156148608"/>
</xref>
</ptxt>
<note>
<ptxt id="nev11254811n99">
<phrase category="Faulttracing" id="nev11254814n1" phrase-urn="urn:x-nevis:phrase:0800c8af83238612">At ignition on,#@#@#151# 0 V.</phrase>
</ptxt>
</note>
<list1 enumtype="d" type="unordered">
<title id="nev11217220n95">
<phrase category="Title" id="nev11217222n1" phrase-urn="urn:x-nevis:phrase:0800c8af81ea4cd6">Other information</phrase>
</title>
<item>
<ptxt id="nev11217220n93">
<xref id="nev11217220n92">
<ref id="l1126156479850"/>
</xref>
</ptxt>
</item>
</list1>
<diaglist>
<dgraphic>
<dgraphic2>
<graphic id="KC06385847">
<href>0900c8af80054d4#@#@#9#.jpeg</href>
</graphic>
<smarttool active="press" id="KC06385848" toolname="VDCDAH"/>
</dgraphic2>
</dgraphic>
</diaglist>
<grate>
<graphic id="KC06385850">
<href>0900c8af80058ac#@#@#9#.jpeg</href>
</graphic>
</grate>
</test2>
</test1>
<question>
Select Continue.
</question>
<resact-grp>
<result button="cont" comp="button" highlight="0"/>
<action j2008use="1" paperuse="1" screenuse="1">
<ptxt>
<xref>
<ref id="KC06385851"/>
</xref>
</ptxt>
</action>
</resact-grp>
</node>
</testgrp>
<testgrp id="KC02393689" j2008use="1" paperuse="1" resumable="1" screenuse="1" testgrp-id="veri" x="80" y="300">
<title>
<phrase category="Title" id="nev11254820n1" phrase-urn="urn:x-nevis:phrase:0800c8af81eb9dd1">Verification</phrase>
</title>
<subcalloutnode>
<diagcallout>
<xref>
<ref id="KC06385853"/>
</xref>
</diagcallout>
<rescall-grp>
<result comp="string" highlight="0" op="eq" return="VERIFIED"/>
<calloutaction>
<return value="FAULT FOUND"/>
</calloutaction>
</rescall-grp>
<rescall-grp>
<result comp="string" highlight="0" op="eq" return="VERIFICATION FAILED"/>
<calloutaction>
<ptxt>
<xref>
<ref id="KC06385854"/>
</xref>
</ptxt>
</calloutaction>
</rescall-grp>
</subcalloutnode>
</testgrp>
<testgrp id="KC02393690" j2008use="1" paperuse="1" resumable="1" screenuse="1" testgrp-id="info1" x="80" y="460">
<title>
<phrase category="Title" id="nev11254821n1" phrase-urn="urn:x-nevis:phrase:0800c8af81ea4c43">Fault-tracing i#@#@#5#ation</phrase>
</title>
<subcalloutnode>
<diagcallout>
<xref>
<ref id="KC06385856"/>
</xref>
</diagcallout>
<rescall-grp>
<result comp="string" highlight="0" op="eq" return="NEW TRY"/>
<calloutaction>
<ptxt>
<xref>
<ref id="KC06385857"/>
</xref>
</ptxt>
</calloutaction>
</rescall-grp>
<rescall-grp>
<result comp="string" highlight="0" op="eq" return="FAULTTRACING FAILED"/>
<calloutaction>
<return value="FAULTTRACING FAILED"/>
</calloutaction>
</rescall-grp>
</subcalloutnode>
</testgrp>
</diagnostic>
</servinfosub>