<?xml version="1.0" encoding="UTF-8"?><servinfosub IE-ID="en-US0900c8af8476560c" docno="VCC-365273" id="nev13652192n1" xml:lang="en-US">
<title>
<phrase category="Title" id="nev13652192n2" phrase-urn="urn:x-nevis:phrase:0800c8af81eb9a54">Diagnostic trou#@#@#21#ation</phrase>
<phrase category="Prefix" id="nev13876488n1" phrase-urn="urn:x-nevis:phrase:0800c8af8015c3f5">ECM</phrase>-P212400</title>
<diagnostic j2008use="1" paperuse="1" screenuse="1" type="condition">
<condgrp>
<condition type="condition">
<para id="nev13876487n99">
<ptxt id="nev13876487n98">
<phrase category="Condition" id="nev13876489n1" phrase-urn="urn:x-nevis:phrase:0800c8af835aaa1a">The Engine cont#@#@#141#gnal.</phrase>
</ptxt>
</para>
<para id="nev13876487n96">
<ptxt id="nev13876487n95">
<phrase category="Condition" id="nev13876490n1" phrase-urn="urn:x-nevis:phrase:0800c8af82c4843c">The diagnostic #@#@#59#that:</phrase>
</ptxt>
</para>
<list1 id="nev13876487n92">
<item id="nev13876487n91">
<ptxt id="nev13876487n90">
<phrase category="Condition" id="nev13876491n1" phrase-urn="urn:x-nevis:phrase:0800c8af845fe0fe">The PWM signal #@#@#8#rect.</phrase>
</ptxt>
</item>
</list1>
<para id="nev13876487n88">
<ptxt id="nev13876487n87">
<phrase category="Condition" id="nev13876492n1" phrase-urn="urn:x-nevis:phrase:0800c8af82c479d6">The control mod#@#@#67#t of:</phrase>
</ptxt>
</para>
<list1 id="nev13876487n85">
<item id="nev13876487n84">
<ptxt id="nev13876487n83">
<phrase category="Condition" id="nev13876493n1" phrase-urn="urn:x-nevis:phrase:0800c8af82c47c8e">Ignition switch#@#@#8#n II.</phrase>
</ptxt>
</item>
</list1>
<note id="nev13876515n100">
<ptxt id="nev13876515n99">
<phrase category="Condition" id="nev13876516n1" phrase-urn="urn:x-nevis:phrase:0800c8af845fe1e8">The diagnostic #@#@#130#cted.</phrase>
<phrase category="Condition" id="nev13876518n1" phrase-urn="urn:x-nevis:phrase:0800c8af845fe1ed">However, the fa#@#@#101#ated.</phrase>
</ptxt>
</note>
<note id="nev13876487n81">
<ptxt id="nev13876487n80">
<phrase category="Condition" id="nev13876494n1" phrase-urn="urn:x-nevis:phrase:0800c8af82c4844b">The control mod#@#@#132# met.</phrase>
</ptxt>
</note>
<grate>
<graphic id="nev13652192n3">
<href>0900c8af845fe0c#@#@#9#.jpeg</href>
</graphic>
</grate>
</condition>
</condgrp>
<condgrp>
<condition type="substitution">
<list1 enumtype="d" type="unordered">
<item>
<ptxt>
<phrase category="Substitution" id="nev13652192n10" phrase-urn="urn:x-nevis:phrase:0800c8af8275acac">Torque limitation.</phrase>
</ptxt>
</item>
</list1>
</condition>
<ps>
<list1 enumtype="d" type="unordered">
<item id="nev13652193n1">
<ptxt id="nev13652193n2">
<phrase category="Possible source" id="nev13652193n3" phrase-urn="urn:x-nevis:phrase:0800c8af81eab907">Contact resista#@#@#30#tors.</phrase>
</ptxt>
</item>
<item id="nev13652193n4">
<ptxt id="nev13652193n5">
<phrase category="Possible source" id="nev13652193n6" phrase-urn="urn:x-nevis:phrase:0800c8af81eabb2a">Damaged acceler#@#@#27#nsor.</phrase>
</ptxt>
</item>
</list1>
</ps>
</condgrp>
<condgrp>
<condition type="symptom">
<list1 enumtype="d" type="unordered">
<item id="nev14238426n100">
<ptxt id="nev14238426n99">
<phrase category="Symptom CSC" id="nev14238427n1" phrase-urn="urn:x-nevis:phrase:0800c8af8388f137">IV, Text window#@#@#27#ssage</phrase>
</ptxt>
</item>
<item id="nev13652193n8">
<ptxt id="nev13652193n9">
<phrase category="Symptom CSC" id="nev13969106n1" phrase-urn="urn:x-nevis:phrase:0800c8af8388f019">AJ, Driving/Poo#@#@#20#power</phrase>
</ptxt>
</item>
</list1>
</condition>
</condgrp>
</diagnostic>
</servinfosub>