<?xml version="1.0" encoding="UTF-8"?><servinfosub IE-ID="en-US0900c8af844d860c" docno="VCC-371156" id="nev13718272n1" original="sv-SE" servinfosubId="nev13718273n1-nev13718281n1" servinfosubRes="0900c8af844d8616" servinfosubRes2="urn:x-nevis:fragment:0900c8af844d860c:0900c8af844d8616#nev13718281n1" xml:lang="en-US">
<title id="nev13718271n17">Side panel loadspace</title>
<imagedisclaimer id="nev13718273n1-nev13718280n54"/>
<procedure id="nev13718273n1-nev13718280n55">
<stepgrp boilerplate="true" context="removal" id="nev13718273n1-nev13718280n56">
<note id="nev13718273n1-nev13718280n57">
<ptxt id="nev13718273n1-nev13718280n58">Removal steps i#@#@#45#ails.</ptxt>
</note>
<procstep id="nev13718273n1-nev13718280n86">
<title id="nev13718273n1-nev13718280n87"/>
<para id="nev13718273n1-nev13718280n88">
<ptxt id="nev13718273n1-nev13718280n89">Remove the seat#@#@#5#ion. <xref boilerplate="true" id="nev13718273n1-nev13718280n90">
<ref id="nev13718273n1-nev13718280n91"/>
</xref>
</ptxt>
</para>
</procstep>
<procstep id="nev13718273n1-nev13718280n59">
<title id="nev13718273n1-nev13718280n60"/>
<grate id="nev13718273n1-nev13718280n61">
<graphic id="nev13718273n1-nev13718280n62">
<href>0900c8af8384e21#@#@#9#.jpeg</href>
</graphic>
</grate>
</procstep>
<procstep id="nev13718273n1-nev13718280n68">
<title id="nev13718273n1-nev13718280n69"/>
<grate id="nev13718273n1-nev13718280n70">
<graphic id="nev13718273n1-nev13718280n71">
<href>0900c8af838b73d#@#@#9#.jpeg</href>
</graphic>
<graphtext id="nev13718273n1-nev13718280n72">
<para id="nev13718273n1-nev13718280n73">
<ptxt id="nev13718273n1-nev13718280n74">
<torque id="nev13718273n1-nev13718280n75">
<ref id="nev13718273n1-nev13718280n76"/>
</torque>
</ptxt>
</para>
</graphtext>
</grate>
</procstep>
<procstep id="nev13718273n1-nev13718280n77">
<title id="nev13718273n1-nev13718280n78"/>
<grate id="nev13718273n1-nev13718280n79">
<graphic id="nev13718273n1-nev13718280n80">
<href>0900c8af838b514#@#@#9#.jpeg</href>
</graphic>
</grate>
</procstep>
</stepgrp>
<stepgrp boilerplate="true" context="installation" id="nev13718273n1-nev13718280n81">
<procstep id="nev13718273n1-nev13718280n82">
<title id="nev13718273n1-nev13718280n83"/>
<para id="nev13718273n1-nev13718280n84">
<ptxt id="nev13718273n1-nev13718280n85">Install in reve#@#@#5#rder.</ptxt>
</para>
</procstep>
</stepgrp>
</procedure>
</servinfosub>