<?xml version="1.0" encoding="UTF-8"?><servinfosub IE-ID="en-US0900c8af817dc60c" docno="VCC-159418" id="KC06252860" xml:lang="en-US">
<title>
<phrase category="" id="KC09541437" phrase-urn="urn:x-nevis:phrase:0800c8af8271c91e">Capacitance too low</phrase>
</title>
<diagnostic type="test">
<testgrp IE-ID="en-US0900c8af817dc60c_KC06259157" id="KC06259157" j2008use="1" paperuse="1" resumable="1" screenuse="1" testgrp-id="s1" x="280" y="120">
<title>
<phrase category="" id="KC09541438" phrase-urn="urn:x-nevis:phrase:0800c8af8271c91f">Checking the cable</phrase>
</title>
<node>
<test1>
<diaglist>
<dgraphic>
<dgraphic1>
<graphic id="KC09541439">
<href>0900c8af80054d4#@#@#9#.jpeg</href>
</graphic>
</dgraphic1>
<dgraphic2>
<graphic id="KC09541440">
<href>0900c8af80054d7#@#@#9#.jpeg</href>
</graphic>
</dgraphic2>
</dgraphic>
<ditem>
<warning>
<ptxt>
<phrase category="" id="KC09541441" phrase-urn="urn:x-nevis:phrase:0800c8af8271c921">Under no circum#@#@#156#bag. </phrase>
</ptxt>
</warning>
</ditem>
<ditem>
<ptxt>
<phrase category="" id="KC09541442" phrase-urn="urn:x-nevis:phrase:0800c8af8271c922">Ignition off.</phrase>
</ptxt>
</ditem>
</diaglist>
<test2>
<para>
<ptxt>
<phrase category="" id="KC09541443" phrase-urn="urn:x-nevis:phrase:0800c8af8271c923">The probable ca#@#@#195#ge 3.</phrase>
</ptxt>
</para>
<para>
<ptxt>
<phrase category="" id="KC09541444" phrase-urn="urn:x-nevis:phrase:0800c8af8271c924">Remedy as necessary</phrase>
</ptxt>
</para>
<list1 enumtype="d" type="unordered">
<title>
<phrase category="" id="KC09541445" phrase-urn="urn:x-nevis:phrase:0800c8af8271c925">Other information:</phrase>
</title>
<item>
<ptxt>
<phrase category="" id="KC09541446" phrase-urn="urn:x-nevis:phrase:0800c8af8271c926">
<xref>
<ref id="KC09541447"/>
</xref>
</phrase>
</ptxt>
</item>
<item>
<ptxt>
<phrase category="" id="KC09541448" phrase-urn="urn:x-nevis:phrase:0800c8af8271c927">
<xref>
<ref id="KC09541449"/>
</xref>
</phrase>
</ptxt>
</item>
<item>
<ptxt>
<phrase category="" id="KC09541450" phrase-urn="urn:x-nevis:phrase:0800c8af8271c928">For further inf#@#@#61#agram</phrase>
</ptxt>
</item>
<item>
<ptxt>
<phrase category="" id="KC09541451" phrase-urn="urn:x-nevis:phrase:0800c8af8271c929">
<xref>
<ref id="KC09541452"/>
</xref>
</phrase>
</ptxt>
</item>
<item>
<ptxt>
<phrase category="" id="KC09541453" phrase-urn="urn:x-nevis:phrase:0800c8af8271c92a">
<xref>
<ref id="KC09541454"/>
</xref>
</phrase>
</ptxt>
</item>
<item>
<ptxt>
<phrase category="" id="KC09541455" phrase-urn="urn:x-nevis:phrase:0800c8af8271c92b">Disassembling c#@#@#6#ors: <xref>
<ref id="KC09541456"/>
</xref>
</phrase>
</ptxt>
</item>
<item>
<ptxt>
<phrase category="" id="KC09541457" phrase-urn="urn:x-nevis:phrase:0800c8af8271c92c">
<xref>
<ref id="KC09541458"/>
</xref>
</phrase>
</ptxt>
</item>
<item>
<ptxt>
<phrase category="" id="KC09541459" phrase-urn="urn:x-nevis:phrase:0800c8af8271c92d">
<xref>
<ref id="KC09541460"/>
</xref>
</phrase>
</ptxt>
</item>
</list1>
</test2>
</test1>
<question>
Select Continue.
</question>
<resact-grp>
<result button="cont" comp="button" highlight="0"/>
<action j2008use="1" paperuse="1" screenuse="1">
<ptxt>
<xref>
<ref id="KC09541462"/>
</xref>
</ptxt>
</action>
</resact-grp>
</node>
</testgrp>
<testgrp id="KC06259158" j2008use="1" paperuse="1" resumable="1" screenuse="1" testgrp-id="info1" x="280" y="360">
<title>
<phrase category="" id="KC09541463" phrase-urn="urn:x-nevis:phrase:0800c8af8271c92f">Fault-tracing i#@#@#5#ation</phrase>
</title>
<subcalloutnode>
<diagcallout>
<xref>
<ref id="KC09541464"/>
</xref>
</diagcallout>
<rescall-grp>
<result comp="string" highlight="0" op="eq" return="FAULTTRACING FAILED"/>
<calloutaction>
<return value="FAULT NOT FOUND"/>
</calloutaction>
</rescall-grp>
<rescall-grp>
<result comp="string" highlight="0" op="eq" return="NEW TRY"/>
<calloutaction>
<ptxt>
<xref>
<ref id="KC09541465"/>
</xref>
</ptxt>
</calloutaction>
</rescall-grp>
</subcalloutnode>
</testgrp>
<testgrp id="KC06259159" j2008use="1" paperuse="1" resumable="1" screenuse="1" testgrp-id="veri" x="280" y="200">
<title>
<phrase category="" id="KC09541466" phrase-urn="urn:x-nevis:phrase:0800c8af8271c930">Verification</phrase>
</title>
<subcalloutnode>
<diagcallout>
<xref>
<ref id="KC09541467"/>
</xref>
</diagcallout>
<rescall-grp>
<result comp="string" highlight="0" op="eq" return="VERIFIED"/>
<calloutaction>
<return value="FAULT FOUND"/>
</calloutaction>
</rescall-grp>
<rescall-grp>
<result comp="string" highlight="0" op="eq" return="VERIFICATION FAILED"/>
<calloutaction>
<ptxt>
<xref>
<ref id="KC09541468"/>
</xref>
</ptxt>
</calloutaction>
</rescall-grp>
</subcalloutnode>
</testgrp>
</diagnostic>
</servinfosub>