<?xml version="1.0" encoding="UTF-8"?><servinfosub IE-ID="en-US0900c8af851b8f04" docno="VCC-370192" id="nev13710153n1" original="sv-SE" servinfosubId="nev13710154n1-nev13710162n1" servinfosubRes="0900c8af851b8f35" servinfosubRes2="urn:x-nevis:fragment:0900c8af851b8f04:0900c8af851b8f35#nev13710162n1" xml:lang="en-US">
<title id="nev13710152n45">Engine block, i#@#@#15#nents</title>
<procedure id="nev13710154n1-nev13710161n53">
<stepgrp boilerplate="false" context="" id="nev13710154n1-nev16408511n47">
<title id="nev13710154n1-nev14833513n85">Installation</title>
<procstep id="nev13710154n1-nev14833450n100">
<grate id="nev13710154n1-nev13710161n67">
<graphic id="nev13710154n1-nev13710161n68">
<href>0900c8af82d3392#@#@#9#.jpeg</href>
</graphic>
<graphtext id="nev13710154n1-nev16408516n1">
<para id="nev13710154n1-nev16408511n45">
<ptxt id="nev13710154n1-nev16408511n46">
<torque id="nev13710154n1-nev14833500n50">
<ref id="nev13710154n1-nev14833500n48"/>
</torque>
</ptxt>
</para>
</graphtext>
</grate>
</procstep>
<procstep id="nev13710154n1-nev14833450n98">
<grate id="nev13710154n1-nev13710161n72">
<graphic id="nev13710154n1-nev13710161n73">
<href>0900c8af82d33a1#@#@#9#.jpeg</href>
</graphic>
<graphtext id="nev13710154n1-nev16408523n1">
<para id="nev13710154n1-nev16408511n43">
<ptxt id="nev13710154n1-nev16408511n44">
<torque id="nev13710154n1-nev14833500n46">
<ref id="nev13710154n1-nev14833500n44"/>
</torque>
</ptxt>
</para>
</graphtext>
</grate>
</procstep>
<procstep id="nev13710154n1-nev16408477n35">
<list1 boilerplate="true" context="assemble" enumtype="b" id="nev13710154n1-nev16408511n42" type="unordered">
<item id="nev13710154n1-nev16408511n41">
<ptxt id="nev13710154n1-nev16408511n39">Oil cooler, engine<xref boilerplate="true" id="nev13710154n1-nev16408511n40">
<ref id="nev13710154n1-nev16408511n38"/>
</xref>
</ptxt>
</item>
<item id="nev13710154n1-nev16408511n37">
<ptxt id="nev13710154n1-nev16408511n35">fuel filter<xref boilerplate="true" id="nev13710154n1-nev16408511n36">
<ref id="nev13710154n1-nev16408511n34"/>
</xref>
</ptxt>
</item>
<item id="nev13710154n1-nev16408511n33">
<ptxt id="nev13710154n1-nev16408511n31">the glow plugs<xref boilerplate="true" id="nev13710154n1-nev16408511n32">
<ref id="nev13710154n1-nev16408511n30"/>
</xref>
</ptxt>
</item>
<item id="nev13710154n1-nev16408511n29">
<ptxt id="nev13710154n1-nev16408511n27">the intake manifold<xref boilerplate="true" id="nev13710154n1-nev16408511n28">
<ref id="nev13710154n1-nev16408511n26"/>
</xref>
</ptxt>
</item>
<item id="nev13710154n1-nev16408511n25">
<ptxt id="nev13710154n1-nev16408511n23">the fuel rail<xref boilerplate="true" id="nev13710154n1-nev16408511n24">
<ref id="nev13710154n1-nev16408511n22"/>
</xref>
</ptxt>
</item>
<item id="nev13710154n1-nev16408511n21">
<ptxt id="nev13710154n1-nev16408511n19">fuel injector<xref boilerplate="true" id="nev13710154n1-nev16408511n20">
<ref id="nev13710154n1-nev16408511n18"/>
</xref>
</ptxt>
</item>
<item id="nev13710154n1-nev16408511n17">
<ptxt id="nev13710154n1-nev16408511n15">thermostat<xref boilerplate="true" id="nev13710154n1-nev16408511n16">
<ref id="nev13710154n1-nev16408511n14"/>
</xref>
</ptxt>
</item>
<item id="nev13710154n1-nev16408511n13">
<ptxt id="nev13710154n1-nev16408511n11">Vacuum pump, br#@#@#6#oster<xref boilerplate="true" id="nev13710154n1-nev16408511n12">
<ref id="nev13710154n1-nev16408511n10"/>
</xref>
</ptxt>
</item>
<item id="nev13710154n1-nev16408511n9">
<ptxt id="nev13710154n1-nev16408511n7">Actuator turbin#@#@#1# (el)<xref boilerplate="true" id="nev13710154n1-nev16408511n8">
<ref id="nev13710154n1-nev16408511n6"/>
</xref>
</ptxt>
</item>
<item id="nev13710154n1-nev16408511n5">
<ptxt id="nev13710154n1-nev16408511n3">starter motor<xref boilerplate="true" id="nev13710154n1-nev16408511n4">
<ref id="nev13710154n1-nev16408511n2"/>
</xref>
</ptxt>
</item>
<item id="nev13710154n1-nev16408511n1">
<ptxt id="nev13710154n1-nev16408512n99">Exhaust Gas Rec#@#@#24#ooler<xref boilerplate="true" id="nev13710154n1-nev16408512n100">
<ref id="nev13710154n1-nev16408512n98"/>
</xref>
</ptxt>
</item>
<item id="nev13710154n1-nev16408512n97">
<ptxt id="nev13710154n1-nev16408512n95">Exhaust Gas Rec#@#@#23#alve)<xref boilerplate="true" id="nev13710154n1-nev16408512n96">
<ref id="nev13710154n1-nev16408512n94"/>
</xref>
</ptxt>
</item>
<item id="nev13710154n1-nev16408512n93">
<ptxt id="nev13710154n1-nev16408512n91">flywheel<xref boilerplate="true" id="nev13710154n1-nev16408512n92">
<ref id="nev13710154n1-nev16408512n90"/>
</xref>
</ptxt>
</item>
<item id="nev13710154n1-nev16408512n89">
<ptxt id="nev13710154n1-nev16408512n87">the gearbox<xref boilerplate="true" id="nev13710154n1-nev16408512n88">
<ref id="nev13710154n1-nev16408512n86"/>
</xref>
</ptxt>
</item>
</list1>
</procstep>
</stepgrp>
</procedure>
</servinfosub>