<?xml version="1.0" encoding="UTF-8"?><servinfosub IE-ID="en-US0900c8af83dabf04" docno="VCC-322271" id="nev12683474n1" original="sv-SE" servinfosubId="nev20688399n1-nev20688399n2" servinfosubRes="0900c8af862c395f" servinfosubRes2="urn:x-nevis:fragment:0900c8af83dabf04:0900c8af862c395f#nev20688399n2" xml:lang="en-US">
<title id="nev12683474n2">Diagnostic functions</title>
<topic id="nev20688399n1-nev12683917n250">
<title id="nev20688399n1-nev12683917n249">General</title>
<para id="nev20688399n1-nev12683917n248">
<ptxt id="nev20688399n1-nev12683917n247">The control mod#@#@#134#nals.</ptxt>
</para>
</topic>
<topic id="nev20688399n1-nev12683917n246">
<title id="nev20688399n1-nev12683917n245">Diagnostic trou#@#@#11#DTCs)</title>
<para id="nev20688399n1-nev12683917n244">
<ptxt id="nev20688399n1-nev12683917n243">If the control #@#@#260#tent.</ptxt>
</para>
</topic>
<topic id="nev20688399n1-nev12683917n242">
<title id="nev20688399n1-nev12683917n241">Reading out and#@#@#28#codes</title>
<para id="nev20688399n1-nev12683917n240">
<ptxt id="nev20688399n1-nev12683917n239">Stored diagnost#@#@#66#tion.</ptxt>
</para>
<para id="nev20688399n1-nev12683917n238">
<ptxt id="nev20688399n1-nev12683917n237">Diagnostic trou#@#@#109#once.</ptxt>
</para>
</topic>
<topic id="nev20688399n1-nev12683917n236">
<title id="nev20688399n1-nev12683917n235">Reading off the#@#@#25#ation</title>
<para id="nev20688399n1-nev12683917n234">
<ptxt id="nev20688399n1-nev12683917n233">The control mod#@#@#59#odes.</ptxt>
<ptxt id="nev20688399n1-nev12683917n232">The codes conta#@#@#35#dule:</ptxt>
</para>
<list1 enumtype="d" id="nev20688399n1-nev12683917n231" type="unordered">
<item id="nev20688399n1-nev12683917n230">
<ptxt id="nev20688399n1-nev12683917n229">hardware P/N (c#@#@#26#ware)</ptxt>
</item>
<item id="nev20688399n1-nev12683917n228">
<ptxt id="nev20688399n1-nev12683917n227">hardware serial#@#@#36#ware)</ptxt>
</item>
<item id="nev20688399n1-nev12683917n226">
<ptxt id="nev20688399n1-nev12683917n225">software P/N</ptxt>
</item>
<item id="nev20688399n1-nev12683917n224">
<ptxt id="nev20688399n1-nev12683917n223">diagnostic soft#@#@#4# P/N.</ptxt>
</item>
</list1>
</topic>
</servinfosub>