<?xml version="1.0" encoding="UTF-8"?><servinfosub IE-ID="en-US0800c8af80a15003" docno="T9995781" id="ST-0800c8af80a15003" xml:lang="en-US">
<title>999 5781 Press tool </title>
<grate>
<graphic id="0900c8af8005d70f"/>
<graphtext>
<deflist>
<defitem>
<term>Tool number:</term>
<def>999 5781-3</def>
</defitem>
<defitem>
<term>Tool description:</term>
<def>Press tool (S80#@#@#28#781B)</def>
</defitem>
<defitem>
<term>Tool board:</term>
<def>61</def>
</defitem>
</deflist>
</graphtext>
</grate>
</servinfosub>