<?xml version="1.0" encoding="UTF-8"?><diagnostic IE-ID="en-US0900c8af808a1003" docno="VCC-110525" id="KC01647505" type="test" xml:lang="en-US">
<title>
<phrase category="" id="KC06056625" phrase-urn="urn:x-nevis:phrase:0800c8af81730bf2">Verification</phrase>
</title>
<testgrp IE-ID="en-US0900c8af808a1003_KC02423319" id="KC02423319" j2008use="1" paperuse="1" resumable="1" screenuse="1" testgrp-id="veri" x="120" y="80">
<title>
<phrase category="" id="KC06056626" phrase-urn="urn:x-nevis:phrase:0800c8af81730bf3">Verification</phrase>
</title>
<node>
<note>
<ptxt>
<phrase category="" id="KC06056627" phrase-urn="urn:x-nevis:phrase:0800c8af81730bf4">After the repai#@#@#56#fied.</phrase>
</ptxt>
</note>
<test1>
<diaglist>
<dgraphic>
<dgraphic1>
<graphic id="KC06056628">
<href>0900c8af80054d5#@#@#9#.jpeg</href>
</graphic>
</dgraphic1>
</dgraphic>
<ditem>
<ptxt>
<phrase category="" id="KC06056629" phrase-urn="urn:x-nevis:phrase:0800c8af81730bf5">Start the engine.</phrase>
</ptxt>
</ditem>
<ditem>
<ptxt>
<phrase category="" id="KC06056630" phrase-urn="urn:x-nevis:phrase:0800c8af81730bf6">Activate the in#@#@#16#alve.</phrase>
</ptxt>
</ditem>
</diaglist>
<test2>
<ptxt>
<phrase category="" id="KC06056631" phrase-urn="urn:x-nevis:phrase:0800c8af81730bf7">When the inject#@#@#70#rent.</phrase>
</ptxt>
<diaglist>
<dgraphic>
<dgraphic2>
<graphic id="KC06056632">
<href>0900c8af86c8681#@#@#9#.jpeg</href>
</graphic>
<smarttool active="press" id="KC06056633" toolname="XDISB101"/>
</dgraphic2>
</dgraphic>
<ditem>
<ditemtext>
<ptxt>
<phrase category="" id="KC06056634" phrase-urn="urn:x-nevis:phrase:0800c8af81730bf8"/>
</ptxt>
</ditemtext>
</ditem>
</diaglist>
</test2>
</test1>
<question>Is function OK?</question>
<resact-grp>
<result button="yes" comp="button" highlight="0"/>
<action j2008use="1" paperuse="1" screenuse="1">
<return value="VERIFIED"/>
</action>
</resact-grp>
<resact-grp>
<result button="no" comp="button" highlight="0"/>
<action j2008use="1" paperuse="1" screenuse="1">
<return value="VERIFICATION FAILED"/>
</action>
</resact-grp>
</node>
</testgrp>
</diagnostic>