<?xml version="1.0" encoding="UTF-8"?><script xmlns:nevis="http://www.volvocars.com/namespaces/processing" xmlns:xlink="http://www.w3.org/1999/xlink" IE-ID="en-US0900c8af845d7003" docno="VCC-297829" id="nev12005684n1" nevis:expl-profile="mdl275yr2007eng193, mdl275yr2008eng193, mdl275yr2009eng193, mdl275yr2010eng193, mdl275yr2011eng217, mdl275yr2012eng217, mdl275yr2013eng217, mdl275yr2014eng217" nevis:profile="urn:x-nevis:profile:0b00c8af82e48833 urn:x-nevis:profile:0b00c8af838ba0bf urn:x-nevis:profile:0b00c8af83f1a29d urn:x-nevis:profile:0b00c8af8414e555 urn:x-nevis:profile:0b00c8af84983f5c urn:x-nevis:profile:0b00c8af84eb81dd urn:x-nevis:profile:0b00c8af851e8390 urn:x-nevis:profile:0b00c8af8563040c" nevis:projectdocument="urn:x-nevis:projectdocument:0800c8af83721c4e" nevis:resource="0900c8af845db3c3" nevis:resource2="urn:x-nevis:fragment:0900c8af845d7003:0900c8af845db3c3#nev12005684n1" nevis:session-id="" qualifierinfotype="14:00" type="" xml:lang="en-US"><title>Quick test, fue#@#@#14#(RLS)</title><content gui="1" height="705" id="nev12005684n2-nev12005664n1" nevis:expl-profile="mdl275yr2007eng193, mdl275yr2008eng193, mdl275yr2009eng193, mdl275yr2010eng193, mdl275yr2011eng217, mdl275yr2012eng217, mdl275yr2013eng217, mdl275yr2014eng217" nevis:idfrom="nev12005684n2" nevis:prefix="nev12005684n2" nevis:profile="urn:x-nevis:profile:0b00c8af82e48833 urn:x-nevis:profile:0b00c8af838ba0bf urn:x-nevis:profile:0b00c8af83f1a29d urn:x-nevis:profile:0b00c8af8414e555 urn:x-nevis:profile:0b00c8af84983f5c urn:x-nevis:profile:0b00c8af84eb81dd urn:x-nevis:profile:0b00c8af851e8390 urn:x-nevis:profile:0b00c8af8563040c" nevis:resource="0900c8af845db3c5" nevis:resource2="urn:x-nevis:fragment:0900c8af845d7003:0900c8af845db3c5#nev12005664n1" width="1000" xml:lang="en-US"><nodes id="nev12005684n2-nev13864392n1"><node class="Components.StartNode" id="nev12005684n2-nev13864393n1" nodeid="Start" x="350" y="382"/><node class="Components.Gui.ParameterLabel" id="nev12005684n2-nev13864394n1" nodeid="ParameterLabel1" x="878" y="32"><gui height="65" id="nev12005684n2-nev13864395n1" width="325" x="5" y="15"/><property class="Parameter" id="nev12005684n2-nev13864396n1" name="Parameter" type="In" value="" visible="1"/><property class="String" id="nev12005684n2-nev13864397n1" name="Title" type="In" value="" visible="1"/><property class="String" id="nev12005684n2-nev13864398n1" name="Value" type="In" value="" visible="1"/><property class="String" id="nev12005684n2-nev13864399n1" name="Unit" type="In" value="" visible="1"/><property class="String" id="nev12005684n2-nev13864400n1" name="StartVisible" type="Internal" value="true" visible="0"/></node><node class="Components.Gui.ParameterLabel" id="nev12005684n2-nev13864401n1" nodeid="ParameterLabel2" x="879" y="170"><gui height="65" id="nev12005684n2-nev13864402n1" width="325" x="5" y="85"/><property class="Parameter" id="nev12005684n2-nev13864403n1" name="Parameter" type="In" value="" visible="1"/><property class="String" id="nev12005684n2-nev13864404n1" name="Title" type="In" value="" visible="1"/><property class="String" id="nev12005684n2-nev13864405n1" name="Value" type="In" value="" visible="1"/><property class="String" id="nev12005684n2-nev13864406n1" name="Unit" type="In" value="" visible="1"/><property class="String" id="nev12005684n2-nev13864407n1" name="StartVisible" type="Internal" value="true" visible="0"/></node><node class="Components.Gui.ParameterLabel" id="nev12005684n2-nev13864408n1" nodeid="ParameterLabel3" x="878" y="306"><gui height="65" id="nev12005684n2-nev13864409n1" width="325" x="5" y="155"/><property class="Parameter" id="nev12005684n2-nev13864410n1" name="Parameter" type="In" value="" visible="1"/><property class="String" id="nev12005684n2-nev13864411n1" name="Title" type="In" value="" visible="1"/><property class="String" id="nev12005684n2-nev13864412n1" name="Value" type="In" value="" visible="1"/><property class="String" id="nev12005684n2-nev13864413n1" name="Unit" type="In" value="" visible="1"/><property class="String" id="nev12005684n2-nev13864414n1" name="StartVisible" type="Internal" value="true" visible="0"/></node><node class="Components.Gui.ParameterLabel" id="nev12005684n2-nev13864415n1" nodeid="ParameterLabel4" x="876" y="447"><gui height="65" id="nev12005684n2-nev13864416n1" width="325" x="5" y="225"/><property class="Parameter" id="nev12005684n2-nev13864417n1" name="Parameter" type="In" value="" visible="1"/><property class="String" id="nev12005684n2-nev13864418n1" name="Title" type="In" value="" visible="1"/><property class="String" id="nev12005684n2-nev13864419n1" name="Value" type="In" value="" visible="1"/><property class="String" id="nev12005684n2-nev13864420n1" name="Unit" type="In" value="" visible="1"/><property class="String" id="nev12005684n2-nev13864421n1" name="StartVisible" type="Internal" value="true" visible="0"/></node><node class="Components.Gui.ParameterLabel" id="nev12005684n2-nev13864422n1" nodeid="ParameterLabel5" x="890" y="666"><gui height="65" id="nev12005684n2-nev13864423n1" width="325" x="5" y="405"/><property class="Parameter" id="nev12005684n2-nev13864424n1" name="Parameter" type="In" value="" visible="1"/><property class="String" id="nev12005684n2-nev13864425n1" name="Title" type="In" value="" visible="1"/><property class="String" id="nev12005684n2-nev13864426n1" name="Value" type="In" value="" visible="1"/><property class="String" id="nev12005684n2-nev13864427n1" name="Unit" type="In" value="" visible="1"/><property class="String" id="nev12005684n2-nev13864428n1" name="StartVisible" type="Internal" value="true" visible="0"/></node><node class="Components.Gui.ParameterLabel" id="nev12005684n2-nev13864429n1" nodeid="ParameterLabel6" x="889" y="795"><gui height="65" id="nev12005684n2-nev13864430n1" width="325" x="5" y="475"/><property class="Parameter" id="nev12005684n2-nev13864431n1" name="Parameter" type="In" value="" visible="1"/><property class="String" id="nev12005684n2-nev13864432n1" name="Title" type="In" value="" visible="1"/><property class="String" id="nev12005684n2-nev13864433n1" name="Value" type="In" value="" visible="1"/><property class="String" id="nev12005684n2-nev13864434n1" name="Unit" type="In" value="" visible="1"/><property class="String" id="nev12005684n2-nev13864435n1" name="StartVisible" type="Internal" value="true" visible="0"/></node><node class="Components.ScriptButton" id="nev12005684n2-nev13864436n1" nodeid="start" x="196" y="807"><gui height="35" id="nev12005684n2-nev13864437n1" width="160" x="5" y="305"/><property class="String" id="nev12005684n2-nev13864438n1" name="Text" type="In" value="Start" visible="1"/><property class="String" id="nev12005684n2-nev13864439n1" name="StartDisabled" type="Internal" value="false" visible="1"/><property class="String" id="nev12005684n2-nev13864440n1" name="StartVisible" type="Internal" value="true" visible="1"/><extension id="nev12005684n2-nev13864441n1"/></node><node class="Components.ScriptButton" id="nev12005684n2-nev13864442n1" nodeid="stop" x="192" y="1039"><gui height="35" id="nev12005684n2-nev13864443n1" width="160" x="170" y="305"/><property class="String" id="nev12005684n2-nev13864444n1" name="Text" type="In" value="Stop" visible="1"/><property class="String" id="nev12005684n2-nev13864445n1" name="StartDisabled" type="Internal" value="True" visible="1"/><property class="String" id="nev12005684n2-nev13864446n1" name="StartVisible" type="Internal" value="true" visible="1"/><extension id="nev12005684n2-nev13864447n1"/></node><node class="Components.ScriptButton" id="nev12005684n2-nev13864448n1" nodeid="hide" x="197" y="1259"><gui height="45" id="nev12005684n2-nev13864449n1" width="330" x="665" y="655"/><property class="String" id="nev12005684n2-nev13864450n1" name="Text" type="In" value="Hide" visible="1"/><property class="String" id="nev12005684n2-nev13864451n1" name="StartDisabled" type="Internal" value="false" visible="1"/><property class="String" id="nev12005684n2-nev13864452n1" name="StartVisible" type="Internal" value="true" visible="1"/><extension id="nev12005684n2-nev13864453n1"/></node><node class="Components.Repeater" id="nev12005684n2-nev13864454n1" nodeid="Repeater1" x="600" y="286"><property class="Int" id="nev12005684n2-nev13864455n1" name="Wait" type="Internal" value="500" visible="1"/><property class="Int" id="nev12005684n2-nev13864456n1" name="NoOfRepeats" type="Internal" value="0" visible="1"/></node><node class="Components.Repeater" id="nev12005684n2-nev13864457n1" nodeid="Repeater2" x="596" y="720"><property class="Int" id="nev12005684n2-nev13864458n1" name="Wait" type="Internal" value="500" visible="1"/><property class="Int" id="nev12005684n2-nev13864459n1" name="NoOfRepeats" type="Internal" value="0" visible="1"/></node><node class="Components.TextField" id="nev12005684n2-nev13864460n1" nodeid="conditions" x="205" y="509"><gui height="300" id="nev12005684n2-nev13864461n1" width="340" x="0" y="0"/><property class="String" id="nev12005684n2-nev13864462n1" name="Text" type="In" value="Conditions" visible="1"/><property class="String" id="nev12005684n2-nev13864463n1" name="Value" type="Out" value="Conditions" visible="1"/></node><node class="Components.TextField" id="nev12005684n2-nev13864464n1" nodeid="running_status" x="239" y="527"><gui height="160" id="nev12005684n2-nev13864465n1" width="335" x="0" y="390"/><property class="String" id="nev12005684n2-nev13864466n1" name="Text" type="In" value="Running status" visible="1"/><property class="String" id="nev12005684n2-nev13864467n1" name="Value" type="Out" value="Running status" visible="1"/></node><node class="Components.ScriptComponent" id="nev12005684n2-nev13864468n1" nodeid="end_script" x="310" y="1277"/><node class="Components.Clock" id="nev12005684n2-nev13864469n1" nodeid="timer" x="398" y="623"><gui height="40" id="nev12005684n2-nev13864470n1" width="325" x="5" y="345"/></node><node class="Components.Gui.ParameterLabel" id="nev12005684n2-nev13864471n1" nodeid="DMTL_TestResult" x="1282" y="1065"><gui height="65" id="nev12005684n2-nev13864472n1" width="325" x="5" y="570"/><property class="Parameter" id="nev12005684n2-nev13864473n1" name="Parameter" type="In" value="" visible="1"/><property class="String" id="nev12005684n2-nev13864474n1" name="Title" type="In" value="" visible="1"/><property class="String" id="nev12005684n2-nev13864475n1" name="Value" type="In" value="" visible="1"/><property class="String" id="nev12005684n2-nev13864476n1" name="Unit" type="In" value="" visible="1"/><property class="String" id="nev12005684n2-nev13864477n1" name="StartVisible" type="Internal" value="true" visible="0"/></node><node class="Components.Gui.ParameterLabel" id="nev12005684n2-nev13864478n1" nodeid="Tank_TestResult" x="1282" y="1195"><gui height="65" id="nev12005684n2-nev13864479n1" width="325" x="335" y="570"/><property class="Parameter" id="nev12005684n2-nev13864480n1" name="Parameter" type="In" value="" visible="1"/><property class="String" id="nev12005684n2-nev13864481n1" name="Title" type="In" value="" visible="1"/><property class="String" id="nev12005684n2-nev13864482n1" name="Value" type="In" value="" visible="1"/><property class="String" id="nev12005684n2-nev13864483n1" name="Unit" type="In" value="" visible="1"/><property class="String" id="nev12005684n2-nev13864484n1" name="StartVisible" type="Internal" value="true" visible="0"/></node><node class="Components.ScriptPlotter" id="nev12005684n2-nev13864485n1" nodeid="tank_pressure" x="1072" y="50"><gui height="530" id="nev12005684n2-nev13864486n1" width="660" x="335" y="0"/><property class="String" id="nev12005684n2-nev13864487n1" name="AutoStart" type="Internal" value="True" visible="0"/><property class="String" id="nev12005684n2-nev13864488n1" name="Locked" type="Internal" value="True" visible="0"/><property class="String" id="nev12005684n2-nev13864489n1" name="AutoScale" type="Internal" value="True" visible="0"/><extension id="nev12005684n2-nev13864490n1"><identifier ecu="284101" ecuMode="EcuType" id="nev12005684n2-nev13864491n1" read="100" type="REID" value="DA88"><parameter flags="A" id="nev12005684n2-nev13864492n1" name="Tank pressure" textid="1004124"/></identifier></extension></node><node class="Components.Constant" id="nev12005684n2-nev13864493n1" nodeid="unknown_leakage" x="1165" y="1342"><property class="String" id="nev12005684n2-nev13864494n1" name="Text" type="Out" value="Unknown" visible="1"/><extension id="nev12005684n2-nev13864495n1"><text id="nev12005684n2-nev12558350n1" type="raw">Unknown</text></extension></node><node class="Components.Gui.ParameterLabel" id="nev12005684n2-nev13864496n1" nodeid="estimated_leakage" x="1307" y="1323"><gui height="65" id="nev12005684n2-nev13864497n1" width="325" x="665" y="570"/><property class="Parameter" id="nev12005684n2-nev13864498n1" name="Parameter" type="In" value="" visible="1"/><property class="String" id="nev12005684n2-nev13864499n1" name="Title" type="In" value="" visible="1"/><property class="String" id="nev12005684n2-nev13864500n1" name="Value" type="In" value="" visible="1"/><property class="String" id="nev12005684n2-nev13864501n1" name="Unit" type="In" value="" visible="1"/><property class="String" id="nev12005684n2-nev13864502n1" name="StartVisible" type="Internal" value="true" visible="0"/></node><node class="Components.IdentifierComponent" id="nev12005684n2-nev13864503n1" nodeid="read_estimated_leakage" x="880" y="1350"><property class="Parameter" id="nev12005684n2-nev13864504n1" name="Estimated leakage" type="Out" value="" visible="1"/><extension id="nev12005684n2-nev13864505n1"><identifier ecu="284101" ecuMode="EcuType" id="nev12005684n2-nev13864506n1" read="100" type="REID" value="DA97"><parameter id="nev12005684n2-nev13864507n1" name="Estimated leakage" textid="1004123"/></identifier></extension></node><node class="Components.Comparer" id="nev12005684n2-nev13864508n1" nodeid="test_finished" x="902" y="1135"><property class="String" id="nev12005684n2-nev13864509n1" name="Mode" type="Internal" value="String" visible="1"/><property class="String" id="nev12005684n2-nev13864510n1" name="Value1" type="In" value="" visible="1"/><property class="String" id="nev12005684n2-nev13864511n1" name="Value2" type="In" value="0" visible="0"/></node><node class="Components.Comment" id="nev12005684n2-nev13864512n1" nodeid="Comment4" x="770" y="1096"><extension id="nev12005684n2-nev13864513n1">På negativ resp#@#@#82#utet.</extension></node><node class="Components.IdentifierComponent" id="nev12005684n2-nev13864514n1" nodeid="AmbientAirPressure" x="759" y="162"><property class="Parameter" id="nev12005684n2-nev13864515n1" name="Atmosfärstryck" type="Out" value="" visible="1"/><extension id="nev12005684n2-nev13864516n1"><identifier ecu="284101" ecuMode="EcuType" id="nev12005684n2-nev13864517n1" read="100" type="REID" value="F433"><parameter id="nev12005684n2-nev13864518n1" name="Atmosfärstryck" textid="6336"/></identifier></extension></node><node class="Components.IdentifierComponent" id="nev12005684n2-nev13864519n1" nodeid="FuelLevelFromCEM" x="759" y="302"><property class="Parameter" id="nev12005684n2-nev13864520n1" name="Fuel level (via CAN)" type="Out" value="" visible="1"/><extension id="nev12005684n2-nev13864521n1"><identifier ecu="284101" ecuMode="EcuType" id="nev12005684n2-nev13864522n1" read="100" type="REID" value="F42F"><parameter id="nev12005684n2-nev13864523n1" name="Fuel level (via CAN)" textid="85940"/></identifier></extension></node><node class="Components.IdentifierComponent" id="nev12005684n2-nev13864524n1" nodeid="AmbientTemperature" x="760" y="442"><property class="Parameter" id="nev12005684n2-nev13864525n1" name="Outside temperature" type="Out" value="" visible="1"/><extension id="nev12005684n2-nev13864526n1"><identifier ecu="284101" ecuMode="EcuType" id="nev12005684n2-nev13864527n1" read="100" type="REID" value="F446"><parameter id="nev12005684n2-nev13864528n1" name="Outside temperature" textid="11683"/></identifier></extension></node><node class="Components.VehComm" id="nev12005684n2-nev13864529n1" nodeid="Stop_test" x="300" y="1064"><property class="String" id="nev12005684n2-nev13864530n1" name="Mode" type="Internal" value="EcuType" visible="1"/><property class="Int" id="nev12005684n2-nev13864531n1" name="EcuType" type="In" value="284101" visible="0"/><property class="Int" id="nev12005684n2-nev13864532n1" name="ServiceId" type="In" value="0" visible="0"/><property class="String" id="nev12005684n2-nev13864533n1" name="EcuName" type="Out" value="" visible="1"/><property class="Response" id="nev12005684n2-nev13864534n1" name="Result" type="Out" value="" visible="1"/><property class="String" id="nev12005684n2-nev13864535n1" name="Data" type="In" value="31024008" visible="0"/><extension id="nev12005684n2-nev13864536n1"><insertparam id="nev12005684n2-nev12223487n2" name="Data"/></extension></node><node class="Components.VehComm" id="nev12005684n2-nev13864537n1" nodeid="1001" x="413" y="1067"><property class="String" id="nev12005684n2-nev13864538n1" name="Mode" type="Internal" value="EcuType" visible="1"/><property class="Int" id="nev12005684n2-nev13864539n1" name="EcuType" type="In" value="284101" visible="0"/><property class="Int" id="nev12005684n2-nev13864540n1" name="ServiceId" type="In" value="112" visible="0"/><property class="String" id="nev12005684n2-nev13864541n1" name="EcuName" type="Out" value="" visible="1"/><property class="Response" id="nev12005684n2-nev13864542n1" name="Result" type="Out" value="" visible="1"/><extension id="nev12005684n2-nev13864543n1"/></node><node class="Components.VehComm" id="nev12005684n2-nev13864544n1" nodeid="1003" x="377" y="875"><property class="String" id="nev12005684n2-nev13864545n1" name="Mode" type="Internal" value="EcuType" visible="1"/><property class="Int" id="nev12005684n2-nev13864546n1" name="EcuType" type="In" value="284101" visible="0"/><property class="Int" id="nev12005684n2-nev13864547n1" name="ServiceId" type="In" value="106" visible="0"/><property class="String" id="nev12005684n2-nev13864548n1" name="EcuName" type="Out" value="" visible="1"/><property class="Response" id="nev12005684n2-nev13864549n1" name="Result" type="Out" value="" visible="1"/><extension id="nev12005684n2-nev13864550n1"/></node><node class="Components.VehComm" id="nev12005684n2-nev13864551n1" nodeid="Start_test" x="530" y="863"><property class="String" id="nev12005684n2-nev13864552n1" name="Mode" type="Internal" value="EcuType" visible="1"/><property class="Int" id="nev12005684n2-nev13864553n1" name="EcuType" type="In" value="284101" visible="0"/><property class="Int" id="nev12005684n2-nev13864554n1" name="ServiceId" type="In" value="109" visible="0"/><property class="String" id="nev12005684n2-nev13864555n1" name="EcuName" type="Out" value="" visible="1"/><property class="Response" id="nev12005684n2-nev13864556n1" name="Result" type="Out" value="" visible="1"/><property class="String" id="nev12005684n2-nev13864557n1" name="Identifier" type="In" value="4008" visible="0"/><property class="String" id="nev12005684n2-nev13864558n1" name="ControlOption" type="In" value="02" visible="0"/><extension id="nev12005684n2-nev13864559n1"><insertparam id="nev12005684n2-nev12223488n2" name="ControlOption"/><insertparam id="nev12005684n2-nev12223488n3" name="Identifier"/></extension></node><node class="Components.IdentifierComponent" id="nev12005684n2-nev13864560n1" nodeid="Batt voltage" x="760" y="20"><property class="Parameter" id="nev12005684n2-nev13864561n1" name="Battery voltage" type="Out" value="" visible="1"/><extension id="nev12005684n2-nev13864562n1"><identifier ecu="284101" ecuMode="EcuType" id="nev12005684n2-nev13864563n1" read="100" type="REID" value="120D"><parameter id="nev12005684n2-nev13864564n1" name="Battery voltage" textid="4713"/></identifier></extension></node><node class="Components.TextField" id="nev12005684n2-nev13864565n1" nodeid="TestResult" x="268" y="551"><gui height="90" id="nev12005684n2-nev13864566n1" width="995" x="0" y="555"/><property class="String" id="nev12005684n2-nev13864567n1" name="Text" type="In" value="Test result" visible="1"/><property class="String" id="nev12005684n2-nev13864568n1" name="Value" type="Out" value="Test result" visible="1"/></node><node class="Components.IdentifierComponent" id="nev12005684n2-nev13864569n1" nodeid="check_if_test_finished 111D" x="788" y="1117"><property class="Parameter" id="nev12005684n2-nev13864570n1" name="Quick test, tank system" type="Out" value="" visible="1"/><extension id="nev12005684n2-nev13864571n1"><identifier ecu="284101" ecuMode="EcuType" id="nev12005684n2-nev13864572n1" read="100" type="REID" value="D98D"><parameter id="nev12005684n2-nev13864573n1" name="Quick test, tank system" textid="64192"/></identifier></extension></node><node class="Components.IdentifierComponent" id="nev12005684n2-nev13864574n1" nodeid="TestPhase D9E7" x="769" y="794"><property class="Parameter" id="nev12005684n2-nev13864575n1" name="Leakage detection, phase" type="Out" value="" visible="1"/><extension id="nev12005684n2-nev13864576n1"><identifier ecu="284101" ecuMode="EcuType" id="nev12005684n2-nev13864577n1" read="100" type="REID" value="D9E7"><parameter id="nev12005684n2-nev13864578n1" name="Leakage detection, phase" textid="73951"/></identifier></extension></node><node class="Components.IdentifierComponent" id="nev12005684n2-nev13864579n1" nodeid="Quicktest D98D" x="768" y="655"><property class="Parameter" id="nev12005684n2-nev13864580n1" name="Quick test, tank system" type="Out" value="" visible="1"/><extension id="nev12005684n2-nev13864581n1"><identifier ecu="284101" ecuMode="EcuType" id="nev12005684n2-nev13864582n1" read="100" type="REID" value="D98D"><parameter id="nev12005684n2-nev13864583n1" name="Quick test, tank system" textid="64192"/></identifier></extension></node><node class="Components.Constant" id="nev12005684n2-nev13864584n1" nodeid="Unknown" x="1151" y="1140"><property class="String" id="nev12005684n2-nev13864585n1" name="Text" type="Out" value="Unknown" visible="1"/><extension id="nev12005684n2-nev13864586n1"><text id="nev12005684n2-nev12558361n1" type="raw">Unknown</text></extension></node><node class="Components.IdentifierComponent" id="nev12005684n2-nev13864587n1" nodeid="3103" x="1031" y="1137"><property class="Parameter" id="nev12005684n2-nev13864588n1" name="Läckagediagnosenhet, resultat" type="Out" value="" visible="1"/><property class="Parameter" id="nev12005684n2-nev13864589n1" name="Tanksystem, resultat" type="Out" value="" visible="1"/><extension id="nev12005684n2-nev13864590n1"><identifier ecu="284101" ecuMode="EcuType" id="nev12005684n2-nev13864591n1" read="111" type="RTOFF" value="4008"><parameter id="nev12005684n2-nev13864592n1" name="Läckagediagnosenhet, resultat" textid="86954"/><parameter id="nev12005684n2-nev13864593n1" name="Tanksystem, resultat" textid="86953"/></identifier></extension></node><node class="Components.Comment" id="nev12005684n2-nev13864594n1" nodeid="Comment1" x="841" y="640"><extension id="nev12005684n2-nev13864595n1">Running Status</extension></node><node class="Components.Comment" id="nev12005684n2-nev13864596n1" nodeid="Comment2" x="1061" y="1054"><extension id="nev12005684n2-nev13864597n1">Test Result</extension></node><node class="Components.Comment" id="nev12005684n2-nev13864598n1" nodeid="Comment3" x="845" y="3"><extension id="nev12005684n2-nev13864599n1">Conditions</extension></node><node class="Components.Comparer" id="nev12005684n2-nev13864600n1" nodeid="MinorLeakage?" x="1167" y="1455"><property class="String" id="nev12005684n2-nev13864601n1" name="Mode" type="Internal" value="String" visible="1"/><property class="String" id="nev12005684n2-nev13864602n1" name="Value1" type="In" value="" visible="1"/><property class="String" id="nev12005684n2-nev13864603n1" name="Value2" type="In" value="31" visible="0"/></node><node class="Components.Comparer" id="nev12005684n2-nev13864604n1" nodeid="MajorLeakage?" x="1286" y="1487"><property class="String" id="nev12005684n2-nev13864605n1" name="Mode" type="Internal" value="String" visible="1"/><property class="String" id="nev12005684n2-nev13864606n1" name="Value1" type="In" value="" visible="1"/><property class="String" id="nev12005684n2-nev13864607n1" name="Value2" type="In" value="32" visible="0"/></node><node class="Components.Constant" id="nev12005684n2-nev13864608n1" nodeid="MajorLeakage" x="1426" y="1420"><property class="String" id="nev12005684n2-nev13864609n1" name="Text" type="Out" value="&gt; 1.0 mm" visible="1"/><extension id="nev12005684n2-nev13864610n1"><text id="nev12005684n2-nev12558374n1" type="raw">&gt; 1.0 mm</text></extension></node><node class="Components.Comparer" id="nev12005684n2-nev13864611n1" nodeid="Comparer1" x="1411" y="1529"><property class="String" id="nev12005684n2-nev13864612n1" name="Mode" type="Internal" value="String" visible="1"/><property class="String" id="nev12005684n2-nev13864613n1" name="Value1" type="In" value="" visible="1"/><property class="String" id="nev12005684n2-nev13864614n1" name="Value2" type="In" value="30" visible="0"/></node><node class="Components.Comparer" id="nev12005684n2-nev13864615n1" nodeid="NaN" x="1007" y="1520"><property class="String" id="nev12005684n2-nev13864616n1" name="Mode" type="Internal" value="String" visible="1"/><property class="String" id="nev12005684n2-nev13864617n1" name="Value1" type="In" value="NaN" visible="0"/><property class="String" id="nev12005684n2-nev13864618n1" name="Value2" type="In" value="" visible="1"/></node><node class="Components.Constant" id="nev12005684n2-nev13864619n1" nodeid="NaN = 0 mm" x="1160" y="1582"><property class="String" id="nev12005684n2-nev13864620n1" name="Text" type="Out" value="0 mm" visible="1"/><extension id="nev12005684n2-nev13864621n1"><text id="nev12005684n2-nev12771220n1" type="raw">0 mm</text></extension></node><node class="Components.IdentifierComponent" id="nev12005684n2-nev13864622n1" nodeid="Parameter1" x="504" y="1489"><property class="Parameter" id="nev12005684n2-nev13864623n1" name="Canister, fuel vapour concentration" type="Out" value="" visible="1"/><extension id="nev12005684n2-nev13864624n1"><identifier ecu="284101" ecuMode="EcuType" id="nev12005684n2-nev13864625n1" read="100" type="REID" value="D95D"><parameter id="nev12005684n2-nev13864626n1" name="Canister, fuel vapour concentration" textid="1011829"/></identifier></extension></node><node class="Components.Comparer" id="nev12005684n2-nev13864627n1" nodeid="Comparer2" x="648" y="1532"><property class="String" id="nev12005684n2-nev13864628n1" name="Mode" type="Internal" value="Int" visible="1"/><property class="Int" id="nev12005684n2-nev13864629n1" name="Value1" type="In" value="0" visible="1"/><property class="String" id="nev12005684n2-nev13864630n1" name="Operator" type="Internal" value="GreaterThan" visible="1"/><property class="Int" id="nev12005684n2-nev13864631n1" name="Value2" type="In" value="4" visible="0"/></node><node class="Components.RunScript" id="nev12005684n2-nev13864632n1" nodeid="RunScript1" x="788" y="1553"><property class="String" id="nev12005684n2-nev13864633n1" name="Result" type="Out" value="" visible="1"/><extension id="nev12005684n2-nev13864634n1"><xml id="nev12005684n2-nev13863407n1"><ref id="nev12005684n2-nev13863163n1"><locator xlink:href="#nev12005684n2-nev13863163n1" xlink:type="locator"/><locator xlink:href="urn:x-nevis:xref:0800c8af845d6eed:00000000:00000000#nev13858250n1" xlink:type="locator"/><arc nevis:href="urn:x-nevis:xref:0800c8af845d6eed:00000000:00000000#nev13858250n1" xlink:title="VCC-381047, Check canister fuel vapour concentration (RLS MY2007)" xlink:type="arc"/></ref></xml></extension></node><node class="Components.Comparer" id="nev12005684n2-nev13864638n1" nodeid="Comparer3" x="349" y="1542"><property class="String" id="nev12005684n2-nev13864639n1" name="Mode" type="Internal" value="String" visible="1"/><property class="String" id="nev12005684n2-nev13864640n1" name="Value1" type="In" value="30788964 AA" visible="0"/><property class="String" id="nev12005684n2-nev13864641n1" name="Value2" type="In" value="" visible="1"/></node><node class="Components.VehComm" id="nev12005684n2-nev13864642n1" nodeid="VehComm1" x="49" y="1531"><property class="String" id="nev12005684n2-nev13864643n1" name="Mode" type="Internal" value="EcuType" visible="1"/><property class="Int" id="nev12005684n2-nev13864644n1" name="EcuType" type="In" value="284101" visible="0"/><property class="Int" id="nev12005684n2-nev13864645n1" name="ServiceId" type="In" value="100" visible="0"/><property class="String" id="nev12005684n2-nev13864646n1" name="EcuName" type="Out" value="" visible="1"/><property class="Response" id="nev12005684n2-nev13864647n1" name="Result" type="Out" value="" visible="1"/><property class="String" id="nev12005684n2-nev13864648n1" name="Identifier" type="In" value="F110" visible="0"/><extension id="nev12005684n2-nev13864649n1"><insertparam id="nev12005684n2-nev13863019n1" name="Identifier"/></extension></node><node class="Components.ResultGet" id="nev12005684n2-nev13864650n1" nodeid="ResponseGet1" x="183" y="1466"><property class="Response" id="nev12005684n2-nev13864651n1" name="InValue" type="In" value="" visible="1"/><property class="String" id="nev12005684n2-nev13864652n1" name="diagno" type="Out" value="" visible="1"/><extension id="nev12005684n2-nev13864653n1"><get id="nev12005684n2-nev13863024n1" property="diagno"><getbyname id="nev12005684n2-nev13863025n1" key="Records"/><getbyid id="nev12005684n2-nev13863026n1" key="61712" name="ListItem" title="Diagnostic PartNo"/><getbyname id="nev12005684n2-nev13863027n1" key="Parameters"/><getbyid id="nev12005684n2-nev13863028n1" key="78001" name="Parameter" title="ECU Diagnostic Number"/><getbyname id="nev12005684n2-nev13863029n1" key="value"/></get></extension></node><node class="Components.StringFormat" id="nev12005684n2-nev13864654n1" nodeid="StringFormat1" x="237" y="1624"><property class="String" id="nev12005684n2-nev13864655n1" name="String" type="Out" value="" visible="1"/><property class="String" id="nev12005684n2-nev13864656n1" name="Format" type="Internal" value="{0:S0,11}" visible="1"/><property class="String" id="nev12005684n2-nev13864657n1" name="0" type="In" value="" visible="1"/></node><node class="Components.ScriptButton" id="nev12005684n2-nev13864658n1" nodeid="Button1" x="621" y="1646"><gui height="23" id="nev12005684n2-nev13864659n1" width="75" x="-70" y="700"/><property class="String" id="nev12005684n2-nev13864660n1" name="Text" type="In" value="Hidden" visible="1"/><property class="String" id="nev12005684n2-nev13864661n1" name="StartDisabled" type="Internal" value="false" visible="1"/><property class="String" id="nev12005684n2-nev13864662n1" name="StartVisible" type="Internal" value="true" visible="1"/><extension id="nev12005684n2-nev13864663n1"/></node></nodes><handlers id="nev12005684n2-nev13864664n1"><eventhandler id="nev12005684n2-nev13864665n1" name="OnStart" node="Start"><call id="nev12005684n2-nev13864666n1" method="UpdateTitles" node="Batt voltage"/><call id="nev12005684n2-nev13864667n1" method="UpdateTitles" node="AmbientAirPressure"/><call id="nev12005684n2-nev13864668n1" method="UpdateTitles" node="FuelLevelFromCEM"/><call id="nev12005684n2-nev13864669n1" method="UpdateTitles" node="AmbientTemperature"/><call id="nev12005684n2-nev13864670n1" method="UpdateTitles" node="3103"/><call id="nev12005684n2-nev13864671n1" method="UpdateTitles" node="TestPhase D9E7"/><call id="nev12005684n2-nev13864672n1" method="UpdateTitles" node="read_estimated_leakage"/><call id="nev12005684n2-nev13864673n1" method="UpdateTitles" node="Quicktest D98D"/><call id="nev12005684n2-nev13864674n1" method="Start" node="Repeater1"/></eventhandler><eventhandler id="nev12005684n2-nev13864675n1" name="Click" node="hide"><call id="nev12005684n2-nev13864676n1" method="CloseDialog" node="end_script"/></eventhandler><eventhandler id="nev12005684n2-nev13864677n1" name="Click" node="start"><call id="nev12005684n2-nev13864678n1" method="Execute" node="VehComm1"/></eventhandler><eventhandler id="nev12005684n2-nev13864679n1" name="Click" node="stop"><call id="nev12005684n2-nev13864680n1" method="Stop" node="timer"/><call id="nev12005684n2-nev13864681n1" method="Disable" node="stop"/><call id="nev12005684n2-nev13864682n1" method="Enable" node="start"/><call id="nev12005684n2-nev13864683n1" method="Enable" node="hide"/><call id="nev12005684n2-nev13864684n1" method="Execute" node="Stop_test"/></eventhandler><eventhandler id="nev12005684n2-nev13864685n1" name="OnRepeat" node="Repeater1"><call id="nev12005684n2-nev13864686n1" method="Read" node="AmbientAirPressure"/><call id="nev12005684n2-nev13864687n1" method="Read" node="FuelLevelFromCEM"/><call id="nev12005684n2-nev13864688n1" method="Read" node="AmbientTemperature"/><call id="nev12005684n2-nev13864689n1" method="Read" node="Batt voltage"/><call id="nev12005684n2-nev13864690n1" method="Read" node="Quicktest D98D"/></eventhandler><eventhandler id="nev12005684n2-nev13864691n1" name="OnRepeat" node="Repeater2"><call id="nev12005684n2-nev13864692n1" method="Read" node="TestPhase D9E7"/><call id="nev12005684n2-nev13864693n1" method="Read" node="Quicktest D98D"/><call id="nev12005684n2-nev13864694n1" method="Read" node="check_if_test_finished 111D"/></eventhandler><eventhandler id="nev12005684n2-nev13864695n1" name="OnTrue" node="test_finished"><call id="nev12005684n2-nev13864696n1" method="Read" node="3103"/><call id="nev12005684n2-nev13864697n1" method="Enable" node="start"/><call id="nev12005684n2-nev13864698n1" method="Disable" node="stop"/><call id="nev12005684n2-nev13864699n1" method="Enable" node="hide"/></eventhandler><eventhandler id="nev12005684n2-nev13864700n1" name="OnPositiveResponse" node="Stop_test"><call id="nev12005684n2-nev13864701n1" method="Execute" node="1001"/></eventhandler><eventhandler id="nev12005684n2-nev13864702n1" name="OnPositiveResponse" node="1003"><call id="nev12005684n2-nev13864703n1" method="Execute" node="Start_test"/></eventhandler><eventhandler id="nev12005684n2-nev13864704n1" name="OnPositiveResponse" node="check_if_test_finished 111D"><call id="nev12005684n2-nev13864705n1" method="Compare" node="test_finished"/></eventhandler><eventhandler id="nev12005684n2-nev13864706n1" name="OnNegativeResponse" node="read_estimated_leakage"><call id="nev12005684n2-nev13864707n1" method="Trigger" node="unknown_leakage"/></eventhandler><eventhandler id="nev12005684n2-nev13864708n1" name="OnNegativeResponse" node="3103"><call id="nev12005684n2-nev13864709n1" method="Trigger" node="Unknown"/></eventhandler><eventhandler id="nev12005684n2-nev13864710n1" name="OnPositiveResponse" node="3103"><call id="nev12005684n2-nev13864711n1" method="Compare" node="MinorLeakage?"/></eventhandler><eventhandler id="nev12005684n2-nev13864712n1" name="OnFalse" node="MinorLeakage?"><call id="nev12005684n2-nev13864713n1" method="Compare" node="MajorLeakage?"/></eventhandler><eventhandler id="nev12005684n2-nev13864714n1" name="OnTrue" node="MinorLeakage?"><call id="nev12005684n2-nev13864715n1" method="Read" node="read_estimated_leakage"/></eventhandler><eventhandler id="nev12005684n2-nev13864716n1" name="OnTrue" node="MajorLeakage?"><call id="nev12005684n2-nev13864717n1" method="Trigger" node="MajorLeakage"/></eventhandler><eventhandler id="nev12005684n2-nev13864718n1" name="OnFalse" node="MajorLeakage?"><call id="nev12005684n2-nev13864719n1" method="Compare" node="Comparer1"/></eventhandler><eventhandler id="nev12005684n2-nev13864720n1" name="OnTrue" node="Comparer1"><call id="nev12005684n2-nev13864721n1" method="Read" node="read_estimated_leakage"/></eventhandler><eventhandler id="nev12005684n2-nev13864722n1" name="OnFalse" node="Comparer1"><call id="nev12005684n2-nev13864723n1" method="Trigger" node="unknown_leakage"/></eventhandler><eventhandler id="nev12005684n2-nev13864724n1" name="OnPositiveResponse" node="read_estimated_leakage"><call id="nev12005684n2-nev13864725n1" method="Compare" node="NaN"/></eventhandler><eventhandler id="nev12005684n2-nev13864726n1" name="OnTrue" node="NaN"><call id="nev12005684n2-nev13864727n1" method="Trigger" node="NaN = 0 mm"/></eventhandler><eventhandler id="nev12005684n2-nev13864728n1" name="OnPositiveResponse" node="Parameter1"><call id="nev12005684n2-nev13864729n1" method="Compare" node="Comparer2"/></eventhandler><eventhandler id="nev12005684n2-nev13864730n1" name="OnTrue" node="Comparer3"><call id="nev12005684n2-nev13864731n1" method="Read" node="Parameter1"/></eventhandler><eventhandler id="nev12005684n2-nev13864732n1" name="OnFalse" node="Comparer3"><call id="nev12005684n2-nev13864733n1" method="Start" node="timer"/><call id="nev12005684n2-nev13864734n1" method="Enable" node="stop"/><call id="nev12005684n2-nev13864735n1" method="Disable" node="start"/><call id="nev12005684n2-nev13864736n1" method="Disable" node="hide"/><call id="nev12005684n2-nev13864737n1" method="Execute" node="1003"/><call id="nev12005684n2-nev13864738n1" method="Start" node="Repeater2"/></eventhandler><eventhandler id="nev12005684n2-nev13864739n1" name="OnFalse" node="Comparer2"><call id="nev12005684n2-nev13864740n1" method="Start" node="timer"/><call id="nev12005684n2-nev13864741n1" method="Enable" node="stop"/><call id="nev12005684n2-nev13864742n1" method="Disable" node="start"/><call id="nev12005684n2-nev13864743n1" method="Disable" node="hide"/><call id="nev12005684n2-nev13864744n1" method="Execute" node="1003"/><call id="nev12005684n2-nev13864745n1" method="Start" node="Repeater2"/></eventhandler><eventhandler id="nev12005684n2-nev13864746n1" name="OnTrue" node="Comparer2"><call id="nev12005684n2-nev13864747n1" method="Run" node="RunScript1"/></eventhandler><eventhandler id="nev12005684n2-nev13864748n1" name="OnPositiveResponse" node="VehComm1"><call id="nev12005684n2-nev13864749n1" method="Execute" node="ResponseGet1"/><call id="nev12005684n2-nev13864750n1" method="Format" node="StringFormat1"/><call id="nev12005684n2-nev13864751n1" method="Compare" node="Comparer3"/></eventhandler><eventhandler id="nev12005684n2-nev13864752n1" name="Click" node="Button1"><call id="nev12005684n2-nev13864753n1" method="Run" node="RunScript1"/></eventhandler><propertyhandler id="nev12005684n2-nev13864754n1" name="Text" node="unknown_leakage"><set id="nev12005684n2-nev13864755n1" node="estimated_leakage" property="Value"/></propertyhandler><propertyhandler id="nev12005684n2-nev13864756n1" name="Battery voltage" node="Batt voltage"><set id="nev12005684n2-nev13864757n1" node="ParameterLabel1" property="Parameter"/></propertyhandler><propertyhandler id="nev12005684n2-nev13864758n1" name="Fuel level (via CAN)" node="FuelLevelFromCEM"><set id="nev12005684n2-nev13864759n1" node="ParameterLabel3" property="Parameter"/></propertyhandler><propertyhandler id="nev12005684n2-nev13864760n1" name="Estimated leakage" node="read_estimated_leakage"><set id="nev12005684n2-nev13864761n1" node="estimated_leakage" property="Parameter"/><set id="nev12005684n2-nev13864762n1" node="NaN" property="Value2"/></propertyhandler><propertyhandler id="nev12005684n2-nev13864763n1" name="Leakage detection, phase" node="TestPhase D9E7"><set id="nev12005684n2-nev13864764n1" node="ParameterLabel6" property="Parameter"/></propertyhandler><propertyhandler id="nev12005684n2-nev13864765n1" name="Quick test, tank system" node="Quicktest D98D"><set id="nev12005684n2-nev13864766n1" node="ParameterLabel5" property="Parameter"/></propertyhandler><propertyhandler id="nev12005684n2-nev13864767n1" name="Quick test, tank system" node="check_if_test_finished 111D"><set id="nev12005684n2-nev13864768n1" node="test_finished" property="Value1"/></propertyhandler><propertyhandler id="nev12005684n2-nev13864769n1" name="Text" node="Unknown"><set id="nev12005684n2-nev13864770n1" node="Tank_TestResult" property="Value"/><set id="nev12005684n2-nev13864771n1" node="DMTL_TestResult" property="Value"/></propertyhandler><propertyhandler id="nev12005684n2-nev13864772n1" name="Text" node="MajorLeakage"><set id="nev12005684n2-nev13864773n1" node="estimated_leakage" property="Value"/></propertyhandler><propertyhandler id="nev12005684n2-nev13864774n1" name="Tanksystem, resultat" node="3103"><set id="nev12005684n2-nev13864775n1" node="MinorLeakage?" property="Value1"/><set id="nev12005684n2-nev13864776n1" node="Tank_TestResult" property="Parameter"/><set id="nev12005684n2-nev13864777n1" node="MajorLeakage?" property="Value1"/><set id="nev12005684n2-nev13864778n1" node="Comparer1" property="Value1"/></propertyhandler><propertyhandler id="nev12005684n2-nev13864779n1" name="Läckagediagnosenhet, resultat" node="3103"><set id="nev12005684n2-nev13864780n1" node="DMTL_TestResult" property="Parameter"/></propertyhandler><propertyhandler id="nev12005684n2-nev13864781n1" name="Text" node="NaN = 0 mm"><set id="nev12005684n2-nev13864782n1" node="estimated_leakage" property="Value"/></propertyhandler><propertyhandler id="nev12005684n2-nev13864783n1" name="Atmosfärstryck" node="AmbientAirPressure"><set id="nev12005684n2-nev13864784n1" node="ParameterLabel2" property="Parameter"/></propertyhandler><propertyhandler id="nev12005684n2-nev13864785n1" name="Outside temperature" node="AmbientTemperature"><set id="nev12005684n2-nev13864786n1" node="ParameterLabel4" property="Parameter"/></propertyhandler><propertyhandler id="nev12005684n2-nev13864787n1" name="Canister, fuel vapour concentration" node="Parameter1"><set id="nev12005684n2-nev13864788n1" node="Comparer2" property="Value1"/></propertyhandler><propertyhandler id="nev12005684n2-nev13864789n1" name="Result" node="VehComm1"><set id="nev12005684n2-nev13864790n1" node="ResponseGet1" property="InValue"/></propertyhandler><propertyhandler id="nev12005684n2-nev13864791n1" name="diagno" node="ResponseGet1"><set id="nev12005684n2-nev13864792n1" node="StringFormat1" property="0"/></propertyhandler><propertyhandler id="nev12005684n2-nev13864793n1" name="String" node="StringFormat1"><set id="nev12005684n2-nev13864794n1" node="Comparer3" property="Value2"/></propertyhandler></handlers></content></script>