<?xml version="1.0" encoding="UTF-8"?><servinfosub IE-ID="en-US0900c8af85e14003" docno="VCC-406772" id="nev15214701n1" original="sv-SE" servinfosubId="nev20682553n1-nev20682553n2" servinfosubRes="0900c8af862b8c33" servinfosubRes2="urn:x-nevis:fragment:0900c8af85e14003:0900c8af862b8c33#nev20682553n2" xml:lang="en-US">
<title id="nev15214701n2">Component locat#@#@#28#(KVM)</title>
<grate id="nev20682553n1-nev15214722n247" pgwide="1">
<graphic id="nev20682553n1-nev15214722n246">
<href>0900c8af84c6cc7#@#@#11#.jpeg</href>
</graphic>
</grate>
<list1 enumtype="n" id="nev20682553n1-nev15214701n5" type="ordered">
<item id="nev20682553n1-nev15214701n6">
<ptxt id="nev20682553n1-nev15214701n7">Antenna externa#@#@#8# rear</ptxt>
</item>
<item id="nev20682553n1-nev15214701n8">
<ptxt id="nev20682553n1-nev15214701n9">Rear antenna in#@#@#29#na 3)</ptxt>
</item>
<item id="nev20682553n1-nev15214701n10">
<ptxt id="nev20682553n1-nev15214702n1">Center antenna #@#@#31#na 2)</ptxt>
</item>
<item id="nev20682553n1-nev15214702n2">
<ptxt id="nev20682553n1-nev15214702n3">Front antenna i#@#@#30#na 1)</ptxt>
</item>
<item id="nev20682553n1-nev15214702n6">
<ptxt id="nev20682553n1-nev15214702n7">Remote keyless #@#@#6#(RKE)</ptxt>
</item>
<item id="nev20682553n1-nev15214702n8">
<ptxt id="nev20682553n1-nev15214702n9">Ignition antenn#@#@#7#(IAU)</ptxt>
</item>
<item id="nev20682553n1-nev15214702n10">
<ptxt id="nev20682553n1-nev15214703n1">Keyless vehicle#@#@#8#(KVM)</ptxt>
</item>
<item id="nev20682553n1-nev15214703n5">
<ptxt id="nev20682553n1-nev15214703n6">External door h#@#@#6#(x 4)</ptxt>
</item>
</list1>
</servinfosub>