<?xml version="1.0" encoding="UTF-8"?><servinfosub IE-ID="en-US0900c8af85639003" docno="VCC-434619" id="nev17325555n1" original="sv-SE" servinfosubId="nev20689006n1-nev20689006n2" servinfosubRes="0900c8af862c3e5e" servinfosubRes2="urn:x-nevis:fragment:0900c8af85639003:0900c8af862c3e5e#nev20689006n2" xml:lang="en-US">
<title id="nev17325555n2">Diagnostic functions</title>
<topic id="nev20689006n1-nev17325555n3">
<title id="nev20689006n1-nev17325555n4">General</title>
<para id="nev20689006n1-nev17325555n5">
<ptxt id="nev20689006n1-nev17325555n6">The pedestrian #@#@#124#tics.</ptxt>
</para>
</topic>
<topic id="nev20689006n1-nev17325555n7">
<title id="nev20689006n1-nev17325555n8">Diagnostic trou#@#@#11#DTCs)</title>
<para id="nev20689006n1-nev17325555n9">
<ptxt id="nev20689006n1-nev17325555n10">A diagnostic tr#@#@#189#ited.</ptxt>
</para>
</topic>
<topic id="nev20689006n1-nev17325556n3">
<title id="nev20689006n1-nev17325556n4">Reading and era#@#@#31#DTCs)</title>
<para id="nev20689006n1-nev17325556n5">
<ptxt id="nev20689006n1-nev17325556n6">Stored diagnost#@#@#66#tion.</ptxt>
</para>
<note id="nev20689006n1-nev17325830n250">
<ptxt id="nev20689006n1-nev17325830n249">Certain functio#@#@#73#ased.</ptxt>
</note>
</topic>
<topic id="nev20689006n1-nev17325556n7">
<title id="nev20689006n1-nev17325556n8">Reading off the#@#@#6#eters</title>
<para id="nev20689006n1-nev17325556n9">
<ptxt id="nev20689006n1-nev17325556n10">This function i#@#@#92#ally.</ptxt>
</para>
</topic>
<topic id="nev20689006n1-nev17325557n2">
<title id="nev20689006n1-nev17325557n3">Activating comp#@#@#15#tions</title>
<para id="nev20689006n1-nev17325557n4">
<ptxt id="nev20689006n1-nev17325557n5">This function c#@#@#60# PPM.</ptxt>
</para>
</topic>
<topic id="nev20689006n1-nev17325557n7">
<title id="nev20689006n1-nev17325557n8">Reading off the#@#@#25#ation</title>
<para id="nev20689006n1-nev17325557n9">
<ptxt id="nev20689006n1-nev17325557n10">The diagnostic #@#@#91#mory.</ptxt>
<ptxt id="nev20689006n1-nev17325558n1">The codes conta#@#@#35#dule:</ptxt>
</para>
<list1 enumtype="d" id="nev20689006n1-nev17325558n2" type="unordered">
<item id="nev20689006n1-nev17325558n3">
<ptxt id="nev20689006n1-nev17325558n4">hardware P/N (c#@#@#26#ware)</ptxt>
</item>
<item id="nev20689006n1-nev17325558n5">
<ptxt id="nev20689006n1-nev17325558n6">hardware serial#@#@#36#ware)</ptxt>
</item>
<item id="nev20689006n1-nev17325558n7">
<ptxt id="nev20689006n1-nev17325558n8">software P/N</ptxt>
</item>
<item id="nev20689006n1-nev17325558n9">
<ptxt id="nev20689006n1-nev17325558n10">diagnostic soft#@#@#3#e P/N</ptxt>
</item>
</list1>
<para id="nev20689006n1-nev17927326n250">
<ptxt id="nev20689006n1-nev17927326n249">The following i#@#@#58#mory:</ptxt>
</para>
<list1 enumtype="d" id="nev20689006n1-nev17927326n248" type="unordered">
<item id="nev20689006n1-nev17927326n247">
<ptxt id="nev20689006n1-nev17927326n246">Serial number c#@#@#32#ction</ptxt>
</item>
</list1>
</topic>
<topic id="nev20689006n1-nev17325830n248">
<title id="nev20689006n1-nev17325830n247">Reading off ext#@#@#26#ation</title>
<para id="nev20689006n1-nev17325830n246">
<ptxt id="nev20689006n1-nev17325830n245">This function c#@#@#135#ues).</ptxt>
</para>
<para id="nev20689006n1-nev17325830n244">
<ptxt id="nev20689006n1-nev17325830n243">For more inform#@#@#65#ther.</ptxt>
</para>
</topic>
</servinfosub>