<?xml version="1.0" encoding="UTF-8"?><servinfosub IE-ID="en-US0900c8af823db003" docno="VCC-165204" id="KC09020092" xml:lang="en-US">
<title>
<phrase category="" id="KC09020096" phrase-urn="urn:x-nevis:phrase:0800c8af823db004">Diagnostic trou#@#@#33#52C00</phrase>
</title>
<diagnostic type="condition">
<condgrp>
<condition type="condition">
<grate>
<graphic id="KC09020097" width="column">
<href>0900c8af8005645#@#@#9#.jpeg</href>
</graphic>
<graphtext>
<para>
<ptxt>
<phrase category="" id="KC09020098" phrase-urn="urn:x-nevis:phrase:0800c8af823db005">The oil level s#@#@#197# low.</phrase>
</ptxt>
<ptxt>
<phrase category="" id="KC09020099" phrase-urn="urn:x-nevis:phrase:0800c8af823db006">The diagnostic #@#@#53#ing. </phrase>
</ptxt>
</para>
</graphtext>
</grate>
</condition>
</condgrp>
<condgrp>
<condition type="substitution">
<list1 enumtype="d">
<item>
<ptxt>
<phrase category="" id="KC09020100" phrase-urn="urn:x-nevis:phrase:0800c8af823db007">Nothing.</phrase>
</ptxt>
</item>
</list1>
</condition>
<ps>
<list1 enumtype="d" type="unordered">
<item>
<ptxt>
<phrase category="" id="KC09020101" phrase-urn="urn:x-nevis:phrase:0800c8af823db008">The signal cabl#@#@#26#ound.</phrase>
</ptxt>
</item>
<item>
<ptxt>
<phrase category="" id="KC09020102" phrase-urn="urn:x-nevis:phrase:0800c8af823db009">Damaged oil lev#@#@#5#nsor.</phrase>
</ptxt>
</item>
</list1>
</ps>
</condgrp>
<condgrp>
<condition type="symptom">
<list1 enumtype="d" type="unordered">
<item>
<ptxt>
<phrase category="" id="KC09020103" phrase-urn="urn:x-nevis:phrase:0800c8af823db00a">Nothing.</phrase>
</ptxt>
</item>
</list1>
</condition>
</condgrp>
</diagnostic>
</servinfosub>