<?xml version="1.0" encoding="UTF-8"?><servinfosub IE-ID="en-US0900c8af800df003" docno="VCC-144873" id="KC01356010" servinfosubId="nev20687433n1-nev20687433n2" servinfosubRes="0900c8af862c313a" servinfosubRes2="urn:x-nevis:fragment:0900c8af800df003:0900c8af862c313a#nev20687433n2" xml:lang="en-US">
<title>Downloading sof#@#@#33#odule</title>
<topic id="nev20687433n1-KC01356055">
<title/>
<para>
<ptxt>New software ca#@#@#423#ded. </ptxt>
<ptxt>For further inf#@#@#73#ware.</ptxt>
</para>
</topic>
</servinfosub>