<?xml version="1.0" encoding="UTF-8"?><servinfosub IE-ID="en-US0900c8af83f27003" docno="VCC-330547" id="nev12872506n1" xml:lang="en-US">
<title>
<phrase category="Title" id="nev12872506n2" phrase-urn="urn:x-nevis:phrase:0800c8af81eb9a54">Diagnostic trou#@#@#21#ation</phrase>
</title>
<diagnostic j2008use="1" paperuse="1" screenuse="1" type="condition">
<condgrp>
<condition type="condition">
<grate id="nev12872506n4">
<graphic id="l1178626862454">
<href>0900c8af80730f5#@#@#9#.jpeg</href>
</graphic>
</grate>
<para id="nev12872506n6">
<ptxt id="nev12872511n99">
<phrase category="Condition" id="nev12872517n1" phrase-urn="urn:x-nevis:phrase:0800c8af83f27015">Engine control #@#@#55# 5 V.</phrase>
</ptxt>
</para>
<para id="nev12872507n2">
<ptxt id="nev12872507n3">
<phrase category="Condition" id="nev12872507n4" phrase-urn="urn:x-nevis:phrase:0800c8af82d99a0a">The diagnostic #@#@#54#ects:</phrase>
</ptxt>
</para>
<list1 id="nev12872507n5">
<item id="nev12872507n6">
<ptxt id="nev12872507n7">
<phrase category="Condition" id="nev12872523n1" phrase-urn="urn:x-nevis:phrase:0800c8af83f2701b">Voltage supply #@#@#21#.3 V.</phrase>
</ptxt>
</item>
</list1>
<para id="nev12872507n9">
<ptxt id="nev12872507n10">
<phrase category="Condition" id="nev12872508n1" phrase-urn="urn:x-nevis:phrase:0800c8af82c479d6">The control mod#@#@#67#t of:</phrase>
</ptxt>
</para>
<list1 id="nev12872508n2">
<item id="nev12872508n3">
<ptxt id="nev12872508n4">
<phrase category="Preparatory" id="nev12872508n5" phrase-urn="urn:x-nevis:phrase:0800c8af8031b478">Ignition on.</phrase>
</ptxt>
</item>
</list1>
</condition>
</condgrp>
<condgrp>
<condition type="substitution">
<list1 enumtype="d" type="unordered">
<item id="nev12872508n6">
<ptxt id="nev12872508n7">
<phrase category="Substitution" id="nev12872508n8" phrase-urn="urn:x-nevis:phrase:0800c8af81eb9984">None.</phrase>
</ptxt>
</item>
</list1>
</condition>
<ps>
<list1 enumtype="d" type="unordered">
<item id="nev12872510n1">
<ptxt id="nev12872510n2">
<phrase category="Possible source" id="nev12872525n1" phrase-urn="urn:x-nevis:phrase:0800c8af81eaba5c">Damaged engine #@#@#16#ECM).</phrase>
</ptxt>
</item>
</list1>
</ps>
</condgrp>
<condgrp>
<condition type="symptom">
<list1 enumtype="d" type="unordered">
<item id="nev12872510n4">
<ptxt id="nev12872510n5">
<phrase category="Symptom CSC" id="nev12872524n1" phrase-urn="urn:x-nevis:phrase:0800c8af8388f137">IV, Text window#@#@#27#ssage</phrase>
</ptxt>
</item>
</list1>
</condition>
</condgrp>
</diagnostic>
</servinfosub>