<?xml version="1.0" encoding="UTF-8"?><diagnostic IE-ID="en-US0900c8af805d9408" docno="VCC-071615" id="KC02232393" type="test" xml:lang="en-US">
<testgrp IE-ID="en-US0900c8af805d9408_KC02310570" id="KC02310570" j2008use="1" paperuse="1" resumable="1" screenuse="1" testgrp-id="ec2" x="80" y="80">
<title>
<phrase category="" id="KC08492881" phrase-urn="urn:x-nevis:phrase:0800c8af81dcd33e">Checking power #@#@#1#round</phrase>
</title>
<node>
<test1>
<diaglist>
<dgraphic>
<dgraphic1>
<graphic id="KC08492882">
<href>0900c8af80054d4#@#@#9#.jpeg</href>
</graphic>
</dgraphic1>
<dgraphic2>
<graphic id="KC08492883">
<href>0900c8af80054d7#@#@#9#.jpeg</href>
</graphic>
</dgraphic2>
</dgraphic>
<ditem>
<ptxt>
<phrase category="" id="KC08492884" phrase-urn="urn:x-nevis:phrase:0800c8af81dcd33f">Ignition off.</phrase>
</ptxt>
</ditem>
<ditem>
<ptxt>
<phrase category="" id="KC08492885" phrase-urn="urn:x-nevis:phrase:0800c8af81dcd340">Disconnect conn#@#@#34#sor. </phrase>
</ptxt>
</ditem>
</diaglist>
<test2>
<diaglist>
<dgraphic>
<dgraphic1>
<graphic id="KC08492886">
<href>0900c8af801277d#@#@#9#.jpeg</href>
</graphic>
</dgraphic1>
<dgraphic2>
<graphic id="KC08492887">
<href>0900c8af80054d4#@#@#9#.jpeg</href>
</graphic>
<smarttool id="KC08492888" toolname="ODA"/>
</dgraphic2>
</dgraphic>
<ditem>
<ditemtext>
<ptxt>
<phrase category="" id="KC08492889" phrase-urn="urn:x-nevis:phrase:0800c8af81dcd341">Connect an ohmm#@#@#39#und. </phrase>
</ptxt>
</ditemtext>
</ditem>
</diaglist>
</test2>
</test1>
<question>The ohmmeter sh#@#@#9# 0 Ω.</question>
<resact-grp>
<result button="ok" comp="button" highlight="0"/>
<action j2008use="1" paperuse="1" screenuse="1">
<ptxt>
<xref>
<ref id="KC08492890"/>
</xref>
</ptxt>
</action>
</resact-grp>
<resact-grp>
<result button="notok" comp="button" highlight="0"/>
<action j2008use="1" paperuse="1" screenuse="1">
<ptxt>
<xref>
<ref id="KC08492891"/>
</xref>
</ptxt>
</action>
</resact-grp>
</node>
</testgrp>
<testgrp id="KC02310571" j2008use="1" paperuse="1" resumable="1" screenuse="1" testgrp-id="ec2-1" x="240" y="80">
<title>
<phrase category="" id="KC08492892" phrase-urn="urn:x-nevis:phrase:0800c8af81dcd342">Checking for op#@#@#29#tance</phrase>
</title>
<node>
<test1>
<test2>
<diaglist>
<dgraphic>
<dgraphic1>
<graphic id="KC08492893">
<href>0900c8af801277d#@#@#9#.jpeg</href>
</graphic>
</dgraphic1>
<dgraphic2>
<graphic id="KC08492894">
<href>0900c8af80054d4#@#@#9#.jpeg</href>
</graphic>
<smarttool active="press" id="KC08492895" toolname="ODAH"/>
</dgraphic2>
</dgraphic>
<ditem>
<ditemtext>
<ptxt>
<phrase category="" id="KC08492896" phrase-urn="urn:x-nevis:phrase:0800c8af81dcd343">Check cable to #@#@#62#g to <xref>
<ref id="KC08492897"/>
</xref> and contact re#@#@#23#with <xref>
<ref id="KC08492898"/>
</xref>.</phrase>
</ptxt>
</ditemtext>
</ditem>
</diaglist>
<grate>
<graphic id="KC08492899">
<href>0900c8af80056cb#@#@#9#.jpeg</href>
</graphic>
</grate>
</test2>
</test1>
<question>Select "Continu#@#@#32#ied.
</question>
<resact-grp>
<result button="cont" comp="button" highlight="0"/>
<action j2008use="1" paperuse="1" screenuse="1">
<return value="FAULT FOUND"/>
</action>
</resact-grp>
</node>
</testgrp>
<testgrp id="KC02310572" j2008use="1" paperuse="1" resumable="1" screenuse="1" testgrp-id="ec3" x="80" y="160">
<title>
<phrase category="" id="KC08492900" phrase-urn="urn:x-nevis:phrase:0800c8af81dcd344">Checking power #@#@#1#upply</phrase>
</title>
<node>
<test1>
<diaglist>
<dgraphic>
<dgraphic1>
<graphic id="KC08492901">
<href>0900c8af80054d5#@#@#9#.jpeg</href>
</graphic>
</dgraphic1>
</dgraphic>
<ditem>
<ptxt>
<phrase category="" id="KC08492902" phrase-urn="urn:x-nevis:phrase:0800c8af81dcd345">Ignition on. </phrase>
</ptxt>
</ditem>
</diaglist>
<test2>
<diaglist>
<dgraphic>
<dgraphic1>
<graphic id="KC08492903">
<href>0900c8af801277d#@#@#9#.jpeg</href>
</graphic>
</dgraphic1>
<dgraphic2>
<graphic id="KC08492904">
<href>0900c8af80054d4#@#@#9#.jpeg</href>
</graphic>
<smarttool id="KC08492905" toolname="VDCD40"/>
</dgraphic2>
</dgraphic>
<ditem>
<ditemtext>
<ptxt>
<phrase category="" id="KC08492906" phrase-urn="urn:x-nevis:phrase:0800c8af81dcd346">Connect a voltm#@#@#62#und. </phrase>
</ptxt>
</ditemtext>
</ditem>
</diaglist>
</test2>
</test1>
<question>The voltmeter s#@#@#23#age.
</question>
<resact-grp>
<result button="ok" comp="button" highlight="0"/>
<action j2008use="1" paperuse="1" screenuse="1">
<ptxt>
<xref>
<ref id="KC08492907"/>
</xref>
</ptxt>
</action>
</resact-grp>
<resact-grp>
<result button="notok" comp="button" highlight="0"/>
<action j2008use="1" paperuse="1" screenuse="1">
<ptxt>
<xref>
<ref id="KC08492908"/>
</xref>
</ptxt>
</action>
</resact-grp>
</node>
</testgrp>
<testgrp id="KC02310573" j2008use="1" paperuse="1" resumable="1" screenuse="1" testgrp-id="ec3-1" x="240" y="160">
<title>
<phrase category="" id="KC08492909" phrase-urn="urn:x-nevis:phrase:0800c8af81dcd347">Check open-circ#@#@#12#ation</phrase>
</title>
<node>
<test1>
<test2>
<diaglist>
<dgraphic>
<dgraphic1>
<graphic id="KC08492910">
<href>0900c8af801277d#@#@#9#.jpeg</href>
</graphic>
</dgraphic1>
<dgraphic2>
<graphic id="KC08492911">
<href>0900c8af80054d4#@#@#9#.jpeg</href>
</graphic>
<smarttool active="press" id="KC08492912" toolname="ODAH"/>
</dgraphic2>
</dgraphic>
<ditem>
<ditemtext>
<ptxt>
<phrase category="" id="KC08492913" phrase-urn="urn:x-nevis:phrase:0800c8af81dcd348">Check cable bet#@#@#89#cuit <xref>
<ref id="KC08492914"/>
</xref>and clean and t#@#@#65#g to <xref>
<ref id="KC08492915"/>
</xref>. </phrase>
</ptxt>
</ditemtext>
</ditem>
</diaglist>
<grate>
<graphic id="KC08492916">
<href>0900c8af80056cb#@#@#9#.jpeg</href>
</graphic>
</grate>
</test2>
</test1>
<question>Select "Continu#@#@#32#ied.
</question>
<resact-grp>
<result button="cont" comp="button" highlight="0"/>
<action j2008use="1" paperuse="1" screenuse="1">
<return value="FAULT FOUND"/>
</action>
</resact-grp>
</node>
</testgrp>
<testgrp id="KC02310574" j2008use="1" paperuse="1" resumable="1" screenuse="1" testgrp-id="ec4" x="80" y="240">
<title>
<phrase category="" id="KC08492917" phrase-urn="urn:x-nevis:phrase:0800c8af81dcd349">Checking mass a#@#@#15#ensor</phrase>
</title>
<node>
<test1>
<diaglist>
<dgraphic>
<dgraphic1>
<graphic id="KC08492918">
<href>0900c8af80054d5#@#@#9#.jpeg</href>
</graphic>
</dgraphic1>
<dgraphic2>
<graphic id="KC08492919">
<href>0900c8af80054d7#@#@#9#.jpeg</href>
</graphic>
</dgraphic2>
</dgraphic>
<ditem>
<ptxt>
<phrase category="" id="KC08492920" phrase-urn="urn:x-nevis:phrase:0800c8af81dcd34a">Connect mass ai#@#@#15#nsor.</phrase>
</ptxt>
</ditem>
<ditem>
<ptxt>
<phrase category="" id="KC08492921" phrase-urn="urn:x-nevis:phrase:0800c8af81dcd34b">Ignition on.</phrase>
</ptxt>
</ditem>
</diaglist>
<test2>
<diaglist>
<dgraphic>
<dgraphic1>
<graphic id="KC08492922">
<href>0900c8af801277d#@#@#9#.jpeg</href>
</graphic>
</dgraphic1>
<dgraphic2>
<graphic id="KC08492923">
<href>0900c8af80054d4#@#@#9#.jpeg</href>
</graphic>
<smarttool id="KC08492924" toolname="VDCD40"/>
</dgraphic2>
</dgraphic>
<ditem>
<ditemtext>
<ptxt>
<phrase category="" id="KC08492925" phrase-urn="urn:x-nevis:phrase:0800c8af81dcd34c">Connect a voltm#@#@#55#ound.</phrase>
</ptxt>
</ditemtext>
</ditem>
</diaglist>
</test2>
</test1>
<question>The voltmeter s#@#@#13#4 V.
</question>
<resact-grp>
<result button="ok" comp="button" highlight="0"/>
<action j2008use="1" paperuse="1" screenuse="1">
<ptxt>
<xref>
<ref id="KC08492926"/>
</xref>
</ptxt>
</action>
</resact-grp>
<resact-grp>
<result button="notok" comp="button" highlight="0"/>
<action j2008use="1" paperuse="1" screenuse="1">
<ptxt>
<xref>
<ref id="KC08492927"/>
</xref>
</ptxt>
</action>
</resact-grp>
</node>
</testgrp>
<testgrp id="KC02310575" j2008use="1" paperuse="1" resumable="1" screenuse="1" testgrp-id="ec4a" x="80" y="320">
<title>
<phrase category="" id="KC08492928" phrase-urn="urn:x-nevis:phrase:0800c8af81dcd34d">Checking mass a#@#@#15#ensor</phrase>
</title>
<node>
<test1>
<diaglist>
<dgraphic>
<dgraphic1>
<graphic id="KC08492929">
<href>0900c8af80054d5#@#@#9#.jpeg</href>
</graphic>
</dgraphic1>
<dgraphic2>
<graphic id="KC08492930">
<href>0900c8af80054d7#@#@#9#.jpeg</href>
</graphic>
</dgraphic2>
</dgraphic>
<ditem>
<ptxt>
<phrase category="" id="KC08492931" phrase-urn="urn:x-nevis:phrase:0800c8af81dcd34e">Connect mass ai#@#@#15#nsor.</phrase>
</ptxt>
</ditem>
<ditem>
<ptxt>
<phrase category="" id="KC08492932" phrase-urn="urn:x-nevis:phrase:0800c8af81dcd34f">Ignition on.</phrase>
</ptxt>
</ditem>
</diaglist>
<test2>
<diaglist>
<dgraphic>
<dgraphic1>
<graphic id="KC08492933">
<href>0900c8af801277d#@#@#9#.jpeg</href>
</graphic>
</dgraphic1>
<dgraphic2>
<graphic id="KC08492934">
<href>0900c8af80054d4#@#@#9#.jpeg</href>
</graphic>
<smarttool id="KC08492935" toolname="VDCD40"/>
</dgraphic2>
</dgraphic>
<ditem>
<ditemtext>
<ptxt>
<phrase category="" id="KC08492936" phrase-urn="urn:x-nevis:phrase:0800c8af81dcd350">Connect a voltm#@#@#55#ound.</phrase>
</ptxt>
</ditemtext>
</ditem>
</diaglist>
</test2>
</test1>
<question>The voltmeter s#@#@#13#4 V.
</question>
<resact-grp>
<result button="ok" comp="button" highlight="0"/>
<action j2008use="1" paperuse="1" screenuse="1">
<return value="FAULT FOUND"/>
</action>
</resact-grp>
<resact-grp>
<result button="notok" comp="button" highlight="0"/>
<action j2008use="1" paperuse="1" screenuse="1">
<ptxt>
<xref>
<ref id="KC08492937"/>
</xref>
</ptxt>
</action>
</resact-grp>
</node>
</testgrp>
<testgrp id="KC02310576" j2008use="1" paperuse="1" resumable="1" screenuse="1" testgrp-id="ec4-1" x="240" y="240">
<title>
<phrase category="" id="KC08492938" phrase-urn="urn:x-nevis:phrase:0800c8af81dcd351">Checking for co#@#@#25#ation</phrase>
</title>
<node>
<test1>
<test2>
<ptxt>
<phrase category="" id="KC08492939" phrase-urn="urn:x-nevis:phrase:0800c8af81dcd352">Clean and treat#@#@#62#g to <xref>
<ref id="KC08492940"/>
</xref>.</phrase>
</ptxt>
<diaglist>
<dgraphic>
<dgraphic1>
<graphic id="KC08492941">
<href>0900c8af801277d#@#@#9#.jpeg</href>
</graphic>
</dgraphic1>
</dgraphic>
</diaglist>
<grate>
<graphic id="KC08492942">
<href>0900c8af80056cb#@#@#9#.jpeg</href>
</graphic>
</grate>
</test2>
</test1>
<question>Select "Continu#@#@#32#ied.
</question>
<resact-grp>
<result button="cont" comp="button" highlight="0"/>
<action j2008use="1" paperuse="1" screenuse="1">
<ptxt>
<xref>
<ref id="KC08492943"/>
</xref>
</ptxt>
</action>
</resact-grp>
</node>
</testgrp>
<testgrp id="KC02310577" j2008use="1" paperuse="1" resumable="1" screenuse="1" testgrp-id="ec4a-1" x="240" y="320">
<title>
<phrase category="" id="KC08492944" phrase-urn="urn:x-nevis:phrase:0800c8af81dcd353">Replacing component</phrase>
</title>
<node>
<test1>
<test2>
<diaglist>
<ditem>
<ptxt>
<phrase category="" id="KC08492945" phrase-urn="urn:x-nevis:phrase:0800c8af81dcd354">Try a new mass #@#@#17#nsor.</phrase>
</ptxt>
</ditem>
</diaglist>
<grate>
<graphic id="KC08492946" width="column">
<href>0900c8af8012cb9#@#@#9#.jpeg</href>
</graphic>
</grate>
</test2>
</test1>
<question>Select "Continu#@#@#32#ied.
</question>
<resact-grp>
<result button="cont" comp="button" highlight="0"/>
<action j2008use="1" paperuse="1" screenuse="1">
<return value="FAULT FOUND"/>
</action>
</resact-grp>
</node>
</testgrp>
<testgrp id="KC02310578" j2008use="1" paperuse="1" resumable="1" screenuse="1" testgrp-id="ec5m" x="80" y="400">
<title>
<phrase category="" id="KC08492947" phrase-urn="urn:x-nevis:phrase:0800c8af81dcd355">Breakout box</phrase>
</title>
<subcalloutnode>
<diagcallout>
<xref>
<ref id="KC08492948"/>
</xref>
</diagcallout>
<rescall-grp>
<result comp="string" highlight="0" op="eq" return="FAULT FOUND"/>
<calloutaction>
<ptxt>
<xref>
<ref id="KC08492949"/>
</xref>
</ptxt>
</calloutaction>
</rescall-grp>
<rescall-grp>
<result comp="string" highlight="0" op="eq" return="DONE"/>
<calloutaction>
<ptxt>
<xref>
<ref id="KC08492950"/>
</xref>
</ptxt>
</calloutaction>
</rescall-grp>
</subcalloutnode>
</testgrp>
<testgrp id="KC02310579" j2008use="1" paperuse="1" resumable="1" screenuse="1" testgrp-id="ec6" x="80" y="480">
<title>
<phrase category="" id="KC08492951" phrase-urn="urn:x-nevis:phrase:0800c8af81dcd356">Checking the si#@#@#5#cable</phrase>
</title>
<node>
<test1>
<diaglist>
<dgraphic>
<dgraphic1>
<graphic id="KC08492952">
<href>0900c8af80054d4#@#@#9#.jpeg</href>
</graphic>
</dgraphic1>
</dgraphic>
<ditem>
<ptxt>
<phrase category="" id="KC08492953" phrase-urn="urn:x-nevis:phrase:0800c8af81dcd357">Ignition off.</phrase>
</ptxt>
</ditem>
</diaglist>
<test2>
<diaglist>
<dgraphic>
<dgraphic1>
<graphic id="KC08492954">
<href>0900c8af8005444#@#@#9#.jpeg</href>
</graphic>
</dgraphic1>
<dgraphic2>
<graphic id="KC08492955">
<href>0900c8af80054d4#@#@#9#.jpeg</href>
</graphic>
<smarttool id="KC08492956" toolname="ODA"/>
</dgraphic2>
</dgraphic>
<ditem>
<ditemtext>
<ptxt>
<phrase category="" id="KC08492957" phrase-urn="urn:x-nevis:phrase:0800c8af81dcd358">Connect an ohmm#@#@#19# #5. </phrase>
</ptxt>
</ditemtext>
</ditem>
</diaglist>
</test2>
</test1>
<question>The ohmmeter sh#@#@#26#nce.
</question>
<resact-grp>
<result button="ok" comp="button" highlight="0"/>
<action j2008use="1" paperuse="1" screenuse="1">
<ptxt>
<xref>
<ref id="KC08492958"/>
</xref>
</ptxt>
</action>
</resact-grp>
<resact-grp>
<result button="notok" comp="button" highlight="0"/>
<action j2008use="1" paperuse="1" screenuse="1">
<ptxt>
<xref>
<ref id="KC08492959"/>
</xref>
</ptxt>
</action>
</resact-grp>
</node>
</testgrp>
<testgrp id="KC02310580" j2008use="1" paperuse="1" resumable="1" screenuse="1" testgrp-id="ec6-1" x="240" y="480">
<title>
<phrase category="" id="KC08492960" phrase-urn="urn:x-nevis:phrase:0800c8af81dcd359">Checking for a #@#@#8#rcuit</phrase>
</title>
<node>
<test1>
<test2>
<diaglist>
<dgraphic>
<dgraphic1>
<graphic id="KC08492961">
<href>0900c8af801277d#@#@#9#.jpeg</href>
</graphic>
</dgraphic1>
<dgraphic2>
<graphic id="KC08492962">
<href>0900c8af80054d4#@#@#9#.jpeg</href>
</graphic>
<smarttool active="press" id="KC08492963" toolname="ODAH"/>
</dgraphic2>
</dgraphic>
<ditem>
<ditemtext>
<ptxt>
<phrase category="" id="KC08492964" phrase-urn="urn:x-nevis:phrase:0800c8af81dcd35a">Check cable bet#@#@#110#g to <xref>
<ref id="KC08492965"/>
</xref>.</phrase>
</ptxt>
</ditemtext>
</ditem>
</diaglist>
<grate>
<graphic id="KC08492966">
<href>0900c8af800570b#@#@#9#.jpeg</href>
</graphic>
</grate>
</test2>
</test1>
<question>Select "Continu#@#@#32#ied.
</question>
<resact-grp>
<result button="cont" comp="button" highlight="0"/>
<action j2008use="1" paperuse="1" screenuse="1">
<return value="FAULT FOUND"/>
</action>
</resact-grp>
</node>
</testgrp>
<testgrp id="KC02310581" j2008use="1" paperuse="1" resumable="1" screenuse="1" testgrp-id="ec7" x="80" y="560">
<title>
<phrase category="" id="KC08492967" phrase-urn="urn:x-nevis:phrase:0800c8af81dcd35b">Checking signal#@#@#1#level</phrase>
</title>
<node>
<test1>
<diaglist>
<dgraphic>
<dgraphic1>
<graphic id="KC08492968">
<href>0900c8af80054d5#@#@#9#.jpeg</href>
</graphic>
</dgraphic1>
<dgraphic3>
<graphic id="KC08492969">
<href>0900c8af80054cc#@#@#9#.jpeg</href>
</graphic>
</dgraphic3>
</dgraphic>
<ditem>
<ptxt>
<phrase category="" id="KC08492970" phrase-urn="urn:x-nevis:phrase:0800c8af81dcd35c">Connect control#@#@#3#dule.</phrase>
</ptxt>
</ditem>
<ditem>
<ptxt>
<phrase category="" id="KC08492971" phrase-urn="urn:x-nevis:phrase:0800c8af81dcd35d">Insert fuse 1 (#@#@#12#960).</phrase>
</ptxt>
</ditem>
<ditem>
<ptxt>
<phrase category="" id="KC08492972" phrase-urn="urn:x-nevis:phrase:0800c8af81dcd35e">Ignition on. </phrase>
</ptxt>
</ditem>
</diaglist>
<test2>
<diaglist>
<dgraphic>
<dgraphic1>
<graphic id="KC08492973">
<href>0900c8af8005444#@#@#9#.jpeg</href>
</graphic>
</dgraphic1>
<dgraphic2>
<graphic id="KC08492974">
<href>0900c8af80054d4#@#@#9#.jpeg</href>
</graphic>
<smarttool id="KC08492975" toolname="VDCD40"/>
</dgraphic2>
</dgraphic>
<ditem>
<ditemtext>
<ptxt>
<phrase category="" id="KC08492976" phrase-urn="urn:x-nevis:phrase:0800c8af81dcd35f">Connect a voltm#@#@#19# #5. </phrase>
</ptxt>
</ditemtext>
</ditem>
</diaglist>
</test2>
</test1>
<question>The voltmeter s#@#@#13#4 V.
</question>
<resact-grp>
<result button="ok" comp="button" highlight="0"/>
<action j2008use="1" paperuse="1" screenuse="1">
<ptxt>
<xref>
<ref id="KC08492977"/>
</xref>
</ptxt>
</action>
</resact-grp>
<resact-grp>
<result button="notok" comp="button" highlight="0"/>
<action j2008use="1" paperuse="1" screenuse="1">
<ptxt>
<xref>
<ref id="KC08492978"/>
</xref>
</ptxt>
</action>
</resact-grp>
</node>
</testgrp>
<testgrp id="KC02310582" j2008use="1" paperuse="1" resumable="1" screenuse="1" testgrp-id="ec7-1" x="240" y="560">
<title>
<phrase category="" id="KC08492979" phrase-urn="urn:x-nevis:phrase:0800c8af81dcd360">Checking for lo#@#@#10#tions</phrase>
</title>
<node>
<test1>
<test2>
<ptxt>
<phrase category="" id="KC08492980" phrase-urn="urn:x-nevis:phrase:0800c8af81dcd361">Check cables an#@#@#42#g to <xref>
<ref id="KC08492981"/>
</xref>.</phrase>
</ptxt>
<grate>
<graphic id="KC08492982">
<href>0900c8af80056cb#@#@#9#.jpeg</href>
</graphic>
</grate>
</test2>
</test1>
<question>Select "Continu#@#@#32#ied.
</question>
<resact-grp>
<result button="cont" comp="button" highlight="0"/>
<action j2008use="1" paperuse="1" screenuse="1">
<return value="FAULT FOUND"/>
</action>
</resact-grp>
</node>
</testgrp>
<testgrp id="KC02310583" j2008use="1" paperuse="1" resumable="1" screenuse="1" testgrp-id="ec7-2" x="240" y="640">
<title>
<phrase category="" id="KC08492983" phrase-urn="urn:x-nevis:phrase:0800c8af81dcd362">Checking for a #@#@#8#rcuit</phrase>
</title>
<node>
<test1>
<test2>
<diaglist>
<dgraphic>
<dgraphic1>
<graphic id="KC08492984">
<href>0900c8af801277d#@#@#9#.jpeg</href>
</graphic>
</dgraphic1>
<dgraphic2>
<graphic id="KC08492985">
<href>0900c8af80054d4#@#@#9#.jpeg</href>
</graphic>
<smarttool active="press" id="KC08492986" toolname="ODAH"/>
</dgraphic2>
</dgraphic>
<ditem>
<ditemtext>
<ptxt>
<phrase category="" id="KC08492987" phrase-urn="urn:x-nevis:phrase:0800c8af81dcd363">Check cable bet#@#@#109#g to <xref>
<ref id="KC08492988"/>
</xref>.</phrase>
</ptxt>
</ditemtext>
</ditem>
</diaglist>
<grate>
<graphic id="KC08492989">
<href>0900c8af800570b#@#@#9#.jpeg</href>
</graphic>
</grate>
</test2>
</test1>
<question>Select "Continu#@#@#32#ied.
</question>
<resact-grp>
<result button="cont" comp="button" highlight="0"/>
<action j2008use="1" paperuse="1" screenuse="1">
<return value="FAULT FOUND"/>
</action>
</resact-grp>
</node>
</testgrp>
</diagnostic>