<?xml version="1.0" encoding="UTF-8"?><servinfosub IE-ID="en-US0900c8af80cc9408" docno="VCC-151271" id="KC02719434" servinfosubId="nev20685043n1-nev20685043n2" servinfosubRes="0900c8af862c1ada" servinfosubRes2="urn:x-nevis:fragment:0900c8af80cc9408:0900c8af862c1ada#nev20685043n2" xml:lang="en-US">
<title>Description of #@#@#5#eters</title>
<procedure>
<procstep id="nev20685043n1-KC02741051">
<title>Media player status </title>
<para>
<ptxt>The media playe#@#@#27#atus:</ptxt>
</para>
<list1>
<item>
<ptxt>Play</ptxt>
</item>
<item>
<ptxt>Pause</ptxt>
</item>
<item>
<ptxt>Engine stopped</ptxt>
</item>
<item>
<ptxt>Eject</ptxt>
</item>
<item>
<ptxt>Search forwards#@#@#8#ound)</ptxt>
</item>
<item>
<ptxt>Search backward#@#@#9#ound)</ptxt>
</item>
<item>
<ptxt>Retract</ptxt>
</item>
<item>
<ptxt>Load</ptxt>
</item>
<item>
<ptxt>Empty.</ptxt>
</item>
</list1>
</procstep>
<procstep id="nev20685043n1-KC02741052">
<title>Track </title>
<para>
<ptxt>The value indic#@#@#43#ent. </ptxt>
</para>
</procstep>
<procstep id="nev20685043n1-KC02741053">
<title>Played time </title>
<para>
<ptxt>The value indic#@#@#45#ing. </ptxt>
</para>
</procstep>
<procstep id="nev20685043n1-KC02741054">
<title>Active disc (on#@#@#26#ger) </title>
<para>
<ptxt>Measurement ran#@#@#3# 1-6.</ptxt>
</para>
<para>
<ptxt>The value indic#@#@#48#ive. </ptxt>
</para>
</procstep>
</procedure>
</servinfosub>