<?xml version="1.0" encoding="UTF-8"?><servinfosub IE-ID="en-US0900c8af80cb850b" docno="VCC-146176" id="KC02705616" xml:lang="en-US">
<title>
<phrase category="" id="KC09437830" phrase-urn="urn:x-nevis:phrase:0800c8af8270654c">Reading off dia#@#@#23#DTCs)</phrase>
</title>
<diagnostic j2008use="1" paperuse="1" screenuse="1" type="test">
<testgrp IE-ID="en-US0900c8af80cb850b_KC02705618" id="KC02705618" j2008use="1" paperuse="1" resumable="1" screenuse="1" testgrp-id="readdtc" x="120" y="200">
<title>
<phrase category="" id="KC09437831" phrase-urn="urn:x-nevis:phrase:0800c8af8270654d">Reading off dia#@#@#56#(DIM)</phrase>
</title>
<node>
<test1>
<diaglist>
<dgraphic>
<dgraphic1>
<graphic id="KC09437832">
<href>0900c8af80054d5#@#@#9#.jpeg</href>
</graphic>
</dgraphic1>
</dgraphic>
<ditem>
<ptxt>
<phrase category="" id="KC09437833" phrase-urn="urn:x-nevis:phrase:0800c8af8270654e">Ignition on.</phrase>
</ptxt>
</ditem>
</diaglist>
<test2>
<ptxt>
<phrase category="" id="KC09437834" phrase-urn="urn:x-nevis:phrase:0800c8af8270654f">Click on the VC#@#@#56#TCs).</phrase>
</ptxt>
<diaglist>
<dgraphic>
<dgraphic2>
<graphic id="KC09437835">
<href>0900c8af86c8681#@#@#9#.jpeg</href>
</graphic>
<smarttool active="press" id="KC09437836" toolname="YDIMAE1B"/>
</dgraphic2>
</dgraphic>
<ditem>
<ditemtext>
<ptxt>
<phrase category="" id="KC09437837" phrase-urn="urn:x-nevis:phrase:0800c8af82706550"/>
</ptxt>
</ditemtext>
</ditem>
</diaglist>
</test2>
</test1>
<question/>
<resact-grp>
<result comp="numeric" highlight="0" op="eq" return="0"/>
<action j2008use="1" paperuse="1" screenuse="1">
<return value="DONE"/>
</action>
</resact-grp>
<resact-grp>
<result comp="numeric" highlight="0" op="lt" return="0"/>
<action j2008use="1" paperuse="1" screenuse="1">
<ptxt>
<xref>
<ref id="KC09437839"/>
</xref>
</ptxt>
</action>
</resact-grp>
<resact-grp>
<result comp="numeric" highlight="0" op="gt" return="0"/>
<action j2008use="1" paperuse="1" screenuse="1">
<ptxt>
<xref>
<ref id="KC09437840"/>
</xref>
</ptxt>
</action>
</resact-grp>
</node>
</testgrp>
<testgrp id="KC02705619" j2008use="1" paperuse="1" resumable="1" screenuse="1" testgrp-id="text-1--7" x="120" y="320">
<title>
<phrase category="" id="KC09437841" phrase-urn="urn:x-nevis:phrase:0800c8af82706552">Communication fault</phrase>
</title>
<subcalloutnode>
<diagcallout>
<xref>
<ref id="KC09437842"/>
</xref>
</diagcallout>
<rescall-grp>
<result comp="string" highlight="0" op="eq" return="1"/>
<calloutaction>
<ptxt>
<xref>
<ref id="KC09437843"/>
</xref>
</ptxt>
</calloutaction>
</rescall-grp>
<rescall-grp>
<result comp="string" highlight="0" op="eq" return="2"/>
<calloutaction>
<ptxt>
<xref>
<ref id="KC09437844"/>
</xref>
</ptxt>
</calloutaction>
</rescall-grp>
<rescall-grp>
<result comp="string" highlight="0" op="eq" return="3"/>
<calloutaction>
<return value="FAILED"/>
</calloutaction>
</rescall-grp>
</subcalloutnode>
</testgrp>
<testgrp id="KC02705620" j2008use="1" paperuse="1" resumable="1" screenuse="1" testgrp-id="com" x="120" y="440">
<title>
<phrase category="" id="KC09437845" phrase-urn="urn:x-nevis:phrase:0800c8af82706554">Checking commun#@#@#9#aults</phrase>
</title>
<subcalloutnode>
<diagcallout>
<xref>
<ref id="KC09437846"/>
</xref>
</diagcallout>
<rescall-grp>
<result comp="string" highlight="0" op="eq" return="FAULT FOUND"/>
<calloutaction>
<ptxt>
<xref>
<ref id="KC09437847"/>
</xref>
</ptxt>
</calloutaction>
</rescall-grp>
</subcalloutnode>
</testgrp>
<testgrp id="KC02705621" j2008use="1" paperuse="1" resumable="1" screenuse="1" testgrp-id="comminfo" x="120" y="520">
<title>
<phrase category="" id="KC09437848" phrase-urn="urn:x-nevis:phrase:0800c8af82706555">Fault-tracing i#@#@#5#ation</phrase>
</title>
<subcalloutnode>
<diagcallout>
<xref>
<ref id="KC09437849"/>
</xref>
</diagcallout>
<rescall-grp>
<result comp="string" highlight="0" op="eq" return="YES"/>
<calloutaction>
<ptxt>
<xref>
<ref id="KC09437850"/>
</xref>
</ptxt>
</calloutaction>
</rescall-grp>
<rescall-grp>
<result comp="string" highlight="0" op="eq" return="NO"/>
<calloutaction>
<return value="FAILED"/>
</calloutaction>
</rescall-grp>
</subcalloutnode>
</testgrp>
</diagnostic>
</servinfosub>