<?xml version="1.0" encoding="UTF-8"?><script xmlns:nevis="http://www.volvocars.com/namespaces/processing" xmlns:xlink="http://www.w3.org/1999/xlink" IE-ID="en-US0900c8af84b2650b" docno="VCC-280510" id="nev11264719n1" nevis:expl-profile="mdl124yr2007eng191, mdl124yr2008eng191, mdl135yr2008eng191, mdl124yr2009eng191, mdl135yr2009eng191, mdl135yr2009eng200, mdl124yr2009eng200, mdl144yr2009eng191, mdl124yr2010eng200, mdl144yr2010eng191, mdl124yr2010eng213, mdl124yr2010eng214, mdl135yr2010eng213, mdl135yr2010eng214, mdl124yr2011eng200, mdl124yr2011eng213, mdl135yr2011eng213, mdl134yr2011eng225, mdl124yr2011eng214, mdl135yr2011eng214, mdl134yr2012eng225, mdl135yr2012eng214, mdl124yr2012eng214, mdl144yr2008eng191" nevis:profile="urn:x-nevis:profile:0b00c8af8280d16b urn:x-nevis:profile:0b00c8af838b9dc7 urn:x-nevis:profile:0b00c8af839e8ec9 urn:x-nevis:profile:0b00c8af83f1dd06 urn:x-nevis:profile:0b00c8af83f2380e urn:x-nevis:profile:0b00c8af83f23b9e urn:x-nevis:profile:0b00c8af83f23f70 urn:x-nevis:profile:0b00c8af83f4b293 urn:x-nevis:profile:0b00c8af84116a2b urn:x-nevis:profile:0b00c8af8414d8ce urn:x-nevis:profile:0b00c8af848b2b82 urn:x-nevis:profile:0b00c8af848b2bfe urn:x-nevis:profile:0b00c8af848d3135 urn:x-nevis:profile:0b00c8af848d31ba urn:x-nevis:profile:0b00c8af8494c64a urn:x-nevis:profile:0b00c8af84adc9de urn:x-nevis:profile:0b00c8af84adcfc1 urn:x-nevis:profile:0b00c8af84be066b urn:x-nevis:profile:0b00c8af84bfb4f9 urn:x-nevis:profile:0b00c8af84bfb528 urn:x-nevis:profile:0b00c8af84ebf0e2 urn:x-nevis:profile:0b00c8af851e84a1 urn:x-nevis:profile:0b00c8af85339261 urn:x-nevis:profile:0b00c8af854bcc13" nevis:projectdocument="urn:x-nevis:projectdocument:0800c8af83246f09" nevis:resource="0900c8af84b26585" nevis:resource2="urn:x-nevis:fragment:0900c8af84b2650b:0900c8af84b26585#nev11264719n1" nevis:session-id="" qualifierinfotype="14:00" type="" xml:lang="en-US"><title>Read DTCs and s#@#@#25#tent)</title><content gui="1" height="300" id="nev11264720n1-nev11264719n3" nevis:expl-profile="mdl124yr2007eng191, mdl124yr2008eng191, mdl135yr2008eng191, mdl124yr2009eng191, mdl135yr2009eng191, mdl135yr2009eng200, mdl124yr2009eng200, mdl144yr2009eng191, mdl124yr2010eng200, mdl144yr2010eng191, mdl124yr2010eng213, mdl124yr2010eng214, mdl135yr2010eng213, mdl135yr2010eng214, mdl124yr2011eng200, mdl124yr2011eng213, mdl135yr2011eng213, mdl134yr2011eng225, mdl124yr2011eng214, mdl135yr2011eng214, mdl134yr2012eng225, mdl135yr2012eng214, mdl124yr2012eng214, mdl144yr2008eng191" nevis:idfrom="nev11264720n1" nevis:prefix="nev11264720n1" nevis:profile="urn:x-nevis:profile:0b00c8af8280d16b urn:x-nevis:profile:0b00c8af838b9dc7 urn:x-nevis:profile:0b00c8af839e8ec9 urn:x-nevis:profile:0b00c8af83f1dd06 urn:x-nevis:profile:0b00c8af83f2380e urn:x-nevis:profile:0b00c8af83f23b9e urn:x-nevis:profile:0b00c8af83f23f70 urn:x-nevis:profile:0b00c8af83f4b293 urn:x-nevis:profile:0b00c8af84116a2b urn:x-nevis:profile:0b00c8af8414d8ce urn:x-nevis:profile:0b00c8af848b2b82 urn:x-nevis:profile:0b00c8af848b2bfe urn:x-nevis:profile:0b00c8af848d3135 urn:x-nevis:profile:0b00c8af848d31ba urn:x-nevis:profile:0b00c8af8494c64a urn:x-nevis:profile:0b00c8af84adc9de urn:x-nevis:profile:0b00c8af84adcfc1 urn:x-nevis:profile:0b00c8af84be066b urn:x-nevis:profile:0b00c8af84bfb4f9 urn:x-nevis:profile:0b00c8af84bfb528 urn:x-nevis:profile:0b00c8af84ebf0e2 urn:x-nevis:profile:0b00c8af851e84a1 urn:x-nevis:profile:0b00c8af85339261 urn:x-nevis:profile:0b00c8af854bcc13" nevis:resource="0900c8af84b26583" nevis:resource2="urn:x-nevis:fragment:0900c8af84b2650b:0900c8af84b26583#nev11264719n3" width="750" xml:lang="en-US"><nodes id="nev11264720n1-nev14996492n1"><node class="Components.StartNode" id="nev11264720n1-nev14996493n1" nodeid="Start" x="20" y="242"/><node class="Components.ResultIterator" id="nev11264720n1-nev14996494n1" nodeid="ResultIterator1" x="264" y="321"><property class="Response" id="nev11264720n1-nev14996495n1" name="InValue" type="In" value="" visible="1"/><property class="Response" id="nev11264720n1-nev14996496n1" name="OutValue" type="Out" value="" visible="1"/><property class="String" id="nev11264720n1-nev14996497n1" name="Index" type="In" value="" visible="1"/><property class="String" id="nev11264720n1-nev14996498n1" name="Current" type="Out" value="" visible="1"/><extension id="nev11264720n1-nev14996499n1"><get id="nev11264720n1-nev14996500n1" listItem="ListItem" property="OutValue"><getbyname id="nev11264720n1-nev14996501n1" key="DtcList"/></get></extension></node><node class="Components.ListField" id="nev11264720n1-nev14996502n1" nodeid="ListField1" x="1560" y="344"><gui height="195" id="nev11264720n1-nev14996503n1" width="725" x="13" y="39"/><property class="String" id="nev11264720n1-nev14996504n1" name="Text" type="Out" value="" visible="1"/><property class="String" id="nev11264720n1-nev14996505n1" name="Tag" type="Out" value="" visible="1"/></node><node class="Components.StringFormat" id="nev11264720n1-nev14996506n1" nodeid="StringFormat1" x="1147" y="338"><property class="String" id="nev11264720n1-nev14996507n1" name="String" type="Out" value="" visible="1"/><property class="String" id="nev11264720n1-nev14996508n1" name="Format" type="Internal" value="{0} - {1} {2}" visible="1"/><property class="String" id="nev11264720n1-nev14996509n1" name="0" type="In" value="" visible="1"/><property class="String" id="nev11264720n1-nev14996510n1" name="1" type="In" value="" visible="1"/><property class="String" id="nev11264720n1-nev14996511n1" name="2" type="In" value="" visible="1"/></node><node class="Components.ScriptLabel" id="nev11264720n1-nev14996512n1" nodeid="ScriptLabel1" x="245" y="84"><gui height="15" id="nev11264720n1-nev14996513n1" width="325" x="13" y="11"/><property class="String" id="nev11264720n1-nev14996514n1" name="Text" type="In" value="Diagnostic trouble codes with status" visible="1"/><property class="Parameter" id="nev11264720n1-nev14996515n1" name="Parameter" type="In" value="" visible="1"/></node><node class="Components.ScriptButton" id="nev11264720n1-nev14996516n1" nodeid="ScriptButton1" x="105" y="565"><gui height="29" id="nev11264720n1-nev14996517n1" width="109" x="630" y="260"/><property class="String" id="nev11264720n1-nev14996518n1" name="Text" type="In" value="" visible="0"/><property class="String" id="nev11264720n1-nev14996519n1" name="StartDisabled" type="Internal" value="false" visible="1"/><property class="String" id="nev11264720n1-nev14996520n1" name="StartVisible" type="Internal" value="true" visible="1"/><extension id="nev11264720n1-nev14996521n1"><phrase category="Faulttracing" id="nev11264720n1-nev11267719n1" phrase-urn="urn:x-nevis:phrase:0800c8af828fe792">Hide</phrase></extension></node><node class="Components.ScriptComponent" id="nev11264720n1-nev14996522n1" nodeid="ScriptComponent1" x="431" y="630"/><node class="Components.Constant" id="nev11264720n1-nev14996523n1" nodeid="Constant2" x="102" y="117"><property class="String" id="nev11264720n1-nev14996524n1" name="Text" type="Out" value="Felkoder med status" visible="1"/><extension id="nev11264720n1-nev14996525n1"><text id="nev11264720n1-nev11267768n1" type="nevis"><phrase category="Faulttracing" id="nev11264720n1-nev11267716n1" phrase-urn="urn:x-nevis:phrase:0800c8af81a0c4dd">Diagnostic trou#@#@#16#tatus</phrase></text></extension></node><node class="Components.GGDDtcComponent" id="nev11264720n1-nev14996526n1" nodeid="GGDDtcComponent1" x="960" y="363"><property class="Response" id="nev11264720n1-nev14996527n1" name="Dtc" type="In" value="" visible="1"/><property class="String" id="nev11264720n1-nev14996528n1" name="Status" type="Out" value="" visible="1"/><property class="String" id="nev11264720n1-nev14996529n1" name="Text" type="Out" value="" visible="1"/></node><node class="Components.VehComm" id="nev11264720n1-nev14996530n1" nodeid="19.02.20" x="112" y="310"><property class="String" id="nev11264720n1-nev14996531n1" name="Mode" type="Internal" value="EcuType" visible="1"/><property class="Int" id="nev11264720n1-nev14996532n1" name="EcuType" type="In" value="284101" visible="0"/><property class="Int" id="nev11264720n1-nev14996533n1" name="ServiceId" type="In" value="101" visible="0"/><property class="String" id="nev11264720n1-nev14996534n1" name="EcuName" type="Out" value="" visible="1"/><property class="Response" id="nev11264720n1-nev14996535n1" name="Result" type="Out" value="" visible="1"/><property class="String" id="nev11264720n1-nev14996536n1" name="StatusMask" type="In" value="20" visible="0"/><extension id="nev11264720n1-nev14996537n1"><insertparam id="nev11264720n1-nev10655782n1" name="StatusMask"/></extension></node><node class="Components.ResultGet" id="nev11264720n1-nev14996538n1" nodeid="ResponseGet1" x="399" y="206"><property class="Response" id="nev11264720n1-nev14996539n1" name="InValue" type="In" value="" visible="1"/><property class="String" id="nev11264720n1-nev14996540n1" name="DTCraw" type="Out" value="" visible="1"/><extension id="nev11264720n1-nev14996541n1"><get id="nev11264720n1-nev14996542n1" property="DTCraw"><getbyid id="nev11264720n1-nev14996543n1" key="" name="ListItem" title=""/><getbyname id="nev11264720n1-nev14996544n1" key="Dtc"/><getbyname id="nev11264720n1-nev14996545n1" key="raw"/></get></extension></node><node class="Components.VehComm" id="nev11264720n1-nev14996546n1" nodeid="19.06.FF_MCC2" x="527" y="144"><property class="String" id="nev11264720n1-nev14996547n1" name="Mode" type="Internal" value="EcuType" visible="1"/><property class="Int" id="nev11264720n1-nev14996548n1" name="EcuType" type="In" value="284101" visible="0"/><property class="Int" id="nev11264720n1-nev14996549n1" name="ServiceId" type="In" value="103" visible="0"/><property class="String" id="nev11264720n1-nev14996550n1" name="EcuName" type="Out" value="" visible="1"/><property class="Response" id="nev11264720n1-nev14996551n1" name="Result" type="Out" value="" visible="1"/><property class="String" id="nev11264720n1-nev14996552n1" name="Dtc" type="In" value="" visible="1"/><property class="String" id="nev11264720n1-nev14996553n1" name="EDataRecordNumber" type="In" value="FF" visible="0"/><extension id="nev11264720n1-nev14996554n1"><insertparam id="nev11264720n1-nev14996555n1" name="EDataRecordNumber"/><insertparam id="nev11264720n1-nev14996556n1" name="Dtc"/></extension></node><node class="Components.ResultGet" id="nev11264720n1-nev14996557n1" nodeid="get_MCC2" x="662" y="156"><property class="Response" id="nev11264720n1-nev14996558n1" name="InValue" type="In" value="" visible="1"/><property class="String" id="nev11264720n1-nev14996559n1" name="MCC2" type="Out" value="" visible="1"/><extension id="nev11264720n1-nev14996560n1"><get id="nev11264720n1-nev14996561n1" property="MCC2"><getbyname id="nev11264720n1-nev14996562n1" key="ExtendedDataRecords"/><getbyid id="nev11264720n1-nev14996563n1" key="2" name="ListItem" title="Monitoring cycle counter #2"/><getbyname id="nev11264720n1-nev14996564n1" key="Parameters"/><getbyid id="nev11264720n1-nev14996565n1" key="72906" name="Parameter" title="Monitoring cycle counter #2"/><getbyname id="nev11264720n1-nev14996566n1" key="value"/></get></extension></node><node class="Components.Comparer" id="nev11264720n1-nev14996567n1" nodeid="MCC2&gt;200" x="802" y="179"><property class="String" id="nev11264720n1-nev14996568n1" name="Mode" type="Internal" value="Int" visible="1"/><property class="Int" id="nev11264720n1-nev14996569n1" name="Value1" type="In" value="0" visible="1"/><property class="String" id="nev11264720n1-nev14996570n1" name="Operator" type="Internal" value="GreaterThan" visible="1"/><property class="Int" id="nev11264720n1-nev14996571n1" name="Value2" type="In" value="200" visible="0"/></node><node class="Components.Constant" id="nev11264720n1-nev14996572n1" nodeid="DTChit&gt;0" x="933" y="81"><property class="String" id="nev11264720n1-nev14996573n1" name="Text" type="Out" value="" visible="1"/><property class="Int" id="nev11264720n1-nev14996574n1" name="Value" type="Out" value="1" visible="1"/><extension id="nev11264720n1-nev14996575n1"/></node><node class="Components.TextField" id="nev11264720n1-nev14996576n1" nodeid="DTChits" x="1060" y="19"><gui height="24" id="nev11264720n1-nev14996577n1" width="120" x="630" y="5"/><property class="String" id="nev11264720n1-nev14996578n1" name="Text" type="In" value="0" visible="1"/><property class="String" id="nev11264720n1-nev14996579n1" name="Value" type="Out" value="0" visible="1"/><property class="String" id="nev11264720n1-nev14996580n1" name="Type" type="Internal" value="Numeric" visible="1"/></node><node class="Components.Comparer" id="nev11264720n1-nev14996581n1" nodeid="if_DTChits&gt;0" x="1182" y="67"><property class="String" id="nev11264720n1-nev14996582n1" name="Mode" type="Internal" value="Int" visible="1"/><property class="Int" id="nev11264720n1-nev14996583n1" name="Value1" type="In" value="0" visible="1"/><property class="String" id="nev11264720n1-nev14996584n1" name="Operator" type="Internal" value="GreaterThan" visible="1"/><property class="Int" id="nev11264720n1-nev14996585n1" name="Value2" type="In" value="0" visible="0"/></node><node class="Components.Constant" id="nev11264720n1-nev14996586n1" nodeid="no_DTCs" x="1341" y="106"><property class="String" id="nev11264720n1-nev14996587n1" name="Text" type="Out" value="Inga felkoder är lagrade." visible="1"/><extension id="nev11264720n1-nev14996588n1"><text id="nev11264720n1-nev11267759n1" type="nevis"><phrase category="Condition" id="nev11264720n1-nev11267717n1" phrase-urn="urn:x-nevis:phrase:0800c8af8031aa6f">No diagnostic t#@#@#19#ored.</phrase></text></extension></node><node class="Components.StringFormat" id="nev11264720n1-nev14996589n1" nodeid="format_no_DTCs" x="1522" y="213"><property class="String" id="nev11264720n1-nev14996590n1" name="String" type="Out" value="" visible="1"/><property class="String" id="nev11264720n1-nev14996591n1" name="Format" type="Internal" value="{0} - {1} " visible="1"/><property class="String" id="nev11264720n1-nev14996592n1" name="0" type="In" value="" visible="1"/><property class="String" id="nev11264720n1-nev14996593n1" name="1" type="In" value="" visible="1"/></node><node class="Components.Comment" id="nev11264720n1-nev14996594n1" nodeid="Comment1" x="1172" y="32"><extension id="nev11264720n1-nev14996595n1">Denna lilla ext#@#@#144#mpty.</extension></node><node class="Components.Comment" id="nev11264720n1-nev14996596n1" nodeid="Comment2" x="543" y="104"><extension id="nev11264720n1-nev14996597n1">Kontroll av MCC#@#@#102#ptet.</extension></node></nodes><handlers id="nev11264720n1-nev14996598n1"><eventhandler id="nev11264720n1-nev14996599n1" name="OnStart" node="Start"><call id="nev11264720n1-nev14996600n1" method="Hide" node="DTChits"/><call id="nev11264720n1-nev14996601n1" method="Execute" node="19.02.20"/><call id="nev11264720n1-nev14996602n1" method="Trigger" node="Constant2"/></eventhandler><eventhandler id="nev11264720n1-nev14996603n1" name="OnEachItem" node="ResultIterator1"><call id="nev11264720n1-nev14996604n1" method="Execute" node="ResponseGet1"/></eventhandler><eventhandler id="nev11264720n1-nev14996605n1" name="Click" node="ScriptButton1"><call id="nev11264720n1-nev14996606n1" method="CloseDialog" node="ScriptComponent1"/></eventhandler><eventhandler id="nev11264720n1-nev14996607n1" name="OnEmpty" node="ResultIterator1"><call id="nev11264720n1-nev14996608n1" method="Trigger" node="no_DTCs"/><call id="nev11264720n1-nev14996609n1" method="Format" node="format_no_DTCs"/><call id="nev11264720n1-nev14996610n1" method="AddItem" node="ListField1"><parameter id="nev11264720n1-nev14996611n1" node="format_no_DTCs" property="String"/><parameter id="nev11264720n1-nev14996612n1" node="format_no_DTCs" property="String"/></call></eventhandler><eventhandler id="nev11264720n1-nev14996613n1" name="OnPositiveResponse" node="19.02.20"><call id="nev11264720n1-nev14996614n1" method="Execute" node="ResultIterator1"/><call id="nev11264720n1-nev14996615n1" method="TriggerValue" node="DTChits"/><call id="nev11264720n1-nev14996616n1" method="Compare" node="if_DTChits&gt;0"/></eventhandler><eventhandler id="nev11264720n1-nev14996617n1" name="OnGet" node="ResponseGet1"><call id="nev11264720n1-nev14996618n1" method="Execute" node="19.06.FF_MCC2"/></eventhandler><eventhandler id="nev11264720n1-nev14996619n1" name="OnPositiveResponse" node="19.06.FF_MCC2"><call id="nev11264720n1-nev14996620n1" method="Execute" node="get_MCC2"/></eventhandler><eventhandler id="nev11264720n1-nev14996621n1" name="OnGet" node="get_MCC2"><call id="nev11264720n1-nev14996622n1" method="Compare" node="MCC2&gt;200"/></eventhandler><eventhandler id="nev11264720n1-nev14996623n1" name="OnFalse" node="MCC2&gt;200"><call id="nev11264720n1-nev14996624n1" method="Trigger" node="GGDDtcComponent1"/><call id="nev11264720n1-nev14996625n1" method="Format" node="StringFormat1"/><call id="nev11264720n1-nev14996626n1" method="Trigger" node="DTChit&gt;0"/><call id="nev11264720n1-nev14996627n1" method="AddItem" node="ListField1"><parameter id="nev11264720n1-nev14996628n1" node="StringFormat1" property="String"/><parameter id="nev11264720n1-nev14996629n1" node="StringFormat1" property="String"/></call></eventhandler><eventhandler id="nev11264720n1-nev14996630n1" name="OnFalse" node="if_DTChits&gt;0"><call id="nev11264720n1-nev14996631n1" method="Trigger" node="no_DTCs"/><call id="nev11264720n1-nev14996632n1" method="Format" node="format_no_DTCs"/><call id="nev11264720n1-nev14996633n1" method="AddItem" node="ListField1"><parameter id="nev11264720n1-nev14996634n1" node="format_no_DTCs" property="String"/><parameter id="nev11264720n1-nev14996635n1" node="format_no_DTCs" property="String"/></call></eventhandler><propertyhandler id="nev11264720n1-nev14996636n1" name="OutValue" node="ResultIterator1"><set id="nev11264720n1-nev14996637n1" node="GGDDtcComponent1" property="Dtc"/><set id="nev11264720n1-nev14996638n1" node="ResponseGet1" property="InValue"/></propertyhandler><propertyhandler id="nev11264720n1-nev14996639n1" name="Text" node="Constant2"><set id="nev11264720n1-nev14996640n1" node="ScriptLabel1" property="Text"/></propertyhandler><propertyhandler id="nev11264720n1-nev14996641n1" name="Text" node="GGDDtcComponent1"><set id="nev11264720n1-nev14996642n1" node="StringFormat1" property="1"/></propertyhandler><propertyhandler id="nev11264720n1-nev14996643n1" name="Status" node="GGDDtcComponent1"><set id="nev11264720n1-nev14996644n1" node="StringFormat1" property="2"/></propertyhandler><propertyhandler id="nev11264720n1-nev14996645n1" name="Result" node="19.02.20"><set id="nev11264720n1-nev14996646n1" node="ResultIterator1" property="InValue"/></propertyhandler><propertyhandler id="nev11264720n1-nev14996647n1" name="EcuName" node="19.02.20"><set id="nev11264720n1-nev14996648n1" node="StringFormat1" property="0"/><set id="nev11264720n1-nev14996649n1" node="format_no_DTCs" property="0"/></propertyhandler><propertyhandler id="nev11264720n1-nev14996650n1" name="DTCraw" node="ResponseGet1"><set id="nev11264720n1-nev14996651n1" node="19.06.FF_MCC2" property="Dtc"/></propertyhandler><propertyhandler id="nev11264720n1-nev14996652n1" name="Result" node="19.06.FF_MCC2"><set id="nev11264720n1-nev14996653n1" node="get_MCC2" property="InValue"/></propertyhandler><propertyhandler id="nev11264720n1-nev14996654n1" name="MCC2" node="get_MCC2"><set id="nev11264720n1-nev14996655n1" node="MCC2&gt;200" property="Value1"/></propertyhandler><propertyhandler id="nev11264720n1-nev14996656n1" name="Value" node="DTChit&gt;0"><set id="nev11264720n1-nev14996657n1" node="DTChits" property="Text"/></propertyhandler><propertyhandler id="nev11264720n1-nev14996658n1" name="Value" node="DTChits"><set id="nev11264720n1-nev14996659n1" node="if_DTChits&gt;0" property="Value1"/></propertyhandler><propertyhandler id="nev11264720n1-nev14996660n1" name="Text" node="no_DTCs"><set id="nev11264720n1-nev14996661n1" node="format_no_DTCs" property="1"/></propertyhandler></handlers></content></script>