<?xml version="1.0" encoding="UTF-8"?><servinfosub IE-ID="en-US0900c8af846c650b" docno="VCC-370544" id="nev13713999n1" original="sv-SE" servinfosubId="nev13714000n1-nev14074246n1" servinfosubRes="0900c8af848b9624" servinfosubRes2="urn:x-nevis:fragment:0900c8af846c650b:0900c8af848b9624#nev14074246n1" xml:lang="en-US">
<operationnumbers>
<operationnumber>37205-2</operationnumber>
</operationnumbers>
<title id="nev13713996n89">Battery cable t#@#@#32#noid.</title>
<procedure id="nev13714000n1-nev14237596n50">
<stepgrp boilerplate="false" context="" id="nev13714000n1-nev14239211n63">
<title id="nev13714000n1-nev14237596n3">Removal</title>
<procstep id="nev13714000n1-nev14239021n13">
<para id="nev13714000n1-nev14239211n58">
<ptxt id="nev13714000n1-nev14239211n60">Battery, discon#@#@#2#ction<xref boilerplate="true" id="nev13714000n1-nev14239211n61">
<ref id="nev13714000n1-nev14239211n59"/>
</xref>
</ptxt>
</para>
</procstep>
<procstep id="nev13714000n1-nev14239060n89">
<para id="nev13714000n1-nev14239211n53">
<ptxt id="nev13714000n1-nev14239211n55">Remove the air #@#@#9#using<xref boilerplate="true" id="nev13714000n1-nev14239211n56">
<ref id="nev13714000n1-nev14239211n54"/>
</xref>
</ptxt>
</para>
</procstep>
<procstep id="nev13714000n1-nev14239060n56">
<grate id="nev13714000n1-nev14239211n50">
<graphic id="nev13714000n1-nev14239211n51">
<href>0900c8af84761e0#@#@#9#.jpeg</href>
</graphic>
</grate>
</procstep>
<procstep id="nev13714000n1-nev14239061n76">
<grate id="nev13714000n1-nev14239211n48">
<graphic id="nev13714000n1-nev14239211n49">
<href>0900c8af83febcb#@#@#9#.jpeg</href>
</graphic>
</grate>
</procstep>
<procstep id="nev13714000n1-nev14239061n41">
<grate id="nev13714000n1-nev14239211n46">
<graphic id="nev13714000n1-nev14239211n47">
<href>0900c8af83febcb#@#@#9#.jpeg</href>
</graphic>
</grate>
</procstep>
</stepgrp>
<stepgrp boilerplate="false" context="" id="nev13714000n1-nev14239209n4">
<title id="nev13714000n1-nev14239211n45">Installation</title>
<procstep id="nev13714000n1-nev14239061n2">
<grate id="nev13714000n1-nev14239211n42">
<graphic id="nev13714000n1-nev14239211n43">
<href>0900c8af84761e1#@#@#9#.jpeg</href>
</graphic>
<graphtext id="nev13714000n1-nev14239230n1">
<para id="nev13714000n1-nev14239211n38">
<ptxt id="nev13714000n1-nev14239211n40">
<torque id="nev13714000n1-nev14239211n41">
<ref id="nev13714000n1-nev14239211n39"/>
</torque>
</ptxt>
</para>
</graphtext>
</grate>
</procstep>
<procstep id="nev13714000n1-nev14239208n84">
<grate id="nev13714000n1-nev14239211n36">
<graphic id="nev13714000n1-nev14239211n37">
<href>0900c8af83febcb#@#@#9#.jpeg</href>
</graphic>
<graphtext id="nev13714000n1-nev14239237n1">
<para id="nev13714000n1-nev14239211n32">
<ptxt id="nev13714000n1-nev14239211n34">
<torque id="nev13714000n1-nev14239211n35">
<ref id="nev13714000n1-nev14239211n33"/>
</torque>
</ptxt>
</para>
</graphtext>
</grate>
</procstep>
<procstep id="nev13714000n1-nev14239209n94">
<grate id="nev13714000n1-nev14239211n30">
<graphic id="nev13714000n1-nev14239211n31">
<href>0900c8af83febcb#@#@#9#.jpeg</href>
</graphic>
<graphtext id="nev13714000n1-nev14239244n1">
<para id="nev13714000n1-nev14239211n26">
<ptxt id="nev13714000n1-nev14239211n28">
<torque id="nev13714000n1-nev14239211n29">
<ref id="nev13714000n1-nev14239211n27"/>
</torque>
</ptxt>
</para>
</graphtext>
</grate>
</procstep>
<procstep id="nev13714000n1-nev14239210n7">
<para id="nev13714000n1-nev14239211n23">
<ptxt id="nev13714000n1-nev14239211n24">To install, rev#@#@#22#dure.</ptxt>
</para>
</procstep>
</stepgrp>
</procedure>
</servinfosub>