<?xml version="1.0" encoding="UTF-8"?><servinfosub IE-ID="en-US0900c8af8051b50b" docno="VCC-127064" id="KC01664326" xml:lang="en-US">
<title>Replacing the c#@#@#13#witch</title>
<procedure>
<stepgrp id="KC01761424">
<procstep id="KC01761425">
<title>Conditions</title>
<list1 enumtype="d">
<item>
<ptxt>Ignition off</ptxt>
</item>
<item>
<ptxt>Remove the lowe#@#@#80#ting.</ptxt>
</item>
</list1>
</procstep>
<procstep id="KC01761426">
<title>Removing the cl#@#@#12#witch</title>
<grate>
<graphic id="KC07515775">
<href>0900c8af803f6fb#@#@#9#.jpeg</href>
</graphic>
<graphtext>
<list1 enumtype="d">
<item>
<ptxt>Disconnect the #@#@#4#ector</ptxt>
</item>
<item>
<ptxt>Press in the 2 #@#@#48#tch. </ptxt>
</item>
</list1>
</graphtext>
</grate>
</procstep>
</stepgrp>
<stepgrp id="KC01761427">
<procstep id="KC01761428">
<title>Installing and #@#@#28#witch</title>
<grate>
<graphic id="KC07515776">
<href>0900c8af803f6fb#@#@#9#.jpeg</href>
</graphic>
<graphtext>
<list1 enumtype="d">
<item>
<ptxt>Pull the clutch#@#@#53#2 mm)</ptxt>
</item>
<item>
<ptxt>Depress the clu#@#@#32# down</ptxt>
</item>
<item>
<ptxt>Install the clu#@#@#28#ting.</ptxt>
<caution>
<ptxt>The switch can #@#@#29#tion!</ptxt>
</caution>
</item>
<item>
<ptxt>Carefully relea#@#@#15#edal.</ptxt>
<note>
<ptxt>The clutch peda#@#@#39#ally.</ptxt>
</note>
</item>
<item>
<ptxt>Connect the con#@#@#1#ector</ptxt>
</item>
<item>
<ptxt>Connect the cab#@#@#74# side</ptxt>
</item>
<item>
<ptxt>Read off diagno#@#@#21#TCs).</ptxt>
</item>
</list1>
</graphtext>
</grate>
</procstep>
</stepgrp>
</procedure>
</servinfosub>