<?xml version="1.0" encoding="UTF-8"?><servinfosub IE-ID="en-US0900c8af84f6450b" docno="VCC-155461" id="KC05346065" xml:lang="en-US">
<title>
<phrase category="Title" id="nev15686702n1" phrase-urn="urn:x-nevis:phrase:0800c8af81eb9a54">Diagnostic trou#@#@#21#ation</phrase>
</title>
<diagnostic j2008use="1" paperuse="1" screenuse="1" type="condition">
<condgrp>
<condition type="condition">
<grate>
<graphic id="KC08237353">
<href>0900c8af804454f#@#@#9#.jpeg</href>
</graphic>
<graphtext>
<ptxt>
<phrase category="" id="KC08237354" phrase-urn="urn:x-nevis:phrase:0800c8af81da9f68">The engine cont#@#@#513#ECM).</phrase>
</ptxt>
<ptxt>
<phrase category="" id="KC08237355" phrase-urn="urn:x-nevis:phrase:0800c8af81da9f69">The diagnostic #@#@#297#ning.</phrase>
</ptxt>
</graphtext>
</grate>
</condition>
</condgrp>
<condgrp>
<condition type="substitution">
<list1 enumtype="d" type="unordered">
<item>
<ptxt>
<phrase category="" id="KC08237356" phrase-urn="urn:x-nevis:phrase:0800c8af81da9f6a">Limited engine #@#@#2#tput.</phrase>
</ptxt>
</item>
</list1>
</condition>
<ps>
<list1 enumtype="d" type="unordered">
<item>
<ptxt>
<phrase category="" id="KC08237357" phrase-urn="urn:x-nevis:phrase:0800c8af81da9f6b">Contact resista#@#@#28#inals</phrase>
</ptxt>
</item>
<item>
<ptxt>
<phrase category="" id="KC08237358" phrase-urn="urn:x-nevis:phrase:0800c8af81da9f6c">Fault in the co#@#@#113#(CEM)</phrase>
</ptxt>
</item>
<item>
<ptxt>
<phrase category="" id="KC08237359" phrase-urn="urn:x-nevis:phrase:0800c8af81da9f6d">Fault in the ac#@#@#42#ignal</phrase>
</ptxt>
</item>
<item>
<ptxt>
<phrase category="" id="KC08237360" phrase-urn="urn:x-nevis:phrase:0800c8af81da9f6e">Fault in the an#@#@#45#ignal</phrase>
</ptxt>
</item>
<item>
<ptxt>
<phrase category="" id="KC08237361" phrase-urn="urn:x-nevis:phrase:0800c8af81da9f6f">Damaged acceler#@#@#27#nsor.</phrase>
</ptxt>
</item>
</list1>
</ps>
</condgrp>
<condgrp>
<condition type="symptom">
<list1 id="nev12485161n100">
<item id="nev12485161n99">
<ptxt id="nev12485161n98">
<phrase category="Symptom CSC" id="nev12485166n1" phrase-urn="urn:x-nevis:phrase:0800c8af8388f137">IV, Text window#@#@#27#ssage</phrase>
</ptxt>
</item>
</list1>
</condition>
</condgrp>
</diagnostic>
</servinfosub>