<?xml version="1.0" encoding="UTF-8"?><servinfosub IE-ID="en-US0900c8af8091f201" docno="VCC-114802" id="KC02501985" xml:lang="en-US">
<title>
<phrase category="" id="KC09358370" phrase-urn="urn:x-nevis:phrase:0800c8af826e86f5">Faulty signal. #@#@#13#fault</phrase>
</title>
<diagnostic type="test">
<testgrp IE-ID="en-US0900c8af8091f201_KC02617195" id="KC02617195" j2008use="1" paperuse="1" resumable="1" screenuse="1" testgrp-id="node2" x="160" y="80">
<title>
<phrase category="" id="KC09358371" phrase-urn="urn:x-nevis:phrase:0800c8af826e86f6">Intermittent fault</phrase>
</title>
<node>
<test1>
<test2>
<ptxt>
<phrase category="" id="KC09358372" phrase-urn="urn:x-nevis:phrase:0800c8af826e86f7">Check the wirin#@#@#205#g to <xref>
<ref id="KC09358373"/>
</xref>, an intermitte#@#@#35#g to <xref>
<ref id="KC09358374"/>
</xref>, an intermitte#@#@#43#g to <xref>
<ref id="KC09358375"/>
</xref> and contact re#@#@#31#g to <xref>
<ref id="KC09358376"/>
</xref>.</phrase>
</ptxt>
<para>
<ptxt>
<phrase category="" id="KC09358377" phrase-urn="urn:x-nevis:phrase:0800c8af826e86f8">Remedy as necessary.</phrase>
</ptxt>
</para>
<list1 enumtype="d" type="unordered">
<title>
<phrase category="" id="KC09358378" phrase-urn="urn:x-nevis:phrase:0800c8af826e86f9">Other information:</phrase>
</title>
<item>
<ptxt>
<phrase category="" id="KC09358379" phrase-urn="urn:x-nevis:phrase:0800c8af826e86fa">To connect the #@#@#13# see <xref>
<ref id="KC09358380"/>
</xref>. </phrase>
</ptxt>
</item>
<item>
<ptxt>
<phrase category="" id="KC09358381" phrase-urn="urn:x-nevis:phrase:0800c8af826e86fb">To disconnect t#@#@#36# see <xref>
<ref id="KC09358382"/>
</xref>.</phrase>
</ptxt>
</item>
<item>
<ptxt>
<phrase category="" id="KC09358383" phrase-urn="urn:x-nevis:phrase:0800c8af826e86fc">To check / repl#@#@#23# see <xref>
<ref id="KC09358384"/>
</xref>. </phrase>
</ptxt>
</item>
<item>
<ptxt>
<phrase category="" id="KC09358385" phrase-urn="urn:x-nevis:phrase:0800c8af826e86fd">For information#@#@#15# see <xref>
<ref id="KC09358386"/>
</xref>. </phrase>
</ptxt>
</item>
</list1>
<diaglist>
<dgraphic>
<dgraphic1>
<graphic id="KC09358387">
<href>0900c8af8005444#@#@#9#.jpeg</href>
</graphic>
</dgraphic1>
<dgraphic2>
<graphic id="KC09358388">
<href>0900c8af80054d4#@#@#9#.jpeg</href>
</graphic>
<smarttool id="KC09358389" toolname="ODA"/>
</dgraphic2>
</dgraphic>
<ditem>
<ditemtext>
<ptxt>
<phrase category="" id="KC09358390" phrase-urn="urn:x-nevis:phrase:0800c8af826e86fe"/>
</ptxt>
</ditemtext>
</ditem>
</diaglist>
</test2>
</test1>
<question>
Select Continu#@#@#31#ied.
</question>
<resact-grp>
<result button="cont" comp="button" highlight="0"/>
<action j2008use="1" paperuse="1" screenuse="1">
<ptxt>
<xref>
<ref id="KC09358392"/>
</xref>
</ptxt>
</action>
</resact-grp>
</node>
</testgrp>
<testgrp id="KC02617196" j2008use="1" paperuse="1" resumable="1" screenuse="1" testgrp-id="info" x="360" y="80">
<title>
<phrase category="" id="KC09358393" phrase-urn="urn:x-nevis:phrase:0800c8af826e8700">Fault-tracing i#@#@#5#ation</phrase>
</title>
<subcalloutnode>
<diagcallout>
<xref>
<ref id="KC09358394"/>
</xref>
</diagcallout>
<rescall-grp>
<result comp="string" highlight="0" op="eq" return="NEW TRY"/>
<calloutaction>
<ptxt>
<xref>
<ref id="KC09358395"/>
</xref>
</ptxt>
</calloutaction>
</rescall-grp>
<rescall-grp>
<result comp="string" highlight="0" op="eq" return="FAULT FOUND"/>
<calloutaction>
<return value="FAULT FOUND"/>
</calloutaction>
</rescall-grp>
</subcalloutnode>
</testgrp>
</diagnostic>
</servinfosub>