<?xml version="1.0" encoding="UTF-8"?><servinfosub IE-ID="en-US0900c8af85026201" docno="VCC-371053" id="nev13717784n1" original="sv-SE" servinfosubId="nev13717785n1-nev15586830n1" servinfosubRes="0900c8af85026205" servinfosubRes2="urn:x-nevis:fragment:0900c8af85026201:0900c8af85026205#nev15586830n1" xml:lang="en-US">
<operationnumbers>
<operationnumber>84153-2</operationnumber>
</operationnumbers>
<title id="nev13717783n48">Luggage Compart#@#@#10#adges</title>
<procedure id="nev13717785n1-nev15597411n3">
<stepgrp boilerplate="false" context="" id="nev13717785n1-nev15976823n58">
<title id="nev13717785n1-nev15597389n55">Removal</title>
<procstep id="nev13717785n1-nev15597411n6">
<grate id="nev13717785n1-nev15597411n7">
<graphic id="nev13717785n1-nev15597411n8">
<href>0900c8af843bfdc#@#@#9#.jpeg</href>
</graphic>
</grate>
</procstep>
</stepgrp>
<stepgrp boilerplate="false" context="" id="nev13717785n1-nev15976823n57">
<title id="nev13717785n1-nev15597389n53">Installation</title>
<procstep id="nev13717785n1-nev15597412n1">
<para id="nev13717785n1-nev15976823n55">
<ptxt id="nev13717785n1-nev15976823n56">Follow the inst#@#@#56# tape<xref boilerplate="true" id="nev13717785n1-nev15597389n50">
<ref id="nev13717785n1-nev15597412n6"/>
</xref>
</ptxt>
</para>
</procstep>
<procstep id="nev13717785n1-nev15597412n7">
<grate id="nev13717785n1-nev15597412n8">
<graphic id="nev13717785n1-nev15597412n9">
<href>0900c8af843bfdf#@#@#9#.jpeg</href>
</graphic>
</grate>
</procstep>
<procstep id="nev13717785n1-nev15597412n10">
<grate id="nev13717785n1-nev15976823n53">
<graphic id="nev13717785n1-nev15976823n54">
<href>0900c8af850261e#@#@#9#.jpeg</href>
</graphic>
</grate>
</procstep>
<procstep id="nev13717785n1-nev15597413n3">
<grate id="nev13717785n1-nev15597413n4">
<graphic id="nev13717785n1-nev15597413n5">
<href>0900c8af843bfe1#@#@#9#.jpeg</href>
</graphic>
</grate>
</procstep>
<procstep id="nev13717785n1-nev15597389n68">
<grate id="nev13717785n1-nev15597389n48">
<graphic id="nev13717785n1-nev15597389n49">
<href>0900c8af84f1f2b#@#@#9#.jpeg</href>
</graphic>
</grate>
</procstep>
</stepgrp>
</procedure>
</servinfosub>