<?xml version="1.0" encoding="UTF-8"?><servinfosub IE-ID="en-US0900c8af823da201" docno="VCC-164709" id="KC08844421" xml:lang="en-US">
<title>
<phrase category="" id="KC09016311" phrase-urn="urn:x-nevis:phrase:0800c8af823da202">Diagnostic trou#@#@#30#-0130</phrase>
</title>
<diagnostic j2008use="1" paperuse="1" screenuse="1" type="condition">
<condgrp>
<condition type="condition">
<grate>
<graphic id="KC09016312">
<href>0900c8af81d9a14#@#@#9#.jpeg</href>
</graphic>
<graphtext>
<para>
<ptxt>
<phrase category="" id="KC09016313" phrase-urn="urn:x-nevis:phrase:0800c8af823da203">The engine cont#@#@#282#ault.</phrase>
</ptxt>
</para>
<para>
<ptxt>
<phrase category="" id="KC09016314" phrase-urn="urn:x-nevis:phrase:0800c8af823da204">The diagnostic #@#@#45#ving.</phrase>
</ptxt>
</para>
</graphtext>
</grate>
</condition>
</condgrp>
<condgrp>
<condition type="substitution">
<list1 enumtype="d" type="unordered">
<item>
<ptxt>
<phrase category="" id="KC09016315" phrase-urn="urn:x-nevis:phrase:0800c8af823da205">Nothing.</phrase>
</ptxt>
</item>
</list1>
</condition>
<ps>
<list1 enumtype="d" type="unordered">
<item>
<ptxt>
<phrase category="" id="KC09016316" phrase-urn="urn:x-nevis:phrase:0800c8af823da206">Open-circuit on#@#@#13#able.</phrase>
</ptxt>
</item>
</list1>
</ps>
</condgrp>
<condgrp>
<condition type="symptom">
<list1 enumtype="d" type="unordered">
<item>
<ptxt>
<phrase category="" id="KC09016317" phrase-urn="urn:x-nevis:phrase:0800c8af823da207">Malfunction ind#@#@#17# lit.</phrase>
</ptxt>
</item>
</list1>
</condition>
</condgrp>
</diagnostic>
</servinfosub>