<?xml version="1.0" encoding="UTF-8"?><servinfosub IE-ID="en-US0900c8af84f0c808" docno="VCC-371245" id="nev13718857n1" original="sv-SE" servinfosubId="nev13718858n1-nev15558633n1" servinfosubRes="0900c8af84f559b2" servinfosubRes2="urn:x-nevis:fragment:0900c8af84f0c808:0900c8af84f559b2#nev15558633n1" xml:lang="en-US">
<operationnumbers>
<operationnumber>87421-2</operationnumber>
</operationnumbers>
<title id="nev13718856n52">A/C pressure sensor</title>
<procedure id="nev13718858n1-nev15574691n53">
<stepgrp boilerplate="false" context="" id="nev13718858n1-nev15660721n58">
<title id="nev13718858n1-nev15659780n67">Removal</title>
<procstep id="nev13718858n1-nev15574681n86">
<grate id="nev13718858n1-nev15574691n47">
<graphic id="nev13718858n1-nev15574691n48">
<href>0900c8af84f17ca#@#@#9#.jpeg</href>
</graphic>
<graphtext id="nev13718858n1-nev15660739n1">
<para id="nev13718858n1-nev15660721n53">
<ptxt id="nev13718858n1-nev15660721n55">Follow the inst#@#@#25#rques<xref boilerplate="true" id="nev13718858n1-nev15660721n56">
<ref id="nev13718858n1-nev15660721n54"/>
</xref>
</ptxt>
</para>
</graphtext>
</grate>
</procstep>
</stepgrp>
<stepgrp boilerplate="false" context="" id="nev13718858n1-nev15660721n51">
<title id="nev13718858n1-nev15659780n65">Installation</title>
<procstep id="nev13718858n1-nev15574681n28">
<para id="nev13718858n1-nev15660721n47">
<ptxt id="nev13718858n1-nev15660721n48">To install, rev#@#@#22#dure.</ptxt>
</para>
</procstep>
<procstep id="nev13718858n1-nev15574691n77">
<para id="nev13718858n1-nev15660721n45">
<ptxt id="nev13718858n1-nev15660721n46">Perform climate#@#@#10#cking<xref boilerplate="true" id="nev13718858n1-nev15659780n59">
<ref id="nev13718858n1-nev15574691n35"/>
</xref>
</ptxt>
</para>
</procstep>
</stepgrp>
</procedure>
</servinfosub>