<?xml version="1.0" encoding="UTF-8"?><servinfosub IE-ID="en-US0900c8af838e8808" docno="VCC-159000" id="KC06291611" xml:lang="en-US">
<title>
<phrase category="" id="KC09539170" phrase-urn="urn:x-nevis:phrase:0800c8af8271c2f6">No communication</phrase>
</title>
<diagnostic j2008use="1" layout="1" paperuse="1" screenuse="1" type="test">
<testgrp IE-ID="en-US0900c8af838e8808_KC06318906" id="KC06318906" j2008use="1" paperuse="1" resumable="1" screenuse="1" testgrp-id="node1" x="180" y="80">
<title>
<phrase category="" id="KC09539171" phrase-urn="urn:x-nevis:phrase:0800c8af8271c2f7">Function test</phrase>
</title>
<node>
<test1>
<test2>
<para>
<ptxt>
<phrase category="" id="KC09539172" phrase-urn="urn:x-nevis:phrase:0800c8af8271c2f8">Check the funct#@#@#87#rol. </phrase>
</ptxt>
</para>
<para>
<ptxt>
<phrase category="" id="KC09539173" phrase-urn="urn:x-nevis:phrase:0800c8af8271c2f9">The receiver fu#@#@#86#icle.</phrase>
</ptxt>
</para>
<note>
<ptxt>
<phrase category="" id="KC09539174" phrase-urn="urn:x-nevis:phrase:0800c8af8271c2fa">Depending on wh#@#@#347#ark. </phrase>
</ptxt>
</note>
<diaglist>
<dgraphic/>
</diaglist>
<grate>
<graphic id="KC09539175">
<href>0900c8af8162116#@#@#9#.jpeg</href>
</graphic>
</grate>
</test2>
</test1>
<question>
Is the functio#@#@#1# OK?
</question>
<resact-grp>
<result button="yes" comp="button" highlight="0"/>
<action j2008use="1" paperuse="1" screenuse="1">
<ptxt>
<xref>
<ref id="KC09539177"/>
</xref>
</ptxt>
</action>
</resact-grp>
<resact-grp>
<result button="no" comp="button" highlight="0"/>
<action j2008use="1" paperuse="1" screenuse="1">
<ptxt>
<xref>
<ref id="KC09539178"/>
</xref>
</ptxt>
</action>
</resact-grp>
</node>
</testgrp>
<testgrp id="KC06318907" j2008use="1" paperuse="1" resumable="1" screenuse="1" testgrp-id="node5" x="280" y="220">
<title>
<phrase category="" id="KC09539179" phrase-urn="urn:x-nevis:phrase:0800c8af8271c2fc">Fault-tracing i#@#@#5#ation</phrase>
</title>
<node>
<test1>
<test2>
<para>
<ptxt>
<phrase category="" id="KC09539180" phrase-urn="urn:x-nevis:phrase:0800c8af8271c2fd">The keyless veh#@#@#353#curs.</phrase>
</ptxt>
<ptxt>
<phrase category="" id="KC09539181" phrase-urn="urn:x-nevis:phrase:0800c8af8271c2fe">You can choose #@#@#52#ing. </phrase>
</ptxt>
</para>
</test2>
</test1>
<question>
Do you want to#@#@#24#ain?
</question>
<resact-grp>
<result button="yes" comp="button" highlight="0"/>
<action j2008use="1" paperuse="1" screenuse="1">
<ptxt>
<xref>
<ref id="KC09539183"/>
</xref>
</ptxt>
</action>
<action j2008use="1" paperuse="1" screenuse="1">
<return value="FAULT NOT FOUND"/>
</action>
</resact-grp>
</node>
</testgrp>
<testgrp id="KC06318908" j2008use="1" paperuse="1" resumable="1" screenuse="1" testgrp-id="node3" x="80" y="200">
<title>
<phrase category="" id="KC09539184" phrase-urn="urn:x-nevis:phrase:0800c8af8271c300">Checking the si#@#@#5#cable</phrase>
</title>
<node>
<test1>
<diaglist>
<dgraphic>
<dgraphic1>
<graphic id="KC09539185">
<href>0900c8af80054d5#@#@#9#.jpeg</href>
</graphic>
</dgraphic1>
</dgraphic>
<ditem>
<ptxt>
<phrase category="" id="KC09539186" phrase-urn="urn:x-nevis:phrase:0800c8af8271c301">Ignition on.</phrase>
</ptxt>
</ditem>
</diaglist>
<test2>
<para>
<ptxt>
<phrase category="" id="KC09539187" phrase-urn="urn:x-nevis:phrase:0800c8af8271c302">Check communica#@#@#63#mbol.</phrase>
</ptxt>
</para>
<note>
<ptxt>
<phrase category="" id="KC09539188" phrase-urn="urn:x-nevis:phrase:0800c8af8271c2e5">The results of #@#@#392#elow.</phrase>
</ptxt>
</note>
<para>
<ptxt>
<phrase category="" id="KC09539189" phrase-urn="urn:x-nevis:phrase:0800c8af8271c2e6">Remedy as necessary.</phrase>
</ptxt>
</para>
<list1 enumtype="d" type="unordered">
<title>
<phrase category="" id="KC09539190" phrase-urn="urn:x-nevis:phrase:0800c8af8271c2e7">Other information</phrase>
</title>
<item>
<ptxt id="nev12243625n100">
<phrase category="Faulttracing" id="nev12243633n1" phrase-urn="urn:x-nevis:phrase:0800c8af822ed2c3">For connecting #@#@#43#CEM):</phrase>
<xref id="nev12243625n98">
<ref id="l1150193125350"/>
</xref>
</ptxt>
</item>
<item>
<ptxt id="nev12243625n96">
<phrase category="Faulttracing" id="nev12243640n1" phrase-urn="urn:x-nevis:phrase:0800c8af830b6659">To access/repla#@#@#34#CEM):</phrase>
<xref id="nev12243625n94">
<ref id="l1150193184803"/>
</xref>
</ptxt>
</item>
<item>
<ptxt id="nev12243625n92">
<xref id="nev12243841n100">
<ref id="l1150193210818"/>
</xref>
</ptxt>
</item>
<item>
<ptxt>
<xref id="nev12243625n89">
<ref id="l1150193239396"/>
</xref>
</ptxt>
</item>
</list1>
<diaglist>
<dgraphic>
<dgraphic2>
<graphic id="KC09539199">
<href>0900c8af86c8681#@#@#9#.jpeg</href>
</graphic>
<smarttool active="press" id="KC09539200" toolname="YKVM000F"/>
</dgraphic2>
</dgraphic>
</diaglist>
</test2>
</test1>
<question>
Was a fault de#@#@#3#ted?
</question>
<resact-grp>
<result button="yes" comp="button" highlight="0"/>
<action j2008use="1" paperuse="1" screenuse="1">
<ptxt>
<xref>
<ref id="KC09539203"/>
</xref>
</ptxt>
</action>
</resact-grp>
<resact-grp>
<result button="no" comp="button" highlight="0"/>
<action j2008use="1" paperuse="1" screenuse="1">
<ptxt>
<xref>
<ref id="KC09539204"/>
</xref>
</ptxt>
</action>
</resact-grp>
</node>
</testgrp>
<testgrp id="KC06318909" j2008use="1" paperuse="1" resumable="1" screenuse="1" testgrp-id="node4" x="80" y="380">
<title>
<phrase category="" id="KC09539205" phrase-urn="urn:x-nevis:phrase:0800c8af8271c2ee">Replacing the r#@#@#2#eiver</phrase>
</title>
<node>
<test1>
<test2>
<para>
<ptxt>
<phrase category="" id="KC09539206" phrase-urn="urn:x-nevis:phrase:0800c8af8271c2ef">The fault is pr#@#@#127#case.</phrase>
</ptxt>
</para>
<list1 enumtype="d" type="unordered">
<title>
<phrase category="" id="KC09539207" phrase-urn="urn:x-nevis:phrase:0800c8af8271c2f1">Other information</phrase>
</title>
<item>
<ptxt>
<xref id="nev12243841n98">
<ref id="l1150193283068"/>
</xref>
</ptxt>
</item>
</list1>
</test2>
</test1>
<question>
Select Continue.
</question>
<resact-grp>
<result button="cont" comp="button" highlight="0"/>
<action j2008use="1" paperuse="1" screenuse="1">
<ptxt>
<xref>
<ref id="KC09539211"/>
</xref>
</ptxt>
</action>
</resact-grp>
</node>
</testgrp>
<testgrp id="KC06318910" j2008use="1" paperuse="1" resumable="1" screenuse="1" testgrp-id="veria" x="280" y="380">
<title>
<phrase category="" id="KC09539212" phrase-urn="urn:x-nevis:phrase:0800c8af8271c2f4">Verification</phrase>
</title>
<subcalloutnode>
<diagcallout>
<xref>
<ref id="KC09539213"/>
</xref>
</diagcallout>
<rescall-grp>
<result comp="string" highlight="0" op="eq" return="VERIFIED"/>
<calloutaction>
<return value="FAULT FOUND"/>
</calloutaction>
</rescall-grp>
<rescall-grp>
<result comp="string" highlight="0" op="eq" return="VERIFICATION FAILED"/>
<calloutaction>
<ptxt>
<xref>
<ref id="KC09539214"/>
</xref>
</ptxt>
</calloutaction>
</rescall-grp>
</subcalloutnode>
</testgrp>
<testgrp id="KC06318911" j2008use="1" paperuse="0" resumable="1" screenuse="1" testgrp-id="info1" x="180" y="520">
<title>
<phrase category="" id="KC09539215" phrase-urn="urn:x-nevis:phrase:0800c8af8271c2f5">Fault-tracing i#@#@#5#ation</phrase>
</title>
<subcalloutnode>
<diagcallout>
<xref>
<ref id="KC09539216"/>
</xref>
</diagcallout>
<rescall-grp>
<result comp="string" highlight="0" op="eq" return="FAULTTRACING FAILED"/>
<calloutaction>
<return value="FAULTTRACING FAILED"/>
</calloutaction>
</rescall-grp>
<rescall-grp>
<result comp="string" highlight="0" op="eq" return="NEW TRY"/>
<calloutaction>
<ptxt>
<xref>
<ref id="KC09539217"/>
</xref>
</ptxt>
</calloutaction>
</rescall-grp>
</subcalloutnode>
</testgrp>
</diagnostic>
</servinfosub>