<?xml version="1.0" encoding="UTF-8"?><servinfosub IE-ID="en-US0900c8af81a9a808" docno="VCC-160324" id="KC07223080" xml:lang="en-US">
<title>
<phrase category="" id="KC09548929" phrase-urn="urn:x-nevis:phrase:0800c8af8271dd8f">Reading off par#@#@#19#splay</phrase>
</title>
<diagnostic j2008use="1" paperuse="1" screenuse="1" type="test">
<testgrp IE-ID="en-US0900c8af81a9a808_KC07223082" id="KC07223082" j2008use="1" paperuse="1" resumable="1" screenuse="1" testgrp-id="readdtc" x="120" y="200">
<title>
<phrase category="" id="KC09548930" phrase-urn="urn:x-nevis:phrase:0800c8af8271dd90">Parameter, digi#@#@#6#splay</phrase>
</title>
<node>
<test1>
<diaglist>
<dgraphic>
<dgraphic1>
<graphic id="KC09548931">
<href>0900c8af80054d5#@#@#9#.jpeg</href>
</graphic>
</dgraphic1>
</dgraphic>
<ditem>
<ptxt>
<phrase category="" id="KC09548932" phrase-urn="urn:x-nevis:phrase:0800c8af8271dd91">Ignition on.</phrase>
</ptxt>
</ditem>
</diaglist>
<test2>
<ptxt>
<phrase category="" id="KC09548933" phrase-urn="urn:x-nevis:phrase:0800c8af8271dd92">Activate readin#@#@#48#mbol.</phrase>
</ptxt>
<ptxt>
<phrase category="" id="KC09548934" phrase-urn="urn:x-nevis:phrase:0800c8af8271dd93">
<xref>
<ref id="KC09548935"/>
</xref>
</phrase>
</ptxt>
<diaglist>
<dgraphic>
<dgraphic2>
<graphic id="KC09548936">
<href>0900c8af86c8681#@#@#9#.jpeg</href>
</graphic>
<smarttool active="press" id="KC09548937" toolname="XECM1002"/>
</dgraphic2>
</dgraphic>
<ditem>
<ditemtext>
<ptxt>
<phrase category="" id="KC09548938" phrase-urn="urn:x-nevis:phrase:0800c8af8271dd94"/>
</ptxt>
</ditemtext>
</ditem>
</diaglist>
</test2>
</test1>
<question/>
<resact-grp>
<result button="cont" comp="button" highlight="0"/>
<action j2008use="1" paperuse="1" screenuse="1">
<return value="DONE"/>
</action>
</resact-grp>
<resact-grp>
<result comp="numeric" highlight="0" op="lt" return="0"/>
<action j2008use="1" paperuse="1" screenuse="1">
<ptxt>
<xref>
<ref id="KC09548940"/>
</xref>
</ptxt>
</action>
</resact-grp>
<resact-grp>
<result comp="numeric" highlight="0" op="gt" return="0"/>
<action j2008use="1" paperuse="1" screenuse="1">
<ptxt>
<xref>
<ref id="KC09548941"/>
</xref>
</ptxt>
</action>
</resact-grp>
</node>
</testgrp>
<testgrp id="KC07223083" j2008use="1" paperuse="1" resumable="1" screenuse="1" testgrp-id="text-1--7" x="120" y="320">
<title>
<phrase category="" id="KC09548942" phrase-urn="urn:x-nevis:phrase:0800c8af8271dd96">Communication fault</phrase>
</title>
<subcalloutnode>
<diagcallout>
<xref>
<ref id="KC09548943"/>
</xref>
</diagcallout>
<rescall-grp>
<result comp="string" highlight="0" op="eq" return="1"/>
<calloutaction>
<ptxt>
<xref>
<ref id="KC09548944"/>
</xref>
</ptxt>
</calloutaction>
</rescall-grp>
<rescall-grp>
<result comp="string" highlight="0" op="eq" return="2"/>
<calloutaction>
<ptxt>
<xref>
<ref id="KC09548945"/>
</xref>
</ptxt>
</calloutaction>
</rescall-grp>
<rescall-grp>
<result comp="string" highlight="0" op="eq" return="3"/>
<calloutaction>
<return value="FAILED"/>
</calloutaction>
</rescall-grp>
</subcalloutnode>
</testgrp>
<testgrp id="KC07223084" j2008use="1" paperuse="1" resumable="1" screenuse="1" testgrp-id="comm" x="120" y="440">
<title>
<phrase category="" id="KC09548946" phrase-urn="urn:x-nevis:phrase:0800c8af8271dd97">Checking commun#@#@#9#aults</phrase>
</title>
<subcalloutnode>
<diagcallout>
<xref>
<ref id="KC09548947"/>
</xref>
</diagcallout>
<rescall-grp>
<result comp="string" highlight="0" op="eq" return="FAULT FOUND"/>
<calloutaction>
<ptxt>
<xref>
<ref id="KC09548948"/>
</xref>
</ptxt>
</calloutaction>
</rescall-grp>
</subcalloutnode>
</testgrp>
<testgrp id="KC07223085" j2008use="1" paperuse="1" resumable="1" screenuse="1" testgrp-id="comminfo" x="120" y="520">
<title>
<phrase category="" id="KC09548949" phrase-urn="urn:x-nevis:phrase:0800c8af8271dd98">Fault-tracing i#@#@#5#ation</phrase>
</title>
<subcalloutnode>
<diagcallout>
<xref>
<ref id="KC09548950"/>
</xref>
</diagcallout>
<rescall-grp>
<result comp="string" highlight="0" op="eq" return="YES"/>
<calloutaction>
<ptxt>
<xref>
<ref id="KC09548951"/>
</xref>
</ptxt>
</calloutaction>
</rescall-grp>
<rescall-grp>
<result comp="string" highlight="0" op="eq" return="NO"/>
<calloutaction>
<return value="FAILED"/>
</calloutaction>
</rescall-grp>
</subcalloutnode>
</testgrp>
</diagnostic>
</servinfosub>