<?xml version="1.0" encoding="UTF-8"?><servinfosub IE-ID="en-US0900c8af83492808" docno="VCC-285845" id="nev11420603n1" original="sv-SE" servinfosubId="nev20688134n1-nev20688134n2" servinfosubRes="0900c8af862c372a" servinfosubRes2="urn:x-nevis:fragment:0900c8af83492808:0900c8af862c372a#nev20688134n2" xml:lang="en-US">
<title id="nev11420603n2">Diagnostic functions</title>
<topic id="nev20688134n1-nev11421151n250">
<title id="nev20688134n1-nev11421151n249">General</title>
<para id="nev20688134n1-nev11421151n248">
<ptxt id="nev20688134n1-nev11421151n247">The control mod#@#@#134#nals.</ptxt>
</para>
</topic>
<topic id="nev20688134n1-nev11421151n246">
<title id="nev20688134n1-nev11421151n245">Diagnostic trou#@#@#11#DTCs)</title>
<para id="nev20688134n1-nev11421151n244">
<ptxt id="nev20688134n1-nev11421151n243">If the control #@#@#334#ault.</ptxt>
</para>
</topic>
<topic id="nev20688134n1-nev11421151n242">
<title id="nev20688134n1-nev11421151n241">Readout of Volv#@#@#7#ostic</title>
<para id="nev20688134n1-nev11421151n240">
<ptxt id="nev20688134n1-nev11421151n239">Information on #@#@#153#thod.</ptxt>
</para>
</topic>
<topic id="nev20688134n1-nev11421151n238">
<title id="nev20688134n1-nev11421151n237">Volvo Diagnostic</title>
<para id="nev20688134n1-nev11421151n236">
<ptxt id="nev20688134n1-nev11421151n235">The diagnostic #@#@#15#d to:</ptxt>
</para>
<list1 enumtype="d" id="nev20688134n1-nev11421151n234" type="unordered">
<item id="nev20688134n1-nev11421151n233">
<ptxt id="nev20688134n1-nev11421151n232">read and erase #@#@#26#codes</ptxt>
</item>
<item id="nev20688134n1-nev11421151n230">
<ptxt id="nev20688134n1-nev11421151n228">continually rea#@#@#49#gnals</ptxt>
</item>
<item id="nev20688134n1-nev11421151n227">
<ptxt id="nev20688134n1-nev11421151n226">activate certai#@#@#6#tions</ptxt>
</item>
<item id="nev20688134n1-nev11421151n229">
<ptxt id="nev20688134n1-nev11421151n225">read control mo#@#@#14#ation</ptxt>
</item>
</list1>
<para id="nev20688134n1-nev11421151n224">
<ptxt id="nev20688134n1-nev11421151n223">Requirements to#@#@#32#ostic</ptxt>
</para>
<list1 enumtype="d" id="nev20688134n1-nev11421151n222" type="unordered">
<item id="nev20688134n1-nev11421151n221">
<ptxt id="nev20688134n1-nev11421151n220">ignition on</ptxt>
</item>
<item id="nev20688134n1-nev11421151n219">
<ptxt id="nev20688134n1-nev11421151n218">normal battery #@#@#2#ltage</ptxt>
</item>
</list1>
</topic>
</servinfosub>