<?xml version="1.0" encoding="UTF-8"?><servinfosub IE-ID="en-US0900c8af81bc8808" docno="VCC-160451" id="KC07197290" xml:lang="en-US">
<title>
<phrase category="" id="KC09549797" phrase-urn="urn:x-nevis:phrase:0800c8af8271dfc9">Signal too high</phrase>
</title>
<diagnostic j2008use="1" paperuse="1" screenuse="1" type="test">
<testgrp IE-ID="en-US0900c8af81bc8808_KC07224820" id="KC07224820" j2008use="1" paperuse="1" resumable="1" screenuse="1" testgrp-id="node1start" x="320" y="40">
<title>
<phrase category="" id="KC09549798" phrase-urn="urn:x-nevis:phrase:0800c8af8271dfca">Checking the fu#@#@#19# pump</phrase>
</title>
<node>
<test1>
<diaglist>
<dgraphic>
<dgraphic1>
<graphic id="KC09549799">
<href>0900c8af80054d5#@#@#9#.jpeg</href>
</graphic>
</dgraphic1>
</dgraphic>
<ditem>
<ptxt>
<phrase category="" id="KC09549800" phrase-urn="urn:x-nevis:phrase:0800c8af8271dfcb">Ignition on.</phrase>
</ptxt>
</ditem>
</diaglist>
<test2>
<list1 enumtype="d">
<item>
<ptxt>
<phrase category="" id="KC09549801" phrase-urn="urn:x-nevis:phrase:0800c8af8271dfcc">Activate the co#@#@#8# fan.</phrase>
</ptxt>
</item>
</list1>
<para>
<ptxt>
<phrase category="" id="KC09549802" phrase-urn="urn:x-nevis:phrase:0800c8af8271dfcd">Listen for a bu#@#@#58#ning.</phrase>
</ptxt>
</para>
<diaglist>
<dgraphic>
<dgraphic2>
<graphic id="KC09549803">
<href>0900c8af86c8681#@#@#9#.jpeg</href>
</graphic>
<smarttool active="press" id="KC09549804" toolname="XCEM000D"/>
</dgraphic2>
</dgraphic>
<ditem>
<ditemtext>
<ptxt>
<phrase category="" id="KC09549805" phrase-urn="urn:x-nevis:phrase:0800c8af8271dfce"/>
</ptxt>
</ditemtext>
</ditem>
</diaglist>
</test2>
</test1>
<question>
Is the combust#@#@#12#ing?
</question>
<resact-grp>
<result button="yes" comp="button" highlight="0"/>
<action j2008use="1" paperuse="1" screenuse="1">
<ptxt>
<xref>
<ref id="KC09549807"/>
</xref>
</ptxt>
</action>
</resact-grp>
<resact-grp>
<result button="no" comp="button" highlight="0"/>
<action j2008use="1" paperuse="1" screenuse="1">
<ptxt>
<xref>
<ref id="KC09549808"/>
</xref>
</ptxt>
</action>
</resact-grp>
</node>
</testgrp>
<testgrp id="KC07224821" j2008use="1" paperuse="1" resumable="1" screenuse="1" testgrp-id="veria" x="240" y="400">
<title>
<phrase category="" id="KC09549809" phrase-urn="urn:x-nevis:phrase:0800c8af8271dfd0">Verification</phrase>
</title>
<subcalloutnode>
<diagcallout>
<xref>
<ref id="KC09549810"/>
</xref>
</diagcallout>
<rescall-grp>
<result comp="string" highlight="0" op="eq" return="VERIFIED"/>
<calloutaction>
<return value="FAULT FOUND"/>
</calloutaction>
</rescall-grp>
<rescall-grp>
<result comp="string" highlight="0" op="eq" return="VERIFICATION FAILED"/>
<calloutaction>
<ptxt>
<xref>
<ref id="KC09549811"/>
</xref>
</ptxt>
</calloutaction>
</rescall-grp>
</subcalloutnode>
</testgrp>
<testgrp id="KC07224822" j2008use="1" paperuse="1" resumable="1" screenuse="1" testgrp-id="info1" x="640" y="240">
<title>
<phrase category="" id="KC09549812" phrase-urn="urn:x-nevis:phrase:0800c8af8271dfd1">Fault-tracing i#@#@#5#ation</phrase>
</title>
<subcalloutnode>
<diagcallout>
<xref>
<ref id="KC09549813"/>
</xref>
</diagcallout>
<rescall-grp>
<result comp="string" highlight="0" op="eq" return="FAULTTRACING FAILED"/>
<calloutaction>
<return value="FAULTTRACING FAILED"/>
</calloutaction>
</rescall-grp>
<rescall-grp>
<result comp="string" highlight="0" op="eq" return="NEW TRY"/>
<calloutaction>
<ptxt>
<xref>
<ref id="KC09549814"/>
</xref>
</ptxt>
</calloutaction>
</rescall-grp>
</subcalloutnode>
</testgrp>
<testgrp id="KC07224823" j2008use="1" paperuse="1" resumable="1" screenuse="1" testgrp-id="node1komponent" x="360" y="280">
<title>
<phrase category="" id="KC09549815" phrase-urn="urn:x-nevis:phrase:0800c8af8271dfd2">Checking compon#@#@#10#iring</phrase>
</title>
<node>
<test1>
<test2>
<para>
<ptxt>
<phrase category="" id="KC09549816" phrase-urn="urn:x-nevis:phrase:0800c8af8271dfd3">Check the cable#@#@#173#tage.</phrase>
</ptxt>
</para>
<para>
<ptxt>
<phrase category="" id="KC09549817" phrase-urn="urn:x-nevis:phrase:0800c8af8271dfd4">The combustion #@#@#53#ble. </phrase>
</ptxt>
</para>
<para>
<ptxt>
<phrase category="" id="KC09549818" phrase-urn="urn:x-nevis:phrase:0800c8af8271dfd5">Remedy as necessary.</phrase>
</ptxt>
</para>
<list1>
<title>
<phrase category="" id="KC09549819" phrase-urn="urn:x-nevis:phrase:0800c8af8271dfd6">Other information</phrase>
</title>
<item>
<ptxt>
<phrase category="" id="KC09549820" phrase-urn="urn:x-nevis:phrase:0800c8af8271dfd7">
<xref>
<ref id="KC09549821"/>
</xref>
</phrase>
</ptxt>
</item>
<item>
<ptxt>
<phrase category="" id="KC09549822" phrase-urn="urn:x-nevis:phrase:0800c8af8271dfd8">
<xref>
<ref id="KC09549823"/>
</xref>
</phrase>
</ptxt>
</item>
<item>
<ptxt>
<phrase category="" id="KC09549824" phrase-urn="urn:x-nevis:phrase:0800c8af8271dfd9">
<xref>
<ref id="KC09549825"/>
</xref>
</phrase>
</ptxt>
</item>
<item>
<ptxt>
<phrase category="" id="KC09549826" phrase-urn="urn:x-nevis:phrase:0800c8af8271dfda">
<xref>
<ref id="KC09549827"/>
</xref>
</phrase>
</ptxt>
</item>
</list1>
<diaglist>
<dgraphic>
<dgraphic1>
<graphic id="KC09549828">
<href>0900c8af80058b8#@#@#9#.jpeg</href>
</graphic>
</dgraphic1>
</dgraphic>
</diaglist>
<grate>
<graphic id="KC09549829">
<href>0900c8af80058db#@#@#9#.jpeg</href>
</graphic>
</grate>
</test2>
</test1>
<question>
Select Continue.
</question>
<resact-grp>
<result button="cont" comp="button" highlight="0"/>
<action j2008use="1" paperuse="1" screenuse="1">
<ptxt>
<xref>
<ref id="KC09549831"/>
</xref>
</ptxt>
</action>
</resact-grp>
</node>
</testgrp>
<testgrp id="KC07794333" j2008use="1" paperuse="1" resumable="1" screenuse="1" testgrp-id="node2intermitt" x="120" y="160">
<title>
<phrase category="" id="KC09549832" phrase-urn="urn:x-nevis:phrase:0800c8af8271dfdc">Checking compon#@#@#10#iring</phrase>
</title>
<node>
<test1>
<test2>
<para>
<ptxt>
<phrase category="" id="KC09549833" phrase-urn="urn:x-nevis:phrase:0800c8af8271dfdd">Check the cable#@#@#187#tage.</phrase>
</ptxt>
</para>
<para>
<ptxt>
<phrase category="" id="KC09549834" phrase-urn="urn:x-nevis:phrase:0800c8af8271dfde">Remedy as necessary.</phrase>
</ptxt>
</para>
<list1>
<title>
<phrase category="" id="KC09549835" phrase-urn="urn:x-nevis:phrase:0800c8af8271dfdf">Other information</phrase>
</title>
<item>
<ptxt>
<phrase category="" id="KC09549836" phrase-urn="urn:x-nevis:phrase:0800c8af8271dfe0">
<xref>
<ref id="KC09549837"/>
</xref>
</phrase>
</ptxt>
</item>
<item>
<ptxt>
<phrase category="" id="KC09549838" phrase-urn="urn:x-nevis:phrase:0800c8af8271dfe1">To access the c#@#@#15#see: <xref>
<ref id="KC09549839"/>
</xref>
</phrase>
</ptxt>
</item>
<item>
<ptxt>
<phrase category="" id="KC09549840" phrase-urn="urn:x-nevis:phrase:0800c8af8271dfe2">
<xref>
<ref id="KC09549841"/>
</xref>
</phrase>
</ptxt>
</item>
<item>
<ptxt>
<phrase category="" id="KC09549842" phrase-urn="urn:x-nevis:phrase:0800c8af8271dfe3">
<xref>
<ref id="KC09549843"/>
</xref>
</phrase>
</ptxt>
</item>
<item>
<ptxt>
<phrase category="" id="KC09549844" phrase-urn="urn:x-nevis:phrase:0800c8af8271dfe4">
<xref>
<ref id="KC09549845"/>
</xref>
</phrase>
</ptxt>
</item>
</list1>
<diaglist>
<dgraphic>
<dgraphic1>
<graphic id="KC09549846">
<href>0900c8af80058b8#@#@#9#.jpeg</href>
</graphic>
</dgraphic1>
</dgraphic>
</diaglist>
<grate>
<graphic id="KC09549847">
<href>0900c8af80058db#@#@#9#.jpeg</href>
</graphic>
</grate>
</test2>
</test1>
<question/>
<resact-grp>
<result button="cont" comp="button" highlight="0"/>
<action j2008use="1" paperuse="1" screenuse="1">
<ptxt>
<xref>
<ref id="KC09549849"/>
</xref>
</ptxt>
</action>
</resact-grp>
</node>
</testgrp>
</diagnostic>
</servinfosub>