<?xml version="1.0" encoding="UTF-8"?><servinfosub IE-ID="en-US0900c8af80676808" docno="VCC-025341" id="KC02271658" xml:lang="en-US">
<title>
<phrase category="" id="KC08328442" phrase-urn="urn:x-nevis:phrase:0800c8af81dbc2bb">Fault in soleno#@#@#25#fault</phrase>
</title>
<diagnostic type="test">
<testgrp IE-ID="en-US0900c8af80676808_KC02339633" id="KC02339633" j2008use="1" paperuse="1" resumable="1" screenuse="1" testgrp-id="int" x="120" y="80">
<title>
<phrase category="" id="KC08328443" phrase-urn="urn:x-nevis:phrase:0800c8af81dbc2bc">Intermittent fault</phrase>
</title>
<node>
<test1>
<diaglist>
<dgraphic>
<dgraphic1>
<graphic id="KC08328444">
<href>0900c8af80054d4#@#@#9#.jpeg</href>
</graphic>
</dgraphic1>
</dgraphic>
</diaglist>
<test2>
<list1>
<item>
<ptxt>
<phrase category="" id="KC08328445" phrase-urn="urn:x-nevis:phrase:0800c8af81dbc2bd">Check transmiss#@#@#83#g to <xref>
<ref id="KC08328446"/>
</xref> and contact re#@#@#31#g to <xref>
<ref id="KC08328447"/>
</xref>.</phrase>
</ptxt>
</item>
<item>
<ptxt>
<phrase category="" id="KC08328448" phrase-urn="urn:x-nevis:phrase:0800c8af81dbc2be">Check the cable#@#@#109#g to <xref>
<ref id="KC08328449"/>
</xref> and an intermi#@#@#46#g to <xref>
<ref id="KC08328450"/>
</xref>.</phrase>
</ptxt>
</item>
<item>
<ptxt>
<phrase category="" id="KC08328451" phrase-urn="urn:x-nevis:phrase:0800c8af81dbc2bf">Check cable bet#@#@#109#g to <xref>
<ref id="KC08328452"/>
</xref>.</phrase>
</ptxt>
</item>
<item>
<ptxt>
<phrase category="" id="KC08328453" phrase-urn="urn:x-nevis:phrase:0800c8af81dbc2c0">Check ground te#@#@#58#g to <xref>
<ref id="KC08328454"/>
</xref>.</phrase>
</ptxt>
</item>
<item>
<ptxt>
<phrase category="" id="KC08328455" phrase-urn="urn:x-nevis:phrase:0800c8af81dbc2c1">Check the cable#@#@#130#g to <xref>
<ref id="KC08328456"/>
</xref>.</phrase>
</ptxt>
</item>
</list1>
<diaglist>
<dgraphic>
<dgraphic2>
<graphic id="KC08328457">
<href>0900c8af80054d4#@#@#9#.jpeg</href>
</graphic>
<smarttool active="auto" id="KC08328458" toolname="ODA"/>
</dgraphic2>
</dgraphic>
<ditem>
<ditemtext>
<ptxt>
<phrase category="" id="KC08328459" phrase-urn="urn:x-nevis:phrase:0800c8af81dbc2c2"/>
</ptxt>
</ditemtext>
</ditem>
</diaglist>
</test2>
</test1>
<question>Select "Continu#@#@#31#ired.</question>
<resact-grp>
<result button="cont" comp="button" highlight="0"/>
<action j2008use="1" paperuse="1" screenuse="1">
<ptxt>
<xref>
<ref id="KC08328460"/>
</xref>
</ptxt>
</action>
</resact-grp>
</node>
</testgrp>
<testgrp id="KC02339634" j2008use="1" paperuse="1" resumable="1" screenuse="1" testgrp-id="info2" x="280" y="80">
<title>
<phrase category="" id="KC08328461" phrase-urn="urn:x-nevis:phrase:0800c8af81dbc2c3">Fault-tracing i#@#@#5#ation</phrase>
</title>
<subcalloutnode>
<diagcallout>
<xref>
<ref id="KC08328462"/>
</xref>
</diagcallout>
<rescall-grp>
<result comp="string" highlight="0" op="eq" return="FAULT FOUND"/>
<calloutaction>
<return value="FAULT FOUND"/>
</calloutaction>
</rescall-grp>
<rescall-grp>
<result comp="string" highlight="0" op="eq" return="NEW TRY"/>
<calloutaction>
<return value="NEW TRY"/>
</calloutaction>
</rescall-grp>
<rescall-grp>
<result comp="string" highlight="0" op="eq" return="DONE"/>
<calloutaction>
<return value="DONE"/>
</calloutaction>
</rescall-grp>
</subcalloutnode>
</testgrp>
</diagnostic>
</servinfosub>