<?xml version="1.0" encoding="UTF-8"?><servinfosub IE-ID="en-US0900c8af8531300c" docno="VCC-356069" id="nev13499837n1" xml:lang="en-US">
<title>
<phrase category="" id="nev13499837n2" phrase-urn="urn:x-nevis:phrase:0800c8af82725456">Signal too high</phrase>
</title>
<diagnostic j2008use="1" layout="0" paperuse="1" screenuse="1" type="test">
<testgrp IE-ID="en-US0900c8af8531300c_nev13499837n3" id="nev13499837n3" j2008use="1" paperuse="1" resumable="1" screenuse="1" testgrp-id="node1" x="120" y="80">
<title>
<phrase category="" id="nev13499837n4" phrase-urn="urn:x-nevis:phrase:0800c8af82725457">Checking the cable </phrase>
</title>
<node>
<test1>
<diaglist>
<dgraphic>
<dgraphic1>
<graphic id="nev13499837n5">
<href>0900c8af80054d5#@#@#9#.jpeg</href>
</graphic>
</dgraphic1>
</dgraphic>
<ditem>
<ptxt>
<phrase category="" id="nev13499837n6" phrase-urn="urn:x-nevis:phrase:0800c8af82725458">Ignition on</phrase>
</ptxt>
</ditem>
</diaglist>
<test2>
<para>
<ptxt>
<phrase category="" id="nev13499837n7" phrase-urn="urn:x-nevis:phrase:0800c8af82725459">Check the gener#@#@#55#tage.</phrase>
</ptxt>
<ptxt>
<phrase category="Faulttracing" id="nev13499850n1" phrase-urn="urn:x-nevis:phrase:0800c8af8437089e">Measure between#@#@#61#l #2.</phrase>
</ptxt>
</para>
<hint id="nev16714074n100">
<ptxt id="nev16714074n99">
<phrase category="Faulttracing" id="nev16714077n1" phrase-urn="urn:x-nevis:phrase:0800c8af82a68c6b">Another test to#@#@#75#tion.</phrase>
<phrase category="Faulttracing" id="nev16714078n1" phrase-urn="urn:x-nevis:phrase:0800c8af827fcf37">Found in VIDA v#@#@#54#CEM).</phrase>
</ptxt>
</hint>
<para>
<ptxt>
<phrase category="" id="nev13499837n9" phrase-urn="urn:x-nevis:phrase:0800c8af8272545b">If the diagnost#@#@#101#ator.</phrase>
</ptxt>
</para>
<ptxt>
<phrase category="" id="nev13499837n10" phrase-urn="urn:x-nevis:phrase:0800c8af8272545c">Remedy as necessary.</phrase>
</ptxt>
<list1 enumtype="d" type="unordered">
<title>
<phrase category="" id="nev13499838n1" phrase-urn="urn:x-nevis:phrase:0800c8af8272545d">Other information</phrase>
</title>
<item>
<ptxt>
<phrase category="" id="nev13499838n2" phrase-urn="urn:x-nevis:phrase:0800c8af8272545e">
<xref>
<ref id="KC09608503"/>
</xref>.</phrase>
</ptxt>
</item>
<item>
<ptxt>
<xref id="nev14425254n100">
<ref id="l1203069650667"/>
</xref>
</ptxt>
</item>
<item>
<ptxt>
<phrase category="" id="nev13499838n6" phrase-urn="urn:x-nevis:phrase:0800c8af82725460">
<xref>
<ref id="KC09608507"/>
</xref>.</phrase>
</ptxt>
</item>
<item>
<ptxt>
<phrase category="" id="nev13499838n8" phrase-urn="urn:x-nevis:phrase:0800c8af82725461">
<xref>
<ref id="KC09608509"/>
</xref>.</phrase>
</ptxt>
</item>
</list1>
<diaglist>
<dgraphic>
<dgraphic1>
<graphic id="nev13499838n10">
<href>0900c8af807311b#@#@#9#.jpeg</href>
</graphic>
</dgraphic1>
</dgraphic>
</diaglist>
<grate>
<graphic id="nev13499839n1">
<href>0900c8af8162105#@#@#9#.jpeg</href>
</graphic>
</grate>
</test2>
</test1>
<question/>
<resact-grp>
<result button="cont" comp="button" highlight="0"/>
<action j2008use="1" paperuse="1" screenuse="1">
<ptxt>
<xref>
<ref id="nev13499839n3"/>
</xref>
</ptxt>
</action>
</resact-grp>
</node>
</testgrp>
<testgrp id="nev13499839n4" j2008use="1" paperuse="1" resumable="1" screenuse="1" testgrp-id="info1" x="520" y="80">
<title>
<phrase category="" id="nev13499839n5" phrase-urn="urn:x-nevis:phrase:0800c8af82725463">Fault-tracing i#@#@#5#ation</phrase>
</title>
<subcalloutnode>
<diagcallout>
<xref>
<ref id="nev13499839n6"/>
</xref>
</diagcallout>
<rescall-grp>
<result comp="string" highlight="0" op="eq" return="FAULT FOUND"/>
<calloutaction>
<return value="FAULT FOUND"/>
</calloutaction>
</rescall-grp>
<rescall-grp>
<result comp="string" highlight="0" op="eq" return="NEW TRY"/>
<calloutaction>
<ptxt>
<xref>
<ref id="nev13499839n7"/>
</xref>
</ptxt>
</calloutaction>
</rescall-grp>
</subcalloutnode>
</testgrp>
</diagnostic>
</servinfosub>