<?xml version="1.0" encoding="UTF-8"?><servinfosub IE-ID="en-US0900c8af8068900c" docno="VCC-080670" id="KC02031952" xml:lang="en-US">
<title>Lifting engine in</title>
<procedure opcode="1234" opnbr="1234">
<proctools tooltype="sptools">
<toolitem id="KC08705958"/>
<toolitem id="KC08705959"/>
<toolitem id="KC08705960"/>
<toolitem id="KC08705961"/>
<toolitem id="KC08705962"/>
<toolitem id="KC08705963"/>
<toolitem id="KC08705964"/>
<toolitem id="KC08705965"/>
</proctools>
<procstep id="KC02031953">
<title>Connect lifting#@#@#1#tools</title>
<grate>
<graphic id="KC08705966" width="column">
<href>0900c8af8068903#@#@#9#.jpeg</href>
</graphic>
<graphtext>
<ptxt>Use mounting <toolitem id="KC08705967"/> in the rear edge.</ptxt>
<ptxt>Connect lifting#@#@#1#yoke <toolitem id="KC08705968"/>.</ptxt>
<note>
<ptxt>Position the ca#@#@#54#lift.</ptxt>
</note>
<warning>
<ptxt>When work with #@#@#59#t be <emph>correctly</emph> secured and
in <emph>
undamaged condition</emph>.</ptxt>
</warning>
</graphtext>
</grate>
</procstep>
<procstep id="KC02031954">
<title>Lift in engine #@#@#12#ssion</title>
<grate>
<graphic id="KC08705969" width="column">
<href>0900c8af80688fc#@#@#9#.jpeg</href>
</graphic>
<graphtext>
<ptxt>Use lift tools <toolitem id="KC08705970"/>.</ptxt>
<ptxt>Locate lifting #@#@#31#nced.</ptxt>
<ptxt>Adjust lift ang#@#@#10#lift.</ptxt>
<note>
<ptxt>Check that the #@#@#50#ment.</ptxt>
</note>
</graphtext>
</grate>
</procstep>
<procstep id="KC02031955">
<title>Locate engine m#@#@#3#tings</title>
<grate>
<graphic id="KC08705971" width="column">
<href>0900c8af8068903#@#@#9#.jpeg</href>
</graphic>
<graphtext>
<ptxt>Tighten engine #@#@#34#0 Nm
</ptxt>
</graphtext>
</grate>
</procstep>
<procstep id="KC02031956">
<title>Position a jack#@#@#18#ssion</title>
<grate>
<graphic id="KC08705972" width="column">
<href>0900c8af80688fc#@#@#9#.jpeg</href>
</graphic>
<graphtext>
<ptxt>Remove the lift#@#@#5#ools <toolitem id="KC08705973"/> from the engine.</ptxt>
<para>
<title>Secure engine a#@#@#6# edge</title>
<ptxt>Use two support#@#@#2#ails <toolitem id="KC08705974"/>, lifting beam <toolitem id="KC08705975"/>, lifting hook <toolitem id="KC08705976"/>
</ptxt>
<ptxt>Remove the jack#@#@#19#sion.</ptxt>
</para>
</graphtext>
</grate>
</procstep>
<procstep id="KC02031957">
<title>Install transmi#@#@#15#ember</title>
<grate>
<graphic id="KC08705977" width="column">
<href>0900c8af8068903#@#@#9#.jpeg</href>
</graphic>
<graphtext>
<ptxt>Use transmissio#@#@#17#ture <toolitem id="KC08705978"/>.</ptxt>
<ptxt>Lift up the tra#@#@#5#sion.</ptxt>
<ptxt>First tighten t#@#@#106#50 Nm</ptxt>
</graphtext>
</grate>
</procstep>
<procstep id="KC02031958">
<title>Connect gear se#@#@#7#lever</title>
<grate>
<graphic id="KC08705979" width="column">
<href>0900c8af8068903#@#@#9#.jpeg</href>
</graphic>
<graphtext>
<ptxt>Install control#@#@#46#mbly.</ptxt>
<ptxt>Install retaini#@#@#4#lips.</ptxt>
<ptxt>Connect and ins#@#@#34#able.</ptxt>
</graphtext>
</grate>
</procstep>
<procstep id="KC02031959">
<title>Install propell#@#@#3#shaft</title>
<grate>
<graphic id="KC08705980" width="column">
<href>0900c8af8068903#@#@#9#.jpeg</href>
</graphic>
<graphtext>
<ptxt>Use socket <toolitem id="KC08705981"/>.</ptxt>
<ptxt>Tighten front a#@#@#48#ings
</ptxt>
<para>
<title>Install preheat pipe</title>
<ptxt>Check O-ring li#@#@#42#side.</ptxt>
<ptxt>Tighten screws #@#@#13#ough.</ptxt>
</para>
</graphtext>
</grate>
</procstep>
<procstep id="KC02031960">
<title>Install air con#@#@#21#essor</title>
<grate>
<graphic id="KC08705982" width="column">
<href>0900c8af8068904#@#@#9#.jpeg</href>
</graphic>
<graphtext>
<ptxt>Screw compresso#@#@#20#ting.</ptxt>
<ptxt>Connect hoses t#@#@#31#30 Nm</ptxt>
<caution>
<ptxt>Check that comp#@#@#15#free.</ptxt>
</caution>
</graphtext>
</grate>
</procstep>
<procstep id="KC02031961">
<title>Remove load rem#@#@#6#tools</title>
<grate>
<graphic id="KC08705983" width="column">
<href>0900c8af8068904#@#@#9#.jpeg</href>
</graphic>
<graphtext>
<ptxt>Remove lifting #@#@#2#ols (<toolitem id="KC08705984"/>, <toolitem id="KC08705985"/>, <toolitem id="KC08705986"/>, <toolitem id="KC08705987"/> and <toolitem id="KC08705988"/>).</ptxt>
<list1 enumtype="d">
<title>Install:</title>
<item>
<ptxt>the two coolant#@#@#30#nals
</ptxt>
</item>
<item>
<ptxt>connectors to e#@#@#55#nsor
</ptxt>
</item>
</list1>
</graphtext>
</grate>
</procstep>
<procstep id="KC02031962">
<title>Connect connector</title>
<grate>
<graphic id="KC08705989" width="column">
<href>0900c8af8068905#@#@#9#.jpeg</href>
</graphic>
<graphtext>
<ptxt>Connect engine #@#@#27# left</ptxt>
<ptxt>Connect relay a#@#@#32#uts.
</ptxt>
<ptxt>Reinstall cover.</ptxt>
</graphtext>
</grate>
</procstep>
<procstep id="KC02031963">
<title>Install:</title>
<grate>
<graphic id="KC08705990" width="column">
<href>0900c8af8068904#@#@#9#.jpeg</href>
</graphic>
<graphtext>
<list1 enumtype="d">
<item>
<ptxt>fuel lines</ptxt>
</item>
<item>
<ptxt>cruise control #@#@#6# hose</ptxt>
</item>
<item>
<ptxt>ECC vacuum hose</ptxt>
</item>
<item>
<ptxt>brake servo vac#@#@#3# hose</ptxt>
</item>
<item>
<ptxt>throttle cable</ptxt>
</item>
<item>
<ptxt>throttle pulley#@#@#1#cover</ptxt>
</item>
</list1>
</graphtext>
</grate>
</procstep>
<procstep id="KC02031964">
<title>Install mass ai#@#@#30# hose</title>
<grate>
<graphic id="KC08705991" width="column">
<href>0900c8af8068904#@#@#9#.jpeg</href>
</graphic>
<graphtext>
<ptxt>Install preheat#@#@#3# hose</ptxt>
<ptxt>Connect mass ai#@#@#82#ctor.</ptxt>
<ptxt>Flame trap hoses.</ptxt>
<ptxt>Connect the two#@#@#38#alve.</ptxt>
</graphtext>
</grate>
</procstep>
<procstep id="KC02031965">
<title>Install power s#@#@#7# pump</title>
<grate>
<graphic id="KC08705992" width="column">
<href>0900c8af8068904#@#@#9#.jpeg</href>
</graphic>
<graphtext>
<ptxt>Secure pump on #@#@#26#rew).</ptxt>
<ptxt>Tighten three f#@#@#71#tion.</ptxt>
<ptxt>Install auxilia#@#@#6#elts.</ptxt>
</graphtext>
</grate>
</procstep>
<procstep id="KC02031966">
<title>Install:</title>
<grate>
<graphic id="KC08705993" width="column">
<href>0900c8af8068904#@#@#9#.jpeg</href>
</graphic>
<graphtext>
<list1 enumtype="d">
<item>
<ptxt>battery leads i#@#@#7#older</ptxt>
</item>
<item>
<ptxt>radiator and ra#@#@#7#hoses</ptxt>
</item>
<item>
<ptxt>expansion tank hoses</ptxt>
</item>
<item>
<ptxt>automatic trans#@#@#36#35 Nm</ptxt>
</item>
<item>
<ptxt>radiator engine#@#@#12# (FC)</ptxt>
</item>
</list1>
</graphtext>
</grate>
</procstep>
<procstep id="KC02031967">
<title>Install battery#@#@#21#leads</title>
<grate>
<graphic id="KC08705994" width="column">
<href>0900c8af8068905#@#@#9#.jpeg</href>
</graphic>
<graphtext>
<ptxt>Install engine #@#@#21#inals</ptxt>
<ptxt>Install battery#@#@#80#inal.</ptxt>
<ptxt>Install negativ#@#@#37#mber.</ptxt>
</graphtext>
</grate>
</procstep>
<procstep id="KC02031968">
<title>Raise the car</title>
<grate>
<graphic id="KC08705995" width="column">
<href>0900c8af8068905#@#@#9#.jpeg</href>
</graphic>
<graphtext>
<ptxt>Connect oil pip#@#@#41#5
Nm.</ptxt>
<ptxt>Install the exh#@#@#66#ield.</ptxt>
<note>
<ptxt>Slacken off fla#@#@#131#stem.</ptxt>
</note>
</graphtext>
</grate>
</procstep>
<procstep id="KC02031969">
<title>Install:</title>
<grate>
<graphic id="KC08705996" width="column">
<href>0900c8af8068905#@#@#9#.jpeg</href>
</graphic>
<graphtext>
<list1 enumtype="d">
<item>
<ptxt>radiator mounti#@#@#4#crews</ptxt>
</item>
<item>
<ptxt>air baffle unde#@#@#5#iator</ptxt>
</item>
<item>
<ptxt>splashguard und#@#@#4#ngine</ptxt>
</item>
</list1>
</graphtext>
</grate>
</procstep>
<procstep id="KC02031970">
<title>Top up coolant #@#@#9#e oil</title>
<grate>
<graphic id="KC08705997" width="column">
<href>0900c8af8068905#@#@#9#.jpeg</href>
</graphic>
<graphtext>
<ptxt>Coolant volume <emph>10,7 liter</emph>.</ptxt>
<ptxt>Oil capacity:</ptxt>
</graphtext>
</grate>
<table frame="all">
<tgroup align="left" char="" charoff="50" cols="1" colsep="1" rowsep="0">
<colspec colname="col1" colwidth="480*"/>
<tbody valign="top">
<row>
<entry align="left" rotate="0" valign="top">
<ptxt>excluding oil filter<dotfill/>
<emph>
5.25 liters</emph>
</ptxt>
</entry>
</row>
<row>
<entry align="left" rotate="0" valign="top">
<ptxt>- including oil#@#@#2#ilter<dotfill/>
<emph>
5.75 liters</emph>
</ptxt>
</entry>
</row>
</tbody>
</tgroup>
</table>
</procstep>
<procstep id="KC02031971">
<title>Test function</title>
<grate>
<graphic id="KC08705998" width="column">
<href>0900c8af8068905#@#@#9#.jpeg</href>
</graphic>
<graphtext>
<ptxt>Connect battery#@#@#10#lead.</ptxt>
<ptxt>Start and run u#@#@#17#pens.</ptxt>
<ptxt>Check for leaks.</ptxt>
<ptxt>Check and if ne#@#@#34#els.
</ptxt>
<ptxt>Check automatic#@#@#19#evel.</ptxt>
</graphtext>
</grate>
</procstep>
</procedure>
</servinfosub>