<?xml version="1.0" encoding="UTF-8"?><servinfosub IE-ID="en-US0900c8af84e8100c" docno="VCC-296418" id="nev11970284n1" original="sv-SE" servinfosubId="nev20688261n1-nev20688261n2" servinfosubRes="0900c8af862c3835" servinfosubRes2="urn:x-nevis:fragment:0900c8af84e8100c:0900c8af862c3835#nev20688261n2" xml:lang="en-US">
<title id="nev11970284n2">Function</title>
<topic id="nev20688261n1-nev11988051n250">
<title id="nev20688261n1-nev11988051n249">Start</title>
<grate id="nev20688261n1-nev11988051n248" pgwide="1">
<graphic id="nev20688261n1-nev11988051n247">
<href>0900c8af8363402#@#@#11#.jpeg</href>
</graphic>
</grate>
<para id="nev20688261n1-nev11988051n243">
<ptxt id="nev20688261n1-nev11988051n242">The starter mot#@#@#144#/46).</ptxt>
</para>
<list1 enumtype="n" id="nev20688261n1-nev11988051n241" type="ordered">
<title id="nev20688261n1-nev11988051n238">The start proce#@#@#12#lows:</title>
<item id="nev20688261n1-nev11988051n240">
<ptxt id="nev20688261n1-nev11988051n239">The ignition ke#@#@#39# III)</ptxt>
</item>
<item id="nev20688261n1-nev11988051n237">
<ptxt id="nev20688261n1-nev11988051n236">A high signal (U<sub id="nev20688261n1-nev11988051n229">bat</sub>) from the igni#@#@#214#otor.</ptxt>
</item>
<item id="nev20688261n1-nev11988051n235">
<ptxt id="nev20688261n1-nev11988051n234">The engine cont#@#@#112#elay.</ptxt>
</item>
<item id="nev20688261n1-nev11988051n233">
<ptxt id="nev20688261n1-nev11988051n232">The relay close#@#@#135#otor.</ptxt>
</item>
<item id="nev20688261n1-nev11988051n231">
<ptxt id="nev20688261n1-nev11988051n230">The engine cont#@#@#112#alue)</ptxt>
</item>
</list1>
<para id="nev20688261n1-nev11988051n228">
<title id="nev20688261n1-nev11988051n226">Auto start</title>
<ptxt id="nev20688261n1-nev11988051n227">If the ignition#@#@#267#otor:</ptxt>
</para>
<list1 enumtype="d" id="nev20688261n1-nev11988051n225" type="unordered">
<item id="nev20688261n1-nev11988051n224">
<ptxt id="nev20688261n1-nev11988051n223">0 °C or higher,#@#@#19#conds</ptxt>
</item>
<item id="nev20688261n1-nev11988051n222">
<ptxt id="nev20688261n1-nev11988051n221">less than 0 °C,#@#@#26#onds.</ptxt>
</item>
</list1>
<para id="nev20688261n1-nev11988051n220">
<ptxt id="nev20688261n1-nev11988051n219">If the engine d#@#@#149#tion.</ptxt>
<ptxt id="nev20688261n1-nev11988051n218">Activation of t#@#@#50#d if:</ptxt>
</para>
<list1 enumtype="d" id="nev20688261n1-nev11988051n217" type="unordered">
<item id="nev20688261n1-nev11988051n216">
<ptxt id="nev20688261n1-nev11988051n215">the engine is r#@#@#48#alue)</ptxt>
</item>
<item id="nev20688261n1-nev11988051n214">
<ptxt id="nev20688261n1-nev11988051n213">the immobilizer#@#@#94#lizer</ptxt>
</item>
<item id="nev20688261n1-nev11988051n212">
<ptxt id="nev20688261n1-nev11988051n211">the gear select#@#@#422#TCM).</ptxt>
</item>
</list1>
</topic>
<topic id="nev20688261n1-nev11988051n210">
<title id="nev20688261n1-nev11988051n209">Camshaft contro#@#@#3#CVVT)</title>
<grate id="nev20688261n1-nev11988051n208" pgwide="1">
<graphic id="nev20688261n1-nev11988051n207">
<href>0900c8af83633fb#@#@#11#.jpeg</href>
</graphic>
</grate>
<para id="nev20688261n1-nev11988051n203">
<ptxt id="nev20688261n1-nev11988051n202">Only the intake#@#@#76#alve.</ptxt>
<ptxt id="nev20688261n1-nev11988051n201">The intake cams#@#@#148#ent).</ptxt>
</para>
<para id="nev20688261n1-nev11988051n198">
<ptxt id="nev20688261n1-nev11988051n197">The camshafts a#@#@#75#side.</ptxt>
</para>
<para id="nev20688261n1-nev11988051n196">
<ptxt id="nev20688261n1-nev11988051n195">When each camsh#@#@#157# the <emph id="nev20688261n1-nev11988051n193">camshaft's 0-po#@#@#1#ition</emph> (basic setting).</ptxt>
<ptxt id="nev20688261n1-nev11988051n192">At camshaft con#@#@#190#haft.</ptxt>
<ptxt id="nev20688261n1-nev11988051n191">By controlling #@#@#128#uced.</ptxt>
</para>
<para id="nev20688261n1-nev11988051n190">
<ptxt id="nev20688261n1-nev11988051n189">The engine cont#@#@#354# (3).</ptxt>
</para>
<para id="nev20688261n1-nev11988051n188">
<ptxt id="nev20688261n1-nev11988051n187">There are diagn#@#@#31#lso: <xref id="nev20688261n1-nev11989213n187">
<ref id="nev20688261n1-nev11989213n129"/>
</xref>
</ptxt>
</para>
<grate id="nev20688261n1-nev11988051n186" pgwide="1">
<title id="nev20688261n1-nev11988051n181">Controlling, re#@#@#13#shaft</title>
<graphic id="nev20688261n1-nev11988051n185">
<href>0900c8af8204a90#@#@#9#.jpeg</href>
</graphic>
</grate>
<list1 enumtype="n" id="nev20688261n1-nev11988051n180" type="ordered">
<item id="nev20688261n1-nev11988051n179">
<ptxt id="nev20688261n1-nev11988051n178">Oil filter rese#@#@#12#haft.</ptxt>
</item>
<item id="nev20688261n1-nev11988051n177">
<ptxt id="nev20688261n1-nev11988051n176">Oil channel (pr#@#@#10#let).</ptxt>
</item>
<item id="nev20688261n1-nev11988051n175">
<ptxt id="nev20688261n1-nev11988051n174">Channel connect#@#@#36#ing).</ptxt>
</item>
<item id="nev20688261n1-nev11988051n173">
<ptxt id="nev20688261n1-nev11988051n172">Channel connect#@#@#39#ing).</ptxt>
</item>
</list1>
<para id="nev20688261n1-nev11988051n171">
<ptxt id="nev20688261n1-nev11988051n170">The camshaft re#@#@#187#lso: <xref id="nev20688261n1-nev11989213n8">
<ref id="nev20688261n1-nev11989215n200"/>
</xref>
</ptxt>
</para>
<para id="nev20688261n1-nev11988051n169">
<ptxt id="nev20688261n1-nev11988051n168">The continuous #@#@#107#haft.</ptxt>
<ptxt id="nev20688261n1-nev11988051n167">The camshaft is#@#@#209#unit.</ptxt>
</para>
<grate id="nev20688261n1-nev11988051n166" pgwide="1">
<title id="nev20688261n1-nev11988051n161">Control occurs #@#@#63#haft.</title>
<graphic id="nev20688261n1-nev11988051n165">
<href>0900c8af83633fc#@#@#11#.jpeg</href>
</graphic>
</grate>
<para id="nev20688261n1-nev11988051n160">
<ptxt id="nev20688261n1-nev11988051n159">A: Inlet camshaft</ptxt>
</para>
<list1 enumtype="d" id="nev20688261n1-nev11988051n158" type="unordered">
<item id="nev20688261n1-nev11988051n157">
<ptxt id="nev20688261n1-nev11988051n156">Oil pressure fr#@#@#39#gine.</ptxt>
</item>
<item id="nev20688261n1-nev11988051n155">
<ptxt id="nev20688261n1-nev11988051n154">The oil passes #@#@#74# (3).</ptxt>
</item>
<item id="nev20688261n1-nev11988051n153">
<ptxt id="nev20688261n1-nev11988051n152">The engine cont#@#@#138#haft.</ptxt>
</item>
</list1>
<para id="nev20688261n1-nev11988051n151">
<ptxt id="nev20688261n1-nev11988051n150">The reset valve#@#@#216#rees.</ptxt>
</para>
</topic>
<topic id="nev20688261n1-nev11988051n149">
<title id="nev20688261n1-nev11988051n148">Controlling the#@#@#5#rator</title>
<grate id="nev20688261n1-nev11988051n147" pgwide="1">
<graphic id="nev20688261n1-nev11988051n146">
<href>0900c8af8204aa2#@#@#9#.jpeg</href>
</graphic>
</grate>
<para id="nev20688261n1-nev11988051n142">
<ptxt id="nev20688261n1-nev11988051n141">The engine cont#@#@#188#ion).</ptxt>
<ptxt id="nev20688261n1-nev11988051n140">The engine cont#@#@#194#oads.</ptxt>
<ptxt id="nev20688261n1-nev11988051n139">The value of re#@#@#111# off.</ptxt>
</para>
<para id="nev20688261n1-nev11988051n138">
<ptxt id="nev20688261n1-nev11988051n137">The alternator #@#@#332#CEM).</ptxt>
</para>
<para id="nev20688261n1-nev11988051n136">
<ptxt id="nev20688261n1-nev11988051n135">For additional #@#@#130#CEM).</ptxt>
</para>
</topic>
<topic id="nev20688261n1-nev11988051n134">
<title id="nev20688261n1-nev11988051n133">Variable intake#@#@#2#ystem</title>
<grate id="nev20688261n1-nev11988051n132" pgwide="1">
<graphic id="nev20688261n1-nev11988051n131">
<href>0900c8af83633fd#@#@#10#.jpeg</href>
</graphic>
</grate>
<para id="nev20688261n1-nev11988051n127">
<ptxt id="nev20688261n1-nev11988051n126">
<emph id="nev20688261n1-nev11988051n124">General</emph>
</ptxt>
<ptxt id="nev20688261n1-nev11988051n123">Today's modern #@#@#74#olds.</ptxt>
<ptxt id="nev20688261n1-nev11988051n122">In older engine#@#@#87#ange.</ptxt>
<ptxt id="nev20688261n1-nev11988051n121">Today's system #@#@#120#ions.</ptxt>
</para>
<para id="nev20688261n1-nev11988051n120">
<ptxt id="nev20688261n1-nev11988051n119">In the variable#@#@#117# are:</ptxt>
</para>
<list1 enumtype="d" id="nev20688261n1-nev11988051n118" type="unordered">
<item id="nev20688261n1-nev11988051n117">
<ptxt id="nev20688261n1-nev11988051n116">Actuator variab#@#@#28#/139)</ptxt>
</item>
<item id="nev20688261n1-nev11988051n115">
<ptxt id="nev20688261n1-nev11988051n114">Actuator variab#@#@#28#/140)</ptxt>
</item>
</list1>
<para id="nev20688261n1-nev11988051n113">
<ptxt id="nev20688261n1-nev11988051n112">The primary thr#@#@#151# °C).</ptxt>
</para>
<list1 enumtype="d" id="nev20688261n1-nev11988051n111" type="unordered">
<title id="nev20688261n1-nev11988051n108">Different throt#@#@#12#ions:</title>
<item id="nev20688261n1-nev11988051n110">
<ptxt id="nev20688261n1-nev11988051n109">
<emph id="nev20688261n1-nev11988051n107">Position 1:</emph> Both throttles#@#@#52# rpm.</ptxt>
</item>
<item id="nev20688261n1-nev11988051n106">
<ptxt id="nev20688261n1-nev11988051n105">
<emph id="nev20688261n1-nev11988051n104">Position 2:</emph> The secondary #@#@#69#more.</ptxt>
</item>
<item id="nev20688261n1-nev11988051n103">
<ptxt id="nev20688261n1-nev11988051n102">
<emph id="nev20688261n1-nev11988051n101">Position 3:</emph> Both throttles#@#@#74#rpm).</ptxt>
</item>
</list1>
<para id="nev20688261n1-nev11988051n100">
<ptxt id="nev20688261n1-nev11988051n99">The valve for v#@#@#66#/46).</ptxt>
</para>
<para id="nev20688261n1-nev11988051n98">
<ptxt id="nev20688261n1-nev11988051n97">The actuators f#@#@#129#ECM).</ptxt>
</para>
</topic>
<topic id="nev20688261n1-nev11988051n96">
<title id="nev20688261n1-nev11988051n95">Variable camsha#@#@#11#(CPS)</title>
<grate id="nev20688261n1-nev11988051n94" pgwide="1">
<graphic id="nev20688261n1-nev11988051n93">
<href>0900c8af83633fd#@#@#10#.jpeg</href>
</graphic>
</grate>
<list1 enumtype="n" id="nev20688261n1-nev11988051n89" type="ordered">
<item id="nev20688261n1-nev11988051n88">
<ptxt id="nev20688261n1-nev11988051n87">High lift</ptxt>
</item>
<item id="nev20688261n1-nev11988051n86">
<ptxt id="nev20688261n1-nev11988051n85">Low lift</ptxt>
</item>
</list1>
<para id="nev20688261n1-nev11988051n84">
<ptxt id="nev20688261n1-nev11988051n83">To maintain low#@#@#207#haft.</ptxt>
<ptxt id="nev20688261n1-nev11988051n82">Duration = part#@#@#70#alve.</ptxt>
</para>
<para id="nev20688261n1-nev11988051n81">
<ptxt id="nev20688261n1-nev11988051n80">The system is m#@#@#175#tion.</ptxt>
<ptxt id="nev20688261n1-nev11988051n79">At start and at#@#@#116#ded).</ptxt>
<ptxt id="nev20688261n1-nev11988051n78">To minimise str#@#@#142#eded.</ptxt>
<ptxt id="nev20688261n1-nev11988051n77">Cam profile sol#@#@#126# oil.</ptxt>
</para>
</topic>
<topic id="nev20688261n1-nev11988051n76">
<title id="nev20688261n1-nev11988051n75">Oil monitoring</title>
<grate id="nev20688261n1-nev11988051n74" pgwide="1">
<graphic id="nev20688261n1-nev11988051n73">
<href>0900c8af8204a96#@#@#9#.jpeg</href>
</graphic>
</grate>
<para id="nev20688261n1-nev11988051n69">
<ptxt id="nev20688261n1-nev11988051n68">
<emph id="nev20688261n1-nev11988051n67">General</emph>
</ptxt>
<ptxt id="nev20688261n1-nev11988051n66">The following c#@#@#33#ring:</ptxt>
</para>
<list1 id="nev20688261n1-nev11988051n65" type="unordered">
<item id="nev20688261n1-nev11988051n64">
<ptxt id="nev20688261n1-nev11988051n63">oil level senso#@#@#3#7/35)</ptxt>
</item>
<item id="nev20688261n1-nev11988051n62">
<ptxt id="nev20688261n1-nev11988051n61">engine control #@#@#14#4/46)</ptxt>
</item>
<item id="nev20688261n1-nev11988051n60">
<ptxt id="nev20688261n1-nev11988051n59">driver informat#@#@#18#5/1).</ptxt>
</item>
</list1>
<para id="nev20688261n1-nev11988051n58">
<ptxt id="nev20688261n1-nev11988051n57">The oil level s#@#@#99#ired.</ptxt>
</para>
<para id="nev20688261n1-nev11988051n56">
<ptxt id="nev20688261n1-nev11988051n55">
<emph id="nev20688261n1-nev11988051n54">Detecting the o#@#@#3#level</emph>
</ptxt>
<ptxt id="nev20688261n1-nev11988051n53">The integrated #@#@#95#ture.</ptxt>
<ptxt id="nev20688261n1-nev11988051n52">For the correct#@#@#363#gnal.</ptxt>
</para>
</topic>
<topic id="nev20688261n1-nev11988051n51">
<title id="nev20688261n1-nev11988051n50">Controlling the#@#@#10#ntrol</title>
<grate id="nev20688261n1-nev11988051n49" pgwide="1">
<graphic id="nev20688261n1-nev11988051n48">
<href>0900c8af8204a82#@#@#9#.jpeg</href>
</graphic>
</grate>
<list1 enumtype="d" id="nev20688261n1-nev11988051n44" type="unordered">
<title id="nev20688261n1-nev11988051n42">The following c#@#@#50#trol:</title>
<item id="nev20688261n1-nev11988051n43">
<ptxt id="nev20688261n1-nev11988051n41">engine control #@#@#14#4/46)</ptxt>
</item>
<item id="nev20688261n1-nev11988051n40">
<ptxt id="nev20688261n1-nev11988051n39">steering wheel #@#@#15#/254)</ptxt>
</item>
<item id="nev20688261n1-nev11988051n38">
<ptxt id="nev20688261n1-nev11988051n37">control unit cr#@#@#13#(3/4)</ptxt>
</item>
<item id="nev20688261n1-nev11988051n36">
<ptxt id="nev20688261n1-nev11988051n35">central electro#@#@#18#4/56)</ptxt>
</item>
<item id="nev20688261n1-nev11988051n34">
<ptxt id="nev20688261n1-nev11988051n33">brake control m#@#@#50#gnal)</ptxt>
</item>
<item id="nev20688261n1-nev11988051n32">
<ptxt id="nev20688261n1-nev11988051n31">driver informat#@#@#40#ight)</ptxt>
</item>
<item id="nev20688261n1-nev11988051n30">
<ptxt id="nev20688261n1-nev11988051n29">transmission co#@#@#20#4/28)</ptxt>
</item>
<item id="nev20688261n1-nev11988051n28">
<ptxt id="nev20688261n1-nev11988051n27">electronic thro#@#@#12#/120)</ptxt>
</item>
<item id="nev20688261n1-nev11988051n26">
<ptxt id="nev20688261n1-nev11988051n25">brake light swi#@#@#5#3/9).</ptxt>
</item>
</list1>
<para id="nev20688261n1-nev11988051n24">
<ptxt id="nev20688261n1-nev11988051n23">To activate cru#@#@#133#DIM).</ptxt>
</para>
<para id="nev20688261n1-nev11988051n22">
<ptxt id="nev20688261n1-nev11988051n21">The driver acti#@#@#276#ECM).</ptxt>
<ptxt id="nev20688261n1-nev11988051n20">The engine cont#@#@#382#tive.</ptxt>
</para>
<para id="nev20688261n1-nev11988051n19">
<ptxt id="nev20688261n1-nev11988051n18">If the accelera#@#@#153#gain.</ptxt>
</para>
<para id="nev20688261n1-nev11988051n17">
<ptxt id="nev20688261n1-nev11988051n16">The engine cont#@#@#199#tton.</ptxt>
</para>
<para id="nev20688261n1-nev11988051n15">
<ptxt id="nev20688261n1-nev11988051n14">The cruise cont#@#@#41#peed.</ptxt>
</para>
<list1 enumtype="d" id="nev20688261n1-nev11988051n13" type="unordered">
<title id="nev20688261n1-nev11988051n10">Cruise control #@#@#11# off:</title>
<item id="nev20688261n1-nev11988051n12">
<ptxt id="nev20688261n1-nev11988051n11">when the driver#@#@#21#pedal</ptxt>
</item>
<item id="nev20688261n1-nev11988051n9">
<ptxt id="nev20688261n1-nev11988051n8">when the driver#@#@#45#wheel</ptxt>
</item>
<item id="nev20688261n1-nev11988051n7">
<ptxt id="nev20688261n1-nev11988051n6">when the driver#@#@#42#wheel</ptxt>
</item>
<item id="nev20688261n1-nev11988051n5">
<ptxt id="nev20688261n1-nev11988051n4">if ”P” or ”N” p#@#@#54#(CAN)</ptxt>
</item>
<item id="nev20688261n1-nev11988051n3">
<ptxt id="nev20688261n1-nev11988051n2">if the speed de#@#@#29#value</ptxt>
</item>
<item id="nev20688261n1-nev11988051n1">
<ptxt id="nev20688261n1-nev11988551n250">when the contro#@#@#168#Cs)).</ptxt>
</item>
</list1>
</topic>
<topic id="nev20688261n1-nev11988551n249">
<title id="nev20688261n1-nev11988551n248">Fuel trim</title>
<grate id="nev20688261n1-nev11988551n242">
<graphic id="nev20688261n1-nev11988551n241">
<href>0900c8af80054bb#@#@#9#.jpeg</href>
</graphic>
<graphtext id="nev20688261n1-nev11988551n237">
<para id="nev20688261n1-nev11988551n236">
<title id="nev20688261n1-nev11988551n234">Overview</title>
<ptxt id="nev20688261n1-nev11988551n235">Fuel trim reduc#@#@#53#s (NO<sub id="nev20688261n1-nev11988551n233">x</sub>), carbon monox#@#@#35#ions.</ptxt>
<ptxt id="nev20688261n1-nev11988551n231">Theoretically, #@#@#88#er (H<sub id="nev20688261n1-nev11988551n230">2</sub>O) and carbon d#@#@#5#e (CO<sub id="nev20688261n1-nev11988551n229">2</sub>). Emissions wo#@#@#23#safe.</ptxt>
<ptxt id="nev20688261n1-nev11988551n228">In practice con#@#@#101#e (CO<sub id="nev20688261n1-nev11988551n227">2</sub>) remain.</ptxt>
</para>
</graphtext>
</grate>
<grate id="nev20688261n1-nev12004774n178">
<graphic id="nev20688261n1-nev12004774n177">
<href>0900c8af80054bb#@#@#9#.jpeg</href>
</graphic>
<graphtext id="nev20688261n1-nev12004774n173">
<para id="nev20688261n1-nev12004774n172">
<ptxt id="nev20688261n1-nev12004774n171">Due to the high#@#@#54#nd NO<sub id="nev20688261n1-nev12004774n170">2</sub> are also forme#@#@#57#es NO<sub id="nev20688261n1-nev12004774n169">x</sub>.</ptxt>
</para>
</graphtext>
</grate>
<grate id="nev20688261n1-nev11988551n216">
<graphic id="nev20688261n1-nev11988551n215">
<href>0900c8af80054bb#@#@#9#.jpeg</href>
</graphic>
<graphtext id="nev20688261n1-nev11988551n211">
<para id="nev20688261n1-nev11988551n210">
<ptxt id="nev20688261n1-nev11988551n209">By speeding up #@#@#113#er (H<sub id="nev20688261n1-nev11988551n208">2</sub>O), carbon diox#@#@#2#e (CO<sub id="nev20688261n1-nev11988551n207">2</sub>) and nitrogen (N<sub id="nev20688261n1-nev11988551n206">2</sub>).</ptxt>
<ptxt id="nev20688261n1-nev11988551n205">However this ca#@#@#78#en (O<sub id="nev20688261n1-nev11988551n204">2</sub>) and nitrous o#@#@#4#s (NO<sub id="nev20688261n1-nev11988551n203">x</sub>) is exactly ri#@#@#153#λ=1).</ptxt>
</para>
</graphtext>
</grate>
<grate id="nev20688261n1-nev11988551n202">
<graphic id="nev20688261n1-nev11988551n201">
<href>0900c8af83633fe#@#@#9#.jpeg</href>
</graphic>
<graphtext id="nev20688261n1-nev11988551n197">
<para id="nev20688261n1-nev11988551n196">
<ptxt id="nev20688261n1-nev11988551n195">A base program #@#@#898#ited.</ptxt>
</para>
<para id="nev20688261n1-nev11988551n194">
<ptxt id="nev20688261n1-nev11988551n193">The short-term #@#@#21# off.</ptxt>
</para>
</graphtext>
</grate>
<grate id="nev20688261n1-nev11988551n192" pgwide="1">
<title id="nev20688261n1-nev11988551n187">Adaptive functions</title>
<graphic id="nev20688261n1-nev11988551n191">
<href>0900c8af80054bc#@#@#9#.jpeg</href>
</graphic>
</grate>
<para id="nev20688261n1-nev11988551n186">
<ptxt id="nev20688261n1-nev11988551n185">Certain factors#@#@#473#tion.</ptxt>
</para>
<para id="nev20688261n1-nev11988551n184">
<ptxt id="nev20688261n1-nev11988551n183">If there is air#@#@#350# air.</ptxt>
</para>
<para id="nev20688261n1-nev11988551n182">
<ptxt id="nev20688261n1-nev11988551n181">The adaptive fu#@#@#163#able.</ptxt>
</para>
<para id="nev20688261n1-nev11988551n180">
<ptxt id="nev20688261n1-nev11988551n179">Put simply, fue#@#@#127# (B).</ptxt>
<ptxt id="nev20688261n1-nev11988551n178">The adaptive fu#@#@#87#gine.</ptxt>
<ptxt id="nev20688261n1-nev11988551n177">The different a#@#@#26# off.</ptxt>
</para>
<para id="nev20688261n1-nev11988551n176">
<ptxt id="nev20688261n1-nev11988551n175">The adaptive ad#@#@#238#ture.</ptxt>
</para>
<para id="nev20688261n1-nev11988551n174">
<ptxt id="nev20688261n1-nev11988551n173">The diagnostic #@#@#104# low.</ptxt>
</para>
</topic>
<topic id="nev20688261n1-nev11988551n172">
<title id="nev20688261n1-nev11988551n171">Individual cyli#@#@#17#2009)</title>
<para id="nev20688261n1-nev11988551n170">
<ptxt id="nev20688261n1-nev11988551n169">
<emph id="nev20688261n1-nev11988551n168">General</emph>
</ptxt>
<ptxt id="nev20688261n1-nev11988551n167">The Engine cont#@#@#177#trim.</ptxt>
<ptxt id="nev20688261n1-nev11988551n166">In short, this #@#@#116#ers).</ptxt>
<ptxt id="nev20688261n1-nev11988551n165">To achieve this#@#@#112#usts.</ptxt>
<ptxt id="nev20688261n1-nev11988551n164">Should problems#@#@#139#trim.</ptxt>
<ptxt id="nev20688261n1-nev11988551n163">This will not f#@#@#107#usts.</ptxt>
</para>
</topic>
<topic id="nev20688261n1-nev11988551n162">
<title id="nev20688261n1-nev11988551n161">Fuel pressure r#@#@#4#ation</title>
<grate id="nev20688261n1-nev11988551n160" pgwide="1">
<graphic id="nev20688261n1-nev11988551n159">
<href>0900c8af8204a6d#@#@#9#.jpeg</href>
</graphic>
</grate>
<para id="nev20688261n1-nev11988551n155">
<ptxt id="nev20688261n1-nev11988551n154">
<emph id="nev20688261n1-nev11988551n153">General</emph>
</ptxt>
<ptxt id="nev20688261n1-nev11988551n152">Fuel pressure r#@#@#354#ample</ptxt>
</para>
<list1 enumtype="d" id="nev20688261n1-nev11988551n149" type="unordered">
<title id="nev20688261n1-nev11988551n147">The following c#@#@#43#tion:</title>
<item id="nev20688261n1-nev11988551n148">
<ptxt id="nev20688261n1-nev11988551n146">engine control #@#@#58#ensor</ptxt>
</item>
<item id="nev20688261n1-nev11988551n145">
<ptxt id="nev20688261n1-nev11988551n144">fuel pump contr#@#@#11#4/83)</ptxt>
</item>
<item id="nev20688261n1-nev11988551n143">
<ptxt id="nev20688261n1-nev11988551n142">fuel pressure s#@#@#37#/156)</ptxt>
</item>
<item id="nev20688261n1-nev11988551n141">
<ptxt id="nev20688261n1-nev11988551n140">fuel pump with #@#@#16#/33).</ptxt>
</item>
</list1>
<para id="nev20688261n1-nev11988551n151">
<ptxt id="nev20688261n1-nev11988551n150">The time taken #@#@#231#CEM).</ptxt>
<ptxt id="nev20688261n1-nev11988551n139">The engine cont#@#@#216#gine.</ptxt>
</para>
<list1 enumtype="d" id="nev20688261n1-nev11988551n138" type="unordered">
<title id="nev20688261n1-nev11988551n135">The advantages #@#@#77# are:</title>
<item id="nev20688261n1-nev11988551n137">
<ptxt id="nev20688261n1-nev11988551n136">the total power#@#@#86#ystem</ptxt>
</item>
<item id="nev20688261n1-nev11988551n134">
<ptxt id="nev20688261n1-nev11988551n133">the service lif#@#@#31#eased</ptxt>
</item>
<item id="nev20688261n1-nev11988551n132">
<ptxt id="nev20688261n1-nev11988551n131">fuel pump noise#@#@#7#uced.</ptxt>
</item>
</list1>
<para id="nev20688261n1-nev11988551n130">
<ptxt id="nev20688261n1-nev11988551n129">
<emph id="nev20688261n1-nev11988551n128">Control</emph>
</ptxt>
<ptxt id="nev20688261n1-nev11988551n127">The engine cont#@#@#784#ure).</ptxt>
</para>
<para id="nev20688261n1-nev11988551n126">
<ptxt id="nev20688261n1-nev11988551n125">The engine cont#@#@#272#sted.</ptxt>
<ptxt id="nev20688261n1-nev11988551n124">The engine cont#@#@#137#ing).</ptxt>
</para>
<para id="nev20688261n1-nev11988551n123">
<ptxt id="nev20688261n1-nev11988551n122">
<emph id="nev20688261n1-nev11988551n121">By-pass valve</emph>
</ptxt>
<ptxt id="nev20688261n1-nev11988551n120">When the inject#@#@#236# kPa.</ptxt>
<ptxt id="nev20688261n1-nev12004316n127">The by-pass val#@#@#128# off.</ptxt>
<ptxt id="nev20688261n1-nev11988551n119">There is high p#@#@#128#hed".</ptxt>
</para>
<para id="nev20688261n1-nev11988551n118">
<title id="nev20688261n1-nev11988551n116">Passive safety</title>
<ptxt id="nev20688261n1-nev11988551n117">For safety reas#@#@#131#sion.</ptxt>
</para>
</topic>
<topic id="nev20688261n1-nev11988551n115">
<title id="nev20688261n1-nev11988551n114">Knock control</title>
<grate id="nev20688261n1-nev11988551n113" pgwide="1">
<graphic id="nev20688261n1-nev11988551n112">
<href>0900c8af83633ff#@#@#10#.jpeg</href>
</graphic>
</grate>
<para id="nev20688261n1-nev11988551n108">
<ptxt id="nev20688261n1-nev11988551n107">Knock occurs in#@#@#226#mber.</ptxt>
</para>
<para id="nev20688261n1-nev11988551n106">
<ptxt id="nev20688261n1-nev11988551n105">This results in#@#@#185#ound.</ptxt>
</para>
<para id="nev20688261n1-nev11988551n103">
<ptxt id="nev20688261n1-nev11988551n102">If any cylinder#@#@#160#lock.</ptxt>
<ptxt id="nev20688261n1-nev11988551n99">One knock senso#@#@#95#nd 6.</ptxt>
<ptxt id="nev20688261n1-nev11988551n98">The mechanical #@#@#247#king.</ptxt>
</para>
<para id="nev20688261n1-nev11988551n101">
<ptxt id="nev20688261n1-nev11988551n100">The knock senso#@#@#206#gnal.</ptxt>
</para>
<para id="nev20688261n1-nev11988551n97">
<ptxt id="nev20688261n1-nev11988551n96">If the knock se#@#@#171#king.</ptxt>
</para>
</topic>
<topic id="nev20688261n1-nev11988551n95">
<title id="nev20688261n1-nev11988551n94">Ignition control</title>
<grate id="nev20688261n1-nev11988551n93" pgwide="1">
<graphic id="nev20688261n1-nev11988551n92">
<href>0900c8af83633ff#@#@#11#.jpeg</href>
</graphic>
</grate>
<list1 enumtype="d" id="nev20688261n1-nev11988551n86" type="unordered">
<title id="nev20688261n1-nev11988551n84">The following c#@#@#35#trol:</title>
<item id="nev20688261n1-nev11988551n85">
<ptxt id="nev20688261n1-nev11988551n83">engine speed (R#@#@#12#7/25)</ptxt>
</item>
<item id="nev20688261n1-nev11988551n82">
<ptxt id="nev20688261n1-nev11988551n81">Camshaft sensor#@#@#7#-173)</ptxt>
</item>
<item id="nev20688261n1-nev11988551n80">
<ptxt id="nev20688261n1-nev11988551n79">mass air flow (#@#@#13#7/17)</ptxt>
</item>
<item id="nev20688261n1-nev11988551n78">
<ptxt id="nev20688261n1-nev11988551n77">engine coolant #@#@#26#7/16)</ptxt>
</item>
<item id="nev20688261n1-nev11988551n76">
<ptxt id="nev20688261n1-nev11988551n75">throttle positi#@#@#49#/120)</ptxt>
</item>
<item id="nev20688261n1-nev11988551n74">
<ptxt id="nev20688261n1-nev11988551n73">knock sensor (K#@#@#7#3-24)</ptxt>
</item>
<item id="nev20688261n1-nev11988551n72">
<ptxt id="nev20688261n1-nev11988551n71">transmission co#@#@#20#4/28)</ptxt>
</item>
<item id="nev20688261n1-nev11988551n70">
<ptxt id="nev20688261n1-nev11988551n69">spark plugs wit#@#@#21#3-8).</ptxt>
</item>
</list1>
<para id="nev20688261n1-nev11988551n68">
<ptxt id="nev20688261n1-nev11988551n67">The engine cont#@#@#237#park.</ptxt>
</para>
<para id="nev20688261n1-nev11988551n66">
<ptxt id="nev20688261n1-nev11988551n65">During the star#@#@#257#ount:</ptxt>
</para>
<list1 enumtype="d" id="nev20688261n1-nev11988551n64" type="unordered">
<item id="nev20688261n1-nev11988551n63">
<ptxt id="nev20688261n1-nev11988551n62">engine speed (RPM)</ptxt>
</item>
<item id="nev20688261n1-nev11988551n61">
<ptxt id="nev20688261n1-nev11988551n60">load</ptxt>
</item>
<item id="nev20688261n1-nev11988551n59">
<ptxt id="nev20688261n1-nev11988551n58">temperature.</ptxt>
</item>
</list1>
<para id="nev20688261n1-nev11988551n57">
<ptxt id="nev20688261n1-nev11988551n56">The engine cont#@#@#216#ases.</ptxt>
<ptxt id="nev20688261n1-nev11988551n55">The ignition th#@#@#56#curs.</ptxt>
</para>
<para id="nev20688261n1-nev11988551n54">
<ptxt id="nev20688261n1-nev11988551n53">Before the Tran#@#@#264#sion.</ptxt>
<ptxt id="nev20688261n1-nev11988551n52">Lowering of ign#@#@#276#ECM).</ptxt>
<ptxt id="nev20688261n1-nev11988551n51">For further inf#@#@#15#see: <xref id="nev20688261n1-nev11989215n40">
<ref id="nev20688261n1-nev11989221n232"/>
</xref>
</ptxt>
</para>
<para id="nev20688261n1-nev11988551n50">
<ptxt id="nev20688261n1-nev11988551n49">The engine misf#@#@#74#see: <xref id="nev20688261n1-nev11989221n114">
<ref id="nev20688261n1-nev11989221n56"/>
</xref>
</ptxt>
</para>
</topic>
<topic id="nev20688261n1-nev11988551n48">
<title id="nev20688261n1-nev11988551n47">Regulating the #@#@#28#essor</title>
<grate id="nev20688261n1-nev11988551n46" pgwide="1">
<graphic id="nev20688261n1-nev11988551n45">
<href>0900c8af8233a48#@#@#9#.jpeg</href>
</graphic>
</grate>
<para id="nev20688261n1-nev11988551n41">
<ptxt id="nev20688261n1-nev11988551n40">The air conditi#@#@#417#lso: <xref id="nev20688261n1-nev11989225n185">
<ref id="nev20688261n1-nev11989225n127"/>
</xref>
</ptxt>
<ptxt id="nev20688261n1-nev11988551n39">The relay (2/22#@#@#378#ECM).</ptxt>
</para>
<para id="nev20688261n1-nev11988551n38">
<ptxt id="nev20688261n1-nev11988551n37">The engine cont#@#@#577#CEM).</ptxt>
</para>
<para id="nev20688261n1-nev11988551n36">
<ptxt id="nev20688261n1-nev11988551n35">The climate con#@#@#546#from:</ptxt>
</para>
<list1 enumtype="d" id="nev20688261n1-nev11988551n34" type="unordered">
<item id="nev20688261n1-nev11988551n33">
<ptxt id="nev20688261n1-nev11988551n32">Air conditionin#@#@#45#(7/8)</ptxt>
</item>
<item id="nev20688261n1-nev11988551n31">
<ptxt id="nev20688261n1-nev11988551n30">the throttle po#@#@#21#/120)</ptxt>
</item>
<item id="nev20688261n1-nev11988551n29">
<ptxt id="nev20688261n1-nev11988551n28">the engine cool#@#@#31#/16).</ptxt>
</item>
</list1>
</topic>
<topic id="nev20688261n1-nev11988551n27">
<title id="nev20688261n1-nev11988551n26">Throttle control</title>
<grate id="nev20688261n1-nev11988551n25" pgwide="1">
<graphic id="nev20688261n1-nev11988551n24">
<href>0900c8af8365849#@#@#11#.jpeg</href>
</graphic>
</grate>
<para id="nev20688261n1-nev11988551n20">
<ptxt id="nev20688261n1-nev11988551n19">To ensure that #@#@#162#from:</ptxt>
</para>
<list1 enumtype="d" id="nev20688261n1-nev11988551n18" type="unordered">
<item id="nev20688261n1-nev11988551n17">
<ptxt id="nev20688261n1-nev11988551n16">Accelerator ped#@#@#25#7/51)</ptxt>
</item>
<item id="nev20688261n1-nev11988551n15">
<ptxt id="nev20688261n1-nev11988551n14">the throttle po#@#@#46#unit.</ptxt>
</item>
</list1>
<para id="nev20688261n1-nev11988551n8">
<ptxt id="nev20688261n1-nev11988551n7">Additional sign#@#@#90# for:</ptxt>
</para>
<list1 enumtype="d" id="nev20688261n1-nev11988551n13" type="unordered">
<item id="nev20688261n1-nev11988551n12">
<ptxt id="nev20688261n1-nev11988551n11">the load from t#@#@#31#essor</ptxt>
</item>
<item id="nev20688261n1-nev11988551n10">
<ptxt id="nev20688261n1-nev11988551n9">the load from t#@#@#46# mode</ptxt>
</item>
<item id="nev20688261n1-nev11988551n6">
<ptxt id="nev20688261n1-nev11988551n5">engine coolant #@#@#12#(ECT)</ptxt>
</item>
<item id="nev20688261n1-nev11988551n4">
<ptxt id="nev20688261n1-nev11988551n3">mass air flow t#@#@#21#ifold</ptxt>
</item>
<item id="nev20688261n1-nev11988551n2">
<ptxt id="nev20688261n1-nev11988551n1">manifold absolu#@#@#36#fold.</ptxt>
</item>
</list1>
<para id="nev20688261n1-nev11988651n248">
<ptxt id="nev20688261n1-nev11988651n247">The position of#@#@#258#site.</ptxt>
</para>
<para id="nev20688261n1-nev11988651n246">
<ptxt id="nev20688261n1-nev11988651n245">In a combustion#@#@#754#mple.</ptxt>
</para>
<para id="nev20688261n1-nev11988651n244">
<ptxt id="nev20688261n1-nev11988651n243">Because the sig#@#@#100#ment.</ptxt>
</para>
<para id="nev20688261n1-nev11988651n242">
<ptxt id="nev20688261n1-nev11988651n241">The engine cont#@#@#498#ated.</ptxt>
</para>
<para id="nev20688261n1-nev11988651n240">
<ptxt id="nev20688261n1-nev11988651n239">There is an ada#@#@#179#elow.</ptxt>
<ptxt id="nev20688261n1-nev11988651n238">The throttle an#@#@#298#ters.</ptxt>
</para>
<para id="nev20688261n1-nev11988651n237">
<ptxt id="nev20688261n1-nev11988651n236">The damper moto#@#@#580#lity.</ptxt>
</para>
<para id="nev20688261n1-nev11988651n235">
<title id="nev20688261n1-nev11988651n233">Throttle angle</title>
<ptxt id="nev20688261n1-nev11988651n234">The throttle an#@#@#551#ture.</ptxt>
<ptxt id="nev20688261n1-nev11988651n232">The potentiomet#@#@#575#mode.</ptxt>
</para>
<para id="nev20688261n1-nev11988651n231">
<title id="nev20688261n1-nev11988651n229">Adaptation of t#@#@#11# unit</title>
<ptxt id="nev20688261n1-nev11988651n230">In ignition pos#@#@#600#alue.</ptxt>
</para>
<hint id="nev20688261n1-nev11988651n228">
<ptxt id="nev20688261n1-nev11988651n227">When replacing #@#@#95# off.</ptxt>
</hint>
</topic>
</servinfosub>