<?xml version="1.0" encoding="UTF-8"?><servinfosub IE-ID="en-US0900c8af8568500c" docno="VCC-273131" id="nev11091997n1" xml:lang="en-US">
<title>
<phrase category="Title" id="nev11102749n1" phrase-urn="urn:x-nevis:phrase:0800c8af81eb9a54">Diagnostic trou#@#@#21#ation</phrase>
<phrase category="Prefix" id="nev11102748n1" phrase-urn="urn:x-nevis:phrase:0800c8af8015c3f5">ECM</phrase>-P001678</title>
<diagnostic j2008use="1" paperuse="1" screenuse="1" type="condition">
<condgrp>
<condition type="condition">
<grate>
<graphic id="nev11091997n3" width="column">
<href>0900c8af804454b#@#@#9#.jpeg</href>
</graphic>
<graphtext>
<ptxt>
<phrase category="" id="nev11091997n4" phrase-urn="urn:x-nevis:phrase:0800c8af81aa10c5">The engine cont#@#@#90#aft).</phrase>
</ptxt>
<ptxt>
<phrase category="" id="nev11091997n5" phrase-urn="urn:x-nevis:phrase:0800c8af81aa10c6">If the angle of#@#@#345#ing. </phrase>
</ptxt>
</graphtext>
</grate>
</condition>
</condgrp>
<condgrp>
<condition type="substitution">
<para>
<ptxt>
<phrase category="Substitution" id="nev17381943n1" phrase-urn="urn:x-nevis:phrase:0800c8af81eabcb2">Camshaft contro#@#@#10# off.</phrase>
</ptxt>
</para>
</condition>
<ps>
<list1 enumtype="d" type="unordered">
<item>
<ptxt>
<phrase category="" id="nev11091997n7" phrase-urn="urn:x-nevis:phrase:0800c8af81aa10c8">Poor engine oil#@#@#3#ality</phrase>
</ptxt>
</item>
<item>
<ptxt>
<phrase category="" id="nev11091997n8" phrase-urn="urn:x-nevis:phrase:0800c8af81aa10c9">Incorrectly adj#@#@#10#hafts</phrase>
</ptxt>
</item>
<item>
<ptxt>
<phrase category="" id="nev11091997n9" phrase-urn="urn:x-nevis:phrase:0800c8af81aa10ca">The timing gear#@#@#25#cogs.</phrase>
</ptxt>
</item>
</list1>
</ps>
</condgrp>
<condgrp>
<condition type="symptom">
<list1 enumtype="d" type="unordered">
<item>
<ptxt>
<phrase category="Symptom CSC" id="nev17381944n1" phrase-urn="urn:x-nevis:phrase:0800c8af8388f076">DL, Warning lig#@#@#85#ation</phrase>
</ptxt>
</item>
<item id="nev17385363n100">
<ptxt id="nev17385363n99">
<phrase category="Symptom CSC" id="nev17385364n1" phrase-urn="urn:x-nevis:phrase:0800c8af8388f00f">AB, Starting/En#@#@#52#times</phrase>
</ptxt>
</item>
<item id="nev17385363n98">
<ptxt id="nev17385363n97">
<phrase category="Symptom CSC" id="nev17385365n1" phrase-urn="urn:x-nevis:phrase:0800c8af8388f019">AJ, Driving/Poo#@#@#20#power</phrase>
</ptxt>
</item>
<item id="nev17385363n96">
<ptxt id="nev17385363n95">
<phrase category="Symptom CSC" id="nev17385366n1" phrase-urn="urn:x-nevis:phrase:0800c8af8388f021">AK, Driving/Hes#@#@#33#times</phrase>
</ptxt>
</item>
</list1>
</condition>
</condgrp>
</diagnostic>
</servinfosub>