<?xml version="1.0" encoding="UTF-8"?><servinfosub IE-ID="en-US0900c8af8014b00c" docno="VCC-146347" id="KC01120741" xml:lang="en-US">
<title>Transmission ca#@#@#9#sting</title>
<procedure>
<proctools>
<toolitem id="KC07579082"/>
</proctools>
<note>
<ptxt>As the illustra#@#@#160#rect.</ptxt>
</note>
<stepgrp id="KC01156427">
<procstep id="KC01156428">
<title>Preparatory work</title>
<para>
<ptxt>Ignition off.</ptxt>
</para>
</procstep>
<procstep id="KC01156429">
<title>Preparations an#@#@#27#cable</title>
<grate>
<graphic id="KC07579083">
<href>0900c8af8005b9c#@#@#9#.jpeg</href>
</graphic>
<graphtext>
<note>
<ptxt>Remove the air #@#@#22# See <xref>
<ref id="KC07579084"/>
</xref>. </ptxt>
</note>
<para>
<ptxt>Remove the ball#@#@#58#tool <toolitem id="KC07579085"/>. </ptxt>
</para>
<para>
<ptxt>Release the adj#@#@#14#able.</ptxt>
</para>
<para>
<ptxt>Check that the #@#@#29#tral.</ptxt>
</para>
</graphtext>
</grate>
<grate>
<graphic id="KC07579086">
<href>0900c8af8005b99#@#@#9#.jpeg</href>
</graphic>
<graphtext>
<para>
<ptxt>Press the ball #@#@#47#hand.</ptxt>
<ptxt>Press the adjus#@#@#44#able.</ptxt>
</para>
</graphtext>
</grate>
</procstep>
<procstep>
<title/>
<para>
<ptxt>Install the air#@#@#23# See <xref>
<ref id="KC07579087"/>
</xref>. </ptxt>
</para>
</procstep>
</stepgrp>
</procedure>
</servinfosub>