<?xml version="1.0" encoding="UTF-8"?><servinfosub IE-ID="en-US0900c8af81a9d00c" docno="VCC-161345" id="KC07237719" xml:lang="en-US">
<title>
<phrase category="" id="KC07237723" phrase-urn="urn:x-nevis:phrase:0800c8af81a9d00e">Diagnostic trou#@#@#30#-330B</phrase>
</title>
<diagnostic type="condition">
<condgrp>
<condition type="condition">
<grate>
<graphic id="KC07237724">
<href>0900c8af80730e6#@#@#9#.jpeg</href>
</graphic>
<graphtext>
<para>
<ptxt>
<phrase category="" id="KC07237725" phrase-urn="urn:x-nevis:phrase:0800c8af81a9d00f">The engine cont#@#@#212#nsor.</phrase>
</ptxt>
<ptxt>
<phrase category="" id="KC07237726" phrase-urn="urn:x-nevis:phrase:0800c8af81a9d010">The diagnostic #@#@#58#ning.</phrase>
</ptxt>
</para>
</graphtext>
</grate>
</condition>
</condgrp>
<condgrp>
<condition type="substitution">
<list1 enumtype="d" type="unordered">
<item>
<ptxt>
<phrase category="" id="KC07237727" phrase-urn="urn:x-nevis:phrase:0800c8af81a9d011">The control mod#@#@#110#pted.</phrase>
</ptxt>
</item>
</list1>
</condition>
<ps>
<list1 enumtype="d" type="unordered">
<item>
<ptxt>
<phrase category="" id="KC07237728" phrase-urn="urn:x-nevis:phrase:0800c8af81a9d012">Open-circuit in#@#@#27# lead</phrase>
</ptxt>
</item>
<item>
<ptxt>
<phrase category="" id="KC07237729" phrase-urn="urn:x-nevis:phrase:0800c8af81a9d014">Short-circuit t#@#@#41#cable</phrase>
</ptxt>
</item>
<item>
<ptxt>
<phrase category="" id="KC07237730" phrase-urn="urn:x-nevis:phrase:0800c8af81a9d015">Contact resista#@#@#15#inals</phrase>
</ptxt>
</item>
<item>
<ptxt>
<phrase category="" id="KC07237731" phrase-urn="urn:x-nevis:phrase:0800c8af81a9d016">Damaged engine #@#@#14#nsor.</phrase>
</ptxt>
</item>
</list1>
</ps>
</condgrp>
<condgrp>
<condition type="symptom">
<list1 enumtype="d" type="unordered">
<item>
<ptxt>
<phrase category="" id="KC07237732" phrase-urn="urn:x-nevis:phrase:0800c8af81a9d017">The starter mot#@#@#33#start</phrase>
</ptxt>
</item>
<item>
<ptxt>
<phrase category="" id="KC07237733" phrase-urn="urn:x-nevis:phrase:0800c8af81a9d018">The engine stops.</phrase>
</ptxt>
</item>
</list1>
</condition>
</condgrp>
</diagnostic>
</servinfosub>