<?xml version="1.0" encoding="UTF-8"?><servinfosub IE-ID="en-US0900c8af878e900c" docno="VCC-370898" id="nev13717074n1" original="sv-SE" servinfosubId="nev13717075n1-nev20890181n1" servinfosubRes="0900c8af878e9011" servinfosubRes2="urn:x-nevis:fragment:0900c8af878e900c:0900c8af878e9011#nev20890181n1" xml:lang="en-US">
<title id="nev13717073n34">Body side</title>
<procedure id="nev13717075n1-nev21930969n250">
<stepgrp id="nev13717075n1-nev21930969n249">
<procstep id="nev13717075n1-nev21930969n248" toc-include="yes">
<grate id="nev13717075n1-nev21930969n247">
<graphic id="nev13717075n1-nev21930969n246">
<href>0900c8af8345cf4#@#@#9#.jpeg</href>
</graphic>
<graphtext id="nev13717075n1-nev21930969n242">
<list1 enumtype="n" id="nev13717075n1-nev21930969n241">
<item id="nev13717075n1-nev21930969n240">
<ptxt id="nev13717075n1-nev21930969n236">Measure from th#@#@#4#ntre.</ptxt>
</item>
<item id="nev13717075n1-nev21930969n238">
<ptxt id="nev13717075n1-nev21930969n235">Measure from th#@#@#2#edge.</ptxt>
</item>
<item id="nev13717075n1-nev21930969n234">
<ptxt id="nev13717075n1-nev21930969n233">Measure from th#@#@#6#mark.</ptxt>
</item>
</list1>
</graphtext>
</grate>
<grate id="nev13717075n1-nev21933397n247">
<graphic id="nev13717075n1-nev21933397n246">
<href>0900c8af8345cf5#@#@#9#.jpeg</href>
</graphic>
<graphtext id="nev13717075n1-nev21933397n215">
<ptxt id="nev13717075n1-nev21933397n214">Measurement tak#@#@#221#gure.</ptxt>
</graphtext>
</grate>
<grate id="nev13717075n1-nev21930969n232" pgwide="1">
<graphic id="nev13717075n1-nev21930969n231">
<href>0900c8af86833dd#@#@#11#.jpeg</href>
</graphic>
</grate>
<grate id="nev13717075n1-nev21930969n227" pgwide="1">
<graphic id="nev13717075n1-nev21930969n226">
<href>0900c8af86833dd#@#@#11#.jpeg</href>
</graphic>
</grate>
<grate id="nev13717075n1-nev21930969n222" pgwide="1">
<graphic id="nev13717075n1-nev21930969n221">
<href>0900c8af86833dd#@#@#11#.jpeg</href>
</graphic>
</grate>
<grate id="nev13717075n1-nev21930969n217" pgwide="1">
<graphic id="nev13717075n1-nev21930969n216">
<href>0900c8af86833dd#@#@#11#.jpeg</href>
</graphic>
</grate>
<grate id="nev13717075n1-nev21930969n212" pgwide="1">
<graphic id="nev13717075n1-nev21930969n211">
<href>0900c8af86833dd#@#@#11#.jpeg</href>
</graphic>
</grate>
<grate id="nev13717075n1-nev21930969n207" pgwide="1">
<graphic id="nev13717075n1-nev21930969n206">
<href>0900c8af868462a#@#@#11#.jpeg</href>
</graphic>
</grate>
<grate id="nev13717075n1-nev21942031n226" pgwide="1">
<graphic id="nev13717075n1-nev21942031n225">
<href>0900c8af868618e#@#@#11#.jpeg</href>
</graphic>
</grate>
<grate id="nev13717075n1-nev21930969n202" pgwide="1">
<graphic id="nev13717075n1-nev21930969n201">
<href>0900c8af868462a#@#@#11#.jpeg</href>
</graphic>
</grate>
<grate id="nev13717075n1-nev21930969n197" pgwide="1">
<graphic id="nev13717075n1-nev21930969n196">
<href>0900c8af868462a#@#@#11#.jpeg</href>
</graphic>
</grate>
<grate id="nev13717075n1-nev21930969n192" pgwide="1">
<graphic id="nev13717075n1-nev21930969n191">
<href>0900c8af868462a#@#@#11#.jpeg</href>
</graphic>
</grate>
</procstep>
</stepgrp>
</procedure>
</servinfosub>