<?xml version="1.0" encoding="UTF-8"?><servinfosub IE-ID="en-US0900c8af800cc301" docno="VCC-093361" id="KC01127283" xml:lang="en-US">
<title>
<phrase category="" id="KC06021589" phrase-urn="urn:x-nevis:phrase:0800c8af8171e23a">SRS-00B0 Diagno#@#@#24#ation</phrase>
</title>
<diagnostic type="condition">
<condgrp>
<condition type="condition">
<grate>
<graphic id="KC06021590">
<href>0900c8af8005a3a#@#@#9#.jpeg</href>
</graphic>
<graphtext>
<ptxt>
<phrase category="" id="KC06021591" phrase-urn="urn:x-nevis:phrase:0800c8af8171e255">If the circuit #@#@#90#ayed.</phrase>
</ptxt>
</graphtext>
</grate>
</condition>
</condgrp>
<condgrp>
<condition type="substitution">
<list1 enumtype="d">
<item>
<ptxt>
<phrase category="" id="KC06021592" phrase-urn="urn:x-nevis:phrase:0800c8af8171e269">Nothing.</phrase>
</ptxt>
</item>
</list1>
</condition>
<ps>
<list1 enumtype="d" type="unordered">
<title>
<phrase category="" id="KC06021593" phrase-urn="urn:x-nevis:phrase:0800c8af8171e27d">Signal too high:</phrase>
</title>
<item>
<ptxt>
<phrase category="" id="KC06021594" phrase-urn="urn:x-nevis:phrase:0800c8af8171e296">Signal wire sho#@#@#25#upply</phrase>
</ptxt>
</item>
<item>
<ptxt>
<phrase category="" id="KC06021595" phrase-urn="urn:x-nevis:phrase:0800c8af8171e2b0">Faulty side imp#@#@#6#nsor.</phrase>
</ptxt>
</item>
</list1>
<list1 enumtype="d" type="unordered">
<title>
<phrase category="" id="KC06021596" phrase-urn="urn:x-nevis:phrase:0800c8af8171e2c8">Signal too low:</phrase>
</title>
<item>
<ptxt>
<phrase category="" id="KC06021597" phrase-urn="urn:x-nevis:phrase:0800c8af8171e2df">Signal wire sho#@#@#17#round</phrase>
</ptxt>
</item>
<item>
<ptxt>
<phrase category="" id="KC06021598" phrase-urn="urn:x-nevis:phrase:0800c8af8171e2f7">Faulty side imp#@#@#6#nsor.</phrase>
</ptxt>
</item>
</list1>
</ps>
</condgrp>
<condgrp>
<condition type="symptom">
<list1 enumtype="d">
<item>
<ptxt>
<phrase category="" id="KC06021599" phrase-urn="urn:x-nevis:phrase:0800c8af8171e30f">SRS warning lamp on.</phrase>
</ptxt>
</item>
</list1>
</condition>
</condgrp>
</diagnostic>
</servinfosub>