<?xml version="1.0" encoding="UTF-8"?><servinfosub IE-ID="en-US0900c8af8068c301" docno="VCC-083465" id="KC02014190" xml:lang="en-US">
<title>Removing engine#@#@#13#rive)</title>
<procedure opcode="1234" opnbr="1234">
<proctools>
<toolitem id="KC08560793"/>
<toolitem id="KC08560794"/>
<toolitem id="KC08560795"/>
<toolitem id="KC08560796"/>
<toolitem id="KC08560797"/>
<toolitem id="KC08560798"/>
<toolitem id="KC08560799"/>
<toolitem id="KC08560800"/>
</proctools>
<stepgrp>
<note>
<ptxt>Engines from 19#@#@#250#2810.</ptxt>
</note>
<procstep id="KC02035151">
<title>Drain coolant</title>
<grate>
<graphic id="KC08560801" width="column">
<href>0900c8af803f68c#@#@#9#.jpeg</href>
</graphic>
<graphtext>
<ptxt>Remove expansio#@#@#6# cap.</ptxt>
<ptxt/>
<ptxt>Raise the car.</ptxt>
<ptxt/>
<ptxt>Remove engine s#@#@#39#gine.</ptxt>
<ptxt/>
<ptxt>Open the engine#@#@#70#lant.</ptxt>
<ptxt/>
<ptxt>Close the nipples.</ptxt>
</graphtext>
</grate>
</procstep>
<procstep id="KC02035152">
<title>Remove:</title>
<grate>
<graphic id="KC08560802" width="column">
<href>0900c8af803f690#@#@#9#.jpeg</href>
</graphic>
<graphtext>
<list1 type="unordered">
<item>
<ptxt>front wheels</ptxt>
</item>
<item>
<ptxt>tie rod ends fr#@#@#9#xles
</ptxt>
</item>
<item>
<ptxt>the 2 x 3 screw#@#@#41#arms
</ptxt>
</item>
</list1>
</graphtext>
</grate>
</procstep>
<procstep id="KC02035153">
<title>Remove:</title>
<grate>
<graphic id="KC08560803" width="column">
<href>0900c8af803f690#@#@#9#.jpeg</href>
</graphic>
<graphtext>
<list1 type="unordered">
<item>
<ptxt>ABS cable and b#@#@#24#crew
</ptxt>
</item>
<item>
<ptxt>left drive shaf#@#@#12# bar <toolitem id="KC08560804"/>, to release dr#@#@#5#haft
</ptxt>
</item>
<item>
<ptxt>the two thin bl#@#@#25#ister</ptxt>
</item>
<item>
<ptxt>the white hose #@#@#16#rvoir</ptxt>
</item>
</list1>
</graphtext>
</grate>
</procstep>
<procstep id="KC02035154">
<title>Remove:</title>
<grate>
<graphic id="KC08560805" width="column">
<href>0900c8af8012e19#@#@#11#.jpeg</href>
</graphic>
<graphtext>
<list1 type="unordered">
<item>
<ptxt>right drive sha#@#@#45#aft, <emph>carefully</emph> place it on th#@#@#17#pipes</ptxt>
</item>
<item>
<ptxt>the two screws #@#@#81#irst)</ptxt>
</item>
<item>
<ptxt>the transmissio#@#@#13#screw</ptxt>
</item>
</list1>
<caution>
<ptxt>Apply sealing plugs <toolitem id="KC08560806"/> in the holes l#@#@#20#fts.
</ptxt>
</caution>
</graphtext>
</grate>
</procstep>
<procstep id="KC02035155">
<title>Remove:</title>
<grate>
<graphic id="KC08560807" width="column">
<href>0900c8af8068c32#@#@#9#.jpeg</href>
</graphic>
<graphtext>
<list1 type="unordered">
<item>
<ptxt>two front exhau#@#@#20#ings
</ptxt>
</item>
<item>
<ptxt>carriage bolts (2 x)</ptxt>
</item>
<item>
<ptxt>speedometer con#@#@#1#ector</ptxt>
</item>
<item>
<ptxt>collision prote#@#@#44#ting
</ptxt>
</item>
</list1>
<ptxt>Lower the car.</ptxt>
</graphtext>
</grate>
</procstep>
<procstep id="KC02035156">
<title>Remove:</title>
<grate>
<graphic id="KC08560808" width="column">
<href>0900c8af8068c33#@#@#9#.jpeg</href>
</graphic>
<graphtext>
<list1 type="unordered">
<item>
<ptxt>Battery.</ptxt>
</item>
<item>
<ptxt>battery shelf</ptxt>
</item>
<item>
<ptxt>fresh air intak#@#@#46#using</ptxt>
</item>
<item>
<ptxt>mass air flow (#@#@#16#ector</ptxt>
</item>
<item>
<ptxt>ignition cable #@#@#29#coil
</ptxt>
</item>
<item>
<ptxt>throttle pulley#@#@#1#cover</ptxt>
</item>
</list1>
<note>
<ptxt>If the car is e#@#@#23#trol <emph>disconnect</emph> the vacuum hos#@#@#29#otor.</ptxt>
</note>
</graphtext>
</grate>
</procstep>
<procstep id="KC02035157">
<title>Disconnect hoses:</title>
<grate>
<graphic id="KC08560809" width="column">
<href>0900c8af8068c33#@#@#9#.jpeg</href>
</graphic>
<graphtext>
<list1 type="unordered">
<item>
<ptxt>Disconnect the #@#@#64#hose
</ptxt>
</item>
<item>
<ptxt>disconnect vacu#@#@#47#
hose</ptxt>
</item>
</list1>
</graphtext>
</grate>
</procstep>
<procstep id="KC02035158">
<title>Remove the air #@#@#16#using</title>
<grate>
<graphic id="KC08560810" width="column">
<href>0900c8af8068c33#@#@#9#.jpeg</href>
</graphic>
<graphtext>
<ptxt>Disconnect the #@#@#47#lve.
</ptxt>
<ptxt>Remove preheati#@#@#3#hose.</ptxt>
<ptxt>Lift up and rem#@#@#29#sing.</ptxt>
<ptxt>Remove the thro#@#@#31#lley.</ptxt>
<ptxt>Remove the torq#@#@#2# rod.</ptxt>
</graphtext>
</grate>
</procstep>
<procstep id="KC02035159">
<title>Remove:</title>
<grate>
<graphic id="KC08560811" width="column">
<href>0900c8af8068c33#@#@#9#.jpeg</href>
</graphic>
<graphtext>
<list1 type="unordered">
<item>
<ptxt>two heater hose#@#@#17#anel
</ptxt>
</item>
<item>
<ptxt>brake servo hoses</ptxt>
</item>
<item>
<ptxt>the two heated #@#@#26#ctors</ptxt>
</item>
<item>
<ptxt>rear engine mou#@#@#10#r nut</ptxt>
</item>
</list1>
</graphtext>
</grate>
</procstep>
<procstep id="KC02035160">
<title>Remove:</title>
<grate>
<graphic id="KC08560812" width="column">
<href>0900c8af8068c33#@#@#9#.jpeg</href>
</graphic>
<graphtext>
<list1 type="unordered">
<item>
<ptxt>the gear select#@#@#39#ssion</ptxt>
</item>
<item>
<ptxt>the rubber moun#@#@#42#nting</ptxt>
</item>
</list1>
<note>
<ptxt>Automatic: Disc#@#@#142#tool.</ptxt>
</note>
</graphtext>
</grate>
</procstep>
<procstep id="KC02035161">
<title>Remove:</title>
<grate>
<graphic id="KC08560813" width="column">
<href>0900c8af8068c33#@#@#9#.jpeg</href>
</graphic>
<graphtext>
<list1 type="unordered">
<item>
<ptxt>clutch slave cy#@#@#11# ring</ptxt>
</item>
<item>
<ptxt>slave cylinder #@#@#9# box
</ptxt>
</item>
<item>
<ptxt>battery negativ#@#@#13#ngine</ptxt>
</item>
<item>
<ptxt>lower radiator #@#@#13#iator</ptxt>
</item>
</list1>
</graphtext>
</grate>
</procstep>
<procstep id="KC02035162">
<title>Remove and put #@#@#32# side</title>
<grate>
<graphic id="KC08560814" width="column">
<href>0900c8af8068c33#@#@#9#.jpeg</href>
</graphic>
<graphtext>
<ptxt>Remove air clea#@#@#47#ket.
</ptxt>
<ptxt/>
<ptxt>Thread clutch s#@#@#88#ide.
</ptxt>
</graphtext>
</grate>
</procstep>
<procstep id="KC02035163">
<title>Remove the engi#@#@#14# (FC)</title>
<grate>
<graphic id="KC08560815" width="column">
<href>0900c8af803f691#@#@#9#.jpeg</href>
</graphic>
<graphtext>
<ptxt>Remove both rel#@#@#75#side.</ptxt>
<ptxt/>
<ptxt>Remove the two #@#@#33#cts.
</ptxt>
<ptxt/>
<ptxt>Remove the four#@#@#21#ator.</ptxt>
<ptxt/>
<ptxt>Move the fan sh#@#@#46#ake.
</ptxt>
<ptxt/>
<ptxt>Remove the fan #@#@#15# fan.</ptxt>
<ptxt/>
<caution>
<ptxt>Protect the rad#@#@#54#tion <toolitem id="KC08560816"/>
</ptxt>
</caution>
</graphtext>
</grate>
</procstep>
<procstep id="KC02035164">
<title>Remove the two #@#@#49#crews</title>
<grate>
<graphic id="KC08560817" width="column">
<href>0900c8af803f691#@#@#9#.jpeg</href>
</graphic>
<graphtext>
<ptxt>Allow the compr#@#@#33#ift.
</ptxt>
</graphtext>
</grate>
</procstep>
<procstep id="KC02035165">
<title>Remove front en#@#@#13#r nut</title>
<grate>
<graphic id="KC08560818" width="column">
<href>0900c8af803f691#@#@#9#.jpeg</href>
</graphic>
<graphtext>
<ptxt>Remove upper en#@#@#47#ket.
</ptxt>
<ptxt/>
<ptxt>Remove the inta#@#@#23#cket.</ptxt>
<ptxt/>
<ptxt>Remove starter #@#@#17#cket.</ptxt>
</graphtext>
</grate>
</procstep>
<procstep id="KC02035166">
<title>Remove:</title>
<grate>
<graphic id="KC08560819" width="column">
<href>0900c8af803f68a#@#@#9#.jpeg</href>
</graphic>
<graphtext>
<list1 type="unordered">
<item>
<ptxt>upper radiator #@#@#23#using</ptxt>
</item>
<item>
<ptxt>radiator hose, #@#@#34#cover</ptxt>
</item>
<item>
<ptxt>lower expansion#@#@#37#ling
</ptxt>
</item>
<item>
<ptxt>auxiliaries belt</ptxt>
</item>
</list1>
<ptxt>Remove the six #@#@#106#ump).</ptxt>
<ptxt/>
<hint>
<ptxt>Allow power ste#@#@#25#ose.
</ptxt>
</hint>
</graphtext>
</grate>
</procstep>
<procstep id="KC02035167">
<title>Remove:</title>
<grate>
<graphic id="KC08560820" width="column">
<href>0900c8af803f691#@#@#9#.jpeg</href>
</graphic>
<graphtext>
<list1 type="unordered">
<item>
<ptxt>the protective #@#@#20#rail
</ptxt>
</item>
<item>
<ptxt>fuel line clip #@#@#9#wer)
</ptxt>
</item>
<item>
<ptxt>fuel rail screws</ptxt>
</item>
<item>
<ptxt>engine ground strips</ptxt>
</item>
</list1>
</graphtext>
</grate>
</procstep>
<procstep id="KC02035168">
<title>Remove the fuel rail</title>
<grate>
<graphic id="KC08560821" width="column">
<href>0900c8af803f691#@#@#9#.jpeg</href>
</graphic>
<graphtext>
<ptxt>Install holder <toolitem id="KC08560822"/> (5 x) on the i#@#@#4#tors.</ptxt>
<ptxt/>
<ptxt>Lift up and put#@#@#34#ide.
</ptxt>
<ptxt/>
<caution>
<ptxt>Take care not t#@#@#43#les.
</ptxt>
</caution>
</graphtext>
</grate>
</procstep>
<procstep id="KC02035169">
<title>Remove the engi#@#@#11#rness</title>
<grate>
<graphic id="KC08560823" width="column">
<href>0900c8af8012df0#@#@#11#.jpeg</href>
</graphic>
<graphtext>
<ptxt>Disconnect all #@#@#22#gine.</ptxt>
<ptxt/>
<hint>
<ptxt>Note all the ca#@#@#27#ions.</ptxt>
</hint>
<ptxt>1. Injectors</ptxt>
<ptxt>2. Temperature #@#@#1#ensor</ptxt>
<ptxt>3. Knock sensor#@#@#1# (KS)</ptxt>
<ptxt>4. Generator (GEN)</ptxt>
<ptxt>5. A/C compressor</ptxt>
<ptxt>6. Engine cooli#@#@#7#(FC).</ptxt>
<ptxt>7. Starter motor</ptxt>
<ptxt>8. Oil pressure#@#@#2#witch</ptxt>
<ptxt>9. Potentiomete#@#@#14#indle</ptxt>
<ptxt>10. Automatics</ptxt>
<ptxt>11. Back-up (re#@#@#8# lamp</ptxt>
<ptxt>12. Vehicle spe#@#@#10#(VSS)</ptxt>
<ptxt>13. Heated oxyg#@#@#12#O2S).</ptxt>
<ptxt>14. Camshaft po#@#@#14#ensor</ptxt>
<ptxt>15. Mass air fl#@#@#10#ensor</ptxt>
<ptxt>16. Engine spee#@#@#9#ensor</ptxt>
<ptxt>17. Ground terminals</ptxt>
</graphtext>
</grate>
</procstep>
<procstep id="KC02035170">
<title>Remove engine w#@#@#11#ssion</title>
<grate>
<graphic id="KC08560824" width="column">
<href>0900c8af8068c33#@#@#9#.jpeg</href>
</graphic>
<graphic id="KC08560825" width="column">
<href>0900c8af8012e18#@#@#9#.jpeg</href>
</graphic>
<graphtext>
<ptxt>Remove spark pl#@#@#33#lets <toolitem id="KC08560826"/> and <toolitem id="KC08560827"/>.</ptxt>
<ptxt/>
<ptxt>Lift power stee#@#@#28#side.</ptxt>
<ptxt/>
<ptxt>Remove air cond#@#@#66#frame</ptxt>
<ptxt/>
<ptxt>Remove engine, #@#@#10#okes <toolitem id="KC08560828"/> and <toolitem id="KC08560829"/>.</ptxt>
<ptxt/>
<ptxt>Adjust lift angle <emph>during</emph> lift.
</ptxt>
<caution>
<ptxt>Check <emph>carefully</emph> that the drive#@#@#51#tra.
</ptxt>
</caution>
</graphtext>
</grate>
</procstep>
</stepgrp>
</procedure>
</servinfosub>