<?xml version="1.0" encoding="UTF-8"?><servinfosub IE-ID="en-US0900c8af880bb301" docno="VCC-454622" id="nev18603144n1" original="sv-SE" servinfosubId="nev18603145n1-nev21996205n1" servinfosubRes="0900c8af880bb35a" servinfosubRes2="urn:x-nevis:fragment:0900c8af880bb301:0900c8af880bb35a#nev21996205n1" xml:lang="en-US">
<operationnumbers>
<operationnumber>31133-3</operationnumber>
</operationnumbers>
<title id="nev18603144n2">High Voltage Sy#@#@#21#ement</title>
<toolitemtable id="nev18603145n1-nev29401319n95">
<table id="nev18603145n1-nev29401319n94">
<tgroup cols="2" id="nev18603145n1-nev29401319n93">
<colspec colname="COLSPEC0" colwidth="1.00*" id="nev18603145n1-nev29401319n92"/>
<colspec colname="COLSPEC1" colwidth="1.00*" id="nev18603145n1-nev29401319n91"/>
<thead id="nev18603145n1-nev29401319n90">
<row id="nev18603145n1-nev29401319n89">
<entry id="nev18603145n1-nev29401319n88" nameend="COLSPEC1" namest="COLSPEC0" valign="top">
<ptxt id="nev18603145n1-nev29401319n87">
<emph id="nev18603145n1-nev29401319n86">Special tools</emph>
</ptxt>
</entry>
</row>
</thead>
<tbody id="nev18603145n1-nev29401319n85">
<row id="nev18603145n1-nev29401319n84">
<entry id="nev18603145n1-nev29401319n83">
<graphic id="nev18603145n1-nev29401319n82">
<href>0900c8af85ba87e#@#@#9#.jpeg</href>
</graphic>
</entry>
<entry id="nev18603145n1-nev29401319n81">
<ptxt id="nev18603145n1-nev29401319n80">
<emph id="nev18603145n1-nev29401319n79">951 3038 Insula#@#@#6#ester</emph>
</ptxt>
<ptxt id="nev18603145n1-nev29401319n77">
<emph id="nev18603145n1-nev29401319n76">Tool number:</emph>951 3038</ptxt>
<ptxt id="nev18603145n1-nev29401319n75">
<emph id="nev18603145n1-nev29401319n74">Tool description:</emph>Insulation tester</ptxt>
<ptxt id="nev18603145n1-nev29401319n72">
<emph id="nev18603145n1-nev29401319n71">Tool boards:</emph>EU99</ptxt>
</entry>
</row>
<row id="nev18603145n1-nev29401319n70">
<entry id="nev18603145n1-nev29401319n69">
<graphic id="nev18603145n1-nev29401319n68">
<href>0900c8af86ede01#@#@#9#.jpeg</href>
</graphic>
</entry>
<entry id="nev18603145n1-nev29401319n67">
<ptxt id="nev18603145n1-nev29401319n66">
<emph id="nev18603145n1-nev29401319n65">951 3094 Test A#@#@#1#apter</emph>
</ptxt>
<ptxt id="nev18603145n1-nev29401319n63">
<emph id="nev18603145n1-nev29401319n62">Tool number:</emph>951 3094</ptxt>
<ptxt id="nev18603145n1-nev29401319n61">
<emph id="nev18603145n1-nev29401319n60">Tool description:</emph>Test Adapter</ptxt>
<ptxt id="nev18603145n1-nev29401319n58">
<emph id="nev18603145n1-nev29401319n57">Tool boards:</emph>EU99</ptxt>
</entry>
</row>
<row id="nev18603145n1-nev29401319n56">
<entry id="nev18603145n1-nev29401319n55">
<graphic id="nev18603145n1-nev29401319n54">
<href>0900c8af86eddf9#@#@#9#.jpeg</href>
</graphic>
</entry>
<entry id="nev18603145n1-nev29401319n53">
<ptxt id="nev18603145n1-nev29401319n52">
<emph id="nev18603145n1-nev29401319n51">951 3093 Test A#@#@#1#apter</emph>
</ptxt>
<ptxt id="nev18603145n1-nev29401319n49">
<emph id="nev18603145n1-nev29401319n48">Tool number:</emph>951 3093</ptxt>
<ptxt id="nev18603145n1-nev29401319n47">
<emph id="nev18603145n1-nev29401319n46">Tool description:</emph>Test Adapter</ptxt>
<ptxt id="nev18603145n1-nev29401319n44">
<emph id="nev18603145n1-nev29401319n43">Tool boards:</emph>EU99</ptxt>
</entry>
</row>
<row id="nev18603145n1-nev29401319n42">
<entry id="nev18603145n1-nev29401319n41">
<graphic id="nev18603145n1-nev29401319n40">
<href>0900c8af86ede01#@#@#9#.jpeg</href>
</graphic>
</entry>
<entry id="nev18603145n1-nev29401319n39">
<ptxt id="nev18603145n1-nev29401319n38">
<emph id="nev18603145n1-nev29401319n37">951 3097 Test A#@#@#1#apter</emph>
</ptxt>
<ptxt id="nev18603145n1-nev29401319n35">
<emph id="nev18603145n1-nev29401319n34">Tool number:</emph>951 3097</ptxt>
<ptxt id="nev18603145n1-nev29401319n33">
<emph id="nev18603145n1-nev29401319n32">Tool description:</emph>Test Adapter</ptxt>
<ptxt id="nev18603145n1-nev29401319n30">
<emph id="nev18603145n1-nev29401319n29">Tool boards:</emph>EU99</ptxt>
</entry>
</row>
<row id="nev18603145n1-nev29401319n28">
<entry id="nev18603145n1-nev29401319n27">
<graphic id="nev18603145n1-nev29401319n26">
<href>0900c8af86ede01#@#@#9#.jpeg</href>
</graphic>
</entry>
<entry id="nev18603145n1-nev29401319n25">
<ptxt id="nev18603145n1-nev29401319n24">
<emph id="nev18603145n1-nev29401319n23">951 3096 Test A#@#@#1#apter</emph>
</ptxt>
<ptxt id="nev18603145n1-nev29401319n21">
<emph id="nev18603145n1-nev29401319n20">Tool number:</emph>951 3096</ptxt>
<ptxt id="nev18603145n1-nev29401319n19">
<emph id="nev18603145n1-nev29401319n18">Tool description:</emph>Test Adapter</ptxt>
<ptxt id="nev18603145n1-nev29401319n16">
<emph id="nev18603145n1-nev29401319n15">Tool boards:</emph>EU99</ptxt>
</entry>
</row>
</tbody>
</tgroup>
</table>
</toolitemtable>
<procedure id="nev18603145n1-nev23690208n84">
<stepgrp boilerplate="false" context="" id="nev18603145n1-nev29401318n36">
<title id="nev18603145n1-0800c8af85beb4c5">Insulation measure</title>
<procstep id="nev18603145n1-nev23994613n84">
<grate id="nev18603145n1-nev29401318n34">
<graphic id="nev18603145n1-nev29401318n35">
<href>0900c8af85c785e#@#@#9#.jpeg</href>
</graphic>
<graphtext id="nev18603145n1-nev29401339n1">
<warning id="nev18603145n1-0800c8af853f26c7">
<ptxt>Only specially #@#@#53#stem.</ptxt>
</warning>
</graphtext>
</grate>
</procstep>
<procstep id="nev18603145n1-nev23690208n3">
<title id="nev18603145n1-0800c8af85beb2b2">Measurement 1</title>
</procstep>
<procstep id="nev18603145n1-nev23994613n80">
<para id="nev18603145n1-nev29401318n32">
<ptxt id="nev18603145n1-nev29401318n33">Perform insulat#@#@#172#ystem</ptxt>
</para>
</procstep>
<procstep id="nev18603145n1-nev23994613n77">
<hint id="nev18603145n1-0800c8af85fc538e">
<ptxt>When a contacto#@#@#71#tery.</ptxt>
</hint>
</procstep>
<procstep id="nev18603145n1-nev27428401n75">
<title id="nev18603145n1-0800c8af8794934e">Charge connecto#@#@#23#CJ04)</title>
</procstep>
<procstep id="nev18603145n1-nev27428401n73">
<grate id="nev18603145n1-nev29401318n30">
<graphic id="nev18603145n1-nev29401318n31">
<href>0900c8af8799699#@#@#9#.jpeg</href>
</graphic>
<graphtext id="nev18603145n1-nev29401343n1">
<note id="nev18603145n1-0800c8af85b47f49">
<ptxt>Orientation view</ptxt>
</note>
</graphtext>
</grate>
</procstep>
<procstep id="nev18603145n1-nev23690315n96">
<title id="nev18603145n1-0800c8af85beb2b6">Measurement 2</title>
</procstep>
<procstep id="nev18603145n1-nev23994613n75">
<grate id="nev18603145n1-nev29401318n28">
<graphic id="nev18603145n1-nev29401318n29">
<href>0900c8af86c491a#@#@#9#.jpeg</href>
</graphic>
</grate>
</procstep>
<procstep id="nev18603145n1-nev23994613n70">
<grate id="nev18603145n1-nev29401318n26">
<graphic id="nev18603145n1-nev29401318n27">
<href>0900c8af86eddab#@#@#9#.jpeg</href>
</graphic>
<graphtext id="nev18603145n1-nev29401350n1">
<note id="nev18603145n1-nev29401318n25">
<ptxt>The function kΩ#@#@#89#step.</ptxt>
</note>
<note id="nev18603145n1-0800c8af85e25d91">
<ptxt>Select the meas#@#@#32#mage.</ptxt>
</note>
<para id="nev18603145n1-nev29401318n23">
<ptxt id="nev18603145n1-nev29401318n24">Connect the mea#@#@#36#mage.</ptxt>
</para>
<para id="nev18603145n1-nev29401318n21">
<ptxt id="nev18603145n1-nev29401318n22">
<toolitem boilerplate="true" id="nev18603145n1-nev23994613n63" imageid="0900c8af85ba87e5"/>
<toolitem boilerplate="false" id="nev18603145n1-nev23994613n62" imageid="0900c8af86ede01d"/>
</ptxt>
</para>
<para id="nev18603145n1-nev29401318n19">
<ptxt id="nev18603145n1-nev29401318n20">Measure the res#@#@#37#al 2.</ptxt>
</para>
</graphtext>
</grate>
</procstep>
<procstep id="nev18603145n1-nev23994613n58">
<title id="nev18603145n1-0800c8af85beb2b8">Measurement 3</title>
</procstep>
<procstep id="nev18603145n1-nev23994613n49">
<grate id="nev18603145n1-nev29401318n17">
<graphic id="nev18603145n1-nev29401318n18">
<href>0900c8af86eddab#@#@#9#.jpeg</href>
</graphic>
<graphtext id="nev18603145n1-nev29401360n1">
<caution id="nev18603145n1-0800c8af85beb34e">
<ptxt>Measure the ins#@#@#14#00 V.</ptxt>
</caution>
<caution id="nev18603145n1-0800c8af8636c8f0">
<ptxt>During insulati#@#@#99#ises.</ptxt>
</caution>
<para id="nev18603145n1-nev29401318n15">
<ptxt id="nev18603145n1-nev29401318n16">
<toolitem boilerplate="true" id="nev18603145n1-nev23994613n43" imageid="0900c8af85ba87e5"/>
<toolitem boilerplate="false" id="nev18603145n1-nev23994613n42" imageid="0900c8af86eddf93"/>
</ptxt>
</para>
<para id="nev18603145n1-nev29401318n13">
<ptxt id="nev18603145n1-nev29401318n14">Measure the ins#@#@#37#al 2.</ptxt>
</para>
</graphtext>
</grate>
</procstep>
<procstep id="nev18603145n1-nev27428401n54">
<title id="nev18603145n1-0800c8af87949350">Charge connecto#@#@#23#CJ02)</title>
</procstep>
<procstep id="nev18603145n1-nev27428424n72">
<grate id="nev18603145n1-nev29401318n11">
<graphic id="nev18603145n1-nev29401318n12">
<href>0900c8af8799699#@#@#9#.jpeg</href>
</graphic>
<graphtext id="nev18603145n1-nev29401370n1">
<note id="nev18603145n1-0800c8af85b47f49">
<ptxt>Orientation view</ptxt>
</note>
</graphtext>
</grate>
</procstep>
<procstep id="nev18603145n1-nev27428424n68">
<title id="nev18603145n1-0800c8af85beb2b6">Measurement 2</title>
</procstep>
<procstep id="nev18603145n1-nev27428424n66">
<grate id="nev18603145n1-nev29401318n9">
<graphic id="nev18603145n1-nev29401318n10">
<href>0900c8af86c491a#@#@#9#.jpeg</href>
</graphic>
</grate>
</procstep>
<procstep id="nev18603145n1-nev27428424n63">
<grate id="nev18603145n1-nev29401318n7">
<graphic id="nev18603145n1-nev29401318n8">
<href>0900c8af86eddd1#@#@#9#.jpeg</href>
</graphic>
<graphtext id="nev18603145n1-nev29401377n1">
<note id="nev18603145n1-nev29401318n6">
<ptxt>The function kΩ#@#@#89#step.</ptxt>
</note>
<note id="nev18603145n1-0800c8af85e25d91">
<ptxt>Select the meas#@#@#32#mage.</ptxt>
</note>
<para id="nev18603145n1-nev29401318n4">
<ptxt id="nev18603145n1-nev29401318n5">Connect the mea#@#@#36#mage.</ptxt>
</para>
<para id="nev18603145n1-nev29401318n2">
<ptxt id="nev18603145n1-nev29401318n3">
<toolitem boilerplate="true" id="nev18603145n1-nev27428442n58" imageid="0900c8af85ba87e5"/>
<toolitem boilerplate="false" id="nev18603145n1-nev27428442n57" imageid="0900c8af86ede01f"/>
</ptxt>
</para>
</graphtext>
</grate>
</procstep>
<procstep id="nev18603145n1-nev27428424n53">
<title id="nev18603145n1-0800c8af85beb2b8">Measurement 3</title>
</procstep>
<procstep id="nev18603145n1-nev27428424n51">
<grate id="nev18603145n1-nev29401319n100">
<graphic id="nev18603145n1-nev29401318n1">
<href>0900c8af86eddab#@#@#9#.jpeg</href>
</graphic>
<graphtext id="nev18603145n1-nev29401387n1">
<caution id="nev18603145n1-0800c8af85beb34e">
<ptxt>Measure the ins#@#@#14#00 V.</ptxt>
</caution>
<caution id="nev18603145n1-0800c8af8636c8f0">
<ptxt>During insulati#@#@#99#ises.</ptxt>
</caution>
<para id="nev18603145n1-nev29401319n98">
<ptxt id="nev18603145n1-nev29401319n99">Measure the ins#@#@#37#al 2.</ptxt>
</para>
<para id="nev18603145n1-nev29401319n96">
<ptxt id="nev18603145n1-nev29401319n97">
<toolitem boilerplate="true" id="nev18603145n1-nev27428442n47" imageid="0900c8af85ba87e5"/>
<toolitem boilerplate="false" id="nev18603145n1-nev27428442n46" imageid="0900c8af86ede01e"/>
</ptxt>
</para>
</graphtext>
</grate>
</procstep>
</stepgrp>
</procedure>
</servinfosub>