<?xml version="1.0" encoding="UTF-8"?><servinfosub IE-ID="en-US0900c8af84f9a308" docno="VCC-417842" id="nev15775709n1" xml:lang="en-US">
<title>
<phrase category="Title" id="nev15775709n2" phrase-urn="urn:x-nevis:phrase:0800c8af81eb9a54">Diagnostic trou#@#@#21#ation</phrase>
<phrase category="Prefix" id="nev15775709n3" phrase-urn="urn:x-nevis:phrase:0800c8af8015c3f5">ECM</phrase>-P056216</title>
<diagnostic j2008use="1" paperuse="1" screenuse="1" type="condition">
<condgrp>
<condition type="condition">
<grate>
<graphic id="nev15775709n4">
<href>0900c8af80054d6#@#@#9#.jpeg</href>
</graphic>
<graphtext>
<para>
<ptxt>
<phrase category="" id="nev15775709n5" phrase-urn="urn:x-nevis:phrase:0800c8af81aa0e92">The engine cont#@#@#58#elay.</phrase>
</ptxt>
<ptxt>
<phrase category="" id="nev15775709n6" phrase-urn="urn:x-nevis:phrase:0800c8af81aa0e93">The diagnostic #@#@#136#alue.</phrase>
</ptxt>
<ptxt>
<phrase category="Condition" id="nev15775709n7" phrase-urn="urn:x-nevis:phrase:0800c8af81eb8e69">The diagnostic #@#@#65#rted.</phrase>
</ptxt>
</para>
</graphtext>
</grate>
</condition>
</condgrp>
<condgrp>
<condition type="substitution">
<list1 enumtype="d" type="unordered">
<item>
<ptxt>
<phrase category="" id="nev15775709n8" phrase-urn="urn:x-nevis:phrase:0800c8af81aa0e95">None.</phrase>
</ptxt>
</item>
</list1>
</condition>
<ps>
<list1 enumtype="d" type="unordered">
<item>
<ptxt>
<phrase category="" id="nev15775709n9" phrase-urn="urn:x-nevis:phrase:0800c8af81aa0e96">Faulty charging#@#@#2#ystem</phrase>
</ptxt>
</item>
<item>
<ptxt>
<phrase category="" id="nev15775709n10" phrase-urn="urn:x-nevis:phrase:0800c8af81aa0e97">Damaged battery.</phrase>
</ptxt>
</item>
</list1>
</ps>
</condgrp>
<condgrp>
<condition type="symptom">
<list1 enumtype="d" type="unordered">
<item>
<ptxt>
<phrase category="Symptom CSC" id="nev15775710n1" phrase-urn="urn:x-nevis:phrase:0800c8af8388f05b">BJ, Starting/En#@#@#39#times</phrase>
</ptxt>
</item>
</list1>
</condition>
</condgrp>
</diagnostic>
</servinfosub>