<?xml version="1.0" encoding="UTF-8"?><servinfosub IE-ID="en-US0900c8af823db308" docno="VCC-165305" id="KC08846464" xml:lang="en-US">
<title>
<phrase category="" id="KC09020774" phrase-urn="urn:x-nevis:phrase:0800c8af823db309">Diagnostic trou#@#@#30#-6880</phrase>
</title>
<diagnostic j2008use="1" paperuse="1" screenuse="1" type="condition">
<condgrp>
<condition type="condition">
<grate>
<graphic id="KC09020775">
<href>0900c8af8204a3c#@#@#9#.jpeg</href>
</graphic>
<graphtext>
<ptxt>
<phrase category="" id="KC09020776" phrase-urn="urn:x-nevis:phrase:0800c8af823db30a">The engine cont#@#@#70#tion.</phrase>
</ptxt>
<ptxt>
<phrase category="" id="KC09020777" phrase-urn="urn:x-nevis:phrase:0800c8af823db30b">If the engine c#@#@#161#ted. </phrase>
</ptxt>
<ptxt>
<phrase category="" id="KC09020778" phrase-urn="urn:x-nevis:phrase:0800c8af823db30c">The diagnostic #@#@#49#s on.</phrase>
</ptxt>
</graphtext>
</grate>
</condition>
</condgrp>
<condgrp>
<condition type="substitution">
<list1 enumtype="d" type="unordered">
<item>
<ptxt>
<phrase category="" id="KC09020779" phrase-urn="urn:x-nevis:phrase:0800c8af823db30d">Nothing.</phrase>
</ptxt>
</item>
</list1>
</condition>
<ps>
<list1 enumtype="d" type="unordered">
<item>
<ptxt>
<phrase category="" id="KC09020780" phrase-urn="urn:x-nevis:phrase:0800c8af823db30e">The signal cabl#@#@#26#ound.</phrase>
</ptxt>
</item>
<item>
<ptxt>
<phrase category="" id="KC09020781" phrase-urn="urn:x-nevis:phrase:0800c8af823db30f">Damaged by-pass#@#@#2#alve.</phrase>
</ptxt>
</item>
</list1>
</ps>
</condgrp>
<condgrp>
<condition type="symptom">
<list1 enumtype="d" type="unordered">
<item>
<ptxt>
<phrase category="" id="KC09020782" phrase-urn="urn:x-nevis:phrase:0800c8af823db310">Nothing.</phrase>
</ptxt>
</item>
</list1>
</condition>
</condgrp>
</diagnostic>
</servinfosub>