<?xml version="1.0" encoding="UTF-8"?><servinfosub IE-ID="en-US0900c8af8013c308" docno="VCC-135494" id="KC01271832" xml:lang="en-US">
<title>Installation ki#@#@#28#layer</title>
<procedure>
<procstep>
<title/>
<grate>
<graphic id="KC08978938" width="column">
<href>0900c8af8005714#@#@#11#.jpeg</href>
</graphic>
<graphtext>
<list1 enumtype="d" type="unordered">
<item>
<ptxt>Turn the igniti#@#@#15#ion 0</ptxt>
</item>
<item>
<ptxt>Cars with manua#@#@#37#key. </ptxt>
</item>
</list1>
<note>
<ptxt>Wait at least f#@#@#82#ment.</ptxt>
</note>
<list1 enumtype="d" type="unordered">
<item>
<ptxt>Disconnect the #@#@#17#lead.</ptxt>
</item>
</list1>
</graphtext>
</grate>
</procstep>
<procstep id="KC01271833">
<title/>
<grate>
<title>Applies to S60,#@#@#13#d S80</title>
<graphic id="KC08978939" width="column">
<href>0900c8af8005c5f#@#@#11#.jpeg</href>
</graphic>
<graphtext>
<list1 enumtype="d" type="unordered">
<item>
<ptxt>Remove the tran#@#@#36#sole.</ptxt>
</item>
</list1>
</graphtext>
</grate>
</procstep>
<procstep id="KC01271834">
<title/>
<grate>
<title>Applies to S60 #@#@#9#00-) </title>
<graphic id="KC08978940" width="column">
<href>0900c8af8005c43#@#@#11#.jpeg</href>
</graphic>
<graphtext>
<list1 enumtype="d" type="unordered">
<item>
<ptxt>Move the gear s#@#@#33#ible </ptxt>
</item>
<item>
<ptxt>Remove the pane#@#@#78#tool.</ptxt>
</item>
</list1>
</graphtext>
</grate>
</procstep>
<procstep id="KC01271835">
<title/>
<grate>
<title>Applies to S60 #@#@#9#00-) </title>
<graphic id="KC08978941" width="column">
<href>0900c8af8005b88#@#@#11#.jpeg</href>
</graphic>
<graphtext>
<list1 enumtype="d" type="unordered">
<item>
<ptxt>Detach the pane#@#@#130#edge.</ptxt>
</item>
</list1>
</graphtext>
</grate>
</procstep>
<procstep id="KC01271836">
<title/>
<grate>
<title>Applies to S60 #@#@#9#00-) </title>
<graphic id="KC08978942" width="column">
<href>0900c8af8005c43#@#@#11#.jpeg</href>
</graphic>
<graphtext>
<list1 enumtype="d" type="unordered">
<item>
<ptxt>Remove the two #@#@#37#anel.</ptxt>
</item>
</list1>
</graphtext>
</grate>
</procstep>
<procstep id="KC01271837">
<title/>
<grate>
<title>Applies to the S80 </title>
<graphic id="KC08978943" width="column">
<href>0900c8af8005c5d#@#@#11#.jpeg</href>
</graphic>
<graphtext>
<list1 enumtype="d" type="unordered">
<item>
<ptxt>Remove the pane#@#@#75#tool.</ptxt>
</item>
</list1>
</graphtext>
</grate>
</procstep>
<procstep id="KC01271838">
<title/>
<grate>
<title>Applies to the S80 </title>
<graphic id="KC08978944" width="column">
<href>0900c8af8005c60#@#@#11#.jpeg</href>
</graphic>
<graphtext>
<list1 enumtype="d" type="unordered">
<item>
<ptxt>Shift the gear #@#@#80# left</ptxt>
</item>
<item>
<ptxt>Remove the scre#@#@#39#anel.</ptxt>
</item>
</list1>
</graphtext>
</grate>
</procstep>
<procstep id="KC01271839">
<title/>
<grate>
<title>Applies to all #@#@#2#dels </title>
<graphic id="KC08978945" width="column">
<href>0900c8af8005c43#@#@#11#.jpeg</href>
</graphic>
<graphtext>
<list1 enumtype="d" type="unordered">
<item>
<ptxt>Angle the dashb#@#@#154#panel</ptxt>
</item>
<item>
<ptxt>Pull the dashbo#@#@#171#panel</ptxt>
</item>
<item>
<ptxt>Disconnect the #@#@#67#side.</ptxt>
</item>
</list1>
</graphtext>
</grate>
</procstep>
<procstep id="KC01271840">
<title/>
<grate>
<title>Applies to all #@#@#1#odels</title>
<graphic id="KC08978946" width="column">
<href>0900c8af8005c5d#@#@#11#.jpeg</href>
</graphic>
<graphtext>
<list1 enumtype="d" type="unordered">
<item>
<ptxt>Remove the scre#@#@#32#radio</ptxt>
</item>
<item>
<ptxt>Remove the brac#@#@#53#cker.</ptxt>
</item>
</list1>
</graphtext>
</grate>
</procstep>
<procstep>
<title/>
<grate>
<title>Applies to all #@#@#1#odels</title>
<graphic id="KC08978947" width="column">
<href>0900c8af8005c5a#@#@#11#.jpeg</href>
</graphic>
<graphtext>
<list1 enumtype="d" type="unordered">
<item>
<ptxt>Remove the exis#@#@#158#cket.</ptxt>
</item>
</list1>
</graphtext>
</grate>
</procstep>
<procstep>
<title/>
<grate>
<title>Applies to all #@#@#1#odels</title>
<graphic id="KC08978948" width="column">
<href>0900c8af80058f6#@#@#11#.jpeg</href>
</graphic>
<graphtext>
<list1 enumtype="d" type="unordered">
<item>
<ptxt>Install the rad#@#@#79#hers.</ptxt>
</item>
</list1>
</graphtext>
</grate>
</procstep>
<procstep>
<title/>
<grate>
<title>Applies to all #@#@#1#odels</title>
<graphic id="KC08978949" width="column">
<href>0900c8af8005c63#@#@#11#.jpeg</href>
</graphic>
<graphtext>
<list1 enumtype="d" type="unordered">
<item>
<ptxt>Reinstall the c#@#@#194#adio.</ptxt>
</item>
</list1>
</graphtext>
</grate>
</procstep>
<procstep>
<title/>
<grate>
<title>Applies to all #@#@#1#odels</title>
<graphic id="KC08978950" width="column">
<href>0900c8af8005b64#@#@#11#.jpeg</href>
</graphic>
<graphtext>
<list1 enumtype="d" type="unordered">
<item>
<ptxt>Slide the radio#@#@#43#radio</ptxt>
</item>
<item>
<ptxt>Connect the con#@#@#65#units</ptxt>
</item>
<item>
<ptxt>Insert the radi#@#@#11#t out</ptxt>
</item>
<item>
<ptxt>Slide the radio#@#@#194#t out</ptxt>
</item>
<item>
<ptxt>Install the scr#@#@#32#ten. </ptxt>
</item>
</list1>
</graphtext>
</grate>
</procstep>
<procstep>
<title/>
<list1 enumtype="d" type="unordered">
<title>Applies to all #@#@#1#odels</title>
<item>
<ptxt>Connect the con#@#@#80#panel</ptxt>
</item>
<item>
<ptxt>Reinstall the p#@#@#105#ever.</ptxt>
</item>
</list1>
</procstep>
<procstep>
<title/>
<grate>
<title>Applies to cars#@#@#42#alled</title>
<graphic id="KC08978951" width="column">
<href>0900c8af80058b5#@#@#11#.jpeg</href>
</graphic>
<graphtext>
<list1 enumtype="d" type="unordered">
<item>
<ptxt>Remove the cove#@#@#55#board</ptxt>
</item>
<item>
<ptxt>Install a 5A fu#@#@#51#o. 16</ptxt>
</item>
<item>
<ptxt>Reinstall the f#@#@#12#over.</ptxt>
</item>
</list1>
</graphtext>
</grate>
</procstep>
<procstep>
<title/>
<grate>
<graphic id="KC08978952" width="column">
<href>0900c8af8005714#@#@#10#.jpeg</href>
</graphic>
<graphtext>
<list1 enumtype="d" type="unordered">
<item>
<ptxt>Turn the igniti#@#@#16#on II</ptxt>
</item>
<item>
<ptxt>Reconnect the b#@#@#15# lead</ptxt>
</item>
<item>
<ptxt>Program the sof#@#@#46#VIDA.</ptxt>
</item>
</list1>
</graphtext>
</grate>
</procstep>
</procedure>
</servinfosub>