<?xml version="1.0" encoding="UTF-8"?><diagnostic IE-ID="en-US0900c8af804c9a0a" docno="VCC-125895" id="KC01606774" type="test" xml:lang="en-US">
<testgrp IE-ID="en-US0900c8af804c9a0a_KC01676134" id="KC01676134" j2008use="1" paperuse="1" resumable="1" screenuse="1" testgrp-id="verifnode" x="160" y="120">
<title>
<phrase category="" id="KC07828401" phrase-urn="urn:x-nevis:phrase:0800c8af81bda616">Verification</phrase>
</title>
<node>
<test1>
<hint>
<ptxt>
<phrase category="" id="KC07828402" phrase-urn="urn:x-nevis:phrase:0800c8af81bda617">After carrying #@#@#50#died.</phrase>
</ptxt>
</hint>
<diaglist>
<dgraphic>
<dgraphic1>
<graphic id="KC07828403">
<href>0900c8af80054d5#@#@#9#.jpeg</href>
</graphic>
</dgraphic1>
<dgraphic2>
<graphic id="KC07828404">
<href>0900c8af80054d7#@#@#9#.jpeg</href>
</graphic>
</dgraphic2>
</dgraphic>
<ditem>
<ptxt>
<phrase category="" id="KC07828405" phrase-urn="urn:x-nevis:phrase:0800c8af81bda618">Ignition off</phrase>
</ptxt>
</ditem>
<ditem>
<ptxt>
<phrase category="" id="KC07828406" phrase-urn="urn:x-nevis:phrase:0800c8af81bda619">Wait at least 9#@#@#4#conds</phrase>
</ptxt>
</ditem>
<ditem>
<ptxt>
<phrase category="" id="KC07828407" phrase-urn="urn:x-nevis:phrase:0800c8af81bda61a">Reconnect the c#@#@#31# etc.</phrase>
</ptxt>
</ditem>
<ditem>
<ptxt>
<phrase category="" id="KC07828408" phrase-urn="urn:x-nevis:phrase:0800c8af81bda61b">Ignition on</phrase>
</ptxt>
</ditem>
<ditem>
<ptxt>
<phrase category="" id="KC07828409" phrase-urn="urn:x-nevis:phrase:0800c8af81bda61c">Gear selector i#@#@#7#ion P</phrase>
</ptxt>
</ditem>
<ditem>
<ptxt>
<phrase category="" id="KC07828410" phrase-urn="urn:x-nevis:phrase:0800c8af81bda61d">Activate soleno#@#@#1#d S1.</phrase>
</ptxt>
</ditem>
</diaglist>
<test2>
<ptxt>
<phrase category="" id="KC07828411" phrase-urn="urn:x-nevis:phrase:0800c8af81bda61e">The value must #@#@#21#d ON.</phrase>
</ptxt>
<diaglist>
<dgraphic>
<dgraphic2>
<graphic id="KC07828412">
<href>0900c8af86c8681#@#@#9#.jpeg</href>
</graphic>
<smarttool active="press" id="KC07828413" toolname="XTCMA606"/>
</dgraphic2>
</dgraphic>
<ditem>
<ditemtext>
<ptxt>
<phrase category="" id="KC07828414" phrase-urn="urn:x-nevis:phrase:0800c8af81bda61f"/>
</ptxt>
</ditemtext>
</ditem>
</diaglist>
</test2>
</test1>
<question>Does the value #@#@#2#ange?</question>
<resact-grp>
<result button="yes" comp="button" highlight="0"/>
<action j2008use="1" paperuse="1" screenuse="1">
<return value="VERIFIED"/>
</action>
</resact-grp>
<resact-grp>
<result button="no" comp="button" highlight="0"/>
<action j2008use="1" paperuse="0" screenuse="1">
<return value="VERIFICATION FAILED"/>
</action>
<action j2008use="0" paperuse="1" screenuse="0">
<return value="PAPER"/>
</action>
</resact-grp>
</node>
</testgrp>
</diagnostic>