<?xml version="1.0" encoding="UTF-8"?><servinfosub IE-ID="en-US0900c8af8404ba0a" docno="VCC-164105" id="KC08797733" xml:lang="en-US">
<title>
<phrase category="Title" id="nev10733331n1" phrase-urn="urn:x-nevis:phrase:0800c8af81eb9a54">Diagnostic trou#@#@#21#ation</phrase>
<phrase category="Prefix" id="nev10733332n1" phrase-urn="urn:x-nevis:phrase:0800c8af8015c466">DEM</phrase>-P188974</title>
<diagnostic j2008use="1" paperuse="1" screenuse="1" type="condition">
<condgrp>
<condition type="condition">
<grate>
<graphic id="l1187080667119">
<href>0900c8af8005b96#@#@#9#.jpeg</href>
</graphic>
<graphtext>
<para>
<ptxt>
<phrase category="Condition" id="nev13066453n1" phrase-urn="urn:x-nevis:phrase:0800c8af8404ba16">The Differentia#@#@#95#nsor.</phrase>
</ptxt>
</para>
<para>
<ptxt>
<phrase category="Condition" id="nev13066454n1" phrase-urn="urn:x-nevis:phrase:0800c8af8404ba20">When the engine#@#@#89#pump.</phrase>
</ptxt>
</para>
<para>
<ptxt>
<phrase category="Condition" id="nev13066455n1" phrase-urn="urn:x-nevis:phrase:0800c8af82c4843c">The diagnostic #@#@#59#that:</phrase>
</ptxt>
</para>
<list1 id="nev13066449n95">
<item id="nev13066449n94">
<ptxt id="nev13066449n93">
<phrase category="Condition" id="nev13066459n1" phrase-urn="urn:x-nevis:phrase:0800c8af8404ba2c">Initial pressur#@#@#28#utes.</phrase>
</ptxt>
</item>
</list1>
<para id="nev13066449n90">
<ptxt id="nev13066449n89">
<phrase category="Condition" id="nev13066460n1" phrase-urn="urn:x-nevis:phrase:0800c8af82c479d6">The control mod#@#@#67#t of:</phrase>
</ptxt>
</para>
<list1 id="nev13066449n87">
<item id="nev13066449n86">
<ptxt id="nev13066449n85">
<phrase category="Condition" id="nev13066462n1" phrase-urn="urn:x-nevis:phrase:0800c8af82c479d9">Engine speed (R#@#@#19# rpm.</phrase>
</ptxt>
</item>
</list1>
</graphtext>
</grate>
</condition>
</condgrp>
<condgrp>
<condition type="substitution">
<list1 enumtype="d" type="unordered">
<item>
<ptxt>
<phrase category="" id="KC08797742" phrase-urn="urn:x-nevis:phrase:0800c8af81ffc100">Four wheel driv#@#@#11#aged.</phrase>
</ptxt>
</item>
</list1>
</condition>
<ps>
<list1 enumtype="d" type="unordered">
<item>
<ptxt>
<phrase category="Possible source" id="nev13066909n1" phrase-urn="urn:x-nevis:phrase:0800c8af81eabab4">Pressure sensor#@#@#15#ning.</phrase>
</ptxt>
</item>
<item>
<ptxt>
<phrase category="Possible source" id="nev13066910n1" phrase-urn="urn:x-nevis:phrase:0800c8af81eabb4a">Damaged feed pump.</phrase>
</ptxt>
</item>
<item>
<ptxt>
<phrase category="Possible source" id="nev13066464n1" phrase-urn="urn:x-nevis:phrase:0800c8af8404ba36">Too low oil vol#@#@#9#utch.</phrase>
</ptxt>
</item>
<item>
<ptxt>
<phrase category="Possible source" id="nev13066465n1" phrase-urn="urn:x-nevis:phrase:0800c8af8404ba37">Internal leak i#@#@#8#utch.</phrase>
</ptxt>
</item>
</list1>
</ps>
</condgrp>
<condgrp>
<condition type="symptom">
<list1 enumtype="d" type="unordered">
<item>
<ptxt>
<phrase category="" id="KC08797747" phrase-urn="urn:x-nevis:phrase:0800c8af81ffc105">Four wheel driv#@#@#16#ning.</phrase>
</ptxt>
</item>
</list1>
</condition>
</condgrp>
</diagnostic>
</servinfosub>