<?xml version="1.0" encoding="UTF-8"?><servinfosub IE-ID="en-US0900c8af8497da0a" docno="VCC-396324" id="nev14626811n1" xml:lang="en-US">
<title>
<phrase category="Title" id="nev14626811n2" phrase-urn="urn:x-nevis:phrase:0800c8af81eb9a54">Diagnostic trou#@#@#21#ation</phrase>
</title>
<diagnostic j2008use="1" paperuse="1" screenuse="1" type="condition">
<condgrp>
<condition type="condition">
<grate>
<graphic id="nev14626811n3">
<href>0900c8af81d9ad7#@#@#9#.jpeg</href>
</graphic>
<graphtext>
<ptxt>
<phrase category="Condition" id="nev14626818n1" phrase-urn="urn:x-nevis:phrase:0800c8af8497deb2">Engine control #@#@#107#nsor.</phrase>
<phrase category="Condition" id="nev14626811n5" phrase-urn="urn:x-nevis:phrase:0800c8af84950c92">This is done to#@#@#93#nsor.</phrase>
</ptxt>
<hint id="nev14626816n100">
<ptxt id="nev14626816n99">
<phrase category="" id="nev14626817n1" phrase-urn="urn:x-nevis:phrase:0800c8af823e5fcd">The engine cyli#@#@#63#heel.</phrase>
</ptxt>
</hint>
<para id="nev14626811n9">
<ptxt id="nev14626811n10">
<phrase category="Condition" id="nev14626812n1" phrase-urn="urn:x-nevis:phrase:0800c8af82c4843c">The diagnostic #@#@#59#that:</phrase>
</ptxt>
</para>
<list1 id="nev14626812n2">
<item id="nev14626812n3">
<ptxt id="nev14626812n4">
<phrase category="Condition" id="nev14629721n1" phrase-urn="urn:x-nevis:phrase:0800c8af8497f7fe">Impedance in he#@#@#23#.1 Ω.</phrase>
</ptxt>
</item>
</list1>
<ptxt>
<phrase category="Condition" id="nev14626812n6" phrase-urn="urn:x-nevis:phrase:0800c8af82c479d6">The control mod#@#@#67#t of:</phrase>
</ptxt>
<list1 id="nev14626812n7">
<item id="nev14626812n8">
<ptxt id="nev14626812n9">
<phrase category="Faulttracing" id="nev14626812n10" phrase-urn="urn:x-nevis:phrase:0800c8af8478ee8f">Ignition positi#@#@#19#ning.</phrase>
</ptxt>
</item>
</list1>
</graphtext>
</grate>
</condition>
</condgrp>
<condgrp>
<condition type="substitution">
<list1 enumtype="d" type="unordered">
<item>
<ptxt>
<phrase category="Substitution" id="nev14626813n1" phrase-urn="urn:x-nevis:phrase:0800c8af81eb9984">None.</phrase>
</ptxt>
</item>
</list1>
</condition>
<ps>
<list1 enumtype="d" type="unordered">
<item>
<ptxt>
<phrase category="Possible source" id="nev14626813n2" phrase-urn="urn:x-nevis:phrase:0800c8af81eb9604">Contact resista#@#@#29#nals.</phrase>
</ptxt>
</item>
<item>
<ptxt>
<phrase category="Possible source" id="nev14626819n1" phrase-urn="urn:x-nevis:phrase:0800c8af81eaba45">Damaged center #@#@#23#O2S).</phrase>
</ptxt>
</item>
</list1>
</ps>
</condgrp>
<condgrp>
<condition type="symptom">
<list1 enumtype="d" type="unordered">
<item>
<ptxt>
<phrase category="" id="nev14626813n4" phrase-urn="urn:x-nevis:phrase:0800c8af823e5fd5">Malfunction ind#@#@#17# lit.</phrase>
</ptxt>
</item>
</list1>
</condition>
</condgrp>
</diagnostic>
</servinfosub>