<?xml version="1.0" encoding="UTF-8"?><servinfosub IE-ID="en-US0900c8af80533a0a" docno="VCC-131242" id="KC01620445" xml:lang="en-US">
<title>
<phrase category="" id="KC07535999" phrase-urn="urn:x-nevis:phrase:0800c8af81b952a8">Diagnostic trou#@#@#15#ation</phrase>
</title>
<diagnostic type="condition">
<condgrp>
<condition type="condition">
<grate>
<graphic id="KC07536000" width="column">
<href>0900c8af8012247#@#@#9#.jpeg</href>
</graphic>
<graphtext>
<para>
<ptxt>
<phrase category="" id="KC07536001" phrase-urn="urn:x-nevis:phrase:0800c8af81b952a9">If the control #@#@#132# set.</phrase>
</ptxt>
</para>
<hint>
<ptxt>
<phrase category="" id="KC07536002" phrase-urn="urn:x-nevis:phrase:0800c8af81b952aa">This diagnostic#@#@#60#stem.</phrase>
</ptxt>
</hint>
</graphtext>
</grate>
</condition>
</condgrp>
<condgrp>
<condition type="substitution">
<list1 enumtype="d" type="unordered">
<item>
<ptxt>
<phrase category="" id="KC07536003" phrase-urn="urn:x-nevis:phrase:0800c8af81b952ab">Fuel pump (low #@#@#62# MPa.</phrase>
</ptxt>
</item>
<item>
<ptxt>
<phrase category="" id="KC07536004" phrase-urn="urn:x-nevis:phrase:0800c8af81b952ac">No combustion i#@#@#28#tion.</phrase>
</ptxt>
</item>
</list1>
</condition>
<ps>
<list1 enumtype="d" type="unordered">
<title>
<phrase category="" id="KC07536005" phrase-urn="urn:x-nevis:phrase:0800c8af81b952ad">Faulty signal:</phrase>
</title>
<item>
<ptxt>
<phrase category="" id="KC07536006" phrase-urn="urn:x-nevis:phrase:0800c8af81b952ae">Contact resista#@#@#17#tors.</phrase>
</ptxt>
</item>
<item>
<ptxt>
<phrase category="" id="KC07536007" phrase-urn="urn:x-nevis:phrase:0800c8af81b952af">Signal wire ope#@#@#50#ound.</phrase>
</ptxt>
</item>
<item>
<ptxt>
<phrase category="" id="KC07536008" phrase-urn="urn:x-nevis:phrase:0800c8af81b952b0">Ground wire ope#@#@#40#pply.</phrase>
</ptxt>
</item>
<item>
<ptxt>
<phrase category="" id="KC07536009" phrase-urn="urn:x-nevis:phrase:0800c8af81b952b1">Power supply wi#@#@#56#ound.</phrase>
</ptxt>
</item>
<item>
<ptxt>
<phrase category="" id="KC07536010" phrase-urn="urn:x-nevis:phrase:0800c8af81b952b2">Faulty fuel pre#@#@#8#nsor.</phrase>
</ptxt>
</item>
<item>
<ptxt>
<phrase category="" id="KC07536011" phrase-urn="urn:x-nevis:phrase:0800c8af81b952b3">Faulty fuel pre#@#@#1#sure.</phrase>
</ptxt>
</item>
</list1>
</ps>
</condgrp>
<condgrp>
<condition type="symptom">
<list1 enumtype="d" type="unordered">
<item>
<ptxt>
<phrase category="" id="KC07536012" phrase-urn="urn:x-nevis:phrase:0800c8af81b952b4">Malfunction ind#@#@#13#is on</phrase>
</ptxt>
</item>
<item>
<ptxt>
<phrase category="" id="KC07536013" phrase-urn="urn:x-nevis:phrase:0800c8af81b952b5">Engine does not#@#@#2#tart.</phrase>
</ptxt>
</item>
<item>
<ptxt>
<phrase category="" id="KC07536014" phrase-urn="urn:x-nevis:phrase:0800c8af81b952b6">Engine misfiring.</phrase>
</ptxt>
</item>
</list1>
</condition>
</condgrp>
</diagnostic>
</servinfosub>