<?xml version="1.0" encoding="UTF-8"?><script xmlns:nevis="http://www.volvocars.com/namespaces/processing" xmlns:xlink="http://www.w3.org/1999/xlink" IE-ID="en-US0900c8af872db215" docno="VCC-492800" id="nev24819820n1" nevis:expl-profile="mdl256yr2016, mdl234yr2017, mdl235yr2017, mdl256yr2017" nevis:profile="urn:x-nevis:profile:0b00c8af858c2577 urn:x-nevis:profile:0b00c8af86dd9c00 urn:x-nevis:profile:0b00c8af86dd9c01 urn:x-nevis:profile:0b00c8af86eeb1e9" nevis:projectdocument="urn:x-nevis:projectdocument:0800c8af872db1a8" nevis:resource="0900c8af872f29c1" nevis:resource2="urn:x-nevis:fragment:0900c8af872db215:0900c8af872f29c1#nev24819820n1" nevis:session-id="" qualifierinfotype="14:06" xml:lang="en-US"><title id="nev24819820n2"><phrase category="Title" id="nev24832907n1" phrase-urn="urn:x-nevis:phrase:0800c8af86f03262">Component test:</phrase><phrase category="Title" id="nev24832908n1" phrase-urn="urn:x-nevis:phrase:0800c8af872f2944">Central locking#@#@#14#doors</phrase></title><content id="nev24819820n4-nev24819821n1" nevis:expl-profile="mdl256yr2016, mdl234yr2017, mdl235yr2017, mdl256yr2017" nevis:idfrom="nev24819820n4" nevis:prefix="nev24819820n4" nevis:profile="urn:x-nevis:profile:0b00c8af858c2577 urn:x-nevis:profile:0b00c8af86dd9c00 urn:x-nevis:profile:0b00c8af86dd9c01 urn:x-nevis:profile:0b00c8af86eeb1e9" nevis:resource="0900c8af872f29c3" nevis:resource2="urn:x-nevis:fragment:0900c8af872db215:0900c8af872f29c3#nev24819821n1" xml:lang="en-US"><nodes id="nev24819820n4-nev24819821n2"/><SpaScript Id="4b7159da-98df-4230-98ef-12e4c5278aab" Name="Component test: Central locking switch, rear doors " Type="FaultTracing" id="nev24819820n4-nev24832909n1"><Module Annotation="First we run the generic component test module.&#xD;&#xA;After that you can put your individual&#xD;&#xA;component tests..." IsEventHandler="false" Name="Main" id="nev24819820n4-nev24832910n1"><Variable Id="test_remove" Scope="Local" Type="InfoDisplay" id="nev24819820n4-nev24832911n1"><Value Type="InfoDisplayVariable" id="nev24819820n4-nev24832912n1"><infoDisplay id="nev24819820n4-nev24819821n7"><title id="nev24819820n4-nev24819821n8"><freeText id="nev24819820n4-nev24819821n9">Test Test Test</freeText></title><para id="nev24819820n4-nev24819821n10"><freeText id="nev24819820n4-nev24819822n1">Detta är den ge#@#@#45#p... </freeText></para><para id="nev24819820n4-nev24819822n2"><freeText id="nev24819820n4-nev24819822n3">Denna text visa#@#@#42#erats</freeText></para></infoDisplay></Value></Variable><Variable Id="Input" Scope="Input" Type="FaultTracing.Input" id="nev24819820n4-nev24832913n1"/><Component Annotation="Generic test to inform about the DTC condition for faulttracing this cmponent." ComponentId="CallModule_GenericComponentTest" id="nev24819820n4-nev24832914n1"><CallModule id="nev24819820n4-nev24832915n1"><Input Module="GenericComponentTest" id="nev24819820n4-nev24832916n1"><Arg Value="{Input}" id="nev24819820n4-nev24832917n1"/></Input></CallModule></Component><Component ComponentId="RunScript1" id="nev24819820n4-nev24832918n1"><RunScript id="nev24819820n4-nev24832919n1"><Input id="nev24819820n4-nev24832920n1"><NevisLink ProjectDocumentId="0800c8af872db227" VCCNumber="VCC-492802-1" VariantId="0900c8af872db232" id="nev24819820n4-nev24832921n1"/><Contract id="nev24819820n4-nev24832922n1"/><Arguments id="nev24819820n4-nev24832923n1"/><NevisXRef id="nev24819820n4-nev24821468n1"><ref id="nev24819820n4-nev24821452n1"><locator xlink:href="#nev24819820n4-nev24821452n1" xlink:type="locator"/><locator xlink:href="urn:x-nevis:xref:0800c8af872db227:00000000:00000000#nev24820075n1" xlink:type="locator"/><arc nevis:href="urn:x-nevis:xref:0800c8af872db227:00000000:00000000#nev24820075n1" xlink:title="VCC-492802, Central locking switch, rear doors" xlink:type="arc"/></ref></NevisXRef></Input></RunScript></Component></Module><Module IsEventHandler="false" Name="Final" id="nev24819820n4-nev24832927n1"/><Module Annotation="Do not touch!" IsEventHandler="false" Name="GenericComponentTest" id="nev24819820n4-nev24832928n1"><Variable Id="InfoDisplayFromGenericLogic" Scope="Local" Type="InfoDisplay" id="nev24819820n4-nev24832929n1"><Value Type="InfoDisplayVariable" id="nev24819820n4-nev24832930n1"><infoDisplay id="nev24819820n4-nev24819824n1"/></Value></Variable><Variable Id="DTCs" Scope="Input" Type="List[String]" id="nev24819820n4-nev24832931n1"/><Component ComponentId="Logger_running_generic" id="nev24819820n4-nev24832932n1"><Logger id="nev24819820n4-nev24832933n1"><Input Text="Running module GenericComponenttest in component test 14:06..........   --- Version: 2015-01-23," id="nev24819820n4-nev24832934n1"/></Logger></Component><Component Annotation="Run the Generic Logic 14:00" ComponentId="RunScript_generic_logic" id="nev24819820n4-nev24832935n1"><RunScript id="nev24819820n4-nev24832936n1"><Input id="nev24819820n4-nev24832937n1"><NevisLink ProjectDocumentId="0800c8af86b6bb5c" VCCNumber="VCC-479232-1" VariantId="0900c8af86b6bb6b" id="nev24819820n4-nev24832938n1"/><Contract id="nev24819820n4-nev24832939n1"><InputVariable Name="DTC_input_data" Type="FaultTracing.Input" id="nev24819820n4-nev24832940n1"/><OutputVariable Name="Error" Type="Double" id="nev24819820n4-nev24832941n1"/><OutputVariable Name="ReturnInfoDisplay" Type="InfoDisplay" id="nev24819820n4-nev24832942n1"/><OutputVariable Name="Only_UC_since_LC" Type="Double" id="nev24819820n4-nev24832943n1"/><OutputVariable Name="TF_since_LC_TestPassedNow" Type="Double" id="nev24819820n4-nev24832944n1"/><OutputVariable Name="TF_since_LC_TestNotRunning" Type="Double" id="nev24819820n4-nev24832945n1"/><OutputVariable Name="TF_since_LC_and_UC_this_OC" Type="Double" id="nev24819820n4-nev24832946n1"/><OutputVariable Name="FaultFreeComponent" Type="Double" id="nev24819820n4-nev24832947n1"/></Contract><Arguments InputValue1="{DTCs}" id="nev24819820n4-nev24832948n1"/><NevisXRef id="nev24819820n4-nev24819825n10"><ref id="nev24819820n4-nev24819826n1"><locator xlink:href="#nev24819820n4-nev24819826n1" xlink:type="locator"/><locator xlink:href="urn:x-nevis:xref:0800c8af86b6bb5c:00000000:00000000#nev22873702n1" xlink:type="locator"/><arc nevis:href="urn:x-nevis:xref:0800c8af86b6bb5c:00000000:00000000#nev22873702n1" xlink:title="VCC-479232, Generic logic for component test" xlink:type="arc"/></ref></NevisXRef></Input></RunScript></Component><If Annotation="if no error show generic info about DTC status for component" LogicId="If_no_error" id="nev24819820n4-nev24832952n1"><LogicStatement Expression="RunScript_generic_logic_Result.Error == False" id="nev24819820n4-nev24832953n1"/><True id="nev24819820n4-nev24832954n1"><Component ComponentId="Logger_showing_infodisplay" id="nev24819820n4-nev24832955n1"><Logger id="nev24819820n4-nev24832956n1"><Input Text="Showing information from generic logic script" id="nev24819820n4-nev24832957n1"/></Logger></Component><Component Annotation="From infodisplay returned by generic logic to a local infodisplay variable due to a bug in SPASE " ComponentId="AssignValue_Infodisplay" id="nev24819820n4-nev24832958n1"><AssignValue id="nev24819820n4-nev24832959n1"><Input AssignTo="{InfoDisplayFromGenericLogic}" Value="{RunScript_generic_logic_Result ReturnInfoDisplay}" id="nev24819820n4-nev24832960n1"/></AssignValue></Component><Component Annotation="Result from the generic logic 14:00" ComponentId="DisplayInformation_FromGenericLogic" id="nev24819820n4-nev24832961n1"><DisplayInformation id="nev24819820n4-nev24832962n1"><Input ButtonType="0" InfoDisplay="{InfoDisplayFromGenericLogic}" id="nev24819820n4-nev24832963n1"/></DisplayInformation></Component><If Annotation="If component only has unconfirmed DTC" LogicId="If_OnlyUnconfirmed" id="nev24819820n4-nev24832964n1"><LogicStatement Expression="RunScript_generic_logic_Result.Only_UC_since_LC == True" id="nev24819820n4-nev24832965n1"/><True id="nev24819820n4-nev24832966n1"><Component ComponentId="Logger_onlyUnconfirmed" id="nev24819820n4-nev24832967n1"><Logger id="nev24819820n4-nev24832968n1"><Input Text="The component Test 14:06, Module: GenericcomponentTest is now starting the 14:00 generic script for only unconfirmed since generic logic responded that there was only unconfirmed DTC" id="nev24819820n4-nev24832969n1"/></Logger></Component><Component Annotation="Generic Logic only for unconfirmed faulttracing" ComponentId="RunScript_OnlyUnconfirmed" id="nev24819820n4-nev24832970n1"><RunScript id="nev24819820n4-nev24832971n1"><Input id="nev24819820n4-nev24832972n1"><NevisLink ProjectDocumentId="0800c8af86bbe0d4" VCCNumber="VCC-479592-1" VariantId="0900c8af86bbddf9" id="nev24819820n4-nev24832973n1"/><Contract id="nev24819820n4-nev24832974n1"><InputVariable Name="AttemptNo" Type="Double" id="nev24819820n4-nev24832975n1"/><InputVariable Name="DTCs" Type="List[String]" id="nev24819820n4-nev24832976n1"/><OutputVariable Name="Verified" Type="Double" id="nev24819820n4-nev24832977n1"/><OutputVariable Name="ReturningInfodisplay" Type="InfoDisplay" id="nev24819820n4-nev24832978n1"/></Contract><Arguments InputValue1="1" InputValue2="{DTCs}" id="nev24819820n4-nev24832979n1"/><NevisXRef id="nev24819820n4-nev24819828n10"><ref id="nev24819820n4-nev24819829n1"><locator xlink:href="#nev24819820n4-nev24819829n1" xlink:type="locator"/><locator xlink:href="urn:x-nevis:xref:0800c8af86bbe0d4:00000000:00000000#nev22964386n1" xlink:type="locator"/><arc nevis:href="urn:x-nevis:xref:0800c8af86bbe0d4:00000000:00000000#nev22964386n1" xlink:title="VCC-479592, GenericLogicForOnlyUnconfirmedComponentTest" xlink:type="arc"/></ref></NevisXRef></Input></RunScript></Component><Component ComponentId="AssignValue_infodisplay" id="nev24819820n4-nev24832983n1"><AssignValue id="nev24819820n4-nev24832984n1"><Input AssignTo="{InfoDisplayFromGenericLogic}" Value="{RunScript_OnlyUnconfirmed_Result ReturningInfodisplay}" id="nev24819820n4-nev24832985n1"/></AssignValue></Component><Component ComponentId="DisplayInformation_ResultOnlyUnconfirmed" id="nev24819820n4-nev24832986n1"><DisplayInformation id="nev24819820n4-nev24832987n1"><Input ButtonType="0" InfoDisplay="{InfoDisplayFromGenericLogic}" id="nev24819820n4-nev24832988n1"/></DisplayInformation></Component><If Annotation="Verified ?" LogicId="If1" id="nev24819820n4-nev24832989n1"><LogicStatement Expression="RunScript_OnlyUnconfirmed_Result.Verified == True" id="nev24819820n4-nev24832990n1"/><True id="nev24819820n4-nev24832991n1"><Component Annotation="Verified" ComponentId="Logger_finished" id="nev24819820n4-nev24832992n1"><Logger id="nev24819820n4-nev24832993n1"><Input Text="Generic fault tracing instructions for only unconfirmed fault finished. the fault is verified..." id="nev24819820n4-nev24832994n1"/></Logger></Component></True><Else id="nev24819820n4-nev24832995n1"><Component ComponentId="Logger_NotVerifiedRetry2" id="nev24819820n4-nev24832996n1"><Logger id="nev24819820n4-nev24832997n1"><Input Text="The only unconfirmed fault is not verified... Running onlyUnconfirmedScript 14:00 one more time..." id="nev24819820n4-nev24832998n1"/></Logger></Component><Component Annotation="Second try" ComponentId="RunScriptUnconfirmed_2" id="nev24819820n4-nev24832999n1"><RunScript id="nev24819820n4-nev24833000n1"><Input id="nev24819820n4-nev24833001n1"><NevisLink ProjectDocumentId="0800c8af86bbe0d4" VCCNumber="VCC-479592-1" VariantId="0900c8af86bbddf9" id="nev24819820n4-nev24833002n1"/><Contract id="nev24819820n4-nev24833003n1"><InputVariable Name="AttemptNo" Type="Double" id="nev24819820n4-nev24833004n1"/><InputVariable Name="DTCs" Type="List[String]" id="nev24819820n4-nev24833005n1"/><OutputVariable Name="Verified" Type="Double" id="nev24819820n4-nev24833006n1"/><OutputVariable Name="ReturningInfodisplay" Type="InfoDisplay" id="nev24819820n4-nev24833007n1"/></Contract><Arguments InputValue1="2" InputValue2="{DTCs}" id="nev24819820n4-nev24833008n1"/><NevisXRef id="nev24819820n4-nev24819831n8"><ref id="nev24819820n4-nev24819831n9"><locator xlink:href="#nev24819820n4-nev24819831n9" xlink:type="locator"/><locator xlink:href="urn:x-nevis:xref:0800c8af86bbe0d4:00000000:00000000#nev22964386n1" xlink:type="locator"/><arc nevis:href="urn:x-nevis:xref:0800c8af86bbe0d4:00000000:00000000#nev22964386n1" xlink:title="VCC-479592, GenericLogicForOnlyUnconfirmedComponentTest" xlink:type="arc"/></ref></NevisXRef></Input></RunScript></Component><Component Annotation="" ComponentId="AssignValue_infodisplay2" id="nev24819820n4-nev24833012n1"><AssignValue id="nev24819820n4-nev24833013n1"><Input AssignTo="{InfoDisplayFromGenericLogic}" Value="{RunScriptUnconfirmed_2_Result ReturningInfodisplay}" id="nev24819820n4-nev24833014n1"/></AssignValue></Component><Component ComponentId="DisplayInformation_ResultUC_2" id="nev24819820n4-nev24833015n1"><DisplayInformation id="nev24819820n4-nev24833016n1"><Input ButtonType="0" InfoDisplay="{InfoDisplayFromGenericLogic}" id="nev24819820n4-nev24833017n1"/></DisplayInformation></Component></Else></If></True><Else id="nev24819820n4-nev24833018n1"/></If></True><Else id="nev24819820n4-nev24833019n1"><Component ComponentId="Logger_error" id="nev24819820n4-nev24833020n1"><Logger id="nev24819820n4-nev24833021n1"><Input Text="Error! Something is wrong in generic logic14:00 script, no condition is true. disabling viewing of the generic information, continueing directly to specific fault tracing..." id="nev24819820n4-nev24833022n1"/></Logger></Component></Else></If><Component ComponentId="Logger_Finished" id="nev24819820n4-nev24833023n1"><Logger id="nev24819820n4-nev24833024n1"><Input Text="Generic module in 14:06 component test is finished, continuing with specific tests...." id="nev24819820n4-nev24833025n1"/></Logger></Component></Module></SpaScript></content></script>