<?xml version="1.0" encoding="UTF-8"?><servinfosub IE-ID="en-US0900c8af844d9215" docno="VCC-371225" id="nev13718638n1" original="sv-SE" servinfosubId="nev13718639n1-nev13718644n1" servinfosubRes="0900c8af844d9217" servinfosubRes2="urn:x-nevis:fragment:0900c8af844d9215:0900c8af844d9217#nev13718644n1" xml:lang="en-US">
<title id="nev13718637n67">AC compressor</title>
<procedure id="nev13718639n1-nev13718646n18">
<note id="nev13718639n1-nev13718646n19">
<ptxt id="nev13718639n1-nev13718646n20">The illustratio#@#@#176#rect.</ptxt>
</note>
<stepgrp id="nev13718639n1-nev13718643n92">
<title id="nev13718639n1-nev13718646n21">Preparatory work</title>
<procstep id="nev13718639n1-nev13718643n93">
<title id="nev13718639n1-nev13718646n22">Draining the ai#@#@#45#cover</title>
<warning id="nev13718639n1-nev13718646n23">
<ptxt id="nev13718639n1-nev13718646n24">Follow the safe#@#@#54#See: <xref id="nev13718639n1-nev13718646n25">
<ref id="nev13718639n1-nev13718643n94"/>
</xref>.</ptxt>
</warning>
<para id="nev13718639n1-nev13718646n26">
<ptxt id="nev13718639n1-nev13718646n27">Read the instru#@#@#35# to: <xref id="nev13718639n1-nev13718646n28">
<ref id="nev13718639n1-nev13718643n95"/>
</xref>.</ptxt>
</para>
<caution id="nev13718639n1-nev13718646n29">
<ptxt id="nev13718639n1-nev13718646n30">Always use new #@#@#35#oil. </ptxt>
</caution>
<note id="nev13718639n1-nev13718646n31">
<ptxt id="nev13718639n1-nev13718646n32">Plug the pipes #@#@#55#tem. </ptxt>
</note>
<para id="nev13718639n1-nev13718646n33">
<ptxt id="nev13718639n1-nev13718646n34">Drain the refri#@#@#30# to: <xref id="nev13718639n1-nev13718646n35">
<ref id="nev13718639n1-nev13718643n96"/>
</xref>. </ptxt>
</para>
<para id="nev13718639n1-nev13718646n36">
<ptxt id="nev13718639n1-nev13718646n37">Raise the vehicle.</ptxt>
</para>
<para id="nev13718639n1-nev13718646n38">
<ptxt id="nev13718639n1-nev13718646n39">Disconnect the #@#@#12#See: <xref id="nev13718639n1-nev13718646n40">
<ref id="nev13718639n1-nev13718643n97"/>
</xref>.</ptxt>
</para>
<grate id="nev13718639n1-nev13718646n41">
<graphic id="nev13718639n1-nev13718643n98">
<href>0900c8af8044596#@#@#11#.jpeg</href>
</graphic>
<graphtext id="nev13718639n1-nev13718646n42">
<para id="nev13718639n1-nev13718646n43">
<ptxt id="nev13718639n1-nev13718646n44">Remove the shie#@#@#47#rews.</ptxt>
</para>
</graphtext>
</grate>
</procstep>
</stepgrp>
<stepgrp id="nev13718639n1-nev13718643n99">
<title id="nev13718639n1-nev13718646n45">Removal</title>
<procstep id="nev13718639n1-nev13718643n100">
<title id="nev13718639n1-nev13718646n46">Removing compressor</title>
<grate id="nev13718639n1-nev13718646n47">
<graphic id="nev13718639n1-nev13718646n1">
<href>0900c8af81853f8#@#@#11#.jpeg</href>
</graphic>
<graphtext id="nev13718639n1-nev13718646n48">
<list1 enumtype="d" id="nev13718639n1-nev13718646n49" type="unordered">
<title id="nev13718639n1-nev13718646n50">Remove:</title>
<item id="nev13718639n1-nev13718646n51">
<ptxt id="nev13718639n1-nev13718646n52">the connector t#@#@#16#lutch</ptxt>
</item>
<item id="nev13718639n1-nev13718646n53">
<ptxt id="nev13718639n1-nev13718646n54">the pipe connec#@#@#32# (2).</ptxt>
</item>
</list1>
</graphtext>
</grate>
<grate id="nev13718639n1-nev13718646n55">
<graphic id="nev13718639n1-nev13718646n2">
<href>0900c8af81853f9#@#@#11#.jpeg</href>
</graphic>
<graphtext id="nev13718639n1-nev13718646n56">
<list1 enumtype="d" id="nev13718639n1-nev13718646n57" type="unordered">
<item id="nev13718639n1-nev13718646n58">
<ptxt id="nev13718639n1-nev13718646n59">the 5 mounting #@#@#43#sor. </ptxt>
</item>
</list1>
<para id="nev13718639n1-nev13718646n60">
<ptxt id="nev13718639n1-nev13718646n61">Remove the comp#@#@#27#over.</ptxt>
</para>
</graphtext>
</grate>
</procstep>
</stepgrp>
<stepgrp id="nev13718639n1-nev13718646n3">
<title id="nev13718639n1-nev13718646n62">Installation</title>
<note id="nev13718639n1-nev13718646n63">
<ptxt id="nev13718639n1-nev13718646n64">For tightening #@#@#9#see: <xref id="nev13718639n1-nev13718646n65">
<ref id="nev13718639n1-nev13718646n4"/>
</xref>. </ptxt>
</note>
<procstep id="nev13718639n1-nev13718646n5">
<title id="nev13718639n1-nev13718646n66">Installing the #@#@#5#essor</title>
<grate id="nev13718639n1-nev13718646n67">
<graphic id="nev13718639n1-nev13718646n6">
<href>0900c8af81853f9#@#@#11#.jpeg</href>
</graphic>
<graphtext id="nev13718639n1-nev13718646n68">
<para id="nev13718639n1-nev13718646n69">
<ptxt id="nev13718639n1-nev13718646n70">Position the co#@#@#4#ssor.</ptxt>
</para>
<para id="nev13718639n1-nev13718646n71">
<ptxt id="nev13718639n1-nev13718646n72">Screw the compr#@#@#111#yet. </ptxt>
</para>
<para id="nev13718639n1-nev13718646n73">
<ptxt id="nev13718639n1-nev13718646n74">Screw the other#@#@#84# yet.</ptxt>
</para>
<para id="nev13718639n1-nev13718646n75">
<ptxt id="nev13718639n1-nev13718646n76">Connect the con#@#@#2#ctor.</ptxt>
</para>
<para id="nev13718639n1-nev13718646n77">
<ptxt id="nev13718639n1-nev13718646n78">Tighten all 5 x#@#@#82#tely.</ptxt>
</para>
</graphtext>
</grate>
<grate id="nev13718639n1-nev13718646n79">
<graphic id="nev13718639n1-nev13718646n7">
<href>0900c8af81853f8#@#@#11#.jpeg</href>
</graphic>
<graphtext id="nev13718639n1-nev13718646n80">
<para id="nev13718639n1-nev13718646n81">
<ptxt id="nev13718639n1-nev13718646n82">Install the pip#@#@#111#pes. </ptxt>
</para>
<para id="nev13718639n1-nev13718646n83">
<ptxt id="nev13718639n1-nev13718646n84">Tighten the screws.</ptxt>
</para>
</graphtext>
</grate>
<para id="nev13718639n1-nev13718646n85">
<ptxt id="nev13718639n1-nev13718646n86">Install the dri#@#@#9#See: <xref id="nev13718639n1-nev13718646n87">
<ref id="nev13718639n1-nev13718646n8"/>
</xref>.</ptxt>
</para>
</procstep>
</stepgrp>
<stepgrp id="nev13718639n1-nev13718646n9">
<title id="nev13718639n1-nev13718646n88">Finishing</title>
<procstep id="nev13718639n1-nev13718646n10">
<title id="nev13718639n1-nev13718646n89">Checking the fu#@#@#18#acing</title>
<para id="nev13718639n1-nev13718646n90">
<ptxt id="nev13718639n1-nev13718646n91">Vacuum pump the#@#@#32#See: <xref id="nev13718639n1-nev13718646n92">
<ref id="nev13718639n1-nev13718646n11"/>
</xref>.</ptxt>
<ptxt id="nev13718639n1-nev13718646n93">Fill the AC-sys#@#@#25# to: <xref id="nev13718639n1-nev13718646n94">
<ref id="nev13718639n1-nev13718646n12"/>
</xref>. </ptxt>
<ptxt id="nev13718639n1-nev13718646n95">Leak trace the #@#@#31#See: <xref id="nev13718639n1-nev13718646n96">
<ref id="nev13718639n1-nev13718646n13"/>
</xref> or: <xref id="nev13718639n1-nev13718646n97">
<ref id="nev13718639n1-nev13718646n14"/>
</xref>.</ptxt>
</para>
</procstep>
<procstep id="nev13718639n1-nev13718646n15">
<title id="nev13718639n1-nev13718646n98">Checking the pe#@#@#4#mance</title>
<grate id="nev13718639n1-nev13718646n99">
<graphic id="nev13718639n1-nev13718646n16">
<href>0900c8af8044596#@#@#11#.jpeg</href>
</graphic>
<graphtext id="nev13718639n1-nev13718646n100">
<para id="nev13718639n1-nev13718647n1">
<ptxt id="nev13718639n1-nev13718647n2">Install the shi#@#@#38#rews.</ptxt>
</para>
<para id="nev13718639n1-nev13718647n3">
<ptxt id="nev13718639n1-nev13718647n4">Carry out a per#@#@#43#See: <xref id="nev13718639n1-nev13718647n5">
<ref id="nev13718639n1-nev13718646n17"/>
</xref>.</ptxt>
</para>
</graphtext>
</grate>
</procstep>
</stepgrp>
</procedure>
</servinfosub>