<?xml version="1.0" encoding="UTF-8"?><servinfosub IE-ID="en-US0900c8af856a9411" docno="VCC-370185" id="nev13709944n1" original="sv-SE" servinfosubId="nev13709945n1-nev17391303n1" servinfosubRes="0900c8af8575e29b" servinfosubRes2="urn:x-nevis:fragment:0900c8af856a9411:0900c8af8575e29b#nev17391303n1" xml:lang="en-US">
<operationnumbers>
<operationnumber>21040-2</operationnumber>
</operationnumbers>
<title id="nev13709943n45">Engine, removal</title>
<toolitemtable id="nev13709945n1-nev17508960n31">
<table id="nev13709945n1-nev17508960n30">
<tgroup cols="2" id="nev13709945n1-nev17508960n29">
<colspec colname="COLSPEC0" colwidth="1.00*" id="nev13709945n1-nev17508960n28"/>
<colspec colname="COLSPEC1" colwidth="1.00*" id="nev13709945n1-nev17508960n27"/>
<thead id="nev13709945n1-nev17508960n26">
<row id="nev13709945n1-nev17508960n25">
<entry id="nev13709945n1-nev17508960n24" nameend="COLSPEC1" namest="COLSPEC0" valign="top">
<ptxt id="nev13709945n1-nev17508960n23">
<emph id="nev13709945n1-nev17508960n22">Special tools</emph>
</ptxt>
</entry>
</row>
</thead>
<tbody id="nev13709945n1-nev17508960n21">
<row id="nev13709945n1-nev17508960n20">
<entry id="nev13709945n1-nev17508960n19">
<graphic id="nev13709945n1-nev17508960n18">
<href>0900c8af8005a80#@#@#9#.jpeg</href>
</graphic>
</entry>
<entry id="nev13709945n1-nev17508960n17">
<ptxt id="nev13709945n1-nev17508960n16">
<emph id="nev13709945n1-nev17508960n15">951 2666 Replac#@#@#8#97298</emph>
</ptxt>
<ptxt id="nev13709945n1-nev17508960n13">
<emph id="nev13709945n1-nev17508960n12">Tool number:</emph>951 2666</ptxt>
<ptxt id="nev13709945n1-nev17508960n11">
<emph id="nev13709945n1-nev17508960n10">Tool description:</emph>Replaced by 9997298</ptxt>
<ptxt id="nev13709945n1-nev17508960n8">
<emph id="nev13709945n1-nev17508960n7">Tool boards:</emph>23</ptxt>
</entry>
</row>
<row id="nev13709945n1-nev17508960n6">
<entry id="nev13709945n1-nev17508960n5">
<graphic id="nev13709945n1-nev17508960n4">
<href>0900c8af8005dce#@#@#9#.jpeg</href>
</graphic>
</entry>
<entry id="nev13709945n1-nev17508960n3">
<ptxt id="nev13709945n1-nev17508960n2">
<emph id="nev13709945n1-nev17508960n1">999 2810 LIFTIN#@#@#10#GINE)</emph>
</ptxt>
<ptxt id="nev13709945n1-nev17508961n99">
<emph id="nev13709945n1-nev17508961n98">Tool number:</emph>999 2810</ptxt>
<ptxt id="nev13709945n1-nev17508961n97">
<emph id="nev13709945n1-nev17508961n96">Tool description:</emph>LIFTING YOKE (E#@#@#1#GINE)</ptxt>
<ptxt id="nev13709945n1-nev17508961n94">
<emph id="nev13709945n1-nev17508961n93">Tool boards:</emph>21</ptxt>
</entry>
</row>
<row id="nev13709945n1-nev17508961n92">
<entry id="nev13709945n1-nev17508961n91">
<graphic id="nev13709945n1-nev17508961n90">
<href>0900c8af8005489#@#@#9#.jpeg</href>
</graphic>
</entry>
<entry id="nev13709945n1-nev17508961n89">
<ptxt id="nev13709945n1-nev17508961n88">
<emph id="nev13709945n1-nev17508961n87">999 5185 HOOK (#@#@#22#2810)</emph>
</ptxt>
<ptxt id="nev13709945n1-nev17508961n85">
<emph id="nev13709945n1-nev17508961n84">Tool number:</emph>999 5185</ptxt>
<ptxt id="nev13709945n1-nev17508961n83">
<emph id="nev13709945n1-nev17508961n82">Tool description:</emph>HOOK (LIFTING O#@#@#13#2810)</ptxt>
<ptxt id="nev13709945n1-nev17508961n80">
<emph id="nev13709945n1-nev17508961n79">Tool boards:</emph>21</ptxt>
</entry>
</row>
</tbody>
</tgroup>
</table>
</toolitemtable>
<procedure id="nev13709945n1-nev17508785n5">
<stepgrp boilerplate="false" context="" id="nev13709945n1-nev17508960n98">
<title id="nev13709945n1-nev17508785n7">Removal</title>
<procstep id="nev13709945n1-nev17508785n8">
<para id="nev13709945n1-nev17508960n94">
<ptxt id="nev13709945n1-nev17508960n96">Perform depress#@#@#14#ystem<xref boilerplate="true" id="nev13709945n1-nev17508960n97">
<ref id="nev13709945n1-nev17508960n95"/>
</xref>
</ptxt>
</para>
</procstep>
<procstep id="nev13709945n1-nev17508786n4">
<para id="nev13709945n1-nev17508960n90">
<ptxt id="nev13709945n1-nev17508960n92">Drain cooling s#@#@#33#eding<xref boilerplate="true" id="nev13709945n1-nev17508960n93">
<ref id="nev13709945n1-nev17508960n91"/>
</xref>
</ptxt>
</para>
</procstep>
<procstep id="nev13709945n1-nev17508786n10">
<list1 boilerplate="true" context="remove" enumtype="b" id="nev13709945n1-nev17508787n1" type="unordered">
<item id="nev13709945n1-nev17508960n89">
<ptxt id="nev13709945n1-nev17508960n87">plenum cover<xref boilerplate="true" id="nev13709945n1-nev17508960n88">
<ref id="nev13709945n1-nev17508960n86"/>
</xref>
</ptxt>
</item>
<item id="nev13709945n1-nev17508960n85">
<ptxt id="nev13709945n1-nev17508960n83">lambda probe<xref boilerplate="true" id="nev13709945n1-nev17508960n84">
<ref id="nev13709945n1-nev17508960n82"/>
</xref>
</ptxt>
</item>
<item id="nev13709945n1-nev17508960n81">
<ptxt id="nev13709945n1-nev17508960n79">air cleaner (AC#@#@#5#using<xref boilerplate="true" id="nev13709945n1-nev17508960n80">
<ref id="nev13709945n1-nev17508960n78"/>
</xref>
</ptxt>
</item>
<item id="nev13709945n1-nev17508960n77">
<ptxt id="nev13709945n1-nev17508960n75">battery<xref boilerplate="true" id="nev13709945n1-nev17508960n76">
<ref id="nev13709945n1-nev17508960n74"/>
</xref>
</ptxt>
</item>
<item id="nev13709945n1-nev17508960n73">
<ptxt id="nev13709945n1-nev17508960n71">auxiliary drive belt<xref boilerplate="true" id="nev13709945n1-nev17508960n72">
<ref id="nev13709945n1-nev17508960n70"/>
</xref>
</ptxt>
</item>
<item id="nev13709945n1-nev17508960n69">
<ptxt id="nev13709945n1-nev17508960n67">the catalytic c#@#@#3#erter<xref boilerplate="true" id="nev13709945n1-nev17508960n68">
<ref id="nev13709945n1-nev17508960n66"/>
</xref>
</ptxt>
</item>
<item id="nev13709945n1-nev17508960n65">
<ptxt id="nev13709945n1-nev17508960n63">Drive shaft right<xref boilerplate="true" id="nev13709945n1-nev17508960n64">
<ref id="nev13709945n1-nev17508960n62"/>
</xref>
</ptxt>
</item>
<item id="nev13709945n1-nev17508960n61">
<ptxt id="nev13709945n1-nev17508960n59">Driveshaft left<xref boilerplate="true" id="nev13709945n1-nev17508960n60">
<ref id="nev13709945n1-nev17508960n58"/>
</xref>
</ptxt>
</item>
<item id="nev13709945n1-nev17508960n57">
<ptxt id="nev13709945n1-nev17508960n55">Lower torque rod<xref boilerplate="true" id="nev13709945n1-nev17508960n56">
<ref id="nev13709945n1-nev17508960n54"/>
</xref>
</ptxt>
</item>
<item id="nev13709945n1-nev17508960n53">
<ptxt id="nev13709945n1-nev17508960n51">Temperature and#@#@#34#ensor<xref boilerplate="true" id="nev13709945n1-nev17508960n52">
<ref id="nev13709945n1-nev17508960n50"/>
</xref>
</ptxt>
</item>
</list1>
</procstep>
<procstep id="nev13709945n1-nev17508792n4">
<grate id="nev13709945n1-nev17508792n5">
<graphic id="nev13709945n1-nev17508792n6">
<href>0900c8af8345515#@#@#9#.jpeg</href>
</graphic>
</grate>
</procstep>
<procstep id="nev13709945n1-nev17508920n32">
<grate id="nev13709945n1-nev17508960n48">
<graphic id="nev13709945n1-nev17508960n49">
<href>0900c8af8575590#@#@#9#.jpeg</href>
</graphic>
</grate>
</procstep>
<procstep id="nev13709945n1-nev17508918n7">
<grate id="nev13709945n1-nev17508960n46">
<graphic id="nev13709945n1-nev17508960n47">
<href>0900c8af85755bd#@#@#9#.jpeg</href>
</graphic>
</grate>
</procstep>
<procstep id="nev13709945n1-nev17508792n10">
<grate id="nev13709945n1-nev17508793n1">
<graphic id="nev13709945n1-nev17508793n2">
<href>0900c8af8360faf#@#@#9#.jpeg</href>
</graphic>
<graphtext id="nev13709945n1-nev17509019n1">
<warning id="nev13709945n1-nev17508793n5">
<ptxt>Be prepared to #@#@#18#luid.</ptxt>
</warning>
<para id="nev13709945n1-nev17508960n44">
<ptxt id="nev13709945n1-nev17508960n45">
<toolitem boilerplate="true" id="nev13709945n1-nev17508793n8" imageid="0900c8af8005a803"/>
</ptxt>
</para>
</graphtext>
</grate>
</procstep>
<procstep id="nev13709945n1-nev17508793n9">
<grate id="nev13709945n1-nev17508793n10">
<graphic id="nev13709945n1-nev17508794n1">
<href>0900c8af83424f2#@#@#9#.jpeg</href>
</graphic>
</grate>
</procstep>
<procstep id="nev13709945n1-nev17508794n2">
<grate id="nev13709945n1-nev17508794n3">
<graphic id="nev13709945n1-nev17508794n4">
<href>0900c8af8360fb0#@#@#9#.jpeg</href>
</graphic>
</grate>
</procstep>
<procstep id="nev13709945n1-nev17508795n7">
<grate id="nev13709945n1-nev17508795n8">
<graphic id="nev13709945n1-nev17508795n9">
<href>0900c8af8360fb4#@#@#9#.jpeg</href>
</graphic>
</grate>
</procstep>
<procstep id="nev13709945n1-nev17508795n10">
<grate id="nev13709945n1-nev17508796n1">
<graphic id="nev13709945n1-nev17508796n2">
<href>0900c8af8360fb5#@#@#9#.jpeg</href>
</graphic>
</grate>
</procstep>
<procstep id="nev13709945n1-nev17508796n3">
<grate id="nev13709945n1-nev17508796n4">
<graphic id="nev13709945n1-nev17508796n5">
<href>0900c8af8360fba#@#@#9#.jpeg</href>
</graphic>
</grate>
</procstep>
<procstep id="nev13709945n1-nev17508796n6">
<grate id="nev13709945n1-nev17508796n7">
<graphic id="nev13709945n1-nev17508796n8">
<href>0900c8af8360fbc#@#@#9#.jpeg</href>
</graphic>
</grate>
</procstep>
<procstep id="nev13709945n1-nev17508796n9">
<grate id="nev13709945n1-nev17508796n10">
<graphic id="nev13709945n1-nev17508797n1">
<href>0900c8af8345523#@#@#9#.jpeg</href>
</graphic>
</grate>
</procstep>
<procstep id="nev13709945n1-nev17508797n2">
<grate id="nev13709945n1-nev17508797n3">
<graphic id="nev13709945n1-nev17508797n4">
<href>0900c8af8345524#@#@#9#.jpeg</href>
</graphic>
</grate>
</procstep>
<procstep id="nev13709945n1-nev17508797n5">
<grate id="nev13709945n1-nev17508797n6">
<graphic id="nev13709945n1-nev17508797n7">
<href>0900c8af8337dd5#@#@#9#.jpeg</href>
</graphic>
<graphtext id="nev13709945n1-nev17509050n1">
<warning id="nev13709945n1-nev17508797n10">
<ptxt>Be prepared to #@#@#18#luid.</ptxt>
</warning>
</graphtext>
</grate>
</procstep>
<procstep id="nev13709945n1-nev17508798n1">
<grate id="nev13709945n1-nev17508798n2">
<graphic id="nev13709945n1-nev17508798n3">
<href>0900c8af8337dd9#@#@#9#.jpeg</href>
</graphic>
<graphtext id="nev13709945n1-nev17509054n1">
<warning id="nev13709945n1-nev17508798n6">
<ptxt>Be prepared to #@#@#18#luid.</ptxt>
</warning>
</graphtext>
</grate>
</procstep>
<procstep id="nev13709945n1-nev17508798n7">
<grate id="nev13709945n1-nev17508798n8">
<graphic id="nev13709945n1-nev17508798n9">
<href>0900c8af8360fc8#@#@#9#.jpeg</href>
</graphic>
</grate>
</procstep>
<procstep id="nev13709945n1-nev17508798n10">
<grate id="nev13709945n1-nev17508799n1">
<graphic id="nev13709945n1-nev17508799n2">
<href>0900c8af834a233#@#@#9#.jpeg</href>
</graphic>
</grate>
</procstep>
<procstep id="nev13709945n1-nev17508951n28">
<grate id="nev13709945n1-nev17508960n42">
<graphic id="nev13709945n1-nev17508960n43">
<href>0900c8af8451bb1#@#@#9#.jpeg</href>
</graphic>
</grate>
</procstep>
<procstep id="nev13709945n1-nev17508799n3">
<grate id="nev13709945n1-nev17508799n4">
<graphic id="nev13709945n1-nev17508799n5">
<href>0900c8af8345525#@#@#9#.jpeg</href>
</graphic>
</grate>
</procstep>
<procstep id="nev13709945n1-nev17508799n6">
<grate id="nev13709945n1-nev17508799n7">
<graphic id="nev13709945n1-nev17508799n8">
<href>0900c8af8337de1#@#@#9#.jpeg</href>
</graphic>
</grate>
</procstep>
<procstep id="nev13709945n1-nev17508799n9">
<grate id="nev13709945n1-nev17508799n10">
<graphic id="nev13709945n1-nev17508800n1">
<href>0900c8af8337de8#@#@#9#.jpeg</href>
</graphic>
</grate>
</procstep>
<procstep id="nev13709945n1-nev17508800n2">
<grate id="nev13709945n1-nev17508800n3">
<graphic id="nev13709945n1-nev17508800n4">
<href>0900c8af8309d83#@#@#9#.jpeg</href>
</graphic>
</grate>
</procstep>
<procstep id="nev13709945n1-nev17508800n5">
<grate id="nev13709945n1-nev17508800n6">
<graphic id="nev13709945n1-nev17508800n7">
<href>0900c8af8360fc9#@#@#9#.jpeg</href>
</graphic>
</grate>
</procstep>
<procstep id="nev13709945n1-nev17508800n8">
<grate id="nev13709945n1-nev17508800n9">
<graphic id="nev13709945n1-nev17508800n10">
<href>0900c8af84c867b#@#@#9#.jpeg</href>
</graphic>
<graphtext id="nev13709945n1-nev17509082n1">
<caution id="nev13709945n1-nev17508801n3">
<ptxt>Note the positi#@#@#31#oval.</ptxt>
</caution>
<note id="nev13709945n1-nev17508801n5">
<ptxt>Make sure that #@#@#15#atch.</ptxt>
</note>
<para id="nev13709945n1-nev17508960n40">
<ptxt id="nev13709945n1-nev17508960n41">
<toolitem boilerplate="true" id="nev13709945n1-nev17508801n8" imageid="0900c8af8005dceb"/>
<toolitem boilerplate="false" id="nev13709945n1-nev17508801n9" imageid="0900c8af8005489f"/>
</ptxt>
</para>
</graphtext>
</grate>
</procstep>
<procstep id="nev13709945n1-nev17508801n10">
<list1 boilerplate="true" context="remove" enumtype="b" id="nev13709945n1-nev17508802n1" type="unordered">
<item id="nev13709945n1-nev17508960n39">
<ptxt id="nev13709945n1-nev17508960n37">Engine support #@#@#11#right<xref boilerplate="true" id="nev13709945n1-nev17508960n38">
<ref id="nev13709945n1-nev17508960n36"/>
</xref>
</ptxt>
</item>
<item id="nev13709945n1-nev17508960n35">
<ptxt id="nev13709945n1-nev17508960n33">Engine support #@#@#9# left<xref boilerplate="true" id="nev13709945n1-nev17508960n34">
<ref id="nev13709945n1-nev17508960n32"/>
</xref>
</ptxt>
</item>
</list1>
</procstep>
</stepgrp>
</procedure>
</servinfosub>