<?xml version="1.0" encoding="UTF-8"?><servinfosub IE-ID="en-US0900c8af83a94411" docno="VCC-154408" id="KC02723991" xml:lang="en-US">
<title>
<phrase category="" id="KC09487289" phrase-urn="urn:x-nevis:phrase:0800c8af8270ef3a">Signal too low</phrase>
</title>
<diagnostic j2008use="1" layout="0" paperuse="1" screenuse="1" type="test">
<testgrp IE-ID="en-US0900c8af83a94411_KC02786592" id="KC02786592" j2008use="1" paperuse="1" resumable="1" screenuse="1" testgrp-id="s1" x="120" y="200">
<title>
<phrase category="" id="KC09487290" phrase-urn="urn:x-nevis:phrase:0800c8af8270ef3b">Checking compon#@#@#10#iring</phrase>
</title>
<node>
<test1>
<diaglist>
<dgraphic>
<dgraphic1>
<graphic id="KC09487291">
<href>0900c8af80054d4#@#@#9#.jpeg</href>
</graphic>
</dgraphic1>
<dgraphic2>
<graphic id="KC09487292">
<href>0900c8af80054d7#@#@#9#.jpeg</href>
</graphic>
</dgraphic2>
</dgraphic>
<ditem>
<ptxt>
<phrase category="" id="KC09487293" phrase-urn="urn:x-nevis:phrase:0800c8af8270ef3c">Switch off the #@#@#20#conds</phrase>
</ptxt>
</ditem>
<ditem>
<ptxt>
<phrase category="" id="KC09487294" phrase-urn="urn:x-nevis:phrase:0800c8af8270ef3d">Disconnect the #@#@#49#ensor</phrase>
</ptxt>
</ditem>
<ditem>
<ptxt>
<phrase category="" id="KC09487295" phrase-urn="urn:x-nevis:phrase:0800c8af8270ef3e">Disconnect the #@#@#58#SRS).</phrase>
</ptxt>
</ditem>
</diaglist>
<test2>
<caution>
<ptxt>
<phrase category="" id="KC09487296" phrase-urn="urn:x-nevis:phrase:0800c8af8270ef3f">Do not touch th#@#@#164#SRS).</phrase>
</ptxt>
</caution>
<para>
<ptxt>
<phrase category="" id="KC09487297" phrase-urn="urn:x-nevis:phrase:0800c8af8270ef40">Check the conne#@#@#137#ors. </phrase>
</ptxt>
</para>
<para>
<ptxt>
<phrase category="" id="KC09487298" phrase-urn="urn:x-nevis:phrase:0800c8af8270ef41">Remedy as necessary.</phrase>
</ptxt>
</para>
<para>
<ptxt>
<phrase category="" id="KC09487299" phrase-urn="urn:x-nevis:phrase:0800c8af8270ef42">Check the cable#@#@#125#ound.</phrase>
</ptxt>
<ptxt>
<phrase category="" id="KC09487300" phrase-urn="urn:x-nevis:phrase:0800c8af8270ef43">Check the cable#@#@#4#ween:</phrase>
</ptxt>
</para>
<list1 enumtype="d" type="unordered">
<item>
<ptxt>
<phrase category="" id="KC09487301" phrase-urn="urn:x-nevis:phrase:0800c8af8270ef44">Supplemental re#@#@#81#al #1</phrase>
</ptxt>
</item>
<item>
<ptxt>
<phrase category="" id="KC09487302" phrase-urn="urn:x-nevis:phrase:0800c8af8270ef45">Supplemental re#@#@#82#l #2.</phrase>
</ptxt>
</item>
</list1>
<para>
<ptxt>
<phrase category="" id="KC09487303" phrase-urn="urn:x-nevis:phrase:0800c8af8270ef46">Remedy as necessary.</phrase>
</ptxt>
</para>
<list1 enumtype="d" type="unordered">
<title>
<phrase category="" id="KC09487304" phrase-urn="urn:x-nevis:phrase:0800c8af8270ef47">Other information</phrase>
</title>
<item>
<ptxt>
<phrase category="" id="KC09487305" phrase-urn="urn:x-nevis:phrase:0800c8af8270ef48">
<xref>
<ref id="KC09487306"/>
</xref>
</phrase>
</ptxt>
</item>
<item>
<ptxt>
<phrase category="" id="KC09487307" phrase-urn="urn:x-nevis:phrase:0800c8af8270ef49">
<xref>
<ref id="KC09487308"/>
</xref>
</phrase>
</ptxt>
</item>
<item>
<ptxt>
<phrase category="" id="KC09487309" phrase-urn="urn:x-nevis:phrase:0800c8af8270ef4a">For further inf#@#@#61#agram</phrase>
</ptxt>
</item>
<item>
<ptxt id="nev12337947n100">
<xref id="nev12337947n99">
<ref id="l1156762088167"/>
</xref>
</ptxt>
</item>
<item>
<ptxt id="nev12337947n97">
<xref id="nev12337951n100">
<ref id="l1156762113597"/>
</xref>
</ptxt>
</item>
<item>
<ptxt id="nev12337947n94">
<xref id="nev12337947n93">
<ref id="l1156762144323"/>
</xref>
</ptxt>
</item>
<item>
<ptxt>
<phrase category="" id="KC09487316" phrase-urn="urn:x-nevis:phrase:0800c8af8270ef4e">
<xref>
<ref id="KC09487317"/>
</xref>
</phrase>
</ptxt>
</item>
</list1>
</test2>
</test1>
<question>
Select "Contin#@#@#34#ed. 
</question>
<resact-grp>
<result button="cont" comp="button" highlight="0"/>
<action j2008use="1" paperuse="1" screenuse="1">
<ptxt>
<xref>
<ref id="KC09487319"/>
</xref>
</ptxt>
</action>
</resact-grp>
</node>
</testgrp>
<testgrp id="KC02786593" j2008use="1" paperuse="1" resumable="1" screenuse="1" testgrp-id="veri" x="120" y="280">
<title>
<phrase category="" id="KC09487320" phrase-urn="urn:x-nevis:phrase:0800c8af8270ef50">Verification</phrase>
</title>
<subcalloutnode>
<diagcallout>
<xref>
<ref id="KC09487321"/>
</xref>
</diagcallout>
<rescall-grp>
<result comp="string" highlight="0" op="eq" return="VERIFIED"/>
<calloutaction>
<return value="FAULT FOUND"/>
</calloutaction>
</rescall-grp>
<rescall-grp>
<result comp="string" highlight="0" op="eq" return="VERIFICATION FAILED"/>
<calloutaction>
<ptxt>
<xref>
<ref id="KC09487322"/>
</xref>
</ptxt>
</calloutaction>
</rescall-grp>
</subcalloutnode>
</testgrp>
<testgrp id="KC02786594" j2008use="1" paperuse="1" resumable="1" screenuse="1" testgrp-id="info1" x="280" y="120">
<title>
<phrase category="" id="KC09487323" phrase-urn="urn:x-nevis:phrase:0800c8af8270ef51">Fault-tracing i#@#@#5#ation</phrase>
</title>
<subcalloutnode>
<diagcallout>
<xref>
<ref id="KC09487324"/>
</xref>
</diagcallout>
<rescall-grp>
<result comp="string" highlight="0" op="eq" return="FAULTTRACING FAILED"/>
<calloutaction>
<return value="FAULT NOT FOUND"/>
</calloutaction>
</rescall-grp>
<rescall-grp>
<result comp="string" highlight="0" op="eq" return="NEW TRY"/>
<calloutaction>
<ptxt>
<xref>
<ref id="KC09487325"/>
</xref>
</ptxt>
</calloutaction>
</rescall-grp>
</subcalloutnode>
</testgrp>
</diagnostic>
</servinfosub>