<?xml version="1.0" encoding="UTF-8"?><servinfosub IE-ID="en-US0900c8af841e7411" docno="VCC-344269" id="nev13319178n1" xml:lang="en-US">
<title id="nev13319178n2">Sensors for che#@#@#16#ystem</title>
<list1 enumtype="d" id="nev13319178n3" type="unordered">
<item id="nev13319178n4">
<ptxt id="nev13319178n5">
<xref id="nev13319178n6">
<ref id="nev13319178n7"/>
</xref>
</ptxt>
</item>
<item id="nev13319178n8">
<ptxt id="nev13319178n9">
<xref id="nev13319178n10">
<ref id="nev13319179n1"/>
</xref>
</ptxt>
</item>
<item id="nev13319179n2">
<ptxt id="nev13319179n3">
<xref id="nev13319179n4">
<ref id="nev13319179n5"/>
</xref>
</ptxt>
</item>
<item id="nev13319179n6">
<ptxt id="nev13319179n7">
<xref id="nev13319179n8">
<ref id="nev13319179n9"/>
</xref>
</ptxt>
</item>
<item id="nev13319179n10">
<ptxt id="nev13319180n1">
<xref id="nev13319180n2">
<ref id="nev13319180n3"/>
</xref>
</ptxt>
</item>
<item id="nev13319180n4">
<ptxt id="nev13319180n5">
<xref id="nev13319180n6">
<ref id="nev13319180n7"/>
</xref>
</ptxt>
</item>
<item id="nev13319181n2">
<ptxt id="nev13319181n3">
<xref id="nev13319181n4">
<ref id="nev13319181n5"/>
</xref>
</ptxt>
</item>
<item id="nev13319181n6">
<ptxt id="nev13319181n7">
<xref id="nev13319181n8">
<ref id="nev13319181n9"/>
</xref>
</ptxt>
</item>
<item id="nev13319181n10">
<ptxt id="nev13319182n1">
<xref id="nev13319182n2">
<ref id="nev13319182n3"/>
</xref>
</ptxt>
</item>
<item id="nev13319182n4">
<ptxt id="nev13319182n5">
<xref id="nev13319182n6">
<ref id="nev13319182n7"/>
</xref>
</ptxt>
</item>
<item id="nev13319182n8">
<ptxt id="nev13319182n9">
<xref id="nev13319182n10">
<ref id="nev13319183n1"/>
</xref>
</ptxt>
</item>
<item id="nev13319183n2">
<ptxt id="nev13319183n3">
<xref id="nev13319183n4">
<ref id="nev13319183n5"/>
</xref>
</ptxt>
</item>
<item id="nev13319183n6">
<ptxt id="nev13319183n7">
<xref id="nev13319183n8">
<ref id="nev13319183n9"/>
</xref>
</ptxt>
</item>
<item id="nev13319183n10">
<ptxt id="nev13319184n1">
<xref id="nev13319184n2">
<ref id="nev13319184n3"/>
</xref>
</ptxt>
</item>
<item id="nev13319184n4">
<ptxt id="nev13319184n5">
<xref id="nev13319184n6">
<ref id="nev13319184n7"/>
</xref>
</ptxt>
</item>
<item id="nev13319184n8">
<ptxt id="nev13319184n9">
<xref id="nev13319184n10">
<ref id="nev13319185n1"/>
</xref>
</ptxt>
</item>
<item id="nev13319185n2">
<ptxt id="nev13319185n3">
<xref id="nev13319185n4">
<ref id="nev13319185n5"/>
</xref>
</ptxt>
</item>
<item id="nev13319185n6">
<ptxt id="nev13319185n7">
<xref id="nev13319185n8">
<ref id="nev13319185n9"/>
</xref>
</ptxt>
</item>
<item id="nev13319185n10">
<ptxt id="nev13319186n1">
<xref id="nev13319186n2">
<ref id="nev13319186n3"/>
</xref>
</ptxt>
</item>
<item id="nev13319186n4">
<ptxt id="nev13319186n5">
<xref id="nev13319186n6">
<ref id="nev13319186n7"/>
</xref>
</ptxt>
</item>
<item id="nev13319186n8">
<ptxt id="nev13319186n9">
<xref id="nev13319186n10">
<ref id="nev13319187n1"/>
</xref>
</ptxt>
</item>
<item id="nev13319187n2">
<ptxt id="nev13319187n3">
<xref id="nev13319187n4">
<ref id="nev13319187n5"/>
</xref>
</ptxt>
</item>
</list1>
</servinfosub>