<?xml version="1.0" encoding="UTF-8"?><servinfosub IE-ID="en-US0900c8af843f3411" docno="VCC-277984" id="nev11213204n1" original="sv-SE" xml:lang="en-US">
<title id="nev11213204n2"> Gaskets, turbo#@#@#30#acing</title>
<imagedisclaimer id="nev11216271n248"/>
<procedure id="nev11216271n247">
<stepgrp boilerplate="true" context="removal" id="nev11216271n246">
<procstep id="nev11216271n230">
<title id="nev11216271n229"/>
<para id="nev11216271n228">
<ptxt id="nev11216271n227"> Raise the car.</ptxt>
</para>
</procstep>
<procstep id="nev11216271n245">
<title id="nev11216271n244"/>
<grate id="nev11216271n238">
<graphic id="nev11216271n237">
<href>0900c8af8005bed#@#@#9#.jpeg</href>
</graphic>
<graphtext id="nev11216271n233">
<para id="nev11216271n232">
<ptxt id="nev11216271n231">Remove the spla#@#@#21#gine.</ptxt>
</para>
</graphtext>
</grate>
</procstep>
</stepgrp>
<stepgrp id="nev11216271n206">
<procstep id="nev11216271n205">
<title id="nev11216271n204">Oil pipe removal</title>
<grate id="nev11216271n203">
<graphic id="nev11216271n202">
<href>0900c8af8005dda#@#@#9#.jpeg</href>
</graphic>
<graphtext id="nev11216271n198">
<list1 boilerplate="true" context="disassemble" enumtype="d" id="nev11216271n196" type="unordered">
<item id="nev11216271n195">
<ptxt id="nev11216271n194"> - the clamp be#@#@#60#pipe.</ptxt>
</item>
<item id="nev11216271n193">
<ptxt id="nev11216271n192"> the bolts at t#@#@#47#rger.</ptxt>
</item>
<item id="nev11216271n191">
<ptxt id="nev11216271n190"> Detach the pip#@#@#113#lock.</ptxt>
</item>
</list1>
</graphtext>
</grate>
</procstep>
<procstep id="nev11216271n189">
<title id="nev11216271n188"/>
<para id="nev11216271n187">
<ptxt id="nev11216271n186">The appearance #@#@#276#stem.</ptxt>
</para>
</procstep>
<procstep id="nev11216271n185">
<title id="nev11216271n184"/>
<grate id="nev11216271n183">
<graphic id="nev11216271n182">
<href>0900c8af8162240#@#@#9#.jpeg</href>
</graphic>
<graphtext id="nev11216271n178">
<para id="nev11216271n177">
<ptxt id="nev11216271n176">Fit pinch-off p#@#@#35#oses.</ptxt>
</para>
<list1 boilerplate="true" context="disassemble" enumtype="d" id="nev11216271n175" type="unordered">
<item id="nev11216271n174">
<ptxt id="nev11216271n173"> the hollow scr#@#@#83#side.</ptxt>
</item>
<item id="nev11216271n172">
<ptxt id="nev11216271n171"> the clamp betw#@#@#45#pipe.</ptxt>
</item>
<item id="nev11216271n170">
<ptxt id="nev11216271n169">the bolts at th#@#@#46#rger.</ptxt>
</item>
<item id="nev11216271n168">
<ptxt id="nev11216271n167">the pipe from t#@#@#105#lock.</ptxt>
</item>
</list1>
</graphtext>
</grate>
</procstep>
</stepgrp>
<stepgrp boilerplate="true" context="installation" id="nev11216271n243">
<procstep id="nev11216271n242">
<title id="nev11216271n241"/>
<note id="nev11216271n161">
<ptxt id="nev11216271n160"> For tightening#@#@#9# see <xref id="nev11216271n159">
<ref id="nev11216271n158"/>
</xref>
</ptxt>
</note>
<para id="nev11216271n240">
<ptxt id="nev11216271n239">Replace old gas#@#@#1#ets. </ptxt>
<ptxt id="nev11216271n154">Lubricate the e#@#@#38# oil.</ptxt>
<ptxt id="nev11216271n153"> Reattach the o#@#@#57#ger. </ptxt>
<ptxt id="nev11216271n152">Tighten, see: <xref id="nev11216271n166">
<ref id="nev11216271n165"/>
</xref>.</ptxt>
</para>
<para id="nev11216271n151">
<ptxt id="nev11216271n150">Reattach the co#@#@#55#d in <xref id="nev11216271n145">
<ref id="nev11216271n144"/>
</xref>.</ptxt>
</para>
</procstep>
<procstep id="nev11216271n127">
<title id="nev11216271n126"/>
<para id="nev11216271n125">
<ptxt id="nev11216271n124">Reinstall the s#@#@#24#gine.</ptxt>
</para>
</procstep>
</stepgrp>
</procedure>
</servinfosub>