<?xml version="1.0" encoding="UTF-8"?><servinfosub IE-ID="en-US0900c8af80493411" docno="VCC-081268" id="KC01498282" xml:lang="en-US">
<title> Replacing and #@#@#26#voir </title>
<procedure>
<stepgrp>
<procstep id="KC02866630">
<title>Preparations</title>
<ptxt>Clean around br#@#@#134#tem.
</ptxt>
<ptxt>Put rags under #@#@#71#lage.</ptxt>
</procstep>
<procstep id="KC02866631">
<title>Removing brake #@#@#11#voir
</title>
<ptxt>Ignition off.</ptxt>
<list1 enumtype="d" type="unordered">
<item>
<ptxt>Disconnect conn#@#@#32#sor.
</ptxt>
</item>
<item>
<ptxt>Drain brake flu#@#@#9#oir.
</ptxt>
</item>
</list1>
<grate>
<graphic id="KC09255127" width="column">
<href>0900c8af803f7b3#@#@#9#.jpeg</href>
</graphic>
<graphtext>
<list1 enumtype="d" type="unordered">
<title>Remove:</title>
<item>
<ptxt>Bolt from under#@#@#26#oir.
</ptxt>
</item>
<item>
<ptxt>Brake fluid res#@#@#24#der.
</ptxt>
</item>
<item>
<ptxt>Block hose to c#@#@#28#ers.
</ptxt>
</item>
<item>
<ptxt>Disconnect hose#@#@#76#stem.</ptxt>
</item>
</list1>
</graphtext>
</grate>
</procstep>
<procstep id="KC02866632">
<title>Cleaning and ch#@#@#1#cking</title>
<grate>
<graphic id="KC09255128" width="column">
<href>0900c8af803f7b3#@#@#9#.jpeg</href>
</graphic>
<graphtext>
<list1 enumtype="d" type="unordered">
<item>
<ptxt>Inspect brake f#@#@#54#als.
</ptxt>
</item>
</list1>
<ptxt>Use new seals i#@#@#7#sary.</ptxt>
<ptxt>Clean carefully#@#@#81#uid.
</ptxt>
</graphtext>
</grate>
</procstep>
<procstep id="KC02866633">
<title>Installing brak#@#@#13#voir
</title>
<ptxt>Check that ther#@#@#28#ons.
</ptxt>
<list1 enumtype="d" type="unordered">
<item>
<ptxt>Grease O-rings #@#@#40#ine.
</ptxt>
</item>
</list1>
<note>
<ptxt>Do not use clea#@#@#59#ine.
</ptxt>
</note>
<list1 enumtype="d" type="unordered">
<title>Install:</title>
<item>
<ptxt>Brake fluid res#@#@#23#ove.
</ptxt>
</item>
<item>
<ptxt>Bolt on undersi#@#@#42#5 Nm.</ptxt>
</item>
</list1>
<ptxt>Fill brake flui#@#@#29#uid.
</ptxt>
<ptxt>In cars with ma#@#@#14#ion:
</ptxt>
<ptxt>Connect hose to#@#@#38#iers.</ptxt>
<ptxt>Bleed clutch if#@#@#100#g up.</ptxt>
</procstep>
<procstep id="KC02866634">
<title>Finishing</title>
<list1 enumtype="d" type="unordered">
<item>
<ptxt>Connect connect#@#@#27#sor.
</ptxt>
</item>
<item>
<ptxt>Check that ther#@#@#11#aks.
</ptxt>
</item>
</list1>
<ptxt>Clean up any br#@#@#55#mpoo.</ptxt>
</procstep>
</stepgrp>
</procedure>
</servinfosub>