<?xml version="1.0" encoding="UTF-8"?><servinfosub IE-ID="en-US0900c8af80620411" docno="VCC-018361" id="KC02041137" xml:lang="en-US">
<title>
<phrase category="" id="KC08268803" phrase-urn="urn:x-nevis:phrase:0800c8af81db4f1d">Diagnostic trou#@#@#28#-1-1 </phrase>
</title>
<diagnostic id="KC02041138" type="condition">
<title>
<phrase category="" id="KC08268804" phrase-urn="urn:x-nevis:phrase:0800c8af81db4f1e"/>
</title>
<condgrp>
<condition type="condition">
<grate>
<graphic id="KC08268805">
<href>0900c8af805d906#@#@#9#.jpeg</href>
</graphic>
<graphtext>
<ptxt>
<phrase category="" id="KC08268806" phrase-urn="urn:x-nevis:phrase:0800c8af81db4f1f">      If engine#@#@#192#ored.</phrase>
</ptxt>
</graphtext>
</grate>
</condition>
</condgrp>
<condgrp>
<condition type="substitution">
<ptxt>
<phrase category="" id="KC08268807" phrase-urn="urn:x-nevis:phrase:0800c8af81db4f20">The control mod#@#@#28#km/h.</phrase>
</ptxt>
</condition>
<ps>
<list1 enumtype="d" type="unordered">
<item>
<ptxt>
<phrase category="" id="KC08268808" phrase-urn="urn:x-nevis:phrase:0800c8af81db4f21">      Short-cir#@#@#44#able.</phrase>
</ptxt>
</item>
<item>
<ptxt>
<phrase category="" id="KC08268809" phrase-urn="urn:x-nevis:phrase:0800c8af81db4f22">      Open-circ#@#@#46#SS). </phrase>
</ptxt>
</item>
<item>
<ptxt>
<phrase category="" id="KC08268810" phrase-urn="urn:x-nevis:phrase:0800c8af81db4f23">Contact resista#@#@#11#inals</phrase>
</ptxt>
</item>
<item>
<ptxt>
<phrase category="" id="KC08268811" phrase-urn="urn:x-nevis:phrase:0800c8af81db4f24">Defective speed#@#@#1#meter</phrase>
</ptxt>
</item>
<item>
<ptxt>
<phrase category="" id="KC08268812" phrase-urn="urn:x-nevis:phrase:0800c8af81db4f25">Interference on#@#@#17#gnal.</phrase>
</ptxt>
</item>
<item>
<ptxt>
<phrase category="" id="KC08268813" phrase-urn="urn:x-nevis:phrase:0800c8af81db4f26">Fault in sensor#@#@#4#cuit.</phrase>
</ptxt>
</item>
<item>
<ptxt>
<phrase category="" id="KC08268814" phrase-urn="urn:x-nevis:phrase:0800c8af81db4f27">Open-circuit on#@#@#51#nsor.</phrase>
</ptxt>
</item>
<item>
<ptxt>
<phrase category="" id="KC08268815" phrase-urn="urn:x-nevis:phrase:0800c8af81db4f28">      Defective#@#@#59#sor. </phrase>
</ptxt>
</item>
<item>
<ptxt>
<phrase category="" id="KC08268816" phrase-urn="urn:x-nevis:phrase:0800c8af81db4f2b">      Defective#@#@#36#nsor.</phrase>
</ptxt>
</item>
</list1>
</ps>
</condgrp>
<condgrp>
<condition type="symptom">
<list1>
<item>
<ptxt>
<phrase category="" id="KC08268817" phrase-urn="urn:x-nevis:phrase:0800c8af81db4f2c">No readings on #@#@#33#ause.</phrase>
</ptxt>
</item>
<item>
<ptxt>
<phrase category="" id="KC08268818" phrase-urn="urn:x-nevis:phrase:0800c8af81db4f2d">Driving problems</phrase>
</ptxt>
</item>
</list1>
</condition>
</condgrp>
</diagnostic>
</servinfosub>