<?xml version="1.0" encoding="UTF-8"?><servinfosub IE-ID="en-US0900c8af830af411" docno="VCC-141468" id="KC01335106" servinfosubId="nev20684398n1-nev20684398n2" servinfosubRes="0900c8af862b9c5d" servinfosubRes2="urn:x-nevis:fragment:0900c8af830af411:0900c8af862b9c5d#nev20684398n2" xml:lang="en-US">
<title id="nev11216650n1">Signal specification</title>
<procedure id="nev20684398n1-nev11216650n3">
<stepgrp id="nev20684398n1-KC01343005">
<procstep id="nev20684398n1-nev11216650n5">
<title id="nev20684398n1-nev11216650n7">General</title>
<note id="nev20684398n1-nev11216650n9">
<ptxt id="nev20684398n1-nev11216650n11">It is important#@#@#74#ings.</ptxt>
</note>
<para id="nev20684398n1-nev11216650n13">
<ptxt id="nev20684398n1-nev11216650n15">There may be se#@#@#154#hese.</ptxt>
</para>
<para id="nev20684398n1-nev11216650n17">
<ptxt id="nev20684398n1-nev11216650n19">For further inf#@#@#10#bout:</ptxt>
</para>
<list1 id="nev20684398n1-nev11216650n21">
<item id="nev20684398n1-nev11216650n23">
<ptxt id="nev20684398n1-nev11216650n25">connecting the #@#@#64#HM)”.</ptxt>
</item>
<item id="nev20684398n1-nev11216650n27">
<ptxt id="nev20684398n1-nev11216650n29">checking the gr#@#@#64#PHM)"</ptxt>
</item>
</list1>
<table frame="all" id="nev20684398n1-nev11216650n31" pgwide="1">
<tgroup cols="4" colsep="0" id="nev20684398n1-nev11216650n33" rowsep="0">
<colspec colwidth="55*" id="nev20684398n1-nev11216650n35"/>
<colspec colwidth="144*" id="nev20684398n1-nev11216650n36"/>
<colspec colwidth="53*" id="nev20684398n1-nev11216650n37"/>
<colspec colwidth="204*" id="nev20684398n1-nev11216650n38"/>
<tbody id="nev20684398n1-nev11216650n39">
<row id="nev20684398n1-nev11216650n41">
<entry align="left" id="nev20684398n1-nev11216650n43" valign="top">
<ptxt id="nev20684398n1-nev11216650n45">U=</ptxt>
</entry>
<entry align="left" id="nev20684398n1-nev11216650n47" valign="top">
<ptxt id="nev20684398n1-nev11216650n49">DC voltage in v#@#@#3#s (V)</ptxt>
</entry>
<entry align="left" id="nev20684398n1-nev11216650n51" valign="top">
<ptxt id="nev20684398n1-nev11216650n53">U<sub id="nev20684398n1-nev11216650n55">AC</sub> =</ptxt>
</entry>
<entry align="left" id="nev20684398n1-nev11216650n57" valign="top">
<ptxt id="nev20684398n1-nev11216650n59">AC voltage in v#@#@#4# (V) </ptxt>
</entry>
</row>
<row id="nev20684398n1-nev11216650n61">
<entry align="left" id="nev20684398n1-nev11216650n63" valign="top">
<ptxt id="nev20684398n1-nev11216650n65">U<sub id="nev20684398n1-nev11216650n67">bat</sub> =</ptxt>
</entry>
<entry align="left" id="nev20684398n1-nev11216650n69" valign="top">
<ptxt id="nev20684398n1-nev11216650n71">Battery voltage (V)</ptxt>
</entry>
<entry align="left" id="nev20684398n1-nev11216650n73" valign="top">
<ptxt id="nev20684398n1-nev11216650n75">f =</ptxt>
</entry>
<entry align="left" id="nev20684398n1-nev11216650n77" valign="top">
<ptxt id="nev20684398n1-nev11216650n79">Frequency in He#@#@#3# (Hz)</ptxt>
</entry>
</row>
<row id="nev20684398n1-nev11216650n81">
<entry align="left" id="nev20684398n1-nev11216650n83" valign="top">
<ptxt id="nev20684398n1-nev11216650n85">U<sub id="nev20684398n1-nev11216650n87">low</sub> =</ptxt>
</entry>
<entry align="left" id="nev20684398n1-nev11216650n89" valign="top">
<ptxt id="nev20684398n1-nev11216650n91">Voltage approxi#@#@#5#y 0 V</ptxt>
</entry>
<entry align="left" id="nev20684398n1-nev11216650n93" valign="top">
<ptxt id="nev20684398n1-nev11216650n95">t =</ptxt>
</entry>
<entry align="left" id="nev20684398n1-nev11216650n97" valign="top">
<ptxt id="nev20684398n1-nev11216650n99">Time in seconds</ptxt>
</entry>
</row>
<row id="nev20684398n1-nev11216650n101">
<entry align="left" id="nev20684398n1-nev11216650n103" valign="top">
<ptxt id="nev20684398n1-nev11216650n105">PWM =</ptxt>
</entry>
<entry align="left" id="nev20684398n1-nev11216650n107" valign="top">
<ptxt id="nev20684398n1-nev11216650n109">Pulse width mod#@#@#15#s a %</ptxt>
</entry>
<entry id="nev20684398n1-nev11216650n111"/>
<entry id="nev20684398n1-nev11216650n113"/>
</row>
</tbody>
</tgroup>
</table>
</procstep>
</stepgrp>
<stepgrp id="nev20684398n1-KC01343006">
<procstep id="nev20684398n1-KC01343007">
<title id="nev20684398n1-nev11216650n115">Connector A, ph#@#@#11#(PHM)</title>
<grate id="nev20684398n1-nev11216650n117">
<graphic id="nev20684398n1-KC05373703">
<href>0900c8af80058a6#@#@#9#.jpeg</href>
</graphic>
<graphtext id="nev20684398n1-nev11216650n123">
<table frame="all" id="nev20684398n1-nev11216650n125" pgwide="1">
<tgroup cols="5" colsep="1" id="nev20684398n1-nev11216650n127" rowsep="1">
<colspec colwidth="71*" id="nev20684398n1-nev11216650n129"/>
<colspec colwidth="58*" id="nev20684398n1-nev11216650n130"/>
<colspec colwidth="152*" id="nev20684398n1-nev11216650n131"/>
<colspec colwidth="126*" id="nev20684398n1-nev11216650n132"/>
<colspec colwidth="49*" id="nev20684398n1-nev11216650n133"/>
<thead id="nev20684398n1-nev11216650n134">
<row id="nev20684398n1-nev11216650n136">
<entry align="left" id="nev20684398n1-nev11216650n138" valign="top">
<ptxt id="nev20684398n1-nev11216650n140">
<emph id="nev20684398n1-nev11216650n142">Control module #@#@#3#minal</emph>
</ptxt>
</entry>
<entry align="left" id="nev20684398n1-nev11216650n144" valign="top">
<ptxt id="nev20684398n1-nev11216650n146">
<emph id="nev20684398n1-nev11216650n148">Breakout box te#@#@#1#minal</emph>
</ptxt>
</entry>
<entry align="left" id="nev20684398n1-nev11216650n150" valign="top">
<ptxt id="nev20684398n1-nev11216650n152">
<emph id="nev20684398n1-nev11216650n154">Signal type</emph>
</ptxt>
</entry>
<entry align="left" id="nev20684398n1-nev11216650n156" valign="top">
<ptxt id="nev20684398n1-nev11216650n158">
<emph id="nev20684398n1-nev11216650n160">Ignition on</emph>
</ptxt>
</entry>
<entry align="left" id="nev20684398n1-nev11216650n162" valign="top">
<ptxt id="nev20684398n1-nev11216650n164">
<emph id="nev20684398n1-nev11216650n166">Other</emph>
</ptxt>
</entry>
</row>
</thead>
<tbody id="nev20684398n1-nev11216650n168">
<row id="nev20684398n1-nev11216650n170">
<entry align="left" id="nev20684398n1-nev11216650n172" valign="top">
<ptxt id="nev20684398n1-nev11216650n174">A1</ptxt>
</entry>
<entry align="left" id="nev20684398n1-nev11216650n176" valign="top">
<ptxt id="nev20684398n1-nev11216650n178">#1</ptxt>
</entry>
<entry align="left" id="nev20684398n1-nev11216650n180" valign="top">
<ptxt id="nev20684398n1-nev11216650n182">Power ground</ptxt>
</entry>
<entry align="left" id="nev20684398n1-nev11216650n184" valign="top">
<ptxt id="nev20684398n1-nev11216650n186">U<sub id="nev20684398n1-nev11216656n65">low</sub>
</ptxt>
</entry>
<entry align="left" id="nev20684398n1-nev11216650n188" valign="top">
<ptxt id="nev20684398n1-nev11216650n190">-</ptxt>
</entry>
</row>
<row id="nev20684398n1-nev11216650n192">
<entry align="left" id="nev20684398n1-nev11216650n194" valign="top">
<ptxt id="nev20684398n1-nev11216650n196">A2</ptxt>
</entry>
<entry align="left" id="nev20684398n1-nev11216650n198" valign="top">
<ptxt id="nev20684398n1-nev11216650n200">#2</ptxt>
</entry>
<entry align="left" id="nev20684398n1-nev11216650n202" valign="top">
<ptxt id="nev20684398n1-nev11216650n204">+30 supply</ptxt>
</entry>
<entry align="left" id="nev20684398n1-nev11216650n206" valign="top">
<ptxt id="nev20684398n1-nev11216650n208">U<sub id="nev20684398n1-nev11216659n204">bat</sub>
</ptxt>
</entry>
<entry align="left" id="nev20684398n1-nev11216650n210" valign="top">
<ptxt id="nev20684398n1-nev11216650n212">-</ptxt>
</entry>
</row>
<row id="nev20684398n1-nev11216650n214">
<entry align="left" id="nev20684398n1-nev11216650n216" valign="top">
<ptxt id="nev20684398n1-nev11216650n218">A3</ptxt>
</entry>
<entry align="left" id="nev20684398n1-nev11216650n220" valign="top">
<ptxt id="nev20684398n1-nev11216650n222">#3</ptxt>
</entry>
<entry align="left" id="nev20684398n1-nev11216650n224" valign="top">
<ptxt id="nev20684398n1-nev11216650n226">-</ptxt>
</entry>
<entry align="left" id="nev20684398n1-nev11216650n228" valign="top">
<ptxt id="nev20684398n1-nev11216650n230">-</ptxt>
</entry>
<entry align="left" id="nev20684398n1-nev11216650n232" valign="top">
<ptxt id="nev20684398n1-nev11216650n234">-</ptxt>
</entry>
</row>
<row id="nev20684398n1-nev11216650n236">
<entry align="left" id="nev20684398n1-nev11216650n238" valign="top">
<ptxt id="nev20684398n1-nev11216650n240">A4</ptxt>
</entry>
<entry align="left" id="nev20684398n1-nev11216650n242" valign="top">
<ptxt id="nev20684398n1-nev11216650n244">#4</ptxt>
</entry>
<entry align="left" id="nev20684398n1-nev11216650n246" valign="top">
<ptxt id="nev20684398n1-nev11216650n248">CAN (L)</ptxt>
</entry>
<entry align="left" id="nev20684398n1-nev11216650n250" valign="top">
<ptxt id="nev20684398n1-nev11216651n2">Digital signal</ptxt>
</entry>
<entry align="left" id="nev20684398n1-nev11216651n4" valign="top">
<ptxt id="nev20684398n1-nev11216651n6">-</ptxt>
</entry>
</row>
<row id="nev20684398n1-nev11216651n8">
<entry align="left" id="nev20684398n1-nev11216651n10" valign="top">
<ptxt id="nev20684398n1-nev11216651n12">A5</ptxt>
</entry>
<entry align="left" id="nev20684398n1-nev11216651n14" valign="top">
<ptxt id="nev20684398n1-nev11216651n16">#5</ptxt>
</entry>
<entry align="left" id="nev20684398n1-nev11216651n18" valign="top">
<ptxt id="nev20684398n1-nev11216651n20">-</ptxt>
</entry>
<entry align="left" id="nev20684398n1-nev11216651n22" valign="top">
<ptxt id="nev20684398n1-nev11216651n24">-</ptxt>
</entry>
<entry align="left" id="nev20684398n1-nev11216651n26" valign="top">
<ptxt id="nev20684398n1-nev11216651n28">-</ptxt>
</entry>
</row>
<row id="nev20684398n1-nev11216651n30">
<entry align="left" id="nev20684398n1-nev11216651n32" valign="top">
<ptxt id="nev20684398n1-nev11216651n34">A6</ptxt>
</entry>
<entry align="left" id="nev20684398n1-nev11216651n36" valign="top">
<ptxt id="nev20684398n1-nev11216651n38">#6</ptxt>
</entry>
<entry align="left" id="nev20684398n1-nev11216651n40" valign="top">
<ptxt id="nev20684398n1-nev11216651n42">-</ptxt>
</entry>
<entry align="left" id="nev20684398n1-nev11216651n44" valign="top">
<ptxt id="nev20684398n1-nev11216651n46">-</ptxt>
</entry>
<entry align="left" id="nev20684398n1-nev11216651n48" valign="top">
<ptxt id="nev20684398n1-nev11216651n50">-</ptxt>
</entry>
</row>
<row id="nev20684398n1-nev11216651n52">
<entry align="left" id="nev20684398n1-nev11216651n54" valign="top">
<ptxt id="nev20684398n1-nev11216651n56">A7</ptxt>
</entry>
<entry align="left" id="nev20684398n1-nev11216651n58" valign="top">
<ptxt id="nev20684398n1-nev11216651n60">#7</ptxt>
</entry>
<entry align="left" id="nev20684398n1-nev11216651n62" valign="top">
<ptxt id="nev20684398n1-nev11216651n64">Power supply, S#@#@#2# card</ptxt>
</entry>
<entry align="left" id="nev20684398n1-nev11216651n66" valign="top">
<ptxt id="nev20684398n1-nev11216651n68">U=2.8 V</ptxt>
</entry>
<entry align="left" id="nev20684398n1-nev11216651n70" valign="top">
<ptxt id="nev20684398n1-nev11216651n72">-</ptxt>
</entry>
</row>
<row id="nev20684398n1-nev11216651n74">
<entry align="left" id="nev20684398n1-nev11216651n76" valign="top">
<ptxt id="nev20684398n1-nev11216651n78">A8</ptxt>
</entry>
<entry align="left" id="nev20684398n1-nev11216651n80" valign="top">
<ptxt id="nev20684398n1-nev11216651n82">#8</ptxt>
</entry>
<entry align="left" id="nev20684398n1-nev11216651n84" valign="top">
<ptxt id="nev20684398n1-nev11216651n86">Signal ground, #@#@#3# card</ptxt>
</entry>
<entry align="left" id="nev20684398n1-nev11216651n88" valign="top">
<ptxt id="nev20684398n1-nev11216651n90">Ulow</ptxt>
</entry>
<entry align="left" id="nev20684398n1-nev11216651n92" valign="top">
<ptxt id="nev20684398n1-nev11216651n94">-</ptxt>
</entry>
</row>
<row id="nev20684398n1-nev11216651n96">
<entry align="left" id="nev20684398n1-nev11216651n98" valign="top">
<ptxt id="nev20684398n1-nev11216651n100">A9</ptxt>
</entry>
<entry align="left" id="nev20684398n1-nev11216651n102" valign="top">
<ptxt id="nev20684398n1-nev11216651n104">#9</ptxt>
</entry>
<entry align="left" id="nev20684398n1-nev11216651n106" valign="top">
<ptxt id="nev20684398n1-nev11216651n108">Clock signal to#@#@#8# card</ptxt>
</entry>
<entry align="left" id="nev20684398n1-nev11216651n110" valign="top">
<ptxt id="nev20684398n1-nev11216651n112">Quadratic signal</ptxt>
</entry>
<entry align="left" id="nev20684398n1-nev11216651n114" valign="top">
<ptxt id="nev20684398n1-nev11216651n116">-</ptxt>
</entry>
</row>
<row id="nev20684398n1-nev11216651n118">
<entry align="left" id="nev20684398n1-nev11216651n120" valign="top">
<ptxt id="nev20684398n1-nev11216651n122">A10</ptxt>
</entry>
<entry align="left" id="nev20684398n1-nev11216651n124" valign="top">
<ptxt id="nev20684398n1-nev11216651n126">#10</ptxt>
</entry>
<entry align="left" id="nev20684398n1-nev11216651n128" valign="top">
<ptxt id="nev20684398n1-nev11216651n130">-</ptxt>
</entry>
<entry align="left" id="nev20684398n1-nev11216651n132" valign="top">
<ptxt id="nev20684398n1-nev11216651n134">-</ptxt>
</entry>
<entry align="left" id="nev20684398n1-nev11216651n136" valign="top">
<ptxt id="nev20684398n1-nev11216651n138">-</ptxt>
</entry>
</row>
<row id="nev20684398n1-nev11216651n140">
<entry align="left" id="nev20684398n1-nev11216651n142" valign="top">
<ptxt id="nev20684398n1-nev11216651n144">A11</ptxt>
</entry>
<entry align="left" id="nev20684398n1-nev11216651n146" valign="top">
<ptxt id="nev20684398n1-nev11216651n148">#11</ptxt>
</entry>
<entry align="left" id="nev20684398n1-nev11216651n150" valign="top">
<ptxt id="nev20684398n1-nev11216651n152">-</ptxt>
</entry>
<entry align="left" id="nev20684398n1-nev11216651n154" valign="top">
<ptxt id="nev20684398n1-nev11216651n156">-</ptxt>
</entry>
<entry align="left" id="nev20684398n1-nev11216651n158" valign="top">
<ptxt id="nev20684398n1-nev11216651n160">-</ptxt>
</entry>
</row>
<row id="nev20684398n1-nev11216651n162">
<entry align="left" id="nev20684398n1-nev11216651n164" valign="top">
<ptxt id="nev20684398n1-nev11216651n166">A12</ptxt>
</entry>
<entry align="left" id="nev20684398n1-nev11216651n168" valign="top">
<ptxt id="nev20684398n1-nev11216651n170">#12</ptxt>
</entry>
<entry align="left" id="nev20684398n1-nev11216651n172" valign="top">
<ptxt id="nev20684398n1-nev11216651n174">-</ptxt>
</entry>
<entry align="left" id="nev20684398n1-nev11216651n176" valign="top">
<ptxt id="nev20684398n1-nev11216651n178">-</ptxt>
</entry>
<entry align="left" id="nev20684398n1-nev11216651n180" valign="top">
<ptxt id="nev20684398n1-nev11216651n182">-</ptxt>
</entry>
</row>
<row id="nev20684398n1-nev11216651n184">
<entry align="left" id="nev20684398n1-nev11216651n186" valign="top">
<ptxt id="nev20684398n1-nev11216651n188">A13</ptxt>
</entry>
<entry align="left" id="nev20684398n1-nev11216651n190" valign="top">
<ptxt id="nev20684398n1-nev11216651n192">#13</ptxt>
</entry>
<entry align="left" id="nev20684398n1-nev11216651n194" valign="top">
<ptxt id="nev20684398n1-nev11216651n196">-</ptxt>
</entry>
<entry align="left" id="nev20684398n1-nev11216651n198" valign="top">
<ptxt id="nev20684398n1-nev11216651n200">-</ptxt>
</entry>
<entry align="left" id="nev20684398n1-nev11216651n202" valign="top">
<ptxt id="nev20684398n1-nev11216651n204">-</ptxt>
</entry>
</row>
<row id="nev20684398n1-nev11216651n206">
<entry align="left" id="nev20684398n1-nev11216651n208" valign="top">
<ptxt id="nev20684398n1-nev11216651n210">A14</ptxt>
</entry>
<entry align="left" id="nev20684398n1-nev11216651n212" valign="top">
<ptxt id="nev20684398n1-nev11216651n214">#14</ptxt>
</entry>
<entry align="left" id="nev20684398n1-nev11216651n216" valign="top">
<ptxt id="nev20684398n1-nev11216651n218">CAN (H)</ptxt>
</entry>
<entry align="left" id="nev20684398n1-nev11216651n220" valign="top">
<ptxt id="nev20684398n1-nev11216651n222">Digital signal</ptxt>
</entry>
<entry align="left" id="nev20684398n1-nev11216651n224" valign="top">
<ptxt id="nev20684398n1-nev11216651n226">-</ptxt>
</entry>
</row>
<row id="nev20684398n1-nev11216651n228">
<entry align="left" id="nev20684398n1-nev11216651n230" valign="top">
<ptxt id="nev20684398n1-nev11216651n232">A15</ptxt>
</entry>
<entry align="left" id="nev20684398n1-nev11216651n234" valign="top">
<ptxt id="nev20684398n1-nev11216651n236">#15</ptxt>
</entry>
<entry align="left" id="nev20684398n1-nev11216651n238" valign="top">
<ptxt id="nev20684398n1-nev11216651n240">-</ptxt>
</entry>
<entry align="left" id="nev20684398n1-nev11216651n242" valign="top">
<ptxt id="nev20684398n1-nev11216651n244">-</ptxt>
</entry>
<entry align="left" id="nev20684398n1-nev11216651n246" valign="top">
<ptxt id="nev20684398n1-nev11216651n248">-</ptxt>
</entry>
</row>
<row id="nev20684398n1-nev11216651n250">
<entry align="left" id="nev20684398n1-nev11216652n2" valign="top">
<ptxt id="nev20684398n1-nev11216652n4">A16</ptxt>
</entry>
<entry align="left" id="nev20684398n1-nev11216652n6" valign="top">
<ptxt id="nev20684398n1-nev11216652n8">#16</ptxt>
</entry>
<entry align="left" id="nev20684398n1-nev11216652n10" valign="top">
<ptxt id="nev20684398n1-nev11216652n12">-</ptxt>
</entry>
<entry align="left" id="nev20684398n1-nev11216652n14" valign="top">
<ptxt id="nev20684398n1-nev11216652n16">-</ptxt>
</entry>
<entry align="left" id="nev20684398n1-nev11216652n18" valign="top">
<ptxt id="nev20684398n1-nev11216652n20">-</ptxt>
</entry>
</row>
<row id="nev20684398n1-nev11216652n22">
<entry align="left" id="nev20684398n1-nev11216652n24" valign="top">
<ptxt id="nev20684398n1-nev11216652n26">A17</ptxt>
</entry>
<entry align="left" id="nev20684398n1-nev11216652n28" valign="top">
<ptxt id="nev20684398n1-nev11216652n30">#17</ptxt>
</entry>
<entry align="left" id="nev20684398n1-nev11216652n32" valign="top">
<ptxt id="nev20684398n1-nev11216652n34">-</ptxt>
</entry>
<entry align="left" id="nev20684398n1-nev11216652n36" valign="top">
<ptxt id="nev20684398n1-nev11216652n38">-</ptxt>
</entry>
<entry align="left" id="nev20684398n1-nev11216652n40" valign="top">
<ptxt id="nev20684398n1-nev11216652n42">-</ptxt>
</entry>
</row>
<row id="nev20684398n1-nev11216652n44">
<entry align="left" id="nev20684398n1-nev11216652n46" valign="top">
<ptxt id="nev20684398n1-nev11216652n48">A18</ptxt>
</entry>
<entry align="left" id="nev20684398n1-nev11216652n50" valign="top">
<ptxt id="nev20684398n1-nev11216652n52">#18</ptxt>
</entry>
<entry align="left" id="nev20684398n1-nev11216652n54" valign="top">
<ptxt id="nev20684398n1-nev11216652n56">-</ptxt>
</entry>
<entry align="left" id="nev20684398n1-nev11216652n58" valign="top">
<ptxt id="nev20684398n1-nev11216652n60">-</ptxt>
</entry>
<entry align="left" id="nev20684398n1-nev11216652n62" valign="top">
<ptxt id="nev20684398n1-nev11216652n64">-</ptxt>
</entry>
</row>
<row id="nev20684398n1-nev11216652n66">
<entry align="left" id="nev20684398n1-nev11216652n68" valign="top">
<ptxt id="nev20684398n1-nev11216652n70">A19</ptxt>
</entry>
<entry align="left" id="nev20684398n1-nev11216652n72" valign="top">
<ptxt id="nev20684398n1-nev11216652n74">#19</ptxt>
</entry>
<entry align="left" id="nev20684398n1-nev11216652n76" valign="top">
<ptxt id="nev20684398n1-nev11216652n78">Control signal,#@#@#4# card</ptxt>
</entry>
<entry align="left" id="nev20684398n1-nev11216652n80" valign="top">
<ptxt id="nev20684398n1-nev11216652n82">Pulsed signal</ptxt>
</entry>
<entry align="left" id="nev20684398n1-nev11216652n84" valign="top">
<ptxt id="nev20684398n1-nev11216652n86">-</ptxt>
</entry>
</row>
<row id="nev20684398n1-nev11216652n88">
<entry align="left" id="nev20684398n1-nev11216652n90" valign="top">
<ptxt id="nev20684398n1-nev11216652n92">A20</ptxt>
</entry>
<entry align="left" id="nev20684398n1-nev11216652n94" valign="top">
<ptxt id="nev20684398n1-nev11216652n96">#20</ptxt>
</entry>
<entry align="left" id="nev20684398n1-nev11216652n98" valign="top">
<ptxt id="nev20684398n1-nev11216652n100">Diagnostic lead#@#@#5# card</ptxt>
</entry>
<entry align="left" id="nev20684398n1-nev11216652n102" valign="top">
<ptxt id="nev20684398n1-nev11216652n104">-</ptxt>
</entry>
<entry align="left" id="nev20684398n1-nev11216652n106" valign="top">
<ptxt id="nev20684398n1-nev11216652n108">-</ptxt>
</entry>
</row>
<row id="nev20684398n1-nev11216652n110">
<entry align="left" id="nev20684398n1-nev11216652n112" valign="top">
<ptxt id="nev20684398n1-nev11216652n114">A21</ptxt>
</entry>
<entry align="left" id="nev20684398n1-nev11216652n116" valign="top">
<ptxt id="nev20684398n1-nev11216652n118">#21</ptxt>
</entry>
<entry align="left" id="nev20684398n1-nev11216652n120" valign="top">
<ptxt id="nev20684398n1-nev11216652n122">Communication c#@#@#9# card</ptxt>
</entry>
<entry align="left" id="nev20684398n1-nev11216652n124" valign="top">
<ptxt id="nev20684398n1-nev11216652n126">Pulsed signal</ptxt>
</entry>
<entry align="left" id="nev20684398n1-nev11216652n128" valign="top">
<ptxt id="nev20684398n1-nev11216652n130">-</ptxt>
</entry>
</row>
<row id="nev20684398n1-nev11216652n132">
<entry align="left" id="nev20684398n1-nev11216652n134" valign="top">
<ptxt id="nev20684398n1-nev11216652n136">A22</ptxt>
</entry>
<entry align="left" id="nev20684398n1-nev11216652n138" valign="top">
<ptxt id="nev20684398n1-nev11216652n140">#22</ptxt>
</entry>
<entry align="left" id="nev20684398n1-nev11216652n142" valign="top">
<ptxt id="nev20684398n1-nev11216652n144">-</ptxt>
</entry>
<entry align="left" id="nev20684398n1-nev11216652n146" valign="top">
<ptxt id="nev20684398n1-nev11216652n148">-</ptxt>
</entry>
<entry align="left" id="nev20684398n1-nev11216652n150" valign="top">
<ptxt id="nev20684398n1-nev11216652n152">-</ptxt>
</entry>
</row>
</tbody>
</tgroup>
</table>
</graphtext>
</grate>
</procstep>
<procstep id="nev20684398n1-KC01343008">
<title id="nev20684398n1-nev11216652n154">Connector B, ph#@#@#11#(PHM)</title>
<grate id="nev20684398n1-nev11216652n156">
<graphic id="nev20684398n1-KC05373704">
<href>0900c8af80058b0#@#@#9#.jpeg</href>
</graphic>
<graphtext id="nev20684398n1-nev11216652n162">
<table frame="all" id="nev20684398n1-nev11216652n164" pgwide="1">
<tgroup cols="5" colsep="1" id="nev20684398n1-nev11216652n166" rowsep="1">
<colspec colwidth="71*" id="nev20684398n1-nev11216652n168"/>
<colspec colwidth="58*" id="nev20684398n1-nev11216652n169"/>
<colspec colname="col3" colwidth="145*" id="nev20684398n1-nev11216652n170"/>
<colspec colwidth="132*" id="nev20684398n1-nev11216652n171"/>
<colspec colwidth="50*" id="nev20684398n1-nev11216652n172"/>
<thead id="nev20684398n1-nev11216652n173">
<row id="nev20684398n1-nev11216652n175">
<entry align="left" id="nev20684398n1-nev11216652n177" valign="top">
<ptxt id="nev20684398n1-nev11216652n179">
<emph id="nev20684398n1-nev11216652n181">Control module #@#@#3#minal</emph>
</ptxt>
</entry>
<entry align="left" id="nev20684398n1-nev11216652n183" valign="top">
<ptxt id="nev20684398n1-nev11216652n185">
<emph id="nev20684398n1-nev11216652n187">Breakout box te#@#@#1#minal</emph>
</ptxt>
</entry>
<entry align="left" id="nev20684398n1-nev11216652n189" valign="top">
<ptxt id="nev20684398n1-nev11216652n191">
<emph id="nev20684398n1-nev11216652n193">Signal type</emph>
</ptxt>
</entry>
<entry align="left" id="nev20684398n1-nev11216652n195" valign="top">
<ptxt id="nev20684398n1-nev11216652n197">
<emph id="nev20684398n1-nev11216652n199">Ignition on</emph>
</ptxt>
</entry>
<entry align="left" id="nev20684398n1-nev11216652n201" valign="top">
<ptxt id="nev20684398n1-nev11216652n203">
<emph id="nev20684398n1-nev11216652n205">Other</emph>
</ptxt>
</entry>
</row>
</thead>
<tbody id="nev20684398n1-nev11216652n207">
<row id="nev20684398n1-nev11216652n209">
<entry align="left" id="nev20684398n1-nev11216652n211" valign="top">
<ptxt id="nev20684398n1-nev11216652n213">B1</ptxt>
</entry>
<entry align="left" id="nev20684398n1-nev11216652n215" valign="top">
<ptxt id="nev20684398n1-nev11216652n217">#43</ptxt>
</entry>
<entry align="left" id="nev20684398n1-nev11216652n219" valign="top">
<ptxt id="nev20684398n1-nev11216652n221">-</ptxt>
</entry>
<entry align="left" id="nev20684398n1-nev11216652n223" valign="top">
<ptxt id="nev20684398n1-nev11216652n225">-</ptxt>
</entry>
<entry align="left" id="nev20684398n1-nev11216652n227" valign="top">
<ptxt id="nev20684398n1-nev11216652n229">-</ptxt>
</entry>
</row>
<row id="nev20684398n1-nev11216652n231">
<entry align="left" id="nev20684398n1-nev11216652n233" valign="top">
<ptxt id="nev20684398n1-nev11216652n235">B2</ptxt>
</entry>
<entry align="left" id="nev20684398n1-nev11216652n237" valign="top">
<ptxt id="nev20684398n1-nev11216652n239">#44</ptxt>
</entry>
<entry align="left" id="nev20684398n1-nev11216652n241" valign="top">
<ptxt id="nev20684398n1-nev11216652n243">-</ptxt>
</entry>
<entry align="left" id="nev20684398n1-nev11216652n245" valign="top">
<ptxt id="nev20684398n1-nev11216652n247">-</ptxt>
</entry>
<entry align="left" id="nev20684398n1-nev11216652n249" valign="top">
<ptxt id="nev20684398n1-nev11216653n1">-</ptxt>
</entry>
</row>
<row id="nev20684398n1-nev11216653n3">
<entry align="left" id="nev20684398n1-nev11216653n5" valign="top">
<ptxt id="nev20684398n1-nev11216653n7">B3</ptxt>
</entry>
<entry align="left" id="nev20684398n1-nev11216653n9" valign="top">
<ptxt id="nev20684398n1-nev11216653n11">#45</ptxt>
</entry>
<entry align="left" id="nev20684398n1-nev11216653n13" valign="top">
<ptxt id="nev20684398n1-nev11216653n15">-</ptxt>
</entry>
<entry align="left" id="nev20684398n1-nev11216653n17" valign="top">
<ptxt id="nev20684398n1-nev11216653n19">-</ptxt>
</entry>
<entry align="left" id="nev20684398n1-nev11216653n21" valign="top">
<ptxt id="nev20684398n1-nev11216653n23">-</ptxt>
</entry>
</row>
<row id="nev20684398n1-nev11216653n25">
<entry align="left" id="nev20684398n1-nev11216653n27" valign="top">
<ptxt id="nev20684398n1-nev11216653n29">B4</ptxt>
</entry>
<entry align="left" id="nev20684398n1-nev11216653n31" valign="top">
<ptxt id="nev20684398n1-nev11216653n33">#46</ptxt>
</entry>
<entry align="left" id="nev20684398n1-nev11216653n35" valign="top">
<ptxt id="nev20684398n1-nev11216653n37">-</ptxt>
</entry>
<entry align="left" id="nev20684398n1-nev11216653n39" valign="top">
<ptxt id="nev20684398n1-nev11216653n41">-</ptxt>
</entry>
<entry align="left" id="nev20684398n1-nev11216653n43" valign="top">
<ptxt id="nev20684398n1-nev11216653n45">-</ptxt>
</entry>
</row>
<row id="nev20684398n1-nev11216653n47">
<entry align="left" id="nev20684398n1-nev11216653n49" valign="top">
<ptxt id="nev20684398n1-nev11216653n51">B5</ptxt>
</entry>
<entry align="left" id="nev20684398n1-nev11216653n53" valign="top">
<ptxt id="nev20684398n1-nev11216653n55">#47</ptxt>
</entry>
<entry align="left" id="nev20684398n1-nev11216653n57" valign="top">
<ptxt id="nev20684398n1-nev11216653n59">-</ptxt>
</entry>
<entry align="left" id="nev20684398n1-nev11216653n61" valign="top">
<ptxt id="nev20684398n1-nev11216653n63">-</ptxt>
</entry>
<entry align="left" id="nev20684398n1-nev11216653n65" valign="top">
<ptxt id="nev20684398n1-nev11216653n67">-</ptxt>
</entry>
</row>
<row id="nev20684398n1-nev11216653n69">
<entry align="left" id="nev20684398n1-nev11216653n71" valign="top">
<ptxt id="nev20684398n1-nev11216653n73">B6</ptxt>
</entry>
<entry align="left" id="nev20684398n1-nev11216653n75" valign="top">
<ptxt id="nev20684398n1-nev11216653n77">#48</ptxt>
</entry>
<entry align="left" id="nev20684398n1-nev11216653n79" valign="top">
<ptxt id="nev20684398n1-nev11216653n81">Handset, ground</ptxt>
</entry>
<entry align="left" id="nev20684398n1-nev11216653n83" valign="top">
<ptxt id="nev20684398n1-nev11216653n85">U<sub id="nev20684398n1-nev11216666n150">low</sub>
</ptxt>
</entry>
<entry align="left" id="nev20684398n1-nev11216653n87" valign="top">
<ptxt id="nev20684398n1-nev11216653n89">-</ptxt>
</entry>
</row>
<row id="nev20684398n1-nev11216653n91">
<entry align="left" id="nev20684398n1-nev11216653n93" valign="top">
<ptxt id="nev20684398n1-nev11216653n95">B7</ptxt>
</entry>
<entry align="left" id="nev20684398n1-nev11216653n97" valign="top">
<ptxt id="nev20684398n1-nev11216653n99">#49</ptxt>
</entry>
<entry align="left" id="nev20684398n1-nev11216653n101" valign="top">
<ptxt id="nev20684398n1-nev11216653n103">-</ptxt>
</entry>
<entry align="left" id="nev20684398n1-nev11216653n105" valign="top">
<ptxt id="nev20684398n1-nev11216653n107">-</ptxt>
</entry>
<entry align="left" id="nev20684398n1-nev11216653n109" valign="top">
<ptxt id="nev20684398n1-nev11216653n111">-</ptxt>
</entry>
</row>
<row id="nev20684398n1-nev11216653n113">
<entry align="left" id="nev20684398n1-nev11216653n115" valign="top">
<ptxt id="nev20684398n1-nev11216653n117">B8</ptxt>
</entry>
<entry align="left" id="nev20684398n1-nev11216653n119" valign="top">
<ptxt id="nev20684398n1-nev11216653n121">#50</ptxt>
</entry>
<entry align="left" id="nev20684398n1-nev11216653n123" valign="top">
<ptxt id="nev20684398n1-nev11216653n125">-</ptxt>
</entry>
<entry align="left" id="nev20684398n1-nev11216653n127" valign="top">
<ptxt id="nev20684398n1-nev11216653n129">-</ptxt>
</entry>
<entry align="left" id="nev20684398n1-nev11216653n131" valign="top">
<ptxt id="nev20684398n1-nev11216653n133">-</ptxt>
</entry>
</row>
<row id="nev20684398n1-nev11216653n135">
<entry align="left" id="nev20684398n1-nev11216653n137" valign="top">
<ptxt id="nev20684398n1-nev11216653n139">B9</ptxt>
</entry>
<entry align="left" id="nev20684398n1-nev11216653n141" valign="top">
<ptxt id="nev20684398n1-nev11216653n143">#51</ptxt>
</entry>
<entry align="left" id="nev20684398n1-nev11216653n145" valign="top">
<ptxt id="nev20684398n1-nev11216653n147">-</ptxt>
</entry>
<entry align="left" id="nev20684398n1-nev11216653n149" valign="top">
<ptxt id="nev20684398n1-nev11216653n151">-</ptxt>
</entry>
<entry align="left" id="nev20684398n1-nev11216653n153" valign="top">
<ptxt id="nev20684398n1-nev11216653n155">-</ptxt>
</entry>
</row>
<row id="nev20684398n1-nev11216653n157">
<entry align="left" id="nev20684398n1-nev11216653n159" valign="top">
<ptxt id="nev20684398n1-nev11216653n161">B10</ptxt>
</entry>
<entry align="left" id="nev20684398n1-nev11216653n163" valign="top">
<ptxt id="nev20684398n1-nev11216653n165">#52</ptxt>
</entry>
<entry align="left" id="nev20684398n1-nev11216653n167" valign="top">
<ptxt id="nev20684398n1-nev11216653n169">-</ptxt>
</entry>
<entry align="left" id="nev20684398n1-nev11216653n171" valign="top">
<ptxt id="nev20684398n1-nev11216653n173">-</ptxt>
</entry>
<entry align="left" id="nev20684398n1-nev11216653n175" valign="top">
<ptxt id="nev20684398n1-nev11216653n177">-</ptxt>
</entry>
</row>
<row id="nev20684398n1-nev11216653n179">
<entry align="left" id="nev20684398n1-nev11216653n181" valign="top">
<ptxt id="nev20684398n1-nev11216653n183">B11</ptxt>
</entry>
<entry align="left" id="nev20684398n1-nev11216653n185" valign="top">
<ptxt id="nev20684398n1-nev11216653n187">#53</ptxt>
</entry>
<entry align="left" id="nev20684398n1-nev11216653n189" valign="top">
<ptxt id="nev20684398n1-nev11216653n191">Handset, power #@#@#2#pply </ptxt>
</entry>
<entry align="left" id="nev20684398n1-nev11216653n193" valign="top">
<ptxt id="nev20684398n1-nev11216653n195">U=12 V when the#@#@#31#=0 V </ptxt>
</entry>
<entry align="left" id="nev20684398n1-nev11216653n197" valign="top">
<ptxt id="nev20684398n1-nev11216653n199">-</ptxt>
</entry>
</row>
<row id="nev20684398n1-nev11216653n201">
<entry align="left" id="nev20684398n1-nev11216653n203" valign="top">
<ptxt id="nev20684398n1-nev11216653n205">B12</ptxt>
</entry>
<entry align="left" id="nev20684398n1-nev11216653n207" valign="top">
<ptxt id="nev20684398n1-nev11216653n209">#54</ptxt>
</entry>
<entry align="left" id="nev20684398n1-nev11216653n211" valign="top">
<ptxt id="nev20684398n1-nev11216653n213">Handset, cradle#@#@#2#ignal</ptxt>
</entry>
<entry align="left" id="nev20684398n1-nev11216653n215" valign="top">
<ptxt id="nev20684398n1-nev11216653n217">U=2.9-3.7 V whe#@#@#41#2.1 V</ptxt>
</entry>
<entry align="left" id="nev20684398n1-nev11216653n219" valign="top">
<ptxt id="nev20684398n1-nev11216653n221">-</ptxt>
</entry>
</row>
<row id="nev20684398n1-nev11216653n223">
<entry align="left" id="nev20684398n1-nev11216653n225" valign="top">
<ptxt id="nev20684398n1-nev11216653n227">B13</ptxt>
</entry>
<entry align="left" id="nev20684398n1-nev11216653n229" valign="top">
<ptxt id="nev20684398n1-nev11216653n231">#55</ptxt>
</entry>
<entry align="left" id="nev20684398n1-nev11216653n233" valign="top">
<ptxt id="nev20684398n1-nev11216653n235">Handset, microphone</ptxt>
</entry>
<entry align="left" id="nev20684398n1-nev11216653n237" valign="top">
<ptxt id="nev20684398n1-nev11216653n239">Alternating cur#@#@#39#phone</ptxt>
</entry>
<entry align="left" id="nev20684398n1-nev11216653n241" valign="top">
<ptxt id="nev20684398n1-nev11216653n243">Difficult to measure</ptxt>
</entry>
</row>
<row id="nev20684398n1-nev11216653n245">
<entry align="left" id="nev20684398n1-nev11216653n247" valign="top">
<ptxt id="nev20684398n1-nev11216653n249">B14</ptxt>
</entry>
<entry align="left" id="nev20684398n1-nev11216654n1" valign="top">
<ptxt id="nev20684398n1-nev11216654n3">#56</ptxt>
</entry>
<entry align="left" id="nev20684398n1-nev11216654n5" valign="top">
<ptxt id="nev20684398n1-nev11216654n7">Handset, speaker</ptxt>
</entry>
<entry align="left" id="nev20684398n1-nev11216654n9" valign="top">
<ptxt id="nev20684398n1-nev11216654n11">Alternating cur#@#@#38#eaker</ptxt>
</entry>
<entry align="left" id="nev20684398n1-nev11216654n13" valign="top">
<ptxt id="nev20684398n1-nev11216654n15">Difficult to measure</ptxt>
</entry>
</row>
</tbody>
</tgroup>
</table>
</graphtext>
</grate>
</procstep>
<procstep id="nev20684398n1-KC01343009">
<title id="nev20684398n1-nev11216654n17">Connector C, ph#@#@#11#(PHM)</title>
<grate id="nev20684398n1-nev11216654n19">
<graphic id="nev20684398n1-KC05373705">
<href>0900c8af8005b28#@#@#9#.jpeg</href>
</graphic>
<graphtext id="nev20684398n1-nev11216654n25">
<table frame="all" id="nev20684398n1-nev11216654n27" pgwide="1">
<tgroup cols="5" colsep="1" id="nev20684398n1-nev11216654n29" rowsep="1">
<colspec colwidth="71*" id="nev20684398n1-nev11216654n31"/>
<colspec colwidth="58*" id="nev20684398n1-nev11216654n32"/>
<colspec colwidth="145*" id="nev20684398n1-nev11216654n33"/>
<colspec colwidth="132*" id="nev20684398n1-nev11216654n34"/>
<colspec colwidth="50*" id="nev20684398n1-nev11216654n35"/>
<thead id="nev20684398n1-nev11216654n36">
<row id="nev20684398n1-nev11216654n38">
<entry align="left" id="nev20684398n1-nev11216654n40" valign="top">
<ptxt id="nev20684398n1-nev11216654n42">
<emph id="nev20684398n1-nev11216654n44">Control module #@#@#3#minal</emph>
</ptxt>
</entry>
<entry align="left" id="nev20684398n1-nev11216654n46" valign="top">
<ptxt id="nev20684398n1-nev11216654n48">
<emph id="nev20684398n1-nev11216654n50">Breakout box te#@#@#1#minal</emph>
</ptxt>
</entry>
<entry align="left" id="nev20684398n1-nev11216654n52" valign="top">
<ptxt id="nev20684398n1-nev11216654n54">
<emph id="nev20684398n1-nev11216654n56">Signal type</emph>
</ptxt>
</entry>
<entry align="left" id="nev20684398n1-nev11216654n58" valign="top">
<ptxt id="nev20684398n1-nev11216654n60">
<emph id="nev20684398n1-nev11216654n62">Ignition on</emph>
</ptxt>
</entry>
<entry align="left" id="nev20684398n1-nev11216654n64" valign="top">
<ptxt id="nev20684398n1-nev11216654n66">
<emph id="nev20684398n1-nev11216654n68">Other</emph>
</ptxt>
</entry>
</row>
</thead>
<tbody id="nev20684398n1-nev11216654n70">
<row id="nev20684398n1-nev11216654n72">
<entry align="left" id="nev20684398n1-nev11216654n74" valign="top">
<ptxt id="nev20684398n1-nev11216654n76">A</ptxt>
</entry>
<entry align="left" id="nev20684398n1-nev11216654n78" valign="top">
<ptxt id="nev20684398n1-nev11216654n80">-</ptxt>
</entry>
<entry align="left" id="nev20684398n1-nev11216654n82" valign="top">
<ptxt id="nev20684398n1-nev11216654n84">Antenna</ptxt>
</entry>
<entry align="left" id="nev20684398n1-nev11216654n86" valign="top">
<ptxt id="nev20684398n1-nev11216654n88">Antenna signal #@#@#3#phone</ptxt>
</entry>
<entry align="left" id="nev20684398n1-nev11216654n90" valign="top">
<ptxt id="nev20684398n1-nev11216654n92">-</ptxt>
</entry>
</row>
<row id="nev20684398n1-nev11216654n94">
<entry align="left" id="nev20684398n1-nev11216654n96" valign="top">
<ptxt id="nev20684398n1-nev11216654n98">B</ptxt>
</entry>
<entry align="left" id="nev20684398n1-nev11216654n100" valign="top">
<ptxt id="nev20684398n1-nev11216654n102">-</ptxt>
</entry>
<entry align="left" id="nev20684398n1-nev11216654n104" valign="top">
<ptxt id="nev20684398n1-nev11216654n106">GND (shield)</ptxt>
</entry>
<entry align="left" id="nev20684398n1-nev11216654n108" valign="top">
<ptxt id="nev20684398n1-nev11216654n110">Shield ground a#@#@#8#ignal</ptxt>
</entry>
<entry align="left" id="nev20684398n1-nev11216654n112" valign="top">
<ptxt id="nev20684398n1-nev11216654n114">-</ptxt>
</entry>
</row>
</tbody>
</tgroup>
</table>
</graphtext>
</grate>
</procstep>
<procstep id="nev20684398n1-KC01343010">
<title id="nev20684398n1-nev11216654n116">Connector D, ph#@#@#11#(PHM)</title>
<grate id="nev20684398n1-nev11216654n118">
<graphic id="nev20684398n1-KC05373706">
<href>0900c8af8005d26#@#@#9#.jpeg</href>
</graphic>
<graphtext id="nev20684398n1-nev11216654n124">
<table frame="all" id="nev20684398n1-nev11216654n126" pgwide="1">
<tgroup cols="5" colsep="1" id="nev20684398n1-nev11216654n128" rowsep="1">
<colspec colwidth="56*" id="nev20684398n1-nev11216654n130"/>
<colspec colwidth="59*" id="nev20684398n1-nev11216654n131"/>
<colspec colname="col3" colwidth="114*" id="nev20684398n1-nev11216654n132"/>
<colspec colwidth="114*" id="nev20684398n1-nev11216654n133"/>
<colspec colname="col5" colwidth="113*" id="nev20684398n1-nev11216654n134"/>
<thead id="nev20684398n1-nev11216654n135">
<row id="nev20684398n1-nev11216654n137">
<entry align="left" id="nev20684398n1-nev11216654n139" valign="top">
<ptxt id="nev20684398n1-nev11216654n141">
<emph id="nev20684398n1-nev11216654n143">Terminal</emph>
</ptxt>
</entry>
<entry align="left" id="nev20684398n1-nev11216654n145" valign="top">
<ptxt id="nev20684398n1-nev11216654n147">
<emph id="nev20684398n1-nev11216654n149">Breakout box te#@#@#1#minal</emph>
</ptxt>
</entry>
<entry align="left" id="nev20684398n1-nev11216654n151" valign="top">
<ptxt id="nev20684398n1-nev11216654n153">
<emph id="nev20684398n1-nev11216654n155">Signal type</emph>
</ptxt>
</entry>
<entry align="left" id="nev20684398n1-nev11216654n157" valign="top">
<ptxt id="nev20684398n1-nev11216654n159">
<emph id="nev20684398n1-nev11216654n161">Ignition on</emph>
</ptxt>
</entry>
<entry align="left" id="nev20684398n1-nev11216654n163" valign="top">
<ptxt id="nev20684398n1-nev11216654n165">
<emph id="nev20684398n1-nev11216654n167">Other</emph>
</ptxt>
</entry>
</row>
</thead>
<tbody id="nev20684398n1-nev11216654n169">
<row id="nev20684398n1-nev11216654n171">
<entry align="left" id="nev20684398n1-nev11216654n173" valign="top">
<ptxt id="nev20684398n1-nev11216654n175">#D1</ptxt>
</entry>
<entry align="left" id="nev20684398n1-nev11216654n177" valign="top">
<ptxt id="nev20684398n1-nev11216654n179">-</ptxt>
</entry>
<entry align="left" id="nev20684398n1-nev11216654n181" valign="top">
<ptxt id="nev20684398n1-nev11216654n183">MOST input signal</ptxt>
</entry>
<entry align="left" id="nev20684398n1-nev11216654n185" valign="top">
<ptxt id="nev20684398n1-nev11216654n187">Optical input s#@#@#35#vated</ptxt>
</entry>
<entry align="left" id="nev20684398n1-nev11216654n189" valign="top">
<ptxt id="nev20684398n1-nev11216654n191">-</ptxt>
</entry>
</row>
<row id="nev20684398n1-nev11216654n193">
<entry align="left" id="nev20684398n1-nev11216654n195" valign="top">
<ptxt id="nev20684398n1-nev11216654n197">#D2</ptxt>
</entry>
<entry align="left" id="nev20684398n1-nev11216654n199" valign="top">
<ptxt id="nev20684398n1-nev11216654n201">-</ptxt>
</entry>
<entry align="left" id="nev20684398n1-nev11216654n203" valign="top">
<ptxt id="nev20684398n1-nev11216654n205">MOST output signal</ptxt>
</entry>
<entry align="left" id="nev20684398n1-nev11216654n207" valign="top">
<ptxt id="nev20684398n1-nev11216654n209">Optical output #@#@#36#vated</ptxt>
</entry>
<entry align="left" id="nev20684398n1-nev11216654n211" valign="top">
<ptxt id="nev20684398n1-nev11216654n213">-</ptxt>
</entry>
</row>
</tbody>
</tgroup>
</table>
</graphtext>
</grate>
</procstep>
</stepgrp>
</procedure>
</servinfosub>