<?xml version="1.0" encoding="UTF-8"?><servinfosub IE-ID="en-US0900c8af844ff411" docno="VCC-373287" id="nev13732000n1" servinfosubId="nev20685332n1-nev20685332n2" servinfosubRes="0900c8af862c1d3e" servinfosubRes2="urn:x-nevis:fragment:0900c8af844ff411:0900c8af862c1d3e#nev20685332n2" xml:lang="en-US">
<title id="nev13732000n2">Description of #@#@#5#eters</title>
<procedure id="nev20685332n1-nev13732000n3">
<stepgrp id="nev20685332n1-nev13732000n4">
<title id="nev20685332n1-nev13732000n5">Parameters, status</title>
<procstep id="nev20685332n1-nev13732000n6">
<title id="nev20685332n1-nev13732000n7">Rear position s#@#@#27#tatus</title>
<para id="nev20685332n1-nev13732000n8">
<ptxt id="nev20685332n1-nev13732000n9">Indicates calib#@#@#37#nsor.</ptxt>
<ptxt id="nev20685332n1-nev13732000n10">Calibrated= pos#@#@#22#ated.</ptxt>
<ptxt id="nev20685332n1-nev13732001n1">Uncalibrated= p#@#@#28#ated.</ptxt>
</para>
</procstep>
<procstep id="nev20685332n1-nev13732001n2">
<title id="nev20685332n1-nev13732001n3">Front position #@#@#28#tatus</title>
<para id="nev20685332n1-nev13732001n4">
<ptxt id="nev20685332n1-nev13732001n5">Indicates calib#@#@#38#nsor.</ptxt>
<ptxt id="nev20685332n1-nev13732001n6">Calibrated= pos#@#@#22#ated.</ptxt>
<ptxt id="nev20685332n1-nev13732001n7">Uncalibrated= p#@#@#28#ated.</ptxt>
</para>
</procstep>
</stepgrp>
<stepgrp id="nev20685332n1-nev13732001n8">
<title id="nev20685332n1-nev13732001n9">Parameters, value</title>
<procstep id="nev20685332n1-nev13732001n10">
<title id="nev20685332n1-nev13732002n1">Power supply, value</title>
<para id="nev20685332n1-nev13732002n2">
<ptxt id="nev20685332n1-nev13732002n3">Measurement ran#@#@#7#20 V.</ptxt>
<ptxt id="nev20685332n1-nev13732002n4">Indicates the p#@#@#44#HCM).</ptxt>
<ptxt id="nev20685332n1-nev13732002n5">The normal valu#@#@#42#.5 V.</ptxt>
</para>
</procstep>
<procstep id="nev20685332n1-nev13732002n6">
<title id="nev20685332n1-nev13732002n7">Steering wheel #@#@#7#value</title>
<para id="nev20685332n1-nev13732002n8">
<ptxt id="nev20685332n1-nev13732002n9">Measurement ran#@#@#13#780°.</ptxt>
<ptxt id="nev20685332n1-nev13732002n10">Indicates curre#@#@#19#ngle.</ptxt>
<ptxt id="nev20685332n1-nev13732003n1">The normal valu#@#@#73#. 0°.</ptxt>
</para>
</procstep>
<procstep id="nev20685332n1-nev13732003n2">
<title id="nev20685332n1-nev13732003n3">Front position #@#@#8#value</title>
<para id="nev20685332n1-nev13732003n4">
<ptxt id="nev20685332n1-nev13732003n5">Measurement ran#@#@#9#+5 V.</ptxt>
<ptxt id="nev20685332n1-nev13732003n6">Indicates senso#@#@#30#nsor.</ptxt>
<ptxt id="nev20685332n1-nev13732003n7">The normal valu#@#@#68#.5 V.</ptxt>
</para>
</procstep>
<procstep id="nev20685332n1-nev13732003n8">
<title id="nev20685332n1-nev13732003n9">Rear position s#@#@#7#value</title>
<para id="nev20685332n1-nev13732003n10">
<ptxt id="nev20685332n1-nev13732004n1">Measurement ran#@#@#9#+5 V.</ptxt>
<ptxt id="nev20685332n1-nev13732004n2">Indicates senso#@#@#29#nsor.</ptxt>
<ptxt id="nev20685332n1-nev13732004n3">The normal valu#@#@#68#.5 V.</ptxt>
</para>
</procstep>
</stepgrp>
</procedure>
</servinfosub>