<?xml version="1.0" encoding="UTF-8"?><servinfosub IE-ID="en-US0900c8af8588420f" docno="VCC-318808" id="nev12623847n1" xml:lang="en-US">
<title>
<phrase category="Title" id="nev12623847n2" phrase-urn="urn:x-nevis:phrase:0800c8af81eb9a59">Fault-tracing</phrase>
</title>
<diagnostic j2008use="1" layout="0" paperuse="1" screenuse="1" type="test">
<testgrp IE-ID="en-US0900c8af8588420f_nev12623847n3" id="nev12623847n3" j2008use="1" paperuse="1" resumable="1" screenuse="1" testgrp-id="node1" x="80" y="80">
<title>
<phrase category="" id="nev12623847n4" phrase-urn="urn:x-nevis:phrase:0800c8af82725dfa">Checking compon#@#@#10#iring</phrase>
</title>
<node>
<test1>
<diaglist>
<dgraphic>
<dgraphic1>
<graphic id="nev12623847n5">
<href>0900c8af80054d4#@#@#9#.jpeg</href>
</graphic>
</dgraphic1>
<dgraphic3>
<graphic id="nev12623847n6">
<href>0900c8af80054cc#@#@#9#.jpeg</href>
</graphic>
</dgraphic3>
</dgraphic>
<ditem>
<ptxt>
<phrase category="" id="nev12623847n7" phrase-urn="urn:x-nevis:phrase:0800c8af82725dfb">Ignition off</phrase>
</ptxt>
</ditem>
</diaglist>
<test2>
<para>
<ptxt>
<phrase category="" id="nev12623847n8" phrase-urn="urn:x-nevis:phrase:0800c8af82725dfc">Disconnect the #@#@#23#ECM).</phrase>
</ptxt>
</para>
<para>
<ptxt>
<phrase category="" id="nev12623847n9" phrase-urn="urn:x-nevis:phrase:0800c8af82725dfd">Check the signa#@#@#63#pply.</phrase>
</ptxt>
<ptxt>
<phrase category="" id="nev12623847n10" phrase-urn="urn:x-nevis:phrase:0800c8af82725dfe">Measure between:</phrase>
</ptxt>
</para>
<list1 enumtype="d" type="unordered">
<item>
<ptxt>
<phrase category="Faulttracing" id="nev12623848n1" phrase-urn="urn:x-nevis:phrase:0800c8af836d2ecf">Engine control #@#@#38#elay.</phrase>
</ptxt>
</item>
<item>
<ptxt>
<phrase category="Faulttracing" id="nev12623848n2" phrase-urn="urn:x-nevis:phrase:0800c8af836d2eb2">Engine control #@#@#36#elay.</phrase>
</ptxt>
</item>
</list1>
<para>
<ptxt>
<phrase category="" id="nev12623848n3" phrase-urn="urn:x-nevis:phrase:0800c8af82725e01">Remedy as necessary.</phrase>
</ptxt>
</para>
<list1 enumtype="d" type="unordered">
<title>
<phrase category="" id="nev12623848n4" phrase-urn="urn:x-nevis:phrase:0800c8af82725e02">Other information</phrase>
</title>
<item>
<ptxt>
<xref id="nev17756772n100">
<ref id="nev12623848n6"/>
</xref>
</ptxt>
</item>
<item>
<ptxt>
<xref id="nev17756772n98">
<ref id="nev12623848n8"/>
</xref>
</ptxt>
</item>
<item>
<ptxt>
<xref id="nev17756772n96">
<ref id="nev12623848n10"/>
</xref>
</ptxt>
</item>
<item>
<ptxt>
<xref id="nev17756772n94">
<ref id="nev12623849n2"/>
</xref>
</ptxt>
</item>
<item>
<ptxt>
<xref id="nev12623849n3">
<ref id="nev12623849n4"/>
</xref>
</ptxt>
</item>
</list1>
<grate>
<graphic id="nev12623849n5">
<href>0900c8af80054da#@#@#9#.jpeg</href>
</graphic>
</grate>
</test2>
</test1>
<question>
Select Continue.
</question>
<resact-grp>
<result button="cont" comp="button" highlight="0"/>
<action id="nev12623849n7" j2008use="1" paperuse="0" screenuse="1">
<ptxt id="nev12623849n8">
<xref id="nev12623849n9">
<ref id="nev12623849n10"/>
</xref>
</ptxt>
</action>
</resact-grp>
</node>
</testgrp>
<testgrp id="nev12623850n1" j2008use="1" paperuse="0" resumable="1" screenuse="1" testgrp-id="info1" x="80" y="380">
<title>
<phrase category="" id="nev12623850n2" phrase-urn="urn:x-nevis:phrase:0800c8af82725e0b">Fault-tracing i#@#@#5#ation</phrase>
</title>
<subcalloutnode>
<diagcallout>
<xref>
<ref id="nev12623850n3"/>
</xref>
</diagcallout>
<rescall-grp>
<result comp="string" highlight="0" op="eq" return="FAULTTRACING FAILED"/>
<calloutaction>
<return value="FAULTTRACING FAILED"/>
</calloutaction>
</rescall-grp>
<rescall-grp>
<result comp="string" highlight="0" op="eq" return="NEW TRY"/>
<calloutaction>
<ptxt>
<xref>
<ref id="nev12623850n4"/>
</xref>
</ptxt>
</calloutaction>
</rescall-grp>
</subcalloutnode>
</testgrp>
<testgrp id="nev12623850n5" j2008use="1" paperuse="0" resumable="1" screenuse="1" testgrp-id="veria" x="80" y="220">
<title id="nev12623850n6">
<phrase category="Title" id="nev12623850n7" phrase-urn="urn:x-nevis:phrase:0800c8af81eb9dd1">Verification</phrase>
</title>
<subcalloutnode id="nev12623850n8">
<diagcallout id="nev12623850n9">
<xref id="nev12643440n100">
<ref id="nev12623851n1"/>
</xref>
</diagcallout>
<rescall-grp id="nev12623851n2">
<result comp="string" highlight="0" id="nev12623851n3" op="eq" return="VERIFICATION FAILED"/>
<calloutaction id="nev12623851n4">
<ptxt id="nev12623851n5">
<xref id="nev12623851n6">
<ref id="nev12623851n7"/>
</xref>
</ptxt>
</calloutaction>
</rescall-grp>
<rescall-grp id="nev12623851n8">
<result comp="string" highlight="0" id="nev12623851n9" op="eq" return="VERIFIED"/>
<calloutaction id="nev12623851n10">
<return id="nev12623852n1" value="FAULT FOUND"/>
</calloutaction>
</rescall-grp>
</subcalloutnode>
</testgrp>
</diagnostic>
</servinfosub>