<?xml version="1.0" encoding="UTF-8"?><servinfosub IE-ID="en-US0900c8af84b9720f" docno="VCC-403051" id="nev15053685n1" xml:lang="en-US">
<title>
<phrase category="Title" id="nev15053685n2" phrase-urn="urn:x-nevis:phrase:0800c8af81eb9a54">Diagnostic trou#@#@#21#ation</phrase>
</title>
<diagnostic j2008use="1" paperuse="1" screenuse="1" type="condition">
<condgrp>
<condition type="condition">
<grate>
<graphic id="nev15053685n4">
<href>0900c8af84b9c01#@#@#9#.jpeg</href>
</graphic>
<graphtext>
<para>
<ptxt>
<phrase category="" id="nev15053685n5" phrase-urn="urn:x-nevis:phrase:0800c8af81a9e66b">The diagnostic #@#@#149#tor. </phrase>
</ptxt>
<ptxt>
<phrase category="" id="nev15053685n6" phrase-urn="urn:x-nevis:phrase:0800c8af81a9e66c">The diagnostic #@#@#58#ning.</phrase>
</ptxt>
</para>
</graphtext>
</grate>
</condition>
</condgrp>
<condgrp>
<condition type="substitution">
<list1 id="nev15157807n97">
<item id="nev15157807n96">
<ptxt id="nev15157807n95">
<phrase category="" id="nev15157809n1" phrase-urn="urn:x-nevis:phrase:0800c8af81a9e66d">The engine cont#@#@#140#tion.</phrase>
</ptxt>
</item>
</list1>
</condition>
<ps>
<list1 enumtype="d" type="unordered">
<item>
<ptxt>
<phrase category="" id="nev15053685n8" phrase-urn="urn:x-nevis:phrase:0800c8af81a9e66e">Contact resista#@#@#101# unit</phrase>
</ptxt>
</item>
<item>
<ptxt>
<phrase category="" id="nev15053685n9" phrase-urn="urn:x-nevis:phrase:0800c8af81a9e66f">Open-circuit, s#@#@#108# unit</phrase>
</ptxt>
</item>
<item>
<ptxt>
<phrase category="" id="nev15053685n10" phrase-urn="urn:x-nevis:phrase:0800c8af81a9e670">Short-circuit t#@#@#63# unit</phrase>
</ptxt>
</item>
<item>
<ptxt>
<phrase category="" id="nev15053686n1" phrase-urn="urn:x-nevis:phrase:0800c8af81a9e671">Damaged throttl#@#@#1# unit</phrase>
</ptxt>
</item>
<item>
<ptxt>
<phrase category="" id="nev15053686n2" phrase-urn="urn:x-nevis:phrase:0800c8af81a9e672">Damaged engine #@#@#16#ECM).</phrase>
</ptxt>
</item>
</list1>
</ps>
</condgrp>
<condgrp>
<condition type="symptom">
<list1 enumtype="d" type="unordered">
<item>
<ptxt>
<phrase category="Symptom CSC" id="nev15067878n1" phrase-urn="urn:x-nevis:phrase:0800c8af8388f019">AJ, Driving/Poo#@#@#20#power</phrase>
</ptxt>
</item>
<item>
<ptxt>
<phrase category="Symptom CSC" id="nev15067879n1" phrase-urn="urn:x-nevis:phrase:0800c8af8388f029">AE, Idling/Unev#@#@#2# idle</phrase>
</ptxt>
</item>
<item id="nev15157807n100">
<ptxt id="nev15157807n99">
<phrase category="Symptom CSC" id="nev15157808n1" phrase-urn="urn:x-nevis:phrase:0800c8af8388f076">DL, Warning lig#@#@#85#ation</phrase>
</ptxt>
</item>
</list1>
</condition>
</condgrp>
</diagnostic>
</servinfosub>