<?xml version="1.0" encoding="UTF-8"?><servinfosub IE-ID="en-US0900c8af80535e0e" docno="VCC-134263" id="KC01605873" xml:lang="en-US">
<title>
<phrase category="" id="KC07546865" phrase-urn="urn:x-nevis:phrase:0800c8af81b96aa9">Diagnostic trou#@#@#21#ation</phrase>
</title>
<diagnostic type="condition">
<condgrp>
<condition type="condition">
<grate>
<graphic id="KC07546866">
<href>0900c8af80124ed#@#@#9#.jpeg</href>
</graphic>
<graphtext>
<ptxt>
<phrase category="" id="KC07546867" phrase-urn="urn:x-nevis:phrase:0800c8af81b96aaa">Diagnostic trou#@#@#107#nds. </phrase>
</ptxt>
</graphtext>
</grate>
</condition>
</condgrp>
<condgrp>
<condition type="substitution">
<list1 enumtype="d" type="unordered">
<item>
<ptxt>
<phrase category="" id="KC07546868" phrase-urn="urn:x-nevis:phrase:0800c8af81b96aab">No substitute v#@#@#1#lues.</phrase>
</ptxt>
</item>
</list1>
</condition>
<ps>
<list1 enumtype="d" type="unordered">
<item>
<ptxt>
<phrase category="" id="KC07546869" phrase-urn="urn:x-nevis:phrase:0800c8af81b96aac">Contact resistance</phrase>
</ptxt>
</item>
<item>
<ptxt>
<phrase category="" id="KC07546870" phrase-urn="urn:x-nevis:phrase:0800c8af81b96aad">Intake air temp#@#@#42#e air</phrase>
</ptxt>
</item>
<item>
<ptxt>
<phrase category="" id="KC07546871" phrase-urn="urn:x-nevis:phrase:0800c8af81b96aae">Open-circuit or#@#@#96#ensor</phrase>
</ptxt>
</item>
<item>
<ptxt>
<phrase category="" id="KC07546872" phrase-urn="urn:x-nevis:phrase:0800c8af81b96aaf">Defective atmos#@#@#17#ensor</phrase>
</ptxt>
</item>
<item>
<ptxt>
<phrase category="" id="KC07546873" phrase-urn="urn:x-nevis:phrase:0800c8af81b96ab0">Open-circuit or#@#@#88#ensor</phrase>
</ptxt>
</item>
<item>
<ptxt>
<phrase category="" id="KC07546874" phrase-urn="urn:x-nevis:phrase:0800c8af81b96ab1">Defective volum#@#@#18#ensor</phrase>
</ptxt>
</item>
<item>
<ptxt>
<phrase category="" id="KC07546875" phrase-urn="urn:x-nevis:phrase:0800c8af81b96ab2">Open-circuit or#@#@#89#ensor</phrase>
</ptxt>
</item>
<item>
<ptxt>
<phrase category="" id="KC07546876" phrase-urn="urn:x-nevis:phrase:0800c8af81b96ab3">Defective fuel #@#@#21#ure).</phrase>
</ptxt>
</item>
</list1>
</ps>
</condgrp>
<condgrp>
<condition type="symptom">
<list1 enumtype="d" type="unordered">
<item>
<ptxt>
<phrase category="" id="KC07546877" phrase-urn="urn:x-nevis:phrase:0800c8af81b96ab4">The malfunction#@#@#23#ights</phrase>
</ptxt>
</item>
<item>
<ptxt>
<phrase category="" id="KC07546878" phrase-urn="urn:x-nevis:phrase:0800c8af81b96ab5">Poor performance.</phrase>
</ptxt>
</item>
</list1>
</condition>
</condgrp>
</diagnostic>
</servinfosub>