<?xml version="1.0" encoding="UTF-8"?><servinfosub IE-ID="en-US0900c8af84c52e0e" docno="VCC-405577" id="nev15193152n1" xml:lang="en-US">
<title>
<phrase category="Title" id="nev15193205n1" phrase-urn="urn:x-nevis:phrase:0800c8af81eb9a54">Diagnostic trou#@#@#21#ation</phrase>
<phrase category="Prefix" id="nev15193208n1" phrase-urn="urn:x-nevis:phrase:0800c8af8015c3f5">ECM</phrase>-P011624</title>
<diagnostic j2008use="1" paperuse="1" screenuse="1" type="condition">
<condgrp>
<condition type="condition">
<grate>
<graphic id="nev15193152n3" width="column">
<href>0900c8af804456c#@#@#9#.jpeg</href>
</graphic>
<graphtext>
<para>
<ptxt>
<phrase category="" id="nev15193152n4" phrase-urn="urn:x-nevis:phrase:0800c8af81aa0b36">The engine cont#@#@#68#CT). </phrase>
</ptxt>
<ptxt>
<phrase category="" id="nev15193152n5" phrase-urn="urn:x-nevis:phrase:0800c8af81aa0b37">After the engin#@#@#344#ture.</phrase>
</ptxt>
<ptxt>
<phrase category="" id="nev15193152n6" phrase-urn="urn:x-nevis:phrase:0800c8af81aa0b38">The diagnostic #@#@#125#sor. </phrase>
</ptxt>
<ptxt>
<phrase category="" id="nev15193152n7" phrase-urn="urn:x-nevis:phrase:0800c8af81aa0b39">The diagnostic #@#@#58#ning.</phrase>
</ptxt>
</para>
</graphtext>
</grate>
</condition>
</condgrp>
<condgrp>
<condition type="substitution">
<list1 id="nev15245906n100">
<item id="nev15245906n99">
<ptxt id="nev15245906n98">
<phrase category="" id="nev15245907n1" phrase-urn="urn:x-nevis:phrase:0800c8af81aa0b3a">None</phrase>
</ptxt>
</item>
</list1>
</condition>
<ps>
<list1 enumtype="d" type="unordered">
<item>
<ptxt>
<phrase category="" id="nev15193152n9" phrase-urn="urn:x-nevis:phrase:0800c8af81aa0b3b">Contact resista#@#@#30#ctors</phrase>
</ptxt>
</item>
<item>
<ptxt>
<phrase category="" id="nev15193152n10" phrase-urn="urn:x-nevis:phrase:0800c8af81aa0b3c">Damaged tempera#@#@#7#nsor.</phrase>
</ptxt>
</item>
</list1>
</ps>
</condgrp>
<condgrp>
<condition type="symptom">
<list1 enumtype="d" type="unordered">
<item>
<ptxt>
<phrase category="Symptom CSC" id="nev15193209n1" phrase-urn="urn:x-nevis:phrase:0800c8af8388f00f">AB, Starting/En#@#@#52#times</phrase>
</ptxt>
</item>
</list1>
</condition>
</condgrp>
</diagnostic>
</servinfosub>