<?xml version="1.0" encoding="UTF-8"?><servinfosub IE-ID="en-US0900c8af80513e0e" docno="VCC-122495" id="KC01642314" xml:lang="en-US">
<title>Rear guide rail</title>
<procedure>
<stepgrp id="KC01657679">
<procstep id="KC01657680">
<title>Removing the re#@#@#8# rail</title>
<grate>
<graphic id="KC07488567">
<href>0900c8af80128bb#@#@#9#.jpeg</href>
</graphic>
<graphtext>
<para>
<ptxt>Roll down the s#@#@#14#fway.</ptxt>
</para>
<list1 enumtype="d" type="unordered">
<title>Remove:</title>
<item>
<ptxt>sound absorber #@#@#2# per <xref>
<ref id="KC07488568"/>
</xref>.</ptxt>
</item>
<item>
<ptxt>a screw.</ptxt>
</item>
<item>
<ptxt>a clip.</ptxt>
</item>
</list1>
<para>
<ptxt>Pull up the gui#@#@#3#rail.</ptxt>
</para>
</graphtext>
</grate>
</procstep>
<procstep id="KC01657681">
<title>Fitting the rea#@#@#7# rail</title>
<para>
<title>Fit:</title>
<ptxt>in reverse order.</ptxt>
</para>
<note>
<ptxt>Always use new #@#@#6#vets <emph>982565</emph>.</ptxt>
</note>
</procstep>
</stepgrp>
</procedure>
</servinfosub>