<?xml version="1.0" encoding="UTF-8"?><servinfosub IE-ID="en-US0900c8af847e9e0e" docno="VCC-321744" id="nev12673264n1" xml:lang="en-US">
<title>
<phrase category="Title" id="nev12673264n2" phrase-urn="urn:x-nevis:phrase:0800c8af81eb9a54">Diagnostic trou#@#@#21#ation</phrase>
<phrase category="Prefix" id="nev12673264n3" phrase-urn="urn:x-nevis:phrase:0800c8af8015c3f5">ECM</phrase>-P036900</title>
<diagnostic j2008use="1" paperuse="1" screenuse="1" type="condition">
<condgrp>
<condition type="condition">
<grate>
<graphic id="nev12673264n4" width="column">
<href>0900c8af8044571#@#@#9#.jpeg</href>
</graphic>
<graphtext>
<para>
<ptxt>
<phrase category="" id="nev12673264n5" phrase-urn="urn:x-nevis:phrase:0800c8af823dae0e">The camshaft is#@#@#361#ions.</phrase>
</ptxt>
</para>
<para>
<ptxt>
<phrase category="Condition" id="nev12673264n6" phrase-urn="urn:x-nevis:phrase:0800c8af81eaae5f">The diagnostic #@#@#58#ning.</phrase>
</ptxt>
</para>
</graphtext>
</grate>
</condition>
</condgrp>
<condgrp>
<condition type="substitution">
<list1 enumtype="d">
<item>
<ptxt>
<phrase category="" id="nev12673264n7" phrase-urn="urn:x-nevis:phrase:0800c8af823dae13">Engine speed se#@#@#7#gnal.</phrase>
</ptxt>
</item>
</list1>
</condition>
<ps>
<list1 enumtype="d" type="unordered">
<item>
<ptxt>
<phrase category="" id="nev12673264n8" phrase-urn="urn:x-nevis:phrase:0800c8af823dae14">Open-circuit on#@#@#13#able.</phrase>
</ptxt>
</item>
<item>
<ptxt>
<phrase category="" id="nev12673264n9" phrase-urn="urn:x-nevis:phrase:0800c8af823dae15">The signal cabl#@#@#26#ound.</phrase>
</ptxt>
</item>
<item>
<ptxt>
<phrase category="" id="nev12673264n10" phrase-urn="urn:x-nevis:phrase:0800c8af823dae16">The signal cabl#@#@#27#tage.</phrase>
</ptxt>
</item>
<item>
<ptxt>
<phrase category="" id="nev12673265n1" phrase-urn="urn:x-nevis:phrase:0800c8af823dae17">Damaged mass ai#@#@#9#nsor.</phrase>
</ptxt>
</item>
</list1>
</ps>
</condgrp>
<condgrp>
<condition type="symptom">
<list1 enumtype="d" type="unordered">
<item>
<ptxt>
<phrase category="Symptom CSC" id="nev14382816n1" phrase-urn="urn:x-nevis:phrase:0800c8af8388f076">DL, Warning lig#@#@#85#ation</phrase>
</ptxt>
</item>
</list1>
</condition>
</condgrp>
</diagnostic>
</servinfosub>