<?xml version="1.0" encoding="UTF-8"?><servinfosub IE-ID="en-US0900c8af8067700b" docno="VCC-025791" id="KC02034062" xml:lang="en-US">
<title>
<phrase category="" id="KC08331066" phrase-urn="urn:x-nevis:phrase:0800c8af81dbc99e">Signal too high</phrase>
</title>
<diagnostic type="test">
<testgrp IE-ID="en-US0900c8af8067700b_KC02198518" id="KC02198518" j2008use="1" paperuse="1" resumable="1" screenuse="1" testgrp-id="dak1" x="120" y="80">
<title>
<phrase category="" id="KC08331067" phrase-urn="urn:x-nevis:phrase:0800c8af81dbc99f">Checking oil te#@#@#4#ature</phrase>
</title>
<node>
<test1>
<diaglist>
<dgraphic>
<dgraphic1>
<graphic id="KC08331068">
<href>0900c8af80054d5#@#@#9#.jpeg</href>
</graphic>
</dgraphic1>
</dgraphic>
<ditem>
<ptxt>
<phrase category="" id="KC08331069" phrase-urn="urn:x-nevis:phrase:0800c8af81dbc9a0">Ignition on.</phrase>
</ptxt>
</ditem>
<ditem>
<ptxt>
<phrase category="" id="KC08331070" phrase-urn="urn:x-nevis:phrase:0800c8af81dbc9a1">Go into scrolli#@#@#5#lues.</phrase>
</ptxt>
</ditem>
<ditem>
<ptxt>
<phrase category="" id="KC08331071" phrase-urn="urn:x-nevis:phrase:0800c8af81dbc9a2">Read off oil te#@#@#5#ture.</phrase>
</ptxt>
</ditem>
</diaglist>
<test2>
<ptxt>
<phrase category="" id="KC08331072" phrase-urn="urn:x-nevis:phrase:0800c8af81dbc941">Check that the #@#@#97#ture.</phrase>
</ptxt>
<diaglist>
<dgraphic>
<dgraphic2>
<graphic id="KC08331073">
<href>0900c8af8005433#@#@#9#.jpeg</href>
</graphic>
<smarttool active="press" id="KC08331074" toolname="EA3217"/>
</dgraphic2>
</dgraphic>
<ditem>
<ditemtext>
<ptxt>
<phrase category="" id="KC08331075" phrase-urn="urn:x-nevis:phrase:0800c8af81dbc942"/>
</ptxt>
</ditemtext>
</ditem>
<ditem>
<ditemtext>
<ptxt>
<phrase category="" id="KC08331076" phrase-urn="urn:x-nevis:phrase:0800c8af81dbc943"/>
</ptxt>
</ditemtext>
</ditem>
</diaglist>
</test2>
</test1>
<question>Is the oil temp#@#@#30#ange?</question>
<resact-grp>
<result button="yes" comp="button" highlight="0"/>
<action j2008use="1" paperuse="1" screenuse="1">
<ptxt>
<xref>
<ref id="KC08331077"/>
</xref>
</ptxt>
</action>
</resact-grp>
<resact-grp>
<result button="no" comp="button" highlight="0"/>
<action j2008use="1" paperuse="1" screenuse="1">
<ptxt>
<xref>
<ref id="KC08331078"/>
</xref>
</ptxt>
</action>
</resact-grp>
</node>
</testgrp>
<testgrp id="KC02198519" j2008use="1" paperuse="1" resumable="1" screenuse="1" testgrp-id="dak2" x="120" y="160">
<title>
<phrase category="" id="KC08331079" phrase-urn="urn:x-nevis:phrase:0800c8af81dbc944">Checking ground lead</phrase>
</title>
<node>
<test1>
<diaglist>
<dgraphic>
<dgraphic1>
<graphic id="KC08331080">
<href>0900c8af80054d4#@#@#9#.jpeg</href>
</graphic>
</dgraphic1>
<dgraphic2>
<graphic id="KC08331081">
<href>0900c8af80054d7#@#@#9#.jpeg</href>
</graphic>
</dgraphic2>
</dgraphic>
<ditem>
<ptxt>
<phrase category="" id="KC08331082" phrase-urn="urn:x-nevis:phrase:0800c8af81dbc945">Ignition off.</phrase>
</ptxt>
</ditem>
<ditem>
<ptxt>
<phrase category="" id="KC08331083" phrase-urn="urn:x-nevis:phrase:0800c8af81dbc946">Raise the car t#@#@#22#ion. </phrase>
</ptxt>
</ditem>
<ditem>
<ptxt>
<phrase category="" id="KC08331084" phrase-urn="urn:x-nevis:phrase:0800c8af81dbc947">Carefully clean#@#@#14#or B.</phrase>
</ptxt>
</ditem>
<ditem>
<ptxt>
<phrase category="" id="KC08331085" phrase-urn="urn:x-nevis:phrase:0800c8af81dbc948">Disconnect tran#@#@#16#or B.</phrase>
</ptxt>
</ditem>
</diaglist>
<test2>
<ptxt>
<phrase category="" id="KC08331086" phrase-urn="urn:x-nevis:phrase:0800c8af81dbc949">Connect an ohmm#@#@#96#ound.</phrase>
</ptxt>
<diaglist>
<dgraphic>
<dgraphic1>
<graphic id="KC08331087">
<href>0900c8af8012804#@#@#9#.jpeg</href>
</graphic>
</dgraphic1>
<dgraphic2>
<graphic id="KC08331088">
<href>0900c8af80054d4#@#@#9#.jpeg</href>
</graphic>
<smarttool active="press" id="KC08331089" toolname="ODAH"/>
</dgraphic2>
</dgraphic>
<ditem>
<ditemtext>
<ptxt>
<phrase category="" id="KC08331090" phrase-urn="urn:x-nevis:phrase:0800c8af81dbc94a"/>
</ptxt>
</ditemtext>
</ditem>
</diaglist>
<grate>
<graphic id="KC08331091" width="column">
<href>0900c8af80674f7#@#@#9#.jpeg</href>
</graphic>
</grate>
</test2>
</test1>
<question> The ohmmeter s#@#@#24# 0 Ω.</question>
<resact-grp>
<result button="ok" comp="button" highlight="0"/>
<action j2008use="1" paperuse="1" screenuse="1">
<ptxt>
<xref>
<ref id="KC08331092"/>
</xref>
</ptxt>
</action>
</resact-grp>
<resact-grp>
<result button="notok" comp="button" highlight="0"/>
<action j2008use="1" paperuse="1" screenuse="1">
<ptxt>
<xref>
<ref id="KC08331093"/>
</xref>
</ptxt>
</action>
</resact-grp>
</node>
</testgrp>
<testgrp id="KC02198520" j2008use="1" paperuse="1" resumable="1" screenuse="1" testgrp-id="dak3" x="120" y="240">
<title>
<phrase category="" id="KC08331094" phrase-urn="urn:x-nevis:phrase:0800c8af81dbc94b">Checking the tr#@#@#36#ector</phrase>
</title>
<node>
<test1>
<diaglist>
<dgraphic>
<dgraphic1>
<graphic id="KC08331095">
<href>0900c8af80054d4#@#@#9#.jpeg</href>
</graphic>
</dgraphic1>
<dgraphic2>
<graphic id="KC08331096">
<href>0900c8af80054d7#@#@#9#.jpeg</href>
</graphic>
</dgraphic2>
<dgraphic3>
<graphic id="KC08331097">
<href>0900c8af80054cc#@#@#9#.jpeg</href>
</graphic>
</dgraphic3>
</dgraphic>
<ditem>
<ptxt>
<phrase category="" id="KC08331098" phrase-urn="urn:x-nevis:phrase:0800c8af81dbc94c">Ignition off.</phrase>
</ptxt>
</ditem>
<ditem>
<ptxt>
<phrase category="" id="KC08331099" phrase-urn="urn:x-nevis:phrase:0800c8af81dbc94d">Transmission co#@#@#18#cted.</phrase>
</ptxt>
</ditem>
<ditem>
<ptxt>
<phrase category="" id="KC08331100" phrase-urn="urn:x-nevis:phrase:0800c8af81dbc94e">Check control m#@#@#72#g to <xref>
<ref id="KC08331101"/>
</xref>. </phrase>
</ptxt>
</ditem>
<ditem>
<ptxt>
<phrase category="" id="KC08331102" phrase-urn="urn:x-nevis:phrase:0800c8af81dbc94f">Control module #@#@#5#cted.</phrase>
</ptxt>
</ditem>
</diaglist>
<test2>
<ptxt>
<phrase category="" id="KC08331103" phrase-urn="urn:x-nevis:phrase:0800c8af81dbc950">Connect an ohmm#@#@#96#ound.</phrase>
</ptxt>
<diaglist>
<dgraphic>
<dgraphic1>
<graphic id="KC08331104">
<href>0900c8af8012804#@#@#9#.jpeg</href>
</graphic>
</dgraphic1>
<dgraphic2>
<graphic id="KC08331105">
<href>0900c8af80054d4#@#@#9#.jpeg</href>
</graphic>
<smarttool active="auto" id="KC08331106" toolname="ODA"/>
</dgraphic2>
</dgraphic>
<ditem>
<ditemtext>
<ptxt>
<phrase category="" id="KC08331107" phrase-urn="urn:x-nevis:phrase:0800c8af81dbc951"/>
</ptxt>
</ditemtext>
</ditem>
</diaglist>
</test2>
</test1>
<question>The ohmmeter sh#@#@#23# 0 Ω.</question>
<resact-grp>
<result button="ok" comp="button" highlight="0"/>
<action j2008use="1" paperuse="1" screenuse="1">
<ptxt>
<xref>
<ref id="KC08331108"/>
</xref>
</ptxt>
</action>
</resact-grp>
<resact-grp>
<result button="notok" comp="button" highlight="0"/>
<action j2008use="1" paperuse="1" screenuse="1">
<ptxt>
<xref>
<ref id="KC08331109"/>
</xref>
</ptxt>
</action>
</resact-grp>
</node>
</testgrp>
<testgrp id="KC02198521" j2008use="1" paperuse="1" resumable="1" screenuse="1" testgrp-id="dak3-1" x="134" y="800">
<title>
<phrase category="" id="KC08331110" phrase-urn="urn:x-nevis:phrase:0800c8af81dbc952">Fault-tracing i#@#@#5#ation</phrase>
</title>
<node>
<test1>
<test2>
<ptxt>
<phrase category="" id="KC08331111" phrase-urn="urn:x-nevis:phrase:0800c8af81dbc953">The cause of th#@#@#86#ctor.</phrase>
</ptxt>
</test2>
</test1>
<question>Select "Continu#@#@#31#ired.</question>
<resact-grp>
<result button="cont" comp="button" highlight="0"/>
<action j2008use="1" paperuse="1" screenuse="1">
<ptxt>
<xref>
<ref id="KC08331112"/>
</xref>
</ptxt>
</action>
</resact-grp>
</node>
</testgrp>
<testgrp id="KC02198522" j2008use="1" paperuse="1" resumable="1" screenuse="1" testgrp-id="dak3-2" x="320" y="240">
<title>
<phrase category="" id="KC08331113" phrase-urn="urn:x-nevis:phrase:0800c8af81dbc954">Checking for an#@#@#8#rcuit</phrase>
</title>
<node>
<test1>
<test2>
<ptxt>
<phrase category="" id="KC08331114" phrase-urn="urn:x-nevis:phrase:0800c8af81dbc955">Check cable bet#@#@#111#g to <xref>
<ref id="KC08331115"/>
</xref>.</phrase>
</ptxt>
<diaglist>
<dgraphic>
<dgraphic1>
<graphic id="KC08331116">
<href>0900c8af8012804#@#@#9#.jpeg</href>
</graphic>
</dgraphic1>
<dgraphic2>
<graphic id="KC08331117">
<href>0900c8af80054d4#@#@#9#.jpeg</href>
</graphic>
<smarttool active="press" id="KC08331118" toolname="ODAH"/>
</dgraphic2>
</dgraphic>
<ditem>
<ditemtext>
<ptxt>
<phrase category="" id="KC08331119" phrase-urn="urn:x-nevis:phrase:0800c8af81dbc956"/>
</ptxt>
</ditemtext>
</ditem>
</diaglist>
<grate>
<graphic id="KC08331120" width="column">
<href>0900c8af800570b#@#@#9#.jpeg</href>
</graphic>
</grate>
</test2>
</test1>
<question>Select "Continu#@#@#31#ired.</question>
<resact-grp>
<result button="cont" comp="button" highlight="0"/>
<action j2008use="1" paperuse="1" screenuse="1">
<ptxt>
<xref>
<ref id="KC08331121"/>
</xref>
</ptxt>
</action>
</resact-grp>
</node>
</testgrp>
<testgrp id="KC02198523" j2008use="1" paperuse="1" resumable="1" screenuse="1" testgrp-id="dak4" x="120" y="320">
<title>
<phrase category="" id="KC08331122" phrase-urn="urn:x-nevis:phrase:0800c8af81dbc957">Checking signal#@#@#1#cable</phrase>
</title>
<node>
<test1>
<diaglist>
<dgraphic>
<dgraphic1>
<graphic id="KC08331123">
<href>0900c8af80054d5#@#@#9#.jpeg</href>
</graphic>
</dgraphic1>
<dgraphic2>
<graphic id="KC08331124">
<href>0900c8af80054d7#@#@#9#.jpeg</href>
</graphic>
</dgraphic2>
</dgraphic>
<ditem>
<ptxt>
<phrase category="" id="KC08331125" phrase-urn="urn:x-nevis:phrase:0800c8af81dbc958">Ignition off.</phrase>
</ptxt>
</ditem>
<ditem>
<ptxt>
<phrase category="" id="KC08331126" phrase-urn="urn:x-nevis:phrase:0800c8af81dbc959">Transmission co#@#@#18#cted.</phrase>
</ptxt>
</ditem>
<ditem>
<ptxt>
<phrase category="" id="KC08331127" phrase-urn="urn:x-nevis:phrase:0800c8af81dbc95a">Ignition on.</phrase>
</ptxt>
</ditem>
</diaglist>
<test2>
<ptxt>
<phrase category="" id="KC08331128" phrase-urn="urn:x-nevis:phrase:0800c8af81dbc95b">Connect a voltm#@#@#96#ound.</phrase>
</ptxt>
<diaglist>
<dgraphic>
<dgraphic1>
<graphic id="KC08331129">
<href>0900c8af8012804#@#@#9#.jpeg</href>
</graphic>
</dgraphic1>
<dgraphic2>
<graphic id="KC08331130">
<href>0900c8af80054d4#@#@#9#.jpeg</href>
</graphic>
<smarttool active="auto" id="KC08331131" toolname="VDCDA"/>
</dgraphic2>
</dgraphic>
<ditem>
<ditemtext>
<ptxt>
<phrase category="" id="KC08331132" phrase-urn="urn:x-nevis:phrase:0800c8af81dbc95c"/>
</ptxt>
</ditemtext>
</ditem>
</diaglist>
</test2>
</test1>
<question>The voltmeter s#@#@#24# 5 V.</question>
<resact-grp>
<result button="ok" comp="button" highlight="0"/>
<action j2008use="1" paperuse="1" screenuse="1">
<ptxt>
<xref>
<ref id="KC08331133"/>
</xref>
</ptxt>
</action>
</resact-grp>
<resact-grp>
<result button="low" comp="button" highlight="0"/>
<action j2008use="1" paperuse="1" screenuse="1">
<ptxt>
<xref>
<ref id="KC08331134"/>
</xref>
</ptxt>
</action>
</resact-grp>
<resact-grp>
<result button="high" comp="button" highlight="0"/>
<action j2008use="1" paperuse="1" screenuse="1">
<ptxt>
<xref>
<ref id="KC08331135"/>
</xref>
</ptxt>
</action>
</resact-grp>
</node>
</testgrp>
<testgrp id="KC02198524" j2008use="1" paperuse="1" resumable="1" screenuse="1" testgrp-id="dak4-1" x="320" y="320">
<title>
<phrase category="" id="KC08331136" phrase-urn="urn:x-nevis:phrase:0800c8af81dbc95d">Checking for a #@#@#26#ltage</phrase>
</title>
<node>
<test1>
<test2>
<ptxt>
<phrase category="" id="KC08331137" phrase-urn="urn:x-nevis:phrase:0800c8af81dbc95e">Check cable bet#@#@#130#g to <xref>
<ref id="KC08331138"/>
</xref>.</phrase>
</ptxt>
<diaglist>
<dgraphic>
<dgraphic1>
<graphic id="KC08331139">
<href>0900c8af8012804#@#@#9#.jpeg</href>
</graphic>
</dgraphic1>
<dgraphic2>
<graphic id="KC08331140">
<href>0900c8af80054d4#@#@#9#.jpeg</href>
</graphic>
<smarttool active="press" id="KC08331141" toolname="ODAH"/>
</dgraphic2>
</dgraphic>
<ditem>
<ditemtext>
<ptxt>
<phrase category="" id="KC08331142" phrase-urn="urn:x-nevis:phrase:0800c8af81dbc95f"/>
</ptxt>
</ditemtext>
</ditem>
</diaglist>
<grate>
<graphic id="KC08331143" width="column">
<href>0900c8af800570c#@#@#9#.jpeg</href>
</graphic>
</grate>
</test2>
</test1>
<question>Select "Continu#@#@#31#ired.</question>
<resact-grp>
<result button="cont" comp="button" highlight="0"/>
<action j2008use="1" paperuse="1" screenuse="1">
<ptxt>
<xref>
<ref id="KC08331144"/>
</xref>
</ptxt>
</action>
</resact-grp>
</node>
</testgrp>
<testgrp id="KC02198525" j2008use="1" paperuse="1" resumable="1" screenuse="1" testgrp-id="dak5" x="120" y="400">
<title>
<phrase category="" id="KC08331145" phrase-urn="urn:x-nevis:phrase:0800c8af81dbc960">Checking the tr#@#@#36#ector</phrase>
</title>
<node>
<test1>
<diaglist>
<dgraphic>
<dgraphic1>
<graphic id="KC08331146">
<href>0900c8af80054d5#@#@#9#.jpeg</href>
</graphic>
</dgraphic1>
<dgraphic2>
<graphic id="KC08331147">
<href>0900c8af80054d7#@#@#9#.jpeg</href>
</graphic>
</dgraphic2>
<dgraphic3>
<graphic id="KC08331148">
<href>0900c8af80054cc#@#@#9#.jpeg</href>
</graphic>
</dgraphic3>
</dgraphic>
<ditem>
<ptxt>
<phrase category="" id="KC08331149" phrase-urn="urn:x-nevis:phrase:0800c8af81dbc961">Ignition off.</phrase>
</ptxt>
</ditem>
<ditem>
<ptxt>
<phrase category="" id="KC08331150" phrase-urn="urn:x-nevis:phrase:0800c8af81dbc962">Transmission co#@#@#16#cted.</phrase>
</ptxt>
</ditem>
<ditem>
<ptxt>
<phrase category="" id="KC08331151" phrase-urn="urn:x-nevis:phrase:0800c8af81dbc963">Check control m#@#@#72#g to <xref>
<ref id="KC08331152"/>
</xref>. </phrase>
</ptxt>
</ditem>
<ditem>
<ptxt>
<phrase category="" id="KC08331153" phrase-urn="urn:x-nevis:phrase:0800c8af81dbc964">Control module #@#@#5#cted.</phrase>
</ptxt>
</ditem>
<ditem>
<ptxt>
<phrase category="" id="KC08331154" phrase-urn="urn:x-nevis:phrase:0800c8af81dbc965">Ignition on.</phrase>
</ptxt>
</ditem>
</diaglist>
<test2>
<ptxt>
<phrase category="" id="KC08331155" phrase-urn="urn:x-nevis:phrase:0800c8af81dbc966">Connect a voltm#@#@#96#ound.</phrase>
</ptxt>
<diaglist>
<dgraphic>
<dgraphic1>
<graphic id="KC08331156">
<href>0900c8af8012804#@#@#9#.jpeg</href>
</graphic>
</dgraphic1>
<dgraphic2>
<graphic id="KC08331157">
<href>0900c8af80054d4#@#@#9#.jpeg</href>
</graphic>
<smarttool active="auto" id="KC08331158" toolname="VDCDA"/>
</dgraphic2>
</dgraphic>
<ditem>
<ditemtext>
<ptxt>
<phrase category="" id="KC08331159" phrase-urn="urn:x-nevis:phrase:0800c8af81dbc967"/>
</ptxt>
</ditemtext>
</ditem>
</diaglist>
</test2>
</test1>
<question>The voltmeter s#@#@#24# 5 V.</question>
<resact-grp>
<result button="ok" comp="button" highlight="0"/>
<action j2008use="1" paperuse="1" screenuse="1">
<ptxt>
<xref>
<ref id="KC08331160"/>
</xref>
</ptxt>
</action>
</resact-grp>
<resact-grp>
<result button="notok" comp="button" highlight="0"/>
<action j2008use="1" paperuse="1" screenuse="1">
<ptxt>
<xref>
<ref id="KC08331161"/>
</xref>
</ptxt>
</action>
</resact-grp>
</node>
</testgrp>
<testgrp id="KC02198526" j2008use="1" paperuse="1" resumable="1" screenuse="1" testgrp-id="dak5-2" x="320" y="400">
<title>
<phrase category="" id="KC08331162" phrase-urn="urn:x-nevis:phrase:0800c8af81dbc968">Checking for an#@#@#8#rcuit</phrase>
</title>
<node>
<test1>
<test2>
<ptxt>
<phrase category="" id="KC08331163" phrase-urn="urn:x-nevis:phrase:0800c8af81dbc969">Check cable bet#@#@#112#g to <xref>
<ref id="KC08331164"/>
</xref>.</phrase>
</ptxt>
<diaglist>
<dgraphic>
<dgraphic1>
<graphic id="KC08331165">
<href>0900c8af8012804#@#@#9#.jpeg</href>
</graphic>
</dgraphic1>
<dgraphic2>
<graphic id="KC08331166">
<href>0900c8af80054d4#@#@#9#.jpeg</href>
</graphic>
<smarttool active="press" id="KC08331167" toolname="ODA"/>
</dgraphic2>
</dgraphic>
<ditem>
<ditemtext>
<ptxt>
<phrase category="" id="KC08331168" phrase-urn="urn:x-nevis:phrase:0800c8af81dbc96a"/>
</ptxt>
</ditemtext>
</ditem>
</diaglist>
<grate>
<graphic id="KC08331169" width="column">
<href>0900c8af800570b#@#@#9#.jpeg</href>
</graphic>
</grate>
</test2>
</test1>
<question>Select "Continu#@#@#31#ired.</question>
<resact-grp>
<result button="cont" comp="button" highlight="0"/>
<action j2008use="1" paperuse="1" screenuse="1">
<ptxt>
<xref>
<ref id="KC08331170"/>
</xref>
</ptxt>
</action>
</resact-grp>
</node>
</testgrp>
<testgrp id="KC02198527" j2008use="1" paperuse="1" resumable="1" screenuse="1" testgrp-id="dak6" x="120" y="480">
<title>
<phrase category="" id="KC08331171" phrase-urn="urn:x-nevis:phrase:0800c8af81dbc96b">Checking oil te#@#@#22#tance</phrase>
</title>
<node>
<test1>
<diaglist>
<ditem>
<ptxt>
<phrase category="" id="KC08331172" phrase-urn="urn:x-nevis:phrase:0800c8af81dbc96c">Ignition off.</phrase>
</ptxt>
</ditem>
<ditem>
<ptxt>
<phrase category="" id="KC08331173" phrase-urn="urn:x-nevis:phrase:0800c8af81dbc96d">transmission co#@#@#16#cted.</phrase>
</ptxt>
</ditem>
</diaglist>
<test2>
<ptxt>
<phrase category="" id="KC08331174" phrase-urn="urn:x-nevis:phrase:0800c8af81dbc96e">Connect an ohmm#@#@#72#ide).</phrase>
</ptxt>
<ptxt>
<phrase category="" id="KC08331175" phrase-urn="urn:x-nevis:phrase:0800c8af81dbc96f">Compare the tem#@#@#74#nsor.</phrase>
</ptxt>
<table frame="all">
<tgroup cols="2" colsep="1" rowsep="1">
<colspec colwidth="228*"/>
<colspec colwidth="228*"/>
<tbody>
<row>
<entry align="center" valign="top">
<ptxt>
<phrase category="" id="KC08331176" phrase-urn="urn:x-nevis:phrase:0800c8af81dbc970">Temperature</phrase>
</ptxt>
</entry>
<entry align="center" valign="top">
<ptxt>
<phrase category="" id="KC08331177" phrase-urn="urn:x-nevis:phrase:0800c8af81dbc971">Resistance (Ω)</phrase>
</ptxt>
</entry>
</row>
<row>
<entry align="center" valign="top">
<ptxt>
<phrase category="" id="KC08331178" phrase-urn="urn:x-nevis:phrase:0800c8af81dbc972">0°C</phrase>
</ptxt>
</entry>
<entry align="center" valign="top">
<ptxt>
<phrase category="" id="KC08331179" phrase-urn="urn:x-nevis:phrase:0800c8af81dbc973">1700-2300</phrase>
</ptxt>
</entry>
</row>
<row>
<entry align="center" valign="top">
<ptxt>
<phrase category="" id="KC08331180" phrase-urn="urn:x-nevis:phrase:0800c8af81dbc974">20°C:</phrase>
</ptxt>
</entry>
<entry align="center" valign="top">
<ptxt>
<phrase category="" id="KC08331181" phrase-urn="urn:x-nevis:phrase:0800c8af81dbc975">765-1035</phrase>
</ptxt>
</entry>
</row>
<row>
<entry align="center" valign="top">
<ptxt>
<phrase category="" id="KC08331182" phrase-urn="urn:x-nevis:phrase:0800c8af81dbc976">40°C</phrase>
</ptxt>
</entry>
<entry align="center" valign="top">
<ptxt>
<phrase category="" id="KC08331183" phrase-urn="urn:x-nevis:phrase:0800c8af81dbc977">340-460</phrase>
</ptxt>
</entry>
</row>
<row>
<entry align="center" valign="top">
<ptxt>
<phrase category="" id="KC08331184" phrase-urn="urn:x-nevis:phrase:0800c8af81dbc978">80°C</phrase>
</ptxt>
</entry>
<entry align="center" valign="top">
<ptxt>
<phrase category="" id="KC08331185" phrase-urn="urn:x-nevis:phrase:0800c8af81dbc979">107-143</phrase>
</ptxt>
</entry>
</row>
<row>
<entry align="center" valign="top">
<ptxt>
<phrase category="" id="KC08331186" phrase-urn="urn:x-nevis:phrase:0800c8af81dbc97a">100°C</phrase>
</ptxt>
</entry>
<entry align="center" valign="top">
<ptxt>
<phrase category="" id="KC08331187" phrase-urn="urn:x-nevis:phrase:0800c8af81dbc97b">64-86</phrase>
</ptxt>
</entry>
</row>
<row>
<entry align="center" valign="top">
<ptxt>
<phrase category="" id="KC08331188" phrase-urn="urn:x-nevis:phrase:0800c8af81dbc97c">150°C</phrase>
</ptxt>
</entry>
<entry align="center" valign="top">
<ptxt>
<phrase category="" id="KC08331189" phrase-urn="urn:x-nevis:phrase:0800c8af81dbc97d">23-31</phrase>
</ptxt>
</entry>
</row>
</tbody>
</tgroup>
</table>
<diaglist>
<dgraphic>
<dgraphic1>
<graphic id="KC08331190">
<href>0900c8af8067535#@#@#9#.jpeg</href>
</graphic>
</dgraphic1>
<dgraphic2>
<graphic id="KC08331191">
<href>0900c8af80054d4#@#@#9#.jpeg</href>
</graphic>
<smarttool active="auto" id="KC08331192" toolname="ODA"/>
</dgraphic2>
</dgraphic>
<ditem>
<ditemtext>
<ptxt>
<phrase category="" id="KC08331193" phrase-urn="urn:x-nevis:phrase:0800c8af81dbc97e"/>
</ptxt>
</ditemtext>
</ditem>
</diaglist>
</test2>
</test1>
<question>The ohmmeter sh#@#@#37#ble.
</question>
<resact-grp>
<result button="ok" comp="button" highlight="0"/>
<action j2008use="1" paperuse="1" screenuse="1">
<ptxt>
<xref>
<ref id="KC08331194"/>
</xref>
</ptxt>
</action>
</resact-grp>
<resact-grp>
<result button="notok" comp="button" highlight="0"/>
<action j2008use="1" paperuse="1" screenuse="1">
<ptxt>
<xref>
<ref id="KC08331195"/>
</xref>
</ptxt>
</action>
</resact-grp>
</node>
</testgrp>
<testgrp id="KC02198528" j2008use="1" paperuse="1" resumable="1" screenuse="1" testgrp-id="dak6-1" x="320" y="480">
<title>
<phrase category="" id="KC08331196" phrase-urn="urn:x-nevis:phrase:0800c8af81dbc97f">Remedy contact #@#@#19#ation</phrase>
</title>
<node>
<test1>
<test2>
<ptxt>
<phrase category="" id="KC08331197" phrase-urn="urn:x-nevis:phrase:0800c8af81dbc980">The cause of th#@#@#201#g to <xref>
<ref id="KC08331198"/>
</xref>.</phrase>
</ptxt>
<grate>
<graphic id="KC08331199" width="column">
<href>0900c8af803f545#@#@#9#.jpeg</href>
</graphic>
</grate>
</test2>
</test1>
<question>Select "Continu#@#@#31#ired.</question>
<resact-grp>
<result button="cont" comp="button" highlight="0"/>
<action j2008use="1" paperuse="1" screenuse="1">
<ptxt>
<xref>
<ref id="KC08331200"/>
</xref>
</ptxt>
</action>
</resact-grp>
</node>
</testgrp>
<testgrp id="KC02198529" j2008use="1" paperuse="1" resumable="1" screenuse="1" testgrp-id="dak6-2" x="320" y="560">
<title>
<phrase category="" id="KC08331201" phrase-urn="urn:x-nevis:phrase:0800c8af81dbc981">Checking for an#@#@#8#rcuit</phrase>
</title>
<node>
<test1>
<test2>
<ptxt>
<phrase category="" id="KC08331202" phrase-urn="urn:x-nevis:phrase:0800c8af81dbc982">Check cables be#@#@#104#g to <xref>
<ref id="KC08331203"/>
</xref>.</phrase>
</ptxt>
<diaglist>
<dgraphic>
<dgraphic2>
<graphic id="KC08331204">
<href>0900c8af80054d4#@#@#9#.jpeg</href>
</graphic>
<smarttool active="press" id="KC08331205" toolname="ODAH"/>
</dgraphic2>
</dgraphic>
<ditem>
<ditemtext>
<ptxt>
<phrase category="" id="KC08331206" phrase-urn="urn:x-nevis:phrase:0800c8af81dbc983"/>
</ptxt>
</ditemtext>
</ditem>
</diaglist>
<grate>
<graphic id="KC08331207" width="column">
<href>0900c8af800570b#@#@#9#.jpeg</href>
</graphic>
</grate>
</test2>
</test1>
<question>Are cables OK?</question>
<resact-grp>
<result button="yes" comp="button" highlight="0"/>
<action j2008use="1" paperuse="1" screenuse="1">
<ptxt>
<xref>
<ref id="KC08331208"/>
</xref>
</ptxt>
</action>
</resact-grp>
<resact-grp>
<result button="no" comp="button" highlight="0"/>
<action j2008use="1" paperuse="1" screenuse="1">
<ptxt>
<xref>
<ref id="KC08331209"/>
</xref>
</ptxt>
</action>
</resact-grp>
</node>
</testgrp>
<testgrp id="KC02198530" j2008use="1" paperuse="1" resumable="1" screenuse="1" testgrp-id="dak7" x="120" y="640">
<title>
<phrase category="" id="KC08331210" phrase-urn="urn:x-nevis:phrase:0800c8af81dbc984">Checking oil te#@#@#11#ensor</phrase>
</title>
<node>
<test1>
<hint>
<ptxt>
<phrase category="" id="KC08331211" phrase-urn="urn:x-nevis:phrase:0800c8af81dbc985">The oil tempera#@#@#115#lows:</phrase>
</ptxt>
</hint>
<diaglist>
<dgraphic>
<dgraphic1>
<graphic id="KC08331212">
<href>0900c8af80054d4#@#@#9#.jpeg</href>
</graphic>
</dgraphic1>
<dgraphic2>
<graphic id="KC08331213">
<href>0900c8af80054d7#@#@#9#.jpeg</href>
</graphic>
</dgraphic2>
</dgraphic>
<ditem>
<ptxt>
<phrase category="" id="KC08331214" phrase-urn="urn:x-nevis:phrase:0800c8af81dbc986">Ignition off.</phrase>
</ptxt>
</ditem>
<ditem>
<ptxt>
<phrase category="" id="KC08331215" phrase-urn="urn:x-nevis:phrase:0800c8af81dbc987">Transmission co#@#@#16#cted.</phrase>
</ptxt>
</ditem>
</diaglist>
<test2>
<ptxt>
<phrase category="" id="KC08331216" phrase-urn="urn:x-nevis:phrase:0800c8af81dbc988">Connect an ohmm#@#@#72#ide).</phrase>
</ptxt>
<table frame="all">
<tgroup cols="2" colsep="1" rowsep="1">
<colspec colwidth="228*"/>
<colspec colwidth="228*"/>
<tbody>
<row>
<entry align="center" valign="top">
<ptxt>
<phrase category="" id="KC08331217" phrase-urn="urn:x-nevis:phrase:0800c8af81dbc989">Temperature</phrase>
</ptxt>
</entry>
<entry align="center" valign="top">
<ptxt>
<phrase category="" id="KC08331218" phrase-urn="urn:x-nevis:phrase:0800c8af81dbc98a">Resistance (Ω)</phrase>
</ptxt>
</entry>
</row>
<row>
<entry align="center" valign="top">
<ptxt>
<phrase category="" id="KC08331219" phrase-urn="urn:x-nevis:phrase:0800c8af81dbc98b">0°C</phrase>
</ptxt>
</entry>
<entry align="center" valign="top">
<ptxt>
<phrase category="" id="KC08331220" phrase-urn="urn:x-nevis:phrase:0800c8af81dbc98c">1700-2300</phrase>
</ptxt>
</entry>
</row>
<row>
<entry align="center" valign="top">
<ptxt>
<phrase category="" id="KC08331221" phrase-urn="urn:x-nevis:phrase:0800c8af81dbc98d">20°C</phrase>
</ptxt>
</entry>
<entry align="center" valign="top">
<ptxt>
<phrase category="" id="KC08331222" phrase-urn="urn:x-nevis:phrase:0800c8af81dbc98e">765-1035</phrase>
</ptxt>
</entry>
</row>
<row>
<entry align="center" valign="top">
<ptxt>
<phrase category="" id="KC08331223" phrase-urn="urn:x-nevis:phrase:0800c8af81dbc990">40°C</phrase>
</ptxt>
</entry>
<entry align="center" valign="top">
<ptxt>
<phrase category="" id="KC08331224" phrase-urn="urn:x-nevis:phrase:0800c8af81dbc991">340-460</phrase>
</ptxt>
</entry>
</row>
<row>
<entry align="center" valign="top">
<ptxt>
<phrase category="" id="KC08331225" phrase-urn="urn:x-nevis:phrase:0800c8af81dbc992">80°C</phrase>
</ptxt>
</entry>
<entry align="center" valign="top">
<ptxt>
<phrase category="" id="KC08331226" phrase-urn="urn:x-nevis:phrase:0800c8af81dbc993">107-143</phrase>
</ptxt>
</entry>
</row>
<row>
<entry align="center" valign="top">
<ptxt>
<phrase category="" id="KC08331227" phrase-urn="urn:x-nevis:phrase:0800c8af81dbc994">100°C</phrase>
</ptxt>
</entry>
<entry align="center" valign="top">
<ptxt>
<phrase category="" id="KC08331228" phrase-urn="urn:x-nevis:phrase:0800c8af81dbc995">64-86</phrase>
</ptxt>
</entry>
</row>
<row>
<entry align="center" valign="top">
<ptxt>
<phrase category="" id="KC08331229" phrase-urn="urn:x-nevis:phrase:0800c8af81dbc996">150°C</phrase>
</ptxt>
</entry>
<entry align="center" valign="top">
<ptxt>
<phrase category="" id="KC08331230" phrase-urn="urn:x-nevis:phrase:0800c8af81dbc997">23-31</phrase>
</ptxt>
</entry>
</row>
</tbody>
</tgroup>
</table>
<diaglist>
<dgraphic>
<dgraphic1>
<graphic id="KC08331231">
<href>0900c8af8067535#@#@#9#.jpeg</href>
</graphic>
</dgraphic1>
<dgraphic2>
<graphic id="KC08331232">
<href>0900c8af80054d4#@#@#9#.jpeg</href>
</graphic>
<smarttool active="auto" id="KC08331233" toolname="ODA"/>
</dgraphic2>
</dgraphic>
<ditem>
<ditemtext>
<ptxt>
<phrase category="" id="KC08331234" phrase-urn="urn:x-nevis:phrase:0800c8af81dbc998"/>
</ptxt>
</ditemtext>
</ditem>
</diaglist>
</test2>
</test1>
<question>The ohmmeter sh#@#@#26#able.</question>
<resact-grp>
<result button="ok" comp="button" highlight="0"/>
<action j2008use="1" paperuse="1" screenuse="1">
<ptxt>
<xref>
<ref id="KC08331235"/>
</xref>
</ptxt>
</action>
</resact-grp>
<resact-grp>
<result button="notok" comp="button" highlight="0"/>
<action j2008use="1" paperuse="1" screenuse="1">
<ptxt>
<xref>
<ref id="KC08331236"/>
</xref>
</ptxt>
</action>
</resact-grp>
</node>
</testgrp>
<testgrp id="KC02198531" j2008use="1" paperuse="1" resumable="1" screenuse="1" testgrp-id="dak7-1" x="320" y="640">
<title>
<phrase category="" id="KC08331237" phrase-urn="urn:x-nevis:phrase:0800c8af81dbc999">Replacing component</phrase>
</title>
<node>
<test1>
<test2>
<ptxt>
<phrase category="" id="KC08331238" phrase-urn="urn:x-nevis:phrase:0800c8af81dbc99a">Try a new oil t#@#@#26#g to <xref>
<ref id="KC08331239"/>
</xref>. </phrase>
</ptxt>
</test2>
</test1>
<question>Select "Continu#@#@#31#ired.</question>
<resact-grp>
<result button="cont" comp="button" highlight="0"/>
<action j2008use="1" paperuse="1" screenuse="1">
<ptxt>
<xref>
<ref id="KC08331240"/>
</xref>
</ptxt>
</action>
</resact-grp>
</node>
</testgrp>
<testgrp id="KC02198532" j2008use="1" paperuse="1" resumable="1" screenuse="1" testgrp-id="veridak" x="560" y="80">
<title>
<phrase category="" id="KC08331241" phrase-urn="urn:x-nevis:phrase:0800c8af81dbc99b">Verification</phrase>
</title>
<subcalloutnode>
<diagcallout>
<xref>
<ref id="KC08331242"/>
</xref>
</diagcallout>
<rescall-grp>
<result comp="string" highlight="0" op="eq" return="VERIFIED"/>
<calloutaction>
<return value="FAULT FOUND"/>
</calloutaction>
</rescall-grp>
<rescall-grp>
<result comp="string" highlight="0" op="eq" return="VERIFICATION FAILED"/>
<calloutaction>
<ptxt>
<xref>
<ref id="KC08331243"/>
</xref>
</ptxt>
</calloutaction>
</rescall-grp>
</subcalloutnode>
</testgrp>
<testgrp id="KC02198533" j2008use="1" paperuse="1" resumable="1" screenuse="1" testgrp-id="info1" x="760" y="80">
<title>
<phrase category="" id="KC08331244" phrase-urn="urn:x-nevis:phrase:0800c8af81dbc99c">Fault-tracing i#@#@#5#ation</phrase>
</title>
<subcalloutnode>
<diagcallout>
<xref>
<ref id="KC08331245"/>
</xref>
</diagcallout>
<rescall-grp>
<result comp="string" highlight="0" op="eq" return="FAULTTRACING FAILED"/>
<calloutaction>
<return value="FAULTTRACING FAILED"/>
</calloutaction>
</rescall-grp>
<rescall-grp>
<result comp="string" highlight="0" op="eq" return="NEW TRY"/>
<calloutaction>
<ptxt>
<xref>
<ref id="KC08331246"/>
</xref>
</ptxt>
</calloutaction>
</rescall-grp>
</subcalloutnode>
</testgrp>
<testgrp id="KC02198534" j2008use="1" paperuse="1" resumable="1" screenuse="1" testgrp-id="intdak" x="560" y="160">
<title>
<phrase category="" id="KC08331247" phrase-urn="urn:x-nevis:phrase:0800c8af81dbc99d">Intermittent fault</phrase>
</title>
<subcalloutnode>
<diagcallout>
<xref>
<ref id="KC08331248"/>
</xref>
</diagcallout>
<rescall-grp>
<result comp="string" highlight="0" op="eq" return="NEW TRY"/>
<calloutaction>
<ptxt>
<xref>
<ref id="KC08331249"/>
</xref>
</ptxt>
</calloutaction>
</rescall-grp>
<rescall-grp>
<result comp="string" highlight="0" op="eq" return="DONE"/>
<calloutaction>
<return value="DONE"/>
</calloutaction>
</rescall-grp>
<rescall-grp>
<result comp="string" highlight="0" op="eq" return="FAULT FOUND"/>
<calloutaction>
<return value="FAULT FOUND"/>
</calloutaction>
</rescall-grp>
</subcalloutnode>
</testgrp>
</diagnostic>
</servinfosub>