<?xml version="1.0" encoding="UTF-8"?><script xmlns:nevis="http://www.volvocars.com/namespaces/processing" xmlns:xlink="http://www.w3.org/1999/xlink" IE-ID="en-US0900c8af8766f00b" docno="VCC-485378" id="nev23677788n1" nevis:expl-profile="mdl256yr2016, mdl234yr2017, mdl235yr2017, mdl256yr2017" nevis:profile="urn:x-nevis:profile:0b00c8af858c2577 urn:x-nevis:profile:0b00c8af86dd9c00 urn:x-nevis:profile:0b00c8af86dd9c01 urn:x-nevis:profile:0b00c8af86eeb1e9" nevis:projectdocument="urn:x-nevis:projectdocument:0800c8af86dd7faf" nevis:resource="0900c8af8766f00f" nevis:resource2="urn:x-nevis:fragment:0900c8af8766f00b:0900c8af8766f00f#nev23677788n1" nevis:session-id="" qualifierinfotype="14:06" xml:lang="en-US"><title id="nev23677788n2"><phrase category="Title" id="nev25993192n1" phrase-urn="urn:x-nevis:phrase:0800c8af86f03262">Component test:</phrase><phrase category="Generic Component" id="nev25993193n1" phrase-urn="urn:x-nevis:phrase:0800c8af869b7bdd">AUX panel</phrase></title><content id="nev23677788n3-nev23677776n1" nevis:expl-profile="mdl256yr2016, mdl234yr2017, mdl235yr2017, mdl256yr2017" nevis:idfrom="nev23677788n3" nevis:prefix="nev23677788n3" nevis:profile="urn:x-nevis:profile:0b00c8af858c2577 urn:x-nevis:profile:0b00c8af86dd9c00 urn:x-nevis:profile:0b00c8af86dd9c01 urn:x-nevis:profile:0b00c8af86eeb1e9" nevis:resource="0900c8af8766f011" nevis:resource2="urn:x-nevis:fragment:0900c8af8766f00b:0900c8af8766f011#nev23677776n1" xml:lang="en-US"><nodes id="nev23677788n3-nev23677776n2"/><SpaScript Id="4b7159da-98df-4230-98ef-12e4c5278aab" Name="Component test: AUX panel " Type="FaultTracing" id="nev23677788n3-nev25993194n1"><Module Annotation="First we run the generic component test module.&#xD;&#xA;After that you can put your individual&#xD;&#xA;component tests..." IsEventHandler="false" Name="Main" id="nev23677788n3-nev25993195n1"><Variable Id="test_remove" Scope="Local" Type="InfoDisplay" id="nev23677788n3-nev25993196n1"><Value Type="InfoDisplayVariable" id="nev23677788n3-nev25993197n1"><infoDisplay id="nev23677788n3-nev23677776n7"><title id="nev23677788n3-nev23677776n8"><freeText id="nev23677788n3-nev23677776n9">Test Test Test</freeText></title><para id="nev23677788n3-nev23677776n10"><freeText id="nev23677788n3-nev23677777n1">Detta är den ge#@#@#45#p... </freeText></para><para id="nev23677788n3-nev23677777n2"><freeText id="nev23677788n3-nev23677777n3">Denna text visa#@#@#42#erats</freeText></para></infoDisplay></Value></Variable><Variable Id="Input" Scope="Input" Type="FaultTracing.Input" id="nev23677788n3-nev25993198n1"/><Component Annotation="Generic test to inform about the DTC condition for faulttracing this cmponent." ComponentId="CallModule_GenericComponentTest" id="nev23677788n3-nev25993199n1"><CallModule id="nev23677788n3-nev25993200n1"><Input Module="GenericComponentTest" id="nev23677788n3-nev25993201n1"><Arg Value="{Input}" id="nev23677788n3-nev25993202n1"/></Input></CallModule></Component><Component ComponentId="RunScript1" id="nev23677788n3-nev25993203n1"><RunScript id="nev23677788n3-nev25993204n1"><Input id="nev23677788n3-nev25993205n1"><NevisLink ProjectDocumentId="0800c8af86db0431" VCCNumber="VCC-485153-1" VariantId="0900c8af86db059f" id="nev23677788n3-nev25993206n1"/><Contract id="nev23677788n3-nev25993207n1"/><Arguments id="nev23677788n3-nev25993208n1"/><NevisXRef id="nev23677788n3-nev23677808n1"><ref id="nev23677788n3-nev23677789n1"><locator xlink:href="#nev23677788n3-nev23677789n1" xlink:type="locator"/><locator xlink:href="urn:x-nevis:xref:0800c8af86db0431:00000000:00000000#nev23644550n1" xlink:type="locator"/><arc nevis:href="urn:x-nevis:xref:0800c8af86db0431:00000000:00000000#nev23644550n1" xlink:title="VCC-485153, AUX panel" xlink:type="arc"/></ref></NevisXRef></Input></RunScript></Component></Module><Module IsEventHandler="false" Name="Final" id="nev23677788n3-nev25993212n1"/><Module Annotation="Do not touch!" IsEventHandler="false" Name="GenericComponentTest" id="nev23677788n3-nev25993213n1"><Variable Id="InfoDisplayFromGenericLogic" Scope="Local" Type="InfoDisplay" id="nev23677788n3-nev25993214n1"><Value Type="InfoDisplayVariable" id="nev23677788n3-nev25993215n1"><infoDisplay id="nev23677788n3-nev23677778n3"/></Value></Variable><Variable Id="DTCs" Scope="Input" Type="List[String]" id="nev23677788n3-nev25993216n1"/><Component ComponentId="Logger_running_generic" id="nev23677788n3-nev25993217n1"><Logger id="nev23677788n3-nev25993218n1"><Input Text="Running module GenericComponenttest in component test 14:06..........   --- Version: 2015-01-23," id="nev23677788n3-nev25993219n1"/></Logger></Component><Component Annotation="Run the Generic Logic 14:00" ComponentId="RunScript_generic_logic" id="nev23677788n3-nev25993220n1"><RunScript id="nev23677788n3-nev25993221n1"><Input id="nev23677788n3-nev25993222n1"><NevisLink ProjectDocumentId="0800c8af86b6bb5c" VCCNumber="VCC-479232-1" VariantId="0900c8af86b6bb6b" id="nev23677788n3-nev25993223n1"/><Contract id="nev23677788n3-nev25993224n1"><InputVariable Name="DTC_input_data" Type="FaultTracing.Input" id="nev23677788n3-nev25993225n1"/><OutputVariable Name="Error" Type="Double" id="nev23677788n3-nev25993226n1"/><OutputVariable Name="ReturnInfoDisplay" Type="InfoDisplay" id="nev23677788n3-nev25993227n1"/><OutputVariable Name="Only_UC_since_LC" Type="Double" id="nev23677788n3-nev25993228n1"/><OutputVariable Name="TF_since_LC_TestPassedNow" Type="Double" id="nev23677788n3-nev25993229n1"/><OutputVariable Name="TF_since_LC_TestNotRunning" Type="Double" id="nev23677788n3-nev25993230n1"/><OutputVariable Name="TF_since_LC_and_UC_this_OC" Type="Double" id="nev23677788n3-nev25993231n1"/><OutputVariable Name="FaultFreeComponent" Type="Double" id="nev23677788n3-nev25993232n1"/></Contract><Arguments InputValue1="{DTCs}" id="nev23677788n3-nev25993233n1"/><NevisXRef id="nev23677788n3-nev23677780n2"><ref id="nev23677788n3-nev23677780n3"><locator xlink:href="#nev23677788n3-nev23677780n3" xlink:type="locator"/><locator xlink:href="urn:x-nevis:xref:0800c8af86b6bb5c:00000000:00000000#nev22873702n1" xlink:type="locator"/><arc nevis:href="urn:x-nevis:xref:0800c8af86b6bb5c:00000000:00000000#nev22873702n1" xlink:title="VCC-479232, Generic logic for component test" xlink:type="arc"/></ref></NevisXRef></Input></RunScript></Component><If Annotation="if no error show generic info about DTC status for component" LogicId="If_no_error" id="nev23677788n3-nev25993237n1"><LogicStatement Expression="RunScript_generic_logic_Result.Error == False" id="nev23677788n3-nev25993238n1"/><True id="nev23677788n3-nev25993239n1"><Component ComponentId="Logger_showing_infodisplay" id="nev23677788n3-nev25993240n1"><Logger id="nev23677788n3-nev25993241n1"><Input Text="Showing information from generic logic script" id="nev23677788n3-nev25993242n1"/></Logger></Component><Component Annotation="From infodisplay returned by generic logic to a local infodisplay variable due to a bug in SPASE " ComponentId="AssignValue_Infodisplay" id="nev23677788n3-nev25993243n1"><AssignValue id="nev23677788n3-nev25993244n1"><Input AssignTo="{InfoDisplayFromGenericLogic}" Value="{RunScript_generic_logic_Result ReturnInfoDisplay}" id="nev23677788n3-nev25993245n1"/></AssignValue></Component><Component Annotation="Result from the generic logic 14:00" ComponentId="DisplayInformation_FromGenericLogic" id="nev23677788n3-nev25993246n1"><DisplayInformation id="nev23677788n3-nev25993247n1"><Input ButtonType="0" InfoDisplay="{InfoDisplayFromGenericLogic}" id="nev23677788n3-nev25993248n1"/></DisplayInformation></Component><If Annotation="If component only has unconfirmed DTC" LogicId="If_OnlyUnconfirmed" id="nev23677788n3-nev25993249n1"><LogicStatement Expression="RunScript_generic_logic_Result.Only_UC_since_LC == True" id="nev23677788n3-nev25993250n1"/><True id="nev23677788n3-nev25993251n1"><Component ComponentId="Logger_onlyUnconfirmed" id="nev23677788n3-nev25993252n1"><Logger id="nev23677788n3-nev25993253n1"><Input Text="The component Test 14:06, Module: GenericcomponentTest is now starting the 14:00 generic script for only unconfirmed since generic logic responded that there was only unconfirmed DTC" id="nev23677788n3-nev25993254n1"/></Logger></Component><Component Annotation="Generic Logic only for unconfirmed faulttracing" ComponentId="RunScript_OnlyUnconfirmed" id="nev23677788n3-nev25993255n1"><RunScript id="nev23677788n3-nev25993256n1"><Input id="nev23677788n3-nev25993257n1"><NevisLink ProjectDocumentId="0800c8af86bbe0d4" VCCNumber="VCC-479592-1" VariantId="0900c8af86bbddf9" id="nev23677788n3-nev25993258n1"/><Contract id="nev23677788n3-nev25993259n1"><InputVariable Name="AttemptNo" Type="Double" id="nev23677788n3-nev25993260n1"/><InputVariable Name="DTCs" Type="List[String]" id="nev23677788n3-nev25993261n1"/><OutputVariable Name="Verified" Type="Double" id="nev23677788n3-nev25993262n1"/><OutputVariable Name="ReturningInfodisplay" Type="InfoDisplay" id="nev23677788n3-nev25993263n1"/></Contract><Arguments InputValue1="1" InputValue2="{DTCs}" id="nev23677788n3-nev25993264n1"/><NevisXRef id="nev23677788n3-nev23677783n2"><ref id="nev23677788n3-nev23677783n3"><locator xlink:href="#nev23677788n3-nev23677783n3" xlink:type="locator"/><locator xlink:href="urn:x-nevis:xref:0800c8af86bbe0d4:00000000:00000000#nev22964386n1" xlink:type="locator"/><arc nevis:href="urn:x-nevis:xref:0800c8af86bbe0d4:00000000:00000000#nev22964386n1" xlink:title="VCC-479592, GenericLogicForOnlyUnconfirmedComponentTest" xlink:type="arc"/></ref></NevisXRef></Input></RunScript></Component><Component ComponentId="AssignValue_infodisplay" id="nev23677788n3-nev25993268n1"><AssignValue id="nev23677788n3-nev25993269n1"><Input AssignTo="{InfoDisplayFromGenericLogic}" Value="{RunScript_OnlyUnconfirmed_Result ReturningInfodisplay}" id="nev23677788n3-nev25993270n1"/></AssignValue></Component><Component ComponentId="DisplayInformation_ResultOnlyUnconfirmed" id="nev23677788n3-nev25993271n1"><DisplayInformation id="nev23677788n3-nev25993272n1"><Input ButtonType="0" InfoDisplay="{InfoDisplayFromGenericLogic}" id="nev23677788n3-nev25993273n1"/></DisplayInformation></Component><If Annotation="Verified ?" LogicId="If1" id="nev23677788n3-nev25993274n1"><LogicStatement Expression="RunScript_OnlyUnconfirmed_Result.Verified == True" id="nev23677788n3-nev25993275n1"/><True id="nev23677788n3-nev25993276n1"><Component Annotation="Verified" ComponentId="Logger_finished" id="nev23677788n3-nev25993277n1"><Logger id="nev23677788n3-nev25993278n1"><Input Text="Generic fault tracing instructions for only unconfirmed fault finished. the fault is verified..." id="nev23677788n3-nev25993279n1"/></Logger></Component></True><Else id="nev23677788n3-nev25993280n1"><Component ComponentId="Logger_NotVerifiedRetry2" id="nev23677788n3-nev25993281n1"><Logger id="nev23677788n3-nev25993282n1"><Input Text="The only unconfirmed fault is not verified... Running onlyUnconfirmedScript 14:00 one more time..." id="nev23677788n3-nev25993283n1"/></Logger></Component><Component Annotation="Second try" ComponentId="RunScriptUnconfirmed_2" id="nev23677788n3-nev25993284n1"><RunScript id="nev23677788n3-nev25993285n1"><Input id="nev23677788n3-nev25993286n1"><NevisLink ProjectDocumentId="0800c8af86bbe0d4" VCCNumber="VCC-479592-1" VariantId="0900c8af86bbddf9" id="nev23677788n3-nev25993287n1"/><Contract id="nev23677788n3-nev25993288n1"><InputVariable Name="AttemptNo" Type="Double" id="nev23677788n3-nev25993289n1"/><InputVariable Name="DTCs" Type="List[String]" id="nev23677788n3-nev25993290n1"/><OutputVariable Name="Verified" Type="Double" id="nev23677788n3-nev25993291n1"/><OutputVariable Name="ReturningInfodisplay" Type="InfoDisplay" id="nev23677788n3-nev25993292n1"/></Contract><Arguments InputValue1="2" InputValue2="{DTCs}" id="nev23677788n3-nev25993293n1"/><NevisXRef id="nev23677788n3-nev23677785n10"><ref id="nev23677788n3-nev23677786n1"><locator xlink:href="#nev23677788n3-nev23677786n1" xlink:type="locator"/><locator xlink:href="urn:x-nevis:xref:0800c8af86bbe0d4:00000000:00000000#nev22964386n1" xlink:type="locator"/><arc nevis:href="urn:x-nevis:xref:0800c8af86bbe0d4:00000000:00000000#nev22964386n1" xlink:title="VCC-479592, GenericLogicForOnlyUnconfirmedComponentTest" xlink:type="arc"/></ref></NevisXRef></Input></RunScript></Component><Component Annotation="" ComponentId="AssignValue_infodisplay2" id="nev23677788n3-nev25993297n1"><AssignValue id="nev23677788n3-nev25993298n1"><Input AssignTo="{InfoDisplayFromGenericLogic}" Value="{RunScriptUnconfirmed_2_Result ReturningInfodisplay}" id="nev23677788n3-nev25993299n1"/></AssignValue></Component><Component ComponentId="DisplayInformation_ResultUC_2" id="nev23677788n3-nev25993300n1"><DisplayInformation id="nev23677788n3-nev25993301n1"><Input ButtonType="0" InfoDisplay="{InfoDisplayFromGenericLogic}" id="nev23677788n3-nev25993302n1"/></DisplayInformation></Component></Else></If></True><Else id="nev23677788n3-nev25993303n1"/></If></True><Else id="nev23677788n3-nev25993304n1"><Component ComponentId="Logger_error" id="nev23677788n3-nev25993305n1"><Logger id="nev23677788n3-nev25993306n1"><Input Text="Error! Something is wrong in generic logic14:00 script, no condition is true. disabling viewing of the generic information, continueing directly to specific fault tracing..." id="nev23677788n3-nev25993307n1"/></Logger></Component></Else></If><Component ComponentId="Logger_Finished" id="nev23677788n3-nev25993308n1"><Logger id="nev23677788n3-nev25993309n1"><Input Text="Generic module in 14:06 component test is finished, continuing with specific tests...." id="nev23677788n3-nev25993310n1"/></Logger></Component></Module></SpaScript></content></script>