<?xml version="1.0" encoding="UTF-8"?><servinfosub IE-ID="en-US0900c8af800dd00b" docno="VCC-101889" id="KC01216320" xml:lang="en-US">
<title>
<phrase category="" id="KC06044065" phrase-urn="urn:x-nevis:phrase:0800c8af8172ca7e">Checking front #@#@#3#hting</phrase>
</title>
<diagnostic type="test">
<testgrp IE-ID="en-US0900c8af800dd00b_KC01230377" id="KC01230377" j2008use="1" paperuse="1" resumable="1" screenuse="1" testgrp-id="a1" x="80" y="80">
<title>
<phrase category="" id="KC06044066" phrase-urn="urn:x-nevis:phrase:0800c8af8172ca7f">Final check</phrase>
</title>
<node>
<test1>
<hint>
<ptxt>
<phrase category="" id="KC06044067" phrase-urn="urn:x-nevis:phrase:0800c8af8172ca80">After the repai#@#@#56#fied.</phrase>
</ptxt>
</hint>
<diaglist>
<dgraphic>
<dgraphic1>
<graphic id="KC06044068">
<href>0900c8af80054d5#@#@#9#.jpeg</href>
</graphic>
</dgraphic1>
<dgraphic2>
<graphic id="KC06044069">
<href>0900c8af80054d7#@#@#9#.jpeg</href>
</graphic>
</dgraphic2>
</dgraphic>
<ditem>
<ptxt>
<phrase category="" id="KC06044070" phrase-urn="urn:x-nevis:phrase:0800c8af8172ca81">Ignition off.</phrase>
</ptxt>
</ditem>
<ditem>
<ptxt>
<phrase category="" id="KC06044071" phrase-urn="urn:x-nevis:phrase:0800c8af8172ca82">Connect the con#@#@#31# etc.</phrase>
</ptxt>
</ditem>
<ditem>
<ptxt>
<phrase category="" id="KC06044072" phrase-urn="urn:x-nevis:phrase:0800c8af8172ca83">Ignition on.</phrase>
</ptxt>
</ditem>
</diaglist>
<test2>
<para>
<ptxt>
<phrase category="" id="KC06044073" phrase-urn="urn:x-nevis:phrase:0800c8af8172ca84">Check that fron#@#@#12#orks.</phrase>
</ptxt>
</para>
</test2>
</test1>
<question>Does front ligh#@#@#15#ctly?</question>
<resact-grp>
<result button="yes" comp="button" highlight="0"/>
<action j2008use="1" paperuse="1" screenuse="1">
<return value="VERIFIED"/>
</action>
</resact-grp>
<resact-grp>
<result button="no" comp="button" highlight="0"/>
<action j2008use="1" paperuse="1" screenuse="1">
<return value="VERIFICATION FAILED"/>
</action>
</resact-grp>
</node>
</testgrp>
</diagnostic>
</servinfosub>