<?xml version="1.0" encoding="UTF-8"?><servinfosub IE-ID="en-US0900c8af8068200b" docno="VCC-037069" id="KC02041751" xml:lang="en-US">
<title>
<phrase category="" id="KC08359674" phrase-urn="urn:x-nevis:phrase:0800c8af81dbf9d5">Diagnostic trou#@#@#21#ation</phrase>
</title>
<diagnostic id="KC02283839" type="condition">
<condgrp>
<condition type="condition">
<grate>
<graphic id="KC08359675" width="column">
<href>0900c8af80681ed#@#@#9#.jpeg</href>
</graphic>
<graphtext>
<ptxt>
<phrase category="" id="KC08359676" phrase-urn="urn:x-nevis:phrase:0800c8af81dbf9d6">      Voltage e#@#@#140#edge.</phrase>
</ptxt>
</graphtext>
</grate>
</condition>
<ps>
<list1 enumtype="d" type="unordered">
<item>
<ptxt>
<phrase category="" id="KC08359677" phrase-urn="urn:x-nevis:phrase:0800c8af81dbf9d7">      Contact r#@#@#20#ions.</phrase>
</ptxt>
</item>
<item>
<ptxt>
<phrase category="" id="KC08359678" phrase-urn="urn:x-nevis:phrase:0800c8af81dbf9d8">      Bad conta#@#@#13#ions.</phrase>
</ptxt>
</item>
<item>
<ptxt>
<phrase category="" id="KC08359679" phrase-urn="urn:x-nevis:phrase:0800c8af81dbf9d9">      Defective#@#@#21#or 3.</phrase>
</ptxt>
</item>
<item>
<ptxt>
<phrase category="" id="KC08359680" phrase-urn="urn:x-nevis:phrase:0800c8af81dbf9da">      Ground le#@#@#58#or 3.</phrase>
</ptxt>
</item>
<item>
<ptxt>
<phrase category="" id="KC08359681" phrase-urn="urn:x-nevis:phrase:0800c8af81dbf9db">      Supply le#@#@#58#or 3.</phrase>
</ptxt>
</item>
<item>
<ptxt>
<phrase category="" id="KC08359682" phrase-urn="urn:x-nevis:phrase:0800c8af81dbf9dc">      Signal le#@#@#58#or 3.</phrase>
</ptxt>
</item>
<item>
<ptxt>
<phrase category="" id="KC08359683" phrase-urn="urn:x-nevis:phrase:0800c8af81dbf9dd">      Signal le#@#@#77#ound.</phrase>
</ptxt>
</item>
<item>
<ptxt>
<phrase category="" id="KC08359684" phrase-urn="urn:x-nevis:phrase:0800c8af81dbf9de">      Defective#@#@#11#dule.</phrase>
</ptxt>
</item>
</list1>
</ps>
</condgrp>
<condgrp>
<condition type="symptom">
<list1 enumtype="d" type="unordered">
<item>
<ptxt>
<phrase category="" id="KC08359685" phrase-urn="urn:x-nevis:phrase:0800c8af81dbf9df">      Memory ac#@#@#20#ning.</phrase>
</ptxt>
</item>
</list1>
</condition>
</condgrp>
</diagnostic>
</servinfosub>