<?xml version="1.0" encoding="UTF-8"?><servinfosub IE-ID="en-US0900c8af8402400b" docno="VCC-335848" id="nev13050268n1" xml:lang="en-US">
<title>
<phrase category="Title" id="nev13050268n2" phrase-urn="urn:x-nevis:phrase:0800c8af81eb9a54">Diagnostic trou#@#@#21#ation</phrase>
<phrase category="Prefix" id="nev13050268n3" phrase-urn="urn:x-nevis:phrase:0800c8af8015c414">PHM</phrase>-B116B15</title>
<diagnostic j2008use="1" paperuse="1" screenuse="1" type="condition">
<condgrp>
<condition type="condition">
<grate>
<graphic id="nev13050268n4">
<href>0900c8af838d1b1#@#@#9#.jpeg</href>
</graphic>
</grate>
<para>
<ptxt>
<phrase category="Condition" id="nev13050268n5" phrase-urn="urn:x-nevis:phrase:0800c8af837b999b">The Phone modul#@#@#50#dset.</phrase>
</ptxt>
</para>
<para>
<ptxt>
<phrase category="Condition" id="nev13050268n6" phrase-urn="urn:x-nevis:phrase:0800c8af82c4843c">The diagnostic #@#@#59#that:</phrase>
</ptxt>
</para>
<list1 id="nev13050268n7">
<item id="nev13050268n8">
<ptxt id="nev13128481n98">
<phrase category="Condition" id="nev13128488n1" phrase-urn="urn:x-nevis:phrase:0800c8af840b7d38">The loudspeaker#@#@#53#cuit.</phrase>
</ptxt>
</item>
</list1>
<para id="nev13050269n1">
<ptxt id="nev13050269n2">
<phrase category="Condition" id="nev13050269n3" phrase-urn="urn:x-nevis:phrase:0800c8af82c479d6">The control mod#@#@#67#t of:</phrase>
</ptxt>
</para>
<list1 id="nev13050269n4">
<item id="nev13050269n5">
<ptxt id="nev13128481n100">
<phrase category="Condition" id="nev13128483n1" phrase-urn="urn:x-nevis:phrase:0800c8af83503989">Ignition positi#@#@#10#d II.</phrase>
</ptxt>
</item>
<item id="nev13050269n8">
<ptxt id="nev13050269n9">
<phrase category="Condition" id="nev13050269n10" phrase-urn="urn:x-nevis:phrase:0800c8af8370a1d0">Battery voltage#@#@#13#16 V.</phrase>
</ptxt>
</item>
</list1>
<note id="nev13348212n100">
<ptxt id="nev13348212n99">
<phrase category="Condition" id="nev13348213n1" phrase-urn="urn:x-nevis:phrase:0800c8af82c4844b">The control mod#@#@#132# met.</phrase>
</ptxt>
</note>
</condition>
</condgrp>
<condgrp>
<condition type="substitution">
<list1 enumtype="d" type="unordered">
<item>
<ptxt>
<phrase category="" id="nev13050270n1" phrase-urn="urn:x-nevis:phrase:0800c8af81c25150">Only hands-free#@#@#6#tes. </phrase>
</ptxt>
</item>
</list1>
</condition>
<ps>
<list1 enumtype="d" type="unordered">
<item id="nev13265933n100">
<ptxt id="nev13265933n99">
<phrase category="Possible source" id="nev13265934n1" phrase-urn="urn:x-nevis:phrase:0800c8af840e6411">Short-circuit t#@#@#88#dule.</phrase>
</ptxt>
</item>
<item>
<ptxt id="nev13153751n97">
<phrase category="Possible source" id="nev13153754n1" phrase-urn="urn:x-nevis:phrase:0800c8af840e6414">Open-circuit in#@#@#77#dule.</phrase>
</ptxt>
</item>
</list1>
</ps>
</condgrp>
<condgrp>
<condition type="symptom">
<list1 enumtype="d" type="unordered">
<item>
<ptxt id="nev13128481n96">
<phrase category="Symptom CSC" id="nev13128497n1" phrase-urn="urn:x-nevis:phrase:0800c8af8388f0cf">KQ, Cellular ph#@#@#42#ndset</phrase>
</ptxt>
</item>
<item>
<ptxt id="nev13128481n94">
<phrase category="Symptom CSC" id="nev13128500n1" phrase-urn="urn:x-nevis:phrase:0800c8af8388f0ca">FZ, Cellular ph#@#@#51#times</phrase>
</ptxt>
</item>
<item id="nev13128481n92">
<ptxt id="nev13128481n91">
<phrase category="Symptom CSC" id="nev13128501n1" phrase-urn="urn:x-nevis:phrase:0800c8af8388f137">IV, Text window#@#@#27#ssage</phrase>
</ptxt>
</item>
</list1>
</condition>
</condgrp>
</diagnostic>
</servinfosub>