<?xml version="1.0" encoding="UTF-8"?><servinfosub IE-ID="en-US0900c8af806a6f0b" docno="VCC-064461" id="KC02127452" xml:lang="en-US">
<title>Seat belt tensi#@#@#6#check</title>
<procedure>
<stepgrp>
<note>
<ptxt>If the car is e#@#@#104#aced.</ptxt>
</note>
<procstep>
<title/>
<ptxt>There are two m#@#@#133#od 2.</ptxt>
</procstep>
<procstep id="KC02186257">
<title>Preparations</title>
<grate>
<graphic id="KC08455311" width="column">
<href>0900c8af8005714#@#@#11#.jpeg</href>
</graphic>
<graphtext>
<list1 enumtype="d" type="unordered">
<item>
<ptxt>Switch off the #@#@#3#ition</ptxt>
</item>
<item>
<ptxt>Disconnect the #@#@#16# lead</ptxt>
</item>
</list1>
</graphtext>
</grate>
</procstep>
<procstep id="KC02186258">
<title>Method 1</title>
<grate>
<graphic id="KC08455312" width="column">
<href>0900c8af803f64b#@#@#9#.jpeg</href>
</graphic>
<graphtext>
<ptxt>Pull out and re#@#@#111#ated.</ptxt>
<list1 enumtype="d" type="unordered">
<title>Signs that the #@#@#30#ted:
</title>
<item>
<ptxt>The seat belt sticks</ptxt>
</item>
<item>
<ptxt>The seat belt j#@#@#10#nd in</ptxt>
</item>
<item>
<ptxt>Seat belt retra#@#@#20# all
</ptxt>
</item>
</list1>
<ptxt>If this is the #@#@#29#ced.
</ptxt>
<ptxt>If in doubt, ca#@#@#20#well.</ptxt>
</graphtext>
</grate>
</procstep>
<procstep id="KC02186259">
<title>Method 2</title>
<grate>
<graphic id="KC08455313" width="column">
<href>0900c8af806a6f1#@#@#9#.jpeg</href>
</graphic>
<graphtext>
<list1 enumtype="d" type="unordered">
<item>
<ptxt>Switch off the #@#@#3#ition</ptxt>
</item>
<item>
<ptxt>Disconnect the #@#@#16# lead</ptxt>
</item>
<item>
<ptxt>Remove B-post i#@#@#18#way.
</ptxt>
</item>
<item>
<ptxt>Insert a wire i#@#@#67#iston</ptxt>
</item>
</list1>
<para>
<title>Piston in posit#@#@#1#on A:</title>
<ptxt>The seat belt t#@#@#54#ers.
</ptxt>
</para>
<para>
<title>Piston in posit#@#@#1#on B:</title>
<ptxt>The seat belt t#@#@#59#rder.</ptxt>
</para>
</graphtext>
</grate>
</procstep>
</stepgrp>
</procedure>
</servinfosub>