<?xml version="1.0" encoding="UTF-8"?><servinfosub IE-ID="en-US0900c8af81852f0b" docno="VCC-157425" id="KC06317563" xml:lang="en-US">
<title>
<phrase category="" id="KC07195225" phrase-urn="urn:x-nevis:phrase:0800c8af81a94cd1">Diagnostic trou#@#@#30#-E003</phrase>
</title>
<diagnostic j2008use="1" paperuse="1" screenuse="1" type="condition">
<condgrp>
<condition type="condition">
<grate>
<graphic id="KC07195226" width="column">
<href>0900c8af8005b96#@#@#9#.jpeg</href>
</graphic>
<graphtext>
<para>
<ptxt>
<phrase category="" id="KC07195227" phrase-urn="urn:x-nevis:phrase:0800c8af81a94cd2">The control mod#@#@#366#pted.</phrase>
</ptxt>
</para>
<note>
<ptxt>
<phrase category="" id="KC07195228" phrase-urn="urn:x-nevis:phrase:0800c8af81a94cd3">In the event of#@#@#433#de”).</phrase>
</ptxt>
</note>
</graphtext>
</grate>
</condition>
</condgrp>
<condgrp>
<condition type="substitution">
<list1 enumtype="d" type="unordered">
<item>
<ptxt>
<phrase category="" id="KC07195229" phrase-urn="urn:x-nevis:phrase:0800c8af81a94cd4">None.</phrase>
</ptxt>
</item>
</list1>
</condition>
<ps>
<list1 enumtype="d" type="unordered">
<item>
<ptxt>
<phrase category="" id="KC07195230" phrase-urn="urn:x-nevis:phrase:0800c8af81a94cd5">Incorrect CAN c#@#@#125#are) </phrase>
</ptxt>
</item>
<item>
<ptxt>
<phrase category="" id="KC07195231" phrase-urn="urn:x-nevis:phrase:0800c8af81a94cd6">Open-circuit in#@#@#101#CEM).</phrase>
</ptxt>
</item>
</list1>
</ps>
</condgrp>
<condgrp>
<condition type="symptom">
<list1 enumtype="d" type="unordered">
<item>
<ptxt>
<phrase category="" id="KC07195232" phrase-urn="urn:x-nevis:phrase:0800c8af81a94cd7">Four wheel driv#@#@#15#oning</phrase>
</ptxt>
</item>
<item>
<ptxt>
<phrase category="" id="KC07195233" phrase-urn="urn:x-nevis:phrase:0800c8af81a94cd8">Message in the #@#@#2#splay</phrase>
</ptxt>
</item>
<item>
<ptxt>
<phrase category="" id="KC07195234" phrase-urn="urn:x-nevis:phrase:0800c8af81a94cd9">The anti-spin w#@#@#13#s lit</phrase>
</ptxt>
</item>
<item>
<ptxt>
<phrase category="" id="KC07195235" phrase-urn="urn:x-nevis:phrase:0800c8af81a94cda">General warning#@#@#5# lit.</phrase>
</ptxt>
</item>
</list1>
</condition>
</condgrp>
</diagnostic>
</servinfosub>