<?xml version="1.0" encoding="UTF-8"?><servinfosub IE-ID="en-US0900c8af848d7311" docno="VCC-166740" id="KC08843586" xml:lang="en-US">
<title>
<phrase category="" id="KC09609389" phrase-urn="urn:x-nevis:phrase:0800c8af8272568e">Faulty signal</phrase>
</title>
<diagnostic j2008use="1" layout="0" paperuse="1" screenuse="1" type="test">
<testgrp IE-ID="en-US0900c8af848d7311_KC08856274" id="KC08856274" j2008use="1" paperuse="1" resumable="1" screenuse="1" testgrp-id="node1" x="120" y="80">
<title>
<phrase category="" id="KC09609390" phrase-urn="urn:x-nevis:phrase:0800c8af8272568f">Checking compon#@#@#10#iring</phrase>
</title>
<node>
<test1>
<diaglist>
<dgraphic>
<dgraphic1>
<graphic id="KC09609391">
<href>0900c8af80054d4#@#@#9#.jpeg</href>
</graphic>
</dgraphic1>
<dgraphic3>
<graphic id="KC09609392">
<href>0900c8af80054cc#@#@#9#.jpeg</href>
</graphic>
</dgraphic3>
</dgraphic>
<ditem>
<ptxt>
<phrase category="" id="KC09609393" phrase-urn="urn:x-nevis:phrase:0800c8af82725690">Ignition off</phrase>
</ptxt>
</ditem>
<ditem>
<ptxt>
<phrase category="" id="KC09609394" phrase-urn="urn:x-nevis:phrase:0800c8af82725692">Unplug the conn#@#@#36#ECM).</phrase>
</ptxt>
</ditem>
</diaglist>
<test2>
<para>
<ptxt>
<phrase category="" id="KC09609395" phrase-urn="urn:x-nevis:phrase:0800c8af82725693">Check the boost#@#@#79#tion.</phrase>
</ptxt>
</para>
<para>
<ptxt>
<phrase category="" id="KC09609396" phrase-urn="urn:x-nevis:phrase:0800c8af82725694">Read the atmosp#@#@#78#mbol.</phrase>
</ptxt>
</para>
<para>
<ptxt>
<phrase category="" id="KC09609397" phrase-urn="urn:x-nevis:phrase:0800c8af82725695">Remedy as necessary.</phrase>
</ptxt>
</para>
<list1 enumtype="d" type="unordered">
<title>
<phrase category="" id="KC09609398" phrase-urn="urn:x-nevis:phrase:0800c8af82725696">Other information</phrase>
</title>
<item>
<ptxt>
<phrase category="" id="KC09609399" phrase-urn="urn:x-nevis:phrase:0800c8af82725697">
<xref>
<ref id="KC09609400"/>
</xref>
</phrase>
</ptxt>
</item>
<item>
<ptxt>
<xref id="nev14432137n100">
<ref id="l1203422644171"/>
</xref>
</ptxt>
</item>
<item>
<ptxt>
<phrase category="" id="KC09609403" phrase-urn="urn:x-nevis:phrase:0800c8af82725699">
<xref>
<ref id="KC09609404"/>
</xref>
</phrase>
</ptxt>
</item>
</list1>
<diaglist>
<dgraphic>
<dgraphic1>
<graphic id="KC09609405">
<href>0900c8af8162119#@#@#9#.jpeg</href>
</graphic>
</dgraphic1>
<dgraphic2>
<graphic id="KC09609406">
<href>0900c8af86c8681#@#@#9#.jpeg</href>
</graphic>
<smarttool active="press" id="KC09609407" toolname="YECM3021"/>
</dgraphic2>
</dgraphic>
</diaglist>
<grate>
<graphic id="KC09609409">
<href>0900c8af81620f8#@#@#9#.jpeg</href>
</graphic>
</grate>
</test2>
</test1>
<question>
Select Continue.
</question>
<resact-grp>
<result button="cont" comp="button" highlight="0"/>
<action j2008use="1" paperuse="1" screenuse="1">
<ptxt>
<xref>
<ref id="KC09609411"/>
</xref>
</ptxt>
</action>
</resact-grp>
</node>
</testgrp>
<testgrp id="KC08856275" j2008use="1" paperuse="1" resumable="1" screenuse="1" testgrp-id="veria" x="120" y="200">
<title>
<phrase category="" id="KC09609412" phrase-urn="urn:x-nevis:phrase:0800c8af8272569c">Verification</phrase>
</title>
<subcalloutnode>
<diagcallout>
<xref>
<ref id="KC09609413"/>
</xref>
</diagcallout>
<rescall-grp>
<result comp="string" highlight="0" op="eq" return="VERIFIED"/>
<calloutaction>
<return value="FAULT FOUND"/>
</calloutaction>
</rescall-grp>
<rescall-grp>
<result comp="string" highlight="0" op="eq" return="VERIFICATION FAILED"/>
<calloutaction>
<ptxt>
<xref>
<ref id="KC09609414"/>
</xref>
</ptxt>
</calloutaction>
</rescall-grp>
</subcalloutnode>
</testgrp>
<testgrp id="KC08856276" j2008use="1" paperuse="0" resumable="1" screenuse="1" testgrp-id="info1" x="360" y="200">
<title>
<phrase category="" id="KC09609415" phrase-urn="urn:x-nevis:phrase:0800c8af8272569d">Fault-tracing i#@#@#5#ation</phrase>
</title>
<subcalloutnode>
<diagcallout>
<xref>
<ref id="KC09609416"/>
</xref>
</diagcallout>
<rescall-grp>
<result comp="string" highlight="0" op="eq" return="FAULTTRACING FAILED"/>
<calloutaction>
<return value="FAULTTRACING FAILED"/>
</calloutaction>
</rescall-grp>
<rescall-grp>
<result comp="string" highlight="0" op="eq" return="NEW TRY"/>
<calloutaction>
<ptxt>
<xref>
<ref id="KC09609417"/>
</xref>
</ptxt>
</calloutaction>
</rescall-grp>
</subcalloutnode>
</testgrp>
</diagnostic>
</servinfosub>