<?xml version="1.0" encoding="UTF-8"?><servinfosub IE-ID="en-US0900c8af81a9440d" docno="VCC-157230" id="KC06252496" xml:lang="en-US">
<title>
<phrase category="" id="KC09533980" phrase-urn="urn:x-nevis:phrase:0800c8af82714770">Checking the pa#@#@#31# lit)</phrase>
</title>
<diagnostic type="test">
<testgrp IE-ID="en-US0900c8af81a9440d_KC06252498" id="KC06252498" j2008use="1" paperuse="1" resumable="1" screenuse="1" testgrp-id="node1" x="880" y="160">
<title>
<phrase category="" id="KC09533981" phrase-urn="urn:x-nevis:phrase:0800c8af82714771">Check in progress</phrase>
</title>
<node>
<test1>
<diaglist>
<ditem>
<ptxt>
<phrase category="" id="KC09533982" phrase-urn="urn:x-nevis:phrase:0800c8af82714772">Set parking brake.</phrase>
</ptxt>
</ditem>
</diaglist>
<test2>
<para>
<ptxt>
<phrase category="" id="KC09533983" phrase-urn="urn:x-nevis:phrase:0800c8af82714773">Read off the st#@#@#12#lamp.</phrase>
</ptxt>
</para>
<para>
<ptxt>
<phrase category="" id="KC09533984" phrase-urn="urn:x-nevis:phrase:0800c8af82714774">The status must#@#@#83#ased.</phrase>
</ptxt>
</para>
<diaglist>
<dgraphic>
<dgraphic2>
<graphic id="KC09533985">
<href>0900c8af86c8681#@#@#9#.jpeg</href>
</graphic>
<smarttool active="press" id="KC09533986" toolname="XDIMA501"/>
</dgraphic2>
</dgraphic>
<ditem>
<ditemtext>
<ptxt>
<phrase category="" id="KC09533987" phrase-urn="urn:x-nevis:phrase:0800c8af82714775"/>
</ptxt>
</ditemtext>
</ditem>
<ditem>
<ditemtext>
<ptxt>
<phrase category="" id="KC09533988" phrase-urn="urn:x-nevis:phrase:0800c8af82714776"/>
</ptxt>
</ditemtext>
</ditem>
</diaglist>
</test2>
</test1>
<question>
Are these valu#@#@#7#ect?
</question>
<resact-grp>
<result button="yes" comp="button" highlight="0"/>
<action j2008use="1" paperuse="1" screenuse="1">
<ptxt>
<xref>
<ref id="KC09533990"/>
</xref>
</ptxt>
</action>
</resact-grp>
<resact-grp>
<result button="no" comp="button" highlight="0"/>
<action j2008use="1" paperuse="1" screenuse="1">
<ptxt>
<xref>
<ref id="KC09533991"/>
</xref>
</ptxt>
</action>
</resact-grp>
</node>
</testgrp>
<testgrp id="KC06252499" j2008use="1" paperuse="1" resumable="1" screenuse="1" testgrp-id="node2" x="880" y="160">
<title>
<phrase category="" id="KC09533992" phrase-urn="urn:x-nevis:phrase:0800c8af82714778">Checking the ca#@#@#23#witch</phrase>
</title>
<node>
<test1>
<test2>
<para>
<ptxt>
<phrase category="" id="KC09533993" phrase-urn="urn:x-nevis:phrase:0800c8af82714779">Check the funct#@#@#79#ound.</phrase>
</ptxt>
</para>
<hint>
<ptxt>
<phrase category="" id="KC09533994" phrase-urn="urn:x-nevis:phrase:0800c8af8271477a">Terminal pin 1 #@#@#46#lied.</phrase>
</ptxt>
</hint>
<para>
<ptxt>
<phrase category="" id="KC09533995" phrase-urn="urn:x-nevis:phrase:0800c8af8271477b">Check the cable#@#@#175#sary.</phrase>
</ptxt>
</para>
<list1 enumtype="d" type="unordered">
<title>
<phrase category="" id="KC09533996" phrase-urn="urn:x-nevis:phrase:0800c8af8271477c">Other information:</phrase>
</title>
<item>
<ptxt>
<phrase category="" id="KC09533997" phrase-urn="urn:x-nevis:phrase:0800c8af8271477d">
<xref>
<ref id="KC09533998"/>
</xref>
</phrase>
</ptxt>
</item>
<item>
<ptxt>
<phrase category="" id="KC09533999" phrase-urn="urn:x-nevis:phrase:0800c8af8271477e">
<xref>
<ref id="KC09534000"/>
</xref>
</phrase>
</ptxt>
</item>
</list1>
</test2>
</test1>
<question>
Were any fault#@#@#4#und?
</question>
<resact-grp>
<result button="yes" comp="button" highlight="0"/>
<action j2008use="1" paperuse="1" screenuse="1">
<ptxt>
<xref>
<ref id="KC09534002"/>
</xref>
</ptxt>
</action>
</resact-grp>
<resact-grp>
<result button="no" comp="button" highlight="0"/>
<action j2008use="1" paperuse="1" screenuse="1">
<return value="FAULT NOT FOUND"/>
</action>
</resact-grp>
</node>
</testgrp>
<testgrp id="KC06252500" j2008use="1" paperuse="1" resumable="1" screenuse="1" testgrp-id="veria" x="360" y="160">
<title>
<phrase category="" id="KC09534003" phrase-urn="urn:x-nevis:phrase:0800c8af82714780">Verification</phrase>
</title>
<subcalloutnode>
<diagcallout>
<xref>
<ref id="KC09534004"/>
</xref>
</diagcallout>
<rescall-grp>
<result comp="string" highlight="0" op="eq" return="VERIFIED"/>
<calloutaction>
<return value="FAULT FOUND"/>
</calloutaction>
</rescall-grp>
<rescall-grp>
<result comp="string" highlight="0" op="eq" return="VERIFICATION FAILED"/>
<calloutaction>
<ptxt>
<xref>
<ref id="KC09534005"/>
</xref>
</ptxt>
</calloutaction>
</rescall-grp>
<rescall-grp>
<result comp="string" highlight="0" op="eq" return="PAPER"/>
<calloutaction>
<return value="FAULT NOT FOUND"/>
</calloutaction>
</rescall-grp>
</subcalloutnode>
</testgrp>
<testgrp id="KC06252501" j2008use="1" paperuse="0" resumable="1" screenuse="1" testgrp-id="info1" x="600" y="160">
<title>
<phrase category="" id="KC09534006" phrase-urn="urn:x-nevis:phrase:0800c8af82714781">Fault-tracing i#@#@#5#ation</phrase>
</title>
<subcalloutnode>
<diagcallout>
<xref>
<ref id="KC09534007"/>
</xref>
</diagcallout>
<rescall-grp>
<result comp="string" highlight="0" op="eq" return="FAULTTRACING FAILED"/>
<calloutaction>
<return value="FAULTTRACING FAILED"/>
</calloutaction>
</rescall-grp>
<rescall-grp>
<result comp="string" highlight="0" op="eq" return="NEW TRY"/>
<calloutaction>
<ptxt>
<xref>
<ref id="KC09534008"/>
</xref>
</ptxt>
</calloutaction>
</rescall-grp>
</subcalloutnode>
</testgrp>
</diagnostic>
</servinfosub>