<?xml version="1.0" encoding="UTF-8"?><servinfosub IE-ID="en-US0900c8af8053240d" docno="VCC-129810" id="KC01617168" xml:lang="en-US">
<title>Reconditioning #@#@#31#uster</title>
<procedure>
<stepgrp id="KC01617169">
<procstep id="KC01617170">
<title>Preparations</title>
<para>
<ptxt>Remove the stee#@#@#20#g to <xref>
<ref id="KC07531380"/>
</xref>. </ptxt>
</para>
</procstep>
<procstep id="KC01617171">
<title>Disassembling t#@#@#43#nents</title>
<grate>
<graphic id="KC07531381">
<href>0900c8af80125a3#@#@#9#.jpeg</href>
</graphic>
<graphtext>
<list1 enumtype="d" type="unordered">
<title>Remove:</title>
<item>
<ptxt>the retaining c#@#@#29#g tab</ptxt>
</item>
<item>
<ptxt>the lock nut an#@#@#27#aded)</ptxt>
</item>
<item>
<ptxt>the springs hol#@#@#12#nting</ptxt>
</item>
<item>
<ptxt>the mounting</ptxt>
</item>
<item>
<ptxt>the positional arm.</ptxt>
</item>
</list1>
<para>
<ptxt>Replace any dam#@#@#19#ents.</ptxt>
</para>
</graphtext>
</grate>
</procstep>
<procstep id="KC01617172">
<title>Assembling the #@#@#18#uster</title>
<grate>
<graphic id="KC07531382">
<href>0900c8af80125a6#@#@#9#.jpeg</href>
</graphic>
<graphtext>
<list1 enumtype="d" type="unordered">
<title>Install:</title>
<item>
<ptxt>the positional arm</ptxt>
</item>
<item>
<ptxt>the mounting an#@#@#4#rings</ptxt>
</item>
<item>
<ptxt>the right-hand #@#@#61#ening</ptxt>
</item>
<item>
<ptxt>the left-hand b#@#@#1#shing</ptxt>
</item>
<item>
<ptxt>the lock nut. T#@#@#5#n to <emph etype="bold">8 Nm</emph>
</ptxt>
</item>
<item>
<ptxt>the retaining c#@#@#26#down.</ptxt>
</item>
</list1>
<para>
<ptxt>Check that the #@#@#37#ectly</ptxt>
</para>
</graphtext>
</grate>
<para>
<ptxt>Install the ste#@#@#21#g to <xref>
<ref id="KC07531383"/>
</xref>. </ptxt>
</para>
</procstep>
</stepgrp>
</procedure>
</servinfosub>