<?xml version="1.0" encoding="UTF-8"?><servinfosub IE-ID="en-US0900c8af8088040d" docno="VCC-118438" id="KC01619690" xml:lang="en-US">
<title>Control bobbin #@#@#30#djust</title>
<procedure id="KC01677366" opcode="1234" opnbr="1234">
<stepgrp>
<procstep id="KC01677367">
<title>Control bobbin #@#@#30#djust</title>
<grate>
<graphic id="KC08785756">
<href>0900c8af8012441#@#@#9#.jpeg</href>
</graphic>
<graphtext>
<note>
<ptxt>Check with warm#@#@#3#gine.</ptxt>
</note>
<para>
<ptxt>Remove the thro#@#@#11#over.</ptxt>
<ptxt>The control bob#@#@#34#zing.</ptxt>
</para>
<para>
<ptxt>The inner cable#@#@#51#tion.</ptxt>
<ptxt>The play of the#@#@#123#crew.</ptxt>
</para>
<para>
<ptxt>Apply <emph> full throttle </emph> and check that#@#@#69#stop.</ptxt>
<ptxt/>
<ptxt>Install the thr#@#@#12#over.</ptxt>
</para>
</graphtext>
</grate>
</procstep>
</stepgrp>
</procedure>
</servinfosub>