<?xml version="1.0" encoding="UTF-8"?><i2 IE-ID="en-US0900c8af86209b08" docno="VCC-467547" id="nev20058234n1" original="sv-SE" xml:lang="en-US">
<frontm id="nev20058234n2-nev20620555n3">
<prolog>
<tpnbr>31414350</tpnbr>
</prolog>
<titlep id="nev20058234n2-nev20620555n2">
<grate id="nev20058234n2-nev20620719n97">
<graphic id="nev20058234n2-nev20499396n50">
<href>0900c8af860413f#@#@#11#.jpeg</href>
</graphic>
</grate>
<title id="nev20058234n3">electric engine#@#@#19#esign</title>
</titlep>
<preface id="nev20058234n2-nev20620719n96">
<toolpics id="nev20058234n2-nev20620719n94">
<title id="nev20058234n2-0800c8af84f6831f">Equipment</title>
<i2graphic id="nev20058234n2-nev20499396n43">
<href>0900c8af84fe1a6#@#@#9#.jpeg</href>
</i2graphic>
<i2graphic id="nev20058234n2-nev20499396n42">
<href>0900c8af85b62fb#@#@#9#.jpeg</href>
</i2graphic>
<i2graphic id="nev20058234n2-nev20499396n41">
<href>0900c8af83557b7#@#@#9#.jpeg</href>
</i2graphic>
<i2graphic id="nev20058234n2-nev20499396n40">
<href>0900c8af8356c20#@#@#9#.jpeg</href>
</i2graphic>
</toolpics>
<kitpics id="nev20058234n2-nev20620719n95">
<title id="nev20058234n2-0800c8af84f6835a">Component overview</title>
<i2graphic id="nev20058234n2-nev20499396n47">
<href>0900c8af861d133#@#@#11#.jpeg</href>
</i2graphic>
<i2graphic id="nev20058234n2-nev20499396n46">
<href>0900c8af861e08a#@#@#11#.jpeg</href>
</i2graphic>
<i2graphic id="nev20058234n2-nev20499396n45">
<href>0900c8af860f2a9#@#@#11#.jpeg</href>
</i2graphic>
</kitpics>
</preface>
</frontm>
<body id="nev20058234n2-nev20620555n4">
<servinfosub docno="VCC-467547" id="nev20058234n2-nev20058234n1" original="sv-SE" servinfosubId="nev20058234n2-nev20499534n1" servinfosubRes="0900c8af86253808" servinfosubRes2="urn:x-nevis:fragment:0900c8af86209b08:0900c8af86253808#nev20499534n1">
<operationnumbers>
<operationnumber>87652-2</operationnumber>
</operationnumbers>
<materialtable id="nev20058234n2-nev20620720n37">
<table id="nev20058234n2-nev20620720n36">
<tgroup cols="2" id="nev20058234n2-nev20620720n35">
<colspec colname="COLSPEC0" colwidth="1.00*" id="nev20058234n2-nev20620720n34"/>
<colspec colname="COLSPEC1" colwidth="1.00*" id="nev20058234n2-nev20620720n33"/>
<thead id="nev20058234n2-nev20620720n32">
<row id="nev20058234n2-nev20620720n31">
<entry id="nev20058234n2-nev20620720n30" nameend="COLSPEC1" namest="COLSPEC0" valign="top">
<ptxt id="nev20058234n2-nev20620720n29">
<emph id="nev20058234n2-nev20620720n28">Materials</emph>
</ptxt>
</entry>
</row>
</thead>
<tbody id="nev20058234n2-nev20620720n27">
<row id="nev20058234n2-nev20620720n26">
<entry id="nev20058234n2-nev20620720n25">
<ptxt id="nev20058234n2-nev20620720n24">
<emph id="nev20058234n2-nev20620720n23">Designation</emph>
</ptxt>
</entry>
<entry id="nev20058234n2-nev20620720n22">
<ptxt id="nev20058234n2-nev20620720n21">
<emph id="nev20058234n2-nev20620720n20">Part number</emph>
</ptxt>
</entry>
</row>
<row id="nev20058234n2-nev20620720n19">
<entry id="nev20058234n2-nev20620720n18">
<ptxt id="nev20058234n2-nev20620720n17">soap solution</ptxt>
</entry>
<entry id="nev20058234n2-nev20620720n15">
<ptxt id="nev20058234n2-nev20620720n14"/>
</entry>
</row>
<row id="nev20058234n2-nev20620720n13">
<entry id="nev20058234n2-nev20620720n12">
<ptxt id="nev20058234n2-nev20620720n11">Grease</ptxt>
</entry>
<entry id="nev20058234n2-nev20620720n9">
<ptxt id="nev20058234n2-nev20620720n8">1161761</ptxt>
</entry>
</row>
</tbody>
</tgroup>
</table>
</materialtable>
<procedure id="nev20058234n2-nev20499553n6">
<stepgrp boilerplate="false" context="" id="nev20058234n2-nev20620719n92">
<title id="nev20058234n2-0800c8af84f682f9">Information</title>
<procstep id="nev20058234n2-nev20499553n10">
<list1 enumtype="b" id="nev13396149n248" type="unordered">
<item id="nev13396149n246">
<ptxt id="nev13396149n244">  Read through #@#@#48#tion.</ptxt>
</item>
<item id="nev13396149n240">
<ptxt id="nev13396149n238">Notifications a#@#@#99#tion.</ptxt>
</item>
<item id="nev13396149n236">
<ptxt id="nev13396149n234">Ensure that all#@#@#72#tion.</ptxt>
</item>
<item id="nev13396149n232">
<ptxt id="nev13396149n230">Certain steps i#@#@#114#teps.</ptxt>
</item>
<item id="nev13396149n228">
<ptxt id="nev13396149n226">In the event of#@#@#81#aler.</ptxt>
</item>
</list1>
</procstep>
</stepgrp>
<stepgrp boilerplate="false" context="" id="nev20058234n2-nev20620719n89">
<title id="nev20058234n2-0800c8af84f6830b">Conditions</title>
<procstep id="nev20058234n2-nev20499554n7">
<para id="nev20058234n2-nev20620719n87">
<ptxt id="nev20058234n2-nev20620719n88">When installing#@#@#47#es C.</ptxt>
</para>
</procstep>
</stepgrp>
<stepgrp boilerplate="false" context="" id="nev20058234n2-nev20620719n86">
<title id="nev20058234n2-0800c8af844a46ee">Color symbols</title>
<procstep id="nev20058234n2-nev20499555n4">
<grate id="nev20058234n2-nev20620719n84">
<graphic id="nev20058234n2-nev20620719n85">
<href>0900c8af8579af4#@#@#9#.jpeg</href>
</graphic>
<graphtext id="nev20058234n2-nev20620752n1">
<note id="nev20058234n2-0800c8af857d02fc">
<ptxt>This colour cha#@#@#127#teps.</ptxt>
</note>
<list1 enumtype="n" id="nev20058234n2-nev20499555n10" type="ordered">
<item id="nev20058234n2-nev20620719n83">
<ptxt id="nev20058234n2-nev20620719n82">Used for focuse#@#@#55#hing.</ptxt>
</item>
<item id="nev20058234n2-nev20620719n81">
<ptxt id="nev20058234n2-nev20620719n80">Used as extra c#@#@#57#arts.</ptxt>
</item>
<item id="nev20058234n2-nev20620719n79">
<ptxt id="nev20058234n2-nev20620719n78">Used for attach#@#@#73# etc.</ptxt>
</item>
<item id="nev20058234n2-nev20620719n77">
<ptxt id="nev20058234n2-nev20620719n76">Used when the c#@#@#68#side.</ptxt>
</item>
<item id="nev20058234n2-nev20620719n75">
<ptxt id="nev20058234n2-nev20620719n74">Used for standa#@#@#22#ools.</ptxt>
</item>
<item id="nev20058234n2-nev20620719n73">
<ptxt id="nev20058234n2-nev20620719n72">Used as backgro#@#@#28#ents.</ptxt>
</item>
</list1>
</graphtext>
</grate>
</procstep>
</stepgrp>
<stepgrp boilerplate="false" context="" id="nev20058234n2-nev20620719n71">
<title id="nev20058234n2-0800c8af844a46f6">Removal</title>
<procstep id="nev20058234n2-nev20499558n2">
<grate id="nev20058234n2-nev20620719n69">
<graphic id="nev20058234n2-nev20620719n70">
<href>0900c8af84aa37c#@#@#9#.jpeg</href>
</graphic>
<graphtext id="nev20058234n2-nev20620756n1">
<para id="nev20058234n2-nev20620719n67">
<ptxt id="nev20058234n2-nev20620719n68">Set the ignitio#@#@#15#on 0.</ptxt>
</para>
</graphtext>
</grate>
</procstep>
<procstep id="nev20058234n2-nev20499558n9">
<grate id="nev20058234n2-nev20620719n65">
<graphic id="nev20058234n2-nev20620719n66">
<href>0900c8af8526c20#@#@#9#.jpeg</href>
</graphic>
</grate>
</procstep>
<procstep id="nev20058234n2-nev20499559n2">
<grate id="nev20058234n2-nev20620719n63">
<graphic id="nev20058234n2-nev20620719n64">
<href>0900c8af861ff71#@#@#9#.jpeg</href>
</graphic>
<graphtext id="nev20058234n2-nev20620763n1">
<para id="nev20058234n2-nev20620719n61">
<ptxt id="nev20058234n2-nev20620719n62">Remove the screws.</ptxt>
</para>
</graphtext>
</grate>
</procstep>
<procstep id="nev20058234n2-nev20499559n9">
<grate id="nev20058234n2-nev20620719n59">
<graphic id="nev20058234n2-nev20620719n60">
<href>0900c8af860fd6f#@#@#9#.jpeg</href>
</graphic>
<graphtext id="nev20058234n2-nev20620767n1">
<para id="nev20058234n2-nev20620719n57">
<ptxt id="nev20058234n2-nev20620719n58">Clean the Bumpe#@#@#11#face.</ptxt>
</para>
<para id="nev20058234n2-nev20620719n55">
<ptxt id="nev20058234n2-nev20620719n56">
<material id="nev20058234n2-nev20499560n8" materialid="" materialname="soap solution" quantity="0.0"/>
</ptxt>
</para>
</graphtext>
</grate>
</procstep>
<procstep id="nev20058234n2-nev20499560n9">
<grate id="nev20058234n2-nev20620719n53">
<graphic id="nev20058234n2-nev20620719n54">
<href>0900c8af860fd70#@#@#9#.jpeg</href>
</graphic>
<graphtext id="nev20058234n2-nev20620774n1">
<note id="nev20058234n2-0800c8af85e91ab6">
<ptxt>Check that the #@#@#16#rect.</ptxt>
</note>
<para id="nev20058234n2-nev20620719n51">
<ptxt id="nev20058234n2-nev20620719n52">Use the templat#@#@#30#ions.</ptxt>
</para>
<para id="nev20058234n2-nev20620719n49">
<ptxt id="nev20058234n2-nev20620719n50">Cut following t#@#@#11#ines.</ptxt>
</para>
</graphtext>
</grate>
</procstep>
</stepgrp>
<stepgrp boilerplate="false" context="" id="nev20058234n2-nev20620719n48">
<title id="nev20058234n2-0800c8af84fbdb3d">Accessory insta#@#@#2#ation</title>
<procstep id="nev20058234n2-nev20499562n4">
<grate id="nev20058234n2-nev20620719n46">
<graphic id="nev20058234n2-nev20620719n47">
<href>0900c8af860fdda#@#@#9#.jpeg</href>
</graphic>
<graphtext id="nev20058234n2-nev20620778n1">
<para id="nev20058234n2-nev20620719n44">
<ptxt id="nev20058234n2-nev20620719n45">Secure the temp#@#@#10#tape.</ptxt>
</para>
</graphtext>
</grate>
</procstep>
<procstep id="nev20058234n2-nev20499563n1">
<grate id="nev20058234n2-nev20620719n42">
<graphic id="nev20058234n2-nev20620719n43">
<href>0900c8af860fdfa#@#@#9#.jpeg</href>
</graphic>
<graphtext id="nev20058234n2-nev20620782n1">
<caution id="nev20058234n2-0800c8af851650a8">
<ptxt>Cut carefully t#@#@#43#jury.</ptxt>
</caution>
<para id="nev20058234n2-nev20620719n40">
<ptxt id="nev20058234n2-nev20620719n41">Adjust the hole#@#@#30#sary.</ptxt>
</para>
</graphtext>
</grate>
</procstep>
<procstep id="nev20058234n2-nev20499563n10">
<grate id="nev20058234n2-nev20620719n38">
<graphic id="nev20058234n2-nev20620719n39">
<href>0900c8af861d5ae#@#@#9#.jpeg</href>
</graphic>
</grate>
</procstep>
<procstep id="nev20058234n2-nev20499564n3">
<grate id="nev20058234n2-nev20620719n36">
<graphic id="nev20058234n2-nev20620719n37">
<href>0900c8af861d5ae#@#@#9#.jpeg</href>
</graphic>
</grate>
</procstep>
<procstep id="nev20058234n2-nev20499564n6">
<grate id="nev20058234n2-nev20620719n34">
<graphic id="nev20058234n2-nev20620719n35">
<href>0900c8af857cfe5#@#@#9#.jpeg</href>
</graphic>
</grate>
</procstep>
</stepgrp>
<stepgrp boilerplate="false" context="" id="nev20058234n2-nev20620719n33">
<title id="nev20058234n2-0800c8af844a46f6">Removal</title>
<procstep id="nev20058234n2-nev20499565n2">
<grate id="nev20058234n2-nev20620719n31">
<graphic id="nev20058234n2-nev20620719n32">
<href>0900c8af84e752f#@#@#9#.jpeg</href>
</graphic>
</grate>
</procstep>
<procstep id="nev20058234n2-nev20499565n5">
<grate id="nev20058234n2-nev20620719n29">
<graphic id="nev20058234n2-nev20620719n30">
<href>0900c8af84eca75#@#@#9#.jpeg</href>
</graphic>
<graphtext id="nev20058234n2-nev20620798n1">
<para id="nev20058234n2-nev20620719n27">
<ptxt id="nev20058234n2-nev20620719n28">Fold the wing l#@#@#6#side.</ptxt>
</para>
</graphtext>
</grate>
</procstep>
</stepgrp>
<stepgrp boilerplate="false" context="" id="nev20058234n2-nev20620719n26">
<title id="nev20058234n2-0800c8af84fbdb3d">Accessory insta#@#@#2#ation</title>
<procstep id="nev20058234n2-nev20499566n5">
<grate id="nev20058234n2-nev20620719n24">
<graphic id="nev20058234n2-nev20620719n25">
<href>0900c8af861980c#@#@#9#.jpeg</href>
</graphic>
<graphtext id="nev20058234n2-nev20620802n1">
<caution id="nev20058234n2-0800c8af84a1af6a">
<ptxt>Ensure that the#@#@#58#ents.</ptxt>
</caution>
<para id="nev20058234n2-nev20620719n22">
<ptxt id="nev20058234n2-nev20620719n23">Pull the wiring#@#@#4#ough.</ptxt>
</para>
</graphtext>
</grate>
</procstep>
<procstep id="nev20058234n2-nev20499567n4">
<grate id="nev20058234n2-nev20620719n20">
<graphic id="nev20058234n2-nev20620719n21">
<href>0900c8af861ffaa#@#@#9#.jpeg</href>
</graphic>
<graphtext id="nev20058234n2-nev20620806n1">
<note id="nev20058234n2-0800c8af85b47f49">
<ptxt>Orientation view</ptxt>
</note>
</graphtext>
</grate>
</procstep>
<procstep id="nev20058234n2-nev20499567n10">
<grate id="nev20058234n2-nev20620719n18">
<graphic id="nev20058234n2-nev20620719n19">
<href>0900c8af861ffae#@#@#9#.jpeg</href>
</graphic>
<graphtext id="nev20058234n2-nev20620810n1">
<para id="nev20058234n2-nev20620719n16">
<ptxt id="nev20058234n2-nev20620719n17">Ground connection</ptxt>
</para>
</graphtext>
</grate>
</procstep>
<procstep id="nev20058234n2-nev20499568n7">
<grate id="nev20058234n2-nev20620719n14">
<graphic id="nev20058234n2-nev20620719n15">
<href>0900c8af8578565#@#@#9#.jpeg</href>
</graphic>
<graphtext id="nev20058234n2-nev20620814n1">
<caution id="nev20058234n2-0800c8af85164e4a">
<ptxt>No grease on co#@#@#10#aces.</ptxt>
</caution>
<para id="nev20058234n2-nev20620719n12">
<ptxt id="nev20058234n2-nev20620719n13">Lubricate the O#@#@#1#ring.</ptxt>
</para>
<para id="nev20058234n2-nev20620719n10">
<ptxt id="nev20058234n2-nev20620719n11">
<material id="nev20058234n2-nev20499569n8" materialid="1161761" materialname="Grease" quantity="0.0"/>
</ptxt>
</para>
</graphtext>
</grate>
</procstep>
<procstep id="nev20058234n2-nev20499569n9">
<title id="nev20058234n2-0800c8af860a68db">Vehicles withou#@#@#28#ector</title>
</procstep>
<procstep id="nev20058234n2-nev20499570n2">
<grate id="nev20058234n2-nev20620719n8">
<graphic id="nev20058234n2-nev20620719n9">
<href>0900c8af861c712#@#@#9#.jpeg</href>
</graphic>
</grate>
</procstep>
<procstep id="nev20058234n2-nev20499570n5">
<grate id="nev20058234n2-nev20620719n6">
<graphic id="nev20058234n2-nev20620719n7">
<href>0900c8af861c6d4#@#@#9#.jpeg</href>
</graphic>
<graphtext id="nev20058234n2-nev20620824n1">
<para id="nev20058234n2-nev20620719n4">
<ptxt id="nev20058234n2-nev20620719n5">Install the cli#@#@#13#ated.</ptxt>
</para>
</graphtext>
</grate>
</procstep>
<procstep id="nev20058234n2-nev20499571n2">
<title id="nev20058234n2-0800c8af84fbdb2f">Vehicles with p#@#@#25#ector</title>
</procstep>
<procstep id="nev20058234n2-nev20499571n5">
<grate id="nev20058234n2-nev20620719n2">
<graphic id="nev20058234n2-nev20620719n3">
<href>0900c8af861c716#@#@#9#.jpeg</href>
</graphic>
</grate>
</procstep>
<procstep id="nev20058234n2-nev20499571n8">
<grate id="nev20058234n2-nev20620720n100">
<graphic id="nev20058234n2-nev20620719n1">
<href>0900c8af861c6d6#@#@#9#.jpeg</href>
</graphic>
<graphtext id="nev20058234n2-nev20620831n1">
<para id="nev20058234n2-nev20620720n98">
<ptxt id="nev20058234n2-nev20620720n99">Install the cli#@#@#13#ated.</ptxt>
</para>
<list1 enumtype="n" id="nev20058234n2-nev20499572n5" type="ordered">
<item id="nev20058234n2-nev20620720n97">
<ptxt id="nev20058234n2-nev20620720n96">Cable from Engi#@#@#10#eater</ptxt>
</item>
<item id="nev20058234n2-nev20620720n95">
<ptxt id="nev20058234n2-nev20620720n94">Cable from fron#@#@#3#ocket</ptxt>
</item>
<item id="nev20058234n2-nev20620720n93">
<ptxt id="nev20058234n2-nev20620720n92">Passenger Compa#@#@#17#Cable</ptxt>
</item>
</list1>
</graphtext>
</grate>
</procstep>
<procstep id="nev20058234n2-nev20499573n5">
<title id="nev20058234n2-0800c8af844a41e8">All vehicles</title>
</procstep>
</stepgrp>
<stepgrp boilerplate="false" context="" id="nev20058234n2-nev20620720n91">
<title id="nev20058234n2-0800c8af844a46f6">Removal</title>
<procstep id="nev20058234n2-nev20499574n1">
<grate id="nev20058234n2-nev20620720n89">
<graphic id="nev20058234n2-nev20620720n90">
<href>0900c8af8462ee6#@#@#9#.jpeg</href>
</graphic>
<graphtext id="nev20058234n2-nev20620835n1">
<para id="nev20058234n2-nev20620720n87">
<ptxt id="nev20058234n2-nev20620720n88">Place a contain#@#@#12# car.</ptxt>
</para>
<para id="nev20058234n2-nev20620720n85">
<ptxt id="nev20058234n2-nev20620720n86">Drain the coolant.</ptxt>
</para>
<para id="nev20058234n2-nev20620720n83">
<ptxt id="nev20058234n2-nev20620720n84">Tighten the nip#@#@#26#lant.</ptxt>
</para>
</graphtext>
</grate>
</procstep>
<procstep id="nev20058234n2-nev20499575n4">
<grate id="nev20058234n2-nev20620720n81">
<graphic id="nev20058234n2-nev20620720n82">
<href>0900c8af861c71b#@#@#9#.jpeg</href>
</graphic>
</grate>
</procstep>
<procstep id="nev20058234n2-nev20499575n7">
<grate id="nev20058234n2-nev20620720n79">
<graphic id="nev20058234n2-nev20620720n80">
<href>0900c8af861c6df#@#@#9#.jpeg</href>
</graphic>
<graphtext id="nev20058234n2-nev20620842n1">
<warning id="nev20058234n2-0800c8af844a4837">
<ptxt>Be prepared to #@#@#18#luid.</ptxt>
</warning>
<para id="nev20058234n2-nev20620720n77">
<ptxt id="nev20058234n2-nev20620720n78">Remove the hose.</ptxt>
</para>
</graphtext>
</grate>
</procstep>
<procstep id="nev20058234n2-nev20499575n10">
<grate id="nev20058234n2-nev20620720n75">
<graphic id="nev20058234n2-nev20620720n76">
<href>0900c8af861c6e9#@#@#9#.jpeg</href>
</graphic>
</grate>
</procstep>
<procstep id="nev20058234n2-nev20508880n76">
<grate id="nev20058234n2-nev20620720n73">
<graphic id="nev20058234n2-nev20620720n74">
<href>0900c8af861ffed#@#@#9#.jpeg</href>
</graphic>
</grate>
</procstep>
<procstep id="nev20058234n2-nev20530984n98">
<grate id="nev20058234n2-nev20620720n71">
<graphic id="nev20058234n2-nev20620720n72">
<href>0900c8af8621590#@#@#9#.jpeg</href>
</graphic>
<graphtext id="nev20058234n2-nev20620852n1">
<para id="nev20058234n2-nev20620720n69">
<ptxt id="nev20058234n2-nev20620720n70">Reinstall the screw.</ptxt>
</para>
<para id="nev20058234n2-nev20620720n67">
<ptxt id="nev20058234n2-nev20620720n68">
<torque id="nev20058234n2-nev20530984n93">
<ref id="nev20058234n2-nev20530984n91">
<locator href="#nev20058234n2-nev20530984n91" label="L0"/>
<locator href="urn:x-nevis:xref:0800c8af83434461:0000000000000000:0900c8af8343446a#include" label="L1"/>
<arc from="L0" href="urn:x-nevis:xref:0800c8af83434461:0900c8af83434462:0900c8af8343446a#include" role="urn:x-nevis:profile:0b00c8af82febdf9 urn:x-nevis:profile:0b00c8af83aff6b3 urn:x-nevis:profile:0b00c8af83f19e63 urn:x-nevis:profile:0b00c8af841552ad urn:x-nevis:profile:0b00c8af847139c0 urn:x-nevis:profile:0b00c8af84eb8111 urn:x-nevis:profile:0b00c8af8520c39e urn:x-nevis:profile:0b00c8af8512644f urn:x-nevis:profile:0b00c8af85330427 urn:x-nevis:profile:0b00c8af8568d0bf urn:x-nevis:profile:0b00c8af817ac33f urn:x-nevis:profile:0b00c8af82e3ac56 urn:x-nevis:profile:0b00c8af83affa46 urn:x-nevis:profile:0b00c8af83f1ad9d urn:x-nevis:profile:0b00c8af8415509d urn:x-nevis:profile:0b00c8af847139e4 urn:x-nevis:profile:0b00c8af84eb8113 urn:x-nevis:profile:0b00c8af8520c261 urn:x-nevis:profile:0b00c8af80206360 urn:x-nevis:profile:0b00c8af80206404 urn:x-nevis:profile:0b00c8af80206409 urn:x-nevis:profile:0b00c8af802063f0 urn:x-nevis:profile:0b00c8af80206449 urn:x-nevis:profile:0b00c8af80206452 urn:x-nevis:profile:0b00c8af802064ba urn:x-nevis:profile:0b00c8af813c6d14 urn:x-nevis:profile:0b00c8af8020635b urn:x-nevis:profile:0b00c8af80206427 urn:x-nevis:profile:0b00c8af8020644d urn:x-nevis:profile:0b00c8af80206410 urn:x-nevis:profile:0b00c8af8020648e urn:x-nevis:profile:0b00c8af88366e50 urn:x-nevis:profile:0b00c8af802065a6 urn:x-nevis:profile:0b00c8af802065bd urn:x-nevis:profile:0b00c8af802065ab urn:x-nevis:profile:0b00c8af802065bf urn:x-nevis:profile:0b00c8af802065b3 urn:x-nevis:profile:0b00c8af802065af urn:x-nevis:profile:0b00c8af802065c5 urn:x-nevis:profile:0b00c8af8020c058 urn:x-nevis:profile:0b00c8af80da257b urn:x-nevis:profile:0b00c8af823216e9 urn:x-nevis:profile:0b00c8af82e5d02d urn:x-nevis:profile:0b00c8af839eaa60 urn:x-nevis:profile:0b00c8af83f1a51f urn:x-nevis:profile:0b00c8af8414dfad urn:x-nevis:profile:0b00c8af847139e6 urn:x-nevis:profile:0b00c8af84eb810f urn:x-nevis:profile:0b00c8af80206660 urn:x-nevis:profile:0b00c8af8020665e urn:x-nevis:profile:0b00c8af8020665f urn:x-nevis:profile:0b00c8af80206674 urn:x-nevis:profile:0b00c8af80da257a urn:x-nevis:profile:0b00c8af822b09b7 urn:x-nevis:profile:0b00c8af82e3b020 urn:x-nevis:profile:0b00c8af83b00078 urn:x-nevis:profile:0b00c8af83f2e56a urn:x-nevis:profile:0b00c8af846772f5 urn:x-nevis:profile:0b00c8af84eb8105 urn:x-nevis:profile:0b00c8af8520c3a5 urn:x-nevis:profile:0b00c8af856337af urn:x-nevis:profile:0b00c8af8621e88c urn:x-nevis:profile:0b00c8af863f4c3a urn:x-nevis:profile:0b00c8af86ea35a1 urn:x-nevis:profile:0b00c8af87344a46 urn:x-nevis:profile:0b00c8af87a4ed08 urn:x-nevis:profile:0b00c8af86b49077 urn:x-nevis:profile:0b00c8af86ead04a urn:x-nevis:profile:0b00c8af87344e2d urn:x-nevis:profile:0b00c8af85633c05 urn:x-nevis:profile:0b00c8af8633603b urn:x-nevis:profile:0b00c8af86576304 urn:x-nevis:profile:0b00c8af86eb98d1 urn:x-nevis:profile:0b00c8af87344f63 urn:x-nevis:profile:0b00c8af87d95113 urn:x-nevis:profile:0b00c8af8020632d urn:x-nevis:profile:0b00c8af802063e9 urn:x-nevis:profile:0b00c8af8020642f urn:x-nevis:profile:0b00c8af80206672 urn:x-nevis:profile:0b00c8af8020666c urn:x-nevis:profile:0b00c8af80206663 urn:x-nevis:profile:0b00c8af8020665a urn:x-nevis:profile:0b00c8af80206664 urn:x-nevis:profile:0b00c8af80206661 urn:x-nevis:profile:0b00c8af80da2572 urn:x-nevis:profile:0b00c8af823216de urn:x-nevis:profile:0b00c8af8259afd3 urn:x-nevis:profile:0b00c8af838b9dc6 urn:x-nevis:profile:0b00c8af83f1dcfd urn:x-nevis:profile:0b00c8af84116a24 urn:x-nevis:profile:0b00c8af8494c645 urn:x-nevis:profile:0b00c8af84eb8104 urn:x-nevis:profile:0b00c8af8520c3a1 urn:x-nevis:profile:0b00c8af856303ec urn:x-nevis:profile:0b00c8af8620f7a0 urn:x-nevis:profile:0b00c8af8656e7d2 urn:x-nevis:profile:0b00c8af83f4b28f urn:x-nevis:profile:0b00c8af8414d8c5 urn:x-nevis:profile:0b00c8af84adce3d urn:x-nevis:profile:0b00c8af84eb810a urn:x-nevis:profile:0b00c8af8520c3a2 urn:x-nevis:profile:0b00c8af85632e61 urn:x-nevis:profile:0b00c8af868ec1a4 urn:x-nevis:profile:0b00c8af802066e8 urn:x-nevis:profile:0b00c8af86dd9c00 urn:x-nevis:profile:0b00c8af87346035 urn:x-nevis:profile:0b00c8af8795b0b0 urn:x-nevis:profile:0b00c8af86ef2dd3 urn:x-nevis:profile:0b00c8af87346884 urn:x-nevis:profile:0b00c8af8795b0af urn:x-nevis:profile:0b00c8af802065a8 urn:x-nevis:profile:0b00c8af802065c6 urn:x-nevis:profile:0b00c8af802065ad urn:x-nevis:profile:0b00c8af802065e4 urn:x-nevis:profile:0b00c8af802065b8 urn:x-nevis:profile:0b00c8af802065cc urn:x-nevis:profile:0b00c8af802065ca urn:x-nevis:profile:0b00c8af85025cbc urn:x-nevis:profile:0b00c8af8569a64b urn:x-nevis:profile:0b00c8af862296a5 urn:x-nevis:profile:0b00c8af86576caa urn:x-nevis:profile:0b00c8af86eea749 urn:x-nevis:profile:0b00c8af87345825 urn:x-nevis:profile:0b00c8af8795b0ae urn:x-nevis:profile:0b00c8af85025cc4 urn:x-nevis:profile:0b00c8af8569a80c urn:x-nevis:profile:0b00c8af861bd2c7 urn:x-nevis:profile:0b00c8af86576f47 urn:x-nevis:profile:0b00c8af86eead74 urn:x-nevis:profile:0b00c8af87345b76 urn:x-nevis:profile:0b00c8af8795b0ab urn:x-nevis:profile:0b00c8af8020c05a urn:x-nevis:profile:0b00c8af80da257d urn:x-nevis:profile:0b00c8af823216ee urn:x-nevis:profile:0b00c8af82e5d352 urn:x-nevis:profile:0b00c8af839eacfa urn:x-nevis:profile:0b00c8af83f1a8d8 urn:x-nevis:profile:0b00c8af8414e27e urn:x-nevis:profile:0b00c8af847139e3 urn:x-nevis:profile:0b00c8af84eb8110 urn:x-nevis:profile:0b00c8af84677309 urn:x-nevis:profile:0b00c8af84eb810c urn:x-nevis:profile:0b00c8af8520c3a6 urn:x-nevis:profile:0b00c8af85633da2 urn:x-nevis:profile:0b00c8af86223698 urn:x-nevis:profile:0b00c8af863ffa7b urn:x-nevis:profile:0b00c8af86ec6047 urn:x-nevis:profile:0b00c8af87344fef urn:x-nevis:profile:0b00c8af87a4ede2 urn:x-nevis:profile:0b00c8af87a573de urn:x-nevis:profile:0b00c8af86552501 urn:x-nevis:profile:0b00c8af8657680f urn:x-nevis:profile:0b00c8af86eddbce urn:x-nevis:profile:0b00c8af87345325 urn:x-nevis:profile:0b00c8af80206343 urn:x-nevis:profile:0b00c8af802063ec urn:x-nevis:profile:0b00c8af8020641f urn:x-nevis:profile:0b00c8af80206670 urn:x-nevis:profile:0b00c8af8020666a urn:x-nevis:profile:0b00c8af80206675 urn:x-nevis:profile:0b00c8af80206676 urn:x-nevis:profile:0b00c8af80206666 urn:x-nevis:profile:0b00c8af80da26dc urn:x-nevis:profile:0b00c8af822b096a urn:x-nevis:profile:0b00c8af82e48186 urn:x-nevis:profile:0b00c8af83affc41 urn:x-nevis:profile:0b00c8af839e8e09 urn:x-nevis:profile:0b00c8af83f23801 urn:x-nevis:profile:0b00c8af84103b76 urn:x-nevis:profile:0b00c8af84adce35 urn:x-nevis:profile:0b00c8af84eb8108 urn:x-nevis:profile:0b00c8af8520c3a3 urn:x-nevis:profile:0b00c8af85632eb6 urn:x-nevis:profile:0b00c8af862154cd urn:x-nevis:profile:0b00c8af8656e95f urn:x-nevis:profile:0b00c8af802065c4 urn:x-nevis:profile:0b00c8af802065f5 urn:x-nevis:profile:0b00c8af802065d6 urn:x-nevis:profile:0b00c8af8020666b urn:x-nevis:profile:0b00c8af8020666d urn:x-nevis:profile:0b00c8af80206662 urn:x-nevis:profile:0b00c8af8020665c urn:x-nevis:profile:0b00c8af80da2577 urn:x-nevis:profile:0b00c8af822b096c urn:x-nevis:profile:0b00c8af82e48550 urn:x-nevis:profile:0b00c8af80206712 urn:x-nevis:profile:0b00c8af86dd9c01 urn:x-nevis:profile:0b00c8af8734634a urn:x-nevis:profile:0b00c8af8795b0b2 urn:x-nevis:profile:0b00c8af86dd9c02 urn:x-nevis:profile:0b00c8af873465d2 urn:x-nevis:profile:0b00c8af8795b0ad urn:x-nevis:profile:0b00c8af8734696f urn:x-nevis:profile:0b00c8af8795b0aa urn:x-nevis:profile:0b00c8af882fd259 urn:x-nevis:profile:0b00c8af83f34b0e urn:x-nevis:profile:0b00c8af841040db urn:x-nevis:profile:0b00c8af84ae12aa urn:x-nevis:profile:0b00c8af84eb810d urn:x-nevis:profile:0b00c8af8520c3a7 urn:x-nevis:profile:0b00c8af8569a13e urn:x-nevis:profile:0b00c8af86229467 urn:x-nevis:profile:0b00c8af864b2bae urn:x-nevis:profile:0b00c8af86ee512d urn:x-nevis:profile:0b00c8af87164cbc urn:x-nevis:profile:0b00c8af8795b0ac urn:x-nevis:profile:0b00c8af839e8e0b urn:x-nevis:profile:0b00c8af83f24029 urn:x-nevis:profile:0b00c8af84103a21 urn:x-nevis:profile:0b00c8af84add34d urn:x-nevis:profile:0b00c8af84eb8109 urn:x-nevis:profile:0b00c8af8520c3a4 urn:x-nevis:profile:0b00c8af85633292 urn:x-nevis:profile:0b00c8af8621ada3 urn:x-nevis:profile:0b00c8af8656ed6f urn:x-nevis:profile:0b00c8af80206671 urn:x-nevis:profile:0b00c8af80206669 urn:x-nevis:profile:0b00c8af8117443b urn:x-nevis:profile:0b00c8af822b0968 urn:x-nevis:profile:0b00c8af82e48817 urn:x-nevis:profile:0b00c8af838ba0b2 urn:x-nevis:profile:0b00c8af83f1a29a urn:x-nevis:profile:0b00c8af8414e54b urn:x-nevis:profile:0b00c8af84983e6d urn:x-nevis:profile:0b00c8af84eb8103 urn:x-nevis:profile:0b00c8af851e8289 urn:x-nevis:profile:0b00c8af856303e5 urn:x-nevis:profile:0b00c8af8620fba5 urn:x-nevis:profile:0b00c8af8656e7b9 urn:x-nevis:profile:0b00c8af858c2577 urn:x-nevis:profile:0b00c8af86eeb1e9 urn:x-nevis:profile:0b00c8af87345e76 urn:x-nevis:profile:0b00c8af8795b0b1" title="VCC-283749-1, M8" to="L1"/>
</ref>
</torque>
</ptxt>
</para>
</graphtext>
</grate>
</procstep>
<procstep id="nev20058234n2-nev20499576n3">
<grate id="nev20058234n2-nev20620720n65">
<graphic id="nev20058234n2-nev20620720n66">
<href>0900c8af861d0be#@#@#9#.jpeg</href>
</graphic>
</grate>
</procstep>
<procstep id="nev20058234n2-nev20499576n6">
<grate id="nev20058234n2-nev20620720n63">
<graphic id="nev20058234n2-nev20620720n64">
<href>0900c8af861d0db#@#@#9#.jpeg</href>
</graphic>
<graphtext id="nev20058234n2-nev20620862n1">
<para id="nev20058234n2-nev20620720n61">
<ptxt id="nev20058234n2-nev20620720n62">Tighten the hos#@#@#4#amps.</ptxt>
</para>
<para id="nev20058234n2-nev20620720n59">
<ptxt id="nev20058234n2-nev20620720n60">Install the screw.</ptxt>
</para>
<para id="nev20058234n2-nev20620720n57">
<ptxt id="nev20058234n2-nev20620720n58">
<torque id="nev20058234n2-nev20530984n81">
<ref id="nev20058234n2-nev20530984n79">
<locator href="#nev20058234n2-nev20530984n79" label="L0"/>
<locator href="urn:x-nevis:xref:0800c8af83434449:0000000000000000:0900c8af83434452#include" label="L1"/>
<arc from="L0" href="urn:x-nevis:xref:0800c8af83434449:0900c8af8343444a:0900c8af83434452#include" role="urn:x-nevis:profile:0b00c8af80206803 urn:x-nevis:profile:0b00c8af80206820 urn:x-nevis:profile:0b00c8af8020681c urn:x-nevis:profile:0b00c8af80206836 urn:x-nevis:profile:0b00c8af802067e1 urn:x-nevis:profile:0b00c8af802067d6 urn:x-nevis:profile:0b00c8af802067ef urn:x-nevis:profile:0b00c8af8020683a urn:x-nevis:profile:0b00c8af80206800 urn:x-nevis:profile:0b00c8af80206835 urn:x-nevis:profile:0b00c8af802067f3 urn:x-nevis:profile:0b00c8af802067cc urn:x-nevis:profile:0b00c8af80206805 urn:x-nevis:profile:0b00c8af8020683d urn:x-nevis:profile:0b00c8af80206829 urn:x-nevis:profile:0b00c8af80206840 urn:x-nevis:profile:0b00c8af80206808 urn:x-nevis:profile:0b00c8af80206818 urn:x-nevis:profile:0b00c8af80206831 urn:x-nevis:profile:0b00c8af80206830 urn:x-nevis:profile:0b00c8af802067ed urn:x-nevis:profile:0b00c8af80206824 urn:x-nevis:profile:0b00c8af8020682f urn:x-nevis:profile:0b00c8af80206822 urn:x-nevis:profile:0b00c8af8020682a urn:x-nevis:profile:0b00c8af802067fd urn:x-nevis:profile:0b00c8af80206819 urn:x-nevis:profile:0b00c8af802067cf urn:x-nevis:profile:0b00c8af8020680a urn:x-nevis:profile:0b00c8af802067f0 urn:x-nevis:profile:0b00c8af802067fa urn:x-nevis:profile:0b00c8af8020682d urn:x-nevis:profile:0b00c8af80206827 urn:x-nevis:profile:0b00c8af8020680d urn:x-nevis:profile:0b00c8af802067f7 urn:x-nevis:profile:0b00c8af802067fb urn:x-nevis:profile:0b00c8af8020683c urn:x-nevis:profile:0b00c8af802067d9 urn:x-nevis:profile:0b00c8af8020681a urn:x-nevis:profile:0b00c8af80206839 urn:x-nevis:profile:0b00c8af80206834 urn:x-nevis:profile:0b00c8af802067fc urn:x-nevis:profile:0b00c8af8020681e urn:x-nevis:profile:0b00c8af8020681d urn:x-nevis:profile:0b00c8af8020682b urn:x-nevis:profile:0b00c8af802067ff urn:x-nevis:profile:0b00c8af802067f9 urn:x-nevis:profile:0b00c8af8020683b urn:x-nevis:profile:0b00c8af80206838 urn:x-nevis:profile:0b00c8af802067d1 urn:x-nevis:profile:0b00c8af80206837 urn:x-nevis:profile:0b00c8af802067dd urn:x-nevis:profile:0b00c8af802067f1 urn:x-nevis:profile:0b00c8af80206828 urn:x-nevis:profile:0b00c8af80206801 urn:x-nevis:profile:0b00c8af802067d3 urn:x-nevis:profile:0b00c8af8020680e urn:x-nevis:profile:0b00c8af802067d4 urn:x-nevis:profile:0b00c8af802067f4 urn:x-nevis:profile:0b00c8af802067e5 urn:x-nevis:profile:0b00c8af80206826 urn:x-nevis:profile:0b00c8af80206807 urn:x-nevis:profile:0b00c8af802067f2 urn:x-nevis:profile:0b00c8af80206823 urn:x-nevis:profile:0b00c8af80206825 urn:x-nevis:profile:0b00c8af80206833 urn:x-nevis:profile:0b00c8af80206821 urn:x-nevis:profile:0b00c8af8020683e urn:x-nevis:profile:0b00c8af8020680f urn:x-nevis:profile:0b00c8af8020681f urn:x-nevis:profile:0b00c8af802067eb urn:x-nevis:profile:0b00c8af802067df urn:x-nevis:profile:0b00c8af8020680b urn:x-nevis:profile:0b00c8af80206841 urn:x-nevis:profile:0b00c8af80206816 urn:x-nevis:profile:0b00c8af80206832 urn:x-nevis:profile:0b00c8af802067ea urn:x-nevis:profile:0b00c8af80206817 urn:x-nevis:profile:0b00c8af802067e7 urn:x-nevis:profile:0b00c8af80206814 urn:x-nevis:profile:0b00c8af802067c9 urn:x-nevis:profile:0b00c8af80206810 urn:x-nevis:profile:0b00c8af8020683f urn:x-nevis:profile:0b00c8af8020682c urn:x-nevis:profile:0b00c8af80206815 urn:x-nevis:profile:0b00c8af802067fe urn:x-nevis:profile:0b00c8af802067f8 urn:x-nevis:profile:0b00c8af802067f5 urn:x-nevis:profile:0b00c8af80206811 urn:x-nevis:profile:0b00c8af80206812 urn:x-nevis:profile:0b00c8af802067e9 urn:x-nevis:profile:0b00c8af80206813 urn:x-nevis:profile:0b00c8af80206809 urn:x-nevis:profile:0b00c8af80206318 urn:x-nevis:profile:0b00c8af80206332 urn:x-nevis:profile:0b00c8af80206365 urn:x-nevis:profile:0b00c8af8020631e urn:x-nevis:profile:0b00c8af80206348 urn:x-nevis:profile:0b00c8af80206327 urn:x-nevis:profile:0b00c8af802065b2 urn:x-nevis:profile:0b00c8af8020662b urn:x-nevis:profile:0b00c8af80206643 urn:x-nevis:profile:0b00c8af802065fa urn:x-nevis:profile:0b00c8af8020662c urn:x-nevis:profile:0b00c8af802066de urn:x-nevis:profile:0b00c8af802065d4 urn:x-nevis:profile:0b00c8af80206785 urn:x-nevis:profile:0b00c8af80206634 urn:x-nevis:profile:0b00c8af8020bdc4 urn:x-nevis:profile:0b00c8af802065c8 urn:x-nevis:profile:0b00c8af80206616 urn:x-nevis:profile:0b00c8af802065fb urn:x-nevis:profile:0b00c8af8020661d urn:x-nevis:profile:0b00c8af80206605 urn:x-nevis:profile:0b00c8af802065ec urn:x-nevis:profile:0b00c8af802065ee urn:x-nevis:profile:0b00c8af82febdf9 urn:x-nevis:profile:0b00c8af83aff6b3 urn:x-nevis:profile:0b00c8af83f19e63 urn:x-nevis:profile:0b00c8af841552ad urn:x-nevis:profile:0b00c8af847139c0 urn:x-nevis:profile:0b00c8af84eb8111 urn:x-nevis:profile:0b00c8af8520c39e urn:x-nevis:profile:0b00c8af8512644f urn:x-nevis:profile:0b00c8af85330427 urn:x-nevis:profile:0b00c8af8568d0bf urn:x-nevis:profile:0b00c8af817ac33f urn:x-nevis:profile:0b00c8af82e3ac56 urn:x-nevis:profile:0b00c8af83affa46 urn:x-nevis:profile:0b00c8af83f1ad9d urn:x-nevis:profile:0b00c8af8415509d urn:x-nevis:profile:0b00c8af847139e4 urn:x-nevis:profile:0b00c8af84eb8113 urn:x-nevis:profile:0b00c8af8520c261 urn:x-nevis:profile:0b00c8af80206360 urn:x-nevis:profile:0b00c8af80206404 urn:x-nevis:profile:0b00c8af80206409 urn:x-nevis:profile:0b00c8af802063f0 urn:x-nevis:profile:0b00c8af80206449 urn:x-nevis:profile:0b00c8af80206452 urn:x-nevis:profile:0b00c8af802064ba urn:x-nevis:profile:0b00c8af813c6d14 urn:x-nevis:profile:0b00c8af8020635b urn:x-nevis:profile:0b00c8af80206427 urn:x-nevis:profile:0b00c8af8020644d urn:x-nevis:profile:0b00c8af80206410 urn:x-nevis:profile:0b00c8af8020648e urn:x-nevis:profile:0b00c8af88366e50 urn:x-nevis:profile:0b00c8af802065b7 urn:x-nevis:profile:0b00c8af802065cf urn:x-nevis:profile:0b00c8af802065a6 urn:x-nevis:profile:0b00c8af802065bd urn:x-nevis:profile:0b00c8af802065ab urn:x-nevis:profile:0b00c8af802065bf urn:x-nevis:profile:0b00c8af802065b3 urn:x-nevis:profile:0b00c8af802065af urn:x-nevis:profile:0b00c8af802065c5 urn:x-nevis:profile:0b00c8af8020c058 urn:x-nevis:profile:0b00c8af80da257b urn:x-nevis:profile:0b00c8af823216e9 urn:x-nevis:profile:0b00c8af82e5d02d urn:x-nevis:profile:0b00c8af839eaa60 urn:x-nevis:profile:0b00c8af83f1a51f urn:x-nevis:profile:0b00c8af8414dfad urn:x-nevis:profile:0b00c8af847139e6 urn:x-nevis:profile:0b00c8af84eb810f urn:x-nevis:profile:0b00c8af80206660 urn:x-nevis:profile:0b00c8af8020665e urn:x-nevis:profile:0b00c8af8020665f urn:x-nevis:profile:0b00c8af80206674 urn:x-nevis:profile:0b00c8af80da257a urn:x-nevis:profile:0b00c8af822b09b7 urn:x-nevis:profile:0b00c8af82e3b020 urn:x-nevis:profile:0b00c8af83b00078 urn:x-nevis:profile:0b00c8af83f2e56a urn:x-nevis:profile:0b00c8af846772f5 urn:x-nevis:profile:0b00c8af84eb8105 urn:x-nevis:profile:0b00c8af8520c3a5 urn:x-nevis:profile:0b00c8af856337af urn:x-nevis:profile:0b00c8af8621e88c urn:x-nevis:profile:0b00c8af863f4c3a urn:x-nevis:profile:0b00c8af86ea35a1 urn:x-nevis:profile:0b00c8af87344a46 urn:x-nevis:profile:0b00c8af87a4ed08 urn:x-nevis:profile:0b00c8af86b49077 urn:x-nevis:profile:0b00c8af86ead04a urn:x-nevis:profile:0b00c8af87344e2d urn:x-nevis:profile:0b00c8af85633c05 urn:x-nevis:profile:0b00c8af8633603b urn:x-nevis:profile:0b00c8af86576304 urn:x-nevis:profile:0b00c8af86eb98d1 urn:x-nevis:profile:0b00c8af87344f63 urn:x-nevis:profile:0b00c8af87d95113 urn:x-nevis:profile:0b00c8af80206373 urn:x-nevis:profile:0b00c8af8020632d urn:x-nevis:profile:0b00c8af802063e9 urn:x-nevis:profile:0b00c8af8020642f urn:x-nevis:profile:0b00c8af80206672 urn:x-nevis:profile:0b00c8af8020666c urn:x-nevis:profile:0b00c8af80206663 urn:x-nevis:profile:0b00c8af8020665a urn:x-nevis:profile:0b00c8af80206664 urn:x-nevis:profile:0b00c8af80206661 urn:x-nevis:profile:0b00c8af80da2572 urn:x-nevis:profile:0b00c8af823216de urn:x-nevis:profile:0b00c8af8259afd3 urn:x-nevis:profile:0b00c8af838b9dc6 urn:x-nevis:profile:0b00c8af83f1dcfd urn:x-nevis:profile:0b00c8af84116a24 urn:x-nevis:profile:0b00c8af8494c645 urn:x-nevis:profile:0b00c8af84eb8104 urn:x-nevis:profile:0b00c8af8520c3a1 urn:x-nevis:profile:0b00c8af856303ec urn:x-nevis:profile:0b00c8af8620f7a0 urn:x-nevis:profile:0b00c8af8656e7d2 urn:x-nevis:profile:0b00c8af83f4b28f urn:x-nevis:profile:0b00c8af8414d8c5 urn:x-nevis:profile:0b00c8af84adce3d urn:x-nevis:profile:0b00c8af84eb810a urn:x-nevis:profile:0b00c8af8520c3a2 urn:x-nevis:profile:0b00c8af85632e61 urn:x-nevis:profile:0b00c8af868ec1a4 urn:x-nevis:profile:0b00c8af8020661b urn:x-nevis:profile:0b00c8af802066e8 urn:x-nevis:profile:0b00c8af86dd9c00 urn:x-nevis:profile:0b00c8af87346035 urn:x-nevis:profile:0b00c8af8795b0b0 urn:x-nevis:profile:0b00c8af86ef2dd3 urn:x-nevis:profile:0b00c8af87346884 urn:x-nevis:profile:0b00c8af8795b0af urn:x-nevis:profile:0b00c8af802065cb urn:x-nevis:profile:0b00c8af802065d7 urn:x-nevis:profile:0b00c8af802065a8 urn:x-nevis:profile:0b00c8af802065c6 urn:x-nevis:profile:0b00c8af802065ad urn:x-nevis:profile:0b00c8af802065e4 urn:x-nevis:profile:0b00c8af802065b8 urn:x-nevis:profile:0b00c8af802065cc urn:x-nevis:profile:0b00c8af802065ca urn:x-nevis:profile:0b00c8af85025cbc urn:x-nevis:profile:0b00c8af8569a64b urn:x-nevis:profile:0b00c8af862296a5 urn:x-nevis:profile:0b00c8af86576caa urn:x-nevis:profile:0b00c8af86eea749 urn:x-nevis:profile:0b00c8af87345825 urn:x-nevis:profile:0b00c8af8795b0ae urn:x-nevis:profile:0b00c8af85025cc4 urn:x-nevis:profile:0b00c8af8569a80c urn:x-nevis:profile:0b00c8af861bd2c7 urn:x-nevis:profile:0b00c8af86576f47 urn:x-nevis:profile:0b00c8af86eead74 urn:x-nevis:profile:0b00c8af87345b76 urn:x-nevis:profile:0b00c8af8795b0ab urn:x-nevis:profile:0b00c8af8020c05a urn:x-nevis:profile:0b00c8af80da257d urn:x-nevis:profile:0b00c8af823216ee urn:x-nevis:profile:0b00c8af82e5d352 urn:x-nevis:profile:0b00c8af839eacfa urn:x-nevis:profile:0b00c8af83f1a8d8 urn:x-nevis:profile:0b00c8af8414e27e urn:x-nevis:profile:0b00c8af847139e3 urn:x-nevis:profile:0b00c8af84eb8110 urn:x-nevis:profile:0b00c8af84677309 urn:x-nevis:profile:0b00c8af84eb810c urn:x-nevis:profile:0b00c8af8520c3a6 urn:x-nevis:profile:0b00c8af85633da2 urn:x-nevis:profile:0b00c8af86223698 urn:x-nevis:profile:0b00c8af863ffa7b urn:x-nevis:profile:0b00c8af86ec6047 urn:x-nevis:profile:0b00c8af87344fef urn:x-nevis:profile:0b00c8af87a4ede2 urn:x-nevis:profile:0b00c8af87a573de urn:x-nevis:profile:0b00c8af86552501 urn:x-nevis:profile:0b00c8af8657680f urn:x-nevis:profile:0b00c8af86eddbce urn:x-nevis:profile:0b00c8af87345325 urn:x-nevis:profile:0b00c8af8020633b urn:x-nevis:profile:0b00c8af80206343 urn:x-nevis:profile:0b00c8af802063ec urn:x-nevis:profile:0b00c8af8020641f urn:x-nevis:profile:0b00c8af80206670 urn:x-nevis:profile:0b00c8af8020666a urn:x-nevis:profile:0b00c8af80206675 urn:x-nevis:profile:0b00c8af80206676 urn:x-nevis:profile:0b00c8af80206666 urn:x-nevis:profile:0b00c8af80da26dc urn:x-nevis:profile:0b00c8af822b096a urn:x-nevis:profile:0b00c8af82e48186 urn:x-nevis:profile:0b00c8af83affc41 urn:x-nevis:profile:0b00c8af839e8e09 urn:x-nevis:profile:0b00c8af83f23801 urn:x-nevis:profile:0b00c8af84103b76 urn:x-nevis:profile:0b00c8af84adce35 urn:x-nevis:profile:0b00c8af84eb8108 urn:x-nevis:profile:0b00c8af8520c3a3 urn:x-nevis:profile:0b00c8af85632eb6 urn:x-nevis:profile:0b00c8af862154cd urn:x-nevis:profile:0b00c8af8656e95f urn:x-nevis:profile:0b00c8af802065c4 urn:x-nevis:profile:0b00c8af802065f5 urn:x-nevis:profile:0b00c8af802065d6 urn:x-nevis:profile:0b00c8af8020666b urn:x-nevis:profile:0b00c8af8020666d urn:x-nevis:profile:0b00c8af80206662 urn:x-nevis:profile:0b00c8af8020665c urn:x-nevis:profile:0b00c8af80da2577 urn:x-nevis:profile:0b00c8af822b096c urn:x-nevis:profile:0b00c8af82e48550 urn:x-nevis:profile:0b00c8af802065bc urn:x-nevis:profile:0b00c8af80206712 urn:x-nevis:profile:0b00c8af86dd9c01 urn:x-nevis:profile:0b00c8af8734634a urn:x-nevis:profile:0b00c8af8795b0b2 urn:x-nevis:profile:0b00c8af86dd9c02 urn:x-nevis:profile:0b00c8af873465d2 urn:x-nevis:profile:0b00c8af8795b0ad urn:x-nevis:profile:0b00c8af8734696f urn:x-nevis:profile:0b00c8af8795b0aa urn:x-nevis:profile:0b00c8af882fd259 urn:x-nevis:profile:0b00c8af83f34b0e urn:x-nevis:profile:0b00c8af841040db urn:x-nevis:profile:0b00c8af84ae12aa urn:x-nevis:profile:0b00c8af84eb810d urn:x-nevis:profile:0b00c8af8520c3a7 urn:x-nevis:profile:0b00c8af8569a13e urn:x-nevis:profile:0b00c8af86229467 urn:x-nevis:profile:0b00c8af864b2bae urn:x-nevis:profile:0b00c8af86ee512d urn:x-nevis:profile:0b00c8af87164cbc urn:x-nevis:profile:0b00c8af8795b0ac urn:x-nevis:profile:0b00c8af839e8e0b urn:x-nevis:profile:0b00c8af83f24029 urn:x-nevis:profile:0b00c8af84103a21 urn:x-nevis:profile:0b00c8af84add34d urn:x-nevis:profile:0b00c8af84eb8109 urn:x-nevis:profile:0b00c8af8520c3a4 urn:x-nevis:profile:0b00c8af85633292 urn:x-nevis:profile:0b00c8af8621ada3 urn:x-nevis:profile:0b00c8af8656ed6f urn:x-nevis:profile:0b00c8af80206671 urn:x-nevis:profile:0b00c8af80206669 urn:x-nevis:profile:0b00c8af8117443b urn:x-nevis:profile:0b00c8af822b0968 urn:x-nevis:profile:0b00c8af82e48817 urn:x-nevis:profile:0b00c8af838ba0b2 urn:x-nevis:profile:0b00c8af83f1a29a urn:x-nevis:profile:0b00c8af8414e54b urn:x-nevis:profile:0b00c8af84983e6d urn:x-nevis:profile:0b00c8af84eb8103 urn:x-nevis:profile:0b00c8af851e8289 urn:x-nevis:profile:0b00c8af856303e5 urn:x-nevis:profile:0b00c8af8620fba5 urn:x-nevis:profile:0b00c8af8656e7b9 urn:x-nevis:profile:0b00c8af858c2577 urn:x-nevis:profile:0b00c8af86eeb1e9 urn:x-nevis:profile:0b00c8af87345e76 urn:x-nevis:profile:0b00c8af8795b0b1" title="VCC-283747-1, M6" to="L1"/>
</ref>
</torque>
</ptxt>
</para>
</graphtext>
</grate>
</procstep>
<procstep id="nev20058234n2-nev20499577n10">
<grate id="nev20058234n2-nev20620720n55">
<graphic id="nev20058234n2-nev20620720n56">
<href>0900c8af861d0fa#@#@#9#.jpeg</href>
</graphic>
<graphtext id="nev20058234n2-nev20620869n1">
<para id="nev20058234n2-nev20620720n53">
<ptxt id="nev20058234n2-nev20620720n54">Connect the pre#@#@#9#bles.</ptxt>
</para>
<para id="nev20058234n2-nev20620720n51">
<ptxt id="nev20058234n2-nev20620720n52">Install the catch.</ptxt>
</para>
</graphtext>
</grate>
</procstep>
</stepgrp>
<stepgrp boilerplate="false" context="" id="nev20058234n2-nev20620720n50">
<title id="nev20058234n2-0800c8af844a46f9">Installation</title>
<procstep id="nev20058234n2-nev20499578n6">
<grate id="nev20058234n2-nev20620720n48">
<graphic id="nev20058234n2-nev20620720n49">
<href>0900c8af857aa4f#@#@#9#.jpeg</href>
</graphic>
<graphtext id="nev20058234n2-nev20620873n1">
<para id="nev20058234n2-nev20620720n46">
<ptxt id="nev20058234n2-nev20620720n47">Reinstall the r#@#@#25#rder.</ptxt>
</para>
<para id="nev20058234n2-nev20620720n44">
<ptxt id="nev20058234n2-nev20620720n45">Fill with coola#@#@#42#ture.</ptxt>
</para>
<para id="nev20058234n2-nev20620720n42">
<ptxt id="nev20058234n2-nev20620720n43">Vent the coolin#@#@#26#kage.</ptxt>
</para>
<para id="nev20058234n2-nev20620720n40">
<ptxt id="nev20058234n2-nev20620720n41">Post-fill the c#@#@#22#sary.</ptxt>
</para>
</graphtext>
</grate>
</procstep>
</stepgrp>
</procedure>
<kitnumbers>
<kitnumber>31359397</kitnumber>
</kitnumbers>
</servinfosub>
</body>
</i2>