<?xml version="1.0" encoding="UTF-8"?><servinfosub IE-ID="en-US0900c8af84421b08" docno="VCC-316707" id="nev12573872n1" xml:lang="en-US">
<title>
<phrase category="Title" id="nev12574585n1" phrase-urn="urn:x-nevis:phrase:0800c8af838d0dff">Resetting crash mode</phrase>
</title>
<diagnostic j2008use="1" layout="0" paperuse="1" screenuse="1" type="test">
<testgrp IE-ID="en-US0900c8af84421b08_nev12574411n100" id="nev12574411n100" j2008use="1" paperuse="0" resumable="1" screenuse="1" x="140" y="100">
<title id="nev12574411n99">
<phrase category="Title" id="nev12574548n1" phrase-urn="urn:x-nevis:phrase:0800c8af838d0dff">Resetting crash mode</phrase>
</title>
<node id="nev12574411n98">
<test1 id="nev12574411n97">
<diaglist id="nev12574411n83">
<dgraphic id="nev12574411n82">
<dgraphic1 id="nev12574411n81">
<graphic id="l1164702837721">
<href>0900c8af80054d5#@#@#9#.jpeg</href>
</graphic>
</dgraphic1>
</dgraphic>
</diaglist>
<test2 id="nev12574411n79">
<para id="nev12574411n74">
<ptxt id="nev12574411n73">
<phrase category="Faulttracing" id="nev12574577n1" phrase-urn="urn:x-nevis:phrase:0800c8af81eab225">The vehicle mus#@#@#67#lity.</phrase>
<phrase category="Condition" id="nev12574578n1" phrase-urn="urn:x-nevis:phrase:0800c8af83c7972a">In the event of#@#@#183#CEM).</phrase>
<phrase category="Condition" id="nev12574579n1" phrase-urn="urn:x-nevis:phrase:0800c8af83c79852">If the vehicle #@#@#99#PHM).</phrase>
<phrase category="Condition" id="nev12574580n1" phrase-urn="urn:x-nevis:phrase:0800c8af83c7986f">A temporary sho#@#@#195#ment.</phrase>
</ptxt>
</para>
<list1 id="nev12574411n68">
<item id="nev12574411n64">
<ptxt id="nev12574411n63">
<phrase category="Faulttracing" id="nev12574582n1" phrase-urn="urn:x-nevis:phrase:0800c8af81ea4a0c">Click the vehic#@#@#41#alue.</phrase>
</ptxt>
</item>
<item id="nev12574411n67">
<ptxt id="nev12574411n66">
<phrase category="Faulttracing" id="nev12574583n1" phrase-urn="urn:x-nevis:phrase:0800c8af82a68c69">Click on Restor#@#@#27#nged.</phrase>
</ptxt>
</item>
</list1>
<diaglist id="nev12574411n78">
<dgraphic id="nev12574411n77">
<dgraphic2 id="nev12574411n76">
<graphic id="l1164702852282">
<href>0900c8af86c8681#@#@#9#.jpeg</href>
</graphic>
<smarttool active="press" id="l1164702868736"/>
</dgraphic2>
</dgraphic>
</diaglist>
</test2>
</test1>
<question id="nev12574411n96">
Select Continue.
</question>
<resact-grp id="nev12574411n89">
<result button="cont" comp="button" highlight="0" id="nev12574411n88"/>
<action id="nev12574411n87" j2008use="1" paperuse="0" screenuse="1">
<ptxt id="nev12574411n86">
<xref id="nev12574411n85">
<ref id="nev12574411n84"/>
</xref>
</ptxt>
</action>
</resact-grp>
</node>
</testgrp>
<testgrp id="nev12573872n3" j2008use="1" paperuse="1" resumable="1" screenuse="1" testgrp-id="s1" x="140" y="180">
<title>
<phrase category="" id="nev12573872n4" phrase-urn="urn:x-nevis:phrase:0800c8af8270f398">Checking compon#@#@#10#iring</phrase>
</title>
<node>
<test1>
<diaglist>
<dgraphic>
<dgraphic1>
<graphic id="nev12573872n5">
<href>0900c8af80054d4#@#@#9#.jpeg</href>
</graphic>
</dgraphic1>
<dgraphic2>
<graphic id="nev12573872n6">
<href>0900c8af80054d7#@#@#9#.jpeg</href>
</graphic>
</dgraphic2>
</dgraphic>
<ditem>
<ptxt>
<phrase category="" id="nev12573872n7" phrase-urn="urn:x-nevis:phrase:0800c8af8270f399">Switch off the #@#@#20#conds</phrase>
</ptxt>
</ditem>
<ditem>
<ptxt>
<phrase category="" id="nev12573872n8" phrase-urn="urn:x-nevis:phrase:0800c8af8270f39a">Disconnect the #@#@#57#(SRS)</phrase>
</ptxt>
</ditem>
<ditem>
<ptxt>
<phrase category="" id="nev12573872n9" phrase-urn="urn:x-nevis:phrase:0800c8af8270f39b">Disconnect conn#@#@#45#EM). </phrase>
</ptxt>
</ditem>
</diaglist>
<test2>
<caution>
<ptxt>
<phrase category="" id="nev12573872n10" phrase-urn="urn:x-nevis:phrase:0800c8af8270f39c">Do not touch th#@#@#292#PHM).</phrase>
</ptxt>
</caution>
<para>
<ptxt>
<phrase category="" id="nev12573873n1" phrase-urn="urn:x-nevis:phrase:0800c8af8270f39d">Check the conne#@#@#197#tors.</phrase>
</ptxt>
</para>
<para>
<ptxt>
<phrase category="" id="nev12573873n2" phrase-urn="urn:x-nevis:phrase:0800c8af8270f39e">Remedy as necessary.</phrase>
</ptxt>
</para>
<para>
<ptxt>
<phrase category="" id="nev12573873n3" phrase-urn="urn:x-nevis:phrase:0800c8af8270f39f">Check the cable#@#@#200#tage.</phrase>
</ptxt>
<ptxt>
<phrase category="" id="nev12573873n4" phrase-urn="urn:x-nevis:phrase:0800c8af8270f3a0">Check the cable#@#@#4#ween:</phrase>
</ptxt>
</para>
<list1 enumtype="d" type="unordered">
<item>
<ptxt>
<phrase category="" id="nev12573873n5" phrase-urn="urn:x-nevis:phrase:0800c8af8270f3a1">Supplemental re#@#@#93##12).</phrase>
</ptxt>
</item>
</list1>
<para>
<ptxt>
<phrase category="" id="nev12573873n6" phrase-urn="urn:x-nevis:phrase:0800c8af8270f3a2">Remedy as necessary.</phrase>
</ptxt>
</para>
<list1 enumtype="d" type="unordered">
<item>
<ptxt>
<phrase category="" id="nev12573873n7" phrase-urn="urn:x-nevis:phrase:0800c8af8270f3a3">Disconnect conn#@#@#44#CEM).</phrase>
</ptxt>
</item>
</list1>
<para>
<ptxt>
<phrase category="" id="nev12573873n8" phrase-urn="urn:x-nevis:phrase:0800c8af8270f3a4">Check connector#@#@#144#ctor.</phrase>
</ptxt>
</para>
<para>
<ptxt>
<phrase category="" id="nev12573873n9" phrase-urn="urn:x-nevis:phrase:0800c8af8270f3a5">Remedy as necessary.</phrase>
</ptxt>
</para>
<para>
<ptxt>
<phrase category="" id="nev12573873n10" phrase-urn="urn:x-nevis:phrase:0800c8af8270f3a6">Check the inter#@#@#153#tage.</phrase>
</ptxt>
<ptxt>
<phrase category="" id="nev12573874n1" phrase-urn="urn:x-nevis:phrase:0800c8af8270f3a7">Check the cable#@#@#4#ween:</phrase>
</ptxt>
</para>
<list1 enumtype="d" type="unordered">
<item>
<ptxt>
<phrase category="" id="nev12573874n2" phrase-urn="urn:x-nevis:phrase:0800c8af8270f3a8">Central electro#@#@#48##33).</phrase>
</ptxt>
</item>
</list1>
<para>
<ptxt>
<phrase category="" id="nev12573874n3" phrase-urn="urn:x-nevis:phrase:0800c8af8270f3a9">Remedy as necessary.</phrase>
</ptxt>
</para>
<list1 enumtype="d" type="unordered">
<item>
<ptxt>
<phrase category="" id="nev12573874n4" phrase-urn="urn:x-nevis:phrase:0800c8af8270f3aa">Disconnect conn#@#@#32#HM). </phrase>
</ptxt>
</item>
</list1>
<para>
<ptxt>
<phrase category="" id="nev12573874n5" phrase-urn="urn:x-nevis:phrase:0800c8af8270f3ab">Check connector#@#@#132#tor. </phrase>
</ptxt>
</para>
<para>
<ptxt>
<phrase category="" id="nev12573874n6" phrase-urn="urn:x-nevis:phrase:0800c8af8270f3ac">Remedy as necessary.</phrase>
</ptxt>
</para>
<para>
<ptxt>
<phrase category="" id="nev12573874n7" phrase-urn="urn:x-nevis:phrase:0800c8af8270f3ad">Check the cable#@#@#176#tage.</phrase>
</ptxt>
<ptxt>
<phrase category="" id="nev12573874n8" phrase-urn="urn:x-nevis:phrase:0800c8af8270f3ae">Check the cable#@#@#4#ween:</phrase>
</ptxt>
</para>
<list1 enumtype="d" type="unordered">
<item>
<ptxt>
<phrase category="" id="nev12573874n9" phrase-urn="urn:x-nevis:phrase:0800c8af8270f3af">Central electro#@#@#71##A17.</phrase>
</ptxt>
</item>
</list1>
<para>
<ptxt>
<phrase category="" id="nev12573874n10" phrase-urn="urn:x-nevis:phrase:0800c8af8270f3b0">Remedy as necessary.</phrase>
</ptxt>
</para>
<para>
<ptxt>
<phrase category="" id="nev12573875n1" phrase-urn="urn:x-nevis:phrase:0800c8af8270f3b1">If no fault is #@#@#93#PHM).</phrase>
</ptxt>
</para>
<list1 enumtype="d" type="unordered">
<title>
<phrase category="" id="nev12573875n2" phrase-urn="urn:x-nevis:phrase:0800c8af8270f3b2">Other information</phrase>
</title>
<item>
<ptxt>
<phrase category="" id="nev12573875n3" phrase-urn="urn:x-nevis:phrase:0800c8af8270f3b3">
<xref>
<ref id="KC09488935"/>
</xref>
</phrase>
</ptxt>
</item>
<item>
<ptxt>
<phrase category="" id="nev12573875n5" phrase-urn="urn:x-nevis:phrase:0800c8af8270f3b4">
<xref>
<ref id="KC09488937"/>
</xref>
</phrase>
</ptxt>
</item>
<item>
<ptxt>
<phrase category="" id="nev12573875n7" phrase-urn="urn:x-nevis:phrase:0800c8af8270f3b5">For further inf#@#@#61#agram</phrase>
</ptxt>
</item>
<item>
<ptxt>
<xref id="nev13597373n98">
<ref id="l1206629970554"/>
</xref>
</ptxt>
</item>
<item>
<ptxt>
<xref id="nev13597373n96">
<ref id="l1206630179514"/>
</xref>
</ptxt>
</item>
<item>
<ptxt>
<xref id="nev13597378n100">
<ref id="l1206629924473"/>
</xref>
</ptxt>
</item>
<item>
<ptxt>
<xref id="nev13597373n94">
<ref id="l1206630297588"/>
</xref>
</ptxt>
</item>
<item>
<ptxt>
<phrase category="" id="nev12573876n6" phrase-urn="urn:x-nevis:phrase:0800c8af8270f3ba">
<xref>
<ref id="KC09488948"/>
</xref>
</phrase>
</ptxt>
</item>
</list1>
</test2>
</test1>
<question>
Select "Contin#@#@#34#ed. 
</question>
<resact-grp>
<result button="cont" comp="button" highlight="0"/>
<action j2008use="1" paperuse="1" screenuse="1">
<ptxt>
<xref>
<ref id="nev12573876n9"/>
</xref>
</ptxt>
</action>
</resact-grp>
</node>
</testgrp>
<testgrp id="nev12573876n10" j2008use="1" paperuse="1" resumable="1" screenuse="1" testgrp-id="veri" x="140" y="260">
<title>
<phrase category="" id="nev12573877n1" phrase-urn="urn:x-nevis:phrase:0800c8af8270f3bc">Verification</phrase>
</title>
<subcalloutnode>
<diagcallout>
<xref>
<ref id="nev12573877n2"/>
</xref>
</diagcallout>
<rescall-grp>
<result comp="string" highlight="0" op="eq" return="VERIFIED"/>
<calloutaction>
<return value="FAULT FOUND"/>
</calloutaction>
</rescall-grp>
<rescall-grp>
<result comp="string" highlight="0" op="eq" return="VERIFICATION FAILED"/>
<calloutaction>
<ptxt>
<xref>
<ref id="nev12573877n3"/>
</xref>
</ptxt>
</calloutaction>
</rescall-grp>
</subcalloutnode>
</testgrp>
<testgrp id="nev12573877n4" j2008use="1" paperuse="1" resumable="1" screenuse="1" testgrp-id="info1" x="140" y="340">
<title>
<phrase category="" id="nev12573877n5" phrase-urn="urn:x-nevis:phrase:0800c8af8270f3bd">Fault-tracing i#@#@#5#ation</phrase>
</title>
<subcalloutnode>
<diagcallout>
<xref>
<ref id="nev12573877n6"/>
</xref>
</diagcallout>
<rescall-grp>
<result comp="string" highlight="0" op="eq" return="FAULTTRACING FAILED"/>
<calloutaction>
<return value="FAULT NOT FOUND"/>
</calloutaction>
</rescall-grp>
<rescall-grp id="nev12574411n60">
<result button="yes" comp="button" highlight="0" id="nev12574411n59"/>
<calloutaction id="nev12574411n58">
<ptxt id="nev12574411n57">
<xref id="nev12574411n56">
<ref id="nev12574411n55"/>
</xref>
</ptxt>
</calloutaction>
</rescall-grp>
</subcalloutnode>
</testgrp>
</diagnostic>
</servinfosub>