<?xml version="1.0" encoding="UTF-8"?><servinfosub IE-ID="en-US0900c8af82513b08" docno="VCC-251030" id="nev10696265n1" xml:lang="en-US">
<title>
<phrase category="Title" id="nev10696285n1" phrase-urn="urn:x-nevis:phrase:0800c8af81eb9a54">Diagnostic trou#@#@#21#ation</phrase>
<phrase category="Prefix" id="nev10696287n1" phrase-urn="urn:x-nevis:phrase:0800c8af8015c3fe">SRS</phrase>-0053</title>
<diagnostic type="condition">
<condgrp>
<condition type="condition">
<grate>
<graphic id="nev10696265n3">
<href>0900c8af826a362#@#@#11#.jpeg</href>
</graphic>
<graphtext>
<para>
<ptxt>
<phrase category="" id="nev10696265n4" phrase-urn="urn:x-nevis:phrase:0800c8af81c21e8c">The supplementa#@#@#84#tain.</phrase>
</ptxt>
</para>
<para>
<ptxt>
<phrase category="" id="nev10696265n5" phrase-urn="urn:x-nevis:phrase:0800c8af81c21e8e">The diagnostic #@#@#135#onds.</phrase>
</ptxt>
</para>
<para>
<ptxt>
<phrase category="" id="nev10696265n6" phrase-urn="urn:x-nevis:phrase:0800c8af81c21e8f">The diagnostic #@#@#66# III.</phrase>
</ptxt>
</para>
</graphtext>
</grate>
</condition>
</condgrp>
<condgrp>
<condition type="substitution">
<list1 enumtype="d">
<item>
<ptxt>
<phrase category="" id="nev10696265n7" phrase-urn="urn:x-nevis:phrase:0800c8af81c21e90">None.</phrase>
</ptxt>
</item>
</list1>
</condition>
<ps>
<list1 enumtype="d" type="unordered">
<item>
<ptxt>
<phrase category="" id="nev10696265n8" phrase-urn="urn:x-nevis:phrase:0800c8af81c21e91">Short-circuit t#@#@#150#tain.</phrase>
</ptxt>
</item>
</list1>
</ps>
</condgrp>
<condgrp>
<condition type="symptom">
<list1 enumtype="d" type="unordered">
<item>
<ptxt>
<phrase category="" id="nev10696265n9" phrase-urn="urn:x-nevis:phrase:0800c8af81c21e92">SRS indicator l#@#@#2#p lit</phrase>
</ptxt>
</item>
<item>
<ptxt>
<phrase category="" id="nev10696265n10" phrase-urn="urn:x-nevis:phrase:0800c8af81c21e94">SRS warning mes#@#@#10#ayed.</phrase>
</ptxt>
</item>
</list1>
</condition>
</condgrp>
</diagnostic>
</servinfosub>