<?xml version="1.0" encoding="UTF-8"?><servinfosub IE-ID="en-US0900c8af800c3b08" docno="VCC-088331" id="KC01185521" xml:lang="en-US">
<title>Reconditioning #@#@#15#ipers</title>
<procedure>
<proctools>
<toolitem id="KC07288880"/>
</proctools>
<procstep id="KC01185522">
<title>Collect the bra#@#@#3#fluid</title>
<para>
<ptxt>See <xref>
<ref id="KC07288881"/>
</xref>.</ptxt>
</para>
</procstep>
<procstep id="KC01185523">
<title>Remove the secu#@#@#24# pins</title>
<para>
<ptxt>See <xref>
<ref id="KC07288882"/>
</xref>.</ptxt>
</para>
</procstep>
<procstep id="KC01185524">
<title>Remove the brak#@#@#19# pads</title>
<para>
<ptxt>See <xref>
<ref id="KC07288883"/>
</xref>.</ptxt>
</para>
</procstep>
<procstep id="KC01185525">
<title>Remove the pist#@#@#20#liper</title>
<grate>
<graphic id="KC07288884">
<href>0900c8af800593e#@#@#9#.jpeg</href>
</graphic>
<graphtext>
<note>
<ptxt>Do not trap you#@#@#36# out.</ptxt>
</note>
<para>
<ptxt>Remove the dust#@#@#33# out.</ptxt>
<ptxt>Place a block o#@#@#78# air.</ptxt>
</para>
</graphtext>
</grate>
</procstep>
<procstep id="KC01185526">
<title>Cleaning and in#@#@#3#ction</title>
<grate>
<graphic id="KC07288885">
<href>0900c8af800593f#@#@#9#.jpeg</href>
</graphic>
<graphtext>
<ptxt>Clean the compo#@#@#22#ohol.</ptxt>
<ptxt>Check the compo#@#@#68#sary.</ptxt>
<ptxt>Remove the seal#@#@#27#tool <toolitem id="KC07288886"/> or similar so #@#@#37#ove. </ptxt>
<ptxt>Remove the rubb#@#@#6#eves.</ptxt>
<ptxt>Check the rubbe#@#@#48#sary.</ptxt>
<ptxt>Always replace #@#@#124#boot.</ptxt>
<ptxt>If the cylinder#@#@#58#iper.</ptxt>
<ptxt>Remove minor ru#@#@#28#aper.</ptxt>
<ptxt>Check the bleed#@#@#26#sary.</ptxt>
</graphtext>
</grate>
</procstep>
<procstep id="KC01185527">
<title>Install the pis#@#@#19#liper</title>
<grate>
<graphic id="KC07288887">
<href>0900c8af800593f#@#@#9#.jpeg</href>
</graphic>
<graphtext>
<para>
<ptxt>Blow the ducts #@#@#22# air.</ptxt>
<ptxt>Apply a thin la#@#@#73#ing. </ptxt>
</para>
<list1 enumtype="d" type="unordered">
<title>Install:</title>
<item>
<ptxt>the piston in t#@#@#47#ottom</ptxt>
</item>
<item>
<ptxt>the dust boot i#@#@#68#ectly</ptxt>
</item>
<item>
<ptxt>the rubber slee#@#@#36#pins.</ptxt>
</item>
</list1>
</graphtext>
</grate>
</procstep>
<procstep id="KC01185528">
<title>Install the bra#@#@#5#liper</title>
<grate>
<graphic id="KC07288888">
<href>0900c8af8005937#@#@#9#.jpeg</href>
</graphic>
<graphtext>
<para>
<ptxt>Lubricate the l#@#@#41#5-4. </ptxt>
<ptxt>Insert the loca#@#@#76#sily.</ptxt>
</para>
<para>
<ptxt>Secure the brak#@#@#29#iper.</ptxt>
</para>
<list1 enumtype="d">
<title>Install:</title>
<item>
<ptxt>a brake pad in #@#@#5#iston</ptxt>
</item>
<item>
<ptxt>the other pad i#@#@#15#older</ptxt>
</item>
<item>
<ptxt>the brake calip#@#@#28#s to <emph>30 Nm</emph>
</ptxt>
</item>
<item>
<ptxt>the securing sp#@#@#4#s (3)</ptxt>
</item>
<item>
<ptxt>the protective #@#@#4# (1).</ptxt>
</item>
</list1>
<para>
<ptxt>Tighten the bra#@#@#15#n to <emph>16 Nm</emph>.</ptxt>
</para>
<para>
<title>Fill and bleed #@#@#11#ystem</title>
<ptxt> See <xref>
<ref id="KC07288889"/>
</xref>.</ptxt>
</para>
</graphtext>
</grate>
</procstep>
<procstep id="KC01179594">
<title>Pressure test t#@#@#10#ystem</title>
<grate>
<graphic id="KC07288890">
<href>0900c8af800597c#@#@#9#.jpeg</href>
</graphic>
<graphtext>
<ptxt>After the brake#@#@#45#ted. </ptxt>
<ptxt>Depress the bra#@#@#152#ints.</ptxt>
<ptxt>Remedy any leakage.</ptxt>
<para>
<title>Install the wheel</title>
<ptxt>
<xref>
<ref id="KC07288891"/>
</xref>
</ptxt>
</para>
</graphtext>
</grate>
</procstep>
</procedure>
</servinfosub>