<?xml version="1.0" encoding="UTF-8"?><servinfosub IE-ID="en-US0900c8af8067fb08" docno="VCC-079014" id="KC02042938" servinfosubId="nev20686600n1-nev20686600n2" servinfosubRes="0900c8af862c2a9d" servinfosubRes2="urn:x-nevis:fragment:0900c8af8067fb08:0900c8af862c2a9d#nev20686600n2" xml:lang="en-US">
<title>Key code</title>
<topic>
<title>Key code</title>
<grate>
<graphic id="nev20686600n1-KC08178480">
<href>0900c8af8012d4f#@#@#9#.jpeg</href>
</graphic>
<graphtext>
<para>
<ptxt>Each control un#@#@#27#ode.
</ptxt>
<ptxt>The control uni#@#@#84#larm.</ptxt>
<ptxt>Both remote con#@#@#42#code.</ptxt>
<ptxt>The remote cont#@#@#91#elow.</ptxt>
<ptxt>The indicator L#@#@#144#oops.</ptxt>
</para>
</graphtext>
</grate>
</topic>
<topic>
<title>Key code programming</title>
<para>
<ptxt>The control uni#@#@#156#mode.</ptxt>
<ptxt>Refer to <xref>
<ref id="nev20686600n1-KC08178481"/>
</xref>
<xref>
<ref id="nev20686600n1-KC08178482"/>
</xref>
<xref>
<ref id="nev20686600n1-KC08178483"/>
</xref>.</ptxt>
<ptxt>Once the key co#@#@#206#n on <xref>
<ref id="nev20686600n1-KC08178484"/>
</xref>
<xref>
<ref id="nev20686600n1-KC08178485"/>
</xref>
<xref>
<ref id="nev20686600n1-KC08178486"/>
</xref>.</ptxt>
</para>
</topic>
</servinfosub>