<?xml version="1.0" encoding="UTF-8"?><script xmlns:nevis="http://www.volvocars.com/namespaces/processing" xmlns:xlink="http://www.w3.org/1999/xlink" IE-ID="en-US0900c8af83673b08" docno="VCC-294374" id="nev11899694n1" nevis:expl-profile="mdl384yr2007, mdl285yr2007, mdl295yr2007, mdl275yr2007, mdl275yr2008, mdl285yr2008, mdl384yr2008, mdl275yr2009, mdl384yr2009, mdl275yr2010, mdl275yr2011, mdl275yr2012, mdl275yr2013, mdl275yr2014, mdl275yr2015, mdl275yr2016" nevis:profile="urn:x-nevis:profile:0b00c8af82e3b020 urn:x-nevis:profile:0b00c8af82e48186 urn:x-nevis:profile:0b00c8af82e48550 urn:x-nevis:profile:0b00c8af82e48817 urn:x-nevis:profile:0b00c8af838ba0b2 urn:x-nevis:profile:0b00c8af83affc41 urn:x-nevis:profile:0b00c8af83b00078 urn:x-nevis:profile:0b00c8af83f1a29a urn:x-nevis:profile:0b00c8af83f2e56a urn:x-nevis:profile:0b00c8af8414e54b urn:x-nevis:profile:0b00c8af84983e6d urn:x-nevis:profile:0b00c8af84eb8103 urn:x-nevis:profile:0b00c8af851e8289 urn:x-nevis:profile:0b00c8af856303e5 urn:x-nevis:profile:0b00c8af8620fba5 urn:x-nevis:profile:0b00c8af8656e7b9" nevis:projectdocument="urn:x-nevis:projectdocument:0800c8af83673b07" nevis:resource="0900c8af83762040" nevis:resource2="urn:x-nevis:fragment:0900c8af83673b08:0900c8af83762040#nev11899694n1" nevis:session-id="" qualifierinfotype="14:00" type="" xml:lang="en-US"><title>Read/prog light#@#@#5#2007-</title><content gui="1" height="335" id="nev11899694n2-nev11899685n1" nevis:expl-profile="mdl384yr2007, mdl285yr2007, mdl295yr2007, mdl275yr2007, mdl275yr2008, mdl285yr2008, mdl384yr2008, mdl275yr2009, mdl384yr2009, mdl275yr2010, mdl275yr2011, mdl275yr2012, mdl275yr2013, mdl275yr2014, mdl275yr2015, mdl275yr2016" nevis:idfrom="nev11899694n2" nevis:prefix="nev11899694n2" nevis:profile="urn:x-nevis:profile:0b00c8af82e3b020 urn:x-nevis:profile:0b00c8af82e48186 urn:x-nevis:profile:0b00c8af82e48550 urn:x-nevis:profile:0b00c8af82e48817 urn:x-nevis:profile:0b00c8af838ba0b2 urn:x-nevis:profile:0b00c8af83affc41 urn:x-nevis:profile:0b00c8af83b00078 urn:x-nevis:profile:0b00c8af83f1a29a urn:x-nevis:profile:0b00c8af83f2e56a urn:x-nevis:profile:0b00c8af8414e54b urn:x-nevis:profile:0b00c8af84983e6d urn:x-nevis:profile:0b00c8af84eb8103 urn:x-nevis:profile:0b00c8af851e8289 urn:x-nevis:profile:0b00c8af856303e5 urn:x-nevis:profile:0b00c8af8620fba5 urn:x-nevis:profile:0b00c8af8656e7b9" nevis:resource="0900c8af8376203e" nevis:resource2="urn:x-nevis:fragment:0900c8af83673b08:0900c8af8376203e#nev11899685n1" width="390" xml:lang="en-US"><nodes id="nev11899694n2-nev12057486n1"><node class="Components.StartNode" id="nev11899694n2-nev12057487n1" nodeid="Start" x="35" y="36"/><node class="Components.ScriptComponent" id="nev11899694n2-nev12057488n1" nodeid="ScriptComponent1" x="329" y="410"/><node class="Components.ScriptButton" id="nev11899694n2-nev12057489n1" nodeid="Activate" x="35" y="159"><gui height="30" id="nev11899694n2-nev12057490n1" width="150" x="10" y="295"/><property class="String" id="nev11899694n2-nev12057491n1" name="Text" type="In" value="" visible="0"/><property class="String" id="nev11899694n2-nev12057492n1" name="StartDisabled" type="Internal" value="false" visible="1"/><property class="String" id="nev11899694n2-nev12057493n1" name="StartVisible" type="Internal" value="true" visible="1"/><extension id="nev11899694n2-nev12057494n1"><phrase category="Faulttracing" id="nev11899694n2-nev12057484n1" phrase-urn="urn:x-nevis:phrase:0800c8af8178a38e">Start programming</phrase></extension></node><node class="Components.ScriptButton" id="nev11899694n2-nev12057495n1" nodeid="Hide" x="32" y="348"><gui height="30" id="nev11899694n2-nev12057496n1" width="150" x="230" y="295"/><property class="String" id="nev11899694n2-nev12057497n1" name="Text" type="In" value="" visible="0"/><property class="String" id="nev11899694n2-nev12057498n1" name="StartDisabled" type="Internal" value="false" visible="1"/><property class="String" id="nev11899694n2-nev12057499n1" name="StartVisible" type="Internal" value="true" visible="1"/><extension id="nev11899694n2-nev12057500n1"><phrase category="Faulttracing" id="nev11899694n2-nev12057485n1" phrase-urn="urn:x-nevis:phrase:0800c8af828fe792">Hide</phrase></extension></node><node class="Components.Gui.ActivationList" id="nev11899694n2-nev12057501n1" nodeid="ActivationList1" x="344" y="237"><gui height="135" id="nev11899694n2-nev12057502n1" width="370" x="10" y="100"/><extension id="nev11899694n2-nev12057503n1"><identifier ecu="372303" ecuMode="EcuType" id="nev11899694n2-nev12057504n1" read="2" type="BLOFF" value="40" write="17"><parameter id="nev11899694n2-nev12057505n1" name="Begränsad aktivering" textid="1002255"><value id="nev11899694n2-nev12057506n1" textid="11608"/><value id="nev11899694n2-nev12057507n1" textid="11609"/></parameter></identifier></extension></node><node class="Components.IdentifierComponent" id="nev11899694n2-nev12057508n1" nodeid="IdentifierComponent1" x="345" y="46"><property class="Parameter" id="nev11899694n2-nev12057509n1" name="Begränsad aktivering" type="Out" value="" visible="1"/><extension id="nev11899694n2-nev12057510n1"><identifier ecu="372303" ecuMode="EcuType" id="nev11899694n2-nev12057511n1" read="2" type="BLOFF" value="40"><parameter id="nev11899694n2-nev12057512n1" name="Begränsad aktivering" textid="1002255"/></identifier></extension></node><node class="Components.Gui.ParameterLabel" id="nev11899694n2-nev12057513n1" nodeid="ParameterLabel1" x="654" y="46"><gui height="70" id="nev11899694n2-nev12057514n1" width="370" x="10" y="15"/><property class="Parameter" id="nev11899694n2-nev12057515n1" name="Parameter" type="In" value="" visible="1"/><property class="String" id="nev11899694n2-nev12057516n1" name="Title" type="In" value="" visible="1"/><property class="String" id="nev11899694n2-nev12057517n1" name="Value" type="In" value="" visible="1"/><property class="String" id="nev11899694n2-nev12057518n1" name="Unit" type="In" value="" visible="1"/><property class="String" id="nev11899694n2-nev12057519n1" name="StartVisible" type="Internal" value="true" visible="0"/></node></nodes><handlers id="nev11899694n2-nev12057520n1"><eventhandler id="nev11899694n2-nev12057521n1" name="OnStart" node="Start"><call id="nev11899694n2-nev12057522n1" method="UpdateTitles" node="IdentifierComponent1"/><call id="nev11899694n2-nev12057523n1" method="Read" node="IdentifierComponent1"/></eventhandler><eventhandler id="nev11899694n2-nev12057524n1" name="Click" node="Hide"><call id="nev11899694n2-nev12057525n1" method="CloseDialog" node="ScriptComponent1"/></eventhandler><eventhandler id="nev11899694n2-nev12057526n1" name="Click" node="Activate"><call id="nev11899694n2-nev12057527n1" method="ActivateSelected" node="ActivationList1"/><call id="nev11899694n2-nev12057528n1" method="Read" node="IdentifierComponent1"/></eventhandler><propertyhandler id="nev11899694n2-nev12057529n1" name="Begränsad aktivering" node="IdentifierComponent1"><set id="nev11899694n2-nev12057530n1" node="ParameterLabel1" property="Parameter"/></propertyhandler></handlers></content></script>