<?xml version="1.0" encoding="UTF-8"?><servinfosub IE-ID="en-US0900c8af8388ab08" docno="VCC-106365" id="KC01549534" xml:lang="en-US">
<title id="nev12198613n250">Initiate the im#@#@#20#dule.</title>
<procedure id="nev12198613n248">
<procstep id="KC02347849">
<title id="nev12198613n246">Information</title>
<para id="nev12198613n244">
<ptxt id="nev12198613n242">This function i#@#@#182#mmed.</ptxt>
</para>
</procstep>
<procstep id="KC02347850">
<title id="nev12198613n240">Ordering softwa#@#@#1#e/key</title>
<note id="nev12198613n238">
<ptxt id="nev12198613n236">To initiate the#@#@#58#ered.</ptxt>
</note>
<para id="nev12198613n234">
<ptxt id="nev12198613n232">Order program a#@#@#7# for <emph etype="bold" id="nev12198613n230">S/V 70</emph> as described in <swfunction action="order" id="KC08907288"/>.</ptxt>
<ptxt id="nev12198613n225">Order software #@#@#8# for <emph etype="bold" id="nev12198613n223">C 70 </emph> as described in <swfunction action="order" id="KC08907289"/>.</ptxt>
</para>
</procstep>
<procstep id="KC02347851">
<title id="nev12198613n218">Initiate the co#@#@#7#odule</title>
<note id="nev12198613n216">
<ptxt id="nev12198613n214">Keys can only b#@#@#66#le.  </ptxt>
</note>
<para id="nev12198613n196">
<ptxt id="nev12198613n194">Use VIDA vehicl#@#@#87#ork. </ptxt>
</para>
</procstep>
</procedure>
</servinfosub>