<?xml version="1.0" encoding="UTF-8"?><servinfosub IE-ID="en-US0900c8af836a6000" docno="VCC-254925" id="nev10771683n1" original="sv-SE" servinfosubId="nev20687911n1-nev20687911n2" servinfosubRes="0900c8af862c3552" servinfosubRes2="urn:x-nevis:fragment:0900c8af836a6000:0900c8af862c3552#nev20687911n2" xml:lang="en-US">
<title id="nev10771683n2">Diagnostic functions</title>
<topic id="nev20687911n1-nev10802346n1">
<title id="nev20687911n1-nev10802346n2">General</title>
<para id="nev20687911n1-nev10802346n3">
<ptxt id="nev20687911n1-nev10802346n4">The control mod#@#@#134#nals.</ptxt>
</para>
</topic>
<topic id="nev20687911n1-nev10802346n5">
<title id="nev20687911n1-nev10802346n6">Diagnostic trou#@#@#11#DTCs)</title>
<para id="nev20687911n1-nev10802346n7">
<ptxt id="nev20687911n1-nev11924230n250">If the control #@#@#278#tent.</ptxt>
</para>
</topic>
<topic id="nev20687911n1-nev10802346n9">
<title id="nev20687911n1-nev10802346n10">Reading and era#@#@#31#DTCs)</title>
<para id="nev20687911n1-nev10802346n11">
<ptxt id="nev20687911n1-nev10802346n12">Stored diagnost#@#@#66#tion.</ptxt>
</para>
<para id="nev20687911n1-nev10802346n13">
<ptxt id="nev20687911n1-nev10802346n14">Diagnostic trou#@#@#109#once.</ptxt>
</para>
</topic>
<topic id="nev20687911n1-nev10802346n15">
<title id="nev20687911n1-nev10802346n16">Reading off the#@#@#25#ation</title>
<para id="nev20687911n1-nev10802346n17">
<ptxt id="nev20687911n1-nev10802346n18">VIDA identifies#@#@#76#mory.</ptxt>
<ptxt id="nev20687911n1-nev10802346n19">The codes conta#@#@#35#dule:</ptxt>
</para>
<list1 enumtype="d" id="nev20687911n1-nev10802346n20" type="unordered">
<item id="nev20687911n1-nev10802346n21">
<ptxt id="nev20687911n1-nev10802346n22">hardware P/N (c#@#@#26#ware)</ptxt>
</item>
<item id="nev20687911n1-nev10802346n23">
<ptxt id="nev20687911n1-nev10802346n24">hardware serial#@#@#36#ware)</ptxt>
</item>
<item id="nev20687911n1-nev10802346n25">
<ptxt id="nev20687911n1-nev10802346n26">software P/N</ptxt>
</item>
<item id="nev20687911n1-nev10802346n27">
<ptxt id="nev20687911n1-nev10802346n28">diagnostic soft#@#@#4# P/N.</ptxt>
</item>
</list1>
</topic>
<topic id="nev20687911n1-nev10802346n29">
<title id="nev20687911n1-nev10802346n30">Reading off ext#@#@#42#ation</title>
<para id="nev20687911n1-nev10802346n31">
<ptxt id="nev20687911n1-nev10802346n32">This function c#@#@#149#lues.</ptxt>
<ptxt id="nev20687911n1-nev10802346n33">For more inform#@#@#65#ther.</ptxt>
</para>
</topic>
<topic id="nev20687911n1-nev10802346n34">
<title id="nev20687911n1-nev10802346n35">Reading off the#@#@#12#alues</title>
<para id="nev20687911n1-nev10802346n36">
<ptxt id="nev20687911n1-nev10802346n37">Using this serv#@#@#90#ally.</ptxt>
<ptxt id="nev20687911n1-nev10802346n38">For more inform#@#@#65#ther.</ptxt>
</para>
</topic>
<topic id="nev20687911n1-nev10802346n39">
<title id="nev20687911n1-nev10802346n40">Reinstalling th#@#@#12#ttery</title>
<para id="nev20687911n1-nev10802346n41">
<ptxt id="nev20687911n1-nev10802346n42">This service ca#@#@#196#ored.</ptxt>
</para>
</topic>
</servinfosub>