<?xml version="1.0" encoding="UTF-8"?><servinfosub IE-ID="en-US0900c8af85280000" docno="VCC-370456" id="nev13719578n1" original="sv-SE" servinfosubId="nev13719579n1-nev13719578n4" servinfosubRes="0900c8af8528000f" servinfosubRes2="urn:x-nevis:fragment:0900c8af85280000:0900c8af8528000f#nev13719578n4" xml:lang="en-US">
<operationnumbers>
<operationnumber>36073-2</operationnumber>
</operationnumbers>
<title id="nev13719571n93">Instrument Pane#@#@#16# Knob</title>
<toolitemtable id="nev13719579n1-nev16600944n25">
<table id="nev13719579n1-nev16600944n24">
<tgroup cols="2" id="nev13719579n1-nev16600944n23">
<colspec colname="COLSPEC0" colwidth="1.00*" id="nev13719579n1-nev16600944n22"/>
<colspec colname="COLSPEC1" colwidth="1.00*" id="nev13719579n1-nev16600944n21"/>
<thead id="nev13719579n1-nev16600944n20">
<row id="nev13719579n1-nev16600944n19">
<entry id="nev13719579n1-nev16600944n18" nameend="COLSPEC1" namest="COLSPEC0" valign="top">
<ptxt id="nev13719579n1-nev16600944n17">
<emph id="nev13719579n1-nev16600944n16">Special tools</emph>
</ptxt>
</entry>
</row>
</thead>
<tbody id="nev13719579n1-nev16600944n15">
<row id="nev13719579n1-nev16600944n14">
<entry id="nev13719579n1-nev16600944n13">
<graphic id="nev13719579n1-nev16600944n12">
<href>0900c8af8005436#@#@#9#.jpeg</href>
</graphic>
</entry>
<entry id="nev13719579n1-nev16600944n11">
<ptxt id="nev13719579n1-nev16600944n10">
<emph id="nev13719579n1-nev16600944n9">981 4071 Interi#@#@#10#mover</emph>
</ptxt>
<ptxt id="nev13719579n1-nev16600944n7">
<emph id="nev13719579n1-nev16600944n6">Tool number:</emph>981 4071</ptxt>
<ptxt id="nev13719579n1-nev16600944n5">
<emph id="nev13719579n1-nev16600944n4">Tool description:</emph>Interior trim r#@#@#1#mover</ptxt>
<ptxt id="nev13719579n1-nev16600944n2">
<emph id="nev13719579n1-nev16600944n1">Tool boards:</emph>80</ptxt>
</entry>
</row>
</tbody>
</tgroup>
</table>
</toolitemtable>
<procedure id="nev13719579n1-nev13719580n18">
<stepgrp boilerplate="false" context="" id="nev13719579n1-nev16600944n31">
<title id="nev13719579n1-nev13719580n19">Removal</title>
<procstep id="nev13719579n1-nev13719580n22">
<grate id="nev13719579n1-nev13719580n24">
<graphic id="nev13719579n1-nev13719580n25">
<href>0900c8af8375ae9#@#@#9#.jpeg</href>
</graphic>
<graphtext id="nev13719579n1-nev16600952n1">
<para id="nev13719579n1-nev16600944n29">
<ptxt id="nev13719579n1-nev16600944n30">
<toolitem boilerplate="true" id="nev13719579n1-nev13719580n29" imageid="0900c8af80054364"/>
</ptxt>
</para>
</graphtext>
</grate>
</procstep>
</stepgrp>
<stepgrp boilerplate="false" context="" id="nev13719579n1-nev16600944n28">
<title id="nev13719579n1-nev13719580n30">Installation</title>
<procstep id="nev13719579n1-nev16600214n24">
<para id="nev13719579n1-nev16600944n26">
<ptxt id="nev13719579n1-nev16600944n27">To install, rev#@#@#22#dure.</ptxt>
</para>
</procstep>
</stepgrp>
</procedure>
</servinfosub>