<?xml version="1.0" encoding="UTF-8"?><servinfosub IE-ID="en-US0900c8af804aa000" docno="VCC-097608" id="KC01454406" xml:lang="en-US">
<title>
<phrase category="" id="KC06923691" phrase-urn="urn:x-nevis:phrase:0800c8af819ffa66">Signal too high</phrase>
</title>
<diagnostic j2008use="1" paperuse="1" screenuse="1" type="test">
<testgrp IE-ID="en-US0900c8af804aa000_KC01454407" id="KC01454407" j2008use="1" paperuse="1" resumable="1" screenuse="1" testgrp-id="node1" x="120" y="80">
<title>
<phrase category="" id="KC06923692" phrase-urn="urn:x-nevis:phrase:0800c8af819ffa6b">Diagnostic trou#@#@#55# high</phrase>
</title>
<node>
<test1>
<note>
<ptxt>
<phrase category="" id="KC06923693" phrase-urn="urn:x-nevis:phrase:0800c8af819ffa6c">When reading of#@#@#121#sted.</phrase>
</ptxt>
</note>
<diaglist/>
<test2>
<ptxt>
<phrase category="" id="KC06923694" phrase-urn="urn:x-nevis:phrase:0800c8af819ffa6d">Read off the di#@#@#94#DTC).</phrase>
</ptxt>
<diaglist>
<dgraphic>
<dgraphic2>
<graphic id="KC06923695">
<href>0900c8af86c8681#@#@#9#.jpeg</href>
</graphic>
<smarttool active="press" id="KC06923696" toolname="XECMAE55"/>
</dgraphic2>
</dgraphic>
<ditem>
<ditemtext>
<ptxt>
<phrase category="" id="KC06923697" phrase-urn="urn:x-nevis:phrase:0800c8af819ffa6e"/>
</ptxt>
</ditemtext>
</ditem>
</diaglist>
</test2>
</test1>
<question>Was the status #@#@#51#nent?</question>
<resact-grp>
<result button="yes" comp="button" highlight="0"/>
<action j2008use="1" paperuse="1" screenuse="1">
<ptxt>
<xref>
<ref id="KC06923698"/>
</xref>
</ptxt>
</action>
</resact-grp>
<resact-grp>
<result button="no" comp="button" highlight="0"/>
<action j2008use="1" paperuse="1" screenuse="1">
<ptxt>
<xref>
<ref id="KC06923699"/>
</xref>
</ptxt>
</action>
</resact-grp>
</node>
</testgrp>
<testgrp id="KC01454408" j2008use="1" paperuse="1" resumable="1" screenuse="1" testgrp-id="node2" x="120" y="400">
<title>
<phrase category="" id="KC06923700" phrase-urn="urn:x-nevis:phrase:0800c8af819ffa6f">Checking the wi#@#@#13#onent</phrase>
</title>
<node>
<test1>
<test2>
<para>
<ptxt>
<phrase category="" id="KC06923701" phrase-urn="urn:x-nevis:phrase:0800c8af819ffa71">Check the knock#@#@#59#. See<xref>
<ref id="KC06923702"/>
</xref>. </phrase>
</ptxt>
</para>
<para>
<ptxt>
<phrase category="" id="KC06923703" phrase-urn="urn:x-nevis:phrase:0800c8af819ffa72">Check the cable#@#@#98# See <xref>
<ref id="KC06923704"/>
</xref>. Check for a s#@#@#31# See <xref>
<ref id="KC06923705"/>
</xref>.</phrase>
</ptxt>
</para>
<para>
<ptxt>
<phrase category="" id="KC06923706" phrase-urn="urn:x-nevis:phrase:0800c8af819ffa74">Check the cable#@#@#98# See <xref>
<ref id="KC06923707"/>
</xref>. Check for a s#@#@#31# See <xref>
<ref id="KC06923708"/>
</xref>.</phrase>
</ptxt>
</para>
<ptxt>
<phrase category="" id="KC06923709" phrase-urn="urn:x-nevis:phrase:0800c8af819ffa75">Remedy as necessary.</phrase>
</ptxt>
<list1 enumtype="d" type="unordered">
<title>
<phrase category="" id="KC06923710" phrase-urn="urn:x-nevis:phrase:0800c8af819ffa76">Other information</phrase>
</title>
<item>
<ptxt>
<phrase category="" id="KC06923711" phrase-urn="urn:x-nevis:phrase:0800c8af819ffa77">To localize the#@#@#18#, see<xref>
<ref id="KC06923712"/>
</xref>
</phrase>
</ptxt>
</item>
<item>
<ptxt>
<phrase category="" id="KC06923713" phrase-urn="urn:x-nevis:phrase:0800c8af819ffa78">To connect the #@#@#13# see <xref>
<ref id="KC06923714"/>
</xref>
</phrase>
</ptxt>
</item>
<item>
<ptxt>
<phrase category="" id="KC06923715" phrase-urn="urn:x-nevis:phrase:0800c8af819ffa79">For information#@#@#15# see <xref>
<ref id="KC06923716"/>
</xref>. </phrase>
</ptxt>
</item>
</list1>
<diaglist>
<dgraphic>
<dgraphic1>
<graphic id="KC06923717">
<href>0900c8af80058a0#@#@#9#.jpeg</href>
</graphic>
</dgraphic1>
<dgraphic2>
<graphic id="KC06923718">
<href>0900c8af80054d4#@#@#9#.jpeg</href>
</graphic>
<smarttool active="auto" id="KC06923719" toolname="ODA"/>
</dgraphic2>
</dgraphic>
<ditem>
<ditemtext>
<ptxt>
<phrase category="" id="KC06923720" phrase-urn="urn:x-nevis:phrase:0800c8af819ffa7a"/>
</ptxt>
</ditemtext>
</ditem>
</diaglist>
</test2>
</test1>
<question>Was a fault fou#@#@#26#tor? </question>
<resact-grp>
<result button="yes" comp="button" highlight="0"/>
<action j2008use="1" paperuse="1" screenuse="1">
<ptxt>
<xref>
<ref id="KC06923721"/>
</xref>
</ptxt>
</action>
</resact-grp>
<resact-grp>
<result button="no" comp="button" highlight="0"/>
<action j2008use="1" paperuse="1" screenuse="1">
<ptxt>
<xref>
<ref id="KC06923722"/>
</xref>
</ptxt>
</action>
</resact-grp>
</node>
</testgrp>
<testgrp id="KC01454409" j2008use="1" paperuse="1" resumable="1" screenuse="1" testgrp-id="node3">
<title>
<phrase category="" id="KC06923723" phrase-urn="urn:x-nevis:phrase:0800c8af819ffa7b">Replacing the c#@#@#3#onent</phrase>
</title>
<node>
<test1>
<test2>
<ptxt>
<phrase category="" id="KC06923724" phrase-urn="urn:x-nevis:phrase:0800c8af819ffa7d">Try a new knock#@#@#47#, see<xref>
<ref id="KC06923725"/>
</xref>
</phrase>
</ptxt>
<diaglist/>
</test2>
</test1>
<question>Select Continue.</question>
<resact-grp>
<result button="cont" comp="button" highlight="0"/>
<action j2008use="1" paperuse="1" screenuse="1">
<ptxt>
<xref>
<ref id="KC06923726"/>
</xref>
</ptxt>
</action>
</resact-grp>
</node>
</testgrp>
<testgrp id="KC01454410" j2008use="1" paperuse="1" resumable="1" screenuse="1" testgrp-id="intnode" x="320" y="200">
<title>
<phrase category="" id="KC06923727" phrase-urn="urn:x-nevis:phrase:0800c8af819ffa7f">Fault-tracing i#@#@#5#ation</phrase>
</title>
<node>
<test1>
<test2>
<para>
<ptxt>
<phrase category="" id="KC06923728" phrase-urn="urn:x-nevis:phrase:0800c8af819ffa80">The control mod#@#@#69#sent.</phrase>
</ptxt>
</para>
</test2>
</test1>
<question>Select Continue.</question>
<resact-grp>
<result button="cont" comp="button" highlight="0"/>
<action j2008use="1" paperuse="1" screenuse="1">
<ptxt>
<xref>
<ref id="KC06923729"/>
</xref>
</ptxt>
</action>
</resact-grp>
</node>
</testgrp>
<testgrp id="KC01454411" j2008use="1" paperuse="1" resumable="1" screenuse="1" testgrp-id="info2" x="520" y="160">
<title>
<phrase category="" id="KC06923730" phrase-urn="urn:x-nevis:phrase:0800c8af819ffa81">Fault-tracing i#@#@#5#ation</phrase>
</title>
<subcalloutnode>
<diagcallout>
<xref>
<ref id="KC06923731"/>
</xref>
</diagcallout>
<rescall-grp>
<result comp="string" highlight="0" op="eq" return="NEW TRY"/>
<calloutaction>
<ptxt>
<xref>
<ref id="KC06923732"/>
</xref>
</ptxt>
</calloutaction>
</rescall-grp>
<rescall-grp>
<result comp="string" highlight="0" op="eq" return="FAULT FOUND"/>
<calloutaction>
<return value="DONE"/>
</calloutaction>
</rescall-grp>
<rescall-grp>
<result comp="string" highlight="0" op="eq" return="DONE"/>
<calloutaction>
<return value="DONE"/>
</calloutaction>
</rescall-grp>
</subcalloutnode>
</testgrp>
<testgrp id="KC01454412" j2008use="1" paperuse="1" resumable="1" screenuse="1" testgrp-id="ecm-veri" x="320" y="80">
<title>
<phrase category="" id="KC06923733" phrase-urn="urn:x-nevis:phrase:0800c8af819ffa82">Verification</phrase>
</title>
<subcalloutnode>
<diagcallout>
<xref>
<ref id="KC06923734"/>
</xref>
</diagcallout>
<rescall-grp>
<result comp="string" highlight="0" op="eq" return="VERIFICATION FAILED"/>
<calloutaction>
<return value="VERIFICATION FAILED"/>
</calloutaction>
</rescall-grp>
<rescall-grp>
<result comp="string" highlight="0" op="eq" return="VERIFIED"/>
<calloutaction>
<return value="FAULT FOUND"/>
</calloutaction>
</rescall-grp>
</subcalloutnode>
</testgrp>
<testgrp id="KC01454413" j2008use="1" paperuse="1" resumable="1" screenuse="1" testgrp-id="info1" x="520" y="80">
<title>
<phrase category="" id="KC06923735" phrase-urn="urn:x-nevis:phrase:0800c8af819ffa83">Fault-tracing i#@#@#5#ation</phrase>
</title>
<subcalloutnode>
<diagcallout>
<xref>
<ref id="KC06923736"/>
</xref>
</diagcallout>
<rescall-grp>
<result comp="string" highlight="0" op="eq" return="FAULTTRACING FAILED"/>
<calloutaction>
<return value="FAULTTRACING FAILED"/>
</calloutaction>
</rescall-grp>
<rescall-grp>
<result comp="string" highlight="0" op="eq" return="NEW TRY"/>
<calloutaction>
<ptxt>
<xref>
<ref id="KC06923737"/>
</xref>
</ptxt>
</calloutaction>
</rescall-grp>
</subcalloutnode>
</testgrp>
</diagnostic>
</servinfosub>