<?xml version="1.0" encoding="UTF-8"?><servinfosub IE-ID="en-US0900c8af87241000" docno="VCC-371191" id="nev13720043n1" original="sv-SE" servinfosubId="nev13720044n1-nev20888688n1" servinfosubRes="0900c8af87241024" servinfosubRes2="urn:x-nevis:fragment:0900c8af87241000:0900c8af87241024#nev20888688n1" xml:lang="en-US">
<operationnumbers>
<operationnumber>87004-2</operationnumber>
</operationnumbers>
<title id="nev13720042n14">Refrigerant, filling</title>
<procedure id="nev13720044n1-nev21380640n2">
<stepgrp boilerplate="false" context="" id="nev13720044n1-nev24710434n10">
<title id="nev13720044n1-0800c8af845a0fd7">Safety information</title>
<procstep id="nev13720044n1-nev24710434n9">
<caution id="nev13720044n1-nev24710434n8">
<ptxt>Make sure to ch#@#@#42#stem.</ptxt>
</caution>
</procstep>
<procstep id="nev13720044n1-nev21381905n21">
<note id="nev13720044n1-0800c8af844a432d">
<ptxt>Always follow t#@#@#54#ment.</ptxt>
</note>
</procstep>
<procstep id="nev13720044n1-nev21381905n19">
<para id="nev13720044n1-nev24710434n6">
<ptxt id="nev13720044n1-nev24710434n7">See information#@#@#13#erant<xref boilerplate="true" id="nev13720044n1-0800c8af85c1ba0c">
<ref id="nev13720044n1-nev21380641n3"/>
</xref>
</ptxt>
</para>
</procstep>
<procstep id="nev13720044n1-nev21381905n15">
<para id="nev13720044n1-nev24710434n4">
<ptxt id="nev13720044n1-nev24710434n5">See information#@#@#25#ystem<xref boilerplate="true" id="nev13720044n1-0800c8af854ca01d">
<ref id="nev13720044n1-nev21380641n9"/>
</xref>
</ptxt>
</para>
</procstep>
<procstep id="nev13720044n1-nev21381905n11">
<para id="nev13720044n1-nev24710434n2">
<ptxt id="nev13720044n1-nev24710434n3">See information#@#@#16#ystem<xref boilerplate="true" id="nev13720044n1-0800c8af854ca035">
<ref id="nev13720044n1-nev21380642n5"/>
</xref>
</ptxt>
</para>
</procstep>
</stepgrp>
<stepgrp boilerplate="false" context="" id="nev13720044n1-nev24710434n1">
<title id="nev13720044n1-0800c8af857fb115">Preparation</title>
<procstep id="nev13720044n1-nev21381905n5">
<para id="nev13720044n1-nev24710548n99">
<ptxt id="nev13720044n1-nev24710548n100">Perform vacuum-#@#@#2#mping<xref boilerplate="true" id="nev13720044n1-0800c8af8479bfcf">
<ref id="nev13720044n1-nev21381906n24"/>
</xref>
</ptxt>
</para>
</procstep>
<procstep id="nev13720044n1-nev21381906n100">
<grate id="nev13720044n1-nev24710548n97">
<graphic id="nev13720044n1-nev24710548n98">
<href>0900c8af864edd5#@#@#9#.jpeg</href>
</graphic>
<graphtext id="nev13720044n1-nev24710565n1">
<note id="nev13720044n1-0800c8af85b47f49">
<ptxt>Orientation view</ptxt>
</note>
<list1 enumtype="n" id="nev13720044n1-nev21381906n19" type="ordered">
<item id="nev13720044n1-nev24710548n96">
<ptxt id="nev13720044n1-nev24710548n95">Service valve h#@#@#7#ssure</ptxt>
</item>
<item id="nev13720044n1-nev24710548n94"/>
</list1>
</graphtext>
</grate>
</procstep>
<procstep id="nev13720044n1-nev21381906n92">
<caution id="nev13720044n1-0800c8af844a40c4">
<ptxt>Never mix diffe#@#@#52#them.</ptxt>
</caution>
</procstep>
<procstep id="nev13720044n1-nev21381906n90">
<caution id="nev13720044n1-0800c8af844a40c3">
<ptxt>Do not mix refr#@#@#43#rant.</ptxt>
</caution>
</procstep>
</stepgrp>
<stepgrp boilerplate="false" context="" id="nev13720044n1-nev24710548n93">
<title id="nev13720044n1-0800c8af844a46fc">Filling</title>
<procstep id="nev13720044n1-nev21381906n86">
<note id="nev13720044n1-0800c8af86296a80">
<ptxt>A label in the #@#@#67#stem.</ptxt>
</note>
</procstep>
<procstep id="nev13720044n1-nev21381906n84">
<note id="nev13720044n1-0800c8af86296a86">
<ptxt>If information #@#@#96#tion.</ptxt>
</note>
</procstep>
<procstep id="nev13720044n1-nev21381906n82">
<para id="nev13720044n1-nev24710548n91">
<ptxt id="nev13720044n1-nev24710548n92">See information#@#@#27#grade<xref boilerplate="true" id="nev13720044n1-0800c8af864edffe">
<ref id="nev13720044n1-nev21381906n7"/>
</xref>
</ptxt>
</para>
</procstep>
<procstep id="nev13720044n1-nev21381906n77">
<grate id="nev13720044n1-nev24710548n89">
<graphic id="nev13720044n1-nev24710548n90">
<href>0900c8af864edd5#@#@#9#.jpeg</href>
</graphic>
<graphtext id="nev13720044n1-nev24710572n1">
<para id="nev13720044n1-nev24710548n87">
<ptxt id="nev13720044n1-nev24710548n88">Only top up ref#@#@#51#alve.</ptxt>
</para>
<para id="nev13720044n1-nev24710548n85">
<ptxt id="nev13720044n1-nev24710548n86">
<equipment equipmentid="" equipmentname="Recovery unit AC" id="nev13720044n1-nev21381906n1"/>
</ptxt>
</para>
</graphtext>
</grate>
</procstep>
<procstep id="nev13720044n1-nev21381906n69">
<para id="nev13720044n1-nev24710548n83">
<ptxt id="nev13720044n1-nev24710548n84">Remove the equi#@#@#1#ment.</ptxt>
</para>
</procstep>
</stepgrp>
<stepgrp boilerplate="false" context="" id="nev13720044n1-nev24710548n82">
<title id="nev13720044n1-0800c8af844a46f9">Installation</title>
<procstep id="nev13720044n1-nev21597996n89">
<grate id="nev13720044n1-nev24710548n80">
<graphic id="nev13720044n1-nev24710548n81">
<href>0900c8af865f34c#@#@#9#.jpeg</href>
</graphic>
<graphtext id="nev13720044n1-nev24710579n1">
<list1 boilerplate="true" context="install" enumtype="n" id="nev13720044n1-nev21597996n86" type="ordered">
<item id="nev13720044n1-nev24710548n79">
<ptxt id="nev13720044n1-nev24710548n78">
<torque id="nev13720044n1-nev21597996n84">
<ref id="nev13720044n1-nev21597996n82"/>
</torque>
</ptxt>
</item>
<item id="nev13720044n1-nev24710548n77">
<ptxt id="nev13720044n1-nev24710548n76">
<torque id="nev13720044n1-nev21597996n80">
<ref id="nev13720044n1-nev21597996n78"/>
</torque>
</ptxt>
</item>
</list1>
</graphtext>
</grate>
</procstep>
</stepgrp>
<stepgrp boilerplate="false" context="" id="nev13720044n1-nev24710548n75">
<title id="nev13720044n1-0800c8af844a4706">Leak detection</title>
<procstep id="nev13720044n1-nev21381906n64">
<para id="nev13720044n1-nev24710548n73">
<ptxt id="nev13720044n1-nev24710548n74">Carry out leaka#@#@#26#agent<xref boilerplate="true" id="nev13720044n1-0800c8af84b97379">
<ref id="nev13720044n1-nev21381913n92"/>
</xref>
</ptxt>
</para>
</procstep>
</stepgrp>
</procedure>
</servinfosub>