<?xml version="1.0" encoding="UTF-8"?><servinfosub IE-ID="en-US0900c8af851dd30b" docno="VCC-421017" id="nev16054020n1" original="sv-SE" servinfosubId="nev16054021n1-nev16054020n4" servinfosubRes="0900c8af8510b8fc" servinfosubRes2="urn:x-nevis:fragment:0900c8af851dd30b:0900c8af8510b8fc#nev16054020n4" xml:lang="en-US">
<operationnumbers>
<operationnumber>39030-2</operationnumber>
</operationnumbers>
<title id="nev16054020n2">Rear Seat Enter#@#@#24#odule</title>
<procedure id="nev16054021n1-nev16143091n49">
<stepgrp boilerplate="false" context="" id="nev16054021n1-nev16181097n67">
<title id="nev16054021n1-0800c8af844a46f6">Removal</title>
<procstep id="nev16054021n1-nev16147187n93">
<note id="nev16054021n1-0800c8af844a42fa">
<ptxt>Removal steps i#@#@#45#ails.</ptxt>
</note>
</procstep>
<procstep id="nev16054021n1-nev16143087n96">
<grate id="nev16054021n1-nev16143091n46">
<graphic id="nev16054021n1-nev16143091n47">
<href>0900c8af8443f96#@#@#9#.jpeg</href>
</graphic>
</grate>
</procstep>
<procstep id="nev16054021n1-nev16143087n52">
<para id="nev16054021n1-nev16181097n65">
<ptxt id="nev16054021n1-nev16181097n66">Remove glove co#@#@#4#tment<xref boilerplate="true" id="nev16054021n1-0800c8af8450d560">
<ref id="nev16054021n1-nev16143091n43"/>
</xref>
</ptxt>
</para>
</procstep>
<procstep id="nev16054021n1-nev16143087n76">
<grate id="nev16054021n1-nev16143091n40">
<graphic id="nev16054021n1-nev16143091n41">
<href>0900c8af850e3b6#@#@#9#.jpeg</href>
</graphic>
<graphtext id="nev16054021n1-nev16183976n1">
<note id="nev16054021n1-0800c8af844a43a5">
<ptxt>Make sure that #@#@#43#aged.</ptxt>
</note>
<para id="nev16054021n1-nev16181097n63">
<ptxt id="nev16054021n1-nev16181097n64">
<torque id="nev16054021n1-nev16143091n38">
<ref id="nev16054021n1-nev16143091n36"/>
</torque>
</ptxt>
</para>
</graphtext>
</grate>
</procstep>
<procstep id="nev16054021n1-nev16143087n87">
<grate id="nev16054021n1-nev16143091n33">
<graphic id="nev16054021n1-nev16143091n34">
<href>0900c8af850e3b7#@#@#9#.jpeg</href>
</graphic>
<graphtext id="nev16054021n1-nev16183983n1">
<note id="nev16054021n1-0800c8af844a43a5">
<ptxt>Make sure that #@#@#43#aged.</ptxt>
</note>
</graphtext>
</grate>
</procstep>
</stepgrp>
<stepgrp boilerplate="false" context="" id="nev16054021n1-nev16181097n62">
<title id="nev16054021n1-0800c8af844a46f9">Installation</title>
<procstep id="nev16054021n1-nev16143090n32">
<para id="nev16054021n1-nev16181097n60">
<ptxt id="nev16054021n1-nev16181097n61">To install, rev#@#@#22#dure.</ptxt>
</para>
</procstep>
<procstep id="nev16054021n1-nev16143091n50">
<para id="nev16054021n1-nev16181097n57">
<ptxt id="nev16054021n1-nev16181097n58">Order and downl#@#@#21#g to:<swfunction action="order" id="nev16054021n1-nev16181097n59"/>
</ptxt>
</para>
</procstep>
</stepgrp>
</procedure>
</servinfosub>