<?xml version="1.0" encoding="UTF-8"?><servinfosub IE-ID="en-US0900c8af83855d01" docno="VCC-258220" id="nev10837089n1" xml:lang="en-US">
<title>
<phrase category="Title" id="nev10837129n1" phrase-urn="urn:x-nevis:phrase:0800c8af82a68c3f">Adaptation of d#@#@#38#ilter</phrase>
</title>
<diagnostic j2008use="1" layout="0" paperuse="1" screenuse="1" type="test">
<testgrp IE-ID="en-US0900c8af83855d01_nev10837089n3" id="nev10837089n3" j2008use="1" paperuse="1" resumable="1" screenuse="1" testgrp-id="classification" x="100" y="40">
<title>
<phrase category="Title" id="nev10837721n1" phrase-urn="urn:x-nevis:phrase:0800c8af82a68c3f">Adaptation of d#@#@#38#ilter</phrase>
</title>
<node>
<test1>
<test2>
<caution>
<ptxt>
<phrase category="Faulttracing" id="nev10840375n1" phrase-urn="urn:x-nevis:phrase:0800c8af827fcde5">After replacing#@#@#126#rmed.</phrase>
</ptxt>
</caution>
<para>
<ptxt>
<phrase category="" id="nev10837089n6" phrase-urn="urn:x-nevis:phrase:0800c8af82725899">This function i#@#@#61#ECM).</phrase>
</ptxt>
</para>
<list1 enumtype="n">
<title>
<phrase category="Title" id="nev10837727n1" phrase-urn="urn:x-nevis:phrase:0800c8af82a68c3f">Adaptation of d#@#@#38#ilter</phrase>
</title>
<item>
<ptxt>
<phrase category="" id="nev10837089n8" phrase-urn="urn:x-nevis:phrase:0800c8af8272589c">Ignition on</phrase>
</ptxt>
</item>
<item>
<ptxt>
<phrase category="" id="nev10837089n9" phrase-urn="urn:x-nevis:phrase:0800c8af8272589d">Click on the VC#@#@#7#ymbol</phrase>
</ptxt>
</item>
</list1>
<diaglist>
<dgraphic>
<dgraphic2>
<graphic id="nev10837089n10">
<href>0900c8af86c8681#@#@#9#.jpeg</href>
</graphic>
<smarttool active="press" id="nev10837090n1"/>
</dgraphic2>
</dgraphic>
</diaglist>
<grate>
<graphic id="l1108730753967">
<href>0900c8af817a76f#@#@#9#.jpeg</href>
</graphic>
</grate>
</test2>
</test1>
<question>
Select Continue.
</question>
<resact-grp id="nev10837090n4">
<result button="cont" comp="button" highlight="0" id="nev10837090n5"/>
<action id="nev10837090n6" j2008use="1" paperuse="0" screenuse="1">
<return id="nev10837090n7" value="DONE"/>
</action>
</resact-grp>
</node>
</testgrp>
</diagnostic>
</servinfosub>