<?xml version="1.0" encoding="UTF-8"?><servinfosub IE-ID="en-US0900c8af8548dd01" docno="VCC-370867" id="nev13716754n1" original="sv-SE" servinfosubId="nev13716755n1-nev17112802n1" servinfosubRes="0900c8af8548dd5b" servinfosubRes2="urn:x-nevis:fragment:0900c8af8548dd01:0900c8af8548dd5b#nev17112802n1" xml:lang="en-US">
<title id="nev13716751n79">Roof section, e#@#@#2#osing</title>
<procedure id="nev13716755n1-nev17112977n42">
<stepgrp boilerplate="false" context="" id="nev13716755n1-nev17112801n23">
<title id="nev13716755n1-nev17112977n41">Removal</title>
<procstep id="nev13716755n1-nev17112801n18">
<list1 boilerplate="true" context="remove" enumtype="b" id="nev13716755n1-nev17112977n40" type="unordered">
<item id="nev13716755n1-nev17112977n39">
<ptxt id="nev13716755n1-nev17112977n37">tailgate<xref boilerplate="true" id="nev13716755n1-nev17112977n38">
<ref id="nev13716755n1-nev17112977n36"/>
</xref>
</ptxt>
</item>
<item id="nev13716755n1-nev17112977n35">
<ptxt id="nev13716755n1-nev17112977n33">Liftgate Hinge<xref boilerplate="true" id="nev13716755n1-nev17112977n34">
<ref id="nev13716755n1-nev17112977n32"/>
</xref>
</ptxt>
</item>
<item id="nev13716755n1-nev17112977n31">
<ptxt id="nev13716755n1-nev17112977n29">headlining<xref boilerplate="true" id="nev13716755n1-nev17112977n30">
<ref id="nev13716755n1-nev17112977n28"/>
</xref>
</ptxt>
</item>
<item id="nev13716755n1-nev17112977n27">
<ptxt id="nev13716755n1-nev17112977n25">A-pillar trim panel<xref boilerplate="true" id="nev13716755n1-nev17112977n26">
<ref id="nev13716755n1-nev17112977n24"/>
</xref>
</ptxt>
</item>
<item id="nev13716755n1-nev17112977n23">
<ptxt id="nev13716755n1-nev17112977n21">B-pillar trim panel<xref boilerplate="true" id="nev13716755n1-nev17112977n22">
<ref id="nev13716755n1-nev17112977n20"/>
</xref>
</ptxt>
</item>
<item id="nev13716755n1-nev17112977n19">
<ptxt id="nev13716755n1-nev17112977n17">C-pillar trim panel<xref boilerplate="true" id="nev13716755n1-nev17112977n18">
<ref id="nev13716755n1-nev17112977n16"/>
</xref>
</ptxt>
</item>
<item id="nev13716755n1-nev17112977n15">
<ptxt id="nev13716755n1-nev17112977n13">Panel, D-pillar<xref boilerplate="true" id="nev13716755n1-nev17112977n14">
<ref id="nev13716755n1-nev17112977n12"/>
</xref>
</ptxt>
</item>
<item id="nev13716755n1-nev17112977n11">
<ptxt id="nev13716755n1-nev17112977n9">Inflatable curtain<xref boilerplate="true" id="nev13716755n1-nev17112977n10">
<ref id="nev13716755n1-nev17112977n8"/>
</xref>
</ptxt>
</item>
<item id="nev13716755n1-nev17112977n7">
<ptxt id="nev13716755n1-nev17112977n5">Front safety be#@#@#7#actor<xref boilerplate="true" id="nev13716755n1-nev17112977n6">
<ref id="nev13716755n1-nev17112977n4"/>
</xref>
</ptxt>
</item>
<item id="nev13716755n1-nev17112977n3">
<ptxt id="nev13716755n1-nev17112977n1">Seat belt retra#@#@#5# rear<xref boilerplate="true" id="nev13716755n1-nev17112977n2">
<ref id="nev13716755n1-nev17112978n100"/>
</xref>
</ptxt>
</item>
<item id="nev13716755n1-nev17112978n99">
<ptxt id="nev13716755n1-nev17112978n97">roof hatch<xref boilerplate="true" id="nev13716755n1-nev17112978n98">
<ref id="nev13716755n1-nev17112978n96"/>
</xref>
</ptxt>
</item>
<item id="nev13716755n1-nev17112978n95">
<ptxt id="nev13716755n1-nev17112978n93">Load carriers<xref boilerplate="true" id="nev13716755n1-nev17112978n94">
<ref id="nev13716755n1-nev17112978n92"/>
</xref>
</ptxt>
</item>
<item id="nev13716755n1-nev17112978n91">
<ptxt id="nev13716755n1-nev17112978n89">motor, power op#@#@#10#lgate<xref boilerplate="true" id="nev13716755n1-nev17112978n90">
<ref id="nev13716755n1-nev17112978n88"/>
</xref>
</ptxt>
</item>
</list1>
</procstep>
</stepgrp>
<stepgrp boilerplate="false" context="" id="nev13716755n1-nev17112975n14">
<title id="nev13716755n1-nev17112978n87">Installation</title>
<procstep id="nev13716755n1-nev17112976n1">
<para id="nev13716755n1-nev17112978n85">
<ptxt id="nev13716755n1-nev17112978n86">To install, rev#@#@#22#dure.</ptxt>
</para>
</procstep>
</stepgrp>
</procedure>
</servinfosub>