<?xml version="1.0" encoding="UTF-8"?><servinfosub IE-ID="en-US0900c8af80675d01" docno="VCC-025168" id="KC02024214" xml:lang="en-US">
<title>
<phrase category="" id="KC08324277" phrase-urn="urn:x-nevis:phrase:0800c8af81dbba57">Diagnostic trou#@#@#27#1-4-1</phrase>
</title>
<diagnostic id="KC02024215" type="condition">
<condgrp>
<condition type="condition">
<grate>
<graphic id="KC08324278" width="column">
<href>0900c8af8012d88#@#@#10#.jpeg</href>
</graphic>
<graphtext>
<list1>
<item>
<ptxt>
<phrase category="" id="KC08324279" phrase-urn="urn:x-nevis:phrase:0800c8af81dbba58">1 Oil temperatu#@#@#4#ensor</phrase>
</ptxt>
</item>
<item>
<ptxt>
<phrase category="" id="KC08324280" phrase-urn="urn:x-nevis:phrase:0800c8af81dbba59">2 Control modul#@#@#16#0-40)</phrase>
</ptxt>
</item>
<item>
<ptxt>
<phrase category="" id="KC08324281" phrase-urn="urn:x-nevis:phrase:0800c8af81dbba5a">3 Automatic tra#@#@#4#ssion</phrase>
</ptxt>
</item>
</list1>
<ptxt>
<phrase category="" id="KC08324282" phrase-urn="urn:x-nevis:phrase:0800c8af81dbba5b">      The oil t#@#@#509# set.</phrase>
</ptxt>
</graphtext>
</grate>
</condition>
</condgrp>
<condgrp>
<condition type="substitution">
<ptxt>
<phrase category="" id="KC08324283" phrase-urn="urn:x-nevis:phrase:0800c8af81dbba5c">      No substi#@#@#10#ues. </phrase>
</ptxt>
</condition>
<ps>
<list1 enumtype="d" type="unordered">
<item>
<ptxt>
<phrase category="" id="KC08324284" phrase-urn="urn:x-nevis:phrase:0800c8af81dbba5d">      Short-cir#@#@#27#ble. </phrase>
</ptxt>
</item>
<item>
<ptxt>
<phrase category="" id="KC08324285" phrase-urn="urn:x-nevis:phrase:0800c8af81dbba5e">      Defective#@#@#19#nsor.</phrase>
</ptxt>
</item>
</list1>
</ps>
</condgrp>
<condgrp>
<condition type="symptom">
<list1 enumtype="d" type="unordered">
<item>
<ptxt>
<phrase category="" id="KC08324286" phrase-urn="urn:x-nevis:phrase:0800c8af81dbba5f">      There may#@#@#38#tion.</phrase>
</ptxt>
</item>
</list1>
</condition>
</condgrp>
</diagnostic>
</servinfosub>