<?xml version="1.0" encoding="UTF-8"?><servinfosub IE-ID="en-US0900c8af839cf711" docno="VCC-154417" id="KC02724065" xml:lang="en-US">
<title>
<phrase category="" id="KC09487559" phrase-urn="urn:x-nevis:phrase:0800c8af8270eff1">Incorrect measu#@#@#7#range</phrase>
</title>
<diagnostic j2008use="1" layout="0" paperuse="1" screenuse="1" type="test">
<testgrp IE-ID="en-US0900c8af839cf711_KC02786879" id="KC02786879" j2008use="1" paperuse="1" resumable="1" screenuse="1" testgrp-id="s1" x="120" y="200">
<title>
<phrase category="" id="KC09487560" phrase-urn="urn:x-nevis:phrase:0800c8af8270eff2">Replacing the c#@#@#3#onent</phrase>
</title>
<node>
<test1>
<diaglist>
<dgraphic>
<dgraphic1>
<graphic id="KC09487561">
<href>0900c8af80054d4#@#@#9#.jpeg</href>
</graphic>
</dgraphic1>
</dgraphic>
<ditem>
<ptxt>
<phrase category="" id="KC09487562" phrase-urn="urn:x-nevis:phrase:0800c8af8270eff3">Switch off the #@#@#21#onds.</phrase>
</ptxt>
</ditem>
</diaglist>
<test2>
<para>
<ptxt>
<phrase category="" id="KC09487563" phrase-urn="urn:x-nevis:phrase:0800c8af8270eff4"> Replace the re#@#@#28#nsor.</phrase>
</ptxt>
</para>
<list1 enumtype="d" type="unordered">
<title>
<phrase category="" id="KC09487564" phrase-urn="urn:x-nevis:phrase:0800c8af8270eff5">Other information</phrase>
</title>
<item>
<ptxt>
<xref id="nev12312545n100">
<ref id="l1116416352769"/>
</xref>
</ptxt>
</item>
</list1>
</test2>
</test1>
<question>
Select "Contin#@#@#34#ed. 
</question>
<resact-grp>
<result button="cont" comp="button" highlight="0"/>
<action j2008use="1" paperuse="1" screenuse="1">
<ptxt>
<xref>
<ref id="KC09487568"/>
</xref>
</ptxt>
</action>
</resact-grp>
</node>
</testgrp>
<testgrp id="KC02786880" j2008use="1" paperuse="1" resumable="1" screenuse="1" testgrp-id="veri" x="120" y="280">
<title>
<phrase category="" id="KC09487569" phrase-urn="urn:x-nevis:phrase:0800c8af8270eff9">Verification</phrase>
</title>
<subcalloutnode>
<diagcallout>
<xref>
<ref id="KC09487570"/>
</xref>
</diagcallout>
<rescall-grp>
<result comp="string" highlight="0" op="eq" return="VERIFIED"/>
<calloutaction>
<return value="FAULT FOUND"/>
</calloutaction>
</rescall-grp>
<rescall-grp>
<result comp="string" highlight="0" op="eq" return="VERIFICATION FAILED"/>
<calloutaction>
<ptxt>
<xref>
<ref id="KC09487571"/>
</xref>
</ptxt>
</calloutaction>
</rescall-grp>
</subcalloutnode>
</testgrp>
<testgrp id="KC02786881" j2008use="1" paperuse="1" resumable="1" screenuse="1" testgrp-id="info1" x="120" y="460">
<title>
<phrase category="" id="KC09487572" phrase-urn="urn:x-nevis:phrase:0800c8af8270effa">Fault-tracing i#@#@#5#ation</phrase>
</title>
<subcalloutnode>
<diagcallout>
<xref>
<ref id="KC09487573"/>
</xref>
</diagcallout>
<rescall-grp>
<result comp="string" highlight="0" op="eq" return="FAULTTRACING FAILED"/>
<calloutaction>
<return value="FAULT NOT FOUND"/>
</calloutaction>
</rescall-grp>
<rescall-grp>
<result comp="string" highlight="0" op="eq" return="NEW TRY"/>
<calloutaction>
<ptxt>
<xref>
<ref id="KC09487574"/>
</xref>
</ptxt>
</calloutaction>
</rescall-grp>
</subcalloutnode>
</testgrp>
</diagnostic>
</servinfosub>