<?xml version="1.0" encoding="UTF-8"?><servinfosub IE-ID="en-US0900c8af83328711" docno="VCC-257144" id="nev10805279n1" servinfosubId="nev20687920n1-nev20687920n2" servinfosubRes="0900c8af862c3565" servinfosubRes2="urn:x-nevis:fragment:0900c8af83328711:0900c8af862c3565#nev20687920n2" xml:lang="en-US">
<title id="nev10840987n1">Function</title>
<topic id="nev20687920n1-nev10840987n119">
<title id="nev20687920n1-nev10840987n121">Shift cables</title>
<grate id="nev20687920n1-nev11284328n53" pgwide="1">
<graphic id="nev20687920n1-nev11284328n54">
<href>0900c8af8332847#@#@#11#.jpeg</href>
</graphic>
</grate>
<list1 id="nev20687920n1-nev10840987n129">
<title id="nev20687920n1-nev11284328n205">Shift cable:</title>
<item id="nev20687920n1-nev10840987n133">
<ptxt id="nev20687920n1-nev10840987n135">pulled when 1st#@#@#27#ected</ptxt>
</item>
<item id="nev20687920n1-nev10840987n137">
<ptxt id="nev20687920n1-nev10840987n139">pushed when 2nd#@#@#27#aged.</ptxt>
</item>
</list1>
<list1 id="nev20687920n1-nev10840987n141">
<title id="nev20687920n1-nev10840987n143">Mechanical tran#@#@#29#avel:</title>
<item id="nev20687920n1-nev10840987n145">
<ptxt id="nev20687920n1-nev11284831n54">pulled when the#@#@#66#gears</ptxt>
</item>
<item id="nev20687920n1-nev10840987n149">
<ptxt id="nev20687920n1-nev10840987n151">pushed when the#@#@#142#ear. </ptxt>
</item>
</list1>
<para id="nev20687920n1-nev10840987n153">
<ptxt id="nev20687920n1-nev10840987n155">There is a retu#@#@#94#ing. </ptxt>
</para>
<para id="nev20687920n1-nev10840987n157">
<ptxt id="nev20687920n1-nev10840987n159">The mechanical #@#@#383#ion. </ptxt>
</para>
</topic>
<topic id="nev20687920n1-nev10840987n161">
<title id="nev20687920n1-nev10840987n163">Power flow</title>
<grate id="nev20687920n1-nev10840987n165" pgwide="1">
<title id="nev20687920n1-nev10840987n167">1st gear</title>
<graphic id="nev20687920n1-nev10805279n7">
<href>0900c8af807313e#@#@#9#.jpeg</href>
</graphic>
</grate>
<table id="nev20687920n1-nev10840987n173" pgwide="1">
<tgroup cols="2" id="nev20687920n1-nev10840987n175">
<colspec colname="col1" colwidth="20*" id="nev20687920n1-nev10840987n177"/>
<colspec colname="col2" colwidth="80*" id="nev20687920n1-nev10840987n178"/>
<tbody id="nev20687920n1-nev10840987n179">
<row id="nev20687920n1-nev10840987n181">
<entry colname="col1" id="nev20687920n1-nev10840987n183">
<ptxt id="nev20687920n1-nev10840987n185">A</ptxt>
</entry>
<entry colname="col2" id="nev20687920n1-nev10840987n187">
<ptxt id="nev20687920n1-nev10840987n189">Input shaft</ptxt>
</entry>
</row>
<row id="nev20687920n1-nev10840987n191">
<entry colname="col1" id="nev20687920n1-nev10840987n193">
<ptxt id="nev20687920n1-nev10840987n195">B</ptxt>
</entry>
<entry colname="col2" id="nev20687920n1-nev10840987n197">
<ptxt id="nev20687920n1-nev10840987n199">Intermediate sh#@#@#7#, 5-6</ptxt>
</entry>
</row>
<row id="nev20687920n1-nev10840987n201">
<entry colname="col1" id="nev20687920n1-nev10840987n203">
<ptxt id="nev20687920n1-nev10840987n205">4</ptxt>
</entry>
<entry colname="col2" id="nev20687920n1-nev10840987n207">
<ptxt id="nev20687920n1-nev10840987n209">Ring gear</ptxt>
</entry>
</row>
<row id="nev20687920n1-nev10840987n211">
<entry colname="col1" id="nev20687920n1-nev10840987n213">
<ptxt id="nev20687920n1-nev10840987n215">15</ptxt>
</entry>
<entry colname="col2" id="nev20687920n1-nev10840987n217">
<ptxt id="nev20687920n1-nev10840987n219">1st gear gear wheel</ptxt>
</entry>
</row>
<row id="nev20687920n1-nev10840987n221">
<entry colname="col1" id="nev20687920n1-nev10840987n223">
<ptxt id="nev20687920n1-nev10840987n225">19</ptxt>
</entry>
<entry colname="col2" id="nev20687920n1-nev10840987n227">
<ptxt id="nev20687920n1-nev10840987n229">1st-2nd gear co#@#@#8#leeve</ptxt>
</entry>
</row>
<row id="nev20687920n1-nev10840987n231">
<entry colname="col1" id="nev20687920n1-nev10840987n233">
<ptxt id="nev20687920n1-nev10840987n235">20</ptxt>
</entry>
<entry colname="col2" id="nev20687920n1-nev10840987n237">
<ptxt id="nev20687920n1-nev10840987n239">Final drive 1-2, 5-6</ptxt>
</entry>
</row>
<row id="nev20687920n1-nev10840987n241">
<entry colname="col1" id="nev20687920n1-nev10840987n243">
<ptxt id="nev20687920n1-nev10840987n245">21</ptxt>
</entry>
<entry colname="col2" id="nev20687920n1-nev10840987n247">
<ptxt id="nev20687920n1-nev10840987n249">1st gear idler wheel</ptxt>
</entry>
</row>
</tbody>
</tgroup>
</table>
<para id="nev20687920n1-nev10840988n1">
<ptxt id="nev20687920n1-nev10840988n3"> When 1st gear #@#@#255# 5-6.</ptxt>
</para>
<para id="nev20687920n1-nev10840988n5">
<ptxt id="nev20687920n1-nev11284831n157">Engine torque i#@#@#345#tial.</ptxt>
</para>
<grate id="nev20687920n1-nev10840988n9" pgwide="1">
<title id="nev20687920n1-nev10840988n11">2nd gear</title>
<graphic id="nev20687920n1-nev10805279n8">
<href>0900c8af8044581#@#@#9#.jpeg</href>
</graphic>
</grate>
<table id="nev20687920n1-nev10840988n17" pgwide="1">
<tgroup cols="2" id="nev20687920n1-nev10840988n19">
<colspec colname="col1" colwidth="20*" id="nev20687920n1-nev10840988n21"/>
<colspec colname="col2" colwidth="80*" id="nev20687920n1-nev10840988n22"/>
<tbody id="nev20687920n1-nev10840988n23">
<row id="nev20687920n1-nev10840988n25">
<entry colname="col1" id="nev20687920n1-nev10840988n27">
<ptxt id="nev20687920n1-nev10840988n29">A</ptxt>
</entry>
<entry colname="col2" id="nev20687920n1-nev10840988n31">
<ptxt id="nev20687920n1-nev10840988n33">Input shaft</ptxt>
</entry>
</row>
<row id="nev20687920n1-nev10840988n35">
<entry colname="col1" id="nev20687920n1-nev10840988n37">
<ptxt id="nev20687920n1-nev10840988n39">B</ptxt>
</entry>
<entry colname="col2" id="nev20687920n1-nev10840988n41">
<ptxt id="nev20687920n1-nev10840988n43">Intermediate sh#@#@#7#, 5-6</ptxt>
</entry>
</row>
<row id="nev20687920n1-nev10840988n45">
<entry colname="col1" id="nev20687920n1-nev10840988n47">
<ptxt id="nev20687920n1-nev10840988n49">4</ptxt>
</entry>
<entry colname="col2" id="nev20687920n1-nev10840988n51">
<ptxt id="nev20687920n1-nev10840988n53">Ring gear</ptxt>
</entry>
</row>
<row id="nev20687920n1-nev10840988n55">
<entry colname="col1" id="nev20687920n1-nev10840988n57">
<ptxt id="nev20687920n1-nev10840988n59">5</ptxt>
</entry>
<entry colname="col2" id="nev20687920n1-nev10840988n61">
<ptxt id="nev20687920n1-nev10840988n63">2nd gear idler wheel</ptxt>
</entry>
</row>
<row id="nev20687920n1-nev10840988n65">
<entry colname="col1" id="nev20687920n1-nev10840988n67">
<ptxt id="nev20687920n1-nev10840988n69">14</ptxt>
</entry>
<entry colname="col2" id="nev20687920n1-nev10840988n71">
<ptxt id="nev20687920n1-nev10840988n73">2nd gear gear wheel</ptxt>
</entry>
</row>
<row id="nev20687920n1-nev10840988n75">
<entry colname="col1" id="nev20687920n1-nev10840988n77">
<ptxt id="nev20687920n1-nev10840988n79">19</ptxt>
</entry>
<entry colname="col2" id="nev20687920n1-nev10840988n81">
<ptxt id="nev20687920n1-nev10840988n83">1st-2nd gear co#@#@#8#leeve</ptxt>
</entry>
</row>
<row id="nev20687920n1-nev10840988n85">
<entry colname="col1" id="nev20687920n1-nev10840988n87">
<ptxt id="nev20687920n1-nev10840988n89">20</ptxt>
</entry>
<entry colname="col2" id="nev20687920n1-nev10840988n91">
<ptxt id="nev20687920n1-nev10840988n93">Final drive 1-2, 5-6</ptxt>
</entry>
</row>
</tbody>
</tgroup>
</table>
<para id="nev20687920n1-nev10840988n95">
<ptxt id="nev20687920n1-nev11284838n10">When 2nd gear i#@#@#254# 5-6.</ptxt>
</para>
<para id="nev20687920n1-nev10840988n99">
<ptxt id="nev20687920n1-nev11284838n109">Engine torque i#@#@#345#tial.</ptxt>
</para>
<grate id="nev20687920n1-nev10840988n103" pgwide="1">
<title id="nev20687920n1-nev10840988n105">3rd gear</title>
<graphic id="nev20687920n1-nev10805279n9">
<href>0900c8af8044581#@#@#9#.jpeg</href>
</graphic>
</grate>
<table id="nev20687920n1-nev10840988n111" pgwide="1">
<tgroup cols="2" id="nev20687920n1-nev10840988n113">
<colspec colname="col1" colwidth="20*" id="nev20687920n1-nev10840988n115"/>
<colspec colname="col2" colwidth="80*" id="nev20687920n1-nev10840988n116"/>
<tbody id="nev20687920n1-nev10840988n117">
<row id="nev20687920n1-nev10840988n119">
<entry colname="col1" id="nev20687920n1-nev10840988n121">
<ptxt id="nev20687920n1-nev10840988n123">A</ptxt>
</entry>
<entry colname="col2" id="nev20687920n1-nev10840988n125">
<ptxt id="nev20687920n1-nev10840988n127">Input shaft</ptxt>
</entry>
</row>
<row id="nev20687920n1-nev10840988n129">
<entry colname="col1" id="nev20687920n1-nev10840988n131">
<ptxt id="nev20687920n1-nev10840988n133">C</ptxt>
</entry>
<entry colname="col2" id="nev20687920n1-nev10840988n135">
<ptxt id="nev20687920n1-nev10840988n137">Intermediate sh#@#@#2#t 3-4</ptxt>
</entry>
</row>
<row id="nev20687920n1-nev10840988n139">
<entry colname="col1" id="nev20687920n1-nev10840988n141">
<ptxt id="nev20687920n1-nev10840988n143">4</ptxt>
</entry>
<entry colname="col2" id="nev20687920n1-nev10840988n145">
<ptxt id="nev20687920n1-nev10840988n147">Ring gear</ptxt>
</entry>
</row>
<row id="nev20687920n1-nev10840988n149">
<entry colname="col1" id="nev20687920n1-nev10840988n151">
<ptxt id="nev20687920n1-nev10840988n153">12</ptxt>
</entry>
<entry colname="col2" id="nev20687920n1-nev10840988n155">
<ptxt id="nev20687920n1-nev10840988n157">3rd-4th gear co#@#@#8#leeve</ptxt>
</entry>
</row>
<row id="nev20687920n1-nev10840988n159">
<entry colname="col1" id="nev20687920n1-nev10840988n161">
<ptxt id="nev20687920n1-nev10840988n163">16</ptxt>
</entry>
<entry colname="col2" id="nev20687920n1-nev10840988n165">
<ptxt id="nev20687920n1-nev10840988n167">3rd gear idler wheel</ptxt>
</entry>
</row>
<row id="nev20687920n1-nev10840988n169">
<entry colname="col1" id="nev20687920n1-nev10840988n171">
<ptxt id="nev20687920n1-nev10840988n173">17</ptxt>
</entry>
<entry colname="col2" id="nev20687920n1-nev10840988n175">
<ptxt id="nev20687920n1-nev10840988n177">Final drive 3-4</ptxt>
</entry>
</row>
<row id="nev20687920n1-nev10840988n179">
<entry colname="col1" id="nev20687920n1-nev10840988n181">
<ptxt id="nev20687920n1-nev10840988n183">18</ptxt>
</entry>
<entry colname="col2" id="nev20687920n1-nev10840988n185">
<ptxt id="nev20687920n1-nev10840988n187">3rd gear gear wheel</ptxt>
</entry>
</row>
</tbody>
</tgroup>
</table>
<para id="nev20687920n1-nev10840988n189">
<ptxt id="nev20687920n1-nev10840988n191">When 3rd gear i#@#@#249# 3-4.</ptxt>
</para>
<para id="nev20687920n1-nev10840988n193">
<ptxt id="nev20687920n1-nev10840988n195">The torque of t#@#@#359#ial. </ptxt>
</para>
<grate id="nev20687920n1-nev10840988n197" pgwide="1">
<title id="nev20687920n1-nev10840988n199">4th gear</title>
<graphic id="nev20687920n1-nev10805279n10">
<href>0900c8af8044581#@#@#9#.jpeg</href>
</graphic>
</grate>
<table id="nev20687920n1-nev10840988n205" pgwide="1">
<tgroup cols="2" id="nev20687920n1-nev10840988n207">
<colspec colname="col1" colwidth="20*" id="nev20687920n1-nev10840988n209"/>
<colspec colname="col2" colwidth="80*" id="nev20687920n1-nev10840988n210"/>
<tbody id="nev20687920n1-nev10840988n211">
<row id="nev20687920n1-nev10840988n213">
<entry colname="col1" id="nev20687920n1-nev10840988n215">
<ptxt id="nev20687920n1-nev10840988n217">A</ptxt>
</entry>
<entry colname="col2" id="nev20687920n1-nev10840988n219">
<ptxt id="nev20687920n1-nev10840988n221">Input shaft</ptxt>
</entry>
</row>
<row id="nev20687920n1-nev10840988n223">
<entry colname="col1" id="nev20687920n1-nev10840988n225">
<ptxt id="nev20687920n1-nev10840988n227">C</ptxt>
</entry>
<entry colname="col2" id="nev20687920n1-nev10840988n229">
<ptxt id="nev20687920n1-nev10840988n231">Intermediate sh#@#@#2#t 3-4</ptxt>
</entry>
</row>
<row id="nev20687920n1-nev10840988n233">
<entry colname="col1" id="nev20687920n1-nev10840988n235">
<ptxt id="nev20687920n1-nev10840988n237">4</ptxt>
</entry>
<entry colname="col2" id="nev20687920n1-nev10840988n239">
<ptxt id="nev20687920n1-nev10840988n241">Ring gear</ptxt>
</entry>
</row>
<row id="nev20687920n1-nev10840988n243">
<entry colname="col1" id="nev20687920n1-nev10840988n245">
<ptxt id="nev20687920n1-nev10840988n247">10</ptxt>
</entry>
<entry colname="col2" id="nev20687920n1-nev10840988n249">
<ptxt id="nev20687920n1-nev10840989n1">4th gear idler wheel</ptxt>
</entry>
</row>
<row id="nev20687920n1-nev10840989n3">
<entry colname="col1" id="nev20687920n1-nev10840989n5">
<ptxt id="nev20687920n1-nev10840989n7">12</ptxt>
</entry>
<entry colname="col2" id="nev20687920n1-nev10840989n9">
<ptxt id="nev20687920n1-nev10840989n11">3rd-4th gear co#@#@#8#leeve</ptxt>
</entry>
</row>
<row id="nev20687920n1-nev10840989n13">
<entry colname="col1" id="nev20687920n1-nev10840989n15">
<ptxt id="nev20687920n1-nev10840989n17">13</ptxt>
</entry>
<entry colname="col2" id="nev20687920n1-nev10840989n19">
<ptxt id="nev20687920n1-nev10840989n21">4th gear gear wheel</ptxt>
</entry>
</row>
<row id="nev20687920n1-nev10840989n23">
<entry colname="col1" id="nev20687920n1-nev10840989n25">
<ptxt id="nev20687920n1-nev10840989n27">17</ptxt>
</entry>
<entry colname="col2" id="nev20687920n1-nev10840989n29">
<ptxt id="nev20687920n1-nev10840989n31">Final drive 3-4</ptxt>
</entry>
</row>
</tbody>
</tgroup>
</table>
<para id="nev20687920n1-nev10840989n33">
<ptxt id="nev20687920n1-nev10840989n35">When 4th gear i#@#@#249# 3-4.</ptxt>
</para>
<para id="nev20687920n1-nev10840989n37">
<ptxt id="nev20687920n1-nev10840989n39">The torque of t#@#@#359#ial. </ptxt>
</para>
<grate id="nev20687920n1-nev10840989n41" pgwide="1">
<title id="nev20687920n1-nev10840989n43">5th gear</title>
<graphic id="nev20687920n1-nev10805280n1">
<href>0900c8af8044581#@#@#9#.jpeg</href>
</graphic>
</grate>
<table id="nev20687920n1-nev10840989n49" pgwide="1">
<tgroup cols="2" id="nev20687920n1-nev10840989n51">
<colspec colname="col1" colwidth="20*" id="nev20687920n1-nev10840989n53"/>
<colspec colname="col2" colwidth="80*" id="nev20687920n1-nev10840989n54"/>
<tbody id="nev20687920n1-nev10840989n55">
<row id="nev20687920n1-nev10840989n57">
<entry colname="col1" id="nev20687920n1-nev10840989n59">
<ptxt id="nev20687920n1-nev10840989n61">A</ptxt>
</entry>
<entry colname="col2" id="nev20687920n1-nev10840989n63">
<ptxt id="nev20687920n1-nev10840989n65">Input shaft</ptxt>
</entry>
</row>
<row id="nev20687920n1-nev10840989n67">
<entry colname="col1" id="nev20687920n1-nev10840989n69">
<ptxt id="nev20687920n1-nev10840989n71">B</ptxt>
</entry>
<entry colname="col2" id="nev20687920n1-nev10840989n73">
<ptxt id="nev20687920n1-nev10840989n75">Intermediate sh#@#@#7#, 5-6</ptxt>
</entry>
</row>
<row id="nev20687920n1-nev10840989n77">
<entry colname="col1" id="nev20687920n1-nev10840989n79">
<ptxt id="nev20687920n1-nev10840989n81">4</ptxt>
</entry>
<entry colname="col2" id="nev20687920n1-nev10840989n83">
<ptxt id="nev20687920n1-nev10840989n85">Ring gear</ptxt>
</entry>
</row>
<row id="nev20687920n1-nev10840989n87">
<entry colname="col1" id="nev20687920n1-nev10840989n89">
<ptxt id="nev20687920n1-nev10840989n91">6</ptxt>
</entry>
<entry colname="col2" id="nev20687920n1-nev10840989n93">
<ptxt id="nev20687920n1-nev10840989n95">5th gear gear wheel</ptxt>
</entry>
</row>
<row id="nev20687920n1-nev10840989n97">
<entry colname="col1" id="nev20687920n1-nev10840989n99">
<ptxt id="nev20687920n1-nev10840989n101">9</ptxt>
</entry>
<entry colname="col2" id="nev20687920n1-nev10840989n103">
<ptxt id="nev20687920n1-nev10840989n105">Coupling sleeve#@#@#12# gear</ptxt>
</entry>
</row>
<row id="nev20687920n1-nev10840989n107">
<entry colname="col1" id="nev20687920n1-nev10840989n109">
<ptxt id="nev20687920n1-nev10840989n111">11</ptxt>
</entry>
<entry colname="col2" id="nev20687920n1-nev10840989n113">
<ptxt id="nev20687920n1-nev10840989n115">5th gear idler wheel</ptxt>
</entry>
</row>
<row id="nev20687920n1-nev10840989n117">
<entry colname="col1" id="nev20687920n1-nev10840989n119">
<ptxt id="nev20687920n1-nev10840989n121">20</ptxt>
</entry>
<entry colname="col2" id="nev20687920n1-nev10840989n123">
<ptxt id="nev20687920n1-nev10840989n125">Final drive 1-2, 5-6</ptxt>
</entry>
</row>
</tbody>
</tgroup>
</table>
<para id="nev20687920n1-nev10840989n127">
<ptxt id="nev20687920n1-nev10840989n129">When 5th gear i#@#@#238#haft.</ptxt>
</para>
<para id="nev20687920n1-nev10840989n131">
<ptxt id="nev20687920n1-nev10840989n133">The torque of t#@#@#401#tial.</ptxt>
</para>
<grate id="nev20687920n1-nev10840989n135" pgwide="1">
<title id="nev20687920n1-nev10840989n137">6th gear</title>
<graphic id="nev20687920n1-nev10805280n2">
<href>0900c8af8044581#@#@#9#.jpeg</href>
</graphic>
</grate>
<table id="nev20687920n1-nev10840989n143" pgwide="1">
<tgroup cols="2" id="nev20687920n1-nev10840989n145">
<colspec colname="col1" colwidth="20*" id="nev20687920n1-nev10840989n147"/>
<colspec colname="col2" colwidth="80*" id="nev20687920n1-nev10840989n148"/>
<tbody id="nev20687920n1-nev10840989n149">
<row id="nev20687920n1-nev10840989n151">
<entry colname="col1" id="nev20687920n1-nev10840989n153">
<ptxt id="nev20687920n1-nev10840989n155">A</ptxt>
</entry>
<entry colname="col2" id="nev20687920n1-nev10840989n157">
<ptxt id="nev20687920n1-nev10840989n159">Input shaft</ptxt>
</entry>
</row>
<row id="nev20687920n1-nev10840989n161">
<entry colname="col1" id="nev20687920n1-nev10840989n163">
<ptxt id="nev20687920n1-nev10840989n165">B</ptxt>
</entry>
<entry colname="col2" id="nev20687920n1-nev10840989n167">
<ptxt id="nev20687920n1-nev10840989n169">Intermediate sh#@#@#7#, 5-6</ptxt>
</entry>
</row>
<row id="nev20687920n1-nev10840989n171">
<entry colname="col1" id="nev20687920n1-nev10840989n173">
<ptxt id="nev20687920n1-nev10840989n175">4</ptxt>
</entry>
<entry colname="col2" id="nev20687920n1-nev10840989n177">
<ptxt id="nev20687920n1-nev10840989n179">Ring gear</ptxt>
</entry>
</row>
<row id="nev20687920n1-nev10840989n181">
<entry colname="col1" id="nev20687920n1-nev10840989n183">
<ptxt id="nev20687920n1-nev10840989n185">7</ptxt>
</entry>
<entry colname="col2" id="nev20687920n1-nev10840989n187">
<ptxt id="nev20687920n1-nev10840989n189">6th gear gear wheel</ptxt>
</entry>
</row>
<row id="nev20687920n1-nev10840989n191">
<entry colname="col1" id="nev20687920n1-nev10840989n193">
<ptxt id="nev20687920n1-nev10840989n195">8</ptxt>
</entry>
<entry colname="col2" id="nev20687920n1-nev10840989n197">
<ptxt id="nev20687920n1-nev10840989n199">Idler wheel for#@#@#4# gear</ptxt>
</entry>
</row>
<row id="nev20687920n1-nev10840989n201">
<entry colname="col1" id="nev20687920n1-nev10840989n203">
<ptxt id="nev20687920n1-nev10840989n205">9</ptxt>
</entry>
<entry colname="col2" id="nev20687920n1-nev10840989n207">
<ptxt id="nev20687920n1-nev10840989n209">Coupling sleeve#@#@#12# gear</ptxt>
</entry>
</row>
<row id="nev20687920n1-nev10840989n211">
<entry colname="col1" id="nev20687920n1-nev10840989n213">
<ptxt id="nev20687920n1-nev10840989n215">20</ptxt>
</entry>
<entry colname="col2" id="nev20687920n1-nev10840989n217">
<ptxt id="nev20687920n1-nev10840989n219">Final drive 1-2, 5-6</ptxt>
</entry>
</row>
</tbody>
</tgroup>
</table>
<para id="nev20687920n1-nev10840989n221">
<ptxt id="nev20687920n1-nev10840989n223">When 6th gear i#@#@#238#haft.</ptxt>
</para>
<para id="nev20687920n1-nev10840989n225">
<ptxt id="nev20687920n1-nev10840989n227">The torque of t#@#@#391#tial.</ptxt>
</para>
<grate id="nev20687920n1-nev10840989n229" pgwide="1">
<title id="nev20687920n1-nev10840989n231">Back-up (revers#@#@#2# gear</title>
<graphic id="nev20687920n1-nev10805280n3">
<href>0900c8af8044582#@#@#9#.jpeg</href>
</graphic>
</grate>
<table id="nev20687920n1-nev10840989n237" pgwide="1">
<tgroup cols="2" id="nev20687920n1-nev10840989n239">
<colspec colname="col1" colwidth="20*" id="nev20687920n1-nev10840989n241"/>
<colspec colname="col2" colwidth="80*" id="nev20687920n1-nev10840989n242"/>
<tbody id="nev20687920n1-nev10840989n243">
<row id="nev20687920n1-nev10840989n245">
<entry colname="col1" id="nev20687920n1-nev10840989n247">
<ptxt id="nev20687920n1-nev10840989n249">A</ptxt>
</entry>
<entry colname="col2" id="nev20687920n1-nev10840990n1">
<ptxt id="nev20687920n1-nev10840990n3">Input shaft</ptxt>
</entry>
</row>
<row id="nev20687920n1-nev10840990n5">
<entry colname="col1" id="nev20687920n1-nev10840990n7">
<ptxt id="nev20687920n1-nev10840990n9">B</ptxt>
</entry>
<entry colname="col2" id="nev20687920n1-nev10840990n11">
<ptxt id="nev20687920n1-nev10840990n13">Intermediate sh#@#@#7#, 5-6</ptxt>
</entry>
</row>
<row id="nev20687920n1-nev10840990n15">
<entry colname="col1" id="nev20687920n1-nev10840990n17">
<ptxt id="nev20687920n1-nev10840990n19">D</ptxt>
</entry>
<entry colname="col2" id="nev20687920n1-nev10840990n21">
<ptxt id="nev20687920n1-nev10840990n23">Back-up (revers#@#@#3#shaft</ptxt>
</entry>
</row>
<row id="nev20687920n1-nev10840990n25">
<entry colname="col1" id="nev20687920n1-nev10840990n27">
<ptxt id="nev20687920n1-nev10840990n29">1</ptxt>
</entry>
<entry colname="col2" id="nev20687920n1-nev10840990n31">
<ptxt id="nev20687920n1-nev10840990n33">Final drive for#@#@#18# gear</ptxt>
</entry>
</row>
<row id="nev20687920n1-nev10840990n35">
<entry colname="col1" id="nev20687920n1-nev10840990n37">
<ptxt id="nev20687920n1-nev10840990n39">2</ptxt>
</entry>
<entry colname="col2" id="nev20687920n1-nev10840990n41">
<ptxt id="nev20687920n1-nev10840990n43">Idler wheel for#@#@#20# gear</ptxt>
</entry>
</row>
<row id="nev20687920n1-nev10840990n45">
<entry colname="col1" id="nev20687920n1-nev10840990n47">
<ptxt id="nev20687920n1-nev10840990n49">3</ptxt>
</entry>
<entry colname="col2" id="nev20687920n1-nev10840990n51">
<ptxt id="nev20687920n1-nev10840990n53">Back-up (revers#@#@#20#leeve</ptxt>
</entry>
</row>
<row id="nev20687920n1-nev10840990n55">
<entry colname="col1" id="nev20687920n1-nev10840990n57">
<ptxt id="nev20687920n1-nev10840990n59">4</ptxt>
</entry>
<entry colname="col2" id="nev20687920n1-nev10840990n61">
<ptxt id="nev20687920n1-nev10840990n63">Ring gear</ptxt>
</entry>
</row>
<row id="nev20687920n1-nev10840990n65">
<entry colname="col1" id="nev20687920n1-nev10840990n67">
<ptxt id="nev20687920n1-nev10840990n69">15</ptxt>
</entry>
<entry colname="col2" id="nev20687920n1-nev10840990n71">
<ptxt id="nev20687920n1-nev10840990n73">1st gear gear wheel</ptxt>
</entry>
</row>
<row id="nev20687920n1-nev10840990n75">
<entry colname="col1" id="nev20687920n1-nev10840990n77">
<ptxt id="nev20687920n1-nev10840990n79">21</ptxt>
</entry>
<entry colname="col2" id="nev20687920n1-nev10840990n81">
<ptxt id="nev20687920n1-nev10840990n83">1st gear idler wheel</ptxt>
</entry>
</row>
</tbody>
</tgroup>
</table>
<para id="nev20687920n1-nev10840990n85">
<ptxt id="nev20687920n1-nev10840990n87">When back-up (r#@#@#180#gear.</ptxt>
</para>
<para id="nev20687920n1-nev10840990n89">
<ptxt id="nev20687920n1-nev10840990n91">The coupling sl#@#@#101#haft.</ptxt>
</para>
<para id="nev20687920n1-nev10840990n93">
<ptxt id="nev20687920n1-nev10840990n95">The torque of t#@#@#477#ial. </ptxt>
</para>
</topic>
<topic id="nev20687920n1-nev10840990n97">
<title id="nev20687920n1-nev10840990n99">Shift mechanism</title>
<para id="nev20687920n1-nev10840990n101">
<ptxt id="nev20687920n1-nev10840990n103">The transfer fr#@#@#91#ion: </ptxt>
</para>
<list1 id="nev20687920n1-nev10840990n105">
<item id="nev20687920n1-nev10840990n107">
<ptxt id="nev20687920n1-nev10840990n109">The upper gear #@#@#56#gears</ptxt>
</item>
<item id="nev20687920n1-nev10840990n111">
<ptxt id="nev20687920n1-nev10840990n113">The lower gear #@#@#40#ears.</ptxt>
</item>
</list1>
<para id="nev20687920n1-nev10840990n115">
<ptxt id="nev20687920n1-nev10840990n117">4 gear selector#@#@#73#eeve.</ptxt>
<ptxt id="nev20687920n1-nev11284838n228">The shift lever#@#@#67#sing.</ptxt>
</para>
<para id="nev20687920n1-nev10840990n121">
<ptxt id="nev20687920n1-nev10840990n123">Two carrier pla#@#@#164#ate. </ptxt>
</para>
<para id="nev20687920n1-nev10840990n125">
<ptxt id="nev20687920n1-nev10840990n127">The gear select#@#@#75#ever.</ptxt>
</para>
<para id="nev20687920n1-nev10840990n129">
<ptxt id="nev20687920n1-nev10840990n131">The carrier pla#@#@#112#ions.</ptxt>
</para>
<list1 id="nev20687920n1-nev10840990n133">
<item id="nev20687920n1-nev10840990n135">
<ptxt id="nev20687920n1-nev10840990n137">In the uppermos#@#@#62# gear</ptxt>
</item>
<item id="nev20687920n1-nev10840990n139">
<ptxt id="nev20687920n1-nev10840990n141">In the next hig#@#@#60#gears</ptxt>
</item>
<item id="nev20687920n1-nev10840990n143">
<ptxt id="nev20687920n1-nev10840990n145">In the next low#@#@#59#gears</ptxt>
</item>
<item id="nev20687920n1-nev10840990n147">
<ptxt id="nev20687920n1-nev10840990n149">In the lowest p#@#@#55#ears.</ptxt>
</item>
</list1>
<para id="nev20687920n1-nev10840990n151">
<ptxt id="nev20687920n1-nev10840990n153">The longitudina#@#@#185#tion.</ptxt>
</para>
</topic>
<topic id="nev20687920n1-nev10840990n155">
<title id="nev20687920n1-nev10840990n157">Back-up (revers#@#@#7#bitor</title>
<para id="nev20687920n1-nev10840990n159">
<ptxt id="nev20687920n1-nev11284844n77">The shift lever#@#@#298#aged.</ptxt>
</para>
</topic>
<topic id="nev20687920n1-nev10840990n163">
<title id="nev20687920n1-nev10840990n165">Differential</title>
<grate id="nev20687920n1-nev10840990n167" pgwide="1">
<graphic id="nev20687920n1-nev10805280n4">
<href>0900c8af80cc938#@#@#9#.jpeg</href>
</graphic>
</grate>
<para id="nev20687920n1-nev10840990n173">
<ptxt id="nev20687920n1-nev10840990n175">When driving st#@#@#117#eels.</ptxt>
</para>
<para id="nev20687920n1-nev10840990n177">
<ptxt id="nev20687920n1-nev10840990n179">When cornering,#@#@#388#ower.</ptxt>
</para>
<para id="nev20687920n1-nev10840990n181">
<ptxt id="nev20687920n1-nev11284844n180">Cars with four #@#@#190#eels.</ptxt>
</para>
</topic>
<topic id="nev20687920n1-nev10840993n176">
<title id="nev20687920n1-nev10840993n177">Clutch, general</title>
<grate id="nev20687920n1-nev10840993n178" pgwide="1">
<graphic id="nev20687920n1-nev10840993n179">
<href>0900c8af8005b8a#@#@#9#.jpeg</href>
</graphic>
</grate>
<para id="nev20687920n1-nev10840993n183">
<ptxt id="nev20687920n1-nev10840993n184">The primary rol#@#@#117#ing. </ptxt>
</para>
<para id="nev20687920n1-nev10840993n185">
<ptxt id="nev20687920n1-nev10840993n186">Disengagement o#@#@#326#ate. </ptxt>
</para>
<para id="nev20687920n1-nev10840993n187">
<ptxt id="nev20687920n1-nev10840993n188">Complete diseng#@#@#62#avel.</ptxt>
</para>
<para id="nev20687920n1-nev10840993n189">
<ptxt id="nev20687920n1-nev10840993n190">The clutch driv#@#@#139#haft.</ptxt>
</para>
<para id="nev20687920n1-nev10840993n191">
<ptxt id="nev20687920n1-nev10840993n192">The torque is t#@#@#328#aft. </ptxt>
</para>
<para id="nev20687920n1-nev10840993n193">
<ptxt id="nev20687920n1-nev10840993n194">During down-shi#@#@#298#sion.</ptxt>
</para>
<para id="nev20687920n1-nev10840993n195">
<ptxt id="nev20687920n1-nev10840993n196">Pre-tensioned l#@#@#60#late.</ptxt>
</para>
<para id="nev20687920n1-nev10840993n197">
<ptxt id="nev20687920n1-nev10840993n198">The clutch is d#@#@#33#rves:</ptxt>
</para>
<list1 id="nev20687920n1-nev10840993n199">
<item id="nev20687920n1-nev10840993n200">
<ptxt id="nev20687920n1-nev10840993n201">pressure plate #@#@#35#plate</ptxt>
</item>
<item id="nev20687920n1-nev10840993n202">
<ptxt id="nev20687920n1-nev10840993n203">diaphragm sprin#@#@#34#aring</ptxt>
</item>
<item id="nev20687920n1-nev10840993n204">
<ptxt id="nev20687920n1-nev10840993n205">the lift of the#@#@#11#late.</ptxt>
</item>
</list1>
<para id="nev20687920n1-nev10840993n206">
<ptxt id="nev20687920n1-nev10840993n207">The pressure of#@#@#456#ing. </ptxt>
</para>
</topic>
<topic id="nev20687920n1-nev10840993n208">
<title id="nev20687920n1-nev10840993n209">Hydraulic clutc#@#@#51#(CSC)</title>
<grate id="nev20687920n1-nev10840993n210" pgwide="1">
<graphic id="nev20687920n1-nev10840993n211">
<href>0900c8af80a53bb#@#@#9#.jpeg</href>
</graphic>
</grate>
<para id="nev20687920n1-nev10840993n215">
<ptxt id="nev20687920n1-nev10840993n216">In order to cha#@#@#314#late.</ptxt>
</para>
<para id="nev20687920n1-nev10840993n217">
<ptxt id="nev20687920n1-nev10840993n218">Sound and vibra#@#@#244#ity. </ptxt>
</para>
</topic>
<topic id="nev20687920n1-nev10840993n229">
<title id="nev20687920n1-nev10840993n230">Self-adjusting #@#@#7#(SAC)</title>
<grate id="nev20687920n1-nev10840993n231" pgwide="1">
<graphic id="nev20687920n1-nev10840993n232">
<href>0900c8af8073138#@#@#9#.jpeg</href>
</graphic>
</grate>
<para id="nev20687920n1-nev10840993n236">
<ptxt id="nev20687920n1-nev10840993n237">When the facing#@#@#128#ase. </ptxt>
</para>
<para id="nev20687920n1-nev10840993n238">
<ptxt id="nev20687920n1-nev10840993n239">On the self-adj#@#@#336#tant.</ptxt>
</para>
</topic>
</servinfosub>