<?xml version="1.0" encoding="UTF-8"?><servinfosub IE-ID="en-US0900c8af80882209" docno="VCC-129936" id="KC01633344" xml:lang="en-US">
<title>Checking the dr#@#@#27#pment</title>
<procedure>
<stepgrp>
<procstep id="KC01682067">
<title>Conditions</title>
<list1 enumtype="d" type="unordered">
<item>
<ptxt>Remove the engi#@#@#4#over.</ptxt>
</item>
</list1>
</procstep>
<procstep id="KC01682068">
<title>Check the condi#@#@#87#(A/C)</title>
<grate>
<graphic id="KC07532089" width="column">
<href>0900c8af80121fd#@#@#9#.jpeg</href>
</graphic>
<graphtext>
<list1 enumtype="d">
<item>
<ptxt>Check the condi#@#@#69#worn)</ptxt>
<ptxt>If necessary, r#@#@#46# See <xref>
<ref id="KC07532090"/>
</xref>
</ptxt>
</item>
<item>
<ptxt>Check that the #@#@#43#leys </ptxt>
</item>
<item>
<ptxt>Check the autom#@#@#15#oner.</ptxt>
</item>
</list1>
</graphtext>
</grate>
</procstep>
</stepgrp>
</procedure>
</servinfosub>