<?xml version="1.0" encoding="UTF-8"?><servinfosub IE-ID="en-US0900c8af8261c209" docno="VCC-253308" id="nev10751777n1" xml:lang="en-US">
<title>
<phrase category="Title" id="nev10751787n1" phrase-urn="urn:x-nevis:phrase:0800c8af81eb9a54">Diagnostic trou#@#@#21#ation</phrase>
</title>
<diagnostic type="condition">
<condgrp>
<condition type="condition">
<grate>
<graphic id="nev10751777n3" width="column">
<href>0900c8af800592f#@#@#9#.jpeg</href>
</graphic>
<graphtext>
<para>
<ptxt>
<phrase category="" id="nev10751777n4" phrase-urn="urn:x-nevis:phrase:0800c8af823d8bef">The gear select#@#@#461#ated.</phrase>
</ptxt>
</para>
<para>
<ptxt>
<phrase category="" id="nev10751777n5" phrase-urn="urn:x-nevis:phrase:0800c8af823d8bf0">The diagnostic #@#@#49#s on.</phrase>
</ptxt>
</para>
</graphtext>
</grate>
</condition>
</condgrp>
<condgrp>
<condition type="substitution">
<list1 enumtype="d" type="unordered">
<item>
<ptxt>
<phrase category="" id="nev10751777n6" phrase-urn="urn:x-nevis:phrase:0800c8af823d8bf1">Gear selector b#@#@#2#cked.</phrase>
</ptxt>
</item>
</list1>
</condition>
<ps>
<list1 enumtype="d" type="unordered">
<item>
<ptxt>
<phrase category="" id="nev10751777n7" phrase-urn="urn:x-nevis:phrase:0800c8af823d8bf2">Contact resista#@#@#15#inals</phrase>
</ptxt>
</item>
<item>
<ptxt>
<phrase category="" id="nev10751777n8" phrase-urn="urn:x-nevis:phrase:0800c8af823d8bf3">Open circuit in#@#@#18#lead.</phrase>
</ptxt>
</item>
<item>
<ptxt>
<phrase category="" id="nev10751777n9" phrase-urn="urn:x-nevis:phrase:0800c8af823d8bf4">Internal fault #@#@#25#GSM).</phrase>
</ptxt>
</item>
</list1>
</ps>
</condgrp>
<condgrp>
<condition type="symptom">
<list1 enumtype="d" type="unordered">
<item>
<ptxt>
<phrase category="" id="nev10751777n10" phrase-urn="urn:x-nevis:phrase:0800c8af823d8bf5">Malfunction ind#@#@#17# lit.</phrase>
</ptxt>
</item>
<item>
<ptxt>
<phrase category="" id="nev10751778n1" phrase-urn="urn:x-nevis:phrase:0800c8af823d8bf6">General warning#@#@#4#p lit</phrase>
</ptxt>
</item>
<item>
<ptxt>
<phrase category="" id="nev10751778n2" phrase-urn="urn:x-nevis:phrase:0800c8af823d8bf7">Gear selector s#@#@#14#on P.</phrase>
</ptxt>
</item>
</list1>
</condition>
</condgrp>
</diagnostic>
</servinfosub>