<?xml version="1.0" encoding="UTF-8"?><servinfosub IE-ID="en-US0900c8af80148209" docno="VCC-143017" id="KC01110310" xml:lang="en-US">
<title>Knock sensor (K#@#@#8#acing</title>
<procedure>
<stepgrp>
<title>Removal and Ins#@#@#4#ation</title>
<note>
<ptxt>As the illustra#@#@#181#rect.</ptxt>
</note>
<procstep id="KC01213934">
<title>Removing the kn#@#@#10# (KS)</title>
<para>
<ptxt>Disconnect the #@#@#29#read <xref>
<ref id="KC07566345"/>
</xref>. </ptxt>
</para>
<grate>
<graphic id="KC07566346">
<href>0900c8af8005dd6#@#@#9#.jpeg</href>
</graphic>
<graphtext>
<para>
<ptxt>Remove the inta#@#@#23# See <xref>
<ref id="KC07566347"/>
</xref>. </ptxt>
</para>
</graphtext>
</grate>
<list1 enumtype="d" type="unordered">
<title>Remove:</title>
<item>
<ptxt>the screws for #@#@#17# (KS)</ptxt>
</item>
<item>
<ptxt>the tie strap a#@#@#91#edge.</ptxt>
</item>
</list1>
</procstep>
<procstep id="KC01213935">
<title>Installing knoc#@#@#9# (KS)</title>
<grate>
<graphic id="KC07566348">
<href>0900c8af80057a5#@#@#11#.jpeg</href>
</graphic>
<graphtext>
<caution>
<ptxt>Tighten to the #@#@#125#nsor.</ptxt>
</caution>
<list1 enumtype="d" type="unordered">
<item>
<ptxt>Install the new#@#@#42#block</ptxt>
</item>
<item>
<ptxt>Route the cable#@#@#40#acket</ptxt>
</item>
<item>
<ptxt>Align the senso#@#@#22#ront)</ptxt>
</item>
<item>
<ptxt>The cable from #@#@#78#clock</ptxt>
</item>
<item>
<ptxt>Tighten the kno#@#@#11# See <xref>
<ref id="KC07566349"/>
</xref>
</ptxt>
</item>
<item>
<ptxt>Press the knock#@#@#104#sary.</ptxt>
</item>
</list1>
</graphtext>
</grate>
<para>
<ptxt>Install the int#@#@#20#ng to<xref>
<ref id="KC07566350"/>
</xref>. </ptxt>
<ptxt>Connect the bat#@#@#10# See <xref>
<ref id="KC07566351"/>
</xref>. </ptxt>
</para>
</procstep>
</stepgrp>
</procedure>
</servinfosub>