<?xml version="1.0" encoding="UTF-8"?><servinfosub IE-ID="en-US0900c8af800df209" docno="VCC-145333" id="KC01356639" servinfosubId="nev20687507n1-nev20687507n2" servinfosubRes="0900c8af862c31db" servinfosubRes2="urn:x-nevis:fragment:0900c8af800df209:0900c8af862c31db#nev20687507n2" xml:lang="en-US">
<title>Fault managemen#@#@#16#twork</title>
<topic id="nev20687507n1-KC01356656">
<title>General</title>
<para>
<ptxt>The MOST networ#@#@#378#king.</ptxt>
</para>
<para>
<ptxt>Fault types whi#@#@#16# are:</ptxt>
</para>
<list1 enumtype="d" type="unordered">
<item>
<ptxt>no communicatio#@#@#18#odule</ptxt>
</item>
<item>
<ptxt>faulty communic#@#@#21#work.</ptxt>
</item>
</list1>
</topic>
<topic id="nev20687507n1-KC01356657">
<title>No communicatio#@#@#18#odule</title>
<para>
<ptxt>The infotainmen#@#@#390#1A57.</ptxt>
</para>
<para>
<ptxt>Diagnostic trou#@#@#198#1A59.</ptxt>
</para>
<para>
<ptxt>Missing communi#@#@#129#dule.</ptxt>
</para>
</topic>
<topic id="nev20687507n1-KC01356658">
<title>Faulty communication</title>
<para>
<ptxt>Diagnostic trou#@#@#197#work.</ptxt>
</para>
<para>
<ptxt>For faults when#@#@#124#hat:
</ptxt>
</para>
<list1 enumtype="d" type="unordered">
<item>
<ptxt>a control modul#@#@#77#ector</ptxt>
</item>
<item>
<ptxt>a control modul#@#@#73#rking</ptxt>
</item>
<item>
<ptxt>a control modul#@#@#108#light</ptxt>
</item>
<item>
<ptxt>the optical cab#@#@#130#olded</ptxt>
</item>
<item>
<ptxt>there is dirt o#@#@#50#light</ptxt>
</item>
<item>
<ptxt>the connection #@#@#29#loose</ptxt>
</item>
<item>
<ptxt>the fiber optic#@#@#42#ected</ptxt>
</item>
<item>
<ptxt>there is a loos#@#@#136#ector</ptxt>
</item>
<item>
<ptxt>a bridging conn#@#@#30#aged.</ptxt>
</item>
</list1>
<para>
<ptxt>Ring break diag#@#@#384#ICM).</ptxt>
</para>
</topic>
<topic id="nev20687507n1-KC01356659">
<title>Ring break diag#@#@#2#stics</title>
<para>
<title>General</title>
<ptxt>This function i#@#@#227#CM). </ptxt>
</para>
<para>
<ptxt>During fault-tr#@#@#478#ICM).</ptxt>
</para>
<para>
<ptxt>The same applie#@#@#328#ages.</ptxt>
</para>
<hint>
<ptxt>It is important#@#@#115#age.
</ptxt>
</hint>
<grate pgwide="1">
<graphic id="nev20687507n1-KC05130285">
<href>0900c8af80056bf#@#@#9#.jpeg</href>
</graphic>
</grate>
<para>
<title>Example 1</title>
<ptxt>A MOST network #@#@#30#ules.</ptxt>
<ptxt>There is an ope#@#@#96#tion.</ptxt>
</para>
<para>
<ptxt>During the ring#@#@#231#ICM).</ptxt>
<ptxt>The infotainmen#@#@#82#ue 4.</ptxt>
</para>
<para>
<ptxt>If there was no#@#@#75#OK”. </ptxt>
</para>
<para>
<title>Example 2</title>
<ptxt>A MOST network #@#@#103#cted.</ptxt>
<ptxt>There is an ope#@#@#74#MP2).</ptxt>
</para>
<para>
<ptxt>During the ring#@#@#167#cted.</ptxt>
<ptxt>The infotainmen#@#@#83#ue 3.</ptxt>
</para>
<para>
<ptxt>If there was no#@#@#75#OK”. </ptxt>
</para>
</topic>
</servinfosub>