<?xml version="1.0" encoding="UTF-8"?><servinfosub IE-ID="en-US0900c8af81a94209" docno="VCC-157142" id="KC07192070" xml:lang="en-US">
<title>
<phrase category="" id="KC07192074" phrase-urn="urn:x-nevis:phrase:0800c8af81a9420b">Diagnostic trou#@#@#30#-2F05</phrase>
</title>
<diagnostic type="condition">
<condgrp>
<condition type="condition">
<grate>
<graphic id="KC07192075" width="column">
<href>0900c8af817a818#@#@#9#.jpeg</href>
</graphic>
<graphtext>
<para>
<ptxt>
<phrase category="" id="KC07192076" phrase-urn="urn:x-nevis:phrase:0800c8af81a9420c">The central ele#@#@#74#nsor.</phrase>
</ptxt>
</para>
<para>
<ptxt>
<phrase category="" id="KC07192077" phrase-urn="urn:x-nevis:phrase:0800c8af81a9420d">The diagnostic #@#@#103# low.</phrase>
</ptxt>
</para>
<para>
<ptxt>
<phrase category="" id="KC07192078" phrase-urn="urn:x-nevis:phrase:0800c8af81a9420e">The diagnostic #@#@#66# III.</phrase>
</ptxt>
</para>
</graphtext>
</grate>
</condition>
</condgrp>
<condgrp>
<condition type="substitution">
<list1 enumtype="d">
<item>
<ptxt>
<phrase category="" id="KC07192079" phrase-urn="urn:x-nevis:phrase:0800c8af81a9420f">None.</phrase>
</ptxt>
</item>
</list1>
</condition>
<ps>
<list1 enumtype="d" type="unordered">
<item>
<ptxt>
<phrase category="" id="KC07192080" phrase-urn="urn:x-nevis:phrase:0800c8af81a94210">Short-circuit t#@#@#129#sor. </phrase>
</ptxt>
</item>
</list1>
</ps>
</condgrp>
<condgrp>
<condition type="symptom">
<list1 enumtype="d" type="unordered">
<item>
<ptxt>
<phrase category="" id="KC07192081" phrase-urn="urn:x-nevis:phrase:0800c8af81a94211">The information#@#@#7#s lit</phrase>
</ptxt>
</item>
<item>
<ptxt>
<phrase category="" id="KC07192082" phrase-urn="urn:x-nevis:phrase:0800c8af81a94212">SRS warning mes#@#@#10#ayed.</phrase>
</ptxt>
</item>
</list1>
</condition>
</condgrp>
</diagnostic>
</servinfosub>