<?xml version="1.0" encoding="UTF-8"?><servinfosub IE-ID="en-US0900c8af8091cd0d" docno="VCC-113474" id="KC02450678" xml:lang="en-US">
<title>
<phrase category="" id="KC06670426" phrase-urn="urn:x-nevis:phrase:0800c8af819b4b12">Diagnostic trou#@#@#15#ation</phrase>
</title>
<diagnostic type="condition">
<condgrp>
<condition type="condition">
<grate>
<graphic id="KC06670427" width="column">
<href>0900c8af8012202#@#@#9#.jpeg</href>
</graphic>
<graphtext>
<para>
<ptxt>
<phrase category="" id="KC06670428" phrase-urn="urn:x-nevis:phrase:0800c8af819b4b13">If the engine c#@#@#141#dule.</phrase>
</ptxt>
</para>
</graphtext>
</grate>
</condition>
</condgrp>
<condgrp>
<condition type="substitution">
<para>
<ptxt>
<phrase category="" id="KC06670429" phrase-urn="urn:x-nevis:phrase:0800c8af819b4b14">nothing.</phrase>
</ptxt>
</para>
</condition>
<ps>
<list1 enumtype="d" type="unordered">
<title>
<phrase category="" id="KC06670430" phrase-urn="urn:x-nevis:phrase:0800c8af819b4b15">Signal faulty:</phrase>
</title>
<item>
<ptxt>
<phrase category="" id="KC06670431" phrase-urn="urn:x-nevis:phrase:0800c8af819b4b16">defective engin#@#@#12#dule.</phrase>
</ptxt>
</item>
</list1>
</ps>
</condgrp>
<condgrp>
<condition type="symptom">
<list1 enumtype="d" type="unordered">
<item>
<ptxt>
<phrase category="" id="KC06670432" phrase-urn="urn:x-nevis:phrase:0800c8af819b4b17">the engine does#@#@#6#tart.</phrase>
</ptxt>
</item>
</list1>
</condition>
</condgrp>
</diagnostic>
</servinfosub>