<?xml version="1.0" encoding="UTF-8"?><servinfosub IE-ID="en-US0900c8af87355d0d" docno="VCC-487937" id="nev24291055n1" original="sv-SE" servinfosubId="nev24291056n1-nev24291055n4" servinfosubRes="0900c8af87355d18" servinfosubRes2="urn:x-nevis:fragment:0900c8af87355d0d:0900c8af87355d18#nev24291055n4" xml:lang="en-US">
<operationnumbers>
<operationnumber>87305-2</operationnumber>
</operationnumbers>
<title id="nev24291055n2">Temperature con#@#@#18# left</title>
<procedure id="nev24291056n1-nev24291060n2">
<stepgrp boilerplate="false" context="" id="nev24291056n1-nev24949120n45">
<title id="nev24291056n1-0800c8af844a46f6">Removal</title>
<procstep id="nev24291056n1-nev24291060n5">
<grate id="nev24291056n1-nev24949120n43">
<graphic id="nev24291056n1-nev24949120n44">
<href>0900c8af86f2b18#@#@#9#.jpeg</href>
</graphic>
<graphtext id="nev24291056n1-nev24949173n1">
<note id="nev24291056n1-0800c8af85b47f49">
<ptxt>Orientation view</ptxt>
</note>
</graphtext>
</grate>
</procstep>
<procstep id="nev24291056n1-nev24291061n1">
<para id="nev24291056n1-nev24949120n41">
<ptxt id="nev24291056n1-nev24949120n42">Remove steering#@#@#2#olumn<xref boilerplate="true" id="nev24291056n1-0800c8af84af9ddb">
<ref id="nev24291056n1-nev24291061n6"/>
</xref>
</ptxt>
</para>
</procstep>
<procstep id="nev24291056n1-nev24291061n7">
<para id="nev24291056n1-nev24949120n39">
<ptxt id="nev24291056n1-nev24949120n40">Remove the comb#@#@#16#panel<xref boilerplate="true" id="nev24291056n1-0800c8af8450d58b">
<ref id="nev24291056n1-nev24291062n2"/>
</xref>
</ptxt>
</para>
</procstep>
<procstep id="nev24291056n1-nev24291062n3">
<grate id="nev24291056n1-nev24949120n37">
<graphic id="nev24291056n1-nev24949120n38">
<href>0900c8af86f3143#@#@#9#.jpeg</href>
</graphic>
<graphtext id="nev24291056n1-nev24949183n1">
<note id="nev24291056n1-0800c8af85b47f49">
<ptxt>Orientation view</ptxt>
</note>
</graphtext>
</grate>
</procstep>
<procstep id="nev24291056n1-nev24291062n9">
<title id="nev24291056n1-0800c8af848e9d82">Vehicles early #@#@#2#rsion</title>
</procstep>
<procstep id="nev24291056n1-nev24291063n1">
<grate id="nev24291056n1-nev24949120n35">
<graphic id="nev24291056n1-nev24949120n36">
<href>0900c8af86f4a6e#@#@#9#.jpeg</href>
</graphic>
<graphtext id="nev24291056n1-nev24949187n1">
<para id="nev24291056n1-nev24949120n33">
<ptxt id="nev24291056n1-nev24949120n34">Disconnect the #@#@#5#ctor.</ptxt>
</para>
</graphtext>
</grate>
</procstep>
<procstep id="nev24291056n1-nev24291063n8">
<grate id="nev24291056n1-nev24949120n31">
<graphic id="nev24291056n1-nev24949120n32">
<href>0900c8af86f4a8d#@#@#9#.jpeg</href>
</graphic>
<graphtext id="nev24291056n1-nev24949191n1">
<para id="nev24291056n1-nev24949120n29">
<ptxt id="nev24291056n1-nev24949120n30">Remove the screws.</ptxt>
</para>
<para id="nev24291056n1-nev24949120n27">
<ptxt id="nev24291056n1-nev24949120n28">Remove the part#@#@#5#fully</ptxt>
</para>
<para id="nev24291056n1-nev24949120n25">
<ptxt id="nev24291056n1-nev24949120n26">Remove the mark#@#@#3#part.</ptxt>
</para>
</graphtext>
</grate>
</procstep>
<procstep id="nev24291056n1-nev24291065n1">
<grate id="nev24291056n1-nev24949120n23">
<graphic id="nev24291056n1-nev24949120n24">
<href>0900c8af86e0c5a#@#@#9#.jpeg</href>
</graphic>
</grate>
</procstep>
<procstep id="nev24291056n1-nev24291065n4">
<title id="nev24291056n1-0800c8af848e9d91">Vehicles late v#@#@#1#rsion</title>
</procstep>
<procstep id="nev24291056n1-nev24291065n6">
<grate id="nev24291056n1-nev24949120n21">
<graphic id="nev24291056n1-nev24949120n22">
<href>0900c8af86f4ac2#@#@#9#.jpeg</href>
</graphic>
<graphtext id="nev24291056n1-nev24949198n1">
<para id="nev24291056n1-nev24949120n19">
<ptxt id="nev24291056n1-nev24949120n20">Disconnect the #@#@#5#ctor.</ptxt>
</para>
</graphtext>
</grate>
</procstep>
<procstep id="nev24291056n1-nev24291066n3">
<grate id="nev24291056n1-nev24949120n17">
<graphic id="nev24291056n1-nev24949120n18">
<href>0900c8af86f4ae0#@#@#9#.jpeg</href>
</graphic>
<graphtext id="nev24291056n1-nev24949202n1">
<para id="nev24291056n1-nev24949120n15">
<ptxt id="nev24291056n1-nev24949120n16">Remove the screws.</ptxt>
</para>
<para id="nev24291056n1-nev24949120n13">
<ptxt id="nev24291056n1-nev24949120n14">Remove the part#@#@#5#fully</ptxt>
</para>
<para id="nev24291056n1-nev24949120n11">
<ptxt id="nev24291056n1-nev24949120n12">Remove the mark#@#@#3#part.</ptxt>
</para>
</graphtext>
</grate>
</procstep>
<procstep id="nev24291056n1-nev24291067n6">
<grate id="nev24291056n1-nev24949120n9">
<graphic id="nev24291056n1-nev24949120n10">
<href>0900c8af86db874#@#@#9#.jpeg</href>
</graphic>
</grate>
</procstep>
</stepgrp>
<stepgrp boilerplate="false" context="" id="nev24291056n1-nev24949120n8">
<title id="nev24291056n1-0800c8af844a46f9">Installation</title>
<procstep id="nev24291056n1-nev24291068n1">
<para id="nev24291056n1-nev24949120n6">
<ptxt id="nev24291056n1-nev24949120n7">To install, rev#@#@#22#dure.</ptxt>
</para>
</procstep>
<procstep id="nev24291056n1-nev24291068n5">
<para id="nev24291056n1-nev24949120n4">
<ptxt id="nev24291056n1-nev24949120n5">Identify acc. t#@#@#120#(CCM)</ptxt>
</para>
</procstep>
<procstep id="nev24291056n1-nev24291068n9">
<para id="nev24291056n1-nev24949120n2">
<ptxt id="nev24291056n1-nev24949120n3">Perform climate#@#@#10#cking<xref boilerplate="true" id="nev24291056n1-0800c8af8479bff0">
<ref id="nev24291056n1-nev24291069n4"/>
</xref>
</ptxt>
</para>
</procstep>
</stepgrp>
</procedure>
</servinfosub>