<?xml version="1.0" encoding="UTF-8"?><servinfosub IE-ID="en-US0900c8af80648d0d" docno="VCC-071358" id="KC02207262" xml:lang="en-US">
<title>Replacing rear #@#@#12# lock</title>
<procedure>
<procstep id="KC02309924">
<title>Replacing rear #@#@#12# lock</title>
<grate>
<graphic id="KC08492491" width="column">
<href>0900c8af80648de#@#@#9#.jpeg</href>
</graphic>
<graphtext>
<ptxt/>
<ptxt>Remove cushion:</ptxt>
<ptxt>The left is sec#@#@#34# one.</ptxt>
<ptxt>Fold the cushio#@#@#5#ward.</ptxt>
<ptxt>Lift up.</ptxt>
</graphtext>
</grate>
<grate>
<graphic id="KC08492492" width="column">
<href>0900c8af80648e2#@#@#9#.jpeg</href>
</graphic>
<graphtext>
<ptxt/>
<ptxt>Remove:</ptxt>
<ptxt/>
<list1 enumtype="d">
<item>
<ptxt>protector screw#@#@#3#x 2).</ptxt>
</item>
<item>
<ptxt>upholstery plug#@#@#3#x 2).</ptxt>
</item>
<item>
<ptxt>latch protector.</ptxt>
</item>
</list1>
</graphtext>
</grate>
<grate>
<graphic id="KC08492493" width="column">
<href>0900c8af80648e0#@#@#9#.jpeg</href>
</graphic>
<graphtext>
<ptxt>Open the zip fa#@#@#2#ener.</ptxt>
<ptxt/>
<ptxt>Drill out rivets.</ptxt>
<ptxt/>
<ptxt>Remove seat lat#@#@#9#elow.</ptxt>
</graphtext>
</grate>
</procstep>
</procedure>
</servinfosub>