<?xml version="1.0" encoding="UTF-8"?><servinfosub IE-ID="en-US0900c8af85e25d0d" docno="VCC-462312" id="nev19339904n1" xml:lang="en-US">
<title>
<phrase category="Title" id="nev19339904n2" phrase-urn="urn:x-nevis:phrase:0800c8af81eb9a54">Diagnostic trou#@#@#21#ation</phrase>
<phrase category="Prefix" id="nev19339904n3" phrase-urn="urn:x-nevis:phrase:0800c8af8015c3f5">ECM</phrase>-P061547</title>
<diagnostic j2008use="1" paperuse="1" screenuse="1" type="condition">
<condgrp>
<condition type="condition">
<grate>
<graphic id="nev19339904n4" width="column">
<href>0900c8af80054da#@#@#9#.jpeg</href>
</graphic>
<graphtext>
<para>
<ptxt>
<phrase category="Faulttracing" id="nev19340961n1" phrase-urn="urn:x-nevis:phrase:0800c8af85e25d27">The driver stag#@#@#169#puts.</phrase>
</ptxt>
<ptxt id="nev19339906n90">
<phrase category="Faulttracing" id="nev19341017n1" phrase-urn="urn:x-nevis:phrase:0800c8af85e25d2d">Engine control #@#@#89#art).</phrase>
</ptxt>
<ptxt id="nev19339906n88">
<phrase category="Faulttracing" id="nev19341066n1" phrase-urn="urn:x-nevis:phrase:0800c8af85e25d34">Monitoring soft#@#@#144#ECM).</phrase>
<phrase category="Condition" id="nev19341067n1" phrase-urn="urn:x-nevis:phrase:0800c8af84e8e026">The aim is to e#@#@#30#tion.</phrase>
</ptxt>
<ptxt id="nev19498984n98">
<phrase category="Condition" id="nev19499038n1" phrase-urn="urn:x-nevis:phrase:0800c8af82c4843c">The diagnostic #@#@#59#that:</phrase>
</ptxt>
</para>
<list1 id="nev19339906n99">
<item id="nev19339906n98">
<ptxt id="nev19339906n97">
<phrase category="Faulttracing" id="nev19499018n1" phrase-urn="urn:x-nevis:phrase:0800c8af85eefa5a">Driver stage st#@#@#83#ECM).</phrase>
</ptxt>
</item>
</list1>
<ptxt id="nev19339906n96">
<phrase category="Condition" id="nev19341016n1" phrase-urn="urn:x-nevis:phrase:0800c8af82c479d6">The control mod#@#@#67#t of:</phrase>
</ptxt>
<list1 id="nev19339906n95">
<item id="nev19339906n94">
<ptxt id="nev19339906n93">
<phrase category="Faulttracing" id="nev20213842n1" phrase-urn="urn:x-nevis:phrase:0800c8af81adb8c2">Ignition on.</phrase>
</ptxt>
</item>
</list1>
</graphtext>
</grate>
</condition>
</condgrp>
<condgrp>
<condition type="substitution">
<list1 enumtype="d">
<item>
<ptxt>
<phrase category="Faulttracing" id="nev19341071n1" phrase-urn="urn:x-nevis:phrase:0800c8af85e200a1">Request for ser#@#@#54#DIM).</phrase>
</ptxt>
</item>
<item id="nev19339906n73">
<ptxt id="nev19339906n72">
<phrase category="Faulttracing" id="nev19341078n1" phrase-urn="urn:x-nevis:phrase:0800c8af85e0b29d">The vehicle's p#@#@#78#time.</phrase>
</ptxt>
</item>
</list1>
</condition>
<ps>
<list1 enumtype="d" type="unordered">
<item>
<ptxt>
<phrase category="Possible source" id="nev19341074n1" phrase-urn="urn:x-nevis:phrase:0800c8af81eaba5c">Damaged engine #@#@#16#ECM).</phrase>
</ptxt>
</item>
<item id="nev19339906n76">
<ptxt id="nev19339906n75">
<phrase category="Condition" id="nev19341077n1" phrase-urn="urn:x-nevis:phrase:0800c8af82c78633">The software is#@#@#3#ulty.</phrase>
</ptxt>
</item>
</list1>
</ps>
</condgrp>
<condgrp>
<condition type="symptom">
<list1 enumtype="d" type="unordered">
<item>
<ptxt>
<phrase category="Symptom CSC" id="nev19339904n9" phrase-urn="urn:x-nevis:phrase:0800c8af8388f059">7B, Starting/En#@#@#70#tempt</phrase>
</ptxt>
</item>
<item id="nev19339904n10">
<ptxt id="nev19339905n1">
<phrase category="Symptom CSC" id="nev19339905n2" phrase-urn="urn:x-nevis:phrase:0800c8af8388f031">BE, Starting/En#@#@#60#times</phrase>
</ptxt>
</item>
<item id="nev19339905n3">
<ptxt id="nev19339905n4">
<phrase category="Symptom CSC" id="nev19339905n5" phrase-urn="urn:x-nevis:phrase:0800c8af8388f041">BF, Starting/En#@#@#67#tempt</phrase>
</ptxt>
</item>
<item id="nev19339905n6">
<ptxt id="nev19339905n7">
<phrase category="Symptom CSC" id="nev19339905n8" phrase-urn="urn:x-nevis:phrase:0800c8af8388f05b">BJ, Starting/En#@#@#39#times</phrase>
</ptxt>
</item>
</list1>
</condition>
</condgrp>
</diagnostic>
</servinfosub>