<?xml version="1.0" encoding="UTF-8"?><servinfosub IE-ID="en-US0900c8af80532d0d" docno="VCC-130230" id="KC01615953" xml:lang="en-US">
<title>Cantrail</title>
<procedure>
<procstep>
<title>Replacing inner#@#@#4#trail</title>
<grate>
<graphic id="KC07533129">
<href>0900c8af80122bb#@#@#9#.jpeg</href>
</graphic>
<graphtext>
<para>
<ptxt>Cut off the dam#@#@#8#tion.</ptxt>
<ptxt>Roughly cut the#@#@#13#part.</ptxt>
<ptxt>Cut according to <xref>
<ref id="KC07533130"/>
</xref>.</ptxt>
<ptxt>Remove excess m#@#@#4#ials.</ptxt>
<ptxt>Weld into place.</ptxt>
</para>
<para>
<ptxt>Check the dimen#@#@#14#g to <xref>
<ref id="KC07533131"/>
</xref>.</ptxt>
</para>
</graphtext>
</grate>
<grate>
<graphic id="KC07533132">
<href>0900c8af80122bd#@#@#9#.jpeg</href>
</graphic>
<graphtext>
<para>
<ptxt>Align the reinf#@#@#22#rail.</ptxt>
<ptxt>Check distances <emph>M3</emph> and <emph>M4</emph> between the ro#@#@#5#ches.</ptxt>
</para>
<para>
<ptxt>M3 = 1020 mm</ptxt>
<ptxt>M4 = 995 mm</ptxt>
</para>
</graphtext>
</grate>
<grate>
<graphic id="KC07533133">
<href>0900c8af80122bb#@#@#9#.jpeg</href>
</graphic>
<graphtext>
<para>
<ptxt>Align the secti#@#@#46# car.</ptxt>
<ptxt>Use holes as a #@#@#1#uide.</ptxt>
<ptxt>Tack, spot and #@#@#37#lace.</ptxt>
</para>
</graphtext>
</grate>
</procstep>
<procstep>
<title>Outer cantrail</title>
<grate>
<graphic id="KC07533134">
<href>0900c8af80122bb#@#@#9#.jpeg</href>
</graphic>
<graphtext>
<para>
<ptxt>Roughly cut the#@#@#14#arts.</ptxt>
<ptxt>Align on the car.</ptxt>
<ptxt>Saw through bot#@#@#4#nels.</ptxt>
<ptxt>Remove excess m#@#@#4#ials.</ptxt>
<ptxt>Align the repla#@#@#7#part.</ptxt>
<ptxt>Weld into place.</ptxt>
</para>
</graphtext>
</grate>
</procstep>
</procedure>
</servinfosub>