<?xml version="1.0" encoding="UTF-8"?><servinfosub IE-ID="en-US0900c8af80875b01" docno="VCC-096177" id="KC01106507" xml:lang="en-US">
<title>Seat belt buckle</title>
<procedure>
<stepgrp>
<procstep id="KC01273969">
<title>Replacing seat #@#@#6#uckle</title>
<grate>
<graphic id="KC06170091">
<href>0900c8af8006124#@#@#9#.jpeg</href>
</graphic>
<graphtext>
<para>
<ptxt>Disconnect the #@#@#5#ctor.</ptxt>
</para>
</graphtext>
</grate>
<grate>
<graphic id="KC06170092">
<href>0900c8af800611f#@#@#9#.jpeg</href>
</graphic>
<graphtext>
<para>
<ptxt>Remove two tie #@#@#2#raps.</ptxt>
<ptxt>Route wiring.</ptxt>
</para>
</graphtext>
</grate>
<grate>
<graphic id="KC06170093">
<href>0900c8af8006120#@#@#9#.jpeg</href>
</graphic>
<graphtext>
<para>
<ptxt>Remove the scre#@#@#33# 50).</ptxt>
</para>
</graphtext>
</grate>
</procstep>
<procstep id="KC03523892">
<title/>
<para>
<title>Install:</title>
<ptxt>In reverse order.</ptxt>
<ptxt>Tighten the sea#@#@#19#s to <emph>48 Nm</emph> (35.4 lb.ft).</ptxt>
</para>
</procstep>
</stepgrp>
</procedure>
</servinfosub>