<?xml version="1.0" encoding="UTF-8"?><script xmlns:nevis="http://www.volvocars.com/namespaces/processing" xmlns:xlink="http://www.w3.org/1999/xlink" IE-ID="en-US0900c8af81964b01" docno="VCC-226931" id="nev9892303" nevis:expl-profile="mdl872, mdl873, mdl874yr1999, mdl875yr1999, mdl875yr2000, mdl874yr2000, mdl876" nevis:profile="urn:x-nevis:profile:0b00c8af8020635a urn:x-nevis:profile:0b00c8af8020635f urn:x-nevis:profile:0b00c8af802063e9 urn:x-nevis:profile:0b00c8af802063ec urn:x-nevis:profile:0b00c8af8020641f urn:x-nevis:profile:0b00c8af8020642f urn:x-nevis:profile:0b00c8af802065c3" nevis:projectdocument="urn:x-nevis:projectdocument:0800c8af81964b00" nevis:resource="0900c8af81964b57" nevis:resource2="urn:x-nevis:fragment:0900c8af81964b01:0900c8af81964b57#nev9892303" nevis:session-id="" qualifierinfotype="14:00" type="" xml:lang="en-US"><title>Recirculation d#@#@#22#ensor</title><content gui="1" height="150" id="nev9892313-nev9892305" nevis:expl-profile="mdl872, mdl873, mdl874yr1999, mdl875yr1999, mdl875yr2000, mdl874yr2000, mdl876" nevis:idfrom="nev9892313" nevis:prefix="nev9892313" nevis:profile="urn:x-nevis:profile:0b00c8af8020635a urn:x-nevis:profile:0b00c8af8020635f urn:x-nevis:profile:0b00c8af802063e9 urn:x-nevis:profile:0b00c8af802063ec urn:x-nevis:profile:0b00c8af8020641f urn:x-nevis:profile:0b00c8af8020642f urn:x-nevis:profile:0b00c8af802065c3" nevis:resource="0900c8af81964b55" nevis:resource2="urn:x-nevis:fragment:0900c8af81964b01:0900c8af81964b55#nev9892305" width="400" xml:lang="en-US"><nodes id="nev9892313-nev9892326"><node class="Components.StartNode" id="nev9892313-nev9892327" nodeid="Start" x="17" y="80"/><node class="Components.IdentifierComponent" id="nev9892313-nev9892328" nodeid="RecirculationDamperMotor" x="225" y="20"><property class="Parameter" id="nev9892313-nev9892329" name="Recirculation damper motor" type="Out" value="" visible="1"/><extension id="nev9892313-nev9892330"><identifier ecu="871101" ecuMode="EcuType" id="nev9892313-nev9892331" read="9" type="REOFF" value="6B"><parameter id="nev9892313-nev9892332" name="Recirculation damper motor" textid="15380"/></identifier></extension></node><node class="Components.ScriptButton" id="nev9892313-nev9892333" nodeid="Hide" x="12" y="264"><gui height="30" id="nev9892313-nev9892334" width="110" x="280" y="100"/><property class="String" id="nev9892313-nev9892335" name="Text" type="In" value="" visible="0"/><property class="String" id="nev9892313-nev9892336" name="StartDisabled" type="Internal" value="false" visible="1"/><extension id="nev9892313-nev9892337"><phrase category="script" id="nev9892313-nev9892325" phrase-urn="urn:x-nevis:phrase:0800c8af8178a3a1">Hide</phrase></extension></node><node class="Components.ScriptComponent" id="nev9892313-nev9892338" nodeid="CloseScript" x="143" y="322"/><node class="Components.VehComm" id="nev9892313-nev9892339" nodeid="StopDiagnosticSession" x="144" y="179"><property class="String" id="nev9892313-nev9892340" name="Mode" type="Internal" value="EcuType" visible="1"/><property class="Int" id="nev9892313-nev9892341" name="EcuType" type="In" value="871101" visible="0"/><property class="Int" id="nev9892313-nev9892342" name="ServiceId" type="In" value="27" visible="0"/><property class="String" id="nev9892313-nev9892343" name="EcuName" type="Out" value="" visible="1"/><property class="Response" id="nev9892313-nev9892344" name="Result" type="Out" value="" visible="1"/><extension id="nev9892313-nev9892345"/></node><node class="Components.Gui.ParameterLabel" id="nev9892313-nev9892346" nodeid="Label" x="355" y="48"><gui height="70" id="nev9892313-nev9892347" width="380" x="10" y="10"/><property class="Parameter" id="nev9892313-nev9892348" name="Parameter" type="In" value="" visible="1"/><property class="String" id="nev9892313-nev9892349" name="Title" type="In" value="" visible="1"/><property class="String" id="nev9892313-nev9892350" name="Value" type="In" value="" visible="1"/><property class="String" id="nev9892313-nev9892351" name="Unit" type="In" value="" visible="1"/></node><node class="Components.Repeater" id="nev9892313-nev9892352" nodeid="Iterator" x="110" y="68"/></nodes><handlers id="nev9892313-nev9892353"><eventhandler id="nev9892313-nev9892354" name="OnStart" node="Start"><call id="nev9892313-nev9892355" method="UpdateTitles" node="RecirculationDamperMotor"/><call id="nev9892313-nev9892356" method="Start" node="Iterator"/></eventhandler><eventhandler id="nev9892313-nev9892357" name="Click" node="Hide"><call id="nev9892313-nev9892358" method="Execute" node="StopDiagnosticSession"/><call id="nev9892313-nev9892359" method="CloseDialog" node="CloseScript"/></eventhandler><eventhandler id="nev9892313-nev9892360" name="OnRepeat" node="Iterator"><call id="nev9892313-nev9892361" method="Read" node="RecirculationDamperMotor"/></eventhandler><propertyhandler id="nev9892313-nev9892362" name="Recirculation damper motor" node="RecirculationDamperMotor"><set id="nev9892313-nev9892363" node="Label" property="Parameter"/></propertyhandler></handlers></content></script>