<?xml version="1.0" encoding="UTF-8"?><servinfosub IE-ID="en-US0900c8af85b97b01" docno="VCC-458798" id="nev18592897n1" xml:lang="en-US">
<title>
<phrase category="Title" id="nev18592897n2" phrase-urn="urn:x-nevis:phrase:0800c8af81eb9a54">Diagnostic trou#@#@#21#ation</phrase>
<phrase category="Prefix" id="nev18592897n3" phrase-urn="urn:x-nevis:phrase:0800c8af8015c3f5">ECM</phrase>-P245B00</title>
<diagnostic j2008use="1" paperuse="1" screenuse="1" type="condition">
<condgrp>
<condition type="condition">
<grate id="nev18592897n4">
<graphic id="nev18592897n5">
<href>0900c8af8462258#@#@#9#.jpeg</href>
</graphic>
</grate>
<para>
<ptxt id="nev18592897n6">
<phrase category="Condition" id="nev18592897n7" phrase-urn="urn:x-nevis:phrase:0800c8af82a68b8f">The engine cont#@#@#116#ECM).</phrase>
</ptxt>
</para>
<para id="nev18592897n8">
<ptxt id="nev18592897n9">
<phrase category="Condition" id="nev18592897n10" phrase-urn="urn:x-nevis:phrase:0800c8af82c4843c">The diagnostic #@#@#59#that:</phrase>
</ptxt>
</para>
<list1 id="nev18592898n1">
<item id="nev18592898n2">
<ptxt id="nev18592898n3">
<phrase category="Condition" id="nev18592898n4" phrase-urn="urn:x-nevis:phrase:0800c8af8457be66">The signal to t#@#@#40#rect.</phrase>
</ptxt>
</item>
</list1>
<para id="nev18592898n5">
<ptxt id="nev18592898n6">
<phrase category="Condition" id="nev18592898n7" phrase-urn="urn:x-nevis:phrase:0800c8af82c479d6">The control mod#@#@#67#t of:</phrase>
</ptxt>
</para>
<list1 id="nev18592898n8">
<item id="nev18592898n9">
<ptxt id="nev18592898n10">
<phrase category="Condition" id="nev18592899n1" phrase-urn="urn:x-nevis:phrase:0800c8af83023a3b">Engine running.</phrase>
</ptxt>
</item>
</list1>
<note id="nev18592899n2">
<ptxt id="nev18592899n3">
<phrase category="Condition" id="nev18592899n4" phrase-urn="urn:x-nevis:phrase:0800c8af82c4844b">The control mod#@#@#132# met.</phrase>
</ptxt>
</note>
</condition>
</condgrp>
<condgrp>
<condition type="substitution">
<list1 enumtype="d">
<item>
<ptxt>
<phrase category="Substitution" id="nev18592899n5" phrase-urn="urn:x-nevis:phrase:0800c8af81eb9984">None.</phrase>
</ptxt>
</item>
</list1>
</condition>
<ps>
<list1 enumtype="d" id="nev18592899n6">
<item id="nev18592899n7">
<ptxt id="nev18592899n8">
<phrase category="Possible source" id="nev18592899n9" phrase-urn="urn:x-nevis:phrase:0800c8af81eab907">Contact resista#@#@#30#tors.</phrase>
</ptxt>
</item>
<item id="nev18592899n10">
<ptxt id="nev18592900n1">
<phrase category="Possible source" id="nev18592900n2" phrase-urn="urn:x-nevis:phrase:0800c8af82751bbc">Open circuit on#@#@#9#able.</phrase>
</ptxt>
</item>
<item id="nev18592900n3">
<ptxt id="nev18592900n4">
<phrase category="Possible source" id="nev18592900n5" phrase-urn="urn:x-nevis:phrase:0800c8af825e3d79">Damaged bypass #@#@#1#alve.</phrase>
</ptxt>
</item>
</list1>
</ps>
</condgrp>
<condgrp>
<condition type="symptom">
<list1 enumtype="d" type="unordered">
<item id="nev18592900n6">
<ptxt id="nev18592900n7">
<phrase category="Symptom" id="nev18592900n8" phrase-urn="urn:x-nevis:phrase:0800c8af822826c5">None.</phrase>
</ptxt>
</item>
</list1>
</condition>
</condgrp>
</diagnostic>
</servinfosub>