<?xml version="1.0" encoding="UTF-8"?><script xmlns:nevis="http://www.volvocars.com/namespaces/processing" xmlns:xlink="http://www.w3.org/1999/xlink" IE-ID="en-US0900c8af8762eb01" docno="VCC-481828" id="nev23149231n1" nevis:expl-profile="mdl256yr2016, mdl234yr2017, mdl235yr2017, mdl256yr2017" nevis:profile="urn:x-nevis:profile:0b00c8af858c2577 urn:x-nevis:profile:0b00c8af86dd9c00 urn:x-nevis:profile:0b00c8af86dd9c01 urn:x-nevis:profile:0b00c8af86eeb1e9" nevis:projectdocument="urn:x-nevis:projectdocument:0800c8af86c3a055" nevis:resource="0900c8af8762eb07" nevis:resource2="urn:x-nevis:fragment:0900c8af8762eb01:0900c8af8762eb07#nev23149231n1" nevis:session-id="" qualifierinfotype="14:06" xml:lang="en-US"><title id="nev23149231n2"><phrase category="Title" id="nev25897979n1" phrase-urn="urn:x-nevis:phrase:0800c8af86f03262">Component test:</phrase><phrase category="Generic Component" id="nev25897980n1" phrase-urn="urn:x-nevis:phrase:0800c8af86aa14f3">Bypass valve, E#@#@#5#oling</phrase></title><content id="nev23149231n4-nev23149218n1" nevis:expl-profile="mdl256yr2016, mdl234yr2017, mdl235yr2017, mdl256yr2017" nevis:idfrom="nev23149231n4" nevis:prefix="nev23149231n4" nevis:profile="urn:x-nevis:profile:0b00c8af858c2577 urn:x-nevis:profile:0b00c8af86dd9c00 urn:x-nevis:profile:0b00c8af86dd9c01 urn:x-nevis:profile:0b00c8af86eeb1e9" nevis:resource="0900c8af8762eb05" nevis:resource2="urn:x-nevis:fragment:0900c8af8762eb01:0900c8af8762eb05#nev23149218n1" xml:lang="en-US"><nodes id="nev23149231n4-nev23149218n2"/><SpaScript Id="4b7159da-98df-4230-98ef-12e4c5278aab" Name="Component test: Bypass valve, EGR cooling " Type="FaultTracing" id="nev23149231n4-nev25897981n1"><Module Annotation="First we run the generic component test module.&#xD;&#xA;After that you can put your individual&#xD;&#xA;component tests..." IsEventHandler="false" Name="Main" id="nev23149231n4-nev25897982n1"><Variable Id="test_remove" Scope="Local" Type="InfoDisplay" id="nev23149231n4-nev25897983n1"><Value Type="InfoDisplayVariable" id="nev23149231n4-nev25897984n1"><infoDisplay id="nev23149231n4-nev23149218n7"><title id="nev23149231n4-nev23149218n8"><freeText id="nev23149231n4-nev23149218n9">Test Test Test</freeText></title><para id="nev23149231n4-nev23149218n10"><freeText id="nev23149231n4-nev23149219n1">Detta är den ge#@#@#45#p... </freeText></para><para id="nev23149231n4-nev23149219n2"><freeText id="nev23149231n4-nev23149219n3">Denna text visa#@#@#42#erats</freeText></para></infoDisplay></Value></Variable><Variable Id="Input" Scope="Input" Type="FaultTracing.Input" id="nev23149231n4-nev25897985n1"/><Component Annotation="Generic test to inform about the DTC condition for faulttracing this cmponent." ComponentId="CallModule_GenericComponentTest" id="nev23149231n4-nev25897986n1"><CallModule id="nev23149231n4-nev25897987n1"><Input Module="GenericComponentTest" id="nev23149231n4-nev25897988n1"><Arg Value="{Input}" id="nev23149231n4-nev25897989n1"/></Input></CallModule></Component><Component Annotation="" ComponentId="RunScript1" id="nev23149231n4-nev25897990n1"><RunScript id="nev23149231n4-nev25897991n1"><Input id="nev23149231n4-nev25897992n1"><NevisLink ProjectDocumentId="0800c8af86acf1e9" VCCNumber="VCC-478454-1" VariantId="0900c8af86acf0ee" id="nev23149231n4-nev25897993n1"/><Contract id="nev23149231n4-nev25897994n1"/><Arguments id="nev23149231n4-nev25897995n1"/><NevisXRef id="nev23149231n4-nev23150599n1"><ref id="nev23149231n4-nev23150581n1"><locator xlink:href="#nev23149231n4-nev23150581n1" xlink:type="locator"/><locator xlink:href="urn:x-nevis:xref:0800c8af86acf1e9:00000000:00000000#nev22625266n1" xlink:type="locator"/><arc nevis:href="urn:x-nevis:xref:0800c8af86acf1e9:00000000:00000000#nev22625266n1" xlink:title="VCC-478454, EGR system" xlink:type="arc"/></ref></NevisXRef></Input></RunScript></Component></Module><Module IsEventHandler="false" Name="Final" id="nev23149231n4-nev25897999n1"/><Module Annotation="Do not touch!" IsEventHandler="false" Name="GenericComponentTest" id="nev23149231n4-nev25898000n1"><Variable Id="InfoDisplayFromGenericLogic" Scope="Local" Type="InfoDisplay" id="nev23149231n4-nev25898001n1"><Value Type="InfoDisplayVariable" id="nev23149231n4-nev25898002n1"><infoDisplay id="nev23149231n4-nev23149221n1"/></Value></Variable><Variable Id="DTCs" Scope="Input" Type="List[String]" id="nev23149231n4-nev25898003n1"/><Component ComponentId="Logger_running_generic" id="nev23149231n4-nev25898004n1"><Logger id="nev23149231n4-nev25898005n1"><Input Text="Running module GenericComponenttest in component test 14:06..........   --- Version: 2015-01-23," id="nev23149231n4-nev25898006n1"/></Logger></Component><Component Annotation="Run the Generic Logic 14:00" ComponentId="RunScript_generic_logic" id="nev23149231n4-nev25898007n1"><RunScript id="nev23149231n4-nev25898008n1"><Input id="nev23149231n4-nev25898009n1"><NevisLink ProjectDocumentId="0800c8af86b6bb5c" VCCNumber="VCC-479232-1" VariantId="0900c8af86b6bb6b" id="nev23149231n4-nev25898010n1"/><Contract id="nev23149231n4-nev25898011n1"><InputVariable Name="DTC_input_data" Type="FaultTracing.Input" id="nev23149231n4-nev25898012n1"/><OutputVariable Name="Error" Type="Double" id="nev23149231n4-nev25898013n1"/><OutputVariable Name="ReturnInfoDisplay" Type="InfoDisplay" id="nev23149231n4-nev25898014n1"/><OutputVariable Name="Only_UC_since_LC" Type="Double" id="nev23149231n4-nev25898015n1"/><OutputVariable Name="TF_since_LC_TestPassedNow" Type="Double" id="nev23149231n4-nev25898016n1"/><OutputVariable Name="TF_since_LC_TestNotRunning" Type="Double" id="nev23149231n4-nev25898017n1"/><OutputVariable Name="TF_since_LC_and_UC_this_OC" Type="Double" id="nev23149231n4-nev25898018n1"/><OutputVariable Name="FaultFreeComponent" Type="Double" id="nev23149231n4-nev25898019n1"/></Contract><Arguments InputValue1="{DTCs}" id="nev23149231n4-nev25898020n1"/><NevisXRef id="nev23149231n4-nev23149222n10"><ref id="nev23149231n4-nev23149223n1"><locator xlink:href="#nev23149231n4-nev23149223n1" xlink:type="locator"/><locator xlink:href="urn:x-nevis:xref:0800c8af86b6bb5c:00000000:00000000#nev22873702n1" xlink:type="locator"/><arc nevis:href="urn:x-nevis:xref:0800c8af86b6bb5c:00000000:00000000#nev22873702n1" xlink:title="VCC-479232, Generic logic for component test" xlink:type="arc"/></ref></NevisXRef></Input></RunScript></Component><If Annotation="if no error show generic info about DTC status for component" LogicId="If_no_error" id="nev23149231n4-nev25898024n1"><LogicStatement Expression="RunScript_generic_logic_Result.Error == False" id="nev23149231n4-nev25898025n1"/><True id="nev23149231n4-nev25898026n1"><Component ComponentId="Logger_showing_infodisplay" id="nev23149231n4-nev25898027n1"><Logger id="nev23149231n4-nev25898028n1"><Input Text="Showing information from generic logic script" id="nev23149231n4-nev25898029n1"/></Logger></Component><Component Annotation="From infodisplay returned by generic logic to a local infodisplay variable due to a bug in SPASE " ComponentId="AssignValue_Infodisplay" id="nev23149231n4-nev25898030n1"><AssignValue id="nev23149231n4-nev25898031n1"><Input AssignTo="{InfoDisplayFromGenericLogic}" Value="{RunScript_generic_logic_Result ReturnInfoDisplay}" id="nev23149231n4-nev25898032n1"/></AssignValue></Component><Component Annotation="Result from the generic logic 14:00" ComponentId="DisplayInformation_FromGenericLogic" id="nev23149231n4-nev25898033n1"><DisplayInformation id="nev23149231n4-nev25898034n1"><Input ButtonType="0" InfoDisplay="{InfoDisplayFromGenericLogic}" id="nev23149231n4-nev25898035n1"/></DisplayInformation></Component><If Annotation="If component only has unconfirmed DTC" LogicId="If_OnlyUnconfirmed" id="nev23149231n4-nev25898036n1"><LogicStatement Expression="RunScript_generic_logic_Result.Only_UC_since_LC == True" id="nev23149231n4-nev25898037n1"/><True id="nev23149231n4-nev25898038n1"><Component ComponentId="Logger_onlyUnconfirmed" id="nev23149231n4-nev25898039n1"><Logger id="nev23149231n4-nev25898040n1"><Input Text="The component Test 14:06, Module: GenericcomponentTest is now starting the 14:00 generic script for only unconfirmed since generic logic responded that there was only unconfirmed DTC" id="nev23149231n4-nev25898041n1"/></Logger></Component><Component Annotation="Generic Logic only for unconfirmed faulttracing" ComponentId="RunScript_OnlyUnconfirmed" id="nev23149231n4-nev25898042n1"><RunScript id="nev23149231n4-nev25898043n1"><Input id="nev23149231n4-nev25898044n1"><NevisLink ProjectDocumentId="0800c8af86bbe0d4" VCCNumber="VCC-479592-1" VariantId="0900c8af86bbddf9" id="nev23149231n4-nev25898045n1"/><Contract id="nev23149231n4-nev25898046n1"><InputVariable Name="AttemptNo" Type="Double" id="nev23149231n4-nev25898047n1"/><InputVariable Name="DTCs" Type="List[String]" id="nev23149231n4-nev25898048n1"/><OutputVariable Name="Verified" Type="Double" id="nev23149231n4-nev25898049n1"/><OutputVariable Name="ReturningInfodisplay" Type="InfoDisplay" id="nev23149231n4-nev25898050n1"/></Contract><Arguments InputValue1="1" InputValue2="{DTCs}" id="nev23149231n4-nev25898051n1"/><NevisXRef id="nev23149231n4-nev23149225n10"><ref id="nev23149231n4-nev23149226n1"><locator xlink:href="#nev23149231n4-nev23149226n1" xlink:type="locator"/><locator xlink:href="urn:x-nevis:xref:0800c8af86bbe0d4:00000000:00000000#nev22964386n1" xlink:type="locator"/><arc nevis:href="urn:x-nevis:xref:0800c8af86bbe0d4:00000000:00000000#nev22964386n1" xlink:title="VCC-479592, GenericLogicForOnlyUnconfirmedComponentTest" xlink:type="arc"/></ref></NevisXRef></Input></RunScript></Component><Component ComponentId="AssignValue_infodisplay" id="nev23149231n4-nev25898055n1"><AssignValue id="nev23149231n4-nev25898056n1"><Input AssignTo="{InfoDisplayFromGenericLogic}" Value="{RunScript_OnlyUnconfirmed_Result ReturningInfodisplay}" id="nev23149231n4-nev25898057n1"/></AssignValue></Component><Component ComponentId="DisplayInformation_ResultOnlyUnconfirmed" id="nev23149231n4-nev25898058n1"><DisplayInformation id="nev23149231n4-nev25898059n1"><Input ButtonType="0" InfoDisplay="{InfoDisplayFromGenericLogic}" id="nev23149231n4-nev25898060n1"/></DisplayInformation></Component><If Annotation="Verified ?" LogicId="If1" id="nev23149231n4-nev25898061n1"><LogicStatement Expression="RunScript_OnlyUnconfirmed_Result.Verified == True" id="nev23149231n4-nev25898062n1"/><True id="nev23149231n4-nev25898063n1"><Component Annotation="Verified" ComponentId="Logger_finished" id="nev23149231n4-nev25898064n1"><Logger id="nev23149231n4-nev25898065n1"><Input Text="Generic fault tracing instructions for only unconfirmed fault finished. the fault is verified..." id="nev23149231n4-nev25898066n1"/></Logger></Component></True><Else id="nev23149231n4-nev25898067n1"><Component ComponentId="Logger_NotVerifiedRetry2" id="nev23149231n4-nev25898068n1"><Logger id="nev23149231n4-nev25898069n1"><Input Text="The only unconfirmed fault is not verified... Running onlyUnconfirmedScript 14:00 one more time..." id="nev23149231n4-nev25898070n1"/></Logger></Component><Component Annotation="Second try" ComponentId="RunScriptUnconfirmed_2" id="nev23149231n4-nev25898071n1"><RunScript id="nev23149231n4-nev25898072n1"><Input id="nev23149231n4-nev25898073n1"><NevisLink ProjectDocumentId="0800c8af86bbe0d4" VCCNumber="VCC-479592-1" VariantId="0900c8af86bbddf9" id="nev23149231n4-nev25898074n1"/><Contract id="nev23149231n4-nev25898075n1"><InputVariable Name="AttemptNo" Type="Double" id="nev23149231n4-nev25898076n1"/><InputVariable Name="DTCs" Type="List[String]" id="nev23149231n4-nev25898077n1"/><OutputVariable Name="Verified" Type="Double" id="nev23149231n4-nev25898078n1"/><OutputVariable Name="ReturningInfodisplay" Type="InfoDisplay" id="nev23149231n4-nev25898079n1"/></Contract><Arguments InputValue1="2" InputValue2="{DTCs}" id="nev23149231n4-nev25898080n1"/><NevisXRef id="nev23149231n4-nev23149228n8"><ref id="nev23149231n4-nev23149228n9"><locator xlink:href="#nev23149231n4-nev23149228n9" xlink:type="locator"/><locator xlink:href="urn:x-nevis:xref:0800c8af86bbe0d4:00000000:00000000#nev22964386n1" xlink:type="locator"/><arc nevis:href="urn:x-nevis:xref:0800c8af86bbe0d4:00000000:00000000#nev22964386n1" xlink:title="VCC-479592, GenericLogicForOnlyUnconfirmedComponentTest" xlink:type="arc"/></ref></NevisXRef></Input></RunScript></Component><Component Annotation="" ComponentId="AssignValue_infodisplay2" id="nev23149231n4-nev25898084n1"><AssignValue id="nev23149231n4-nev25898085n1"><Input AssignTo="{InfoDisplayFromGenericLogic}" Value="{RunScriptUnconfirmed_2_Result ReturningInfodisplay}" id="nev23149231n4-nev25898086n1"/></AssignValue></Component><Component ComponentId="DisplayInformation_ResultUC_2" id="nev23149231n4-nev25898087n1"><DisplayInformation id="nev23149231n4-nev25898088n1"><Input ButtonType="0" InfoDisplay="{InfoDisplayFromGenericLogic}" id="nev23149231n4-nev25898089n1"/></DisplayInformation></Component></Else></If></True><Else id="nev23149231n4-nev25898090n1"/></If></True><Else id="nev23149231n4-nev25898091n1"><Component ComponentId="Logger_error" id="nev23149231n4-nev25898092n1"><Logger id="nev23149231n4-nev25898093n1"><Input Text="Error! Something is wrong in generic logic14:00 script, no condition is true. disabling viewing of the generic information, continueing directly to specific fault tracing..." id="nev23149231n4-nev25898094n1"/></Logger></Component></Else></If><Component ComponentId="Logger_Finished" id="nev23149231n4-nev25898095n1"><Logger id="nev23149231n4-nev25898096n1"><Input Text="Generic module in 14:06 component test is finished, continuing with specific tests...." id="nev23149231n4-nev25898097n1"/></Logger></Component></Module></SpaScript></content></script>