<?xml version="1.0" encoding="UTF-8"?><servinfosub IE-ID="en-US0900c8af87654b01" docno="VCC-370656" id="nev13714731n1" original="sv-SE" servinfosubId="nev13714732n1-nev24862674n1" servinfosubRes="0900c8af8767d992" servinfosubRes2="urn:x-nevis:fragment:0900c8af87654b01:0900c8af8767d992#nev24862674n1" xml:lang="en-US">
<title id="nev13714730n94">Transaxle oil</title>
<toolitemtable id="nev13714732n1-nev26023664n62">
<table id="nev13714732n1-nev26023664n61">
<tgroup cols="2" id="nev13714732n1-nev26023664n60">
<colspec colname="COLSPEC0" colwidth="1.00*" id="nev13714732n1-nev26023664n59"/>
<colspec colname="COLSPEC1" colwidth="1.00*" id="nev13714732n1-nev26023664n58"/>
<thead id="nev13714732n1-nev26023664n57">
<row id="nev13714732n1-nev26023664n56">
<entry id="nev13714732n1-nev26023664n55" nameend="COLSPEC1" namest="COLSPEC0" valign="top">
<ptxt id="nev13714732n1-nev26023664n54">
<emph id="nev13714732n1-nev26023664n53">Special tools</emph>
</ptxt>
</entry>
</row>
</thead>
<tbody id="nev13714732n1-nev26023664n52">
<row id="nev13714732n1-nev26023664n51">
<entry id="nev13714732n1-nev26023664n50">
<graphic id="nev13714732n1-nev26023664n49">
<href>0900c8af84b8a31#@#@#9#.jpeg</href>
</graphic>
</entry>
<entry id="nev13714732n1-nev26023664n48">
<ptxt id="nev13714732n1-nev26023664n47">
<emph id="nev13714732n1-nev26023664n46">999 7408 Oil gun</emph>
</ptxt>
<ptxt id="nev13714732n1-nev26023664n44">
<emph id="nev13714732n1-nev26023664n43">Tool number:</emph>999 7408</ptxt>
<ptxt id="nev13714732n1-nev26023664n42">
<emph id="nev13714732n1-nev26023664n41">Tool description:</emph>Oil gun</ptxt>
<ptxt id="nev13714732n1-nev26023664n39">
<emph id="nev13714732n1-nev26023664n38">Tool boards:</emph>43</ptxt>
</entry>
</row>
</tbody>
</tgroup>
</table>
</toolitemtable>
<procedure id="nev13714732n1-nev24936913n92">
<stepgrp boilerplate="false" context="" id="nev13714732n1-nev26023664n100">
<title id="nev13714732n1-0800c8af844a46f6">Removal</title>
<procstep id="nev13714732n1-nev24946898n98">
<para id="nev13714732n1-nev26023664n98">
<ptxt id="nev13714732n1-nev26023664n99">Follow instruct#@#@#29#frame<xref boilerplate="true" id="nev13714732n1-0800c8af84629e4b">
<ref id="nev13714732n1-nev24936913n86"/>
</xref>
</ptxt>
</para>
</procstep>
<procstep id="nev13714732n1-nev24946898n94">
<grate id="nev13714732n1-nev26023664n96">
<graphic id="nev13714732n1-nev26023664n97">
<href>0900c8af8633d96#@#@#9#.jpeg</href>
</graphic>
<graphtext id="nev13714732n1-nev26023674n1">
<para id="nev13714732n1-nev26023664n94">
<ptxt id="nev13714732n1-nev26023664n95">Remove the screws.</ptxt>
</para>
</graphtext>
</grate>
</procstep>
<procstep id="nev13714732n1-nev24946898n87">
<grate id="nev13714732n1-nev26023664n92">
<graphic id="nev13714732n1-nev26023664n93">
<href>0900c8af8734d16#@#@#9#.jpeg</href>
</graphic>
<graphtext id="nev13714732n1-nev26023678n1">
<warning id="nev13714732n1-0800c8af844a4837">
<ptxt>Be prepared to #@#@#18#luid.</ptxt>
</warning>
<para id="nev13714732n1-nev26023664n90">
<ptxt id="nev13714732n1-nev26023664n91">Remove the screw.</ptxt>
</para>
</graphtext>
</grate>
</procstep>
<procstep id="nev13714732n1-nev24946898n81">
<grate id="nev13714732n1-nev26023664n88">
<graphic id="nev13714732n1-nev26023664n89">
<href>0900c8af8734d16#@#@#9#.jpeg</href>
</graphic>
<graphtext id="nev13714732n1-nev26023682n1">
<caution id="nev13714732n1-0800c8af84702f68">
<ptxt>The fluid must #@#@#66#rops.</ptxt>
</caution>
<para id="nev13714732n1-nev26023664n86">
<ptxt id="nev13714732n1-nev26023664n87">Install the screw.</ptxt>
</para>
<para id="nev13714732n1-nev26023664n84">
<ptxt id="nev13714732n1-nev26023664n85">
<torque id="nev13714732n1-nev24946898n29">
<ref id="nev13714732n1-nev24946898n27"/>
</torque>
</ptxt>
</para>
</graphtext>
</grate>
</procstep>
<procstep id="nev13714732n1-nev24946898n71">
<grate id="nev13714732n1-nev26023664n82">
<graphic id="nev13714732n1-nev26023664n83">
<href>0900c8af8734d16#@#@#9#.jpeg</href>
</graphic>
<graphtext id="nev13714732n1-nev26023689n1">
<para id="nev13714732n1-nev26023664n80">
<ptxt id="nev13714732n1-nev26023664n81">Remove the screw.</ptxt>
</para>
</graphtext>
</grate>
</procstep>
</stepgrp>
<stepgrp boilerplate="false" context="" id="nev13714732n1-nev26023664n79">
<title id="nev13714732n1-0800c8af844a46f9">Installation</title>
<procstep id="nev13714732n1-nev24946898n64">
<grate id="nev13714732n1-nev26023664n77">
<graphic id="nev13714732n1-nev26023664n78">
<href>0900c8af87654b2#@#@#9#.jpeg</href>
</graphic>
<graphtext id="nev13714732n1-nev26023693n1">
<para id="nev13714732n1-nev26023664n75">
<ptxt id="nev13714732n1-nev26023664n76">See information#@#@#26#ssion<xref boilerplate="true" id="nev13714732n1-0800c8af8458a529">
<ref id="nev13714732n1-nev24982155n73"/>
</xref>
</ptxt>
</para>
<para id="nev13714732n1-nev26023664n73">
<ptxt id="nev13714732n1-nev26023664n74">
<toolitem boilerplate="true" id="nev13714732n1-nev25956370n16" imageid="0900c8af84b8a316"/>
</ptxt>
</para>
</graphtext>
</grate>
</procstep>
<procstep id="nev13714732n1-nev25311733n6">
<grate id="nev13714732n1-nev26023664n71">
<graphic id="nev13714732n1-nev26023664n72">
<href>0900c8af8734d16#@#@#9#.jpeg</href>
</graphic>
<graphtext id="nev13714732n1-nev26023703n1">
<para id="nev13714732n1-nev26023664n69">
<ptxt id="nev13714732n1-nev26023664n70">Install the screw.</ptxt>
</para>
<para id="nev13714732n1-nev26023664n67">
<ptxt id="nev13714732n1-nev26023664n68">
<torque id="nev13714732n1-nev25311986n29">
<ref id="nev13714732n1-nev25311986n27"/>
</torque>
</ptxt>
</para>
</graphtext>
</grate>
</procstep>
<procstep id="nev13714732n1-nev24946898n58">
<grate id="nev13714732n1-nev26023664n65">
<graphic id="nev13714732n1-nev26023664n66">
<href>0900c8af8633d96#@#@#9#.jpeg</href>
</graphic>
<graphtext id="nev13714732n1-nev26023710n1">
<para id="nev13714732n1-nev26023664n63">
<ptxt id="nev13714732n1-nev26023664n64">Install the screws.</ptxt>
</para>
</graphtext>
</grate>
</procstep>
</stepgrp>
</procedure>
</servinfosub>