<?xml version="1.0" encoding="UTF-8"?><servinfosub IE-ID="en-US0900c8af800ded07" docno="VCC-144182" id="KC01354675" xml:lang="en-US">
<title>
<phrase category="" id="KC09432623" phrase-urn="urn:x-nevis:phrase:0800c8af827059f5">Add or Remove r#@#@#9#trols</phrase>
</title>
<diagnostic type="test">
<testgrp IE-ID="en-US0900c8af800ded07_KC01354677" id="KC01354677" j2008use="1" paperuse="1" resumable="1" screenuse="1" testgrp-id="orderandload" x="240" y="200">
<title>
<phrase category="" id="KC09432624" phrase-urn="urn:x-nevis:phrase:0800c8af827059f6">Ordering softwa#@#@#17#trols</phrase>
</title>
<node>
<test1>
<test2>
<para>
<ptxt>
<phrase category="" id="KC09432625" phrase-urn="urn:x-nevis:phrase:0800c8af827059f7">Two actions can#@#@#53#ware:</phrase>
</ptxt>
</para>
<list1>
<item>
<ptxt>
<phrase category="" id="KC09432626" phrase-urn="urn:x-nevis:phrase:0800c8af827059f8">1. Add remote c#@#@#77#lable</phrase>
</ptxt>
</item>
<item>
<ptxt>
<phrase category="" id="KC09432627" phrase-urn="urn:x-nevis:phrase:0800c8af827059f9">2. Remove remot#@#@#173#sing.</phrase>
</ptxt>
</item>
</list1>
<warning>
<ptxt>
<phrase category="" id="KC09432628" phrase-urn="urn:x-nevis:phrase:0800c8af827059fa">This software m#@#@#170#ain. </phrase>
</ptxt>
</warning>
<para>
<ptxt>
<phrase category="" id="KC09432629" phrase-urn="urn:x-nevis:phrase:0800c8af827059fb">Order software #@#@#23# See <swfunction action="order" id="KC09432630"/>.</phrase>
</ptxt>
</para>
<para>
<ptxt>
<phrase category="" id="KC09432631" phrase-urn="urn:x-nevis:phrase:0800c8af827059fc">Download the so#@#@#124# See <swfunction action="load" id="KC09432632"/>.</phrase>
</ptxt>
</para>
<para>
<ptxt>
<phrase category="" id="KC09432633" phrase-urn="urn:x-nevis:phrase:0800c8af827059fd">If a new remote#@#@#52#ked. </phrase>
</ptxt>
</para>
<para>
<ptxt>
<phrase category="" id="KC09432634" phrase-urn="urn:x-nevis:phrase:0800c8af827059fe">Check that no d#@#@#37#ored.</phrase>
</ptxt>
</para>
</test2>
</test1>
<question>
Select Continue.
</question>
<resact-grp>
<result button="cont" comp="button" highlight="0"/>
<action j2008use="1" paperuse="1" screenuse="1">
<return value="DONE"/>
</action>
</resact-grp>
</node>
</testgrp>
</diagnostic>
</servinfosub>