<?xml version="1.0" encoding="UTF-8"?><servinfosub IE-ID="en-US0900c8af857ded07" docno="VCC-445323" id="nev17669197n1" xml:lang="en-US">
<title id="nev17669197n2">Description of #@#@#8#alues</title>
<procedure id="nev17669197n3">
<procstep id="nev17669197n4">
<title id="nev17669197n5">Explanation</title>
<para id="nev17669197n6">
<ptxt id="nev17669197n7">Frozen values a#@#@#78#ored.</ptxt>
</para>
<para id="nev17669197n8">
<ptxt id="nev17669197n9">Not all paramet#@#@#223#ored.</ptxt>
</para>
</procstep>
<procstep id="nev17669197n10">
<title id="nev17669198n1">Total mileage, value</title>
<para id="nev17669198n2">
<ptxt id="nev17669198n3">Measurement ran#@#@#13#00 km</ptxt>
<ptxt id="nev17669198n4">The value indic#@#@#81#ated.</ptxt>
</para>
</procstep>
<procstep id="nev17669198n5">
<title id="nev17669198n6">MECU power supp#@#@#4#value</title>
<para id="nev17669198n7">
<ptxt id="nev17669198n8">Measurement ran#@#@#5#-63 V</ptxt>
<ptxt id="nev17669198n9">Normal range: 1#@#@#7#4.5 V</ptxt>
<ptxt id="nev17669198n10">The value indic#@#@#108#ored.</ptxt>
</para>
</procstep>
<procstep id="nev17669199n1">
<title id="nev17669199n2">Passenger compa#@#@#20#value</title>
<para id="nev17669199n3">
<ptxt id="nev17669199n4">Measurement ran#@#@#11#15 °C</ptxt>
<ptxt id="nev17669199n5">The value indic#@#@#88#ored.</ptxt>
</para>
</procstep>
<procstep id="nev17669199n6">
<title id="nev17669199n7">Outside tempera#@#@#6#value</title>
<para id="nev17669199n8">
<ptxt id="nev17669199n9">Measurement ran#@#@#12#15 °C</ptxt>
<ptxt id="nev17669199n10">The value indic#@#@#73#tored</ptxt>
</para>
</procstep>
<procstep id="nev17669200n1">
<title id="nev17669200n2">Power supply po#@#@#9#tatus</title>
<para id="nev17669200n3">
<ptxt id="nev17669200n4">The value indic#@#@#98#ored.</ptxt>
</para>
<list1 id="nev17669200n5">
<item id="nev17669200n6">
<ptxt id="nev17669200n7">Key removed</ptxt>
</item>
<item id="nev17669200n8">
<ptxt id="nev17669200n9">Key recently removed</ptxt>
</item>
<item id="nev17669200n10">
<ptxt id="nev17669201n1">Key approved</ptxt>
</item>
<item id="nev17669201n2">
<ptxt id="nev17669201n3">Ignition off af#@#@#17#ition</ptxt>
</item>
<item id="nev17669201n4">
<ptxt id="nev17669201n5">Accessory position</ptxt>
</item>
<item id="nev17669201n6">
<ptxt id="nev17669201n7">Accessory posit#@#@#16#on on</ptxt>
</item>
<item id="nev17669201n8">
<ptxt id="nev17669201n9">Ignition on</ptxt>
</item>
<item id="nev17669201n10">
<ptxt id="nev17669202n1">Running</ptxt>
</item>
<item id="nev17669202n2">
<ptxt id="nev17669202n3">Start attempts</ptxt>
</item>
</list1>
<para id="nev17669202n4"/>
</procstep>
</procedure>
</servinfosub>