<?xml version="1.0" encoding="UTF-8"?><servinfosub IE-ID="en-US0900c8af80149d07" docno="VCC-145192" id="KC01139907" servinfosubId="nev20687476n1-nev20687476n2" servinfosubRes="0900c8af862c3193" servinfosubRes2="urn:x-nevis:fragment:0900c8af80149d07:0900c8af862c3193#nev20687476n2" xml:lang="en-US">
<title>Function</title>
<topic id="nev20687476n1-KC01167806">
<title>Central locking</title>
<para>
<ptxt>See Design and #@#@#21#king.</ptxt>
</para>
</topic>
<topic id="nev20687476n1-KC01167807">
<title>Operating windows</title>
<grate pgwide="1">
<graphic id="nev20687476n1-KC05130228">
<href>0900c8af8005b1c#@#@#9#.jpeg</href>
</graphic>
</grate>
<para>
<ptxt>Window control #@#@#603#ions.</ptxt>
</para>
<para>
<ptxt>More detailed i#@#@#116#CEM).</ptxt>
</para>
<para>
<ptxt>The passenger d#@#@#234#/60).</ptxt>
</para>
<para>
<ptxt> If the child l#@#@#315#tion.</ptxt>
</para>
</topic>
<topic id="nev20687476n1-KC01167808">
<title>Functions in th#@#@#9#rrors</title>
<para>
<ptxt>The functions i#@#@#273#ment.</ptxt>
</para>
<grate pgwide="1">
<title>Adjusting the m#@#@#9#ition</title>
<graphic id="nev20687476n1-KC05130229">
<href>0900c8af8005b1d#@#@#9#.jpeg</href>
</graphic>
</grate>
<para>
<ptxt>The position of#@#@#371#AN). </ptxt>
</para>
<para>
<ptxt>If the car has #@#@#590# car.</ptxt>
<ptxt>There is more d#@#@#83#PSM).</ptxt>
</para>
<grate pgwide="1">
<title>Folding in the #@#@#7#rrors</title>
<graphic id="nev20687476n1-KC05130230">
<href>0900c8af8005b1c#@#@#9#.jpeg</href>
</graphic>
</grate>
<para>
<ptxt>Mirror folding #@#@#448#out. </ptxt>
</para>
<grate pgwide="1">
<title>Heating the mirrors</title>
<graphic id="nev20687476n1-KC05130231">
<href>0900c8af8005b1c#@#@#9#.jpeg</href>
</graphic>
</grate>
<para>
<ptxt>Mirror heating #@#@#675#ways:</ptxt>
</para>
<list1 enumtype="d" type="unordered">
<item>
<ptxt>If the switch f#@#@#143#(CEM)</ptxt>
</item>
<item>
<ptxt>The heating swi#@#@#215#vated</ptxt>
</item>
<item>
<ptxt>The heating is #@#@#45# off.</ptxt>
</item>
</list1>
<grate pgwide="1">
<title>Local lighting/#@#@#9#hting</title>
<graphic id="nev20687476n1-KC05130232">
<href>0900c8af8005b1c#@#@#9#.jpeg</href>
</graphic>
</grate>
<para>
<ptxt>The local light#@#@#827#d on.</ptxt>
</para>
<para>
<ptxt>The guide light#@#@#617#nds).</ptxt>
</para>
<grate pgwide="1">
<title>Measuring the o#@#@#13#ature</title>
<graphic id="nev20687476n1-KC05130233">
<href>0900c8af8005b1d#@#@#9#.jpeg</href>
</graphic>
</grate>
<para>
<ptxt>The outside tem#@#@#511#5/1).</ptxt>
</para>
</topic>
<topic id="nev20687476n1-KC01167809">
<title>Door open warni#@#@#2# lamp</title>
<grate pgwide="1">
<graphic id="nev20687476n1-KC05130234">
<href>0900c8af8005b1d#@#@#9#.jpeg</href>
</graphic>
</grate>
<para>
<ptxt>The door open w#@#@#670#lamp.</ptxt>
</para>
</topic>
</servinfosub>