<?xml version="1.0" encoding="UTF-8"?><servinfosub IE-ID="en-US0900c8af808eb402" docno="VCC-112476" id="KC02386517" xml:lang="en-US">
<title>
<phrase category="" id="KC06384091" phrase-urn="urn:x-nevis:phrase:0800c8af818aa06d">Signal missing</phrase>
</title>
<diagnostic j2008use="1" paperuse="1" screenuse="1" type="test">
<testgrp IE-ID="en-US0900c8af808eb402_KC02418932" id="KC02418932" j2008use="1" paperuse="1" resumable="1" screenuse="1" testgrp-id="node1" x="120" y="80">
<title>
<phrase category="" id="KC06384092" phrase-urn="urn:x-nevis:phrase:0800c8af818aa07b">Checking the te#@#@#11#ensor</phrase>
</title>
<node>
<hint>
<ptxt>
<phrase category="" id="KC06384093" phrase-urn="urn:x-nevis:phrase:0800c8af818aa089">In some cases, #@#@#138#rst. </phrase>
</ptxt>
</hint>
<test1>
<diaglist>
<dgraphic>
<dgraphic1>
<graphic id="KC06384094">
<href>0900c8af80054d4#@#@#9#.jpeg</href>
</graphic>
</dgraphic1>
</dgraphic>
<ditem>
<ptxt>
<phrase category="" id="KC06384095" phrase-urn="urn:x-nevis:phrase:0800c8af818aa097">Ignition off.</phrase>
</ptxt>
</ditem>
<ditem>
<ptxt>
<phrase category="" id="KC06384096" phrase-urn="urn:x-nevis:phrase:0800c8af818aa0a7">Read off the oi#@#@#9#ture.</phrase>
</ptxt>
</ditem>
</diaglist>
<test2>
<ptxt>
<phrase category="" id="KC06384097" phrase-urn="urn:x-nevis:phrase:0800c8af818aa0b6">Check that the #@#@#184#ased.</phrase>
</ptxt>
<hint>
<ptxt>
<phrase category="" id="KC06384098" phrase-urn="urn:x-nevis:phrase:0800c8af818aa0c3">If the temperat#@#@#67#sor. </phrase>
</ptxt>
</hint>
<diaglist>
<dgraphic>
<dgraphic2>
<graphic id="KC06384099">
<href>0900c8af86c8681#@#@#9#.jpeg</href>
</graphic>
<smarttool active="press" id="KC06384100" toolname="XTCMA506"/>
</dgraphic2>
</dgraphic>
<ditem>
<ditemtext>
<ptxt>
<phrase category="" id="KC06384101" phrase-urn="urn:x-nevis:phrase:0800c8af818aa0d4"/>
</ptxt>
</ditemtext>
</ditem>
</diaglist>
</test2>
</test1>
<question>Is the oil temp#@#@#30#ange?</question>
<resact-grp>
<result button="yes" comp="button" highlight="0"/>
<action j2008use="1" paperuse="1" screenuse="1">
<ptxt>
<xref>
<ref id="KC06384102"/>
</xref>
</ptxt>
</action>
</resact-grp>
<resact-grp>
<result button="no" comp="button" highlight="0"/>
<action j2008use="1" paperuse="1" screenuse="1">
<ptxt>
<xref>
<ref id="KC06384103"/>
</xref>
</ptxt>
</action>
</resact-grp>
</node>
</testgrp>
<testgrp id="KC02418933" j2008use="1" paperuse="1" resumable="1" screenuse="1" testgrp-id="node1a" x="120" y="160">
<title>
<phrase category="" id="KC06384104" phrase-urn="urn:x-nevis:phrase:0800c8af818aa0e4">Checking shift #@#@#6#id S1</phrase>
</title>
<node>
<test1>
<diaglist>
<dgraphic>
<dgraphic1>
<graphic id="KC06384105">
<href>0900c8af80054d5#@#@#9#.jpeg</href>
</graphic>
</dgraphic1>
</dgraphic>
<ditem>
<ptxt>
<phrase category="" id="KC06384106" phrase-urn="urn:x-nevis:phrase:0800c8af818aa0f4">Ignition on.</phrase>
</ptxt>
</ditem>
<ditem>
<ptxt>
<phrase category="" id="KC06384107" phrase-urn="urn:x-nevis:phrase:0800c8af818aa104">Gear selector i#@#@#8#on P.</phrase>
</ptxt>
</ditem>
<ditem>
<ptxt>
<phrase category="" id="KC06384108" phrase-urn="urn:x-nevis:phrase:0800c8af818a9cb7">Activate soleno#@#@#1#d S1.</phrase>
</ptxt>
</ditem>
</diaglist>
<test2>
<ptxt>
<phrase category="" id="KC06384109" phrase-urn="urn:x-nevis:phrase:0800c8af818a9cc7">The current sho#@#@#43#.5 A.</phrase>
</ptxt>
<diaglist>
<dgraphic>
<dgraphic2>
<graphic id="KC06384110">
<href>0900c8af86c8681#@#@#9#.jpeg</href>
</graphic>
<smarttool active="press" id="KC06384111" toolname="XTCMA556"/>
</dgraphic2>
</dgraphic>
<ditem>
<ditemtext>
<ptxt>
<phrase category="" id="KC06384112" phrase-urn="urn:x-nevis:phrase:0800c8af818a9ccd"/>
</ptxt>
</ditemtext>
</ditem>
</diaglist>
</test2>
</test1>
<question>Does the curren#@#@#7#late?</question>
<resact-grp>
<result button="yes" comp="button" highlight="0"/>
<action j2008use="1" paperuse="1" screenuse="1">
<ptxt>
<xref>
<ref id="KC06384113"/>
</xref>
</ptxt>
</action>
</resact-grp>
<resact-grp>
<result button="no" comp="button" highlight="0"/>
<action j2008use="1" paperuse="1" screenuse="1">
<ptxt>
<xref>
<ref id="KC06384114"/>
</xref>
</ptxt>
</action>
</resact-grp>
</node>
</testgrp>
<testgrp id="KC02418934" j2008use="1" paperuse="1" resumable="1" screenuse="1" testgrp-id="node2" x="120" y="240">
<title>
<phrase category="" id="KC06384115" phrase-urn="urn:x-nevis:phrase:0800c8af818a9cdc">Checking resistance </phrase>
</title>
<node>
<test1>
<diaglist>
<dgraphic>
<dgraphic1>
<graphic id="KC06384116">
<href>0900c8af80054d4#@#@#9#.jpeg</href>
</graphic>
</dgraphic1>
</dgraphic>
<ditem>
<ptxt>
<phrase category="" id="KC06384117" phrase-urn="urn:x-nevis:phrase:0800c8af818a9ce9">Ignition off.</phrase>
</ptxt>
</ditem>
<ditem>
<ptxt>
<phrase category="" id="KC06384118" phrase-urn="urn:x-nevis:phrase:0800c8af818a9cf2">Disconnect the #@#@#18#ctor.</phrase>
</ptxt>
</ditem>
</diaglist>
<test2>
<para>
<ptxt>
<phrase category="" id="KC06384119" phrase-urn="urn:x-nevis:phrase:0800c8af818a9d03">Check solenoid #@#@#132#6 Ω. </phrase>
</ptxt>
</para>
<list1 enumtype="d" type="unordered">
<title>
<phrase category="" id="KC06384120" phrase-urn="urn:x-nevis:phrase:0800c8af818a9d0c">Other information:</phrase>
</title>
<item>
<ptxt>
<phrase category="" id="KC06384121" phrase-urn="urn:x-nevis:phrase:0800c8af818a9d1b">To disconnect t#@#@#26# see <xref>
<ref id="KC06384122"/>
</xref>.</phrase>
</ptxt>
</item>
<item>
<ptxt>
<phrase category="" id="KC06384123" phrase-urn="urn:x-nevis:phrase:0800c8af818a9d28">For information#@#@#15# see <xref>
<ref id="KC06384124"/>
</xref>. </phrase>
</ptxt>
</item>
</list1>
<diaglist>
<dgraphic>
<dgraphic2>
<graphic id="KC06384125">
<href>0900c8af80054d4#@#@#9#.jpeg</href>
</graphic>
<smarttool active="press" id="KC06384126" toolname="ODAH"/>
</dgraphic2>
</dgraphic>
<ditem>
<ditemtext>
<ptxt>
<phrase category="" id="KC06384127" phrase-urn="urn:x-nevis:phrase:0800c8af818a9d36"/>
</ptxt>
</ditemtext>
</ditem>
</diaglist>
<grate>
<graphic id="KC06384128">
<href>0900c8af803f578#@#@#9#.jpeg</href>
</graphic>
</grate>
</test2>
</test1>
<question>Was the resista#@#@#2#e OK?</question>
<resact-grp>
<result button="yes" comp="button" highlight="0"/>
<action j2008use="1" paperuse="1" screenuse="1">
<ptxt>
<xref>
<ref id="KC06384129"/>
</xref>
</ptxt>
</action>
</resact-grp>
<resact-grp>
<result button="no" comp="button" highlight="0"/>
<action j2008use="1" paperuse="1" screenuse="1">
<ptxt>
<xref>
<ref id="KC06384130"/>
</xref>
</ptxt>
</action>
</resact-grp>
</node>
</testgrp>
<testgrp id="KC02418935" j2008use="1" paperuse="1" resumable="1" screenuse="1" testgrp-id="node3" x="120" y="320">
<title>
<phrase category="" id="KC06384131" phrase-urn="urn:x-nevis:phrase:0800c8af818a9d44">Checking the wiring </phrase>
</title>
<node>
<test1>
<diaglist>
<dgraphic>
<dgraphic1>
<graphic id="KC06384132">
<href>0900c8af80054d4#@#@#9#.jpeg</href>
</graphic>
</dgraphic1>
</dgraphic>
<ditem>
<ptxt>
<phrase category="" id="KC06384133" phrase-urn="urn:x-nevis:phrase:0800c8af818a9d53">Ignition off.</phrase>
</ptxt>
</ditem>
</diaglist>
<test2>
<para>
<ptxt>
<phrase category="" id="KC06384134" phrase-urn="urn:x-nevis:phrase:0800c8af818a9d61">Check the cable#@#@#135#g to <xref>
<ref id="KC06384135"/>
</xref>.</phrase>
</ptxt>
</para>
<para>
<ptxt>
<phrase category="" id="KC06384136" phrase-urn="urn:x-nevis:phrase:0800c8af818a9d6e">Remedy as necessary.</phrase>
</ptxt>
</para>
<list1 enumtype="d" type="unordered">
<title>
<phrase category="" id="KC06384137" phrase-urn="urn:x-nevis:phrase:0800c8af818a9d7e">Other information:</phrase>
</title>
<item>
<ptxt>
<phrase category="" id="KC06384138" phrase-urn="urn:x-nevis:phrase:0800c8af818a9d8d">To connect the #@#@#13# see <xref>
<ref id="KC06384139"/>
</xref>. </phrase>
</ptxt>
</item>
<item>
<ptxt>
<phrase category="" id="KC06384140" phrase-urn="urn:x-nevis:phrase:0800c8af818a9d99">To disconnect t#@#@#26# see <xref>
<ref id="KC06384141"/>
</xref>.</phrase>
</ptxt>
</item>
<item>
<ptxt>
<phrase category="" id="KC06384142" phrase-urn="urn:x-nevis:phrase:0800c8af818a9da6">For information#@#@#15# see <xref>
<ref id="KC06384143"/>
</xref>. </phrase>
</ptxt>
</item>
</list1>
<diaglist>
<dgraphic>
<dgraphic2>
<graphic id="KC06384144">
<href>0900c8af80054d4#@#@#9#.jpeg</href>
</graphic>
<smarttool active="press" id="KC06384145" toolname="ODAH"/>
</dgraphic2>
</dgraphic>
<ditem>
<ditemtext>
<ptxt>
<phrase category="" id="KC06384146" phrase-urn="urn:x-nevis:phrase:0800c8af818a9db3"/>
</ptxt>
</ditemtext>
</ditem>
</diaglist>
<grate>
<graphic id="KC06384147">
<href>0900c8af803f578#@#@#9#.jpeg</href>
</graphic>
</grate>
</test2>
</test1>
<question>Was a fault det#@#@#1#cted?</question>
<resact-grp>
<result button="yes" comp="button" highlight="0"/>
<action j2008use="1" paperuse="1" screenuse="1">
<ptxt>
<xref>
<ref id="KC06384148"/>
</xref>
</ptxt>
</action>
</resact-grp>
<resact-grp>
<result button="no" comp="button" highlight="0"/>
<action j2008use="1" paperuse="1" screenuse="1">
<ptxt>
<xref>
<ref id="KC06384149"/>
</xref>
</ptxt>
</action>
</resact-grp>
</node>
</testgrp>
<testgrp id="KC02418936" j2008use="1" paperuse="1" resumable="1" screenuse="1" testgrp-id="node4" x="120" y="400">
<title>
<phrase category="" id="KC06384150" phrase-urn="urn:x-nevis:phrase:0800c8af818a9dbf">Checking the co#@#@#7#odule</phrase>
</title>
<node>
<test1>
<diaglist>
<dgraphic>
<dgraphic1>
<graphic id="KC06384151">
<href>0900c8af80054d4#@#@#9#.jpeg</href>
</graphic>
</dgraphic1>
<dgraphic2>
<graphic id="KC06384152">
<href>0900c8af80054d7#@#@#9#.jpeg</href>
</graphic>
</dgraphic2>
<dgraphic3>
<graphic id="KC06384153">
<href>0900c8af80054cc#@#@#9#.jpeg</href>
</graphic>
</dgraphic3>
</dgraphic>
<ditem>
<ptxt>
<phrase category="" id="KC06384154" phrase-urn="urn:x-nevis:phrase:0800c8af818a9dcc">Ignition off.</phrase>
</ptxt>
</ditem>
<ditem>
<ptxt>
<phrase category="" id="KC06384155" phrase-urn="urn:x-nevis:phrase:0800c8af818a9ddd">The breakout bo#@#@#7#cted.</phrase>
</ptxt>
</ditem>
<ditem>
<ptxt>
<phrase category="" id="KC06384156" phrase-urn="urn:x-nevis:phrase:0800c8af818a9dec">Connect the con#@#@#7#dule.</phrase>
</ptxt>
</ditem>
<ditem>
<ptxt>
<phrase category="" id="KC06384157" phrase-urn="urn:x-nevis:phrase:0800c8af818a9dfa">The transmissio#@#@#20#cted.</phrase>
</ptxt>
</ditem>
<ditem>
<ptxt>
<phrase category="" id="KC06384158" phrase-urn="urn:x-nevis:phrase:0800c8af818a9e06">Gear selector i#@#@#8#on P.</phrase>
</ptxt>
</ditem>
</diaglist>
<test2>
<para>
<ptxt>
<phrase category="" id="KC06384159" phrase-urn="urn:x-nevis:phrase:0800c8af818a9e11">Check the trans#@#@#161#9 kΩ.</phrase>
</ptxt>
</para>
<note>
<ptxt>
<phrase category="" id="KC06384160" phrase-urn="urn:x-nevis:phrase:0800c8af818a9e21">When removing t#@#@#167# etc.</phrase>
</ptxt>
</note>
<para>
<ptxt>
<phrase category="" id="KC06384161" phrase-urn="urn:x-nevis:phrase:0800c8af818a9e2f">Try a new contr#@#@#35#nite.</phrase>
</ptxt>
</para>
<list1 enumtype="d" type="unordered">
<title>
<phrase category="" id="KC06384162" phrase-urn="urn:x-nevis:phrase:0800c8af818a9e3d">Other information:</phrase>
</title>
<item>
<ptxt>
<phrase category="" id="KC06384163" phrase-urn="urn:x-nevis:phrase:0800c8af818a9e4a">To disconnect t#@#@#26# see <xref>
<ref id="KC06384164"/>
</xref>.</phrase>
</ptxt>
</item>
<item>
<ptxt>
<phrase category="" id="KC06384165" phrase-urn="urn:x-nevis:phrase:0800c8af818a9e5a">To replace the #@#@#15# see <xref>
<ref id="KC06384166"/>
</xref>. </phrase>
</ptxt>
</item>
<item>
<ptxt>
<phrase category="" id="KC06384167" phrase-urn="urn:x-nevis:phrase:0800c8af818a9e69">For information#@#@#15# see <xref>
<ref id="KC06384168"/>
</xref>. </phrase>
</ptxt>
</item>
</list1>
<diaglist>
<dgraphic>
<dgraphic1>
<graphic id="KC06384169">
<href>0900c8af8005444#@#@#9#.jpeg</href>
</graphic>
</dgraphic1>
<dgraphic2>
<graphic id="KC06384170">
<href>0900c8af80054d4#@#@#9#.jpeg</href>
</graphic>
<smarttool active="auto" id="KC06384171" toolname="ODA"/>
</dgraphic2>
</dgraphic>
<ditem>
<ditemtext>
<ptxt>
<phrase category="" id="KC06384172" phrase-urn="urn:x-nevis:phrase:0800c8af818a9e74"/>
</ptxt>
</ditemtext>
</ditem>
</diaglist>
</test2>
</test1>
<question>Was the resista#@#@#2#e OK?</question>
<resact-grp>
<result button="yes" comp="button" highlight="0"/>
<action j2008use="1" paperuse="1" screenuse="1">
<return value="FAULT NOT FOUND"/>
</action>
</resact-grp>
<resact-grp>
<result button="no" comp="button" highlight="0"/>
<action j2008use="1" paperuse="1" screenuse="1">
<ptxt>
<xref>
<ref id="KC06384173"/>
</xref>
</ptxt>
</action>
</resact-grp>
</node>
</testgrp>
<testgrp id="KC02418937" j2008use="1" paperuse="1" resumable="1" screenuse="1" testgrp-id="node5" x="120" y="480">
<title>
<phrase category="" id="KC06384174" phrase-urn="urn:x-nevis:phrase:0800c8af818a9e83">Checking the wi#@#@#13#onent</phrase>
</title>
<node>
<test1>
<diaglist>
<dgraphic>
<dgraphic1>
<graphic id="KC06384175">
<href>0900c8af80054d4#@#@#9#.jpeg</href>
</graphic>
</dgraphic1>
</dgraphic>
<ditem>
<ptxt>
<phrase category="" id="KC06384176" phrase-urn="urn:x-nevis:phrase:0800c8af818a9e92">Ignition off.</phrase>
</ptxt>
</ditem>
<ditem>
<ptxt>
<phrase category="" id="KC06384177" phrase-urn="urn:x-nevis:phrase:0800c8af818a9e9f">Open the contro#@#@#4#stem.</phrase>
</ptxt>
</ditem>
</diaglist>
<test2>
<para>
<ptxt>
<phrase category="" id="KC06384178" phrase-urn="urn:x-nevis:phrase:0800c8af818a9ead">Check the cable#@#@#127#g to <xref>
<ref id="KC06384179"/>
</xref>.</phrase>
</ptxt>
</para>
<hint>
<list1>
<item>
<ptxt>
<phrase category="" id="KC06384180" phrase-urn="urn:x-nevis:phrase:0800c8af818a9eb9">Check solenoid #@#@#119#16 Ω.</phrase>
</ptxt>
</item>
</list1>
</hint>
<para>
<ptxt>
<phrase category="" id="KC06384181" phrase-urn="urn:x-nevis:phrase:0800c8af818a9ec6">Remedy as necessary.</phrase>
</ptxt>
</para>
<list1 enumtype="d" type="unordered">
<title>
<phrase category="" id="KC06384182" phrase-urn="urn:x-nevis:phrase:0800c8af818a9ed4">Other information:</phrase>
</title>
<item>
<ptxt>
<phrase category="" id="KC06384183" phrase-urn="urn:x-nevis:phrase:0800c8af818a9ee2">To disconnect t#@#@#26# see <xref>
<ref id="KC06384184"/>
</xref>.</phrase>
</ptxt>
</item>
<item>
<ptxt>
<phrase category="" id="KC06384185" phrase-urn="urn:x-nevis:phrase:0800c8af818a9eee">To replace the #@#@#23# see <xref>
<ref id="KC06384186"/>
</xref>. </phrase>
</ptxt>
</item>
<item>
<ptxt>
<phrase category="" id="KC06384187" phrase-urn="urn:x-nevis:phrase:0800c8af818a9efc">To open the con#@#@#48# see <xref>
<ref id="KC06384188"/>
</xref>.</phrase>
</ptxt>
</item>
<item>
<ptxt>
<phrase category="" id="KC06384189" phrase-urn="urn:x-nevis:phrase:0800c8af818a9f08">For information#@#@#15# see <xref>
<ref id="KC06384190"/>
</xref>. </phrase>
</ptxt>
</item>
</list1>
<diaglist>
<dgraphic>
<dgraphic1>
<graphic id="KC06384191">
<href>0900c8af803f574#@#@#9#.jpeg</href>
</graphic>
</dgraphic1>
<dgraphic2>
<graphic id="KC06384192">
<href>0900c8af80054d4#@#@#9#.jpeg</href>
</graphic>
<smarttool active="press" id="KC06384193" toolname="ODAH"/>
</dgraphic2>
</dgraphic>
<ditem>
<ditemtext>
<ptxt>
<phrase category="" id="KC06384194" phrase-urn="urn:x-nevis:phrase:0800c8af818a9f17"/>
</ptxt>
</ditemtext>
</ditem>
</diaglist>
<grate>
<graphic id="KC06384195">
<href>0900c8af803f578#@#@#9#.jpeg</href>
</graphic>
</grate>
</test2>
</test1>
<question>Select Continue#@#@#29#died.</question>
<resact-grp>
<result button="cont" comp="button" highlight="0"/>
<action j2008use="1" paperuse="1" screenuse="1">
<ptxt>
<xref>
<ref id="KC06384196"/>
</xref>
</ptxt>
</action>
</resact-grp>
</node>
</testgrp>
<testgrp id="KC02418938" j2008use="1" paperuse="1" resumable="1" screenuse="1" testgrp-id="adapt" x="120" y="560">
<title>
<phrase category="" id="KC06384197" phrase-urn="urn:x-nevis:phrase:0800c8af818a9f25">Resetting the a#@#@#28#unter</phrase>
</title>
<subcalloutnode>
<diagcallout>
<xref>
<ref id="KC06384198"/>
</xref>
</diagcallout>
<rescall-grp>
<result comp="string" highlight="0" op="eq" return="DONE"/>
<calloutaction>
<ptxt>
<xref>
<ref id="KC06384199"/>
</xref>
</ptxt>
</calloutaction>
</rescall-grp>
</subcalloutnode>
</testgrp>
<testgrp id="KC02418939" j2008use="1" paperuse="1" resumable="1" screenuse="1" testgrp-id="verifnode" x="280" y="160">
<title>
<phrase category="" id="KC06384200" phrase-urn="urn:x-nevis:phrase:0800c8af818a9f33">Verification</phrase>
</title>
<node>
<test1>
<hint>
<ptxt>
<phrase category="" id="KC06384201" phrase-urn="urn:x-nevis:phrase:0800c8af818a9f40">After carrying #@#@#50#died.</phrase>
</ptxt>
</hint>
<diaglist>
<dgraphic>
<dgraphic1>
<graphic id="KC06384202">
<href>0900c8af80054d5#@#@#9#.jpeg</href>
</graphic>
</dgraphic1>
</dgraphic>
<ditem>
<ptxt>
<phrase category="" id="KC06384203" phrase-urn="urn:x-nevis:phrase:0800c8af818a9f4d">Ignition on.</phrase>
</ptxt>
</ditem>
<ditem>
<ptxt>
<phrase category="" id="KC06384204" phrase-urn="urn:x-nevis:phrase:0800c8af818a9f5c">Gear selector i#@#@#8#on P.</phrase>
</ptxt>
</ditem>
<ditem>
<ptxt>
<phrase category="" id="KC06384205" phrase-urn="urn:x-nevis:phrase:0800c8af818a9f69">Activate soleno#@#@#1#d S1.</phrase>
</ptxt>
</ditem>
</diaglist>
<test2>
<ptxt>
<phrase category="" id="KC06384206" phrase-urn="urn:x-nevis:phrase:0800c8af818a9f78">The current sho#@#@#43#.5 A.</phrase>
</ptxt>
<diaglist>
<dgraphic>
<dgraphic2>
<graphic id="KC06384207">
<href>0900c8af86c8681#@#@#9#.jpeg</href>
</graphic>
<smarttool active="press" id="KC06384208" toolname="XTCMA556"/>
</dgraphic2>
</dgraphic>
<ditem>
<ditemtext>
<ptxt>
<phrase category="" id="KC06384209" phrase-urn="urn:x-nevis:phrase:0800c8af818a9f84"/>
</ptxt>
</ditemtext>
</ditem>
</diaglist>
</test2>
</test1>
<question>Does the curren#@#@#7#late?</question>
<resact-grp>
<result button="yes" comp="button" highlight="0"/>
<action j2008use="1" paperuse="1" screenuse="1">
<return value="FAULT FOUND"/>
</action>
</resact-grp>
<resact-grp>
<result button="no" comp="button" highlight="0"/>
<action j2008use="1" paperuse="1" screenuse="1">
<ptxt>
<xref>
<ref id="KC06384210"/>
</xref>
</ptxt>
</action>
</resact-grp>
</node>
</testgrp>
<testgrp id="KC02418940" j2008use="1" paperuse="0" resumable="1" screenuse="1" testgrp-id="info1" x="440" y="160">
<title>
<phrase category="" id="KC06384211" phrase-urn="urn:x-nevis:phrase:0800c8af818a9f8f">Fault-tracing i#@#@#5#ation</phrase>
</title>
<subcalloutnode>
<diagcallout>
<xref>
<ref id="KC06384212"/>
</xref>
</diagcallout>
<rescall-grp>
<result comp="string" highlight="0" op="eq" return="FAULTTRACING FAILED"/>
<calloutaction>
<return value="FAULTTRACING FAILED"/>
</calloutaction>
</rescall-grp>
<rescall-grp>
<result comp="string" highlight="0" op="eq" return="NEW TRY"/>
<calloutaction>
<ptxt>
<xref>
<ref id="KC06384213"/>
</xref>
</ptxt>
</calloutaction>
</rescall-grp>
</subcalloutnode>
</testgrp>
<testgrp id="KC02418941" j2008use="1" paperuse="1" resumable="1" screenuse="1" testgrp-id="intnode" x="280" y="80">
<title>
<phrase category="" id="KC06384214" phrase-urn="urn:x-nevis:phrase:0800c8af818a9f9d">Intermittent fault</phrase>
</title>
<node>
<test1>
<test2>
<ptxt>
<phrase category="" id="KC06384215" phrase-urn="urn:x-nevis:phrase:0800c8af818a9fab">Check the contr#@#@#83#g to <xref>
<ref id="KC06384216"/>
</xref>
</phrase>
</ptxt>
<ptxt>
<phrase category="" id="KC06384217" phrase-urn="urn:x-nevis:phrase:0800c8af818a9fba">Check the cable#@#@#125#g to <xref>
<ref id="KC06384218"/>
</xref>.</phrase>
</ptxt>
<hint>
<list1>
<item>
<ptxt>
<phrase category="" id="KC06384219" phrase-urn="urn:x-nevis:phrase:0800c8af818a9fc5">Check the circu#@#@#192#16 Ω.</phrase>
</ptxt>
</item>
</list1>
</hint>
<para>
<ptxt>
<phrase category="" id="KC06384220" phrase-urn="urn:x-nevis:phrase:0800c8af818a9fc6">Remedy as necessary.</phrase>
</ptxt>
</para>
<list1 enumtype="d" type="unordered">
<title>
<phrase category="" id="KC06384221" phrase-urn="urn:x-nevis:phrase:0800c8af818a9fc7">Other information:</phrase>
</title>
<item>
<ptxt>
<phrase category="" id="KC06384222" phrase-urn="urn:x-nevis:phrase:0800c8af818a9fc8">To connect the #@#@#13# see <xref>
<ref id="KC06384223"/>
</xref>. </phrase>
</ptxt>
</item>
<item>
<ptxt>
<phrase category="" id="KC06384224" phrase-urn="urn:x-nevis:phrase:0800c8af818a9fd0">To disconnect t#@#@#26# see <xref>
<ref id="KC06384225"/>
</xref>.</phrase>
</ptxt>
</item>
<item>
<ptxt>
<phrase category="" id="KC06384226" phrase-urn="urn:x-nevis:phrase:0800c8af818a9fde">For information#@#@#15# see <xref>
<ref id="KC06384227"/>
</xref>. </phrase>
</ptxt>
</item>
</list1>
<diaglist>
<dgraphic>
<dgraphic1>
<graphic id="KC06384228">
<href>0900c8af8005444#@#@#9#.jpeg</href>
</graphic>
</dgraphic1>
<dgraphic2>
<graphic id="KC06384229">
<href>0900c8af80054d4#@#@#9#.jpeg</href>
</graphic>
<smarttool active="auto" id="KC06384230" toolname="ODA"/>
</dgraphic2>
</dgraphic>
<ditem>
<ditemtext>
<ptxt>
<phrase category="" id="KC06384231" phrase-urn="urn:x-nevis:phrase:0800c8af818a9fed"/>
</ptxt>
</ditemtext>
</ditem>
</diaglist>
<grate>
<graphic id="KC06384232">
<href>0900c8af803f578#@#@#9#.jpeg</href>
</graphic>
</grate>
</test2>
</test1>
<question>Select Continue#@#@#29#died.</question>
<resact-grp>
<result button="cont" comp="button" highlight="0"/>
<action j2008use="1" paperuse="0" screenuse="1">
<ptxt>
<xref>
<ref id="KC06384233"/>
</xref>
</ptxt>
</action>
<action j2008use="0" paperuse="1" screenuse="0">
<return value="DONE"/>
</action>
</resact-grp>
</node>
</testgrp>
<testgrp id="KC02418942" j2008use="1" paperuse="0" resumable="1" screenuse="1" testgrp-id="info2" x="440" y="80">
<title>
<phrase category="" id="KC06384234" phrase-urn="urn:x-nevis:phrase:0800c8af818a9ffc">Fault-tracing i#@#@#5#ation</phrase>
</title>
<subcalloutnode>
<diagcallout>
<xref>
<ref id="KC06384235"/>
</xref>
</diagcallout>
<rescall-grp>
<result comp="string" highlight="0" op="eq" return="NEW TRY"/>
<calloutaction>
<ptxt>
<xref>
<ref id="KC06384236"/>
</xref>
</ptxt>
</calloutaction>
</rescall-grp>
<rescall-grp>
<result comp="string" highlight="0" op="eq" return="DONE"/>
<calloutaction>
<return value="DONE"/>
</calloutaction>
</rescall-grp>
<rescall-grp>
<result comp="string" highlight="0" op="eq" return="FAULT FOUND"/>
<calloutaction>
<return value="FAULT FOUND"/>
</calloutaction>
</rescall-grp>
</subcalloutnode>
</testgrp>
<testgrp id="KC02418943" j2008use="1" paperuse="1" resumable="1" screenuse="1" testgrp-id="tempgivare" x="280" y="240">
<title>
<phrase category="" id="KC06384237" phrase-urn="urn:x-nevis:phrase:0800c8af818aa00a"/>
</title>
<subcalloutnode>
<diagcallout>
<xref>
<ref id="KC06384238"/>
</xref>
</diagcallout>
<rescall-grp>
<result comp="string" highlight="0" op="eq" return="FAULT FOUND"/>
<calloutaction>
<return value="FAULT FOUND"/>
</calloutaction>
</rescall-grp>
<rescall-grp>
<result comp="string" highlight="0" op="eq" return="FAULT NOT FOUND"/>
<calloutaction>
<return value="FAULT NOT FOUND"/>
</calloutaction>
</rescall-grp>
<rescall-grp>
<result comp="string" highlight="0" op="eq" return="FAULTTRACING FAILED"/>
<calloutaction>
<return value="FAULTTRACING FAILED"/>
</calloutaction>
</rescall-grp>
</subcalloutnode>
</testgrp>
</diagnostic>
</servinfosub>