<?xml version="1.0" encoding="UTF-8"?><servinfosub IE-ID="en-US0900c8af80635402" docno="VCC-066487" id="KC02064833" xml:lang="en-US">
<title>Replacing the s#@#@#17#shaft</title>
<procedure opcode="1234" opnbr="1234">
<proctools>
<toolitem id="KC08463735"/>
<toolitem id="KC08463736"/>
</proctools>
<stepgrp>
<procstep>
<title>Preparatory work</title>
<ptxt>This method is #@#@#41#pter <xref>
<ref id="KC08463737"/>
</xref>, <xref>
<ref id="KC08463738"/>
</xref> or <xref>
<ref id="KC08463739"/>
</xref>, and removing #@#@#39#tion <xref>
<ref id="KC08463740"/>
</xref> in this Servic#@#@#4#nual.</ptxt>
</procstep>
<procstep id="KC02339985">
<title>Remove the 3 sc#@#@#30#leeve</title>
<grate>
<graphic id="KC08463741" width="column">
<href>0900c8af8063541#@#@#9#.jpeg</href>
</graphic>
<graphtext>
<ptxt/>
</graphtext>
</grate>
</procstep>
<procstep id="KC02339986">
<title>Remove the O-ri#@#@#22#leeve</title>
<grate>
<graphic id="KC08463742" width="column">
<href>0900c8af8063541#@#@#9#.jpeg</href>
</graphic>
<graphtext>
<ptxt/>
</graphtext>
</grate>
</procstep>
<procstep id="KC02339987">
<title>Install the new#@#@#1#seal </title>
<grate>
<graphic id="KC08463743" width="column">
<href>0900c8af8063541#@#@#9#.jpeg</href>
</graphic>
<graphtext>
<ptxt>Lubricate the s#@#@#41#5-4. </ptxt>
<ptxt>Use drift<toolitem id="KC08463744"/>together with a#@#@#11#andle<toolitem id="KC08463745"/>when installing#@#@#5#seal.</ptxt>
</graphtext>
</grate>
</procstep>
<procstep id="KC02339988">
<title>Install the tra#@#@#29#-ring</title>
<grate>
<graphic id="KC08463746" width="column">
<href>0900c8af8063541#@#@#9#.jpeg</href>
</graphic>
<graphtext>
<ptxt>Tighten the scr#@#@#1#ws to<emph> 25 Nm (18.4 lb.ft)</emph>.</ptxt>
</graphtext>
</grate>
</procstep>
<procstep id="KC02339989">
<title>Check and insta#@#@#33# to:
</title>
<list1>
<item>
<ptxt>
<xref>
<ref id="KC08463747"/>
</xref>.</ptxt>
</item>
</list1>
<ptxt/>
<ptxt/>
</procstep>
<procstep id="KC02339990">
<title>Install the tra#@#@#27#ter:
</title>
<list1 type="unordered">
<item>
<ptxt>
<xref>
<ref id="KC08463748"/>
</xref>, <xref>
<ref id="KC08463749"/>
</xref> or</ptxt>
</item>
<item>
<ptxt>
<xref>
<ref id="KC08463750"/>
</xref>. </ptxt>
</item>
</list1>
</procstep>
</stepgrp>
</procedure>
</servinfosub>