<?xml version="1.0" encoding="UTF-8"?><servinfosub IE-ID="en-US0900c8af80513402" docno="VCC-121694" id="KC01675043" xml:lang="en-US">
<title>
<phrase category="" id="KC07485606" phrase-urn="urn:x-nevis:phrase:0800c8af81b6e3e5">Short-circuit t#@#@#3#round</phrase>
</title>
<diagnostic type="test">
<testgrp IE-ID="en-US0900c8af80513402_KC01702177" id="KC01702177" j2008use="0" paperuse="1" resumable="1" screenuse="0" testgrp-id="node000" x="134" y="520">
<title>
<phrase category="" id="KC07485607" phrase-urn="urn:x-nevis:phrase:0800c8af81b6e3e7">DTC Text</phrase>
</title>
<node>
<test1>
<test2>
<diaglist>
<ditem>
<ditemtext>
<ptxt>
<phrase category="" id="KC07485608" phrase-urn="urn:x-nevis:phrase:0800c8af81b6e3e8"/>
</ptxt>
</ditemtext>
</ditem>
</diaglist>
</test2>
</test1>
<question>Select Continue.</question>
<resact-grp>
<result button="cont" comp="button" highlight="0"/>
<action j2008use="1" paperuse="1" screenuse="1">
<ptxt>
<xref>
<ref id="KC07485609"/>
</xref>
</ptxt>
</action>
</resact-grp>
</node>
</testgrp>
<testgrp id="KC01702178" j2008use="1" paperuse="1" resumable="1" screenuse="1" testgrp-id="node0a" x="200" y="40">
<title>
<phrase category="" id="KC07485610" phrase-urn="urn:x-nevis:phrase:0800c8af81b6e3ec">Connecting the #@#@#7#t box</phrase>
</title>
<iecalloutnode>
<diagcallout>
<xref>
<ref id="KC07485611"/>
</xref>
</diagcallout>
<test1>
<diaglist>
<dgraphic>
<dgraphic1>
<graphic id="KC07485612">
<href>0900c8af80054d4#@#@#9#.jpeg</href>
</graphic>
</dgraphic1>
<dgraphic2>
<graphic id="KC07485613">
<href>0900c8af80054d6#@#@#9#.jpeg</href>
</graphic>
</dgraphic2>
<dgraphic3>
<graphic id="KC07485614">
<href>0900c8af80054cc#@#@#9#.jpeg</href>
</graphic>
</dgraphic3>
</dgraphic>
<ditem>
<ptxt>
<phrase category="" id="KC07485615" phrase-urn="urn:x-nevis:phrase:0800c8af81b6e3ee">Ignition off</phrase>
</ptxt>
</ditem>
<ditem>
<ptxt>
<phrase category="" id="KC07485616" phrase-urn="urn:x-nevis:phrase:0800c8af81b6e3f2">Connector connected</phrase>
</ptxt>
</ditem>
<ditem>
<ptxt>
<phrase category="" id="KC07485617" phrase-urn="urn:x-nevis:phrase:0800c8af81b6e3f4">ECC control mod#@#@#9#cted.</phrase>
</ptxt>
</ditem>
</diaglist>
<test2>
<ptxt>
<phrase category="" id="KC07485618" phrase-urn="urn:x-nevis:phrase:0800c8af81b6e3f5">Connect the bre#@#@#51#ring.</phrase>
</ptxt>
<diaglist>
<dgraphic>
<dgraphic1>
<graphic id="KC07485619">
<href>0900c8af8005444#@#@#9#.jpeg</href>
</graphic>
</dgraphic1>
</dgraphic>
</diaglist>
</test2>
</test1>
<question/>
<resact-grp>
<result comp="string" highlight="0" op="eq" return="FAULT FOUND"/>
<action j2008use="1" paperuse="1" screenuse="1">
<ptxt>
<xref>
<ref id="KC07485620"/>
</xref>
</ptxt>
</action>
</resact-grp>
<resact-grp>
<result comp="string" highlight="0" op="eq" return="FAULTTRACING FAILED"/>
<action j2008use="1" paperuse="1" screenuse="1">
<ptxt>
<xref>
<ref id="KC07485621"/>
</xref>
</ptxt>
</action>
</resact-grp>
<resact-grp>
<result comp="string" highlight="0" op="eq" return="FAULT NOT FOUND"/>
<action j2008use="1" paperuse="1" screenuse="1">
<ptxt>
<xref>
<ref id="KC07485622"/>
</xref>
</ptxt>
</action>
</resact-grp>
<resact-grp>
<result comp="string" highlight="0" op="eq" return="DONE"/>
<action j2008use="1" paperuse="1" screenuse="1">
<ptxt>
<xref>
<ref id="KC07485623"/>
</xref>
</ptxt>
</action>
</resact-grp>
</iecalloutnode>
</testgrp>
<testgrp id="KC01702179" j2008use="1" paperuse="1" resumable="1" screenuse="1" testgrp-id="node0" x="200" y="120">
<title>
<phrase category="" id="KC07485624" phrase-urn="urn:x-nevis:phrase:0800c8af81b6e3f8">Checking for a #@#@#21#cable</phrase>
</title>
<node>
<test1>
<diaglist>
<dgraphic>
<dgraphic1>
<graphic id="KC07485625">
<href>0900c8af80054d4#@#@#9#.jpeg</href>
</graphic>
</dgraphic1>
<dgraphic3>
<graphic id="KC07485626">
<href>0900c8af80054cc#@#@#9#.jpeg</href>
</graphic>
</dgraphic3>
</dgraphic>
<ditem>
<ptxt>
<phrase category="" id="KC07485627" phrase-urn="urn:x-nevis:phrase:0800c8af81b6e3f9">Ignition off</phrase>
</ptxt>
</ditem>
<ditem>
<ptxt>
<phrase category="" id="KC07485628" phrase-urn="urn:x-nevis:phrase:0800c8af81b6e3fa">Disconnect the #@#@#14#dule.</phrase>
</ptxt>
</ditem>
</diaglist>
<test2>
<ptxt>
<phrase category="" id="KC07485629" phrase-urn="urn:x-nevis:phrase:0800c8af81b6e3fd">Connect an ohmm#@#@#49#box. </phrase>
</ptxt>
<diaglist>
<dgraphic>
<dgraphic1>
<graphic id="KC07485630">
<href>0900c8af8005444#@#@#9#.jpeg</href>
</graphic>
</dgraphic1>
<dgraphic2>
<graphic id="KC07485631">
<href>0900c8af80054d4#@#@#9#.jpeg</href>
</graphic>
<smarttool id="KC07485632" toolname="ODA"/>
</dgraphic2>
</dgraphic>
<ditem>
<ditemtext>
<ptxt>
<phrase category="" id="KC07485633" phrase-urn="urn:x-nevis:phrase:0800c8af81b6e3fe"/>
</ptxt>
</ditemtext>
</ditem>
</diaglist>
</test2>
</test1>
<question>The ohmmeter sh#@#@#82#otor.</question>
<resact-grp>
<result button="ok" comp="button" highlight="0"/>
<action j2008use="1" paperuse="1" screenuse="1">
<ptxt>
<xref>
<ref id="KC07485634"/>
</xref>
</ptxt>
</action>
</resact-grp>
<resact-grp>
<result button="notok" comp="button" highlight="0"/>
<action j2008use="1" paperuse="1" screenuse="1">
<ptxt>
<xref>
<ref id="KC07485635"/>
</xref>
</ptxt>
</action>
</resact-grp>
</node>
</testgrp>
<testgrp id="KC01702180" j2008use="1" paperuse="1" resumable="1" screenuse="1" testgrp-id="node1" x="200" y="200">
<title>
<phrase category="" id="KC07485636" phrase-urn="urn:x-nevis:phrase:0800c8af81b6e400">Checking the re#@#@#39#ensor</phrase>
</title>
<node>
<test1>
<diaglist>
<dgraphic>
<dgraphic1>
<graphic id="KC07485637">
<href>0900c8af80054d4#@#@#9#.jpeg</href>
</graphic>
</dgraphic1>
<dgraphic3>
<graphic id="KC07485638">
<href>0900c8af80054cc#@#@#9#.jpeg</href>
</graphic>
</dgraphic3>
</dgraphic>
<ditem>
<ptxt>
<phrase category="" id="KC07485639" phrase-urn="urn:x-nevis:phrase:0800c8af81b6e403">Ignition off</phrase>
</ptxt>
</ditem>
<ditem>
<ptxt>
<phrase category="" id="KC07485640" phrase-urn="urn:x-nevis:phrase:0800c8af81b6e406">ECC control mod#@#@#12#cted.</phrase>
</ptxt>
</ditem>
</diaglist>
<test2>
<ptxt>
<phrase category="" id="KC07485641" phrase-urn="urn:x-nevis:phrase:0800c8af81b6e407">Connect an ohmm#@#@#75#r by:</phrase>
</ptxt>
<list1 enumtype="d" type="unordered">
<item>
<ptxt>
<phrase category="" id="KC07485642" phrase-urn="urn:x-nevis:phrase:0800c8af81b6e408">connecting term#@#@#100#tion)</phrase>
</ptxt>
</item>
<item>
<ptxt>
<phrase category="" id="KC07485643" phrase-urn="urn:x-nevis:phrase:0800c8af81b6e409">interrupt the v#@#@#42#ached</phrase>
</ptxt>
</item>
<item>
<ptxt>
<phrase category="" id="KC07485644" phrase-urn="urn:x-nevis:phrase:0800c8af81b6e40a">reversing the p#@#@#133#tion)</phrase>
</ptxt>
</item>
<item>
<ptxt>
<phrase category="" id="KC07485645" phrase-urn="urn:x-nevis:phrase:0800c8af81b6e40c">reading off the#@#@#57#ving.</phrase>
</ptxt>
</item>
</list1>
<diaglist>
<dgraphic>
<dgraphic1>
<graphic id="KC07485646">
<href>0900c8af8005444#@#@#9#.jpeg</href>
</graphic>
</dgraphic1>
<dgraphic2>
<graphic id="KC07485647">
<href>0900c8af80054d4#@#@#9#.jpeg</href>
</graphic>
<smarttool id="KC07485648" toolname="ODA"/>
</dgraphic2>
</dgraphic>
<ditem>
<ditemtext>
<ptxt>
<phrase category="" id="KC07485649" phrase-urn="urn:x-nevis:phrase:0800c8af81b6e40f"/>
</ptxt>
</ditemtext>
</ditem>
</diaglist>
</test2>
</test1>
<question>The ohmmeter re#@#@#232#5 kΩ.</question>
<resact-grp>
<result button="ok" comp="button" highlight="0"/>
<action j2008use="1" paperuse="1" screenuse="1">
<ptxt>
<xref>
<ref id="KC07485650"/>
</xref>
</ptxt>
</action>
</resact-grp>
<resact-grp>
<result button="notok" comp="button" highlight="0"/>
<action j2008use="1" paperuse="1" screenuse="1">
<ptxt>
<xref>
<ref id="KC07485651"/>
</xref>
</ptxt>
</action>
</resact-grp>
</node>
</testgrp>
<testgrp id="KC01702181" j2008use="1" paperuse="1" resumable="1" screenuse="1" testgrp-id="node1-1" x="360" y="720">
<title>
<phrase category="" id="KC07485652" phrase-urn="urn:x-nevis:phrase:0800c8af81b6e412">Checking components</phrase>
</title>
<node>
<test1>
<test2>
<ptxt>
<phrase category="" id="KC07485653" phrase-urn="urn:x-nevis:phrase:0800c8af81b6e414">Check the wirin#@#@#10#g to <xref>
<ref id="KC07485654"/>
</xref>. </phrase>
</ptxt>
</test2>
</test1>
<question>Is the wiring OK?</question>
<resact-grp>
<result button="yes" comp="button" highlight="0"/>
<action j2008use="1" paperuse="1" screenuse="1">
<ptxt>
<xref>
<ref id="KC07485655"/>
</xref>
</ptxt>
</action>
</resact-grp>
<resact-grp>
<result button="no" comp="button" highlight="0"/>
<action j2008use="1" paperuse="1" screenuse="1">
<ptxt>
<xref>
<ref id="KC07485656"/>
</xref>
</ptxt>
</action>
</resact-grp>
</node>
</testgrp>
<testgrp id="KC01702182" j2008use="1" paperuse="1" resumable="1" screenuse="1" testgrp-id="node2" x="400" y="280">
<title>
<phrase category="" id="KC07485657" phrase-urn="urn:x-nevis:phrase:0800c8af81b6e415">Replacing the c#@#@#3#onent</phrase>
</title>
<node>
<test1>
<test2>
<ptxt>
<phrase category="" id="KC07485658" phrase-urn="urn:x-nevis:phrase:0800c8af81b6e416">Short-circuit i#@#@#20#dule.</phrase>
</ptxt>
<list1 enumtype="d" type="unordered">
<item>
<ptxt>
<phrase category="" id="KC07485659" phrase-urn="urn:x-nevis:phrase:0800c8af81b6e41a">Replace the ECC#@#@#24#g to <xref>
<ref id="KC07485660"/>
</xref>. </phrase>
</ptxt>
</item>
</list1>
</test2>
</test1>
<question>Select "Continu#@#@#35#aced.</question>
<resact-grp>
<result button="cont" comp="button" highlight="0"/>
<action j2008use="1" paperuse="1" screenuse="1">
<ptxt>
<xref>
<ref id="KC07485661"/>
</xref>
</ptxt>
</action>
</resact-grp>
</node>
</testgrp>
<testgrp id="KC01702183" j2008use="1" paperuse="1" resumable="1" screenuse="1" testgrp-id="node3" x="400" y="360">
<title>
<phrase category="" id="KC07485662" phrase-urn="urn:x-nevis:phrase:0800c8af81b6e41b">Replacing the c#@#@#3#onent</phrase>
</title>
<node>
<test1>
<test2>
<ptxt>
<phrase category="" id="KC07485663" phrase-urn="urn:x-nevis:phrase:0800c8af81b6e41c">Short-circuit i#@#@#30#nsor.</phrase>
</ptxt>
<list1 enumtype="d" type="unordered">
<item>
<ptxt>
<phrase category="" id="KC07485664" phrase-urn="urn:x-nevis:phrase:0800c8af81b6e41d">Replace the dam#@#@#18#g to <xref>
<ref id="KC07485665"/>
</xref>. </phrase>
</ptxt>
</item>
</list1>
</test2>
</test1>
<question>Select "Continu#@#@#35#aced.</question>
<resact-grp>
<result button="cont" comp="button" highlight="0"/>
<action j2008use="1" paperuse="1" screenuse="1">
<ptxt>
<xref>
<ref id="KC07485666"/>
</xref>
</ptxt>
</action>
</resact-grp>
</node>
</testgrp>
<testgrp id="KC01702184" j2008use="1" paperuse="1" resumable="1" screenuse="1" testgrp-id="node21" x="200" y="280">
<title>
<phrase category="" id="KC07485667" phrase-urn="urn:x-nevis:phrase:0800c8af81b6e3d7">Self-adjustment#@#@#29#tions</phrase>
</title>
<node>
<test1>
<diaglist>
<ditem>
<ptxt>
<phrase category="" id="KC07485668" phrase-urn="urn:x-nevis:phrase:0800c8af81b6e3d9"> For further in#@#@#32# see <xref>
<ref id="KC07485669"/>
</xref>.</phrase>
</ptxt>
</ditem>
</diaglist>
<test2>
<ptxt>
<phrase category="" id="KC07485670" phrase-urn="urn:x-nevis:phrase:0800c8af81b6e3da">Activate the se#@#@#53#mbol.</phrase>
</ptxt>
<diaglist>
<dgraphic>
<dgraphic2>
<graphic id="KC07485671">
<href>0900c8af86c8681#@#@#9#.jpeg</href>
</graphic>
<smarttool active="press" id="KC07485672" toolname="XEECB201"/>
</dgraphic2>
</dgraphic>
<ditem>
<ditemtext>
<ptxt>
<phrase category="" id="KC07485673" phrase-urn="urn:x-nevis:phrase:0800c8af81b6e3dc"/>
</ptxt>
</ditemtext>
</ditem>
<ditem>
<ditemtext>
<ptxt>
<phrase category="" id="KC07485674" phrase-urn="urn:x-nevis:phrase:0800c8af81b6e3dd"/>
</ptxt>
</ditemtext>
</ditem>
</diaglist>
</test2>
</test1>
<question>Select "Continu#@#@#31#lete.</question>
<resact-grp>
<result button="cont" comp="button" highlight="0"/>
<action j2008use="1" paperuse="1" screenuse="1">
<ptxt>
<xref>
<ref id="KC07485675"/>
</xref>
</ptxt>
</action>
</resact-grp>
</node>
</testgrp>
<testgrp id="KC01702185" j2008use="1" paperuse="1" resumable="1" screenuse="1" testgrp-id="veri" x="600" y="200">
<title>
<phrase category="" id="KC07485676" phrase-urn="urn:x-nevis:phrase:0800c8af81b6e3df">Verification</phrase>
</title>
<subcalloutnode>
<diagcallout>
<xref>
<ref id="KC07485677"/>
</xref>
</diagcallout>
<rescall-grp>
<result comp="string" highlight="0" op="eq" return="VERIFIED"/>
<calloutaction>
<return value="FAULT FOUND"/>
</calloutaction>
</rescall-grp>
<rescall-grp>
<result comp="string" highlight="0" op="eq" return="VERIFICATION FAILED"/>
<calloutaction>
<ptxt>
<xref>
<ref id="KC07485678"/>
</xref>
</ptxt>
</calloutaction>
</rescall-grp>
</subcalloutnode>
</testgrp>
<testgrp id="KC01702186" j2008use="1" paperuse="1" resumable="1" screenuse="1" testgrp-id="info1" x="600" y="80">
<title>
<phrase category="" id="KC07485679" phrase-urn="urn:x-nevis:phrase:0800c8af81b6e3e3">Fault-tracing i#@#@#5#ation</phrase>
</title>
<subcalloutnode>
<diagcallout>
<xref>
<ref id="KC07485680"/>
</xref>
</diagcallout>
<rescall-grp>
<result comp="string" highlight="0" op="eq" return="NEW TRY"/>
<calloutaction>
<ptxt>
<xref>
<ref id="KC07485681"/>
</xref>
</ptxt>
</calloutaction>
</rescall-grp>
<rescall-grp>
<result comp="string" highlight="0" op="eq" return="FAULTTRACING FAILED"/>
<calloutaction>
<return value="FAULTTRACING FAILED"/>
</calloutaction>
</rescall-grp>
</subcalloutnode>
</testgrp>
</diagnostic>
</servinfosub>