<?xml version="1.0" encoding="UTF-8"?><servinfosub IE-ID="en-US0900c8af84e7c402" docno="VCC-411739" id="nev15443711n1" xml:lang="en-US">
<title>
<phrase category="Title" id="nev15443711n2" phrase-urn="urn:x-nevis:phrase:0800c8af81eb9a54">Diagnostic trou#@#@#21#ation</phrase>
<phrase category="Prefix" id="nev15443711n3" phrase-urn="urn:x-nevis:phrase:0800c8af8015c3f5">ECM</phrase>-P064C00</title>
<diagnostic j2008use="1" paperuse="1" screenuse="1" type="condition">
<condgrp>
<condition type="condition">
<grate id="nev15443711n4">
<graphic id="nev15443711n5">
<href>0900c8af8204a45#@#@#9#.jpeg</href>
</graphic>
</grate>
<para>
<ptxt>
<phrase category="Condition" id="nev15443711n6" phrase-urn="urn:x-nevis:phrase:0800c8af8451be35">The Engine Cont#@#@#69#dule.</phrase>
</ptxt>
</para>
<para id="nev15443711n7">
<ptxt id="nev15443711n8">
<phrase category="Condition" id="nev15443711n9" phrase-urn="urn:x-nevis:phrase:0800c8af83f8ecb5">The diagnostic #@#@#51#ects:</phrase>
</ptxt>
</para>
<list1 id="nev15443711n10">
<item id="nev15443712n1">
<ptxt id="nev15443712n2">
<phrase category="Condition" id="nev15443712n3" phrase-urn="urn:x-nevis:phrase:0800c8af83fcdc0b">The signal is m#@#@#15#rect.</phrase>
</ptxt>
</item>
</list1>
<para>
<ptxt id="nev15443712n4">
<phrase category="Condition" id="nev15443712n5" phrase-urn="urn:x-nevis:phrase:0800c8af82c479d6">The control mod#@#@#67#t of:</phrase>
</ptxt>
</para>
<list1 id="nev15443712n6">
<item id="nev15443712n7">
<ptxt id="nev15443712n8">
<phrase category="Condition" id="nev15443712n9" phrase-urn="urn:x-nevis:phrase:0800c8af82c47c8e">Ignition switch#@#@#8#n II.</phrase>
</ptxt>
</item>
<item id="nev15443712n10">
<ptxt id="nev15443713n1">
<phrase category="Condition" id="nev15443713n2" phrase-urn="urn:x-nevis:phrase:0800c8af845ec9e9">Glowing activated.</phrase>
</ptxt>
</item>
</list1>
<note id="nev15443713n3">
<ptxt id="nev15443713n4">
<phrase category="Condition" id="nev15443713n5" phrase-urn="urn:x-nevis:phrase:0800c8af82c4844b">The control mod#@#@#132# met.</phrase>
</ptxt>
</note>
</condition>
</condgrp>
<condgrp>
<condition type="substitution">
<list1 enumtype="d">
<item>
<ptxt>
<phrase category="Substitution" id="nev15443713n6" phrase-urn="urn:x-nevis:phrase:0800c8af81eb9984">None.</phrase>
</ptxt>
</item>
</list1>
</condition>
<ps>
<list1 enumtype="d" type="unordered">
<item id="nev15443713n7">
<ptxt id="nev15443713n8">
<phrase category="Possible source" id="nev15443713n9" phrase-urn="urn:x-nevis:phrase:0800c8af81eabb70">Damaged fuse.</phrase>
</ptxt>
</item>
<item>
<ptxt>
<phrase category="Possible source" id="nev15443713n10" phrase-urn="urn:x-nevis:phrase:0800c8af81eab907">Contact resista#@#@#30#tors.</phrase>
</ptxt>
</item>
<item id="nev15443714n1">
<ptxt id="nev15443714n2">
<phrase category="Possible source" id="nev15443714n3" phrase-urn="urn:x-nevis:phrase:0800c8af81eb94db">Open-circuit in#@#@#13#able.</phrase>
</ptxt>
</item>
<item id="nev15443714n4">
<ptxt id="nev15443714n5">
<phrase category="Possible source" id="nev15443714n6" phrase-urn="urn:x-nevis:phrase:0800c8af8451be78">Damaged glow pl#@#@#11#unit.</phrase>
</ptxt>
</item>
</list1>
</ps>
</condgrp>
<condgrp>
<condition type="symptom">
<list1 enumtype="d" type="unordered">
<item>
<ptxt>
<phrase category="Symptom" id="nev15443714n7" phrase-urn="urn:x-nevis:phrase:0800c8af822826c5">None.</phrase>
</ptxt>
</item>
</list1>
</condition>
</condgrp>
</diagnostic>
</servinfosub>