<?xml version="1.0" encoding="UTF-8"?><servinfosub IE-ID="en-US0900c8af84a79216" docno="VCC-371092" id="nev13717986n1" original="sv-SE" servinfosubId="nev13717987n1-nev13717986n4" servinfosubRes="0900c8af84a7922b" servinfosubRes2="urn:x-nevis:fragment:0900c8af84a79216:0900c8af84a7922b#nev13717986n4" xml:lang="en-US">
<operationnumbers>
<operationnumber>84501-2</operationnumber>
</operationnumbers>
<title id="nev13717985n9">Weatherstrip, d#@#@#11# rear</title>
<materialtable id="nev13717987n1-nev14813124n37">
<table id="nev13717987n1-nev14813124n36">
<tgroup cols="2" id="nev13717987n1-nev14813124n35">
<colspec colname="COLSPEC0" colwidth="1.00*" id="nev13717987n1-nev14813124n34"/>
<colspec colname="COLSPEC1" colwidth="1.00*" id="nev13717987n1-nev14813124n33"/>
<thead id="nev13717987n1-nev14813124n32">
<row id="nev13717987n1-nev14813124n31">
<entry id="nev13717987n1-nev14813124n30" nameend="COLSPEC1" namest="COLSPEC0" valign="top">
<ptxt id="nev13717987n1-nev14813124n29">
<emph id="nev13717987n1-nev14813124n28">Materials</emph>
</ptxt>
</entry>
</row>
</thead>
<tbody id="nev13717987n1-nev14813124n26">
<row id="nev13717987n1-nev14813124n25">
<entry id="nev13717987n1-nev14813124n24">
<ptxt id="nev13717987n1-nev14813124n23">
<emph id="nev13717987n1-nev14813124n22">Designation</emph>
</ptxt>
</entry>
<entry id="nev13717987n1-nev14813124n20">
<ptxt id="nev13717987n1-nev14813124n19">
<emph id="nev13717987n1-nev14813124n18">Part number</emph>
</ptxt>
</entry>
</row>
<row id="nev13717987n1-nev14813124n16">
<entry id="nev13717987n1-nev14813124n15">
<ptxt id="nev13717987n1-nev14813124n14">Butyl tape</ptxt>
</entry>
<entry id="nev13717987n1-nev14813124n12">
<ptxt id="nev13717987n1-nev14813124n11">1161782</ptxt>
</entry>
</row>
<row id="nev13717987n1-nev14813124n10">
<entry id="nev13717987n1-nev14813124n9">
<ptxt id="nev13717987n1-nev14813124n8">Foam plastic</ptxt>
</entry>
<entry id="nev13717987n1-nev14813124n6">
<ptxt id="nev13717987n1-nev14813124n5">31256621</ptxt>
</entry>
</row>
</tbody>
</tgroup>
</table>
</materialtable>
<procedure id="nev13717987n1-nev13717985n13">
<stepgrp boilerplate="false" context="" id="nev13717987n1-nev14813124n51">
<title id="nev13717987n1-nev14242872n36">Removal</title>
<procstep id="nev13717987n1-nev14176555n6">
<grate id="nev13717987n1-nev13717985n25">
<graphic id="nev13717987n1-nev13717985n26">
<href>0900c8af8299ad3#@#@#9#.jpeg</href>
</graphic>
</grate>
</procstep>
<procstep id="nev13717987n1-nev14176911n64">
<para id="nev13717987n1-nev14813124n48">
<ptxt id="nev13717987n1-nev14813124n49">Remove side pan#@#@#7# seat<xref boilerplate="true" id="nev13717987n1-nev14242872n33">
<ref id="nev13717987n1-nev14176913n65"/>
</xref>
</ptxt>
</para>
</procstep>
<procstep id="nev13717987n1-nev14176555n3">
<grate id="nev13717987n1-nev13717985n38">
<graphic id="nev13717987n1-nev13717985n39">
<href>0900c8af83bf668#@#@#9#.jpeg</href>
</graphic>
</grate>
</procstep>
</stepgrp>
<stepgrp boilerplate="false" context="" id="nev13717987n1-nev14813124n46">
<title id="nev13717987n1-nev14242872n31">Installation</title>
<procstep id="nev13717987n1-nev14176911n100">
<grate id="nev13717987n1-nev14813124n43">
<graphic id="nev13717987n1-nev14813124n44">
<href>0900c8af84a78e5#@#@#9#.jpeg</href>
</graphic>
<graphtext id="nev13717987n1-nev14813183n1">
<para id="nev13717987n1-nev14813124n41">
<ptxt id="nev13717987n1-nev14813124n42">
<material id="nev13717987n1-nev14187455n82" materialid="1161782" materialname="Butyl tape"/>
</ptxt>
</para>
</graphtext>
</grate>
</procstep>
<procstep id="nev13717987n1-nev14176911n97">
<grate id="nev13717987n1-nev13717985n55">
<graphic id="nev13717987n1-nev13717985n56">
<href>0900c8af83b5cc4#@#@#9#.jpeg</href>
</graphic>
</grate>
</procstep>
<procstep id="nev13717987n1-nev14209910n80">
<grate id="nev13717987n1-nev14209938n80">
<graphic id="nev13717987n1-nev14209938n81">
<href>0900c8af847435e#@#@#9#.jpeg</href>
</graphic>
</grate>
</procstep>
<procstep id="nev13717987n1-nev14209910n1">
<grate id="nev13717987n1-nev14209938n78">
<graphic id="nev13717987n1-nev14209938n79">
<href>0900c8af847435d#@#@#9#.jpeg</href>
</graphic>
<graphtext id="nev13717987n1-nev14813196n1">
<para id="nev13717987n1-nev14813124n39">
<ptxt id="nev13717987n1-nev14813124n40">
<material id="nev13717987n1-nev14242872n28" materialid="31256621" materialname="Foam plastic"/>
</ptxt>
</para>
</graphtext>
</grate>
</procstep>
</stepgrp>
</procedure>
</servinfosub>