<?xml version="1.0" encoding="UTF-8"?><servinfosub IE-ID="en-US0900c8af840fb30a" docno="VCC-332294" id="nev12926304n1" xml:lang="en-US">
<title>
<phrase category="Title" id="nev12926304n2" phrase-urn="urn:x-nevis:phrase:0800c8af81eb9a54">Diagnostic trou#@#@#21#ation</phrase>
<phrase category="Prefix" id="nev12926304n3" phrase-urn="urn:x-nevis:phrase:0800c8af8015c3f5">ECM</phrase>-P163500</title>
<diagnostic j2008use="1" paperuse="1" screenuse="1" type="condition">
<condgrp>
<condition type="condition">
<grate>
<graphtext>
<para>
<ptxt id="nev12926304n4">
<phrase category="Condition" id="nev12926401n1" phrase-urn="urn:x-nevis:phrase:0800c8af83242526">The Engine cont#@#@#99#ally.</phrase>
</ptxt>
<ptxt id="nev12926304n6"/>
</para>
<ptxt id="nev12926304n7">
<phrase category="Condition" id="nev12926304n8" phrase-urn="urn:x-nevis:phrase:0800c8af82c4843c">The diagnostic #@#@#59#that:</phrase>
</ptxt>
<list1 id="nev12926304n9">
<item id="nev12926304n10">
<ptxt id="nev12926305n1">
<phrase category="Condition" id="nev12926418n1" phrase-urn="urn:x-nevis:phrase:0800c8af83f86e5d">The car configu#@#@#61#rect.</phrase>
</ptxt>
</item>
</list1>
<ptxt id="nev12926305n3">
<phrase category="Condition" id="nev12926305n4" phrase-urn="urn:x-nevis:phrase:0800c8af82c479d6">The control mod#@#@#67#t of:</phrase>
</ptxt>
<list1 id="nev12926305n5">
<item id="nev12926305n6">
<ptxt id="nev12926305n7">
<phrase category="Condition" id="nev12926424n1" phrase-urn="urn:x-nevis:phrase:0800c8af82c7b4d3">Driving.</phrase>
</ptxt>
</item>
</list1>
<note id="nev12926305n9">
<ptxt id="nev12926305n10">
<phrase category="Condition" id="nev12926306n1" phrase-urn="urn:x-nevis:phrase:0800c8af82c4844b">The control mod#@#@#132# met.</phrase>
</ptxt>
</note>
</graphtext>
</grate>
</condition>
</condgrp>
<condgrp>
<condition type="substitution">
<list1 enumtype="d">
<item>
<ptxt>
<phrase category="Substitution" id="nev13188308n1" phrase-urn="urn:x-nevis:phrase:0800c8af81eb9984">None.</phrase>
</ptxt>
</item>
</list1>
</condition>
<ps>
<list1 enumtype="d" type="unordered">
<item id="nev12926306n2">
<ptxt id="nev12926306n3">
<phrase category="Qualifier" id="nev12926430n1" phrase-urn="urn:x-nevis:phrase:0800c8af8015c738">Programming fault</phrase>
</ptxt>
</item>
</list1>
</ps>
</condgrp>
<condgrp>
<condition type="symptom">
<list1 enumtype="d" type="unordered">
<item>
<ptxt>
<phrase category="Symptom" id="nev12926420n1" phrase-urn="urn:x-nevis:phrase:0800c8af8223d006">Speedometer dis#@#@#16#value</phrase>
</ptxt>
</item>
</list1>
</condition>
</condgrp>
</diagnostic>
</servinfosub>