<?xml version="1.0" encoding="UTF-8"?><servinfosub IE-ID="en-US0900c8af8270930a" docno="VCC-127076" id="KC01177657" xml:lang="en-US">
<title>
<phrase category="" id="KC07159139" phrase-urn="urn:x-nevis:phrase:0800c8af81a8fc8b">Incorrect gear ratio</phrase>
</title>
<diagnostic j2008use="1" layout="0" paperuse="1" screenuse="1" type="test">
<testgrp IE-ID="en-US0900c8af8270930a_KC01311696" id="KC01311696" j2008use="1" paperuse="1" resumable="1" screenuse="1" testgrp-id="node2-9" x="80" y="80">
<title>
<phrase category="" id="KC07159188" phrase-urn="urn:x-nevis:phrase:0800c8af81a8fc73">Checking the ad#@#@#37#ensor</phrase>
</title>
<node>
<test1>
<diaglist>
<dgraphic>
<dgraphic1>
<graphic id="KC07159189">
<href>0900c8af80054d5#@#@#9#.jpeg</href>
</graphic>
</dgraphic1>
</dgraphic>
<ditem>
<ptxt>
<phrase category="" id="KC07159190" phrase-urn="urn:x-nevis:phrase:0800c8af81a8fc74">Ignition on</phrase>
</ptxt>
</ditem>
<ditem>
<ptxt>
<phrase category="" id="KC07159191" phrase-urn="urn:x-nevis:phrase:0800c8af81a8fc75">Read off the po#@#@#23#ctor.</phrase>
</ptxt>
</ditem>
</diaglist>
<test2>
<para>
<ptxt>
<phrase category="" id="KC07159192" phrase-urn="urn:x-nevis:phrase:0800c8af81a8fc76">Move the gear s#@#@#71#ated.</phrase>
</ptxt>
</para>
<hint>
<ptxt>
<phrase category="" id="KC07159193" phrase-urn="urn:x-nevis:phrase:0800c8af81a8fc77">If the display #@#@#89#sted.</phrase>
</ptxt>
</hint>
<para>
<ptxt>
<phrase category="" id="KC07159194" phrase-urn="urn:x-nevis:phrase:0800c8af81a8fc78">Remedy as necessary</phrase>
</ptxt>
</para>
<list1 enumtype="d" type="unordered">
<title>
<phrase category="" id="KC07159195" phrase-urn="urn:x-nevis:phrase:0800c8af81a8fc79">Other information:</phrase>
</title>
<item>
<ptxt>
<phrase category="" id="KC07159196" phrase-urn="urn:x-nevis:phrase:0800c8af81a8fc7a">To adjust the g#@#@#26# see <xref>
<ref id="KC07159197"/>
</xref>.</phrase>
</ptxt>
</item>
</list1>
<diaglist>
<dgraphic>
<dgraphic2>
<graphic id="KC07159198">
<href>0900c8af86c8681#@#@#9#.jpeg</href>
</graphic>
<smarttool active="press" id="KC07159199" toolname="XTCMA501"/>
</dgraphic2>
</dgraphic>
</diaglist>
<grate>
<graphic id="KC07159201">
<href>0900c8af80056cc#@#@#9#.jpeg</href>
</graphic>
</grate>
</test2>
</test1>
<question>
Is the gear-sh#@#@#37#ted?
</question>
<resact-grp>
<result button="yes" comp="button" highlight="0"/>
<action j2008use="1" paperuse="1" screenuse="1">
<ptxt>
<xref>
<ref id="KC07159202"/>
</xref>
</ptxt>
</action>
</resact-grp>
<resact-grp>
<result button="no" comp="button" highlight="0"/>
<action j2008use="1" paperuse="1" screenuse="1">
<ptxt>
<xref>
<ref id="KC07159203"/>
</xref>
</ptxt>
</action>
</resact-grp>
</node>
</testgrp>
<testgrp id="KC01311697" j2008use="1" paperuse="1" resumable="1" screenuse="1" testgrp-id="node3" x="180" y="320">
<title>
<phrase category="" id="KC07159204" phrase-urn="urn:x-nevis:phrase:0800c8af81a8fc7c">Checking noise #@#@#14#ssion</phrase>
</title>
<node>
<test1>
<test2>
<diaglist>
<ditem>
<ptxt>
<phrase category="" id="KC07159205" phrase-urn="urn:x-nevis:phrase:0800c8af81a8fc7d">Test drive the #@#@#4# See <xref>
<ref id="KC07159206"/>
</xref>
</phrase>
</ptxt>
</ditem>
<ditem>
<ptxt>
<phrase category="" id="KC07159207" phrase-urn="urn:x-nevis:phrase:0800c8af81a8fc7e">Check for any c#@#@#63#ions.</phrase>
</ptxt>
</ditem>
</diaglist>
<grate>
<graphic id="KC07159208">
<href>0900c8af8005749#@#@#9#.jpeg</href>
</graphic>
</grate>
</test2>
</test1>
<question>
Is the transmi#@#@#17#ise?
</question>
<resact-grp>
<result button="yes" comp="button" highlight="0"/>
<action j2008use="1" paperuse="1" screenuse="1">
<ptxt>
<xref>
<ref id="KC07159209"/>
</xref>
</ptxt>
</action>
</resact-grp>
<resact-grp>
<result button="no" comp="button" highlight="0"/>
<action j2008use="1" paperuse="1" screenuse="1">
<return value="FAULT FOUND"/>
</action>
</resact-grp>
</node>
</testgrp>
<testgrp id="KC01311698" j2008use="1" paperuse="1" resumable="1" screenuse="1" testgrp-id="node5" x="160" y="200">
<title>
<phrase category="" id="KC07159210" phrase-urn="urn:x-nevis:phrase:0800c8af81a8fc7f">Checking for co#@#@#25#ation</phrase>
</title>
<node>
<test1>
<diaglist>
<dgraphic>
<dgraphic1>
<graphic id="KC07159211">
<href>0900c8af80054d4#@#@#9#.jpeg</href>
</graphic>
</dgraphic1>
</dgraphic>
<ditem>
<ptxt>
<phrase category="" id="KC07159212" phrase-urn="urn:x-nevis:phrase:0800c8af81a8fc80">Ignition off.</phrase>
</ptxt>
</ditem>
</diaglist>
<test2>
<ptxt>
<phrase category="" id="KC07159213" phrase-urn="urn:x-nevis:phrase:0800c8af81a8fc81">Check the trans#@#@#96# See <xref>
<ref id="KC07159214"/>
</xref>
</phrase>
</ptxt>
<list1 enumtype="d" type="unordered">
<title>
<phrase category="" id="KC07159215" phrase-urn="urn:x-nevis:phrase:0800c8af81a8fc82">Other information:</phrase>
</title>
<item>
<ptxt>
<phrase category="" id="KC07159216" phrase-urn="urn:x-nevis:phrase:0800c8af81a8fc83">To access the t#@#@#23# see <xref>
<ref id="KC07159217"/>
</xref>.</phrase>
</ptxt>
</item>
</list1>
<diaglist>
<dgraphic>
<dgraphic2>
<graphic id="KC07159218">
<href>0900c8af80054d4#@#@#9#.jpeg</href>
</graphic>
<smarttool id="KC07159219" toolname="ODA"/>
</dgraphic2>
</dgraphic>
</diaglist>
</test2>
</test1>
<question>
Select Continue.
</question>
<resact-grp>
<result button="cont" comp="button" highlight="0"/>
<action j2008use="1" paperuse="1" screenuse="1">
<ptxt>
<xref>
<ref id="KC07159221"/>
</xref>
</ptxt>
</action>
</resact-grp>
</node>
</testgrp>
<testgrp id="KC01311699" j2008use="1" paperuse="1" resumable="1" screenuse="1" testgrp-id="node7" x="180" y="480">
<title>
<phrase category="" id="KC07159222" phrase-urn="urn:x-nevis:phrase:0800c8af81a8fc85">Replacing the t#@#@#6#ssion</phrase>
</title>
<node>
<note>
<ptxt>
<phrase category="" id="KC07159223" phrase-urn="urn:x-nevis:phrase:0800c8af81a8fc86">In the event of#@#@#71#50SN.</phrase>
</ptxt>
</note>
<test1>
<test2>
<ptxt>
<phrase category="" id="KC07159224" phrase-urn="urn:x-nevis:phrase:0800c8af81a8fc87">Replace the tra#@#@#10# See <xref>
<ref id="KC07159225"/>
</xref> and <xref>
<ref id="KC07159226"/>
</xref>.</phrase>
</ptxt>
<grate>
<graphic id="KC07159227">
<href>0900c8af8005e66#@#@#9#.jpeg</href>
</graphic>
</grate>
</test2>
</test1>
<question>
Select Continue.
</question>
<resact-grp>
<result button="cont" comp="button" highlight="0"/>
<action j2008use="1" paperuse="1" screenuse="1">
<ptxt>
<xref>
<ref id="KC07159228"/>
</xref>
</ptxt>
</action>
</resact-grp>
</node>
</testgrp>
<testgrp id="KC01311700" j2008use="1" paperuse="1" resumable="1" screenuse="1" testgrp-id="verif" x="140" y="580">
<title>
<phrase category="" id="KC07159229" phrase-urn="urn:x-nevis:phrase:0800c8af81a8fc89">Verification</phrase>
</title>
<subcalloutnode>
<diagcallout>
<xref>
<ref id="KC07159230"/>
</xref>
</diagcallout>
<rescall-grp>
<result comp="string" highlight="0" op="eq" return="VERIFICATION FAILED"/>
<calloutaction>
<ptxt>
<xref>
<ref id="KC07159231"/>
</xref>
</ptxt>
</calloutaction>
</rescall-grp>
<rescall-grp>
<result comp="string" highlight="0" op="eq" return="VERIFIED"/>
<calloutaction>
<return value="FAULT FOUND"/>
</calloutaction>
</rescall-grp>
</subcalloutnode>
</testgrp>
<testgrp id="KC01311701" j2008use="1" paperuse="0" resumable="1" screenuse="1" testgrp-id="info1" x="140" y="680">
<title>
<phrase category="" id="KC07159232" phrase-urn="urn:x-nevis:phrase:0800c8af81a8fc8a">Fault-tracing i#@#@#5#ation</phrase>
</title>
<subcalloutnode>
<diagcallout>
<xref>
<ref id="KC07159233"/>
</xref>
</diagcallout>
<rescall-grp>
<result comp="string" highlight="0" op="eq" return="FAULTTRACING FAILED"/>
<calloutaction>
<return value="FAULTTRACING FAILED"/>
</calloutaction>
</rescall-grp>
<rescall-grp id="nev10710821n100">
<result comp="string" highlight="0" id="nev10710821n99" op="eq" return="NEW TRY"/>
<calloutaction id="nev10710821n98">
<ptxt id="nev10710821n97">
<xref id="nev10710821n96">
<ref id="nev10710821n95"/>
</xref>
</ptxt>
</calloutaction>
</rescall-grp>
</subcalloutnode>
</testgrp>
</diagnostic>
</servinfosub>