<?xml version="1.0" encoding="UTF-8"?><servinfosub IE-ID="en-US0900c8af844ca30a" docno="VCC-370312" id="nev13712308n1" original="sv-SE" servinfosubId="nev13712309n1-nev13712308n4" servinfosubRes="0900c8af844ca30c" servinfosubRes2="urn:x-nevis:fragment:0900c8af844ca30a:0900c8af844ca30c#nev13712308n4" xml:lang="en-US">
<title id="nev13712303n93">Muffler, front</title>
<procedure id="nev13712309n1-nev13712310n2">
<note id="nev13712309n1-nev13712310n3">
<ptxt id="nev13712309n1-nev13712310n4">The illustratio#@#@#176#rect.</ptxt>
</note>
<stepgrp id="nev13712309n1-nev13712303n94">
<title id="nev13712309n1-nev13712310n5">Removal</title>
<procstep id="nev13712309n1-nev13712303n95">
<title id="nev13712309n1-nev13712310n6">Removing the muffler</title>
<grate id="nev13712309n1-nev13712310n7">
<graphic id="nev13712309n1-nev13712303n96">
<href>0900c8af8135a6a#@#@#9#.jpeg</href>
</graphic>
<graphtext id="nev13712309n1-nev13712310n8">
<note id="nev13712309n1-nev13712310n9">
<ptxt id="nev13712309n1-nev13712310n10">If a joint is m#@#@#71#aced.</ptxt>
</note>
<para id="nev13712309n1-nev13712310n11">
<ptxt id="nev13712309n1-nev13712310n12">
<emph id="nev13712309n1-nev13712310n13">Only applies at#@#@#77#sing.</emph>
</ptxt>
</para>
<list1 enumtype="d" id="nev13712309n1-nev13712310n14" type="unordered">
<title id="nev13712309n1-nev13712310n15">Remove:</title>
<item id="nev13712309n1-nev13712310n16">
<ptxt id="nev13712309n1-nev13712310n17">the M10 nut for#@#@#41#ffler</ptxt>
</item>
<item id="nev13712309n1-nev13712310n18">
<ptxt id="nev13712309n1-nev13712310n19">the 2 x nuts</ptxt>
</item>
<item id="nev13712309n1-nev13712310n20">
<ptxt id="nev13712309n1-nev13712310n21">the rubber mountings</ptxt>
</item>
<item id="nev13712309n1-nev13712310n22">
<ptxt id="nev13712309n1-nev13712310n23">the front and c#@#@#9#flers</ptxt>
</item>
<item id="nev13712309n1-nev13712310n24">
<ptxt id="nev13712309n1-nev13712310n25">the flange gasket.</ptxt>
</item>
</list1>
</graphtext>
</grate>
<grate id="nev13712309n1-nev13712310n26">
<graphic id="nev13712309n1-nev13712303n97">
<href>0900c8af81620fa#@#@#9#.jpeg</href>
</graphic>
<graphtext id="nev13712309n1-nev13712310n27">
<para id="nev13712309n1-nev13712310n28">
<ptxt id="nev13712309n1-nev13712310n29">
<emph id="nev13712309n1-nev13712310n30">Applies to the #@#@#19#nges.</emph>
</ptxt>
</para>
<list1 enumtype="d" id="nev13712309n1-nev13712310n31" type="unordered">
<title id="nev13712309n1-nev13712310n32">Remove:</title>
<item id="nev13712309n1-nev13712310n33">
<ptxt id="nev13712309n1-nev13712310n34">the M10 nut for#@#@#5#clamp</ptxt>
</item>
<item id="nev13712309n1-nev13712310n35">
<ptxt id="nev13712309n1-nev13712310n36">the 2 x nuts</ptxt>
</item>
<item id="nev13712309n1-nev13712310n37">
<ptxt id="nev13712309n1-nev13712310n38">the front muffler</ptxt>
</item>
<item id="nev13712309n1-nev13712310n39">
<ptxt id="nev13712309n1-nev13712310n40">the flange gasket.</ptxt>
</item>
</list1>
<hint id="nev13712309n1-nev13712310n41">
<ptxt id="nev13712309n1-nev13712310n42">Tap carefully a#@#@#74#mmer.</ptxt>
</hint>
</graphtext>
</grate>
</procstep>
</stepgrp>
<stepgrp id="nev13712309n1-nev13712303n98">
<title id="nev13712309n1-nev13712310n43">Installation</title>
<note id="nev13712309n1-nev13712310n44">
<ptxt id="nev13712309n1-nev13712310n45">For tightening #@#@#9#see: <xref id="nev13712309n1-nev13712310n46">
<ref id="nev13712309n1-nev13712303n99"/>
</xref>. </ptxt>
</note>
<note id="nev13712309n1-nev13712310n47">
<ptxt id="nev13712309n1-nev13712310n48">To ensure that #@#@#29#see: <xref id="nev13712309n1-nev13712310n49">
<ref id="nev13712309n1-nev13712303n100"/>
</xref>.</ptxt>
</note>
<procstep id="nev13712309n1-nev13712310n1">
<title id="nev13712309n1-nev13712310n50">Installing the #@#@#2#ffler</title>
<para id="nev13712309n1-nev13712310n51">
<ptxt id="nev13712309n1-nev13712310n52">
<emph id="nev13712309n1-nev13712310n53">Only applies at#@#@#77#sing.</emph>
</ptxt>
</para>
<list1 enumtype="d" id="nev13712309n1-nev13712310n54" type="unordered">
<title id="nev13712309n1-nev13712310n55">Install:</title>
<item id="nev13712309n1-nev13712310n56">
<ptxt id="nev13712309n1-nev13712310n57">the front muffl#@#@#23#sket </ptxt>
</item>
<item id="nev13712309n1-nev13712310n58">
<ptxt id="nev13712309n1-nev13712310n59">the 2 x M10 nut#@#@#16#n yet</ptxt>
</item>
<item id="nev13712309n1-nev13712310n60">
<ptxt id="nev13712309n1-nev13712310n61">the center muffler</ptxt>
</item>
<item id="nev13712309n1-nev13712310n62">
<ptxt id="nev13712309n1-nev13712310n63">the M10 nut for#@#@#62#n yet</ptxt>
</item>
<item id="nev13712309n1-nev13712310n64">
<ptxt id="nev13712309n1-nev13712310n65">the M10 nut for#@#@#61#n yet</ptxt>
</item>
<item id="nev13712309n1-nev13712310n66">
<ptxt id="nev13712309n1-nev13712310n67">the rubber moun#@#@#1#ings.</ptxt>
</item>
</list1>
<para id="nev13712309n1-nev13712310n68">
<ptxt id="nev13712309n1-nev13712310n69">Adjust the posi#@#@#46#nuts.</ptxt>
</para>
<para id="nev13712309n1-nev13712310n70">
<ptxt id="nev13712309n1-nev13712310n71">
<emph id="nev13712309n1-nev13712310n72">Applies to the #@#@#19#nges.</emph>
</ptxt>
</para>
<list1 enumtype="d" id="nev13712309n1-nev13712310n73" type="unordered">
<title id="nev13712309n1-nev13712310n74">Install:</title>
<item id="nev13712309n1-nev13712310n75">
<ptxt id="nev13712309n1-nev13712310n76">the front muffl#@#@#23#sket </ptxt>
</item>
<item id="nev13712309n1-nev13712310n77">
<ptxt id="nev13712309n1-nev13712310n78">the 2 x M10 nut#@#@#16#n yet</ptxt>
</item>
<item id="nev13712309n1-nev13712310n79">
<ptxt id="nev13712309n1-nev13712310n80">the M10 nut for#@#@#62#n yet</ptxt>
</item>
</list1>
<para id="nev13712309n1-nev13712310n81">
<ptxt id="nev13712309n1-nev13712310n82">Adjust the posi#@#@#46#nuts.</ptxt>
</para>
</procstep>
</stepgrp>
</procedure>
</servinfosub>