<?xml version="1.0" encoding="UTF-8"?><servinfosub IE-ID="en-US0900c8af8048f30a" docno="VCC-075886" id="KC01433032" xml:lang="en-US">
<title>Sensor module, #@#@#6#ement</title>
<procedure>
<stepgrp id="KC01397405">
<procstep id="KC01449927">
<title>Preparations</title>
<grate>
<graphic id="KC08513164" width="column">
<href>0900c8af80054d7#@#@#9#.jpeg</href>
</graphic>
<graphtext>
<list1>
<item>
<ptxt>Make a note of #@#@#32#adio.</ptxt>
</item>
<item>
<ptxt>Ignition off.</ptxt>
</item>
</list1>
</graphtext>
</grate>
<grate>
<graphic id="KC08513165" width="column">
<href>0900c8af80054da#@#@#9#.jpeg</href>
</graphic>
<graphtext>
<list1 enumtype="d" type="unordered">
<item>
<ptxt>Disconnect batt#@#@#13#lead.</ptxt>
</item>
</list1>
</graphtext>
</grate>
</procstep>
<procstep id="KC01449928">
<title>Removal of ciga#@#@#20#tment</title>
<grate>
<graphic id="KC08513166" width="column">
<href>0900c8af803f85f#@#@#9#.jpeg</href>
</graphic>
<graphtext>
<list1 enumtype="d" type="unordered">
<title>Remove</title>
<item>
<ptxt>Cigarette lighter.</ptxt>
</item>
<item>
<ptxt>OBD II cover.</ptxt>
</item>
<item>
<ptxt>Screws (2 x Tor#@#@#79# (1).</ptxt>
</item>
<item>
<ptxt>Two connectors #@#@#41#lder.</ptxt>
</item>
<item>
<ptxt>OBD II connecto#@#@#89#ment.</ptxt>
</item>
</list1>
</graphtext>
</grate>
</procstep>
<procstep id="KC01449929">
<title>Removing center#@#@#3#nsole</title>
<grate>
<graphic id="KC08513167" width="column">
<href>0900c8af803f535#@#@#9#.jpeg</href>
</graphic>
<graphtext>
<list1 enumtype="d" type="unordered">
<item>
<ptxt>Disconnect conn#@#@#37#sole.</ptxt>
</item>
</list1>
</graphtext>
</grate>
<grate>
<graphic id="KC08513168" width="column">
<href>0900c8af803f88f#@#@#9#.jpeg</href>
</graphic>
<graphtext>
<list1 enumtype="d" type="unordered">
<item>
<ptxt>Apply the handb#@#@#35#tral.</ptxt>
</item>
</list1>
<list1 enumtype="d" type="unordered">
<title>Remove</title>
<item>
<ptxt>Screws (2 x Tor#@#@#34#sole.</ptxt>
</item>
<item>
<ptxt>Handbrake openi#@#@#4#over.</ptxt>
</item>
<item>
<ptxt>Panel in the ce#@#@#15#cker.</ptxt>
<note>
<ptxt>Undo the back o#@#@#13#irst.</ptxt>
</note>
</item>
<item>
<ptxt>Screws (2 x Tor#@#@#47#ker.
</ptxt>
</item>
</list1>
</graphtext>
</grate>
<grate>
<graphic id="KC08513169" width="column">
<href>0900c8af803f534#@#@#9#.jpeg</href>
</graphic>
<graphtext>
<list1>
<item>
<ptxt>Carefully lift #@#@#57#time.</ptxt>
<note>
<ptxt>If the car has #@#@#109#oved.</ptxt>
</note>
</item>
</list1>
</graphtext>
</grate>
</procstep>
<procstep id="KC01449930">
<title>Removal of sens#@#@#4#odule</title>
<grate>
<graphic id="KC08513170" width="column">
<href>0900c8af803f895#@#@#9#.jpeg</href>
</graphic>
<graphtext>
<warning>
<ptxt>The battery mus#@#@#60#aced.</ptxt>
</warning>
<list1 enumtype="d" type="unordered">
<item>
<ptxt>Remove the scre#@#@#35#dule.</ptxt>
</item>
<item>
<ptxt>Lift up sensor #@#@#2#dule.</ptxt>
</item>
</list1>
</graphtext>
</grate>
<grate>
<graphic id="KC08513171" width="column">
<href>0900c8af803f895#@#@#9#.jpeg</href>
</graphic>
<graphtext>
<list1>
<item>
<ptxt>Remove the sens#@#@#73# (2).</ptxt>
</item>
<item>
<ptxt>Then remove the#@#@#67#gure.</ptxt>
</item>
</list1>
</graphtext>
</grate>
<grate>
<graphic id="KC08513172" width="column">
<href>0900c8af803f896#@#@#9#.jpeg</href>
</graphic>
<graphtext>
<caution>
<ptxt>Never touch the#@#@#89#dule.</ptxt>
</caution>
</graphtext>
</grate>
</procstep>
</stepgrp>
<stepgrp id="KC01397422">
<procstep id="KC01449931">
<title>Installing sens#@#@#4#odule</title>
<grate>
<graphic id="KC08513173" width="column">
<href>0900c8af803f896#@#@#9#.jpeg</href>
</graphic>
<graphtext>
<caution>
<ptxt>Avoid touching #@#@#102#ule. </ptxt>
</caution>
</graphtext>
</grate>
<grate>
<graphic id="KC08513174" width="column">
<href>0900c8af803f895#@#@#9#.jpeg</href>
</graphic>
<graphtext>
<warning>
<ptxt>The battery mus#@#@#60#aced.</ptxt>
</warning>
<list1>
<item>
<ptxt>Install the sen#@#@#54#gure.</ptxt>
</item>
<item>
<ptxt>Lock the sensor#@#@#75#tch. </ptxt>
<ptxt>This should be #@#@#43#lace.</ptxt>
</item>
</list1>
</graphtext>
</grate>
<grate>
<graphic id="KC08513175" width="column">
<href>0900c8af803f895#@#@#9#.jpeg</href>
</graphic>
<graphtext>
<list1>
<item>
<ptxt>Install sensor #@#@#16# 30).</ptxt>
<ptxt>Sensor module
t#@#@#35#bs.).</ptxt>
<caution>
<ptxt>The screws have#@#@#149#rews.</ptxt>
</caution>
<note>
<ptxt>Use the old scr#@#@#75#ound.</ptxt>
</note>
<caution>
<ptxt>It is important#@#@#101#erly.</ptxt>
</caution>
<ptxt>Because the sen#@#@#170#work.</ptxt>
</item>
</list1>
</graphtext>
</grate>
</procstep>
<procstep id="KC01449932">
<title>Installing of c#@#@#8#nsole</title>
<grate>
<graphic id="KC08513176" width="column">
<href>0900c8af803f535#@#@#9#.jpeg</href>
</graphic>
<graphtext>
<list1 enumtype="d" type="unordered">
<item>
<ptxt>The handbrake m#@#@#40#tral.</ptxt>
</item>
<item>
<ptxt>Install the cen#@#@#81#time.</ptxt>
</item>
<item>
<ptxt>
<emph>If the car has #@#@#11#arbox</emph>
</ptxt>
</item>
<item>
<ptxt>Install gear sh#@#@#120#ole.
</ptxt>
</item>
</list1>
</graphtext>
</grate>
<grate>
<graphic id="KC08513177" width="column">
<href>0900c8af803f535#@#@#9#.jpeg</href>
</graphic>
<graphtext>
<list1>
<item>
<ptxt>Connect connect#@#@#34#sole.</ptxt>
</item>
</list1>
</graphtext>
</grate>
<grate>
<graphic id="KC08513178" width="column">
<href>0900c8af803f896#@#@#9#.jpeg</href>
</graphic>
<graphtext>
<list1>
<title>Install</title>
<item>
<ptxt>Screws (2 x Tor#@#@#34#sole.</ptxt>
</item>
<item>
<ptxt>Handbrake openi#@#@#4#over.</ptxt>
</item>
<item>
<ptxt>Screws (2 x Tor#@#@#47#ker.
</ptxt>
</item>
<item>
<ptxt>Panel in the ce#@#@#15#cker.</ptxt>
<note>
<ptxt>Install the fro#@#@#17#irst.</ptxt>
</note>
</item>
</list1>
</graphtext>
</grate>
</procstep>
<procstep id="KC01449933">
<title>Installing ciga#@#@#20#tment</title>
<grate>
<graphic id="KC08513179" width="column">
<href>0900c8af803f88f#@#@#9#.jpeg</href>
</graphic>
<graphtext>
<list1>
<title>Install</title>
<item>
<ptxt>Two connectors #@#@#80#ment.</ptxt>
</item>
<item>
<ptxt>OBD II connecto#@#@#79#side.</ptxt>
</item>
<item>
<ptxt>Cigarette light#@#@#24# 20).</ptxt>
</item>
<item>
<ptxt>OBD II cover.</ptxt>
</item>
<item>
<ptxt>Cigarette lighter.</ptxt>
</item>
</list1>
</graphtext>
</grate>
</procstep>
</stepgrp>
</procedure>
</servinfosub>