<?xml version="1.0" encoding="UTF-8"?><script xmlns:nevis="http://www.volvocars.com/namespaces/processing" xmlns:xlink="http://www.w3.org/1999/xlink" IE-ID="en-US0900c8af866ff30a" docno="VCC-475639" id="nev21736374n1" nevis:expl-profile="mdl526yr2015, mdl124yr2015, mdl135yr2015, mdl136yr2015, mdl134yr2015, mdl155yr2015, mdl156yr2015, mdl525yr2015, mdl134yr2016, mdl155yr2016, mdl156yr2016, mdl157yr2015, mdl124yr2016, mdl135yr2016, mdl136yr2016, mdl157yr2016, mdl525yr2016, mdl526yr2016" nevis:profile="urn:x-nevis:profile:0b00c8af861bd2c7 urn:x-nevis:profile:0b00c8af8620f7a0 urn:x-nevis:profile:0b00c8af862154cd urn:x-nevis:profile:0b00c8af8621ada3 urn:x-nevis:profile:0b00c8af8621e88c urn:x-nevis:profile:0b00c8af86223698 urn:x-nevis:profile:0b00c8af86229467 urn:x-nevis:profile:0b00c8af862296a5 urn:x-nevis:profile:0b00c8af863f4c3a urn:x-nevis:profile:0b00c8af863ffa7b urn:x-nevis:profile:0b00c8af864b2bae urn:x-nevis:profile:0b00c8af86552501 urn:x-nevis:profile:0b00c8af8656e7d2 urn:x-nevis:profile:0b00c8af8656e95f urn:x-nevis:profile:0b00c8af8656ed6f urn:x-nevis:profile:0b00c8af8657680f urn:x-nevis:profile:0b00c8af86576caa urn:x-nevis:profile:0b00c8af86576f47" nevis:projectdocument="urn:x-nevis:projectdocument:0800c8af866ff2f9" nevis:resource="0900c8af86781d4d" nevis:resource2="urn:x-nevis:fragment:0900c8af866ff30a:0900c8af86781d4d#nev21736374n1" nevis:session-id="" qualifierinfotype="14:00" type="" xml:lang="en-US"><title><phrase category="Title" id="nev21736805n1" phrase-urn="urn:x-nevis:phrase:0800c8af866ff2de">Calibration of iTPMS</phrase></title><content gui="1" height="320" id="nev21736375n1-nev21736374n3" nevis:expl-profile="mdl526yr2015, mdl124yr2015, mdl135yr2015, mdl136yr2015, mdl134yr2015, mdl155yr2015, mdl156yr2015, mdl525yr2015, mdl134yr2016, mdl155yr2016, mdl156yr2016, mdl157yr2015, mdl124yr2016, mdl135yr2016, mdl136yr2016, mdl157yr2016, mdl525yr2016, mdl526yr2016" nevis:idfrom="nev21736375n1" nevis:prefix="nev21736375n1" nevis:profile="urn:x-nevis:profile:0b00c8af861bd2c7 urn:x-nevis:profile:0b00c8af8620f7a0 urn:x-nevis:profile:0b00c8af862154cd urn:x-nevis:profile:0b00c8af8621ada3 urn:x-nevis:profile:0b00c8af8621e88c urn:x-nevis:profile:0b00c8af86223698 urn:x-nevis:profile:0b00c8af86229467 urn:x-nevis:profile:0b00c8af862296a5 urn:x-nevis:profile:0b00c8af863f4c3a urn:x-nevis:profile:0b00c8af863ffa7b urn:x-nevis:profile:0b00c8af864b2bae urn:x-nevis:profile:0b00c8af86552501 urn:x-nevis:profile:0b00c8af8656e7d2 urn:x-nevis:profile:0b00c8af8656e95f urn:x-nevis:profile:0b00c8af8656ed6f urn:x-nevis:profile:0b00c8af8657680f urn:x-nevis:profile:0b00c8af86576caa urn:x-nevis:profile:0b00c8af86576f47" nevis:resource="0900c8af86781d4b" nevis:resource2="urn:x-nevis:fragment:0900c8af866ff30a:0900c8af86781d4b#nev21736374n3" width="645" xml:lang="en-US"><nodes id="nev21736375n1-nev21815709n1"><node class="Components.ScriptComponent" id="nev21736375n1-nev21815710n1" nodeid="Script1" x="1167" y="525"/><node class="Components.StartNode" id="nev21736375n1-nev21815711n1" nodeid="Start" x="57" y="139"/><node class="Components.DiagnosticOutput" id="nev21736375n1-nev21815712n1" nodeid="Output" x="1427" y="261"><property class="String" id="nev21736375n1-nev21815713n1" name="Result" type="In" value="" visible="1"/></node><node class="Components.RunScript" id="nev21736375n1-nev21815714n1" nodeid="NoResponse" x="1394" y="480"><property class="String" id="nev21736375n1-nev21815715n1" name="Result" type="Out" value="" visible="1"/><extension id="nev21736375n1-nev21815716n1"><xml id="nev21736375n1-nev21736841n1"><ref id="nev21736375n1-nev21736806n1"><locator xlink:href="#nev21736375n1-nev21736806n1" xlink:type="locator"/><locator xlink:href="urn:x-nevis:xref:0800c8af8430b8e2:00000000:00000000#nev13459544n1" xlink:type="locator"/><arc nevis:href="urn:x-nevis:xref:0800c8af8430b8e2:00000000:00000000#nev13459544n1" xlink:title="VCC-351787, Error message, OnNoRespons" xlink:type="arc"/></ref></xml></extension></node><node class="Components.RunScript" id="nev21736375n1-nev21815720n1" nodeid="NoContact" x="1391" y="579"><property class="String" id="nev21736375n1-nev21815721n1" name="Result" type="Out" value="" visible="1"/><extension id="nev21736375n1-nev21815722n1"><xml id="nev21736375n1-nev21736848n1"><ref id="nev21736375n1-nev21736807n1"><locator xlink:href="#nev21736375n1-nev21736807n1" xlink:type="locator"/><locator xlink:href="urn:x-nevis:xref:0800c8af8431f3b4:00000000:00000000#nev13469607n1" xlink:type="locator"/><arc nevis:href="urn:x-nevis:xref:0800c8af8431f3b4:00000000:00000000#nev13469607n1" xlink:title="VCC-352667, Error message, OnNoContact" xlink:type="arc"/></ref></xml></extension></node><node class="Components.RunScript" id="nev21736375n1-nev21815726n1" nodeid="NegativeResponse" x="1392" y="680"><property class="String" id="nev21736375n1-nev21815727n1" name="Result" type="Out" value="" visible="1"/><extension id="nev21736375n1-nev21815728n1"><xml id="nev21736375n1-nev21736855n1"><ref id="nev21736375n1-nev21736808n1"><locator xlink:href="#nev21736375n1-nev21736808n1" xlink:type="locator"/><locator xlink:href="urn:x-nevis:xref:0800c8af8430c3a5:00000000:00000000#nev13461630n1" xlink:type="locator"/><arc nevis:href="urn:x-nevis:xref:0800c8af8430c3a5:00000000:00000000#nev13461630n1" xlink:title="VCC-351907, Error message, OnNegativeRespons" xlink:type="arc"/></ref></xml></extension></node><node class="Components.InfoDisplay" id="nev21736375n1-nev21815732n1" nodeid="InfoDisplay1" x="1427" y="341"><gui height="195" id="nev21736375n1-nev21815733n1" width="550" x="45" y="25"/><property class="String" id="nev21736375n1-nev21815734n1" name="Content" type="In" value="" visible="1"/><extension id="nev21736375n1-nev21815735n1"/></node><node class="Components.InfoDisplayContent" id="nev21736375n1-nev21815736n1" nodeid="Explanation" x="1146" y="96"><property class="String" id="nev21736375n1-nev21815737n1" name="Content" type="Out" value="" visible="1"/><extension id="nev21736375n1-nev21815738n1"><phrase category="Faulttracing" id="nev21736375n1-nev21736809n1" phrase-urn="urn:x-nevis:phrase:0800c8af866ff2f3">This script can#@#@#51#tion.</phrase><phrase category="Faulttracing" id="nev21736375n1-nev21779053n1" phrase-urn="urn:x-nevis:phrase:0800c8af8673ff38">The script will#@#@#82#tion.</phrase><para id="nev21736375n1-nev21736866n1"><phrase category="Faulttracing" id="nev21736375n1-nev21736811n1" phrase-urn="urn:x-nevis:phrase:0800c8af866ff2f5">To perform a ne#@#@#68#tion.</phrase><phrase category="Condition" id="nev21736375n1-nev21737494n1" phrase-urn="urn:x-nevis:phrase:0800c8af866fe8dd">The calibration#@#@#129#km/h.</phrase></para><para id="nev21736375n1-nev21737548n1"/><para id="nev21736375n1-nev21736867n1"><list id="nev21736375n1-nev21737549n1"><li id="nev21736375n1-nev21737550n1"><b id="nev21736375n1-nev21737551n1"><phrase category="Faulttracing" id="nev21736375n1-nev21736814n1" phrase-urn="urn:x-nevis:phrase:0800c8af866ff2f6">Press Start to #@#@#39#tion.</phrase></b></li></list></para></extension></node><node class="Components.CarConfigComparer" id="nev21736375n1-nev21815739n1" nodeid="iTPMS_CC#112?" x="199" y="167"><extension id="nev21736375n1-nev21815740n1"><ecuVariantId id="nev21736375n1-nev21736871n1">4249</ecuVariantId><identifier description="REID 0xF106" id="nev21736375n1-nev21736872n1">7827946</identifier><restriction id="nev21736375n1-7946791" textId="1075622"><value id="nev21736375n1-nev21736873n1" textId="88926">39712331</value></restriction></extension></node><node class="Components.InfoDisplayContent" id="nev21736375n1-nev21815741n1" nodeid="NoiTPMS" x="1149" y="13"><property class="String" id="nev21736375n1-nev21815742n1" name="Content" type="Out" value="" visible="1"/><extension id="nev21736375n1-nev21815743n1"><phrase category="Faulttracing" id="nev21736375n1-nev21736819n1" phrase-urn="urn:x-nevis:phrase:0800c8af866ff394">The vehicle is #@#@#60#TPMS.</phrase></extension></node><node class="Components.VehComm" id="nev21736375n1-nev21815744n1" nodeid="BCM_ext_session" x="568" y="287"><property class="String" id="nev21736375n1-nev21815745n1" name="Mode" type="Internal" value="EcuType" visible="1"/><property class="Int" id="nev21736375n1-nev21815746n1" name="EcuType" type="In" value="593102" visible="0"/><property class="Int" id="nev21736375n1-nev21815747n1" name="ServiceId" type="In" value="106" visible="0"/><property class="String" id="nev21736375n1-nev21815748n1" name="EcuName" type="Out" value="" visible="1"/><property class="Response" id="nev21736375n1-nev21815749n1" name="Result" type="Out" value="" visible="1"/><extension id="nev21736375n1-nev21815750n1"/></node><node class="Components.ScriptButton" id="nev21736375n1-nev21815751n1" nodeid="start" x="369" y="276"><gui height="40" id="nev21736375n1-nev21815752n1" width="115" x="45" y="255"/><property class="String" id="nev21736375n1-nev21815753n1" name="Text" type="In" value="" visible="1"/><property class="String" id="nev21736375n1-nev21815754n1" name="StartDisabled" type="Internal" value="True" visible="1"/><property class="String" id="nev21736375n1-nev21815755n1" name="StartVisible" type="Internal" value="False" visible="1"/><extension id="nev21736375n1-nev21815756n1"><phrase category="Faulttracing" id="nev21736375n1-nev21736905n1" phrase-urn="urn:x-nevis:phrase:0800c8af8160daec">Start</phrase></extension></node><node class="Components.ScriptButton" id="nev21736375n1-nev21815757n1" nodeid="Close" x="20" y="292"><gui height="40" id="nev21736375n1-nev21815758n1" width="115" x="480" y="255"/><property class="String" id="nev21736375n1-nev21815759n1" name="Text" type="In" value="" visible="1"/><property class="String" id="nev21736375n1-nev21815760n1" name="StartDisabled" type="Internal" value="false" visible="1"/><property class="String" id="nev21736375n1-nev21815761n1" name="StartVisible" type="Internal" value="true" visible="1"/><extension id="nev21736375n1-nev21815762n1"><phrase category="Faulttracing" id="nev21736375n1-nev21736906n1" phrase-urn="urn:x-nevis:phrase:0800c8af8178a390">Exit</phrase></extension></node><node class="Components.VehComm" id="nev21736375n1-nev21815763n1" nodeid="iTPMS_reset" x="744" y="289"><property class="String" id="nev21736375n1-nev21815764n1" name="Mode" type="Internal" value="EcuType" visible="1"/><property class="Int" id="nev21736375n1-nev21815765n1" name="EcuType" type="In" value="593102" visible="0"/><property class="Int" id="nev21736375n1-nev21815766n1" name="ServiceId" type="In" value="109" visible="0"/><property class="String" id="nev21736375n1-nev21815767n1" name="EcuName" type="Out" value="" visible="1"/><property class="Response" id="nev21736375n1-nev21815768n1" name="Result" type="Out" value="" visible="1"/><property class="String" id="nev21736375n1-nev21815769n1" name="Identifier" type="In" value="FD00" visible="0"/><property class="String" id="nev21736375n1-nev21815770n1" name="ControlOption" type="In" value="01" visible="0"/><extension id="nev21736375n1-nev21815771n1"><insertparam id="nev21736375n1-nev21736980n1" name="ControlOption"/><insertparam id="nev21736375n1-nev21736981n1" name="Identifier"/></extension></node><node class="Components.InfoDisplayContent" id="nev21736375n1-nev21815772n1" nodeid="inProgress" x="1142" y="255"><property class="String" id="nev21736375n1-nev21815773n1" name="Content" type="Out" value="" visible="1"/><extension id="nev21736375n1-nev21815774n1"><b id="nev21736375n1-nev21737588n1"><phrase category="Faulttracing" id="nev21736375n1-nev21737493n1" phrase-urn="urn:x-nevis:phrase:0800c8af8598dcde">Please wait, ca#@#@#17#ress.</phrase></b></extension></node><node class="Components.InfoDisplayContent" id="nev21736375n1-nev21815775n1" nodeid="successful" x="1143" y="177"><property class="String" id="nev21736375n1-nev21815776n1" name="Content" type="Out" value="" visible="1"/><extension id="nev21736375n1-nev21815777n1"><b id="nev21736375n1-nev21737592n1"><phrase category="Faulttracing" id="nev21736375n1-nev21737513n1" phrase-urn="urn:x-nevis:phrase:0800c8af866ff455">Request about r#@#@#39#sful!</phrase></b><para id="nev21736375n1-nev21737593n1"><phrase category="Faulttracing" id="nev21736375n1-nev21737514n1" phrase-urn="urn:x-nevis:phrase:0800c8af866ff2f5">To perform a ne#@#@#68#tion.</phrase><phrase category="Condition" id="nev21736375n1-nev21737515n1" phrase-urn="urn:x-nevis:phrase:0800c8af866fe8dd">The calibration#@#@#129#km/h.</phrase></para></extension></node><node class="Components.Comment" id="nev21736375n1-nev21815778n1" nodeid="Comment1" x="47" y="19"><extension id="nev21736375n1-nev21815779n1">Script for syst#@#@#87#06-11</extension></node><node class="Components.InfoDisplayContent" id="nev21736375n1-nev21815780n1" nodeid="infodisplay_error" x="1145" y="340"><property class="String" id="nev21736375n1-nev21815781n1" name="Content" type="Out" value="" visible="1"/><extension id="nev21736375n1-nev21815782n1"><b id="nev21736375n1-nev21737599n1"><phrase category="Faulttracing" id="nev21736375n1-nev21737516n1" phrase-urn="urn:x-nevis:phrase:0800c8af852d9954">NOT OK! Calibra#@#@#7#iled.</phrase></b><para id="nev21736375n1-nev21737600n1"><phrase category="Faulttracing" id="nev21736375n1-nev21737517n1" phrase-urn="urn:x-nevis:phrase:0800c8af866ff456">Select start to#@#@#15#empt.</phrase></para></extension></node><node class="Components.Comparer" id="nev21736375n1-nev21815783n1" nodeid="completed?" x="315" y="584"><property class="String" id="nev21736375n1-nev21815784n1" name="Mode" type="Internal" value="String" visible="1"/><property class="String" id="nev21736375n1-nev21815785n1" name="Value1" type="In" value="" visible="1"/><property class="String" id="nev21736375n1-nev21815786n1" name="Value2" type="In" value="00" visible="0"/></node><node class="Components.Comparer" id="nev21736375n1-nev21815787n1" nodeid="Aborted?" x="474" y="587"><property class="String" id="nev21736375n1-nev21815788n1" name="Mode" type="Internal" value="String" visible="1"/><property class="String" id="nev21736375n1-nev21815789n1" name="Value1" type="In" value="" visible="1"/><property class="String" id="nev21736375n1-nev21815790n1" name="Value2" type="In" value="01" visible="0"/></node><node class="Components.Comparer" id="nev21736375n1-nev21815791n1" nodeid="active?" x="638" y="588"><property class="String" id="nev21736375n1-nev21815792n1" name="Mode" type="Internal" value="String" visible="1"/><property class="String" id="nev21736375n1-nev21815793n1" name="Value1" type="In" value="" visible="1"/><property class="String" id="nev21736375n1-nev21815794n1" name="Value2" type="In" value="02" visible="0"/></node><node class="Components.Delay" id="nev21736375n1-nev21815795n1" nodeid="2s" x="859" y="608"><property class="Int" id="nev21736375n1-nev21815796n1" name="Value" type="In" value="2000" visible="0"/></node><node class="Components.VehComm" id="nev21736375n1-nev21815797n1" nodeid="routine result FD00" x="579" y="808"><property class="String" id="nev21736375n1-nev21815798n1" name="Mode" type="Internal" value="EcuType" visible="1"/><property class="Int" id="nev21736375n1-nev21815799n1" name="EcuType" type="In" value="593102" visible="0"/><property class="Int" id="nev21736375n1-nev21815800n1" name="ServiceId" type="In" value="111" visible="0"/><property class="String" id="nev21736375n1-nev21815801n1" name="EcuName" type="Out" value="" visible="1"/><property class="Response" id="nev21736375n1-nev21815802n1" name="Result" type="Out" value="" visible="1"/><property class="String" id="nev21736375n1-nev21815803n1" name="Identifier" type="In" value="FD00" visible="0"/><property class="String" id="nev21736375n1-nev21815804n1" name="ControlOption" type="In" value="" visible="1"/><extension id="nev21736375n1-nev21815805n1"><insertparam id="nev21736375n1-nev21806354n1" name="ControlOption"/><insertparam id="nev21736375n1-nev21806355n1" name="Identifier"/></extension></node><node class="Components.Constant" id="nev21736375n1-nev21815806n1" nodeid="implausible" x="929" y="840"><property class="String" id="nev21736375n1-nev21815807n1" name="Text" type="Out" value="---------------------    Implausible condition, logic in script incorrect ???      Routine status neither completed, aborted nor still active ------------------------" visible="1"/><extension id="nev21736375n1-nev21815808n1"><text id="nev21736375n1-nev21811107n1" type="raw">---------------#@#@#146#-----</text></extension></node><node class="Components.Formula" id="nev21736375n1-nev21815809n1" nodeid="x+1" x="191" y="784"><property class="String" id="nev21736375n1-nev21815810n1" name="X" type="In" value="" visible="1"/><property class="String" id="nev21736375n1-nev21815811n1" name="Formula" type="In" value="x+1" visible="0"/><property class="String" id="nev21736375n1-nev21815812n1" name="Result" type="Out" value="" visible="1"/></node><node class="Components.Constant" id="nev21736375n1-nev21815813n1" nodeid="0" x="43" y="576"><property class="String" id="nev21736375n1-nev21815814n1" name="Text" type="Out" value="" visible="1"/><property class="Int" id="nev21736375n1-nev21815815n1" name="Value" type="Out" value="0" visible="1"/><extension id="nev21736375n1-nev21815816n1"/></node><node class="Components.Comparer" id="nev21736375n1-nev21815817n1" nodeid="if &gt; 9" x="358" y="816"><property class="String" id="nev21736375n1-nev21815818n1" name="Mode" type="Internal" value="Int" visible="1"/><property class="Int" id="nev21736375n1-nev21815819n1" name="Value1" type="In" value="0" visible="1"/><property class="String" id="nev21736375n1-nev21815820n1" name="Operator" type="Internal" value="GreaterThan" visible="1"/><property class="Int" id="nev21736375n1-nev21815821n1" name="Value2" type="In" value="9" visible="0"/></node><node class="Components.ResultGet" id="nev21736375n1-nev21815822n1" nodeid="RoutineStatus" x="925" y="357"><property class="Response" id="nev21736375n1-nev21815823n1" name="InValue" type="In" value="" visible="1"/><property class="String" id="nev21736375n1-nev21815824n1" name="Status" type="Out" value="" visible="1"/><extension id="nev21736375n1-nev21815825n1"><get id="nev21736375n1-nev21806327n1" property="Status"><getbyname id="nev21736375n1-nev21806328n1" key="Parameters"/><getbyid id="nev21736375n1-nev21806329n1" key="14581" name="" title="Status"/><getbyname id="nev21736375n1-nev21806330n1" key="value"/></get></extension></node><node class="Components.Comment" id="nev21736375n1-nev21815826n1" nodeid="Comment2" x="185" y="121"><extension id="nev21736375n1-nev21815827n1">Check in carcon#@#@#46#iTPMS</extension></node><node class="Components.Comment" id="nev21736375n1-nev21815828n1" nodeid="Comment3" x="608" y="251"><extension id="nev21736375n1-nev21815829n1">Run control rou#@#@#11#iTPMS</extension></node><node class="Components.Comment" id="nev21736375n1-nev21815830n1" nodeid="Comment4" x="395" y="541"><extension id="nev21736375n1-nev21815831n1">Check if contro#@#@#19# ok. </extension></node><node class="Components.Comment" id="nev21736375n1-nev21815832n1" nodeid="Comment5" x="21" y="537"><extension id="nev21736375n1-nev21815833n1">Reset counter f#@#@#50#icked</extension></node><node class="Components.Comment" id="nev21736375n1-nev21815834n1" nodeid="Comment6" x="916" y="806"><extension id="nev21736375n1-nev21815835n1">This should nev#@#@#7#en...</extension></node><node class="Components.Comment" id="nev21736375n1-nev21815836n1" nodeid="Comment7" x="302" y="745"><extension id="nev21736375n1-nev21815837n1">If Control rout#@#@#94#sful.</extension></node></nodes><handlers id="nev21736375n1-nev21815838n1"><eventhandler id="nev21736375n1-nev21815839n1" name="OnNoResponse" node="Script1"><call id="nev21736375n1-nev21815840n1" method="Trigger" node="infodisplay_error"/><call id="nev21736375n1-nev21815841n1" method="Run" node="NoResponse"/><call id="nev21736375n1-nev21815842n1" method="Enable" node="start"/></eventhandler><eventhandler id="nev21736375n1-nev21815843n1" name="OnNoContact" node="Script1"><call id="nev21736375n1-nev21815844n1" method="Trigger" node="infodisplay_error"/><call id="nev21736375n1-nev21815845n1" method="Run" node="NoContact"/><call id="nev21736375n1-nev21815846n1" method="Enable" node="start"/></eventhandler><eventhandler id="nev21736375n1-nev21815847n1" name="OnNegativeResponse" node="Script1"><call id="nev21736375n1-nev21815848n1" method="Trigger" node="infodisplay_error"/><call id="nev21736375n1-nev21815849n1" method="Run" node="NegativeResponse"/><call id="nev21736375n1-nev21815850n1" method="Enable" node="start"/></eventhandler><eventhandler id="nev21736375n1-nev21815851n1" name="OnStart" node="Start"><call id="nev21736375n1-nev21815852n1" method="Execute" node="iTPMS_CC#112?"/></eventhandler><eventhandler id="nev21736375n1-nev21815853n1" name="OnEqual" node="iTPMS_CC#112?"><call id="nev21736375n1-nev21815854n1" method="Trigger" node="NoiTPMS"/></eventhandler><eventhandler id="nev21736375n1-nev21815855n1" name="OnNotEqual" node="iTPMS_CC#112?"><call id="nev21736375n1-nev21815856n1" method="Trigger" node="Explanation"/><call id="nev21736375n1-nev21815857n1" method="Enable" node="start"/><call id="nev21736375n1-nev21815858n1" method="Show" node="start"/></eventhandler><eventhandler id="nev21736375n1-nev21815859n1" name="OnNotFound" node="iTPMS_CC#112?"><call id="nev21736375n1-nev21815860n1" method="Trigger" node="Explanation"/><call id="nev21736375n1-nev21815861n1" method="Enable" node="start"/><call id="nev21736375n1-nev21815862n1" method="Show" node="start"/></eventhandler><eventhandler id="nev21736375n1-nev21815863n1" name="Click" node="start"><call id="nev21736375n1-nev21815864n1" method="Disable" node="start"/><call id="nev21736375n1-nev21815865n1" method="Trigger" node="inProgress"/><call id="nev21736375n1-nev21815866n1" method="Trigger" node="0"/><call id="nev21736375n1-nev21815867n1" method="Execute" node="BCM_ext_session"/></eventhandler><eventhandler id="nev21736375n1-nev21815868n1" name="Click" node="Close"><call id="nev21736375n1-nev21815869n1" method="CloseDialog" node="Script1"/><call id="nev21736375n1-nev21815870n1" method="Stop" node="Script1"/></eventhandler><eventhandler id="nev21736375n1-nev21815871n1" name="OnPositiveResponse" node="BCM_ext_session"><call id="nev21736375n1-nev21815872n1" method="Execute" node="iTPMS_reset"/></eventhandler><eventhandler id="nev21736375n1-nev21815873n1" name="OnPositiveResponse" node="iTPMS_reset"><call id="nev21736375n1-nev21815874n1" method="Execute" node="RoutineStatus"/></eventhandler><eventhandler id="nev21736375n1-nev21815875n1" name="OnTrue" node="completed?"><call id="nev21736375n1-nev21815876n1" method="Trigger" node="successful"/></eventhandler><eventhandler id="nev21736375n1-nev21815877n1" name="OnTrue" node="Aborted?"><call id="nev21736375n1-nev21815878n1" method="Trigger" node="infodisplay_error"/></eventhandler><eventhandler id="nev21736375n1-nev21815879n1" name="OnFalse" node="completed?"><call id="nev21736375n1-nev21815880n1" method="Compare" node="Aborted?"/></eventhandler><eventhandler id="nev21736375n1-nev21815881n1" name="OnFalse" node="Aborted?"><call id="nev21736375n1-nev21815882n1" method="Compare" node="active?"/></eventhandler><eventhandler id="nev21736375n1-nev21815883n1" name="OnTrue" node="active?"><call id="nev21736375n1-nev21815884n1" method="Execute" node="2s"/></eventhandler><eventhandler id="nev21736375n1-nev21815885n1" name="OnFalse" node="active?"><call id="nev21736375n1-nev21815886n1" method="Trigger" node="implausible"/></eventhandler><eventhandler id="nev21736375n1-nev21815887n1" name="OnTrigger" node="implausible"><call id="nev21736375n1-nev21815888n1" method="LogMessage" node="Script1"><parameter id="nev21736375n1-nev21815889n1" node="implausible" property="Text"/></call></eventhandler><eventhandler id="nev21736375n1-nev21815890n1" name="OnPositiveResponse" node="routine result FD00"><call id="nev21736375n1-nev21815891n1" method="Execute" node="RoutineStatus"/></eventhandler><eventhandler id="nev21736375n1-nev21815892n1" name="OnFalse" node="if &gt; 9"><call id="nev21736375n1-nev21815893n1" method="Execute" node="routine result FD00"/></eventhandler><eventhandler id="nev21736375n1-nev21815894n1" name="OnContinue" node="2s"><call id="nev21736375n1-nev21815895n1" method="Evaluate" node="x+1"/><call id="nev21736375n1-nev21815896n1" method="Compare" node="if &gt; 9"/></eventhandler><eventhandler id="nev21736375n1-nev21815897n1" name="OnTrue" node="if &gt; 9"><call id="nev21736375n1-nev21815898n1" method="Trigger" node="infodisplay_error"/><call id="nev21736375n1-nev21815899n1" method="Enable" node="start"/></eventhandler><eventhandler id="nev21736375n1-nev21815900n1" name="OnGet" node="RoutineStatus"><call id="nev21736375n1-nev21815901n1" method="Compare" node="completed?"/></eventhandler><propertyhandler id="nev21736375n1-nev21815902n1" name="Content" node="Explanation"><set id="nev21736375n1-nev21815903n1" node="InfoDisplay1" property="Content"/></propertyhandler><propertyhandler id="nev21736375n1-nev21815904n1" name="Content" node="NoiTPMS"><set id="nev21736375n1-nev21815905n1" node="InfoDisplay1" property="Content"/></propertyhandler><propertyhandler id="nev21736375n1-nev21815906n1" name="Content" node="inProgress"><set id="nev21736375n1-nev21815907n1" node="InfoDisplay1" property="Content"/></propertyhandler><propertyhandler id="nev21736375n1-nev21815908n1" name="Content" node="successful"><set id="nev21736375n1-nev21815909n1" node="InfoDisplay1" property="Content"/></propertyhandler><propertyhandler id="nev21736375n1-nev21815910n1" name="Content" node="infodisplay_error"><set id="nev21736375n1-nev21815911n1" node="InfoDisplay1" property="Content"/></propertyhandler><propertyhandler id="nev21736375n1-nev21815912n1" name="Result" node="iTPMS_reset"><set id="nev21736375n1-nev21815913n1" node="RoutineStatus" property="InValue"/></propertyhandler><propertyhandler id="nev21736375n1-nev21815914n1" name="Result" node="routine result FD00"><set id="nev21736375n1-nev21815915n1" node="RoutineStatus" property="InValue"/></propertyhandler><propertyhandler id="nev21736375n1-nev21815916n1" name="Value" node="0"><set id="nev21736375n1-nev21815917n1" node="x+1" property="X"/></propertyhandler><propertyhandler id="nev21736375n1-nev21815918n1" name="Result" node="x+1"><set id="nev21736375n1-nev21815919n1" node="if &gt; 9" property="Value1"/><set id="nev21736375n1-nev21815920n1" node="x+1" property="X"/></propertyhandler><propertyhandler id="nev21736375n1-nev21815921n1" name="Status" node="RoutineStatus"><set id="nev21736375n1-nev21815922n1" node="completed?" property="Value1"/><set id="nev21736375n1-nev21815923n1" node="Aborted?" property="Value1"/><set id="nev21736375n1-nev21815924n1" node="active?" property="Value1"/></propertyhandler></handlers></content></script>