<?xml version="1.0" encoding="UTF-8"?><servinfosub IE-ID="en-US0900c8af8431671d" docno="VCC-145548" id="KC01204150" xml:lang="en-US">
<title>
<phrase category="" id="KC07576064" phrase-urn="urn:x-nevis:phrase:0800c8af81b99d8e">Diagnostic trou#@#@#21#ation</phrase>
</title>
<diagnostic j2008use="1" paperuse="1" screenuse="1" type="condition">
<condgrp>
<condition type="condition">
<para>
<ptxt>
<phrase category="" id="KC07576065" phrase-urn="urn:x-nevis:phrase:0800c8af81b99d8f">Diagnostic trou#@#@#142#CM). </phrase>
</ptxt>
</para>
<note id="nev13465735n100">
<ptxt id="nev13465735n99">
<phrase category="Condition" id="nev13465737n1" phrase-urn="urn:x-nevis:phrase:0800c8af842e5b71">The test is car#@#@#32#ycle.</phrase>
<phrase category="Condition" id="nev13465738n1" phrase-urn="urn:x-nevis:phrase:0800c8af842e5b7c">The Suspension #@#@#67# off.</phrase>
</ptxt>
</note>
</condition>
</condgrp>
<condgrp>
<condition type="substitution">
<para>
<ptxt>
<phrase category="" id="KC07576066" phrase-urn="urn:x-nevis:phrase:0800c8af81b99d90">Four-C control #@#@#11# off.</phrase>
</ptxt>
</para>
</condition>
<ps>
<list1 enumtype="d" type="unordered">
<item>
<ptxt>
<phrase category="" id="KC07576067" phrase-urn="urn:x-nevis:phrase:0800c8af81b99d91">Communication p#@#@#21#twork</phrase>
</ptxt>
</item>
<item>
<ptxt>
<phrase category="" id="KC07576068" phrase-urn="urn:x-nevis:phrase:0800c8af81b99d92">Defective Suspe#@#@#13#(SUM)</phrase>
</ptxt>
</item>
<item>
<ptxt>
<phrase category="" id="KC07576069" phrase-urn="urn:x-nevis:phrase:0800c8af81b99d93">Defective brake#@#@#17#BCM).</phrase>
</ptxt>
</item>
</list1>
</ps>
</condgrp>
<condgrp>
<condition type="symptom">
<list1 enumtype="d" type="unordered">
<item>
<ptxt>
<phrase category="" id="KC07576070" phrase-urn="urn:x-nevis:phrase:0800c8af81b99d94">General warning#@#@#4#p lit</phrase>
</ptxt>
</item>
<item>
<ptxt>
<phrase category="" id="KC07576071" phrase-urn="urn:x-nevis:phrase:0800c8af81b99d95">Message in the #@#@#2#splay</phrase>
</ptxt>
</item>
<item>
<ptxt>
<phrase category="" id="KC07576072" phrase-urn="urn:x-nevis:phrase:0800c8af81b99d96">Four-C does not#@#@#1#work.</phrase>
</ptxt>
</item>
</list1>
</condition>
</condgrp>
</diagnostic>
</servinfosub>