<?xml version="1.0" encoding="UTF-8"?><servinfosub IE-ID="en-US0900c8af83f9a71d" docno="VCC-160566" id="KC06318493" xml:lang="en-US">
<title>
<phrase category="Qualifier" id="nev12981209n1" phrase-urn="urn:x-nevis:phrase:0800c8af8015c79f">Signal too low/#@#@#9#ssing</phrase>
</title>
<diagnostic j2008use="1" layout="0" paperuse="1" screenuse="1" type="test">
<testgrp IE-ID="en-US0900c8af83f9a71d_KC06325665" id="KC06325665" j2008use="1" paperuse="1" resumable="1" screenuse="1" testgrp-id="s1" x="120" y="120">
<title>
<phrase category="Title" id="nev12981208n1" phrase-urn="urn:x-nevis:phrase:0800c8af81eb9b6c">Checking compon#@#@#10#iring</phrase>
</title>
<node>
<test1>
<caution>
<ptxt id="nev12942221n100">
<phrase category="Preparatory" id="nev12942223n1" phrase-urn="urn:x-nevis:phrase:0800c8af8393125e">Do not touch th#@#@#50#PAM).</phrase>
<phrase category="Faulttracing" id="nev12942224n1" phrase-urn="urn:x-nevis:phrase:0800c8af82264d1e">There is a risk#@#@#54#dule.</phrase>
</ptxt>
</caution>
<diaglist>
<dgraphic>
<dgraphic1>
<graphic id="KC07226547">
<href>0900c8af80054d4#@#@#9#.jpeg</href>
</graphic>
</dgraphic1>
<dgraphic2>
<graphic id="KC07226548">
<href>0900c8af80054d7#@#@#9#.jpeg</href>
</graphic>
</dgraphic2>
</dgraphic>
<ditem>
<ptxt>
<phrase category="Preparatory" id="nev12942448n1" phrase-urn="urn:x-nevis:phrase:0800c8af81e9eaf8">Ignition off.</phrase>
</ptxt>
</ditem>
<ditem>
<ptxt id="nev12942445n99">
<phrase category="Faulttracing" id="nev12942449n1" phrase-urn="urn:x-nevis:phrase:0800c8af83fa674c">Disconnect the #@#@#45#ront)</phrase>
</ptxt>
</ditem>
<ditem>
<ptxt id="nev12942445n97">
<phrase category="Faulttracing" id="nev12942450n1" phrase-urn="urn:x-nevis:phrase:0800c8af83fa6756">Disconnect conn#@#@#44#PAM).</phrase>
</ptxt>
</ditem>
</diaglist>
<test2>
<para>
<ptxt id="nev12942445n95">
<phrase category="Faulttracing" id="nev12942451n1" phrase-urn="urn:x-nevis:phrase:0800c8af83931263">Check the conne#@#@#106#ions.</phrase>
<phrase category="Faulttracing" id="nev12942454n1" phrase-urn="urn:x-nevis:phrase:0800c8af83fa677a">Also check the #@#@#105#nsor.</phrase>
</ptxt>
</para>
<para>
<ptxt>
<phrase category="Faulttracing" id="nev12942455n1" phrase-urn="urn:x-nevis:phrase:0800c8af81ea4b6b">Remedy as necessary.</phrase>
</ptxt>
</para>
<para>
<ptxt>
<phrase category="Faulttracing" id="nev12942458n1" phrase-urn="urn:x-nevis:phrase:0800c8af83fa6783">Check the signa#@#@#129#cuit.</phrase>
</ptxt>
<ptxt>
<phrase category="Faulttracing" id="nev12942459n1" phrase-urn="urn:x-nevis:phrase:0800c8af81eab3b1">Check the cable#@#@#4#ween:</phrase>
</ptxt>
</para>
<list1 enumtype="d" type="unordered">
<item>
<ptxt>
<phrase category="Faulttracing" id="nev12942461n1" phrase-urn="urn:x-nevis:phrase:0800c8af82740f3e">Parking assista#@#@#66#l #2.</phrase>
</ptxt>
</item>
</list1>
<para>
<ptxt>
<phrase category="Faulttracing" id="nev12942462n1" phrase-urn="urn:x-nevis:phrase:0800c8af81ea4b6b">Remedy as necessary.</phrase>
</ptxt>
</para>
<para>
<ptxt>
<phrase category="Faulttracing" id="nev12942464n1" phrase-urn="urn:x-nevis:phrase:0800c8af83fa6786">Check the volta#@#@#135#cuit.</phrase>
</ptxt>
<ptxt>
<phrase category="Faulttracing" id="nev12942465n1" phrase-urn="urn:x-nevis:phrase:0800c8af81eab3b1">Check the cable#@#@#4#ween:</phrase>
</ptxt>
</para>
<list1 enumtype="d" type="unordered">
<item>
<ptxt>
<phrase category="Faulttracing" id="nev12942467n1" phrase-urn="urn:x-nevis:phrase:0800c8af83937220">Parking assista#@#@#66#l #1.</phrase>
</ptxt>
</item>
</list1>
<para>
<ptxt>
<phrase category="Faulttracing" id="nev12942468n1" phrase-urn="urn:x-nevis:phrase:0800c8af81ea4b6b">Remedy as necessary.</phrase>
</ptxt>
</para>
<para>
<ptxt>
<phrase category="Faulttracing" id="nev12942469n1" phrase-urn="urn:x-nevis:phrase:0800c8af83fa678c">If no fault was#@#@#33#nsor.</phrase>
</ptxt>
</para>
<list1 enumtype="d" type="unordered">
<title>
<phrase category="Title" id="nev12942470n1" phrase-urn="urn:x-nevis:phrase:0800c8af81ea4cd6">Other information</phrase>
</title>
<item id="nev12051349n100">
<ptxt id="nev12051349n99">
<xref id="nev12053768n100">
<ref id="l1143466668182"/>
</xref>
</ptxt>
</item>
<item>
<ptxt id="nev12298846n100">
<xref id="nev12298847n100">
<ref id="l1152009510231"/>
</xref>
</ptxt>
</item>
<item>
<ptxt>
<phrase category="Faulttracing" id="nev12942472n1" phrase-urn="urn:x-nevis:phrase:0800c8af82672c13">For information#@#@#94#gram.</phrase>
</ptxt>
</item>
<item>
<ptxt>
<phrase category="Faulttracing" id="nev12942473n1" phrase-urn="urn:x-nevis:phrase:0800c8af82264fa7">For accessing/r#@#@#85#ries.</phrase>
</ptxt>
</item>
<item id="nev12176064n100">
<ptxt id="nev12176064n99">
<xref id="nev12176065n100">
<ref id="l1147252111785"/>
</xref>
</ptxt>
</item>
</list1>
<diaglist>
<dgraphic>
<dgraphic1>
<graphic id="KC07226572">
<href>0900c8af836748a#@#@#9#.jpeg</href>
</graphic>
</dgraphic1>
</dgraphic>
</diaglist>
</test2>
</test1>
<question>
Select "Contin#@#@#33#ied.
</question>
<resact-grp>
<result button="cont" comp="button" highlight="0"/>
<action j2008use="1" paperuse="1" screenuse="1">
<ptxt>
<xref>
<ref id="KC07226573"/>
</xref>
</ptxt>
</action>
</resact-grp>
</node>
</testgrp>
<testgrp id="KC06325666" j2008use="1" paperuse="1" resumable="1" screenuse="1" testgrp-id="veri" x="120" y="280">
<title>
<phrase category="Title" id="nev12981207n1" phrase-urn="urn:x-nevis:phrase:0800c8af81eb9dd1">Verification</phrase>
</title>
<subcalloutnode>
<diagcallout>
<xref>
<ref id="KC07226575"/>
</xref>
</diagcallout>
<rescall-grp>
<result comp="string" highlight="0" op="eq" return="VERIFIED"/>
<calloutaction>
<return value="FAULT FOUND"/>
</calloutaction>
</rescall-grp>
<rescall-grp>
<result comp="string" highlight="0" op="eq" return="VERIFICATION FAILED"/>
<calloutaction>
<ptxt>
<xref>
<ref id="KC07226576"/>
</xref>
</ptxt>
</calloutaction>
</rescall-grp>
</subcalloutnode>
</testgrp>
<testgrp id="KC06325667" j2008use="1" paperuse="1" resumable="1" screenuse="1" testgrp-id="info1" x="120" y="400">
<title>
<phrase category="Title" id="nev12981205n1" phrase-urn="urn:x-nevis:phrase:0800c8af81ea4c43">Fault-tracing i#@#@#5#ation</phrase>
</title>
<subcalloutnode>
<diagcallout>
<xref>
<ref id="KC07226578"/>
</xref>
</diagcallout>
<rescall-grp>
<result comp="string" highlight="0" op="eq" return="FAULTTRACING FAILED"/>
<calloutaction>
<return value="FAULT NOT FOUND"/>
</calloutaction>
</rescall-grp>
<rescall-grp>
<result comp="string" highlight="0" op="eq" return="NEW TRY"/>
<calloutaction>
<ptxt>
<xref>
<ref id="KC07226579"/>
</xref>
</ptxt>
</calloutaction>
</rescall-grp>
</subcalloutnode>
</testgrp>
</diagnostic>
</servinfosub>