<?xml version="1.0" encoding="UTF-8"?><servinfosub IE-ID="en-US0900c8af8778471d" docno="VCC-441462" id="nev17470993n1" xml:lang="en-US">
<title>
<phrase category="Title" id="nev17471484n1" phrase-urn="urn:x-nevis:phrase:0800c8af81eb9a59">Fault-tracing</phrase>
</title>
<diagnostic j2008use="1" layout="1" paperuse="1" screenuse="1" type="test">
<testgrp IE-ID="en-US0900c8af8778471d_nev17470993n3" id="nev17470993n3" j2008use="1" paperuse="1" resumable="1" screenuse="1" testgrp-id="node1" x="120" y="140">
<title>
<phrase category="" id="nev17470993n4" phrase-urn="urn:x-nevis:phrase:0800c8af8270a833">Fault-tracing i#@#@#5#ation</phrase>
</title>
<node>
<test1>
<test2>
<hint id="nev26509067n88">
<ptxt id="nev26509067n87">
<phrase category="Faulttracing" id="nev26512390n1" phrase-urn="urn:x-nevis:phrase:0800c8af87784935">The diagnostic #@#@#75#ased.</phrase>
</ptxt>
</hint>
<note id="nev26509067n85">
<ptxt id="nev26509067n84">
<phrase category="Faulttracing" id="nev26512391n1" phrase-urn="urn:x-nevis:phrase:0800c8af877849dc">Only erase the #@#@#61#load.</phrase>
</ptxt>
</note>
<list1 id="nev26509067n82">
<title id="nev26509067n81">
<phrase category="Title" id="nev26512437n1" phrase-urn="urn:x-nevis:phrase:0800c8af81eb9a74">Calibration</phrase>
</title>
<item id="nev26509067n79">
<ptxt id="nev26509067n78">
<phrase category="Faulttracing" id="nev26512438n1" phrase-urn="urn:x-nevis:phrase:0800c8af85932145">Carry out calib#@#@#36#BCM).</phrase>
<phrase category="Faulttracing" id="nev26512440n1" phrase-urn="urn:x-nevis:phrase:0800c8af830e2ff9">Use the link be#@#@#16#ions.</phrase>
</ptxt>
</item>
<item id="nev26509067n77">
<ptxt id="nev26509067n76">
<xref id="nev26509067n72">
<ref id="l1476363455032"/>
</xref>
</ptxt>
</item>
</list1>
<para>
<ptxt>
<phrase category="Faulttracing" id="nev26507330n1" phrase-urn="urn:x-nevis:phrase:0800c8af82264f8e">If the diagnost#@#@#73#ired.</phrase>
</ptxt>
</para>
<para id="nev26509067n96">
<ptxt id="nev26509067n95">
<phrase category="Faulttracing" id="nev26510245n1" phrase-urn="urn:x-nevis:phrase:0800c8af8333bc3c">If the diagnost#@#@#64#BCM).</phrase>
</ptxt>
</para>
<list1 id="nev26502099n79">
<title id="nev26509067n92">
<phrase category="Faulttracing" id="nev26510246n1" phrase-urn="urn:x-nevis:phrase:0800c8af81ea4b6f">Other information:</phrase>
</title>
<item id="nev26502099n78">
<ptxt id="nev26502099n77">
<xref id="nev26502099n76">
<ref id="l1476358802281"/>
</xref>
</ptxt>
</item>
</list1>
<grate>
<graphic id="l1476359265226">
<href>0900c8af82d167c#@#@#9#.jpeg</href>
</graphic>
</grate>
</test2>
</test1>
<question>
Were any defec#@#@#5#und?
</question>
<resact-grp id="nev26502099n100">
<result button="yes" comp="button" highlight="0" id="nev26502099n99"/>
<action id="nev26502099n96" j2008use="1" paperuse="0" screenuse="1">
<return id="nev26502099n95" value="FAULT FOUND"/>
</action>
</resact-grp>
<resact-grp id="nev26502099n98">
<result button="no" comp="button" highlight="0" id="nev26502099n97"/>
<action id="nev26502099n94" j2008use="1" paperuse="0" screenuse="1">
<return id="nev26502099n93" value="FAULT NOT FOUND"/>
</action>
</resact-grp>
</node>
</testgrp>
</diagnostic>
</servinfosub>