<?xml version="1.0" encoding="UTF-8"?><servinfosub IE-ID="en-US0900c8af800d171d" docno="VCC-141280" id="KC01341873" xml:lang="en-US">
<title>
<phrase category="" id="KC06945335" phrase-urn="urn:x-nevis:phrase:0800c8af81a0c3cf">Diagnostic trou#@#@#30#-0003</phrase>
</title>
<diagnostic type="condition">
<condgrp>
<condition type="condition">
<grate>
<graphic id="KC06945336" width="column">
<href>0900c8af80056a2#@#@#9#.jpeg</href>
</graphic>
<graphtext>
<para>
<ptxt>
<phrase category="" id="KC06945337" phrase-urn="urn:x-nevis:phrase:0800c8af81a0c3d0">Diagnostic trou#@#@#81#ult. </phrase>
</ptxt>
</para>
<para>
<ptxt>
<phrase category="" id="KC06945338" phrase-urn="urn:x-nevis:phrase:0800c8af81a0c3d1">The diagnostic #@#@#64#d on.</phrase>
</ptxt>
</para>
</graphtext>
</grate>
</condition>
</condgrp>
<condgrp>
<condition type="substitution">
<list1 enumtype="d">
<item>
<ptxt>
<phrase category="" id="KC06945339" phrase-urn="urn:x-nevis:phrase:0800c8af81a0c3d5">None. </phrase>
</ptxt>
</item>
</list1>
</condition>
<ps>
<list1 enumtype="d" type="unordered">
<item>
<ptxt>
<phrase category="" id="KC06945340" phrase-urn="urn:x-nevis:phrase:0800c8af81a0c3d8">Internal fault #@#@#17#dule.</phrase>
</ptxt>
</item>
</list1>
</ps>
</condgrp>
<condgrp>
<condition type="symptom">
<list1 enumtype="d" type="unordered">
<item>
<ptxt>
<phrase category="" id="KC06945341" phrase-urn="urn:x-nevis:phrase:0800c8af81a0c3d9">The MD player i#@#@#9#king.</phrase>
</ptxt>
</item>
</list1>
</condition>
</condgrp>
</diagnostic>
</servinfosub>