<?xml version="1.0" encoding="UTF-8"?><servinfosub IE-ID="en-US0900c8af8553571d" docno="VCC-370463" id="nev13713736n1" original="sv-SE" servinfosubId="nev13713737n1-nev17208124n1" servinfosubRes="0900c8af8570729b" servinfosubRes2="urn:x-nevis:fragment:0900c8af8553571d:0900c8af8570729b#nev17208124n1" xml:lang="en-US">
<operationnumbers>
<operationnumber>36503-2</operationnumber>
</operationnumbers>
<title id="nev13713733n69">Diagnostic sock#@#@#3#OBD 2</title>
<toolitemtable id="nev13713737n1-nev17451199n85">
<table id="nev13713737n1-nev17451199n84">
<tgroup cols="2" id="nev13713737n1-nev17451199n83">
<colspec colname="COLSPEC0" colwidth="1.00*" id="nev13713737n1-nev17451199n82"/>
<colspec colname="COLSPEC1" colwidth="1.00*" id="nev13713737n1-nev17451199n81"/>
<thead id="nev13713737n1-nev17451199n80">
<row id="nev13713737n1-nev17451199n79">
<entry id="nev13713737n1-nev17451199n78" nameend="COLSPEC1" namest="COLSPEC0" valign="top">
<ptxt id="nev13713737n1-nev17451199n77">
<emph id="nev13713737n1-nev17451199n76">Special tools</emph>
</ptxt>
</entry>
</row>
</thead>
<tbody id="nev13713737n1-nev17451199n75">
<row id="nev13713737n1-nev17451199n74">
<entry id="nev13713737n1-nev17451199n73">
<graphic id="nev13713737n1-nev17451199n72">
<href>0900c8af8005458#@#@#11#.jpeg</href>
</graphic>
</entry>
<entry id="nev13713737n1-nev17451199n71">
<ptxt id="nev13713737n1-nev17451199n70">
<emph id="nev13713737n1-nev17451199n69">951 2636 Termin#@#@#29#Blue)</emph>
</ptxt>
<ptxt id="nev13713737n1-nev17451199n67">
<emph id="nev13713737n1-nev17451199n66">Tool number:</emph>951 2636</ptxt>
<ptxt id="nev13713737n1-nev17451199n65">
<emph id="nev13713737n1-nev17451199n64">Tool description:</emph>Terminal remova#@#@#20#Blue)</ptxt>
<ptxt id="nev13713737n1-nev17451199n62">
<emph id="nev13713737n1-nev17451199n61">Tool boards:</emph>39</ptxt>
</entry>
</row>
</tbody>
</tgroup>
</table>
</toolitemtable>
<procedure id="nev13713737n1-nev17252901n82">
<stepgrp boilerplate="false" context="" id="nev13713737n1-nev17451199n91">
<title id="nev13713737n1-0800c8af844a46f6">Removal</title>
<procstep id="nev13713737n1-nev17252882n93">
<grate id="nev13713737n1-nev17447802n20">
<graphic id="nev13713737n1-nev17447802n21">
<href>0900c8af8443f96#@#@#9#.jpeg</href>
</graphic>
</grate>
</procstep>
<procstep id="nev13713737n1-nev17252882n80">
<grate id="nev13713737n1-nev17447802n18">
<graphic id="nev13713737n1-nev17447802n19">
<href>0900c8af8557f16#@#@#9#.jpeg</href>
</graphic>
</grate>
</procstep>
<procstep id="nev13713737n1-nev17252882n67">
<grate id="nev13713737n1-nev17447802n16">
<graphic id="nev13713737n1-nev17447802n17">
<href>0900c8af8557f16#@#@#9#.jpeg</href>
</graphic>
</grate>
</procstep>
<procstep id="nev13713737n1-nev17252882n29">
<grate id="nev13713737n1-nev17447802n14">
<graphic id="nev13713737n1-nev17447802n15">
<href>0900c8af8557f16#@#@#9#.jpeg</href>
</graphic>
</grate>
</procstep>
<procstep id="nev13713737n1-nev17252882n4">
<grate id="nev13713737n1-nev17447802n12">
<graphic id="nev13713737n1-nev17447802n13">
<href>0900c8af8557f16#@#@#9#.jpeg</href>
</graphic>
</grate>
</procstep>
<procstep id="nev13713737n1-nev17252892n39">
<grate id="nev13713737n1-nev17447802n10">
<graphic id="nev13713737n1-nev17447802n11">
<href>0900c8af83091b1#@#@#9#.jpeg</href>
</graphic>
</grate>
</procstep>
<procstep id="nev13713737n1-nev17252894n98">
<grate id="nev13713737n1-nev17447802n8">
<graphic id="nev13713737n1-nev17447802n9">
<href>0900c8af8321e08#@#@#9#.jpeg</href>
</graphic>
<graphtext id="nev13713737n1-nev17451585n1">
<note id="nev13713737n1-0800c8af844a43a5">
<ptxt>Make sure that #@#@#43#aged.</ptxt>
</note>
<note id="nev13713737n1-0800c8af844a42f9">
<ptxt>Only work on 1 #@#@#11#time.</ptxt>
</note>
<para id="nev13713737n1-nev17451199n89">
<ptxt id="nev13713737n1-nev17451199n90">
<toolitem boilerplate="true" id="nev13713737n1-nev17252901n56" imageid="0900c8af8005458a"/>
</ptxt>
</para>
</graphtext>
</grate>
</procstep>
</stepgrp>
<stepgrp boilerplate="false" context="" id="nev13713737n1-nev17451199n88">
<title id="nev13713737n1-0800c8af844a46f9">Installation</title>
<procstep id="nev13713737n1-nev17252898n20">
<para id="nev13713737n1-nev17451199n86">
<ptxt id="nev13713737n1-nev17451199n87">To install, rev#@#@#22#dure.</ptxt>
</para>
</procstep>
</stepgrp>
</procedure>
</servinfosub>