<?xml version="1.0" encoding="UTF-8"?><servinfosub IE-ID="en-US0900c8af8014171d" docno="VCC-137650" id="KC01116339" xml:lang="en-US">
<title>
<phrase category="" id="KC06137739" phrase-urn="urn:x-nevis:phrase:0800c8af8176bb72">Faulty signal</phrase>
</title>
<diagnostic j2008use="1" paperuse="1" screenuse="1" type="test">
<testgrp IE-ID="en-US0900c8af8014171d_KC01192900" id="KC01192900" j2008use="1" paperuse="1" resumable="1" screenuse="1" testgrp-id="node1" x="120" y="200">
<title>
<phrase category="" id="KC06137740" phrase-urn="urn:x-nevis:phrase:0800c8af8176bb73">Checking the co#@#@#2#onent</phrase>
</title>
<node>
<test1>
<test2>
<hint>
<ptxt>
<phrase category="" id="KC06137741" phrase-urn="urn:x-nevis:phrase:0800c8af8176bb74">The fault may b#@#@#132#rst. </phrase>
</ptxt>
</hint>
<para>
<ptxt>
<phrase category="" id="KC06137742" phrase-urn="urn:x-nevis:phrase:0800c8af8176bb75">Activate the co#@#@#151#ated.</phrase>
</ptxt>
</para>
<para>
<ptxt>
<phrase category="" id="KC06137743" phrase-urn="urn:x-nevis:phrase:0800c8af8176bb76">Check that the #@#@#49#ked. </phrase>
</ptxt>
</para>
<para>
<ptxt>
<phrase category="" id="KC06137744" phrase-urn="urn:x-nevis:phrase:0800c8af8176bb77">Remedy as necessary.</phrase>
</ptxt>
</para>
<list1 enumtype="d" type="unordered">
<title>
<phrase category="" id="KC06137745" phrase-urn="urn:x-nevis:phrase:0800c8af8176bb78">Other information</phrase>
</title>
<item>
<ptxt>
<phrase category="" id="KC06137746" phrase-urn="urn:x-nevis:phrase:0800c8af8176bb79">For the locatio#@#@#38# see <xref>
<ref id="KC06137747"/>
</xref>
</phrase>
</ptxt>
</item>
<item>
<ptxt>
<phrase category="" id="KC06137748" phrase-urn="urn:x-nevis:phrase:0800c8af8176bb7a">For the locatio#@#@#57# see <xref>
<ref id="KC06137749"/>
</xref>
</phrase>
</ptxt>
</item>
<item>
<ptxt>
<phrase category="" id="KC06137750" phrase-urn="urn:x-nevis:phrase:0800c8af8176bb7b">For the locatio#@#@#51# see <xref>
<ref id="KC06137751"/>
</xref>. </phrase>
</ptxt>
</item>
</list1>
<diaglist>
<dgraphic>
<dgraphic2>
<graphic id="KC06137752">
<href>0900c8af86c8681#@#@#9#.jpeg</href>
</graphic>
<smarttool active="press" id="KC06137753" toolname="XECMB140"/>
</dgraphic2>
</dgraphic>
<ditem>
<ditemtext>
<ptxt>
<phrase category="" id="KC06137754" phrase-urn="urn:x-nevis:phrase:0800c8af8176bb7c"/>
</ptxt>
</ditemtext>
</ditem>
</diaglist>
<grate>
<graphic id="KC06137755">
<href>0900c8af8005b13#@#@#9#.jpeg</href>
</graphic>
</grate>
</test2>
</test1>
<question>Select Continue.</question>
<resact-grp>
<result button="cont" comp="button" highlight="0"/>
<action j2008use="1" paperuse="1" screenuse="1">
<ptxt>
<xref>
<ref id="KC06137756"/>
</xref>
</ptxt>
</action>
</resact-grp>
</node>
</testgrp>
<testgrp id="KC01192901" j2008use="1" paperuse="1" resumable="1" screenuse="1" testgrp-id="info1" x="120" y="160">
<title>
<phrase category="" id="KC06137757" phrase-urn="urn:x-nevis:phrase:0800c8af8176bb7d">Fault-tracing i#@#@#5#ation</phrase>
</title>
<subcalloutnode>
<diagcallout>
<xref>
<ref id="KC06137758"/>
</xref>
</diagcallout>
<rescall-grp>
<result comp="string" highlight="0" op="eq" return="NEW TRY"/>
<calloutaction>
<ptxt>
<xref>
<ref id="KC06137759"/>
</xref>
</ptxt>
</calloutaction>
</rescall-grp>
<rescall-grp>
<result comp="string" highlight="0" op="eq" return="FAULT FOUND"/>
<calloutaction>
<return value="FAULT FOUND"/>
</calloutaction>
</rescall-grp>
</subcalloutnode>
</testgrp>
</diagnostic>
</servinfosub>