<?xml version="1.0" encoding="UTF-8"?><servinfosub IE-ID="en-US0900c8af80133e02" docno="VCC-131317" id="KC01145080" xml:lang="en-US">
<title>
<phrase category="" id="KC06121564" phrase-urn="urn:x-nevis:phrase:0800c8af8174b43d">Diagnostic trou#@#@#21#ation</phrase>
</title>
<diagnostic type="condition">
<condgrp>
<condition type="condition">
<grate>
<graphic id="KC06121565" width="column">
<href>0900c8af800590a#@#@#9#.jpeg</href>
</graphic>
<graphtext>
<para>
<ptxt>
<phrase category="" id="KC06121566" phrase-urn="urn:x-nevis:phrase:0800c8af8174b43e">Diagnostic trou#@#@#283#km/h.</phrase>
</ptxt>
</para>
</graphtext>
</grate>
</condition>
</condgrp>
<condgrp>
<condition type="substitution">
<list1 enumtype="d">
<item>
<ptxt>
<phrase category="" id="KC06121567" phrase-urn="urn:x-nevis:phrase:0800c8af8174b43f">Cruise control #@#@#8# off.</phrase>
</ptxt>
</item>
</list1>
</condition>
<ps>
<list1 enumtype="d" type="unordered">
<title>
<phrase category="" id="KC06121568" phrase-urn="urn:x-nevis:phrase:0800c8af8174b440">Faulty signal:</phrase>
</title>
<item>
<ptxt>
<phrase category="" id="KC06121569" phrase-urn="urn:x-nevis:phrase:0800c8af8174b441">Incorrectly ins#@#@#24#ensor</phrase>
</ptxt>
</item>
<item>
<ptxt>
<phrase category="" id="KC06121570" phrase-urn="urn:x-nevis:phrase:0800c8af8174b442">Defective clutc#@#@#13#nsor.</phrase>
</ptxt>
</item>
</list1>
</ps>
</condgrp>
<condgrp>
<condition type="symptom">
<list1 enumtype="d" type="unordered">
<item>
<ptxt>
<phrase category="" id="KC06121571" phrase-urn="urn:x-nevis:phrase:0800c8af8174b443">The cruise cont#@#@#17#tion.</phrase>
</ptxt>
</item>
</list1>
</condition>
</condgrp>
</diagnostic>
</servinfosub>