<?xml version="1.0" encoding="UTF-8"?><servinfosub IE-ID="en-US0900c8af844d0e02" docno="VCC-370647" id="nev13714546n1" original="sv-SE" servinfosubId="nev13714547n1-nev13714559n1" servinfosubRes="0900c8af844d0e04" servinfosubRes2="urn:x-nevis:fragment:0900c8af844d0e02:0900c8af844d0e04#nev13714559n1" xml:lang="en-US">
<operationnumbers>
<operationnumber>41221-3</operationnumber>
</operationnumbers>
<title id="nev13714541n66">Clutch slave cy#@#@#1#inder</title>
<imagedisclaimer id="nev13714547n1-nev13714558n58"/>
<procedure id="nev13714547n1-nev13714558n59">
<stepgrp boilerplate="true" context="removal" id="nev13714547n1-nev13714558n60">
<note id="nev13714547n1-nev13714558n61">
<ptxt id="nev13714547n1-nev13714558n62">Removal steps i#@#@#45#ails.</ptxt>
</note>
<procstep id="nev13714547n1-nev13714558n63">
<title id="nev13714547n1-nev13714558n64"/>
<para id="nev13714547n1-nev13714558n65">
<ptxt id="nev13714547n1-nev13714558n66">Remove the tran#@#@#2#xle. <xref boilerplate="true" id="nev13714547n1-nev13714558n67">
<ref id="nev13714547n1-nev13714558n68"/>
</xref>.</ptxt>
</para>
</procstep>
<procstep id="nev13714547n1-nev13714558n69">
<title id="nev13714547n1-nev13714558n70"/>
<grate id="nev13714547n1-nev13714558n89">
<graphic id="nev13714547n1-nev13714558n90">
<href>0900c8af8343d0a#@#@#9#.jpeg</href>
</graphic>
</grate>
</procstep>
<procstep id="nev13714547n1-nev13714558n73">
<title id="nev13714547n1-nev13714558n74"/>
<grate id="nev13714547n1-nev13714558n91">
<graphic id="nev13714547n1-nev13714558n92">
<href>0900c8af8343d18#@#@#9#.jpeg</href>
</graphic>
<graphtext id="nev13714547n1-nev13714558n93">
<para id="nev13714547n1-nev13714558n77">
<ptxt id="nev13714547n1-nev13714558n78">
<torque id="nev13714547n1-nev13714558n87">
<ref id="nev13714547n1-nev13714558n88"/>
</torque>
</ptxt>
</para>
</graphtext>
</grate>
</procstep>
</stepgrp>
<stepgrp boilerplate="true" context="installation" id="nev13714547n1-nev13714558n82">
<procstep id="nev13714547n1-nev13714558n83">
<title id="nev13714547n1-nev13714558n84"/>
<para id="nev13714547n1-nev13714558n85">
<ptxt id="nev13714547n1-nev13714558n86">To install, rev#@#@#21#edure</ptxt>
</para>
</procstep>
<procstep id="nev13714547n1-nev13714558n94">
<title id="nev13714547n1-nev13714558n95"/>
<para id="nev13714547n1-nev13714558n96">
<ptxt id="nev13714547n1-nev13714558n97">Install the tra#@#@#3#xle. <xref id="nev13714547n1-nev13714558n98">
<ref id="nev13714547n1-nev13714558n99"/>
</xref>.</ptxt>
</para>
</procstep>
</stepgrp>
</procedure>
</servinfosub>