<?xml version="1.0" encoding="UTF-8"?><servinfosub IE-ID="en-US0900c8af8088570a" docno="VCC-134223" id="KC01231569" xml:lang="en-US">
<title>Replacing the v#@#@#24#ernor</title>
<procedure>
<stepgrp id="KC01273127">
<procstep id="KC01273128">
<title>Removing the va#@#@#23#ernor</title>
<grate>
<graphic id="KC07546807">
<href>0900c8af8005ae7#@#@#9#.jpeg</href>
</graphic>
<graphtext>
<list1 enumtype="d" type="unordered">
<title>Remove:</title>
<item>
<ptxt>the cable to th#@#@#28# See <xref>
<ref id="KC07546808"/>
</xref>
</ptxt>
</item>
<item>
<ptxt>the engine cove#@#@#22#ht up</ptxt>
</item>
<item>
<ptxt>the intake hose#@#@#28#ntake</ptxt>
</item>
<item>
<ptxt>the connector.</ptxt>
</item>
</list1>
<para>
<ptxt>Loosen the lowe#@#@#31#urns.</ptxt>
</para>
<list1 enumtype="d" type="unordered">
<title>Remove:</title>
<item>
<ptxt>the upper screw</ptxt>
</item>
<item>
<ptxt>the governor.</ptxt>
</item>
</list1>
<para>
<ptxt>Mark up and rem#@#@#16#oses.</ptxt>
</para>
</graphtext>
</grate>
</procstep>
<procstep id="KC01273129">
<title>Installing the #@#@#25#ernor</title>
<list1 enumtype="d" type="unordered">
<title>Install:</title>
<item>
<ptxt>the vacuum hose#@#@#30#kings</ptxt>
</item>
<item>
<ptxt>the governor</ptxt>
</item>
<item>
<ptxt>the connector</ptxt>
</item>
<item>
<ptxt>the screw. Tigh#@#@#5#both)</ptxt>
</item>
<item>
<ptxt>the intake hose#@#@#28#ntake</ptxt>
</item>
<item>
<ptxt>the engine cover</ptxt>
</item>
<item>
<ptxt>the cable to th#@#@#28# See <xref>
<ref id="KC07546809"/>
</xref>. </ptxt>
</item>
</list1>
</procstep>
</stepgrp>
</procedure>
</servinfosub>