<?xml version="1.0" encoding="UTF-8"?><servinfosub IE-ID="en-US0900c8af8135a70a" docno="VCC-156322" id="KC02996540" xml:lang="en-US">
<title>Fuel system, qu#@#@#17#ctors</title>
<procedure>
<proctools>
<toolitem id="KC08076718"/>
<toolitem id="KC08076719"/>
</proctools>
<note>
<ptxt>The illustratio#@#@#177#ect. </ptxt>
</note>
<stepgrp>
<procstep id="KC03095701">
<title/>
<para>
<ptxt>There are diffe#@#@#112#low).</ptxt>
</para>
<grate>
<graphic id="KC08076720">
<href>0900c8af8135a73#@#@#9#.jpeg</href>
</graphic>
<graphtext>
<para>
<ptxt>If the catch ap#@#@#30#tool <toolitem id="KC08076721"/> must be used t#@#@#17#tch. </ptxt>
</para>
</graphtext>
</grate>
<grate>
<graphic id="KC08076722">
<href>0900c8af803f8d1#@#@#9#.jpeg</href>
</graphic>
<graphtext>
<para>
<ptxt>If the connecto#@#@#33#tool <toolitem id="KC08076723"/> must be used.</ptxt>
</para>
</graphtext>
</grate>
</procstep>
</stepgrp>
</procedure>
</servinfosub>