<?xml version="1.0" encoding="UTF-8"?><servinfosub IE-ID="en-US0900c8af8049270a" docno="VCC-080713" id="KC01491073" xml:lang="en-US">
<title>General repair #@#@#39#ystem</title>
<procedure>
<stepgrp>
<procstep>
<title>General</title>
<para>
<ptxt>Any leakage mus#@#@#70#stem.</ptxt>
</para>
<para>
<ptxt>Ensure the work#@#@#106#stem.</ptxt>
</para>
<para>
<ptxt>Store compresso#@#@#54#ter).</ptxt>
</para>
<para>
<ptxt>When working on#@#@#317#aned.</ptxt>
</para>
<para>
<ptxt>If the car has #@#@#189#ired.</ptxt>
</para>
</procstep>
<procstep>
<title>Desiccant in th#@#@#5#eiver</title>
<para>
<ptxt>The receiver mu#@#@#452#aced.</ptxt>
</para>
<caution>
<ptxt>To avoid corros#@#@#57#tion.</ptxt>
</caution>
<para>
<ptxt>If the car has #@#@#245#tes.
</ptxt>
</para>
<note>
<ptxt>Return used ref#@#@#95#nces.</ptxt>
</note>
</procstep>
</stepgrp>
</procedure>
</servinfosub>