<?xml version="1.0" encoding="UTF-8"?><servinfosub IE-ID="en-US0900c8af80cc7c0f" docno="VCC-150591" id="KC02717844" xml:lang="en-US">
<title>
<phrase category="" id="KC07850824" phrase-urn="urn:x-nevis:phrase:0800c8af81c28e3c">Signal too high</phrase>
</title>
<diagnostic j2008use="1" paperuse="1" screenuse="1" type="test">
<testgrp IE-ID="en-US0900c8af80cc7c0f_KC02735147" id="KC02735147" j2008use="1" paperuse="1" resumable="1" screenuse="1" testgrp-id="node1" x="120" y="240">
<title>
<phrase category="" id="KC07850825" phrase-urn="urn:x-nevis:phrase:0800c8af81c28e3d">Checking the status</phrase>
</title>
<node>
<test1>
<diaglist>
<dgraphic>
<dgraphic1>
<graphic id="KC07850826">
<href>0900c8af80054d3#@#@#9#.jpeg</href>
</graphic>
</dgraphic1>
</dgraphic>
<ditem>
<ptxt>
<phrase category="" id="KC07850827" phrase-urn="urn:x-nevis:phrase:0800c8af81c28e3e">Start the engine.</phrase>
</ptxt>
</ditem>
</diaglist>
<test2>
<para>
<ptxt>
<phrase category="" id="KC07850828" phrase-urn="urn:x-nevis:phrase:0800c8af81c28e3f">Check whether t#@#@#134#ed”. </phrase>
</ptxt>
</para>
<para>
<ptxt>
<phrase category="" id="KC07850829" phrase-urn="urn:x-nevis:phrase:0800c8af81c28e42">The fault is pe#@#@#110#ted”.</phrase>
</ptxt>
</para>
<diaglist>
<dgraphic>
<dgraphic2>
<graphic id="KC07850830">
<href>0900c8af86c8681#@#@#9#.jpeg</href>
</graphic>
<smarttool active="press" id="KC07850831" toolname="YECM1020"/>
</dgraphic2>
</dgraphic>
<ditem>
<ditemtext>
<ptxt>
<phrase category="" id="KC07850832" phrase-urn="urn:x-nevis:phrase:0800c8af81c28e43"/>
</ptxt>
</ditemtext>
</ditem>
</diaglist>
<grate>
<graphic id="KC07850833">
<href>0900c8af8044571#@#@#9#.jpeg</href>
</graphic>
</grate>
</test2>
</test1>
<question>Select Continue.</question>
<resact-grp>
<result button="cont" comp="button" highlight="0" text=""/>
<action j2008use="1" paperuse="1" screenuse="1">
<ptxt>
<xref>
<ref id="KC07850834"/>
</xref>
</ptxt>
</action>
</resact-grp>
</node>
</testgrp>
<testgrp id="KC02735148" j2008use="1" paperuse="1" resumable="1" screenuse="1" testgrp-id="node2" x="120" y="200">
<title>
<phrase category="" id="KC07850835" phrase-urn="urn:x-nevis:phrase:0800c8af81c28e44">Checking the co#@#@#13#iring</phrase>
</title>
<node>
<test1>
<diaglist>
<ditem>
<ptxt>
<phrase category="" id="KC07850836" phrase-urn="urn:x-nevis:phrase:0800c8af81c28e45">Check the conne#@#@#83#tion.</phrase>
</ptxt>
</ditem>
</diaglist>
<test2>
<para>
<ptxt>
<phrase category="" id="KC07850837" phrase-urn="urn:x-nevis:phrase:0800c8af81c28e47">Check the signa#@#@#176#age. </phrase>
</ptxt>
</para>
<para>
<ptxt>
<phrase category="" id="KC07850838" phrase-urn="urn:x-nevis:phrase:0800c8af81c28e49">Check the groun#@#@#130#cuit.</phrase>
</ptxt>
</para>
<para>
<ptxt>
<phrase category="" id="KC07850839" phrase-urn="urn:x-nevis:phrase:0800c8af81c28e4a">Check the power#@#@#141#und. </phrase>
</ptxt>
</para>
<para>
<ptxt>
<phrase category="" id="KC07850840" phrase-urn="urn:x-nevis:phrase:0800c8af81c28e4b">Remedy as necessary.</phrase>
</ptxt>
</para>
<list1 enumtype="d" type="unordered">
<title>
<phrase category="" id="KC07850841" phrase-urn="urn:x-nevis:phrase:0800c8af81c28e4c">Other information</phrase>
</title>
<item>
<ptxt>
<phrase category="" id="KC07850842" phrase-urn="urn:x-nevis:phrase:0800c8af81c28e4d">
<xref>
<ref id="KC07850843"/>
</xref>
</phrase>
</ptxt>
</item>
<item>
<ptxt>
<phrase category="" id="KC07850844" phrase-urn="urn:x-nevis:phrase:0800c8af81c28e4e">
<xref>
<ref id="KC07850845"/>
</xref>
</phrase>
</ptxt>
</item>
<item>
<ptxt>
<phrase category="" id="KC07850846" phrase-urn="urn:x-nevis:phrase:0800c8af81c28e4f">
<xref>
<ref id="KC07850847"/>
</xref>
</phrase>
</ptxt>
</item>
<item>
<ptxt>
<phrase category="" id="KC07850848" phrase-urn="urn:x-nevis:phrase:0800c8af81c28e50">
<xref>
<ref id="KC07850849"/>
</xref>
</phrase>
</ptxt>
</item>
</list1>
<diaglist>
<dgraphic>
<dgraphic1>
<graphic id="KC07850850">
<href>0900c8af807311b#@#@#9#.jpeg</href>
</graphic>
</dgraphic1>
<dgraphic2>
<graphic id="KC07850851">
<href>0900c8af86c8681#@#@#9#.jpeg</href>
</graphic>
<smarttool active="press" id="KC07850852" toolname="YECM1020"/>
</dgraphic2>
</dgraphic>
<ditem>
<ditemtext>
<ptxt>
<phrase category="" id="KC07850853" phrase-urn="urn:x-nevis:phrase:0800c8af81c28e51"/>
</ptxt>
</ditemtext>
</ditem>
</diaglist>
<grate>
<graphic id="KC07850854">
<href>0900c8af8044571#@#@#9#.jpeg</href>
</graphic>
</grate>
</test2>
</test1>
<question>Select Continue.</question>
<resact-grp>
<result button="cont" comp="button" highlight="0"/>
<action j2008use="1" paperuse="1" screenuse="1">
<ptxt>
<xref>
<ref id="KC07850855"/>
</xref>
</ptxt>
</action>
</resact-grp>
</node>
</testgrp>
<testgrp id="KC02735149" j2008use="1" paperuse="1" resumable="1" screenuse="1" testgrp-id="ecm-ver1" x="320" y="80">
<title>
<phrase category="" id="KC07850856" phrase-urn="urn:x-nevis:phrase:0800c8af81c28e52">Verification</phrase>
</title>
<subcalloutnode>
<diagcallout>
<xref>
<ref id="KC07850857"/>
</xref>
</diagcallout>
<rescall-grp>
<result comp="string" highlight="0" op="eq" return="VERIFICATION FAILED"/>
<calloutaction>
<ptxt>
<xref>
<ref id="KC07850858"/>
</xref>
</ptxt>
</calloutaction>
</rescall-grp>
<rescall-grp>
<result comp="string" highlight="0" op="eq" return="VERIFIED"/>
<calloutaction>
<return value="FAULT FOUND"/>
</calloutaction>
</rescall-grp>
</subcalloutnode>
</testgrp>
<testgrp id="KC02735150" j2008use="1" paperuse="1" resumable="1" screenuse="1" testgrp-id="info1" x="480" y="80">
<title>
<phrase category="" id="KC07850859" phrase-urn="urn:x-nevis:phrase:0800c8af81c28e53">Fault-tracing i#@#@#5#ation</phrase>
</title>
<subcalloutnode>
<diagcallout>
<xref>
<ref id="KC07850860"/>
</xref>
</diagcallout>
<rescall-grp>
<result comp="string" highlight="0" op="eq" return="FAULTTRACING FAILED"/>
<calloutaction>
<return value="FAULTTRACING FAILED"/>
</calloutaction>
</rescall-grp>
<rescall-grp>
<result comp="string" highlight="0" op="eq" return="NEW TRY"/>
<calloutaction>
<ptxt>
<xref>
<ref id="KC07850861"/>
</xref>
</ptxt>
</calloutaction>
</rescall-grp>
</subcalloutnode>
</testgrp>
</diagnostic>
</servinfosub>