<?xml version="1.0" encoding="UTF-8"?><servinfosub IE-ID="en-US0900c8af84529c0f" docno="VCC-269598" id="nev11068883n1" xml:lang="en-US">
<title>
<phrase category="Title" id="nev11068883n2" phrase-urn="urn:x-nevis:phrase:0800c8af81eb9a54">Diagnostic trou#@#@#21#ation</phrase>
</title>
<diagnostic j2008use="1" paperuse="1" screenuse="1" type="condition">
<condgrp>
<condition type="condition">
<grate id="nev13774073n100">
<graphic id="l1212047468069">
<href>0900c8af8204a45#@#@#9#.jpeg</href>
</graphic>
</grate>
<para>
<ptxt>
<phrase category="Condition" id="nev11068883n4" phrase-urn="urn:x-nevis:phrase:0800c8af825fa689">The Engine Cont#@#@#59#elay.</phrase>
<phrase category="Condition" id="nev11068883n5" phrase-urn="urn:x-nevis:phrase:0800c8af825fca31">The diagnostic #@#@#119#rect.</phrase>
</ptxt>
</para>
<para>
<ptxt id="nev11068883n6">
<phrase category="Condition" id="nev11068883n7" phrase-urn="urn:x-nevis:phrase:0800c8af81eaae74">The diagnostic #@#@#64#d on.</phrase>
</ptxt>
</para>
</condition>
</condgrp>
<condgrp>
<condition type="substitution">
<list1 enumtype="d">
<item>
<ptxt>
<phrase category="Substitution" id="nev11068883n8" phrase-urn="urn:x-nevis:phrase:0800c8af82a68a0f">Glow plug relay#@#@#10#ated.</phrase>
</ptxt>
</item>
</list1>
</condition>
<ps>
<list1 enumtype="d" type="unordered">
<item>
<ptxt>
<phrase category="Possible source" id="nev11068883n9" phrase-urn="urn:x-nevis:phrase:0800c8af8252df0b">Contact resista#@#@#43#nals.</phrase>
</ptxt>
</item>
<item id="nev11068883n10">
<ptxt id="nev11068884n1">
<phrase category="Possible source" id="nev11068884n2" phrase-urn="urn:x-nevis:phrase:0800c8af825faa17">Damaged glow pl#@#@#4#elay.</phrase>
</ptxt>
</item>
</list1>
</ps>
</condgrp>
<condgrp>
<condition type="symptom">
<list1 enumtype="d" type="unordered">
<item id="nev11068884n4">
<ptxt id="nev11068884n5">
<phrase category="Symptom CSC" id="nev13774694n1" phrase-urn="urn:x-nevis:phrase:0800c8af8388f00f">AB, Starting/En#@#@#52#times</phrase>
</ptxt>
</item>
<item id="nev13774693n100">
<ptxt id="nev13774693n99">
<phrase category="Symptom CSC" id="nev13774695n1" phrase-urn="urn:x-nevis:phrase:0800c8af8388f015">AD, Starting/En#@#@#38#start</phrase>
</ptxt>
</item>
</list1>
</condition>
</condgrp>
</diagnostic>
</servinfosub>