<?xml version="1.0" encoding="UTF-8"?><servinfosub IE-ID="en-US0900c8af80675f09" docno="VCC-025200" id="KC02018451" xml:lang="en-US">
<title>
<phrase category="" id="KC08325021" phrase-urn="urn:x-nevis:phrase:0800c8af81dbbbe8">Throttle positi#@#@#25# high</phrase>
</title>
<diagnostic type="test">
<testgrp IE-ID="en-US0900c8af80675f09_KC02346245" id="KC02346245" j2008use="1" paperuse="1" resumable="1" screenuse="1" testgrp-id="gb1-gb2" x="120" y="80">
<title>
<phrase category="" id="KC08325022" phrase-urn="urn:x-nevis:phrase:0800c8af81dbbbe9">Connecting brea#@#@#3#t box</phrase>
</title>
<iecalloutnode>
<diagcallout>
<xref>
<ref id="KC08325023"/>
</xref>
</diagcallout>
<test1>
<test2/>
</test1>
<question/>
<resact-grp>
<result comp="string" highlight="0" op="eq" return="FAULT FOUND"/>
<action j2008use="1" paperuse="1" screenuse="1">
<ptxt>
<xref>
<ref id="KC08325024"/>
</xref>
</ptxt>
</action>
</resact-grp>
<resact-grp>
<result comp="string" highlight="0" op="eq" return="FAULT NOT FOUND"/>
<action j2008use="1" paperuse="1" screenuse="1">
<ptxt>
<xref>
<ref id="KC08325025"/>
</xref>
</ptxt>
</action>
</resact-grp>
<resact-grp>
<result comp="string" highlight="0" op="eq" return="FAULTTRACING FAILED"/>
<action j2008use="1" paperuse="1" screenuse="1">
<ptxt>
<xref>
<ref id="KC08325026"/>
</xref>
</ptxt>
</action>
</resact-grp>
</iecalloutnode>
</testgrp>
<testgrp id="KC02346246" j2008use="1" paperuse="0" resumable="1" screenuse="1" testgrp-id="eas2screen" x="120" y="160">
<title>
<phrase category="" id="KC08325027" phrase-urn="urn:x-nevis:phrase:0800c8af81dbbbea">      Checking #@#@#31#ignal</phrase>
</title>
<node>
<test1>
<diaglist>
<dgraphic>
<dgraphic1>
<graphic id="KC08325028">
<href>0900c8af80054d5#@#@#9#.jpeg</href>
</graphic>
</dgraphic1>
<dgraphic3>
<graphic id="KC08325029">
<href>0900c8af80054cc#@#@#9#.jpeg</href>
</graphic>
</dgraphic3>
</dgraphic>
<ditem>
<ptxt>
<phrase category="" id="KC08325030" phrase-urn="urn:x-nevis:phrase:0800c8af81dbbbeb">      Control m#@#@#11#cted.</phrase>
</ptxt>
</ditem>
<ditem>
<ptxt>
<phrase category="" id="KC08325031" phrase-urn="urn:x-nevis:phrase:0800c8af81dbbbec">      Ignition on.</phrase>
</ptxt>
</ditem>
</diaglist>
<test2>
<diaglist>
<dgraphic>
<dgraphic1>
<graphic id="KC08325032">
<href>0900c8af800543a#@#@#9#.jpeg</href>
</graphic>
</dgraphic1>
<dgraphic2>
<graphic id="KC08325033">
<href>0900c8af80054d4#@#@#9#.jpeg</href>
</graphic>
<smarttool id="KC08325034" toolname="VDCD40"/>
</dgraphic2>
</dgraphic>
<ditem>
<ditemtext>
<ptxt>
<phrase category="" id="KC08325035" phrase-urn="urn:x-nevis:phrase:0800c8af81dbbbed">       Connect #@#@#60# box.</phrase>
</ptxt>
</ditemtext>
</ditem>
<ditem>
<ptxt>
<phrase category="" id="KC08325036" phrase-urn="urn:x-nevis:phrase:0800c8af81dbbbee">      Depress t#@#@#38#ding.</phrase>
</ptxt>
</ditem>
</diaglist>
</test2>
</test1>
<question>The voltmeter s#@#@#153# WOT.</question>
<resact-grp>
<result button="ok" comp="button" highlight="0"/>
<action j2008use="1" paperuse="1" screenuse="1">
<ptxt>
<xref>
<ref id="KC08325037"/>
</xref>
</ptxt>
</action>
</resact-grp>
<resact-grp>
<result button="notok" comp="button" highlight="0"/>
<action j2008use="1" paperuse="1" screenuse="1">
<ptxt>
<xref>
<ref id="KC08325038"/>
</xref>
</ptxt>
</action>
</resact-grp>
</node>
</testgrp>
<testgrp id="KC02062178" j2008use="0" paperuse="1" resumable="1" screenuse="0" testgrp-id="eas2" x="280" y="80">
<title>
<phrase category="" id="KC08325039" phrase-urn="urn:x-nevis:phrase:0800c8af81dbbbef">      Checking #@#@#31#ignal</phrase>
</title>
<node>
<test1>
<diaglist>
<dgraphic>
<dgraphic1>
<graphic id="KC08325040">
<href>0900c8af80054d5#@#@#9#.jpeg</href>
</graphic>
</dgraphic1>
</dgraphic>
<ditem>
<ptxt>
<phrase category="" id="KC08325041" phrase-urn="urn:x-nevis:phrase:0800c8af81dbbbf0">      Ignition off.</phrase>
</ptxt>
</ditem>
<ditem>
<ptxt>
<phrase category="" id="KC08325042" phrase-urn="urn:x-nevis:phrase:0800c8af81dbbbf1">      Connect t#@#@#51#g to <xref>
<ref id="KC08325043"/>
</xref>.</phrase>
</ptxt>
</ditem>
<ditem>
<ptxt>
<phrase category="" id="KC08325044" phrase-urn="urn:x-nevis:phrase:0800c8af81dbbbf2">      Control m#@#@#11#cted.</phrase>
</ptxt>
</ditem>
<ditem>
<ptxt>
<phrase category="" id="KC08325045" phrase-urn="urn:x-nevis:phrase:0800c8af81dbbbf3">      Ignition on.</phrase>
</ptxt>
</ditem>
</diaglist>
<test2>
<diaglist>
<dgraphic>
<dgraphic1>
<graphic id="KC08325046">
<href>0900c8af800543a#@#@#9#.jpeg</href>
</graphic>
</dgraphic1>
<dgraphic2>
<graphic id="KC08325047">
<href>0900c8af80054d4#@#@#9#.jpeg</href>
</graphic>
<smarttool id="KC08325048" toolname="VDCD40"/>
</dgraphic2>
</dgraphic>
<ditem>
<ditemtext>
<ptxt>
<phrase category="" id="KC08325049" phrase-urn="urn:x-nevis:phrase:0800c8af81dbbbf4">       Connect #@#@#61#box. </phrase>
</ptxt>
</ditemtext>
</ditem>
<ditem>
<ptxt>
<phrase category="" id="KC08325050" phrase-urn="urn:x-nevis:phrase:0800c8af81dbbbf5">      Depress t#@#@#38#ding.</phrase>
</ptxt>
</ditem>
</diaglist>
</test2>
</test1>
<question>The voltmeter s#@#@#153# WOT.</question>
<resact-grp>
<result button="ok" comp="button" highlight="0"/>
<action j2008use="1" paperuse="1" screenuse="1">
<ptxt>
Intermittent f#@#@#25#ng to</ptxt>
</action>
</resact-grp>
<resact-grp>
<result button="notok" comp="button" highlight="0"/>
<action j2008use="1" paperuse="1" screenuse="1">
<ptxt>
Checking volta#@#@#39#ound
<xref>
<ref id="KC08325051"/>
</xref>.
</ptxt>
</action>
</resact-grp>
</node>
</testgrp>
<testgrp id="KC02346247" j2008use="1" paperuse="1" resumable="1" screenuse="1" testgrp-id="intermittent" x="280" y="160">
<title>
<phrase category="" id="KC08325052" phrase-urn="urn:x-nevis:phrase:0800c8af81dbbbf6">Intermittent fault</phrase>
</title>
<iecalloutnode>
<diagcallout>
<xref>
<ref id="KC08325053"/>
</xref>
</diagcallout>
<test1>
<test2/>
</test1>
<question/>
<resact-grp>
<result comp="string" highlight="0" op="eq" return="FAULT FOUND"/>
<action j2008use="1" paperuse="1" screenuse="1">
<return value="FAULT FOUND"/>
</action>
</resact-grp>
</iecalloutnode>
</testgrp>
<testgrp id="KC02346248" j2008use="1" paperuse="1" resumable="1" screenuse="1" testgrp-id="eas3" x="120" y="240">
<title>
<phrase category="" id="KC08325054" phrase-urn="urn:x-nevis:phrase:0800c8af81dbbbf7">      Checking #@#@#43#round</phrase>
</title>
<node>
<test1>
<diaglist>
<dgraphic>
<dgraphic1>
<graphic id="KC08325055">
<href>0900c8af80054d5#@#@#9#.jpeg</href>
</graphic>
</dgraphic1>
</dgraphic>
<ditem>
<ptxt>
<phrase category="" id="KC08325056" phrase-urn="urn:x-nevis:phrase:0800c8af81dbbbf8">      Ignition on.</phrase>
</ptxt>
</ditem>
<ditem>
<ptxt>
<phrase category="" id="KC08325057" phrase-urn="urn:x-nevis:phrase:0800c8af81dbbbf9">      Turn on a#@#@#41#ible.</phrase>
</ptxt>
</ditem>
</diaglist>
<test2>
<diaglist>
<dgraphic>
<dgraphic1>
<graphic id="KC08325058">
<href>0900c8af800543a#@#@#9#.jpeg</href>
</graphic>
</dgraphic1>
<dgraphic2>
<graphic id="KC08325059">
<href>0900c8af80054d4#@#@#9#.jpeg</href>
</graphic>
<smarttool id="KC08325060" toolname="VDCD40"/>
</dgraphic2>
</dgraphic>
<ditem>
<ditemtext>
<ptxt>
<phrase category="" id="KC08325061" phrase-urn="urn:x-nevis:phrase:0800c8af81dbbbfa">       Connect #@#@#61# box.</phrase>
</ptxt>
</ditemtext>
</ditem>
</diaglist>
</test2>
</test1>
<question>The voltmeter s#@#@#23#6 V.
</question>
<resact-grp>
<result button="ok" comp="button" highlight="0"/>
<action j2008use="1" paperuse="1" screenuse="1">
<ptxt>
<xref>
<ref id="KC08325062"/>
</xref>
</ptxt>
</action>
</resact-grp>
<resact-grp>
<result button="notok" comp="button" highlight="0"/>
<action j2008use="1" paperuse="0" screenuse="1">
<ptxt>
<xref>
<ref id="KC08325063"/>
</xref>
</ptxt>
</action>
</resact-grp>
</node>
</testgrp>
<testgrp id="KC02346249" j2008use="1" paperuse="0" resumable="1" screenuse="1" testgrp-id="eas3-1" x="280" y="240">
<title>
<phrase category="" id="KC08325064" phrase-urn="urn:x-nevis:phrase:0800c8af81dbbbfb">Checking for an#@#@#21#cable</phrase>
</title>
<node>
<test1>
<test2>
<diaglist>
<dgraphic>
<dgraphic2>
<graphic id="KC08325065">
<href>0900c8af80054d4#@#@#9#.jpeg</href>
</graphic>
<smarttool active="press" id="KC08325066" toolname="ODAH"/>
</dgraphic2>
</dgraphic>
<ditem>
<ditemtext>
<ptxt>
<phrase category="" id="KC08325067" phrase-urn="urn:x-nevis:phrase:0800c8af81dbbbfc">      Check gro#@#@#152#g to <xref>
<ref id="KC08325068"/>
</xref> and contact re#@#@#31#g to <xref>
<ref id="KC08325069"/>
</xref>. </phrase>
</ptxt>
</ditemtext>
</ditem>
</diaglist>
<grate>
<graphic id="KC08325070">
<href>0900c8af800570b#@#@#9#.jpeg</href>
</graphic>
</grate>
</test2>
</test1>
<question>Select "Continu#@#@#32#ied.
</question>
<resact-grp>
<result button="cont" comp="button" highlight="0"/>
<action j2008use="1" paperuse="0" screenuse="1">
<ptxt>
<xref>
<ref id="KC08325071"/>
</xref>
</ptxt>
</action>
</resact-grp>
</node>
</testgrp>
<testgrp id="KC02346250" j2008use="1" paperuse="1" resumable="1" screenuse="1" testgrp-id="motronic" x="120" y="320">
<title>
<phrase category="" id="KC08325072" phrase-urn="urn:x-nevis:phrase:0800c8af81dbbbfd">Connecting the #@#@#7#t box</phrase>
</title>
<iecalloutnode>
<diagcallout>
<xref>
<ref id="KC08325073"/>
</xref>
</diagcallout>
<test1>
<test2/>
</test1>
<question/>
<resact-grp>
<result comp="string" highlight="0" op="eq" return="FAULT FOUND"/>
<action j2008use="1" paperuse="1" screenuse="1">
<ptxt>
<xref>
<ref id="KC08325074"/>
</xref>
</ptxt>
</action>
</resact-grp>
<resact-grp>
<result comp="string" highlight="0" op="eq" return="FAULT NOT FOUND"/>
<action j2008use="1" paperuse="1" screenuse="1">
<ptxt>
<xref>
<ref id="KC08325075"/>
</xref>
</ptxt>
</action>
</resact-grp>
<resact-grp>
<result comp="string" highlight="0" op="eq" return="FAULTTRACING FAILED"/>
<action j2008use="1" paperuse="1" screenuse="1">
<ptxt>
<xref>
<ref id="KC08325076"/>
</xref>
</ptxt>
</action>
</resact-grp>
</iecalloutnode>
</testgrp>
<testgrp id="KC02346251" j2008use="1" paperuse="1" resumable="1" screenuse="1" testgrp-id="eas4" x="120" y="400">
<title>
<phrase category="" id="KC08325077" phrase-urn="urn:x-nevis:phrase:0800c8af81dbbbfe">      Checking #@#@#27#ound </phrase>
</title>
<node>
<test1>
<diaglist>
<dgraphic>
<dgraphic1>
<graphic id="KC08325078">
<href>0900c8af80054d5#@#@#9#.jpeg</href>
</graphic>
</dgraphic1>
<dgraphic3>
<graphic id="KC08325079">
<href>0900c8af80054cc#@#@#9#.jpeg</href>
</graphic>
</dgraphic3>
</dgraphic>
<ditem>
<ptxt>
<phrase category="" id="KC08325080" phrase-urn="urn:x-nevis:phrase:0800c8af81dbbbff">               #@#@#18#ected</phrase>
</ptxt>
</ditem>
<ditem>
<ptxt>
<phrase category="" id="KC08325081" phrase-urn="urn:x-nevis:phrase:0800c8af81dbbc00">               #@#@#22#cted.</phrase>
</ptxt>
</ditem>
<ditem>
<ptxt>
<phrase category="" id="KC08325082" phrase-urn="urn:x-nevis:phrase:0800c8af81dbbc01">      Ignition on.</phrase>
</ptxt>
</ditem>
<ditem>
<ptxt>
<phrase category="" id="KC08325083" phrase-urn="urn:x-nevis:phrase:0800c8af81dbbc02">      Turn on a#@#@#41#ible.</phrase>
</ptxt>
</ditem>
</diaglist>
<test2>
<diaglist>
<dgraphic>
<dgraphic1>
<graphic id="KC08325084">
<href>0900c8af800543a#@#@#9#.jpeg</href>
</graphic>
</dgraphic1>
<dgraphic2>
<smarttool id="KC08325085" toolname="VDCD4"/>
</dgraphic2>
</dgraphic>
<ditem>
<ditemtext>
<ptxt>
<phrase category="" id="KC08325086" phrase-urn="urn:x-nevis:phrase:0800c8af81dbbc03">      Connect a#@#@#105#(#19)</phrase>
</ptxt>
</ditemtext>
</ditem>
</diaglist>
</test2>
</test1>
<question>The voltmeter s#@#@#23#1 V.
</question>
<resact-grp>
<result button="ok" comp="button" highlight="0"/>
<action j2008use="1" paperuse="1" screenuse="1">
<ptxt>
<xref>
<ref id="KC08325087"/>
</xref>
</ptxt>
</action>
</resact-grp>
<resact-grp>
<result button="notok" comp="button" highlight="0"/>
<action j2008use="0" paperuse="1" screenuse="0">
<ptxt>
Check the grou#@#@#165#g to
<xref>
<ref id="KC08325088"/>
</xref>. Then continue#@#@#62#tage
<xref>
<ref id="KC08325089"/>
</xref>.</ptxt>
</action>
<action j2008use="1" paperuse="0" screenuse="1">
<ptxt>
<xref>
<ref id="KC08325090"/>
</xref>
</ptxt>
</action>
</resact-grp>
</node>
</testgrp>
<testgrp id="KC02346252" j2008use="1" paperuse="0" resumable="1" screenuse="1" testgrp-id="eas4-1" x="280" y="400">
<title>
<phrase category="" id="KC08325091" phrase-urn="urn:x-nevis:phrase:0800c8af81dbbc04">Checking for co#@#@#25#ation</phrase>
</title>
<node>
<test1>
<test2>
<diaglist>
<dgraphic>
<dgraphic2>
<graphic id="KC08325092">
<href>0900c8af80054d4#@#@#9#.jpeg</href>
</graphic>
<smarttool active="press" id="KC08325093" toolname="ODAH"/>
</dgraphic2>
</dgraphic>
<ditem>
<ditemtext>
<ptxt>
<phrase category="" id="KC08325094" phrase-urn="urn:x-nevis:phrase:0800c8af81dbbc05">      Check cab#@#@#128#g to <xref>
<ref id="KC08325095"/>
</xref>. </phrase>
</ptxt>
</ditemtext>
</ditem>
</diaglist>
<grate>
<graphic id="KC08325096">
<href>0900c8af803f545#@#@#9#.jpeg</href>
</graphic>
</grate>
</test2>
</test1>
<question>Select "Continu#@#@#32#ied.
</question>
<resact-grp>
<result button="cont" comp="button" highlight="0"/>
<action j2008use="1" paperuse="0" screenuse="1">
<ptxt>
<xref>
<ref id="KC08325097"/>
</xref>
</ptxt>
</action>
</resact-grp>
</node>
</testgrp>
<testgrp id="KC02346253" j2008use="1" paperuse="1" resumable="1" screenuse="1" testgrp-id="eas5" x="120" y="480">
<title>
<phrase category="" id="KC08325098" phrase-urn="urn:x-nevis:phrase:0800c8af81dbbc06">      Checking #@#@#46#tage </phrase>
</title>
<node>
<test1>
<diaglist>
<dgraphic>
<dgraphic1>
<graphic id="KC08325099">
<href>0900c8af80054d5#@#@#9#.jpeg</href>
</graphic>
</dgraphic1>
<dgraphic3>
<graphic id="KC08325100">
<href>0900c8af80054cc#@#@#9#.jpeg</href>
</graphic>
</dgraphic3>
</dgraphic>
<ditem>
<ptxt>
<phrase category="" id="KC08325101" phrase-urn="urn:x-nevis:phrase:0800c8af81dbbc07">      Ignition off.</phrase>
</ptxt>
</ditem>
<ditem>
<ptxt>
<phrase category="" id="KC08325102" phrase-urn="urn:x-nevis:phrase:0800c8af81dbbc08">      Disconnec#@#@#43#box. </phrase>
</ptxt>
</ditem>
<ditem>
<ptxt>
<phrase category="" id="KC08325103" phrase-urn="urn:x-nevis:phrase:0800c8af81dbbc09">      Ignition on.</phrase>
</ptxt>
</ditem>
</diaglist>
<test2>
<diaglist>
<dgraphic>
<dgraphic2>
<graphic id="KC08325104">
<href>0900c8af80054d4#@#@#9#.jpeg</href>
</graphic>
<smarttool id="KC08325105" toolname="VDCD40"/>
</dgraphic2>
</dgraphic>
<ditem>
<ditemtext>
<ptxt>
<phrase category="" id="KC08325106" phrase-urn="urn:x-nevis:phrase:0800c8af81dbbc0a">       Connect #@#@#74#TCM).</phrase>
</ptxt>
</ditemtext>
</ditem>
</diaglist>
</test2>
</test1>
<question>The voltmeter s#@#@#24# 0
V.</question>
<resact-grp>
<result button="ok" comp="button" highlight="0"/>
<action j2008use="1" paperuse="0" screenuse="1">
<ptxt>
<xref>
<ref id="KC08325107"/>
</xref>
</ptxt>
</action>
</resact-grp>
<resact-grp>
<result button="notok" comp="button" highlight="0"/>
<action j2008use="1" paperuse="0" screenuse="1">
<ptxt>
<xref>
<ref id="KC08325108"/>
</xref>
</ptxt>
</action>
</resact-grp>
</node>
</testgrp>
<testgrp id="KC02346254" j2008use="1" paperuse="0" resumable="1" screenuse="1" testgrp-id="eas5-1" x="280" y="480">
<title>
<phrase category="" id="KC08325109" phrase-urn="urn:x-nevis:phrase:0800c8af81dbbc0b">Checking thrott#@#@#26#rcuit</phrase>
</title>
<iecalloutnode>
<diagcallout>
<xref>
<ref id="KC08325110"/>
</xref>
</diagcallout>
<test1>
<test2/>
</test1>
<question/>
<resact-grp>
<result comp="string" highlight="0" op="eq" return="FAULT FOUND"/>
<action j2008use="1" paperuse="1" screenuse="1">
<return value="FAULT FOUND"/>
</action>
</resact-grp>
<resact-grp>
<result comp="string" highlight="0" op="eq" return="FAULTTRACING FAILED"/>
<action j2008use="1" paperuse="1" screenuse="1">
<return value="FAULTTRACING FAILED"/>
</action>
</resact-grp>
</iecalloutnode>
</testgrp>
<testgrp id="KC02346255" j2008use="1" paperuse="0" resumable="1" screenuse="1" testgrp-id="eas5-2" x="280" y="560">
<title>
<phrase category="" id="KC08325111" phrase-urn="urn:x-nevis:phrase:0800c8af81dbbc0c">Checking for a #@#@#8#rcuit</phrase>
</title>
<node>
<test1>
<test2>
<diaglist>
<dgraphic>
<dgraphic2>
<graphic id="KC08325112">
<href>0900c8af80054d4#@#@#9#.jpeg</href>
</graphic>
<smarttool active="press" id="KC08325113" toolname="ODAH"/>
</dgraphic2>
</dgraphic>
<ditem>
<ditemtext>
<ptxt>
<phrase category="" id="KC08325114" phrase-urn="urn:x-nevis:phrase:0800c8af81dbbc0d">      Check cab#@#@#144#g to <xref>
<ref id="KC08325115"/>
</xref>. </phrase>
</ptxt>
</ditemtext>
</ditem>
</diaglist>
<grate>
<graphic id="KC08325116">
<href>0900c8af800570c#@#@#9#.jpeg</href>
</graphic>
</grate>
</test2>
</test1>
<question>Select "Continu#@#@#32#ied.
</question>
<resact-grp>
<result button="cont" comp="button" highlight="0"/>
<action j2008use="1" paperuse="0" screenuse="1">
<ptxt>
<xref>
<ref id="KC08325117"/>
</xref>
</ptxt>
</action>
</resact-grp>
</node>
</testgrp>
<testgrp id="KC02346256" j2008use="1" paperuse="0" resumable="1" screenuse="1" testgrp-id="verieas2" x="600" y="80">
<title>
<phrase category="" id="KC08325118" phrase-urn="urn:x-nevis:phrase:0800c8af81dbbc0e">Verification</phrase>
</title>
<subcalloutnode>
<diagcallout>
<xref>
<ref id="KC08325119"/>
</xref>
</diagcallout>
<rescall-grp>
<result comp="string" highlight="0" op="eq" return="VERIFIED"/>
<calloutaction>
<return value="FAULT FOUND"/>
</calloutaction>
</rescall-grp>
<rescall-grp>
<result comp="string" highlight="0" op="eq" return="VERIFICATION FAILED"/>
<calloutaction>
<ptxt>
<xref>
<ref id="KC08325120"/>
</xref>
</ptxt>
</calloutaction>
</rescall-grp>
</subcalloutnode>
</testgrp>
<testgrp id="KC02346257" j2008use="1" paperuse="0" resumable="1" screenuse="1" testgrp-id="info1" x="760" y="80">
<title>
<phrase category="" id="KC08325121" phrase-urn="urn:x-nevis:phrase:0800c8af81dbbc0f">Fault-tracing i#@#@#5#ation</phrase>
</title>
<subcalloutnode>
<diagcallout>
<xref>
<ref id="KC08325122"/>
</xref>
</diagcallout>
<rescall-grp>
<result comp="string" highlight="0" op="eq" return="NEW TRY"/>
<calloutaction>
<ptxt>
<xref>
<ref id="KC08325123"/>
</xref>
</ptxt>
</calloutaction>
</rescall-grp>
<rescall-grp>
<result comp="string" highlight="0" op="eq" return="FAULTTRACING FAILED"/>
<calloutaction>
<return value="FAULTTRACING FAILED"/>
</calloutaction>
</rescall-grp>
</subcalloutnode>
</testgrp>
</diagnostic>
</servinfosub>