<?xml version="1.0" encoding="UTF-8"?><servinfosub IE-ID="en-US0900c8af8787af09" docno="VCC-473608" id="nev21320175n1" original="sv-SE" servinfosubId="nev21320176n1-nev24766984n1" servinfosubRes="0900c8af8787af0d" servinfosubRes2="urn:x-nevis:fragment:0900c8af8787af09:0900c8af8787af0d#nev24766984n1" xml:lang="en-US">
<operationnumbers>
<operationnumber>87153-2</operationnumber>
</operationnumbers>
<title id="nev21320175n2">Climate Control#@#@#8#(CCM)</title>
<procedure id="nev21320176n1-nev25083506n2">
<stepgrp boilerplate="false" context="" id="nev21320176n1-nev27085608n66">
<title id="nev21320176n1-0800c8af844a46f6">Removal</title>
<procstep id="nev21320176n1-nev25083506n5">
<para id="nev21320176n1-nev27085608n64">
<ptxt id="nev21320176n1-nev27085608n65">Set the vehicle#@#@#36# mode<xref boilerplate="true" id="nev21320176n1-0800c8af865315ac">
<ref id="nev21320176n1-nev25083506n10"/>
</xref>
</ptxt>
</para>
</procstep>
<procstep id="nev21320176n1-nev27085608n63">
<para id="nev21320176n1-nev27085608n59">
<ptxt id="nev21320176n1-nev27085608n61">Remove blower m#@#@#11#front<xref boilerplate="true" id="nev21320176n1-nev27085608n62">
<ref id="nev21320176n1-nev27085608n60"/>
</xref>
</ptxt>
</para>
</procstep>
<procstep id="nev21320176n1-nev25083507n7">
<grate id="nev21320176n1-nev27085608n57">
<graphic id="nev21320176n1-nev27085608n58">
<href>0900c8af866b3ab#@#@#9#.jpeg</href>
</graphic>
<graphtext id="nev21320176n1-nev27085645n1">
<note id="nev21320176n1-0800c8af85b47f49">
<ptxt>Orientation view</ptxt>
</note>
</graphtext>
</grate>
</procstep>
<procstep id="nev21320176n1-nev25083508n3">
<grate id="nev21320176n1-nev27085608n55">
<graphic id="nev21320176n1-nev27085608n56">
<href>0900c8af866ac42#@#@#9#.jpeg</href>
</graphic>
<graphtext id="nev21320176n1-nev27085649n1">
<para id="nev21320176n1-nev27085608n53">
<ptxt id="nev21320176n1-nev27085608n54">Release the locks.</ptxt>
</para>
</graphtext>
</grate>
</procstep>
<procstep id="nev21320176n1-nev25083508n10">
<grate id="nev21320176n1-nev27085608n51">
<graphic id="nev21320176n1-nev27085608n52">
<href>0900c8af866ac41#@#@#9#.jpeg</href>
</graphic>
<graphtext id="nev21320176n1-nev27085653n1">
<para id="nev21320176n1-nev27085608n49">
<ptxt id="nev21320176n1-nev27085608n50">Remove the part#@#@#5#fully</ptxt>
</para>
</graphtext>
</grate>
</procstep>
<procstep id="nev21320176n1-nev25083509n7">
<grate id="nev21320176n1-nev27085608n47">
<graphic id="nev21320176n1-nev27085608n48">
<href>0900c8af866ac41#@#@#9#.jpeg</href>
</graphic>
<graphtext id="nev21320176n1-nev27085657n1">
<para id="nev21320176n1-nev27085608n45">
<ptxt id="nev21320176n1-nev27085608n46">Disconnect the #@#@#6#tors.</ptxt>
</para>
<para id="nev21320176n1-nev27085608n43">
<ptxt id="nev21320176n1-nev27085608n44">Remove the mark#@#@#3#part.</ptxt>
</para>
</graphtext>
</grate>
</procstep>
<procstep id="nev21320176n1-nev25083510n7">
<grate id="nev21320176n1-nev27085608n41">
<graphic id="nev21320176n1-nev27085608n42">
<href>0900c8af866ac3b#@#@#9#.jpeg</href>
</graphic>
</grate>
</procstep>
</stepgrp>
<stepgrp boilerplate="false" context="" id="nev21320176n1-nev27085608n40">
<title id="nev21320176n1-0800c8af844a46f9">Installation</title>
<procstep id="nev21320176n1-nev25083511n2">
<para id="nev21320176n1-nev27085608n38">
<ptxt id="nev21320176n1-nev27085608n39">To install, rev#@#@#22#dure.</ptxt>
</para>
</procstep>
<procstep id="nev21320176n1-nev25083511n6">
<note id="nev21320176n1-0800c8af844a430a">
<ptxt>This step is on#@#@#40#nent.</ptxt>
</note>
</procstep>
<procstep id="nev21320176n1-nev25083514n28">
<para id="nev21320176n1-nev27085608n36">
<ptxt id="nev21320176n1-nev27085608n37">Order and downl#@#@#52#anges</ptxt>
</para>
</procstep>
<procstep id="nev21320176n1-nev25684218n15">
<para id="nev21320176n1-nev27085608n34">
<ptxt id="nev21320176n1-nev27085608n35">Identify accord#@#@#126#otors</ptxt>
</para>
</procstep>
<procstep id="nev21320176n1-nev25684218n12">
<para id="nev21320176n1-nev27085608n32">
<ptxt id="nev21320176n1-nev27085608n33">Calibrate accor#@#@#127#otors</ptxt>
</para>
</procstep>
</stepgrp>
</procedure>
</servinfosub>