<?xml version="1.0" encoding="UTF-8"?><servinfosub IE-ID="en-US0900c8af84474f09" docno="VCC-356361" id="nev13507772n1" xml:lang="en-US">
<title>
<phrase category="" id="nev13507772n2" phrase-urn="urn:x-nevis:phrase:0800c8af82722e2e">Faulty signal</phrase>
</title>
<diagnostic j2008use="1" layout="0" paperuse="1" screenuse="1" type="test">
<testgrp IE-ID="en-US0900c8af84474f09_nev13507772n3" id="nev13507772n3" j2008use="1" paperuse="1" resumable="1" screenuse="1" testgrp-id="node1" x="120" y="60">
<title>
<phrase category="" id="nev13507772n4" phrase-urn="urn:x-nevis:phrase:0800c8af82722e2f">Checking cables#@#@#10#nents</phrase>
</title>
<node>
<test1>
<diaglist>
<dgraphic>
<dgraphic1>
<graphic id="nev13507772n5">
<href>0900c8af80054d4#@#@#9#.jpeg</href>
</graphic>
</dgraphic1>
</dgraphic>
<ditem>
<ptxt>
<phrase category="" id="nev13507772n6" phrase-urn="urn:x-nevis:phrase:0800c8af82722e30">Ignition off.</phrase>
</ptxt>
</ditem>
<ditem>
<ptxt>
<phrase category="" id="nev13507772n7" phrase-urn="urn:x-nevis:phrase:0800c8af82722e31">Unplug the engi#@#@#28#tors.</phrase>
</ptxt>
</ditem>
</diaglist>
<test2>
<para>
<ptxt>
<phrase category="" id="nev13507772n8" phrase-urn="urn:x-nevis:phrase:0800c8af82722e32">Check relevant #@#@#62#tion.</phrase>
</ptxt>
</para>
<para id="nev13507772n9">
<ptxt id="nev13507772n10">
<phrase category="" id="nev13507773n1" phrase-urn="urn:x-nevis:phrase:0800c8af82722e33">Check the signa#@#@#48#ound.</phrase>
</ptxt>
</para>
<para id="nev13507773n2">
<ptxt id="nev13507773n3">
<phrase category="" id="nev13507773n4" phrase-urn="urn:x-nevis:phrase:0800c8af82722e34">Check the signa#@#@#32#tage.</phrase>
</ptxt>
</para>
<para id="nev13507773n5">
<ptxt id="nev13507773n6">
<phrase category="Faulttracing" id="nev13507773n7" phrase-urn="urn:x-nevis:phrase:0800c8af82264ef0">Take readings b#@#@#2#ween:</phrase>
</ptxt>
</para>
<list1 enumtype="d" id="nev13507773n8">
<item id="nev13507773n9">
<ptxt id="nev13507773n10">
<phrase category="Faulttracing" id="nev13507919n1" phrase-urn="urn:x-nevis:phrase:0800c8af84316d04">Engine Control #@#@#54#r #1.</phrase>
</ptxt>
</item>
</list1>
<note id="nev13507774n2">
<ptxt id="nev13507774n3">
<phrase category="Faulttracing" id="nev13507774n4" phrase-urn="urn:x-nevis:phrase:0800c8af82a68c4e">The diagnostic #@#@#121#ture.</phrase>
</ptxt>
</note>
<para>
<ptxt>
<phrase category="" id="nev13507774n5" phrase-urn="urn:x-nevis:phrase:0800c8af82722e36">Remedy as necessary.</phrase>
</ptxt>
</para>
<list1 enumtype="d" type="unordered">
<title>
<phrase category="" id="nev13507774n6" phrase-urn="urn:x-nevis:phrase:0800c8af82722e37">Other information</phrase>
</title>
<item>
<ptxt id="nev13507774n7">
<xref id="nev13507774n8">
<ref id="nev13507774n9"/>
</xref>
</ptxt>
</item>
<item>
<ptxt>
<xref id="nev13507917n99">
<ref id="nev13507775n1"/>
</xref>
</ptxt>
</item>
<item>
<ptxt id="nev13507775n2">
<xref id="nev13507775n3">
<ref id="nev13507775n4"/>
</xref>
</ptxt>
</item>
<item>
<ptxt id="nev13507775n5">
<xref id="nev13507775n6">
<ref id="nev13507775n7"/>
</xref>
</ptxt>
</item>
<item>
<ptxt id="nev13507775n8">
<xref id="nev13507775n9">
<ref id="nev13507775n10"/>
</xref>
</ptxt>
</item>
</list1>
<diaglist>
<dgraphic>
<dgraphic1>
<graphic id="nev13507776n1">
<href>0900c8af81ada85#@#@#9#.jpeg</href>
</graphic>
</dgraphic1>
</dgraphic>
</diaglist>
<grate>
<graphic id="nev13507776n4">
<href>0900c8af81d9a30#@#@#9#.jpeg</href>
</graphic>
</grate>
</test2>
</test1>
<question>
Select Continue.
</question>
<resact-grp>
<result button="cont" comp="button" highlight="0"/>
<action j2008use="1" paperuse="1" screenuse="1">
<ptxt>
<xref>
<ref id="nev13507776n6"/>
</xref>
</ptxt>
</action>
</resact-grp>
</node>
</testgrp>
<testgrp id="nev13507776n7" j2008use="1" paperuse="1" resumable="1" screenuse="1" testgrp-id="veria" x="120" y="200">
<title>
<phrase category="" id="nev13507776n8" phrase-urn="urn:x-nevis:phrase:0800c8af82722e3f">Verification</phrase>
</title>
<subcalloutnode>
<diagcallout>
<xref>
<ref id="nev13507776n9"/>
</xref>
</diagcallout>
<rescall-grp>
<result comp="string" highlight="0" op="eq" return="VERIFIED"/>
<calloutaction>
<return value="FAULT FOUND"/>
</calloutaction>
</rescall-grp>
<rescall-grp>
<result comp="string" highlight="0" op="eq" return="VERIFICATION FAILED"/>
<calloutaction>
<ptxt>
<xref>
<ref id="nev13507776n10"/>
</xref>
</ptxt>
</calloutaction>
</rescall-grp>
</subcalloutnode>
</testgrp>
<testgrp id="nev13507777n1" j2008use="1" paperuse="0" resumable="1" screenuse="1" testgrp-id="info1" x="120" y="300">
<title>
<phrase category="" id="nev13507777n2" phrase-urn="urn:x-nevis:phrase:0800c8af82722e40">Fault-tracing i#@#@#5#ation</phrase>
</title>
<subcalloutnode>
<diagcallout>
<xref>
<ref id="nev13507777n3"/>
</xref>
</diagcallout>
<rescall-grp>
<result comp="string" highlight="0" op="eq" return="FAULTTRACING FAILED"/>
<calloutaction>
<return value="FAULTTRACING FAILED"/>
</calloutaction>
</rescall-grp>
<rescall-grp>
<result comp="string" highlight="0" op="eq" return="NEW TRY"/>
<calloutaction>
<ptxt>
<xref>
<ref id="nev13507777n4"/>
</xref>
</ptxt>
</calloutaction>
</rescall-grp>
</subcalloutnode>
</testgrp>
</diagnostic>
</servinfosub>