<?xml version="1.0" encoding="UTF-8"?><servinfosub IE-ID="en-US0900c8af834a1f09" docno="VCC-165079" id="KC08802881" xml:lang="en-US">
<title id="nev11425461n250">Spoiler, rear, #@#@#6#ement</title>
<procedure id="nev11425461n248">
<note id="nev11425461n246">
<ptxt id="nev11425461n244">The illustratio#@#@#176#rect.</ptxt>
</note>
<procstep id="KC08802882">
<title id="nev11425461n242">Important infor#@#@#1#ation</title>
<para id="nev11425461n240">
<ptxt id="nev11425461n238">This method app#@#@#3#s to <emph id="nev11425461n236">
<literal id="nev11425461n100">S60 Sport</literal>
</emph>.</ptxt>
</para>
</procstep>
<stepgrp id="KC08802883">
<title id="nev11425461n234">Removal</title>
<procstep id="KC08802884">
<title id="nev11425461n232">Removing the re#@#@#5#oiler</title>
<grate id="nev11425461n230">
<graphic id="KC08802887">
<href>0900c8af81ffd91#@#@#9#.jpeg</href>
</graphic>
<graphtext id="nev11425461n225">
<list1 enumtype="d" id="nev11425461n223" type="unordered">
<title id="nev11425461n221">Remove:</title>
<item id="nev11425461n219">
<ptxt id="nev11425461n217">the bolts, x2, #@#@#31#faces</ptxt>
</item>
<item id="nev11425461n215">
<ptxt id="nev11425461n213">the spring nuts, x2</ptxt>
</item>
</list1>
</graphtext>
</grate>
<grate id="nev11425461n211">
<graphic id="KC08802888">
<href>0900c8af81ffd91#@#@#9#.jpeg</href>
</graphic>
<graphtext id="nev11425461n206">
<list1 enumtype="d" id="nev11425461n204" type="unordered">
<item id="nev11425461n202">
<ptxt id="nev11425461n200">the clips, 2 pe#@#@#32#edge.</ptxt>
</item>
</list1>
</graphtext>
</grate>
<grate id="nev11425461n198">
<graphic id="KC08802889">
<href>0900c8af81ffd92#@#@#9#.jpeg</href>
</graphic>
<graphtext id="nev11425461n193">
<para id="nev11425461n191">
<ptxt id="nev11425461n189">Pull away the s#@#@#14#aces.</ptxt>
</para>
</graphtext>
</grate>
<grate id="nev11425461n187">
<graphic id="KC08802890">
<href>0900c8af81ffd92#@#@#9#.jpeg</href>
</graphic>
<graphtext id="nev11425461n182">
<para id="nev11425461n180">
<ptxt id="nev11425461n178">Pull the spoile#@#@#19#edge.</ptxt>
</para>
</graphtext>
</grate>
</procstep>
</stepgrp>
<stepgrp id="KC08802885">
<title id="nev11425461n176">Installation</title>
<note id="nev11425461n174">
<ptxt id="nev11425461n172">For tightening #@#@#9#see: <xref id="nev11425461n170">
<ref id="KC08802891"/>
</xref>. </ptxt>
</note>
<caution id="nev11425461n165">
<ptxt id="nev11425461n163">Clean the surfa#@#@#104#mage.</ptxt>
</caution>
<procstep id="KC08802886">
<title id="nev11425461n161">Installing the #@#@#7#oiler</title>
<grate id="nev11425461n159">
<graphic id="KC08802892">
<href>0900c8af81ffd92#@#@#9#.jpeg</href>
</graphic>
<graphtext id="nev11425461n154">
<list1 enumtype="d" id="nev11425461n152" type="unordered">
<title id="nev11425461n150">Install:</title>
<item id="nev11425461n148">
<ptxt id="nev11425461n146">the spoiler at #@#@#30#tches</ptxt>
</item>
<item id="nev11425461n144">
<ptxt id="nev11425461n142">the clips, 2 pe#@#@#1# side</ptxt>
</item>
</list1>
</graphtext>
</grate>
<grate id="nev11425461n140">
<graphic id="KC08802893">
<href>0900c8af81ffd92#@#@#9#.jpeg</href>
</graphic>
<graphtext id="nev11425461n135">
<list1 enumtype="d" id="nev11425461n133" type="unordered">
<item id="nev11425461n131">
<ptxt id="nev11425461n129">both end faces #@#@#32#ches.</ptxt>
</item>
</list1>
</graphtext>
</grate>
<grate id="nev11425461n127">
<graphic id="KC08802894">
<href>0900c8af81ffd91#@#@#9#.jpeg</href>
</graphic>
<graphtext id="nev11425461n122">
<para id="nev11425461n120">
<ptxt id="nev11425461n118">Bend up the fle#@#@#47#aces.</ptxt>
<ptxt id="nev11425461n116">Fit the new spr#@#@#8#, x2.</ptxt>
<ptxt id="nev11425461n114">Fit the bolts, #@#@#53#hten.</ptxt>
</para>
<note id="nev11425461n112">
<ptxt id="nev11425461n110">If the vehicle #@#@#123#ates.</ptxt>
</note>
</graphtext>
</grate>
</procstep>
</stepgrp>
</procedure>
</servinfosub>