<?xml version="1.0" encoding="UTF-8"?><servinfosub IE-ID="en-US0900c8af823ca614" docno="VCC-164350" id="KC09011393" xml:lang="en-US">
<title>
<phrase category="" id="KC09011396" phrase-urn="urn:x-nevis:phrase:0800c8af823ca616">Diagnostic trou#@#@#33#72300</phrase>
</title>
<diagnostic type="condition">
<condgrp>
<condition type="condition">
<grate>
<graphic id="KC09011397" width="column">
<href>0900c8af8204a81#@#@#9#.jpeg</href>
</graphic>
<graphtext>
<para>
<ptxt>
<phrase category="" id="KC09011398" phrase-urn="urn:x-nevis:phrase:0800c8af823ca617">The gearbox out#@#@#343#osis.</phrase>
</ptxt>
</para>
<para>
<ptxt>
<phrase category="" id="KC09011399" phrase-urn="urn:x-nevis:phrase:0800c8af823ca618">If the transmis#@#@#143#ated.</phrase>
</ptxt>
</para>
<para>
<ptxt>
<phrase category="" id="KC09011400" phrase-urn="urn:x-nevis:phrase:0800c8af823ca619">The diagnostic #@#@#58#m/h. </phrase>
</ptxt>
</para>
</graphtext>
</grate>
</condition>
</condgrp>
<condgrp>
<condition type="substitution">
<list1 enumtype="d" type="unordered">
<item>
<ptxt>
<phrase category="" id="KC09011401" phrase-urn="urn:x-nevis:phrase:0800c8af823ca61a">Adaptation func#@#@#11#cked.</phrase>
</ptxt>
</item>
<item>
<ptxt>
<phrase category="" id="KC09011402" phrase-urn="urn:x-nevis:phrase:0800c8af823ca61b">Lock-up functio#@#@#8#cked.</phrase>
</ptxt>
</item>
<item>
<ptxt>
<phrase category="" id="KC09011403" phrase-urn="urn:x-nevis:phrase:0800c8af823ca61e">Slip lock-up fu#@#@#13#cked.</phrase>
</ptxt>
</item>
<item>
<ptxt>
<phrase category="" id="KC09011404" phrase-urn="urn:x-nevis:phrase:0800c8af823ca61f">Neutral check f#@#@#14#cked.</phrase>
</ptxt>
</item>
<item>
<ptxt>
<phrase category="" id="KC09011405" phrase-urn="urn:x-nevis:phrase:0800c8af823ca620">The transmissio#@#@#100#work.</phrase>
</ptxt>
</item>
<item>
<ptxt>
<phrase category="" id="KC09011406" phrase-urn="urn:x-nevis:phrase:0800c8af823ca621">If the speed si#@#@#75#gram <emph>Emergency mode 1</emph> in the transmi#@#@#42#ive. </phrase>
</ptxt>
<hint>
<ptxt>
<phrase category="" id="KC09011407" phrase-urn="urn:x-nevis:phrase:0800c8af823ca622">
<xref>
<ref id="KC09011408"/>
</xref>
</phrase>
</ptxt>
</hint>
</item>
</list1>
</condition>
<ps>
<list1 enumtype="d" type="unordered">
<item>
<ptxt>
<phrase category="" id="KC09011409" phrase-urn="urn:x-nevis:phrase:0800c8af823ca623">Contact resista#@#@#15#inals</phrase>
</ptxt>
</item>
<item>
<ptxt>
<phrase category="" id="KC09011410" phrase-urn="urn:x-nevis:phrase:0800c8af823ca624">Gearbox output #@#@#29#ctly.</phrase>
</ptxt>
</item>
<item>
<ptxt>
<phrase category="" id="KC09011411" phrase-urn="urn:x-nevis:phrase:0800c8af823ca625">Gearbox output #@#@#20#king.</phrase>
</ptxt>
</item>
<item>
<ptxt>
<phrase category="" id="KC09011412" phrase-urn="urn:x-nevis:phrase:0800c8af823ca626">Internal fault #@#@#32#TCM).</phrase>
</ptxt>
</item>
</list1>
</ps>
</condgrp>
<condgrp>
<condition type="symptom">
<list1 enumtype="d" type="unordered">
<item>
<ptxt>
<phrase category="" id="KC09011413" phrase-urn="urn:x-nevis:phrase:0800c8af823ca627">Malfunction ind#@#@#17# lit.</phrase>
</ptxt>
</item>
<item>
<ptxt>
<phrase category="" id="KC09011414" phrase-urn="urn:x-nevis:phrase:0800c8af823ca628">General warning#@#@#4#p lit</phrase>
</ptxt>
</item>
<item>
<ptxt>
<phrase category="" id="KC09011415" phrase-urn="urn:x-nevis:phrase:0800c8af823ca62b">No lock-up function.</phrase>
</ptxt>
</item>
<item>
<ptxt>
<phrase category="" id="KC09011416" phrase-urn="urn:x-nevis:phrase:0800c8af823ca62f">Harsh gear changing</phrase>
</ptxt>
</item>
<item>
<ptxt>
<phrase category="" id="KC09011417" phrase-urn="urn:x-nevis:phrase:0800c8af823ca632">No gear changing.</phrase>
</ptxt>
</item>
</list1>
</condition>
</condgrp>
</diagnostic>
</servinfosub>