<?xml version="1.0" encoding="UTF-8"?><servinfosub IE-ID="en-US0900c8af845ad614" docno="VCC-379707" id="nev13841270n1" xml:lang="en-US">
<title>
<phrase category="" id="nev13841270n2" phrase-urn="urn:x-nevis:phrase:0800c8af823c96f9">Diagnostic trou#@#@#30#-135F</phrase>
</title>
<diagnostic j2008use="1" paperuse="1" screenuse="1" type="condition">
<condgrp>
<condition type="condition">
<grate>
<graphic id="nev13841270n3">
<href>0900c8af8279d04#@#@#11#.jpeg</href>
</graphic>
<graphtext>
<ptxt>
<phrase category="" id="nev13841270n4" phrase-urn="urn:x-nevis:phrase:0800c8af823c96fa">The engine cont#@#@#144#sor. </phrase>
</ptxt>
<ptxt>
<phrase category="Condition" id="nev13841270n5" phrase-urn="urn:x-nevis:phrase:0800c8af8245a2ce">If the engine c#@#@#135#ated.</phrase>
</ptxt>
<ptxt id="nev13841270n6">
<phrase category="Condition" id="nev13841270n7" phrase-urn="urn:x-nevis:phrase:0800c8af83d83017">Note that malfu#@#@#75#ated.</phrase>
</ptxt>
<ptxt id="nev13841270n8">
<phrase category="Condition" id="nev13841270n9" phrase-urn="urn:x-nevis:phrase:0800c8af81eaae5f">The diagnostic #@#@#58#ning.</phrase>
</ptxt>
</graphtext>
</grate>
</condition>
</condgrp>
<condgrp>
<condition type="substitution">
<list1 enumtype="d" type="unordered">
<item>
<ptxt>
<phrase category="Substitution" id="nev13841270n10" phrase-urn="urn:x-nevis:phrase:0800c8af838f1674">Torque limitation</phrase>
</ptxt>
</item>
<item id="nev13841271n1">
<ptxt id="nev13841271n2">
<phrase category="" id="nev13841271n3" phrase-urn="urn:x-nevis:phrase:0800c8af823c96fc">An estimated ma#@#@#16#used.</phrase>
</ptxt>
</item>
</list1>
</condition>
<ps>
<note id="nev13841284n100">
<ptxt id="nev13841284n99">
<phrase category="Possible source" id="nev13841285n1" phrase-urn="urn:x-nevis:phrase:0800c8af84589f76">If any of the f#@#@#125#135F.</phrase>
</ptxt>
</note>
<list1 enumtype="d" type="unordered">
<item id="nev13841273n1">
<ptxt id="nev13841273n2">
<phrase category="Faulttracing" id="nev13841273n3" phrase-urn="urn:x-nevis:phrase:0800c8af84593578">ECM-18B0.</phrase>
</ptxt>
</item>
<item id="nev13841273n4">
<ptxt id="nev13841273n5">
<phrase category="Faulttracing" id="nev13841273n6" phrase-urn="urn:x-nevis:phrase:0800c8af84593579">ECM-1890.</phrase>
</ptxt>
</item>
<item id="nev13841273n7">
<ptxt id="nev13841273n8">
<phrase category="Faulttracing" id="nev13841273n9" phrase-urn="urn:x-nevis:phrase:0800c8af8459357a">ECM-1870.</phrase>
</ptxt>
</item>
<item id="nev13841273n10">
<ptxt id="nev13841274n1">
<phrase category="Faulttracing" id="nev13841274n2" phrase-urn="urn:x-nevis:phrase:0800c8af8459357e">ECM-18A0.</phrase>
</ptxt>
</item>
<item id="nev13841274n3">
<ptxt id="nev13841274n4">
<phrase category="Faulttracing" id="nev13841274n5" phrase-urn="urn:x-nevis:phrase:0800c8af8459357a">ECM-1870.</phrase>
</ptxt>
</item>
<item id="nev13841274n6">
<ptxt id="nev13841274n7">
<phrase category="Faulttracing" id="nev13841274n8" phrase-urn="urn:x-nevis:phrase:0800c8af84593582">ECM-1880.</phrase>
</ptxt>
</item>
</list1>
<list1 id="nev13841274n9">
<item id="nev13841274n10">
<ptxt id="nev13841275n1">
<phrase category="Possible source" id="nev13841275n2" phrase-urn="urn:x-nevis:phrase:0800c8af84589f5c">If diagnostic t#@#@#174#rger.</phrase>
</ptxt>
</item>
<item id="nev13841275n3">
<ptxt id="nev13841275n4">
<phrase category="Possible source" id="nev13841275n5" phrase-urn="urn:x-nevis:phrase:0800c8af81eb9604">Contact resista#@#@#29#nals.</phrase>
</ptxt>
</item>
<item id="nev13841275n6">
<ptxt id="nev13841275n7">
<phrase category="Possible source" id="nev13841275n8" phrase-urn="urn:x-nevis:phrase:0800c8af8280d6aa">Clogged air filter.</phrase>
</ptxt>
</item>
<item id="nev13841275n9">
<ptxt id="nev13841275n10">
<phrase category="Possible source" id="nev13841276n1" phrase-urn="urn:x-nevis:phrase:0800c8af827c45c8">Faulty air temp#@#@#16#nlet.</phrase>
</ptxt>
</item>
<item id="nev13841276n2">
<ptxt id="nev13841276n3">
<phrase category="Possible source" id="nev13841276n4" phrase-urn="urn:x-nevis:phrase:0800c8af82a68c90">The EGR-valve h#@#@#22#tion.</phrase>
</ptxt>
</item>
<item id="nev13841276n5">
<ptxt id="nev13841276n6">
<phrase category="Faulttracing" id="nev13841276n7" phrase-urn="urn:x-nevis:phrase:0800c8af8458a49e">Incorrect camsh#@#@#8#tion.</phrase>
</ptxt>
</item>
<item id="nev13841276n8">
<ptxt id="nev13841276n9">
<phrase category="Possible source" id="nev13841276n10" phrase-urn="urn:x-nevis:phrase:0800c8af81eabb46">Damaged mass ai#@#@#15#nsor.</phrase>
</ptxt>
</item>
</list1>
</ps>
</condgrp>
<condgrp>
<condition type="symptom">
<list1 enumtype="d" type="unordered">
<item>
<ptxt>
<phrase category="Symptom CSC" id="nev13841278n3" phrase-urn="urn:x-nevis:phrase:0800c8af8388f019">AJ, Driving/Poo#@#@#20#power</phrase>
<phrase category="" id="nev13841278n4" phrase-urn="urn:x-nevis:phrase:0800c8af823c9700">Poor performance.</phrase>
</ptxt>
</item>
<item id="nev13841278n5">
<ptxt id="nev13841278n6">
<phrase category="Symptom" id="nev13841278n7" phrase-urn="urn:x-nevis:phrase:0800c8af8223d32d">Message in info#@#@#10#splay</phrase>
</ptxt>
</item>
</list1>
</condition>
</condgrp>
</diagnostic>
</servinfosub>