<?xml version="1.0" encoding="UTF-8"?><script xmlns:nevis="http://www.volvocars.com/namespaces/processing" xmlns:xlink="http://www.w3.org/1999/xlink" IE-ID="en-US0900c8af884e6614" docno="VCC-485152" id="nev23644505n1" nevis:expl-profile="mdl256yr2016, mdl234yr2017, mdl235yr2017, mdl236yr2017, mdl256yr2017, mdl238yr2017, mdl246yr2018, mdl256yr2018, mdl234yr2018, mdl235yr2018, mdl236yr2018, mdl238yr2018, mdl120yr2018, mdl246yr2019, mdl236yr2019, mdl238yr2019, mdl234yr2019, mdl256yr2019, mdl235yr2019, mdl224yr2019, mdl225yr2019, mdl227yr2019, mdl5TXyr2019" nevis:profile="urn:x-nevis:profile:0b00c8af858c2577 urn:x-nevis:profile:0b00c8af86dd9c00 urn:x-nevis:profile:0b00c8af86dd9c01 urn:x-nevis:profile:0b00c8af86dd9c02 urn:x-nevis:profile:0b00c8af86eeb1e9 urn:x-nevis:profile:0b00c8af86ef2dd3 urn:x-nevis:profile:0b00c8af87164cbc urn:x-nevis:profile:0b00c8af87345e76 urn:x-nevis:profile:0b00c8af87346035 urn:x-nevis:profile:0b00c8af8734634a urn:x-nevis:profile:0b00c8af873465d2 urn:x-nevis:profile:0b00c8af87346884 urn:x-nevis:profile:0b00c8af877ef42d urn:x-nevis:profile:0b00c8af8795b0ac urn:x-nevis:profile:0b00c8af8795b0ad urn:x-nevis:profile:0b00c8af8795b0af urn:x-nevis:profile:0b00c8af8795b0b0 urn:x-nevis:profile:0b00c8af8795b0b1 urn:x-nevis:profile:0b00c8af8795b0b2 urn:x-nevis:profile:0b00c8af87a4ed08 urn:x-nevis:profile:0b00c8af87a4ede2 urn:x-nevis:profile:0b00c8af87a573de urn:x-nevis:profile:0b00c8af880bb220" nevis:projectdocument="urn:x-nevis:projectdocument:0800c8af86db0430" nevis:resource="0900c8af884e6626" nevis:resource2="urn:x-nevis:fragment:0900c8af884e6614:0900c8af884e6626#nev23644505n1" nevis:session-id="" qualifierinfotype="14:00" xml:lang="en-US"><title id="nev23644505n2"><phrase category="Generic Component" id="nev23645887n1" phrase-urn="urn:x-nevis:phrase:0800c8af869f1df8">Steering wheel #@#@#1#eater</phrase></title><content id="nev23644505n3-nev23644504n1" nevis:expl-profile="mdl256yr2016, mdl234yr2017, mdl235yr2017, mdl236yr2017, mdl256yr2017, mdl238yr2017, mdl246yr2018, mdl256yr2018, mdl234yr2018, mdl235yr2018, mdl236yr2018, mdl238yr2018, mdl120yr2018, mdl246yr2019, mdl236yr2019, mdl238yr2019, mdl234yr2019, mdl256yr2019, mdl235yr2019, mdl224yr2019, mdl225yr2019, mdl227yr2019, mdl5TXyr2019" nevis:idfrom="nev23644505n3" nevis:prefix="nev23644505n3" nevis:profile="urn:x-nevis:profile:0b00c8af858c2577 urn:x-nevis:profile:0b00c8af86dd9c00 urn:x-nevis:profile:0b00c8af86dd9c01 urn:x-nevis:profile:0b00c8af86dd9c02 urn:x-nevis:profile:0b00c8af86eeb1e9 urn:x-nevis:profile:0b00c8af86ef2dd3 urn:x-nevis:profile:0b00c8af87164cbc urn:x-nevis:profile:0b00c8af87345e76 urn:x-nevis:profile:0b00c8af87346035 urn:x-nevis:profile:0b00c8af8734634a urn:x-nevis:profile:0b00c8af873465d2 urn:x-nevis:profile:0b00c8af87346884 urn:x-nevis:profile:0b00c8af877ef42d urn:x-nevis:profile:0b00c8af8795b0ac urn:x-nevis:profile:0b00c8af8795b0ad urn:x-nevis:profile:0b00c8af8795b0af urn:x-nevis:profile:0b00c8af8795b0b0 urn:x-nevis:profile:0b00c8af8795b0b1 urn:x-nevis:profile:0b00c8af8795b0b2 urn:x-nevis:profile:0b00c8af87a4ed08 urn:x-nevis:profile:0b00c8af87a4ede2 urn:x-nevis:profile:0b00c8af87a573de urn:x-nevis:profile:0b00c8af880bb220" nevis:resource="0900c8af884e6624" nevis:resource2="urn:x-nevis:fragment:0900c8af884e6614:0900c8af884e6624#nev23644504n1" xml:lang="en-US"><nodes id="nev23644505n3-nev23644504n2"/><SpaScript Id="0c3a21c0-5505-472f-9068-197f41d14416" Name="Steering wheel heater " Type="Diagnostic" id="nev23644505n3-nev30641921n1"><Module Annotation="" IsEventHandler="false" Name="Main" id="nev23644505n3-nev30641922n1"><Variable Annotation="" Id="Varloop" Scope="Global" Type="Double" id="nev23644505n3-nev30641923n1"><Value Type="NumericVariable" Value="0" id="nev23644505n3-nev30641924n1"/></Variable><Variable Annotation="" Id="Varhold" Scope="Global" Type="Double" id="nev23644505n3-nev30641925n1"/><Variable Annotation="" Id="MainInformation" Scope="Local" Type="InfoDisplay" id="nev23644505n3-nev30641926n1"><Value Type="InfoDisplayVariable" id="nev23644505n3-nev30641927n1"><infoDisplay id="nev23644505n3-nev30641928n1"><title id="nev23644505n3-nev30641929n1"><phrase category="Symptom Type" id="nev23644505n3-nev30641930n1" phrase-urn="urn:x-nevis:phrase:0800c8af850f9fea">Information</phrase></title><para id="nev23644505n3-nev30641931n1"><phrase category="Faulttracing" id="nev23644505n3-nev30641932n1" phrase-urn="urn:x-nevis:phrase:0800c8af86db0aa9">This test is us#@#@#51#erly.</phrase><phrase category="Faulttracing" id="nev23644505n3-nev30641933n1" phrase-urn="urn:x-nevis:phrase:0800c8af86db0aaa">Use the buttons#@#@#43#ages.</phrase></para></infoDisplay></Value></Variable><Component Annotation="" ComponentId="DiagnosticSessionControl1" id="nev23644505n3-nev30641934n1"><DiagnosticSessionControl id="nev23644505n3-nev30641935n1"><Input Delay="500" EcuID="CEM" ErrorHandlingType="2" Retries="0" SubFunction="3" SupressPositiveResponse="False" id="nev23644505n3-nev30641936n1"/></DiagnosticSessionControl></Component><Component Annotation="" ComponentId="SetGuiElementContent7" id="nev23644505n3-nev30641937n1"><SetGuiElementContent id="nev23644505n3-nev30641938n1"><Input ElementId="InfoDisplay1" Text="{MainInformation}" id="nev23644505n3-nev30641939n1"/></SetGuiElementContent></Component><Component ComponentId="AssignValue17" id="nev23644505n3-nev30641940n1"><AssignValue id="nev23644505n3-nev30641941n1"><Input AssignTo="{__Globals__.Varloop}" Value="0" id="nev23644505n3-nev30641942n1"/></AssignValue></Component></Module><Module IsEventHandler="false" Name="Final" id="nev23644505n3-nev30641943n1"><Component ComponentId="DiagnosticSessionControl2" id="nev23644505n3-nev30641944n1"><DiagnosticSessionControl id="nev23644505n3-nev30641945n1"><Input Delay="500" EcuID="CEM" ErrorHandlingType="2" Retries="0" SubFunction="1" SupressPositiveResponse="False" id="nev23644505n3-nev30641946n1"/></DiagnosticSessionControl></Component></Module><Module IsEventHandler="true" Name="Low_Click" id="nev23644505n3-nev30641947n1"><Component ComponentId="HideDeactivateButton3" id="nev23644505n3-nev30641948n1"><SetGuiElementEnabled id="nev23644505n3-nev30641949n1"><Input ElementId="Deactivated" IsEnabled="False" id="nev23644505n3-nev30641950n1"/></SetGuiElementEnabled></Component><Component ComponentId="HideHighButton3" id="nev23644505n3-nev30641951n1"><SetGuiElementEnabled id="nev23644505n3-nev30641952n1"><Input ElementId="High" IsEnabled="False" id="nev23644505n3-nev30641953n1"/></SetGuiElementEnabled></Component><Component ComponentId="HideMediumButton3" id="nev23644505n3-nev30641954n1"><SetGuiElementEnabled id="nev23644505n3-nev30641955n1"><Input ElementId="Medium" IsEnabled="False" id="nev23644505n3-nev30641956n1"/></SetGuiElementEnabled></Component><Component ComponentId="HideLowButton3" id="nev23644505n3-nev30641957n1"><SetGuiElementEnabled id="nev23644505n3-nev30641958n1"><Input ElementId="Low" IsEnabled="False" id="nev23644505n3-nev30641959n1"/></SetGuiElementEnabled></Component><Component ComponentId="EnableHold3" id="nev23644505n3-nev30641960n1"><AssignValue id="nev23644505n3-nev30641961n1"><Input AssignTo="{__Globals__.Varhold}" Value="1" id="nev23644505n3-nev30641962n1"/></AssignValue></Component><While LogicId="While9" id="nev23644505n3-nev30641963n1"><LogicStatement Expression="__Globals__.Varloop == 1" id="nev23644505n3-nev30641964n1"/><Component ComponentId="Sleep14" id="nev23644505n3-nev30641965n1"><Sleep id="nev23644505n3-nev30641966n1"><Input Timeout="1" id="nev23644505n3-nev30641967n1"/></Sleep></Component></While><Component ComponentId="EnableDeactivateButton3" id="nev23644505n3-nev30641968n1"><SetGuiElementEnabled id="nev23644505n3-nev30641969n1"><Input ElementId="Deactivated" IsEnabled="True" id="nev23644505n3-nev30641970n1"/></SetGuiElementEnabled></Component><Component ComponentId="EnableHighButton3" id="nev23644505n3-nev30641971n1"><SetGuiElementEnabled id="nev23644505n3-nev30641972n1"><Input ElementId="High" IsEnabled="True" id="nev23644505n3-nev30641973n1"/></SetGuiElementEnabled></Component><Component ComponentId="EnableLowButton3" id="nev23644505n3-nev30641974n1"><SetGuiElementEnabled id="nev23644505n3-nev30641975n1"><Input ElementId="Medium" IsEnabled="True" id="nev23644505n3-nev30641976n1"/></SetGuiElementEnabled></Component><Component ComponentId="InitiateLoopLow" id="nev23644505n3-nev30641977n1"><AssignValue id="nev23644505n3-nev30641978n1"><Input AssignTo="{__Globals__.Varloop}" Value="1" id="nev23644505n3-nev30641979n1"/></AssignValue></Component><Component ComponentId="ResetHoldLow" id="nev23644505n3-nev30641980n1"><AssignValue id="nev23644505n3-nev30641981n1"><Input AssignTo="{__Globals__.Varhold}" Value="0" id="nev23644505n3-nev30641982n1"/></AssignValue></Component><Component ComponentId="StartRoutineLow" id="nev23644505n3-nev30641983n1"><RoutineControl id="nev23644505n3-nev30641984n1"><Input Delay="500" EcuID="CEM" ErrorHandlingType="2" Retries="0" RoutineControlId="200C" RoutineControlParameterType="1" RoutineOptionRecord="01" id="nev23644505n3-nev30641985n1"/></RoutineControl></Component><Component ComponentId="RequestRoutineResults4" id="nev23644505n3-nev30641986n1"><RoutineControl id="nev23644505n3-nev30641987n1"><Input Delay="500" EcuID="CEM" ErrorHandlingType="2" Retries="0" RoutineControlId="200C" RoutineControlParameterType="3" RoutineOptionRecord="" id="nev23644505n3-nev30641988n1"/></RoutineControl></Component><Component ComponentId="GetParameter6" id="nev23644505n3-nev30641989n1"><GetParameter id="nev23644505n3-nev30641990n1"><Input ParameterID="1001647" ParameterList="{RequestRoutineResults4_Result Parameters}" id="nev23644505n3-nev30641991n1"/></GetParameter></Component><Component ComponentId="SetGuiElementContent9" id="nev23644505n3-nev30641992n1"><SetGuiElementContent id="nev23644505n3-nev30641993n1"><Input ElementId="ParameterLabel1" Text="{GetParameter6_Result}" id="nev23644505n3-nev30641994n1"/></SetGuiElementContent></Component><While LogicId="While5" id="nev23644505n3-nev30641995n1"><LogicStatement Expression="__Globals__.Varloop == 1" id="nev23644505n3-nev30641996n1"/><Component ComponentId="RequestResults4" id="nev23644505n3-nev30641997n1"><RoutineControl id="nev23644505n3-nev30641998n1"><Input Delay="500" EcuID="CEM" ErrorHandlingType="2" Retries="0" RoutineControlId="200C" RoutineControlParameterType="3" RoutineOptionRecord="" id="nev23644505n3-nev30641999n1"/></RoutineControl></Component><If Annotation="Check if Routine high is running" LogicId="If4" id="nev23644505n3-nev30642000n1"><LogicStatement Expression="RequestResults4_Result.Parameters[1].Raw == &#34;02&#34;" id="nev23644505n3-nev30642001n1"/><True id="nev23644505n3-nev30642002n1"/><Else id="nev23644505n3-nev30642003n1"><If Annotation="Another button pressed?" LogicId="If8" id="nev23644505n3-nev30642004n1"><LogicStatement Expression="__Globals__.Varhold == 1" id="nev23644505n3-nev30642005n1"/><True id="nev23644505n3-nev30642006n1"><Component ComponentId="Break3" id="nev23644505n3-nev30642007n1"><Break id="nev23644505n3-nev30642008n1"/></Component></True><Else id="nev23644505n3-nev30642009n1"><Component ComponentId="RestartControlRoutine3" id="nev23644505n3-nev30642010n1"><RoutineControl id="nev23644505n3-nev30642011n1"><Input Delay="500" EcuID="CEM" ErrorHandlingType="2" Retries="0" RoutineControlId="200C" RoutineControlParameterType="1" RoutineOptionRecord="01" id="nev23644505n3-nev30642012n1"/></RoutineControl></Component></Else></If></Else></If><Component ComponentId="CallModule3" id="nev23644505n3-nev30642013n1"><CallModule id="nev23644505n3-nev30642014n1"><Input Module="Diagnosticreadout" id="nev23644505n3-nev30642015n1"/></CallModule></Component></While><Component ComponentId="ReleaseHold3" id="nev23644505n3-nev30642016n1"><AssignValue id="nev23644505n3-nev30642017n1"><Input AssignTo="{__Globals__.Varloop}" Value="0" id="nev23644505n3-nev30642018n1"/></AssignValue></Component></Module><Module IsEventHandler="true" Name="Medium_Click" id="nev23644505n3-nev30642019n1"><Component ComponentId="HideDeactivateButton2" id="nev23644505n3-nev30642020n1"><SetGuiElementEnabled id="nev23644505n3-nev30642021n1"><Input ElementId="Deactivated" IsEnabled="False" id="nev23644505n3-nev30642022n1"/></SetGuiElementEnabled></Component><Component ComponentId="HideHighButton2" id="nev23644505n3-nev30642023n1"><SetGuiElementEnabled id="nev23644505n3-nev30642024n1"><Input ElementId="High" IsEnabled="False" id="nev23644505n3-nev30642025n1"/></SetGuiElementEnabled></Component><Component ComponentId="HideMediumButton2" id="nev23644505n3-nev30642026n1"><SetGuiElementEnabled id="nev23644505n3-nev30642027n1"><Input ElementId="Medium" IsEnabled="False" id="nev23644505n3-nev30642028n1"/></SetGuiElementEnabled></Component><Component ComponentId="HideLowButton2" id="nev23644505n3-nev30642029n1"><SetGuiElementEnabled id="nev23644505n3-nev30642030n1"><Input ElementId="Low" IsEnabled="False" id="nev23644505n3-nev30642031n1"/></SetGuiElementEnabled></Component><Component ComponentId="EnableHold2" id="nev23644505n3-nev30642032n1"><AssignValue id="nev23644505n3-nev30642033n1"><Input AssignTo="{__Globals__.Varhold}" Value="1" id="nev23644505n3-nev30642034n1"/></AssignValue></Component><While LogicId="While7" id="nev23644505n3-nev30642035n1"><LogicStatement Expression="__Globals__.Varloop == 1" id="nev23644505n3-nev30642036n1"/><Component ComponentId="Sleep11" id="nev23644505n3-nev30642037n1"><Sleep id="nev23644505n3-nev30642038n1"><Input Timeout="1" id="nev23644505n3-nev30642039n1"/></Sleep></Component></While><Component ComponentId="EnableDeactivateButton2" id="nev23644505n3-nev30642040n1"><SetGuiElementEnabled id="nev23644505n3-nev30642041n1"><Input ElementId="Deactivated" IsEnabled="True" id="nev23644505n3-nev30642042n1"/></SetGuiElementEnabled></Component><Component ComponentId="EnableHighButton2" id="nev23644505n3-nev30642043n1"><SetGuiElementEnabled id="nev23644505n3-nev30642044n1"><Input ElementId="High" IsEnabled="True" id="nev23644505n3-nev30642045n1"/></SetGuiElementEnabled></Component><Component ComponentId="EnableLowButton2" id="nev23644505n3-nev30642046n1"><SetGuiElementEnabled id="nev23644505n3-nev30642047n1"><Input ElementId="Low" IsEnabled="True" id="nev23644505n3-nev30642048n1"/></SetGuiElementEnabled></Component><Component Annotation="" ComponentId="InitiateLoopMedium" id="nev23644505n3-nev30642049n1"><AssignValue id="nev23644505n3-nev30642050n1"><Input AssignTo="{__Globals__.Varloop}" Value="1" id="nev23644505n3-nev30642051n1"/></AssignValue></Component><Component ComponentId="ResetHoldMedium" id="nev23644505n3-nev30642052n1"><AssignValue id="nev23644505n3-nev30642053n1"><Input AssignTo="{__Globals__.Varhold}" Value="0" id="nev23644505n3-nev30642054n1"/></AssignValue></Component><Component ComponentId="StartRoutineMedium" id="nev23644505n3-nev30642055n1"><RoutineControl id="nev23644505n3-nev30642056n1"><Input Delay="500" EcuID="CEM" ErrorHandlingType="2" Retries="0" RoutineControlId="200C" RoutineControlParameterType="1" RoutineOptionRecord="02" id="nev23644505n3-nev30642057n1"/></RoutineControl></Component><Component ComponentId="RequestRoutineResults3" id="nev23644505n3-nev30642058n1"><RoutineControl id="nev23644505n3-nev30642059n1"><Input Delay="500" EcuID="CEM" ErrorHandlingType="2" Retries="0" RoutineControlId="200C" RoutineControlParameterType="3" RoutineOptionRecord="" id="nev23644505n3-nev30642060n1"/></RoutineControl></Component><Component ComponentId="GetParameter5" id="nev23644505n3-nev30642061n1"><GetParameter id="nev23644505n3-nev30642062n1"><Input ParameterID="1001647" ParameterList="{RequestRoutineResults3_Result Parameters}" id="nev23644505n3-nev30642063n1"/></GetParameter></Component><Component ComponentId="SetGuiElementContent8" id="nev23644505n3-nev30642064n1"><SetGuiElementContent id="nev23644505n3-nev30642065n1"><Input ElementId="ParameterLabel1" Text="{GetParameter5_Result}" id="nev23644505n3-nev30642066n1"/></SetGuiElementContent></Component><While LogicId="While4" id="nev23644505n3-nev30642067n1"><LogicStatement Expression="__Globals__.Varloop == 1" id="nev23644505n3-nev30642068n1"/><Component ComponentId="RequestResults3" id="nev23644505n3-nev30642069n1"><RoutineControl id="nev23644505n3-nev30642070n1"><Input Delay="500" EcuID="CEM" ErrorHandlingType="2" Retries="0" RoutineControlId="200C" RoutineControlParameterType="3" RoutineOptionRecord="" id="nev23644505n3-nev30642071n1"/></RoutineControl></Component><If Annotation="Check if Routine high is running" LogicId="If3" id="nev23644505n3-nev30642072n1"><LogicStatement Expression="RequestResults3_Result.Parameters[1].Raw == &#34;02&#34;" id="nev23644505n3-nev30642073n1"/><True id="nev23644505n3-nev30642074n1"/><Else id="nev23644505n3-nev30642075n1"><If Annotation="Another button pressed?" LogicId="If5" id="nev23644505n3-nev30642076n1"><LogicStatement Expression="__Globals__.Varhold == 1" id="nev23644505n3-nev30642077n1"/><True id="nev23644505n3-nev30642078n1"><Component ComponentId="Break1" id="nev23644505n3-nev30642079n1"><Break id="nev23644505n3-nev30642080n1"/></Component></True><Else id="nev23644505n3-nev30642081n1"><Component ComponentId="RestartControlRoutine2" id="nev23644505n3-nev30642082n1"><RoutineControl id="nev23644505n3-nev30642083n1"><Input Delay="500" EcuID="CEM" ErrorHandlingType="2" Retries="0" RoutineControlId="200C" RoutineControlParameterType="1" RoutineOptionRecord="02" id="nev23644505n3-nev30642084n1"/></RoutineControl></Component></Else></If></Else></If><Component ComponentId="CallModule1" id="nev23644505n3-nev30642085n1"><CallModule id="nev23644505n3-nev30642086n1"><Input Module="Diagnosticreadout" id="nev23644505n3-nev30642087n1"/></CallModule></Component></While><Component ComponentId="ReleaseHold2" id="nev23644505n3-nev30642088n1"><AssignValue id="nev23644505n3-nev30642089n1"><Input AssignTo="{__Globals__.Varloop}" Value="0" id="nev23644505n3-nev30642090n1"/></AssignValue></Component></Module><Module IsEventHandler="true" Name="High_Click" id="nev23644505n3-nev30642091n1"><Component ComponentId="HideHighButton1" id="nev23644505n3-nev30642092n1"><SetGuiElementEnabled id="nev23644505n3-nev30642093n1"><Input ElementId="High" IsEnabled="False" id="nev23644505n3-nev30642094n1"/></SetGuiElementEnabled></Component><Component ComponentId="HideMediumButton1" id="nev23644505n3-nev30642095n1"><SetGuiElementEnabled id="nev23644505n3-nev30642096n1"><Input ElementId="Medium" IsEnabled="False" id="nev23644505n3-nev30642097n1"/></SetGuiElementEnabled></Component><Component ComponentId="HideLowButton1" id="nev23644505n3-nev30642098n1"><SetGuiElementEnabled id="nev23644505n3-nev30642099n1"><Input ElementId="Low" IsEnabled="False" id="nev23644505n3-nev30642100n1"/></SetGuiElementEnabled></Component><Component Annotation="" ComponentId="HideDeactivateButton1" id="nev23644505n3-nev30642101n1"><SetGuiElementEnabled id="nev23644505n3-nev30642102n1"><Input ElementId="Deactivated" IsEnabled="False" id="nev23644505n3-nev30642103n1"/></SetGuiElementEnabled></Component><Component Annotation="" ComponentId="EnableHold" id="nev23644505n3-nev30642104n1"><AssignValue id="nev23644505n3-nev30642105n1"><Input AssignTo="{__Globals__.Varhold}" Value="1" id="nev23644505n3-nev30642106n1"/></AssignValue></Component><While LogicId="While6" id="nev23644505n3-nev30642107n1"><LogicStatement Expression="__Globals__.Varloop == 1" id="nev23644505n3-nev30642108n1"/><Component ComponentId="Sleep10" id="nev23644505n3-nev30642109n1"><Sleep id="nev23644505n3-nev30642110n1"><Input Timeout="1" id="nev23644505n3-nev30642111n1"/></Sleep></Component></While><Component ComponentId="EnableMediumButton" id="nev23644505n3-nev30642112n1"><SetGuiElementEnabled id="nev23644505n3-nev30642113n1"><Input ElementId="Medium" IsEnabled="True" id="nev23644505n3-nev30642114n1"/></SetGuiElementEnabled></Component><Component ComponentId="EnableLowButton" id="nev23644505n3-nev30642115n1"><SetGuiElementEnabled id="nev23644505n3-nev30642116n1"><Input ElementId="Low" IsEnabled="True" id="nev23644505n3-nev30642117n1"/></SetGuiElementEnabled></Component><Component ComponentId="EnableDeactivateButton" id="nev23644505n3-nev30642118n1"><SetGuiElementEnabled id="nev23644505n3-nev30642119n1"><Input ElementId="Deactivated" IsEnabled="True" id="nev23644505n3-nev30642120n1"/></SetGuiElementEnabled></Component><Component ComponentId="InitiateLoopHigh" id="nev23644505n3-nev30642121n1"><AssignValue id="nev23644505n3-nev30642122n1"><Input AssignTo="{__Globals__.Varloop}" Value="1" id="nev23644505n3-nev30642123n1"/></AssignValue></Component><Component ComponentId="ResetHoldHigh" id="nev23644505n3-nev30642124n1"><AssignValue id="nev23644505n3-nev30642125n1"><Input AssignTo="{__Globals__.Varhold}" Value="0" id="nev23644505n3-nev30642126n1"/></AssignValue></Component><Component ComponentId="StartRoutineHigh" id="nev23644505n3-nev30642127n1"><RoutineControl id="nev23644505n3-nev30642128n1"><Input Delay="500" EcuID="CEM" ErrorHandlingType="2" Retries="0" RoutineControlId="200C" RoutineControlParameterType="1" RoutineOptionRecord="03" id="nev23644505n3-nev30642129n1"/></RoutineControl></Component><Component Annotation="" ComponentId="RequestRoutineResults" id="nev23644505n3-nev30642130n1"><RoutineControl id="nev23644505n3-nev30642131n1"><Input Delay="500" EcuID="CEM" ErrorHandlingType="2" Retries="0" RoutineControlId="200C" RoutineControlParameterType="3" RoutineOptionRecord="" id="nev23644505n3-nev30642132n1"/></RoutineControl></Component><Component ComponentId="GetParameter3" id="nev23644505n3-nev30642133n1"><GetParameter id="nev23644505n3-nev30642134n1"><Input ParameterID="1001647" ParameterList="{RequestRoutineResults_Result Parameters}" id="nev23644505n3-nev30642135n1"/></GetParameter></Component><Component ComponentId="SetGuiElementContent4" id="nev23644505n3-nev30642136n1"><SetGuiElementContent id="nev23644505n3-nev30642137n1"><Input ElementId="ParameterLabel1" Text="{GetParameter3_Result}" id="nev23644505n3-nev30642138n1"/></SetGuiElementContent></Component><While LogicId="While3" id="nev23644505n3-nev30642139n1"><LogicStatement Expression="__Globals__.Varloop == 1" id="nev23644505n3-nev30642140n1"/><Component ComponentId="RequestRoutineResults2" id="nev23644505n3-nev30642141n1"><RoutineControl id="nev23644505n3-nev30642142n1"><Input Delay="500" EcuID="CEM" ErrorHandlingType="2" Retries="0" RoutineControlId="200C" RoutineControlParameterType="3" RoutineOptionRecord="" id="nev23644505n3-nev30642143n1"/></RoutineControl></Component><If Annotation="Check if Routine high is running" LogicId="If6" id="nev23644505n3-nev30642144n1"><LogicStatement Expression="RequestRoutineResults2_Result.Parameters[1].Raw == &#34;02&#34;" id="nev23644505n3-nev30642145n1"/><True id="nev23644505n3-nev30642146n1"/><Else id="nev23644505n3-nev30642147n1"><If Annotation="Another button pressed?" LogicId="If7" id="nev23644505n3-nev30642148n1"><LogicStatement Expression="__Globals__.Varhold == 1" id="nev23644505n3-nev30642149n1"/><True id="nev23644505n3-nev30642150n1"><Component ComponentId="Break2" id="nev23644505n3-nev30642151n1"><Break id="nev23644505n3-nev30642152n1"/></Component></True><Else id="nev23644505n3-nev30642153n1"><Component ComponentId="RestartControlRoutine" id="nev23644505n3-nev30642154n1"><RoutineControl id="nev23644505n3-nev30642155n1"><Input Delay="500" EcuID="CEM" ErrorHandlingType="2" Retries="0" RoutineControlId="200C" RoutineControlParameterType="1" RoutineOptionRecord="03" id="nev23644505n3-nev30642156n1"/></RoutineControl></Component></Else></If></Else></If><Component ComponentId="CallModule2" id="nev23644505n3-nev30642157n1"><CallModule id="nev23644505n3-nev30642158n1"><Input Module="Diagnosticreadout" id="nev23644505n3-nev30642159n1"/></CallModule></Component></While><Component ComponentId="ReleaseHold" id="nev23644505n3-nev30642160n1"><AssignValue id="nev23644505n3-nev30642161n1"><Input AssignTo="{__Globals__.Varloop}" Value="0" id="nev23644505n3-nev30642162n1"/></AssignValue></Component></Module><Module IsEventHandler="true" Name="Deactivated_Click" id="nev23644505n3-nev30642163n1"><Component ComponentId="SetGuiElementEnabled16" id="nev23644505n3-nev30642164n1"><SetGuiElementEnabled id="nev23644505n3-nev30642165n1"><Input ElementId="Deactivated" IsEnabled="False" id="nev23644505n3-nev30642166n1"/></SetGuiElementEnabled></Component><Component ComponentId="SetGuiElementEnabled62" id="nev23644505n3-nev30642167n1"><SetGuiElementEnabled id="nev23644505n3-nev30642168n1"><Input ElementId="High" IsEnabled="False" id="nev23644505n3-nev30642169n1"/></SetGuiElementEnabled></Component><Component ComponentId="SetGuiElementEnabled63" id="nev23644505n3-nev30642170n1"><SetGuiElementEnabled id="nev23644505n3-nev30642171n1"><Input ElementId="Medium" IsEnabled="False" id="nev23644505n3-nev30642172n1"/></SetGuiElementEnabled></Component><Component ComponentId="SetGuiElementEnabled64" id="nev23644505n3-nev30642173n1"><SetGuiElementEnabled id="nev23644505n3-nev30642174n1"><Input ElementId="Low" IsEnabled="False" id="nev23644505n3-nev30642175n1"/></SetGuiElementEnabled></Component><Component ComponentId="AssignValue18" id="nev23644505n3-nev30642176n1"><AssignValue id="nev23644505n3-nev30642177n1"><Input AssignTo="{__Globals__.Varhold}" Value="1" id="nev23644505n3-nev30642178n1"/></AssignValue></Component><While LogicId="While8" id="nev23644505n3-nev30642179n1"><LogicStatement Expression="__Globals__.Varloop == 1" id="nev23644505n3-nev30642180n1"/><Component ComponentId="Sleep13" id="nev23644505n3-nev30642181n1"><Sleep id="nev23644505n3-nev30642182n1"><Input Timeout="1" id="nev23644505n3-nev30642183n1"/></Sleep></Component></While><Component ComponentId="SetGuiElementEnabled65" id="nev23644505n3-nev30642184n1"><SetGuiElementEnabled id="nev23644505n3-nev30642185n1"><Input ElementId="High" IsEnabled="True" id="nev23644505n3-nev30642186n1"/></SetGuiElementEnabled></Component><Component ComponentId="SetGuiElementEnabled66" id="nev23644505n3-nev30642187n1"><SetGuiElementEnabled id="nev23644505n3-nev30642188n1"><Input ElementId="Medium" IsEnabled="True" id="nev23644505n3-nev30642189n1"/></SetGuiElementEnabled></Component><Component ComponentId="SetGuiElementEnabled67" id="nev23644505n3-nev30642190n1"><SetGuiElementEnabled id="nev23644505n3-nev30642191n1"><Input ElementId="Low" IsEnabled="True" id="nev23644505n3-nev30642192n1"/></SetGuiElementEnabled></Component><Component ComponentId="AssignValue19" id="nev23644505n3-nev30642193n1"><AssignValue id="nev23644505n3-nev30642194n1"><Input AssignTo="{__Globals__.Varloop}" Value="1" id="nev23644505n3-nev30642195n1"/></AssignValue></Component><Component ComponentId="AssignValue20" id="nev23644505n3-nev30642196n1"><AssignValue id="nev23644505n3-nev30642197n1"><Input AssignTo="{__Globals__.Varhold}" Value="0" id="nev23644505n3-nev30642198n1"/></AssignValue></Component><Component Annotation="" ComponentId="RoutineControl2" id="nev23644505n3-nev30642199n1"><RoutineControl id="nev23644505n3-nev30642200n1"><Input Delay="500" EcuID="CEM" ErrorHandlingType="2" Retries="0" RoutineControlId="200C" RoutineControlParameterType="1" RoutineOptionRecord="00" id="nev23644505n3-nev30642201n1"/></RoutineControl></Component><While Annotation="" LogicId="While2" id="nev23644505n3-nev30642202n1"><LogicStatement Expression="__Globals__.Varloop == 1" id="nev23644505n3-nev30642203n1"/><Component ComponentId="RoutineControl8" id="nev23644505n3-nev30642204n1"><RoutineControl id="nev23644505n3-nev30642205n1"><Input Delay="500" EcuID="CEM" ErrorHandlingType="2" Retries="0" RoutineControlId="200C" RoutineControlParameterType="3" RoutineOptionRecord="" id="nev23644505n3-nev30642206n1"/></RoutineControl></Component><If LogicId="If1" id="nev23644505n3-nev30642207n1"><LogicStatement Expression="RoutineControl8_Result.Parameters[1].Raw == &#34;02&#34;" id="nev23644505n3-nev30642208n1"/><True id="nev23644505n3-nev30642209n1"/><Else id="nev23644505n3-nev30642210n1"><Component Annotation="" ComponentId="AssignValue1" id="nev23644505n3-nev30642211n1"><AssignValue id="nev23644505n3-nev30642212n1"><Input AssignTo="{__Globals__.Varloop}" Value="0" id="nev23644505n3-nev30642213n1"/></AssignValue></Component></Else></If><Component ComponentId="GetParameter4" id="nev23644505n3-nev30642214n1"><GetParameter id="nev23644505n3-nev30642215n1"><Input ParameterID="1001647" ParameterList="{RoutineControl8_Result Parameters}" id="nev23644505n3-nev30642216n1"/></GetParameter></Component><Component ComponentId="SetGuiElementContent5" id="nev23644505n3-nev30642217n1"><SetGuiElementContent id="nev23644505n3-nev30642218n1"><Input ElementId="ParameterLabel1" Text="{GetParameter4_Result}" id="nev23644505n3-nev30642219n1"/></SetGuiElementContent></Component></While><Component ComponentId="AssignValue2" id="nev23644505n3-nev30642220n1"><AssignValue id="nev23644505n3-nev30642221n1"><Input AssignTo="{__Globals__.Varloop}" Value="0" id="nev23644505n3-nev30642222n1"/></AssignValue></Component></Module><Module IsEventHandler="false" Name="Diagnosticreadout" id="nev23644505n3-nev30642223n1"><Component ComponentId="ReadParameter2" id="nev23644505n3-nev30642224n1"><ReadParameter id="nev23644505n3-nev30642225n1"><Input DID="42E6" Delay="500" EcuID="CEM" ErrorHandlingType="2" ParameterID="1137399" Retries="0" id="nev23644505n3-nev30642226n1"/></ReadParameter></Component><Component ComponentId="SetGuiElementContent10" id="nev23644505n3-nev30642227n1"><SetGuiElementContent id="nev23644505n3-nev30642228n1"><Input ElementId="ParameterLabel2" Text="{ReadParameter2_Result Parameter}" id="nev23644505n3-nev30642229n1"/></SetGuiElementContent></Component></Module><ScriptGui Id="Main" id="nev23644505n3-nev30642230n1"><GuiComponent ComponentId="Main" id="nev23644505n3-nev30642231n1"><Dialog Position="0,0" Size="600,415" id="nev23644505n3-nev30642232n1"/><GuiComponent ComponentId="ParameterLabel2" id="nev23644505n3-nev30642233n1"><ParameterLabel Position="5,295" Size="590,75" id="nev23644505n3-nev30642234n1"><Input Text="" Visible="True" id="nev23644505n3-nev30642235n1"/></ParameterLabel></GuiComponent><GuiComponent ComponentId="ParameterLabel1" id="nev23644505n3-nev30642236n1"><ParameterLabel Position="5,190" Size="425,75" id="nev23644505n3-nev30642237n1"><Input Text="" Visible="True" id="nev23644505n3-nev30642238n1"/></ParameterLabel></GuiComponent><GuiComponent ComponentId="Deactivated" id="nev23644505n3-nev30642239n1"><Button Position="440,260" Size="155,25" id="nev23644505n3-nev30642240n1"><Input ClickEventHandler="Deactivated_Click" IsEnabled="true" Visible="true" id="nev23644505n3-nev30642241n1"><Value Type="NevisPhraseVariable" id="nev23644505n3-nev30642242n1"><phrase category="DTC Failure SubType" id="nev23644505n3-nev30642243n1" phrase-urn="urn:x-nevis:phrase:0800c8af8223cc52">Deactivated</phrase></Value></Input></Button></GuiComponent><GuiComponent ComponentId="High" id="nev23644505n3-nev30642244n1"><Button Position="440,230" Size="155,25" id="nev23644505n3-nev30642245n1"><Input ClickEventHandler="High_Click" IsEnabled="true" Visible="true" id="nev23644505n3-nev30642246n1"><Value Type="NevisPhraseVariable" id="nev23644505n3-nev30642247n1"><phrase category="Title" id="nev23644505n3-nev30642248n1" phrase-urn="urn:x-nevis:phrase:0800c8af86db09b5">High heat</phrase></Value></Input></Button></GuiComponent><GuiComponent ComponentId="Medium" id="nev23644505n3-nev30642249n1"><Button Position="440,200" Size="155,25" id="nev23644505n3-nev30642250n1"><Input ClickEventHandler="Medium_Click" IsEnabled="true" Visible="true" id="nev23644505n3-nev30642251n1"><Value Type="NevisPhraseVariable" id="nev23644505n3-nev30642252n1"><phrase category="Title" id="nev23644505n3-nev30642253n1" phrase-urn="urn:x-nevis:phrase:0800c8af86db09b4">Medium heat</phrase></Value></Input></Button></GuiComponent><GuiComponent ComponentId="Low" id="nev23644505n3-nev30642254n1"><Button Position="440,170" Size="155,25" id="nev23644505n3-nev30642255n1"><Input ClickEventHandler="Low_Click" IsEnabled="true" Visible="true" id="nev23644505n3-nev30642256n1"><Value Type="NevisPhraseVariable" id="nev23644505n3-nev30642257n1"><phrase category="Title" id="nev23644505n3-nev30642258n1" phrase-urn="urn:x-nevis:phrase:0800c8af86db09b2">Low heat</phrase></Value></Input></Button></GuiComponent><GuiComponent ComponentId="InfoDisplay1" id="nev23644505n3-nev30642259n1"><InfoDisplay Position="5,5.00000000000001" Size="590,155" id="nev23644505n3-nev30642260n1"><Input Visible="True" id="nev23644505n3-nev30642261n1"/></InfoDisplay></GuiComponent></GuiComponent></ScriptGui></SpaScript></content></script>