<?xml version="1.0" encoding="UTF-8"?><servinfosub IE-ID="en-US0900c8af885b1614" docno="VCC-477958" id="nev22486575n1" original="sv-SE" servinfosubId="nev22486576n1-nev22486575n4" servinfosubRes="0900c8af885b163f" servinfosubRes2="urn:x-nevis:fragment:0900c8af885b1614:0900c8af885b163f#nev22486575n4" xml:lang="en-US">
<operationnumbers>
<operationnumber>85325-3</operationnumber>
<operationnumber>85304-2</operationnumber>
<operationnumber>85303-2</operationnumber>
<operationnumber>85324-2</operationnumber>
</operationnumbers>
<title id="nev22486575n2">Seat, third row</title>
<materialtable id="nev22486576n1-nev30934798n18">
<table id="nev22486576n1-nev30934798n17">
<tgroup cols="2" id="nev22486576n1-nev30934798n16">
<colspec colname="COLSPEC0" colwidth="1.00*" id="nev22486576n1-nev30934798n15"/>
<colspec colname="COLSPEC1" colwidth="1.00*" id="nev22486576n1-nev30934798n14"/>
<thead id="nev22486576n1-nev30934798n13">
<row id="nev22486576n1-nev30934798n12">
<entry id="nev22486576n1-nev30934798n11" nameend="COLSPEC1" namest="COLSPEC0" valign="top">
<ptxt id="nev22486576n1-nev30934798n10">
<emph id="nev22486576n1-nev30934798n9">Materials</emph>
</ptxt>
</entry>
</row>
</thead>
<tbody id="nev22486576n1-nev30934798n8">
<row id="nev22486576n1-nev30934798n7">
<entry id="nev22486576n1-nev30934798n6">
<ptxt id="nev22486576n1-nev30934798n5">
<emph id="nev22486576n1-nev30934798n4">Designation</emph>
</ptxt>
</entry>
<entry id="nev22486576n1-nev30934798n3">
<ptxt id="nev22486576n1-nev30934798n2">
<emph id="nev22486576n1-nev30934798n1">Part number</emph>
</ptxt>
</entry>
</row>
<row id="nev22486576n1-nev30934799n100">
<entry id="nev22486576n1-nev30934799n99">
<ptxt id="nev22486576n1-nev30934799n98">Blind rivet</ptxt>
</entry>
<entry id="nev22486576n1-nev30934799n96">
<ptxt id="nev22486576n1-nev30934799n95">30622760</ptxt>
</entry>
</row>
</tbody>
</tgroup>
</table>
</materialtable>
<procedure id="nev22486576n1-nev22779903n7">
<stepgrp boilerplate="false" context="" id="nev22486576n1-nev30934783n73">
<title id="nev22486576n1-0800c8af844a46f6">Removal</title>
<procstep id="nev22486576n1-nev23992273n97">
<grate id="nev22486576n1-nev30934783n71">
<graphic id="nev22486576n1-nev30934783n72">
<href>0900c8af86b4b4e#@#@#9#.jpeg</href>
</graphic>
<graphtext id="nev22486576n1-nev30934807n1">
<note id="nev22486576n1-0800c8af85b47f49">
<ptxt>Orientation view</ptxt>
</note>
</graphtext>
</grate>
</procstep>
<procstep id="nev22486576n1-nev23992273n93">
<para id="nev22486576n1-nev30934783n69">
<ptxt id="nev22486576n1-nev30934783n70">Remove side pan#@#@#15#tment<xref boilerplate="true" id="nev22486576n1-0800c8af844e77f6">
<ref id="nev22486576n1-nev22790879n79"/>
</xref>
</ptxt>
</para>
</procstep>
<procstep id="nev22486576n1-nev23992273n89">
<grate id="nev22486576n1-nev30934783n67">
<graphic id="nev22486576n1-nev30934783n68">
<href>0900c8af86b4d48#@#@#9#.jpeg</href>
</graphic>
<graphtext id="nev22486576n1-nev30934814n1">
<para id="nev22486576n1-nev30934783n65">
<ptxt id="nev22486576n1-nev30934783n66">Remove the mark#@#@#3#part.</ptxt>
</para>
</graphtext>
</grate>
</procstep>
<procstep id="nev22486576n1-nev23992273n84">
<grate id="nev22486576n1-nev30934783n63">
<graphic id="nev22486576n1-nev30934783n64">
<href>0900c8af86b48e2#@#@#9#.jpeg</href>
</graphic>
<graphtext id="nev22486576n1-nev30934818n1">
<para id="nev22486576n1-nev30934783n61">
<ptxt id="nev22486576n1-nev30934783n62">Remove the screws.</ptxt>
</para>
<para id="nev22486576n1-nev30934783n59">
<ptxt id="nev22486576n1-nev30934783n60">Remove the mark#@#@#3#part.</ptxt>
</para>
<para id="nev22486576n1-nev30934783n57">
<ptxt id="nev22486576n1-nev30934783n58">
<torque id="nev22486576n1-nev23996284n32">
<ref id="nev22486576n1-nev22792186n15"/>
</torque>
</ptxt>
</para>
</graphtext>
</grate>
</procstep>
<procstep id="nev22486576n1-nev23992273n74">
<grate id="nev22486576n1-nev30934783n55">
<graphic id="nev22486576n1-nev30934783n56">
<href>0900c8af86b6393#@#@#9#.jpeg</href>
</graphic>
<graphtext id="nev22486576n1-nev30934825n1">
<para id="nev22486576n1-nev30934783n53">
<ptxt id="nev22486576n1-nev30934783n54">Remove the mark#@#@#3#part.</ptxt>
</para>
</graphtext>
</grate>
</procstep>
<procstep id="nev22486576n1-nev23992273n69">
<grate id="nev22486576n1-nev30934783n51">
<graphic id="nev22486576n1-nev30934783n52">
<href>0900c8af86b48ee#@#@#9#.jpeg</href>
</graphic>
<graphtext id="nev22486576n1-nev30934829n1">
<para id="nev22486576n1-nev30934783n49">
<ptxt id="nev22486576n1-nev30934783n50">Loosen the mark#@#@#13#ails.</ptxt>
</para>
</graphtext>
</grate>
</procstep>
<procstep id="nev22486576n1-nev23992273n64">
<grate id="nev22486576n1-nev30934783n47">
<graphic id="nev22486576n1-nev30934783n48">
<href>0900c8af86b48ee#@#@#9#.jpeg</href>
</graphic>
<graphtext id="nev22486576n1-nev30934833n1">
<para id="nev22486576n1-nev30934783n45">
<ptxt id="nev22486576n1-nev30934783n46">Loosen the mark#@#@#13#ails.</ptxt>
</para>
</graphtext>
</grate>
</procstep>
<procstep id="nev22486576n1-nev23992273n59">
<grate id="nev22486576n1-nev30934783n43">
<graphic id="nev22486576n1-nev30934783n44">
<href>0900c8af86b4b4e#@#@#9#.jpeg</href>
</graphic>
<graphtext id="nev22486576n1-nev30934837n1">
<para id="nev22486576n1-nev30934783n41">
<ptxt id="nev22486576n1-nev30934783n42">Loosen the mark#@#@#13#ails.</ptxt>
</para>
</graphtext>
</grate>
</procstep>
<procstep id="nev22486576n1-nev23992273n54">
<grate id="nev22486576n1-nev30934783n39">
<graphic id="nev22486576n1-nev30934783n40">
<href>0900c8af86b48ee#@#@#9#.jpeg</href>
</graphic>
<graphtext id="nev22486576n1-nev30934841n1">
<para id="nev22486576n1-nev30934783n37">
<ptxt id="nev22486576n1-nev30934783n38">Loosen the mark#@#@#13#ails.</ptxt>
</para>
</graphtext>
</grate>
</procstep>
<procstep id="nev22486576n1-nev23992273n49">
<grate id="nev22486576n1-nev30934783n35">
<graphic id="nev22486576n1-nev30934783n36">
<href>0900c8af86b48ee#@#@#9#.jpeg</href>
</graphic>
<graphtext id="nev22486576n1-nev30934845n1">
<para id="nev22486576n1-nev30934783n33">
<ptxt id="nev22486576n1-nev30934783n34">Lift the marked#@#@#8#nt up</ptxt>
</para>
</graphtext>
</grate>
</procstep>
<procstep id="nev22486576n1-nev23992273n44">
<grate id="nev22486576n1-nev30934783n31">
<graphic id="nev22486576n1-nev30934783n32">
<href>0900c8af86b71ad#@#@#9#.jpeg</href>
</graphic>
<graphtext id="nev22486576n1-nev30934849n1">
<para id="nev22486576n1-nev30934783n29">
<ptxt id="nev22486576n1-nev30934783n30">Remove the clip.</ptxt>
</para>
</graphtext>
</grate>
</procstep>
<procstep id="nev22486576n1-nev23992273n39">
<grate id="nev22486576n1-nev30934783n27">
<graphic id="nev22486576n1-nev30934783n28">
<href>0900c8af86b48ef#@#@#9#.jpeg</href>
</graphic>
<graphtext id="nev22486576n1-nev30934853n1">
<note id="nev22486576n1-0800c8af85df4c6e">
<ptxt>The graphic sho#@#@#39#oval.</ptxt>
</note>
</graphtext>
</grate>
</procstep>
<procstep id="nev22486576n1-nev23992273n35">
<grate id="nev22486576n1-nev30934783n25">
<graphic id="nev22486576n1-nev30934783n26">
<href>0900c8af86b48ef#@#@#9#.jpeg</href>
</graphic>
<graphtext id="nev22486576n1-nev30934857n1">
<para id="nev22486576n1-nev30934783n23">
<ptxt id="nev22486576n1-nev30934783n24">Remove the mark#@#@#3#part.</ptxt>
</para>
</graphtext>
</grate>
</procstep>
<procstep id="nev22486576n1-nev23992273n30">
<grate id="nev22486576n1-nev30934783n21">
<graphic id="nev22486576n1-nev30934783n22">
<href>0900c8af86b71ad#@#@#9#.jpeg</href>
</graphic>
<graphtext id="nev22486576n1-nev30934861n1">
<para id="nev22486576n1-nev30934783n19">
<ptxt id="nev22486576n1-nev30934783n20">Remove the nut.</ptxt>
</para>
<para id="nev22486576n1-nev30934783n17">
<ptxt id="nev22486576n1-nev30934783n18">
<torque id="nev22486576n1-nev23996513n90">
<ref id="nev22486576n1-nev22811889n52"/>
</torque>
</ptxt>
</para>
</graphtext>
</grate>
</procstep>
<procstep id="nev22486576n1-nev23992273n22">
<grate id="nev22486576n1-nev30934783n15">
<graphic id="nev22486576n1-nev30934783n16">
<href>0900c8af86b48ef#@#@#9#.jpeg</href>
</graphic>
<graphtext id="nev22486576n1-nev30934868n1">
<para id="nev22486576n1-nev30934783n13">
<ptxt id="nev22486576n1-nev30934783n14">Remove the mark#@#@#3#part.</ptxt>
</para>
</graphtext>
</grate>
</procstep>
<procstep id="nev22486576n1-nev23992273n17">
<grate id="nev22486576n1-nev30934783n11">
<graphic id="nev22486576n1-nev30934783n12">
<href>0900c8af86b4b4e#@#@#9#.jpeg</href>
</graphic>
<graphtext id="nev22486576n1-nev30934872n1">
<caution id="nev22486576n1-0800c8af8456c459">
<ptxt>The number of c#@#@#76#tion.</ptxt>
</caution>
<para id="nev22486576n1-nev30934783n9">
<ptxt id="nev22486576n1-nev30934783n10">Disconnect the #@#@#6#tors.</ptxt>
</para>
<para id="nev22486576n1-nev30934783n7">
<ptxt id="nev22486576n1-nev30934783n8">Remove the cabl#@#@#11#lips.</ptxt>
</para>
</graphtext>
</grate>
</procstep>
<procstep id="nev22486576n1-nev23992273n9">
<grate id="nev22486576n1-nev30934783n5">
<graphic id="nev22486576n1-nev30934783n6">
<href>0900c8af86b48ef#@#@#9#.jpeg</href>
</graphic>
<graphtext id="nev22486576n1-nev30934876n1">
<note id="nev22486576n1-0800c8af85df4c6e">
<ptxt>The graphic sho#@#@#39#oval.</ptxt>
</note>
</graphtext>
</grate>
</procstep>
<procstep id="nev22486576n1-nev23992273n5">
<grate id="nev22486576n1-nev30934783n3">
<graphic id="nev22486576n1-nev30934783n4">
<href>0900c8af86b48ef#@#@#9#.jpeg</href>
</graphic>
<graphtext id="nev22486576n1-nev30934880n1">
<para id="nev22486576n1-nev30934783n1">
<ptxt id="nev22486576n1-nev30934783n2">Remove the mark#@#@#3#part.</ptxt>
</para>
</graphtext>
</grate>
</procstep>
<procstep id="nev22486576n1-nev23992274n100">
<grate id="nev22486576n1-nev30934796n99">
<graphic id="nev22486576n1-nev30934796n100">
<href>0900c8af86b71ad#@#@#9#.jpeg</href>
</graphic>
<graphtext id="nev22486576n1-nev30934884n1">
<para id="nev22486576n1-nev30934796n97">
<ptxt id="nev22486576n1-nev30934796n98">Remove the screws.</ptxt>
</para>
<para id="nev22486576n1-nev30934796n95">
<ptxt id="nev22486576n1-nev30934796n96">
<torque id="nev22486576n1-nev23996513n65">
<ref id="nev22486576n1-nev22818127n24"/>
</torque>
</ptxt>
</para>
</graphtext>
</grate>
</procstep>
<procstep id="nev22486576n1-nev23992274n92">
<grate id="nev22486576n1-nev30934796n93">
<graphic id="nev22486576n1-nev30934796n94">
<href>0900c8af86b48ef#@#@#9#.jpeg</href>
</graphic>
<graphtext id="nev22486576n1-nev30934891n1">
<para id="nev22486576n1-nev30934796n91">
<ptxt id="nev22486576n1-nev30934796n92">Remove the screw.</ptxt>
</para>
<para id="nev22486576n1-nev30934796n89">
<ptxt id="nev22486576n1-nev30934796n90">Remove the mark#@#@#3#part.</ptxt>
</para>
<para id="nev22486576n1-nev30934796n87">
<ptxt id="nev22486576n1-nev30934796n88">
<torque id="nev22486576n1-nev23996513n56">
<ref id="nev22486576n1-nev22818127n16"/>
</torque>
</ptxt>
</para>
</graphtext>
</grate>
</procstep>
<procstep id="nev22486576n1-nev23992274n82">
<grate id="nev22486576n1-nev30934796n85">
<graphic id="nev22486576n1-nev30934796n86">
<href>0900c8af86b71ad#@#@#9#.jpeg</href>
</graphic>
<graphtext id="nev22486576n1-nev30934898n1">
<para id="nev22486576n1-nev30934796n83">
<ptxt id="nev22486576n1-nev30934796n84">Remove the nut.</ptxt>
</para>
<para id="nev22486576n1-nev30934796n81">
<ptxt id="nev22486576n1-nev30934796n82">
<torque id="nev22486576n1-nev23996513n49">
<ref id="nev22486576n1-nev22811889n18"/>
</torque>
</ptxt>
</para>
</graphtext>
</grate>
</procstep>
<procstep id="nev22486576n1-nev23992274n74">
<grate id="nev22486576n1-nev30934796n79">
<graphic id="nev22486576n1-nev30934796n80">
<href>0900c8af86b71ae#@#@#9#.jpeg</href>
</graphic>
<graphtext id="nev22486576n1-nev30934905n1">
<para id="nev22486576n1-nev30934796n77">
<ptxt id="nev22486576n1-nev30934796n78">Remove the screw.</ptxt>
</para>
<para id="nev22486576n1-nev30934796n75">
<ptxt id="nev22486576n1-nev30934796n76">
<torque id="nev22486576n1-nev23996513n42">
<ref id="nev22486576n1-nev22818128n100"/>
</torque>
</ptxt>
</para>
</graphtext>
</grate>
</procstep>
<procstep id="nev22486576n1-nev23992274n66">
<grate id="nev22486576n1-nev30934796n73">
<graphic id="nev22486576n1-nev30934796n74">
<href>0900c8af86b4cee#@#@#9#.jpeg</href>
</graphic>
<graphtext id="nev22486576n1-nev30934912n1">
<note id="nev22486576n1-0800c8af844a432f">
<ptxt>This step requi#@#@#29#cian.</ptxt>
</note>
<para id="nev22486576n1-nev30934796n71">
<ptxt id="nev22486576n1-nev30934796n72">Remove the mark#@#@#3#part.</ptxt>
</para>
</graphtext>
</grate>
</procstep>
<procstep id="nev22486576n1-nev23992274n60">
<grate id="nev22486576n1-nev30934796n69">
<graphic id="nev22486576n1-nev30934796n70">
<href>0900c8af86b4b4e#@#@#9#.jpeg</href>
</graphic>
<graphtext id="nev22486576n1-nev30934916n1">
<note id="nev22486576n1-0800c8af85b47f49">
<ptxt>Orientation view</ptxt>
</note>
</graphtext>
</grate>
</procstep>
<procstep id="nev22486576n1-nev23992274n56">
<para id="nev22486576n1-nev30934796n67">
<ptxt id="nev22486576n1-nev30934796n68">Remove side pan#@#@#15#tment<xref boilerplate="true" id="nev22486576n1-0800c8af844e77f6">
<ref id="nev22486576n1-nev22790882n84"/>
</xref>
</ptxt>
</para>
</procstep>
<procstep id="nev22486576n1-nev23992274n52">
<grate id="nev22486576n1-nev30934796n65">
<graphic id="nev22486576n1-nev30934796n66">
<href>0900c8af86b48e2#@#@#9#.jpeg</href>
</graphic>
<graphtext id="nev22486576n1-nev30934923n1">
<para id="nev22486576n1-nev30934796n63">
<ptxt id="nev22486576n1-nev30934796n64">Remove the mark#@#@#3#part.</ptxt>
</para>
</graphtext>
</grate>
</procstep>
<procstep id="nev22486576n1-nev23992274n47">
<grate id="nev22486576n1-nev30934796n61">
<graphic id="nev22486576n1-nev30934796n62">
<href>0900c8af86b48e2#@#@#9#.jpeg</href>
</graphic>
<graphtext id="nev22486576n1-nev30934927n1">
<para id="nev22486576n1-nev30934796n59">
<ptxt id="nev22486576n1-nev30934796n60">Remove the screws.</ptxt>
</para>
<para id="nev22486576n1-nev30934796n57">
<ptxt id="nev22486576n1-nev30934796n58">Remove the mark#@#@#3#part.</ptxt>
</para>
<para id="nev22486576n1-nev30934796n55">
<ptxt id="nev22486576n1-nev30934796n56">
<torque id="nev22486576n1-nev23996513n18">
<ref id="nev22486576n1-nev22795804n22"/>
</torque>
</ptxt>
</para>
</graphtext>
</grate>
</procstep>
<procstep id="nev22486576n1-nev23992274n37">
<grate id="nev22486576n1-nev30934796n53">
<graphic id="nev22486576n1-nev30934796n54">
<href>0900c8af86b48ee#@#@#9#.jpeg</href>
</graphic>
<graphtext id="nev22486576n1-nev30934934n1">
<note id="nev22486576n1-0800c8af85df4c6e">
<ptxt>The graphic sho#@#@#39#oval.</ptxt>
</note>
</graphtext>
</grate>
</procstep>
<procstep id="nev22486576n1-nev23992274n33">
<grate id="nev22486576n1-nev30934796n51">
<graphic id="nev22486576n1-nev30934796n52">
<href>0900c8af86b4cee#@#@#9#.jpeg</href>
</graphic>
<graphtext id="nev22486576n1-nev30934938n1">
<para id="nev22486576n1-nev30934796n49">
<ptxt id="nev22486576n1-nev30934796n50">Loosen the screws.</ptxt>
</para>
<para id="nev22486576n1-nev30934796n47">
<ptxt id="nev22486576n1-nev30934796n48">Remove the mark#@#@#3#part.</ptxt>
</para>
<para id="nev22486576n1-nev30934796n45">
<ptxt id="nev22486576n1-nev30934796n46">
<torque id="nev22486576n1-nev23996513n6">
<ref id="nev22486576n1-nev22791082n80"/>
</torque>
</ptxt>
</para>
</graphtext>
</grate>
</procstep>
<procstep id="nev22486576n1-nev23992274n23">
<grate id="nev22486576n1-nev30934796n43">
<graphic id="nev22486576n1-nev30934796n44">
<href>0900c8af86b71ba#@#@#9#.jpeg</href>
</graphic>
<graphtext id="nev22486576n1-nev30934945n1">
<para id="nev22486576n1-nev30934796n41">
<ptxt id="nev22486576n1-nev30934796n42">Disconnect the #@#@#5#ctor.</ptxt>
</para>
</graphtext>
</grate>
</procstep>
<procstep id="nev22486576n1-nev23992274n18">
<grate id="nev22486576n1-nev30934796n39">
<graphic id="nev22486576n1-nev30934796n40">
<href>0900c8af86b48ee#@#@#9#.jpeg</href>
</graphic>
<graphtext id="nev22486576n1-nev30934949n1">
<para id="nev22486576n1-nev30934796n37">
<ptxt id="nev22486576n1-nev30934796n38">Remove the screws.</ptxt>
</para>
<para id="nev22486576n1-nev30934796n35">
<ptxt id="nev22486576n1-nev30934796n36">Remove the mark#@#@#3#part.</ptxt>
</para>
<para id="nev22486576n1-nev30934796n33">
<ptxt id="nev22486576n1-nev30934796n34">
<torque id="nev22486576n1-nev23996514n93">
<ref id="nev22486576n1-nev22792225n15"/>
</torque>
</ptxt>
</para>
</graphtext>
</grate>
</procstep>
<procstep id="nev22486576n1-nev23992274n8">
<grate id="nev22486576n1-nev30934796n31">
<graphic id="nev22486576n1-nev30934796n32">
<href>0900c8af86b6393#@#@#9#.jpeg</href>
</graphic>
<graphtext id="nev22486576n1-nev30934956n1">
<para id="nev22486576n1-nev30934796n29">
<ptxt id="nev22486576n1-nev30934796n30">Remove the mark#@#@#3#part.</ptxt>
</para>
</graphtext>
</grate>
</procstep>
<procstep id="nev22486576n1-nev23992274n3">
<grate id="nev22486576n1-nev30934796n27">
<graphic id="nev22486576n1-nev30934796n28">
<href>0900c8af86b48ee#@#@#9#.jpeg</href>
</graphic>
<graphtext id="nev22486576n1-nev30934960n1">
<para id="nev22486576n1-nev30934796n25">
<ptxt id="nev22486576n1-nev30934796n26">Loosen the mark#@#@#13#ails.</ptxt>
</para>
</graphtext>
</grate>
</procstep>
<procstep id="nev22486576n1-nev23992275n98">
<grate id="nev22486576n1-nev30934796n23">
<graphic id="nev22486576n1-nev30934796n24">
<href>0900c8af86b48ee#@#@#9#.jpeg</href>
</graphic>
<graphtext id="nev22486576n1-nev30934964n1">
<para id="nev22486576n1-nev30934796n21">
<ptxt id="nev22486576n1-nev30934796n22">Loosen the mark#@#@#13#ails.</ptxt>
</para>
</graphtext>
</grate>
</procstep>
<procstep id="nev22486576n1-nev23992275n93">
<grate id="nev22486576n1-nev30934796n19">
<graphic id="nev22486576n1-nev30934796n20">
<href>0900c8af86b4b4e#@#@#9#.jpeg</href>
</graphic>
<graphtext id="nev22486576n1-nev30934968n1">
<para id="nev22486576n1-nev30934796n17">
<ptxt id="nev22486576n1-nev30934796n18">Loosen the mark#@#@#13#ails.</ptxt>
</para>
</graphtext>
</grate>
</procstep>
<procstep id="nev22486576n1-nev23992275n88">
<grate id="nev22486576n1-nev30934796n15">
<graphic id="nev22486576n1-nev30934796n16">
<href>0900c8af86b48ee#@#@#9#.jpeg</href>
</graphic>
<graphtext id="nev22486576n1-nev30934972n1">
<para id="nev22486576n1-nev30934796n13">
<ptxt id="nev22486576n1-nev30934796n14">On both sides.</ptxt>
</para>
<para id="nev22486576n1-nev30934796n11">
<ptxt id="nev22486576n1-nev30934796n12">Loosen the mark#@#@#13#ails.</ptxt>
</para>
</graphtext>
</grate>
</procstep>
<procstep id="nev22486576n1-nev23992275n81">
<grate id="nev22486576n1-nev30934796n9">
<graphic id="nev22486576n1-nev30934796n10">
<href>0900c8af86b48ee#@#@#9#.jpeg</href>
</graphic>
<graphtext id="nev22486576n1-nev30934976n1">
<para id="nev22486576n1-nev30934796n7">
<ptxt id="nev22486576n1-nev30934796n8">Lift the marked#@#@#8#nt up</ptxt>
</para>
</graphtext>
</grate>
</procstep>
<procstep id="nev22486576n1-nev23992275n76">
<grate id="nev22486576n1-nev30934796n5">
<graphic id="nev22486576n1-nev30934796n6">
<href>0900c8af86b71ad#@#@#9#.jpeg</href>
</graphic>
<graphtext id="nev22486576n1-nev30934980n1">
<para id="nev22486576n1-nev30934796n3">
<ptxt id="nev22486576n1-nev30934796n4">Loosen the clip.</ptxt>
</para>
</graphtext>
</grate>
</procstep>
<procstep id="nev22486576n1-nev23992275n71">
<grate id="nev22486576n1-nev30934796n1">
<graphic id="nev22486576n1-nev30934796n2">
<href>0900c8af86b48ef#@#@#9#.jpeg</href>
</graphic>
<graphtext id="nev22486576n1-nev30934984n1">
<note id="nev22486576n1-0800c8af85df4c6e">
<ptxt>The graphic sho#@#@#39#oval.</ptxt>
</note>
</graphtext>
</grate>
</procstep>
<procstep id="nev22486576n1-nev23992275n67">
<grate id="nev22486576n1-nev30934797n99">
<graphic id="nev22486576n1-nev30934797n100">
<href>0900c8af86b48ef#@#@#9#.jpeg</href>
</graphic>
<graphtext id="nev22486576n1-nev30934988n1">
<para id="nev22486576n1-nev30934797n97">
<ptxt id="nev22486576n1-nev30934797n98">Remove the mark#@#@#3#part.</ptxt>
</para>
</graphtext>
</grate>
</procstep>
<procstep id="nev22486576n1-nev23992275n62">
<grate id="nev22486576n1-nev30934797n95">
<graphic id="nev22486576n1-nev30934797n96">
<href>0900c8af86b71ad#@#@#9#.jpeg</href>
</graphic>
<graphtext id="nev22486576n1-nev30934992n1">
<para id="nev22486576n1-nev30934797n93">
<ptxt id="nev22486576n1-nev30934797n94">Remove the nut.</ptxt>
</para>
<para id="nev22486576n1-nev30934797n91">
<ptxt id="nev22486576n1-nev30934797n92">
<torque id="nev22486576n1-nev23996514n49">
<ref id="nev22486576n1-nev22811890n28"/>
</torque>
</ptxt>
</para>
</graphtext>
</grate>
</procstep>
<procstep id="nev22486576n1-nev23992275n54">
<grate id="nev22486576n1-nev30934797n89">
<graphic id="nev22486576n1-nev30934797n90">
<href>0900c8af86b48ef#@#@#9#.jpeg</href>
</graphic>
<graphtext id="nev22486576n1-nev30934999n1">
<para id="nev22486576n1-nev30934797n87">
<ptxt id="nev22486576n1-nev30934797n88">Remove the mark#@#@#3#part.</ptxt>
</para>
</graphtext>
</grate>
</procstep>
<procstep id="nev22486576n1-nev23992275n49">
<grate id="nev22486576n1-nev30934797n85">
<graphic id="nev22486576n1-nev30934797n86">
<href>0900c8af86b48ef#@#@#9#.jpeg</href>
</graphic>
<graphtext id="nev22486576n1-nev30935003n1">
<caution id="nev22486576n1-0800c8af8456c459">
<ptxt>The number of c#@#@#76#tion.</ptxt>
</caution>
<para id="nev22486576n1-nev30934797n83">
<ptxt id="nev22486576n1-nev30934797n84">Disconnect the #@#@#6#tors.</ptxt>
</para>
<para id="nev22486576n1-nev30934797n81">
<ptxt id="nev22486576n1-nev30934797n82">Remove the cabl#@#@#11#lips.</ptxt>
</para>
</graphtext>
</grate>
</procstep>
<procstep id="nev22486576n1-nev23992275n41">
<grate id="nev22486576n1-nev30934797n79">
<graphic id="nev22486576n1-nev30934797n80">
<href>0900c8af86b48ef#@#@#9#.jpeg</href>
</graphic>
<graphtext id="nev22486576n1-nev30935007n1">
<note id="nev22486576n1-0800c8af85df4c6e">
<ptxt>The graphic sho#@#@#39#oval.</ptxt>
</note>
</graphtext>
</grate>
</procstep>
<procstep id="nev22486576n1-nev23992275n37">
<grate id="nev22486576n1-nev30934797n77">
<graphic id="nev22486576n1-nev30934797n78">
<href>0900c8af86b48ef#@#@#9#.jpeg</href>
</graphic>
<graphtext id="nev22486576n1-nev30935011n1">
<para id="nev22486576n1-nev30934797n75">
<ptxt id="nev22486576n1-nev30934797n76">Remove the mark#@#@#3#part.</ptxt>
</para>
</graphtext>
</grate>
</procstep>
<procstep id="nev22486576n1-nev23992275n32">
<grate id="nev22486576n1-nev30934797n73">
<graphic id="nev22486576n1-nev30934797n74">
<href>0900c8af86b71ba#@#@#9#.jpeg</href>
</graphic>
<graphtext id="nev22486576n1-nev30935015n1">
<para id="nev22486576n1-nev30934797n71">
<ptxt id="nev22486576n1-nev30934797n72">Remove the screws.</ptxt>
</para>
<para id="nev22486576n1-nev30934797n69">
<ptxt id="nev22486576n1-nev30934797n70">
<torque id="nev22486576n1-nev23996514n24">
<ref id="nev22486576n1-nev22818129n92"/>
</torque>
</ptxt>
</para>
</graphtext>
</grate>
</procstep>
<procstep id="nev22486576n1-nev23992275n24">
<grate id="nev22486576n1-nev30934797n67">
<graphic id="nev22486576n1-nev30934797n68">
<href>0900c8af86b48ef#@#@#9#.jpeg</href>
</graphic>
<graphtext id="nev22486576n1-nev30935022n1">
<para id="nev22486576n1-nev30934797n65">
<ptxt id="nev22486576n1-nev30934797n66">Remove the screw.</ptxt>
</para>
<para id="nev22486576n1-nev30934797n63">
<ptxt id="nev22486576n1-nev30934797n64">Remove the mark#@#@#3#part.</ptxt>
</para>
<para id="nev22486576n1-nev30934797n61">
<ptxt id="nev22486576n1-nev30934797n62">
<torque id="nev22486576n1-nev23996514n15">
<ref id="nev22486576n1-nev22818129n84"/>
</torque>
</ptxt>
</para>
</graphtext>
</grate>
</procstep>
<procstep id="nev22486576n1-nev23992275n14">
<grate id="nev22486576n1-nev30934797n59">
<graphic id="nev22486576n1-nev30934797n60">
<href>0900c8af86b71ad#@#@#9#.jpeg</href>
</graphic>
<graphtext id="nev22486576n1-nev30935029n1">
<para id="nev22486576n1-nev30934797n57">
<ptxt id="nev22486576n1-nev30934797n58">Remove the nut.</ptxt>
</para>
<para id="nev22486576n1-nev30934797n55">
<ptxt id="nev22486576n1-nev30934797n56">
<torque id="nev22486576n1-nev23996514n8">
<ref id="nev22486576n1-nev22811891n94"/>
</torque>
</ptxt>
</para>
</graphtext>
</grate>
</procstep>
<procstep id="nev22486576n1-nev23992275n6">
<grate id="nev22486576n1-nev30934797n53">
<graphic id="nev22486576n1-nev30934797n54">
<href>0900c8af86b71ba#@#@#9#.jpeg</href>
</graphic>
<graphtext id="nev22486576n1-nev30935036n1">
<para id="nev22486576n1-nev30934797n51">
<ptxt id="nev22486576n1-nev30934797n52">Remove the screws.</ptxt>
</para>
<para id="nev22486576n1-nev30934797n49">
<ptxt id="nev22486576n1-nev30934797n50">
<torque id="nev22486576n1-nev23996514n1">
<ref id="nev22486576n1-nev22817657n52"/>
</torque>
</ptxt>
</para>
</graphtext>
</grate>
</procstep>
<procstep id="nev22486576n1-nev23992276n98">
<grate id="nev22486576n1-nev30934797n47">
<graphic id="nev22486576n1-nev30934797n48">
<href>0900c8af86b4cee#@#@#9#.jpeg</href>
</graphic>
<graphtext id="nev22486576n1-nev30935043n1">
<warning id="nev22486576n1-0800c8af844a47e2">
<ptxt>This step requi#@#@#29#cian.</ptxt>
</warning>
<para id="nev22486576n1-nev30934797n45">
<ptxt id="nev22486576n1-nev30934797n46">Remove the mark#@#@#3#part.</ptxt>
</para>
</graphtext>
</grate>
</procstep>
<procstep id="nev22486576n1-nev23992276n92">
<grate id="nev22486576n1-nev30934797n43">
<graphic id="nev22486576n1-nev30934797n44">
<href>0900c8af86b4cee#@#@#9#.jpeg</href>
</graphic>
<graphtext id="nev22486576n1-nev30935047n1">
<warning id="nev22486576n1-0800c8af844a47e2">
<ptxt>This step requi#@#@#29#cian.</ptxt>
</warning>
<para id="nev22486576n1-nev30934797n41">
<ptxt id="nev22486576n1-nev30934797n42">Remove the mark#@#@#3#part.</ptxt>
</para>
</graphtext>
</grate>
</procstep>
</stepgrp>
<stepgrp boilerplate="false" context="" id="nev22486576n1-nev30934797n40">
<title id="nev22486576n1-0800c8af85785bbc">Transferring co#@#@#3#nents</title>
<procstep id="nev22486576n1-nev23992276n84">
<grate id="nev22486576n1-nev30934797n38">
<graphic id="nev22486576n1-nev30934797n39">
<href>0900c8af86b5761#@#@#9#.jpeg</href>
</graphic>
<graphtext id="nev22486576n1-nev30935051n1">
<para id="nev22486576n1-nev30934797n36">
<ptxt id="nev22486576n1-nev30934797n37">Loosen the screws.</ptxt>
</para>
</graphtext>
</grate>
</procstep>
<procstep id="nev22486576n1-nev23992276n81">
<grate id="nev22486576n1-nev30934797n34">
<graphic id="nev22486576n1-nev30934797n35">
<href>0900c8af86b5762#@#@#9#.jpeg</href>
</graphic>
<graphtext id="nev22486576n1-nev30935055n1">
<para id="nev22486576n1-nev30934797n32">
<ptxt id="nev22486576n1-nev30934797n33">Remove the mark#@#@#3#part.</ptxt>
</para>
</graphtext>
</grate>
</procstep>
<procstep id="nev22486576n1-nev23992276n78">
<grate id="nev22486576n1-nev30934797n30">
<graphic id="nev22486576n1-nev30934797n31">
<href>0900c8af86b5762#@#@#9#.jpeg</href>
</graphic>
<graphtext id="nev22486576n1-nev30935059n1">
<para id="nev22486576n1-nev30934797n28">
<ptxt id="nev22486576n1-nev30934797n29">Remove the mark#@#@#3#part.</ptxt>
</para>
</graphtext>
</grate>
</procstep>
<procstep id="nev22486576n1-nev24114754n46">
<grate id="nev22486576n1-nev30934797n26">
<graphic id="nev22486576n1-nev30934797n27">
<href>0900c8af86b563c#@#@#9#.jpeg</href>
</graphic>
<graphtext id="nev22486576n1-nev30935063n1">
<para id="nev22486576n1-nev30934797n24">
<ptxt id="nev22486576n1-nev30934797n25">Remove the mark#@#@#13#ails.</ptxt>
</para>
</graphtext>
</grate>
</procstep>
<procstep id="nev22486576n1-nev24114754n41">
<grate id="nev22486576n1-nev30934797n22">
<graphic id="nev22486576n1-nev30934797n23">
<href>0900c8af86b564e#@#@#9#.jpeg</href>
</graphic>
<graphtext id="nev22486576n1-nev30935067n1">
<para id="nev22486576n1-nev30934797n20">
<ptxt id="nev22486576n1-nev30934797n21">Remove the mark#@#@#3#part.</ptxt>
</para>
</graphtext>
</grate>
</procstep>
<procstep id="nev22486576n1-nev23992276n75">
<para id="nev22486576n1-nev30934797n18">
<ptxt id="nev22486576n1-nev30934797n19">Remove head res#@#@#17#t row<xref boilerplate="true" id="nev22486576n1-0800c8af86eddfe0">
<ref id="nev22486576n1-nev23968886n32"/>
</xref>
</ptxt>
</para>
</procstep>
<procstep id="nev22486576n1-nev24114754n34">
<grate id="nev22486576n1-nev30934797n16">
<graphic id="nev22486576n1-nev30934797n17">
<href>0900c8af86b5762#@#@#9#.jpeg</href>
</graphic>
<graphtext id="nev22486576n1-nev30935074n1">
<para id="nev22486576n1-nev30934797n14">
<ptxt id="nev22486576n1-nev30934797n15">Release the catches.</ptxt>
</para>
</graphtext>
</grate>
</procstep>
<procstep id="nev22486576n1-nev23992276n71">
<grate id="nev22486576n1-nev30934797n12">
<graphic id="nev22486576n1-nev30934797n13">
<href>0900c8af86b577e#@#@#9#.jpeg</href>
</graphic>
<graphtext id="nev22486576n1-nev30935078n1">
<para id="nev22486576n1-nev30934797n10">
<ptxt id="nev22486576n1-nev30934797n11">Remove the mark#@#@#3#part.</ptxt>
</para>
</graphtext>
</grate>
</procstep>
<procstep id="nev22486576n1-nev23992276n56">
<grate id="nev22486576n1-nev30934797n8">
<graphic id="nev22486576n1-nev30934797n9">
<href>0900c8af86d1aec#@#@#9#.jpeg</href>
</graphic>
<graphtext id="nev22486576n1-nev30935082n1">
<para id="nev22486576n1-nev30934797n6">
<ptxt id="nev22486576n1-nev30934797n7">
<equipment equipmentid="" equipmentname="Hogring pliers" id="nev22486576n1-nev24113755n50"/>
</ptxt>
</para>
</graphtext>
</grate>
</procstep>
<procstep id="nev22486576n1-nev23992276n68">
<grate id="nev22486576n1-nev30934797n4">
<graphic id="nev22486576n1-nev30934797n5">
<href>0900c8af86eb9ea#@#@#9#.jpeg</href>
</graphic>
<graphtext id="nev22486576n1-nev30935089n1">
<para id="nev22486576n1-nev30934797n2">
<ptxt id="nev22486576n1-nev30934797n3">Loosen the clip.</ptxt>
</para>
</graphtext>
</grate>
</procstep>
<procstep id="nev22486576n1-nev23992276n65">
<grate id="nev22486576n1-nev30934798n100">
<graphic id="nev22486576n1-nev30934797n1">
<href>0900c8af86eddd2#@#@#9#.jpeg</href>
</graphic>
<graphtext id="nev22486576n1-nev30935093n1">
<para id="nev22486576n1-nev30934798n98">
<ptxt id="nev22486576n1-nev30934798n99">Remove the mark#@#@#3#part.</ptxt>
</para>
</graphtext>
</grate>
</procstep>
<procstep id="nev22486576n1-nev23992276n62">
<grate id="nev22486576n1-nev30934798n96">
<graphic id="nev22486576n1-nev30934798n97">
<href>0900c8af86eddd8#@#@#9#.jpeg</href>
</graphic>
<graphtext id="nev22486576n1-nev30935097n1">
<para id="nev22486576n1-nev30934798n94">
<ptxt id="nev22486576n1-nev30934798n95">Remove the screws.</ptxt>
</para>
</graphtext>
</grate>
</procstep>
<procstep id="nev22486576n1-nev23992276n59">
<grate id="nev22486576n1-nev30934798n92">
<graphic id="nev22486576n1-nev30934798n93">
<href>0900c8af86eddd8#@#@#9#.jpeg</href>
</graphic>
<graphtext id="nev22486576n1-nev30935101n1">
<para id="nev22486576n1-nev30934798n90">
<ptxt id="nev22486576n1-nev30934798n91">Remove the mark#@#@#3#part.</ptxt>
</para>
</graphtext>
</grate>
</procstep>
<procstep id="nev22486576n1-nev23996515n57">
<grate id="nev22486576n1-nev30934798n88">
<graphic id="nev22486576n1-nev30934798n89">
<href>0900c8af86ef38a#@#@#9#.jpeg</href>
</graphic>
<graphtext id="nev22486576n1-nev30935105n1">
<para id="nev22486576n1-nev30934798n86">
<ptxt id="nev22486576n1-nev30934798n87">Release the catches.</ptxt>
</para>
</graphtext>
</grate>
</procstep>
<procstep id="nev22486576n1-nev23996515n52">
<grate id="nev22486576n1-nev30934798n84">
<graphic id="nev22486576n1-nev30934798n85">
<href>0900c8af86b4e88#@#@#9#.jpeg</href>
</graphic>
<graphtext id="nev22486576n1-nev30935109n1">
<para id="nev22486576n1-nev30934798n82">
<ptxt id="nev22486576n1-nev30934798n83">Remove the mark#@#@#3#part.</ptxt>
</para>
</graphtext>
</grate>
</procstep>
<procstep id="nev22486576n1-nev24140235n89">
<grate id="nev22486576n1-nev30934798n80">
<graphic id="nev22486576n1-nev30934798n81">
<href>0900c8af86b4e88#@#@#9#.jpeg</href>
</graphic>
<graphtext id="nev22486576n1-nev30935113n1">
<para id="nev22486576n1-nev30934798n78">
<ptxt id="nev22486576n1-nev30934798n79">
<equipment equipmentid="" equipmentname="Hogring pliers" id="nev22486576n1-nev24140235n86"/>
</ptxt>
</para>
</graphtext>
</grate>
</procstep>
<procstep id="nev22486576n1-nev23996515n47">
<grate id="nev22486576n1-nev30934798n76">
<graphic id="nev22486576n1-nev30934798n77">
<href>0900c8af86ef6e0#@#@#9#.jpeg</href>
</graphic>
<graphtext id="nev22486576n1-nev30935120n1">
<para id="nev22486576n1-nev30934798n74">
<ptxt id="nev22486576n1-nev30934798n75">Loosen the clips.</ptxt>
</para>
</graphtext>
</grate>
</procstep>
<procstep id="nev22486576n1-nev23996515n44">
<grate id="nev22486576n1-nev30934798n72">
<graphic id="nev22486576n1-nev30934798n73">
<href>0900c8af86ef6e0#@#@#9#.jpeg</href>
</graphic>
<graphtext id="nev22486576n1-nev30935124n1">
<para id="nev22486576n1-nev30934798n70">
<ptxt id="nev22486576n1-nev30934798n71">On both sides.</ptxt>
</para>
<para id="nev22486576n1-nev30934798n68">
<ptxt id="nev22486576n1-nev30934798n69">Loosen the mark#@#@#13#ails.</ptxt>
</para>
</graphtext>
</grate>
</procstep>
<procstep id="nev22486576n1-nev23996515n41">
<grate id="nev22486576n1-nev30934798n66">
<graphic id="nev22486576n1-nev30934798n67">
<href>0900c8af86ef6e0#@#@#9#.jpeg</href>
</graphic>
<graphtext id="nev22486576n1-nev30935128n1">
<para id="nev22486576n1-nev30934798n64">
<ptxt id="nev22486576n1-nev30934798n65">Remove the fastener.</ptxt>
</para>
<para id="nev22486576n1-nev30934798n62">
<ptxt id="nev22486576n1-nev30934798n63">Use a cable tie</ptxt>
</para>
</graphtext>
</grate>
</procstep>
<procstep id="nev22486576n1-nev24018037n60">
<grate id="nev22486576n1-nev30934798n60">
<graphic id="nev22486576n1-nev30934798n61">
<href>0900c8af86f0fd0#@#@#9#.jpeg</href>
</graphic>
<graphtext id="nev22486576n1-nev30935132n1">
<para id="nev22486576n1-nev30934798n58">
<ptxt id="nev22486576n1-nev30934798n59">Remove the fastener.</ptxt>
</para>
</graphtext>
</grate>
</procstep>
<procstep id="nev22486576n1-nev24018037n55">
<grate id="nev22486576n1-nev30934798n56">
<graphic id="nev22486576n1-nev30934798n57">
<href>0900c8af86f0fd0#@#@#9#.jpeg</href>
</graphic>
<graphtext id="nev22486576n1-nev30935136n1">
<para id="nev22486576n1-nev30934798n54">
<ptxt id="nev22486576n1-nev30934798n55">Remove the mark#@#@#3#part.</ptxt>
</para>
</graphtext>
</grate>
</procstep>
<procstep id="nev22486576n1-nev24018037n50">
<grate id="nev22486576n1-nev30934798n52">
<graphic id="nev22486576n1-nev30934798n53">
<href>0900c8af86f0fd1#@#@#9#.jpeg</href>
</graphic>
<graphtext id="nev22486576n1-nev30935140n1">
<para id="nev22486576n1-nev30934798n50">
<ptxt id="nev22486576n1-nev30934798n51">Remove the mark#@#@#3#part.</ptxt>
</para>
</graphtext>
</grate>
</procstep>
<procstep id="nev22486576n1-nev24018037n45">
<grate id="nev22486576n1-nev30934798n48">
<graphic id="nev22486576n1-nev30934798n49">
<href>0900c8af86f1030#@#@#9#.jpeg</href>
</graphic>
<graphtext id="nev22486576n1-nev30935144n1">
<para id="nev22486576n1-nev30934798n46">
<ptxt id="nev22486576n1-nev30934798n47">Remove the mark#@#@#3#part.</ptxt>
</para>
</graphtext>
</grate>
</procstep>
<procstep id="nev22486576n1-nev24011918n41">
<grate id="nev22486576n1-nev30934798n44">
<graphic id="nev22486576n1-nev30934798n45">
<href>0900c8af86f0310#@#@#9#.jpeg</href>
</graphic>
<graphtext id="nev22486576n1-nev30935148n1">
<para id="nev22486576n1-nev30934798n42">
<ptxt id="nev22486576n1-nev30934798n43">Use a drill wit#@#@#12# size</ptxt>
</para>
<para id="nev22486576n1-nev30934798n40">
<ptxt id="nev22486576n1-nev30934798n41">Remove blind rivet.</ptxt>
</para>
<para id="nev22486576n1-nev30934798n38">
<ptxt id="nev22486576n1-nev30934798n39">
<material id="nev22486576n1-nev24114755n57" materialid="30622760" materialname="Blind rivet" quantity="2.0" showInProcStep="true"/>
</ptxt>
</para>
</graphtext>
</grate>
</procstep>
<procstep id="nev22486576n1-nev24011918n46">
<grate id="nev22486576n1-nev30934798n36">
<graphic id="nev22486576n1-nev30934798n37">
<href>0900c8af86f0259#@#@#9#.jpeg</href>
</graphic>
<graphtext id="nev22486576n1-nev30935155n1">
<para id="nev22486576n1-nev30934798n34">
<ptxt id="nev22486576n1-nev30934798n35">Remove the clip.</ptxt>
</para>
</graphtext>
</grate>
</procstep>
<procstep id="nev22486576n1-nev24011918n34">
<grate id="nev22486576n1-nev30934798n32">
<graphic id="nev22486576n1-nev30934798n33">
<href>0900c8af86f0336#@#@#9#.jpeg</href>
</graphic>
<graphtext id="nev22486576n1-nev30935159n1">
<para id="nev22486576n1-nev30934798n30">
<ptxt id="nev22486576n1-nev30934798n31">Remove the mark#@#@#3#part.</ptxt>
</para>
</graphtext>
</grate>
</procstep>
</stepgrp>
<stepgrp boilerplate="false" context="" id="nev22486576n1-nev30934798n29">
<title id="nev22486576n1-0800c8af844a46f9">Installation</title>
<procstep id="nev22486576n1-nev23992276n51">
<para id="nev22486576n1-nev30934798n27">
<ptxt id="nev22486576n1-nev30934798n28">To install, rev#@#@#22#dure.</ptxt>
</para>
</procstep>
<procstep id="nev22486576n1-nev30934798n26">
<grate id="nev22486576n1-nev30934798n24">
<graphic id="nev22486576n1-nev30934798n25">
<href>0900c8af885b162#@#@#9#.jpeg</href>
</graphic>
<graphtext id="nev22486576n1-nev30935163n1">
<caution id="nev22486576n1-nev30934798n23">
<ptxt>Check that the #@#@#39#tion.</ptxt>
</caution>
<para id="nev22486576n1-nev30934798n21">
<ptxt id="nev22486576n1-nev30934798n22">Depress the loc#@#@#7#vice.</ptxt>
</para>
<para id="nev22486576n1-nev30934798n19">
<ptxt id="nev22486576n1-nev30934798n20">On both sides.</ptxt>
</para>
</graphtext>
</grate>
</procstep>
</stepgrp>
</procedure>
</servinfosub>