<?xml version="1.0" encoding="UTF-8"?><servinfosub IE-ID="en-US0900c8af8055381d" docno="VCC-146368" id="KC01612370" xml:lang="en-US">
<title>
<phrase category="" id="KC07579117" phrase-urn="urn:x-nevis:phrase:0800c8af81b9a332">Parameter, digi#@#@#6#splay</phrase>
</title>
<diagnostic j2008use="1" paperuse="1" screenuse="1" type="test">
<testgrp IE-ID="en-US0900c8af8055381d_KC01623320" id="KC01623320" j2008use="1" paperuse="1" resumable="1" screenuse="1" testgrp-id="readdtc" x="120" y="200">
<title>
<phrase category="" id="KC07579118" phrase-urn="urn:x-nevis:phrase:0800c8af81b9a333">Parameter, digi#@#@#6#splay</phrase>
</title>
<node>
<test1>
<hint>
<ptxt>
<phrase category="" id="KC07579119" phrase-urn="urn:x-nevis:phrase:0800c8af81b9a334">If certain valu#@#@#47#ing. </phrase>
</ptxt>
</hint>
<diaglist>
<dgraphic>
<dgraphic1>
<graphic id="KC07579120">
<href>0900c8af80054d5#@#@#9#.jpeg</href>
</graphic>
</dgraphic1>
</dgraphic>
<ditem>
<ptxt>
<phrase category="" id="KC07579121" phrase-urn="urn:x-nevis:phrase:0800c8af81b9a335">Ignition on or #@#@#12#gine.</phrase>
</ptxt>
</ditem>
</diaglist>
<test2>
<ptxt>
<phrase category="" id="KC07579122" phrase-urn="urn:x-nevis:phrase:0800c8af81b9a336">Activate readin#@#@#48#mbol.</phrase>
</ptxt>
<ptxt>
<phrase category="" id="KC07579123" phrase-urn="urn:x-nevis:phrase:0800c8af81b9a337">For information#@#@#32# see <xref>
<ref id="KC07579124"/>
</xref>. </phrase>
</ptxt>
<diaglist>
<dgraphic>
<dgraphic2>
<graphic id="KC07579125">
<href>0900c8af86c8681#@#@#9#.jpeg</href>
</graphic>
<smarttool active="press" id="KC07579126" toolname="XECMA6DB"/>
</dgraphic2>
</dgraphic>
<ditem>
<ditemtext>
<ptxt>
<phrase category="" id="KC07579127" phrase-urn="urn:x-nevis:phrase:0800c8af81b9a338"/>
</ptxt>
</ditemtext>
</ditem>
</diaglist>
</test2>
</test1>
<question/>
<resact-grp>
<result button="cont" comp="button" highlight="0" return="0"/>
<action j2008use="1" paperuse="1" screenuse="1">
<return value="DONE"/>
</action>
</resact-grp>
<resact-grp>
<result comp="numeric" highlight="0" op="lt" return="0"/>
<action j2008use="1" paperuse="1" screenuse="1">
<ptxt>
<xref>
<ref id="KC07579128"/>
</xref>
</ptxt>
</action>
</resact-grp>
<resact-grp>
<result comp="numeric" highlight="0" op="gt" return="0"/>
<action j2008use="1" paperuse="1" screenuse="1">
<ptxt>
<xref>
<ref id="KC07579129"/>
</xref>
</ptxt>
</action>
</resact-grp>
</node>
</testgrp>
<testgrp id="KC01623321" j2008use="1" paperuse="1" resumable="1" screenuse="1" testgrp-id="text-1--7" x="120" y="320">
<title>
<phrase category="" id="KC07579130" phrase-urn="urn:x-nevis:phrase:0800c8af81b9a339">Checking commun#@#@#9#aults</phrase>
</title>
<subcalloutnode>
<diagcallout>
<xref>
<ref id="KC07579131"/>
</xref>
</diagcallout>
<rescall-grp>
<result comp="string" highlight="0" op="eq" return="1"/>
<calloutaction>
<ptxt>
<xref>
<ref id="KC07579132"/>
</xref>
</ptxt>
</calloutaction>
</rescall-grp>
<rescall-grp>
<result comp="string" highlight="0" op="eq" return="2"/>
<calloutaction>
<ptxt>
<xref>
<ref id="KC07579133"/>
</xref>
</ptxt>
</calloutaction>
</rescall-grp>
<rescall-grp>
<result comp="string" highlight="0" op="eq" return="3"/>
<calloutaction>
<return value="FAILED"/>
</calloutaction>
</rescall-grp>
</subcalloutnode>
</testgrp>
<testgrp id="KC01623322" j2008use="1" paperuse="1" resumable="1" screenuse="1" testgrp-id="comm" x="120" y="440">
<title>
<phrase category="" id="KC07579134" phrase-urn="urn:x-nevis:phrase:0800c8af81b9a33a">Checking commun#@#@#2#ation</phrase>
</title>
<subcalloutnode>
<diagcallout>
<xref>
<ref id="KC07579135"/>
</xref>
</diagcallout>
<rescall-grp>
<result comp="string" highlight="0" op="eq" return="FAULT FOUND"/>
<calloutaction>
<ptxt>
<xref>
<ref id="KC07579136"/>
</xref>
</ptxt>
</calloutaction>
</rescall-grp>
</subcalloutnode>
</testgrp>
<testgrp id="KC01623323" j2008use="1" paperuse="1" resumable="1" screenuse="1" testgrp-id="comminfo" x="120" y="520">
<title>
<phrase category="" id="KC07579137" phrase-urn="urn:x-nevis:phrase:0800c8af81b9a33b">Fault-tracing i#@#@#5#ation</phrase>
</title>
<subcalloutnode>
<diagcallout>
<xref>
<ref id="KC07579138"/>
</xref>
</diagcallout>
<rescall-grp>
<result comp="string" highlight="0" op="eq" return="YES"/>
<calloutaction>
<ptxt>
<xref>
<ref id="KC07579139"/>
</xref>
</ptxt>
</calloutaction>
</rescall-grp>
<rescall-grp>
<result comp="string" highlight="0" op="eq" return="NO"/>
<calloutaction>
<return value="FAILED"/>
</calloutaction>
</rescall-grp>
</subcalloutnode>
</testgrp>
</diagnostic>
</servinfosub>