<?xml version="1.0" encoding="UTF-8"?><script xmlns:nevis="http://www.volvocars.com/namespaces/processing" xmlns:xlink="http://www.w3.org/1999/xlink" IE-ID="en-US0900c8af81d5481d" docno="VCC-235604" id="nev10098540n1" nevis:expl-profile="mdl874yr1999, mdl875yr1999, mdl873yr2001, mdl873yr1999, mdl873yr2000, mdl872yr2001, mdl875yr2000, mdl872yr1999, mdl874yr2000, mdl873yr2002, mdl872yr2000, mdl873yr2003, mdl872yr2002, mdl873yr2004, mdl876yr2000, mdl876yr1999, mdl873yr2005" nevis:profile="urn:x-nevis:profile:0b00c8af802063e9 urn:x-nevis:profile:0b00c8af802063ec urn:x-nevis:profile:0b00c8af802063f0 urn:x-nevis:profile:0b00c8af80206404 urn:x-nevis:profile:0b00c8af80206409 urn:x-nevis:profile:0b00c8af80206410 urn:x-nevis:profile:0b00c8af8020641f urn:x-nevis:profile:0b00c8af80206427 urn:x-nevis:profile:0b00c8af8020642f urn:x-nevis:profile:0b00c8af80206449 urn:x-nevis:profile:0b00c8af8020644d urn:x-nevis:profile:0b00c8af80206452 urn:x-nevis:profile:0b00c8af8020648e urn:x-nevis:profile:0b00c8af802064ba urn:x-nevis:profile:0b00c8af802065d6 urn:x-nevis:profile:0b00c8af802065f5 urn:x-nevis:profile:0b00c8af813c6d14" nevis:projectdocument="urn:x-nevis:projectdocument:0800c8af81d5481c" nevis:resource="0900c8af81d54825" nevis:resource2="urn:x-nevis:fragment:0900c8af81d5481d:0900c8af81d54825#nev10098540n1" nevis:session-id="" qualifierinfotype="14:00" type="" xml:lang="en-US"><title>Read fuel consu#@#@#1#ption</title><content gui="1" height="140" id="nev10098541n1-nev10098540n3" nevis:expl-profile="mdl874yr1999, mdl875yr1999, mdl873yr2001, mdl873yr1999, mdl873yr2000, mdl872yr2001, mdl875yr2000, mdl872yr1999, mdl874yr2000, mdl873yr2002, mdl872yr2000, mdl873yr2003, mdl872yr2002, mdl873yr2004, mdl876yr2000, mdl876yr1999, mdl873yr2005" nevis:idfrom="nev10098541n1" nevis:prefix="nev10098541n1" nevis:profile="urn:x-nevis:profile:0b00c8af802063e9 urn:x-nevis:profile:0b00c8af802063ec urn:x-nevis:profile:0b00c8af802063f0 urn:x-nevis:profile:0b00c8af80206404 urn:x-nevis:profile:0b00c8af80206409 urn:x-nevis:profile:0b00c8af80206410 urn:x-nevis:profile:0b00c8af8020641f urn:x-nevis:profile:0b00c8af80206427 urn:x-nevis:profile:0b00c8af8020642f urn:x-nevis:profile:0b00c8af80206449 urn:x-nevis:profile:0b00c8af8020644d urn:x-nevis:profile:0b00c8af80206452 urn:x-nevis:profile:0b00c8af8020648e urn:x-nevis:profile:0b00c8af802064ba urn:x-nevis:profile:0b00c8af802065d6 urn:x-nevis:profile:0b00c8af802065f5 urn:x-nevis:profile:0b00c8af813c6d14" nevis:resource="0900c8af81d54827" nevis:resource2="urn:x-nevis:fragment:0900c8af81d5481d:0900c8af81d54827#nev10098540n3" width="400" xml:lang="en-US"><nodes id="nev10098541n1-nev10098543n1"><node class="Components.StartNode" id="nev10098541n1-nev10098544n1" nodeid="Start" x="17" y="58"/><node class="Components.Gui.ParameterLabel" id="nev10098541n1-nev10098545n1" nodeid="ParameterLabel1" x="541" y="53"><gui height="70" id="nev10098541n1-nev10098546n1" width="380" x="10" y="10"/><property class="Parameter" id="nev10098541n1-nev10098547n1" name="Parameter" type="In" value="" visible="1"/><property class="String" id="nev10098541n1-nev10098548n1" name="Title" type="In" value="" visible="1"/><property class="String" id="nev10098541n1-nev10098549n1" name="Value" type="In" value="" visible="1"/><property class="String" id="nev10098541n1-nev10098550n1" name="Unit" type="In" value="" visible="1"/></node><node class="Components.ScriptComponent" id="nev10098541n1-nev10098551n1" nodeid="ScriptComponent1" x="209" y="253"/><node class="Components.IdentifierComponent" id="nev10098541n1-nev10098552n1" nodeid="IdentifierComponent1" x="374" y="23"><property class="Parameter" id="nev10098541n1-nev10098553n1" name="Fuel flow N2H and diesel" type="Out" value="" visible="1"/><extension id="nev10098541n1-nev10098554n1"><identifier ecu="381102" ecuMode="EcuType" id="nev10098541n1-nev10098555n1" read="9" type="REOFF" value="0C"><parameter id="nev10098541n1-nev10098556n1" name="Fuel flow N2H and diesel" textid="6125"/></identifier></extension></node><node class="Components.Repeater" id="nev10098541n1-nev10098557n1" nodeid="Repeater1" x="211" y="107"/><node class="Components.ScriptButton" id="nev10098541n1-nev10098558n1" nodeid="Hide button" x="19" y="253"><gui height="30" id="nev10098541n1-nev10098559n1" width="110" x="280" y="100"/><property class="String" id="nev10098541n1-nev10098560n1" name="Text" type="In" value="" visible="0"/><property class="String" id="nev10098541n1-nev10098561n1" name="StartDisabled" type="Internal" value="false" visible="1"/><extension id="nev10098541n1-nev10098562n1"><phrase category="Faulttracing" id="nev10098541n1-nev10098542n1" phrase-urn="urn:x-nevis:phrase:0800c8af81b6b138">Hide</phrase></extension></node></nodes><handlers id="nev10098541n1-nev10098563n1"><eventhandler id="nev10098541n1-nev10098564n1" name="OnStart" node="Start"><call id="nev10098541n1-nev10098565n1" method="UpdateTitles" node="IdentifierComponent1"/><call id="nev10098541n1-nev10098566n1" method="Start" node="Repeater1"/></eventhandler><eventhandler id="nev10098541n1-nev10098567n1" name="OnRepeat" node="Repeater1"><call id="nev10098541n1-nev10098568n1" method="Read" node="IdentifierComponent1"/></eventhandler><eventhandler id="nev10098541n1-nev10098569n1" name="Click" node="Hide button"><call id="nev10098541n1-nev10098570n1" method="CloseDialog" node="ScriptComponent1"/></eventhandler><propertyhandler id="nev10098541n1-nev10098571n1" name="Fuel flow N2H and diesel" node="IdentifierComponent1"><set id="nev10098541n1-nev10098572n1" node="ParameterLabel1" property="Parameter"/></propertyhandler></handlers></content></script>