<?xml version="1.0" encoding="UTF-8"?><servinfosub IE-ID="en-US0900c8af85d2f81d" docno="VCC-448549" id="nev17822124n1" xml:lang="en-US">
<title>
<phrase category="Title" id="nev19179466n1" phrase-urn="urn:x-nevis:phrase:0800c8af81eb9a59">Fault-tracing</phrase>
</title>
<diagnostic j2008use="1" layout="0" paperuse="1" screenuse="1" type="test">
<testgrp IE-ID="en-US0900c8af85d2f81d_nev17822124n3" id="nev17822124n3" j2008use="1" paperuse="1" resumable="1" screenuse="1" testgrp-id="node1" x="100" y="160">
<title>
<phrase category="" id="nev17822124n4" phrase-urn="urn:x-nevis:phrase:0800c8af8271019d">Checking the supply</phrase>
</title>
<node>
<test1>
<diaglist>
<dgraphic>
<dgraphic1>
<graphic id="nev17822124n5">
<href>0900c8af80054d5#@#@#9#.jpeg</href>
</graphic>
</dgraphic1>
</dgraphic>
<ditem>
<ptxt>
<phrase category="" id="nev17822124n6" phrase-urn="urn:x-nevis:phrase:0800c8af8271019e">Ignition off</phrase>
</ptxt>
</ditem>
<ditem>
<ptxt>
<phrase category="" id="nev17822124n7" phrase-urn="urn:x-nevis:phrase:0800c8af8271019f">Disconnect the #@#@#46#(CPM)</phrase>
</ptxt>
</ditem>
<ditem>
<ptxt>
<phrase category="" id="nev17822124n8" phrase-urn="urn:x-nevis:phrase:0800c8af827101a0">Ignition on.</phrase>
</ptxt>
</ditem>
</diaglist>
<test2>
<para>
<ptxt>
<phrase category="" id="nev17822124n9" phrase-urn="urn:x-nevis:phrase:0800c8af827101a1">The combustion #@#@#81#CEM).</phrase>
</ptxt>
<ptxt>
<phrase category="" id="nev17822124n10" phrase-urn="urn:x-nevis:phrase:0800c8af827101a2">Check whether t#@#@#88#fuse.</phrase>
</ptxt>
<ptxt>
<phrase category="" id="nev17822125n1" phrase-urn="urn:x-nevis:phrase:0800c8af827101a3">Tip: A half bur#@#@#34#ults.</phrase>
</ptxt>
</para>
<para>
<ptxt>
<phrase category="" id="nev17822125n2" phrase-urn="urn:x-nevis:phrase:0800c8af827101a4">Check the power#@#@#47#) by:</phrase>
</ptxt>
</para>
<list1 enumtype="d" type="unordered">
<item>
<ptxt>
<phrase category="" id="nev17822125n3" phrase-urn="urn:x-nevis:phrase:0800c8af827101a5">Measure the vol#@#@#73#d A#2</phrase>
</ptxt>
</item>
<item>
<ptxt>
<phrase category="" id="nev17822125n4" phrase-urn="urn:x-nevis:phrase:0800c8af827101a6">Measure the bat#@#@#8#tage.</phrase>
</ptxt>
</item>
</list1>
<para>
<ptxt>
<phrase category="" id="nev17822125n5" phrase-urn="urn:x-nevis:phrase:0800c8af827101a7">The heater cann#@#@#44#.5 V.</phrase>
</ptxt>
<ptxt>
<phrase category="" id="nev17822125n6" phrase-urn="urn:x-nevis:phrase:0800c8af827101a8">If no fault is #@#@#39#tent.</phrase>
</ptxt>
</para>
<para>
<ptxt>
<phrase category="" id="nev17822125n7" phrase-urn="urn:x-nevis:phrase:0800c8af827101a9">Remedy as necessary.</phrase>
</ptxt>
</para>
<list1 enumtype="d" type="unordered">
<title>
<phrase category="" id="nev17822125n8" phrase-urn="urn:x-nevis:phrase:0800c8af827101aa">Other information</phrase>
</title>
<item>
<ptxt>
<phrase category="" id="nev17822125n9" phrase-urn="urn:x-nevis:phrase:0800c8af827101ab">
<xref>
<ref id="KC09496540"/>
</xref>
</phrase>
</ptxt>
</item>
<item>
<ptxt>
<phrase category="" id="nev17822126n1" phrase-urn="urn:x-nevis:phrase:0800c8af827101ac">
<xref>
<ref id="KC09496542"/>
</xref>
</phrase>
</ptxt>
</item>
</list1>
<grate>
<graphic id="nev17822126n3">
<href>0900c8af8073189#@#@#9#.jpeg</href>
</graphic>
</grate>
</test2>
</test1>
<question>
Select Continue.
</question>
<resact-grp>
<result button="cont" comp="button" highlight="0"/>
<action id="nev18134252n56" j2008use="1" paperuse="0" screenuse="1">
<ptxt id="nev18134252n55">
<xref id="nev18134252n54">
<ref id="nev18134252n53"/>
</xref>
</ptxt>
</action>
</resact-grp>
</node>
</testgrp>
<testgrp id="nev17822126n10" j2008use="1" paperuse="0" resumable="1" screenuse="1" testgrp-id="info1" x="200" y="380">
<title>
<phrase category="" id="nev17822127n1" phrase-urn="urn:x-nevis:phrase:0800c8af827101af">Fault-tracing i#@#@#5#ation</phrase>
</title>
<subcalloutnode>
<diagcallout>
<xref>
<ref id="nev17822127n2"/>
</xref>
</diagcallout>
<rescall-grp>
<result comp="string" highlight="0" op="eq" return="FAULTTRACING FAILED"/>
<calloutaction>
<return value="FAULTTRACING FAILED"/>
</calloutaction>
</rescall-grp>
<rescall-grp>
<result comp="string" highlight="0" op="eq" return="NEW TRY"/>
<calloutaction>
<ptxt>
<xref>
<ref id="nev17822127n3"/>
</xref>
</ptxt>
</calloutaction>
</rescall-grp>
<rescall-grp>
<result comp="string" highlight="0" op="eq" return="FAULT FOUND"/>
<calloutaction>
<return value="FAULT FOUND"/>
</calloutaction>
</rescall-grp>
</subcalloutnode>
</testgrp>
<testgrp id="nev18134252n100" j2008use="1" paperuse="0" resumable="1" screenuse="1" x="120" y="260">
<title id="nev18134252n99">
<phrase category="Title" id="nev18134253n1" phrase-urn="urn:x-nevis:phrase:0800c8af81eb9dd1">Verification</phrase>
</title>
<node id="nev18134252n98">
<test1 id="nev18134252n97">
<diaglist>
<dgraphic>
<dgraphic1>
<graphic id="l1332319118788">
<href>0900c8af80054d5#@#@#9#.jpeg</href>
</graphic>
</dgraphic1>
<dgraphic2>
<graphic id="l1332319130538">
<href>0900c8af80054d7#@#@#9#.jpeg</href>
</graphic>
</dgraphic2>
</dgraphic>
<ditem id="nev18134252n95">
<ptxt id="nev18134252n94">
<phrase category="Preparatory" id="nev18134255n1" phrase-urn="urn:x-nevis:phrase:0800c8af81e9eaf8">Ignition off.</phrase>
</ptxt>
</ditem>
<ditem id="nev18134252n93">
<ptxt id="nev18134252n92">
<phrase category="Faulttracing" id="nev18134256n1" phrase-urn="urn:x-nevis:phrase:0800c8af81eb9476">Reinstall the c#@#@#21# etc.</phrase>
</ptxt>
</ditem>
<ditem id="nev18134252n91">
<ptxt id="nev18134252n90">
<phrase category="Preparatory" id="nev18134257n1" phrase-urn="urn:x-nevis:phrase:0800c8af8031b478">Ignition on.</phrase>
</ptxt>
</ditem>
</diaglist>
<test2>
<note id="nev18134252n86">
<ptxt id="nev18134252n85">
<phrase category="Preparatory" id="nev18134260n1" phrase-urn="urn:x-nevis:phrase:0800c8af81eb9722">It is important#@#@#58#tart.</phrase>
</ptxt>
</note>
<para id="nev18134252n83">
<ptxt id="nev18134252n82">
<phrase category="Faulttracing" id="nev18134262n1" phrase-urn="urn:x-nevis:phrase:0800c8af81924564">Activate the heater.</phrase>
</ptxt>
</para>
<para id="nev18134252n80">
<ptxt id="nev18134252n75">
<phrase category="Faulttracing" id="nev18134265n1" phrase-urn="urn:x-nevis:phrase:0800c8af81eab335">Check that the #@#@#34#ctly.</phrase>
</ptxt>
</para>
<list1 id="nev18134252n73">
<title id="nev18134252n72">
<phrase category="Title" id="nev18134268n1" phrase-urn="urn:x-nevis:phrase:0800c8af81eb9de4">Other information</phrase>
</title>
<item id="nev18134252n70">
<ptxt id="nev18134252n69">
<xref id="nev18134252n68">
<ref id="l1332319781899"/>
</xref>
</ptxt>
</item>
</list1>
<diaglist>
<dgraphic>
<dgraphic2>
<graphic id="l1332319156397">
<href>0900c8af86c8681#@#@#9#.jpeg</href>
</graphic>
<smarttool active="press" id="l1332319183007"/>
</dgraphic2>
</dgraphic>
</diaglist>
</test2>
</test1>
<question id="nev18134252n96">
Is the functio#@#@#1# OK?
</question>
<resact-grp id="nev18134252n66">
<result button="yes" comp="button" highlight="0" id="nev18134252n65"/>
<action id="nev18134252n62" j2008use="1" paperuse="0" screenuse="1">
<return id="nev18134252n61" value="FAULT FOUND"/>
</action>
</resact-grp>
<resact-grp id="nev18134252n64">
<result button="no" comp="button" highlight="0" id="nev18134252n63"/>
<action id="nev18134252n60" j2008use="1" paperuse="0" screenuse="1">
<ptxt id="nev18134252n59">
<xref id="nev18134252n58">
<ref id="nev18134252n57"/>
</xref>
</ptxt>
</action>
</resact-grp>
</node>
</testgrp>
</diagnostic>
</servinfosub>