<?xml version="1.0" encoding="UTF-8"?><servinfosub IE-ID="en-US0900c8af8069581d" docno="VCC-056582" id="KC02030571" xml:lang="en-US">
<title>Blower motor, r#@#@#5#ement</title>
<procedure>
<stepgrp id="KC02196310">
<title>Removing</title>
<procstep id="KC02196311">
<title/>
<grate>
<graphic id="KC08423360" width="column">
<href>0900c8af8067c2c#@#@#9#.jpeg</href>
</graphic>
<graphtext>
<ptxt>Disconnect/remove:</ptxt>
<list1 enumtype="d" type="unordered">
<item>
<ptxt>battery negativ#@#@#2#lead.</ptxt>
</item>
<item>
<ptxt>glove box and p#@#@#16# box.</ptxt>
</item>
</list1>
</graphtext>
</grate>
</procstep>
<procstep id="KC02196312">
<title/>
<list1>
<item>
<ptxt>Open blower mot#@#@#9#tor.
</ptxt>
</item>
</list1>
</procstep>
<procstep id="KC02196313">
<title/>
<grate>
<graphic id="KC08423361" width="column">
<href>0900c8af8069588#@#@#9#.jpeg</href>
</graphic>
<graphtext>
<list1>
<item>
<ptxt>Remove blower m#@#@#14#crew.</ptxt>
</item>
</list1>
</graphtext>
</grate>
</procstep>
</stepgrp>
<stepgrp id="KC02196314">
<title>Installation</title>
<procstep id="KC02196315">
<title/>
<list1>
<item>
<ptxt>Install blower #@#@#19#crew.</ptxt>
</item>
</list1>
</procstep>
<procstep id="KC02196316">
<title/>
<list1>
<item>
<ptxt>Reconnect blowe#@#@#14#tor.
</ptxt>
</item>
</list1>
</procstep>
<procstep id="KC02196317">
<title/>
<grate>
<graphic id="KC08423362" width="column">
<href>0900c8af8067c2c#@#@#9#.jpeg</href>
</graphic>
<graphtext>
<ptxt>Install/reconnect:</ptxt>
<list1 enumtype="d" type="unordered">
<item>
<ptxt>glove box and p#@#@#16# box.</ptxt>
</item>
<item>
<ptxt>battery ground lead.</ptxt>
</item>
</list1>
</graphtext>
</grate>
</procstep>
</stepgrp>
</procedure>
</servinfosub>