<?xml version="1.0" encoding="UTF-8"?><servinfosub IE-ID="en-US0800c8af868bd419" docno="T9513087" id="ST-0800c8af868bd419" xml:lang="en-US">
<title>951 3087 Motor #@#@#2#apter</title>
<grate>
<graphic id="0900c8af868c63f2"/>
<graphtext>
<deflist>
<defitem>
<term>Tool number:</term>
<def>951 3087-8</def>
</defitem>
<defitem>
<term>Tool description:</term>
<def>Motor adapter</def>
</defitem>
<defitem>
<term>Tool board:</term>
<def>39</def>
</defitem>
</deflist>
</graphtext>
</grate>
</servinfosub>