<?xml version="1.0" encoding="UTF-8"?><servinfosub IE-ID="en-US0900c8af80c5b419" docno="VCC-034536" id="KC01120637" xml:lang="en-US">
<title>Replacing a cable</title>
<procedure opcode="1234" opnbr="1234">
<stepgrp>
<procstep>
<title>If a cable must#@#@#7#laced</title>
<ptxt>If a cable is d#@#@#133#nals.</ptxt>
<ptxt>The cable must #@#@#18#iced.</ptxt>
</procstep>
<procstep>
<title>Selecting a new#@#@#2#able </title>
<note>
<ptxt>A new cable mus#@#@#117#olor.</ptxt>
</note>
<ptxt>Select a new ca#@#@#20# old.</ptxt>
<para>
<title>Cable length </title>
<ptxt>Measure the ori#@#@#14#ngth.</ptxt>
</para>
<para>
<title>Cable area </title>
<ptxt>Measure diamete#@#@#156#nal. </ptxt>
<ptxt>The cable area #@#@#49#ars).</ptxt>
</para>
<note>
<ptxt>It is always th#@#@#110#ther.</ptxt>
</note>
<para>
<title>Color</title>
<ptxt>Cable insulatio#@#@#76#bles.</ptxt>
<ptxt>The color code #@#@#71#ars).</ptxt>
</para>
<list1 enumtype="b" type="unordered">
<item>
<ptxt>Refer to color #@#@#8#able
<xref>
<ref id="KC03291022"/>
</xref> for color codes.</ptxt>
</item>
</list1>
<para>
<title>Install new cable </title>
<ptxt>Use the same ro#@#@#79# etc.</ptxt>
<ptxt>If a new cable #@#@#45#ting.</ptxt>
</para>
</procstep>
</stepgrp>
</procedure>
</servinfosub>