<?xml version="1.0" encoding="UTF-8"?><servinfosub IE-ID="en-US0900c8af804a9419" docno="VCC-096741" id="KC01422622" xml:lang="en-US">
<title>
<phrase category="" id="KC07730942" phrase-urn="urn:x-nevis:phrase:0800c8af81bae495">Signal too high</phrase>
</title>
<diagnostic type="test">
<testgrp IE-ID="en-US0900c8af804a9419_KC01439254" id="KC01439254" j2008use="1" paperuse="1" resumable="1" screenuse="1" testgrp-id="node1" x="120" y="80">
<title>
<phrase category="" id="KC07730943" phrase-urn="urn:x-nevis:phrase:0800c8af81bae496">Checking combus#@#@#12#ction</phrase>
</title>
<node>
<test1>
<diaglist>
<dgraphic>
<dgraphic1>
<graphic id="KC07730944">
<href>0900c8af80054d5#@#@#9#.jpeg</href>
</graphic>
</dgraphic1>
</dgraphic>
<ditem>
<ptxt>
<phrase category="" id="KC07730945" phrase-urn="urn:x-nevis:phrase:0800c8af81bae498">Ignition on</phrase>
</ptxt>
</ditem>
<ditem>
<ptxt>
<phrase category="" id="KC07730946" phrase-urn="urn:x-nevis:phrase:0800c8af81bae499">Activate combus#@#@#4# fan.</phrase>
</ptxt>
</ditem>
</diaglist>
<test2>
<ptxt>
<phrase category="" id="KC07730947" phrase-urn="urn:x-nevis:phrase:0800c8af81bae49a">Listen for a bu#@#@#58#ning.</phrase>
</ptxt>
<diaglist>
<dgraphic>
<dgraphic2>
<graphic id="KC07730948">
<href>0900c8af8005433#@#@#9#.jpeg</href>
</graphic>
<smarttool active="press" id="KC07730949" toolname="EHE4B001"/>
</dgraphic2>
</dgraphic>
<ditem>
<ditemtext>
<ptxt>
<phrase category="" id="KC07730950" phrase-urn="urn:x-nevis:phrase:0800c8af81bae49b"/>
</ptxt>
</ditemtext>
</ditem>
<ditem>
<ditemtext>
<ptxt>
<phrase category="" id="KC07730951" phrase-urn="urn:x-nevis:phrase:0800c8af81bae49c"/>
</ptxt>
</ditemtext>
</ditem>
</diaglist>
</test2>
</test1>
<question>Does the combus#@#@#13#tion?</question>
<resact-grp>
<result button="yes" comp="button" highlight="0"/>
<action j2008use="1" paperuse="1" screenuse="1">
<ptxt>
<xref>
<ref id="KC07730952"/>
</xref>
</ptxt>
</action>
</resact-grp>
<resact-grp>
<result button="no" comp="button" highlight="0"/>
<action j2008use="1" paperuse="1" screenuse="1">
<ptxt>
<xref>
<ref id="KC07730953"/>
</xref>
</ptxt>
</action>
</resact-grp>
</node>
</testgrp>
<testgrp id="KC01439255" j2008use="1" paperuse="1" resumable="1" screenuse="1" testgrp-id="node2" x="120" y="200">
<title>
<phrase category="" id="KC07730954" phrase-urn="urn:x-nevis:phrase:0800c8af81bae49d">Checking compon#@#@#9#ables</phrase>
</title>
<node>
<test1>
<test2>
<para>
<ptxt>
<phrase category="" id="KC07730955" phrase-urn="urn:x-nevis:phrase:0800c8af81bae49e">Check cable bet#@#@#126# See <xref>
<ref id="KC07730956"/>
</xref>. </phrase>
</ptxt>
</para>
<para>
<ptxt>
<phrase category="" id="KC07730957" phrase-urn="urn:x-nevis:phrase:0800c8af81bae49f">If no faults ar#@#@#59# See <xref>
<ref id="KC07730958"/>
</xref>.</phrase>
</ptxt>
</para>
<para>
<ptxt>
<phrase category="" id="KC07730959" phrase-urn="urn:x-nevis:phrase:0800c8af81bae4a0">Remedy as necessary.</phrase>
</ptxt>
</para>
<list1 enumtype="d" type="unordered">
<title>
<phrase category="" id="KC07730960" phrase-urn="urn:x-nevis:phrase:0800c8af81bae4a1">Other information:</phrase>
</title>
<item>
<ptxt>
<phrase category="" id="KC07730961" phrase-urn="urn:x-nevis:phrase:0800c8af81bae4a2">To access the c#@#@#34# see <xref>
<ref id="KC07730962"/>
</xref>
</phrase>
</ptxt>
</item>
<item>
<ptxt>
<phrase category="" id="KC07730963" phrase-urn="urn:x-nevis:phrase:0800c8af81bae4a3">Remove the heat#@#@#32# See <xref>
<ref id="KC07730964"/>
</xref>. Remove the fa#@#@#4#roud </phrase>
</ptxt>
</item>
<item>
<ptxt>
<phrase category="" id="KC07730965" phrase-urn="urn:x-nevis:phrase:0800c8af81bae4a4">With ignition o#@#@#160#y 0 V</phrase>
</ptxt>
</item>
<item>
<ptxt>
<phrase category="" id="KC07730966" phrase-urn="urn:x-nevis:phrase:0800c8af81bae4a5">For other value#@#@#2# see <xref>
<ref id="KC07730967"/>
</xref>. </phrase>
</ptxt>
</item>
</list1>
<diaglist>
<dgraphic>
<dgraphic1>
<graphic id="KC07730968">
<href>0900c8af8005712#@#@#9#.jpeg</href>
</graphic>
</dgraphic1>
<dgraphic2>
<graphic id="KC07730969">
<href>0900c8af80054d4#@#@#9#.jpeg</href>
</graphic>
<smarttool active="press" id="KC07730970" toolname="ODAH"/>
</dgraphic2>
</dgraphic>
<ditem>
<ditemtext>
<ptxt>
<phrase category="" id="KC07730971" phrase-urn="urn:x-nevis:phrase:0800c8af81bae4a6"/>
</ptxt>
</ditemtext>
</ditem>
</diaglist>
<grate>
<graphic id="KC07730972">
<href>0900c8af8005aa9#@#@#9#.jpeg</href>
</graphic>
</grate>
</test2>
</test1>
<question>Select Continue.</question>
<resact-grp>
<result button="cont" comp="button" highlight="0"/>
<action j2008use="1" paperuse="1" screenuse="1">
<ptxt>
<xref>
<ref id="KC07730973"/>
</xref>
</ptxt>
</action>
</resact-grp>
</node>
</testgrp>
<testgrp id="KC01439256" j2008use="1" paperuse="1" resumable="1" screenuse="1" testgrp-id="veria" x="360" y="200">
<title>
<phrase category="" id="KC07730974" phrase-urn="urn:x-nevis:phrase:0800c8af81bae4a7">Verification</phrase>
</title>
<subcalloutnode>
<diagcallout>
<xref>
<ref id="KC07730975"/>
</xref>
</diagcallout>
<rescall-grp>
<result comp="string" highlight="0" op="eq" return="VERIFIED"/>
<calloutaction>
<return value="FAULT FOUND"/>
</calloutaction>
</rescall-grp>
<rescall-grp>
<result comp="string" highlight="0" op="eq" return="VERIFICATION FAILED"/>
<calloutaction>
<ptxt>
<xref>
<ref id="KC07730976"/>
</xref>
</ptxt>
</calloutaction>
</rescall-grp>
<rescall-grp>
<result comp="string" highlight="0" op="eq" return="PAPER"/>
<calloutaction>
<return value="FAULT NOT FOUND"/>
</calloutaction>
</rescall-grp>
</subcalloutnode>
</testgrp>
<testgrp id="KC01439257" j2008use="1" paperuse="0" resumable="1" screenuse="1" testgrp-id="info1" x="600" y="200">
<title>
<phrase category="" id="KC07730977" phrase-urn="urn:x-nevis:phrase:0800c8af81bae4a8">Fault-tracing i#@#@#5#ation</phrase>
</title>
<subcalloutnode>
<diagcallout>
<xref>
<ref id="KC07730978"/>
</xref>
</diagcallout>
<rescall-grp>
<result comp="string" highlight="0" op="eq" return="FAULTTRACING FAILED"/>
<calloutaction>
<return value="FAULTTRACING FAILED"/>
</calloutaction>
</rescall-grp>
<rescall-grp>
<result comp="string" highlight="0" op="eq" return="NEW TRY"/>
<calloutaction>
<ptxt>
<xref>
<ref id="KC07730979"/>
</xref>
</ptxt>
</calloutaction>
</rescall-grp>
</subcalloutnode>
</testgrp>
<testgrp id="KC01439258" j2008use="1" paperuse="1" resumable="1" screenuse="1" testgrp-id="intnode" x="360" y="80">
<title>
<phrase category="" id="KC07730980" phrase-urn="urn:x-nevis:phrase:0800c8af81bae4a9">Intermittent fault</phrase>
</title>
<node>
<test1>
<test2>
<ptxt>
<phrase category="" id="KC07730981" phrase-urn="urn:x-nevis:phrase:0800c8af81bae4aa">Check cable bet#@#@#126# See <xref>
<ref id="KC07730982"/>
</xref>. </phrase>
</ptxt>
<para>
<ptxt>
<phrase category="" id="KC07730983" phrase-urn="urn:x-nevis:phrase:0800c8af81bae4ab">Remedy as necessary.</phrase>
</ptxt>
</para>
<list1 enumtype="d" type="unordered">
<title>
<phrase category="" id="KC07730984" phrase-urn="urn:x-nevis:phrase:0800c8af81bae4ac">Other information:</phrase>
</title>
<item>
<ptxt>
<phrase category="" id="KC07730985" phrase-urn="urn:x-nevis:phrase:0800c8af81bae4ad">To access the c#@#@#34# see <xref>
<ref id="KC07730986"/>
</xref>
</phrase>
</ptxt>
</item>
<item>
<ptxt>
<phrase category="" id="KC07730987" phrase-urn="urn:x-nevis:phrase:0800c8af81bae4ae">Remove the heat#@#@#32# See <xref>
<ref id="KC07730988"/>
</xref> and remove fan#@#@#3#roud </phrase>
</ptxt>
</item>
<item>
<ptxt>
<phrase category="" id="KC07730989" phrase-urn="urn:x-nevis:phrase:0800c8af81bae4af">With ignition o#@#@#160#y 0 V</phrase>
</ptxt>
</item>
<item>
<ptxt>
<phrase category="" id="KC07730990" phrase-urn="urn:x-nevis:phrase:0800c8af81bae4b0">For other value#@#@#2# see <xref>
<ref id="KC07730991"/>
</xref>. </phrase>
</ptxt>
</item>
</list1>
<diaglist>
<dgraphic>
<dgraphic1>
<graphic id="KC07730992">
<href>0900c8af8005712#@#@#9#.jpeg</href>
</graphic>
</dgraphic1>
<dgraphic2>
<graphic id="KC07730993">
<href>0900c8af80054d4#@#@#9#.jpeg</href>
</graphic>
<smarttool active="press" id="KC07730994" toolname="ODAH"/>
</dgraphic2>
</dgraphic>
<ditem>
<ditemtext>
<ptxt>
<phrase category="" id="KC07730995" phrase-urn="urn:x-nevis:phrase:0800c8af81bae4b1"/>
</ptxt>
</ditemtext>
</ditem>
</diaglist>
<grate>
<graphic id="KC07730996">
<href>0900c8af8005aa9#@#@#9#.jpeg</href>
</graphic>
</grate>
</test2>
</test1>
<question>Select Continue.</question>
<resact-grp>
<result button="cont" comp="button" highlight="0"/>
<action j2008use="1" paperuse="0" screenuse="1">
<ptxt>
<xref>
<ref id="KC07730997"/>
</xref>
</ptxt>
</action>
<action j2008use="0" paperuse="1" screenuse="0">
<return value="DONE"/>
</action>
</resact-grp>
</node>
</testgrp>
<testgrp id="KC01439259" j2008use="1" paperuse="0" resumable="1" screenuse="1" testgrp-id="info2" x="600" y="80">
<title>
<phrase category="" id="KC07730998" phrase-urn="urn:x-nevis:phrase:0800c8af81bae4b2">Fault-tracing i#@#@#5#ation</phrase>
</title>
<subcalloutnode>
<diagcallout>
<xref>
<ref id="KC07730999"/>
</xref>
</diagcallout>
<rescall-grp>
<result comp="string" highlight="0" op="eq" return="NEW TRY"/>
<calloutaction>
<ptxt>
<xref>
<ref id="KC07731000"/>
</xref>
</ptxt>
</calloutaction>
</rescall-grp>
<rescall-grp>
<result comp="string" highlight="0" op="eq" return="FAULTTRACING FAILED"/>
<calloutaction>
<return value="DONE"/>
</calloutaction>
</rescall-grp>
<rescall-grp>
<result comp="string" highlight="0" op="eq" return="FAULT FOUND"/>
<calloutaction>
<return value="FAULT FOUND"/>
</calloutaction>
</rescall-grp>
</subcalloutnode>
</testgrp>
</diagnostic>
</servinfosub>