<?xml version="1.0" encoding="UTF-8"?><servinfosub IE-ID="en-US0900c8af863ba419" docno="VCC-370385" id="nev13713217n1" original="sv-SE" servinfosubId="nev13713218n1-nev16402588n1" servinfosubRes="0900c8af863ba5c6" servinfosubRes2="urn:x-nevis:fragment:0900c8af863ba419:0900c8af863ba5c6#nev16402588n1" xml:lang="en-US">
<operationnumbers>
<operationnumber>32102-2</operationnumber>
</operationnumbers>
<title id="nev13713214n30">Alternator</title>
<procedure id="nev13713218n1-nev16424758n65">
<stepgrp boilerplate="false" context="" id="nev13713218n1-nev20958485n11">
<title id="nev13713218n1-0800c8af844a46f6">Removal</title>
<procstep id="nev13713218n1-nev16428661n22">
<note id="nev13713218n1-0800c8af844a42fa">
<ptxt>Removal steps i#@#@#45#ails.</ptxt>
</note>
</procstep>
<procstep id="nev13713218n1-nev16424469n3">
<para id="nev13713218n1-nev20958485n9">
<ptxt id="nev13713218n1-nev20958485n10">Perform battery#@#@#24#cting<xref boilerplate="true" id="nev13713218n1-0800c8af847c5da5">
<ref id="nev13713218n1-nev16424758n61"/>
</xref>
</ptxt>
</para>
</procstep>
<procstep id="nev13713218n1-nev16424776n66">
<grate id="nev13713218n1-nev20958485n7">
<graphic id="nev13713218n1-nev20958485n8">
<href>0900c8af851c195#@#@#9#.jpeg</href>
</graphic>
</grate>
</procstep>
<procstep id="nev13713218n1-nev16424758n90">
<grate id="nev13713218n1-nev20958485n5">
<graphic id="nev13713218n1-nev20958485n6">
<href>0900c8af851c18f#@#@#9#.jpeg</href>
</graphic>
<graphtext id="nev13713218n1-nev20958497n1">
<para id="nev13713218n1-nev20958485n3">
<ptxt id="nev13713218n1-nev20958485n4">
<torque id="nev13713218n1-nev16424865n32">
<ref id="nev13713218n1-nev16424865n30"/>
</torque>
</ptxt>
</para>
<para id="nev13713218n1-nev20958485n1">
<ptxt id="nev13713218n1-nev20958485n2">Loosen the hose#@#@#3#amps.</ptxt>
</para>
<para id="nev13713218n1-nev20958486n99">
<ptxt id="nev13713218n1-nev20958486n100">Remove the screws.</ptxt>
</para>
</graphtext>
</grate>
</procstep>
<procstep id="nev13713218n1-nev16424758n15">
<grate id="nev13713218n1-nev20958486n97">
<graphic id="nev13713218n1-nev20958486n98">
<href>0900c8af851c18f#@#@#9#.jpeg</href>
</graphic>
<graphtext id="nev13713218n1-nev20958504n1">
<para id="nev13713218n1-nev20958486n95">
<ptxt id="nev13713218n1-nev20958486n96">Remove the nut.</ptxt>
</para>
<para id="nev13713218n1-nev20958486n93">
<ptxt id="nev13713218n1-nev20958486n94">
<torque id="nev13713218n1-nev16424865n26">
<ref id="nev13713218n1-nev16424865n24"/>
</torque>
</ptxt>
</para>
<para id="nev13713218n1-nev20958486n91">
<ptxt id="nev13713218n1-nev20958486n92">Loosen the hose#@#@#3#amps.</ptxt>
</para>
<para id="nev13713218n1-nev20958486n89">
<ptxt id="nev13713218n1-nev20958486n90">Disconnect the #@#@#5#ctor.</ptxt>
</para>
<para id="nev13713218n1-nev20958486n87">
<ptxt id="nev13713218n1-nev20958486n88">Loosen the clip.</ptxt>
</para>
</graphtext>
</grate>
</procstep>
<procstep id="nev13713218n1-nev16424890n100">
<para id="nev13713218n1-nev20958486n85">
<ptxt id="nev13713218n1-nev20958486n86">Remove the auxi#@#@#11# belt<xref boilerplate="true" id="nev13713218n1-0800c8af846baee1">
<ref id="nev13713218n1-nev16424893n56"/>
</xref>
</ptxt>
</para>
</procstep>
<procstep id="nev13713218n1-nev16424892n23">
<para id="nev13713218n1-nev20958486n83">
<ptxt id="nev13713218n1-nev20958486n84">Remove auxiliar#@#@#17#ioner<xref boilerplate="true" id="nev13713218n1-0800c8af846bae9b">
<ref id="nev13713218n1-nev16424893n52"/>
</xref>
</ptxt>
</para>
</procstep>
<procstep id="nev13713218n1-nev16424758n4">
<grate id="nev13713218n1-nev20958486n81">
<graphic id="nev13713218n1-nev20958486n82">
<href>0900c8af851c18f#@#@#9#.jpeg</href>
</graphic>
<graphtext id="nev13713218n1-nev20958517n1">
<para id="nev13713218n1-nev20958486n79">
<ptxt id="nev13713218n1-nev20958486n80">Fold marked par#@#@#3#side.</ptxt>
</para>
</graphtext>
</grate>
</procstep>
<procstep id="nev13713218n1-nev16424775n89">
<grate id="nev13713218n1-nev20958486n77">
<graphic id="nev13713218n1-nev20958486n78">
<href>0900c8af851c190#@#@#9#.jpeg</href>
</graphic>
<graphtext id="nev13713218n1-nev20958521n1">
<para id="nev13713218n1-nev20958486n75">
<ptxt id="nev13713218n1-nev20958486n76">Remove the nut.</ptxt>
</para>
<para id="nev13713218n1-nev20958486n73">
<ptxt id="nev13713218n1-nev20958486n74">
<torque id="nev13713218n1-nev20958115n3">
<ref id="nev13713218n1-nev20958115n1"/>
</torque>
</ptxt>
</para>
<para id="nev13713218n1-nev20958486n71">
<ptxt id="nev13713218n1-nev20958486n72">Loosen the clips.</ptxt>
</para>
<para id="nev13713218n1-nev20958486n69">
<ptxt id="nev13713218n1-nev20958486n70">Disconnect the #@#@#5#ctor.</ptxt>
</para>
</graphtext>
</grate>
</procstep>
<procstep id="nev13713218n1-nev20958215n99">
<grate id="nev13713218n1-nev20958486n67">
<graphic id="nev13713218n1-nev20958486n68">
<href>0900c8af855c947#@#@#9#.jpeg</href>
</graphic>
<graphtext id="nev13713218n1-nev20958528n1">
<para id="nev13713218n1-nev20958486n65">
<ptxt id="nev13713218n1-nev20958486n66">Remove the screws.</ptxt>
</para>
</graphtext>
</grate>
</procstep>
<procstep id="nev13713218n1-nev20958215n94">
<grate id="nev13713218n1-nev20958486n63">
<graphic id="nev13713218n1-nev20958486n64">
<href>0900c8af855c947#@#@#9#.jpeg</href>
</graphic>
<graphtext id="nev13713218n1-nev20958532n1">
<para id="nev13713218n1-nev20958486n61">
<ptxt id="nev13713218n1-nev20958486n62">Remove the clips.</ptxt>
</para>
</graphtext>
</grate>
</procstep>
<procstep id="nev13713218n1-nev20958215n89">
<grate id="nev13713218n1-nev20958486n59">
<graphic id="nev13713218n1-nev20958486n60">
<href>0900c8af863ba30#@#@#9#.jpeg</href>
</graphic>
<graphtext id="nev13713218n1-nev20958536n1">
<para id="nev13713218n1-nev20958486n57">
<ptxt id="nev13713218n1-nev20958486n58">Remove the screws.</ptxt>
</para>
<para id="nev13713218n1-nev20958486n55">
<ptxt id="nev13713218n1-nev20958486n56">
<torque id="nev13713218n1-nev20958215n84">
<ref id="nev13713218n1-nev20958215n82"/>
</torque>
</ptxt>
</para>
</graphtext>
</grate>
</procstep>
<procstep id="nev13713218n1-nev20958215n80">
<grate id="nev13713218n1-nev20958486n53">
<graphic id="nev13713218n1-nev20958486n54">
<href>0900c8af863ba30#@#@#9#.jpeg</href>
</graphic>
<graphtext id="nev13713218n1-nev20958543n1">
<para id="nev13713218n1-nev20958486n51">
<ptxt id="nev13713218n1-nev20958486n52">Fold marked par#@#@#3#side.</ptxt>
</para>
</graphtext>
</grate>
</procstep>
<procstep id="nev13713218n1-nev16424776n33">
<grate id="nev13713218n1-nev20958486n49">
<graphic id="nev13713218n1-nev20958486n50">
<href>0900c8af84c8c88#@#@#9#.jpeg</href>
</graphic>
<graphtext id="nev13713218n1-nev20958547n1">
<para id="nev13713218n1-nev20958486n47">
<ptxt id="nev13713218n1-nev20958486n48">
<torque id="nev13713218n1-nev16428518n37">
<ref id="nev13713218n1-nev16428518n35"/>
</torque>
</ptxt>
</para>
<para id="nev13713218n1-nev20958486n45">
<ptxt id="nev13713218n1-nev20958486n46">Remove the screws.</ptxt>
</para>
</graphtext>
</grate>
</procstep>
<procstep id="nev13713218n1-nev16424841n27">
<grate id="nev13713218n1-nev20958486n43">
<graphic id="nev13713218n1-nev20958486n44">
<href>0900c8af84c8c89#@#@#9#.jpeg</href>
</graphic>
</grate>
</procstep>
<procstep id="nev13713218n1-nev16424842n92">
<grate id="nev13713218n1-nev20958486n41">
<graphic id="nev13713218n1-nev20958486n42">
<href>0900c8af84c8c89#@#@#9#.jpeg</href>
</graphic>
</grate>
</procstep>
<procstep id="nev13713218n1-nev16424775n26">
<grate id="nev13713218n1-nev20958486n39">
<graphic id="nev13713218n1-nev20958486n40">
<href>0900c8af851c190#@#@#9#.jpeg</href>
</graphic>
</grate>
</procstep>
</stepgrp>
<stepgrp boilerplate="false" context="" id="nev13713218n1-nev20958486n38">
<title id="nev13713218n1-0800c8af844a46f9">Installation</title>
<procstep id="nev13713218n1-nev16426334n93">
<para id="nev13713218n1-nev20958486n36">
<ptxt id="nev13713218n1-nev20958486n37">To install, rev#@#@#22#dure.</ptxt>
</para>
</procstep>
</stepgrp>
</procedure>
</servinfosub>