<?xml version="1.0" encoding="UTF-8"?><diagnostic IE-ID="en-US0900c8af823e4419" docno="VCC-166722" id="KC08855830" type="test" xml:lang="en-US">
<title>
<phrase category="" id="KC09608990" phrase-urn="urn:x-nevis:phrase:0800c8af8272558f">Verification</phrase>
</title>
<testgrp IE-ID="en-US0900c8af823e4419_KC08855836" id="KC08855836" j2008use="1" paperuse="1" resumable="1" screenuse="1" testgrp-id="verifnode" x="240" y="120">
<title>
<phrase category="" id="KC09608991" phrase-urn="urn:x-nevis:phrase:0800c8af82725590">Verification</phrase>
</title>
<node>
<test1>
<hint>
<ptxt>
<phrase category="" id="KC09608992" phrase-urn="urn:x-nevis:phrase:0800c8af82725591">After carrying #@#@#50#died.</phrase>
</ptxt>
</hint>
<diaglist>
<dgraphic>
<dgraphic1>
<graphic id="KC09608993">
<href>0900c8af80054d5#@#@#9#.jpeg</href>
</graphic>
</dgraphic1>
<dgraphic2>
<graphic id="KC09608994">
<href>0900c8af80054d7#@#@#9#.jpeg</href>
</graphic>
</dgraphic2>
</dgraphic>
<ditem>
<ptxt>
<phrase category="" id="KC09608995" phrase-urn="urn:x-nevis:phrase:0800c8af82725592">Ignition off</phrase>
</ptxt>
</ditem>
<ditem>
<ptxt>
<phrase category="" id="KC09608996" phrase-urn="urn:x-nevis:phrase:0800c8af82725593">Reinstall the c#@#@#21# etc.</phrase>
</ptxt>
</ditem>
<ditem>
<ptxt>
<phrase category="" id="KC09608997" phrase-urn="urn:x-nevis:phrase:0800c8af82725594">Ignition on</phrase>
</ptxt>
</ditem>
</diaglist>
<test2>
<para>
<ptxt>
<phrase category="" id="KC09608998" phrase-urn="urn:x-nevis:phrase:0800c8af82725595">Click on the VC#@#@#49#alue.</phrase>
</ptxt>
</para>
<para>
<ptxt>
<phrase category="" id="KC09608999" phrase-urn="urn:x-nevis:phrase:0800c8af82725596">Check that the #@#@#31#ange.</phrase>
</ptxt>
</para>
<diaglist>
<dgraphic>
<dgraphic2>
<graphic id="KC09609000">
<href>0900c8af86c8681#@#@#9#.jpeg</href>
</graphic>
<smarttool active="press" id="KC09609001" toolname="YECM3008"/>
</dgraphic2>
</dgraphic>
<ditem>
<ditemtext>
<ptxt>
<phrase category="" id="KC09609002" phrase-urn="urn:x-nevis:phrase:0800c8af82725597"/>
</ptxt>
</ditemtext>
</ditem>
</diaglist>
</test2>
</test1>
<question>
Is the functio#@#@#1# OK?
</question>
<resact-grp>
<result button="yes" comp="button" highlight="0"/>
<action j2008use="1" paperuse="1" screenuse="1">
<return value="VERIFIED"/>
</action>
</resact-grp>
<resact-grp>
<result button="no" comp="button" highlight="0"/>
<action j2008use="1" paperuse="1" screenuse="1">
<return value="VERIFICATION FAILED"/>
</action>
</resact-grp>
</node>
</testgrp>
</diagnostic>