<?xml version="1.0" encoding="UTF-8"?><servinfosub IE-ID="en-US0900c8af8801ed04" docno="VCC-475642" id="nev21737723n1" original="sv-SE" servinfosubId="nev21737724n1-nev29252021n1" servinfosubRes="0900c8af881bb4b3" servinfosubRes2="urn:x-nevis:fragment:0900c8af8801ed04:0900c8af881bb4b3#nev29252021n1" xml:lang="en-US">
<operationnumbers>
<operationnumber>89213-2</operationnumber>
</operationnumbers>
<title id="nev21737723n2">Socket, towbar</title>
<procedure id="nev21737724n1-nev29264359n2">
<stepgrp boilerplate="false" context="" id="nev21737724n1-nev29631690n7">
<title id="nev21737724n1-0800c8af844a46f6">Removal</title>
<procstep id="nev21737724n1-nev29264359n5">
<note id="nev21737724n1-0800c8af844a42fa">
<ptxt>Removal steps i#@#@#45#ails.</ptxt>
</note>
</procstep>
<procstep id="nev21737724n1-nev29264359n8">
<title id="nev21737724n1-0800c8af86ad5115">Vehicles with f#@#@#8#owbar</title>
</procstep>
<procstep id="nev21737724n1-nev29264359n10">
<para id="nev21737724n1-nev29631690n5">
<ptxt id="nev21737724n1-nev29631690n6">Remove casing b#@#@#5# rear<xref boilerplate="true" id="nev21737724n1-0800c8af8450c311">
<ref id="nev21737724n1-nev29265333n17"/>
</xref>
</ptxt>
</para>
</procstep>
<procstep id="nev21737724n1-nev29264360n6">
<grate id="nev21737724n1-nev29631690n3">
<graphic id="nev21737724n1-nev29631690n4">
<href>0900c8af872df73#@#@#9#.jpeg</href>
</graphic>
<graphtext id="nev21737724n1-nev29632280n1">
<para id="nev21737724n1-nev29631690n1">
<ptxt id="nev21737724n1-nev29631690n2">Fold out the towbar.</ptxt>
</para>
</graphtext>
</grate>
</procstep>
<procstep id="nev21737724n1-nev29265333n11">
<para id="nev21737724n1-nev29631821n99">
<ptxt id="nev21737724n1-nev29631821n100">Remove right-ha#@#@#30#tment<xref boilerplate="true" id="nev21737724n1-0800c8af86533a60">
<ref id="nev21737724n1-nev29265333n8"/>
</xref>
</ptxt>
</para>
</procstep>
<procstep id="nev21737724n1-nev29264361n9">
<grate id="nev21737724n1-nev29631821n97">
<graphic id="nev21737724n1-nev29631821n98">
<href>0900c8af872db0f#@#@#9#.jpeg</href>
</graphic>
<graphtext id="nev21737724n1-nev29632287n1">
<para id="nev21737724n1-nev29631821n95">
<ptxt id="nev21737724n1-nev29631821n96">Disconnect the #@#@#5#ctor.</ptxt>
</para>
</graphtext>
</grate>
</procstep>
<procstep id="nev21737724n1-nev29265333n2">
<grate id="nev21737724n1-nev29631821n93">
<graphic id="nev21737724n1-nev29631821n94">
<href>0900c8af88028c5#@#@#9#.jpeg</href>
</graphic>
<graphtext id="nev21737724n1-nev29632291n1">
<note id="nev21737724n1-0800c8af85b47f49">
<ptxt>Orientation view</ptxt>
</note>
</graphtext>
</grate>
</procstep>
<procstep id="nev21737724n1-nev29264362n6">
<grate id="nev21737724n1-nev29631821n91">
<graphic id="nev21737724n1-nev29631821n92">
<href>0900c8af88028d7#@#@#9#.jpeg</href>
</graphic>
<graphtext id="nev21737724n1-nev29632295n1">
<para id="nev21737724n1-nev29631821n89">
<ptxt id="nev21737724n1-nev29631821n90">Disconnect the #@#@#6#tors.</ptxt>
</para>
</graphtext>
</grate>
</procstep>
<procstep id="nev21737724n1-nev29264363n10">
<grate id="nev21737724n1-nev29631821n87">
<graphic id="nev21737724n1-nev29631821n88">
<href>0900c8af8802926#@#@#9#.jpeg</href>
</graphic>
<graphtext id="nev21737724n1-nev29632299n1">
<para id="nev21737724n1-nev29631821n85">
<ptxt id="nev21737724n1-nev29631821n86">Loosen the clip.</ptxt>
</para>
<para id="nev21737724n1-nev29631821n83">
<ptxt id="nev21737724n1-nev29631821n84">Remove the nut.</ptxt>
</para>
<para id="nev21737724n1-nev29631821n81">
<ptxt id="nev21737724n1-nev29631821n82">
<torque id="nev21737724n1-nev29264364n9">
<ref id="nev21737724n1-nev29264364n10"/>
</torque>
</ptxt>
</para>
<para id="nev21737724n1-nev29631821n79">
<ptxt id="nev21737724n1-nev29631821n80">Loosen the mark#@#@#13#ails.</ptxt>
</para>
</graphtext>
</grate>
</procstep>
<procstep id="nev21737724n1-nev29264367n5">
<grate id="nev21737724n1-nev29631821n77">
<graphic id="nev21737724n1-nev29631821n78">
<href>0900c8af88028c4#@#@#9#.jpeg</href>
</graphic>
<graphtext id="nev21737724n1-nev29632306n1">
<para id="nev21737724n1-nev29631821n75">
<ptxt id="nev21737724n1-nev29631821n76">Pull the wiring#@#@#4#ough.</ptxt>
</para>
</graphtext>
</grate>
</procstep>
<procstep id="nev21737724n1-nev29264366n1">
<grate id="nev21737724n1-nev29631821n73">
<graphic id="nev21737724n1-nev29631821n74">
<href>0900c8af88028aa#@#@#9#.jpeg</href>
</graphic>
<graphtext id="nev21737724n1-nev29632310n1">
<para id="nev21737724n1-nev29631821n71">
<ptxt id="nev21737724n1-nev29631821n72">Remove the cabl#@#@#11#lips.</ptxt>
</para>
</graphtext>
</grate>
</procstep>
<procstep id="nev21737724n1-nev29264366n8">
<grate id="nev21737724n1-nev29631821n69">
<graphic id="nev21737724n1-nev29631821n70">
<href>0900c8af87a6380#@#@#9#.jpeg</href>
</graphic>
<graphtext id="nev21737724n1-nev29632314n1">
<para id="nev21737724n1-nev29631821n67">
<ptxt id="nev21737724n1-nev29631821n68">Disconnect the #@#@#5#ctor.</ptxt>
</para>
</graphtext>
</grate>
</procstep>
<procstep id="nev21737724n1-nev29264368n2">
<grate id="nev21737724n1-nev29631821n65">
<graphic id="nev21737724n1-nev29631821n66">
<href>0900c8af8802925#@#@#9#.jpeg</href>
</graphic>
<graphtext id="nev21737724n1-nev29632318n1">
<para id="nev21737724n1-nev29631821n63">
<ptxt id="nev21737724n1-nev29631821n64">Remove the screws.</ptxt>
</para>
<para id="nev21737724n1-nev29631821n61">
<ptxt id="nev21737724n1-nev29631821n62">
<torque id="nev21737724n1-nev29264369n1">
<ref id="nev21737724n1-nev29264369n2"/>
</torque>
</ptxt>
</para>
<para id="nev21737724n1-nev29631821n59">
<ptxt id="nev21737724n1-nev29631821n60">Pull the wiring#@#@#4#ough.</ptxt>
</para>
<para id="nev21737724n1-nev29631821n57">
<ptxt id="nev21737724n1-nev29631821n58">Remove the mark#@#@#3#part.</ptxt>
</para>
</graphtext>
</grate>
</procstep>
</stepgrp>
<stepgrp boilerplate="false" context="" id="nev21737724n1-nev29631821n56">
<title id="nev21737724n1-0800c8af844a46f9">Installation</title>
<procstep id="nev21737724n1-nev29264370n1">
<note id="nev21737724n1-0800c8af87407f0f">
<ptxt>Make sure that #@#@#37#sted.</ptxt>
</note>
</procstep>
<procstep id="nev21737724n1-nev29264370n4">
<para id="nev21737724n1-nev29631821n54">
<ptxt id="nev21737724n1-nev29631821n55">To install, rev#@#@#22#dure.</ptxt>
</para>
</procstep>
</stepgrp>
</procedure>
</servinfosub>