<?xml version="1.0" encoding="UTF-8"?><servinfosub IE-ID="en-US0900c8af85800b06" docno="VCC-445602" id="nev17694321n1" xml:lang="en-US">
<title>
<phrase category="Title" id="nev17694321n2" phrase-urn="urn:x-nevis:phrase:0800c8af81eb9a54">Diagnostic trou#@#@#21#ation</phrase>
<phrase category="Prefix" id="nev17694321n3" phrase-urn="urn:x-nevis:phrase:0800c8af8015c414">PHM</phrase>-0066</title>
<diagnostic j2008use="1" paperuse="1" screenuse="1" type="condition">
<condgrp>
<condition type="condition">
<grate>
<graphic id="nev17694321n4">
<href>0900c8af804457e#@#@#9#.jpeg</href>
</graphic>
</grate>
<para>
<ptxt>
<phrase category="Condition" id="nev17694321n5" phrase-urn="urn:x-nevis:phrase:0800c8af8419a9b3">The Phone modul#@#@#48#itch.</phrase>
</ptxt>
</para>
<para>
<ptxt>
<phrase category="Condition" id="nev17694321n6" phrase-urn="urn:x-nevis:phrase:0800c8af82c4843c">The diagnostic #@#@#59#that:</phrase>
</ptxt>
</para>
<list1 enumtype="d" id="nev17694321n7">
<item id="nev17694321n8">
<ptxt id="nev17694321n9">
<phrase category="Condition" id="nev17694321n10" phrase-urn="urn:x-nevis:phrase:0800c8af8419aa58">The voltage on #@#@#46#tage.</phrase>
</ptxt>
</item>
</list1>
<para id="nev17694322n1">
<ptxt id="nev17694322n2">
<phrase category="Condition" id="nev17694322n3" phrase-urn="urn:x-nevis:phrase:0800c8af82c479d6">The control mod#@#@#67#t of:</phrase>
</ptxt>
</para>
<list1 id="nev17694322n4">
<item id="nev17694322n5">
<ptxt id="nev17694322n6">
<phrase category="Condition" id="nev17694322n7" phrase-urn="urn:x-nevis:phrase:0800c8af83503989">Ignition positi#@#@#10#d II.</phrase>
</ptxt>
</item>
<item id="nev17694322n8">
<ptxt id="nev17694322n9">
<phrase category="Condition" id="nev17694322n10" phrase-urn="urn:x-nevis:phrase:0800c8af8370a1d0">Battery voltage#@#@#13#16 V.</phrase>
</ptxt>
</item>
</list1>
<note id="nev17694323n1">
<ptxt id="nev17694323n2">
<phrase category="Condition" id="nev17694323n3" phrase-urn="urn:x-nevis:phrase:0800c8af82c4844b">The control mod#@#@#132# met.</phrase>
</ptxt>
</note>
</condition>
</condgrp>
<condgrp>
<condition type="substitution">
<list1 enumtype="d" type="unordered">
<item>
<ptxt>
<phrase category="Condition" id="nev17694323n4" phrase-urn="urn:x-nevis:phrase:0800c8af81eaaea8">None.</phrase>
</ptxt>
</item>
</list1>
</condition>
<ps>
<list1 enumtype="d" type="unordered">
<item>
<ptxt id="nev17694323n5">
<phrase category="Possible source" id="nev17694323n6" phrase-urn="urn:x-nevis:phrase:0800c8af840e643c">The lead betwee#@#@#67#cuit.</phrase>
</ptxt>
</item>
<item id="nev17694323n7">
<ptxt id="nev17694323n8">
<phrase category="Possible source" id="nev17694323n9" phrase-urn="urn:x-nevis:phrase:0800c8af840e6435">The lead betwee#@#@#77#tage.</phrase>
</ptxt>
</item>
</list1>
</ps>
</condgrp>
<condgrp>
<condition type="symptom">
<list1 enumtype="d" type="unordered">
<item>
<ptxt id="nev17694323n10">
<phrase category="Symptom CSC" id="nev17694324n1" phrase-urn="urn:x-nevis:phrase:0800c8af8388f140">JG, Volvo On Ca#@#@#26#blems</phrase>
</ptxt>
</item>
<item>
<ptxt id="nev17694324n2">
<phrase category="Symptom CSC" id="nev17694324n3" phrase-urn="urn:x-nevis:phrase:0800c8af8388f184">KY, Volvo On Ca#@#@#11# work</phrase>
</ptxt>
</item>
<item id="nev17694324n4">
<ptxt id="nev17694324n5">
<phrase category="Symptom CSC" id="nev17694324n6" phrase-urn="urn:x-nevis:phrase:0800c8af8388f137">IV, Text window#@#@#27#ssage</phrase>
</ptxt>
</item>
</list1>
</condition>
</condgrp>
</diagnostic>
</servinfosub>