<?xml version="1.0" encoding="UTF-8"?><servinfosub IE-ID="en-US0900c8af83a9ab06" docno="VCC-165754" id="KC08849178" xml:lang="en-US">
<title>
<phrase category="" id="KC09023903" phrase-urn="urn:x-nevis:phrase:0800c8af823dbe7a">Diagnostic Trou#@#@#30#-3035</phrase>
</title>
<diagnostic j2008use="1" paperuse="1" screenuse="1" type="condition">
<condgrp>
<condition type="condition">
<grate>
<graphic id="KC09023904" width="column">
<href>0900c8af81ffdc4#@#@#9#.jpeg</href>
</graphic>
<graphtext>
<para>
<ptxt id="nev12342336n100">
<phrase category="Possible source" id="nev12342355n1" phrase-urn="urn:x-nevis:phrase:0800c8af83a9a853">If the Integrat#@#@#132#ated.</phrase>
</ptxt>
</para>
<para>
<ptxt>
<phrase category="" id="KC09023906" phrase-urn="urn:x-nevis:phrase:0800c8af823dbe7c">The diagnostic #@#@#49#s on.</phrase>
</ptxt>
</para>
</graphtext>
</grate>
</condition>
</condgrp>
<condgrp>
<condition type="substitution">
<list1 enumtype="d">
<item>
<ptxt>
<phrase category="" id="KC09023907" phrase-urn="urn:x-nevis:phrase:0800c8af823dbe7d">Nothing.</phrase>
</ptxt>
</item>
</list1>
</condition>
<ps>
<list1 enumtype="d" type="unordered">
<item>
<ptxt>
<phrase category="" id="KC09023908" phrase-urn="urn:x-nevis:phrase:0800c8af823dbe7e">Internal fault #@#@#28#IAM).</phrase>
</ptxt>
</item>
<item>
<ptxt>
<phrase category="Possible source" id="nev12342356n1" phrase-urn="urn:x-nevis:phrase:0800c8af83a9a857">Damaged signal #@#@#17#aker.</phrase>
</ptxt>
</item>
<item>
<ptxt>
<phrase category="Possible source" id="nev12342357n1" phrase-urn="urn:x-nevis:phrase:0800c8af82fc7879">Internal fault #@#@#10#aker.</phrase>
</ptxt>
</item>
</list1>
</ps>
</condgrp>
<condgrp>
<condition type="symptom">
<list1 enumtype="d" type="unordered">
<item>
<ptxt>
<phrase category="" id="KC09023911" phrase-urn="urn:x-nevis:phrase:0800c8af823dbe81">CD player inope#@#@#2#tive.</phrase>
</ptxt>
</item>
<item>
<ptxt>
<phrase category="" id="KC09023912" phrase-urn="urn:x-nevis:phrase:0800c8af823dbe82">No sound from s#@#@#3#kers.</phrase>
</ptxt>
</item>
</list1>
</condition>
</condgrp>
</diagnostic>
</servinfosub>