<?xml version="1.0" encoding="UTF-8"?><servinfosub IE-ID="en-US0900c8af844d8b06" docno="VCC-371181" id="nev13718434n1" original="sv-SE" servinfosubId="nev13718435n1-nev13718434n4" servinfosubRes="0900c8af844d8b19" servinfosubRes2="urn:x-nevis:fragment:0900c8af844d8b06:0900c8af844d8b19#nev13718434n4" xml:lang="en-US">
<operationnumbers>
<operationnumber>89137-2</operationnumber>
</operationnumbers>
<title id="nev13718433n23">Rear Bumper Cov#@#@#11#ction</title>
<imagedisclaimer id="nev13718435n1-nev13718433n26"/>
<procedure id="nev13718435n1-nev13718433n27">
<stepgrp boilerplate="true" context="removalinstallation" id="nev13718435n1-nev13718433n28">
<procstep id="nev13718435n1-nev13718433n29">
<title id="nev13718435n1-nev13718433n30"/>
<grate id="nev13718435n1-nev13718433n31">
<graphic id="nev13718435n1-nev13718433n32">
<href>0900c8af8387e40#@#@#9#.jpeg</href>
</graphic>
</grate>
</procstep>
<procstep id="nev13718435n1-nev13718433n33">
<title id="nev13718435n1-nev13718433n34"/>
<grate id="nev13718435n1-nev13718433n35">
<graphic id="nev13718435n1-nev13718433n36">
<href>0900c8af83896cd#@#@#9#.jpeg</href>
</graphic>
</grate>
</procstep>
<procstep id="nev13718435n1-nev13718433n37">
<title id="nev13718435n1-nev13718433n38"/>
<grate id="nev13718435n1-nev13718433n39">
<graphic id="nev13718435n1-nev13718433n40">
<href>0900c8af83896cd#@#@#9#.jpeg</href>
</graphic>
</grate>
</procstep>
<procstep id="nev13718435n1-nev13718433n41">
<title id="nev13718435n1-nev13718433n42"/>
<grate id="nev13718435n1-nev13718433n43">
<graphic id="nev13718435n1-nev13718433n44">
<href>0900c8af83896ce#@#@#9#.jpeg</href>
</graphic>
<graphtext id="nev13718435n1-nev13718433n45">
<note id="nev13718435n1-nev13718433n46">
<ptxt id="nev13718435n1-nev13718433n47">This step requi#@#@#34#cian.</ptxt>
</note>
</graphtext>
</grate>
</procstep>
<procstep id="nev13718435n1-nev13718433n48">
<title id="nev13718435n1-nev13718433n49"/>
<grate id="nev13718435n1-nev13718433n50">
<graphic id="nev13718435n1-nev13718433n51">
<href>0900c8af8387e42#@#@#9#.jpeg</href>
</graphic>
</grate>
</procstep>
<procstep id="nev13718435n1-nev13718433n52">
<title id="nev13718435n1-nev13718433n53"/>
<grate id="nev13718435n1-nev13718433n54">
<graphic id="nev13718435n1-nev13718433n55">
<href>0900c8af83896cf#@#@#9#.jpeg</href>
</graphic>
</grate>
</procstep>
<procstep id="nev13718435n1-nev13718433n56">
<title id="nev13718435n1-nev13718433n57"/>
<grate id="nev13718435n1-nev13718433n58">
<graphic id="nev13718435n1-nev13718433n59">
<href>0900c8af83896d0#@#@#9#.jpeg</href>
</graphic>
</grate>
</procstep>
<procstep id="nev13718435n1-nev13718433n60">
<title id="nev13718435n1-nev13718433n61"/>
<grate id="nev13718435n1-nev13718433n62">
<graphic id="nev13718435n1-nev13718433n63">
<href>0900c8af83896d0#@#@#9#.jpeg</href>
</graphic>
</grate>
</procstep>
<procstep id="nev13718435n1-nev13718433n64">
<title id="nev13718435n1-nev13718433n65"/>
<grate id="nev13718435n1-nev13718433n66">
<graphic id="nev13718435n1-nev13718433n67">
<href>0900c8af83896d0#@#@#9#.jpeg</href>
</graphic>
</grate>
</procstep>
</stepgrp>
</procedure>
</servinfosub>