<?xml version="1.0" encoding="UTF-8"?><servinfosub IE-ID="en-US0900c8af83442b06" docno="VCC-284497" id="nev11371343n1" original="sv-SE" servinfosubId="nev20688120n1-nev20688120n2" servinfosubRes="0900c8af862c370d" servinfosubRes2="urn:x-nevis:fragment:0900c8af83442b06:0900c8af862c370d#nev20688120n2" xml:lang="en-US">
<title id="nev11371343n2">Downloading sof#@#@#33#odule</title>
<para id="nev20688120n1-nev11387482n250">
<ptxt id="nev20688120n1-nev11387482n249">Upon replacemen#@#@#285#aded.</ptxt>
<ptxt id="nev20688120n1-nev11387482n248">Upon replacemen#@#@#216#ence.</ptxt>
</para>
<para id="nev20688120n1-nev11387482n247">
<ptxt id="nev20688120n1-nev11387482n246">The download se#@#@#415#aced.</ptxt>
</para>
<para id="nev20688120n1-nev11387482n245">
<ptxt id="nev20688120n1-nev11387482n244">The engine cont#@#@#149#tart.</ptxt>
</para>
<para id="nev20688120n1-nev11387482n243">
<ptxt id="nev20688120n1-nev11387482n242">
<emph id="nev20688120n1-nev11387482n241">Immobilizer code:</emph> Upon a start a#@#@#248#lled.</ptxt>
</para>
</servinfosub>