<?xml version="1.0" encoding="UTF-8"?><servinfosub IE-ID="en-US0900c8af80c4bb06" docno="VCC-122099" id="KC01734810" xml:lang="en-US">
<title>
<phrase category="" id="KC07487596" phrase-urn="urn:x-nevis:phrase:0800c8af81b71f82">Signal too high#@#@#15#fault</phrase>
</title>
<diagnostic j2008use="1" paperuse="1" screenuse="1" type="test">
<testgrp IE-ID="en-US0900c8af80c4bb06_KC01734811" id="KC01734811" j2008use="1" paperuse="1" resumable="1" screenuse="1" testgrp-id="a1" x="200" y="200">
<title>
<phrase category="" id="KC07487597" phrase-urn="urn:x-nevis:phrase:0800c8af81b71f96">Checking the wiring</phrase>
</title>
<node>
<test1>
<test2>
<para>
<ptxt>
<phrase category="" id="KC07487598" phrase-urn="urn:x-nevis:phrase:0800c8af81b71fa9">Check the relay#@#@#142#2/58.</phrase>
</ptxt>
<ptxt>
<phrase category="" id="KC07487599" phrase-urn="urn:x-nevis:phrase:0800c8af81b71fbd">For further inf#@#@#49# see <xref>
<ref id="KC07487600"/>
</xref>.</phrase>
</ptxt>
</para>
<hint>
<ptxt>
<phrase category="" id="KC07487601" phrase-urn="urn:x-nevis:phrase:0800c8af81b71fcb">The voltage bet#@#@#51# 0 V.</phrase>
</ptxt>
</hint>
<diaglist>
<dgraphic>
<dgraphic2>
<graphic id="KC07487602">
<href>0900c8af80054d4#@#@#9#.jpeg</href>
</graphic>
<smarttool active="press" id="KC07487603" toolname="VDCDAH"/>
</dgraphic2>
</dgraphic>
<ditem>
<ditemtext>
<ptxt>
<phrase category="" id="KC07487604" phrase-urn="urn:x-nevis:phrase:0800c8af81b71fdd"/>
</ptxt>
</ditemtext>
</ditem>
</diaglist>
<grate>
<graphic id="KC07487605">
<href>0900c8af80058ba#@#@#9#.jpeg</href>
</graphic>
<graphtext>
<para>
<ptxt>
<phrase category="" id="KC07487606" phrase-urn="urn:x-nevis:phrase:0800c8af81b71fef">If the voltmete#@#@#52#dule.</phrase>
</ptxt>
</para>
<list1 enumtype="d">
<title>
<phrase category="" id="KC07487607" phrase-urn="urn:x-nevis:phrase:0800c8af81b71ffe">Other information:</phrase>
</title>
<item>
<ptxt>
<phrase category="" id="KC07487608" phrase-urn="urn:x-nevis:phrase:0800c8af81b72011">To access and r#@#@#63# see <xref>
<ref id="KC07487609"/>
</xref>.</phrase>
</ptxt>
</item>
</list1>
</graphtext>
</grate>
</test2>
</test1>
<question>Select Continue.</question>
<resact-grp>
<result button="cont" comp="button" highlight="0"/>
<action j2008use="1" paperuse="1" screenuse="1">
<ptxt>
<xref>
<ref id="KC07487610"/>
</xref>
</ptxt>
</action>
</resact-grp>
</node>
</testgrp>
<testgrp id="KC01734812" j2008use="1" paperuse="1" resumable="1" screenuse="1" testgrp-id="info1" x="360" y="200">
<title>
<phrase category="" id="KC07487611" phrase-urn="urn:x-nevis:phrase:0800c8af81b72023">Fault-tracing i#@#@#5#ation</phrase>
</title>
<subcalloutnode>
<diagcallout>
<xref>
<ref id="KC07487612"/>
</xref>
</diagcallout>
<rescall-grp>
<result comp="string" highlight="0" op="eq" return="NEW TRY"/>
<calloutaction>
<ptxt>
<xref>
<ref id="KC07487613"/>
</xref>
</ptxt>
</calloutaction>
</rescall-grp>
<rescall-grp>
<result comp="string" highlight="0" op="eq" return="FAULT FOUND"/>
<calloutaction>
<return value="FAULT FOUND"/>
</calloutaction>
</rescall-grp>
</subcalloutnode>
</testgrp>
</diagnostic>
</servinfosub>