<?xml version="1.0" encoding="UTF-8"?><servinfosub IE-ID="en-US0900c8af80423b06" docno="VCC-024012" id="KC01497745" xml:lang="en-US">
<title>
<phrase category="" id="KC08315064" phrase-urn="urn:x-nevis:phrase:0800c8af81dba764">Signal too low</phrase>
</title>
<diagnostic type="test">
<testgrp IE-ID="en-US0900c8af80423b06_KC01497746" id="KC01497746" j2008use="1" paperuse="1" resumable="1" screenuse="1" testgrp-id="dalint" x="120" y="120">
<title>
<phrase category="" id="KC08315065" phrase-urn="urn:x-nevis:phrase:0800c8af81dba765">Intermittent fault</phrase>
</title>
<node>
<test1>
<test2>
<list1>
<item>
<ptxt>
<phrase category="" id="KC08315066" phrase-urn="urn:x-nevis:phrase:0800c8af81dba766">Check that the #@#@#82#tiff.</phrase>
</ptxt>
</item>
<item>
<ptxt>
<phrase category="" id="KC08315067" phrase-urn="urn:x-nevis:phrase:0800c8af81dba767">Check the cable#@#@#113# to  <xref>
<ref id="KC08315068"/>
</xref>.</phrase>
</ptxt>
</item>
<item>
<ptxt>
<phrase category="" id="KC08315069" phrase-urn="urn:x-nevis:phrase:0800c8af81dba768">Check throttle #@#@#37# to  <xref>
<ref id="KC08315070"/>
</xref> for an intermi#@#@#7#ault.</phrase>
</ptxt>
</item>
</list1>
<diaglist>
<dgraphic>
<dgraphic2>
<graphic id="KC08315071">
<href>0900c8af80054d4#@#@#9#.jpeg</href>
</graphic>
<smarttool active="auto" id="KC08315072" toolname="ODA"/>
</dgraphic2>
</dgraphic>
<ditem>
<ditemtext>
<ptxt>
<phrase category="" id="KC08315073" phrase-urn="urn:x-nevis:phrase:0800c8af81dba769"/>
</ptxt>
</ditemtext>
</ditem>
</diaglist>
</test2>
</test1>
<question>Select "Continu#@#@#31#ired.</question>
<resact-grp>
<result button="cont" comp="button" highlight="0"/>
<action j2008use="1" paperuse="1" screenuse="1">
<ptxt>
<xref>
<ref id="KC08315074"/>
</xref>
</ptxt>
</action>
</resact-grp>
</node>
</testgrp>
<testgrp id="KC01497747" j2008use="1" paperuse="1" resumable="1" screenuse="1" testgrp-id="info2" x="280" y="120">
<title>
<phrase category="" id="KC08315075" phrase-urn="urn:x-nevis:phrase:0800c8af81dba76a">Fault-tracing i#@#@#5#ation</phrase>
</title>
<subcalloutnode>
<diagcallout>
<xref>
<ref id="KC08315076"/>
</xref>
</diagcallout>
<rescall-grp>
<result comp="string" highlight="0" op="eq" return="FAULT FOUND"/>
<calloutaction>
<return value="FAULT FOUND"/>
</calloutaction>
</rescall-grp>
<rescall-grp>
<result comp="string" highlight="0" op="eq" return="NEW TRY"/>
<calloutaction>
<return value="NEW TRY"/>
</calloutaction>
</rescall-grp>
<rescall-grp>
<result comp="string" highlight="0" op="eq" return="DONE"/>
<calloutaction>
<return value="DONE"/>
</calloutaction>
</rescall-grp>
</subcalloutnode>
</testgrp>
</diagnostic>
</servinfosub>