<?xml version="1.0" encoding="UTF-8"?><servinfosub IE-ID="en-US0900c8af8013540e" docno="VCC-132377" id="KC01144409" xml:lang="en-US">
<title>
<phrase category="" id="KC06934637" phrase-urn="urn:x-nevis:phrase:0800c8af81a09bc7">Activated too l#@#@#15#fault</phrase>
</title>
<diagnostic type="test">
<testgrp IE-ID="en-US0900c8af8013540e_KC01243293" id="KC01243293" j2008use="1" paperuse="1" resumable="1" screenuse="1" testgrp-id="node1" x="160" y="120">
<title>
<phrase category="" id="KC06934638" phrase-urn="urn:x-nevis:phrase:0800c8af81a09bc9">Checking the switch</phrase>
</title>
<node>
<test1>
<test2>
<para>
<ptxt>
<phrase category="" id="KC06934639" phrase-urn="urn:x-nevis:phrase:0800c8af81a09bca">Check that the #@#@#43#tion.</phrase>
</ptxt>
</para>
<para>
<ptxt>
<phrase category="" id="KC06934640" phrase-urn="urn:x-nevis:phrase:0800c8af81a09bcc">Replace the swi#@#@#7#trol.</phrase>
</ptxt>
</para>
<para>
<ptxt>
<phrase category="" id="KC06934641" phrase-urn="urn:x-nevis:phrase:0800c8af81a09bce">Remedy as necessary</phrase>
</ptxt>
</para>
<list1 enumtype="d" type="unordered">
<title>
<phrase category="" id="KC06934642" phrase-urn="urn:x-nevis:phrase:0800c8af81a09bcf">Other information:</phrase>
</title>
<item>
<ptxt>
<phrase category="" id="KC06934643" phrase-urn="urn:x-nevis:phrase:0800c8af81a09bd0">To replace the #@#@#15# see <xref>
<ref id="KC06934644"/>
</xref>. </phrase>
</ptxt>
</item>
</list1>
</test2>
</test1>
<question>Select "Continu#@#@#32#ied. </question>
<resact-grp>
<result button="cont" comp="button" highlight="0"/>
<action j2008use="1" paperuse="1" screenuse="1">
<ptxt>
<xref>
<ref id="KC06934645"/>
</xref>
</ptxt>
</action>
</resact-grp>
</node>
</testgrp>
<testgrp id="KC01243294" j2008use="1" paperuse="1" resumable="1" screenuse="1" testgrp-id="verifnode" x="160" y="280">
<title>
<phrase category="" id="KC06934646" phrase-urn="urn:x-nevis:phrase:0800c8af81a09bd2">Verification</phrase>
</title>
<subcalloutnode>
<diagcallout>
<xref>
<ref id="KC06934647"/>
</xref>
</diagcallout>
<rescall-grp>
<result comp="string" highlight="0" op="eq" return="VERIFIED"/>
<calloutaction>
<return value="FAULT FOUND"/>
</calloutaction>
</rescall-grp>
<rescall-grp>
<result comp="string" highlight="0" op="eq" return="VERIFICATION FAILED"/>
<calloutaction>
<ptxt>
<xref>
<ref id="KC06934648"/>
</xref>
</ptxt>
</calloutaction>
</rescall-grp>
</subcalloutnode>
</testgrp>
<testgrp id="KC01243295" j2008use="1" paperuse="1" resumable="1" screenuse="1" testgrp-id="info1" x="400" y="120">
<title>
<phrase category="" id="KC06934649" phrase-urn="urn:x-nevis:phrase:0800c8af81a09bd4">Fault-tracing i#@#@#5#ation</phrase>
</title>
<subcalloutnode>
<diagcallout>
<xref>
<ref id="KC06934650"/>
</xref>
</diagcallout>
<rescall-grp>
<result comp="string" highlight="0" op="eq" return="FAULTTRACING FAILED"/>
<calloutaction>
<return value="FAULT NOT FOUND"/>
</calloutaction>
</rescall-grp>
<rescall-grp>
<result comp="string" highlight="0" op="eq" return="NEW TRY"/>
<calloutaction>
<ptxt>
<xref>
<ref id="KC06934651"/>
</xref>
</ptxt>
</calloutaction>
</rescall-grp>
</subcalloutnode>
</testgrp>
</diagnostic>
</servinfosub>