<?xml version="1.0" encoding="UTF-8"?><servinfosub IE-ID="en-US0900c8af8064140e" docno="VCC-070348" id="KC02172251" xml:lang="en-US">
<title>
<phrase category="" id="KC08490008" phrase-urn="urn:x-nevis:phrase:0800c8af81dccd63">Signal missing #@#@#4#aulty</phrase>
</title>
<diagnostic type="test">
<testgrp IE-ID="en-US0900c8af8064140e_KC02172252" id="KC02172252" j2008use="1" paperuse="1" resumable="1" screenuse="1" testgrp-id="er2" x="80" y="80">
<title>
<phrase category="" id="KC08490009" phrase-urn="urn:x-nevis:phrase:0800c8af81dccd65">Checking exhaus#@#@#39#nals </phrase>
</title>
<node>
<test1>
<diaglist>
<dgraphic>
<dgraphic1>
<graphic id="KC08490010">
<href>0900c8af80054d4#@#@#9#.jpeg</href>
</graphic>
</dgraphic1>
<dgraphic2>
<graphic id="KC08490011">
<href>0900c8af80054d7#@#@#9#.jpeg</href>
</graphic>
</dgraphic2>
</dgraphic>
<ditem>
<ptxt>
<phrase category="" id="KC08490012" phrase-urn="urn:x-nevis:phrase:0800c8af81dccd66">Disconnect exha#@#@#22#nsor.</phrase>
</ptxt>
</ditem>
<ditem>
<ptxt>
<phrase category="" id="KC08490013" phrase-urn="urn:x-nevis:phrase:0800c8af81dccd67">Ignition off.</phrase>
</ptxt>
</ditem>
</diaglist>
<test2>
<diaglist>
<dgraphic>
<dgraphic1>
<graphic id="KC08490014">
<href>0900c8af80054d6#@#@#9#.jpeg</href>
</graphic>
</dgraphic1>
<dgraphic2>
<graphic id="KC08490015">
<href>0900c8af80054d4#@#@#9#.jpeg</href>
</graphic>
<smarttool id="KC08490016" toolname="ODA"/>
</dgraphic2>
</dgraphic>
<ditem>
<ditemtext>
<ptxt>
<phrase category="" id="KC08490017" phrase-urn="urn:x-nevis:phrase:0800c8af81dccd68">Connect an ohmm#@#@#88#ld). </phrase>
</ptxt>
</ditemtext>
</ditem>
</diaglist>
</test2>
</test1>
<question>The ohmmeter sh#@#@#9# 0 Ω.</question>
<resact-grp>
<result button="ok" comp="button" highlight="0"/>
<action j2008use="1" paperuse="1" screenuse="1">
<ptxt>
<xref>
<ref id="KC08490018"/>
</xref>
</ptxt>
</action>
</resact-grp>
<resact-grp>
<result button="notok" comp="button" highlight="0"/>
<action j2008use="1" paperuse="1" screenuse="1">
<ptxt>
<xref>
<ref id="KC08490019"/>
</xref>
</ptxt>
</action>
</resact-grp>
</node>
</testgrp>
<testgrp id="KC02172253" j2008use="1" paperuse="1" resumable="1" screenuse="1" testgrp-id="er2-1" x="240" y="80">
<title>
<phrase category="" id="KC08490020" phrase-urn="urn:x-nevis:phrase:0800c8af81dccd69">Checking for co#@#@#25#ation</phrase>
</title>
<node>
<test1>
<test2>
<ptxt>
<phrase category="" id="KC08490021" phrase-urn="urn:x-nevis:phrase:0800c8af81dccd6a">Check ground te#@#@#57#g to <xref>
<ref id="KC08490022"/>
</xref>. </phrase>
</ptxt>
<grate>
<graphic id="KC08490023">
<href>0900c8af80056cb#@#@#9#.jpeg</href>
</graphic>
</grate>
</test2>
</test1>
<question>Select "Continu#@#@#32#ied.
</question>
<resact-grp>
<result button="cont" comp="button" highlight="0"/>
<action j2008use="1" paperuse="1" screenuse="1">
<return value="FAULT FOUND"/>
</action>
</resact-grp>
</node>
</testgrp>
<testgrp id="KC02172254" j2008use="1" paperuse="1" resumable="1" screenuse="1" testgrp-id="er3" x="80" y="160">
<title>
<phrase category="" id="KC08490024" phrase-urn="urn:x-nevis:phrase:0800c8af81dccd6b">Checking power #@#@#1#upply</phrase>
</title>
<node>
<test1>
<diaglist>
<dgraphic>
<dgraphic1>
<graphic id="KC08490025">
<href>0900c8af80054d5#@#@#9#.jpeg</href>
</graphic>
</dgraphic1>
</dgraphic>
<ditem>
<ptxt>
<phrase category="" id="KC08490026" phrase-urn="urn:x-nevis:phrase:0800c8af81dccd6c">Ignition on.</phrase>
</ptxt>
</ditem>
</diaglist>
<test2>
<diaglist>
<dgraphic>
<dgraphic1>
<graphic id="KC08490027">
<href>0900c8af80054d6#@#@#9#.jpeg</href>
</graphic>
</dgraphic1>
<dgraphic2>
<graphic id="KC08490028">
<href>0900c8af80054d4#@#@#9#.jpeg</href>
</graphic>
<smarttool id="KC08490029" toolname="VDCD40"/>
</dgraphic2>
</dgraphic>
<ditem>
<ditemtext>
<ptxt>
<phrase category="" id="KC08490030" phrase-urn="urn:x-nevis:phrase:0800c8af81dccd6d">Connect a voltm#@#@#69#rth. </phrase>
</ptxt>
</ditemtext>
</ditem>
</diaglist>
</test2>
</test1>
<question>The voltmeter s#@#@#23#age.
</question>
<resact-grp>
<result button="ok" comp="button" highlight="0"/>
<action j2008use="1" paperuse="1" screenuse="1">
<ptxt>
<xref>
<ref id="KC08490031"/>
</xref>
</ptxt>
</action>
</resact-grp>
<resact-grp>
<result button="notok" comp="button" highlight="0"/>
<action j2008use="1" paperuse="1" screenuse="1">
<ptxt>
<xref>
<ref id="KC08490032"/>
</xref>
</ptxt>
</action>
</resact-grp>
</node>
</testgrp>
<testgrp id="KC02172255" j2008use="1" paperuse="1" resumable="1" screenuse="1" testgrp-id="er3-1" x="240" y="160">
<title>
<phrase category="" id="KC08490033" phrase-urn="urn:x-nevis:phrase:0800c8af81dccd6e">Checking for an#@#@#8#rcuit</phrase>
</title>
<node>
<test1>
<test2>
<diaglist>
<dgraphic>
<dgraphic1>
<graphic id="KC08490034">
<href>0900c8af80054d6#@#@#9#.jpeg</href>
</graphic>
</dgraphic1>
<dgraphic2>
<graphic id="KC08490035">
<href>0900c8af80054d4#@#@#9#.jpeg</href>
</graphic>
<smarttool active="press" id="KC08490036" toolname="ODAH"/>
</dgraphic2>
</dgraphic>
<ditem>
<ditemtext>
<ptxt>
<phrase category="" id="KC08490037" phrase-urn="urn:x-nevis:phrase:0800c8af81dccd6f">Check cable bet#@#@#118#g to <xref>
<ref id="KC08490038"/>
</xref>.</phrase>
</ptxt>
</ditemtext>
</ditem>
</diaglist>
<grate>
<graphic id="KC08490039">
<href>0900c8af800570b#@#@#9#.jpeg</href>
</graphic>
</grate>
</test2>
</test1>
<question>Select "Continu#@#@#32#ied.
</question>
<resact-grp>
<result button="cont" comp="button" highlight="0"/>
<action j2008use="1" paperuse="1" screenuse="1">
<return value="FAULT FOUND"/>
</action>
</resact-grp>
</node>
</testgrp>
<testgrp id="KC02172256" j2008use="1" paperuse="1" resumable="1" screenuse="1" testgrp-id="er4" x="80" y="240">
<title>
<phrase category="" id="KC08490040" phrase-urn="urn:x-nevis:phrase:0800c8af81dccd70">Connecting the #@#@#17#H 2.4</phrase>
</title>
<subcalloutnode>
<diagcallout>
<xref>
<ref id="KC08490041"/>
</xref>
</diagcallout>
<rescall-grp>
<result comp="string" highlight="0" op="eq" return="FAULT FOUND"/>
<calloutaction>
<ptxt>
<xref>
<ref id="KC08490042"/>
</xref>
</ptxt>
</calloutaction>
</rescall-grp>
<rescall-grp>
<result comp="string" highlight="0" op="eq" return="DONE"/>
<calloutaction>
<ptxt>
<xref>
<ref id="KC08490043"/>
</xref>
</ptxt>
</calloutaction>
</rescall-grp>
</subcalloutnode>
</testgrp>
<testgrp id="KC02172257" j2008use="1" paperuse="1" resumable="1" screenuse="1" testgrp-id="er5" x="80" y="320">
<title>
<phrase category="" id="KC08490044" phrase-urn="urn:x-nevis:phrase:0800c8af81dccd71">Checking signal#@#@#1#cable</phrase>
</title>
<node>
<test1>
<diaglist>
<dgraphic>
<dgraphic1>
<graphic id="KC08490045">
<href>0900c8af80054d4#@#@#9#.jpeg</href>
</graphic>
</dgraphic1>
</dgraphic>
<ditem>
<ptxt>
<phrase category="" id="KC08490046" phrase-urn="urn:x-nevis:phrase:0800c8af81dccd72">Ignition off.</phrase>
</ptxt>
</ditem>
</diaglist>
<test2>
<diaglist>
<dgraphic>
<dgraphic1>
<graphic id="KC08490047">
<href>0900c8af8005444#@#@#9#.jpeg</href>
</graphic>
</dgraphic1>
<dgraphic2>
<graphic id="KC08490048">
<href>0900c8af80054d4#@#@#9#.jpeg</href>
</graphic>
<smarttool id="KC08490049" toolname="ODA"/>
</dgraphic2>
</dgraphic>
<ditem>
<ditemtext>
<ptxt>
<phrase category="" id="KC08490050" phrase-urn="urn:x-nevis:phrase:0800c8af81dccd73">Connect ohmmete#@#@#25#und).</phrase>
</ptxt>
</ditemtext>
</ditem>
</diaglist>
</test2>
</test1>
<question>The ohmmeter sh#@#@#25#ance.</question>
<resact-grp>
<result button="ok" comp="button" highlight="0"/>
<action j2008use="1" paperuse="1" screenuse="1">
<ptxt>
<xref>
<ref id="KC08490051"/>
</xref>
</ptxt>
</action>
</resact-grp>
<resact-grp>
<result button="notok" comp="button" highlight="0"/>
<action j2008use="1" paperuse="1" screenuse="1">
<ptxt>
<xref>
<ref id="KC08490052"/>
</xref>
</ptxt>
</action>
</resact-grp>
</node>
</testgrp>
<testgrp id="KC02172258" j2008use="1" paperuse="1" resumable="1" screenuse="1" testgrp-id="er5-1" x="240" y="320">
<title>
<phrase category="" id="KC08490053" phrase-urn="urn:x-nevis:phrase:0800c8af81dccd76">Checking for a #@#@#8#rcuit</phrase>
</title>
<node>
<test1>
<test2>
<diaglist>
<dgraphic>
<dgraphic2>
<graphic id="KC08490054">
<href>0900c8af80054d4#@#@#9#.jpeg</href>
</graphic>
<smarttool active="press" id="KC08490055" toolname="ODAH"/>
</dgraphic2>
</dgraphic>
<ditem>
<ditemtext>
<ptxt>
<phrase category="" id="KC08490056" phrase-urn="urn:x-nevis:phrase:0800c8af81dccd77">Check cable to #@#@#64#g to <xref>
<ref id="KC08490057"/>
</xref>. </phrase>
</ptxt>
</ditemtext>
</ditem>
</diaglist>
<grate>
<graphic id="KC08490058">
<href>0900c8af800570b#@#@#9#.jpeg</href>
</graphic>
</grate>
</test2>
</test1>
<question>Select "Continu#@#@#32#ied.
</question>
<resact-grp>
<result button="cont" comp="button" highlight="0"/>
<action j2008use="1" paperuse="1" screenuse="1">
<return value="FAULT FOUND"/>
</action>
</resact-grp>
</node>
</testgrp>
<testgrp id="KC02172259" j2008use="1" paperuse="1" resumable="1" screenuse="1" testgrp-id="er6" x="80" y="400">
<title>
<phrase category="" id="KC08490059" phrase-urn="urn:x-nevis:phrase:0800c8af81dccd78">Checking resist#@#@#12#cable</phrase>
</title>
<node>
<test1>
<test2>
<diaglist>
<dgraphic>
<dgraphic1>
<graphic id="KC08490060">
<href>0900c8af80054d6#@#@#9#.jpeg</href>
</graphic>
</dgraphic1>
<dgraphic2>
<graphic id="KC08490061">
<href>0900c8af80054d4#@#@#9#.jpeg</href>
</graphic>
<smarttool id="KC08490062" toolname="ODA"/>
</dgraphic2>
</dgraphic>
<ditem>
<ditemtext>
<ptxt>
<phrase category="" id="KC08490063" phrase-urn="urn:x-nevis:phrase:0800c8af81dccd79">Connect an ohmm#@#@#64#ctor.</phrase>
</ptxt>
</ditemtext>
</ditem>
</diaglist>
</test2>
</test1>
<question>The ohmmeter sh#@#@#9# 0 Ω.</question>
<resact-grp>
<result button="ok" comp="button" highlight="0"/>
<action j2008use="1" paperuse="1" screenuse="1">
<ptxt>
<xref>
<ref id="KC08490064"/>
</xref>
</ptxt>
</action>
</resact-grp>
<resact-grp>
<result button="notok" comp="button" highlight="0"/>
<action j2008use="1" paperuse="1" screenuse="1">
<ptxt>
<xref>
<ref id="KC08490065"/>
</xref>
</ptxt>
</action>
</resact-grp>
</node>
</testgrp>
<testgrp id="KC02172260" j2008use="1" paperuse="1" resumable="1" screenuse="1" testgrp-id="er6-1" x="240" y="400">
<title>
<phrase category="" id="KC08490066" phrase-urn="urn:x-nevis:phrase:0800c8af81dccd7a">Checking for a #@#@#8#rcuit</phrase>
</title>
<node>
<test1>
<test2>
<diaglist>
<dgraphic>
<dgraphic1>
<graphic id="KC08490067">
<href>0900c8af80054d6#@#@#9#.jpeg</href>
</graphic>
</dgraphic1>
<dgraphic2>
<graphic id="KC08490068">
<href>0900c8af80054d4#@#@#9#.jpeg</href>
</graphic>
<smarttool active="press" id="KC08490069" toolname="ODAH"/>
</dgraphic2>
</dgraphic>
<ditem>
<ditemtext>
<ptxt>
<phrase category="" id="KC08490070" phrase-urn="urn:x-nevis:phrase:0800c8af81dccd7b">Check cable to #@#@#64#g to <xref>
<ref id="KC08490071"/>
</xref>. </phrase>
</ptxt>
</ditemtext>
</ditem>
</diaglist>
<grate>
<graphic id="KC08490072">
<href>0900c8af800570b#@#@#9#.jpeg</href>
</graphic>
</grate>
</test2>
</test1>
<question>Select "Continu#@#@#32#ied.
</question>
<resact-grp>
<result button="cont" comp="button" highlight="0"/>
<action j2008use="1" paperuse="1" screenuse="1">
<return value="FAULT FOUND"/>
</action>
</resact-grp>
</node>
</testgrp>
<testgrp id="KC02172261" j2008use="1" paperuse="1" resumable="1" screenuse="1" testgrp-id="er7" x="80" y="480">
<title>
<phrase category="" id="KC08490073" phrase-urn="urn:x-nevis:phrase:0800c8af81dccd7c">Checking exhaus#@#@#15#ensor</phrase>
</title>
<node>
<test1>
<diaglist>
<dgraphic>
<dgraphic1>
<graphic id="KC08490074">
<href>0900c8af80054d3#@#@#9#.jpeg</href>
</graphic>
</dgraphic1>
<dgraphic2>
<graphic id="KC08490075">
<href>0900c8af80054d7#@#@#9#.jpeg</href>
</graphic>
</dgraphic2>
<dgraphic3>
<graphic id="KC08490076">
<href>0900c8af80054cc#@#@#9#.jpeg</href>
</graphic>
</dgraphic3>
</dgraphic>
<ditem>
<ptxt>
<phrase category="" id="KC08490077" phrase-urn="urn:x-nevis:phrase:0800c8af81dccd7d">Connect control#@#@#3#dule.</phrase>
</ptxt>
</ditem>
<ditem>
<ptxt>
<phrase category="" id="KC08490078" phrase-urn="urn:x-nevis:phrase:0800c8af81dccd7e">Insert fuse 1 (#@#@#12#960).</phrase>
</ptxt>
</ditem>
<ditem>
<ptxt>
<phrase category="" id="KC08490079" phrase-urn="urn:x-nevis:phrase:0800c8af81dccd7f">Connect exhaust#@#@#15#nsor.</phrase>
</ptxt>
</ditem>
<ditem>
<ptxt>
<phrase category="" id="KC08490080" phrase-urn="urn:x-nevis:phrase:0800c8af81dccd80">Start engine.</phrase>
</ptxt>
</ditem>
</diaglist>
<test2>
<diaglist>
<dgraphic>
<dgraphic1>
<graphic id="KC08490081">
<href>0900c8af8005444#@#@#9#.jpeg</href>
</graphic>
</dgraphic1>
<dgraphic2>
<graphic id="KC08490082">
<href>0900c8af8012805#@#@#9#.jpeg</href>
</graphic>
<smarttool id="KC08490083" toolname="VACDA"/>
</dgraphic2>
</dgraphic>
<ditem>
<ditemtext>
<ptxt>
<phrase category="" id="KC08490084" phrase-urn="urn:x-nevis:phrase:0800c8af81dccd81">Connect a voltm#@#@#19# #28.</phrase>
</ptxt>
</ditemtext>
</ditem>
</diaglist>
</test2>
</test1>
<question>Voltmeter shoul#@#@#44#Hz).
</question>
<resact-grp>
<result button="ok" comp="button" highlight="0"/>
<action j2008use="1" paperuse="1" screenuse="1">
<ptxt>
<xref>
<ref id="KC08490085"/>
</xref>
</ptxt>
</action>
</resact-grp>
<resact-grp>
<result button="notok" comp="button" highlight="0"/>
<action j2008use="1" paperuse="1" screenuse="1">
<ptxt>
<xref>
<ref id="KC08490086"/>
</xref>
</ptxt>
</action>
</resact-grp>
</node>
</testgrp>
<testgrp id="KC02172262" j2008use="1" paperuse="1" resumable="1" screenuse="1" testgrp-id="er7-2" x="240" y="560">
<title>
<phrase category="" id="KC08490087" phrase-urn="urn:x-nevis:phrase:0800c8af81dccd82">Replacing component</phrase>
</title>
<node>
<test1>
<test2>
<ptxt>
<phrase category="" id="KC08490088" phrase-urn="urn:x-nevis:phrase:0800c8af81dccd83">Try a new exhau#@#@#17#nsor.</phrase>
</ptxt>
<ptxt>
<phrase category="" id="KC08490089" phrase-urn="urn:x-nevis:phrase:0800c8af81dccd84">Clean and treat#@#@#33#g to <xref>
<ref id="KC08490090"/>
</xref>.</phrase>
</ptxt>
<grate>
<graphic id="KC08490091">
<href>0900c8af80056cb#@#@#9#.jpeg</href>
</graphic>
</grate>
</test2>
</test1>
<question>Select "Continu#@#@#32#ied.
</question>
<resact-grp>
<result button="cont" comp="button" highlight="0"/>
<action j2008use="1" paperuse="1" screenuse="1">
<return value="FAULT FOUND"/>
</action>
</resact-grp>
</node>
</testgrp>
<testgrp id="KC02172263" j2008use="1" paperuse="1" resumable="1" screenuse="1" testgrp-id="er7-1" x="240" y="480">
<title>
<phrase category="" id="KC08490092" phrase-urn="urn:x-nevis:phrase:0800c8af81dccd85">Checking for co#@#@#25#ation</phrase>
</title>
<node>
<test1>
<test2>
<ptxt>
<phrase category="" id="KC08490093" phrase-urn="urn:x-nevis:phrase:0800c8af81dccd86">Check cables fo#@#@#73#g to <xref>
<ref id="KC08490094"/>
</xref>.</phrase>
</ptxt>
<grate>
<graphic id="KC08490095">
<href>0900c8af80056cb#@#@#9#.jpeg</href>
</graphic>
</grate>
</test2>
</test1>
<question>Select "Continu#@#@#32#ied.
</question>
<resact-grp>
<result button="cont" comp="button" highlight="0"/>
<action j2008use="1" paperuse="1" screenuse="1">
<return value="FAULT FOUND"/>
</action>
</resact-grp>
</node>
</testgrp>
</diagnostic>
</servinfosub>