<?xml version="1.0" encoding="UTF-8"?><servinfosub IE-ID="en-US0900c8af80536706" docno="VCC-135371" id="KC01667175" xml:lang="en-US">
<title>Replacing the s#@#@#3# rail</title>
<procedure>
<stepgrp>
<procstep id="KC01686814">
<title>Removal</title>
<grate>
<graphic id="KC07550021">
<href>0900c8af8012903#@#@#9#.jpeg</href>
</graphic>
<graphtext>
<list1 enumtype="d" type="unordered">
<title>Remove:</title>
<item>
<ptxt>the seat. See <xref>
<ref id="KC07550022"/>
</xref>
</ptxt>
</item>
<item>
<ptxt>the 4 screws.</ptxt>
</item>
</list1>
</graphtext>
</grate>
</procstep>
<procstep id="KC01686815">
<title>Installation</title>
<para>
<ptxt>In reverse order</ptxt>
<ptxt>Tighten the scr#@#@#28#n to <emph>25 Nm</emph>.</ptxt>
</para>
<note>
<ptxt>thread sealant <emph>115 1053</emph> must be applie#@#@#39#able.</ptxt>
</note>
</procstep>
</stepgrp>
</procedure>
</servinfosub>