<?xml version="1.0" encoding="UTF-8"?><servinfosub IE-ID="en-US0900c8af8654d706" docno="VCC-474238" id="nev21472255n1" original="sv-SE" servinfosubId="nev21472256n1-nev21472255n4" servinfosubRes="0900c8af865b76d0" servinfosubRes2="urn:x-nevis:fragment:0900c8af8654d706:0900c8af865b76d0#nev21472255n4" xml:lang="en-US">
<operationnumbers>
<operationnumber>87486-3</operationnumber>
<operationnumber>87485-2</operationnumber>
</operationnumbers>
<title id="nev21472255n2">Refrigerant pip#@#@#51#valve</title>
<procedure id="nev21472256n1-nev21527024n67">
<stepgrp boilerplate="false" context="" id="nev21472256n1-nev21534331n87">
<title id="nev21472256n1-0800c8af844a46f6">Removal</title>
<procstep id="nev21472256n1-nev21527024n64">
<note id="nev21472256n1-0800c8af844a42fa">
<ptxt>Removal steps i#@#@#45#ails.</ptxt>
</note>
</procstep>
<procstep id="nev21472256n1-nev21527024n62">
<para id="nev21472256n1-nev21534331n85">
<ptxt id="nev21472256n1-nev21534331n86">Drain the refri#@#@#1#erant<xref boilerplate="true" id="nev21472256n1-0800c8af84530c38">
<ref id="nev21472256n1-nev21527024n59"/>
</xref>
</ptxt>
</para>
</procstep>
<procstep id="nev21472256n1-nev21527024n57">
<para id="nev21472256n1-nev21534331n83">
<ptxt id="nev21472256n1-nev21534331n84">Remove the plen#@#@#3#cover<xref boilerplate="true" id="nev21472256n1-0800c8af84525972">
<ref id="nev21472256n1-nev21527024n54"/>
</xref>
</ptxt>
</para>
</procstep>
<procstep id="nev21472256n1-nev21527024n52">
<para id="nev21472256n1-nev21534331n81">
<ptxt id="nev21472256n1-nev21534331n82">Remove the seco#@#@#18#el RH<xref boilerplate="true" id="nev21472256n1-0800c8af84f19dc2">
<ref id="nev21472256n1-nev21527024n49"/>
</xref>
</ptxt>
</para>
</procstep>
<procstep id="nev21472256n1-nev21527024n47">
<grate id="nev21472256n1-nev21534331n79">
<graphic id="nev21472256n1-nev21534331n80">
<href>0900c8af865a6a1#@#@#9#.jpeg</href>
</graphic>
<graphtext id="nev21472256n1-nev21534392n1">
<note id="nev21472256n1-0800c8af85b47f49">
<ptxt>Orientation view</ptxt>
</note>
</graphtext>
</grate>
</procstep>
<procstep id="nev21472256n1-nev21527024n43">
<grate id="nev21472256n1-nev21534331n77">
<graphic id="nev21472256n1-nev21534331n78">
<href>0900c8af865a6be#@#@#9#.jpeg</href>
</graphic>
<graphtext id="nev21472256n1-nev21534396n1">
<caution id="nev21472256n1-0800c8af844a410a">
<ptxt>Make sure that #@#@#19#aled.</ptxt>
</caution>
<para id="nev21472256n1-nev21534331n75">
<ptxt id="nev21472256n1-nev21534331n76">Remove the nuts.</ptxt>
</para>
<list1 enumtype="n" id="nev21472256n1-nev21527024n37" type="ordered">
<item id="nev21472256n1-nev21534331n74">
<ptxt id="nev21472256n1-nev21534331n73">
<torque id="nev21472256n1-nev21527024n35">
<ref id="nev21472256n1-nev21527024n33"/>
</torque>
</ptxt>
</item>
<item id="nev21472256n1-nev21534331n72">
<ptxt id="nev21472256n1-nev21534331n70">
<torque id="nev21472256n1-nev21534331n71">
<ref id="nev21472256n1-nev21534331n69"/>
</torque>
</ptxt>
</item>
</list1>
<para id="nev21472256n1-nev21534331n67">
<ptxt id="nev21472256n1-nev21534331n68">Remove the mark#@#@#3#part.</ptxt>
</para>
</graphtext>
</grate>
</procstep>
<procstep id="nev21472256n1-nev21527024n30">
<grate id="nev21472256n1-nev21534331n65">
<graphic id="nev21472256n1-nev21534331n66">
<href>0900c8af865a6be#@#@#9#.jpeg</href>
</graphic>
</grate>
</procstep>
</stepgrp>
<stepgrp boilerplate="false" context="" id="nev21472256n1-nev21534331n64">
<title id="nev21472256n1-0800c8af844a46f9">Installation</title>
<procstep id="nev21472256n1-nev21527024n25">
<caution id="nev21472256n1-0800c8af844a40ac">
<ptxt>Only use the sp#@#@#35#eals.</ptxt>
</caution>
<note id="nev21472256n1-0800c8af8457b4cb">
<ptxt>Use new seals.</ptxt>
</note>
<note id="nev21472256n1-0800c8af844a43c1">
<ptxt>Make sure that #@#@#25#ated.</ptxt>
</note>
</procstep>
<procstep id="nev21472256n1-nev21527024n21">
<para id="nev21472256n1-nev21534331n62">
<ptxt id="nev21472256n1-nev21534331n63">To install, rev#@#@#22#dure.</ptxt>
</para>
</procstep>
<procstep id="nev21472256n1-nev21527024n18">
<para id="nev21472256n1-nev21534331n60">
<ptxt id="nev21472256n1-nev21534331n61">Perform refrige#@#@#8#lling<xref boilerplate="true" id="nev21472256n1-0800c8af8499ddf7">
<ref id="nev21472256n1-nev21527024n15"/>
</xref>
</ptxt>
</para>
</procstep>
<procstep id="nev21472256n1-nev21527024n13">
<para id="nev21472256n1-nev21534331n58">
<ptxt id="nev21472256n1-nev21534331n59">Perform climate#@#@#10#cking<xref boilerplate="true" id="nev21472256n1-0800c8af8479bff0">
<ref id="nev21472256n1-nev21527024n10"/>
</xref>
</ptxt>
</para>
</procstep>
</stepgrp>
</procedure>
</servinfosub>