<?xml version="1.0" encoding="UTF-8"?><servinfosub IE-ID="en-US0900c8af85b34706" docno="VCC-456745" id="nev18506719n1" xml:lang="en-US">
<title>
<phrase category="Title" id="nev18506719n2" phrase-urn="urn:x-nevis:phrase:0800c8af81eb9a54">Diagnostic trou#@#@#21#ation</phrase>
<phrase category="Prefix" id="nev18506719n3" phrase-urn="urn:x-nevis:phrase:0800c8af8015c3f5">ECM</phrase>-U040287</title>
<diagnostic j2008use="1" paperuse="1" screenuse="1" type="condition">
<condgrp>
<condition type="condition">
<para>
<ptxt>
<phrase category="Condition" id="nev18506719n4" phrase-urn="urn:x-nevis:phrase:0800c8af84ba5d91">The engine cont#@#@#92#TCM).</phrase>
<phrase category="Condition" id="nev18506719n5" phrase-urn="urn:x-nevis:phrase:0800c8af84bb3537">A message conta#@#@#139#rder.</phrase>
</ptxt>
</para>
<ptxt id="nev18506719n6">
<phrase category="Condition" id="nev18506719n7" phrase-urn="urn:x-nevis:phrase:0800c8af82c4843c">The diagnostic #@#@#59#that:</phrase>
</ptxt>
<list1 id="nev18506719n8">
<item id="nev18506719n9">
<ptxt id="nev18506719n10">
<phrase category="Condition" id="nev18506720n1" phrase-urn="urn:x-nevis:phrase:0800c8af8511acb8">Number of messa#@#@#53#atch.</phrase>
</ptxt>
</item>
</list1>
<para id="nev18506720n2">
<ptxt id="nev18506720n3">
<phrase category="Condition" id="nev18506720n4" phrase-urn="urn:x-nevis:phrase:0800c8af82c479d6">The control mod#@#@#67#t of:</phrase>
</ptxt>
</para>
<list1 id="nev18506720n5">
<item id="nev18506720n6">
<ptxt id="nev18506720n7">
<phrase category="Condition" id="nev18506720n8" phrase-urn="urn:x-nevis:phrase:0800c8af83023a3b">Engine running.</phrase>
</ptxt>
</item>
</list1>
<note id="nev18506720n9">
<ptxt id="nev18506720n10">
<phrase category="Condition" id="nev18506721n1" phrase-urn="urn:x-nevis:phrase:0800c8af82c4844b">The control mod#@#@#132# met.</phrase>
</ptxt>
</note>
</condition>
</condgrp>
<condgrp>
<condition type="substitution">
<list1 enumtype="d" type="unordered">
<item>
<ptxt>
<phrase category="Substitution" id="nev18506721n2" phrase-urn="urn:x-nevis:phrase:0800c8af81eb9984">None.</phrase>
</ptxt>
</item>
</list1>
</condition>
<ps>
<list1 enumtype="d" type="unordered">
<item>
<ptxt>
<phrase category="Possible source" id="nev18506721n3" phrase-urn="urn:x-nevis:phrase:0800c8af81eb95af">Fault in the co#@#@#20#CAN).</phrase>
</ptxt>
</item>
<item id="nev18506721n4">
<ptxt id="nev18506721n5">
<phrase category="Possible source" id="nev18506721n6" phrase-urn="urn:x-nevis:phrase:0800c8af81eabb6b">Damaged transmi#@#@#22#TCM).</phrase>
</ptxt>
</item>
</list1>
</ps>
</condgrp>
<condgrp>
<condition type="symptom">
<list1 enumtype="d" type="unordered">
<item>
<ptxt>
<phrase category="Symptom" id="nev18506721n7" phrase-urn="urn:x-nevis:phrase:0800c8af822826c5">None.</phrase>
</ptxt>
</item>
</list1>
</condition>
</condgrp>
</diagnostic>
</servinfosub>