<?xml version="1.0" encoding="UTF-8"?><servinfosub IE-ID="en-US0900c8af83806314" docno="VCC-099657" id="KC01665617" xml:lang="en-US">
<title>
<phrase category="Qualifier" id="nev12142096n1" phrase-urn="urn:x-nevis:phrase:0800c8af8189f4d9">Level too low</phrase>
</title>
<diagnostic j2008use="1" layout="0" paperuse="1" screenuse="1" type="test">
<testgrp IE-ID="en-US0900c8af83806314_nev12081334n100" id="nev12081334n100" j2008use="1" paperuse="0" resumable="1" screenuse="1" testgrp-id="ff" x="100" y="100">
<title id="nev12081334n99">
<phrase category="Title" id="nev12081506n1" phrase-urn="urn:x-nevis:phrase:0800c8af81eb9b6a">Checking components</phrase>
</title>
<subcalloutnode id="nev12081334n98">
<diagcallout id="nev12081334n97">
<xref id="nev12081334n96">
<ref id="l1144132824163"/>
</xref>
</diagcallout>
<rescall-grp id="nev12081334n95">
<result comp="string" highlight="0" id="nev12081334n94" op="eq" return="DONE"/>
<calloutaction id="nev12081334n93">
<ptxt id="nev12081334n92">
<xref id="nev12081334n91">
<ref id="nev12081334n90"/>
</xref>
</ptxt>
</calloutaction>
</rescall-grp>
</subcalloutnode>
</testgrp>
<testgrp id="KC01665618" j2008use="1" paperuse="1" resumable="1" screenuse="1" testgrp-id="node1" x="100" y="320">
<title>
<phrase category="Title" id="nev12081462n1" phrase-urn="urn:x-nevis:phrase:0800c8af81eb9b6a">Checking components</phrase>
</title>
<node>
<test1>
<test2>
<para id="nev12081334n89">
<ptxt id="nev12081334n88">
<phrase category="Faulttracing" id="nev12081464n1" phrase-urn="urn:x-nevis:phrase:0800c8af8377f45b">As described in#@#@#174#time.</phrase>
<phrase category="Faulttracing" id="nev12081465n1" phrase-urn="urn:x-nevis:phrase:0800c8af8377f45f">The diagnostic #@#@#130#code.</phrase>
</ptxt>
<ptxt id="nev12081334n85">
<phrase category="Faulttracing" id="nev12081466n1" phrase-urn="urn:x-nevis:phrase:0800c8af8377f466">If any of the d#@#@#226#des..</phrase>
<phrase category="Faulttracing" id="nev12081468n1" phrase-urn="urn:x-nevis:phrase:0800c8af8377f468">Otherwise, cont#@#@#11#lows.</phrase>
</ptxt>
<ptxt id="nev12081334n82">
<phrase category="Faulttracing" id="nev12081469n1" phrase-urn="urn:x-nevis:phrase:0800c8af8377f469">If there is no #@#@#189#mass.</phrase>
<phrase category="Faulttracing" id="nev12081470n1" phrase-urn="urn:x-nevis:phrase:0800c8af8377f46e">Also check the #@#@#76# not.</phrase>
<phrase category="Faulttracing" id="nev12081471n1" phrase-urn="urn:x-nevis:phrase:0800c8af8377f476">If the counters#@#@#135#ting.</phrase>
<phrase category="Faulttracing" id="nev12081473n1" phrase-urn="urn:x-nevis:phrase:0800c8af8377f478">If the counters#@#@#124#ting.</phrase>
</ptxt>
<ptxt id="nev12081334n76">
<phrase category="Faulttracing" id="nev12081474n1" phrase-urn="urn:x-nevis:phrase:0800c8af8377f47a">A damage to fol#@#@#68# low.</phrase>
</ptxt>
</para>
<list1 id="nev12081334n74">
<item id="nev12081334n73">
<ptxt id="nev12081334n72">
<phrase category="Faulttracing" id="nev12081475n1" phrase-urn="urn:x-nevis:phrase:0800c8af8377f47c">Check the intak#@#@#46#pipe.</phrase>
</ptxt>
</item>
<item id="nev12081334n70">
<ptxt id="nev12081334n69">
<phrase category="Faulttracing" id="nev12081476n1" phrase-urn="urn:x-nevis:phrase:0800c8af8337d7da">Check that the #@#@#126#ents.</phrase>
<phrase category="Faulttracing" id="nev12081477n1" phrase-urn="urn:x-nevis:phrase:0800c8af81c96026">Note!</phrase>
<phrase category="Faulttracing" id="nev12081478n1" phrase-urn="urn:x-nevis:phrase:0800c8af8337d7aa">Even extremely #@#@#69#ored.</phrase>
</ptxt>
</item>
</list1>
<para id="nev12081334n65">
<ptxt id="nev12081334n64">
<phrase category="Faulttracing" id="nev12081479n1" phrase-urn="urn:x-nevis:phrase:0800c8af83777265">For markets whe#@#@#121#ware.</phrase>
<phrase category="Faulttracing" id="nev12081481n1" phrase-urn="urn:x-nevis:phrase:0800c8af837802e2">If the counters#@#@#191#onds.</phrase>
</ptxt>
</para>
<para id="nev12081334n61">
<ptxt id="nev12081334n60">
<phrase category="Faulttracing" id="nev12081483n1" phrase-urn="urn:x-nevis:phrase:0800c8af81ea4b6b">Remedy as necessary.</phrase>
</ptxt>
</para>
<list1 id="nev12081334n58">
<title id="nev12081334n57">
<phrase category="Title" id="nev12081484n1" phrase-urn="urn:x-nevis:phrase:0800c8af81ea4cd6">Other information</phrase>
</title>
<item id="nev12081334n55">
<ptxt id="nev12081334n54">
<xref id="nev12081334n53">
<ref id="l1144133191205"/>
</xref>
</ptxt>
</item>
<item id="nev12081334n51">
<ptxt id="nev12081334n50">
<xref id="nev12081334n49">
<ref id="l1144133220928"/>
</xref>
</ptxt>
</item>
<item id="nev12081334n47">
<ptxt id="nev12081334n46">
<xref id="nev12081334n45">
<ref id="l1144133247887"/>
</xref>
</ptxt>
</item>
</list1>
<para id="nev12081334n43">
<ptxt id="nev12081334n42">
<phrase category="Faulttracing" id="nev12081492n1" phrase-urn="urn:x-nevis:phrase:0800c8af81c96070">Caution!</phrase>
<phrase category="Faulttracing" id="nev12081493n1" phrase-urn="urn:x-nevis:phrase:0800c8af8377db03">In order for El#@#@#134#rmed:</phrase>
</ptxt>
</para>
<list1 id="nev12081334n39">
<item id="nev12081334n38">
<ptxt id="nev12081334n37">
<phrase category="Faulttracing" id="nev12081494n1" phrase-urn="urn:x-nevis:phrase:0800c8af8377db04">Ignition off, w#@#@#127#ETM).</phrase>
</ptxt>
</item>
<item id="nev12081334n35">
<ptxt id="nev12081334n34">
<phrase category="Faulttracing" id="nev12081495n1" phrase-urn="urn:x-nevis:phrase:0800c8af8377db09">Then turn on th#@#@#28#gain.</phrase>
</ptxt>
</item>
<item id="nev12081334n32">
<ptxt id="nev12081334n31">
<phrase category="Faulttracing" id="nev12081496n1" phrase-urn="urn:x-nevis:phrase:0800c8af8377db0b">Wait another th#@#@#7#utes.</phrase>
<phrase category="Faulttracing" id="nev12081499n1" phrase-urn="urn:x-nevis:phrase:0800c8af8377db0d">If the electric#@#@#180#ctly.</phrase>
<phrase category="Faulttracing" id="nev12081500n1" phrase-urn="urn:x-nevis:phrase:0800c8af8377f4e1">If this is not #@#@#160#ixed.</phrase>
</ptxt>
</item>
</list1>
</test2>
</test1>
<question>
Select Continue.
</question>
<resact-grp>
<result button="cont" comp="button" highlight="0"/>
<action j2008use="1" paperuse="0" screenuse="1">
<ptxt>
<xref>
<ref id="KC08617776"/>
</xref>
</ptxt>
</action>
<action j2008use="0" paperuse="1" screenuse="0">
<return value="FAULT FOUND"/>
</action>
</resact-grp>
</node>
</testgrp>
<testgrp id="KC01665619" j2008use="1" paperuse="0" resumable="1" screenuse="1" testgrp-id="info4" x="100" y="520">
<title>
<phrase category="" id="KC08617777" phrase-urn="urn:x-nevis:phrase:0800c8af81de8978">Fault-tracing i#@#@#5#ation</phrase>
</title>
<subcalloutnode>
<diagcallout>
<xref>
<ref id="KC08617778"/>
</xref>
</diagcallout>
<rescall-grp>
<result comp="string" highlight="0" op="eq" return="NEW TRY"/>
<calloutaction>
<ptxt>
<xref>
<ref id="KC08617779"/>
</xref>
</ptxt>
</calloutaction>
</rescall-grp>
<rescall-grp>
<result comp="string" highlight="0" op="eq" return="FAULT FOUND"/>
<calloutaction>
<return value="FAULT FOUND"/>
</calloutaction>
</rescall-grp>
</subcalloutnode>
</testgrp>
</diagnostic>
</servinfosub>