<?xml version="1.0" encoding="UTF-8"?><servinfosub IE-ID="en-US0900c8af80950314" docno="VCC-124944" id="KC01621035" xml:lang="en-US">
<title>Installing part#@#@#19#using</title>
<procedure>
<proctools>
<toolitem id="KC04096570"/>
<toolitem id="KC04096571"/>
<toolitem id="KC04096572"/>
</proctools>
<stepgrp id="KC01671620">
<procstep id="KC01671621">
<title>Installing the #@#@#28#ushes</title>
<grate>
<graphic id="KC04096573">
<href>0900c8af801397a#@#@#9#.jpeg</href>
</graphic>
<graphtext>
<para>
<ptxt>Coat the mating#@#@#52#6-0. </ptxt>
<ptxt>Locate the inne#@#@#20#rift <toolitem id="KC04096574"/>.</ptxt>
<ptxt>Fit the remote #@#@#73#hole.</ptxt>
<ptxt>Tap in the bear#@#@#61#ting.</ptxt>
<ptxt>Remove the punc#@#@#27#rift <toolitem id="KC04096575"/>.</ptxt>
<ptxt>Locate the oute#@#@#20#rift <toolitem id="KC04096576"/>.</ptxt>
<ptxt>Fit the remote #@#@#22#sing.</ptxt>
<ptxt>Tap in the bear#@#@#61#ting.</ptxt>
<ptxt>Remove the remo#@#@#20#rift <toolitem id="KC04096577"/>.</ptxt>
</para>
</graphtext>
</grate>
</procstep>
<procstep id="KC01671622">
<title>Installing the #@#@#18# seal</title>
<grate>
<graphic id="KC04096578">
<href>0900c8af801397a#@#@#9#.jpeg</href>
</graphic>
<graphtext>
<para>
<ptxt>Pack the lip of#@#@#35#29-2.</ptxt>
<ptxt>Fit the <emph>new</emph> oil seal with #@#@#8#tool <toolitem id="KC04096579"/> so that is loc#@#@#40#face.</ptxt>
</para>
</graphtext>
</grate>
</procstep>
<procstep id="KC01671623">
<title>Installing the #@#@#16#anism</title>
<grate>
<graphic id="KC04096580">
<href>0900c8af803f739#@#@#9#.jpeg</href>
</graphic>
<graphtext>
<para>
<ptxt>Coat the shift #@#@#70#029-2</ptxt>
<ptxt>Install the rub#@#@#78#bber.</ptxt>
<ptxt>Install the rub#@#@#26#haft.</ptxt>
<ptxt>Locate the sele#@#@#61#sing.</ptxt>
<ptxt>Install the two#@#@#68#haft.</ptxt>
<ptxt>Locate the two #@#@#46# (7).</ptxt>
<ptxt>Install the circlip.</ptxt>
<ptxt>Install the rub#@#@#26#ring.</ptxt>
<ptxt>Check for corre#@#@#8#tion.</ptxt>
<ptxt>Install the com#@#@#30#side.</ptxt>
</para>
</graphtext>
</grate>
</procstep>
<procstep id="KC01671624">
<title>Installing the #@#@#35# cups</title>
<grate>
<graphic id="KC04096581">
<href>0900c8af803f79f#@#@#9#.jpeg</href>
</graphic>
<graphtext>
<para>
<ptxt>Coat the mating#@#@#52#6-6. </ptxt>
<ptxt>Introduce the b#@#@#38#sing.</ptxt>
<ptxt>Tap in bearings#@#@#26#rift <toolitem id="KC04096582"/>.</ptxt>
</para>
</graphtext>
</grate>
</procstep>
<procstep id="KC01671625">
<title>Installing the #@#@#6#annel</title>
<grate>
<graphic id="KC04096583">
<href>0900c8af803f73a#@#@#9#.jpeg</href>
</graphic>
<graphtext>
<para>
<ptxt>Locate the oil #@#@#18#sing.</ptxt>
</para>
<caution>
<ptxt>Make sure that #@#@#58#oned.</ptxt>
</caution>
</graphtext>
</grate>
</procstep>
<procstep id="KC01671626">
<title>Installing the #@#@#8# unit</title>
<grate>
<graphic id="KC04096584">
<href>0900c8af8013979#@#@#9#.jpeg</href>
</graphic>
<graphtext>
<para>
<ptxt>Press the breat#@#@#31#sing.</ptxt>
<ptxt>Install the bre#@#@#6#unit.</ptxt>
</para>
</graphtext>
</grate>
</procstep>
</stepgrp>
</procedure>
</servinfosub>