<?xml version="1.0" encoding="UTF-8"?><servinfosub IE-ID="en-US0900c8af804aa916" docno="VCC-098083" id="KC01458198" xml:lang="en-US">
<title>
<phrase category="" id="KC07317455" phrase-urn="urn:x-nevis:phrase:0800c8af81ab0868">Diagnostic trou#@#@#21#ation</phrase>
</title>
<diagnostic type="condition">
<condgrp>
<condition type="condition">
<ptxt>
<phrase category="" id="KC07317456" phrase-urn="urn:x-nevis:phrase:0800c8af81ab0869">Diagnostic trou#@#@#154#ker. </phrase>
</ptxt>
</condition>
<ps>
<list1 enumtype="d" type="unordered">
<item>
<ptxt>
<phrase category="" id="KC07317457" phrase-urn="urn:x-nevis:phrase:0800c8af81ab086c">Short-circuit t#@#@#102#ule. </phrase>
</ptxt>
</item>
</list1>
</ps>
</condgrp>
<condgrp>
<condition type="symptom">
<list1 enumtype="d" type="unordered">
<item>
<ptxt>
<phrase category="" id="KC07317458" phrase-urn="urn:x-nevis:phrase:0800c8af81ab0871">Hands-free func#@#@#18#tion.</phrase>
</ptxt>
</item>
<item>
<ptxt>
<phrase category="" id="KC07317459" phrase-urn="urn:x-nevis:phrase:0800c8af81ab0874">Message on comb#@#@#62#ing. </phrase>
</ptxt>
</item>
</list1>
</condition>
</condgrp>
</diagnostic>
</servinfosub>