<?xml version="1.0" encoding="UTF-8"?><servinfosub IE-ID="en-US0900c8af85cb0601" docno="VCC-370710" id="nev13715281n1" original="sv-SE" servinfosubId="nev13715282n1-nev19009631n1" servinfosubRes="0900c8af85cb0631" servinfosubRes2="urn:x-nevis:fragment:0900c8af85cb0601:0900c8af85cb0631#nev19009631n1" xml:lang="en-US">
<operationnumbers>
<operationnumber>43748-2</operationnumber>
</operationnumbers>
<title id="nev13715276n44">Cover, control #@#@#1#ystem</title>
<procedure id="nev13715282n1-nev19009633n2">
<stepgrp boilerplate="false" context="" id="nev13715282n1-nev19009585n43">
<title id="nev13715282n1-nev19009633n4">Removal</title>
<procstep id="nev13715282n1-nev19009633n5">
<note id="nev13715282n1-nev19009633n7">
<ptxt>Removal steps i#@#@#45#ails.</ptxt>
</note>
</procstep>
<procstep id="nev13715282n1-nev19009633n8">
<para id="nev13715282n1-nev19009585n41">
<ptxt id="nev13715282n1-nev19009585n42">Remove the air #@#@#9#using<xref boilerplate="true" id="nev13715282n1-nev19009634n2">
<ref id="nev13715282n1-nev19009634n3"/>
</xref>
</ptxt>
</para>
</procstep>
<procstep id="nev13715282n1-nev19009634n4">
<para id="nev13715282n1-nev19009585n39">
<ptxt id="nev13715282n1-nev19009585n40">Drain oil trans#@#@#2#ssion<xref boilerplate="true" id="nev13715282n1-nev19009634n8">
<ref id="nev13715282n1-nev19009634n9"/>
</xref>
</ptxt>
</para>
</procstep>
<procstep id="nev13715282n1-nev19009585n38">
<para id="nev13715282n1-nev19009585n34">
<ptxt id="nev13715282n1-nev19009585n36">Remove vacuum p#@#@#12#oster<xref boilerplate="true" id="nev13715282n1-nev19009585n37">
<ref id="nev13715282n1-nev19009585n35"/>
</xref>
</ptxt>
</para>
</procstep>
<procstep id="nev13715282n1-nev19009585n33">
<grate id="nev13715282n1-nev19009585n31">
<graphic id="nev13715282n1-nev19009585n32">
<href>0900c8af84bd10c#@#@#9#.jpeg</href>
</graphic>
<graphtext id="nev13715282n1-nev19009681n1">
<para id="nev13715282n1-nev19009585n27">
<ptxt id="nev13715282n1-nev19009585n29">
<torque id="nev13715282n1-nev19009585n30">
<ref id="nev13715282n1-nev19009585n28"/>
</torque>
</ptxt>
</para>
</graphtext>
</grate>
</procstep>
<procstep id="nev13715282n1-nev19009634n10">
<grate id="nev13715282n1-nev19009635n1">
<graphic id="nev13715282n1-nev19009635n2">
<href>0900c8af8431bb1#@#@#9#.jpeg</href>
</graphic>
<graphtext id="nev13715282n1-nev19009688n1">
<para id="nev13715282n1-nev19009585n25">
<ptxt id="nev13715282n1-nev19009585n26">
<torque id="nev13715282n1-nev19009635n6">
<ref id="nev13715282n1-nev19009635n7"/>
</torque>
</ptxt>
</para>
</graphtext>
</grate>
</procstep>
<procstep id="nev13715282n1-nev19009635n8">
<grate id="nev13715282n1-nev19009635n9">
<graphic id="nev13715282n1-nev19009635n10">
<href>0900c8af8405566#@#@#9#.jpeg</href>
</graphic>
</grate>
</procstep>
<procstep id="nev13715282n1-nev19009636n1">
<grate id="nev13715282n1-nev19009636n2">
<graphic id="nev13715282n1-nev19009636n3">
<href>0900c8af847dd3d#@#@#9#.jpeg</href>
</graphic>
<graphtext id="nev13715282n1-nev19009698n1">
<para id="nev13715282n1-nev19009585n23">
<ptxt id="nev13715282n1-nev19009585n24">
<torque id="nev13715282n1-nev19009636n7">
<ref id="nev13715282n1-nev19009636n8"/>
</torque>
</ptxt>
</para>
</graphtext>
</grate>
</procstep>
<procstep id="nev13715282n1-nev19009636n9">
<grate id="nev13715282n1-nev19009636n10">
<graphic id="nev13715282n1-nev19009637n1">
<href>0900c8af847dd16#@#@#9#.jpeg</href>
</graphic>
<graphtext id="nev13715282n1-nev19009705n1">
<note id="nev13715282n1-nev19009637n4">
<ptxt>Use new seals.</ptxt>
</note>
</graphtext>
</grate>
</procstep>
</stepgrp>
<stepgrp boilerplate="false" context="" id="nev13715282n1-nev19009585n22">
<title id="nev13715282n1-nev19009637n6">Installation</title>
<procstep id="nev13715282n1-nev19009637n7">
<para id="nev13715282n1-nev19009585n20">
<ptxt id="nev13715282n1-nev19009585n21">To install, rev#@#@#22#dure.</ptxt>
</para>
</procstep>
<procstep id="nev13715282n1-nev19009638n1">
<para id="nev13715282n1-nev19009585n18">
<ptxt id="nev13715282n1-nev19009585n19">Fill oil transm#@#@#1#ssion<xref boilerplate="true" id="nev13715282n1-nev19009638n5">
<ref id="nev13715282n1-nev19009638n6"/>
</xref>
</ptxt>
</para>
</procstep>
</stepgrp>
</procedure>
</servinfosub>