<?xml version="1.0" encoding="UTF-8"?><servinfosub IE-ID="en-US0900c8af80cc6601" docno="VCC-150084" id="KC02730032" xml:lang="en-US">
<title>
<phrase category="" id="KC08233082" phrase-urn="urn:x-nevis:phrase:0800c8af81da963b">Diagnostic trou#@#@#30#-0071</phrase>
</title>
<diagnostic type="condition">
<condgrp>
<condition type="condition">
<grate>
<graphic id="KC08233083" width="column">
<href>0900c8af804458d#@#@#9#.jpeg</href>
</graphic>
<graphtext>
<para>
<ptxt>
<phrase category="" id="KC08233084" phrase-urn="urn:x-nevis:phrase:0800c8af81da963c">The electrical #@#@#83#dule.</phrase>
</ptxt>
</para>
<para>
<ptxt>
<phrase category="" id="KC08233085" phrase-urn="urn:x-nevis:phrase:0800c8af81da963d">The diagnostic #@#@#146#w 9V.</phrase>
</ptxt>
</para>
<para>
<ptxt>
<phrase category="" id="KC08233086" phrase-urn="urn:x-nevis:phrase:0800c8af81da963e">The diagnostic #@#@#64#d on.</phrase>
</ptxt>
</para>
<note>
<ptxt>
<phrase category="" id="KC08233087" phrase-urn="urn:x-nevis:phrase:0800c8af81da963f">For vehicles ma#@#@#303#tely.</phrase>
</ptxt>
</note>
</graphtext>
</grate>
</condition>
</condgrp>
<condgrp>
<condition type="substitution">
<list1 enumtype="d" type="unordered">
<item>
<ptxt>
<phrase category="" id="KC08233088" phrase-urn="urn:x-nevis:phrase:0800c8af81da9640">No power steeri#@#@#5#fect.</phrase>
</ptxt>
</item>
</list1>
</condition>
<ps>
<list1 enumtype="d" type="unordered">
<item>
<ptxt>
<phrase category="" id="KC08233089" phrase-urn="urn:x-nevis:phrase:0800c8af81da9641">Contact resista#@#@#28#inals</phrase>
</ptxt>
</item>
<item>
<ptxt>
<phrase category="" id="KC08233090" phrase-urn="urn:x-nevis:phrase:0800c8af81da9642">Open-circuit in#@#@#12#upply</phrase>
</ptxt>
</item>
<item>
<ptxt>
<phrase category="" id="KC08233091" phrase-urn="urn:x-nevis:phrase:0800c8af81da9643">Short-circuit t#@#@#24#pply.</phrase>
</ptxt>
</item>
</list1>
</ps>
</condgrp>
<condgrp>
<condition type="symptom">
<list1 enumtype="d" type="unordered">
<item>
<ptxt>
<phrase category="" id="KC08233092" phrase-urn="urn:x-nevis:phrase:0800c8af81da9644">No or weak powe#@#@#12#ffect</phrase>
</ptxt>
</item>
<item>
<ptxt>
<phrase category="" id="KC08233093" phrase-urn="urn:x-nevis:phrase:0800c8af81da9645">General warning#@#@#4#p lit</phrase>
</ptxt>
</item>
<item>
<ptxt>
<phrase category="" id="KC08233094" phrase-urn="urn:x-nevis:phrase:0800c8af81da9646">Messages in the#@#@#4#play.</phrase>
</ptxt>
</item>
</list1>
</condition>
</condgrp>
</diagnostic>
</servinfosub>