<?xml version="1.0" encoding="UTF-8"?><servinfosub IE-ID="en-US0900c8af8047d80a" docno="VCC-064522" id="KC01455656" xml:lang="en-US">
<title>Badge</title>
<procedure opcode="1234" opnbr="1234">
<procstep id="KC01485062">
<title>Replacing the badge</title>
<grate>
<graphic id="KC07054472">
<href>0900c8af8012605#@#@#9#.jpeg</href>
</graphic>
<graphtext>
<list1 enumtype="d" type="unordered">
<item>
<ptxt>Heat the badge #@#@#25# gun </ptxt>
</item>
<item>
<ptxt>Carefully remov#@#@#6#badge</ptxt>
</item>
<item>
<ptxt>Clean any dirt #@#@#42#irit.</ptxt>
</item>
</list1>
<warning>
<ptxt>Avoid skin expo#@#@#16#irit.</ptxt>
</warning>
<list1 enumtype="d" type="unordered">
<item>
<ptxt>Remove the back#@#@#15#verse</ptxt>
</item>
<item>
<ptxt>Position the ba#@#@#51#lace.</ptxt>
</item>
</list1>
</graphtext>
</grate>
</procstep>
<procstep id="KC01459423">
<title>Replacing prote#@#@#7#trips</title>
<grate>
<graphic id="KC07054473">
<href>0900c8af8012605#@#@#9#.jpeg</href>
</graphic>
<graphtext>
<list1 enumtype="d" type="unordered">
<item>
<ptxt>First partially#@#@#58#ssary</ptxt>
</item>
<item>
<ptxt>Carefully bend #@#@#28#work </ptxt>
</item>
<item>
<ptxt>Clean grease an#@#@#36#irit.</ptxt>
</item>
</list1>
<warning>
<ptxt>Avoid skin expo#@#@#16#irit.</ptxt>
</warning>
<list1 enumtype="d" type="unordered">
<item>
<ptxt>Remove the back#@#@#15#verse</ptxt>
</item>
<item>
<ptxt>Position the st#@#@#30#ace. </ptxt>
</item>
</list1>
<note>
<ptxt>If a new front #@#@#327#last.</ptxt>
</note>
</graphtext>
</grate>
</procstep>
<procstep id="KC01485063">
<title>Replacing sill #@#@#2#lding</title>
<grate>
<graphic id="KC07054474">
<href>0900c8af8012605#@#@#9#.jpeg</href>
</graphic>
<graphtext>
<list1 enumtype="d" type="unordered">
<item>
<ptxt>Remove the fron#@#@#38#rews)</ptxt>
</item>
<item>
<ptxt>Remove the thre#@#@#33#trim </ptxt>
</item>
<item>
<ptxt>Carefully pull #@#@#49#work.</ptxt>
</item>
</list1>
<note>
<ptxt>The sill moldin#@#@#19#tape.</ptxt>
</note>
<list1 enumtype="d" type="unordered">
<item>
<ptxt>Slide the door #@#@#28#ve it</ptxt>
</item>
<item>
<ptxt>Checking the mo#@#@#2#tings</ptxt>
</item>
<item>
<ptxt>Apply double-si#@#@#69#strip</ptxt>
</item>
<item>
<ptxt>Position the do#@#@#32#ards </ptxt>
</item>
<item>
<ptxt>Install the thr#@#@#14#lips.</ptxt>
</item>
</list1>
<note>
<ptxt>Install the fro#@#@#60#ape).</ptxt>
</note>
</graphtext>
</grate>
</procstep>
<procstep id="KC01419460">
<title>Replacing the r#@#@#3# trim</title>
<grate>
<graphic id="KC07054475">
<href>0900c8af8012605#@#@#9#.jpeg</href>
</graphic>
<graphtext>
<list1 enumtype="d" type="unordered">
<item>
<ptxt>Remove the plug#@#@#2#(4x).</ptxt>
</item>
</list1>
<caution>
<ptxt>Carefully twist#@#@#29#ont. </ptxt>
</caution>
<list1 enumtype="d" type="unordered">
<item>
<ptxt>Remove the reta#@#@#19#e car</ptxt>
</item>
<item>
<ptxt>Install all the#@#@#54#place</ptxt>
</item>
<item>
<ptxt>Cut away a few #@#@#68#post.</ptxt>
<ptxt>Check that the #@#@#20#aged.</ptxt>
<ptxt>Touch up if nec#@#@#1#ssary</ptxt>
</item>
<item>
<ptxt>Position the tr#@#@#75# rack</ptxt>
</item>
<item>
<ptxt>Press the trim #@#@#18#ront.</ptxt>
</item>
</list1>
</graphtext>
</grate>
</procstep>
</procedure>
</servinfosub>