<?xml version="1.0" encoding="UTF-8"?><diagnostic IE-ID="en-US0900c8af8281b80a" docno="VCC-258641" id="nev10845945n1" layout="0" type="test" xml:lang="en-US">
<title>
<phrase category="" id="nev10845945n2" phrase-urn="urn:x-nevis:phrase:0800c8af8271f50f">Verification</phrase>
</title>
<testgrp IE-ID="en-US0900c8af8281b80a_nev10845945n3" id="nev10845945n3" j2008use="1" paperuse="1" resumable="1" screenuse="1" testgrp-id="verifnode" x="120" y="120">
<title>
<phrase category="" id="nev10845945n4" phrase-urn="urn:x-nevis:phrase:0800c8af8271f510">Verification</phrase>
</title>
<node>
<test1>
<hint>
<ptxt>
<phrase category="" id="nev10845945n5" phrase-urn="urn:x-nevis:phrase:0800c8af8271f511">After carrying #@#@#50#died.</phrase>
</ptxt>
</hint>
<diaglist>
<dgraphic>
<dgraphic1>
<graphic id="nev10845945n6">
<href>0900c8af80054d3#@#@#9#.jpeg</href>
</graphic>
</dgraphic1>
<dgraphic2>
<graphic id="nev10845945n7">
<href>0900c8af80054d7#@#@#9#.jpeg</href>
</graphic>
</dgraphic2>
</dgraphic>
<ditem>
<ptxt>
<phrase category="" id="nev10845945n8" phrase-urn="urn:x-nevis:phrase:0800c8af8271f512">Ignition off</phrase>
</ptxt>
</ditem>
<ditem>
<ptxt>
<phrase category="" id="nev10845945n9" phrase-urn="urn:x-nevis:phrase:0800c8af8271f513">Reconnect the c#@#@#31# etc.</phrase>
</ptxt>
</ditem>
<ditem>
<ptxt>
<phrase category="" id="nev10845945n10" phrase-urn="urn:x-nevis:phrase:0800c8af8271f514">Start the engine.</phrase>
</ptxt>
</ditem>
</diaglist>
<test2>
<para>
<ptxt>
<phrase category="" id="nev10845946n1" phrase-urn="urn:x-nevis:phrase:0800c8af8271f515">Read off the di#@#@#136#list.</phrase>
</ptxt>
</para>
<para>
<ptxt>
<phrase category="" id="nev10845946n2" phrase-urn="urn:x-nevis:phrase:0800c8af8271f516">Increase the en#@#@#54#te". </phrase>
</ptxt>
</para>
<para>
<ptxt>
<phrase category="" id="nev10845946n3" phrase-urn="urn:x-nevis:phrase:0800c8af8271f517">Check the fault#@#@#178#lete.</phrase>
</ptxt>
</para>
<diaglist>
<dgraphic>
<dgraphic2>
<graphic id="nev10845946n4">
<href>0900c8af86c8681#@#@#9#.jpeg</href>
</graphic>
<smarttool active="press" id="l1109152628996"/>
</dgraphic2>
</dgraphic>
<ditem>
<ditemtext>
<ptxt>
<phrase category="" id="nev10845946n6" phrase-urn="urn:x-nevis:phrase:0800c8af8271f518"/>
</ptxt>
</ditemtext>
</ditem>
</diaglist>
</test2>
</test1>
<question>
Is the functio#@#@#1# OK?
</question>
<resact-grp>
<result button="yes" comp="button" highlight="0"/>
<action j2008use="1" paperuse="1" screenuse="1">
<return value="VERIFIED"/>
</action>
</resact-grp>
<resact-grp>
<result button="no" comp="button" highlight="0"/>
<action j2008use="1" paperuse="1" screenuse="1">
<return value="VERIFICATION FAILED"/>
</action>
</resact-grp>
</node>
</testgrp>
</diagnostic>