<?xml version="1.0" encoding="UTF-8"?><servinfosub IE-ID="en-US0900c8af8068580a" docno="VCC-041032" id="KC02203398" servinfosubId="nev20686002n1-nev20686002n2" servinfosubRes="0900c8af862c25d3" servinfosubRes2="urn:x-nevis:fragment:0900c8af8068580a:0900c8af862c25d3#nev20686002n2" xml:lang="en-US">
<title>General</title>
<grate>
<graphic id="nev20686002n1-KC08377463" width="column">
<href>0900c8af8012df4#@#@#11#.jpeg</href>
</graphic>
<graphtext>
<para>
<ptxt>Powered driver #@#@#228#ions.</ptxt>
<ptxt>The control mod#@#@#149#back.</ptxt>
<ptxt>The control mod#@#@#177#otor.</ptxt>
</para>
</graphtext>
</grate>
</servinfosub>