<?xml version="1.0" encoding="UTF-8"?><servinfosub IE-ID="en-US0900c8af80880403" docno="VCC-118415" id="KC01199407" xml:lang="en-US">
<title>Governor, replacing</title>
<procedure>
<stepgrp id="KC01199408">
<title>Removal</title>
<procstep>
<title>Governor</title>
<grate>
<graphic id="KC07350326">
<href>0900c8af80054db#@#@#9#.jpeg</href>
</graphic>
<graphtext>
<list1 enumtype="d">
<item>
<ptxt>Disconnect the #@#@#13# See <xref>
<ref id="KC07350327"/>
</xref>
</ptxt>
</item>
<item>
<ptxt>Disconnect the #@#@#4#ector</ptxt>
</item>
<item>
<ptxt>Undo the nuts o#@#@#6#cover</ptxt>
</item>
<item>
<ptxt>Slacken off the#@#@#20#cover</ptxt>
</item>
<item>
<ptxt>Remove the scre#@#@#15#ernor</ptxt>
</item>
<item>
<ptxt>Lift the govern#@#@#7# out.</ptxt>
</item>
</list1>
</graphtext>
</grate>
</procstep>
</stepgrp>
<stepgrp id="KC01199409">
<title>Installation</title>
<procstep>
<title>Governor</title>
<list1 enumtype="d">
<item>
<ptxt>In reverse order.</ptxt>
</item>
</list1>
</procstep>
</stepgrp>
</procedure>
</servinfosub>