<?xml version="1.0" encoding="UTF-8"?><servinfosub IE-ID="en-US0900c8af844d6403" docno="VCC-370926" id="nev13717270n1" original="sv-SE" servinfosubId="nev13717271n1-nev13717273n1" servinfosubRes="0900c8af844d6405" servinfosubRes2="urn:x-nevis:fragment:0900c8af844d6403:0900c8af844d6405#nev13717273n1" xml:lang="en-US">
<title id="nev13717267n81">Fender</title>
<procedure id="nev13717271n1-nev13717272n86">
<note id="nev13717271n1-nev13717272n87">
<ptxt id="nev13717271n1-nev13717272n88">The illustratio#@#@#176#rect.</ptxt>
</note>
<stepgrp id="nev13717271n1-nev13717272n67">
<title id="nev13717271n1-nev13717272n89">Preparatory work</title>
<procstep id="nev13717271n1-nev13717272n68">
<title id="nev13717271n1-nev13717272n90">Removing compon#@#@#19#amage</title>
<para id="nev13717271n1-nev13717272n91">
<ptxt id="nev13717271n1-nev13717272n92">Remove componen#@#@#14#d in <xref id="nev13717271n1-nev13717272n93">
<ref id="nev13717271n1-nev13717272n69"/>
</xref> and <xref id="nev13717271n1-nev13717272n94">
<ref id="nev13717271n1-nev13717272n70"/>
</xref>.</ptxt>
</para>
<para id="nev13717271n1-nev13717272n95">
<ptxt id="nev13717271n1-nev13717272n96">Pull out the da#@#@#59#ents.</ptxt>
</para>
<para id="nev13717271n1-nev13717272n97">
<ptxt id="nev13717271n1-nev13717272n98">Determine the e#@#@#21#See: <xref id="nev13717271n1-nev13717272n99">
<ref id="nev13717271n1-nev13717272n71"/>
</xref> and: <xref id="nev13717271n1-nev13717272n100">
<ref id="nev13717271n1-nev13717272n72"/>
</xref>.</ptxt>
</para>
</procstep>
</stepgrp>
<stepgrp id="nev13717271n1-nev13717272n73">
<title id="nev13717271n1-nev13717275n1">Removal</title>
<procstep id="nev13717271n1-nev13717272n74">
<title id="nev13717271n1-nev13717275n2">Removing the re#@#@#4#ender</title>
<grate id="nev13717271n1-nev13717275n3">
<graphic id="nev13717271n1-nev13717272n75">
<href>0900c8af8135ab4#@#@#9#.jpeg</href>
</graphic>
<graphtext id="nev13717271n1-nev13717275n4">
<para id="nev13717271n1-nev13717275n5">
<ptxt id="nev13717271n1-nev13717275n6">Roughly cut at #@#@#72#tion.</ptxt>
</para>
<para id="nev13717271n1-nev13717275n7">
<ptxt id="nev13717271n1-nev13717275n8">The join (1) is#@#@#70#ment.</ptxt>
<ptxt id="nev13717271n1-nev13717275n9">Cut 70 mm (M1) #@#@#37#late.</ptxt>
</para>
<para id="nev13717271n1-nev13717275n10">
<ptxt id="nev13717271n1-nev13717275n11">45 mm below the#@#@#40# (2).</ptxt>
</para>
<para id="nev13717271n1-nev13717275n12">
<ptxt id="nev13717271n1-nev13717275n13">Drill out the s#@#@#24#nder.</ptxt>
</para>
</graphtext>
</grate>
<grate id="nev13717271n1-nev13717275n14">
<graphic id="nev13717271n1-nev13717272n76">
<href>0900c8af8135ab4#@#@#9#.jpeg</href>
</graphic>
<graphtext id="nev13717271n1-nev13717275n15">
<note id="nev13717271n1-nev13717275n16">
<ptxt id="nev13717271n1-nev13717275n17"> There is a rei#@#@#138#oint.</ptxt>
</note>
<para id="nev13717271n1-nev13717275n18">
<ptxt id="nev13717271n1-nev13717275n19">Inside the rear#@#@#119#le.  </ptxt>
<ptxt id="nev13717271n1-nev13717275n20">(M2 = 15 mm, se#@#@#40#weld.</ptxt>
</para>
<para id="nev13717271n1-nev13717275n21">
<ptxt id="nev13717271n1-nev13717275n22">Grind clean and#@#@#17#imer.</ptxt>
</para>
</graphtext>
</grate>
</procstep>
</stepgrp>
<stepgrp id="nev13717271n1-nev13717272n77">
<title id="nev13717271n1-nev13717275n23">Installation</title>
<procstep id="nev13717271n1-nev13717272n78">
<title id="nev13717271n1-nev13717275n24">Installing the #@#@#6#ender</title>
<para id="nev13717271n1-nev13717275n25">
<ptxt id="nev13717271n1-nev13717275n26">When welding see: <xref id="nev13717271n1-nev13717275n27">
<ref id="nev13717271n1-nev13717272n79"/>
</xref>.</ptxt>
</para>
<para id="nev13717271n1-nev13717275n28">
<ptxt id="nev13717271n1-nev13717275n29">Rough cut the r#@#@#71#ints.</ptxt>
</para>
<para id="nev13717271n1-nev13717275n30">
<ptxt id="nev13717271n1-nev13717275n31">Knock the wheel#@#@#78#nder.</ptxt>
</para>
<para id="nev13717271n1-nev13717275n32">
<ptxt id="nev13717271n1-nev13717275n33">Weld the thread#@#@#44#ved. </ptxt>
</para>
<grate id="nev13717271n1-nev13717275n34">
<graphic id="nev13717271n1-nev13717272n80">
<href>0900c8af8135ab4#@#@#9#.jpeg</href>
</graphic>
<graphtext id="nev13717271n1-nev13717275n35">
<para id="nev13717271n1-nev13717275n36">
<ptxt id="nev13717271n1-nev13717275n37">Use foam rubber#@#@#21#See: <xref id="nev13717271n1-nev13717275n38">
<ref id="nev13717271n1-nev13717272n81"/>
</xref>. </ptxt>
<ptxt id="nev13717271n1-nev13717275n39">This is to prev#@#@#37#ody. </ptxt>
</para>
</graphtext>
</grate>
<para id="nev13717271n1-nev13717275n40">
<ptxt id="nev13717271n1-nev13717275n41">Secure the rear#@#@#3#nder.</ptxt>
</para>
<para id="nev13717271n1-nev13717275n42">
<ptxt id="nev13717271n1-nev13717275n43">Install the rea#@#@#58#ment.</ptxt>
</para>
<para id="nev13717271n1-nev13717275n44">
<ptxt id="nev13717271n1-nev13717275n45">Saw the cutting#@#@#3#ints.</ptxt>
</para>
<para id="nev13717271n1-nev13717275n46">
<ptxt id="nev13717271n1-nev13717275n47">Weld the rear f#@#@#36#5 mm.</ptxt>
<ptxt id="nev13717271n1-nev13717275n48">For the locatio#@#@#37#tion.</ptxt>
</para>
<para id="nev13717271n1-nev13717275n49">
<ptxt id="nev13717271n1-nev13717275n50">Seal seams and #@#@#18#d in <xref id="nev13717271n1-nev13717275n51">
<ref id="nev13717271n1-nev13717272n82"/>
</xref>. </ptxt>
</para>
<para id="nev13717271n1-nev13717275n52">
<ptxt id="nev13717271n1-nev13717275n53">Rust-proof. See: <xref id="nev13717271n1-nev13717275n54">
<ref id="nev13717271n1-nev13717272n83"/>
</xref>.</ptxt>
</para>
<para id="nev13717271n1-nev13717275n55">
<ptxt id="nev13717271n1-nev13717275n56">Install compone#@#@#15#d in <xref id="nev13717271n1-nev13717275n57">
<ref id="nev13717271n1-nev13717272n84"/>
</xref> and <xref id="nev13717271n1-nev13717275n58">
<ref id="nev13717271n1-nev13717272n85"/>
</xref>.</ptxt>
</para>
</procstep>
</stepgrp>
</procedure>
</servinfosub>