<?xml version="1.0" encoding="UTF-8"?><servinfosub IE-ID="en-US0900c8af80532403" docno="VCC-129807" id="KC01623697" xml:lang="en-US">
<title>Replacing the b#@#@#47# (TC)</title>
<procedure>
<stepgrp id="KC01623698">
<procstep id="KC01623699">
<title>Removing the bo#@#@#48# (TC)</title>
<grate>
<graphic id="KC07531377">
<href>0900c8af80121f8#@#@#9#.jpeg</href>
</graphic>
<graphtext>
<list1 enumtype="d">
<item>
<ptxt>Remove the engi#@#@#3#cover</ptxt>
</item>
<item>
<ptxt>Detach the vacu#@#@#41#alve </ptxt>
</item>
<item>
<ptxt>Remove the lock#@#@#72#(TC) </ptxt>
</item>
<item>
<ptxt>Remove the 2 nu#@#@#39#alve.</ptxt>
</item>
</list1>
</graphtext>
</grate>
</procstep>
</stepgrp>
<stepgrp id="KC01623700">
<procstep id="KC01623701">
<title>Installing the #@#@#48# (TC)</title>
<grate>
<graphic id="KC07531378">
<href>0900c8af80121f8#@#@#9#.jpeg</href>
</graphic>
<graphtext>
<list1 enumtype="d">
<item>
<ptxt>Install the boo#@#@#53#n to <emph>8 Nm</emph>
</ptxt>
</item>
<item>
<ptxt>Connect the vac#@#@#40#alve </ptxt>
</item>
<item>
<ptxt>Check the adjus#@#@#42# see <xref>
<ref id="KC07531379"/>
</xref>
</ptxt>
</item>
<item>
<ptxt>Connect the arm#@#@#64#asher</ptxt>
</item>
<item>
<ptxt>Install the eng#@#@#5#over.</ptxt>
</item>
</list1>
</graphtext>
</grate>
</procstep>
</stepgrp>
</procedure>
</servinfosub>