<?xml version="1.0" encoding="UTF-8"?><servinfosub IE-ID="en-US0900c8af80687403" docno="VCC-047284" id="KC02157772" servinfosubId="nev20686181n1-nev20686181n2" servinfosubRes="0900c8af862c2745" servinfosubRes2="urn:x-nevis:fragment:0900c8af80687403:0900c8af862c2745#nev20686181n2" xml:lang="en-US">
<title>Transmission co#@#@#13#(TCM)</title>
<grate>
<graphic id="nev20686181n1-KC08390815" width="column">
<href>0900c8af8012799#@#@#9#.jpeg</href>
</graphic>
<graphtext>
<para>
<ptxt>The TCM (1) rec#@#@#37# (2):</ptxt>
</para>
<list1 enumtype="d" type="unordered">
<item>
<ptxt>Engine loading,#@#@#12#(3). </ptxt>
</item>
<item>
<ptxt>Throttle openin#@#@#12# (4).</ptxt>
</item>
</list1>
<para>
<ptxt>The data is use#@#@#53#red. </ptxt>
</para>
</graphtext>
</grate>
</servinfosub>