<?xml version="1.0" encoding="UTF-8"?><servinfosub IE-ID="en-US0900c8af84b25403" docno="VCC-401880" id="nev14994158n1" xml:lang="en-US">
<title>
<phrase category="Title" id="nev14994166n1" phrase-urn="urn:x-nevis:phrase:0800c8af81eb9a54">Diagnostic trou#@#@#21#ation</phrase>
</title>
<diagnostic j2008use="1" paperuse="1" screenuse="1" type="condition">
<condgrp>
<condition type="condition">
<grate>
<graphic id="nev14994158n3">
<href>0900c8af8204a3c#@#@#9#.jpeg</href>
</graphic>
<graphtext>
<ptxt>
<phrase category="" id="nev14994158n4" phrase-urn="urn:x-nevis:phrase:0800c8af823e29a5">The Engine Cont#@#@#67#tion.</phrase>
</ptxt>
<ptxt>
<phrase category="" id="nev14994158n5" phrase-urn="urn:x-nevis:phrase:0800c8af823e29a6">If the Engine C#@#@#162#ated.</phrase>
</ptxt>
<ptxt>
<phrase category="" id="nev14994158n6" phrase-urn="urn:x-nevis:phrase:0800c8af823e29a7">The diagnostic #@#@#49#s on.</phrase>
</ptxt>
</graphtext>
</grate>
</condition>
</condgrp>
<condgrp>
<condition type="substitution">
<list1 enumtype="d" type="unordered">
<item>
<ptxt>
<phrase category="" id="nev14994158n7" phrase-urn="urn:x-nevis:phrase:0800c8af823e29a8">Nothing.</phrase>
</ptxt>
</item>
</list1>
</condition>
<ps>
<list1 enumtype="d" type="unordered">
<item>
<ptxt>
<phrase category="" id="nev14994158n8" phrase-urn="urn:x-nevis:phrase:0800c8af823e29a9">Loose connectio#@#@#49#tor. </phrase>
</ptxt>
</item>
<item>
<ptxt>
<phrase category="" id="nev14994158n9" phrase-urn="urn:x-nevis:phrase:0800c8af823e29aa">Open circuit or#@#@#72#alve.</phrase>
</ptxt>
</item>
<item>
<ptxt>
<phrase category="" id="nev14994158n10" phrase-urn="urn:x-nevis:phrase:0800c8af823e29ab">The bypass valv#@#@#18#mmed.</phrase>
</ptxt>
</item>
<item>
<ptxt>
<phrase category="" id="nev14994159n1" phrase-urn="urn:x-nevis:phrase:0800c8af823e29ac">Damaged bypass #@#@#1#alve.</phrase>
</ptxt>
</item>
</list1>
</ps>
</condgrp>
<condgrp>
<condition type="symptom">
<list1 enumtype="d" type="unordered">
<item>
<ptxt>
<phrase category="" id="nev14994159n2" phrase-urn="urn:x-nevis:phrase:0800c8af823e29ad">Nothing.</phrase>
</ptxt>
</item>
</list1>
</condition>
</condgrp>
</diagnostic>
</servinfosub>