<?xml version="1.0" encoding="UTF-8"?><servinfosub IE-ID="en-US0900c8af80685403" docno="VCC-040799" id="KC02213994" servinfosubId="nev20685999n1-nev20685999n2" servinfosubRes="0900c8af862c25cd" servinfosubRes2="urn:x-nevis:fragment:0900c8af80685403:0900c8af862c25cd#nev20685999n2" xml:lang="en-US">
<title>Programming Gua#@#@#21#dule </title>
<topic>
<title>Functions</title>
<grate>
<graphic id="nev20685999n1-KC08376003">
<href>0900c8af806799f#@#@#9#.jpeg</href>
</graphic>
<graphtext>
<para>
<ptxt>The control mod#@#@#88#nces.</ptxt>
</para>
</graphtext>
</grate>
</topic>
<topic>
<title>1. Sensitivity,#@#@#32#nsor)</title>
<para>
<ptxt>Default value:</ptxt>
<ptxt>Sensitivity 3.</ptxt>
<ptxt>Sensitivity is #@#@#49# the <emph etype="bold">highest</emph> sensitivity.
T#@#@#114#ness.</ptxt>
<ptxt>See installatio#@#@#37#tion.</ptxt>
<ptxt>This function i#@#@#48#rm I.</ptxt>
</para>
</topic>
<topic>
<title>2. Activation</title>
<para>
<ptxt>Default value:</ptxt>
<ptxt>Hard automatic #@#@#9#n OFF</ptxt>
<ptxt>Soft automatic #@#@#9#n OFF</ptxt>
<ptxt>Reactivation OFF</ptxt>
<ptxt>Common to both #@#@#30#tion:</ptxt>
<ptxt>The alarm is ac#@#@#138#osed.</ptxt>
<ptxt>The car's centr#@#@#30#ated.</ptxt>
<ptxt>The alarm is NO#@#@#127#idly.</ptxt>
</para>
<para>
<title>HARD automatic #@#@#6#tion:</title>
<ptxt>The alarm is tr#@#@#40#with.</ptxt>
</para>
<para>
<title>SOFT automatic #@#@#6#tion:</title>
<ptxt>The visible and#@#@#86#ened.</ptxt>
<ptxt>However, if a d#@#@#176#tton.</ptxt>
<ptxt>SOFT activation#@#@#100#ted.
</ptxt>
</para>
<para>
<title>Reactivation:</title>
<ptxt>After deactivat#@#@#245#ers.
</ptxt>
</para>
<note>
<ptxt>If the car is e#@#@#86#ted.
</ptxt>
</note>
</topic>
<topic>
<title>3. Central lock#@#@#23#tion
</title>
<para>
<ptxt>Default value:</ptxt>
<ptxt>Central locking#@#@#7# , ON</ptxt>
<ptxt>Panic function , ON</ptxt>
<ptxt>Either function#@#@#50#ther.</ptxt>
</para>
</topic>
<topic>
<title>4. Acknowledgem#@#@#5#ignal</title>
<para>
<ptxt>Default settings:</ptxt>
<ptxt>Visible acknowl#@#@#8# , ON</ptxt>
<ptxt>Audible acknowl#@#@#9#, OFF</ptxt>
<ptxt>Visible acknowl#@#@#18#, OFF</ptxt>
</para>
<para>
<title>Visible acknowl#@#@#31#tors)</title>
<ptxt>When the alarm #@#@#159#iven.</ptxt>
</para>
<para>
<title>Audible acknowl#@#@#11#horn
</title>
<ptxt>When the alarm #@#@#148#iven.</ptxt>
</para>
<para>
<title>Visible acknowl#@#@#14#ton
2</title>
<ptxt>When an extra f#@#@#207#on 2.</ptxt>
<ptxt>Electrical inst#@#@#75#rols.</ptxt>
</para>
</topic>
<topic>
<title>5. Alarm durati#@#@#41#nsor)</title>
<para>
<ptxt>Default setting:</ptxt>
<ptxt>Alarm duration #@#@#12#nds.
</ptxt>
<ptxt>This time appli#@#@#78#onds.</ptxt>
</para>
</topic>
<topic>
<title>6. Audible alar#@#@#81# lid)</title>
<para>
<ptxt>Default setting:</ptxt>
<ptxt>Signal pattern 4.</ptxt>
<ptxt>See <xref>
<ref id="nev20685999n1-KC08376004"/>
</xref>.</ptxt>
</para>
</topic>
<topic>
<title>7. Audible alar#@#@#59#nsor)</title>
<para>
<ptxt>Default setting:</ptxt>
<ptxt>Signal pattern 6.</ptxt>
<ptxt>See <xref>
<ref id="nev20685999n1-KC08376005"/>
</xref>.</ptxt>
</para>
</topic>
<topic>
<title>8. Visible alar#@#@#4#ttern</title>
<para>
<ptxt>Default setting:</ptxt>
<ptxt>Signal pattern 3.</ptxt>
<ptxt>See <xref>
<ref id="nev20685999n1-KC08376006"/>
</xref>.</ptxt>
</para>
</topic>
</servinfosub>