<?xml version="1.0" encoding="UTF-8"?><servinfosub IE-ID="en-US0800c8af8278191a" docno="T9999839" id="ST-0800c8af8278191a" xml:lang="en-US">
<title>999 9839 Tool board </title>
<grate>
<graphic id="0900c8af854b695a"/>
<graphtext>
<deflist>
<defitem>
<term>Tool number:</term>
<def>999 9839-5</def>
</defitem>
<defitem>
<term>Tool description:</term>
<def>Tool board (4K,#@#@#8#3 mm)</def>
</defitem>
<defitem>
<term>Tool board:</term>
<def/>
</defitem>
</deflist>
</graphtext>
</grate>
</servinfosub>