<?xml version="1.0" encoding="UTF-8"?><servinfosub IE-ID="en-US0900c8af81aa291a" docno="VCC-163307" id="KC07189686" xml:lang="en-US">
<title>
<phrase category="" id="KC09579750" phrase-urn="urn:x-nevis:phrase:0800c8af82722450">Configuration fault</phrase>
</title>
<diagnostic type="test">
<testgrp IE-ID="en-US0900c8af81aa291a_KC07266002" id="KC07266002" j2008use="1" paperuse="1" resumable="1" screenuse="1" testgrp-id="node1" x="160" y="80">
<title>
<phrase category="" id="KC09579751" phrase-urn="urn:x-nevis:phrase:0800c8af82722451">Information</phrase>
</title>
<node>
<test1>
<test2>
<para>
<ptxt>
<phrase category="" id="KC09579752" phrase-urn="urn:x-nevis:phrase:0800c8af82722452">The diagnostic #@#@#219#dule.</phrase>
</ptxt>
</para>
<para>
<ptxt>
<phrase category="" id="KC09579753" phrase-urn="urn:x-nevis:phrase:0800c8af82722453">A possible caus#@#@#294# See <emph>“Programming th#@#@#12#dule”</emph> in <xref>
<ref id="KC09579754"/>
</xref>. </phrase>
</ptxt>
</para>
<para>
<ptxt>
<phrase category="" id="KC09579755" phrase-urn="urn:x-nevis:phrase:0800c8af82722454">Remedy as necessary.</phrase>
</ptxt>
</para>
</test2>
</test1>
<question>
Select "Contin#@#@#8#xit.
</question>
<resact-grp>
<result button="cont" comp="button" highlight="0"/>
<action j2008use="1" paperuse="1" screenuse="1">
<return value="DONE"/>
</action>
</resact-grp>
</node>
</testgrp>
</diagnostic>
</servinfosub>