<?xml version="1.0" encoding="UTF-8"?><script xmlns:nevis="http://www.volvocars.com/namespaces/processing" xmlns:xlink="http://www.w3.org/1999/xlink" IE-ID="en-US0900c8af87f7591a" docno="VCC-508542" id="nev29117792n1" nevis:expl-profile="mdl536yr2018" nevis:profile="urn:x-nevis:profile:0b00c8af8734696f" nevis:projectdocument="urn:x-nevis:projectdocument:0800c8af87f75974" nevis:resource="0900c8af87f75995" nevis:resource2="urn:x-nevis:fragment:0900c8af87f7591a:0900c8af87f75995#nev29117792n1" nevis:session-id="" qualifierinfotype="14:06" xml:lang="en-US"><title id="nev29117792n2"><phrase category="Title" id="nev29117792n3" phrase-urn="urn:x-nevis:phrase:0800c8af86f03262">Component test:</phrase><phrase category="Generic Component" id="nev29117792n4" phrase-urn="urn:x-nevis:phrase:0800c8af86949a49">Remote key</phrase></title><content id="nev29117792n5-nev29117779n1" nevis:expl-profile="mdl536yr2018" nevis:idfrom="nev29117792n5" nevis:prefix="nev29117792n5" nevis:profile="urn:x-nevis:profile:0b00c8af8734696f" nevis:resource="0900c8af87f75993" nevis:resource2="urn:x-nevis:fragment:0900c8af87f7591a:0900c8af87f75993#nev29117779n1" xml:lang="en-US"><nodes id="nev29117792n5-nev29117779n2"/><SpaScript Id="4b7159da-98df-4230-98ef-12e4c5278aab" Name="Component test: Remote key " Type="FaultTracing" id="nev29117792n5-nev29117794n1"><Module Annotation="First we run the generic component test module.&#xD;&#xA;After that you can put your individual&#xD;&#xA;component tests..." IsEventHandler="false" Name="Main" id="nev29117792n5-nev29117795n1"><Variable Annotation="" Id="test_remove" Scope="Local" Type="InfoDisplay" id="nev29117792n5-nev29117796n1"><Value Type="InfoDisplayVariable" id="nev29117792n5-nev29117797n1"><infoDisplay id="nev29117792n5-nev29117779n7"><title id="nev29117792n5-nev29117779n8"><freeText id="nev29117792n5-nev29117779n9">Test Test Test</freeText></title><para id="nev29117792n5-nev29117779n10"><freeText id="nev29117792n5-nev29117780n1">Detta är den ge#@#@#45#p... </freeText></para><para id="nev29117792n5-nev29117780n2"><freeText id="nev29117792n5-nev29117780n3">Denna text visa#@#@#42#erats</freeText></para></infoDisplay></Value></Variable><Variable Annotation="" Id="Input" Scope="Input" Type="FaultTracing.Input" id="nev29117792n5-nev29117798n1"/><Component Annotation="Generic test to inform about the DTC condition for faulttracing this cmponent." ComponentId="CallModule_GenericComponentTest" Enabled="false" id="nev29117792n5-nev29117799n1"><CallModule id="nev29117792n5-nev29117800n1"><Input Module="GenericComponentTest" id="nev29117792n5-nev29117801n1"><Arg Value="{Input}" id="nev29117792n5-nev29117802n1"/></Input></CallModule></Component><Component ComponentId="RunScript1" id="nev29117792n5-nev29117803n1"><RunScript id="nev29117792n5-nev29117804n1"><Input id="nev29117792n5-nev29117805n1"><NevisLink ProjectDocumentId="0800c8af87f5a6e6" VCCNumber="VCC-508484-1" VariantId="0900c8af87f5a6f6" id="nev29117792n5-nev29117806n1"/><Contract id="nev29117792n5-nev29117807n1"/><Arguments id="nev29117792n5-nev29117808n1"/><NevisXRef id="nev29117792n5-nev29117809n1"><ref id="nev29117792n5-nev29117793n1"><locator xlink:href="#nev29117792n5-nev29117793n1" xlink:type="locator"/><locator xlink:href="urn:x-nevis:xref:0800c8af87f5a6e6:00000000:00000000#nev29064941n1" xlink:type="locator"/><arc nevis:href="urn:x-nevis:xref:0800c8af87f5a6e6:00000000:00000000#nev29064941n1" xlink:title="VCC-508484, Remote key" xlink:type="arc"/></ref></NevisXRef></Input></RunScript></Component></Module><Module IsEventHandler="false" Name="Final" id="nev29117792n5-nev29117813n1"/><Module Annotation="Do not touch!" IsEventHandler="false" Name="GenericComponentTest" id="nev29117792n5-nev29117814n1"><Variable Annotation="" Id="InfoDisplayFromGenericLogic" Scope="Local" Type="InfoDisplay" id="nev29117792n5-nev29117815n1"><Value Type="InfoDisplayVariable" id="nev29117792n5-nev29117816n1"><infoDisplay id="nev29117792n5-nev29117782n1"/></Value></Variable><Variable Annotation="" Id="DTCs" Scope="Input" Type="List[String]" id="nev29117792n5-nev29117817n1"/><Component ComponentId="Logger_running_generic" id="nev29117792n5-nev29117818n1"><Logger id="nev29117792n5-nev29117819n1"><Input Text="Running module GenericComponenttest in component test 14:06" id="nev29117792n5-nev29117820n1"/></Logger></Component><Component Annotation="Run the Generic Logic 14:00" ComponentId="RunScript_generic_logic" id="nev29117792n5-nev29117821n1"><RunScript id="nev29117792n5-nev29117822n1"><Input id="nev29117792n5-nev29117823n1"><NevisLink ProjectDocumentId="0800c8af86b6bb5c" VCCNumber="VCC-479232-1" VariantId="0900c8af86b6bb6b" id="nev29117792n5-nev29117824n1"/><Contract id="nev29117792n5-nev29117825n1"><InputVariable Name="DTC_input_data" Type="FaultTracing.Input" id="nev29117792n5-nev29117826n1"/><OutputVariable Name="Error" Type="Double" id="nev29117792n5-nev29117827n1"/><OutputVariable Name="ReturnInfoDisplay" Type="InfoDisplay" id="nev29117792n5-nev29117828n1"/><OutputVariable Name="Only_UC_since_LC" Type="Double" id="nev29117792n5-nev29117829n1"/><OutputVariable Name="TF_since_LC_TestPassedNow" Type="Double" id="nev29117792n5-nev29117830n1"/><OutputVariable Name="TF_since_LC_TestNotRunning" Type="Double" id="nev29117792n5-nev29117831n1"/><OutputVariable Name="TF_since_LC_and_UC_this_OC" Type="Double" id="nev29117792n5-nev29117832n1"/><OutputVariable Name="FaultFreeComponent" Type="Double" id="nev29117792n5-nev29117833n1"/></Contract><Arguments InputValue1="{DTCs}" id="nev29117792n5-nev29117834n1"/><NevisXRef id="nev29117792n5-nev29117783n10"><ref id="nev29117792n5-nev29117784n1"><locator xlink:href="#nev29117792n5-nev29117784n1" xlink:type="locator"/><locator xlink:href="urn:x-nevis:xref:0800c8af86b6bb5c:00000000:00000000#nev22873702n1" xlink:type="locator"/><arc nevis:href="urn:x-nevis:xref:0800c8af86b6bb5c:00000000:00000000#nev22873702n1" xlink:title="VCC-479232, Generic logic for component test" xlink:type="arc"/></ref></NevisXRef></Input></RunScript></Component><If Annotation="if no error show generic info about DTC status for component" LogicId="If_no_error" id="nev29117792n5-nev29117838n1"><LogicStatement Expression="RunScript_generic_logic_Result.Error == False" id="nev29117792n5-nev29117839n1"/><True id="nev29117792n5-nev29117840n1"><Component ComponentId="Logger_showing_infodisplay" id="nev29117792n5-nev29117841n1"><Logger id="nev29117792n5-nev29117842n1"><Input Text="Showing information from generic logic script" id="nev29117792n5-nev29117843n1"/></Logger></Component><Component Annotation="From infodisplay returned by generic logic to a local infodisplay variable due to a bug in SPASE " ComponentId="AssignValue_Infodisplay" id="nev29117792n5-nev29117844n1"><AssignValue id="nev29117792n5-nev29117845n1"><Input AssignTo="{InfoDisplayFromGenericLogic}" Value="{RunScript_generic_logic_Result ReturnInfoDisplay}" id="nev29117792n5-nev29117846n1"/></AssignValue></Component><Component Annotation="Result from the generic logic 14:00" ComponentId="DisplayInformation_FromGenericLogic" id="nev29117792n5-nev29117847n1"><DisplayInformation id="nev29117792n5-nev29117848n1"><Input ButtonType="0" InfoDisplay="{InfoDisplayFromGenericLogic}" id="nev29117792n5-nev29117849n1"/></DisplayInformation></Component><If Annotation="If component only has unconfirmed DTC" LogicId="If_OnlyUnconfirmed" id="nev29117792n5-nev29117850n1"><LogicStatement Expression="RunScript_generic_logic_Result.Only_UC_since_LC == True" id="nev29117792n5-nev29117851n1"/><True id="nev29117792n5-nev29117852n1"><Component ComponentId="Logger_onlyUnconfirmed" id="nev29117792n5-nev29117853n1"><Logger id="nev29117792n5-nev29117854n1"><Input Text="componentTest 14:06 generic module GenericcomponentTest is running generic 14:00 script for only unconfirmed since generic logic responded that there was only unconfirmed DTC" id="nev29117792n5-nev29117855n1"/></Logger></Component><Component Annotation="Generic Logic only for unconfirmed faulttracing" ComponentId="RunScript_OnlyUnconfirmed" id="nev29117792n5-nev29117856n1"><RunScript id="nev29117792n5-nev29117857n1"><Input id="nev29117792n5-nev29117858n1"><NevisLink ProjectDocumentId="0800c8af86bbe0d4" VCCNumber="VCC-479592-1" VariantId="0900c8af86bbddf9" id="nev29117792n5-nev29117859n1"/><Contract id="nev29117792n5-nev29117860n1"><InputVariable Name="AttemptNo" Type="Double" id="nev29117792n5-nev29117861n1"/><InputVariable Name="DTCs" Type="List[String]" id="nev29117792n5-nev29117862n1"/><OutputVariable Name="Verified" Type="Double" id="nev29117792n5-nev29117863n1"/><OutputVariable Name="ReturningInfodisplay" Type="InfoDisplay" id="nev29117792n5-nev29117864n1"/></Contract><Arguments InputValue1="1" InputValue2="{DTCs}" id="nev29117792n5-nev29117865n1"/><NevisXRef id="nev29117792n5-nev29117786n10"><ref id="nev29117792n5-nev29117787n1"><locator xlink:href="#nev29117792n5-nev29117787n1" xlink:type="locator"/><locator xlink:href="urn:x-nevis:xref:0800c8af86bbe0d4:00000000:00000000#nev22964386n1" xlink:type="locator"/><arc nevis:href="urn:x-nevis:xref:0800c8af86bbe0d4:00000000:00000000#nev22964386n1" xlink:title="VCC-479592, GenericLogicForOnlyUnconfirmedComponentTest" xlink:type="arc"/></ref></NevisXRef></Input></RunScript></Component><Component ComponentId="AssignValue_infodisplay" id="nev29117792n5-nev29117869n1"><AssignValue id="nev29117792n5-nev29117870n1"><Input AssignTo="{InfoDisplayFromGenericLogic}" Value="{RunScript_OnlyUnconfirmed_Result ReturningInfodisplay}" id="nev29117792n5-nev29117871n1"/></AssignValue></Component><Component ComponentId="DisplayInformation_ResultOnlyUnconfirmed" id="nev29117792n5-nev29117872n1"><DisplayInformation id="nev29117792n5-nev29117873n1"><Input ButtonType="0" InfoDisplay="{InfoDisplayFromGenericLogic}" id="nev29117792n5-nev29117874n1"/></DisplayInformation></Component><If Annotation="Verified ?" LogicId="If1" id="nev29117792n5-nev29117875n1"><LogicStatement Expression="RunScript_OnlyUnconfirmed_Result.Verified == True" id="nev29117792n5-nev29117876n1"/><True id="nev29117792n5-nev29117877n1"><Component Annotation="Verified" ComponentId="Logger_finished" id="nev29117792n5-nev29117878n1"><Logger id="nev29117792n5-nev29117879n1"><Input Text="Generic fault tracing instructions for only unconfirmed fault finished. the fault is verified..." id="nev29117792n5-nev29117880n1"/></Logger></Component></True><Else id="nev29117792n5-nev29117881n1"><Component ComponentId="Logger_NotVerifiedRetry2" id="nev29117792n5-nev29117882n1"><Logger id="nev29117792n5-nev29117883n1"><Input Text="The only unconfirmed fault is not verified... Running onlyUnconfirmedScript 14:00 one more time..." id="nev29117792n5-nev29117884n1"/></Logger></Component><Component Annotation="Second try" ComponentId="RunScriptUnconfirmed_2" id="nev29117792n5-nev29117885n1"><RunScript id="nev29117792n5-nev29117886n1"><Input id="nev29117792n5-nev29117887n1"><NevisLink ProjectDocumentId="0800c8af86bbe0d4" VCCNumber="VCC-479592-1" VariantId="0900c8af86bbddf9" id="nev29117792n5-nev29117888n1"/><Contract id="nev29117792n5-nev29117889n1"><InputVariable Name="AttemptNo" Type="Double" id="nev29117792n5-nev29117890n1"/><InputVariable Name="DTCs" Type="List[String]" id="nev29117792n5-nev29117891n1"/><OutputVariable Name="Verified" Type="Double" id="nev29117792n5-nev29117892n1"/><OutputVariable Name="ReturningInfodisplay" Type="InfoDisplay" id="nev29117792n5-nev29117893n1"/></Contract><Arguments InputValue1="2" InputValue2="{DTCs}" id="nev29117792n5-nev29117894n1"/><NevisXRef id="nev29117792n5-nev29117789n8"><ref id="nev29117792n5-nev29117789n9"><locator xlink:href="#nev29117792n5-nev29117789n9" xlink:type="locator"/><locator xlink:href="urn:x-nevis:xref:0800c8af86bbe0d4:00000000:00000000#nev22964386n1" xlink:type="locator"/><arc nevis:href="urn:x-nevis:xref:0800c8af86bbe0d4:00000000:00000000#nev22964386n1" xlink:title="VCC-479592, GenericLogicForOnlyUnconfirmedComponentTest" xlink:type="arc"/></ref></NevisXRef></Input></RunScript></Component><Component Annotation="" ComponentId="AssignValue_infodisplay2" id="nev29117792n5-nev29117898n1"><AssignValue id="nev29117792n5-nev29117899n1"><Input AssignTo="{InfoDisplayFromGenericLogic}" Value="{RunScriptUnconfirmed_2_Result ReturningInfodisplay}" id="nev29117792n5-nev29117900n1"/></AssignValue></Component><Component ComponentId="DisplayInformation_ResultUC_2" id="nev29117792n5-nev29117901n1"><DisplayInformation id="nev29117792n5-nev29117902n1"><Input ButtonType="0" InfoDisplay="{InfoDisplayFromGenericLogic}" id="nev29117792n5-nev29117903n1"/></DisplayInformation></Component></Else></If></True><Else id="nev29117792n5-nev29117904n1"/></If></True><Else id="nev29117792n5-nev29117905n1"><Component ComponentId="Logger_error" id="nev29117792n5-nev29117906n1"><Logger id="nev29117792n5-nev29117907n1"><Input Text="Error! Something is wrong in generic logic14:00 script, no condition is true. disabling viewing of the generic information, continueing directly to specific fault tracing..." id="nev29117792n5-nev29117908n1"/></Logger></Component></Else></If><Component ComponentId="Logger_Finished" id="nev29117792n5-nev29117909n1"><Logger id="nev29117792n5-nev29117910n1"><Input Text="Generic module in 14:06 component test is finished, continuing with specific tests...." id="nev29117792n5-nev29117911n1"/></Logger></Component></Module></SpaScript></content></script>