<?xml version="1.0" encoding="UTF-8"?><servinfosub IE-ID="en-US0900c8af8067c91a" docno="VCC-074625" id="KC02134808" xml:lang="en-US">
<title>
<phrase category="" id="KC08507209" phrase-urn="urn:x-nevis:phrase:0800c8af81dcf7d8">Fault tracing i#@#@#5#ation</phrase>
</title>
<diagnostic id="KC02312552" type="condition">
<condgrp>
<condition type="condition">
<ptxt>
<phrase category="" id="KC08507210" phrase-urn="urn:x-nevis:phrase:0800c8af81dcf7d9">
<emph>          All i#@#@#54#ding.</emph>
</phrase>
</ptxt>
<ptxt>
<phrase category="" id="KC08507211" phrase-urn="urn:x-nevis:phrase:0800c8af81dcf7da">      Check the#@#@#45#nged:</phrase>
</ptxt>
</condition>
</condgrp>
</diagnostic>
</servinfosub>