<?xml version="1.0" encoding="UTF-8"?><servinfosub IE-ID="en-US0900c8af84611206" docno="VCC-370352" id="nev13712895n1" original="sv-SE" servinfosubId="nev13712896n1-nev13712901n1" servinfosubRes="0900c8af84611263" servinfosubRes2="urn:x-nevis:fragment:0900c8af84611206:0900c8af84611263#nev13712901n1" xml:lang="en-US">
<operationnumbers>
<operationnumber>28106-2</operationnumber>
</operationnumbers>
<title id="nev13712890n83">Spark plugs</title>
<procedure id="nev13712896n1-nev13712900n23">
<stepgrp boilerplate="false" context="" id="nev13712896n1-nev13891392n65">
<title id="nev13712896n1-nev13712900n24">Removal</title>
<procstep id="nev13712896n1-nev13891392n83">
<note id="nev13712896n1-nev13891392n63">
<ptxt>Removal steps i#@#@#45#ails.</ptxt>
</note>
</procstep>
<procstep id="nev13712896n1-nev13891391n86">
<para id="nev13712896n1-nev13891392n58">
<ptxt id="nev13712896n1-nev13891392n60">Remove ignition coil<xref boilerplate="true" id="nev13712896n1-nev13891392n61">
<ref id="nev13712896n1-nev13891392n59"/>
</xref>
</ptxt>
</para>
</procstep>
<procstep id="nev13712896n1-nev13891358n29">
<grate id="nev13712896n1-nev13712900n33">
<graphic id="nev13712896n1-nev13712900n34">
<href>0900c8af830c2d6#@#@#9#.jpeg</href>
</graphic>
<graphtext id="nev13712896n1-nev13891399n1">
<para id="nev13712896n1-nev13891392n55">
<ptxt id="nev13712896n1-nev13891392n56">
<torque id="nev13712896n1-nev13712900n62">
<ref id="nev13712896n1-nev13712900n63"/>
</torque>
</ptxt>
</para>
</graphtext>
</grate>
</procstep>
<procstep id="nev13712896n1-nev13891358n26">
<grate id="nev13712896n1-nev13712900n43">
<graphic id="nev13712896n1-nev13712900n44">
<href>0900c8af830c2d8#@#@#9#.jpeg</href>
</graphic>
<graphtext id="nev13712896n1-nev13891406n1">
<para id="nev13712896n1-nev13891392n53">
<ptxt id="nev13712896n1-nev13891392n54">
<torque id="nev13712896n1-nev13712900n64">
<ref id="nev13712896n1-nev13712900n65"/>
</torque>
</ptxt>
</para>
</graphtext>
</grate>
</procstep>
</stepgrp>
<stepgrp boilerplate="false" context="" id="nev13712896n1-nev13891392n52">
<title id="nev13712896n1-nev13712900n57">Installation</title>
<procstep id="nev13712896n1-nev13712900n58">
<para id="nev13712896n1-nev13891392n48">
<ptxt id="nev13712896n1-nev13891392n49">To install, rev#@#@#22#dure.</ptxt>
</para>
</procstep>
</stepgrp>
</procedure>
</servinfosub>