<?xml version="1.0" encoding="UTF-8"?><servinfosub IE-ID="en-US0900c8af847dd206" docno="VCC-096442" id="KC01419399" xml:lang="en-US">
<title>
<phrase category="" id="KC09285944" phrase-urn="urn:x-nevis:phrase:0800c8af826d2799">Faulty signal. #@#@#13#fault</phrase>
</title>
<diagnostic j2008use="1" layout="0" paperuse="1" screenuse="1" type="test">
<testgrp IE-ID="en-US0900c8af847dd206_KC01419400" id="KC01419400" j2008use="1" paperuse="1" resumable="1" screenuse="1" testgrp-id="intnode" x="360" y="80">
<title>
<phrase category="" id="KC09285945" phrase-urn="urn:x-nevis:phrase:0800c8af826d279a">Checking connectors</phrase>
</title>
<node>
<test1>
<test2>
<para>
<ptxt>
<phrase category="" id="KC09285946" phrase-urn="urn:x-nevis:phrase:0800c8af826d279b">Check fuel leve#@#@#64#g to <xref>
<ref id="KC09285947"/>
</xref>.</phrase>
</ptxt>
</para>
<note id="nev14363313n99">
<ptxt id="nev14363313n98">
<phrase category="Faulttracing" id="nev14363314n1" phrase-urn="urn:x-nevis:phrase:0800c8af837b97ed">Vehicles with AWD.</phrase>
<phrase category="Faulttracing" id="nev14363315n1" phrase-urn="urn:x-nevis:phrase:0800c8af847dd1e7">There are 2 fue#@#@#34#unit.</phrase>
<phrase category="Faulttracing" id="nev14363316n1" phrase-urn="urn:x-nevis:phrase:0800c8af847dd1ef">The sensors are#@#@#32#ther.</phrase>
</ptxt>
</note>
<para>
<ptxt>
<phrase category="" id="KC09285948" phrase-urn="urn:x-nevis:phrase:0800c8af826d279c">Check combined #@#@#78#with <xref>
<ref id="KC09285949"/>
</xref>. </phrase>
</ptxt>
</para>
<para>
<ptxt>
<phrase category="" id="KC09285950" phrase-urn="urn:x-nevis:phrase:0800c8af826d279d">Remedy as necessary.</phrase>
</ptxt>
</para>
<list1 enumtype="d" type="unordered">
<title>
<phrase category="" id="KC09285951" phrase-urn="urn:x-nevis:phrase:0800c8af826d279f">Other information:</phrase>
</title>
<item>
<ptxt>
<phrase category="" id="KC09285952" phrase-urn="urn:x-nevis:phrase:0800c8af826d27a1">For information#@#@#15# see <xref>
<ref id="KC09285953"/>
</xref>, <xref>
<ref id="KC09285954"/>
</xref> and <xref>
<ref id="KC09285955"/>
</xref>.</phrase>
</ptxt>
</item>
<item id="nev14363313n94">
<ptxt id="nev14363313n93">
<xref id="nev14363313n92">
<ref id="l1228739952511"/>
</xref>
</ptxt>
</item>
</list1>
<diaglist>
<dgraphic>
<dgraphic2>
<graphic id="KC09285956">
<href>0900c8af80054d4#@#@#9#.jpeg</href>
</graphic>
<smarttool active="auto" id="KC09285957" toolname="ODA"/>
</dgraphic2>
</dgraphic>
<ditem>
<ditemtext>
<ptxt>
<phrase category="" id="KC09285958" phrase-urn="urn:x-nevis:phrase:0800c8af826d27a3"/>
</ptxt>
</ditemtext>
</ditem>
</diaglist>
</test2>
</test1>
<question>
Select "Contin#@#@#34#ed. 
</question>
<resact-grp>
<result button="cont" comp="button" highlight="0"/>
<action j2008use="1" paperuse="1" screenuse="1">
<ptxt>
<xref>
<ref id="KC09285960"/>
</xref>
</ptxt>
</action>
</resact-grp>
</node>
</testgrp>
<testgrp id="KC01419401" j2008use="1" paperuse="0" resumable="1" screenuse="1" testgrp-id="info2" x="600" y="80">
<title>
<phrase category="" id="KC09285961" phrase-urn="urn:x-nevis:phrase:0800c8af826d27a9">Fault-tracing i#@#@#5#ation</phrase>
</title>
<subcalloutnode>
<diagcallout>
<xref>
<ref id="KC09285962"/>
</xref>
</diagcallout>
<rescall-grp>
<result comp="string" highlight="0" op="eq" return="NEW TRY"/>
<calloutaction>
<ptxt>
<xref>
<ref id="KC09285963"/>
</xref>
</ptxt>
</calloutaction>
</rescall-grp>
<rescall-grp>
<result comp="string" highlight="0" op="eq" return="FAULT FOUND"/>
<calloutaction>
<return value="DONE"/>
</calloutaction>
</rescall-grp>
</subcalloutnode>
</testgrp>
</diagnostic>
</servinfosub>