<?xml version="1.0" encoding="UTF-8"?><servinfosub IE-ID="en-US0900c8af84b1b206" docno="VCC-105927" id="KC02480563" xml:lang="en-US">
<title id="nev14992529n250">Flame trap seal#@#@#9#ement</title>
<procedure id="nev14992529n249" opcode="1234" opnbr="1234">
<stepgrp id="nev14992529n248">
<note id="nev14992529n247">
<ptxt id="nev14992529n246">As the illustra#@#@#182#ect. </ptxt>
</note>
<procstep id="nev14992529n245">
<title id="nev14992529n244">Remove the inle#@#@#1# pipe</title>
<ptxt id="nev14992529n243">Remove the inta#@#@#30#dure <xref id="nev14992529n242">
<ref id="KC08665787"/>
</xref>.</ptxt>
</procstep>
<procstep id="KC02480564">
<title id="nev14992529n238">Remove:</title>
<grate id="nev14992529n237">
<graphic id="KC08665788" width="column">
<href>0900c8af8005dd3#@#@#9#.jpeg</href>
</graphic>
<graphtext id="nev14992529n233">
<list1 enumtype="d" id="nev14992529n232" type="ordered">
<title id="nev14992529n231">Remove:</title>
<item id="nev14992529n230">
<ptxt id="nev14992529n229">the hose from t#@#@#8# trap</ptxt>
</item>
<item id="nev14992529n228">
<ptxt id="nev14992529n227">the bracket for#@#@#15#ifold</ptxt>
</item>
<item id="nev14992529n226">
<ptxt id="nev14992529n225">the two screws #@#@#13# trap</ptxt>
</item>
<item id="nev14992529n224">
<ptxt id="nev14992529n223">oil trap</ptxt>
</item>
</list1>
<ptxt id="nev14992529n222">Check that the #@#@#34#lean.</ptxt>
</graphtext>
</grate>
</procstep>
<procstep id="KC02480565">
<title id="nev14992529n221">Install the fla#@#@#2# trap</title>
<grate id="nev14992529n220">
<graphic id="KC08665789" width="column">
<href>0900c8af8012e17#@#@#11#.jpeg</href>
</graphic>
<graphtext id="nev14992529n216">
<ptxt id="nev14992529n215">Connect the two#@#@#54#eves.</ptxt>
<ptxt id="nev14992529n214"/>
<ptxt id="nev14992529n213">Install a <emph etype="bold" id="nev14992529n212">new</emph> hose clamp for#@#@#36#lamp.</ptxt>
<ptxt id="nev14992529n211"/>
<ptxt id="nev14992529n210">Install and tig#@#@#14#s to <emph etype="bold" id="nev14992529n209">20 Nm</emph>.</ptxt>
<ptxt id="nev14992529n208"/>
<ptxt id="nev14992529n207">Install the int#@#@#45#crew.</ptxt>
<ptxt id="nev14992529n206">
<emph id="nev14992529n205">Install the int#@#@#8#fold:</emph>
</ptxt>
<ptxt id="nev14992529n204">Install the int#@#@#31#dure <xref id="nev14992529n203">
<ref id="KC08665790"/>
</xref>.</ptxt>
</graphtext>
</grate>
</procstep>
<procstep id="KC02480566">
<title id="nev14992529n199">Check</title>
<para id="nev14992529n198">
<ptxt id="nev14992529n197">
<emph id="nev14992529n196">Test drive the #@#@#35#gine.</emph>
</ptxt>
</para>
<para id="nev14992529n195">
<ptxt id="nev14992529n194">Wipe clean stee#@#@#21#ever.</ptxt>
</para>
</procstep>
</stepgrp>
</procedure>
</servinfosub>