<?xml version="1.0" encoding="UTF-8"?><servinfosub IE-ID="en-US0900c8af880ea206" docno="VCC-371280" id="nev13719106n1" original="sv-SE" servinfosubId="nev13719107n1-nev27460682n1" servinfosubRes="0900c8af880ea219" servinfosubRes2="urn:x-nevis:fragment:0900c8af880ea206:0900c8af880ea219#nev27460682n1" xml:lang="en-US">
<operationnumbers>
<operationnumber>88272-2</operationnumber>
</operationnumbers>
<title id="nev13719103n53">Floor Consol Cu#@#@#3#older</title>
<procedure id="nev13719107n1-nev27469781n95">
<stepgrp boilerplate="false" context="" id="nev13719107n1-nev29451709n85">
<title id="nev13719107n1-0800c8af844a46f6">Removal</title>
<procstep id="nev13719107n1-nev27471323n51">
<para id="nev13719107n1-nev29451709n83">
<ptxt id="nev13719107n1-nev29451709n84">Remove front st#@#@#27#nsole<xref boilerplate="true" id="nev13719107n1-0800c8af879cd0e7">
<ref id="nev13719107n1-nev27471400n42"/>
</xref>
</ptxt>
</para>
</procstep>
<procstep id="nev13719107n1-nev27471323n46">
<grate id="nev13719107n1-nev29451709n81">
<graphic id="nev13719107n1-nev29451709n82">
<href>0900c8af86707a6#@#@#9#.jpeg</href>
</graphic>
<graphtext id="nev13719107n1-nev29451809n1">
<para id="nev13719107n1-nev29451709n79">
<ptxt id="nev13719107n1-nev29451709n80">Remove the mark#@#@#3#part.</ptxt>
</para>
</graphtext>
</grate>
</procstep>
<procstep id="nev13719107n1-nev27471323n41">
<grate id="nev13719107n1-nev29451709n77">
<graphic id="nev13719107n1-nev29451709n78">
<href>0900c8af86707a6#@#@#9#.jpeg</href>
</graphic>
<graphtext id="nev13719107n1-nev29451813n1">
<para id="nev13719107n1-nev29451709n75">
<ptxt id="nev13719107n1-nev29451709n76">Remove the screws.</ptxt>
</para>
</graphtext>
</grate>
</procstep>
<procstep id="nev13719107n1-nev29451709n74">
<title id="nev13719107n1-nev29451709n73">Vehicles with 4#@#@#28#m A/C</title>
</procstep>
<procstep id="nev13719107n1-nev29451709n72">
<grate id="nev13719107n1-nev29451709n70">
<graphic id="nev13719107n1-nev29451709n71">
<href>0900c8af87a0fbb#@#@#9#.jpeg</href>
</graphic>
<graphtext id="nev13719107n1-nev29451817n1">
<para id="nev13719107n1-nev29451709n68">
<ptxt id="nev13719107n1-nev29451709n69">Disconnect the #@#@#5#ctor.</ptxt>
</para>
</graphtext>
</grate>
</procstep>
<procstep id="nev13719107n1-nev29451709n67">
<grate id="nev13719107n1-nev29451709n65">
<graphic id="nev13719107n1-nev29451709n66">
<href>0900c8af87a0fd4#@#@#9#.jpeg</href>
</graphic>
<graphtext id="nev13719107n1-nev29451821n1">
<para id="nev13719107n1-nev29451709n63">
<ptxt id="nev13719107n1-nev29451709n64">Remove the cabl#@#@#11#lips.</ptxt>
</para>
</graphtext>
</grate>
</procstep>
<procstep id="nev13719107n1-nev29451709n62">
<title id="nev13719107n1-nev29451709n61">All vehicles</title>
</procstep>
<procstep id="nev13719107n1-nev27471323n36">
<grate id="nev13719107n1-nev29451709n59">
<graphic id="nev13719107n1-nev29451709n60">
<href>0900c8af879d12f#@#@#9#.jpeg</href>
</graphic>
<graphtext id="nev13719107n1-nev29451825n1">
<para id="nev13719107n1-nev29451709n57">
<ptxt id="nev13719107n1-nev29451709n58">Loosen the mark#@#@#13#ails.</ptxt>
</para>
</graphtext>
</grate>
</procstep>
<procstep id="nev13719107n1-nev29451709n56">
<title id="nev13719107n1-nev29451709n55">Vehicles with 2#@#@#28#m A/C</title>
</procstep>
<procstep id="nev13719107n1-nev27471323n31">
<grate id="nev13719107n1-nev29451709n53">
<graphic id="nev13719107n1-nev29451709n54">
<href>0900c8af86707ad#@#@#9#.jpeg</href>
</graphic>
<graphtext id="nev13719107n1-nev29451829n1">
<para id="nev13719107n1-nev29451709n51">
<ptxt id="nev13719107n1-nev29451709n52">Disconnect the #@#@#5#ctor.</ptxt>
</para>
<para id="nev13719107n1-nev29451709n49">
<ptxt id="nev13719107n1-nev29451709n50">Remove the mark#@#@#3#part.</ptxt>
</para>
</graphtext>
</grate>
</procstep>
<procstep id="nev13719107n1-nev29451709n48">
<title id="nev13719107n1-nev29451709n47">All vehicles</title>
</procstep>
</stepgrp>
<stepgrp boilerplate="false" context="" id="nev13719107n1-nev29451709n46">
<title id="nev13719107n1-0800c8af85785bbc">Transferring co#@#@#3#nents</title>
<procstep id="nev13719107n1-nev27471323n22">
<grate id="nev13719107n1-nev29451709n44">
<graphic id="nev13719107n1-nev29451709n45">
<href>0900c8af86a2501#@#@#9#.jpeg</href>
</graphic>
<graphtext id="nev13719107n1-nev29451833n1">
<para id="nev13719107n1-nev29451709n42">
<ptxt id="nev13719107n1-nev29451709n43">Remove the mark#@#@#3#part.</ptxt>
</para>
</graphtext>
</grate>
</procstep>
<procstep id="nev13719107n1-nev27471323n17">
<grate id="nev13719107n1-nev29451709n40">
<graphic id="nev13719107n1-nev29451709n41">
<href>0900c8af8778738#@#@#9#.jpeg</href>
</graphic>
<graphtext id="nev13719107n1-nev29451837n1">
<note id="nev13719107n1-0800c8af86a30b92">
<ptxt>The image conte#@#@#75#sons.</ptxt>
</note>
<para id="nev13719107n1-nev29451709n38">
<ptxt id="nev13719107n1-nev29451709n39">Note position o#@#@#8#ents.</ptxt>
</para>
</graphtext>
</grate>
</procstep>
<procstep id="nev13719107n1-nev27471323n11">
<grate id="nev13719107n1-nev29451709n36">
<graphic id="nev13719107n1-nev29451709n37">
<href>0900c8af8778738#@#@#9#.jpeg</href>
</graphic>
<graphtext id="nev13719107n1-nev29451841n1">
<para id="nev13719107n1-nev29451709n34">
<ptxt id="nev13719107n1-nev29451709n35">Remove the screws.</ptxt>
</para>
<para id="nev13719107n1-nev29451709n32">
<ptxt id="nev13719107n1-nev29451709n33">Remove the mark#@#@#3#part.</ptxt>
</para>
</graphtext>
</grate>
</procstep>
<procstep id="nev13719107n1-nev27471323n4">
<grate id="nev13719107n1-nev29451709n30">
<graphic id="nev13719107n1-nev29451709n31">
<href>0900c8af8778751#@#@#9#.jpeg</href>
</graphic>
<graphtext id="nev13719107n1-nev29451845n1">
<note id="nev13719107n1-0800c8af86a30b92">
<ptxt>The image conte#@#@#75#sons.</ptxt>
</note>
<para id="nev13719107n1-nev29451709n28">
<ptxt id="nev13719107n1-nev29451709n29">Note position o#@#@#8#ents.</ptxt>
</para>
</graphtext>
</grate>
</procstep>
<procstep id="nev13719107n1-nev28463717n100">
<grate id="nev13719107n1-nev29451709n26">
<graphic id="nev13719107n1-nev29451709n27">
<href>0900c8af879e984#@#@#9#.jpeg</href>
</graphic>
<graphtext id="nev13719107n1-nev29451849n1">
<list1 enumtype="n" id="nev13719107n1-nev28463719n96" type="ordered">
<item id="nev13719107n1-nev29451709n25">
<ptxt id="nev13719107n1-nev29451709n24">Release the catches.</ptxt>
</item>
<item id="nev13719107n1-nev29451709n23">
<ptxt id="nev13719107n1-nev29451709n22">Remove the mark#@#@#3#part.</ptxt>
</item>
</list1>
<para id="nev13719107n1-nev29451709n20">
<ptxt id="nev13719107n1-nev29451709n21">Make sure to re#@#@#33# new.</ptxt>
</para>
</graphtext>
</grate>
</procstep>
<procstep id="nev13719107n1-nev28463717n90">
<grate id="nev13719107n1-nev29451709n18">
<graphic id="nev13719107n1-nev29451709n19">
<href>0900c8af879e984#@#@#9#.jpeg</href>
</graphic>
<graphtext id="nev13719107n1-nev29451853n1">
<list1 enumtype="n" id="nev13719107n1-nev28463719n87" type="ordered">
<item id="nev13719107n1-nev29451709n17">
<ptxt id="nev13719107n1-nev29451709n16">Release the catches.</ptxt>
</item>
<item id="nev13719107n1-nev29451709n15">
<ptxt id="nev13719107n1-nev29451709n14">Remove the mark#@#@#3#part.</ptxt>
</item>
</list1>
</graphtext>
</grate>
</procstep>
<procstep id="nev13719107n1-nev27471400n98">
<grate id="nev13719107n1-nev29451709n12">
<graphic id="nev13719107n1-nev29451709n13">
<href>0900c8af871bfa6#@#@#9#.jpeg</href>
</graphic>
<graphtext id="nev13719107n1-nev29451857n1">
<para id="nev13719107n1-nev29451709n10">
<ptxt id="nev13719107n1-nev29451709n11">Remove the screws.</ptxt>
</para>
<para id="nev13719107n1-nev29451709n8">
<ptxt id="nev13719107n1-nev29451709n9">Fold marked par#@#@#3#side.</ptxt>
</para>
</graphtext>
</grate>
</procstep>
<procstep id="nev13719107n1-nev27471400n91">
<grate id="nev13719107n1-nev29451709n6">
<graphic id="nev13719107n1-nev29451709n7">
<href>0900c8af871bfa6#@#@#9#.jpeg</href>
</graphic>
<graphtext id="nev13719107n1-nev29451861n1">
<note id="nev13719107n1-0800c8af86a30b92">
<ptxt>The image conte#@#@#75#sons.</ptxt>
</note>
<para id="nev13719107n1-nev29451709n4">
<ptxt id="nev13719107n1-nev29451709n5">Remove the cabl#@#@#11#lips.</ptxt>
</para>
<para id="nev13719107n1-nev29451709n2">
<ptxt id="nev13719107n1-nev29451709n3">Remove the mark#@#@#3#part.</ptxt>
</para>
</graphtext>
</grate>
</procstep>
<procstep id="nev13719107n1-nev27471400n83">
<grate id="nev13719107n1-nev29451801n100">
<graphic id="nev13719107n1-nev29451709n1">
<href>0900c8af86a2511#@#@#9#.jpeg</href>
</graphic>
<graphtext id="nev13719107n1-nev29451865n1">
<para id="nev13719107n1-nev29451801n98">
<ptxt id="nev13719107n1-nev29451801n99">Release the catches.</ptxt>
</para>
</graphtext>
</grate>
</procstep>
<procstep id="nev13719107n1-nev27648940n24">
<grate id="nev13719107n1-nev29451801n96">
<graphic id="nev13719107n1-nev29451801n97">
<href>0900c8af86a2511#@#@#9#.jpeg</href>
</graphic>
<graphtext id="nev13719107n1-nev29451869n1">
<para id="nev13719107n1-nev29451801n94">
<ptxt id="nev13719107n1-nev29451801n95">Remove the mark#@#@#3#part.</ptxt>
</para>
</graphtext>
</grate>
</procstep>
<procstep id="nev13719107n1-nev27471400n78">
<grate id="nev13719107n1-nev29451801n92">
<graphic id="nev13719107n1-nev29451801n93">
<href>0900c8af86a29a4#@#@#9#.jpeg</href>
</graphic>
<graphtext id="nev13719107n1-nev29451873n1">
<note id="nev13719107n1-0800c8af86a30b92">
<ptxt>The image conte#@#@#75#sons.</ptxt>
</note>
<para id="nev13719107n1-nev29451801n90">
<ptxt id="nev13719107n1-nev29451801n91">Disconnect the #@#@#5#ctor.</ptxt>
</para>
<para id="nev13719107n1-nev29451801n88">
<ptxt id="nev13719107n1-nev29451801n89">Fold marked par#@#@#3#side.</ptxt>
</para>
</graphtext>
</grate>
</procstep>
<procstep id="nev13719107n1-nev27471400n70">
<grate id="nev13719107n1-nev29451801n86">
<graphic id="nev13719107n1-nev29451801n87">
<href>0900c8af86a29ac#@#@#9#.jpeg</href>
</graphic>
<graphtext id="nev13719107n1-nev29451877n1">
<note id="nev13719107n1-0800c8af86a30b92">
<ptxt>The image conte#@#@#75#sons.</ptxt>
</note>
<para id="nev13719107n1-nev29451801n84">
<ptxt id="nev13719107n1-nev29451801n85">Remove the part#@#@#5#fully</ptxt>
</para>
<para id="nev13719107n1-nev29451801n82">
<ptxt id="nev13719107n1-nev29451801n83">Remove the mark#@#@#3#part.</ptxt>
</para>
</graphtext>
</grate>
</procstep>
<procstep id="nev13719107n1-nev27471400n62">
<grate id="nev13719107n1-nev29451801n80">
<graphic id="nev13719107n1-nev29451801n81">
<href>0900c8af86a29be#@#@#9#.jpeg</href>
</graphic>
<graphtext id="nev13719107n1-nev29451881n1">
<note id="nev13719107n1-0800c8af85b47f49">
<ptxt>Orientation view</ptxt>
</note>
</graphtext>
</grate>
</procstep>
<procstep id="nev13719107n1-nev27471400n58">
<grate id="nev13719107n1-nev29451801n78">
<graphic id="nev13719107n1-nev29451801n79">
<href>0900c8af87956ed#@#@#9#.jpeg</href>
</graphic>
</grate>
</procstep>
<procstep id="nev13719107n1-nev27471400n55">
<grate id="nev13719107n1-nev29451801n76">
<graphic id="nev13719107n1-nev29451801n77">
<href>0900c8af87956ed#@#@#9#.jpeg</href>
</graphic>
<graphtext id="nev13719107n1-nev29451888n1">
<para id="nev13719107n1-nev29451801n74">
<ptxt id="nev13719107n1-nev29451801n75">Remove the mark#@#@#3#part.</ptxt>
</para>
</graphtext>
</grate>
</procstep>
</stepgrp>
<stepgrp boilerplate="false" context="" id="nev13719107n1-nev29451801n73">
<title id="nev13719107n1-0800c8af844a46f9">Installation</title>
<procstep id="nev13719107n1-nev27471400n48">
<para id="nev13719107n1-nev29451801n71">
<ptxt id="nev13719107n1-nev29451801n72">To install, rev#@#@#22#dure.</ptxt>
</para>
</procstep>
</stepgrp>
</procedure>
</servinfosub>