<?xml version="1.0" encoding="UTF-8"?><servinfosub IE-ID="en-US0900c8af81aa2206" docno="VCC-163173" id="KC07221374" xml:lang="en-US">
<title>
<phrase category="" id="KC09578072" phrase-urn="urn:x-nevis:phrase:0800c8af82721f5a">Signal too high</phrase>
</title>
<diagnostic type="test">
<testgrp IE-ID="en-US0900c8af81aa2206_KC07263355" id="KC07263355" j2008use="1" paperuse="1" resumable="1" screenuse="1" testgrp-id="node1" x="120" y="80">
<title>
<phrase category="" id="KC09578073" phrase-urn="urn:x-nevis:phrase:0800c8af82721f5b">Checking the si#@#@#33# door</phrase>
</title>
<node>
<test1>
<diaglist>
<dgraphic>
<dgraphic1>
<graphic id="KC09578074">
<href>0900c8af80054d5#@#@#9#.jpeg</href>
</graphic>
</dgraphic1>
</dgraphic>
<ditem>
<ptxt>
<phrase category="" id="KC09578075" phrase-urn="urn:x-nevis:phrase:0800c8af82721f5c">Ignition on</phrase>
</ptxt>
</ditem>
<ditem>
<ptxt>
<phrase category="" id="KC09578076" phrase-urn="urn:x-nevis:phrase:0800c8af82721f5d">Read off the st#@#@#93#sed).</phrase>
</ptxt>
</ditem>
</diaglist>
<test2>
<para>
<ptxt>
<phrase category="" id="KC09578077" phrase-urn="urn:x-nevis:phrase:0800c8af82721f5e">Open and close #@#@#99#osed.</phrase>
</ptxt>
</para>
<para>
<ptxt>
<phrase category="" id="KC09578078" phrase-urn="urn:x-nevis:phrase:0800c8af82721f5f">The fault is pe#@#@#33#ange.</phrase>
</ptxt>
</para>
<para>
<ptxt>
<phrase category="" id="KC09578079" phrase-urn="urn:x-nevis:phrase:0800c8af82721f60">If the status c#@#@#111#ment.</phrase>
</ptxt>
</para>
<diaglist>
<dgraphic>
<dgraphic2>
<graphic id="KC09578080">
<href>0900c8af86c8681#@#@#9#.jpeg</href>
</graphic>
<smarttool active="press" id="KC09578081" toolname="XREM000F"/>
</dgraphic2>
</dgraphic>
<ditem>
<ditemtext>
<ptxt>
<phrase category="" id="KC09578082" phrase-urn="urn:x-nevis:phrase:0800c8af82721f61"/>
</ptxt>
</ditemtext>
</ditem>
</diaglist>
<grate>
<graphic id="KC09578083">
<href>0900c8af817a804#@#@#9#.jpeg</href>
</graphic>
</grate>
</test2>
</test1>
<question>
Select Continue.
</question>
<resact-grp>
<result button="cont" comp="button" highlight="0"/>
<action j2008use="1" paperuse="1" screenuse="1">
<ptxt>
<xref>
<ref id="KC09578085"/>
</xref>
</ptxt>
</action>
</resact-grp>
</node>
</testgrp>
<testgrp id="KC07263356" j2008use="1" paperuse="1" resumable="1" screenuse="1" testgrp-id="node2" x="120" y="160">
<title>
<phrase category="" id="KC09578086" phrase-urn="urn:x-nevis:phrase:0800c8af82721f63">Checking cable #@#@#8#onent</phrase>
</title>
<node>
<test1>
<note>
<ptxt>
<phrase category="" id="KC09578087" phrase-urn="urn:x-nevis:phrase:0800c8af82721f64">Only fault-trac#@#@#49#alue.</phrase>
</ptxt>
</note>
<diaglist/>
<test2>
<para>
<title>
<phrase category="" id="KC09578088" phrase-urn="urn:x-nevis:phrase:0800c8af82721f65">Left front door</phrase>
</title>
<ptxt>
<phrase category="" id="KC09578089" phrase-urn="urn:x-nevis:phrase:0800c8af82721f66">Check the signa#@#@#190#cuit.</phrase>
</ptxt>
</para>
<para>
<title>
<phrase category="" id="KC09578090" phrase-urn="urn:x-nevis:phrase:0800c8af82721f67">Right front door</phrase>
</title>
<ptxt>
<phrase category="" id="KC09578091" phrase-urn="urn:x-nevis:phrase:0800c8af82721f68">Check the signa#@#@#190#cuit.</phrase>
</ptxt>
</para>
<ptxt>
<phrase category="" id="KC09578092" phrase-urn="urn:x-nevis:phrase:0800c8af82721f69">Remedy as necessary.</phrase>
</ptxt>
<list1 enumtype="d" type="unordered">
<title>
<phrase category="" id="KC09578093" phrase-urn="urn:x-nevis:phrase:0800c8af82721f6a">Other information</phrase>
</title>
<item>
<ptxt>
<phrase category="" id="KC09578094" phrase-urn="urn:x-nevis:phrase:0800c8af82721f6b">
<xref>
<ref id="KC09578095"/>
</xref>
</phrase>
</ptxt>
</item>
<item>
<ptxt>
<phrase category="" id="KC09578096" phrase-urn="urn:x-nevis:phrase:0800c8af82721f6c">
<xref>
<ref id="KC09578097"/>
</xref>
</phrase>
</ptxt>
</item>
<item>
<ptxt>
<phrase category="" id="KC09578098" phrase-urn="urn:x-nevis:phrase:0800c8af82721f6d">
<xref>
<ref id="KC09578099"/>
</xref>
</phrase>
</ptxt>
</item>
<item>
<ptxt>
<phrase category="" id="KC09578100" phrase-urn="urn:x-nevis:phrase:0800c8af82721f6e">Disconnecting t#@#@#28#EM): <xref>
<ref id="KC09578101"/>
</xref>
</phrase>
</ptxt>
</item>
<item>
<ptxt>
<phrase category="" id="KC09578102" phrase-urn="urn:x-nevis:phrase:0800c8af82721f6f">
<xref>
<ref id="KC09578103"/>
</xref>
</phrase>
</ptxt>
</item>
</list1>
<diaglist>
<dgraphic>
<dgraphic1>
<graphic id="KC09578104">
<href>0900c8af80058d0#@#@#9#.jpeg</href>
</graphic>
</dgraphic1>
<dgraphic2>
<graphic id="KC09578105">
<href>0900c8af86c8681#@#@#9#.jpeg</href>
</graphic>
<smarttool active="press" id="KC09578106" toolname="XREM000F"/>
</dgraphic2>
</dgraphic>
<ditem>
<ditemtext>
<ptxt>
<phrase category="" id="KC09578107" phrase-urn="urn:x-nevis:phrase:0800c8af82721f70"/>
</ptxt>
</ditemtext>
</ditem>
</diaglist>
<grate>
<graphic id="KC09578108">
<href>0900c8af817a804#@#@#9#.jpeg</href>
</graphic>
</grate>
</test2>
</test1>
<question>
Select Continue.
</question>
<resact-grp>
<result button="cont" comp="button" highlight="0"/>
<action j2008use="1" paperuse="1" screenuse="1">
<ptxt>
<xref>
<ref id="KC09578110"/>
</xref>
</ptxt>
</action>
</resact-grp>
</node>
</testgrp>
<testgrp id="KC07263357" j2008use="1" paperuse="1" resumable="1" screenuse="1" testgrp-id="veria" x="280" y="80">
<title>
<phrase category="" id="KC09578111" phrase-urn="urn:x-nevis:phrase:0800c8af82721f72">Verification</phrase>
</title>
<subcalloutnode>
<diagcallout>
<xref>
<ref id="KC09578112"/>
</xref>
</diagcallout>
<rescall-grp>
<result comp="string" highlight="0" op="eq" return="VERIFICATION FAILED"/>
<calloutaction>
<ptxt>
<xref>
<ref id="KC09578113"/>
</xref>
</ptxt>
</calloutaction>
</rescall-grp>
<rescall-grp>
<result comp="string" highlight="0" op="eq" return="PAPER"/>
<calloutaction>
<return value="FAULT NOT FOUND"/>
</calloutaction>
</rescall-grp>
<rescall-grp>
<result comp="string" highlight="0" op="eq" return="VERIFIED"/>
<calloutaction>
<return value="FAULT FOUND"/>
</calloutaction>
</rescall-grp>
</subcalloutnode>
</testgrp>
<testgrp id="KC07263358" j2008use="1" paperuse="0" resumable="1" screenuse="1" testgrp-id="info1" x="440" y="80">
<title>
<phrase category="" id="KC09578114" phrase-urn="urn:x-nevis:phrase:0800c8af82721f73">Fault-tracing i#@#@#5#ation</phrase>
</title>
<subcalloutnode>
<diagcallout>
<xref>
<ref id="KC09578115"/>
</xref>
</diagcallout>
<rescall-grp>
<result comp="string" highlight="0" op="eq" return="FAULTTRACING FAILED"/>
<calloutaction>
<return value="FAULTTRACING FAILED"/>
</calloutaction>
</rescall-grp>
<rescall-grp>
<result comp="string" highlight="0" op="eq" return="NEW TRY"/>
<calloutaction>
<ptxt>
<xref>
<ref id="KC09578116"/>
</xref>
</ptxt>
</calloutaction>
</rescall-grp>
</subcalloutnode>
</testgrp>
</diagnostic>
</servinfosub>