<?xml version="1.0" encoding="UTF-8"?><servinfosub IE-ID="en-US0900c8af87b06d09" docno="VCC-502019" id="nev27912742n1" original="sv-SE" servinfosubId="nev27912743n1-nev27912742n4" servinfosubRes="0900c8af87b396fa" servinfosubRes2="urn:x-nevis:fragment:0900c8af87b06d09:0900c8af87b396fa#nev27912742n4" xml:lang="en-US">
<operationnumbers>
<operationnumber>31102-2</operationnumber>
</operationnumbers>
<title id="nev27912742n2">Battery</title>
<procedure id="nev27912743n1-nev27983481n28">
<stepgrp boilerplate="false" context="" id="nev27912743n1-nev27983482n69">
<title id="nev27912743n1-0800c8af844a46f6">Removal</title>
<procstep id="nev27912743n1-nev27983461n52">
<note id="nev27912743n1-0800c8af844a42fa">
<ptxt>Removal steps i#@#@#45#ails.</ptxt>
</note>
</procstep>
<procstep id="nev27912743n1-nev27983461n50">
<para id="nev27912743n1-nev27983482n67">
<ptxt id="nev27912743n1-nev27983482n68">Remove the air #@#@#9#using<xref boilerplate="true" id="nev27912743n1-0800c8af84525b11">
<ref id="nev27912743n1-nev27983481n22"/>
</xref>
</ptxt>
</para>
</procstep>
<procstep id="nev27912743n1-nev27983461n45">
<grate id="nev27912743n1-nev27983482n65">
<graphic id="nev27912743n1-nev27983482n66">
<href>0900c8af87b3944#@#@#9#.jpeg</href>
</graphic>
<graphtext id="nev27912743n1-nev27983489n1">
<para id="nev27912743n1-nev27983482n63">
<ptxt id="nev27912743n1-nev27983482n64">Disconnect the #@#@#5#ctor.</ptxt>
</para>
</graphtext>
</grate>
</procstep>
<procstep id="nev27912743n1-nev27983461n40">
<grate id="nev27912743n1-nev27983482n61">
<graphic id="nev27912743n1-nev27983482n62">
<href>0900c8af87b3944#@#@#9#.jpeg</href>
</graphic>
<graphtext id="nev27912743n1-nev27983493n1">
<para id="nev27912743n1-nev27983482n59">
<ptxt id="nev27912743n1-nev27983482n60">Loosen the nut.</ptxt>
</para>
<para id="nev27912743n1-nev27983482n57">
<ptxt id="nev27912743n1-nev27983482n58">Lift the marked#@#@#8#nt up</ptxt>
</para>
</graphtext>
</grate>
</procstep>
<procstep id="nev27912743n1-nev27983461n33">
<grate id="nev27912743n1-nev27983482n55">
<graphic id="nev27912743n1-nev27983482n56">
<href>0900c8af87b3960#@#@#9#.jpeg</href>
</graphic>
<graphtext id="nev27912743n1-nev27983497n1">
<para id="nev27912743n1-nev27983482n53">
<ptxt id="nev27912743n1-nev27983482n54">Lift the marked#@#@#8#nt up</ptxt>
</para>
</graphtext>
</grate>
</procstep>
<procstep id="nev27912743n1-nev27983461n28">
<grate id="nev27912743n1-nev27983482n51">
<graphic id="nev27912743n1-nev27983482n52">
<href>0900c8af87b3960#@#@#9#.jpeg</href>
</graphic>
<graphtext id="nev27912743n1-nev27983501n1">
<para id="nev27912743n1-nev27983482n49">
<ptxt id="nev27912743n1-nev27983482n50">Remove the nut.</ptxt>
</para>
<para id="nev27912743n1-nev27983482n47">
<ptxt id="nev27912743n1-nev27983482n48">Loosen the wiri#@#@#29#side.</ptxt>
</para>
</graphtext>
</grate>
</procstep>
<procstep id="nev27912743n1-nev27983461n21">
<grate id="nev27912743n1-nev27983482n45">
<graphic id="nev27912743n1-nev27983482n46">
<href>0900c8af87b3960#@#@#9#.jpeg</href>
</graphic>
<graphtext id="nev27912743n1-nev27983505n1">
<para id="nev27912743n1-nev27983482n43">
<ptxt id="nev27912743n1-nev27983482n44">Loosen the nut.</ptxt>
</para>
</graphtext>
</grate>
</procstep>
<procstep id="nev27912743n1-nev27983461n16">
<grate id="nev27912743n1-nev27983482n41">
<graphic id="nev27912743n1-nev27983482n42">
<href>0900c8af87b3961#@#@#9#.jpeg</href>
</graphic>
<graphtext id="nev27912743n1-nev27983509n1">
<para id="nev27912743n1-nev27983482n39">
<ptxt id="nev27912743n1-nev27983482n40">Remove the screws.</ptxt>
</para>
<para id="nev27912743n1-nev27983482n37">
<ptxt id="nev27912743n1-nev27983482n38">Fold marked par#@#@#3#side.</ptxt>
</para>
</graphtext>
</grate>
</procstep>
<procstep id="nev27912743n1-nev27983461n9">
<grate id="nev27912743n1-nev27983482n35">
<graphic id="nev27912743n1-nev27983482n36">
<href>0900c8af87b3961#@#@#9#.jpeg</href>
</graphic>
<graphtext id="nev27912743n1-nev27983513n1">
<para id="nev27912743n1-nev27983482n33">
<ptxt id="nev27912743n1-nev27983482n34">Remove the cabl#@#@#11#lips.</ptxt>
</para>
<para id="nev27912743n1-nev27983482n31">
<ptxt id="nev27912743n1-nev27983482n32">Remove the screws.</ptxt>
</para>
<para id="nev27912743n1-nev27983482n27">
<ptxt id="nev27912743n1-nev27983482n29">
<torque id="nev27912743n1-nev27983482n30">
<ref id="nev27912743n1-nev27983482n28"/>
</torque>
</ptxt>
</para>
<para id="nev27912743n1-nev27983482n25">
<ptxt id="nev27912743n1-nev27983482n26">Remove the mark#@#@#3#part.</ptxt>
</para>
</graphtext>
</grate>
</procstep>
<procstep id="nev27912743n1-nev27983481n100">
<grate id="nev27912743n1-nev27983482n23">
<graphic id="nev27912743n1-nev27983482n24">
<href>0900c8af87b3961#@#@#9#.jpeg</href>
</graphic>
<graphtext id="nev27912743n1-nev27983520n1">
<note id="nev27912743n1-0800c8af86a30b92">
<ptxt>The image conte#@#@#75#sons.</ptxt>
</note>
<para id="nev27912743n1-nev27983482n21">
<ptxt id="nev27912743n1-nev27983482n22">Loosen the fastener.</ptxt>
</para>
<para id="nev27912743n1-nev27983482n19">
<ptxt id="nev27912743n1-nev27983482n20">Pull the compon#@#@#25#rrow.</ptxt>
</para>
<para id="nev27912743n1-nev27983482n17">
<ptxt id="nev27912743n1-nev27983482n18">Remove the mark#@#@#3#part.</ptxt>
</para>
</graphtext>
</grate>
</procstep>
</stepgrp>
<stepgrp boilerplate="false" context="" id="nev27912743n1-nev27983482n16">
<title id="nev27912743n1-0800c8af844a46f9">Installation</title>
<procstep id="nev27912743n1-nev27983481n90">
<para id="nev27912743n1-nev27983482n14">
<ptxt id="nev27912743n1-nev27983482n15">To install, rev#@#@#22#dure.</ptxt>
</para>
</procstep>
</stepgrp>
</procedure>
</servinfosub>