<?xml version="1.0" encoding="UTF-8"?><servinfosub IE-ID="en-US0900c8af8053680d" docno="VCC-135890" id="KC01653815" xml:lang="en-US">
<title>Roof section</title>
<procedure>
<stepgrp>
<procstep>
<title>Preparations</title>
<para>
<title>Remove the nece#@#@#48#enu: </title>
<ptxt>The front side #@#@#5# See <xref>
<ref id="KC08229886"/>
</xref>.</ptxt>
<ptxt>The rear side d#@#@#4# See <xref>
<ref id="KC08229887"/>
</xref>.</ptxt>
<ptxt>The windshield. See <xref>
<ref id="KC08229888"/>
</xref>.</ptxt>
<ptxt>The rear windsh#@#@#5# See <xref>
<ref id="KC08229889"/>
</xref>.</ptxt>
<ptxt>The headlining. See <xref>
<ref id="KC08229890"/>
</xref>.</ptxt>
<ptxt>The cargo compa#@#@#9#nels <xref>
<ref id="KC08229891"/>
</xref>. </ptxt>
<ptxt>The rear seat b#@#@#5# See <xref>
<ref id="KC08229892"/>
</xref>.</ptxt>
<ptxt>The rear seat. See <xref>
<ref id="KC08229893"/>
</xref>.</ptxt>
<ptxt>The front seats#@#@#1# See <xref>
<ref id="KC08229894"/>
</xref>.</ptxt>
<ptxt>The headlining. See <xref>
<ref id="KC08229895"/>
</xref>.</ptxt>
<ptxt>The upper / low#@#@#17# See <xref>
<ref id="KC08229896"/>
</xref>and <xref>
<ref id="KC08229897"/>
</xref>. </ptxt>
<ptxt>The upper and l#@#@#19# See <xref>
<ref id="KC08229898"/>
</xref>, <xref>
<ref id="KC08229899"/>
</xref> and <xref>
<ref id="KC08229900"/>
</xref>.
</ptxt>
<ptxt>The C/D-post pa#@#@#5# See <xref>
<ref id="KC08229901"/>
</xref>.</ptxt>
<ptxt>The front sill #@#@#11# See <xref>
<ref id="KC08229902"/>
</xref>. </ptxt>
<ptxt>The rear sill t#@#@#10# See <xref>
<ref id="KC08229903"/>
</xref>.</ptxt>
<ptxt>The dashboard. See <xref>
<ref id="KC08229904"/>
</xref>.</ptxt>
<ptxt>The seat belts. See <xref>
<ref id="KC08229905"/>
</xref>.</ptxt>
</para>
</procstep>
</stepgrp>
</procedure>
</servinfosub>