<?xml version="1.0" encoding="UTF-8"?><servinfosub IE-ID="en-US0900c8af8014480d" docno="VCC-139569" id="KC01114297" xml:lang="en-US">
<title>
<phrase category="" id="KC06140625" phrase-urn="urn:x-nevis:phrase:0800c8af8176eba4">Diagnostic trou#@#@#21#ation</phrase>
</title>
<diagnostic type="condition">
<condgrp>
<condition type="condition">
<ptxt>
<phrase category="" id="KC06140626" phrase-urn="urn:x-nevis:phrase:0800c8af8176ebbe">Diagnostic trou#@#@#265#ight.</phrase>
</ptxt>
</condition>
</condgrp>
<condgrp>
<condition type="substitution">
<list1 enumtype="d" type="unordered">
<item>
<ptxt>
<phrase category="" id="KC06140627" phrase-urn="urn:x-nevis:phrase:0800c8af8176ebd2">None. </phrase>
</ptxt>
</item>
</list1>
</condition>
<ps>
<list1 enumtype="d" type="unordered">
<item>
<ptxt>
<phrase category="" id="KC06140628" phrase-urn="urn:x-nevis:phrase:0800c8af8176ebe5">Signal cable to#@#@#79#ound.</phrase>
</ptxt>
</item>
</list1>
</ps>
</condgrp>
<condgrp>
<condition type="symptom">
<list1 enumtype="d" type="unordered">
<item>
<ptxt>
<phrase category="" id="KC06140629" phrase-urn="urn:x-nevis:phrase:0800c8af8176ebf9">Local lighting #@#@#12#ting.</phrase>
</ptxt>
</item>
</list1>
</condition>
</condgrp>
</diagnostic>
</servinfosub>