<?xml version="1.0" encoding="UTF-8"?><script xmlns:nevis="http://www.volvocars.com/namespaces/processing" xmlns:xlink="http://www.w3.org/1999/xlink" IE-ID="en-US0900c8af86f81507" docno="VCC-487207" id="nev24160916n1" nevis:expl-profile="mdl256yr2016, mdl234yr2017, mdl235yr2017, mdl236yr2017, mdl256yr2017, mdl238yr2017, mdl246yr2018, mdl256yr2018, mdl234yr2018, mdl235yr2018, mdl236yr2018, mdl238yr2018" nevis:profile="urn:x-nevis:profile:0b00c8af858c2577 urn:x-nevis:profile:0b00c8af86dd9c00 urn:x-nevis:profile:0b00c8af86dd9c01 urn:x-nevis:profile:0b00c8af86dd9c02 urn:x-nevis:profile:0b00c8af86eeb1e9 urn:x-nevis:profile:0b00c8af86ef2dd3 urn:x-nevis:profile:0b00c8af87164cbc urn:x-nevis:profile:0b00c8af87345e76 urn:x-nevis:profile:0b00c8af87346035 urn:x-nevis:profile:0b00c8af8734634a urn:x-nevis:profile:0b00c8af873465d2 urn:x-nevis:profile:0b00c8af87346884" nevis:projectdocument="urn:x-nevis:projectdocument:0800c8af86f81473" nevis:resource="0900c8af86f8153b" nevis:resource2="urn:x-nevis:fragment:0900c8af86f81507:0900c8af86f8153b#nev24160916n1" nevis:session-id="" qualifierinfotype="14:06" xml:lang="en-US"><title id="nev24160916n2"><phrase category="Title" id="nev24161717n1" phrase-urn="urn:x-nevis:phrase:0800c8af86f03262">Component test:</phrase><phrase category="Title" id="nev24161718n1" phrase-urn="urn:x-nevis:phrase:0800c8af81eb9d95">Control module</phrase></title><content id="nev24160917n1-nev24160916n3" nevis:expl-profile="mdl256yr2016, mdl234yr2017, mdl235yr2017, mdl236yr2017, mdl256yr2017, mdl238yr2017, mdl246yr2018, mdl256yr2018, mdl234yr2018, mdl235yr2018, mdl236yr2018, mdl238yr2018" nevis:idfrom="nev24160917n1" nevis:prefix="nev24160917n1" nevis:profile="urn:x-nevis:profile:0b00c8af858c2577 urn:x-nevis:profile:0b00c8af86dd9c00 urn:x-nevis:profile:0b00c8af86dd9c01 urn:x-nevis:profile:0b00c8af86dd9c02 urn:x-nevis:profile:0b00c8af86eeb1e9 urn:x-nevis:profile:0b00c8af86ef2dd3 urn:x-nevis:profile:0b00c8af87164cbc urn:x-nevis:profile:0b00c8af87345e76 urn:x-nevis:profile:0b00c8af87346035 urn:x-nevis:profile:0b00c8af8734634a urn:x-nevis:profile:0b00c8af873465d2 urn:x-nevis:profile:0b00c8af87346884" nevis:resource="0900c8af86f81539" nevis:resource2="urn:x-nevis:fragment:0900c8af86f81507:0900c8af86f81539#nev24160916n3" xml:lang="en-US"><nodes id="nev24160917n1-nev24160916n4"/><SpaScript Id="b5a19964-65c4-4c56-a472-a7fe4e05e68d" Name="Component test: Control module " Type="FaultTracing" id="nev24160917n1-nev24161719n1"><Module IsEventHandler="false" Name="Main" id="nev24160917n1-nev24161720n1"><Variable Id="NewVariable" Scope="Local" Type="InfoDisplay" id="nev24160917n1-nev24161721n1"><Value Type="InfoDisplayVariable" id="nev24160917n1-nev24161722n1"><infoDisplay id="nev24160917n1-nev24161723n1"><title id="nev24160917n1-nev24161724n1"><phrase category="Title" id="nev24160917n1-nev24160918n1" phrase-urn="urn:x-nevis:phrase:0800c8af86ea7dd5">General informa#@#@#14# test</phrase></title><para id="nev24160917n1-nev24161725n1"><phrase category="Faulttracing" id="nev24160917n1-nev24161678n1" phrase-urn="urn:x-nevis:phrase:0800c8af86f77fb8">Before replacin#@#@#95#cked:</phrase></para><list id="nev24160917n1-nev24161726n1"><li id="nev24160917n1-nev24161727n1"><phrase category="Faulttracing" id="nev24160917n1-nev24161679n1" phrase-urn="urn:x-nevis:phrase:0800c8af86e868c1">Connectors on t#@#@#11#side.</phrase></li><li id="nev24160917n1-nev24161728n1"><phrase category="Faulttracing" id="nev24160917n1-nev24161680n1" phrase-urn="urn:x-nevis:phrase:0800c8af86e868c1">Connectors on t#@#@#11#side.</phrase></li><li id="nev24160917n1-nev24161729n1"><phrase category="Faulttracing" id="nev24160917n1-nev24161681n1" phrase-urn="urn:x-nevis:phrase:0800c8af86e868c3">Splices in the #@#@#3#ness.</phrase></li></list><para id="nev24160917n1-nev24161730n1"><phrase category="Faulttracing" id="nev24160917n1-nev24161682n1" phrase-urn="urn:x-nevis:phrase:0800c8af86f77fb9">For more inform#@#@#94#tion.</phrase></para><hint id="nev24160917n1-nev24161731n1"><phrase category="Faulttracing" id="nev24160917n1-nev24161683n1" phrase-urn="urn:x-nevis:phrase:0800c8af86f80f15">If the control #@#@#128#mode.</phrase><phrase category="Faulttracing" id="nev24160917n1-nev24161684n1" phrase-urn="urn:x-nevis:phrase:0800c8af86f80f16">Go to Software #@#@#25#test.</phrase><phrase category="Faulttracing" id="nev24160917n1-nev24161685n1" phrase-urn="urn:x-nevis:phrase:0800c8af86f80f17">If it is possib#@#@#144#ware.</phrase></hint><title id="nev24160917n1-nev24161732n1"><phrase category="Title" id="nev24160917n1-nev24161686n1" phrase-urn="urn:x-nevis:phrase:0800c8af86ea7dd4">Important preca#@#@#22#acing</phrase></title><caution id="nev24160917n1-nev24161733n1"><phrase category="Faulttracing" id="nev24160917n1-nev24161687n1" phrase-urn="urn:x-nevis:phrase:0800c8af86e869ea">Avoid touching #@#@#76#tors.</phrase><phrase category="Faulttracing" id="nev24160917n1-nev24161688n1" phrase-urn="urn:x-nevis:phrase:0800c8af86e869eb">There is a risk#@#@#62#dule.</phrase><phrase category="Faulttracing" id="nev24160917n1-nev24161689n1" phrase-urn="urn:x-nevis:phrase:0800c8af86e869ec">Before starting#@#@#162#ssis.</phrase></caution><caution id="nev24160917n1-nev24161734n1"><phrase category="Faulttracing" id="nev24160917n1-nev24161690n1" phrase-urn="urn:x-nevis:phrase:0800c8af86f10072">The terminals c#@#@#74#ctor.</phrase><phrase category="Faulttracing" id="nev24160917n1-nev24161691n1" phrase-urn="urn:x-nevis:phrase:0800c8af86f10073">Therefore, if p#@#@#41#ctor.</phrase><phrase category="Faulttracing" id="nev24160917n1-nev24161692n1" phrase-urn="urn:x-nevis:phrase:0800c8af86f10074">If this is not #@#@#62#ctor.</phrase></caution><title id="nev24160917n1-nev24161735n1"><phrase category="Title" id="nev24160917n1-nev24161693n1" phrase-urn="urn:x-nevis:phrase:0800c8af86f73598">Check for commu#@#@#3#ation</phrase></title><para id="nev24160917n1-nev24161736n1"><phrase category="Faulttracing" id="nev24160917n1-nev24161694n1" phrase-urn="urn:x-nevis:phrase:0800c8af86f78181">The FlexRay dom#@#@#72#work.</phrase><phrase category="Faulttracing" id="nev24160917n1-nev24161695n1" phrase-urn="urn:x-nevis:phrase:0800c8af86f10088">This is done wh#@#@#35#ving.</phrase></para><para id="nev24160917n1-nev24161737n1"><phrase category="Faulttracing" id="nev24160917n1-nev24161696n1" phrase-urn="urn:x-nevis:phrase:0800c8af86f10089">If the domain m#@#@#137# set.</phrase><phrase category="Faulttracing" id="nev24160917n1-nev24161697n1" phrase-urn="urn:x-nevis:phrase:0800c8af86f78184">If a single DTC#@#@#148#ting.</phrase><phrase category="Faulttracing" id="nev24160917n1-nev24161698n1" phrase-urn="urn:x-nevis:phrase:0800c8af86f781e4">If two or more #@#@#80#wire.</phrase><phrase category="Faulttracing" id="nev24160917n1-nev24161699n1" phrase-urn="urn:x-nevis:phrase:0800c8af86f1008c">If this is the #@#@#83#race.</phrase><phrase category="Faulttracing" id="nev24160917n1-nev24161700n1" phrase-urn="urn:x-nevis:phrase:0800c8af86f100a5">The built in lo#@#@#26#ires.</phrase></para><note id="nev24160917n1-nev24161738n1"><phrase category="Faulttracing" id="nev24160917n1-nev24161714n1" phrase-urn="urn:x-nevis:phrase:0800c8af86f81474">The domain mast#@#@#124#ault.</phrase></note><para id="nev24160917n1-nev24161739n1"><phrase category="Faulttracing" id="nev24160917n1-nev24161713n1" phrase-urn="urn:x-nevis:phrase:0800c8af86f81475">If a single DTC#@#@#88#dule.</phrase></para><para id="nev24160917n1-nev24161740n1"><phrase category="Faulttracing" id="nev24160917n1-nev24161715n1" phrase-urn="urn:x-nevis:phrase:0800c8af86f7359c">Check that the #@#@#52#ound.</phrase><phrase category="Faulttracing" id="nev24160917n1-nev24161716n1" phrase-urn="urn:x-nevis:phrase:0800c8af82c02c02">There will prob#@#@#217#ower.</phrase></para></infoDisplay></Value></Variable><Variable Id="Input" Scope="Input" Type="FaultTracing.Input" id="nev24160917n1-nev24161741n1"/><Component Annotation="" ComponentId="DisplayInformation1" id="nev24160917n1-nev24161742n1"><DisplayInformation id="nev24160917n1-nev24161743n1"><Input ButtonType="0" InfoDisplay="{NewVariable}" id="nev24160917n1-nev24161744n1"/></DisplayInformation></Component></Module><Module IsEventHandler="false" Name="Final" id="nev24160917n1-nev24161745n1"/></SpaScript></content></script>