<?xml version="1.0" encoding="UTF-8"?><servinfosub IE-ID="en-US0900c8af86aaa507" docno="VCC-370845" id="nev13716495n1" original="sv-SE" servinfosubId="nev13716496n1-nev13716495n4" servinfosubRes="0900c8af86aaa54b" servinfosubRes2="urn:x-nevis:fragment:0900c8af86aaa507:0900c8af86aaa54b#nev13716495n4" xml:lang="en-US">
<operationnumbers>
<operationnumber>76214-2</operationnumber>
</operationnumbers>
<title id="nev13716494n20">Rear Stabilizer Bar</title>
<procedure id="nev13716496n1-nev13716494n30">
<stepgrp boilerplate="false" context="" id="nev13716496n1-nev22593247n29">
<title id="nev13716496n1-nev22593247n28">Removal</title>
<procstep id="nev13716496n1-nev22593247n60">
<note id="nev13716496n1-nev22593247n27">
<ptxt>Removal steps i#@#@#45#ails.</ptxt>
</note>
</procstep>
<procstep id="nev13716496n1-nev22593247n58">
<para id="nev13716496n1-nev22593247n23">
<ptxt id="nev13716496n1-nev22593247n25">Follow instruct#@#@#29#frame<xref boilerplate="true" id="nev13716496n1-nev22593247n26">
<ref id="nev13716496n1-nev22593247n24"/>
</xref>
</ptxt>
</para>
</procstep>
<procstep id="nev13716496n1-nev22593247n53">
<para id="nev13716496n1-nev22593247n21">
<ptxt id="nev13716496n1-nev22593247n22">On both sides.</ptxt>
</para>
</procstep>
<procstep id="nev13716496n1-nev22593247n50">
<para id="nev13716496n1-nev22593247n17">
<ptxt id="nev13716496n1-nev22593247n19">Remove link rea#@#@#10#l bar<xref boilerplate="true" id="nev13716496n1-nev22593247n20">
<ref id="nev13716496n1-nev22593247n18"/>
</xref>
</ptxt>
</para>
</procstep>
<procstep id="nev13716496n1-nev22593247n45">
<grate id="nev13716496n1-nev22593247n15">
<graphic id="nev13716496n1-nev22593247n16">
<href>0900c8af86aaa50#@#@#9#.jpeg</href>
</graphic>
<graphtext id="nev13716496n1-nev22593287n1">
<para id="nev13716496n1-nev22593247n13">
<ptxt id="nev13716496n1-nev22593247n14">Loosen the screws.</ptxt>
</para>
<para id="nev13716496n1-nev22593247n11">
<ptxt id="nev13716496n1-nev22593247n12">Remove the mark#@#@#3#part.</ptxt>
</para>
<para id="nev13716496n1-nev22593247n7">
<ptxt id="nev13716496n1-nev22593247n9">
<torque id="nev13716496n1-nev22593247n10">
<ref id="nev13716496n1-nev22593247n8"/>
</torque>
</ptxt>
</para>
</graphtext>
</grate>
</procstep>
</stepgrp>
<stepgrp boilerplate="false" context="" id="nev13716496n1-nev22593247n6">
<title id="nev13716496n1-nev22593247n5">Installation</title>
<procstep id="nev13716496n1-nev22593247n32">
<para id="nev13716496n1-nev22593247n3">
<ptxt id="nev13716496n1-nev22593247n4">To install, rev#@#@#22#dure.</ptxt>
</para>
</procstep>
</stepgrp>
</procedure>
</servinfosub>