<?xml version="1.0" encoding="UTF-8"?><servinfosub IE-ID="en-US0900c8af82cdb507" docno="VCC-268401" id="nev11061254n1" xml:lang="en-US">
<title>
<phrase category="" id="nev11061254n2" phrase-urn="urn:x-nevis:phrase:0800c8af8270a9e5">Signal too high</phrase>
</title>
<diagnostic j2008use="1" layout="1" paperuse="1" screenuse="1" type="test">
<testgrp IE-ID="en-US0900c8af82cdb507_nev11061254n3" id="nev11061254n3" j2008use="1" paperuse="1" resumable="1" screenuse="1" testgrp-id="node1" x="80" y="80">
<title>
<phrase category="" id="nev11061254n4" phrase-urn="urn:x-nevis:phrase:0800c8af8270a9e6">Checking the co#@#@#13#iring</phrase>
</title>
<node>
<test1>
<test2>
<para>
<ptxt>
<phrase category="" id="nev11061254n5" phrase-urn="urn:x-nevis:phrase:0800c8af8270a9e8">Check the funct#@#@#48#ing. </phrase>
</ptxt>
</para>
<hint>
<ptxt>
<phrase category="" id="nev11061254n6" phrase-urn="urn:x-nevis:phrase:0800c8af8270a9e9">Battery voltage#@#@#17#16 V.</phrase>
</ptxt>
</hint>
<para>
<ptxt>
<phrase category="" id="nev11061254n7" phrase-urn="urn:x-nevis:phrase:0800c8af8270a9ea">Remedy as necessary.</phrase>
</ptxt>
</para>
<list1 enumtype="d" type="unordered">
<title>
<phrase category="" id="nev11061254n8" phrase-urn="urn:x-nevis:phrase:0800c8af8270a9eb">Other information</phrase>
</title>
<item id="nev11061254n9">
<ptxt id="nev11061254n10">
<xref id="nev11061255n1">
<ref id="nev11061255n2"/>
</xref>
</ptxt>
</item>
</list1>
<grate>
<graphic id="nev11061255n3">
<href>0900c8af80054d6#@#@#9#.jpeg</href>
</graphic>
</grate>
</test2>
</test1>
<question>
Select Continue.
</question>
<resact-grp>
<result button="cont" comp="button" highlight="0"/>
<action j2008use="1" paperuse="1" screenuse="1">
<ptxt>
<xref>
<ref id="nev11061255n5"/>
</xref>
</ptxt>
</action>
</resact-grp>
</node>
</testgrp>
<testgrp id="nev11061255n6" j2008use="1" paperuse="1" resumable="1" screenuse="1" testgrp-id="ecm-ver1" x="80" y="220">
<title>
<phrase category="" id="nev11061255n7" phrase-urn="urn:x-nevis:phrase:0800c8af8270a9ee">Verification</phrase>
</title>
<subcalloutnode>
<diagcallout>
<xref id="nev11061255n8">
<ref id="nev11061255n9"/>
</xref>
</diagcallout>
<rescall-grp>
<result comp="string" highlight="0" op="eq" return="VERIFICATION FAILED"/>
<calloutaction>
<ptxt>
<xref>
<ref id="nev11061255n10"/>
</xref>
</ptxt>
</calloutaction>
</rescall-grp>
<rescall-grp>
<result comp="string" highlight="0" op="eq" return="VERIFIED"/>
<calloutaction>
<return value="FAULT FOUND"/>
</calloutaction>
</rescall-grp>
</subcalloutnode>
</testgrp>
<testgrp id="nev11061256n1" j2008use="1" paperuse="1" resumable="1" screenuse="1" testgrp-id="info1" x="80" y="380">
<title>
<phrase category="" id="nev11061256n2" phrase-urn="urn:x-nevis:phrase:0800c8af8270a9ef">Fault-tracing i#@#@#5#ation</phrase>
</title>
<subcalloutnode>
<diagcallout>
<xref>
<ref id="nev11061256n3"/>
</xref>
</diagcallout>
<rescall-grp>
<result comp="string" highlight="0" op="eq" return="FAULTTRACING FAILED"/>
<calloutaction>
<return value="FAULTTRACING FAILED"/>
</calloutaction>
</rescall-grp>
<rescall-grp>
<result comp="string" highlight="0" op="eq" return="NEW TRY"/>
<calloutaction>
<ptxt>
<xref>
<ref id="nev11061256n4"/>
</xref>
</ptxt>
</calloutaction>
</rescall-grp>
</subcalloutnode>
</testgrp>
</diagnostic>
</servinfosub>