<?xml version="1.0" encoding="UTF-8"?><servinfosub IE-ID="en-US0900c8af823e5507" docno="VCC-167068" id="KC08850151" xml:lang="en-US">
<title>
<phrase category="" id="KC09613639" phrase-urn="urn:x-nevis:phrase:0800c8af8272612a">Faulty signal</phrase>
</title>
<diagnostic type="test">
<testgrp IE-ID="en-US0900c8af823e5507_KC08859776" id="KC08859776" j2008use="1" paperuse="1" resumable="1" screenuse="1" testgrp-id="node1" x="120" y="80">
<title>
<phrase category="" id="KC09613640" phrase-urn="urn:x-nevis:phrase:0800c8af8272612b">Checking compon#@#@#10#iring</phrase>
</title>
<node>
<test1>
<diaglist>
<dgraphic>
<dgraphic1>
<graphic id="KC09613641">
<href>0900c8af80054d4#@#@#9#.jpeg</href>
</graphic>
</dgraphic1>
<dgraphic3>
<graphic id="KC09613642">
<href>0900c8af80054cc#@#@#9#.jpeg</href>
</graphic>
</dgraphic3>
</dgraphic>
<ditem>
<ptxt>
<phrase category="" id="KC09613643" phrase-urn="urn:x-nevis:phrase:0800c8af8272612c">Ignition off</phrase>
</ptxt>
</ditem>
<ditem>
<ptxt>
<phrase category="" id="KC09613644" phrase-urn="urn:x-nevis:phrase:0800c8af8272612d">Unplug the conn#@#@#36#ECM).</phrase>
</ptxt>
</ditem>
</diaglist>
<test2>
<para>
<ptxt>
<phrase category="" id="KC09613645" phrase-urn="urn:x-nevis:phrase:0800c8af8272612f">Check the conne#@#@#54#tion.</phrase>
</ptxt>
</para>
<para>
<ptxt>
<phrase category="" id="KC09613646" phrase-urn="urn:x-nevis:phrase:0800c8af82726130">Check the cable#@#@#74#tage.</phrase>
</ptxt>
<ptxt>
<phrase category="" id="KC09613647" phrase-urn="urn:x-nevis:phrase:0800c8af82726131">Measure between:</phrase>
</ptxt>
</para>
<list1 enumtype="d" type="unordered">
<item>
<ptxt>
<phrase category="" id="KC09613648" phrase-urn="urn:x-nevis:phrase:0800c8af82726132">Engine control #@#@#56# (-).</phrase>
</ptxt>
</item>
<item>
<ptxt>
<phrase category="" id="KC09613649" phrase-urn="urn:x-nevis:phrase:0800c8af82726133">Engine control #@#@#56# (+).</phrase>
</ptxt>
</item>
</list1>
<para>
<ptxt>
<phrase category="" id="KC09613650" phrase-urn="urn:x-nevis:phrase:0800c8af82726134">Remedy as necessary.</phrase>
</ptxt>
</para>
<list1 enumtype="d" type="unordered">
<title>
<phrase category="" id="KC09613651" phrase-urn="urn:x-nevis:phrase:0800c8af82726135">Other information</phrase>
</title>
<item>
<ptxt>
<phrase category="" id="KC09613652" phrase-urn="urn:x-nevis:phrase:0800c8af82726136">
<xref>
<ref id="KC09613653"/>
</xref>
</phrase>
</ptxt>
</item>
<item>
<ptxt>
<phrase category="" id="KC09613654" phrase-urn="urn:x-nevis:phrase:0800c8af82726137">
<xref>
<ref id="KC09613655"/>
</xref>
</phrase>
</ptxt>
</item>
<item>
<ptxt>
<phrase category="" id="KC09613656" phrase-urn="urn:x-nevis:phrase:0800c8af82726138">
<xref>
<ref id="KC09613657"/>
</xref>
</phrase>
</ptxt>
</item>
<item>
<ptxt>
<phrase category="" id="KC09613658" phrase-urn="urn:x-nevis:phrase:0800c8af82726139">
<xref>
<ref id="KC09613659"/>
</xref>
</phrase>
</ptxt>
</item>
</list1>
<diaglist>
<dgraphic>
<dgraphic1>
<graphic id="KC09613660">
<href>0900c8af8204a44#@#@#9#.jpeg</href>
</graphic>
</dgraphic1>
</dgraphic>
</diaglist>
<grate>
<graphic id="KC09613661">
<href>0900c8af81620f1#@#@#9#.jpeg</href>
</graphic>
</grate>
</test2>
</test1>
<question>
Select Continue.
</question>
<resact-grp>
<result button="cont" comp="button" highlight="0"/>
<action j2008use="1" paperuse="1" screenuse="1">
<ptxt>
<xref>
<ref id="KC09613663"/>
</xref>
</ptxt>
</action>
</resact-grp>
</node>
</testgrp>
<testgrp id="KC08859777" j2008use="1" paperuse="1" resumable="1" screenuse="1" testgrp-id="veria" x="120" y="200">
<title>
<phrase category="" id="KC09613664" phrase-urn="urn:x-nevis:phrase:0800c8af8272613b">Verification</phrase>
</title>
<subcalloutnode>
<diagcallout>
<xref>
<ref id="KC09613665"/>
</xref>
</diagcallout>
<rescall-grp>
<result comp="string" highlight="0" op="eq" return="VERIFIED"/>
<calloutaction>
<return value="FAULT FOUND"/>
</calloutaction>
</rescall-grp>
<rescall-grp>
<result comp="string" highlight="0" op="eq" return="VERIFICATION FAILED"/>
<calloutaction>
<ptxt>
<xref>
<ref id="KC09613666"/>
</xref>
</ptxt>
</calloutaction>
</rescall-grp>
</subcalloutnode>
</testgrp>
<testgrp id="KC08859778" j2008use="1" paperuse="0" resumable="1" screenuse="1" testgrp-id="info1" x="360" y="200">
<title>
<phrase category="" id="KC09613667" phrase-urn="urn:x-nevis:phrase:0800c8af8272613c">Fault-tracing i#@#@#5#ation</phrase>
</title>
<subcalloutnode>
<diagcallout>
<xref>
<ref id="KC09613668"/>
</xref>
</diagcallout>
<rescall-grp>
<result comp="string" highlight="0" op="eq" return="FAULTTRACING FAILED"/>
<calloutaction>
<return value="FAULTTRACING FAILED"/>
</calloutaction>
</rescall-grp>
<rescall-grp>
<result comp="string" highlight="0" op="eq" return="NEW TRY"/>
<calloutaction>
<ptxt>
<xref>
<ref id="KC09613669"/>
</xref>
</ptxt>
</calloutaction>
</rescall-grp>
</subcalloutnode>
</testgrp>
</diagnostic>
</servinfosub>