<?xml version="1.0" encoding="UTF-8"?><servinfosub IE-ID="en-US0900c8af817de507" docno="VCC-159785" id="KC06193638" xml:lang="en-US">
<title>Damper motor mo#@#@#30#acing</title>
<procedure>
<stepgrp>
<procstep>
<title/>
<ptxt>The illustratio#@#@#177#ect. </ptxt>
</procstep>
</stepgrp>
<stepgrp id="KC06263961">
<title>Removal</title>
<procstep id="KC06263962">
<title>Removing the da#@#@#36#ation</title>
<grate>
<graphic id="KC08967867">
<href>0900c8af8005d58#@#@#9#.jpeg</href>
</graphic>
<graphtext>
<list1 enumtype="d" type="unordered">
<title>Remove:</title>
<item>
<ptxt>the glove compa#@#@#7# See <xref>
<ref id="KC08967868"/>
</xref>
</ptxt>
</item>
<item>
<ptxt>the switch</ptxt>
<hint>
<ptxt>Use a small ele#@#@#107# out.</ptxt>
</hint>
</item>
<item>
<ptxt>the 2 x screws</ptxt>
</item>
<item>
<ptxt>the control module.</ptxt>
</item>
</list1>
<para>
<ptxt>Check the funct#@#@#92#cure.</ptxt>
</para>
</graphtext>
</grate>
</procstep>
</stepgrp>
<stepgrp id="KC06263963">
<title>Installation</title>
<procstep id="KC06263964">
<title>Installing the #@#@#39#tion </title>
<grate>
<graphic id="KC08967869">
<href>0900c8af8005d58#@#@#9#.jpeg</href>
</graphic>
<graphtext>
<list1 enumtype="d" type="unordered">
<title>Install:</title>
<item>
<ptxt>the control mod#@#@#88#es in</ptxt>
</item>
<item>
<ptxt>the 2 screws. T#@#@#13#ately</ptxt>
</item>
<item>
<ptxt>the switch. Ens#@#@#30#ioned</ptxt>
</item>
<item>
<ptxt>the glove compa#@#@#7# See <xref>
<ref id="KC08967870"/>
</xref>.</ptxt>
</item>
</list1>
<note>
<ptxt>Identify the da#@#@#69#tion.</ptxt>
</note>
</graphtext>
</grate>
</procstep>
</stepgrp>
<stepgrp id="KC06263965">
<title>Finishing</title>
<procstep id="KC06263966">
<title>Testing the cli#@#@#14#ystem</title>
<para>
<ptxt>Carry out a per#@#@#43#See: <xref>
<ref id="KC08967871"/>
</xref>.</ptxt>
</para>
</procstep>
</stepgrp>
</procedure>
</servinfosub>