<?xml version="1.0" encoding="UTF-8"?><servinfosub IE-ID="en-US0900c8af80554507" docno="VCC-146541" id="KC01660432" xml:lang="en-US">
<title>
<phrase category="" id="KC07897739" phrase-urn="urn:x-nevis:phrase:0800c8af81c3350d">Signal too low</phrase>
</title>
<diagnostic j2008use="1" paperuse="1" screenuse="1" type="test">
<testgrp IE-ID="en-US0900c8af80554507_KC01673270" id="KC01673270" j2008use="1" paperuse="1" resumable="1" screenuse="1" testgrp-id="a1" x="160" y="120">
<title>
<phrase category="" id="KC07897740" phrase-urn="urn:x-nevis:phrase:0800c8af81c3350e">Checking and re#@#@#16#onent</phrase>
</title>
<node>
<test1>
<diaglist>
<dgraphic>
<dgraphic1>
<graphic id="KC07897741">
<href>0900c8af80054d5#@#@#9#.jpeg</href>
</graphic>
</dgraphic1>
</dgraphic>
<ditem>
<ptxt>
<phrase category="" id="KC07897742" phrase-urn="urn:x-nevis:phrase:0800c8af81c3350f">Ignition off</phrase>
</ptxt>
</ditem>
<ditem>
<ptxt>
<phrase category="" id="KC07897743" phrase-urn="urn:x-nevis:phrase:0800c8af81c33510">Remove the 15i #@#@#88#ation</phrase>
</ptxt>
</ditem>
<ditem>
<ptxt>
<phrase category="" id="KC07897744" phrase-urn="urn:x-nevis:phrase:0800c8af81c33511">Install the relay</phrase>
</ptxt>
</ditem>
<ditem>
<ptxt>
<phrase category="" id="KC07897745" phrase-urn="urn:x-nevis:phrase:0800c8af81c33512">Ignition on.</phrase>
</ptxt>
</ditem>
</diaglist>
<test2>
<para>
<ptxt>
<phrase category="" id="KC07897746" phrase-urn="urn:x-nevis:phrase:0800c8af81c33513">Activate and de#@#@#36#lick.</phrase>
</ptxt>
</para>
<para>
<ptxt>
<phrase category="" id="KC07897747" phrase-urn="urn:x-nevis:phrase:0800c8af81c33514">If the function#@#@#64#base.</phrase>
</ptxt>
</para>
<list1 enumtype="d">
<title>
<phrase category="" id="KC07897748" phrase-urn="urn:x-nevis:phrase:0800c8af81c33517">Other information</phrase>
</title>
<item>
<ptxt>
<phrase category="" id="KC07897749" phrase-urn="urn:x-nevis:phrase:0800c8af81c33518">To access and r#@#@#17# see <xref>
<ref id="KC07897750"/>
</xref>
</phrase>
</ptxt>
</item>
<item>
<ptxt>
<phrase category="" id="KC07897751" phrase-urn="urn:x-nevis:phrase:0800c8af81c33519">For further inf#@#@#55#gram </phrase>
</ptxt>
</item>
<item>
<ptxt>
<phrase category="" id="KC07897752" phrase-urn="urn:x-nevis:phrase:0800c8af81c3351a">
<xref>
<ref id="KC07897753"/>
</xref>.</phrase>
</ptxt>
</item>
</list1>
<diaglist>
<dgraphic>
<dgraphic2>
<graphic id="KC07897754">
<href>0900c8af86c8681#@#@#9#.jpeg</href>
</graphic>
<smarttool active="press" id="KC07897755" toolname="XCEMB117"/>
</dgraphic2>
</dgraphic>
<ditem>
<ditemtext>
<ptxt>
<phrase category="" id="KC07897756" phrase-urn="urn:x-nevis:phrase:0800c8af81c3351b"/>
</ptxt>
</ditemtext>
</ditem>
</diaglist>
</test2>
</test1>
<question>Was the function OK?</question>
<resact-grp>
<result button="yes" comp="button" highlight="0"/>
<action j2008use="1" paperuse="1" screenuse="1">
<ptxt>
<xref>
<ref id="KC07897757"/>
</xref>
</ptxt>
</action>
</resact-grp>
<resact-grp>
<result button="no" comp="button" highlight="0"/>
<action j2008use="1" paperuse="1" screenuse="1">
<ptxt>
<xref>
<ref id="KC07897758"/>
</xref>
</ptxt>
</action>
</resact-grp>
</node>
</testgrp>
<testgrp id="KC01673271" j2008use="1" paperuse="1" resumable="1" screenuse="1" testgrp-id="a2" x="160" y="200">
<title>
<phrase category="" id="KC07897759" phrase-urn="urn:x-nevis:phrase:0800c8af81c3351d">Replacing the c#@#@#3#onent</phrase>
</title>
<node>
<test1>
<diaglist>
<dgraphic>
<dgraphic1>
<graphic id="KC07897760">
<href>0900c8af80054d5#@#@#9#.jpeg</href>
</graphic>
</dgraphic1>
</dgraphic>
<ditem>
<ptxt>
<phrase category="" id="KC07897761" phrase-urn="urn:x-nevis:phrase:0800c8af81c3351e">Ignition off</phrase>
</ptxt>
</ditem>
<ditem>
<ptxt>
<phrase category="" id="KC07897762" phrase-urn="urn:x-nevis:phrase:0800c8af81c3351f">Replace the 15i#@#@#14#relay</phrase>
</ptxt>
</ditem>
<ditem>
<ptxt>
<phrase category="" id="KC07897763" phrase-urn="urn:x-nevis:phrase:0800c8af81c33520">Ignition on.</phrase>
</ptxt>
</ditem>
</diaglist>
<test2>
<para>
<ptxt>
<phrase category="" id="KC07897764" phrase-urn="urn:x-nevis:phrase:0800c8af81c33521">Activate and de#@#@#36#lick.</phrase>
</ptxt>
</para>
<para>
<ptxt>
<phrase category="" id="KC07897765" phrase-urn="urn:x-nevis:phrase:0800c8af81c33522">If the function#@#@#115#oil).</phrase>
</ptxt>
</para>
<list1 enumtype="d">
<title>
<phrase category="" id="KC07897766" phrase-urn="urn:x-nevis:phrase:0800c8af81c33523">Other information</phrase>
</title>
<item>
<ptxt>
<phrase category="" id="KC07897767" phrase-urn="urn:x-nevis:phrase:0800c8af81c33527">To access and r#@#@#17# see <xref>
<ref id="KC07897768"/>
</xref>
</phrase>
</ptxt>
</item>
<item>
<ptxt>
<phrase category="" id="KC07897769" phrase-urn="urn:x-nevis:phrase:0800c8af81c3352a">For further inf#@#@#56#ram. </phrase>
</ptxt>
</item>
</list1>
<diaglist>
<dgraphic>
<dgraphic2>
<graphic id="KC07897770">
<href>0900c8af86c8681#@#@#9#.jpeg</href>
</graphic>
<smarttool active="press" id="KC07897771" toolname="XCEMB117"/>
</dgraphic2>
</dgraphic>
<ditem>
<ditemtext>
<ptxt>
<phrase category="" id="KC07897772" phrase-urn="urn:x-nevis:phrase:0800c8af81c33530"/>
</ptxt>
</ditemtext>
</ditem>
</diaglist>
</test2>
</test1>
<question>Was the function OK?</question>
<resact-grp>
<result button="yes" comp="button" highlight="0"/>
<action j2008use="1" paperuse="1" screenuse="1">
<return value="FAULT FOUND"/>
</action>
</resact-grp>
<resact-grp>
<result button="no" comp="button" highlight="0"/>
<action j2008use="1" paperuse="1" screenuse="1">
<ptxt>
<xref>
<ref id="KC07897773"/>
</xref>
</ptxt>
</action>
</resact-grp>
</node>
</testgrp>
<testgrp id="KC01673272" j2008use="1" paperuse="1" resumable="1" screenuse="1" testgrp-id="a3" x="160" y="280">
<title>
<phrase category="" id="KC07897774" phrase-urn="urn:x-nevis:phrase:0800c8af81c33531">Checking the co#@#@#25#cuits</phrase>
</title>
<node>
<test1>
<diaglist>
<dgraphic>
<dgraphic1>
<graphic id="KC07897775">
<href>0900c8af80054d5#@#@#9#.jpeg</href>
</graphic>
</dgraphic1>
</dgraphic>
<ditem>
<ptxt>
<phrase category="" id="KC07897776" phrase-urn="urn:x-nevis:phrase:0800c8af81c33532">Ignition off</phrase>
</ptxt>
</ditem>
<ditem>
<ptxt>
<phrase category="" id="KC07897777" phrase-urn="urn:x-nevis:phrase:0800c8af81c33533">Remove the 15i #@#@#13#relay</phrase>
</ptxt>
</ditem>
<ditem>
<ptxt>
<phrase category="" id="KC07897778" phrase-urn="urn:x-nevis:phrase:0800c8af81c33534">Ignition on.</phrase>
</ptxt>
</ditem>
</diaglist>
<test2>
<para>
<ptxt>
<phrase category="" id="KC07897779" phrase-urn="urn:x-nevis:phrase:0800c8af81c33536">Check the drive#@#@#149#base.</phrase>
</ptxt>
</para>
<para>
<ptxt>
<phrase category="" id="KC07897780" phrase-urn="urn:x-nevis:phrase:0800c8af81c33537">The voltage bet#@#@#46#tage.</phrase>
</ptxt>
<ptxt>
<phrase category="" id="KC07897781" phrase-urn="urn:x-nevis:phrase:0800c8af81c33539">If the value de#@#@#147#tage.</phrase>
</ptxt>
</para>
<hint>
<ptxt>
<phrase category="" id="KC07897782" phrase-urn="urn:x-nevis:phrase:0800c8af81c3353a">Do not forget t#@#@#54# OK. </phrase>
</ptxt>
</hint>
<list1 enumtype="d">
<title>
<phrase category="" id="KC07897783" phrase-urn="urn:x-nevis:phrase:0800c8af81c3353b">Other information</phrase>
</title>
<item>
<ptxt>
<phrase category="" id="KC07897784" phrase-urn="urn:x-nevis:phrase:0800c8af81c3353c">To access and r#@#@#17# see <xref>
<ref id="KC07897785"/>
</xref>
</phrase>
</ptxt>
</item>
<item>
<ptxt>
<phrase category="" id="KC07897786" phrase-urn="urn:x-nevis:phrase:0800c8af81c3353d">For further inf#@#@#55#gram </phrase>
</ptxt>
</item>
<item>
<ptxt>
<phrase category="" id="KC07897787" phrase-urn="urn:x-nevis:phrase:0800c8af81c3353e">
<xref>
<ref id="KC07897788"/>
</xref>.</phrase>
</ptxt>
</item>
</list1>
<diaglist>
<dgraphic>
<dgraphic2>
<graphic id="KC07897789">
<href>0900c8af86c8681#@#@#9#.jpeg</href>
</graphic>
<smarttool active="press" id="KC07897790" toolname="XCEMB117"/>
</dgraphic2>
</dgraphic>
<ditem>
<ditemtext>
<ptxt>
<phrase category="" id="KC07897791" phrase-urn="urn:x-nevis:phrase:0800c8af81c3353f"/>
</ptxt>
</ditemtext>
</ditem>
</diaglist>
<grate>
<graphic id="KC07897792">
<href>0900c8af80058e0#@#@#9#.jpeg</href>
</graphic>
</grate>
</test2>
</test1>
<question>Was a fault det#@#@#1#cted?</question>
<resact-grp>
<result button="yes" comp="button" highlight="0"/>
<action j2008use="1" paperuse="1" screenuse="1">
<ptxt>
<xref>
<ref id="KC07897793"/>
</xref>
</ptxt>
</action>
</resact-grp>
<resact-grp>
<result button="no" comp="button" highlight="0"/>
<action j2008use="1" paperuse="1" screenuse="1">
<ptxt>
<xref>
<ref id="KC07897794"/>
</xref>
</ptxt>
</action>
</resact-grp>
</node>
</testgrp>
<testgrp id="KC01673273" j2008use="1" paperuse="1" resumable="1" screenuse="1" testgrp-id="a4" x="160" y="280">
<title>
<phrase category="" id="KC07897795" phrase-urn="urn:x-nevis:phrase:0800c8af81c33540">Checking the co#@#@#26#cuits</phrase>
</title>
<node>
<test1>
<diaglist>
<dgraphic>
<dgraphic1>
<graphic id="KC07897796">
<href>0900c8af80054d5#@#@#9#.jpeg</href>
</graphic>
</dgraphic1>
</dgraphic>
<ditem>
<ptxt>
<phrase category="" id="KC07897797" phrase-urn="urn:x-nevis:phrase:0800c8af81c33541">Ignition on.</phrase>
</ptxt>
</ditem>
</diaglist>
<test2>
<para>
<ptxt>
<phrase category="" id="KC07897798" phrase-urn="urn:x-nevis:phrase:0800c8af81c33543">Activate the re#@#@#6#iver.</phrase>
</ptxt>
</para>
<para>
<ptxt>
<phrase category="" id="KC07897799" phrase-urn="urn:x-nevis:phrase:0800c8af81c33544">Measure the res#@#@#67#ive. </phrase>
</ptxt>
<ptxt>
<phrase category="" id="KC07897800" phrase-urn="urn:x-nevis:phrase:0800c8af81c33545">The resistance #@#@#40#ive. </phrase>
</ptxt>
</para>
<para>
<ptxt>
<phrase category="" id="KC07897801" phrase-urn="urn:x-nevis:phrase:0800c8af81c33546">Remedy as neces#@#@#1#ary. </phrase>
</ptxt>
</para>
<list1 enumtype="d">
<title>
<phrase category="" id="KC07897802" phrase-urn="urn:x-nevis:phrase:0800c8af81c33547">Other information</phrase>
</title>
<item>
<ptxt>
<phrase category="" id="KC07897803" phrase-urn="urn:x-nevis:phrase:0800c8af81c33548">To access and r#@#@#17# see <xref>
<ref id="KC07897804"/>
</xref>
</phrase>
</ptxt>
</item>
<item>
<ptxt>
<phrase category="" id="KC07897805" phrase-urn="urn:x-nevis:phrase:0800c8af81c3354a">For further inf#@#@#56#ram. </phrase>
</ptxt>
</item>
</list1>
<diaglist>
<dgraphic>
<dgraphic2>
<graphic id="KC07897806">
<href>0900c8af86c8681#@#@#9#.jpeg</href>
</graphic>
<smarttool active="press" id="KC07897807" toolname="XCEMB117"/>
</dgraphic2>
</dgraphic>
<ditem>
<ditemtext>
<ptxt>
<phrase category="" id="KC07897808" phrase-urn="urn:x-nevis:phrase:0800c8af81c3354b"/>
</ptxt>
</ditemtext>
</ditem>
</diaglist>
</test2>
</test1>
<question>Select Continue.</question>
<resact-grp>
<result button="cont" comp="button" highlight="0"/>
<action j2008use="1" paperuse="1" screenuse="1">
<ptxt>
<xref>
<ref id="KC07897809"/>
</xref>
</ptxt>
</action>
</resact-grp>
</node>
</testgrp>
<testgrp id="KC01673274" j2008use="1" paperuse="1" resumable="1" screenuse="1" testgrp-id="veri" x="320" y="120">
<title>
<phrase category="" id="KC07897810" phrase-urn="urn:x-nevis:phrase:0800c8af81c3354c">Verification</phrase>
</title>
<subcalloutnode>
<diagcallout>
<xref>
<ref id="KC07897811"/>
</xref>
</diagcallout>
<rescall-grp>
<result comp="string" highlight="0" op="eq" return="VERIFIED"/>
<calloutaction>
<return value="FAULT FOUND"/>
</calloutaction>
</rescall-grp>
<rescall-grp>
<result comp="string" highlight="0" op="eq" return="VERIFICATION FAILED"/>
<calloutaction>
<ptxt>
<xref>
<ref id="KC07897812"/>
</xref>
</ptxt>
</calloutaction>
</rescall-grp>
</subcalloutnode>
</testgrp>
<testgrp id="KC01673275" j2008use="1" paperuse="1" resumable="1" screenuse="1" testgrp-id="info1" x="320" y="200">
<title>
<phrase category="" id="KC07897813" phrase-urn="urn:x-nevis:phrase:0800c8af81c3354d">Fault-tracing i#@#@#5#ation</phrase>
</title>
<subcalloutnode>
<diagcallout>
<xref>
<ref id="KC07897814"/>
</xref>
</diagcallout>
<rescall-grp>
<result comp="string" highlight="0" op="eq" return="FAULTTRACING FAILED"/>
<calloutaction>
<return value="FAULTTRACING FAILED"/>
</calloutaction>
</rescall-grp>
<rescall-grp>
<result comp="string" highlight="0" op="eq" return="NEW TRY"/>
<calloutaction>
<ptxt>
<xref>
<ref id="KC07897815"/>
</xref>
</ptxt>
</calloutaction>
</rescall-grp>
</subcalloutnode>
</testgrp>
</diagnostic>
</servinfosub>