<?xml version="1.0" encoding="UTF-8"?><diagnostic IE-ID="en-US0900c8af84f9ae04" docno="VCC-418534" id="nev15777885n1" j2008use="1" layout="0" paperuse="1" screenuse="1" type="test" xml:lang="en-US">
<title>
<phrase category="" id="nev15777885n2" phrase-urn="urn:x-nevis:phrase:0800c8af8270cf6b">Verification</phrase>
</title>
<testgrp IE-ID="en-US0900c8af84f9ae04_nev15777885n3" id="nev15777885n3" j2008use="1" paperuse="1" resumable="1" screenuse="1" testgrp-id="verifnode" x="120" y="120">
<title>
<phrase category="" id="nev15777885n4" phrase-urn="urn:x-nevis:phrase:0800c8af8270cf6c">Verification</phrase>
</title>
<node>
<test1>
<hint>
<ptxt>
<phrase category="" id="nev15777885n5" phrase-urn="urn:x-nevis:phrase:0800c8af8270cf6d">After carrying #@#@#50#died.</phrase>
</ptxt>
</hint>
<diaglist>
<dgraphic>
<dgraphic1>
<graphic id="nev15777885n6">
<href>0900c8af80054d3#@#@#9#.jpeg</href>
</graphic>
</dgraphic1>
</dgraphic>
<ditem>
<ptxt>
<phrase category="" id="nev15777885n7" phrase-urn="urn:x-nevis:phrase:0800c8af8270cf6e">Reinstall the c#@#@#21# etc.</phrase>
</ptxt>
</ditem>
<ditem>
<ptxt>
<phrase category="Faulttracing" id="nev15777885n8" phrase-urn="urn:x-nevis:phrase:0800c8af81976d4a">Ignition on.</phrase>
</ptxt>
</ditem>
<ditem id="nev15777885n9">
<ptxt id="nev15777885n10">
<phrase category="Faulttracing" id="nev15777886n1" phrase-urn="urn:x-nevis:phrase:0800c8af81eab2a9">Click the vehic#@#@#39#tion.</phrase>
</ptxt>
</ditem>
</diaglist>
<test2>
<para>
<ptxt>
<phrase category="Faulttracing" id="nev15777886n2" phrase-urn="urn:x-nevis:phrase:0800c8af84bfd659">When activated,#@#@#80#ease.</phrase>
</ptxt>
</para>
<diaglist>
<dgraphic>
<dgraphic2>
<graphic id="nev15777886n3">
<href>0900c8af86c8681#@#@#9#.jpeg</href>
</graphic>
<smarttool active="press" id="nev15777886n4"/>
</dgraphic2>
</dgraphic>
</diaglist>
</test2>
</test1>
<question>
Is the functio#@#@#6#ect?
</question>
<resact-grp>
<result button="yes" comp="button" highlight="0"/>
<action j2008use="1" paperuse="1" screenuse="1">
<return value="VERIFIED"/>
</action>
</resact-grp>
<resact-grp>
<result button="no" comp="button" highlight="0"/>
<action j2008use="1" paperuse="1" screenuse="1">
<return value="VERIFICATION FAILED"/>
</action>
</resact-grp>
</node>
</testgrp>
</diagnostic>