<?xml version="1.0" encoding="UTF-8"?><servinfosub IE-ID="en-US0900c8af8578ee04" docno="VCC-443342" id="nev17583936n1" xml:lang="en-US">
<title>
<phrase category="Title" id="nev17583936n2" phrase-urn="urn:x-nevis:phrase:0800c8af81eb9a54">Diagnostic trou#@#@#21#ation</phrase>
<phrase category="Prefix" id="nev17583936n3" phrase-urn="urn:x-nevis:phrase:0800c8af840ac859">TVM</phrase>-B1A5613</title>
<diagnostic j2008use="1" paperuse="1" screenuse="1" type="condition">
<condgrp>
<condition type="condition">
<grate>
<graphic id="nev17583936n4">
<href>0900c8af84f8c46#@#@#9#.jpeg</href>
</graphic>
</grate>
<para>
<ptxt>
<phrase category="Faulttracing" id="nev17583936n5" phrase-urn="urn:x-nevis:phrase:0800c8af84a31497">The Television #@#@#37#tage.</phrase>
</ptxt>
</para>
<para>
<ptxt id="nev17583936n6">
<phrase category="Condition" id="nev17583936n7" phrase-urn="urn:x-nevis:phrase:0800c8af82c4843c">The diagnostic #@#@#59#that:</phrase>
</ptxt>
</para>
<list1 id="nev17583936n8">
<item id="nev17583936n9">
<ptxt id="nev17583936n10">
<phrase category="Qualifier" id="nev17583937n1" phrase-urn="urn:x-nevis:phrase:0800c8af8015c4ca">Voltage too low</phrase>
</ptxt>
</item>
</list1>
<para id="nev17583937n2">
<ptxt id="nev17583937n3">
<phrase category="Condition" id="nev17583937n4" phrase-urn="urn:x-nevis:phrase:0800c8af82c479d6">The control mod#@#@#67#t of:</phrase>
</ptxt>
</para>
<list1 id="nev17583937n5">
<item id="nev17583937n6">
<ptxt id="nev17583937n7">
<phrase category="Condition" id="nev17583937n8" phrase-urn="urn:x-nevis:phrase:0800c8af83354774">Activated contr#@#@#5#dule.</phrase>
</ptxt>
</item>
</list1>
<note id="nev17583937n9">
<ptxt id="nev17583937n10">
<phrase category="Condition" id="nev17583938n1" phrase-urn="urn:x-nevis:phrase:0800c8af82c4844b">The control mod#@#@#132# met.</phrase>
</ptxt>
</note>
</condition>
</condgrp>
<condgrp>
<condition type="substitution">
<list1 enumtype="d" type="unordered">
<item>
<ptxt>
<phrase category="Condition" id="nev17583938n2" phrase-urn="urn:x-nevis:phrase:0800c8af81eaaea8">None.</phrase>
</ptxt>
</item>
</list1>
</condition>
<ps>
<list1 enumtype="d" type="unordered">
<item>
<ptxt id="nev17583938n3">
<phrase category="Possible source" id="nev17583938n4" phrase-urn="urn:x-nevis:phrase:0800c8af84ba5acf">Open circuit or#@#@#74#TVM).</phrase>
</ptxt>
</item>
</list1>
</ps>
</condgrp>
<condgrp>
<condition type="symptom">
<list1 enumtype="d" type="unordered">
<item>
<ptxt id="nev17583938n5">
<phrase category="Symptom CSC" id="nev17583938n6" phrase-urn="urn:x-nevis:phrase:0800c8af8388f117">HY, TV/TV recep#@#@#18# work</phrase>
</ptxt>
</item>
</list1>
</condition>
</condgrp>
</diagnostic>
</servinfosub>