<?xml version="1.0" encoding="UTF-8"?><script xmlns:nevis="http://www.volvocars.com/namespaces/processing" xmlns:xlink="http://www.w3.org/1999/xlink" IE-ID="en-US0900c8af8230a80e" docno="VCC-227961" id="nev9920036n1" nevis:expl-profile="mdl184yr2002, mdl295yr2004, mdl384yr2002, mdl384yr2003, mdl184yr2004, mdl295yr2003, mdl184yr2003, mdl285yr2004, mdl275yr2004, mdl295yr2002, mdl275yr2003, mdl384yr2004, mdl285yr2002, mdl285yr2003, mdl184yr2005, mdl295yr2005, mdl384yr2005, mdl285yr2005, mdl275yr2005, mdl275yr2006, mdl285yr2006, mdl295yr2006, mdl384yr2006, mdl184yr2006, mdl384yr2007, mdl285yr2007, mdl295yr2007, mdl275yr2007, mdl275yr2008, mdl285yr2008, mdl384yr2008, mdl275yr2009, mdl384yr2009, mdl275yr2010, mdl275yr2011, mdl275yr2012, mdl275yr2013, mdl275yr2014, mdl275yr2015, mdl275yr2016" nevis:profile="urn:x-nevis:profile:0b00c8af8020665a urn:x-nevis:profile:0b00c8af8020665c urn:x-nevis:profile:0b00c8af8020665e urn:x-nevis:profile:0b00c8af8020665f urn:x-nevis:profile:0b00c8af80206661 urn:x-nevis:profile:0b00c8af80206662 urn:x-nevis:profile:0b00c8af80206664 urn:x-nevis:profile:0b00c8af80206666 urn:x-nevis:profile:0b00c8af80206669 urn:x-nevis:profile:0b00c8af8020666d urn:x-nevis:profile:0b00c8af80206671 urn:x-nevis:profile:0b00c8af80206674 urn:x-nevis:profile:0b00c8af80206675 urn:x-nevis:profile:0b00c8af80206676 urn:x-nevis:profile:0b00c8af80da2572 urn:x-nevis:profile:0b00c8af80da2577 urn:x-nevis:profile:0b00c8af80da257a urn:x-nevis:profile:0b00c8af80da26dc urn:x-nevis:profile:0b00c8af8117443b urn:x-nevis:profile:0b00c8af822b0968 urn:x-nevis:profile:0b00c8af822b096a urn:x-nevis:profile:0b00c8af822b096c urn:x-nevis:profile:0b00c8af822b09b7 urn:x-nevis:profile:0b00c8af823216de urn:x-nevis:profile:0b00c8af82e3b020 urn:x-nevis:profile:0b00c8af82e48186 urn:x-nevis:profile:0b00c8af82e48550 urn:x-nevis:profile:0b00c8af82e48817 urn:x-nevis:profile:0b00c8af838ba0b2 urn:x-nevis:profile:0b00c8af83affc41 urn:x-nevis:profile:0b00c8af83b00078 urn:x-nevis:profile:0b00c8af83f1a29a urn:x-nevis:profile:0b00c8af83f2e56a urn:x-nevis:profile:0b00c8af8414e54b urn:x-nevis:profile:0b00c8af84983e6d urn:x-nevis:profile:0b00c8af84eb8103 urn:x-nevis:profile:0b00c8af851e8289 urn:x-nevis:profile:0b00c8af856303e5 urn:x-nevis:profile:0b00c8af8620fba5 urn:x-nevis:profile:0b00c8af8656e7b9" nevis:projectdocument="urn:x-nevis:projectdocument:0800c8af819f49bd" nevis:resource="0900c8af8230a844" nevis:resource2="urn:x-nevis:fragment:0900c8af8230a80e:0900c8af8230a844#nev9920036n1" nevis:session-id="" qualifierinfotype="14:00" type="" xml:lang="en-US"><title>A Erase DTC no view</title><content gui="1" height="115" id="nev9920037n1-nev9920036n3" nevis:expl-profile="mdl184yr2002, mdl295yr2004, mdl384yr2002, mdl384yr2003, mdl184yr2004, mdl295yr2003, mdl184yr2003, mdl285yr2004, mdl275yr2004, mdl295yr2002, mdl275yr2003, mdl384yr2004, mdl285yr2002, mdl285yr2003, mdl184yr2005, mdl295yr2005, mdl384yr2005, mdl285yr2005, mdl275yr2005, mdl275yr2006, mdl285yr2006, mdl295yr2006, mdl384yr2006, mdl184yr2006, mdl384yr2007, mdl285yr2007, mdl295yr2007, mdl275yr2007, mdl275yr2008, mdl285yr2008, mdl384yr2008, mdl275yr2009, mdl384yr2009, mdl275yr2010, mdl275yr2011, mdl275yr2012, mdl275yr2013, mdl275yr2014, mdl275yr2015, mdl275yr2016" nevis:idfrom="nev9920037n1" nevis:prefix="nev9920037n1" nevis:profile="urn:x-nevis:profile:0b00c8af8020665a urn:x-nevis:profile:0b00c8af8020665c urn:x-nevis:profile:0b00c8af8020665e urn:x-nevis:profile:0b00c8af8020665f urn:x-nevis:profile:0b00c8af80206661 urn:x-nevis:profile:0b00c8af80206662 urn:x-nevis:profile:0b00c8af80206664 urn:x-nevis:profile:0b00c8af80206666 urn:x-nevis:profile:0b00c8af80206669 urn:x-nevis:profile:0b00c8af8020666d urn:x-nevis:profile:0b00c8af80206671 urn:x-nevis:profile:0b00c8af80206674 urn:x-nevis:profile:0b00c8af80206675 urn:x-nevis:profile:0b00c8af80206676 urn:x-nevis:profile:0b00c8af80da2572 urn:x-nevis:profile:0b00c8af80da2577 urn:x-nevis:profile:0b00c8af80da257a urn:x-nevis:profile:0b00c8af80da26dc urn:x-nevis:profile:0b00c8af8117443b urn:x-nevis:profile:0b00c8af822b0968 urn:x-nevis:profile:0b00c8af822b096a urn:x-nevis:profile:0b00c8af822b096c urn:x-nevis:profile:0b00c8af822b09b7 urn:x-nevis:profile:0b00c8af823216de urn:x-nevis:profile:0b00c8af82e3b020 urn:x-nevis:profile:0b00c8af82e48186 urn:x-nevis:profile:0b00c8af82e48550 urn:x-nevis:profile:0b00c8af82e48817 urn:x-nevis:profile:0b00c8af838ba0b2 urn:x-nevis:profile:0b00c8af83affc41 urn:x-nevis:profile:0b00c8af83b00078 urn:x-nevis:profile:0b00c8af83f1a29a urn:x-nevis:profile:0b00c8af83f2e56a urn:x-nevis:profile:0b00c8af8414e54b urn:x-nevis:profile:0b00c8af84983e6d urn:x-nevis:profile:0b00c8af84eb8103 urn:x-nevis:profile:0b00c8af851e8289 urn:x-nevis:profile:0b00c8af856303e5 urn:x-nevis:profile:0b00c8af8620fba5 urn:x-nevis:profile:0b00c8af8656e7b9" nevis:resource="0900c8af8230a846" nevis:resource2="urn:x-nevis:fragment:0900c8af8230a80e:0900c8af8230a846#nev9920036n3" width="400" xml:lang="en-US"><nodes id="nev9920037n1-nev10584662n1"><node class="Components.StartNode" id="nev9920037n1-nev10584663n1" nodeid="Start" x="47" y="79"/><node class="Components.ScriptButton" id="nev9920037n1-nev10584664n1" nodeid="Hide" x="23" y="481"><gui height="30" id="nev9920037n1-nev10584665n1" width="110" x="241" y="70"/><property class="String" id="nev9920037n1-nev10584666n1" name="Text" type="In" value="" visible="0"/><property class="String" id="nev9920037n1-nev10584667n1" name="StartDisabled" type="Internal" value="false" visible="1"/><extension id="nev9920037n1-nev10584668n1"><phrase category="Faulttracing" id="nev9920037n1-nev10584661n1" phrase-urn="urn:x-nevis:phrase:0800c8af81b6b138">Hide</phrase></extension></node><node class="Components.Constant" id="nev9920037n1-nev10584669n1" nodeid="GetText" x="174" y="22"><property class="String" id="nev9920037n1-nev10584670n1" name="Text" type="Out" value="BCM" visible="1"/><extension id="nev9920037n1-nev10584671n1"><text id="nev9920037n1-nev10584672n1" type="raw">BCM</text></extension></node><node class="Components.ScriptLabel" id="nev9920037n1-nev10584673n1" nodeid="TextLabel" x="621" y="81"><gui height="24" id="nev9920037n1-nev10584674n1" width="310" x="41" y="29"/><property class="String" id="nev9920037n1-nev10584675n1" name="Text" type="In" value="" visible="1"/><property class="Parameter" id="nev9920037n1-nev10584676n1" name="Parameter" type="In" value="" visible="1"/></node><node class="Components.ScriptComponent" id="nev9920037n1-nev10584677n1" nodeid="CloseScript" x="169" y="566"/><node class="Components.VehComm" id="nev9920037n1-nev10584678n1" nodeid="ReadDtc" x="169" y="208"><property class="String" id="nev9920037n1-nev10584679n1" name="Mode" type="Internal" value="EcuType" visible="1"/><property class="Int" id="nev9920037n1-nev10584680n1" name="EcuType" type="In" value="593102" visible="0"/><property class="Int" id="nev9920037n1-nev10584681n1" name="ServiceId" type="In" value="5" visible="0"/><property class="String" id="nev9920037n1-nev10584682n1" name="EcuName" type="Out" value="" visible="1"/><property class="Response" id="nev9920037n1-nev10584683n1" name="Result" type="Out" value="" visible="1"/><extension id="nev9920037n1-nev10584684n1"/></node><node class="Components.VehComm" id="nev9920037n1-nev10584685n1" nodeid="EraseDtc" x="320" y="252"><property class="String" id="nev9920037n1-nev10584686n1" name="Mode" type="Internal" value="EcuType" visible="1"/><property class="Int" id="nev9920037n1-nev10584687n1" name="EcuType" type="In" value="593102" visible="0"/><property class="Int" id="nev9920037n1-nev10584688n1" name="ServiceId" type="In" value="6" visible="0"/><property class="String" id="nev9920037n1-nev10584689n1" name="EcuName" type="Out" value="" visible="1"/><property class="Response" id="nev9920037n1-nev10584690n1" name="Result" type="Out" value="" visible="1"/><extension id="nev9920037n1-nev10584691n1"/></node><node class="Components.ScriptButton" id="nev9920037n1-nev10584692n1" nodeid="Erase" x="25" y="182"><gui height="30" id="nev9920037n1-nev10584693n1" width="110" x="41" y="69"/><property class="String" id="nev9920037n1-nev10584694n1" name="Text" type="In" value="" visible="0"/><property class="String" id="nev9920037n1-nev10584695n1" name="StartDisabled" type="Internal" value="false" visible="1"/><extension id="nev9920037n1-nev10584696n1"><phrase category="Faulttracing" id="nev9920037n1-nev10584660n1" phrase-urn="urn:x-nevis:phrase:0800c8af8178a380">Start</phrase></extension></node><node class="Components.Gui.Signal" id="nev9920037n1-nev10584697n1" nodeid="Signal1" x="581" y="341"><gui height="15" id="nev9920037n1-nev10584698n1" width="15" x="190" y="80"/></node><node class="Components.Constant" id="nev9920037n1-nev10584699n1" nodeid="Constant1" x="315" y="96"><property class="String" id="nev9920037n1-nev10584700n1" name="Text" type="Out" value="Radera felkoder" visible="1"/><extension id="nev9920037n1-nev10584701n1"><text id="nev9920037n1-nev10584702n1" type="nevis"><phrase category="Faulttracing" id="nev9920037n1-nev10584659n1" phrase-urn="urn:x-nevis:phrase:0800c8af8178a3b1">Erase diagnosti#@#@#10#codes</phrase></text></extension></node><node class="Components.StringFormat" id="nev9920037n1-nev10584703n1" nodeid="StringFormat1" x="476" y="36"><property class="String" id="nev9920037n1-nev10584704n1" name="String" type="Out" value="" visible="1"/><property class="String" id="nev9920037n1-nev10584705n1" name="Format" type="Internal" value="{0}: {1}" visible="1"/><property class="String" id="nev9920037n1-nev10584706n1" name="0" type="In" value="" visible="1"/><property class="String" id="nev9920037n1-nev10584707n1" name="1" type="In" value="" visible="1"/></node></nodes><handlers id="nev9920037n1-nev10584708n1"><eventhandler id="nev9920037n1-nev10584709n1" name="OnStart" node="Start"><call id="nev9920037n1-nev10584710n1" method="Trigger" node="GetText"/><call id="nev9920037n1-nev10584711n1" method="Yellow" node="Signal1"/></eventhandler><eventhandler id="nev9920037n1-nev10584712n1" name="Click" node="Hide"><call id="nev9920037n1-nev10584713n1" method="CloseDialog" node="CloseScript"/></eventhandler><eventhandler id="nev9920037n1-nev10584714n1" name="OnPositiveResponse" node="ReadDtc"><call id="nev9920037n1-nev10584715n1" method="Execute" node="EraseDtc"/></eventhandler><eventhandler id="nev9920037n1-nev10584716n1" name="Click" node="Erase"><call id="nev9920037n1-nev10584717n1" method="Execute" node="ReadDtc"/></eventhandler><eventhandler id="nev9920037n1-nev10584718n1" name="OnPositiveResponse" node="EraseDtc"><call id="nev9920037n1-nev10584719n1" method="Green" node="Signal1"/></eventhandler><eventhandler id="nev9920037n1-nev10584720n1" name="OnNoResponse" node="EraseDtc"><call id="nev9920037n1-nev10584721n1" method="Yellow" node="Signal1"/></eventhandler><eventhandler id="nev9920037n1-nev10584722n1" name="OnNoContact" node="EraseDtc"><call id="nev9920037n1-nev10584723n1" method="Yellow" node="Signal1"/></eventhandler><eventhandler id="nev9920037n1-nev10584724n1" name="OnNegativeResponse" node="EraseDtc"><call id="nev9920037n1-nev10584725n1" method="Red" node="Signal1"/></eventhandler><eventhandler id="nev9920037n1-nev10584726n1" name="OnTrigger" node="GetText"><call id="nev9920037n1-nev10584727n1" method="Trigger" node="Constant1"/></eventhandler><eventhandler id="nev9920037n1-nev10584728n1" name="OnTrigger" node="Constant1"><call id="nev9920037n1-nev10584729n1" method="Format" node="StringFormat1"/></eventhandler><propertyhandler id="nev9920037n1-nev10584730n1" name="Result" node="EraseDtc"/><propertyhandler id="nev9920037n1-nev10584731n1" name="Text" node="GetText"><set id="nev9920037n1-nev10584732n1" node="StringFormat1" property="0"/></propertyhandler><propertyhandler id="nev9920037n1-nev10584733n1" name="Text" node="Constant1"><set id="nev9920037n1-nev10584734n1" node="StringFormat1" property="1"/></propertyhandler><propertyhandler id="nev9920037n1-nev10584735n1" name="String" node="StringFormat1"><set id="nev9920037n1-nev10584736n1" node="TextLabel" property="Text"/></propertyhandler></handlers></content></script>