<?xml version="1.0" encoding="UTF-8"?><servinfosub IE-ID="en-US0900c8af8330780e" docno="VCC-270187" id="nev11073305n1" xml:lang="en-US">
<title>
<phrase category="Title" id="nev11275803n1" phrase-urn="urn:x-nevis:phrase:0800c8af81eb9a59">Fault-tracing</phrase>
</title>
<diagnostic j2008use="1" layout="1" paperuse="1" screenuse="1" type="test">
<testgrp IE-ID="en-US0900c8af8330780e_nev11073305n3" id="nev11073305n3" j2008use="1" paperuse="1" resumable="1" screenuse="1" testgrp-id="node1" x="80" y="20">
<title>
<phrase category="" id="nev11073305n4" phrase-urn="urn:x-nevis:phrase:0800c8af82741f29">Checking the status</phrase>
</title>
<node>
<test1>
<diaglist>
<dgraphic>
<dgraphic1>
<graphic id="nev11073305n5">
<href>0900c8af80054d5#@#@#9#.jpeg</href>
</graphic>
</dgraphic1>
</dgraphic>
<ditem>
<ptxt>
<phrase category="Preparatory" id="nev11073305n6" phrase-urn="urn:x-nevis:phrase:0800c8af81eabc18">Start the engine.</phrase>
<phrase category="Faulttracing" id="nev11073305n7" phrase-urn="urn:x-nevis:phrase:0800c8af81eb944c">Wait 20 s.</phrase>
</ptxt>
</ditem>
</diaglist>
<test2>
<para>
<ptxt id="nev11073305n8">
<phrase category="Faulttracing" id="nev11073305n9" phrase-urn="urn:x-nevis:phrase:0800c8af81eab4b0">Read off the di#@#@#70#DTC).</phrase>
</ptxt>
</para>
<para id="nev11073305n10">
<ptxt id="nev11073306n1">
<phrase category="Faulttracing" id="nev11073306n2" phrase-urn="urn:x-nevis:phrase:0800c8af82a68b7a">Check that the #@#@#54#eted.</phrase>
</ptxt>
</para>
<diaglist>
<dgraphic>
<dgraphic2>
<graphic id="nev11073306n3">
<href>0900c8af86c8681#@#@#9#.jpeg</href>
</graphic>
<smarttool active="press" id="l1124800287504"/>
</dgraphic2>
</dgraphic>
</diaglist>
</test2>
</test1>
<question>
Select Continue.
</question>
<resact-grp>
<result button="cont" comp="button" highlight="0"/>
<action j2008use="1" paperuse="1" screenuse="1">
<ptxt>
<xref>
<ref id="nev11073306n6"/>
</xref>
</ptxt>
</action>
</resact-grp>
</node>
</testgrp>
<testgrp id="nev11073306n7" j2008use="1" paperuse="1" resumable="1" screenuse="1" testgrp-id="node2" x="80" y="140">
<title>
<phrase category="" id="nev11073306n8" phrase-urn="urn:x-nevis:phrase:0800c8af82741f30">Replacing the c#@#@#3#onent</phrase>
</title>
<node>
<test1>
<test2>
<para id="nev11073306n9">
<ptxt id="nev11073306n10">
<phrase category="Faulttracing" id="nev11073307n1" phrase-urn="urn:x-nevis:phrase:0800c8af82264f86">If the fault is#@#@#69#sent.</phrase>
<phrase category="Faulttracing" id="nev11073307n2" phrase-urn="urn:x-nevis:phrase:0800c8af81eb940e">Remedy as neces#@#@#21#ults.</phrase>
</ptxt>
</para>
<list1 enumtype="d" type="unordered">
<title>
<phrase category="" id="nev11073307n3" phrase-urn="urn:x-nevis:phrase:0800c8af82741f35">Other information</phrase>
</title>
<item id="nev11073307n4">
<ptxt id="nev11073307n5">
<xref id="nev11275797n100">
<ref id="nev11073307n7"/>
</xref>
</ptxt>
</item>
</list1>
<grate/>
</test2>
</test1>
<question>
Select Continue.
</question>
<resact-grp>
<result button="cont" comp="button" highlight="0"/>
<action j2008use="1" paperuse="1" screenuse="1">
<ptxt>
<xref>
<ref id="nev11073307n9"/>
</xref>
</ptxt>
</action>
</resact-grp>
</node>
</testgrp>
<testgrp id="nev11073307n10" j2008use="1" paperuse="1" resumable="1" screenuse="1" testgrp-id="info1" x="80" y="320">
<title>
<phrase category="" id="nev11073308n1" phrase-urn="urn:x-nevis:phrase:0800c8af82741f38">Fault-tracing i#@#@#5#ation</phrase>
</title>
<subcalloutnode>
<diagcallout>
<xref>
<ref id="nev11073308n2"/>
</xref>
</diagcallout>
<rescall-grp>
<result comp="string" highlight="0" op="eq" return="NEW TRY"/>
<calloutaction>
<ptxt>
<xref>
<ref id="nev11073308n3"/>
</xref>
</ptxt>
</calloutaction>
</rescall-grp>
<rescall-grp>
<result comp="string" highlight="0" op="eq" return="FAULT FOUND"/>
<calloutaction>
<return value="DONE"/>
</calloutaction>
</rescall-grp>
</subcalloutnode>
</testgrp>
</diagnostic>
</servinfosub>