<?xml version="1.0" encoding="UTF-8"?><servinfosub IE-ID="en-US0900c8af8095080e" docno="VCC-125732" id="KC01602359" xml:lang="en-US">
<title>Replacing the c#@#@#30#ystem</title>
<procedure>
<proctools>
<toolitem id="KC08939062"/>
</proctools>
<stepgrp id="KC01602360">
<title>Removal</title>
<procstep id="KC01602361">
<title>Preparations</title>
<grate>
<graphic id="KC08939063" width="column">
<href>0900c8af8012288#@#@#9#.jpeg</href>
</graphic>
<graphtext>
<note>
<ptxt>When removing t#@#@#15#, see<xref>
<ref id="KC08939064"/>
</xref>. </ptxt>
</note>
<list1 enumtype="d" type="unordered">
<title>Remove:</title>
<item>
<ptxt>the air cleaner#@#@#60#g to <xref>
<ref id="KC08939065"/>
</xref>
</ptxt>
</item>
<item>
<ptxt>the battery shelf.</ptxt>
</item>
</list1>
</graphtext>
</grate>
<grate>
<graphic id="KC08939066">
<href>0900c8af8012516#@#@#9#.jpeg</href>
</graphic>
<graphtext>
<list1 enumtype="d" type="unordered">
<title>Remove:</title>
<item>
<ptxt>separate the 6-#@#@#55#rness</ptxt>
</item>
<item>
<ptxt>slacken off the#@#@#49#over.</ptxt>
</item>
</list1>
</graphtext>
</grate>
</procstep>
<procstep id="KC01602362">
<title>Preparations, c#@#@#3#inued</title>
<grate>
<graphic id="KC08939067">
<href>0900c8af8012287#@#@#9#.jpeg</href>
</graphic>
<graphtext>
<list1 enumtype="d" type="unordered">
<item>
<ptxt>Raise the car</ptxt>
</item>
<item>
<ptxt>Position a cont#@#@#29#sion </ptxt>
</item>
<item>
<ptxt>Drain the oil. #@#@#29#f oil</ptxt>
</item>
<item>
<ptxt>Install the oil#@#@#44# to: <emph>40 Nm</emph>.</ptxt>
</item>
</list1>
</graphtext>
</grate>
<grate>
<graphic id="KC08939068">
<href>0900c8af80123b7#@#@#9#.jpeg</href>
</graphic>
<graphtext>
<list1 enumtype="d" type="unordered">
<item>
<ptxt>Detach the oil #@#@#23# side</ptxt>
</item>
<item>
<ptxt>Seal all openin#@#@#18#lugs.</ptxt>
</item>
</list1>
</graphtext>
</grate>
</procstep>
<procstep id="KC01602363">
<title>Removing the le#@#@#28#e rod</title>
<grate>
<graphic id="KC08939069">
<href>0900c8af8012298#@#@#9#.jpeg</href>
</graphic>
<graphtext>
<list1 enumtype="d" type="unordered">
<title>Remove:</title>
<item>
<ptxt>the retaining c#@#@#13#lever</ptxt>
</item>
<item>
<ptxt>the cable from #@#@#4#lever</ptxt>
</item>
<item>
<ptxt>the lever from #@#@#21#e rod</ptxt>
</item>
<item>
<ptxt>the screw for t#@#@#37#ness.</ptxt>
</item>
</list1>
<para>
<ptxt>Twist out the t#@#@#26#lder.</ptxt>
</para>
<note>
<ptxt>The following o#@#@#42#tem. </ptxt>
</note>
<para>
<ptxt>Set the transmi#@#@#124#ral.
</ptxt>
</para>
</graphtext>
</grate>
</procstep>
<procstep id="KC01602364">
<title>Opening the con#@#@#6#ystem</title>
<grate>
<graphic id="KC08939070" width="column">
<href>0900c8af803f729#@#@#9#.jpeg</href>
</graphic>
<graphtext>
<para>
<ptxt>Remove the Torx#@#@#37#over.</ptxt>
<ptxt>Clean the seali#@#@#43#1.25.</ptxt>
<ptxt>Remove the cover.</ptxt>
</para>
<para>
<ptxt>Use tool <toolitem id="KC08939071"/>. Tap the tool #@#@#175#bles.</ptxt>
<ptxt>Clean the gaske#@#@#56#aper.</ptxt>
</para>
<note>
<ptxt>Ensure that no #@#@#53#ghly.</ptxt>
</note>
</graphtext>
</grate>
</procstep>
<procstep id="KC01602365">
<title>Removing the ca#@#@#6#rness</title>
<grate>
<graphic id="KC08939072">
<href>0900c8af8005ed5#@#@#9#.jpeg</href>
</graphic>
<graphtext>
<para>
<ptxt>Note the positi#@#@#16#tors.</ptxt>
</para>
<list1 enumtype="d" type="unordered">
<title>Remove:</title>
<item>
<ptxt>the connectors #@#@#18#alves</ptxt>
</item>
<item>
<ptxt> the screw for #@#@#87#ystem</ptxt>
</item>
<item>
<ptxt>the cable harne#@#@#38#tem. </ptxt>
</item>
</list1>
<para>
<ptxt>Remove the cabl#@#@#5#ness.</ptxt>
</para>
</graphtext>
</grate>
</procstep>
</stepgrp>
<stepgrp id="KC01602366">
<title>Installation</title>
<procstep id="KC01602367">
<title>Installing the #@#@#8#rness</title>
<grate>
<graphic id="KC08939073">
<href>0900c8af8005ed5#@#@#9#.jpeg</href>
</graphic>
<graphtext>
<para>
<ptxt>Lubricate the O#@#@#97#luid.</ptxt>
<ptxt>Install the cab#@#@#70#otes.</ptxt>
<ptxt>Install the oil#@#@#57#n to <emph>10 Nm</emph>.</ptxt>
<ptxt>Install the cab#@#@#74#oned.</ptxt>
</para>
</graphtext>
</grate>
</procstep>
<procstep id="KC01602368">
<title>Sealing the cover</title>
<grate>
<graphic id="KC08939074">
<href>0900c8af8005dbb#@#@#9#.jpeg</href>
</graphic>
<graphtext>
<para>
<ptxt>Check that the #@#@#33#evel.</ptxt>
</para>
<para>
<ptxt>Wipe the cleane#@#@#66#ohol.</ptxt>
</para>
<note>
<ptxt>Ensure that no #@#@#28#ion. </ptxt>
</note>
<para>
<ptxt>Apply a bead of#@#@#112#les.
</ptxt>
</para>
</graphtext>
</grate>
</procstep>
<procstep id="KC01602369">
<title>Installing the cover</title>
<grate>
<graphic id="KC08939075">
<href>0900c8af80120e2#@#@#9#.jpeg</href>
</graphic>
<graphtext>
<list1 enumtype="d" type="unordered">
<title>Install:</title>
<item>
<ptxt>the control sys#@#@#25#sion.</ptxt>
<ptxt>Tighten the scr#@#@#23#tely.</ptxt>
<ptxt>Tighten to: <emph etype="bold">12 Nm</emph>
</ptxt>
</item>
<item>
<ptxt>the oil pipe on#@#@#77#ring.</ptxt>
<ptxt>Tighten to: <emph>10 Nm</emph>
</ptxt>
</item>
<item>
<ptxt>the oil return #@#@#59#above</ptxt>
</item>
<item>
<ptxt>the screw for t#@#@#23#over.</ptxt>
<ptxt>Tighten to: <emph>10 Nm</emph>
</ptxt>
</item>
<item>
<ptxt>the splash guar#@#@#14#ngine</ptxt>
</item>
<item>
<ptxt>the splash guar#@#@#23#arch.</ptxt>
</item>
</list1>
<para>
<ptxt>Lower the car.</ptxt>
</para>
</graphtext>
</grate>
</procstep>
<procstep id="KC01602370">
<title>Installing the #@#@#8#rness</title>
<grate>
<graphic id="KC08939076">
<href>0900c8af8012516#@#@#9#.jpeg</href>
</graphic>
<graphtext>
<ptxt>Install and con#@#@#43#cket.</ptxt>
<ptxt>Ensure that the#@#@#34#oned.</ptxt>
<ptxt>Attach the cabl#@#@#22#raps.</ptxt>
</graphtext>
</grate>
</procstep>
<procstep id="KC01602371">
<title>Installing comp#@#@#1#nents</title>
<grate>
<graphic id="KC08939077">
<href>0900c8af8012298#@#@#9#.jpeg</href>
</graphic>
<graphtext>
<list1 enumtype="d" type="unordered">
<title>Install:</title>
<item>
<ptxt>the lever on th#@#@#20# rod.</ptxt>
<ptxt>Tighten to: <emph>16 Nm</emph>
</ptxt>
</item>
<item>
<ptxt>the transmissio#@#@#116#nal. </ptxt>
<ptxt>If the transmis#@#@#48# See <xref>
<ref id="KC08939078"/>
</xref>.</ptxt>
</item>
</list1>
</graphtext>
</grate>
</procstep>
<procstep id="KC01602372">
<title>Installing othe#@#@#7#nents</title>
<grate>
<graphic id="KC08939079">
<href>0900c8af8012288#@#@#9#.jpeg</href>
</graphic>
<graphtext>
<ptxt>Tighten the oil#@#@#37#over.</ptxt>
<list1 enumtype="d" type="unordered">
<title>Install:</title>
<item>
<ptxt>the air cleaner#@#@#24# see <xref>
<ref id="KC08939080"/>
</xref>
</ptxt>
</item>
<item>
<ptxt>the battery shelf</ptxt>
</item>
<item>
<ptxt>the battery.</ptxt>
</item>
</list1>
<note>
<ptxt>When installing#@#@#18# see <xref>
<ref id="KC08939081"/>
</xref>. </ptxt>
</note>
</graphtext>
</grate>
</procstep>
<procstep id="KC01602373">
<title>Filling and che#@#@#4#g oil</title>
<para>
<ptxt>Fill with oil, #@#@#75#ned. </ptxt>
</para>
<para>
<ptxt>Top up and chec#@#@#16# See <xref>
<ref id="KC08939082"/>
</xref>. </ptxt>
</para>
<note>
<ptxt>After replacing#@#@#123#nter.</ptxt>
</note>
</procstep>
<procstep id="KC01602374">
<title>Checking diagno#@#@#20#DTCs)</title>
<ptxt>Check and erase#@#@#32#TCs).</ptxt>
</procstep>
</stepgrp>
</procedure>
</servinfosub>