<?xml version="1.0" encoding="UTF-8"?><diagnostic IE-ID="en-US0900c8af805d8e00" docno="VCC-065765" id="KC02051783" type="test" xml:lang="en-US">
<title>
<phrase category="" id="KC08462030" phrase-urn="urn:x-nevis:phrase:0800c8af81dc9115">Verification</phrase>
</title>
<testgrp IE-ID="en-US0900c8af805d8e00_KC02051784" id="KC02051784" j2008use="1" paperuse="1" resumable="1" screenuse="1" testgrp-id="verifiering" x="280" y="120">
<title>
<phrase category="" id="KC08462031" phrase-urn="urn:x-nevis:phrase:0800c8af81dc9116">Verification</phrase>
</title>
<node>
<test1>
<hint>
<ptxt>
<phrase category="" id="KC08462032" phrase-urn="urn:x-nevis:phrase:0800c8af81dc9117">After carrying #@#@#49#died.</phrase>
</ptxt>
</hint>
<diaglist>
<dgraphic>
<dgraphic1>
<graphic id="KC08462033">
<href>0900c8af80054d4#@#@#9#.jpeg</href>
</graphic>
</dgraphic1>
<dgraphic2>
<graphic id="KC08462034">
<href>0900c8af80054d7#@#@#9#.jpeg</href>
</graphic>
</dgraphic2>
<dgraphic3>
<graphic id="KC08462035">
<href>0900c8af80054cc#@#@#9#.jpeg</href>
</graphic>
</dgraphic3>
</dgraphic>
<ditem>
<ptxt>
<phrase category="" id="KC08462036" phrase-urn="urn:x-nevis:phrase:0800c8af81dc9118">Ignition off.</phrase>
</ptxt>
</ditem>
<ditem>
<ptxt>
<phrase category="" id="KC08462037" phrase-urn="urn:x-nevis:phrase:0800c8af81dc9119">Reconnect conne#@#@#23#ents.</phrase>
</ptxt>
</ditem>
<ditem>
<ptxt>
<phrase category="" id="KC08462038" phrase-urn="urn:x-nevis:phrase:0800c8af81dc911a">Connect combine#@#@#14#anel.</phrase>
</ptxt>
</ditem>
</diaglist>
<test2>
<grate>
<graphic id="KC08462039">
<href>0900c8af803f55f#@#@#9#.jpeg</href>
</graphic>
</grate>
</test2>
</test1>
<question>Is the clock wo#@#@#1#king?</question>
<resact-grp>
<result button="yes" comp="button" highlight="0"/>
<action j2008use="1" paperuse="1" screenuse="1">
<return value="VERIFIED"/>
</action>
</resact-grp>
<resact-grp>
<result button="no" comp="button" highlight="0"/>
<action j2008use="1" paperuse="1" screenuse="1">
<return value="VERIFICATION FAILED"/>
</action>
</resact-grp>
</node>
</testgrp>
</diagnostic>