<?xml version="1.0" encoding="UTF-8"?><servinfosub IE-ID="en-US0900c8af81a96116" docno="VCC-158145" id="KC06254474" xml:lang="en-US">
<title>
<phrase category="" id="KC09536154" phrase-urn="urn:x-nevis:phrase:0800c8af827154d7">Stuck in the ac#@#@#8#ition</phrase>
</title>
<diagnostic type="test">
<testgrp IE-ID="en-US0900c8af81a96116_KC06254476" id="KC06254476" j2008use="1" paperuse="1" resumable="1" screenuse="1" testgrp-id="a1" x="120" y="80">
<title>
<phrase category="" id="KC09536155" phrase-urn="urn:x-nevis:phrase:0800c8af827154e6">Checking for pe#@#@#25#aults</phrase>
</title>
<node>
<test1>
<diaglist>
<dgraphic>
<dgraphic1>
<graphic id="KC09536156">
<href>0900c8af80054d5#@#@#9#.jpeg</href>
</graphic>
</dgraphic1>
</dgraphic>
<ditem>
<ptxt>
<phrase category="" id="KC09536157" phrase-urn="urn:x-nevis:phrase:0800c8af827154f3">Ignition on. </phrase>
</ptxt>
</ditem>
</diaglist>
<test2>
<ptxt>
<phrase category="" id="KC09536158" phrase-urn="urn:x-nevis:phrase:0800c8af82715500">Check if the ch#@#@#28#king.</phrase>
</ptxt>
</test2>
</test1>
<question>
Is the child-p#@#@#16#ing?
</question>
<resact-grp>
<result button="yes" comp="button" highlight="0"/>
<action j2008use="1" paperuse="1" screenuse="1">
<ptxt>
<xref>
<ref id="KC09536160"/>
</xref>
</ptxt>
</action>
</resact-grp>
<resact-grp>
<result button="no" comp="button" highlight="0"/>
<action j2008use="1" paperuse="1" screenuse="1">
<ptxt>
<xref>
<ref id="KC09536161"/>
</xref>
</ptxt>
</action>
</resact-grp>
</node>
</testgrp>
<testgrp id="KC06254477" j2008use="1" paperuse="1" resumable="1" screenuse="1" testgrp-id="a2" x="120" y="160">
<title>
<phrase category="" id="KC09536162" phrase-urn="urn:x-nevis:phrase:0800c8af8271551c">Replacing the c#@#@#3#onent</phrase>
</title>
<node>
<test1>
<diaglist>
<dgraphic>
<dgraphic1>
<graphic id="KC09536163">
<href>0900c8af80054d4#@#@#9#.jpeg</href>
</graphic>
</dgraphic1>
</dgraphic>
<ditem>
<ptxt>
<phrase category="" id="KC09536164" phrase-urn="urn:x-nevis:phrase:0800c8af82715529">Ignition off. </phrase>
</ptxt>
</ditem>
</diaglist>
<test2>
<ptxt>
<phrase category="" id="KC09536165" phrase-urn="urn:x-nevis:phrase:0800c8af82715537">The driver door#@#@#42#ault.</phrase>
</ptxt>
<note>
<ptxt>
<phrase category="" id="KC09536166" phrase-urn="urn:x-nevis:phrase:0800c8af82715543">A new control m#@#@#109#ment.</phrase>
</ptxt>
</note>
<list1 enumtype="d">
<item>
<ptxt>
<phrase category="" id="KC09536167" phrase-urn="urn:x-nevis:phrase:0800c8af82715550">Ignition on.</phrase>
</ptxt>
</item>
</list1>
<para>
<ptxt>
<phrase category="" id="KC09536168" phrase-urn="urn:x-nevis:phrase:0800c8af82715560">After replacing#@#@#55#ized.</phrase>
</ptxt>
<ptxt>
<phrase category="" id="KC09536169" phrase-urn="urn:x-nevis:phrase:0800c8af8271556d">Move the window#@#@#45#trol.</phrase>
</ptxt>
<ptxt>
<phrase category="" id="KC09536170" phrase-urn="urn:x-nevis:phrase:0800c8af8271557a">Initialize the #@#@#3#dow. </phrase>
</ptxt>
<ptxt>
<phrase category="" id="KC09536171" phrase-urn="urn:x-nevis:phrase:0800c8af82715588">During initiali#@#@#90#gain.</phrase>
</ptxt>
</para>
<list1>
<title>
<phrase category="" id="KC09536172" phrase-urn="urn:x-nevis:phrase:0800c8af82715597">Other information:</phrase>
</title>
<item>
<ptxt>
<phrase category="" id="KC09536173" phrase-urn="urn:x-nevis:phrase:0800c8af827155a6">For further inf#@#@#60# see <xref>
<ref id="KC09536174"/>
</xref>.</phrase>
</ptxt>
</item>
</list1>
<diaglist>
<dgraphic>
<dgraphic2>
<graphic id="KC09536175">
<href>0900c8af86c8681#@#@#9#.jpeg</href>
</graphic>
<smarttool active="press" id="KC09536176" toolname="XDDM0001"/>
</dgraphic2>
</dgraphic>
<ditem>
<ditemtext>
<ptxt>
<phrase category="" id="KC09536177" phrase-urn="urn:x-nevis:phrase:0800c8af827155aa"/>
</ptxt>
</ditemtext>
</ditem>
</diaglist>
</test2>
</test1>
<question>
Select Continue.
</question>
<resact-grp>
<result button="cont" comp="button" highlight="0"/>
<action j2008use="1" paperuse="1" screenuse="1">
<return value="FAULT FOUND"/>
</action>
</resact-grp>
</node>
</testgrp>
<testgrp id="KC06254478" testgrp-id="interm">
<title>
<phrase category="" id="KC09536179" phrase-urn="urn:x-nevis:phrase:0800c8af827155ad">Intermittent fault</phrase>
</title>
<node>
<test1>
<test2>
<para>
<ptxt>
<phrase category="" id="KC09536180" phrase-urn="urn:x-nevis:phrase:0800c8af827155ae">The control mod#@#@#43#ault.</phrase>
</ptxt>
<ptxt>
<phrase category="" id="KC09536181" phrase-urn="urn:x-nevis:phrase:0800c8af827155af">This may be bec#@#@#67#onds.</phrase>
</ptxt>
<ptxt>
<phrase category="" id="KC09536182" phrase-urn="urn:x-nevis:phrase:0800c8af827155b3">Fault-trace and#@#@#122#ain. </phrase>
</ptxt>
<ptxt>
<phrase category="" id="KC09536183" phrase-urn="urn:x-nevis:phrase:0800c8af827155c6">If the diagnost#@#@#69#ove. </phrase>
</ptxt>
</para>
</test2>
</test1>
<question>
Select Continue.
</question>
<resact-grp>
<result button="cont" comp="button"/>
<action>
<ptxt>
<xref>
<ref id="KC09536185"/>
</xref>
</ptxt>
</action>
</resact-grp>
</node>
</testgrp>
<testgrp id="KC06254479" j2008use="1" paperuse="1" resumable="1" screenuse="1" testgrp-id="info2" x="280" y="160">
<title>
<phrase category="" id="KC09536186" phrase-urn="urn:x-nevis:phrase:0800c8af827155ed">Fault-tracing i#@#@#5#ation</phrase>
</title>
<subcalloutnode>
<diagcallout>
<xref>
<ref id="KC09536187"/>
</xref>
</diagcallout>
<rescall-grp>
<result comp="string" highlight="0" op="eq" return="NEW TRY"/>
<calloutaction>
<ptxt>
<xref>
<ref id="KC09536188"/>
</xref>
</ptxt>
</calloutaction>
</rescall-grp>
<rescall-grp>
<result comp="string" highlight="0" op="eq" return="FAULT FOUND"/>
<calloutaction>
<return value="FAULT FOUND"/>
</calloutaction>
</rescall-grp>
</subcalloutnode>
</testgrp>
</diagnostic>
</servinfosub>