<?xml version="1.0" encoding="UTF-8"?><servinfosub IE-ID="en-US0900c8af80cbc116" docno="VCC-146966" id="KC02711511" xml:lang="en-US">
<title>
<phrase category="" id="KC07842800" phrase-urn="urn:x-nevis:phrase:0800c8af81c21231">Diagnostic trou#@#@#30#-E001</phrase>
</title>
<diagnostic type="condition">
<condgrp>
<condition type="condition">
<grate>
<graphic id="KC07842801" width="column">
<href>0900c8af8044571#@#@#9#.jpeg</href>
</graphic>
<graphtext>
<para>
<ptxt>
<phrase category="" id="KC07842802" phrase-urn="urn:x-nevis:phrase:0800c8af81c21232">The control mod#@#@#261#ed). </phrase>
</ptxt>
</para>
<note>
<ptxt>
<phrase category="" id="KC07842803" phrase-urn="urn:x-nevis:phrase:0800c8af81c21233">In the event of#@#@#196#tent.</phrase>
</ptxt>
</note>
</graphtext>
</grate>
</condition>
</condgrp>
<condgrp>
<condition type="substitution">
<list1 enumtype="d">
<item>
<ptxt>
<phrase category="" id="KC07842804" phrase-urn="urn:x-nevis:phrase:0800c8af81c21234">The control mod#@#@#28#ff”).</phrase>
</ptxt>
</item>
</list1>
<hint>
<ptxt>
<phrase category="" id="KC07842805" phrase-urn="urn:x-nevis:phrase:0800c8af81c21236">The driver info#@#@#176#cate.</phrase>
</ptxt>
</hint>
</condition>
<ps>
<list1 enumtype="d" type="unordered">
<item>
<ptxt>
<phrase category="" id="KC07842806" phrase-urn="urn:x-nevis:phrase:0800c8af81c21238">Short-circuit b#@#@#39#iring</phrase>
</ptxt>
</item>
<item>
<ptxt>
<phrase category="" id="KC07842807" phrase-urn="urn:x-nevis:phrase:0800c8af81c21239">Open-circuit in#@#@#33#iring</phrase>
</ptxt>
</item>
<item>
<ptxt>
<phrase category="" id="KC07842808" phrase-urn="urn:x-nevis:phrase:0800c8af81c2123a">Internal fault #@#@#16#odule</phrase>
</ptxt>
</item>
<item>
<ptxt>
<phrase category="" id="KC07842809" phrase-urn="urn:x-nevis:phrase:0800c8af81c2123b">Internal fault #@#@#73#AN). </phrase>
</ptxt>
</item>
</list1>
</ps>
</condgrp>
<condgrp>
<condition type="symptom">
<list1 enumtype="d" type="unordered">
<item>
<ptxt>
<phrase category="" id="KC07842810" phrase-urn="urn:x-nevis:phrase:0800c8af81c2123d">The ABS warning#@#@#7#s lit</phrase>
</ptxt>
</item>
<item>
<ptxt>
<phrase category="" id="KC07842811" phrase-urn="urn:x-nevis:phrase:0800c8af81c2123e">The SPIN warnin#@#@#8#s lit</phrase>
</ptxt>
</item>
<item>
<ptxt>
<phrase category="" id="KC07842812" phrase-urn="urn:x-nevis:phrase:0800c8af81c21240">The general red#@#@#15#s lit</phrase>
</ptxt>
</item>
<item>
<ptxt>
<phrase category="" id="KC07842813" phrase-urn="urn:x-nevis:phrase:0800c8af81c21241">No vehicle spee#@#@#67#nel) </phrase>
</ptxt>
</item>
<item>
<ptxt>
<phrase category="" id="KC07842814" phrase-urn="urn:x-nevis:phrase:0800c8af81c21242">No gauges working.</phrase>
</ptxt>
</item>
</list1>
</condition>
</condgrp>
</diagnostic>
</servinfosub>