<?xml version="1.0" encoding="UTF-8"?><servinfosub IE-ID="en-US0900c8af84a31116" docno="VCC-156204" id="KC05347494" xml:lang="en-US">
<title>
<phrase category="" id="KC09513607" phrase-urn="urn:x-nevis:phrase:0800c8af8271211c">Checking the re#@#@#16#ating</phrase>
</title>
<diagnostic j2008use="1" layout="0" paperuse="1" screenuse="1" type="test">
<testgrp IE-ID="en-US0900c8af84a31116_KC05347496" id="KC05347496" j2008use="1" paperuse="1" resumable="1" screenuse="1" testgrp-id="node1" x="120" y="20">
<title>
<phrase category="" id="KC09513608" phrase-urn="urn:x-nevis:phrase:0800c8af8271211e">Fault-tracing i#@#@#5#ation</phrase>
</title>
<node>
<test1>
<test2>
<para>
<ptxt>
<phrase category="" id="KC09513609" phrase-urn="urn:x-nevis:phrase:0800c8af8271211f">Rear windshield#@#@#108#ment.</phrase>
</ptxt>
</para>
<para>
<ptxt>
<phrase category="" id="KC09513610" phrase-urn="urn:x-nevis:phrase:0800c8af82712121">Reasons for the#@#@#45#ude: </phrase>
</ptxt>
</para>
<list1 enumtype="d" type="unordered">
<item>
<ptxt>
<phrase category="" id="KC09513611" phrase-urn="urn:x-nevis:phrase:0800c8af82712122">Burnt out fuse</phrase>
</ptxt>
</item>
<item>
<ptxt>
<phrase category="" id="KC09513612" phrase-urn="urn:x-nevis:phrase:0800c8af82712124">Damaged relay</phrase>
</ptxt>
</item>
<item>
<ptxt>
<phrase category="" id="KC09513613" phrase-urn="urn:x-nevis:phrase:0800c8af82712125">Defective switch</phrase>
</ptxt>
</item>
<item>
<ptxt>
<phrase category="" id="KC09513614" phrase-urn="urn:x-nevis:phrase:0800c8af82712126">Open-circuit in#@#@#12#cable</phrase>
</ptxt>
</item>
<item>
<ptxt>
<phrase category="" id="KC09513615" phrase-urn="urn:x-nevis:phrase:0800c8af82712127">Open-circuit in#@#@#13#loop.</phrase>
</ptxt>
</item>
</list1>
<para>
<ptxt>
<phrase category="" id="KC09513616" phrase-urn="urn:x-nevis:phrase:0800c8af82712128">For information#@#@#90#gram.</phrase>
</ptxt>
</para>
</test2>
</test1>
<question>
Select Continue.
</question>
<resact-grp>
<result button="cont" comp="button" highlight="0"/>
<action j2008use="1" paperuse="1" screenuse="1">
<ptxt>
<xref>
<ref id="KC09513618"/>
</xref>
</ptxt>
</action>
</resact-grp>
</node>
</testgrp>
<testgrp id="KC05347497" j2008use="1" paperuse="1" resumable="1" screenuse="1" testgrp-id="node2" x="100" y="260">
<title>
<phrase category="" id="KC09513619" phrase-urn="urn:x-nevis:phrase:0800c8af8271212c">Checking components</phrase>
</title>
<node>
<test1>
<test2>
<para>
<ptxt>
<phrase category="" id="KC09513620" phrase-urn="urn:x-nevis:phrase:0800c8af8271212d">Check that the #@#@#27#tact:</phrase>
</ptxt>
</para>
<list1 enumtype="d" type="unordered">
<item>
<ptxt>
<phrase category="" id="KC09513621" phrase-urn="urn:x-nevis:phrase:0800c8af8271212e">Rear windshield#@#@#8# fuse</phrase>
</ptxt>
</item>
<item>
<ptxt>
<phrase category="" id="KC09513622" phrase-urn="urn:x-nevis:phrase:0800c8af8271212f">Rear windshield#@#@#11#itch.</phrase>
</ptxt>
</item>
</list1>
<para>
<ptxt>
<phrase category="" id="KC09513623" phrase-urn="urn:x-nevis:phrase:0800c8af82712130">For information#@#@#90#gram.</phrase>
</ptxt>
</para>
<para>
<title>
<phrase category="" id="KC09513624" phrase-urn="urn:x-nevis:phrase:0800c8af82712131">Checking the relay</phrase>
</title>
<ptxt>
<phrase category="" id="KC09513625" phrase-urn="urn:x-nevis:phrase:0800c8af82712132">Check that the #@#@#48#lled.</phrase>
</ptxt>
</para>
<para>
<ptxt>
<phrase category="" id="KC09513626" phrase-urn="urn:x-nevis:phrase:0800c8af82712134">Also check the #@#@#74#ound.</phrase>
</ptxt>
</para>
<para>
<ptxt>
<phrase category="" id="KC09513627" phrase-urn="urn:x-nevis:phrase:0800c8af82712135">Check the funct#@#@#188#ated.</phrase>
</ptxt>
</para>
<para>
<ptxt>
<phrase category="" id="KC09513628" phrase-urn="urn:x-nevis:phrase:0800c8af82712136">Click the VCT20#@#@#42#elay.</phrase>
</ptxt>
</para>
<para>
<ptxt>
<phrase category="" id="KC09513629" phrase-urn="urn:x-nevis:phrase:0800c8af82712137">Remedy as necessary.</phrase>
</ptxt>
</para>
<list1 enumtype="d" type="unordered">
<title>
<phrase category="" id="KC09513630" phrase-urn="urn:x-nevis:phrase:0800c8af82712139">Other information</phrase>
</title>
<item id="nev11721283n88">
<ptxt id="nev11721283n87">
<xref id="nev11721283n86">
<ref id="l1135840976979"/>
</xref>
</ptxt>
</item>
</list1>
<diaglist>
<dgraphic>
<dgraphic2>
<graphic id="KC09513633">
<href>0900c8af86c8681#@#@#9#.jpeg</href>
</graphic>
<smarttool active="press" id="KC09513634" toolname="YCEM0013"/>
</dgraphic2>
</dgraphic>
</diaglist>
</test2>
</test1>
<question>
Was a fault de#@#@#3#ted?
</question>
<resact-grp>
<result button="yes" comp="button"/>
<action j2008use="1" paperuse="1" screenuse="1">
<ptxt>
<xref>
<ref id="KC09513637"/>
</xref>
</ptxt>
</action>
</resact-grp>
<resact-grp>
<result button="no" comp="button" highlight="0"/>
<action j2008use="1" paperuse="1" screenuse="1">
<ptxt>
<xref>
<ref id="KC09513638"/>
</xref>
</ptxt>
</action>
</resact-grp>
</node>
</testgrp>
<testgrp id="KC05347498" j2008use="1" paperuse="1" resumable="1" screenuse="1" testgrp-id="node3" x="180" y="120">
<title>
<phrase category="" id="KC09513639" phrase-urn="urn:x-nevis:phrase:0800c8af8271213f">Checking the co#@#@#14#iring</phrase>
</title>
<node>
<test1>
<test2>
<para>
<ptxt>
<phrase category="" id="KC09513640" phrase-urn="urn:x-nevis:phrase:0800c8af82712104">Check the signa#@#@#143#ound.</phrase>
</ptxt>
</para>
<para>
<ptxt>
<phrase category="" id="KC09513641" phrase-urn="urn:x-nevis:phrase:0800c8af82712105">Take readings b#@#@#2#ween:</phrase>
</ptxt>
</para>
<list1 enumtype="d" type="unordered">
<item>
<ptxt>
<phrase category="" id="KC09513642" phrase-urn="urn:x-nevis:phrase:0800c8af82712106">Central electro#@#@#70#ctor.</phrase>
</ptxt>
</item>
</list1>
<para>
<title>
<phrase category="" id="KC09513643" phrase-urn="urn:x-nevis:phrase:0800c8af82712108">Checking the re#@#@#8#hield</phrase>
</title>
<ptxt>
<phrase category="" id="KC09513644" phrase-urn="urn:x-nevis:phrase:0800c8af82712109">Measure the res#@#@#24#oop. </phrase>
</ptxt>
<ptxt>
<phrase category="" id="KC09513645" phrase-urn="urn:x-nevis:phrase:0800c8af8271210a">Normal resistan#@#@#12#for: </phrase>
</ptxt>
</para>
<list1 enumtype="d" type="unordered">
<item>
<ptxt>
<phrase category="" id="KC09513646" phrase-urn="urn:x-nevis:phrase:0800c8af8271210b">4-doors, approx#@#@#10#63 Ω.</phrase>
</ptxt>
</item>
<item>
<ptxt>
<phrase category="" id="KC09513647" phrase-urn="urn:x-nevis:phrase:0800c8af8271210c">5-doors, approx#@#@#10#76 Ω.</phrase>
</ptxt>
</item>
</list1>
<para>
<ptxt>
<phrase category="" id="KC09513648" phrase-urn="urn:x-nevis:phrase:0800c8af8271210d">Remedy as necessary.</phrase>
</ptxt>
</para>
<list1 enumtype="d" type="unordered">
<title>
<phrase category="" id="KC09513649" phrase-urn="urn:x-nevis:phrase:0800c8af8271210e">Other information</phrase>
</title>
<item id="nev11721283n100">
<ptxt id="nev11721283n99">
<xref id="nev11721283n98">
<ref id="l1135840867826"/>
</xref>
</ptxt>
</item>
<item id="nev11721283n96">
<ptxt id="nev11721283n95">
<xref id="nev12746862n100">
<ref id="l1135840895856"/>
</xref>
</ptxt>
</item>
<item>
<ptxt>
<xref id="nev12746864n100">
<ref id="l1174057645606"/>
</xref>
</ptxt>
</item>
<item id="nev11721283n92">
<ptxt id="nev11721283n91">
<xref id="nev11721283n90">
<ref id="l1135840927090"/>
</xref>
</ptxt>
</item>
</list1>
</test2>
</test1>
<question>
Select Continue.
</question>
<resact-grp>
<result button="cont" comp="button" highlight="0"/>
<action j2008use="1" paperuse="1" screenuse="1">
<ptxt>
<xref>
<ref id="KC09513659"/>
</xref>
</ptxt>
</action>
</resact-grp>
</node>
</testgrp>
<testgrp id="KC05347499" j2008use="1" paperuse="1" resumable="1" screenuse="1" testgrp-id="node4" x="60" y="120">
<title>
<phrase category="" id="KC09513660" phrase-urn="urn:x-nevis:phrase:0800c8af82712114">Replacing the c#@#@#3#onent</phrase>
</title>
<node>
<test1>
<test2>
<para>
<ptxt>
<phrase category="" id="KC09513661" phrase-urn="urn:x-nevis:phrase:0800c8af82712115">The fault was p#@#@#49#loop.</phrase>
</ptxt>
</para>
<para>
<ptxt>
<phrase category="" id="KC09513662" phrase-urn="urn:x-nevis:phrase:0800c8af82712116">Replace the rea#@#@#8#ield.</phrase>
</ptxt>
</para>
<list1 enumtype="d" type="unordered">
<title>
<phrase category="" id="KC09513663" phrase-urn="urn:x-nevis:phrase:0800c8af82712117">Other information</phrase>
</title>
<item id="nev11721304n100">
<ptxt id="nev11721304n99">
<xref id="nev14767469n100">
<ref id="l1240302069358"/>
</xref>
</ptxt>
</item>
</list1>
</test2>
</test1>
<question>
Select Continue.
</question>
<resact-grp>
<result button="cont" comp="button" highlight="0"/>
<action j2008use="1" paperuse="1" screenuse="1">
<ptxt>
<xref>
<ref id="KC09513667"/>
</xref>
</ptxt>
</action>
</resact-grp>
</node>
</testgrp>
<testgrp id="KC05347500" j2008use="1" paperuse="1" resumable="1" screenuse="1" testgrp-id="veria" x="100" y="500">
<title>
<phrase category="" id="KC09513668" phrase-urn="urn:x-nevis:phrase:0800c8af8271211a">Verification</phrase>
</title>
<subcalloutnode>
<diagcallout>
<xref>
<ref id="KC09513669"/>
</xref>
</diagcallout>
<rescall-grp>
<result comp="string" highlight="0" op="eq" return="VERIFIED"/>
<calloutaction>
<return value="FAULT FOUND"/>
</calloutaction>
</rescall-grp>
<rescall-grp>
<result comp="string" highlight="0" op="eq" return="VERIFICATION FAILED"/>
<calloutaction>
<ptxt>
<xref>
<ref id="KC09513670"/>
</xref>
</ptxt>
</calloutaction>
</rescall-grp>
</subcalloutnode>
</testgrp>
<testgrp id="KC05347501" j2008use="1" paperuse="1" resumable="1" screenuse="1" testgrp-id="info1" x="100" y="600">
<title>
<phrase category="" id="KC09513671" phrase-urn="urn:x-nevis:phrase:0800c8af8271211b">Fault-tracing i#@#@#5#ation</phrase>
</title>
<subcalloutnode>
<diagcallout>
<xref>
<ref id="KC09513672"/>
</xref>
</diagcallout>
<rescall-grp>
<result comp="string" highlight="0" op="eq" return="FAULTTRACING FAILED"/>
<calloutaction>
<return value="FAULTTRACING FAILED"/>
</calloutaction>
</rescall-grp>
<rescall-grp>
<result comp="string" highlight="0" op="eq" return="NEW TRY"/>
<calloutaction>
<ptxt>
<xref>
<ref id="KC09513673"/>
</xref>
</ptxt>
</calloutaction>
</rescall-grp>
</subcalloutnode>
</testgrp>
</diagnostic>
</servinfosub>