<?xml version="1.0" encoding="UTF-8"?><servinfosub IE-ID="en-US0900c8af81a97d0e" docno="VCC-159078" id="KC07206900" xml:lang="en-US">
<title>
<phrase category="" id="KC07206904" phrase-urn="urn:x-nevis:phrase:0800c8af81a97d10">Diagnostic trou#@#@#21#ation</phrase>
</title>
<diagnostic type="condition">
<condgrp>
<condition type="condition">
<grate>
<graphic id="KC07206905">
<href>0900c8af80057a3#@#@#9#.jpeg</href>
</graphic>
<graphtext>
<para>
<ptxt>
<phrase category="" id="KC07206906" phrase-urn="urn:x-nevis:phrase:0800c8af81a97d11">The engine cont#@#@#74#ding.</phrase>
</ptxt>
<ptxt>
<phrase category="" id="KC07206907" phrase-urn="urn:x-nevis:phrase:0800c8af81a97d12">The diagnostic #@#@#140# low.</phrase>
</ptxt>
</para>
<ptxt>
<phrase category="" id="KC07206908" phrase-urn="urn:x-nevis:phrase:0800c8af81a97d13">The diagnostic #@#@#65#d to.</phrase>
</ptxt>
<list1 enumtype="b" type="unordered">
<item>
<ptxt>
<phrase category="" id="KC07206909" phrase-urn="urn:x-nevis:phrase:0800c8af81a97d14">ECM-360D: ignit#@#@#5#oil 1</phrase>
</ptxt>
</item>
<item>
<ptxt>
<phrase category="" id="KC07206910" phrase-urn="urn:x-nevis:phrase:0800c8af81a97d15">ECM-361D: ignit#@#@#5#oil 2</phrase>
</ptxt>
</item>
<item>
<ptxt>
<phrase category="" id="KC07206911" phrase-urn="urn:x-nevis:phrase:0800c8af81a97d16">ECM-362D: ignit#@#@#5#oil 3</phrase>
</ptxt>
</item>
<item>
<ptxt>
<phrase category="" id="KC07206912" phrase-urn="urn:x-nevis:phrase:0800c8af81a97d17">ECM-363D: ignit#@#@#5#oil 4</phrase>
</ptxt>
</item>
<item>
<ptxt>
<phrase category="" id="KC07206913" phrase-urn="urn:x-nevis:phrase:0800c8af81a97d18">ECM-364D: ignit#@#@#5#oil 5</phrase>
</ptxt>
</item>
<item>
<ptxt>
<phrase category="" id="KC07206914" phrase-urn="urn:x-nevis:phrase:0800c8af81a97d19">ECM-365D: ignit#@#@#6#il 6.</phrase>
</ptxt>
</item>
</list1>
<para>
<ptxt>
<phrase category="" id="KC07206915" phrase-urn="urn:x-nevis:phrase:0800c8af81a97d1a">The diagnostic #@#@#58#ning.</phrase>
</ptxt>
</para>
</graphtext>
</grate>
</condition>
</condgrp>
<condgrp>
<condition type="substitution">
<list1 enumtype="d" type="unordered">
<item>
<ptxt>
<phrase category="" id="KC07206916" phrase-urn="urn:x-nevis:phrase:0800c8af81a97d1b">None.</phrase>
</ptxt>
</item>
</list1>
</condition>
<ps>
<list1 enumtype="d" type="unordered">
<item>
<ptxt>
<phrase category="" id="KC07206917" phrase-urn="urn:x-nevis:phrase:0800c8af81a97d1c">Short-circuit t#@#@#23#cable</phrase>
</ptxt>
</item>
<item>
<ptxt>
<phrase category="" id="KC07206918" phrase-urn="urn:x-nevis:phrase:0800c8af81a97d1d">Damaged ignitio#@#@#2#coil.</phrase>
</ptxt>
</item>
</list1>
</ps>
</condgrp>
<condgrp>
<condition type="symptom">
<list1 enumtype="d" type="unordered">
<item>
<ptxt>
<phrase category="" id="KC07206919" phrase-urn="urn:x-nevis:phrase:0800c8af81a97d1e">Malfunction ind#@#@#16#) lit</phrase>
</ptxt>
</item>
<item>
<ptxt>
<phrase category="" id="KC07206920" phrase-urn="urn:x-nevis:phrase:0800c8af81a97d1f">The engine is n#@#@#22#ders.</phrase>
</ptxt>
</item>
</list1>
</condition>
</condgrp>
</diagnostic>
</servinfosub>