<?xml version="1.0" encoding="UTF-8"?><servinfosub IE-ID="en-US0900c8af80136d0e" docno="VCC-133098" id="KC01108698" xml:lang="en-US">
<title>
<phrase category="" id="KC09396588" phrase-urn="urn:x-nevis:phrase:0800c8af826f9176">Faulty signal</phrase>
</title>
<diagnostic type="test">
<testgrp IE-ID="en-US0900c8af80136d0e_KC01144203" id="KC01144203" j2008use="1" paperuse="1" resumable="1" screenuse="1" testgrp-id="ab1" x="120" y="40">
<title>
<phrase category="" id="KC09396589" phrase-urn="urn:x-nevis:phrase:0800c8af826f9177">Checking compon#@#@#10#iring</phrase>
</title>
<node>
<test1>
<diaglist>
<dgraphic>
<dgraphic1>
<graphic id="KC09396590">
<href>0900c8af80054d5#@#@#9#.jpeg</href>
</graphic>
</dgraphic1>
</dgraphic>
<ditem>
<ptxt>
<phrase category="" id="KC09396591" phrase-urn="urn:x-nevis:phrase:0800c8af826f917a">Check the boost#@#@#98#ation</phrase>
</ptxt>
</ditem>
<ditem>
<ptxt>
<phrase category="" id="KC09396592" phrase-urn="urn:x-nevis:phrase:0800c8af826f917b">Ignition on.</phrase>
</ptxt>
</ditem>
</diaglist>
<test2>
<para>
<ptxt>
<phrase category="" id="KC09396593" phrase-urn="urn:x-nevis:phrase:0800c8af826f917c">Read off the bo#@#@#33#sure.</phrase>
</ptxt>
<ptxt>
<phrase category="" id="KC09396594" phrase-urn="urn:x-nevis:phrase:0800c8af826f917e">Check that they#@#@#73#hPa).</phrase>
</ptxt>
</para>
<para>
<ptxt>
<phrase category="" id="KC09396595" phrase-urn="urn:x-nevis:phrase:0800c8af826f917f">Remedy as necessary.</phrase>
</ptxt>
</para>
<list1 enumtype="d" type="unordered">
<title>
<phrase category="" id="KC09396596" phrase-urn="urn:x-nevis:phrase:0800c8af826f9180">Other information:</phrase>
</title>
<item>
<ptxt>
<phrase category="" id="KC09396597" phrase-urn="urn:x-nevis:phrase:0800c8af826f9181">
<xref>
<ref id="KC09396598"/>
</xref>
</phrase>
</ptxt>
</item>
<item>
<ptxt>
<phrase category="" id="KC09396599" phrase-urn="urn:x-nevis:phrase:0800c8af826f9182">For the compone#@#@#17# see <xref>
<ref id="KC09396600"/>
</xref>
</phrase>
</ptxt>
</item>
<item>
<ptxt>
<phrase category="" id="KC09396601" phrase-urn="urn:x-nevis:phrase:0800c8af826f9185">To connect the #@#@#13# see <xref>
<ref id="KC09396602"/>
</xref>
</phrase>
</ptxt>
</item>
<item>
<ptxt>
<phrase category="" id="KC09396603" phrase-urn="urn:x-nevis:phrase:0800c8af826f9186">For information#@#@#15# see <xref>
<ref id="KC09396604"/>
</xref>
</phrase>
</ptxt>
</item>
<item>
<ptxt>
<phrase category="" id="KC09396605" phrase-urn="urn:x-nevis:phrase:0800c8af826f9187">To access or re#@#@#32# see <xref>
<ref id="KC09396606"/>
</xref>
</phrase>
</ptxt>
</item>
<item>
<ptxt>
<phrase category="" id="KC09396607" phrase-urn="urn:x-nevis:phrase:0800c8af826f9188">To access or re#@#@#38# see <xref>
<ref id="KC09396608"/>
</xref>. </phrase>
</ptxt>
</item>
</list1>
<diaglist>
<dgraphic>
<dgraphic2>
<graphic id="KC09396609">
<href>0900c8af86c8681#@#@#9#.jpeg</href>
</graphic>
<smarttool active="press" id="KC09396610" toolname="XDISA672"/>
</dgraphic2>
</dgraphic>
<ditem>
<ditemtext>
<ptxt>
<phrase category="" id="KC09396611" phrase-urn="urn:x-nevis:phrase:0800c8af826f9189"/>
</ptxt>
</ditemtext>
</ditem>
</diaglist>
</test2>
</test1>
<question/>
<resact-grp>
<result button="cont" comp="button" highlight="0"/>
<action j2008use="1" paperuse="1" screenuse="1">
<ptxt>
<xref>
<ref id="KC09396613"/>
</xref>
</ptxt>
</action>
</resact-grp>
</node>
</testgrp>
<testgrp id="KC01144204" j2008use="1" paperuse="1" resumable="1" screenuse="1" testgrp-id="veri" x="120" y="120">
<title>
<phrase category="" id="KC09396614" phrase-urn="urn:x-nevis:phrase:0800c8af826f918b">Verification</phrase>
</title>
<subcalloutnode>
<diagcallout>
<xref>
<ref id="KC09396615"/>
</xref>
</diagcallout>
<rescall-grp>
<result comp="string" highlight="0" op="eq" return="VERIFIED"/>
<calloutaction>
<return value="FAULT FOUND"/>
</calloutaction>
</rescall-grp>
<rescall-grp>
<result comp="string" highlight="0" op="eq" return="VERIFICATION FAILED"/>
<calloutaction>
<ptxt>
<xref>
<ref id="KC09396616"/>
</xref>
</ptxt>
</calloutaction>
</rescall-grp>
</subcalloutnode>
</testgrp>
<testgrp id="KC01144205" j2008use="1" paperuse="1" resumable="1" screenuse="1" testgrp-id="info1" x="320" y="120">
<title>
<phrase category="" id="KC09396617" phrase-urn="urn:x-nevis:phrase:0800c8af826f918d">Fault-tracing i#@#@#5#ation</phrase>
</title>
<subcalloutnode>
<diagcallout>
<xref>
<ref id="KC09396618"/>
</xref>
</diagcallout>
<rescall-grp>
<result comp="string" highlight="0" op="eq" return="FAULTTRACING FAILED"/>
<calloutaction>
<return value="FAULTTRACING FAILED"/>
</calloutaction>
</rescall-grp>
<rescall-grp>
<result comp="string" highlight="0" op="eq" return="NEW TRY"/>
<calloutaction>
<ptxt>
<xref>
<ref id="KC09396619"/>
</xref>
</ptxt>
</calloutaction>
</rescall-grp>
</subcalloutnode>
</testgrp>
</diagnostic>
</servinfosub>