<?xml version="1.0" encoding="UTF-8"?><servinfosub IE-ID="en-US0900c8af823da60a" docno="VCC-164845" id="KC09011245" xml:lang="en-US">
<title>
<phrase category="" id="KC09589245" phrase-urn="urn:x-nevis:phrase:0800c8af82723dcb">Fault tracing</phrase>
</title>
<diagnostic type="test">
<testgrp IE-ID="en-US0900c8af823da60a_KC09017441" id="KC09017441" j2008use="1" paperuse="1" resumable="1" screenuse="1" testgrp-id="node1" x="360" y="320">
<title>
<phrase category="" id="KC09589246" phrase-urn="urn:x-nevis:phrase:0800c8af82723dcc">Checking the fu#@#@#1#ction</phrase>
</title>
<node>
<test1>
<diaglist>
<dgraphic>
<dgraphic1>
<graphic id="KC09589247">
<href>0900c8af80054d3#@#@#9#.jpeg</href>
</graphic>
</dgraphic1>
</dgraphic>
<ditem>
<ptxt>
<phrase category="" id="KC09589248" phrase-urn="urn:x-nevis:phrase:0800c8af82723dcd">Start the engin#@#@#19#dle. </phrase>
</ptxt>
</ditem>
<ditem>
<ptxt>
<phrase category="" id="KC09589249" phrase-urn="urn:x-nevis:phrase:0800c8af82723dce">Read off the tr#@#@#18#peed.</phrase>
</ptxt>
</ditem>
</diaglist>
<test2>
<para>
<ptxt>
<phrase category="" id="KC09589250" phrase-urn="urn:x-nevis:phrase:0800c8af82723dcf">Read off the tr#@#@#18#peed.</phrase>
</ptxt>
</para>
<para>
<ptxt>
<phrase category="" id="KC09589251" phrase-urn="urn:x-nevis:phrase:0800c8af82723dd0">If the transmis#@#@#131#ault.</phrase>
</ptxt>
</para>
<para>
<ptxt>
<phrase category="" id="KC09589252" phrase-urn="urn:x-nevis:phrase:0800c8af82723dd1">If the transmis#@#@#75#nent.</phrase>
</ptxt>
</para>
<diaglist>
<dgraphic>
<dgraphic2>
<graphic id="KC09589253">
<href>0900c8af86c8681#@#@#9#.jpeg</href>
</graphic>
<smarttool active="press" id="KC09589254" toolname="GTCM0010"/>
</dgraphic2>
</dgraphic>
<ditem>
<ditemtext>
<ptxt>
<phrase category="" id="KC09589255" phrase-urn="urn:x-nevis:phrase:0800c8af82723dd2"/>
</ptxt>
</ditemtext>
</ditem>
</diaglist>
</test2>
</test1>
<question>
Select Continue.
</question>
<resact-grp>
<result button="cont" comp="button" highlight="0"/>
<action j2008use="1" paperuse="1" screenuse="1">
<ptxt>
<xref>
<ref id="KC09589257"/>
</xref>
</ptxt>
</action>
</resact-grp>
</node>
</testgrp>
<testgrp id="KC09017442" j2008use="1" paperuse="1" resumable="1" screenuse="1" testgrp-id="node2" x="120" y="160">
<title>
<phrase category="" id="KC09589258" phrase-urn="urn:x-nevis:phrase:0800c8af82723dd4">Checking wiring#@#@#7#nsors</phrase>
</title>
<node>
<test1>
<diaglist>
<dgraphic>
<dgraphic1>
<graphic id="KC09589259">
<href>0900c8af80054d4#@#@#9#.jpeg</href>
</graphic>
</dgraphic1>
<dgraphic2>
<graphic id="KC09589260">
<href>0900c8af80054d7#@#@#9#.jpeg</href>
</graphic>
</dgraphic2>
</dgraphic>
<ditem>
<ptxt>
<phrase category="" id="KC09589261" phrase-urn="urn:x-nevis:phrase:0800c8af82723dd5">Ignition off</phrase>
</ptxt>
</ditem>
<ditem>
<ptxt>
<phrase category="" id="KC09589262" phrase-urn="urn:x-nevis:phrase:0800c8af82723dd7">Connect the bre#@#@#25#sion.</phrase>
</ptxt>
</ditem>
<ditem>
<ptxt>
<phrase category="" id="KC09589263" phrase-urn="urn:x-nevis:phrase:0800c8af82723dd8">Expose the cont#@#@#26#sion.</phrase>
</ptxt>
</ditem>
<ditem>
<ptxt>
<phrase category="" id="KC09589264" phrase-urn="urn:x-nevis:phrase:0800c8af82723dd9">Disconnect the #@#@#45#nsor.</phrase>
</ptxt>
</ditem>
</diaglist>
<test2>
<para>
<ptxt>
<phrase category="" id="KC09589265" phrase-urn="urn:x-nevis:phrase:0800c8af82723dda">Check the wirin#@#@#322#ness.</phrase>
</ptxt>
</para>
<para>
<ptxt>
<phrase category="" id="KC09589266" phrase-urn="urn:x-nevis:phrase:0800c8af82723ddb">Check that the #@#@#76#ctly.</phrase>
</ptxt>
</para>
<hint>
<ptxt>
<phrase category="" id="KC09589267" phrase-urn="urn:x-nevis:phrase:0800c8af82723ddc">If no defects w#@#@#69# to: <xref>
<ref id="KC09589268"/>
</xref>
</phrase>
</ptxt>
</hint>
<para>
<ptxt>
<phrase category="" id="KC09589269" phrase-urn="urn:x-nevis:phrase:0800c8af82723ddd">Remedy as necessary.</phrase>
</ptxt>
</para>
<list1 enumtype="d" type="unordered">
<title>
<phrase category="" id="KC09589270" phrase-urn="urn:x-nevis:phrase:0800c8af82723dde">Other information</phrase>
</title>
<item>
<ptxt>
<phrase category="" id="KC09589271" phrase-urn="urn:x-nevis:phrase:0800c8af82723ddf">
<xref>
<ref id="KC09589272"/>
</xref>
</phrase>
</ptxt>
</item>
<item>
<ptxt>
<phrase category="" id="KC09589273" phrase-urn="urn:x-nevis:phrase:0800c8af82723de0">
<xref>
<ref id="KC09589274"/>
</xref>
</phrase>
</ptxt>
</item>
<item>
<ptxt>
<phrase category="" id="KC09589275" phrase-urn="urn:x-nevis:phrase:0800c8af82723de1">For access to c#@#@#5#tor: <xref>
<ref id="KC09589276"/>
</xref>
</phrase>
</ptxt>
</item>
<item>
<ptxt>
<phrase category="" id="KC09589277" phrase-urn="urn:x-nevis:phrase:0800c8af82723de2">
<xref>
<ref id="KC09589278"/>
</xref>
</phrase>
</ptxt>
</item>
</list1>
<diaglist>
<dgraphic>
<dgraphic1>
<graphic id="KC09589279">
<href>0900c8af8005444#@#@#9#.jpeg</href>
</graphic>
</dgraphic1>
</dgraphic>
</diaglist>
<grate>
<graphic id="KC09589280">
<href>0900c8af813591d#@#@#9#.jpeg</href>
</graphic>
</grate>
</test2>
</test1>
<question>
Select Continue.
</question>
<resact-grp>
<result button="cont" comp="button" highlight="0"/>
<action j2008use="1" paperuse="1" screenuse="1">
<ptxt>
<xref>
<ref id="KC09589282"/>
</xref>
</ptxt>
</action>
</resact-grp>
</node>
</testgrp>
<testgrp id="KC09017443" j2008use="1" paperuse="1" resumable="1" screenuse="1" testgrp-id="nolladapt" x="280" y="80">
<title>
<phrase category="" id="KC09589283" phrase-urn="urn:x-nevis:phrase:0800c8af82723de4">Resetting adapt#@#@#30#unter</phrase>
</title>
<subcalloutnode>
<diagcallout>
<xref>
<ref id="KC09589284"/>
</xref>
</diagcallout>
<rescall-grp>
<result comp="string" highlight="0" op="eq" return="DONE"/>
<calloutaction>
<ptxt>
<xref>
<ref id="KC09589285"/>
</xref>
</ptxt>
</calloutaction>
</rescall-grp>
</subcalloutnode>
</testgrp>
<testgrp id="KC09017444" j2008use="1" paperuse="1" resumable="1" screenuse="1" testgrp-id="veri1" x="280" y="80">
<title>
<phrase category="" id="KC09589286" phrase-urn="urn:x-nevis:phrase:0800c8af82723de5">Verification</phrase>
</title>
<subcalloutnode>
<diagcallout>
<xref>
<ref id="KC09589287"/>
</xref>
</diagcallout>
<rescall-grp>
<result comp="string" highlight="0" op="eq" return="VERIFIED"/>
<calloutaction>
<return value="FAULT FOUND"/>
</calloutaction>
</rescall-grp>
<rescall-grp>
<result comp="string" highlight="0" op="eq" return="VERIFICATION FAILED"/>
<calloutaction>
<ptxt>
<xref>
<ref id="KC09589288"/>
</xref>
</ptxt>
</calloutaction>
</rescall-grp>
<rescall-grp>
<result comp="string" highlight="0" op="eq" return="PAPER"/>
<calloutaction>
<return value="FAULT NOT FOUND"/>
</calloutaction>
</rescall-grp>
</subcalloutnode>
</testgrp>
<testgrp id="KC09017445" j2008use="1" paperuse="0" resumable="1" screenuse="1" testgrp-id="info1" x="440" y="80">
<title>
<phrase category="" id="KC09589289" phrase-urn="urn:x-nevis:phrase:0800c8af82723de6">Fault-tracing i#@#@#5#ation</phrase>
</title>
<subcalloutnode>
<diagcallout>
<xref>
<ref id="KC09589290"/>
</xref>
</diagcallout>
<rescall-grp>
<result comp="string" highlight="0" op="eq" return="FAULTTRACING FAILED"/>
<calloutaction>
<return value="FAULTTRACING FAILED"/>
</calloutaction>
</rescall-grp>
<rescall-grp>
<result comp="string" highlight="0" op="eq" return="NEW TRY"/>
<calloutaction>
<ptxt>
<xref>
<ref id="KC09589291"/>
</xref>
</ptxt>
</calloutaction>
</rescall-grp>
</subcalloutnode>
</testgrp>
</diagnostic>
</servinfosub>