<?xml version="1.0" encoding="UTF-8"?><servinfosub IE-ID="en-US0900c8af8638d60a" docno="VCC-470562" id="nev20889878n1" original="sv-SE" servinfosubId="nev20889879n1-nev20889878n4" servinfosubRes="0900c8af869ccc54" servinfosubRes2="urn:x-nevis:fragment:0900c8af8638d60a:0900c8af869ccc54#nev20889878n4" xml:lang="en-US">
<operationnumbers>
<operationnumber>25412-2</operationnumber>
<operationnumber>25413-3</operationnumber>
</operationnumbers>
<title id="nev20889878n2">Lambda probe, rear</title>
<toolitemtable id="nev20889879n1-nev22303695n27">
<table id="nev20889879n1-nev22303695n26">
<tgroup cols="2" id="nev20889879n1-nev22303695n25">
<colspec colname="COLSPEC0" colwidth="1.00*" id="nev20889879n1-nev22303695n24"/>
<colspec colname="COLSPEC1" colwidth="1.00*" id="nev20889879n1-nev22303695n23"/>
<thead id="nev20889879n1-nev22303695n22">
<row id="nev20889879n1-nev22303695n21">
<entry id="nev20889879n1-nev22303695n20" nameend="COLSPEC1" namest="COLSPEC0" valign="top">
<ptxt id="nev20889879n1-nev22303695n19">
<emph id="nev20889879n1-nev22303695n18">Special tools</emph>
</ptxt>
</entry>
</row>
</thead>
<tbody id="nev20889879n1-nev22303695n17">
<row id="nev20889879n1-nev22303695n16">
<entry id="nev20889879n1-nev22303695n15">
<graphic id="nev20889879n1-nev22303695n14">
<href>0900c8af8005441#@#@#9#.jpeg</href>
</graphic>
</entry>
<entry id="nev20889879n1-nev22303695n13">
<ptxt id="nev20889879n1-nev22303695n12">
<emph id="nev20889879n1-nev22303695n11">999 5543 Socket#@#@#24#nsor)</emph>
</ptxt>
<ptxt id="nev20889879n1-nev22303695n9">
<emph id="nev20889879n1-nev22303695n8">Tool number:</emph>999 5543</ptxt>
<ptxt id="nev20889879n1-nev22303695n7">
<emph id="nev20889879n1-nev22303695n6">Tool description:</emph>Socket NV-22 (h#@#@#15#nsor)</ptxt>
<ptxt id="nev20889879n1-nev22303695n4">
<emph id="nev20889879n1-nev22303695n3">Tool boards:</emph>20</ptxt>
</entry>
</row>
</tbody>
</tgroup>
</table>
</toolitemtable>
<procedure id="nev20889879n1-nev21833230n1">
<stepgrp boilerplate="false" context="" id="nev20889879n1-nev22303695n67">
<title id="nev20889879n1-0800c8af844a46f6">Removal</title>
<procstep id="nev20889879n1-nev21833230n4">
<note id="nev20889879n1-0800c8af844a42fa">
<ptxt>Removal steps i#@#@#45#ails.</ptxt>
</note>
</procstep>
<procstep id="nev20889879n1-nev21833230n7">
<grate id="nev20889879n1-nev22303695n65">
<graphic id="nev20889879n1-nev22303695n66">
<href>0900c8af865763f#@#@#9#.jpeg</href>
</graphic>
<graphtext id="nev20889879n1-nev22303879n1">
<para id="nev20889879n1-nev22303695n63">
<ptxt id="nev20889879n1-nev22303695n64">Loosen the screws.</ptxt>
</para>
<para id="nev20889879n1-nev22303695n61">
<ptxt id="nev20889879n1-nev22303695n62">Remove the mark#@#@#3#part.</ptxt>
</para>
</graphtext>
</grate>
</procstep>
<procstep id="nev20889879n1-nev21833231n7">
<grate id="nev20889879n1-nev22303695n59">
<graphic id="nev20889879n1-nev22303695n60">
<href>0900c8af8679f61#@#@#9#.jpeg</href>
</graphic>
<graphtext id="nev20889879n1-nev22303883n1">
<para id="nev20889879n1-nev22303695n57">
<ptxt id="nev20889879n1-nev22303695n58">Disconnect the #@#@#5#ctor.</ptxt>
</para>
</graphtext>
</grate>
</procstep>
<procstep id="nev20889879n1-nev21833232n4">
<grate id="nev20889879n1-nev22303695n55">
<graphic id="nev20889879n1-nev22303695n56">
<href>0900c8af8679f61#@#@#9#.jpeg</href>
</graphic>
<graphtext id="nev20889879n1-nev22303887n1">
<para id="nev20889879n1-nev22303695n53">
<ptxt id="nev20889879n1-nev22303695n54">Loosen the hose#@#@#2#lamp.</ptxt>
</para>
<para id="nev20889879n1-nev22303695n51">
<ptxt id="nev20889879n1-nev22303695n52">Undo the hose f#@#@#14#tion.</ptxt>
</para>
</graphtext>
</grate>
</procstep>
<procstep id="nev20889879n1-nev21833233n4">
<grate id="nev20889879n1-nev22303695n49">
<graphic id="nev20889879n1-nev22303695n50">
<href>0900c8af8679cdc#@#@#9#.jpeg</href>
</graphic>
<graphtext id="nev20889879n1-nev22303891n1">
<para id="nev20889879n1-nev22303695n47">
<ptxt id="nev20889879n1-nev22303695n48">Remove the screw.</ptxt>
</para>
<para id="nev20889879n1-nev22303695n45">
<ptxt id="nev20889879n1-nev22303695n46">Loosen the hose#@#@#3#amps.</ptxt>
</para>
<para id="nev20889879n1-nev22303695n43">
<ptxt id="nev20889879n1-nev22303695n44">Remove the mark#@#@#3#part.</ptxt>
</para>
<para id="nev20889879n1-nev22303695n41">
<ptxt id="nev20889879n1-nev22303695n42">
<torque id="nev20889879n1-nev21833234n9">
<ref id="nev20889879n1-nev21833234n10"/>
</torque>
</ptxt>
</para>
</graphtext>
</grate>
</procstep>
<procstep id="nev20889879n1-nev21833235n1">
<grate id="nev20889879n1-nev22303695n39">
<graphic id="nev20889879n1-nev22303695n40">
<href>0900c8af8679fa4#@#@#9#.jpeg</href>
</graphic>
<graphtext id="nev20889879n1-nev22303898n1">
<para id="nev20889879n1-nev22303695n37">
<ptxt id="nev20889879n1-nev22303695n38">Disconnect the #@#@#5#ctor.</ptxt>
</para>
<para id="nev20889879n1-nev22303695n35">
<ptxt id="nev20889879n1-nev22303695n36">Loosen the clip.</ptxt>
</para>
<para id="nev20889879n1-nev22303695n33">
<ptxt id="nev20889879n1-nev22303695n34">Remove the mark#@#@#3#part.</ptxt>
</para>
<para id="nev20889879n1-nev22303695n31">
<ptxt id="nev20889879n1-nev22303695n32">
<toolitem boilerplate="true" id="nev20889879n1-nev21833236n6" imageid="0900c8af80054418"/>
</ptxt>
</para>
</graphtext>
</grate>
</procstep>
</stepgrp>
<stepgrp boilerplate="false" context="" id="nev20889879n1-nev22303695n30">
<title id="nev20889879n1-0800c8af844a46f9">Installation</title>
<procstep id="nev20889879n1-nev21833236n9">
<para id="nev20889879n1-nev22303695n28">
<ptxt id="nev20889879n1-nev22303695n29">To install, rev#@#@#22#dure.</ptxt>
</para>
</procstep>
</stepgrp>
</procedure>
</servinfosub>