<?xml version="1.0" encoding="UTF-8"?><servinfosub IE-ID="en-US0900c8af846bb417" docno="VCC-370235" id="nev13710991n1" original="sv-SE" servinfosubId="nev13710992n1-nev13711017n1" servinfosubRes="0900c8af846bb423" servinfosubRes2="urn:x-nevis:fragment:0900c8af846bb417:0900c8af846bb423#nev13711017n1" xml:lang="en-US">
<title id="nev13710990n92">Crank mechanism#@#@#8#tling</title>
<toolitemtable id="nev13710992n1-nev14072205n71">
<table id="nev13710992n1-nev14072205n70">
<tgroup cols="2" id="nev13710992n1-nev14072205n69">
<colspec colname="COLSPEC0" colwidth="1.00*" id="nev13710992n1-nev14072205n68"/>
<colspec colname="COLSPEC1" colwidth="1.00*" id="nev13710992n1-nev14072205n67"/>
<thead id="nev13710992n1-nev14072205n66">
<row id="nev13710992n1-nev14072205n65">
<entry id="nev13710992n1-nev14072205n64" nameend="COLSPEC1" namest="COLSPEC0" valign="top">
<ptxt id="nev13710992n1-nev14072205n63">
<emph id="nev13710992n1-nev14072205n62">Special tools</emph>
</ptxt>
</entry>
</row>
</thead>
<tbody id="nev13710992n1-nev14072205n60">
<row id="nev13710992n1-nev14072205n59">
<entry id="nev13710992n1-nev14072205n58">
<graphic id="nev13710992n1-nev14072205n57">
<href>0900c8af8005477#@#@#9#.jpeg</href>
</graphic>
</entry>
<entry id="nev13710992n1-nev14072205n56">
<ptxt id="nev13710992n1-nev14072205n55">
<emph id="nev13710992n1-nev14072205n54">999 5651 Extrac#@#@#28#5252T</emph>
</ptxt>
<ptxt id="nev13710992n1-nev14072205n52">
<emph id="nev13710992n1-nev14072205n51">Tool number:</emph>999 5651</ptxt>
<ptxt id="nev13710992n1-nev14072205n49">
<emph id="nev13710992n1-nev14072205n48">Tool description:</emph>Extractor (cran#@#@#19#5252T</ptxt>
<ptxt id="nev13710992n1-nev14072205n45">
<emph id="nev13710992n1-nev14072205n44">Tool boards:</emph>21</ptxt>
</entry>
</row>
<row id="nev13710992n1-nev14072205n42">
<entry id="nev13710992n1-nev14072205n41">
<graphic id="nev13710992n1-nev14072205n40">
<href>0900c8af800543f#@#@#9#.jpeg</href>
</graphic>
</entry>
<entry id="nev13710992n1-nev14072205n39">
<ptxt id="nev13710992n1-nev14072205n38">
<emph id="nev13710992n1-nev14072205n37">999 5919 PULLER#@#@#33#-6304</emph>
</ptxt>
<ptxt id="nev13710992n1-nev14072205n35">
<emph id="nev13710992n1-nev14072205n34">Tool number:</emph>999 5919</ptxt>
<ptxt id="nev13710992n1-nev14072205n32">
<emph id="nev13710992n1-nev14072205n31">Tool description:</emph>PULLER (SEAL-PI#@#@#24#-6304</ptxt>
<ptxt id="nev13710992n1-nev14072205n28">
<emph id="nev13710992n1-nev14072205n27">Tool boards:</emph>46</ptxt>
</entry>
</row>
</tbody>
</tgroup>
</table>
</toolitemtable>
<procedure id="nev13710992n1-nev13711016n44">
<stepgrp boilerplate="false" context="" id="nev13710992n1-nev14072205n85">
<title id="nev13710992n1-nev13711016n45">Removal</title>
<procstep id="nev13710992n1-nev14072119n81">
<grate id="nev13710992n1-nev13711016n48">
<graphic id="nev13710992n1-nev13711016n49">
<href>0900c8af8353944#@#@#9#.jpeg</href>
</graphic>
<graphtext id="nev13710992n1-nev14072215n1">
<para id="nev13710992n1-nev14072205n82">
<ptxt id="nev13710992n1-nev14072205n83">
<toolitem boilerplate="true" id="nev13710992n1-nev13711016n53" imageid="0900c8af80054779"/>
</ptxt>
</para>
</graphtext>
</grate>
</procstep>
<procstep id="nev13710992n1-nev14072119n78">
<grate id="nev13710992n1-nev13711016n56">
<graphic id="nev13710992n1-nev13711016n57">
<href>0900c8af83f26da#@#@#9#.jpeg</href>
</graphic>
</grate>
</procstep>
<procstep id="nev13710992n1-nev14072119n77">
<grate id="nev13710992n1-nev13711016n60">
<graphic id="nev13710992n1-nev13711016n61">
<href>0900c8af83f26dc#@#@#9#.jpeg</href>
</graphic>
<graphtext id="nev13710992n1-nev14072225n1">
<para id="nev13710992n1-nev14072205n80">
<ptxt id="nev13710992n1-nev14072205n81">
<toolitem boilerplate="true" id="nev13710992n1-nev13711016n65" imageid="0900c8af800543f9"/>
</ptxt>
</para>
</graphtext>
</grate>
</procstep>
<procstep id="nev13710992n1-nev14072119n74">
<grate id="nev13710992n1-nev13711016n68">
<graphic id="nev13710992n1-nev13711016n69">
<href>0900c8af83f73a4#@#@#9#.jpeg</href>
</graphic>
</grate>
</procstep>
<procstep id="nev13710992n1-nev14072119n73">
<grate id="nev13710992n1-nev13711016n72">
<graphic id="nev13710992n1-nev13711016n73">
<href>0900c8af83eb786#@#@#9#.jpeg</href>
</graphic>
</grate>
</procstep>
<procstep id="nev13710992n1-nev14072119n72">
<grate id="nev13710992n1-nev13711016n76">
<graphic id="nev13710992n1-nev13711016n77">
<href>0900c8af83eb786#@#@#9#.jpeg</href>
</graphic>
</grate>
</procstep>
<procstep id="nev13710992n1-nev14072119n71">
<grate id="nev13710992n1-nev13711016n80">
<graphic id="nev13710992n1-nev13711016n81">
<href>0900c8af83eb786#@#@#9#.jpeg</href>
</graphic>
</grate>
</procstep>
<procstep id="nev13710992n1-nev14072119n70">
<grate id="nev13710992n1-nev13711016n84">
<graphic id="nev13710992n1-nev13711016n85">
<href>0900c8af83eb787#@#@#9#.jpeg</href>
</graphic>
</grate>
</procstep>
<procstep id="nev13710992n1-nev14072119n69">
<grate id="nev13710992n1-nev13711016n88">
<graphic id="nev13710992n1-nev13711016n89">
<href>0900c8af83f5fa0#@#@#9#.jpeg</href>
</graphic>
<graphtext id="nev13710992n1-nev14072247n1">
<note id="nev13710992n1-nev13711019n33">
<ptxt>Note the positi#@#@#31#oval.</ptxt>
</note>
</graphtext>
</grate>
</procstep>
<procstep id="nev13710992n1-nev14072119n67">
<grate id="nev13710992n1-nev13711016n95">
<graphic id="nev13710992n1-nev13711016n96">
<href>0900c8af83f742b#@#@#9#.jpeg</href>
</graphic>
<graphtext id="nev13710992n1-nev14072251n1">
<note id="nev13710992n1-nev13711019n33">
<ptxt>Note the positi#@#@#31#oval.</ptxt>
</note>
</graphtext>
</grate>
</procstep>
<procstep id="nev13710992n1-nev14072119n65">
<grate id="nev13710992n1-nev13711019n2">
<graphic id="nev13710992n1-nev13711019n3">
<href>0900c8af83f742c#@#@#9#.jpeg</href>
</graphic>
<graphtext id="nev13710992n1-nev14072255n1">
<note id="nev13710992n1-nev13711019n33">
<ptxt>Note the positi#@#@#31#oval.</ptxt>
</note>
</graphtext>
</grate>
</procstep>
<procstep id="nev13710992n1-nev14072119n63">
<grate id="nev13710992n1-nev13711019n9">
<graphic id="nev13710992n1-nev13711019n10">
<href>0900c8af83f5f9f#@#@#9#.jpeg</href>
</graphic>
<graphtext id="nev13710992n1-nev14072259n1">
<note id="nev13710992n1-nev13711019n33">
<ptxt>Note the positi#@#@#31#oval.</ptxt>
</note>
</graphtext>
</grate>
</procstep>
<procstep id="nev13710992n1-nev14072119n61">
<grate id="nev13710992n1-nev13711019n16">
<graphic id="nev13710992n1-nev13711019n17">
<href>0900c8af83f742d#@#@#9#.jpeg</href>
</graphic>
<graphtext id="nev13710992n1-nev14072263n1">
<note id="nev13710992n1-nev13711019n33">
<ptxt>Note the positi#@#@#31#oval.</ptxt>
</note>
</graphtext>
</grate>
</procstep>
<procstep id="nev13710992n1-nev14072119n59">
<grate id="nev13710992n1-nev13711019n23">
<graphic id="nev13710992n1-nev13711019n24">
<href>0900c8af83f5f9f#@#@#9#.jpeg</href>
</graphic>
<graphtext id="nev13710992n1-nev14072267n1">
<note id="nev13710992n1-nev13711019n33">
<ptxt>Note the positi#@#@#31#oval.</ptxt>
</note>
</graphtext>
</grate>
</procstep>
<procstep id="nev13710992n1-nev14072119n57">
<grate id="nev13710992n1-nev13711019n30">
<graphic id="nev13710992n1-nev13711019n31">
<href>0900c8af83f742d#@#@#9#.jpeg</href>
</graphic>
<graphtext id="nev13710992n1-nev14072271n1">
<note id="nev13710992n1-nev13711019n33">
<ptxt>Note the positi#@#@#31#oval.</ptxt>
</note>
</graphtext>
</grate>
</procstep>
</stepgrp>
</procedure>
</servinfosub>