<?xml version="1.0" encoding="UTF-8"?><servinfosub IE-ID="en-US0900c8af82003417" docno="VCC-165813" id="KC08732907" servinfosubId="nev20682434n1-nev20682434n2" servinfosubRes="0900c8af862b8b30" servinfosubRes2="urn:x-nevis:fragment:0900c8af82003417:0900c8af862b8b30#nev20682434n2" xml:lang="en-US">
<title>Component locations</title>
<grate pgwide="1">
<graphic id="nev20682434n1-KC08805101" width="page">
<href>0900c8af8200343#@#@#9#.jpeg</href>
</graphic>
</grate>
<table frame="all" pgwide="1">
<tgroup cols="2" colsep="1" rowsep="1">
<colspec colname="colspec2" colwidth="33*"/>
<colspec colname="colspec3" colwidth="119*"/>
<tbody>
<row>
<entry align="left" valign="top">
<ptxt>
<emph>Pos.</emph>
</ptxt>
</entry>
<entry align="left" valign="top">
<ptxt>
<emph>Description</emph>
</ptxt>
</entry>
</row>
<row>
<entry align="left" valign="top">
<ptxt>1</ptxt>
</entry>
<entry align="left" valign="top">
<ptxt>Infotainment co#@#@#13#(ICM)</ptxt>
</entry>
</row>
<row>
<entry align="left" valign="top">
<ptxt>2</ptxt>
</entry>
<entry align="left" valign="top">
<ptxt>Multimedia modu#@#@#3#(MMM)</ptxt>
</entry>
</row>
<row>
<entry align="left" valign="top">
<ptxt>3</ptxt>
</entry>
<entry align="left" valign="top">
<ptxt>AM/FM tuner mod#@#@#4#(AFM)</ptxt>
</entry>
</row>
<row>
<entry colname="colspec2">
<ptxt>4</ptxt>
</entry>
<entry colname="colspec3">
<ptxt>Traffic message#@#@#8#(TMC)</ptxt>
</entry>
</row>
<row>
<entry colname="colspec2">
<ptxt>5</ptxt>
</entry>
<entry colname="colspec3">
<ptxt>Audio module (AUD)</ptxt>
</entry>
</row>
<row>
<entry colname="colspec2">
<ptxt>6</ptxt>
</entry>
<entry colname="colspec3">
<ptxt>Global position#@#@#19#GPS)
</ptxt>
</entry>
</row>
<row>
<entry colname="colspec2">
<ptxt>7</ptxt>
</entry>
<entry colname="colspec3">
<ptxt>Subwoofer modul#@#@#2#(SUB)</ptxt>
</entry>
</row>
<row>
<entry colname="colspec2">
<ptxt>8</ptxt>
</entry>
<entry colname="colspec3">
<ptxt>Phone module (PHM)</ptxt>
</entry>
</row>
<row>
<entry align="left" valign="top">
<ptxt>9</ptxt>
</entry>
<entry align="left" valign="top">
<ptxt>Integrated audi#@#@#39#MPM)
</ptxt>
</entry>
</row>
</tbody>
</tgroup>
</table>
</servinfosub>