<?xml version="1.0" encoding="UTF-8"?><servinfosub IE-ID="en-US0900c8af80511417" docno="VCC-120252" id="KC01627881" xml:lang="en-US">
<title>Replacing the c#@#@#6# pump</title>
<procedure opcode="1234" opnbr="1234">
<stepgrp>
<procstep id="KC01708696">
<title>Draining coolant</title>
<para>
<ptxt>See <xref>
<ref id="KC07475320"/>
</xref>.</ptxt>
</para>
</procstep>
<procstep id="KC01708697">
<title>Remove:</title>
<grate>
<graphic id="KC07475321" width="column">
<href>0900c8af8012370#@#@#9#.jpeg</href>
</graphic>
<graphtext>
<list1 enumtype="d" type="unordered">
<item>
<ptxt>The engine cover</ptxt>
</item>
<item>
<ptxt>The upper and l#@#@#13#overs</ptxt>
</item>
<item>
<ptxt>The idler pulley</ptxt>
</item>
<item>
<ptxt>The right front#@#@#2#heel.</ptxt>
</item>
</list1>
<para>
<ptxt>Slacken off the#@#@#18#htly.</ptxt>
<ptxt>Remove the prot#@#@#35#mber.</ptxt>
<ptxt>Turn the cranks#@#@#34#pond.</ptxt>
</para>
</graphtext>
</grate>
</procstep>
<procstep id="KC01708698">
<title>Remove:</title>
<list1 enumtype="d" type="unordered">
<item>
<ptxt>The upper timin#@#@#3#over.</ptxt>
</item>
</list1>
<para>
<ptxt>Remove the timi#@#@#42# see <xref>
<ref id="KC07475322"/>
</xref>.</ptxt>
<ptxt>Compress the te#@#@#38#tool.</ptxt>
<ptxt>Remove the tens#@#@#6#lley.</ptxt>
</para>
</procstep>
<procstep id="KC01708699">
<title>Removing the co#@#@#47#aces </title>
<grate>
<graphic id="KC07475323" width="column">
<href>0900c8af8005aa0#@#@#9#.jpeg</href>
</graphic>
<graphtext>
<ptxt>Clean the cylin#@#@#44#due. </ptxt>
</graphtext>
</grate>
</procstep>
<procstep id="KC01708700">
<title>Installing the #@#@#7# pump</title>
<grate>
<graphic id="KC07475324" width="column">
<href>0900c8af801247a#@#@#9#.jpeg</href>
</graphic>
<graphtext>
<ptxt>Use a new gasket.</ptxt>
<ptxt>Tighten the scr#@#@#2#s to <emph>20 Nm</emph>.</ptxt>
</graphtext>
</grate>
</procstep>
<procstep id="KC01708701">
<title>Install:</title>
<grate>
<graphic id="KC07475325" width="column">
<href>0900c8af801236d#@#@#9#.jpeg</href>
</graphic>
<graphtext>
<list1 enumtype="d" type="unordered">
<item>
<ptxt>The tension pulley</ptxt>
</item>
<item>
<ptxt>The timing belt#@#@#1# see <xref>
<ref id="KC07475326"/>
</xref>
</ptxt>
</item>
<item>
<ptxt>The upper timin#@#@#3#over.</ptxt>
</item>
</list1>
<para>
<ptxt>Remove the lock#@#@#32#unit.</ptxt>
<ptxt>Turn the cranks#@#@#53#ond. </ptxt>
</para>
</graphtext>
</grate>
</procstep>
<procstep id="KC01708702">
<title>Install:</title>
<grate>
<graphic id="KC07475327" width="column">
<href>0900c8af801236c#@#@#9#.jpeg</href>
</graphic>
<graphtext>
<list1 enumtype="d" type="unordered">
<item>
<ptxt>The upper and l#@#@#13#overs</ptxt>
</item>
<item>
<ptxt>The right front#@#@#7# see <xref>
<ref id="KC07475328"/>
</xref>
</ptxt>
</item>
<item>
<ptxt>The protective #@#@#26#ember</ptxt>
</item>
<item>
<ptxt>The engine cove#@#@#34#ngine</ptxt>
</item>
<item>
<ptxt>The cover for t#@#@#10#mber.</ptxt>
</item>
</list1>
<para>
<ptxt>Fill with coola#@#@#3# see <xref>
<ref id="KC07475329"/>
</xref>. </ptxt>
</para>
</graphtext>
</grate>
</procstep>
</stepgrp>
</procedure>
</servinfosub>