<?xml version="1.0" encoding="UTF-8"?><servinfosub IE-ID="en-US0900c8af83b91417" docno="VCC-274167" id="nev11104697n1" servinfosubId="nev20683782n1-nev20683782n2" servinfosubRes="0900c8af862b9719" servinfosubRes2="urn:x-nevis:fragment:0900c8af83b91417:0900c8af862b9719#nev20683782n2" xml:lang="en-US">
<title id="nev11104697n2">E-Service B</title>
<table colsep="1" frame="all" id="nev20683782n1-nev11104697n3" pgwide="1" rowsep="1">
<tgroup cols="15" colsep="1" id="nev20683782n1-nev11104697n4" rowsep="1">
<colspec colname="COLSPEC1" colwidth="6.60*" id="nev20683782n1-nev11104697n5"/>
<colspec colname="colspec0" colwidth="24.50*" id="nev20683782n1-nev11104697n6"/>
<colspec colname="col2" colwidth="19.00*" id="nev20683782n1-nev11104697n7"/>
<colspec colname="col3" colwidth="4.50*" id="nev20683782n1-nev11104697n8"/>
<colspec colname="col4" colwidth="4.50*" id="nev20683782n1-nev11104697n9"/>
<colspec colname="col5" colwidth="4.50*" id="nev20683782n1-nev11104697n10"/>
<colspec colname="col6" colwidth="4.50*" id="nev20683782n1-nev11104698n1"/>
<colspec colname="col7" colwidth="4.50*" id="nev20683782n1-nev11104698n2"/>
<colspec colname="col8" colwidth="4.50*" id="nev20683782n1-nev11104698n3"/>
<colspec colname="col9" colwidth="4.50*" id="nev20683782n1-nev11104698n4"/>
<colspec colname="col11" colwidth="4.50*" id="nev20683782n1-nev11104698n5"/>
<colspec colname="col12" colwidth="4.50*" id="nev20683782n1-nev11104698n6"/>
<colspec colname="COLSPEC9" colwidth="4.50*" id="nev20683782n1-nev11104698n7"/>
<colspec colname="COLSPEC8" colwidth="4.50*" id="nev20683782n1-nev11104698n8"/>
<colspec colname="COLSPEC7" colwidth="4.50*" id="nev20683782n1-nev11104698n9"/>
<tbody id="nev20683782n1-nev11104698n10">
<row id="nev20683782n1-nev11104699n1">
<entry id="nev20683782n1-nev11104699n2" morerows="1" rowsep="1">
<ptxt id="nev20683782n1-nev11104699n3">
<emph id="nev20683782n1-nev11104699n4">Op.No.</emph>
</ptxt>
</entry>
<entry align="left" id="nev20683782n1-nev11104699n5" rowsep="0" valign="top">
<ptxt id="nev20683782n1-nev11104699n6">
<emph id="nev20683782n1-nev11104699n7">Program point:</emph>
</ptxt>
</entry>
<entry align="right" id="nev20683782n1-nev11104699n8" rowsep="0" valign="middle">
<ptxt id="nev20683782n1-nev11104699n9">
<emph id="nev20683782n1-nev11104699n10">km x 1000:</emph>
</ptxt>
</entry>
<entry align="center" id="nev20683782n1-nev11104700n1" valign="middle">
<ptxt id="nev20683782n1-nev11104700n2">
<emph id="nev20683782n1-nev11104700n3">130</emph>
</ptxt>
</entry>
<entry align="center" id="nev20683782n1-nev11104700n4" valign="middle">
<ptxt id="nev20683782n1-nev11104700n5">
<emph id="nev20683782n1-nev11104700n6">140</emph>
</ptxt>
</entry>
<entry align="center" id="nev20683782n1-nev11104700n7" valign="middle">
<ptxt id="nev20683782n1-nev11104700n8">
<emph id="nev20683782n1-nev11104700n9">150</emph>
</ptxt>
</entry>
<entry align="center" id="nev20683782n1-nev11104700n10" valign="middle">
<ptxt id="nev20683782n1-nev11104701n1">
<emph id="nev20683782n1-nev11104701n2">160</emph>
</ptxt>
</entry>
<entry align="center" id="nev20683782n1-nev11104701n3" valign="middle">
<ptxt id="nev20683782n1-nev11104701n4">
<emph id="nev20683782n1-nev11104701n5">170</emph>
</ptxt>
</entry>
<entry align="center" id="nev20683782n1-nev11104701n6" valign="middle">
<ptxt id="nev20683782n1-nev11104701n7">
<emph id="nev20683782n1-nev11104701n8">180</emph>
</ptxt>
</entry>
<entry align="center" id="nev20683782n1-nev11104701n9" valign="middle">
<ptxt id="nev20683782n1-nev11104701n10">
<emph id="nev20683782n1-nev11104702n1">190</emph>
</ptxt>
</entry>
<entry align="center" id="nev20683782n1-nev11104702n2" valign="middle">
<ptxt id="nev20683782n1-nev11104702n3">
<emph id="nev20683782n1-nev11104702n4">200</emph>
</ptxt>
</entry>
<entry align="center" id="nev20683782n1-nev11104702n5" valign="middle">
<ptxt id="nev20683782n1-nev11104702n6">
<emph id="nev20683782n1-nev11104702n7">210</emph>
</ptxt>
</entry>
<entry align="center" id="nev20683782n1-nev11104702n8" valign="middle">
<ptxt id="nev20683782n1-nev11104702n9">
<emph id="nev20683782n1-nev11104702n10">220</emph>
</ptxt>
</entry>
<entry align="center" id="nev20683782n1-nev11104703n1" valign="middle">
<ptxt id="nev20683782n1-nev11104703n2">
<emph id="nev20683782n1-nev11104703n3">230</emph>
</ptxt>
</entry>
<entry align="center" id="nev20683782n1-nev11104703n4" valign="middle">
<ptxt id="nev20683782n1-nev11104703n5">
<emph id="nev20683782n1-nev11104703n6">240</emph>
</ptxt>
</entry>
</row>
<row id="nev20683782n1-nev11104703n7">
<entry align="left" id="nev20683782n1-nev11104703n8" valign="top">
<ptxt id="nev20683782n1-nev11104703n9">700</ptxt>
<ptxt id="nev20683782n1-nev11104703n10">Gasoline engines</ptxt>
</entry>
<entry align="right" id="nev20683782n1-nev11104704n1" valign="middle">
<ptxt id="nev20683782n1-nev11104704n2">
<emph id="nev20683782n1-nev11104704n3">miles x 1000:</emph>
</ptxt>
</entry>
<entry align="center" id="nev20683782n1-nev11104704n4" valign="middle">
<ptxt id="nev20683782n1-nev11104704n5">
<emph id="nev20683782n1-nev11104704n6">78</emph>
</ptxt>
</entry>
<entry align="center" id="nev20683782n1-nev11104704n7" valign="middle">
<ptxt id="nev20683782n1-nev11104704n8">
<emph id="nev20683782n1-nev11104704n9">84</emph>
</ptxt>
</entry>
<entry align="center" id="nev20683782n1-nev11104704n10" valign="middle">
<ptxt id="nev20683782n1-nev11104705n1">
<emph id="nev20683782n1-nev11104705n2">90</emph>
</ptxt>
</entry>
<entry align="center" id="nev20683782n1-nev11104705n3" valign="middle">
<ptxt id="nev20683782n1-nev11104705n4">
<emph id="nev20683782n1-nev11104705n5">96</emph>
</ptxt>
</entry>
<entry align="center" id="nev20683782n1-nev11104705n6" valign="middle">
<ptxt id="nev20683782n1-nev11104705n7">
<emph id="nev20683782n1-nev11104705n8">102</emph>
</ptxt>
</entry>
<entry align="center" id="nev20683782n1-nev11104705n9" valign="middle">
<ptxt id="nev20683782n1-nev11104705n10">
<emph id="nev20683782n1-nev11104706n1">108</emph>
</ptxt>
</entry>
<entry align="center" id="nev20683782n1-nev11104706n2" valign="middle">
<ptxt id="nev20683782n1-nev11104706n3">
<emph id="nev20683782n1-nev11104706n4">114</emph>
</ptxt>
</entry>
<entry align="center" id="nev20683782n1-nev11104706n5" valign="middle">
<ptxt id="nev20683782n1-nev11104706n6">
<emph id="nev20683782n1-nev11104706n7">120</emph>
</ptxt>
</entry>
<entry align="center" id="nev20683782n1-nev11104706n8" valign="middle">
<ptxt id="nev20683782n1-nev11104706n9">
<emph id="nev20683782n1-nev11104706n10">126</emph>
</ptxt>
</entry>
<entry align="center" id="nev20683782n1-nev11104707n1" valign="middle">
<ptxt id="nev20683782n1-nev11104707n2">
<emph id="nev20683782n1-nev11104707n3">132</emph>
</ptxt>
</entry>
<entry align="center" id="nev20683782n1-nev11104707n4" valign="middle">
<ptxt id="nev20683782n1-nev11104707n5">
<emph id="nev20683782n1-nev11104707n6">138</emph>
</ptxt>
</entry>
<entry align="center" id="nev20683782n1-nev11104707n7" valign="middle">
<ptxt id="nev20683782n1-nev11104707n8">
<emph id="nev20683782n1-nev11104707n9">144</emph>
</ptxt>
</entry>
</row>
<row id="nev20683782n1-nev11104707n10">
<entry id="nev20683782n1-nev11104708n1" rowsep="0" valign="middle">
<ptxt id="nev20683782n1-nev11104708n2">
<emph id="nev20683782n1-nev11104708n3">17001</emph>
</ptxt>
</entry>
<entry align="left" id="nev20683782n1-nev11104708n4" valign="middle">
<ptxt id="nev20683782n1-nev11104708n5">
<emph id="nev20683782n1-nev11104708n6">E-Service</emph>
</ptxt>
</entry>
<entry align="left" id="nev20683782n1-nev11104708n7" valign="middle"/>
<entry align="center" id="nev20683782n1-nev11104708n8" valign="middle"/>
<entry align="center" id="nev20683782n1-nev11104708n9" valign="middle"/>
<entry align="center" id="nev20683782n1-nev11104708n10" valign="middle"/>
<entry align="center" id="nev20683782n1-nev11104709n1" valign="middle"/>
<entry align="center" id="nev20683782n1-nev11104709n2" valign="middle"/>
<entry align="center" id="nev20683782n1-nev11104709n3" valign="middle"/>
<entry align="center" id="nev20683782n1-nev11104709n4" valign="middle"/>
<entry align="center" id="nev20683782n1-nev11104709n5" valign="middle"/>
<entry align="center" id="nev20683782n1-nev11104709n6" valign="middle"/>
<entry align="center" id="nev20683782n1-nev11104709n7" valign="middle"/>
<entry align="center" id="nev20683782n1-nev11104709n8" valign="middle"/>
<entry align="center" id="nev20683782n1-nev11104709n9" valign="middle"/>
</row>
<row id="nev20683782n1-nev11115501n250">
<entry id="nev20683782n1-nev11115501n249" rowsep="0" valign="middle"/>
<entry id="nev20683782n1-nev11115501n247" valign="middle">
<ptxt id="nev20683782n1-nev11115501n246">
<emph id="nev20683782n1-nev11115501n219">Engine</emph>
</ptxt>
<ptxt id="nev20683782n1-nev11115501n244">-check for leaks</ptxt>
</entry>
<entry id="nev20683782n1-nev11115501n245" valign="middle"/>
<entry align="center" id="nev20683782n1-nev11115501n243" valign="middle">
<ptxt id="nev20683782n1-nev11115501n242">X</ptxt>
</entry>
<entry align="center" id="nev20683782n1-nev11115501n241" valign="middle">
<ptxt id="nev20683782n1-nev11115501n240">X</ptxt>
</entry>
<entry align="center" id="nev20683782n1-nev11115501n239" valign="middle">
<ptxt id="nev20683782n1-nev11115501n238">X</ptxt>
</entry>
<entry align="center" id="nev20683782n1-nev11115501n237" valign="middle">
<ptxt id="nev20683782n1-nev11115501n236">X</ptxt>
</entry>
<entry align="center" id="nev20683782n1-nev11115501n235" valign="middle">
<ptxt id="nev20683782n1-nev11115501n234">X</ptxt>
</entry>
<entry align="center" id="nev20683782n1-nev11115501n233" valign="middle">
<ptxt id="nev20683782n1-nev11115501n232">X</ptxt>
</entry>
<entry align="center" id="nev20683782n1-nev11115501n231" valign="middle">
<ptxt id="nev20683782n1-nev11115501n230">X</ptxt>
</entry>
<entry align="center" id="nev20683782n1-nev11115501n229" valign="middle">
<ptxt id="nev20683782n1-nev11115501n228">X</ptxt>
</entry>
<entry align="center" id="nev20683782n1-nev11115501n227" valign="middle">
<ptxt id="nev20683782n1-nev11115501n226">X</ptxt>
</entry>
<entry align="center" id="nev20683782n1-nev11115501n225" valign="middle">
<ptxt id="nev20683782n1-nev11115501n224">X</ptxt>
</entry>
<entry align="center" id="nev20683782n1-nev11115501n223" valign="middle">
<ptxt id="nev20683782n1-nev11115501n222">X</ptxt>
</entry>
<entry align="center" id="nev20683782n1-nev11115501n221" valign="middle">
<ptxt id="nev20683782n1-nev11115501n220">X</ptxt>
</entry>
</row>
<row id="nev20683782n1-nev11104709n10">
<entry id="nev20683782n1-nev11104710n1" rowsep="0" valign="middle"/>
<entry id="nev20683782n1-nev11104710n2" valign="middle">
<ptxt id="nev20683782n1-nev11104710n3">
<emph id="nev20683782n1-nev11104710n4">Engine</emph>
</ptxt>
<ptxt id="nev20683782n1-nev11104710n5">-drain the oil #@#@#21#ilter</ptxt>
</entry>
<entry id="nev20683782n1-nev11104710n6" valign="middle"/>
<entry align="center" id="nev20683782n1-nev11104710n7" valign="middle">
<ptxt id="nev20683782n1-nev11104710n8">X</ptxt>
</entry>
<entry align="center" id="nev20683782n1-nev11104710n9" valign="middle">
<ptxt id="nev20683782n1-nev11104710n10">X</ptxt>
</entry>
<entry align="center" id="nev20683782n1-nev11104711n1" valign="middle">
<ptxt id="nev20683782n1-nev11104711n2">X</ptxt>
</entry>
<entry align="center" id="nev20683782n1-nev11104711n3" valign="middle">
<ptxt id="nev20683782n1-nev11104711n4">X</ptxt>
</entry>
<entry align="center" id="nev20683782n1-nev11104711n5" valign="middle">
<ptxt id="nev20683782n1-nev11104711n6">X</ptxt>
</entry>
<entry align="center" id="nev20683782n1-nev11104711n7" valign="middle">
<ptxt id="nev20683782n1-nev11104711n8">X</ptxt>
</entry>
<entry align="center" id="nev20683782n1-nev11104711n9" valign="middle">
<ptxt id="nev20683782n1-nev11104711n10">X</ptxt>
</entry>
<entry align="center" id="nev20683782n1-nev11104712n1" valign="middle">
<ptxt id="nev20683782n1-nev11104712n2">X</ptxt>
</entry>
<entry align="center" id="nev20683782n1-nev11104712n3" valign="middle">
<ptxt id="nev20683782n1-nev11104712n4">X</ptxt>
</entry>
<entry align="center" id="nev20683782n1-nev11104712n5" valign="middle">
<ptxt id="nev20683782n1-nev11104712n6">X</ptxt>
</entry>
<entry align="center" id="nev20683782n1-nev11104712n7" valign="middle">
<ptxt id="nev20683782n1-nev11104712n8">X</ptxt>
</entry>
<entry align="center" id="nev20683782n1-nev11104712n9" valign="middle">
<ptxt id="nev20683782n1-nev11104712n10">X</ptxt>
</entry>
</row>
<row id="nev20683782n1-nev11104713n1">
<entry id="nev20683782n1-nev11104713n2" rowsep="0" valign="middle"/>
<entry id="nev20683782n1-nev11104713n3" valign="middle">
<ptxt id="nev20683782n1-nev11104713n4">
<emph id="nev20683782n1-nev11104713n5">transmission</emph>
</ptxt>
<ptxt id="nev20683782n1-nev11104713n6">-check for leaks</ptxt>
</entry>
<entry id="nev20683782n1-nev11104713n7" valign="middle">
<ptxt id="nev20683782n1-nev11104713n8">In event of lea#@#@#43#evel.</ptxt>
</entry>
<entry align="center" id="nev20683782n1-nev11104713n9" valign="middle">
<ptxt id="nev20683782n1-nev11104713n10">X</ptxt>
</entry>
<entry align="center" id="nev20683782n1-nev11104714n1" valign="middle">
<ptxt id="nev20683782n1-nev11104714n2">X</ptxt>
</entry>
<entry align="center" id="nev20683782n1-nev11104714n3" valign="middle">
<ptxt id="nev20683782n1-nev11104714n4">X</ptxt>
</entry>
<entry align="center" id="nev20683782n1-nev11104714n5" valign="middle">
<ptxt id="nev20683782n1-nev11104714n6">X</ptxt>
</entry>
<entry align="center" id="nev20683782n1-nev11104714n7" valign="middle">
<ptxt id="nev20683782n1-nev11104714n8">X</ptxt>
</entry>
<entry align="center" id="nev20683782n1-nev11104714n9" valign="middle">
<ptxt id="nev20683782n1-nev11104714n10">X</ptxt>
</entry>
<entry align="center" id="nev20683782n1-nev11104715n1" valign="middle">
<ptxt id="nev20683782n1-nev11104715n2">X</ptxt>
</entry>
<entry align="center" id="nev20683782n1-nev11104715n3" valign="middle">
<ptxt id="nev20683782n1-nev11104715n4">X</ptxt>
</entry>
<entry align="center" id="nev20683782n1-nev11104715n5" valign="middle">
<ptxt id="nev20683782n1-nev11104715n6">X</ptxt>
</entry>
<entry align="center" id="nev20683782n1-nev11104715n7" valign="middle">
<ptxt id="nev20683782n1-nev11104715n8">X</ptxt>
</entry>
<entry align="center" id="nev20683782n1-nev11104715n9" valign="middle">
<ptxt id="nev20683782n1-nev11104715n10">X</ptxt>
</entry>
<entry align="center" id="nev20683782n1-nev11104716n1" valign="middle">
<ptxt id="nev20683782n1-nev11104716n2">X</ptxt>
</entry>
</row>
<row id="nev20683782n1-nev11104716n3">
<entry id="nev20683782n1-nev11104716n4" rowsep="0" valign="middle"/>
<entry id="nev20683782n1-nev11104716n5" valign="middle">
<ptxt id="nev20683782n1-nev11104716n6">
<emph id="nev20683782n1-nev11104716n7">Front wheel sus#@#@#19#ystem</emph>
</ptxt>
<ptxt id="nev20683782n1-nev11104716n8">-check for sign#@#@#4# wear</ptxt>
</entry>
<entry id="nev20683782n1-nev11104716n9" valign="middle"/>
<entry align="center" id="nev20683782n1-nev11104716n10" valign="middle">
<ptxt id="nev20683782n1-nev11104717n1">X</ptxt>
</entry>
<entry align="center" id="nev20683782n1-nev11104717n2" valign="middle">
<ptxt id="nev20683782n1-nev11104717n3">X</ptxt>
</entry>
<entry align="center" id="nev20683782n1-nev11104717n4" valign="middle">
<ptxt id="nev20683782n1-nev11104717n5">X</ptxt>
</entry>
<entry align="center" id="nev20683782n1-nev11104717n6" valign="middle">
<ptxt id="nev20683782n1-nev11104717n7">X</ptxt>
</entry>
<entry align="center" id="nev20683782n1-nev11104717n8" valign="middle">
<ptxt id="nev20683782n1-nev11104717n9">X</ptxt>
</entry>
<entry align="center" id="nev20683782n1-nev11104717n10" valign="middle">
<ptxt id="nev20683782n1-nev11104718n1">X</ptxt>
</entry>
<entry align="center" id="nev20683782n1-nev11104718n2" valign="middle">
<ptxt id="nev20683782n1-nev11104718n3">X</ptxt>
</entry>
<entry align="center" id="nev20683782n1-nev11104718n4" valign="middle">
<ptxt id="nev20683782n1-nev11104718n5">X</ptxt>
</entry>
<entry align="center" id="nev20683782n1-nev11104718n6" valign="middle">
<ptxt id="nev20683782n1-nev11104718n7">X</ptxt>
</entry>
<entry align="center" id="nev20683782n1-nev11104718n8" valign="middle">
<ptxt id="nev20683782n1-nev11104718n9">X</ptxt>
</entry>
<entry align="center" id="nev20683782n1-nev11104718n10" valign="middle">
<ptxt id="nev20683782n1-nev11104719n1">X</ptxt>
</entry>
<entry align="center" id="nev20683782n1-nev11104719n2" valign="middle">
<ptxt id="nev20683782n1-nev11104719n3">X</ptxt>
</entry>
</row>
<row id="nev20683782n1-nev11104719n4">
<entry id="nev20683782n1-nev11104719n5" rowsep="0" valign="middle"/>
<entry id="nev20683782n1-nev11104719n6" valign="middle">
<ptxt id="nev20683782n1-nev11104719n7">
<emph id="nev20683782n1-nev11104719n8">Drive shafts</emph>
</ptxt>
<ptxt id="nev20683782n1-nev11104719n9">-check the play</ptxt>
<ptxt id="nev20683782n1-nev11104719n10">-check rubber boots</ptxt>
</entry>
<entry id="nev20683782n1-nev11104720n1" valign="middle"/>
<entry align="center" id="nev20683782n1-nev11104720n2" valign="middle">
<ptxt id="nev20683782n1-nev11104720n3">X</ptxt>
</entry>
<entry align="center" id="nev20683782n1-nev11104720n4" valign="middle">
<ptxt id="nev20683782n1-nev11104720n5">X</ptxt>
</entry>
<entry align="center" id="nev20683782n1-nev11104720n6" valign="middle">
<ptxt id="nev20683782n1-nev11104720n7">X</ptxt>
</entry>
<entry align="center" id="nev20683782n1-nev11104720n8" valign="middle">
<ptxt id="nev20683782n1-nev11104720n9">X</ptxt>
</entry>
<entry align="center" id="nev20683782n1-nev11104720n10" valign="middle">
<ptxt id="nev20683782n1-nev11104721n1">X</ptxt>
</entry>
<entry align="center" id="nev20683782n1-nev11104721n2" valign="middle">
<ptxt id="nev20683782n1-nev11104721n3">X</ptxt>
</entry>
<entry align="center" id="nev20683782n1-nev11104721n4" valign="middle">
<ptxt id="nev20683782n1-nev11104721n5">X</ptxt>
</entry>
<entry align="center" id="nev20683782n1-nev11104721n6" valign="middle">
<ptxt id="nev20683782n1-nev11104721n7">X</ptxt>
</entry>
<entry align="center" id="nev20683782n1-nev11104721n8" valign="middle">
<ptxt id="nev20683782n1-nev11104721n9">X</ptxt>
</entry>
<entry align="center" id="nev20683782n1-nev11104721n10" valign="middle">
<ptxt id="nev20683782n1-nev11104722n1">X</ptxt>
</entry>
<entry align="center" id="nev20683782n1-nev11104722n2" valign="middle">
<ptxt id="nev20683782n1-nev11104722n3">X</ptxt>
</entry>
<entry align="center" id="nev20683782n1-nev11104722n4" valign="middle">
<ptxt id="nev20683782n1-nev11104722n5">X</ptxt>
</entry>
</row>
<row id="nev20683782n1-nev11104725n7">
<entry id="nev20683782n1-nev11104725n8" rowsep="0" valign="middle"/>
<entry id="nev20683782n1-nev11104725n9" valign="middle">
<ptxt id="nev20683782n1-nev11104725n10">
<emph id="nev20683782n1-nev11104726n1">Brake lines, </emph>
</ptxt>
<ptxt id="nev20683782n1-nev11104726n2">
<emph id="nev20683782n1-nev11104726n3">fuel lines</emph>
</ptxt>
<ptxt id="nev20683782n1-nev11104726n4">
<emph id="nev20683782n1-nev11104726n5">Fuel filter</emph>
</ptxt>
<ptxt id="nev20683782n1-nev11104726n6">-check for leak#@#@#9#amage</ptxt>
</entry>
<entry id="nev20683782n1-nev11104726n7" valign="middle"/>
<entry align="center" id="nev20683782n1-nev11104726n8" valign="middle">
<ptxt id="nev20683782n1-nev11104726n9">X</ptxt>
</entry>
<entry align="center" id="nev20683782n1-nev11104726n10" valign="middle">
<ptxt id="nev20683782n1-nev11104727n1">X</ptxt>
</entry>
<entry align="center" id="nev20683782n1-nev11104727n2" valign="middle">
<ptxt id="nev20683782n1-nev11104727n3">X</ptxt>
</entry>
<entry align="center" id="nev20683782n1-nev11104727n4" valign="middle">
<ptxt id="nev20683782n1-nev11104727n5">X</ptxt>
</entry>
<entry align="center" id="nev20683782n1-nev11104727n6" valign="middle">
<ptxt id="nev20683782n1-nev11104727n7">X</ptxt>
</entry>
<entry align="center" id="nev20683782n1-nev11104727n8" valign="middle">
<ptxt id="nev20683782n1-nev11104727n9">X</ptxt>
</entry>
<entry align="center" id="nev20683782n1-nev11104727n10" valign="middle">
<ptxt id="nev20683782n1-nev11104728n1">X</ptxt>
</entry>
<entry align="center" id="nev20683782n1-nev11104728n2" valign="middle">
<ptxt id="nev20683782n1-nev11104728n3">X</ptxt>
</entry>
<entry align="center" id="nev20683782n1-nev11104728n4" valign="middle">
<ptxt id="nev20683782n1-nev11104728n5">X</ptxt>
</entry>
<entry align="center" id="nev20683782n1-nev11104728n6" valign="middle">
<ptxt id="nev20683782n1-nev11104728n7">X</ptxt>
</entry>
<entry align="center" id="nev20683782n1-nev11104728n8" valign="middle">
<ptxt id="nev20683782n1-nev11104728n9">X</ptxt>
</entry>
<entry align="center" id="nev20683782n1-nev11104728n10" valign="middle">
<ptxt id="nev20683782n1-nev11104729n1">X</ptxt>
</entry>
</row>
<row id="nev20683782n1-nev11104729n2">
<entry id="nev20683782n1-nev11104729n3" rowsep="0" valign="middle"/>
<entry id="nev20683782n1-nev11104729n4" valign="middle">
<ptxt id="nev20683782n1-nev11104729n5">
<emph id="nev20683782n1-nev11104729n6">Brake pads, </emph>
</ptxt>
<ptxt id="nev20683782n1-nev11104729n7">
<emph id="nev20683782n1-nev11104729n8">brake discs</emph>
</ptxt>
<ptxt id="nev20683782n1-nev11104729n9">-check</ptxt>
</entry>
<entry id="nev20683782n1-nev11104729n10" valign="middle">
<ptxt id="nev20683782n1-nev11104730n1">Minimum brake p#@#@#9#ess: </ptxt>
<ptxt id="nev20683782n1-nev11104730n2">Front<dotfill/>3mm/0.12"</ptxt>
<ptxt id="nev20683782n1-nev11104730n3">Rear<dotfill/>2mm/0.08"</ptxt>
</entry>
<entry align="center" id="nev20683782n1-nev11104730n4" valign="middle">
<ptxt id="nev20683782n1-nev11104730n5">X</ptxt>
</entry>
<entry align="center" id="nev20683782n1-nev11104730n6" valign="middle">
<ptxt id="nev20683782n1-nev11104730n7">X</ptxt>
</entry>
<entry align="center" id="nev20683782n1-nev11104730n8" valign="middle">
<ptxt id="nev20683782n1-nev11104730n9">X</ptxt>
</entry>
<entry align="center" id="nev20683782n1-nev11104730n10" valign="middle">
<ptxt id="nev20683782n1-nev11104731n1">X</ptxt>
</entry>
<entry align="center" id="nev20683782n1-nev11104731n2" valign="middle">
<ptxt id="nev20683782n1-nev11104731n3">X</ptxt>
</entry>
<entry align="center" id="nev20683782n1-nev11104731n4" valign="middle">
<ptxt id="nev20683782n1-nev11104731n5">X</ptxt>
</entry>
<entry align="center" id="nev20683782n1-nev11104731n6" valign="middle">
<ptxt id="nev20683782n1-nev11104731n7">X</ptxt>
</entry>
<entry align="center" id="nev20683782n1-nev11104731n8" valign="middle">
<ptxt id="nev20683782n1-nev11104731n9">X</ptxt>
</entry>
<entry align="center" id="nev20683782n1-nev11104731n10" valign="middle">
<ptxt id="nev20683782n1-nev11104732n1">X</ptxt>
</entry>
<entry align="center" id="nev20683782n1-nev11104732n2" valign="middle">
<ptxt id="nev20683782n1-nev11104732n3">X</ptxt>
</entry>
<entry align="center" id="nev20683782n1-nev11104732n4" valign="middle">
<ptxt id="nev20683782n1-nev11104732n5">X</ptxt>
</entry>
<entry align="center" id="nev20683782n1-nev11104732n6" valign="middle">
<ptxt id="nev20683782n1-nev11104732n7">X</ptxt>
</entry>
</row>
<row id="nev20683782n1-nev11104732n8">
<entry id="nev20683782n1-nev11104732n9" rowsep="0" valign="middle"/>
<entry id="nev20683782n1-nev11104732n10" valign="middle">
<ptxt id="nev20683782n1-nev11104733n1">
<emph id="nev20683782n1-nev11104733n2">Parking brake</emph>
</ptxt>
<ptxt id="nev20683782n1-nev11104733n3">-check and adjust</ptxt>
</entry>
<entry id="nev20683782n1-nev11104733n4" valign="middle"/>
<entry align="center" id="nev20683782n1-nev11104733n5" valign="middle">
<ptxt id="nev20683782n1-nev11104733n6">X</ptxt>
</entry>
<entry align="center" id="nev20683782n1-nev11104733n7" valign="middle">
<ptxt id="nev20683782n1-nev11104733n8">X</ptxt>
</entry>
<entry align="center" id="nev20683782n1-nev11104733n9" valign="middle">
<ptxt id="nev20683782n1-nev11104733n10">X</ptxt>
</entry>
<entry align="center" id="nev20683782n1-nev11104734n1" valign="middle">
<ptxt id="nev20683782n1-nev11104734n2">X</ptxt>
</entry>
<entry align="center" id="nev20683782n1-nev11104734n3" valign="middle">
<ptxt id="nev20683782n1-nev11104734n4">X</ptxt>
</entry>
<entry align="center" id="nev20683782n1-nev11104734n5" valign="middle">
<ptxt id="nev20683782n1-nev11104734n6">X</ptxt>
</entry>
<entry align="center" id="nev20683782n1-nev11104734n7" valign="middle">
<ptxt id="nev20683782n1-nev11104734n8">X</ptxt>
</entry>
<entry align="center" id="nev20683782n1-nev11104734n9" valign="middle">
<ptxt id="nev20683782n1-nev11104734n10">X</ptxt>
</entry>
<entry align="center" id="nev20683782n1-nev11104735n1" valign="middle">
<ptxt id="nev20683782n1-nev11104735n2">X</ptxt>
</entry>
<entry align="center" id="nev20683782n1-nev11104735n3" valign="middle">
<ptxt id="nev20683782n1-nev11104735n4">X</ptxt>
</entry>
<entry align="center" id="nev20683782n1-nev11104735n5" valign="middle">
<ptxt id="nev20683782n1-nev11104735n6">X</ptxt>
</entry>
<entry align="center" id="nev20683782n1-nev11104735n7" valign="middle">
<ptxt id="nev20683782n1-nev11104735n8">X</ptxt>
</entry>
</row>
<row id="nev20683782n1-nev11104738n10">
<entry id="nev20683782n1-nev11104739n1" rowsep="0" valign="middle"/>
<entry id="nev20683782n1-nev11104739n2" valign="middle">
<ptxt id="nev20683782n1-nev11104739n3">
<emph id="nev20683782n1-nev11104739n4">SRI</emph>
</ptxt>
<ptxt id="nev20683782n1-nev11104739n5">-reset</ptxt>
<ptxt id="nev20683782n1-nev11104739n6">service indicator</ptxt>
</entry>
<entry id="nev20683782n1-nev11104739n7" valign="middle"/>
<entry align="center" id="nev20683782n1-nev11104739n8" valign="middle">
<ptxt id="nev20683782n1-nev11104739n9">X</ptxt>
</entry>
<entry align="center" id="nev20683782n1-nev11104739n10" valign="middle">
<ptxt id="nev20683782n1-nev11104740n1">X</ptxt>
</entry>
<entry align="center" id="nev20683782n1-nev11104740n2" valign="middle">
<ptxt id="nev20683782n1-nev11104740n3">X</ptxt>
</entry>
<entry align="center" id="nev20683782n1-nev11104740n4" valign="middle">
<ptxt id="nev20683782n1-nev11104740n5">X</ptxt>
</entry>
<entry align="center" id="nev20683782n1-nev11104740n6" valign="middle">
<ptxt id="nev20683782n1-nev11104740n7">X</ptxt>
</entry>
<entry align="center" id="nev20683782n1-nev11104740n8" valign="middle">
<ptxt id="nev20683782n1-nev11104740n9">X</ptxt>
</entry>
<entry align="center" id="nev20683782n1-nev11104740n10" valign="middle">
<ptxt id="nev20683782n1-nev11104741n1">X</ptxt>
</entry>
<entry align="center" id="nev20683782n1-nev11104741n2" valign="middle">
<ptxt id="nev20683782n1-nev11104741n3">X</ptxt>
</entry>
<entry align="center" id="nev20683782n1-nev11104741n4" valign="middle">
<ptxt id="nev20683782n1-nev11104741n5">X</ptxt>
</entry>
<entry align="center" id="nev20683782n1-nev11104741n6" valign="middle">
<ptxt id="nev20683782n1-nev11104741n7">X</ptxt>
</entry>
<entry align="center" id="nev20683782n1-nev11104741n8" valign="middle">
<ptxt id="nev20683782n1-nev11104741n9">X</ptxt>
</entry>
<entry align="center" id="nev20683782n1-nev11104741n10" valign="middle">
<ptxt id="nev20683782n1-nev11104742n1">X</ptxt>
</entry>
</row>
<row id="nev20683782n1-nev11104742n2">
<entry id="nev20683782n1-nev11104742n3" rowsep="0" valign="middle"/>
<entry id="nev20683782n1-nev11104742n4" valign="middle">
<ptxt id="nev20683782n1-nev11104742n5">
<emph id="nev20683782n1-nev11104742n6">tow bar </emph>
</ptxt>
<ptxt id="nev20683782n1-nev11104742n7">-lubricate</ptxt>
</entry>
<entry id="nev20683782n1-nev11104742n8" valign="middle"/>
<entry align="center" id="nev20683782n1-nev11104742n9" valign="middle">
<ptxt id="nev20683782n1-nev11104742n10">X</ptxt>
</entry>
<entry align="center" id="nev20683782n1-nev11104743n1" valign="middle">
<ptxt id="nev20683782n1-nev11104743n2">X</ptxt>
</entry>
<entry align="center" id="nev20683782n1-nev11104743n3" valign="middle">
<ptxt id="nev20683782n1-nev11104743n4">X</ptxt>
</entry>
<entry align="center" id="nev20683782n1-nev11104743n5" valign="middle">
<ptxt id="nev20683782n1-nev11104743n6">X</ptxt>
</entry>
<entry align="center" id="nev20683782n1-nev11104743n7" valign="middle">
<ptxt id="nev20683782n1-nev11104743n8">X</ptxt>
</entry>
<entry align="center" id="nev20683782n1-nev11104743n9" valign="middle">
<ptxt id="nev20683782n1-nev11104743n10">X</ptxt>
</entry>
<entry align="center" id="nev20683782n1-nev11104744n1" valign="middle">
<ptxt id="nev20683782n1-nev11104744n2">X</ptxt>
</entry>
<entry align="center" id="nev20683782n1-nev11104744n3" valign="middle">
<ptxt id="nev20683782n1-nev11104744n4">X</ptxt>
</entry>
<entry align="center" id="nev20683782n1-nev11104744n5" valign="middle">
<ptxt id="nev20683782n1-nev11104744n6">X</ptxt>
</entry>
<entry align="center" id="nev20683782n1-nev11104744n7" valign="middle">
<ptxt id="nev20683782n1-nev11104744n8">X</ptxt>
</entry>
<entry align="center" id="nev20683782n1-nev11104744n9" valign="middle">
<ptxt id="nev20683782n1-nev11104744n10">X</ptxt>
</entry>
<entry align="center" id="nev20683782n1-nev11104745n1" valign="middle">
<ptxt id="nev20683782n1-nev11104745n2">X</ptxt>
</entry>
</row>
<row id="nev20683782n1-nev11104748n4">
<entry id="nev20683782n1-nev11104748n5" valign="middle">
<ptxt id="nev20683782n1-nev11104748n6">
<emph id="nev20683782n1-nev11104748n7">Op.No.</emph>
</ptxt>
</entry>
<entry id="nev20683782n1-nev11104748n8" valign="middle">
<ptxt id="nev20683782n1-nev11104748n9">
<emph id="nev20683782n1-nev11104748n10">Option</emph>
</ptxt>
</entry>
<entry id="nev20683782n1-nev11104749n1" nameend="COLSPEC7" namest="col2" valign="middle"/>
</row>
<row id="nev20683782n1-nev11104749n2">
<entry id="nev20683782n1-nev11104749n3" rowsep="0" valign="middle">
<ptxt id="nev20683782n1-nev11104749n4">
<emph id="nev20683782n1-nev11104749n5">17002</emph>
</ptxt>
</entry>
<entry id="nev20683782n1-nev11104749n6" valign="middle">
<ptxt id="nev20683782n1-nev11104749n7">
<emph id="nev20683782n1-nev11104749n8">Battery status #@#@#31#sting</emph>
</ptxt>
</entry>
<entry id="nev20683782n1-nev11104749n9" valign="middle"/>
<entry id="nev20683782n1-nev11104749n10" valign="middle"/>
<entry id="nev20683782n1-nev11104750n1" valign="middle"/>
<entry id="nev20683782n1-nev11104750n2" valign="middle"/>
<entry id="nev20683782n1-nev11104750n3" valign="middle"/>
<entry id="nev20683782n1-nev11104750n4" valign="middle"/>
<entry id="nev20683782n1-nev11104750n5" valign="middle"/>
<entry id="nev20683782n1-nev11104750n6" valign="middle"/>
<entry id="nev20683782n1-nev11104750n7" valign="middle"/>
<entry id="nev20683782n1-nev11104750n8" valign="middle"/>
<entry id="nev20683782n1-nev11104750n9" valign="middle"/>
<entry id="nev20683782n1-nev11104750n10" valign="middle"/>
<entry id="nev20683782n1-nev11104751n1" valign="middle"/>
</row>
<row id="nev20683782n1-nev11104751n2">
<entry id="nev20683782n1-nev11104751n3" rowsep="0" valign="middle"/>
<entry id="nev20683782n1-nev11104751n4" valign="middle">
<ptxt id="nev20683782n1-nev11104751n5">
<emph id="nev20683782n1-nev11104751n6">Fluid levels -</emph>
</ptxt>
<ptxt id="nev20683782n1-nev11104751n7">
<emph id="nev20683782n1-nev11104751n8">engine compartment</emph>
</ptxt>
<ptxt id="nev20683782n1-nev11104751n9">-check/top off</ptxt>
<ptxt id="nev20683782n1-nev11104751n10">Brake fluid</ptxt>
<ptxt id="nev20683782n1-nev11104752n1">clutch fluid,</ptxt>
<ptxt id="nev20683782n1-nev11104752n2">power steering #@#@#1#luid,</ptxt>
<ptxt id="nev20683782n1-nev11104752n3">coolant</ptxt>
<ptxt id="nev20683782n1-nev11104752n4">washer fluid.</ptxt>
</entry>
<entry id="nev20683782n1-nev11104752n5" valign="middle"/>
<entry id="nev20683782n1-nev11104752n6" valign="middle">
<ptxt id="nev20683782n1-nev11104752n7">X</ptxt>
</entry>
<entry id="nev20683782n1-nev11104752n8" valign="middle">
<ptxt id="nev20683782n1-nev11104752n9">X</ptxt>
</entry>
<entry id="nev20683782n1-nev11104752n10" valign="middle">
<ptxt id="nev20683782n1-nev11104753n1">X</ptxt>
</entry>
<entry id="nev20683782n1-nev11104753n2" valign="middle">
<ptxt id="nev20683782n1-nev11104753n3">X</ptxt>
</entry>
<entry id="nev20683782n1-nev11104753n4" valign="middle">
<ptxt id="nev20683782n1-nev11104753n5">X</ptxt>
</entry>
<entry id="nev20683782n1-nev11104753n6" valign="middle">
<ptxt id="nev20683782n1-nev11104753n7">X</ptxt>
</entry>
<entry id="nev20683782n1-nev11104753n8" valign="middle">
<ptxt id="nev20683782n1-nev11104753n9">X</ptxt>
</entry>
<entry id="nev20683782n1-nev11104753n10" valign="middle">
<ptxt id="nev20683782n1-nev11104754n1">X</ptxt>
</entry>
<entry id="nev20683782n1-nev11104754n2" valign="middle">
<ptxt id="nev20683782n1-nev11104754n3">X</ptxt>
</entry>
<entry id="nev20683782n1-nev11104754n4" valign="middle">
<ptxt id="nev20683782n1-nev11104754n5">X</ptxt>
</entry>
<entry id="nev20683782n1-nev11104754n6" valign="middle">
<ptxt id="nev20683782n1-nev11104754n7">X</ptxt>
</entry>
<entry id="nev20683782n1-nev11104754n8" valign="middle">
<ptxt id="nev20683782n1-nev11104754n9">X</ptxt>
</entry>
</row>
<row id="nev20683782n1-nev11104754n10">
<entry id="nev20683782n1-nev11104755n1" rowsep="0" valign="middle"/>
<entry id="nev20683782n1-nev11104755n2" valign="middle">
<ptxt id="nev20683782n1-nev11104755n3">
<emph id="nev20683782n1-nev11104755n4">Battery</emph>
</ptxt>
<ptxt id="nev20683782n1-nev11104755n5">-check</ptxt>
<ptxt id="nev20683782n1-nev11104755n6">terminal shoes,</ptxt>
<ptxt id="nev20683782n1-nev11104755n7">electrolyte level,</ptxt>
<ptxt id="nev20683782n1-nev11104755n8">mounting.</ptxt>
</entry>
<entry id="nev20683782n1-nev11104755n9" valign="middle"/>
<entry id="nev20683782n1-nev11104755n10" valign="middle">
<ptxt id="nev20683782n1-nev11104756n1">X</ptxt>
</entry>
<entry id="nev20683782n1-nev11104756n2" valign="middle">
<ptxt id="nev20683782n1-nev11104756n3">X</ptxt>
</entry>
<entry id="nev20683782n1-nev11104756n4" valign="middle">
<ptxt id="nev20683782n1-nev11104756n5">X</ptxt>
</entry>
<entry id="nev20683782n1-nev11104756n6" valign="middle">
<ptxt id="nev20683782n1-nev11104756n7">X</ptxt>
</entry>
<entry id="nev20683782n1-nev11104756n8" valign="middle">
<ptxt id="nev20683782n1-nev11104756n9">X</ptxt>
</entry>
<entry id="nev20683782n1-nev11104756n10" valign="middle">
<ptxt id="nev20683782n1-nev11104757n1">X</ptxt>
</entry>
<entry id="nev20683782n1-nev11104757n2" valign="middle">
<ptxt id="nev20683782n1-nev11104757n3">X</ptxt>
</entry>
<entry id="nev20683782n1-nev11104757n4" valign="middle">
<ptxt id="nev20683782n1-nev11104757n5">X</ptxt>
</entry>
<entry id="nev20683782n1-nev11104757n6" valign="middle">
<ptxt id="nev20683782n1-nev11104757n7">X</ptxt>
</entry>
<entry id="nev20683782n1-nev11104757n8" valign="middle">
<ptxt id="nev20683782n1-nev11104757n9">X</ptxt>
</entry>
<entry id="nev20683782n1-nev11104757n10" valign="middle">
<ptxt id="nev20683782n1-nev11104758n1">X</ptxt>
</entry>
<entry id="nev20683782n1-nev11104758n2" valign="middle">
<ptxt id="nev20683782n1-nev11104758n3">X</ptxt>
</entry>
</row>
<row id="nev20683782n1-nev11104758n4">
<entry id="nev20683782n1-nev11104758n5" rowsep="1" valign="middle"/>
<entry id="nev20683782n1-nev11104758n6" valign="middle">
<ptxt id="nev20683782n1-nev11104758n7">
<emph id="nev20683782n1-nev11104758n8">Wheels and tires</emph>
</ptxt>
<ptxt id="nev20683782n1-nev11104758n9">-check</ptxt>
</entry>
<entry id="nev20683782n1-nev11104758n10" valign="middle">
<ptxt id="nev20683782n1-nev11104759n1">Check for damag#@#@#15#wear.</ptxt>
</entry>
<entry id="nev20683782n1-nev11104759n2" valign="middle">
<ptxt id="nev20683782n1-nev11104759n3">X</ptxt>
</entry>
<entry id="nev20683782n1-nev11104759n4" valign="middle">
<ptxt id="nev20683782n1-nev11104759n5">X</ptxt>
</entry>
<entry id="nev20683782n1-nev11104759n6" valign="middle">
<ptxt id="nev20683782n1-nev11104759n7">X</ptxt>
</entry>
<entry id="nev20683782n1-nev11104759n8" valign="middle">
<ptxt id="nev20683782n1-nev11104759n9">X</ptxt>
</entry>
<entry id="nev20683782n1-nev11104759n10" valign="middle">
<ptxt id="nev20683782n1-nev11104760n1">X</ptxt>
</entry>
<entry id="nev20683782n1-nev11104760n2" valign="middle">
<ptxt id="nev20683782n1-nev11104760n3">X</ptxt>
</entry>
<entry id="nev20683782n1-nev11104760n4" valign="middle">
<ptxt id="nev20683782n1-nev11104760n5">X</ptxt>
</entry>
<entry id="nev20683782n1-nev11104760n6" valign="middle">
<ptxt id="nev20683782n1-nev11104760n7">X</ptxt>
</entry>
<entry id="nev20683782n1-nev11104760n8" valign="middle">
<ptxt id="nev20683782n1-nev11104760n9">X</ptxt>
</entry>
<entry id="nev20683782n1-nev11104760n10" valign="middle">
<ptxt id="nev20683782n1-nev11104761n1">X</ptxt>
</entry>
<entry id="nev20683782n1-nev11104761n2" valign="middle">
<ptxt id="nev20683782n1-nev11104761n3">X</ptxt>
</entry>
<entry id="nev20683782n1-nev11104761n4" valign="middle">
<ptxt id="nev20683782n1-nev11104761n5">X</ptxt>
</entry>
</row>
<row id="nev20683782n1-nev11104761n6">
<entry id="nev20683782n1-nev11104761n7" nameend="COLSPEC7" namest="COLSPEC1" valign="middle"/>
</row>
<row id="nev20683782n1-nev11104761n8">
<entry id="nev20683782n1-nev11104761n9" morerows="1">
<ptxt id="nev20683782n1-nev11104761n10">
<emph id="nev20683782n1-nev11104762n1">Op.No.</emph>
</ptxt>
</entry>
<entry id="nev20683782n1-nev11104762n2" rowsep="0">
<ptxt id="nev20683782n1-nev11104762n3">
<emph id="nev20683782n1-nev11104762n4">Program point:</emph>
</ptxt>
</entry>
<entry align="right" id="nev20683782n1-nev11104762n5" rowsep="0" valign="middle">
<ptxt id="nev20683782n1-nev11104762n6">
<emph id="nev20683782n1-nev11104762n7">km x 1000:</emph>
</ptxt>
</entry>
<entry align="center" id="nev20683782n1-nev11104762n8" valign="middle">
<ptxt id="nev20683782n1-nev11104762n9">
<emph id="nev20683782n1-nev11104762n10">130</emph>
</ptxt>
</entry>
<entry align="center" id="nev20683782n1-nev11104763n1" valign="middle">
<ptxt id="nev20683782n1-nev11104763n2">
<emph id="nev20683782n1-nev11104763n3">140</emph>
</ptxt>
</entry>
<entry align="center" id="nev20683782n1-nev11104763n4" valign="middle">
<ptxt id="nev20683782n1-nev11104763n5">
<emph id="nev20683782n1-nev11104763n6">150</emph>
</ptxt>
</entry>
<entry align="center" id="nev20683782n1-nev11104763n7" valign="middle">
<ptxt id="nev20683782n1-nev11104763n8">
<emph id="nev20683782n1-nev11104763n9">160</emph>
</ptxt>
</entry>
<entry align="center" id="nev20683782n1-nev11104763n10" valign="middle">
<ptxt id="nev20683782n1-nev11104764n1">
<emph id="nev20683782n1-nev11104764n2">170</emph>
</ptxt>
</entry>
<entry align="center" id="nev20683782n1-nev11104764n3" valign="middle">
<ptxt id="nev20683782n1-nev11104764n4">
<emph id="nev20683782n1-nev11104764n5">180</emph>
</ptxt>
</entry>
<entry align="center" id="nev20683782n1-nev11104764n6" valign="middle">
<ptxt id="nev20683782n1-nev11104764n7">
<emph id="nev20683782n1-nev11104764n8">190</emph>
</ptxt>
</entry>
<entry align="center" id="nev20683782n1-nev11104764n9" valign="middle">
<ptxt id="nev20683782n1-nev11104764n10">
<emph id="nev20683782n1-nev11104765n1">200</emph>
</ptxt>
</entry>
<entry align="center" id="nev20683782n1-nev11104765n2" valign="middle">
<ptxt id="nev20683782n1-nev11104765n3">
<emph id="nev20683782n1-nev11104765n4">210</emph>
</ptxt>
</entry>
<entry align="center" id="nev20683782n1-nev11104765n5" valign="middle">
<ptxt id="nev20683782n1-nev11104765n6">
<emph id="nev20683782n1-nev11104765n7">220</emph>
</ptxt>
</entry>
<entry align="center" id="nev20683782n1-nev11104765n8" valign="middle">
<ptxt id="nev20683782n1-nev11104765n9">
<emph id="nev20683782n1-nev11104765n10">230</emph>
</ptxt>
</entry>
<entry align="center" id="nev20683782n1-nev11104766n1" valign="middle">
<ptxt id="nev20683782n1-nev11104766n2">
<emph id="nev20683782n1-nev11104766n3">240</emph>
</ptxt>
</entry>
</row>
<row id="nev20683782n1-nev11104766n4">
<entry id="nev20683782n1-nev11104766n5">
<ptxt id="nev20683782n1-nev11104766n6">700</ptxt>
<ptxt id="nev20683782n1-nev11104766n7">Gasoline engines</ptxt>
</entry>
<entry align="right" id="nev20683782n1-nev11104766n8" valign="middle">
<ptxt id="nev20683782n1-nev11104766n9">
<emph id="nev20683782n1-nev11104766n10">miles x 1000:</emph>
</ptxt>
</entry>
<entry align="center" id="nev20683782n1-nev11104767n1" valign="middle">
<ptxt id="nev20683782n1-nev11104767n2">
<emph id="nev20683782n1-nev11104767n3">78</emph>
</ptxt>
</entry>
<entry align="center" id="nev20683782n1-nev11104767n4" valign="middle">
<ptxt id="nev20683782n1-nev11104767n5">
<emph id="nev20683782n1-nev11104767n6">84</emph>
</ptxt>
</entry>
<entry align="center" id="nev20683782n1-nev11104767n7" valign="middle">
<ptxt id="nev20683782n1-nev11104767n8">
<emph id="nev20683782n1-nev11104767n9">90</emph>
</ptxt>
</entry>
<entry align="center" id="nev20683782n1-nev11104767n10" valign="middle">
<ptxt id="nev20683782n1-nev11104768n1">
<emph id="nev20683782n1-nev11104768n2">96</emph>
</ptxt>
</entry>
<entry align="center" id="nev20683782n1-nev11104768n3" valign="middle">
<ptxt id="nev20683782n1-nev11104768n4">
<emph id="nev20683782n1-nev11104768n5">102</emph>
</ptxt>
</entry>
<entry align="center" id="nev20683782n1-nev11104768n6" valign="middle">
<ptxt id="nev20683782n1-nev11104768n7">
<emph id="nev20683782n1-nev11104768n8">108</emph>
</ptxt>
</entry>
<entry align="center" id="nev20683782n1-nev11104768n9" valign="middle">
<ptxt id="nev20683782n1-nev11104768n10">
<emph id="nev20683782n1-nev11104769n1">114</emph>
</ptxt>
</entry>
<entry align="center" id="nev20683782n1-nev11104769n2" valign="middle">
<ptxt id="nev20683782n1-nev11104769n3">
<emph id="nev20683782n1-nev11104769n4">120</emph>
</ptxt>
</entry>
<entry align="center" id="nev20683782n1-nev11104769n5" valign="middle">
<ptxt id="nev20683782n1-nev11104769n6">
<emph id="nev20683782n1-nev11104769n7">126</emph>
</ptxt>
</entry>
<entry align="center" id="nev20683782n1-nev11104769n8" valign="middle">
<ptxt id="nev20683782n1-nev11104769n9">
<emph id="nev20683782n1-nev11104769n10">132</emph>
</ptxt>
</entry>
<entry align="center" id="nev20683782n1-nev11104770n1" valign="middle">
<ptxt id="nev20683782n1-nev11104770n2">
<emph id="nev20683782n1-nev11104770n3">138</emph>
</ptxt>
</entry>
<entry align="center" id="nev20683782n1-nev11104770n4" valign="middle">
<ptxt id="nev20683782n1-nev11104770n5">
<emph id="nev20683782n1-nev11104770n6">144</emph>
</ptxt>
</entry>
</row>
<row id="nev20683782n1-nev11104770n7">
<entry id="nev20683782n1-nev11104770n8" valign="middle">
<ptxt id="nev20683782n1-nev11104770n9">
<emph id="nev20683782n1-nev11104770n10">17417</emph>
</ptxt>
</entry>
<entry id="nev20683782n1-nev11104771n1" valign="middle">
<ptxt id="nev20683782n1-nev11104771n2">
<emph id="nev20683782n1-nev11104771n3">Timing belt and#@#@#26#acing</emph>
</ptxt>
</entry>
<entry id="nev20683782n1-nev11104771n4" valign="middle">
<ptxt id="nev20683782n1-nev11111934n249">Only applies to#@#@#25#230FT</ptxt>
</entry>
<entry id="nev20683782n1-nev11104771n5" valign="middle"/>
<entry id="nev20683782n1-nev11104771n6" valign="middle"/>
<entry id="nev20683782n1-nev11104771n7" valign="middle"/>
<entry id="nev20683782n1-nev11104771n8" valign="middle">
<ptxt id="nev20683782n1-nev11104771n9">X</ptxt>
</entry>
<entry id="nev20683782n1-nev11104771n10" valign="middle"/>
<entry id="nev20683782n1-nev11104772n1" valign="middle"/>
<entry id="nev20683782n1-nev11104772n2" valign="middle"/>
<entry id="nev20683782n1-nev11104772n3" valign="middle"/>
<entry id="nev20683782n1-nev11104772n4" valign="middle"/>
<entry id="nev20683782n1-nev11104772n5" valign="middle"/>
<entry id="nev20683782n1-nev11104772n6" valign="middle"/>
<entry id="nev20683782n1-nev11104772n7" valign="middle">
<ptxt id="nev20683782n1-nev11104772n8">X</ptxt>
</entry>
</row>
<row id="nev20683782n1-nev11104772n9">
<entry id="nev20683782n1-nev11104772n10" valign="middle">
<ptxt id="nev20683782n1-nev11104773n1">
<emph id="nev20683782n1-nev11104773n2">17424</emph>
</ptxt>
</entry>
<entry id="nev20683782n1-nev11104773n3" valign="middle">
<ptxt id="nev20683782n1-nev11104773n4">
<emph id="nev20683782n1-nev11104773n5">Replacing spark#@#@#1#plugs</emph>
</ptxt>
</entry>
<entry id="nev20683782n1-nev11104773n6" valign="middle"/>
<entry id="nev20683782n1-nev11104773n7" valign="middle"/>
<entry id="nev20683782n1-nev11104773n8" valign="middle"/>
<entry id="nev20683782n1-nev11104773n9" valign="middle"/>
<entry id="nev20683782n1-nev11104773n10" valign="middle">
<ptxt id="nev20683782n1-nev11104774n1">X</ptxt>
</entry>
<entry id="nev20683782n1-nev11104774n2" valign="middle"/>
<entry id="nev20683782n1-nev11104774n3" valign="middle"/>
<entry id="nev20683782n1-nev11104774n4" valign="middle"/>
<entry id="nev20683782n1-nev11104774n5" valign="middle">
<ptxt id="nev20683782n1-nev11104774n6">X</ptxt>
</entry>
<entry id="nev20683782n1-nev11104774n7" valign="middle"/>
<entry id="nev20683782n1-nev11104774n8" valign="middle"/>
<entry id="nev20683782n1-nev11104774n9" valign="middle"/>
<entry id="nev20683782n1-nev11104774n10" valign="middle">
<ptxt id="nev20683782n1-nev11104775n1">X</ptxt>
</entry>
</row>
<row id="nev20683782n1-nev11104775n2">
<entry id="nev20683782n1-nev11104775n3" valign="middle">
<ptxt id="nev20683782n1-nev11104775n4">
<emph id="nev20683782n1-nev11104775n5">17431</emph>
</ptxt>
</entry>
<entry id="nev20683782n1-nev11104775n6" valign="middle">
<ptxt id="nev20683782n1-nev11104775n7">
<emph id="nev20683782n1-nev11104775n8">Valves, adjusting</emph>
</ptxt>
</entry>
<entry id="nev20683782n1-nev11104775n9" valign="middle"/>
<entry id="nev20683782n1-nev11104775n10" valign="middle"/>
<entry id="nev20683782n1-nev11104776n1" valign="middle"/>
<entry id="nev20683782n1-nev11104776n2" valign="middle"/>
<entry id="nev20683782n1-nev11104776n3" valign="middle">
<ptxt id="nev20683782n1-nev11104776n4">X</ptxt>
</entry>
<entry id="nev20683782n1-nev11104776n5" valign="middle"/>
<entry id="nev20683782n1-nev11104776n6" valign="middle"/>
<entry id="nev20683782n1-nev11104776n7" valign="middle"/>
<entry id="nev20683782n1-nev11104776n8" valign="middle"/>
<entry id="nev20683782n1-nev11104776n9" valign="middle"/>
<entry id="nev20683782n1-nev11104776n10" valign="middle">
<ptxt id="nev20683782n1-nev11104777n1">X</ptxt>
</entry>
<entry id="nev20683782n1-nev11104777n2" valign="middle"/>
<entry id="nev20683782n1-nev11104777n3" valign="middle"/>
</row>
<row id="nev20683782n1-nev11104777n4">
<entry id="nev20683782n1-nev11104777n5" valign="middle">
<ptxt id="nev20683782n1-nev11104777n6">
<emph id="nev20683782n1-nev11104777n7">17433</emph>
</ptxt>
</entry>
<entry id="nev20683782n1-nev11104777n8" valign="middle">
<ptxt id="nev20683782n1-nev11104777n9">
<emph id="nev20683782n1-nev11104777n10">Fuel filter, re#@#@#2#acing</emph>
</ptxt>
</entry>
<entry id="nev20683782n1-nev11104778n1" valign="middle"/>
<entry id="nev20683782n1-nev11104778n2" valign="middle"/>
<entry id="nev20683782n1-nev11104778n3" valign="middle"/>
<entry id="nev20683782n1-nev11104778n4" valign="middle"/>
<entry id="nev20683782n1-nev11104778n5" valign="middle">
<ptxt id="nev20683782n1-nev11104778n6">X</ptxt>
</entry>
<entry id="nev20683782n1-nev11104778n7" valign="middle"/>
<entry id="nev20683782n1-nev11104778n8" valign="middle"/>
<entry id="nev20683782n1-nev11104778n9" valign="middle"/>
<entry id="nev20683782n1-nev11104778n10" valign="middle"/>
<entry id="nev20683782n1-nev11104779n2" valign="middle"/>
<entry id="nev20683782n1-nev11104779n3" valign="middle"/>
<entry id="nev20683782n1-nev11104779n4" valign="middle"/>
<entry id="nev20683782n1-nev11104779n5" valign="middle">
<ptxt id="nev20683782n1-nev11104779n6">X</ptxt>
</entry>
</row>
<row id="nev20683782n1-nev11104779n7">
<entry id="nev20683782n1-nev11104779n8" valign="middle">
<ptxt id="nev20683782n1-nev11104779n9">
<emph id="nev20683782n1-nev11104779n10">17435</emph>
</ptxt>
</entry>
<entry id="nev20683782n1-nev11104780n1" valign="middle">
<ptxt id="nev20683782n1-nev11104780n2">
<emph id="nev20683782n1-nev11104780n3">Air filter repl#@#@#9#ngine</emph>
</ptxt>
</entry>
<entry id="nev20683782n1-nev11104780n4" valign="middle"/>
<entry id="nev20683782n1-nev11104780n5" valign="middle"/>
<entry id="nev20683782n1-nev11104780n6" valign="middle"/>
<entry id="nev20683782n1-nev11104780n7" valign="middle"/>
<entry id="nev20683782n1-nev11104780n8" valign="middle">
<ptxt id="nev20683782n1-nev11104780n9">X</ptxt>
</entry>
<entry id="nev20683782n1-nev11104780n10" valign="middle"/>
<entry id="nev20683782n1-nev11104781n1" valign="middle"/>
<entry id="nev20683782n1-nev11104781n2" valign="middle"/>
<entry id="nev20683782n1-nev11104781n3" valign="middle">
<ptxt id="nev20683782n1-nev11104781n4">X</ptxt>
</entry>
<entry id="nev20683782n1-nev11104781n5" valign="middle"/>
<entry id="nev20683782n1-nev11104781n6" valign="middle"/>
<entry id="nev20683782n1-nev11104781n7" valign="middle"/>
<entry id="nev20683782n1-nev11104781n8" valign="middle">
<ptxt id="nev20683782n1-nev11104781n9">X</ptxt>
</entry>
</row>
<row id="nev20683782n1-nev11104784n3">
<entry id="nev20683782n1-nev11104784n4" valign="middle">
<ptxt id="nev20683782n1-nev11104784n5">
<emph id="nev20683782n1-nev11104784n6">17441</emph>
</ptxt>
</entry>
<entry id="nev20683782n1-nev11104784n7" valign="middle">
<ptxt id="nev20683782n1-nev11104784n8">
<emph id="nev20683782n1-nev11104784n9">EGR/crankcase v#@#@#21#aning</emph>
</ptxt>
</entry>
<entry id="nev20683782n1-nev11104784n10" valign="middle"/>
<entry id="nev20683782n1-nev11104785n1" valign="middle"/>
<entry id="nev20683782n1-nev11104785n2" valign="middle"/>
<entry id="nev20683782n1-nev11104785n3" valign="middle"/>
<entry id="nev20683782n1-nev11104785n4" valign="middle">
<ptxt id="nev20683782n1-nev11104785n5">X</ptxt>
</entry>
<entry id="nev20683782n1-nev11104785n6" valign="middle"/>
<entry id="nev20683782n1-nev11104785n7" valign="middle"/>
<entry id="nev20683782n1-nev11104785n8" valign="middle"/>
<entry id="nev20683782n1-nev11104785n9" valign="middle">
<ptxt id="nev20683782n1-nev11104785n10">X</ptxt>
</entry>
<entry id="nev20683782n1-nev11104786n1" valign="middle"/>
<entry id="nev20683782n1-nev11104786n2" valign="middle"/>
<entry id="nev20683782n1-nev11104786n3" valign="middle"/>
<entry id="nev20683782n1-nev11104786n4" valign="middle">
<ptxt id="nev20683782n1-nev11104786n5">X</ptxt>
</entry>
</row>
<row id="nev20683782n1-nev11104786n6">
<entry id="nev20683782n1-nev11104786n7" valign="middle">
<ptxt id="nev20683782n1-nev11104786n8">
<emph id="nev20683782n1-nev11104786n9">17443</emph>
</ptxt>
</entry>
<entry id="nev20683782n1-nev11104786n10" valign="middle">
<ptxt id="nev20683782n1-nev11104787n1">
<emph id="nev20683782n1-nev11104787n2">Timing belt, ad#@#@#2#sting</emph>
</ptxt>
</entry>
<entry id="nev20683782n1-nev11104787n3" valign="middle">
<ptxt id="nev20683782n1-nev11111934n248">Only applies to#@#@#25#230FT</ptxt>
</entry>
<entry id="nev20683782n1-nev11104787n4" valign="middle"/>
<entry id="nev20683782n1-nev11104787n5" valign="middle"/>
<entry id="nev20683782n1-nev11104787n6" valign="middle"/>
<entry id="nev20683782n1-nev11104787n7" valign="middle"/>
<entry id="nev20683782n1-nev11104787n8" valign="middle">
<ptxt id="nev20683782n1-nev11104787n9">X</ptxt>
</entry>
<entry id="nev20683782n1-nev11104787n10" valign="middle"/>
<entry id="nev20683782n1-nev11104788n1" valign="middle"/>
<entry id="nev20683782n1-nev11104788n2" valign="middle"/>
<entry id="nev20683782n1-nev11104788n3" valign="middle"/>
<entry id="nev20683782n1-nev11104788n4" valign="middle"/>
<entry id="nev20683782n1-nev11104788n5" valign="middle"/>
<entry id="nev20683782n1-nev11104788n6" valign="middle"/>
</row>
<row id="nev20683782n1-nev11104788n7">
<entry id="nev20683782n1-nev11104788n8" valign="middle">
<ptxt id="nev20683782n1-nev11104788n9">
<emph id="nev20683782n1-nev11104788n10">17447</emph>
</ptxt>
</entry>
<entry id="nev20683782n1-nev11104789n1" valign="middle">
<ptxt id="nev20683782n1-nev11104789n2">
<emph id="nev20683782n1-nev11104789n3">Timing belt, re#@#@#2#acing</emph>
</ptxt>
</entry>
<entry id="nev20683782n1-nev11104789n4" valign="middle">
<ptxt id="nev20683782n1-nev11111934n247">Only applies to#@#@#25#230FT</ptxt>
</entry>
<entry id="nev20683782n1-nev11104789n5" valign="middle"/>
<entry id="nev20683782n1-nev11104789n6" valign="middle"/>
<entry id="nev20683782n1-nev11104789n7" valign="middle"/>
<entry id="nev20683782n1-nev11104789n8" valign="middle">
<ptxt id="nev20683782n1-nev11104789n9">X</ptxt>
</entry>
<entry id="nev20683782n1-nev11104789n10" valign="middle"/>
<entry id="nev20683782n1-nev11104790n1" valign="middle"/>
<entry id="nev20683782n1-nev11104790n2" valign="middle"/>
<entry id="nev20683782n1-nev11104790n3" valign="middle"/>
<entry id="nev20683782n1-nev11104790n4" valign="middle"/>
<entry id="nev20683782n1-nev11104790n5" valign="middle"/>
<entry id="nev20683782n1-nev11104790n6" valign="middle"/>
<entry id="nev20683782n1-nev11104790n7" valign="middle">
<ptxt id="nev20683782n1-nev11104790n8">X</ptxt>
</entry>
</row>
<row id="nev20683782n1-nev11104790n9">
<entry id="nev20683782n1-nev11104790n10" valign="middle">
<ptxt id="nev20683782n1-nev11104791n1">
<emph id="nev20683782n1-nev11104791n2">17525</emph>
</ptxt>
</entry>
<entry id="nev20683782n1-nev11104791n3" valign="middle">
<ptxt id="nev20683782n1-nev11104791n4">
<emph id="nev20683782n1-nev11104791n5">Oil automatic t#@#@#16#nging</emph>
</ptxt>
</entry>
<entry id="nev20683782n1-nev11104791n6" valign="middle"/>
<entry id="nev20683782n1-nev11104791n7" valign="middle"/>
<entry id="nev20683782n1-nev11104791n8" valign="middle"/>
<entry id="nev20683782n1-nev11104791n9" valign="middle"/>
<entry id="nev20683782n1-nev11104791n10" valign="middle">
<ptxt id="nev20683782n1-nev11104792n1">X</ptxt>
</entry>
<entry id="nev20683782n1-nev11104792n2" valign="middle"/>
<entry id="nev20683782n1-nev11104792n3" valign="middle"/>
<entry id="nev20683782n1-nev11104792n4" valign="middle"/>
<entry id="nev20683782n1-nev11104792n5" valign="middle">
<ptxt id="nev20683782n1-nev11104792n6">X</ptxt>
</entry>
<entry id="nev20683782n1-nev11104792n7" valign="middle"/>
<entry id="nev20683782n1-nev11104792n8" valign="middle"/>
<entry id="nev20683782n1-nev11104792n9" valign="middle"/>
<entry id="nev20683782n1-nev11104792n10" valign="middle">
<ptxt id="nev20683782n1-nev11104793n1">X</ptxt>
</entry>
</row>
<row id="nev20683782n1-nev11104793n2">
<entry id="nev20683782n1-nev11104793n3" nameend="COLSPEC7" namest="COLSPEC1" valign="middle"/>
</row>
<row id="nev20683782n1-nev11104793n4">
<entry id="nev20683782n1-nev11104793n5" valign="middle">
<ptxt id="nev20683782n1-nev11104793n6">
<emph id="nev20683782n1-nev11104793n7">Op.No.</emph>
</ptxt>
</entry>
<entry id="nev20683782n1-nev11104793n8" nameend="COLSPEC7" namest="colspec0" valign="middle"/>
</row>
<row id="nev20683782n1-nev11104793n9">
<entry id="nev20683782n1-nev11104793n10" valign="middle">
<ptxt id="nev20683782n1-nev11104794n1">
<emph id="nev20683782n1-nev11104794n2">17406</emph>
</ptxt>
</entry>
<entry id="nev20683782n1-nev11104794n3" valign="middle">
<ptxt id="nev20683782n1-nev11104794n4">Brake fluid, ch#@#@#1#nging</ptxt>
</entry>
<entry id="nev20683782n1-nev11104794n5" nameend="COLSPEC7" namest="col2" valign="middle">
<ptxt id="nev20683782n1-nev11104794n6">
<emph id="nev20683782n1-nev11104794n7">Supplement reco#@#@#19# year</emph>
</ptxt>
</entry>
</row>
</tbody>
</tgroup>
</table>
</servinfosub>