<?xml version="1.0" encoding="UTF-8"?><servinfosub IE-ID="en-US0900c8af80876417" docno="VCC-096814" id="KC01157345" xml:lang="en-US">
<title>Test running th#@#@#32#ater </title>
<procedure>
<procstep id="KC01218126">
<title>Test driving</title>
<grate>
<graphic id="KC07314952">
<href>0900c8af8005aab#@#@#9#.jpeg</href>
</graphic>
<graphtext>
<note>
<ptxt>The additional #@#@#92#75°C.</ptxt>
</note>
<note>
<ptxt>Since the heate#@#@#157#ater.</ptxt>
<ptxt>When the heater#@#@#57#tank.</ptxt>
</note>
<para>
<ptxt>Activate the heater.</ptxt>
<ptxt>When the heater#@#@#59#that:</ptxt>
</para>
<list1 enumtype="d" type="unordered">
<item>
<ptxt>the heater star#@#@#15#mally</ptxt>
</item>
<item>
<ptxt>the heater does#@#@#16#mally</ptxt>
</item>
<item>
<ptxt>there is no mec#@#@#62#n fan</ptxt>
</item>
<item>
<ptxt>there is no lea#@#@#75#inals</ptxt>
</item>
<item>
<ptxt>the coolant hos#@#@#23#warm.</ptxt>
</item>
</list1>
<para>
<ptxt>Stop the heater.</ptxt>
</para>
</graphtext>
</grate>
</procstep>
</procedure>
</servinfosub>