<?xml version="1.0" encoding="UTF-8"?><servinfosub IE-ID="en-US0900c8af823db417" docno="VCC-165335" id="KC08846606" xml:lang="en-US">
<title>
<phrase category="" id="KC09021088" phrase-urn="urn:x-nevis:phrase:0800c8af823db418">Diagnostic trou#@#@#30#-1320</phrase>
</title>
<diagnostic j2008use="1" paperuse="1" screenuse="1" type="condition">
<condgrp>
<condition type="condition">
<grate>
<graphic id="KC09021089">
<href>0900c8af81620f8#@#@#9#.jpeg</href>
</graphic>
<graphtext>
<ptxt>
<phrase category="" id="KC09021090" phrase-urn="urn:x-nevis:phrase:0800c8af823db419">The engine cont#@#@#148#ics. </phrase>
</ptxt>
<ptxt>
<phrase category="" id="KC09021091" phrase-urn="urn:x-nevis:phrase:0800c8af823db41a">If the engine c#@#@#225#ging.</phrase>
</ptxt>
</graphtext>
</grate>
</condition>
</condgrp>
<condgrp>
<condition type="substitution">
<list1 enumtype="d" type="unordered">
<item>
<ptxt>
<phrase category="" id="KC09021092" phrase-urn="urn:x-nevis:phrase:0800c8af823db41b">A calculated ma#@#@#14#used.</phrase>
</ptxt>
</item>
</list1>
</condition>
<ps>
<list1 enumtype="d" type="unordered">
<title>
<phrase category="" id="KC09021093" phrase-urn="urn:x-nevis:phrase:0800c8af823db41c">Signal too high:</phrase>
</title>
<item>
<ptxt>
<phrase category="" id="KC09021094" phrase-urn="urn:x-nevis:phrase:0800c8af823db41d">The signal cabl#@#@#27#tage.</phrase>
</ptxt>
</item>
<item>
<ptxt>
<phrase category="" id="KC09021095" phrase-urn="urn:x-nevis:phrase:0800c8af823db41e">Open-circuit on#@#@#13#able.</phrase>
</ptxt>
</item>
<item>
<ptxt>
<phrase category="" id="KC09021096" phrase-urn="urn:x-nevis:phrase:0800c8af823db41f">Damaged mass ai#@#@#9#nsor.</phrase>
</ptxt>
</item>
</list1>
<list1 enumtype="d" type="unordered">
<title>
<phrase category="" id="KC09021097" phrase-urn="urn:x-nevis:phrase:0800c8af823db420">Signal too low:</phrase>
</title>
<item>
<ptxt>
<phrase category="" id="KC09021098" phrase-urn="urn:x-nevis:phrase:0800c8af823db421">Air leak in the#@#@#10#stem.</phrase>
</ptxt>
</item>
<item>
<ptxt>
<phrase category="" id="KC09021099" phrase-urn="urn:x-nevis:phrase:0800c8af823db422">The signal cabl#@#@#26#ound.</phrase>
</ptxt>
</item>
<item>
<ptxt>
<phrase category="" id="KC09021100" phrase-urn="urn:x-nevis:phrase:0800c8af823db424">Open-circuit on#@#@#13#able.</phrase>
</ptxt>
</item>
<item>
<ptxt>
<phrase category="" id="KC09021101" phrase-urn="urn:x-nevis:phrase:0800c8af823db425">Damaged mass ai#@#@#9#nsor.</phrase>
</ptxt>
</item>
</list1>
<list1 enumtype="d" type="unordered">
<title>
<phrase category="" id="KC09021102" phrase-urn="urn:x-nevis:phrase:0800c8af823db426">Faulty signal:</phrase>
</title>
<item>
<ptxt>
<phrase category="" id="KC09021103" phrase-urn="urn:x-nevis:phrase:0800c8af823db427">Loose connectio#@#@#49#als. </phrase>
</ptxt>
</item>
<item>
<ptxt>
<phrase category="" id="KC09021104" phrase-urn="urn:x-nevis:phrase:0800c8af823db428">Open-circuit on#@#@#13#able.</phrase>
</ptxt>
</item>
<item>
<ptxt>
<phrase category="" id="KC09021105" phrase-urn="urn:x-nevis:phrase:0800c8af823db429">The signal cabl#@#@#27#tage.</phrase>
</ptxt>
</item>
<item>
<ptxt>
<phrase category="" id="KC09021106" phrase-urn="urn:x-nevis:phrase:0800c8af823db42a">The signal cabl#@#@#26#ound.</phrase>
</ptxt>
</item>
<item>
<ptxt>
<phrase category="" id="KC09021107" phrase-urn="urn:x-nevis:phrase:0800c8af823db42b">Damaged mass ai#@#@#9#nsor.</phrase>
</ptxt>
</item>
</list1>
</ps>
</condgrp>
<condgrp>
<condition type="symptom">
<list1 enumtype="d" type="unordered">
<item>
<ptxt>
<phrase category="" id="KC09021108" phrase-urn="urn:x-nevis:phrase:0800c8af823db42c">Poor performance.</phrase>
</ptxt>
</item>
</list1>
</condition>
</condgrp>
</diagnostic>
</servinfosub>