<?xml version="1.0" encoding="UTF-8"?><servinfosub IE-ID="en-US0900c8af8091cd03" docno="VCC-113473" id="KC02483764" xml:lang="en-US">
<title>
<phrase category="" id="KC06670418" phrase-urn="urn:x-nevis:phrase:0800c8af819b4b0e">Signal faulty. #@#@#13#fault</phrase>
</title>
<diagnostic j2008use="1" paperuse="1" screenuse="1" type="test">
<testgrp IE-ID="en-US0900c8af8091cd03_KC02611000" id="KC02611000" j2008use="1" paperuse="1" resumable="1" screenuse="1" testgrp-id="Node1" x="120" y="80">
<title>
<phrase category="" id="KC06670419" phrase-urn="urn:x-nevis:phrase:0800c8af819b4b0f">Information</phrase>
</title>
<node>
<test1>
<test2>
<para>
<ptxt>
<phrase category="" id="KC06670420" phrase-urn="urn:x-nevis:phrase:0800c8af819b4b10">The engine cont#@#@#100#ists.</phrase>
</ptxt>
</para>
<grate>
<graphic id="KC06670421">
<href>0900c8af8012202#@#@#9#.jpeg</href>
</graphic>
</grate>
</test2>
</test1>
<question>Select Continue.</question>
<resact-grp>
<result button="cont" comp="button" highlight="0"/>
<action j2008use="1" paperuse="1" screenuse="1">
<ptxt>
<xref>
<ref id="KC06670422"/>
</xref>
</ptxt>
</action>
</resact-grp>
</node>
</testgrp>
<testgrp id="KC02611001" j2008use="1" paperuse="1" resumable="1" screenuse="1" testgrp-id="Info">
<title>
<phrase category="" id="KC06670423" phrase-urn="urn:x-nevis:phrase:0800c8af819b4b11">Trouble-shootin#@#@#8#ation</phrase>
</title>
<subcalloutnode>
<diagcallout>
<xref>
<ref id="KC06670424"/>
</xref>
</diagcallout>
<rescall-grp>
<result comp="string" highlight="0" op="eq" return="NEW TRY"/>
<calloutaction>
<ptxt>
<xref>
<ref id="KC06670425"/>
</xref>
</ptxt>
</calloutaction>
</rescall-grp>
<rescall-grp>
<result comp="string" highlight="0" op="eq" return="FAULT FOUND"/>
<calloutaction>
<return value="DONE"/>
</calloutaction>
</rescall-grp>
<rescall-grp>
<result comp="string" highlight="0" op="eq" return="DONE"/>
<calloutaction>
<return value="DONE"/>
</calloutaction>
</rescall-grp>
</subcalloutnode>
</testgrp>
</diagnostic>
</servinfosub>