<?xml version="1.0" encoding="UTF-8"?><servinfosub IE-ID="en-US0900c8af85b97d03" docno="VCC-458925" id="nev18593886n1" xml:lang="en-US">
<title>
<phrase category="Title" id="nev18593886n2" phrase-urn="urn:x-nevis:phrase:0800c8af81eb9a59">Fault-tracing</phrase>
</title>
<diagnostic j2008use="1" layout="0" paperuse="1" screenuse="1" type="test">
<testgrp IE-ID="en-US0900c8af85b97d03_nev18593886n3" id="nev18593886n3" j2008use="1" paperuse="0" resumable="1" screenuse="1" testgrp-id="node1" x="120" y="60">
<title id="nev18593886n4">
<phrase category="Title" id="nev18593886n5" phrase-urn="urn:x-nevis:phrase:0800c8af81eb9a5b">Fault-tracing i#@#@#5#ation</phrase>
</title>
<node id="nev18593886n6">
<test1 id="nev18593886n7">
<test2 id="nev18593886n8">
<ptxt id="nev18593886n9">
<phrase category="Faulttracing" id="nev18593886n10" phrase-urn="urn:x-nevis:phrase:0800c8af8539434d">The oil pressur#@#@#157#nsor.</phrase>
</ptxt>
<para id="nev18593887n1">
<ptxt id="nev18593887n2">
<phrase category="Possible source" id="nev18593887n3" phrase-urn="urn:x-nevis:phrase:0800c8af853943b3">This fault is r#@#@#57#nsor.</phrase>
</ptxt>
</para>
<grate>
<graphic id="nev18593887n4">
<href>0900c8af853779f#@#@#9#.jpeg</href>
</graphic>
</grate>
</test2>
</test1>
<question id="nev18593887n5">
Continue.
</question>
<resact-grp id="nev18593887n7">
<result button="cont" comp="button" highlight="0" id="nev18593887n8"/>
<action id="nev18593887n9" j2008use="1" paperuse="0" screenuse="1">
<return id="nev18593887n10" value="DONE"/>
</action>
</resact-grp>
</node>
</testgrp>
</diagnostic>
</servinfosub>