<?xml version="1.0" encoding="UTF-8"?><servinfosub IE-ID="en-US0900c8af80425d03" docno="VCC-025698" id="KC01456923" servinfosubId="nev20685741n1-nev20685741n2" servinfosubRes="0900c8af862c23b5" servinfosubRes2="urn:x-nevis:fragment:0900c8af80425d03:0900c8af862c23b5#nev20685741n2" xml:lang="en-US">
<title>Wheel sensors a#@#@#9#wheel</title>
<topic>
<title/>
<grate>
<graphic id="nev20685741n1-KC08330569" width="column">
<href>0900c8af803f7b7#@#@#9#.jpeg</href>
</graphic>
<graphtext>
<para>
<ptxt>On the front wh#@#@#146#eel.
</ptxt>
<ptxt>On the rear whe#@#@#200#eth.
</ptxt>
</para>
<para>
<ptxt>The wheel senso#@#@#563#ion.
</ptxt>
</para>
<para>
<ptxt>If there is a f#@#@#166#ime.
</ptxt>
</para>
<para>
<ptxt>Using the signa#@#@#74#eed.
</ptxt>
</para>
</graphtext>
</grate>
</topic>
</servinfosub>