<?xml version="1.0" encoding="UTF-8"?><servinfosub IE-ID="en-US0900c8af82659d03" docno="VCC-253601" id="nev10756807n1" servinfosubId="nev20684500n1-nev20684500n2" servinfosubRes="0900c8af862b9d35" servinfosubRes2="urn:x-nevis:fragment:0900c8af82659d03:0900c8af862b9d35#nev20684500n2" xml:lang="en-US">
<title id="nev10757837n1">Component speci#@#@#4#tions</title>
<para id="nev20684500n1-nev10757837n3">
<ptxt id="nev20684500n1-nev10757837n5">The component s#@#@#166#nent.</ptxt>
</para>
<para id="nev20684500n1-nev10757837n7">
<ptxt id="nev20684500n1-nev10757837n9">Numbers in pare#@#@#64#onds.</ptxt>
</para>
<para id="nev20684500n1-nev10757898n90">
<ptxt id="nev20684500n1-nev10757898n91">Supply voltage #@#@#34#ctor.</ptxt>
</para>
<table id="nev20684500n1-nev10757837n11">
<tgroup cols="5" id="nev20684500n1-nev10757839n118">
<colspec colname="col1" colwidth="0.98*" id="nev20684500n1-nev10757840n177"/>
<colspec colname="col2" colwidth="1.11*" id="nev20684500n1-nev10757841n236"/>
<colspec colname="col3" colwidth="0.95*" id="nev20684500n1-nev10757843n45"/>
<colspec colname="col4" colwidth="1.11*" id="nev20684500n1-nev10757844n104"/>
<colspec colname="col5" colwidth="0.87*" id="nev20684500n1-nev10757845n163"/>
<tbody id="nev20684500n1-nev10757846n222">
<row id="nev20684500n1-nev10757898n92">
<entry colname="col1" id="nev20684500n1-nev10757898n93">
<ptxt id="nev20684500n1-nev10757898n94">
<emph id="nev20684500n1-nev10757898n103">Designation</emph>
</ptxt>
</entry>
<entry colname="col2" id="nev20684500n1-nev10757898n95">
<ptxt id="nev20684500n1-nev10757898n96">
<emph id="nev20684500n1-nev10757898n104">Type</emph>
</ptxt>
</entry>
<entry colname="col3" id="nev20684500n1-nev10757898n97">
<ptxt id="nev20684500n1-nev10757898n98">
<emph id="nev20684500n1-nev10757898n105">Supply voltage</emph>
</ptxt>
</entry>
<entry colname="col4" id="nev20684500n1-nev10757898n99">
<ptxt id="nev20684500n1-nev10757898n100">
<emph id="nev20684500n1-nev10757898n106">Value</emph>
</ptxt>
</entry>
<entry colname="col5" id="nev20684500n1-nev10757898n101">
<ptxt id="nev20684500n1-nev10757898n102">
<emph id="nev20684500n1-nev10757898n107">Other</emph>
</ptxt>
</entry>
</row>
<row id="nev20684500n1-nev10757856n238">
<entry colname="col1" id="nev20684500n1-nev10757856n239">
<ptxt id="nev20684500n1-nev10757856n240">Air conditionin#@#@#8#relay</ptxt>
</entry>
<entry colname="col2" id="nev20684500n1-nev10757856n241">
<ptxt id="nev20684500n1-nev10757856n242">Mechanical relay</ptxt>
</entry>
<entry colname="col3" id="nev20684500n1-nev10757856n243">
<ptxt id="nev20684500n1-nev10757856n244">12V (#1 and #3)</ptxt>
</entry>
<entry colname="col4" id="nev20684500n1-nev10757856n245">
<ptxt id="nev20684500n1-nev10757856n246">Approx. 95 Ω (c#@#@#11#d #2)</ptxt>
</entry>
<entry colname="col5" id="nev20684500n1-nev10757856n247">
<ptxt id="nev20684500n1-nev10757856n248"/>
</entry>
</row>
<row id="nev20684500n1-nev10757856n249">
<entry colname="col1" id="nev20684500n1-nev10757856n250">
<ptxt id="nev20684500n1-nev10757897n1">A/C pressure sensor</ptxt>
</entry>
<entry colname="col2" id="nev20684500n1-nev10757897n2">
<ptxt id="nev20684500n1-nev10757897n3">Absolute pressu#@#@#4#ensor</ptxt>
</entry>
<entry colname="col3" id="nev20684500n1-nev10757897n4">
<ptxt id="nev20684500n1-nev10757897n5">5 V (#3)</ptxt>
</entry>
<entry colname="col4" id="nev20684500n1-nev10757897n6">
<ptxt id="nev20684500n1-nev10757897n7"/>
</entry>
<entry colname="col5" id="nev20684500n1-nev10757897n8">
<ptxt id="nev20684500n1-nev10757897n9"/>
</entry>
</row>
<row id="nev20684500n1-nev10757897n10">
<entry colname="col1" id="nev20684500n1-nev10757897n11">
<ptxt id="nev20684500n1-nev10757897n12">Stop lamp switch</ptxt>
</entry>
<entry colname="col2" id="nev20684500n1-nev10757897n13">
<ptxt id="nev20684500n1-nev10757897n14">Position switch</ptxt>
</entry>
<entry colname="col3" id="nev20684500n1-nev10757897n15">
<ptxt id="nev20684500n1-nev10757897n16">12 V (#1)</ptxt>
</entry>
<entry colname="col4" id="nev20684500n1-nev10757897n17">
<ptxt id="nev20684500n1-nev10757897n18">The switch is c#@#@#36#1-#2)</ptxt>
</entry>
<entry colname="col5" id="nev20684500n1-nev10757897n19">
<ptxt id="nev20684500n1-nev10757897n20"/>
</entry>
</row>
<row id="nev20684500n1-nev10757897n21">
<entry colname="col1" id="nev20684500n1-nev10757897n22">
<ptxt id="nev20684500n1-nev10757897n23">Fuel temperatur#@#@#3#ensor</ptxt>
</entry>
<entry colname="col2" id="nev20684500n1-nev10757897n24">
<ptxt id="nev20684500n1-nev10757897n25">NTC resistor</ptxt>
</entry>
<entry colname="col3" id="nev20684500n1-nev10757897n26">
<ptxt id="nev20684500n1-nev10757897n27">5V (#3)</ptxt>
</entry>
<entry colname="col4" id="nev20684500n1-nev10757897n28">
<ptxt id="nev20684500n1-nev10757897n29">~ 5896 Ω at 0 °#@#@#74#1-#2)</ptxt>
</entry>
<entry colname="col5" id="nev20684500n1-nev10757897n30">
<ptxt id="nev20684500n1-nev10757897n31">Located on the #@#@#32#pump.</ptxt>
</entry>
</row>
<row id="nev20684500n1-nev10757897n32">
<entry colname="col1" id="nev20684500n1-nev10757897n33">
<ptxt id="nev20684500n1-nev10757897n34">Fuel pressure sensor</ptxt>
</entry>
<entry colname="col2" id="nev20684500n1-nev10757897n35">
<ptxt id="nev20684500n1-nev10757897n36">Piezoresistive #@#@#10#ensor</ptxt>
</entry>
<entry colname="col3" id="nev20684500n1-nev10757897n37">
<ptxt id="nev20684500n1-nev10757897n38">5V (#3)</ptxt>
</entry>
<entry colname="col4" id="nev20684500n1-nev10757897n39">
<ptxt id="nev20684500n1-nev10757897n40"/>
</entry>
<entry colname="col5" id="nev20684500n1-nev10757897n41">
<ptxt id="nev20684500n1-nev10757897n42"/>
</entry>
</row>
<row id="nev20684500n1-nev10757897n43">
<entry colname="col1" id="nev20684500n1-nev10757897n44">
<ptxt id="nev20684500n1-nev10757897n45">Fuel flow contr#@#@#11#PROP)</ptxt>
</entry>
<entry colname="col2" id="nev20684500n1-nev10757897n46">
<ptxt id="nev20684500n1-nev10757897n47">PWM-regulated valve</ptxt>
</entry>
<entry colname="col3" id="nev20684500n1-nev10757897n48">
<ptxt id="nev20684500n1-nev10757897n49">12 V (#1)</ptxt>
</entry>
<entry colname="col4" id="nev20684500n1-nev10757897n50">
<ptxt id="nev20684500n1-nev10860073n1">2.6-3.4 Ω (coil#@#@#8#d #2)</ptxt>
<ptxt id="nev20684500n1-nev10757897n51"/>
</entry>
<entry colname="col5" id="nev20684500n1-nev10757897n52">
<ptxt id="nev20684500n1-nev10757897n53">(Mprop) Magneti#@#@#145#side.</ptxt>
</entry>
</row>
<row id="nev20684500n1-nev10757897n54">
<entry colname="col1" id="nev20684500n1-nev10757897n55">
<ptxt id="nev20684500n1-nev10757897n56">Fuel pressure c#@#@#14#DRV2)</ptxt>
</entry>
<entry colname="col2" id="nev20684500n1-nev10757897n57">
<ptxt id="nev20684500n1-nev10757897n58">PWM-regulated valve</ptxt>
</entry>
<entry colname="col3" id="nev20684500n1-nev10757897n59">
<ptxt id="nev20684500n1-nev10757897n60">12 V (#1)</ptxt>
</entry>
<entry colname="col4" id="nev20684500n1-nev10757897n61">
<ptxt id="nev20684500n1-nev10757897n62">3.42-3.78 Ω (coil)</ptxt>
</entry>
<entry colname="col5" id="nev20684500n1-nev10757897n63">
<ptxt id="nev20684500n1-nev10757897n64">PCV, located on#@#@#10#rail.</ptxt>
</entry>
</row>
<row id="nev20684500n1-nev10757897n65">
<entry colname="col1" id="nev20684500n1-nev10757897n66">
<ptxt id="nev20684500n1-nev10757897n67">EGR valve</ptxt>
</entry>
<entry colname="col2" id="nev20684500n1-nev10757897n68">
<ptxt id="nev20684500n1-nev10757897n69">Electromechanic#@#@#3#valve</ptxt>
</entry>
<entry colname="col3" id="nev20684500n1-nev10757897n70">
<ptxt id="nev20684500n1-nev10757897n71">12 V (#3)</ptxt>
</entry>
<entry colname="col4" id="nev20684500n1-nev10757897n72">
<ptxt id="nev20684500n1-nev10757897n73"/>
</entry>
<entry colname="col5" id="nev20684500n1-nev10757897n74">
<ptxt id="nev20684500n1-nev10757897n75"/>
</entry>
</row>
<row id="nev20684500n1-nev10757897n76">
<entry colname="col1" id="nev20684500n1-nev10757897n77">
<ptxt id="nev20684500n1-nev10757897n78">Engine cooling #@#@#13#odule</ptxt>
</entry>
<entry colname="col2" id="nev20684500n1-nev10757897n79">
<ptxt id="nev20684500n1-nev10757897n80"/>
</entry>
<entry colname="col3" id="nev20684500n1-nev10757897n81">
<ptxt id="nev20684500n1-nev10757897n82">12 V (#2)</ptxt>
</entry>
<entry colname="col4" id="nev20684500n1-nev10757897n83">
<ptxt id="nev20684500n1-nev10757897n84"/>
</entry>
<entry colname="col5" id="nev20684500n1-nev10757897n85">
<ptxt id="nev20684500n1-nev10757897n86"/>
</entry>
</row>
<row id="nev20684500n1-nev10757897n87">
<entry colname="col1" id="nev20684500n1-nev10757897n88">
<ptxt id="nev20684500n1-nev10757897n89">Preheating, hea#@#@#12#ensor</ptxt>
</entry>
<entry colname="col2" id="nev20684500n1-nev10757897n90">
<ptxt id="nev20684500n1-nev10757897n91"/>
</entry>
<entry colname="col3" id="nev20684500n1-nev10757897n92">
<ptxt id="nev20684500n1-nev10757897n93">12 V (#4)</ptxt>
</entry>
<entry colname="col4" id="nev20684500n1-nev10757897n94">
<ptxt id="nev20684500n1-nev10757897n95">2.6-3.4 Ω at 20#@#@#6#3-#4)</ptxt>
</entry>
<entry colname="col5" id="nev20684500n1-nev10757897n96">
<ptxt id="nev20684500n1-nev10757897n97"/>
</entry>
</row>
<row id="nev20684500n1-nev10757897n98">
<entry colname="col1" id="nev20684500n1-nev10757897n99">
<ptxt id="nev20684500n1-nev10757897n100">Accelerator ped#@#@#13#ensor</ptxt>
</entry>
<entry colname="col2" id="nev20684500n1-nev10757897n101">
<ptxt id="nev20684500n1-nev10757897n102">Electronic peda#@#@#112#gnal.</ptxt>
</entry>
<entry colname="col3" id="nev20684500n1-nev10757897n103">
<ptxt id="nev20684500n1-nev10757897n104">12 V (#1) 5 V (#6)</ptxt>
</entry>
<entry colname="col4" id="nev20684500n1-nev10757897n105">
<ptxt id="nev20684500n1-nev10757897n106"/>
</entry>
<entry colname="col5" id="nev20684500n1-nev10757897n107">
<ptxt id="nev20684500n1-nev10757897n108"/>
</entry>
</row>
<row id="nev20684500n1-nev10757897n109">
<entry colname="col1" id="nev20684500n1-nev10757897n110">
<ptxt id="nev20684500n1-nev10757897n111">Glow plug</ptxt>
</entry>
<entry colname="col2" id="nev20684500n1-nev10757897n112">
<ptxt id="nev20684500n1-nev10757897n113"/>
</entry>
<entry colname="col3" id="nev20684500n1-nev10757897n114">
<ptxt id="nev20684500n1-nev10757897n115"/>
</entry>
<entry colname="col4" id="nev20684500n1-nev10757897n116">
<ptxt id="nev20684500n1-nev10757897n117">Supplied 7 V.</ptxt>
</entry>
<entry colname="col5" id="nev20684500n1-nev10757897n118">
<ptxt id="nev20684500n1-nev10757897n119"/>
</entry>
</row>
<row id="nev20684500n1-nev10757897n120">
<entry colname="col1" id="nev20684500n1-nev10757897n121">
<ptxt id="nev20684500n1-nev10757897n122">Glow plug relay</ptxt>
</entry>
<entry colname="col2" id="nev20684500n1-nev10757897n123">
<ptxt id="nev20684500n1-nev10757897n124">Electronic rela#@#@#29#puts.</ptxt>
</entry>
<entry colname="col3" id="nev20684500n1-nev10757897n125">
<ptxt id="nev20684500n1-nev10757897n126">12 V (#6) 12 V (#11)</ptxt>
</entry>
<entry colname="col4" id="nev20684500n1-nev10757897n127">
<ptxt id="nev20684500n1-nev10757897n128"/>
</entry>
<entry colname="col5" id="nev20684500n1-nev10757897n129">
<ptxt id="nev20684500n1-nev10757897n130"/>
</entry>
</row>
<row id="nev20684500n1-nev10757897n131">
<entry colname="col1" id="nev20684500n1-nev10757897n132">
<ptxt id="nev20684500n1-nev10757897n133">Impulse sensor</ptxt>
</entry>
<entry colname="col2" id="nev20684500n1-nev10757897n134">
<ptxt id="nev20684500n1-nev10757897n135">Inductive senso#@#@#19#gnet.</ptxt>
</entry>
<entry colname="col3" id="nev20684500n1-nev10757897n136">
<ptxt id="nev20684500n1-nev10757897n137"/>
</entry>
<entry colname="col4" id="nev20684500n1-nev10757897n138">
<ptxt id="nev20684500n1-nev10757897n139">125Ω (+/- 17 Ω)#@#@#12#1-#2)</ptxt>
</entry>
<entry colname="col5" id="nev20684500n1-nev10757897n140">
<ptxt id="nev20684500n1-nev10757897n141"/>
</entry>
</row>
<row id="nev20684500n1-nev10757897n142">
<entry colname="col1" id="nev20684500n1-nev10757897n143">
<ptxt id="nev20684500n1-nev10757897n144">Injector</ptxt>
</entry>
<entry colname="col2" id="nev20684500n1-nev10757897n145">
<ptxt id="nev20684500n1-nev10757897n146">Electromechanic#@#@#6#ector</ptxt>
</entry>
<entry colname="col3" id="nev20684500n1-nev10757897n147">
<ptxt id="nev20684500n1-nev10757897n148">0.5-21 V (#1), #@#@#8# (#2)</ptxt>
</entry>
<entry colname="col4" id="nev20684500n1-nev10757897n149">
<ptxt id="nev20684500n1-nev10757897n150">Approx. 0.22 Ω #@#@#11#1-#2)</ptxt>
</entry>
<entry colname="col5" id="nev20684500n1-nev10757897n151">
<ptxt id="nev20684500n1-nev10757897n152"/>
</entry>
</row>
<row id="nev20684500n1-nev10757897n153">
<entry colname="col1" id="nev20684500n1-nev10757897n154">
<ptxt id="nev20684500n1-nev10757897n155">Camshaft positi#@#@#10#ensor</ptxt>
</entry>
<entry colname="col2" id="nev20684500n1-nev10757897n156">
<ptxt id="nev20684500n1-nev10757897n157">Hall sensor</ptxt>
</entry>
<entry colname="col3" id="nev20684500n1-nev10757897n158">
<ptxt id="nev20684500n1-nev10757897n159">5 V (#3)</ptxt>
</entry>
<entry colname="col4" id="nev20684500n1-nev10757897n160">
<ptxt id="nev20684500n1-nev10757897n161"/>
</entry>
<entry colname="col5" id="nev20684500n1-nev10757897n162">
<ptxt id="nev20684500n1-nev10757897n163"/>
</entry>
</row>
<row id="nev20684500n1-nev10757897n164">
<entry colname="col1" id="nev20684500n1-nev10757897n165">
<ptxt id="nev20684500n1-nev10757897n166">Clutch pedal sensor</ptxt>
</entry>
<entry colname="col2" id="nev20684500n1-nev10757897n167">
<ptxt id="nev20684500n1-nev10757897n168">Potentiometer</ptxt>
</entry>
<entry colname="col3" id="nev20684500n1-nev10757897n169">
<ptxt id="nev20684500n1-nev10757897n170">5 V (#2)</ptxt>
</entry>
<entry colname="col4" id="nev20684500n1-nev10757897n171">
<ptxt id="nev20684500n1-nev10757897n172">170-2400 Ω, app#@#@#35#ted. </ptxt>
</entry>
<entry colname="col5" id="nev20684500n1-nev10757897n173">
<ptxt id="nev20684500n1-nev10757897n174"/>
</entry>
</row>
<row id="nev20684500n1-nev10757897n175">
<entry colname="col1" id="nev20684500n1-nev10757897n176">
<ptxt id="nev20684500n1-nev10757897n177">Coolant tempera#@#@#6#ensor</ptxt>
</entry>
<entry colname="col2" id="nev20684500n1-nev10757897n178">
<ptxt id="nev20684500n1-nev10757897n179">NTC resistor</ptxt>
</entry>
<entry colname="col3" id="nev20684500n1-nev10757897n180">
<ptxt id="nev20684500n1-nev10757897n181">5 V (#1)</ptxt>
</entry>
<entry colname="col4" id="nev20684500n1-nev10757897n182">
<ptxt id="nev20684500n1-nev10757897n183">5740 Ω at 0 °C #@#@#127#- #2)</ptxt>
</entry>
<entry colname="col5" id="nev20684500n1-nev10757897n184">
<ptxt id="nev20684500n1-nev10757897n185"/>
</entry>
</row>
<row id="nev20684500n1-nev10757897n186">
<entry colname="col1" id="nev20684500n1-nev10757897n187">
<ptxt id="nev20684500n1-nev10757897n188">Coolant level sensor</ptxt>
</entry>
<entry colname="col2" id="nev20684500n1-nev10757897n189">
<ptxt id="nev20684500n1-nev10757897n190">Position switch</ptxt>
</entry>
<entry colname="col3" id="nev20684500n1-nev10757897n191">
<ptxt id="nev20684500n1-nev10757897n192">12 V (#1), grou#@#@#11# (#2)</ptxt>
</entry>
<entry colname="col4" id="nev20684500n1-nev10757897n193">
<ptxt id="nev20684500n1-nev10757897n194">Closed when coo#@#@#16#rmal.</ptxt>
</entry>
<entry colname="col5" id="nev20684500n1-nev10757897n195">
<ptxt id="nev20684500n1-nev10757897n196"/>
</entry>
</row>
<row id="nev20684500n1-nev10757897n197">
<entry colname="col1" id="nev20684500n1-nev10757897n198">
<ptxt id="nev20684500n1-nev10757897n199">Boost pressure #@#@#8#TMAP)</ptxt>
</entry>
<entry colname="col2" id="nev20684500n1-nev10757897n200">
<ptxt id="nev20684500n1-nev10757897n201">Absolute pressu#@#@#76#tor).</ptxt>
</entry>
<entry colname="col3" id="nev20684500n1-nev10757897n202">
<ptxt id="nev20684500n1-nev10757897n203">5 V (#3)</ptxt>
</entry>
<entry colname="col4" id="nev20684500n1-nev10757897n204">
<ptxt id="nev20684500n1-nev10757897n205"/>
</entry>
<entry colname="col5" id="nev20684500n1-nev10757897n206">
<ptxt id="nev20684500n1-nev10757897n207">
<literal id="nev20684500n1-nev10861650n1">(TMAP) Temperat#@#@#30#ensor</literal>
</ptxt>
</entry>
</row>
<row id="nev20684500n1-nev10757897n208">
<entry colname="col1" id="nev20684500n1-nev10757897n209">
<ptxt id="nev20684500n1-nev10757897n210">Heated oxygen sensor</ptxt>
</entry>
<entry colname="col2" id="nev20684500n1-nev10757897n211">
<ptxt id="nev20684500n1-nev10757897n212">Broadbanded hea#@#@#16#nsor.</ptxt>
</entry>
<entry colname="col3" id="nev20684500n1-nev10757897n213">
<ptxt id="nev20684500n1-nev10757897n214"/>
</entry>
<entry colname="col4" id="nev20684500n1-nev10757897n215">
<ptxt id="nev20684500n1-nev10757897n216"/>
</entry>
<entry colname="col5" id="nev20684500n1-nev10757897n217">
<ptxt id="nev20684500n1-nev10757897n218"/>
</entry>
</row>
<row id="nev20684500n1-nev10757897n219">
<entry colname="col1" id="nev20684500n1-nev10757897n220">
<ptxt id="nev20684500n1-nev10757897n221">Mass air flow s#@#@#24#ensor</ptxt>
</entry>
<entry colname="col2" id="nev20684500n1-nev10757897n222">
<ptxt id="nev20684500n1-nev10757897n223">Hot film sensor</ptxt>
</entry>
<entry colname="col3" id="nev20684500n1-nev10757897n224">
<ptxt id="nev20684500n1-nev10757897n225">12 V (#1) </ptxt>
</entry>
<entry colname="col4" id="nev20684500n1-nev10757897n226">
<ptxt id="nev20684500n1-nev10757897n227"/>
</entry>
<entry colname="col5" id="nev20684500n1-nev10757897n228">
<ptxt id="nev20684500n1-nev10757897n229">Measures air ma#@#@#14#ture.</ptxt>
</entry>
</row>
<row id="nev20684500n1-nev10757897n230">
<entry colname="col1" id="nev20684500n1-nev10757897n231">
<ptxt id="nev20684500n1-nev10757897n232">Position sensor#@#@#11#ottle</ptxt>
</entry>
<entry colname="col2" id="nev20684500n1-nev10757897n233">
<ptxt id="nev20684500n1-nev10757897n234">Hall sensor</ptxt>
</entry>
<entry colname="col3" id="nev20684500n1-nev10757897n235">
<ptxt id="nev20684500n1-nev10757897n236">5 V (#4)</ptxt>
</entry>
<entry colname="col4" id="nev20684500n1-nev10757897n237">
<ptxt id="nev20684500n1-nev10757897n238"/>
</entry>
<entry colname="col5" id="nev20684500n1-nev10757897n239">
<ptxt id="nev20684500n1-nev10757897n240"/>
</entry>
</row>
<row id="nev20684500n1-nev10757897n241">
<entry colname="col1" id="nev20684500n1-nev10757897n242">
<ptxt id="nev20684500n1-nev10757897n243">Oil level and t#@#@#12#ensor</ptxt>
</entry>
<entry colname="col2" id="nev20684500n1-nev10757897n244">
<ptxt id="nev20684500n1-nev10757897n245"/>
</entry>
<entry colname="col3" id="nev20684500n1-nev10757897n246">
<ptxt id="nev20684500n1-nev10757897n247">12 V (#3)</ptxt>
</entry>
<entry colname="col4" id="nev20684500n1-nev10757897n248">
<ptxt id="nev20684500n1-nev10757897n249"/>
</entry>
<entry colname="col5" id="nev20684500n1-nev10757897n250">
<ptxt id="nev20684500n1-nev10757898n1"/>
</entry>
</row>
<row id="nev20684500n1-nev10757898n2">
<entry colname="col1" id="nev20684500n1-nev10757898n3">
<ptxt id="nev20684500n1-nev10757898n4">Throttle unit</ptxt>
</entry>
<entry colname="col2" id="nev20684500n1-nev10757898n5">
<ptxt id="nev20684500n1-nev10757898n6">Electronic thro#@#@#64#nsor.</ptxt>
</entry>
<entry colname="col3" id="nev20684500n1-nev10757898n7">
<ptxt id="nev20684500n1-nev10757898n8">5 V (#3)</ptxt>
</entry>
<entry colname="col4" id="nev20684500n1-nev10757898n9">
<ptxt id="nev20684500n1-nev10757898n10">1.2-3.5 Ω (#1-##@#@#121#-#6).</ptxt>
</entry>
<entry colname="col5" id="nev20684500n1-nev10757898n11">
<ptxt id="nev20684500n1-nev10757898n12"/>
</entry>
</row>
<row id="nev20684500n1-nev10757898n13">
<entry colname="col1" id="nev20684500n1-nev10757898n14">
<ptxt id="nev20684500n1-nev10757898n15">System relay</ptxt>
</entry>
<entry colname="col2" id="nev20684500n1-nev10757898n16">
<ptxt id="nev20684500n1-nev10757898n17">Mechanical relay</ptxt>
</entry>
<entry colname="col3" id="nev20684500n1-nev10757898n18">
<ptxt id="nev20684500n1-nev10757898n19">12V (#1), 12V (#2)</ptxt>
</entry>
<entry colname="col4" id="nev20684500n1-nev10757898n20">
<ptxt id="nev20684500n1-nev10757898n21">Approx. 70 Ω (c#@#@#12#d #4)</ptxt>
</entry>
<entry colname="col5" id="nev20684500n1-nev10757898n22">
<ptxt id="nev20684500n1-nev10757898n23"/>
</entry>
</row>
<row id="nev20684500n1-nev10757898n24">
<entry colname="col1" id="nev20684500n1-nev10757898n25">
<ptxt id="nev20684500n1-nev10757898n26">Starter motor relay</ptxt>
</entry>
<entry colname="col2" id="nev20684500n1-nev10757898n27">
<ptxt id="nev20684500n1-nev10757898n28">Mechanical relay</ptxt>
</entry>
<entry colname="col3" id="nev20684500n1-nev10757898n29">
<ptxt id="nev20684500n1-nev10757898n30">12V (#1), 12V (#2)</ptxt>
</entry>
<entry colname="col4" id="nev20684500n1-nev10757898n31">
<ptxt id="nev20684500n1-nev10757898n32">Approx. 70 Ω (c#@#@#12#d #4)</ptxt>
</entry>
<entry colname="col5" id="nev20684500n1-nev10757898n33">
<ptxt id="nev20684500n1-nev10757898n34"/>
</entry>
</row>
<row id="nev20684500n1-nev10840564n12">
<entry id="nev20684500n1-nev10840564n13">
<ptxt id="nev20684500n1-nev10840564n23">Temperature sen#@#@#19#erter</ptxt>
<ptxt id="nev20684500n1-nev10840564n14"/>
</entry>
<entry id="nev20684500n1-nev10840564n15">
<ptxt id="nev20684500n1-nev10840564n16">Pt200 sensor</ptxt>
</entry>
<entry id="nev20684500n1-nev10840564n17">
<ptxt id="nev20684500n1-nev10840564n18">5 V (#1)</ptxt>
</entry>
<entry id="nev20684500n1-nev10840564n19">
<ptxt id="nev20684500n1-nev10840564n20">200.5 Ω at 0 °C#@#@#131#d #2)</ptxt>
</entry>
<entry id="nev20684500n1-nev10840564n21">
<ptxt id="nev20684500n1-nev10840564n22">Analog signal U=0-5V</ptxt>
</entry>
</row>
<row id="nev20684500n1-nev10757898n35">
<entry colname="col1" id="nev20684500n1-nev10757898n36">
<ptxt id="nev20684500n1-nev10757898n37">Temperature sen#@#@#13# trap</ptxt>
</entry>
<entry colname="col2" id="nev20684500n1-nev10757898n38">
<ptxt id="nev20684500n1-nev10757898n39">Pt200 sensor</ptxt>
</entry>
<entry colname="col3" id="nev20684500n1-nev10757898n40">
<ptxt id="nev20684500n1-nev10757898n41">5 V (#1)</ptxt>
</entry>
<entry colname="col4" id="nev20684500n1-nev10757898n42">
<ptxt id="nev20684500n1-nev10757898n43">200.5 Ω at 0 °C#@#@#131#d #2)</ptxt>
</entry>
<entry colname="col5" id="nev20684500n1-nev10757898n44">
<ptxt id="nev20684500n1-nev10757898n45">Analog signal U=0-5V</ptxt>
</entry>
</row>
<row id="nev20684500n1-nev10757898n46">
<entry colname="col1" id="nev20684500n1-nev10757898n47">
<ptxt id="nev20684500n1-nev10757898n48">Pressure sensor#@#@#9# trap</ptxt>
</entry>
<entry colname="col2" id="nev20684500n1-nev10757898n49">
<ptxt id="nev20684500n1-nev10757898n50">Differential pr#@#@#8#ensor</ptxt>
</entry>
<entry colname="col3" id="nev20684500n1-nev10757898n51">
<ptxt id="nev20684500n1-nev10757898n52">5 V (#3)</ptxt>
</entry>
<entry colname="col4" id="nev20684500n1-nev10757898n53">
<ptxt id="nev20684500n1-nev10757898n54"/>
</entry>
<entry colname="col5" id="nev20684500n1-nev10757898n55">
<ptxt id="nev20684500n1-nev10757898n56">Analog signal U#@#@#4#-4.5V</ptxt>
</entry>
</row>
<row id="nev20684500n1-nev10757898n57">
<entry colname="col1" id="nev20684500n1-nev10757898n58">
<ptxt id="nev20684500n1-nev10757898n59">Turbo control valve</ptxt>
</entry>
<entry colname="col2" id="nev20684500n1-nev10757898n60">
<ptxt id="nev20684500n1-nev10757898n61">PWM-regulated D#@#@#2#motor</ptxt>
</entry>
<entry colname="col3" id="nev20684500n1-nev10757898n62">
<ptxt id="nev20684500n1-nev10757898n63">12 V (#1) </ptxt>
</entry>
<entry colname="col4" id="nev20684500n1-nev10757898n64">
<ptxt id="nev20684500n1-nev10757898n65"/>
</entry>
<entry colname="col5" id="nev20684500n1-nev10757898n66">
<ptxt id="nev20684500n1-nev10757898n67"/>
</entry>
</row>
<row id="nev20684500n1-nev10757898n68">
<entry colname="col1" id="nev20684500n1-nev10757898n69">
<ptxt id="nev20684500n1-nev10757898n70">Vacuum valve, e#@#@#9#nting</ptxt>
</entry>
<entry colname="col2" id="nev20684500n1-nev10757898n71">
<ptxt id="nev20684500n1-nev10757898n72">Electrically re#@#@#15#valve</ptxt>
</entry>
<entry colname="col3" id="nev20684500n1-nev10757898n73">
<ptxt id="nev20684500n1-nev10757898n74">12 V</ptxt>
</entry>
<entry colname="col4" id="nev20684500n1-nev10757898n75">
<ptxt id="nev20684500n1-nev10757898n76">Approx. 29.7 Ω #@#@#13#d #2)</ptxt>
</entry>
<entry colname="col5" id="nev20684500n1-nev10757898n77">
<ptxt id="nev20684500n1-nev10757898n78">Grounded in Eng#@#@#20#ECM).</ptxt>
</entry>
</row>
<row id="nev20684500n1-nev10757898n79">
<entry colname="col1" id="nev20684500n1-nev10757898n80">
<ptxt id="nev20684500n1-nev10757898n81">Swirl throttle motor</ptxt>
</entry>
<entry colname="col2" id="nev20684500n1-nev10757898n82">
<ptxt id="nev20684500n1-nev10757898n83">DC motor and po#@#@#8#ensor</ptxt>
</entry>
<entry colname="col3" id="nev20684500n1-nev10757898n84">
<ptxt id="nev20684500n1-nev10757898n85">5 V (#4)</ptxt>
</entry>
<entry colname="col4" id="nev20684500n1-nev10757898n86">
<ptxt id="nev20684500n1-nev10757898n87"/>
</entry>
<entry colname="col5" id="nev20684500n1-nev10757898n88">
<ptxt id="nev20684500n1-nev10757898n89">Regulated by th#@#@#37#ECM).</ptxt>
</entry>
</row>
</tbody>
</tgroup>
</table>
</servinfosub>