<?xml version="1.0" encoding="UTF-8"?><servinfosub IE-ID="en-US0900c8af8091dd03" docno="VCC-114100" id="KC02428408" xml:lang="en-US">
<title>
<phrase category="" id="KC06672107" phrase-urn="urn:x-nevis:phrase:0800c8af819b4eee"> Diagnostic tro#@#@#22#ation</phrase>
</title>
<diagnostic type="condition">
<condgrp>
<condition type="condition">
<ptxt>
<phrase category="" id="KC06672108" phrase-urn="urn:x-nevis:phrase:0800c8af819b4eef">Diagnostic trou#@#@#166#n II.</phrase>
</ptxt>
</condition>
</condgrp>
<condgrp>
<condition type="substitution">
<ptxt>
<phrase category="" id="KC06672109" phrase-urn="urn:x-nevis:phrase:0800c8af819b4ef0">None</phrase>
</ptxt>
</condition>
<ps>
<list1 enumtype="d" type="unordered">
<item>
<ptxt>
<phrase category="" id="KC06672110" phrase-urn="urn:x-nevis:phrase:0800c8af819b4ef1">Defective fuse.</phrase>
</ptxt>
</item>
<item>
<ptxt>
<phrase category="" id="KC06672111" phrase-urn="urn:x-nevis:phrase:0800c8af819b4ef2">Open-circuit in#@#@#39#tch. </phrase>
</ptxt>
</item>
<item>
<ptxt>
<phrase category="" id="KC06672112" phrase-urn="urn:x-nevis:phrase:0800c8af819b4ef4">Short-circuit t#@#@#49#itch.</phrase>
</ptxt>
</item>
<item>
<ptxt>
<phrase category="" id="KC06672113" phrase-urn="urn:x-nevis:phrase:0800c8af819b4ef5">Contact resista#@#@#13#tion.</phrase>
</ptxt>
</item>
</list1>
</ps>
</condgrp>
<condgrp>
<condition type="symptom">
<list1 enumtype="d" type="unordered">
<item>
<ptxt>
<phrase category="" id="KC06672114" phrase-urn="urn:x-nevis:phrase:0800c8af819b4ef6">The wiper inter#@#@#39#tion </phrase>
</ptxt>
</item>
<item>
<ptxt>
<phrase category="" id="KC06672115" phrase-urn="urn:x-nevis:phrase:0800c8af819b4ef7">The rear windsh#@#@#28#erate</phrase>
</ptxt>
</item>
</list1>
</condition>
</condgrp>
</diagnostic>
</servinfosub>