<?xml version="1.0" encoding="UTF-8"?><servinfosub IE-ID="en-US0900c8af823dad03" docno="VCC-165127" id="KC09019406" xml:lang="en-US">
<title>
<phrase category="" id="KC09019410" phrase-urn="urn:x-nevis:phrase:0800c8af823dad04">Diagnostic trou#@#@#33#61700</phrase>
</title>
<diagnostic type="condition">
<condgrp>
<condition type="condition">
<grate>
<graphic id="KC09019411" width="column">
<href>0900c8af80054da#@#@#9#.jpeg</href>
</graphic>
<graphtext>
<para>
<ptxt>
<phrase category="" id="KC09019412" phrase-urn="urn:x-nevis:phrase:0800c8af823dad05">The engine cont#@#@#238#ion).</phrase>
</ptxt>
<ptxt>
<phrase category="" id="KC09019413" phrase-urn="urn:x-nevis:phrase:0800c8af823dad06">The diagnostic #@#@#49#s on.</phrase>
</ptxt>
</para>
</graphtext>
</grate>
</condition>
</condgrp>
<condgrp>
<condition type="substitution">
<list1 enumtype="d">
<item>
<ptxt>
<phrase category="" id="KC09019414" phrase-urn="urn:x-nevis:phrase:0800c8af823dad07">Nothing.</phrase>
</ptxt>
</item>
</list1>
</condition>
<ps>
<list1 enumtype="d" type="unordered">
<item>
<ptxt>
<phrase category="" id="KC09019415" phrase-urn="urn:x-nevis:phrase:0800c8af823dad08">The signal cabl#@#@#27#tage.</phrase>
</ptxt>
</item>
<item>
<ptxt>
<phrase category="" id="KC09019416" phrase-urn="urn:x-nevis:phrase:0800c8af823dad09">Damaged starter#@#@#8#elay.</phrase>
</ptxt>
</item>
</list1>
</ps>
</condgrp>
<condgrp>
<condition type="symptom">
<list1 enumtype="d" type="unordered">
<item>
<ptxt>
<phrase category="" id="KC09019417" phrase-urn="urn:x-nevis:phrase:0800c8af823dad0a">Nothing</phrase>
</ptxt>
</item>
</list1>
</condition>
</condgrp>
</diagnostic>
</servinfosub>