<?xml version="1.0" encoding="UTF-8"?><servinfosub IE-ID="en-US0900c8af84652d03" docno="VCC-297110" id="nev11984965n1" original="sv-SE" xml:lang="en-US">
<operationnumbers>
<operationnumber>64518-2</operationnumber>
</operationnumbers>
<title id="nev11984965n2">Power steering pump</title>
<imagedisclaimer id="nev11986516n248"/>
<toolitemtable id="nev13948345n160">
<table id="nev13948345n159">
<tgroup cols="2" id="nev13948345n158">
<colspec colname="COLSPEC0" colwidth="1.00*" id="nev13948345n157"/>
<colspec colname="COLSPEC1" colwidth="1.00*" id="nev13948345n155"/>
<thead id="nev13948345n153">
<row id="nev13948345n152">
<entry id="nev13948345n151" nameend="COLSPEC1" namest="COLSPEC0" valign="top">
<ptxt id="nev13948345n150">
<emph id="nev13948345n149">Special tools</emph>
</ptxt>
</entry>
</row>
</thead>
<tbody id="nev13948345n148">
<row id="nev13948345n147">
<entry id="nev13948345n146">
<graphic id="nev13948345n145">
<href>0900c8af8011ff4#@#@#9#.jpeg</href>
</graphic>
</entry>
<entry id="nev13948345n141">
<ptxt id="nev13948345n140">
<emph id="nev13948345n139">T9997077 JIMMY BAR</emph>
</ptxt>
<ptxt id="nev13948345n138">
<emph id="nev13948345n137">Tool number: </emph>T9997077</ptxt>
<ptxt id="nev13948345n136">
<emph id="nev13948345n135">Tool description: </emph>JIMMY BAR</ptxt>
<ptxt id="nev13948345n134">
<emph id="nev13948345n133">Tool boards: </emph>
</ptxt>
</entry>
</row>
</tbody>
</tgroup>
</table>
</toolitemtable>
<procedure id="nev11986516n247">
<stepgrp boilerplate="true" context="removal" id="nev11986516n246">
<note id="nev11986516n243">
<ptxt id="nev11986516n242">Removal steps i#@#@#45#ails.</ptxt>
</note>
<procstep id="nev11986516n231">
<title id="nev11986516n230"/>
<para id="nev13945176n181">
<ptxt id="nev13945176n180">Remove relay an#@#@#26#ent. <xref boilerplate="true" id="nev13945176n41">
<ref id="nev13945177n221"/>
</xref>
</ptxt>
</para>
</procstep>
<procstep id="nev11986516n245">
<title id="nev11986516n244"/>
<grate id="nev11986516n236">
<graphic id="nev11986516n235">
<href>0900c8af8369e23#@#@#9#.jpeg</href>
</graphic>
</grate>
</procstep>
<procstep id="nev11986516n219">
<title id="nev11986516n218"/>
<grate id="nev11986516n217">
<graphic id="nev11986516n216">
<href>0900c8af835a0a7#@#@#9#.jpeg</href>
</graphic>
</grate>
</procstep>
<procstep id="nev11986516n209">
<title id="nev11986516n208"/>
<grate id="nev11986516n207">
<graphic id="nev11986516n206">
<href>0900c8af836e957#@#@#9#.jpeg</href>
</graphic>
</grate>
</procstep>
<procstep id="nev11986516n199">
<title id="nev11986516n198"/>
<grate id="nev11986516n197">
<graphic id="nev11986516n196">
<href>0900c8af836e958#@#@#9#.jpeg</href>
</graphic>
</grate>
</procstep>
<procstep id="nev11986516n189">
<title id="nev11986516n188"/>
<grate id="nev11986516n187">
<graphic id="nev11986516n186">
<href>0900c8af836e958#@#@#9#.jpeg</href>
</graphic>
</grate>
</procstep>
<procstep id="nev13945177n58">
<title id="nev13945177n57"/>
<grate id="nev13945182n168">
<graphic id="nev13945182n167">
<href>0900c8af8464261#@#@#9#.jpeg</href>
</graphic>
</grate>
</procstep>
<procstep id="nev11986516n169">
<title id="nev11986516n168"/>
<grate id="nev11986516n167">
<graphic id="nev11986516n166">
<href>0900c8af836e95a#@#@#9#.jpeg</href>
</graphic>
<graphtext id="nev11986516n162">
<warning id="nev11986516n58">
<ptxt id="nev11986516n57">Be prepared to #@#@#18#luid.</ptxt>
</warning>
</graphtext>
</grate>
</procstep>
<procstep id="nev13945183n57">
<title id="nev13945183n56"/>
<grate id="nev13945184n167">
<graphic id="nev13945184n166">
<href>0900c8af836e959#@#@#9#.jpeg</href>
</graphic>
<graphtext id="nev13945185n205">
<para id="nev13945188n3">
<ptxt id="nev13945188n2">
<torque id="nev13945195n73">
<ref id="nev13945195n113"/>
</torque>
</ptxt>
</para>
</graphtext>
</grate>
</procstep>
<procstep id="nev11986516n159">
<title id="nev11986516n158"/>
<grate id="nev11986516n157">
<graphic id="nev11986516n156">
<href>0900c8af836e95a#@#@#9#.jpeg</href>
</graphic>
<graphtext id="nev11986516n152">
<warning id="nev11986516n56">
<ptxt id="nev11986516n55">Be prepared to #@#@#18#luid.</ptxt>
</warning>
<para id="nev11986516n151">
<ptxt id="nev11986516n150">Pressure hose i#@#@#7#(M16)<xref boilerplate="true" id="nev11988424n23">
<ref id="nev11988424n22"/>
</xref>.</ptxt>
</para>
</graphtext>
</grate>
</procstep>
<procstep id="nev13945198n214">
<title id="nev13945198n213"/>
<grate id="nev13945198n74">
<graphic id="nev13945198n73">
<href>0900c8af8464263#@#@#9#.jpeg</href>
</graphic>
<graphtext id="nev13945236n124">
<para id="nev13945236n36">
<ptxt id="nev13945236n35">
<toolitem id="nev13945237n110" imageid="0900c8af8011ff44"/>
</ptxt>
</para>
</graphtext>
</grate>
</procstep>
<procstep id="nev13945201n112">
<title id="nev13945201n111"/>
<grate id="nev13945204n222">
<graphic id="nev13945204n221">
<href>0900c8af8464260#@#@#9#.jpeg</href>
</graphic>
</grate>
</procstep>
<procstep id="nev13945204n10">
<title id="nev13945204n9"/>
<grate id="nev13945206n120">
<graphic id="nev13945206n119">
<href>0900c8af846425f#@#@#9#.jpeg</href>
</graphic>
</grate>
</procstep>
<procstep id="nev13945207n158">
<title id="nev13945207n157"/>
<grate id="nev13945207n18">
<graphic id="nev13945207n17">
<href>0900c8af846425e#@#@#9#.jpeg</href>
</graphic>
<graphtext id="nev13945209n56">
<para id="nev13945212n236">
<ptxt id="nev13945212n235">
<torque id="nev13945212n62">
<ref id="nev13945212n96"/>
</torque>
</ptxt>
</para>
</graphtext>
</grate>
</procstep>
<procstep id="nev13945218n203">
<title id="nev13945218n202"/>
<grate id="nev13945218n63">
<graphic id="nev13945218n62">
<href>0900c8af8464263#@#@#9#.jpeg</href>
</graphic>
<graphtext id="nev13945220n101">
<para id="nev13945220n31">
<ptxt id="nev13945220n30">
<torque id="nev13945222n107">
<ref id="nev13945222n141"/>
</torque>
</ptxt>
</para>
</graphtext>
</grate>
</procstep>
<procstep id="nev13945223n248">
<title id="nev13945223n247"/>
<grate id="nev13945223n108">
<graphic id="nev13945223n107">
<href>0900c8af846425f#@#@#9#.jpeg</href>
</graphic>
<graphtext id="nev13945225n146">
<note id="nev13945225n76">
<ptxt id="nev13945225n6">Do not loosen t#@#@#21#urns.</ptxt>
</note>
<para id="nev13945226n186">
<ptxt id="nev13945226n185">
<torque id="nev13945226n12">
<ref id="nev13945226n46"/>
</torque>
</ptxt>
</para>
</graphtext>
</grate>
</procstep>
<procstep id="nev11986516n149">
<title id="nev11986516n148"/>
<grate id="nev11986516n147">
<graphic id="nev11986516n146">
<href>0900c8af8365834#@#@#9#.jpeg</href>
</graphic>
</grate>
</procstep>
<procstep id="nev13945227n10">
<title id="nev13945227n9"/>
<grate id="nev13945229n120">
<graphic id="nev13945229n119">
<href>0900c8af836e95b#@#@#9#.jpeg</href>
</graphic>
<graphtext id="nev13945230n158">
<para id="nev13945230n88">
<ptxt id="nev13945230n87">
<torque id="nev13945231n167">
<ref id="nev13945231n198"/>
</torque>
</ptxt>
</para>
</graphtext>
</grate>
</procstep>
<procstep id="nev11986516n139">
<title id="nev11986516n138"/>
<grate id="nev11986516n137">
<graphic id="nev11986516n136">
<href>0900c8af836e95b#@#@#9#.jpeg</href>
</graphic>
<graphtext id="nev11986516n132">
<para id="nev11986516n131">
<ptxt id="nev13945232n159">
<torque id="nev13945232n64">
<ref id="nev13945232n89"/>
</torque>
</ptxt>
</para>
</graphtext>
</grate>
</procstep>
<procstep id="nev11986516n109">
<title id="nev11986516n108"/>
<grate id="nev11986516n107">
<graphic id="nev11986516n106">
<href>0900c8af836e95e#@#@#9#.jpeg</href>
</graphic>
</grate>
</procstep>
<procstep id="nev11986516n99">
<title id="nev11986516n98"/>
<grate id="nev11986516n97">
<graphic id="nev11986516n96">
<href>0900c8af8464263#@#@#9#.jpeg</href>
</graphic>
</grate>
</procstep>
<procstep id="nev13945233n103">
<title id="nev13945233n102"/>
<grate id="nev13945234n213">
<graphic id="nev13945234n212">
<href>0900c8af8464263#@#@#9#.jpeg</href>
</graphic>
<graphtext id="nev13945234n1">
<note id="nev13945235n181">
<ptxt id="nev13945235n111">Make sure that #@#@#24#lled.</ptxt>
</note>
</graphtext>
</grate>
</procstep>
</stepgrp>
<stepgrp boilerplate="true" context="installation" id="nev11986516n241">
<procstep id="nev11986516n240">
<title id="nev11986516n239"/>
<para id="nev11986516n238">
<ptxt id="nev11986516n237">To install, rev#@#@#22#dure.</ptxt>
</para>
</procstep>
<procstep id="nev13969461n126">
<title id="nev13969461n125"/>
<para id="nev13969477n188">
<ptxt id="nev13969477n187">Perform power s#@#@#24#air. <xref boilerplate="true" id="nev13969479n250">
<ref id="nev13969480n124"/>
</xref>
</ptxt>
</para>
</procstep>
</stepgrp>
</procedure>
</servinfosub>