<?xml version="1.0" encoding="UTF-8"?><servinfosub IE-ID="en-US0900c8af865e4804" docno="VCC-370694" id="nev13715085n1" original="sv-SE" servinfosubId="nev13715086n1-nev15563867n1" servinfosubRes="0900c8af865e4809" servinfosubRes2="urn:x-nevis:fragment:0900c8af865e4804:0900c8af865e4809#nev15563867n1" xml:lang="en-US">
<operationnumbers>
<operationnumber>43710-2</operationnumber>
</operationnumbers>
<title id="nev13715082n100">Transmission</title>
<toolitemtable id="nev13715086n1-nev21577335n1">
<table id="nev13715086n1-nev21577554n100">
<tgroup cols="2" id="nev13715086n1-nev21577554n99">
<colspec colname="COLSPEC0" colwidth="1.00*" id="nev13715086n1-nev21577554n98"/>
<colspec colname="COLSPEC1" colwidth="1.00*" id="nev13715086n1-nev21577554n97"/>
<thead id="nev13715086n1-nev21577554n96">
<row id="nev13715086n1-nev21577554n95">
<entry id="nev13715086n1-nev21577554n94" nameend="COLSPEC1" namest="COLSPEC0" valign="top">
<ptxt id="nev13715086n1-nev21577554n93">
<emph id="nev13715086n1-nev21577554n92">Special tools</emph>
</ptxt>
</entry>
</row>
</thead>
<tbody id="nev13715086n1-nev21577554n91">
<row id="nev13715086n1-nev21577554n90">
<entry id="nev13715086n1-nev21577554n89">
<graphic id="nev13715086n1-nev21577554n88">
<href>0900c8af8005434#@#@#11#.jpeg</href>
</graphic>
</entry>
<entry id="nev13715086n1-nev21577554n87">
<ptxt id="nev13715086n1-nev21577554n86">
<emph id="nev13715086n1-nev21577554n85">998 5972 JACK (#@#@#5#ULIC)</emph>
</ptxt>
<ptxt id="nev13715086n1-nev21577554n83">
<emph id="nev13715086n1-nev21577554n82">Tool number:</emph>998 5972</ptxt>
<ptxt id="nev13715086n1-nev21577554n81">
<emph id="nev13715086n1-nev21577554n80">Tool description:</emph>JACK (HYDRAULIC)</ptxt>
<ptxt id="nev13715086n1-nev21577554n78">
<emph id="nev13715086n1-nev21577554n77">Tool boards:</emph>40</ptxt>
</entry>
</row>
<row id="nev13715086n1-nev21577554n76">
<entry id="nev13715086n1-nev21577554n75">
<graphic id="nev13715086n1-nev21577554n74">
<href>0900c8af8005435#@#@#9#.jpeg</href>
</graphic>
</entry>
<entry id="nev13715086n1-nev21577554n73">
<ptxt id="nev13715086n1-nev21577554n72">
<emph id="nev13715086n1-nev21577554n71">999 5972 FIXTUR#@#@#19#XLES)</emph>
</ptxt>
<ptxt id="nev13715086n1-nev21577554n69">
<emph id="nev13715086n1-nev21577554n68">Tool number:</emph>999 5972</ptxt>
<ptxt id="nev13715086n1-nev21577554n67">
<emph id="nev13715086n1-nev21577554n66">Tool description:</emph>FIXTURE (UNIVER#@#@#10#XLES)</ptxt>
<ptxt id="nev13715086n1-nev21577554n64">
<emph id="nev13715086n1-nev21577554n63">Tool boards:</emph>43</ptxt>
</entry>
</row>
<row id="nev13715086n1-nev21577554n62">
<entry id="nev13715086n1-nev21577554n61">
<graphic id="nev13715086n1-nev21577554n60">
<href>0900c8af8245169#@#@#9#.jpeg</href>
</graphic>
</entry>
<entry id="nev13715086n1-nev21577554n59">
<ptxt id="nev13715086n1-nev21577554n58">
<emph id="nev13715086n1-nev21577554n57">999 5463 FIXTUR#@#@#32#50-42</emph>
</ptxt>
<ptxt id="nev13715086n1-nev21577554n55">
<emph id="nev13715086n1-nev21577554n54">Tool number:</emph>999 5463</ptxt>
<ptxt id="nev13715086n1-nev21577554n53">
<emph id="nev13715086n1-nev21577554n52">Tool description:</emph>FIXTURE (IN/OUT#@#@#23#50-42</ptxt>
<ptxt id="nev13715086n1-nev21577554n50">
<emph id="nev13715086n1-nev21577554n49">Tool boards:</emph>40</ptxt>
</entry>
</row>
<row id="nev13715086n1-nev21577554n48">
<entry id="nev13715086n1-nev21577554n47">
<graphic id="nev13715086n1-nev21577554n46">
<href>0900c8af83f5301#@#@#9#.jpeg</href>
</graphic>
</entry>
<entry id="nev13715086n1-nev21577554n45">
<ptxt id="nev13715086n1-nev21577554n44">
<emph id="nev13715086n1-nev21577554n43">999 7351 Fixture</emph>
</ptxt>
<ptxt id="nev13715086n1-nev21577554n41">
<emph id="nev13715086n1-nev21577554n40">Tool number:</emph>999 7351</ptxt>
<ptxt id="nev13715086n1-nev21577554n39">
<emph id="nev13715086n1-nev21577554n38">Tool description:</emph>Fixture</ptxt>
<ptxt id="nev13715086n1-nev21577554n36">
<emph id="nev13715086n1-nev21577554n35">Tool boards:</emph>43</ptxt>
</entry>
</row>
<row id="nev13715086n1-nev21577554n34">
<entry id="nev13715086n1-nev21577554n33">
<graphic id="nev13715086n1-nev21577554n32">
<href>0900c8af8005d70#@#@#9#.jpeg</href>
</graphic>
</entry>
<entry id="nev13715086n1-nev21577554n31">
<ptxt id="nev13715086n1-nev21577554n30">
<emph id="nev13715086n1-nev21577554n29">999 5682 Tensio#@#@#3# band</emph>
</ptxt>
<ptxt id="nev13715086n1-nev21577554n27">
<emph id="nev13715086n1-nev21577554n26">Tool number:</emph>999 5682</ptxt>
<ptxt id="nev13715086n1-nev21577554n25">
<emph id="nev13715086n1-nev21577554n24">Tool description:</emph>Tensioner band</ptxt>
<ptxt id="nev13715086n1-nev21577554n22">
<emph id="nev13715086n1-nev21577554n21">Tool boards:</emph>21</ptxt>
</entry>
</row>
</tbody>
</tgroup>
</table>
</toolitemtable>
<procedure id="nev13715086n1-nev15563891n10">
<stepgrp boilerplate="false" context="" id="nev13715086n1-nev21577335n77">
<title id="nev13715086n1-nev15563918n12">Removal</title>
<procstep id="nev13715086n1-nev15563892n3">
<note id="nev13715086n1-nev15563918n11">
<ptxt>Removal steps i#@#@#45#ails.</ptxt>
</note>
</procstep>
<procstep id="nev13715086n1-nev15563892n6">
<list1 boilerplate="true" context="remove" enumtype="b" id="nev13715086n1-nev15563892n7" type="unordered">
<item id="nev13715086n1-nev21577335n76">
<ptxt id="nev13715086n1-nev21577335n75">Driveshaft left<xref boilerplate="true" id="nev13715086n1-nev15563918n8">
<ref id="nev13715086n1-nev15563893n2"/>
</xref>
</ptxt>
</item>
<item id="nev13715086n1-nev21577335n74">
<ptxt id="nev13715086n1-nev21577335n73">Drive shaft right<xref boilerplate="true" id="nev13715086n1-nev15563918n5">
<ref id="nev13715086n1-nev15563893n7"/>
</xref>
</ptxt>
</item>
<item id="nev13715086n1-nev21577335n72">
<ptxt id="nev13715086n1-nev21577335n71">starter motor<xref boilerplate="true" id="nev13715086n1-nev15563918n2">
<ref id="nev13715086n1-nev15563894n2"/>
</xref>
</ptxt>
</item>
<item id="nev13715086n1-nev21577335n70">
<ptxt id="nev13715086n1-nev21577335n68">subframe front,#@#@#8# mode<xref boilerplate="true" id="nev13715086n1-nev21577335n69">
<ref id="nev13715086n1-nev21577335n67"/>
</xref>
</ptxt>
</item>
<item id="nev13715086n1-nev21577335n66">
<ptxt id="nev13715086n1-nev21577335n65">Engine support #@#@#9# left<xref boilerplate="true" id="nev13715086n1-nev15563921n96">
<ref id="nev13715086n1-nev15563895n2"/>
</xref>
</ptxt>
</item>
<item id="nev13715086n1-nev21577335n64">
<ptxt id="nev13715086n1-nev21577335n63">Engine Rear Low#@#@#18#or LH<xref boilerplate="true" id="nev13715086n1-nev15563921n93">
<ref id="nev13715086n1-nev15563895n7"/>
</xref>
</ptxt>
</item>
</list1>
</procstep>
<procstep id="nev13715086n1-nev15563895n8">
<grate id="nev13715086n1-nev21577335n61">
<graphic id="nev13715086n1-nev21577335n62">
<href>0900c8af831f58d#@#@#9#.jpeg</href>
</graphic>
</grate>
</procstep>
<procstep id="nev13715086n1-nev15563896n1">
<grate id="nev13715086n1-nev21577335n59">
<graphic id="nev13715086n1-nev21577335n60">
<href>0900c8af836c106#@#@#9#.jpeg</href>
</graphic>
</grate>
</procstep>
<procstep id="nev13715086n1-nev15563896n4">
<grate id="nev13715086n1-nev21577335n57">
<graphic id="nev13715086n1-nev21577335n58">
<href>0900c8af8451bb1#@#@#9#.jpeg</href>
</graphic>
</grate>
</procstep>
<procstep id="nev13715086n1-nev15563896n7">
<grate id="nev13715086n1-nev21577335n55">
<graphic id="nev13715086n1-nev21577335n56">
<href>0900c8af84efdc2#@#@#9#.jpeg</href>
</graphic>
<graphtext id="nev13715086n1-nev21577601n1">
<para id="nev13715086n1-nev21577335n53">
<ptxt id="nev13715086n1-nev21577335n54">
<torque id="nev13715086n1-nev15563917n56">
<ref id="nev13715086n1-nev15563917n54"/>
</torque>
</ptxt>
</para>
</graphtext>
</grate>
</procstep>
<procstep id="nev13715086n1-nev15563897n5">
<grate id="nev13715086n1-nev21577335n51">
<graphic id="nev13715086n1-nev21577335n52">
<href>0900c8af84905b2#@#@#9#.jpeg</href>
</graphic>
<graphtext id="nev13715086n1-nev21577608n1">
<para id="nev13715086n1-nev21577335n49">
<ptxt id="nev13715086n1-nev21577335n50">
<torque id="nev13715086n1-nev15563898n1">
<ref id="nev13715086n1-nev15563898n2"/>
</torque>
</ptxt>
</para>
</graphtext>
</grate>
</procstep>
<procstep id="nev13715086n1-nev15563898n3">
<grate id="nev13715086n1-nev21577335n47">
<graphic id="nev13715086n1-nev21577335n48">
<href>0900c8af84905b3#@#@#9#.jpeg</href>
</graphic>
<graphtext id="nev13715086n1-nev21577615n1">
<warning id="nev13715086n1-nev15563921n88">
<ptxt>Be prepared to #@#@#18#luid.</ptxt>
</warning>
<caution id="nev13715086n1-nev15563921n87">
<ptxt>Make sure that #@#@#19#aled.</ptxt>
</caution>
<para id="nev13715086n1-nev21577335n45">
<ptxt id="nev13715086n1-nev21577335n46">
<torque id="nev13715086n1-nev15563899n3">
<ref id="nev13715086n1-nev15563899n4"/>
</torque>
</ptxt>
</para>
</graphtext>
</grate>
</procstep>
<procstep id="nev13715086n1-nev15563899n5">
<grate id="nev13715086n1-nev21577335n43">
<graphic id="nev13715086n1-nev21577335n44">
<href>0900c8af84905df#@#@#9#.jpeg</href>
</graphic>
<graphtext id="nev13715086n1-nev21577622n1">
<para id="nev13715086n1-nev21577335n41">
<ptxt id="nev13715086n1-nev21577335n42">
<torque id="nev13715086n1-nev15563900n1">
<ref id="nev13715086n1-nev15563900n2"/>
</torque>
</ptxt>
</para>
</graphtext>
</grate>
</procstep>
<procstep id="nev13715086n1-nev15563900n3">
<grate id="nev13715086n1-nev21577335n39">
<graphic id="nev13715086n1-nev21577335n40">
<href>0900c8af849234e#@#@#9#.jpeg</href>
</graphic>
</grate>
</procstep>
<procstep id="nev13715086n1-nev15563900n6">
<grate id="nev13715086n1-nev21577335n37">
<graphic id="nev13715086n1-nev21577335n38">
<href>0900c8af84905b7#@#@#9#.jpeg</href>
</graphic>
<graphtext id="nev13715086n1-nev21577632n1">
<note id="nev13715086n1-nev15563921n82">
<ptxt>Note the differ#@#@#20#olts.</ptxt>
</note>
<para id="nev13715086n1-nev21577335n35">
<ptxt id="nev13715086n1-nev21577335n36">
<torque id="nev13715086n1-nev15563901n4">
<ref id="nev13715086n1-nev15563901n5"/>
</torque>
</ptxt>
</para>
</graphtext>
</grate>
</procstep>
<procstep id="nev13715086n1-nev15563901n6">
<grate id="nev13715086n1-nev21577335n33">
<graphic id="nev13715086n1-nev21577335n34">
<href>0900c8af8490f96#@#@#9#.jpeg</href>
</graphic>
<graphtext id="nev13715086n1-nev21577639n1">
<para id="nev13715086n1-nev21577335n31">
<ptxt id="nev13715086n1-nev21577335n32">
<toolitem boilerplate="true" id="nev13715086n1-nev15563902n2" imageid="0900c8af80054343"/>
<toolitem boilerplate="false" id="nev13715086n1-nev15563902n3" imageid="0900c8af80054352"/>
<toolitem boilerplate="false" id="nev13715086n1-nev15563902n4" imageid="0900c8af82451699"/>
<toolitem boilerplate="false" id="nev13715086n1-nev15563902n5" imageid="0900c8af83f5301e"/>
</ptxt>
</para>
</graphtext>
</grate>
</procstep>
<procstep id="nev13715086n1-nev15563902n6">
<grate id="nev13715086n1-nev21577335n29">
<graphic id="nev13715086n1-nev21577335n30">
<href>0900c8af8491feb#@#@#9#.jpeg</href>
</graphic>
<graphtext id="nev13715086n1-nev21577655n1">
<para id="nev13715086n1-nev21577335n27">
<ptxt id="nev13715086n1-nev21577335n28">
<toolitem boilerplate="true" id="nev13715086n1-nev15563903n2" imageid="0900c8af8005d70f"/>
</ptxt>
</para>
</graphtext>
</grate>
</procstep>
<procstep id="nev13715086n1-nev15563903n3">
<grate id="nev13715086n1-nev21577335n25">
<graphic id="nev13715086n1-nev21577335n26">
<href>0900c8af849059b#@#@#9#.jpeg</href>
</graphic>
<graphtext id="nev13715086n1-nev21577662n1">
<para id="nev13715086n1-nev21577335n23">
<ptxt id="nev13715086n1-nev21577335n24">
<torque id="nev13715086n1-nev15563903n9">
<ref id="nev13715086n1-nev15563903n10"/>
</torque>
</ptxt>
</para>
</graphtext>
</grate>
</procstep>
<procstep id="nev13715086n1-nev15563904n1">
<grate id="nev13715086n1-nev21577335n21">
<graphic id="nev13715086n1-nev21577335n22">
<href>0900c8af8492001#@#@#9#.jpeg</href>
</graphic>
</grate>
</procstep>
<procstep id="nev13715086n1-nev15563904n4">
<grate id="nev13715086n1-nev21577335n19">
<graphic id="nev13715086n1-nev21577335n20">
<href>0900c8af8492324#@#@#9#.jpeg</href>
</graphic>
<graphtext id="nev13715086n1-nev21577672n1">
<note id="nev13715086n1-nev15563921n73">
<ptxt>This step is on#@#@#40#nent.</ptxt>
</note>
<para id="nev13715086n1-nev21577335n17">
<ptxt id="nev13715086n1-nev21577335n18">
<torque id="nev13715086n1-nev15563905n2">
<ref id="nev13715086n1-nev15563905n3"/>
</torque>
</ptxt>
</para>
</graphtext>
</grate>
</procstep>
<procstep id="nev13715086n1-nev15563905n4">
<grate id="nev13715086n1-nev21577335n15">
<graphic id="nev13715086n1-nev21577335n16">
<href>0900c8af8492322#@#@#9#.jpeg</href>
</graphic>
<graphtext id="nev13715086n1-nev21577679n1">
<note id="nev13715086n1-nev15563921n70">
<ptxt>This step is on#@#@#40#nent.</ptxt>
</note>
<para id="nev13715086n1-nev21577335n13">
<ptxt id="nev13715086n1-nev21577335n14">
<torque id="nev13715086n1-nev15563906n2">
<ref id="nev13715086n1-nev15563906n3"/>
</torque>
</ptxt>
</para>
</graphtext>
</grate>
</procstep>
</stepgrp>
<stepgrp boilerplate="false" context="" id="nev13715086n1-nev21577335n12">
<title id="nev13715086n1-nev15563921n66">Installation</title>
<procstep id="nev13715086n1-nev15563907n6">
<para id="nev13715086n1-nev21577335n10">
<ptxt id="nev13715086n1-nev21577335n11">Perform transax#@#@#29#lling<xref boilerplate="true" id="nev13715086n1-nev15563921n63">
<ref id="nev13715086n1-nev15563908n1"/>
</xref>
</ptxt>
</para>
</procstep>
<procstep id="nev13715086n1-nev15563908n2">
<para id="nev13715086n1-nev21577335n8">
<ptxt id="nev13715086n1-nev21577335n9">To install, rev#@#@#22#dure.</ptxt>
</para>
</procstep>
<procstep id="nev13715086n1-nev15563908n6">
<para id="nev13715086n1-nev21577335n6">
<ptxt id="nev13715086n1-nev21577335n7">Carry out: gear#@#@#16#check<xref boilerplate="true" id="nev13715086n1-nev15563921n57">
<ref id="nev13715086n1-nev15563909n1"/>
</xref>
</ptxt>
</para>
</procstep>
<procstep id="nev13715086n1-nev15563909n2">
<note id="nev13715086n1-nev15563921n56">
<ptxt>This step is on#@#@#40#nent.</ptxt>
</note>
</procstep>
<procstep id="nev13715086n1-nev15563909n5">
<para id="nev13715086n1-nev21577335n4">
<ptxt id="nev13715086n1-nev21577335n5">Order and downl#@#@#21#g to:<swfunction action="order" id="nev13715086n1-nev15563909n8"/>
</ptxt>
</para>
</procstep>
<procstep id="nev13715086n1-nev15563909n10">
<para id="nev13715086n1-nev21577335n2">
<ptxt id="nev13715086n1-nev21577335n3">Calibrate accor#@#@#74#ensor</ptxt>
</para>
</procstep>
</stepgrp>
</procedure>
</servinfosub>