<?xml version="1.0" encoding="UTF-8"?><servinfosub IE-ID="en-US0900c8af8050c804" docno="VCC-119913" id="KC01643331" xml:lang="en-US">
<title>
<phrase category="" id="KC07473556" phrase-urn="urn:x-nevis:phrase:0800c8af81b5fe78">Information</phrase>
</title>
<diagnostic j2008use="1" paperuse="1" screenuse="1" type="test">
<testgrp IE-ID="en-US0900c8af8050c804_KC01643332" id="KC01643332" j2008use="1" paperuse="1" resumable="1" screenuse="1" testgrp-id="info" x="160" y="80">
<title>
<phrase category="" id="KC07473557" phrase-urn="urn:x-nevis:phrase:0800c8af81b5fe8c">Information</phrase>
</title>
<node>
<test1>
<note>
<ptxt>
<phrase category="" id="KC07473558" phrase-urn="urn:x-nevis:phrase:0800c8af81b5fe9f">The part number#@#@#102#dels.</phrase>
</ptxt>
</note>
<diaglist/>
<test2>
<list1 enumtype="d" type="unordered">
<title>
<phrase category="" id="KC07473559" phrase-urn="urn:x-nevis:phrase:0800c8af81b5feb2">Proceed as foll#@#@#18#are: </phrase>
</title>
<item>
<ptxt>
<phrase category="" id="KC07473560" phrase-urn="urn:x-nevis:phrase:0800c8af81b5fec4">Re-order the re#@#@#10#tware</phrase>
</ptxt>
</item>
<item>
<ptxt>
<phrase category="" id="KC07473561" phrase-urn="urn:x-nevis:phrase:0800c8af81b5fed8">If a <emph>warning</emph> message is dis#@#@#84# the <emph>no</emph> box, even thou#@#@#35#aced.</phrase>
</ptxt>
<ptxt>
<phrase category="" id="KC07473562" phrase-urn="urn:x-nevis:phrase:0800c8af81b5feea">This will make #@#@#25#ware.</phrase>
</ptxt>
</item>
</list1>
</test2>
</test1>
<question>Select "Continu#@#@#16#ware.</question>
<resact-grp>
<result button="cont" comp="button" highlight="0"/>
<action j2008use="1" paperuse="1" screenuse="1">
<return value="DONE"/>
</action>
</resact-grp>
</node>
</testgrp>
</diagnostic>
</servinfosub>