<?xml version="1.0" encoding="UTF-8"?><servinfosub IE-ID="en-US0900c8af8012e804" docno="VCC-126492" id="KC01121614" xml:lang="en-US">
<title>Upholstery and #@#@#30#acing</title>
<procedure>
<stepgrp id="KC01121615">
<procstep id="KC01121616">
<title>Removing uphols#@#@#9#shion</title>
<grate>
<graphic id="KC07513486">
<href>0900c8af8005c31#@#@#9#.jpeg</href>
</graphic>
<graphtext>
<list1 enumtype="d" type="unordered">
<title>Remove:</title>
<item>
<ptxt>the booster cus#@#@#5# See <xref>
<ref id="KC07513487"/>
</xref>
</ptxt>
</item>
<item>
<ptxt>the handle. See <xref>
<ref id="KC07513488"/>
</xref>
</ptxt>
</item>
<item>
<ptxt>seven clips and#@#@#18#tery.</ptxt>
</item>
</list1>
</graphtext>
</grate>
</procstep>
<procstep id="KC01121617">
<title>Installing cush#@#@#11#stery</title>
<list1 enumtype="d" type="unordered">
<title>Install:</title>
<item>
<ptxt>seven clips and#@#@#26#place</ptxt>
</item>
<item>
<ptxt>the handle. See <xref>
<ref id="KC07513489"/>
</xref>
</ptxt>
</item>
<item>
<ptxt>the booster cus#@#@#5# See <xref>
<ref id="KC07513490"/>
</xref>. </ptxt>
</item>
</list1>
</procstep>
</stepgrp>
</procedure>
</servinfosub>