<?xml version="1.0" encoding="UTF-8"?><servinfosub IE-ID="en-US0900c8af84276f06" docno="VCC-154870" id="KC02740818" xml:lang="en-US">
<title>
<phrase category="" id="KC09498898" phrase-urn="urn:x-nevis:phrase:0800c8af82710582">Activated too long</phrase>
</title>
<diagnostic j2008use="1" layout="0" paperuse="1" screenuse="1" type="test">
<testgrp IE-ID="en-US0900c8af84276f06_KC02795585" id="KC02795585" j2008use="1" paperuse="1" resumable="1" screenuse="1" testgrp-id="node1" x="180" y="60">
<title>
<phrase category="" id="KC09498899" phrase-urn="urn:x-nevis:phrase:0800c8af82710583">Function test</phrase>
</title>
<node>
<test1>
<diaglist>
<dgraphic/>
<ditem>
<ptxt>
<phrase category="" id="KC09498900" phrase-urn="urn:x-nevis:phrase:0800c8af82710584">Press the switc#@#@#14#alarm</phrase>
</ptxt>
</ditem>
</diaglist>
<test2>
<para>
<ptxt>
<phrase category="" id="KC09498901" phrase-urn="urn:x-nevis:phrase:0800c8af82710585">A message must #@#@#143# lit.</phrase>
</ptxt>
</para>
<para>
<ptxt>
<phrase category="" id="KC09498902" phrase-urn="urn:x-nevis:phrase:0800c8af82710586">Read off whethe#@#@#57#mbol.</phrase>
</ptxt>
</para>
<diaglist>
<dgraphic>
<dgraphic2>
<graphic id="KC09498903">
<href>0900c8af86c8681#@#@#9#.jpeg</href>
</graphic>
<smarttool active="press" id="KC09498904" toolname="YCEM0003"/>
</dgraphic2>
</dgraphic>
</diaglist>
<grate>
<graphic id="KC09498906">
<href>0900c8af80a53aa#@#@#9#.jpeg</href>
</graphic>
</grate>
</test2>
</test1>
<question>
Is the functio#@#@#8#ted?
</question>
<resact-grp>
<result button="yes" comp="button" highlight="0"/>
<action j2008use="1" paperuse="1" screenuse="1">
<ptxt>
<xref>
<ref id="KC09498908"/>
</xref>
</ptxt>
</action>
</resact-grp>
<resact-grp>
<result button="no" comp="button" highlight="0"/>
<action j2008use="1" paperuse="1" screenuse="1">
<ptxt>
<xref>
<ref id="KC09498909"/>
</xref>
</ptxt>
</action>
</resact-grp>
</node>
</testgrp>
<testgrp id="KC02795586" j2008use="1" paperuse="1" resumable="1" screenuse="1" testgrp-id="node2" x="80" y="220">
<title>
<phrase category="" id="KC09498910" phrase-urn="urn:x-nevis:phrase:0800c8af82710589">Checking the wiring</phrase>
</title>
<node>
<test1>
<diaglist>
<dgraphic>
<dgraphic1>
<graphic id="KC09498911">
<href>0900c8af80054d4#@#@#9#.jpeg</href>
</graphic>
</dgraphic1>
</dgraphic>
<ditem>
<ptxt>
<phrase category="" id="KC09498912" phrase-urn="urn:x-nevis:phrase:0800c8af8271058a">Ignition off.</phrase>
</ptxt>
</ditem>
</diaglist>
<test2>
<para>
<ptxt>
<phrase category="" id="KC09498913" phrase-urn="urn:x-nevis:phrase:0800c8af8271058b">Check the conne#@#@#255#tage.</phrase>
</ptxt>
</para>
<list1 enumtype="d" type="unordered">
<title>
<phrase category="" id="KC09498914" phrase-urn="urn:x-nevis:phrase:0800c8af8271058d">Other information</phrase>
</title>
<item>
<ptxt>
<xref id="nev12744138n100">
<ref id="l1174037336110"/>
</xref>
</ptxt>
</item>
<item>
<ptxt>
<xref id="nev12744334n100">
<ref id="l1174037349391"/>
</xref>
</ptxt>
</item>
<item>
<ptxt>
<xref id="nev12744138n96">
<ref id="l1174037362719"/>
</xref>
</ptxt>
</item>
<item>
<ptxt>
<xref id="nev13413927n100">
<ref id="l1174037427249"/>
</xref>
</ptxt>
</item>
<item>
<ptxt>
<xref id="nev12744138n92">
<ref id="l1174037498373"/>
</xref>
</ptxt>
</item>
</list1>
<diaglist>
<dgraphic>
<dgraphic1>
<graphic id="KC09498925">
<href>0900c8af80058b0#@#@#9#.jpeg</href>
</graphic>
</dgraphic1>
<dgraphic2>
<graphic id="KC09498926">
<href>0900c8af80054d4#@#@#9#.jpeg</href>
</graphic>
<smarttool active="press" id="KC09498927" toolname="ODAH"/>
</dgraphic2>
</dgraphic>
</diaglist>
<grate>
<graphic id="KC09498929" width="column">
<href>0900c8af80a53aa#@#@#9#.jpeg</href>
</graphic>
</grate>
</test2>
</test1>
<question>
Was a fault de#@#@#3#ted?
</question>
<resact-grp>
<result button="yes" comp="button" highlight="0"/>
<action j2008use="1" paperuse="1" screenuse="1">
<ptxt>
<xref>
<ref id="KC09498931"/>
</xref>
</ptxt>
</action>
</resact-grp>
<resact-grp>
<result button="no" comp="button" highlight="0"/>
<action j2008use="1" paperuse="1" screenuse="1">
<ptxt>
<xref>
<ref id="KC09498932"/>
</xref>
</ptxt>
</action>
</resact-grp>
</node>
</testgrp>
<testgrp id="KC02795587" j2008use="1" paperuse="1" resumable="1" screenuse="1" testgrp-id="node3" x="80" y="380">
<title>
<phrase category="" id="KC09498933" phrase-urn="urn:x-nevis:phrase:0800c8af82710596">Replacing switch</phrase>
</title>
<node>
<test1>
<diaglist>
<dgraphic>
<dgraphic1>
<graphic id="KC09498934">
<href>0900c8af80054d4#@#@#9#.jpeg</href>
</graphic>
</dgraphic1>
</dgraphic>
<ditem>
<ptxt>
<phrase category="" id="KC09498935" phrase-urn="urn:x-nevis:phrase:0800c8af82710597">Ignition off.</phrase>
</ptxt>
</ditem>
</diaglist>
<test2>
<para>
<ptxt>
<phrase category="" id="KC09498936" phrase-urn="urn:x-nevis:phrase:0800c8af82710598">If no fault is #@#@#77#aced.</phrase>
</ptxt>
</para>
<list1 enumtype="d">
<title>
<phrase category="" id="KC09498937" phrase-urn="urn:x-nevis:phrase:0800c8af82710599">Other information</phrase>
</title>
<item>
<ptxt>
<xref id="nev13413927n98">
<ref id="l1174037600558"/>
</xref>
</ptxt>
</item>
</list1>
</test2>
</test1>
<question>
Select Continue.
</question>
<resact-grp>
<result button="cont" comp="button" highlight="0"/>
<action j2008use="1" paperuse="1" screenuse="1">
<ptxt>
<xref>
<ref id="KC09498941"/>
</xref>
</ptxt>
</action>
</resact-grp>
</node>
</testgrp>
<testgrp id="KC02795588" j2008use="1" paperuse="1" resumable="1" screenuse="1" testgrp-id="veria" x="280" y="380">
<title>
<phrase category="" id="KC09498942" phrase-urn="urn:x-nevis:phrase:0800c8af8271059c">Verification</phrase>
</title>
<subcalloutnode>
<diagcallout>
<xref>
<ref id="KC09498943"/>
</xref>
</diagcallout>
<rescall-grp>
<result comp="string" highlight="0" op="eq" return="VERIFIED"/>
<calloutaction>
<return value="FAULT FOUND"/>
</calloutaction>
</rescall-grp>
<rescall-grp>
<result comp="string" highlight="0" op="eq" return="VERIFICATION FAILED"/>
<calloutaction>
<ptxt>
<xref>
<ref id="KC09498944"/>
</xref>
</ptxt>
</calloutaction>
</rescall-grp>
</subcalloutnode>
</testgrp>
<testgrp id="KC02795589" j2008use="1" paperuse="1" resumable="1" screenuse="1" testgrp-id="info1" x="180" y="520">
<title>
<phrase category="" id="KC09498945" phrase-urn="urn:x-nevis:phrase:0800c8af8271059d">Fault-tracing i#@#@#5#ation</phrase>
</title>
<subcalloutnode>
<diagcallout>
<xref>
<ref id="KC09498946"/>
</xref>
</diagcallout>
<rescall-grp>
<result comp="string" highlight="0" op="eq" return="NEW TRY"/>
<calloutaction>
<ptxt>
<xref>
<ref id="KC09498947"/>
</xref>
</ptxt>
</calloutaction>
</rescall-grp>
<rescall-grp>
<result comp="string" highlight="0" op="eq" return="FAULTTRACING FAILED"/>
<calloutaction>
<return value="FAULTTRACING FAILED"/>
</calloutaction>
</rescall-grp>
</subcalloutnode>
</testgrp>
<testgrp id="KC02795590" j2008use="1" paperuse="1" resumable="1" screenuse="1" testgrp-id="node4" x="220" y="220">
<title>
<phrase category="" id="KC09498948" phrase-urn="urn:x-nevis:phrase:0800c8af8271059e">Fault-tracing i#@#@#5#ation</phrase>
</title>
<node>
<test1>
<test2>
<para>
<ptxt>
<phrase category="" id="KC09498949" phrase-urn="urn:x-nevis:phrase:0800c8af8271059f">If no fault is #@#@#187#red. </phrase>
</ptxt>
</para>
</test2>
</test1>
<question>
Select Continue.
</question>
<resact-grp>
<result button="cont" comp="button" highlight="0"/>
<action j2008use="1" paperuse="1" screenuse="1">
<return value="FAULT NOT FOUND"/>
</action>
</resact-grp>
</node>
</testgrp>
</diagnostic>
</servinfosub>