<?xml version="1.0" encoding="UTF-8"?><servinfosub IE-ID="en-US0900c8af80875f06" docno="VCC-097265" id="KC01114817" xml:lang="en-US">
<title>Replacing cross#@#@#17#e rod</title>
<procedure>
<stepgrp>
<procstep>
<title>Removing cross #@#@#16#e rod</title>
<list1 enumtype="d" type="unordered">
<title>Remove</title>
<item>
<ptxt>the torque rod #@#@#39#gine.</ptxt>
</item>
<item>
<ptxt>screws at suspe#@#@#9#rets.</ptxt>
</item>
<item>
<ptxt>cross member.</ptxt>
</item>
</list1>
</procstep>
<procstep>
<title>Transferring co#@#@#3#nents</title>
<grate>
<graphic id="KC07315876">
<href>0900c8af800575e#@#@#9#.jpeg</href>
</graphic>
<graphtext>
<list1 enumtype="d" type="unordered">
<title>Transfer</title>
<item>
<ptxt>the brackets on#@#@#27#des. <emph>Do not tighten yet</emph>.</ptxt>
</item>
<item>
<ptxt>the torque rod. <emph>Do not tighten yet</emph>.</ptxt>
</item>
</list1>
</graphtext>
</grate>
</procstep>
<procstep>
<title>Installing cros#@#@#18#e rod</title>
<list1 enumtype="d" type="unordered">
<title>Install</title>
<item>
<ptxt>cross member.</ptxt>
</item>
<item>
<ptxt>screws at suspe#@#@#21#n to <emph>50 Nm (36.9 lb.ft)</emph>.
</ptxt>
</item>
<item>
<ptxt>torque rod moun#@#@#35#gine.</ptxt>
</item>
</list1>
<para>
<ptxt>Tighten the tor#@#@#6#d to <emph>80 Nm (59.0 lb.ft)</emph>.</ptxt>
<ptxt>Tighten the scr#@#@#64#s to <emph>80 Nm (59.0 lb.ft)</emph>.</ptxt>
</para>
</procstep>
</stepgrp>
</procedure>
</servinfosub>