<?xml version="1.0" encoding="UTF-8"?><servinfosub IE-ID="en-US0900c8af84bf3f06" docno="VCC-370973" id="nev13717497n1" original="sv-SE" servinfosubId="nev13717498n1-nev15137969n1" servinfosubRes="0900c8af84e09f06" servinfosubRes2="urn:x-nevis:fragment:0900c8af84bf3f06:0900c8af84e09f06#nev15137969n1" xml:lang="en-US">
<title id="nev13717492n67">Emergency openi#@#@#20#cover</title>
<procedure id="nev13717498n1-nev15378398n3">
<stepgrp boilerplate="false" context="" id="nev13717498n1-nev15379725n80">
<title id="nev13717498n1-nev15378518n22">General information</title>
<procstep id="nev13717498n1-nev15378398n31">
<grate id="nev13717498n1-nev15378400n99">
<graphic id="nev13717498n1-nev15378400n100">
<href>0900c8af84e0164#@#@#9#.jpeg</href>
</graphic>
</grate>
</procstep>
<procstep id="nev13717498n1-nev15378398n24">
<grate id="nev13717498n1-nev15378400n97">
<graphic id="nev13717498n1-nev15378400n98">
<href>0900c8af84e01b1#@#@#9#.jpeg</href>
</graphic>
</grate>
</procstep>
</stepgrp>
</procedure>
</servinfosub>