<?xml version="1.0" encoding="UTF-8"?><script xmlns:nevis="http://www.volvocars.com/namespaces/processing" xmlns:xlink="http://www.w3.org/1999/xlink" IE-ID="en-US0900c8af8204bf06" docno="VCC-240620" id="nev10382611n1" nevis:expl-profile="mdl184yr2002, mdl295yr2004, mdl384yr2002, mdl384yr2003, mdl384yr2001, mdl184yr2004, mdl295yr2003, mdl184yr2001, mdl184yr2003, mdl285yr2004, mdl275yr2004, mdl285yr2001, mdl295yr2001, mdl184yr2000, mdl295yr2002, mdl285yr2000, mdl275yr2003, mdl184yr1999, mdl384yr2004, mdl285yr2002, mdl285yr2003" nevis:profile="urn:x-nevis:profile:0b00c8af8020665a urn:x-nevis:profile:0b00c8af8020665c urn:x-nevis:profile:0b00c8af8020665e urn:x-nevis:profile:0b00c8af8020665f urn:x-nevis:profile:0b00c8af80206660 urn:x-nevis:profile:0b00c8af80206661 urn:x-nevis:profile:0b00c8af80206662 urn:x-nevis:profile:0b00c8af80206663 urn:x-nevis:profile:0b00c8af80206664 urn:x-nevis:profile:0b00c8af80206666 urn:x-nevis:profile:0b00c8af80206669 urn:x-nevis:profile:0b00c8af8020666a urn:x-nevis:profile:0b00c8af8020666b urn:x-nevis:profile:0b00c8af8020666c urn:x-nevis:profile:0b00c8af8020666d urn:x-nevis:profile:0b00c8af80206670 urn:x-nevis:profile:0b00c8af80206671 urn:x-nevis:profile:0b00c8af80206672 urn:x-nevis:profile:0b00c8af80206674 urn:x-nevis:profile:0b00c8af80206675 urn:x-nevis:profile:0b00c8af80206676" nevis:projectdocument="urn:x-nevis:projectdocument:0800c8af82049f3b" nevis:resource="0900c8af8204bf0a" nevis:resource2="urn:x-nevis:fragment:0900c8af8204bf06:0900c8af8204bf0a#nev10382611n1" nevis:session-id="" qualifierinfotype="14:00" type="" xml:lang="en-US"><title>Read/prog facto#@#@#2# mode</title><content gui="1" height="335" id="nev10382612n1-nev10382611n3" nevis:expl-profile="mdl184yr2002, mdl295yr2004, mdl384yr2002, mdl384yr2003, mdl384yr2001, mdl184yr2004, mdl295yr2003, mdl184yr2001, mdl184yr2003, mdl285yr2004, mdl275yr2004, mdl285yr2001, mdl295yr2001, mdl184yr2000, mdl295yr2002, mdl285yr2000, mdl275yr2003, mdl184yr1999, mdl384yr2004, mdl285yr2002, mdl285yr2003" nevis:idfrom="nev10382612n1" nevis:prefix="nev10382612n1" nevis:profile="urn:x-nevis:profile:0b00c8af8020665a urn:x-nevis:profile:0b00c8af8020665c urn:x-nevis:profile:0b00c8af8020665e urn:x-nevis:profile:0b00c8af8020665f urn:x-nevis:profile:0b00c8af80206660 urn:x-nevis:profile:0b00c8af80206661 urn:x-nevis:profile:0b00c8af80206662 urn:x-nevis:profile:0b00c8af80206663 urn:x-nevis:profile:0b00c8af80206664 urn:x-nevis:profile:0b00c8af80206666 urn:x-nevis:profile:0b00c8af80206669 urn:x-nevis:profile:0b00c8af8020666a urn:x-nevis:profile:0b00c8af8020666b urn:x-nevis:profile:0b00c8af8020666c urn:x-nevis:profile:0b00c8af8020666d urn:x-nevis:profile:0b00c8af80206670 urn:x-nevis:profile:0b00c8af80206671 urn:x-nevis:profile:0b00c8af80206672 urn:x-nevis:profile:0b00c8af80206674 urn:x-nevis:profile:0b00c8af80206675 urn:x-nevis:profile:0b00c8af80206676" nevis:resource="0900c8af8204bf08" nevis:resource2="urn:x-nevis:fragment:0900c8af8204bf06:0900c8af8204bf08#nev10382611n3" width="390" xml:lang="en-US"><nodes id="nev10382612n1-nev10383740n1"><node class="Components.StartNode" id="nev10382612n1-nev10383741n1" nodeid="Start" x="35" y="77"/><node class="Components.ScriptComponent" id="nev10382612n1-nev10383742n1" nodeid="ScriptComponent1" x="329" y="451"/><node class="Components.ScriptButton" id="nev10382612n1-nev10383743n1" nodeid="Activate" x="35" y="243"><gui height="30" id="nev10382612n1-nev10383744n1" width="150" x="10" y="295"/><property class="String" id="nev10382612n1-nev10383745n1" name="Text" type="In" value="" visible="0"/><property class="String" id="nev10382612n1-nev10383746n1" name="StartDisabled" type="Internal" value="false" visible="1"/><extension id="nev10382612n1-nev10383747n1"><phrase category="Faulttracing" id="nev10382612n1-nev10383738n1" phrase-urn="urn:x-nevis:phrase:0800c8af8178a38e">Start programming</phrase></extension></node><node class="Components.ScriptButton" id="nev10382612n1-nev10383748n1" nodeid="Hide" x="29" y="392"><gui height="30" id="nev10382612n1-nev10383749n1" width="150" x="230" y="295"/><property class="String" id="nev10382612n1-nev10383750n1" name="Text" type="In" value="" visible="0"/><property class="String" id="nev10382612n1-nev10383751n1" name="StartDisabled" type="Internal" value="false" visible="1"/><extension id="nev10382612n1-nev10383752n1"><phrase category="Faulttracing" id="nev10382612n1-nev10383739n1" phrase-urn="urn:x-nevis:phrase:0800c8af81b6b138">Hide</phrase></extension></node><node class="Components.Gui.ActivationList" id="nev10382612n1-nev10383753n1" nodeid="ActivationList1" x="301" y="268"><gui height="134" id="nev10382612n1-nev10383754n1" width="370" x="10" y="100"/><extension id="nev10382612n1-nev10383755n1"><identifier ecu="372302" ecuMode="EcuType" id="nev10382612n1-nev10383756n1" read="2" type="BLOFF" value="E0" write="17"><parameter id="nev10382612n1-nev10383757n1" name="Factory mode" textid="61243"><value id="nev10382612n1-nev10383758n1" textid="4114"/><value id="nev10382612n1-nev10383759n1" textid="4113"/></parameter></identifier></extension></node><node class="Components.IdentifierComponent" id="nev10382612n1-nev10383760n1" nodeid="IdentifierComponent1" x="402" y="11"><property class="Parameter" id="nev10382612n1-nev10383761n1" name="Factory mode" type="Out" value="" visible="1"/><extension id="nev10382612n1-nev10383762n1"><identifier ecu="372302" ecuMode="EcuType" id="nev10382612n1-nev10383763n1" read="2" type="BLOFF" value="E0"><parameter id="nev10382612n1-nev10383764n1" name="Factory mode" textid="61243"/></identifier></extension></node><node class="Components.Gui.ParameterLabel" id="nev10382612n1-nev10383765n1" nodeid="ParameterLabel1" x="612" y="64"><gui height="72" id="nev10382612n1-nev10383766n1" width="370" x="10" y="15"/><property class="Parameter" id="nev10382612n1-nev10383767n1" name="Parameter" type="In" value="" visible="1"/><property class="String" id="nev10382612n1-nev10383768n1" name="Title" type="In" value="" visible="1"/><property class="String" id="nev10382612n1-nev10383769n1" name="Value" type="In" value="" visible="1"/><property class="String" id="nev10382612n1-nev10383770n1" name="Unit" type="In" value="" visible="1"/></node><node class="Components.VehComm" id="nev10382612n1-nev10383771n1" nodeid="VehComm1" x="197" y="93"><property class="String" id="nev10382612n1-nev10383772n1" name="Mode" type="Internal" value="EcuType" visible="1"/><property class="Int" id="nev10382612n1-nev10383773n1" name="EcuType" type="In" value="372302" visible="0"/><property class="Int" id="nev10382612n1-nev10383774n1" name="ServiceId" type="In" value="65" visible="0"/><property class="String" id="nev10382612n1-nev10383775n1" name="EcuName" type="Out" value="" visible="1"/><property class="Response" id="nev10382612n1-nev10383776n1" name="Result" type="Out" value="" visible="1"/><property class="String" id="nev10382612n1-nev10383777n1" name="Code" type="In" value="A5A5" visible="0"/><extension id="nev10382612n1-nev10383778n1"><insertparam id="nev10382612n1-nev10383779n1" name="Code"/></extension></node><node class="Components.Activation" id="nev10382612n1-nev10383780n1" nodeid="Activation1" x="455" y="261"><extension id="nev10382612n1-nev10383781n1"><identifier ecu="372302" ecuMode="EcuType" id="nev10382612n1-nev10383782n1" type="RTOFF" value="11" write="23"><parameter id="nev10382612n1-nev10383783n1" name="Forced write" textid="13894"/></identifier></extension></node></nodes><handlers id="nev10382612n1-nev10383784n1"><eventhandler id="nev10382612n1-nev10383785n1" name="OnStart" node="Start"><call id="nev10382612n1-nev10383786n1" method="UpdateTitles" node="IdentifierComponent1"/><call id="nev10382612n1-nev10383787n1" method="Execute" node="VehComm1"/></eventhandler><eventhandler id="nev10382612n1-nev10383788n1" name="Click" node="Hide"><call id="nev10382612n1-nev10383789n1" method="CloseDialog" node="ScriptComponent1"/></eventhandler><eventhandler id="nev10382612n1-nev10383790n1" name="Click" node="Activate"><call id="nev10382612n1-nev10383791n1" method="ActivateSelected" node="ActivationList1"/><call id="nev10382612n1-nev10383792n1" method="Read" node="IdentifierComponent1"/></eventhandler><eventhandler id="nev10382612n1-nev10383793n1" name="OnPositiveResponse" node="VehComm1"><call id="nev10382612n1-nev10383794n1" method="Read" node="IdentifierComponent1"/></eventhandler><eventhandler id="nev10382612n1-nev10383795n1" name="OnPositiveResponse" node="ActivationList1"><call id="nev10382612n1-nev10383796n1" method="Activate" node="Activation1"/></eventhandler><eventhandler id="nev10382612n1-nev10383797n1" name="OnPositiveResponse" node="Activation1"><call id="nev10382612n1-nev10383798n1" method="Read" node="IdentifierComponent1"/></eventhandler><propertyhandler id="nev10382612n1-nev10383799n1" name="Factory mode" node="IdentifierComponent1"><set id="nev10382612n1-nev10383800n1" node="ParameterLabel1" property="Parameter"/></propertyhandler></handlers></content></script>