<?xml version="1.0" encoding="UTF-8"?><script xmlns:nevis="http://www.volvocars.com/namespaces/processing" xmlns:xlink="http://www.w3.org/1999/xlink" IE-ID="en-US0900c8af8762ef06" docno="VCC-484164" id="nev23508542n1" nevis:expl-profile="mdl256yr2016, mdl234yr2017, mdl235yr2017, mdl256yr2017" nevis:profile="urn:x-nevis:profile:0b00c8af858c2577 urn:x-nevis:profile:0b00c8af86dd9c00 urn:x-nevis:profile:0b00c8af86dd9c01 urn:x-nevis:profile:0b00c8af86eeb1e9" nevis:projectdocument="urn:x-nevis:projectdocument:0800c8af86d08441" nevis:resource="0900c8af8762ef0a" nevis:resource2="urn:x-nevis:fragment:0900c8af8762ef06:0900c8af8762ef0a#nev23508542n1" nevis:session-id="" qualifierinfotype="14:06" xml:lang="en-US"><title id="nev23508542n2"><phrase category="Title" id="nev25912013n1" phrase-urn="urn:x-nevis:phrase:0800c8af86f03262">Component test:</phrase><phrase category="Generic Component" id="nev25912014n1" phrase-urn="urn:x-nevis:phrase:0800c8af869b7c07">Actuator, exhau#@#@#4#ystem</phrase></title><content id="nev23508542n3-nev23508530n1" nevis:expl-profile="mdl256yr2016, mdl234yr2017, mdl235yr2017, mdl256yr2017" nevis:idfrom="nev23508542n3" nevis:prefix="nev23508542n3" nevis:profile="urn:x-nevis:profile:0b00c8af858c2577 urn:x-nevis:profile:0b00c8af86dd9c00 urn:x-nevis:profile:0b00c8af86dd9c01 urn:x-nevis:profile:0b00c8af86eeb1e9" nevis:resource="0900c8af8762ef08" nevis:resource2="urn:x-nevis:fragment:0900c8af8762ef06:0900c8af8762ef08#nev23508530n1" xml:lang="en-US"><nodes id="nev23508542n3-nev23508530n2"/><SpaScript Id="4b7159da-98df-4230-98ef-12e4c5278aab" Name="Component test: Actuator, exhaust system " Type="FaultTracing" id="nev23508542n3-nev25912015n1"><Module Annotation="First we run the generic component test module.&#xD;&#xA;After that you can put your individual&#xD;&#xA;component tests..." IsEventHandler="false" Name="Main" id="nev23508542n3-nev25912016n1"><Variable Id="test_remove" Scope="Local" Type="InfoDisplay" id="nev23508542n3-nev25912017n1"><Value Type="InfoDisplayVariable" id="nev23508542n3-nev25912018n1"><infoDisplay id="nev23508542n3-nev23508530n7"><title id="nev23508542n3-nev23508530n8"><freeText id="nev23508542n3-nev23508530n9">Test Test Test</freeText></title><para id="nev23508542n3-nev23508530n10"><freeText id="nev23508542n3-nev23508531n1">Detta är den ge#@#@#45#p... </freeText></para><para id="nev23508542n3-nev23508531n2"><freeText id="nev23508542n3-nev23508531n3">Denna text visa#@#@#42#erats</freeText></para></infoDisplay></Value></Variable><Variable Id="Input" Scope="Input" Type="FaultTracing.Input" id="nev23508542n3-nev25912019n1"/><Component Annotation="Generic test to inform about the DTC condition for faulttracing this cmponent." ComponentId="CallModule_GenericComponentTest" id="nev23508542n3-nev25912020n1"><CallModule id="nev23508542n3-nev25912021n1"><Input Module="GenericComponentTest" id="nev23508542n3-nev25912022n1"><Arg Value="{Input}" id="nev23508542n3-nev25912023n1"/></Input></CallModule></Component><Component Annotation="" ComponentId="RunScript1" id="nev23508542n3-nev25912024n1"><RunScript id="nev23508542n3-nev25912025n1"><Input id="nev23508542n3-nev25912026n1"><NevisLink ProjectDocumentId="0800c8af868c62d1" VCCNumber="VCC-476323-1" VariantId="0900c8af868c627a" id="nev23508542n3-nev25912027n1"/><Contract id="nev23508542n3-nev25912028n1"/><Arguments id="nev23508542n3-nev25912029n1"/><NevisXRef id="nev23508542n3-nev23508562n1"><ref id="nev23508542n3-nev23508543n1"><locator xlink:href="#nev23508542n3-nev23508543n1" xlink:type="locator"/><locator xlink:href="urn:x-nevis:xref:0800c8af868c62d1:00000000:00000000#nev21969764n1" xlink:type="locator"/><arc nevis:href="urn:x-nevis:xref:0800c8af868c62d1:00000000:00000000#nev21969764n1" xlink:title="VCC-476323, Aktuator, avgassystem" xlink:type="arc"/></ref></NevisXRef></Input></RunScript></Component></Module><Module IsEventHandler="false" Name="Final" id="nev23508542n3-nev25912033n1"/><Module Annotation="Do not touch!" IsEventHandler="false" Name="GenericComponentTest" id="nev23508542n3-nev25912034n1"><Variable Id="InfoDisplayFromGenericLogic" Scope="Local" Type="InfoDisplay" id="nev23508542n3-nev25912035n1"><Value Type="InfoDisplayVariable" id="nev23508542n3-nev25912036n1"><infoDisplay id="nev23508542n3-nev23508532n3"/></Value></Variable><Variable Id="DTCs" Scope="Input" Type="List[String]" id="nev23508542n3-nev25912037n1"/><Component ComponentId="Logger_running_generic" id="nev23508542n3-nev25912038n1"><Logger id="nev23508542n3-nev25912039n1"><Input Text="Running module GenericComponenttest in component test 14:06..........   --- Version: 2015-01-23," id="nev23508542n3-nev25912040n1"/></Logger></Component><Component Annotation="Run the Generic Logic 14:00" ComponentId="RunScript_generic_logic" id="nev23508542n3-nev25912041n1"><RunScript id="nev23508542n3-nev25912042n1"><Input id="nev23508542n3-nev25912043n1"><NevisLink ProjectDocumentId="0800c8af86b6bb5c" VCCNumber="VCC-479232-1" VariantId="0900c8af86b6bb6b" id="nev23508542n3-nev25912044n1"/><Contract id="nev23508542n3-nev25912045n1"><InputVariable Name="DTC_input_data" Type="FaultTracing.Input" id="nev23508542n3-nev25912046n1"/><OutputVariable Name="Error" Type="Double" id="nev23508542n3-nev25912047n1"/><OutputVariable Name="ReturnInfoDisplay" Type="InfoDisplay" id="nev23508542n3-nev25912048n1"/><OutputVariable Name="Only_UC_since_LC" Type="Double" id="nev23508542n3-nev25912049n1"/><OutputVariable Name="TF_since_LC_TestPassedNow" Type="Double" id="nev23508542n3-nev25912050n1"/><OutputVariable Name="TF_since_LC_TestNotRunning" Type="Double" id="nev23508542n3-nev25912051n1"/><OutputVariable Name="TF_since_LC_and_UC_this_OC" Type="Double" id="nev23508542n3-nev25912052n1"/><OutputVariable Name="FaultFreeComponent" Type="Double" id="nev23508542n3-nev25912053n1"/></Contract><Arguments InputValue1="{DTCs}" id="nev23508542n3-nev25912054n1"/><NevisXRef id="nev23508542n3-nev23508534n2"><ref id="nev23508542n3-nev23508534n3"><locator xlink:href="#nev23508542n3-nev23508534n3" xlink:type="locator"/><locator xlink:href="urn:x-nevis:xref:0800c8af86b6bb5c:00000000:00000000#nev22873702n1" xlink:type="locator"/><arc nevis:href="urn:x-nevis:xref:0800c8af86b6bb5c:00000000:00000000#nev22873702n1" xlink:title="VCC-479232, Generic logic for component test" xlink:type="arc"/></ref></NevisXRef></Input></RunScript></Component><If Annotation="if no error show generic info about DTC status for component" LogicId="If_no_error" id="nev23508542n3-nev25912058n1"><LogicStatement Expression="RunScript_generic_logic_Result.Error == False" id="nev23508542n3-nev25912059n1"/><True id="nev23508542n3-nev25912060n1"><Component ComponentId="Logger_showing_infodisplay" id="nev23508542n3-nev25912061n1"><Logger id="nev23508542n3-nev25912062n1"><Input Text="Showing information from generic logic script" id="nev23508542n3-nev25912063n1"/></Logger></Component><Component Annotation="From infodisplay returned by generic logic to a local infodisplay variable due to a bug in SPASE " ComponentId="AssignValue_Infodisplay" id="nev23508542n3-nev25912064n1"><AssignValue id="nev23508542n3-nev25912065n1"><Input AssignTo="{InfoDisplayFromGenericLogic}" Value="{RunScript_generic_logic_Result ReturnInfoDisplay}" id="nev23508542n3-nev25912066n1"/></AssignValue></Component><Component Annotation="Result from the generic logic 14:00" ComponentId="DisplayInformation_FromGenericLogic" id="nev23508542n3-nev25912067n1"><DisplayInformation id="nev23508542n3-nev25912068n1"><Input ButtonType="0" InfoDisplay="{InfoDisplayFromGenericLogic}" id="nev23508542n3-nev25912069n1"/></DisplayInformation></Component><If Annotation="If component only has unconfirmed DTC" LogicId="If_OnlyUnconfirmed" id="nev23508542n3-nev25912070n1"><LogicStatement Expression="RunScript_generic_logic_Result.Only_UC_since_LC == True" id="nev23508542n3-nev25912071n1"/><True id="nev23508542n3-nev25912072n1"><Component ComponentId="Logger_onlyUnconfirmed" id="nev23508542n3-nev25912073n1"><Logger id="nev23508542n3-nev25912074n1"><Input Text="The component Test 14:06, Module: GenericcomponentTest is now starting the 14:00 generic script for only unconfirmed since generic logic responded that there was only unconfirmed DTC" id="nev23508542n3-nev25912075n1"/></Logger></Component><Component Annotation="Generic Logic only for unconfirmed faulttracing" ComponentId="RunScript_OnlyUnconfirmed" id="nev23508542n3-nev25912076n1"><RunScript id="nev23508542n3-nev25912077n1"><Input id="nev23508542n3-nev25912078n1"><NevisLink ProjectDocumentId="0800c8af86bbe0d4" VCCNumber="VCC-479592-1" VariantId="0900c8af86bbddf9" id="nev23508542n3-nev25912079n1"/><Contract id="nev23508542n3-nev25912080n1"><InputVariable Name="AttemptNo" Type="Double" id="nev23508542n3-nev25912081n1"/><InputVariable Name="DTCs" Type="List[String]" id="nev23508542n3-nev25912082n1"/><OutputVariable Name="Verified" Type="Double" id="nev23508542n3-nev25912083n1"/><OutputVariable Name="ReturningInfodisplay" Type="InfoDisplay" id="nev23508542n3-nev25912084n1"/></Contract><Arguments InputValue1="1" InputValue2="{DTCs}" id="nev23508542n3-nev25912085n1"/><NevisXRef id="nev23508542n3-nev23508537n2"><ref id="nev23508542n3-nev23508537n3"><locator xlink:href="#nev23508542n3-nev23508537n3" xlink:type="locator"/><locator xlink:href="urn:x-nevis:xref:0800c8af86bbe0d4:00000000:00000000#nev22964386n1" xlink:type="locator"/><arc nevis:href="urn:x-nevis:xref:0800c8af86bbe0d4:00000000:00000000#nev22964386n1" xlink:title="VCC-479592, GenericLogicForOnlyUnconfirmedComponentTest" xlink:type="arc"/></ref></NevisXRef></Input></RunScript></Component><Component ComponentId="AssignValue_infodisplay" id="nev23508542n3-nev25912089n1"><AssignValue id="nev23508542n3-nev25912090n1"><Input AssignTo="{InfoDisplayFromGenericLogic}" Value="{RunScript_OnlyUnconfirmed_Result ReturningInfodisplay}" id="nev23508542n3-nev25912091n1"/></AssignValue></Component><Component ComponentId="DisplayInformation_ResultOnlyUnconfirmed" id="nev23508542n3-nev25912092n1"><DisplayInformation id="nev23508542n3-nev25912093n1"><Input ButtonType="0" InfoDisplay="{InfoDisplayFromGenericLogic}" id="nev23508542n3-nev25912094n1"/></DisplayInformation></Component><If Annotation="Verified ?" LogicId="If1" id="nev23508542n3-nev25912095n1"><LogicStatement Expression="RunScript_OnlyUnconfirmed_Result.Verified == True" id="nev23508542n3-nev25912096n1"/><True id="nev23508542n3-nev25912097n1"><Component Annotation="Verified" ComponentId="Logger_finished" id="nev23508542n3-nev25912098n1"><Logger id="nev23508542n3-nev25912099n1"><Input Text="Generic fault tracing instructions for only unconfirmed fault finished. the fault is verified..." id="nev23508542n3-nev25912100n1"/></Logger></Component></True><Else id="nev23508542n3-nev25912101n1"><Component ComponentId="Logger_NotVerifiedRetry2" id="nev23508542n3-nev25912102n1"><Logger id="nev23508542n3-nev25912103n1"><Input Text="The only unconfirmed fault is not verified... Running onlyUnconfirmedScript 14:00 one more time..." id="nev23508542n3-nev25912104n1"/></Logger></Component><Component Annotation="Second try" ComponentId="RunScriptUnconfirmed_2" id="nev23508542n3-nev25912105n1"><RunScript id="nev23508542n3-nev25912106n1"><Input id="nev23508542n3-nev25912107n1"><NevisLink ProjectDocumentId="0800c8af86bbe0d4" VCCNumber="VCC-479592-1" VariantId="0900c8af86bbddf9" id="nev23508542n3-nev25912108n1"/><Contract id="nev23508542n3-nev25912109n1"><InputVariable Name="AttemptNo" Type="Double" id="nev23508542n3-nev25912110n1"/><InputVariable Name="DTCs" Type="List[String]" id="nev23508542n3-nev25912111n1"/><OutputVariable Name="Verified" Type="Double" id="nev23508542n3-nev25912112n1"/><OutputVariable Name="ReturningInfodisplay" Type="InfoDisplay" id="nev23508542n3-nev25912113n1"/></Contract><Arguments InputValue1="2" InputValue2="{DTCs}" id="nev23508542n3-nev25912114n1"/><NevisXRef id="nev23508542n3-nev23508539n10"><ref id="nev23508542n3-nev23508540n1"><locator xlink:href="#nev23508542n3-nev23508540n1" xlink:type="locator"/><locator xlink:href="urn:x-nevis:xref:0800c8af86bbe0d4:00000000:00000000#nev22964386n1" xlink:type="locator"/><arc nevis:href="urn:x-nevis:xref:0800c8af86bbe0d4:00000000:00000000#nev22964386n1" xlink:title="VCC-479592, GenericLogicForOnlyUnconfirmedComponentTest" xlink:type="arc"/></ref></NevisXRef></Input></RunScript></Component><Component Annotation="" ComponentId="AssignValue_infodisplay2" id="nev23508542n3-nev25912118n1"><AssignValue id="nev23508542n3-nev25912119n1"><Input AssignTo="{InfoDisplayFromGenericLogic}" Value="{RunScriptUnconfirmed_2_Result ReturningInfodisplay}" id="nev23508542n3-nev25912120n1"/></AssignValue></Component><Component ComponentId="DisplayInformation_ResultUC_2" id="nev23508542n3-nev25912121n1"><DisplayInformation id="nev23508542n3-nev25912122n1"><Input ButtonType="0" InfoDisplay="{InfoDisplayFromGenericLogic}" id="nev23508542n3-nev25912123n1"/></DisplayInformation></Component></Else></If></True><Else id="nev23508542n3-nev25912124n1"/></If></True><Else id="nev23508542n3-nev25912125n1"><Component ComponentId="Logger_error" id="nev23508542n3-nev25912126n1"><Logger id="nev23508542n3-nev25912127n1"><Input Text="Error! Something is wrong in generic logic14:00 script, no condition is true. disabling viewing of the generic information, continueing directly to specific fault tracing..." id="nev23508542n3-nev25912128n1"/></Logger></Component></Else></If><Component ComponentId="Logger_Finished" id="nev23508542n3-nev25912129n1"><Logger id="nev23508542n3-nev25912130n1"><Input Text="Generic module in 14:06 component test is finished, continuing with specific tests...." id="nev23508542n3-nev25912131n1"/></Logger></Component></Module></SpaScript></content></script>