<?xml version="1.0" encoding="UTF-8"?><servinfosub IE-ID="en-US0900c8af804a6f06" docno="VCC-095145" id="KC01428511" xml:lang="en-US">
<title>
<phrase category="" id="KC08608352" phrase-urn="urn:x-nevis:phrase:0800c8af81de71c4">Diagnostic trou#@#@#21#ation</phrase>
</title>
<diagnostic type="condition">
<condgrp>
<condition type="condition">
<grate>
<graphic id="KC08608353" width="column">
<href>0900c8af8005916#@#@#9#.jpeg</href>
</graphic>
<graphtext>
<ptxt>
<phrase category="" id="KC08608354" phrase-urn="urn:x-nevis:phrase:0800c8af81de71c5">The solenoids a#@#@#323#uits.</phrase>
</ptxt>
</graphtext>
</grate>
</condition>
</condgrp>
<condgrp>
<condition type="substitution">
<list1 enumtype="d" type="unordered">
<item>
<ptxt>
<phrase category="" id="KC08608355" phrase-urn="urn:x-nevis:phrase:0800c8af81de71c6">The control mod#@#@#29#ated.</phrase>
</ptxt>
</item>
</list1>
</condition>
<ps>
<list1 enumtype="d" type="unordered">
<item>
<ptxt>
<phrase category="" id="KC08608356" phrase-urn="urn:x-nevis:phrase:0800c8af81de71c7">Defective contr#@#@#5#dule.</phrase>
</ptxt>
</item>
</list1>
</ps>
</condgrp>
<condgrp>
<condition type="symptom">
<list1 enumtype="d" type="unordered">
<item>
<ptxt>
<phrase category="" id="KC08608357" phrase-urn="urn:x-nevis:phrase:0800c8af81de71c8">General orange #@#@#12# lit.</phrase>
</ptxt>
</item>
<item>
<ptxt>
<phrase category="" id="KC08608358" phrase-urn="urn:x-nevis:phrase:0800c8af81de71c9">Malfunction ind#@#@#17# lit.</phrase>
</ptxt>
</item>
<item>
<ptxt>
<phrase category="" id="KC08608359" phrase-urn="urn:x-nevis:phrase:0800c8af81de71ca">No lock-up function.</phrase>
</ptxt>
</item>
<item>
<ptxt>
<phrase category="" id="KC08608360" phrase-urn="urn:x-nevis:phrase:0800c8af81de71cb">Harsh gear shifting.</phrase>
</ptxt>
</item>
<item>
<ptxt>
<phrase category="" id="KC08608361" phrase-urn="urn:x-nevis:phrase:0800c8af81de71cc">No shifting.</phrase>
</ptxt>
</item>
</list1>
<caution>
<ptxt>
<phrase category="" id="KC08608362" phrase-urn="urn:x-nevis:phrase:0800c8af81de71cd">There is a dang#@#@#101#ear. </phrase>
</ptxt>
</caution>
<hint>
<ptxt>
<phrase category="" id="KC08608363" phrase-urn="urn:x-nevis:phrase:0800c8af81de71ce"> Harsh gear shi#@#@#18#d by:</phrase>
</ptxt>
<list1 enumtype="d" type="unordered">
<item>
<ptxt>
<phrase category="" id="KC08608364" phrase-urn="urn:x-nevis:phrase:0800c8af81de71cf">No adaptation o#@#@#67#ion).</phrase>
</ptxt>
</item>
<item>
<ptxt>
<phrase category="" id="KC08608365" phrase-urn="urn:x-nevis:phrase:0800c8af81de71d0">No reduction of#@#@#24#ting.</phrase>
</ptxt>
</item>
<item>
<ptxt>
<phrase category="" id="KC08608366" phrase-urn="urn:x-nevis:phrase:0800c8af81de71d1">No torque limit#@#@#52#ting.</phrase>
</ptxt>
</item>
</list1>
<ptxt>
<phrase category="" id="KC08608367" phrase-urn="urn:x-nevis:phrase:0800c8af81de71d2">No shifting - b#@#@#309#ears </phrase>
</ptxt>
</hint>
</condition>
</condgrp>
</diagnostic>
</servinfosub>