<?xml version="1.0" encoding="UTF-8"?><script xmlns:nevis="http://www.volvocars.com/namespaces/processing" xmlns:xlink="http://www.w3.org/1999/xlink" IE-ID="en-US0900c8af8762e90a" docno="VCC-481822" id="nev23148884n1" nevis:expl-profile="mdl256yr2016, mdl234yr2017, mdl235yr2017, mdl256yr2017" nevis:profile="urn:x-nevis:profile:0b00c8af858c2577 urn:x-nevis:profile:0b00c8af86dd9c00 urn:x-nevis:profile:0b00c8af86dd9c01 urn:x-nevis:profile:0b00c8af86eeb1e9" nevis:projectdocument="urn:x-nevis:projectdocument:0800c8af86c39f49" nevis:resource="0900c8af8762e910" nevis:resource2="urn:x-nevis:fragment:0900c8af8762e90a:0900c8af8762e910#nev23148884n1" nevis:session-id="" qualifierinfotype="14:06" xml:lang="en-US"><title id="nev23148884n2"><phrase category="Title" id="nev25896679n1" phrase-urn="urn:x-nevis:phrase:0800c8af86f03262">Component test:</phrase><phrase category="Generic Component" id="nev25896680n1" phrase-urn="urn:x-nevis:phrase:0800c8af869b7c08">Exhaust gas tem#@#@#10#ensor</phrase></title><content id="nev23148884n4-nev23148871n1" nevis:expl-profile="mdl256yr2016, mdl234yr2017, mdl235yr2017, mdl256yr2017" nevis:idfrom="nev23148884n4" nevis:prefix="nev23148884n4" nevis:profile="urn:x-nevis:profile:0b00c8af858c2577 urn:x-nevis:profile:0b00c8af86dd9c00 urn:x-nevis:profile:0b00c8af86dd9c01 urn:x-nevis:profile:0b00c8af86eeb1e9" nevis:resource="0900c8af8762e90e" nevis:resource2="urn:x-nevis:fragment:0900c8af8762e90a:0900c8af8762e90e#nev23148871n1" xml:lang="en-US"><nodes id="nev23148884n4-nev23148871n2"/><SpaScript Id="4b7159da-98df-4230-98ef-12e4c5278aab" Name="Component test: Exhaust gas temperature sensor " Type="FaultTracing" id="nev23148884n4-nev25896681n1"><Module Annotation="First we run the generic component test module.&#xD;&#xA;After that you can put your individual&#xD;&#xA;component tests..." IsEventHandler="false" Name="Main" id="nev23148884n4-nev25896682n1"><Variable Id="test_remove" Scope="Local" Type="InfoDisplay" id="nev23148884n4-nev25896683n1"><Value Type="InfoDisplayVariable" id="nev23148884n4-nev25896684n1"><infoDisplay id="nev23148884n4-nev23148871n7"><title id="nev23148884n4-nev23148871n8"><freeText id="nev23148884n4-nev23148871n9">Test Test Test</freeText></title><para id="nev23148884n4-nev23148871n10"><freeText id="nev23148884n4-nev23148872n1">Detta är den ge#@#@#45#p... </freeText></para><para id="nev23148884n4-nev23148872n2"><freeText id="nev23148884n4-nev23148872n3">Denna text visa#@#@#42#erats</freeText></para></infoDisplay></Value></Variable><Variable Id="Input" Scope="Input" Type="FaultTracing.Input" id="nev23148884n4-nev25896685n1"/><Component Annotation="Generic test to inform about the DTC condition for faulttracing this cmponent." ComponentId="CallModule_GenericComponentTest" id="nev23148884n4-nev25896686n1"><CallModule id="nev23148884n4-nev25896687n1"><Input Module="GenericComponentTest" id="nev23148884n4-nev25896688n1"><Arg Value="{Input}" id="nev23148884n4-nev25896689n1"/></Input></CallModule></Component><Component Annotation="" ComponentId="RunScript1" id="nev23148884n4-nev25896690n1"><RunScript id="nev23148884n4-nev25896691n1"><Input id="nev23148884n4-nev25896692n1"><NevisLink ProjectDocumentId="0800c8af86b2aed0" VCCNumber="VCC-478803-1" VariantId="0900c8af86b2aeb6" id="nev23148884n4-nev25896693n1"/><Contract id="nev23148884n4-nev25896694n1"/><Arguments id="nev23148884n4-nev25896695n1"/><NevisXRef id="nev23148884n4-nev23148956n1"><ref id="nev23148884n4-nev23148939n1"><locator xlink:href="#nev23148884n4-nev23148939n1" xlink:type="locator"/><locator xlink:href="urn:x-nevis:xref:0800c8af86b2aed0:00000000:00000000#nev22760728n1" xlink:type="locator"/><arc nevis:href="urn:x-nevis:xref:0800c8af86b2aed0:00000000:00000000#nev22760728n1" xlink:title="VCC-478803, Temperaturgivare, avgas" xlink:type="arc"/></ref></NevisXRef></Input></RunScript></Component></Module><Module IsEventHandler="false" Name="Final" id="nev23148884n4-nev25896699n1"/><Module Annotation="Do not touch!" IsEventHandler="false" Name="GenericComponentTest" id="nev23148884n4-nev25896700n1"><Variable Id="InfoDisplayFromGenericLogic" Scope="Local" Type="InfoDisplay" id="nev23148884n4-nev25896701n1"><Value Type="InfoDisplayVariable" id="nev23148884n4-nev25896702n1"><infoDisplay id="nev23148884n4-nev23148874n1"/></Value></Variable><Variable Id="DTCs" Scope="Input" Type="List[String]" id="nev23148884n4-nev25896703n1"/><Component ComponentId="Logger_running_generic" id="nev23148884n4-nev25896704n1"><Logger id="nev23148884n4-nev25896705n1"><Input Text="Running module GenericComponenttest in component test 14:06..........   --- Version: 2015-01-23," id="nev23148884n4-nev25896706n1"/></Logger></Component><Component Annotation="Run the Generic Logic 14:00" ComponentId="RunScript_generic_logic" id="nev23148884n4-nev25896707n1"><RunScript id="nev23148884n4-nev25896708n1"><Input id="nev23148884n4-nev25896709n1"><NevisLink ProjectDocumentId="0800c8af86b6bb5c" VCCNumber="VCC-479232-1" VariantId="0900c8af86b6bb6b" id="nev23148884n4-nev25896710n1"/><Contract id="nev23148884n4-nev25896711n1"><InputVariable Name="DTC_input_data" Type="FaultTracing.Input" id="nev23148884n4-nev25896712n1"/><OutputVariable Name="Error" Type="Double" id="nev23148884n4-nev25896713n1"/><OutputVariable Name="ReturnInfoDisplay" Type="InfoDisplay" id="nev23148884n4-nev25896714n1"/><OutputVariable Name="Only_UC_since_LC" Type="Double" id="nev23148884n4-nev25896715n1"/><OutputVariable Name="TF_since_LC_TestPassedNow" Type="Double" id="nev23148884n4-nev25896716n1"/><OutputVariable Name="TF_since_LC_TestNotRunning" Type="Double" id="nev23148884n4-nev25896717n1"/><OutputVariable Name="TF_since_LC_and_UC_this_OC" Type="Double" id="nev23148884n4-nev25896718n1"/><OutputVariable Name="FaultFreeComponent" Type="Double" id="nev23148884n4-nev25896719n1"/></Contract><Arguments InputValue1="{DTCs}" id="nev23148884n4-nev25896720n1"/><NevisXRef id="nev23148884n4-nev23148875n10"><ref id="nev23148884n4-nev23148876n1"><locator xlink:href="#nev23148884n4-nev23148876n1" xlink:type="locator"/><locator xlink:href="urn:x-nevis:xref:0800c8af86b6bb5c:00000000:00000000#nev22873702n1" xlink:type="locator"/><arc nevis:href="urn:x-nevis:xref:0800c8af86b6bb5c:00000000:00000000#nev22873702n1" xlink:title="VCC-479232, Generic logic for component test" xlink:type="arc"/></ref></NevisXRef></Input></RunScript></Component><If Annotation="if no error show generic info about DTC status for component" LogicId="If_no_error" id="nev23148884n4-nev25896724n1"><LogicStatement Expression="RunScript_generic_logic_Result.Error == False" id="nev23148884n4-nev25896725n1"/><True id="nev23148884n4-nev25896726n1"><Component ComponentId="Logger_showing_infodisplay" id="nev23148884n4-nev25896727n1"><Logger id="nev23148884n4-nev25896728n1"><Input Text="Showing information from generic logic script" id="nev23148884n4-nev25896729n1"/></Logger></Component><Component Annotation="From infodisplay returned by generic logic to a local infodisplay variable due to a bug in SPASE " ComponentId="AssignValue_Infodisplay" id="nev23148884n4-nev25896730n1"><AssignValue id="nev23148884n4-nev25896731n1"><Input AssignTo="{InfoDisplayFromGenericLogic}" Value="{RunScript_generic_logic_Result ReturnInfoDisplay}" id="nev23148884n4-nev25896732n1"/></AssignValue></Component><Component Annotation="Result from the generic logic 14:00" ComponentId="DisplayInformation_FromGenericLogic" id="nev23148884n4-nev25896733n1"><DisplayInformation id="nev23148884n4-nev25896734n1"><Input ButtonType="0" InfoDisplay="{InfoDisplayFromGenericLogic}" id="nev23148884n4-nev25896735n1"/></DisplayInformation></Component><If Annotation="If component only has unconfirmed DTC" LogicId="If_OnlyUnconfirmed" id="nev23148884n4-nev25896736n1"><LogicStatement Expression="RunScript_generic_logic_Result.Only_UC_since_LC == True" id="nev23148884n4-nev25896737n1"/><True id="nev23148884n4-nev25896738n1"><Component ComponentId="Logger_onlyUnconfirmed" id="nev23148884n4-nev25896739n1"><Logger id="nev23148884n4-nev25896740n1"><Input Text="The component Test 14:06, Module: GenericcomponentTest is now starting the 14:00 generic script for only unconfirmed since generic logic responded that there was only unconfirmed DTC" id="nev23148884n4-nev25896741n1"/></Logger></Component><Component Annotation="Generic Logic only for unconfirmed faulttracing" ComponentId="RunScript_OnlyUnconfirmed" id="nev23148884n4-nev25896742n1"><RunScript id="nev23148884n4-nev25896743n1"><Input id="nev23148884n4-nev25896744n1"><NevisLink ProjectDocumentId="0800c8af86bbe0d4" VCCNumber="VCC-479592-1" VariantId="0900c8af86bbddf9" id="nev23148884n4-nev25896745n1"/><Contract id="nev23148884n4-nev25896746n1"><InputVariable Name="AttemptNo" Type="Double" id="nev23148884n4-nev25896747n1"/><InputVariable Name="DTCs" Type="List[String]" id="nev23148884n4-nev25896748n1"/><OutputVariable Name="Verified" Type="Double" id="nev23148884n4-nev25896749n1"/><OutputVariable Name="ReturningInfodisplay" Type="InfoDisplay" id="nev23148884n4-nev25896750n1"/></Contract><Arguments InputValue1="1" InputValue2="{DTCs}" id="nev23148884n4-nev25896751n1"/><NevisXRef id="nev23148884n4-nev23148878n10"><ref id="nev23148884n4-nev23148879n1"><locator xlink:href="#nev23148884n4-nev23148879n1" xlink:type="locator"/><locator xlink:href="urn:x-nevis:xref:0800c8af86bbe0d4:00000000:00000000#nev22964386n1" xlink:type="locator"/><arc nevis:href="urn:x-nevis:xref:0800c8af86bbe0d4:00000000:00000000#nev22964386n1" xlink:title="VCC-479592, GenericLogicForOnlyUnconfirmedComponentTest" xlink:type="arc"/></ref></NevisXRef></Input></RunScript></Component><Component ComponentId="AssignValue_infodisplay" id="nev23148884n4-nev25896755n1"><AssignValue id="nev23148884n4-nev25896756n1"><Input AssignTo="{InfoDisplayFromGenericLogic}" Value="{RunScript_OnlyUnconfirmed_Result ReturningInfodisplay}" id="nev23148884n4-nev25896757n1"/></AssignValue></Component><Component ComponentId="DisplayInformation_ResultOnlyUnconfirmed" id="nev23148884n4-nev25896758n1"><DisplayInformation id="nev23148884n4-nev25896759n1"><Input ButtonType="0" InfoDisplay="{InfoDisplayFromGenericLogic}" id="nev23148884n4-nev25896760n1"/></DisplayInformation></Component><If Annotation="Verified ?" LogicId="If1" id="nev23148884n4-nev25896761n1"><LogicStatement Expression="RunScript_OnlyUnconfirmed_Result.Verified == True" id="nev23148884n4-nev25896762n1"/><True id="nev23148884n4-nev25896763n1"><Component Annotation="Verified" ComponentId="Logger_finished" id="nev23148884n4-nev25896764n1"><Logger id="nev23148884n4-nev25896765n1"><Input Text="Generic fault tracing instructions for only unconfirmed fault finished. the fault is verified..." id="nev23148884n4-nev25896766n1"/></Logger></Component></True><Else id="nev23148884n4-nev25896767n1"><Component ComponentId="Logger_NotVerifiedRetry2" id="nev23148884n4-nev25896768n1"><Logger id="nev23148884n4-nev25896769n1"><Input Text="The only unconfirmed fault is not verified... Running onlyUnconfirmedScript 14:00 one more time..." id="nev23148884n4-nev25896770n1"/></Logger></Component><Component Annotation="Second try" ComponentId="RunScriptUnconfirmed_2" id="nev23148884n4-nev25896771n1"><RunScript id="nev23148884n4-nev25896772n1"><Input id="nev23148884n4-nev25896773n1"><NevisLink ProjectDocumentId="0800c8af86bbe0d4" VCCNumber="VCC-479592-1" VariantId="0900c8af86bbddf9" id="nev23148884n4-nev25896774n1"/><Contract id="nev23148884n4-nev25896775n1"><InputVariable Name="AttemptNo" Type="Double" id="nev23148884n4-nev25896776n1"/><InputVariable Name="DTCs" Type="List[String]" id="nev23148884n4-nev25896777n1"/><OutputVariable Name="Verified" Type="Double" id="nev23148884n4-nev25896778n1"/><OutputVariable Name="ReturningInfodisplay" Type="InfoDisplay" id="nev23148884n4-nev25896779n1"/></Contract><Arguments InputValue1="2" InputValue2="{DTCs}" id="nev23148884n4-nev25896780n1"/><NevisXRef id="nev23148884n4-nev23148881n8"><ref id="nev23148884n4-nev23148881n9"><locator xlink:href="#nev23148884n4-nev23148881n9" xlink:type="locator"/><locator xlink:href="urn:x-nevis:xref:0800c8af86bbe0d4:00000000:00000000#nev22964386n1" xlink:type="locator"/><arc nevis:href="urn:x-nevis:xref:0800c8af86bbe0d4:00000000:00000000#nev22964386n1" xlink:title="VCC-479592, GenericLogicForOnlyUnconfirmedComponentTest" xlink:type="arc"/></ref></NevisXRef></Input></RunScript></Component><Component Annotation="" ComponentId="AssignValue_infodisplay2" id="nev23148884n4-nev25896784n1"><AssignValue id="nev23148884n4-nev25896785n1"><Input AssignTo="{InfoDisplayFromGenericLogic}" Value="{RunScriptUnconfirmed_2_Result ReturningInfodisplay}" id="nev23148884n4-nev25896786n1"/></AssignValue></Component><Component ComponentId="DisplayInformation_ResultUC_2" id="nev23148884n4-nev25896787n1"><DisplayInformation id="nev23148884n4-nev25896788n1"><Input ButtonType="0" InfoDisplay="{InfoDisplayFromGenericLogic}" id="nev23148884n4-nev25896789n1"/></DisplayInformation></Component></Else></If></True><Else id="nev23148884n4-nev25896790n1"/></If></True><Else id="nev23148884n4-nev25896791n1"><Component ComponentId="Logger_error" id="nev23148884n4-nev25896792n1"><Logger id="nev23148884n4-nev25896793n1"><Input Text="Error! Something is wrong in generic logic14:00 script, no condition is true. disabling viewing of the generic information, continueing directly to specific fault tracing..." id="nev23148884n4-nev25896794n1"/></Logger></Component></Else></If><Component ComponentId="Logger_Finished" id="nev23148884n4-nev25896795n1"><Logger id="nev23148884n4-nev25896796n1"><Input Text="Generic module in 14:06 component test is finished, continuing with specific tests...." id="nev23148884n4-nev25896797n1"/></Logger></Component></Module></SpaScript></content></script>