<?xml version="1.0" encoding="UTF-8"?><servinfosub IE-ID="en-US0900c8af8051490a" docno="VCC-123327" id="KC01659539" xml:lang="en-US">
<title>
<phrase category="" id="KC07490301" phrase-urn="urn:x-nevis:phrase:0800c8af81b78947">Diagnostic trou#@#@#21#ation</phrase>
</title>
<diagnostic j2008use="1" paperuse="1" screenuse="1" type="condition">
<condgrp>
<condition type="condition">
<grate>
<graphic id="KC07490302">
<href>0900c8af8005a39#@#@#9#.jpeg</href>
</graphic>
<graphtext>
<ptxt>
<phrase category="" id="KC07490303" phrase-urn="urn:x-nevis:phrase:0800c8af81b78948">Diagnostic trou#@#@#125#uit. </phrase>
</ptxt>
</graphtext>
</grate>
</condition>
</condgrp>
<condgrp>
<condition type="substitution">
<list1 enumtype="d" type="unordered">
<item>
<ptxt>
<phrase category="" id="KC07490304" phrase-urn="urn:x-nevis:phrase:0800c8af81b7894a">None.</phrase>
</ptxt>
</item>
</list1>
</condition>
<ps>
<list1 enumtype="d" type="unordered">
<item>
<ptxt>
<phrase category="" id="KC07490305" phrase-urn="urn:x-nevis:phrase:0800c8af81b7894b">Short-circuit t#@#@#101#dule </phrase>
</ptxt>
</item>
<item>
<ptxt>
<phrase category="" id="KC07490306" phrase-urn="urn:x-nevis:phrase:0800c8af81b7894d">Short-circuit t#@#@#20# bag.</phrase>
</ptxt>
</item>
</list1>
</ps>
</condgrp>
<condgrp>
<condition type="symptom">
<list1 enumtype="d" type="unordered">
<item>
<ptxt>
<phrase category="" id="KC07490307" phrase-urn="urn:x-nevis:phrase:0800c8af81b7894e">The SRS indicat#@#@#10# lit.</phrase>
</ptxt>
</item>
</list1>
</condition>
</condgrp>
</diagnostic>
</servinfosub>