<?xml version="1.0" encoding="UTF-8"?><servinfosub IE-ID="en-US0900c8af8051d312" docno="VCC-128170" id="KC01719021" xml:lang="en-US">
<title>The lock unit a#@#@#27# door</title>
<procedure>
<stepgrp id="KC01719022">
<title>Removing and in#@#@#35# door</title>
<procstep id="KC01719023">
<title>Removing the lo#@#@#20# door</title>
<list1 enumtype="d" type="unordered">
<title>Remove:</title>
<item>
<ptxt>the panel accor#@#@#3#g to <xref>
<ref id="KC07521242"/>
</xref>
</ptxt>
</item>
<item>
<ptxt>the door lock a#@#@#7#g to <xref>
<ref id="KC07521243"/>
</xref>. </ptxt>
</item>
</list1>
</procstep>
<procstep id="KC01719024">
<title>Installing the #@#@#22# door</title>
<list1 enumtype="d" type="unordered">
<title>Install:</title>
<item>
<ptxt>the door lock a#@#@#7#g to <xref>
<ref id="KC07521244"/>
</xref>
</ptxt>
</item>
<item>
<ptxt>the panel accor#@#@#3#g to <xref>
<ref id="KC07521245"/>
</xref>. </ptxt>
</item>
</list1>
</procstep>
</stepgrp>
<stepgrp id="KC01719025">
<title>Removing the ou#@#@#10#andle</title>
<procstep id="KC01719026">
<title>Removing the do#@#@#8#ation</title>
<grate>
<graphic id="KC07521246">
<href>0900c8af80125fb#@#@#9#.jpeg</href>
</graphic>
<graphtext>
<list1 enumtype="d" type="unordered">
<title>Remove:</title>
<item>
<ptxt>the door panel #@#@#8#g to <xref>
<ref id="KC07521247"/>
</xref>
</ptxt>
</item>
<item>
<ptxt>the upper tie s#@#@#20#anel.</ptxt>
</item>
</list1>
<para>
<ptxt>Carefully bend #@#@#19#wards</ptxt>
</para>
</graphtext>
</grate>
</procstep>
<procstep id="KC01719027">
<title>Removing the wi#@#@#10# rail</title>
<grate>
<graphic id="KC07521248">
<href>0900c8af80125f7#@#@#9#.jpeg</href>
</graphic>
<graphtext>
<para>
<ptxt>Close the window.</ptxt>
</para>
<list1 enumtype="d" type="unordered">
<title>Remove:</title>
<item>
<ptxt>the screw from #@#@#8#l (B)</ptxt>
</item>
<item>
<ptxt>the panel on th#@#@#4#tside</ptxt>
</item>
<item>
<ptxt>the foam rubber#@#@#7# (C).</ptxt>
</item>
</list1>
<para>
<ptxt>Pull the moldin#@#@#43#ards.</ptxt>
<ptxt>Pull the guide #@#@#55#rail.</ptxt>
</para>
</graphtext>
</grate>
</procstep>
<procstep id="KC01667871">
<title>Removing the in#@#@#13#anism</title>
<grate>
<graphic id="KC07521249">
<href>0900c8af80125f4#@#@#9#.jpeg</href>
</graphic>
<graphtext>
<list1 enumtype="d" type="unordered">
<title>Remove:</title>
<item>
<ptxt>the two screws #@#@#10#andle</ptxt>
</item>
<item>
<ptxt>the handle from#@#@#5#door.</ptxt>
</item>
</list1>
<para>
<ptxt>Pull the lock c#@#@#22# lug.</ptxt>
<ptxt>
<emph>B and C</emph>
</ptxt>
<ptxt>Unhook the two #@#@#15#uide.</ptxt>
<ptxt>Remove the two #@#@#37#uide.</ptxt>
</para>
</graphtext>
</grate>
</procstep>
<procstep id="KC01719028">
<title>Removing the ou#@#@#10#andle</title>
<grate>
<graphic id="KC07521250">
<href>0900c8af80125e2#@#@#9#.jpeg</href>
</graphic>
<graphtext>
<para>
<ptxt>Press the conne#@#@#59#lock.</ptxt>
</para>
<list1 enumtype="d" type="unordered">
<title>Remove:</title>
<item>
<ptxt>the plug on the#@#@#23#panel</ptxt>
</item>
<item>
<ptxt>the two screws #@#@#58# edge</ptxt>
</item>
<item>
<ptxt>the outer door #@#@#27#ment </ptxt>
</item>
<item>
<ptxt>the cover plate#@#@#10#door.</ptxt>
</item>
</list1>
</graphtext>
</grate>
</procstep>
</stepgrp>
<stepgrp id="KC01719029">
<title>Installing the #@#@#12#andle</title>
<procstep id="KC01719030">
<title>Installing the #@#@#12#andle</title>
<grate>
<graphic id="KC07521251">
<href>0900c8af80125e6#@#@#9#.jpeg</href>
</graphic>
<graphtext>
<para>
<ptxt>Clean the matin#@#@#5#face.</ptxt>
</para>
<list1 enumtype="d" type="unordered">
<title>Install:</title>
<item>
<ptxt>the handle in t#@#@#26#ition</ptxt>
</item>
<item>
<ptxt>the panel (chec#@#@#38#ng). </ptxt>
</item>
</list1>
<para>
<ptxt>Use new screws #@#@#56#1075.</ptxt>
</para>
<list1 enumtype="d" type="unordered">
<title>Install:</title>
<item>
<ptxt>the two screws.#@#@#7#n to <emph>10 Nm</emph>
</ptxt>
</item>
<item>
<ptxt>the rear plug.</ptxt>
</item>
</list1>
<para>
<ptxt>Press the inner#@#@#10#ards.</ptxt>
<ptxt>Secure the conn#@#@#36#unit.</ptxt>
<ptxt>Check the function.</ptxt>
</para>
</graphtext>
</grate>
</procstep>
<procstep id="KC01719031">
<title>Installing the #@#@#12# rail</title>
<grate>
<graphic id="KC07521252">
<href>0900c8af80125f7#@#@#9#.jpeg</href>
</graphic>
<graphtext>
<para>
<ptxt>Lubricate the m#@#@#17#rail.</ptxt>
<ptxt>Insert the guid#@#@#18#eath.</ptxt>
</para>
<list1 enumtype="d" type="unordered">
<title>Install:</title>
<item>
<ptxt>the guide rail #@#@#46#n to <emph>10 Nm</emph>
</ptxt>
</item>
<item>
<ptxt>the molding ins#@#@#13# rail</ptxt>
</item>
<item>
<ptxt>the outer cover</ptxt>
</item>
<item>
<ptxt>the screw</ptxt>
</item>
<item>
<ptxt>the foam rubber#@#@#22#rail.</ptxt>
</item>
</list1>
</graphtext>
</grate>
</procstep>
<procstep id="KC01667875">
<title>Installing the #@#@#15#anism</title>
<grate>
<graphic id="KC07521253">
<href>0900c8af80125f7#@#@#9#.jpeg</href>
</graphic>
<graphtext>
<para>
<ptxt>
<emph>A, B and C</emph>
</ptxt>
</para>
<list1 enumtype="d" type="unordered">
<title>Install:</title>
<item>
<ptxt>the guide in th#@#@#1# door</ptxt>
</item>
<item>
<ptxt>two clips.</ptxt>
</item>
</list1>
<para>
<ptxt>Press the two r#@#@#14#uide.</ptxt>
<ptxt>
<emph>D</emph>
</ptxt>
<ptxt>Press the locki#@#@#15# lug.</ptxt>
<ptxt>Install the two#@#@#17#ndle.</ptxt>
<ptxt>Check the function.</ptxt>
</para>
<note>
<ptxt>If necessary, a#@#@#71# rod.</ptxt>
</note>
</graphtext>
</grate>
</procstep>
<procstep id="KC01719032">
<title>Installing the #@#@#10#ation</title>
<list1 enumtype="d" type="unordered">
<title>Install:</title>
<item>
<ptxt>the run-off pro#@#@#13#g to <xref>
<ref id="KC07521254"/>
</xref>
</ptxt>
</item>
<item>
<ptxt>the upper tie s#@#@#17#panel</ptxt>
</item>
<item>
<ptxt>the door panel #@#@#8#g to <xref>
<ref id="KC07521255"/>
</xref>. </ptxt>
</item>
</list1>
</procstep>
</stepgrp>
</procedure>
</servinfosub>