<?xml version="1.0" encoding="UTF-8"?><servinfosub IE-ID="en-US0900c8af800cf312" docno="VCC-121998" id="KC01327182" xml:lang="en-US">
<title>
<phrase category="" id="KC06100654" phrase-urn="urn:x-nevis:phrase:0800c8af817381dc">Faulty signal. #@#@#13#fault</phrase>
</title>
<diagnostic type="test">
<testgrp IE-ID="en-US0900c8af800cf312_KC01328507" id="KC01328507" j2008use="1" paperuse="1" resumable="1" screenuse="1" testgrp-id="a1" x="120" y="80">
<title>
<phrase category="" id="KC06100655" phrase-urn="urn:x-nevis:phrase:0800c8af817381cc">Checking wiring#@#@#10#ctors</phrase>
</title>
<node>
<test1>
<test2>
<para>
<ptxt>
<phrase category="" id="KC06100656" phrase-urn="urn:x-nevis:phrase:0800c8af817381cd">Check the rear #@#@#126#ons. </phrase>
</ptxt>
</para>
<para>
<ptxt>
<phrase category="" id="KC06100657" phrase-urn="urn:x-nevis:phrase:0800c8af817381ce">Check the signa#@#@#183#age. </phrase>
</ptxt>
</para>
<para>
<ptxt>
<phrase category="" id="KC06100658" phrase-urn="urn:x-nevis:phrase:0800c8af817381cf">Check the groun#@#@#124#uit. </phrase>
</ptxt>
</para>
<list1 enumtype="d">
<title>
<phrase category="" id="KC06100659" phrase-urn="urn:x-nevis:phrase:0800c8af817381d0">Other information:</phrase>
</title>
<item>
<ptxt>
<phrase category="" id="KC06100660" phrase-urn="urn:x-nevis:phrase:0800c8af817381d1">For information#@#@#32# see <xref>
<ref id="KC06100661"/>
</xref>
</phrase>
</ptxt>
</item>
<item>
<ptxt>
<phrase category="" id="KC06100662" phrase-urn="urn:x-nevis:phrase:0800c8af817381d2">To connect the #@#@#13# see <xref>
<ref id="KC06100663"/>
</xref>
</phrase>
</ptxt>
</item>
<item>
<ptxt>
<phrase category="" id="KC06100664" phrase-urn="urn:x-nevis:phrase:0800c8af817381d3">To access the r#@#@#28# see <xref>
<ref id="KC06100665"/>
</xref>
</phrase>
</ptxt>
</item>
<item>
<ptxt>
<phrase category="" id="KC06100666" phrase-urn="urn:x-nevis:phrase:0800c8af817381d4">To access the f#@#@#34# see <xref>
<ref id="KC06100667"/>
</xref>
</phrase>
</ptxt>
</item>
<item>
<ptxt>
<phrase category="" id="KC06100668" phrase-urn="urn:x-nevis:phrase:0800c8af817381d5">
<xref>
<ref id="KC06100669"/>
</xref>.</phrase>
</ptxt>
</item>
</list1>
<diaglist>
<dgraphic>
<dgraphic1>
<graphic id="KC06100670">
<href>0900c8af80058a8#@#@#9#.jpeg</href>
</graphic>
</dgraphic1>
<dgraphic2>
<graphic id="KC06100671">
<href>0900c8af80054d4#@#@#9#.jpeg</href>
</graphic>
<smarttool active="press" id="KC06100672" toolname="ODAH"/>
</dgraphic2>
</dgraphic>
<ditem>
<ditemtext>
<ptxt>
<phrase category="" id="KC06100673" phrase-urn="urn:x-nevis:phrase:0800c8af817381da"/>
</ptxt>
</ditemtext>
</ditem>
</diaglist>
</test2>
</test1>
<question>Select Continue. </question>
<resact-grp>
<result button="cont" comp="button" highlight="0"/>
<action j2008use="1" paperuse="1" screenuse="1">
<ptxt>
<xref>
<ref id="KC06100674"/>
</xref>
</ptxt>
</action>
</resact-grp>
</node>
</testgrp>
<testgrp id="KC01328508" j2008use="1" paperuse="1" resumable="1" screenuse="1" testgrp-id="info2" x="280" y="80">
<title>
<phrase category="" id="KC06100675" phrase-urn="urn:x-nevis:phrase:0800c8af817381db">Fault-tracing i#@#@#5#ation</phrase>
</title>
<subcalloutnode>
<diagcallout>
<xref>
<ref id="KC06100676"/>
</xref>
</diagcallout>
<rescall-grp>
<result comp="string" highlight="0" op="eq" return="NEW TRY"/>
<calloutaction>
<ptxt>
<xref>
<ref id="KC06100677"/>
</xref>
</ptxt>
</calloutaction>
</rescall-grp>
<rescall-grp>
<result comp="string" highlight="0" op="eq" return="FAULT FOUND"/>
<calloutaction>
<return value="FAULT FOUND"/>
</calloutaction>
</rescall-grp>
</subcalloutnode>
</testgrp>
</diagnostic>
</servinfosub>