<?xml version="1.0" encoding="UTF-8"?><servinfosub IE-ID="en-US0900c8af87613312" docno="VCC-392650" id="nev14398570n1" original="sv-SE" servinfosubId="nev14398571n1-nev25808202n1" servinfosubRes="0900c8af877c3ada" servinfosubRes2="urn:x-nevis:fragment:0900c8af87613312:0900c8af877c3ada#nev25808202n1" xml:lang="en-US">
<operationnumbers>
<operationnumber>39321-2</operationnumber>
</operationnumbers>
<title id="nev14398570n2">AUX panel</title>
<procedure id="nev14398571n1-nev26646191n1">
<stepgrp boilerplate="false" context="" id="nev14398571n1-nev26660435n68">
<title id="nev14398571n1-0800c8af844a46f6">Removal</title>
<procstep id="nev14398571n1-nev26650926n76">
<para id="nev14398571n1-nev26660435n66">
<ptxt id="nev14398571n1-nev26660435n67">Set the vehicle#@#@#36# mode<xref boilerplate="true" id="nev14398571n1-0800c8af865315ac">
<ref id="nev14398571n1-nev26650926n36"/>
</xref>
</ptxt>
</para>
</procstep>
<procstep id="nev14398571n1-nev26650926n71">
<grate id="nev14398571n1-nev26660435n64">
<graphic id="nev14398571n1-nev26660435n65">
<href>0900c8af877be2d#@#@#9#.jpeg</href>
</graphic>
<graphtext id="nev14398571n1-nev26660618n1">
<para id="nev14398571n1-nev26660435n62">
<ptxt id="nev14398571n1-nev26660435n63">Fold marked par#@#@#3#side.</ptxt>
</para>
</graphtext>
</grate>
</procstep>
<procstep id="nev14398571n1-nev26650926n66">
<grate id="nev14398571n1-nev26660435n60">
<graphic id="nev14398571n1-nev26660435n61">
<href>0900c8af877be4a#@#@#9#.jpeg</href>
</graphic>
<graphtext id="nev14398571n1-nev26660622n1">
<note id="nev14398571n1-0800c8af85df4c6e">
<ptxt>The graphic sho#@#@#39#oval.</ptxt>
</note>
</graphtext>
</grate>
</procstep>
<procstep id="nev14398571n1-nev26650926n62">
<grate id="nev14398571n1-nev26660435n58">
<graphic id="nev14398571n1-nev26660435n59">
<href>0900c8af877be2d#@#@#9#.jpeg</href>
</graphic>
</grate>
</procstep>
<procstep id="nev14398571n1-nev26650926n59">
<grate id="nev14398571n1-nev26660435n56">
<graphic id="nev14398571n1-nev26660435n57">
<href>0900c8af877be37#@#@#9#.jpeg</href>
</graphic>
<graphtext id="nev14398571n1-nev26660629n1">
<para id="nev14398571n1-nev26660435n54">
<ptxt id="nev14398571n1-nev26660435n55">Disconnect the #@#@#5#ctor.</ptxt>
</para>
<para id="nev14398571n1-nev26660435n52">
<ptxt id="nev14398571n1-nev26660435n53">Remove the mark#@#@#3#part.</ptxt>
</para>
</graphtext>
</grate>
</procstep>
<procstep id="nev14398571n1-nev26650926n52">
<grate id="nev14398571n1-nev26660435n50">
<graphic id="nev14398571n1-nev26660435n51">
<href>0900c8af877be37#@#@#9#.jpeg</href>
</graphic>
<graphtext id="nev14398571n1-nev26660633n1">
<para id="nev14398571n1-nev26660435n48">
<ptxt id="nev14398571n1-nev26660435n49">Release the locks.</ptxt>
</para>
<para id="nev14398571n1-nev26660435n46">
<ptxt id="nev14398571n1-nev26660435n47">Remove the mark#@#@#3#part.</ptxt>
</para>
</graphtext>
</grate>
</procstep>
</stepgrp>
<stepgrp boilerplate="false" context="" id="nev14398571n1-nev26660435n45">
<title id="nev14398571n1-0800c8af844a46f9">Installation</title>
<procstep id="nev14398571n1-nev26650926n43">
<para id="nev14398571n1-nev26660435n43">
<ptxt id="nev14398571n1-nev26660435n44">To install, rev#@#@#22#dure.</ptxt>
</para>
</procstep>
</stepgrp>
</procedure>
</servinfosub>