<?xml version="1.0" encoding="UTF-8"?><servinfosub IE-ID="en-US0900c8af8452a219" docno="VCC-121302" id="KC02024945" xml:lang="en-US">
<title id="nev13760302n250">Setting gas pressure</title>
<procedure id="nev13760302n248">
<stepgrp id="nev13760302n246">
<procstep id="KC02276178">
<title id="nev13760302n244">Making special tools</title>
<grate id="nev13760302n242">
<graphic id="KC08697081">
<href>0900c8af8011fda#@#@#9#.jpeg</href>
</graphic>
<graphtext id="nev13760302n237">
<para id="nev13760302n235">
<ptxt id="nev13760302n233">A special tool #@#@#40#ade. </ptxt>
<ptxt id="nev13760302n231">Start with an A#@#@#24# no. <toolitem id="KC08697082"/>.</ptxt>
<ptxt id="nev13760302n226">Make the tool a#@#@#9#ated.</ptxt>
</para>
</graphtext>
</grate>
</procstep>
<procstep id="KC02276179">
<title id="nev13760303n248">Pressure gauge</title>
<grate id="nev13760302n222">
<graphic id="nev13760303n112">
<href>0900c8af8005a5d#@#@#9#.jpeg</href>
</graphic>
<graphtext id="nev13760302n217">
<para id="nev13760302n215">
<ptxt id="nev13760302n213">Use pressure gauge<toolitem id="nev13760306n86" imageid="0900c8af800547d8"/>.</ptxt>
</para>
<para id="nev13762442n232">
<ptxt id="nev13762442n231">Cut hoses as il#@#@#35#tion.</ptxt>
</para>
<para id="nev13762443n214">
<ptxt id="nev13762443n213">
<emph id="nev13765953n119">A</emph> - Pressure rea#@#@#21#lator</ptxt>
</para>
<para id="nev13762444n196">
<ptxt id="nev13762444n195">
<emph id="nev13765953n199">D</emph>, <emph id="nev13765953n159">C</emph> - Vacuum conne#@#@#27#ngine</ptxt>
</para>
</graphtext>
</grate>
</procstep>
<procstep id="KC02276180">
<title id="nev13760302n211">Installing the #@#@#18#lator</title>
<grate id="nev13760302n209">
<graphic id="nev13760767n52">
<href>0900c8af844feee#@#@#9#.jpeg</href>
</graphic>
<graphtext id="nev13760302n204">
<para id="nev13760302n202">
<ptxt id="nev13760302n200">Drain the syste#@#@#3#See: <xref id="nev13765341n168">
<ref id="nev13765341n135"/>
</xref>.</ptxt>
</para>
<list1 enumtype="d" id="nev13760302n193" type="unordered">
<title id="nev13760302n191">Remove:</title>
<item id="nev13760302n189">
<ptxt id="nev13760302n187">the plug from t#@#@#8#ator.</ptxt>
</item>
</list1>
<list1 enumtype="d" id="nev13760302n185" type="unordered">
<title id="nev13760302n183">Install:</title>
<item id="nev13760302n181">
<ptxt id="nev13760302n179">the nipple to t#@#@#8#ator.</ptxt>
</item>
</list1>
<ptxt id="nev13760769n14">Disconnect the #@#@#26#ator.</ptxt>
</graphtext>
</grate>
</procstep>
<procstep id="nev13760781n216">
<title id="nev13760781n215">Connecting the #@#@#9#gauge</title>
<grate id="nev13760781n214">
<graphic id="nev13760781n20">
<href>0900c8af844feed#@#@#9#.jpeg</href>
</graphic>
<graphtext id="nev13760781n209">
<para id="nev13761279n250">
<ptxt id="nev13761279n249">Connecting the #@#@#9#gauge<toolitem id="nev13761281n232" imageid="0900c8af800547d8"/>
</ptxt>
</para>
<para id="nev13760781n208">
<ptxt id="nev13760781n207">Connect the lef#@#@#124#ion. </ptxt>
</para>
<para id="nev13760781n205">
<ptxt id="nev13760781n204">Connect the rig#@#@#62#tor. </ptxt>
</para>
</graphtext>
</grate>
</procstep>
<procstep id="KC02276183">
<title id="nev13760302n133">Adjusting gas p#@#@#10#tep 1</title>
<grate id="nev13760302n131">
<graphic id="nev13762539n204">
<href>0900c8af844feed#@#@#9#.jpeg</href>
</graphic>
<graphtext id="nev13760302n126">
<para id="nev13760302n116">
<ptxt id="nev13760302n114">Open the valve.</ptxt>
<ptxt id="nev13760302n112">Start the engin#@#@#9#wer).</ptxt>
<ptxt id="nev13760302n110">Adjust the gas #@#@#36#ator.</ptxt>
</para>
<para id="nev13760302n108">
<title id="nev13760302n106">CNG:</title>
<ptxt id="nev13760302n104">If the gas pres#@#@#101#oved.</ptxt>
</para>
<para id="nev13760302n102">
<title id="nev13760302n100">LPG:</title>
<ptxt id="nev13760302n98">If the gas pres#@#@#101#oved.</ptxt>
</para>
<para id="nev13762514n219">
<ptxt id="nev13762514n218">Drain the syste#@#@#3#See: <xref id="nev13765341n58">
<ref id="nev13765341n25"/>
</xref>
</ptxt>
</para>
<para id="nev13762539n134">
<ptxt id="nev13762539n133">Remove the nipp#@#@#38#plug.</ptxt>
</para>
</graphtext>
</grate>
</procstep>
<procstep id="nev13762445n202">
<title id="nev13762445n201">Installing the #@#@#20#butor</title>
<grate id="nev13762539n63">
<graphic id="nev13762539n62">
<href>0900c8af844feed#@#@#9#.jpeg</href>
</graphic>
<graphtext id="nev13768625n178">
<list1 enumtype="d" id="nev13768625n171" type="unordered">
<title id="nev13768625n170">Remove:</title>
<item id="nev13768625n169">
<ptxt id="nev13768625n168">the plug from t#@#@#10#utor.</ptxt>
</item>
</list1>
<list1 enumtype="d" id="nev13768625n167" type="unordered">
<title id="nev13768625n166">Install:</title>
<item id="nev13768625n165">
<ptxt id="nev13768625n164">the nipple to t#@#@#10#utor.</ptxt>
</item>
</list1>
<ptxt id="nev13768625n163">Connect the rig#@#@#63#utor.</ptxt>
</graphtext>
</grate>
</procstep>
<procstep id="KC02276184">
<title id="nev13760302n81">Adjusting gas p#@#@#10#tep 2</title>
<grate id="nev13760302n79">
<graphic id="nev13765927n201">
<href>0900c8af844feed#@#@#9#.jpeg</href>
</graphic>
<graphtext id="nev13760302n74">
<para id="nev13765927n133">
<ptxt id="nev13765927n132">Adjust the gas #@#@#34#ator.</ptxt>
<ptxt id="nev13765927n67">Setting value 9#@#@#8# mbar</ptxt>
</para>
<ptxt id="nev13765927n34">Drain the syste#@#@#3#See: <xref id="nev13765927n1">
<ref id="nev13765934n218"/>
</xref>
</ptxt>
<list1 enumtype="d" id="nev13760302n72" type="unordered">
<title id="nev13760302n70">Remove:</title>
<item id="nev13760302n68">
<ptxt id="nev13760302n66">Pressure gauge #@#@#5#hoses</ptxt>
</item>
<item id="nev13765934n150">
<ptxt id="nev13765934n117">The nipple from#@#@#11#butor</ptxt>
</item>
</list1>
<list1 enumtype="d" id="nev13760302n38" type="unordered">
<title id="nev13760302n36">Install:</title>
<item id="nev13760302n34">
<ptxt id="nev13760302n32">The plug to the#@#@#7#butor</ptxt>
</item>
<item id="nev13765935n2">
<ptxt id="nev13765940n219">The vacuum hose#@#@#28#lator</ptxt>
</item>
</list1>
</graphtext>
</grate>
</procstep>
</stepgrp>
</procedure>
</servinfosub>