<?xml version="1.0" encoding="UTF-8"?><servinfosub IE-ID="en-US0900c8af8567c219" docno="VCC-436652" id="nev17369525n1" xml:lang="en-US">
<title>
<phrase category="Title" id="nev17369525n2" phrase-urn="urn:x-nevis:phrase:0800c8af81eb9a54">Diagnostic trou#@#@#21#ation</phrase>
</title>
<diagnostic j2008use="1" paperuse="1" screenuse="1" type="condition">
<condgrp>
<condition type="condition">
<para>
<ptxt>
<phrase category="" id="nev17369525n3" phrase-urn="urn:x-nevis:phrase:0800c8af823dbc8c">The engine cont#@#@#391#pted.</phrase>
</ptxt>
</para>
<note>
<ptxt>
<phrase category="" id="nev17369525n4" phrase-urn="urn:x-nevis:phrase:0800c8af823dbc8d">In the event of#@#@#457#work.</phrase>
</ptxt>
</note>
</condition>
</condgrp>
<condgrp>
<condition type="substitution">
<list1 enumtype="d" type="unordered">
<item>
<ptxt>
<phrase category="" id="nev17369525n5" phrase-urn="urn:x-nevis:phrase:0800c8af823dbc8e">Nothing.</phrase>
</ptxt>
</item>
</list1>
</condition>
<ps>
<list1 enumtype="d" type="unordered">
<item>
<ptxt>
<phrase category="" id="nev17369525n6" phrase-urn="urn:x-nevis:phrase:0800c8af823dbc8f">A faulty CAN co#@#@#169#ple).</phrase>
</ptxt>
</item>
<item>
<ptxt>
<phrase category="" id="nev17369525n7" phrase-urn="urn:x-nevis:phrase:0800c8af823dbc90">A break in the #@#@#85#CEM).</phrase>
</ptxt>
</item>
</list1>
</ps>
</condgrp>
<condgrp>
<condition type="symptom">
<list1 enumtype="d" type="unordered">
<item>
<ptxt>
<phrase category="Symptom CSC" id="nev17369525n8" phrase-urn="urn:x-nevis:phrase:0800c8af8388f039">AQ, Cruise cont#@#@#14#ngage</phrase>
</ptxt>
</item>
<item>
<ptxt>
<phrase category="Symptom CSC" id="nev17369525n9" phrase-urn="urn:x-nevis:phrase:0800c8af8388f087">EA, Text window#@#@#42#ssage</phrase>
</ptxt>
</item>
</list1>
</condition>
</condgrp>
</diagnostic>
</servinfosub>