<?xml version="1.0" encoding="UTF-8"?><servinfosub IE-ID="en-US0900c8af86c51219" docno="VCC-458938" id="nev18593960n1" servinfosubId="nev20684781n1-nev20684781n2" servinfosubRes="0900c8af86c51230" servinfosubRes2="urn:x-nevis:fragment:0900c8af86c51219:0900c8af86c51230#nev20684781n2" xml:lang="en-US">
<title id="nev18593960n2">Component speci#@#@#33#(ECM)</title>
<para id="nev20684781n1-nev18593960n8">
<ptxt id="nev20684781n1-nev18593960n9">The component s#@#@#166#nent.</ptxt>
</para>
<para id="nev20684781n1-nev18593960n10">
<ptxt id="nev20684781n1-nev18593961n1">Numbers in pare#@#@#64#onds.</ptxt>
</para>
<para id="nev20684781n1-nev18593961n2">
<ptxt id="nev20684781n1-nev18593961n3">Supply voltage #@#@#34#ctor.</ptxt>
</para>
<table id="nev20684781n1-nev18593961n4" pgwide="1">
<tgroup cols="5" id="nev20684781n1-nev18593961n5">
<colspec colname="col1" colwidth="19.98*" id="nev20684781n1-nev18593961n6"/>
<colspec colname="col2" colwidth="20.07*" id="nev20684781n1-nev18593961n7"/>
<colspec colname="col3" colwidth="19.91*" id="nev20684781n1-nev18593961n8"/>
<colspec colname="col4" colwidth="20.02*" id="nev20684781n1-nev18593961n9"/>
<colspec colname="col5" colwidth="20.02*" id="nev20684781n1-nev18593961n10"/>
<tbody id="nev20684781n1-nev18593962n1">
<row id="nev20684781n1-nev18593962n2">
<entry id="nev20684781n1-nev18593962n3" morerows="0" rotate="0">
<ptxt id="nev20684781n1-nev18593962n4">
<emph etype="bold" id="nev20684781n1-nev18593962n5">Description</emph>
</ptxt>
</entry>
<entry id="nev20684781n1-nev18593962n6" morerows="0" rotate="0">
<ptxt id="nev20684781n1-nev18593962n7">
<emph etype="bold" id="nev20684781n1-nev18593962n8">Type</emph>
</ptxt>
</entry>
<entry id="nev20684781n1-nev18593962n9" morerows="0" rotate="0">
<ptxt id="nev20684781n1-nev18593962n10">
<emph etype="bold" id="nev20684781n1-nev18593963n1">Supply voltage</emph>
</ptxt>
</entry>
<entry id="nev20684781n1-nev18593963n2" morerows="0" rotate="0">
<ptxt id="nev20684781n1-nev18593963n3">
<emph etype="bold" id="nev20684781n1-nev18593963n4">Value</emph>
</ptxt>
</entry>
<entry id="nev20684781n1-nev18593963n5" morerows="0" rotate="0">
<ptxt id="nev20684781n1-nev18593963n6">
<emph etype="bold" id="nev20684781n1-nev18593963n7">Miscellaneous</emph>
</ptxt>
</entry>
</row>
<row id="nev20684781n1-nev18593964n9">
<entry id="nev20684781n1-nev18593964n10" morerows="0" rotate="0">
<ptxt id="nev20684781n1-nev18593965n1">A/C pressure sensor</ptxt>
</entry>
<entry id="nev20684781n1-nev18593965n2" morerows="0" rotate="0">
<ptxt id="nev20684781n1-nev18593965n3">Absolute pressu#@#@#4#ensor</ptxt>
</entry>
<entry id="nev20684781n1-nev18593965n4" morerows="0" rotate="0">
<ptxt id="nev20684781n1-nev18593965n5">5 V (#3)</ptxt>
</entry>
<entry id="nev20684781n1-nev18593965n6" morerows="0" rotate="0">
<ptxt id="nev20684781n1-nev18593965n7">-</ptxt>
</entry>
<entry id="nev20684781n1-nev18593965n8" morerows="0" rotate="0">
<ptxt id="nev20684781n1-nev18593965n9">-</ptxt>
</entry>
</row>
<row id="nev20684781n1-nev18593965n10">
<entry id="nev20684781n1-nev18593966n1" morerows="0" rotate="0">
<ptxt id="nev20684781n1-nev18593966n2">Brake light switch</ptxt>
</entry>
<entry id="nev20684781n1-nev18593966n3" morerows="0" rotate="0">
<ptxt id="nev20684781n1-nev18593966n4">Position switch</ptxt>
</entry>
<entry id="nev20684781n1-nev18593966n5" morerows="0" rotate="0">
<ptxt id="nev20684781n1-nev18593966n6">12 V (#1)</ptxt>
</entry>
<entry id="nev20684781n1-nev18593966n7" morerows="0" rotate="0">
<ptxt id="nev20684781n1-nev18593966n8">The switch is c#@#@#46#1-#2)</ptxt>
</entry>
<entry id="nev20684781n1-nev18593966n9" morerows="0" rotate="0">
<ptxt id="nev20684781n1-nev18593966n10">-</ptxt>
</entry>
</row>
<row id="nev20684781n1-nev18593967n1">
<entry id="nev20684781n1-nev18593967n2" morerows="0" rotate="0">
<ptxt id="nev20684781n1-nev18593967n3">Fuel temperatur#@#@#3#ensor</ptxt>
</entry>
<entry id="nev20684781n1-nev18593967n4" morerows="0" rotate="0">
<ptxt id="nev20684781n1-nev18593967n5">NTC resistor</ptxt>
</entry>
<entry id="nev20684781n1-nev18593967n6" morerows="0" rotate="0">
<ptxt id="nev20684781n1-nev18593967n7">5 V (#3)</ptxt>
</entry>
<entry id="nev20684781n1-nev18593967n8" morerows="0" rotate="0">
<ptxt id="nev20684781n1-nev18593967n9">≈ 5896 Ω at 0 °C</ptxt>
<ptxt id="nev20684781n1-nev18593967n10">≈ 3792 Ω at 10 °C</ptxt>
<ptxt id="nev20684781n1-nev18593968n1">≈ 2500 Ω at 20 °C</ptxt>
<ptxt id="nev20684781n1-nev18593968n2">≈ 1707 Ω at 30 °C</ptxt>
<ptxt id="nev20684781n1-nev18593968n3">≈ 1175 Ω at 40 #@#@#7#- #2)</ptxt>
</entry>
<entry id="nev20684781n1-nev18593968n4" morerows="0" rotate="0">
<ptxt id="nev20684781n1-nev18593968n5">Located on the #@#@#32#pump.</ptxt>
</entry>
</row>
<row id="nev20684781n1-nev18593968n6">
<entry id="nev20684781n1-nev18593968n7" morerows="0" rotate="0">
<ptxt id="nev20684781n1-nev18593968n8">Fuel pressure sensor</ptxt>
</entry>
<entry id="nev20684781n1-nev18593968n9" morerows="0" rotate="0">
<ptxt id="nev20684781n1-nev18593968n10">Piezo resistive#@#@#11#ensor</ptxt>
</entry>
<entry id="nev20684781n1-nev18593969n1" morerows="0" rotate="0">
<ptxt id="nev20684781n1-nev18593969n2">5 V (#3)</ptxt>
</entry>
<entry id="nev20684781n1-nev18593969n3" morerows="0" rotate="0">
<ptxt id="nev20684781n1-nev18593969n4">-</ptxt>
</entry>
<entry id="nev20684781n1-nev18593969n5" morerows="0" rotate="0">
<ptxt id="nev20684781n1-nev18593969n6">-</ptxt>
</entry>
</row>
<row id="nev20684781n1-nev18593969n7">
<entry id="nev20684781n1-nev18593969n8" morerows="0" rotate="0">
<ptxt id="nev20684781n1-nev18593969n9">Fuel flow contr#@#@#3#valve</ptxt>
</entry>
<entry id="nev20684781n1-nev18593969n10" morerows="0" rotate="0">
<ptxt id="nev20684781n1-nev18593970n1">Pulse width mod#@#@#25#valve</ptxt>
</entry>
<entry id="nev20684781n1-nev18593970n2" morerows="0" rotate="0">
<ptxt id="nev20684781n1-nev18593970n3">12 V (#1)</ptxt>
</entry>
<entry id="nev20684781n1-nev18593970n4" morerows="0" rotate="0">
<ptxt id="nev20684781n1-nev18593970n5">2.6 - 3.4 Ω (co#@#@#10#d #2)</ptxt>
</entry>
<entry id="nev20684781n1-nev18593970n6" morerows="0" rotate="0">
<ptxt id="nev20684781n1-nev18593970n7">Controls pressu#@#@#108#side.</ptxt>
</entry>
</row>
<row id="nev20684781n1-nev18593970n8">
<entry id="nev20684781n1-nev18593970n9" morerows="0" rotate="0">
<ptxt id="nev20684781n1-nev18593970n10">Fuel pressure c#@#@#7#valve</ptxt>
</entry>
<entry id="nev20684781n1-nev18593971n1" morerows="0" rotate="0">
<ptxt id="nev20684781n1-nev18593971n2">Pulse width mod#@#@#25#valve</ptxt>
</entry>
<entry id="nev20684781n1-nev18593971n3" morerows="0" rotate="0">
<ptxt id="nev20684781n1-nev18593971n4">12 V (#1)</ptxt>
</entry>
<entry id="nev20684781n1-nev18593971n5" morerows="0" rotate="0">
<ptxt id="nev20684781n1-nev18593971n6">3.42 - 3.78 Ω (coil)</ptxt>
</entry>
<entry id="nev20684781n1-nev18593971n7" morerows="0" rotate="0">
<ptxt id="nev20684781n1-nev18593971n8">PCV, located on#@#@#10#rail.</ptxt>
</entry>
</row>
<row id="nev20684781n1-nev18593971n9">
<entry id="nev20684781n1-nev18593971n10" morerows="0" rotate="0">
<ptxt id="nev20684781n1-nev18593972n1">By-pass valve EGR</ptxt>
</entry>
<entry id="nev20684781n1-nev18593972n2" morerows="0" rotate="0">
<ptxt id="nev20684781n1-nev18593972n3">Pulse width mod#@#@#25#valve</ptxt>
</entry>
<entry id="nev20684781n1-nev18593972n4" morerows="0" rotate="0">
<ptxt id="nev20684781n1-nev18593972n5">12 V (#1)</ptxt>
</entry>
<entry id="nev20684781n1-nev18593972n6" morerows="0" rotate="0">
<ptxt id="nev20684781n1-nev18593972n7">29.7 +/- 1.4 Ω </ptxt>
</entry>
<entry id="nev20684781n1-nev18593972n8" morerows="0" rotate="0">
<ptxt id="nev20684781n1-nev18593972n9">Controls vacuum#@#@#28#uator</ptxt>
</entry>
</row>
<row id="nev20684781n1-nev18593972n10">
<entry id="nev20684781n1-nev18593973n1" morerows="0" rotate="0">
<ptxt id="nev20684781n1-nev18593973n2">EGR valve</ptxt>
</entry>
<entry id="nev20684781n1-nev18593973n3" morerows="0" rotate="0">
<ptxt id="nev20684781n1-nev18593973n4">Electromechanic#@#@#3#valve</ptxt>
</entry>
<entry id="nev20684781n1-nev18593973n5" morerows="0" rotate="0">
<ptxt id="nev20684781n1-nev18593973n6">12 V (#3)</ptxt>
</entry>
<entry id="nev20684781n1-nev18593973n7" morerows="0" rotate="0">
<ptxt id="nev20684781n1-nev18593973n8">-</ptxt>
</entry>
<entry id="nev20684781n1-nev18593973n9" morerows="0" rotate="0">
<ptxt id="nev20684781n1-nev18593973n10">-</ptxt>
</entry>
</row>
<row id="nev20684781n1-nev18593974n1">
<entry id="nev20684781n1-nev18593974n2" morerows="0" rotate="0">
<ptxt id="nev20684781n1-nev18593974n3">Engine cooling #@#@#13#odule</ptxt>
</entry>
<entry id="nev20684781n1-nev18593974n4" morerows="0" rotate="0">
<ptxt id="nev20684781n1-nev18593974n5">-</ptxt>
</entry>
<entry id="nev20684781n1-nev18593974n6" morerows="0" rotate="0">
<ptxt id="nev20684781n1-nev18593974n7">12 V (#2)</ptxt>
</entry>
<entry id="nev20684781n1-nev18593974n8" morerows="0" rotate="0">
<ptxt id="nev20684781n1-nev18593974n9">-</ptxt>
</entry>
<entry id="nev20684781n1-nev18593974n10" morerows="0" rotate="0">
<ptxt id="nev20684781n1-nev18593975n1">-</ptxt>
</entry>
</row>
<row id="nev20684781n1-nev18593975n2">
<entry id="nev20684781n1-nev18593975n3" morerows="0" rotate="0">
<ptxt id="nev20684781n1-nev18593975n4">Electric piston#@#@#9#valve</ptxt>
</entry>
<entry id="nev20684781n1-nev18593975n5" morerows="0" rotate="0">
<ptxt id="nev20684781n1-nev18593975n6">Off/On valve</ptxt>
</entry>
<entry id="nev20684781n1-nev18593975n7" morerows="0" rotate="0">
<ptxt id="nev20684781n1-nev18593975n8">12 V (#1)</ptxt>
</entry>
<entry id="nev20684781n1-nev18593975n9" morerows="0" rotate="0">
<ptxt id="nev20684781n1-nev18593975n10">10 Ω (#1 - #2)</ptxt>
</entry>
<entry id="nev20684781n1-nev18593976n1" morerows="0" rotate="0">
<ptxt id="nev20684781n1-nev18593976n2">Engine control #@#@#36#lose.</ptxt>
</entry>
</row>
<row id="nev20684781n1-nev23196545n244">
<entry id="nev20684781n1-nev23196545n243" morerows="0" rotate="0">
<ptxt id="nev20684781n1-nev23196545n249">Preheating, lam#@#@#4#probe</ptxt>
</entry>
<entry id="nev20684781n1-nev23196545n241" morerows="0" rotate="0">
<ptxt id="nev20684781n1-nev23196545n248">-</ptxt>
</entry>
<entry id="nev20684781n1-nev23196545n239" morerows="0" rotate="0">
<ptxt id="nev20684781n1-nev23196545n247">12 V (#4)</ptxt>
</entry>
<entry id="nev20684781n1-nev23196545n237" morerows="0" rotate="0">
<ptxt id="nev20684781n1-nev23196545n246">2.4 - 4.0 Ω at #@#@#10#- #4)</ptxt>
</entry>
<entry id="nev20684781n1-nev23196545n235" morerows="0" rotate="0">
<ptxt id="nev20684781n1-nev23196545n245">Applies to MY -2015</ptxt>
</entry>
</row>
<row id="nev20684781n1-nev23196545n227">
<entry id="nev20684781n1-nev23196545n226" morerows="0" rotate="0">
<ptxt id="nev20684781n1-nev23196545n232">Preheating fron#@#@#9#probe</ptxt>
</entry>
<entry id="nev20684781n1-nev23196545n224" morerows="0" rotate="0">
<ptxt id="nev20684781n1-nev23196545n231">-</ptxt>
</entry>
<entry id="nev20684781n1-nev23196545n222" morerows="0" rotate="0">
<ptxt id="nev20684781n1-nev23196545n230">12 V (#4)</ptxt>
</entry>
<entry id="nev20684781n1-nev23196545n220" morerows="0" rotate="0">
<ptxt id="nev20684781n1-nev23196545n229">2.4 - 4.0 Ω at #@#@#10#- #4)</ptxt>
</entry>
<entry id="nev20684781n1-nev23196545n218" morerows="0" rotate="0">
<ptxt id="nev20684781n1-nev23196545n228">Applies to MY 2016- </ptxt>
</entry>
</row>
<row id="nev20684781n1-nev18593976n3">
<entry id="nev20684781n1-nev18593976n4" morerows="0" rotate="0">
<ptxt id="nev20684781n1-nev18593976n5">Preheating, rea#@#@#9#probe</ptxt>
</entry>
<entry id="nev20684781n1-nev18593976n6" morerows="0" rotate="0">
<ptxt id="nev20684781n1-nev18593976n7">-</ptxt>
</entry>
<entry id="nev20684781n1-nev18593976n8" morerows="0" rotate="0">
<ptxt id="nev20684781n1-nev18593976n9">12 V (#4)</ptxt>
</entry>
<entry id="nev20684781n1-nev18593976n10" morerows="0" rotate="0">
<ptxt id="nev20684781n1-nev18593977n1">2.4 - 4.0 Ω at #@#@#10#- #4)</ptxt>
</entry>
<entry id="nev20684781n1-nev18593977n2" morerows="0" rotate="0">
<ptxt id="nev20684781n1-nev23196545n216">Applies to MY 2016- </ptxt>
</entry>
</row>
<row id="nev20684781n1-nev18593977n4">
<entry id="nev20684781n1-nev18593977n5" morerows="0" rotate="0">
<ptxt id="nev20684781n1-nev18593977n6">Accelerator ped#@#@#13#ensor</ptxt>
</entry>
<entry id="nev20684781n1-nev18593977n7" morerows="0" rotate="0">
<ptxt id="nev20684781n1-nev18593977n8">Electronic peda#@#@#112#gnal.</ptxt>
</entry>
<entry id="nev20684781n1-nev18593977n9" morerows="0" rotate="0">
<ptxt id="nev20684781n1-nev18593977n10">12 V (#1)</ptxt>
<ptxt id="nev20684781n1-nev18593978n1">5 V (#6)</ptxt>
</entry>
<entry id="nev20684781n1-nev18593978n2" morerows="0" rotate="0">
<ptxt id="nev20684781n1-nev18593978n3">-</ptxt>
</entry>
<entry id="nev20684781n1-nev18593978n4" morerows="0" rotate="0">
<ptxt id="nev20684781n1-nev18593978n5">-</ptxt>
</entry>
</row>
<row id="nev20684781n1-nev18593978n6">
<entry id="nev20684781n1-nev18593978n7" morerows="0" rotate="0">
<ptxt id="nev20684781n1-nev18593978n8">Glow plug</ptxt>
</entry>
<entry id="nev20684781n1-nev18593978n9" morerows="0" rotate="0">
<ptxt id="nev20684781n1-nev18593978n10">Ceramic type</ptxt>
</entry>
<entry id="nev20684781n1-nev18593979n1" morerows="0" rotate="0">
<ptxt id="nev20684781n1-nev18593979n2">-</ptxt>
</entry>
<entry id="nev20684781n1-nev18593979n3" morerows="0" rotate="0">
<ptxt id="nev20684781n1-nev18593979n4">Supplied 7 V.</ptxt>
</entry>
<entry id="nev20684781n1-nev18593979n5" morerows="0" rotate="0">
<ptxt id="nev20684781n1-nev18593979n6">-</ptxt>
</entry>
</row>
<row id="nev20684781n1-nev18593979n7">
<entry id="nev20684781n1-nev18593979n8" morerows="0" rotate="0">
<ptxt id="nev20684781n1-nev18593979n9">Glow plug module</ptxt>
</entry>
<entry id="nev20684781n1-nev18593979n10" morerows="0" rotate="0">
<ptxt id="nev20684781n1-nev18593980n1">Electronic cont#@#@#21#puts.</ptxt>
</entry>
<entry id="nev20684781n1-nev18593980n2" morerows="0" rotate="0">
<ptxt id="nev20684781n1-nev18593980n3">12 V (#6)</ptxt>
<ptxt id="nev20684781n1-nev18593980n4">12 V (#11)</ptxt>
</entry>
<entry id="nev20684781n1-nev18593980n5" morerows="0" rotate="0">
<ptxt id="nev20684781n1-nev18593980n6">-</ptxt>
</entry>
<entry id="nev20684781n1-nev18593980n7" morerows="0" rotate="0">
<ptxt id="nev20684781n1-nev18593980n8">-</ptxt>
</entry>
</row>
<row id="nev20684781n1-nev18593980n9">
<entry id="nev20684781n1-nev18593980n10" morerows="0" rotate="0">
<ptxt id="nev20684781n1-nev18593981n1">Engine speed (R#@#@#5#ensor</ptxt>
</entry>
<entry id="nev20684781n1-nev18593981n2" morerows="0" rotate="0">
<ptxt id="nev20684781n1-nev18593981n3">Hall sensor</ptxt>
</entry>
<entry id="nev20684781n1-nev18593981n4" morerows="0" rotate="0">
<ptxt id="nev20684781n1-nev18593981n5">5 V (#3)</ptxt>
</entry>
<entry id="nev20684781n1-nev18593981n6" morerows="0" rotate="0">
<ptxt id="nev20684781n1-nev18593981n7">-</ptxt>
</entry>
<entry id="nev20684781n1-nev18593981n8" morerows="0" rotate="0">
<ptxt id="nev20684781n1-nev18593981n9">-</ptxt>
</entry>
</row>
<row id="nev20684781n1-nev18593981n10">
<entry id="nev20684781n1-nev18593982n1" morerows="0" rotate="0">
<ptxt id="nev20684781n1-nev18593982n2">Fuel injector</ptxt>
</entry>
<entry id="nev20684781n1-nev18593982n3" morerows="0" rotate="0">
<ptxt id="nev20684781n1-nev18593982n4">Piezo-electrica#@#@#5#ector</ptxt>
</entry>
<entry id="nev20684781n1-nev18593982n5" morerows="0" rotate="0">
<ptxt id="nev20684781n1-nev18593982n6">110 - 160 V (#1)</ptxt>
<ptxt id="nev20684781n1-nev18593982n7">110 - 160 V (#2)</ptxt>
</entry>
<entry id="nev20684781n1-nev18593982n8" morerows="0" rotate="0">
<ptxt id="nev20684781n1-nev18593982n9">Approx. 180 +/-#@#@#20#- #2)</ptxt>
</entry>
<entry id="nev20684781n1-nev18593982n10" morerows="0" rotate="0">
<ptxt id="nev20684781n1-nev18593983n1">-</ptxt>
</entry>
</row>
<row id="nev20684781n1-nev18593983n2">
<entry id="nev20684781n1-nev18593983n3" morerows="0" rotate="0">
<ptxt id="nev20684781n1-nev18593983n4">Camshaft sensor</ptxt>
</entry>
<entry id="nev20684781n1-nev18593983n5" morerows="0" rotate="0">
<ptxt id="nev20684781n1-nev18593983n6">Hall sensor</ptxt>
</entry>
<entry id="nev20684781n1-nev18593983n7" morerows="0" rotate="0">
<ptxt id="nev20684781n1-nev18593983n8">5 V (#3)</ptxt>
</entry>
<entry id="nev20684781n1-nev18593983n9" morerows="0" rotate="0">
<ptxt id="nev20684781n1-nev18593983n10">-</ptxt>
</entry>
<entry id="nev20684781n1-nev18593984n1" morerows="0" rotate="0">
<ptxt id="nev20684781n1-nev18593984n2">-</ptxt>
</entry>
</row>
<row id="nev20684781n1-nev18593984n3">
<entry id="nev20684781n1-nev18593984n4" morerows="0" rotate="0">
<ptxt id="nev20684781n1-nev18593984n5">Clutch pedal switch</ptxt>
</entry>
<entry id="nev20684781n1-nev18593984n6" morerows="0" rotate="0">
<ptxt id="nev20684781n1-nev18593984n7">-</ptxt>
</entry>
<entry id="nev20684781n1-nev18593984n8" morerows="0" rotate="0">
<ptxt id="nev20684781n1-nev18593984n9">12 V (#1)</ptxt>
<ptxt id="nev20684781n1-nev18593984n10">ground connecti#@#@#2# (#2)</ptxt>
</entry>
<entry id="nev20684781n1-nev18593985n1" morerows="0" rotate="0">
<ptxt id="nev20684781n1-nev18593985n2">-</ptxt>
</entry>
<entry id="nev20684781n1-nev18593985n3" morerows="0" rotate="0">
<ptxt id="nev20684781n1-nev18593985n4">-</ptxt>
</entry>
</row>
<row id="nev20684781n1-nev18593985n5">
<entry id="nev20684781n1-nev18593985n6" morerows="0" rotate="0">
<ptxt id="nev20684781n1-nev18593985n7">Coolant tempera#@#@#6#ensor</ptxt>
</entry>
<entry id="nev20684781n1-nev18593985n8" morerows="0" rotate="0">
<ptxt id="nev20684781n1-nev18593985n9">NTC resistor</ptxt>
</entry>
<entry id="nev20684781n1-nev18593985n10" morerows="0" rotate="0">
<ptxt id="nev20684781n1-nev18593986n1">5 V (#1)</ptxt>
</entry>
<entry id="nev20684781n1-nev18593986n2" morerows="0" rotate="0">
<ptxt id="nev20684781n1-nev18593986n3">5740 Ω at 0 °C</ptxt>
<ptxt id="nev20684781n1-nev18593986n4">3700 Ω at 10 °C</ptxt>
<ptxt id="nev20684781n1-nev18593986n5">2450 Ω at 20 °C</ptxt>
<ptxt id="nev20684781n1-nev18593986n6">1660 Ω at 30 °C</ptxt>
<ptxt id="nev20684781n1-nev18593986n7">1150 Ω at 40 °C</ptxt>
<ptxt id="nev20684781n1-nev18593986n8">811 Ω at 50 °C</ptxt>
<ptxt id="nev20684781n1-nev18593986n9">584 Ω at 60 °C</ptxt>
<ptxt id="nev20684781n1-nev18593986n10">428 Ω at 70 °C</ptxt>
<ptxt id="nev20684781n1-nev18593987n1">318 Ω at 80 °C</ptxt>
<ptxt id="nev20684781n1-nev18593987n2">(#1 - #2)</ptxt>
</entry>
<entry id="nev20684781n1-nev18593987n3" morerows="0" rotate="0">
<ptxt id="nev20684781n1-nev18593987n4">-</ptxt>
</entry>
</row>
<row id="nev20684781n1-nev18593987n5">
<entry id="nev20684781n1-nev18593987n6" morerows="0" rotate="0">
<ptxt id="nev20684781n1-nev18593987n7">Boost pressure #@#@#8#TMAP)</ptxt>
</entry>
<entry id="nev20684781n1-nev18593987n8" morerows="0" rotate="0">
<ptxt id="nev20684781n1-nev18593987n9">Absolute pressu#@#@#76#tor).</ptxt>
</entry>
<entry id="nev20684781n1-nev18593987n10" morerows="0" rotate="0">
<ptxt id="nev20684781n1-nev18593988n1">5 V (#3)</ptxt>
</entry>
<entry id="nev20684781n1-nev18593988n2" morerows="0" rotate="0">
<ptxt id="nev20684781n1-nev18593988n3">15.5 kΩ at -20 °C</ptxt>
<ptxt id="nev20684781n1-nev18593988n4">9.4 kΩ at -10 °C</ptxt>
<ptxt id="nev20684781n1-nev18593988n5">6.9 kΩ at 0 °C </ptxt>
<ptxt id="nev20684781n1-nev18593988n6">3.8 kΩ at 10 °C </ptxt>
<ptxt id="nev20684781n1-nev18593988n7">2.5 kΩ at 20 °C </ptxt>
<ptxt id="nev20684781n1-nev18593988n8">2.1 kΩ at 25 °C </ptxt>
<ptxt id="nev20684781n1-nev18593988n9">1.7 kΩ at 30 °C </ptxt>
<ptxt id="nev20684781n1-nev18593988n10">1.2 kΩ at 40 °C </ptxt>
<ptxt id="nev20684781n1-nev18593989n1">0.8 kΩ at 50 °C </ptxt>
<ptxt id="nev20684781n1-nev18593989n2">0.6 kΩ at 60 °C </ptxt>
<ptxt id="nev20684781n1-nev18593989n3">0.4 kΩ at 70 °C </ptxt>
<ptxt id="nev20684781n1-nev18593989n4">Temperature sen#@#@#21#- #2)</ptxt>
</entry>
<entry id="nev20684781n1-nev18593989n5" morerows="0" rotate="0">
<ptxt id="nev20684781n1-nev18593989n6">50 kPa gives 0.5 V </ptxt>
<ptxt id="nev20684781n1-nev18593989n7">100 kPa gives 1.2 V </ptxt>
<ptxt id="nev20684781n1-nev18593989n8">150 kPa gives 1.8 V </ptxt>
<ptxt id="nev20684781n1-nev18593989n9">200 kPa gives 2.5 V </ptxt>
<ptxt id="nev20684781n1-nev18593989n10">250 kPa gives 3.2 V </ptxt>
<ptxt id="nev20684781n1-nev18593990n1">300 kPa gives 3.8 V </ptxt>
<ptxt id="nev20684781n1-nev18593990n2">350 kPa gives 4.5 V </ptxt>
<ptxt id="nev20684781n1-nev18593990n3">Pressure sensor#@#@#18#-#4) </ptxt>
<ptxt id="nev20684781n1-nev18593990n4">Measures air pr#@#@#54# unit</ptxt>
</entry>
</row>
<row id="nev20684781n1-nev18593990n5">
<entry id="nev20684781n1-nev18593990n6" morerows="0" rotate="0">
<ptxt id="nev20684781n1-nev18593990n7">Boost pressure #@#@#7#(MAP)</ptxt>
</entry>
<entry id="nev20684781n1-nev18593990n8" morerows="0" rotate="0">
<ptxt id="nev20684781n1-nev18593990n9">Absolute pressu#@#@#38#nsor)</ptxt>
</entry>
<entry id="nev20684781n1-nev18593990n10" morerows="0" rotate="0">
<ptxt id="nev20684781n1-nev18593991n1">5 V (#2)</ptxt>
</entry>
<entry id="nev20684781n1-nev18593991n2" morerows="0" rotate="0">
<ptxt id="nev20684781n1-nev18593991n3">50 kPa gives 0.5 V </ptxt>
<ptxt id="nev20684781n1-nev18593991n4">100 kPa gives 1.2 V </ptxt>
<ptxt id="nev20684781n1-nev18593991n5">150 kPa gives 1.8 V </ptxt>
<ptxt id="nev20684781n1-nev18593991n6">200 kPa gives 2.5 V </ptxt>
<ptxt id="nev20684781n1-nev18593991n7">250 kPa gives 3.2 V </ptxt>
<ptxt id="nev20684781n1-nev18593991n8">300 kPa gives 3.8 V </ptxt>
<ptxt id="nev20684781n1-nev18593991n9">350 kPa gives 4.5 V </ptxt>
<ptxt id="nev20684781n1-nev18593991n10">Pressure sensor#@#@#17##-#4)</ptxt>
</entry>
<entry id="nev20684781n1-nev18593992n1" morerows="0" rotate="0">
<ptxt id="nev20684781n1-nev18593992n2">Measures air pr#@#@#35# unit</ptxt>
</entry>
</row>
<row id="nev20684781n1-nev18593992n3">
<entry id="nev20684781n1-nev18593992n4" morerows="0" rotate="0">
<ptxt id="nev20684781n1-nev18593992n5">Mass air flow s#@#@#24#ensor</ptxt>
</entry>
<entry id="nev20684781n1-nev18593992n6" morerows="0" rotate="0">
<ptxt id="nev20684781n1-nev18593992n7">Hot film sensor</ptxt>
</entry>
<entry id="nev20684781n1-nev18593992n8" morerows="0" rotate="0">
<ptxt id="nev20684781n1-nev18593992n9">12 V (#1)</ptxt>
</entry>
<entry id="nev20684781n1-nev18593992n10" morerows="0" rotate="0">
<ptxt id="nev20684781n1-nev18593993n1">13.0 - 14.7 kΩ #@#@#5#0 °C </ptxt>
<ptxt id="nev20684781n1-nev18593993n2">8.1 - 9.1 kΩ at#@#@#3#0 °C </ptxt>
<ptxt id="nev20684781n1-nev18593993n3">5.2 - 5.8 kΩ at#@#@#1#0 °C </ptxt>
<ptxt id="nev20684781n1-nev18593993n4">3.4 - 3.8 kΩ at#@#@#2#0 °C </ptxt>
<ptxt id="nev20684781n1-nev18593993n5">2.3 - 2.5 kΩ at#@#@#2#0 °C </ptxt>
<ptxt id="nev20684781n1-nev18593993n6">1.9 - 2.1 kΩ at#@#@#2#5 °C </ptxt>
<ptxt id="nev20684781n1-nev18593993n7">1.6 - 1.7 kΩ at#@#@#2#0 °C </ptxt>
<ptxt id="nev20684781n1-nev18593993n8">1.1 - 1.2 kΩ at#@#@#2#0 °C </ptxt>
<ptxt id="nev20684781n1-nev18593993n9">0.8 - 0.9kΩ at #@#@#1#0 °C </ptxt>
<ptxt id="nev20684781n1-nev18593993n10">Temperature sen#@#@#21#- #3)</ptxt>
</entry>
<entry id="nev20684781n1-nev18593994n1" morerows="0" rotate="0">
<ptxt id="nev20684781n1-nev18593994n2">Measures air ma#@#@#14#ture.</ptxt>
</entry>
</row>
<row id="nev20684781n1-nev18593994n3">
<entry id="nev20684781n1-nev18593994n4" morerows="0" rotate="0">
<ptxt id="nev20684781n1-nev18593994n5">Oil level and t#@#@#12#ensor</ptxt>
</entry>
<entry id="nev20684781n1-nev18593994n6" morerows="0" rotate="0">
<ptxt id="nev20684781n1-nev18593994n7">-</ptxt>
</entry>
<entry id="nev20684781n1-nev18593994n8" morerows="0" rotate="0">
<ptxt id="nev20684781n1-nev18593994n9">12 V (#3)</ptxt>
</entry>
<entry id="nev20684781n1-nev18593994n10" morerows="0" rotate="0">
<ptxt id="nev20684781n1-nev18593995n1">-</ptxt>
</entry>
<entry id="nev20684781n1-nev18593995n2" morerows="0" rotate="0">
<ptxt id="nev20684781n1-nev18593995n3">-</ptxt>
</entry>
</row>
<row id="nev20684781n1-nev18593995n4">
<entry id="nev20684781n1-nev18593995n5" morerows="0" rotate="0">
<ptxt id="nev20684781n1-nev18593995n6">Oil pressure an#@#@#15#ensor</ptxt>
</entry>
<entry id="nev20684781n1-nev18593995n7" morerows="0" rotate="0">
<ptxt id="nev20684781n1-nev18593995n8">Absolute pressu#@#@#21#stive</ptxt>
</entry>
<entry id="nev20684781n1-nev18593995n9" morerows="0" rotate="0">
<ptxt id="nev20684781n1-nev18593995n10">5 V (#1)</ptxt>
</entry>
<entry id="nev20684781n1-nev18593996n1" morerows="0" rotate="0">
<ptxt id="nev20684781n1-nev18593996n2">-</ptxt>
</entry>
<entry id="nev20684781n1-nev18593996n3" morerows="0" rotate="0">
<ptxt id="nev20684781n1-nev18593996n4">Engine control #@#@#34#gnal.</ptxt>
</entry>
</row>
<row id="nev20684781n1-nev18593996n5">
<entry id="nev20684781n1-nev18593996n6" morerows="0" rotate="0">
<ptxt id="nev20684781n1-nev18593996n7">Throttle unit</ptxt>
</entry>
<entry id="nev20684781n1-nev18593996n8" morerows="0" rotate="0">
<ptxt id="nev20684781n1-nev18593996n9">Electronic thro#@#@#64#nsor.</ptxt>
</entry>
<entry id="nev20684781n1-nev18593996n10" morerows="0" rotate="0">
<ptxt id="nev20684781n1-nev18593997n1">5 V (#3)</ptxt>
</entry>
<entry id="nev20684781n1-nev18593997n2" morerows="0" rotate="0">
<ptxt id="nev20684781n1-nev18593997n3">1.5 +/- 0.3 Ω (#@#@#16#ing).</ptxt>
<ptxt id="nev20684781n1-nev18593997n4">Approx. 1170 Ω #@#@#40# #6).</ptxt>
<ptxt id="nev20684781n1-nev18593997n5">Approx. 500 Ω w#@#@#37# #6).</ptxt>
</entry>
<entry id="nev20684781n1-nev18593997n6" morerows="0" rotate="0">
<ptxt id="nev20684781n1-nev18593997n7">-</ptxt>
</entry>
</row>
<row id="nev20684781n1-nev18593997n8">
<entry id="nev20684781n1-nev18593997n9" morerows="0" rotate="0">
<ptxt id="nev20684781n1-nev18593997n10">System relay</ptxt>
</entry>
<entry id="nev20684781n1-nev18593998n1" morerows="0" rotate="0">
<ptxt id="nev20684781n1-nev18593998n2">Mechanical relay</ptxt>
</entry>
<entry id="nev20684781n1-nev18593998n3" morerows="0" rotate="0">
<ptxt id="nev20684781n1-nev18593998n4">12 V (#1)</ptxt>
<ptxt id="nev20684781n1-nev18593998n5">12 V (#2)</ptxt>
</entry>
<entry id="nev20684781n1-nev18593998n6" morerows="0" rotate="0">
<ptxt id="nev20684781n1-nev18593998n7">Approx. 70 Ω (c#@#@#12#d #4)</ptxt>
</entry>
<entry id="nev20684781n1-nev18593998n8" morerows="0" rotate="0">
<ptxt id="nev20684781n1-nev18593998n9">-</ptxt>
</entry>
</row>
<row id="nev20684781n1-nev18593998n10">
<entry id="nev20684781n1-nev18593999n1" morerows="0" rotate="0">
<ptxt id="nev20684781n1-nev18593999n2">Starter motor relay</ptxt>
</entry>
<entry id="nev20684781n1-nev18593999n3" morerows="0" rotate="0">
<ptxt id="nev20684781n1-nev18593999n4">Mechanical relay</ptxt>
</entry>
<entry id="nev20684781n1-nev18593999n5" morerows="0" rotate="0">
<ptxt id="nev20684781n1-nev18593999n6">12 V (#1)</ptxt>
<ptxt id="nev20684781n1-nev18593999n7">12 V (#2)</ptxt>
</entry>
<entry id="nev20684781n1-nev18593999n8" morerows="0" rotate="0">
<ptxt id="nev20684781n1-nev18593999n9">Approx. 70 Ω (c#@#@#12#d #4)</ptxt>
</entry>
<entry id="nev20684781n1-nev18593999n10" morerows="0" rotate="0">
<ptxt id="nev20684781n1-nev18594000n1">-</ptxt>
</entry>
</row>
<row id="nev20684781n1-nev18594000n2">
<entry id="nev20684781n1-nev18594000n3" morerows="0" rotate="0">
<ptxt id="nev20684781n1-nev18594000n4">Catalytic conve#@#@#22#r (1)</ptxt>
</entry>
<entry id="nev20684781n1-nev18594000n5" morerows="0" rotate="0">
<ptxt id="nev20684781n1-nev18594000n6">Pt200 sensor</ptxt>
</entry>
<entry id="nev20684781n1-nev18594000n7" morerows="0" rotate="0">
<ptxt id="nev20684781n1-nev18594000n8">3 V (#1)</ptxt>
</entry>
<entry id="nev20684781n1-nev18594000n9" morerows="0" rotate="0">
<ptxt id="nev20684781n1-nev18594000n10">200.5 Ω at 0 °C</ptxt>
<ptxt id="nev20684781n1-nev18594001n1">219.6 Ω at 25 °C</ptxt>
<ptxt id="nev20684781n1-nev18594001n2">238.5 Ω at 50 °C</ptxt>
<ptxt id="nev20684781n1-nev18594001n3">275.9 Ω at 100 °C</ptxt>
<ptxt id="nev20684781n1-nev18594001n4">349.0 Ω at 200 °C</ptxt>
<ptxt id="nev20684781n1-nev18594001n5">419.7 Ω at 300 °C</ptxt>
<ptxt id="nev20684781n1-nev18594001n6">488.1 Ω at 400 °C</ptxt>
<ptxt id="nev20684781n1-nev18594001n7">554.1 Ω at 500 °C</ptxt>
<ptxt id="nev20684781n1-nev18594001n8">0.48 V correspo#@#@#8#40 °C</ptxt>
<ptxt id="nev20684781n1-nev18594001n9">0.55 V correspo#@#@#6# 0 °C</ptxt>
<ptxt id="nev20684781n1-nev18594001n10">1.52 V correspo#@#@#10#00 °C</ptxt>
<ptxt id="nev20684781n1-nev18594002n1">(#1 and #2)</ptxt>
</entry>
<entry id="nev20684781n1-nev18594002n2" morerows="0" rotate="0">
<ptxt id="nev20684781n1-nev18594002n3">Analog signal U#@#@#11#.52 V</ptxt>
</entry>
</row>
<row id="nev20684781n1-nev18594002n4">
<entry id="nev20684781n1-nev18594002n5" morerows="0" rotate="0">
<ptxt id="nev20684781n1-nev18594002n6">Particle filter#@#@#18#r (2)</ptxt>
</entry>
<entry id="nev20684781n1-nev18594002n7" morerows="0" rotate="0">
<ptxt id="nev20684781n1-nev18594002n8">Pt200 sensor</ptxt>
</entry>
<entry id="nev20684781n1-nev18594002n9" morerows="0" rotate="0">
<ptxt id="nev20684781n1-nev18594002n10">3 V (#1)</ptxt>
</entry>
<entry id="nev20684781n1-nev18594003n1" morerows="0" rotate="0">
<ptxt id="nev20684781n1-nev18594003n2">200.5 Ω at 0 °C</ptxt>
<ptxt id="nev20684781n1-nev18594003n3">219.6 Ω at 25 °C</ptxt>
<ptxt id="nev20684781n1-nev18594003n4">238.5 Ω at 50 °C</ptxt>
<ptxt id="nev20684781n1-nev18594003n5">275.9 Ω at 100 °C</ptxt>
<ptxt id="nev20684781n1-nev18594003n6">349.0 Ω at 200 °C</ptxt>
<ptxt id="nev20684781n1-nev18594003n7">419.7 Ω at 300 °C</ptxt>
<ptxt id="nev20684781n1-nev18594003n8">488.1 Ω at 400 °C</ptxt>
<ptxt id="nev20684781n1-nev18594003n9">554.1 Ω at 500 °C</ptxt>
<ptxt id="nev20684781n1-nev18594003n10">0.48 V correspo#@#@#8#40 °C</ptxt>
<ptxt id="nev20684781n1-nev18594004n1">0.55 V correspo#@#@#6# 0 °C</ptxt>
<ptxt id="nev20684781n1-nev18594004n2">1.52 V correspo#@#@#10#00 °C</ptxt>
<ptxt id="nev20684781n1-nev18594004n3">(#1 and #2)</ptxt>
</entry>
<entry id="nev20684781n1-nev18594004n4" morerows="0" rotate="0">
<ptxt id="nev20684781n1-nev18594004n5">Analog signal U#@#@#11#.52 V</ptxt>
</entry>
</row>
<row id="nev20684781n1-nev18594004n6">
<entry id="nev20684781n1-nev18594004n7" morerows="0" rotate="0">
<ptxt id="nev20684781n1-nev18594004n8">Particle filter#@#@#11#ensor</ptxt>
</entry>
<entry id="nev20684781n1-nev18594004n9" morerows="0" rotate="0">
<ptxt id="nev20684781n1-nev18594004n10">Differential pr#@#@#8#ensor</ptxt>
</entry>
<entry id="nev20684781n1-nev18594005n1" morerows="0" rotate="0">
<ptxt id="nev20684781n1-nev18594005n2">5 V (#3)</ptxt>
</entry>
<entry id="nev20684781n1-nev18594005n3" morerows="0" rotate="0"/>
<entry id="nev20684781n1-nev18594005n4" morerows="0" rotate="0">
<ptxt id="nev20684781n1-nev18594005n5">Analogue signal#@#@#11#.75 V</ptxt>
</entry>
</row>
<row id="nev20684781n1-nev18594005n6">
<entry id="nev20684781n1-nev18594005n7" morerows="0" rotate="0">
<ptxt id="nev20684781n1-nev18594005n8">Turbocharger (T#@#@#26#rnor)</ptxt>
</entry>
<entry id="nev20684781n1-nev18594005n9" morerows="0" rotate="0">
<ptxt id="nev20684781n1-nev18594005n10">Pulse width mod#@#@#26#olled</ptxt>
</entry>
<entry id="nev20684781n1-nev18594006n1" morerows="0" rotate="0">
<ptxt id="nev20684781n1-nev18594006n2">12 V (#1)</ptxt>
</entry>
<entry id="nev20684781n1-nev18594006n3" morerows="0" rotate="0">
<ptxt id="nev20684781n1-nev18594006n4">Approx. 10.5 +/#@#@#11#20 °C</ptxt>
</entry>
<entry id="nev20684781n1-nev18594006n5" morerows="0" rotate="0">
<ptxt id="nev20684781n1-nev18594006n6">-</ptxt>
</entry>
</row>
<row id="nev20684781n1-nev18594006n7">
<entry id="nev20684781n1-nev18594006n8" morerows="0" rotate="0">
<ptxt id="nev20684781n1-nev18594006n9">Turbo control v#@#@#10#pass)</ptxt>
</entry>
<entry id="nev20684781n1-nev18594006n10" morerows="0" rotate="0">
<ptxt id="nev20684781n1-nev18594007n1">Pulse width mod#@#@#26#olled</ptxt>
</entry>
<entry id="nev20684781n1-nev18594007n2" morerows="0" rotate="0">
<ptxt id="nev20684781n1-nev18594007n3">12 V (#1)</ptxt>
</entry>
<entry id="nev20684781n1-nev18594007n4" morerows="0" rotate="0">
<ptxt id="nev20684781n1-nev18594007n5">Approx. 10.5 +/#@#@#11#20 °C</ptxt>
</entry>
<entry id="nev20684781n1-nev18594007n6" morerows="0" rotate="0">
<ptxt id="nev20684781n1-nev18594007n7">-</ptxt>
</entry>
</row>
<row id="nev20684781n1-nev18594007n8">
<entry id="nev20684781n1-nev18594007n9" morerows="0" rotate="0">
<ptxt id="nev20684781n1-nev18594007n10">Turbo control v#@#@#13#gate)</ptxt>
</entry>
<entry id="nev20684781n1-nev18594008n1" morerows="0" rotate="0">
<ptxt id="nev20684781n1-nev18594008n2">PWM-controlled,#@#@#7#-type</ptxt>
</entry>
<entry id="nev20684781n1-nev18594008n3" morerows="0" rotate="0">
<ptxt id="nev20684781n1-nev18594008n4">12 V (#1)</ptxt>
</entry>
<entry id="nev20684781n1-nev18594008n5" morerows="0" rotate="0">
<ptxt id="nev20684781n1-nev18594008n6">Approx. 29.7 +/#@#@#11#20 °C</ptxt>
</entry>
<entry id="nev20684781n1-nev18594008n7" morerows="0" rotate="0">
<ptxt id="nev20684781n1-nev18594008n8">-</ptxt>
</entry>
</row>
<row id="nev20684781n1-nev18594009n10">
<entry id="nev20684781n1-nev18594010n1" morerows="0" rotate="0">
<ptxt id="nev20684781n1-nev18594010n2">Wastegate valve</ptxt>
</entry>
<entry id="nev20684781n1-nev18594010n3" morerows="0" rotate="0">
<ptxt id="nev20684781n1-nev18594010n4">Frequency-controlled</ptxt>
</entry>
<entry id="nev20684781n1-nev18594010n5" morerows="0" rotate="0">
<ptxt id="nev20684781n1-nev18594010n6">12 V (#1)</ptxt>
</entry>
<entry id="nev20684781n1-nev18594010n7" morerows="0" rotate="0">
<ptxt id="nev20684781n1-nev18594010n8">Approx. 23.0 +/#@#@#2#1.2 Ω</ptxt>
</entry>
<entry id="nev20684781n1-nev18594010n9" morerows="0" rotate="0">
<ptxt id="nev20684781n1-nev18594010n10">-</ptxt>
</entry>
</row>
<row id="nev20684781n1-nev18594011n1">
<entry id="nev20684781n1-nev18594011n2" morerows="0" rotate="0">
<ptxt id="nev20684781n1-nev18594011n3">Outside tempera#@#@#6#ensor</ptxt>
</entry>
<entry id="nev20684781n1-nev18594011n4" morerows="0" rotate="0">
<ptxt id="nev20684781n1-nev18594011n5">-</ptxt>
</entry>
<entry id="nev20684781n1-nev18594011n6" morerows="0" rotate="0">
<ptxt id="nev20684781n1-nev18594011n7">-</ptxt>
</entry>
<entry id="nev20684781n1-nev18594011n8" morerows="0" rotate="0">
<ptxt id="nev20684781n1-nev18594011n9">At -10 °C, the #@#@#24#.7 kΩ</ptxt>
<ptxt id="nev20684781n1-nev18594011n10">At 0 °C, the re#@#@#21#.3 kΩ</ptxt>
<ptxt id="nev20684781n1-nev18594012n1">At 20 °C, the r#@#@#22#.4 kΩ</ptxt>
</entry>
<entry id="nev20684781n1-nev18594012n2" morerows="0" rotate="0">
<ptxt id="nev20684781n1-nev18594012n3">Analog signal U#@#@#1#0-5 V</ptxt>
</entry>
</row>
</tbody>
</tgroup>
</table>
</servinfosub>