<?xml version="1.0" encoding="UTF-8"?><servinfosub IE-ID="en-US0900c8af823da219" docno="VCC-164711" id="KC08844434" xml:lang="en-US">
<title>
<phrase category="" id="KC09016321" phrase-urn="urn:x-nevis:phrase:0800c8af823da21a">Diagnostic trou#@#@#30#-0131</phrase>
</title>
<diagnostic j2008use="1" paperuse="1" screenuse="1" type="condition">
<condgrp>
<condition type="condition">
<grate>
<graphic id="KC09016322" width="column">
<href>0900c8af81d9a14#@#@#9#.jpeg</href>
</graphic>
<graphtext>
<para>
<ptxt>
<phrase category="" id="KC09016323" phrase-urn="urn:x-nevis:phrase:0800c8af823da21b">The engine cont#@#@#284#ault.</phrase>
</ptxt>
</para>
<para>
<ptxt>
<phrase category="" id="KC09016324" phrase-urn="urn:x-nevis:phrase:0800c8af823da21c">The diagnostic #@#@#45#ving.</phrase>
</ptxt>
</para>
</graphtext>
</grate>
</condition>
</condgrp>
<condgrp>
<condition type="substitution">
<list1 enumtype="d" type="unordered">
<item>
<ptxt>
<phrase category="" id="KC09016325" phrase-urn="urn:x-nevis:phrase:0800c8af823da21e">Nothing.</phrase>
</ptxt>
</item>
</list1>
</condition>
<ps>
<list1 enumtype="d" type="unordered">
<item>
<ptxt>
<phrase category="" id="KC09016326" phrase-urn="urn:x-nevis:phrase:0800c8af823da21f">Open-circuit on#@#@#13#able.</phrase>
</ptxt>
</item>
<item>
<ptxt>
<phrase category="" id="KC09016327" phrase-urn="urn:x-nevis:phrase:0800c8af823da220">Short-circuit t#@#@#24#able.</phrase>
</ptxt>
</item>
<item>
<ptxt>
<phrase category="" id="KC09016328" phrase-urn="urn:x-nevis:phrase:0800c8af823da221">Damaged front h#@#@#22#O2S).</phrase>
</ptxt>
</item>
</list1>
</ps>
</condgrp>
<condgrp>
<condition type="symptom">
<list1 enumtype="d" type="unordered">
<item>
<ptxt>
<phrase category="" id="KC09016329" phrase-urn="urn:x-nevis:phrase:0800c8af823da222">Malfunction ind#@#@#17# lit.</phrase>
</ptxt>
</item>
</list1>
</condition>
</condgrp>
</diagnostic>
</servinfosub>