<?xml version="1.0" encoding="UTF-8"?><servinfosub IE-ID="en-US0900c8af8303821d" docno="VCC-265349" id="nev11021892n1" xml:lang="en-US">
<title>
<phrase category="" id="nev11021892n2" phrase-urn="urn:x-nevis:phrase:0800c8af82724ebc">Signal too high</phrase>
</title>
<diagnostic j2008use="1" layout="0" paperuse="1" screenuse="1" type="test">
<testgrp IE-ID="en-US0900c8af8303821d_nev11021892n3" id="nev11021892n3" j2008use="1" paperuse="1" resumable="1" screenuse="1" testgrp-id="node1" x="120" y="60">
<title>
<phrase category="" id="nev11021892n4" phrase-urn="urn:x-nevis:phrase:0800c8af82724ebd">Checking the wiring</phrase>
</title>
<node>
<test1>
<diaglist>
<dgraphic>
<dgraphic1>
<graphic id="nev11021892n5">
<href>0900c8af80054d4#@#@#9#.jpeg</href>
</graphic>
</dgraphic1>
</dgraphic>
<ditem>
<ptxt>
<phrase category="" id="nev11021892n6" phrase-urn="urn:x-nevis:phrase:0800c8af82724ebe">Ignition off</phrase>
</ptxt>
</ditem>
<ditem id="nev11044806n100">
<ptxt id="nev11044806n99">
<phrase category="Preparatory" id="nev11044812n1" phrase-urn="urn:x-nevis:phrase:0800c8af82672bdf">Disconnect the #@#@#40#ECM).</phrase>
</ptxt>
</ditem>
</diaglist>
<test2>
<para>
<ptxt>
<phrase category="Faulttracing" id="nev11021994n1" phrase-urn="urn:x-nevis:phrase:0800c8af8255763a">Check the signa#@#@#48#tage.</phrase>
</ptxt>
</para>
<ptxt id="nev11021970n99">
<phrase category="Faulttracing" id="nev11022005n1" phrase-urn="urn:x-nevis:phrase:0800c8af82264ef0">Take readings b#@#@#2#ween:</phrase>
</ptxt>
<list1 id="nev11021970n97">
<item id="nev11021970n96">
<ptxt id="nev11021970n95">
<phrase category="Faulttracing" id="nev11043526n1" phrase-urn="urn:x-nevis:phrase:0800c8af82d44325">The engine cont#@#@#50#(85).</phrase>
</ptxt>
</item>
</list1>
<para>
<ptxt>
<phrase category="" id="nev11021892n8" phrase-urn="urn:x-nevis:phrase:0800c8af82724ec0">Remedy as necessary.</phrase>
</ptxt>
</para>
<list1 enumtype="d" type="unordered">
<title>
<phrase category="" id="nev11021892n9" phrase-urn="urn:x-nevis:phrase:0800c8af82724ec1">Other information</phrase>
</title>
<item id="nev11187955n100">
<ptxt id="nev11187955n99">
<xref id="nev11187955n98">
<ref id="l1125057885913"/>
</xref>
</ptxt>
</item>
<item id="nev11187955n96">
<ptxt id="nev11187955n95">
<xref id="nev11187955n94">
<ref id="l1125057922523"/>
</xref>
</ptxt>
</item>
<item id="nev11187955n92">
<ptxt id="nev11187955n91">
<xref id="nev11187955n90">
<ref id="l1125057947555"/>
</xref>
</ptxt>
</item>
</list1>
<grate/>
</test2>
</test1>
<question>
Select Continue.
</question>
<resact-grp>
<result button="cont" comp="button" highlight="0"/>
<action j2008use="1" paperuse="1" screenuse="1">
<ptxt>
<xref>
<ref id="nev11021893n9"/>
</xref>
</ptxt>
</action>
</resact-grp>
</node>
</testgrp>
<testgrp id="nev11021893n10" j2008use="1" paperuse="1" resumable="1" screenuse="1" testgrp-id="ecm-ver1" x="120" y="200">
<title>
<phrase category="" id="nev11021894n1" phrase-urn="urn:x-nevis:phrase:0800c8af82724ec6">Verification</phrase>
</title>
<subcalloutnode>
<diagcallout>
<xref id="nev11022091n100">
<ref id="l1116925128236"/>
</xref>
</diagcallout>
<rescall-grp>
<result comp="string" highlight="0" op="eq" return="VERIFICATION FAILED"/>
<calloutaction>
<ptxt>
<xref>
<ref id="nev11021894n3"/>
</xref>
</ptxt>
</calloutaction>
</rescall-grp>
<rescall-grp>
<result comp="string" highlight="0" op="eq" return="VERIFIED"/>
<calloutaction>
<return value="FAULT FOUND"/>
</calloutaction>
</rescall-grp>
</subcalloutnode>
</testgrp>
<testgrp id="nev11021894n4" j2008use="1" paperuse="1" resumable="1" screenuse="1" testgrp-id="info1" x="120" y="340">
<title>
<phrase category="" id="nev11021894n5" phrase-urn="urn:x-nevis:phrase:0800c8af82724ec7">Fault-tracing i#@#@#5#ation</phrase>
</title>
<subcalloutnode>
<diagcallout>
<xref>
<ref id="nev11021894n6"/>
</xref>
</diagcallout>
<rescall-grp>
<result comp="string" highlight="0" op="eq" return="FAULTTRACING FAILED"/>
<calloutaction>
<return value="FAULTTRACING FAILED"/>
</calloutaction>
</rescall-grp>
<rescall-grp>
<result comp="string" highlight="0" op="eq" return="NEW TRY"/>
<calloutaction>
<ptxt>
<xref>
<ref id="nev11021894n7"/>
</xref>
</ptxt>
</calloutaction>
</rescall-grp>
</subcalloutnode>
</testgrp>
</diagnostic>
</servinfosub>