<?xml version="1.0" encoding="UTF-8"?><servinfosub IE-ID="en-US0900c8af86fc821d" docno="VCC-370277" id="nev13711836n1" original="sv-SE" servinfosubId="nev13711837n1-nev14954006n1" servinfosubRes="0900c8af8594d1a4" servinfosubRes2="urn:x-nevis:fragment:0900c8af86fc821d:0900c8af8594d1a4#nev14954006n1" xml:lang="en-US">
<operationnumbers>
<operationnumber>23315-3</operationnumber>
</operationnumbers>
<title id="nev13711833n89">Water draining #@#@#8#ilter</title>
<procedure id="nev13711837n1-nev14954333n93">
<stepgrp boilerplate="false" context="" id="nev13711837n1-nev18066057n49">
<title id="nev13711837n1-nev15155886n2">Removal</title>
<procstep id="nev13711837n1-nev14954160n89">
<grate id="nev13711837n1-nev18066057n47">
<graphic id="nev13711837n1-nev18066057n48">
<href>0900c8af84c922f#@#@#9#.jpeg</href>
</graphic>
</grate>
</procstep>
<procstep id="nev13711837n1-nev14954160n76">
<grate id="nev13711837n1-nev18066057n45">
<graphic id="nev13711837n1-nev18066057n46">
<href>0900c8af8594d04#@#@#9#.jpeg</href>
</graphic>
</grate>
</procstep>
<procstep id="nev13711837n1-nev14954160n41">
<grate id="nev13711837n1-nev18066057n43">
<graphic id="nev13711837n1-nev18066057n44">
<href>0900c8af8594d10#@#@#9#.jpeg</href>
</graphic>
<graphtext id="nev13711837n1-nev18066298n1">
<warning id="nev13711837n1-nev15155886n1">
<ptxt>Be prepared to #@#@#18#luid.</ptxt>
</warning>
</graphtext>
</grate>
</procstep>
</stepgrp>
<stepgrp boilerplate="false" context="" id="nev13711837n1-nev18066057n42">
<title id="nev13711837n1-nev15155887n99">Installation</title>
<procstep id="nev13711837n1-nev18066057n41">
<grate id="nev13711837n1-nev18066057n39">
<graphic id="nev13711837n1-nev18066057n40">
<href>0900c8af8594d17#@#@#9#.jpeg</href>
</graphic>
</grate>
</procstep>
<procstep id="nev13711837n1-nev14954332n57">
<grate id="nev13711837n1-nev18066057n37">
<graphic id="nev13711837n1-nev18066057n38">
<href>0900c8af84c922f#@#@#9#.jpeg</href>
</graphic>
</grate>
</procstep>
</stepgrp>
</procedure>
</servinfosub>