<?xml version="1.0" encoding="UTF-8"?><servinfosub IE-ID="en-US0900c8af8069d21d" docno="VCC-085850" id="KC02144862" xml:lang="en-US">
<title>
<phrase category="" id="KC08579877" phrase-urn="urn:x-nevis:phrase:0800c8af81de2d7c">Fault tracing i#@#@#5#ation</phrase>
</title>
<diagnostic id="KC02230052" type="condition">
<condgrp>
<condition type="condition">
<grate>
<graphic id="KC08579878" width="column">
<href>0900c8af80127e9#@#@#9#.jpeg</href>
</graphic>
<graphtext>
<list1 enumtype="d" type="unordered">
<item>
<ptxt>
<phrase category="" id="KC08579879" phrase-urn="urn:x-nevis:phrase:0800c8af81de2d7d">Fault is permanent.</phrase>
</ptxt>
</item>
<item>
<ptxt>
<phrase category="" id="KC08579880" phrase-urn="urn:x-nevis:phrase:0800c8af81de2d7e">The control mod#@#@#22#cted.</phrase>
</ptxt>
</item>
</list1>
</graphtext>
</grate>
</condition>
<ps>
<list1 enumtype="d" type="unordered">
<item>
<ptxt>
<phrase category="" id="KC08579881" phrase-urn="urn:x-nevis:phrase:0800c8af81de2d7f">Open-circuit in#@#@#58#l 4E.</phrase>
</ptxt>
</item>
<item>
<ptxt>
<phrase category="" id="KC08579882" phrase-urn="urn:x-nevis:phrase:0800c8af81de2d80">Defective switch.</phrase>
</ptxt>
</item>
</list1>
</ps>
</condgrp>
<condgrp>
<condition type="symptom">
<list1 enumtype="d" type="unordered">
<item>
<ptxt>
<phrase category="" id="KC08579883" phrase-urn="urn:x-nevis:phrase:0800c8af81de2d81">Vehicle speed d#@#@#35#ated.</phrase>
</ptxt>
</item>
<item>
<ptxt>
<phrase category="" id="KC08579884" phrase-urn="urn:x-nevis:phrase:0800c8af81de2d82">Cruise control #@#@#11#gage.</phrase>
</ptxt>
</item>
<item>
<ptxt>
<phrase category="" id="KC08579885" phrase-urn="urn:x-nevis:phrase:0800c8af81de2d83">Vehicle speed i#@#@#15#ntly.</phrase>
</ptxt>
</item>
</list1>
</condition>
</condgrp>
</diagnostic>
</servinfosub>