<?xml version="1.0" encoding="UTF-8"?><servinfosub IE-ID="en-US0900c8af881a221d" docno="VCC-370638" id="nev13714404n1" original="sv-SE" servinfosubId="nev13714405n1-nev24962076n1" servinfosubRes="0900c8af881a2295" servinfosubRes2="urn:x-nevis:fragment:0900c8af881a221d:0900c8af881a2295#nev24962076n1" xml:lang="en-US">
<title id="nev13714403n57">Lubricant trans#@#@#2#ssion</title>
<procedure id="nev13714405n1-nev29187122n250">
<procstep id="nev13714405n1-nev29187122n249" toc-include="yes">
<title id="nev13714405n1-nev29187122n248">Transmission, a#@#@#3#matic</title>
<table frame="all" id="nev13714405n1-nev29187122n247" pgwide="1">
<tgroup cols="5" id="nev13714405n1-nev29187122n246">
<colspec colname="col1" colwidth="1.12*" id="nev13714405n1-nev29187122n245"/>
<colspec colname="COLSPEC1" colwidth="1.03*" id="nev13714405n1-nev29187122n244"/>
<colspec colname="col3" colwidth="1.04*" id="nev13714405n1-nev29187122n243"/>
<colspec colname="COLSPEC2" colwidth="1.04*" id="nev13714405n1-nev29187122n242"/>
<colspec colname="COLSPEC0" colwidth="1.04*" id="nev13714405n1-nev29187122n241"/>
<tbody id="nev13714405n1-nev29187122n240">
<row id="nev13714405n1-nev29187122n239">
<entry id="nev13714405n1-nev29187122n238" morerows="0" rotate="0">
<ptxt id="nev13714405n1-nev29187122n237">
<emph etype="bold" id="nev13714405n1-nev29187122n236">Designation</emph>
</ptxt>
</entry>
<entry id="nev13714405n1-nev29187122n235" morerows="0" rotate="0">
<ptxt id="nev13714405n1-nev29187122n234">
<emph etype="bold" id="nev13714405n1-nev29187122n233">Pack quantity</emph>
</ptxt>
</entry>
<entry id="nev13714405n1-nev29187122n232" morerows="0" rotate="0">
<ptxt id="nev13714405n1-nev29187122n231">
<emph etype="bold" id="nev13714405n1-nev29187122n230">Part number</emph>
<emph etype="bold" id="nev13714405n1-nev29187122n229"> EU</emph>
</ptxt>
</entry>
<entry id="nev13714405n1-nev29187122n228" morerows="0" rotate="0">
<ptxt id="nev13714405n1-nev29187122n227">
<emph etype="bold" id="nev13714405n1-nev29187122n226">Part number </emph>
<emph etype="bold" id="nev13714405n1-nev29187122n225">China</emph>
</ptxt>
</entry>
<entry id="nev13714405n1-nev29187122n224" morerows="0" rotate="0">
<ptxt id="nev13714405n1-nev29187122n223">
<emph etype="bold" id="nev13714405n1-nev29187122n222">Part number </emph>
<emph etype="bold" id="nev13714405n1-nev29187122n221">USA / Canada</emph>
</ptxt>
</entry>
</row>
<row id="nev13714405n1-nev29187122n220">
<entry id="nev13714405n1-nev29187122n219" morerows="1" rotate="0" rowsep="1">
<ptxt id="nev13714405n1-nev29187122n218">TG-81SC</ptxt>
<ptxt id="nev13714405n1-nev29187122n217">TG-81SC AWD</ptxt>
<ptxt id="nev13714405n1-nev29187122n216">TF-71SC</ptxt>
</entry>
<entry id="nev13714405n1-nev29187122n215" morerows="0" rotate="0">
<ptxt id="nev13714405n1-nev29187122n214">1 liter</ptxt>
</entry>
<entry id="nev13714405n1-nev29187122n213" morerows="0" rotate="0">
<ptxt id="nev13714405n1-nev29187122n212">31256774</ptxt>
</entry>
<entry id="nev13714405n1-nev29187122n211" morerows="0" rotate="0">
<ptxt id="nev13714405n1-nev29187122n210">31325626</ptxt>
</entry>
<entry id="nev13714405n1-nev29187122n209" morerows="0" rotate="0">
<ptxt id="nev13714405n1-nev29187122n208">31256774</ptxt>
</entry>
</row>
<row id="nev13714405n1-nev29187122n207">
<entry id="nev13714405n1-nev29187122n206" morerows="0" rotate="0">
<ptxt id="nev13714405n1-nev29187122n205">4 liters</ptxt>
</entry>
<entry id="nev13714405n1-nev29187122n204" morerows="0" rotate="0">
<ptxt id="nev13714405n1-nev29187122n203">31256775</ptxt>
</entry>
<entry id="nev13714405n1-nev29187122n202" morerows="0" rotate="0">
<ptxt id="nev13714405n1-nev29187122n201">31325627</ptxt>
</entry>
<entry id="nev13714405n1-nev29187122n200" morerows="0" rotate="0">
<ptxt id="nev13714405n1-nev29187122n199">31256775</ptxt>
</entry>
</row>
<row id="nev13714405n1-nev29187122n198">
<entry id="nev13714405n1-nev29187122n197" morerows="0" rotate="0" rowsep="1"/>
<entry id="nev13714405n1-nev29187122n196" morerows="0" rotate="0">
<ptxt id="nev13714405n1-nev29187122n195">208 litres</ptxt>
</entry>
<entry id="nev13714405n1-nev29187122n194" morerows="0" rotate="0"/>
<entry id="nev13714405n1-nev29187122n193" morerows="0" rotate="0">
<ptxt id="nev13714405n1-nev29187122n192">31325628</ptxt>
</entry>
<entry id="nev13714405n1-nev29187122n191" morerows="0" rotate="0"/>
</row>
</tbody>
</tgroup>
</table>
</procstep>
<procstep id="nev13714405n1-nev29187122n190" toc-include="yes">
<title id="nev13714405n1-nev29187122n189">Transmission, manual</title>
<table frame="all" id="nev13714405n1-nev29187122n188" pgwide="1">
<tgroup cols="4" id="nev13714405n1-nev29187122n187">
<colspec colname="col1" colwidth="1.12*" id="nev13714405n1-nev29187122n186"/>
<colspec colname="COLSPEC1" colwidth="1.03*" id="nev13714405n1-nev29187122n185"/>
<colspec colname="col3" colwidth="1.04*" id="nev13714405n1-nev29187122n184"/>
<colspec colname="COLSPEC2" colwidth="1.04*" id="nev13714405n1-nev29187122n183"/>
<tbody id="nev13714405n1-nev29187122n182">
<row id="nev13714405n1-nev29187122n181">
<entry id="nev13714405n1-nev29187122n180" morerows="0" rotate="0">
<ptxt id="nev13714405n1-nev29187122n179">
<emph etype="bold" id="nev13714405n1-nev29187122n178">Designation</emph>
</ptxt>
</entry>
<entry id="nev13714405n1-nev29187122n177" morerows="0" rotate="0">
<ptxt id="nev13714405n1-nev29187122n176">
<emph etype="bold" id="nev13714405n1-nev29187122n175">Service volume</emph> litre</ptxt>
</entry>
<entry id="nev13714405n1-nev29187122n174" morerows="0" rotate="0">
<ptxt id="nev13714405n1-nev29187122n173">
<emph etype="bold" id="nev13714405n1-nev29187122n172">Part number</emph>
</ptxt>
</entry>
<entry id="nev13714405n1-nev29187122n171" morerows="0" rotate="0">
<ptxt id="nev13714405n1-nev29187122n170">
<emph etype="bold" id="nev13714405n1-nev29187122n169">Quantity per pack</emph> litre</ptxt>
</entry>
</row>
<row id="nev13714405n1-nev29187122n168">
<entry id="nev13714405n1-nev29187122n167" morerows="1" rotate="0" rowsep="1">
<ptxt id="nev13714405n1-nev29187122n166">M66</ptxt>
<ptxt id="nev13714405n1-nev29187122n165">M66AWD</ptxt>
</entry>
<entry id="nev13714405n1-nev29187122n164" morerows="1" rotate="0">
<ptxt id="nev13714405n1-nev29187122n163">1,45</ptxt>
</entry>
<entry id="nev13714405n1-nev29187122n162" morerows="0" rotate="0">
<ptxt id="nev13714405n1-nev29187122n161">31280771</ptxt>
</entry>
<entry id="nev13714405n1-nev29187122n160" morerows="0" rotate="0">
<ptxt id="nev13714405n1-nev29187122n159">1</ptxt>
</entry>
</row>
<row id="nev13714405n1-nev29187122n158">
<entry id="nev13714405n1-nev29187122n157" morerows="0" rotate="0">
<ptxt id="nev13714405n1-nev29187122n156">31280772</ptxt>
</entry>
<entry id="nev13714405n1-nev29187122n155" morerows="0" rotate="0">
<ptxt id="nev13714405n1-nev29187122n154">4</ptxt>
</entry>
</row>
<row id="nev13714405n1-nev29187122n88">
<entry id="nev13714405n1-nev29187122n87" morerows="1" rotate="0">
<ptxt id="nev13714405n1-nev29187122n86">M76</ptxt>
</entry>
<entry id="nev13714405n1-nev29187122n85" morerows="1" rotate="0">
<ptxt id="nev13714405n1-nev29187122n84">1.59</ptxt>
</entry>
<entry id="nev13714405n1-nev29187122n83" morerows="0" rotate="0">
<ptxt id="nev13714405n1-nev29187122n82">31492110</ptxt>
</entry>
<entry id="nev13714405n1-nev29187122n81" morerows="0" rotate="0">
<ptxt id="nev13714405n1-nev29187122n80">1</ptxt>
</entry>
</row>
<row id="nev13714405n1-nev29187122n79">
<entry id="nev13714405n1-nev29187122n74" morerows="0" rotate="0">
<ptxt id="nev13714405n1-nev29187122n73">31492111</ptxt>
</entry>
<entry id="nev13714405n1-nev29187122n72" morerows="0" rotate="0">
<ptxt id="nev13714405n1-nev29187122n71">4</ptxt>
</entry>
</row>
</tbody>
</tgroup>
</table>
</procstep>
<procstep id="nev13714405n1-nev29187122n153" toc-include="yes">
<title id="nev13714405n1-nev29187122n152">Miscellaneous</title>
<table frame="all" id="nev13714405n1-nev29187122n151" pgwide="1">
<tgroup cols="5" id="nev13714405n1-nev29187122n150">
<colspec colname="col1" colwidth="1.12*" id="nev13714405n1-nev29187122n149"/>
<colspec colname="COLSPEC1" colwidth="1.03*" id="nev13714405n1-nev29187122n148"/>
<colspec colname="col3" colwidth="1.04*" id="nev13714405n1-nev29187122n147"/>
<colspec colname="COLSPEC2" colwidth="1.04*" id="nev13714405n1-nev29187122n146"/>
<colspec colname="COLSPEC0" colwidth="1.04*" id="nev13714405n1-nev29187122n145"/>
<tbody id="nev13714405n1-nev29187122n144">
<row id="nev13714405n1-nev29187122n143">
<entry id="nev13714405n1-nev29187122n142" morerows="0" rotate="0">
<ptxt id="nev13714405n1-nev29187122n141">
<emph etype="bold" id="nev13714405n1-nev29187122n140">Designation</emph>
</ptxt>
</entry>
<entry id="nev13714405n1-nev29187122n139" morerows="0" rotate="0">
<ptxt id="nev13714405n1-nev29187122n138">
<emph etype="bold" id="nev13714405n1-nev29187122n137">Pack quantity</emph>
</ptxt>
</entry>
<entry id="nev13714405n1-nev29187122n136" morerows="0" rotate="0">
<ptxt id="nev13714405n1-nev29187122n135">
<emph etype="bold" id="nev13714405n1-nev29187122n134">Part number </emph>
<emph etype="bold" id="nev13714405n1-nev29187122n133"> EU</emph>
</ptxt>
</entry>
<entry id="nev13714405n1-nev29187122n132" morerows="0" rotate="0">
<ptxt id="nev13714405n1-nev29187122n131">
<emph etype="bold" id="nev13714405n1-nev29187122n130">Part number </emph>
<emph etype="bold" id="nev13714405n1-nev29187122n129">China</emph>
</ptxt>
</entry>
<entry id="nev13714405n1-nev29187122n128" morerows="0" rotate="0">
<ptxt id="nev13714405n1-nev29187122n127">
<emph etype="bold" id="nev13714405n1-nev29187122n126">Part number </emph>
<emph etype="bold" id="nev13714405n1-nev29187122n125">USA / Canada</emph>
</ptxt>
</entry>
</row>
<row id="nev13714405n1-nev29187122n124">
<entry id="nev13714405n1-nev29187122n123" morerows="0" rotate="0" rowsep="1">
<ptxt id="nev13714405n1-nev29187122n122">
<emph etype="bold" id="nev13714405n1-nev29187122n121">Bevel gear</emph>
</ptxt>
</entry>
<entry id="nev13714405n1-nev29187122n120" morerows="0" rotate="0">
<ptxt id="nev13714405n1-nev29187122n119">1 liter</ptxt>
</entry>
<entry id="nev13714405n1-nev29187122n118" morerows="0" rotate="0">
<ptxt id="nev13714405n1-nev29187122n117">31259380</ptxt>
</entry>
<entry id="nev13714405n1-nev29187122n116" morerows="0" rotate="0">
<ptxt id="nev13714405n1-nev29187122n115">31259380</ptxt>
</entry>
<entry id="nev13714405n1-nev29187122n114" morerows="0" rotate="0">
<ptxt id="nev13714405n1-nev29187122n113">31259380</ptxt>
</entry>
</row>
<row id="nev13714405n1-nev29187122n112">
<entry id="nev13714405n1-nev29187122n111" morerows="0" rotate="0">
<ptxt id="nev13714405n1-nev29187122n110">
<emph etype="bold" id="nev13714405n1-nev29187122n109">Final Drive</emph>
</ptxt>
</entry>
<entry id="nev13714405n1-nev29187122n108" morerows="0" rotate="0">
<ptxt id="nev13714405n1-nev29187122n107">1 liter</ptxt>
</entry>
<entry id="nev13714405n1-nev29187122n106" morerows="0" rotate="0">
<ptxt id="nev13714405n1-nev29187122n105">31259380</ptxt>
</entry>
<entry id="nev13714405n1-nev29187122n104" morerows="0" rotate="0">
<ptxt id="nev13714405n1-nev29187122n103">31259380</ptxt>
</entry>
<entry id="nev13714405n1-nev29187122n102" morerows="0" rotate="0">
<ptxt id="nev13714405n1-nev29187122n101">31259380</ptxt>
</entry>
</row>
<row id="nev13714405n1-nev29187122n100">
<entry id="nev13714405n1-nev29187122n99" morerows="0" rotate="0" rowsep="1">
<ptxt id="nev13714405n1-nev29187122n98">
<emph etype="bold" id="nev13714405n1-nev29187122n97">Active On deman#@#@#11#(AOC)</emph>
</ptxt>
</entry>
<entry id="nev13714405n1-nev29187122n96" morerows="0" rotate="0">
<ptxt id="nev13714405n1-nev29187122n95">1 liter</ptxt>
</entry>
<entry id="nev13714405n1-nev29187122n94" morerows="0" rotate="0">
<ptxt id="nev13714405n1-nev29187122n93">31367940</ptxt>
</entry>
<entry id="nev13714405n1-nev29187122n92" morerows="0" rotate="0">
<ptxt id="nev13714405n1-nev29187122n91">31367940</ptxt>
</entry>
<entry id="nev13714405n1-nev29187122n90" morerows="0" rotate="0">
<ptxt id="nev13714405n1-nev29187122n89">31367941</ptxt>
</entry>
</row>
</tbody>
</tgroup>
</table>
</procstep>
</procedure>
</servinfosub>