<?xml version="1.0" encoding="UTF-8"?><servinfosub IE-ID="en-US0900c8af8044521d" docno="VCC-059364" id="KC01416937" xml:lang="en-US">
<title>
<phrase category="" id="KC07042741" phrase-urn="urn:x-nevis:phrase:0800c8af81a5fdaf">Fault in the so#@#@#9#rcuit</phrase>
</title>
<diagnostic type="test">
<testgrp IE-ID="en-US0900c8af8044521d_KC01492903" id="KC01492903" j2008use="1" paperuse="1" resumable="1" screenuse="1" testgrp-id="dac1" x="120" y="40">
<title>
<phrase category="" id="KC07042742" phrase-urn="urn:x-nevis:phrase:0800c8af81a5fdb0">Checking shift #@#@#6#id S1</phrase>
</title>
<node>
<test1>
<diaglist>
<dgraphic>
<dgraphic1>
<graphic id="KC07042743">
<href>0900c8af80054d5#@#@#9#.jpeg</href>
</graphic>
</dgraphic1>
</dgraphic>
<ditem>
<ptxt>
<phrase category="" id="KC07042744" phrase-urn="urn:x-nevis:phrase:0800c8af81a5fdb2">Ignition on.</phrase>
</ptxt>
</ditem>
<ditem>
<ptxt>
<phrase category="" id="KC07042745" phrase-urn="urn:x-nevis:phrase:0800c8af81a5fdb3">Gear selector i#@#@#8#on P.</phrase>
</ptxt>
</ditem>
</diaglist>
<test2>
<ptxt>
<phrase category="" id="KC07042746" phrase-urn="urn:x-nevis:phrase:0800c8af81a5fdb5">Activate soleno#@#@#84#/ ON.</phrase>
</ptxt>
<diaglist>
<dgraphic>
<dgraphic2>
<graphic id="KC07042747">
<href>0900c8af8005433#@#@#9#.jpeg</href>
</graphic>
<smarttool active="press" id="KC07042748" toolname="EA5326"/>
</dgraphic2>
</dgraphic>
<ditem>
<ditemtext>
<ptxt>
<phrase category="" id="KC07042749" phrase-urn="urn:x-nevis:phrase:0800c8af81a5fdb6"/>
</ptxt>
</ditemtext>
</ditem>
<ditem>
<ditemtext>
<ptxt>
<phrase category="" id="KC07042750" phrase-urn="urn:x-nevis:phrase:0800c8af81a5fdb8"/>
</ptxt>
</ditemtext>
</ditem>
</diaglist>
</test2>
</test1>
<question>Does the status#@#@#3#ange?</question>
<resact-grp>
<result button="yes" comp="button" highlight="0"/>
<action j2008use="1" paperuse="1" screenuse="1">
<ptxt>
<xref>
<ref id="KC07042751"/>
</xref>
</ptxt>
</action>
</resact-grp>
<resact-grp>
<result button="no" comp="button" highlight="0"/>
<action j2008use="1" paperuse="0" screenuse="1">
<ptxt>
<xref>
<ref id="KC07042752"/>
</xref>
</ptxt>
</action>
<action j2008use="0" paperuse="1" screenuse="0">
<ptxt>
<xref>
<ref id="KC07042753"/>
</xref>
</ptxt>
</action>
<action j2008use="1" paperuse="1" screenuse="1">
<ptxt>
<xref>
<ref id="KC07042754"/>
</xref>
</ptxt>
</action>
</resact-grp>
</node>
</testgrp>
<testgrp id="KC01492904" j2008use="1" paperuse="0" resumable="1" screenuse="1" testgrp-id="dac2s" x="120" y="1200">
<title>
<phrase category="" id="KC07042755" phrase-urn="urn:x-nevis:phrase:0800c8af81a5fdb9">Connecting the #@#@#7#t box</phrase>
</title>
<iecalloutnode>
<diagcallout>
<xref>
<ref id="KC07042756"/>
</xref>
</diagcallout>
<test1>
<diaglist/>
</test1>
<question/>
<resact-grp>
<result comp="string" highlight="0" op="eq" return="CONNECTED"/>
<action j2008use="1" paperuse="0" screenuse="1">
<ptxt>
<xref>
<ref id="KC07042757"/>
</xref>
</ptxt>
</action>
</resact-grp>
<resact-grp>
<result comp="string" highlight="0" op="eq" return="FAULT FOUND"/>
<action j2008use="1" paperuse="0" screenuse="1">
<ptxt>
<xref>
<ref id="KC07042758"/>
</xref>
</ptxt>
</action>
</resact-grp>
<resact-grp>
<result comp="string" highlight="0" op="eq" return="FAULTTRACING FAILED"/>
<action j2008use="1" paperuse="0" screenuse="1">
<ptxt>
<xref>
<ref id="KC07042759"/>
</xref>
</ptxt>
</action>
</resact-grp>
<resact-grp>
<result comp="string" highlight="0" op="eq" return="FAULT NOT FOUND"/>
<action j2008use="1" paperuse="0" screenuse="1">
<ptxt>
<xref>
<ref id="KC07042760"/>
</xref>
</ptxt>
</action>
</resact-grp>
</iecalloutnode>
</testgrp>
<testgrp id="KC01492905" j2008use="0" paperuse="1" resumable="1" screenuse="0" testgrp-id="dac2p" x="120" y="120">
<title>
<phrase category="" id="KC07042761" phrase-urn="urn:x-nevis:phrase:0800c8af81a5fdbb">Checking power #@#@#1#round</phrase>
</title>
<node>
<test1>
<diaglist>
<dgraphic>
<dgraphic1>
<graphic id="KC07042762">
<href>0900c8af80054d4#@#@#9#.jpeg</href>
</graphic>
</dgraphic1>
<dgraphic3>
<graphic id="KC07042763">
<href>0900c8af80054cc#@#@#9#.jpeg</href>
</graphic>
</dgraphic3>
</dgraphic>
<ditem>
<ptxt>
<phrase category="" id="KC07042764" phrase-urn="urn:x-nevis:phrase:0800c8af81a5fdbc">Ignition off.</phrase>
</ptxt>
</ditem>
</diaglist>
<test2>
<ptxt>
<phrase category="" id="KC07042765" phrase-urn="urn:x-nevis:phrase:0800c8af81a5fdbd">Connect the bre#@#@#45#g to <xref>
<ref id="KC07042766"/>
</xref>.</phrase>
</ptxt>
<diaglist>
<dgraphic>
<dgraphic1>
<graphic id="KC07042767">
<href>0900c8af8005444#@#@#9#.jpeg</href>
</graphic>
</dgraphic1>
<dgraphic2>
<graphic id="KC07042768">
<href>0900c8af80054d4#@#@#9#.jpeg</href>
</graphic>
</dgraphic2>
</dgraphic>
</diaglist>
</test2>
</test1>
<question>The ohmmeter sh#@#@#23# 0 Ω.</question>
<resact-grp>
<result button="ok" comp="button" highlight="0"/>
<action j2008use="0" paperuse="1" screenuse="0">
<ptxt>
<xref>
<ref id="KC07042769"/>
</xref>
</ptxt>
</action>
</resact-grp>
<resact-grp>
<result button="notok" comp="button" highlight="0"/>
<action j2008use="0" paperuse="1" screenuse="0">
<ptxt>
<xref>
<ref id="KC07042770"/>
</xref>
</ptxt>
</action>
</resact-grp>
</node>
</testgrp>
<testgrp id="KC01492906" j2008use="1" paperuse="1" resumable="1" screenuse="1" testgrp-id="dac2-1" x="280" y="120">
<title>
<phrase category="" id="KC07042771" phrase-urn="urn:x-nevis:phrase:0800c8af81a5fdbf">Fault-tracing i#@#@#5#ation</phrase>
</title>
<node>
<test1>
<test2>
<ptxt>
<phrase category="" id="KC07042772" phrase-urn="urn:x-nevis:phrase:0800c8af81a5fdc0">The cause of th#@#@#51#ound.</phrase>
</ptxt>
</test2>
</test1>
<question>Select Continue.</question>
<resact-grp>
<result button="cont" comp="button" highlight="0"/>
<action j2008use="1" paperuse="1" screenuse="1">
<ptxt>
<xref>
<ref id="KC07042773"/>
</xref>
</ptxt>
</action>
</resact-grp>
</node>
</testgrp>
<testgrp id="KC01492907" j2008use="1" paperuse="1" resumable="1" screenuse="1" testgrp-id="dac3" x="120" y="320">
<title>
<phrase category="" id="KC07042774" phrase-urn="urn:x-nevis:phrase:0800c8af81a5fdc1">Checking the re#@#@#34#id S1</phrase>
</title>
<node>
<test1>
<diaglist>
<dgraphic>
<dgraphic1>
<graphic id="KC07042775">
<href>0900c8af80054d4#@#@#9#.jpeg</href>
</graphic>
</dgraphic1>
<dgraphic3>
<graphic id="KC07042776">
<href>0900c8af80054cc#@#@#9#.jpeg</href>
</graphic>
</dgraphic3>
</dgraphic>
<ditem>
<ptxt>
<phrase category="" id="KC07042777" phrase-urn="urn:x-nevis:phrase:0800c8af81a5fdc3">Ignition off.</phrase>
</ptxt>
</ditem>
<ditem>
<ptxt>
<phrase category="" id="KC07042778" phrase-urn="urn:x-nevis:phrase:0800c8af81a5fdc4">Control module #@#@#8#cted.</phrase>
</ptxt>
</ditem>
</diaglist>
<test2>
<ptxt>
<phrase category="" id="KC07042779" phrase-urn="urn:x-nevis:phrase:0800c8af81a5fdc6">Connect an ohmm#@#@#70#sing.</phrase>
</ptxt>
<diaglist>
<dgraphic>
<dgraphic1>
<graphic id="KC07042780">
<href>0900c8af8005444#@#@#9#.jpeg</href>
</graphic>
</dgraphic1>
<dgraphic2>
<graphic id="KC07042781">
<href>0900c8af80054d4#@#@#9#.jpeg</href>
</graphic>
<smarttool active="auto" id="KC07042782" toolname="ODA"/>
</dgraphic2>
</dgraphic>
<ditem>
<ditemtext>
<ptxt>
<phrase category="" id="KC07042783" phrase-urn="urn:x-nevis:phrase:0800c8af81a5fdc8"/>
</ptxt>
</ditemtext>
</ditem>
</diaglist>
</test2>
</test1>
<question>The ohmmeter sh#@#@#13#18 Ω.</question>
<resact-grp>
<result button="ok" comp="button" highlight="0"/>
<action j2008use="1" paperuse="1" screenuse="1">
<ptxt>
<xref>
<ref id="KC07042784"/>
</xref>
</ptxt>
</action>
</resact-grp>
<resact-grp>
<result button="notok" comp="button" highlight="0"/>
<action j2008use="1" paperuse="1" screenuse="1">
<ptxt>
<xref>
<ref id="KC07042785"/>
</xref>
</ptxt>
</action>
</resact-grp>
</node>
</testgrp>
<testgrp id="KC01492908" j2008use="1" paperuse="1" resumable="1" screenuse="1" testgrp-id="dac4" x="120" y="400">
<title>
<phrase category="" id="KC07042786" phrase-urn="urn:x-nevis:phrase:0800c8af81a5fdca">Checking the si#@#@#5#cable</phrase>
</title>
<node>
<test1>
<diaglist>
<dgraphic>
<dgraphic1>
<graphic id="KC07042787">
<href>0900c8af80054d4#@#@#9#.jpeg</href>
</graphic>
</dgraphic1>
<dgraphic2>
<graphic id="KC07042788">
<href>0900c8af80054d7#@#@#9#.jpeg</href>
</graphic>
</dgraphic2>
<dgraphic3>
<graphic id="KC07042789">
<href>0900c8af80054cc#@#@#9#.jpeg</href>
</graphic>
</dgraphic3>
</dgraphic>
<ditem>
<ptxt>
<phrase category="" id="KC07042790" phrase-urn="urn:x-nevis:phrase:0800c8af81a5fdcb">Ignition off.</phrase>
</ptxt>
</ditem>
<ditem>
<ptxt>
<phrase category="" id="KC07042791" phrase-urn="urn:x-nevis:phrase:0800c8af81a5fdcd">Disconnect the #@#@#25#tor. </phrase>
</ptxt>
</ditem>
</diaglist>
<test2>
<ptxt>
<phrase category="" id="KC07042792" phrase-urn="urn:x-nevis:phrase:0800c8af81a5fdce">Connect an ohmm#@#@#162# see <xref>
<ref id="KC07042793"/>
</xref>. </phrase>
</ptxt>
<diaglist>
<dgraphic>
<dgraphic1>
<graphic id="KC07042794">
<href>0900c8af8012233#@#@#9#.jpeg</href>
</graphic>
</dgraphic1>
<dgraphic2>
<graphic id="KC07042795">
<href>0900c8af80054d4#@#@#9#.jpeg</href>
</graphic>
<smarttool active="auto" id="KC07042796" toolname="ODA"/>
</dgraphic2>
</dgraphic>
<ditem>
<ditemtext>
<ptxt>
<phrase category="" id="KC07042797" phrase-urn="urn:x-nevis:phrase:0800c8af81a5fdcf"/>
</ptxt>
</ditemtext>
</ditem>
</diaglist>
</test2>
</test1>
<question>The ohmmeter sh#@#@#23# 0 Ω.</question>
<resact-grp>
<result button="ok" comp="button" highlight="0"/>
<action j2008use="1" paperuse="1" screenuse="1">
<ptxt>
<xref>
<ref id="KC07042798"/>
</xref>
</ptxt>
</action>
</resact-grp>
<resact-grp>
<result button="notok" comp="button" highlight="0"/>
<action j2008use="1" paperuse="1" screenuse="1">
<ptxt>
<xref>
<ref id="KC07042799"/>
</xref>
</ptxt>
</action>
</resact-grp>
</node>
</testgrp>
<testgrp id="KC01492909" j2008use="1" paperuse="1" resumable="1" screenuse="1" testgrp-id="dac4-1" x="280" y="400">
<title>
<phrase category="" id="KC07042800" phrase-urn="urn:x-nevis:phrase:0800c8af81a5fdd1">Checking for an#@#@#8#rcuit</phrase>
</title>
<node>
<test1>
<test2>
<ptxt>
<phrase category="" id="KC07042801" phrase-urn="urn:x-nevis:phrase:0800c8af81a5fdd2">Check the cable#@#@#114#g to <xref>
<ref id="KC07042802"/>
</xref>.</phrase>
</ptxt>
<diaglist>
<dgraphic>
<dgraphic1>
<graphic id="KC07042803">
<href>0900c8af8012233#@#@#9#.jpeg</href>
</graphic>
</dgraphic1>
<dgraphic2>
<graphic id="KC07042804">
<href>0900c8af80054d4#@#@#9#.jpeg</href>
</graphic>
<smarttool active="auto" id="KC07042805" toolname="ODA"/>
</dgraphic2>
</dgraphic>
<ditem>
<ditemtext>
<ptxt>
<phrase category="" id="KC07042806" phrase-urn="urn:x-nevis:phrase:0800c8af81a5fdd4"/>
</ptxt>
</ditemtext>
</ditem>
</diaglist>
</test2>
</test1>
<question>Select Continue#@#@#29#died.</question>
<resact-grp>
<result button="cont" comp="button" highlight="0"/>
<action j2008use="1" paperuse="1" screenuse="1">
<ptxt>
<xref>
<ref id="KC07042807"/>
</xref>
</ptxt>
</action>
</resact-grp>
</node>
</testgrp>
<testgrp id="KC01492910" j2008use="1" paperuse="1" resumable="1" screenuse="1" testgrp-id="dac5" x="120" y="480">
<title>
<phrase category="" id="KC07042808" phrase-urn="urn:x-nevis:phrase:0800c8af81a5fdd6">Checking the ci#@#@#36#ssion</phrase>
</title>
<node>
<test1>
<diaglist>
<dgraphic>
<dgraphic1>
<graphic id="KC07042809">
<href>0900c8af80054d4#@#@#9#.jpeg</href>
</graphic>
</dgraphic1>
<dgraphic2>
<graphic id="KC07042810">
<href>0900c8af80054d7#@#@#9#.jpeg</href>
</graphic>
</dgraphic2>
</dgraphic>
<ditem>
<ptxt>
<phrase category="" id="KC07042811" phrase-urn="urn:x-nevis:phrase:0800c8af81a5fdd7">Ignition off.</phrase>
</ptxt>
</ditem>
<ditem>
<ptxt>
<phrase category="" id="KC07042812" phrase-urn="urn:x-nevis:phrase:0800c8af81a5fdd8">The 6-pin trans#@#@#27#ted. </phrase>
</ptxt>
</ditem>
</diaglist>
<test2>
<ptxt>
<phrase category="" id="KC07042813" phrase-urn="urn:x-nevis:phrase:0800c8af81a5fdda">Connect an ohmm#@#@#101#sing.</phrase>
</ptxt>
<diaglist>
<dgraphic>
<dgraphic1>
<graphic id="KC07042814">
<href>0900c8af8012233#@#@#9#.jpeg</href>
</graphic>
</dgraphic1>
<dgraphic2>
<graphic id="KC07042815">
<href>0900c8af80054d4#@#@#9#.jpeg</href>
</graphic>
<smarttool active="auto" id="KC07042816" toolname="ODA"/>
</dgraphic2>
</dgraphic>
<ditem>
<ditemtext>
<ptxt>
<phrase category="" id="KC07042817" phrase-urn="urn:x-nevis:phrase:0800c8af81a5fddb"/>
</ptxt>
</ditemtext>
</ditem>
</diaglist>
</test2>
</test1>
<question>The ohmmeter sh#@#@#13#18 Ω.</question>
<resact-grp>
<result button="ok" comp="button" highlight="0"/>
<action j2008use="1" paperuse="1" screenuse="1">
<ptxt>
<xref>
<ref id="KC07042818"/>
</xref>
</ptxt>
</action>
</resact-grp>
<resact-grp>
<result button="notok" comp="button" highlight="0"/>
<action j2008use="1" paperuse="1" screenuse="1">
<ptxt>
<xref>
<ref id="KC07042819"/>
</xref>
</ptxt>
</action>
</resact-grp>
</node>
</testgrp>
<testgrp id="KC01492911" j2008use="1" paperuse="1" resumable="1" screenuse="1" testgrp-id="dac5-1" x="280" y="480">
<title>
<phrase category="" id="KC07042820" phrase-urn="urn:x-nevis:phrase:0800c8af81a5fddd">Checking for lo#@#@#33#tance</phrase>
</title>
<node>
<test1>
<test2>
<ptxt>
<phrase category="" id="KC07042821" phrase-urn="urn:x-nevis:phrase:0800c8af81a5fdde">The cause of th#@#@#188#g to <xref>
<ref id="KC07042822"/>
</xref>. Check for con#@#@#38#g to <xref>
<ref id="KC07042823"/>
</xref>.</phrase>
</ptxt>
</test2>
</test1>
<question>Select Continue#@#@#29#died.</question>
<resact-grp>
<result button="cont" comp="button" highlight="0"/>
<action j2008use="1" paperuse="1" screenuse="1">
<ptxt>
<xref>
<ref id="KC07042824"/>
</xref>
</ptxt>
</action>
</resact-grp>
</node>
</testgrp>
<testgrp id="KC01492912" j2008use="1" paperuse="1" resumable="1" screenuse="1" testgrp-id="dac6" x="120" y="560">
<title>
<phrase category="" id="KC07042825" phrase-urn="urn:x-nevis:phrase:0800c8af81a5fde0">Checking the re#@#@#18#id S1</phrase>
</title>
<node>
<test1>
<diaglist>
<dgraphic>
<dgraphic1>
<graphic id="KC07042826">
<href>0900c8af80054d4#@#@#9#.jpeg</href>
</graphic>
</dgraphic1>
<dgraphic2>
<graphic id="KC07042827">
<href>0900c8af80054d7#@#@#9#.jpeg</href>
</graphic>
</dgraphic2>
</dgraphic>
<ditem>
<ptxt>
<phrase category="" id="KC07042828" phrase-urn="urn:x-nevis:phrase:0800c8af81a5fde1">Open the contro#@#@#17#g to <xref>
<ref id="KC07042829"/>
</xref>. </phrase>
</ptxt>
</ditem>
<ditem>
<ptxt>
<phrase category="" id="KC07042830" phrase-urn="urn:x-nevis:phrase:0800c8af81a5fde3">Disconnect sole#@#@#3#d S1.</phrase>
</ptxt>
</ditem>
</diaglist>
<test2>
<ptxt>
<phrase category="" id="KC07042831" phrase-urn="urn:x-nevis:phrase:0800c8af81a5fde4">Connect an ohmm#@#@#60#sing.</phrase>
</ptxt>
<diaglist>
<dgraphic>
<dgraphic1>
<graphic id="KC07042832">
<href>0900c8af803f574#@#@#9#.jpeg</href>
</graphic>
</dgraphic1>
<dgraphic2>
<graphic id="KC07042833">
<href>0900c8af80054d4#@#@#9#.jpeg</href>
</graphic>
<smarttool id="KC07042834" toolname="ODA"/>
</dgraphic2>
</dgraphic>
<ditem>
<ditemtext>
<ptxt>
<phrase category="" id="KC07042835" phrase-urn="urn:x-nevis:phrase:0800c8af81a5fde6"/>
</ptxt>
</ditemtext>
</ditem>
</diaglist>
</test2>
</test1>
<question>The ohmmeter sh#@#@#13#18 Ω.</question>
<resact-grp>
<result button="ok" comp="button" highlight="0"/>
<action j2008use="1" paperuse="1" screenuse="1">
<ptxt>
<xref>
<ref id="KC07042836"/>
</xref>
</ptxt>
</action>
</resact-grp>
<resact-grp>
<result button="notok" comp="button" highlight="0"/>
<action j2008use="1" paperuse="1" screenuse="1">
<ptxt>
<xref>
<ref id="KC07042837"/>
</xref>
</ptxt>
</action>
</resact-grp>
</node>
</testgrp>
<testgrp id="KC01492913" j2008use="1" paperuse="1" resumable="1" screenuse="1" testgrp-id="dac6-1" x="280" y="560">
<title>
<phrase category="" id="KC07042838" phrase-urn="urn:x-nevis:phrase:0800c8af81a5fde7">Checking for an#@#@#8#rcuit</phrase>
</title>
<node>
<test1>
<test2>
<ptxt>
<phrase category="" id="KC07042839" phrase-urn="urn:x-nevis:phrase:0800c8af81a5fde9">Check the cable#@#@#97#g to <xref>
<ref id="KC07042840"/>
</xref> When replacing#@#@#19# see <xref>
<ref id="KC07042841"/>
</xref>.</phrase>
</ptxt>
<diaglist>
<dgraphic>
<dgraphic1>
<graphic id="KC07042842">
<href>0900c8af8012233#@#@#9#.jpeg</href>
</graphic>
</dgraphic1>
<dgraphic2>
<graphic id="KC07042843">
<href>0900c8af80054d4#@#@#9#.jpeg</href>
</graphic>
<smarttool active="auto" id="KC07042844" toolname="ODA"/>
</dgraphic2>
</dgraphic>
<ditem>
<ditemtext>
<ptxt>
<phrase category="" id="KC07042845" phrase-urn="urn:x-nevis:phrase:0800c8af81a5fdea"/>
</ptxt>
</ditemtext>
</ditem>
</diaglist>
</test2>
</test1>
<question>Select Continue.</question>
<resact-grp>
<result button="cont" comp="button" highlight="0"/>
<action j2008use="1" paperuse="1" screenuse="1">
<ptxt>
<xref>
<ref id="KC07042846"/>
</xref>
</ptxt>
</action>
</resact-grp>
</node>
</testgrp>
<testgrp id="KC01492914" j2008use="1" paperuse="1" resumable="1" screenuse="1" testgrp-id="dac6-2" x="280" y="640">
<title>
<phrase category="" id="KC07042847" phrase-urn="urn:x-nevis:phrase:0800c8af81a5fdeb">Replacing the c#@#@#3#onent</phrase>
</title>
<node>
<test1>
<test2>
<ptxt>
<phrase category="" id="KC07042848" phrase-urn="urn:x-nevis:phrase:0800c8af81a5fdec">Try a new solen#@#@#15#g to <xref>
<ref id="KC07042849"/>
</xref>. </phrase>
</ptxt>
</test2>
</test1>
<question>Select Continue#@#@#29#died.</question>
<resact-grp>
<result button="cont" comp="button" highlight="0"/>
<action j2008use="1" paperuse="1" screenuse="1">
<ptxt>
<xref>
<ref id="KC07042850"/>
</xref>
</ptxt>
</action>
</resact-grp>
</node>
</testgrp>
<testgrp id="KC01492915" j2008use="1" paperuse="1" resumable="1" screenuse="1" testgrp-id="dac7" x="120" y="720">
<title>
<phrase category="" id="KC07042851" phrase-urn="urn:x-nevis:phrase:0800c8af81a5fdee">Checking the si#@#@#43#ltage</phrase>
</title>
<node>
<test1>
<diaglist>
<dgraphic>
<dgraphic1>
<graphic id="KC07042852">
<href>0900c8af80054d5#@#@#9#.jpeg</href>
</graphic>
</dgraphic1>
<dgraphic3>
<graphic id="KC07042853">
<href>0900c8af80054cc#@#@#9#.jpeg</href>
</graphic>
</dgraphic3>
</dgraphic>
<ditem>
<ptxt>
<phrase category="" id="KC07042854" phrase-urn="urn:x-nevis:phrase:0800c8af81a5fdf0">Control module #@#@#8#cted.</phrase>
</ptxt>
</ditem>
<ditem>
<ptxt>
<phrase category="" id="KC07042855" phrase-urn="urn:x-nevis:phrase:0800c8af81a5fdf2">Ignition on.</phrase>
</ptxt>
</ditem>
</diaglist>
<test2>
<ptxt>
<phrase category="" id="KC07042856" phrase-urn="urn:x-nevis:phrase:0800c8af81a5fdf3">Connect a voltm#@#@#70#sing.</phrase>
</ptxt>
<diaglist>
<dgraphic>
<dgraphic1>
<graphic id="KC07042857">
<href>0900c8af8005444#@#@#9#.jpeg</href>
</graphic>
</dgraphic1>
<dgraphic2>
<graphic id="KC07042858">
<href>0900c8af80054d4#@#@#9#.jpeg</href>
</graphic>
<smarttool active="auto" id="KC07042859" toolname="VDCDA"/>
</dgraphic2>
</dgraphic>
<ditem>
<ditemtext>
<ptxt>
<phrase category="" id="KC07042860" phrase-urn="urn:x-nevis:phrase:0800c8af81a5fdf5"/>
</ptxt>
</ditemtext>
</ditem>
</diaglist>
</test2>
</test1>
<question>The voltmeter s#@#@#24# 0 V.</question>
<resact-grp>
<result button="ok" comp="button" highlight="0"/>
<action j2008use="1" paperuse="1" screenuse="1">
<ptxt>
<xref>
<ref id="KC07042861"/>
</xref>
</ptxt>
</action>
</resact-grp>
<resact-grp>
<result button="notok" comp="button" highlight="0"/>
<action j2008use="1" paperuse="1" screenuse="1">
<ptxt>
<xref>
<ref id="KC07042862"/>
</xref>
</ptxt>
</action>
</resact-grp>
</node>
</testgrp>
<testgrp id="KC01492916" j2008use="1" paperuse="1" resumable="1" screenuse="1" testgrp-id="dac7-1" x="280" y="720">
<title>
<phrase category="" id="KC07042863" phrase-urn="urn:x-nevis:phrase:0800c8af81a5fdf6">Checking for a #@#@#26#ltage</phrase>
</title>
<node>
<test1>
<test2>
<ptxt>
<phrase category="" id="KC07042864" phrase-urn="urn:x-nevis:phrase:0800c8af81a5fdf8">Check the cable#@#@#118#g to <xref>
<ref id="KC07042865"/>
</xref>.</phrase>
</ptxt>
<ptxt>
<phrase category="" id="KC07042866" phrase-urn="urn:x-nevis:phrase:0800c8af81a5fdf9">When replacing #@#@#18# see <xref>
<ref id="KC07042867"/>
</xref>.</phrase>
</ptxt>
<diaglist>
<dgraphic>
<dgraphic2>
<graphic id="KC07042868">
<href>0900c8af80054d4#@#@#9#.jpeg</href>
</graphic>
<smarttool active="auto" id="KC07042869" toolname="ODA"/>
</dgraphic2>
</dgraphic>
<ditem>
<ditemtext>
<ptxt>
<phrase category="" id="KC07042870" phrase-urn="urn:x-nevis:phrase:0800c8af81a5fdfb"/>
</ptxt>
</ditemtext>
</ditem>
</diaglist>
</test2>
</test1>
<question>Select Continue.</question>
<resact-grp>
<result button="cont" comp="button" highlight="0"/>
<action j2008use="1" paperuse="1" screenuse="1">
<ptxt>
<xref>
<ref id="KC07042871"/>
</xref>
</ptxt>
</action>
</resact-grp>
</node>
</testgrp>
<testgrp id="KC01492917" j2008use="1" paperuse="1" resumable="1" screenuse="1" testgrp-id="dac10a" x="120" y="960">
<title>
<phrase category="" id="KC07042872" phrase-urn="urn:x-nevis:phrase:0800c8af81a5fdfd">Checking the co#@#@#7#odule</phrase>
</title>
<node>
<test1>
<diaglist>
<dgraphic>
<dgraphic1>
<graphic id="KC07042873">
<href>0900c8af80054d5#@#@#9#.jpeg</href>
</graphic>
</dgraphic1>
<dgraphic3>
<graphic id="KC07042874">
<href>0900c8af80054cc#@#@#9#.jpeg</href>
</graphic>
</dgraphic3>
</dgraphic>
<ditem>
<ptxt>
<phrase category="" id="KC07042875" phrase-urn="urn:x-nevis:phrase:0800c8af81a5fdfe">Ignition off.</phrase>
</ptxt>
</ditem>
<ditem>
<ptxt>
<phrase category="" id="KC07042876" phrase-urn="urn:x-nevis:phrase:0800c8af81a5fe00">Disconnect the #@#@#8# box.</phrase>
</ptxt>
</ditem>
<ditem>
<ptxt>
<phrase category="" id="KC07042877" phrase-urn="urn:x-nevis:phrase:0800c8af81a5fe01">Connect the con#@#@#7#dule.</phrase>
</ptxt>
</ditem>
<ditem>
<ptxt>
<phrase category="" id="KC07042878" phrase-urn="urn:x-nevis:phrase:0800c8af81a5fe03">Ignition on.</phrase>
</ptxt>
</ditem>
</diaglist>
<test2>
<ptxt>
<phrase category="" id="KC07042879" phrase-urn="urn:x-nevis:phrase:0800c8af81a5fe04">Erase the diagn#@#@#21#DTC).</phrase>
</ptxt>
<diaglist>
<dgraphic>
<dgraphic2>
<graphic id="KC07042880">
<href>0900c8af8005433#@#@#9#.jpeg</href>
</graphic>
<smarttool active="press" id="KC07042881" toolname="EA53E"/>
</dgraphic2>
</dgraphic>
<ditem>
<ditemtext>
<ptxt>
<phrase category="" id="KC07042882" phrase-urn="urn:x-nevis:phrase:0800c8af81a5fe06"/>
</ptxt>
</ditemtext>
</ditem>
<ditem>
<ditemtext>
<ptxt>
<phrase category="" id="KC07042883" phrase-urn="urn:x-nevis:phrase:0800c8af81a5fe07"/>
</ptxt>
</ditemtext>
</ditem>
</diaglist>
</test2>
</test1>
<question>Select Continue.</question>
<resact-grp>
<result button="cont" comp="button" highlight="0"/>
<action j2008use="1" paperuse="1" screenuse="1">
<ptxt>
<xref>
<ref id="KC07042884"/>
</xref>
</ptxt>
</action>
</resact-grp>
</node>
</testgrp>
<testgrp id="KC01492918" j2008use="1" paperuse="1" resumable="1" screenuse="1" testgrp-id="dac10b" x="320" y="1200">
<title>
<phrase category="" id="KC07042885" phrase-urn="urn:x-nevis:phrase:0800c8af81a5fe09">Checking the co#@#@#18#inued</phrase>
</title>
<node>
<test1>
<diaglist>
<dgraphic>
<dgraphic1>
<graphic id="KC07042886">
<href>0900c8af80054d3#@#@#9#.jpeg</href>
</graphic>
</dgraphic1>
</dgraphic>
<ditem>
<ptxt>
<phrase category="" id="KC07042887" phrase-urn="urn:x-nevis:phrase:0800c8af81a5fe0a">Gear selector in P.</phrase>
</ptxt>
</ditem>
<ditem>
<ptxt>
<phrase category="" id="KC07042888" phrase-urn="urn:x-nevis:phrase:0800c8af81a5fe0b">Start the engine.</phrase>
</ptxt>
</ditem>
<ditem>
<ptxt>
<phrase category="" id="KC07042889" phrase-urn="urn:x-nevis:phrase:0800c8af81a5fe0d">Wait approximat#@#@#10#onds.</phrase>
</ptxt>
</ditem>
</diaglist>
<test2>
<ptxt>
<phrase category="" id="KC07042890" phrase-urn="urn:x-nevis:phrase:0800c8af81a5fe0e">Check to see if#@#@#37#curs.</phrase>
</ptxt>
<diaglist>
<dgraphic>
<dgraphic2>
<graphic id="KC07042891">
<href>0900c8af8005433#@#@#9#.jpeg</href>
</graphic>
<smarttool active="press" id="KC07042892" toolname="EA53R"/>
</dgraphic2>
</dgraphic>
<ditem>
<ditemtext>
<ptxt>
<phrase category="" id="KC07042893" phrase-urn="urn:x-nevis:phrase:0800c8af81a5fe10"/>
</ptxt>
</ditemtext>
</ditem>
<ditem>
<ditemtext>
<ptxt>
<phrase category="" id="KC07042894" phrase-urn="urn:x-nevis:phrase:0800c8af81a5fe11"/>
</ptxt>
</ditemtext>
</ditem>
</diaglist>
</test2>
</test1>
<question>Does the diagno#@#@#25#ecur?</question>
<resact-grp>
<result button="yes" comp="button" highlight="0" op="default"/>
<action j2008use="1" paperuse="1" screenuse="1">
<ptxt>
<xref>
<ref id="KC07042895"/>
</xref>
</ptxt>
</action>
</resact-grp>
<resact-grp>
<result button="no" comp="button" highlight="0"/>
<action j2008use="1" paperuse="1" screenuse="1">
<ptxt>
<xref>
<ref id="KC07042896"/>
</xref>
</ptxt>
</action>
</resact-grp>
</node>
</testgrp>
<testgrp id="KC01492919" j2008use="1" paperuse="1" resumable="1" screenuse="1" testgrp-id="dac10-1" x="280" y="960">
<title>
<phrase category="" id="KC07042897" phrase-urn="urn:x-nevis:phrase:0800c8af81a5fe13">Replacing the c#@#@#3#onent</phrase>
</title>
<node>
<test1>
<diaglist/>
<test2>
<ptxt>
<phrase category="" id="KC07042898" phrase-urn="urn:x-nevis:phrase:0800c8af81a5fe14">Try a new contr#@#@#18#g to <xref>
<ref id="KC07042899"/>
</xref>. </phrase>
</ptxt>
<grate>
<graphic id="KC07042900" width="column">
<href>0900c8af8012283#@#@#9#.jpeg</href>
</graphic>
</grate>
</test2>
</test1>
<question>Select Continue#@#@#29#died.</question>
<resact-grp>
<result button="cont" comp="button" highlight="0"/>
<action j2008use="1" paperuse="1" screenuse="1">
<ptxt>
<xref>
<ref id="KC07042901"/>
</xref>
</ptxt>
</action>
</resact-grp>
</node>
</testgrp>
<testgrp id="KC01492920" j2008use="1" paperuse="1" resumable="1" screenuse="1" testgrp-id="dac10-2" x="280" y="1040">
<title>
<phrase category="" id="KC07042902" phrase-urn="urn:x-nevis:phrase:0800c8af81a5fe16">Checking contac#@#@#21#ation</phrase>
</title>
<node>
<test1>
<test2>
<ptxt>
<phrase category="" id="KC07042903" phrase-urn="urn:x-nevis:phrase:0800c8af81a5fe18">The cause of th#@#@#178#g to <xref>
<ref id="KC07042904"/>
</xref>.</phrase>
</ptxt>
</test2>
</test1>
<question>Select Continue#@#@#29#died.</question>
<resact-grp>
<result button="cont" comp="button" highlight="0"/>
<action j2008use="1" paperuse="1" screenuse="1">
<ptxt>
<xref>
<ref id="KC07042905"/>
</xref>
</ptxt>
</action>
</resact-grp>
</node>
</testgrp>
<testgrp id="KC01492921" j2008use="1" paperuse="1" resumable="1" screenuse="1" testgrp-id="veridac" x="480" y="40">
<title>
<phrase category="" id="KC07042906" phrase-urn="urn:x-nevis:phrase:0800c8af81a5fe19">Verification</phrase>
</title>
<subcalloutnode>
<diagcallout>
<xref>
<ref id="KC07042907"/>
</xref>
</diagcallout>
<rescall-grp>
<result comp="string" highlight="0" op="eq" return="VERIFIED"/>
<calloutaction>
<return value="FAULT FOUND"/>
</calloutaction>
</rescall-grp>
<rescall-grp>
<result comp="string" highlight="0" op="eq" return="VERIFICATION FAILED"/>
<calloutaction>
<ptxt>
<xref>
<ref id="KC07042908"/>
</xref>
</ptxt>
</calloutaction>
</rescall-grp>
</subcalloutnode>
</testgrp>
<testgrp id="KC01492922" j2008use="1" paperuse="1" resumable="1" screenuse="1" testgrp-id="info1" x="640" y="40">
<title>
<phrase category="" id="KC07042909" phrase-urn="urn:x-nevis:phrase:0800c8af81a5fe1b">Fault-tracing i#@#@#5#ation</phrase>
</title>
<subcalloutnode>
<diagcallout>
<xref>
<ref id="KC07042910"/>
</xref>
</diagcallout>
<rescall-grp>
<result comp="string" highlight="0" op="eq" return="FAULTTRACING FAILED"/>
<calloutaction>
<return value="FAULTTRACING FAILED"/>
</calloutaction>
</rescall-grp>
<rescall-grp>
<result comp="string" highlight="0" op="eq" return="NEW TRY"/>
<calloutaction>
<ptxt>
<xref>
<ref id="KC07042911"/>
</xref>
</ptxt>
</calloutaction>
</rescall-grp>
</subcalloutnode>
</testgrp>
<testgrp id="KC01492923" j2008use="1" paperuse="1" resumable="1" screenuse="1" testgrp-id="intdac" x="480" y="120">
<title>
<phrase category="" id="KC07042912" phrase-urn="urn:x-nevis:phrase:0800c8af81a5fe1c">Intermittent fault</phrase>
</title>
<subcalloutnode>
<diagcallout>
<xref>
<ref id="KC07042913"/>
</xref>
</diagcallout>
<rescall-grp>
<result comp="string" highlight="0" op="eq" return="FAULT FOUND"/>
<calloutaction>
<return value="FAULT FOUND"/>
</calloutaction>
</rescall-grp>
<rescall-grp>
<result comp="string" highlight="0" op="eq" return="NEW TRY"/>
<calloutaction>
<ptxt>
<xref>
<ref id="KC07042914"/>
</xref>
</ptxt>
</calloutaction>
</rescall-grp>
<rescall-grp>
<result comp="string" highlight="0" op="eq" return="DONE"/>
<calloutaction>
<return value="DONE"/>
</calloutaction>
</rescall-grp>
</subcalloutnode>
</testgrp>
<testgrp id="KC01492924" j2008use="1" paperuse="1" resumable="1" screenuse="1" testgrp-id="inkoppling" x="120" y="240">
<title>
<phrase category="" id="KC07042915" phrase-urn="urn:x-nevis:phrase:0800c8af81a5fe1d"/>
</title>
<subcalloutnode>
<diagcallout>
<xref>
<ref id="KC07042916"/>
</xref>
</diagcallout>
<rescall-grp>
<result comp="string" highlight="0" op="eq" return="FAULT FOUND"/>
<calloutaction>
<ptxt>
<xref>
<ref id="KC07042917"/>
</xref>
</ptxt>
</calloutaction>
</rescall-grp>
<rescall-grp>
<result comp="string" highlight="0" op="eq" return="FAULTTRACING FAILED"/>
<calloutaction>
<ptxt>
<xref>
<ref id="KC07042918"/>
</xref>
</ptxt>
</calloutaction>
</rescall-grp>
<rescall-grp>
<result comp="string" highlight="0" op="eq" return="FAULT NOT FOUND"/>
<calloutaction>
<ptxt>
<xref>
<ref id="KC07042919"/>
</xref>
</ptxt>
</calloutaction>
</rescall-grp>
<rescall-grp>
<result comp="string" highlight="0" op="eq" return="CONNECTED"/>
<calloutaction>
<ptxt>
<xref>
<ref id="KC07042920"/>
</xref>
</ptxt>
</calloutaction>
</rescall-grp>
</subcalloutnode>
</testgrp>
</diagnostic>
</servinfosub>