<?xml version="1.0" encoding="UTF-8"?><servinfosub IE-ID="en-US0900c8af8068340c" docno="VCC-038167" id="KC02051734" xml:lang="en-US">
<title>
<phrase category="" id="KC08365780" phrase-urn="urn:x-nevis:phrase:0800c8af81dc033b">Fault-tracing i#@#@#5#ation</phrase>
</title>
<diagnostic id="KC02051735" type="condition">
<condgrp>
<condition type="condition">
<grate>
<graphic id="KC08365781">
<href>0900c8af803f837#@#@#9#.jpeg</href>
</graphic>
</grate>
</condition>
<ps>
<list1 enumtype="d" type="unordered">
<item>
<ptxt>
<phrase category="" id="KC08365782" phrase-urn="urn:x-nevis:phrase:0800c8af81dc033c">Worn drive cables.</phrase>
</ptxt>
</item>
<item>
<ptxt>
<phrase category="" id="KC08365783" phrase-urn="urn:x-nevis:phrase:0800c8af81dc033d">Poor lubricatio#@#@#13#bles.</phrase>
</ptxt>
</item>
</list1>
</ps>
</condgrp>
<condgrp>
<condition type="symptom">
<list1 enumtype="d" type="unordered">
<item>
<ptxt>
<phrase category="" id="KC08365784" phrase-urn="urn:x-nevis:phrase:0800c8af81dc033e">Noise from seat#@#@#14#ting.</phrase>
</ptxt>
</item>
</list1>
</condition>
</condgrp>
</diagnostic>
</servinfosub>