<?xml version="1.0" encoding="UTF-8"?><servinfosub IE-ID="en-US0900c8af81a9740c" docno="VCC-158822" id="KC07204715" xml:lang="en-US">
<title>
<phrase category="" id="KC07204718" phrase-urn="urn:x-nevis:phrase:0800c8af81a97411">Diagnostic trou#@#@#30#-616D</phrase>
</title>
<diagnostic type="condition">
<condgrp>
<condition type="condition">
<grate>
<graphic id="KC07204719" width="column">
<href>0900c8af8005d03#@#@#9#.jpeg</href>
</graphic>
<graphtext>
<para>
<ptxt>
<phrase category="" id="KC07204720" phrase-urn="urn:x-nevis:phrase:0800c8af81a97412">The engine cont#@#@#81#haft.</phrase>
</ptxt>
<ptxt>
<phrase category="" id="KC07204721" phrase-urn="urn:x-nevis:phrase:0800c8af81a97413">The diagnostic #@#@#136# low.</phrase>
</ptxt>
<ptxt>
<phrase category="" id="KC07204722" phrase-urn="urn:x-nevis:phrase:0800c8af81a97414">The diagnostic #@#@#74#ning.</phrase>
</ptxt>
</para>
</graphtext>
</grate>
</condition>
</condgrp>
<condgrp>
<condition type="substitution">
<list1 enumtype="d" type="unordered">
<item>
<ptxt>
<phrase category="" id="KC07204723" phrase-urn="urn:x-nevis:phrase:0800c8af81a97415">None.</phrase>
</ptxt>
</item>
</list1>
</condition>
<ps>
<list1 enumtype="d" type="unordered">
<item>
<ptxt>
<phrase category="" id="KC07204724" phrase-urn="urn:x-nevis:phrase:0800c8af81a97416">Contact resista#@#@#15#inals</phrase>
</ptxt>
</item>
<item>
<ptxt>
<phrase category="" id="KC07204725" phrase-urn="urn:x-nevis:phrase:0800c8af81a9740e">Short-circuit t#@#@#23#cable</phrase>
</ptxt>
</item>
<item>
<ptxt>
<phrase category="" id="KC07204726" phrase-urn="urn:x-nevis:phrase:0800c8af81a9740f">Damaged camshaf#@#@#9#alve.</phrase>
</ptxt>
</item>
</list1>
</ps>
</condgrp>
<condgrp>
<condition type="symptom">
<list1 enumtype="d" type="unordered">
<item>
<ptxt>
<phrase category="" id="KC07204727" phrase-urn="urn:x-nevis:phrase:0800c8af81a97410">Malfunction ind#@#@#17# lit.</phrase>
</ptxt>
</item>
</list1>
</condition>
</condgrp>
</diagnostic>
</servinfosub>