<?xml version="1.0" encoding="UTF-8"?><servinfosub IE-ID="en-US0900c8af881a840c" docno="VCC-511653" id="nev29610328n1" xml:lang="en-US">
<title>
<phrase category="Title" id="nev29610328n2" phrase-urn="urn:x-nevis:phrase:0800c8af81eb9a54">Diagnostic trou#@#@#21#ation</phrase>
<phrase category="Prefix" id="nev29610328n3" phrase-urn="urn:x-nevis:phrase:0800c8af8015c3f5">ECM</phrase>-P060C92</title>
<diagnostic j2008use="1" paperuse="1" screenuse="1" type="condition">
<condgrp>
<condition type="condition">
<grate>
<graphic id="nev29610328n4">
<href>0900c8af862feae#@#@#11#.jpeg</href>
</graphic>
<graphtext>
<note id="nev29610328n5">
<ptxt id="nev29610328n6">
<phrase category="Condition" id="nev29610328n7" phrase-urn="urn:x-nevis:phrase:0800c8af8340f4cb">This diagnostic#@#@#75#DTC).</phrase>
<phrase category="Condition" id="nev29610328n8" phrase-urn="urn:x-nevis:phrase:0800c8af8345cad1">An event contro#@#@#138#tion.</phrase>
</ptxt>
</note>
<ptxt>
<phrase category="DFEDI" id="nev29610337n1" phrase-urn="urn:x-nevis:phrase:0800c8af86a9a16b">The sensor, acc#@#@#113#edal.</phrase>
<phrase category="DFEDI" id="nev29610340n1" phrase-urn="urn:x-nevis:phrase:0800c8af86a9a16c">The sensor, acc#@#@#115#gnal.</phrase>
</ptxt>
<ptxt id="nev29610329n1">
<phrase category="Condition" id="nev29610329n2" phrase-urn="urn:x-nevis:phrase:0800c8af82c4843c">The diagnostic #@#@#59#that:</phrase>
</ptxt>
<list1 id="nev29610329n3">
<item id="nev29610329n4">
<ptxt id="nev29610329n5">
<phrase category="DCRDI" id="nev29610350n1" phrase-urn="urn:x-nevis:phrase:0800c8af8720b65a">The results of #@#@#46#atch.</phrase>
</ptxt>
</item>
</list1>
<ptxt id="nev29610329n7">
<phrase category="Condition" id="nev29610329n8" phrase-urn="urn:x-nevis:phrase:0800c8af82c479d6">The control mod#@#@#67#t of:</phrase>
</ptxt>
<list1 id="nev29610329n9">
<item id="nev29610329n10">
<ptxt id="nev29610330n1">
<phrase category="Condition" id="nev29610330n2" phrase-urn="urn:x-nevis:phrase:0800c8af83023a3b">Engine running.</phrase>
</ptxt>
</item>
</list1>
<note id="nev29610330n3">
<ptxt id="nev29610330n4">
<phrase category="Condition" id="nev29610330n5" phrase-urn="urn:x-nevis:phrase:0800c8af82c4844b">The control mod#@#@#132# met.</phrase>
</ptxt>
</note>
</graphtext>
</grate>
</condition>
</condgrp>
<condgrp>
<condition type="substitution">
<list1 enumtype="d" type="unordered">
<item>
<ptxt>
<phrase category="FEEDI" id="nev29610353n1" phrase-urn="urn:x-nevis:phrase:0800c8af86a864f1">The Engine Cont#@#@#30#rque.</phrase>
</ptxt>
</item>
</list1>
</condition>
<ps>
<list1 enumtype="d" type="unordered">
<item>
<ptxt>
<phrase category="Condition" id="nev29610330n7" phrase-urn="urn:x-nevis:phrase:0800c8af82c79e33">This diagnostic#@#@#66#died.</phrase>
</ptxt>
</item>
</list1>
</ps>
</condgrp>
<condgrp>
<condition type="symptom">
<list1 enumtype="d" type="unordered">
<item>
<ptxt>
<phrase category="Symptom" id="nev29610330n8" phrase-urn="urn:x-nevis:phrase:0800c8af822826c5">None.</phrase>
</ptxt>
</item>
</list1>
</condition>
</condgrp>
</diagnostic>
</servinfosub>