<?xml version="1.0" encoding="UTF-8"?><servinfosub IE-ID="en-US0900c8af82d2d604" docno="VCC-272660" id="nev11085559n1" xml:lang="en-US">
<title id="nev11087627n1">Active on Deman#@#@#22#acing</title>
<procedure id="nev11087627n3">
<note id="nev11087627n5">
<ptxt id="nev11087627n7">As the illustra#@#@#160#rect.</ptxt>
</note>
<stepgrp id="nev11085559n2">
<title id="nev11087627n9">Preparatory work</title>
<procstep id="nev11085559n3">
<title id="nev11087627n11">Removing components</title>
<para id="nev11087627n13">
<ptxt id="nev11087627n15">Remove the exha#@#@#81#See: <xref id="nev11087627n17">
<ref id="nev11085559n4"/>
</xref>.</ptxt>
</para>
</procstep>
</stepgrp>
<stepgrp id="nev11085559n5">
<title id="nev11087627n23">Removal</title>
<procstep id="nev11085559n6">
<title id="nev11087627n25">Removing the Ac#@#@#18#pling</title>
<grate id="nev11087627n27">
<graphic id="nev11085559n7">
<href>0900c8af80060ed#@#@#9#.jpeg</href>
</graphic>
<graphtext id="nev11087627n33">
<para id="nev11087627n35">
<ptxt id="nev11087627n37">Remove the conn#@#@#47#DEM).</ptxt>
<ptxt id="nev11087627n39">Place a contain#@#@#53#ive. </ptxt>
<ptxt id="nev11087627n41">Remove the scre#@#@#38#AOC).</ptxt>
<ptxt id="nev11087627n43">Pull the coupli#@#@#40#sing.</ptxt>
</para>
</graphtext>
</grate>
</procstep>
</stepgrp>
<stepgrp id="nev11085559n8">
<title id="nev11087627n45">Installation</title>
<note id="nev11087627n47">
<ptxt id="nev11087627n49">For tightening #@#@#9#see: <xref id="nev11087627n51">
<ref id="nev11085559n9"/>
</xref>. </ptxt>
</note>
<procstep id="nev11085559n10">
<title id="nev11087627n57">Preparations fo#@#@#43#(AOC)</title>
<grate id="nev11087627n59">
<graphic id="nev11085560n1">
<href>0900c8af80060ee#@#@#9#.jpeg</href>
</graphic>
<graphtext id="nev11087627n65">
<para id="nev11087627n67">
<ptxt id="nev11087627n69">Clean away any #@#@#87#aper.</ptxt>
<ptxt id="nev11087627n71">Check that the #@#@#28#ults.</ptxt>
</para>
</graphtext>
</grate>
<grate id="nev11087627n73">
<graphic id="nev11085560n2">
<href>0900c8af80060ec#@#@#9#.jpeg</href>
</graphic>
<graphtext id="nev11087627n79">
<para id="nev11087627n81">
<ptxt id="nev11087627n83">Check that the #@#@#132#OC). </ptxt>
</para>
</graphtext>
</grate>
</procstep>
<procstep id="nev11085560n3">
<title id="nev11087627n85">Installing the #@#@#26#(AOC)</title>
<grate id="nev11087627n87">
<graphic id="nev11085560n4">
<href>0900c8af80060ed#@#@#9#.jpeg</href>
</graphic>
<graphtext id="nev11087627n93">
<para id="nev11087627n95">
<ptxt id="nev11087627n97">Install the act#@#@#52#sing.</ptxt>
<ptxt id="nev11087627n99">Lightly install#@#@#47#tely.</ptxt>
<ptxt id="nev11087627n101">Connect the con#@#@#48#EM). </ptxt>
</para>
</graphtext>
</grate>
</procstep>
<procstep id="nev11085560n5">
<title id="nev11087627n103">Installing the #@#@#29#ystem</title>
<para id="nev11087627n105">
<ptxt id="nev11087627n107">Install the pro#@#@#37#See: <xref id="nev11087627n109">
<ref id="nev11085560n6"/>
</xref>. </ptxt>
</para>
</procstep>
</stepgrp>
<stepgrp id="nev11085560n7">
<title id="nev11087627n115">Finishing</title>
<procstep id="nev11085560n8">
<title id="nev11087627n117">Filling and che#@#@#14#level</title>
<grate id="nev11087627n119">
<graphic id="nev11085560n9">
<href>0900c8af80060f6#@#@#9#.jpeg</href>
</graphic>
<graphtext id="nev11087627n125">
<para id="nev11087627n127">
<ptxt id="nev11087627n129">Top up and chec#@#@#73#plug.</ptxt>
<ptxt id="nev11087627n131">Use oil. See: <xref id="nev11087627n133">
<ref id="nev11085560n10"/>
</xref>.</ptxt>
<ptxt id="nev11087627n139">Tighten the lev#@#@#17# to: <xref id="nev11087627n141">
<ref id="nev11085561n1"/>
</xref>.</ptxt>
</para>
</graphtext>
</grate>
</procstep>
</stepgrp>
</procedure>
</servinfosub>