<?xml version="1.0" encoding="UTF-8"?><servinfosub IE-ID="en-US0900c8af80684604" docno="VCC-038834" id="KC02044792" xml:lang="en-US">
<title>Replacing contr#@#@#4#ystem</title>
<procedure id="KC02253868">
<proctools>
<toolitem id="KC08372827"/>
<toolitem id="KC08372828"/>
<toolitem id="KC08372829"/>
<toolitem id="KC08372830"/>
</proctools>
<stepgrp id="KC02014705">
<title>Exposing the co#@#@#7#ystem</title>
<procstep>
<title>Cleanliness</title>
<caution>
<ptxt>Cleanliness is #@#@#185#dust.</ptxt>
</caution>
<ptxt>Transmission oi#@#@#53#also
<xref>
<ref id="KC08372831"/>
</xref>.</ptxt>
</procstep>
<procstep id="KC02253869">
<title/>
<list1>
<item>
<ptxt>Remove battery #@#@#9#lead
</ptxt>
</item>
</list1>
</procstep>
<procstep id="KC02253870">
<title/>
<list1>
<item>
<ptxt>Remove plug and#@#@#17# pan
</ptxt>
</item>
</list1>
<caution>
<ptxt>The oil may be #@#@#37#ven.
</ptxt>
</caution>
</procstep>
<procstep id="KC02253871">
<title/>
<list1>
<item>
<ptxt>Disconnect HO2S#@#@#16# pan.</ptxt>
</item>
</list1>
</procstep>
<procstep id="KC02253872">
<title>Removing oil pan</title>
<grate>
<graphic id="KC08372832" width="column">
<href>0900c8af806845f#@#@#9#.jpeg</href>
</graphic>
<graphtext>
<list1 enumtype="d" type="unordered">
<item>
<ptxt>Remove fluid di#@#@#10#ews.
</ptxt>
</item>
<item>
<ptxt>Remove pan moun#@#@#7#rews.</ptxt>
</item>
<item>
<ptxt>Tap in the gask#@#@#4#edge
<toolitem id="KC08372833"/> between the tr#@#@#45#ound.</ptxt>
</item>
</list1>
<note>
<ptxt>Take care to av#@#@#21#nge.
</ptxt>
</note>
<caution>
<ptxt>Risk of fluid s#@#@#35#luid.</ptxt>
</caution>
</graphtext>
</grate>
</procstep>
<procstep id="KC02253873">
<title/>
<list1>
<item>
<ptxt>Examine pan for#@#@#13#icles</ptxt>
</item>
<item>
<ptxt>Remove particle#@#@#45#cles.</ptxt>
</item>
<item>
<ptxt>Inspect pan and#@#@#126#sion:</ptxt>
</item>
<list2>
<item>
<ptxt>Steel (magnetic#@#@#31#lates</ptxt>
</item>
<item>
<ptxt>Brass (non-magn#@#@#12#ings
</ptxt>
</item>
</list2>
</list1>
</procstep>
<procstep id="KC02253874">
<title>Removing the oi#@#@#3#creen</title>
<grate>
<graphic id="KC08372834" width="column">
<href>0900c8af8068461#@#@#9#.jpeg</href>
</graphic>
<graphtext>
<list1>
<item>
<ptxt>Remove screen f#@#@#24#ews).</ptxt>
</item>
</list1>
<note>
<ptxt>There may be oi#@#@#63#oved.</ptxt>
</note>
</graphtext>
</grate>
</procstep>
</stepgrp>
<stepgrp id="KC02148074">
<title>Removing contro#@#@#3#ystem</title>
<procstep id="KC02253875">
<title>Removing soleno#@#@#4#ables</title>
<list1>
<item>
<ptxt>Remove screws (#@#@#29#ngth <emph>28 mm.</emph>
</ptxt>
</item>
<item>
<ptxt>Disconnect sole#@#@#19#ur).
</ptxt>
</item>
</list1>
</procstep>
<procstep id="KC02253876">
<title>Removing contro#@#@#11#rews
</title>
<grate>
<graphic id="KC08372835" width="column">
<href>0900c8af8068461#@#@#9#.jpeg</href>
</graphic>
<graphtext>
<list1>
<item>
<ptxt>Slacken 18 rema#@#@#68#6 mm.</ptxt>
</item>
</list1>
</graphtext>
</grate>
</procstep>
<procstep id="KC02253877">
<title>Installing the #@#@#46#valve</title>
<grate>
<graphic id="KC08372836" width="column">
<href>0900c8af8068462#@#@#9#.jpeg</href>
</graphic>
<graphtext>
<list1>
<item>
<ptxt>Remove screws A#@#@#59#ew C.</ptxt>
</item>
<item>
<ptxt>Insert the holder
<toolitem id="KC08372837"/> between the co#@#@#166#rews.</ptxt>
</item>
<item>
<ptxt>Insert the holder
<toolitem id="KC08372838"/> at accumulator#@#@#62#crew.</ptxt>
</item>
<item>
<ptxt>Secure holder i#@#@#11#way.
<toolitem id="KC08372839"/> at check valve#@#@#23#tion)</ptxt>
</item>
</list1>
</graphtext>
</grate>
</procstep>
<procstep id="KC02253878">
<title>Removing contro#@#@#3#ystem</title>
<grate>
<graphic id="KC08372840" width="column">
<href>0900c8af8068462#@#@#9#.jpeg</href>
</graphic>
<graphtext>
<list1>
<item>
<ptxt>Remove remainin#@#@#87#ling.</ptxt>
</item>
<item>
<ptxt>Lift off contro#@#@#4#stem.</ptxt>
</item>
<item>
<ptxt>If the accumula#@#@#25# see
<xref>
<ref id="KC08372841"/>
</xref>.</ptxt>
</item>
<item>
<ptxt>If the shift lo#@#@#24# see
<xref>
<ref id="KC08372842"/>
</xref>.</ptxt>
</item>
<item>
<ptxt>To check/replac#@#@#27# see
<xref>
<ref id="KC08372843"/>
</xref>.
</ptxt>
</item>
</list1>
</graphtext>
</grate>
</procstep>
</stepgrp>
<stepgrp id="KC02148076">
<procstep id="KC02253879">
<title/>
<grate>
<graphic id="KC08372844" width="column">
<href>0900c8af8068461#@#@#9#.jpeg</href>
</graphic>
<graphtext>
<list1>
<item>
<ptxt>Place new contr#@#@#43#osely</ptxt>
</item>
<item>
<ptxt>Seat gear selec#@#@#43#alve.</ptxt>
</item>
<item>
<ptxt>Finger-tighten #@#@#39#tion.</ptxt>
</item>
</list1>
</graphtext>
</grate>
</procstep>
<procstep id="KC02253880">
<title/>
<grate>
<graphic id="KC08372845" width="column">
<href>0900c8af8068461#@#@#9#.jpeg</href>
</graphic>
<graphtext>
<list1>
<item>
<ptxt>Remove accumula#@#@#65#crews</ptxt>
</item>
<item>
<ptxt>Remove the thre#@#@#72#ion.
</ptxt>
</item>
<item>
<ptxt>Secure control #@#@#109#tion.</ptxt>
</item>
<item>
<ptxt>Tighten screws #@#@#77#n to <emph>
10 Nm</emph>.</ptxt>
</item>
</list1>
</graphtext>
</grate>
</procstep>
<procstep id="KC02253881">
<title>Installing the #@#@#49#rness</title>
<grate>
<graphic id="KC08372846" width="column">
<href>0900c8af8068461#@#@#9#.jpeg</href>
</graphic>
<graphtext>
<list1>
<item>
<ptxt>Reconnect the f#@#@#87#noid <emph>SL</emph>.)</ptxt>
</item>
</list1>
<ptxt>Of remaining co#@#@#40#noid <emph>STH</emph> only. Location#@#@#61#oids <emph>S1</emph> and S2.)</ptxt>
<list1>
<item>
<ptxt>Install bracket#@#@#36#ngth <emph>28 mm</emph>.
</ptxt>
</item>
</list1>
</graphtext>
</grate>
</procstep>
<procstep id="KC02253882">
<title/>
<grate>
<graphic id="KC08372847" width="column">
<href>0900c8af806845f#@#@#9#.jpeg</href>
</graphic>
<graphtext>
<list1>
<item>
<ptxt>Clean oil scree#@#@#9#hly.
</ptxt>
</item>
<item>
<ptxt>Inspect screen #@#@#54#unit.</ptxt>
</item>
</list1>
</graphtext>
</grate>
</procstep>
<procstep id="KC02253883">
<title/>
<list1>
<item>
<ptxt>Install oil screen.</ptxt>
</item>
<item>
<ptxt>Tighten screws to
<emph>10 Nm</emph>.</ptxt>
</item>
</list1>
</procstep>
<procstep id="KC02253884">
<title/>
<grate>
<graphic id="KC08372848" width="column">
<href>0900c8af806845f#@#@#9#.jpeg</href>
</graphic>
<graphtext>
<list1>
<item>
<ptxt>Install oil pan.</ptxt>
</item>
<item>
<ptxt>Clean remains o#@#@#70#aper.</ptxt>
</item>
<item>
<ptxt>Clean sealing f#@#@#25#its.
</ptxt>
</item>
<item>
<ptxt>Install particl#@#@#47#ated.</ptxt>
</item>
<item>
<ptxt>Apply liquid se#@#@#160#
P/N <emph>1161409-6</emph>.</ptxt>
</item>
</list1>
</graphtext>
</grate>
</procstep>
<procstep id="KC02253885">
<title/>
<grate>
<graphic id="KC08372849" width="column">
<href>0900c8af806845f#@#@#9#.jpeg</href>
</graphic>
<graphtext>
<list1>
<item>
<ptxt>Install and tig#@#@#30#rews.</ptxt>
</item>
</list1>
<ptxt>Torque tighten to <emph> 7 Nm</emph>.</ptxt>
</graphtext>
</grate>
</procstep>
<procstep id="KC02253886">
<title/>
<list1>
<item>
<ptxt>Clip HO2S lead #@#@#8# pan
</ptxt>
</item>
</list1>
</procstep>
<procstep id="KC02253887">
<title/>
<list1>
<item>
<ptxt>Install drain p#@#@#45#fluid</ptxt>
</item>
<item>
<ptxt>Tighten plug to<emph>
20 Nm</emph>.</ptxt>
</item>
<item>
<ptxt>Fill with new o#@#@#23#tion
<xref>
<ref id="KC08372850"/>
</xref>.</ptxt>
</item>
<item>
<ptxt>Reconnect batte#@#@#12#lead.</ptxt>
</item>
</list1>
</procstep>
<procstep id="KC02253888">
<title>Finishing</title>
<list1>
<item>
<ptxt>After repair ch#@#@#67#pair.</ptxt>
</item>
</list1>
</procstep>
</stepgrp>
</procedure>
</servinfosub>