<?xml version="1.0" encoding="UTF-8"?><servinfosub IE-ID="en-US0900c8af8664c604" docno="VCC-468513" id="nev20249068n1" xml:lang="en-US">
<title>
<phrase category="Title" id="nev20249068n2" phrase-urn="urn:x-nevis:phrase:0800c8af81eb9a54">Diagnostic trou#@#@#21#ation</phrase>
<phrase category="Prefix" id="nev20249068n3" phrase-urn="urn:x-nevis:phrase:0800c8af8015c3f5">ECM</phrase>-P065200</title>
<diagnostic j2008use="1" paperuse="1" screenuse="1" type="condition">
<condgrp>
<condition type="condition">
<grate>
<graphic id="nev20249068n4">
<href>0900c8af862feae#@#@#11#.jpeg</href>
</graphic>
<graphtext>
<para>
<ptxt>
<phrase category="" id="nev20249068n5" phrase-urn="urn:x-nevis:phrase:0800c8af823e74ea">Engine control #@#@#61#eed. </phrase>
<phrase category="Faulttracing" id="nev20249068n6" phrase-urn="urn:x-nevis:phrase:0800c8af86128728">This 5-volt sup#@#@#156#nsor.</phrase>
</ptxt>
</para>
<para id="nev20249068n7">
<ptxt id="nev20249068n8">
<phrase category="Condition" id="nev20249068n9" phrase-urn="urn:x-nevis:phrase:0800c8af82c4843c">The diagnostic #@#@#59#that:</phrase>
</ptxt>
</para>
<list1 id="nev20249068n10">
<item id="nev20249069n1">
<ptxt id="nev20249069n2">
<phrase category="Condition" id="nev21625580n1" phrase-urn="urn:x-nevis:phrase:0800c8af834d7f7a">The voltage is #@#@#3# low.</phrase>
</ptxt>
</item>
</list1>
<hint id="nev21631102n100">
<ptxt id="nev21631102n99">
<phrase category="Faulttracing" id="nev21631103n1" phrase-urn="urn:x-nevis:phrase:0800c8af86655ffc">The Engine Cont#@#@#188#code.</phrase>
</ptxt>
</hint>
<para id="nev20249069n7">
<ptxt id="nev20249069n8">
<phrase category="Condition" id="nev20249069n9" phrase-urn="urn:x-nevis:phrase:0800c8af82c479d6">The control mod#@#@#67#t of:</phrase>
</ptxt>
</para>
<list1 id="nev20249069n10">
<item id="nev20249070n1">
<ptxt id="nev20249070n2">
<phrase category="Condition" id="nev20249070n3" phrase-urn="urn:x-nevis:phrase:0800c8af83023a3b">Engine running.</phrase>
</ptxt>
</item>
<item id="nev20249070n4">
<ptxt id="nev20249070n5">
<phrase category="Condition" id="nev20249070n6" phrase-urn="urn:x-nevis:phrase:0800c8af83696f0f">Battery voltage#@#@#15#.5 V.</phrase>
</ptxt>
</item>
</list1>
<note id="nev20602622n100">
<ptxt id="nev20602622n99">
<phrase category="Condition" id="nev20602624n1" phrase-urn="urn:x-nevis:phrase:0800c8af82c4844b">The control mod#@#@#132# met.</phrase>
</ptxt>
</note>
</graphtext>
</grate>
</condition>
</condgrp>
<condgrp>
<condition type="substitution">
<list1 enumtype="d" type="unordered">
<item>
<ptxt>
<phrase category="" id="nev20249070n7" phrase-urn="urn:x-nevis:phrase:0800c8af823e74ed">Nothing</phrase>
</ptxt>
</item>
</list1>
</condition>
<ps>
<list1 enumtype="d" type="unordered">
<item>
<ptxt>
<phrase category="" id="nev20249070n9" phrase-urn="urn:x-nevis:phrase:0800c8af823e74f1">Damaged engine #@#@#16#ECM).</phrase>
</ptxt>
</item>
</list1>
</ps>
</condgrp>
<condgrp>
<condition type="symptom">
<list1 enumtype="d" type="unordered">
<item>
<ptxt>
<phrase category="Symptom CSC" id="nev20609981n1" phrase-urn="urn:x-nevis:phrase:0800c8af8388f076">DL, Warning lig#@#@#85#ation</phrase>
</ptxt>
</item>
<item id="nev21212633n100">
<ptxt id="nev21212633n99">
<phrase category="Symptom CSC" id="nev21212634n1" phrase-urn="urn:x-nevis:phrase:0800c8af8388f00d">AA, Starting/En#@#@#27#turns</phrase>
</ptxt>
</item>
<item id="nev21212633n98">
<ptxt id="nev21212633n97">
<phrase category="Symptom CSC" id="nev21212635n1" phrase-urn="urn:x-nevis:phrase:0800c8af8388f00f">AB, Starting/En#@#@#52#times</phrase>
</ptxt>
</item>
<item id="nev21212633n94">
<ptxt id="nev21212633n93">
<phrase category="Symptom CSC" id="nev21212636n1" phrase-urn="urn:x-nevis:phrase:0800c8af8388f029">AE, Idling/Unev#@#@#2# idle</phrase>
</ptxt>
</item>
</list1>
</condition>
</condgrp>
</diagnostic>
</servinfosub>