<?xml version="1.0" encoding="UTF-8"?><servinfosub IE-ID="en-US0900c8af80631604" docno="VCC-020897" id="KC02036006" xml:lang="en-US">
<title>
<phrase category="" id="KC08291135" phrase-urn="urn:x-nevis:phrase:0800c8af81db7b25">      Starting #@#@#5#ngine</phrase>
</title>
<diagnostic type="test">
<testgrp IE-ID="en-US0900c8af80631604_KC02307056" id="KC02307056" testgrp-id="lb1">
<title>
<phrase category="" id="KC08291136" phrase-urn="urn:x-nevis:phrase:0800c8af81db7b26">      Starting #@#@#5#ngine</phrase>
</title>
<node>
<test1>
<diaglist>
<dgraphic>
<dgraphic1>
<graphic id="KC08291137">
<href>0900c8af80054d5#@#@#9#.jpeg</href>
</graphic>
</dgraphic1>
</dgraphic>
</diaglist>
<test2>
<diaglist>
<ditem>
<ptxt>
<phrase category="" id="KC08291138" phrase-urn="urn:x-nevis:phrase:0800c8af81db7b27">Try to start engine.</phrase>
</ptxt>
</ditem>
</diaglist>
</test2>
</test1>
<question>Does the engine#@#@#2#tart?</question>
<resact-grp>
<result button="yes" comp="button"/>
<action j2008use="0" paperuse="1" screenuse="0">
<ptxt>Select
the comm#@#@#17# per <xref>
<ref id="KC08291139"/>
</xref>.</ptxt>
</action>
<action j2008use="1" paperuse="0" screenuse="1">
<return value="FAULT NOT FOUND"/>
</action>
</resact-grp>
<resact-grp>
<result button="no" comp="button"/>
<action j2008use="0" paperuse="1" screenuse="0">
<ptxt>Check
the fuse #@#@#2# per <xref>
<ref id="KC08291140"/>
</xref>.</ptxt>
</action>
<action j2008use="1" paperuse="0" screenuse="1">
<return value="FAULT FOUND"/>
</action>
</resact-grp>
</node>
</testgrp>
</diagnostic>
</servinfosub>