<?xml version="1.0" encoding="UTF-8"?><servinfosub IE-ID="en-US0900c8af84ede604" docno="VCC-413858" id="nev15513194n1" xml:lang="en-US">
<title>
<phrase category="Title" id="nev15513194n2" phrase-urn="urn:x-nevis:phrase:0800c8af81eb9a54">Diagnostic trou#@#@#21#ation</phrase>
<phrase category="Prefix" id="nev15513194n3" phrase-urn="urn:x-nevis:phrase:0800c8af8015c3f5">ECM</phrase>-P025400</title>
<diagnostic j2008use="1" paperuse="1" screenuse="1" type="condition">
<condgrp>
<condition type="condition">
<para id="nev15513194n4">
<ptxt id="nev15513194n5">
<phrase category="Condition" id="nev15513194n6" phrase-urn="urn:x-nevis:phrase:0800c8af8277525d">The engine cont#@#@#67#tion.</phrase>
</ptxt>
</para>
<para id="nev15513194n7">
<ptxt id="nev15513194n8">
<phrase category="Condition" id="nev15513194n9" phrase-urn="urn:x-nevis:phrase:0800c8af82c4843c">The diagnostic #@#@#59#that:</phrase>
</ptxt>
</para>
<list1 id="nev15513194n10">
<item id="nev15513195n1">
<ptxt id="nev15513195n2">
<phrase category="Condition" id="nev15513195n3" phrase-urn="urn:x-nevis:phrase:0800c8af845c3650">The PWM signal,#@#@#55#rect.</phrase>
</ptxt>
</item>
</list1>
<para id="nev15513195n4">
<ptxt id="nev15513195n5">
<phrase category="Condition" id="nev15513195n6" phrase-urn="urn:x-nevis:phrase:0800c8af82c479d6">The control mod#@#@#67#t of:</phrase>
</ptxt>
</para>
<list1 id="nev15513195n7">
<item id="nev15513195n8">
<ptxt id="nev15513195n9">
<phrase category="Condition" id="nev15513220n1" phrase-urn="urn:x-nevis:phrase:0800c8af82c47c8e">Ignition switch#@#@#8#n II.</phrase>
</ptxt>
</item>
</list1>
<note id="nev15513196n1">
<ptxt id="nev15513196n2">
<phrase category="Condition" id="nev15513196n3" phrase-urn="urn:x-nevis:phrase:0800c8af82c4844b">The control mod#@#@#132# met.</phrase>
</ptxt>
</note>
<grate>
<graphic id="nev15513196n4">
<href>0900c8af845c376#@#@#9#.jpeg</href>
</graphic>
</grate>
</condition>
</condgrp>
<condgrp>
<condition type="substitution">
<list1 enumtype="d" type="unordered">
<item>
<ptxt>
<phrase category="Substitution" id="nev15513219n1" phrase-urn="urn:x-nevis:phrase:0800c8af81eb9984">None.</phrase>
</ptxt>
</item>
</list1>
</condition>
<ps>
<list1 enumtype="d" type="unordered">
<item id="nev15513217n100">
<ptxt id="nev15513217n99">
<phrase category="Possible source" id="nev15513218n1" phrase-urn="urn:x-nevis:phrase:0800c8af81eb9604">Contact resista#@#@#29#nals.</phrase>
</ptxt>
</item>
<item>
<ptxt>
<phrase category="" id="nev15513196n6" phrase-urn="urn:x-nevis:phrase:0800c8af823db0fe">The signal cabl#@#@#27#tage.</phrase>
</ptxt>
</item>
<item>
<ptxt>
<phrase category="Possible source" id="nev15513196n7" phrase-urn="urn:x-nevis:phrase:0800c8af827521ba">Damaged fuel fl#@#@#12#alve.</phrase>
</ptxt>
</item>
</list1>
</ps>
</condgrp>
<condgrp>
<condition type="symptom">
<list1 enumtype="d" type="unordered">
<item>
<ptxt>
<phrase category="Symptom CSC" id="nev15513196n8" phrase-urn="urn:x-nevis:phrase:0800c8af84004ee5">1Q, Driving/Poo#@#@#32#e off</phrase>
</ptxt>
</item>
<item id="nev15513196n9">
<ptxt id="nev15513196n10">
<phrase category="Symptom CSC" id="nev15513197n1" phrase-urn="urn:x-nevis:phrase:0800c8af8388f019">AJ, Driving/Poo#@#@#20#power</phrase>
</ptxt>
</item>
<item id="nev15513197n2">
<ptxt id="nev15513197n3">
<phrase category="Symptom CSC" id="nev15513197n4" phrase-urn="urn:x-nevis:phrase:0800c8af8388f021">AK, Driving/Hes#@#@#33#times</phrase>
</ptxt>
</item>
<item id="nev15513197n5">
<ptxt id="nev15513197n6">
<phrase category="Symptom CSC" id="nev15513197n7" phrase-urn="urn:x-nevis:phrase:0800c8af8388f01b">AL, Driving/Hes#@#@#28#ation</phrase>
</ptxt>
</item>
<item id="nev15513197n8">
<ptxt id="nev15513197n9">
<phrase category="Symptom CSC" id="nev15513197n10" phrase-urn="urn:x-nevis:phrase:0800c8af8388f01f">AM, Driving/Hes#@#@#28#ation</phrase>
</ptxt>
</item>
<item id="nev15513198n1">
<ptxt id="nev15513198n2">
<phrase category="Symptom CSC" id="nev15513198n3" phrase-urn="urn:x-nevis:phrase:0800c8af8388eff8">BV, Driving/Hes#@#@#24#speed</phrase>
</ptxt>
</item>
</list1>
</condition>
</condgrp>
</diagnostic>
</servinfosub>