<?xml version="1.0" encoding="UTF-8"?><servinfosub IE-ID="en-US0900c8af800e1604" docno="VCC-104583" id="KC01170715" xml:lang="en-US">
<title>
<phrase category="" id="KC06046726" phrase-urn="urn:x-nevis:phrase:0800c8af8172d872">Checking the do#@#@#14#ction</phrase>
</title>
<diagnostic j2008use="1" paperuse="1" screenuse="1" type="test">
<testgrp IE-ID="en-US0900c8af800e1604_KC01186525" id="KC01186525" j2008use="1" paperuse="1" resumable="1" screenuse="1" testgrp-id="a1" x="120" y="80">
<title>
<phrase category="" id="KC06046727" phrase-urn="urn:x-nevis:phrase:0800c8af8172d873">Question</phrase>
</title>
<node>
<test1>
<test2>
<para>
<ptxt>
<phrase category="" id="KC06046728" phrase-urn="urn:x-nevis:phrase:0800c8af8172d876">Which door has #@#@#7#blem?</phrase>
</ptxt>
</para>
<list1 enumtype="n" type="unordered">
<item>
<ptxt>
<phrase category="" id="KC06046729" phrase-urn="urn:x-nevis:phrase:0800c8af8172d87b">Driver door.</phrase>
</ptxt>
</item>
<item>
<ptxt>
<phrase category="" id="KC06046730" phrase-urn="urn:x-nevis:phrase:0800c8af8172d87d">Passenger door.</phrase>
</ptxt>
</item>
<item>
<ptxt>
<phrase category="" id="KC06046731" phrase-urn="urn:x-nevis:phrase:0800c8af8172d87e">Rear left door.</phrase>
</ptxt>
</item>
<item>
<ptxt>
<phrase category="" id="KC06046732" phrase-urn="urn:x-nevis:phrase:0800c8af8172d87f">Rear right door.</phrase>
</ptxt>
</item>
</list1>
</test2>
</test1>
<question>Choose the corr#@#@#17#bove.</question>
<resact-grp>
<result button="text" comp="button" highlight="0" text="1"/>
<action j2008use="1" paperuse="1" screenuse="1">
<ptxt>
<xref>
<ref id="KC06046733"/>
</xref>
</ptxt>
</action>
</resact-grp>
<resact-grp>
<result button="text" comp="button" highlight="0" text="2"/>
<action j2008use="1" paperuse="1" screenuse="1">
<ptxt>
<xref>
<ref id="KC06046734"/>
</xref>
</ptxt>
</action>
</resact-grp>
<resact-grp>
<result button="text" comp="button" highlight="0" text="3"/>
<action j2008use="1" paperuse="1" screenuse="1">
<ptxt>
<xref>
<ref id="KC06046735"/>
</xref>
</ptxt>
</action>
</resact-grp>
<resact-grp>
<result button="text" comp="button" highlight="0" text="4"/>
<action j2008use="1" paperuse="1" screenuse="1">
<ptxt>
<xref>
<ref id="KC06046736"/>
</xref>
</ptxt>
</action>
</resact-grp>
</node>
</testgrp>
<testgrp id="KC01186526" j2008use="1" paperuse="1" resumable="1" screenuse="1" testgrp-id="a2" x="120" y="160">
<title>
<phrase category="" id="KC06046737" phrase-urn="urn:x-nevis:phrase:0800c8af8172d880">Driver door</phrase>
</title>
<subcalloutnode>
<diagcallout>
<xref>
<ref id="KC06046738"/>
</xref>
</diagcallout>
<rescall-grp>
<result comp="string" highlight="0" op="eq" return="FAULT FOUND"/>
<calloutaction>
<return value="FAULT FOUND"/>
</calloutaction>
</rescall-grp>
</subcalloutnode>
</testgrp>
<testgrp id="KC01186527" j2008use="1" paperuse="1" resumable="1" screenuse="1" testgrp-id="a3" x="120" y="160">
<title>
<phrase category="" id="KC06046739" phrase-urn="urn:x-nevis:phrase:0800c8af8172d883">Passenger door</phrase>
</title>
<subcalloutnode>
<diagcallout>
<xref>
<ref id="KC06046740"/>
</xref>
</diagcallout>
<rescall-grp>
<result comp="string" highlight="0" op="eq" return="FAULT FOUND"/>
<calloutaction>
<return value="FAULT FOUND"/>
</calloutaction>
</rescall-grp>
</subcalloutnode>
</testgrp>
<testgrp id="KC01186528" j2008use="1" paperuse="1" resumable="1" screenuse="1" testgrp-id="a4" x="120" y="160">
<title>
<phrase category="" id="KC06046741" phrase-urn="urn:x-nevis:phrase:0800c8af8172d884">Rear left door</phrase>
</title>
<subcalloutnode>
<diagcallout>
<xref>
<ref id="KC06046742"/>
</xref>
</diagcallout>
<rescall-grp>
<result comp="string" highlight="0" op="eq" return="FAULT FOUND"/>
<calloutaction>
<return value="FAULT FOUND"/>
</calloutaction>
</rescall-grp>
</subcalloutnode>
</testgrp>
<testgrp id="KC01186529" j2008use="1" paperuse="1" resumable="1" screenuse="1" testgrp-id="a5" x="120" y="160">
<title>
<phrase category="" id="KC06046743" phrase-urn="urn:x-nevis:phrase:0800c8af8172d885">Rear right door</phrase>
</title>
<subcalloutnode>
<diagcallout>
<xref>
<ref id="KC06046744"/>
</xref>
</diagcallout>
<rescall-grp>
<result comp="string" highlight="0" op="eq" return="FAULT FOUND"/>
<calloutaction>
<return value="FAULT FOUND"/>
</calloutaction>
</rescall-grp>
</subcalloutnode>
</testgrp>
</diagnostic>
</servinfosub>