<?xml version="1.0" encoding="UTF-8"?><script xmlns:nevis="http://www.volvocars.com/namespaces/processing" xmlns:xlink="http://www.w3.org/1999/xlink" IE-ID="en-US0900c8af81d54502" docno="VCC-235589" id="nev10098201n1" nevis:expl-profile="mdl544yr2004eng166, mdl545yr2004eng166, mdl544yr2004eng177, mdl545yr2004eng177, mdl544yr2005eng166, mdl544yr2005eng177, mdl545yr2005eng166, mdl545yr2005eng177, mdl544yr2006eng177, mdl544yr2006eng166, mdl545yr2006eng177, mdl545yr2006eng166, mdl544yr2007eng166, mdl545yr2007eng166, mdl533yr2007eng166, mdl544yr2008eng166, mdl545yr2008eng166, mdl533yr2008eng166, mdl542yr2008eng166, mdl533yr2009eng166, mdl544yr2009eng166, mdl545yr2009eng166, mdl542yr2009eng166, mdl544yr2010eng166, mdl545yr2010eng166, mdl542yr2010eng166, mdl533yr2010eng166" nevis:profile="urn:x-nevis:profile:0b00c8af80c4b3c9 urn:x-nevis:profile:0b00c8af80c4b3cb urn:x-nevis:profile:0b00c8af8122e100 urn:x-nevis:profile:0b00c8af8122e105 urn:x-nevis:profile:0b00c8af81320255 urn:x-nevis:profile:0b00c8af8132025a urn:x-nevis:profile:0b00c8af8132025c urn:x-nevis:profile:0b00c8af8132025d urn:x-nevis:profile:0b00c8af82475ed2 urn:x-nevis:profile:0b00c8af82475ee0 urn:x-nevis:profile:0b00c8af82476355 urn:x-nevis:profile:0b00c8af8247636d urn:x-nevis:profile:0b00c8af82e5d03b urn:x-nevis:profile:0b00c8af82e5d367 urn:x-nevis:profile:0b00c8af83597193 urn:x-nevis:profile:0b00c8af839eaa67 urn:x-nevis:profile:0b00c8af839ead15 urn:x-nevis:profile:0b00c8af83aff6b5 urn:x-nevis:profile:0b00c8af83affa4d urn:x-nevis:profile:0b00c8af83f19e6a urn:x-nevis:profile:0b00c8af83f1a522 urn:x-nevis:profile:0b00c8af83f1a8e3 urn:x-nevis:profile:0b00c8af83f1adac urn:x-nevis:profile:0b00c8af8414dfba urn:x-nevis:profile:0b00c8af8414e28a urn:x-nevis:profile:0b00c8af841550a5 urn:x-nevis:profile:0b00c8af841552c3" nevis:projectdocument="urn:x-nevis:projectdocument:0800c8af81d54501" nevis:resource="0900c8af81d55ccd" nevis:resource2="urn:x-nevis:fragment:0900c8af81d54502:0900c8af81d55ccd#nev10098201n1" nevis:session-id="" qualifierinfotype="14:00" type="" xml:lang="en-US"><title>Read sensor sup#@#@#5# DW10</title><content gui="1" height="150" id="nev10098202n1-nev10098201n3" nevis:expl-profile="mdl544yr2004eng166, mdl545yr2004eng166, mdl544yr2004eng177, mdl545yr2004eng177, mdl544yr2005eng166, mdl544yr2005eng177, mdl545yr2005eng166, mdl545yr2005eng177, mdl544yr2006eng177, mdl544yr2006eng166, mdl545yr2006eng177, mdl545yr2006eng166, mdl544yr2007eng166, mdl545yr2007eng166, mdl533yr2007eng166, mdl544yr2008eng166, mdl545yr2008eng166, mdl533yr2008eng166, mdl542yr2008eng166, mdl533yr2009eng166, mdl544yr2009eng166, mdl545yr2009eng166, mdl542yr2009eng166, mdl544yr2010eng166, mdl545yr2010eng166, mdl542yr2010eng166, mdl533yr2010eng166" nevis:idfrom="nev10098202n1" nevis:prefix="nev10098202n1" nevis:profile="urn:x-nevis:profile:0b00c8af80c4b3c9 urn:x-nevis:profile:0b00c8af80c4b3cb urn:x-nevis:profile:0b00c8af8122e100 urn:x-nevis:profile:0b00c8af8122e105 urn:x-nevis:profile:0b00c8af81320255 urn:x-nevis:profile:0b00c8af8132025a urn:x-nevis:profile:0b00c8af8132025c urn:x-nevis:profile:0b00c8af8132025d urn:x-nevis:profile:0b00c8af82475ed2 urn:x-nevis:profile:0b00c8af82475ee0 urn:x-nevis:profile:0b00c8af82476355 urn:x-nevis:profile:0b00c8af8247636d urn:x-nevis:profile:0b00c8af82e5d03b urn:x-nevis:profile:0b00c8af82e5d367 urn:x-nevis:profile:0b00c8af83597193 urn:x-nevis:profile:0b00c8af839eaa67 urn:x-nevis:profile:0b00c8af839ead15 urn:x-nevis:profile:0b00c8af83aff6b5 urn:x-nevis:profile:0b00c8af83affa4d urn:x-nevis:profile:0b00c8af83f19e6a urn:x-nevis:profile:0b00c8af83f1a522 urn:x-nevis:profile:0b00c8af83f1a8e3 urn:x-nevis:profile:0b00c8af83f1adac urn:x-nevis:profile:0b00c8af8414dfba urn:x-nevis:profile:0b00c8af8414e28a urn:x-nevis:profile:0b00c8af841550a5 urn:x-nevis:profile:0b00c8af841552c3" nevis:resource="0900c8af81d55ccb" nevis:resource2="urn:x-nevis:fragment:0900c8af81d54502:0900c8af81d55ccb#nev10098201n3" width="400" xml:lang="en-US"><nodes id="nev10098202n1-nev10101088n1"><node class="Components.StartNode" id="nev10098202n1-nev10101089n1" nodeid="Start" x="17" y="58"/><node class="Components.Gui.ParameterLabel" id="nev10098202n1-nev10101090n1" nodeid="ParameterLabel1" x="506" y="64"><gui height="70" id="nev10098202n1-nev10101091n1" width="380" x="10" y="10"/><property class="Parameter" id="nev10098202n1-nev10101092n1" name="Parameter" type="In" value="" visible="1"/><property class="String" id="nev10098202n1-nev10101093n1" name="Title" type="In" value="" visible="1"/><property class="String" id="nev10098202n1-nev10101094n1" name="Value" type="In" value="" visible="1"/><property class="String" id="nev10098202n1-nev10101095n1" name="Unit" type="In" value="" visible="1"/></node><node class="Components.ScriptComponent" id="nev10098202n1-nev10101096n1" nodeid="ScriptComponent1" x="317" y="253"/><node class="Components.ScriptButton" id="nev10098202n1-nev10101097n1" nodeid="ScriptButton1" x="141" y="223"><gui height="30" id="nev10098202n1-nev10101098n1" width="110" x="280" y="100"/><property class="String" id="nev10098202n1-nev10101099n1" name="Text" type="In" value="Hide" visible="0"/><property class="String" id="nev10098202n1-nev10101100n1" name="StartDisabled" type="Internal" value="false" visible="1"/><extension id="nev10098202n1-nev10101101n1"><phrase category="Faulttracing" id="nev10098202n1-nev10100752n1" phrase-urn="urn:x-nevis:phrase:0800c8af81b6b138">Hide</phrase></extension></node><node class="Components.IdentifierComponent" id="nev10098202n1-nev10101102n1" nodeid="IdentifierComponent1" x="327" y="34"><property class="Parameter" id="nev10098202n1-nev10101103n1" name="Sensor voltage supply 2" type="Out" value="" visible="1"/><extension id="nev10098202n1-nev10101104n1"><identifier ecu="284101" ecuMode="EcuType" id="nev10098202n1-nev10101105n1" read="4" type="REID" value="C91A"><parameter id="nev10098202n1-nev10101106n1" name="Sensor voltage supply 2" textid="62959"/></identifier></extension></node><node class="Components.Repeater" id="nev10098202n1-nev10101107n1" nodeid="Repeater1" x="145" y="102"/></nodes><handlers id="nev10098202n1-nev10101108n1"><eventhandler id="nev10098202n1-nev10101109n1" name="OnStart" node="Start"><call id="nev10098202n1-nev10101110n1" method="UpdateTitles" node="IdentifierComponent1"/><call id="nev10098202n1-nev10101111n1" method="Start" node="Repeater1"/></eventhandler><eventhandler id="nev10098202n1-nev10101112n1" name="Click" node="ScriptButton1"><call id="nev10098202n1-nev10101113n1" method="CloseDialog" node="ScriptComponent1"/></eventhandler><eventhandler id="nev10098202n1-nev10101114n1" name="OnRepeat" node="Repeater1"><call id="nev10098202n1-nev10101115n1" method="Read" node="IdentifierComponent1"/></eventhandler><propertyhandler id="nev10098202n1-nev10101116n1" name="Sensor voltage supply 2" node="IdentifierComponent1"><set id="nev10098202n1-nev10101117n1" node="ParameterLabel1" property="Parameter"/></propertyhandler></handlers></content></script>