<?xml version="1.0" encoding="UTF-8"?><i2 IE-ID="en-US0900c8af85391502" docno="VCC-429181" id="nev16869462n1" original="sv-SE" xml:lang="en-US">
<frontm id="nev16869464n1-nev16869751n29">
<prolog>
<tpnbr>6815345</tpnbr>
</prolog>
<titlep id="nev16869464n1-nev16869751n28">
<title id="nev16869462n2">Decor panel, door</title>
</titlep>
<preface id="nev16869464n1-nev16869751n23">
<toolpics id="nev16869464n1-nev16869751n21">
<title id="nev16869464n1-0800c8af84f6831f">Equipment</title>
<i2graphic id="nev16869464n1-nev16869751n77">
<href>0900c8af83557dc#@#@#9#.jpeg</href>
</i2graphic>
</toolpics>
<kitpics id="nev16869464n1-nev16869751n22">
<title id="nev16869464n1-0800c8af84f6835a">Component overview</title>
<i2graphic id="nev16869464n1-nev16869751n80">
<href>0900c8af834de40#@#@#11#.jpeg</href>
</i2graphic>
</kitpics>
</preface>
</frontm>
<body id="nev16869464n1-nev16869751n30">
<servinfosub docno="VCC-429181" id="nev16869464n1-nev16869462n1" original="sv-SE" servinfosubId="nev16869464n1-nev16869462n4" servinfosubRes="0900c8af85391510" servinfosubRes2="urn:x-nevis:fragment:0900c8af85391502:0900c8af85391510#nev16869462n4">
<operationnumbers>
<operationnumber>88126</operationnumber>
</operationnumbers>
<procedure id="nev16869464n1-nev16869751n76">
<stepgrp boilerplate="false" context="" id="nev16869464n1-nev16869751n20">
<title id="nev16869464n1-0800c8af84f682f9">Information</title>
<procstep id="nev16869464n1-nev16869741n92">
<list1 enumtype="b" id="nev13396149n248" type="unordered">
<item id="nev13396149n246">
<ptxt id="nev13396149n244">  Read through #@#@#48#tion.</ptxt>
</item>
<item id="nev13396149n240">
<ptxt id="nev13396149n238">Notifications a#@#@#99#tion.</ptxt>
</item>
<item id="nev13396149n236">
<ptxt id="nev13396149n234">Ensure that all#@#@#72#tion.</ptxt>
</item>
<item id="nev13396149n232">
<ptxt id="nev13396149n230">Certain steps i#@#@#114#teps.</ptxt>
</item>
<item id="nev13396149n228">
<ptxt id="nev13396149n226">In the event of#@#@#81#aler.</ptxt>
</item>
</list1>
</procstep>
</stepgrp>
<stepgrp boilerplate="false" context="" id="nev16869464n1-nev16869751n17">
<title id="nev16869464n1-0800c8af844a46f6">Removal</title>
<procstep id="nev16869464n1-nev16869743n96">
<grate id="nev16869464n1-nev16869751n68">
<graphic id="nev16869464n1-nev16869751n69">
<href>0900c8af8351ad5#@#@#9#.jpeg</href>
</graphic>
</grate>
</procstep>
<procstep id="nev16869464n1-nev16869743n43">
<grate id="nev16869464n1-nev16869751n15">
<graphic id="nev16869464n1-nev16869751n16">
<href>0900c8af834de42#@#@#9#.jpeg</href>
</graphic>
</grate>
</procstep>
</stepgrp>
<stepgrp boilerplate="false" context="" id="nev16869464n1-nev16869751n14">
<title id="nev16869464n1-0800c8af84fbdb3d">Accessory insta#@#@#2#ation</title>
<procstep id="nev16869464n1-nev16869745n76">
<grate id="nev16869464n1-nev16869751n64">
<graphic id="nev16869464n1-nev16869751n65">
<href>0900c8af834de43#@#@#9#.jpeg</href>
</graphic>
</grate>
</procstep>
</stepgrp>
<stepgrp boilerplate="false" context="" id="nev16869464n1-nev16869751n13">
<title id="nev16869464n1-0800c8af844a46f6">Removal</title>
<procstep id="nev16869464n1-nev16869746n24">
<grate id="nev16869464n1-nev16869751n61">
<graphic id="nev16869464n1-nev16869751n62">
<href>0900c8af82ce959#@#@#9#.jpeg</href>
</graphic>
</grate>
</procstep>
<procstep id="nev16869464n1-nev16869747n54">
<grate id="nev16869464n1-nev16869751n59">
<graphic id="nev16869464n1-nev16869751n60">
<href>0900c8af834de43#@#@#9#.jpeg</href>
</graphic>
</grate>
</procstep>
</stepgrp>
<stepgrp boilerplate="false" context="" id="nev16869464n1-nev16869751n12">
<title id="nev16869464n1-0800c8af84fbdb3d">Accessory insta#@#@#2#ation</title>
<procstep id="nev16869464n1-nev16869748n10">
<grate id="nev16869464n1-nev16869751n56">
<graphic id="nev16869464n1-nev16869751n57">
<href>0900c8af834de44#@#@#9#.jpeg</href>
</graphic>
</grate>
</procstep>
</stepgrp>
</procedure>
<kitnumbers>
<kitnumber>1286357</kitnumber>
<kitnumber>1286358</kitnumber>
<kitnumber>31414977</kitnumber>
<kitnumber>31414971</kitnumber>
<kitnumber>31401807</kitnumber>
</kitnumbers>
</servinfosub>
</body>
</i2>