<?xml version="1.0" encoding="UTF-8"?><servinfosub IE-ID="en-US0900c8af80676502" docno="VCC-025287" id="KC02033641" xml:lang="en-US">
<title>
<phrase category="" id="KC08327425" phrase-urn="urn:x-nevis:phrase:0800c8af81dbc0d3">Short-circuit t#@#@#12#ltage</phrase>
</title>
<diagnostic type="test">
<testgrp IE-ID="en-US0900c8af80676502_KC02279672" id="KC02279672" j2008use="1" paperuse="1" screenuse="1" testgrp-id="ebh1" x="160" y="80">
<title>
<phrase category="" id="KC08327426" phrase-urn="urn:x-nevis:phrase:0800c8af81dbc0d4">      Checking #@#@#6#id SL</phrase>
</title>
<node>
<test1>
<diaglist>
<dgraphic>
<dgraphic1>
<graphic id="KC08327427">
<href>0900c8af80054d5#@#@#9#.jpeg</href>
</graphic>
</dgraphic1>
</dgraphic>
<ditem>
<ptxt>
<phrase category="" id="KC08327428" phrase-urn="urn:x-nevis:phrase:0800c8af81dbc0d5">      Ignition on</phrase>
</ptxt>
</ditem>
<ditem>
<ptxt>
<phrase category="" id="KC08327429" phrase-urn="urn:x-nevis:phrase:0800c8af81dbc0d6">      Move gear#@#@#19#on P.</phrase>
</ptxt>
</ditem>
</diaglist>
<test2>
<diaglist>
<dgraphic>
<dgraphic2>
<graphic id="KC08327430">
<href>0900c8af8005433#@#@#9#.jpeg</href>
</graphic>
<smarttool active="press" id="KC08327431" toolname="EA31D46"/>
</dgraphic2>
</dgraphic>
<ditem>
<ditemtext>
<ptxt>
<phrase category="" id="KC08327432" phrase-urn="urn:x-nevis:phrase:0800c8af81dbc0d7">      Check sol#@#@#89#ting.</phrase>
</ptxt>
<note>
<ptxt>
<phrase category="" id="KC08327433" phrase-urn="urn:x-nevis:phrase:0800c8af81dbc0d8">It takes approx#@#@#47#ated.</phrase>
</ptxt>
</note>
</ditemtext>
</ditem>
</diaglist>
<grate>
<graphic id="KC08327434">
<href>0900c8af805d9a9#@#@#9#.jpeg</href>
</graphic>
</grate>
</test2>
</test1>
<question>Is solenoid working?</question>
<resact-grp>
<result button="yes" comp="button" highlight="0"/>
<action j2008use="1" paperuse="1" screenuse="1">
<ptxt>
<xref>
<ref id="KC08327435"/>
</xref>
</ptxt>
</action>
</resact-grp>
<resact-grp>
<result button="no" comp="button" highlight="0"/>
<action j2008use="0" paperuse="1" screenuse="0">
<ptxt>
Check cable be#@#@#94#g to
<xref>
<ref id="KC08327436"/>
</xref>.</ptxt>
</action>
<action j2008use="1" paperuse="0" screenuse="1">
<ptxt>
<xref>
<ref id="KC08327437"/>
</xref>
</ptxt>
</action>
</resact-grp>
</node>
</testgrp>
<testgrp id="KC02279673" j2008use="1" paperuse="0" screenuse="1" testgrp-id="ebh1-1" x="320" y="80">
<title>
<phrase category="" id="KC08327438" phrase-urn="urn:x-nevis:phrase:0800c8af81dbc0d9">Checking for a #@#@#8#rcuit</phrase>
</title>
<node>
<test1>
<test2>
<diaglist>
<dgraphic>
<dgraphic2>
<graphic id="KC08327439">
<href>0900c8af80054d4#@#@#9#.jpeg</href>
</graphic>
<smarttool active="press" id="KC08327440" toolname="ODAH"/>
</dgraphic2>
</dgraphic>
<ditem>
<ditemtext>
<ptxt>
<phrase category="" id="KC08327441" phrase-urn="urn:x-nevis:phrase:0800c8af81dbc0da">      Check cab#@#@#117#g to <xref>
<ref id="KC08327442"/>
</xref>.</phrase>
</ptxt>
</ditemtext>
</ditem>
</diaglist>
<grate>
<graphic id="KC08327443">
<href>0900c8af800570c#@#@#9#.jpeg</href>
</graphic>
</grate>
</test2>
</test1>
<question>Select "Continu#@#@#32#ied.
</question>
<resact-grp>
<result button="cont" comp="button" highlight="0"/>
<action j2008use="1" paperuse="0" screenuse="1">
<ptxt>
<xref>
<ref id="KC08327444"/>
</xref>
</ptxt>
</action>
</resact-grp>
</node>
</testgrp>
<testgrp id="KC02279674" j2008use="1" paperuse="1" screenuse="1" testgrp-id="intermittent" x="160" y="160">
<title>
<phrase category="" id="KC08327445" phrase-urn="urn:x-nevis:phrase:0800c8af81dbc0db">Intermittent fault</phrase>
</title>
<iecalloutnode>
<diagcallout>
<xref>
<ref id="KC08327446"/>
</xref>
</diagcallout>
<test1>
<test2/>
</test1>
<question/>
<resact-grp>
<result comp="string" highlight="0" op="eq" return="FAULT FOUND"/>
<action j2008use="1" paperuse="1" screenuse="1">
<return value="FAULT FOUND"/>
</action>
</resact-grp>
</iecalloutnode>
</testgrp>
<testgrp id="KC02279675" j2008use="1" paperuse="0" screenuse="1" testgrp-id="verifiering" x="640" y="80">
<title>
<phrase category="" id="KC08327447" phrase-urn="urn:x-nevis:phrase:0800c8af81dbc0dc">Verification</phrase>
</title>
<subcalloutnode>
<diagcallout>
<xref>
<ref id="KC08327448"/>
</xref>
</diagcallout>
<rescall-grp>
<result comp="string" highlight="0" op="eq" return="VERIFIED"/>
<calloutaction>
<return value="FAULT FOUND"/>
</calloutaction>
</rescall-grp>
<rescall-grp>
<result comp="string" highlight="0" op="eq" return="VERIFICATION FAILED"/>
<calloutaction>
<ptxt>
<xref>
<ref id="KC08327449"/>
</xref>
</ptxt>
</calloutaction>
</rescall-grp>
</subcalloutnode>
</testgrp>
<testgrp id="KC02279676" j2008use="1" paperuse="0" screenuse="1" testgrp-id="info1" x="800" y="80">
<title>
<phrase category="" id="KC08327450" phrase-urn="urn:x-nevis:phrase:0800c8af81dbc0dd">Fault-tracing i#@#@#5#ation</phrase>
</title>
<subcalloutnode>
<diagcallout>
<xref>
<ref id="KC08327451"/>
</xref>
</diagcallout>
<rescall-grp>
<result comp="string" highlight="0" op="eq" return="NEW TRY"/>
<calloutaction>
<ptxt>
<xref>
<ref id="KC08327452"/>
</xref>
</ptxt>
</calloutaction>
</rescall-grp>
<rescall-grp>
<result comp="string" highlight="0" op="eq" return="FAULTTRACING FAILED"/>
<calloutaction>
<return value="FAULTTRACING FAILED"/>
</calloutaction>
</rescall-grp>
</subcalloutnode>
</testgrp>
</diagnostic>
</servinfosub>