<?xml version="1.0" encoding="UTF-8"?><servinfosub IE-ID="en-US0900c8af8168b502" docno="VCC-157397" id="KC05353080" xml:lang="en-US">
<title>Nozzle high-pre#@#@#27#acing</title>
<procedure>
<note>
<ptxt>The illustratio#@#@#176#rect.</ptxt>
</note>
<stepgrp id="KC05353081">
<title>Preparatory work</title>
<procstep id="KC05353082">
<title>Removing the fr#@#@#11#cover</title>
<para>
<ptxt>Remove the fron#@#@#16#See: <xref>
<ref id="KC07195010"/>
</xref>.</ptxt>
</para>
</procstep>
</stepgrp>
<stepgrp id="KC05353083">
<title>Removal</title>
<procstep id="KC05353084">
<title>Removing the nozzle</title>
<grate>
<graphic id="KC07195011">
<href>0900c8af8162193#@#@#9#.jpeg</href>
</graphic>
<graphtext>
<para>
<ptxt>Press in the ca#@#@#29#out. </ptxt>
</para>
<para>
<ptxt>Remove the hose.</ptxt>
</para>
</graphtext>
</grate>
</procstep>
</stepgrp>
<stepgrp id="KC05353085">
<title>Installation</title>
<procstep id="KC05353086">
<title>Installing the #@#@#1#ozzle</title>
<para>
<ptxt>Press the nozzl#@#@#8#lace.</ptxt>
</para>
<para>
<ptxt>Install the hose.</ptxt>
</para>
</procstep>
</stepgrp>
<stepgrp id="KC05353087">
<title>Finishing</title>
<procstep id="KC05353088">
<title>Installing the #@#@#13#cover</title>
<para>
<ptxt>Install the fro#@#@#17#See: <xref>
<ref id="KC07195012"/>
</xref>.</ptxt>
</para>
</procstep>
<procstep id="KC05353089">
<title>Function test</title>
<para>
<ptxt>Test the function.</ptxt>
</para>
</procstep>
</stepgrp>
</procedure>
</servinfosub>