<?xml version="1.0" encoding="UTF-8"?><servinfosub IE-ID="en-US0900c8af85b34502" docno="VCC-456633" id="nev18506191n1" xml:lang="en-US">
<title>
<phrase category="Title" id="nev18506191n2" phrase-urn="urn:x-nevis:phrase:0800c8af81eb9a59">Fault-tracing</phrase>
</title>
<diagnostic j2008use="1" layout="0" paperuse="1" screenuse="1" type="test">
<testgrp IE-ID="en-US0900c8af85b34502_nev18506191n3" id="nev18506191n3" j2008use="1" paperuse="1" resumable="1" screenuse="1" testgrp-id="node1" x="120" y="80">
<title>
<phrase category="Title" id="nev18506191n4" phrase-urn="urn:x-nevis:phrase:0800c8af81ea4c43">Fault-tracing i#@#@#5#ation</phrase>
</title>
<node>
<test1>
<test2>
<para>
<ptxt>
<phrase category="Faulttracing" id="nev18506191n5" phrase-urn="urn:x-nevis:phrase:0800c8af84d22936">This fault occu#@#@#78#load.</phrase>
<phrase category="Faulttracing" id="nev18506191n6" phrase-urn="urn:x-nevis:phrase:0800c8af84d2293a">This means that#@#@#104#ECM).</phrase>
</ptxt>
</para>
<para id="nev18506191n7">
<ptxt id="nev18506191n8">
<phrase category="Faulttracing" id="nev18506191n9" phrase-urn="urn:x-nevis:phrase:0800c8af84d2293b">The fault is re#@#@#45#onds.</phrase>
</ptxt>
</para>
<para id="nev18506191n10">
<ptxt id="nev18506192n1">
<phrase category="Faulttracing" id="nev18506192n2" phrase-urn="urn:x-nevis:phrase:0800c8af84d2293e">If the fault is#@#@#82#CEM).</phrase>
</ptxt>
</para>
<grate>
<graphic id="nev18506192n3">
<href>0900c8af84b9c01#@#@#9#.jpeg</href>
</graphic>
</grate>
</test2>
</test1>
<question>
Select Continue.
</question>
<resact-grp>
<result button="cont" comp="button" highlight="0"/>
<action j2008use="1" paperuse="1" screenuse="1">
<ptxt>
<xref>
<ref id="nev18506192n5"/>
</xref>
</ptxt>
</action>
</resact-grp>
</node>
</testgrp>
<testgrp id="nev18506192n6" j2008use="1" paperuse="1" resumable="1" screenuse="1" testgrp-id="info1" x="120" y="220">
<title>
<phrase category="" id="nev18506192n7" phrase-urn="urn:x-nevis:phrase:0800c8af82707c88">Fault-tracing i#@#@#5#ation</phrase>
</title>
<subcalloutnode>
<diagcallout>
<xref>
<ref id="nev18506192n8"/>
</xref>
</diagcallout>
<rescall-grp>
<result comp="string" highlight="0" op="eq" return="NEW TRY"/>
<calloutaction>
<ptxt>
<xref>
<ref id="nev18506192n9"/>
</xref>
</ptxt>
</calloutaction>
</rescall-grp>
<rescall-grp>
<result comp="string" highlight="0" op="eq" return="FAULT FOUND"/>
<calloutaction>
<return value="DONE"/>
</calloutaction>
</rescall-grp>
</subcalloutnode>
</testgrp>
</diagnostic>
</servinfosub>