<?xml version="1.0" encoding="UTF-8"?><servinfosub IE-ID="en-US0900c8af81a99502" docno="VCC-159709" id="KC07191197" xml:lang="en-US">
<title>
<phrase category="" id="KC09545890" phrase-urn="urn:x-nevis:phrase:0800c8af8271d54d">Internal fault</phrase>
</title>
<diagnostic j2008use="1" paperuse="1" screenuse="1" type="test">
<testgrp IE-ID="en-US0900c8af81a99502_KC07216761" id="KC07216761" j2008use="1" paperuse="1" resumable="1" screenuse="1" testgrp-id="node1" x="120" y="80">
<title>
<phrase category="" id="KC09545891" phrase-urn="urn:x-nevis:phrase:0800c8af8271d54e">Replacing the c#@#@#3#onent</phrase>
</title>
<node>
<test1>
<test2>
<para>
<ptxt>
<phrase category="" id="KC09545892" phrase-urn="urn:x-nevis:phrase:0800c8af8271d54f">The central ele#@#@#49#ault.</phrase>
</ptxt>
</para>
<para>
<ptxt>
<phrase category="" id="KC09545893" phrase-urn="urn:x-nevis:phrase:0800c8af8271d550">If the fault is#@#@#360#urs. </phrase>
</ptxt>
</para>
<para>
<ptxt>
<phrase category="" id="KC09545894" phrase-urn="urn:x-nevis:phrase:0800c8af8271d551">Replace the cen#@#@#50#nent.</phrase>
</ptxt>
</para>
<para>
<ptxt>
<phrase category="" id="KC09545895" phrase-urn="urn:x-nevis:phrase:0800c8af8271d552">Remedy as necessary.</phrase>
</ptxt>
</para>
<list1 enumtype="d" type="unordered">
<title>
<phrase category="" id="KC09545896" phrase-urn="urn:x-nevis:phrase:0800c8af8271d553">Other information</phrase>
</title>
<item>
<ptxt>
<phrase category="" id="KC09545897" phrase-urn="urn:x-nevis:phrase:0800c8af8271d554">
<xref>
<ref id="KC09545898"/>
</xref>
</phrase>
</ptxt>
</item>
</list1>
<grate>
<graphic id="KC09545899">
<href>0900c8af816219c#@#@#9#.jpeg</href>
</graphic>
</grate>
</test2>
</test1>
<question>
Select Continue.
</question>
<resact-grp>
<result button="cont" comp="button" highlight="0"/>
<action j2008use="1" paperuse="1" screenuse="1">
<ptxt>
<xref>
<ref id="KC09545901"/>
</xref>
</ptxt>
</action>
</resact-grp>
</node>
</testgrp>
<testgrp id="KC07216762" j2008use="1" paperuse="1" resumable="1" screenuse="1" testgrp-id="info1" x="120" y="160">
<title>
<phrase category="" id="KC09545902" phrase-urn="urn:x-nevis:phrase:0800c8af8271d556">Fault-tracing i#@#@#5#ation</phrase>
</title>
<subcalloutnode>
<diagcallout>
<xref>
<ref id="KC09545903"/>
</xref>
</diagcallout>
<rescall-grp>
<result comp="string" highlight="0" op="eq" return="NEW TRY"/>
<calloutaction>
<ptxt>
<xref>
<ref id="KC09545904"/>
</xref>
</ptxt>
</calloutaction>
</rescall-grp>
<rescall-grp>
<result comp="string" highlight="0" op="eq" return="FAULT FOUND"/>
<calloutaction>
<return value="DONE"/>
</calloutaction>
</rescall-grp>
</subcalloutnode>
</testgrp>
</diagnostic>
</servinfosub>