<?xml version="1.0" encoding="UTF-8"?><servinfosub IE-ID="en-US0900c8af8048f502" docno="VCC-075955" id="KC01422330" xml:lang="en-US">
<title>Base filler</title>
<procedure>
<procstep id="KC01422331">
<title>Coarse base filler</title>
<grate>
<graphic id="KC07080935" width="column">
<href>0900c8af803f64e#@#@#9#.jpeg</href>
</graphic>
<graphtext>
<ptxt>Base filler des#@#@#48#ces. <emph>Mix carefully</emph> with
the accom#@#@#82#1 mm.</ptxt>
<ptxt>The wrong harde#@#@#70#aces.</ptxt>
</graphtext>
</grate>
</procstep>
<procstep id="KC01422332">
<title>Fine base filler</title>
<grate>
<graphic id="KC07080936" width="column">
<href>0900c8af803f64e#@#@#9#.jpeg</href>
</graphic>
<graphtext>
<ptxt>Base filler des#@#@#65#ler. <emph>Mix carefully
</emph> with the accom#@#@#50# can.</ptxt>
<ptxt>All the necessa#@#@#51#
see <xref>
<ref id="KC07080937"/>
</xref>.</ptxt>
</graphtext>
</grate>
</procstep>
<procstep id="KC01422333">
<title>Allow the base #@#@#9# dry.</title>
<ptxt>The
data given #@#@#117#ions.</ptxt>
<ptxt>Drying time 20-#@#@#29#0°C).</ptxt>
<ptxt>Accelerated dry#@#@#42#ows:
</ptxt>
<table frame="none">
<tgroup align="left" char="" charoff="50" cols="2" colsep="0" rowsep="0">
<colspec colname="col1" colwidth="305*"/>
<colspec colname="col2" colwidth="151*"/>
<tbody valign="top">
<row>
<entry align="left" rotate="0" valign="top">
<ptxt>Surface temperature
</ptxt>
</entry>
<entry align="left" rotate="0" valign="top">
<ptxt>70-80°C</ptxt>
</entry>
</row>
<row>
<entry align="left" rotate="0" valign="top">
<ptxt>Lamp distance
</ptxt>
</entry>
<entry align="left" rotate="0" valign="top">
<ptxt>min 30 cm</ptxt>
</entry>
</row>
<row>
<entry align="left" rotate="0" valign="top">
<ptxt>Duration</ptxt>
</entry>
<entry align="left" rotate="0" valign="top">
<ptxt>10 minutes</ptxt>
</entry>
</row>
</tbody>
</tgroup>
</table>
<note>
<ptxt> There is alway#@#@#76#ucts.</ptxt>
</note>
</procstep>
<procstep id="KC01422334">
<title>Sand the base f#@#@#61#hine.</title>
<grate>
<graphic id="KC07080938" width="column">
<href>0900c8af803f64e#@#@#9#.jpeg</href>
</graphic>
<graphtext>
<ptxt>
<emph>Do not coarse s#@#@#29# 80. </emph>
</ptxt>
<ptxt>
<emph>Do not wet sand.</emph>
</ptxt>
</graphtext>
</grate>
</procstep>
</procedure>
</servinfosub>