<?xml version="1.0" encoding="UTF-8"?><servinfosub IE-ID="en-US0800c8af80a3c612" docno="T1159154" id="ST-0800c8af80a3c612" xml:lang="en-US">
<title>115 9154 EXTENS#@#@#9#M 3/8</title>
<grate>
<graphic id="0900c8af8005d70f"/>
<graphtext>
<deflist>
<defitem>
<term>Tool number:</term>
<def>115 9154-2</def>
</defitem>
<defitem>
<term>Tool description:</term>
<def>EXTENSION 125 MM 3/8</def>
</defitem>
<defitem>
<term>Tool board:</term>
<def/>
</defitem>
</deflist>
</graphtext>
</grate>
</servinfosub>