<?xml version="1.0" encoding="UTF-8"?><servinfosub IE-ID="en-US0900c8af80cc6612" docno="VCC-150085" id="KC02730038" xml:lang="en-US">
<title>
<phrase category="" id="KC06292627" phrase-urn="urn:x-nevis:phrase:0800c8af8184cd42">Diagnostic trou#@#@#30#-0080</phrase>
</title>
<diagnostic type="condition">
<condgrp>
<condition type="condition">
<grate>
<graphic id="KC06292628" width="column">
<href>0900c8af804458d#@#@#9#.jpeg</href>
</graphic>
<graphtext>
<para>
<ptxt>
<phrase category="" id="KC06292629" phrase-urn="urn:x-nevis:phrase:0800c8af8184cd43">The steering wh#@#@#143#work.</phrase>
</ptxt>
</para>
<note>
<ptxt>
<phrase category="" id="KC06292630" phrase-urn="urn:x-nevis:phrase:0800c8af8184cd44">This diagnostic#@#@#116#cle. </phrase>
</ptxt>
</note>
<para>
<ptxt>
<phrase category="" id="KC06292631" phrase-urn="urn:x-nevis:phrase:0800c8af8184cd45">The diagnostic #@#@#216#nsor.</phrase>
</ptxt>
</para>
<para>
<ptxt>
<phrase category="" id="KC06292632" phrase-urn="urn:x-nevis:phrase:0800c8af8184cd46">The diagnostic #@#@#64#d on.</phrase>
</ptxt>
</para>
</graphtext>
</grate>
</condition>
</condgrp>
<condgrp>
<condition type="substitution">
<list1 enumtype="d" type="unordered">
<item>
<ptxt>
<phrase category="" id="KC06292633" phrase-urn="urn:x-nevis:phrase:0800c8af8184cd47">A preprogrammed#@#@#90#EPS).</phrase>
</ptxt>
</item>
</list1>
</condition>
<ps>
<list1 enumtype="d" type="unordered">
<item>
<ptxt>
<phrase category="" id="KC06292634" phrase-urn="urn:x-nevis:phrase:0800c8af8184cd48">Fault trace the#@#@#24#SWM).</phrase>
</ptxt>
</item>
</list1>
</ps>
</condgrp>
<condgrp>
<condition type="symptom">
<list1 enumtype="d" type="unordered">
<item>
<ptxt>
<phrase category="" id="KC06292635" phrase-urn="urn:x-nevis:phrase:0800c8af8184cd49">Abnormally ligh#@#@#19#speed</phrase>
</ptxt>
</item>
<item>
<ptxt>
<phrase category="" id="KC06292636" phrase-urn="urn:x-nevis:phrase:0800c8af8184cd4a">Abnormally heav#@#@#19#peed.</phrase>
</ptxt>
</item>
</list1>
</condition>
</condgrp>
</diagnostic>
</servinfosub>