<?xml version="1.0" encoding="UTF-8"?><servinfosub IE-ID="en-US0900c8af800dc51b" docno="VCC-100883" id="KC01144116" xml:lang="en-US">
<title>
<phrase category="" id="KC09296606" phrase-urn="urn:x-nevis:phrase:0800c8af826df280">Checking sun roof</phrase>
</title>
<diagnostic j2008use="1" paperuse="1" screenuse="1" type="test">
<testgrp IE-ID="en-US0900c8af800dc51b_KC01144117" id="KC01144117" j2008use="1" paperuse="1" resumable="1" screenuse="1" testgrp-id="a1" x="120" y="80">
<title>
<phrase category="" id="KC09296607" phrase-urn="urn:x-nevis:phrase:0800c8af826df281">Checking the co#@#@#3#ctors</phrase>
</title>
<node>
<test1>
<diaglist>
<dgraphic>
<dgraphic1>
<graphic id="KC09296608">
<href>0900c8af80054d4#@#@#9#.jpeg</href>
</graphic>
</dgraphic1>
</dgraphic>
<ditem>
<ptxt>
<phrase category="" id="KC09296609" phrase-urn="urn:x-nevis:phrase:0800c8af826df282">Ignition off.</phrase>
</ptxt>
</ditem>
</diaglist>
<test2>
<para>
<ptxt>
<phrase category="" id="KC09296610" phrase-urn="urn:x-nevis:phrase:0800c8af826df283">Check the upper#@#@#156#ions.</phrase>
</ptxt>
</para>
<para>
<ptxt>
<phrase category="" id="KC09296611" phrase-urn="urn:x-nevis:phrase:0800c8af826df284">Check for damag#@#@#7#ully.</phrase>
</ptxt>
</para>
<para>
<ptxt>
<phrase category="" id="KC09296612" phrase-urn="urn:x-nevis:phrase:0800c8af826df285">Reinstall the c#@#@#35# etc.</phrase>
</ptxt>
</para>
<para>
<ptxt>
<phrase category="" id="KC09296613" phrase-urn="urn:x-nevis:phrase:0800c8af826df286">Ignition on.</phrase>
</ptxt>
</para>
<para>
<ptxt>
<phrase category="" id="KC09296614" phrase-urn="urn:x-nevis:phrase:0800c8af826df287">Operate the sun#@#@#1#roof.</phrase>
</ptxt>
</para>
<list1 enumtype="d" type="unordered">
<title>
<phrase category="" id="KC09296615" phrase-urn="urn:x-nevis:phrase:0800c8af826df288">Other information</phrase>
</title>
<item>
<ptxt>
<phrase category="" id="KC09296616" phrase-urn="urn:x-nevis:phrase:0800c8af826df289">To access the u#@#@#29# see <xref>
<ref id="KC09296617"/>
</xref>
</phrase>
</ptxt>
</item>
<item>
<ptxt>
<phrase category="" id="KC09296618" phrase-urn="urn:x-nevis:phrase:0800c8af826df28a">To access the s#@#@#18# see <xref>
<ref id="KC09296619"/>
</xref>
</phrase>
</ptxt>
</item>
<item>
<ptxt>
<phrase category="" id="KC09296620" phrase-urn="urn:x-nevis:phrase:0800c8af826df28b">
<xref>
<ref id="KC09296621"/>
</xref>.</phrase>
</ptxt>
</item>
</list1>
<diaglist>
<dgraphic>
<dgraphic2>
<graphic id="KC09296622">
<href>0900c8af80054d4#@#@#9#.jpeg</href>
</graphic>
<smarttool active="press" id="KC09296623" toolname="ODAH"/>
</dgraphic2>
</dgraphic>
<ditem>
<ditemtext>
<ptxt>
<phrase category="" id="KC09296624" phrase-urn="urn:x-nevis:phrase:0800c8af826df28c"/>
</ptxt>
</ditemtext>
</ditem>
</diaglist>
</test2>
</test1>
<question>
Do the sun roo#@#@#15#ate?
</question>
<resact-grp>
<result button="yes" comp="button" highlight="0"/>
<action j2008use="1" paperuse="1" screenuse="1">
<return value="FAULT FOUND"/>
</action>
</resact-grp>
<resact-grp>
<result button="no" comp="button" highlight="0"/>
<action j2008use="1" paperuse="1" screenuse="1">
<ptxt>
<xref>
<ref id="KC09296626"/>
</xref>
</ptxt>
</action>
</resact-grp>
</node>
</testgrp>
<testgrp id="KC01144118" j2008use="1" paperuse="1" resumable="1" screenuse="1" testgrp-id="a2" x="120" y="160">
<title>
<phrase category="" id="KC09296627" phrase-urn="urn:x-nevis:phrase:0800c8af826df28e">Checking compon#@#@#10#iring</phrase>
</title>
<node>
<test1>
<test2>
<para>
<ptxt>
<phrase category="" id="KC09296628" phrase-urn="urn:x-nevis:phrase:0800c8af826df28f">Check that main#@#@#68#tact.</phrase>
</ptxt>
<ptxt>
<phrase category="" id="KC09296629" phrase-urn="urn:x-nevis:phrase:0800c8af826df290">Check that fuse#@#@#79#act. </phrase>
</ptxt>
<ptxt>
<phrase category="" id="KC09296630" phrase-urn="urn:x-nevis:phrase:0800c8af826df291">Check the cable#@#@#119#uit. </phrase>
</ptxt>
<ptxt>
<phrase category="" id="KC09296631" phrase-urn="urn:x-nevis:phrase:0800c8af826df292">Check the cable#@#@#139#cuit.</phrase>
</ptxt>
</para>
<para>
<title>
<phrase category="" id="KC09296632" phrase-urn="urn:x-nevis:phrase:0800c8af826df293">The upper elect#@#@#39#(SRM)</phrase>
</title>
<ptxt>
<phrase category="" id="KC09296633" phrase-urn="urn:x-nevis:phrase:0800c8af826df294">Check the cable#@#@#122#und. </phrase>
</ptxt>
</para>
<para>
<title>
<phrase category="" id="KC09296634" phrase-urn="urn:x-nevis:phrase:0800c8af826df295">Sun roof contro#@#@#24#odule</phrase>
</title>
<ptxt>
<phrase category="" id="KC09296635" phrase-urn="urn:x-nevis:phrase:0800c8af826df296">Check the cable#@#@#126#age. </phrase>
</ptxt>
<ptxt>
<phrase category="" id="KC09296636" phrase-urn="urn:x-nevis:phrase:0800c8af826df297">Check the cable#@#@#126#age. </phrase>
</ptxt>
<ptxt>
<phrase category="" id="KC09296637" phrase-urn="urn:x-nevis:phrase:0800c8af826df298">Check the cable#@#@#100#uit. </phrase>
</ptxt>
<ptxt>
<phrase category="" id="KC09296638" phrase-urn="urn:x-nevis:phrase:0800c8af826df299">Check the cable#@#@#99#cuit.</phrase>
</ptxt>
<ptxt>
<phrase category="" id="KC09296639" phrase-urn="urn:x-nevis:phrase:0800c8af826df29a">Check the cable#@#@#99#cuit.</phrase>
</ptxt>
<ptxt>
<phrase category="" id="KC09296640" phrase-urn="urn:x-nevis:phrase:0800c8af826df29b">Check the cable#@#@#99#cuit.</phrase>
</ptxt>
</para>
<para>
<ptxt>
<phrase category="" id="KC09296641" phrase-urn="urn:x-nevis:phrase:0800c8af826df29c">Check the cable#@#@#144#ound.</phrase>
</ptxt>
</para>
<para>
<title>
<phrase category="" id="KC09296642" phrase-urn="urn:x-nevis:phrase:0800c8af826df29d">Sun roof switch#@#@#16#odule</phrase>
</title>
<ptxt>
<phrase category="" id="KC09296643" phrase-urn="urn:x-nevis:phrase:0800c8af826df29e">Check the wirin#@#@#121#age. </phrase>
</ptxt>
</para>
<para>
<ptxt>
<phrase category="" id="KC09296644" phrase-urn="urn:x-nevis:phrase:0800c8af826df29f">Remedy as necessary.</phrase>
</ptxt>
</para>
<list1 enumtype="d" type="unordered">
<title>
<phrase category="" id="KC09296645" phrase-urn="urn:x-nevis:phrase:0800c8af826df2a0">Other information</phrase>
</title>
<item>
<ptxt>
<phrase category="" id="KC09296646" phrase-urn="urn:x-nevis:phrase:0800c8af826df2a1">For further inf#@#@#40# see <xref>
<ref id="KC09296647"/>
</xref>
</phrase>
</ptxt>
</item>
<item>
<ptxt>
<phrase category="" id="KC09296648" phrase-urn="urn:x-nevis:phrase:0800c8af826df2a2">To connect the #@#@#13# see <xref>
<ref id="KC09296649"/>
</xref>
</phrase>
</ptxt>
</item>
<item>
<ptxt>
<phrase category="" id="KC09296650" phrase-urn="urn:x-nevis:phrase:0800c8af826df2a3">To replace the #@#@#24# see <xref>
<ref id="KC09296651"/>
</xref>
</phrase>
</ptxt>
</item>
<item>
<ptxt>
<phrase category="" id="KC09296652" phrase-urn="urn:x-nevis:phrase:0800c8af826df2a4">To access the r#@#@#26# see <xref>
<ref id="KC09296653"/>
</xref>
</phrase>
</ptxt>
</item>
<item>
<ptxt>
<phrase category="" id="KC09296654" phrase-urn="urn:x-nevis:phrase:0800c8af826df2a5">To access the s#@#@#22#, see<xref>
<ref id="KC09296655"/>
</xref>
</phrase>
</ptxt>
</item>
<item>
<ptxt>
<phrase category="" id="KC09296656" phrase-urn="urn:x-nevis:phrase:0800c8af826df2a7">With the igniti#@#@#86#ltage</phrase>
</ptxt>
</item>
<item>
<ptxt>
<phrase category="" id="KC09296657" phrase-urn="urn:x-nevis:phrase:0800c8af826df2a8">
<xref>
<ref id="KC09296658"/>
</xref>.</phrase>
</ptxt>
</item>
</list1>
<diaglist>
<dgraphic>
<dgraphic1>
<graphic id="KC09296659">
<href>0900c8af80058a7#@#@#9#.jpeg</href>
</graphic>
</dgraphic1>
<dgraphic2>
<graphic id="KC09296660">
<href>0900c8af80054d4#@#@#9#.jpeg</href>
</graphic>
<smarttool active="press" id="KC09296661" toolname="ODAH"/>
</dgraphic2>
</dgraphic>
<ditem>
<ditemtext>
<ptxt>
<phrase category="" id="KC09296662" phrase-urn="urn:x-nevis:phrase:0800c8af826df2a9"/>
</ptxt>
</ditemtext>
</ditem>
</diaglist>
<grate>
<graphic id="KC09296663">
<href>0900c8af80058a3#@#@#9#.jpeg</href>
</graphic>
</grate>
</test2>
</test1>
<question>
Select Continue.
</question>
<resact-grp>
<result button="cont" comp="button" highlight="0"/>
<action j2008use="1" paperuse="1" screenuse="1">
<ptxt>
<xref>
<ref id="KC09296665"/>
</xref>
</ptxt>
</action>
</resact-grp>
</node>
</testgrp>
<testgrp id="KC01144119" j2008use="1" paperuse="1" resumable="1" screenuse="1" testgrp-id="a3" x="120" y="240">
<title>
<phrase category="" id="KC09296666" phrase-urn="urn:x-nevis:phrase:0800c8af826df2ac">Checking components</phrase>
</title>
<node>
<test1>
<test2>
<ptxt>
<phrase category="" id="KC09296667" phrase-urn="urn:x-nevis:phrase:0800c8af826df2ad">Visually check #@#@#47#ches.</phrase>
</ptxt>
<para>
<ptxt>
<phrase category="" id="KC09296668" phrase-urn="urn:x-nevis:phrase:0800c8af826df2ae">Remedy as necessary.</phrase>
</ptxt>
</para>
<para>
<ptxt>
<phrase category="" id="KC09296669" phrase-urn="urn:x-nevis:phrase:0800c8af826df2af">If no fault is #@#@#30#tch. </phrase>
</ptxt>
</para>
<list1 enumtype="d" type="unordered">
<title>
<phrase category="" id="KC09296670" phrase-urn="urn:x-nevis:phrase:0800c8af826df2b0">Other information</phrase>
</title>
<item>
<ptxt>
<phrase category="" id="KC09296671" phrase-urn="urn:x-nevis:phrase:0800c8af826df27d">To replace the #@#@#24# see <xref>
<ref id="KC09296672"/>
</xref>.</phrase>
</ptxt>
</item>
</list1>
<diaglist>
<dgraphic>
<dgraphic2>
<graphic id="KC09296673">
<href>0900c8af80054d4#@#@#9#.jpeg</href>
</graphic>
<smarttool active="press" id="KC09296674" toolname="ODAH"/>
</dgraphic2>
</dgraphic>
<ditem>
<ditemtext>
<ptxt>
<phrase category="" id="KC09296675" phrase-urn="urn:x-nevis:phrase:0800c8af826df27e"/>
</ptxt>
</ditemtext>
</ditem>
</diaglist>
<grate>
<graphic id="KC09296676">
<href>0900c8af80058a3#@#@#9#.jpeg</href>
</graphic>
</grate>
</test2>
</test1>
<question>
Select Continue.
</question>
<resact-grp>
<result button="cont" comp="button" highlight="0"/>
<action j2008use="1" paperuse="1" screenuse="1">
<return value="FAULT FOUND"/>
</action>
</resact-grp>
</node>
</testgrp>
</diagnostic>
</servinfosub>