<?xml version="1.0" encoding="UTF-8"?><servinfosub IE-ID="en-US0900c8af8168b51b" docno="VCC-157428" id="KC05353176" xml:lang="en-US">
<title>High-pressure w#@#@#20#acing</title>
<procedure>
<note>
<ptxt>The illustratio#@#@#176#rect.</ptxt>
</note>
<stepgrp id="KC05353177">
<title>Removal</title>
<procstep id="KC05353178">
<title>Removing the cover</title>
<grate>
<graphic id="KC07195247">
<href>0900c8af8162194#@#@#9#.jpeg</href>
</graphic>
<graphtext>
<caution>
<ptxt>Do not scratch #@#@#6#mper.</ptxt>
</caution>
<para>
<ptxt>Pull the cover #@#@#8# out.</ptxt>
</para>
<para>
<ptxt>Remove the clip.</ptxt>
</para>
<para>
<ptxt>Carefully drop #@#@#23#back.</ptxt>
</para>
<para>
<ptxt>Remove the casi#@#@#19#See: <xref>
<ref id="KC07195248"/>
</xref>. </ptxt>
</para>
</graphtext>
</grate>
</procstep>
<procstep id="KC05353179">
<title>Removing high p#@#@#18#asher</title>
<grate>
<graphic id="KC07195249">
<href>0900c8af8162194#@#@#9#.jpeg</href>
</graphic>
<graphtext>
<list1 enumtype="d" type="unordered">
<title>Remove:</title>
<item>
<ptxt>the high-pressu#@#@#54#wards</ptxt>
</item>
<item>
<ptxt>the washer hose.</ptxt>
</item>
</list1>
</graphtext>
</grate>
</procstep>
</stepgrp>
<stepgrp id="KC05353180">
<title>Installation</title>
<procstep id="KC05353181">
<title>Installing the #@#@#24#asher</title>
<grate>
<graphic id="KC07195250">
<href>0900c8af8162194#@#@#9#.jpeg</href>
</graphic>
<graphtext>
<list1 enumtype="d" type="unordered">
<title>Install:</title>
<item>
<ptxt>the washer hose</ptxt>
</item>
<item>
<ptxt>the high-pressu#@#@#5#sher.</ptxt>
</item>
</list1>
</graphtext>
</grate>
</procstep>
<procstep id="KC05353182">
<title>Installing the cover</title>
<caution>
<ptxt>Do not scratch #@#@#6#mper.</ptxt>
</caution>
<para>
<ptxt>Install the cas#@#@#20#See: <xref>
<ref id="KC07195251"/>
</xref>.</ptxt>
</para>
<para>
<ptxt>Pull out the wa#@#@#13#iers.</ptxt>
</para>
<list1 enumtype="d" type="unordered">
<title>Install:</title>
<item>
<ptxt>the cover</ptxt>
</item>
<item>
<ptxt>the 1 clip.</ptxt>
</item>
</list1>
<para>
<ptxt>Carefully drop #@#@#23#back.</ptxt>
</para>
</procstep>
</stepgrp>
<stepgrp id="KC05353183">
<title>Finishing</title>
<procstep id="KC05353184">
<title>Function test</title>
<para>
<ptxt>Test the function.</ptxt>
</para>
</procstep>
</stepgrp>
</procedure>
</servinfosub>