<?xml version="1.0" encoding="UTF-8"?><servinfosub IE-ID="en-US0900c8af84579506" docno="VCC-153425" id="KC02712350" xml:lang="en-US">
<title>
<phrase category="" id="KC09461023" phrase-urn="urn:x-nevis:phrase:0800c8af8270a2fa">Stuck in the ac#@#@#8#ition</phrase>
</title>
<diagnostic j2008use="1" layout="0" paperuse="1" screenuse="1" type="test">
<testgrp IE-ID="en-US0900c8af84579506_KC02769075" id="KC02769075" j2008use="1" paperuse="1" resumable="1" screenuse="1" testgrp-id="node1" x="80" y="80">
<title>
<phrase category="" id="KC09461024" phrase-urn="urn:x-nevis:phrase:0800c8af8270a2fb">Replacing the c#@#@#3#onent</phrase>
</title>
<node>
<test1>
<test2>
<para>
<ptxt>
<phrase category="" id="KC09461025" phrase-urn="urn:x-nevis:phrase:0800c8af8270a2fc">If the fault is#@#@#185#curs.</phrase>
</ptxt>
</para>
<para>
<ptxt>
<phrase category="" id="KC09461026" phrase-urn="urn:x-nevis:phrase:0800c8af8270a2fd">If the fault is#@#@#34#dule.</phrase>
</ptxt>
</para>
<para>
<ptxt>
<phrase category="" id="KC09461027" phrase-urn="urn:x-nevis:phrase:0800c8af8270a2fe">Remedy as necessary.</phrase>
</ptxt>
</para>
<list1 enumtype="d" type="unordered">
<title>
<phrase category="" id="KC09461028" phrase-urn="urn:x-nevis:phrase:0800c8af8270a2ff">Other information:</phrase>
</title>
<item>
<ptxt>
<xref id="nev13805631n100">
<ref id="l1213359502410"/>
</xref>
</ptxt>
</item>
</list1>
<grate>
<graphic id="KC09461031">
<href>0900c8af804456b#@#@#9#.jpeg</href>
</graphic>
</grate>
</test2>
</test1>
<question>
Select Continue.
</question>
<resact-grp>
<result button="cont" comp="button" highlight="0"/>
<action j2008use="1" paperuse="1" screenuse="1">
<ptxt>
<xref>
<ref id="KC09461033"/>
</xref>
</ptxt>
</action>
</resact-grp>
</node>
</testgrp>
<testgrp id="KC02769076" j2008use="1" paperuse="1" resumable="1" screenuse="1" testgrp-id="veria" x="80" y="220">
<title>
<phrase category="" id="KC09461034" phrase-urn="urn:x-nevis:phrase:0800c8af8270a302">Verification</phrase>
</title>
<subcalloutnode>
<diagcallout>
<xref>
<ref id="KC09461035"/>
</xref>
</diagcallout>
<rescall-grp>
<result comp="string" highlight="0" op="eq" return="VERIFIED"/>
<calloutaction>
<return value="FAULT FOUND"/>
</calloutaction>
</rescall-grp>
<rescall-grp>
<result comp="string" highlight="0" op="eq" return="VERIFICATION FAILED"/>
<calloutaction>
<ptxt>
<xref>
<ref id="KC09461036"/>
</xref>
</ptxt>
</calloutaction>
</rescall-grp>
</subcalloutnode>
</testgrp>
<testgrp id="KC02769077" j2008use="1" paperuse="1" resumable="1" screenuse="1" testgrp-id="info1" x="80" y="380">
<title>
<phrase category="" id="KC09461037" phrase-urn="urn:x-nevis:phrase:0800c8af8270a303">Fault-tracing i#@#@#5#ation</phrase>
</title>
<subcalloutnode>
<diagcallout>
<xref>
<ref id="KC09461038"/>
</xref>
</diagcallout>
<rescall-grp>
<result comp="string" highlight="0" op="eq" return="FAULTTRACING FAILED"/>
<calloutaction>
<return value="FAULTTRACING FAILED"/>
</calloutaction>
</rescall-grp>
<rescall-grp>
<result comp="string" highlight="0" op="eq" return="NEW TRY"/>
<calloutaction>
<ptxt>
<xref>
<ref id="KC09461039"/>
</xref>
</ptxt>
</calloutaction>
</rescall-grp>
</subcalloutnode>
</testgrp>
</diagnostic>
</servinfosub>