<?xml version="1.0" encoding="UTF-8"?><servinfosub IE-ID="en-US0900c8af80698506" docno="VCC-058221" id="KC02041895" xml:lang="en-US">
<title>
<phrase category="" id="KC08428218" phrase-urn="urn:x-nevis:phrase:0800c8af81dc6b61">Movement when n#@#@#27#fault</phrase>
</title>
<diagnostic type="test">
<testgrp IE-ID="en-US0900c8af80698506_KC02041896" id="KC02041896" j2008use="1" paperuse="0" resumable="1" screenuse="1" testgrp-id="as" x="120" y="80">
<title>
<phrase category="" id="KC08428219" phrase-urn="urn:x-nevis:phrase:0800c8af81dc6b62">Checking wiring</phrase>
</title>
<node>
<test1>
<test2>
<para>
<ptxt>
<phrase category="" id="KC08428220" phrase-urn="urn:x-nevis:phrase:0800c8af81dc6b63">Check the yello#@#@#168#eads.</phrase>
</ptxt>
</para>
<diaglist>
<dgraphic>
<dgraphic1>
<graphic id="KC08428221">
<href>0900c8af80127ec#@#@#9#.jpeg</href>
</graphic>
</dgraphic1>
<dgraphic2>
<graphic id="KC08428222">
<href>0900c8af80054d4#@#@#9#.jpeg</href>
</graphic>
<smarttool id="KC08428223" toolname="ODA"/>
</dgraphic2>
</dgraphic>
<ditem>
<ditemtext>
<ptxt>
<phrase category="" id="KC08428224" phrase-urn="urn:x-nevis:phrase:0800c8af81dc6b64"/>
</ptxt>
</ditemtext>
</ditem>
</diaglist>
</test2>
</test1>
<question>Press "Continue#@#@#31#ied.
</question>
<resact-grp>
<result button="cont" comp="button" highlight="0"/>
<action j2008use="1" paperuse="1" screenuse="1">
<ptxt>
<xref>
<ref id="KC08428225"/>
</xref>
</ptxt>
</action>
</resact-grp>
</node>
</testgrp>
<testgrp id="KC02041897" j2008use="0" paperuse="1" resumable="1" screenuse="0" testgrp-id="a" x="120" y="160">
<title>
<phrase category="" id="KC08428226" phrase-urn="urn:x-nevis:phrase:0800c8af81dc6b65">Checking wiring</phrase>
</title>
<node>
<test1>
<test2>
<para>
<ptxt>
<phrase category="" id="KC08428227" phrase-urn="urn:x-nevis:phrase:0800c8af81dc6b66">Check the yello#@#@#168#eads.</phrase>
</ptxt>
<ptxt>
<phrase category="" id="KC08428228" phrase-urn="urn:x-nevis:phrase:0800c8af81dc6b67">The fault can a#@#@#124#ctly.</phrase>
</ptxt>
<ptxt>
<phrase category="" id="KC08428229" phrase-urn="urn:x-nevis:phrase:0800c8af81dc6b68">If the fault pe#@#@#66#with <xref>
<ref id="KC08428230"/>
</xref>.</phrase>
</ptxt>
</para>
<diaglist>
<dgraphic>
<dgraphic1>
<graphic id="KC08428231">
<href>0900c8af80127ec#@#@#9#.jpeg</href>
</graphic>
</dgraphic1>
<dgraphic2>
<graphic id="KC08428232">
<href>0900c8af80054d4#@#@#9#.jpeg</href>
</graphic>
<smarttool id="KC08428233" toolname="ODA"/>
</dgraphic2>
</dgraphic>
<ditem>
<ditemtext>
<ptxt>
<phrase category="" id="KC08428234" phrase-urn="urn:x-nevis:phrase:0800c8af81dc6b69"/>
</ptxt>
</ditemtext>
</ditem>
</diaglist>
</test2>
</test1>
<question>Press "Continue#@#@#31#ied.
</question>
<resact-grp>
<result button="cont" comp="button" highlight="0"/>
<action j2008use="1" paperuse="1" screenuse="1">
<ptxt>
<xref>
<ref id="KC08428235"/>
</xref>
</ptxt>
</action>
</resact-grp>
</node>
</testgrp>
<testgrp id="KC02041898" j2008use="1" paperuse="0" resumable="1" screenuse="1" testgrp-id="info2s" x="280" y="80">
<title>
<phrase category="" id="KC08428236" phrase-urn="urn:x-nevis:phrase:0800c8af81dc6b6a">Fault-tracing i#@#@#5#ation</phrase>
</title>
<subcalloutnode>
<diagcallout>
<xref>
<ref id="KC08428237"/>
</xref>
</diagcallout>
<rescall-grp>
<result comp="string" highlight="0" op="eq" return="FAULT FOUND"/>
<calloutaction>
<return value="FAULT FOUND"/>
</calloutaction>
</rescall-grp>
<rescall-grp>
<result comp="string" highlight="0" op="eq" return="NEW TRY"/>
<calloutaction>
<return value="NEW TRY"/>
</calloutaction>
</rescall-grp>
</subcalloutnode>
</testgrp>
<testgrp id="KC02041899" j2008use="1" paperuse="1" resumable="1" screenuse="1" testgrp-id="info2" x="280" y="160">
<title>
<phrase category="" id="KC08428238" phrase-urn="urn:x-nevis:phrase:0800c8af81dc6b6b">Fault-tracing i#@#@#5#ation</phrase>
</title>
<subcalloutnode>
<diagcallout>
<xref>
<ref id="KC08428239"/>
</xref>
</diagcallout>
<rescall-grp>
<result comp="string" highlight="0" op="eq" return="FAULT FOUND"/>
<calloutaction>
<return value="DONE"/>
</calloutaction>
</rescall-grp>
<rescall-grp>
<result comp="string" highlight="0" op="eq" return="NEW TRY"/>
<calloutaction>
<return value="NEW TRY"/>
</calloutaction>
</rescall-grp>
</subcalloutnode>
</testgrp>
</diagnostic>
</servinfosub>