<?xml version="1.0" encoding="UTF-8"?><servinfosub IE-ID="en-US0900c8af8165a70f" docno="VCC-158244" id="KC05131455" servinfosubId="nev20687747n1-nev20687747n2" servinfosubRes="0900c8af862c33e2" servinfosubRes2="urn:x-nevis:fragment:0900c8af8165a70f:0900c8af862c33e2#nev20687747n2" xml:lang="en-US">
<title>Function</title>
<topic>
<title>Air conditioning</title>
<para>
<ptxt>See: <xref>
<ref id="nev20687747n1-KC05354374"/>
</xref>
</ptxt>
</para>
</topic>
<topic>
<title>Air distributio#@#@#3#ystem</title>
<para>
<ptxt>See: <xref>
<ref id="nev20687747n1-KC05354375"/>
</xref>
</ptxt>
</para>
</topic>
<topic>
<title>Blower fan</title>
<grate pgwide="1">
<graphic id="nev20687747n1-KC05354376">
<href>0900c8af8162084#@#@#9#.jpeg</href>
</graphic>
</grate>
<para>
<ptxt>The blower fan #@#@#37#cle. </ptxt>
</para>
<para>
<ptxt>The blower fan #@#@#62#aged.</ptxt>
</para>
<para>
<ptxt>The blower fan #@#@#57#km/h.</ptxt>
</para>
</topic>
<topic>
<title>Filter</title>
<grate pgwide="1">
<graphic id="nev20687747n1-KC05354377">
<href>0900c8af8162084#@#@#9#.jpeg</href>
</graphic>
</grate>
<para>
<ptxt>The particle fi#@#@#135#ent. </ptxt>
</para>
<para>
<ptxt>The multi-filte#@#@#411#lter.</ptxt>
</para>
</topic>
<topic>
<title>Additional heat#@#@#12#eater</title>
<grate pgwide="1">
<graphic id="nev20687747n1-KC05354378">
<href>0900c8af8162085#@#@#9#.jpeg</href>
</graphic>
</grate>
<para>
<ptxt>The additional #@#@#176#ment.</ptxt>
</para>
<para>
<ptxt>When the engine#@#@#308#imer.</ptxt>
</para>
<para>
<ptxt>For further inf#@#@#140#M)). </ptxt>
</para>
</topic>
</servinfosub>