<?xml version="1.0" encoding="UTF-8"?><servinfosub IE-ID="en-US0900c8af8011d70f" docno="VCC-115209" id="KC01145099" xml:lang="en-US">
<title>
<phrase category="" id="KC06091116" phrase-urn="urn:x-nevis:phrase:0800c8af81736387">Signal missing.#@#@#11#fault</phrase>
</title>
<diagnostic type="test">
<testgrp IE-ID="en-US0900c8af8011d70f_KC01236844" id="KC01236844" j2008use="1" paperuse="1" resumable="1" screenuse="1" testgrp-id="node1" x="120" y="240">
<title>
<phrase category="" id="KC06091117" phrase-urn="urn:x-nevis:phrase:0800c8af81736388">Checking the co#@#@#2#onent</phrase>
</title>
<node>
<test1>
<diaglist>
<dgraphic>
<dgraphic1>
<graphic id="KC06091118">
<href>0900c8af80054d4#@#@#9#.jpeg</href>
</graphic>
</dgraphic1>
</dgraphic>
<ditem>
<ptxt>
<phrase category="" id="KC06091119" phrase-urn="urn:x-nevis:phrase:0800c8af81736389">Ignition off.</phrase>
</ptxt>
</ditem>
</diaglist>
<test2>
<para>
<ptxt>
<phrase category="" id="KC06091120" phrase-urn="urn:x-nevis:phrase:0800c8af8173638a">Disconnect righ#@#@#14#9/13.</phrase>
</ptxt>
<ptxt>
<phrase category="" id="KC06091121" phrase-urn="urn:x-nevis:phrase:0800c8af8173638b">Check the right#@#@#50#tion.</phrase>
</ptxt>
</para>
<list1 enumtype="d" type="unordered">
<title>
<phrase category="" id="KC06091122" phrase-urn="urn:x-nevis:phrase:0800c8af8173638c">Other information:</phrase>
</title>
<item>
<ptxt>
<phrase category="" id="KC06091123" phrase-urn="urn:x-nevis:phrase:0800c8af8173638d">
<xref>
<ref id="KC06091124"/>
</xref>.</phrase>
</ptxt>
</item>
</list1>
<diaglist>
<dgraphic>
<dgraphic1>
<graphic id="KC06091125">
<href>0900c8af80058dd#@#@#9#.jpeg</href>
</graphic>
</dgraphic1>
<dgraphic2>
<graphic id="KC06091126">
<href>0900c8af80054d4#@#@#9#.jpeg</href>
</graphic>
<smarttool active="press" id="KC06091127" toolname="ODAH"/>
</dgraphic2>
</dgraphic>
<ditem>
<ditemtext>
<ptxt>
<phrase category="" id="KC06091128" phrase-urn="urn:x-nevis:phrase:0800c8af8173638e"/>
</ptxt>
</ditemtext>
</ditem>
</diaglist>
</test2>
</test1>
<question>Was a fault det#@#@#1#cted?</question>
<resact-grp>
<result button="yes" comp="button" highlight="0"/>
<action j2008use="1" paperuse="1" screenuse="1">
<ptxt>
<xref>
<ref id="KC06091129"/>
</xref>
</ptxt>
</action>
</resact-grp>
<resact-grp>
<result button="no" comp="button" highlight="0"/>
<action j2008use="1" paperuse="1" screenuse="1">
<ptxt>
<xref>
<ref id="KC06091130"/>
</xref>
</ptxt>
</action>
</resact-grp>
</node>
</testgrp>
<testgrp id="KC01236845" j2008use="1" paperuse="1" resumable="1" screenuse="1" testgrp-id="node3" x="120" y="320">
<title>
<phrase category="" id="KC06091131" phrase-urn="urn:x-nevis:phrase:0800c8af8173638f">Checking the cable</phrase>
</title>
<node>
<test1>
<diaglist>
<dgraphic>
<dgraphic1>
<graphic id="KC06091132">
<href>0900c8af80054d4#@#@#9#.jpeg</href>
</graphic>
</dgraphic1>
</dgraphic>
<ditem>
<ptxt>
<phrase category="" id="KC06091133" phrase-urn="urn:x-nevis:phrase:0800c8af81736390">Ignition off</phrase>
</ptxt>
</ditem>
<ditem>
<ptxt>
<phrase category="" id="KC06091134" phrase-urn="urn:x-nevis:phrase:0800c8af81736391">Disconnect the #@#@#45#(CEM)</phrase>
</ptxt>
</ditem>
<ditem>
<ptxt>
<phrase category="" id="KC06091135" phrase-urn="urn:x-nevis:phrase:0800c8af81736392">Disconnect conn#@#@#42#ter. </phrase>
</ptxt>
</ditem>
</diaglist>
<test2>
<para>
<ptxt>
<phrase category="" id="KC06091136" phrase-urn="urn:x-nevis:phrase:0800c8af81736393">Check the signa#@#@#177#cuit.</phrase>
</ptxt>
<ptxt>
<phrase category="" id="KC06091137" phrase-urn="urn:x-nevis:phrase:0800c8af81736395">Remedy as necessary.</phrase>
</ptxt>
</para>
<list1 enumtype="d" type="unordered">
<title>
<phrase category="" id="KC06091138" phrase-urn="urn:x-nevis:phrase:0800c8af81736396">Other information:</phrase>
</title>
<item>
<ptxt>
<phrase category="" id="KC06091139" phrase-urn="urn:x-nevis:phrase:0800c8af81736397">For information#@#@#53# see <xref>
<ref id="KC06091140"/>
</xref>
</phrase>
</ptxt>
</item>
<item>
<ptxt>
<phrase category="" id="KC06091141" phrase-urn="urn:x-nevis:phrase:0800c8af81736398">To connect the #@#@#13# see <xref>
<ref id="KC06091142"/>
</xref>
</phrase>
</ptxt>
</item>
<item>
<ptxt>
<phrase category="" id="KC06091143" phrase-urn="urn:x-nevis:phrase:0800c8af81736399">For information#@#@#15# see <xref>
<ref id="KC06091144"/>
</xref>
</phrase>
</ptxt>
</item>
<item>
<ptxt>
<phrase category="" id="KC06091145" phrase-urn="urn:x-nevis:phrase:0800c8af8173639a">
<xref>
<ref id="KC06091146"/>
</xref>.</phrase>
</ptxt>
</item>
</list1>
<diaglist>
<dgraphic>
<dgraphic1>
<graphic id="KC06091147">
<href>0900c8af80058dd#@#@#9#.jpeg</href>
</graphic>
</dgraphic1>
<dgraphic2>
<graphic id="KC06091148">
<href>0900c8af80054d4#@#@#9#.jpeg</href>
</graphic>
<smarttool active="press" id="KC06091149" toolname="VDCDAH"/>
</dgraphic2>
</dgraphic>
<ditem>
<ditemtext>
<ptxt>
<phrase category="" id="KC06091150" phrase-urn="urn:x-nevis:phrase:0800c8af8173639b"/>
</ptxt>
</ditemtext>
</ditem>
</diaglist>
<grate>
<graphic id="KC06091151">
<href>0900c8af80058dd#@#@#9#.jpeg</href>
</graphic>
</grate>
</test2>
</test1>
<question>Is the cable OK?</question>
<resact-grp>
<result button="yes" comp="button" highlight="0"/>
<action j2008use="1" paperuse="1" screenuse="1">
<ptxt>
<xref>
<ref id="KC06091152"/>
</xref>
</ptxt>
</action>
</resact-grp>
<resact-grp>
<result button="no" comp="button" highlight="0"/>
<action j2008use="1" paperuse="1" screenuse="1">
<ptxt>
<xref>
<ref id="KC06091153"/>
</xref>
</ptxt>
</action>
</resact-grp>
</node>
</testgrp>
<testgrp id="KC01236846" j2008use="1" paperuse="1" resumable="1" screenuse="1" testgrp-id="node4" x="120" y="400">
<title>
<phrase category="" id="KC06091154" phrase-urn="urn:x-nevis:phrase:0800c8af8173639c">Replacing the c#@#@#3#onent</phrase>
</title>
<node>
<test1>
<test2>
<ptxt>
<phrase category="" id="KC06091155" phrase-urn="urn:x-nevis:phrase:0800c8af8173639d">Replacing the s#@#@#26# See <xref>
<ref id="KC06091156"/>
</xref>. </phrase>
</ptxt>
</test2>
</test1>
<question>Select Continue.</question>
<resact-grp>
<result button="cont" comp="button" highlight="0"/>
<action j2008use="1" paperuse="1" screenuse="1">
<ptxt>
<xref>
<ref id="KC06091157"/>
</xref>
</ptxt>
</action>
</resact-grp>
</node>
</testgrp>
<testgrp id="KC01236847" j2008use="1" paperuse="1" resumable="1" screenuse="1" testgrp-id="veria" x="120" y="480">
<title>
<phrase category="" id="KC06091158" phrase-urn="urn:x-nevis:phrase:0800c8af81736383">Verification</phrase>
</title>
<subcalloutnode>
<diagcallout>
<xref>
<ref id="KC06091159"/>
</xref>
</diagcallout>
<rescall-grp>
<result comp="string" highlight="0" op="eq" return="VERIFIED"/>
<calloutaction>
<return value="FAULT FOUND"/>
</calloutaction>
</rescall-grp>
<rescall-grp>
<result comp="string" highlight="0" op="eq" return="VERIFICATION FAILED"/>
<calloutaction>
<ptxt>
<xref>
<ref id="KC06091160"/>
</xref>
</ptxt>
</calloutaction>
</rescall-grp>
</subcalloutnode>
</testgrp>
<testgrp id="KC01236848" j2008use="1" paperuse="1" resumable="1" screenuse="1" testgrp-id="info1" x="360" y="240">
<title>
<phrase category="" id="KC06091161" phrase-urn="urn:x-nevis:phrase:0800c8af81736384">Fault-tracing i#@#@#5#ation</phrase>
</title>
<subcalloutnode>
<diagcallout>
<xref>
<ref id="KC06091162"/>
</xref>
</diagcallout>
<rescall-grp>
<result comp="string" highlight="0" op="eq" return="FAULTTRACING FAILED"/>
<calloutaction>
<return value="FAULT NOT FOUND"/>
</calloutaction>
</rescall-grp>
<rescall-grp>
<result comp="string" highlight="0" op="eq" return="NEW TRY"/>
<calloutaction>
<ptxt>
<xref>
<ref id="KC06091163"/>
</xref>
</ptxt>
</calloutaction>
</rescall-grp>
</subcalloutnode>
</testgrp>
</diagnostic>
</servinfosub>