<?xml version="1.0" encoding="UTF-8"?><servinfosub IE-ID="en-US0900c8af8095370f" docno="VCC-131530" id="KC01625118" xml:lang="en-US">
<title>Crankshaft fron#@#@#21#ement</title>
<procedure opcode="1234" opnbr="1234">
<proctools>
<toolitem id="KC06792308"/>
<toolitem id="KC06792309"/>
</proctools>
<procstep id="KC01687259">
<title>Conditions</title>
<para>
<ptxt>Remove camshaft#@#@#6# see <xref>
<ref id="KC06792310"/>
</xref>.</ptxt>
</para>
</procstep>
<stepgrp id="KC01687260">
<procstep id="KC01687261">
<title>Removal of cran#@#@#19#g box</title>
<grate>
<graphic id="KC06792311" width="column">
<href>0900c8af8012383#@#@#9#.jpeg</href>
</graphic>
<graphtext>
<list1 enumtype="d">
<item>
<ptxt>Remove gear and#@#@#2#edge.</ptxt>
</item>
<item>
<ptxt>Use a screwdriv#@#@#28# box.</ptxt>
</item>
<item>
<ptxt>Remove the old #@#@#26#tool <toolitem id="KC06792312"/>.</ptxt>
</item>
<item>
<ptxt>Clean contact s#@#@#3#aces.</ptxt>
</item>
</list1>
</graphtext>
</grate>
</procstep>
<procstep id="KC01687262">
<title>Installation of#@#@#24#g box</title>
<grate>
<graphic id="KC06792313">
<href>0900c8af8012471#@#@#9#.jpeg</href>
</graphic>
<graphtext>
<list1 enumtype="d">
<item>
<ptxt>Position socket <toolitem id="KC06792314"/> on crankshaft.</ptxt>
</item>
<item>
<ptxt>Apply oil on pa#@#@#48#haft.</ptxt>
</item>
<item>
<ptxt>Press packing b#@#@#20#tool <toolitem id="KC06792315"/>.</ptxt>
<note>
<ptxt>Use crankshaft #@#@#27# box.</ptxt>
</note>
</item>
<item>
<ptxt>Disconnect the #@#@#8#tool.</ptxt>
</item>
<item>
<ptxt>Install wedge a#@#@#3#gear.</ptxt>
</item>
</list1>
<para>
<ptxt>Install camshaf#@#@#7# see <xref>
<ref id="KC06792316"/>
</xref>.</ptxt>
</para>
</graphtext>
</grate>
</procstep>
</stepgrp>
</procedure>
</servinfosub>