<?xml version="1.0" encoding="UTF-8"?><servinfosub IE-ID="en-US0900c8af83c2570f" docno="VCC-097223" id="KC01221764" xml:lang="en-US">
<title id="nev12549453n250">Injector/pulse #@#@#14#ement</title>
<procedure id="nev12549453n248">
<stepgrp id="nev12549453n246">
<procstep id="nev12549453n244">
<title id="nev12549453n242">Preparation</title>
<grate id="nev12549453n240">
<graphic id="KC07144612">
<href>0900c8af8005797#@#@#9#.jpeg</href>
</graphic>
<graphtext id="nev12549453n235">
<para id="nev12549453n233">
<ptxt id="nev12549453n231">Drain the fuel #@#@#17# See <xref id="nev12549453n229">
<ref id="KC07144613"/>
</xref>. </ptxt>
<ptxt id="nev12549453n224">Remove the plas#@#@#154#ngs. <emph id="nev12549453n222">Applies only to#@#@#2#6xx4T</emph>.</ptxt>
</para>
</graphtext>
</grate>
<grate id="nev12549453n220">
<graphic id="KC07144614">
<href>0900c8af8005797#@#@#9#.jpeg</href>
</graphic>
<graphtext id="nev12549453n215">
<ptxt id="nev12549453n213">Remove the uppe#@#@#55#tool <toolitem id="KC07144615"/>. <emph id="nev12549453n208"> Only applies B#@#@#8#gines</emph>.</ptxt>
<para id="nev12549453n206">
<ptxt id="nev12549453n204">Remove the fuel#@#@#1#rail.</ptxt>
<ptxt id="nev12549453n202">Disconnect the #@#@#26#ors. </ptxt>
<ptxt id="nev12549453n200">Remove the moun#@#@#26#rail.</ptxt>
<ptxt id="nev12549453n198">Separate the fu#@#@#40#lso: <xref id="nev12549453n196">
<ref id="KC07144617"/>
</xref>. Use tool <toolitem id="KC07144618"/>.  </ptxt>
<ptxt id="nev12549453n188">Spray universal#@#@#65#old. </ptxt>
</para>
</graphtext>
</grate>
<grate id="nev12549453n186">
<graphic id="KC07144619">
<href>0900c8af8005799#@#@#9#.jpeg</href>
</graphic>
<graphtext id="nev12549453n181">
<para id="nev12549453n179">
<ptxt id="nev12549453n177"/>
<ptxt id="nev12549453n175">Gently work the#@#@#27#ose. </ptxt>
</para>
<note id="nev12549453n173">
<ptxt id="nev12549453n171">Handle the inje#@#@#77#dles.</ptxt>
</note>
</graphtext>
</grate>
</procstep>
<procstep id="nev12549453n169">
<title id="nev12549453n167">Removing injectors</title>
<list1 enumtype="d" id="nev12549453n165" type="unordered">
<title id="nev12549453n163">Remove</title>
<item id="nev12549453n161">
<ptxt id="nev12549453n159">the screws hold#@#@#34#rail </ptxt>
</item>
<item id="nev12549453n157">
<ptxt id="nev12549453n155">the mounting rail</ptxt>
</item>
<item id="nev12549453n153">
<ptxt id="nev12549453n151">the injector.</ptxt>
</item>
</list1>
</procstep>
<procstep id="nev12549453n149">
<title id="nev12549453n147">Removing the pu#@#@#9#amper</title>
<list1 enumtype="d" id="nev12549453n145" type="unordered">
<title id="nev12549453n143">Remove</title>
<item id="nev12549453n141">
<ptxt id="nev12549453n139">the screws hold#@#@#34#rail </ptxt>
</item>
<item id="nev12549453n137">
<ptxt id="nev12549453n135">the mounting rail</ptxt>
</item>
<item id="nev12549453n133">
<ptxt id="nev12549453n131">the pulsation d#@#@#1#mper.</ptxt>
</item>
</list1>
</procstep>
<procstep id="nev12549453n129">
<title id="nev12549453n127">Installing injectors</title>
<para id="nev12549453n125">
<ptxt id="nev12549453n123">Lubricate the O#@#@#44#elly.</ptxt>
<ptxt id="nev12549453n121">Install the inj#@#@#1#ctor.</ptxt>
</para>
</procstep>
<procstep id="nev12549453n119">
<title id="nev12549453n117">Installing the #@#@#11#amper</title>
<para id="nev12549453n115">
<ptxt id="nev12549453n113">Lubricate the O#@#@#52#elly.</ptxt>
<ptxt id="nev12549453n111">Install the pul#@#@#9#mper.</ptxt>
</para>
</procstep>
<procstep id="nev12549453n109">
<title id="nev12549453n107">Finishing</title>
<para id="nev12549453n105">
<ptxt id="nev12549453n103">Position the mo#@#@#106#rail.</ptxt>
<ptxt id="nev12549453n101">Tighten the mou#@#@#24#ail. </ptxt>
<ptxt id="nev12549453n99">Press down the #@#@#57#ned. </ptxt>
<ptxt id="nev12549453n97">Screw the fuel #@#@#39#n to <emph id="nev12549453n95">10 Nm</emph>. </ptxt>
<ptxt id="nev12549453n93">Install all con#@#@#20#tors.</ptxt>
<ptxt id="nev12549453n91">Press the quick#@#@#60# See <xref id="nev12549453n89">
<ref id="KC07144620"/>
</xref>. </ptxt>
</para>
<grate id="nev12549453n84">
<graphic id="KC07144621">
<href>0900c8af8005797#@#@#9#.jpeg</href>
</graphic>
<graphtext id="nev12549453n79">
<para id="nev12549453n77">
<ptxt id="nev12549453n75">
<emph id="nev12549453n73">Applies only to#@#@#2#6xx4T</emph>. Remove the se#@#@#129#TC). </ptxt>
</para>
</graphtext>
</grate>
<grate id="nev12549453n71">
<graphic id="KC07144622">
<href>0900c8af8005797#@#@#9#.jpeg</href>
</graphic>
<graphtext id="nev12549453n66">
<para id="nev12549453n64">
<ptxt id="nev12549453n62">
<emph id="nev12549453n60">Applies only to#@#@#10#gines</emph>. Remove tool 9#@#@#41#ll a <emph id="nev12549453n58">new gasket</emph>. Install the u#@#@#43#n to <emph id="nev12549453n56">17 Nm</emph>. Start from th#@#@#28#tely.</ptxt>
</para>
</graphtext>
</grate>
</procstep>
</stepgrp>
</procedure>
</servinfosub>