<?xml version="1.0" encoding="UTF-8"?><servinfosub IE-ID="en-US0900c8af8093b70f" docno="VCC-117800" id="KC02493450" xml:lang="en-US">
<title>
<phrase category="" id="KC09369661" phrase-urn="urn:x-nevis:phrase:0800c8af826f5158">Checking the tr#@#@#39#leaks</phrase>
</title>
<diagnostic type="test">
<testgrp IE-ID="en-US0900c8af8093b70f_KC02506101" id="KC02506101" j2008use="1" paperuse="1" resumable="1" screenuse="1" testgrp-id="eaa" x="120" y="80">
<title>
<phrase category="" id="KC09369662" phrase-urn="urn:x-nevis:phrase:0800c8af826f5159">Checking the tr#@#@#38#leaks</phrase>
</title>
<node>
<test1>
<test2>
<para>
<ptxt>
<phrase category="" id="KC09369663" phrase-urn="urn:x-nevis:phrase:0800c8af826f515a">Check the trans#@#@#37#eaks.</phrase>
</ptxt>
</para>
<para>
<ptxt>
<phrase category="" id="KC09369664" phrase-urn="urn:x-nevis:phrase:0800c8af826f515b">In case of leak#@#@#32#sion.</phrase>
</ptxt>
</para>
<list1 enumtype="d" type="unordered">
<title>
<phrase category="" id="KC09369665" phrase-urn="urn:x-nevis:phrase:0800c8af826f515c">Other information:</phrase>
</title>
<item>
<ptxt>
<phrase category="" id="KC09369666" phrase-urn="urn:x-nevis:phrase:0800c8af826f515d">For information#@#@#15# see <xref>
<ref id="KC09369667"/>
</xref>. </phrase>
</ptxt>
</item>
<item>
<ptxt>
<phrase category="" id="KC09369668" phrase-urn="urn:x-nevis:phrase:0800c8af826f515e">For information#@#@#19# see <xref>
<ref id="KC09369669"/>
</xref>. </phrase>
</ptxt>
</item>
</list1>
</test2>
</test1>
<question>
Is there any l#@#@#3#age?
</question>
<resact-grp>
<result button="yes" comp="button" highlight="0"/>
<action j2008use="1" paperuse="1" screenuse="1">
<return value="FAULT FOUND"/>
</action>
</resact-grp>
<resact-grp>
<result button="no" comp="button" highlight="0"/>
<action j2008use="1" paperuse="1" screenuse="1">
<return value="FAULT NOT FOUND"/>
</action>
</resact-grp>
</node>
</testgrp>
</diagnostic>
</servinfosub>