<?xml version="1.0" encoding="UTF-8"?><script xmlns:nevis="http://www.volvocars.com/namespaces/processing" xmlns:xlink="http://www.w3.org/1999/xlink" IE-ID="en-US0900c8af87eb3c0e" docno="VCC-502075" id="nev27687938n1" nevis:expl-profile="mdl120yr2018" nevis:profile="urn:x-nevis:profile:0b00c8af877ef42d" nevis:projectdocument="urn:x-nevis:projectdocument:0800c8af87a39d82" nevis:resource="0900c8af87eb3c27" nevis:resource2="urn:x-nevis:fragment:0900c8af87eb3c0e:0900c8af87eb3c27#nev27687938n1" nevis:session-id="" qualifierinfotype="14:06" xml:lang="en-US"><title id="nev27687938n2"><phrase category="Title" id="nev27687938n3" phrase-urn="urn:x-nevis:phrase:0800c8af86f03262">Component test:</phrase><phrase category="Generic Component" id="nev27687938n4" phrase-urn="urn:x-nevis:phrase:0800c8af869f1861">Inflatable curtain</phrase></title><content id="nev27687938n5-nev27687939n1" nevis:expl-profile="mdl120yr2018" nevis:idfrom="nev27687938n5" nevis:prefix="nev27687938n5" nevis:profile="urn:x-nevis:profile:0b00c8af877ef42d" nevis:resource="0900c8af87eb3c25" nevis:resource2="urn:x-nevis:fragment:0900c8af87eb3c0e:0900c8af87eb3c25#nev27687939n1" xml:lang="en-US"><nodes id="nev27687938n5-nev27687939n2"/><SpaScript Id="4b7159da-98df-4230-98ef-12e4c5278aab" Name="Component test: Inflatable curtain " Type="FaultTracing" id="nev27687938n5-nev28798834n1"><Module Annotation="First we run the generic component test module.&#xD;&#xA;After that you can put your individual&#xD;&#xA;component tests..." IsEventHandler="false" Name="Main" id="nev27687938n5-nev28798835n1"><Variable Annotation="" Id="test_remove" Scope="Local" Type="InfoDisplay" id="nev27687938n5-nev28798836n1"><Value Type="InfoDisplayVariable" id="nev27687938n5-nev28798837n1"><infoDisplay id="nev27687938n5-nev27687939n7"><title id="nev27687938n5-nev27687939n8"><freeText id="nev27687938n5-nev27687939n9">Test Test Test</freeText></title><para id="nev27687938n5-nev27687939n10"><freeText id="nev27687938n5-nev27687940n1">Detta är den ge#@#@#45#p... </freeText></para><para id="nev27687938n5-nev27687940n2"><freeText id="nev27687938n5-nev27687940n3">Denna text visa#@#@#42#erats</freeText></para></infoDisplay></Value></Variable><Variable Annotation="" Id="Input" Scope="Input" Type="FaultTracing.Input" id="nev27687938n5-nev28798838n1"/><Component Annotation="Generic test to inform about the DTC condition for faulttracing this cmponent." ComponentId="CallModule_GenericComponentTest" id="nev27687938n5-nev28798839n1"><CallModule id="nev27687938n5-nev28798840n1"><Input Module="GenericComponentTest" id="nev27687938n5-nev28798841n1"><Arg Value="{Input}" id="nev27687938n5-nev28798842n1"/></Input></CallModule></Component><Component ComponentId="RunScript1" id="nev27687938n5-nev28798843n1"><RunScript id="nev27687938n5-nev28798844n1"><Input id="nev27687938n5-nev28798845n1"><NevisLink ProjectDocumentId="0800c8af87eb3954" VCCNumber="VCC-507848-1" VariantId="0900c8af87eb396a" id="nev27687938n5-nev28798846n1"/><Contract id="nev27687938n5-nev28798847n1"/><Arguments id="nev27687938n5-nev28798848n1"/><NevisXRef id="nev27687938n5-nev28798849n1"><ref id="nev27687938n5-nev28798833n1"><locator xlink:href="#nev27687938n5-nev28798833n1" xlink:type="locator"/><locator xlink:href="urn:x-nevis:xref:0800c8af87eb3954:00000000:00000000#nev28795301n1" xlink:type="locator"/><arc nevis:href="urn:x-nevis:xref:0800c8af87eb3954:00000000:00000000#nev28795301n1" xlink:title="VCC-507848, Igniter" xlink:type="arc"/></ref></NevisXRef></Input></RunScript></Component></Module><Module IsEventHandler="false" Name="Final" id="nev27687938n5-nev28798853n1"/><Module Annotation="Do not touch!" IsEventHandler="false" Name="GenericComponentTest" id="nev27687938n5-nev28798854n1"><Variable Annotation="" Id="InfoDisplayFromGenericLogic" Scope="Local" Type="InfoDisplay" id="nev27687938n5-nev28798855n1"><Value Type="InfoDisplayVariable" id="nev27687938n5-nev28798856n1"><infoDisplay id="nev27687938n5-nev27687942n1"/></Value></Variable><Variable Annotation="" Id="DTCs" Scope="Input" Type="List[String]" id="nev27687938n5-nev28798857n1"/><Component ComponentId="Logger_running_generic" id="nev27687938n5-nev28798858n1"><Logger id="nev27687938n5-nev28798859n1"><Input Text="Running module GenericComponenttest in component test 14:06..........   --- Version: 2015-01-23," id="nev27687938n5-nev28798860n1"/></Logger></Component><Component Annotation="Run the Generic Logic 14:00" ComponentId="RunScript_generic_logic" id="nev27687938n5-nev28798861n1"><RunScript id="nev27687938n5-nev28798862n1"><Input id="nev27687938n5-nev28798863n1"><NevisLink ProjectDocumentId="0800c8af86b6bb5c" VCCNumber="VCC-479232-1" VariantId="0900c8af86b6bb6b" id="nev27687938n5-nev28798864n1"/><Contract id="nev27687938n5-nev28798865n1"><InputVariable Name="DTC_input_data" Type="FaultTracing.Input" id="nev27687938n5-nev28798866n1"/><OutputVariable Name="Error" Type="Double" id="nev27687938n5-nev28798867n1"/><OutputVariable Name="ReturnInfoDisplay" Type="InfoDisplay" id="nev27687938n5-nev28798868n1"/><OutputVariable Name="Only_UC_since_LC" Type="Double" id="nev27687938n5-nev28798869n1"/><OutputVariable Name="TF_since_LC_TestPassedNow" Type="Double" id="nev27687938n5-nev28798870n1"/><OutputVariable Name="TF_since_LC_TestNotRunning" Type="Double" id="nev27687938n5-nev28798871n1"/><OutputVariable Name="TF_since_LC_and_UC_this_OC" Type="Double" id="nev27687938n5-nev28798872n1"/><OutputVariable Name="FaultFreeComponent" Type="Double" id="nev27687938n5-nev28798873n1"/></Contract><Arguments InputValue1="{DTCs}" id="nev27687938n5-nev28798874n1"/><NevisXRef id="nev27687938n5-nev27687943n10"><ref id="nev27687938n5-nev27687944n1"><locator xlink:href="#nev27687938n5-nev27687944n1" xlink:type="locator"/><locator xlink:href="urn:x-nevis:xref:0800c8af86b6bb5c:00000000:00000000#nev22873702n1" xlink:type="locator"/><arc nevis:href="urn:x-nevis:xref:0800c8af86b6bb5c:00000000:00000000#nev22873702n1" xlink:title="VCC-479232, Generic logic for component test" xlink:type="arc"/></ref></NevisXRef></Input></RunScript></Component><If Annotation="if no error show generic info about DTC status for component" LogicId="If_no_error" id="nev27687938n5-nev28798877n1"><LogicStatement Expression="RunScript_generic_logic_Result.Error == False" id="nev27687938n5-nev28798878n1"/><True id="nev27687938n5-nev28798879n1"><Component ComponentId="Logger_showing_infodisplay" id="nev27687938n5-nev28798880n1"><Logger id="nev27687938n5-nev28798881n1"><Input Text="Showing information from generic logic script" id="nev27687938n5-nev28798882n1"/></Logger></Component><Component Annotation="From infodisplay returned by generic logic to a local infodisplay variable due to a bug in SPASE " ComponentId="AssignValue_Infodisplay" id="nev27687938n5-nev28798883n1"><AssignValue id="nev27687938n5-nev28798884n1"><Input AssignTo="{InfoDisplayFromGenericLogic}" Value="{RunScript_generic_logic_Result ReturnInfoDisplay}" id="nev27687938n5-nev28798885n1"/></AssignValue></Component><Component Annotation="Result from the generic logic 14:00" ComponentId="DisplayInformation_FromGenericLogic" id="nev27687938n5-nev28798886n1"><DisplayInformation id="nev27687938n5-nev28798887n1"><Input ButtonType="0" InfoDisplay="{InfoDisplayFromGenericLogic}" id="nev27687938n5-nev28798888n1"/></DisplayInformation></Component><If Annotation="If component only has unconfirmed DTC" LogicId="If_OnlyUnconfirmed" id="nev27687938n5-nev28798889n1"><LogicStatement Expression="RunScript_generic_logic_Result.Only_UC_since_LC == True" id="nev27687938n5-nev28798890n1"/><True id="nev27687938n5-nev28798891n1"><Component ComponentId="Logger_onlyUnconfirmed" id="nev27687938n5-nev28798892n1"><Logger id="nev27687938n5-nev28798893n1"><Input Text="The component Test 14:06, Module: GenericcomponentTest is now starting the 14:00 generic script for only unconfirmed since generic logic responded that there was only unconfirmed DTC" id="nev27687938n5-nev28798894n1"/></Logger></Component><Component Annotation="Generic Logic only for unconfirmed faulttracing" ComponentId="RunScript_OnlyUnconfirmed" id="nev27687938n5-nev28798895n1"><RunScript id="nev27687938n5-nev28798896n1"><Input id="nev27687938n5-nev28798897n1"><NevisLink ProjectDocumentId="0800c8af86bbe0d4" VCCNumber="VCC-479592-1" VariantId="0900c8af86bbddf9" id="nev27687938n5-nev28798898n1"/><Contract id="nev27687938n5-nev28798899n1"><InputVariable Name="AttemptNo" Type="Double" id="nev27687938n5-nev28798900n1"/><InputVariable Name="DTCs" Type="List[String]" id="nev27687938n5-nev28798901n1"/><OutputVariable Name="Verified" Type="Double" id="nev27687938n5-nev28798902n1"/><OutputVariable Name="ReturningInfodisplay" Type="InfoDisplay" id="nev27687938n5-nev28798903n1"/></Contract><Arguments InputValue1="1" InputValue2="{DTCs}" id="nev27687938n5-nev28798904n1"/><NevisXRef id="nev27687938n5-nev27687946n10"><ref id="nev27687938n5-nev27687947n1"><locator xlink:href="#nev27687938n5-nev27687947n1" xlink:type="locator"/><locator xlink:href="urn:x-nevis:xref:0800c8af86bbe0d4:00000000:00000000#nev22964386n1" xlink:type="locator"/><arc nevis:href="urn:x-nevis:xref:0800c8af86bbe0d4:00000000:00000000#nev22964386n1" xlink:title="VCC-479592, GenericLogicForOnlyUnconfirmedComponentTest" xlink:type="arc"/></ref></NevisXRef></Input></RunScript></Component><Component ComponentId="AssignValue_infodisplay" id="nev27687938n5-nev28798908n1"><AssignValue id="nev27687938n5-nev28798909n1"><Input AssignTo="{InfoDisplayFromGenericLogic}" Value="{RunScript_OnlyUnconfirmed_Result ReturningInfodisplay}" id="nev27687938n5-nev28798910n1"/></AssignValue></Component><Component ComponentId="DisplayInformation_ResultOnlyUnconfirmed" id="nev27687938n5-nev28798911n1"><DisplayInformation id="nev27687938n5-nev28798912n1"><Input ButtonType="0" InfoDisplay="{InfoDisplayFromGenericLogic}" id="nev27687938n5-nev28798913n1"/></DisplayInformation></Component><If Annotation="Verified ?" LogicId="If1" id="nev27687938n5-nev28798914n1"><LogicStatement Expression="RunScript_OnlyUnconfirmed_Result.Verified == True" id="nev27687938n5-nev28798915n1"/><True id="nev27687938n5-nev28798916n1"><Component Annotation="Verified" ComponentId="Logger_finished" id="nev27687938n5-nev28798917n1"><Logger id="nev27687938n5-nev28798918n1"><Input Text="Generic fault tracing instructions for only unconfirmed fault finished. the fault is verified..." id="nev27687938n5-nev28798919n1"/></Logger></Component></True><Else id="nev27687938n5-nev28798920n1"><Component ComponentId="Logger_NotVerifiedRetry2" id="nev27687938n5-nev28798921n1"><Logger id="nev27687938n5-nev28798922n1"><Input Text="The only unconfirmed fault is not verified... Running onlyUnconfirmedScript 14:00 one more time..." id="nev27687938n5-nev28798923n1"/></Logger></Component><Component Annotation="Second try" ComponentId="RunScriptUnconfirmed_2" id="nev27687938n5-nev28798924n1"><RunScript id="nev27687938n5-nev28798925n1"><Input id="nev27687938n5-nev28798926n1"><NevisLink ProjectDocumentId="0800c8af86bbe0d4" VCCNumber="VCC-479592-1" VariantId="0900c8af86bbddf9" id="nev27687938n5-nev28798927n1"/><Contract id="nev27687938n5-nev28798928n1"><InputVariable Name="AttemptNo" Type="Double" id="nev27687938n5-nev28798929n1"/><InputVariable Name="DTCs" Type="List[String]" id="nev27687938n5-nev28798930n1"/><OutputVariable Name="Verified" Type="Double" id="nev27687938n5-nev28798931n1"/><OutputVariable Name="ReturningInfodisplay" Type="InfoDisplay" id="nev27687938n5-nev28798932n1"/></Contract><Arguments InputValue1="2" InputValue2="{DTCs}" id="nev27687938n5-nev28798933n1"/><NevisXRef id="nev27687938n5-nev27687949n8"><ref id="nev27687938n5-nev27687949n9"><locator xlink:href="#nev27687938n5-nev27687949n9" xlink:type="locator"/><locator xlink:href="urn:x-nevis:xref:0800c8af86bbe0d4:00000000:00000000#nev22964386n1" xlink:type="locator"/><arc nevis:href="urn:x-nevis:xref:0800c8af86bbe0d4:00000000:00000000#nev22964386n1" xlink:title="VCC-479592, GenericLogicForOnlyUnconfirmedComponentTest" xlink:type="arc"/></ref></NevisXRef></Input></RunScript></Component><Component Annotation="" ComponentId="AssignValue_infodisplay2" id="nev27687938n5-nev28798937n1"><AssignValue id="nev27687938n5-nev28798938n1"><Input AssignTo="{InfoDisplayFromGenericLogic}" Value="{RunScriptUnconfirmed_2_Result ReturningInfodisplay}" id="nev27687938n5-nev28798939n1"/></AssignValue></Component><Component ComponentId="DisplayInformation_ResultUC_2" id="nev27687938n5-nev28798940n1"><DisplayInformation id="nev27687938n5-nev28798941n1"><Input ButtonType="0" InfoDisplay="{InfoDisplayFromGenericLogic}" id="nev27687938n5-nev28798942n1"/></DisplayInformation></Component></Else></If></True><Else id="nev27687938n5-nev28798943n1"/></If></True><Else id="nev27687938n5-nev28798944n1"><Component ComponentId="Logger_error" id="nev27687938n5-nev28798945n1"><Logger id="nev27687938n5-nev28798946n1"><Input Text="Error! Something is wrong in generic logic14:00 script, no condition is true. disabling viewing of the generic information, continueing directly to specific fault tracing..." id="nev27687938n5-nev28798947n1"/></Logger></Component></Else></If><Component ComponentId="Logger_Finished" id="nev27687938n5-nev28798948n1"><Logger id="nev27687938n5-nev28798949n1"><Input Text="Generic module in 14:06 component test is finished, continuing with specific tests...." id="nev27687938n5-nev28798950n1"/></Logger></Component></Module></SpaScript></content></script>