<?xml version="1.0" encoding="UTF-8"?><servinfosub IE-ID="en-US0900c8af844d5c0e" docno="VCC-370892" id="nev13717014n1" original="sv-SE" servinfosubId="nev13717015n1-nev13717024n1" servinfosubRes="0900c8af844d5c10" servinfosubRes2="urn:x-nevis:fragment:0900c8af844d5c0e:0900c8af844d5c10#nev13717024n1" xml:lang="en-US">
<title id="nev13717013n9">Roof arch</title>
<imagedisclaimer id="nev13717015n1-nev13717023n33"/>
<procedure id="nev13717015n1-nev13717023n34">
<stepgrp boilerplate="true" context="removal" id="nev13717015n1-nev13717023n35">
<procstep id="nev13717015n1-nev13717023n75">
<title id="nev13717015n1-nev13717023n76"/>
<para id="nev13717015n1-nev13717023n77">
<ptxt id="nev13717015n1-nev13717023n78">Information for#@#@#18#ils. <xref boilerplate="true" id="nev13717015n1-nev13717023n79">
<ref id="nev13717015n1-nev13717023n80"/>
</xref>
</ptxt>
</para>
</procstep>
<procstep id="nev13717015n1-nev13717023n81">
<title id="nev13717015n1-nev13717023n82"/>
<para id="nev13717015n1-nev13717023n83">
<ptxt id="nev13717015n1-nev13717023n84">Remove roof panel. <xref boilerplate="true" id="nev13717015n1-nev13717023n93">
<ref id="nev13717015n1-nev13717023n94"/>
</xref>
</ptxt>
</para>
</procstep>
<procstep id="nev13717015n1-nev13717023n38">
<title id="nev13717015n1-nev13717023n39"/>
<para id="nev13717015n1-nev13717023n48">
<ptxt id="nev13717015n1-nev13717023n49">Determine the e#@#@#16#age. <xref boilerplate="true" id="nev13717015n1-nev13717023n95">
<ref id="nev13717015n1-nev13717023n96"/>
</xref>
</ptxt>
</para>
</procstep>
<procstep id="nev13717015n1-nev13717023n52">
<title id="nev13717015n1-nev13717023n53"/>
<grate id="nev13717015n1-nev13717023n54">
<graphic id="nev13717015n1-nev13717023n55">
<href>0900c8af83750af#@#@#9#.jpeg</href>
</graphic>
</grate>
</procstep>
</stepgrp>
<stepgrp boilerplate="true" context="installation" id="nev13717015n1-nev13717023n66">
<procstep id="nev13717015n1-nev13717023n87">
<title id="nev13717015n1-nev13717023n88"/>
<para id="nev13717015n1-nev13717023n89">
<ptxt id="nev13717015n1-nev13717023n90">Seal body.<xref boilerplate="true" id="nev13717015n1-nev13717023n97">
<ref id="nev13717015n1-nev13717023n98"/>
</xref>
</ptxt>
</para>
</procstep>
<procstep id="nev13717015n1-nev13717023n56">
<title id="nev13717015n1-nev13717023n57"/>
<para id="nev13717015n1-nev13717023n62">
<ptxt id="nev13717015n1-nev13717023n63">Rustproof body. <xref boilerplate="true" id="nev13717015n1-nev13717023n99">
<ref id="nev13717015n1-nev13717023n100"/>
</xref>
</ptxt>
</para>
</procstep>
<procstep id="nev13717015n1-nev13717023n67">
<title id="nev13717015n1-nev13717023n68"/>
<para id="nev13717015n1-nev13717023n71">
<ptxt id="nev13717015n1-nev13717023n72">Install roof panel.<xref boilerplate="true" id="nev13717015n1-nev13717026n1">
<ref id="nev13717015n1-nev13717026n2"/>
</xref>
</ptxt>
</para>
</procstep>
</stepgrp>
</procedure>
</servinfosub>