<?xml version="1.0" encoding="UTF-8"?><servinfosub IE-ID="en-US0800c8af80a14910" docno="T9995221" id="ST-0800c8af80a14910" xml:lang="en-US">
<title>999 5221 PUNCH </title>
<grate>
<graphic id="0900c8af8005d77b"/>
<graphtext>
<deflist>
<defitem>
<term>Tool number:</term>
<def>999 5221-0</def>
</defitem>
<defitem>
<term>Tool description:</term>
<def>PUNCH (INST.-VA#@#@#15#T)D24</def>
</defitem>
<defitem>
<term>Tool board:</term>
<def>21</def>
</defitem>
</deflist>
</graphtext>
</grate>
</servinfosub>