<?xml version="1.0" encoding="UTF-8"?><i2 IE-ID="en-US0900c8af869b7910" docno="VCC-461178" id="nev18972452n1" original="sv-SE" xml:lang="en-US">
<frontm id="nev18972452n2-nev22427517n95">
<prolog>
<tpnbr>31408859</tpnbr>
</prolog>
<titlep id="nev18972452n2-nev22427517n94">
<grate id="nev18972452n2-nev22427517n89">
<graphic id="nev18972452n2-nev22180341n53">
<href>0900c8af869b816#@#@#11#.jpeg</href>
</graphic>
</grate>
<title id="nev18972452n3">Electric engine#@#@#9#110 V</title>
</titlep>
<preface id="nev18972452n2-nev22427517n88">
<toolpics id="nev18972452n2-nev22427517n86">
<title id="nev18972452n2-0800c8af84f6831f">Equipment</title>
<i2graphic id="nev18972452n2-nev22180341n46">
<href>0900c8af84fe1a6#@#@#9#.jpeg</href>
</i2graphic>
<i2graphic id="nev18972452n2-nev22180341n45">
<href>0900c8af83557d9#@#@#9#.jpeg</href>
</i2graphic>
<i2graphic id="nev18972452n2-nev22180341n44">
<href>0900c8af83557b7#@#@#9#.jpeg</href>
</i2graphic>
<i2graphic id="nev18972452n2-nev22180341n43">
<href>0900c8af8356c20#@#@#9#.jpeg</href>
</i2graphic>
</toolpics>
<kitpics id="nev18972452n2-nev22427517n87">
<title id="nev18972452n2-0800c8af84f6835a">Component overview</title>
<i2graphic id="nev18972452n2-nev22180341n50">
<href>0900c8af85c8537#@#@#11#.jpeg</href>
</i2graphic>
<i2graphic id="nev18972452n2-nev22180341n49">
<href>0900c8af8528013#@#@#11#.jpeg</href>
</i2graphic>
<i2graphic id="nev18972452n2-nev22180341n48">
<href>0900c8af860129f#@#@#11#.jpeg</href>
</i2graphic>
</kitpics>
</preface>
</frontm>
<body id="nev18972452n2-nev22427517n96">
<servinfosub docno="VCC-461178" id="nev18972452n2-nev22293857n94" original="sv-SE" servinfosubId="nev18972452n2-nev22178786n1" servinfosubRes="0900c8af86a1a294" servinfosubRes2="urn:x-nevis:fragment:0900c8af869b7910:0900c8af86a1a294#nev22178786n1">
<operationnumbers>
<operationnumber>87652-2</operationnumber>
</operationnumbers>
<materialtable id="nev18972452n2-nev22427991n80">
<table id="nev18972452n2-nev22427991n79">
<tgroup cols="2" id="nev18972452n2-nev22427991n78">
<colspec colname="COLSPEC0" colwidth="1.00*" id="nev18972452n2-nev22427991n77"/>
<colspec colname="COLSPEC1" colwidth="1.00*" id="nev18972452n2-nev22427991n76"/>
<thead id="nev18972452n2-nev22427991n75">
<row id="nev18972452n2-nev22427991n74">
<entry id="nev18972452n2-nev22427991n73" nameend="COLSPEC1" namest="COLSPEC0" valign="top">
<ptxt id="nev18972452n2-nev22427991n72">
<emph id="nev18972452n2-nev22427991n71">Materials</emph>
</ptxt>
</entry>
</row>
</thead>
<tbody id="nev18972452n2-nev22427991n70">
<row id="nev18972452n2-nev22427991n69">
<entry id="nev18972452n2-nev22427991n68">
<ptxt id="nev18972452n2-nev22427991n67">
<emph id="nev18972452n2-nev22427991n66">Designation</emph>
</ptxt>
</entry>
<entry id="nev18972452n2-nev22427991n65">
<ptxt id="nev18972452n2-nev22427991n64">
<emph id="nev18972452n2-nev22427991n63">Part number</emph>
</ptxt>
</entry>
</row>
<row id="nev18972452n2-nev22427991n62">
<entry id="nev18972452n2-nev22427991n61">
<ptxt id="nev18972452n2-nev22427991n60">soap solution</ptxt>
</entry>
<entry id="nev18972452n2-nev22427991n58">
<ptxt id="nev18972452n2-nev22427991n57"/>
</entry>
</row>
<row id="nev18972452n2-nev22427991n56">
<entry id="nev18972452n2-nev22427991n55">
<ptxt id="nev18972452n2-nev22427991n54">Low temperature#@#@#2#rease</ptxt>
</entry>
<entry id="nev18972452n2-nev22427991n52">
<ptxt id="nev18972452n2-nev22427991n51">1161427</ptxt>
</entry>
</row>
</tbody>
</tgroup>
</table>
</materialtable>
<procedure id="nev18972452n2-nev22178805n6">
<stepgrp boilerplate="false" context="" id="nev18972452n2-nev22427517n85">
<title id="nev18972452n2-0800c8af84f682f9">Information</title>
<procstep id="nev18972452n2-nev22178805n10">
<list1 enumtype="b" id="nev13396149n248" type="unordered">
<item id="nev13396149n246">
<ptxt id="nev13396149n244">  Read through #@#@#48#tion.</ptxt>
</item>
<item id="nev13396149n240">
<ptxt id="nev13396149n238">Notifications a#@#@#99#tion.</ptxt>
</item>
<item id="nev13396149n236">
<ptxt id="nev13396149n234">Ensure that all#@#@#72#tion.</ptxt>
</item>
<item id="nev13396149n232">
<ptxt id="nev13396149n230">Certain steps i#@#@#114#teps.</ptxt>
</item>
<item id="nev13396149n228">
<ptxt id="nev13396149n226">In the event of#@#@#81#aler.</ptxt>
</item>
</list1>
</procstep>
</stepgrp>
<stepgrp boilerplate="false" context="" id="nev18972452n2-nev22427517n82">
<title id="nev18972452n2-0800c8af844a46ee">Color symbols</title>
<procstep id="nev18972452n2-nev22178806n7">
<grate id="nev18972452n2-nev22427517n80">
<graphic id="nev18972452n2-nev22427517n81">
<href>0900c8af8579af4#@#@#9#.jpeg</href>
</graphic>
<graphtext id="nev18972452n2-nev22428022n1">
<note id="nev18972452n2-0800c8af857d02fc">
<ptxt>This colour cha#@#@#127#teps.</ptxt>
</note>
<list1 enumtype="n" id="nev18972452n2-nev22178807n3" type="ordered">
<item id="nev18972452n2-nev22427517n79">
<ptxt id="nev18972452n2-nev22427517n78">Used for focuse#@#@#55#hing.</ptxt>
</item>
<item id="nev18972452n2-nev22427517n77">
<ptxt id="nev18972452n2-nev22427517n76">Used as extra c#@#@#57#arts.</ptxt>
</item>
<item id="nev18972452n2-nev22427517n75">
<ptxt id="nev18972452n2-nev22427517n74">Used for attach#@#@#73# etc.</ptxt>
</item>
<item id="nev18972452n2-nev22427517n73">
<ptxt id="nev18972452n2-nev22427517n72">Used when the c#@#@#68#side.</ptxt>
</item>
<item id="nev18972452n2-nev22427517n71">
<ptxt id="nev18972452n2-nev22427517n70">Used for standa#@#@#22#ools.</ptxt>
</item>
<item id="nev18972452n2-nev22427517n69">
<ptxt id="nev18972452n2-nev22427517n68">Used as backgro#@#@#28#ents.</ptxt>
</item>
</list1>
</graphtext>
</grate>
</procstep>
</stepgrp>
<stepgrp boilerplate="false" context="" id="nev18972452n2-nev22427517n67">
<title id="nev18972452n2-0800c8af844a46f6">Removal</title>
<procstep id="nev18972452n2-nev22178809n5">
<grate id="nev18972452n2-nev22427517n65">
<graphic id="nev18972452n2-nev22427517n66">
<href>0900c8af8526c20#@#@#9#.jpeg</href>
</graphic>
</grate>
</procstep>
<procstep id="nev18972452n2-nev22178809n8">
<grate id="nev18972452n2-nev22427517n63">
<graphic id="nev18972452n2-nev22427517n64">
<href>0900c8af869b827#@#@#9#.jpeg</href>
</graphic>
<graphtext id="nev18972452n2-nev22428029n1">
<para id="nev18972452n2-nev22427517n61">
<ptxt id="nev18972452n2-nev22427517n62">Clean the Bumpe#@#@#11#face.</ptxt>
</para>
<para id="nev18972452n2-nev22427517n59">
<ptxt id="nev18972452n2-nev22427517n60">
<material id="nev18972452n2-nev22178810n7" materialid="" materialname="soap solution" quantity="0.0" showInProcStep="true"/>
</ptxt>
</para>
</graphtext>
</grate>
</procstep>
<procstep id="nev18972452n2-nev22178810n8">
<grate id="nev18972452n2-nev22427517n57">
<graphic id="nev18972452n2-nev22427517n58">
<href>0900c8af860266e#@#@#9#.jpeg</href>
</graphic>
<graphtext id="nev18972452n2-nev22428036n1">
<para id="nev18972452n2-nev22427517n55">
<ptxt id="nev18972452n2-nev22427517n56">Use the templat#@#@#30#ions.</ptxt>
</para>
</graphtext>
</grate>
</procstep>
<procstep id="nev18972452n2-nev22178811n5">
<grate id="nev18972452n2-nev22427517n53">
<graphic id="nev18972452n2-nev22427517n54">
<href>0900c8af869b791#@#@#9#.jpeg</href>
</graphic>
</grate>
</procstep>
<procstep id="nev18972452n2-nev22178811n8">
<grate id="nev18972452n2-nev22427517n51">
<graphic id="nev18972452n2-nev22427517n52">
<href>0900c8af869b80b#@#@#9#.jpeg</href>
</graphic>
<graphtext id="nev18972452n2-nev22428043n1">
<caution id="nev18972452n2-0800c8af851650a8">
<ptxt>Cut carefully t#@#@#43#jury.</ptxt>
</caution>
</graphtext>
</grate>
</procstep>
<procstep id="nev18972452n2-nev22178812n4">
<grate id="nev18972452n2-nev22427517n49">
<graphic id="nev18972452n2-nev22427517n50">
<href>0900c8af852baa5#@#@#9#.jpeg</href>
</graphic>
<graphtext id="nev18972452n2-nev22428047n1">
<para id="nev18972452n2-nev22427517n47">
<ptxt id="nev18972452n2-nev22427517n48">Remove the screws.</ptxt>
</para>
</graphtext>
</grate>
</procstep>
<procstep id="nev18972452n2-nev22178812n7">
<grate id="nev18972452n2-nev22427517n45">
<graphic id="nev18972452n2-nev22427517n46">
<href>0900c8af852baad#@#@#9#.jpeg</href>
</graphic>
<graphtext id="nev18972452n2-nev22428051n1">
<para id="nev18972452n2-nev22427517n43">
<ptxt id="nev18972452n2-nev22427517n44">Remove the screws.</ptxt>
</para>
<para id="nev18972452n2-nev22427517n41">
<ptxt id="nev18972452n2-nev22427517n42">Remove the nuts.</ptxt>
</para>
</graphtext>
</grate>
</procstep>
<procstep id="nev18972452n2-nev22178813n7">
<grate id="nev18972452n2-nev22427517n39">
<graphic id="nev18972452n2-nev22427517n40">
<href>0900c8af852baae#@#@#9#.jpeg</href>
</graphic>
<graphtext id="nev18972452n2-nev22428055n1">
<para id="nev18972452n2-nev22427517n37">
<ptxt id="nev18972452n2-nev22427517n38">Fold the wing l#@#@#6#side.</ptxt>
</para>
</graphtext>
</grate>
</procstep>
</stepgrp>
<stepgrp boilerplate="false" context="" id="nev18972452n2-nev22427517n36">
<title id="nev18972452n2-0800c8af84fbdb3d">Accessory insta#@#@#2#ation</title>
<procstep id="nev18972452n2-nev22178814n7">
<grate id="nev18972452n2-nev22427517n34">
<graphic id="nev18972452n2-nev22427517n35">
<href>0900c8af852808e#@#@#9#.jpeg</href>
</graphic>
<graphtext id="nev18972452n2-nev22428059n1">
<para id="nev18972452n2-nev22427517n32">
<ptxt id="nev18972452n2-nev22427517n33">Install compone#@#@#32# kit.</ptxt>
</para>
<para id="nev18972452n2-nev22427517n30">
<ptxt id="nev18972452n2-nev22427517n31">Pull the wiring#@#@#4#ough.</ptxt>
</para>
</graphtext>
</grate>
</procstep>
<procstep id="nev18972452n2-nev22178815n7">
<grate id="nev18972452n2-nev22427517n28">
<graphic id="nev18972452n2-nev22427517n29">
<href>0900c8af857cfe5#@#@#9#.jpeg</href>
</graphic>
<graphtext id="nev18972452n2-nev22428063n1">
<note id="nev18972452n2-0800c8af854bf2da">
<ptxt>Note the position.</ptxt>
</note>
</graphtext>
</grate>
</procstep>
<procstep id="nev18972452n2-nev22178816n3">
<grate id="nev18972452n2-nev22427517n26">
<graphic id="nev18972452n2-nev22427517n27">
<href>0900c8af8528066#@#@#9#.jpeg</href>
</graphic>
<graphtext id="nev18972452n2-nev22428067n1">
<para id="nev18972452n2-nev22427517n24">
<ptxt id="nev18972452n2-nev22427517n25">Install compone#@#@#32# kit.</ptxt>
</para>
</graphtext>
</grate>
</procstep>
<procstep id="nev18972452n2-nev22178816n10">
<grate id="nev18972452n2-nev22427517n22">
<graphic id="nev18972452n2-nev22427517n23">
<href>0900c8af852a5bf#@#@#9#.jpeg</href>
</graphic>
</grate>
</procstep>
</stepgrp>
<stepgrp boilerplate="false" context="" id="nev18972452n2-nev22427517n21">
<title id="nev18972452n2-0800c8af844a46f6">Removal</title>
<procstep id="nev18972452n2-nev22178817n6">
<grate id="nev18972452n2-nev22427517n19">
<graphic id="nev18972452n2-nev22427517n20">
<href>0900c8af8528086#@#@#9#.jpeg</href>
</graphic>
<graphtext id="nev18972452n2-nev22428074n1">
<para id="nev18972452n2-nev22427517n17">
<ptxt id="nev18972452n2-nev22427517n18">Remove the panel.</ptxt>
</para>
</graphtext>
</grate>
</procstep>
<procstep id="nev18972452n2-nev22178818n3">
<grate id="nev18972452n2-nev22427517n15">
<graphic id="nev18972452n2-nev22427517n16">
<href>0900c8af852808f#@#@#9#.jpeg</href>
</graphic>
<graphtext id="nev18972452n2-nev22428078n1">
<para id="nev18972452n2-nev22427517n13">
<ptxt id="nev18972452n2-nev22427517n14">Remove the screws.</ptxt>
</para>
<para id="nev18972452n2-nev22427517n11">
<ptxt id="nev18972452n2-nev22427517n12">Remove the clips.</ptxt>
</para>
<para id="nev18972452n2-nev22427517n9">
<ptxt id="nev18972452n2-nev22427517n10">Remove the panel.</ptxt>
</para>
</graphtext>
</grate>
</procstep>
</stepgrp>
<stepgrp boilerplate="false" context="" id="nev18972452n2-nev22427517n8">
<title id="nev18972452n2-0800c8af84fbdb3d">Accessory insta#@#@#2#ation</title>
<procstep id="nev18972452n2-nev22178819n9">
<grate id="nev18972452n2-nev22427517n6">
<graphic id="nev18972452n2-nev22427517n7">
<href>0900c8af85c9157#@#@#9#.jpeg</href>
</graphic>
<graphtext id="nev18972452n2-nev22428082n1">
<note id="nev18972452n2-0800c8af85b47f49">
<ptxt>Orientation view</ptxt>
</note>
</graphtext>
</grate>
</procstep>
<procstep id="nev18972452n2-nev22178820n5">
<grate id="nev18972452n2-nev22427517n4">
<graphic id="nev18972452n2-nev22427517n5">
<href>0900c8af85c9143#@#@#9#.jpeg</href>
</graphic>
<graphtext id="nev18972452n2-nev22428086n1">
<para id="nev18972452n2-nev22427517n2">
<ptxt id="nev18972452n2-nev22427517n3">Install the screw.</ptxt>
</para>
<para id="nev18972452n2-nev22427990n100">
<ptxt id="nev18972452n2-nev22427517n1">
<torque id="nev18972452n2-nev22178821n4">
<ref id="nev18972452n2-nev22178821n5">
<locator href="#nev18972452n2-nev22178821n5" label="L0"/>
<locator href="urn:x-nevis:xref:0800c8af83434449:0000000000000000:0900c8af83434452#include" label="L1"/>
<arc from="L0" href="urn:x-nevis:xref:0800c8af83434449:0900c8af8343444a:0900c8af83434452#include" role="urn:x-nevis:profile:0b00c8af80206803 urn:x-nevis:profile:0b00c8af80206820 urn:x-nevis:profile:0b00c8af8020681c urn:x-nevis:profile:0b00c8af80206836 urn:x-nevis:profile:0b00c8af802067e1 urn:x-nevis:profile:0b00c8af802067d6 urn:x-nevis:profile:0b00c8af802067ef urn:x-nevis:profile:0b00c8af8020683a urn:x-nevis:profile:0b00c8af80206800 urn:x-nevis:profile:0b00c8af80206835 urn:x-nevis:profile:0b00c8af802067f3 urn:x-nevis:profile:0b00c8af802067cc urn:x-nevis:profile:0b00c8af80206805 urn:x-nevis:profile:0b00c8af8020683d urn:x-nevis:profile:0b00c8af80206829 urn:x-nevis:profile:0b00c8af80206840 urn:x-nevis:profile:0b00c8af80206808 urn:x-nevis:profile:0b00c8af80206818 urn:x-nevis:profile:0b00c8af80206831 urn:x-nevis:profile:0b00c8af80206830 urn:x-nevis:profile:0b00c8af802067ed urn:x-nevis:profile:0b00c8af80206824 urn:x-nevis:profile:0b00c8af8020682f urn:x-nevis:profile:0b00c8af80206822 urn:x-nevis:profile:0b00c8af8020682a urn:x-nevis:profile:0b00c8af802067fd urn:x-nevis:profile:0b00c8af80206819 urn:x-nevis:profile:0b00c8af802067cf urn:x-nevis:profile:0b00c8af8020680a urn:x-nevis:profile:0b00c8af802067f0 urn:x-nevis:profile:0b00c8af802067fa urn:x-nevis:profile:0b00c8af8020682d urn:x-nevis:profile:0b00c8af80206827 urn:x-nevis:profile:0b00c8af8020680d urn:x-nevis:profile:0b00c8af802067f7 urn:x-nevis:profile:0b00c8af802067fb urn:x-nevis:profile:0b00c8af8020683c urn:x-nevis:profile:0b00c8af802067d9 urn:x-nevis:profile:0b00c8af8020681a urn:x-nevis:profile:0b00c8af80206839 urn:x-nevis:profile:0b00c8af80206834 urn:x-nevis:profile:0b00c8af802067fc urn:x-nevis:profile:0b00c8af8020681e urn:x-nevis:profile:0b00c8af8020681d urn:x-nevis:profile:0b00c8af8020682b urn:x-nevis:profile:0b00c8af802067ff urn:x-nevis:profile:0b00c8af802067f9 urn:x-nevis:profile:0b00c8af8020683b urn:x-nevis:profile:0b00c8af80206838 urn:x-nevis:profile:0b00c8af802067d1 urn:x-nevis:profile:0b00c8af80206837 urn:x-nevis:profile:0b00c8af802067dd urn:x-nevis:profile:0b00c8af802067f1 urn:x-nevis:profile:0b00c8af80206828 urn:x-nevis:profile:0b00c8af80206801 urn:x-nevis:profile:0b00c8af802067d3 urn:x-nevis:profile:0b00c8af8020680e urn:x-nevis:profile:0b00c8af802067d4 urn:x-nevis:profile:0b00c8af802067f4 urn:x-nevis:profile:0b00c8af802067e5 urn:x-nevis:profile:0b00c8af80206826 urn:x-nevis:profile:0b00c8af80206807 urn:x-nevis:profile:0b00c8af802067f2 urn:x-nevis:profile:0b00c8af80206823 urn:x-nevis:profile:0b00c8af80206825 urn:x-nevis:profile:0b00c8af80206833 urn:x-nevis:profile:0b00c8af80206821 urn:x-nevis:profile:0b00c8af8020683e urn:x-nevis:profile:0b00c8af8020680f urn:x-nevis:profile:0b00c8af8020681f urn:x-nevis:profile:0b00c8af802067eb urn:x-nevis:profile:0b00c8af802067df urn:x-nevis:profile:0b00c8af8020680b urn:x-nevis:profile:0b00c8af80206841 urn:x-nevis:profile:0b00c8af80206816 urn:x-nevis:profile:0b00c8af80206832 urn:x-nevis:profile:0b00c8af802067ea urn:x-nevis:profile:0b00c8af80206817 urn:x-nevis:profile:0b00c8af802067e7 urn:x-nevis:profile:0b00c8af80206814 urn:x-nevis:profile:0b00c8af802067c9 urn:x-nevis:profile:0b00c8af80206810 urn:x-nevis:profile:0b00c8af8020683f urn:x-nevis:profile:0b00c8af8020682c urn:x-nevis:profile:0b00c8af80206815 urn:x-nevis:profile:0b00c8af802067fe urn:x-nevis:profile:0b00c8af802067f8 urn:x-nevis:profile:0b00c8af802067f5 urn:x-nevis:profile:0b00c8af80206811 urn:x-nevis:profile:0b00c8af80206812 urn:x-nevis:profile:0b00c8af802067e9 urn:x-nevis:profile:0b00c8af80206813 urn:x-nevis:profile:0b00c8af80206809 urn:x-nevis:profile:0b00c8af80206318 urn:x-nevis:profile:0b00c8af80206332 urn:x-nevis:profile:0b00c8af80206365 urn:x-nevis:profile:0b00c8af8020631e urn:x-nevis:profile:0b00c8af80206348 urn:x-nevis:profile:0b00c8af80206327 urn:x-nevis:profile:0b00c8af802065b2 urn:x-nevis:profile:0b00c8af8020662b urn:x-nevis:profile:0b00c8af80206643 urn:x-nevis:profile:0b00c8af802065fa urn:x-nevis:profile:0b00c8af8020662c urn:x-nevis:profile:0b00c8af802066de urn:x-nevis:profile:0b00c8af802065d4 urn:x-nevis:profile:0b00c8af80206785 urn:x-nevis:profile:0b00c8af80206634 urn:x-nevis:profile:0b00c8af8020bdc4 urn:x-nevis:profile:0b00c8af802065c8 urn:x-nevis:profile:0b00c8af80206616 urn:x-nevis:profile:0b00c8af802065fb urn:x-nevis:profile:0b00c8af8020661d urn:x-nevis:profile:0b00c8af80206605 urn:x-nevis:profile:0b00c8af802065ec urn:x-nevis:profile:0b00c8af802065ee urn:x-nevis:profile:0b00c8af82febdf9 urn:x-nevis:profile:0b00c8af83aff6b3 urn:x-nevis:profile:0b00c8af83f19e63 urn:x-nevis:profile:0b00c8af841552ad urn:x-nevis:profile:0b00c8af847139c0 urn:x-nevis:profile:0b00c8af84eb8111 urn:x-nevis:profile:0b00c8af8520c39e urn:x-nevis:profile:0b00c8af8512644f urn:x-nevis:profile:0b00c8af85330427 urn:x-nevis:profile:0b00c8af8568d0bf urn:x-nevis:profile:0b00c8af817ac33f urn:x-nevis:profile:0b00c8af82e3ac56 urn:x-nevis:profile:0b00c8af83affa46 urn:x-nevis:profile:0b00c8af83f1ad9d urn:x-nevis:profile:0b00c8af8415509d urn:x-nevis:profile:0b00c8af847139e4 urn:x-nevis:profile:0b00c8af84eb8113 urn:x-nevis:profile:0b00c8af8520c261 urn:x-nevis:profile:0b00c8af80206360 urn:x-nevis:profile:0b00c8af80206404 urn:x-nevis:profile:0b00c8af80206409 urn:x-nevis:profile:0b00c8af802063f0 urn:x-nevis:profile:0b00c8af80206449 urn:x-nevis:profile:0b00c8af80206452 urn:x-nevis:profile:0b00c8af802064ba urn:x-nevis:profile:0b00c8af813c6d14 urn:x-nevis:profile:0b00c8af8020635b urn:x-nevis:profile:0b00c8af80206427 urn:x-nevis:profile:0b00c8af8020644d urn:x-nevis:profile:0b00c8af80206410 urn:x-nevis:profile:0b00c8af8020648e urn:x-nevis:profile:0b00c8af88366e50 urn:x-nevis:profile:0b00c8af802065b7 urn:x-nevis:profile:0b00c8af802065cf urn:x-nevis:profile:0b00c8af802065a6 urn:x-nevis:profile:0b00c8af802065bd urn:x-nevis:profile:0b00c8af802065ab urn:x-nevis:profile:0b00c8af802065bf urn:x-nevis:profile:0b00c8af802065b3 urn:x-nevis:profile:0b00c8af802065af urn:x-nevis:profile:0b00c8af802065c5 urn:x-nevis:profile:0b00c8af8020c058 urn:x-nevis:profile:0b00c8af80da257b urn:x-nevis:profile:0b00c8af823216e9 urn:x-nevis:profile:0b00c8af82e5d02d urn:x-nevis:profile:0b00c8af839eaa60 urn:x-nevis:profile:0b00c8af83f1a51f urn:x-nevis:profile:0b00c8af8414dfad urn:x-nevis:profile:0b00c8af847139e6 urn:x-nevis:profile:0b00c8af84eb810f urn:x-nevis:profile:0b00c8af80206660 urn:x-nevis:profile:0b00c8af8020665e urn:x-nevis:profile:0b00c8af8020665f urn:x-nevis:profile:0b00c8af80206674 urn:x-nevis:profile:0b00c8af80da257a urn:x-nevis:profile:0b00c8af822b09b7 urn:x-nevis:profile:0b00c8af82e3b020 urn:x-nevis:profile:0b00c8af83b00078 urn:x-nevis:profile:0b00c8af83f2e56a urn:x-nevis:profile:0b00c8af846772f5 urn:x-nevis:profile:0b00c8af84eb8105 urn:x-nevis:profile:0b00c8af8520c3a5 urn:x-nevis:profile:0b00c8af856337af urn:x-nevis:profile:0b00c8af8621e88c urn:x-nevis:profile:0b00c8af863f4c3a urn:x-nevis:profile:0b00c8af86ea35a1 urn:x-nevis:profile:0b00c8af87344a46 urn:x-nevis:profile:0b00c8af87a4ed08 urn:x-nevis:profile:0b00c8af86b49077 urn:x-nevis:profile:0b00c8af86ead04a urn:x-nevis:profile:0b00c8af87344e2d urn:x-nevis:profile:0b00c8af85633c05 urn:x-nevis:profile:0b00c8af8633603b urn:x-nevis:profile:0b00c8af86576304 urn:x-nevis:profile:0b00c8af86eb98d1 urn:x-nevis:profile:0b00c8af87344f63 urn:x-nevis:profile:0b00c8af87d95113 urn:x-nevis:profile:0b00c8af80206373 urn:x-nevis:profile:0b00c8af8020632d urn:x-nevis:profile:0b00c8af802063e9 urn:x-nevis:profile:0b00c8af8020642f urn:x-nevis:profile:0b00c8af80206672 urn:x-nevis:profile:0b00c8af8020666c urn:x-nevis:profile:0b00c8af80206663 urn:x-nevis:profile:0b00c8af8020665a urn:x-nevis:profile:0b00c8af80206664 urn:x-nevis:profile:0b00c8af80206661 urn:x-nevis:profile:0b00c8af80da2572 urn:x-nevis:profile:0b00c8af823216de urn:x-nevis:profile:0b00c8af8259afd3 urn:x-nevis:profile:0b00c8af838b9dc6 urn:x-nevis:profile:0b00c8af83f1dcfd urn:x-nevis:profile:0b00c8af84116a24 urn:x-nevis:profile:0b00c8af8494c645 urn:x-nevis:profile:0b00c8af84eb8104 urn:x-nevis:profile:0b00c8af8520c3a1 urn:x-nevis:profile:0b00c8af856303ec urn:x-nevis:profile:0b00c8af8620f7a0 urn:x-nevis:profile:0b00c8af8656e7d2 urn:x-nevis:profile:0b00c8af83f4b28f urn:x-nevis:profile:0b00c8af8414d8c5 urn:x-nevis:profile:0b00c8af84adce3d urn:x-nevis:profile:0b00c8af84eb810a urn:x-nevis:profile:0b00c8af8520c3a2 urn:x-nevis:profile:0b00c8af85632e61 urn:x-nevis:profile:0b00c8af868ec1a4 urn:x-nevis:profile:0b00c8af8020661b urn:x-nevis:profile:0b00c8af802066e8 urn:x-nevis:profile:0b00c8af86dd9c00 urn:x-nevis:profile:0b00c8af87346035 urn:x-nevis:profile:0b00c8af8795b0b0 urn:x-nevis:profile:0b00c8af86ef2dd3 urn:x-nevis:profile:0b00c8af87346884 urn:x-nevis:profile:0b00c8af8795b0af urn:x-nevis:profile:0b00c8af802065cb urn:x-nevis:profile:0b00c8af802065d7 urn:x-nevis:profile:0b00c8af802065a8 urn:x-nevis:profile:0b00c8af802065c6 urn:x-nevis:profile:0b00c8af802065ad urn:x-nevis:profile:0b00c8af802065e4 urn:x-nevis:profile:0b00c8af802065b8 urn:x-nevis:profile:0b00c8af802065cc urn:x-nevis:profile:0b00c8af802065ca urn:x-nevis:profile:0b00c8af85025cbc urn:x-nevis:profile:0b00c8af8569a64b urn:x-nevis:profile:0b00c8af862296a5 urn:x-nevis:profile:0b00c8af86576caa urn:x-nevis:profile:0b00c8af86eea749 urn:x-nevis:profile:0b00c8af87345825 urn:x-nevis:profile:0b00c8af8795b0ae urn:x-nevis:profile:0b00c8af85025cc4 urn:x-nevis:profile:0b00c8af8569a80c urn:x-nevis:profile:0b00c8af861bd2c7 urn:x-nevis:profile:0b00c8af86576f47 urn:x-nevis:profile:0b00c8af86eead74 urn:x-nevis:profile:0b00c8af87345b76 urn:x-nevis:profile:0b00c8af8795b0ab urn:x-nevis:profile:0b00c8af8020c05a urn:x-nevis:profile:0b00c8af80da257d urn:x-nevis:profile:0b00c8af823216ee urn:x-nevis:profile:0b00c8af82e5d352 urn:x-nevis:profile:0b00c8af839eacfa urn:x-nevis:profile:0b00c8af83f1a8d8 urn:x-nevis:profile:0b00c8af8414e27e urn:x-nevis:profile:0b00c8af847139e3 urn:x-nevis:profile:0b00c8af84eb8110 urn:x-nevis:profile:0b00c8af84677309 urn:x-nevis:profile:0b00c8af84eb810c urn:x-nevis:profile:0b00c8af8520c3a6 urn:x-nevis:profile:0b00c8af85633da2 urn:x-nevis:profile:0b00c8af86223698 urn:x-nevis:profile:0b00c8af863ffa7b urn:x-nevis:profile:0b00c8af86ec6047 urn:x-nevis:profile:0b00c8af87344fef urn:x-nevis:profile:0b00c8af87a4ede2 urn:x-nevis:profile:0b00c8af87a573de urn:x-nevis:profile:0b00c8af86552501 urn:x-nevis:profile:0b00c8af8657680f urn:x-nevis:profile:0b00c8af86eddbce urn:x-nevis:profile:0b00c8af87345325 urn:x-nevis:profile:0b00c8af8020633b urn:x-nevis:profile:0b00c8af80206343 urn:x-nevis:profile:0b00c8af802063ec urn:x-nevis:profile:0b00c8af8020641f urn:x-nevis:profile:0b00c8af80206670 urn:x-nevis:profile:0b00c8af8020666a urn:x-nevis:profile:0b00c8af80206675 urn:x-nevis:profile:0b00c8af80206676 urn:x-nevis:profile:0b00c8af80206666 urn:x-nevis:profile:0b00c8af80da26dc urn:x-nevis:profile:0b00c8af822b096a urn:x-nevis:profile:0b00c8af82e48186 urn:x-nevis:profile:0b00c8af83affc41 urn:x-nevis:profile:0b00c8af839e8e09 urn:x-nevis:profile:0b00c8af83f23801 urn:x-nevis:profile:0b00c8af84103b76 urn:x-nevis:profile:0b00c8af84adce35 urn:x-nevis:profile:0b00c8af84eb8108 urn:x-nevis:profile:0b00c8af8520c3a3 urn:x-nevis:profile:0b00c8af85632eb6 urn:x-nevis:profile:0b00c8af862154cd urn:x-nevis:profile:0b00c8af8656e95f urn:x-nevis:profile:0b00c8af802065c4 urn:x-nevis:profile:0b00c8af802065f5 urn:x-nevis:profile:0b00c8af802065d6 urn:x-nevis:profile:0b00c8af8020666b urn:x-nevis:profile:0b00c8af8020666d urn:x-nevis:profile:0b00c8af80206662 urn:x-nevis:profile:0b00c8af8020665c urn:x-nevis:profile:0b00c8af80da2577 urn:x-nevis:profile:0b00c8af822b096c urn:x-nevis:profile:0b00c8af82e48550 urn:x-nevis:profile:0b00c8af802065bc urn:x-nevis:profile:0b00c8af80206712 urn:x-nevis:profile:0b00c8af86dd9c01 urn:x-nevis:profile:0b00c8af8734634a urn:x-nevis:profile:0b00c8af8795b0b2 urn:x-nevis:profile:0b00c8af86dd9c02 urn:x-nevis:profile:0b00c8af873465d2 urn:x-nevis:profile:0b00c8af8795b0ad urn:x-nevis:profile:0b00c8af8734696f urn:x-nevis:profile:0b00c8af8795b0aa urn:x-nevis:profile:0b00c8af882fd259 urn:x-nevis:profile:0b00c8af83f34b0e urn:x-nevis:profile:0b00c8af841040db urn:x-nevis:profile:0b00c8af84ae12aa urn:x-nevis:profile:0b00c8af84eb810d urn:x-nevis:profile:0b00c8af8520c3a7 urn:x-nevis:profile:0b00c8af8569a13e urn:x-nevis:profile:0b00c8af86229467 urn:x-nevis:profile:0b00c8af864b2bae urn:x-nevis:profile:0b00c8af86ee512d urn:x-nevis:profile:0b00c8af87164cbc urn:x-nevis:profile:0b00c8af8795b0ac urn:x-nevis:profile:0b00c8af839e8e0b urn:x-nevis:profile:0b00c8af83f24029 urn:x-nevis:profile:0b00c8af84103a21 urn:x-nevis:profile:0b00c8af84add34d urn:x-nevis:profile:0b00c8af84eb8109 urn:x-nevis:profile:0b00c8af8520c3a4 urn:x-nevis:profile:0b00c8af85633292 urn:x-nevis:profile:0b00c8af8621ada3 urn:x-nevis:profile:0b00c8af8656ed6f urn:x-nevis:profile:0b00c8af80206671 urn:x-nevis:profile:0b00c8af80206669 urn:x-nevis:profile:0b00c8af8117443b urn:x-nevis:profile:0b00c8af822b0968 urn:x-nevis:profile:0b00c8af82e48817 urn:x-nevis:profile:0b00c8af838ba0b2 urn:x-nevis:profile:0b00c8af83f1a29a urn:x-nevis:profile:0b00c8af8414e54b urn:x-nevis:profile:0b00c8af84983e6d urn:x-nevis:profile:0b00c8af84eb8103 urn:x-nevis:profile:0b00c8af851e8289 urn:x-nevis:profile:0b00c8af856303e5 urn:x-nevis:profile:0b00c8af8620fba5 urn:x-nevis:profile:0b00c8af8656e7b9 urn:x-nevis:profile:0b00c8af858c2577 urn:x-nevis:profile:0b00c8af86eeb1e9 urn:x-nevis:profile:0b00c8af87345e76 urn:x-nevis:profile:0b00c8af8795b0b1" title="VCC-283747-1, M6" to="L1"/>
</ref>
</torque>
</ptxt>
</para>
</graphtext>
</grate>
</procstep>
<procstep id="nev18972452n2-nev22178821n6">
<grate id="nev18972452n2-nev22427990n98">
<graphic id="nev18972452n2-nev22427990n99">
<href>0900c8af84f199e#@#@#9#.jpeg</href>
</graphic>
<graphtext id="nev18972452n2-nev22428093n1">
<para id="nev18972452n2-nev22427990n96">
<ptxt id="nev18972452n2-nev22427990n97">Pull the wiring#@#@#4#ough.</ptxt>
</para>
<para id="nev18972452n2-nev22427990n94">
<ptxt id="nev18972452n2-nev22427990n95">Install a clips#@#@#32#rame.</ptxt>
</para>
</graphtext>
</grate>
</procstep>
</stepgrp>
<stepgrp boilerplate="false" context="" id="nev18972452n2-nev22427990n93">
<title id="nev18972452n2-0800c8af844a46f6">Removal</title>
<procstep id="nev18972452n2-nev22178822n9">
<grate id="nev18972452n2-nev22427990n91">
<graphic id="nev18972452n2-nev22427990n92">
<href>0900c8af85c8799#@#@#9#.jpeg</href>
</graphic>
<graphtext id="nev18972452n2-nev22428097n1">
<note id="nev18972452n2-0800c8af85b47f49">
<ptxt>Orientation view</ptxt>
</note>
</graphtext>
</grate>
</procstep>
<procstep id="nev18972452n2-nev22178823n5">
<grate id="nev18972452n2-nev22427990n89">
<graphic id="nev18972452n2-nev22427990n90">
<href>0900c8af85bfb5b#@#@#9#.jpeg</href>
</graphic>
<graphtext id="nev18972452n2-nev22428101n1">
<note id="nev18972452n2-0800c8af85013a0f">
<ptxt>Close the drain#@#@#31#ined.</ptxt>
</note>
<para id="nev18972452n2-nev22427990n87">
<ptxt id="nev18972452n2-nev22427990n88">Place a contain#@#@#12# car.</ptxt>
</para>
<para id="nev18972452n2-nev22427990n85">
<ptxt id="nev18972452n2-nev22427990n86">Drain the coolant.</ptxt>
</para>
</graphtext>
</grate>
</procstep>
</stepgrp>
<stepgrp boilerplate="false" context="" id="nev18972452n2-nev22427990n84">
<title id="nev18972452n2-0800c8af84fbdb3d">Accessory insta#@#@#2#ation</title>
<procstep id="nev18972452n2-nev22178824n10">
<grate id="nev18972452n2-nev22427990n82">
<graphic id="nev18972452n2-nev22427990n83">
<href>0900c8af8465c31#@#@#9#.jpeg</href>
</graphic>
<graphtext id="nev18972452n2-nev22428105n1">
<para id="nev18972452n2-nev22427990n80">
<ptxt id="nev18972452n2-nev22427990n81">Install the clip(s).</ptxt>
</para>
</graphtext>
</grate>
</procstep>
<procstep id="nev18972452n2-nev22178825n7">
<grate id="nev18972452n2-nev22427990n78">
<graphic id="nev18972452n2-nev22427990n79">
<href>0900c8af84f8c5b#@#@#9#.jpeg</href>
</graphic>
<graphtext id="nev18972452n2-nev22428109n1">
<para id="nev18972452n2-nev22427990n76">
<ptxt id="nev18972452n2-nev22427990n77">Install a clips#@#@#32#rame.</ptxt>
</para>
</graphtext>
</grate>
</procstep>
<procstep id="nev18972452n2-nev22178826n4">
<grate id="nev18972452n2-nev22427990n74">
<graphic id="nev18972452n2-nev22427990n75">
<href>0900c8af85c8525#@#@#9#.jpeg</href>
</graphic>
<graphtext id="nev18972452n2-nev22428113n1">
<para id="nev18972452n2-nev22427990n72">
<ptxt id="nev18972452n2-nev22427990n73">Secure the cabl#@#@#31#ange.</ptxt>
</para>
</graphtext>
</grate>
</procstep>
<procstep id="nev18972452n2-nev22178827n1">
<grate id="nev18972452n2-nev22427990n70">
<graphic id="nev18972452n2-nev22427990n71">
<href>0900c8af84ed27e#@#@#9#.jpeg</href>
</graphic>
<graphtext id="nev18972452n2-nev22428117n1">
<para id="nev18972452n2-nev22427990n68">
<ptxt id="nev18972452n2-nev22427990n69">Pull the wiring#@#@#4#ough.</ptxt>
</para>
</graphtext>
</grate>
</procstep>
<procstep id="nev18972452n2-nev22178827n8">
<grate id="nev18972452n2-nev22427990n66">
<graphic id="nev18972452n2-nev22427990n67">
<href>0900c8af84ed282#@#@#9#.jpeg</href>
</graphic>
<graphtext id="nev18972452n2-nev22428121n1">
<para id="nev18972452n2-nev22427990n64">
<ptxt id="nev18972452n2-nev22427990n65">Secure the cabl#@#@#31#ange.</ptxt>
</para>
</graphtext>
</grate>
</procstep>
<procstep id="nev18972452n2-nev22178828n5">
<grate id="nev18972452n2-nev22427990n62">
<graphic id="nev18972452n2-nev22427990n63">
<href>0900c8af855ea37#@#@#9#.jpeg</href>
</graphic>
<graphtext id="nev18972452n2-nev22428125n1">
<para id="nev18972452n2-nev22427990n60">
<ptxt id="nev18972452n2-nev22427990n61">Secure the cabl#@#@#31#ange.</ptxt>
</para>
</graphtext>
</grate>
</procstep>
<procstep id="nev18972452n2-nev22178829n2">
<grate id="nev18972452n2-nev22427990n58">
<graphic id="nev18972452n2-nev22427990n59">
<href>0900c8af8564305#@#@#9#.jpeg</href>
</graphic>
<graphtext id="nev18972452n2-nev22428129n1">
<para id="nev18972452n2-nev22427990n56">
<ptxt id="nev18972452n2-nev22427990n57">Secure the cabl#@#@#31#ange.</ptxt>
</para>
</graphtext>
</grate>
</procstep>
<procstep id="nev18972452n2-nev22178829n9">
<grate id="nev18972452n2-nev22427990n54">
<graphic id="nev18972452n2-nev22427990n55">
<href>0900c8af84f199d#@#@#9#.jpeg</href>
</graphic>
<graphtext id="nev18972452n2-nev22428133n1">
<warning id="nev18972452n2-0800c8af844a4837">
<ptxt>Be prepared to #@#@#18#luid.</ptxt>
</warning>
<para id="nev18972452n2-nev22427990n52">
<ptxt id="nev18972452n2-nev22427990n53">Loosen the hose#@#@#3#amps.</ptxt>
</para>
<para id="nev18972452n2-nev22427990n50">
<ptxt id="nev18972452n2-nev22427990n51">Remove the hose.</ptxt>
</para>
<para id="nev18972452n2-nev22427990n48">
<ptxt id="nev18972452n2-nev22427990n49">The part is not#@#@#9#used.</ptxt>
</para>
</graphtext>
</grate>
</procstep>
<procstep id="nev18972452n2-nev22178831n4">
<grate id="nev18972452n2-nev22427990n46">
<graphic id="nev18972452n2-nev22427990n47">
<href>0900c8af84f199e#@#@#9#.jpeg</href>
</graphic>
<graphtext id="nev18972452n2-nev22428137n1">
<para id="nev18972452n2-nev22427990n44">
<ptxt id="nev18972452n2-nev22427990n45">Install compone#@#@#32# kit.</ptxt>
</para>
<para id="nev18972452n2-nev22427990n42">
<ptxt id="nev18972452n2-nev22427990n43">Install the screws.</ptxt>
</para>
</graphtext>
</grate>
</procstep>
<procstep id="nev18972452n2-nev22178832n4">
<grate id="nev18972452n2-nev22427990n40">
<graphic id="nev18972452n2-nev22427990n41">
<href>0900c8af84f199f#@#@#9#.jpeg</href>
</graphic>
<graphtext id="nev18972452n2-nev22428141n1">
<note id="nev18972452n2-0800c8af850139e9">
<ptxt>The hose connec#@#@#34#ward.</ptxt>
</note>
<para id="nev18972452n2-nev22427990n38">
<ptxt id="nev18972452n2-nev22427990n39">Install compone#@#@#32# kit.</ptxt>
</para>
<para id="nev18972452n2-nev22427990n36">
<ptxt id="nev18972452n2-nev22427990n37">Install the screw.</ptxt>
</para>
</graphtext>
</grate>
</procstep>
<procstep id="nev18972452n2-nev22178833n6">
<grate id="nev18972452n2-nev22427990n34">
<graphic id="nev18972452n2-nev22427990n35">
<href>0900c8af84f199f#@#@#9#.jpeg</href>
</graphic>
<graphtext id="nev18972452n2-nev22428145n1">
<para id="nev18972452n2-nev22427990n32">
<ptxt id="nev18972452n2-nev22427990n33">Install compone#@#@#32# kit.</ptxt>
</para>
<para id="nev18972452n2-nev22427990n30">
<ptxt id="nev18972452n2-nev22427990n31">Install the hose.</ptxt>
</para>
<para id="nev18972452n2-nev22427990n28">
<ptxt id="nev18972452n2-nev22427990n29">Tighten the hos#@#@#4#amps.</ptxt>
</para>
</graphtext>
</grate>
</procstep>
<procstep id="nev18972452n2-nev22178834n9">
<grate id="nev18972452n2-nev22427990n26">
<graphic id="nev18972452n2-nev22427990n27">
<href>0900c8af84f199e#@#@#9#.jpeg</href>
</graphic>
<graphtext id="nev18972452n2-nev22428149n1">
<para id="nev18972452n2-nev22427990n24">
<ptxt id="nev18972452n2-nev22427990n25">Install compone#@#@#32# kit.</ptxt>
</para>
<para id="nev18972452n2-nev22427990n22">
<ptxt id="nev18972452n2-nev22427990n23">Install the hose.</ptxt>
</para>
<para id="nev18972452n2-nev22427990n20">
<ptxt id="nev18972452n2-nev22427990n21">Tighten the hos#@#@#4#amps.</ptxt>
</para>
</graphtext>
</grate>
</procstep>
<procstep id="nev18972452n2-nev22178836n2">
<grate id="nev18972452n2-nev22427990n18">
<graphic id="nev18972452n2-nev22427990n19">
<href>0900c8af852be8b#@#@#9#.jpeg</href>
</graphic>
<graphtext id="nev18972452n2-nev22428153n1">
<para id="nev18972452n2-nev22427990n16">
<ptxt id="nev18972452n2-nev22427990n17">Install compone#@#@#32# kit.</ptxt>
</para>
</graphtext>
</grate>
</procstep>
<procstep id="nev18972452n2-nev22178836n9">
<grate id="nev18972452n2-nev22427990n14">
<graphic id="nev18972452n2-nev22427990n15">
<href>0900c8af852be88#@#@#9#.jpeg</href>
</graphic>
<graphtext id="nev18972452n2-nev22428157n1">
<caution id="nev18972452n2-0800c8af85164e4a">
<ptxt>No grease on co#@#@#10#aces.</ptxt>
</caution>
<para id="nev18972452n2-nev22427990n12">
<ptxt id="nev18972452n2-nev22427990n13">Lubricate the O#@#@#1#ring.</ptxt>
</para>
<para id="nev18972452n2-nev22427990n10">
<ptxt id="nev18972452n2-nev22427990n11">
<material id="nev18972452n2-nev22178837n10" materialid="1161427" materialname="Low temperature grease" quantity="0.0" showInProcStep="true"/>
</ptxt>
</para>
</graphtext>
</grate>
</procstep>
<procstep id="nev18972452n2-nev22178838n1">
<grate id="nev18972452n2-nev22427990n8">
<graphic id="nev18972452n2-nev22427990n9">
<href>0900c8af84f199e#@#@#9#.jpeg</href>
</graphic>
<graphtext id="nev18972452n2-nev22428164n1">
<para id="nev18972452n2-nev22427990n6">
<ptxt id="nev18972452n2-nev22427990n7">Connect the cab#@#@#6#ness.</ptxt>
</para>
<para id="nev18972452n2-nev22427990n4">
<ptxt id="nev18972452n2-nev22427990n5">Install the clip(s).</ptxt>
</para>
</graphtext>
</grate>
</procstep>
<procstep id="nev18972452n2-nev22178839n1">
<grate id="nev18972452n2-nev22427990n2">
<graphic id="nev18972452n2-nev22427990n3">
<href>0900c8af84f199e#@#@#9#.jpeg</href>
</graphic>
<graphtext id="nev18972452n2-nev22428168n1">
<para id="nev18972452n2-nev22427991n100">
<ptxt id="nev18972452n2-nev22427990n1">Clamp using the#@#@#11# tie.</ptxt>
</para>
</graphtext>
</grate>
</procstep>
<procstep id="nev18972452n2-nev22178839n8">
<grate id="nev18972452n2-nev22427991n98">
<graphic id="nev18972452n2-nev22427991n99">
<href>0900c8af8504e6d#@#@#9#.jpeg</href>
</graphic>
<graphtext id="nev18972452n2-nev22428172n1">
<para id="nev18972452n2-nev22427991n96">
<ptxt id="nev18972452n2-nev22427991n97">Install the cable.</ptxt>
</para>
</graphtext>
</grate>
</procstep>
</stepgrp>
<stepgrp boilerplate="false" context="" id="nev18972452n2-nev22427991n95">
<title id="nev18972452n2-0800c8af844a46f9">Installation</title>
<procstep id="nev18972452n2-nev22178840n8">
<grate id="nev18972452n2-nev22427991n93">
<graphic id="nev18972452n2-nev22427991n94">
<href>0900c8af852c29d#@#@#9#.jpeg</href>
</graphic>
<graphtext id="nev18972452n2-nev22428176n1">
<caution id="nev18972452n2-0800c8af85164ec8">
<ptxt>Do not clamp th#@#@#66#ilar.</ptxt>
</caution>
<caution id="nev18972452n2-0800c8af85164ff8">
<ptxt>Make sure to lo#@#@#85#ided.</ptxt>
</caution>
<para id="nev18972452n2-nev22427991n91">
<ptxt id="nev18972452n2-nev22427991n92">Clamp the cable#@#@#52#oise.</ptxt>
</para>
<para id="nev18972452n2-nev22427991n89">
<ptxt id="nev18972452n2-nev22427991n90">Reinstall the r#@#@#25#rder.</ptxt>
</para>
<para id="nev18972452n2-nev22427991n87">
<ptxt id="nev18972452n2-nev22427991n88">Fill with coola#@#@#42#ture.</ptxt>
</para>
<para id="nev18972452n2-nev22427991n85">
<ptxt id="nev18972452n2-nev22427991n86">Vent the coolin#@#@#26#kage.</ptxt>
</para>
<para id="nev18972452n2-nev22427991n83">
<ptxt id="nev18972452n2-nev22427991n84">Post-fill the c#@#@#22#sary.</ptxt>
</para>
</graphtext>
</grate>
</procstep>
</stepgrp>
</procedure>
<kitnumbers>
<kitnumber>31373832</kitnumber>
</kitnumbers>
</servinfosub>
</body>
</i2>