<?xml version="1.0" encoding="UTF-8"?><servinfosub IE-ID="en-US0900c8af8067b910" docno="VCC-036863" id="KC02060301" xml:lang="en-US">
<title>
<phrase category="" id="KC08358871" phrase-urn="urn:x-nevis:phrase:0800c8af81dbf873">Short-circuit t#@#@#3#upply</phrase>
</title>
<diagnostic type="test">
<testgrp IE-ID="en-US0900c8af8067b910_KC02060302" id="KC02060302" j2008use="1" paperuse="0" resumable="1" screenuse="1" testgrp-id="df1-4" x="240" y="400">
<title>
<phrase category="" id="KC08358872" phrase-urn="urn:x-nevis:phrase:0800c8af81dbf874">Reset DTCs</phrase>
</title>
<node>
<test1>
<test2>
<diaglist>
<dgraphic>
<dgraphic2>
<graphic id="KC08358873">
<href>0900c8af8005433#@#@#9#.jpeg</href>
</graphic>
<smarttool active="press" id="KC08358874" toolname="ECI1E"/>
</dgraphic2>
</dgraphic>
<ditem>
<ditemtext>
<ptxt>
<phrase category="" id="KC08358875" phrase-urn="urn:x-nevis:phrase:0800c8af81dbf875">      DTC poste#@#@#17# DTC.</phrase>
</ptxt>
</ditemtext>
</ditem>
</diaglist>
</test2>
</test1>
<question>Press Continue.</question>
<resact-grp>
<result button="cont" comp="button" highlight="0"/>
<action j2008use="1" paperuse="0" screenuse="1">
<return value="FAULT FOUND"/>
</action>
</resact-grp>
</node>
</testgrp>
</diagnostic>
</servinfosub>