<?xml version="1.0" encoding="UTF-8"?><servinfosub IE-ID="en-US0900c8af80863910" docno="VCC-088285" id="KC01295173" xml:lang="en-US">
<title>Seat belts repl#@#@#13# seat</title>
<procedure>
<stepgrp>
<title>Preparations</title>
<procstep id="KC01302598">
<title>Preparations</title>
<grate>
<graphic id="KC07288722" width="column">
<href>0900c8af80054d8#@#@#9#.jpeg</href>
</graphic>
<graphtext>
<ptxt>Check that the #@#@#33#ode.
</ptxt>
<warning>
<ptxt>Before assembly#@#@#145#cted.</ptxt>
</warning>
<para>
<ptxt>Make a note of #@#@#21#code.</ptxt>
<ptxt>Ignition off.</ptxt>
<ptxt>Disconnect the #@#@#17#lead.</ptxt>
</para>
</graphtext>
</grate>
</procstep>
</stepgrp>
<stepgrp id="KC01302599">
<title>Disassembly</title>
<procstep id="KC01302600">
<title>Removing seat b#@#@#33#ckle
</title>
<grate>
<graphic id="KC07288723">
<href>0900c8af800571f#@#@#9#.jpeg</href>
</graphic>
<graphtext>
<list1 enumtype="d" type="unordered">
<title>Remove:</title>
<item>
<ptxt>the rear seat. <xref>
<ref id="KC07288724"/>
</xref> Section 8(82-8#@#@#37#ible.</ptxt>
</item>
<item>
<ptxt>1 screw from th#@#@#20#ting.</ptxt>
</item>
<item>
<ptxt>1 seat belt buc#@#@#5#crew.</ptxt>
</item>
</list1>
<para>
<title>Installation</title>
<ptxt>When installing#@#@#18#s to <emph>48 Nm</emph>.</ptxt>
</para>
</graphtext>
</grate>
</procstep>
<procstep id="KC01302601">
<title>Removing upper #@#@#39#shelf</title>
<grate>
<graphic id="KC07288725">
<href>0900c8af800571d#@#@#9#.jpeg</href>
</graphic>
<graphtext>
<list1 enumtype="d" type="unordered">
<title>Remove:</title>
<item>
<ptxt> parcel shelf. <xref>
<ref id="KC07288726"/>
</xref> Section 8(82-8#@#@#37#ible.</ptxt>
</item>
<item>
<ptxt>2 screws at upp#@#@#25#edge.</ptxt>
</item>
<item>
<ptxt>2 screws at upp#@#@#48#nel.
</ptxt>
</item>
<item>
<ptxt>the panel by an#@#@#75#elts.</ptxt>
</item>
</list1>
<para>
<title>Installation</title>
<ptxt>When installing#@#@#18#s to <emph>48 Nm</emph>.</ptxt>
</para>
</graphtext>
</grate>
</procstep>
<procstep id="KC01302602">
<title>Removing seat b#@#@#38#ioner</title>
<grate>
<graphic id="KC07288727">
<href>0900c8af800571f#@#@#9#.jpeg</href>
</graphic>
<graphtext>
<warning>
<ptxt>The battery mus#@#@#78#lled.</ptxt>
</warning>
<warning>
<ptxt>Under no circum#@#@#144#y it.</ptxt>
</warning>
<list1 enumtype="d" type="unordered">
<title>Remove:</title>
<item>
<ptxt>the SRS ignitio#@#@#46# (1).</ptxt>
</item>
<item>
<ptxt>1 seat belt (in#@#@#43#(2).
</ptxt>
</item>
</list1>
<warning>
<ptxt>Replace both se#@#@#127#eat.
</ptxt>
</warning>
<para>
<title>Installation</title>
<ptxt>When installing#@#@#17#w to <emph>48 Nm</emph>.</ptxt>
</para>
<warning>
<ptxt>The seat belt t#@#@#116# see <xref>
<ref id="KC07288728"/>
</xref>.
</ptxt>
</warning>
</graphtext>
</grate>
</procstep>
<procstep id="KC01302603">
<title>Checking seat b#@#@#24#ition</title>
<grate>
<graphic id="KC07288729">
<href>0900c8af800571e#@#@#9#.jpeg</href>
</graphic>
<graphtext>
<ptxt>Insert a wire i#@#@#48#ated.</ptxt>
<ptxt>Check seat belt#@#@#22#tion.</ptxt>
<list1 enumtype="d" type="unordered">
<title>Piston in posit#@#@#1#on A:</title>
<item>
<ptxt>The seat belt t#@#@#82#oner.</ptxt>
</item>
</list1>
<list1 enumtype="d" type="unordered">
<title>Piston in posit#@#@#1#on B:</title>
<item>
<ptxt>The seat belt t#@#@#21#oyed.</ptxt>
</item>
</list1>
</graphtext>
</grate>
</procstep>
</stepgrp>
<stepgrp>
<title>Reassembly</title>
<procstep id="KC01302604">
<title>Assemble in rev#@#@#5#order</title>
<ptxt>Then continue w#@#@#9#hing.</ptxt>
</procstep>
</stepgrp>
<stepgrp id="KC01302605">
<title>Conclusion</title>
<procstep id="KC01302606">
<title>Check seat belt#@#@#4#ction</title>
<grate>
<graphic id="KC07288730">
<href>0900c8af8005720#@#@#9#.jpeg</href>
</graphic>
<graphtext>
<ptxt>Check that the #@#@#103#dly.
</ptxt>
</graphtext>
</grate>
</procstep>
<procstep id="KC01302607">
<title>Ignition in pos#@#@#37#lead
</title>
<grate>
<graphic id="KC07288731" width="column">
<href>0900c8af80054d8#@#@#9#.jpeg</href>
</graphic>
<graphtext>
<warning>
<ptxt>Ensure that nob#@#@#49#cted.</ptxt>
</warning>
</graphtext>
</grate>
</procstep>
<procstep id="KC01302608">
<title>Check</title>
<ptxt>Check that the #@#@#69# lit.</ptxt>
<note>
<ptxt>Check that the #@#@#144#nds.
</ptxt>
</note>
</procstep>
</stepgrp>
</procedure>
</servinfosub>