<?xml version="1.0" encoding="UTF-8"?><servinfosub IE-ID="en-US0900c8af844a1910" docno="VCC-164762" id="KC09011832" xml:lang="en-US">
<title>
<phrase category="" id="KC09588984" phrase-urn="urn:x-nevis:phrase:0800c8af82723d0f">Fault tracing</phrase>
</title>
<diagnostic j2008use="1" layout="0" paperuse="1" screenuse="1" type="test">
<testgrp IE-ID="en-US0900c8af844a1910_KC09016777" id="KC09016777" j2008use="1" paperuse="1" resumable="1" screenuse="1" testgrp-id="node1" x="80" y="60">
<title>
<phrase category="" id="KC09588985" phrase-urn="urn:x-nevis:phrase:0800c8af82723d10">Checking the di#@#@#24#DTCs)</phrase>
</title>
<node>
<test1>
<test2>
<ptxt>
<phrase category="" id="KC09588986" phrase-urn="urn:x-nevis:phrase:0800c8af82723d11">Any other diagn#@#@#192#ored.</phrase>
</ptxt>
</test2>
</test1>
<question>
Were other dia#@#@#32#red?
</question>
<resact-grp>
<result button="yes" comp="button" highlight="0"/>
<action j2008use="1" paperuse="1" screenuse="1">
<return value="DONE"/>
</action>
</resact-grp>
<resact-grp>
<result button="no" comp="button" highlight="0"/>
<action id="nev13697910n77" j2008use="1" paperuse="0" screenuse="1">
<ptxt id="nev13697910n76">
<xref id="nev13697910n75">
<ref id="nev13697910n74"/>
</xref>
</ptxt>
</action>
</resact-grp>
</node>
</testgrp>
<testgrp id="KC09016778" j2008use="1" paperuse="1" resumable="1" screenuse="1" testgrp-id="node2" x="120" y="200">
<title>
<phrase category="" id="KC09588989" phrase-urn="urn:x-nevis:phrase:0800c8af82723d13">Check contact r#@#@#18#ation</phrase>
</title>
<node>
<test1>
<diaglist>
<dgraphic>
<dgraphic1>
<graphic id="KC09588990">
<href>0900c8af80054d4#@#@#9#.jpeg</href>
</graphic>
</dgraphic1>
</dgraphic>
<ditem>
<ptxt>
<phrase category="" id="KC09588991" phrase-urn="urn:x-nevis:phrase:0800c8af82723d14">Ignition off</phrase>
</ptxt>
</ditem>
<ditem>
<ptxt>
<phrase category="" id="KC09588992" phrase-urn="urn:x-nevis:phrase:0800c8af82723d15">Check the conne#@#@#125#tion.</phrase>
</ptxt>
</ditem>
<ditem>
<ptxt>
<phrase category="" id="KC09588993" phrase-urn="urn:x-nevis:phrase:0800c8af82723d16">Reconnect the c#@#@#22# etc.</phrase>
</ptxt>
</ditem>
<ditem>
<ptxt>
<phrase category="" id="KC09588994" phrase-urn="urn:x-nevis:phrase:0800c8af82723d17">Calibrate the g#@#@#43#ion. </phrase>
</ptxt>
<hint>
<ptxt>
<phrase category="" id="KC09588995" phrase-urn="urn:x-nevis:phrase:0800c8af82723d18">Save a bookmark#@#@#47#tion.</phrase>
</ptxt>
</hint>
</ditem>
<ditem>
<ptxt>
<phrase category="" id="KC09588996" phrase-urn="urn:x-nevis:phrase:0800c8af82723d19">Test drive the #@#@#14#ing: <xref>
<ref id="KC09588997"/>
</xref>
</phrase>
</ptxt>
</ditem>
</diaglist>
<test2>
<para>
<ptxt>
<phrase category="" id="KC09588998" phrase-urn="urn:x-nevis:phrase:0800c8af82723d1a">Check for any c#@#@#58#ions.</phrase>
</ptxt>
</para>
<list1 enumtype="d" type="unordered">
<title>
<phrase category="" id="KC09588999" phrase-urn="urn:x-nevis:phrase:0800c8af82723d1b">Other information</phrase>
</title>
<item>
<ptxt>
<phrase category="" id="KC09589000" phrase-urn="urn:x-nevis:phrase:0800c8af82723d1c">To access trans#@#@#15#ors: <xref>
<ref id="KC09589001"/>
</xref>
</phrase>
</ptxt>
</item>
</list1>
</test2>
</test1>
<question>
Is the transmi#@#@#14# OK?
</question>
<resact-grp>
<result button="yes" comp="button" highlight="0"/>
<action j2008use="1" paperuse="1" screenuse="1">
<return value="FAULT FOUND"/>
</action>
</resact-grp>
<resact-grp>
<result button="no" comp="button" highlight="0"/>
<action j2008use="1" paperuse="1" screenuse="1">
<ptxt>
<xref>
<ref id="KC09589003"/>
</xref>
</ptxt>
</action>
</resact-grp>
</node>
</testgrp>
<testgrp id="KC09016779" j2008use="1" paperuse="1" resumable="1" screenuse="1" testgrp-id="node3" x="140" y="320">
<title>
<phrase category="" id="KC09589004" phrase-urn="urn:x-nevis:phrase:0800c8af82723d1e">Replacing the c#@#@#8#ystem</phrase>
</title>
<node>
<test1>
<test2>
<ptxt>
<phrase category="" id="KC09589005" phrase-urn="urn:x-nevis:phrase:0800c8af82723d1f">Fault-tracing i#@#@#43#ion. </phrase>
</ptxt>
<list1 enumtype="d" type="unordered">
<title>
<phrase category="" id="KC09589006" phrase-urn="urn:x-nevis:phrase:0800c8af82723d20">Other information</phrase>
</title>
<item>
<ptxt>
<phrase category="" id="KC09589007" phrase-urn="urn:x-nevis:phrase:0800c8af82723d21">
<xref>
<ref id="KC09589008"/>
</xref>
</phrase>
</ptxt>
</item>
</list1>
</test2>
</test1>
<question>
Select Continue.
</question>
<resact-grp>
<result button="cont" comp="button" highlight="0"/>
<action j2008use="1" paperuse="1" screenuse="1">
<ptxt>
<xref>
<ref id="KC09589010"/>
</xref>
</ptxt>
</action>
</resact-grp>
</node>
</testgrp>
<testgrp id="KC09016780" j2008use="1" paperuse="1" resumable="1" screenuse="1" testgrp-id="adapt" x="160" y="520">
<title>
<phrase category="" id="KC09589011" phrase-urn="urn:x-nevis:phrase:0800c8af82723d23">Resetting adapt#@#@#30#unter</phrase>
</title>
<subcalloutnode>
<diagcallout>
<xref>
<ref id="KC09589012"/>
</xref>
</diagcallout>
<rescall-grp>
<result comp="string" highlight="0" op="eq" return="DONE"/>
<calloutaction>
<ptxt>
<xref>
<ref id="KC09589013"/>
</xref>
</ptxt>
</calloutaction>
</rescall-grp>
</subcalloutnode>
</testgrp>
<testgrp id="KC09016781" j2008use="1" paperuse="1" resumable="1" screenuse="1" testgrp-id="verif8" x="300" y="240">
<title>
<phrase category="" id="KC09589014" phrase-urn="urn:x-nevis:phrase:0800c8af82723d24">Verification</phrase>
</title>
<subcalloutnode>
<diagcallout>
<xref>
<ref id="KC09589015"/>
</xref>
</diagcallout>
<rescall-grp>
<result comp="string" highlight="0" op="eq" return="VERIFICATION FAILED"/>
<calloutaction>
<ptxt>
<xref>
<ref id="KC09589016"/>
</xref>
</ptxt>
</calloutaction>
</rescall-grp>
<rescall-grp>
<result comp="string" highlight="0" op="eq" return="VERIFIED"/>
<calloutaction>
<return value="FAULT FOUND"/>
</calloutaction>
</rescall-grp>
</subcalloutnode>
</testgrp>
<testgrp id="KC09016782" j2008use="1" paperuse="0" resumable="1" screenuse="1" testgrp-id="info1" x="240" y="280">
<title>
<phrase category="" id="KC09589017" phrase-urn="urn:x-nevis:phrase:0800c8af82723d25">Fault-tracing i#@#@#5#ation</phrase>
</title>
<subcalloutnode>
<diagcallout>
<xref>
<ref id="KC09589018"/>
</xref>
</diagcallout>
<rescall-grp>
<result comp="string" highlight="0" op="eq" return="FAULTTRACING FAILED"/>
<calloutaction>
<return value="FAULTTRACING FAILED"/>
</calloutaction>
</rescall-grp>
<rescall-grp>
<result comp="string" highlight="0" op="eq" return="NEW TRY"/>
<calloutaction>
<ptxt>
<xref>
<ref id="KC09589019"/>
</xref>
</ptxt>
</calloutaction>
</rescall-grp>
</subcalloutnode>
</testgrp>
<testgrp id="nev13697910n100" j2008use="1" paperuse="0" resumable="1" screenuse="1" x="240" y="100">
<title id="nev13697910n99">
<phrase category="Title" id="nev13697912n1" phrase-urn="urn:x-nevis:phrase:0800c8af84404635">Checking the ge#@#@#4#ystem</phrase>
</title>
<subcalloutnode id="nev13697910n98">
<diagcallout id="nev13697910n97">
<xref id="nev13700515n100">
<ref id="l1209043496083"/>
</xref>
</diagcallout>
<rescall-grp id="nev13700515n99">
<result comp="string" highlight="0" id="nev13700515n98" op="eq" return="DONE"/>
<calloutaction id="nev13700515n95">
<ptxt id="nev13700515n94">
<xref id="nev13700515n93">
<ref id="nev13700515n92"/>
</xref>
</ptxt>
</calloutaction>
</rescall-grp>
<rescall-grp id="nev13700515n97">
<result comp="string" highlight="0" id="nev13700515n96" op="eq" return="FAULT FOUND"/>
<calloutaction id="nev13700515n91">
<ptxt id="nev13700515n90">
<xref id="nev13700515n89">
<ref id="nev13700515n88"/>
</xref>
</ptxt>
</calloutaction>
</rescall-grp>
</subcalloutnode>
</testgrp>
</diagnostic>
</servinfosub>