<?xml version="1.0" encoding="UTF-8"?><servinfosub IE-ID="en-US0900c8af80119c05" docno="VCC-111198" id="KC01117879" xml:lang="en-US">
<title>
<phrase category="" id="KC06059278" phrase-urn="urn:x-nevis:phrase:0800c8af817313a5">SAS signal. Unr#@#@#11#ignal</phrase>
</title>
<diagnostic type="test">
<testgrp IE-ID="en-US0900c8af80119c05_KC01117880" id="KC01117880" j2008use="1" paperuse="1" resumable="1" screenuse="1" testgrp-id="node1" x="120" y="80">
<title>
<phrase category="" id="KC06059279" phrase-urn="urn:x-nevis:phrase:0800c8af817313a6">Checking the co#@#@#3#ctors</phrase>
</title>
<node>
<test1>
<diaglist>
<dgraphic>
<dgraphic1>
<graphic id="KC06059280">
<href>0900c8af80054d5#@#@#9#.jpeg</href>
</graphic>
</dgraphic1>
<dgraphic2>
<graphic id="KC06059281">
<href>0900c8af80054d7#@#@#9#.jpeg</href>
</graphic>
</dgraphic2>
</dgraphic>
<ditem>
<ptxt>
<phrase category="" id="KC06059282" phrase-urn="urn:x-nevis:phrase:0800c8af817313a9">Ignition off.</phrase>
</ptxt>
</ditem>
<ditem>
<ptxt>
<phrase category="" id="KC06059283" phrase-urn="urn:x-nevis:phrase:0800c8af817313ae">Check the ABS c#@#@#171#d in <xref>
<ref id="KC06059284"/>
</xref>.</phrase>
</ptxt>
</ditem>
<ditem>
<ptxt>
<phrase category="" id="KC06059285" phrase-urn="urn:x-nevis:phrase:0800c8af817313af">Connect the con#@#@#32# etc.</phrase>
</ptxt>
</ditem>
<ditem>
<ptxt>
<phrase category="" id="KC06059286" phrase-urn="urn:x-nevis:phrase:0800c8af817313b0">Ignition on.</phrase>
</ptxt>
</ditem>
<ditem>
<ptxt>
<phrase category="" id="KC06059287" phrase-urn="urn:x-nevis:phrase:0800c8af817313b1">Read off the st#@#@#14#ngle.</phrase>
</ptxt>
</ditem>
</diaglist>
<test2>
<para>
<ptxt>
<phrase category="" id="KC06059288" phrase-urn="urn:x-nevis:phrase:0800c8af817313b2">Check that the #@#@#312#tion.</phrase>
</ptxt>
</para>
<list1 enumtype="d" type="unordered">
<title>
<phrase category="" id="KC06059289" phrase-urn="urn:x-nevis:phrase:0800c8af817313b3">Additional info#@#@#3#tion:</phrase>
</title>
<item>
<ptxt>
<phrase category="" id="KC06059290" phrase-urn="urn:x-nevis:phrase:0800c8af817313b4">To connect the #@#@#9# see <xref>
<ref id="KC06059291"/>
</xref>.</phrase>
</ptxt>
</item>
<item>
<ptxt>
<phrase category="" id="KC06059292" phrase-urn="urn:x-nevis:phrase:0800c8af817313b5">For disconnecti#@#@#38# see <xref>
<ref id="KC06059293"/>
</xref>.</phrase>
</ptxt>
</item>
<item>
<ptxt>
<phrase category="" id="KC06059294" phrase-urn="urn:x-nevis:phrase:0800c8af817313b6">For information#@#@#74# see <xref>
<ref id="KC06059295"/>
</xref>.</phrase>
</ptxt>
</item>
<item>
<ptxt>
<phrase category="" id="KC06059296" phrase-urn="urn:x-nevis:phrase:0800c8af817313b7">For information#@#@#53# see <xref>
<ref id="KC06059297"/>
</xref>.</phrase>
</ptxt>
</item>
</list1>
<diaglist>
<dgraphic>
<dgraphic2>
<graphic id="KC06059298">
<href>0900c8af86c8681#@#@#9#.jpeg</href>
</graphic>
<smarttool active="press" id="KC06059299" toolname="XABSA533"/>
</dgraphic2>
</dgraphic>
<ditem>
<ditemtext>
<ptxt>
<phrase category="" id="KC06059300" phrase-urn="urn:x-nevis:phrase:0800c8af817313b8"/>
</ptxt>
</ditemtext>
</ditem>
</diaglist>
<grate>
<graphic id="KC06059301">
<href>0900c8af8005a46#@#@#9#.jpeg</href>
</graphic>
</grate>
</test2>
</test1>
<question>Is the steering#@#@#16#ated?</question>
<resact-grp>
<result button="yes" comp="button" highlight="0"/>
<action j2008use="1" paperuse="1" screenuse="1">
<return value="FAULT FOUND"/>
</action>
</resact-grp>
<resact-grp>
<result button="no" comp="button" highlight="0"/>
<action j2008use="1" paperuse="1" screenuse="1">
<ptxt>
<xref>
<ref id="KC06059302"/>
</xref>
</ptxt>
</action>
</resact-grp>
</node>
</testgrp>
<testgrp id="KC01117881" j2008use="1" paperuse="1" resumable="1" screenuse="1" testgrp-id="node2" x="120" y="160">
<title>
<phrase category="" id="KC06059303" phrase-urn="urn:x-nevis:phrase:0800c8af817313b9">Checking the wi#@#@#10#ensor</phrase>
</title>
<node>
<test1>
<diaglist>
<dgraphic>
<dgraphic1>
<graphic id="KC06059304">
<href>0900c8af80054d4#@#@#9#.jpeg</href>
</graphic>
</dgraphic1>
</dgraphic>
<ditem>
<ptxt>
<phrase category="" id="KC06059305" phrase-urn="urn:x-nevis:phrase:0800c8af817313ba">Ignition off.</phrase>
</ptxt>
</ditem>
</diaglist>
<test2>
<para>
<ptxt>
<phrase category="" id="KC06059306" phrase-urn="urn:x-nevis:phrase:0800c8af817313bb">Check that the #@#@#317# etc.</phrase>
</ptxt>
</para>
<para>
<ptxt>
<phrase category="" id="KC06059307" phrase-urn="urn:x-nevis:phrase:0800c8af817313bc">Check the conne#@#@#24#mage.</phrase>
</ptxt>
</para>
<para>
<ptxt>
<phrase category="" id="KC06059308" phrase-urn="urn:x-nevis:phrase:0800c8af817313bd">Do the necessar#@#@#15#tion.</phrase>
</ptxt>
</para>
<list1 enumtype="d" type="unordered">
<title>
<phrase category="" id="KC06059309" phrase-urn="urn:x-nevis:phrase:0800c8af817313be">Additional info#@#@#3#tion:</phrase>
</title>
<item>
<ptxt>
<phrase category="" id="KC06059310" phrase-urn="urn:x-nevis:phrase:0800c8af817313bf">To connect the #@#@#9# see <xref>
<ref id="KC06059311"/>
</xref>.</phrase>
</ptxt>
</item>
<item>
<ptxt>
<phrase category="" id="KC06059312" phrase-urn="urn:x-nevis:phrase:0800c8af817313c0">To replace the #@#@#28# see <xref>
<ref id="KC06059313"/>
</xref>.</phrase>
</ptxt>
</item>
<item>
<ptxt>
<phrase category="" id="KC06059314" phrase-urn="urn:x-nevis:phrase:0800c8af817313c1">For information#@#@#12# see <xref>
<ref id="KC06059315"/>
</xref>.</phrase>
</ptxt>
</item>
</list1>
<diaglist>
<dgraphic>
<dgraphic2>
<graphic id="KC06059316">
<href>0900c8af80054d4#@#@#9#.jpeg</href>
</graphic>
<smarttool active="press" id="KC06059317" toolname="ODAH"/>
</dgraphic2>
</dgraphic>
<ditem>
<ditemtext>
<ptxt>
<phrase category="" id="KC06059318" phrase-urn="urn:x-nevis:phrase:0800c8af817313c2"/>
</ptxt>
</ditemtext>
</ditem>
</diaglist>
<grate>
<graphic id="KC06059319">
<href>0900c8af80057c3#@#@#9#.jpeg</href>
</graphic>
</grate>
</test2>
</test1>
<question>Is there a fault?</question>
<resact-grp>
<result button="yes" comp="button" highlight="0"/>
<action j2008use="1" paperuse="1" screenuse="1">
<ptxt>
<xref>
<ref id="KC06059320"/>
</xref>
</ptxt>
</action>
</resact-grp>
<resact-grp>
<result button="no" comp="button" highlight="0"/>
<action j2008use="1" paperuse="1" screenuse="1">
<return value="FAULT NOT FOUND"/>
</action>
</resact-grp>
</node>
</testgrp>
<testgrp id="KC01117882" j2008use="1" paperuse="1" resumable="1" screenuse="1" testgrp-id="veri1" x="280" y="80">
<title>
<phrase category="" id="KC06059321" phrase-urn="urn:x-nevis:phrase:0800c8af817313c3">Verification</phrase>
</title>
<subcalloutnode>
<diagcallout>
<xref>
<ref id="KC06059322"/>
</xref>
</diagcallout>
<rescall-grp>
<result comp="string" highlight="0" op="eq" return="VERIFIED"/>
<calloutaction>
<return value="FAULT FOUND"/>
</calloutaction>
</rescall-grp>
<rescall-grp>
<result comp="string" highlight="0" op="eq" return="VERIFICATION FAILED"/>
<calloutaction>
<ptxt>
<xref>
<ref id="KC06059323"/>
</xref>
</ptxt>
</calloutaction>
</rescall-grp>
<rescall-grp>
<result comp="string" highlight="0" op="eq" return="PAPER"/>
<calloutaction>
<return value="FAULT NOT FOUND"/>
</calloutaction>
</rescall-grp>
</subcalloutnode>
</testgrp>
<testgrp id="KC01117883" j2008use="1" paperuse="0" resumable="1" screenuse="1" testgrp-id="info1" x="440" y="80">
<title>
<phrase category="" id="KC06059324" phrase-urn="urn:x-nevis:phrase:0800c8af817313c4">Trouble-shootin#@#@#8#ation</phrase>
</title>
<subcalloutnode>
<diagcallout>
<xref>
<ref id="KC06059325"/>
</xref>
</diagcallout>
<rescall-grp>
<result comp="string" highlight="0" op="eq" return="FAULTTRACING FAILED"/>
<calloutaction>
<return value="FAULTTRACING FAILED"/>
</calloutaction>
</rescall-grp>
<rescall-grp>
<result comp="string" highlight="0" op="eq" return="NEW TRY"/>
<calloutaction>
<ptxt>
<xref>
<ref id="KC06059326"/>
</xref>
</ptxt>
</calloutaction>
</rescall-grp>
</subcalloutnode>
</testgrp>
</diagnostic>
</servinfosub>