<?xml version="1.0" encoding="UTF-8"?><servinfosub IE-ID="en-US0900c8af800c3c05" docno="VCC-088367" id="KC01126446" xml:lang="en-US">
<title>
<phrase category="" id="KC07289030" phrase-urn="urn:x-nevis:phrase:0800c8af81aa61ec">Diagnostic trou#@#@#30#-E001</phrase>
</title>
<diagnostic type="condition">
<condgrp>
<condition type="condition">
<grate>
<graphic id="KC07289031">
<href>0900c8af80058f0#@#@#9#.jpeg</href>
</graphic>
<graphtext>
<para>
<ptxt>
<phrase category="" id="KC07289032" phrase-urn="urn:x-nevis:phrase:0800c8af81aa61ed">The control mod#@#@#238#ked).</phrase>
</ptxt>
</para>
<note>
<ptxt>
<phrase category="" id="KC07289033" phrase-urn="urn:x-nevis:phrase:0800c8af81aa61ee">In the event of#@#@#165#tent.</phrase>
</ptxt>
</note>
</graphtext>
</grate>
</condition>
</condgrp>
<condgrp>
<condition type="substitution">
<list1 enumtype="d" type="unordered">
<item>
<ptxt>
<phrase category="" id="KC07289034" phrase-urn="urn:x-nevis:phrase:0800c8af81aa61ef">The control mod#@#@#28#ff”).</phrase>
</ptxt>
<hint>
<ptxt>
<phrase category="" id="KC07289035" phrase-urn="urn:x-nevis:phrase:0800c8af81aa61f0">The control mod#@#@#159#cate.</phrase>
</ptxt>
</hint>
</item>
</list1>
</condition>
<ps>
<list1 enumtype="d" type="unordered">
<item>
<ptxt>
<phrase category="" id="KC07289036" phrase-urn="urn:x-nevis:phrase:0800c8af81aa61f1">Short-circuit b#@#@#39#iring</phrase>
</ptxt>
</item>
<item>
<ptxt>
<phrase category="" id="KC07289037" phrase-urn="urn:x-nevis:phrase:0800c8af81aa61f2">Open-circuit in#@#@#33#iring</phrase>
</ptxt>
</item>
<item>
<ptxt>
<phrase category="" id="KC07289038" phrase-urn="urn:x-nevis:phrase:0800c8af81aa61f3">Internal fault #@#@#16#odule</phrase>
</ptxt>
</item>
<item>
<ptxt>
<phrase category="" id="KC07289039" phrase-urn="urn:x-nevis:phrase:0800c8af81aa61f4">Internal fault #@#@#73#AN). </phrase>
</ptxt>
</item>
</list1>
</ps>
</condgrp>
<condgrp>
<condition type="symptom">
<list1 enumtype="d" type="unordered">
<item>
<ptxt>
<phrase category="" id="KC07289040" phrase-urn="urn:x-nevis:phrase:0800c8af81aa61f5">No gauges are w#@#@#1#rking</phrase>
</ptxt>
</item>
<item>
<ptxt>
<phrase category="" id="KC07289041" phrase-urn="urn:x-nevis:phrase:0800c8af81aa61f6">The instrument #@#@#21#rate.</phrase>
</ptxt>
</item>
</list1>
</condition>
</condgrp>
</diagnostic>
</servinfosub>