<?xml version="1.0" encoding="UTF-8"?><servinfosub IE-ID="en-US0900c8af8634cc05" docno="VCC-465588" id="nev19689655n1" xml:lang="en-US">
<title>
<phrase category="Title" id="nev19689655n2" phrase-urn="urn:x-nevis:phrase:0800c8af81eb9a54">Diagnostic trou#@#@#21#ation</phrase>
<phrase category="Prefix" id="nev19689655n3" phrase-urn="urn:x-nevis:phrase:0800c8af8015c3f5">ECM</phrase>-P02A800</title>
<diagnostic j2008use="1" paperuse="1" screenuse="1" type="condition">
<condgrp>
<condition type="condition">
<grate id="nev19689655n4">
<graphic id="nev19689655n5">
<href>0900c8af862feb0#@#@#11#.jpeg</href>
</graphic>
</grate>
<para id="nev19689655n6">
<ptxt id="nev19689655n7">
<phrase category="Faulttracing" id="nev19689655n8" phrase-urn="urn:x-nevis:phrase:0800c8af85f9a2d1">The Engine cont#@#@#92#nder.</phrase>
<phrase category="Faulttracing" id="nev19689655n9" phrase-urn="urn:x-nevis:phrase:0800c8af85f9a71f">This diagnostic#@#@#42#unts.</phrase>
</ptxt>
</para>
<para id="nev19689655n10">
<ptxt id="nev19689656n1">
<phrase category="Condition" id="nev19689656n2" phrase-urn="urn:x-nevis:phrase:0800c8af82c4843c">The diagnostic #@#@#59#that:</phrase>
</ptxt>
</para>
<list1 id="nev19689656n3">
<item id="nev19689656n4">
<ptxt id="nev19689656n5">
<phrase category="Faulttracing" id="nev19689656n6" phrase-urn="urn:x-nevis:phrase:0800c8af85f9a4eb">Injected fuel a#@#@#81#ions.</phrase>
</ptxt>
</item>
</list1>
<para id="nev19689656n7">
<ptxt id="nev19689656n8">
<phrase category="Condition" id="nev19689656n9" phrase-urn="urn:x-nevis:phrase:0800c8af82c479d6">The control mod#@#@#67#t of:</phrase>
</ptxt>
</para>
<list1 id="nev19689656n10">
<item id="nev19689657n1">
<ptxt id="nev19689657n2">
<phrase category="Condition" id="nev19689657n3" phrase-urn="urn:x-nevis:phrase:0800c8af83023a3b">Engine running.</phrase>
</ptxt>
</item>
</list1>
<note id="nev19689657n4">
<ptxt id="nev19689657n5">
<phrase category="Condition" id="nev19689657n6" phrase-urn="urn:x-nevis:phrase:0800c8af82c4844b">The control mod#@#@#132# met.</phrase>
</ptxt>
</note>
</condition>
</condgrp>
<condgrp>
<condition type="substitution">
<list1 enumtype="d" type="unordered">
<item id="nev19689657n7">
<ptxt id="nev19689657n8">
<phrase category="Symptom" id="nev19689657n9" phrase-urn="urn:x-nevis:phrase:0800c8af822826c5">None.</phrase>
</ptxt>
</item>
</list1>
</condition>
<ps>
<list1 enumtype="d" type="unordered">
<item id="nev19689657n10">
<ptxt id="nev19689658n1">
<phrase category="Possible source" id="nev19689658n2" phrase-urn="urn:x-nevis:phrase:0800c8af83f4b237">Injector jams o#@#@#7#tuck.</phrase>
</ptxt>
</item>
<item id="nev19689658n3">
<ptxt id="nev19689658n4">
<phrase category="Possible source" id="nev19689658n5" phrase-urn="urn:x-nevis:phrase:0800c8af845f5b71">Worn injection valve</phrase>
</ptxt>
</item>
</list1>
</ps>
</condgrp>
<condgrp>
<condition type="symptom">
<list1 enumtype="d" type="unordered">
<item>
<ptxt>
<phrase category="Symptom CSC" id="nev19689658n6" phrase-urn="urn:x-nevis:phrase:0800c8af8388f019">AJ, Driving/Poo#@#@#20#power</phrase>
</ptxt>
</item>
<item id="nev19689658n7">
<ptxt id="nev19689658n8">
<phrase category="Symptom CSC" id="nev19689658n9" phrase-urn="urn:x-nevis:phrase:0800c8af8388f021">AK, Driving/Hes#@#@#33#times</phrase>
</ptxt>
</item>
<item id="nev19689658n10">
<ptxt id="nev19689659n1">
<phrase category="Symptom CSC" id="nev19689659n2" phrase-urn="urn:x-nevis:phrase:0800c8af8388f076">DL, Warning lig#@#@#85#ation</phrase>
</ptxt>
</item>
</list1>
</condition>
</condgrp>
</diagnostic>
</servinfosub>