<?xml version="1.0" encoding="UTF-8"?><servinfosub IE-ID="en-US0800c8af80a14900" docno="T9995554" id="ST-0800c8af80a14900" xml:lang="en-US">
<title>999 5554 Counte#@#@#1#hold </title>
<grate>
<graphic id="0900c8af80054534"/>
<graphtext>
<deflist>
<defitem>
<term>Tool number:</term>
<def>999 5554-4</def>
</defitem>
<defitem>
<term>Tool description:</term>
<def>Counterhold (wh#@#@#30#95993</def>
</defitem>
<defitem>
<term>Tool board:</term>
<def>21</def>
</defitem>
</deflist>
</graphtext>
</grate>
</servinfosub>