<?xml version="1.0" encoding="UTF-8"?><servinfosub IE-ID="en-US0900c8af80516900" docno="VCC-124814" id="KC01629406" xml:lang="en-US">
<title>
<phrase category="" id="KC08818869" phrase-urn="urn:x-nevis:phrase:0800c8af820c683c">Checking that t#@#@#37#alled</phrase>
</title>
<diagnostic type="test">
<testgrp IE-ID="en-US0900c8af80516900_KC08818868" id="KC08818868" testgrp-id="id_vida">
<title>
<phrase category="" id="KC08818870" phrase-urn="urn:x-nevis:phrase:0800c8af820c6840">Checking that t#@#@#37#alled</phrase>
</title>
<node>
<test1>
<diaglist>
<ditem>
<ptxt>
<phrase category="" id="KC08818871" phrase-urn="urn:x-nevis:phrase:0800c8af820c6843">Check whether t#@#@#37#oose.</phrase>
</ptxt>
</ditem>
<ditem>
<ptxt>
<phrase category="" id="KC08818872" phrase-urn="urn:x-nevis:phrase:0800c8af820c6846">If this is the #@#@#25#rews.</phrase>
</ptxt>
</ditem>
<ditem>
<ptxt>
<phrase category="" id="KC08818873" phrase-urn="urn:x-nevis:phrase:0800c8af820c6849">Tighten accordi#@#@#1#g to <xref>
<ref id="KC08818874"/>
</xref>.</phrase>
</ptxt>
</ditem>
</diaglist>
<test2>
<list1 enumtype="d" type="unordered">
<item>
<ptxt>
<phrase category="" id="KC08818875" phrase-urn="urn:x-nevis:phrase:0800c8af820c684d">For information#@#@#15# see <xref>
<ref id="KC08818876"/>
</xref>. </phrase>
</ptxt>
</item>
<item>
<ptxt>
<phrase category="" id="KC08818877" phrase-urn="urn:x-nevis:phrase:0800c8af820c6851">For information#@#@#19# see <xref>
<ref id="KC08818878"/>
</xref>. </phrase>
</ptxt>
</item>
</list1>
</test2>
</test1>
<question>Was it properly#@#@#4#ured?</question>
<resact-grp>
<result button="yes" comp="button"/>
<action>
<return value="FAULT NOT FOUND"/>
</action>
</resact-grp>
<resact-grp>
<result button="no" comp="button"/>
<action>
<ptxt>
<xref>
<ref id="KC08818879"/>
</xref>
</ptxt>
</action>
</resact-grp>
</node>
</testgrp>
<testgrp id="KC01629407" j2008use="1" paperuse="1" resumable="1" screenuse="1" testgrp-id="adapt">
<title>
<phrase category="" id="KC08818880" phrase-urn="urn:x-nevis:phrase:0800c8af820c6854">Resetting the a#@#@#28#unter</phrase>
</title>
<subcalloutnode>
<diagcallout>
<xref>
<ref id="KC08818881"/>
</xref>
</diagcallout>
<rescall-grp>
<result comp="string" highlight="0" op="eq" return="DONE"/>
<calloutaction>
<return value="FAULT FOUND"/>
</calloutaction>
</rescall-grp>
</subcalloutnode>
</testgrp>
</diagnostic>
</servinfosub>