<?xml version="1.0" encoding="UTF-8"?><servinfosub IE-ID="en-US0900c8af82d50900" docno="VCC-273382" id="nev11093050n1" original="sv-SE" xml:lang="en-US">
<title id="nev11093050n2">Engine body, ex#@#@#2#sing </title>
<procedure id="nev11093590n250">
<proctools id="nev11159862n226">
<toolitem id="nev11159862n225" imageid="0900c8af80054406" toolboards="EU22-3;SV22-3;US22-3"/>
<toolitem id="nev11159862n149" imageid="0900c8af8005dc8b" toolboards="EU22-3;SV22-3;US22-3"/>
<toolitem id="nev11159862n97" imageid="0900c8af8005d70f" toolboards="EU22-3;SV22-3;US22-3"/>
</proctools>
<note id="nev11093590n249">
<ptxt id="nev11093590n248">As the illustra#@#@#181#rect.</ptxt>
</note>
<stepgrp id="nev11093590n247">
<title id="nev11093590n244">Removal</title>
<procstep id="nev11093590n246">
<title id="nev11093590n245">Removing the tr#@#@#5#ssion</title>
<hint id="nev11093590n243">
<ptxt id="nev11093590n242">Remove the lowe#@#@#170#ews. <emph id="nev11159862n45">Carefully</emph> remove the tra#@#@#62#rews.</ptxt>
</hint>
</procstep>
<procstep id="nev11093590n241">
<title id="nev11093590n240">Removing the fl#@#@#19#plate</title>
<para id="nev11159862n20">
<ptxt id="nev11159862n19">Remove the carr#@#@#11#See: <xref id="nev11093590n235">
<ref id="nev11093590n234"/>
</xref>. </ptxt>
</para>
</procstep>
<procstep id="nev11093590n230">
<title id="nev11093590n229">Place the engin#@#@#7#stand</title>
<para id="nev11093590n228">
<ptxt id="nev11093590n227">Use <toolitem id="nev11093590n226" imageid="0900c8af80054406" toolboards="EU22-3;SV22-3;US22-3"/>, <toolitem id="nev11093590n222" imageid="0900c8af8005dc8b" toolboards="EU22-3;SV22-3;US22-3"/> and <toolitem id="nev11093590n218" imageid="0900c8af8005d70f" toolboards="EU22-3;SV22-3;US22-3"/>.</ptxt>
</para>
<para id="nev11093590n214">
<ptxt id="nev11093590n213">drain the oil. See: <xref id="nev11093590n212">
<ref id="nev11093590n207"/>
</xref>.</ptxt>
</para>
</procstep>
</stepgrp>
<stepgrp id="nev11093590n203">
<title id="nev11093590n200">Exposing</title>
<procstep id="nev11093590n202">
<title id="nev11093590n201">Exposing the engine</title>
<list1 enumtype="d" id="nev11093590n199" type="unordered">
<title id="nev11093590n196">Remove:</title>
<item id="nev11093590n198">
<ptxt id="nev11093590n197">engine cable ha#@#@#37#ctors</ptxt>
</item>
<item id="nev11093590n195">
<ptxt id="nev11093590n194">manifold, see: <xref id="nev11093590n191">
<ref id="nev11093590n190"/>
</xref>
</ptxt>
</item>
<item id="nev11093590n193">
<ptxt id="nev11093590n192">manifold, see: <xref id="nev11093590n186">
<ref id="nev11093590n185"/>
</xref>
</ptxt>
</item>
<item id="nev11093590n181">
<ptxt id="nev11093590n180">the alternator,#@#@#1#see: <xref id="nev11093590n179">
<ref id="nev11093590n178"/>
</xref>.</ptxt>
</item>
</list1>
</procstep>
</stepgrp>
</procedure>
</servinfosub>