<?xml version="1.0" encoding="UTF-8"?><servinfosub IE-ID="en-US0900c8af8362c900" docno="VCC-293265" id="nev11841026n1" xml:lang="en-US">
<title>
<phrase category="" id="nev11841026n2" phrase-urn="urn:x-nevis:phrase:0800c8af82709117">Signal missing</phrase>
</title>
<diagnostic j2008use="1" layout="0" paperuse="1" screenuse="1" type="test">
<testgrp IE-ID="en-US0900c8af8362c900_nev11841026n3" id="nev11841026n3" j2008use="1" paperuse="1" resumable="1" screenuse="1" testgrp-id="node1" x="120" y="80">
<title>
<phrase category="" id="nev11841026n4" phrase-urn="urn:x-nevis:phrase:0800c8af827090f1">Checking the wiring</phrase>
</title>
<node>
<test1>
<diaglist>
<dgraphic>
<dgraphic1>
<graphic id="nev11841026n5">
<href>0900c8af80054d4#@#@#9#.jpeg</href>
</graphic>
</dgraphic1>
<dgraphic2>
<graphic id="nev11841026n6">
<href>0900c8af80054d7#@#@#9#.jpeg</href>
</graphic>
</dgraphic2>
</dgraphic>
<ditem>
<ptxt>
<phrase category="" id="nev11841026n7" phrase-urn="urn:x-nevis:phrase:0800c8af827090f2">Ignition off</phrase>
</ptxt>
</ditem>
<ditem>
<ptxt>
<phrase category="" id="nev11841026n8" phrase-urn="urn:x-nevis:phrase:0800c8af827090f7">Disconnect the #@#@#52#GPS).</phrase>
</ptxt>
</ditem>
</diaglist>
<test2>
<para>
<ptxt>
<phrase category="" id="nev11841026n9" phrase-urn="urn:x-nevis:phrase:0800c8af827090f8">Check the termi#@#@#79#tion.</phrase>
</ptxt>
</para>
<para>
<ptxt>
<phrase category="" id="nev11841026n10" phrase-urn="urn:x-nevis:phrase:0800c8af827090f9">Check the anten#@#@#102#cuit.</phrase>
</ptxt>
</para>
<para>
<ptxt>
<phrase category="" id="nev11841027n1" phrase-urn="urn:x-nevis:phrase:0800c8af827090fc">Remedy as necessary.</phrase>
</ptxt>
</para>
<list1 enumtype="d" type="unordered">
<title>
<phrase category="" id="nev11841027n2" phrase-urn="urn:x-nevis:phrase:0800c8af82709107">Other information</phrase>
</title>
<item>
<ptxt>
<xref id="nev11864483n95">
<ref id="l1139211685482"/>
</xref>
</ptxt>
</item>
<item>
<ptxt>
<xref id="nev11864483n97">
<ref id="l1139211656108"/>
</xref>
</ptxt>
</item>
<item>
<ptxt>
<phrase category="" id="nev11841027n9" phrase-urn="urn:x-nevis:phrase:0800c8af8270910e">
<xref>
<ref id="KC09451417"/>
</xref>
</phrase>
</ptxt>
</item>
<item id="nev11879335n100">
<ptxt id="nev11879335n99">
<xref id="nev11879335n98">
<ref id="l1139464703369"/>
</xref>
</ptxt>
</item>
</list1>
<diaglist>
<dgraphic>
<dgraphic1>
<graphic id="nev11841028n1">
<href>0900c8af807311a#@#@#9#.jpeg</href>
</graphic>
</dgraphic1>
</dgraphic>
</diaglist>
</test2>
</test1>
<question>
Select Continue.
</question>
<resact-grp>
<result button="cont" comp="button" highlight="0"/>
<action j2008use="1" paperuse="1" screenuse="1">
<ptxt>
<xref>
<ref id="nev11841028n3"/>
</xref>
</ptxt>
</action>
</resact-grp>
</node>
</testgrp>
<testgrp id="nev11841028n4" j2008use="1" paperuse="1" resumable="1" screenuse="1" testgrp-id="veria" x="120" y="200">
<title>
<phrase category="" id="nev11841028n5" phrase-urn="urn:x-nevis:phrase:0800c8af82709113">Verification</phrase>
</title>
<subcalloutnode>
<diagcallout>
<xref id="nev11864483n92">
<ref id="l1139212004529"/>
</xref>
</diagcallout>
<rescall-grp>
<result comp="string" highlight="0" op="eq" return="VERIFIED"/>
<calloutaction>
<return value="FAULT FOUND"/>
</calloutaction>
</rescall-grp>
<rescall-grp>
<result comp="string" highlight="0" op="eq" return="VERIFICATION FAILED"/>
<calloutaction>
<ptxt>
<xref>
<ref id="nev11841028n7"/>
</xref>
</ptxt>
</calloutaction>
</rescall-grp>
</subcalloutnode>
</testgrp>
<testgrp id="nev11841028n8" j2008use="1" paperuse="0" resumable="1" screenuse="1" testgrp-id="info1" x="120" y="300">
<title>
<phrase category="" id="nev11841028n9" phrase-urn="urn:x-nevis:phrase:0800c8af82709116">Fault-tracing i#@#@#5#ation</phrase>
</title>
<subcalloutnode>
<diagcallout>
<xref>
<ref id="nev11841028n10"/>
</xref>
</diagcallout>
<rescall-grp>
<result comp="string" highlight="0" op="eq" return="FAULTTRACING FAILED"/>
<calloutaction>
<return value="FAULTTRACING FAILED"/>
</calloutaction>
</rescall-grp>
<rescall-grp>
<result comp="string" highlight="0" op="eq" return="NEW TRY"/>
<calloutaction>
<ptxt>
<xref>
<ref id="nev11841029n1"/>
</xref>
</ptxt>
</calloutaction>
</rescall-grp>
</subcalloutnode>
</testgrp>
</diagnostic>
</servinfosub>