<?xml version="1.0" encoding="UTF-8"?><servinfosub IE-ID="en-US0900c8af80429205" docno="VCC-031864" id="KC01425008" xml:lang="en-US">
<title>Replacing flame#@#@#2#ensor</title>
<procedure>
<stepgrp>
<procstep id="KC01425009">
<title>Removing</title>
<grate>
<graphic id="KC06974295" width="column">
<href>0900c8af8012c92#@#@#9#.jpeg</href>
</graphic>
<graphtext>
<list1>
<item>
<ptxt>Pull out the fl#@#@#30#les.
</ptxt>
</item>
</list1>
</graphtext>
</grate>
</procstep>
<procstep id="KC01425010">
<title>Installing</title>
<list1 enumtype="d" type="unordered">
<item>
<ptxt>Connect the fla#@#@#53#bles.</ptxt>
<note>
<ptxt>If the cables o#@#@#127#ctor.</ptxt>
</note>
</item>
<item>
<ptxt>The flame senso#@#@#82#dule.</ptxt>
</item>
</list1>
</procstep>
</stepgrp>
<stepgrp id="KC01425011">
<procstep>
<title>Replacing flame#@#@#26#ter):</title>
<grate>
<graphic id="KC06974296" width="column">
<href>0900c8af803f873#@#@#9#.jpeg</href>
</graphic>
<graphtext>
<list1 enumtype="d" type="unordered">
<item>
<ptxt>Pull out flame #@#@#70#ible.</ptxt>
</item>
<item>
<ptxt>Separate the cu#@#@#47#dule.</ptxt>
</item>
<item>
<ptxt>Take out a new #@#@#73#nsor.</ptxt>
</item>
<item>
<ptxt>Strip approxima#@#@#24#bles.</ptxt>
</item>
<item>
<ptxt>Splice the cabl#@#@#94#n 37.</ptxt>
</item>
<item>
<ptxt>Use butt connec#@#@#13#67-5.</ptxt>
</item>
<item>
<ptxt>Reinstall the f#@#@#21#ater.</ptxt>
</item>
</list1>
</graphtext>
</grate>
</procstep>
</stepgrp>
</procedure>
</servinfosub>