<?xml version="1.0" encoding="UTF-8"?><servinfosub IE-ID="en-US0900c8af88118205" docno="VCC-419038" id="nev16403159n1" original="sv-SE" servinfosubId="nev16403160n1-nev29501176n1" servinfosubRes="0900c8af882548b3" servinfosubRes2="urn:x-nevis:fragment:0900c8af88118205:0900c8af882548b3#nev29501176n1" xml:lang="en-US">
<operationnumbers>
<operationnumber>21035-3</operationnumber>
<operationnumber>21014-0</operationnumber>
<operationnumber>21040-2</operationnumber>
</operationnumbers>
<title id="nev16403159n2">Engine</title>
<toolitemtable id="nev16403160n1-nev29908758n21">
<table id="nev16403160n1-nev29908758n20">
<tgroup cols="2" id="nev16403160n1-nev29908758n19">
<colspec colname="COLSPEC0" colwidth="1.00*" id="nev16403160n1-nev29908758n18"/>
<colspec colname="COLSPEC1" colwidth="1.00*" id="nev16403160n1-nev29908758n17"/>
<thead id="nev16403160n1-nev29908758n16">
<row id="nev16403160n1-nev29908758n15">
<entry id="nev16403160n1-nev29908758n14" nameend="COLSPEC1" namest="COLSPEC0" valign="top">
<ptxt id="nev16403160n1-nev29908758n13">
<emph id="nev16403160n1-nev29908758n12">Special tools</emph>
</ptxt>
</entry>
</row>
</thead>
<tbody id="nev16403160n1-nev29908758n11">
<row id="nev16403160n1-nev29908758n10">
<entry id="nev16403160n1-nev29908758n9">
<graphic id="nev16403160n1-nev29908758n8">
<href>0900c8af862b2fc#@#@#9#.jpeg</href>
</graphic>
</entry>
<entry id="nev16403160n1-nev29908758n7">
<ptxt id="nev16403160n1-nev29908758n6">
<emph id="nev16403160n1-nev29908758n5">999 5474 RADIAT#@#@#8#CTION</emph>
</ptxt>
<ptxt id="nev16403160n1-nev29908758n3">
<emph id="nev16403160n1-nev29908758n2">Tool number:</emph>999 5474</ptxt>
<ptxt id="nev16403160n1-nev29908758n1">
<emph id="nev16403160n1-nev29908759n100">Tool description:</emph>RADIATOR PROTECTION</ptxt>
<ptxt id="nev16403160n1-nev29908759n98">
<emph id="nev16403160n1-nev29908759n97">Tool boards:</emph>20</ptxt>
</entry>
</row>
<row id="nev16403160n1-nev29908759n96">
<entry id="nev16403160n1-nev29908759n95">
<graphic id="nev16403160n1-nev29908759n94">
<href>0900c8af861a70f#@#@#9#.jpeg</href>
</graphic>
</entry>
<entry id="nev16403160n1-nev29908759n93">
<ptxt id="nev16403160n1-nev29908759n92">
<emph id="nev16403160n1-nev29908759n91">999 7503 Lifting eye</emph>
</ptxt>
<ptxt id="nev16403160n1-nev29908759n89">
<emph id="nev16403160n1-nev29908759n88">Tool number:</emph>999 7503</ptxt>
<ptxt id="nev16403160n1-nev29908759n87">
<emph id="nev16403160n1-nev29908759n86">Tool description:</emph>Lifting eye</ptxt>
<ptxt id="nev16403160n1-nev29908759n84">
<emph id="nev16403160n1-nev29908759n83">Tool boards:</emph>21</ptxt>
</entry>
</row>
<row id="nev16403160n1-nev29908759n82">
<entry id="nev16403160n1-nev29908759n81">
<graphic id="nev16403160n1-nev29908759n80">
<href>0900c8af8005489#@#@#9#.jpeg</href>
</graphic>
</entry>
<entry id="nev16403160n1-nev29908759n79">
<ptxt id="nev16403160n1-nev29908759n78">
<emph id="nev16403160n1-nev29908759n77">999 5185 HOOK (#@#@#22#2810)</emph>
</ptxt>
<ptxt id="nev16403160n1-nev29908759n75">
<emph id="nev16403160n1-nev29908759n74">Tool number:</emph>999 5185</ptxt>
<ptxt id="nev16403160n1-nev29908759n73">
<emph id="nev16403160n1-nev29908759n72">Tool description:</emph>HOOK (LIFTING O#@#@#13#2810)</ptxt>
<ptxt id="nev16403160n1-nev29908759n70">
<emph id="nev16403160n1-nev29908759n69">Tool boards:</emph>21</ptxt>
</entry>
</row>
<row id="nev16403160n1-nev29908759n68">
<entry id="nev16403160n1-nev29908759n67">
<graphic id="nev16403160n1-nev29908759n66">
<href>0900c8af8005dce#@#@#9#.jpeg</href>
</graphic>
</entry>
<entry id="nev16403160n1-nev29908759n65">
<ptxt id="nev16403160n1-nev29908759n64">
<emph id="nev16403160n1-nev29908759n63">999 2810 LIFTIN#@#@#10#GINE)</emph>
</ptxt>
<ptxt id="nev16403160n1-nev29908759n61">
<emph id="nev16403160n1-nev29908759n60">Tool number:</emph>999 2810</ptxt>
<ptxt id="nev16403160n1-nev29908759n59">
<emph id="nev16403160n1-nev29908759n58">Tool description:</emph>LIFTING YOKE (E#@#@#1#GINE)</ptxt>
<ptxt id="nev16403160n1-nev29908759n56">
<emph id="nev16403160n1-nev29908759n55">Tool boards:</emph>21</ptxt>
</entry>
</row>
</tbody>
</tgroup>
</table>
</toolitemtable>
<procedure id="nev16403160n1-nev29896817n4">
<stepgrp boilerplate="false" context="" id="nev16403160n1-nev29907559n86">
<title id="nev16403160n1-0800c8af844a46f6">Removal</title>
<procstep id="nev16403160n1-nev29896817n7">
<note id="nev16403160n1-0800c8af844a42fa">
<ptxt>Removal steps i#@#@#45#ails.</ptxt>
</note>
</procstep>
<procstep id="nev16403160n1-nev29896817n10">
<para id="nev16403160n1-nev29907559n84">
<ptxt id="nev16403160n1-nev29907559n85">See information#@#@#32#ystem<xref boilerplate="true" id="nev16403160n1-0800c8af8476eede">
<ref id="nev16403160n1-nev29896818n5"/>
</xref>
</ptxt>
</para>
</procstep>
<procstep id="nev16403160n1-nev29896818n6">
<list1 boilerplate="true" context="remove" enumtype="b" id="nev16403160n1-nev29896818n7" type="unordered">
<item id="nev16403160n1-nev29907559n83">
<ptxt id="nev16403160n1-nev29907559n82">cooling fan, engine<xref boilerplate="true" id="nev16403160n1-0800c8af87ef7258">
<ref id="nev16403160n1-nev29900576n52"/>
</xref>
</ptxt>
</item>
<item id="nev16403160n1-nev29907559n81">
<ptxt id="nev16403160n1-nev29907559n80">support battery<xref boilerplate="true" id="nev16403160n1-0800c8af88253ed1">
<ref id="nev16403160n1-nev29900576n48"/>
</xref>
</ptxt>
</item>
<item id="nev16403160n1-nev29907559n79">
<ptxt id="nev16403160n1-nev29907559n78">Battery Control#@#@#14# BCSM<xref boilerplate="true" id="nev16403160n1-0800c8af868fdbdd">
<ref id="nev16403160n1-nev29896819n7"/>
</xref>
</ptxt>
</item>
</list1>
</procstep>
<procstep id="nev16403160n1-nev29896821n7">
<grate id="nev16403160n1-nev29907559n76">
<graphic id="nev16403160n1-nev29907559n77">
<href>0900c8af8677a02#@#@#9#.jpeg</href>
</graphic>
<graphtext id="nev16403160n1-nev29908787n1">
<para id="nev16403160n1-nev29907559n74">
<ptxt id="nev16403160n1-nev29907559n75">Release the catches.</ptxt>
</para>
<para id="nev16403160n1-nev29907559n72">
<ptxt id="nev16403160n1-nev29907559n73">Remove the mark#@#@#3#part.</ptxt>
</para>
</graphtext>
</grate>
</procstep>
<procstep id="nev16403160n1-nev29896822n7">
<grate id="nev16403160n1-nev29907559n70">
<graphic id="nev16403160n1-nev29907559n71">
<href>0900c8af8677a03#@#@#9#.jpeg</href>
</graphic>
<graphtext id="nev16403160n1-nev29908791n1">
<para id="nev16403160n1-nev29907559n68">
<ptxt id="nev16403160n1-nev29907559n69">Remove the nut.</ptxt>
</para>
<para id="nev16403160n1-nev29907559n66">
<ptxt id="nev16403160n1-nev29907559n67">
<torque id="nev16403160n1-nev29896823n6">
<ref id="nev16403160n1-nev29896823n7"/>
</torque>
</ptxt>
</para>
</graphtext>
</grate>
</procstep>
<procstep id="nev16403160n1-nev29896823n8">
<grate id="nev16403160n1-nev29907559n64">
<graphic id="nev16403160n1-nev29907559n65">
<href>0900c8af867d691#@#@#9#.jpeg</href>
</graphic>
<graphtext id="nev16403160n1-nev29908798n1">
<para id="nev16403160n1-nev29907559n62">
<ptxt id="nev16403160n1-nev29907559n63">Release the locks.</ptxt>
</para>
<para id="nev16403160n1-nev29907559n60">
<ptxt id="nev16403160n1-nev29907559n61">Loosen the mark#@#@#13#ails.</ptxt>
</para>
</graphtext>
</grate>
</procstep>
<procstep id="nev16403160n1-nev29896824n8">
<grate id="nev16403160n1-nev29907559n58">
<graphic id="nev16403160n1-nev29907559n59">
<href>0900c8af867d691#@#@#9#.jpeg</href>
</graphic>
<graphtext id="nev16403160n1-nev29908802n1">
<para id="nev16403160n1-nev29907559n56">
<ptxt id="nev16403160n1-nev29907559n57">Release the lock.</ptxt>
</para>
<para id="nev16403160n1-nev29907559n54">
<ptxt id="nev16403160n1-nev29907559n55">Disconnect the #@#@#5#ctor.</ptxt>
</para>
</graphtext>
</grate>
</procstep>
<procstep id="nev16403160n1-nev29896825n8">
<grate id="nev16403160n1-nev29907559n52">
<graphic id="nev16403160n1-nev29907559n53">
<href>0900c8af867d691#@#@#9#.jpeg</href>
</graphic>
<graphtext id="nev16403160n1-nev29908806n1">
<para id="nev16403160n1-nev29907559n50">
<ptxt id="nev16403160n1-nev29907559n51">Fold marked par#@#@#3#side.</ptxt>
</para>
</graphtext>
</grate>
</procstep>
<procstep id="nev16403160n1-nev29896826n5">
<grate id="nev16403160n1-nev29907559n48">
<graphic id="nev16403160n1-nev29907559n49">
<href>0900c8af86aa05f#@#@#9#.jpeg</href>
</graphic>
<graphtext id="nev16403160n1-nev29908810n1">
<para id="nev16403160n1-nev29907559n46">
<ptxt id="nev16403160n1-nev29907559n47">Release the catches.</ptxt>
</para>
<para id="nev16403160n1-nev29907559n44">
<ptxt id="nev16403160n1-nev29907559n45">Fold marked par#@#@#3#side.</ptxt>
</para>
</graphtext>
</grate>
</procstep>
<procstep id="nev16403160n1-nev29896827n5">
<grate id="nev16403160n1-nev29907559n42">
<graphic id="nev16403160n1-nev29907559n43">
<href>0900c8af86aa045#@#@#9#.jpeg</href>
</graphic>
<graphtext id="nev16403160n1-nev29908814n1">
<para id="nev16403160n1-nev29907559n40">
<ptxt id="nev16403160n1-nev29907559n41">Remove the screws.</ptxt>
</para>
<para id="nev16403160n1-nev29907559n38">
<ptxt id="nev16403160n1-nev29907559n39">
<torque id="nev16403160n1-nev29896828n4">
<ref id="nev16403160n1-nev29896828n5"/>
</torque>
</ptxt>
</para>
<para id="nev16403160n1-nev29907559n36">
<ptxt id="nev16403160n1-nev29907559n37">Remove the mark#@#@#3#part.</ptxt>
</para>
</graphtext>
</grate>
</procstep>
<procstep id="nev16403160n1-nev29896828n9">
<grate id="nev16403160n1-nev29907559n34">
<graphic id="nev16403160n1-nev29907559n35">
<href>0900c8af8692491#@#@#9#.jpeg</href>
</graphic>
<graphtext id="nev16403160n1-nev29908821n1">
<para id="nev16403160n1-nev29907559n32">
<ptxt id="nev16403160n1-nev29907559n33">Release the locks.</ptxt>
</para>
<para id="nev16403160n1-nev29907559n30">
<ptxt id="nev16403160n1-nev29907559n31">Fold marked par#@#@#3#side.</ptxt>
</para>
</graphtext>
</grate>
</procstep>
<procstep id="nev16403160n1-nev29896829n9">
<grate id="nev16403160n1-nev29907559n28">
<graphic id="nev16403160n1-nev29907559n29">
<href>0900c8af8692491#@#@#9#.jpeg</href>
</graphic>
<graphtext id="nev16403160n1-nev29908825n1">
<para id="nev16403160n1-nev29907559n26">
<ptxt id="nev16403160n1-nev29907559n27">Remove the nut.</ptxt>
</para>
<para id="nev16403160n1-nev29907559n24">
<ptxt id="nev16403160n1-nev29907559n25">
<torque id="nev16403160n1-nev29896830n8">
<ref id="nev16403160n1-nev29896830n9"/>
</torque>
</ptxt>
</para>
<para id="nev16403160n1-nev29907559n22">
<ptxt id="nev16403160n1-nev29907559n23">Loosen the wiri#@#@#29#side.</ptxt>
</para>
</graphtext>
</grate>
</procstep>
<procstep id="nev16403160n1-nev29896831n3">
<grate id="nev16403160n1-nev29907559n20">
<graphic id="nev16403160n1-nev29907559n21">
<href>0900c8af8692491#@#@#9#.jpeg</href>
</graphic>
<graphtext id="nev16403160n1-nev29908832n1">
<para id="nev16403160n1-nev29907559n18">
<ptxt id="nev16403160n1-nev29907559n19">Release the locks.</ptxt>
</para>
<para id="nev16403160n1-nev29907559n16">
<ptxt id="nev16403160n1-nev29907559n17">Remove the mark#@#@#3#part.</ptxt>
</para>
</graphtext>
</grate>
</procstep>
<procstep id="nev16403160n1-nev29896832n3">
<grate id="nev16403160n1-nev29907559n14">
<graphic id="nev16403160n1-nev29907559n15">
<href>0900c8af86aa9d5#@#@#9#.jpeg</href>
</graphic>
<graphtext id="nev16403160n1-nev29908836n1">
<para id="nev16403160n1-nev29907559n12">
<ptxt id="nev16403160n1-nev29907559n13">Fold marked par#@#@#3#side.</ptxt>
</para>
</graphtext>
</grate>
</procstep>
<procstep id="nev16403160n1-nev29896832n10">
<grate id="nev16403160n1-nev29907559n10">
<graphic id="nev16403160n1-nev29907559n11">
<href>0900c8af8691eb1#@#@#9#.jpeg</href>
</graphic>
<graphtext id="nev16403160n1-nev29908840n1">
<para id="nev16403160n1-nev29907559n8">
<ptxt id="nev16403160n1-nev29907559n9">Remove the screw.</ptxt>
</para>
<para id="nev16403160n1-nev29907559n6">
<ptxt id="nev16403160n1-nev29907559n7">
<torque id="nev16403160n1-nev29896833n9">
<ref id="nev16403160n1-nev29896833n10"/>
</torque>
</ptxt>
</para>
</graphtext>
</grate>
</procstep>
<procstep id="nev16403160n1-nev29896834n1">
<grate id="nev16403160n1-nev29907559n4">
<graphic id="nev16403160n1-nev29907559n5">
<href>0900c8af8692491#@#@#9#.jpeg</href>
</graphic>
<graphtext id="nev16403160n1-nev29908847n1">
<para id="nev16403160n1-nev29907559n2">
<ptxt id="nev16403160n1-nev29907559n3">Loosen the clips.</ptxt>
</para>
<para id="nev16403160n1-nev29908755n100">
<ptxt id="nev16403160n1-nev29907559n1">Remove the screw.</ptxt>
</para>
<para id="nev16403160n1-nev29908755n98">
<ptxt id="nev16403160n1-nev29908755n99">
<torque id="nev16403160n1-nev29896835n3">
<ref id="nev16403160n1-nev29896835n4"/>
</torque>
</ptxt>
</para>
</graphtext>
</grate>
</procstep>
<procstep id="nev16403160n1-nev29896835n5">
<para id="nev16403160n1-nev29908755n96">
<ptxt id="nev16403160n1-nev29908755n97">Remove the engi#@#@#18#(ECM)<xref boilerplate="true" id="nev16403160n1-0800c8af84563f79">
<ref id="nev16403160n1-nev29896835n10"/>
</xref>
</ptxt>
</para>
</procstep>
<procstep id="nev16403160n1-nev29896836n1">
<grate id="nev16403160n1-nev29908755n94">
<graphic id="nev16403160n1-nev29908755n95">
<href>0900c8af86a9098#@#@#9#.jpeg</href>
</graphic>
<graphtext id="nev16403160n1-nev29908857n1">
<para id="nev16403160n1-nev29908755n92">
<ptxt id="nev16403160n1-nev29908755n93">Remove the screws.</ptxt>
</para>
<para id="nev16403160n1-nev29908755n90">
<ptxt id="nev16403160n1-nev29908755n91">
<torque id="nev16403160n1-nev29896836n10">
<ref id="nev16403160n1-nev29896837n1"/>
</torque>
</ptxt>
</para>
<para id="nev16403160n1-nev29908755n88">
<ptxt id="nev16403160n1-nev29908755n89">Loosen the wiri#@#@#29#side.</ptxt>
</para>
<para id="nev16403160n1-nev29908755n86">
<ptxt id="nev16403160n1-nev29908755n87">Remove the mark#@#@#3#part.</ptxt>
</para>
</graphtext>
</grate>
</procstep>
<procstep id="nev16403160n1-nev29896837n8">
<grate id="nev16403160n1-nev29908755n84">
<graphic id="nev16403160n1-nev29908755n85">
<href>0900c8af86a9098#@#@#9#.jpeg</href>
</graphic>
<graphtext id="nev16403160n1-nev29908864n1">
<para id="nev16403160n1-nev29908755n82">
<ptxt id="nev16403160n1-nev29908755n83">Remove the screw.</ptxt>
</para>
<para id="nev16403160n1-nev29908755n80">
<ptxt id="nev16403160n1-nev29908755n81">
<torque id="nev16403160n1-nev29896838n7">
<ref id="nev16403160n1-nev29896838n8"/>
</torque>
</ptxt>
</para>
<para id="nev16403160n1-nev29908755n78">
<ptxt id="nev16403160n1-nev29908755n79">Fold marked par#@#@#3#side.</ptxt>
</para>
</graphtext>
</grate>
</procstep>
<procstep id="nev16403160n1-nev29896839n2">
<grate id="nev16403160n1-nev29908755n76">
<graphic id="nev16403160n1-nev29908755n77">
<href>0900c8af86aaa5b#@#@#9#.jpeg</href>
</graphic>
<graphtext id="nev16403160n1-nev29908871n1">
<para id="nev16403160n1-nev29908755n74">
<ptxt id="nev16403160n1-nev29908755n75">Remove the nut.</ptxt>
</para>
<para id="nev16403160n1-nev29908755n72">
<ptxt id="nev16403160n1-nev29908755n73">
<torque id="nev16403160n1-nev29896840n1">
<ref id="nev16403160n1-nev29896840n2"/>
</torque>
</ptxt>
</para>
</graphtext>
</grate>
</procstep>
<procstep id="nev16403160n1-nev29896840n3">
<grate id="nev16403160n1-nev29908755n70">
<graphic id="nev16403160n1-nev29908755n71">
<href>0900c8af86aaa5c#@#@#9#.jpeg</href>
</graphic>
<graphtext id="nev16403160n1-nev29908878n1">
<para id="nev16403160n1-nev29908755n68">
<ptxt id="nev16403160n1-nev29908755n69">Remove the screw.</ptxt>
</para>
<para id="nev16403160n1-nev29908755n66">
<ptxt id="nev16403160n1-nev29908755n67">
<torque id="nev16403160n1-nev29896841n2">
<ref id="nev16403160n1-nev29896841n3"/>
</torque>
</ptxt>
</para>
</graphtext>
</grate>
</procstep>
<procstep id="nev16403160n1-nev29896841n4">
<grate id="nev16403160n1-nev29908755n64">
<graphic id="nev16403160n1-nev29908755n65">
<href>0900c8af86aaa67#@#@#9#.jpeg</href>
</graphic>
<graphtext id="nev16403160n1-nev29908885n1">
<para id="nev16403160n1-nev29908755n62">
<ptxt id="nev16403160n1-nev29908755n63">Remove the mark#@#@#3#part.</ptxt>
</para>
<hint id="nev16403160n1-0800c8af861c7272">
<ptxt>It may be neces#@#@#31#nent.</ptxt>
</hint>
</graphtext>
</grate>
</procstep>
<procstep id="nev16403160n1-nev29896842n3">
<grate id="nev16403160n1-nev29908755n60">
<graphic id="nev16403160n1-nev29908755n61">
<href>0900c8af86aaa67#@#@#9#.jpeg</href>
</graphic>
<graphtext id="nev16403160n1-nev29908889n1">
<para id="nev16403160n1-nev29908755n58">
<ptxt id="nev16403160n1-nev29908755n59">Fold marked par#@#@#3#side.</ptxt>
</para>
</graphtext>
</grate>
</procstep>
<procstep id="nev16403160n1-nev29896842n10">
<list1 boilerplate="true" context="remove" enumtype="b" id="nev16403160n1-nev29896843n1" type="unordered">
<item id="nev16403160n1-nev29908755n57">
<ptxt id="nev16403160n1-nev29908755n56">Secondary Bulkh#@#@#7#el RH<xref boilerplate="true" id="nev16403160n1-0800c8af8451d83b">
<ref id="nev16403160n1-nev29896843n6"/>
</xref>
</ptxt>
</item>
<item id="nev16403160n1-nev29908755n55">
<ptxt id="nev16403160n1-nev29908755n54">lambda probe, front<xref boilerplate="true" id="nev16403160n1-0800c8af8679fb0e">
<ref id="nev16403160n1-nev29896844n1"/>
</xref>
</ptxt>
</item>
<item id="nev16403160n1-nev29908755n53">
<ptxt id="nev16403160n1-nev29908755n52">lambda probe, rear<xref boilerplate="true" id="nev16403160n1-0800c8af8679fb6c">
<ref id="nev16403160n1-nev29900644n18"/>
</xref>
</ptxt>
</item>
<item id="nev16403160n1-nev29908755n51">
<ptxt id="nev16403160n1-nev29908755n50">exhaust gas tem#@#@#10#ensor<xref boilerplate="true" id="nev16403160n1-0800c8af87aeac5d">
<ref id="nev16403160n1-nev29900644n14"/>
</xref>
</ptxt>
</item>
</list1>
</procstep>
<procstep id="nev16403160n1-nev29908755n49">
<grate id="nev16403160n1-nev29908755n47">
<graphic id="nev16403160n1-nev29908755n48">
<href>0900c8af880c07c#@#@#9#.jpeg</href>
</graphic>
<graphtext id="nev16403160n1-nev29908905n1">
<para id="nev16403160n1-nev29908755n45">
<ptxt id="nev16403160n1-nev29908755n46">Loosen the clip.</ptxt>
</para>
<para id="nev16403160n1-nev29908755n43">
<ptxt id="nev16403160n1-nev29908755n44">Fold marked par#@#@#3#side.</ptxt>
</para>
</graphtext>
</grate>
</procstep>
<procstep id="nev16403160n1-nev29908755n42">
<grate id="nev16403160n1-nev29908755n40">
<graphic id="nev16403160n1-nev29908755n41">
<href>0900c8af880bfeb#@#@#9#.jpeg</href>
</graphic>
<graphtext id="nev16403160n1-nev29908909n1">
<para id="nev16403160n1-nev29908755n38">
<ptxt id="nev16403160n1-nev29908755n39">Remove the screws.</ptxt>
</para>
<para id="nev16403160n1-nev29908755n34">
<ptxt id="nev16403160n1-nev29908755n36">
<torque id="nev16403160n1-nev29908755n37">
<ref id="nev16403160n1-nev29908755n35"/>
</torque>
</ptxt>
</para>
</graphtext>
</grate>
</procstep>
<procstep id="nev16403160n1-nev29908755n33">
<grate id="nev16403160n1-nev29908755n31">
<graphic id="nev16403160n1-nev29908755n32">
<href>0900c8af880bff4#@#@#9#.jpeg</href>
</graphic>
<graphtext id="nev16403160n1-nev29908916n1">
<para id="nev16403160n1-nev29908755n29">
<ptxt id="nev16403160n1-nev29908755n30">Release the lock.</ptxt>
</para>
<para id="nev16403160n1-nev29908755n27">
<ptxt id="nev16403160n1-nev29908755n28">Loosen the mark#@#@#5#tail.</ptxt>
</para>
<para id="nev16403160n1-nev29908755n25">
<ptxt id="nev16403160n1-nev29908755n26">Remove the mark#@#@#3#part.</ptxt>
</para>
</graphtext>
</grate>
</procstep>
<procstep id="nev16403160n1-nev29896848n6">
<grate id="nev16403160n1-nev29908755n23">
<graphic id="nev16403160n1-nev29908755n24">
<href>0900c8af8679fe4#@#@#9#.jpeg</href>
</graphic>
<graphtext id="nev16403160n1-nev29908920n1">
<para id="nev16403160n1-nev29908755n21">
<ptxt id="nev16403160n1-nev29908755n22">Remove the screw.</ptxt>
</para>
<para id="nev16403160n1-nev29908755n19">
<ptxt id="nev16403160n1-nev29908755n20">
<torque id="nev16403160n1-nev29896849n5">
<ref id="nev16403160n1-nev29896849n6"/>
</torque>
</ptxt>
</para>
<para id="nev16403160n1-nev29908755n17">
<ptxt id="nev16403160n1-nev29908755n18">Fold marked par#@#@#3#side.</ptxt>
</para>
</graphtext>
</grate>
</procstep>
<procstep id="nev16403160n1-nev29896849n10">
<grate id="nev16403160n1-nev29908755n15">
<graphic id="nev16403160n1-nev29908755n16">
<href>0900c8af8679fe4#@#@#9#.jpeg</href>
</graphic>
<graphtext id="nev16403160n1-nev29908927n1">
<para id="nev16403160n1-nev29908755n13">
<ptxt id="nev16403160n1-nev29908755n14">Loosen the nut.</ptxt>
</para>
<para id="nev16403160n1-nev29908755n11">
<ptxt id="nev16403160n1-nev29908755n12">
<torque id="nev16403160n1-nev29896850n9">
<ref id="nev16403160n1-nev29896850n10"/>
</torque>
</ptxt>
</para>
<para id="nev16403160n1-nev29908755n9">
<ptxt id="nev16403160n1-nev29908755n10">Fold marked par#@#@#3#side.</ptxt>
</para>
</graphtext>
</grate>
</procstep>
<procstep id="nev16403160n1-nev29896851n4">
<grate id="nev16403160n1-nev29908755n7">
<graphic id="nev16403160n1-nev29908755n8">
<href>0900c8af86a5884#@#@#9#.jpeg</href>
</graphic>
<graphtext id="nev16403160n1-nev29908934n1">
<warning id="nev16403160n1-0800c8af844a4837">
<ptxt>Be prepared to #@#@#18#luid.</ptxt>
</warning>
<para id="nev16403160n1-nev29908755n5">
<ptxt id="nev16403160n1-nev29908755n6">Undo the hoses #@#@#16#ions.</ptxt>
</para>
<para id="nev16403160n1-nev29908755n3">
<ptxt id="nev16403160n1-nev29908755n4">Loosen the clips.</ptxt>
</para>
<para id="nev16403160n1-nev29908755n1">
<ptxt id="nev16403160n1-nev29908755n2">Fold marked par#@#@#3#side.</ptxt>
</para>
</graphtext>
</grate>
</procstep>
<procstep id="nev16403160n1-nev29896852n9">
<list1 boilerplate="true" context="remove" enumtype="b" id="nev16403160n1-nev29896852n10" type="unordered">
<item id="nev16403160n1-nev29908756n100">
<ptxt id="nev16403160n1-nev29908756n99">Driveshaft left<xref boilerplate="true" id="nev16403160n1-0800c8af84565ed4">
<ref id="nev16403160n1-nev29896853n5"/>
</xref>
</ptxt>
</item>
<item id="nev16403160n1-nev29908756n98">
<ptxt id="nev16403160n1-nev29908756n97">Drive shaft right<xref boilerplate="true" id="nev16403160n1-0800c8af84565ee8">
<ref id="nev16403160n1-nev29896853n10"/>
</xref>
</ptxt>
</item>
<item id="nev16403160n1-nev29908756n96">
<ptxt id="nev16403160n1-nev29908756n95">Engine Rear Low#@#@#18#or RH<xref boilerplate="true" id="nev16403160n1-0800c8af84777bf1">
<ref id="nev16403160n1-nev29896854n5"/>
</xref>
</ptxt>
</item>
<item id="nev16403160n1-nev29908756n94">
<ptxt id="nev16403160n1-nev29908756n93">Engine Rear Low#@#@#18#or LH<xref boilerplate="true" id="nev16403160n1-0800c8af847770e7">
<ref id="nev16403160n1-nev29896854n10"/>
</xref>
</ptxt>
</item>
</list1>
</procstep>
<procstep id="nev16403160n1-nev29896885n4">
<grate id="nev16403160n1-nev29908756n91">
<graphic id="nev16403160n1-nev29908756n92">
<href>0900c8af86acf86#@#@#9#.jpeg</href>
</graphic>
<graphtext id="nev16403160n1-nev29908950n1">
<para id="nev16403160n1-nev29908756n89">
<ptxt id="nev16403160n1-nev29908756n90">Remove the screw.</ptxt>
</para>
<para id="nev16403160n1-nev29908756n87">
<ptxt id="nev16403160n1-nev29908756n88">Fold marked par#@#@#3#side.</ptxt>
</para>
<para id="nev16403160n1-nev29908756n85">
<ptxt id="nev16403160n1-nev29908756n86">
<torque id="nev16403160n1-nev29896886n3">
<ref id="nev16403160n1-nev29896886n4"/>
</torque>
</ptxt>
</para>
</graphtext>
</grate>
</procstep>
<procstep id="nev16403160n1-nev29900645n73">
<title id="nev16403160n1-0800c8af87b5b6ce">Vehicles with u#@#@#18#G102)</title>
</procstep>
<procstep id="nev16403160n1-nev29900645n71">
<para id="nev16403160n1-nev29908756n83">
<ptxt id="nev16403160n1-nev29908756n84">Remove NOx redu#@#@#20#erter<xref boilerplate="true" id="nev16403160n1-0800c8af880887d2">
<ref id="nev16403160n1-nev29900645n68"/>
</xref>
</ptxt>
</para>
</procstep>
<procstep id="nev16403160n1-nev29900645n66">
<title id="nev16403160n1-0800c8af87b5b70e">Vehicles withou#@#@#21#G101)</title>
</procstep>
<procstep id="nev16403160n1-nev29896855n1">
<grate id="nev16403160n1-nev29908756n81">
<graphic id="nev16403160n1-nev29908756n82">
<href>0900c8af88248d0#@#@#9#.jpeg</href>
</graphic>
<graphtext id="nev16403160n1-nev29908960n1">
<para id="nev16403160n1-nev29908756n79">
<ptxt id="nev16403160n1-nev29908756n80">Remove the screws.</ptxt>
</para>
<list1 enumtype="n" id="nev16403160n1-nev29896855n8" type="ordered">
<item id="nev16403160n1-nev29908756n78">
<ptxt id="nev16403160n1-nev29908756n77">Remove the clips.</ptxt>
</item>
<item id="nev16403160n1-nev29908756n76">
<ptxt id="nev16403160n1-nev29908756n75">
<torque id="nev16403160n1-nev29896856n5">
<ref id="nev16403160n1-nev29896856n6"/>
</torque>
</ptxt>
</item>
<item id="nev16403160n1-nev29908756n74">
<ptxt id="nev16403160n1-nev29908756n73">
<torque id="nev16403160n1-nev29896856n1">
<ref id="nev16403160n1-nev29896856n2"/>
</torque>
</ptxt>
</item>
</list1>
</graphtext>
</grate>
</procstep>
<procstep id="nev16403160n1-nev29896858n1">
<grate id="nev16403160n1-nev29908756n71">
<graphic id="nev16403160n1-nev29908756n72">
<href>0900c8af88248dc#@#@#9#.jpeg</href>
</graphic>
<graphtext id="nev16403160n1-nev29908970n1">
<para id="nev16403160n1-nev29908756n69">
<ptxt id="nev16403160n1-nev29908756n70">Remove the nuts.</ptxt>
</para>
<para id="nev16403160n1-nev29908756n67">
<ptxt id="nev16403160n1-nev29908756n68">Loosen the mark#@#@#5#tail.</ptxt>
</para>
<para id="nev16403160n1-nev29908756n65">
<ptxt id="nev16403160n1-nev29908756n66">Make sure to re#@#@#33# new.</ptxt>
</para>
<para id="nev16403160n1-nev29908756n63">
<ptxt id="nev16403160n1-nev29908756n64">
<torque id="nev16403160n1-nev29896858n10">
<ref id="nev16403160n1-nev29896859n1"/>
</torque>
</ptxt>
</para>
</graphtext>
</grate>
</procstep>
<procstep id="nev16403160n1-nev29896859n5">
<grate id="nev16403160n1-nev29908756n61">
<graphic id="nev16403160n1-nev29908756n62">
<href>0900c8af88248dc#@#@#9#.jpeg</href>
</graphic>
<graphtext id="nev16403160n1-nev29908977n1">
<para id="nev16403160n1-nev29908756n59">
<ptxt id="nev16403160n1-nev29908756n60">Remove the nuts.</ptxt>
</para>
<para id="nev16403160n1-nev29908756n57">
<ptxt id="nev16403160n1-nev29908756n58">
<torque id="nev16403160n1-nev29896860n4">
<ref id="nev16403160n1-nev29896860n5"/>
</torque>
</ptxt>
</para>
</graphtext>
</grate>
</procstep>
<procstep id="nev16403160n1-nev29896860n6">
<grate id="nev16403160n1-nev29908756n55">
<graphic id="nev16403160n1-nev29908756n56">
<href>0900c8af88248dc#@#@#9#.jpeg</href>
</graphic>
<graphtext id="nev16403160n1-nev29908984n1">
<para id="nev16403160n1-nev29908756n53">
<ptxt id="nev16403160n1-nev29908756n54">Loosen the mark#@#@#6#ails.</ptxt>
</para>
</graphtext>
</grate>
</procstep>
<procstep id="nev16403160n1-nev29900645n34">
<grate id="nev16403160n1-nev29908756n51">
<graphic id="nev16403160n1-nev29908756n52">
<href>0900c8af88248dd#@#@#9#.jpeg</href>
</graphic>
<graphtext id="nev16403160n1-nev29908988n1">
<para id="nev16403160n1-nev29908756n49">
<ptxt id="nev16403160n1-nev29908756n50">Remove the mark#@#@#3#part.</ptxt>
</para>
</graphtext>
</grate>
</procstep>
<procstep id="nev16403160n1-nev29900645n29">
<grate id="nev16403160n1-nev29908756n47">
<graphic id="nev16403160n1-nev29908756n48">
<href>0900c8af87cbccf#@#@#9#.jpeg</href>
</graphic>
<graphtext id="nev16403160n1-nev29908992n1">
<para id="nev16403160n1-nev29908756n45">
<ptxt id="nev16403160n1-nev29908756n46">Make sure to re#@#@#33# new.</ptxt>
</para>
</graphtext>
</grate>
</procstep>
<procstep id="nev16403160n1-nev29896861n3">
<title id="nev16403160n1-0800c8af86ab226e">Vehicles with b#@#@#6#valve</title>
</procstep>
<procstep id="nev16403160n1-nev29896861n5">
<grate id="nev16403160n1-nev29908756n43">
<graphic id="nev16403160n1-nev29908756n44">
<href>0900c8af86a9a9d#@#@#9#.jpeg</href>
</graphic>
<graphtext id="nev16403160n1-nev29908996n1">
<note id="nev16403160n1-0800c8af86a30b92">
<ptxt>The image conte#@#@#75#sons.</ptxt>
</note>
<para id="nev16403160n1-nev29908756n41">
<ptxt id="nev16403160n1-nev29908756n42">Remove the screws.</ptxt>
</para>
<para id="nev16403160n1-nev29908756n39">
<ptxt id="nev16403160n1-nev29908756n40">
<torque id="nev16403160n1-nev29896862n6">
<ref id="nev16403160n1-nev29896862n7"/>
</torque>
</ptxt>
</para>
<para id="nev16403160n1-nev29908756n37">
<ptxt id="nev16403160n1-nev29908756n38">Fold marked par#@#@#3#side.</ptxt>
</para>
</graphtext>
</grate>
</procstep>
<procstep id="nev16403160n1-nev29896863n1">
<title id="nev16403160n1-0800c8af844a41e8">All vehicles</title>
</procstep>
<procstep id="nev16403160n1-nev29896863n3">
<grate id="nev16403160n1-nev29908756n35">
<graphic id="nev16403160n1-nev29908756n36">
<href>0900c8af861dddd#@#@#9#.jpeg</href>
</graphic>
<graphtext id="nev16403160n1-nev29909003n1">
<para id="nev16403160n1-nev29908756n33">
<ptxt id="nev16403160n1-nev29908756n34">Remove the screws.</ptxt>
</para>
<para id="nev16403160n1-nev29908756n31">
<ptxt id="nev16403160n1-nev29908756n32">
<torque id="nev16403160n1-nev29896864n2">
<ref id="nev16403160n1-nev29896864n3"/>
</torque>
</ptxt>
</para>
<para id="nev16403160n1-nev29908756n29">
<ptxt id="nev16403160n1-nev29908756n30">Fold marked par#@#@#3#side.</ptxt>
</para>
</graphtext>
</grate>
</procstep>
<procstep id="nev16403160n1-nev29896865n8">
<grate id="nev16403160n1-nev29908756n27">
<graphic id="nev16403160n1-nev29908756n28">
<href>0900c8af86fa429#@#@#9#.jpeg</href>
</graphic>
<graphtext id="nev16403160n1-nev29909010n1">
<note id="nev16403160n1-0800c8af844a4387">
<ptxt>Make sure that #@#@#24#lled.</ptxt>
</note>
<para id="nev16403160n1-nev29908756n25">
<ptxt id="nev16403160n1-nev29908756n26">Remove the screw.</ptxt>
</para>
<para id="nev16403160n1-nev29908756n23">
<ptxt id="nev16403160n1-nev29908756n24">
<torque id="nev16403160n1-nev29896866n9">
<ref id="nev16403160n1-nev29896866n10"/>
</torque>
</ptxt>
</para>
</graphtext>
</grate>
</procstep>
<procstep id="nev16403160n1-nev29896864n7">
<grate id="nev16403160n1-nev29908756n21">
<graphic id="nev16403160n1-nev29908756n22">
<href>0900c8af861dddd#@#@#9#.jpeg</href>
</graphic>
<graphtext id="nev16403160n1-nev29909017n1">
<para id="nev16403160n1-nev29908756n19">
<ptxt id="nev16403160n1-nev29908756n20">Remove the nuts.</ptxt>
</para>
<para id="nev16403160n1-nev29908756n17">
<ptxt id="nev16403160n1-nev29908756n18">
<torque id="nev16403160n1-nev29896865n6">
<ref id="nev16403160n1-nev29896865n7"/>
</torque>
</ptxt>
</para>
</graphtext>
</grate>
</procstep>
<procstep id="nev16403160n1-nev29900646n96">
<grate id="nev16403160n1-nev29908756n15">
<graphic id="nev16403160n1-nev29908756n16">
<href>0900c8af87cc581#@#@#9#.jpeg</href>
</graphic>
<graphtext id="nev16403160n1-nev29909024n1">
<para id="nev16403160n1-nev29908756n13">
<ptxt id="nev16403160n1-nev29908756n14">Remove the screws.</ptxt>
</para>
<para id="nev16403160n1-nev29908756n11">
<ptxt id="nev16403160n1-nev29908756n12">Remove the mark#@#@#3#part.</ptxt>
</para>
<para id="nev16403160n1-nev29908756n9">
<ptxt id="nev16403160n1-nev29908756n10">
<torque id="nev16403160n1-nev29900646n89">
<ref id="nev16403160n1-nev29900646n87"/>
</torque>
</ptxt>
</para>
</graphtext>
</grate>
</procstep>
<procstep id="nev16403160n1-nev29896867n1">
<grate id="nev16403160n1-nev29908756n7">
<graphic id="nev16403160n1-nev29908756n8">
<href>0900c8af87cc581#@#@#9#.jpeg</href>
</graphic>
<graphtext id="nev16403160n1-nev29909031n1">
<note id="nev16403160n1-0800c8af85c87302">
<ptxt>Make sure to fo#@#@#23#ated.</ptxt>
</note>
<note id="nev16403160n1-0800c8af880ee7bc">
<ptxt>Turn the component.</ptxt>
</note>
<para id="nev16403160n1-nev29908756n5">
<ptxt id="nev16403160n1-nev29908756n6">Remove the mark#@#@#3#part.</ptxt>
</para>
</graphtext>
</grate>
</procstep>
<procstep id="nev16403160n1-nev29900646n79">
<grate id="nev16403160n1-nev29908756n3">
<graphic id="nev16403160n1-nev29908756n4">
<href>0900c8af8809e61#@#@#9#.jpeg</href>
</graphic>
<graphtext id="nev16403160n1-nev29909035n1">
<para id="nev16403160n1-nev29908756n1">
<ptxt id="nev16403160n1-nev29908756n2">Release the lock.</ptxt>
</para>
<para id="nev16403160n1-nev29908757n99">
<ptxt id="nev16403160n1-nev29908757n100">Loosen the hose#@#@#2#lamp.</ptxt>
</para>
<para id="nev16403160n1-nev29908757n97">
<ptxt id="nev16403160n1-nev29908757n98">Undo the hose f#@#@#14#tion.</ptxt>
</para>
</graphtext>
</grate>
</procstep>
<procstep id="nev16403160n1-nev29900646n70">
<grate id="nev16403160n1-nev29908757n95">
<graphic id="nev16403160n1-nev29908757n96">
<href>0900c8af8809e61#@#@#9#.jpeg</href>
</graphic>
<graphtext id="nev16403160n1-nev29909039n1">
<note id="nev16403160n1-0800c8af844a4379">
<ptxt>Make sure that #@#@#51#rial.</ptxt>
</note>
<para id="nev16403160n1-nev29908757n93">
<ptxt id="nev16403160n1-nev29908757n94">During installa#@#@#58#oned.</ptxt>
</para>
</graphtext>
</grate>
</procstep>
<procstep id="nev16403160n1-nev29896868n8">
<grate id="nev16403160n1-nev29908757n91">
<graphic id="nev16403160n1-nev29908757n92">
<href>0900c8af86aa033#@#@#9#.jpeg</href>
</graphic>
<graphtext id="nev16403160n1-nev29909043n1">
<para id="nev16403160n1-nev29908757n89">
<ptxt id="nev16403160n1-nev29908757n90">Remove the screw.</ptxt>
</para>
<para id="nev16403160n1-nev29908757n87">
<ptxt id="nev16403160n1-nev29908757n88">
<torque id="nev16403160n1-nev29896869n7">
<ref id="nev16403160n1-nev29896869n8"/>
</torque>
</ptxt>
</para>
</graphtext>
</grate>
</procstep>
<procstep id="nev16403160n1-nev29896870n5">
<grate id="nev16403160n1-nev29908757n85">
<graphic id="nev16403160n1-nev29908757n86">
<href>0900c8af861ee67#@#@#9#.jpeg</href>
</graphic>
<graphtext id="nev16403160n1-nev29909050n1">
<caution id="nev16403160n1-0800c8af844a4142">
<ptxt>Make sure that #@#@#22#cted.</ptxt>
</caution>
<para id="nev16403160n1-nev29908757n83">
<ptxt id="nev16403160n1-nev29908757n84">
<toolitem boilerplate="true" id="nev16403160n1-nev29896871n3" imageid="0900c8af862b2fcb"/>
</ptxt>
</para>
</graphtext>
</grate>
</procstep>
<procstep id="nev16403160n1-nev29896871n4">
<grate id="nev16403160n1-nev29908757n81">
<graphic id="nev16403160n1-nev29908757n82">
<href>0900c8af861e0e5#@#@#9#.jpeg</href>
</graphic>
<graphtext id="nev16403160n1-nev29909057n1">
<para id="nev16403160n1-nev29908757n79">
<ptxt id="nev16403160n1-nev29908757n80">Loosen the hose#@#@#2#lamp.</ptxt>
</para>
<para id="nev16403160n1-nev29908757n77">
<ptxt id="nev16403160n1-nev29908757n78">Undo the hose f#@#@#14#tion.</ptxt>
</para>
<para id="nev16403160n1-nev29908757n75">
<ptxt id="nev16403160n1-nev29908757n76">Fold marked par#@#@#3#side.</ptxt>
</para>
</graphtext>
</grate>
</procstep>
<procstep id="nev16403160n1-nev29896872n7">
<grate id="nev16403160n1-nev29908757n73">
<graphic id="nev16403160n1-nev29908757n74">
<href>0900c8af861e094#@#@#9#.jpeg</href>
</graphic>
<graphtext id="nev16403160n1-nev29909061n1">
<para id="nev16403160n1-nev29908757n71">
<ptxt id="nev16403160n1-nev29908757n72">Loosen the hose#@#@#2#lamp.</ptxt>
</para>
<para id="nev16403160n1-nev29908757n69">
<ptxt id="nev16403160n1-nev29908757n70">Undo the hose f#@#@#14#tion.</ptxt>
</para>
<para id="nev16403160n1-nev29908757n67">
<ptxt id="nev16403160n1-nev29908757n68">Fold marked par#@#@#3#side.</ptxt>
</para>
</graphtext>
</grate>
</procstep>
<procstep id="nev16403160n1-nev29896873n10">
<grate id="nev16403160n1-nev29908757n65">
<graphic id="nev16403160n1-nev29908757n66">
<href>0900c8af86aa034#@#@#9#.jpeg</href>
</graphic>
<graphtext id="nev16403160n1-nev29909065n1">
<para id="nev16403160n1-nev29908757n63">
<ptxt id="nev16403160n1-nev29908757n64">Remove the screws.</ptxt>
</para>
<para id="nev16403160n1-nev29908757n61">
<ptxt id="nev16403160n1-nev29908757n62">
<torque id="nev16403160n1-nev29896874n9">
<ref id="nev16403160n1-nev29896874n10"/>
</torque>
</ptxt>
</para>
</graphtext>
</grate>
</procstep>
<procstep id="nev16403160n1-nev29896875n1">
<grate id="nev16403160n1-nev29908757n59">
<graphic id="nev16403160n1-nev29908757n60">
<href>0900c8af86aa045#@#@#9#.jpeg</href>
</graphic>
<graphtext id="nev16403160n1-nev29909072n1">
<para id="nev16403160n1-nev29908757n57">
<ptxt id="nev16403160n1-nev29908757n58">Remove the mark#@#@#3#part.</ptxt>
</para>
<hint id="nev16403160n1-0800c8af861c7272">
<ptxt>It may be neces#@#@#31#nent.</ptxt>
</hint>
</graphtext>
</grate>
</procstep>
<procstep id="nev16403160n1-nev29896879n1">
<grate id="nev16403160n1-nev29908757n55">
<graphic id="nev16403160n1-nev29908757n56">
<href>0900c8af86a5884#@#@#9#.jpeg</href>
</graphic>
<graphtext id="nev16403160n1-nev29909076n1">
<warning id="nev16403160n1-0800c8af844a4837">
<ptxt>Be prepared to #@#@#18#luid.</ptxt>
</warning>
<para id="nev16403160n1-nev29908757n53">
<ptxt id="nev16403160n1-nev29908757n54">Release the lock.</ptxt>
</para>
<para id="nev16403160n1-nev29908757n51">
<ptxt id="nev16403160n1-nev29908757n52">Undo the hose f#@#@#14#tion.</ptxt>
</para>
<para id="nev16403160n1-nev29908757n49">
<ptxt id="nev16403160n1-nev29908757n50">Fold marked par#@#@#3#side.</ptxt>
</para>
</graphtext>
</grate>
</procstep>
<procstep id="nev16403160n1-nev29896880n6">
<grate id="nev16403160n1-nev29908757n47">
<graphic id="nev16403160n1-nev29908757n48">
<href>0900c8af86aaa13#@#@#9#.jpeg</href>
</graphic>
<graphtext id="nev16403160n1-nev29909080n1">
<warning id="nev16403160n1-0800c8af844a4837">
<ptxt>Be prepared to #@#@#18#luid.</ptxt>
</warning>
<para id="nev16403160n1-nev29908757n45">
<ptxt id="nev16403160n1-nev29908757n46">Release the lock.</ptxt>
</para>
<para id="nev16403160n1-nev29908757n43">
<ptxt id="nev16403160n1-nev29908757n44">Undo the hoses #@#@#16#ions.</ptxt>
</para>
<para id="nev16403160n1-nev29908757n41">
<ptxt id="nev16403160n1-nev29908757n42">Fold marked par#@#@#3#side.</ptxt>
</para>
</graphtext>
</grate>
</procstep>
<procstep id="nev16403160n1-nev29896882n1">
<grate id="nev16403160n1-nev29908757n39">
<graphic id="nev16403160n1-nev29908757n40">
<href>0900c8af86a58f5#@#@#9#.jpeg</href>
</graphic>
<graphtext id="nev16403160n1-nev29909084n1">
<para id="nev16403160n1-nev29908757n37">
<ptxt id="nev16403160n1-nev29908757n38">Undo the hose f#@#@#14#tion.</ptxt>
</para>
<para id="nev16403160n1-nev29908757n35">
<ptxt id="nev16403160n1-nev29908757n36">Fold marked par#@#@#3#side.</ptxt>
</para>
</graphtext>
</grate>
</procstep>
<procstep id="nev16403160n1-nev29896883n1">
<grate id="nev16403160n1-nev29908757n33">
<graphic id="nev16403160n1-nev29908757n34">
<href>0900c8af86a58f5#@#@#9#.jpeg</href>
</graphic>
<graphtext id="nev16403160n1-nev29909088n1">
<para id="nev16403160n1-nev29908757n31">
<ptxt id="nev16403160n1-nev29908757n32">Release the lock.</ptxt>
</para>
<para id="nev16403160n1-nev29908757n29">
<ptxt id="nev16403160n1-nev29908757n30">Undo the hose f#@#@#14#tion.</ptxt>
</para>
<para id="nev16403160n1-nev29908757n27">
<ptxt id="nev16403160n1-nev29908757n28">Fold marked par#@#@#3#side.</ptxt>
</para>
</graphtext>
</grate>
</procstep>
<procstep id="nev16403160n1-nev29896884n4">
<grate id="nev16403160n1-nev29908757n25">
<graphic id="nev16403160n1-nev29908757n26">
<href>0900c8af8451bb1#@#@#9#.jpeg</href>
</graphic>
<graphtext id="nev16403160n1-nev29909092n1">
<para id="nev16403160n1-nev29908757n23">
<ptxt id="nev16403160n1-nev29908757n24">Release the lock.</ptxt>
</para>
<para id="nev16403160n1-nev29908757n21">
<ptxt id="nev16403160n1-nev29908757n22">Fold marked par#@#@#3#side.</ptxt>
</para>
</graphtext>
</grate>
</procstep>
<procstep id="nev16403160n1-nev29896886n8">
<para id="nev16403160n1-nev29908757n19">
<ptxt id="nev16403160n1-nev29908757n20">Remove the uppe#@#@#7#e rod<xref boilerplate="true" id="nev16403160n1-0800c8af846bae48">
<ref id="nev16403160n1-nev29896887n3"/>
</xref>
</ptxt>
</para>
</procstep>
<procstep id="nev16403160n1-nev29896887n4">
<grate id="nev16403160n1-nev29908757n17">
<graphic id="nev16403160n1-nev29908757n18">
<href>0900c8af867a412#@#@#9#.jpeg</href>
</graphic>
<graphtext id="nev16403160n1-nev29909099n1">
<para id="nev16403160n1-nev29908757n15">
<ptxt id="nev16403160n1-nev29908757n16">
<toolitem boilerplate="true" id="nev16403160n1-nev29896887n10" imageid="0900c8af861a70f0"/>
</ptxt>
</para>
<para id="nev16403160n1-nev29908757n13">
<ptxt id="nev16403160n1-nev29908757n14">Install the screws.</ptxt>
</para>
<para id="nev16403160n1-nev29908757n11">
<ptxt id="nev16403160n1-nev29908757n12">
<torque id="nev16403160n1-nev29896888n6">
<ref id="nev16403160n1-nev29896888n7"/>
</torque>
</ptxt>
</para>
</graphtext>
</grate>
</procstep>
<procstep id="nev16403160n1-nev29896888n8">
<grate id="nev16403160n1-nev29908757n9">
<graphic id="nev16403160n1-nev29908757n10">
<href>0900c8af861e466#@#@#9#.jpeg</href>
</graphic>
<graphtext id="nev16403160n1-nev29909109n1">
<para id="nev16403160n1-nev29908757n7">
<ptxt id="nev16403160n1-nev29908757n8">
<toolitem boilerplate="true" id="nev16403160n1-nev29896889n4" imageid="0900c8af8005489f"/>
<toolitem boilerplate="false" id="nev16403160n1-nev29896889n5" imageid="0900c8af8005dceb"/>
</ptxt>
</para>
<para id="nev16403160n1-nev29908757n5">
<ptxt id="nev16403160n1-nev29908757n6">
<equipment equipmentid="" equipmentname="Engine lift" id="nev16403160n1-nev29896889n8"/>
</ptxt>
</para>
</graphtext>
</grate>
</procstep>
<procstep id="nev16403160n1-nev29896889n9">
<grate id="nev16403160n1-nev29908757n3">
<graphic id="nev16403160n1-nev29908757n4">
<href>0900c8af867a002#@#@#9#.jpeg</href>
</graphic>
<graphtext id="nev16403160n1-nev29909122n1">
<para id="nev16403160n1-nev29908757n1">
<ptxt id="nev16403160n1-nev29908757n2">Remove the screws.</ptxt>
</para>
<list1 enumtype="n" id="nev16403160n1-nev29896890n6" type="ordered">
<item id="nev16403160n1-nev29908758n100">
<ptxt id="nev16403160n1-nev29908758n99">
<torque id="nev16403160n1-nev29896890n9">
<ref id="nev16403160n1-nev29896890n10"/>
</torque>
</ptxt>
</item>
<item id="nev16403160n1-nev29908758n98">
<ptxt id="nev16403160n1-nev29908758n97">
<torque id="nev16403160n1-nev29896891n3">
<ref id="nev16403160n1-nev29896891n4"/>
</torque>
</ptxt>
</item>
<item id="nev16403160n1-nev29908758n96">
<ptxt id="nev16403160n1-nev29908758n95">
<torque id="nev16403160n1-nev29896891n7">
<ref id="nev16403160n1-nev29896891n8"/>
</torque>
</ptxt>
</item>
</list1>
<para id="nev16403160n1-nev29908758n93">
<ptxt id="nev16403160n1-nev29908758n94">Remove the mark#@#@#3#part.</ptxt>
</para>
</graphtext>
</grate>
</procstep>
<procstep id="nev16403160n1-nev29896892n2">
<grate id="nev16403160n1-nev29908758n91">
<graphic id="nev16403160n1-nev29908758n92">
<href>0900c8af8681163#@#@#9#.jpeg</href>
</graphic>
<graphtext id="nev16403160n1-nev29909135n1">
<note id="nev16403160n1-0800c8af844a42ea">
<ptxt>Note the positi#@#@#30#oval.</ptxt>
</note>
<para id="nev16403160n1-nev29908758n89">
<ptxt id="nev16403160n1-nev29908758n90">Remove the screws.</ptxt>
</para>
<para id="nev16403160n1-nev29908758n87">
<ptxt id="nev16403160n1-nev29908758n88">
<torque id="nev16403160n1-nev29896893n1">
<ref id="nev16403160n1-nev29896893n2"/>
</torque>
</ptxt>
</para>
</graphtext>
</grate>
</procstep>
<procstep id="nev16403160n1-nev29896893n3">
<grate id="nev16403160n1-nev29908758n85">
<graphic id="nev16403160n1-nev29908758n86">
<href>0900c8af86abc75#@#@#9#.jpeg</href>
</graphic>
<graphtext id="nev16403160n1-nev29909142n1">
<para id="nev16403160n1-nev29908758n83">
<ptxt id="nev16403160n1-nev29908758n84">Lower the engine.</ptxt>
</para>
</graphtext>
</grate>
</procstep>
<procstep id="nev16403160n1-nev29896893n10">
<grate id="nev16403160n1-nev29908758n81">
<graphic id="nev16403160n1-nev29908758n82">
<href>0900c8af8681160#@#@#9#.jpeg</href>
</graphic>
<graphtext id="nev16403160n1-nev29909146n1">
<para id="nev16403160n1-nev29908758n79">
<ptxt id="nev16403160n1-nev29908758n80">Remove the screws.</ptxt>
</para>
<para id="nev16403160n1-nev29908758n77">
<ptxt id="nev16403160n1-nev29908758n78">
<torque id="nev16403160n1-nev29896894n9">
<ref id="nev16403160n1-nev29896894n10"/>
</torque>
</ptxt>
</para>
<para id="nev16403160n1-nev29908758n75">
<ptxt id="nev16403160n1-nev29908758n76">Remove the mark#@#@#3#part.</ptxt>
</para>
</graphtext>
</grate>
</procstep>
<procstep id="nev16403160n1-nev29896895n4">
<grate id="nev16403160n1-nev29908758n73">
<graphic id="nev16403160n1-nev29908758n74">
<href>0900c8af86abc75#@#@#9#.jpeg</href>
</graphic>
<graphtext id="nev16403160n1-nev29909153n1">
<para id="nev16403160n1-nev29908758n71">
<ptxt id="nev16403160n1-nev29908758n72">Lift the marked#@#@#8#nt up</ptxt>
</para>
</graphtext>
</grate>
</procstep>
<procstep id="nev16403160n1-nev29908758n70">
<grate id="nev16403160n1-nev29908758n68">
<graphic id="nev16403160n1-nev29908758n69">
<href>0900c8af882546c#@#@#9#.jpeg</href>
</graphic>
<graphtext id="nev16403160n1-nev29909157n1">
<para id="nev16403160n1-nev29908758n66">
<ptxt id="nev16403160n1-nev29908758n67">Loosen the hose#@#@#2#lamp.</ptxt>
</para>
<para id="nev16403160n1-nev29908758n64">
<ptxt id="nev16403160n1-nev29908758n65">Undo the hose f#@#@#14#tion.</ptxt>
</para>
<para id="nev16403160n1-nev29908758n62">
<ptxt id="nev16403160n1-nev29908758n63">Fold marked par#@#@#3#side.</ptxt>
</para>
</graphtext>
</grate>
</procstep>
<procstep id="nev16403160n1-nev29896896n1">
<grate id="nev16403160n1-nev29908758n60">
<graphic id="nev16403160n1-nev29908758n61">
<href>0900c8af86012e9#@#@#9#.jpeg</href>
</graphic>
<graphtext id="nev16403160n1-nev29909161n1">
<note id="nev16403160n1-0800c8af852cd576">
<ptxt>Make sure to tu#@#@#23#stop.</ptxt>
</note>
<para id="nev16403160n1-nev29908758n58">
<ptxt id="nev16403160n1-nev29908758n59">
<equipment equipmentid="" equipmentname="Box wrench 19 mm" id="nev16403160n1-nev29896896n9"/>
</ptxt>
</para>
</graphtext>
</grate>
</procstep>
<procstep id="nev16403160n1-nev29896896n10">
<grate id="nev16403160n1-nev29908758n56">
<graphic id="nev16403160n1-nev29908758n57">
<href>0900c8af860130f#@#@#9#.jpeg</href>
</graphic>
<graphtext id="nev16403160n1-nev29909168n1">
<para id="nev16403160n1-nev29908758n54">
<ptxt id="nev16403160n1-nev29908758n55">Remove the mark#@#@#3#part.</ptxt>
</para>
</graphtext>
</grate>
</procstep>
<procstep id="nev16403160n1-nev29896897n7">
<grate id="nev16403160n1-nev29908758n52">
<graphic id="nev16403160n1-nev29908758n53">
<href>0900c8af8601312#@#@#9#.jpeg</href>
</graphic>
<graphtext id="nev16403160n1-nev29909172n1">
<para id="nev16403160n1-nev29908758n50">
<ptxt id="nev16403160n1-nev29908758n51">
<equipment equipmentid="" equipmentname="Pin 3 mm" id="nev16403160n1-nev29896898n3"/>
</ptxt>
</para>
</graphtext>
</grate>
</procstep>
<procstep id="nev16403160n1-nev29896898n4">
<grate id="nev16403160n1-nev29908758n48">
<graphic id="nev16403160n1-nev29908758n49">
<href>0900c8af86abc75#@#@#9#.jpeg</href>
</graphic>
<graphtext id="nev16403160n1-nev29909179n1">
<para id="nev16403160n1-nev29908758n46">
<ptxt id="nev16403160n1-nev29908758n47">Disconnect the #@#@#6#tors.</ptxt>
</para>
<para id="nev16403160n1-nev29908758n44">
<ptxt id="nev16403160n1-nev29908758n45">Fold marked par#@#@#3#side.</ptxt>
</para>
</graphtext>
</grate>
</procstep>
<procstep id="nev16403160n1-nev29896899n4">
<grate id="nev16403160n1-nev29908758n42">
<graphic id="nev16403160n1-nev29908758n43">
<href>0900c8af86abc98#@#@#9#.jpeg</href>
</graphic>
<graphtext id="nev16403160n1-nev29909183n1">
<note id="nev16403160n1-0800c8af85d76404">
<ptxt>Make sure that #@#@#38# way.</ptxt>
</note>
<para id="nev16403160n1-nev29908758n40">
<ptxt id="nev16403160n1-nev29908758n41">Remove the screws.</ptxt>
</para>
<para id="nev16403160n1-nev29908758n38">
<ptxt id="nev16403160n1-nev29908758n39">
<torque id="nev16403160n1-nev29896900n5">
<ref id="nev16403160n1-nev29896900n6"/>
</torque>
</ptxt>
</para>
<para id="nev16403160n1-nev29908758n36">
<ptxt id="nev16403160n1-nev29908758n37">Remove the part#@#@#5#fully</ptxt>
</para>
<para id="nev16403160n1-nev29908758n34">
<ptxt id="nev16403160n1-nev29908758n35">Fold marked par#@#@#3#side.</ptxt>
</para>
</graphtext>
</grate>
</procstep>
<procstep id="nev16403160n1-nev29896901n3">
<grate id="nev16403160n1-nev29908758n32">
<graphic id="nev16403160n1-nev29908758n33">
<href>0900c8af861e46c#@#@#9#.jpeg</href>
</graphic>
<graphtext id="nev16403160n1-nev29909190n1">
<caution id="nev16403160n1-0800c8af844a412f">
<ptxt>Make sure that #@#@#15#atch.</ptxt>
</caution>
<note id="nev16403160n1-0800c8af844a432f">
<ptxt>This step requi#@#@#29#cian.</ptxt>
</note>
<para id="nev16403160n1-nev29908758n30">
<ptxt id="nev16403160n1-nev29908758n31">Lift the marked#@#@#8#nt up</ptxt>
</para>
</graphtext>
</grate>
</procstep>
</stepgrp>
<stepgrp boilerplate="false" context="" id="nev16403160n1-nev29908758n29">
<title id="nev16403160n1-0800c8af85785bbc">Transferring co#@#@#3#nents</title>
<procstep id="nev16403160n1-nev29896902n6">
<para id="nev16403160n1-nev29908758n27">
<ptxt id="nev16403160n1-nev29908758n28">Perform engine #@#@#10#osing<xref boilerplate="true" id="nev16403160n1-0800c8af86ad536c">
<ref id="nev16403160n1-nev29896903n1"/>
</xref>
</ptxt>
</para>
</procstep>
</stepgrp>
<stepgrp boilerplate="false" context="" id="nev16403160n1-nev29908758n26">
<title id="nev16403160n1-0800c8af844a46f9">Installation</title>
<procstep id="nev16403160n1-nev29896903n4">
<para id="nev16403160n1-nev29908758n24">
<ptxt id="nev16403160n1-nev29908758n25">Perform engine #@#@#23#nents<xref boilerplate="true" id="nev16403160n1-0800c8af86ad537d">
<ref id="nev16403160n1-nev29896903n9"/>
</xref>
</ptxt>
</para>
</procstep>
<procstep id="nev16403160n1-nev29896903n10">
<para id="nev16403160n1-nev29908758n22">
<ptxt id="nev16403160n1-nev29908758n23">To install, rev#@#@#22#dure.</ptxt>
</para>
</procstep>
</stepgrp>
</procedure>
</servinfosub>