<?xml version="1.0" encoding="UTF-8"?><servinfosub IE-ID="en-US0900c8af83cd2205" docno="VCC-318139" id="nev12616431n1" xml:lang="en-US">
<title>
<phrase category="" id="nev12616431n2" phrase-urn="urn:x-nevis:phrase:0800c8af823e70d9">Diagnostic trou#@#@#33#10100</phrase>
</title>
<diagnostic j2008use="1" paperuse="1" screenuse="1" type="condition">
<condgrp>
<condition type="condition">
<para>
<ptxt>
<phrase category="" id="nev12616431n3" phrase-urn="urn:x-nevis:phrase:0800c8af823e70da">The control mod#@#@#323#ECM).</phrase>
</ptxt>
</para>
</condition>
</condgrp>
<condgrp>
<condition type="substitution">
<list1 enumtype="d" type="unordered">
<item>
<ptxt>
<phrase category="" id="nev12616431n4" phrase-urn="urn:x-nevis:phrase:0800c8af823e70db">Nothing.</phrase>
</ptxt>
</item>
</list1>
</condition>
<ps>
<list1 enumtype="d" type="unordered">
<item>
<ptxt>
<phrase category="" id="nev12616431n5" phrase-urn="urn:x-nevis:phrase:0800c8af823e70dc">Open circuit on#@#@#18#bles.</phrase>
</ptxt>
</item>
<item>
<ptxt>
<phrase category="" id="nev12616431n6" phrase-urn="urn:x-nevis:phrase:0800c8af823e70dd">Short-circuit b#@#@#40#ring.</phrase>
</ptxt>
</item>
<item>
<ptxt>
<phrase category="" id="nev12616431n7" phrase-urn="urn:x-nevis:phrase:0800c8af823e70de">Internal malfun#@#@#32#ECM).</phrase>
</ptxt>
</item>
<item>
<ptxt>
<phrase category="" id="nev12616431n8" phrase-urn="urn:x-nevis:phrase:0800c8af823e70df">Internal malfun#@#@#64#ork. </phrase>
</ptxt>
</item>
</list1>
</ps>
</condgrp>
<condgrp>
<condition type="symptom">
<list1 enumtype="d" type="unordered">
<item>
<ptxt>
<phrase category="" id="nev12616431n9" phrase-urn="urn:x-nevis:phrase:0800c8af823e70e0">Harsh shifting.</phrase>
</ptxt>
</item>
<item>
<ptxt>
<phrase category="" id="nev12616431n10" phrase-urn="urn:x-nevis:phrase:0800c8af823e70e1">Malfunction ind#@#@#17# lit.</phrase>
</ptxt>
</item>
</list1>
</condition>
</condgrp>
</diagnostic>
</servinfosub>