<?xml version="1.0" encoding="UTF-8"?><servinfosub IE-ID="en-US0900c8af843b6205" docno="VCC-357769" id="nev13532500n1" servinfosubId="nev20685327n1-nev20685327n2" servinfosubRes="0900c8af862c1d34" servinfosubRes2="urn:x-nevis:fragment:0900c8af843b6205:0900c8af862c1d34#nev20685327n2" xml:lang="en-US">
<title id="nev13532500n2">Description of #@#@#57#ation</title>
<procedure id="nev20685327n1-nev13532500n3">
<stepgrp id="nev20685327n1-nev13532500n4">
<procstep id="nev20685327n1-nev13532500n5">
<title id="nev20685327n1-nev13532500n6">Contents</title>
<para id="nev20685327n1-nev13532500n7">
<ptxt id="nev20685327n1-nev13532500n8">Select type of #@#@#7#tion.</ptxt>
</para>
<list1 enumtype="d" id="nev20685327n1-nev13532500n9" type="unordered">
<item id="nev20685327n1-nev13532500n10">
<ptxt id="nev20685327n1-nev13532501n1">
<xref id="nev20685327n1-nev13532501n2">
<ref id="nev20685327n1-nev13532501n3"/>
</xref>
</ptxt>
</item>
<item id="nev20685327n1-nev13532501n4">
<ptxt id="nev20685327n1-nev13532501n5">
<xref id="nev20685327n1-nev13532501n6">
<ref id="nev20685327n1-nev13532501n7"/>
</xref>
</ptxt>
</item>
<item id="nev20685327n1-nev13532501n8">
<ptxt id="nev20685327n1-nev13532501n9">
<xref id="nev20685327n1-nev13532501n10">
<ref id="nev20685327n1-nev13532502n1"/>
</xref>
</ptxt>
</item>
</list1>
</procstep>
</stepgrp>
</procedure>
</servinfosub>