<?xml version="1.0" encoding="UTF-8"?><servinfosub IE-ID="en-US0900c8af80536205" docno="VCC-134547" id="KC01723705" xml:lang="en-US">
<title>
<phrase category="" id="KC07548136" phrase-urn="urn:x-nevis:phrase:0800c8af81b96cf5">Signal too high</phrase>
</title>
<diagnostic j2008use="1" paperuse="1" screenuse="1" type="test">
<testgrp IE-ID="en-US0900c8af80536205_KC01742591" id="KC01742591" j2008use="1" paperuse="1" resumable="1" screenuse="1" testgrp-id="node1" x="120" y="80">
<title>
<phrase category="" id="KC07548137" phrase-urn="urn:x-nevis:phrase:0800c8af81b96cf6">Checking compon#@#@#10#iring</phrase>
</title>
<node>
<test1>
<test2>
<para>
<ptxt>
<phrase category="" id="KC07548138" phrase-urn="urn:x-nevis:phrase:0800c8af81b96cf7">Check the signa#@#@#137#tage.</phrase>
</ptxt>
</para>
<para>
<ptxt>
<phrase category="" id="KC07548139" phrase-urn="urn:x-nevis:phrase:0800c8af81b96cf8">Check the conne#@#@#47#age. </phrase>
</ptxt>
</para>
<para>
<ptxt>
<phrase category="" id="KC07548140" phrase-urn="urn:x-nevis:phrase:0800c8af81b96cf9">Remedy as necessary.</phrase>
</ptxt>
</para>
<list1 enumtype="d" type="unordered">
<title>
<phrase category="" id="KC07548141" phrase-urn="urn:x-nevis:phrase:0800c8af81b96cfa">Other information:</phrase>
</title>
<item>
<ptxt>
<phrase category="" id="KC07548142" phrase-urn="urn:x-nevis:phrase:0800c8af81b96cfb">To fault-trace #@#@#21# see <xref>
<ref id="KC07548143"/>
</xref>
</phrase>
</ptxt>
</item>
<item>
<ptxt>
<phrase category="" id="KC07548144" phrase-urn="urn:x-nevis:phrase:0800c8af81b96cfc">To connect the #@#@#13# see <xref>
<ref id="KC07548145"/>
</xref>
</phrase>
</ptxt>
</item>
<item>
<ptxt>
<phrase category="" id="KC07548146" phrase-urn="urn:x-nevis:phrase:0800c8af81b96cfd">For information#@#@#15# see <xref>
<ref id="KC07548147"/>
</xref>
</phrase>
</ptxt>
</item>
<item>
<ptxt>
<phrase category="" id="KC07548148" phrase-urn="urn:x-nevis:phrase:0800c8af81b96cfe">See the wiring #@#@#25#ting.</phrase>
</ptxt>
</item>
</list1>
</test2>
</test1>
<question>Was a fault det#@#@#1#cted?</question>
<resact-grp>
<result button="yes" comp="button" highlight="0"/>
<action j2008use="1" paperuse="1" screenuse="1">
<ptxt>
<xref>
<ref id="KC07548149"/>
</xref>
</ptxt>
</action>
</resact-grp>
<resact-grp>
<result button="no" comp="button" highlight="0"/>
<action j2008use="1" paperuse="1" screenuse="1">
<ptxt>
<xref>
<ref id="KC07548150"/>
</xref>
</ptxt>
</action>
</resact-grp>
</node>
</testgrp>
<testgrp id="KC01742592" j2008use="1" paperuse="1" resumable="1" screenuse="1" testgrp-id="node2" x="120" y="160">
<title>
<phrase category="" id="KC07548151" phrase-urn="urn:x-nevis:phrase:0800c8af81b96cff">Replacing the c#@#@#3#onent</phrase>
</title>
<node>
<test1>
<test2>
<para>
<ptxt>
<phrase category="" id="KC07548152" phrase-urn="urn:x-nevis:phrase:0800c8af81b96d00">Replace the gas#@#@#12#nsor.</phrase>
</ptxt>
</para>
<list1 enumtype="d" type="unordered">
<title>
<phrase category="" id="KC07548153" phrase-urn="urn:x-nevis:phrase:0800c8af81b96d01">Other information:</phrase>
</title>
<item>
<ptxt>
<phrase category="" id="KC07548154" phrase-urn="urn:x-nevis:phrase:0800c8af81b96d02">To replace the #@#@#20# see <xref>
<ref id="KC07548155"/>
</xref>. </phrase>
</ptxt>
</item>
</list1>
</test2>
</test1>
<question>Select Continue.</question>
<resact-grp>
<result button="cont" comp="button" highlight="0"/>
<action j2008use="1" paperuse="1" screenuse="1">
<ptxt>
<xref>
<ref id="KC07548156"/>
</xref>
</ptxt>
</action>
</resact-grp>
</node>
</testgrp>
<testgrp id="KC01742593" j2008use="1" paperuse="1" resumable="1" screenuse="1" testgrp-id="veria" x="120" y="240">
<title>
<phrase category="" id="KC07548157" phrase-urn="urn:x-nevis:phrase:0800c8af81b96d03">Verification</phrase>
</title>
<subcalloutnode>
<diagcallout>
<xref>
<ref id="KC07548158"/>
</xref>
</diagcallout>
<rescall-grp>
<result comp="string" highlight="0" op="eq" return="VERIFIED"/>
<calloutaction>
<return value="FAULT FOUND"/>
</calloutaction>
</rescall-grp>
<rescall-grp>
<result comp="string" highlight="0" op="eq" return="VERIFICATION FAILED"/>
<calloutaction>
<ptxt>
<xref>
<ref id="KC07548159"/>
</xref>
</ptxt>
</calloutaction>
</rescall-grp>
</subcalloutnode>
</testgrp>
<testgrp id="KC01742594" j2008use="1" paperuse="1" resumable="1" screenuse="1" testgrp-id="info1" x="320" y="160">
<title>
<phrase category="" id="KC07548160" phrase-urn="urn:x-nevis:phrase:0800c8af81b96d04">Fault-tracing i#@#@#5#ation</phrase>
</title>
<subcalloutnode>
<diagcallout>
<xref>
<ref id="KC07548161"/>
</xref>
</diagcallout>
<rescall-grp>
<result comp="string" highlight="0" op="eq" return="FAULTTRACING FAILED"/>
<calloutaction>
<return value="FAULTTRACING FAILED"/>
</calloutaction>
</rescall-grp>
<rescall-grp>
<result comp="string" highlight="0" op="eq" return="NEW TRY"/>
<calloutaction>
<ptxt>
<xref>
<ref id="KC07548162"/>
</xref>
</ptxt>
</calloutaction>
</rescall-grp>
</subcalloutnode>
</testgrp>
</diagnostic>
</servinfosub>