<?xml version="1.0" encoding="UTF-8"?><servinfosub IE-ID="en-US0900c8af82c39205" docno="VCC-097343" id="KC09693698" xml:lang="en-US">
<title>Chassis code</title>
<grate>
<title>Chassis codes a#@#@#21#lows:</title>
<graphic id="KC09693703" width="column">
<href>0900c8af8011fbd#@#@#11#.jpeg</href>
</graphic>
<graphtext>
<list1 enumtype="n">
<item>
<ptxt>Spring, front: #@#@#4#6 640</ptxt>
<ptxt>Shock absorber,#@#@#12#0 070</ptxt>
</item>
<item>
<ptxt>Anti-roll bar, #@#@#11#6 859</ptxt>
</item>
<item>
<ptxt>Shock absorber,#@#@#11#0 327</ptxt>
</item>
<item>
<ptxt>Spring, rear: 3#@#@#3#6 893</ptxt>
</item>
<item>
<ptxt>Anti-roll bar, #@#@#10#6 386</ptxt>
</item>
<item>
<ptxt>Combined auxili#@#@#19#rear:</ptxt>
<ptxt>91 40 066 / 35 #@#@#1#6 038</ptxt>
</item>
<item>
<ptxt>Steering gear: TRW</ptxt>
</item>
</list1>
</graphtext>
</grate>
<table frame="all" pgwide="1">
<tgroup align="left" char="" charoff="50" cols="3" colsep="1" rowsep="0">
<colspec colname="col1" colwidth="118*"/>
<colspec colname="col2" colwidth="208*"/>
<colspec colname="col3" colwidth="202*"/>
<spanspec nameend="col3" namest="col2" spanname="2to3"/>
<thead valign="bottom">
<row rowsep="1">
<entry align="center" morerows="1" rowsep="0" valign="top">
<ptxt>Chassis code
</ptxt>
<ptxt>Pos 1</ptxt>
</entry>
<entry align="center" spanname="2to3" valign="top">
<ptxt>Combined spring#@#@#12#orber</ptxt>
</entry>
</row>
<row rowsep="1">
<entry align="center" colname="col2" valign="top">
<ptxt>Spring, front
</ptxt>
</entry>
<entry align="center" valign="top">
<ptxt>Shock absorber,#@#@#1#front</ptxt>
</entry>
</row>
</thead>
<tbody valign="top">
<row>
<entry align="center" rowsep="1" valign="top">
<ptxt>Applies to cars#@#@#28#ding:</ptxt>
<ptxt>1996 Week 50:</ptxt>
</entry>
</row>
<row>
<entry align="center" valign="top">
<ptxt>11</ptxt>
</entry>
<entry align="center" valign="top">
<ptxt>35 46 640</ptxt>
</entry>
<entry align="center" valign="top">
<ptxt>91 40 070</ptxt>
</entry>
</row>
<row>
<entry align="center" valign="top">
<ptxt>15</ptxt>
</entry>
<entry align="center" valign="top">
<ptxt>35 46 640</ptxt>
</entry>
<entry align="center" valign="top">
<ptxt>91 40 072</ptxt>
</entry>
</row>
<row>
<entry align="center" valign="top">
<ptxt>1L</ptxt>
</entry>
<entry align="center" valign="top">
<ptxt>35 46 640</ptxt>
</entry>
<entry align="center" valign="top">
<ptxt>91 40 072</ptxt>
</entry>
</row>
<row>
<entry align="center" valign="top">
<ptxt>1X</ptxt>
</entry>
<entry align="center" valign="top">
<ptxt>35 46 640</ptxt>
</entry>
<entry align="center" valign="top">
<ptxt>91 40 072</ptxt>
</entry>
</row>
<row>
<entry align="center" valign="top">
<ptxt>1T</ptxt>
</entry>
<entry align="center" valign="top">
<ptxt>35 46 640</ptxt>
</entry>
<entry align="center" valign="top">
<ptxt>68 16 319</ptxt>
</entry>
</row>
<row>
<entry align="center" valign="top">
<ptxt>21</ptxt>
</entry>
<entry align="center" valign="top">
<ptxt>35 46 641</ptxt>
</entry>
<entry align="center" valign="top">
<ptxt>91 40 070</ptxt>
</entry>
</row>
<row>
<entry align="center" valign="top">
<ptxt>25</ptxt>
</entry>
<entry align="center" valign="top">
<ptxt>35 46 641</ptxt>
</entry>
<entry align="center" valign="top">
<ptxt>91 40 072</ptxt>
</entry>
</row>
<row>
<entry align="center" valign="top">
<ptxt>2C</ptxt>
</entry>
<entry align="center" valign="top">
<ptxt>35 46 641</ptxt>
</entry>
<entry align="center" valign="top">
<ptxt>91 40 072</ptxt>
</entry>
</row>
<row>
<entry align="center" valign="top">
<ptxt>2L</ptxt>
</entry>
<entry align="center" valign="top">
<ptxt>35 46 641</ptxt>
</entry>
<entry align="center" valign="top">
<ptxt>91 40 072</ptxt>
</entry>
</row>
<row>
<entry align="center" valign="top">
<ptxt>2T</ptxt>
</entry>
<entry align="center" valign="top">
<ptxt>35 46 641</ptxt>
</entry>
<entry align="center" valign="top">
<ptxt>68 16 319</ptxt>
</entry>
</row>
<row>
<entry align="center" valign="top">
<ptxt>2V</ptxt>
</entry>
<entry align="center" valign="top">
<ptxt>35 46 641</ptxt>
</entry>
<entry align="center" valign="top">
<ptxt>91 40 072</ptxt>
</entry>
</row>
<row>
<entry align="center" valign="top">
<ptxt>2X</ptxt>
</entry>
<entry align="center" valign="top">
<ptxt>35 46 641</ptxt>
</entry>
<entry align="center" valign="top">
<ptxt>91 40 072</ptxt>
</entry>
</row>
<row>
<entry align="center" valign="top">
<ptxt>31</ptxt>
</entry>
<entry align="center" valign="top">
<ptxt>35 46 642</ptxt>
</entry>
<entry align="center" valign="top">
<ptxt>91 40 070</ptxt>
</entry>
</row>
<row>
<entry align="center" valign="top">
<ptxt>35</ptxt>
</entry>
<entry align="center" valign="top">
<ptxt>35 46 642</ptxt>
</entry>
<entry align="center" valign="top">
<ptxt>91 40 072</ptxt>
</entry>
</row>
<row>
<entry align="center" valign="top">
<ptxt>3L</ptxt>
</entry>
<entry align="center" valign="top">
<ptxt>35 46 642</ptxt>
</entry>
<entry align="center" valign="top">
<ptxt>91 40 072</ptxt>
</entry>
</row>
<row>
<entry align="center" valign="top">
<ptxt>45</ptxt>
</entry>
<entry align="center" valign="top">
<ptxt>35 46 643</ptxt>
</entry>
<entry align="center" valign="top">
<ptxt>91 40 072</ptxt>
</entry>
</row>
<row>
<entry align="center" valign="top">
<ptxt>55</ptxt>
</entry>
<entry align="center" valign="top">
<ptxt>35 46 644</ptxt>
</entry>
<entry align="center" valign="top">
<ptxt>91 40 072</ptxt>
</entry>
</row>
<row>
<entry align="center" valign="top">
<ptxt>6X</ptxt>
</entry>
<entry align="center" valign="top">
<ptxt>91 40 130</ptxt>
</entry>
<entry align="center" valign="top">
<ptxt>91 40 072</ptxt>
</entry>
</row>
<row>
<entry align="center" valign="top">
<ptxt>7L</ptxt>
</entry>
<entry align="center" valign="top">
<ptxt>35 46 833</ptxt>
</entry>
<entry align="center" valign="top">
<ptxt>91 40 072</ptxt>
</entry>
</row>
<row>
<entry align="center" valign="top">
<ptxt>7X</ptxt>
</entry>
<entry align="center" valign="top">
<ptxt>35 46 833</ptxt>
</entry>
<entry align="center" valign="top">
<ptxt>91 40 072</ptxt>
</entry>
</row>
<row>
<entry align="center" valign="top">
<ptxt>8X</ptxt>
</entry>
<entry align="center" valign="top">
<ptxt>91 40 131</ptxt>
</entry>
<entry align="center" valign="top">
<ptxt>91 40 072</ptxt>
</entry>
</row>
<row>
<entry align="center" valign="top">
<ptxt>AA</ptxt>
</entry>
<entry align="center" valign="top">
<ptxt>35 46 640</ptxt>
</entry>
<entry align="center" valign="top">
<ptxt>91 40 070</ptxt>
</entry>
</row>
<row>
<entry align="center" valign="top">
<ptxt>CA</ptxt>
</entry>
<entry align="center" valign="top">
<ptxt>35 46 640</ptxt>
</entry>
<entry align="center" valign="top">
<ptxt>91 40 070</ptxt>
</entry>
</row>
<row>
<entry align="center" valign="top">
<ptxt>CC</ptxt>
</entry>
<entry align="center" valign="top">
<ptxt>35 46 640</ptxt>
</entry>
<entry align="center" valign="top">
<ptxt>91 40 072</ptxt>
</entry>
</row>
<row>
<entry align="center" valign="top">
<ptxt>EE</ptxt>
</entry>
<entry align="center" valign="top">
<ptxt>35 46 641</ptxt>
</entry>
<entry align="center" valign="top">
<ptxt>91 40 070</ptxt>
</entry>
</row>
<row>
<entry align="center" valign="top">
<ptxt>FF</ptxt>
</entry>
<entry align="center" valign="top">
<ptxt>35 46 641</ptxt>
</entry>
<entry align="center" valign="top">
<ptxt>91 40 072</ptxt>
</entry>
</row>
<row>
<entry align="center" valign="top">
<ptxt>F2</ptxt>
</entry>
<entry align="center" valign="top">
<ptxt>91 69 027</ptxt>
</entry>
<entry align="center" valign="top">
<ptxt>91 40 072</ptxt>
</entry>
</row>
<row>
<entry align="center" valign="top">
<ptxt>GG</ptxt>
</entry>
<entry align="center" valign="top">
<ptxt>35 46 642</ptxt>
</entry>
<entry align="center" valign="top">
<ptxt>91 40 070</ptxt>
</entry>
</row>
<row>
<entry align="center" valign="top">
<ptxt>HH</ptxt>
</entry>
<entry align="center" valign="top">
<ptxt>35 46 642</ptxt>
</entry>
<entry align="center" valign="top">
<ptxt>91 40 072</ptxt>
</entry>
</row>
<row>
<entry align="center" valign="top">
<ptxt>JJ</ptxt>
</entry>
<entry align="center" valign="top">
<ptxt>35 46 643</ptxt>
</entry>
<entry align="center" valign="top">
<ptxt>91 40 072</ptxt>
</entry>
</row>
<row>
<entry align="center" valign="top">
<ptxt>KK</ptxt>
</entry>
<entry align="center" valign="top">
<ptxt>35 46 833</ptxt>
</entry>
<entry align="center" valign="top">
<ptxt>91 40 070</ptxt>
</entry>
</row>
<row>
<entry align="center" valign="top">
<ptxt>S1</ptxt>
</entry>
<entry align="center" valign="top">
<ptxt>35 46 642</ptxt>
</entry>
<entry align="center" valign="top">
<ptxt>91 40 072</ptxt>
</entry>
</row>
<row>
<entry align="center" valign="top">
<ptxt>S2</ptxt>
</entry>
<entry align="center" valign="top">
<ptxt>35 46 640</ptxt>
</entry>
<entry align="center" valign="top">
<ptxt>91 40 072</ptxt>
</entry>
</row>
<row>
<entry align="center" valign="top">
<ptxt>S3</ptxt>
</entry>
<entry align="center" valign="top">
<ptxt>35 46 641</ptxt>
</entry>
<entry align="center" valign="top">
<ptxt>91 40 072</ptxt>
</entry>
</row>
<row>
<entry align="center" valign="top">
<ptxt>S4</ptxt>
</entry>
<entry align="center" valign="top">
<ptxt>35 46 643</ptxt>
</entry>
<entry align="center" valign="top">
<ptxt>91 40 072</ptxt>
</entry>
</row>
<row>
<entry align="center" valign="top">
<ptxt>12</ptxt>
</entry>
<entry align="center" valign="top">
<ptxt>35 46 640</ptxt>
</entry>
<entry align="center" valign="top">
<ptxt> 91 73 314</ptxt>
</entry>
</row>
<row>
<entry align="center" valign="top">
<ptxt>22</ptxt>
</entry>
<entry align="center" valign="top">
<ptxt>35 66 641</ptxt>
</entry>
<entry align="center" valign="top">
<ptxt>91 73 314</ptxt>
</entry>
</row>
<row>
<entry align="center" valign="top">
<ptxt>32</ptxt>
</entry>
<entry align="center" valign="top">
<ptxt>35 66 642</ptxt>
</entry>
<entry align="center" valign="top">
<ptxt>91 73 314</ptxt>
</entry>
</row>
<row>
<entry align="center" valign="top">
<ptxt>42</ptxt>
</entry>
<entry align="center" valign="top">
<ptxt>35 66 643</ptxt>
</entry>
<entry align="center" valign="top">
<ptxt>91 73 314</ptxt>
</entry>
</row>
<row>
<entry align="center" valign="top">
<ptxt>52</ptxt>
</entry>
<entry align="center" valign="top">
<ptxt>35 46 644</ptxt>
</entry>
<entry align="center" valign="top">
<ptxt>91 73 314</ptxt>
</entry>
</row>
<row>
<entry align="center" valign="top">
<ptxt>72</ptxt>
</entry>
<entry align="center" valign="top">
<ptxt>35 46 833</ptxt>
</entry>
<entry align="center" valign="top">
<ptxt>91 73 314</ptxt>
</entry>
</row>
<row>
<entry align="center" valign="top">
<ptxt>1F</ptxt>
</entry>
<entry align="center" valign="top">
<ptxt>35 46 641</ptxt>
</entry>
<entry align="center" valign="top">
<ptxt>91 73 314</ptxt>
</entry>
</row>
<row>
<entry align="center" valign="top">
<ptxt>2F</ptxt>
</entry>
<entry align="center" valign="top">
<ptxt>35 46 642</ptxt>
</entry>
<entry align="center" valign="top">
<ptxt>91 73 314</ptxt>
</entry>
</row>
<row>
<entry align="center" valign="top">
<ptxt>3F</ptxt>
</entry>
<entry align="center" valign="top">
<ptxt>35 46 643</ptxt>
</entry>
<entry align="center" valign="top">
<ptxt>91 73 314</ptxt>
</entry>
</row>
<row>
<entry align="center" valign="top">
<ptxt>14</ptxt>
</entry>
<entry align="center" valign="top">
<ptxt>35 46 640</ptxt>
</entry>
<entry align="center" valign="top">
<ptxt>91 91 419</ptxt>
</entry>
</row>
<row>
<entry align="center" valign="top">
<ptxt>24</ptxt>
</entry>
<entry align="center" valign="top">
<ptxt>35 66 641</ptxt>
</entry>
<entry align="center" valign="top">
<ptxt>91 91 419</ptxt>
</entry>
</row>
<row>
<entry align="center" valign="top">
<ptxt>34</ptxt>
</entry>
<entry align="center" valign="top">
<ptxt>35 66 642</ptxt>
</entry>
<entry align="center" valign="top">
<ptxt>91 91 419</ptxt>
</entry>
</row>
<row>
<entry align="center" valign="top">
<ptxt>44</ptxt>
</entry>
<entry align="center" valign="top">
<ptxt>35 66 643</ptxt>
</entry>
<entry align="center" valign="top">
<ptxt>91 91 419</ptxt>
</entry>
</row>
<row>
<entry align="center" valign="top">
<ptxt>54</ptxt>
</entry>
<entry align="center" valign="top">
<ptxt>35 46 644</ptxt>
</entry>
<entry align="center" valign="top">
<ptxt>91 91 419</ptxt>
</entry>
</row>
<row>
<entry align="center" valign="top">
<ptxt>4F</ptxt>
</entry>
<entry align="center" valign="top">
<ptxt>35 46 641</ptxt>
</entry>
<entry align="center" valign="top">
<ptxt>91 91 419</ptxt>
</entry>
</row>
<row>
<entry align="center" valign="top">
<ptxt>5F</ptxt>
</entry>
<entry align="center" valign="top">
<ptxt>35 46 642</ptxt>
</entry>
<entry align="center" valign="top">
<ptxt>91 91 419</ptxt>
</entry>
</row>
<row>
<entry align="center" valign="top">
<ptxt>6F</ptxt>
</entry>
<entry align="center" valign="top">
<ptxt>35 46 642</ptxt>
</entry>
<entry align="center" valign="top">
<ptxt>91 73 615</ptxt>
</entry>
</row>
<row>
<entry align="center" valign="top">
<ptxt>16</ptxt>
</entry>
<entry align="center" valign="top">
<ptxt>35 46 640</ptxt>
</entry>
<entry align="center" valign="top">
<ptxt>91 73 850</ptxt>
</entry>
</row>
<row>
<entry align="center" valign="top">
<ptxt>26</ptxt>
</entry>
<entry align="center" valign="top">
<ptxt>35 46 641</ptxt>
</entry>
<entry align="center" valign="top">
<ptxt>91 73 850</ptxt>
</entry>
</row>
<row>
<entry align="center" valign="top">
<ptxt>36</ptxt>
</entry>
<entry align="center" valign="top">
<ptxt>35 46 642</ptxt>
</entry>
<entry align="center" valign="top">
<ptxt>91 73 850</ptxt>
</entry>
</row>
<row>
<entry align="center" valign="top">
<ptxt>76</ptxt>
</entry>
<entry align="center" valign="top">
<ptxt>35 46 833</ptxt>
</entry>
<entry align="center" valign="top">
<ptxt>91 73 850</ptxt>
</entry>
</row>
<row>
<entry align="center" valign="top">
<ptxt>AW</ptxt>
</entry>
<entry align="center" valign="top">
<ptxt>91 69 021</ptxt>
</entry>
<entry align="center" valign="top">
<ptxt>91 73 314</ptxt>
</entry>
</row>
<row>
<entry align="center" valign="top">
<ptxt>2W</ptxt>
</entry>
<entry align="center" valign="top">
<ptxt>91 69 902</ptxt>
</entry>
<entry align="center" valign="top">
<ptxt>91 73 314</ptxt>
</entry>
</row>
<row>
<entry align="center" valign="top">
<ptxt>5W</ptxt>
</entry>
<entry align="center" valign="top">
<ptxt>35 46 644</ptxt>
</entry>
<entry align="center" valign="top">
<ptxt>91 73 314</ptxt>
</entry>
</row>
<row>
<entry align="center" valign="top">
<ptxt>0W</ptxt>
</entry>
<entry align="center" valign="top">
<ptxt>35 46 644</ptxt>
</entry>
<entry align="center" valign="top">
<ptxt>91 73 314</ptxt>
</entry>
</row>
<row>
<entry align="center" valign="top">
<ptxt>20</ptxt>
</entry>
<entry align="center" valign="top">
<ptxt>35 46 644</ptxt>
</entry>
<entry align="center" valign="top">
<ptxt>91 73 314</ptxt>
</entry>
</row>
<row>
<entry align="center" valign="top">
<ptxt>6W</ptxt>
</entry>
<entry align="center" valign="top">
<ptxt>35 46 644</ptxt>
</entry>
<entry align="center" valign="top">
<ptxt>91 73 850</ptxt>
</entry>
</row>
<row>
<entry align="center" valign="top">
<ptxt>60</ptxt>
</entry>
<entry align="center" valign="top">
<ptxt>35 46 644</ptxt>
</entry>
<entry align="center" valign="top">
<ptxt>91 73 850</ptxt>
</entry>
</row>
<row>
<entry align="center" valign="top">
<ptxt>9W</ptxt>
</entry>
<entry align="center" valign="top">
<ptxt>91 69 021</ptxt>
</entry>
<entry align="center" valign="top">
<ptxt>91 73 314</ptxt>
</entry>
</row>
<row>
<entry align="center" valign="top">
<ptxt>B1</ptxt>
</entry>
<entry align="center" valign="top">
<ptxt>35 46 640</ptxt>
</entry>
<entry align="center" valign="top">
<ptxt>91 73 850</ptxt>
</entry>
</row>
<row>
<entry align="center" valign="top">
<ptxt>B2</ptxt>
</entry>
<entry align="center" valign="top">
<ptxt>35 46 641</ptxt>
</entry>
<entry align="center" valign="top">
<ptxt>91 73 314</ptxt>
</entry>
</row>
<row>
<entry align="center" valign="top">
<ptxt>B3</ptxt>
</entry>
<entry align="center" valign="top">
<ptxt>35 46 641</ptxt>
</entry>
<entry align="center" valign="top">
<ptxt>91 73 850</ptxt>
</entry>
</row>
<row>
<entry align="center" valign="top">
<ptxt>B4</ptxt>
</entry>
<entry align="center" valign="top">
<ptxt>35 46 642</ptxt>
</entry>
<entry align="center" valign="top">
<ptxt>91 73 314</ptxt>
</entry>
</row>
<row>
<entry align="center" valign="top">
<ptxt>B5</ptxt>
</entry>
<entry align="center" valign="top">
<ptxt>35 46 643</ptxt>
</entry>
<entry align="center" valign="top">
<ptxt>91 73 314</ptxt>
</entry>
</row>
<row>
<entry align="center" valign="top">
<ptxt>B6</ptxt>
</entry>
<entry align="center" valign="top">
<ptxt>91 69 021</ptxt>
</entry>
<entry align="center" valign="top">
<ptxt>91 73 314</ptxt>
</entry>
</row>
<row>
<entry align="center" valign="top">
<ptxt>9W</ptxt>
</entry>
<entry align="center" valign="top">
<ptxt>91 69 021</ptxt>
</entry>
<entry align="center" valign="top">
<ptxt>91 91 569</ptxt>
</entry>
</row>
<row>
<entry align="center" valign="top">
<ptxt>R1</ptxt>
</entry>
<entry align="center" valign="top">
<ptxt>35 46 641</ptxt>
</entry>
<entry align="center" valign="top">
<ptxt>91 73 850</ptxt>
</entry>
</row>
<row>
<entry align="center" valign="top">
<ptxt>R2</ptxt>
</entry>
<entry align="center" valign="top">
<ptxt>35 66 642</ptxt>
</entry>
<entry align="center" valign="top">
<ptxt>91 73 850</ptxt>
</entry>
</row>
<row>
<entry align="center" valign="top">
<ptxt>1C</ptxt>
</entry>
<entry align="center" valign="top">
<ptxt>35 46 640</ptxt>
</entry>
<entry align="center" valign="top">
<ptxt>91 73 850</ptxt>
</entry>
</row>
<row>
<entry align="center" valign="top">
<ptxt>6C</ptxt>
</entry>
<entry align="center" valign="top">
<ptxt>35 46 640</ptxt>
</entry>
<entry align="center" valign="top">
<ptxt>91 73 850</ptxt>
</entry>
</row>
<row>
<entry align="center" valign="top">
<ptxt>18</ptxt>
</entry>
<entry align="center" valign="top">
<ptxt>35 46 640</ptxt>
</entry>
<entry align="center" valign="top">
<ptxt>86 12 887</ptxt>
</entry>
</row>
<row>
<entry align="center" valign="top">
<ptxt>26</ptxt>
</entry>
<entry align="center" valign="top">
<ptxt>35 46 641</ptxt>
</entry>
<entry align="center" valign="top">
<ptxt>91 73 850</ptxt>
</entry>
</row>
<row>
<entry align="center" valign="top">
<ptxt>C2</ptxt>
</entry>
<entry align="center" valign="top">
<ptxt>35 46 641</ptxt>
</entry>
<entry align="center" valign="top">
<ptxt>91 73 850</ptxt>
</entry>
</row>
<row>
<entry align="center" valign="top">
<ptxt>28</ptxt>
</entry>
<entry align="center" valign="top">
<ptxt>35 46 641</ptxt>
</entry>
<entry align="center" valign="top">
<ptxt>86 12 887</ptxt>
</entry>
</row>
<row>
<entry align="center" valign="top">
<ptxt>3C</ptxt>
</entry>
<entry align="center" valign="top">
<ptxt>35 46 642</ptxt>
</entry>
<entry align="center" valign="top">
<ptxt>91 73 850</ptxt>
</entry>
</row>
<row>
<entry align="center" valign="top">
<ptxt>9C</ptxt>
</entry>
<entry align="center" valign="top">
<ptxt>35 46 642</ptxt>
</entry>
<entry align="center" valign="top">
<ptxt>91 73 850</ptxt>
</entry>
</row>
<row>
<entry align="center" valign="top">
<ptxt>2R</ptxt>
</entry>
<entry align="center" valign="top">
<ptxt>35 46 642</ptxt>
</entry>
<entry align="center" valign="top">
<ptxt>86 12 887</ptxt>
</entry>
</row>
<row>
<entry align="center" valign="top">
<ptxt>46</ptxt>
</entry>
<entry align="center" valign="top">
<ptxt>35 46 643</ptxt>
</entry>
<entry align="center" valign="top">
<ptxt>91 73 850</ptxt>
</entry>
</row>
<row>
<entry align="center" valign="top">
<ptxt>4C</ptxt>
</entry>
<entry align="center" valign="top">
<ptxt>35 46 643</ptxt>
</entry>
<entry align="center" valign="top">
<ptxt>91 73 850</ptxt>
</entry>
</row>
<row>
<entry align="center" valign="top">
<ptxt>IR</ptxt>
</entry>
<entry align="center" valign="top">
<ptxt>35 46 643</ptxt>
</entry>
<entry align="center" valign="top">
<ptxt>91 73 850</ptxt>
</entry>
</row>
<row>
<entry align="center" valign="top">
<ptxt>48</ptxt>
</entry>
<entry align="center" valign="top">
<ptxt>35 46 643</ptxt>
</entry>
<entry align="center" valign="top">
<ptxt>86 12 887</ptxt>
</entry>
</row>
<row>
<entry align="center" valign="top">
<ptxt>4R</ptxt>
</entry>
<entry align="center" valign="top">
<ptxt>35 46 643</ptxt>
</entry>
<entry align="center" valign="top">
<ptxt>86 12 887</ptxt>
</entry>
</row>
<row>
<entry align="center" valign="top">
<ptxt>3R</ptxt>
</entry>
<entry align="center" valign="top">
<ptxt>35 46 644</ptxt>
</entry>
<entry align="center" valign="top">
<ptxt>91 73 850</ptxt>
</entry>
</row>
<row>
<entry align="center" valign="top">
<ptxt>58</ptxt>
</entry>
<entry align="center" valign="top">
<ptxt>35 46 644</ptxt>
</entry>
<entry align="center" valign="top">
<ptxt>86 12 887</ptxt>
</entry>
</row>
<row>
<entry align="center" valign="top">
<ptxt>7C</ptxt>
</entry>
<entry align="center" valign="top">
<ptxt>35 46 833</ptxt>
</entry>
<entry align="center" valign="top">
<ptxt>91 73 850</ptxt>
</entry>
</row>
<row>
<entry align="center" valign="top">
<ptxt>7D</ptxt>
</entry>
<entry align="center" valign="top">
<ptxt>35 46 833</ptxt>
</entry>
<entry align="center" valign="top">
<ptxt>91 73 850</ptxt>
</entry>
</row>
<row>
<entry align="center" valign="top">
<ptxt>39</ptxt>
</entry>
<entry align="center" valign="top">
<ptxt>35 46 642</ptxt>
</entry>
<entry align="center" valign="top">
<ptxt>86 00 901</ptxt>
</entry>
</row>
<row>
<entry align="center" valign="top">
<ptxt>49</ptxt>
</entry>
<entry align="center" valign="top">
<ptxt>35 46 643</ptxt>
</entry>
<entry align="center" valign="top">
<ptxt>86 00 901</ptxt>
</entry>
</row>
<row>
<entry align="center" valign="top">
<ptxt>59</ptxt>
</entry>
<entry align="center" valign="top">
<ptxt>35 46 644</ptxt>
</entry>
<entry align="center" valign="top">
<ptxt>86 00 901</ptxt>
</entry>
</row>
<row>
<entry align="center" rowsep="1" valign="top">
<ptxt>78</ptxt>
</entry>
<entry align="center" valign="top">
<ptxt>35 46 833</ptxt>
</entry>
<entry align="center" valign="top">
<ptxt>86 12 887</ptxt>
</entry>
</row>
<row>
<entry align="center" rowsep="1" valign="top">
<ptxt>Applies to cars#@#@#28#ding:</ptxt>
<ptxt>1998 Week 27:</ptxt>
</entry>
</row>
<row>
<entry align="center" valign="top">
<ptxt>W1</ptxt>
</entry>
<entry align="center" valign="top">
<ptxt>35 46 644</ptxt>
</entry>
<entry align="center" valign="top">
<ptxt>91 73 314</ptxt>
</entry>
</row>
<row>
<entry align="center" valign="top">
<ptxt>W2</ptxt>
</entry>
<entry align="center" valign="top">
<ptxt>91 69 021</ptxt>
</entry>
<entry align="center" valign="top">
<ptxt>91 73 314</ptxt>
</entry>
</row>
<row>
<entry align="center" rowsep="1" valign="top">
<ptxt>W3</ptxt>
</entry>
<entry align="center" valign="top">
<ptxt>91 69 021</ptxt>
</entry>
<entry align="center" valign="top">
<ptxt>91 91 569</ptxt>
</entry>
</row>
<row>
<entry align="center" rowsep="1" valign="top">
<ptxt>Applies to cars#@#@#28#ding:</ptxt>
<ptxt>1998 Week 32:</ptxt>
</entry>
</row>
<row>
<entry align="center" valign="top">
<ptxt>K1</ptxt>
</entry>
<entry align="center" valign="top">
<ptxt>35 46 640</ptxt>
</entry>
<entry align="center" valign="top">
<ptxt>91 73 314</ptxt>
</entry>
</row>
<row>
<entry align="center" valign="top">
<ptxt>K6</ptxt>
</entry>
<entry align="center" valign="top">
<ptxt>35 46 640</ptxt>
</entry>
<entry align="center" valign="top">
<ptxt>91 73 850</ptxt>
</entry>
</row>
<row>
<entry align="center" valign="top">
<ptxt>A1</ptxt>
</entry>
<entry align="center" valign="top">
<ptxt>35 46 644</ptxt>
</entry>
<entry align="center" valign="top">
<ptxt>91 73 314</ptxt>
</entry>
</row>
<row>
<entry align="center" valign="top">
<ptxt>2K</ptxt>
</entry>
<entry align="center" valign="top">
<ptxt>35 46 641</ptxt>
</entry>
<entry align="center" valign="top">
<ptxt>91 73 850</ptxt>
</entry>
</row>
<row>
<entry align="center" valign="top">
<ptxt>M6</ptxt>
</entry>
<entry align="center" valign="top">
<ptxt>35 46 641</ptxt>
</entry>
<entry align="center" valign="top">
<ptxt>91 73 850</ptxt>
</entry>
</row>
<row>
<entry align="center" valign="top">
<ptxt>A2</ptxt>
</entry>
<entry align="center" valign="top">
<ptxt>91 69 021</ptxt>
</entry>
<entry align="center" valign="top">
<ptxt>91 73 314</ptxt>
</entry>
</row>
<row>
<entry align="center" valign="top">
<ptxt>3K</ptxt>
</entry>
<entry align="center" valign="top">
<ptxt>35 46 642</ptxt>
</entry>
<entry align="center" valign="top">
<ptxt>91 73 314</ptxt>
</entry>
</row>
<row>
<entry align="center" valign="top">
<ptxt>A3</ptxt>
</entry>
<entry align="center" valign="top">
<ptxt>91 69 021</ptxt>
</entry>
<entry align="center" valign="top">
<ptxt>91 91 569</ptxt>
</entry>
</row>
<row>
<entry align="center" valign="top">
<ptxt>60</ptxt>
</entry>
<entry align="center" valign="top">
<ptxt>35 46 644</ptxt>
</entry>
<entry align="center" valign="top">
<ptxt>91 73 850</ptxt>
</entry>
</row>
<row>
<entry align="center" valign="top">
<ptxt>K4</ptxt>
</entry>
<entry align="center" valign="top">
<ptxt>35 46 643</ptxt>
</entry>
<entry align="center" valign="top">
<ptxt>91 73 314</ptxt>
</entry>
</row>
<row>
<entry align="center" valign="top">
<ptxt>K5</ptxt>
</entry>
<entry align="center" valign="top">
<ptxt>35 46 644</ptxt>
</entry>
<entry align="center" valign="top">
<ptxt>91 73 314</ptxt>
</entry>
</row>
<row>
<entry align="center" valign="top">
<ptxt>K7</ptxt>
</entry>
<entry align="center" valign="top">
<ptxt>35 46 833</ptxt>
</entry>
<entry align="center" valign="top">
<ptxt>91 73 314</ptxt>
</entry>
</row>
<row>
<entry align="center" valign="top">
<ptxt>M7</ptxt>
</entry>
<entry align="center" valign="top">
<ptxt>35 46 833</ptxt>
</entry>
<entry align="center" valign="top">
<ptxt>91 73 850</ptxt>
</entry>
</row>
<row>
<entry align="center" valign="top">
<ptxt>M1</ptxt>
</entry>
<entry align="center" valign="top">
<ptxt>35 46 641</ptxt>
</entry>
<entry align="center" valign="top">
<ptxt>91 91 419</ptxt>
</entry>
</row>
<row>
<entry align="center" valign="top">
<ptxt>M2</ptxt>
</entry>
<entry align="center" valign="top">
<ptxt>35 46 641</ptxt>
</entry>
<entry align="center" valign="top">
<ptxt>91 73 314</ptxt>
</entry>
</row>
<row>
<entry align="center" valign="top">
<ptxt>K9</ptxt>
</entry>
<entry align="center" valign="top">
<ptxt>35 46 642</ptxt>
</entry>
<entry align="center" valign="top">
<ptxt>91 91 419</ptxt>
</entry>
</row>
<row>
<entry align="center" valign="top">
<ptxt>M3</ptxt>
</entry>
<entry align="center" valign="top">
<ptxt>35 46 642</ptxt>
</entry>
<entry align="center" valign="top">
<ptxt>91 73 314</ptxt>
</entry>
</row>
<row>
<entry align="center" valign="top">
<ptxt>M4</ptxt>
</entry>
<entry align="center" valign="top">
<ptxt>35 46 643</ptxt>
</entry>
<entry align="center" valign="top">
<ptxt>91 91 419</ptxt>
</entry>
</row>
<row>
<entry align="center" valign="top">
<ptxt>M8</ptxt>
</entry>
<entry align="center" valign="top">
<ptxt>35 46 643</ptxt>
</entry>
<entry align="center" valign="top">
<ptxt>91 73 314</ptxt>
</entry>
</row>
<row>
<entry align="center" valign="top">
<ptxt>B7</ptxt>
</entry>
<entry align="center" valign="top">
<ptxt>35 46 640</ptxt>
</entry>
<entry align="center" valign="top">
<ptxt>91 73 850</ptxt>
</entry>
</row>
<row>
<entry align="center" valign="top">
<ptxt>B8</ptxt>
</entry>
<entry align="center" valign="top">
<ptxt>35 46 641</ptxt>
</entry>
<entry align="center" valign="top">
<ptxt>91 73 314</ptxt>
</entry>
</row>
<row>
<entry align="center" valign="top">
<ptxt>B9</ptxt>
</entry>
<entry align="center" valign="top">
<ptxt>35 46 641</ptxt>
</entry>
<entry align="center" valign="top">
<ptxt>91 73 850</ptxt>
</entry>
</row>
<row>
<entry align="center" valign="top">
<ptxt>T3</ptxt>
</entry>
<entry align="center" valign="top">
<ptxt>38 46 642</ptxt>
</entry>
<entry align="center" valign="top">
<ptxt>91 73 314</ptxt>
</entry>
</row>
<row>
<entry align="center" valign="top">
<ptxt>W3</ptxt>
</entry>
<entry align="center" valign="top">
<ptxt>35 46 640</ptxt>
</entry>
<entry align="center" valign="top">
<ptxt>86 12 887</ptxt>
</entry>
</row>
<row>
<entry align="center" valign="top">
<ptxt>W4</ptxt>
</entry>
<entry align="center" valign="top">
<ptxt>35 46 641</ptxt>
</entry>
<entry align="center" valign="top">
<ptxt>91 73 850</ptxt>
</entry>
</row>
<row>
<entry align="center" valign="top">
<ptxt>W5</ptxt>
</entry>
<entry align="center" valign="top">
<ptxt>35 46 641</ptxt>
</entry>
<entry align="center" valign="top">
<ptxt>91 73 850</ptxt>
</entry>
</row>
<row>
<entry align="center" valign="top">
<ptxt>W6</ptxt>
</entry>
<entry align="center" valign="top">
<ptxt>35 46 641</ptxt>
</entry>
<entry align="center" valign="top">
<ptxt>86 12 887</ptxt>
</entry>
</row>
<row>
<entry align="center" valign="top">
<ptxt>W7</ptxt>
</entry>
<entry align="center" valign="top">
<ptxt>35 46 642</ptxt>
</entry>
<entry align="center" valign="top">
<ptxt>91 73 850</ptxt>
</entry>
</row>
<row>
<entry align="center" valign="top">
<ptxt>W8</ptxt>
</entry>
<entry align="center" valign="top">
<ptxt>35 46 642</ptxt>
</entry>
<entry align="center" valign="top">
<ptxt>91 73 850</ptxt>
</entry>
</row>
<row>
<entry align="center" valign="top">
<ptxt>W9</ptxt>
</entry>
<entry align="center" valign="top">
<ptxt>35 46 642</ptxt>
</entry>
<entry align="center" valign="top">
<ptxt>86 12 887</ptxt>
</entry>
</row>
<row>
<entry align="center" valign="top">
<ptxt>R2</ptxt>
</entry>
<entry align="center" valign="top">
<ptxt>35 46 642</ptxt>
</entry>
<entry align="center" valign="top">
<ptxt>86 00 090</ptxt>
</entry>
</row>
<row>
<entry align="center" valign="top">
<ptxt>R4</ptxt>
</entry>
<entry align="center" valign="top">
<ptxt>35 46 643</ptxt>
</entry>
<entry align="center" valign="top">
<ptxt>91 73 850</ptxt>
</entry>
</row>
<row>
<entry align="center" valign="top">
<ptxt>R5</ptxt>
</entry>
<entry align="center" valign="top">
<ptxt>35 46 643</ptxt>
</entry>
<entry align="center" valign="top">
<ptxt>91 73 850</ptxt>
</entry>
</row>
<row>
<entry align="center" valign="top">
<ptxt>R6</ptxt>
</entry>
<entry align="center" valign="top">
<ptxt>35 46 643</ptxt>
</entry>
<entry align="center" valign="top">
<ptxt>91 73 850</ptxt>
</entry>
</row>
<row>
<entry align="center" valign="top">
<ptxt>R7</ptxt>
</entry>
<entry align="center" valign="top">
<ptxt>35 46 643</ptxt>
</entry>
<entry align="center" valign="top">
<ptxt>86 12 887</ptxt>
</entry>
</row>
<row>
<entry align="center" valign="top">
<ptxt>R8</ptxt>
</entry>
<entry align="center" valign="top">
<ptxt>35 46 643</ptxt>
</entry>
<entry align="center" valign="top">
<ptxt>86 12 887</ptxt>
</entry>
</row>
<row>
<entry align="center" valign="top">
<ptxt>R9</ptxt>
</entry>
<entry align="center" valign="top">
<ptxt>35 46 643</ptxt>
</entry>
<entry align="center" valign="top">
<ptxt>86 00 901</ptxt>
</entry>
</row>
<row>
<entry align="center" valign="top">
<ptxt>T4</ptxt>
</entry>
<entry align="center" valign="top">
<ptxt>35 46 644</ptxt>
</entry>
<entry align="center" valign="top">
<ptxt>91 73 850</ptxt>
</entry>
</row>
<row>
<entry align="center" valign="top">
<ptxt>T5</ptxt>
</entry>
<entry align="center" valign="top">
<ptxt>35 46 644</ptxt>
</entry>
<entry align="center" valign="top">
<ptxt>86 12 887</ptxt>
</entry>
</row>
<row>
<entry align="center" valign="top">
<ptxt>T6</ptxt>
</entry>
<entry align="center" valign="top">
<ptxt>35 46 644</ptxt>
</entry>
<entry align="center" valign="top">
<ptxt>86 00 901</ptxt>
</entry>
</row>
<row>
<entry align="center" valign="top">
<ptxt>T7</ptxt>
</entry>
<entry align="center" valign="top">
<ptxt>35 46 833</ptxt>
</entry>
<entry align="center" valign="top">
<ptxt>91 73 850</ptxt>
</entry>
</row>
<row>
<entry align="center" valign="top">
<ptxt>T8</ptxt>
</entry>
<entry align="center" valign="top">
<ptxt>35 46 833</ptxt>
</entry>
<entry align="center" valign="top">
<ptxt>91 73 850</ptxt>
</entry>
</row>
<row>
<entry align="center" valign="top">
<ptxt>T9</ptxt>
</entry>
<entry align="center" valign="top">
<ptxt>35 46 833</ptxt>
</entry>
<entry align="center" valign="top">
<ptxt>86 12 887</ptxt>
</entry>
</row>
<row>
<entry align="center" valign="top">
<ptxt>F4</ptxt>
</entry>
<entry align="center" valign="top">
<ptxt>86 18 256</ptxt>
</entry>
<entry align="center" valign="top">
<ptxt>86 00 901</ptxt>
</entry>
</row>
<row>
<entry align="center" valign="top">
<ptxt>F5</ptxt>
</entry>
<entry align="center" valign="top">
<ptxt>86 18 256</ptxt>
</entry>
<entry align="center" valign="top">
<ptxt>89 00 901</ptxt>
</entry>
</row>
<row>
<entry align="center" valign="top">
<ptxt>F6</ptxt>
</entry>
<entry align="center" valign="top">
<ptxt>35 46 644</ptxt>
</entry>
<entry align="center" valign="top">
<ptxt>86 12 887</ptxt>
</entry>
</row>
<row>
<entry align="center" valign="top"/>
</row>
</tbody>
</tgroup>
</table>
<table frame="all" pgwide="1">
<tgroup align="left" char="" charoff="50" cols="7" colsep="1" rowsep="0">
<colspec colname="col1" colwidth="70*"/>
<colspec colname="col2" colwidth="131*"/>
<colspec colwidth="73*"/>
<colspec colname="col4" colwidth="4*"/>
<colspec colname="col5" colwidth="75*"/>
<colspec colname="col6" colwidth="108*"/>
<colspec colwidth="67*"/>
<thead valign="bottom">
<row rowsep="1">
<entry align="center" valign="top">
<ptxt>Chassis code</ptxt>
<ptxt>Pos 2</ptxt>
</entry>
<entry align="center" valign="top">
<ptxt>Anti-roll bar, #@#@#1#ront
</ptxt>
</entry>
<entry align="center" valign="top">
<ptxt>Marker ink</ptxt>
</entry>
<entry align="center" colname="col5" valign="top">
<ptxt>Chassis code</ptxt>
<ptxt>Pos 3</ptxt>
</entry>
<entry align="center" valign="top">
<ptxt>Shock absorber, rear</ptxt>
</entry>
<entry align="center" valign="top">
<ptxt>Marker ink</ptxt>
</entry>
</row>
</thead>
<tbody valign="top">
<row>
<entry align="center" valign="top">
<ptxt>W</ptxt>
</entry>
<entry align="center" valign="top">
<ptxt>35 46 859</ptxt>
</entry>
<entry align="center" valign="top">
<ptxt>Blue</ptxt>
</entry>
<entry align="center" colname="col5" valign="top">
<ptxt>A</ptxt>
</entry>
<entry align="center" valign="top">
<ptxt>68 00 327</ptxt>
</entry>
<entry align="center" valign="top">
<ptxt>Black</ptxt>
</entry>
</row>
<row>
<entry align="center" valign="top">
<ptxt>X</ptxt>
</entry>
<entry align="center" valign="top">
<ptxt>35 46 860</ptxt>
</entry>
<entry align="center" valign="top">
<ptxt>Red</ptxt>
</entry>
<entry align="center" colname="col5" valign="top">
<ptxt>C</ptxt>
</entry>
<entry align="center" valign="top">
<ptxt>13 87 929</ptxt>
</entry>
<entry align="center" valign="top">
<ptxt>Red</ptxt>
</entry>
</row>
<row>
<entry align="center" valign="top">
<ptxt>Y</ptxt>
</entry>
<entry align="center" valign="top">
<ptxt>35 46 861</ptxt>
</entry>
<entry align="center" valign="top">
<ptxt>Yellow</ptxt>
</entry>
<entry align="center" colname="col5" valign="top">
<ptxt>E</ptxt>
</entry>
<entry align="center" valign="top">
<ptxt>91 40 238</ptxt>
</entry>
<entry align="center" valign="top">
<ptxt>Blue</ptxt>
</entry>
</row>
<row>
<entry align="center" valign="top">
<ptxt>Z</ptxt>
</entry>
<entry align="center" valign="top">
<ptxt>91 51 441</ptxt>
</entry>
<entry align="center" valign="top">
<ptxt>Yellow / White</ptxt>
</entry>
<entry align="center" colname="col5" valign="top">
<ptxt>F</ptxt>
</entry>
<entry align="center" valign="top">
<ptxt>91 40 391</ptxt>
</entry>
<entry align="center" valign="top">
<ptxt>Black</ptxt>
</entry>
</row>
<row>
<entry align="center" valign="top">
<ptxt>A</ptxt>
</entry>
<entry align="center" valign="top">
<ptxt>91 73 471</ptxt>
</entry>
<entry align="center" valign="top">
<ptxt>Yellow / Blue</ptxt>
</entry>
<entry align="center" colname="col5" valign="top">
<ptxt>G</ptxt>
</entry>
<entry align="center" valign="top">
<ptxt>91 40 263</ptxt>
</entry>
<entry align="center" valign="top">
<ptxt>Green</ptxt>
</entry>
</row>
<row>
<entry align="center" valign="top">
<ptxt>1</ptxt>
</entry>
<entry align="center" valign="top">
<ptxt>91 73 982</ptxt>
</entry>
<entry align="center" valign="top">
<ptxt>Red</ptxt>
</entry>
<entry align="center" colname="col5" valign="top">
<ptxt>H</ptxt>
</entry>
<entry align="center" valign="top">
<ptxt>91 40 264</ptxt>
</entry>
<entry align="center" valign="top">
<ptxt>Blue</ptxt>
</entry>
</row>
<row>
<entry align="center" valign="top">
<ptxt>2</ptxt>
</entry>
<entry align="center" valign="top">
<ptxt>91 73 983</ptxt>
</entry>
<entry align="center" valign="top">
<ptxt>Yellow</ptxt>
</entry>
<entry align="center" colname="col5" valign="top">
<ptxt>J</ptxt>
</entry>
<entry align="center" valign="top">
<ptxt>68 16 248</ptxt>
</entry>
<entry align="center" valign="top">
<ptxt>Yellow</ptxt>
</entry>
</row>
<row>
<entry align="center" valign="top"/>
<entry align="center" valign="top"/>
<entry align="center" colname="col5" valign="top">
<ptxt>L</ptxt>
</entry>
<entry align="center" valign="top">
<ptxt>68 16 327</ptxt>
</entry>
<entry align="center" valign="top">
<ptxt>Yellow</ptxt>
</entry>
</row>
<row>
<entry align="center" colname="col5" valign="top">
<ptxt>M</ptxt>
</entry>
<entry align="center" valign="top">
<ptxt>91 57 306</ptxt>
</entry>
<entry align="center" valign="top">
<ptxt>(AWD)</ptxt>
</entry>
</row>
<row>
<entry align="center" colname="col5" rowsep="1" valign="top">
<ptxt>M</ptxt>
</entry>
<entry align="center" valign="top">
<ptxt>91 73 317</ptxt>
</entry>
<entry align="center" valign="top">
<ptxt>Purple</ptxt>
</entry>
</row>
<row>
<entry align="center" colname="col5" rowsep="1" valign="top">
<ptxt>After Week 32, 1998:</ptxt>
</entry>
</row>
<row>
<entry align="center" colname="col5" valign="top">
<ptxt>N</ptxt>
</entry>
<entry align="center" valign="top">
<ptxt>91 73 318</ptxt>
</entry>
<entry align="center" valign="top">
<ptxt>Green</ptxt>
</entry>
</row>
<row>
<entry align="center" colname="col5" valign="top">
<ptxt>1</ptxt>
</entry>
<entry align="center" valign="top">
<ptxt>91 73 820</ptxt>
</entry>
<entry align="center" valign="top">
<ptxt>Red</ptxt>
</entry>
</row>
<row>
<entry align="center" colname="col5" valign="top">
<ptxt>2</ptxt>
</entry>
<entry align="center" valign="top">
<ptxt>91 73 851</ptxt>
</entry>
<entry align="center" valign="top">
<ptxt>Yellow</ptxt>
</entry>
</row>
<row>
<entry align="center" valign="top"/>
<entry align="center" colname="col5" valign="top">
<ptxt>P</ptxt>
</entry>
<entry align="center" valign="top">
<ptxt>91 73 320</ptxt>
</entry>
<entry align="center" valign="top">
<ptxt>Orange</ptxt>
</entry>
</row>
<row>
<entry align="center" valign="top"/>
<entry align="center" colname="col5" valign="top">
<ptxt>R</ptxt>
</entry>
<entry align="center" valign="top">
<ptxt>91 73 368</ptxt>
</entry>
<entry align="center" valign="top">
<ptxt>Black</ptxt>
</entry>
</row>
<row>
<entry align="center" valign="top"/>
<entry align="center" colname="col5" valign="top">
<ptxt>T</ptxt>
</entry>
<entry align="center" valign="top">
<ptxt>91 69 573</ptxt>
</entry>
<entry align="center" valign="top">
<ptxt>Green</ptxt>
</entry>
</row>
<row>
<entry align="center" colname="col5" valign="top">
<ptxt>3</ptxt>
</entry>
<entry align="center" valign="top">
<ptxt>91 73 852</ptxt>
</entry>
<entry align="center" valign="top">
<ptxt>Yellow</ptxt>
</entry>
</row>
<row>
<entry align="center" colname="col5" valign="top">
<ptxt>S</ptxt>
</entry>
<entry align="center" valign="top">
<ptxt>86 00 274</ptxt>
</entry>
<entry align="center" valign="top">
<ptxt>Black</ptxt>
</entry>
</row>
<row>
<entry align="center" colname="col5" valign="top">
<ptxt>4</ptxt>
</entry>
<entry align="center" valign="top">
<ptxt>91 57 306</ptxt>
</entry>
<entry align="center" valign="top">
<ptxt>Blue (AWD)</ptxt>
</entry>
</row>
<row>
<entry align="center" colname="col5" valign="top">
<ptxt>5</ptxt>
</entry>
<entry align="center" valign="top">
<ptxt>92 00 185</ptxt>
</entry>
<entry align="center" valign="top">
<ptxt>Red (AWD)</ptxt>
</entry>
</row>
<row>
<entry align="center" colname="col5" valign="top">
<ptxt>6</ptxt>
</entry>
<entry align="center" valign="top">
<ptxt>92 00 014</ptxt>
</entry>
<entry align="center" valign="top">
<ptxt>Yellow (AWD)</ptxt>
</entry>
</row>
<row>
<entry align="center" colname="col4" valign="top"/>
<entry align="center" valign="top">
<ptxt>7</ptxt>
</entry>
<entry align="center" valign="top">
<ptxt>92 00 616</ptxt>
</entry>
<entry align="center" valign="top">
<ptxt>Green (AWD)</ptxt>
</entry>
</row>
</tbody>
</tgroup>
</table>
<table frame="all" pgwide="1">
<tgroup align="left" char="" charoff="50" cols="7" colsep="1" rowsep="0">
<colspec colname="col1" colwidth="64*"/>
<colspec colname="col2" colwidth="98*"/>
<colspec colwidth="78*"/>
<colspec colwidth="5*"/>
<colspec colname="col5" colwidth="63*"/>
<colspec colname="col6" colwidth="145*"/>
<colspec colwidth="75*"/>
<thead valign="bottom">
<row rowsep="1">
<entry align="center" valign="top">
<ptxt>Chassis code</ptxt>
<ptxt>Pos 4</ptxt>
</entry>
<entry align="center" valign="top">
<ptxt>Spring, rear</ptxt>
</entry>
<entry align="center" valign="top">
<ptxt>Marker ink</ptxt>
</entry>
<entry align="center" colname="col5" valign="top">
<ptxt>Chassis code</ptxt>
<ptxt>Pos 5</ptxt>
</entry>
<entry align="center" valign="top">
<ptxt>Anti-roll bar, rear
</ptxt>
</entry>
<entry align="center" valign="top">
<ptxt>Marker ink</ptxt>
</entry>
</row>
</thead>
<tbody valign="top">
<row>
<entry align="center" valign="top">
<ptxt>A</ptxt>
</entry>
<entry align="center" valign="top">
<ptxt>35 46 893</ptxt>
</entry>
<entry align="center" valign="top">
<ptxt>Red</ptxt>
</entry>
<entry align="center" colname="col5" valign="top">
<ptxt>M</ptxt>
</entry>
<entry align="center" valign="top">
<ptxt>35 46 386</ptxt>
</entry>
<entry align="center" valign="top">
<ptxt>Green</ptxt>
</entry>
</row>
<row>
<entry align="center" valign="top">
<ptxt>C</ptxt>
</entry>
<entry align="center" valign="top">
<ptxt>91 40 099</ptxt>
</entry>
<entry align="center" valign="top">
<ptxt>White</ptxt>
</entry>
<entry align="center" colname="col5" valign="top">
<ptxt>N</ptxt>
</entry>
<entry align="center" valign="top">
<ptxt>35 46 389</ptxt>
</entry>
<entry align="center" valign="top">
<ptxt>Blue</ptxt>
</entry>
</row>
<row>
<entry align="center" valign="top">
<ptxt>E</ptxt>
</entry>
<entry align="center" valign="top">
<ptxt>35 46 335</ptxt>
</entry>
<entry align="center" valign="top">
<ptxt>Green</ptxt>
</entry>
<entry align="center" colname="col5" valign="top">
<ptxt>P</ptxt>
</entry>
<entry align="center" valign="top">
<ptxt>35 46 388</ptxt>
</entry>
<entry align="center" valign="top">
<ptxt>Yellow</ptxt>
</entry>
</row>
<row>
<entry align="center" valign="top">
<ptxt>F</ptxt>
</entry>
<entry align="center" valign="top">
<ptxt>91 40 100</ptxt>
</entry>
<entry align="center" valign="top">
<ptxt>Yellow</ptxt>
</entry>
<entry align="center" colname="col5" valign="top">
<ptxt>U</ptxt>
</entry>
<entry align="center" valign="top">
<ptxt>-</ptxt>
</entry>
</row>
<row>
<entry align="center" valign="top">
<ptxt>G</ptxt>
</entry>
<entry align="center" valign="top">
<ptxt>35 46 285</ptxt>
</entry>
<entry align="center" valign="top">
<ptxt>Blue</ptxt>
</entry>
<entry align="center" colname="col5" valign="top">
<ptxt>V</ptxt>
</entry>
<entry align="center" valign="top">
<ptxt>91 40 203</ptxt>
</entry>
<entry align="center" valign="top">
<ptxt>Orange</ptxt>
</entry>
</row>
<row>
<entry align="center" valign="top">
<ptxt>J</ptxt>
</entry>
<entry align="center" valign="top">
<ptxt>91 40 132</ptxt>
</entry>
<entry align="center" valign="top">
<ptxt>Blue / White</ptxt>
</entry>
<entry align="center" colname="col5" valign="top">
<ptxt>W</ptxt>
</entry>
<entry align="center" valign="top">
<ptxt>91 57 312</ptxt>
</entry>
<entry align="center" valign="top">
<ptxt>Yellow (AWD)</ptxt>
</entry>
</row>
<row>
<entry align="center" valign="top">
<ptxt>K</ptxt>
</entry>
<entry align="center" valign="top">
<ptxt>91 40 133</ptxt>
</entry>
<entry align="center" valign="top">
<ptxt>Blue /Yellow</ptxt>
</entry>
<entry align="center" colname="col5" valign="top">
<ptxt>2</ptxt>
</entry>
<entry align="center" valign="top">
<ptxt>92 00 186</ptxt>
</entry>
<entry align="center" valign="top">
<ptxt>Red (AWD)</ptxt>
</entry>
</row>
<row>
<entry align="center" valign="top">
<ptxt>B</ptxt>
</entry>
<entry align="center" valign="top">
<ptxt>86 16 511</ptxt>
</entry>
<entry align="center" valign="top">
<ptxt>White / Green</ptxt>
</entry>
</row>
<row>
<entry align="center" valign="top">
<ptxt>D</ptxt>
</entry>
<entry align="center" valign="top">
<ptxt>86 00 277</ptxt>
</entry>
<entry align="center" valign="top">
<ptxt>Blue / Red</ptxt>
</entry>
</row>
<row>
<entry align="center" valign="top">
<ptxt>H</ptxt>
</entry>
<entry align="center" valign="top">
<ptxt>86 00 278</ptxt>
</entry>
<entry align="center" valign="top">
<ptxt>Blue / Green</ptxt>
</entry>
</row>
<row>
<entry align="center" valign="top">
<ptxt>M</ptxt>
</entry>
<entry align="center" valign="top">
<ptxt>91 73 775</ptxt>
</entry>
<entry align="center" valign="top">
<ptxt>Blue (AWD)</ptxt>
</entry>
</row>
<row>
<entry align="center" valign="top">
<ptxt>T</ptxt>
</entry>
<entry align="center" valign="top">
<ptxt>92 00 184</ptxt>
</entry>
<entry align="center" valign="top">
<ptxt>Red (AWD)</ptxt>
</entry>
</row>
<row>
<entry align="center" valign="top">
<ptxt>S</ptxt>
</entry>
<entry align="center" valign="top">
<ptxt>92 00 013</ptxt>
</entry>
<entry align="center" valign="top">
<ptxt>Yellow (AWD)</ptxt>
</entry>
</row>
<row>
<entry align="center" valign="top">
<ptxt>Z</ptxt>
</entry>
<entry align="center" valign="top">
<ptxt>91 73 774</ptxt>
</entry>
<entry align="center" valign="top">
<ptxt>Green (AWD)</ptxt>
</entry>
</row>
<row>
<entry align="center" valign="top">
<ptxt>Y</ptxt>
</entry>
<entry align="center" valign="top">
<ptxt>94 61 833</ptxt>
</entry>
<entry align="center" valign="top">
<ptxt>Yellow / Green (AWD)</ptxt>
</entry>
</row>
<row>
<entry align="center" valign="top">
<ptxt>M</ptxt>
</entry>
<entry align="center" valign="top">
<ptxt>91 73 775</ptxt>
</entry>
<entry align="center" valign="top">
<ptxt>(AWD)</ptxt>
</entry>
<entry align="center" colname="col5" valign="top"/>
<entry align="center" valign="top"/>
</row>
</tbody>
</tgroup>
</table>
<table frame="all" pgwide="1">
<tgroup align="left" char="" charoff="50" cols="3" colsep="1" rowsep="0">
<colspec colname="col1" colwidth="171*"/>
<colspec colname="col2" colwidth="179*"/>
<colspec colname="col3" colwidth="178*"/>
<spanspec nameend="col3" namest="col2" spanname="2to3"/>
<thead valign="bottom">
<row rowsep="1">
<entry align="center" morerows="1" valign="top">
<ptxt>Chassis code</ptxt>
<ptxt>Pos 6</ptxt>
</entry>
<entry align="center" spanname="2to3" valign="bottom">
<ptxt>Combined auxili#@#@#18# rear</ptxt>
</entry>
</row>
<row rowsep="1">
<entry align="center" colname="col2" valign="bottom">
<ptxt>Auxiliary sprin#@#@#3#front</ptxt>
</entry>
<entry align="center" valign="bottom">
<ptxt>Auxiliary sprin#@#@#2# rear</ptxt>
</entry>
</row>
</thead>
<tbody valign="top">
<row>
<entry align="center" valign="top">
<ptxt>S</ptxt>
</entry>
<entry align="center" valign="top">
<ptxt>91 40 066</ptxt>
</entry>
<entry align="center" valign="top">
<ptxt>35 46 038</ptxt>
</entry>
</row>
<row>
<entry align="center" valign="top">
<ptxt>L</ptxt>
</entry>
<entry align="center" valign="top">
<ptxt>91 40 128</ptxt>
</entry>
<entry align="center" valign="top">
<ptxt>35 46 705</ptxt>
</entry>
</row>
<row>
<entry align="center" valign="top">
<ptxt>H</ptxt>
</entry>
<entry align="center" valign="top">
<ptxt>91 40 066</ptxt>
</entry>
<entry align="center" valign="top">
<ptxt>35 46 705</ptxt>
</entry>
</row>
<row>
<entry align="center" valign="top">
<ptxt>A</ptxt>
</entry>
<entry align="center" valign="top">
<ptxt>91 69 026</ptxt>
</entry>
<entry align="center" valign="top">
<ptxt>91 57 311</ptxt>
</entry>
</row>
<row>
<entry align="center" valign="top">
<ptxt>B</ptxt>
</entry>
<entry align="center" valign="top">
<ptxt>91 69 026</ptxt>
</entry>
<entry align="center" valign="top">
<ptxt>92 00 015</ptxt>
</entry>
</row>
<row>
<entry align="center" valign="top">
<ptxt>W</ptxt>
</entry>
<entry align="center" valign="top">
<ptxt>91 69 026</ptxt>
</entry>
<entry align="center" valign="top">
<ptxt>94 61 778</ptxt>
</entry>
</row>
</tbody>
</tgroup>
</table>
<table frame="all" pgwide="1">
<tgroup cols="2" colsep="1" rowsep="1">
<colspec colwidth="258*"/>
<colspec colwidth="270*"/>
<thead>
<row>
<entry align="center" valign="top">
<ptxt>Chassis code</ptxt>
<ptxt>Pos 7</ptxt>
</entry>
<entry align="center" valign="top">
<ptxt>Steering gear</ptxt>
</entry>
</row>
</thead>
<tbody>
<row rowsep="0">
<entry align="center" valign="top">
<ptxt>4</ptxt>
</entry>
<entry align="center" valign="top">
<ptxt>TRW</ptxt>
</entry>
</row>
<row>
<entry align="center" valign="top">
<ptxt>5</ptxt>
</entry>
<entry align="center" valign="top">
<ptxt>SMI</ptxt>
</entry>
</row>
</tbody>
</tgroup>
</table>
<grate>
<graphic id="KC09693704" width="page">
<href>0900c8af8011fb9#@#@#10#.jpeg</href>
</graphic>
<graphtext>
<table frame="all" pgwide="1">
<title>Dimensions</title>
<tgroup align="left" char="" charoff="50" cols="4" colsep="1" rowsep="0">
<colspec colname="col1" colwidth="61*"/>
<colspec colname="col2" colwidth="224*"/>
<colspec colname="col3" colwidth="127*"/>
<colspec colwidth="116*"/>
<spanspec nameend="col2" namest="col1" spanname="1to2"/>
<thead valign="bottom">
<row rowsep="1">
<entry align="left" spanname="1to2" valign="bottom">
<ptxt>Relevant measur#@#@#17#ated:</ptxt>
</entry>
<entry align="center" colname="col3" valign="bottom">
<ptxt>S70</ptxt>
</entry>
<entry align="center" valign="bottom">
<ptxt>V70</ptxt>
</entry>
</row>
</thead>
<tbody valign="top">
<row>
<entry align="left" valign="top">
<ptxt>A</ptxt>
</entry>
<entry align="left" valign="top">
<ptxt>Wheelbase<dotfill/>mm</ptxt>
</entry>
<entry align="center" valign="top">
<ptxt>2664 (104.8 ")</ptxt>
</entry>
<entry align="center" valign="top">
<ptxt>2664 (104.8 ")</ptxt>
</entry>
</row>
<row>
<entry align="left" valign="top">
<ptxt>B</ptxt>
</entry>
<entry align="left" valign="top">
<ptxt>Length<dotfill/>mm</ptxt>
</entry>
<entry align="center" valign="top">
<ptxt>4722 (185.9 ")</ptxt>
</entry>
<entry align="center" valign="top">
<ptxt>4729 (186.1 ")</ptxt>
</entry>
</row>
<row>
<entry align="left" valign="top">
<ptxt>C</ptxt>
</entry>
<entry align="left" valign="top">
<ptxt>Width<dotfill/>mm</ptxt>
</entry>
<entry align="center" valign="top">
<ptxt>1761 (69.3 ")</ptxt>
</entry>
<entry align="center" valign="top">
<ptxt>1761 (69.3 ")</ptxt>
</entry>
</row>
<row>
<entry align="left" valign="top">
<ptxt>D</ptxt>
</entry>
<entry align="left" valign="top">
<ptxt>Track width:</ptxt>
</entry>
</row>
<row>
<entry align="left" valign="top"/>
<entry align="left" valign="top">
<ptxt>Front<dotfill/>mm</ptxt>
</entry>
<entry align="center" valign="top">
<ptxt>1521 (59.8 ")</ptxt>
</entry>
<entry align="center" valign="top">
<ptxt>1521 (59.8 ")</ptxt>
</entry>
</row>
<row>
<entry align="left" valign="top"/>
<entry align="left" valign="top">
<ptxt>Rear<dotfill/>mm</ptxt>
</entry>
<entry align="center" valign="top">
<ptxt>1468 (57.7 ")</ptxt>
</entry>
<entry align="center" valign="top">
<ptxt>1468 (57.7 ")</ptxt>
</entry>
</row>
<row>
<entry align="left" valign="top">
<ptxt>E</ptxt>
</entry>
<entry align="left" valign="top">
<ptxt>Height (depende#@#@#11#type)<dotfill/>mm</ptxt>
</entry>
<entry align="center" valign="top">
<ptxt>1403 (55.2 ")</ptxt>
</entry>
<entry align="center" valign="top">
<ptxt>1428 (56.2 ")</ptxt>
</entry>
</row>
</tbody>
</tgroup>
</table>
</graphtext>
</grate>
<table frame="all" pgwide="1">
<title>Weight</title>
<tgroup align="left" char="" charoff="50" cols="4" colsep="1" rowsep="0">
<colspec colname="col1" colwidth="43*"/>
<colspec colname="col2" colwidth="274*"/>
<colspec colname="col3" colwidth="107*"/>
<colspec colname="col4" colwidth="104*"/>
<spanspec nameend="col2" namest="col1" spanname="1to2"/>
<thead valign="bottom">
<row rowsep="1">
<entry align="left" rowsep="0" spanname="1to2" valign="bottom"/>
<entry align="center" colname="col3" valign="bottom">
<ptxt>S70</ptxt>
</entry>
<entry align="center" valign="bottom">
<ptxt>V70</ptxt>
</entry>
</row>
</thead>
<tbody valign="top">
<row>
<entry align="left" spanname="1to2" valign="top">
<ptxt>Approx. weight #@#@#28# tank<dotfill/>kg</ptxt>
</entry>
<entry align="center" colname="col3" valign="top">
<ptxt>1348-1472 (2971#@#@#7# lbs)</ptxt>
</entry>
<entry align="center" valign="top">
<ptxt>1410-1518 (3108#@#@#7# lbs)</ptxt>
</entry>
</row>
<row>
<entry align="left" spanname="1to2" valign="top">
<ptxt>Max roof load<dotfill/>kg
</ptxt>
</entry>
<entry align="center" colname="col3" valign="top">
<ptxt>100 (220 lbs)</ptxt>
</entry>
<entry align="center" valign="top">
<ptxt>100 (220 lbs)</ptxt>
</entry>
</row>
<row>
<entry align="left" spanname="1to2" valign="top">
<ptxt>Maximum trailer#@#@#4#ght:
</ptxt>
</entry>
</row>
<row>
<entry align="left" spanname="1to2" valign="top">
<ptxt>Unbraked<dotfill/>kg
</ptxt>
</entry>
<entry align="center" colname="col3" valign="top">
<ptxt>500 (1102 lbs)</ptxt>
</entry>
<entry align="center" valign="top">
<ptxt>500 (1102 lbs)</ptxt>
</entry>
</row>
<row>
<entry align="left" spanname="1to2" valign="top">
<ptxt>Braked<dotfill/>kg
</ptxt>
</entry>
<entry align="center" colname="col3" valign="top">
<ptxt>1600 (3527 lbs)</ptxt>
</entry>
<entry align="center" valign="top">
<ptxt>1600 (3527 lbs)</ptxt>
</entry>
</row>
</tbody>
</tgroup>
</table>
<table frame="all" pgwide="1">
<title>Fuel tank volume</title>
<tgroup align="left" char="" charoff="50" cols="2" colsep="1" rowsep="1">
<colspec colname="col1" colwidth="317*"/>
<colspec colname="col2" colwidth="211*"/>
<thead>
<row>
<entry align="left" rowsep="0" valign="top"/>
<entry align="center" valign="top">
<ptxt>Fuel tank / rem#@#@#11#city
</ptxt>
</entry>
</row>
</thead>
<tbody valign="top">
<row rowsep="0">
<entry align="left" valign="top">
<ptxt>S70/V70 (FWD) <dotfill/> litres</ptxt>
</entry>
<entry align="center" valign="top">
<ptxt>70 (18.46 gal) #@#@#8# gal)</ptxt>
</entry>
</row>
<row>
<entry align="left" valign="top">
<ptxt>AWD <dotfill/> litres</ptxt>
</entry>
<entry align="center" valign="top">
<ptxt>66 (17.4 gal) /#@#@#7# gal)</ptxt>
</entry>
</row>
</tbody>
</tgroup>
</table>
</servinfosub>