<?xml version="1.0" encoding="UTF-8"?><script xmlns:nevis="http://www.volvocars.com/namespaces/processing" xmlns:xlink="http://www.w3.org/1999/xlink" IE-ID="en-US0900c8af8372d205" docno="VCC-298031" id="nev12011703n1" nevis:expl-profile="mdl275yr2007eng193tmn49, mdl275yr2007eng193tmn48, mdl275yr2008eng193tmn48, mdl275yr2008eng193tmn49, mdl275yr2009eng193tmn49, mdl275yr2009eng193tmn48, mdl275yr2010eng193tmn49, mdl275yr2010eng193tmn48, mdl275yr2011eng217tmn48, mdl275yr2011eng217tmn49, mdl275yr2012eng217tmn48, mdl275yr2012eng217tmn49" nevis:profile="urn:x-nevis:profile:0b00c8af82e489e5 urn:x-nevis:profile:0b00c8af82e489e8 urn:x-nevis:profile:0b00c8af838ba0d5 urn:x-nevis:profile:0b00c8af838ba0d6 urn:x-nevis:profile:0b00c8af83f1a305 urn:x-nevis:profile:0b00c8af83f1a306 urn:x-nevis:profile:0b00c8af8414e5b5 urn:x-nevis:profile:0b00c8af8414e5b6 urn:x-nevis:profile:0b00c8af84983f77 urn:x-nevis:profile:0b00c8af84983f7c urn:x-nevis:profile:0b00c8af84eb8205 urn:x-nevis:profile:0b00c8af84eb8222" nevis:projectdocument="urn:x-nevis:projectdocument:0800c8af8372d204" nevis:resource="0900c8af8372d568" nevis:resource2="urn:x-nevis:fragment:0900c8af8372d205:0900c8af8372d568#nev12011703n1" nevis:session-id="" qualifierinfotype="14:00" type="" xml:lang="en-US"><title>Erase DTCs with#@#@#8#CM P2</title><content gui="1" height="300" id="nev12011703n2-nev12011704n1" nevis:expl-profile="mdl275yr2007eng193tmn49, mdl275yr2007eng193tmn48, mdl275yr2008eng193tmn48, mdl275yr2008eng193tmn49, mdl275yr2009eng193tmn49, mdl275yr2009eng193tmn48, mdl275yr2010eng193tmn49, mdl275yr2010eng193tmn48, mdl275yr2011eng217tmn48, mdl275yr2011eng217tmn49, mdl275yr2012eng217tmn48, mdl275yr2012eng217tmn49" nevis:idfrom="nev12011703n2" nevis:prefix="nev12011703n2" nevis:profile="urn:x-nevis:profile:0b00c8af82e489e5 urn:x-nevis:profile:0b00c8af82e489e8 urn:x-nevis:profile:0b00c8af838ba0d5 urn:x-nevis:profile:0b00c8af838ba0d6 urn:x-nevis:profile:0b00c8af83f1a305 urn:x-nevis:profile:0b00c8af83f1a306 urn:x-nevis:profile:0b00c8af8414e5b5 urn:x-nevis:profile:0b00c8af8414e5b6 urn:x-nevis:profile:0b00c8af84983f77 urn:x-nevis:profile:0b00c8af84983f7c urn:x-nevis:profile:0b00c8af84eb8205 urn:x-nevis:profile:0b00c8af84eb8222" nevis:resource="0900c8af8372d566" nevis:resource2="urn:x-nevis:fragment:0900c8af8372d205:0900c8af8372d566#nev12011704n1" width="750" xml:lang="en-US"><nodes id="nev12011703n2-nev12012930n1"><node class="Components.VehComm" id="nev12011703n2-nev12012931n1" nodeid="VehComm1" x="398" y="102"><property class="String" id="nev12011703n2-nev12012932n1" name="Mode" type="Internal" value="EcuType" visible="1"/><property class="Int" id="nev12011703n2-nev12012933n1" name="EcuType" type="In" value="437601" visible="0"/><property class="Int" id="nev12011703n2-nev12012934n1" name="ServiceId" type="In" value="101" visible="0"/><property class="String" id="nev12011703n2-nev12012935n1" name="EcuName" type="Out" value="" visible="1"/><property class="Response" id="nev12011703n2-nev12012936n1" name="Result" type="Out" value="" visible="1"/><property class="String" id="nev12011703n2-nev12012937n1" name="StatusMask" type="In" value="20" visible="0"/><extension id="nev12011703n2-nev12012938n1"><insertparam id="nev12011703n2-nev12011705n1" name="StatusMask"/></extension></node><node class="Components.StartNode" id="nev12011703n2-nev12012939n1" nodeid="Start" x="20" y="75"/><node class="Components.ResultIterator" id="nev12011703n2-nev12012940n1" nodeid="ResultIterator1" x="543" y="174"><property class="Response" id="nev12011703n2-nev12012941n1" name="InValue" type="In" value="" visible="1"/><property class="Response" id="nev12011703n2-nev12012942n1" name="OutValue" type="Out" value="" visible="1"/><property class="String" id="nev12011703n2-nev12012943n1" name="Index" type="In" value="" visible="1"/><property class="String" id="nev12011703n2-nev12012944n1" name="Current" type="Out" value="" visible="1"/><extension id="nev12011703n2-nev12012945n1"><get id="nev12011703n2-nev12011705n9" listItem="Dtc" property="OutValue"><getbyname id="nev12011703n2-nev12011705n10" key="DtcList"/></get></extension></node><node class="Components.ListField" id="nev12011703n2-nev12012946n1" nodeid="ListField1" x="983" y="273"><gui height="195" id="nev12011703n2-nev12012947n1" width="725" x="13" y="39"/><property class="String" id="nev12011703n2-nev12012948n1" name="Text" type="Out" value="" visible="1"/><property class="String" id="nev12011703n2-nev12012949n1" name="Tag" type="Out" value="" visible="1"/></node><node class="Components.StringFormat" id="nev12011703n2-nev12012950n1" nodeid="StringFormat1" x="846" y="184"><property class="String" id="nev12011703n2-nev12012951n1" name="String" type="Out" value="" visible="1"/><property class="String" id="nev12011703n2-nev12012952n1" name="Format" type="Internal" value="{0} - {1} {2}" visible="1"/><property class="String" id="nev12011703n2-nev12012953n1" name="0" type="In" value="" visible="1"/><property class="String" id="nev12011703n2-nev12012954n1" name="1" type="In" value="" visible="1"/><property class="String" id="nev12011703n2-nev12012955n1" name="2" type="In" value="" visible="1"/></node><node class="Components.ScriptLabel" id="nev12011703n2-nev12012956n1" nodeid="ScriptLabel1" x="823" y="19"><gui height="15" id="nev12011703n2-nev12012957n1" width="325" x="13" y="11"/><property class="String" id="nev12011703n2-nev12012958n1" name="Text" type="In" value="Diagnostic trouble codes with status" visible="1"/><property class="Parameter" id="nev12011703n2-nev12012959n1" name="Parameter" type="In" value="" visible="1"/></node><node class="Components.ScriptButton" id="nev12011703n2-nev12012960n1" nodeid="ScriptButton1" x="230" y="426"><gui height="29" id="nev12011703n2-nev12012961n1" width="109" x="630" y="260"/><property class="String" id="nev12011703n2-nev12012962n1" name="Text" type="In" value="" visible="0"/><property class="String" id="nev12011703n2-nev12012963n1" name="StartDisabled" type="Internal" value="false" visible="1"/><property class="String" id="nev12011703n2-nev12012964n1" name="StartVisible" type="Internal" value="true" visible="1"/><extension id="nev12011703n2-nev12012965n1"><phrase category="Faulttracing" id="nev12011703n2-nev12011708n1" phrase-urn="urn:x-nevis:phrase:0800c8af81b6b138">Hide</phrase></extension></node><node class="Components.ScriptComponent" id="nev12011703n2-nev12012966n1" nodeid="ScriptComponent1" x="438" y="535"/><node class="Components.Constant" id="nev12011703n2-nev12012967n1" nodeid="Constant1" x="666" y="346"><property class="String" id="nev12011703n2-nev12012968n1" name="Text" type="Out" value="Inga felkoder är lagrade." visible="1"/><extension id="nev12011703n2-nev12012969n1"><text id="nev12011703n2-nev12011708n6" type="nevis"><phrase category="Condition" id="nev12011703n2-nev12011708n7" phrase-urn="urn:x-nevis:phrase:0800c8af81eb8e94">No diagnostic t#@#@#26#ored.</phrase></text></extension></node><node class="Components.StringFormat" id="nev12011703n2-nev12012970n1" nodeid="StringFormat2" x="830" y="360"><property class="String" id="nev12011703n2-nev12012971n1" name="String" type="Out" value="" visible="1"/><property class="String" id="nev12011703n2-nev12012972n1" name="Format" type="Internal" value="{0} - {1} " visible="1"/><property class="String" id="nev12011703n2-nev12012973n1" name="0" type="In" value="" visible="1"/><property class="String" id="nev12011703n2-nev12012974n1" name="1" type="In" value="" visible="1"/></node><node class="Components.Constant" id="nev12011703n2-nev12012975n1" nodeid="Constant2" x="618" y="38"><property class="String" id="nev12011703n2-nev12012976n1" name="Text" type="Out" value="Felkoder med status" visible="1"/><extension id="nev12011703n2-nev12012977n1"><text id="nev12011703n2-nev12011709n6" type="nevis"><phrase category="Faulttracing" id="nev12011703n2-nev12011709n7" phrase-urn="urn:x-nevis:phrase:0800c8af81a0c4dd">Diagnostic trou#@#@#16#tatus</phrase></text></extension></node><node class="Components.GGDDtcComponent" id="nev12011703n2-nev12012978n1" nodeid="GGDDtcComponent1" x="695" y="151"><property class="Response" id="nev12011703n2-nev12012979n1" name="Dtc" type="In" value="" visible="1"/><property class="String" id="nev12011703n2-nev12012980n1" name="Status" type="Out" value="" visible="1"/><property class="String" id="nev12011703n2-nev12012981n1" name="Text" type="Out" value="" visible="1"/></node><node class="Components.VehComm" id="nev12011703n2-nev12012982n1" nodeid="VehComm2" x="119" y="105"><property class="String" id="nev12011703n2-nev12012983n1" name="Mode" type="Internal" value="EcuType" visible="1"/><property class="Int" id="nev12011703n2-nev12012984n1" name="EcuType" type="In" value="437601" visible="0"/><property class="Int" id="nev12011703n2-nev12012985n1" name="ServiceId" type="In" value="101" visible="0"/><property class="String" id="nev12011703n2-nev12012986n1" name="EcuName" type="Out" value="" visible="1"/><property class="Response" id="nev12011703n2-nev12012987n1" name="Result" type="Out" value="" visible="1"/><property class="String" id="nev12011703n2-nev12012988n1" name="StatusMask" type="In" value="20" visible="0"/><extension id="nev12011703n2-nev12012989n1"><insertparam id="nev12011703n2-nev12011710n10" name="StatusMask"/></extension></node><node class="Components.VehComm" id="nev12011703n2-nev12012990n1" nodeid="VehComm3" x="257" y="104"><property class="String" id="nev12011703n2-nev12012991n1" name="Mode" type="Internal" value="EcuType" visible="1"/><property class="Int" id="nev12011703n2-nev12012992n1" name="EcuType" type="In" value="437601" visible="0"/><property class="Int" id="nev12011703n2-nev12012993n1" name="ServiceId" type="In" value="102" visible="0"/><property class="String" id="nev12011703n2-nev12012994n1" name="EcuName" type="Out" value="" visible="1"/><property class="Response" id="nev12011703n2-nev12012995n1" name="Result" type="Out" value="" visible="1"/><extension id="nev12011703n2-nev12012996n1"/></node><node class="Components.VehComm" id="nev12011703n2-nev12012997n1" nodeid="VehComm4" x="424" y="376"><property class="String" id="nev12011703n2-nev12012998n1" name="Mode" type="Internal" value="EcuType" visible="1"/><property class="Int" id="nev12011703n2-nev12012999n1" name="EcuType" type="In" value="437601" visible="0"/><property class="Int" id="nev12011703n2-nev12013000n1" name="ServiceId" type="In" value="112" visible="0"/><property class="String" id="nev12011703n2-nev12013001n1" name="EcuName" type="Out" value="" visible="1"/><property class="Response" id="nev12011703n2-nev12013002n1" name="Result" type="Out" value="" visible="1"/><extension id="nev12011703n2-nev12013003n1"/></node></nodes><handlers id="nev12011703n2-nev12013004n1"><eventhandler id="nev12011703n2-nev12013005n1" name="OnStart" node="Start"><call id="nev12011703n2-nev12013006n1" method="Trigger" node="Constant2"/><call id="nev12011703n2-nev12013007n1" method="Execute" node="VehComm2"/></eventhandler><eventhandler id="nev12011703n2-nev12013008n1" name="OnPositiveResponse" node="VehComm1"><call id="nev12011703n2-nev12013009n1" method="Execute" node="ResultIterator1"/></eventhandler><eventhandler id="nev12011703n2-nev12013010n1" name="OnEachItem" node="ResultIterator1"><call id="nev12011703n2-nev12013011n1" method="Trigger" node="GGDDtcComponent1"/><call id="nev12011703n2-nev12013012n1" method="Format" node="StringFormat1"/><call id="nev12011703n2-nev12013013n1" method="AddItem" node="ListField1"><parameter id="nev12011703n2-nev12013014n1" node="StringFormat1" property="String"/><parameter id="nev12011703n2-nev12013015n1" node="StringFormat1" property="String"/></call></eventhandler><eventhandler id="nev12011703n2-nev12013016n1" name="Click" node="ScriptButton1"><call id="nev12011703n2-nev12013017n1" method="CloseDialog" node="ScriptComponent1"/><call id="nev12011703n2-nev12013018n1" method="Execute" node="VehComm4"/></eventhandler><eventhandler id="nev12011703n2-nev12013019n1" name="OnEmpty" node="ResultIterator1"><call id="nev12011703n2-nev12013020n1" method="Trigger" node="Constant1"/></eventhandler><eventhandler id="nev12011703n2-nev12013021n1" name="OnTrigger" node="Constant1"><call id="nev12011703n2-nev12013022n1" method="Format" node="StringFormat2"/><call id="nev12011703n2-nev12013023n1" method="AddItem" node="ListField1"><parameter id="nev12011703n2-nev12013024n1" node="StringFormat2" property="String"/><parameter id="nev12011703n2-nev12013025n1" node="StringFormat2" property="String"/></call></eventhandler><eventhandler id="nev12011703n2-nev12013026n1" name="OnPositiveResponse" node="VehComm2"><call id="nev12011703n2-nev12013027n1" method="Execute" node="VehComm3"/></eventhandler><eventhandler id="nev12011703n2-nev12013028n1" name="OnPositiveResponse" node="VehComm3"><call id="nev12011703n2-nev12013029n1" method="Execute" node="VehComm1"/></eventhandler><propertyhandler id="nev12011703n2-nev12013030n1" name="Result" node="VehComm1"><set id="nev12011703n2-nev12013031n1" node="ResultIterator1" property="InValue"/></propertyhandler><propertyhandler id="nev12011703n2-nev12013032n1" name="OutValue" node="ResultIterator1"><set id="nev12011703n2-nev12013033n1" node="GGDDtcComponent1" property="Dtc"/></propertyhandler><propertyhandler id="nev12011703n2-nev12013034n1" name="EcuName" node="VehComm1"><set id="nev12011703n2-nev12013035n1" node="StringFormat1" property="0"/><set id="nev12011703n2-nev12013036n1" node="StringFormat2" property="0"/></propertyhandler><propertyhandler id="nev12011703n2-nev12013037n1" name="Text" node="Constant1"><set id="nev12011703n2-nev12013038n1" node="StringFormat2" property="1"/></propertyhandler><propertyhandler id="nev12011703n2-nev12013039n1" name="Text" node="Constant2"><set id="nev12011703n2-nev12013040n1" node="ScriptLabel1" property="Text"/></propertyhandler><propertyhandler id="nev12011703n2-nev12013041n1" name="Text" node="GGDDtcComponent1"><set id="nev12011703n2-nev12013042n1" node="StringFormat1" property="1"/></propertyhandler><propertyhandler id="nev12011703n2-nev12013043n1" name="Status" node="GGDDtcComponent1"><set id="nev12011703n2-nev12013044n1" node="StringFormat1" property="2"/></propertyhandler></handlers></content></script>