<?xml version="1.0" encoding="UTF-8"?><servinfosub IE-ID="en-US0900c8af80881205" docno="VCC-123703" id="KC01148569" xml:lang="en-US">
<title>Master cylinder#@#@#6#acing</title>
<procedure>
<proctools>
<toolitem id="KC08707590"/>
</proctools>
<stepgrp id="KC01158225">
<title>Removal</title>
<procstep id="KC01158226">
<title>Removing the to#@#@#3#e rod</title>
<para>
<ptxt>Remove the torq#@#@#7# See <xref>
<ref id="KC08707591"/>
</xref>. </ptxt>
</para>
</procstep>
<procstep id="KC01158227">
<title>Disconnecting t#@#@#8#ctors</title>
<grate>
<graphic id="KC08707592">
<href>0900c8af800590b#@#@#9#.jpeg</href>
</graphic>
<graphtext>
<list1 enumtype="d">
<title>Remove the conn#@#@#10#/ at:</title>
<item>
<ptxt>the brake fluid#@#@#5#rvoir</ptxt>
</item>
<item>
<ptxt>the power brake#@#@#3#oster</ptxt>
</item>
<item>
<ptxt>the wheel arch.</ptxt>
</item>
</list1>
<para>
<ptxt>Push the oil ho#@#@#29#side.</ptxt>
</para>
</graphtext>
</grate>
</procstep>
<procstep id="KC01158228">
<title>Removing the so#@#@#12#panel</title>
<grate>
<graphic id="KC08707593">
<href>0900c8af80059ed#@#@#9#.jpeg</href>
</graphic>
<graphtext>
<para>
<ptxt>It is secured w#@#@#11#lips.</ptxt>
<ptxt>Pull the soundp#@#@#79#side.</ptxt>
</para>
</graphtext>
</grate>
</procstep>
<procstep id="KC01158229">
<title>Removing compon#@#@#28#tment</title>
<grate>
<graphic id="KC08707594">
<href>0900c8af800596d#@#@#9#.jpeg</href>
</graphic>
<graphtext>
<list1 enumtype="d">
<title>Remove:</title>
<item>
<ptxt>the lock for th#@#@#56# side</ptxt>
</item>
<item>
<ptxt>the pedal posit#@#@#146#side.</ptxt>
</item>
</list1>
</graphtext>
</grate>
</procstep>
<procstep id="KC01158230">
<title>Removing the nu#@#@#38#wall </title>
<grate>
<graphic id="KC08707595">
<href>0900c8af800590c#@#@#9#.jpeg</href>
</graphic>
<graphtext>
<note>
<ptxt>Note the locati#@#@#83#ctly.</ptxt>
</note>
</graphtext>
</grate>
</procstep>
<procstep id="KC01158231">
<title>Blocking the ho#@#@#45#clip </title>
<grate>
<graphic id="KC08707596">
<href>0900c8af800590b#@#@#9#.jpeg</href>
</graphic>
<graphtext>
<para>
<ptxt>Remove the lock#@#@#16#pipe.</ptxt>
</para>
<para>
<ptxt>Pull out the cl#@#@#36#wall.</ptxt>
</para>
<para>
<ptxt>
<emph>If necessary:</emph> Remove the pip#@#@#28#all. </ptxt>
</para>
<para>
<title>Remove the lock#@#@#18#inder</title>
<ptxt>Use a weatherst#@#@#4#tool <toolitem id="KC08707597"/>. Press the rev#@#@#109#iver.</ptxt>
</para>
<para>
<ptxt>Place paper und#@#@#34#kage.</ptxt>
</para>
</graphtext>
</grate>
</procstep>
<procstep id="KC01158232">
<title>Removing the ma#@#@#8#inder</title>
<grate>
<graphic id="KC08707598">
<href>0900c8af800590c#@#@#9#.jpeg</href>
</graphic>
<graphtext>
<para>
<ptxt>Pull out and li#@#@#44#turn.</ptxt>
<ptxt>Remove the clam#@#@#67#der. </ptxt>
</para>
<para>
<ptxt>Place paper und#@#@#34#kage.</ptxt>
</para>
<para>
<ptxt>Remove the cylinder.</ptxt>
</para>
</graphtext>
</grate>
</procstep>
</stepgrp>
<stepgrp id="KC01158233">
<title>Installation</title>
<procstep id="KC01158234">
<title>Installing the #@#@#10#inder</title>
<grate>
<graphic id="KC08707599">
<href>0900c8af800590a#@#@#9#.jpeg</href>
</graphic>
<graphtext>
<list1 enumtype="d">
<title>Install:</title>
<item>
<ptxt>the rubber hose#@#@#52# hose</ptxt>
</item>
<item>
<ptxt>the master cyli#@#@#87#atch.</ptxt>
</item>
</list1>
</graphtext>
</grate>
</procstep>
<procstep id="KC01158235">
<title>Installing comp#@#@#16#e car</title>
<grate>
<graphic id="KC08707600">
<href>0900c8af8005957#@#@#9#.jpeg</href>
</graphic>
<graphtext>
<list1 enumtype="d">
<title>Install:</title>
<item>
<ptxt>the bracket for#@#@#21#ensor</ptxt>
</item>
<item>
<ptxt>two new lock nu#@#@#34#n to <emph>25 Nm</emph>.</ptxt>
</item>
</list1>
<note>
<ptxt>Ensure that the#@#@#29#ards.</ptxt>
</note>
<list1 enumtype="d">
<title>Install:</title>
<item>
<ptxt>the pedal posit#@#@#41# rod </ptxt>
</item>
<item>
<ptxt>the soundproofi#@#@#4#anel.</ptxt>
</item>
</list1>
</graphtext>
</grate>
</procstep>
<procstep id="KC01158236">
<title>Finishing work #@#@#20#tment</title>
<grate>
<graphic id="KC08707601">
<href>0900c8af800590b#@#@#9#.jpeg</href>
</graphic>
<graphtext>
<para>
<ptxt>Remove the hose#@#@#1#clip.</ptxt>
</para>
<para>
<ptxt>Connect the con#@#@#28#ches.</ptxt>
</para>
<para>
<ptxt>Install the tor#@#@#8# See <xref>
<ref id="KC08707602"/>
</xref>. </ptxt>
</para>
<para>
<ptxt>Install the cla#@#@#70#n to <emph>10 Nm</emph>.</ptxt>
</para>
<para>
<title>Bleed the clutch</title>
<ptxt/>
</para>
<para>
<title>Final check</title>
<ptxt>Check the brake#@#@#81#g up.</ptxt>
<ptxt>Start the engin#@#@#90#sary.</ptxt>
</para>
</graphtext>
</grate>
</procstep>
</stepgrp>
</procedure>
</servinfosub>