<?xml version="1.0" encoding="UTF-8"?><servinfosub IE-ID="en-US0900c8af8011f30c" docno="VCC-117727" id="KC01228289" xml:lang="en-US">
<title>
<phrase category="" id="KC06096692" phrase-urn="urn:x-nevis:phrase:0800c8af817373f9">Programming the#@#@#18#tting</phrase>
</title>
<diagnostic type="test">
<testgrp IE-ID="en-US0900c8af8011f30c_KC01238790" id="KC01238790" j2008use="1" paperuse="1" resumable="1" screenuse="1" testgrp-id="node1" x="120" y="80">
<title>
<phrase category="" id="KC06096693" phrase-urn="urn:x-nevis:phrase:0800c8af817373fa">Programming the#@#@#18#tting</phrase>
</title>
<node>
<test1>
<test2>
<para>
<ptxt>
<phrase category="" id="KC06096694" phrase-urn="urn:x-nevis:phrase:0800c8af817373fb">It is possible #@#@#153#rol. </phrase>
</ptxt>
</para>
<diaglist>
<dgraphic>
<dgraphic2>
<graphic id="KC06096695">
<href>0900c8af86c8681#@#@#9#.jpeg</href>
</graphic>
<smarttool active="press" id="KC06096696" toolname="XPSMB805"/>
</dgraphic2>
</dgraphic>
<ditem>
<ptxt>
<phrase category="" id="KC06096697" phrase-urn="urn:x-nevis:phrase:0800c8af817373fc">Ignition on</phrase>
</ptxt>
</ditem>
<ditem>
<ptxt>
<phrase category="" id="KC06096698" phrase-urn="urn:x-nevis:phrase:0800c8af817373fd">Read off what i#@#@#29#Tool.</phrase>
</ptxt>
<ptxt>
<phrase category="" id="KC06096699" phrase-urn="urn:x-nevis:phrase:0800c8af817373fe">Change the valu#@#@#117#ative</phrase>
</ptxt>
</ditem>
<ditem>
<ditemtext>
<ptxt>
<phrase category="" id="KC06096700" phrase-urn="urn:x-nevis:phrase:0800c8af817373ff"/>
</ptxt>
</ditemtext>
</ditem>
</diaglist>
</test2>
</test1>
<question>Select Continue.</question>
<resact-grp>
<result button="cont" comp="button" highlight="0"/>
<action j2008use="1" paperuse="1" screenuse="1">
<return value="DONE"/>
</action>
</resact-grp>
</node>
</testgrp>
</diagnostic>
</servinfosub>