<?xml version="1.0" encoding="UTF-8"?><servinfosub IE-ID="en-US0900c8af84bb130c" docno="VCC-370925" id="nev13717255n1" original="sv-SE" servinfosubId="nev13717256n1-nev14746835n1" servinfosubRes="0900c8af84bb132b" servinfosubRes2="urn:x-nevis:fragment:0900c8af84bb130c:0900c8af84bb132b#nev14746835n1" xml:lang="en-US">
<title id="nev13717254n5">Fender</title>
<procedure id="nev13717256n1-nev15016881n20">
<stepgrp boilerplate="false" context="" id="nev13717256n1-nev15089645n37">
<title id="nev13717256n1-nev15038469n92">Removal</title>
<procstep id="nev13717256n1-nev15016881n54">
<note id="nev13717256n1-nev15038469n91">
<ptxt>Removal steps i#@#@#45#ails.</ptxt>
</note>
</procstep>
<procstep id="nev13717256n1-nev15016159n77">
<para id="nev13717256n1-nev15089645n33">
<ptxt id="nev13717256n1-nev15089645n34">Remove sill tri#@#@#2#panel<xref boilerplate="true" id="nev13717256n1-nev15038469n88">
<ref id="nev13717256n1-nev15016881n13"/>
</xref>
</ptxt>
</para>
</procstep>
<procstep id="nev13717256n1-nev15016159n58">
<grate id="nev13717256n1-nev15016881n9">
<graphic id="nev13717256n1-nev15016881n10">
<href>0900c8af84af77e#@#@#9#.jpeg</href>
</graphic>
</grate>
</procstep>
<procstep id="nev13717256n1-nev15016159n35">
<grate id="nev13717256n1-nev15016881n7">
<graphic id="nev13717256n1-nev15016881n8">
<href>0900c8af84b55f4#@#@#9#.jpeg</href>
</graphic>
</grate>
</procstep>
<procstep id="nev13717256n1-nev15016159n8">
<grate id="nev13717256n1-nev15016881n5">
<graphic id="nev13717256n1-nev15016881n6">
<href>0900c8af84b55f4#@#@#9#.jpeg</href>
</graphic>
<graphtext id="nev13717256n1-nev15089701n1">
<para id="nev13717256n1-nev15089645n30">
<ptxt id="nev13717256n1-nev15089645n31">
<torque id="nev13717256n1-nev15016881n4">
<ref id="nev13717256n1-nev15016881n2"/>
</torque>
</ptxt>
</para>
</graphtext>
</grate>
</procstep>
</stepgrp>
<stepgrp boilerplate="false" context="" id="nev13717256n1-nev15089645n29">
<title id="nev13717256n1-nev15038469n84">Installation</title>
<procstep id="nev13717256n1-nev15016273n77">
<para id="nev13717256n1-nev15089645n26">
<ptxt id="nev13717256n1-nev15089645n27">See information#@#@#22#ction<xref boilerplate="true" id="nev13717256n1-nev15038469n81">
<ref id="nev13717256n1-nev15016883n96"/>
</xref>
</ptxt>
</para>
</procstep>
<procstep id="nev13717256n1-nev15016881n98">
<para id="nev13717256n1-nev15089645n22">
<ptxt id="nev13717256n1-nev15089645n23">To install, rev#@#@#22#dure.</ptxt>
</para>
</procstep>
<procstep id="nev13717256n1-nev15016830n56">
<para id="nev13717256n1-nev15089645n20">
<ptxt id="nev13717256n1-nev15089645n21">Install the sil#@#@#7#panel<xref boilerplate="true" id="nev13717256n1-nev15038469n75">
<ref id="nev13717256n1-nev15016883n88"/>
</xref>
</ptxt>
</para>
</procstep>
</stepgrp>
</procedure>
</servinfosub>