<?xml version="1.0" encoding="UTF-8"?><servinfosub IE-ID="en-US0900c8af8088430c" docno="VCC-129444" id="KC01146002" xml:lang="en-US">
<title>Line pressure/s#@#@#12#check</title>
<procedure>
<proctools>
<toolitem id="KC06683816"/>
<toolitem id="KC06683817"/>
</proctools>
<stepgrp>
<note>
<ptxt>As the illustra#@#@#160#rect.</ptxt>
</note>
<procstep id="KC01146003">
<title>Checking the oi#@#@#2#level</title>
<para>
<ptxt>Check the oil l#@#@#5# See <xref>
<ref id="KC06683818"/>
</xref>. </ptxt>
</para>
</procstep>
<procstep id="KC01146004">
<title>Removing the ai#@#@#18#using</title>
<grate>
<graphic id="KC06683819">
<href>0900c8af8005ae4#@#@#9#.jpeg</href>
</graphic>
<graphtext>
<ptxt>Ignition off.</ptxt>
<ptxt>Remove the air #@#@#102#ings.</ptxt>
</graphtext>
</grate>
</procstep>
<procstep id="KC01146005">
<title>Connecting the #@#@#4#meter</title>
<grate>
<graphic id="KC06683820">
<href>0900c8af800592d#@#@#9#.jpeg</href>
</graphic>
<graphtext>
<ptxt>Remove the test#@#@#39#pple <toolitem id="KC06683821"/>.</ptxt>
<ptxt>Connect the hos#@#@#11#eter <toolitem id="KC06683822"/> to the nipple.</ptxt>
<para>
<title>Installing the #@#@#20#using</title>
<ptxt>Install the air#@#@#65#als. </ptxt>
</para>
</graphtext>
</grate>
</procstep>
<procstep id="KC01146006">
<title>Checking the en#@#@#12#speed</title>
<para>
<ptxt>Start the engin#@#@#26#tral.</ptxt>
<ptxt>Check the engin#@#@#29#elow.</ptxt>
</para>
</procstep>
<procstep id="KC01146007">
<title>Checking the li#@#@#6#ssure</title>
<para>
<ptxt>Depress the bra#@#@#4#edal.</ptxt>
<ptxt>Move the gear s#@#@#59#ures.</ptxt>
</para>
<table frame="all" pgwide="0">
<title>Table, line pre#@#@#9#55-50</title>
<tgroup cols="4" colsep="1" rowsep="1">
<colspec colwidth="88*"/>
<colspec colwidth="113*"/>
<colspec colwidth="93*"/>
<colspec colwidth="102*"/>
<tbody>
<row>
<entry align="center" valign="top">
<ptxt>
<emph etype="bold">Engine</emph>
</ptxt>
</entry>
<entry align="center" valign="top">
<ptxt>
<emph etype="bold">Idling speed (rpm)</emph>
</ptxt>
</entry>
<entry align="center" valign="top">
<ptxt>
<emph etype="bold">Gear shift position</emph>
</ptxt>
</entry>
<entry align="center" valign="top">
<ptxt>
<emph etype="bold">Line pressure (MPa)</emph>
</ptxt>
</entry>
</row>
<row>
<entry align="center" valign="top">
<ptxt>B5204T5</ptxt>
</entry>
<entry align="left" valign="top">
<ptxt>670</ptxt>
</entry>
<entry align="left" valign="top">
<ptxt>D / R</ptxt>
</entry>
<entry align="left" valign="top">
<ptxt>0.33-0.39 / 0.5#@#@#1#-0.61</ptxt>
</entry>
</row>
<row>
<entry align="left" valign="top">
<ptxt>B5234T7</ptxt>
</entry>
<entry align="left" valign="top">
<ptxt>670</ptxt>
</entry>
<entry align="left" valign="top">
<ptxt>D / R</ptxt>
</entry>
<entry align="left" valign="top">
<ptxt>0.33-0.39 / 0.5#@#@#1#-0.61</ptxt>
</entry>
</row>
<row>
<entry align="left" valign="top">
<ptxt>B5244T3</ptxt>
</entry>
<entry align="left" valign="top">
<ptxt>670</ptxt>
</entry>
<entry align="left" valign="top">
<ptxt>D / R</ptxt>
</entry>
<entry align="left" valign="top">
<ptxt>0.33-0.39 / 0.5#@#@#1#-0.61</ptxt>
</entry>
</row>
<row>
<entry align="left" valign="top">
<ptxt>B5244S/S2</ptxt>
</entry>
<entry align="left" valign="top">
<ptxt>750</ptxt>
</entry>
<entry align="left" valign="top">
<ptxt>D / R</ptxt>
</entry>
<entry align="left" valign="top">
<ptxt>0.33-0.39 / 0.5#@#@#1#-0.61</ptxt>
</entry>
</row>
<row>
<entry align="left" valign="top">
<ptxt>B5244S/S2</ptxt>
</entry>
<entry align="left" valign="top">
<ptxt>810</ptxt>
</entry>
<entry align="left" valign="top">
<ptxt>D / R</ptxt>
</entry>
<entry align="left" valign="top">
<ptxt>0.33-0.39 / 0.5#@#@#1#-0.61</ptxt>
</entry>
</row>
<row>
<entry align="left" valign="top">
<ptxt>D5244T/T2</ptxt>
</entry>
<entry align="left" valign="top">
<ptxt>700</ptxt>
</entry>
<entry align="left" valign="top">
<ptxt>D / R</ptxt>
</entry>
<entry align="left" valign="top">
<ptxt>0.33-0.39 / 0.5#@#@#1#-0.61</ptxt>
</entry>
</row>
</tbody>
</tgroup>
</table>
</procstep>
<procstep id="KC01146008">
<title>Checking the st#@#@#4#speed</title>
<para>
<ptxt>Check the stall#@#@#35#ure. </ptxt>
<ptxt>The stall speed#@#@#104#gine.</ptxt>
</para>
<list1 enumtype="d">
<title>For the test to#@#@#45# met:</title>
<item>
<ptxt>the engine must#@#@#13#tuned</ptxt>
</item>
<item>
<ptxt>the line pressu#@#@#13#rrect</ptxt>
</item>
<item>
<ptxt>the oil level i#@#@#85#ure. </ptxt>
</item>
</list1>
<note>
<ptxt>Never conduct a#@#@#49#low. </ptxt>
</note>
</procstep>
<procstep id="KC01146009">
<title>Check</title>
<para>
<ptxt>The air conditi#@#@#67#gine.</ptxt>
</para>
<caution>
<ptxt>Apply the parki#@#@#77#test.</ptxt>
</caution>
<para>
<ptxt>Move the gear s#@#@#15#tion <emph>D</emph>. Fully depress#@#@#29#or a <emph etype="bold">maximum of 5 seconds</emph>. Read off the #@#@#72#elow.</ptxt>
</para>
<note>
<ptxt>Do not test the#@#@#35#nds. </ptxt>
</note>
<table frame="all" pgwide="0">
<tgroup cols="2" colsep="1" rowsep="1">
<colspec colname="col1" colwidth="146*"/>
<colspec colname="col2" colwidth="250*"/>
<thead>
<row>
<entry align="left" valign="bottom">
<ptxt>
<emph etype="bold">Gear shift position</emph>
</ptxt>
</entry>
<entry align="left" valign="bottom">
<ptxt>
<emph etype="bold">Line pressure MPa</emph>
</ptxt>
</entry>
</row>
</thead>
<tbody>
<row>
<entry align="left" valign="top">
<ptxt>D</ptxt>
</entry>
<entry align="left" valign="top">
<ptxt>1.28-1.39</ptxt>
</entry>
</row>
<row>
<entry align="left" valign="top">
<ptxt>R</ptxt>
</entry>
<entry align="left" valign="top">
<ptxt>1.71-1.98</ptxt>
</entry>
</row>
<row>
<entry align="left" valign="top">
<ptxt>
<emph etype="bold">Engine</emph>
</ptxt>
</entry>
<entry align="left" valign="top">
<ptxt>
<emph etype="bold">Stall speed rpm</emph>
</ptxt>
</entry>
</row>
<row>
<entry align="left" valign="top">
<ptxt>B5204T5</ptxt>
</entry>
<entry align="left" valign="top">
<ptxt>2800</ptxt>
</entry>
</row>
<row>
<entry align="left" valign="top">
<ptxt>B5244T3</ptxt>
</entry>
<entry align="left" valign="top">
<ptxt>2800</ptxt>
</entry>
</row>
<row>
<entry align="left" valign="top">
<ptxt>B5234T7</ptxt>
</entry>
<entry align="left" valign="top">
<ptxt>2890</ptxt>
</entry>
</row>
<row>
<entry align="left" valign="top">
<ptxt>B5244S/S2</ptxt>
</entry>
<entry align="left" valign="top">
<ptxt>2670</ptxt>
</entry>
</row>
<row>
<entry align="left" valign="top">
<ptxt>B5244S</ptxt>
</entry>
<entry align="left" valign="top">
<ptxt>2550</ptxt>
</entry>
</row>
<row>
<entry align="left" valign="top">
<ptxt>D5244T/T2</ptxt>
</entry>
<entry align="left" valign="top">
<ptxt>2500</ptxt>
</entry>
</row>
<row>
<entry align="left" nameend="col2" namest="col1" valign="top">
<ptxt>Normal stall sp#@#@#177#re). </ptxt>
</entry>
</row>
</tbody>
</tgroup>
</table>
<ptxt>Repeat the test#@#@#34#n R. </ptxt>
<ptxt>Compare to the #@#@#1#able.</ptxt>
<ptxt>If the engine s#@#@#42# see <emph>High stalling speed</emph>. If the engine#@#@#49# see <emph>Low stalling speed</emph>.
</ptxt>
</procstep>
<procstep id="KC01146010">
<title>High stalling speed</title>
<para>
<ptxt>The test condit#@#@#13#d in <xref>
<ref id="KC06683823"/>
</xref> above, have be#@#@#43#mal? </ptxt>
</para>
<para>
<title>If the stalling#@#@#57# rpm:</title>
<ptxt>Check if the oi#@#@#32# See <xref>
<ref id="KC06683824"/>
</xref>.</ptxt>
</para>
<para>
<ptxt>
<emph>If the oil is O#@#@#27#rter.</emph>
</ptxt>
<ptxt>For gasoline en#@#@#4#s see<xref>
<ref id="KC06683825"/>
</xref> and <xref>
<ref id="KC06683826"/>
</xref>. </ptxt>
<ptxt>For diesel engi#@#@#3# see <xref>
<ref id="KC06683827"/>
</xref> and <xref>
<ref id="KC06683828"/>
</xref>. (See the proc#@#@#53#erter</ptxt>
</para>
<para>
<ptxt>
<emph>Dirty oil indic#@#@#54#sion.</emph>
</ptxt>
<ptxt>For gasoline en#@#@#4#s see<xref>
<ref id="KC06683829"/>
</xref> and <xref>
<ref id="KC06683830"/>
</xref>. </ptxt>
<ptxt>For diesel engi#@#@#3# see <xref>
<ref id="KC06683831"/>
</xref> and <xref>
<ref id="KC06683832"/>
</xref>.</ptxt>
</para>
<para>
<ptxt>Check the stall#@#@#44#sion.</ptxt>
</para>
</procstep>
<procstep id="KC01146011">
<title>Low stalling speed</title>
<grate>
<graphic id="KC06683833">
<href>0900c8af800592d#@#@#9#.jpeg</href>
</graphic>
<graphtext>
<para>
<ptxt>The test condit#@#@#13#d in <xref>
<ref id="KC06683834"/>
</xref> above have bee#@#@#1# met.</ptxt>
</para>
<para>
<ptxt>
<emph>Try a new torqu#@#@#82# rpm.</emph>
</ptxt>
<ptxt>For gasoline en#@#@#4#s see<xref>
<ref id="KC06683835"/>
</xref> and <xref>
<ref id="KC06683836"/>
</xref>. </ptxt>
<ptxt>For diesel engi#@#@#3# see <xref>
<ref id="KC06683837"/>
</xref> and <xref>
<ref id="KC06683838"/>
</xref>.</ptxt>
</para>
<para>
<ptxt>
<emph>Check the stall#@#@#47#erter</emph>
</ptxt>
<ptxt>Replace the tra#@#@#52#s see<xref>
<ref id="KC06683839"/>
</xref> and <xref>
<ref id="KC06683840"/>
</xref>. </ptxt>
<ptxt>For diesel engi#@#@#3# see <xref>
<ref id="KC06683841"/>
</xref> and <xref>
<ref id="KC06683842"/>
</xref>. </ptxt>
</para>
<para>
<ptxt>
<emph>Noise:</emph>
</ptxt>
</para>
<para>
<title>Replace the tra#@#@#5#sion:</title>
<ptxt>For gasoline en#@#@#4#s see<xref>
<ref id="KC06683843"/>
</xref> and <xref>
<ref id="KC06683844"/>
</xref>. </ptxt>
<ptxt>For diesel engi#@#@#3# see <xref>
<ref id="KC06683845"/>
</xref> and <xref>
<ref id="KC06683846"/>
</xref>.</ptxt>
</para>
<ptxt>Check the stall#@#@#44#sion.</ptxt>
<para>
<title>After the check#@#@#9#eted:</title>
<ptxt>Remove the air #@#@#47#pipe.</ptxt>
<ptxt>Remove both the#@#@#35#eter.</ptxt>
</para>
<list1 enumtype="d">
<title>Install:</title>
<item>
<ptxt>the test plug. #@#@#64#n to <emph>8 Nm</emph>
</ptxt>
</item>
<item>
<ptxt>the air cleaner#@#@#50#nals.</ptxt>
</item>
</list1>
</graphtext>
</grate>
</procstep>
</stepgrp>
</procedure>
</servinfosub>