<?xml version="1.0" encoding="UTF-8"?><i2 IE-ID="en-US0900c8af8634530c" docno="VCC-419317" id="nev15855481n1" original="sv-SE" xml:lang="en-US">
<frontm id="nev15855483n1-nev22740304n74">
<prolog>
<tpnbr>31414325</tpnbr>
</prolog>
<titlep id="nev15855483n1-nev22740304n73">
<grate id="nev15855483n1-nev22740304n68">
<graphic id="nev15855483n1-nev22473975n42">
<href>0900c8af863453f#@#@#11#.jpeg</href>
</graphic>
</grate>
<title id="nev15855481n2">Bumper cover</title>
</titlep>
<preface id="nev15855483n1-nev22740304n67">
<toolpics id="nev15855483n1-nev22740304n65">
<title id="nev15855483n1-0800c8af84f6831f">Equipment</title>
<i2graphic id="nev15855483n1-nev22473975n36">
<href>0900c8af836c9fe#@#@#9#.jpeg</href>
</i2graphic>
<i2graphic id="nev15855483n1-nev22740304n64">
<href>0900c8af86a5017#@#@#9#.jpeg</href>
</i2graphic>
</toolpics>
<kitpics id="nev15855483n1-nev22740304n66">
<title id="nev15855483n1-0800c8af84f6835a">Component overview</title>
<i2graphic id="nev15855483n1-nev22473975n39">
<href>0900c8af863453f#@#@#11#.jpeg</href>
</i2graphic>
</kitpics>
</preface>
</frontm>
<body id="nev15855483n1-nev22740304n75">
<servinfosub docno="VCC-419317" id="nev15855483n1-nev15855481n1" original="sv-SE" servinfosubId="nev15855483n1-nev20828677n1" servinfosubRes="0900c8af86b1830b" servinfosubRes2="urn:x-nevis:fragment:0900c8af8634530c:0900c8af86b1830b#nev20828677n1">
<operationnumbers>
<operationnumber>84232-2</operationnumber>
</operationnumbers>
<materialtable id="nev15855483n1-nev22742451n84">
<table id="nev15855483n1-nev22742451n83">
<tgroup cols="2" id="nev15855483n1-nev22742451n82">
<colspec colname="COLSPEC0" colwidth="1.00*" id="nev15855483n1-nev22742451n81"/>
<colspec colname="COLSPEC1" colwidth="1.00*" id="nev15855483n1-nev22742451n80"/>
<thead id="nev15855483n1-nev22742451n79">
<row id="nev15855483n1-nev22742451n78">
<entry id="nev15855483n1-nev22742451n77" nameend="COLSPEC1" namest="COLSPEC0" valign="top">
<ptxt id="nev15855483n1-nev22742451n76">
<emph id="nev15855483n1-nev22742451n75">Materials</emph>
</ptxt>
</entry>
</row>
</thead>
<tbody id="nev15855483n1-nev22742451n74">
<row id="nev15855483n1-nev22742451n73">
<entry id="nev15855483n1-nev22742451n72">
<ptxt id="nev15855483n1-nev22742451n71">
<emph id="nev15855483n1-nev22742451n70">Designation</emph>
</ptxt>
</entry>
<entry id="nev15855483n1-nev22742451n69">
<ptxt id="nev15855483n1-nev22742451n68">
<emph id="nev15855483n1-nev22742451n67">Part number</emph>
</ptxt>
</entry>
</row>
<row id="nev15855483n1-nev22742451n66">
<entry id="nev15855483n1-nev22742451n65">
<ptxt id="nev15855483n1-nev22742451n64">Isopropanol</ptxt>
</entry>
<entry id="nev15855483n1-nev22742451n62">
<ptxt id="nev15855483n1-nev22742451n61">1161721</ptxt>
</entry>
</row>
</tbody>
</tgroup>
</table>
</materialtable>
<procedure id="nev15855483n1-nev20828695n7">
<stepgrp boilerplate="false" context="" id="nev15855483n1-nev22740304n62">
<title id="nev15855483n1-0800c8af84f682f9">Information</title>
<procstep id="nev15855483n1-nev21252924n56">
<list1 enumtype="b" id="nev13396149n248" type="unordered">
<item id="nev13396149n246">
<ptxt id="nev13396149n244">  Read through #@#@#48#tion.</ptxt>
</item>
<item id="nev13396149n240">
<ptxt id="nev13396149n238">Notifications a#@#@#99#tion.</ptxt>
</item>
<item id="nev13396149n236">
<ptxt id="nev13396149n234">Ensure that all#@#@#72#tion.</ptxt>
</item>
<item id="nev13396149n232">
<ptxt id="nev13396149n230">Certain steps i#@#@#114#teps.</ptxt>
</item>
<item id="nev13396149n228">
<ptxt id="nev13396149n226">In the event of#@#@#81#aler.</ptxt>
</item>
</list1>
</procstep>
</stepgrp>
<stepgrp boilerplate="false" context="" id="nev15855483n1-nev22740304n59">
<title id="nev15855483n1-0800c8af84f6830b">Conditions</title>
<procstep id="nev15855483n1-nev21252924n51">
<para id="nev15855483n1-nev22740304n57">
<ptxt id="nev15855483n1-nev22740304n58">When installing#@#@#47#es C.</ptxt>
</para>
<para id="nev15855483n1-nev22740304n55">
<ptxt id="nev15855483n1-nev22740304n56">After installat#@#@#39#hours</ptxt>
</para>
<para id="nev15855483n1-nev22740304n53">
<ptxt id="nev15855483n1-nev22740304n54">After installat#@#@#38#hours</ptxt>
</para>
</procstep>
</stepgrp>
<stepgrp boilerplate="false" context="" id="nev15855483n1-nev22740304n52">
<title id="nev15855483n1-0800c8af844a46ee">Color symbols</title>
<procstep id="nev15855483n1-nev21252924n42">
<grate id="nev15855483n1-nev22740304n50">
<graphic id="nev15855483n1-nev22740304n51">
<href>0900c8af8579af4#@#@#9#.jpeg</href>
</graphic>
<graphtext id="nev15855483n1-nev22742471n1">
<note id="nev15855483n1-0800c8af857d02fc">
<ptxt>This colour cha#@#@#127#teps.</ptxt>
</note>
<list1 enumtype="n" id="nev15855483n1-nev21258161n72" type="ordered">
<item id="nev15855483n1-nev22740304n49">
<ptxt id="nev15855483n1-nev22740304n48">Used for focuse#@#@#55#hing.</ptxt>
</item>
<item id="nev15855483n1-nev22740304n47">
<ptxt id="nev15855483n1-nev22740304n46">Used as extra c#@#@#57#arts.</ptxt>
</item>
<item id="nev15855483n1-nev22740304n45">
<ptxt id="nev15855483n1-nev22740304n44">Used for attach#@#@#73# etc.</ptxt>
</item>
<item id="nev15855483n1-nev22740304n43">
<ptxt id="nev15855483n1-nev22740304n42">Used when the c#@#@#68#side.</ptxt>
</item>
<item id="nev15855483n1-nev22740304n41">
<ptxt id="nev15855483n1-nev22740304n40">Used for standa#@#@#22#ools.</ptxt>
</item>
<item id="nev15855483n1-nev22740304n39">
<ptxt id="nev15855483n1-nev22740304n38">Used as backgro#@#@#28#ents.</ptxt>
</item>
</list1>
</graphtext>
</grate>
</procstep>
</stepgrp>
<stepgrp boilerplate="false" context="" id="nev15855483n1-nev22740304n37">
<title id="nev15855483n1-0800c8af84fbdb3d">Accessory insta#@#@#2#ation</title>
<procstep id="nev15855483n1-nev21252924n23">
<grate id="nev15855483n1-nev22740304n35">
<graphic id="nev15855483n1-nev22740304n36">
<href>0900c8af863454d#@#@#9#.jpeg</href>
</graphic>
</grate>
</procstep>
<procstep id="nev15855483n1-nev21252924n20">
<grate id="nev15855483n1-nev22740304n33">
<graphic id="nev15855483n1-nev22740304n34">
<href>0900c8af8634553#@#@#9#.jpeg</href>
</graphic>
<graphtext id="nev15855483n1-nev22742478n1">
<para id="nev15855483n1-nev22740304n31">
<ptxt id="nev15855483n1-nev22740304n32">Clean the surface.</ptxt>
</para>
<para id="nev15855483n1-nev22740304n29">
<ptxt id="nev15855483n1-nev22740304n30">Allow to dry.</ptxt>
</para>
<para id="nev15855483n1-nev22740304n27">
<ptxt id="nev15855483n1-nev22740304n28">
<material id="nev15855483n1-nev21258161n47" materialid="1161721" materialname="Isopropanol" quantity="0.0" showInProcStep="true"/>
</ptxt>
</para>
</graphtext>
</grate>
</procstep>
<procstep id="nev15855483n1-nev21252924n10">
<grate id="nev15855483n1-nev22740304n25">
<graphic id="nev15855483n1-nev22740304n26">
<href>0900c8af8636c5b#@#@#9#.jpeg</href>
</graphic>
<graphtext id="nev15855483n1-nev22742485n1">
<para id="nev15855483n1-nev22740304n23">
<ptxt id="nev15855483n1-nev22740304n24">Fold the protec#@#@#12#rward</ptxt>
</para>
</graphtext>
</grate>
</procstep>
<procstep id="nev15855483n1-nev21252924n5">
<grate id="nev15855483n1-nev22740304n21">
<graphic id="nev15855483n1-nev22740304n22">
<href>0900c8af86367b1#@#@#9#.jpeg</href>
</graphic>
<graphtext id="nev15855483n1-nev22742489n1">
<para id="nev15855483n1-nev22740304n19">
<ptxt id="nev15855483n1-nev22740304n20">Install compone#@#@#32# kit.</ptxt>
</para>
</graphtext>
</grate>
</procstep>
<procstep id="nev15855483n1-nev22410616n45">
<grate id="nev15855483n1-nev22740304n17">
<graphic id="nev15855483n1-nev22740304n18">
<href>0900c8af86a1971#@#@#9#.jpeg</href>
</graphic>
<graphtext id="nev15855483n1-nev22742493n1">
<note id="nev15855483n1-0800c8af84ffe5b3">
<ptxt>Make sure that #@#@#93#dius.</ptxt>
</note>
</graphtext>
</grate>
</procstep>
<procstep id="nev15855483n1-nev22474685n88">
<grate id="nev15855483n1-nev22740304n15">
<graphic id="nev15855483n1-nev22740304n16">
<href>0900c8af86a3a57#@#@#9#.jpeg</href>
</graphic>
</grate>
</procstep>
<procstep id="nev15855483n1-nev21253360n94">
<grate id="nev15855483n1-nev22740304n13">
<graphic id="nev15855483n1-nev22740304n14">
<href>0900c8af8636c1b#@#@#9#.jpeg</href>
</graphic>
<graphtext id="nev15855483n1-nev22742500n1">
<para id="nev15855483n1-nev22740304n11">
<ptxt id="nev15855483n1-nev22740304n12">Use suitable ta#@#@#21#nter.</ptxt>
</para>
</graphtext>
</grate>
</procstep>
<procstep id="nev15855483n1-nev21253360n89">
<grate id="nev15855483n1-nev22740304n9">
<graphic id="nev15855483n1-nev22740304n10">
<href>0900c8af8636c1a#@#@#9#.jpeg</href>
</graphic>
<graphtext id="nev15855483n1-nev22742504n1">
<para id="nev15855483n1-nev22740304n7">
<ptxt id="nev15855483n1-nev22740304n8">Center the Bump#@#@#56#phic.</ptxt>
</para>
</graphtext>
</grate>
</procstep>
<procstep id="nev15855483n1-nev21253360n84">
<grate id="nev15855483n1-nev22740304n5">
<graphic id="nev15855483n1-nev22740304n6">
<href>0900c8af8634cbb#@#@#9#.jpeg</href>
</graphic>
<graphtext id="nev15855483n1-nev22742508n1">
<para id="nev15855483n1-nev22740304n3">
<ptxt id="nev15855483n1-nev22740304n4">Use tape</ptxt>
</para>
</graphtext>
</grate>
</procstep>
<procstep id="nev15855483n1-nev21253360n79">
<grate id="nev15855483n1-nev22740304n1">
<graphic id="nev15855483n1-nev22740304n2">
<href>0900c8af8637779#@#@#9#.jpeg</href>
</graphic>
<graphtext id="nev15855483n1-nev22742512n1">
<para id="nev15855483n1-nev22742451n99">
<ptxt id="nev15855483n1-nev22742451n100">Remove the prot#@#@#7#film.</ptxt>
</para>
</graphtext>
</grate>
</procstep>
<procstep id="nev15855483n1-nev21253360n74">
<grate id="nev15855483n1-nev22742451n97">
<graphic id="nev15855483n1-nev22742451n98">
<href>0900c8af8637798#@#@#9#.jpeg</href>
</graphic>
<graphtext id="nev15855483n1-nev22742516n1">
<para id="nev15855483n1-nev22742451n95">
<ptxt id="nev15855483n1-nev22742451n96">Remove the prot#@#@#7#film.</ptxt>
</para>
</graphtext>
</grate>
</procstep>
<procstep id="nev15855483n1-nev21253360n69">
<grate id="nev15855483n1-nev22742451n93">
<graphic id="nev15855483n1-nev22742451n94">
<href>0900c8af8634cbb#@#@#9#.jpeg</href>
</graphic>
<graphtext id="nev15855483n1-nev22742520n1">
<para id="nev15855483n1-nev22742451n91">
<ptxt id="nev15855483n1-nev22742451n92">Thoroughly pres#@#@#64#erly.</ptxt>
</para>
</graphtext>
</grate>
</procstep>
<procstep id="nev15855483n1-nev22474685n61">
<grate id="nev15855483n1-nev22742451n89">
<graphic id="nev15855483n1-nev22742451n90">
<href>0900c8af86a3a0b#@#@#9#.jpeg</href>
</graphic>
<graphtext id="nev15855483n1-nev22742524n1">
<para id="nev15855483n1-nev22742451n87">
<ptxt id="nev15855483n1-nev22742451n88">Remove the prot#@#@#7#film.</ptxt>
</para>
</graphtext>
</grate>
</procstep>
</stepgrp>
</procedure>
<kitnumbers>
<kitnumber>31414323</kitnumber>
</kitnumbers>
</servinfosub>
</body>
</i2>