<?xml version="1.0" encoding="UTF-8"?><servinfosub IE-ID="en-US0900c8af8013810d" docno="VCC-134086" id="KC01276130" xml:lang="en-US">
<title>Replacing the r#@#@#13#orber</title>
<procedure>
<proctools>
<toolitem id="KC07545951"/>
</proctools>
<stepgrp id="KC01276131">
<procstep id="KC01276132">
<title>Removing the sh#@#@#7#orber</title>
<grate>
<graphic id="KC07545952">
<href>0900c8af8005a6f#@#@#9#.jpeg</href>
</graphic>
<graphtext>
<list1 enumtype="d" type="unordered">
<item>
<ptxt>Remove the inne#@#@#8#hatch</ptxt>
</item>
<item>
<ptxt>Remove the floo#@#@#3#arpet</ptxt>
</item>
<item>
<ptxt>Remove the shoc#@#@#22#cket <toolitem id="KC07545953"/> and a Torx-wre#@#@#16#hold </ptxt>
</item>
<item>
<ptxt>Check the mount#@#@#49#sary.</ptxt>
</item>
</list1>
</graphtext>
</grate>
<grate>
<graphic id="KC07545954">
<href>0900c8af80059a2#@#@#9#.jpeg</href>
</graphic>
<graphtext>
<ptxt>Raise the car.</ptxt>
<list1 enumtype="d" type="unordered">
<title>Remove</title>
<item>
<ptxt>the wheel</ptxt>
</item>
<item>
<ptxt>the screw for t#@#@#12#orber</ptxt>
</item>
<item>
<ptxt>the shock absorber.</ptxt>
</item>
</list1>
</graphtext>
</grate>
</procstep>
<procstep id="KC01276133">
<title>Installing the #@#@#9#orber</title>
<grate>
<graphic id="KC07545955">
<href>0900c8af8005a70#@#@#9#.jpeg</href>
</graphic>
<graphtext>
<list1 enumtype="d" type="unordered">
<item>
<ptxt>Insert the new #@#@#55#nting</ptxt>
</item>
<item>
<ptxt>Install the new#@#@#8#sely.</ptxt>
</item>
</list1>
</graphtext>
</grate>
<grate>
<graphic id="KC07545956">
<href>0900c8af800599f#@#@#9#.jpeg</href>
</graphic>
<graphtext>
<list1 enumtype="d" type="unordered">
<item>
<ptxt>Press up the co#@#@#24# jack</ptxt>
</item>
<item>
<ptxt>Fix the shock a#@#@#51#osely</ptxt>
</item>
<item>
<ptxt>Remove the mobi#@#@#3#jack.</ptxt>
</item>
</list1>
<para>
<ptxt>Tighten the ten#@#@#15#g to <xref>
<ref id="KC07545957"/>
</xref>.</ptxt>
</para>
</graphtext>
</grate>
<grate>
<graphic id="KC07545958">
<href>0900c8af8005a6f#@#@#9#.jpeg</href>
</graphic>
<graphtext>
<note>
<ptxt>
<emph>When replacing #@#@#5#pring</emph>, tighten the c#@#@#18#n to <emph>80 Nm</emph>.</ptxt>
</note>
<list1 enumtype="d" type="unordered">
<item>
<ptxt>Tighten the scr#@#@#33#n to <emph>80 Nm</emph>
</ptxt>
</item>
<item>
<ptxt>Remove the tensioner</ptxt>
</item>
<item>
<ptxt>Tighten the sho#@#@#23#n to <emph>60 Nm</emph>. Use socket <toolitem id="KC07545959"/> and a Torx-wre#@#@#15#rhold</ptxt>
</item>
<item>
<ptxt>Reinstall the c#@#@#28#atch </ptxt>
</item>
<item>
<ptxt>Install the whe#@#@#3# See <xref>
<ref id="KC07545960"/>
</xref>.</ptxt>
</item>
</list1>
</graphtext>
</grate>
</procstep>
</stepgrp>
</procedure>
</servinfosub>