<?xml version="1.0" encoding="UTF-8"?><diagnostic IE-ID="en-US0900c8af80c4910d" docno="VCC-151975" id="KC02747110" type="test" xml:lang="en-US">
<title>
<phrase category="" id="KC09447623" phrase-urn="urn:x-nevis:phrase:0800c8af82708365">Verification</phrase>
</title>
<testgrp IE-ID="en-US0900c8af80c4910d_KC02747119" id="KC02747119" j2008use="1" paperuse="1" resumable="1" screenuse="1" testgrp-id="verifnode" x="240" y="120">
<title>
<phrase category="" id="KC09447624" phrase-urn="urn:x-nevis:phrase:0800c8af82708366">Verification</phrase>
</title>
<node>
<test1>
<hint>
<ptxt>
<phrase category="" id="KC09447625" phrase-urn="urn:x-nevis:phrase:0800c8af82708367">After carrying #@#@#50#died.</phrase>
</ptxt>
</hint>
<diaglist>
<dgraphic>
<dgraphic1>
<graphic id="KC09447626">
<href>0900c8af80054d5#@#@#9#.jpeg</href>
</graphic>
</dgraphic1>
<dgraphic2>
<graphic id="KC09447627">
<href>0900c8af80054d7#@#@#9#.jpeg</href>
</graphic>
</dgraphic2>
</dgraphic>
<ditem>
<ptxt>
<phrase category="" id="KC09447628" phrase-urn="urn:x-nevis:phrase:0800c8af82708368">Ignition off</phrase>
</ptxt>
</ditem>
<ditem>
<ptxt>
<phrase category="" id="KC09447629" phrase-urn="urn:x-nevis:phrase:0800c8af82708369">Reinstall the c#@#@#21# etc.</phrase>
</ptxt>
</ditem>
<ditem>
<ptxt>
<phrase category="" id="KC09447630" phrase-urn="urn:x-nevis:phrase:0800c8af8270836a">Ignition on.</phrase>
</ptxt>
</ditem>
</diaglist>
<test2>
<para>
<ptxt>
<phrase category="" id="KC09447631" phrase-urn="urn:x-nevis:phrase:0800c8af8270836b">Check the passe#@#@#62#mbol.</phrase>
</ptxt>
</para>
<para>
<ptxt>
<phrase category="" id="KC09447632" phrase-urn="urn:x-nevis:phrase:0800c8af8270836c">Check that the #@#@#90#ture.</phrase>
</ptxt>
</para>
<diaglist>
<dgraphic>
<dgraphic2>
<graphic id="KC09447633">
<href>0900c8af86c8681#@#@#9#.jpeg</href>
</graphic>
<smarttool active="press" id="KC09447634" toolname="YCCMA603"/>
</dgraphic2>
</dgraphic>
<ditem>
<ditemtext>
<ptxt>
<phrase category="" id="KC09447635" phrase-urn="urn:x-nevis:phrase:0800c8af8270836d"/>
</ptxt>
</ditemtext>
</ditem>
</diaglist>
</test2>
</test1>
<question>
Are the temper#@#@#11#ect?
</question>
<resact-grp>
<result button="yes" comp="button" highlight="0"/>
<action j2008use="1" paperuse="1" screenuse="1">
<return value="VERIFIED"/>
</action>
</resact-grp>
<resact-grp>
<result button="no" comp="button" highlight="0"/>
<action j2008use="1" paperuse="1" screenuse="1">
<return value="VERIFICATION FAILED"/>
</action>
</resact-grp>
</node>
</testgrp>
</diagnostic>