<?xml version="1.0" encoding="UTF-8"?><servinfosub IE-ID="en-US0900c8af806a910d" docno="VCC-116759" id="KC02047633" xml:lang="en-US">
<title>Bevel gear, rep#@#@#1#acing</title>
<procedure>
<proctools>
<toolitem id="KC02998410"/>
<toolitem id="KC02998411"/>
<toolitem id="KC02998412"/>
<toolitem id="KC02998413"/>
</proctools>
<stepgrp id="KC02320374">
<title>Removal</title>
<procstep id="KC02320375">
<title>Removing the fr#@#@#31#screw</title>
<grate>
<graphic id="KC02998414">
<href>0900c8af806a043#@#@#9#.jpeg</href>
</graphic>
<graphtext>
<list1 enumtype="d">
<title>Remove:</title>
<item>
<ptxt>the right front#@#@#1#wheel</ptxt>
</item>
<item>
<ptxt>the screw for t#@#@#36#acket</ptxt>
</item>
<item>
<ptxt>the screw for t#@#@#10#haft.</ptxt>
</item>
</list1>
</graphtext>
</grate>
</procstep>
<procstep id="KC02320376">
<title>Removing the li#@#@#13#d nut</title>
<grate>
<graphic id="KC02998415">
<href>0900c8af806a043#@#@#9#.jpeg</href>
</graphic>
<graphtext>
<list1 enumtype="d">
<title>Remove:</title>
<item>
<ptxt>the nut for the#@#@#85# turn</ptxt>
</item>
<item>
<ptxt>the nut for the#@#@#16#ller <toolitem id="KC02998416"/>.</ptxt>
</item>
</list1>
</graphtext>
</grate>
</procstep>
<procstep id="KC02320377">
<title>Cleaning around#@#@#28#side)</title>
<para>
<ptxt>See <xref>
<ref id="KC02998417"/>
</xref>.</ptxt>
</para>
</procstep>
<procstep id="KC02320378">
<title>Removing the sc#@#@#25#joint</title>
<para>
<ptxt>See <xref>
<ref id="KC02998418"/>
</xref>.</ptxt>
</para>
</procstep>
<procstep id="KC02320379">
<title>Removing the ba#@#@#3#joint</title>
<grate>
<graphic id="KC02998419">
<href>0900c8af803f751#@#@#9#.jpeg</href>
</graphic>
<graphtext>
<para>
<ptxt>Move the ball j#@#@#102#ndle.</ptxt>
</para>
<para>
<ptxt>Install protect#@#@#6#cket <toolitem id="KC02998420"/> on the ball joint.</ptxt>
<ptxt>Use holder <toolitem id="KC02998421"/> on the control#@#@#32#ched.</ptxt>
</para>
</graphtext>
</grate>
</procstep>
<procstep id="KC02320380">
<title>Removing the dr#@#@#17#e hub</title>
<grate>
<graphic id="KC02998422">
<href>0900c8af8005e72#@#@#9#.jpeg</href>
</graphic>
<graphtext>
<para>
<ptxt>Press the drive#@#@#63#rut. </ptxt>
</para>
<para>
<ptxt>Remove the driv#@#@#16# hub.</ptxt>
</para>
</graphtext>
</grate>
</procstep>
<procstep id="KC02320381">
<title>Removing the dr#@#@#24# gear</title>
<grate>
<graphic id="KC02998423">
<href>0900c8af8005e72#@#@#9#.jpeg</href>
</graphic>
<graphtext>
<list1 enumtype="d">
<title>Remove:</title>
<item>
<ptxt>the bearing cap#@#@#15#shaft</ptxt>
</item>
<item>
<ptxt>the shaft. Care#@#@#115#ged.
</ptxt>
</item>
</list1>
</graphtext>
</grate>
</procstep>
<procstep id="KC02320382">
<title>Removing the li#@#@#46#pipes</title>
<grate>
<graphic id="KC02998424">
<href>0900c8af806a911#@#@#9#.jpeg</href>
</graphic>
<graphtext>
<list1 enumtype="d">
<title>Remove:</title>
<item>
<ptxt>the screw (1) a#@#@#9#miter</ptxt>
</item>
<item>
<ptxt>the screw (2) a#@#@#8#older</ptxt>
</item>
<item>
<ptxt>the screws (3 a#@#@#17#ders.</ptxt>
</item>
</list1>
<para>
<ptxt>Carefully bend #@#@#151#gear.</ptxt>
</para>
</graphtext>
</grate>
</procstep>
<procstep id="KC02320383">
<title>Removing the ex#@#@#23#ifold</title>
<grate>
<graphic id="KC02998425">
<href>0900c8af806a911#@#@#9#.jpeg</href>
</graphic>
<graphtext>
<list1 enumtype="d">
<title>Remove:</title>
<item>
<ptxt>the screw on th#@#@#11#ector</ptxt>
</item>
<item>
<ptxt>the 3 flange nuts.</ptxt>
</item>
</list1>
</graphtext>
</grate>
</procstep>
<procstep id="KC02320384">
<title>Removing the sc#@#@#46# gear</title>
<grate>
<graphic id="KC02998426">
<href>0900c8af806a043#@#@#9#.jpeg</href>
</graphic>
<graphtext>
<para>
<ptxt>Use counterhold <toolitem id="KC02998427"/>. </ptxt>
<ptxt>Take care with #@#@#41#O2S).</ptxt>
</para>
</graphtext>
</grate>
</procstep>
<procstep id="KC02320385">
<title>Removing the br#@#@#41#shaft</title>
<grate>
<graphic id="KC02998428">
<href>0900c8af806a911#@#@#9#.jpeg</href>
</graphic>
<graphtext>
<para>
<ptxt>Remove the clam#@#@#21#pipe.</ptxt>
<ptxt>Remove the 3 sc#@#@#16#cket.</ptxt>
<ptxt>Slacken off the#@#@#49#crew.</ptxt>
<ptxt>Move the exhaus#@#@#14#side.</ptxt>
</para>
</graphtext>
</grate>
</procstep>
<procstep id="KC02320386">
<title>Removing the 5 #@#@#20# gear</title>
<grate>
<graphic id="KC02998429">
<href>0900c8af806a911#@#@#9#.jpeg</href>
</graphic>
</grate>
</procstep>
<procstep id="KC02320387">
<title>Removing the be#@#@#3# gear</title>
<grate>
<graphic id="KC02998430">
<href>0900c8af806a911#@#@#9#.jpeg</href>
</graphic>
<graphtext>
<para>
<ptxt>Lift the bevel #@#@#5#down.</ptxt>
<ptxt>Do not damage t#@#@#36#ine. </ptxt>
</para>
</graphtext>
</grate>
</procstep>
</stepgrp>
<stepgrp id="KC02320388">
<title>Installation</title>
<note>
<ptxt>Before installi#@#@#104#See: <xref>
<ref id="KC02998431"/>
</xref>.</ptxt>
</note>
<procstep id="KC02320389">
<title>Installing the #@#@#5# gear</title>
<note>
<ptxt>The bevel gear #@#@#24#oil. </ptxt>
</note>
<grate>
<graphic id="KC02998432">
<href>0900c8af806a911#@#@#9#.jpeg</href>
</graphic>
<graphtext>
<para>
<ptxt>Ensure that mat#@#@#18#lean.</ptxt>
<ptxt>Do not to damag#@#@#24#hose.</ptxt>
</para>
<para>
<ptxt>Install the 5 s#@#@#56#n to <emph>50 Nm</emph>.</ptxt>
</para>
</graphtext>
</grate>
</procstep>
<procstep id="KC02320390">
<title>Installing the #@#@#44#crews</title>
<grate>
<graphic id="KC02998433">
<href>0900c8af806a043#@#@#9#.jpeg</href>
</graphic>
<graphtext>
<list1 enumtype="d">
<title>Install:</title>
<item>
<ptxt>the propeller s#@#@#31# gear</ptxt>
</item>
<item>
<ptxt>the screws. Use#@#@#8#hold <toolitem id="KC02998434"/>. First tighten#@#@#29#n to
<emph>10 Nm</emph>. Then fully ti#@#@#24#n to <emph>25 Nm</emph>. Check that th#@#@#28#ened.</ptxt>
</item>
</list1>
</graphtext>
</grate>
</procstep>
<procstep id="KC02320391">
<title>Installing the #@#@#44#haft </title>
<grate>
<graphic id="KC02998435">
<href>0900c8af806a911#@#@#9#.jpeg</href>
</graphic>
<graphtext>
<list1 enumtype="d">
<title>Install:</title>
<item>
<ptxt>the bracket on #@#@#7#ywork</ptxt>
</item>
<item>
<ptxt>the screws for #@#@#19#n to <emph>25 Nm</emph>
</ptxt>
</item>
<item>
<ptxt>the clamp aroun#@#@#26#n to <emph>25 Nm</emph>. </ptxt>
</item>
</list1>
</graphtext>
</grate>
</procstep>
<procstep id="KC02320392">
<title>Installing the #@#@#37# nuts</title>
<grate>
<graphic id="KC02998436">
<href>0900c8af806a911#@#@#9#.jpeg</href>
</graphic>
<graphtext>
<para>
<ptxt>Tighten the nut#@#@#9#n to <emph>25 Nm</emph>.</ptxt>
</para>
</graphtext>
</grate>
</procstep>
<procstep id="KC02320393">
<title>Installing the #@#@#22#acket</title>
<grate>
<graphic id="KC02998437">
<href>0900c8af806a911#@#@#9#.jpeg</href>
</graphic>
<graphtext>
<list1 enumtype="d">
<title>Install:</title>
<item>
<ptxt>the limiter and#@#@#22#n to <emph>50 Nm</emph>
</ptxt>
</item>
<item>
<ptxt>the holder and #@#@#21#n to <emph>25 Nm</emph>
</ptxt>
</item>
<item>
<ptxt>the screws (3 a#@#@#29#n to <emph>25 Nm</emph>.</ptxt>
</item>
</list1>
</graphtext>
</grate>
</procstep>
<procstep id="KC02320394">
<title>Installing the #@#@#12#shaft</title>
<grate>
<graphic id="KC02998438">
<href>0900c8af8005e74#@#@#9#.jpeg</href>
</graphic>
<graphtext>
<note>
<ptxt>Do not damage t#@#@#43#sion.</ptxt>
</note>
<para>
<ptxt>Press in the dr#@#@#22#ages.</ptxt>
</para>
<para>
<ptxt>Install the bea#@#@#31#n to <emph>25 Nm</emph>.</ptxt>
</para>
</graphtext>
</grate>
</procstep>
<procstep id="KC02320395">
<title>Installing the #@#@#33#crews</title>
<grate>
<graphic id="KC02998439">
<href>0900c8af8005e99#@#@#9#.jpeg</href>
</graphic>
<graphtext>
<para>
<ptxt>Use holder <toolitem id="KC02998440"/> to hold the co#@#@#10#down.</ptxt>
<ptxt>Fold out and tu#@#@#49# hub.</ptxt>
<ptxt>Install the dri#@#@#18#hand.</ptxt>
<ptxt>Remove the holder.</ptxt>
</para>
<note>
<ptxt>Take care not t#@#@#26#oot. </ptxt>
</note>
</graphtext>
</grate>
</procstep>
<procstep id="KC02320396">
<title>Installing the #@#@#26#indle</title>
<grate>
<graphic id="KC02998441">
<href>0900c8af80060fe#@#@#9#.jpeg</href>
</graphic>
<graphtext>
<para>
<ptxt>Clean off any r#@#@#37#ndle.</ptxt>
<ptxt>Lubricate the b#@#@#34#ndle.</ptxt>
<ptxt>Install the bal#@#@#24#ndle.</ptxt>
</para>
<note>
<ptxt>Press the ball #@#@#89#ndle.</ptxt>
</note>
<list1 enumtype="d">
<title>Install:</title>
<item>
<ptxt>the screw for t#@#@#35#n to <emph>50 Nm</emph>
</ptxt>
</item>
<item>
<ptxt>the anti-roll b#@#@#30#n to <emph>50 Nm</emph>
</ptxt>
</item>
<item>
<ptxt>the tie rod wit#@#@#19#n to <emph>70 Nm</emph>. </ptxt>
</item>
</list1>
</graphtext>
</grate>
</procstep>
<procstep id="KC02320397">
<title>Tightening the #@#@#12#screw</title>
<grate>
<graphic id="KC02998442">
<href>0900c8af806a043#@#@#9#.jpeg</href>
</graphic>
<graphtext>
<para>
<ptxt>Tighten the scr#@#@#10#n to <emph>50 Nm</emph>. Counterhold t#@#@#28#iver.</ptxt>
</para>
<para>
<ptxt>Install the bra#@#@#43#n to <emph>10 Nm</emph>.</ptxt>
</para>
<para>
<ptxt>Install the whe#@#@#3# See <xref>
<ref id="KC02998443"/>
</xref>.</ptxt>
</para>
<para>
<title>Test drive the #@#@#21#ction</title>
<ptxt/>
</para>
</graphtext>
</grate>
</procstep>
</stepgrp>
</procedure>
</servinfosub>