<?xml version="1.0" encoding="UTF-8"?><servinfosub IE-ID="en-US0900c8af8067510d" docno="VCC-024634" id="KC02178931" xml:lang="en-US">
<title>
<phrase category="" id="KC08317476" phrase-urn="urn:x-nevis:phrase:0800c8af81dbaceb">Voltage too low</phrase>
</title>
<diagnostic type="test">
<testgrp IE-ID="en-US0900c8af8067510d_KC02211431" id="KC02211431" j2008use="1" paperuse="1" screenuse="1" testgrp-id="dbd1" x="80" y="40">
<title>
<phrase category="" id="KC08317477" phrase-urn="urn:x-nevis:phrase:0800c8af81dbacec">Status message</phrase>
</title>
<node>
<test1>
<diaglist>
<dgraphic>
<dgraphic1>
<graphic id="KC08317478">
<href>0900c8af80054d5#@#@#9#.jpeg</href>
</graphic>
</dgraphic1>
</dgraphic>
<ditem>
<ptxt>
<phrase category="" id="KC08317479" phrase-urn="urn:x-nevis:phrase:0800c8af81dbaced">Ignition on.</phrase>
</ptxt>
</ditem>
</diaglist>
<test2>
<note>
<ptxt>
<phrase category="" id="KC08317480" phrase-urn="urn:x-nevis:phrase:0800c8af81dbacee">To obtain the c#@#@#79#onds <emph>before</emph> the diagnostic#@#@#27# off.</phrase>
</ptxt>
</note>
<ptxt>
<phrase category="" id="KC08317481" phrase-urn="urn:x-nevis:phrase:0800c8af81dbacef">Read off diagno#@#@#19#DTC).</phrase>
</ptxt>
<diaglist>
<dgraphic>
<dgraphic2>
<graphic id="KC08317482">
<href>0900c8af8005433#@#@#9#.jpeg</href>
</graphic>
<smarttool active="press" id="KC08317483" toolname="EA32R"/>
</dgraphic2>
</dgraphic>
<ditem>
<ditemtext>
<ptxt>
<phrase category="" id="KC08317484" phrase-urn="urn:x-nevis:phrase:0800c8af81dbacf0"/>
</ptxt>
</ditemtext>
</ditem>
<ditem>
<ditemtext>
<ptxt>
<phrase category="" id="KC08317485" phrase-urn="urn:x-nevis:phrase:0800c8af81dbacf1"/>
</ptxt>
</ditemtext>
</ditem>
</diaglist>
</test2>
</test1>
<question>Is the status P#@#@#20#ayed?</question>
<resact-grp>
<result button="yes" comp="button" highlight="0"/>
<action j2008use="1" paperuse="1" screenuse="1">
<ptxt>
<xref>
<ref id="KC08317486"/>
</xref>
</ptxt>
</action>
</resact-grp>
<resact-grp>
<result button="no" comp="button" highlight="0"/>
<action j2008use="1" paperuse="1" screenuse="1">
<ptxt>
<xref>
<ref id="KC08317487"/>
</xref>
</ptxt>
</action>
</resact-grp>
</node>
</testgrp>
<testgrp id="KC02211432" j2008use="1" paperuse="1" screenuse="1" testgrp-id="dbd2" x="80" y="120">
<title>
<phrase category="" id="KC08317488" phrase-urn="urn:x-nevis:phrase:0800c8af81dbacf2">Checking batter#@#@#4#ltage</phrase>
</title>
<node>
<test1>
<diaglist>
<dgraphic>
<dgraphic1>
<graphic id="KC08317489">
<href>0900c8af80054d3#@#@#9#.jpeg</href>
</graphic>
</dgraphic1>
</dgraphic>
<ditem>
<ptxt>
<phrase category="" id="KC08317490" phrase-urn="urn:x-nevis:phrase:0800c8af81dbacf3">Engine idling</phrase>
</ptxt>
</ditem>
</diaglist>
<test2>
<ptxt>
<phrase category="" id="KC08317491" phrase-urn="urn:x-nevis:phrase:0800c8af81dbacf4">Connect a voltm#@#@#52#nals.</phrase>
</ptxt>
<diaglist>
<dgraphic>
<dgraphic2>
<graphic id="KC08317492">
<href>0900c8af80054d4#@#@#9#.jpeg</href>
</graphic>
<smarttool active="press" id="KC08317493" toolname="VDCDAH"/>
</dgraphic2>
</dgraphic>
<ditem>
<ditemtext>
<ptxt>
<phrase category="" id="KC08317494" phrase-urn="urn:x-nevis:phrase:0800c8af81dbacf5"/>
</ptxt>
</ditemtext>
</ditem>
</diaglist>
<grate>
<graphic id="KC08317495">
<href>0900c8af80054d6#@#@#9#.jpeg</href>
</graphic>
</grate>
</test2>
</test1>
<question>The voltmeter s#@#@#13#-15V.</question>
<resact-grp>
<result button="ok" comp="button" highlight="0"/>
<action j2008use="0" paperuse="1" screenuse="0">
<ptxt>
<xref>
<ref id="KC08317496"/>
</xref>
</ptxt>
</action>
<action j2008use="1" paperuse="0" screenuse="1">
<ptxt>
<xref>
<ref id="KC08317497"/>
</xref>
</ptxt>
</action>
</resact-grp>
<resact-grp>
<result button="notok" comp="button" highlight="0"/>
<action j2008use="1" paperuse="1" screenuse="1">
<ptxt>
<xref>
<ref id="KC08317498"/>
</xref>
</ptxt>
</action>
</resact-grp>
</node>
</testgrp>
<testgrp id="KC02211433" j2008use="1" paperuse="1" screenuse="1" testgrp-id="dbd2-1" x="240" y="120">
<title>
<phrase category="" id="KC08317499" phrase-urn="urn:x-nevis:phrase:0800c8af81dbacf6">Checking the ch#@#@#8#ystem</phrase>
</title>
<node>
<test1>
<test2>
<ptxt>
<phrase category="" id="KC08317500" phrase-urn="urn:x-nevis:phrase:0800c8af81dbacf7">Check charging #@#@#92#/700.</phrase>
</ptxt>
</test2>
</test1>
<question>Select "Continu#@#@#31#ired.</question>
<resact-grp>
<result button="cont" comp="button" highlight="0"/>
<action j2008use="1" paperuse="1" screenuse="1">
<ptxt>
<xref>
<ref id="KC08317501"/>
</xref>
</ptxt>
</action>
</resact-grp>
</node>
</testgrp>
<testgrp id="KC02211434" j2008use="0" paperuse="1" resumable="1" screenuse="0" testgrp-id="dbd3-0paper" x="120" y="200">
<title>
<phrase category="" id="KC08317502" phrase-urn="urn:x-nevis:phrase:0800c8af81dbacf8">Connecting the #@#@#7#t box</phrase>
</title>
<node>
<test1>
<diaglist>
<dgraphic>
<dgraphic1>
<graphic id="KC08317503">
<href>0900c8af80054d4#@#@#9#.jpeg</href>
</graphic>
</dgraphic1>
<dgraphic3>
<graphic id="KC08317504">
<href>0900c8af80054cc#@#@#9#.jpeg</href>
</graphic>
</dgraphic3>
</dgraphic>
<ditem>
<ptxt>
<phrase category="" id="KC08317505" phrase-urn="urn:x-nevis:phrase:0800c8af81dbacf9">Ignition off.</phrase>
</ptxt>
</ditem>
</diaglist>
<test2>
<ptxt>
<phrase category="" id="KC08317506" phrase-urn="urn:x-nevis:phrase:0800c8af81dbacfa">Connect the bre#@#@#45#g to <xref>
<ref id="KC08317507"/>
</xref>.</phrase>
</ptxt>
<diaglist>
<dgraphic>
<dgraphic1>
<graphic id="KC08317508">
<href>0900c8af8005444#@#@#9#.jpeg</href>
</graphic>
</dgraphic1>
<dgraphic2>
<graphic id="KC08317509">
<href>0900c8af80054d4#@#@#9#.jpeg</href>
</graphic>
<smarttool id="KC08317510" toolname="ODA"/>
</dgraphic2>
</dgraphic>
<ditem>
<ditemtext>
<ptxt>
<phrase category="" id="KC08317511" phrase-urn="urn:x-nevis:phrase:0800c8af81dbacfb"/>
</ptxt>
</ditemtext>
</ditem>
</diaglist>
</test2>
</test1>
<question>Select "Continue".</question>
<resact-grp>
<result button="cont" comp="button" highlight="0"/>
<action j2008use="0" paperuse="1" screenuse="0">
<ptxt>
<xref>
<ref id="KC08317512"/>
</xref>
</ptxt>
</action>
</resact-grp>
</node>
</testgrp>
<testgrp id="KC02211435" j2008use="1" paperuse="0" resumable="1" screenuse="1" testgrp-id="dbd3-0screen">
<title>
<phrase category="" id="KC08317513" phrase-urn="urn:x-nevis:phrase:0800c8af81dbacfc">Connecting the #@#@#7#t box</phrase>
</title>
<iecalloutnode>
<diagcallout>
<xref>
<ref id="KC08317514"/>
</xref>
</diagcallout>
<test1>
<test2/>
</test1>
<question/>
<resact-grp>
<result comp="string" highlight="0" op="eq" return="CONNECTED"/>
<action j2008use="1" paperuse="0" screenuse="1">
<ptxt>
<xref>
<ref id="KC08317515"/>
</xref>
</ptxt>
</action>
</resact-grp>
<resact-grp>
<result comp="string" highlight="0" op="eq" return="FAULT FOUND"/>
<action j2008use="1" paperuse="0" screenuse="1">
<ptxt>
<xref>
<ref id="KC08317516"/>
</xref>
</ptxt>
</action>
</resact-grp>
<resact-grp>
<result comp="string" highlight="0" op="eq" return="FAULT NOT FOUND"/>
<action j2008use="1" paperuse="0" screenuse="1">
<ptxt>
<xref>
<ref id="KC08317517"/>
</xref>
</ptxt>
</action>
</resact-grp>
<resact-grp>
<result comp="string" highlight="0" op="eq" return="FAULTTRACING FAILED"/>
<action j2008use="1" paperuse="0" screenuse="1">
<ptxt>
<xref>
<ref id="KC08317518"/>
</xref>
</ptxt>
</action>
</resact-grp>
</iecalloutnode>
</testgrp>
<testgrp id="KC02211436" j2008use="1" paperuse="1" screenuse="1" testgrp-id="dbd3" x="80" y="200">
<title>
<phrase category="" id="KC08317519" phrase-urn="urn:x-nevis:phrase:0800c8af81dbacfd">Checking power #@#@#23#odule</phrase>
</title>
<node>
<test1>
<diaglist>
<dgraphic>
<dgraphic1>
<graphic id="KC08317520">
<href>0900c8af80054d4#@#@#9#.jpeg</href>
</graphic>
</dgraphic1>
<dgraphic3>
<graphic id="KC08317521">
<href>0900c8af80054cc#@#@#9#.jpeg</href>
</graphic>
</dgraphic3>
</dgraphic>
<ditem>
<ptxt>
<phrase category="" id="KC08317522" phrase-urn="urn:x-nevis:phrase:0800c8af81dbacfe">Ignition off.</phrase>
</ptxt>
</ditem>
<ditem>
<ptxt>
<phrase category="" id="KC08317523" phrase-urn="urn:x-nevis:phrase:0800c8af81dbacff">Control module #@#@#8#cted.</phrase>
</ptxt>
</ditem>
</diaglist>
<test2>
<ptxt>
<phrase category="" id="KC08317524" phrase-urn="urn:x-nevis:phrase:0800c8af81dbad00">Connect a voltm#@#@#41#box. </phrase>
</ptxt>
<diaglist>
<dgraphic>
<dgraphic1>
<graphic id="KC08317525">
<href>0900c8af8005444#@#@#9#.jpeg</href>
</graphic>
</dgraphic1>
<dgraphic2>
<graphic id="KC08317526">
<href>0900c8af80054d4#@#@#9#.jpeg</href>
</graphic>
<smarttool id="KC08317527" toolname="VDCDA"/>
</dgraphic2>
</dgraphic>
<ditem>
<ditemtext>
<ptxt>
<phrase category="" id="KC08317528" phrase-urn="urn:x-nevis:phrase:0800c8af81dbad01"/>
</ptxt>
</ditemtext>
</ditem>
</diaglist>
</test2>
</test1>
<question>The voltmeter s#@#@#36#tage.</question>
<resact-grp>
<result button="ok" comp="button" highlight="0"/>
<action j2008use="1" paperuse="1" screenuse="1">
<ptxt>
<xref>
<ref id="KC08317529"/>
</xref>
</ptxt>
</action>
</resact-grp>
<resact-grp>
<result button="notok" comp="button" highlight="0"/>
<action j2008use="1" paperuse="1" screenuse="1">
<ptxt>
<xref>
<ref id="KC08317530"/>
</xref>
</ptxt>
</action>
</resact-grp>
</node>
</testgrp>
<testgrp id="KC02211437" j2008use="1" paperuse="1" screenuse="1" testgrp-id="dbd3-1" x="240" y="200">
<title>
<phrase category="" id="KC08317531" phrase-urn="urn:x-nevis:phrase:0800c8af81dbad02">Checking for co#@#@#25#ation</phrase>
</title>
<node>
<test1>
<diaglist>
<dgraphic>
<dgraphic1>
<graphic id="KC08317532">
<href>0900c8af80054d4#@#@#9#.jpeg</href>
</graphic>
</dgraphic1>
</dgraphic>
<ditem>
<ptxt>
<phrase category="" id="KC08317533" phrase-urn="urn:x-nevis:phrase:0800c8af81dbad03">Ignition off.</phrase>
</ptxt>
</ditem>
</diaglist>
<test2>
<ptxt>
<phrase category="" id="KC08317534" phrase-urn="urn:x-nevis:phrase:0800c8af81dbad04">The cause of th#@#@#179#g to <xref>
<ref id="KC08317535"/>
</xref>.</phrase>
</ptxt>
<grate>
<graphic id="KC08317536">
<href>0900c8af803f545#@#@#9#.jpeg</href>
</graphic>
</grate>
</test2>
</test1>
<question>Select "Continu#@#@#31#ired.</question>
<resact-grp>
<result button="cont" comp="button" highlight="0"/>
<action j2008use="1" paperuse="1" screenuse="1">
<ptxt>
<xref>
<ref id="KC08317537"/>
</xref>
</ptxt>
</action>
</resact-grp>
</node>
</testgrp>
<testgrp id="KC02211438" j2008use="1" paperuse="1" resumable="1" screenuse="1" testgrp-id="dbd4">
<title>
<phrase category="" id="KC08317538" phrase-urn="urn:x-nevis:phrase:0800c8af81dbad05">Checking fuse 11 B/1</phrase>
</title>
<node>
<test1>
<test2>
<ptxt>
<phrase category="" id="KC08317539" phrase-urn="urn:x-nevis:phrase:0800c8af81dbad06">Check that fuse#@#@#13#tact.</phrase>
</ptxt>
<grate>
<graphic id="KC08317540" width="column">
<href>0900c8af80054d5#@#@#9#.jpeg</href>
</graphic>
</grate>
</test2>
</test1>
<question>Is the fuse intact?</question>
<resact-grp>
<result button="yes" comp="button" highlight="0"/>
<action j2008use="1" paperuse="1" screenuse="1">
<ptxt>
<xref>
<ref id="KC08317541"/>
</xref>
</ptxt>
</action>
</resact-grp>
<resact-grp>
<result button="no" comp="button" highlight="0"/>
<action j2008use="1" paperuse="1" screenuse="1">
<ptxt>
<xref>
<ref id="KC08317542"/>
</xref>
</ptxt>
</action>
</resact-grp>
</node>
</testgrp>
<testgrp id="KC02211439" j2008use="1" paperuse="1" resumable="1" screenuse="1" testgrp-id="dbd4-1">
<title>
<phrase category="" id="KC08317543" phrase-urn="urn:x-nevis:phrase:0800c8af81dbad07">Checking for a #@#@#8#rcuit</phrase>
</title>
<node>
<test1>
<test2>
<ptxt>
<phrase category="" id="KC08317544" phrase-urn="urn:x-nevis:phrase:0800c8af81dbad08">Check circuit a#@#@#48#g to <xref>
<ref id="KC08317545"/>
</xref>. For further i#@#@#84#996- </phrase>
</ptxt>
<ptxt>
<phrase category="" id="KC08317546" phrase-urn="urn:x-nevis:phrase:0800c8af81dbad09">Then replace th#@#@#2#fuse.</phrase>
</ptxt>
<diaglist>
<dgraphic>
<dgraphic2>
<graphic id="KC08317547">
<href>0900c8af80054d4#@#@#9#.jpeg</href>
</graphic>
<smarttool active="press" id="KC08317548" toolname="ODAH"/>
</dgraphic2>
</dgraphic>
<ditem>
<ditemtext>
<ptxt>
<phrase category="" id="KC08317549" phrase-urn="urn:x-nevis:phrase:0800c8af81dbad0a"/>
</ptxt>
</ditemtext>
</ditem>
</diaglist>
<grate>
<graphic id="KC08317550">
<href>0900c8af800570b#@#@#9#.jpeg</href>
</graphic>
</grate>
</test2>
</test1>
<question>Select "Continu#@#@#31#ired.</question>
<resact-grp>
<result button="cont" comp="button" highlight="0"/>
<action j2008use="1" paperuse="1" screenuse="1">
<ptxt>
<xref>
<ref id="KC08317551"/>
</xref>
</ptxt>
</action>
</resact-grp>
</node>
</testgrp>
<testgrp id="KC02211440" j2008use="1" paperuse="1" resumable="1" screenuse="1" testgrp-id="dbd5">
<title>
<phrase category="" id="KC08317552" phrase-urn="urn:x-nevis:phrase:0800c8af81dbad0b">Checking voltag#@#@#12# fuse</phrase>
</title>
<node>
<test1>
<diaglist>
<dgraphic>
<dgraphic1>
<graphic id="KC08317553">
<href>0900c8af80054d4#@#@#9#.jpeg</href>
</graphic>
</dgraphic1>
</dgraphic>
<ditem>
<ptxt>
<phrase category="" id="KC08317554" phrase-urn="urn:x-nevis:phrase:0800c8af81dbad0c">Ignition off.</phrase>
</ptxt>
</ditem>
</diaglist>
<test2>
<ptxt>
<phrase category="" id="KC08317555" phrase-urn="urn:x-nevis:phrase:0800c8af81dbad0d">Connect a voltm#@#@#70#ound.</phrase>
</ptxt>
<diaglist>
<dgraphic>
<dgraphic2>
<graphic id="KC08317556">
<href>0900c8af80054d4#@#@#9#.jpeg</href>
</graphic>
<smarttool active="press" id="KC08317557" toolname="VDCDAH"/>
</dgraphic2>
</dgraphic>
<ditem>
<ditemtext>
<ptxt>
<phrase category="" id="KC08317558" phrase-urn="urn:x-nevis:phrase:0800c8af81dbad0e"/>
</ptxt>
</ditemtext>
</ditem>
</diaglist>
<grate>
<graphic id="KC08317559">
<href>0900c8af8067514#@#@#9#.jpeg</href>
</graphic>
</grate>
</test2>
</test1>
<question>The voltmeter s#@#@#22#tage.</question>
<resact-grp>
<result button="ok" comp="button" highlight="0"/>
<action j2008use="1" paperuse="1" screenuse="1">
<ptxt>
<xref>
<ref id="KC08317560"/>
</xref>
</ptxt>
</action>
</resact-grp>
<resact-grp>
<result button="notok" comp="button" highlight="0"/>
<action j2008use="1" paperuse="1" screenuse="1">
<ptxt>
<xref>
<ref id="KC08317561"/>
</xref>
</ptxt>
</action>
</resact-grp>
</node>
</testgrp>
<testgrp id="KC02211441" j2008use="1" paperuse="1" resumable="1" screenuse="1" testgrp-id="dbd5-1">
<title>
<phrase category="" id="KC08317562" phrase-urn="urn:x-nevis:phrase:0800c8af81dbad0f">Checking for an#@#@#8#rcuit</phrase>
</title>
<node>
<test1>
<test2>
<ptxt>
<phrase category="" id="KC08317563" phrase-urn="urn:x-nevis:phrase:0800c8af81dbad10">Check cable bet#@#@#87#g to <xref>
<ref id="KC08317564"/>
</xref>. </phrase>
</ptxt>
<diaglist>
<dgraphic>
<dgraphic2>
<graphic id="KC08317565">
<href>0900c8af80054d4#@#@#9#.jpeg</href>
</graphic>
<smarttool active="press" id="KC08317566" toolname="ODAH"/>
</dgraphic2>
</dgraphic>
<ditem>
<ditemtext>
<ptxt>
<phrase category="" id="KC08317567" phrase-urn="urn:x-nevis:phrase:0800c8af81dbad11"/>
</ptxt>
</ditemtext>
</ditem>
</diaglist>
<grate>
<graphic id="KC08317568">
<href>0900c8af800570b#@#@#9#.jpeg</href>
</graphic>
</grate>
</test2>
</test1>
<question>Select "Continu#@#@#31#ired.</question>
<resact-grp>
<result button="cont" comp="button" highlight="0"/>
<action j2008use="1" paperuse="1" screenuse="1">
<ptxt>
<xref>
<ref id="KC08317569"/>
</xref>
</ptxt>
</action>
</resact-grp>
</node>
</testgrp>
<testgrp id="KC02211442" j2008use="1" paperuse="1" resumable="1" screenuse="1" testgrp-id="dbd5-2">
<title>
<phrase category="" id="KC08317570" phrase-urn="urn:x-nevis:phrase:0800c8af81dbad12">Checking for an#@#@#23#1 A/4</phrase>
</title>
<node>
<test1>
<test2>
<ptxt>
<phrase category="" id="KC08317571" phrase-urn="urn:x-nevis:phrase:0800c8af81dbad13">Check cable bet#@#@#61#g to <xref>
<ref id="KC08317572"/>
</xref>.</phrase>
</ptxt>
<diaglist>
<dgraphic>
<dgraphic2>
<graphic id="KC08317573">
<href>0900c8af80054d4#@#@#9#.jpeg</href>
</graphic>
<smarttool active="press" id="KC08317574" toolname="ODAH"/>
</dgraphic2>
</dgraphic>
<ditem>
<ditemtext>
<ptxt>
<phrase category="" id="KC08317575" phrase-urn="urn:x-nevis:phrase:0800c8af81dbad14"/>
</ptxt>
</ditemtext>
</ditem>
</diaglist>
<grate>
<graphic id="KC08317576" width="column">
<href>0900c8af800570b#@#@#9#.jpeg</href>
</graphic>
</grate>
</test2>
</test1>
<question>Select "Continu#@#@#31#ired.</question>
<resact-grp>
<result button="cont" comp="button" highlight="0"/>
<action j2008use="1" paperuse="1" screenuse="1">
<ptxt>
<xref>
<ref id="KC08317577"/>
</xref>
</ptxt>
</action>
</resact-grp>
</node>
</testgrp>
<testgrp id="KC02211443" j2008use="1" paperuse="1" screenuse="1" testgrp-id="dbdveri" x="400" y="40">
<title>
<phrase category="" id="KC08317578" phrase-urn="urn:x-nevis:phrase:0800c8af81dbad15">Verification</phrase>
</title>
<subcalloutnode>
<diagcallout>
<xref>
<ref id="KC08317579"/>
</xref>
</diagcallout>
<rescall-grp>
<result comp="string" highlight="0" op="eq" return="VERIFIED"/>
<calloutaction>
<return value="FAULT FOUND"/>
</calloutaction>
</rescall-grp>
<rescall-grp>
<result comp="string" highlight="0" op="eq" return="VERIFICATION FAILED"/>
<calloutaction>
<ptxt>
<xref>
<ref id="KC08317580"/>
</xref>
</ptxt>
</calloutaction>
</rescall-grp>
</subcalloutnode>
</testgrp>
<testgrp id="KC02211444" j2008use="1" paperuse="1" screenuse="1" testgrp-id="info1" x="560" y="40">
<title>
<phrase category="" id="KC08317581" phrase-urn="urn:x-nevis:phrase:0800c8af81dbad16">Fault-tracing i#@#@#5#ation</phrase>
</title>
<subcalloutnode>
<diagcallout>
<xref>
<ref id="KC08317582"/>
</xref>
</diagcallout>
<rescall-grp>
<result comp="string" highlight="0" op="eq" return="FAULTTRACING FAILED"/>
<calloutaction>
<return value="FAULTTRACING FAILED"/>
</calloutaction>
</rescall-grp>
<rescall-grp>
<result comp="string" highlight="0" op="eq" return="NEW TRY"/>
<calloutaction>
<ptxt>
<xref>
<ref id="KC08317583"/>
</xref>
</ptxt>
</calloutaction>
</rescall-grp>
</subcalloutnode>
</testgrp>
<testgrp id="KC02211445" j2008use="1" paperuse="1" screenuse="1" testgrp-id="dbdint" x="400" y="120">
<title>
<phrase category="" id="KC08317584" phrase-urn="urn:x-nevis:phrase:0800c8af81dbad17">Intermittent fault</phrase>
</title>
<subcalloutnode>
<diagcallout>
<xref>
<ref id="KC08317585"/>
</xref>
</diagcallout>
<rescall-grp>
<result comp="string" highlight="0" op="eq" return="FAULT FOUND"/>
<calloutaction>
<return value="FAULT FOUND"/>
</calloutaction>
</rescall-grp>
<rescall-grp>
<result comp="string" highlight="0" op="eq" return="NEW TRY"/>
<calloutaction>
<ptxt>
<xref>
<ref id="KC08317586"/>
</xref>
</ptxt>
</calloutaction>
</rescall-grp>
<rescall-grp>
<result comp="string" highlight="0" op="eq" return="DONE"/>
<calloutaction>
<return value="DONE"/>
</calloutaction>
</rescall-grp>
</subcalloutnode>
</testgrp>
</diagnostic>
</servinfosub>