<?xml version="1.0" encoding="UTF-8"?><servinfosub IE-ID="en-US0900c8af84b5010d" docno="VCC-402330" id="nev15008298n1" xml:lang="en-US">
<title>
<phrase category="Title" id="nev15008298n2" phrase-urn="urn:x-nevis:phrase:0800c8af81eb9a54">Diagnostic trou#@#@#21#ation</phrase>
<phrase category="Prefix" id="nev15008298n3" phrase-urn="urn:x-nevis:phrase:0800c8af8015c3f5">ECM</phrase>-P010131</title>
<diagnostic j2008use="1" paperuse="1" screenuse="1" type="condition">
<condgrp>
<condition type="condition">
<grate>
<graphic id="nev15008298n4">
<href>0900c8af8005787#@#@#9#.jpeg</href>
</graphic>
<graphtext>
<para>
<ptxt>
<phrase category="Condition" id="nev15008298n5" phrase-urn="urn:x-nevis:phrase:0800c8af8245a2b3">The engine cont#@#@#162#tics.</phrase>
</ptxt>
<ptxt>
<phrase category="Condition" id="nev15008298n6" phrase-urn="urn:x-nevis:phrase:0800c8af82c4843c">The diagnostic #@#@#59#that:</phrase>
</ptxt>
</para>
<list1 id="nev15008298n7">
<item id="nev15008298n8">
<ptxt id="nev15008298n9">
<phrase category="Condition" id="nev15008298n10" phrase-urn="urn:x-nevis:phrase:0800c8af82c6a7c5">The signal is o#@#@#19#ange.</phrase>
</ptxt>
</item>
</list1>
<para id="nev15008299n1">
<ptxt id="nev15008299n2">
<phrase category="Condition" id="nev15008299n3" phrase-urn="urn:x-nevis:phrase:0800c8af82c479d6">The control mod#@#@#67#t of:</phrase>
</ptxt>
</para>
<list1 id="nev15008299n4">
<item id="nev15008299n5">
<ptxt id="nev15008299n6">
<phrase category="Condition" id="nev15008299n7" phrase-urn="urn:x-nevis:phrase:0800c8af83023a3b">Engine running.</phrase>
</ptxt>
</item>
</list1>
</graphtext>
</grate>
</condition>
</condgrp>
<condgrp>
<condition type="substitution">
<list1 enumtype="d" type="unordered">
<item>
<ptxt>
<phrase category="" id="nev15008299n8" phrase-urn="urn:x-nevis:phrase:0800c8af81aa09fc">Calculated air mass</phrase>
</ptxt>
</item>
<item>
<ptxt>
<phrase category="" id="nev15008299n9" phrase-urn="urn:x-nevis:phrase:0800c8af81aa09fd">Rear heated oxy#@#@#29#t off</phrase>
</ptxt>
</item>
<item>
<ptxt>
<phrase category="" id="nev15008299n10" phrase-urn="urn:x-nevis:phrase:0800c8af81aa09fe">Misfire diagnos#@#@#8# off.</phrase>
</ptxt>
</item>
<item id="nev15016147n100">
<ptxt id="nev15016147n99">
<phrase category="Substitution" id="nev15016148n1" phrase-urn="urn:x-nevis:phrase:0800c8af838f1674">Torque limitation</phrase>
</ptxt>
</item>
</list1>
</condition>
<ps>
<list1 enumtype="d" type="unordered">
<item>
<ptxt>
<phrase category="" id="nev15008300n1" phrase-urn="urn:x-nevis:phrase:0800c8af81aa0a02">Open-circuit in#@#@#12#cable</phrase>
</ptxt>
</item>
<item>
<ptxt>
<phrase category="" id="nev15008300n2" phrase-urn="urn:x-nevis:phrase:0800c8af81aa0a03">Open-circuit in#@#@#12#upply</phrase>
</ptxt>
</item>
<item>
<ptxt>
<phrase category="" id="nev15008300n3" phrase-urn="urn:x-nevis:phrase:0800c8af81aa0a01">Short-circuit t#@#@#23#cable</phrase>
</ptxt>
</item>
<item>
<ptxt>
<phrase category="" id="nev15008300n4" phrase-urn="urn:x-nevis:phrase:0800c8af81aa0a00">Contact resista#@#@#43#ctors</phrase>
</ptxt>
</item>
<item>
<ptxt>
<phrase category="" id="nev15008300n5" phrase-urn="urn:x-nevis:phrase:0800c8af81aa0a04">Damaged mass ai#@#@#15#nsor.</phrase>
</ptxt>
</item>
</list1>
</ps>
</condgrp>
<condgrp>
<condition type="symptom">
<list1 enumtype="d" type="unordered">
<item>
<ptxt>
<phrase category="Symptom CSC" id="nev15016150n1" phrase-urn="urn:x-nevis:phrase:0800c8af8388f019">AJ, Driving/Poo#@#@#20#power</phrase>
</ptxt>
</item>
</list1>
</condition>
</condgrp>
</diagnostic>
</servinfosub>