<?xml version="1.0" encoding="UTF-8"?><servinfosub IE-ID="en-US0900c8af806a810d" docno="VCC-106329" id="KC02183336" servinfosubId="nev20687153n1-nev20687153n2" servinfosubRes="0900c8af862c2ef1" servinfosubRes2="urn:x-nevis:fragment:0900c8af806a810d:0900c8af862c2ef1#nev20687153n2" xml:lang="en-US">
<title>Rear suspension</title>
<topic>
<title/>
<grate pgwide="1">
<graphic id="nev20687153n1-KC08666818" width="page">
<href>0900c8af806a811#@#@#9#.jpeg</href>
</graphic>
</grate>
</topic>
<topic>
<title/>
<list1 enumtype="n" type="ordered">
<item>
<ptxt>Track rod</ptxt>
</item>
<item>
<ptxt>Anti-roll bar</ptxt>
</item>
<item>
<ptxt>Upper control arm</ptxt>
</item>
<item>
<ptxt>Lower control arm</ptxt>
</item>
<item>
<ptxt>Support arm</ptxt>
</item>
</list1>
</topic>
<topic>
<title>Rear suspension</title>
<para>
<ptxt>Two section rea#@#@#27#num. </ptxt>
<ptxt>The member is m#@#@#45#rews.</ptxt>
</para>
<para>
<ptxt>Final drive wit#@#@#147#work.</ptxt>
</para>
<para>
<ptxt>The camber is c#@#@#71#ion. </ptxt>
<ptxt>The camber cann#@#@#11#ted. </ptxt>
<ptxt>The upper contr#@#@#72#num. </ptxt>
<ptxt>Both the upper #@#@#176#them.</ptxt>
</para>
<para>
<ptxt>The track rod c#@#@#12#in. 
</ptxt>
<ptxt>The toe-in angl#@#@#52#ings.</ptxt>
</para>
<para>
<ptxt>Forward facing #@#@#24#eel. </ptxt>
<ptxt>The support arm#@#@#278#arms.</ptxt>
</para>
<para>
<ptxt>Shock absorbers#@#@#40#rd. 
</ptxt>
<ptxt>The shock absor#@#@#75#arms.</ptxt>
</para>
<para>
<ptxt>The anti-roll b#@#@#85#arms.</ptxt>
</para>
</topic>
</servinfosub>