<?xml version="1.0" encoding="UTF-8"?><servinfosub IE-ID="en-US0900c8af8064510d" docno="VCC-071300" id="KC02028514" xml:lang="en-US">
<title>Removing/instal#@#@#31#ion)
</title>
<subtitle>and replacing s#@#@#13#ining</subtitle>
<procedure>
<stepgrp id="KC02026025">
<title>Remove:</title>
<procstep>
<title/>
<ptxt>The sun roof ba#@#@#57#rame.</ptxt>
</procstep>
<procstep id="KC02210360">
<title>Remove:</title>
<grate>
<graphic id="KC08492234" width="column">
<href>0900c8af806451a#@#@#9#.jpeg</href>
</graphic>
<graphtext>
<list1 enumtype="d">
<item>
<ptxt>front and side #@#@#24# 12).</ptxt>
</item>
</list1>
<ptxt/>
<ptxt>Lift out wind d#@#@#19#ings.</ptxt>
</graphtext>
</grate>
<grate>
<graphic id="KC08492235" width="column">
<href>0900c8af806451b#@#@#9#.jpeg</href>
</graphic>
<graphtext>
<ptxt/>
<ptxt>Press down and #@#@#35#des.
</ptxt>
<ptxt/>
<ptxt>Pull so that th#@#@#38#ttle.</ptxt>
</graphtext>
</grate>
<grate>
<graphic id="KC08492236" width="column">
<href>0900c8af806451c#@#@#9#.jpeg</href>
</graphic>
<graphtext>
<ptxt/>
<ptxt>Pull out frame.</ptxt>
<ptxt/>
<ptxt>Remove and, if #@#@#34#ning.</ptxt>
</graphtext>
</grate>
<grate>
<graphic id="KC08492237" width="column">
<href>0900c8af8012cd5#@#@#9#.jpeg</href>
</graphic>
<graphtext>
<ptxt>Apply a bead of#@#@#90#d C.
</ptxt>
<ptxt/>
<note>
<ptxt>Lubricate the s#@#@#73#sily.</ptxt>
</note>
</graphtext>
</grate>
</procstep>
</stepgrp>
<procstep id="KC02264797">
<title>Install:</title>
<grate>
<graphic id="KC08492238" width="column">
<href>0900c8af806451d#@#@#9#.jpeg</href>
</graphic>
<graphtext>
<ptxt>Position sun ro#@#@#42#ion).</ptxt>
<note>
<ptxt>Ensure that the#@#@#54#tion.</ptxt>
</note>
<ptxt>Install frame i#@#@#1# car.</ptxt>
<ptxt/>
<ptxt>Insert frame in#@#@#16#late.</ptxt>
<ptxt>Ensure that the#@#@#59#oles.</ptxt>
<ptxt/>
<ptxt>Position the si#@#@#23#ings.</ptxt>
<ptxt>screw frame int#@#@#26#late.</ptxt>
<ptxt>Install wind de#@#@#3#ctor.</ptxt>
</graphtext>
</grate>
<grate>
<graphic id="KC08492239" width="column">
<href>0900c8af8064505#@#@#9#.jpeg</href>
</graphic>
<graphtext>
<ptxt/>
<ptxt>Put guide mecha#@#@#30#ion).</ptxt>
</graphtext>
</grate>
<grate>
<graphic id="KC08492240" width="column">
<href>0900c8af8012c67#@#@#9#.jpeg</href>
</graphic>
<graphtext>
<ptxt>Check that the #@#@#37# pin.</ptxt>
<ptxt>If not: slacken#@#@#84#ion.
</ptxt>
<ptxt/>
<ptxt>Manual Control:#@#@#21#ank.
</ptxt>
<ptxt/>
<ptxt>Electrical cont#@#@#36#otor.</ptxt>
<ptxt/>
<ptxt>Install sun roo#@#@#2#(see <xref>
<ref id="KC08492241"/>
</xref>).</ptxt>
</graphtext>
</grate>
</procstep>
</procedure>
</servinfosub>