<?xml version="1.0" encoding="UTF-8"?><servinfosub IE-ID="en-US0900c8af8431610d" docno="VCC-158256" id="KC06256111" xml:lang="en-US">
<title>
<phrase category="" id="KC07201614" phrase-urn="urn:x-nevis:phrase:0800c8af81a96502">Diagnostic trou#@#@#21#ation</phrase>
</title>
<diagnostic j2008use="1" paperuse="1" screenuse="1" type="condition">
<condgrp>
<condition type="condition">
<grate>
<graphic id="KC07201615" width="column">
<href>0900c8af8005bd3#@#@#9#.jpeg</href>
</graphic>
<graphtext>
<ptxt>
<phrase category="" id="KC07201616" phrase-urn="urn:x-nevis:phrase:0800c8af81a96503">The diagnostic #@#@#203#d on.</phrase>
</ptxt>
<list1 enumtype="d" type="unordered">
<item>
<ptxt>
<phrase category="" id="KC07201617" phrase-urn="urn:x-nevis:phrase:0800c8af81a96504">SUM-0112: Solen#@#@#10#front</phrase>
</ptxt>
</item>
<item>
<ptxt>
<phrase category="" id="KC07201618" phrase-urn="urn:x-nevis:phrase:0800c8af81a96505">SUM-0122: Solen#@#@#11#front</phrase>
</ptxt>
</item>
<item>
<ptxt>
<phrase category="" id="KC07201619" phrase-urn="urn:x-nevis:phrase:0800c8af81a96506">SUM-0132: Solen#@#@#9# rear</phrase>
</ptxt>
</item>
<item>
<ptxt>
<phrase category="" id="KC07201620" phrase-urn="urn:x-nevis:phrase:0800c8af81a96508">SUM-0142: Solen#@#@#11#rear.</phrase>
</ptxt>
</item>
</list1>
<note id="nev13465441n100">
<ptxt id="nev13465441n99">
<phrase category="Condition" id="nev13465443n1" phrase-urn="urn:x-nevis:phrase:0800c8af842e5b71">The test is car#@#@#32#ycle.</phrase>
<phrase category="Condition" id="nev13465444n1" phrase-urn="urn:x-nevis:phrase:0800c8af842e5b7c">The Suspension #@#@#67# off.</phrase>
</ptxt>
</note>
</graphtext>
</grate>
</condition>
</condgrp>
<condgrp>
<condition type="substitution">
<list1 enumtype="d" type="unordered">
<item>
<ptxt>
<phrase category="" id="KC07201621" phrase-urn="urn:x-nevis:phrase:0800c8af81a96509">The Four-C (Con#@#@#53#cked.</phrase>
</ptxt>
</item>
</list1>
<hint>
<ptxt>
<phrase category="" id="KC07201622" phrase-urn="urn:x-nevis:phrase:0800c8af81a9650a">For information#@#@#47# see <xref>
<ref id="KC07201623"/>
</xref>.</phrase>
</ptxt>
</hint>
</condition>
<ps>
<list1 enumtype="d" type="unordered">
<item>
<ptxt>
<phrase category="" id="KC07201624" phrase-urn="urn:x-nevis:phrase:0800c8af81a9650b">Short-circuit t#@#@#53#cable</phrase>
</ptxt>
</item>
<item>
<ptxt>
<phrase category="" id="KC07201625" phrase-urn="urn:x-nevis:phrase:0800c8af81a9650c">Damaged solenoid.</phrase>
</ptxt>
</item>
</list1>
</ps>
</condgrp>
<condgrp>
<condition type="symptom">
<list1 enumtype="d" type="unordered">
<item>
<ptxt>
<phrase category="" id="KC07201626" phrase-urn="urn:x-nevis:phrase:0800c8af81a9650d">General warning#@#@#4#p lit</phrase>
</ptxt>
</item>
<item>
<ptxt>
<phrase category="" id="KC07201627" phrase-urn="urn:x-nevis:phrase:0800c8af81a9650e">Message in the #@#@#2#splay</phrase>
</ptxt>
</item>
<item>
<ptxt>
<phrase category="" id="KC07201628" phrase-urn="urn:x-nevis:phrase:0800c8af81a9650f">Four-C (Continu#@#@#43#work.</phrase>
</ptxt>
</item>
</list1>
</condition>
</condgrp>
</diagnostic>
</servinfosub>