<?xml version="1.0" encoding="UTF-8"?><servinfosub IE-ID="en-US0900c8af80147717" docno="VCC-142230" id="KC01177170" xml:lang="en-US">
<title>Injectors/pulsa#@#@#18#acing</title>
<list1 enumtype="d" type="unordered">
<title>S60, V70 2000-,#@#@#13#/XC70</title>
<item>
<ptxt>For B5xx4T -200#@#@#2# see <xref>
<ref id="KC07166217"/>
</xref>
</ptxt>
</item>
<item>
<ptxt>For B5xx4T 2003#@#@#2# see <xref>
<ref id="KC07166218"/>
</xref>
</ptxt>
</item>
<item>
<ptxt>For B5xx4Tx 200#@#@#3# see <xref>
<ref id="KC07166219"/>
</xref>.</ptxt>
</item>
</list1>
<list1 enumtype="d" type="unordered">
<title>S80</title>
<item>
<ptxt>For B5xx4T -200#@#@#2# see <xref>
<ref id="KC07166220"/>
</xref>
</ptxt>
</item>
<item>
<ptxt>For B5xx4T 2003#@#@#2# see <xref>
<ref id="KC07166221"/>
</xref>
</ptxt>
</item>
<item>
<ptxt>For B5xx4Tx 200#@#@#3# see <xref>
<ref id="KC07166222"/>
</xref>
</ptxt>
</item>
<item>
<ptxt>For B6xx4x 1999#@#@#2# see <xref>
<ref id="KC07166223"/>
</xref>.</ptxt>
</item>
</list1>
<list1 enumtype="d" type="unordered">
<title>XC90</title>
<item>
<ptxt>For B5xx4T, see <xref>
<ref id="KC07166224"/>
</xref>
</ptxt>
</item>
<item>
<ptxt>For B6xx4T, see <xref>
<ref id="KC07166225"/>
</xref>.</ptxt>
</item>
</list1>
<list1 enumtype="d" type="unordered">
<title>S60, V70 2000-</title>
<item>
<ptxt>For B5254T4, see <xref>
<ref id="KC07166226"/>
</xref>.</ptxt>
</item>
</list1>
<list1 enumtype="d" type="unordered">
<title>C70</title>
<item>
<ptxt>For B5xx4T -200#@#@#2# see <xref>
<ref id="KC07166227"/>
</xref>
</ptxt>
</item>
<item>
<ptxt>For B5xx4T 2003#@#@#2# see <xref>
<ref id="KC07166228"/>
</xref>.</ptxt>
</item>
</list1>
</servinfosub>