<?xml version="1.0" encoding="UTF-8"?><servinfosub IE-ID="en-US0900c8af84f68717" docno="VCC-336815" id="nev13067845n1" xml:lang="en-US">
<title>
<phrase category="" id="nev13067845n2" phrase-urn="urn:x-nevis:phrase:0800c8af82712aa2">Faulty signal</phrase>
</title>
<diagnostic j2008use="1" layout="0" paperuse="1" screenuse="1" type="test">
<testgrp IE-ID="en-US0900c8af84f68717_nev13067845n3" id="nev13067845n3" j2008use="1" paperuse="1" resumable="1" screenuse="1" testgrp-id="node1" x="120" y="60">
<title>
<phrase category="" id="nev13067845n4" phrase-urn="urn:x-nevis:phrase:0800c8af82712aa3">Checking commun#@#@#38#(GSM)</phrase>
</title>
<node>
<test1>
<diaglist>
<dgraphic>
<dgraphic1>
<graphic id="nev13067845n5">
<href>0900c8af80054d5#@#@#9#.jpeg</href>
</graphic>
</dgraphic1>
</dgraphic>
<ditem>
<ptxt>
<phrase category="" id="nev13067845n6" phrase-urn="urn:x-nevis:phrase:0800c8af82712aa4">Ignition on</phrase>
</ptxt>
</ditem>
<ditem>
<ptxt>
<phrase category="Faulttracing" id="nev13122388n1" phrase-urn="urn:x-nevis:phrase:0800c8af81eab4e9">Read off the Ge#@#@#59#mbol.</phrase>
</ptxt>
</ditem>
<ditem>
<ptxt>
<phrase category="Faulttracing" id="nev13122389n1" phrase-urn="urn:x-nevis:phrase:0800c8af82264d98">Depress the bra#@#@#84#nges.</phrase>
</ptxt>
</ditem>
<ditem>
<ptxt>
<phrase category="Faulttracing" id="nev13122390n1" phrase-urn="urn:x-nevis:phrase:0800c8af840ac463">Move the gear l#@#@#75#VIDA.</phrase>
</ptxt>
</ditem>
</diaglist>
<test2>
<para>
<ptxt>
<phrase category="Faulttracing" id="nev13123352n1" phrase-urn="urn:x-nevis:phrase:0800c8af840ac502">If the signals'#@#@#48#nent.</phrase>
</ptxt>
</para>
<para>
<ptxt>
<phrase category="Faulttracing" id="nev13123354n1" phrase-urn="urn:x-nevis:phrase:0800c8af840ac50b">If the signals'#@#@#143#tent.</phrase>
</ptxt>
</para>
<diaglist>
<dgraphic>
<dgraphic2>
<graphic id="nev13067846n2">
<href>0900c8af86c8681#@#@#9#.jpeg</href>
</graphic>
<smarttool active="press" id="l1189413614526"/>
</dgraphic2>
</dgraphic>
</diaglist>
<grate>
<graphic id="l1186489693235">
<href>0900c8af83f10c7#@#@#9#.jpeg</href>
</graphic>
</grate>
</test2>
</test1>
<question>
Select Continue.
</question>
<resact-grp>
<result button="cont" comp="button" highlight="0"/>
<action j2008use="1" paperuse="1" screenuse="1">
<ptxt>
<xref>
<ref id="nev13067846n7"/>
</xref>
</ptxt>
</action>
</resact-grp>
</node>
</testgrp>
<testgrp id="nev13067846n8" j2008use="1" paperuse="1" resumable="1" screenuse="1" testgrp-id="node2" x="120" y="140">
<title>
<phrase category="" id="nev13067846n9" phrase-urn="urn:x-nevis:phrase:0800c8af82712aac">Checking the wiring</phrase>
</title>
<node>
<test1>
<test2>
<para>
<ptxt>
<phrase category="Faulttracing" id="nev13067967n1" phrase-urn="urn:x-nevis:phrase:0800c8af8404dfc1">Check if there #@#@#195#tion.</phrase>
</ptxt>
</para>
<para>
<ptxt>
<phrase category="Faulttracing" id="nev13067971n1" phrase-urn="urn:x-nevis:phrase:0800c8af8404dfd1">Check the commu#@#@#151#cuit.</phrase>
</ptxt>
</para>
<para id="nev13121909n95">
<ptxt id="nev13121909n94">
<phrase category="Faulttracing" id="nev13123356n1" phrase-urn="urn:x-nevis:phrase:0800c8af840ac5b2">Depending on th#@#@#50#eded.</phrase>
</ptxt>
</para>
<hint id="nev13215260n100">
<ptxt id="nev13215260n99">
<phrase category="Faulttracing" id="nev13215261n1" phrase-urn="urn:x-nevis:phrase:0800c8af838ec18c">The gear select#@#@#89#tlet.</phrase>
</ptxt>
</hint>
<list1 enumtype="d" type="unordered">
<title>
<phrase category="" id="nev13067847n4" phrase-urn="urn:x-nevis:phrase:0800c8af82712ab0">Other information</phrase>
</title>
<item>
<ptxt>
<xref id="nev13067856n95">
<ref id="l1186490924201"/>
</xref>
</ptxt>
</item>
<item>
<ptxt>
<xref id="nev13067856n93">
<ref id="l1186490951481"/>
</xref>
</ptxt>
</item>
<item>
<ptxt id="nev13129350n97">
<xref id="nev15691832n100">
<ref id="l1269522369468"/>
</xref>
</ptxt>
</item>
<item>
<ptxt id="nev13129350n100">
<xref id="nev13129350n99">
<ref id="l1189670225566"/>
</xref>
</ptxt>
</item>
<item id="nev13121909n93">
<ptxt id="nev13121909n92">
<xref id="nev13121909n91">
<ref id="l1189419840464"/>
</xref>
</ptxt>
</item>
</list1>
<grate>
<graphic id="nev13067848n7">
<href>0900c8af8073145#@#@#9#.jpeg</href>
</graphic>
</grate>
</test2>
</test1>
<question>
Select Continue.
</question>
<resact-grp>
<result button="cont" comp="button" highlight="0"/>
<action j2008use="1" paperuse="1" screenuse="1">
<ptxt>
<xref>
<ref id="nev13067848n9"/>
</xref>
</ptxt>
</action>
</resact-grp>
</node>
</testgrp>
<testgrp id="nev13067848n10" j2008use="1" paperuse="1" resumable="1" screenuse="1" testgrp-id="veif" x="120" y="280">
<title>
<phrase category="" id="nev13067849n1" phrase-urn="urn:x-nevis:phrase:0800c8af82712ab7">Verification</phrase>
</title>
<subcalloutnode>
<diagcallout>
<xref id="nev13067856n91">
<ref id="l1186491490883"/>
</xref>
</diagcallout>
<rescall-grp>
<result comp="string" highlight="0" op="eq" return="VERIFICATION FAILED"/>
<calloutaction>
<ptxt>
<xref>
<ref id="nev13067849n3"/>
</xref>
</ptxt>
</calloutaction>
</rescall-grp>
<rescall-grp>
<result comp="string" highlight="0" op="eq" return="PAPER"/>
<calloutaction>
<return value="FAULT NOT FOUND"/>
</calloutaction>
</rescall-grp>
<rescall-grp>
<result comp="string" highlight="0" op="eq" return="VERIFIED"/>
<calloutaction>
<return value="FAULT FOUND"/>
</calloutaction>
</rescall-grp>
</subcalloutnode>
</testgrp>
<testgrp id="nev13067849n4" j2008use="1" paperuse="0" resumable="1" screenuse="1" testgrp-id="info1" x="120" y="380">
<title>
<phrase category="" id="nev13067849n5" phrase-urn="urn:x-nevis:phrase:0800c8af82712ab8">Fault-tracing i#@#@#5#ation</phrase>
</title>
<subcalloutnode>
<diagcallout>
<xref>
<ref id="nev13067849n6"/>
</xref>
</diagcallout>
<rescall-grp>
<result comp="string" highlight="0" op="eq" return="FAULTTRACING FAILED"/>
<calloutaction>
<return value="FAULTTRACING FAILED"/>
</calloutaction>
</rescall-grp>
<rescall-grp>
<result comp="string" highlight="0" op="eq" return="NEW TRY"/>
<calloutaction>
<ptxt>
<xref>
<ref id="nev13067849n7"/>
</xref>
</ptxt>
</calloutaction>
</rescall-grp>
</subcalloutnode>
</testgrp>
</diagnostic>
</servinfosub>