<?xml version="1.0" encoding="UTF-8"?><servinfosub IE-ID="en-US0900c8af80522717" docno="VCC-128870" id="KC01601716" xml:lang="en-US">
<title>ISOFIX rear sea#@#@#14#side)</title>
<procedure>
<stepgrp id="KC01612266">
<procstep id="KC01612267">
<title>Removing the ISOFIX </title>
<grate>
<graphic id="KC07526460">
<href>0900c8af8012618#@#@#9#.jpeg</href>
</graphic>
<graphtext>
<para>
<ptxt>Fold the left a#@#@#31#ward.</ptxt>
</para>
<list1 enumtype="d" type="unordered">
<title>Remove:</title>
<item>
<ptxt>the fixed secti#@#@#36# side</ptxt>
</item>
<item>
<ptxt>the screw (A)</ptxt>
</item>
<item>
<ptxt>the two screws #@#@#25#rward</ptxt>
</item>
<item>
<ptxt>the screw (C)</ptxt>
</item>
<item>
<ptxt>the backrest as#@#@#2#mbly.</ptxt>
</item>
</list1>
</graphtext>
</grate>
<grate>
<graphic id="KC07526461">
<href>0900c8af8012618#@#@#9#.jpeg</href>
</graphic>
<graphtext>
<para>
<title>ISOFIX-bracket #@#@#2#ight)</title>
<ptxt>Remove the scre#@#@#19#rest.</ptxt>
<ptxt>Remove the bracket.</ptxt>
</para>
<para>
<title>ISOFIX-bracket #@#@#1#Left)</title>
<ptxt>Remove the nut #@#@#13# (F).</ptxt>
<ptxt>Remove the bracket.</ptxt>
</para>
</graphtext>
</grate>
</procstep>
</stepgrp>
<stepgrp>
<procstep id="KC01612268">
<title>Installing the #@#@#2#OFIX </title>
<grate>
<graphic id="KC07526462">
<href>0900c8af8012618#@#@#9#.jpeg</href>
</graphic>
<graphtext>
<caution>
<ptxt>Always use new #@#@#28#ing. </ptxt>
</caution>
<para>
<title>ISOFIX bracket #@#@#2#ight)</title>
<ptxt>Position the IS#@#@#58#(D). </ptxt>
<ptxt>Tighten the scr#@#@#11#n to <emph>18 Nm</emph>.</ptxt>
</para>
<para>
<title>ISOFIX bracket #@#@#1#Left)</title>
<ptxt>Position the IS#@#@#71# (F).</ptxt>
<ptxt>Tighten the nut#@#@#13#n to <emph>22 Nm</emph>.</ptxt>
<ptxt>Tighten the scr#@#@#14#n to <emph>18 Nm</emph>.</ptxt>
</para>
</graphtext>
</grate>
<grate>
<graphic id="KC07526463">
<href>0900c8af8012618#@#@#9#.jpeg</href>
</graphic>
<graphtext>
<list1 enumtype="d" type="unordered">
<title>Install:</title>
<item>
<ptxt>the backrest us#@#@#30#hand </ptxt>
</item>
<item>
<ptxt> the new screw #@#@#15# hand</ptxt>
</item>
<item>
<ptxt> the two new sc#@#@#21#hand.</ptxt>
</item>
</list1>
<para>
<ptxt>Tighten all the#@#@#15#n to <emph>22 Nm</emph>.</ptxt>
<ptxt>Install the fix#@#@#23#seat.</ptxt>
<ptxt>Fold the seat c#@#@#21#tion.</ptxt>
</para>
</graphtext>
</grate>
</procstep>
</stepgrp>
</procedure>
</servinfosub>