<?xml version="1.0" encoding="UTF-8"?><diagnostic IE-ID="en-US0900c8af83493717" docno="VCC-285904" id="nev11422226n1" j2008use="1" layout="0" paperuse="1" screenuse="1" type="test" xml:lang="en-US">
<title>
<phrase category="" id="nev11422226n2" phrase-urn="urn:x-nevis:phrase:0800c8af82725fe9">Verification</phrase>
</title>
<testgrp IE-ID="en-US0900c8af83493717_nev11422226n3" id="nev11422226n3" j2008use="1" paperuse="1" resumable="1" screenuse="1" testgrp-id="part1" x="120" y="100">
<title>
<phrase category="" id="nev11422226n4" phrase-urn="urn:x-nevis:phrase:0800c8af82725fea">Verification, part 1</phrase>
</title>
<node>
<test1>
<hint>
<ptxt>
<phrase category="" id="nev11422226n5" phrase-urn="urn:x-nevis:phrase:0800c8af82725fec">After carrying #@#@#50#died.</phrase>
</ptxt>
</hint>
<diaglist>
<dgraphic>
<dgraphic1>
<graphic id="nev11422226n6">
<href>0900c8af80054d3#@#@#9#.jpeg</href>
</graphic>
</dgraphic1>
<dgraphic2>
<graphic id="nev11422226n7">
<href>0900c8af80054d7#@#@#9#.jpeg</href>
</graphic>
</dgraphic2>
</dgraphic>
<ditem>
<ptxt>
<phrase category="" id="nev11422226n8" phrase-urn="urn:x-nevis:phrase:0800c8af82725fed">Verification co#@#@#100#ad.  </phrase>
</ptxt>
<ptxt>
<phrase category="" id="nev11422226n9" phrase-urn="urn:x-nevis:phrase:0800c8af82725fee">If the function#@#@#13#d as <emph>incorrect</emph> in part 1, the#@#@#9#does <emph>not</emph> need to be car#@#@#232#ment.</phrase>
</ptxt>
</ditem>
<ditem>
<ptxt>
<phrase category="" id="nev11422226n10" phrase-urn="urn:x-nevis:phrase:0800c8af82725fef">Ignition off</phrase>
</ptxt>
</ditem>
<ditem>
<ptxt>
<phrase category="" id="nev11422227n1" phrase-urn="urn:x-nevis:phrase:0800c8af82725ff0">Reconnect the c#@#@#22# etc.</phrase>
</ptxt>
</ditem>
<ditem>
<ptxt>
<phrase category="" id="nev11422227n2" phrase-urn="urn:x-nevis:phrase:0800c8af82725ff1">Start and run t#@#@#30#ture.</phrase>
</ptxt>
</ditem>
<ditem>
<ptxt>
<phrase category="" id="nev11422227n3" phrase-urn="urn:x-nevis:phrase:0800c8af82725ff2">Read off the sh#@#@#88#ion. </phrase>
</ptxt>
</ditem>
</diaglist>
<test2>
<para>
<ptxt>
<phrase category="" id="nev11422227n4" phrase-urn="urn:x-nevis:phrase:0800c8af82725ff3">Check that the #@#@#215#play.</phrase>
</ptxt>
</para>
<diaglist>
<dgraphic>
<dgraphic2>
<graphic id="nev11422227n5">
<href>0900c8af86c8681#@#@#9#.jpeg</href>
</graphic>
<smarttool active="press" id="l1133514336968"/>
</dgraphic2>
</dgraphic>
<ditem>
<ditemtext>
<ptxt>
<phrase category="" id="nev11422227n7" phrase-urn="urn:x-nevis:phrase:0800c8af82725ff4"/>
</ptxt>
</ditemtext>
</ditem>
</diaglist>
</test2>
</test1>
<question>
Is the functio#@#@#1# OK?
</question>
<resact-grp>
<result button="yes" comp="button" highlight="0"/>
<action j2008use="1" paperuse="1" screenuse="1">
<ptxt>
<xref>
<ref id="nev11422227n9"/>
</xref>
</ptxt>
</action>
</resact-grp>
<resact-grp>
<result button="no" comp="button" highlight="0"/>
<action j2008use="1" paperuse="1" screenuse="1">
<return value="VERIFICATION FAILED"/>
</action>
</resact-grp>
</node>
</testgrp>
<testgrp id="nev11422227n10" j2008use="1" paperuse="1" resumable="1" screenuse="1" testgrp-id="part2" x="120" y="180">
<title>
<phrase category="" id="nev11422228n1" phrase-urn="urn:x-nevis:phrase:0800c8af82725ff6">Verification, part 2</phrase>
</title>
<node>
<test1>
<diaglist>
<dgraphic>
<dgraphic1>
<graphic id="nev11422228n2">
<href>0900c8af80054d3#@#@#9#.jpeg</href>
</graphic>
</dgraphic1>
</dgraphic>
<ditem>
<ptxt>
<phrase category="" id="nev11422228n3" phrase-urn="urn:x-nevis:phrase:0800c8af82725ff7">Test drive the #@#@#181#tics.</phrase>
</ptxt>
</ditem>
<ditem>
<ptxt>
<phrase category="" id="nev11422228n4" phrase-urn="urn:x-nevis:phrase:0800c8af82725ff8">Connect VCT2000#@#@#23#ctor <emph>without switchi#@#@#13#gine.</emph>
</phrase>
</ptxt>
</ditem>
<ditem>
<ptxt>
<phrase category="" id="nev11422228n5" phrase-urn="urn:x-nevis:phrase:0800c8af82725ff9">Read the diagno#@#@#109#list.</phrase>
</ptxt>
</ditem>
</diaglist>
<test2>
<note>
<ptxt>
<phrase category="" id="nev11422228n6" phrase-urn="urn:x-nevis:phrase:0800c8af82725ffa">If the engine i#@#@#94#ated.</phrase>
</ptxt>
</note>
<para>
<ptxt>
<phrase category="" id="nev11422228n7" phrase-urn="urn:x-nevis:phrase:0800c8af82725ffb">Check the fault#@#@#169#nted.</phrase>
</ptxt>
</para>
<diaglist>
<dgraphic>
<dgraphic2>
<graphic id="nev11422228n8">
<href>0900c8af86c8681#@#@#9#.jpeg</href>
</graphic>
<smarttool active="press" id="l1133514407890"/>
</dgraphic2>
</dgraphic>
<ditem>
<ditemtext>
<ptxt>
<phrase category="" id="nev11422228n10" phrase-urn="urn:x-nevis:phrase:0800c8af82725ffc"/>
</ptxt>
</ditemtext>
</ditem>
</diaglist>
</test2>
</test1>
<question>
Is the functio#@#@#1# OK?
</question>
<resact-grp>
<result button="yes" comp="button" highlight="0"/>
<action j2008use="1" paperuse="1" screenuse="1">
<return value="VERIFIED"/>
</action>
</resact-grp>
<resact-grp>
<result button="no" comp="button" highlight="0"/>
<action j2008use="1" paperuse="1" screenuse="1">
<return value="VERIFICATION FAILED"/>
</action>
</resact-grp>
</node>
</testgrp>
</diagnostic>