<?xml version="1.0" encoding="UTF-8"?><servinfosub IE-ID="en-US0900c8af80912717" docno="VCC-106417" id="KC02479267" xml:lang="en-US">
<title>
<phrase category="" id="KC09323931" phrase-urn="urn:x-nevis:phrase:0800c8af826e362a">Activating comp#@#@#11#tions</phrase>
</title>
<diagnostic j2008use="1" paperuse="1" screenuse="1" type="test">
<testgrp IE-ID="en-US0900c8af80912717_KC02616732" id="KC02616732" j2008use="1" paperuse="1" resumable="1" screenuse="1" testgrp-id="readdtc" x="120" y="200">
<title>
<phrase category="" id="KC09323932" phrase-urn="urn:x-nevis:phrase:0800c8af826e362b">Activating comp#@#@#31#right</phrase>
</title>
<node>
<test1>
<diaglist>
<dgraphic>
<dgraphic1>
<graphic id="KC09323933">
<href>0900c8af80054d5#@#@#9#.jpeg</href>
</graphic>
</dgraphic1>
</dgraphic>
<ditem>
<ptxt>
<phrase category="" id="KC09323934" phrase-urn="urn:x-nevis:phrase:0800c8af826e362c">Ignition on.</phrase>
</ptxt>
</ditem>
</diaglist>
<test2>
<para>
<ptxt>
<phrase category="" id="KC09323935" phrase-urn="urn:x-nevis:phrase:0800c8af826e362d">Activate compon#@#@#42#mbol.</phrase>
</ptxt>
</para>
<diaglist>
<dgraphic>
<dgraphic2>
<graphic id="KC09323936">
<href>0900c8af86c8681#@#@#9#.jpeg</href>
</graphic>
<smarttool active="press" id="KC09323937" toolname="XPSRB0"/>
</dgraphic2>
</dgraphic>
<ditem>
<ditemtext>
<ptxt>
<phrase category="" id="KC09323938" phrase-urn="urn:x-nevis:phrase:0800c8af826e362e"/>
</ptxt>
</ditemtext>
</ditem>
</diaglist>
</test2>
</test1>
<question/>
<resact-grp>
<result button="cont" comp="button" highlight="0"/>
<action j2008use="1" paperuse="0" screenuse="1">
<return value="DONE"/>
</action>
</resact-grp>
<resact-grp>
<result comp="numeric" highlight="0" op="lt" return="0"/>
<action j2008use="1" paperuse="1" screenuse="1">
<ptxt>
<xref>
<ref id="KC09323940"/>
</xref>
</ptxt>
</action>
</resact-grp>
<resact-grp>
<result comp="numeric" highlight="0" op="gt" return="0"/>
<action j2008use="1" paperuse="1" screenuse="1">
<ptxt>
<xref>
<ref id="KC09323941"/>
</xref>
</ptxt>
</action>
</resact-grp>
</node>
</testgrp>
<testgrp id="KC02616733" j2008use="1" paperuse="1" resumable="1" screenuse="1" testgrp-id="text-1--7" x="120" y="320">
<title>
<phrase category="" id="KC09323942" phrase-urn="urn:x-nevis:phrase:0800c8af826e3630">Communication fault</phrase>
</title>
<subcalloutnode>
<diagcallout>
<xref>
<ref id="KC09323943"/>
</xref>
</diagcallout>
<rescall-grp>
<result comp="string" highlight="0" op="eq" return="1"/>
<calloutaction>
<ptxt>
<xref>
<ref id="KC09323944"/>
</xref>
</ptxt>
</calloutaction>
</rescall-grp>
<rescall-grp>
<result comp="string" highlight="0" op="eq" return="2"/>
<calloutaction>
<ptxt>
<xref>
<ref id="KC09323945"/>
</xref>
</ptxt>
</calloutaction>
</rescall-grp>
<rescall-grp>
<result comp="string" highlight="0" op="eq" return="3"/>
<calloutaction>
<return value="FAILED"/>
</calloutaction>
</rescall-grp>
</subcalloutnode>
</testgrp>
<testgrp id="KC02616734" j2008use="1" paperuse="1" resumable="1" screenuse="1" testgrp-id="comminfo" x="120" y="520">
<title>
<phrase category="" id="KC09323946" phrase-urn="urn:x-nevis:phrase:0800c8af826e3631">Fault-tracing i#@#@#5#ation</phrase>
</title>
<subcalloutnode>
<diagcallout>
<xref>
<ref id="KC09323947"/>
</xref>
</diagcallout>
<rescall-grp>
<result comp="string" highlight="0" op="eq" return="YES"/>
<calloutaction>
<ptxt>
<xref>
<ref id="KC09323948"/>
</xref>
</ptxt>
</calloutaction>
</rescall-grp>
<rescall-grp>
<result comp="string" highlight="0" op="eq" return="NO"/>
<calloutaction>
<return value="FAILED"/>
</calloutaction>
</rescall-grp>
</subcalloutnode>
</testgrp>
<testgrp id="KC02616735" j2008use="1" paperuse="1" resumable="1" screenuse="1" testgrp-id="com" x="120" y="360">
<title>
<phrase category="" id="KC09323949" phrase-urn="urn:x-nevis:phrase:0800c8af826e3632">Checking commun#@#@#11#blems</phrase>
</title>
<subcalloutnode>
<diagcallout>
<xref>
<ref id="KC09323950"/>
</xref>
</diagcallout>
<rescall-grp>
<result comp="string" highlight="0" op="eq" return="FAULT FOUND"/>
<calloutaction>
<ptxt>
<xref>
<ref id="KC09323951"/>
</xref>
</ptxt>
</calloutaction>
</rescall-grp>
</subcalloutnode>
</testgrp>
</diagnostic>
</servinfosub>