<?xml version="1.0" encoding="UTF-8"?><servinfosub IE-ID="en-US0900c8af84b35717" docno="VCC-398391" id="nev14821513n1" xml:lang="en-US">
<title>
<phrase category="Title" id="nev14821521n1" phrase-urn="urn:x-nevis:phrase:0800c8af84a8b33c">Readout of info#@#@#19#rrent</phrase>
</title>
<diagnostic j2008use="1" layout="0" paperuse="1" screenuse="1" type="test">
<testgrp IE-ID="en-US0900c8af84b35717_nev14821513n3" id="nev14821513n3" j2008use="1" paperuse="1" resumable="1" screenuse="1" testgrp-id="Reset information" x="180" y="180">
<title>
<phrase category="Title" id="nev14821519n1" phrase-urn="urn:x-nevis:phrase:0800c8af84a8b33c">Readout of info#@#@#19#rrent</phrase>
</title>
<node>
<test1>
<test2>
<para id="nev14902797n99">
<ptxt id="nev14902797n98">
<phrase category="Faulttracing" id="nev14902799n1" phrase-urn="urn:x-nevis:phrase:0800c8af84ace8ae">With this servi#@#@#157#ECM).</phrase>
</ptxt>
</para>
<para>
<ptxt>
<phrase category="Faulttracing" id="nev14902800n1" phrase-urn="urn:x-nevis:phrase:0800c8af84ace8b1">When the vehicl#@#@#44#e to <literal>"sleep mode"</literal>, power consump#@#@#11#uced.</phrase>
<phrase category="Faulttracing" id="nev14902798n1" phrase-urn="urn:x-nevis:phrase:0800c8af83aa28a5">Factors such as#@#@#154#tion.</phrase>
<phrase category="Faulttracing" id="nev14902801n1" phrase-urn="urn:x-nevis:phrase:0800c8af83aa2909">The lowest powe#@#@#113#osed.</phrase>
</ptxt>
</para>
<list1 enumtype="d" type="ordered">
<item>
<ptxt>
<phrase category="" id="nev14821513n8" phrase-urn="urn:x-nevis:phrase:0800c8af827258a9">Ignition on</phrase>
</ptxt>
</item>
<item>
<ptxt>
<phrase category="" id="nev14821513n9" phrase-urn="urn:x-nevis:phrase:0800c8af827258aa">Click on the VC#@#@#7#ymbol</phrase>
</ptxt>
</item>
</list1>
<para id="nev14902797n94">
<ptxt id="nev14902797n93">
<phrase category="Faulttracing" id="nev14902803n1" phrase-urn="urn:x-nevis:phrase:0800c8af84ace8b4">The battery mon#@#@#67#e in <literal>"sleep mode" </literal>.</phrase>
<phrase category="Faulttracing" id="nev14902805n1" phrase-urn="urn:x-nevis:phrase:0800c8af84ace8b6">The readout sho#@#@#112#s in <literal>"sleep mode"</literal>.</phrase>
</ptxt>
<ptxt id="nev14902797n88">
<phrase category="Faulttracing" id="nev14902827n1" phrase-urn="urn:x-nevis:phrase:0800c8af84ace8cc">The average val#@#@#58#5 mA.</phrase>
</ptxt>
</para>
<hint id="nev15000175n100">
<ptxt id="nev15000175n99">
<phrase category="Faulttracing" id="nev15000176n1" phrase-urn="urn:x-nevis:phrase:0800c8af84b3568d">After resetting#@#@#95#0 mA.</phrase>
<phrase category="Faulttracing" id="nev15000177n1" phrase-urn="urn:x-nevis:phrase:0800c8af84b356a9">The value only #@#@#75#ode".</phrase>
</ptxt>
</hint>
<para id="nev14902797n86">
<ptxt id="nev14902797n85">
<phrase category="Faulttracing" id="nev14992550n1" phrase-urn="urn:x-nevis:phrase:0800c8af84ace8b7">The read out al#@#@#33#s in <literal>"sleep mode"</literal> of at least 8 #@#@#103#f in.</phrase>
<phrase category="Faulttracing" id="nev14902828n1" phrase-urn="urn:x-nevis:phrase:0800c8af84ace8b8">This means that#@#@#25#s of <literal>"sleep mode"</literal> should be with#@#@#39# mA. </phrase>
<phrase category="Faulttracing" id="nev14902829n1" phrase-urn="urn:x-nevis:phrase:0800c8af84ace8ba">If there are va#@#@#156#arge.</phrase>
</ptxt>
</para>
<para id="nev14902797n82">
<ptxt id="nev14902797n81">
<phrase category="Faulttracing" id="nev14902830n1" phrase-urn="urn:x-nevis:phrase:0800c8af84ace8bb">When reading ou#@#@#149#rent.</phrase>
<phrase category="Faulttracing" id="nev14902831n1" phrase-urn="urn:x-nevis:phrase:0800c8af84ace8bc">If it is obviou#@#@#84#acing</phrase>
</ptxt>
</para>
<diaglist>
<dgraphic>
<dgraphic2>
<graphic id="nev14821513n10">
<href>0900c8af86c8681#@#@#9#.jpeg</href>
</graphic>
<smarttool active="press" id="nev14821514n1"/>
</dgraphic2>
</dgraphic>
</diaglist>
<grate/>
</test2>
</test1>
<question>
Select Continue.
</question>
<resact-grp id="nev14821514n4">
<result button="cont" comp="button" highlight="0" id="nev14821514n5"/>
<action id="nev14821514n6" j2008use="1" paperuse="0" screenuse="1">
<return id="nev14821514n7" value="DONE"/>
</action>
</resact-grp>
</node>
</testgrp>
</diagnostic>
</servinfosub>