<?xml version="1.0" encoding="UTF-8"?><servinfosub IE-ID="en-US0900c8af806a8717" docno="VCC-110534" id="KC02153399" xml:lang="en-US">
<title>
<phrase category="" id="KC08674116" phrase-urn="urn:x-nevis:phrase:0800c8af81e240ab">Signal faulty. #@#@#10#fault</phrase>
</title>
<diagnostic type="test">
<testgrp IE-ID="en-US0900c8af806a8717_KC02153400" id="KC02153400" j2008use="1" paperuse="1" resumable="1" screenuse="1" testgrp-id="cca2" x="160" y="400">
<title>
<phrase category="" id="KC08674117" phrase-urn="urn:x-nevis:phrase:0800c8af81e240af">Checking the si#@#@#4# wire</phrase>
</title>
<node>
<test1>
<diaglist>
<dgraphic>
<dgraphic1>
<graphic id="KC08674118">
<href>0900c8af80054d4#@#@#9#.jpeg</href>
</graphic>
</dgraphic1>
</dgraphic>
<ditem>
<ptxt>
<phrase category="" id="KC08674119" phrase-urn="urn:x-nevis:phrase:0800c8af81e240b0">Ignition off.</phrase>
</ptxt>
</ditem>
<ditem>
<ptxt>
<phrase category="" id="KC08674120" phrase-urn="urn:x-nevis:phrase:0800c8af81e240b3">The ignition mu#@#@#42#utes.</phrase>
</ptxt>
</ditem>
<ditem>
<ptxt>
<phrase category="" id="KC08674121" phrase-urn="urn:x-nevis:phrase:0800c8af81e240b4">Disconnect syst#@#@#4#elay.</phrase>
</ptxt>
</ditem>
</diaglist>
<test2>
<ptxt>
<phrase category="" id="KC08674122" phrase-urn="urn:x-nevis:phrase:0800c8af81e240b5">Connect an ohmm#@#@#52#ound.</phrase>
</ptxt>
<diaglist>
<dgraphic>
<dgraphic2>
<graphic id="KC08674123">
<href>0900c8af80054d4#@#@#9#.jpeg</href>
</graphic>
<smarttool active="press" id="KC08674124" toolname="ODAH"/>
</dgraphic2>
</dgraphic>
<ditem>
<ditemtext>
<ptxt>
<phrase category="" id="KC08674125" phrase-urn="urn:x-nevis:phrase:0800c8af81e240b6"/>
</ptxt>
</ditemtext>
</ditem>
</diaglist>
<grate>
<graphic id="KC08674126">
<href>0900c8af805dbb5#@#@#9#.jpeg</href>
</graphic>
</grate>
</test2>
</test1>
<question>The ohmmeter sh#@#@#30#20 (.</question>
<resact-grp>
<result button="ok" comp="button" highlight="0"/>
<action j2008use="1" paperuse="1" screenuse="1">
<ptxt>
<xref>
<ref id="KC08674127"/>
</xref>
</ptxt>
</action>
</resact-grp>
<resact-grp>
<result button="notok" comp="button" highlight="0"/>
<action j2008use="1" paperuse="1" screenuse="1">
<ptxt>
<xref>
<ref id="KC08674128"/>
</xref>
</ptxt>
</action>
</resact-grp>
</node>
</testgrp>
<testgrp id="KC02153401" j2008use="1" paperuse="1" resumable="1" screenuse="1" testgrp-id="cca2-1" x="320" y="400">
<title>
<phrase category="" id="KC08674129" phrase-urn="urn:x-nevis:phrase:0800c8af81e240b7">Replacing the c#@#@#3#onent</phrase>
</title>
<node>
<test1>
<test2>
<ptxt>
<phrase category="" id="KC08674130" phrase-urn="urn:x-nevis:phrase:0800c8af81e240b8">Test using a ne#@#@#10#elay.</phrase>
</ptxt>
<diaglist>
<dgraphic>
<dgraphic1>
<graphic id="KC08674131">
<href>0900c8af8012806#@#@#9#.jpeg</href>
</graphic>
</dgraphic1>
</dgraphic>
</diaglist>
</test2>
</test1>
<question/>
<resact-grp>
<result button="cont" comp="button" highlight="0"/>
<action j2008use="1" paperuse="1" screenuse="1">
<ptxt>
<xref>
<ref id="KC08674132"/>
</xref>
</ptxt>
</action>
</resact-grp>
</node>
</testgrp>
<testgrp id="KC02153402" j2008use="1" paperuse="1" resumable="1" screenuse="1" testgrp-id="cca2-2" x="320" y="480">
<title>
<phrase category="" id="KC08674133" phrase-urn="urn:x-nevis:phrase:0800c8af81e240b9">Checking for sh#@#@#16#round</phrase>
</title>
<node>
<test1>
<test2>
<ptxt>
<phrase category="" id="KC08674134" phrase-urn="urn:x-nevis:phrase:0800c8af81e240bc">Check the wire #@#@#111#d in <xref>
<ref id="KC08674135"/>
</xref>.</phrase>
</ptxt>
<list1 enumtype="d" type="unordered">
<title>
<phrase category="" id="KC08674136" phrase-urn="urn:x-nevis:phrase:0800c8af81e240bd">Additional info#@#@#3#tion:</phrase>
</title>
<item>
<ptxt>
<phrase category="" id="KC08674137" phrase-urn="urn:x-nevis:phrase:0800c8af81e240be">To connect the #@#@#9# see <xref>
<ref id="KC08674138"/>
</xref>.</phrase>
</ptxt>
</item>
<item>
<ptxt>
<phrase category="" id="KC08674139" phrase-urn="urn:x-nevis:phrase:0800c8af81e240bf">For information#@#@#12# see <xref>
<ref id="KC08674140"/>
</xref>.</phrase>
</ptxt>
</item>
</list1>
<diaglist>
<dgraphic>
<dgraphic2>
<graphic id="KC08674141">
<href>0900c8af80054d4#@#@#9#.jpeg</href>
</graphic>
<smarttool active="press" id="KC08674142" toolname="ODAH"/>
</dgraphic2>
</dgraphic>
<ditem>
<ditemtext>
<ptxt>
<phrase category="" id="KC08674143" phrase-urn="urn:x-nevis:phrase:0800c8af81e240c3"/>
</ptxt>
</ditemtext>
</ditem>
</diaglist>
</test2>
</test1>
<question/>
<resact-grp>
<result button="cont" comp="button" highlight="0"/>
<action j2008use="1" paperuse="1" screenuse="1">
<ptxt>
<xref>
<ref id="KC08674144"/>
</xref>
</ptxt>
</action>
</resact-grp>
</node>
</testgrp>
<testgrp id="KC02153403" j2008use="1" paperuse="1" resumable="1" screenuse="1" testgrp-id="veria" x="480" y="160">
<title>
<phrase category="" id="KC08674145" phrase-urn="urn:x-nevis:phrase:0800c8af81e240c5">Verification</phrase>
</title>
<subcalloutnode>
<diagcallout>
<xref>
<ref id="KC08674146"/>
</xref>
</diagcallout>
<rescall-grp>
<result comp="string" highlight="0" op="eq" return="VERIFIED"/>
<calloutaction>
<return value="FAULT FOUND"/>
</calloutaction>
</rescall-grp>
<rescall-grp>
<result comp="string" highlight="0" op="eq" return="VERIFICATION FAILED"/>
<calloutaction>
<ptxt>
<xref>
<ref id="KC08674147"/>
</xref>
</ptxt>
</calloutaction>
</rescall-grp>
</subcalloutnode>
</testgrp>
<testgrp id="KC02153404" j2008use="1" paperuse="1" resumable="1" screenuse="1" testgrp-id="info1" x="640" y="160">
<title>
<phrase category="" id="KC08674148" phrase-urn="urn:x-nevis:phrase:0800c8af81e240c8">Trouble-shootin#@#@#8#ation</phrase>
</title>
<subcalloutnode>
<diagcallout>
<xref>
<ref id="KC08674149"/>
</xref>
</diagcallout>
<rescall-grp>
<result comp="string" highlight="0" op="eq" return="NEW TRY"/>
<calloutaction>
<ptxt>
<xref>
<ref id="KC08674150"/>
</xref>
</ptxt>
</calloutaction>
</rescall-grp>
<rescall-grp>
<result comp="string" highlight="0" op="eq" return="FAULTTRACING FAILED"/>
<calloutaction>
<return value="FAULTTRACING FAILED"/>
</calloutaction>
</rescall-grp>
</subcalloutnode>
</testgrp>
</diagnostic>
</servinfosub>