<?xml version="1.0" encoding="UTF-8"?><servinfosub IE-ID="en-US0900c8af88507110" docno="VCC-371210" id="nev13720566n1" original="sv-SE" servinfosubId="nev13720567n1-nev20890036n1" servinfosubRes="0900c8af88507186" servinfosubRes2="urn:x-nevis:fragment:0900c8af88507110:0900c8af88507186#nev20890036n1" xml:lang="en-US">
<operationnumbers>
<operationnumber>87204-2</operationnumber>
</operationnumbers>
<title id="nev13720559n98">Vent register, #@#@#9# side</title>
<toolitemtable id="nev13720567n1-nev30730885n71">
<table id="nev13720567n1-nev30730885n70">
<tgroup cols="2" id="nev13720567n1-nev30730885n69">
<colspec colname="COLSPEC0" colwidth="1.00*" id="nev13720567n1-nev30730885n68"/>
<colspec colname="COLSPEC1" colwidth="1.00*" id="nev13720567n1-nev30730885n67"/>
<thead id="nev13720567n1-nev30730885n66">
<row id="nev13720567n1-nev30730885n65">
<entry id="nev13720567n1-nev30730885n64" nameend="COLSPEC1" namest="COLSPEC0" valign="top">
<ptxt id="nev13720567n1-nev30730885n63">
<emph id="nev13720567n1-nev30730885n62">Special tools</emph>
</ptxt>
</entry>
</row>
</thead>
<tbody id="nev13720567n1-nev30730885n61">
<row id="nev13720567n1-nev30730885n60">
<entry id="nev13720567n1-nev30730885n59">
<graphic id="nev13720567n1-nev30730885n58">
<href>0900c8af803f4fa#@#@#9#.jpeg</href>
</graphic>
</entry>
<entry id="nev13720567n1-nev30730885n57">
<ptxt id="nev13720567n1-nev30730885n56">
<emph id="nev13720567n1-nev30730885n55">951 2943 L-hook</emph>
</ptxt>
<ptxt id="nev13720567n1-nev30730885n53">
<emph id="nev13720567n1-nev30730885n52">Tool number:</emph>951 2943</ptxt>
<ptxt id="nev13720567n1-nev30730885n51">
<emph id="nev13720567n1-nev30730885n50">Tool description:</emph>L-hook</ptxt>
<ptxt id="nev13720567n1-nev30730885n48">
<emph id="nev13720567n1-nev30730885n47">Tool boards:</emph>80</ptxt>
</entry>
</row>
</tbody>
</tgroup>
</table>
</toolitemtable>
<procedure id="nev13720567n1-nev21605734n86">
<stepgrp boilerplate="false" context="" id="nev13720567n1-nev30730809n6">
<title id="nev13720567n1-0800c8af844a46f6">Removal</title>
<procstep id="nev13720567n1-nev21605734n83">
<para id="nev13720567n1-nev30730809n4">
<ptxt id="nev13720567n1-nev30730809n5">Set the vehicle#@#@#36# mode<xref boilerplate="true" id="nev13720567n1-0800c8af865315ac">
<ref id="nev13720567n1-nev21605734n80"/>
</xref>
</ptxt>
</para>
</procstep>
<procstep id="nev13720567n1-nev30730809n3">
<grate id="nev13720567n1-nev30730809n1">
<graphic id="nev13720567n1-nev30730809n2">
<href>0900c8af8850715#@#@#9#.jpeg</href>
</graphic>
<graphtext id="nev13720567n1-nev30730896n1">
<note id="nev13720567n1-nev30730885n100">
<ptxt>Orientation view</ptxt>
</note>
</graphtext>
</grate>
</procstep>
<procstep id="nev13720567n1-nev30730885n99">
<grate id="nev13720567n1-nev30730885n97">
<graphic id="nev13720567n1-nev30730885n98">
<href>0900c8af8850710#@#@#9#.jpeg</href>
</graphic>
<graphtext id="nev13720567n1-nev30730900n1">
<note id="nev13720567n1-nev30730885n96">
<ptxt>Note the position.</ptxt>
</note>
<para id="nev13720567n1-nev30730885n93">
<ptxt id="nev13720567n1-nev30730885n95">
<toolitem boilerplate="true" id="nev13720567n1-nev30730885n94" imageid="0900c8af803f4fa8"/>
</ptxt>
</para>
</graphtext>
</grate>
</procstep>
<procstep id="nev13720567n1-nev30730885n92">
<grate id="nev13720567n1-nev30730885n90">
<graphic id="nev13720567n1-nev30730885n91">
<href>0900c8af8850715#@#@#9#.jpeg</href>
</graphic>
<graphtext id="nev13720567n1-nev30730907n1">
<para id="nev13720567n1-nev30730885n87">
<ptxt id="nev13720567n1-nev30730885n89">
<toolitem boilerplate="true" id="nev13720567n1-nev30730885n88" imageid="0900c8af803f4fa8"/>
</ptxt>
</para>
<para id="nev13720567n1-nev30730885n85">
<ptxt id="nev13720567n1-nev30730885n86">Remove the part#@#@#5#fully</ptxt>
</para>
</graphtext>
</grate>
</procstep>
<procstep id="nev13720567n1-nev21605734n77">
<grate id="nev13720567n1-nev30730885n83">
<graphic id="nev13720567n1-nev30730885n84">
<href>0900c8af86639c1#@#@#9#.jpeg</href>
</graphic>
<graphtext id="nev13720567n1-nev30730914n1">
<para id="nev13720567n1-nev30730885n81">
<ptxt id="nev13720567n1-nev30730885n82">Remove the Spec#@#@#4#Tool.</ptxt>
</para>
<para id="nev13720567n1-nev30730885n79">
<ptxt id="nev13720567n1-nev30730885n80">Disconnect the #@#@#5#ctor.</ptxt>
</para>
<para id="nev13720567n1-nev30730885n77">
<ptxt id="nev13720567n1-nev30730885n78">Remove the mark#@#@#3#part.</ptxt>
</para>
</graphtext>
</grate>
</procstep>
<procstep id="nev13720567n1-nev21605734n76">
<grate id="nev13720567n1-nev30730885n75">
<graphic id="nev13720567n1-nev30730885n76">
<href>0900c8af86639c1#@#@#9#.jpeg</href>
</graphic>
</grate>
</procstep>
</stepgrp>
<stepgrp boilerplate="false" context="" id="nev13720567n1-nev30730885n74">
<title id="nev13720567n1-0800c8af844a46f9">Installation</title>
<procstep id="nev13720567n1-nev21605734n72">
<para id="nev13720567n1-nev30730885n72">
<ptxt id="nev13720567n1-nev30730885n73">To install, rev#@#@#22#dure.</ptxt>
</para>
</procstep>
</stepgrp>
</procedure>
</servinfosub>