<?xml version="1.0" encoding="UTF-8"?><script xmlns:nevis="http://www.volvocars.com/namespaces/processing" xmlns:xlink="http://www.w3.org/1999/xlink" IE-ID="en-US0900c8af87a7a110" docno="VCC-476507" id="nev22021233n1" nevis:expl-profile="mdl256yr2016, mdl234yr2017, mdl235yr2017, mdl236yr2017, mdl256yr2017, mdl238yr2017, mdl246yr2018, mdl256yr2018, mdl234yr2018, mdl235yr2018, mdl236yr2018, mdl238yr2018" nevis:profile="urn:x-nevis:profile:0b00c8af858c2577 urn:x-nevis:profile:0b00c8af86dd9c00 urn:x-nevis:profile:0b00c8af86dd9c01 urn:x-nevis:profile:0b00c8af86dd9c02 urn:x-nevis:profile:0b00c8af86eeb1e9 urn:x-nevis:profile:0b00c8af86ef2dd3 urn:x-nevis:profile:0b00c8af87164cbc urn:x-nevis:profile:0b00c8af87345e76 urn:x-nevis:profile:0b00c8af87346035 urn:x-nevis:profile:0b00c8af8734634a urn:x-nevis:profile:0b00c8af873465d2 urn:x-nevis:profile:0b00c8af87346884" nevis:projectdocument="urn:x-nevis:projectdocument:0800c8af86917da1" nevis:resource="0900c8af87a7a132" nevis:resource2="urn:x-nevis:fragment:0900c8af87a7a110:0900c8af87a7a132#nev22021233n1" nevis:session-id="" qualifierinfotype="14:00" xml:lang="en-US"><title id="nev22021233n2"><phrase category="Generic Component" id="nev23223386n1" phrase-urn="urn:x-nevis:phrase:0800c8af869dec2b">Steering Wheel #@#@#7#(SWM)</phrase></title><content xmlns:diag="http://www.volvocars.com/namespaces/diag" id="nev22021234n1-nev22021233n3" nevis:expl-profile="mdl256yr2016, mdl234yr2017, mdl235yr2017, mdl236yr2017, mdl256yr2017, mdl238yr2017, mdl246yr2018, mdl256yr2018, mdl234yr2018, mdl235yr2018, mdl236yr2018, mdl238yr2018" nevis:idfrom="nev22021234n1" nevis:prefix="nev22021234n1" nevis:profile="urn:x-nevis:profile:0b00c8af858c2577 urn:x-nevis:profile:0b00c8af86dd9c00 urn:x-nevis:profile:0b00c8af86dd9c01 urn:x-nevis:profile:0b00c8af86dd9c02 urn:x-nevis:profile:0b00c8af86eeb1e9 urn:x-nevis:profile:0b00c8af86ef2dd3 urn:x-nevis:profile:0b00c8af87164cbc urn:x-nevis:profile:0b00c8af87345e76 urn:x-nevis:profile:0b00c8af87346035 urn:x-nevis:profile:0b00c8af8734634a urn:x-nevis:profile:0b00c8af873465d2 urn:x-nevis:profile:0b00c8af87346884" nevis:resource="0900c8af87a7a134" nevis:resource2="urn:x-nevis:fragment:0900c8af87a7a110:0900c8af87a7a134#nev22021233n3" xml:lang="en-US"><nodes id="nev22021234n1-nev22021233n4"/><SpaScript Id="856ac4a2-01dc-4e79-93d1-5d26a17bcffc" Name="Steering Wheel Module (SWM) " Type="Diagnostic" id="nev22021234n1-nev27765219n1"><Module Annotation="HSW = Heating Steering Wheel&#xD;&#xA;LS = Light Stalk&#xD;&#xA;WS = Wiper Stalk&#xD;&#xA;SWButtons = Steering Wheel Buttons" IsEventHandler="false" Name="Main" id="nev22021234n1-nev27765220n1"><Variable Annotation="" Id="Information_Internal_Error" Scope="Local" Type="InfoDisplay" id="nev22021234n1-nev27765221n1"><Value Type="InfoDisplayVariable" id="nev22021234n1-nev27765222n1"><infoDisplay id="nev22021234n1-nev26585202n1"><title id="nev22021234n1-nev26585203n1"><phrase category="Title" id="nev22021234n1-nev26585195n1" phrase-urn="urn:x-nevis:phrase:0800c8af81adba8a">Information</phrase></title><para id="nev22021234n1-nev26585204n1"><phrase category="Faulttracing" id="nev22021234n1-nev26585196n1" phrase-urn="urn:x-nevis:phrase:0800c8af877acf62">Internal errors#@#@#81#talk.</phrase><phrase category="Faulttracing" id="nev22021234n1-nev26585197n1" phrase-urn="urn:x-nevis:phrase:0800c8af877acf63">The replacement#@#@#37#nded.</phrase></para><para id="nev22021234n1-nev26592883n1"><phrase category="Faulttracing" id="nev22021234n1-nev26592794n1" phrase-urn="urn:x-nevis:phrase:0800c8af877b8e24">The components #@#@#85#bers:</phrase></para><list id="nev22021234n1-nev26592884n1"><li id="nev22021234n1-nev26592885n1"><phrase category="Title" id="nev22021234n1-nev26592795n1" phrase-urn="urn:x-nevis:phrase:0800c8af877b8dc6">31376615 AC</phrase></li><li id="nev22021234n1-nev26592886n1"><phrase category="Title" id="nev22021234n1-nev26592796n1" phrase-urn="urn:x-nevis:phrase:0800c8af877b8dc7">31443759 AA</phrase></li><li id="nev22021234n1-nev26592887n1"><phrase category="Title" id="nev22021234n1-nev26592797n1" phrase-urn="urn:x-nevis:phrase:0800c8af877b8dc8">31376614 AC</phrase></li><li id="nev22021234n1-nev26592888n1"><phrase category="Title" id="nev22021234n1-nev26592798n1" phrase-urn="urn:x-nevis:phrase:0800c8af877b8e23">31443758 AA</phrase></li></list></infoDisplay></Value></Variable><Variable Annotation="" Id="Internal_error" Scope="Local" Type="String" id="nev22021234n1-nev27765223n1"><Value Type="NevisPhraseVariable" id="nev22021234n1-nev27765224n1"><phrase category="Faulttracing" id="nev22021234n1-nev26584738n1" phrase-urn="urn:x-nevis:phrase:0800c8af877acf61">A fault is dete#@#@#158#"OK".</phrase></Value></Variable><Variable Annotation="" Id="MissingDID_LS" Scope="Global" Type="InfoDisplay" id="nev22021234n1-nev27765225n1"><Value Type="InfoDisplayVariable" id="nev22021234n1-nev27765226n1"><infoDisplay id="nev22021234n1-nev22161517n1"><para id="nev22021234n1-nev22496201n1"><b id="nev22021234n1-nev22496202n1"><phrase category="Faulttracing" id="nev22021234n1-nev22495576n1" phrase-urn="urn:x-nevis:phrase:0800c8af86949ba3"><diag:emph etype="bold">These functions#@#@#36#eters</diag:emph></phrase></b></para><list id="nev22021234n1-nev23185438n1"><li id="nev22021234n1-nev23185439n1"><phrase category="Faulttracing" id="nev22021234n1-nev23185399n1" phrase-urn="urn:x-nevis:phrase:0800c8af86953a4c">Left and right #@#@#11#tors:</phrase><phrase category="Faulttracing" id="nev22021234n1-nev23185400n1" phrase-urn="urn:x-nevis:phrase:0800c8af86953a5a">The activation #@#@#39#play.</phrase></li><li id="nev22021234n1-nev23185440n1"><phrase category="Faulttracing" id="nev22021234n1-nev23185403n1" phrase-urn="urn:x-nevis:phrase:0800c8af86953a55">High beam:</phrase><phrase category="Faulttracing" id="nev22021234n1-nev23185404n1" phrase-urn="urn:x-nevis:phrase:0800c8af86953a5a">The activation #@#@#39#play.</phrase></li><li id="nev22021234n1-nev23185441n1"><phrase category="Faulttracing" id="nev22021234n1-nev23185405n1" phrase-urn="urn:x-nevis:phrase:0800c8af86953a58">Thumbwheel:</phrase><phrase category="Faulttracing" id="nev22021234n1-nev23185406n1" phrase-urn="urn:x-nevis:phrase:0800c8af86953a5a">The activation #@#@#39#play.</phrase></li><li id="nev22021234n1-nev23185442n1"><phrase category="Faulttracing" id="nev22021234n1-nev23185407n1" phrase-urn="urn:x-nevis:phrase:0800c8af86953a59">Reset button:</phrase><phrase category="Faulttracing" id="nev22021234n1-nev23185408n1" phrase-urn="urn:x-nevis:phrase:0800c8af86953a5b">Click the butto#@#@#98#play.</phrase></li></list><note id="nev22021234n1-nev23185443n1"><phrase category="Faulttracing" id="nev22021234n1-nev23185409n1" phrase-urn="urn:x-nevis:phrase:0800c8af86967023">Switch on dippe#@#@#34#ight.</phrase></note><list id="nev22021234n1-nev23185445n1"><li id="nev22021234n1-nev23185446n1"><phrase category="Faulttracing" id="nev22021234n1-nev23185410n1" phrase-urn="urn:x-nevis:phrase:0800c8af86953a57">Fog lights rear:</phrase><phrase category="Faulttracing" id="nev22021234n1-nev23185411n1" phrase-urn="urn:x-nevis:phrase:0800c8af86953a5a">The activation #@#@#39#play.</phrase></li><li id="nev22021234n1-nev23185447n1"><phrase category="Faulttracing" id="nev22021234n1-nev23185412n1" phrase-urn="urn:x-nevis:phrase:0800c8af86953a56">Fog lights front:</phrase><phrase category="Faulttracing" id="nev22021234n1-nev23185413n1" phrase-urn="urn:x-nevis:phrase:0800c8af86953a5a">The activation #@#@#39#play.</phrase></li></list></infoDisplay></Value></Variable><Variable Annotation="" Id="PaddleDisableButton" Scope="Global" Type="Double" id="nev22021234n1-nev27765228n1"/><Variable Annotation="" Id="HSWDisableButton" Scope="Global" Type="Double" id="nev22021234n1-nev27765229n1"/><Variable Annotation="" Id="HSW_Start" Scope="Global" Type="Double" id="nev22021234n1-nev27765230n1"/><Variable Annotation="" Id="LS_Start" Scope="Global" Type="Double" id="nev22021234n1-nev27765231n1"/><Variable Annotation="" Id="WS_Start" Scope="Global" Type="Double" id="nev22021234n1-nev27765232n1"/><Variable Annotation="" Id="MainInfo" Scope="Global" Type="InfoDisplay" id="nev22021234n1-nev27765233n1"><Value Type="InfoDisplayVariable" id="nev22021234n1-nev27765234n1"><infoDisplay id="nev22021234n1-nev22021247n1"><title id="nev22021234n1-nev22496214n1"><phrase category="Title" id="nev22021234n1-nev26733112n1" phrase-urn="urn:x-nevis:phrase:0800c8af877d7e74">Steering Wheel #@#@#7#(SWM)</phrase></title><para id="nev22021234n1-nev22049865n1"><phrase category="Faulttracing" id="nev22021234n1-nev22050110n1" phrase-urn="urn:x-nevis:phrase:0800c8af869249c0">This tool is us#@#@#60#ctly.</phrase><phrase category="Faulttracing" id="nev22021234n1-nev22050111n1" phrase-urn="urn:x-nevis:phrase:0800c8af869249c1">Go through the #@#@#55#t is.</phrase></para><para id="nev22021234n1-nev22021254n1"><phrase category="Faulttracing" id="nev22021234n1-nev22050112n1" phrase-urn="urn:x-nevis:phrase:0800c8af869249c2">Remember that t#@#@#60#SWM).</phrase><phrase category="Faulttracing" id="nev22021234n1-nev22050114n1" phrase-urn="urn:x-nevis:phrase:0800c8af869249c3">For components #@#@#179#ulty.</phrase></para></infoDisplay></Value></Variable><Component Annotation="" ComponentId="SetGuiElementContent3" id="nev22021234n1-nev27765235n1"><SetGuiElementContent id="nev22021234n1-nev27765236n1"><Input ElementId="MainInformation" Text="{__Globals__.MainInfo}" id="nev22021234n1-nev27765237n1"/></SetGuiElementContent></Component><Component Annotation="" ComponentId="CallModule1" Enabled="false" id="nev22021234n1-nev27765238n1"><CallModule id="nev22021234n1-nev27765239n1"><Input Module="DTC_check" id="nev22021234n1-nev27765240n1"/></CallModule></Component><Component ComponentId="GearShiftPaddles" id="nev22021234n1-nev27765241n1"><ReadParameter id="nev22021234n1-nev27765242n1"><Input DID="F106" Delay="0" EcuID="CEM" ErrorHandlingType="2" ParameterID="1085777" Retries="0" id="nev22021234n1-nev27765243n1"/></ReadParameter></Component><Component Annotation="" ComponentId="HeatingSteeringWheel" id="nev22021234n1-nev27765244n1"><ReadParameter id="nev22021234n1-nev27765245n1"><Input DID="F106" Delay="0" EcuID="CEM" ErrorHandlingType="2" ParameterID="1022855" Retries="0" id="nev22021234n1-nev27765246n1"/></ReadParameter></Component><If Annotation="" LogicId="paddle" id="nev22021234n1-nev27765247n1"><LogicStatement Expression="GearShiftPaddles_Result.Parameter.Value == 1" id="nev22021234n1-nev27765248n1"/><True id="nev22021234n1-nev27765249n1"><Component ComponentId="AssignValue7" id="nev22021234n1-nev27765250n1"><AssignValue id="nev22021234n1-nev27765251n1"><Input AssignTo="{__Globals__.PaddleDisableButton}" Value="1" id="nev22021234n1-nev27765252n1"/></AssignValue></Component><Component Annotation="" ComponentId="SetGuiElementEnabled1" id="nev22021234n1-nev27765253n1"><SetGuiElementEnabled id="nev22021234n1-nev27765254n1"><Input ElementId="Paddlebutton" IsEnabled="False" id="nev22021234n1-nev27765255n1"/></SetGuiElementEnabled></Component></True><Else id="nev22021234n1-nev27765256n1"/></If><If LogicId="heatingSteeringWheel" id="nev22021234n1-nev27765257n1"><LogicStatement Expression="HeatingSteeringWheel_Result.Parameter.Value == 1 " id="nev22021234n1-nev27765258n1"/><True id="nev22021234n1-nev27765259n1"><Component Annotation="" ComponentId="AssignValue8" id="nev22021234n1-nev27765260n1"><AssignValue id="nev22021234n1-nev27765261n1"><Input AssignTo="{__Globals__.HSWDisableButton}" Value="1" id="nev22021234n1-nev27765262n1"/></AssignValue></Component><Component ComponentId="SetGuiElementEnabled2" id="nev22021234n1-nev27765263n1"><SetGuiElementEnabled id="nev22021234n1-nev27765264n1"><Input ElementId="HSWbutton" IsEnabled="False" id="nev22021234n1-nev27765265n1"/></SetGuiElementEnabled></Component></True><Else id="nev22021234n1-nev27765266n1"/></If><Component ComponentId="ReadParameter2" id="nev22021234n1-nev27765267n1"><ReadParameter id="nev22021234n1-nev27765268n1"><Input DID="F114" Delay="500" EcuID="CEM" ErrorHandlingType="2" ParameterID="61857" Retries="0" id="nev22021234n1-nev27765269n1"/></ReadParameter></Component><If Annotation="Checking structure week 1505 -&gt; 1632" LogicId="If18" id="nev22021234n1-nev27765270n1"><LogicStatement Expression="ReadParameter2_Result.Parameter.Value &lt;= '201632'" id="nev22021234n1-nev27765271n1"/><True id="nev22021234n1-nev27765272n1"><Component ComponentId="RunScript2" id="nev22021234n1-nev27765273n1"><RunScript id="nev22021234n1-nev27765274n1"><Input id="nev22021234n1-nev27765275n1"><NevisLink ProjectDocumentId="0800c8af870dd0d0" VCCNumber="VCC-488772-1" VariantId="0900c8af870dd004" id="nev22021234n1-nev27765276n1"/><Contract id="nev22021234n1-nev27765277n1"><InputVariable Name="DTC" Type="String" id="nev22021234n1-nev27765278n1"/><InputVariable Name="ECU" Type="String" id="nev22021234n1-nev27765279n1"/><OutputVariable Name="DTC_IsTestFailedSinceLastClear" Type="Double" id="nev22021234n1-nev27765280n1"/><OutputVariable Name="ScriptError" Type="Double" id="nev22021234n1-nev27765281n1"/></Contract><Arguments InputValue1="924E49" InputValue2="CEM" id="nev22021234n1-nev27765282n1"/><NevisXRef id="nev22021234n1-nev27094545n1"><ref id="nev22021234n1-nev27093664n1"><locator xlink:href="#nev22021234n1-nev27093664n1" xlink:type="locator"/><locator xlink:href="urn:x-nevis:xref:0800c8af870dd0d0:00000000:00000000#nev24452041n1" xlink:type="locator"/><arc nevis:href="urn:x-nevis:xref:0800c8af870dd0d0:00000000:00000000#nev24452041n1" xlink:title="VCC-488772, Check_if_DTC_test_failed_since_last_clear" xlink:type="arc"/></ref></NevisXRef></Input></RunScript></Component><Component ComponentId="RunScript3" id="nev22021234n1-nev27765286n1"><RunScript id="nev22021234n1-nev27765287n1"><Input id="nev22021234n1-nev27765288n1"><NevisLink ProjectDocumentId="0800c8af870dd0d0" VCCNumber="VCC-488772-1" VariantId="0900c8af870dd004" id="nev22021234n1-nev27765289n1"/><Contract id="nev22021234n1-nev27765290n1"><InputVariable Name="DTC" Type="String" id="nev22021234n1-nev27765291n1"/><InputVariable Name="ECU" Type="String" id="nev22021234n1-nev27765292n1"/><OutputVariable Name="DTC_IsTestFailedSinceLastClear" Type="Double" id="nev22021234n1-nev27765293n1"/><OutputVariable Name="ScriptError" Type="Double" id="nev22021234n1-nev27765294n1"/></Contract><Arguments InputValue1="954E29" InputValue2="CEM" id="nev22021234n1-nev27765295n1"/><NevisXRef id="nev22021234n1-nev27094559n1"><ref id="nev22021234n1-nev27093665n1"><locator xlink:href="#nev22021234n1-nev27093665n1" xlink:type="locator"/><locator xlink:href="urn:x-nevis:xref:0800c8af870dd0d0:00000000:00000000#nev24452041n1" xlink:type="locator"/><arc nevis:href="urn:x-nevis:xref:0800c8af870dd0d0:00000000:00000000#nev24452041n1" xlink:title="VCC-488772, Check_if_DTC_test_failed_since_last_clear" xlink:type="arc"/></ref></NevisXRef></Input></RunScript></Component><Component ComponentId="RunScript4" id="nev22021234n1-nev27765299n1"><RunScript id="nev22021234n1-nev27765300n1"><Input id="nev22021234n1-nev27765301n1"><NevisLink ProjectDocumentId="0800c8af870dd0d0" VCCNumber="VCC-488772-1" VariantId="0900c8af870dd004" id="nev22021234n1-nev27765302n1"/><Contract id="nev22021234n1-nev27765303n1"><InputVariable Name="DTC" Type="String" id="nev22021234n1-nev27765304n1"/><InputVariable Name="ECU" Type="String" id="nev22021234n1-nev27765305n1"/><OutputVariable Name="DTC_IsTestFailedSinceLastClear" Type="Double" id="nev22021234n1-nev27765306n1"/><OutputVariable Name="ScriptError" Type="Double" id="nev22021234n1-nev27765307n1"/></Contract><Arguments InputValue1="954F96" InputValue2="CEM" id="nev22021234n1-nev27765308n1"/><NevisXRef id="nev22021234n1-nev27094573n1"><ref id="nev22021234n1-nev27093666n1"><locator xlink:href="#nev22021234n1-nev27093666n1" xlink:type="locator"/><locator xlink:href="urn:x-nevis:xref:0800c8af870dd0d0:00000000:00000000#nev24452041n1" xlink:type="locator"/><arc nevis:href="urn:x-nevis:xref:0800c8af870dd0d0:00000000:00000000#nev24452041n1" xlink:title="VCC-488772, Check_if_DTC_test_failed_since_last_clear" xlink:type="arc"/></ref></NevisXRef></Input></RunScript></Component><Component ComponentId="RunScript5" id="nev22021234n1-nev27765312n1"><RunScript id="nev22021234n1-nev27765313n1"><Input id="nev22021234n1-nev27765314n1"><NevisLink ProjectDocumentId="0800c8af870dd0d0" VCCNumber="VCC-488772-1" VariantId="0900c8af870dd004" id="nev22021234n1-nev27765315n1"/><Contract id="nev22021234n1-nev27765316n1"><InputVariable Name="DTC" Type="String" id="nev22021234n1-nev27765317n1"/><InputVariable Name="ECU" Type="String" id="nev22021234n1-nev27765318n1"/><OutputVariable Name="DTC_IsTestFailedSinceLastClear" Type="Double" id="nev22021234n1-nev27765319n1"/><OutputVariable Name="ScriptError" Type="Double" id="nev22021234n1-nev27765320n1"/></Contract><Arguments InputValue1="953329" InputValue2="CEM" id="nev22021234n1-nev27765321n1"/><NevisXRef id="nev22021234n1-nev27094587n1"><ref id="nev22021234n1-nev27093667n1"><locator xlink:href="#nev22021234n1-nev27093667n1" xlink:type="locator"/><locator xlink:href="urn:x-nevis:xref:0800c8af870dd0d0:00000000:00000000#nev24452041n1" xlink:type="locator"/><arc nevis:href="urn:x-nevis:xref:0800c8af870dd0d0:00000000:00000000#nev24452041n1" xlink:title="VCC-488772, Check_if_DTC_test_failed_since_last_clear" xlink:type="arc"/></ref></NevisXRef></Input></RunScript></Component><Component ComponentId="RunScript6" id="nev22021234n1-nev27765325n1"><RunScript id="nev22021234n1-nev27765326n1"><Input id="nev22021234n1-nev27765327n1"><NevisLink ProjectDocumentId="0800c8af870dd0d0" VCCNumber="VCC-488772-1" VariantId="0900c8af870dd004" id="nev22021234n1-nev27765328n1"/><Contract id="nev22021234n1-nev27765329n1"><InputVariable Name="DTC" Type="String" id="nev22021234n1-nev27765330n1"/><InputVariable Name="ECU" Type="String" id="nev22021234n1-nev27765331n1"/><OutputVariable Name="DTC_IsTestFailedSinceLastClear" Type="Double" id="nev22021234n1-nev27765332n1"/><OutputVariable Name="ScriptError" Type="Double" id="nev22021234n1-nev27765333n1"/></Contract><Arguments InputValue1="954D29" InputValue2="CEM" id="nev22021234n1-nev27765334n1"/><NevisXRef id="nev22021234n1-nev27094601n1"><ref id="nev22021234n1-nev27093668n1"><locator xlink:href="#nev22021234n1-nev27093668n1" xlink:type="locator"/><locator xlink:href="urn:x-nevis:xref:0800c8af870dd0d0:00000000:00000000#nev24452041n1" xlink:type="locator"/><arc nevis:href="urn:x-nevis:xref:0800c8af870dd0d0:00000000:00000000#nev24452041n1" xlink:title="VCC-488772, Check_if_DTC_test_failed_since_last_clear" xlink:type="arc"/></ref></NevisXRef></Input></RunScript></Component><Component ComponentId="RunScript7" id="nev22021234n1-nev27765338n1"><RunScript id="nev22021234n1-nev27765339n1"><Input id="nev22021234n1-nev27765340n1"><NevisLink ProjectDocumentId="0800c8af870dd0d0" VCCNumber="VCC-488772-1" VariantId="0900c8af870dd004" id="nev22021234n1-nev27765341n1"/><Contract id="nev22021234n1-nev27765342n1"><InputVariable Name="DTC" Type="String" id="nev22021234n1-nev27765343n1"/><InputVariable Name="ECU" Type="String" id="nev22021234n1-nev27765344n1"/><OutputVariable Name="DTC_IsTestFailedSinceLastClear" Type="Double" id="nev22021234n1-nev27765345n1"/><OutputVariable Name="ScriptError" Type="Double" id="nev22021234n1-nev27765346n1"/></Contract><Arguments InputValue1="913081" InputValue2="CEM" id="nev22021234n1-nev27765347n1"/><NevisXRef id="nev22021234n1-nev27094615n1"><ref id="nev22021234n1-nev27093669n1"><locator xlink:href="#nev22021234n1-nev27093669n1" xlink:type="locator"/><locator xlink:href="urn:x-nevis:xref:0800c8af870dd0d0:00000000:00000000#nev24452041n1" xlink:type="locator"/><arc nevis:href="urn:x-nevis:xref:0800c8af870dd0d0:00000000:00000000#nev24452041n1" xlink:title="VCC-488772, Check_if_DTC_test_failed_since_last_clear" xlink:type="arc"/></ref></NevisXRef></Input></RunScript></Component><Component ComponentId="RunScript8" id="nev22021234n1-nev27765351n1"><RunScript id="nev22021234n1-nev27765352n1"><Input id="nev22021234n1-nev27765353n1"><NevisLink ProjectDocumentId="0800c8af870dd0d0" VCCNumber="VCC-488772-1" VariantId="0900c8af870dd004" id="nev22021234n1-nev27765354n1"/><Contract id="nev22021234n1-nev27765355n1"><InputVariable Name="DTC" Type="String" id="nev22021234n1-nev27765356n1"/><InputVariable Name="ECU" Type="String" id="nev22021234n1-nev27765357n1"/><OutputVariable Name="DTC_IsTestFailedSinceLastClear" Type="Double" id="nev22021234n1-nev27765358n1"/><OutputVariable Name="ScriptError" Type="Double" id="nev22021234n1-nev27765359n1"/></Contract><Arguments InputValue1="954D95" InputValue2="CEM" id="nev22021234n1-nev27765360n1"/><NevisXRef id="nev22021234n1-nev27094629n1"><ref id="nev22021234n1-nev27093670n1"><locator xlink:href="#nev22021234n1-nev27093670n1" xlink:type="locator"/><locator xlink:href="urn:x-nevis:xref:0800c8af870dd0d0:00000000:00000000#nev24452041n1" xlink:type="locator"/><arc nevis:href="urn:x-nevis:xref:0800c8af870dd0d0:00000000:00000000#nev24452041n1" xlink:title="VCC-488772, Check_if_DTC_test_failed_since_last_clear" xlink:type="arc"/></ref></NevisXRef></Input></RunScript></Component><If Annotation="Checking DTCs&#xD;&#xA;RunScript2_Result == 1 or RunScript3_Result == 1 or RunScript4_Result == 1&#xD;&#xA;ReadParameter2_Result.Parameter.Value &lt;= '201632'" LogicId="If19" id="nev22021234n1-nev27765364n1"><LogicStatement Expression="RunScript2_Result.DTC_IsTestFailedSinceLastClear == 1 &#xD;&#xA;or RunScript3_Result.DTC_IsTestFailedSinceLastClear == 1 &#xD;&#xA;or RunScript4_Result.DTC_IsTestFailedSinceLastClear == 1&#xD;&#xA;or RunScript5_Result.DTC_IsTestFailedSinceLastClear == 1&#xD;&#xA;or RunScript6_Result.DTC_IsTestFailedSinceLastClear == 1&#xD;&#xA;or RunScript7_Result.DTC_IsTestFailedSinceLastClear == 1&#xD;&#xA;or RunScript8_Result.DTC_IsTestFailedSinceLastClear == 1 " id="nev22021234n1-nev27765365n1"/><True id="nev22021234n1-nev27765366n1"><Component ComponentId="ReadParameter3" id="nev22021234n1-nev27765367n1"><ReadParameter id="nev22021234n1-nev27765368n1"><Input DID="F12A" Delay="500" EcuID="SWM" ErrorHandlingType="2" ParameterID="0" Retries="0" id="nev22021234n1-nev27765369n1"/></ReadParameter></Component><If Annotation="Checking the SWM P/N" LogicId="If20" id="nev22021234n1-nev27765370n1"><LogicStatement Expression="ReadParameter3_Result.Parameter.Raw == '31376615204143' or&#xD;&#xA;ReadParameter3_Result.Parameter.Raw == '31443759204141' or&#xD;&#xA;ReadParameter3_Result.Parameter.Raw == '31376614204143' or&#xD;&#xA;ReadParameter3_Result.Parameter.Raw == '31443758204141'" id="nev22021234n1-nev27765371n1"/><True id="nev22021234n1-nev27765372n1"><Component Annotation="" ComponentId="MessageBox4" id="nev22021234n1-nev27765373n1"><MessageBox id="nev22021234n1-nev27765374n1"><Input Button="3" MessageBoxType="1" id="nev22021234n1-nev27765375n1"><Header id="nev22021234n1-nev27765376n1"><Value Type="NevisPhraseVariable" id="nev22021234n1-nev27765377n1"><phrase category="Title" id="nev22021234n1-nev26585194n1" phrase-urn="urn:x-nevis:phrase:0800c8af81eb9a71">Internal fault</phrase></Value></Header><Message id="nev22021234n1-nev27765378n1"><Value Type="NevisPhraseVariable" id="nev22021234n1-nev27765379n1"><phrase category="Faulttracing" id="nev22021234n1-nev26584739n1" phrase-urn="urn:x-nevis:phrase:0800c8af877acf61">A fault is dete#@#@#158#"OK".</phrase></Value></Message></Input></MessageBox></Component><If Annotation="preceeding to the window when pressing OK button." LogicId="If21" id="nev22021234n1-nev27765380n1"><LogicStatement Expression="MessageBox4_Result.OK == True" id="nev22021234n1-nev27765381n1"/><True id="nev22021234n1-nev27765382n1"><Component Annotation="" ComponentId="SetGuiElementContent46" id="nev22021234n1-nev27765383n1"><SetGuiElementContent id="nev22021234n1-nev27765384n1"><Input ElementId="InfoDisplay1" Text="{Information_Internal_Error}" id="nev22021234n1-nev27765385n1"/></SetGuiElementContent></Component><Component ComponentId="SetGuiElementContent47" id="nev22021234n1-nev27765386n1"><SetGuiElementContent id="nev22021234n1-nev27765387n1"><Input ElementId="ParameterLabel1" Text="{ReadParameter3_Result Parameter}" id="nev22021234n1-nev27765388n1"/></SetGuiElementContent></Component><Component ComponentId="ShowWindow17" id="nev22021234n1-nev27765389n1"><ShowWindow id="nev22021234n1-nev27765390n1"><Input WindowId="Change_SWM_and_stalks_STR_1505_1632" id="nev22021234n1-nev27765391n1"/></ShowWindow></Component></True><Else id="nev22021234n1-nev27765392n1"/></If></True><Else id="nev22021234n1-nev27765393n1"/></If></True><Else id="nev22021234n1-nev27765394n1"/></If></True><Else id="nev22021234n1-nev27765395n1"/></If></Module><Module IsEventHandler="false" Name="Final" id="nev22021234n1-nev27765396n1"><Component ComponentId="AssignValue11" id="nev22021234n1-nev27765397n1"><AssignValue id="nev22021234n1-nev27765398n1"><Input AssignTo="{__Globals__.LS_Start}" Value="0" id="nev22021234n1-nev27765399n1"/></AssignValue></Component><Component ComponentId="AssignValue10" id="nev22021234n1-nev27765400n1"><AssignValue id="nev22021234n1-nev27765401n1"><Input AssignTo="{__Globals__.HSW_Start}" Value="0" id="nev22021234n1-nev27765402n1"/></AssignValue></Component><Component ComponentId="AssignValue9" id="nev22021234n1-nev27765403n1"><AssignValue id="nev22021234n1-nev27765404n1"><Input AssignTo="{__Globals__.WS_Start}" Value="0" id="nev22021234n1-nev27765405n1"/></AssignValue></Component></Module><Module IsEventHandler="true" Name="HSWbutton_Click" id="nev22021234n1-nev27765406n1"><Variable Annotation="" Id="HWS_Information" Scope="Local" Type="InfoDisplay" id="nev22021234n1-nev27765407n1"><Value Type="InfoDisplayVariable" id="nev22021234n1-nev27765408n1"><infoDisplay id="nev22021234n1-nev22094704n1"><title id="nev22021234n1-nev22496257n1"><phrase category="Qualifier" id="nev22021234n1-nev22495578n1" phrase-urn="urn:x-nevis:phrase:0800c8af8369379c">Information</phrase></title><para id="nev22021234n1-nev22109080n1"><phrase category="Faulttracing" id="nev22021234n1-nev22109035n1" phrase-urn="urn:x-nevis:phrase:0800c8af8694912e">The vehicle mus#@#@#63# out.</phrase><phrase category="Faulttracing" id="nev22021234n1-nev22109036n1" phrase-urn="urn:x-nevis:phrase:0800c8af869674d7">The test shows #@#@#28#atus.</phrase></para><para id="nev22021234n1-nev22109081n1"><phrase category="Faulttracing" id="nev22021234n1-nev22109039n1" phrase-urn="urn:x-nevis:phrase:0800c8af869674d8">Activate the st#@#@#33#atus.</phrase></para></infoDisplay></Value></Variable><Component Annotation="" ComponentId="ShowWindow1" id="nev22021234n1-nev27765409n1"><ShowWindow id="nev22021234n1-nev27765410n1"><Input WindowId="HSW" id="nev22021234n1-nev27765411n1"/></ShowWindow></Component><Component Annotation="" ComponentId="SetGuiElementContent31" id="nev22021234n1-nev27765412n1"><SetGuiElementContent id="nev22021234n1-nev27765413n1"><Input ElementId="HSWInfodisplay" Text="{HWS_Information}" id="nev22021234n1-nev27765414n1"/></SetGuiElementContent></Component></Module><Module IsEventHandler="true" Name="LSbutton_Click" id="nev22021234n1-nev27765415n1"><Variable Annotation="" Id="DimljusInfo" Scope="Local" Type="InfoDisplay" id="nev22021234n1-nev27765416n1"><Value Type="InfoDisplayVariable" id="nev22021234n1-nev27765417n1"><infoDisplay id="nev22021234n1-nev22103585n1"><para id="nev22021234n1-nev22103586n1"><b id="nev22021234n1-nev22103587n1"><phrase category="Faulttracing" id="nev22021234n1-nev22103472n1" phrase-urn="urn:x-nevis:phrase:0800c8af86967023">Switch on dippe#@#@#34#ight.</phrase></b></para></infoDisplay></Value></Variable><Variable Annotation="" Id="LS_Information" Scope="Local" Type="InfoDisplay" id="nev22021234n1-nev27765418n1"><Value Type="InfoDisplayVariable" id="nev22021234n1-nev27765419n1"><infoDisplay id="nev22021234n1-nev22072667n1"><title id="nev22021234n1-nev22496270n1"><phrase category="Faulttracing" id="nev22021234n1-nev22495582n1" phrase-urn="urn:x-nevis:phrase:0800c8af86949578"><diag:emph etype="bold">Test left-hand #@#@#11#talk.</diag:emph></phrase></title><para id="nev22021234n1-nev22078590n1"><phrase category="Faulttracing" id="nev22021234n1-nev22078331n1" phrase-urn="urn:x-nevis:phrase:0800c8af86949c91">The test shows #@#@#36#tion.</phrase></para><para id="nev22021234n1-nev22078591n1"><phrase category="Faulttracing" id="nev22021234n1-nev22078332n1" phrase-urn="urn:x-nevis:phrase:0800c8af86949c92">Go through the #@#@#89#ctly.</phrase></para><para id="nev22021234n1-nev22082351n1"><b id="nev22021234n1-nev22082352n1"><phrase category="Faulttracing" id="nev22021234n1-nev22079984n1" phrase-urn="urn:x-nevis:phrase:0800c8af86952e74"><diag:emph etype="bold">Reading out fun#@#@#11#eters</diag:emph></phrase></b></para></infoDisplay></Value></Variable><Component Annotation="" ComponentId="ShowWindow2" id="nev22021234n1-nev27765422n1"><ShowWindow id="nev22021234n1-nev27765423n1"><Input WindowId="LS" id="nev22021234n1-nev27765424n1"/></ShowWindow></Component><Component Annotation="" ComponentId="SetGuiElementContent24" id="nev22021234n1-nev27765425n1"><SetGuiElementContent id="nev22021234n1-nev27765426n1"><Input ElementId="LightStalkInformation" Text="{LS_Information}" id="nev22021234n1-nev27765427n1"/></SetGuiElementContent></Component><Component Annotation="" ComponentId="SetGuiElementContent26" id="nev22021234n1-nev27765428n1"><SetGuiElementContent id="nev22021234n1-nev27765429n1"><Input ElementId="MissingDID_LS" Text="{__Globals__.MissingDID_LS}" id="nev22021234n1-nev27765430n1"/></SetGuiElementContent></Component></Module><Module IsEventHandler="true" Name="WSbutton_Click" id="nev22021234n1-nev27765431n1"><Variable Annotation="" Id="ParameterCEMutgang" Scope="Local" Type="InfoDisplay" id="nev22021234n1-nev27765432n1"><Value Type="InfoDisplayVariable" id="nev22021234n1-nev27765433n1"><infoDisplay id="nev22021234n1-nev22103608n1"><para id="nev22021234n1-nev22103609n1"><b id="nev22021234n1-nev22103610n1"><phrase category="Faulttracing" id="nev22021234n1-nev22104128n1" phrase-urn="urn:x-nevis:phrase:0800c8af869670a3"><diag:emph etype="bold">Note that the p#@#@#43#s of <diag:emph etype="bold">Central Electro#@#@#12#CEM).</diag:emph></diag:emph></phrase></b></para><para id="nev22021234n1-nev22169488n1"><phrase category="Faulttracing" id="nev22021234n1-nev22169262n1" phrase-urn="urn:x-nevis:phrase:0800c8af8694937d">Rear wiper</phrase></para><para id="nev22021234n1-nev22169490n1"><phrase category="Faulttracing" id="nev22021234n1-nev22169263n1" phrase-urn="urn:x-nevis:phrase:0800c8af8694937e">Washer front.</phrase></para><para id="nev22021234n1-nev22169492n1"><phrase category="Faulttracing" id="nev22021234n1-nev22169264n1" phrase-urn="urn:x-nevis:phrase:0800c8af8694937f">Washer rear.</phrase></para></infoDisplay></Value></Variable><Variable Annotation="" Id="WiperStalkInformation" Scope="Local" Type="InfoDisplay" id="nev22021234n1-nev27765436n1"><Value Type="InfoDisplayVariable" id="nev22021234n1-nev27765437n1"><infoDisplay id="nev22021234n1-nev22067689n1"><title id="nev22021234n1-nev22496288n1"><phrase category="Faulttracing" id="nev22021234n1-nev22495581n1" phrase-urn="urn:x-nevis:phrase:0800c8af8694937b"><diag:emph etype="bold">Test right-hand#@#@#12#talk.</diag:emph></phrase></title><para id="nev22021234n1-nev22068461n1"><phrase category="Faulttracing" id="nev22021234n1-nev22068435n1" phrase-urn="urn:x-nevis:phrase:0800c8af8694912f">The test shows #@#@#37#tion.</phrase></para><para id="nev22021234n1-nev22068462n1"><phrase category="Faulttracing" id="nev22021234n1-nev22068436n1" phrase-urn="urn:x-nevis:phrase:0800c8af86949130">Go through the #@#@#90#ctly.</phrase><phrase category="Faulttracing" id="nev22021234n1-nev22068437n1" phrase-urn="urn:x-nevis:phrase:0800c8af86949131">If the paramete#@#@#77#king.</phrase></para><para id="nev22021234n1-nev22418180n1"><b id="nev22021234n1-nev22418181n1"><phrase category="Faulttracing" id="nev22021234n1-nev22417983n1" phrase-urn="urn:x-nevis:phrase:0800c8af86949ba3"><diag:emph etype="bold">These functions#@#@#36#eters</diag:emph></phrase></b></para><para id="nev22021234n1-nev22418183n1"><phrase category="Faulttracing" id="nev22021234n1-nev22417984n1" phrase-urn="urn:x-nevis:phrase:0800c8af86953a18">Rain and light #@#@#14#tton:</phrase><phrase category="Faulttracing" id="nev22021234n1-nev22418073n1" phrase-urn="urn:x-nevis:phrase:0800c8af86953a5a">The activation #@#@#39#play.</phrase></para><para id="nev22021234n1-nev22103615n1"><b id="nev22021234n1-nev22103616n1"><phrase category="Faulttracing" id="nev22021234n1-nev22103555n1" phrase-urn="urn:x-nevis:phrase:0800c8af86952e74"><diag:emph etype="bold">Reading out fun#@#@#11#eters</diag:emph></phrase></b></para></infoDisplay></Value></Variable><Component ComponentId="ShowWindow3" id="nev22021234n1-nev27765441n1"><ShowWindow id="nev22021234n1-nev27765442n1"><Input WindowId="WS" id="nev22021234n1-nev27765443n1"/></ShowWindow></Component><Component Annotation="" ComponentId="SetGuiElementContent21" id="nev22021234n1-nev27765444n1"><SetGuiElementContent id="nev22021234n1-nev27765445n1"><Input ElementId="WiperstalkInformation" Text="{WiperStalkInformation}" id="nev22021234n1-nev27765446n1"/></SetGuiElementContent></Component></Module><Module IsEventHandler="true" Name="BackToMain_WS_Click" id="nev22021234n1-nev27765447n1"><Component ComponentId="AssignValue2" id="nev22021234n1-nev27765448n1"><AssignValue id="nev22021234n1-nev27765449n1"><Input AssignTo="{__Globals__.WS_Start}" Value="0" id="nev22021234n1-nev27765450n1"/></AssignValue></Component><Component ComponentId="GetMainWindow" id="nev22021234n1-nev27765451n1"><ShowWindow id="nev22021234n1-nev27765452n1"><Input WindowId="Main" id="nev22021234n1-nev27765453n1"/></ShowWindow></Component><Component ComponentId="SetGuiElementContent16" id="nev22021234n1-nev27765454n1"><SetGuiElementContent id="nev22021234n1-nev27765455n1"><Input ElementId="MainInformation" Text="{__Globals__.MainInfo}" id="nev22021234n1-nev27765456n1"/></SetGuiElementContent></Component><If LogicId="If4" id="nev22021234n1-nev27765457n1"><LogicStatement Expression="__Globals__.HSWDisableButton == 1" id="nev22021234n1-nev27765458n1"/><True id="nev22021234n1-nev27765459n1"><Component ComponentId="SetGuiElementEnabled3" id="nev22021234n1-nev27765460n1"><SetGuiElementEnabled id="nev22021234n1-nev27765461n1"><Input ElementId="HSWbutton" IsEnabled="False" id="nev22021234n1-nev27765462n1"/></SetGuiElementEnabled></Component></True><Else id="nev22021234n1-nev27765463n1"/></If><If LogicId="If10" id="nev22021234n1-nev27765464n1"><LogicStatement Expression="__Globals__.PaddleDisableButton == 1" id="nev22021234n1-nev27765465n1"/><True id="nev22021234n1-nev27765466n1"><Component ComponentId="SetGuiElementEnabled14" id="nev22021234n1-nev27765467n1"><SetGuiElementEnabled id="nev22021234n1-nev27765468n1"><Input ElementId="Paddlebutton" IsEnabled="False" id="nev22021234n1-nev27765469n1"/></SetGuiElementEnabled></Component></True><Else id="nev22021234n1-nev27765470n1"/></If></Module><Module IsEventHandler="true" Name="BackToMain_Horn_Click" id="nev22021234n1-nev27765471n1"><Component ComponentId="ShowWindow5" id="nev22021234n1-nev27765472n1"><ShowWindow id="nev22021234n1-nev27765473n1"><Input WindowId="Main" id="nev22021234n1-nev27765474n1"/></ShowWindow></Component><Component Annotation="" ComponentId="SetGuiElementContent11" id="nev22021234n1-nev27765475n1"><SetGuiElementContent id="nev22021234n1-nev27765476n1"><Input ElementId="MainInformation" Text="{__Globals__.MainInfo}" id="nev22021234n1-nev27765477n1"/></SetGuiElementContent></Component><If LogicId="If5" id="nev22021234n1-nev27765478n1"><LogicStatement Expression="__Globals__.HSWDisableButton == 1" id="nev22021234n1-nev27765479n1"/><True id="nev22021234n1-nev27765480n1"><Component ComponentId="SetGuiElementEnabled4" id="nev22021234n1-nev27765481n1"><SetGuiElementEnabled id="nev22021234n1-nev27765482n1"><Input ElementId="HSWbutton" IsEnabled="False" id="nev22021234n1-nev27765483n1"/></SetGuiElementEnabled></Component></True><Else id="nev22021234n1-nev27765484n1"/></If><If LogicId="If11" id="nev22021234n1-nev27765485n1"><LogicStatement Expression="__Globals__.PaddleDisableButton == 1" id="nev22021234n1-nev27765486n1"/><True id="nev22021234n1-nev27765487n1"><Component ComponentId="SetGuiElementEnabled15" id="nev22021234n1-nev27765488n1"><SetGuiElementEnabled id="nev22021234n1-nev27765489n1"><Input ElementId="Paddlebutton" IsEnabled="False" id="nev22021234n1-nev27765490n1"/></SetGuiElementEnabled></Component></True><Else id="nev22021234n1-nev27765491n1"/></If></Module><Module IsEventHandler="true" Name="BackToMain_LS_Click" id="nev22021234n1-nev27765492n1"><Component ComponentId="AssignValue4" id="nev22021234n1-nev27765493n1"><AssignValue id="nev22021234n1-nev27765494n1"><Input AssignTo="{__Globals__.LS_Start}" Value="0" id="nev22021234n1-nev27765495n1"/></AssignValue></Component><Component ComponentId="ShowWindow6" id="nev22021234n1-nev27765496n1"><ShowWindow id="nev22021234n1-nev27765497n1"><Input WindowId="Main" id="nev22021234n1-nev27765498n1"/></ShowWindow></Component><Component ComponentId="SetGuiElementContent22" id="nev22021234n1-nev27765499n1"><SetGuiElementContent id="nev22021234n1-nev27765500n1"><Input ElementId="MainInformation" Text="{__Globals__.MainInfo}" id="nev22021234n1-nev27765501n1"/></SetGuiElementContent></Component><If LogicId="If6" id="nev22021234n1-nev27765502n1"><LogicStatement Expression="__Globals__.HSWDisableButton == 1" id="nev22021234n1-nev27765503n1"/><True id="nev22021234n1-nev27765504n1"><Component ComponentId="SetGuiElementEnabled6" id="nev22021234n1-nev27765505n1"><SetGuiElementEnabled id="nev22021234n1-nev27765506n1"><Input ElementId="HSWbutton" IsEnabled="False" id="nev22021234n1-nev27765507n1"/></SetGuiElementEnabled></Component></True><Else id="nev22021234n1-nev27765508n1"/></If><If LogicId="If12" id="nev22021234n1-nev27765509n1"><LogicStatement Expression="__Globals__.PaddleDisableButton == 1" id="nev22021234n1-nev27765510n1"/><True id="nev22021234n1-nev27765511n1"><Component ComponentId="SetGuiElementEnabled16" id="nev22021234n1-nev27765512n1"><SetGuiElementEnabled id="nev22021234n1-nev27765513n1"><Input ElementId="Paddlebutton" IsEnabled="False" id="nev22021234n1-nev27765514n1"/></SetGuiElementEnabled></Component></True><Else id="nev22021234n1-nev27765515n1"/></If></Module><Module IsEventHandler="true" Name="BackToMain_HSW_Click" id="nev22021234n1-nev27765516n1"><Component ComponentId="AssignValue6" id="nev22021234n1-nev27765517n1"><AssignValue id="nev22021234n1-nev27765518n1"><Input AssignTo="{__Globals__.HSW_Start}" Value="0" id="nev22021234n1-nev27765519n1"/></AssignValue></Component><Component ComponentId="ShowWindow7" id="nev22021234n1-nev27765520n1"><ShowWindow id="nev22021234n1-nev27765521n1"><Input WindowId="Main" id="nev22021234n1-nev27765522n1"/></ShowWindow></Component><Component ComponentId="SetGuiElementContent23" id="nev22021234n1-nev27765523n1"><SetGuiElementContent id="nev22021234n1-nev27765524n1"><Input ElementId="MainInformation" Text="{__Globals__.MainInfo}" id="nev22021234n1-nev27765525n1"/></SetGuiElementContent></Component><If LogicId="If13" id="nev22021234n1-nev27765526n1"><LogicStatement Expression="__Globals__.PaddleDisableButton == 1" id="nev22021234n1-nev27765527n1"/><True id="nev22021234n1-nev27765528n1"><Component ComponentId="SetGuiElementEnabled17" id="nev22021234n1-nev27765529n1"><SetGuiElementEnabled id="nev22021234n1-nev27765530n1"><Input ElementId="Paddlebutton" IsEnabled="False" id="nev22021234n1-nev27765531n1"/></SetGuiElementEnabled></Component></True><Else id="nev22021234n1-nev27765532n1"/></If></Module><Module IsEventHandler="true" Name="BackToMain_SWButton_Click" id="nev22021234n1-nev27765533n1"><Component ComponentId="ShowWindow9" id="nev22021234n1-nev27765534n1"><ShowWindow id="nev22021234n1-nev27765535n1"><Input WindowId="Main" id="nev22021234n1-nev27765536n1"/></ShowWindow></Component><Component ComponentId="SetGuiElementContent7" id="nev22021234n1-nev27765537n1"><SetGuiElementContent id="nev22021234n1-nev27765538n1"><Input ElementId="MainInformation" Text="{__Globals__.MainInfo}" id="nev22021234n1-nev27765539n1"/></SetGuiElementContent></Component><If LogicId="If8" id="nev22021234n1-nev27765540n1"><LogicStatement Expression="__Globals__.HSWDisableButton == 1" id="nev22021234n1-nev27765541n1"/><True id="nev22021234n1-nev27765542n1"><Component ComponentId="SetGuiElementEnabled10" id="nev22021234n1-nev27765543n1"><SetGuiElementEnabled id="nev22021234n1-nev27765544n1"><Input ElementId="HSWbutton" IsEnabled="False" id="nev22021234n1-nev27765545n1"/></SetGuiElementEnabled></Component></True><Else id="nev22021234n1-nev27765546n1"/></If><If LogicId="If14" id="nev22021234n1-nev27765547n1"><LogicStatement Expression="__Globals__.PaddleDisableButton == 1" id="nev22021234n1-nev27765548n1"/><True id="nev22021234n1-nev27765549n1"><Component ComponentId="SetGuiElementEnabled18" id="nev22021234n1-nev27765550n1"><SetGuiElementEnabled id="nev22021234n1-nev27765551n1"><Input ElementId="Paddlebutton" IsEnabled="False" id="nev22021234n1-nev27765552n1"/></SetGuiElementEnabled></Component></True><Else id="nev22021234n1-nev27765553n1"/></If></Module><Module IsEventHandler="true" Name="SWButton_Click" id="nev22021234n1-nev27765554n1"><Variable Annotation="" Id="SWButtonInformation" Scope="Local" Type="InfoDisplay" id="nev22021234n1-nev27765555n1"><Value Type="InfoDisplayVariable" id="nev22021234n1-nev27765556n1"><infoDisplay id="nev22021234n1-nev22021312n1"><title id="nev22021234n1-nev22496408n1"><phrase category="Faulttracing" id="nev22021234n1-nev22495607n1" phrase-urn="urn:x-nevis:phrase:0800c8af86924a5e">Test steering w#@#@#7#tton.</phrase></title><para id="nev22021234n1-nev22021316n1"><phrase category="Faulttracing" id="nev22021234n1-nev22051201n1" phrase-urn="urn:x-nevis:phrase:0800c8af86924a5f">Disconnect the #@#@#85#work.</phrase><phrase category="Faulttracing" id="nev22021234n1-nev22051202n1" phrase-urn="urn:x-nevis:phrase:0800c8af86924a60">Check that the #@#@#129#tion.</phrase></para></infoDisplay></Value></Variable><Component ComponentId="ShowWindow10" id="nev22021234n1-nev27765557n1"><ShowWindow id="nev22021234n1-nev27765558n1"><Input WindowId="SWButtons" id="nev22021234n1-nev27765559n1"/></ShowWindow></Component><Component Annotation="" ComponentId="SetGuiElementContent5" id="nev22021234n1-nev27765560n1"><SetGuiElementContent id="nev22021234n1-nev27765561n1"><Input ElementId="SWButtonInfoDisplay" Text="{SWButtonInformation}" id="nev22021234n1-nev27765562n1"/></SetGuiElementContent></Component></Module><Module IsEventHandler="true" Name="BackToMain_Airbag_Click" id="nev22021234n1-nev27765563n1"><Component ComponentId="SetGuiElementEnabled13" id="nev22021234n1-nev27765564n1"><SetGuiElementEnabled id="nev22021234n1-nev27765565n1"><Input ElementId="HSWbutton" IsEnabled="False" id="nev22021234n1-nev27765566n1"/></SetGuiElementEnabled></Component><Component ComponentId="ShowWindow12" id="nev22021234n1-nev27765567n1"><ShowWindow id="nev22021234n1-nev27765568n1"><Input WindowId="Main" id="nev22021234n1-nev27765569n1"/></ShowWindow></Component><Component Annotation="" ComponentId="SetGuiElementContent4" id="nev22021234n1-nev27765570n1"><SetGuiElementContent id="nev22021234n1-nev27765571n1"><Input ElementId="MainInformation" Text="{__Globals__.MainInfo}" id="nev22021234n1-nev27765572n1"/></SetGuiElementContent></Component><If LogicId="If9" id="nev22021234n1-nev27765573n1"><LogicStatement Expression="__Globals__.HSWDisableButton == 1" id="nev22021234n1-nev27765574n1"/><True id="nev22021234n1-nev27765575n1"><Component ComponentId="SetGuiElementEnabled12" id="nev22021234n1-nev27765576n1"><SetGuiElementEnabled id="nev22021234n1-nev27765577n1"><Input ElementId="HSWbutton" IsEnabled="False" id="nev22021234n1-nev27765578n1"/></SetGuiElementEnabled></Component></True><Else id="nev22021234n1-nev27765579n1"/></If><If LogicId="If15" id="nev22021234n1-nev27765580n1"><LogicStatement Expression="__Globals__.PaddleDisableButton == 1" id="nev22021234n1-nev27765581n1"/><True id="nev22021234n1-nev27765582n1"><Component ComponentId="SetGuiElementEnabled19" id="nev22021234n1-nev27765583n1"><SetGuiElementEnabled id="nev22021234n1-nev27765584n1"><Input ElementId="Paddlebutton" IsEnabled="False" id="nev22021234n1-nev27765585n1"/></SetGuiElementEnabled></Component></True><Else id="nev22021234n1-nev27765586n1"/></If></Module><Module IsEventHandler="true" Name="Airbagbutton_Click" id="nev22021234n1-nev27765587n1"><Variable Annotation="" Id="WarningTitle" Scope="Local" Type="String" id="nev22021234n1-nev27765588n1"><Value Type="NevisPhraseVariable" id="nev22021234n1-nev27765589n1"><phrase category="Faulttracing" id="nev22021234n1-nev22050644n1" phrase-urn="urn:x-nevis:phrase:0800c8af8572ed5c">Warning</phrase></Value></Variable><Variable Annotation="" Id="AirbagWarningMessage" Scope="Local" Type="String" id="nev22021234n1-nev27765590n1"><Value Type="NevisPhraseVariable" id="nev22021234n1-nev27765591n1"><phrase category="Faulttracing" id="nev22021234n1-nev22050642n1" phrase-urn="urn:x-nevis:phrase:0800c8af86924a5d">Before executin#@#@#165#icle.</phrase></Value></Variable><Variable Annotation="" Id="AirbagInformation" Scope="Local" Type="InfoDisplay" id="nev22021234n1-nev27765592n1"><Value Type="InfoDisplayVariable" id="nev22021234n1-nev27765593n1"><infoDisplay id="nev22021234n1-nev22021338n1"><title id="nev22021234n1-nev22496446n1"><phrase category="Faulttracing" id="nev22021234n1-nev22495608n1" phrase-urn="urn:x-nevis:phrase:0800c8af869249c9">Test airbag.</phrase></title><para id="nev22021234n1-nev22021342n1"><phrase category="Faulttracing" id="nev22021234n1-nev22050636n1" phrase-urn="urn:x-nevis:phrase:0800c8af86924a59">To test this fu#@#@#3#ion, <diag:emph etype="bold">all</diag:emph> connectors to the <diag:emph etype="bold"> Steering Wheel#@#@#8#(SWM)</diag:emph> must be discon#@#@#10# the <diag:emph etype="bold">Steering Wheel #@#@#7#(SWM)</diag:emph> disconnected t#@#@#43#ally.</phrase></para><orderedlist id="nev22021234n1-nev22021344n1"><li id="nev22021234n1-nev22021345n1"><phrase category="Faulttracing" id="nev22021234n1-nev22050637n1" phrase-urn="urn:x-nevis:phrase:0800c8af86924a5a">Disconnect the #@#@#41# the <diag:emph etype="bold"> Steering Wheel#@#@#8#(SWM)</diag:emph> is closed by t#@#@#24# the <diag:emph etype="bold">Steering Wheel #@#@#7#(SWM)</diag:emph>.</phrase></li></orderedlist><para id="nev22021234n1-nev23190714n1"><phrase category="Faulttracing" id="nev22021234n1-nev23190465n1" phrase-urn="urn:x-nevis:phrase:0800c8af86924a5b">If the circuit #@#@#99#dule.</phrase></para></infoDisplay></Value></Variable><Component ComponentId="ShowWindow13" id="nev22021234n1-nev27765599n1"><ShowWindow id="nev22021234n1-nev27765600n1"><Input WindowId="Airbag" id="nev22021234n1-nev27765601n1"/></ShowWindow></Component><Component Annotation="" ComponentId="SetGuiElementContent8" id="nev22021234n1-nev27765602n1"><SetGuiElementContent id="nev22021234n1-nev27765603n1"><Input ElementId="AirbagInformationDisplay" Text="{AirbagInformation}" id="nev22021234n1-nev27765604n1"/></SetGuiElementContent></Component><Component Annotation="" ComponentId="MessageBox2" id="nev22021234n1-nev27765605n1"><MessageBox id="nev22021234n1-nev27765606n1"><Input Button="1" Header="{WarningTitle}" Message="{AirbagWarningMessage}" MessageBoxType="2" id="nev22021234n1-nev27765607n1"/></MessageBox></Component></Module><Module IsEventHandler="true" Name="Hornbutton_Click" id="nev22021234n1-nev27765608n1"><Variable Annotation="" Id="HornInformation" Scope="Local" Type="InfoDisplay" id="nev22021234n1-nev27765609n1"><Value Type="InfoDisplayVariable" id="nev22021234n1-nev27765610n1"><infoDisplay id="nev22021234n1-nev22021361n1"><title id="nev22021234n1-nev22496459n1"><phrase category="Faulttracing" id="nev22021234n1-nev22495609n1" phrase-urn="urn:x-nevis:phrase:0800c8af86924b9d"><diag:emph etype="bold">Test horn.</diag:emph></phrase></title><para id="nev22021234n1-nev22021365n1"><phrase category="Faulttracing" id="nev22021234n1-nev22051198n1" phrase-urn="urn:x-nevis:phrase:0800c8af86924a62">Disconnect the #@#@#67#work.</phrase><phrase category="Faulttracing" id="nev22021234n1-nev22051199n1" phrase-urn="urn:x-nevis:phrase:0800c8af86924a87">Check that the #@#@#95#ound.</phrase></para></infoDisplay></Value></Variable><Component ComponentId="ShowWindow14" id="nev22021234n1-nev27765612n1"><ShowWindow id="nev22021234n1-nev27765613n1"><Input WindowId="Horn" id="nev22021234n1-nev27765614n1"/></ShowWindow></Component><Component Annotation="" ComponentId="SetGuiElementContent10" id="nev22021234n1-nev27765615n1"><SetGuiElementContent id="nev22021234n1-nev27765616n1"><Input ElementId="HornInfoDisplay" Text="{HornInformation}" id="nev22021234n1-nev27765617n1"/></SetGuiElementContent></Component></Module><Module IsEventHandler="true" Name="BackToMain_paddles_Click" id="nev22021234n1-nev27765618n1"><Component ComponentId="ShowWindow16" id="nev22021234n1-nev27765619n1"><ShowWindow id="nev22021234n1-nev27765620n1"><Input WindowId="Main" id="nev22021234n1-nev27765621n1"/></ShowWindow></Component><Component ComponentId="SetGuiElementContent13" id="nev22021234n1-nev27765622n1"><SetGuiElementContent id="nev22021234n1-nev27765623n1"><Input ElementId="MainInformation" Text="{__Globals__.MainInfo}" id="nev22021234n1-nev27765624n1"/></SetGuiElementContent></Component><If LogicId="If16" id="nev22021234n1-nev27765625n1"><LogicStatement Expression="__Globals__.HSWDisableButton == 1" id="nev22021234n1-nev27765626n1"/><True id="nev22021234n1-nev27765627n1"><Component ComponentId="SetGuiElementEnabled20" id="nev22021234n1-nev27765628n1"><SetGuiElementEnabled id="nev22021234n1-nev27765629n1"><Input ElementId="HSWbutton" IsEnabled="False" id="nev22021234n1-nev27765630n1"/></SetGuiElementEnabled></Component></True><Else id="nev22021234n1-nev27765631n1"/></If></Module><Module IsEventHandler="true" Name="Paddlebutton_Click" id="nev22021234n1-nev27765632n1"><Variable Annotation="" Id="PaddleInformation" Scope="Local" Type="InfoDisplay" id="nev22021234n1-nev27765633n1"><Value Type="InfoDisplayVariable" id="nev22021234n1-nev27765634n1"><infoDisplay id="nev22021234n1-nev22021387n1"><title id="nev22021234n1-nev22496484n1"><phrase category="Faulttracing" id="nev22021234n1-nev23217453n1" phrase-urn="urn:x-nevis:phrase:0800c8af86924b9f">Test steering w#@#@#8#dles.</phrase></title><para id="nev22021234n1-nev22021391n1"><phrase category="Faulttracing" id="nev22021234n1-nev22051195n1" phrase-urn="urn:x-nevis:phrase:0800c8af86924a89">To test that th#@#@#114#SWM).</phrase><phrase category="Faulttracing" id="nev22021234n1-nev22051196n1" phrase-urn="urn:x-nevis:phrase:0800c8af86924a8a">To ensure that #@#@#113#ound.</phrase></para></infoDisplay></Value></Variable><Component ComponentId="ShowWindow15" id="nev22021234n1-nev27765635n1"><ShowWindow id="nev22021234n1-nev27765636n1"><Input WindowId="Paddles" id="nev22021234n1-nev27765637n1"/></ShowWindow></Component><Component Annotation="" ComponentId="SetGuiElementContent14" id="nev22021234n1-nev27765638n1"><SetGuiElementContent id="nev22021234n1-nev27765639n1"><Input ElementId="PaddleInfoDisplay" Text="{PaddleInformation}" id="nev22021234n1-nev27765640n1"/></SetGuiElementContent></Component></Module><Module IsEventHandler="true" Name="StartTest_WS_Click" id="nev22021234n1-nev27765641n1"><Component Annotation="" ComponentId="AssignValue1" id="nev22021234n1-nev27765642n1"><AssignValue id="nev22021234n1-nev27765643n1"><Input AssignTo="{__Globals__.WS_Start}" Value="1" id="nev22021234n1-nev27765644n1"/></AssignValue></Component><While LogicId="While1" id="nev22021234n1-nev27765645n1"><LogicStatement Expression="__Globals__.WS_Start == 1" id="nev22021234n1-nev27765646n1"/><Component ComponentId="FrontWiper" id="nev22021234n1-nev27765647n1"><ReadParameter id="nev22021234n1-nev27765648n1"><Input DID="4218" Delay="0" EcuID="CEM" ErrorHandlingType="2" ParameterID="1132141" Retries="0" id="nev22021234n1-nev27765649n1"/></ReadParameter></Component><Component ComponentId="SetGuiElementContent45" id="nev22021234n1-nev27765650n1"><SetGuiElementContent id="nev22021234n1-nev27765651n1"><Input ElementId="ParameterLabelFrontWiper" Text="{FrontWiper_Result Parameter}" id="nev22021234n1-nev27765652n1"/></SetGuiElementContent></Component><Component ComponentId="RearWiper" id="nev22021234n1-nev27765653n1"><ReadParameter id="nev22021234n1-nev27765654n1"><Input DID="4209" Delay="0" EcuID="CEM" ErrorHandlingType="2" ParameterID="46766" Retries="0" id="nev22021234n1-nev27765655n1"/></ReadParameter></Component><Component ComponentId="SetGuiElementContent18" id="nev22021234n1-nev27765656n1"><SetGuiElementContent id="nev22021234n1-nev27765657n1"><Input ElementId="ParameterLabelRearWiper" Text="{RearWiper_Result Parameter}" id="nev22021234n1-nev27765658n1"/></SetGuiElementContent></Component><Component ComponentId="WasherFront" id="nev22021234n1-nev27765659n1"><ReadParameter id="nev22021234n1-nev27765660n1"><Input DID="420A" Delay="0" EcuID="CEM" ErrorHandlingType="2" ParameterID="68251" Retries="0" id="nev22021234n1-nev27765661n1"/></ReadParameter></Component><Component ComponentId="SetGuiElementContent19" id="nev22021234n1-nev27765662n1"><SetGuiElementContent id="nev22021234n1-nev27765663n1"><Input ElementId="ParameterLabelWasherFront" Text="{WasherFront_Result Parameter}" id="nev22021234n1-nev27765664n1"/></SetGuiElementContent></Component><Component ComponentId="WasherRear" id="nev22021234n1-nev27765665n1"><ReadParameter id="nev22021234n1-nev27765666n1"><Input DID="420B" Delay="0" EcuID="CEM" ErrorHandlingType="2" ParameterID="72118" Retries="0" id="nev22021234n1-nev27765667n1"/></ReadParameter></Component><Component ComponentId="SetGuiElementContent20" id="nev22021234n1-nev27765668n1"><SetGuiElementContent id="nev22021234n1-nev27765669n1"><Input ElementId="ParameterLabelWasherRear" Text="{WasherRear_Result Parameter}" id="nev22021234n1-nev27765670n1"/></SetGuiElementContent></Component></While></Module><Module IsEventHandler="true" Name="StartTest_LS_Click" id="nev22021234n1-nev27765671n1"><Component ComponentId="AssignValue3" id="nev22021234n1-nev27765672n1"><AssignValue id="nev22021234n1-nev27765673n1"><Input AssignTo="{__Globals__.LS_Start}" Value="1" id="nev22021234n1-nev27765674n1"/></AssignValue></Component><While Annotation="" LogicId="While2" id="nev22021234n1-nev27765675n1"><LogicStatement Expression="__Globals__.LS_Start == 1" id="nev22021234n1-nev27765676n1"/><Component ComponentId="ReadLowBeam" id="nev22021234n1-nev27765677n1"><ReadParameter id="nev22021234n1-nev27765678n1"><Input DID="42E7" Delay="0" EcuID="CEM" ErrorHandlingType="2" ParameterID="1134684" Retries="0" id="nev22021234n1-nev27765679n1"/></ReadParameter></Component><Component ComponentId="SetGuiElementContent25" id="nev22021234n1-nev27765680n1"><SetGuiElementContent id="nev22021234n1-nev27765681n1"><Input ElementId="ParameterLabelLowBeam" Text="{ReadLowBeam_Result Parameter}" id="nev22021234n1-nev27765682n1"/></SetGuiElementContent></Component></While></Module><Module IsEventHandler="true" Name="StartTest_HSW_Click" id="nev22021234n1-nev27765683n1"><Component ComponentId="AssignValue5" id="nev22021234n1-nev27765684n1"><AssignValue id="nev22021234n1-nev27765685n1"><Input AssignTo="{__Globals__.HSW_Start}" Value="1" id="nev22021234n1-nev27765686n1"/></AssignValue></Component><While LogicId="While3" id="nev22021234n1-nev27765687n1"><LogicStatement Expression="__Globals__.HSW_Start == 1" id="nev22021234n1-nev27765688n1"/><Component ComponentId="ReadParameter1" id="nev22021234n1-nev27765689n1"><ReadParameter id="nev22021234n1-nev27765690n1"><Input DID="42E6" Delay="0" EcuID="CEM" ErrorHandlingType="2" ParameterID="1137399" Retries="0" id="nev22021234n1-nev27765691n1"/></ReadParameter></Component><Component ComponentId="SetGuiElementContent30" id="nev22021234n1-nev27765692n1"><SetGuiElementContent id="nev22021234n1-nev27765693n1"><Input ElementId="ParameterLabelHeatingSteeringWheel" Text="{ReadParameter1_Result Parameter}" id="nev22021234n1-nev27765694n1"/></SetGuiElementContent></Component></While></Module><Module IsEventHandler="false" Name="DTC_check" id="nev22021234n1-nev27765695n1"><Variable Annotation="" Id="String2" Scope="Local" Type="String" id="nev22021234n1-nev27765696n1"><Value Type="NevisPhraseVariable" id="nev22021234n1-nev27765697n1"><phrase category="Faulttracing" id="nev22021234n1-nev23245848n1" phrase-urn="urn:x-nevis:phrase:0800c8af86ad4df7">Control wires a#@#@#66#lied.</phrase></Value></Variable><Variable Annotation="" Id="String1" Scope="Local" Type="String" id="nev22021234n1-nev27765698n1"><Value Type="NevisPhraseVariable" id="nev22021234n1-nev27765699n1"><phrase category="Faulttracing" id="nev22021234n1-nev23245847n1" phrase-urn="urn:x-nevis:phrase:0800c8af86c6bdfa">During a specif#@#@#126#SWM).</phrase></Value></Variable><Component ComponentId="RunScript1" id="nev22021234n1-nev27765700n1"><RunScript id="nev22021234n1-nev27765701n1"><Input id="nev22021234n1-nev27765702n1"><NevisLink ProjectDocumentId="0800c8af870dd0d0" VCCNumber="VCC-488772-1" VariantId="0900c8af870dd004" id="nev22021234n1-nev27765703n1"/><Contract id="nev22021234n1-nev27765704n1"><InputVariable Name="DTC" Type="String" id="nev22021234n1-nev27765705n1"/><InputVariable Name="ECU" Type="String" id="nev22021234n1-nev27765706n1"/><OutputVariable Name="DTC_IsTestFailedSinceLastClear" Type="Double" id="nev22021234n1-nev27765707n1"/><OutputVariable Name="ScriptError" Type="Double" id="nev22021234n1-nev27765708n1"/></Contract><Arguments InputValue1="D35187" InputValue2="CEM" id="nev22021234n1-nev27765709n1"/><NevisXRef id="nev22021234n1-nev27203173n1"><ref id="nev22021234n1-nev27202681n1"><locator xlink:href="#nev22021234n1-nev27202681n1" xlink:type="locator"/><locator xlink:href="urn:x-nevis:xref:0800c8af870dd0d0:00000000:00000000#nev24452041n1" xlink:type="locator"/><arc nevis:href="urn:x-nevis:xref:0800c8af870dd0d0:00000000:00000000#nev24452041n1" xlink:title="VCC-488772, Check_if_DTC_test_failed_since_last_clear" xlink:type="arc"/></ref></NevisXRef></Input></RunScript></Component><If LogicId="If17" id="nev22021234n1-nev27765713n1"><LogicStatement Expression="RunScript1_Result.DTC_IsTestFailedSinceLastClear == 1" id="nev22021234n1-nev27765714n1"/><True id="nev22021234n1-nev27765715n1"><Component Annotation="" ComponentId="StringFormatter1" id="nev22021234n1-nev27765716n1"><StringFormatter id="nev22021234n1-nev27765717n1"><Input FormatString="&#34;{0} - {1}&#34;" Param_309A48ED7CE33DC0C70F3336A5E13F11="{String2}" Param_B7EE2123A1BBEEA9606C2AFB57F0BC63="{String1}" id="nev22021234n1-nev27765718n1"/></StringFormatter></Component><Component ComponentId="MessageBox3" id="nev22021234n1-nev27765719n1"><MessageBox id="nev22021234n1-nev27765720n1"><Input Button="1" Header="Warning" Message="{StringFormatter1_Result}" MessageBoxType="2" id="nev22021234n1-nev27765721n1"/></MessageBox></Component></True><Else id="nev22021234n1-nev27765722n1"/></If></Module><Module IsEventHandler="true" Name="Back_Click" id="nev22021234n1-nev27765723n1"><Component ComponentId="ShowWindow18" id="nev22021234n1-nev27765724n1"><ShowWindow id="nev22021234n1-nev27765725n1"><Input WindowId="Main" id="nev22021234n1-nev27765726n1"/></ShowWindow></Component></Module><ScriptGui Id="Main" id="nev22021234n1-nev27765727n1"><GuiComponent ComponentId="Main" id="nev22021234n1-nev27765728n1"><Dialog Position="0;0" Size="605;605" id="nev22021234n1-nev27765729n1"/><GuiComponent ComponentId="Paddlebutton" id="nev22021234n1-nev27765730n1"><Button Position="5;384" Size="595;25" id="nev22021234n1-nev27765731n1"><Input ClickEventHandler="Paddlebutton_Click" IsEnabled="true" Visible="true" id="nev22021234n1-nev27765732n1"><Value Type="NevisPhraseVariable" id="nev22021234n1-nev27765733n1"><phrase category="Faulttracing" id="nev22021234n1-nev22416098n1" phrase-urn="urn:x-nevis:phrase:0800c8af86924b9f">Test steering w#@#@#8#dles.</phrase></Value></Input></Button></GuiComponent><GuiComponent ComponentId="MainInformation" id="nev22021234n1-nev27765734n1"><InfoDisplay Position="5;0" Size="595;195" id="nev22021234n1-nev27765735n1"><Input Visible="True" id="nev22021234n1-nev27765736n1"/></InfoDisplay></GuiComponent><GuiComponent ComponentId="Airbagbutton" id="nev22021234n1-nev27765737n1"><Button Position="5;355" Size="595;25" id="nev22021234n1-nev27765738n1"><Input ClickEventHandler="Airbagbutton_Click" IsEnabled="true" Visible="true" id="nev22021234n1-nev27765739n1"><Value Type="NevisPhraseVariable" id="nev22021234n1-nev27765740n1"><phrase category="Faulttracing" id="nev22021234n1-nev22416097n1" phrase-urn="urn:x-nevis:phrase:0800c8af869249c9">Test airbag.</phrase></Value></Input></Button></GuiComponent><GuiComponent ComponentId="SWButton" id="nev22021234n1-nev27765741n1"><Button Position="5;327" Size="595;25" id="nev22021234n1-nev27765742n1"><Input ClickEventHandler="SWButton_Click" IsEnabled="true" Visible="true" id="nev22021234n1-nev27765743n1"><Value Type="NevisPhraseVariable" id="nev22021234n1-nev27765744n1"><phrase category="Faulttracing" id="nev22021234n1-nev22416096n1" phrase-urn="urn:x-nevis:phrase:0800c8af86924a5e">Test steering w#@#@#7#tton.</phrase></Value></Input></Button></GuiComponent><GuiComponent ComponentId="Hornbutton" id="nev22021234n1-nev27765745n1"><Button Position="5;295" Size="595;25" id="nev22021234n1-nev27765746n1"><Input ClickEventHandler="Hornbutton_Click" IsEnabled="true" Visible="true" id="nev22021234n1-nev27765747n1"><Value Type="NevisPhraseVariable" id="nev22021234n1-nev27765748n1"><phrase category="Faulttracing" id="nev22021234n1-nev23219298n1" phrase-urn="urn:x-nevis:phrase:0800c8af86924b9d"><diag:emph etype="bold">Test horn.</diag:emph></phrase></Value></Input></Button></GuiComponent><GuiComponent ComponentId="WSbutton" id="nev22021234n1-nev27765750n1"><Button Position="5;265" Size="595;25" id="nev22021234n1-nev27765751n1"><Input ClickEventHandler="WSbutton_Click" IsEnabled="true" Visible="true" id="nev22021234n1-nev27765752n1"><Value Type="NevisPhraseVariable" id="nev22021234n1-nev27765753n1"><phrase category="Faulttracing" id="nev22021234n1-nev22416016n1" phrase-urn="urn:x-nevis:phrase:0800c8af8694937b"><diag:emph etype="bold">Test right-hand#@#@#12#talk.</diag:emph></phrase></Value></Input></Button></GuiComponent><GuiComponent ComponentId="LSbutton" id="nev22021234n1-nev27765755n1"><Button Position="5;233" Size="595;25" id="nev22021234n1-nev27765756n1"><Input ClickEventHandler="LSbutton_Click" IsEnabled="true" Visible="true" id="nev22021234n1-nev27765757n1"><Value Type="NevisPhraseVariable" id="nev22021234n1-nev27765758n1"><phrase category="Faulttracing" id="nev22021234n1-nev22416015n1" phrase-urn="urn:x-nevis:phrase:0800c8af86949578"><diag:emph etype="bold">Test left-hand #@#@#11#talk.</diag:emph></phrase></Value></Input></Button></GuiComponent><GuiComponent ComponentId="HSWbutton" id="nev22021234n1-nev27765760n1"><Button Position="5;201" Size="595;25" id="nev22021234n1-nev27765761n1"><Input ClickEventHandler="HSWbutton_Click" IsEnabled="true" Visible="true" id="nev22021234n1-nev27765762n1"><Value Type="NevisPhraseVariable" id="nev22021234n1-nev27765763n1"><phrase category="Faulttracing" id="nev22021234n1-nev23217452n1" phrase-urn="urn:x-nevis:phrase:0800c8af86953ca9">Test heated ste#@#@#7#heel.</phrase></Value></Input></Button></GuiComponent></GuiComponent></ScriptGui><ScriptGui Id="HSW" id="nev22021234n1-nev27765764n1"><GuiComponent ComponentId="HSW" id="nev22021234n1-nev27765765n1"><Dialog Position="0;0" Size="645;320" id="nev22021234n1-nev27765766n1"/><GuiComponent ComponentId="ParameterLabelHeatingSteeringWheel" id="nev22021234n1-nev27765767n1"><ParameterLabel Position="5;180" Size="395;75" id="nev22021234n1-nev27765768n1"><Input Text="" Visible="True" id="nev22021234n1-nev27765769n1"/></ParameterLabel></GuiComponent><GuiComponent ComponentId="StartTest_HSW" id="nev22021234n1-nev27765770n1"><Button Position="430;205" Size="190;25" id="nev22021234n1-nev27765771n1"><Input ClickEventHandler="StartTest_HSW_Click" IsEnabled="true" Visible="true" id="nev22021234n1-nev27765772n1"><Value Type="NevisPhraseVariable" id="nev22021234n1-nev27765773n1"><phrase category="Faulttracing" id="nev22021234n1-nev22089555n1" phrase-urn="urn:x-nevis:phrase:0800c8af86949380">Start the test.</phrase></Value></Input></Button></GuiComponent><GuiComponent ComponentId="HSWInfodisplay" id="nev22021234n1-nev27765774n1"><InfoDisplay Position="0;0" Size="640;175" id="nev22021234n1-nev27765775n1"><Input Visible="True" id="nev22021234n1-nev27765776n1"/></InfoDisplay></GuiComponent><GuiComponent ComponentId="BackToMain_HSW" id="nev22021234n1-nev27765777n1"><Button Position="475;285" Size="75;25" id="nev22021234n1-nev27765778n1"><Input ClickEventHandler="BackToMain_HSW_Click" IsEnabled="true" Visible="true" id="nev22021234n1-nev27765779n1"><Value Type="NevisPhraseVariable" id="nev22021234n1-nev27765780n1"><phrase category="Title" id="nev22021234n1-nev27763781n1" phrase-urn="urn:x-nevis:phrase:0800c8af86acfa21">Back</phrase></Value></Input></Button></GuiComponent></GuiComponent></ScriptGui><ScriptGui Id="LS" id="nev22021234n1-nev27765781n1"><GuiComponent ComponentId="LS" id="nev22021234n1-nev27765782n1"><Dialog Position="0;0" Size="840;545" id="nev22021234n1-nev27765783n1"/><GuiComponent ComponentId="ParameterLabelLowBeam" id="nev22021234n1-nev27765784n1"><ParameterLabel Position="5;180" Size="515;75" id="nev22021234n1-nev27765785n1"><Input Text="" Visible="True" id="nev22021234n1-nev27765786n1"/></ParameterLabel></GuiComponent><GuiComponent ComponentId="MissingDID_LS" id="nev22021234n1-nev27765787n1"><InfoDisplay Position="5;260" Size="830;245" id="nev22021234n1-nev27765788n1"><Input Visible="True" id="nev22021234n1-nev27765789n1"/></InfoDisplay></GuiComponent><GuiComponent ComponentId="StartTest_LS" id="nev22021234n1-nev27765790n1"><Button Position="504;510" Size="115;25" id="nev22021234n1-nev27765791n1"><Input ClickEventHandler="StartTest_LS_Click" IsEnabled="true" Visible="true" id="nev22021234n1-nev27765792n1"><Value Type="NevisPhraseVariable" id="nev22021234n1-nev27765793n1"><phrase category="Faulttracing" id="nev22021234n1-nev22069194n1" phrase-urn="urn:x-nevis:phrase:0800c8af86949380">Start the test.</phrase></Value></Input></Button></GuiComponent><GuiComponent ComponentId="LightStalkInformation" id="nev22021234n1-nev27765794n1"><InfoDisplay Position="5;5" Size="830;170" id="nev22021234n1-nev27765795n1"><Input Visible="True" id="nev22021234n1-nev27765796n1"/></InfoDisplay></GuiComponent><GuiComponent ComponentId="BackToMain_LS" id="nev22021234n1-nev27765797n1"><Button Position="630;510" Size="115;25" id="nev22021234n1-nev27765798n1"><Input ClickEventHandler="BackToMain_LS_Click" IsEnabled="true" Visible="true" id="nev22021234n1-nev27765799n1"><Value Type="NevisPhraseVariable" id="nev22021234n1-nev27765800n1"><phrase category="Faulttracing" id="nev22021234n1-nev22051189n1" phrase-urn="urn:x-nevis:phrase:0800c8af86924a90">Test complete.</phrase></Value></Input></Button></GuiComponent></GuiComponent></ScriptGui><ScriptGui Id="WS" id="nev22021234n1-nev27765801n1"><GuiComponent ComponentId="WS" id="nev22021234n1-nev27765802n1"><Dialog Position="0;0" Size="960;450" id="nev22021234n1-nev27765803n1"/><GuiComponent ComponentId="ParameterLabelWasherRear" id="nev22021234n1-nev27765804n1"><ParameterLabel Position="395;325" Size="380;75" id="nev22021234n1-nev27765805n1"><Input Text="" Visible="True" id="nev22021234n1-nev27765806n1"/></ParameterLabel></GuiComponent><GuiComponent ComponentId="ParameterLabelWasherFront" id="nev22021234n1-nev27765807n1"><ParameterLabel Position="395;245" Size="380;75" id="nev22021234n1-nev27765808n1"><Input Text="" Visible="True" id="nev22021234n1-nev27765809n1"/></ParameterLabel></GuiComponent><GuiComponent ComponentId="ParameterLabelRearWiper" id="nev22021234n1-nev27765810n1"><ParameterLabel Position="5;325" Size="385;75" id="nev22021234n1-nev27765811n1"><Input Text="" Visible="True" id="nev22021234n1-nev27765812n1"/></ParameterLabel></GuiComponent><GuiComponent ComponentId="ParameterLabelFrontWiper" id="nev22021234n1-nev27765813n1"><ParameterLabel Position="5;245" Size="385;75" id="nev22021234n1-nev27765814n1"><Input Text="" Visible="True" id="nev22021234n1-nev27765815n1"/></ParameterLabel></GuiComponent><GuiComponent ComponentId="StartTest_WS" id="nev22021234n1-nev27765816n1"><Button Position="795;310" Size="145;25" id="nev22021234n1-nev27765817n1"><Input ClickEventHandler="StartTest_WS_Click" IsEnabled="true" Visible="true" id="nev22021234n1-nev27765818n1"><Value Type="NevisPhraseVariable" id="nev22021234n1-nev27765819n1"><phrase category="Faulttracing" id="nev22021234n1-nev22069195n1" phrase-urn="urn:x-nevis:phrase:0800c8af86949380">Start the test.</phrase></Value></Input></Button></GuiComponent><GuiComponent ComponentId="WiperstalkInformation" id="nev22021234n1-nev27765820n1"><InfoDisplay Position="5;5" Size="950;235" id="nev22021234n1-nev27765821n1"><Input Visible="True" id="nev22021234n1-nev27765822n1"/></InfoDisplay></GuiComponent><GuiComponent ComponentId="BackToMain_WS" id="nev22021234n1-nev27765823n1"><Button Position="790;415" Size="75;25" id="nev22021234n1-nev27765824n1"><Input ClickEventHandler="BackToMain_WS_Click" IsEnabled="true" Visible="true" id="nev22021234n1-nev27765825n1"><Value Type="NevisPhraseVariable" id="nev22021234n1-nev27765826n1"><phrase category="Title" id="nev22021234n1-nev27763783n1" phrase-urn="urn:x-nevis:phrase:0800c8af86acfa21">Back</phrase></Value></Input></Button></GuiComponent></GuiComponent></ScriptGui><ScriptGui Id="Horn" id="nev22021234n1-nev27765827n1"><GuiComponent ComponentId="Horn" id="nev22021234n1-nev27765828n1"><Dialog Position="0;0" Size="600;240" id="nev22021234n1-nev27765829n1"/><GuiComponent ComponentId="HornInfoDisplay" id="nev22021234n1-nev27765830n1"><InfoDisplay Position="0;0" Size="595;200" id="nev22021234n1-nev27765831n1"><Input Visible="True" id="nev22021234n1-nev27765832n1"/></InfoDisplay></GuiComponent><GuiComponent ComponentId="BackToMain_Horn" id="nev22021234n1-nev27765833n1"><Button Position="425;205" Size="80;25" id="nev22021234n1-nev27765834n1"><Input ClickEventHandler="BackToMain_Horn_Click" IsEnabled="true" Visible="true" id="nev22021234n1-nev27765835n1"><Value Type="NevisPhraseVariable" id="nev22021234n1-nev27765836n1"><phrase category="Title" id="nev22021234n1-nev27763784n1" phrase-urn="urn:x-nevis:phrase:0800c8af86acfa21">Back</phrase></Value></Input></Button></GuiComponent></GuiComponent></ScriptGui><ScriptGui Id="SWButtons" id="nev22021234n1-nev27765837n1"><GuiComponent ComponentId="SWButtons" id="nev22021234n1-nev27765838n1"><Dialog Position="0;0" Size="605;255" id="nev22021234n1-nev27765839n1"/><GuiComponent ComponentId="SWButtonInfoDisplay" id="nev22021234n1-nev27765840n1"><InfoDisplay Position="5;5" Size="595;210" id="nev22021234n1-nev27765841n1"><Input Visible="True" id="nev22021234n1-nev27765842n1"/></InfoDisplay></GuiComponent><GuiComponent ComponentId="BackToMain_SWButton" id="nev22021234n1-nev27765843n1"><Button Position="435;220" Size="70;25" id="nev22021234n1-nev27765844n1"><Input ClickEventHandler="BackToMain_SWButton_Click" IsEnabled="true" Visible="true" id="nev22021234n1-nev27765845n1"><Value Type="NevisPhraseVariable" id="nev22021234n1-nev27765846n1"><phrase category="Title" id="nev22021234n1-nev27764519n1" phrase-urn="urn:x-nevis:phrase:0800c8af86acfa21">Back</phrase></Value></Input></Button></GuiComponent></GuiComponent></ScriptGui><ScriptGui Id="Airbag" id="nev22021234n1-nev27765847n1"><GuiComponent ComponentId="Airbag" id="nev22021234n1-nev27765848n1"><Dialog Position="0;0" Size="605;290" id="nev22021234n1-nev27765849n1"/><GuiComponent ComponentId="AirbagInformationDisplay" id="nev22021234n1-nev27765850n1"><InfoDisplay Position="5;5" Size="595;240" id="nev22021234n1-nev27765851n1"><Input Visible="True" id="nev22021234n1-nev27765852n1"/></InfoDisplay></GuiComponent><GuiComponent ComponentId="BackToMain_Airbag" id="nev22021234n1-nev27765853n1"><Button Position="435;255" Size="75;25" id="nev22021234n1-nev27765854n1"><Input ClickEventHandler="BackToMain_Airbag_Click" IsEnabled="true" Visible="true" id="nev22021234n1-nev27765855n1"><Value Type="NevisPhraseVariable" id="nev22021234n1-nev27765856n1"><phrase category="Title" id="nev22021234n1-nev27764520n1" phrase-urn="urn:x-nevis:phrase:0800c8af86acfa21">Back</phrase></Value></Input></Button></GuiComponent></GuiComponent></ScriptGui><ScriptGui Id="Paddles" id="nev22021234n1-nev27765857n1"><GuiComponent ComponentId="Paddles" id="nev22021234n1-nev27765858n1"><Dialog Position="0;0" Size="605;280" id="nev22021234n1-nev27765859n1"/><GuiComponent ComponentId="PaddleInfoDisplay" id="nev22021234n1-nev27765860n1"><InfoDisplay Position="0;5" Size="595;230" id="nev22021234n1-nev27765861n1"><Input Visible="True" id="nev22021234n1-nev27765862n1"/></InfoDisplay></GuiComponent><GuiComponent ComponentId="BackToMain_paddles" id="nev22021234n1-nev27765863n1"><Button Position="425;245" Size="75;25" id="nev22021234n1-nev27765864n1"><Input ClickEventHandler="BackToMain_paddles_Click" IsEnabled="true" Visible="true" id="nev22021234n1-nev27765865n1"><Value Type="NevisPhraseVariable" id="nev22021234n1-nev27765866n1"><phrase category="Title" id="nev22021234n1-nev27764521n1" phrase-urn="urn:x-nevis:phrase:0800c8af86acfa21">Back</phrase></Value></Input></Button></GuiComponent></GuiComponent></ScriptGui><ScriptGui Id="Change_SWM_and_stalks_STR_1505_1632" id="nev22021234n1-nev27765867n1"><GuiComponent ComponentId="Change_SWM_and_stalks_STR_1505_1632" id="nev22021234n1-nev27765868n1"><Dialog Position="0;0" Size="735;355" id="nev22021234n1-nev27765869n1"/><GuiComponent ComponentId="ParameterLabel1" id="nev22021234n1-nev27765870n1"><ParameterLabel Position="5;235" Size="725;75" id="nev22021234n1-nev27765871n1"><Input Text="" Visible="True" id="nev22021234n1-nev27765872n1"/></ParameterLabel></GuiComponent><GuiComponent ComponentId="Back" id="nev22021234n1-nev27765873n1"><Button Position="565;320" Size="75;25" id="nev22021234n1-nev27765874n1"><Input ClickEventHandler="Back_Click" IsEnabled="true" Visible="true" id="nev22021234n1-nev27765875n1"><Value Type="NevisPhraseVariable" id="nev22021234n1-nev27765876n1"><phrase category="Title" id="nev22021234n1-nev26583448n1" phrase-urn="urn:x-nevis:phrase:0800c8af86acfa21">Back</phrase></Value></Input></Button></GuiComponent><GuiComponent ComponentId="InfoDisplay1" id="nev22021234n1-nev27765877n1"><InfoDisplay Position="5;5" Size="725;225" id="nev22021234n1-nev27765878n1"><Input Visible="True" id="nev22021234n1-nev27765879n1"/></InfoDisplay></GuiComponent></GuiComponent></ScriptGui></SpaScript></content></script>