<?xml version="1.0" encoding="UTF-8"?><servinfosub IE-ID="en-US0900c8af823c9110" docno="VCC-159760" id="KC09005271" xml:lang="en-US">
<title>
<phrase category="" id="KC09546277" phrase-urn="urn:x-nevis:phrase:0800c8af8271d68b">Internal fault</phrase>
</title>
<diagnostic type="test">
<testgrp IE-ID="en-US0900c8af823c9110_KC09005970" id="KC09005970" j2008use="1" paperuse="1" resumable="1" screenuse="1" testgrp-id="node1" x="120" y="80">
<title>
<phrase category="" id="KC09546278" phrase-urn="urn:x-nevis:phrase:0800c8af8271d68c">Replacing the c#@#@#3#onent</phrase>
</title>
<node>
<test1>
<test2>
<para>
<ptxt>
<phrase category="" id="KC09546279" phrase-urn="urn:x-nevis:phrase:0800c8af8271d68d">A diagnostic tr#@#@#122#RCM).</phrase>
</ptxt>
</para>
<para>
<ptxt>
<phrase category="" id="KC09546280" phrase-urn="urn:x-nevis:phrase:0800c8af8271d68e">If the fault is#@#@#253#case.</phrase>
</ptxt>
</para>
<para>
<ptxt>
<phrase category="" id="KC09546281" phrase-urn="urn:x-nevis:phrase:0800c8af8271d68f">Remedy as necessary.</phrase>
</ptxt>
</para>
<list1 enumtype="d" type="unordered">
<title>
<phrase category="" id="KC09546282" phrase-urn="urn:x-nevis:phrase:0800c8af8271d690">Other information</phrase>
</title>
<item>
<ptxt>
<phrase category="" id="KC09546283" phrase-urn="urn:x-nevis:phrase:0800c8af8271d691">Change the righ#@#@#23#see: <xref>
<ref id="KC09546284"/>
</xref>
</phrase>
</ptxt>
</item>
</list1>
<grate>
<graphic id="KC09546285">
<href>0900c8af8204a73#@#@#9#.jpeg</href>
</graphic>
</grate>
</test2>
</test1>
<question>
Select Continue.
</question>
<resact-grp>
<result button="cont" comp="button" highlight="0"/>
<action j2008use="1" paperuse="1" screenuse="1">
<ptxt>
<xref>
<ref id="KC09546287"/>
</xref>
</ptxt>
</action>
</resact-grp>
</node>
</testgrp>
<testgrp id="KC09005971" j2008use="1" paperuse="0" resumable="1" screenuse="1" testgrp-id="info1" x="360" y="200">
<title>
<phrase category="" id="KC09546288" phrase-urn="urn:x-nevis:phrase:0800c8af8271d693">Fault-tracing i#@#@#5#ation</phrase>
</title>
<subcalloutnode>
<diagcallout>
<xref>
<ref id="KC09546289"/>
</xref>
</diagcallout>
<rescall-grp>
<result comp="string" highlight="0" op="eq" return="NEW TRY"/>
<calloutaction>
<ptxt>
<xref>
<ref id="KC09546290"/>
</xref>
</ptxt>
</calloutaction>
</rescall-grp>
<rescall-grp>
<result comp="string" highlight="0" op="eq" return="FAULT FOUND"/>
<calloutaction>
<return value="DONE"/>
</calloutaction>
</rescall-grp>
</subcalloutnode>
</testgrp>
</diagnostic>
</servinfosub>