<?xml version="1.0" encoding="UTF-8"?><servinfosub IE-ID="en-US0900c8af8440e110" docno="VCC-153819" id="KC02741152" xml:lang="en-US">
<title>
<phrase category="" id="KC09471432" phrase-urn="urn:x-nevis:phrase:0800c8af8270cf13">Faulty signal</phrase>
</title>
<diagnostic j2008use="1" layout="0" paperuse="1" screenuse="1" type="test">
<testgrp IE-ID="en-US0900c8af8440e110_KC02774850" id="KC02774850" j2008use="1" paperuse="1" resumable="1" screenuse="1" testgrp-id="node1" x="80" y="120">
<title>
<phrase category="" id="KC09471433" phrase-urn="urn:x-nevis:phrase:0800c8af8270cf14">Checking the status</phrase>
</title>
<node>
<test1>
<diaglist>
<dgraphic>
<dgraphic1>
<graphic id="KC09471434">
<href>0900c8af80054d5#@#@#9#.jpeg</href>
</graphic>
</dgraphic1>
</dgraphic>
<ditem>
<ptxt>
<phrase category="" id="KC09471435" phrase-urn="urn:x-nevis:phrase:0800c8af8270cf15">Ignition on.</phrase>
</ptxt>
</ditem>
</diaglist>
<test2>
<para>
<ptxt>
<phrase category="" id="KC09471436" phrase-urn="urn:x-nevis:phrase:0800c8af8270cf16">Activate the pa#@#@#6#lamp.</phrase>
</ptxt>
</para>
<para>
<ptxt>
<phrase category="" id="KC09471437" phrase-urn="urn:x-nevis:phrase:0800c8af8270cf17">Check if the fa#@#@#28#tent.</phrase>
</ptxt>
</para>
<para>
<ptxt>
<phrase category="" id="KC09471438" phrase-urn="urn:x-nevis:phrase:0800c8af8270cf18">The parking lam#@#@#22#tion.</phrase>
</ptxt>
</para>
<para>
<ptxt>
<phrase category="" id="KC09471439" phrase-urn="urn:x-nevis:phrase:0800c8af8270cf19">The fault is pe#@#@#41#vate.</phrase>
</ptxt>
</para>
<para>
<ptxt>
<phrase category="" id="KC09471440" phrase-urn="urn:x-nevis:phrase:0800c8af8270cf1a">If the parking #@#@#146#tent.</phrase>
</ptxt>
<ptxt>
<phrase category="" id="KC09471441" phrase-urn="urn:x-nevis:phrase:0800c8af8270cf1b">The fault-traci#@#@#70#t of:</phrase>
</ptxt>
</para>
<list1>
<item>
<ptxt>
<phrase category="" id="KC09471442" phrase-urn="urn:x-nevis:phrase:0800c8af8270cf1c">Front right-han#@#@#11#amps </phrase>
</ptxt>
</item>
<item>
<ptxt>
<phrase category="" id="KC09471443" phrase-urn="urn:x-nevis:phrase:0800c8af8270cf1e">Rear left-hand #@#@#9#amps.</phrase>
</ptxt>
</item>
</list1>
<diaglist>
<dgraphic>
<dgraphic2>
<graphic id="KC09471444">
<href>0900c8af86c8681#@#@#9#.jpeg</href>
</graphic>
<smarttool active="press" id="KC09471445" toolname="YCEM001B"/>
</dgraphic2>
</dgraphic>
</diaglist>
</test2>
</test1>
<question>
Select Continue.
</question>
<resact-grp>
<result button="cont" comp="button" highlight="0"/>
<action j2008use="1" paperuse="1" screenuse="1">
<ptxt>
<xref>
<ref id="KC09471448"/>
</xref>
</ptxt>
</action>
</resact-grp>
</node>
</testgrp>
<testgrp id="KC02774851" j2008use="1" paperuse="1" resumable="1" screenuse="1" testgrp-id="node2" x="80" y="260">
<title>
<phrase category="" id="KC09471449" phrase-urn="urn:x-nevis:phrase:0800c8af8270cf22">Checking the co#@#@#13#iring</phrase>
</title>
<node>
<test1>
<test2>
<para>
<ptxt>
<phrase category="" id="KC09471450" phrase-urn="urn:x-nevis:phrase:0800c8af8270cf23">Check the volta#@#@#171#ated.</phrase>
</ptxt>
</para>
<para>
<ptxt>
<phrase category="" id="KC09471451" phrase-urn="urn:x-nevis:phrase:0800c8af8270cf24">Check the contr#@#@#83#tage.</phrase>
</ptxt>
</para>
<para>
<ptxt>
<phrase category="" id="KC09471452" phrase-urn="urn:x-nevis:phrase:0800c8af8270cf00">Take readings b#@#@#2#ween:</phrase>
</ptxt>
</para>
<list1 enumtype="d" type="unordered">
<item>
<ptxt>
<phrase category="" id="KC09471453" phrase-urn="urn:x-nevis:phrase:0800c8af8270cf01">Central electro#@#@#75#l #7.</phrase>
</ptxt>
</item>
</list1>
<para>
<ptxt>
<phrase category="" id="KC09471454" phrase-urn="urn:x-nevis:phrase:0800c8af8270cf02"/>
</ptxt>
<ptxt>
<phrase category="" id="KC09471455" phrase-urn="urn:x-nevis:phrase:0800c8af8270cf03">Check the volta#@#@#179#ated.</phrase>
</ptxt>
</para>
<para>
<ptxt>
<phrase category="" id="KC09471456" phrase-urn="urn:x-nevis:phrase:0800c8af8270cf04">Check the contr#@#@#83#tage.</phrase>
</ptxt>
</para>
<para>
<ptxt>
<phrase category="" id="KC09471457" phrase-urn="urn:x-nevis:phrase:0800c8af8270cf05">Take readings b#@#@#2#ween:</phrase>
</ptxt>
</para>
<list1 enumtype="d" type="unordered">
<item>
<ptxt>
<phrase category="" id="KC09471458" phrase-urn="urn:x-nevis:phrase:0800c8af8270cf06">Central electro#@#@#86#l #2.</phrase>
</ptxt>
</item>
</list1>
<para>
<ptxt>
<phrase category="" id="KC09471459" phrase-urn="urn:x-nevis:phrase:0800c8af8270cf07">Remedy as necessary.</phrase>
</ptxt>
</para>
<list1 enumtype="d" type="unordered">
<title>
<phrase category="" id="KC09471460" phrase-urn="urn:x-nevis:phrase:0800c8af8270cf08">Other information</phrase>
</title>
<item>
<ptxt>
<xref id="nev12694932n100">
<ref id="l1171618110242"/>
</xref>
</ptxt>
</item>
<item>
<ptxt>
<xref id="nev12694935n100">
<ref id="l1171618122914"/>
</xref>
</ptxt>
</item>
<item>
<ptxt>
<xref id="nev12694932n96">
<ref id="l1171618138867"/>
</xref>
</ptxt>
</item>
<item>
<ptxt>
<xref id="nev13583696n100">
<ref id="l1171618159179"/>
</xref>
</ptxt>
</item>
<item>
<ptxt>
<xref id="nev12694932n92">
<ref id="l1171618180475"/>
</xref>
</ptxt>
</item>
</list1>
<diaglist>
<dgraphic>
<dgraphic1>
<graphic id="KC09471473">
<href>0900c8af80a53ae#@#@#9#.jpeg</href>
</graphic>
</dgraphic1>
<dgraphic2>
<graphic id="KC09471474">
<href>0900c8af80054d4#@#@#9#.jpeg</href>
</graphic>
<smarttool active="press" id="KC09471475" toolname="ODAH"/>
</dgraphic2>
</dgraphic>
</diaglist>
<grate>
<graphic id="KC09471477">
<href>0900c8af80a53af#@#@#9#.jpeg</href>
</graphic>
</grate>
</test2>
</test1>
<question>
Select Continue.
</question>
<resact-grp>
<result button="cont" comp="button" highlight="0"/>
<action j2008use="1" paperuse="1" screenuse="1">
<ptxt>
<xref>
<ref id="KC09471479"/>
</xref>
</ptxt>
</action>
</resact-grp>
</node>
</testgrp>
<testgrp id="KC02774852" j2008use="1" paperuse="1" resumable="1" screenuse="1" testgrp-id="veria" x="80" y="420">
<title>
<phrase category="" id="KC09471480" phrase-urn="urn:x-nevis:phrase:0800c8af8270cf11">Verification</phrase>
</title>
<subcalloutnode>
<diagcallout>
<xref>
<ref id="KC09471481"/>
</xref>
</diagcallout>
<rescall-grp>
<result comp="string" highlight="0" op="eq" return="VERIFIED"/>
<calloutaction>
<return value="FAULT FOUND"/>
</calloutaction>
</rescall-grp>
<rescall-grp>
<result comp="string" highlight="0" op="eq" return="VERIFICATION FAILED"/>
<calloutaction>
<ptxt>
<xref>
<ref id="KC09471482"/>
</xref>
</ptxt>
</calloutaction>
</rescall-grp>
</subcalloutnode>
</testgrp>
<testgrp id="KC02774853" j2008use="1" paperuse="1" resumable="1" screenuse="1" testgrp-id="info1" x="80" y="560">
<title>
<phrase category="" id="KC09471483" phrase-urn="urn:x-nevis:phrase:0800c8af8270cf12">Fault-tracing i#@#@#5#ation</phrase>
</title>
<subcalloutnode>
<diagcallout>
<xref>
<ref id="KC09471484"/>
</xref>
</diagcallout>
<rescall-grp>
<result comp="string" highlight="0" op="eq" return="FAULTTRACING FAILED"/>
<calloutaction>
<return value="FAULTTRACING FAILED"/>
</calloutaction>
</rescall-grp>
<rescall-grp>
<result comp="string" highlight="0" op="eq" return="NEW TRY"/>
<calloutaction>
<ptxt>
<xref>
<ref id="KC09471485"/>
</xref>
</ptxt>
</calloutaction>
</rescall-grp>
</subcalloutnode>
</testgrp>
</diagnostic>
</servinfosub>