<?xml version="1.0" encoding="UTF-8"?><servinfosub IE-ID="en-US0900c8af838f9213" docno="VCC-139006" id="KC01169370" servinfosubId="nev20687355n1-nev20687355n2" servinfosubRes="0900c8af862c3099" servinfosubRes2="urn:x-nevis:fragment:0900c8af838f9213:0900c8af862c3099#nev20687355n2" xml:lang="en-US">
<title id="nev12274077n250">Function</title>
<topic id="nev20687355n1-KC01169371">
<title id="nev20687355n1-nev12274077n248">Text messages</title>
<grate id="nev20687355n1-nev12274077n246" pgwide="1">
<graphic id="nev20687355n1-KC08948287">
<href>0900c8af8005b40#@#@#9#.jpeg</href>
</graphic>
</grate>
<para id="nev20687355n1-nev12274077n241">
<ptxt id="nev20687355n1-nev12274077n239">In the lower le#@#@#459#irst.</ptxt>
</para>
<para id="nev20687355n1-nev12274077n237">
<ptxt id="nev20687355n1-nev12274077n235">Depending on th#@#@#194#AN). </ptxt>
</para>
</topic>
<topic id="nev20687355n1-KC01169372">
<title id="nev20687355n1-nev12274077n233">Outside temperature</title>
<grate id="nev20687355n1-nev12274077n231" pgwide="1">
<graphic id="nev20687355n1-KC08948288">
<href>0900c8af8005b42#@#@#9#.jpeg</href>
</graphic>
</grate>
<para id="nev20687355n1-nev12274077n226">
<ptxt id="nev20687355n1-nev12274077n224">The outside tem#@#@#237#2 °C.</ptxt>
</para>
<para id="nev20687355n1-nev12274077n222">
<ptxt id="nev20687355n1-nev12274077n220">A sensor which #@#@#582#ming.</ptxt>
</para>
</topic>
<topic id="nev20687355n1-KC01169373">
<title id="nev20687355n1-nev12274077n218">Clock</title>
<grate id="nev20687355n1-nev12274077n216" pgwide="1">
<graphic id="nev20687355n1-KC08948289">
<href>0900c8af8005b42#@#@#9#.jpeg</href>
</graphic>
</grate>
<para id="nev20687355n1-nev12274077n211">
<ptxt id="nev20687355n1-nev12274077n209">The only functi#@#@#55#utes.</ptxt>
</para>
<para id="nev20687355n1-nev12274077n207">
<ptxt id="nev20687355n1-nev12274077n205">The data is tra#@#@#121#/1). </ptxt>
</para>
<para id="nev20687355n1-nev12274077n203">
<ptxt id="nev20687355n1-nev12274077n201">The customer ca#@#@#362#ayed.</ptxt>
</para>
</topic>
<topic id="nev20687355n1-KC01169374">
<title id="nev20687355n1-nev12274077n199">Seat belt reminder</title>
<grate id="nev20687355n1-nev12274077n197" pgwide="1">
<graphic id="nev20687355n1-KC08948290">
<href>0900c8af8005b14#@#@#9#.jpeg</href>
</graphic>
</grate>
<para id="nev20687355n1-nev12274077n192">
<ptxt id="nev20687355n1-nev12274077n190">The seat belt r#@#@#707#ened.</ptxt>
</para>
<para id="nev20687355n1-nev12274077n188">
<title id="nev20687355n1-nev12274077n186">European version</title>
<ptxt id="nev20687355n1-nev12274077n184">If the seat bel#@#@#390#elt. </ptxt>
</para>
<para id="nev20687355n1-nev12274077n182">
<title id="nev20687355n1-nev12274077n180">American version</title>
<ptxt id="nev20687355n1-nev12274077n178">When the igniti#@#@#409#d on.</ptxt>
</para>
</topic>
<topic id="nev20687355n1-KC01169375">
<title id="nev20687355n1-nev12274077n176">Trip odometer /#@#@#4#meter</title>
<grate id="nev20687355n1-nev12274077n174" pgwide="1">
<graphic id="nev20687355n1-KC08948291">
<href>0900c8af8005b41#@#@#9#.jpeg</href>
</graphic>
</grate>
<para id="nev20687355n1-nev12274077n169">
<ptxt id="nev20687355n1-nev12274077n167">The function of#@#@#993#set. </ptxt>
</para>
</topic>
<topic id="nev20687355n1-KC01169376">
<title id="nev20687355n1-nev12274077n165">Service reminde#@#@#12#(SRI)</title>
<grate id="nev20687355n1-nev12274077n163" pgwide="1">
<graphic id="nev20687355n1-KC08948292">
<href>0900c8af8005b42#@#@#9#.jpeg</href>
</graphic>
</grate>
<para id="nev20687355n1-nev12274077n158">
<ptxt id="nev20687355n1-nev12274077n156">The service rem#@#@#701#lows:</ptxt>
<ptxt id="nev20687355n1-nev12274077n154">Hold down the r#@#@#174#tton.</ptxt>
</para>
</topic>
<topic id="nev20687355n1-KC01169377">
<title id="nev20687355n1-nev12274077n152">Engine coolant #@#@#18#gauge</title>
<grate id="nev20687355n1-nev12274077n150" pgwide="1">
<graphic id="nev20687355n1-KC08948293">
<href>0900c8af8005b41#@#@#9#.jpeg</href>
</graphic>
</grate>
<para id="nev20687355n1-nev12274077n145">
<ptxt id="nev20687355n1-nev12274077n143">The engine cont#@#@#712#ault.</ptxt>
</para>
</topic>
<topic id="nev20687355n1-KC01169378">
<title id="nev20687355n1-nev12274077n141">Handbrake</title>
<grate id="nev20687355n1-nev12274077n139" pgwide="1">
<graphic id="nev20687355n1-KC08948294">
<href>0900c8af8005b41#@#@#9#.jpeg</href>
</graphic>
</grate>
<para id="nev20687355n1-nev12274077n134">
<ptxt id="nev20687355n1-nev12274077n132">A switch is con#@#@#264#cted.</ptxt>
</para>
</topic>
<topic id="nev20687355n1-KC01169379">
<title id="nev20687355n1-nev12274077n130">SRS lamp</title>
<grate id="nev20687355n1-nev12274077n128" pgwide="1">
<graphic id="nev20687355n1-KC08948295">
<href>0900c8af8005b41#@#@#9#.jpeg</href>
</graphic>
</grate>
<para id="nev20687355n1-nev12274077n123">
<ptxt id="nev20687355n1-nev12274077n121">The supplementa#@#@#364# not.</ptxt>
</para>
</topic>
<topic id="nev20687355n1-KC01169380">
<title id="nev20687355n1-nev12274077n119">Brake warning lamp</title>
<grate id="nev20687355n1-nev12274077n117" pgwide="1">
<graphic id="nev20687355n1-KC08948296">
<href>0900c8af8005b41#@#@#9#.jpeg</href>
</graphic>
</grate>
<para id="nev20687355n1-nev12274077n112">
<ptxt id="nev20687355n1-nev12274077n110">The brake contr#@#@#322#sage.</ptxt>
</para>
<para id="nev20687355n1-nev12274077n108">
<ptxt id="nev20687355n1-nev12274077n106">The brake fluid#@#@#215#dule.</ptxt>
</para>
</topic>
<topic id="nev20687355n1-KC01169381">
<title id="nev20687355n1-nev12274077n104">Fuel gauge</title>
<grate id="nev20687355n1-nev12274077n102" pgwide="1">
<graphic id="nev20687355n1-KC08948297">
<href>0900c8af8005b42#@#@#9#.jpeg</href>
</graphic>
</grate>
<para id="nev20687355n1-nev12274077n97">
<ptxt id="nev20687355n1-nev12274077n95">There are two s#@#@#353#iver.</ptxt>
</para>
<para id="nev20687355n1-nev12274077n93">
<ptxt id="nev20687355n1-nev12274077n91">The fuel gauge #@#@#129#mple.</ptxt>
</para>
</topic>
<topic id="nev20687355n1-KC01169382">
<title id="nev20687355n1-nev12274077n89">Speedometer</title>
<grate id="nev20687355n1-nev12274077n87" pgwide="1">
<graphic id="nev20687355n1-KC08948298">
<href>0900c8af8005b42#@#@#9#.jpeg</href>
</graphic>
</grate>
<para id="nev20687355n1-nev12274077n82">
<ptxt id="nev20687355n1-nev12274077n80">The speedometer#@#@#46#g at.</ptxt>
<ptxt id="nev20687355n1-nev12274077n78">Information abo#@#@#880#yed. </ptxt>
<ptxt id="nev20687355n1-nev12274077n76">Only cars with #@#@#243#CAN).</ptxt>
</para>
</topic>
<topic id="nev20687355n1-KC01169383">
<title id="nev20687355n1-nev12274077n74">Tachometer</title>
<grate id="nev20687355n1-nev12274077n72" pgwide="1">
<graphic id="nev20687355n1-KC08948299">
<href>0900c8af8005b41#@#@#9#.jpeg</href>
</graphic>
</grate>
<para id="nev20687355n1-nev12274077n67">
<ptxt id="nev20687355n1-nev12274077n65">A flywheel sens#@#@#578#iver.</ptxt>
</para>
</topic>
<topic id="nev20687355n1-KC01169384">
<title id="nev20687355n1-nev12274077n63">Lamp for low oi#@#@#57#nsor)</title>
<grate id="nev20687355n1-nev12274077n61" pgwide="1">
<graphic id="nev20687355n1-KC08948300">
<href>0900c8af8005b41#@#@#9#.jpeg</href>
</graphic>
</grate>
<para id="nev20687355n1-nev12274077n56">
<ptxt id="nev20687355n1-nev12274077n54">The oil pressur#@#@#647#tion.</ptxt>
</para>
<hint id="nev20687355n1-nev12274078n170">
<ptxt id="nev20687355n1-nev12274078n43">In vehicles wit#@#@#109# low.</ptxt>
<ptxt id="nev20687355n1-nev12274079n166">For information#@#@#129#ECM).</ptxt>
</hint>
</topic>
<topic id="nev20687355n1-KC01169385">
<title id="nev20687355n1-nev12274077n52">General warning lamp</title>
<para id="nev20687355n1-nev12274077n50">
<ptxt id="nev20687355n1-nev12274077n48">The function is#@#@#355#ults.</ptxt>
</para>
</topic>
<topic id="nev20687355n1-KC01169386">
<title id="nev20687355n1-nev12274077n46">Malfunction ind#@#@#12#(MIL)</title>
<para id="nev20687355n1-nev12274077n44">
<ptxt id="nev20687355n1-nev12274077n42">The malfunction#@#@#355#ted. </ptxt>
</para>
</topic>
</servinfosub>