<?xml version="1.0" encoding="UTF-8"?><servinfosub IE-ID="en-US0800c8af80a1490d" docno="T9995161" id="ST-0800c8af80a1490d" xml:lang="en-US">
<title>999 5161 Reamer </title>
<grate>
<graphic id="0900c8af8005d71f"/>
<graphtext>
<deflist>
<defitem>
<term>Tool number:</term>
<def>999 5161-8</def>
</defitem>
<defitem>
<term>Tool description:</term>
<def>Reamer (incl in#@#@#4#5160)</def>
</defitem>
<defitem>
<term>Tool board:</term>
<def>21</def>
</defitem>
</deflist>
</graphtext>
</grate>
</servinfosub>