<?xml version="1.0" encoding="UTF-8"?><servinfosub IE-ID="en-US0900c8af8679790d" docno="VCC-475892" id="nev21821973n1" xml:lang="en-US">
<title>
<phrase category="Title" id="nev21821973n2" phrase-urn="urn:x-nevis:phrase:0800c8af86335690">Activating fuel#@#@#8# tank</phrase>
</title>
<diagnostic j2008use="1" layout="1" paperuse="1" screenuse="1" type="test">
<testgrp IE-ID="en-US0900c8af8679790d_nev21821973n3" id="nev21821973n3" j2008use="1" paperuse="1" resumable="1" screenuse="1" testgrp-id="node2" x="100" y="120">
<title>
<phrase category="Title" id="nev21821973n4" phrase-urn="urn:x-nevis:phrase:0800c8af86335690">Activating fuel#@#@#8# tank</phrase>
</title>
<node>
<test1>
<diaglist>
<dgraphic>
<dgraphic2>
<graphic id="nev21821973n5">
<href>0900c8af80054d5#@#@#9#.jpeg</href>
</graphic>
</dgraphic2>
</dgraphic>
</diaglist>
<test2>
<para id="nev21821973n6">
<ptxt id="nev21821973n7">
<phrase category="Faulttracing" id="nev21821973n8" phrase-urn="urn:x-nevis:phrase:0800c8af86335697">Activation of t#@#@#93#fuel.</phrase>
</ptxt>
</para>
<hint id="nev21825288n100">
<ptxt id="nev21825288n99">
<phrase category="Faulttracing" id="nev21825289n1" phrase-urn="urn:x-nevis:phrase:0800c8af86797b78">Activation is a#@#@#83#ters.</phrase>
</ptxt>
</hint>
<list1 enumtype="b" id="nev21821973n9">
<item id="nev21821973n10">
<ptxt id="nev21821974n1">
<phrase category="Faulttracing" id="nev21821974n2" phrase-urn="urn:x-nevis:phrase:0800c8af81976d4a">Ignition on.</phrase>
</ptxt>
</item>
<item id="nev21821974n3">
<ptxt id="nev21821974n4">
<phrase category="Faulttracing" id="nev21821974n5" phrase-urn="urn:x-nevis:phrase:0800c8af81eab2ac">Click the vehic#@#@#28#egin.</phrase>
</ptxt>
</item>
<item id="nev21821974n6">
<ptxt id="nev21821974n7">
<phrase category="Faulttracing" id="nev21821974n8" phrase-urn="urn:x-nevis:phrase:0800c8af863356a5">Press the butto#@#@#29#tion.</phrase>
</ptxt>
</item>
</list1>
<para id="nev21821974n9">
<ptxt id="nev21821974n10">
<phrase category="Faulttracing" id="nev21821975n1" phrase-urn="urn:x-nevis:phrase:0800c8af863356b2">It is important#@#@#67#pump.</phrase>
</ptxt>
<ptxt id="nev21821975n2">
<phrase category="Faulttracing" id="nev21821975n3" phrase-urn="urn:x-nevis:phrase:0800c8af863356b3">If the fuel tan#@#@#90#tank.</phrase>
</ptxt>
</para>
<diaglist>
<dgraphic>
<dgraphic2>
<graphic id="nev21821975n4">
<href>0900c8af86c8681#@#@#9#.jpeg</href>
</graphic>
<smarttool active="press" id="l1404210181535"/>
</dgraphic2>
</dgraphic>
</diaglist>
</test2>
</test1>
<question>
Select "Contin#@#@#8#xit.
</question>
<resact-grp id="nev21821975n7">
<result button="cont" comp="button" highlight="0" id="nev21821975n8"/>
<action id="nev21821975n9" j2008use="1" paperuse="0" screenuse="1">
<return id="nev21821975n10" value="DONE"/>
</action>
</resact-grp>
</node>
</testgrp>
</diagnostic>
</servinfosub>