<?xml version="1.0" encoding="UTF-8"?><servinfosub IE-ID="en-US0900c8af838c490d" docno="VCC-124592" id="KC01656375" xml:lang="en-US">
<title>
<phrase category="" id="KC07496469" phrase-urn="urn:x-nevis:phrase:0800c8af81b7a970">Signal missing</phrase>
</title>
<diagnostic j2008use="1" layout="0" paperuse="1" screenuse="1" type="test">
<testgrp IE-ID="en-US0900c8af838c490d_KC01673411" id="KC01673411" j2008use="1" paperuse="1" resumable="1" screenuse="1" testgrp-id="node1" x="120" y="80">
<title>
<phrase category="" id="KC07496470" phrase-urn="urn:x-nevis:phrase:0800c8af81b7a974">Checking the te#@#@#11#ensor</phrase>
</title>
<node>
<hint>
<ptxt>
<phrase category="" id="KC07496471" phrase-urn="urn:x-nevis:phrase:0800c8af81b7a975">In some cases, #@#@#138#rst. </phrase>
</ptxt>
</hint>
<test1>
<diaglist>
<dgraphic>
<dgraphic1>
<graphic id="KC07496472">
<href>0900c8af80054d4#@#@#9#.jpeg</href>
</graphic>
</dgraphic1>
</dgraphic>
<ditem>
<ptxt>
<phrase category="" id="KC07496473" phrase-urn="urn:x-nevis:phrase:0800c8af81b7a976">Ignition off.</phrase>
</ptxt>
</ditem>
<ditem>
<ptxt>
<phrase category="" id="KC07496474" phrase-urn="urn:x-nevis:phrase:0800c8af81b7a977">Read off the oi#@#@#9#ture.</phrase>
</ptxt>
</ditem>
</diaglist>
<test2>
<ptxt>
<phrase category="" id="KC07496475" phrase-urn="urn:x-nevis:phrase:0800c8af81b7a978">Check that the #@#@#184#ased.</phrase>
</ptxt>
<hint>
<ptxt>
<phrase category="" id="KC07496476" phrase-urn="urn:x-nevis:phrase:0800c8af81b7a979">If the temperat#@#@#67#sor. </phrase>
</ptxt>
</hint>
<diaglist>
<dgraphic>
<dgraphic2>
<graphic id="KC07496477">
<href>0900c8af86c8681#@#@#9#.jpeg</href>
</graphic>
<smarttool active="press" id="KC07496478" toolname="XTCMA506"/>
</dgraphic2>
</dgraphic>
<ditem>
<ditemtext>
<ptxt>
<phrase category="" id="KC07496479" phrase-urn="urn:x-nevis:phrase:0800c8af81b7a97a"/>
</ptxt>
</ditemtext>
</ditem>
</diaglist>
</test2>
</test1>
<question>
Is the oil tem#@#@#32#nge?
</question>
<resact-grp>
<result button="yes" comp="button" highlight="0"/>
<action j2008use="1" paperuse="1" screenuse="1">
<ptxt>
<xref>
<ref id="KC07496480"/>
</xref>
</ptxt>
</action>
</resact-grp>
<resact-grp>
<result button="no" comp="button" highlight="0"/>
<action j2008use="1" paperuse="1" screenuse="1">
<ptxt>
<xref>
<ref id="KC07496481"/>
</xref>
</ptxt>
</action>
</resact-grp>
</node>
</testgrp>
<testgrp id="KC01673412" j2008use="1" paperuse="1" resumable="1" screenuse="1" testgrp-id="node1a" x="120" y="160">
<title>
<phrase category="" id="KC07496482" phrase-urn="urn:x-nevis:phrase:0800c8af81b7a97b">Checking shift #@#@#6#id S4</phrase>
</title>
<node>
<test1>
<diaglist>
<dgraphic>
<dgraphic1>
<graphic id="KC07496483">
<href>0900c8af80054d5#@#@#9#.jpeg</href>
</graphic>
</dgraphic1>
</dgraphic>
<ditem>
<ptxt>
<phrase category="" id="KC07496484" phrase-urn="urn:x-nevis:phrase:0800c8af81b7a97c">Ignition on.</phrase>
</ptxt>
</ditem>
<ditem>
<ptxt>
<phrase category="" id="KC07496485" phrase-urn="urn:x-nevis:phrase:0800c8af81b7a97d">Gear selector i#@#@#8#on P.</phrase>
</ptxt>
</ditem>
<ditem>
<ptxt>
<phrase category="" id="KC07496486" phrase-urn="urn:x-nevis:phrase:0800c8af81b7a97e">Activate soleno#@#@#1#d S4.</phrase>
</ptxt>
</ditem>
</diaglist>
<test2>
<ptxt>
<phrase category="" id="KC07496487" phrase-urn="urn:x-nevis:phrase:0800c8af81b7a987">The current sho#@#@#43#.5 A.</phrase>
</ptxt>
<diaglist>
<dgraphic>
<dgraphic2>
<graphic id="KC07496488">
<href>0900c8af86c8681#@#@#9#.jpeg</href>
</graphic>
<smarttool active="press" id="KC07496489" toolname="XTCMA559"/>
</dgraphic2>
</dgraphic>
<ditem>
<ditemtext>
<ptxt>
<phrase category="" id="KC07496490" phrase-urn="urn:x-nevis:phrase:0800c8af81b7a990"/>
</ptxt>
</ditemtext>
</ditem>
</diaglist>
</test2>
</test1>
<question>
Does the curre#@#@#9#ate?
</question>
<resact-grp>
<result button="yes" comp="button" highlight="0"/>
<action j2008use="1" paperuse="1" screenuse="1">
<ptxt>
<xref>
<ref id="KC07496491"/>
</xref>
</ptxt>
</action>
</resact-grp>
<resact-grp>
<result button="no" comp="button" highlight="0"/>
<action j2008use="1" paperuse="1" screenuse="1">
<ptxt>
<xref>
<ref id="KC07496492"/>
</xref>
</ptxt>
</action>
</resact-grp>
</node>
</testgrp>
<testgrp id="KC01673413" j2008use="1" paperuse="1" resumable="1" screenuse="1" testgrp-id="node2" x="120" y="240">
<title>
<phrase category="" id="KC07496493" phrase-urn="urn:x-nevis:phrase:0800c8af81b7a993">Checking resistance</phrase>
</title>
<node>
<test1>
<diaglist>
<dgraphic>
<dgraphic1>
<graphic id="KC07496494">
<href>0900c8af80054d4#@#@#9#.jpeg</href>
</graphic>
</dgraphic1>
</dgraphic>
<ditem>
<ptxt>
<phrase category="" id="KC07496495" phrase-urn="urn:x-nevis:phrase:0800c8af81b7a994">Ignition off.</phrase>
</ptxt>
</ditem>
<ditem>
<ptxt>
<phrase category="" id="KC07496496" phrase-urn="urn:x-nevis:phrase:0800c8af81b7a995">Disconnect tran#@#@#16#or B.</phrase>
</ptxt>
</ditem>
</diaglist>
<test2>
<para>
<ptxt>
<phrase category="" id="KC07496497" phrase-urn="urn:x-nevis:phrase:0800c8af81b7a997">Check solenoid #@#@#129#5 Ω. </phrase>
</ptxt>
</para>
<list1 enumtype="d" type="unordered">
<title>
<phrase category="" id="KC07496498" phrase-urn="urn:x-nevis:phrase:0800c8af81b7a99c">Other information:</phrase>
</title>
<item>
<ptxt>
<phrase category="" id="KC07496499" phrase-urn="urn:x-nevis:phrase:0800c8af81b7a99d">To disconnect t#@#@#24# see <xref>
<ref id="KC07496500"/>
</xref>.</phrase>
</ptxt>
</item>
<item>
<ptxt>
<phrase category="" id="KC07496501" phrase-urn="urn:x-nevis:phrase:0800c8af81b7a99e">For information#@#@#15# see <xref>
<ref id="KC07496502"/>
</xref>. </phrase>
</ptxt>
</item>
</list1>
<diaglist>
<dgraphic>
<dgraphic1>
<graphic id="KC07496503">
<href>0900c8af80058d4#@#@#9#.jpeg</href>
</graphic>
</dgraphic1>
<dgraphic2>
<graphic id="KC07496504">
<href>0900c8af80054d4#@#@#9#.jpeg</href>
</graphic>
<smarttool active="auto" id="KC07496505" toolname="ODA"/>
</dgraphic2>
</dgraphic>
<ditem>
<ditemtext>
<ptxt>
<phrase category="" id="KC07496506" phrase-urn="urn:x-nevis:phrase:0800c8af81b7a99f"/>
</ptxt>
</ditemtext>
</ditem>
</diaglist>
</test2>
</test1>
<question>
Was the resist#@#@#4# OK?
</question>
<resact-grp>
<result button="yes" comp="button" highlight="0"/>
<action j2008use="1" paperuse="1" screenuse="1">
<ptxt>
<xref>
<ref id="KC07496507"/>
</xref>
</ptxt>
</action>
</resact-grp>
<resact-grp>
<result button="no" comp="button" highlight="0"/>
<action j2008use="1" paperuse="1" screenuse="1">
<ptxt>
<xref>
<ref id="KC07496508"/>
</xref>
</ptxt>
</action>
</resact-grp>
</node>
</testgrp>
<testgrp id="KC01673414" j2008use="1" paperuse="1" resumable="1" screenuse="1" testgrp-id="node3" x="120" y="320">
<title>
<phrase category="" id="KC07496509" phrase-urn="urn:x-nevis:phrase:0800c8af81b7a9a0">Checking the wiring</phrase>
</title>
<node>
<test1>
<diaglist>
<dgraphic>
<dgraphic1>
<graphic id="KC07496510">
<href>0900c8af80054d4#@#@#9#.jpeg</href>
</graphic>
</dgraphic1>
<dgraphic2>
<graphic id="KC07496511">
<href>0900c8af80054d7#@#@#9#.jpeg</href>
</graphic>
</dgraphic2>
</dgraphic>
<ditem>
<ptxt>
<phrase category="" id="KC07496512" phrase-urn="urn:x-nevis:phrase:0800c8af81b7a9a1">Ignition off.</phrase>
</ptxt>
</ditem>
<ditem>
<ptxt>
<phrase category="" id="KC07496513" phrase-urn="urn:x-nevis:phrase:0800c8af81b7a9a2">The breakout bo#@#@#7#cted </phrase>
</ptxt>
</ditem>
<ditem>
<ptxt>
<phrase category="" id="KC07496514" phrase-urn="urn:x-nevis:phrase:0800c8af81b7a9a3">Transmission co#@#@#18#cted.</phrase>
</ptxt>
</ditem>
</diaglist>
<test2>
<para>
<ptxt>
<phrase category="" id="KC07496515" phrase-urn="urn:x-nevis:phrase:0800c8af81b7a9a4">Check the cable#@#@#135#ng to<xref>
<ref id="KC07496516"/>
</xref>.</phrase>
</ptxt>
</para>
<para>
<ptxt>
<phrase category="" id="KC07496517" phrase-urn="urn:x-nevis:phrase:0800c8af81b7a9a5">Remedy as necessary.</phrase>
</ptxt>
</para>
<list1 enumtype="d" type="unordered">
<title>
<phrase category="" id="KC07496518" phrase-urn="urn:x-nevis:phrase:0800c8af81b7a9a6">Other information:</phrase>
</title>
<item>
<ptxt>
<phrase category="" id="KC07496519" phrase-urn="urn:x-nevis:phrase:0800c8af81b7a9a9">To connect the #@#@#13# see <xref>
<ref id="KC07496520"/>
</xref>. </phrase>
</ptxt>
</item>
<item>
<ptxt>
<phrase category="" id="KC07496521" phrase-urn="urn:x-nevis:phrase:0800c8af81b7a9ab">To disconnect t#@#@#24# see <xref>
<ref id="KC07496522"/>
</xref>.</phrase>
</ptxt>
</item>
<item>
<ptxt>
<phrase category="" id="KC07496523" phrase-urn="urn:x-nevis:phrase:0800c8af81b7a9ad">For information#@#@#15# see <xref>
<ref id="KC07496524"/>
</xref>. </phrase>
</ptxt>
</item>
</list1>
<diaglist>
<dgraphic>
<dgraphic1>
<graphic id="KC07496525">
<href>0900c8af80058b8#@#@#9#.jpeg</href>
</graphic>
</dgraphic1>
<dgraphic2>
<graphic id="KC07496526">
<href>0900c8af80054d4#@#@#9#.jpeg</href>
</graphic>
<smarttool active="auto" id="KC07496527" toolname="ODA"/>
</dgraphic2>
</dgraphic>
<ditem>
<ditemtext>
<ptxt>
<phrase category="" id="KC07496528" phrase-urn="urn:x-nevis:phrase:0800c8af81b7a9ae"/>
</ptxt>
</ditemtext>
</ditem>
</diaglist>
</test2>
</test1>
<question>
Was a fault de#@#@#3#ted?
</question>
<resact-grp>
<result button="yes" comp="button" highlight="0"/>
<action j2008use="1" paperuse="1" screenuse="1">
<ptxt>
<xref>
<ref id="KC07496529"/>
</xref>
</ptxt>
</action>
</resact-grp>
<resact-grp>
<result button="no" comp="button" highlight="0"/>
<action j2008use="1" paperuse="1" screenuse="1">
<ptxt>
<xref>
<ref id="KC07496530"/>
</xref>
</ptxt>
</action>
</resact-grp>
</node>
</testgrp>
<testgrp id="KC01673415" j2008use="1" paperuse="1" resumable="1" screenuse="1" testgrp-id="node4" x="140" y="400">
<title>
<phrase category="" id="KC07496531" phrase-urn="urn:x-nevis:phrase:0800c8af81b7a9af">Checking the co#@#@#7#odule</phrase>
</title>
<node>
<test1>
<diaglist>
<dgraphic>
<dgraphic1>
<graphic id="KC07496532">
<href>0900c8af80054d4#@#@#9#.jpeg</href>
</graphic>
</dgraphic1>
<dgraphic2>
<graphic id="KC07496533">
<href>0900c8af80054d7#@#@#9#.jpeg</href>
</graphic>
</dgraphic2>
<dgraphic3>
<graphic id="KC07496534">
<href>0900c8af80054cc#@#@#9#.jpeg</href>
</graphic>
</dgraphic3>
</dgraphic>
<ditem>
<ptxt>
<phrase category="" id="KC07496535" phrase-urn="urn:x-nevis:phrase:0800c8af81b7a9b1">Ignition off.</phrase>
</ptxt>
</ditem>
<ditem>
<ptxt>
<phrase category="" id="KC07496536" phrase-urn="urn:x-nevis:phrase:0800c8af81b7a9b2">The breakout bo#@#@#7#cted.</phrase>
</ptxt>
</ditem>
<ditem>
<ptxt>
<phrase category="" id="KC07496537" phrase-urn="urn:x-nevis:phrase:0800c8af81b7a9b3">Connect the con#@#@#7#dule.</phrase>
</ptxt>
</ditem>
<ditem>
<ptxt>
<phrase category="" id="KC07496538" phrase-urn="urn:x-nevis:phrase:0800c8af81b7a9b4">Transmission co#@#@#18#cted.</phrase>
</ptxt>
</ditem>
<ditem>
<ptxt>
<phrase category="" id="KC07496539" phrase-urn="urn:x-nevis:phrase:0800c8af81b7a9b7">Gear selector i#@#@#8#on P.</phrase>
</ptxt>
</ditem>
</diaglist>
<test2>
<para>
<ptxt>
<phrase category="" id="KC07496540" phrase-urn="urn:x-nevis:phrase:0800c8af81b7a9bb">Check the trans#@#@#161#9 kΩ.</phrase>
</ptxt>
</para>
<note>
<ptxt>
<phrase category="" id="KC07496541" phrase-urn="urn:x-nevis:phrase:0800c8af81b7a9bc">When removing t#@#@#167# etc.</phrase>
</ptxt>
</note>
<para>
<ptxt>
<phrase category="" id="KC07496542" phrase-urn="urn:x-nevis:phrase:0800c8af81b7a9bd">Try a new contr#@#@#35#nite.</phrase>
</ptxt>
</para>
<list1 enumtype="d" type="unordered">
<title>
<phrase category="" id="KC07496543" phrase-urn="urn:x-nevis:phrase:0800c8af81b7a9be">Other information:</phrase>
</title>
<item>
<ptxt>
<phrase category="" id="KC07496544" phrase-urn="urn:x-nevis:phrase:0800c8af81b7a9bf">To disconnect t#@#@#24# see <xref>
<ref id="KC07496545"/>
</xref>.</phrase>
</ptxt>
</item>
<item>
<ptxt>
<phrase category="" id="KC07496546" phrase-urn="urn:x-nevis:phrase:0800c8af81b7a9c0">To replace the #@#@#15# see <xref>
<ref id="KC07496547"/>
</xref>. </phrase>
</ptxt>
</item>
<item>
<ptxt>
<phrase category="" id="KC07496548" phrase-urn="urn:x-nevis:phrase:0800c8af81b7a9c1">For information#@#@#15# see <xref>
<ref id="KC07496549"/>
</xref>. </phrase>
</ptxt>
</item>
</list1>
<diaglist>
<dgraphic>
<dgraphic1>
<graphic id="KC07496550">
<href>0900c8af8005444#@#@#9#.jpeg</href>
</graphic>
</dgraphic1>
<dgraphic2>
<graphic id="KC07496551">
<href>0900c8af80054d4#@#@#9#.jpeg</href>
</graphic>
<smarttool active="auto" id="KC07496552" toolname="ODA"/>
</dgraphic2>
</dgraphic>
<ditem>
<ditemtext>
<ptxt>
<phrase category="" id="KC07496553" phrase-urn="urn:x-nevis:phrase:0800c8af81b7a9c2"/>
</ptxt>
</ditemtext>
</ditem>
</diaglist>
</test2>
</test1>
<question>
Was the resist#@#@#4# OK?
</question>
<resact-grp>
<result button="yes" comp="button" highlight="0"/>
<action j2008use="1" paperuse="1" screenuse="1">
<return value="FAULT NOT FOUND"/>
</action>
</resact-grp>
<resact-grp>
<result button="no" comp="button" highlight="0"/>
<action j2008use="1" paperuse="1" screenuse="1">
<ptxt>
<xref>
<ref id="KC07496554"/>
</xref>
</ptxt>
</action>
</resact-grp>
</node>
</testgrp>
<testgrp id="KC01673416" j2008use="1" paperuse="1" resumable="1" screenuse="1" testgrp-id="node5" x="120" y="480">
<title>
<phrase category="" id="KC07496555" phrase-urn="urn:x-nevis:phrase:0800c8af81b7a9c3">Checking the wi#@#@#13#onent</phrase>
</title>
<node>
<test1>
<diaglist>
<dgraphic>
<dgraphic1>
<graphic id="KC07496556">
<href>0900c8af80054d4#@#@#9#.jpeg</href>
</graphic>
</dgraphic1>
</dgraphic>
<ditem>
<ptxt>
<phrase category="" id="KC07496557" phrase-urn="urn:x-nevis:phrase:0800c8af81b7a9c4">Ignition off.</phrase>
</ptxt>
</ditem>
<ditem>
<ptxt>
<phrase category="" id="KC07496558" phrase-urn="urn:x-nevis:phrase:0800c8af81b7a9c5">Open the transm#@#@#17#stem.</phrase>
</ptxt>
</ditem>
</diaglist>
<test2>
<para>
<ptxt>
<phrase category="" id="KC07496559" phrase-urn="urn:x-nevis:phrase:0800c8af81b7a9c6">Check the cable#@#@#128#g to <xref>
<ref id="KC07496560"/>
</xref>. </phrase>
</ptxt>
</para>
<para>
<ptxt>
<phrase category="" id="KC07496561" phrase-urn="urn:x-nevis:phrase:0800c8af81b7a9c7">Check solenoid #@#@#178#d S4.</phrase>
</ptxt>
</para>
<para>
<ptxt>
<phrase category="" id="KC07496562" phrase-urn="urn:x-nevis:phrase:0800c8af81b7a9c8">Remedy as necessary.</phrase>
</ptxt>
</para>
<list1 enumtype="d" type="unordered">
<title>
<phrase category="" id="KC07496563" phrase-urn="urn:x-nevis:phrase:0800c8af81b7a9c9">Other information:</phrase>
</title>
<item>
<ptxt>
<phrase category="" id="KC07496564" phrase-urn="urn:x-nevis:phrase:0800c8af81b7a9ca">To disconnect t#@#@#24# see <xref>
<ref id="KC07496565"/>
</xref>.</phrase>
</ptxt>
</item>
<item>
<ptxt>
<phrase category="" id="KC07496566" phrase-urn="urn:x-nevis:phrase:0800c8af81b7a9cb">To open the con#@#@#48# see <xref>
<ref id="KC07496567"/>
</xref>.</phrase>
</ptxt>
</item>
<item>
<ptxt>
<phrase category="" id="KC07496568" phrase-urn="urn:x-nevis:phrase:0800c8af81b7a9cc">To replace the #@#@#23# see <xref>
<ref id="KC07496569"/>
</xref>. </phrase>
</ptxt>
</item>
<item>
<ptxt>
<phrase category="" id="KC07496570" phrase-urn="urn:x-nevis:phrase:0800c8af81b7a9ce">For information#@#@#15# see <xref>
<ref id="KC07496571"/>
</xref>. </phrase>
</ptxt>
</item>
</list1>
<diaglist>
<dgraphic>
<dgraphic1>
<graphic id="KC07496572">
<href>0900c8af803f574#@#@#9#.jpeg</href>
</graphic>
</dgraphic1>
<dgraphic2>
<graphic id="KC07496573">
<href>0900c8af80054d4#@#@#9#.jpeg</href>
</graphic>
<smarttool active="auto" id="KC07496574" toolname="ODA"/>
</dgraphic2>
</dgraphic>
<ditem>
<ditemtext>
<ptxt>
<phrase category="" id="KC07496575" phrase-urn="urn:x-nevis:phrase:0800c8af81b7a9d0"/>
</ptxt>
</ditemtext>
</ditem>
</diaglist>
<grate>
<graphic id="KC07496576">
<href>0900c8af80058d4#@#@#9#.jpeg</href>
</graphic>
</grate>
</test2>
</test1>
<question>
Select Continu#@#@#31#ied.
</question>
<resact-grp>
<result button="cont" comp="button" highlight="0"/>
<action j2008use="1" paperuse="1" screenuse="1">
<ptxt>
<xref>
<ref id="KC07496577"/>
</xref>
</ptxt>
</action>
</resact-grp>
</node>
</testgrp>
<testgrp id="KC01673417" j2008use="1" paperuse="1" resumable="1" screenuse="1" testgrp-id="adapt" x="120" y="560">
<title>
<phrase category="" id="KC07496578" phrase-urn="urn:x-nevis:phrase:0800c8af81b7a9d2">Resetting the a#@#@#26#unter</phrase>
</title>
<subcalloutnode>
<diagcallout>
<xref>
<ref id="KC07496579"/>
</xref>
</diagcallout>
<rescall-grp>
<result comp="string" highlight="0" op="eq" return="DONE"/>
<calloutaction>
<ptxt>
<xref>
<ref id="KC07496580"/>
</xref>
</ptxt>
</calloutaction>
</rescall-grp>
</subcalloutnode>
</testgrp>
<testgrp id="KC01673418" j2008use="1" paperuse="1" resumable="1" screenuse="1" testgrp-id="verifnode" x="260" y="220">
<title>
<phrase category="" id="KC07496581" phrase-urn="urn:x-nevis:phrase:0800c8af81b7a9d3">Verification</phrase>
</title>
<node>
<test1>
<hint>
<ptxt>
<phrase category="" id="KC07496582" phrase-urn="urn:x-nevis:phrase:0800c8af81b7a9d4">After carrying #@#@#50#died.</phrase>
</ptxt>
</hint>
<diaglist>
<dgraphic>
<dgraphic1>
<graphic id="KC07496583">
<href>0900c8af80054d5#@#@#9#.jpeg</href>
</graphic>
</dgraphic1>
</dgraphic>
<ditem>
<ptxt>
<phrase category="" id="KC07496584" phrase-urn="urn:x-nevis:phrase:0800c8af81b7a9d5">Ignition on.</phrase>
</ptxt>
</ditem>
<ditem>
<ptxt>
<phrase category="" id="KC07496585" phrase-urn="urn:x-nevis:phrase:0800c8af81b7a9d6">Gear selector i#@#@#8#on P.</phrase>
</ptxt>
</ditem>
<ditem>
<ptxt>
<phrase category="" id="KC07496586" phrase-urn="urn:x-nevis:phrase:0800c8af81b7a9d7">Activate soleno#@#@#1#d S4.</phrase>
</ptxt>
</ditem>
</diaglist>
<test2>
<ptxt>
<phrase category="" id="KC07496587" phrase-urn="urn:x-nevis:phrase:0800c8af81b7a9d8">The current sho#@#@#43#.5 A.</phrase>
</ptxt>
<diaglist>
<dgraphic>
<dgraphic2>
<graphic id="KC07496588">
<href>0900c8af86c8681#@#@#9#.jpeg</href>
</graphic>
<smarttool active="press" id="KC07496589" toolname="XTCMA559"/>
</dgraphic2>
</dgraphic>
<ditem>
<ditemtext>
<ptxt>
<phrase category="" id="KC07496590" phrase-urn="urn:x-nevis:phrase:0800c8af81b7a9da"/>
</ptxt>
</ditemtext>
</ditem>
</diaglist>
</test2>
</test1>
<question>
Does the curre#@#@#9#ate?
</question>
<resact-grp>
<result button="yes" comp="button" highlight="0"/>
<action j2008use="1" paperuse="1" screenuse="1">
<return value="VERIFIED"/>
</action>
</resact-grp>
<resact-grp>
<result button="no" comp="button" highlight="0"/>
<action j2008use="1" paperuse="1" screenuse="1">
<ptxt>
<xref>
<ref id="KC07496591"/>
</xref>
</ptxt>
</action>
</resact-grp>
</node>
</testgrp>
<testgrp id="KC01673419" j2008use="1" paperuse="0" resumable="1" screenuse="1" testgrp-id="info1" x="440" y="160">
<title>
<phrase category="" id="KC07496592" phrase-urn="urn:x-nevis:phrase:0800c8af81b7a9de">Fault-tracing i#@#@#5#ation</phrase>
</title>
<subcalloutnode>
<diagcallout>
<xref>
<ref id="KC07496593"/>
</xref>
</diagcallout>
<rescall-grp>
<result comp="string" highlight="0" op="eq" return="FAULTTRACING FAILED"/>
<calloutaction>
<return value="FAULTTRACING FAILED"/>
</calloutaction>
</rescall-grp>
<rescall-grp>
<result comp="string" highlight="0" op="eq" return="NEW TRY"/>
<calloutaction>
<ptxt>
<xref>
<ref id="KC07496594"/>
</xref>
</ptxt>
</calloutaction>
</rescall-grp>
</subcalloutnode>
</testgrp>
<testgrp id="KC01673420" j2008use="1" paperuse="1" resumable="1" screenuse="1" testgrp-id="intnode" x="260" y="120">
<title>
<phrase category="" id="KC07496595" phrase-urn="urn:x-nevis:phrase:0800c8af81b7a9e0">Intermittent fault</phrase>
</title>
<node>
<test1>
<test2>
<para>
<ptxt>
<phrase category="" id="KC07496596" phrase-urn="urn:x-nevis:phrase:0800c8af81b7a94c">Check the trans#@#@#102#g to <xref>
<ref id="KC07496597"/>
</xref>.</phrase>
</ptxt>
</para>
<para>
<ptxt>
<phrase category="" id="KC07496598" phrase-urn="urn:x-nevis:phrase:0800c8af81b7a94d">Check the cable#@#@#127#g to <xref>
<ref id="KC07496599"/>
</xref>.</phrase>
</ptxt>
</para>
<hint>
<list1>
<item>
<ptxt>
<phrase category="" id="KC07496600" phrase-urn="urn:x-nevis:phrase:0800c8af81b7a94e">Check the circu#@#@#193#5 Ω. </phrase>
</ptxt>
</item>
</list1>
</hint>
<para>
<ptxt>
<phrase category="" id="KC07496601" phrase-urn="urn:x-nevis:phrase:0800c8af81b7a94f">Remedy as necessary.</phrase>
</ptxt>
</para>
<list1 enumtype="d" type="unordered">
<title>
<phrase category="" id="KC07496602" phrase-urn="urn:x-nevis:phrase:0800c8af81b7a950">Other information:</phrase>
</title>
<item>
<ptxt>
<phrase category="" id="KC07496603" phrase-urn="urn:x-nevis:phrase:0800c8af81b7a952">To connect the #@#@#13# see <xref>
<ref id="KC07496604"/>
</xref>. </phrase>
</ptxt>
</item>
<item>
<ptxt>
<phrase category="" id="KC07496605" phrase-urn="urn:x-nevis:phrase:0800c8af81b7a959">To disconnect t#@#@#24# see <xref>
<ref id="KC07496606"/>
</xref>.</phrase>
</ptxt>
</item>
<item>
<ptxt>
<phrase category="" id="KC07496607" phrase-urn="urn:x-nevis:phrase:0800c8af81b7a95e">For information#@#@#15# see <xref>
<ref id="KC07496608"/>
</xref>. </phrase>
</ptxt>
</item>
</list1>
<diaglist>
<dgraphic>
<dgraphic1>
<graphic id="KC07496609">
<href>0900c8af80058b8#@#@#9#.jpeg</href>
</graphic>
</dgraphic1>
<dgraphic2>
<graphic id="KC07496610">
<href>0900c8af80054d4#@#@#9#.jpeg</href>
</graphic>
<smarttool active="press" id="KC07496611" toolname="ODAH"/>
</dgraphic2>
</dgraphic>
<ditem>
<ditemtext>
<ptxt>
<phrase category="" id="KC07496612" phrase-urn="urn:x-nevis:phrase:0800c8af81b7a965"/>
</ptxt>
</ditemtext>
</ditem>
</diaglist>
<grate>
<graphic id="KC07496613">
<href>0900c8af803f578#@#@#9#.jpeg</href>
</graphic>
</grate>
</test2>
</test1>
<question>
Select Continu#@#@#31#ied.
</question>
<resact-grp>
<result button="cont" comp="button" highlight="0"/>
<action j2008use="1" paperuse="0" screenuse="1">
<ptxt>
<xref>
<ref id="KC07496614"/>
</xref>
</ptxt>
</action>
<action j2008use="0" paperuse="1" screenuse="0">
<return value="DONE"/>
</action>
</resact-grp>
</node>
</testgrp>
<testgrp id="KC01673421" j2008use="1" paperuse="0" resumable="1" screenuse="1" testgrp-id="info2" x="440" y="80">
<title>
<phrase category="" id="KC07496615" phrase-urn="urn:x-nevis:phrase:0800c8af81b7a96a">Fault-tracing i#@#@#5#ation</phrase>
</title>
<subcalloutnode>
<diagcallout>
<xref>
<ref id="KC07496616"/>
</xref>
</diagcallout>
<rescall-grp>
<result comp="string" highlight="0" op="eq" return="NEW TRY"/>
<calloutaction>
<ptxt>
<xref>
<ref id="KC07496617"/>
</xref>
</ptxt>
</calloutaction>
</rescall-grp>
<rescall-grp>
<result comp="string" highlight="0" op="eq" return="DONE"/>
<calloutaction>
<return value="DONE"/>
</calloutaction>
</rescall-grp>
<rescall-grp>
<result comp="string" highlight="0" op="eq" return="FAULT FOUND"/>
<calloutaction>
<return value="FAULT FOUND"/>
</calloutaction>
</rescall-grp>
</subcalloutnode>
</testgrp>
<testgrp id="KC01673422" j2008use="1" paperuse="1" resumable="1" screenuse="1" testgrp-id="tempgivare" x="260" y="300">
<title>
<phrase category="" id="KC07496618" phrase-urn="urn:x-nevis:phrase:0800c8af81b7a96e"/>
</title>
<subcalloutnode>
<diagcallout>
<xref>
<ref id="KC07496619"/>
</xref>
</diagcallout>
<rescall-grp>
<result comp="string" highlight="0" op="eq" return="FAULT FOUND"/>
<calloutaction>
<return value="FAULT FOUND"/>
</calloutaction>
</rescall-grp>
<rescall-grp>
<result comp="string" highlight="0" op="eq" return="FAULT NOT FOUND"/>
<calloutaction>
<return value="FAULT NOT FOUND"/>
</calloutaction>
</rescall-grp>
<rescall-grp>
<result comp="string" highlight="0" op="eq" return="FAULTTRACING FAILED"/>
<calloutaction>
<return value="FAULTTRACING FAILED"/>
</calloutaction>
</rescall-grp>
</subcalloutnode>
</testgrp>
</diagnostic>
</servinfosub>