<?xml version="1.0" encoding="UTF-8"?><servinfosub IE-ID="en-US0900c8af85cb090d" docno="VCC-370834" id="nev13716436n1" original="sv-SE" servinfosubId="nev13716437n1-nev19010357n1" servinfosubRes="0900c8af85cb092e" servinfosubRes2="urn:x-nevis:fragment:0900c8af85cb090d:0900c8af85cb092e#nev19010357n1" xml:lang="en-US">
<title id="nev13716435n87">Spring</title>
<toolitemtable id="nev13716437n1-nev19010410n12">
<table id="nev13716437n1-nev19010410n11">
<tgroup cols="2" id="nev13716437n1-nev19010410n10">
<colspec colname="COLSPEC0" colwidth="1.00*" id="nev13716437n1-nev19010410n9"/>
<colspec colname="COLSPEC1" colwidth="1.00*" id="nev13716437n1-nev19010410n8"/>
<thead id="nev13716437n1-nev19010410n7">
<row id="nev13716437n1-nev19010410n6">
<entry id="nev13716437n1-nev19010410n5" nameend="COLSPEC1" namest="COLSPEC0" valign="top">
<ptxt id="nev13716437n1-nev19010410n4">
<emph id="nev13716437n1-nev19010410n3">Special tools</emph>
</ptxt>
</entry>
</row>
</thead>
<tbody id="nev13716437n1-nev19010410n2">
<row id="nev13716437n1-nev19010410n1">
<entry id="nev13716437n1-nev19010411n100">
<graphic id="nev13716437n1-nev19010411n99">
<href>0900c8af8162065#@#@#9#.jpeg</href>
</graphic>
</entry>
<entry id="nev13716437n1-nev19010411n98">
<ptxt id="nev13716437n1-nev19010411n97">
<emph id="nev13716437n1-nev19010411n96">951 2897 Claw</emph>
</ptxt>
<ptxt id="nev13716437n1-nev19010411n94">
<emph id="nev13716437n1-nev19010411n93">Tool number:</emph>951 2897</ptxt>
<ptxt id="nev13716437n1-nev19010411n92">
<emph id="nev13716437n1-nev19010411n91">Tool description:</emph>Claw</ptxt>
<ptxt id="nev13716437n1-nev19010411n89">
<emph id="nev13716437n1-nev19010411n88">Tool boards:</emph>70</ptxt>
</entry>
</row>
<row id="nev13716437n1-nev19010411n87">
<entry id="nev13716437n1-nev19010411n86">
<graphic id="nev13716437n1-nev19010411n85">
<href>0900c8af85c57f3#@#@#9#.jpeg</href>
</graphic>
</entry>
<entry id="nev13716437n1-nev19010411n84">
<ptxt id="nev13716437n1-nev19010411n83">
<emph id="nev13716437n1-nev19010411n82">951 2911 Hydrau#@#@#5#iston</emph>
</ptxt>
<ptxt id="nev13716437n1-nev19010411n80">
<emph id="nev13716437n1-nev19010411n79">Tool number:</emph>951 2911</ptxt>
<ptxt id="nev13716437n1-nev19010411n78">
<emph id="nev13716437n1-nev19010411n77">Tool description:</emph>Hydraulic piston</ptxt>
<ptxt id="nev13716437n1-nev19010411n75">
<emph id="nev13716437n1-nev19010411n74">Tool boards:</emph>70</ptxt>
</entry>
</row>
</tbody>
</tgroup>
</table>
</toolitemtable>
<procedure id="nev13716437n1-nev19010365n8">
<stepgrp boilerplate="false" context="" id="nev13716437n1-nev19010410n26">
<title id="nev13716437n1-0800c8af844a46f6">Removal</title>
<procstep id="nev13716437n1-nev19010366n1">
<note id="nev13716437n1-0800c8af844a42fa">
<ptxt>Removal steps i#@#@#45#ails.</ptxt>
</note>
</procstep>
<procstep id="nev13716437n1-nev19010366n4">
<para id="nev13716437n1-nev19010410n24">
<ptxt id="nev13716437n1-nev19010410n25">Remove relevant#@#@#11#wheel<xref boilerplate="true" id="nev13716437n1-0800c8af85972e7f">
<ref id="nev13716437n1-nev19010366n9"/>
</xref>
</ptxt>
</para>
</procstep>
<procstep id="nev13716437n1-nev19010366n10">
<grate id="nev13716437n1-nev19010367n1">
<graphic id="nev13716437n1-nev19010367n2">
<href>0900c8af85972e1#@#@#9#.jpeg</href>
</graphic>
<graphtext id="nev13716437n1-nev19010424n1">
<para id="nev13716437n1-nev19010410n22">
<ptxt id="nev13716437n1-nev19010410n23">
<equipment equipmentid="" equipmentname="Transmission jack" id="nev13716437n1-nev19010367n6"/>
</ptxt>
</para>
<para id="nev13716437n1-nev19010410n18">
<ptxt id="nev13716437n1-nev19010410n20">
<torque id="nev13716437n1-nev19010410n21">
<ref id="nev13716437n1-nev19010410n19"/>
</torque>
</ptxt>
</para>
</graphtext>
</grate>
</procstep>
<procstep id="nev13716437n1-nev19010368n6">
<grate id="nev13716437n1-nev19010368n7">
<graphic id="nev13716437n1-nev19010368n8">
<href>0900c8af85972e2#@#@#9#.jpeg</href>
</graphic>
<graphtext id="nev13716437n1-nev19010434n1">
<note id="nev13716437n1-0800c8af844a42ea">
<ptxt>Note the positi#@#@#30#oval.</ptxt>
</note>
<para id="nev13716437n1-nev19010410n16">
<ptxt id="nev13716437n1-nev19010410n17">
<toolitem boilerplate="true" id="nev13716437n1-nev19010369n4" imageid="0900c8af81620655"/>
<toolitem boilerplate="false" id="nev13716437n1-nev19010369n5" imageid="0900c8af85c57f3f"/>
</ptxt>
</para>
</graphtext>
</grate>
</procstep>
<procstep id="nev13716437n1-nev19010369n6">
<grate id="nev13716437n1-nev19010369n7">
<graphic id="nev13716437n1-nev19010369n8">
<href>0900c8af85972e2#@#@#9#.jpeg</href>
</graphic>
</grate>
</procstep>
</stepgrp>
<stepgrp boilerplate="false" context="" id="nev13716437n1-nev19010410n15">
<title id="nev13716437n1-0800c8af844a46f9">Installation</title>
<procstep id="nev13716437n1-nev19010370n1">
<para id="nev13716437n1-nev19010410n13">
<ptxt id="nev13716437n1-nev19010410n14">To install, rev#@#@#22#dure.</ptxt>
</para>
</procstep>
</stepgrp>
</procedure>
</servinfosub>