<?xml version="1.0" encoding="UTF-8"?><servinfosub IE-ID="en-US0900c8af83da590d" docno="VCC-292267" id="nev11802725n1" servinfosubId="nev20685228n1-nev20685228n2" servinfosubRes="0900c8af862c1c5e" servinfosubRes2="urn:x-nevis:fragment:0900c8af83da590d:0900c8af862c1c5e#nev20685228n2" xml:lang="en-US">
<title id="nev11802725n2">Description of #@#@#60#ation</title>
<para id="nev20685228n1-nev11802725n3">
<ptxt id="nev20685228n1-nev11989043n244">
<xref id="nev20685228n1-nev11989043n237">
<ref id="nev20685228n1-nev11989043n230"/>
</xref>
</ptxt>
<ptxt id="nev20685228n1-nev11802725n4">
<xref id="nev20685228n1-nev11802725n5">
<ref id="nev20685228n1-nev11802725n6"/>
</xref>
</ptxt>
<ptxt id="nev20685228n1-nev11802725n7">
<xref id="nev20685228n1-nev11802725n8">
<ref id="nev20685228n1-nev11802725n9"/>
</xref>
</ptxt>
</para>
</servinfosub>