<?xml version="1.0" encoding="UTF-8"?><servinfosub IE-ID="en-US0900c8af84909e06" docno="VCC-394128" id="nev14462988n1" xml:lang="en-US">
<title>
<phrase category="Title" id="nev14462988n2" phrase-urn="urn:x-nevis:phrase:0800c8af81eb9a54">Diagnostic trou#@#@#21#ation</phrase>
<phrase category="Prefix" id="nev14462988n3" phrase-urn="urn:x-nevis:phrase:0800c8af8015c3f5">ECM</phrase>-P010600</title>
<diagnostic j2008use="1" paperuse="1" screenuse="1" type="condition">
<condgrp>
<condition type="condition">
<grate>
<graphic id="nev14462988n4">
<href>0900c8af81d9ad2#@#@#9#.jpeg</href>
</graphic>
<graphtext>
<ptxt>
<phrase category="" id="nev14462988n5" phrase-urn="urn:x-nevis:phrase:0800c8af823db6c3">The engine cont#@#@#90#nsor.</phrase>
</ptxt>
<ptxt>
<phrase category="" id="nev14462988n6" phrase-urn="urn:x-nevis:phrase:0800c8af823db6c4">The diagnostic #@#@#149#el.  </phrase>
</ptxt>
<ptxt>
<phrase category="" id="nev14462988n7" phrase-urn="urn:x-nevis:phrase:0800c8af823db6c5">The diagnostic #@#@#104# °C).</phrase>
</ptxt>
</graphtext>
</grate>
</condition>
</condgrp>
<condgrp>
<condition type="substitution">
<list1 enumtype="d" type="unordered">
<item>
<ptxt>
<phrase category="" id="nev14462988n8" phrase-urn="urn:x-nevis:phrase:0800c8af823db6c6">The signal from#@#@#64#tant.</phrase>
</ptxt>
</item>
<item>
<ptxt>
<phrase category="" id="nev14462988n9" phrase-urn="urn:x-nevis:phrase:0800c8af823db6c8">Load/airflow ca#@#@#76#nsor.</phrase>
</ptxt>
</item>
</list1>
</condition>
<ps>
<list1 enumtype="d" type="unordered">
<item>
<ptxt>
<phrase category="" id="nev14462988n10" phrase-urn="urn:x-nevis:phrase:0800c8af823db6c9">Contact resista#@#@#12#ctor.</phrase>
</ptxt>
</item>
<item>
<ptxt>
<phrase category="" id="nev14462989n1" phrase-urn="urn:x-nevis:phrase:0800c8af823db6ca">Faulty hose con#@#@#3#tion.</phrase>
</ptxt>
</item>
<item>
<ptxt>
<phrase category="" id="nev14462989n2" phrase-urn="urn:x-nevis:phrase:0800c8af823db6cb">Damaged air pre#@#@#31#fold.</phrase>
</ptxt>
</item>
</list1>
</ps>
</condgrp>
<condgrp>
<condition type="symptom">
<list1 enumtype="d" type="unordered">
<item>
<ptxt>
<phrase category="Symptom CSC" id="nev14665875n1" phrase-urn="urn:x-nevis:phrase:0800c8af8388f076">DL, Warning lig#@#@#85#ation</phrase>
</ptxt>
</item>
</list1>
</condition>
</condgrp>
</diagnostic>
</servinfosub>