<?xml version="1.0" encoding="UTF-8"?><servinfosub IE-ID="en-US0900c8af804aae06" docno="VCC-099003" id="KC01480907" xml:lang="en-US">
<title>
<phrase category="" id="KC08617121" phrase-urn="urn:x-nevis:phrase:0800c8af81de878b">Control module #@#@#8#ation</phrase>
</title>
<diagnostic j2008use="1" paperuse="1" screenuse="1" type="test">
<testgrp IE-ID="en-US0900c8af804aae06_KC01480908" id="KC01480908" j2008use="1" paperuse="1" resumable="1" screenuse="1" testgrp-id="node1" x="200" y="200">
<title>
<phrase category="" id="KC08617122" phrase-urn="urn:x-nevis:phrase:0800c8af81de878c">Replacing contr#@#@#20#mming</phrase>
</title>
<node>
<test1>
<test2>
<para>
<ptxt>
<phrase category="" id="KC08617123" phrase-urn="urn:x-nevis:phrase:0800c8af81de878d">The control mod#@#@#32#ault.</phrase>
</ptxt>
</para>
<caution>
<ptxt>
<phrase category="" id="KC08617124" phrase-urn="urn:x-nevis:phrase:0800c8af81de878e">A new control m#@#@#109#ment.</phrase>
</ptxt>
</caution>
<para>
<ptxt>
<phrase category="" id="KC08617125" phrase-urn="urn:x-nevis:phrase:0800c8af81de878f">For further inf#@#@#60# see <xref>
<ref id="KC08617126"/>
</xref>.</phrase>
</ptxt>
</para>
<grate>
<graphic id="KC08617127">
<href>0900c8af8005916#@#@#9#.jpeg</href>
</graphic>
</grate>
</test2>
</test1>
<question>Select Continue.</question>
<resact-grp>
<result button="cont" comp="button" highlight="0"/>
<action j2008use="1" paperuse="1" screenuse="1">
<return value="DONE"/>
</action>
</resact-grp>
</node>
</testgrp>
</diagnostic>
</servinfosub>