<?xml version="1.0" encoding="UTF-8"?><servinfosub IE-ID="en-US0900c8af826e4e03" docno="VCC-053878" id="KC09332776" xml:lang="en-US">
<title>
<phrase category="" id="KC09332778" phrase-urn="urn:x-nevis:phrase:0800c8af826e4e0a">Other diagnosti#@#@#37#sages</phrase>
</title>
<diagnostic j2008use="0" paperuse="1" screenuse="0" type="test">
<testgrp IE-ID="en-US0900c8af826e4e03_KC09332777" id="KC09332777" testgrp-id="id_vida">
<title>
<phrase category="" id="KC09332779" phrase-urn="urn:x-nevis:phrase:0800c8af826e4e0b">Status message</phrase>
</title>
<node>
<test1>
<test2>
<diaglist>
<dgraphic>
<dgraphic2>
<graphic id="KC09332780">
<href>0900c8af8005433#@#@#9#.jpeg</href>
</graphic>
</dgraphic2>
</dgraphic>
<ditem>
<ditemtext>
<ptxt>
<phrase category="" id="KC09332781" phrase-urn="urn:x-nevis:phrase:0800c8af826e4e0d"/>
</ptxt>
</ditemtext>
</ditem>
</diaglist>
</test2>
</test1>
<question>
Select one of #@#@#31#ue: 
</question>
<resact-grp>
<result button="text" comp="button" text="1"/>
<action>
<ptxt>
<xref>
<ref id="KC09332783"/>
</xref>
</ptxt>
</action>
</resact-grp>
<resact-grp>
<result button="text" comp="button" text="2"/>
<action>
<ptxt>
<xref>
<ref id="KC09332784"/>
</xref>
</ptxt>
</action>
</resact-grp>
</node>
</testgrp>
</diagnostic>
</servinfosub>