<?xml version="1.0" encoding="UTF-8"?><servinfosub IE-ID="en-US0900c8af82d44e03" docno="VCC-273047" id="nev11091839n1" xml:lang="en-US">
<title>
<phrase category="Title" id="nev11102481n1" phrase-urn="urn:x-nevis:phrase:0800c8af81eb9a54">Diagnostic trou#@#@#21#ation</phrase>
<phrase category="Prefix" id="nev11102480n1" phrase-urn="urn:x-nevis:phrase:0800c8af8015c3f5">ECM</phrase>-P053200</title>
<diagnostic j2008use="1" paperuse="1" screenuse="1" type="condition">
<condgrp>
<condition type="condition">
<grate>
<graphic id="nev11091839n3" width="column">
<href>0900c8af8073187#@#@#9#.jpeg</href>
</graphic>
<graphtext>
<para>
<ptxt>
<phrase category="" id="nev11091839n4" phrase-urn="urn:x-nevis:phrase:0800c8af81aa0e3b">The diagnostic #@#@#172#ange.</phrase>
</ptxt>
<ptxt>
<phrase category="" id="nev11091839n5" phrase-urn="urn:x-nevis:phrase:0800c8af81aa0e3c">The diagnostic #@#@#110#tive.</phrase>
</ptxt>
</para>
</graphtext>
</grate>
</condition>
</condgrp>
<condgrp>
<condition type="substitution">
<para>
<ptxt>
<phrase category="" id="nev11091839n6" phrase-urn="urn:x-nevis:phrase:0800c8af81aa0e3d">None.</phrase>
</ptxt>
</para>
</condition>
<ps>
<list1 enumtype="d" type="unordered">
<item>
<ptxt>
<phrase category="" id="nev11091839n7" phrase-urn="urn:x-nevis:phrase:0800c8af81aa0e3f">Open-circuit in#@#@#12#upply</phrase>
</ptxt>
</item>
<item>
<ptxt>
<phrase category="" id="nev11091839n8" phrase-urn="urn:x-nevis:phrase:0800c8af81aa0e40">Open-circuit in#@#@#11# lead</phrase>
</ptxt>
</item>
<item>
<ptxt>
<phrase category="" id="nev11091839n9" phrase-urn="urn:x-nevis:phrase:0800c8af81aa0e41">Damaged A/C pre#@#@#8#nsor.</phrase>
</ptxt>
</item>
</list1>
</ps>
</condgrp>
<condgrp>
<condition type="symptom">
<list1 enumtype="d" type="unordered">
<item>
<ptxt>
<phrase category="" id="nev11091839n10" phrase-urn="urn:x-nevis:phrase:0800c8af81aa0e42">The air conditi#@#@#31#rate.</phrase>
</ptxt>
</item>
</list1>
</condition>
</condgrp>
</diagnostic>
</servinfosub>