<?xml version="1.0" encoding="UTF-8"?><servinfosub IE-ID="en-US0900c8af85b04e03" docno="VCC-455375" id="nev18472314n1" servinfosubId="nev20683972n1-nev20683972n2" servinfosubRes="0900c8af862b98b0" servinfosubRes2="urn:x-nevis:fragment:0900c8af85b04e03:0900c8af862b98b0#nev20683972n2" xml:lang="en-US">
<title id="nev18472314n2">Service Program A</title>
<table frame="all" id="nev20683972n1-nev18472314n3" pgwide="1">
<tgroup cols="12" colsep="1" id="nev20683972n1-nev18472314n4" rowsep="1">
<colspec colname="colspec0" colwidth="24.97*" id="nev20683972n1-nev18472314n5"/>
<colspec colname="col2" colwidth="24.97*" id="nev20683972n1-nev18472314n6"/>
<colspec colname="col3" colwidth="4.99*" id="nev20683972n1-nev18472314n7"/>
<colspec colname="col4" colwidth="4.99*" id="nev20683972n1-nev18472314n8"/>
<colspec colname="col5" colwidth="4.99*" id="nev20683972n1-nev18472314n9"/>
<colspec colname="col6" colwidth="4.78*" id="nev20683972n1-nev18472314n10"/>
<colspec colname="col7" colwidth="5.07*" id="nev20683972n1-nev18472315n1"/>
<colspec colname="col8" colwidth="4.95*" id="nev20683972n1-nev18472315n2"/>
<colspec colname="col9" colwidth="5.07*" id="nev20683972n1-nev18472315n3"/>
<colspec colname="col10" colwidth="5.07*" id="nev20683972n1-nev18472315n4"/>
<colspec colname="col11" colwidth="5.07*" id="nev20683972n1-nev18472315n5"/>
<colspec colname="col12" colwidth="5.07*" id="nev20683972n1-nev18472315n6"/>
<tbody id="nev20683972n1-nev18472315n7">
<row id="nev20683972n1-nev18472315n8">
<entry align="left" id="nev20683972n1-nev18472315n9" rowsep="0" valign="middle">
<ptxt id="nev20683972n1-nev18472315n10">
<emph id="nev20683972n1-nev18472316n1">Program point:</emph>
</ptxt>
</entry>
<entry align="right" id="nev20683972n1-nev18472316n2" rowsep="0" valign="middle">
<ptxt id="nev20683972n1-nev18472316n3">
<emph id="nev20683972n1-nev18472316n4">year:</emph>
</ptxt>
</entry>
<entry align="center" id="nev20683972n1-nev18472316n5" valign="middle">
<ptxt id="nev20683972n1-nev18472316n6">
<emph id="nev20683972n1-nev18472316n7">1</emph>
</ptxt>
</entry>
<entry align="center" id="nev20683972n1-nev18472316n8" valign="middle">
<ptxt id="nev20683972n1-nev18472316n9">
<emph id="nev20683972n1-nev18472316n10">2</emph>
</ptxt>
</entry>
<entry align="center" id="nev20683972n1-nev18472317n1" valign="middle">
<ptxt id="nev20683972n1-nev18472317n2">
<emph id="nev20683972n1-nev18472317n3">3</emph>
</ptxt>
</entry>
<entry align="center" id="nev20683972n1-nev18472317n4" valign="middle">
<ptxt id="nev20683972n1-nev18472317n5">
<emph id="nev20683972n1-nev18472317n6">4</emph>
</ptxt>
</entry>
<entry align="center" id="nev20683972n1-nev18472317n7" valign="middle">
<ptxt id="nev20683972n1-nev18472317n8">
<emph id="nev20683972n1-nev18472317n9">5</emph>
</ptxt>
</entry>
<entry align="center" id="nev20683972n1-nev18472317n10" valign="middle">
<ptxt id="nev20683972n1-nev18472318n1">
<emph id="nev20683972n1-nev18472318n2">6</emph>
</ptxt>
</entry>
<entry align="center" id="nev20683972n1-nev18472318n3" valign="middle">
<ptxt id="nev20683972n1-nev18472318n4">
<emph id="nev20683972n1-nev18472318n5">7</emph>
</ptxt>
</entry>
<entry align="center" id="nev20683972n1-nev18472318n6" valign="middle">
<ptxt id="nev20683972n1-nev18472318n7">
<emph id="nev20683972n1-nev18472318n8">8</emph>
</ptxt>
</entry>
<entry align="center" id="nev20683972n1-nev18472318n9" valign="middle">
<ptxt id="nev20683972n1-nev18472318n10">
<emph id="nev20683972n1-nev18472319n1">9</emph>
</ptxt>
</entry>
<entry align="center" id="nev20683972n1-nev18472319n2" valign="middle">
<ptxt id="nev20683972n1-nev18472319n3">
<emph id="nev20683972n1-nev18472319n4">10</emph>
</ptxt>
</entry>
</row>
<row id="nev20683972n1-nev18472319n5" rowsep="0">
<entry align="left" id="nev20683972n1-nev18472319n6" valign="middle"/>
<entry align="right" id="nev20683972n1-nev18472319n7" valign="middle">
<ptxt id="nev20683972n1-nev18472319n8">
<emph id="nev20683972n1-nev18472319n9">km x 1000:</emph>
</ptxt>
</entry>
<entry align="center" id="nev20683972n1-nev18472319n10" rowsep="1" valign="middle">
<ptxt id="nev20683972n1-nev18472320n1">
<emph id="nev20683972n1-nev18472320n2">20</emph>
</ptxt>
</entry>
<entry align="center" id="nev20683972n1-nev18472320n3" rowsep="1" valign="middle">
<ptxt id="nev20683972n1-nev18472320n4">
<emph id="nev20683972n1-nev18472320n5">40</emph>
</ptxt>
</entry>
<entry align="center" id="nev20683972n1-nev18472320n6" rowsep="1" valign="middle">
<ptxt id="nev20683972n1-nev18472320n7">
<emph id="nev20683972n1-nev18472320n8">60</emph>
</ptxt>
</entry>
<entry align="center" id="nev20683972n1-nev18472320n9" rowsep="1" valign="middle">
<ptxt id="nev20683972n1-nev18472320n10">
<emph id="nev20683972n1-nev18472321n1">80</emph>
</ptxt>
</entry>
<entry align="center" id="nev20683972n1-nev18472321n2" rowsep="1" valign="middle">
<ptxt id="nev20683972n1-nev18472321n3">
<emph id="nev20683972n1-nev18472321n4">100</emph>
</ptxt>
</entry>
<entry align="center" id="nev20683972n1-nev18472321n5" rowsep="1" valign="middle">
<ptxt id="nev20683972n1-nev18472321n6">
<emph id="nev20683972n1-nev18472321n7">120</emph>
</ptxt>
</entry>
<entry align="center" id="nev20683972n1-nev18472321n8" rowsep="1" valign="middle">
<ptxt id="nev20683972n1-nev18472321n9">
<emph id="nev20683972n1-nev18472321n10">140</emph>
</ptxt>
</entry>
<entry align="center" id="nev20683972n1-nev18472322n1" rowsep="1" valign="middle">
<ptxt id="nev20683972n1-nev18472322n2">
<emph id="nev20683972n1-nev18472322n3">160</emph>
</ptxt>
</entry>
<entry align="center" id="nev20683972n1-nev18472322n4" rowsep="1" valign="middle">
<ptxt id="nev20683972n1-nev18472322n5">
<emph id="nev20683972n1-nev18472322n6">180</emph>
</ptxt>
</entry>
<entry align="center" id="nev20683972n1-nev18472322n7" rowsep="1" valign="middle">
<ptxt id="nev20683972n1-nev18472322n8">
<emph id="nev20683972n1-nev18472322n9">200</emph>
</ptxt>
</entry>
</row>
<row id="nev20683972n1-nev18472322n10">
<entry align="left" id="nev20683972n1-nev18472323n1" valign="middle"/>
<entry align="right" id="nev20683972n1-nev18472323n2" valign="middle">
<ptxt id="nev20683972n1-nev18472323n3">
<emph id="nev20683972n1-nev18472323n4">miles x 1000:</emph>
</ptxt>
</entry>
<entry align="center" id="nev20683972n1-nev18472323n5" rowsep="1" valign="middle">
<ptxt id="nev20683972n1-nev18472323n6">
<emph id="nev20683972n1-nev18472323n7">12.5</emph>
</ptxt>
</entry>
<entry align="center" id="nev20683972n1-nev18472323n8" rowsep="1" valign="middle">
<ptxt id="nev20683972n1-nev18472323n9">
<emph id="nev20683972n1-nev18472323n10">25</emph>
</ptxt>
</entry>
<entry align="center" id="nev20683972n1-nev18472324n1" rowsep="1" valign="middle">
<ptxt id="nev20683972n1-nev18472324n2">
<emph id="nev20683972n1-nev18472324n3">37.5</emph>
</ptxt>
</entry>
<entry align="center" id="nev20683972n1-nev18472324n4" rowsep="1" valign="middle">
<ptxt id="nev20683972n1-nev18472324n5">
<emph id="nev20683972n1-nev18472324n6">50</emph>
</ptxt>
</entry>
<entry align="center" id="nev20683972n1-nev18472324n7" rowsep="1" valign="middle">
<ptxt id="nev20683972n1-nev18472324n8">
<emph id="nev20683972n1-nev18472324n9">62.5</emph>
</ptxt>
</entry>
<entry align="center" id="nev20683972n1-nev18472324n10" rowsep="1" valign="middle">
<ptxt id="nev20683972n1-nev18472325n1">
<emph id="nev20683972n1-nev18472325n2">75</emph>
</ptxt>
</entry>
<entry align="center" id="nev20683972n1-nev18472325n3" rowsep="1" valign="middle">
<ptxt id="nev20683972n1-nev18472325n4">
<emph id="nev20683972n1-nev18472325n5">87.5</emph>
</ptxt>
</entry>
<entry align="center" id="nev20683972n1-nev18472325n6" rowsep="1" valign="middle">
<ptxt id="nev20683972n1-nev18472325n7">
<emph id="nev20683972n1-nev18472325n8">100</emph>
</ptxt>
</entry>
<entry align="center" id="nev20683972n1-nev18472325n9" rowsep="1" valign="middle">
<ptxt id="nev20683972n1-nev18472325n10">
<emph id="nev20683972n1-nev18472326n1">112.5</emph>
</ptxt>
</entry>
<entry align="center" id="nev20683972n1-nev18472326n2" rowsep="1" valign="middle">
<ptxt id="nev20683972n1-nev18472326n3">
<emph id="nev20683972n1-nev18472326n4">125</emph>
</ptxt>
</entry>
</row>
<row id="nev20683972n1-nev18472326n5">
<entry align="left" id="nev20683972n1-nev18472326n6" valign="middle">
<ptxt id="nev20683972n1-nev18472326n7">
<emph id="nev20683972n1-nev18472326n8">Automatic trans#@#@#11#trol </emph>
</ptxt>
<ptxt id="nev20683972n1-nev18472326n9">- check the par#@#@#28#witch</ptxt>
</entry>
<entry align="left" id="nev20683972n1-nev18472326n10" valign="middle"/>
<entry align="center" id="nev20683972n1-nev18472327n1" valign="middle">
<ptxt id="nev20683972n1-nev18472327n2">x</ptxt>
</entry>
<entry align="center" id="nev20683972n1-nev18472327n3" valign="middle">
<ptxt id="nev20683972n1-nev18472327n4">x</ptxt>
</entry>
<entry align="center" id="nev20683972n1-nev18472327n5" valign="middle">
<ptxt id="nev20683972n1-nev18472327n6">x</ptxt>
</entry>
<entry align="center" id="nev20683972n1-nev18472327n7" valign="middle">
<ptxt id="nev20683972n1-nev18472327n8">x</ptxt>
</entry>
<entry align="center" id="nev20683972n1-nev18472327n9" valign="middle">
<ptxt id="nev20683972n1-nev18472327n10">x</ptxt>
</entry>
<entry align="center" id="nev20683972n1-nev18472328n1" valign="middle">
<ptxt id="nev20683972n1-nev18472328n2">x</ptxt>
</entry>
<entry align="center" id="nev20683972n1-nev18472328n3" valign="middle">
<ptxt id="nev20683972n1-nev18472328n4">x</ptxt>
</entry>
<entry align="center" id="nev20683972n1-nev18472328n5" valign="middle">
<ptxt id="nev20683972n1-nev18472328n6">x</ptxt>
</entry>
<entry align="center" id="nev20683972n1-nev18472328n7" valign="middle">
<ptxt id="nev20683972n1-nev18472328n8">x</ptxt>
</entry>
<entry align="center" id="nev20683972n1-nev18472328n9" valign="middle">
<ptxt id="nev20683972n1-nev18472328n10">x</ptxt>
</entry>
</row>
<row id="nev20683972n1-nev18472329n1">
<entry align="left" id="nev20683972n1-nev18472329n2" valign="middle">
<ptxt id="nev20683972n1-nev18472329n3">
<emph id="nev20683972n1-nev18472329n4">Parking brake</emph>
</ptxt>
<ptxt id="nev20683972n1-nev18472329n5">-check the function</ptxt>
</entry>
<entry align="left" id="nev20683972n1-nev18472329n6" valign="middle"/>
<entry align="center" id="nev20683972n1-nev18472329n7" valign="middle">
<ptxt id="nev20683972n1-nev18472329n8">x</ptxt>
</entry>
<entry align="center" id="nev20683972n1-nev18472329n9" valign="middle">
<ptxt id="nev20683972n1-nev18472329n10">x</ptxt>
</entry>
<entry align="center" id="nev20683972n1-nev18472330n1" valign="middle">
<ptxt id="nev20683972n1-nev18472330n2">x</ptxt>
</entry>
<entry align="center" id="nev20683972n1-nev18472330n3" valign="middle">
<ptxt id="nev20683972n1-nev18472330n4">x</ptxt>
</entry>
<entry align="center" id="nev20683972n1-nev18472330n5" valign="middle">
<ptxt id="nev20683972n1-nev18472330n6">x</ptxt>
</entry>
<entry align="center" id="nev20683972n1-nev18472330n7" valign="middle">
<ptxt id="nev20683972n1-nev18472330n8">x</ptxt>
</entry>
<entry align="center" id="nev20683972n1-nev18472330n9" valign="middle">
<ptxt id="nev20683972n1-nev18472330n10">x</ptxt>
</entry>
<entry align="center" id="nev20683972n1-nev18472331n1" valign="middle">
<ptxt id="nev20683972n1-nev18472331n2">x</ptxt>
</entry>
<entry align="center" id="nev20683972n1-nev18472331n3" valign="middle">
<ptxt id="nev20683972n1-nev18472331n4">x</ptxt>
</entry>
<entry align="center" id="nev20683972n1-nev18472331n5" valign="middle">
<ptxt id="nev20683972n1-nev18472331n6">x</ptxt>
</entry>
</row>
<row id="nev20683972n1-nev18472331n7">
<entry colname="colspec0" id="nev20683972n1-nev18472331n8" valign="middle">
<ptxt id="nev20683972n1-nev18472331n9">
<emph id="nev20683972n1-nev18472331n10">External lighting</emph>
</ptxt>
<ptxt id="nev20683972n1-nev18472332n1">-check the function</ptxt>
</entry>
<entry colname="col2" id="nev20683972n1-nev18472332n2" valign="middle"/>
<entry align="center" colname="col3" id="nev20683972n1-nev18472332n3" valign="middle">
<ptxt id="nev20683972n1-nev18472332n4">x</ptxt>
</entry>
<entry align="center" colname="col4" id="nev20683972n1-nev18472332n5" valign="middle">
<ptxt id="nev20683972n1-nev18472332n6">x</ptxt>
</entry>
<entry align="center" colname="col5" id="nev20683972n1-nev18472332n7" valign="middle">
<ptxt id="nev20683972n1-nev18472332n8">x</ptxt>
</entry>
<entry align="center" colname="col6" id="nev20683972n1-nev18472332n9" valign="middle">
<ptxt id="nev20683972n1-nev18472332n10">x</ptxt>
</entry>
<entry align="center" colname="col7" id="nev20683972n1-nev18472333n1" valign="middle">
<ptxt id="nev20683972n1-nev18472333n2">x</ptxt>
</entry>
<entry align="center" colname="col8" id="nev20683972n1-nev18472333n3" valign="middle">
<ptxt id="nev20683972n1-nev18472333n4">x</ptxt>
</entry>
<entry align="center" colname="col9" id="nev20683972n1-nev18472333n5" valign="middle">
<ptxt id="nev20683972n1-nev18472333n6">x</ptxt>
</entry>
<entry align="center" colname="col10" id="nev20683972n1-nev18472333n7" valign="middle">
<ptxt id="nev20683972n1-nev18472333n8">x</ptxt>
</entry>
<entry align="center" colname="col11" id="nev20683972n1-nev18472333n9" valign="middle">
<ptxt id="nev20683972n1-nev18472333n10">x</ptxt>
</entry>
<entry align="center" colname="col12" id="nev20683972n1-nev18472334n1" valign="middle">
<ptxt id="nev20683972n1-nev18472334n2">x</ptxt>
</entry>
</row>
<row id="nev20683972n1-nev18472334n3">
<entry align="left" id="nev20683972n1-nev18472334n4" valign="middle">
<ptxt id="nev20683972n1-nev18472334n5">
<emph id="nev20683972n1-nev18472334n6">Horn</emph>
</ptxt>
<ptxt id="nev20683972n1-nev18472334n7">- check the signal</ptxt>
</entry>
<entry align="left" id="nev20683972n1-nev18472334n8" valign="middle"/>
<entry align="center" id="nev20683972n1-nev18472334n9" valign="middle">
<ptxt id="nev20683972n1-nev18472334n10">x</ptxt>
</entry>
<entry align="center" id="nev20683972n1-nev18472335n1" valign="middle">
<ptxt id="nev20683972n1-nev18472335n2">x</ptxt>
</entry>
<entry align="center" id="nev20683972n1-nev18472335n3" valign="middle">
<ptxt id="nev20683972n1-nev18472335n4">x</ptxt>
</entry>
<entry align="center" id="nev20683972n1-nev18472335n5" valign="middle">
<ptxt id="nev20683972n1-nev18472335n6">x</ptxt>
</entry>
<entry align="center" id="nev20683972n1-nev18472335n7" valign="middle">
<ptxt id="nev20683972n1-nev18472335n8">x</ptxt>
</entry>
<entry align="center" id="nev20683972n1-nev18472335n9" valign="middle">
<ptxt id="nev20683972n1-nev18472335n10">x</ptxt>
</entry>
<entry align="center" id="nev20683972n1-nev18472336n1" valign="middle">
<ptxt id="nev20683972n1-nev18472336n2">x</ptxt>
</entry>
<entry align="center" id="nev20683972n1-nev18472336n3" valign="middle">
<ptxt id="nev20683972n1-nev18472336n4">x</ptxt>
</entry>
<entry align="center" id="nev20683972n1-nev18472336n5" valign="middle">
<ptxt id="nev20683972n1-nev18472336n6">x</ptxt>
</entry>
<entry align="center" id="nev20683972n1-nev18472336n7" valign="middle">
<ptxt id="nev20683972n1-nev18472336n8">x</ptxt>
</entry>
</row>
<row id="nev20683972n1-nev18472336n9">
<entry align="left" id="nev20683972n1-nev18472336n10" valign="middle">
<ptxt id="nev20683972n1-nev18472337n1">
<emph id="nev20683972n1-nev18472337n2">Washer / wipers#@#@#15#s and</emph>
</ptxt>
<ptxt id="nev20683972n1-nev18472337n3">
<emph id="nev20683972n1-nev18472337n4">Headlamps</emph>
</ptxt>
<ptxt id="nev20683972n1-nev18472337n5">- check the fun#@#@#22# wear</ptxt>
</entry>
<entry align="left" id="nev20683972n1-nev18472337n6" valign="middle"/>
<entry align="center" id="nev20683972n1-nev18472337n7" valign="middle">
<ptxt id="nev20683972n1-nev18472337n8">x</ptxt>
</entry>
<entry align="center" id="nev20683972n1-nev18472337n9" valign="middle">
<ptxt id="nev20683972n1-nev18472337n10">x</ptxt>
</entry>
<entry align="center" id="nev20683972n1-nev18472338n1" valign="middle">
<ptxt id="nev20683972n1-nev18472338n2">x</ptxt>
</entry>
<entry align="center" id="nev20683972n1-nev18472338n3" valign="middle">
<ptxt id="nev20683972n1-nev18472338n4">x</ptxt>
</entry>
<entry align="center" id="nev20683972n1-nev18472338n5" valign="middle">
<ptxt id="nev20683972n1-nev18472338n6">x</ptxt>
</entry>
<entry align="center" id="nev20683972n1-nev18472338n7" valign="middle">
<ptxt id="nev20683972n1-nev18472338n8">x</ptxt>
</entry>
<entry align="center" id="nev20683972n1-nev18472338n9" valign="middle">
<ptxt id="nev20683972n1-nev18472338n10">x</ptxt>
</entry>
<entry align="center" id="nev20683972n1-nev18472339n1" valign="middle">
<ptxt id="nev20683972n1-nev18472339n2">x</ptxt>
</entry>
<entry align="center" id="nev20683972n1-nev18472339n3" valign="middle">
<ptxt id="nev20683972n1-nev18472339n4">x</ptxt>
</entry>
<entry align="center" id="nev20683972n1-nev18472339n5" valign="middle">
<ptxt id="nev20683972n1-nev18472339n6">x</ptxt>
</entry>
</row>
<row id="nev20683972n1-nev18472339n7">
<entry id="nev20683972n1-nev18472339n8" valign="middle">
<ptxt id="nev20683972n1-nev18472339n9">
<emph id="nev20683972n1-nev18472339n10">Vehicle with ca#@#@#21#rning</emph>
</ptxt>
<ptxt id="nev20683972n1-nev18472340n1">- clean the ins#@#@#44# lens</ptxt>
</entry>
<entry id="nev20683972n1-nev18472340n2" valign="middle"/>
<entry align="center" id="nev20683972n1-nev18472340n3" valign="middle">
<ptxt id="nev20683972n1-nev18472340n4">x</ptxt>
</entry>
<entry align="center" id="nev20683972n1-nev18472340n5" valign="middle">
<ptxt id="nev20683972n1-nev18472340n6">x</ptxt>
</entry>
<entry align="center" id="nev20683972n1-nev18472340n7" valign="middle">
<ptxt id="nev20683972n1-nev18472340n8">x</ptxt>
</entry>
<entry align="center" id="nev20683972n1-nev18472340n9" valign="middle">
<ptxt id="nev20683972n1-nev18472340n10">x</ptxt>
</entry>
<entry align="center" id="nev20683972n1-nev18472341n1" valign="middle">
<ptxt id="nev20683972n1-nev18472341n2">x</ptxt>
</entry>
<entry align="center" id="nev20683972n1-nev18472341n3" valign="middle">
<ptxt id="nev20683972n1-nev18472341n4">x</ptxt>
</entry>
<entry align="center" id="nev20683972n1-nev18472341n5" valign="middle">
<ptxt id="nev20683972n1-nev18472341n6">x</ptxt>
</entry>
<entry align="center" id="nev20683972n1-nev18472341n7" valign="middle">
<ptxt id="nev20683972n1-nev18472341n8">x</ptxt>
</entry>
<entry align="center" id="nev20683972n1-nev18472341n9" valign="middle">
<ptxt id="nev20683972n1-nev18472341n10">x</ptxt>
</entry>
<entry align="center" id="nev20683972n1-nev18472342n1" valign="middle">
<ptxt id="nev20683972n1-nev18472342n2">x</ptxt>
</entry>
</row>
<row id="nev20683972n1-nev18472342n3">
<entry id="nev20683972n1-nev18472342n4" valign="middle">
<ptxt id="nev20683972n1-nev18472342n5">
<emph id="nev20683972n1-nev18472342n6">Vehicles with a#@#@#2#olock</emph>
</ptxt>
<ptxt id="nev20683972n1-nev18472342n7">- calibrate</ptxt>
</entry>
<entry id="nev20683972n1-nev18472342n8" valign="middle">
<ptxt id="nev20683972n1-nev18472342n9">Calibration mus#@#@#79#this.</ptxt>
</entry>
<entry align="center" id="nev20683972n1-nev18472342n10" valign="middle"/>
<entry align="center" id="nev20683972n1-nev18472343n1" valign="middle"/>
<entry align="center" id="nev20683972n1-nev18472343n2" valign="middle"/>
<entry align="center" id="nev20683972n1-nev18472343n3" valign="middle"/>
<entry align="center" id="nev20683972n1-nev18472343n4" valign="middle"/>
<entry align="center" id="nev20683972n1-nev18472343n5" valign="middle"/>
<entry align="center" id="nev20683972n1-nev18472343n6" valign="middle"/>
<entry align="center" id="nev20683972n1-nev18472343n7" valign="middle"/>
<entry align="center" id="nev20683972n1-nev18472343n8" valign="middle"/>
<entry align="center" id="nev20683972n1-nev18472343n9" valign="middle"/>
</row>
<row id="nev20683972n1-nev18472343n10">
<entry align="left" id="nev20683972n1-nev18472344n1" valign="middle">
<ptxt id="nev20683972n1-nev18472344n2">
<emph id="nev20683972n1-nev18472344n3">Air cleaner (AC#@#@#19#tment</emph>
</ptxt>
<ptxt id="nev20683972n1-nev18472344n4">-replace</ptxt>
</entry>
<entry align="left" id="nev20683972n1-nev18472344n5" valign="middle"/>
<entry align="center" id="nev20683972n1-nev18472344n6" valign="middle"/>
<entry align="center" id="nev20683972n1-nev18472344n7" valign="middle">
<ptxt id="nev20683972n1-nev18472344n8">x</ptxt>
</entry>
<entry align="center" id="nev20683972n1-nev18472344n9" valign="middle"/>
<entry align="center" id="nev20683972n1-nev18472344n10" valign="middle">
<ptxt id="nev20683972n1-nev18472345n1">x</ptxt>
</entry>
<entry align="center" id="nev20683972n1-nev18472345n2" valign="middle"/>
<entry align="center" id="nev20683972n1-nev18472345n3" valign="middle">
<ptxt id="nev20683972n1-nev18472345n4">x</ptxt>
</entry>
<entry align="center" id="nev20683972n1-nev18472345n5" valign="middle"/>
<entry align="center" id="nev20683972n1-nev18472345n6" valign="middle">
<ptxt id="nev20683972n1-nev18472345n7">x</ptxt>
</entry>
<entry align="center" id="nev20683972n1-nev18472345n8" valign="middle"/>
<entry align="center" id="nev20683972n1-nev18472345n9" valign="middle">
<ptxt id="nev20683972n1-nev18472345n10">x</ptxt>
</entry>
</row>
<row id="nev20683972n1-nev18472346n1">
<entry align="left" id="nev20683972n1-nev18472346n2" rowsep="0" valign="middle">
<ptxt id="nev20683972n1-nev18472346n3">
<emph id="nev20683972n1-nev18472346n4">Program point:</emph>
</ptxt>
</entry>
<entry align="right" id="nev20683972n1-nev18472346n5" rowsep="0" valign="middle">
<ptxt id="nev20683972n1-nev18472346n6">
<emph id="nev20683972n1-nev18472346n7">year:</emph>
</ptxt>
</entry>
<entry align="center" id="nev20683972n1-nev18472346n8" valign="middle">
<ptxt id="nev20683972n1-nev18472346n9">
<emph id="nev20683972n1-nev18472346n10">1</emph>
</ptxt>
</entry>
<entry align="center" id="nev20683972n1-nev18472347n1" valign="middle">
<ptxt id="nev20683972n1-nev18472347n2">
<emph id="nev20683972n1-nev18472347n3">2</emph>
</ptxt>
</entry>
<entry align="center" id="nev20683972n1-nev18472347n4" valign="middle">
<ptxt id="nev20683972n1-nev18472347n5">
<emph id="nev20683972n1-nev18472347n6">3</emph>
</ptxt>
</entry>
<entry align="center" id="nev20683972n1-nev18472347n7" valign="middle">
<ptxt id="nev20683972n1-nev18472347n8">
<emph id="nev20683972n1-nev18472347n9">4</emph>
</ptxt>
</entry>
<entry align="center" id="nev20683972n1-nev18472347n10" valign="middle">
<ptxt id="nev20683972n1-nev18472348n1">
<emph id="nev20683972n1-nev18472348n2">5</emph>
</ptxt>
</entry>
<entry align="center" id="nev20683972n1-nev18472348n3" valign="middle">
<ptxt id="nev20683972n1-nev18472348n4">
<emph id="nev20683972n1-nev18472348n5">6</emph>
</ptxt>
</entry>
<entry align="center" id="nev20683972n1-nev18472348n6" valign="middle">
<ptxt id="nev20683972n1-nev18472348n7">
<emph id="nev20683972n1-nev18472348n8">7</emph>
</ptxt>
</entry>
<entry align="center" id="nev20683972n1-nev18472348n9" valign="middle">
<ptxt id="nev20683972n1-nev18472348n10">
<emph id="nev20683972n1-nev18472349n1">8</emph>
</ptxt>
</entry>
<entry align="center" id="nev20683972n1-nev18472349n2" valign="middle">
<ptxt id="nev20683972n1-nev18472349n3">
<emph id="nev20683972n1-nev18472349n4">9</emph>
</ptxt>
</entry>
<entry align="center" id="nev20683972n1-nev18472349n5" valign="middle">
<ptxt id="nev20683972n1-nev18472349n6">
<emph id="nev20683972n1-nev18472349n7">10</emph>
</ptxt>
</entry>
</row>
<row id="nev20683972n1-nev18472349n8">
<entry align="left" id="nev20683972n1-nev18472349n9" rowsep="0" valign="middle"/>
<entry align="right" id="nev20683972n1-nev18472349n10" rowsep="0" valign="middle">
<ptxt id="nev20683972n1-nev18472350n1">
<emph id="nev20683972n1-nev18472350n2">km x 1000:</emph>
</ptxt>
</entry>
<entry align="center" id="nev20683972n1-nev18472350n3" valign="middle">
<ptxt id="nev20683972n1-nev18472350n4">
<emph id="nev20683972n1-nev18472350n5">20</emph>
</ptxt>
</entry>
<entry align="center" id="nev20683972n1-nev18472350n6" valign="middle">
<ptxt id="nev20683972n1-nev18472350n7">
<emph id="nev20683972n1-nev18472350n8">40</emph>
</ptxt>
</entry>
<entry align="center" id="nev20683972n1-nev18472350n9" valign="middle">
<ptxt id="nev20683972n1-nev18472350n10">
<emph id="nev20683972n1-nev18472351n1">60</emph>
</ptxt>
</entry>
<entry align="center" id="nev20683972n1-nev18472351n2" valign="middle">
<ptxt id="nev20683972n1-nev18472351n3">
<emph id="nev20683972n1-nev18472351n4">80</emph>
</ptxt>
</entry>
<entry align="center" id="nev20683972n1-nev18472351n5" valign="middle">
<ptxt id="nev20683972n1-nev18472351n6">
<emph id="nev20683972n1-nev18472351n7">100</emph>
</ptxt>
</entry>
<entry align="center" id="nev20683972n1-nev18472351n8" valign="middle">
<ptxt id="nev20683972n1-nev18472351n9">
<emph id="nev20683972n1-nev18472351n10">120</emph>
</ptxt>
</entry>
<entry align="center" id="nev20683972n1-nev18472352n1" valign="middle">
<ptxt id="nev20683972n1-nev18472352n2">
<emph id="nev20683972n1-nev18472352n3">140</emph>
</ptxt>
</entry>
<entry align="center" id="nev20683972n1-nev18472352n4" valign="middle">
<ptxt id="nev20683972n1-nev18472352n5">
<emph id="nev20683972n1-nev18472352n6">160</emph>
</ptxt>
</entry>
<entry align="center" id="nev20683972n1-nev18472352n7" valign="middle">
<ptxt id="nev20683972n1-nev18472352n8">
<emph id="nev20683972n1-nev18472352n9">180</emph>
</ptxt>
</entry>
<entry align="center" id="nev20683972n1-nev18472352n10" valign="middle">
<ptxt id="nev20683972n1-nev18472353n1">
<emph id="nev20683972n1-nev18472353n2">200</emph>
</ptxt>
</entry>
</row>
<row id="nev20683972n1-nev18472353n3">
<entry align="left" id="nev20683972n1-nev18472353n4" valign="middle"/>
<entry align="right" id="nev20683972n1-nev18472353n5" valign="middle">
<ptxt id="nev20683972n1-nev18472353n6">
<emph id="nev20683972n1-nev18472353n7">miles x 1000:</emph>
</ptxt>
</entry>
<entry align="center" id="nev20683972n1-nev18472353n8" valign="middle">
<ptxt id="nev20683972n1-nev18472353n9">
<emph id="nev20683972n1-nev18472353n10">12.5</emph>
</ptxt>
</entry>
<entry align="center" id="nev20683972n1-nev18472354n1" valign="middle">
<ptxt id="nev20683972n1-nev18472354n2">
<emph id="nev20683972n1-nev18472354n3">25</emph>
</ptxt>
</entry>
<entry align="center" id="nev20683972n1-nev18472354n4" valign="middle">
<ptxt id="nev20683972n1-nev18472354n5">
<emph id="nev20683972n1-nev18472354n6">37.5</emph>
</ptxt>
</entry>
<entry align="center" id="nev20683972n1-nev18472354n7" valign="middle">
<ptxt id="nev20683972n1-nev18472354n8">
<emph id="nev20683972n1-nev18472354n9">50</emph>
</ptxt>
</entry>
<entry align="center" id="nev20683972n1-nev18472354n10" valign="middle">
<ptxt id="nev20683972n1-nev18472355n1">
<emph id="nev20683972n1-nev18472355n2">62.5</emph>
</ptxt>
</entry>
<entry align="center" id="nev20683972n1-nev18472355n3" valign="middle">
<ptxt id="nev20683972n1-nev18472355n4">
<emph id="nev20683972n1-nev18472355n5">75</emph>
</ptxt>
</entry>
<entry align="center" id="nev20683972n1-nev18472355n6" valign="middle">
<ptxt id="nev20683972n1-nev18472355n7">
<emph id="nev20683972n1-nev18472355n8">87.5</emph>
</ptxt>
</entry>
<entry align="center" id="nev20683972n1-nev18472355n9" valign="middle">
<ptxt id="nev20683972n1-nev18472355n10">
<emph id="nev20683972n1-nev18472356n1">100</emph>
</ptxt>
</entry>
<entry align="center" id="nev20683972n1-nev18472356n2" valign="middle">
<ptxt id="nev20683972n1-nev18472356n3">
<emph id="nev20683972n1-nev18472356n4">112.5</emph>
</ptxt>
</entry>
<entry align="center" id="nev20683972n1-nev18472356n5" valign="middle">
<ptxt id="nev20683972n1-nev18472356n6">
<emph id="nev20683972n1-nev18472356n7">125</emph>
</ptxt>
</entry>
</row>
<row id="nev20683972n1-nev18472356n8">
<entry align="left" colsep="0" id="nev20683972n1-nev18472356n9" valign="middle">
<ptxt id="nev20683972n1-nev18472356n10">
<emph etype="boldital" id="nev20683972n1-nev18472357n1">Raise the vehicle</emph>
</ptxt>
</entry>
<entry align="left" colsep="0" id="nev20683972n1-nev18472357n2" valign="middle"/>
<entry align="center" colsep="0" id="nev20683972n1-nev18472357n3" valign="middle"/>
<entry align="center" colsep="0" id="nev20683972n1-nev18472357n4" valign="middle"/>
<entry align="center" colsep="0" id="nev20683972n1-nev18472357n5" valign="middle"/>
<entry align="center" colsep="0" id="nev20683972n1-nev18472357n6" valign="middle"/>
<entry align="center" colsep="0" id="nev20683972n1-nev18472357n7" valign="middle"/>
<entry align="center" colsep="0" id="nev20683972n1-nev18472357n8" valign="middle"/>
<entry align="center" colsep="0" id="nev20683972n1-nev18472357n9" valign="middle"/>
<entry align="center" colsep="0" id="nev20683972n1-nev18472357n10" valign="middle"/>
<entry align="center" colsep="0" id="nev20683972n1-nev18472358n1" valign="middle"/>
<entry align="center" id="nev20683972n1-nev18472358n2" valign="middle"/>
</row>
<row id="nev20683972n1-nev18472358n3">
<entry align="left" id="nev20683972n1-nev18472358n4" valign="middle">
<ptxt id="nev20683972n1-nev18472358n5">
<emph id="nev20683972n1-nev18472358n6">Engine,</emph>
</ptxt>
<ptxt id="nev20683972n1-nev18472358n7">
<emph id="nev20683972n1-nev18472358n8">transmission,</emph>
</ptxt>
<ptxt id="nev20683972n1-nev18472358n9">
<emph id="nev20683972n1-nev18472358n10">transmission</emph>
</ptxt>
<ptxt id="nev20683972n1-nev18472359n1">-check for leaks</ptxt>
</entry>
<entry align="left" id="nev20683972n1-nev18472359n2" valign="middle">
<ptxt id="nev20683972n1-nev18472359n3">In event of lea#@#@#43#evel.</ptxt>
</entry>
<entry align="center" id="nev20683972n1-nev18472359n4" valign="middle">
<ptxt id="nev20683972n1-nev18472359n5">x</ptxt>
</entry>
<entry align="center" id="nev20683972n1-nev18472359n6" valign="middle">
<ptxt id="nev20683972n1-nev18472359n7">x</ptxt>
</entry>
<entry align="center" id="nev20683972n1-nev18472359n8" valign="middle">
<ptxt id="nev20683972n1-nev18472359n9">x</ptxt>
</entry>
<entry align="center" id="nev20683972n1-nev18472359n10" valign="middle">
<ptxt id="nev20683972n1-nev18472360n1">x</ptxt>
</entry>
<entry align="center" id="nev20683972n1-nev18472360n2" valign="middle">
<ptxt id="nev20683972n1-nev18472360n3">x</ptxt>
</entry>
<entry align="center" id="nev20683972n1-nev18472360n4" valign="middle">
<ptxt id="nev20683972n1-nev18472360n5">x</ptxt>
</entry>
<entry align="center" id="nev20683972n1-nev18472360n6" valign="middle">
<ptxt id="nev20683972n1-nev18472360n7">x</ptxt>
</entry>
<entry align="center" id="nev20683972n1-nev18472360n8" valign="middle">
<ptxt id="nev20683972n1-nev18472360n9">x</ptxt>
</entry>
<entry align="center" id="nev20683972n1-nev18472360n10" valign="middle">
<ptxt id="nev20683972n1-nev18472361n1">x</ptxt>
</entry>
<entry align="center" id="nev20683972n1-nev18472361n2" valign="middle">
<ptxt id="nev20683972n1-nev18472361n3">x</ptxt>
</entry>
</row>
<row id="nev20683972n1-nev18472361n4">
<entry align="left" id="nev20683972n1-nev18472361n5" valign="middle">
<ptxt id="nev20683972n1-nev18472361n6">
<emph id="nev20683972n1-nev18472361n7">Engine oil,</emph>
</ptxt>
<ptxt id="nev20683972n1-nev18472361n8">
<emph id="nev20683972n1-nev18472361n9">oil filter</emph>
</ptxt>
<ptxt id="nev20683972n1-nev18472361n10">- change oil an#@#@#7#ilter</ptxt>
</entry>
<entry align="left" id="nev20683972n1-nev18472362n1" valign="middle"/>
<entry align="center" id="nev20683972n1-nev18472362n2" valign="middle">
<ptxt id="nev20683972n1-nev18472362n3">x</ptxt>
</entry>
<entry align="center" id="nev20683972n1-nev18472362n4" valign="middle">
<ptxt id="nev20683972n1-nev18472362n5">x</ptxt>
</entry>
<entry align="center" id="nev20683972n1-nev18472362n6" valign="middle">
<ptxt id="nev20683972n1-nev18472362n7">x</ptxt>
</entry>
<entry align="center" id="nev20683972n1-nev18472362n8" valign="middle">
<ptxt id="nev20683972n1-nev18472362n9">x</ptxt>
</entry>
<entry align="center" id="nev20683972n1-nev18472362n10" valign="middle">
<ptxt id="nev20683972n1-nev18472363n1">x</ptxt>
</entry>
<entry align="center" id="nev20683972n1-nev18472363n2" valign="middle">
<ptxt id="nev20683972n1-nev18472363n3">x</ptxt>
</entry>
<entry align="center" id="nev20683972n1-nev18472363n4" valign="middle">
<ptxt id="nev20683972n1-nev18472363n5">x</ptxt>
</entry>
<entry align="center" id="nev20683972n1-nev18472363n6" valign="middle">
<ptxt id="nev20683972n1-nev18472363n7">x</ptxt>
</entry>
<entry align="center" id="nev20683972n1-nev18472363n8" valign="middle">
<ptxt id="nev20683972n1-nev18472363n9">x</ptxt>
</entry>
<entry align="center" id="nev20683972n1-nev18472363n10" valign="middle">
<ptxt id="nev20683972n1-nev18472364n1">x</ptxt>
</entry>
</row>
<row id="nev20683972n1-nev18472364n2">
<entry align="left" id="nev20683972n1-nev18472364n3" valign="middle">
<ptxt id="nev20683972n1-nev18472364n4">
<emph id="nev20683972n1-nev18472364n5">Automatic trans#@#@#3#sion,</emph>
</ptxt>
<ptxt id="nev20683972n1-nev18472364n6">- change oil</ptxt>
</entry>
<entry align="left" id="nev20683972n1-nev18472364n7" valign="middle">
<ptxt id="nev20683972n1-nev18472364n8">
<emph id="nev20683972n1-nev18472364n9">Change only acc#@#@#22#erval</emph>
</ptxt>
</entry>
<entry align="center" id="nev20683972n1-nev18472364n10" valign="middle"/>
<entry align="center" id="nev20683972n1-nev18472365n1" valign="middle"/>
<entry align="center" id="nev20683972n1-nev18472365n2" valign="middle">
<ptxt id="nev20683972n1-nev18472365n3">x</ptxt>
</entry>
<entry align="center" id="nev20683972n1-nev18472365n4" valign="middle"/>
<entry align="center" id="nev20683972n1-nev18472365n5" valign="middle"/>
<entry align="center" id="nev20683972n1-nev18472365n6" valign="middle">
<ptxt id="nev20683972n1-nev18472365n7">x</ptxt>
</entry>
<entry align="center" id="nev20683972n1-nev18472365n8" valign="middle"/>
<entry align="center" id="nev20683972n1-nev18472365n9" valign="middle"/>
<entry align="center" id="nev20683972n1-nev18472365n10" valign="middle">
<ptxt id="nev20683972n1-nev18472366n1">x</ptxt>
</entry>
<entry align="center" id="nev20683972n1-nev18472366n2" valign="middle"/>
</row>
<row id="nev20683972n1-nev18472366n3">
<entry align="left" id="nev20683972n1-nev18472366n4" valign="middle">
<ptxt id="nev20683972n1-nev18472366n5">
<emph id="nev20683972n1-nev18472366n6">Wheels and tires</emph>
</ptxt>
<ptxt id="nev20683972n1-nev18472366n7">(excluding spar#@#@#3#heel)</ptxt>
<ptxt id="nev20683972n1-nev18472366n8">- check for dam#@#@#4# wear</ptxt>
</entry>
<entry align="left" id="nev20683972n1-nev18472366n9" valign="middle"/>
<entry align="center" id="nev20683972n1-nev18472366n10" valign="middle">
<ptxt id="nev20683972n1-nev18472367n1">x</ptxt>
</entry>
<entry align="center" id="nev20683972n1-nev18472367n2" valign="middle">
<ptxt id="nev20683972n1-nev18472367n3">x</ptxt>
</entry>
<entry align="center" id="nev20683972n1-nev18472367n4" valign="middle">
<ptxt id="nev20683972n1-nev18472367n5">x</ptxt>
</entry>
<entry align="center" id="nev20683972n1-nev18472367n6" valign="middle">
<ptxt id="nev20683972n1-nev18472367n7">x</ptxt>
</entry>
<entry align="center" id="nev20683972n1-nev18472367n8" valign="middle">
<ptxt id="nev20683972n1-nev18472367n9">x</ptxt>
</entry>
<entry align="center" id="nev20683972n1-nev18472367n10" valign="middle">
<ptxt id="nev20683972n1-nev18472368n1">x</ptxt>
</entry>
<entry align="center" id="nev20683972n1-nev18472368n2" valign="middle">
<ptxt id="nev20683972n1-nev18472368n3">x</ptxt>
</entry>
<entry align="center" id="nev20683972n1-nev18472368n4" valign="middle">
<ptxt id="nev20683972n1-nev18472368n5">x</ptxt>
</entry>
<entry align="center" id="nev20683972n1-nev18472368n6" valign="middle">
<ptxt id="nev20683972n1-nev18472368n7">x</ptxt>
</entry>
<entry align="center" id="nev20683972n1-nev18472368n8" valign="middle">
<ptxt id="nev20683972n1-nev18472368n9">x</ptxt>
</entry>
</row>
<row id="nev20683972n1-nev18472368n10">
<entry align="left" id="nev20683972n1-nev18472369n1" rowsep="0" valign="middle">
<ptxt id="nev20683972n1-nev18472369n2">
<emph id="nev20683972n1-nev18472369n3">Program point:</emph>
</ptxt>
</entry>
<entry align="right" id="nev20683972n1-nev18472369n4" rowsep="0" valign="middle">
<ptxt id="nev20683972n1-nev18472369n5">
<emph id="nev20683972n1-nev18472369n6">year:</emph>
</ptxt>
</entry>
<entry align="center" id="nev20683972n1-nev18472369n7" valign="middle">
<ptxt id="nev20683972n1-nev18472369n8">
<emph id="nev20683972n1-nev18472369n9">1</emph>
</ptxt>
</entry>
<entry align="center" id="nev20683972n1-nev18472369n10" valign="middle">
<ptxt id="nev20683972n1-nev18472370n1">
<emph id="nev20683972n1-nev18472370n2">2</emph>
</ptxt>
</entry>
<entry align="center" id="nev20683972n1-nev18472370n3" valign="middle">
<ptxt id="nev20683972n1-nev18472370n4">
<emph id="nev20683972n1-nev18472370n5">3</emph>
</ptxt>
</entry>
<entry align="center" id="nev20683972n1-nev18472370n6" valign="middle">
<ptxt id="nev20683972n1-nev18472370n7">
<emph id="nev20683972n1-nev18472370n8">4</emph>
</ptxt>
</entry>
<entry align="center" id="nev20683972n1-nev18472370n9" valign="middle">
<ptxt id="nev20683972n1-nev18472370n10">
<emph id="nev20683972n1-nev18472371n1">5</emph>
</ptxt>
</entry>
<entry align="center" id="nev20683972n1-nev18472371n2" valign="middle">
<ptxt id="nev20683972n1-nev18472371n3">
<emph id="nev20683972n1-nev18472371n4">6</emph>
</ptxt>
</entry>
<entry align="center" id="nev20683972n1-nev18472371n5" valign="middle">
<ptxt id="nev20683972n1-nev18472371n6">
<emph id="nev20683972n1-nev18472371n7">7</emph>
</ptxt>
</entry>
<entry align="center" id="nev20683972n1-nev18472371n8" valign="middle">
<ptxt id="nev20683972n1-nev18472371n9">
<emph id="nev20683972n1-nev18472371n10">8</emph>
</ptxt>
</entry>
<entry align="center" id="nev20683972n1-nev18472372n1" valign="middle">
<ptxt id="nev20683972n1-nev18472372n2">
<emph id="nev20683972n1-nev18472372n3">9</emph>
</ptxt>
</entry>
<entry align="center" id="nev20683972n1-nev18472372n4" valign="middle">
<ptxt id="nev20683972n1-nev18472372n5">
<emph id="nev20683972n1-nev18472372n6">10</emph>
</ptxt>
</entry>
</row>
<row id="nev20683972n1-nev18472372n7">
<entry align="left" id="nev20683972n1-nev18472372n8" rowsep="0" valign="middle"/>
<entry align="right" id="nev20683972n1-nev18472372n9" rowsep="0" valign="middle">
<ptxt id="nev20683972n1-nev18472372n10">
<emph id="nev20683972n1-nev18472373n1">km x 1000:</emph>
</ptxt>
</entry>
<entry align="center" id="nev20683972n1-nev18472373n2" valign="middle">
<ptxt id="nev20683972n1-nev18472373n3">
<emph id="nev20683972n1-nev18472373n4">20</emph>
</ptxt>
</entry>
<entry align="center" id="nev20683972n1-nev18472373n5" valign="middle">
<ptxt id="nev20683972n1-nev18472373n6">
<emph id="nev20683972n1-nev18472373n7">40</emph>
</ptxt>
</entry>
<entry align="center" id="nev20683972n1-nev18472373n8" valign="middle">
<ptxt id="nev20683972n1-nev18472373n9">
<emph id="nev20683972n1-nev18472373n10">60</emph>
</ptxt>
</entry>
<entry align="center" id="nev20683972n1-nev18472374n1" valign="middle">
<ptxt id="nev20683972n1-nev18472374n2">
<emph id="nev20683972n1-nev18472374n3">80</emph>
</ptxt>
</entry>
<entry align="center" id="nev20683972n1-nev18472374n4" valign="middle">
<ptxt id="nev20683972n1-nev18472374n5">
<emph id="nev20683972n1-nev18472374n6">100</emph>
</ptxt>
</entry>
<entry align="center" id="nev20683972n1-nev18472374n7" valign="middle">
<ptxt id="nev20683972n1-nev18472374n8">
<emph id="nev20683972n1-nev18472374n9">120</emph>
</ptxt>
</entry>
<entry align="center" id="nev20683972n1-nev18472374n10" valign="middle">
<ptxt id="nev20683972n1-nev18472375n1">
<emph id="nev20683972n1-nev18472375n2">140</emph>
</ptxt>
</entry>
<entry align="center" id="nev20683972n1-nev18472375n3" valign="middle">
<ptxt id="nev20683972n1-nev18472375n4">
<emph id="nev20683972n1-nev18472375n5">160</emph>
</ptxt>
</entry>
<entry align="center" id="nev20683972n1-nev18472375n6" valign="middle">
<ptxt id="nev20683972n1-nev18472375n7">
<emph id="nev20683972n1-nev18472375n8">180</emph>
</ptxt>
</entry>
<entry align="center" id="nev20683972n1-nev18472375n9" valign="middle">
<ptxt id="nev20683972n1-nev18472375n10">
<emph id="nev20683972n1-nev18472376n1">200</emph>
</ptxt>
</entry>
</row>
<row id="nev20683972n1-nev18472376n2">
<entry align="left" id="nev20683972n1-nev18472376n3" valign="middle"/>
<entry align="right" id="nev20683972n1-nev18472376n4" valign="middle">
<ptxt id="nev20683972n1-nev18472376n5">
<emph id="nev20683972n1-nev18472376n6">miles x 1000:</emph>
</ptxt>
</entry>
<entry align="center" id="nev20683972n1-nev18472376n7" valign="middle">
<ptxt id="nev20683972n1-nev18472376n8">
<emph id="nev20683972n1-nev18472376n9">12.5</emph>
</ptxt>
</entry>
<entry align="center" id="nev20683972n1-nev18472376n10" valign="middle">
<ptxt id="nev20683972n1-nev18472377n1">
<emph id="nev20683972n1-nev18472377n2">25</emph>
</ptxt>
</entry>
<entry align="center" id="nev20683972n1-nev18472377n3" valign="middle">
<ptxt id="nev20683972n1-nev18472377n4">
<emph id="nev20683972n1-nev18472377n5">37.5</emph>
</ptxt>
</entry>
<entry align="center" id="nev20683972n1-nev18472377n6" valign="middle">
<ptxt id="nev20683972n1-nev18472377n7">
<emph id="nev20683972n1-nev18472377n8">50</emph>
</ptxt>
</entry>
<entry align="center" id="nev20683972n1-nev18472377n9" valign="middle">
<ptxt id="nev20683972n1-nev18472377n10">
<emph id="nev20683972n1-nev18472378n1">62.5</emph>
</ptxt>
</entry>
<entry align="center" id="nev20683972n1-nev18472378n2" valign="middle">
<ptxt id="nev20683972n1-nev18472378n3">
<emph id="nev20683972n1-nev18472378n4">75</emph>
</ptxt>
</entry>
<entry align="center" id="nev20683972n1-nev18472378n5" valign="middle">
<ptxt id="nev20683972n1-nev18472378n6">
<emph id="nev20683972n1-nev18472378n7">87.5</emph>
</ptxt>
</entry>
<entry align="center" id="nev20683972n1-nev18472378n8" valign="middle">
<ptxt id="nev20683972n1-nev18472378n9">
<emph id="nev20683972n1-nev18472378n10">100</emph>
</ptxt>
</entry>
<entry align="center" id="nev20683972n1-nev18472379n1" valign="middle">
<ptxt id="nev20683972n1-nev18472379n2">
<emph id="nev20683972n1-nev18472379n3">112.5</emph>
</ptxt>
</entry>
<entry align="center" id="nev20683972n1-nev18472379n4" valign="middle">
<ptxt id="nev20683972n1-nev18472379n5">
<emph id="nev20683972n1-nev18472379n6">125</emph>
</ptxt>
</entry>
</row>
<row id="nev20683972n1-nev18472379n7" rowsep="0">
<entry align="left" id="nev20683972n1-nev18472379n8" rowsep="1" valign="middle">
<ptxt id="nev20683972n1-nev18472379n9">
<emph id="nev20683972n1-nev18472379n10">Drive shafts</emph>
</ptxt>
<ptxt id="nev20683972n1-nev18472380n1">-check the play</ptxt>
<ptxt id="nev20683972n1-nev18472380n2">-check rubber b#@#@#1#llows</ptxt>
</entry>
<entry align="left" id="nev20683972n1-nev18472380n3" rowsep="1" valign="middle"/>
<entry align="center" id="nev20683972n1-nev18472380n4" rowsep="1" valign="middle"/>
<entry align="center" id="nev20683972n1-nev18472380n5" rowsep="1" valign="middle"/>
<entry align="center" id="nev20683972n1-nev18472380n6" rowsep="1" valign="middle">
<ptxt id="nev20683972n1-nev18472380n7">x</ptxt>
</entry>
<entry align="center" id="nev20683972n1-nev18472380n8" rowsep="1" valign="middle"/>
<entry align="center" id="nev20683972n1-nev18472380n9" rowsep="1" valign="middle"/>
<entry align="center" id="nev20683972n1-nev18472380n10" rowsep="1" valign="middle">
<ptxt id="nev20683972n1-nev18472381n1">x</ptxt>
</entry>
<entry align="center" id="nev20683972n1-nev18472381n2" rowsep="1" valign="middle"/>
<entry align="center" id="nev20683972n1-nev18472381n3" rowsep="1" valign="middle"/>
<entry align="center" id="nev20683972n1-nev18472381n4" rowsep="1" valign="middle">
<ptxt id="nev20683972n1-nev18472381n5">x</ptxt>
</entry>
<entry align="center" id="nev20683972n1-nev18472381n6" rowsep="1" valign="middle"/>
</row>
<row id="nev20683972n1-nev18472381n7">
<entry align="left" id="nev20683972n1-nev18472381n8" rowsep="1" valign="middle">
<ptxt id="nev20683972n1-nev18472381n9">
<emph id="nev20683972n1-nev18472381n10">Brake pads,</emph>
</ptxt>
<ptxt id="nev20683972n1-nev18472382n1">
<emph id="nev20683972n1-nev18472382n2">brake discs</emph>
</ptxt>
<ptxt id="nev20683972n1-nev18472382n3">-check</ptxt>
</entry>
<entry align="left" id="nev20683972n1-nev18472382n4" rowsep="1" valign="middle">
<ptxt id="nev20683972n1-nev18472382n5">
<xref id="nev20683972n1-nev18472382n6">
<ref id="nev20683972n1-nev18472382n7"/>
</xref>
</ptxt>
<ptxt id="nev20683972n1-nev18472382n8">
<xref id="nev20683972n1-nev18472382n9">
<ref id="nev20683972n1-nev18472382n10"/>
</xref>
</ptxt>
</entry>
<entry align="center" id="nev20683972n1-nev18472383n1" rowsep="1" valign="middle">
<ptxt id="nev20683972n1-nev18472383n2">x</ptxt>
</entry>
<entry align="center" id="nev20683972n1-nev18472383n3" rowsep="1" valign="middle">
<ptxt id="nev20683972n1-nev18472383n4">x</ptxt>
</entry>
<entry align="center" id="nev20683972n1-nev18472383n5" rowsep="1" valign="middle">
<ptxt id="nev20683972n1-nev18472383n6">x</ptxt>
</entry>
<entry align="center" id="nev20683972n1-nev18472383n7" rowsep="1" valign="middle">
<ptxt id="nev20683972n1-nev18472383n8">x</ptxt>
</entry>
<entry align="center" id="nev20683972n1-nev18472383n9" rowsep="1" valign="middle">
<ptxt id="nev20683972n1-nev18472383n10">x</ptxt>
</entry>
<entry align="center" id="nev20683972n1-nev18472384n1" rowsep="1" valign="middle">
<ptxt id="nev20683972n1-nev18472384n2">x</ptxt>
</entry>
<entry align="center" id="nev20683972n1-nev18472384n3" rowsep="1" valign="middle">
<ptxt id="nev20683972n1-nev18472384n4">x</ptxt>
</entry>
<entry align="center" id="nev20683972n1-nev18472384n5" rowsep="1" valign="middle">
<ptxt id="nev20683972n1-nev18472384n6">x</ptxt>
</entry>
<entry align="center" id="nev20683972n1-nev18472384n7" rowsep="1" valign="middle">
<ptxt id="nev20683972n1-nev18472384n8">x</ptxt>
</entry>
<entry align="center" id="nev20683972n1-nev18472384n9" rowsep="1" valign="middle">
<ptxt id="nev20683972n1-nev18472384n10">x</ptxt>
</entry>
</row>
<row id="nev20683972n1-nev18472385n1">
<entry align="left" id="nev20683972n1-nev18472385n2" valign="middle">
<ptxt id="nev20683972n1-nev18472385n3">
<emph id="nev20683972n1-nev18472385n4">Brake lines,</emph>
</ptxt>
<ptxt id="nev20683972n1-nev18472385n5">
<emph id="nev20683972n1-nev18472385n6">fuel lines</emph>
</ptxt>
<ptxt id="nev20683972n1-nev18472385n7">- check for lea#@#@#10#amage</ptxt>
</entry>
<entry align="left" id="nev20683972n1-nev18472385n8" valign="middle"/>
<entry align="center" id="nev20683972n1-nev18472385n9" valign="middle"/>
<entry align="center" id="nev20683972n1-nev18472385n10" valign="middle"/>
<entry align="center" id="nev20683972n1-nev18472386n1" valign="middle">
<ptxt id="nev20683972n1-nev18472386n2">x</ptxt>
</entry>
<entry align="center" id="nev20683972n1-nev18472386n3" valign="middle"/>
<entry align="center" id="nev20683972n1-nev18472386n4" valign="middle"/>
<entry align="center" id="nev20683972n1-nev18472386n5" valign="middle">
<ptxt id="nev20683972n1-nev18472386n6">x</ptxt>
</entry>
<entry align="center" id="nev20683972n1-nev18472386n7" valign="middle"/>
<entry align="center" id="nev20683972n1-nev18472386n8" valign="middle"/>
<entry align="center" id="nev20683972n1-nev18472386n9" valign="middle">
<ptxt id="nev20683972n1-nev18472386n10">x</ptxt>
</entry>
<entry align="center" id="nev20683972n1-nev18472387n1" valign="middle"/>
</row>
<row id="nev20683972n1-nev18472387n2">
<entry align="left" id="nev20683972n1-nev18472387n3" rowsep="0" valign="middle">
<ptxt id="nev20683972n1-nev18472387n4">
<emph id="nev20683972n1-nev18472387n5">Program point:</emph>
</ptxt>
</entry>
<entry align="right" id="nev20683972n1-nev18472387n6" rowsep="0" valign="middle">
<ptxt id="nev20683972n1-nev18472387n7">
<emph id="nev20683972n1-nev18472387n8">year:</emph>
</ptxt>
</entry>
<entry align="center" id="nev20683972n1-nev18472387n9" valign="middle">
<ptxt id="nev20683972n1-nev18472387n10">
<emph id="nev20683972n1-nev18472388n1">1</emph>
</ptxt>
</entry>
<entry align="center" id="nev20683972n1-nev18472388n2" valign="middle">
<ptxt id="nev20683972n1-nev18472388n3">
<emph id="nev20683972n1-nev18472388n4">2</emph>
</ptxt>
</entry>
<entry align="center" id="nev20683972n1-nev18472388n5" valign="middle">
<ptxt id="nev20683972n1-nev18472388n6">
<emph id="nev20683972n1-nev18472388n7">3</emph>
</ptxt>
</entry>
<entry align="center" id="nev20683972n1-nev18472388n8" valign="middle">
<ptxt id="nev20683972n1-nev18472388n9">
<emph id="nev20683972n1-nev18472388n10">4</emph>
</ptxt>
</entry>
<entry align="center" id="nev20683972n1-nev18472389n1" valign="middle">
<ptxt id="nev20683972n1-nev18472389n2">
<emph id="nev20683972n1-nev18472389n3">5</emph>
</ptxt>
</entry>
<entry align="center" id="nev20683972n1-nev18472389n4" valign="middle">
<ptxt id="nev20683972n1-nev18472389n5">
<emph id="nev20683972n1-nev18472389n6">6</emph>
</ptxt>
</entry>
<entry align="center" id="nev20683972n1-nev18472389n7" valign="middle">
<ptxt id="nev20683972n1-nev18472389n8">
<emph id="nev20683972n1-nev18472389n9">7</emph>
</ptxt>
</entry>
<entry align="center" id="nev20683972n1-nev18472389n10" valign="middle">
<ptxt id="nev20683972n1-nev18472390n1">
<emph id="nev20683972n1-nev18472390n2">8</emph>
</ptxt>
</entry>
<entry align="center" id="nev20683972n1-nev18472390n3" valign="middle">
<ptxt id="nev20683972n1-nev18472390n4">
<emph id="nev20683972n1-nev18472390n5">9</emph>
</ptxt>
</entry>
<entry align="center" id="nev20683972n1-nev18472390n6" valign="middle">
<ptxt id="nev20683972n1-nev18472390n7">
<emph id="nev20683972n1-nev18472390n8">10</emph>
</ptxt>
</entry>
</row>
<row id="nev20683972n1-nev18472390n9">
<entry align="left" id="nev20683972n1-nev18472390n10" rowsep="0" valign="middle"/>
<entry align="right" id="nev20683972n1-nev18472391n1" rowsep="0" valign="middle">
<ptxt id="nev20683972n1-nev18472391n2">
<emph id="nev20683972n1-nev18472391n3">km x 1000:</emph>
</ptxt>
</entry>
<entry align="center" id="nev20683972n1-nev18472391n4" valign="middle">
<ptxt id="nev20683972n1-nev18472391n5">
<emph id="nev20683972n1-nev18472391n6">20</emph>
</ptxt>
</entry>
<entry align="center" id="nev20683972n1-nev18472391n7" valign="middle">
<ptxt id="nev20683972n1-nev18472391n8">
<emph id="nev20683972n1-nev18472391n9">40</emph>
</ptxt>
</entry>
<entry align="center" id="nev20683972n1-nev18472391n10" valign="middle">
<ptxt id="nev20683972n1-nev18472392n1">
<emph id="nev20683972n1-nev18472392n2">60</emph>
</ptxt>
</entry>
<entry align="center" id="nev20683972n1-nev18472392n3" valign="middle">
<ptxt id="nev20683972n1-nev18472392n4">
<emph id="nev20683972n1-nev18472392n5">80</emph>
</ptxt>
</entry>
<entry align="center" id="nev20683972n1-nev18472392n6" valign="middle">
<ptxt id="nev20683972n1-nev18472392n7">
<emph id="nev20683972n1-nev18472392n8">100</emph>
</ptxt>
</entry>
<entry align="center" id="nev20683972n1-nev18472392n9" valign="middle">
<ptxt id="nev20683972n1-nev18472392n10">
<emph id="nev20683972n1-nev18472393n1">120</emph>
</ptxt>
</entry>
<entry align="center" id="nev20683972n1-nev18472393n2" valign="middle">
<ptxt id="nev20683972n1-nev18472393n3">
<emph id="nev20683972n1-nev18472393n4">140</emph>
</ptxt>
</entry>
<entry align="center" id="nev20683972n1-nev18472393n5" valign="middle">
<ptxt id="nev20683972n1-nev18472393n6">
<emph id="nev20683972n1-nev18472393n7">160</emph>
</ptxt>
</entry>
<entry align="center" id="nev20683972n1-nev18472393n8" valign="middle">
<ptxt id="nev20683972n1-nev18472393n9">
<emph id="nev20683972n1-nev18472393n10">180</emph>
</ptxt>
</entry>
<entry align="center" id="nev20683972n1-nev18472394n1" valign="middle">
<ptxt id="nev20683972n1-nev18472394n2">
<emph id="nev20683972n1-nev18472394n3">200</emph>
</ptxt>
</entry>
</row>
<row id="nev20683972n1-nev18472394n4">
<entry align="left" id="nev20683972n1-nev18472394n5" valign="middle"/>
<entry align="right" id="nev20683972n1-nev18472394n6" valign="middle">
<ptxt id="nev20683972n1-nev18472394n7">
<emph id="nev20683972n1-nev18472394n8">miles x 1000:</emph>
</ptxt>
</entry>
<entry align="center" id="nev20683972n1-nev18472394n9" valign="middle">
<ptxt id="nev20683972n1-nev18472394n10">
<emph id="nev20683972n1-nev18472395n1">12.5</emph>
</ptxt>
</entry>
<entry align="center" id="nev20683972n1-nev18472395n2" valign="middle">
<ptxt id="nev20683972n1-nev18472395n3">
<emph id="nev20683972n1-nev18472395n4">25</emph>
</ptxt>
</entry>
<entry align="center" id="nev20683972n1-nev18472395n5" valign="middle">
<ptxt id="nev20683972n1-nev18472395n6">
<emph id="nev20683972n1-nev18472395n7">37.5</emph>
</ptxt>
</entry>
<entry align="center" id="nev20683972n1-nev18472395n8" valign="middle">
<ptxt id="nev20683972n1-nev18472395n9">
<emph id="nev20683972n1-nev18472395n10">50</emph>
</ptxt>
</entry>
<entry align="center" id="nev20683972n1-nev18472396n1" valign="middle">
<ptxt id="nev20683972n1-nev18472396n2">
<emph id="nev20683972n1-nev18472396n3">62.5</emph>
</ptxt>
</entry>
<entry align="center" id="nev20683972n1-nev18472396n4" valign="middle">
<ptxt id="nev20683972n1-nev18472396n5">
<emph id="nev20683972n1-nev18472396n6">75</emph>
</ptxt>
</entry>
<entry align="center" id="nev20683972n1-nev18472396n7" valign="middle">
<ptxt id="nev20683972n1-nev18472396n8">
<emph id="nev20683972n1-nev18472396n9">87.5</emph>
</ptxt>
</entry>
<entry align="center" id="nev20683972n1-nev18472396n10" valign="middle">
<ptxt id="nev20683972n1-nev18472397n1">
<emph id="nev20683972n1-nev18472397n2">100</emph>
</ptxt>
</entry>
<entry align="center" id="nev20683972n1-nev18472397n3" valign="middle">
<ptxt id="nev20683972n1-nev18472397n4">
<emph id="nev20683972n1-nev18472397n5">112.5</emph>
</ptxt>
</entry>
<entry align="center" id="nev20683972n1-nev18472397n6" valign="middle">
<ptxt id="nev20683972n1-nev18472397n7">
<emph id="nev20683972n1-nev18472397n8">125</emph>
</ptxt>
</entry>
</row>
<row id="nev20683972n1-nev18472397n9">
<entry align="left" id="nev20683972n1-nev18472397n10" morerows="1" valign="middle">
<ptxt id="nev20683972n1-nev18472398n1">
<emph id="nev20683972n1-nev18472398n2">Front suspension,</emph>
</ptxt>
<ptxt id="nev20683972n1-nev18472398n3">
<emph id="nev20683972n1-nev18472398n4">steering system</emph>
</ptxt>
<ptxt id="nev20683972n1-nev18472398n5">- check for wea#@#@#29#check</ptxt>
</entry>
<entry align="left" id="nev20683972n1-nev18472398n6" morerows="1" valign="middle"/>
<entry align="center" colname="col3" id="nev20683972n1-nev18472398n7" morerows="1" valign="middle"/>
<entry align="center" id="nev20683972n1-nev18472398n8" morerows="1" valign="middle"/>
<entry align="center" id="nev20683972n1-nev18472398n9" morerows="1" valign="middle">
<ptxt id="nev20683972n1-nev18472398n10">x</ptxt>
</entry>
<entry align="center" id="nev20683972n1-nev18472399n1" morerows="1" valign="middle"/>
<entry align="center" id="nev20683972n1-nev18472399n2" morerows="1" valign="middle"/>
<entry align="center" id="nev20683972n1-nev18472399n3" morerows="1" valign="middle">
<ptxt id="nev20683972n1-nev18472399n4">x</ptxt>
</entry>
<entry align="center" id="nev20683972n1-nev18472399n5" morerows="1" valign="middle"/>
<entry align="center" id="nev20683972n1-nev18472399n6" morerows="1" valign="middle"/>
<entry align="center" id="nev20683972n1-nev18472399n7" morerows="1" valign="middle">
<ptxt id="nev20683972n1-nev18472399n8">x</ptxt>
</entry>
<entry align="center" id="nev20683972n1-nev18472399n9" morerows="1" valign="middle"/>
</row>
<row id="nev20683972n1-nev18472399n10">
<entry id="nev20683972n1-nev18472400n1"/>
</row>
<row id="nev20683972n1-nev18472457n153">
<entry align="left" id="nev20683972n1-nev18472457n152" valign="middle">
<ptxt id="nev20683972n1-nev18472457n170">
<emph id="nev20683972n1-nev18472457n169">Rear wheel susp#@#@#1#nsion</emph>
</ptxt>
<ptxt id="nev20683972n1-nev18472457n168">- check for wea#@#@#29#check</ptxt>
</entry>
<entry align="left" id="nev20683972n1-nev18472457n150" valign="middle"/>
<entry align="center" id="nev20683972n1-nev18472457n148" valign="middle"/>
<entry align="center" id="nev20683972n1-nev18472457n146" valign="middle"/>
<entry align="center" id="nev20683972n1-nev18472457n144" valign="middle">
<ptxt id="nev20683972n1-nev18472457n163">x</ptxt>
</entry>
<entry align="center" id="nev20683972n1-nev18472457n142" valign="middle"/>
<entry align="center" id="nev20683972n1-nev18472457n140" valign="middle"/>
<entry align="center" id="nev20683972n1-nev18472457n138" valign="middle">
<ptxt id="nev20683972n1-nev18472457n159">x</ptxt>
</entry>
<entry align="center" id="nev20683972n1-nev18472457n136" valign="middle"/>
<entry align="center" id="nev20683972n1-nev18472457n134" valign="middle"/>
<entry align="center" id="nev20683972n1-nev18472457n132" valign="middle">
<ptxt id="nev20683972n1-nev18472457n155">x</ptxt>
</entry>
<entry align="center" id="nev20683972n1-nev18472457n130" valign="middle"/>
</row>
<row id="nev20683972n1-nev18472457n64">
<entry align="left" id="nev20683972n1-nev18472457n63" valign="middle">
<ptxt id="nev20683972n1-nev18472457n82">
<emph id="nev20683972n1-nev18472457n81">AWD: Final driv#@#@#8# gear</emph>
</ptxt>
<ptxt id="nev20683972n1-nev18472457n80">-check for leaks</ptxt>
</entry>
<entry align="left" id="nev20683972n1-nev18472457n61" valign="middle">
<ptxt id="nev20683972n1-nev18472457n78">Only check the #@#@#24#akage</ptxt>
</entry>
<entry align="center" id="nev20683972n1-nev18472457n59" valign="middle"/>
<entry align="center" id="nev20683972n1-nev18472457n57" valign="middle"/>
<entry align="center" id="nev20683972n1-nev18472457n55" valign="middle">
<ptxt id="nev20683972n1-nev18472457n74">x</ptxt>
</entry>
<entry align="center" id="nev20683972n1-nev18472457n53" valign="middle"/>
<entry align="center" id="nev20683972n1-nev18472457n51" valign="middle"/>
<entry align="center" id="nev20683972n1-nev18472457n49" valign="middle">
<ptxt id="nev20683972n1-nev18472457n70">x</ptxt>
</entry>
<entry align="center" id="nev20683972n1-nev18472457n47" valign="middle"/>
<entry align="center" id="nev20683972n1-nev18472457n45" valign="middle"/>
<entry align="center" id="nev20683972n1-nev18472457n43" valign="middle">
<ptxt id="nev20683972n1-nev18472457n66">x</ptxt>
</entry>
<entry align="center" id="nev20683972n1-nev18472457n41" valign="middle"/>
</row>
<row id="nev20683972n1-nev18472400n2">
<entry align="left" id="nev20683972n1-nev18472400n3" valign="middle">
<ptxt id="nev20683972n1-nev18472400n4">
<emph id="nev20683972n1-nev18472400n5">AWD: Propeller #@#@#32#joint</emph>
</ptxt>
<ptxt id="nev20683972n1-nev18472400n6">-check for sign#@#@#4# wear</ptxt>
</entry>
<entry align="left" id="nev20683972n1-nev18472400n7" valign="middle"/>
<entry align="center" id="nev20683972n1-nev18472400n8" valign="middle"/>
<entry align="center" id="nev20683972n1-nev18472400n9" valign="middle"/>
<entry align="center" id="nev20683972n1-nev18472400n10" valign="middle">
<ptxt id="nev20683972n1-nev18472401n1">x</ptxt>
</entry>
<entry align="center" id="nev20683972n1-nev18472401n2" valign="middle"/>
<entry align="center" id="nev20683972n1-nev18472401n3" valign="middle"/>
<entry align="center" id="nev20683972n1-nev18472401n4" valign="middle">
<ptxt id="nev20683972n1-nev18472401n5">x</ptxt>
</entry>
<entry align="center" id="nev20683972n1-nev18472401n6" valign="middle"/>
<entry align="center" id="nev20683972n1-nev18472401n7" valign="middle"/>
<entry align="center" id="nev20683972n1-nev18472401n8" valign="middle">
<ptxt id="nev20683972n1-nev18472401n9">x</ptxt>
</entry>
<entry align="center" id="nev20683972n1-nev18472401n10" valign="middle"/>
</row>
<row id="nev20683972n1-nev18474448n151">
<entry id="nev20683972n1-nev18474448n150" rowsep="0" valign="middle">
<ptxt id="nev20683972n1-nev18474448n170">
<emph id="nev20683972n1-nev18474448n169">Fuel filter</emph>
</ptxt>
<ptxt id="nev20683972n1-nev18474448n168">-replace</ptxt>
</entry>
<entry id="nev20683972n1-nev18474448n148" rowsep="0" valign="middle">
<ptxt id="nev20683972n1-nev18474448n166">
<emph id="nev20683972n1-nev18474448n165">Change only acc#@#@#22#erval</emph>
</ptxt>
</entry>
<entry align="center" id="nev20683972n1-nev18474448n146" valign="middle"/>
<entry align="center" id="nev20683972n1-nev18474448n144" valign="middle"/>
<entry align="center" id="nev20683972n1-nev18474448n142" valign="middle">
<ptxt id="nev20683972n1-nev18474448n161">x</ptxt>
</entry>
<entry align="center" id="nev20683972n1-nev18474448n140" valign="middle"/>
<entry align="center" id="nev20683972n1-nev18474448n138" valign="middle"/>
<entry align="center" id="nev20683972n1-nev18474448n136" valign="middle">
<ptxt id="nev20683972n1-nev18474448n157">x</ptxt>
</entry>
<entry align="center" id="nev20683972n1-nev18474448n134" valign="middle"/>
<entry align="center" id="nev20683972n1-nev18474448n132" valign="middle"/>
<entry align="center" id="nev20683972n1-nev18474448n130" valign="middle">
<ptxt id="nev20683972n1-nev18474448n153">x</ptxt>
</entry>
<entry align="center" id="nev20683972n1-nev18474448n128" valign="middle"/>
</row>
<row id="nev20683972n1-nev18474448n62">
<entry id="nev20683972n1-nev18474448n61" valign="middle">
<ptxt id="nev20683972n1-nev18474448n81">-drain off the #@#@#7#ation</ptxt>
</entry>
<entry id="nev20683972n1-nev18474448n59" valign="middle"/>
<entry align="center" id="nev20683972n1-nev18474448n57" valign="middle">
<ptxt id="nev20683972n1-nev18474448n78">x</ptxt>
</entry>
<entry align="center" id="nev20683972n1-nev18474448n55" valign="middle">
<ptxt id="nev20683972n1-nev18474448n76">x</ptxt>
</entry>
<entry align="center" id="nev20683972n1-nev18474448n53" valign="middle"/>
<entry align="center" id="nev20683972n1-nev18474448n51" valign="middle">
<ptxt id="nev20683972n1-nev18474448n73">x</ptxt>
</entry>
<entry align="center" id="nev20683972n1-nev18474448n49" valign="middle">
<ptxt id="nev20683972n1-nev18474448n71">x</ptxt>
</entry>
<entry align="center" id="nev20683972n1-nev18474448n47" valign="middle"/>
<entry align="center" id="nev20683972n1-nev18474448n45" valign="middle">
<ptxt id="nev20683972n1-nev18474448n68">x</ptxt>
</entry>
<entry align="center" id="nev20683972n1-nev18474448n43" valign="middle">
<ptxt id="nev20683972n1-nev18474448n66">x</ptxt>
</entry>
<entry align="center" id="nev20683972n1-nev18474448n41" valign="middle"/>
<entry align="center" id="nev20683972n1-nev18474448n39" valign="middle">
<ptxt id="nev20683972n1-nev18474448n63">x</ptxt>
</entry>
</row>
<row id="nev20683972n1-nev18472402n1">
<entry align="left" colsep="0" id="nev20683972n1-nev18472402n2" valign="middle">
<ptxt id="nev20683972n1-nev18472402n3">
<emph etype="boldital" id="nev20683972n1-nev18472402n4">Lower the vehicle</emph>
</ptxt>
</entry>
<entry align="left" colsep="0" id="nev20683972n1-nev18472402n5" valign="middle"/>
<entry align="center" colsep="0" id="nev20683972n1-nev18472402n6" valign="middle"/>
<entry align="center" colsep="0" id="nev20683972n1-nev18472402n7" valign="middle"/>
<entry align="center" colsep="0" id="nev20683972n1-nev18472402n8" valign="middle"/>
<entry align="center" colsep="0" id="nev20683972n1-nev18472402n9" valign="middle"/>
<entry align="center" colsep="0" id="nev20683972n1-nev18472402n10" valign="middle"/>
<entry align="center" colsep="0" id="nev20683972n1-nev18472403n1" valign="middle"/>
<entry align="center" colsep="0" id="nev20683972n1-nev18472403n2" valign="middle"/>
<entry align="center" colsep="0" id="nev20683972n1-nev18472403n3" valign="middle"/>
<entry align="center" colsep="0" id="nev20683972n1-nev18472403n4" valign="middle"/>
<entry align="center" id="nev20683972n1-nev18472403n5" valign="middle"/>
</row>
<row id="nev20683972n1-nev18472403n6">
<entry align="left" id="nev20683972n1-nev18472403n7" valign="middle">
<ptxt id="nev20683972n1-nev18472403n8">
<emph id="nev20683972n1-nev18472403n9">Air cleaner (AC#@#@#5#ngine</emph>
</ptxt>
<ptxt id="nev20683972n1-nev18472403n10">-replace</ptxt>
</entry>
<entry align="left" id="nev20683972n1-nev18472404n1" valign="middle">
<ptxt id="nev20683972n1-nev18472404n2">
<emph id="nev20683972n1-nev18472404n3">Change only acc#@#@#22#erval</emph>
</ptxt>
<ptxt id="nev20683972n1-nev18472404n4">Clean the air c#@#@#16#sing.</ptxt>
</entry>
<entry align="center" id="nev20683972n1-nev18472404n5" valign="middle"/>
<entry align="center" id="nev20683972n1-nev18472404n6" valign="middle"/>
<entry align="center" id="nev20683972n1-nev18472404n7" valign="middle">
<ptxt id="nev20683972n1-nev18472404n8">x</ptxt>
</entry>
<entry align="center" id="nev20683972n1-nev18472404n9" valign="middle"/>
<entry align="center" id="nev20683972n1-nev18472404n10" valign="middle"/>
<entry align="center" id="nev20683972n1-nev18472405n1" valign="middle">
<ptxt id="nev20683972n1-nev18472405n2">x</ptxt>
</entry>
<entry align="center" id="nev20683972n1-nev18472405n3" valign="middle"/>
<entry align="center" id="nev20683972n1-nev18472405n4" valign="middle"/>
<entry align="center" id="nev20683972n1-nev18472405n5" valign="middle">
<ptxt id="nev20683972n1-nev18472405n6">x</ptxt>
</entry>
<entry align="center" id="nev20683972n1-nev18472405n7" valign="middle"/>
</row>
<row id="nev20683972n1-nev18472409n10">
<entry align="left" id="nev20683972n1-nev18472410n1" rowsep="0" valign="middle">
<ptxt id="nev20683972n1-nev18472410n2">
<emph id="nev20683972n1-nev18472410n3">Program point:</emph>
</ptxt>
</entry>
<entry align="right" id="nev20683972n1-nev18472410n4" rowsep="0" valign="middle">
<ptxt id="nev20683972n1-nev18472410n5">
<emph id="nev20683972n1-nev18472410n6">year:</emph>
</ptxt>
</entry>
<entry align="center" id="nev20683972n1-nev18472410n7" valign="middle">
<ptxt id="nev20683972n1-nev18472410n8">
<emph id="nev20683972n1-nev18472410n9">1</emph>
</ptxt>
</entry>
<entry align="center" id="nev20683972n1-nev18472410n10" valign="middle">
<ptxt id="nev20683972n1-nev18472411n1">
<emph id="nev20683972n1-nev18472411n2">2</emph>
</ptxt>
</entry>
<entry align="center" id="nev20683972n1-nev18472411n3" valign="middle">
<ptxt id="nev20683972n1-nev18472411n4">
<emph id="nev20683972n1-nev18472411n5">3</emph>
</ptxt>
</entry>
<entry align="center" id="nev20683972n1-nev18472411n6" valign="middle">
<ptxt id="nev20683972n1-nev18472411n7">
<emph id="nev20683972n1-nev18472411n8">4</emph>
</ptxt>
</entry>
<entry align="center" id="nev20683972n1-nev18472411n9" valign="middle">
<ptxt id="nev20683972n1-nev18472411n10">
<emph id="nev20683972n1-nev18472412n1">5</emph>
</ptxt>
</entry>
<entry align="center" id="nev20683972n1-nev18472412n2" valign="middle">
<ptxt id="nev20683972n1-nev18472412n3">
<emph id="nev20683972n1-nev18472412n4">6</emph>
</ptxt>
</entry>
<entry align="center" id="nev20683972n1-nev18472412n5" valign="middle">
<ptxt id="nev20683972n1-nev18472412n6">
<emph id="nev20683972n1-nev18472412n7">7</emph>
</ptxt>
</entry>
<entry align="center" id="nev20683972n1-nev18472412n8" valign="middle">
<ptxt id="nev20683972n1-nev18472412n9">
<emph id="nev20683972n1-nev18472412n10">8</emph>
</ptxt>
</entry>
<entry align="center" id="nev20683972n1-nev18472413n1" valign="middle">
<ptxt id="nev20683972n1-nev18472413n2">
<emph id="nev20683972n1-nev18472413n3">9</emph>
</ptxt>
</entry>
<entry align="center" id="nev20683972n1-nev18472413n4" valign="middle">
<ptxt id="nev20683972n1-nev18472413n5">
<emph id="nev20683972n1-nev18472413n6">10</emph>
</ptxt>
</entry>
</row>
<row id="nev20683972n1-nev18472413n7">
<entry align="left" id="nev20683972n1-nev18472413n8" rowsep="0" valign="middle"/>
<entry align="right" id="nev20683972n1-nev18472413n9" rowsep="0" valign="middle">
<ptxt id="nev20683972n1-nev18472413n10">
<emph id="nev20683972n1-nev18472414n1">km x 1000:</emph>
</ptxt>
</entry>
<entry align="center" id="nev20683972n1-nev18472414n2" valign="middle">
<ptxt id="nev20683972n1-nev18472414n3">
<emph id="nev20683972n1-nev18472414n4">20</emph>
</ptxt>
</entry>
<entry align="center" id="nev20683972n1-nev18472414n5" valign="middle">
<ptxt id="nev20683972n1-nev18472414n6">
<emph id="nev20683972n1-nev18472414n7">40</emph>
</ptxt>
</entry>
<entry align="center" id="nev20683972n1-nev18472414n8" valign="middle">
<ptxt id="nev20683972n1-nev18472414n9">
<emph id="nev20683972n1-nev18472414n10">60</emph>
</ptxt>
</entry>
<entry align="center" id="nev20683972n1-nev18472415n1" valign="middle">
<ptxt id="nev20683972n1-nev18472415n2">
<emph id="nev20683972n1-nev18472415n3">80</emph>
</ptxt>
</entry>
<entry align="center" id="nev20683972n1-nev18472415n4" valign="middle">
<ptxt id="nev20683972n1-nev18472415n5">
<emph id="nev20683972n1-nev18472415n6">100</emph>
</ptxt>
</entry>
<entry align="center" id="nev20683972n1-nev18472415n7" valign="middle">
<ptxt id="nev20683972n1-nev18472415n8">
<emph id="nev20683972n1-nev18472415n9">120</emph>
</ptxt>
</entry>
<entry align="center" id="nev20683972n1-nev18472415n10" valign="middle">
<ptxt id="nev20683972n1-nev18472416n1">
<emph id="nev20683972n1-nev18472416n2">140</emph>
</ptxt>
</entry>
<entry align="center" id="nev20683972n1-nev18472416n3" valign="middle">
<ptxt id="nev20683972n1-nev18472416n4">
<emph id="nev20683972n1-nev18472416n5">160</emph>
</ptxt>
</entry>
<entry align="center" id="nev20683972n1-nev18472416n6" valign="middle">
<ptxt id="nev20683972n1-nev18472416n7">
<emph id="nev20683972n1-nev18472416n8">180</emph>
</ptxt>
</entry>
<entry align="center" id="nev20683972n1-nev18472416n9" valign="middle">
<ptxt id="nev20683972n1-nev18472416n10">
<emph id="nev20683972n1-nev18472417n1">200</emph>
</ptxt>
</entry>
</row>
<row id="nev20683972n1-nev18472417n2">
<entry align="left" id="nev20683972n1-nev18472417n3" valign="middle"/>
<entry align="right" id="nev20683972n1-nev18472417n4" valign="middle">
<ptxt id="nev20683972n1-nev18472417n5">
<emph id="nev20683972n1-nev18472417n6">miles x 1000:</emph>
</ptxt>
</entry>
<entry align="center" id="nev20683972n1-nev18472417n7" valign="middle">
<ptxt id="nev20683972n1-nev18472417n8">
<emph id="nev20683972n1-nev18472417n9">12.5</emph>
</ptxt>
</entry>
<entry align="center" id="nev20683972n1-nev18472417n10" valign="middle">
<ptxt id="nev20683972n1-nev18472418n1">
<emph id="nev20683972n1-nev18472418n2">25</emph>
</ptxt>
</entry>
<entry align="center" id="nev20683972n1-nev18472418n3" valign="middle">
<ptxt id="nev20683972n1-nev18472418n4">
<emph id="nev20683972n1-nev18472418n5">37.5</emph>
</ptxt>
</entry>
<entry align="center" id="nev20683972n1-nev18472418n6" valign="middle">
<ptxt id="nev20683972n1-nev18472418n7">
<emph id="nev20683972n1-nev18472418n8">50</emph>
</ptxt>
</entry>
<entry align="center" id="nev20683972n1-nev18472418n9" valign="middle">
<ptxt id="nev20683972n1-nev18472418n10">
<emph id="nev20683972n1-nev18472419n1">62.5</emph>
</ptxt>
</entry>
<entry align="center" id="nev20683972n1-nev18472419n2" valign="middle">
<ptxt id="nev20683972n1-nev18472419n3">
<emph id="nev20683972n1-nev18472419n4">75</emph>
</ptxt>
</entry>
<entry align="center" id="nev20683972n1-nev18472419n5" valign="middle">
<ptxt id="nev20683972n1-nev18472419n6">
<emph id="nev20683972n1-nev18472419n7">87.5</emph>
</ptxt>
</entry>
<entry align="center" id="nev20683972n1-nev18472419n8" valign="middle">
<ptxt id="nev20683972n1-nev18472419n9">
<emph id="nev20683972n1-nev18472419n10">100</emph>
</ptxt>
</entry>
<entry align="center" id="nev20683972n1-nev18472420n1" valign="middle">
<ptxt id="nev20683972n1-nev18472420n2">
<emph id="nev20683972n1-nev18472420n3">112.5</emph>
</ptxt>
</entry>
<entry align="center" id="nev20683972n1-nev18472420n4" valign="middle">
<ptxt id="nev20683972n1-nev18472420n5">
<emph id="nev20683972n1-nev18472420n6">125</emph>
</ptxt>
</entry>
</row>
<row id="nev20683972n1-nev18472420n7">
<entry align="left" id="nev20683972n1-nev18472420n8" valign="middle">
<ptxt id="nev20683972n1-nev18472420n9">
<emph id="nev20683972n1-nev18472420n10">Fluid levels - #@#@#13#tment</emph>
</ptxt>
<ptxt id="nev20683972n1-nev18472421n1">- check and adjust </ptxt>
<ptxt id="nev20683972n1-nev18472421n2">brake fluid, </ptxt>
<ptxt id="nev20683972n1-nev18472421n3">clutch fluid,</ptxt>
<ptxt id="nev20683972n1-nev18472421n4">power steering oil,</ptxt>
<ptxt id="nev20683972n1-nev18472421n5">washer fluid,</ptxt>
<ptxt id="nev20683972n1-nev18472421n6">coolant</ptxt>
</entry>
<entry align="left" id="nev20683972n1-nev18472421n7" valign="middle"/>
<entry align="center" id="nev20683972n1-nev18472421n8" valign="middle">
<ptxt id="nev20683972n1-nev18472421n9">x</ptxt>
</entry>
<entry align="center" id="nev20683972n1-nev18472421n10" valign="middle">
<ptxt id="nev20683972n1-nev18472422n1">x</ptxt>
</entry>
<entry align="center" id="nev20683972n1-nev18472422n2" valign="middle">
<ptxt id="nev20683972n1-nev18472422n3">x</ptxt>
</entry>
<entry align="center" id="nev20683972n1-nev18472422n4" valign="middle">
<ptxt id="nev20683972n1-nev18472422n5">x</ptxt>
</entry>
<entry align="center" id="nev20683972n1-nev18472422n6" valign="middle">
<ptxt id="nev20683972n1-nev18472422n7">x</ptxt>
</entry>
<entry align="center" id="nev20683972n1-nev18472422n8" valign="middle">
<ptxt id="nev20683972n1-nev18472422n9">x</ptxt>
</entry>
<entry align="center" id="nev20683972n1-nev18472422n10" valign="middle">
<ptxt id="nev20683972n1-nev18472423n1">x</ptxt>
</entry>
<entry align="center" id="nev20683972n1-nev18472423n2" valign="middle">
<ptxt id="nev20683972n1-nev18472423n3">x</ptxt>
</entry>
<entry align="center" id="nev20683972n1-nev18472423n4" valign="middle">
<ptxt id="nev20683972n1-nev18472423n5">x</ptxt>
</entry>
<entry align="center" id="nev20683972n1-nev18472423n6" valign="middle">
<ptxt id="nev20683972n1-nev18472423n7">x</ptxt>
</entry>
</row>
<row id="nev20683972n1-nev18472423n8">
<entry align="left" id="nev20683972n1-nev18472423n9" valign="middle">
<ptxt id="nev20683972n1-nev18472423n10">
<emph id="nev20683972n1-nev18472424n1">Engine coolant</emph>
</ptxt>
<ptxt id="nev20683972n1-nev18472424n2">- check and adj#@#@#46#agent</ptxt>
</entry>
<entry align="left" id="nev20683972n1-nev18472424n3" valign="middle"/>
<entry align="center" id="nev20683972n1-nev18472424n4" valign="middle">
<ptxt id="nev20683972n1-nev18472424n5">x</ptxt>
</entry>
<entry align="center" id="nev20683972n1-nev18472424n6" valign="middle">
<ptxt id="nev20683972n1-nev18472424n7">x</ptxt>
</entry>
<entry align="center" id="nev20683972n1-nev18472424n8" valign="middle">
<ptxt id="nev20683972n1-nev18472424n9">x</ptxt>
</entry>
<entry align="center" id="nev20683972n1-nev18472424n10" valign="middle">
<ptxt id="nev20683972n1-nev18472425n1">x</ptxt>
</entry>
<entry align="center" id="nev20683972n1-nev18472425n2" valign="middle">
<ptxt id="nev20683972n1-nev18472425n3">x</ptxt>
</entry>
<entry align="center" id="nev20683972n1-nev18472425n4" valign="middle">
<ptxt id="nev20683972n1-nev18472425n5">x</ptxt>
</entry>
<entry align="center" id="nev20683972n1-nev18472425n6" valign="middle">
<ptxt id="nev20683972n1-nev18472425n7">x</ptxt>
</entry>
<entry align="center" id="nev20683972n1-nev18472425n8" valign="middle">
<ptxt id="nev20683972n1-nev18472425n9">x</ptxt>
</entry>
<entry align="center" id="nev20683972n1-nev18472425n10" valign="middle">
<ptxt id="nev20683972n1-nev18472426n1">x</ptxt>
</entry>
<entry align="center" id="nev20683972n1-nev18472426n2" valign="middle">
<ptxt id="nev20683972n1-nev18472426n3">x</ptxt>
</entry>
</row>
<row id="nev20683972n1-nev18472426n4">
<entry id="nev20683972n1-nev18472426n5" valign="middle">
<ptxt id="nev20683972n1-nev18472426n6">
<emph id="nev20683972n1-nev18472426n7">Vehicles with t#@#@#20#g kit</emph>
</ptxt>
<ptxt id="nev20683972n1-nev18472426n8">-check the cont#@#@#57#ecal.</ptxt>
</entry>
<entry id="nev20683972n1-nev18472426n9" valign="middle"/>
<entry align="center" id="nev20683972n1-nev18472426n10" valign="middle"/>
<entry align="center" id="nev20683972n1-nev18472427n1" valign="middle"/>
<entry align="center" id="nev20683972n1-nev18472427n2" valign="middle"/>
<entry align="center" id="nev20683972n1-nev18472427n3" valign="middle"/>
<entry align="center" id="nev20683972n1-nev18472427n4" valign="middle"/>
<entry align="center" id="nev20683972n1-nev18472427n5" valign="middle"/>
<entry align="center" id="nev20683972n1-nev18472427n6" valign="middle"/>
<entry align="center" id="nev20683972n1-nev18472427n7" valign="middle"/>
<entry align="center" id="nev20683972n1-nev18472427n8" valign="middle"/>
<entry align="center" id="nev20683972n1-nev18472427n9" valign="middle"/>
</row>
<row id="nev20683972n1-nev18474449n223">
<entry align="left" id="nev20683972n1-nev18474449n222" valign="middle">
<ptxt id="nev20683972n1-nev18474449n241">
<emph id="nev20683972n1-nev18474449n240">Outer auxiliary#@#@#19#ioner</emph>
</ptxt>
<ptxt id="nev20683972n1-nev18474449n239">-replace accord#@#@#21#ogram</ptxt>
<ptxt id="nev20683972n1-nev18474449n238">or:</ptxt>
<ptxt id="nev20683972n1-nev18474449n237">- replace at a <emph id="nev20683972n1-nev18474449n236">maximum 10 year</emph> interval</ptxt>
</entry>
<entry align="left" id="nev20683972n1-nev18474449n220" valign="middle"/>
<entry align="center" id="nev20683972n1-nev18474449n218" valign="middle"/>
<entry align="center" id="nev20683972n1-nev18474449n216" valign="middle">
<ptxt id="nev20683972n1-nev18474449n198">x</ptxt>
</entry>
<entry align="center" id="nev20683972n1-nev18474449n214" valign="middle"/>
<entry align="center" id="nev20683972n1-nev18474449n212" valign="middle">
<ptxt id="nev20683972n1-nev18474449n197">x</ptxt>
</entry>
<entry align="center" id="nev20683972n1-nev18474449n210" valign="middle"/>
<entry align="center" id="nev20683972n1-nev18474449n208" valign="middle">
<ptxt id="nev20683972n1-nev18474449n196">x</ptxt>
</entry>
<entry align="center" id="nev20683972n1-nev18474449n206" valign="middle"/>
<entry align="center" id="nev20683972n1-nev18474449n204" valign="middle">
<ptxt id="nev20683972n1-nev18474449n195">x</ptxt>
</entry>
<entry align="center" id="nev20683972n1-nev18474449n202" valign="middle"/>
<entry align="center" id="nev20683972n1-nev18474449n200" valign="middle">
<ptxt id="nev20683972n1-nev18474449n194">x</ptxt>
</entry>
</row>
<row id="nev20683972n1-nev18472427n10">
<entry align="left" id="nev20683972n1-nev18472428n1" rowsep="1" valign="middle">
<ptxt id="nev20683972n1-nev18472428n2">
<emph id="nev20683972n1-nev18472428n3">Inner auxiliary#@#@#1#belt </emph>
</ptxt>
<ptxt id="nev20683972n1-nev18472428n4">-replace accord#@#@#21#ogram</ptxt>
<ptxt id="nev20683972n1-nev18472428n5">or:</ptxt>
<ptxt id="nev20683972n1-nev18472428n6">- replace at a <emph id="nev20683972n1-nev18472428n7">maximum 10 year</emph> interval</ptxt>
</entry>
<entry align="left" id="nev20683972n1-nev18472428n8" rowsep="1" valign="middle"/>
<entry align="center" id="nev20683972n1-nev18472428n9" valign="middle"/>
<entry align="center" id="nev20683972n1-nev18472428n10" valign="middle"/>
<entry align="center" id="nev20683972n1-nev18472429n1" valign="middle"/>
<entry align="center" id="nev20683972n1-nev18472429n2" valign="middle"/>
<entry align="center" id="nev20683972n1-nev18472429n3" valign="middle"/>
<entry align="center" id="nev20683972n1-nev18472429n4" valign="middle"/>
<entry align="center" id="nev20683972n1-nev18472429n5" valign="middle"/>
<entry align="center" id="nev20683972n1-nev18472429n6" valign="middle"/>
<entry align="center" id="nev20683972n1-nev18472429n7" valign="middle">
<ptxt id="nev20683972n1-nev18474448n37">x</ptxt>
</entry>
<entry align="center" id="nev20683972n1-nev18472429n8" valign="middle"/>
</row>
<row id="nev20683972n1-nev18472429n9">
<entry align="left" id="nev20683972n1-nev18472429n10" rowsep="0" valign="middle">
<ptxt id="nev20683972n1-nev18472430n1">
<emph id="nev20683972n1-nev18472430n2">Program point:</emph>
</ptxt>
</entry>
<entry align="right" id="nev20683972n1-nev18472430n3" rowsep="0" valign="middle">
<ptxt id="nev20683972n1-nev18472430n4">
<emph id="nev20683972n1-nev18472430n5">year:</emph>
</ptxt>
</entry>
<entry align="center" id="nev20683972n1-nev18472430n6" valign="middle">
<ptxt id="nev20683972n1-nev18472430n7">
<emph id="nev20683972n1-nev18472430n8">1</emph>
</ptxt>
</entry>
<entry align="center" id="nev20683972n1-nev18472430n9" valign="middle">
<ptxt id="nev20683972n1-nev18472430n10">
<emph id="nev20683972n1-nev18472431n1">2</emph>
</ptxt>
</entry>
<entry align="center" id="nev20683972n1-nev18472431n2" valign="middle">
<ptxt id="nev20683972n1-nev18472431n3">
<emph id="nev20683972n1-nev18472431n4">3</emph>
</ptxt>
</entry>
<entry align="center" id="nev20683972n1-nev18472431n5" valign="middle">
<ptxt id="nev20683972n1-nev18472431n6">
<emph id="nev20683972n1-nev18472431n7">4</emph>
</ptxt>
</entry>
<entry align="center" id="nev20683972n1-nev18472431n8" valign="middle">
<ptxt id="nev20683972n1-nev18472431n9">
<emph id="nev20683972n1-nev18472431n10">5</emph>
</ptxt>
</entry>
<entry align="center" id="nev20683972n1-nev18472432n1" valign="middle">
<ptxt id="nev20683972n1-nev18472432n2">
<emph id="nev20683972n1-nev18472432n3">6</emph>
</ptxt>
</entry>
<entry align="center" id="nev20683972n1-nev18472432n4" valign="middle">
<ptxt id="nev20683972n1-nev18472432n5">
<emph id="nev20683972n1-nev18472432n6">7</emph>
</ptxt>
</entry>
<entry align="center" id="nev20683972n1-nev18472432n7" valign="middle">
<ptxt id="nev20683972n1-nev18472432n8">
<emph id="nev20683972n1-nev18472432n9">8</emph>
</ptxt>
</entry>
<entry align="center" id="nev20683972n1-nev18472432n10" valign="middle">
<ptxt id="nev20683972n1-nev18472433n1">
<emph id="nev20683972n1-nev18472433n2">9</emph>
</ptxt>
</entry>
<entry align="center" id="nev20683972n1-nev18472433n3" valign="middle">
<ptxt id="nev20683972n1-nev18472433n4">
<emph id="nev20683972n1-nev18472433n5">10</emph>
</ptxt>
</entry>
</row>
<row id="nev20683972n1-nev18472433n6">
<entry align="left" id="nev20683972n1-nev18472433n7" rowsep="0" valign="middle"/>
<entry align="right" id="nev20683972n1-nev18472433n8" rowsep="0" valign="middle">
<ptxt id="nev20683972n1-nev18472433n9">
<emph id="nev20683972n1-nev18472433n10">km x 1000:</emph>
</ptxt>
</entry>
<entry align="center" id="nev20683972n1-nev18472434n1" valign="middle">
<ptxt id="nev20683972n1-nev18472434n2">
<emph id="nev20683972n1-nev18472434n3">20</emph>
</ptxt>
</entry>
<entry align="center" id="nev20683972n1-nev18472434n4" valign="middle">
<ptxt id="nev20683972n1-nev18472434n5">
<emph id="nev20683972n1-nev18472434n6">40</emph>
</ptxt>
</entry>
<entry align="center" id="nev20683972n1-nev18472434n7" valign="middle">
<ptxt id="nev20683972n1-nev18472434n8">
<emph id="nev20683972n1-nev18472434n9">60</emph>
</ptxt>
</entry>
<entry align="center" id="nev20683972n1-nev18472434n10" valign="middle">
<ptxt id="nev20683972n1-nev18472435n1">
<emph id="nev20683972n1-nev18472435n2">80</emph>
</ptxt>
</entry>
<entry align="center" id="nev20683972n1-nev18472435n3" valign="middle">
<ptxt id="nev20683972n1-nev18472435n4">
<emph id="nev20683972n1-nev18472435n5">100</emph>
</ptxt>
</entry>
<entry align="center" id="nev20683972n1-nev18472435n6" valign="middle">
<ptxt id="nev20683972n1-nev18472435n7">
<emph id="nev20683972n1-nev18472435n8">120</emph>
</ptxt>
</entry>
<entry align="center" id="nev20683972n1-nev18472435n9" valign="middle">
<ptxt id="nev20683972n1-nev18472435n10">
<emph id="nev20683972n1-nev18472436n1">140</emph>
</ptxt>
</entry>
<entry align="center" id="nev20683972n1-nev18472436n2" valign="middle">
<ptxt id="nev20683972n1-nev18472436n3">
<emph id="nev20683972n1-nev18472436n4">160</emph>
</ptxt>
</entry>
<entry align="center" id="nev20683972n1-nev18472436n5" valign="middle">
<ptxt id="nev20683972n1-nev18472436n6">
<emph id="nev20683972n1-nev18472436n7">180</emph>
</ptxt>
</entry>
<entry align="center" id="nev20683972n1-nev18472436n8" valign="middle">
<ptxt id="nev20683972n1-nev18472436n9">
<emph id="nev20683972n1-nev18472436n10">200</emph>
</ptxt>
</entry>
</row>
<row id="nev20683972n1-nev18472437n1">
<entry align="left" id="nev20683972n1-nev18472437n2" valign="middle"/>
<entry align="right" id="nev20683972n1-nev18472437n3" valign="middle">
<ptxt id="nev20683972n1-nev18472437n4">
<emph id="nev20683972n1-nev18472437n5">miles x 1000:</emph>
</ptxt>
</entry>
<entry align="center" id="nev20683972n1-nev18472437n6" valign="middle">
<ptxt id="nev20683972n1-nev18472437n7">
<emph id="nev20683972n1-nev18472437n8">12.5</emph>
</ptxt>
</entry>
<entry align="center" id="nev20683972n1-nev18472437n9" valign="middle">
<ptxt id="nev20683972n1-nev18472437n10">
<emph id="nev20683972n1-nev18472438n1">25</emph>
</ptxt>
</entry>
<entry align="center" id="nev20683972n1-nev18472438n2" valign="middle">
<ptxt id="nev20683972n1-nev18472438n3">
<emph id="nev20683972n1-nev18472438n4">37.5</emph>
</ptxt>
</entry>
<entry align="center" id="nev20683972n1-nev18472438n5" valign="middle">
<ptxt id="nev20683972n1-nev18472438n6">
<emph id="nev20683972n1-nev18472438n7">50</emph>
</ptxt>
</entry>
<entry align="center" id="nev20683972n1-nev18472438n8" valign="middle">
<ptxt id="nev20683972n1-nev18472438n9">
<emph id="nev20683972n1-nev18472438n10">62.5</emph>
</ptxt>
</entry>
<entry align="center" id="nev20683972n1-nev18472439n1" valign="middle">
<ptxt id="nev20683972n1-nev18472439n2">
<emph id="nev20683972n1-nev18472439n3">75</emph>
</ptxt>
</entry>
<entry align="center" id="nev20683972n1-nev18472439n4" valign="middle">
<ptxt id="nev20683972n1-nev18472439n5">
<emph id="nev20683972n1-nev18472439n6">87.5</emph>
</ptxt>
</entry>
<entry align="center" id="nev20683972n1-nev18472439n7" valign="middle">
<ptxt id="nev20683972n1-nev18472439n8">
<emph id="nev20683972n1-nev18472439n9">100</emph>
</ptxt>
</entry>
<entry align="center" id="nev20683972n1-nev18472439n10" valign="middle">
<ptxt id="nev20683972n1-nev18472440n1">
<emph id="nev20683972n1-nev18472440n2">112.5</emph>
</ptxt>
</entry>
<entry align="center" id="nev20683972n1-nev18472440n3" valign="middle">
<ptxt id="nev20683972n1-nev18472440n4">
<emph id="nev20683972n1-nev18472440n5">125</emph>
</ptxt>
</entry>
</row>
<row id="nev20683972n1-nev18472440n6">
<entry align="left" id="nev20683972n1-nev18472440n7" rowsep="1" valign="middle">
<ptxt id="nev20683972n1-nev18472440n8">
<emph id="nev20683972n1-nev18472440n9">Timing belt / b#@#@#22#ulley</emph>
</ptxt>
<ptxt id="nev20683972n1-nev18472440n10">-replace accord#@#@#21#ogram</ptxt>
<ptxt id="nev20683972n1-nev18472441n1">or:</ptxt>
<ptxt id="nev20683972n1-nev18472441n2">- replace at a <emph id="nev20683972n1-nev18472441n3">maximum 10 year</emph> interval</ptxt>
</entry>
<entry align="left" id="nev20683972n1-nev18472441n4" rowsep="1" valign="middle"/>
<entry align="center" id="nev20683972n1-nev18472441n5" valign="middle"/>
<entry align="center" id="nev20683972n1-nev18472441n6" valign="middle"/>
<entry align="center" id="nev20683972n1-nev18472441n7" valign="middle"/>
<entry align="center" id="nev20683972n1-nev18472441n8" valign="middle"/>
<entry align="center" id="nev20683972n1-nev18472441n9" valign="middle"/>
<entry align="center" id="nev20683972n1-nev18472441n10" valign="middle"/>
<entry align="center" id="nev20683972n1-nev18472442n1" valign="middle"/>
<entry align="center" id="nev20683972n1-nev18472442n2" valign="middle"/>
<entry align="center" id="nev20683972n1-nev18472442n3" valign="middle">
<ptxt id="nev20683972n1-nev18474459n250">x</ptxt>
</entry>
<entry align="center" id="nev20683972n1-nev18472442n4" valign="middle"/>
</row>
<row id="nev20683972n1-nev18472442n5">
<entry align="left" id="nev20683972n1-nev18472442n6" rowsep="0" valign="middle">
<ptxt id="nev20683972n1-nev18472442n7">
<emph id="nev20683972n1-nev18472442n8">Brake fluid</emph>
</ptxt>
<ptxt id="nev20683972n1-nev18472442n9">-replace</ptxt>
</entry>
<entry align="left" id="nev20683972n1-nev18472442n10" valign="middle">
<ptxt id="nev20683972n1-nev18472443n1">Recommend that #@#@#66#year.</ptxt>
</entry>
<entry align="center" id="nev20683972n1-nev18472443n2" valign="middle"/>
<entry align="center" id="nev20683972n1-nev18472443n3" valign="middle">
<ptxt id="nev20683972n1-nev18472443n4">x</ptxt>
</entry>
<entry align="center" id="nev20683972n1-nev18472443n5" valign="middle"/>
<entry align="center" id="nev20683972n1-nev18472443n6" valign="middle">
<ptxt id="nev20683972n1-nev18472443n7">x</ptxt>
</entry>
<entry align="center" id="nev20683972n1-nev18472443n8" valign="middle"/>
<entry align="center" id="nev20683972n1-nev18472443n9" valign="middle">
<ptxt id="nev20683972n1-nev18472443n10">x</ptxt>
</entry>
<entry align="center" id="nev20683972n1-nev18472444n1" valign="middle"/>
<entry align="center" id="nev20683972n1-nev18472444n2" valign="middle">
<ptxt id="nev20683972n1-nev18472444n3">x</ptxt>
</entry>
<entry align="center" id="nev20683972n1-nev18472444n4" valign="middle"/>
<entry align="center" id="nev20683972n1-nev18472444n5" valign="middle">
<ptxt id="nev20683972n1-nev18472444n6">x</ptxt>
</entry>
</row>
<row id="nev20683972n1-nev18472444n7">
<entry id="nev20683972n1-nev18472444n8"/>
<entry align="left" id="nev20683972n1-nev18472444n9" namest="col2" valign="middle">
<note id="nev20683972n1-nev18472444n10">
<ptxt id="nev20683972n1-nev18472445n1">The fluid must #@#@#94#ates.</ptxt>
</note>
</entry>
<entry align="center" id="nev20683972n1-nev18472445n2" valign="middle">
<ptxt id="nev20683972n1-nev18472445n3">x</ptxt>
</entry>
<entry align="center" id="nev20683972n1-nev18472445n4" valign="middle">
<ptxt id="nev20683972n1-nev18472445n5">x</ptxt>
</entry>
<entry align="center" id="nev20683972n1-nev18472445n6" valign="middle">
<ptxt id="nev20683972n1-nev18472445n7">x</ptxt>
</entry>
<entry align="center" id="nev20683972n1-nev18472445n8" valign="middle">
<ptxt id="nev20683972n1-nev18472445n9">x</ptxt>
</entry>
<entry align="center" id="nev20683972n1-nev18472445n10" valign="middle">
<ptxt id="nev20683972n1-nev18472446n1">x</ptxt>
</entry>
<entry align="center" id="nev20683972n1-nev18472446n2" valign="middle">
<ptxt id="nev20683972n1-nev18472446n3">x</ptxt>
</entry>
<entry align="center" id="nev20683972n1-nev18472446n4" valign="middle">
<ptxt id="nev20683972n1-nev18472446n5">x</ptxt>
</entry>
<entry align="center" id="nev20683972n1-nev18472446n6" valign="middle">
<ptxt id="nev20683972n1-nev18472446n7">x</ptxt>
</entry>
<entry align="center" id="nev20683972n1-nev18472446n8" valign="middle">
<ptxt id="nev20683972n1-nev18472446n9">x</ptxt>
</entry>
<entry align="center" id="nev20683972n1-nev18472446n10" valign="middle">
<ptxt id="nev20683972n1-nev18472447n1">x</ptxt>
</entry>
</row>
<row id="nev20683972n1-nev18472447n2">
<entry align="left" id="nev20683972n1-nev18472447n3" valign="middle">
<ptxt id="nev20683972n1-nev18472447n4">
<emph id="nev20683972n1-nev18472447n5">SRI</emph>
</ptxt>
<ptxt id="nev20683972n1-nev18472447n6">- set the servi#@#@#30# zero</ptxt>
</entry>
<entry align="left" id="nev20683972n1-nev18472447n7" valign="middle">
<ptxt id="nev20683972n1-nev18472447n8">
<xref id="nev20683972n1-nev18472447n9">
<ref id="nev20683972n1-nev18472447n10"/>
</xref>
</ptxt>
</entry>
<entry align="center" id="nev20683972n1-nev18472448n1" valign="middle">
<ptxt id="nev20683972n1-nev18472448n2">x</ptxt>
</entry>
<entry align="center" id="nev20683972n1-nev18472448n3" valign="middle">
<ptxt id="nev20683972n1-nev18472448n4">x</ptxt>
</entry>
<entry align="center" id="nev20683972n1-nev18472448n5" valign="middle">
<ptxt id="nev20683972n1-nev18472448n6">x</ptxt>
</entry>
<entry align="center" id="nev20683972n1-nev18472448n7" valign="middle">
<ptxt id="nev20683972n1-nev18472448n8">x</ptxt>
</entry>
<entry align="center" id="nev20683972n1-nev18472448n9" valign="middle">
<ptxt id="nev20683972n1-nev18472448n10">x</ptxt>
</entry>
<entry align="center" id="nev20683972n1-nev18472449n1" valign="middle">
<ptxt id="nev20683972n1-nev18472449n2">x</ptxt>
</entry>
<entry align="center" id="nev20683972n1-nev18472449n3" valign="middle">
<ptxt id="nev20683972n1-nev18472449n4">x</ptxt>
</entry>
<entry align="center" id="nev20683972n1-nev18472449n5" valign="middle">
<ptxt id="nev20683972n1-nev18472449n6">x</ptxt>
</entry>
<entry align="center" id="nev20683972n1-nev18472449n7" valign="middle">
<ptxt id="nev20683972n1-nev18472449n8">x</ptxt>
</entry>
<entry align="center" id="nev20683972n1-nev18472449n9" valign="middle">
<ptxt id="nev20683972n1-nev18472449n10">x</ptxt>
</entry>
</row>
</tbody>
</tgroup>
</table>
</servinfosub>