<?xml version="1.0" encoding="UTF-8"?><servinfosub IE-ID="en-US0900c8af841b3e03" docno="VCC-342967" id="nev13278238n1" xml:lang="en-US">
<title>
<phrase category="Title" id="nev13278238n2" phrase-urn="urn:x-nevis:phrase:0800c8af81eb9a54">Diagnostic trou#@#@#21#ation</phrase>
<phrase category="Prefix" id="nev13278238n3" phrase-urn="urn:x-nevis:phrase:0800c8af8015c3f5">ECM</phrase>-003A</title>
<diagnostic j2008use="1" paperuse="1" screenuse="1" type="condition">
<condgrp>
<condition type="condition">
<grate id="nev13278238n4">
<graphic id="nev13278238n5">
<href>0900c8af81620da#@#@#9#.jpeg</href>
</graphic>
</grate>
<para id="nev13278238n6">
<ptxt id="nev13278238n7">
<phrase category="Condition" id="nev13278238n8" phrase-urn="urn:x-nevis:phrase:0800c8af83f02eb3">The turbo contr#@#@#88#ment.</phrase>
<phrase category="Condition" id="nev13278238n9" phrase-urn="urn:x-nevis:phrase:0800c8af83f02eba">The control val#@#@#117#VNT).</phrase>
</ptxt>
<ptxt id="nev13278238n10">
<phrase category="Condition" id="nev13278239n1" phrase-urn="urn:x-nevis:phrase:0800c8af8408e53f">Engine control #@#@#102#ment.</phrase>
</ptxt>
</para>
<para id="nev13278239n2">
<ptxt id="nev13278239n3">
<phrase category="Condition" id="nev13278239n4" phrase-urn="urn:x-nevis:phrase:0800c8af82c4843c">The diagnostic #@#@#59#that:</phrase>
</ptxt>
</para>
<list1 id="nev13278239n5">
<item id="nev13278239n6">
<ptxt id="nev13278239n7">
<phrase category="Condition" id="nev13278239n8" phrase-urn="urn:x-nevis:phrase:0800c8af8408e582">Signal from the#@#@#69#ment.</phrase>
</ptxt>
</item>
</list1>
<para id="nev13278239n9">
<ptxt id="nev13278239n10">
<phrase category="Condition" id="nev13278240n1" phrase-urn="urn:x-nevis:phrase:0800c8af82c479d6">The control mod#@#@#67#t of:</phrase>
</ptxt>
</para>
<list1 id="nev13278240n2">
<item id="nev13278240n3">
<ptxt id="nev13278240n4">
<phrase category="Condition" id="nev13278240n5" phrase-urn="urn:x-nevis:phrase:0800c8af83023a3b">Engine running.</phrase>
</ptxt>
</item>
</list1>
<note id="nev13278240n6">
<ptxt id="nev13278240n7">
<phrase category="Condition" id="nev13278240n8" phrase-urn="urn:x-nevis:phrase:0800c8af82c4844b">The control mod#@#@#132# met.</phrase>
</ptxt>
</note>
</condition>
</condgrp>
<condgrp>
<condition type="substitution">
<list1 enumtype="d" type="unordered">
<item>
<ptxt>
<phrase category="Substitution" id="nev13278240n9" phrase-urn="urn:x-nevis:phrase:0800c8af81eb9984">None.</phrase>
</ptxt>
</item>
</list1>
</condition>
<ps>
<list1 enumtype="d" type="unordered">
<item id="nev13278240n10">
<ptxt id="nev13278241n1">
<phrase category="Possible source" id="nev13278241n2" phrase-urn="urn:x-nevis:phrase:0800c8af83cb3529">Leakage vacuum #@#@#1#oses.</phrase>
</ptxt>
</item>
<item id="nev13278241n3">
<ptxt id="nev13278241n4">
<phrase category="Possible source" id="nev13278241n5" phrase-urn="urn:x-nevis:phrase:0800c8af8408e544">Binding turbo c#@#@#8#alve.</phrase>
</ptxt>
</item>
<item id="nev13278241n6">
<ptxt id="nev13278241n7">
<phrase category="Possible source" id="nev13278241n8" phrase-urn="urn:x-nevis:phrase:0800c8af81eabb77">Damaged turboch#@#@#20#alve.</phrase>
</ptxt>
</item>
<item id="nev13278241n9">
<ptxt id="nev13278241n10">
<phrase category="Possible source" id="nev13278242n1" phrase-urn="urn:x-nevis:phrase:0800c8af8365075c">Damaged positio#@#@#4#nsor.</phrase>
</ptxt>
</item>
</list1>
</ps>
</condgrp>
<condgrp>
<condition type="symptom">
<list1 enumtype="d" type="unordered">
<item>
<ptxt>
<phrase category="Symptom CSC" id="nev13278242n2" phrase-urn="urn:x-nevis:phrase:0800c8af8388f076">DL, Warning lig#@#@#85#ation</phrase>
</ptxt>
</item>
</list1>
</condition>
</condgrp>
</diagnostic>
</servinfosub>