<?xml version="1.0" encoding="UTF-8"?><diagnostic IE-ID="en-US0900c8af823d9a02" docno="VCC-164549" id="KC09013932" type="test" xml:lang="en-US">
<title>
<phrase category="" id="KC09586904" phrase-urn="urn:x-nevis:phrase:0800c8af827237df">Verification</phrase>
</title>
<testgrp IE-ID="en-US0900c8af823d9a02_KC09013933" id="KC09013933" j2008use="1" paperuse="1" resumable="1" screenuse="1" testgrp-id="verifnode" x="280" y="80">
<title>
<phrase category="" id="KC09586905" phrase-urn="urn:x-nevis:phrase:0800c8af827237e0">Verification</phrase>
</title>
<node>
<test1>
<hint>
<ptxt>
<phrase category="" id="KC09586906" phrase-urn="urn:x-nevis:phrase:0800c8af827237e1">After carrying #@#@#50#died.</phrase>
</ptxt>
</hint>
<diaglist>
<dgraphic>
<dgraphic1>
<graphic id="KC09586907">
<href>0900c8af80054d5#@#@#9#.jpeg</href>
</graphic>
</dgraphic1>
<dgraphic2>
<graphic id="KC09586908">
<href>0900c8af80054d7#@#@#9#.jpeg</href>
</graphic>
</dgraphic2>
</dgraphic>
<ditem>
<ptxt>
<phrase category="" id="KC09586909" phrase-urn="urn:x-nevis:phrase:0800c8af827237e2">Ignition off</phrase>
</ptxt>
</ditem>
<ditem>
<ptxt>
<phrase category="" id="KC09586910" phrase-urn="urn:x-nevis:phrase:0800c8af827237e3">Reinstall the c#@#@#35# etc.</phrase>
</ptxt>
</ditem>
<ditem>
<ptxt>
<phrase category="" id="KC09586911" phrase-urn="urn:x-nevis:phrase:0800c8af827237e4">Ignition on</phrase>
</ptxt>
</ditem>
<ditem>
<ptxt>
<phrase category="" id="KC09586912" phrase-urn="urn:x-nevis:phrase:0800c8af827237e5">Activate soleno#@#@#41#2000.</phrase>
</ptxt>
</ditem>
</diaglist>
<test2>
<ptxt>
<phrase category="" id="KC09586913" phrase-urn="urn:x-nevis:phrase:0800c8af827237e6">Read off the cu#@#@#103#0 mA.</phrase>
</ptxt>
<diaglist>
<dgraphic>
<dgraphic2>
<graphic id="KC09586914">
<href>0900c8af86c8681#@#@#9#.jpeg</href>
</graphic>
<smarttool active="press" id="KC09586915" toolname="GTCM0007"/>
</dgraphic2>
</dgraphic>
<ditem>
<ditemtext>
<ptxt>
<phrase category="" id="KC09586916" phrase-urn="urn:x-nevis:phrase:0800c8af827237e7"/>
</ptxt>
</ditemtext>
</ditem>
</diaglist>
<grate>
<graphic id="KC09586917">
<href>0900c8af81d9ae6#@#@#9#.jpeg</href>
</graphic>
</grate>
</test2>
</test1>
<question>
Is the functio#@#@#1# OK?
</question>
<resact-grp>
<result button="yes" comp="button" highlight="0"/>
<action j2008use="1" paperuse="1" screenuse="1">
<return value="VERIFIED"/>
</action>
</resact-grp>
<resact-grp>
<result button="no" comp="button" highlight="0"/>
<action j2008use="1" paperuse="0" screenuse="1">
<return value="VERIFICATION FAILED"/>
</action>
</resact-grp>
</node>
</testgrp>
</diagnostic>