<?xml version="1.0" encoding="UTF-8"?><servinfosub IE-ID="en-US0900c8af80519a02" docno="VCC-126145" id="KC01670255" xml:lang="en-US">
<title>
<phrase category="" id="KC08215222" phrase-urn="urn:x-nevis:phrase:0800c8af81d8d2c0">Faulty signal</phrase>
</title>
<diagnostic type="test">
<testgrp IE-ID="en-US0900c8af80519a02_KC01717289" id="KC01717289" j2008use="1" paperuse="1" resumable="1" screenuse="1" testgrp-id="adb1" x="120" y="80">
<title>
<phrase category="" id="KC08215223" phrase-urn="urn:x-nevis:phrase:0800c8af81d8d2c1">Function check #@#@#17#ensor</phrase>
</title>
<node>
<test1>
<diaglist>
<dgraphic>
<dgraphic1>
<graphic id="KC08215224">
<href>0900c8af80054d3#@#@#9#.jpeg</href>
</graphic>
</dgraphic1>
</dgraphic>
<ditem>
<ptxt>
<phrase category="" id="KC08215225" phrase-urn="urn:x-nevis:phrase:0800c8af81d8d2c3">Start the engin#@#@#64#3°F).</phrase>
</ptxt>
</ditem>
</diaglist>
<test2>
<para>
<ptxt>
<phrase category="" id="KC08215226" phrase-urn="urn:x-nevis:phrase:0800c8af81d8d2c4">Inspect the air#@#@#80# see <xref>
<ref id="KC08215227"/>
</xref>.</phrase>
</ptxt>
</para>
<diaglist>
<dgraphic>
<dgraphic2>
<graphic id="KC08215228">
<href>0900c8af86c8681#@#@#9#.jpeg</href>
</graphic>
<smarttool active="press" id="KC08215229" toolname="XF13A605"/>
</dgraphic2>
</dgraphic>
<ditem>
<ditemtext>
<ptxt>
<phrase category="" id="KC08215230" phrase-urn="urn:x-nevis:phrase:0800c8af81d8d2c5"/>
</ptxt>
</ditemtext>
</ditem>
</diaglist>
</test2>
</test1>
<question>Is the value co#@#@#1#rect?</question>
<resact-grp>
<result button="yes" comp="button" highlight="0"/>
<action j2008use="1" paperuse="1" screenuse="1">
<ptxt>
<xref>
<ref id="KC08215231"/>
</xref>
</ptxt>
</action>
</resact-grp>
<resact-grp>
<result button="no" comp="button" highlight="0"/>
<action j2008use="1" paperuse="1" screenuse="1">
<ptxt>
<xref>
<ref id="KC08215232"/>
</xref>
</ptxt>
</action>
</resact-grp>
</node>
</testgrp>
<testgrp id="KC01717290" j2008use="1" paperuse="1" resumable="1" screenuse="1" testgrp-id="adb2" x="120" y="80">
<title>
<phrase category="" id="KC08215233" phrase-urn="urn:x-nevis:phrase:0800c8af81d8d2c6">Checking the co#@#@#3#ctors</phrase>
</title>
<node>
<test1>
<diaglist>
<dgraphic>
<dgraphic1>
<graphic id="KC08215234">
<href>0900c8af80054d3#@#@#9#.jpeg</href>
</graphic>
</dgraphic1>
</dgraphic>
<ditem>
<ptxt>
<phrase category="" id="KC08215235" phrase-urn="urn:x-nevis:phrase:0800c8af81d8d2c7">Ignition off.</phrase>
</ptxt>
</ditem>
<ditem>
<ptxt>
<phrase category="" id="KC08215236" phrase-urn="urn:x-nevis:phrase:0800c8af81d8d2c9">Check connector#@#@#70#tion.</phrase>
</ptxt>
</ditem>
<ditem>
<ptxt>
<phrase category="" id="KC08215237" phrase-urn="urn:x-nevis:phrase:0800c8af81d8d2ca">Start the engin#@#@#64#3°F).</phrase>
</ptxt>
</ditem>
</diaglist>
<test2>
<para>
<ptxt>
<phrase category="" id="KC08215238" phrase-urn="urn:x-nevis:phrase:0800c8af81d8d2cb">Inspect the air#@#@#80# see <xref>
<ref id="KC08215239"/>
</xref>.</phrase>
</ptxt>
</para>
<list1 enumtype="d" type="unordered">
<title>
<phrase category="" id="KC08215240" phrase-urn="urn:x-nevis:phrase:0800c8af81d8d2cc">Additional info#@#@#3#tion:</phrase>
</title>
<item>
<ptxt>
<phrase category="" id="KC08215241" phrase-urn="urn:x-nevis:phrase:0800c8af81d8d2cd">To connect the #@#@#9# see <xref>
<ref id="KC08215242"/>
</xref>.</phrase>
</ptxt>
</item>
<item>
<ptxt>
<phrase category="" id="KC08215243" phrase-urn="urn:x-nevis:phrase:0800c8af81d8d2ce">To access/repla#@#@#23# see <xref>
<ref id="KC08215244"/>
</xref>.</phrase>
</ptxt>
</item>
<item>
<ptxt>
<phrase category="" id="KC08215245" phrase-urn="urn:x-nevis:phrase:0800c8af81d8d2d0">
<xref>
<ref id="KC08215246"/>
</xref>.</phrase>
</ptxt>
</item>
</list1>
<diaglist>
<dgraphic>
<dgraphic2>
<graphic id="KC08215247">
<href>0900c8af86c8681#@#@#9#.jpeg</href>
</graphic>
<smarttool active="press" id="KC08215248" toolname="XF13A605"/>
</dgraphic2>
</dgraphic>
<ditem>
<ditemtext>
<ptxt>
<phrase category="" id="KC08215249" phrase-urn="urn:x-nevis:phrase:0800c8af81d8d2d1"/>
</ptxt>
</ditemtext>
</ditem>
</diaglist>
</test2>
</test1>
<question>Is the value co#@#@#1#rect?</question>
<resact-grp>
<result button="yes" comp="button" highlight="0"/>
<action j2008use="1" paperuse="1" screenuse="1">
<return value="FAULT FOUND"/>
</action>
</resact-grp>
<resact-grp>
<result button="no" comp="button" highlight="0"/>
<action j2008use="1" paperuse="1" screenuse="1">
<ptxt>
<xref>
<ref id="KC08215250"/>
</xref>
</ptxt>
</action>
</resact-grp>
</node>
</testgrp>
<testgrp id="KC01717291" j2008use="1" paperuse="1" resumable="1" screenuse="1" testgrp-id="adb3" x="120" y="240">
<title>
<phrase category="" id="KC08215251" phrase-urn="urn:x-nevis:phrase:0800c8af81d8d2d2">Checking the co#@#@#13#wires</phrase>
</title>
<node>
<test1>
<test2>
<para>
<ptxt>
<phrase category="" id="KC08215252" phrase-urn="urn:x-nevis:phrase:0800c8af81d8d2d3">Check that the #@#@#21#cked.</phrase>
</ptxt>
</para>
<para>
<ptxt>
<phrase category="" id="KC08215253" phrase-urn="urn:x-nevis:phrase:0800c8af81d8d2d4">Check the wire #@#@#130#pply.</phrase>
</ptxt>
</para>
<para>
<ptxt>
<phrase category="" id="KC08215254" phrase-urn="urn:x-nevis:phrase:0800c8af81d8d2d5">Check the wire #@#@#149#pply.</phrase>
</ptxt>
</para>
<para>
<ptxt>
<phrase category="" id="KC08215255" phrase-urn="urn:x-nevis:phrase:0800c8af81d8d2d7">Check the wire #@#@#96#cuit.</phrase>
</ptxt>
</para>
<para>
<ptxt>
<phrase category="" id="KC08215256" phrase-urn="urn:x-nevis:phrase:0800c8af81d8d2d8">If no fault is #@#@#48#nsor.</phrase>
</ptxt>
</para>
<para>
<ptxt>
<phrase category="" id="KC08215257" phrase-urn="urn:x-nevis:phrase:0800c8af81d8d2d9">Take the necess#@#@#17#tion.</phrase>
</ptxt>
</para>
<list1 enumtype="d" type="unordered">
<title>
<phrase category="" id="KC08215258" phrase-urn="urn:x-nevis:phrase:0800c8af81d8d2da">Additional info#@#@#2#ation</phrase>
</title>
<item>
<ptxt>
<phrase category="" id="KC08215259" phrase-urn="urn:x-nevis:phrase:0800c8af81d8d2db">To access/repla#@#@#14# see <xref>
<ref id="KC08215260"/>
</xref>.</phrase>
</ptxt>
</item>
<item>
<ptxt>
<phrase category="" id="KC08215261" phrase-urn="urn:x-nevis:phrase:0800c8af81d8d2dc">To connect the #@#@#9# see <xref>
<ref id="KC08215262"/>
</xref>.</phrase>
</ptxt>
</item>
<item>
<ptxt>
<phrase category="" id="KC08215263" phrase-urn="urn:x-nevis:phrase:0800c8af81d8d2dd">For information#@#@#12# see <xref>
<ref id="KC08215264"/>
</xref>
<xref>
<ref id="KC08215265"/>
</xref>
<xref>
<ref id="KC08215266"/>
</xref>.</phrase>
</ptxt>
</item>
<item>
<ptxt>
<phrase category="" id="KC08215267" phrase-urn="urn:x-nevis:phrase:0800c8af81d8d2df">For information#@#@#22# see <xref>
<ref id="KC08215268"/>
</xref>.</phrase>
</ptxt>
</item>
<item>
<ptxt>
<phrase category="" id="KC08215269" phrase-urn="urn:x-nevis:phrase:0800c8af81d8d2e0">To access/repla#@#@#19# see <xref>
<ref id="KC08215270"/>
</xref>.</phrase>
</ptxt>
</item>
<item>
<ptxt>
<phrase category="" id="KC08215271" phrase-urn="urn:x-nevis:phrase:0800c8af81d8d2e1">
<xref>
<ref id="KC08215272"/>
</xref>.</phrase>
</ptxt>
</item>
</list1>
<diaglist>
<dgraphic>
<dgraphic1>
<graphic id="KC08215273">
<href>0900c8af80124ea#@#@#9#.jpeg</href>
</graphic>
</dgraphic1>
<dgraphic2>
<graphic id="KC08215274">
<href>0900c8af80054d4#@#@#9#.jpeg</href>
</graphic>
<smarttool active="press" id="KC08215275" toolname="ODAH"/>
</dgraphic2>
</dgraphic>
<ditem>
<ditemtext>
<ptxt>
<phrase category="" id="KC08215276" phrase-urn="urn:x-nevis:phrase:0800c8af81d8d2e2"/>
</ptxt>
</ditemtext>
</ditem>
</diaglist>
<grate>
<graphic id="KC08215277">
<href>0900c8af80124ec#@#@#9#.jpeg</href>
</graphic>
</grate>
</test2>
</test1>
<question>Select Continue#@#@#26#fied.</question>
<resact-grp>
<result button="cont" comp="button" highlight="0"/>
<action j2008use="1" paperuse="1" screenuse="1">
<ptxt>
<xref>
<ref id="KC08215278"/>
</xref>
</ptxt>
</action>
</resact-grp>
</node>
</testgrp>
<testgrp id="KC01717292" j2008use="1" paperuse="1" resumable="1" screenuse="1" testgrp-id="veria" x="360" y="160">
<title>
<phrase category="" id="KC08215279" phrase-urn="urn:x-nevis:phrase:0800c8af81d8d2e3">Verification</phrase>
</title>
<subcalloutnode>
<diagcallout>
<xref>
<ref id="KC08215280"/>
</xref>
</diagcallout>
<rescall-grp>
<result comp="string" highlight="0" op="eq" return="VERIFIED"/>
<calloutaction>
<return value="FAULT FOUND"/>
</calloutaction>
</rescall-grp>
<rescall-grp>
<result comp="string" highlight="0" op="eq" return="VERIFICATION FAILED"/>
<calloutaction>
<ptxt>
<xref>
<ref id="KC08215281"/>
</xref>
</ptxt>
</calloutaction>
</rescall-grp>
<rescall-grp>
<result comp="string" highlight="0" op="eq" return="PAPER"/>
<calloutaction>
<return value="FAULT NOT FOUND"/>
</calloutaction>
</rescall-grp>
</subcalloutnode>
</testgrp>
<testgrp id="KC01717293" j2008use="1" paperuse="0" resumable="1" screenuse="1" testgrp-id="info1" x="600" y="160">
<title>
<phrase category="" id="KC08215282" phrase-urn="urn:x-nevis:phrase:0800c8af81d8d2e4">Trouble-shootin#@#@#8#ation</phrase>
</title>
<subcalloutnode>
<diagcallout>
<xref>
<ref id="KC08215283"/>
</xref>
</diagcallout>
<rescall-grp>
<result comp="string" highlight="0" op="eq" return="FAULTTRACING FAILED"/>
<calloutaction>
<return value="FAULTTRACING FAILED"/>
</calloutaction>
</rescall-grp>
<rescall-grp>
<result comp="string" highlight="0" op="eq" return="NEW TRY"/>
<calloutaction>
<ptxt>
<xref>
<ref id="KC08215284"/>
</xref>
</ptxt>
</calloutaction>
</rescall-grp>
</subcalloutnode>
</testgrp>
<testgrp id="KC01717294" j2008use="1" paperuse="1" resumable="1" screenuse="1" testgrp-id="intnode" x="360" y="80">
<title>
<phrase category="" id="KC08215285" phrase-urn="urn:x-nevis:phrase:0800c8af81d8d2e5">Intermittent fault</phrase>
</title>
<node>
<test1>
<test2>
<para>
<ptxt>
<phrase category="" id="KC08215286" phrase-urn="urn:x-nevis:phrase:0800c8af81d8d2e7">Check that the #@#@#21#cked.</phrase>
</ptxt>
</para>
<para>
<ptxt>
<phrase category="" id="KC08215287" phrase-urn="urn:x-nevis:phrase:0800c8af81d8d2e8">Check the wire #@#@#157#pply.</phrase>
</ptxt>
</para>
<para>
<ptxt>
<phrase category="" id="KC08215288" phrase-urn="urn:x-nevis:phrase:0800c8af81d8d2e9">Check the wire #@#@#188#pply.</phrase>
</ptxt>
</para>
<para>
<ptxt>
<phrase category="" id="KC08215289" phrase-urn="urn:x-nevis:phrase:0800c8af81d8d2ea">Check the wire #@#@#109#cuit.</phrase>
</ptxt>
</para>
<para>
<ptxt>
<phrase category="" id="KC08215290" phrase-urn="urn:x-nevis:phrase:0800c8af81d8d2eb">Take the necess#@#@#17#tion.</phrase>
</ptxt>
</para>
<list1 enumtype="d" type="unordered">
<title>
<phrase category="" id="KC08215291" phrase-urn="urn:x-nevis:phrase:0800c8af81d8d2ec">Additional info#@#@#2#ation</phrase>
</title>
<item>
<ptxt>
<phrase category="" id="KC08215292" phrase-urn="urn:x-nevis:phrase:0800c8af81d8d2ed">To access/repla#@#@#18# see <xref>
<ref id="KC08215293"/>
</xref>.</phrase>
</ptxt>
</item>
<item>
<ptxt>
<phrase category="" id="KC08215294" phrase-urn="urn:x-nevis:phrase:0800c8af81d8d2ee">To connect the #@#@#9# see <xref>
<ref id="KC08215295"/>
</xref>.</phrase>
</ptxt>
</item>
<item>
<ptxt>
<phrase category="" id="KC08215296" phrase-urn="urn:x-nevis:phrase:0800c8af81d8d2b1">For information#@#@#12# see <xref>
<ref id="KC08215297"/>
</xref>
<xref>
<ref id="KC08215298"/>
</xref>
<xref>
<ref id="KC08215299"/>
</xref>.</phrase>
</ptxt>
</item>
<item>
<ptxt>
<phrase category="" id="KC08215300" phrase-urn="urn:x-nevis:phrase:0800c8af81d8d2b2">For information#@#@#22# see <xref>
<ref id="KC08215301"/>
</xref>.</phrase>
</ptxt>
</item>
<item>
<ptxt>
<phrase category="" id="KC08215302" phrase-urn="urn:x-nevis:phrase:0800c8af81d8d2b3">To access/repla#@#@#19# see <xref>
<ref id="KC08215303"/>
</xref>.</phrase>
</ptxt>
</item>
<item>
<ptxt>
<phrase category="" id="KC08215304" phrase-urn="urn:x-nevis:phrase:0800c8af81d8d2b4">
<xref>
<ref id="KC08215305"/>
</xref>.</phrase>
</ptxt>
</item>
</list1>
<diaglist>
<dgraphic>
<dgraphic1>
<graphic id="KC08215306">
<href>0900c8af80124ea#@#@#9#.jpeg</href>
</graphic>
</dgraphic1>
<dgraphic2>
<graphic id="KC08215307">
<href>0900c8af80054d4#@#@#9#.jpeg</href>
</graphic>
<smarttool active="press" id="KC08215308" toolname="ODAH"/>
</dgraphic2>
</dgraphic>
<ditem>
<ditemtext>
<ptxt>
<phrase category="" id="KC08215309" phrase-urn="urn:x-nevis:phrase:0800c8af81d8d2b5"/>
</ptxt>
</ditemtext>
</ditem>
</diaglist>
<grate>
<graphic id="KC08215310">
<href>0900c8af80124ec#@#@#9#.jpeg</href>
</graphic>
</grate>
</test2>
</test1>
<question>Select Continue#@#@#26#fied.</question>
<resact-grp>
<result button="cont" comp="button" highlight="0"/>
<action j2008use="1" paperuse="0" screenuse="1">
<ptxt>
<xref>
<ref id="KC08215311"/>
</xref>
</ptxt>
</action>
<action j2008use="0" paperuse="1" screenuse="0">
<return value="DONE"/>
</action>
</resact-grp>
</node>
</testgrp>
<testgrp id="KC01717295" j2008use="1" paperuse="0" resumable="1" screenuse="1" testgrp-id="info2" x="600" y="80">
<title>
<phrase category="" id="KC08215312" phrase-urn="urn:x-nevis:phrase:0800c8af81d8d2b6">Trouble-shootin#@#@#8#ation</phrase>
</title>
<subcalloutnode>
<diagcallout>
<xref>
<ref id="KC08215313"/>
</xref>
</diagcallout>
<rescall-grp>
<result comp="string" highlight="0" op="eq" return="NEW TRY"/>
<calloutaction>
<ptxt>
<xref>
<ref id="KC08215314"/>
</xref>
</ptxt>
</calloutaction>
</rescall-grp>
<rescall-grp>
<result comp="string" highlight="0" op="eq" return="FAULT FOUND"/>
<calloutaction>
<return value="DONE"/>
</calloutaction>
</rescall-grp>
</subcalloutnode>
</testgrp>
</diagnostic>
</servinfosub>