<?xml version="1.0" encoding="UTF-8"?><servinfosub IE-ID="en-US0900c8af804a6404" docno="VCC-094747" id="KC01400941" xml:lang="en-US">
<title>
<phrase category="" id="KC07307526" phrase-urn="urn:x-nevis:phrase:0800c8af81aa8f2e">Signal too high#@#@#12#fault</phrase>
</title>
<diagnostic type="test">
<testgrp IE-ID="en-US0900c8af804a6404_KC01400942" id="KC01400942" j2008use="1" paperuse="1" resumable="1" screenuse="1" testgrp-id="node1" x="120" y="80">
<title>
<phrase category="" id="KC07307527" phrase-urn="urn:x-nevis:phrase:0800c8af81aa8f2f">Replacing the c#@#@#3#onent</phrase>
</title>
<node>
<test1>
<test2>
<ptxt>
<phrase category="" id="KC07307528" phrase-urn="urn:x-nevis:phrase:0800c8af81aa8f30">Replace relay f#@#@#155#d in <xref>
<ref id="KC07307529"/>
</xref>.</phrase>
</ptxt>
<list1>
<title>
<phrase category="" id="KC07307530" phrase-urn="urn:x-nevis:phrase:0800c8af81aa8f31">Additional info#@#@#3#tion:</phrase>
</title>
<item>
<ptxt>
<phrase category="" id="KC07307531" phrase-urn="urn:x-nevis:phrase:0800c8af81aa8f32">For information#@#@#34# see <xref>
<ref id="KC07307532"/>
</xref>
</phrase>
</ptxt>
</item>
<item>
<ptxt>
<phrase category="" id="KC07307533" phrase-urn="urn:x-nevis:phrase:0800c8af81aa8f33">To access/repla#@#@#13# see <xref>
<ref id="KC07307534"/>
</xref>
</phrase>
</ptxt>
</item>
<item>
<ptxt>
<phrase category="" id="KC07307535" phrase-urn="urn:x-nevis:phrase:0800c8af81aa8f34">When relay is i#@#@#60# 0 V.</phrase>
</ptxt>
</item>
</list1>
<diaglist>
<dgraphic>
<dgraphic2>
<graphic id="KC07307536">
<href>0900c8af80054d4#@#@#9#.jpeg</href>
</graphic>
<smarttool active="press" id="KC07307537" toolname="VDCDAH"/>
</dgraphic2>
</dgraphic>
<ditem>
<ditemtext>
<ptxt>
<phrase category="" id="KC07307538" phrase-urn="urn:x-nevis:phrase:0800c8af81aa8f35"/>
</ptxt>
</ditemtext>
</ditem>
</diaglist>
<grate>
<graphic id="KC07307539">
<href>0900c8af80058ba#@#@#9#.jpeg</href>
</graphic>
</grate>
</test2>
</test1>
<question>Press Continue.</question>
<resact-grp>
<result button="cont" comp="button" highlight="0"/>
<action j2008use="1" paperuse="1" screenuse="1">
<ptxt>
<xref>
<ref id="KC07307540"/>
</xref>
</ptxt>
</action>
</resact-grp>
</node>
</testgrp>
<testgrp id="KC01400943" j2008use="1" paperuse="1" resumable="1" screenuse="1" testgrp-id="verif" x="280" y="80">
<title>
<phrase category="" id="KC07307541" phrase-urn="urn:x-nevis:phrase:0800c8af81aa8f36">Verification</phrase>
</title>
<subcalloutnode>
<diagcallout>
<xref>
<ref id="KC07307542"/>
</xref>
</diagcallout>
<rescall-grp>
<result comp="string" highlight="0" op="eq" return="VERIFICATION FAILED"/>
<calloutaction>
<ptxt>
<xref>
<ref id="KC07307543"/>
</xref>
</ptxt>
</calloutaction>
</rescall-grp>
<rescall-grp>
<result comp="string" highlight="0" op="eq" return="VERIFIED"/>
<calloutaction>
<return value="FAULT FOUND"/>
</calloutaction>
</rescall-grp>
</subcalloutnode>
</testgrp>
<testgrp id="KC01400944" j2008use="1" paperuse="1" resumable="1" screenuse="1" testgrp-id="info1" x="440" y="80">
<title>
<phrase category="" id="KC07307544" phrase-urn="urn:x-nevis:phrase:0800c8af81aa8f37">Trouble-shootin#@#@#8#ation</phrase>
</title>
<subcalloutnode>
<diagcallout>
<xref>
<ref id="KC07307545"/>
</xref>
</diagcallout>
<rescall-grp>
<result comp="string" highlight="0" op="eq" return="NEW TRY"/>
<calloutaction>
<ptxt>
<xref>
<ref id="KC07307546"/>
</xref>
</ptxt>
</calloutaction>
</rescall-grp>
<rescall-grp>
<result comp="string" highlight="0" op="eq" return="FAULTTRACING FAILED"/>
<calloutaction>
<return value="FAULT NOT FOUND"/>
</calloutaction>
</rescall-grp>
</subcalloutnode>
</testgrp>
</diagnostic>
</servinfosub>