<?xml version="1.0" encoding="UTF-8"?><servinfosub IE-ID="en-US0900c8af85421404" docno="VCC-429854" id="nev17007442n1" xml:lang="en-US">
<title>
<phrase category="" id="nev17007442n2" phrase-urn="urn:x-nevis:phrase:0800c8af81da9793">Faulty signal</phrase>
</title>
<diagnostic j2008use="1" layout="0" paperuse="1" screenuse="1" type="test">
<testgrp IE-ID="en-US0900c8af85421404_nev17007442n3" id="nev17007442n3" j2008use="1" paperuse="1" resumable="1" screenuse="1" testgrp-id="node1" x="120" y="80">
<title>
<phrase category="" id="nev17007442n4" phrase-urn="urn:x-nevis:phrase:0800c8af81da9794">Checking the co#@#@#54#ensor</phrase>
</title>
<node>
<test1>
<diaglist>
<dgraphic>
<dgraphic1>
<graphic id="nev17007442n5">
<href>0900c8af80054d5#@#@#9#.jpeg</href>
</graphic>
</dgraphic1>
<dgraphic2>
<graphic id="nev17007442n6">
<href>0900c8af80054d7#@#@#9#.jpeg</href>
</graphic>
</dgraphic2>
</dgraphic>
<ditem>
<ptxt>
<phrase category="" id="nev17007442n7" phrase-urn="urn:x-nevis:phrase:0800c8af81da9795">Ignition off</phrase>
</ptxt>
</ditem>
<ditem>
<ptxt>
<phrase category="" id="nev17007442n8" phrase-urn="urn:x-nevis:phrase:0800c8af81da9796">Check the conne#@#@#106#ation</phrase>
</ptxt>
<note id="nev17007442n9">
<ptxt id="nev17007442n10">
<phrase category="Faulttracing" id="nev17007443n1" phrase-urn="urn:x-nevis:phrase:0800c8af826b5deb">Check to see if#@#@#57#lled.</phrase>
<phrase category="Faulttracing" id="nev17007443n2" phrase-urn="urn:x-nevis:phrase:0800c8af82a68a46">A defective lea#@#@#37#owed.</phrase>
</ptxt>
<ptxt id="nev17007443n3">
<phrase category="Faulttracing" id="nev17007443n4" phrase-urn="urn:x-nevis:phrase:0800c8af8281bcf8">For information#@#@#16#ting:</phrase>
<xref id="nev17007443n5">
<ref id="nev17007443n6"/>
</xref>
</ptxt>
</note>
</ditem>
<ditem>
<ptxt>
<phrase category="" id="nev17007443n7" phrase-urn="urn:x-nevis:phrase:0800c8af81da9797">Reinstall the c#@#@#23#etc. </phrase>
</ptxt>
</ditem>
<ditem>
<ptxt>
<phrase category="" id="nev17007443n8" phrase-urn="urn:x-nevis:phrase:0800c8af81da9798">Raise the car s#@#@#44#ound </phrase>
</ptxt>
</ditem>
<ditem>
<ptxt>
<phrase category="" id="nev17007443n9" phrase-urn="urn:x-nevis:phrase:0800c8af81da9799">Ignition on</phrase>
</ptxt>
</ditem>
<ditem>
<ptxt>
<phrase category="" id="nev17007443n10" phrase-urn="urn:x-nevis:phrase:0800c8af81da979a">Read off the wh#@#@#28#heel.</phrase>
</ptxt>
</ditem>
</diaglist>
<test2>
<para>
<ptxt>
<phrase category="" id="nev17007444n1" phrase-urn="urn:x-nevis:phrase:0800c8af81da979b">Spin the releva#@#@#47#ted. </phrase>
</ptxt>
<ptxt>
<phrase category="" id="nev17007444n2" phrase-urn="urn:x-nevis:phrase:0800c8af81da979c">If the wheel sp#@#@#124#nsor.</phrase>
</ptxt>
</para>
<note>
<ptxt>
<phrase category="" id="nev17007444n3" phrase-urn="urn:x-nevis:phrase:0800c8af81da979d">The speed signa#@#@#88#sary.</phrase>
</ptxt>
</note>
<list1 enumtype="d" type="unordered">
<title>
<phrase category="" id="nev17007444n4" phrase-urn="urn:x-nevis:phrase:0800c8af81da979e">Other information</phrase>
</title>
<item>
<ptxt>
<phrase category="" id="nev17007444n5" phrase-urn="urn:x-nevis:phrase:0800c8af81da979f">
<xref>
<ref id="KC08233977"/>
</xref>
</phrase>
</ptxt>
</item>
<item>
<ptxt>
<phrase category="" id="nev17007444n7" phrase-urn="urn:x-nevis:phrase:0800c8af81da97a0">
<xref>
<ref id="KC08233979"/>
</xref>
</phrase>
</ptxt>
</item>
<item>
<ptxt>
<phrase category="" id="nev17007444n9" phrase-urn="urn:x-nevis:phrase:0800c8af81da97a1">
<xref>
<ref id="KC08233981"/>
</xref>
</phrase>
</ptxt>
</item>
<item>
<ptxt>
<phrase category="" id="nev17007445n1" phrase-urn="urn:x-nevis:phrase:0800c8af81da97a2">
<xref>
<ref id="KC08233983"/>
</xref>
</phrase>
</ptxt>
</item>
<item id="nev17007445n3">
<ptxt id="nev17007445n4">
<xref id="nev17007452n100">
<ref id="l1302179972479"/>
</xref>
</ptxt>
</item>
</list1>
<diaglist>
<dgraphic>
<dgraphic2>
<graphic id="nev17007445n7">
<href>0900c8af86c8681#@#@#9#.jpeg</href>
</graphic>
<smarttool active="press" id="nev17007445n8" toolname="YBCMA601"/>
</dgraphic2>
</dgraphic>
</diaglist>
</test2>
</test1>
<question>
Is the wheel s#@#@#9#ted?
</question>
<resact-grp>
<result button="yes" comp="button" highlight="0"/>
<action j2008use="1" paperuse="1" screenuse="1">
<return value="FAULT FOUND"/>
</action>
</resact-grp>
<resact-grp>
<result button="no" comp="button" highlight="0"/>
<action j2008use="1" paperuse="1" screenuse="1">
<ptxt>
<xref>
<ref id="nev17007445n10"/>
</xref>
</ptxt>
</action>
</resact-grp>
</node>
</testgrp>
<testgrp id="nev17007446n1" j2008use="1" paperuse="1" resumable="1" screenuse="1" testgrp-id="node2" x="120" y="160">
<title>
<phrase category="" id="nev17007446n2" phrase-urn="urn:x-nevis:phrase:0800c8af81da97a4">Checking the wi#@#@#11#nsors</phrase>
</title>
<node>
<test1>
<note id="nev17007446n3">
<ptxt id="nev17007446n4">
<phrase category="Faulttracing" id="nev17007446n5" phrase-urn="urn:x-nevis:phrase:0800c8af826b5deb">Check to see if#@#@#57#lled.</phrase>
<phrase category="Faulttracing" id="nev17007446n6" phrase-urn="urn:x-nevis:phrase:0800c8af82a68a46">A defective lea#@#@#37#owed.</phrase>
</ptxt>
<ptxt id="nev17007446n7">
<phrase category="Faulttracing" id="nev17007446n8" phrase-urn="urn:x-nevis:phrase:0800c8af8281bcf8">For information#@#@#16#ting:</phrase>
<xref id="nev17007446n9">
<ref id="nev17007446n10"/>
</xref>
</ptxt>
</note>
<diaglist>
<dgraphic>
<dgraphic1>
<graphic id="nev17007447n1">
<href>0900c8af80054d4#@#@#9#.jpeg</href>
</graphic>
</dgraphic1>
<dgraphic2>
<graphic id="nev17007447n2">
<href>0900c8af80054d7#@#@#9#.jpeg</href>
</graphic>
</dgraphic2>
</dgraphic>
</diaglist>
<test2>
<para>
<ptxt>
<phrase category="" id="nev17007447n3" phrase-urn="urn:x-nevis:phrase:0800c8af81da97a5">
<emph>Checking the po#@#@#5#upply</emph>
</phrase>
</ptxt>
<ptxt>
<phrase category="" id="nev17007447n4" phrase-urn="urn:x-nevis:phrase:0800c8af81da97a6">Check the signa#@#@#42#BCM) </phrase>
</ptxt>
</para>
<list1 enumtype="d" type="unordered">
<item>
<ptxt>
<phrase category="" id="nev17007447n5" phrase-urn="urn:x-nevis:phrase:0800c8af81da97a7">terminal #45 (##@#@#12#ront)</phrase>
</ptxt>
</item>
<item>
<ptxt>
<phrase category="" id="nev17007447n6" phrase-urn="urn:x-nevis:phrase:0800c8af81da97a8">#34 (#A34) (rig#@#@#5#ont).</phrase>
</ptxt>
</item>
</list1>
<para>
<ptxt>
<phrase category="" id="nev17007447n7" phrase-urn="urn:x-nevis:phrase:0800c8af81da97a9">and terminal #1#@#@#128#tage.</phrase>
</ptxt>
</para>
<para>
<ptxt>
<phrase category="" id="nev17007447n8" phrase-urn="urn:x-nevis:phrase:0800c8af81da97aa">
<emph>Checking the si#@#@#5#cable</emph>
</phrase>
</ptxt>
<ptxt>
<phrase category="" id="nev17007447n9" phrase-urn="urn:x-nevis:phrase:0800c8af81da97ab">Check the signa#@#@#41#(BCM)</phrase>
</ptxt>
</para>
<list1 enumtype="d" type="unordered">
<item>
<ptxt>
<phrase category="" id="nev17007447n10" phrase-urn="urn:x-nevis:phrase:0800c8af81da97ac">terminal #46 (##@#@#12#ront)</phrase>
</ptxt>
</item>
<item>
<ptxt>
<phrase category="" id="nev17007448n1" phrase-urn="urn:x-nevis:phrase:0800c8af81da97ad">#33 (#A33) (rig#@#@#5#ont).</phrase>
</ptxt>
</item>
</list1>
<para>
<ptxt>
<phrase category="" id="nev17007448n2" phrase-urn="urn:x-nevis:phrase:0800c8af81da97ae">and terminal #2#@#@#128#tage.</phrase>
</ptxt>
</para>
<para>
<ptxt>
<phrase category="" id="nev17007448n3" phrase-urn="urn:x-nevis:phrase:0800c8af81da97af">Remedy as necessary.</phrase>
</ptxt>
</para>
<list1 enumtype="d" type="unordered">
<title>
<phrase category="" id="nev17007448n4" phrase-urn="urn:x-nevis:phrase:0800c8af81da97b0">Other information:</phrase>
</title>
<item>
<ptxt>
<phrase category="" id="nev17007448n5" phrase-urn="urn:x-nevis:phrase:0800c8af81da97b1">
<xref>
<ref id="KC08234004"/>
</xref>
</phrase>
</ptxt>
</item>
<item>
<ptxt>
<phrase category="" id="nev17007448n7" phrase-urn="urn:x-nevis:phrase:0800c8af81da97b2">
<xref>
<ref id="KC08234006"/>
</xref>
</phrase>
</ptxt>
</item>
<item>
<ptxt>
<phrase category="" id="nev17007448n9" phrase-urn="urn:x-nevis:phrase:0800c8af81da97b3">
<xref>
<ref id="KC08234008"/>
</xref>
</phrase>
</ptxt>
</item>
<item>
<ptxt>
<phrase category="" id="nev17007449n1" phrase-urn="urn:x-nevis:phrase:0800c8af81da97b4">
<xref>
<ref id="KC08234010"/>
</xref>
</phrase>
</ptxt>
</item>
<item>
<ptxt>
<phrase category="" id="nev17007449n3" phrase-urn="urn:x-nevis:phrase:0800c8af81da97b5">
<xref>
<ref id="KC08234012"/>
</xref>
</phrase>
</ptxt>
</item>
<item>
<ptxt>
<phrase category="" id="nev17007449n5" phrase-urn="urn:x-nevis:phrase:0800c8af81da97b6">
<xref>
<ref id="KC08234014"/>
</xref>
</phrase>
</ptxt>
</item>
<item id="nev17007449n7">
<ptxt id="nev17007449n8">
<xref id="nev17007452n98">
<ref id="l1302179994230"/>
</xref>
</ptxt>
</item>
</list1>
<diaglist>
<dgraphic>
<dgraphic1>
<graphic id="nev17007450n1">
<href>0900c8af80a53ae#@#@#9#.jpeg</href>
</graphic>
</dgraphic1>
<dgraphic2>
<graphic id="nev17007450n2">
<href>0900c8af80054d4#@#@#9#.jpeg</href>
</graphic>
<smarttool active="press" id="nev17007450n3" toolname="ODAH"/>
</dgraphic2>
</dgraphic>
</diaglist>
</test2>
</test1>
<question>
Select Continue.
</question>
<resact-grp>
<result button="cont" comp="button" highlight="0"/>
<action j2008use="1" paperuse="1" screenuse="1">
<ptxt>
<xref>
<ref id="nev17007450n5"/>
</xref>
</ptxt>
</action>
</resact-grp>
</node>
</testgrp>
<testgrp id="nev17007450n6" j2008use="1" paperuse="1" resumable="1" screenuse="1" testgrp-id="veri1" x="120" y="280">
<title>
<phrase category="" id="nev17007450n7" phrase-urn="urn:x-nevis:phrase:0800c8af81da97b8">Verification</phrase>
</title>
<subcalloutnode>
<diagcallout>
<xref>
<ref id="nev17007450n8"/>
</xref>
</diagcallout>
<rescall-grp>
<result comp="string" highlight="0" op="eq" return="VERIFIED"/>
<calloutaction>
<return value="FAULT FOUND"/>
</calloutaction>
</rescall-grp>
<rescall-grp>
<result comp="string" highlight="0" op="eq" return="VERIFICATION FAILED"/>
<calloutaction>
<ptxt>
<xref>
<ref id="nev17007450n9"/>
</xref>
</ptxt>
</calloutaction>
</rescall-grp>
</subcalloutnode>
</testgrp>
<testgrp id="nev17007450n10" j2008use="1" paperuse="0" resumable="1" screenuse="1" testgrp-id="info1" x="120" y="400">
<title>
<phrase category="" id="nev17007451n1" phrase-urn="urn:x-nevis:phrase:0800c8af81da97b9">Fault-tracing i#@#@#5#ation</phrase>
</title>
<subcalloutnode>
<diagcallout>
<xref>
<ref id="nev17007451n2"/>
</xref>
</diagcallout>
<rescall-grp>
<result comp="string" highlight="0" op="eq" return="FAULTTRACING FAILED"/>
<calloutaction>
<return value="FAULTTRACING FAILED"/>
</calloutaction>
</rescall-grp>
<rescall-grp>
<result comp="string" highlight="0" op="eq" return="NEW TRY"/>
<calloutaction>
<ptxt>
<xref>
<ref id="nev17007451n3"/>
</xref>
</ptxt>
</calloutaction>
</rescall-grp>
</subcalloutnode>
</testgrp>
</diagnostic>
</servinfosub>