<?xml version="1.0" encoding="UTF-8"?><servinfosub IE-ID="en-US0900c8af806a8404" docno="VCC-109321" id="KC02244098" xml:lang="en-US">
<title>
<phrase category="" id="KC08671589" phrase-urn="urn:x-nevis:phrase:0800c8af81e1ff9b">Signal too high#@#@#31#fault</phrase>
</title>
<diagnostic type="test">
<testgrp IE-ID="en-US0900c8af806a8404_KC02245861" id="KC02245861" j2008use="1" paperuse="1" resumable="1" screenuse="1" testgrp-id="aaa3" x="120" y="160">
<title>
<phrase category="" id="KC08671590" phrase-urn="urn:x-nevis:phrase:0800c8af81e1ffb9">Checking the si#@#@#4# wire</phrase>
</title>
<node>
<test1>
<test2>
<ptxt>
<phrase category="" id="KC08671591" phrase-urn="urn:x-nevis:phrase:0800c8af81e1ffd7">Check the wire #@#@#113#d in <xref>
<ref id="KC08671592"/>
</xref>.</phrase>
</ptxt>
<note>
<ptxt>
<phrase category="" id="KC08671593" phrase-urn="urn:x-nevis:phrase:0800c8af81e1fff4">With ignition o#@#@#141# 8 V.</phrase>
</ptxt>
</note>
<list1 enumtype="d" type="unordered">
<title>
<phrase category="" id="KC08671594" phrase-urn="urn:x-nevis:phrase:0800c8af81e2000e">Additional info#@#@#2#ation</phrase>
</title>
<item>
<ptxt>
<phrase category="" id="KC08671595" phrase-urn="urn:x-nevis:phrase:0800c8af81e20029">To connect the #@#@#9# see <xref>
<ref id="KC08671596"/>
</xref>.</phrase>
</ptxt>
</item>
<item>
<ptxt>
<phrase category="" id="KC08671597" phrase-urn="urn:x-nevis:phrase:0800c8af81e20042">For information#@#@#12# see <xref>
<ref id="KC08671598"/>
</xref>.</phrase>
</ptxt>
</item>
</list1>
<diaglist>
<dgraphic>
<dgraphic1>
<graphic id="KC08671599">
<href>0900c8af80054d6#@#@#9#.jpeg</href>
</graphic>
</dgraphic1>
<dgraphic2>
<graphic id="KC08671600">
<href>0900c8af80054d4#@#@#9#.jpeg</href>
</graphic>
<smarttool active="press" id="KC08671601" toolname="VDCDAH"/>
</dgraphic2>
</dgraphic>
<ditem>
<ditemtext>
<ptxt>
<phrase category="" id="KC08671602" phrase-urn="urn:x-nevis:phrase:0800c8af81e20060"/>
</ptxt>
</ditemtext>
</ditem>
</diaglist>
</test2>
</test1>
<question>Is there a fault?</question>
<resact-grp>
<result button="yes" comp="button" highlight="0"/>
<action j2008use="1" paperuse="1" screenuse="1">
<ptxt>
<xref>
<ref id="KC08671603"/>
</xref>
</ptxt>
</action>
</resact-grp>
<resact-grp>
<result button="no" comp="button" highlight="0"/>
<action j2008use="1" paperuse="1" screenuse="1">
<ptxt>
<xref>
<ref id="KC08671604"/>
</xref>
</ptxt>
</action>
</resact-grp>
</node>
</testgrp>
<testgrp id="KC02245862" j2008use="1" paperuse="1" resumable="1" screenuse="1" testgrp-id="aaa3-1" x="280" y="160">
<title>
<phrase category="" id="KC08671605" phrase-urn="urn:x-nevis:phrase:0800c8af81e2007c">Replacing the c#@#@#3#onent</phrase>
</title>
<node>
<test1>
<test2>
<ptxt>
<phrase category="" id="KC08671606" phrase-urn="urn:x-nevis:phrase:0800c8af81e20096">Test with a new#@#@#19#elay.</phrase>
</ptxt>
<grate>
<graphic id="KC08671607">
<href>0900c8af803f8b7#@#@#9#.jpeg</href>
</graphic>
</grate>
</test2>
</test1>
<question/>
<resact-grp>
<result button="cont" comp="button" highlight="0"/>
<action j2008use="1" paperuse="1" screenuse="1">
<ptxt>
<xref>
<ref id="KC08671608"/>
</xref>
</ptxt>
</action>
</resact-grp>
</node>
</testgrp>
<testgrp id="KC02245863" j2008use="1" paperuse="1" resumable="1" screenuse="1" testgrp-id="veri" x="440" y="80">
<title>
<phrase category="" id="KC08671609" phrase-urn="urn:x-nevis:phrase:0800c8af81e200b3">Verification</phrase>
</title>
<subcalloutnode>
<diagcallout>
<xref>
<ref id="KC08671610"/>
</xref>
</diagcallout>
<rescall-grp>
<result comp="string" highlight="0" op="eq" return="VERIFIED"/>
<calloutaction>
<return value="FAULT FOUND"/>
</calloutaction>
</rescall-grp>
<rescall-grp>
<result comp="string" highlight="0" op="eq" return="VERIFICATION FAILED"/>
<calloutaction>
<ptxt>
<xref>
<ref id="KC08671611"/>
</xref>
</ptxt>
</calloutaction>
</rescall-grp>
</subcalloutnode>
</testgrp>
<testgrp id="KC02245864" j2008use="1" paperuse="1" resumable="1" screenuse="1" testgrp-id="info1" x="600" y="80">
<title>
<phrase category="" id="KC08671612" phrase-urn="urn:x-nevis:phrase:0800c8af81e200ca">Trouble-shootin#@#@#8#ation</phrase>
</title>
<subcalloutnode>
<diagcallout>
<xref>
<ref id="KC08671613"/>
</xref>
</diagcallout>
<rescall-grp>
<result comp="string" highlight="0" op="eq" return="NEW TRY"/>
<calloutaction>
<ptxt>
<xref>
<ref id="KC08671614"/>
</xref>
</ptxt>
</calloutaction>
</rescall-grp>
<rescall-grp>
<result comp="string" highlight="0" op="eq" return="FAULTTRACING FAILED"/>
<calloutaction>
<return value="FAULTTRACING FAILED"/>
</calloutaction>
</rescall-grp>
</subcalloutnode>
</testgrp>
</diagnostic>
</servinfosub>