<?xml version="1.0" encoding="UTF-8"?><servinfosub IE-ID="en-US0900c8af8090f70c" docno="VCC-105241" id="KC02474101" xml:lang="en-US">
<title>
<phrase category="" id="KC08661694" phrase-urn="urn:x-nevis:phrase:0800c8af81dfc6a1">Checking three-#@#@#43#ystem</phrase>
</title>
<diagnostic type="test">
<testgrp IE-ID="en-US0900c8af8090f70c_KC02621209" id="KC02621209" j2008use="1" paperuse="1" resumable="1" screenuse="1" testgrp-id="node1" x="200" y="40">
<title>
<phrase category="" id="KC08661695" phrase-urn="urn:x-nevis:phrase:0800c8af81dfc6a2">Checking three-#@#@#43#ystem</phrase>
</title>
<node>
<test1>
<diaglist>
<ditem>
<ptxt>
<phrase category="" id="KC08661696" phrase-urn="urn:x-nevis:phrase:0800c8af81dfc6a3">Check the three#@#@#68#ents.</phrase>
</ptxt>
</ditem>
<ditem>
<ptxt>
<phrase category="" id="KC08661697" phrase-urn="urn:x-nevis:phrase:0800c8af81dfc6a4">Replace blocked#@#@#20#sary.</phrase>
</ptxt>
</ditem>
</diaglist>
<test2>
<grate>
<graphic id="KC08661698">
<href>0900c8af801204d#@#@#9#.jpeg</href>
</graphic>
</grate>
</test2>
</test1>
<question>Was a fault det#@#@#1#cted?</question>
<resact-grp>
<result button="yes" comp="button" highlight="0"/>
<action j2008use="1" paperuse="1" screenuse="1">
<return value="FAULT FOUND"/>
</action>
</resact-grp>
<resact-grp>
<result button="no" comp="button" highlight="0"/>
<action j2008use="1" paperuse="1" screenuse="1">
<return value="FAULT NOT FOUND"/>
</action>
</resact-grp>
</node>
</testgrp>
</diagnostic>
</servinfosub>