<?xml version="1.0" encoding="UTF-8"?><diagnostic IE-ID="en-US0900c8af846fb70c" docno="VCC-154536" id="KC02789949" j2008use="1" layout="0" paperuse="1" screenuse="1" type="test" xml:lang="en-US">
<title>
<phrase category="Title" id="nev14103391n1" phrase-urn="urn:x-nevis:phrase:0800c8af81eb9dd1">Verification</phrase>
</title>
<testgrp IE-ID="en-US0900c8af846fb70c_KC02789955" id="KC02789955" j2008use="1" paperuse="1" resumable="1" screenuse="1" testgrp-id="verifnode" x="100" y="120">
<title>
<phrase category="Title" id="nev14103401n1" phrase-urn="urn:x-nevis:phrase:0800c8af81eb9dd1">Verification</phrase>
</title>
<node>
<test1>
<hint>
<ptxt id="nev14102046n100">
<phrase category="Preparatory" id="nev14103392n1" phrase-urn="urn:x-nevis:phrase:0800c8af81eb9729">After carrying #@#@#50#died.</phrase>
</ptxt>
</hint>
<diaglist>
<dgraphic>
<dgraphic1>
<graphic id="KC09491819">
<href>0900c8af80054d3#@#@#9#.jpeg</href>
</graphic>
</dgraphic1>
</dgraphic>
<ditem>
<ptxt id="nev14102046n98">
<phrase category="Preparatory" id="nev14103393n1" phrase-urn="urn:x-nevis:phrase:0800c8af83d8b9fa">Ignition on or #@#@#10#ning.</phrase>
</ptxt>
</ditem>
<ditem>
<ptxt id="nev14102046n96">
<phrase category="Faulttracing" id="nev14103394n1" phrase-urn="urn:x-nevis:phrase:0800c8af81eab102">Activate the to#@#@#81#tion.</phrase>
</ptxt>
</ditem>
</diaglist>
<test2>
<para>
<ptxt id="nev14102046n94">
<phrase category="Faulttracing" id="nev14103396n1" phrase-urn="urn:x-nevis:phrase:0800c8af81eab432">Check the read #@#@#74#ower.</phrase>
</ptxt>
<ptxt id="nev14102046n92">
<phrase category="Faulttracing" id="nev14103397n1" phrase-urn="urn:x-nevis:phrase:0800c8af81eab49f">A lower ranking#@#@#45#died.</phrase>
<phrase category="Faulttracing" id="nev14103398n1" phrase-urn="urn:x-nevis:phrase:0800c8af82264d23">The same or a h#@#@#40#ains.</phrase>
</ptxt>
</para>
<diaglist>
<dgraphic>
<dgraphic2>
<graphic id="KC09491824">
<href>0900c8af86c8681#@#@#9#.jpeg</href>
</graphic>
<smarttool active="press" id="KC09491825" toolname="YECM2073"/>
</dgraphic2>
</dgraphic>
</diaglist>
</test2>
</test1>
<question>
Do the ranking#@#@#46#ied?
</question>
<resact-grp>
<result button="yes" comp="button" highlight="0"/>
<action j2008use="1" paperuse="1" screenuse="1">
<return value="VERIFIED"/>
</action>
</resact-grp>
<resact-grp>
<result button="no" comp="button" highlight="0"/>
<action j2008use="1" paperuse="1" screenuse="1">
<return value="VERIFICATION FAILED"/>
</action>
</resact-grp>
</node>
</testgrp>
</diagnostic>