<?xml version="1.0" encoding="UTF-8"?><servinfosub IE-ID="en-US0900c8af8249970c" docno="VCC-163177" id="KC07191494" xml:lang="en-US">
<title id="nev10679989n1">Bulb headlamp, #@#@#4#acing</title>
<procedure id="nev10679989n3">
<note id="nev10679989n5">
<ptxt id="nev10679989n7">The illustratio#@#@#176#rect.</ptxt>
</note>
<stepgrp id="KC07263478">
<title id="nev10679989n9">Other information</title>
<procstep id="KC07263479">
<title id="nev10679989n11"/>
<para id="nev10679989n13">
<ptxt id="nev10679989n15">To replace the #@#@#14# see <xref id="nev10679989n17">
<ref id="KC07263499"/>
</xref>.</ptxt>
</para>
</procstep>
<procstep id="KC07263480">
<title id="nev10679989n23">Method content</title>
<list1 enumtype="d" id="nev10679989n25" type="unordered">
<title id="nev10679989n27">This method con#@#@#4#s of:</title>
<item id="nev10679989n29">
<ptxt id="nev10679989n31">
<xref id="nev10679989n33">
<ref id="KC07263500"/>
</xref>
</ptxt>
</item>
<item id="nev10679989n39">
<ptxt id="nev10679989n41">
<xref id="nev10679989n43">
<ref id="KC07263501"/>
</xref>
</ptxt>
</item>
<item id="nev10679989n49">
<ptxt id="nev10679989n51">
<xref id="nev10679989n53">
<ref id="KC07263502"/>
</xref>
</ptxt>
</item>
<item id="nev10679989n59">
<ptxt id="nev10679989n61">
<xref id="nev10679989n63">
<ref id="KC07263503"/>
</xref>
</ptxt>
</item>
<item id="nev10679989n69">
<ptxt id="nev10679989n71">
<xref id="nev10679989n73">
<ref id="KC07263504"/>
</xref>
</ptxt>
</item>
</list1>
</procstep>
</stepgrp>
<stepgrp id="KC07263481">
<title id="nev10679989n79">Preparatory work</title>
<procstep id="KC07263482">
<title id="nev10679989n81">Ignition off</title>
<grate id="nev10679989n83">
<graphic id="KC07263505">
<href>0900c8af80057a7#@#@#11#.jpeg</href>
</graphic>
<graphtext id="nev10679989n89">
<para id="nev10679989n91">
<ptxt id="nev10679989n93">Ignition off.</ptxt>
</para>
<para id="nev10679989n95">
<ptxt id="nev10679989n97">Switch off the #@#@#11#itch.</ptxt>
</para>
</graphtext>
</grate>
</procstep>
<procstep id="KC07263483">
<title id="nev10679989n99">Location of com#@#@#2#nents</title>
<grate id="nev10679989n101">
<graphic id="KC07263506">
<href>0900c8af817a7cd#@#@#9#.jpeg</href>
</graphic>
<graphtext id="nev10679989n107">
<list1 enumtype="n" id="nev10679989n109" type="ordered">
<item id="nev10679989n111">
<ptxt id="nev10679989n113">Turn signal lamps</ptxt>
</item>
<item id="nev10679989n115">
<ptxt id="nev10679989n117">Parking lamps, #@#@#35#amps </ptxt>
</item>
<item id="nev10679989n119">
<ptxt id="nev10679989n121">Parking lamps, #@#@#43#amps </ptxt>
</item>
<item id="nev10679989n123">
<ptxt id="nev10679989n125">Dipped beam</ptxt>
</item>
<item id="nev10679989n127">
<ptxt id="nev10679989n129">Main beam</ptxt>
</item>
<item id="nev10679989n131">
<ptxt id="nev10679989n133">Sidemarker lamp#@#@#3#ront.</ptxt>
</item>
</list1>
</graphtext>
</grate>
</procstep>
</stepgrp>
<stepgrp id="KC07263484">
<title id="nev10679989n135">Bulb headlamp, #@#@#4#acing</title>
<procstep id="nev10679989n147">
<title id="nev10679989n148">Removing air fi#@#@#7#using</title>
<grate id="nev10680059n165">
<graphic id="nev10680059n166">
<href>0900c8af8249973#@#@#9#.jpeg</href>
</graphic>
<graphtext id="nev10680221n68">
<para id="nev10680223n35">
<ptxt id="nev10680223n36">Detach the air #@#@#69#side.</ptxt>
</para>
</graphtext>
</grate>
</procstep>
<procstep id="KC07263485">
<title id="nev10679989n149">Removing the bu#@#@#6# beam</title>
<note id="nev10695128n41">
<ptxt id="nev10695128n42">For vehicles wi#@#@#18# see <xref id="nev10695128n43">
<ref id="nev10695128n44"/>
</xref>. </ptxt>
</note>
<grate id="nev10679989n151">
<graphic id="KC07263508">
<href>0900c8af817a7cf#@#@#11#.jpeg</href>
</graphic>
<graphtext id="nev10679989n157">
<list1 enumtype="d" id="nev10679989n159" type="unordered">
<title id="nev10679989n161">Remove:</title>
<item id="nev10679989n163">
<ptxt id="nev10679989n165">the cover</ptxt>
</item>
<item id="nev10679989n167">
<ptxt id="nev10679989n169">the connector</ptxt>
</item>
<item id="nev10679989n171">
<ptxt id="nev10679989n173">the spring clip#@#@#50#wards</ptxt>
</item>
<item id="nev10679989n175">
<ptxt id="nev10679989n177">the bulb.</ptxt>
</item>
</list1>
</graphtext>
</grate>
</procstep>
<procstep id="KC07263486">
<title id="nev10679989n179">Installing bulb#@#@#4# beam</title>
<hint id="nev10680227n168">
<ptxt id="nev10680230n135">Look through th#@#@#36#lamp.</ptxt>
</hint>
<list1 enumtype="d" id="nev10679989n181" type="unordered">
<title id="nev10679989n183">Install:</title>
<item id="nev10679989n185">
<ptxt id="nev10679989n187">the bulb</ptxt>
</item>
<item id="nev10679989n189">
<ptxt id="nev10679989n191">the spring clip</ptxt>
</item>
<item id="nev10679989n193">
<ptxt id="nev10679989n195">the connector</ptxt>
</item>
<item id="nev10679989n197">
<ptxt id="nev10679989n199">the cover.</ptxt>
</item>
</list1>
</procstep>
</stepgrp>
<stepgrp id="KC07263487">
<title id="nev10679989n201">Bulb high beam,#@#@#5#acing</title>
<procstep id="KC07263488">
<title id="nev10679989n203">Removing bulb h#@#@#3# beam</title>
<grate id="nev10679989n205">
<graphic id="KC07263509">
<href>0900c8af817a7cd#@#@#11#.jpeg</href>
</graphic>
<graphtext id="nev10679989n211">
<list1 enumtype="d" id="nev10679989n213" type="unordered">
<title id="nev10679989n215">Remove:</title>
<item id="nev10679989n217">
<ptxt id="nev10679989n219">the cover</ptxt>
</item>
<item id="nev10679989n221">
<ptxt id="nev10679989n223">the bulb by pre#@#@#16#ng it</ptxt>
</item>
<item id="nev10679989n225">
<ptxt id="nev10679989n227">the connector.</ptxt>
</item>
</list1>
</graphtext>
</grate>
</procstep>
<procstep id="KC07263489">
<title id="nev10679989n229">Installing the #@#@#9# beam</title>
<list1 enumtype="d" id="nev10679989n231" type="unordered">
<title id="nev10679989n233">Install:</title>
<item id="nev10679989n235">
<ptxt id="nev10679989n237">the connector</ptxt>
</item>
<item id="nev10679989n239">
<ptxt id="nev10679989n241">the bulb, turn</ptxt>
</item>
<item id="nev10679989n243">
<ptxt id="nev10679989n245">the cover.</ptxt>
</item>
</list1>
</procstep>
</stepgrp>
<stepgrp id="KC07263490">
<title id="nev10679989n247">Bulb parking la#@#@#27#acing</title>
<procstep id="KC07263491">
<title id="nev10679989n249">Removing bulb p#@#@#26#amps </title>
<grate id="nev10679993n1">
<graphic id="KC07263510">
<href>0900c8af817a7d0#@#@#11#.jpeg</href>
</graphic>
<graphtext id="nev10679993n7">
<hint id="nev10679993n9">
<ptxt id="nev10679993n11">Use round-nosed#@#@#43#cess.</ptxt>
</hint>
<list1 enumtype="d" id="nev10679993n13" type="unordered">
<title id="nev10679993n15">Remove:</title>
<item id="nev10679993n17">
<ptxt id="nev10679993n19">the cover</ptxt>
</item>
<item id="nev10679993n21">
<ptxt id="nev10679993n23">the bulb holder#@#@#46#lling</ptxt>
</item>
<item id="nev10679993n25">
<ptxt id="nev10679993n27">the bulb.</ptxt>
</item>
</list1>
</graphtext>
</grate>
</procstep>
<procstep id="KC07263492">
<title id="nev10679993n29">Installing bulb#@#@#28#amps </title>
<list1 enumtype="d" id="nev10679993n31" type="unordered">
<title id="nev10679993n33">Install:</title>
<item id="nev10679993n35">
<ptxt id="nev10679993n37">the bulb</ptxt>
</item>
<item id="nev10679993n39">
<ptxt id="nev10679993n41">the bulb holder</ptxt>
</item>
<item id="nev10679993n43">
<ptxt id="nev10679993n45">the cover.</ptxt>
</item>
</list1>
</procstep>
</stepgrp>
<stepgrp id="KC07263493">
<title id="nev10679993n47">Bulb parking la#@#@#27#acing</title>
<procstep id="KC07263494">
<title id="nev10679993n49">Removing bulb p#@#@#27#amps </title>
<grate id="nev10679993n51">
<graphic id="KC07263511">
<href>0900c8af817a7d1#@#@#11#.jpeg</href>
</graphic>
<graphtext id="nev10679993n57">
<hint id="nev10679993n59">
<ptxt id="nev10679993n61">Use round-nosed#@#@#43#cess.</ptxt>
</hint>
<list1 enumtype="d" id="nev10679993n63" type="unordered">
<title id="nev10679993n65">Remove:</title>
<item id="nev10679993n67">
<ptxt id="nev10679993n69">the cover</ptxt>
</item>
<item id="nev10679993n71">
<ptxt id="nev10679993n73">the bulb holder#@#@#46#lling</ptxt>
</item>
<item id="nev10679993n75">
<ptxt id="nev10679993n77">the bulb.</ptxt>
</item>
</list1>
</graphtext>
</grate>
</procstep>
<procstep id="KC07263495">
<title id="nev10679993n79">Installing bulb#@#@#29#amps </title>
<list1 enumtype="d" id="nev10679993n81" type="unordered">
<title id="nev10679993n83">Install:</title>
<item id="nev10679993n85">
<ptxt id="nev10679993n87">the bulb</ptxt>
</item>
<item id="nev10679993n89">
<ptxt id="nev10679993n91">the bulb holder</ptxt>
</item>
<item id="nev10679993n93">
<ptxt id="nev10679993n95">the cover.</ptxt>
</item>
</list1>
</procstep>
</stepgrp>
<stepgrp id="KC07263496">
<title id="nev10679993n97">Bulb sidemarker#@#@#30#acing</title>
<procstep id="KC07263497">
<title id="nev10679993n99">Removing the bu#@#@#37#lamps</title>
<grate id="nev10679993n101">
<title id="nev10679993n103">Side marker lamps</title>
<graphic id="KC07263512">
<href>0900c8af817a7ce#@#@#11#.jpeg</href>
</graphic>
<graphtext id="nev10679993n109">
<note id="nev10679993n111">
<ptxt id="nev10679993n113">Applies to the #@#@#16#only.</ptxt>
</note>
<para id="nev10679993n115">
<ptxt id="nev10679993n117">Remove the fuel#@#@#8#pipe.</ptxt>
</para>
<list1 enumtype="d" id="nev10679993n119" type="unordered">
<title id="nev10679993n121">Remove:</title>
<item id="nev10679993n123">
<ptxt id="nev10679993n125">the bulb holder#@#@#23#ng it</ptxt>
</item>
<item id="nev10679993n127">
<ptxt id="nev10679993n129">the bulb.</ptxt>
</item>
</list1>
</graphtext>
</grate>
<grate id="nev10679993n131">
<title id="nev10679993n133">Turn signal lamps</title>
<graphic id="KC07263513">
<href>0900c8af817a7ce#@#@#11#.jpeg</href>
</graphic>
</grate>
</procstep>
<procstep id="KC07263498">
<title id="nev10679993n139">Installing the #@#@#39#lamps</title>
<list1 enumtype="d" id="nev10679993n141" type="unordered">
<title id="nev10679993n143">Install:</title>
<item id="nev10679993n145">
<ptxt id="nev10679993n147">the bulb</ptxt>
</item>
<item id="nev10679993n149">
<ptxt id="nev10679993n151">the bulb holder#@#@#24#g it.</ptxt>
</item>
</list1>
</procstep>
<procstep id="nev10680239n82">
<title id="nev10680239n83">Installing the #@#@#20#using</title>
<grate id="nev10680241n232">
<graphic id="nev10680241n233">
<href>0900c8af8249973#@#@#9#.jpeg</href>
</graphic>
<graphtext id="nev10680245n138">
<para id="nev10680246n106">
<ptxt id="nev10680246n107">Install the air#@#@#59#g in.</ptxt>
</para>
</graphtext>
</grate>
<para id="nev10680250n197">
<ptxt id="nev10680250n198">Check that the #@#@#84#erly.</ptxt>
</para>
</procstep>
</stepgrp>
</procedure>
</servinfosub>