<?xml version="1.0" encoding="UTF-8"?><diagnostic IE-ID="en-US0900c8af8007370c" docno="VCC-143841" id="KC01127672" type="test" xml:lang="en-US">
<title>
<phrase category="" id="KC09430634" phrase-urn="urn:x-nevis:phrase:0800c8af8270549d">Data error</phrase>
</title>
<testgrp IE-ID="en-US0900c8af8007370c_KC01272954" id="KC01272954" j2008use="1" paperuse="1" resumable="1" screenuse="1" testgrp-id="datafail" x="120" y="120">
<title>
<phrase category="" id="KC09430635" phrase-urn="urn:x-nevis:phrase:0800c8af8270549e">Data error</phrase>
</title>
<node>
<test1>
<test2>
<para>
<ptxt>
<phrase category="" id="KC09430636" phrase-urn="urn:x-nevis:phrase:0800c8af8270549f">The information#@#@#72#tion.</phrase>
</ptxt>
</para>
<para>
<ptxt>
<phrase category="" id="KC09430637" phrase-urn="urn:x-nevis:phrase:0800c8af827054a0">Contact the VID#@#@#48#red. </phrase>
</ptxt>
</para>
</test2>
</test1>
<question>
Select "Contin#@#@#12#ete.
</question>
<resact-grp>
<result button="cont" comp="button" highlight="0"/>
<action j2008use="1" paperuse="1" screenuse="1">
<return value="NOK"/>
</action>
</resact-grp>
</node>
</testgrp>
</diagnostic>