<?xml version="1.0" encoding="UTF-8"?><servinfosub IE-ID="en-US0900c8af808d170c" docno="VCC-103432" id="KC02406298" xml:lang="en-US">
<title>
<phrase category="" id="KC08643401" phrase-urn="urn:x-nevis:phrase:0800c8af81df9a8d">      Fault-tra#@#@#11#ation</phrase>
</title>
<diagnostic id="KC02409562" type="condition">
<condgrp>
<condition type="condition">
<list1 enumtype="d" type="unordered">
<item>
<ptxt>
<phrase category="" id="KC08643402" phrase-urn="urn:x-nevis:phrase:0800c8af81df9a8e">      No diagno#@#@#29#red. </phrase>
</ptxt>
</item>
<item>
<ptxt>
<phrase category="" id="KC08643403" phrase-urn="urn:x-nevis:phrase:0800c8af81df9a8f">      The fault#@#@#10#ent. </phrase>
</ptxt>
</item>
</list1>
</condition>
<ps>
<list1 enumtype="d" type="unordered">
<item>
<ptxt>
<phrase category="" id="KC08643404" phrase-urn="urn:x-nevis:phrase:0800c8af81df9a91">      Faulty ch#@#@#9#stem.</phrase>
</ptxt>
</item>
</list1>
</ps>
</condgrp>
</diagnostic>
</servinfosub>