<?xml version="1.0" encoding="UTF-8"?><servinfosub IE-ID="en-US0800c8af80a14f00" docno="T9512787" id="ST-0800c8af80a14f00" xml:lang="en-US">
<title>951 2787 Knife #@#@#4#e 25 </title>
<grate>
<graphic id="0900c8af85319a52"/>
<graphtext>
<deflist>
<defitem>
<term>Tool number:</term>
<def>951 2787-4</def>
</defitem>
<defitem>
<term>Tool description:</term>
<def>Knife blade 25 #@#@#11#dows)</def>
</defitem>
<defitem>
<term>Tool board:</term>
<def>80</def>
</defitem>
</deflist>
</graphtext>
</grate>
</servinfosub>