<?xml version="1.0" encoding="UTF-8"?><servinfosub IE-ID="en-US0800c8af80a3cf00" docno="T9989487" id="ST-0800c8af80a3cf00" xml:lang="en-US">
<title>998 9487 SCREWD#@#@#9#X T25</title>
<grate>
<graphic id="0900c8af8005db27"/>
<graphtext>
<deflist>
<defitem>
<term>Tool number:</term>
<def>998 9487-5</def>
</defitem>
<defitem>
<term>Tool description:</term>
<def>SCREWDRIVER TORX T25</def>
</defitem>
<defitem>
<term>Tool board:</term>
<def/>
</defitem>
</deflist>
</graphtext>
</grate>
</servinfosub>