<?xml version="1.0" encoding="UTF-8"?><servinfosub IE-ID="en-US0900c8af836ecf00" docno="VCC-297113" id="nev11985145n1" original="sv-SE" xml:lang="en-US">
<operationnumbers>
<operationnumber>38626-2</operationnumber>
</operationnumbers>
<title id="nev11985145n2">Level sensor en#@#@#3#e oil</title>
<imagedisclaimer id="nev11985145n5"/>
<procedure id="nev11985145n6">
<stepgrp boilerplate="true" context="removal" id="nev11985145n7">
<note id="nev11985145n8">
<ptxt id="nev11985145n9">Removal steps i#@#@#45#ails.</ptxt>
</note>
<procstep id="nev11985145n10">
<title id="nev11985146n1"/>
<grate id="nev11985146n2">
<graphic id="nev11985146n3">
<href>0900c8af8353f54#@#@#9#.jpeg</href>
</graphic>
</grate>
</procstep>
<procstep id="nev11985146n4">
<title id="nev11985146n5"/>
<grate id="nev11985146n6">
<graphic id="nev11985146n7">
<href>0900c8af83547c3#@#@#9#.jpeg</href>
</graphic>
<graphtext id="nev11985146n8">
<para id="nev11985146n9">
<ptxt id="nev11985156n234">Engine oil leve#@#@#5#sor. <xref boilerplate="true" id="nev11985156n226">
<ref id="nev11985156n218"/>
</xref>
</ptxt>
</para>
</graphtext>
</grate>
</procstep>
</stepgrp>
<stepgrp boilerplate="true" context="installation" id="nev11985147n3">
<procstep id="nev11985147n4">
<title id="nev11985147n5"/>
<para id="nev11985147n6">
<ptxt id="nev11985147n7">To install, rev#@#@#21#edure</ptxt>
</para>
</procstep>
</stepgrp>
</procedure>
</servinfosub>