<?xml version="1.0" encoding="UTF-8"?><servinfosub IE-ID="en-US0900c8af87824f00" docno="VCC-370738" id="nev13715626n1" original="sv-SE" servinfosubId="nev13715627n1-nev24128359n1" servinfosubRes="0900c8af87825081" servinfosubRes2="urn:x-nevis:fragment:0900c8af87824f00:0900c8af87825081#nev24128359n1" xml:lang="en-US">
<operationnumbers>
<operationnumber>46625-2</operationnumber>
</operationnumbers>
<title id="nev13715625n92">Sealing ring, d#@#@#17#right</title>
<toolitemtable id="nev13715627n1-nev26948442n13">
<table id="nev13715627n1-nev26948442n12">
<tgroup cols="2" id="nev13715627n1-nev26948442n11">
<colspec colname="COLSPEC0" colwidth="1.00*" id="nev13715627n1-nev26948442n10"/>
<colspec colname="COLSPEC1" colwidth="1.00*" id="nev13715627n1-nev26948442n9"/>
<thead id="nev13715627n1-nev26948442n8">
<row id="nev13715627n1-nev26948442n7">
<entry id="nev13715627n1-nev26948442n6" nameend="COLSPEC1" namest="COLSPEC0" valign="top">
<ptxt id="nev13715627n1-nev26948442n5">
<emph id="nev13715627n1-nev26948442n4">Special tools</emph>
</ptxt>
</entry>
</row>
</thead>
<tbody id="nev13715627n1-nev26948442n3">
<row id="nev13715627n1-nev26948442n2">
<entry id="nev13715627n1-nev26948442n1">
<graphic id="nev13715627n1-nev26948443n100">
<href>0900c8af800543d#@#@#9#.jpeg</href>
</graphic>
</entry>
<entry id="nev13715627n1-nev26948443n99">
<ptxt id="nev13715627n1-nev26948443n98">
<emph id="nev13715627n1-nev26948443n97">999 5541 PUNCH #@#@#29#2 800</emph>
</ptxt>
<ptxt id="nev13715627n1-nev26948443n95">
<emph id="nev13715627n1-nev26948443n94">Tool number:</emph>999 5541</ptxt>
<ptxt id="nev13715627n1-nev26948443n93">
<emph id="nev13715627n1-nev26948443n92">Tool description:</emph>PUNCH (SEAL-DRI#@#@#20#2 800</ptxt>
<ptxt id="nev13715627n1-nev26948443n90">
<emph id="nev13715627n1-nev26948443n89">Tool boards:</emph>43</ptxt>
</entry>
</row>
<row id="nev13715627n1-nev26948443n88">
<entry id="nev13715627n1-nev26948443n87">
<graphic id="nev13715627n1-nev26948443n86">
<href>0900c8af8005435#@#@#9#.jpeg</href>
</graphic>
</entry>
<entry id="nev13715627n1-nev26948443n85">
<ptxt id="nev13715627n1-nev26948443n84">
<emph id="nev13715627n1-nev26948443n83">999 1801 STANDA#@#@#3#SHAFT</emph>
</ptxt>
<ptxt id="nev13715627n1-nev26948443n81">
<emph id="nev13715627n1-nev26948443n80">Tool number:</emph>999 1801</ptxt>
<ptxt id="nev13715627n1-nev26948443n79">
<emph id="nev13715627n1-nev26948443n78">Tool description:</emph>STANDARD SHAFT</ptxt>
<ptxt id="nev13715627n1-nev26948443n76">
<emph id="nev13715627n1-nev26948443n75">Tool boards:</emph>21</ptxt>
</entry>
</row>
</tbody>
</tgroup>
</table>
</toolitemtable>
<procedure id="nev13715627n1-nev24184560n8">
<stepgrp boilerplate="false" context="" id="nev13715627n1-nev26948441n6">
<title id="nev13715627n1-0800c8af844a46f6">Removal</title>
<procstep id="nev13715627n1-nev24181922n77">
<note id="nev13715627n1-0800c8af844a42fa">
<ptxt>Removal steps i#@#@#45#ails.</ptxt>
</note>
</procstep>
<procstep id="nev13715627n1-nev24181773n16">
<para id="nev13715627n1-nev26948441n4">
<ptxt id="nev13715627n1-nev26948441n5">Remove the righ#@#@#8#shaft<xref boilerplate="true" id="nev13715627n1-0800c8af8458a55d">
<ref id="nev13715627n1-nev24181922n73"/>
</xref>
</ptxt>
</para>
</procstep>
<procstep id="nev13715627n1-nev24181773n11">
<grate id="nev13715627n1-nev26948441n2">
<graphic id="nev13715627n1-nev26948441n3">
<href>0900c8af861be6c#@#@#9#.jpeg</href>
</graphic>
<graphtext id="nev13715627n1-nev26948457n1">
<para id="nev13715627n1-nev26948442n100">
<ptxt id="nev13715627n1-nev26948441n1">Release the catch.</ptxt>
</para>
<para id="nev13715627n1-nev26948442n98">
<ptxt id="nev13715627n1-nev26948442n99">Loosen the hose#@#@#2#lamp.</ptxt>
</para>
<para id="nev13715627n1-nev26948442n96">
<ptxt id="nev13715627n1-nev26948442n97">Remove the mark#@#@#3#part.</ptxt>
</para>
</graphtext>
</grate>
</procstep>
<procstep id="nev13715627n1-nev24181773n2">
<grate id="nev13715627n1-nev26948442n94">
<graphic id="nev13715627n1-nev26948442n95">
<href>0900c8af863c41c#@#@#9#.jpeg</href>
</graphic>
<graphtext id="nev13715627n1-nev26948461n1">
<note id="nev13715627n1-0800c8af844a4379">
<ptxt>Make sure that #@#@#51#rial.</ptxt>
</note>
</graphtext>
</grate>
</procstep>
<procstep id="nev13715627n1-nev24181921n98">
<grate id="nev13715627n1-nev26948442n92">
<graphic id="nev13715627n1-nev26948442n93">
<href>0900c8af86e7dcd#@#@#9#.jpeg</href>
</graphic>
<graphtext id="nev13715627n1-nev26948465n1">
<para id="nev13715627n1-nev26948442n90">
<ptxt id="nev13715627n1-nev26948442n91">Remove the screw.</ptxt>
</para>
<para id="nev13715627n1-nev26948442n88">
<ptxt id="nev13715627n1-nev26948442n89">
<torque id="nev13715627n1-nev24181922n56">
<ref id="nev13715627n1-nev24181922n54"/>
</torque>
</ptxt>
</para>
</graphtext>
</grate>
</procstep>
<procstep id="nev13715627n1-nev24181921n89">
<grate id="nev13715627n1-nev26948442n86">
<graphic id="nev13715627n1-nev26948442n87">
<href>0900c8af86e7db4#@#@#9#.jpeg</href>
</graphic>
<graphtext id="nev13715627n1-nev26948472n1">
<para id="nev13715627n1-nev26948442n84">
<ptxt id="nev13715627n1-nev26948442n85">Remove the screws.</ptxt>
</para>
<para id="nev13715627n1-nev26948442n82">
<ptxt id="nev13715627n1-nev26948442n83">
<torque id="nev13715627n1-nev24181922n48">
<ref id="nev13715627n1-nev24181922n46"/>
</torque>
</ptxt>
</para>
</graphtext>
</grate>
</procstep>
<procstep id="nev13715627n1-nev24181921n80">
<grate id="nev13715627n1-nev26948442n80">
<graphic id="nev13715627n1-nev26948442n81">
<href>0900c8af86e7db5#@#@#9#.jpeg</href>
</graphic>
<graphtext id="nev13715627n1-nev26948479n1">
<para id="nev13715627n1-nev26948442n78">
<ptxt id="nev13715627n1-nev26948442n79">Loosen the clip.</ptxt>
</para>
<para id="nev13715627n1-nev26948442n76">
<ptxt id="nev13715627n1-nev26948442n77">Loosen the hose#@#@#2#lamp.</ptxt>
</para>
<para id="nev13715627n1-nev26948442n74">
<ptxt id="nev13715627n1-nev26948442n75">Undo the hose f#@#@#14#tion.</ptxt>
</para>
<para id="nev13715627n1-nev26948442n72">
<ptxt id="nev13715627n1-nev26948442n73">Remove the mark#@#@#3#part.</ptxt>
</para>
</graphtext>
</grate>
</procstep>
<procstep id="nev13715627n1-nev26948370n7">
<grate id="nev13715627n1-nev26948442n70">
<graphic id="nev13715627n1-nev26948442n71">
<href>0900c8af861dddd#@#@#9#.jpeg</href>
</graphic>
<graphtext id="nev13715627n1-nev26948483n1">
<para id="nev13715627n1-nev26948442n68">
<ptxt id="nev13715627n1-nev26948442n69">Remove the screws.</ptxt>
</para>
<para id="nev13715627n1-nev26948442n66">
<ptxt id="nev13715627n1-nev26948442n67">Fold marked par#@#@#3#side.</ptxt>
</para>
<para id="nev13715627n1-nev26948442n62">
<ptxt id="nev13715627n1-nev26948442n64">
<torque id="nev13715627n1-nev26948442n65">
<ref id="nev13715627n1-nev26948442n63"/>
</torque>
</ptxt>
</para>
</graphtext>
</grate>
</procstep>
<procstep id="nev13715627n1-nev24181921n69">
<grate id="nev13715627n1-nev26948442n60">
<graphic id="nev13715627n1-nev26948442n61">
<href>0900c8af86e7dcd#@#@#9#.jpeg</href>
</graphic>
<graphtext id="nev13715627n1-nev26948490n1">
<para id="nev13715627n1-nev26948442n58">
<ptxt id="nev13715627n1-nev26948442n59">Remove the screws.</ptxt>
</para>
<para id="nev13715627n1-nev26948442n56">
<ptxt id="nev13715627n1-nev26948442n57">Remove the nuts.</ptxt>
</para>
<para id="nev13715627n1-nev26948442n54">
<ptxt id="nev13715627n1-nev26948442n55">
<torque id="nev13715627n1-nev24181922n28">
<ref id="nev13715627n1-nev24181922n26"/>
</torque>
</ptxt>
</para>
</graphtext>
</grate>
</procstep>
<procstep id="nev13715627n1-nev26948441n88">
<grate id="nev13715627n1-nev26948442n52">
<graphic id="nev13715627n1-nev26948442n53">
<href>0900c8af861be58#@#@#9#.jpeg</href>
</graphic>
<graphtext id="nev13715627n1-nev26948497n1">
<note id="nev13715627n1-nev26948442n51">
<ptxt>Make sure that #@#@#24#lled.</ptxt>
</note>
<para id="nev13715627n1-nev26948442n49">
<ptxt id="nev13715627n1-nev26948442n50">Remove the screw.</ptxt>
</para>
<para id="nev13715627n1-nev26948442n45">
<ptxt id="nev13715627n1-nev26948442n47">
<torque id="nev13715627n1-nev26948442n48">
<ref id="nev13715627n1-nev26948442n46"/>
</torque>
</ptxt>
</para>
</graphtext>
</grate>
</procstep>
<procstep id="nev13715627n1-nev26948441n78">
<grate id="nev13715627n1-nev26948442n43">
<graphic id="nev13715627n1-nev26948442n44">
<href>0900c8af8645ba2#@#@#9#.jpeg</href>
</graphic>
<graphtext id="nev13715627n1-nev26948504n1">
<para id="nev13715627n1-nev26948442n41">
<ptxt id="nev13715627n1-nev26948442n42">Lift the marked#@#@#8#nt up</ptxt>
</para>
</graphtext>
</grate>
</procstep>
<procstep id="nev13715627n1-nev24181921n58">
<grate id="nev13715627n1-nev26948442n39">
<graphic id="nev13715627n1-nev26948442n40">
<href>0900c8af86e7ded#@#@#9#.jpeg</href>
</graphic>
<graphtext id="nev13715627n1-nev26948508n1">
<para id="nev13715627n1-nev26948442n37">
<ptxt id="nev13715627n1-nev26948442n38">Remove the mark#@#@#3#part.</ptxt>
</para>
</graphtext>
</grate>
</procstep>
<procstep id="nev13715627n1-nev24181921n53">
<grate id="nev13715627n1-nev26948442n35">
<graphic id="nev13715627n1-nev26948442n36">
<href>0900c8af861c069#@#@#9#.jpeg</href>
</graphic>
<graphtext id="nev13715627n1-nev26948512n1">
<para id="nev13715627n1-nev26948442n33">
<ptxt id="nev13715627n1-nev26948442n34">Remove the screws.</ptxt>
</para>
<list1 enumtype="n" id="nev13715627n1-nev24181922n16" type="ordered">
<item id="nev13715627n1-nev26948442n32">
<ptxt id="nev13715627n1-nev26948442n31">
<torque id="nev13715627n1-nev24181922n14">
<ref id="nev13715627n1-nev24181922n12"/>
</torque>
</ptxt>
</item>
<item id="nev13715627n1-nev26948442n30">
<ptxt id="nev13715627n1-nev26948442n29">
<torque id="nev13715627n1-nev24181922n10">
<ref id="nev13715627n1-nev24181922n8"/>
</torque>
</ptxt>
</item>
</list1>
<para id="nev13715627n1-nev26948442n27">
<ptxt id="nev13715627n1-nev26948442n28">Remove the mark#@#@#3#part.</ptxt>
</para>
</graphtext>
</grate>
</procstep>
<procstep id="nev13715627n1-nev24181921n37">
<grate id="nev13715627n1-nev26948442n25">
<graphic id="nev13715627n1-nev26948442n26">
<href>0900c8af833196e#@#@#9#.jpeg</href>
</graphic>
</grate>
</procstep>
<procstep id="nev13715627n1-nev24181921n34">
<grate id="nev13715627n1-nev26948442n23">
<graphic id="nev13715627n1-nev26948442n24">
<href>0900c8af833196e#@#@#9#.jpeg</href>
</graphic>
<graphtext id="nev13715627n1-nev26948525n1">
<para id="nev13715627n1-nev26948442n21">
<ptxt id="nev13715627n1-nev26948442n22">
<toolitem boilerplate="true" id="nev13715627n1-nev24181923n100" imageid="0900c8af800543d6"/>
<toolitem boilerplate="false" id="nev13715627n1-nev24181923n99" imageid="0900c8af80054350"/>
</ptxt>
</para>
</graphtext>
</grate>
</procstep>
<procstep id="nev13715627n1-nev24181921n27">
<grate id="nev13715627n1-nev26948442n19">
<graphic id="nev13715627n1-nev26948442n20">
<href>0900c8af833196f#@#@#9#.jpeg</href>
</graphic>
</grate>
</procstep>
</stepgrp>
<stepgrp boilerplate="false" context="" id="nev13715627n1-nev26948442n18">
<title id="nev13715627n1-0800c8af844a46f9">Installation</title>
<procstep id="nev13715627n1-nev24182043n9">
<para id="nev13715627n1-nev26948442n16">
<ptxt id="nev13715627n1-nev26948442n17">Fill oil transm#@#@#1#ssion<xref boilerplate="true" id="nev13715627n1-0800c8af8488ef3a">
<ref id="nev13715627n1-nev24184027n2"/>
</xref>
</ptxt>
</para>
</procstep>
<procstep id="nev13715627n1-nev24181921n22">
<para id="nev13715627n1-nev26948442n14">
<ptxt id="nev13715627n1-nev26948442n15">To install, rev#@#@#22#dure.</ptxt>
</para>
</procstep>
</stepgrp>
</procedure>
</servinfosub>