<?xml version="1.0" encoding="UTF-8"?><servinfosub IE-ID="en-US0900c8af80cc1f00" docno="VCC-148066" id="KC02719120" xml:lang="en-US">
<title>
<phrase category="" id="KC07845779" phrase-urn="urn:x-nevis:phrase:0800c8af81c22415">Diagnostic trou#@#@#30#-0057</phrase>
</title>
<diagnostic j2008use="1" paperuse="1" screenuse="1" type="condition">
<condgrp>
<condition type="condition">
<grate>
<graphic id="KC07845780" width="column">
<href>0900c8af80054d6#@#@#9#.jpeg</href>
</graphic>
<graphtext>
<para>
<ptxt>
<phrase category="" id="KC07845781" phrase-urn="urn:x-nevis:phrase:0800c8af81c22417">The diagnostic #@#@#172#km/h.</phrase>
</ptxt>
</para>
<para>
<ptxt>
<phrase category="" id="KC07845782" phrase-urn="urn:x-nevis:phrase:0800c8af81c22418">The diagnostic #@#@#64#d on.</phrase>
</ptxt>
</para>
</graphtext>
</grate>
</condition>
</condgrp>
<condgrp>
<condition type="substitution">
<list1 enumtype="d" type="unordered">
<item>
<ptxt>
<phrase category="" id="KC07845783" phrase-urn="urn:x-nevis:phrase:0800c8af81c22419">ABS is blocked</phrase>
</ptxt>
</item>
<item>
<ptxt>
<phrase category="" id="KC07845784" phrase-urn="urn:x-nevis:phrase:0800c8af81c2241a">Electronic Brak#@#@#54#w 8 V</phrase>
</ptxt>
</item>
<item>
<ptxt>
<phrase category="" id="KC07845785" phrase-urn="urn:x-nevis:phrase:0800c8af81c2241b">Traction Contro#@#@#7#ocked</phrase>
</ptxt>
</item>
<item>
<ptxt>
<phrase category="" id="KC07845786" phrase-urn="urn:x-nevis:phrase:0800c8af81c2241d">Stability Contr#@#@#9#cked </phrase>
</ptxt>
</item>
<item>
<ptxt>
<phrase category="" id="KC07845787" phrase-urn="urn:x-nevis:phrase:0800c8af81c2241f">Active yaw cont#@#@#10#cked.</phrase>
</ptxt>
</item>
</list1>
<hint>
<ptxt>
<phrase category="" id="KC07845788" phrase-urn="urn:x-nevis:phrase:0800c8af81c22420">
<xref>
<ref id="KC07845789"/>
</xref>
</phrase>
</ptxt>
</hint>
</condition>
<ps>
<list1 enumtype="d" type="unordered">
<item>
<ptxt>
<phrase category="" id="KC07845790" phrase-urn="urn:x-nevis:phrase:0800c8af81c22421">Contact resista#@#@#15#inals</phrase>
</ptxt>
</item>
<item>
<ptxt>
<phrase category="" id="KC07845791" phrase-urn="urn:x-nevis:phrase:0800c8af81c22422">Battery voltage#@#@#3#o low</phrase>
</ptxt>
</item>
<item>
<ptxt>
<phrase category="" id="KC07845792" phrase-urn="urn:x-nevis:phrase:0800c8af81c22423">Fault in the ch#@#@#8#ystem</phrase>
</ptxt>
</item>
<item>
<ptxt>
<phrase category="" id="KC07845793" phrase-urn="urn:x-nevis:phrase:0800c8af81c22424">Open-circuit or#@#@#53#upply</phrase>
</ptxt>
</item>
<item>
<ptxt>
<phrase category="" id="KC07845794" phrase-urn="urn:x-nevis:phrase:0800c8af81c22425">The fuse in the#@#@#18#rking</phrase>
</ptxt>
</item>
<item>
<ptxt>
<phrase category="" id="KC07845795" phrase-urn="urn:x-nevis:phrase:0800c8af81c22427">Interference in#@#@#6#iring</phrase>
</ptxt>
</item>
<item>
<ptxt>
<phrase category="" id="KC07845796" phrase-urn="urn:x-nevis:phrase:0800c8af81c22429">The brake contr#@#@#26#king.</phrase>
</ptxt>
</item>
</list1>
</ps>
</condgrp>
<condgrp>
<condition type="symptom">
<list1 enumtype="d" type="unordered">
<item>
<ptxt>
<phrase category="" id="KC07845797" phrase-urn="urn:x-nevis:phrase:0800c8af81c2242a">The information#@#@#7#s lit</phrase>
</ptxt>
</item>
<item>
<ptxt>
<phrase category="" id="KC07845798" phrase-urn="urn:x-nevis:phrase:0800c8af81c2242b">The ABS warning#@#@#7#s lit</phrase>
</ptxt>
</item>
<item>
<ptxt>
<phrase category="" id="KC07845799" phrase-urn="urn:x-nevis:phrase:0800c8af81c2242c">The warning lam#@#@#37#s lit</phrase>
</ptxt>
</item>
<item>
<ptxt>
<phrase category="" id="KC07845800" phrase-urn="urn:x-nevis:phrase:0800c8af81c2242d">General warning#@#@#4#p lit</phrase>
</ptxt>
</item>
<item>
<ptxt>
<phrase category="" id="KC07845801" phrase-urn="urn:x-nevis:phrase:0800c8af81c2242e">The ABS system #@#@#12#ction</phrase>
</ptxt>
</item>
<item>
<ptxt>
<phrase category="" id="KC07845802" phrase-urn="urn:x-nevis:phrase:0800c8af81c2242f">The stability c#@#@#26#ction</phrase>
</ptxt>
</item>
<item>
<ptxt>
<phrase category="" id="KC07845803" phrase-urn="urn:x-nevis:phrase:0800c8af81c22431">Traction contro#@#@#16#ning.</phrase>
</ptxt>
</item>
</list1>
</condition>
</condgrp>
</diagnostic>
</servinfosub>