<?xml version="1.0" encoding="UTF-8"?><servinfosub IE-ID="en-US0900c8af844d8f00" docno="VCC-371215" id="nev13718570n1" original="sv-SE" servinfosubId="nev13718571n1-nev13718573n1" servinfosubRes="0900c8af844d8f02" servinfosubRes2="urn:x-nevis:fragment:0900c8af844d8f00:0900c8af844d8f02#nev13718573n1" xml:lang="en-US">
<title id="nev13718557n95">Actuator, mixer#@#@#2#amper</title>
<procedure id="nev13718571n1-nev13718572n69">
<note id="nev13718571n1-nev13718572n70">
<ptxt id="nev13718571n1-nev13718572n71">As the illustra#@#@#181#rect.</ptxt>
</note>
<stepgrp id="nev13718571n1-nev13718572n55">
<title id="nev13718571n1-nev13718572n72">Preparatory work</title>
<procstep id="nev13718571n1-nev13718572n56">
<title id="nev13718571n1-nev13718572n73">Important infor#@#@#1#ation</title>
<para id="nev13718571n1-nev13718572n74">
<ptxt id="nev13718571n1-nev13718572n75">The damper moto#@#@#61#side.</ptxt>
</para>
</procstep>
<procstep id="nev13718571n1-nev13718572n57">
<title id="nev13718571n1-nev13718572n76">Removing the gl#@#@#10#tment</title>
<para id="nev13718571n1-nev13718572n77">
<ptxt id="nev13718571n1-nev13718572n78">Remove the glov#@#@#15#See: <xref id="nev13718571n1-nev13718572n79">
<ref id="nev13718571n1-nev13718572n58"/>
</xref>.</ptxt>
</para>
</procstep>
</stepgrp>
<stepgrp id="nev13718571n1-nev13718572n59">
<title id="nev13718571n1-nev13718572n80">Removal</title>
<procstep id="nev13718571n1-nev13718572n60">
<title id="nev13718571n1-nev13718572n81">Removing the da#@#@#39#ution</title>
<grate id="nev13718571n1-nev13718572n82">
<graphic id="nev13718571n1-nev13718572n61">
<href>0900c8af80a53e8#@#@#9#.jpeg</href>
</graphic>
<graphtext id="nev13718571n1-nev13718572n83">
<para id="nev13718571n1-nev13718572n84">
<ptxt id="nev13718571n1-nev13718572n85">Disconnect the #@#@#5#ctor.</ptxt>
</para>
<hint id="nev13718571n1-nev13718572n86">
<ptxt id="nev13718571n1-nev13718572n87">Use a small ele#@#@#113# out.</ptxt>
</hint>
<list1 enumtype="d" id="nev13718571n1-nev13718572n88" type="unordered">
<title id="nev13718571n1-nev13718572n89">Remove:</title>
<item id="nev13718571n1-nev13718572n90">
<ptxt id="nev13718571n1-nev13718572n91">the 3 screws</ptxt>
</item>
<item id="nev13718571n1-nev13718572n92">
<ptxt id="nev13718571n1-nev13718572n93">the control module.</ptxt>
</item>
</list1>
</graphtext>
</grate>
</procstep>
</stepgrp>
<stepgrp id="nev13718571n1-nev13718572n62">
<title id="nev13718571n1-nev13718572n94">Installation</title>
<procstep id="nev13718571n1-nev13718572n63">
<title id="nev13718571n1-nev13718572n95">Installing the #@#@#42#tion </title>
<para id="nev13718571n1-nev13718572n96">
<ptxt id="nev13718571n1-nev13718572n97">Check the funct#@#@#61#sary.</ptxt>
</para>
</procstep>
<procstep id="nev13718571n1-nev13718572n98">
<title id="nev13718571n1-nev13718572n99"/>
<grate id="nev13718571n1-nev13718572n100">
<graphic id="nev13718571n1-nev13718575n1">
<href>0900c8af8399c34#@#@#9#.jpeg</href>
</graphic>
<graphtext id="nev13718571n1-nev13718575n2">
<para id="nev13718571n1-nev13718575n3">
<ptxt id="nev13718571n1-nev13718575n4">Adjust the mech#@#@#30#tion.</ptxt>
</para>
<list1 enumtype="d" id="nev13718571n1-nev13718575n5" type="unordered">
<title id="nev13718571n1-nev13718575n6">Install:</title>
<item id="nev13718571n1-nev13718575n7">
<ptxt id="nev13718571n1-nev13718575n8">control module #@#@#52#d (2)</ptxt>
</item>
<item id="nev13718571n1-nev13718575n9">
<ptxt id="nev13718571n1-nev13718575n10">the 2 x screws.#@#@#13#swise</ptxt>
</item>
<item id="nev13718571n1-nev13718575n11">
<ptxt id="nev13718571n1-nev13718575n12">the switch. Ens#@#@#31#oned.</ptxt>
</item>
</list1>
</graphtext>
</grate>
<note id="nev13718571n1-nev13718575n13">
<ptxt id="nev13718571n1-nev13718575n14">Identify the da#@#@#68#tion.</ptxt>
</note>
</procstep>
</stepgrp>
<stepgrp id="nev13718571n1-nev13718572n64">
<title id="nev13718571n1-nev13718575n15">Finishing</title>
<procstep id="nev13718571n1-nev13718572n65">
<title id="nev13718571n1-nev13718575n16">Testing the cli#@#@#14#ystem</title>
<para id="nev13718571n1-nev13718575n17">
<ptxt id="nev13718571n1-nev13718575n18">Carry out a per#@#@#43#See: <xref id="nev13718571n1-nev13718575n19">
<ref id="nev13718571n1-nev13718572n66"/>
</xref>.</ptxt>
</para>
</procstep>
<procstep id="nev13718571n1-nev13718572n67">
<title id="nev13718571n1-nev13718575n20">Installing glov#@#@#8#tment</title>
<para id="nev13718571n1-nev13718575n21">
<ptxt id="nev13718571n1-nev13718575n22">Install the glo#@#@#16#See: <xref id="nev13718571n1-nev13718575n23">
<ref id="nev13718571n1-nev13718572n68"/>
</xref>. </ptxt>
</para>
</procstep>
</stepgrp>
</procedure>
</servinfosub>