<?xml version="1.0" encoding="UTF-8"?><servinfosub IE-ID="en-US0900c8af88254019" docno="VCC-502413" id="nev27912915n1" original="sv-SE" servinfosubId="nev27912916n1-nev29008474n1" servinfosubRes="0900c8af88254024" servinfosubRes2="urn:x-nevis:fragment:0900c8af88254019:0900c8af88254024#nev29008474n1" xml:lang="en-US">
<title id="nev27912915n2">AC compressor</title>
<table id="nev27912916n1-nev29187563n250" pgwide="1">
<tgroup cols="7" id="nev27912916n1-nev29187563n249">
<colspec colname="col1" colwidth="1.18*" id="nev27912916n1-nev29187563n248"/>
<colspec colname="col2" colwidth="0.85*" id="nev27912916n1-nev29187563n247"/>
<colspec colname="col3" colwidth="0.99*" id="nev27912916n1-nev29187563n246"/>
<colspec colname="col4" colwidth="0.85*" id="nev27912916n1-nev29187563n245"/>
<colspec colname="col5" colwidth="1.05*" id="nev27912916n1-nev29187563n244"/>
<colspec colname="col6" colwidth="0.95*" id="nev27912916n1-nev29187563n243"/>
<colspec colname="col7" colwidth="1.14*" id="nev27912916n1-nev29187563n242"/>
<thead id="nev27912916n1-nev29187563n241">
<row id="nev27912916n1-nev29187563n240">
<entry id="nev27912916n1-nev29187563n239" morerows="0" rotate="0" valign="top">
<ptxt id="nev27912916n1-nev29187563n238">
<emph etype="bold" id="nev27912916n1-nev29187563n237">Car model:</emph>
</ptxt>
</entry>
<entry id="nev27912916n1-nev29187563n236" morerows="0" rotate="0" valign="top">
<ptxt id="nev27912916n1-nev29187563n235">
<emph etype="bold" id="nev27912916n1-nev29187563n234">Engine:</emph>
</ptxt>
</entry>
<entry id="nev27912916n1-nev29187563n233" morerows="0" rotate="0" valign="top">
<ptxt id="nev27912916n1-nev29187563n232">
<emph etype="bold" id="nev27912916n1-nev29187563n231">Model year:</emph>
</ptxt>
</entry>
<entry id="nev27912916n1-nev29187563n230" morerows="0" rotate="0" valign="top">
<ptxt id="nev27912916n1-nev29187563n229">
<emph etype="bold" id="nev27912916n1-nev29187563n228">AC Compressor:</emph>
</ptxt>
</entry>
<entry id="nev27912916n1-nev29187563n227" morerows="0" rotate="0" valign="top">
<ptxt id="nev27912916n1-nev29187563n226">
<emph etype="bold" id="nev27912916n1-nev29187563n225">Safety valve </emph>
</ptxt>
<ptxt id="nev27912916n1-nev29187563n224">Activated at (bar)</ptxt>
</entry>
<entry id="nev27912916n1-nev29187563n223" morerows="0" rotate="0" valign="top">
<ptxt id="nev27912916n1-nev29187563n222">
<emph etype="bold" id="nev27912916n1-nev29187563n221">High pressure s#@#@#1#nsor </emph>
</ptxt>
<ptxt id="nev27912916n1-nev29187563n220">Opening pressur#@#@#2#(bar)</ptxt>
</entry>
<entry id="nev27912916n1-nev29187563n219" morerows="0" rotate="0" valign="top">
<ptxt id="nev27912916n1-nev29187563n218">
<emph etype="bold" id="nev27912916n1-nev29187563n217">High pressure sensor</emph>
</ptxt>
<ptxt id="nev27912916n1-nev29187563n216">Closing pressur#@#@#2#(bar)</ptxt>
</entry>
</row>
<row id="nev27912916n1-nev29187563n215">
<entry id="nev27912916n1-nev29187563n214" morerows="0" rotate="0" valign="top"/>
<entry id="nev27912916n1-nev29187563n213" morerows="0" rotate="0" valign="top"/>
<entry id="nev27912916n1-nev29187563n212" morerows="0" rotate="0" valign="top"/>
<entry id="nev27912916n1-nev29187563n211" morerows="0" rotate="0" valign="top"/>
<entry id="nev27912916n1-nev29187563n210" morerows="0" rotate="0" valign="top"/>
<entry id="nev27912916n1-nev29187563n209" morerows="0" rotate="0" valign="top"/>
<entry id="nev27912916n1-nev29187563n208" morerows="0" rotate="0" valign="top"/>
</row>
</thead>
<tbody id="nev27912916n1-nev29187563n207">
<row id="nev27912916n1-nev29187563n206">
<entry id="nev27912916n1-nev29187563n205" morerows="0" rotate="0">
<ptxt id="nev27912916n1-nev29187563n204">XC40</ptxt>
</entry>
<entry id="nev27912916n1-nev29187563n203" morerows="0" rotate="0">
<ptxt id="nev27912916n1-nev29187563n202">D4204T9</ptxt>
<ptxt id="nev27912916n1-nev29187563n201">D4204T12</ptxt>
<ptxt id="nev27912916n1-nev29901086n250">D4204T16</ptxt>
</entry>
<entry id="nev27912916n1-nev29187563n200" morerows="0" rotate="0">
<ptxt id="nev27912916n1-nev29187563n199">2018-</ptxt>
</entry>
<entry id="nev27912916n1-nev29187563n198" morerows="0" rotate="0">
<ptxt id="nev27912916n1-nev29187563n197">Valeo</ptxt>
</entry>
<entry id="nev27912916n1-nev29187563n196" morerows="0" rotate="0">
<ptxt id="nev27912916n1-nev29187563n195">
<emph etype="bold" id="nev27912916n1-nev29187563n194">38,7</emph> (+/- 3)</ptxt>
</entry>
<entry id="nev27912916n1-nev29187563n193" morerows="0" rotate="0">
<ptxt id="nev27912916n1-nev29187563n192">
<emph etype="bold" id="nev27912916n1-nev29187563n191">25</emph>
</ptxt>
</entry>
<entry id="nev27912916n1-nev29187563n190" morerows="0" rotate="0">
<ptxt id="nev27912916n1-nev29187563n189">
<emph etype="bold" id="nev27912916n1-nev29187563n188">30</emph>
</ptxt>
</entry>
</row>
<row id="nev27912916n1-nev29187563n187">
<entry id="nev27912916n1-nev29187563n186" morerows="0" rotate="0"/>
<entry id="nev27912916n1-nev29187563n185" morerows="0" rotate="0"/>
<entry id="nev27912916n1-nev29187563n184" morerows="0" rotate="0"/>
<entry id="nev27912916n1-nev29187563n183" morerows="0" rotate="0"/>
<entry id="nev27912916n1-nev29187563n182" morerows="0" rotate="0"/>
<entry id="nev27912916n1-nev29187563n181" morerows="0" rotate="0"/>
<entry id="nev27912916n1-nev29187563n180" morerows="0" rotate="0"/>
</row>
<row id="nev27912916n1-nev29187563n179">
<entry id="nev27912916n1-nev29187563n178" morerows="0" rotate="0">
<ptxt id="nev27912916n1-nev29187563n177">XC40</ptxt>
</entry>
<entry id="nev27912916n1-nev29187563n176" morerows="0" rotate="0">
<ptxt id="nev27912916n1-nev29187563n175">B4204T14</ptxt>
<ptxt id="nev27912916n1-nev29187563n174">B4204T18</ptxt>
<ptxt id="nev27912916n1-nev29187563n120">B4204T19</ptxt>
<ptxt id="nev27912916n1-nev29187563n173">B4204T20</ptxt>
<ptxt id="nev27912916n1-nev29187563n172">B4204T36</ptxt>
<ptxt id="nev27912916n1-nev29901086n249">B4204T47</ptxt>
</entry>
<entry id="nev27912916n1-nev29187563n171" morerows="0" rotate="0">
<ptxt id="nev27912916n1-nev29187563n170">2018-</ptxt>
</entry>
<entry id="nev27912916n1-nev29187563n169" morerows="0" rotate="0">
<ptxt id="nev27912916n1-nev29187563n168">Valeo</ptxt>
</entry>
<entry id="nev27912916n1-nev29187563n167" morerows="0" rotate="0">
<ptxt id="nev27912916n1-nev29187563n166">
<emph etype="bold" id="nev27912916n1-nev29187563n165">38,7</emph> (+/- 3)</ptxt>
</entry>
<entry id="nev27912916n1-nev29187563n164" morerows="0" rotate="0">
<ptxt id="nev27912916n1-nev29187563n163">
<emph etype="bold" id="nev27912916n1-nev29187563n162">25</emph>
</ptxt>
</entry>
<entry id="nev27912916n1-nev29187563n161" morerows="0" rotate="0">
<ptxt id="nev27912916n1-nev29187563n160">
<emph etype="bold" id="nev27912916n1-nev29187563n159">30</emph>
</ptxt>
</entry>
</row>
<row id="nev27912916n1-nev29187563n135">
<entry id="nev27912916n1-nev29187563n134" morerows="0" rotate="0"/>
<entry id="nev27912916n1-nev29187563n132" morerows="0" rotate="0"/>
<entry id="nev27912916n1-nev29187563n130" morerows="0" rotate="0"/>
<entry id="nev27912916n1-nev29187563n128" morerows="0" rotate="0"/>
<entry id="nev27912916n1-nev29187563n126" morerows="0" rotate="0"/>
<entry id="nev27912916n1-nev29187563n124" morerows="0" rotate="0"/>
<entry id="nev27912916n1-nev29187563n122" morerows="0" rotate="0"/>
</row>
<row id="nev27912916n1-nev29187563n150">
<entry id="nev27912916n1-nev29187563n149" morerows="0" rotate="0">
<ptxt id="nev27912916n1-nev29187563n148">XC40</ptxt>
</entry>
<entry id="nev27912916n1-nev29187563n147" morerows="0" rotate="0">
<ptxt id="nev27912916n1-nev29187563n146">B3154T</ptxt>
</entry>
<entry id="nev27912916n1-nev29187563n145" morerows="0" rotate="0">
<ptxt id="nev27912916n1-nev29187563n144">2019-</ptxt>
</entry>
<entry id="nev27912916n1-nev29187563n143" morerows="0" rotate="0">
<ptxt id="nev27912916n1-nev29187563n142">Valeo</ptxt>
</entry>
<entry id="nev27912916n1-nev29187563n141" morerows="0" rotate="0">
<ptxt id="nev27912916n1-nev29187563n140">
<emph etype="bold" id="nev27912916n1-nev29187563n119">38,7</emph> (+/- 3)</ptxt>
</entry>
<entry id="nev27912916n1-nev29187563n139" morerows="0" rotate="0">
<ptxt id="nev27912916n1-nev29187563n138">
<emph etype="bold" id="nev27912916n1-nev29187563n118">25</emph>
</ptxt>
</entry>
<entry id="nev27912916n1-nev29187563n137" morerows="0" rotate="0">
<ptxt id="nev27912916n1-nev29187563n136">
<emph etype="bold" id="nev27912916n1-nev29187563n117">30</emph>
</ptxt>
</entry>
</row>
<row id="nev27912916n1-nev29187563n158">
<entry id="nev27912916n1-nev29187563n157" morerows="0" rotate="0"/>
<entry id="nev27912916n1-nev29187563n156" morerows="0" rotate="0"/>
<entry id="nev27912916n1-nev29187563n155" morerows="0" rotate="0"/>
<entry id="nev27912916n1-nev29187563n154" morerows="0" rotate="0"/>
<entry id="nev27912916n1-nev29187563n153" morerows="0" rotate="0"/>
<entry id="nev27912916n1-nev29187563n152" morerows="0" rotate="0"/>
<entry id="nev27912916n1-nev29187563n151" morerows="0" rotate="0"/>
</row>
</tbody>
</tgroup>
</table>
</servinfosub>