<?xml version="1.0" encoding="UTF-8"?><servinfosub IE-ID="en-US0900c8af83838019" docno="VCC-301429" id="nev12152233n1" original="sv-SE" xml:lang="en-US">
<title id="nev12152233n2">Variable valve #@#@#31#ting </title>
<imagedisclaimer id="nev12152297n208"/>
<procedure id="nev12152297n207">
<proctools id="nev12152297n206">
<toolitem id="nev12152297n205" imageid="0900c8af800544b8"/>
<toolitem id="nev12152297n201" imageid="0900c8af800544bc"/>
</proctools>
<stepgrp id="nev12152297n197">
<procstep id="nev12152297n196">
<title id="nev12152297n195">Installing and #@#@#70#shaft</title>
<note id="nev12152297n194">
<ptxt id="nev12152297n193">This procedure #@#@#78#ptom.</ptxt>
</note>
</procstep>
<procstep id="nev12152297n192">
<title id="nev12152297n191">Installing the #@#@#21# tool</title>
<grate id="nev12152297n190">
<graphic id="nev12152297n189">
<href>0900c8af8005dd1#@#@#9#.jpeg</href>
</graphic>
<graphtext id="nev12152297n185">
<para id="nev12152297n184">
<ptxt id="nev12152297n183">Remove the star#@#@#153#all: <toolitem id="nev12152297n182" imageid="0900c8af800544b8"/>. Make sure tha#@#@#34#ock. </ptxt>
</para>
</graphtext>
</grate>
</procstep>
<procstep id="nev12152297n178">
<title id="nev12152297n177">Aligning the cr#@#@#3#shaft</title>
<grate id="nev12152297n176">
<graphic id="nev12152297n175">
<href>0900c8af827696e#@#@#11#.jpeg</href>
</graphic>
<graphtext id="nev12152297n171">
<ptxt id="nev12152297n170">Turn the cranks#@#@#170#ump. </ptxt>
</graphtext>
</grate>
</procstep>
<procstep id="nev12152297n169">
<title id="nev12152297n168">Installing the #@#@#37#shaft</title>
<grate id="nev12152297n167">
<graphic id="nev12152297n166">
<href>0900c8af81d9008#@#@#9#.jpeg</href>
</graphic>
<graphtext id="nev12152297n162">
<note id="nev12152297n161">
<ptxt id="nev12152297n160"> Oil the center#@#@#24#on.  </ptxt>
</note>
<para id="nev12152297n159">
<ptxt id="nev12152297n158">Press the varia#@#@#143#aft. <emph id="nev12152297n157">Do not tighten yet</emph>. </ptxt>
</para>
<para id="nev12152297n156">
<ptxt id="nev12152297n155">Slacken off, bu#@#@#98#it.  </ptxt>
</para>
<para id="nev12152297n154">
<ptxt id="nev12152297n153"> Position the u#@#@#14#ver. </ptxt>
</para>
</graphtext>
</grate>
</procstep>
<procstep id="nev12152297n152">
<title id="nev12152297n151"/>
<grate id="nev12152297n150">
<graphic id="nev12152297n149">
<href>0900c8af836ca2c#@#@#9#.jpeg</href>
</graphic>
<graphtext id="nev12152297n145">
<para id="nev12152297n144">
<ptxt id="nev12152297n143">Turn the timing#@#@#196#er.  </ptxt>
</para>
</graphtext>
</grate>
</procstep>
<procstep id="nev12152297n142">
<title id="nev12152297n141"/>
<grate id="nev12152297n140">
<graphic id="nev12152297n139">
<href>0900c8af81d9008#@#@#9#.jpeg</href>
</graphic>
<graphtext id="nev12152297n135">
<para id="nev12152297n134">
<ptxt id="nev12152297n133">Check that the #@#@#30# the <emph id="nev12152297n132">limit position</emph> in the oval holes.</ptxt>
</para>
<para id="nev12152297n131">
<ptxt id="nev12152297n130"> Tighten the ce#@#@#6#crew <emph id="nev12152297n129">(1)</emph> in the VVT unit to <emph id="nev12152297n128">120 Nm</emph>.</ptxt>
</para>
<para id="nev12152297n127">
<ptxt id="nev12152297n126">Check that the #@#@#94#n to <emph id="nev12152297n125">35 Nm</emph>.</ptxt>
</para>
<ptxt id="nev12152297n124">Install the bel#@#@#11# the <emph id="nev12152297n123">exhaust camshaft</emph>: Install the b#@#@#48#ews; <emph id="nev12152297n122">do not tighten yet</emph>. </ptxt>
<para id="nev12152297n121">
<ptxt id="nev12152297n120">Check that the #@#@#57#ign. </ptxt>
</para>
</graphtext>
</grate>
</procstep>
<procstep id="nev12152297n119">
<title id="nev12152297n118">Installing the #@#@#6# belt</title>
<list1 enumtype="n" id="nev12152297n117" type="ordered">
<title id="nev12152297n116">Install the bel#@#@#21#der: </title>
<item id="nev12152297n115">
<ptxt id="nev12152297n114"> Fit the timing#@#@#34#shaft</ptxt>
</item>
<item id="nev12152297n113">
<ptxt id="nev12152297n112">the idler pulley</ptxt>
</item>
<item id="nev12152297n111">
<ptxt id="nev12152297n110">cam wheel, exha#@#@#8#haft </ptxt>
</item>
<item id="nev12152297n109">
<ptxt id="nev12152297n108">water pump</ptxt>
</item>
<item id="nev12152297n107">
<ptxt id="nev12152297n106">belt tensioner.</ptxt>
</item>
</list1>
</procstep>
<procstep id="nev12152297n105">
<title id="nev12152297n104"/>
<grate id="nev12152297n103">
<graphic id="nev12152297n102">
<href>0900c8af8005dfc#@#@#9#.jpeg</href>
</graphic>
<graphtext id="nev12152297n98">
<para id="nev12152297n97">
<ptxt id="nev12152297n96">Turn the variab#@#@#38#stop.</ptxt>
</para>
<note id="nev12152297n95">
<ptxt id="nev12152297n94">Hold the VVT un#@#@#60#tted.</ptxt>
</note>
<para id="nev12152297n93">
<ptxt id="nev12152297n92">Check that the #@#@#56#lign.</ptxt>
</para>
</graphtext>
</grate>
</procstep>
<procstep id="nev12152297n91">
<title id="nev12152297n90">Install the tim#@#@#15#nued)</title>
<grate id="nev12152297n89">
<graphic id="nev12152297n88">
<href>0900c8af80054ae#@#@#9#.jpeg</href>
</graphic>
<graphtext id="nev12152297n84">
<para id="nev12152297n83">
<ptxt id="nev12152297n82">Fit the timing #@#@#37#heel.</ptxt>
</para>
</graphtext>
</grate>
</procstep>
</stepgrp>
<stepgrp id="nev12152297n81">
<title id="nev12152297n80">Tighten the tim#@#@#3# belt</title>
<procstep id="nev12152297n79">
<title id="nev12152297n78">Adjust the belt#@#@#5#ioner</title>
<note id="nev12152297n77">
<ptxt id="nev12152297n76">This adjustment#@#@#74#8° F.</ptxt>
</note>
<para id="nev12152297n75">
<ptxt id="nev12152297n74"> At higher temp#@#@#255#ures.</ptxt>
</para>
</procstep>
<procstep id="nev12152297n73">
<title id="nev12152297n72">Tension the tim#@#@#15#lows:</title>
<grate id="nev12152297n71">
<graphic id="nev12152297n70">
<href>0900c8af80054ae#@#@#9#.jpeg</href>
</graphic>
<graphtext id="nev12152297n66">
<para id="nev12152297n65">
<ptxt id="nev12152297n64">Fix the belt te#@#@#140#tion.</ptxt>
</para>
<para id="nev12152297n63">
<ptxt id="nev12152297n62">Then turn the e#@#@#93#ture.</ptxt>
</para>
<para id="nev12152297n61">
<ptxt id="nev12152297n60">At the same tim#@#@#105#ndow.</ptxt>
</para>
<para id="nev12152297n59">
<ptxt id="nev12152297n58">If the indicato#@#@#59#ated.</ptxt>
</para>
</graphtext>
</grate>
</procstep>
<procstep id="nev12152297n57">
<title id="nev12152297n56"/>
<note id="nev12152297n55">
<ptxt id="nev12152297n54">The variable va#@#@#112#ened.</ptxt>
</note>
<list1 enumtype="n" id="nev12152297n53" type="ordered">
<item id="nev12152297n52">
<ptxt id="nev12152297n51">tighten the scr#@#@#56#t to <emph id="nev12152297n50">10 Nm</emph>
</ptxt>
</item>
<item id="nev12152297n49">
<ptxt id="nev12152297n48">install the scr#@#@#39#ulley</ptxt>
</item>
<item id="nev12152297n47">
<ptxt id="nev12152297n46">tighten the scr#@#@#53#t to <emph id="nev12152297n45">20 Nm </emph>.</ptxt>
</item>
</list1>
</procstep>
<procstep id="nev12152297n44">
<title id="nev12152297n43"/>
<list1 enumtype="d" id="nev12152297n42" type="unordered">
<item id="nev12152297n41">
<ptxt id="nev12152297n40">the camshaft ad#@#@#10#ools <toolitem id="nev12152297n39" imageid="0900c8af800544bc"/>
</ptxt>
</item>
<item id="nev12152297n35">
<ptxt id="nev12152297n34">the crankshaft stop <toolitem id="nev12152297n33" imageid="0900c8af800544b8"/>.</ptxt>
</item>
</list1>
<para id="nev12152297n29">
<ptxt id="nev12152297n28">Install the plu#@#@#35#n to <emph id="nev12152297n27">40 Nm</emph>.</ptxt>
</para>
</procstep>
<procstep id="nev12152297n26">
<title id="nev12152297n25">Checking the ma#@#@#18#nsion</title>
<grate id="nev12152297n24">
<graphic id="nev12152297n23">
<href>0900c8af80054ae#@#@#9#.jpeg</href>
</graphic>
<graphtext id="nev12152297n19">
<list1 enumtype="d" id="nev12152297n18" type="unordered">
<item id="nev12152297n17">
<ptxt id="nev12152297n16">press the belt #@#@#52#asily</ptxt>
</item>
<item id="nev12152297n15">
<ptxt id="nev12152297n14">install the upp#@#@#15#cover</ptxt>
</item>
<item id="nev12152297n13">
<ptxt id="nev12152297n12">turn the cranks#@#@#84#align</ptxt>
</item>
<item id="nev12152297n11">
<ptxt id="nev12152297n10">check that the #@#@#54#rea. </ptxt>
</item>
</list1>
</graphtext>
</grate>
</procstep>
</stepgrp>
</procedure>
</servinfosub>