<?xml version="1.0" encoding="UTF-8"?><servinfosub IE-ID="en-US0900c8af823e6815" docno="VCC-167515" id="KC09051374" xml:lang="en-US">
<title>
<phrase category="" id="KC09649974" phrase-urn="urn:x-nevis:phrase:0800c8af82742172">Troubleshooting#@#@#7#64600</phrase>
</title>
<diagnostic type="test">
<testgrp IE-ID="en-US0900c8af823e6815_KC09051386" id="KC09051386" j2008use="1" paperuse="1" resumable="1" screenuse="1" testgrp-id="statusnod" x="120" y="240">
<title>
<phrase category="" id="KC09649975" phrase-urn="urn:x-nevis:phrase:0800c8af82742173">Checking the status</phrase>
</title>
<node>
<test1>
<diaglist>
<dgraphic>
<dgraphic1>
<graphic id="KC09649976">
<href>0900c8af80054d5#@#@#9#.jpeg</href>
</graphic>
</dgraphic1>
</dgraphic>
<ditem>
<ptxt>
<phrase category="" id="KC09649977" phrase-urn="urn:x-nevis:phrase:0800c8af82742174">Ignition on</phrase>
</ptxt>
</ditem>
</diaglist>
<test2>
<para>
<ptxt>
<phrase category="" id="KC09649978" phrase-urn="urn:x-nevis:phrase:0800c8af82742175">Read the diagno#@#@#111#list.</phrase>
</ptxt>
</para>
<para>
<ptxt>
<phrase category="" id="KC09649979" phrase-urn="urn:x-nevis:phrase:0800c8af82742176">Check if the ma#@#@#131#ed”. </phrase>
</ptxt>
</para>
<para>
<ptxt>
<phrase category="" id="KC09649980" phrase-urn="urn:x-nevis:phrase:0800c8af82742177">If the trouble #@#@#202# now.</phrase>
</ptxt>
</para>
<note>
<ptxt>
<phrase category="" id="KC09649981" phrase-urn="urn:x-nevis:phrase:0800c8af82742178">Trouble status #@#@#84#ycle.</phrase>
</ptxt>
</note>
<diaglist>
<dgraphic>
<dgraphic2>
<graphic id="KC09649982">
<href>0900c8af86c8681#@#@#9#.jpeg</href>
</graphic>
<smarttool active="press" id="KC09649983" toolname="GECM2010"/>
</dgraphic2>
</dgraphic>
<ditem>
<ditemtext>
<ptxt>
<phrase category="" id="KC09649984" phrase-urn="urn:x-nevis:phrase:0800c8af82742179"/>
</ptxt>
</ditemtext>
</ditem>
</diaglist>
<grate>
<graphic id="KC09649985">
<href>0900c8af807318a#@#@#9#.jpeg</href>
</graphic>
</grate>
</test2>
</test1>
<question>
Select Continue.
</question>
<resact-grp>
<result button="cont" comp="button" highlight="0" text=""/>
<action j2008use="1" paperuse="1" screenuse="1">
<ptxt>
<xref>
<ref id="KC09649987"/>
</xref>
</ptxt>
</action>
</resact-grp>
</node>
</testgrp>
<testgrp id="KC09051387" j2008use="1" paperuse="1" resumable="1" screenuse="1" testgrp-id="node1" x="120" y="80">
<title>
<phrase category="" id="KC09649988" phrase-urn="urn:x-nevis:phrase:0800c8af8274217b">Checking compon#@#@#9#ables</phrase>
</title>
<node>
<test1>
<diaglist>
<dgraphic>
<dgraphic1>
<graphic id="KC09649989">
<href>0900c8af80054d4#@#@#9#.jpeg</href>
</graphic>
</dgraphic1>
</dgraphic>
<ditem>
<ptxt>
<phrase category="" id="KC09649990" phrase-urn="urn:x-nevis:phrase:0800c8af8274217c">Ignition off</phrase>
</ptxt>
</ditem>
</diaglist>
<test2>
<para>
<ptxt>
<phrase category="" id="KC09649991" phrase-urn="urn:x-nevis:phrase:0800c8af8274217d">Check the signa#@#@#48#cuit.</phrase>
</ptxt>
<ptxt>
<phrase category="" id="KC09649992" phrase-urn="urn:x-nevis:phrase:0800c8af8274217e">Check between e#@#@#81# (+).</phrase>
</ptxt>
</para>
<para>
<ptxt>
<phrase category="" id="KC09649993" phrase-urn="urn:x-nevis:phrase:0800c8af8274217f">Remedy as necessary.</phrase>
</ptxt>
</para>
<list1 enumtype="d" type="unordered">
<title>
<phrase category="" id="KC09649994" phrase-urn="urn:x-nevis:phrase:0800c8af82742180">Other information</phrase>
</title>
<item>
<ptxt>
<phrase category="" id="KC09649995" phrase-urn="urn:x-nevis:phrase:0800c8af82742181">
<xref>
<ref id="KC09649996"/>
</xref>
</phrase>
</ptxt>
</item>
<item>
<ptxt>
<phrase category="" id="KC09649997" phrase-urn="urn:x-nevis:phrase:0800c8af82742182">
<xref>
<ref id="KC09649998"/>
</xref>
</phrase>
</ptxt>
</item>
<item>
<ptxt>
<phrase category="" id="KC09649999" phrase-urn="urn:x-nevis:phrase:0800c8af82742183">
<xref>
<ref id="KC09650000"/>
</xref>
</phrase>
</ptxt>
</item>
</list1>
<diaglist>
<dgraphic>
<dgraphic1>
<graphic id="KC09650001">
<href>0900c8af80058cc#@#@#9#.jpeg</href>
</graphic>
</dgraphic1>
</dgraphic>
</diaglist>
<grate>
<graphic id="KC09650002">
<href>0900c8af807318a#@#@#9#.jpeg</href>
</graphic>
</grate>
</test2>
</test1>
<question>
Select Continue.
</question>
<resact-grp>
<result button="cont" comp="button" highlight="0"/>
<action j2008use="1" paperuse="1" screenuse="1">
<ptxt>
<xref>
<ref id="KC09650004"/>
</xref>
</ptxt>
</action>
</resact-grp>
</node>
</testgrp>
<testgrp id="KC09051388" j2008use="1" paperuse="1" resumable="1" screenuse="1" testgrp-id="veria" x="120" y="200">
<title>
<phrase category="" id="KC09650005" phrase-urn="urn:x-nevis:phrase:0800c8af82742185">Verification</phrase>
</title>
<subcalloutnode>
<diagcallout>
<xref>
<ref id="KC09650006"/>
</xref>
</diagcallout>
<rescall-grp>
<result comp="string" highlight="0" op="eq" return="VERIFIED"/>
<calloutaction>
<return value="FAULT FOUND"/>
</calloutaction>
</rescall-grp>
<rescall-grp>
<result comp="string" highlight="0" op="eq" return="VERIFICATION FAILED"/>
<calloutaction>
<ptxt>
<xref>
<ref id="KC09650007"/>
</xref>
</ptxt>
</calloutaction>
</rescall-grp>
</subcalloutnode>
</testgrp>
<testgrp id="KC09051389" j2008use="1" paperuse="0" resumable="1" screenuse="1" testgrp-id="info1" x="360" y="200">
<title>
<phrase category="" id="KC09650008" phrase-urn="urn:x-nevis:phrase:0800c8af82742186">Troubleshooting#@#@#7#ation</phrase>
</title>
<subcalloutnode>
<diagcallout>
<xref>
<ref id="KC09650009"/>
</xref>
</diagcallout>
<rescall-grp>
<result comp="string" highlight="0" op="eq" return="FAULTTRACING FAILED"/>
<calloutaction>
<return value="FAULTTRACING FAILED"/>
</calloutaction>
</rescall-grp>
<rescall-grp>
<result comp="string" highlight="0" op="eq" return="NEW TRY"/>
<calloutaction>
<ptxt>
<xref>
<ref id="KC09650010"/>
</xref>
</ptxt>
</calloutaction>
</rescall-grp>
</subcalloutnode>
</testgrp>
</diagnostic>
</servinfosub>