<?xml version="1.0" encoding="UTF-8"?><servinfosub IE-ID="en-US0900c8af85889815" docno="VCC-370314" id="nev13712344n1" original="sv-SE" servinfosubId="nev13712345n1-nev14430190n1" servinfosubRes="0900c8af8588981b" servinfosubRes2="urn:x-nevis:fragment:0900c8af85889815:0900c8af8588981b#nev14430190n1" xml:lang="en-US">
<title id="nev13712341n74">Exhaust system,#@#@#1#check</title>
<toolitemtable id="nev13712345n1-nev17757785n18">
<table id="nev13712345n1-nev17757785n17">
<tgroup cols="2" id="nev13712345n1-nev17757785n16">
<colspec colname="COLSPEC0" colwidth="1.00*" id="nev13712345n1-nev17757785n15"/>
<colspec colname="COLSPEC1" colwidth="1.00*" id="nev13712345n1-nev17757785n14"/>
<thead id="nev13712345n1-nev17757785n13">
<row id="nev13712345n1-nev17757785n12">
<entry id="nev13712345n1-nev17757785n11" nameend="COLSPEC1" namest="COLSPEC0" valign="top">
<ptxt id="nev13712345n1-nev17757785n10">
<emph id="nev13712345n1-nev17757785n9">Special tools</emph>
</ptxt>
</entry>
</row>
</thead>
<tbody id="nev13712345n1-nev17757785n8">
<row id="nev13712345n1-nev17757785n7">
<entry id="nev13712345n1-nev17757785n6">
<graphic id="nev13712345n1-nev17757785n5">
<href>0900c8af84acbd3#@#@#9#.jpeg</href>
</graphic>
</entry>
<entry id="nev13712345n1-nev17757785n4">
<ptxt id="nev13712345n1-nev17757785n3">
<emph id="nev13712345n1-nev17757785n2">999 7396 Adapter</emph>
</ptxt>
<ptxt id="nev13712345n1-nev17757786n100">
<emph id="nev13712345n1-nev17757786n99">Tool number:</emph>999 7396</ptxt>
<ptxt id="nev13712345n1-nev17757786n98">
<emph id="nev13712345n1-nev17757786n97">Tool description:</emph>Adapter</ptxt>
<ptxt id="nev13712345n1-nev17757786n95">
<emph id="nev13712345n1-nev17757786n94">Tool boards:</emph>20</ptxt>
</entry>
</row>
<row id="nev13712345n1-nev17757786n93">
<entry id="nev13712345n1-nev17757786n92">
<graphic id="nev13712345n1-nev17757786n91">
<href>0900c8af8005440#@#@#9#.jpeg</href>
</graphic>
</entry>
<entry id="nev13712345n1-nev17757786n90">
<ptxt id="nev13712345n1-nev17757786n89">
<emph id="nev13712345n1-nev17757786n88">999 5544 REGULA#@#@#27#55469</emph>
</ptxt>
<ptxt id="nev13712345n1-nev17757786n86">
<emph id="nev13712345n1-nev17757786n85">Tool number:</emph>999 5544</ptxt>
<ptxt id="nev13712345n1-nev17757786n84">
<emph id="nev13712345n1-nev17757786n83">Tool description:</emph>REGULATOR (USED#@#@#18#55469</ptxt>
<ptxt id="nev13712345n1-nev17757786n81">
<emph id="nev13712345n1-nev17757786n80">Tool boards:</emph>23</ptxt>
</entry>
</row>
</tbody>
</tgroup>
</table>
</toolitemtable>
<materialtable id="nev13712345n1-nev17757786n79">
<table id="nev13712345n1-nev17757786n78">
<tgroup cols="2" id="nev13712345n1-nev17757786n77">
<colspec colname="COLSPEC0" colwidth="1.00*" id="nev13712345n1-nev17757786n76"/>
<colspec colname="COLSPEC1" colwidth="1.00*" id="nev13712345n1-nev17757786n75"/>
<thead id="nev13712345n1-nev17757786n74">
<row id="nev13712345n1-nev17757786n73">
<entry id="nev13712345n1-nev17757786n72" nameend="COLSPEC1" namest="COLSPEC0" valign="top">
<ptxt id="nev13712345n1-nev17757786n71">
<emph id="nev13712345n1-nev17757786n70">Materials</emph>
</ptxt>
</entry>
</row>
</thead>
<tbody id="nev13712345n1-nev17757786n69">
<row id="nev13712345n1-nev17757786n68">
<entry id="nev13712345n1-nev17757786n67">
<ptxt id="nev13712345n1-nev17757786n66">
<emph id="nev13712345n1-nev17757786n65">Designation</emph>
</ptxt>
</entry>
<entry id="nev13712345n1-nev17757786n64">
<ptxt id="nev13712345n1-nev17757786n63">
<emph id="nev13712345n1-nev17757786n62">Part number</emph>
</ptxt>
</entry>
</row>
<row id="nev13712345n1-nev17757786n61">
<entry id="nev13712345n1-nev17757786n60">
<ptxt id="nev13712345n1-nev17757786n59">soap solution</ptxt>
</entry>
<entry id="nev13712345n1-nev17757786n57">
<ptxt id="nev13712345n1-nev17757786n56"/>
</entry>
</row>
</tbody>
</tgroup>
</table>
</materialtable>
<procedure id="nev13712345n1-nev14430199n5">
<stepgrp boilerplate="false" context="" id="nev13712345n1-nev17757785n31">
<title id="nev13712345n1-nev15007392n82">Removal</title>
<procstep id="nev13712345n1-nev14430200n4">
<para id="nev13712345n1-nev17757785n29">
<ptxt id="nev13712345n1-nev17757785n30">See information#@#@#21# body<xref boilerplate="true" id="nev13712345n1-nev15007392n79">
<ref id="nev13712345n1-nev14430200n9"/>
</xref>
</ptxt>
</para>
</procstep>
<procstep id="nev13712345n1-nev14495415n10">
<grate id="nev13712345n1-nev14960625n4">
<graphic id="nev13712345n1-nev14960625n5">
<href>0900c8af84afeb0#@#@#9#.jpeg</href>
</graphic>
</grate>
</procstep>
<procstep id="nev13712345n1-nev14960590n7">
<grate id="nev13712345n1-nev14960625n2">
<graphic id="nev13712345n1-nev14960625n3">
<href>0900c8af84afeb0#@#@#9#.jpeg</href>
</graphic>
<graphtext id="nev13712345n1-nev17757802n1">
<para id="nev13712345n1-nev17757785n27">
<ptxt id="nev13712345n1-nev17757785n28">
<toolitem boilerplate="true" id="nev13712345n1-nev14960626n100" imageid="0900c8af84acbd32"/>
<toolitem boilerplate="false" id="nev13712345n1-nev14960626n99" imageid="0900c8af8005440a"/>
</ptxt>
</para>
<para id="nev13712345n1-nev17757785n25">
<ptxt id="nev13712345n1-nev17757785n26">
<torque id="nev13712345n1-nev14960626n97">
<ref id="nev13712345n1-nev14960626n95"/>
</torque>
</ptxt>
</para>
</graphtext>
</grate>
</procstep>
</stepgrp>
<stepgrp boilerplate="false" context="" id="nev13712345n1-nev17757785n24">
<title id="nev13712345n1-nev15007392n73">Leak detection</title>
<procstep id="nev13712345n1-nev14960590n4">
<grate id="nev13712345n1-nev14960626n90">
<graphic id="nev13712345n1-nev14960626n91">
<href>0900c8af84afeb0#@#@#9#.jpeg</href>
</graphic>
<graphtext id="nev13712345n1-nev17757815n1">
<para id="nev13712345n1-nev17757785n22">
<ptxt id="nev13712345n1-nev17757785n23">
<material id="nev13712345n1-nev14960626n87" materialid="" materialname="soap solution" quantity="0.0"/>
</ptxt>
</para>
</graphtext>
</grate>
</procstep>
</stepgrp>
<stepgrp boilerplate="false" context="" id="nev13712345n1-nev17757785n21">
<title id="nev13712345n1-nev15007392n69">Installation</title>
<procstep id="nev13712345n1-nev14960590n1">
<grate id="nev13712345n1-nev14960626n78">
<graphic id="nev13712345n1-nev14960626n79">
<href>0900c8af84afeb0#@#@#9#.jpeg</href>
</graphic>
<graphtext id="nev13712345n1-nev17757822n1">
<para id="nev13712345n1-nev17757785n19">
<ptxt id="nev13712345n1-nev17757785n20">
<torque id="nev13712345n1-nev14960626n77">
<ref id="nev13712345n1-nev14960626n75"/>
</torque>
</ptxt>
</para>
</graphtext>
</grate>
</procstep>
<procstep id="nev13712345n1-nev14430200n10">
<grate id="nev13712345n1-nev14430201n1">
<graphic id="nev13712345n1-nev14430201n2">
<href>0900c8af8353f54#@#@#9#.jpeg</href>
</graphic>
</grate>
</procstep>
</stepgrp>
</procedure>
</servinfosub>