<?xml version="1.0" encoding="UTF-8"?><servinfosub IE-ID="en-US0900c8af82df4815" docno="VCC-142625" id="KC01740329" xml:lang="en-US">
<title id="nev11124837n250">Sensors for che#@#@#16#ystem</title>
<list1 enumtype="d" id="nev11124837n248" type="unordered">
<item id="nev11124837n246">
<ptxt id="nev11124837n244">
<xref id="nev11124837n242">
<ref id="KC07563833"/>
</xref>
</ptxt>
</item>
<item id="nev11124837n237">
<ptxt id="nev11124837n235">
<xref id="nev11124837n233">
<ref id="KC07563834"/>
</xref>
</ptxt>
</item>
<item id="nev11124837n228">
<ptxt id="nev11124837n226">
<xref id="nev11124837n224">
<ref id="KC07563835"/>
</xref>
</ptxt>
</item>
<item id="nev11124837n219">
<ptxt id="nev11124837n217">
<xref id="nev11124837n215">
<ref id="KC07563836"/>
</xref>
</ptxt>
</item>
<item id="nev11124837n210">
<ptxt id="nev11124837n208">
<xref id="nev11124837n206">
<ref id="KC07563837"/>
</xref>
</ptxt>
</item>
<item id="nev11124837n201">
<ptxt id="nev11124837n199">
<xref id="nev11124837n197">
<ref id="KC07563838"/>
</xref>
</ptxt>
</item>
<item id="nev11124837n192">
<ptxt id="nev11124837n190">
<xref id="nev11124837n188">
<ref id="KC07563839"/>
</xref>
</ptxt>
</item>
<item id="nev11124837n183">
<ptxt id="nev11124837n181">
<xref id="nev11124837n179">
<ref id="KC07563840"/>
</xref>
</ptxt>
</item>
<item id="nev11124837n174">
<ptxt id="nev11124837n172">
<xref id="nev11124837n170">
<ref id="KC07563841"/>
</xref>
</ptxt>
</item>
<item id="nev11124837n165">
<ptxt id="nev11124837n163">
<xref id="nev11124837n161">
<ref id="KC07563842"/>
</xref>
</ptxt>
</item>
<item id="nev11124837n156">
<ptxt id="nev11124837n154">
<xref id="nev11124837n152">
<ref id="KC07563843"/>
</xref>
</ptxt>
</item>
<item id="nev11124837n147">
<ptxt id="nev11124837n145">
<xref id="nev11124837n143">
<ref id="KC07563844"/>
</xref>
</ptxt>
</item>
<item id="nev11124837n138">
<ptxt id="nev11124837n136">
<xref id="nev11124837n134">
<ref id="KC07563845"/>
</xref>
</ptxt>
</item>
<item id="nev11124837n129">
<ptxt id="nev11124837n127">
<xref id="nev11124837n125">
<ref id="KC07563846"/>
</xref>
</ptxt>
</item>
<item id="nev11124837n120">
<ptxt id="nev11124837n118">
<xref id="nev11124837n116">
<ref id="KC07563847"/>
</xref>
</ptxt>
</item>
<item id="nev11124837n111">
<ptxt id="nev11124837n109">
<xref id="nev11124837n107">
<ref id="KC07563848"/>
</xref>
</ptxt>
</item>
<item id="nev11124837n102">
<ptxt id="nev11124837n100">
<xref id="nev11124837n98">
<ref id="KC07563849"/>
</xref>
</ptxt>
</item>
<item id="nev11124837n93">
<ptxt id="nev11124837n91">
<xref id="nev11124837n89">
<ref id="KC07563850"/>
</xref>
</ptxt>
</item>
<item id="nev11124838n224">
<ptxt id="nev11124838n113">
<xref id="nev11124838n2">
<ref id="nev11124839n141"/>
</xref>
</ptxt>
</item>
</list1>
</servinfosub>