<?xml version="1.0" encoding="UTF-8"?><script xmlns:nevis="http://www.volvocars.com/namespaces/processing" xmlns:xlink="http://www.w3.org/1999/xlink" IE-ID="en-US0900c8af81d54815" docno="VCC-235603" id="nev10098477n1" nevis:expl-profile="mdl874yr1999, mdl875yr1999, mdl873yr2001, mdl873yr1999, mdl873yr2000, mdl872yr2001, mdl875yr2000, mdl872yr1999, mdl874yr2000, mdl873yr2002, mdl872yr2000, mdl873yr2003, mdl872yr2002, mdl873yr2004, mdl876yr2000, mdl876yr1999, mdl873yr2005" nevis:profile="urn:x-nevis:profile:0b00c8af802063e9 urn:x-nevis:profile:0b00c8af802063ec urn:x-nevis:profile:0b00c8af802063f0 urn:x-nevis:profile:0b00c8af80206404 urn:x-nevis:profile:0b00c8af80206409 urn:x-nevis:profile:0b00c8af80206410 urn:x-nevis:profile:0b00c8af8020641f urn:x-nevis:profile:0b00c8af80206427 urn:x-nevis:profile:0b00c8af8020642f urn:x-nevis:profile:0b00c8af80206449 urn:x-nevis:profile:0b00c8af8020644d urn:x-nevis:profile:0b00c8af80206452 urn:x-nevis:profile:0b00c8af8020648e urn:x-nevis:profile:0b00c8af802064ba urn:x-nevis:profile:0b00c8af802065d6 urn:x-nevis:profile:0b00c8af802065f5 urn:x-nevis:profile:0b00c8af813c6d14" nevis:projectdocument="urn:x-nevis:projectdocument:0800c8af81d54803" nevis:resource="0900c8af81d5481a" nevis:resource2="urn:x-nevis:fragment:0900c8af81d54815:0900c8af81d5481a#nev10098477n1" nevis:session-id="" qualifierinfotype="14:00" type="" xml:lang="en-US"><title>Read engine speed</title><content gui="1" height="140" id="nev10098478n1-nev10098477n3" nevis:expl-profile="mdl874yr1999, mdl875yr1999, mdl873yr2001, mdl873yr1999, mdl873yr2000, mdl872yr2001, mdl875yr2000, mdl872yr1999, mdl874yr2000, mdl873yr2002, mdl872yr2000, mdl873yr2003, mdl872yr2002, mdl873yr2004, mdl876yr2000, mdl876yr1999, mdl873yr2005" nevis:idfrom="nev10098478n1" nevis:prefix="nev10098478n1" nevis:profile="urn:x-nevis:profile:0b00c8af802063e9 urn:x-nevis:profile:0b00c8af802063ec urn:x-nevis:profile:0b00c8af802063f0 urn:x-nevis:profile:0b00c8af80206404 urn:x-nevis:profile:0b00c8af80206409 urn:x-nevis:profile:0b00c8af80206410 urn:x-nevis:profile:0b00c8af8020641f urn:x-nevis:profile:0b00c8af80206427 urn:x-nevis:profile:0b00c8af8020642f urn:x-nevis:profile:0b00c8af80206449 urn:x-nevis:profile:0b00c8af8020644d urn:x-nevis:profile:0b00c8af80206452 urn:x-nevis:profile:0b00c8af8020648e urn:x-nevis:profile:0b00c8af802064ba urn:x-nevis:profile:0b00c8af802065d6 urn:x-nevis:profile:0b00c8af802065f5 urn:x-nevis:profile:0b00c8af813c6d14" nevis:resource="0900c8af81d54818" nevis:resource2="urn:x-nevis:fragment:0900c8af81d54815:0900c8af81d54818#nev10098477n3" width="400" xml:lang="en-US"><nodes id="nev10098478n1-nev10098510n1"><node class="Components.StartNode" id="nev10098478n1-nev10098511n1" nodeid="Start" x="17" y="58"/><node class="Components.Gui.ParameterLabel" id="nev10098478n1-nev10098512n1" nodeid="ParameterLabel1" x="541" y="53"><gui height="70" id="nev10098478n1-nev10098513n1" width="380" x="10" y="10"/><property class="Parameter" id="nev10098478n1-nev10098514n1" name="Parameter" type="In" value="" visible="1"/><property class="String" id="nev10098478n1-nev10098515n1" name="Title" type="In" value="" visible="1"/><property class="String" id="nev10098478n1-nev10098516n1" name="Value" type="In" value="" visible="1"/><property class="String" id="nev10098478n1-nev10098517n1" name="Unit" type="In" value="" visible="1"/></node><node class="Components.ScriptComponent" id="nev10098478n1-nev10098518n1" nodeid="ScriptComponent1" x="209" y="253"/><node class="Components.IdentifierComponent" id="nev10098478n1-nev10098519n1" nodeid="IdentifierComponent1" x="374" y="23"><property class="Parameter" id="nev10098478n1-nev10098520n1" name="Engine speed" type="Out" value="" visible="1"/><extension id="nev10098478n1-nev10098521n1"><identifier ecu="381102" ecuMode="EcuType" id="nev10098478n1-nev10098522n1" read="9" type="REOFF" value="05"><parameter id="nev10098478n1-nev10098523n1" name="Engine speed" textid="4874"/></identifier></extension></node><node class="Components.Repeater" id="nev10098478n1-nev10098524n1" nodeid="Repeater1" x="211" y="107"/><node class="Components.ScriptButton" id="nev10098478n1-nev10098525n1" nodeid="Hide button" x="21" y="253"><gui height="30" id="nev10098478n1-nev10098526n1" width="110" x="280" y="100"/><property class="String" id="nev10098478n1-nev10098527n1" name="Text" type="In" value="" visible="0"/><property class="String" id="nev10098478n1-nev10098528n1" name="StartDisabled" type="Internal" value="false" visible="1"/><extension id="nev10098478n1-nev10098529n1"><phrase category="Faulttracing" id="nev10098478n1-nev10098479n1" phrase-urn="urn:x-nevis:phrase:0800c8af81b6b138">Hide</phrase></extension></node></nodes><handlers id="nev10098478n1-nev10098530n1"><eventhandler id="nev10098478n1-nev10098531n1" name="OnStart" node="Start"><call id="nev10098478n1-nev10098532n1" method="UpdateTitles" node="IdentifierComponent1"/><call id="nev10098478n1-nev10098533n1" method="Start" node="Repeater1"/></eventhandler><eventhandler id="nev10098478n1-nev10098534n1" name="OnRepeat" node="Repeater1"><call id="nev10098478n1-nev10098535n1" method="Read" node="IdentifierComponent1"/></eventhandler><eventhandler id="nev10098478n1-nev10098536n1" name="Click" node="Hide button"><call id="nev10098478n1-nev10098537n1" method="CloseDialog" node="ScriptComponent1"/></eventhandler><propertyhandler id="nev10098478n1-nev10098538n1" name="Engine speed" node="IdentifierComponent1"><set id="nev10098478n1-nev10098539n1" node="ParameterLabel1" property="Parameter"/></propertyhandler></handlers></content></script>