<?xml version="1.0" encoding="UTF-8"?><servinfosub IE-ID="en-US0900c8af80421815" docno="VCC-021793" id="KC01418825" xml:lang="en-US">
<title>Master cylinder#@#@#8#ement</title>
<procedure id="KC01577205">
<note>
<ptxt>If master cylin#@#@#188#ties.</ptxt>
</note>
<stepgrp id="KC01519441">
<procstep id="KC01577206">
<title>Removal</title>
<grate>
<graphic id="KC06909442">
<href>0900c8af803f7b1#@#@#9#.jpeg</href>
</graphic>
<graphtext>
<list1 enumtype="d" type="unordered">
<item>
<ptxt>Ignition off.</ptxt>
</item>
<item>
<ptxt>Remove battery #@#@#10#ead.
</ptxt>
</item>
<item>
<ptxt>Remove connecto#@#@#27#nsor.</ptxt>
</item>
<item>
<ptxt>Put rags under #@#@#63#aces.</ptxt>
</item>
<item>
<ptxt>Clean around pi#@#@#21#nder.</ptxt>
</item>
</list1>
</graphtext>
</grate>
</procstep>
<procstep id="KC01577207">
<title/>
<list1 enumtype="d" type="unordered">
<item>
<ptxt>Remove brake pi#@#@#23#nuts.</ptxt>
</item>
<item>
<ptxt>Remove the two #@#@#96#oved.</ptxt>
</item>
</list1>
</procstep>
<procstep id="KC01577208">
<title/>
<grate>
<graphic id="KC06909443">
<href>0900c8af803f7b2#@#@#9#.jpeg</href>
</graphic>
<graphtext>
<list1 enumtype="d" type="unordered">
<item>
<ptxt>Hang up hoses t#@#@#43#g in.</ptxt>
</item>
<item>
<ptxt>Plug hole in fl#@#@#35#ling.</ptxt>
</item>
</list1>
<note>
<ptxt>If master cylin#@#@#186#ties.</ptxt>
</note>
<ptxt>Remove master c#@#@#36#voir.</ptxt>
<note>
<ptxt>Check car's cha#@#@#3#s no.</ptxt>
<list1>
<item>
<ptxt>USA/Canada 4-do#@#@#21#60654</ptxt>
</item>
<item>
<ptxt>USA/Canada 5-do#@#@#19#. 258</ptxt>
</item>
<item>
<ptxt>Europe 4-door u#@#@#17#76400</ptxt>
</item>
<item>
<ptxt>Europe 5-door u#@#@#16# 2800</ptxt>
</item>
</list1>
<ptxt>In cars with lo#@#@#421#hrod.</ptxt>
</note>
</graphtext>
</grate>
</procstep>
</stepgrp>
<stepgrp id="KC01577209">
<procstep id="KC01577210">
<title>Installing</title>
<grate>
<graphic id="KC06909444" width="column">
<href>0900c8af8013754#@#@#11#.jpeg</href>
</graphic>
<graphtext>
<ptxt>Install:</ptxt>
<list1 enumtype="d" type="unordered">
<item>
<ptxt>complete master#@#@#49#nuts.</ptxt>
</item>
<item>
<ptxt>brake pipe, but#@#@#12#ten.
</ptxt>
</item>
</list1>
<note>
<ptxt>Do not use soap#@#@#57#rine.</ptxt>
</note>
<list1 enumtype="d" type="unordered">
<item>
<ptxt>Install:</ptxt>
</item>
<item>
<ptxt>hoses on brake #@#@#12#oir.
</ptxt>
</item>
<item>
<ptxt>connector on br#@#@#18#nsor.</ptxt>
</item>
<item>
<ptxt>battery negativ#@#@#2#lead.</ptxt>
</item>
</list1>
</graphtext>
</grate>
</procstep>
<procstep id="KC01577211">
<title/>
<grate>
<graphic id="KC06909445">
<href>0900c8af803f7b1#@#@#9#.jpeg</href>
</graphic>
<graphtext>
<list1 enumtype="d" type="unordered">
<item>
<ptxt>Fill brake flui#@#@#19#ely.
</ptxt>
</item>
<item>
<ptxt>Tighten pipe ni#@#@#57#ping.</ptxt>
</item>
</list1>
</graphtext>
</grate>
</procstep>
<procstep id="KC01577212">
<title/>
<list1 enumtype="d" type="unordered">
<item>
<ptxt>Bleed braking s#@#@#8# per <xref>
<ref id="KC06909446"/>
</xref>.  Then continu#@#@#23#elow.</ptxt>
</item>
<item>
<ptxt>Bleed clutch in#@#@#11#els.
</ptxt>
</item>
</list1>
</procstep>
<procstep id="KC01577213">
<title>Pressure-testin#@#@#12#stem
</title>
<grate>
<graphic id="KC06909447">
<href>0900c8af80056d9#@#@#9#.jpeg</href>
</graphic>
<graphtext>
<ptxt>Once system has#@#@#34#sted.</ptxt>
<list1 enumtype="d" type="unordered">
<item>
<ptxt>Depress brake p#@#@#67#onds.</ptxt>
</item>
<item>
<ptxt>Check if there #@#@#43#nder.</ptxt>
</item>
</list1>
</graphtext>
</grate>
</procstep>
</stepgrp>
</procedure>
</servinfosub>