<?xml version="1.0" encoding="UTF-8"?><servinfosub IE-ID="en-US0900c8af83492815" docno="VCC-285846" id="nev11420604n1" original="sv-SE" servinfosubId="nev20688135n1-nev20688135n2" servinfosubRes="0900c8af862c372c" servinfosubRes2="urn:x-nevis:fragment:0900c8af83492815:0900c8af862c372c#nev20688135n2" xml:lang="en-US">
<title id="nev11420604n2">Downloading sof#@#@#33#odule</title>
<topic id="nev20688135n1-nev11421156n250">
<title id="nev20688135n1-nev11421156n249">Replacing the c#@#@#8#odule</title>
<para id="nev20688135n1-nev11421156n248">
<ptxt id="nev20688135n1-nev11421156n247">New software ca#@#@#251#dule.</ptxt>
</para>
<para id="nev20688135n1-nev11421156n246">
<ptxt id="nev20688135n1-nev11421156n245">If the comparis#@#@#176#aded.</ptxt>
</para>
<para id="nev20688135n1-nev11421156n244">
<ptxt id="nev20688135n1-nev11421156n243">During a total #@#@#58#load.</ptxt>
</para>
</topic>
<topic id="nev20688135n1-nev11421156n242">
<title id="nev20688135n1-nev11421156n241">Add accessory</title>
<para id="nev20688135n1-nev11421156n240">
<ptxt id="nev20688135n1-nev11421156n239">The following f#@#@#43#lity:</ptxt>
</para>
<list1 enumtype="d" id="nev20688135n1-nev11421156n238" type="unordered">
<item id="nev20688135n1-nev11421156n237">
<ptxt id="nev20688135n1-nev11421156n236">auxiliary heater</ptxt>
</item>
<item id="nev20688135n1-nev11421156n235">
<ptxt id="nev20688135n1-nev11421156n234">parking heater</ptxt>
</item>
<item id="nev20688135n1-nev11421156n233">
<ptxt id="nev20688135n1-nev11421156n232">upgrade to park#@#@#27#eater</ptxt>
</item>
</list1>
</topic>
</servinfosub>