<?xml version="1.0" encoding="UTF-8"?><servinfosub IE-ID="en-US0900c8af81a9621e" docno="VCC-158162" id="KC06254357" xml:lang="en-US">
<title>
<phrase category="" id="KC09536533" phrase-urn="urn:x-nevis:phrase:0800c8af82716805">Internal fault</phrase>
</title>
<diagnostic type="test">
<testgrp IE-ID="en-US0900c8af81a9621e_KC06254901" id="KC06254901" j2008use="1" paperuse="1" resumable="1" screenuse="1" testgrp-id="a1" x="120" y="80">
<title>
<phrase category="" id="KC09536534" phrase-urn="urn:x-nevis:phrase:0800c8af82716812">Checking faults</phrase>
</title>
<node>
<test1>
<diaglist>
<dgraphic>
<dgraphic1>
<graphic id="KC09536535">
<href>0900c8af80054d5#@#@#9#.jpeg</href>
</graphic>
</dgraphic1>
</dgraphic>
<ditem>
<ptxt>
<phrase category="" id="KC09536536" phrase-urn="urn:x-nevis:phrase:0800c8af8271681f">Ignition on. </phrase>
</ptxt>
</ditem>
</diaglist>
<test2>
<ptxt>
<phrase category="" id="KC09536537" phrase-urn="urn:x-nevis:phrase:0800c8af8271682b">Press the power#@#@#83#nism.</phrase>
</ptxt>
</test2>
</test1>
<question>
Is the automat#@#@#34#ing?
</question>
<resact-grp>
<result button="yes" comp="button" highlight="0"/>
<action j2008use="1" paperuse="1" screenuse="1">
<ptxt>
<xref>
<ref id="KC09536539"/>
</xref>
</ptxt>
</action>
</resact-grp>
<resact-grp>
<result button="no" comp="button" highlight="0"/>
<action j2008use="1" paperuse="1" screenuse="1">
<ptxt>
<xref>
<ref id="KC09536540"/>
</xref>
</ptxt>
</action>
</resact-grp>
</node>
</testgrp>
<testgrp id="KC06254902" j2008use="1" paperuse="1" resumable="1" screenuse="1" testgrp-id="a2" x="120" y="160">
<title>
<phrase category="" id="KC09536541" phrase-urn="urn:x-nevis:phrase:0800c8af82716844">Initiation</phrase>
</title>
<node>
<test1>
<diaglist>
<dgraphic>
<dgraphic1>
<graphic id="KC09536542">
<href>0900c8af80054d5#@#@#9#.jpeg</href>
</graphic>
</dgraphic1>
</dgraphic>
<ditem>
<ptxt>
<phrase category="" id="KC09536543" phrase-urn="urn:x-nevis:phrase:0800c8af82716854">Ignition on. </phrase>
</ptxt>
</ditem>
</diaglist>
<test2>
<para>
<ptxt>
<phrase category="" id="KC09536544" phrase-urn="urn:x-nevis:phrase:0800c8af82716864">The window posi#@#@#47#dule.</phrase>
</ptxt>
</para>
<para>
<ptxt>
<phrase category="" id="KC09536545" phrase-urn="urn:x-nevis:phrase:0800c8af82716872">Move the window#@#@#45#trol.</phrase>
</ptxt>
<ptxt>
<phrase category="" id="KC09536546" phrase-urn="urn:x-nevis:phrase:0800c8af8271687d">Initialize the #@#@#2#ndow.</phrase>
</ptxt>
<ptxt>
<phrase category="" id="KC09536547" phrase-urn="urn:x-nevis:phrase:0800c8af82716889">During initiali#@#@#90#gain.</phrase>
</ptxt>
</para>
<diaglist>
<dgraphic>
<dgraphic2>
<graphic id="KC09536548">
<href>0900c8af86c8681#@#@#9#.jpeg</href>
</graphic>
<smarttool active="press" id="KC09536549" toolname="XDDM0001"/>
</dgraphic2>
</dgraphic>
<ditem>
<ditemtext>
<ptxt>
<phrase category="" id="KC09536550" phrase-urn="urn:x-nevis:phrase:0800c8af82716896"/>
</ptxt>
</ditemtext>
</ditem>
</diaglist>
</test2>
</test1>
<question>
Select Continue.
</question>
<resact-grp>
<result button="cont" comp="button" highlight="0"/>
<action j2008use="1" paperuse="1" screenuse="1">
<return value="FAULT FOUND"/>
</action>
</resact-grp>
</node>
</testgrp>
<testgrp id="KC06254903" j2008use="1" paperuse="1" resumable="1" screenuse="1" testgrp-id="interm" x="280" y="80">
<title>
<phrase category="" id="KC09536552" phrase-urn="urn:x-nevis:phrase:0800c8af827168b0">Intermittent fault</phrase>
</title>
<node>
<test1>
<test2>
<para>
<ptxt>
<phrase category="" id="KC09536553" phrase-urn="urn:x-nevis:phrase:0800c8af827168b1">Fault-tracing i#@#@#118#ent. </phrase>
</ptxt>
</para>
</test2>
</test1>
<question>
Select Continue.
</question>
<resact-grp>
<result button="cont" comp="button" highlight="0"/>
<action j2008use="1" paperuse="1" screenuse="1">
<ptxt>
<xref>
<ref id="KC09536555"/>
</xref>
</ptxt>
</action>
</resact-grp>
</node>
</testgrp>
<testgrp id="KC06254904" j2008use="1" paperuse="1" resumable="1" screenuse="1" testgrp-id="info2" x="440" y="80">
<title>
<phrase category="" id="KC09536556" phrase-urn="urn:x-nevis:phrase:0800c8af827168bb">Fault-tracing i#@#@#5#ation</phrase>
</title>
<subcalloutnode>
<diagcallout>
<xref>
<ref id="KC09536557"/>
</xref>
</diagcallout>
<rescall-grp>
<result comp="string" highlight="0" op="eq" return="NEW TRY"/>
<calloutaction>
<ptxt>
<xref>
<ref id="KC09536558"/>
</xref>
</ptxt>
</calloutaction>
</rescall-grp>
<rescall-grp>
<result comp="string" highlight="0" op="eq" return="FAULT FOUND"/>
<calloutaction>
<return value="FAULT FOUND"/>
</calloutaction>
</rescall-grp>
</subcalloutnode>
</testgrp>
</diagnostic>
</servinfosub>