<?xml version="1.0" encoding="UTF-8"?><servinfosub IE-ID="en-US0900c8af86ffe21e" docno="VCC-292266" id="nev11802716n1" xml:lang="en-US">
<title>
<phrase category="Title" id="nev24234461n1" phrase-urn="urn:x-nevis:phrase:0800c8af860b8c66">Read-out of <literal>Readiness</literal>
</phrase>
</title>
<diagnostic j2008use="1" layout="0" paperuse="1" screenuse="1" type="test">
<testgrp IE-ID="en-US0900c8af86ffe21e_nev11802716n3" id="nev11802716n3" j2008use="1" paperuse="1" resumable="1" screenuse="1" testgrp-id="node1" x="160" y="20">
<title>
<phrase category="Title" id="nev20120425n1" phrase-urn="urn:x-nevis:phrase:0800c8af860b8c5a">Checking the la#@#@#15#ion (<literal>"Check engine"</literal>-lamp)</phrase>
</title>
<node>
<test1>
<test2>
<para>
<ptxt>
<phrase category="Faulttracing" id="nev20120429n1" phrase-urn="urn:x-nevis:phrase:0800c8af860b8c69">Before reading #@#@#14# for <literal>Readiness </literal> is started, en#@#@#101#ion (<literal>"Check engine"</literal>-lamp).</phrase>
</ptxt>
<ptxt>
<phrase category="Faulttracing" id="nev20120430n1" phrase-urn="urn:x-nevis:phrase:0800c8af860b8c6c">Check that the #@#@#19# lit.</phrase>
</ptxt>
</para>
<hint>
<ptxt>
<phrase category="Faulttracing" id="nev20120431n1" phrase-urn="urn:x-nevis:phrase:0800c8af860b8c72">The light is al#@#@#18#n on.</phrase>
<phrase category="Faulttracing" id="nev20120432n1" phrase-urn="urn:x-nevis:phrase:0800c8af8491caa9">Therefore, chec#@#@#20#ling.</phrase>
</ptxt>
</hint>
<list1 enumtype="n" type="ordered">
<title>
<phrase category="Faulttracing" id="nev20120434n1" phrase-urn="urn:x-nevis:phrase:0800c8af860b8c97">Select action d#@#@#38#tion.</phrase>
</title>
<item>
<ptxt>
<phrase category="Faulttracing" id="nev20120435n1" phrase-urn="urn:x-nevis:phrase:0800c8af860b8c98">The lamp is lit.</phrase>
</ptxt>
</item>
<item>
<ptxt>
<phrase category="Faulttracing" id="nev20120436n1" phrase-urn="urn:x-nevis:phrase:0800c8af860b8c9a">The lamp is not lit.</phrase>
</ptxt>
</item>
</list1>
</test2>
</test1>
<question>
Select alterna#@#@#20#ove.
</question>
<resact-grp>
<result button="text" comp="button" highlight="0" text="1"/>
<action j2008use="1" paperuse="1" screenuse="1">
<ptxt>
<xref>
<ref id="nev11802717n2"/>
</xref>
</ptxt>
</action>
</resact-grp>
<resact-grp>
<result button="text" comp="button" highlight="0" text="2"/>
<action j2008use="1" paperuse="1" screenuse="1">
<ptxt>
<xref>
<ref id="nev11802717n3"/>
</xref>
</ptxt>
</action>
</resact-grp>
</node>
</testgrp>
<testgrp id="nev11802717n4" j2008use="1" paperuse="1" resumable="1" screenuse="1" testgrp-id="node2" x="60" y="200">
<title>
<phrase category="Title" id="nev20120504n1" phrase-urn="urn:x-nevis:phrase:0800c8af860b8cc1">Reading off <literal>Readiness</literal>, engine contro#@#@#9#(ECM)</phrase>
</title>
<node>
<test1>
<test2>
<para>
<ptxt>
<phrase category="Faulttracing" id="nev20120505n1" phrase-urn="urn:x-nevis:phrase:0800c8af860b8cc3">Read off the st#@#@#4# for <literal>Readiness</literal> from Engine co#@#@#14#ECM).</phrase>
</ptxt>
</para>
<hint>
<ptxt>
<phrase category="Faulttracing" id="nev20120506n1" phrase-urn="urn:x-nevis:phrase:0800c8af860b8cc4">
<literal>Readiness</literal> is reset (to "#@#@#96#ered.</phrase>
</ptxt>
</hint>
<para>
<ptxt>
<phrase category="Faulttracing" id="nev20120511n1" phrase-urn="urn:x-nevis:phrase:0800c8af860b8cd8">If all groups i#@#@#53# the <literal>Readiness</literal> for the vehicl#@#@#8#ady".</phrase>
<phrase category="Faulttracing" id="nev20120512n1" phrase-urn="urn:x-nevis:phrase:0800c8af860b8cda">It is a confirm#@#@#58# run.</phrase>
<phrase category="Faulttracing" id="nev20120513n1" phrase-urn="urn:x-nevis:phrase:0800c8af860b8ce3">This status, in#@#@#35#amp (<literal>"Check engine"</literal>-lamp) not bein#@#@#65#free.</phrase>
</ptxt>
</para>
<note id="nev20119963n85">
<ptxt id="nev20119963n84">
<phrase category="Faulttracing" id="nev20120516n1" phrase-urn="urn:x-nevis:phrase:0800c8af860b8ce5">If the status f#@#@#151#stem.</phrase>
<phrase category="Faulttracing" id="nev20120517n1" phrase-urn="urn:x-nevis:phrase:0800c8af860b8ce7">The status "Not#@#@#69#ions.</phrase>
</ptxt>
</note>
<para>
<ptxt>
<phrase category="Faulttracing" id="nev20120518n1" phrase-urn="urn:x-nevis:phrase:0800c8af860b8cf0">Use local regul#@#@#79#s to <literal>Readiness</literal> is approved or#@#@#51#ady".</phrase>
<phrase category="Faulttracing" id="nev20120519n1" phrase-urn="urn:x-nevis:phrase:0800c8af860b8cf1">Take any action#@#@#45#oups.</phrase>
</ptxt>
</para>
<list1 enumtype="n" type="ordered">
<title>
<phrase category="" id="nev11802717n10" phrase-urn="urn:x-nevis:phrase:0800c8af81c30e38">Select the appr#@#@#39#atus:</phrase>
</title>
<item>
<ptxt>
<phrase category="Title" id="nev20120528n1" phrase-urn="urn:x-nevis:phrase:0800c8af860b8d04">Vehicle is read#@#@#9#ivery</phrase>
</ptxt>
</item>
<item>
<ptxt>
<phrase category="Title" id="nev20195009n1" phrase-urn="urn:x-nevis:phrase:0800c8af860deea6">Actions to atta#@#@#12#eady"</phrase>
</ptxt>
</item>
</list1>
<diaglist>
<dgraphic>
<dgraphic2>
<graphic id="nev11802718n3">
<href>0900c8af86c8681#@#@#9#.jpeg</href>
</graphic>
<smarttool active="press" id="l1143629839967"/>
</dgraphic2>
</dgraphic>
</diaglist>
</test2>
</test1>
<question>
Select alterna#@#@#20#ove.
</question>
<resact-grp>
<result button="text" comp="button" highlight="0" text="1"/>
<action j2008use="1" paperuse="1" screenuse="1">
<ptxt>
<xref>
<ref id="nev11802718n6"/>
</xref>
</ptxt>
</action>
</resact-grp>
<resact-grp>
<result button="text" comp="button" highlight="0" text="2"/>
<action j2008use="1" paperuse="1" screenuse="1">
<ptxt>
<xref>
<ref id="nev11802718n7"/>
</xref>
</ptxt>
</action>
</resact-grp>
</node>
</testgrp>
<testgrp id="nev11802718n8" j2008use="1" paperuse="1" resumable="1" screenuse="1" testgrp-id="node3" x="80" y="480">
<title>
<phrase category="Title" id="nev20195040n1" phrase-urn="urn:x-nevis:phrase:0800c8af860deea6">Actions to atta#@#@#12#eady"</phrase>
</title>
<node>
<test1>
<test2>
<para>
<ptxt>
<phrase category="Faulttracing" id="nev20120537n1" phrase-urn="urn:x-nevis:phrase:0800c8af860b8d1a">Take the follow#@#@#121#tem).</phrase>
</ptxt>
</para>
<hint>
<ptxt>
<phrase category="Faulttracing" id="nev11802719n2" phrase-urn="urn:x-nevis:phrase:0800c8af82294e89">Special circums#@#@#77#ions.</phrase>
<phrase category="Faulttracing" id="nev11802719n3" phrase-urn="urn:x-nevis:phrase:0800c8af822dd8c7">The following i#@#@#77#work.</phrase>
<phrase category="Faulttracing" id="nev11802719n4" phrase-urn="urn:x-nevis:phrase:0800c8af82294e8a">Read more on co#@#@#86#tion.</phrase>
</ptxt>
</hint>
<para id="nev20119963n16">
<ptxt id="nev20119963n15">
<phrase category="Faulttracing" id="nev20120608n1" phrase-urn="urn:x-nevis:phrase:0800c8af860b8ddd">Then start the #@#@#32#ness.</phrase>
</ptxt>
</para>
<list1 enumtype="b" type="ordered">
<title>
<phrase category="" id="nev11802719n5" phrase-urn="urn:x-nevis:phrase:0800c8af81c30e41">Readiness statu#@#@#17#ready</phrase>
</title>
<item>
<ptxt>
<phrase category="" id="nev11802719n6" phrase-urn="urn:x-nevis:phrase:0800c8af81c30e42">Engine idling f#@#@#14#conds</phrase>
</ptxt>
</item>
<item>
<ptxt>
<phrase category="" id="nev11802719n7" phrase-urn="urn:x-nevis:phrase:0800c8af81c30e43">Ignition off</phrase>
</ptxt>
</item>
<item>
<ptxt>
<phrase category="" id="nev11802719n8" phrase-urn="urn:x-nevis:phrase:0800c8af81c30e44">Ignition on.</phrase>
</ptxt>
</item>
</list1>
<list1 enumtype="b" type="ordered">
<title>
<phrase category="" id="nev11802719n9" phrase-urn="urn:x-nevis:phrase:0800c8af81c30e45">Readiness statu#@#@#21#ready</phrase>
</title>
<item>
<ptxt>
<phrase category="" id="nev11802719n10" phrase-urn="urn:x-nevis:phrase:0800c8af81c30e46">Run the engine #@#@#35#0 °C)</phrase>
</ptxt>
</item>
<item>
<ptxt>
<phrase category="" id="nev11802720n1" phrase-urn="urn:x-nevis:phrase:0800c8af81c30e47">Engine idling f#@#@#14#conds</phrase>
</ptxt>
</item>
<item>
<ptxt>
<phrase category="" id="nev11802720n2" phrase-urn="urn:x-nevis:phrase:0800c8af81c30e48">Ignition off</phrase>
</ptxt>
</item>
<item>
<ptxt>
<phrase category="" id="nev11802720n3" phrase-urn="urn:x-nevis:phrase:0800c8af81c30e49">Ignition on.</phrase>
</ptxt>
</item>
</list1>
<list1 enumtype="b" id="nev20119963n71">
<title id="nev20119963n70">
<phrase category="" id="nev20120538n1" phrase-urn="urn:x-nevis:phrase:0800c8af81c30e5a">Readiness statu#@#@#33#ready</phrase>
</title>
<item id="nev20119963n68">
<ptxt id="nev20119963n67">
<phrase category="" id="nev20120539n1" phrase-urn="urn:x-nevis:phrase:0800c8af81c30e5b">Leave the engin#@#@#68#0 °C.</phrase>
</ptxt>
<hint id="nev20119963n65">
<ptxt id="nev20119963n59">
<phrase category="Faulttracing" id="nev20120560n1" phrase-urn="urn:x-nevis:phrase:0800c8af860b8d2c">Open hood align#@#@#47#ling.</phrase>
</ptxt>
</hint>
</item>
<item id="nev20119963n62">
<ptxt id="nev20119963n61">
<phrase category="Faulttracing" id="nev20120541n1" phrase-urn="urn:x-nevis:phrase:0800c8af822650e6">Test drive the car.</phrase>
</ptxt>
</item>
<item id="nev20119963n57">
<ptxt id="nev20119963n56">
<phrase category="" id="nev20120562n1" phrase-urn="urn:x-nevis:phrase:0800c8af81c30e4d">Ignition off</phrase>
</ptxt>
</item>
<item id="nev20119963n55">
<ptxt id="nev20119963n54">
<phrase category="Faulttracing" id="nev20120563n1" phrase-urn="urn:x-nevis:phrase:0800c8af81976d4a">Ignition on.</phrase>
</ptxt>
</item>
</list1>
<list1 enumtype="b" type="ordered">
<title>
<phrase category="" id="nev11802720n4" phrase-urn="urn:x-nevis:phrase:0800c8af81c30e4a">Readiness statu#@#@#18#ready</phrase>
</title>
<item>
<ptxt>
<phrase category="" id="nev11802720n5" phrase-urn="urn:x-nevis:phrase:0800c8af81c30e4b">Run the engine #@#@#35#0 °C)</phrase>
</ptxt>
</item>
<item>
<ptxt>
<phrase category="" id="nev11802720n6" phrase-urn="urn:x-nevis:phrase:0800c8af81c30e4c">Test drive the #@#@#100#conds</phrase>
</ptxt>
</item>
<item>
<ptxt>
<phrase category="" id="nev11802720n7" phrase-urn="urn:x-nevis:phrase:0800c8af81c30e4d">Ignition off</phrase>
</ptxt>
</item>
<item>
<ptxt>
<phrase category="" id="nev11802720n8" phrase-urn="urn:x-nevis:phrase:0800c8af81c30e4e">Ignition on.</phrase>
</ptxt>
</item>
</list1>
<list1 enumtype="b" type="ordered">
<title>
<phrase category="" id="nev11802720n9" phrase-urn="urn:x-nevis:phrase:0800c8af81c30e4f">Readiness statu#@#@#28#ready</phrase>
</title>
<item>
<ptxt>
<phrase category="Faulttracing" id="nev11802720n10" phrase-urn="urn:x-nevis:phrase:0800c8af822dd8e3">Run a quick tes#@#@#47#tion.</phrase>
</ptxt>
<note>
<ptxt>
<phrase category="Faulttracing" id="nev20120584n1" phrase-urn="urn:x-nevis:phrase:0800c8af860b8da4">Only applies to#@#@#13#ions.</phrase>
</ptxt>
</note>
</item>
<item>
<ptxt>
<phrase category="" id="nev20120587n1" phrase-urn="urn:x-nevis:phrase:0800c8af81c30e56">Run the engine #@#@#35#0 °C)</phrase>
</ptxt>
</item>
<item id="nev20119963n49">
<ptxt id="nev20119963n48">
<phrase category="Faulttracing" id="nev20120588n1" phrase-urn="urn:x-nevis:phrase:0800c8af860b8dcb">Engine idling f#@#@#12#utes.</phrase>
</ptxt>
</item>
<item id="nev20119963n46">
<ptxt id="nev20119963n45">
<phrase category="" id="nev20120589n1" phrase-urn="urn:x-nevis:phrase:0800c8af81c30e4d">Ignition off</phrase>
</ptxt>
</item>
<item id="nev20119963n44">
<ptxt id="nev20119963n43">
<phrase category="" id="nev20120590n1" phrase-urn="urn:x-nevis:phrase:0800c8af81c30e4e">Ignition on.</phrase>
</ptxt>
</item>
</list1>
<list1 enumtype="b" type="ordered">
<title>
<phrase category="" id="nev11802721n5" phrase-urn="urn:x-nevis:phrase:0800c8af81c30e55">Readiness statu#@#@#23#ready</phrase>
</title>
<item>
<ptxt>
<phrase category="" id="nev11802721n6" phrase-urn="urn:x-nevis:phrase:0800c8af81c30e56">Run the engine #@#@#35#0 °C)</phrase>
</ptxt>
</item>
<item>
<ptxt>
<phrase category="" id="nev11802721n7" phrase-urn="urn:x-nevis:phrase:0800c8af81c30e57">Test drive the #@#@#100#conds</phrase>
</ptxt>
</item>
<item>
<ptxt>
<phrase category="" id="nev11802721n8" phrase-urn="urn:x-nevis:phrase:0800c8af81c30e58">Ignition off</phrase>
</ptxt>
</item>
<item>
<ptxt>
<phrase category="" id="nev11802721n9" phrase-urn="urn:x-nevis:phrase:0800c8af81c30e59">Ignition on.</phrase>
</ptxt>
</item>
</list1>
<list1 enumtype="b" type="ordered">
<title>
<phrase category="Title" id="nev20120592n1" phrase-urn="urn:x-nevis:phrase:0800c8af860b8dcc">
<literal>Readiness</literal> status: <literal>Oxygen sensor heater</literal> - "Not Ready"</phrase>
</title>
<item>
<ptxt>
<phrase category="Faulttracing" id="nev20120591n1" phrase-urn="urn:x-nevis:phrase:0800c8af860b8dcb">Engine idling f#@#@#12#utes.</phrase>
</ptxt>
</item>
<item>
<ptxt>
<phrase category="" id="nev20120594n1" phrase-urn="urn:x-nevis:phrase:0800c8af81c30e58">Ignition off</phrase>
</ptxt>
</item>
<item>
<ptxt>
<phrase category="" id="nev20120595n1" phrase-urn="urn:x-nevis:phrase:0800c8af81c30e59">Ignition on.</phrase>
</ptxt>
</item>
</list1>
<list1 enumtype="b" id="nev20119963n35">
<title id="nev20119963n34">
<phrase category="Title" id="nev20120596n1" phrase-urn="urn:x-nevis:phrase:0800c8af860b8dce">
<literal>Readiness</literal> status: EGR/VV#@#@#17#eady"</phrase>
</title>
<item id="nev20119963n32">
<ptxt id="nev20119963n31">
<phrase category="" id="nev20120597n1" phrase-urn="urn:x-nevis:phrase:0800c8af81c30e56">Run the engine #@#@#35#0 °C)</phrase>
</ptxt>
</item>
<item id="nev20119963n29">
<ptxt id="nev20119963n28">
<phrase category="Faulttracing" id="nev20120598n1" phrase-urn="urn:x-nevis:phrase:0800c8af860b8dcb">Engine idling f#@#@#12#utes.</phrase>
</ptxt>
</item>
<item id="nev20119963n26">
<ptxt id="nev20119963n25">
<phrase category="Faulttracing" id="nev20120599n1" phrase-urn="urn:x-nevis:phrase:0800c8af8463ea35">Test-drive the #@#@#53#rake.</phrase>
<phrase category="Faulttracing" id="nev20120600n1" phrase-urn="urn:x-nevis:phrase:0800c8af856d1840">Repeat this sev#@#@#6#imes.</phrase>
</ptxt>
</item>
<item id="nev20119963n22">
<ptxt id="nev20119963n21">
<phrase category="" id="nev20120601n1" phrase-urn="urn:x-nevis:phrase:0800c8af81c30e58">Ignition off</phrase>
</ptxt>
</item>
<item id="nev20119963n19">
<ptxt id="nev20119963n18">
<phrase category="" id="nev20120602n1" phrase-urn="urn:x-nevis:phrase:0800c8af81c30e59">Ignition on.</phrase>
</ptxt>
</item>
</list1>
<diaglist>
<dgraphic>
<dgraphic2>
<graphic id="nev11802722n6">
<href>0900c8af86c8681#@#@#9#.jpeg</href>
</graphic>
<smarttool active="press" id="l1143630225979"/>
</dgraphic2>
</dgraphic>
</diaglist>
</test2>
</test1>
<question>
Select Continue.
</question>
<resact-grp>
<result button="cont" comp="button" highlight="0"/>
<action j2008use="1" paperuse="1" screenuse="1">
<ptxt>
<xref>
<ref id="nev11802722n9"/>
</xref>
</ptxt>
</action>
</resact-grp>
</node>
</testgrp>
<testgrp id="nev11802722n10" j2008use="1" paperuse="1" resumable="1" screenuse="1" testgrp-id="node5" x="220" y="200">
<title>
<phrase category="" id="nev11802723n1" phrase-urn="urn:x-nevis:phrase:0800c8af81c30e61">Diagnostic trou#@#@#51#(ECM)</phrase>
</title>
<node>
<test1>
<test2>
<para>
<ptxt>
<phrase category="" id="nev11802723n2" phrase-urn="urn:x-nevis:phrase:0800c8af81c30e62">Fault-trace and#@#@#42#TCs).</phrase>
</ptxt>
</para>
<hint>
<ptxt>
<phrase category="Faulttracing" id="nev20120438n1" phrase-urn="urn:x-nevis:phrase:0800c8af860b8cbe">For information#@#@#59#lamp <literal>("Check engine"</literal>-lamp), see dia#@#@#71#odes.</phrase>
</ptxt>
</hint>
</test2>
</test1>
<question>
Select Continue.
</question>
<resact-grp>
<result button="cont" comp="button" highlight="0"/>
<action j2008use="1" paperuse="1" screenuse="1">
<return value="ANOTHER TEST"/>
</action>
</resact-grp>
</node>
</testgrp>
<testgrp id="nev11802723n5" j2008use="1" paperuse="1" resumable="1" screenuse="1" testgrp-id="node6" x="140" y="360">
<title>
<phrase category="Title" id="nev20120526n1" phrase-urn="urn:x-nevis:phrase:0800c8af860b8d04">Vehicle is read#@#@#9#ivery</phrase>
</title>
<node>
<test1>
<test2>
<list1 enumtype="b">
<title>
<phrase category="" id="nev11802723n7" phrase-urn="urn:x-nevis:phrase:0800c8af81c30e65">The following h#@#@#14#ined:</phrase>
</title>
<item>
<ptxt>
<phrase category="Faulttracing" id="nev20120531n1" phrase-urn="urn:x-nevis:phrase:0800c8af860b8d07">Engine control #@#@#79#lamp(<literal>"Check engine"</literal>-lamp).</phrase>
</ptxt>
</item>
<item>
<ptxt>
<phrase category="Faulttracing" id="nev20120533n1" phrase-urn="urn:x-nevis:phrase:0800c8af860b8d0d">Status for Read#@#@#12#ady".</phrase>
<phrase category="Faulttracing" id="nev20120534n1" phrase-urn="urn:x-nevis:phrase:0800c8af860b8d10">It is a confirm#@#@#159#ycle.</phrase>
</ptxt>
</item>
</list1>
<hint>
<ptxt>
<phrase category="Faulttracing" id="nev20120535n1" phrase-urn="urn:x-nevis:phrase:0800c8af860b8cc4">
<literal>Readiness</literal> is reset (to "#@#@#96#ered.</phrase>
</ptxt>
</hint>
</test2>
</test1>
<question>
Select Continue.
</question>
<resact-grp>
<result button="cont" comp="button" highlight="0"/>
<action j2008use="1" paperuse="1" screenuse="1">
<return value="ANOTHER TEST"/>
</action>
</resact-grp>
</node>
</testgrp>
</diagnostic>
</servinfosub>