<?xml version="1.0" encoding="UTF-8"?><servinfosub IE-ID="en-US0900c8af8043121e" docno="VCC-042828" id="KC01492885" xml:lang="en-US">
<title>
<phrase category="" id="KC08381115" phrase-urn="urn:x-nevis:phrase:0800c8af81dc1aa9">      Checking #@#@#19#(FC) </phrase>
</title>
<diagnostic type="test">
<testgrp IE-ID="en-US0900c8af8043121e_KC01495718" id="KC01495718" j2008use="1" paperuse="1" resumable="1" screenuse="1" testgrp-id="kd1" x="80" y="80">
<title>
<phrase category="" id="KC08381116" phrase-urn="urn:x-nevis:phrase:0800c8af81dc1aaa">Checking engine#@#@#18#speed</phrase>
</title>
<node>
<test1>
<diaglist>
<dgraphic>
<dgraphic1>
<graphic id="KC08381117">
<href>0900c8af80054d4#@#@#9#.jpeg</href>
</graphic>
</dgraphic1>
</dgraphic>
<ditem>
<ptxt>
<phrase category="" id="KC08381118" phrase-urn="urn:x-nevis:phrase:0800c8af81dc1aab">Ignition off.</phrase>
</ptxt>
</ditem>
<ditem>
<ptxt>
<phrase category="" id="KC08381119" phrase-urn="urn:x-nevis:phrase:0800c8af81dc1aac">Check engine co#@#@#16#peed.</phrase>
</ptxt>
</ditem>
</diaglist>
<test2>
<list1 enumtype="d" type="unordered">
<item>
<ptxt>
<phrase category="" id="KC08381120" phrase-urn="urn:x-nevis:phrase:0800c8af81dc1aad">If the engine c#@#@#68#ct 1.</phrase>
</ptxt>
</item>
<item>
<ptxt>
<phrase category="" id="KC08381121" phrase-urn="urn:x-nevis:phrase:0800c8af81dc1aae">If the engine c#@#@#69#ct 2.</phrase>
</ptxt>
</item>
<item>
<ptxt>
<phrase category="" id="KC08381122" phrase-urn="urn:x-nevis:phrase:0800c8af81dc1aaf">If neither of t#@#@#29#ct 3.</phrase>
</ptxt>
</item>
</list1>
<grate>
<graphic id="KC08381123" width="column">
<href>0900c8af8012e33#@#@#9#.jpeg</href>
</graphic>
</grate>
</test2>
</test1>
<question>Select a suitab#@#@#10#tive.</question>
<resact-grp>
<result button="text" comp="button" highlight="0" text="1"/>
<action j2008use="1" paperuse="1" screenuse="1">
<ptxt>
<xref>
<ref id="KC08381124"/>
</xref>
</ptxt>
</action>
</resact-grp>
<resact-grp>
<result button="text" comp="button" highlight="0" text="2"/>
<action j2008use="1" paperuse="1" screenuse="1">
<ptxt>
<xref>
<ref id="KC08381125"/>
</xref>
</ptxt>
</action>
</resact-grp>
<resact-grp>
<result button="text" comp="button" highlight="0" text="3"/>
<action j2008use="1" paperuse="0" screenuse="1">
<ptxt>
<xref>
<ref id="KC08381126"/>
</xref>
</ptxt>
</action>
</resact-grp>
</node>
</testgrp>
<testgrp id="KC01495719" j2008use="1" paperuse="0" resumable="1" screenuse="1" testgrp-id="kd2halv" x="240" y="80">
<title>
<phrase category="" id="KC08381127" phrase-urn="urn:x-nevis:phrase:0800c8af81dc1ab0">Checking engine#@#@#22#speed</phrase>
</title>
<node>
<test1>
<diaglist>
<dgraphic>
<dgraphic1>
<graphic id="KC08381128">
<href>0900c8af80054d5#@#@#9#.jpeg</href>
</graphic>
</dgraphic1>
</dgraphic>
<ditem>
<ptxt>
<phrase category="" id="KC08381129" phrase-urn="urn:x-nevis:phrase:0800c8af81dc1ab1">Ignition on.</phrase>
</ptxt>
</ditem>
</diaglist>
<test2>
<diaglist>
<dgraphic>
<dgraphic2>
<graphic id="KC08381130">
<href>0900c8af8005433#@#@#9#.jpeg</href>
</graphic>
<smarttool active="press" id="KC08381131" toolname="EF8B013"/>
</dgraphic2>
</dgraphic>
<ditem>
<ptxt>
<phrase category="" id="KC08381132" phrase-urn="urn:x-nevis:phrase:0800c8af81dc1ab2">Select Volvo Sc#@#@#60#peed.</phrase>
</ptxt>
</ditem>
<ditem>
<ditemtext>
<ptxt>
<phrase category="" id="KC08381133" phrase-urn="urn:x-nevis:phrase:0800c8af81dc1ab3"/>
</ptxt>
</ditemtext>
</ditem>
</diaglist>
</test2>
</test1>
<question>Select "Continue".</question>
<resact-grp>
<result button="cont" comp="button" highlight="0"/>
<action j2008use="1" paperuse="1" screenuse="1">
<ptxt>
<xref>
<ref id="KC08381134"/>
</xref>
</ptxt>
</action>
</resact-grp>
</node>
</testgrp>
<testgrp id="KC01495720" j2008use="1" paperuse="0" resumable="1" screenuse="1" testgrp-id="kd2hel" x="400" y="80">
<title>
<phrase category="" id="KC08381135" phrase-urn="urn:x-nevis:phrase:0800c8af81dc1ab4">Checking engine#@#@#23#speed</phrase>
</title>
<node>
<test1>
<diaglist>
<dgraphic>
<dgraphic2>
<smarttool active="press" id="KC08381136" toolname="EF8B014"/>
</dgraphic2>
</dgraphic>
<ditem>
<ditemtext>
<ptxt>
<phrase category="" id="KC08381137" phrase-urn="urn:x-nevis:phrase:0800c8af81dc1ab5">Select Volvo Sc#@#@#61#peed.</phrase>
</ptxt>
</ditemtext>
</ditem>
</diaglist>
<test2>
<ptxt>
<phrase category="" id="KC08381138" phrase-urn="urn:x-nevis:phrase:0800c8af81dc1a6f">The following o#@#@#16#able:</phrase>
</ptxt>
<list1 enumtype="n">
<item>
<ptxt>
<phrase category="" id="KC08381139" phrase-urn="urn:x-nevis:phrase:0800c8af81dc1a70">The engine cool#@#@#30#eds. </phrase>
</ptxt>
</item>
<item>
<ptxt>
<phrase category="" id="KC08381140" phrase-urn="urn:x-nevis:phrase:0800c8af81dc1a71">The engine cool#@#@#32#peed.</phrase>
</ptxt>
</item>
<item>
<ptxt>
<phrase category="" id="KC08381141" phrase-urn="urn:x-nevis:phrase:0800c8af81dc1a72">The engine cool#@#@#33#peed.</phrase>
</ptxt>
</item>
<item>
<ptxt>
<phrase category="" id="KC08381142" phrase-urn="urn:x-nevis:phrase:0800c8af81dc1a73">The engine cool#@#@#22#work.</phrase>
</ptxt>
</item>
</list1>
<diaglist>
<dgraphic>
<dgraphic2>
<graphic id="KC08381143">
<href>0900c8af8005433#@#@#9#.jpeg</href>
</graphic>
</dgraphic2>
</dgraphic>
</diaglist>
</test2>
</test1>
<question>Select a suitab#@#@#10#tive.</question>
<resact-grp>
<result button="text" comp="button" highlight="0" text="1"/>
<action j2008use="1" paperuse="1" screenuse="1">
<ptxt>
<xref>
<ref id="KC08381144"/>
</xref>
</ptxt>
</action>
</resact-grp>
<resact-grp>
<result button="text" comp="button" highlight="0" text="2"/>
<action j2008use="1" paperuse="1" screenuse="1">
<ptxt>
<xref>
<ref id="KC08381145"/>
</xref>
</ptxt>
</action>
</resact-grp>
<resact-grp>
<result button="text" comp="button" highlight="0" text="3"/>
<action j2008use="1" paperuse="1" screenuse="1">
<ptxt>
<xref>
<ref id="KC08381146"/>
</xref>
</ptxt>
</action>
</resact-grp>
<resact-grp>
<result button="text" comp="button" highlight="0" text="4"/>
<action j2008use="1" paperuse="1" screenuse="1">
<ptxt>
<xref>
<ref id="KC08381147"/>
</xref>
</ptxt>
</action>
</resact-grp>
</node>
</testgrp>
<testgrp id="KC01495721" j2008use="1" paperuse="0" resumable="1" screenuse="1" testgrp-id="kd3" x="80" y="240">
<title>
<phrase category="" id="KC08381148" phrase-urn="urn:x-nevis:phrase:0800c8af81dc1a74">      Checking #@#@#19#speed</phrase>
</title>
<node>
<test1>
<diaglist>
<dgraphic>
<dgraphic1>
<graphic id="KC08381149">
<href>0900c8af80054d4#@#@#9#.jpeg</href>
</graphic>
</dgraphic1>
<dgraphic2>
<graphic id="KC08381150">
<href>0900c8af80054d7#@#@#9#.jpeg</href>
</graphic>
</dgraphic2>
<dgraphic3>
<graphic id="KC08381151">
<href>0900c8af8012036#@#@#10#.jpeg</href>
</graphic>
</dgraphic3>
</dgraphic>
<ditem>
<ptxt>
<phrase category="" id="KC08381152" phrase-urn="urn:x-nevis:phrase:0800c8af81dc1a75">      Disconnec#@#@#49#lay. </phrase>
</ptxt>
</ditem>
<ditem>
<ptxt>
<phrase category="" id="KC08381153" phrase-urn="urn:x-nevis:phrase:0800c8af81dc1a76">Breakout box co#@#@#3#cted.</phrase>
</ptxt>
</ditem>
</diaglist>
<test2>
<diaglist>
<dgraphic>
<dgraphic1>
<graphic id="KC08381154">
<href>0900c8af8012035#@#@#9#.jpeg</href>
</graphic>
</dgraphic1>
<dgraphic2>
<graphic id="KC08381155">
<href>0900c8af80054d4#@#@#9#.jpeg</href>
</graphic>
<smarttool id="KC08381156" toolname="ODA"/>
</dgraphic2>
</dgraphic>
<ditem>
<ditemtext>
<ptxt>
<phrase category="" id="KC08381157" phrase-urn="urn:x-nevis:phrase:0800c8af81dc1a77">Connect an ohmm#@#@#67#box. </phrase>
</ptxt>
</ditemtext>
</ditem>
</diaglist>
</test2>
</test1>
<question>The ohmmeter sh#@#@#23# 0 Ω.</question>
<resact-grp>
<result button="ok" comp="button" highlight="0"/>
<action j2008use="1" paperuse="1" screenuse="1">
<ptxt>
<xref>
<ref id="KC08381158"/>
</xref>
</ptxt>
</action>
</resact-grp>
<resact-grp>
<result button="notok" comp="button" highlight="0"/>
<action j2008use="1" paperuse="0" screenuse="1">
<ptxt>
<xref>
<ref id="KC08381159"/>
</xref>
</ptxt>
</action>
</resact-grp>
</node>
</testgrp>
<testgrp id="KC01495722" j2008use="1" paperuse="0" resumable="1" screenuse="1" testgrp-id="kd3-1" x="240" y="160">
<title>
<phrase category="" id="KC08381160" phrase-urn="urn:x-nevis:phrase:0800c8af81dc1a78">Checking for an#@#@#8#rcuit</phrase>
</title>
<node>
<test1>
<test2>
<diaglist>
<dgraphic>
<dgraphic2>
<graphic id="KC08381161">
<href>0900c8af80054d4#@#@#9#.jpeg</href>
</graphic>
<smarttool active="press" id="KC08381162" toolname="ODAH"/>
</dgraphic2>
</dgraphic>
<ditem>
<ditemtext>
<ptxt>
<phrase category="" id="KC08381163" phrase-urn="urn:x-nevis:phrase:0800c8af81dc1a79">      check cab#@#@#118#g to <xref>
<ref id="KC08381164"/>
</xref>.</phrase>
</ptxt>
</ditemtext>
</ditem>
</diaglist>
<grate>
<graphic id="KC08381165" width="column">
<href>0900c8af800570b#@#@#9#.jpeg</href>
</graphic>
</grate>
</test2>
</test1>
<question>Select "Continu#@#@#32#ied.
</question>
<resact-grp>
<result button="cont" comp="button" highlight="0"/>
<action j2008use="1" paperuse="0" screenuse="1">
<ptxt>
<xref>
<ref id="KC08381166"/>
</xref>
</ptxt>
</action>
</resact-grp>
</node>
</testgrp>
<testgrp id="KC01495723" j2008use="1" paperuse="1" resumable="1" screenuse="1" testgrp-id="kd4" x="80" y="320">
<title>
<phrase category="" id="KC08381167" phrase-urn="urn:x-nevis:phrase:0800c8af81dc1a7a">      Checking #@#@#40#speed</phrase>
</title>
<node>
<test1>
<diaglist>
<dgraphic>
<dgraphic1>
<graphic id="KC08381168">
<href>0900c8af80054d4#@#@#9#.jpeg</href>
</graphic>
</dgraphic1>
<dgraphic2>
<graphic id="KC08381169">
<href>0900c8af80054d7#@#@#9#.jpeg</href>
</graphic>
</dgraphic2>
</dgraphic>
<ditem>
<ptxt>
<phrase category="" id="KC08381170" phrase-urn="urn:x-nevis:phrase:0800c8af81dc1a7b">      Ignition off.</phrase>
</ptxt>
</ditem>
<ditem>
<ptxt>
<phrase category="" id="KC08381171" phrase-urn="urn:x-nevis:phrase:0800c8af81dc1a7c">      Disconnec#@#@#49#lay. </phrase>
</ptxt>
</ditem>
</diaglist>
<test2>
<diaglist>
<dgraphic>
<dgraphic1>
<graphic id="KC08381172">
<href>0900c8af8012035#@#@#9#.jpeg</href>
</graphic>
</dgraphic1>
<dgraphic2>
<graphic id="KC08381173">
<href>0900c8af80054d4#@#@#9#.jpeg</href>
</graphic>
<smarttool id="KC08381174" toolname="ODA"/>
</dgraphic2>
</dgraphic>
<ditem>
<ditemtext>
<ptxt>
<phrase category="" id="KC08381175" phrase-urn="urn:x-nevis:phrase:0800c8af81dc1a7d">      Connect a#@#@#49#und. </phrase>
</ptxt>
</ditemtext>
</ditem>
</diaglist>
</test2>
</test1>
<question>The ohmmeter sh#@#@#14#10 Ω.</question>
<resact-grp>
<result button="ok" comp="button" highlight="0"/>
<action j2008use="1" paperuse="0" screenuse="1">
<ptxt>
<xref>
<ref id="KC08381176"/>
</xref>
</ptxt>
</action>
</resact-grp>
<resact-grp>
<result button="notok" comp="button" highlight="0"/>
<action j2008use="1" paperuse="0" screenuse="1">
<ptxt>
<xref>
<ref id="KC08381177"/>
</xref>
</ptxt>
</action>
</resact-grp>
</node>
</testgrp>
<testgrp id="KC01495724" j2008use="1" paperuse="0" resumable="1" screenuse="1" testgrp-id="kd4-1" x="240" y="240">
<title>
<phrase category="" id="KC08381178" phrase-urn="urn:x-nevis:phrase:0800c8af81dc1a7e">Replacing component</phrase>
</title>
<node>
<test1>
<test2>
<diaglist>
<ditem>
<ptxt>
<phrase category="" id="KC08381179" phrase-urn="urn:x-nevis:phrase:0800c8af81dc1a7f">Try a new engin#@#@#20#elay.</phrase>
</ptxt>
</ditem>
</diaglist>
</test2>
</test1>
<question>Select "Continu#@#@#32#ied.
</question>
<resact-grp>
<result button="cont" comp="button" highlight="0"/>
<action j2008use="1" paperuse="0" screenuse="1">
<ptxt>
<xref>
<ref id="KC08381180"/>
</xref>
</ptxt>
</action>
</resact-grp>
</node>
</testgrp>
<testgrp id="KC01495725" j2008use="1" paperuse="0" resumable="1" screenuse="1" testgrp-id="kd4-2" x="240" y="320">
<title>
<phrase category="" id="KC08381181" phrase-urn="urn:x-nevis:phrase:0800c8af81dc1a80">Replacing component</phrase>
</title>
<node>
<test1>
<test2>
<diaglist>
<ditem>
<ptxt>
<phrase category="" id="KC08381182" phrase-urn="urn:x-nevis:phrase:0800c8af81dc1a81">Try a new engin#@#@#14#(FC).</phrase>
</ptxt>
</ditem>
</diaglist>
</test2>
</test1>
<question>Select "Continu#@#@#32#ied.
</question>
<resact-grp>
<result button="cont" comp="button" highlight="0"/>
<action j2008use="1" paperuse="0" screenuse="1">
<ptxt>
<xref>
<ref id="KC08381183"/>
</xref>
</ptxt>
</action>
</resact-grp>
</node>
</testgrp>
<testgrp id="KC01495726" j2008use="1" paperuse="1" resumable="1" screenuse="1" testgrp-id="kd5" x="80" y="400">
<title>
<phrase category="" id="KC08381184" phrase-urn="urn:x-nevis:phrase:0800c8af81dc1a82">      Checking #@#@#31# side</phrase>
</title>
<node>
<test1>
<diaglist>
<dgraphic>
<dgraphic1>
<graphic id="KC08381185">
<href>0900c8af80054d4#@#@#9#.jpeg</href>
</graphic>
</dgraphic1>
<dgraphic2>
<graphic id="KC08381186">
<href>0900c8af80054d7#@#@#9#.jpeg</href>
</graphic>
</dgraphic2>
</dgraphic>
<ditem>
<ptxt>
<phrase category="" id="KC08381187" phrase-urn="urn:x-nevis:phrase:0800c8af81dc1a83">      Ignition off.</phrase>
</ptxt>
</ditem>
<ditem>
<ptxt>
<phrase category="" id="KC08381188" phrase-urn="urn:x-nevis:phrase:0800c8af81dc1a84">      Disconnec#@#@#49#lay. </phrase>
</ptxt>
</ditem>
</diaglist>
<test2>
<diaglist>
<dgraphic>
<dgraphic1>
<graphic id="KC08381189">
<href>0900c8af8012035#@#@#9#.jpeg</href>
</graphic>
</dgraphic1>
<dgraphic2>
<graphic id="KC08381190">
<href>0900c8af80054d4#@#@#9#.jpeg</href>
</graphic>
<smarttool id="KC08381191" toolname="ODA"/>
</dgraphic2>
</dgraphic>
<ditem>
<ditemtext>
<ptxt>
<phrase category="" id="KC08381192" phrase-urn="urn:x-nevis:phrase:0800c8af81dc1a85">      Connect a#@#@#49#und. </phrase>
</ptxt>
</ditemtext>
</ditem>
</diaglist>
</test2>
</test1>
<question>The ohmmeter sh#@#@#14#10 Ω.</question>
<resact-grp>
<result button="ok" comp="button" highlight="0"/>
<action j2008use="1" paperuse="0" screenuse="1">
<ptxt>
<xref>
<ref id="KC08381193"/>
</xref>
</ptxt>
</action>
</resact-grp>
<resact-grp>
<result button="notok" comp="button" highlight="0"/>
<action j2008use="1" paperuse="0" screenuse="1">
<ptxt>
<xref>
<ref id="KC08381194"/>
</xref>
</ptxt>
</action>
</resact-grp>
</node>
</testgrp>
<testgrp id="KC01495727" j2008use="1" paperuse="0" resumable="1" screenuse="1" testgrp-id="kd5-1" x="240" y="400">
<title>
<phrase category="" id="KC08381195" phrase-urn="urn:x-nevis:phrase:0800c8af81dc1a86">Replacing component</phrase>
</title>
<node>
<test1>
<test2>
<diaglist>
<ditem>
<ptxt>
<phrase category="" id="KC08381196" phrase-urn="urn:x-nevis:phrase:0800c8af81dc1a87">Try a new engin#@#@#20#elay.</phrase>
</ptxt>
</ditem>
</diaglist>
</test2>
</test1>
<question>Select "Continu#@#@#32#ied.
</question>
<resact-grp>
<result button="cont" comp="button" highlight="0"/>
<action j2008use="1" paperuse="0" screenuse="1">
<ptxt>
<xref>
<ref id="KC08381197"/>
</xref>
</ptxt>
</action>
</resact-grp>
</node>
</testgrp>
<testgrp id="KC01495728" j2008use="1" paperuse="0" resumable="1" screenuse="1" testgrp-id="kd5-2" x="240" y="480">
<title>
<phrase category="" id="KC08381198" phrase-urn="urn:x-nevis:phrase:0800c8af81dc1a88">Replacing component</phrase>
</title>
<node>
<test1>
<test2>
<diaglist>
<ditem>
<ptxt>
<phrase category="" id="KC08381199" phrase-urn="urn:x-nevis:phrase:0800c8af81dc1a89">Try a new engin#@#@#14#(FC).</phrase>
</ptxt>
</ditem>
</diaglist>
</test2>
</test1>
<question>Select "Continu#@#@#32#ied.
</question>
<resact-grp>
<result button="cont" comp="button" highlight="0"/>
<action j2008use="1" paperuse="0" screenuse="1">
<ptxt>
<xref>
<ref id="KC08381200"/>
</xref>
</ptxt>
</action>
</resact-grp>
</node>
</testgrp>
<testgrp id="KC01495729" j2008use="1" paperuse="1" resumable="1" screenuse="1" testgrp-id="kd6" x="80" y="560">
<title>
<phrase category="" id="KC08381201" phrase-urn="urn:x-nevis:phrase:0800c8af81dc1a8a">      Checking #@#@#6# lead</phrase>
</title>
<node>
<test1>
<diaglist>
<dgraphic>
<dgraphic1>
<graphic id="KC08381202">
<href>0900c8af80054d4#@#@#9#.jpeg</href>
</graphic>
</dgraphic1>
<dgraphic2>
<graphic id="KC08381203">
<href>0900c8af80054d7#@#@#9#.jpeg</href>
</graphic>
</dgraphic2>
</dgraphic>
<ditem>
<ptxt>
<phrase category="" id="KC08381204" phrase-urn="urn:x-nevis:phrase:0800c8af81dc1a8b">      Ignition off.</phrase>
</ptxt>
</ditem>
<ditem>
<ptxt>
<phrase category="" id="KC08381205" phrase-urn="urn:x-nevis:phrase:0800c8af81dc1a8c">      Disconnec#@#@#36#/EA).</phrase>
</ptxt>
</ditem>
</diaglist>
<test2>
<diaglist>
<dgraphic>
<dgraphic2>
<graphic id="KC08381206">
<href>0900c8af80054d4#@#@#9#.jpeg</href>
</graphic>
<smarttool id="KC08381207" toolname="ODA"/>
</dgraphic2>
</dgraphic>
<ditem>
<ditemtext>
<ptxt>
<phrase category="" id="KC08381208" phrase-urn="urn:x-nevis:phrase:0800c8af81dc1a8d">      Connect a#@#@#61#ound.</phrase>
</ptxt>
</ditemtext>
</ditem>
</diaglist>
</test2>
</test1>
<question>The ohmmeter sh#@#@#23# 0 Ω.</question>
<resact-grp>
<result button="ok" comp="button" highlight="0"/>
<action j2008use="1" paperuse="1" screenuse="1">
<ptxt>
<xref>
<ref id="KC08381209"/>
</xref>
</ptxt>
</action>
</resact-grp>
<resact-grp>
<result button="notok" comp="button" highlight="0"/>
<action j2008use="1" paperuse="0" screenuse="1">
<ptxt>
<xref>
<ref id="KC08381210"/>
</xref>
</ptxt>
</action>
</resact-grp>
</node>
</testgrp>
<testgrp id="KC01495730" j2008use="1" paperuse="0" resumable="1" screenuse="1" testgrp-id="kd6-1" x="240" y="560">
<title>
<phrase category="" id="KC08381211" phrase-urn="urn:x-nevis:phrase:0800c8af81dc1a8e">Checking for co#@#@#25#ation</phrase>
</title>
<node>
<test1>
<test2>
<diaglist>
<dgraphic>
<dgraphic2>
<graphic id="KC08381212">
<href>0900c8af80054d4#@#@#9#.jpeg</href>
</graphic>
<smarttool id="KC08381213" toolname="ODA"/>
</dgraphic2>
</dgraphic>
<ditem>
<ditemtext>
<ptxt>
<phrase category="" id="KC08381214" phrase-urn="urn:x-nevis:phrase:0800c8af81dc1a8f">Check ground te#@#@#52#g to <xref>
<ref id="KC08381215"/>
</xref> and the cable #@#@#81#g to <xref>
<ref id="KC08381216"/>
</xref>.</phrase>
</ptxt>
</ditemtext>
</ditem>
</diaglist>
</test2>
</test1>
<question>Select "Continu#@#@#32#ied.
</question>
<resact-grp>
<result button="cont" comp="button" highlight="0"/>
<action j2008use="1" paperuse="0" screenuse="1">
<ptxt>
<xref>
<ref id="KC08381217"/>
</xref>
</ptxt>
</action>
</resact-grp>
</node>
</testgrp>
<testgrp id="KC01495731" j2008use="1" paperuse="1" resumable="1" screenuse="1" testgrp-id="kd7" x="80" y="640">
<title>
<phrase category="" id="KC08381218" phrase-urn="urn:x-nevis:phrase:0800c8af81dc1a90">      Checking #@#@#28#motor</phrase>
</title>
<node>
<test1>
<diaglist>
<dgraphic>
<dgraphic1>
<graphic id="KC08381219">
<href>0900c8af80054d4#@#@#9#.jpeg</href>
</graphic>
</dgraphic1>
<dgraphic2>
<graphic id="KC08381220">
<href>0900c8af80054d7#@#@#9#.jpeg</href>
</graphic>
</dgraphic2>
</dgraphic>
<ditem>
<ptxt>
<phrase category="" id="KC08381221" phrase-urn="urn:x-nevis:phrase:0800c8af81dc1a91">      Ignition off.</phrase>
</ptxt>
</ditem>
<ditem>
<ptxt>
<phrase category="" id="KC08381222" phrase-urn="urn:x-nevis:phrase:0800c8af81dc1a92">      Connect t#@#@#27#tor. </phrase>
</ptxt>
</ditem>
<ditem>
<ptxt>
<phrase category="" id="KC08381223" phrase-urn="urn:x-nevis:phrase:0800c8af81dc1a93">      Disconnec#@#@#49#lay. </phrase>
</ptxt>
</ditem>
</diaglist>
<test2>
<diaglist>
<dgraphic>
<dgraphic1>
<graphic id="KC08381224">
<href>0900c8af8012035#@#@#9#.jpeg</href>
</graphic>
</dgraphic1>
<dgraphic2>
<graphic id="KC08381225">
<href>0900c8af80054d4#@#@#9#.jpeg</href>
</graphic>
<smarttool id="KC08381226" toolname="ODA"/>
</dgraphic2>
</dgraphic>
<ditem>
<ditemtext>
<ptxt>
<phrase category="" id="KC08381227" phrase-urn="urn:x-nevis:phrase:0800c8af81dc1a94">      Connect a#@#@#49#und. </phrase>
</ptxt>
</ditemtext>
</ditem>
</diaglist>
</test2>
</test1>
<question>The ohmmeter sh#@#@#15#0 Ω.
</question>
<resact-grp>
<result button="ok" comp="button" highlight="0"/>
<action j2008use="1" paperuse="0" screenuse="1">
<ptxt>
<xref>
<ref id="KC08381228"/>
</xref>
</ptxt>
</action>
</resact-grp>
<resact-grp>
<result button="notok" comp="button" highlight="0"/>
<action j2008use="1" paperuse="0" screenuse="1">
<ptxt>
<xref>
<ref id="KC08381229"/>
</xref>
</ptxt>
</action>
</resact-grp>
</node>
</testgrp>
<testgrp id="KC01495732" j2008use="1" paperuse="0" resumable="1" screenuse="1" testgrp-id="kd7-1" x="240" y="640">
<title>
<phrase category="" id="KC08381230" phrase-urn="urn:x-nevis:phrase:0800c8af81dc1a95">Replacing component</phrase>
</title>
<node>
<test1>
<test2>
<diaglist>
<ditem>
<ptxt>
<phrase category="" id="KC08381231" phrase-urn="urn:x-nevis:phrase:0800c8af81dc1a96">Try a new engin#@#@#20#elay.</phrase>
</ptxt>
</ditem>
</diaglist>
</test2>
</test1>
<question>Select "Continu#@#@#32#ied.
</question>
<resact-grp>
<result button="cont" comp="button" highlight="0"/>
<action j2008use="1" paperuse="0" screenuse="1">
<ptxt>
<xref>
<ref id="KC08381232"/>
</xref>
</ptxt>
</action>
</resact-grp>
</node>
</testgrp>
<testgrp id="KC01495733" j2008use="1" paperuse="0" resumable="1" screenuse="1" testgrp-id="kd7-2" x="240" y="720">
<title>
<phrase category="" id="KC08381233" phrase-urn="urn:x-nevis:phrase:0800c8af81dc1a97">Replacing component</phrase>
</title>
<node>
<test1>
<test2>
<diaglist>
<ditem>
<ptxt>
<phrase category="" id="KC08381234" phrase-urn="urn:x-nevis:phrase:0800c8af81dc1a98">Try a new engin#@#@#14#(FC).</phrase>
</ptxt>
</ditem>
</diaglist>
</test2>
</test1>
<question>Select "Continu#@#@#32#ied.
</question>
<resact-grp>
<result button="cont" comp="button" highlight="0"/>
<action j2008use="1" paperuse="0" screenuse="1">
<ptxt>
<xref>
<ref id="KC08381235"/>
</xref>
</ptxt>
</action>
</resact-grp>
</node>
</testgrp>
<testgrp id="KC01495734" j2008use="1" paperuse="1" resumable="1" screenuse="1" testgrp-id="kd8" x="80" y="800">
<title>
<phrase category="" id="KC08381236" phrase-urn="urn:x-nevis:phrase:0800c8af81dc1a99">      Checking #@#@#34#peed </phrase>
</title>
<node>
<test1>
<diaglist>
<dgraphic>
<dgraphic1>
<graphic id="KC08381237">
<href>0900c8af80054d4#@#@#9#.jpeg</href>
</graphic>
</dgraphic1>
</dgraphic>
<ditem>
<ptxt>
<phrase category="" id="KC08381238" phrase-urn="urn:x-nevis:phrase:0800c8af81dc1a9a">      Ignition off.</phrase>
</ptxt>
</ditem>
</diaglist>
<test2>
<ptxt>
<phrase category="" id="KC08381239" phrase-urn="urn:x-nevis:phrase:0800c8af81dc1a9b">      Disconnec#@#@#48#elay.</phrase>
</ptxt>
<diaglist>
<dgraphic>
<dgraphic1>
<graphic id="KC08381240">
<href>0900c8af8012035#@#@#9#.jpeg</href>
</graphic>
</dgraphic1>
</dgraphic>
</diaglist>
</test2>
</test1>
<question>Does the engine#@#@#21# out?</question>
<resact-grp>
<result button="yes" comp="button" highlight="0"/>
<action j2008use="1" paperuse="0" screenuse="1">
<ptxt>
<xref>
<ref id="KC08381241"/>
</xref>
</ptxt>
</action>
</resact-grp>
<resact-grp>
<result button="no" comp="button" highlight="0"/>
<action j2008use="1" paperuse="0" screenuse="1">
<ptxt>
<xref>
<ref id="KC08381242"/>
</xref>
</ptxt>
</action>
</resact-grp>
</node>
</testgrp>
<testgrp id="KC01495735" j2008use="1" paperuse="0" resumable="1" screenuse="1" testgrp-id="kd8-1" x="240" y="800">
<title>
<phrase category="" id="KC08381243" phrase-urn="urn:x-nevis:phrase:0800c8af81dc1a9c">Checking for a #@#@#18#round</phrase>
</title>
<node>
<test1>
<test2>
<diaglist>
<dgraphic>
<dgraphic2>
<graphic id="KC08381244">
<href>0900c8af80054d4#@#@#9#.jpeg</href>
</graphic>
<smarttool active="press" id="KC08381245" toolname="ODAH"/>
</dgraphic2>
</dgraphic>
<ditem>
<ditemtext>
<ptxt>
<phrase category="" id="KC08381246" phrase-urn="urn:x-nevis:phrase:0800c8af81dc1a9d">check cable bet#@#@#121#g to <xref>
<ref id="KC08381247"/>
</xref>.</phrase>
</ptxt>
</ditemtext>
</ditem>
</diaglist>
<grate>
<graphic id="KC08381248" width="column">
<href>0900c8af800570b#@#@#9#.jpeg</href>
</graphic>
</grate>
</test2>
</test1>
<question>Select "Continu#@#@#32#ied.
</question>
<resact-grp>
<result button="cont" comp="button" highlight="0"/>
<action j2008use="1" paperuse="0" screenuse="1">
<ptxt>
<xref>
<ref id="KC08381249"/>
</xref>
</ptxt>
</action>
</resact-grp>
</node>
</testgrp>
<testgrp id="KC01495736" j2008use="1" paperuse="0" resumable="1" screenuse="1" testgrp-id="kd8-2" x="240" y="880">
<title>
<phrase category="" id="KC08381250" phrase-urn="urn:x-nevis:phrase:0800c8af81dc1a9e">Replacing component</phrase>
</title>
<node>
<test1>
<test2>
<diaglist>
<ditem>
<ptxt>
<phrase category="" id="KC08381251" phrase-urn="urn:x-nevis:phrase:0800c8af81dc1a9f">Try a new engin#@#@#20#elay.</phrase>
</ptxt>
</ditem>
</diaglist>
</test2>
</test1>
<question>Select "Continu#@#@#32#ied.
</question>
<resact-grp>
<result button="cont" comp="button" highlight="0"/>
<action j2008use="1" paperuse="0" screenuse="1">
<ptxt>
<xref>
<ref id="KC08381252"/>
</xref>
</ptxt>
</action>
</resact-grp>
</node>
</testgrp>
<testgrp id="KC01495737" j2008use="1" paperuse="1" resumable="1" screenuse="1" testgrp-id="kd9" x="80" y="960">
<title>
<phrase category="" id="KC08381253" phrase-urn="urn:x-nevis:phrase:0800c8af81dc1aa0">      Checking #@#@#37#peed </phrase>
</title>
<node>
<test1>
<diaglist>
<dgraphic>
<dgraphic1>
<graphic id="KC08381254">
<href>0900c8af80054d4#@#@#9#.jpeg</href>
</graphic>
</dgraphic1>
</dgraphic>
<ditem>
<ptxt>
<phrase category="" id="KC08381255" phrase-urn="urn:x-nevis:phrase:0800c8af81dc1aa1">      Ignition off.</phrase>
</ptxt>
</ditem>
</diaglist>
<test2>
<ptxt>
<phrase category="" id="KC08381256" phrase-urn="urn:x-nevis:phrase:0800c8af81dc1aa2">      Disconnec#@#@#48#elay.</phrase>
</ptxt>
<diaglist>
<dgraphic>
<dgraphic1>
<graphic id="KC08381257">
<href>0900c8af8012035#@#@#9#.jpeg</href>
</graphic>
</dgraphic1>
</dgraphic>
</diaglist>
</test2>
</test1>
<question>Does the engine#@#@#21# out?</question>
<resact-grp>
<result button="yes" comp="button" highlight="0"/>
<action j2008use="1" paperuse="0" screenuse="1">
<ptxt>
<xref>
<ref id="KC08381258"/>
</xref>
</ptxt>
</action>
</resact-grp>
<resact-grp>
<result button="no" comp="button" highlight="0"/>
<action j2008use="1" paperuse="0" screenuse="1">
<ptxt>
<xref>
<ref id="KC08381259"/>
</xref>
</ptxt>
</action>
</resact-grp>
</node>
</testgrp>
<testgrp id="KC01495738" j2008use="1" paperuse="0" resumable="1" screenuse="1" testgrp-id="kd9-1" x="240" y="960">
<title>
<phrase category="" id="KC08381260" phrase-urn="urn:x-nevis:phrase:0800c8af81dc1aa3">Checking for a #@#@#18#round</phrase>
</title>
<node>
<test1>
<test2>
<diaglist>
<dgraphic>
<dgraphic2>
<graphic id="KC08381261">
<href>0900c8af80054d4#@#@#9#.jpeg</href>
</graphic>
<smarttool active="press" id="KC08381262" toolname="ODAH"/>
</dgraphic2>
</dgraphic>
<ditem>
<ditemtext>
<ptxt>
<phrase category="" id="KC08381263" phrase-urn="urn:x-nevis:phrase:0800c8af81dc1aa4">check cable bet#@#@#122#g to <xref>
<ref id="KC08381264"/>
</xref>.</phrase>
</ptxt>
</ditemtext>
</ditem>
</diaglist>
<grate>
<graphic id="KC08381265" width="column">
<href>0900c8af800570b#@#@#9#.jpeg</href>
</graphic>
</grate>
</test2>
</test1>
<question>Select "Continu#@#@#32#ied.
</question>
<resact-grp>
<result button="cont" comp="button" highlight="0"/>
<action j2008use="1" paperuse="0" screenuse="1">
<ptxt>
<xref>
<ref id="KC08381266"/>
</xref>
</ptxt>
</action>
</resact-grp>
</node>
</testgrp>
<testgrp id="KC01495739" j2008use="1" paperuse="0" resumable="1" screenuse="1" testgrp-id="kd9-2" x="240" y="1040">
<title>
<phrase category="" id="KC08381267" phrase-urn="urn:x-nevis:phrase:0800c8af81dc1aa5">Replacing component</phrase>
</title>
<node>
<test1>
<test2>
<diaglist>
<ditem>
<ptxt>
<phrase category="" id="KC08381268" phrase-urn="urn:x-nevis:phrase:0800c8af81dc1aa6">Try a new engin#@#@#20#elay.</phrase>
</ptxt>
</ditem>
</diaglist>
</test2>
</test1>
<question>Select "Continu#@#@#32#ied.
</question>
<resact-grp>
<result button="cont" comp="button" highlight="0"/>
<action j2008use="1" paperuse="0" screenuse="1">
<ptxt>
<xref>
<ref id="KC08381269"/>
</xref>
</ptxt>
</action>
</resact-grp>
</node>
</testgrp>
<testgrp id="KC01495740" j2008use="1" paperuse="0" resumable="1" screenuse="1" testgrp-id="info4" x="600" y="80">
<title>
<phrase category="" id="KC08381270" phrase-urn="urn:x-nevis:phrase:0800c8af81dc1aa7">Information</phrase>
</title>
<subcalloutnode>
<diagcallout>
<xref>
<ref id="KC08381271"/>
</xref>
</diagcallout>
<rescall-grp>
<result comp="string" highlight="0" op="eq" return="NEW TRY"/>
<calloutaction>
<ptxt>
<xref>
<ref id="KC08381272"/>
</xref>
</ptxt>
</calloutaction>
</rescall-grp>
<rescall-grp>
<result comp="string" highlight="0" op="eq" return="FAULT FOUND"/>
<calloutaction>
<return value="FAULT FOUND"/>
</calloutaction>
</rescall-grp>
</subcalloutnode>
</testgrp>
<testgrp id="KC01495741" j2008use="1" paperuse="1" resumable="1" screenuse="1" testgrp-id="matbox" x="80" y="160">
<title>
<phrase category="" id="KC08381273" phrase-urn="urn:x-nevis:phrase:0800c8af81dc1aa8">Connecting brea#@#@#5#box A</phrase>
</title>
<subcalloutnode>
<diagcallout>
<xref>
<ref id="KC08381274"/>
</xref>
</diagcallout>
<rescall-grp>
<result comp="string" highlight="0" op="eq" return="FAULT FOUND"/>
<calloutaction>
<ptxt>
<xref>
<ref id="KC08381275"/>
</xref>
</ptxt>
</calloutaction>
</rescall-grp>
<rescall-grp>
<result comp="string" highlight="0" op="eq" return="FAULT NOT FOUND"/>
<calloutaction>
<ptxt>
<xref>
<ref id="KC08381276"/>
</xref>
</ptxt>
</calloutaction>
</rescall-grp>
<rescall-grp>
<result comp="string" highlight="0" op="eq" return="FAULTTRACING FAILED"/>
<calloutaction>
<ptxt>
<xref>
<ref id="KC08381277"/>
</xref>
</ptxt>
</calloutaction>
</rescall-grp>
</subcalloutnode>
</testgrp>
</diagnostic>
</servinfosub>