<?xml version="1.0" encoding="UTF-8"?><diagnostic IE-ID="en-US0900c8af84e7c21e" docno="VCC-411619" id="nev15443068n1" j2008use="1" layout="0" paperuse="1" screenuse="1" type="test" xml:lang="en-US">
<title>
<phrase category="" id="nev15443068n2" phrase-urn="urn:x-nevis:phrase:0800c8af8272566b">Verification</phrase>
</title>
<testgrp IE-ID="en-US0900c8af84e7c21e_nev15443068n3" id="nev15443068n3" j2008use="1" paperuse="1" resumable="1" screenuse="1" testgrp-id="verifnode" x="100" y="100">
<title>
<phrase category="" id="nev15443068n4" phrase-urn="urn:x-nevis:phrase:0800c8af8272566c">Verification</phrase>
</title>
<node>
<test1>
<hint>
<ptxt>
<phrase category="" id="nev15443068n5" phrase-urn="urn:x-nevis:phrase:0800c8af8272566d">After carrying #@#@#50#died.</phrase>
</ptxt>
</hint>
<diaglist>
<dgraphic>
<dgraphic1>
<graphic id="nev15443068n6">
<href>0900c8af80054d5#@#@#9#.jpeg</href>
</graphic>
</dgraphic1>
<dgraphic2>
<graphic id="nev15443068n7">
<href>0900c8af80054d7#@#@#9#.jpeg</href>
</graphic>
</dgraphic2>
</dgraphic>
<ditem>
<ptxt>
<phrase category="" id="nev15443068n8" phrase-urn="urn:x-nevis:phrase:0800c8af8272566e">Ignition off</phrase>
</ptxt>
</ditem>
<ditem>
<ptxt>
<phrase category="" id="nev15443068n9" phrase-urn="urn:x-nevis:phrase:0800c8af8272566f">Reinstall the c#@#@#21# etc.</phrase>
</ptxt>
</ditem>
<ditem>
<ptxt>
<phrase category="" id="nev15443068n10" phrase-urn="urn:x-nevis:phrase:0800c8af82725670">Ignition on</phrase>
</ptxt>
</ditem>
</diaglist>
<test2>
<para>
<ptxt id="nev15443069n1">
<phrase category="Faulttracing" id="nev15443069n2" phrase-urn="urn:x-nevis:phrase:0800c8af8280d5d4">Press down the #@#@#13#edal.</phrase>
</ptxt>
<ptxt id="nev15443069n3">
<phrase category="Faulttracing" id="nev15443069n4" phrase-urn="urn:x-nevis:phrase:0800c8af8280d5ed">Read off the va#@#@#42#nsor.</phrase>
</ptxt>
<ptxt id="nev15443069n5">
<phrase category="Faulttracing" id="nev15443069n6" phrase-urn="urn:x-nevis:phrase:0800c8af8280d5f1">Check that the #@#@#55#alue.</phrase>
</ptxt>
</para>
<diaglist>
<dgraphic>
<dgraphic2>
<graphic id="nev15443069n7">
<href>0900c8af86c8681#@#@#9#.jpeg</href>
</graphic>
<smarttool active="press" id="nev15443069n8"/>
</dgraphic2>
</dgraphic>
</diaglist>
</test2>
</test1>
<question>
Are these valu#@#@#2# OK?
</question>
<resact-grp>
<result button="yes" comp="button" highlight="0"/>
<action j2008use="1" paperuse="1" screenuse="1">
<return value="VERIFIED"/>
</action>
</resact-grp>
<resact-grp>
<result button="no" comp="button" highlight="0"/>
<action j2008use="1" paperuse="1" screenuse="1">
<return value="VERIFICATION FAILED"/>
</action>
</resact-grp>
</node>
</testgrp>
</diagnostic>