<?xml version="1.0" encoding="UTF-8"?><servinfosub IE-ID="en-US0900c8af800ce21f" docno="VCC-111020" id="KC01323045" xml:lang="en-US">
<title>
<phrase category="" id="KC08207211" phrase-urn="urn:x-nevis:phrase:0800c8af81d8b068">Signal too low.#@#@#11#fault</phrase>
</title>
<diagnostic type="test">
<testgrp IE-ID="en-US0900c8af800ce21f_KC01323053" id="KC01323053" j2008use="1" paperuse="1" resumable="1" screenuse="1" testgrp-id="node1" x="120" y="80">
<title>
<phrase category="" id="KC08207212" phrase-urn="urn:x-nevis:phrase:0800c8af81d8b050">Checking the co#@#@#3#ctors</phrase>
</title>
<node>
<test1>
<diaglist>
<dgraphic>
<dgraphic1>
<graphic id="KC08207213">
<href>0900c8af80054d5#@#@#9#.jpeg</href>
</graphic>
</dgraphic1>
</dgraphic>
<ditem>
<ptxt>
<phrase category="" id="KC08207214" phrase-urn="urn:x-nevis:phrase:0800c8af81d8b051">Ignition on</phrase>
</ptxt>
</ditem>
<ditem>
<ptxt>
<phrase category="" id="KC08207215" phrase-urn="urn:x-nevis:phrase:0800c8af81d8b052">Read off the st#@#@#33#al B.</phrase>
</ptxt>
</ditem>
</diaglist>
<test2>
<para>
<ptxt>
<phrase category="" id="KC08207216" phrase-urn="urn:x-nevis:phrase:0800c8af81d8b053">Turn the steeri#@#@#75# OFF.</phrase>
</ptxt>
</para>
<list1 enumtype="d" type="unordered">
<title>
<phrase category="" id="KC08207217" phrase-urn="urn:x-nevis:phrase:0800c8af81d8b054">Other information:</phrase>
</title>
<item>
<ptxt>
<phrase category="" id="KC08207218" phrase-urn="urn:x-nevis:phrase:0800c8af81d8b055">To access the c#@#@#68# see <xref>
<ref id="KC08207219"/>
</xref>
</phrase>
</ptxt>
</item>
<item>
<ptxt>
<phrase category="" id="KC08207220" phrase-urn="urn:x-nevis:phrase:0800c8af81d8b056">To access the c#@#@#45# see <xref>
<ref id="KC08207221"/>
</xref>
</phrase>
</ptxt>
</item>
<item>
<ptxt>
<phrase category="" id="KC08207222" phrase-urn="urn:x-nevis:phrase:0800c8af81d8b057">For information#@#@#15# see <xref>
<ref id="KC08207223"/>
</xref>. </phrase>
</ptxt>
</item>
</list1>
<diaglist>
<dgraphic>
<dgraphic2>
<graphic id="KC08207224">
<href>0900c8af86c8681#@#@#9#.jpeg</href>
</graphic>
<smarttool active="press" id="KC08207225" toolname="XSASA502"/>
</dgraphic2>
</dgraphic>
<ditem>
<ditemtext>
<ptxt>
<phrase category="" id="KC08207226" phrase-urn="urn:x-nevis:phrase:0800c8af81d8b058"/>
</ptxt>
</ditemtext>
</ditem>
</diaglist>
<grate>
<graphic id="KC08207227">
<href>0900c8af8005a46#@#@#9#.jpeg</href>
</graphic>
</grate>
</test2>
</test1>
<question>Does the value #@#@#21#d ON?</question>
<resact-grp>
<result button="yes" comp="button" highlight="0"/>
<action j2008use="1" paperuse="1" screenuse="1">
<return value="FAULT FOUND"/>
</action>
</resact-grp>
<resact-grp>
<result button="no" comp="button" highlight="0"/>
<action j2008use="1" paperuse="1" screenuse="1">
<ptxt>
<xref>
<ref id="KC08207228"/>
</xref>
</ptxt>
</action>
</resact-grp>
</node>
</testgrp>
<testgrp id="KC01323054" j2008use="1" paperuse="1" resumable="1" screenuse="1" testgrp-id="node2" x="120" y="160">
<title>
<phrase category="" id="KC08207229" phrase-urn="urn:x-nevis:phrase:0800c8af81d8b059">Checking wiring#@#@#7#nsors</phrase>
</title>
<node>
<test1>
<diaglist>
<dgraphic>
<dgraphic1>
<graphic id="KC08207230">
<href>0900c8af80054d4#@#@#9#.jpeg</href>
</graphic>
</dgraphic1>
<dgraphic3>
<graphic id="KC08207231">
<href>0900c8af80054cc#@#@#9#.jpeg</href>
</graphic>
</dgraphic3>
</dgraphic>
<ditem>
<ptxt>
<phrase category="" id="KC08207232" phrase-urn="urn:x-nevis:phrase:0800c8af81d8b05a">Ignition off</phrase>
</ptxt>
</ditem>
<ditem>
<ptxt>
<phrase category="" id="KC08207233" phrase-urn="urn:x-nevis:phrase:0800c8af81d8b05b">The control mod#@#@#47#ected</phrase>
</ptxt>
</ditem>
<ditem>
<ptxt>
<phrase category="" id="KC08207234" phrase-urn="urn:x-nevis:phrase:0800c8af81d8b05c">Steering wheel #@#@#20#ected</phrase>
</ptxt>
</ditem>
<ditem>
<ptxt>
<phrase category="" id="KC08207235" phrase-urn="urn:x-nevis:phrase:0800c8af81d8b05d">Connect the bre#@#@#101#(SWM)</phrase>
</ptxt>
</ditem>
</diaglist>
<test2>
<ptxt>
<phrase category="" id="KC08207236" phrase-urn="urn:x-nevis:phrase:0800c8af81d8b05e">Check the wirin#@#@#179#g to <xref>
<ref id="KC08207237"/>
</xref>. Check for an #@#@#21#g to <xref>
<ref id="KC08207238"/>
</xref>.</phrase>
</ptxt>
<para>
<ptxt>
<phrase category="" id="KC08207239" phrase-urn="urn:x-nevis:phrase:0800c8af81d8b05f">Try replacing t#@#@#163#WM). </phrase>
</ptxt>
</para>
<list1 enumtype="d" type="unordered">
<title>
<phrase category="" id="KC08207240" phrase-urn="urn:x-nevis:phrase:0800c8af81d8b060">Other information:</phrase>
</title>
<item>
<ptxt>
<phrase category="" id="KC08207241" phrase-urn="urn:x-nevis:phrase:0800c8af81d8b061">To connect the #@#@#71# see <xref>
<ref id="KC08207242"/>
</xref>
</phrase>
</ptxt>
</item>
<item>
<ptxt>
<phrase category="" id="KC08207243" phrase-urn="urn:x-nevis:phrase:0800c8af81d8b062">To connect the #@#@#48# see <xref>
<ref id="KC08207244"/>
</xref>
</phrase>
</ptxt>
</item>
<item>
<ptxt>
<phrase category="" id="KC08207245" phrase-urn="urn:x-nevis:phrase:0800c8af81d8b063">To replace the #@#@#28# see <xref>
<ref id="KC08207246"/>
</xref>
</phrase>
</ptxt>
</item>
<item>
<ptxt>
<phrase category="" id="KC08207247" phrase-urn="urn:x-nevis:phrase:0800c8af81d8b064">For information#@#@#15# see <xref>
<ref id="KC08207248"/>
</xref> and <xref>
<ref id="KC08207249"/>
</xref>.</phrase>
</ptxt>
</item>
</list1>
<diaglist>
<dgraphic>
<dgraphic1>
<graphic id="KC08207250">
<href>0900c8af8005444#@#@#9#.jpeg</href>
</graphic>
</dgraphic1>
<dgraphic2>
<graphic id="KC08207251">
<href>0900c8af80054d4#@#@#9#.jpeg</href>
</graphic>
<smarttool active="auto" id="KC08207252" toolname="ODA"/>
</dgraphic2>
</dgraphic>
<ditem>
<ditemtext>
<ptxt>
<phrase category="" id="KC08207253" phrase-urn="urn:x-nevis:phrase:0800c8af81d8b065"/>
</ptxt>
</ditemtext>
</ditem>
</diaglist>
</test2>
</test1>
<question>Select Continue.</question>
<resact-grp>
<result button="cont" comp="button" highlight="0"/>
<action j2008use="1" paperuse="1" screenuse="1">
<ptxt>
<xref>
<ref id="KC08207254"/>
</xref>
</ptxt>
</action>
</resact-grp>
</node>
</testgrp>
<testgrp id="KC01323055" j2008use="1" paperuse="1" resumable="1" screenuse="1" testgrp-id="veri1" x="280" y="80">
<title>
<phrase category="" id="KC08207255" phrase-urn="urn:x-nevis:phrase:0800c8af81d8b066">Verification</phrase>
</title>
<subcalloutnode>
<diagcallout>
<xref>
<ref id="KC08207256"/>
</xref>
</diagcallout>
<rescall-grp>
<result comp="string" highlight="0" op="eq" return="VERIFIED"/>
<calloutaction>
<return value="FAULT FOUND"/>
</calloutaction>
</rescall-grp>
<rescall-grp>
<result comp="string" highlight="0" op="eq" return="VERIFICATION FAILED"/>
<calloutaction>
<ptxt>
<xref>
<ref id="KC08207257"/>
</xref>
</ptxt>
</calloutaction>
</rescall-grp>
</subcalloutnode>
</testgrp>
<testgrp id="KC01323056" j2008use="1" paperuse="0" resumable="1" screenuse="1" testgrp-id="info1" x="440" y="80">
<title>
<phrase category="" id="KC08207258" phrase-urn="urn:x-nevis:phrase:0800c8af81d8b067">Fault-tracing i#@#@#5#ation</phrase>
</title>
<subcalloutnode>
<diagcallout>
<xref>
<ref id="KC08207259"/>
</xref>
</diagcallout>
<rescall-grp>
<result comp="string" highlight="0" op="eq" return="FAULTTRACING FAILED"/>
<calloutaction>
<return value="FAULTTRACING FAILED"/>
</calloutaction>
</rescall-grp>
<rescall-grp>
<result comp="string" highlight="0" op="eq" return="NEW TRY"/>
<calloutaction>
<ptxt>
<xref>
<ref id="KC08207260"/>
</xref>
</ptxt>
</calloutaction>
</rescall-grp>
</subcalloutnode>
</testgrp>
</diagnostic>
</servinfosub>