<?xml version="1.0" encoding="UTF-8"?><servinfosub IE-ID="en-US0900c8af838f621f" docno="VCC-292725" id="nev11818120n1" original="sv-SE" servinfosubId="nev20688175n1-nev20688175n2" servinfosubRes="0900c8af862c3783" servinfosubRes2="urn:x-nevis:fragment:0900c8af838f621f:0900c8af862c3783#nev20688175n2" xml:lang="en-US">
<title id="nev11818120n2">Design</title>
<topic id="nev20688175n1-nev11818196n250">
<title id="nev20688175n1-nev11818196n249">Control module</title>
<grate id="nev20688175n1-nev12270568n244" pgwide="1">
<graphic id="nev20688175n1-nev12270568n243">
<href>0900c8af8388584#@#@#10#.jpeg</href>
</graphic>
</grate>
<list1 enumtype="d" id="nev20688175n1-nev11818196n243" type="unordered">
<title id="nev20688175n1-nev11818196n241">The system for #@#@#31#s of:</title>
<item id="nev20688175n1-nev11818196n242">
<ptxt id="nev20688175n1-nev11818196n240">antenna for dig#@#@#31#radio</ptxt>
</item>
<item id="nev20688175n1-nev11818196n239">
<ptxt id="nev20688175n1-nev11818196n238">Remote Digital #@#@#16#RDAR)</ptxt>
</item>
</list1>
<para id="nev20688175n1-nev11818196n237">
<ptxt id="nev20688175n1-nev11818196n236">The remote digi#@#@#191#tant.</ptxt>
</para>
<list1 enumtype="d" id="nev20688175n1-nev11818196n235" type="unordered">
<title id="nev20688175n1-nev11818196n233">Frequency range#@#@#16#tion:</title>
<item id="nev20688175n1-nev11818196n234">
<ptxt id="nev20688175n1-nev11818196n232">satellite trans#@#@#21#5 MHz</ptxt>
</item>
<item id="nev20688175n1-nev11818196n231">
<ptxt id="nev20688175n1-nev11818196n230">terrestrial 232#@#@#11#3 MHz</ptxt>
</item>
</list1>
<para id="nev20688175n1-nev11818196n229">
<ptxt id="nev20688175n1-nev11818196n228">The quality of #@#@#158# box.</ptxt>
</para>
<para id="nev20688175n1-nev11818196n227">
<ptxt id="nev20688175n1-nev11818196n226">A Volvo SIRIUS #@#@#303#ICM).</ptxt>
</para>
</topic>
<topic id="nev20688175n1-nev11818196n225">
<title id="nev20688175n1-nev11818196n224">Antenna</title>
<grate id="nev20688175n1-nev12270568n218" pgwide="1">
<graphic id="nev20688175n1-nev12270568n217">
<href>0900c8af8388580#@#@#10#.jpeg</href>
</graphic>
</grate>
<para id="nev20688175n1-nev11818196n218">
<ptxt id="nev20688175n1-nev11818196n217">The remote digi#@#@#279# C70.</ptxt>
</para>
<para id="nev20688175n1-nev11818196n216">
<ptxt id="nev20688175n1-nev11818196n215">There are diagn#@#@#18#enna.</ptxt>
</para>
</topic>
</servinfosub>