<?xml version="1.0" encoding="UTF-8"?><script xmlns:nevis="http://www.volvocars.com/namespaces/processing" xmlns:xlink="http://www.w3.org/1999/xlink" IE-ID="en-US0900c8af85b0011f" docno="VCC-281027" id="nev11274921n1" nevis:expl-profile="mdl124yr2011, mdl135yr2011, mdl144yr2011, mdl136yr2011" nevis:profile="urn:x-nevis:profile:0b00c8af8494c645 urn:x-nevis:profile:0b00c8af84adce35 urn:x-nevis:profile:0b00c8af84adce3d urn:x-nevis:profile:0b00c8af84add34d" nevis:projectdocument="urn:x-nevis:projectdocument:0800c8af833077c7" nevis:resource="0900c8af85991da2" nevis:resource2="urn:x-nevis:fragment:0900c8af85b0011f:0900c8af85991da2#nev11274921n1" nevis:session-id="" qualifierinfotype="14:00" type="" xml:lang="en-US"><title>Read/program se#@#@#10# Y286</title><content gui="1" height="475" id="nev11274922n1-nev11274921n3" nevis:expl-profile="mdl124yr2011, mdl135yr2011, mdl144yr2011, mdl136yr2011" nevis:idfrom="nev11274922n1" nevis:prefix="nev11274922n1" nevis:profile="urn:x-nevis:profile:0b00c8af8494c645 urn:x-nevis:profile:0b00c8af84adce35 urn:x-nevis:profile:0b00c8af84adce3d urn:x-nevis:profile:0b00c8af84add34d" nevis:resource="0900c8af85991c6d" nevis:resource2="urn:x-nevis:fragment:0900c8af85b0011f:0900c8af85991c6d#nev11274921n3" width="710" xml:lang="en-US"><nodes id="nev11274922n1-nev18112064n1"><node class="Components.StartNode" id="nev11274922n1-nev18112065n1" nodeid="Start" x="10" y="41"/><node class="Components.IdentifierComponent" id="nev11274922n1-nev18112066n1" nodeid="Parameter1" x="229" y="146"><property class="Parameter" id="nev11274922n1-nev18112067n1" name="Inställning sätesvärme nivå 1" type="Out" value="" visible="1"/><extension id="nev11274922n1-nev18112068n1"><identifier ecu="871101" ecuMode="EcuType" id="nev11274922n1-nev18112069n1" read="100" type="REID" value="DC00"><parameter id="nev11274922n1-nev18112070n1" name="Inställning sätesvärme nivå 1" textid="1001866"/></identifier></extension></node><node class="Components.Gui.ActivationList" id="nev11274922n1-nev18112071n1" nodeid="ActivationList1" x="232" y="317"><gui height="70" id="nev11274922n1-nev18112072n1" width="325" x="370" y="10"/><extension id="nev11274922n1-nev18112073n1"><identifier ecu="871101" ecuMode="EcuType" id="nev11274922n1-nev18112074n1" read="100" type="REID" value="DC00" write="119"><parameter id="nev11274922n1-nev18112075n1" name="Inställning sätesvärme nivå 1" textid="1001866"><value id="nev11274922n1-nev18112076n1" textid="1021632"/><value id="nev11274922n1-nev18112077n1" textid="1021633"/><value id="nev11274922n1-nev18112078n1" textid="6383"/><value id="nev11274922n1-nev18112079n1" textid="1021634"/><value id="nev11274922n1-nev18112080n1" textid="1021635"/></parameter></identifier></extension></node><node class="Components.ScriptButton" id="nev11274922n1-nev18112081n1" nodeid="Button1" x="63" y="674"><gui height="35" id="nev11274922n1-nev18112082n1" width="75" x="620" y="425"/><property class="String" id="nev11274922n1-nev18112083n1" name="Text" type="In" value="" visible="1"/><property class="String" id="nev11274922n1-nev18112084n1" name="StartDisabled" type="Internal" value="false" visible="1"/><property class="String" id="nev11274922n1-nev18112085n1" name="StartVisible" type="Internal" value="true" visible="1"/><extension id="nev11274922n1-nev18112086n1"><phrase category="Faulttracing" id="nev11274922n1-nev18112063n1" phrase-urn="urn:x-nevis:phrase:0800c8af8178a3fd">Exit</phrase></extension></node><node class="Components.Gui.ParameterLabel" id="nev11274922n1-nev18112087n1" nodeid="ParameterLabel1" x="231" y="33"><gui height="72" id="nev11274922n1-nev18112088n1" width="344" x="10" y="10"/><property class="Parameter" id="nev11274922n1-nev18112089n1" name="Parameter" type="In" value="" visible="1"/><property class="String" id="nev11274922n1-nev18112090n1" name="Title" type="In" value="" visible="1"/><property class="String" id="nev11274922n1-nev18112091n1" name="Value" type="In" value="" visible="1"/><property class="String" id="nev11274922n1-nev18112092n1" name="Unit" type="In" value="" visible="1"/><property class="String" id="nev11274922n1-nev18112093n1" name="StartVisible" type="Internal" value="true" visible="0"/></node><node class="Components.ScriptComponent" id="nev11274922n1-nev18112094n1" nodeid="Script1" x="207" y="688"/><node class="Components.ScriptButton" id="nev11274922n1-nev18112095n1" nodeid="Button2" x="79" y="409"><gui height="35" id="nev11274922n1-nev18112096n1" width="145" x="10" y="425"/><property class="String" id="nev11274922n1-nev18112097n1" name="Text" type="In" value="" visible="1"/><property class="String" id="nev11274922n1-nev18112098n1" name="StartDisabled" type="Internal" value="false" visible="1"/><property class="String" id="nev11274922n1-nev18112099n1" name="StartVisible" type="Internal" value="true" visible="1"/><extension id="nev11274922n1-nev18112100n1"><phrase category="Faulttracing" id="nev11274922n1-nev11277607n1" phrase-urn="urn:x-nevis:phrase:0800c8af8178a38e">Start programming</phrase></extension></node><node class="Components.Gui.ActivationList" id="nev11274922n1-nev18112101n1" nodeid="ActivationList2" x="356" y="313"><gui height="70" id="nev11274922n1-nev18112102n1" width="325" x="370" y="95"/><extension id="nev11274922n1-nev18112103n1"><identifier ecu="871101" ecuMode="EcuType" id="nev11274922n1-nev18112104n1" read="100" type="REID" value="DC01" write="119"><parameter id="nev11274922n1-nev18112105n1" name="Inställning sätesvärme nivå 2" textid="1001867"><value id="nev11274922n1-nev18112106n1" textid="1021632"/><value id="nev11274922n1-nev18112107n1" textid="1021633"/><value id="nev11274922n1-nev18112108n1" textid="6383"/><value id="nev11274922n1-nev18112109n1" textid="1021634"/><value id="nev11274922n1-nev18112110n1" textid="1021635"/></parameter></identifier></extension></node><node class="Components.Gui.ActivationList" id="nev11274922n1-nev18112111n1" nodeid="ActivationList3" x="481" y="313"><gui height="70" id="nev11274922n1-nev18112112n1" width="325" x="370" y="175"/><extension id="nev11274922n1-nev18112113n1"><identifier ecu="871101" ecuMode="EcuType" id="nev11274922n1-nev18112114n1" read="100" type="REID" value="DC02" write="119"><parameter id="nev11274922n1-nev18112115n1" name="Inställning sätesvärme nivå 3" textid="1001870"><value id="nev11274922n1-nev18112116n1" textid="1021632"/><value id="nev11274922n1-nev18112117n1" textid="1021633"/><value id="nev11274922n1-nev18112118n1" textid="6383"/><value id="nev11274922n1-nev18112119n1" textid="1021634"/><value id="nev11274922n1-nev18112120n1" textid="1021635"/></parameter></identifier></extension></node><node class="Components.IdentifierComponent" id="nev11274922n1-nev18112121n1" nodeid="IdentifierComponent1" x="361" y="143"><property class="Parameter" id="nev11274922n1-nev18112122n1" name="Inställning sätesvärme nivå 2" type="Out" value="" visible="1"/><extension id="nev11274922n1-nev18112123n1"><identifier ecu="871101" ecuMode="EcuType" id="nev11274922n1-nev18112124n1" read="100" type="REID" value="DC01"><parameter id="nev11274922n1-nev18112125n1" name="Inställning sätesvärme nivå 2" textid="1001867"/></identifier></extension></node><node class="Components.IdentifierComponent" id="nev11274922n1-nev18112126n1" nodeid="IdentifierComponent2" x="475" y="143"><property class="Parameter" id="nev11274922n1-nev18112127n1" name="Inställning sätesvärme nivå 3" type="Out" value="" visible="1"/><extension id="nev11274922n1-nev18112128n1"><identifier ecu="871101" ecuMode="EcuType" id="nev11274922n1-nev18112129n1" read="100" type="REID" value="DC02"><parameter id="nev11274922n1-nev18112130n1" name="Inställning sätesvärme nivå 3" textid="1001870"/></identifier></extension></node><node class="Components.Gui.ParameterLabel" id="nev11274922n1-nev18112131n1" nodeid="ParameterLabel2" x="360" y="33"><gui height="72" id="nev11274922n1-nev18112132n1" width="344" x="10" y="95"/><property class="Parameter" id="nev11274922n1-nev18112133n1" name="Parameter" type="In" value="" visible="1"/><property class="String" id="nev11274922n1-nev18112134n1" name="Title" type="In" value="" visible="1"/><property class="String" id="nev11274922n1-nev18112135n1" name="Value" type="In" value="" visible="1"/><property class="String" id="nev11274922n1-nev18112136n1" name="Unit" type="In" value="" visible="1"/><property class="String" id="nev11274922n1-nev18112137n1" name="StartVisible" type="Internal" value="true" visible="0"/></node><node class="Components.Gui.ParameterLabel" id="nev11274922n1-nev18112138n1" nodeid="ParameterLabel3" x="479" y="40"><gui height="72" id="nev11274922n1-nev18112139n1" width="344" x="10" y="175"/><property class="Parameter" id="nev11274922n1-nev18112140n1" name="Parameter" type="In" value="" visible="1"/><property class="String" id="nev11274922n1-nev18112141n1" name="Title" type="In" value="" visible="1"/><property class="String" id="nev11274922n1-nev18112142n1" name="Value" type="In" value="" visible="1"/><property class="String" id="nev11274922n1-nev18112143n1" name="Unit" type="In" value="" visible="1"/><property class="String" id="nev11274922n1-nev18112144n1" name="StartVisible" type="Internal" value="true" visible="0"/></node><node class="Components.Gui.ParameterLabel" id="nev11274922n1-nev18112145n1" nodeid="ParameterLabel7" x="604" y="33"><gui height="72" id="nev11274922n1-nev18112146n1" width="344" x="10" y="255"/><property class="Parameter" id="nev11274922n1-nev18112147n1" name="Parameter" type="In" value="" visible="1"/><property class="String" id="nev11274922n1-nev18112148n1" name="Title" type="In" value="" visible="1"/><property class="String" id="nev11274922n1-nev18112149n1" name="Value" type="In" value="" visible="1"/><property class="String" id="nev11274922n1-nev18112150n1" name="Unit" type="In" value="" visible="1"/><property class="String" id="nev11274922n1-nev18112151n1" name="StartVisible" type="Internal" value="true" visible="0"/></node><node class="Components.Gui.ParameterLabel" id="nev11274922n1-nev18112152n1" nodeid="ParameterLabel8" x="725" y="34"><gui height="72" id="nev11274922n1-nev18112153n1" width="344" x="10" y="335"/><property class="Parameter" id="nev11274922n1-nev18112154n1" name="Parameter" type="In" value="" visible="1"/><property class="String" id="nev11274922n1-nev18112155n1" name="Title" type="In" value="" visible="1"/><property class="String" id="nev11274922n1-nev18112156n1" name="Value" type="In" value="" visible="1"/><property class="String" id="nev11274922n1-nev18112157n1" name="Unit" type="In" value="" visible="1"/><property class="String" id="nev11274922n1-nev18112158n1" name="StartVisible" type="Internal" value="true" visible="0"/></node><node class="Components.IdentifierComponent" id="nev11274922n1-nev18112159n1" nodeid="Parameter2" x="603" y="143"><property class="Parameter" id="nev11274922n1-nev18112160n1" name="Inställning timer sätesvärmare fram" type="Out" value="" visible="1"/><extension id="nev11274922n1-nev18112161n1"><identifier ecu="871101" ecuMode="EcuType" id="nev11274922n1-nev18112162n1" read="100" type="REID" value="D946"><parameter id="nev11274922n1-nev18112163n1" name="Inställning timer sätesvärmare fram" textid="1020693"/></identifier></extension></node><node class="Components.IdentifierComponent" id="nev11274922n1-nev18112164n1" nodeid="Parameter3" x="731" y="144"><property class="Parameter" id="nev11274922n1-nev18112165n1" name="Inställning timer sätesvärmare bak" type="Out" value="" visible="1"/><extension id="nev11274922n1-nev18112166n1"><identifier ecu="871101" ecuMode="EcuType" id="nev11274922n1-nev18112167n1" read="100" type="REID" value="D947"><parameter id="nev11274922n1-nev18112168n1" name="Inställning timer sätesvärmare bak" textid="1020694"/></identifier></extension></node><node class="Components.Gui.ActivationList" id="nev11274922n1-nev18112169n1" nodeid="ActivationList7" x="625" y="312"><gui height="70" id="nev11274922n1-nev18112170n1" width="325" x="370" y="255"/><extension id="nev11274922n1-nev18112171n1"><identifier ecu="871101" ecuMode="EcuType" id="nev11274922n1-nev18112172n1" read="100" type="REID" value="D946" write="119"><parameter id="nev11274922n1-nev18112173n1" name="Inställning timer sätesvärmare fram" textid="1020693"><value id="nev11274922n1-nev18112174n1" textid="64071"/><value id="nev11274922n1-nev18112175n1" textid="15719"/><value id="nev11274922n1-nev18112176n1" textid="64080"/><value id="nev11274922n1-nev18112177n1" textid="15720"/><value id="nev11274922n1-nev18112178n1" textid="1020664"/><value id="nev11274922n1-nev18112179n1" textid="15721"/></parameter></identifier></extension></node><node class="Components.Gui.ActivationList" id="nev11274922n1-nev18112180n1" nodeid="ActivationList8" x="756" y="311"><gui height="70" id="nev11274922n1-nev18112181n1" width="325" x="370" y="335"/><extension id="nev11274922n1-nev18112182n1"><identifier ecu="871101" ecuMode="EcuType" id="nev11274922n1-nev18112183n1" read="100" type="REID" value="D947" write="119"><parameter id="nev11274922n1-nev18112184n1" name="Inställning timer sätesvärmare bak" textid="1020694"><value id="nev11274922n1-nev18112185n1" textid="64071"/><value id="nev11274922n1-nev18112186n1" textid="15719"/><value id="nev11274922n1-nev18112187n1" textid="64080"/><value id="nev11274922n1-nev18112188n1" textid="15720"/><value id="nev11274922n1-nev18112189n1" textid="1020664"/><value id="nev11274922n1-nev18112190n1" textid="15721"/></parameter></identifier></extension></node><node class="Components.RunScript" id="nev11274922n1-nev18112191n1" nodeid="RunScript1" x="384" y="602"><property class="String" id="nev11274922n1-nev18112192n1" name="Result" type="Out" value="" visible="1"/><extension id="nev11274922n1-nev18112193n1"><xml id="nev11274922n1-nev16500229n1"><ref id="nev11274922n1-nev16500030n1"><locator xlink:href="#nev11274922n1-nev16500030n1" xlink:type="locator"/><locator xlink:href="urn:x-nevis:xref:0800c8af8430b8e2:00000000:00000000#nev13459544n1" xlink:type="locator"/><arc nevis:href="urn:x-nevis:xref:0800c8af8430b8e2:00000000:00000000#nev13459544n1" xlink:title="VCC-351787, Error message, OnNoRespons" xlink:type="arc"/></ref></xml></extension></node><node class="Components.RunScript" id="nev11274922n1-nev18112197n1" nodeid="RunScript2" x="383" y="681"><property class="String" id="nev11274922n1-nev18112198n1" name="Result" type="Out" value="" visible="1"/><extension id="nev11274922n1-nev18112199n1"><xml id="nev11274922n1-nev16500236n1"><ref id="nev11274922n1-nev16500031n1"><locator xlink:href="#nev11274922n1-nev16500031n1" xlink:type="locator"/><locator xlink:href="urn:x-nevis:xref:0800c8af8431f3b4:00000000:00000000#nev13469607n1" xlink:type="locator"/><arc nevis:href="urn:x-nevis:xref:0800c8af8431f3b4:00000000:00000000#nev13469607n1" xlink:title="VCC-352667, Error message, OnNoContact" xlink:type="arc"/></ref></xml></extension></node><node class="Components.RunScript" id="nev11274922n1-nev18112203n1" nodeid="RunScript3" x="382" y="764"><property class="String" id="nev11274922n1-nev18112204n1" name="Result" type="Out" value="" visible="1"/><extension id="nev11274922n1-nev18112205n1"><xml id="nev11274922n1-nev16500243n1"><ref id="nev11274922n1-nev16500032n1"><locator xlink:href="#nev11274922n1-nev16500032n1" xlink:type="locator"/><locator xlink:href="urn:x-nevis:xref:0800c8af8430c3a5:00000000:00000000#nev13461630n1" xlink:type="locator"/><arc nevis:href="urn:x-nevis:xref:0800c8af8430c3a5:00000000:00000000#nev13461630n1" xlink:title="VCC-351907, Error message, OnNegativeRespons" xlink:type="arc"/></ref></xml></extension></node><node class="Components.Comment" id="nev11274922n1-nev18112209n1" nodeid="Comment1" x="678" y="643"><extension id="nev11274922n1-nev18112210n1">Ändring i skrip#@#@#169#11-08</extension></node></nodes><handlers id="nev11274922n1-nev18112211n1"><eventhandler id="nev11274922n1-nev18112212n1" name="OnStart" node="Start"><call id="nev11274922n1-nev18112213n1" method="Read" node="Parameter1"/><call id="nev11274922n1-nev18112214n1" method="UpdateTitles" node="Parameter1"/></eventhandler><eventhandler id="nev11274922n1-nev18112215n1" name="Click" node="Button1"><call id="nev11274922n1-nev18112216n1" method="CloseDialog" node="Script1"/></eventhandler><eventhandler id="nev11274922n1-nev18112217n1" name="OnNoResponse" node="ActivationList1"/><eventhandler id="nev11274922n1-nev18112218n1" name="OnNoContact" node="ActivationList1"/><eventhandler id="nev11274922n1-nev18112219n1" name="OnNegativeResponse" node="ActivationList1"/><eventhandler id="nev11274922n1-nev18112220n1" name="Click" node="Button2"><call id="nev11274922n1-nev18112221n1" method="ActivateSelected" node="ActivationList1"/><call id="nev11274922n1-nev18112222n1" method="ActivateSelected" node="ActivationList2"/><call id="nev11274922n1-nev18112223n1" method="ActivateSelected" node="ActivationList3"/><call id="nev11274922n1-nev18112224n1" method="ActivateSelected" node="ActivationList7"/><call id="nev11274922n1-nev18112225n1" method="ActivateSelected" node="ActivationList8"/></eventhandler><eventhandler id="nev11274922n1-nev18112226n1" name="OnPositiveResponse" node="Parameter1"><call id="nev11274922n1-nev18112227n1" method="UpdateTitles" node="IdentifierComponent1"/><call id="nev11274922n1-nev18112228n1" method="Read" node="IdentifierComponent1"/></eventhandler><eventhandler id="nev11274922n1-nev18112229n1" name="OnPositiveResponse" node="IdentifierComponent1"><call id="nev11274922n1-nev18112230n1" method="UpdateTitles" node="IdentifierComponent2"/><call id="nev11274922n1-nev18112231n1" method="Read" node="IdentifierComponent2"/></eventhandler><eventhandler id="nev11274922n1-nev18112232n1" name="OnPositiveResponse" node="IdentifierComponent2"><call id="nev11274922n1-nev18112233n1" method="UpdateTitles" node="Parameter2"/><call id="nev11274922n1-nev18112234n1" method="Read" node="Parameter2"/></eventhandler><eventhandler id="nev11274922n1-nev18112235n1" name="OnNoResponse" node="ActivationList2"/><eventhandler id="nev11274922n1-nev18112236n1" name="OnNoContact" node="ActivationList2"/><eventhandler id="nev11274922n1-nev18112237n1" name="OnNegativeResponse" node="ActivationList2"/><eventhandler id="nev11274922n1-nev18112238n1" name="OnNoResponse" node="ActivationList3"/><eventhandler id="nev11274922n1-nev18112239n1" name="OnNoContact" node="ActivationList3"/><eventhandler id="nev11274922n1-nev18112240n1" name="OnNegativeResponse" node="ActivationList3"/><eventhandler id="nev11274922n1-nev18112241n1" name="OnNoResponse" node="Script1"><call id="nev11274922n1-nev18112242n1" method="Run" node="RunScript1"/></eventhandler><eventhandler id="nev11274922n1-nev18112243n1" name="OnNoContact" node="Script1"><call id="nev11274922n1-nev18112244n1" method="Run" node="RunScript2"/></eventhandler><eventhandler id="nev11274922n1-nev18112245n1" name="OnNegativeResponse" node="Script1"><call id="nev11274922n1-nev18112246n1" method="Run" node="RunScript3"/></eventhandler><eventhandler id="nev11274922n1-nev18112247n1" name="OnNoResponse" node="Parameter1"><call id="nev11274922n1-nev18112248n1" method="Read" node="IdentifierComponent1"/></eventhandler><eventhandler id="nev11274922n1-nev18112249n1" name="OnNoContact" node="Parameter1"><call id="nev11274922n1-nev18112250n1" method="Read" node="IdentifierComponent1"/></eventhandler><eventhandler id="nev11274922n1-nev18112251n1" name="OnNegativeResponse" node="Parameter1"><call id="nev11274922n1-nev18112252n1" method="Read" node="IdentifierComponent1"/></eventhandler><eventhandler id="nev11274922n1-nev18112253n1" name="OnNoResponse" node="IdentifierComponent1"><call id="nev11274922n1-nev18112254n1" method="Read" node="IdentifierComponent2"/></eventhandler><eventhandler id="nev11274922n1-nev18112255n1" name="OnNoContact" node="IdentifierComponent1"><call id="nev11274922n1-nev18112256n1" method="Read" node="IdentifierComponent2"/></eventhandler><eventhandler id="nev11274922n1-nev18112257n1" name="OnNegativeResponse" node="IdentifierComponent1"><call id="nev11274922n1-nev18112258n1" method="Read" node="IdentifierComponent2"/></eventhandler><eventhandler id="nev11274922n1-nev18112259n1" name="OnNoResponse" node="IdentifierComponent2"><call id="nev11274922n1-nev18112260n1" method="Read" node="Parameter2"/></eventhandler><eventhandler id="nev11274922n1-nev18112261n1" name="OnNoContact" node="IdentifierComponent2"><call id="nev11274922n1-nev18112262n1" method="Read" node="Parameter2"/></eventhandler><eventhandler id="nev11274922n1-nev18112263n1" name="OnNegativeResponse" node="IdentifierComponent2"><call id="nev11274922n1-nev18112264n1" method="Read" node="Parameter2"/></eventhandler><eventhandler id="nev11274922n1-nev18112265n1" name="OnPositiveResponse" node="Parameter2"><call id="nev11274922n1-nev18112266n1" method="UpdateTitles" node="Parameter3"/><call id="nev11274922n1-nev18112267n1" method="Read" node="Parameter3"/></eventhandler><eventhandler id="nev11274922n1-nev18112268n1" name="OnNoResponse" node="Parameter2"><call id="nev11274922n1-nev18112269n1" method="Read" node="Parameter3"/></eventhandler><eventhandler id="nev11274922n1-nev18112270n1" name="OnNoContact" node="Parameter2"><call id="nev11274922n1-nev18112271n1" method="Read" node="Parameter3"/></eventhandler><eventhandler id="nev11274922n1-nev18112272n1" name="OnNegativeResponse" node="Parameter2"><call id="nev11274922n1-nev18112273n1" method="Read" node="Parameter3"/></eventhandler><eventhandler id="nev11274922n1-nev18112274n1" name="OnPositiveResponse" node="ActivationList1"><call id="nev11274922n1-nev18112275n1" method="Read" node="Parameter1"/></eventhandler><eventhandler id="nev11274922n1-nev18112276n1" name="OnPositiveResponse" node="ActivationList2"><call id="nev11274922n1-nev18112277n1" method="Read" node="Parameter1"/></eventhandler><eventhandler id="nev11274922n1-nev18112278n1" name="OnPositiveResponse" node="ActivationList3"><call id="nev11274922n1-nev18112279n1" method="Read" node="Parameter1"/></eventhandler><eventhandler id="nev11274922n1-nev18112280n1" name="OnPositiveResponse" node="ActivationList7"><call id="nev11274922n1-nev18112281n1" method="Read" node="Parameter1"/></eventhandler><eventhandler id="nev11274922n1-nev18112282n1" name="OnPositiveResponse" node="ActivationList8"><call id="nev11274922n1-nev18112283n1" method="Read" node="Parameter1"/></eventhandler><propertyhandler id="nev11274922n1-nev18112284n1" name="Inställning sätesvärme nivå 1" node="Parameter1"><set id="nev11274922n1-nev18112285n1" node="ParameterLabel1" property="Parameter"/></propertyhandler><propertyhandler id="nev11274922n1-nev18112286n1" name="Inställning sätesvärme nivå 2" node="IdentifierComponent1"><set id="nev11274922n1-nev18112287n1" node="ParameterLabel2" property="Parameter"/></propertyhandler><propertyhandler id="nev11274922n1-nev18112288n1" name="Inställning sätesvärme nivå 3" node="IdentifierComponent2"><set id="nev11274922n1-nev18112289n1" node="ParameterLabel3" property="Parameter"/></propertyhandler><propertyhandler id="nev11274922n1-nev18112290n1" name="Inställning timer sätesvärmare fram" node="Parameter2"><set id="nev11274922n1-nev18112291n1" node="ParameterLabel7" property="Parameter"/></propertyhandler><propertyhandler id="nev11274922n1-nev18112292n1" name="Inställning timer sätesvärmare bak" node="Parameter3"><set id="nev11274922n1-nev18112293n1" node="ParameterLabel8" property="Parameter"/></propertyhandler></handlers></content></script>