<?xml version="1.0" encoding="UTF-8"?><servinfosub IE-ID="en-US0900c8af80c4c11f" docno="VCC-129975" id="KC01632858" xml:lang="en-US">
<title>
<phrase category="" id="KC09688716" phrase-urn="urn:x-nevis:phrase:0800c8af8284ea15">Checking the co#@#@#8#cable</phrase>
</title>
<diagnostic type="test">
<testgrp IE-ID="en-US0900c8af80c4c11f_KC01659241" id="KC01659241" j2008use="1" paperuse="1" resumable="1" screenuse="1" testgrp-id="node1" x="240" y="120">
<title>
<phrase category="" id="KC09688717" phrase-urn="urn:x-nevis:phrase:0800c8af8284ea16">Checking the cable</phrase>
</title>
<node>
<test1>
<note>
<ptxt>
<phrase category="" id="KC09688718" phrase-urn="urn:x-nevis:phrase:0800c8af8284ea17">Applies only to#@#@#26#all. </phrase>
</ptxt>
</note>
<diaglist>
<dgraphic>
<dgraphic1>
<graphic id="KC09688719">
<href>0900c8af80054d4#@#@#9#.jpeg</href>
</graphic>
</dgraphic1>
</dgraphic>
<ditem>
<ptxt>
<phrase category="" id="KC09688720" phrase-urn="urn:x-nevis:phrase:0800c8af8284ea18">Ignition off</phrase>
</ptxt>
</ditem>
<ditem>
<ptxt>
<phrase category="" id="KC09688721" phrase-urn="urn:x-nevis:phrase:0800c8af8284ea19">Disconnect the #@#@#20#minal</phrase>
</ptxt>
</ditem>
<ditem>
<ptxt>
<phrase category="" id="KC09688722" phrase-urn="urn:x-nevis:phrase:0800c8af8284ea1a">Disconnect cent#@#@#127#ector</phrase>
</ptxt>
</ditem>
<ditem>
<ptxt>
<phrase category="" id="KC09688723" phrase-urn="urn:x-nevis:phrase:0800c8af8284ea1b">Ignition on</phrase>
</ptxt>
</ditem>
<ditem>
<ptxt>
<phrase category="" id="KC09688724" phrase-urn="urn:x-nevis:phrase:0800c8af8284ea1c">Connect the bat#@#@#18#inal.</phrase>
</ptxt>
<caution>
<ptxt>
<phrase category="" id="KC09688725" phrase-urn="urn:x-nevis:phrase:0800c8af8284ea1d">There must not #@#@#68#cted.</phrase>
</ptxt>
</caution>
</ditem>
</diaglist>
<test2>
<para>
<ptxt>
<phrase category="" id="KC09688726" phrase-urn="urn:x-nevis:phrase:0800c8af8284ea1e">The collision c#@#@#308#ated.</phrase>
</ptxt>
</para>
<para>
<title>
<phrase category="" id="KC09688727" phrase-urn="urn:x-nevis:phrase:0800c8af8284ea1f">Checking for sh#@#@#17#round</phrase>
</title>
<ptxt>
<phrase category="" id="KC09688728" phrase-urn="urn:x-nevis:phrase:0800c8af8284ea20">Check the colli#@#@#133#ors: </phrase>
</ptxt>
</para>
<list1 enumtype="d" type="unordered">
<item>
<ptxt>
<phrase category="" id="KC09688729" phrase-urn="urn:x-nevis:phrase:0800c8af8284ea21">carphone module#@#@#30#(#17)</phrase>
</ptxt>
</item>
<item>
<ptxt>
<phrase category="" id="KC09688730" phrase-urn="urn:x-nevis:phrase:0800c8af8284ea22">central electro#@#@#39#(#B5)</phrase>
</ptxt>
</item>
<item>
<ptxt>
<phrase category="" id="KC09688731" phrase-urn="urn:x-nevis:phrase:0800c8af8284ea23">SRS control mod#@#@#27##2B).</phrase>
</ptxt>
</item>
</list1>
<para>
<ptxt>
<phrase category="" id="KC09688732" phrase-urn="urn:x-nevis:phrase:0800c8af8284ea24">The resistance #@#@#58#ite. </phrase>
</ptxt>
</para>
<para>
<title>
<phrase category="" id="KC09688733" phrase-urn="urn:x-nevis:phrase:0800c8af8284ea26">Checking for co#@#@#29#cuits</phrase>
</title>
<ptxt>
<phrase category="" id="KC09688734" phrase-urn="urn:x-nevis:phrase:0800c8af8284ea28">Check the conne#@#@#56#nce. </phrase>
</ptxt>
</para>
<para>
<ptxt>
<phrase category="" id="KC09688735" phrase-urn="urn:x-nevis:phrase:0800c8af8284ea29">Check the colli#@#@#91#tors:</phrase>
</ptxt>
</para>
<list1 enumtype="d" type="unordered">
<item>
<ptxt>
<phrase category="" id="KC09688736" phrase-urn="urn:x-nevis:phrase:0800c8af8284ea2a">carphone module#@#@#30#(#17)</phrase>
</ptxt>
</item>
<item>
<ptxt>
<phrase category="" id="KC09688737" phrase-urn="urn:x-nevis:phrase:0800c8af8284ea2b">central electro#@#@#39#(#B5)</phrase>
</ptxt>
</item>
<item>
<ptxt>
<phrase category="" id="KC09688738" phrase-urn="urn:x-nevis:phrase:0800c8af8284ea2c">SRS control mod#@#@#27##2B).</phrase>
</ptxt>
</item>
</list1>
<para>
<ptxt>
<phrase category="" id="KC09688739" phrase-urn="urn:x-nevis:phrase:0800c8af8284ea2d">The resistance #@#@#38# 0 Ω.</phrase>
</ptxt>
</para>
<para>
<title>
<phrase category="" id="KC09688740" phrase-urn="urn:x-nevis:phrase:0800c8af8284ea2e">Checking for sh#@#@#25#ltage</phrase>
</title>
<ptxt>
<phrase category="" id="KC09688741" phrase-urn="urn:x-nevis:phrase:0800c8af8284ea2f">Check the colli#@#@#159#tors:</phrase>
</ptxt>
</para>
<list1 enumtype="d" type="unordered">
<item>
<ptxt>
<phrase category="" id="KC09688742" phrase-urn="urn:x-nevis:phrase:0800c8af8284ea30">carphone module#@#@#30#(#17)</phrase>
</ptxt>
</item>
<item>
<ptxt>
<phrase category="" id="KC09688743" phrase-urn="urn:x-nevis:phrase:0800c8af8284ea31">central electro#@#@#40##B5) </phrase>
</ptxt>
</item>
<item>
<ptxt>
<phrase category="" id="KC09688744" phrase-urn="urn:x-nevis:phrase:0800c8af8284ea32">SRS control mod#@#@#27##2B).</phrase>
</ptxt>
</item>
</list1>
<para>
<ptxt>
<phrase category="" id="KC09688745" phrase-urn="urn:x-nevis:phrase:0800c8af8284ea33">Remedy as necessary.</phrase>
</ptxt>
</para>
<list1 enumtype="d" type="unordered">
<title>
<phrase category="" id="KC09688746" phrase-urn="urn:x-nevis:phrase:0800c8af8284ea34">Other information</phrase>
</title>
<item>
<ptxt>
<phrase category="" id="KC09688747" phrase-urn="urn:x-nevis:phrase:0800c8af8284ea35">To connect the #@#@#42# see <xref>
<ref id="KC09688748"/>
</xref>
</phrase>
</ptxt>
</item>
<item>
<ptxt>
<phrase category="" id="KC09688749" phrase-urn="urn:x-nevis:phrase:0800c8af8284ea36">To connect the #@#@#52# see <xref>
<ref id="KC09688750"/>
</xref>
</phrase>
</ptxt>
</item>
<item>
<ptxt>
<phrase category="" id="KC09688751" phrase-urn="urn:x-nevis:phrase:0800c8af8284ea37">To connect the #@#@#31# see <xref>
<ref id="KC09688752"/>
</xref>.</phrase>
</ptxt>
</item>
</list1>
</test2>
</test1>
<question>
Select Continue.
</question>
<resact-grp>
<result button="cont" comp="button" highlight="0" text=""/>
<action j2008use="1" paperuse="1" screenuse="1">
<return value="FAULT FOUND"/>
</action>
</resact-grp>
</node>
</testgrp>
</diagnostic>
</servinfosub>