<?xml version="1.0" encoding="UTF-8"?><servinfosub IE-ID="en-US0900c8af82628418" docno="VCC-253437" id="nev10753167n1" xml:lang="en-US">
<title>
<phrase category="Title" id="nev10753186n1" phrase-urn="urn:x-nevis:phrase:0800c8af81eb9a54">Diagnostic trou#@#@#21#ation</phrase>
</title>
<diagnostic id="nev10753167n3" type="condition">
<condgrp>
<condition type="condition">
<grate>
<graphic id="nev10753167n4">
<href>0900c8af81d9ae6#@#@#9#.jpeg</href>
</graphic>
<graphtext>
<ptxt>
<phrase category="" id="nev10753167n5" phrase-urn="urn:x-nevis:phrase:0800c8af823d8d78">The lock-up sol#@#@#284#ions.</phrase>
</ptxt>
<para>
<ptxt>
<phrase category="" id="nev10753167n6" phrase-urn="urn:x-nevis:phrase:0800c8af823d8d79">If the transmis#@#@#210#sure.</phrase>
</ptxt>
</para>
<para>
<ptxt>
<phrase category="" id="nev10753167n7" phrase-urn="urn:x-nevis:phrase:0800c8af823d8d7a">The diagnostic #@#@#103#ated.</phrase>
</ptxt>
</para>
</graphtext>
</grate>
</condition>
</condgrp>
<condgrp>
<condition type="substitution">
<list1 enumtype="d" type="unordered">
<item>
<ptxt>
<phrase category="" id="nev10753167n8" phrase-urn="urn:x-nevis:phrase:0800c8af823d8d7b">Auxiliary program <emph>Emergency mode 1 </emph> in the transmi#@#@#35#ted. </phrase>
</ptxt>
<hint>
<ptxt id="nev10837484n100">
<xref id="nev10837484n99">
<ref id="l1108732384301"/>
</xref>
</ptxt>
</hint>
</item>
</list1>
</condition>
<ps>
<list1 enumtype="d" type="unordered">
<item>
<ptxt>
<phrase category="" id="nev10753168n1" phrase-urn="urn:x-nevis:phrase:0800c8af823d8d7d">Contact resista#@#@#15#inals</phrase>
</ptxt>
</item>
<item>
<ptxt>
<phrase category="" id="nev10753168n2" phrase-urn="urn:x-nevis:phrase:0800c8af823d8d7e">Open circuit in#@#@#38#und. </phrase>
</ptxt>
</item>
<item>
<ptxt>
<phrase category="" id="nev10753168n3" phrase-urn="urn:x-nevis:phrase:0800c8af823d8d7f">Linear pressure#@#@#16#tuck.</phrase>
</ptxt>
</item>
<item>
<ptxt>
<phrase category="" id="nev10753168n4" phrase-urn="urn:x-nevis:phrase:0800c8af823d8d80">Linear pressure#@#@#22#king.</phrase>
</ptxt>
</item>
</list1>
</ps>
</condgrp>
<condgrp>
<condition type="symptom">
<list1 enumtype="d" type="unordered">
<item>
<ptxt>
<phrase category="" id="nev10753168n5" phrase-urn="urn:x-nevis:phrase:0800c8af823d8d81">General warning#@#@#4#p lit</phrase>
</ptxt>
</item>
<item>
<ptxt>
<phrase category="" id="nev10753168n6" phrase-urn="urn:x-nevis:phrase:0800c8af823d8d82">Malfunction ind#@#@#17# lit.</phrase>
</ptxt>
</item>
<item>
<ptxt>
<phrase category="" id="nev10753168n7" phrase-urn="urn:x-nevis:phrase:0800c8af823d8d83">Harsh gear changing</phrase>
</ptxt>
</item>
<item>
<ptxt>
<phrase category="" id="nev10753168n8" phrase-urn="urn:x-nevis:phrase:0800c8af823d8d84">No gear changing.</phrase>
</ptxt>
</item>
<item>
<ptxt>
<phrase category="" id="nev10753168n9" phrase-urn="urn:x-nevis:phrase:0800c8af823d8d85">Abnormally slip#@#@#6#ears.</phrase>
</ptxt>
</item>
</list1>
</condition>
</condgrp>
</diagnostic>
</servinfosub>