<?xml version="1.0" encoding="UTF-8"?><servinfosub IE-ID="en-US0900c8af8135b418" docno="VCC-156936" id="KC03100977" xml:lang="en-US">
<title>
<phrase category="" id="KC09533076" phrase-urn="urn:x-nevis:phrase:0800c8af827145d8">Signal missing</phrase>
</title>
<diagnostic j2008use="1" paperuse="1" screenuse="1" type="test">
<testgrp IE-ID="en-US0900c8af8135b418_KC03101020" id="KC03101020" j2008use="1" paperuse="1" resumable="1" screenuse="1" testgrp-id="node1" x="120" y="80">
<title>
<phrase category="" id="KC09533077" phrase-urn="urn:x-nevis:phrase:0800c8af827145d9">Checking the co#@#@#13#iring</phrase>
</title>
<node>
<test1>
<test2>
<para>
<ptxt>
<phrase category="" id="KC09533078" phrase-urn="urn:x-nevis:phrase:0800c8af827145da">Check the leak #@#@#66#tion.</phrase>
</ptxt>
</para>
<para>
<ptxt>
<phrase category="" id="KC09533079" phrase-urn="urn:x-nevis:phrase:0800c8af827145db">Check the resis#@#@#110#ide).</phrase>
</ptxt>
</para>
<para>
<ptxt>
<phrase category="" id="KC09533080" phrase-urn="urn:x-nevis:phrase:0800c8af827145dc">Check the signa#@#@#124#cuit.</phrase>
</ptxt>
</para>
<para>
<ptxt>
<phrase category="" id="KC09533081" phrase-urn="urn:x-nevis:phrase:0800c8af827145dd">Check the power#@#@#106#cuit.</phrase>
</ptxt>
</para>
<para>
<ptxt>
<phrase category="" id="KC09533082" phrase-urn="urn:x-nevis:phrase:0800c8af827145de">Remedy as necessary.</phrase>
</ptxt>
</para>
<list1 enumtype="d" type="unordered">
<title>
<phrase category="" id="KC09533083" phrase-urn="urn:x-nevis:phrase:0800c8af827145df">Other information</phrase>
</title>
<item>
<ptxt>
<phrase category="" id="KC09533084" phrase-urn="urn:x-nevis:phrase:0800c8af827145e0">
<xref>
<ref id="KC09533085"/>
</xref>
</phrase>
</ptxt>
</item>
<item>
<ptxt>
<phrase category="" id="KC09533086" phrase-urn="urn:x-nevis:phrase:0800c8af827145e1">
<xref>
<ref id="KC09533087"/>
</xref>
</phrase>
</ptxt>
</item>
<item>
<ptxt>
<phrase category="" id="KC09533088" phrase-urn="urn:x-nevis:phrase:0800c8af827145e2">
<xref>
<ref id="KC09533089"/>
</xref>
</phrase>
</ptxt>
</item>
<item>
<ptxt>
<phrase category="" id="KC09533090" phrase-urn="urn:x-nevis:phrase:0800c8af827145e3">
<xref>
<ref id="KC09533091"/>
</xref>
</phrase>
</ptxt>
</item>
<item>
<ptxt>
<phrase category="" id="KC09533092" phrase-urn="urn:x-nevis:phrase:0800c8af827145e4">
<xref>
<ref id="KC09533093"/>
</xref>
</phrase>
</ptxt>
</item>
</list1>
<diaglist>
<dgraphic>
<dgraphic1>
<graphic id="KC09533094">
<href>0900c8af80058e6#@#@#9#.jpeg</href>
</graphic>
</dgraphic1>
</dgraphic>
</diaglist>
<grate>
<graphic id="KC09533095">
<href>0900c8af8005ad7#@#@#9#.jpeg</href>
</graphic>
</grate>
</test2>
</test1>
<question>
Select Continue.
</question>
<resact-grp>
<result button="cont" comp="button" highlight="0"/>
<action j2008use="1" paperuse="1" screenuse="1">
<ptxt>
<xref>
<ref id="KC09533097"/>
</xref>
</ptxt>
</action>
</resact-grp>
</node>
</testgrp>
<testgrp id="KC03101021" j2008use="1" paperuse="1" resumable="1" screenuse="1" testgrp-id="info1" x="120" y="160">
<title>
<phrase category="" id="KC09533098" phrase-urn="urn:x-nevis:phrase:0800c8af827145e6">Fault-tracing i#@#@#5#ation</phrase>
</title>
<subcalloutnode>
<diagcallout>
<xref>
<ref id="KC09533099"/>
</xref>
</diagcallout>
<rescall-grp>
<result comp="string" highlight="0" op="eq" return="NEW TRY"/>
<calloutaction>
<ptxt>
<xref>
<ref id="KC09533100"/>
</xref>
</ptxt>
</calloutaction>
</rescall-grp>
<rescall-grp>
<result comp="string" highlight="0" op="eq" return="FAULT FOUND"/>
<calloutaction>
<return value="DONE"/>
</calloutaction>
</rescall-grp>
</subcalloutnode>
</testgrp>
</diagnostic>
</servinfosub>