<?xml version="1.0" encoding="UTF-8"?><servinfosub IE-ID="en-US0900c8af85535418" docno="VCC-371115" id="nev13718067n1" original="sv-SE" servinfosubId="nev13718068n1-nev17207779n1" servinfosubRes="0900c8af856385ff" servinfosubRes2="urn:x-nevis:fragment:0900c8af85535418:0900c8af856385ff#nev17207779n1" xml:lang="en-US">
<operationnumbers>
<operationnumber>85160-2</operationnumber>
<operationnumber>85161-2</operationnumber>
</operationnumbers>
<title id="nev13718066n38">Tailgate/trunk #@#@#4#panel</title>
<procedure id="nev13718068n1-nev17286185n39">
<stepgrp boilerplate="false" context="" id="nev13718068n1-nev17324252n70">
<title id="nev13718068n1-0800c8af844a46f6">Removal</title>
<procstep id="nev13718068n1-nev17286148n67">
<grate id="nev13718068n1-nev17290217n82">
<graphic id="nev13718068n1-nev17290217n83">
<href>0900c8af855f520#@#@#9#.jpeg</href>
</graphic>
</grate>
</procstep>
<procstep id="nev13718068n1-nev17286148n62">
<grate id="nev13718068n1-nev17290217n80">
<graphic id="nev13718068n1-nev17290217n81">
<href>0900c8af855f524#@#@#9#.jpeg</href>
</graphic>
</grate>
</procstep>
<procstep id="nev13718068n1-nev17286148n59">
<grate id="nev13718068n1-nev17290217n78">
<graphic id="nev13718068n1-nev17290217n79">
<href>0900c8af855f524#@#@#9#.jpeg</href>
</graphic>
</grate>
</procstep>
<procstep id="nev13718068n1-nev17286148n56">
<grate id="nev13718068n1-nev17290217n76">
<graphic id="nev13718068n1-nev17290217n77">
<href>0900c8af855f51f#@#@#9#.jpeg</href>
</graphic>
</grate>
</procstep>
<procstep id="nev13718068n1-nev17286148n53">
<grate id="nev13718068n1-nev17290217n74">
<graphic id="nev13718068n1-nev17290217n75">
<href>0900c8af855f51f#@#@#9#.jpeg</href>
</graphic>
</grate>
</procstep>
<procstep id="nev13718068n1-nev17289918n28">
<grate id="nev13718068n1-nev17290217n72">
<graphic id="nev13718068n1-nev17290217n73">
<href>0900c8af855fad0#@#@#9#.jpeg</href>
</graphic>
<graphtext id="nev13718068n1-nev17324540n1">
<para id="nev13718068n1-nev17324252n68">
<ptxt id="nev13718068n1-nev17324252n69">On both sides.</ptxt>
</para>
</graphtext>
</grate>
</procstep>
<procstep id="nev13718068n1-nev17286181n93">
<grate id="nev13718068n1-nev17290217n68">
<graphic id="nev13718068n1-nev17290217n69">
<href>0900c8af855f520#@#@#9#.jpeg</href>
</graphic>
</grate>
</procstep>
<procstep id="nev13718068n1-nev17286148n50">
<grate id="nev13718068n1-nev17290217n66">
<graphic id="nev13718068n1-nev17290217n67">
<href>0900c8af855f51f#@#@#9#.jpeg</href>
</graphic>
</grate>
</procstep>
<procstep id="nev13718068n1-nev17286148n47">
<grate id="nev13718068n1-nev17290217n64">
<graphic id="nev13718068n1-nev17290217n65">
<href>0900c8af855f51f#@#@#9#.jpeg</href>
</graphic>
</grate>
</procstep>
<procstep id="nev13718068n1-nev17286148n44">
<grate id="nev13718068n1-nev17290217n62">
<graphic id="nev13718068n1-nev17290217n63">
<href>0900c8af855f51f#@#@#9#.jpeg</href>
</graphic>
</grate>
</procstep>
</stepgrp>
<stepgrp boilerplate="false" context="" id="nev13718068n1-nev17324252n67">
<title id="nev13718068n1-0800c8af844a46f9">Installation</title>
<procstep id="nev13718068n1-nev17286185n63">
<para id="nev13718068n1-nev17324252n65">
<ptxt id="nev13718068n1-nev17324252n66">To install, rev#@#@#22#dure.</ptxt>
</para>
</procstep>
</stepgrp>
</procedure>
</servinfosub>