<?xml version="1.0" encoding="UTF-8"?><servinfosub IE-ID="en-US0900c8af800de418" docno="VCC-142959" id="KC01340303" xml:lang="en-US">
<title>Loudspeaker, fr#@#@#19#acing</title>
<procedure>
<stepgrp id="KC01349446">
<procstep id="KC01349447">
<title/>
<para>
<ptxt>As the illustra#@#@#182#ect. </ptxt>
</para>
<list1 enumtype="d" type="unordered">
<title>Included in thi#@#@#20# for:</title>
<item>
<ptxt>the loudspeaker#@#@#24# See <xref>
<ref id="KC07566100"/>
</xref>
</ptxt>
</item>
<item>
<ptxt>the <emph>upper</emph> loudspeaker in#@#@#21# See <xref>
<ref id="KC07566101"/>
</xref>.</ptxt>
</item>
</list1>
</procstep>
</stepgrp>
<stepgrp id="KC01349448">
<title>Loudspeaker, fr#@#@#19#acing</title>
<procstep id="KC01349449">
<title>Removing the lo#@#@#29# door</title>
<grate>
<graphic id="KC07566102">
<href>0900c8af80056b4#@#@#9#.jpeg</href>
</graphic>
<graphtext>
<list1 enumtype="d" type="unordered">
<title>Remove:</title>
<item>
<ptxt>the panel. See <xref>
<ref id="KC07566103"/>
</xref>
</ptxt>
</item>
<item>
<ptxt>the rivets. See <xref>
<ref id="KC07566104"/>
</xref>
</ptxt>
</item>
<item>
<ptxt>the connector</ptxt>
</item>
<item>
<ptxt>the loudspeaker.</ptxt>
</item>
</list1>
</graphtext>
</grate>
<grate>
<graphic id="KC07566105">
<href>0900c8af80056b4#@#@#9#.jpeg</href>
</graphic>
</grate>
</procstep>
<procstep id="KC01349450">
<title>Installing the #@#@#29# door</title>
<list1 enumtype="d" type="unordered">
<title>Install:</title>
<item>
<ptxt>the loudspeaker</ptxt>
</item>
<item>
<ptxt>the connector</ptxt>
</item>
<item>
<ptxt>the 3 rivets</ptxt>
</item>
<item>
<ptxt>the panel. See <xref>
<ref id="KC07566106"/>
</xref>.</ptxt>
</item>
</list1>
</procstep>
</stepgrp>
<stepgrp id="KC01349451">
<title>Upper loudspeak#@#@#24#acing</title>
<procstep id="KC01349452">
<title>Removing the up#@#@#35# door</title>
<grate>
<graphic id="KC07566107">
<href>0900c8af80056a8#@#@#11#.jpeg</href>
</graphic>
<graphtext>
<list1 enumtype="d" type="unordered">
<title>Remove:</title>
<item>
<ptxt>the loudspeaker#@#@#1#panel</ptxt>
</item>
<item>
<ptxt>the connector.</ptxt>
</item>
</list1>
<para>
<ptxt>Replace the ent#@#@#4#unit.</ptxt>
</para>
</graphtext>
</grate>
</procstep>
<procstep id="KC01349453">
<title>Installing the #@#@#36#door </title>
<grate>
<graphic id="KC07566108">
<href>0900c8af80056a8#@#@#11#.jpeg</href>
</graphic>
<graphtext>
<list1 enumtype="d" type="unordered">
<title>Install:</title>
<item>
<ptxt>the connector</ptxt>
</item>
<item>
<ptxt>the loudspeaker#@#@#2#anel.</ptxt>
</item>
</list1>
</graphtext>
</grate>
</procstep>
</stepgrp>
</procedure>
</servinfosub>