<?xml version="1.0" encoding="UTF-8"?><servinfosub IE-ID="en-US0900c8af80117909" docno="VCC-107560" id="KC01127030" xml:lang="en-US">
<title>
<phrase category="" id="KC09327260" phrase-urn="urn:x-nevis:phrase:0800c8af826e3e6c">Faulty signal. #@#@#10#fault</phrase>
</title>
<diagnostic j2008use="1" paperuse="1" screenuse="1" type="test">
<testgrp IE-ID="en-US0900c8af80117909_KC01155972" id="KC01155972" j2008use="1" paperuse="1" resumable="1" screenuse="1" testgrp-id="node1" x="120" y="200">
<title>
<phrase category="" id="KC09327261" phrase-urn="urn:x-nevis:phrase:0800c8af826e3e6d">Checking compon#@#@#11#ring </phrase>
</title>
<node>
<caution>
<ptxt>
<phrase category="" id="KC09327262" phrase-urn="urn:x-nevis:phrase:0800c8af826e3e6f">Do not apply ru#@#@#67#ctor.</phrase>
</ptxt>
</caution>
<test1>
<test2>
<para>
<ptxt>
<phrase category="" id="KC09327263" phrase-urn="urn:x-nevis:phrase:0800c8af826e3e70">Check the signa#@#@#246#ound.</phrase>
</ptxt>
</para>
<para>
<ptxt>
<phrase category="" id="KC09327264" phrase-urn="urn:x-nevis:phrase:0800c8af826e3e71">Try a new heate#@#@#38#s OK.</phrase>
</ptxt>
<ptxt>
<phrase category="" id="KC09327265" phrase-urn="urn:x-nevis:phrase:0800c8af826e3e73">Remedy as necessary.</phrase>
</ptxt>
</para>
<list1 enumtype="d" type="unordered">
<title>
<phrase category="" id="KC09327266" phrase-urn="urn:x-nevis:phrase:0800c8af826e3e74">Other information:</phrase>
</title>
<item>
<ptxt>
<phrase category="" id="KC09327267" phrase-urn="urn:x-nevis:phrase:0800c8af826e3e75">To connect the #@#@#41# see <xref>
<ref id="KC09327268"/>
</xref>
</phrase>
</ptxt>
</item>
<item>
<ptxt>
<phrase category="" id="KC09327269" phrase-urn="urn:x-nevis:phrase:0800c8af826e3e76">To access or re#@#@#38# see <xref>
<ref id="KC09327270"/>
</xref>
</phrase>
</ptxt>
</item>
<item>
<ptxt>
<phrase category="" id="KC09327271" phrase-urn="urn:x-nevis:phrase:0800c8af826e3e77">For information#@#@#37# see <xref>
<ref id="KC09327272"/>
</xref>
</phrase>
</ptxt>
</item>
<item>
<ptxt>
<phrase category="" id="KC09327273" phrase-urn="urn:x-nevis:phrase:0800c8af826e3e78">For information#@#@#37# see <xref>
<ref id="KC09327274"/>
</xref>
</phrase>
</ptxt>
</item>
<item>
<ptxt>
<phrase category="" id="KC09327275" phrase-urn="urn:x-nevis:phrase:0800c8af826e3e7b">
<xref>
<ref id="KC09327276"/>
</xref>.</phrase>
</ptxt>
</item>
</list1>
<diaglist>
<dgraphic>
<dgraphic1>
<graphic id="KC09327277">
<href>0900c8af80058ca#@#@#9#.jpeg</href>
</graphic>
</dgraphic1>
<dgraphic2>
<graphic id="KC09327278">
<href>0900c8af80054d4#@#@#9#.jpeg</href>
</graphic>
<smarttool active="press" id="KC09327279" toolname="ODAH"/>
</dgraphic2>
</dgraphic>
<ditem>
<ditemtext>
<ptxt>
<phrase category="" id="KC09327280" phrase-urn="urn:x-nevis:phrase:0800c8af826e3e7c"/>
</ptxt>
</ditemtext>
</ditem>
</diaglist>
<grate>
<graphic id="KC09327281">
<href>0900c8af8005789#@#@#9#.jpeg</href>
</graphic>
</grate>
</test2>
</test1>
<question/>
<resact-grp>
<result button="cont" comp="button" highlight="0"/>
<action j2008use="1" paperuse="1" screenuse="1">
<ptxt>
<xref>
<ref id="KC09327283"/>
</xref>
</ptxt>
</action>
</resact-grp>
</node>
</testgrp>
<testgrp id="KC01155973" j2008use="1" paperuse="1" resumable="1" screenuse="1" testgrp-id="ecm-ver1" x="320" y="80">
<title>
<phrase category="" id="KC09327284" phrase-urn="urn:x-nevis:phrase:0800c8af826e3e7e">Verification</phrase>
</title>
<subcalloutnode>
<diagcallout>
<xref>
<ref id="KC09327285"/>
</xref>
</diagcallout>
<rescall-grp>
<result comp="string" highlight="0" op="eq" return="VERIFICATION FAILED"/>
<calloutaction>
<ptxt>
<xref>
<ref id="KC09327286"/>
</xref>
</ptxt>
</calloutaction>
</rescall-grp>
<rescall-grp>
<result comp="string" highlight="0" op="eq" return="VERIFIED"/>
<calloutaction>
<return value="FAULT FOUND"/>
</calloutaction>
</rescall-grp>
<rescall-grp>
<result comp="string" highlight="0" op="eq" return="FAULTTRACING FAILED"/>
<calloutaction>
<return value="FAULT NOT FOUND"/>
</calloutaction>
</rescall-grp>
</subcalloutnode>
</testgrp>
<testgrp id="KC01155974" j2008use="1" paperuse="0" resumable="1" screenuse="1" testgrp-id="info1" x="480" y="80">
<title>
<phrase category="" id="KC09327287" phrase-urn="urn:x-nevis:phrase:0800c8af826e3e7f">Fault-tracing i#@#@#5#ation</phrase>
</title>
<subcalloutnode>
<diagcallout>
<xref>
<ref id="KC09327288"/>
</xref>
</diagcallout>
<rescall-grp>
<result comp="string" highlight="0" op="eq" return="FAULTTRACING FAILED"/>
<calloutaction>
<return value="FAULTTRACING FAILED"/>
</calloutaction>
</rescall-grp>
<rescall-grp>
<result comp="string" highlight="0" op="eq" return="NEW TRY"/>
<calloutaction>
<ptxt>
<xref>
<ref id="KC09327289"/>
</xref>
</ptxt>
</calloutaction>
</rescall-grp>
</subcalloutnode>
</testgrp>
</diagnostic>
</servinfosub>