<?xml version="1.0" encoding="UTF-8"?><servinfosub IE-ID="en-US0900c8af83dd4909" docno="VCC-153884" id="KC02758487" xml:lang="en-US">
<title>
<phrase category="" id="KC09474112" phrase-urn="urn:x-nevis:phrase:0800c8af8270d175">Signal too high</phrase>
</title>
<diagnostic j2008use="1" layout="0" paperuse="1" screenuse="1" type="test">
<testgrp IE-ID="en-US0900c8af83dd4909_KC02776028" id="KC02776028" j2008use="1" paperuse="1" resumable="1" screenuse="1" testgrp-id="node1" x="80" y="100">
<title>
<phrase category="" id="KC09474113" phrase-urn="urn:x-nevis:phrase:0800c8af8270d176">Checking the status</phrase>
</title>
<node>
<test1>
<diaglist>
<dgraphic>
<dgraphic1>
<graphic id="KC09474114">
<href>0900c8af80054d5#@#@#9#.jpeg</href>
</graphic>
</dgraphic1>
</dgraphic>
<ditem>
<ptxt>
<phrase category="" id="KC09474115" phrase-urn="urn:x-nevis:phrase:0800c8af8270d178">Ignition on.</phrase>
</ptxt>
</ditem>
</diaglist>
<test2>
<para>
<ptxt>
<phrase category="" id="KC09474116" phrase-urn="urn:x-nevis:phrase:0800c8af8270d179">Activate the hi#@#@#14#lamp.</phrase>
</ptxt>
</para>
<para>
<ptxt>
<phrase category="" id="KC09474117" phrase-urn="urn:x-nevis:phrase:0800c8af8270d17a">Check if the fa#@#@#28#tent.</phrase>
</ptxt>
</para>
<para>
<ptxt>
<phrase category="" id="KC09474118" phrase-urn="urn:x-nevis:phrase:0800c8af8270d17b">The high level #@#@#31#ated.</phrase>
</ptxt>
</para>
<para>
<ptxt>
<phrase category="" id="KC09474119" phrase-urn="urn:x-nevis:phrase:0800c8af8270d17c">The fault is pe#@#@#49#vate.</phrase>
</ptxt>
</para>
<para>
<ptxt>
<phrase category="" id="KC09474120" phrase-urn="urn:x-nevis:phrase:0800c8af8270d17d">If the high lev#@#@#154#tent.</phrase>
</ptxt>
</para>
<diaglist>
<dgraphic>
<dgraphic2>
<graphic id="KC09474121">
<href>0900c8af86c8681#@#@#9#.jpeg</href>
</graphic>
<smarttool active="press" id="KC09474122" toolname="YCEM002B"/>
</dgraphic2>
</dgraphic>
</diaglist>
</test2>
</test1>
<question>
Select Continue.
</question>
<resact-grp>
<result button="cont" comp="button" highlight="0"/>
<action j2008use="1" paperuse="1" screenuse="1">
<ptxt>
<xref>
<ref id="KC09474125"/>
</xref>
</ptxt>
</action>
</resact-grp>
</node>
</testgrp>
<testgrp id="KC02776029" j2008use="1" paperuse="1" resumable="1" screenuse="1" testgrp-id="node2" x="80" y="240">
<title>
<phrase category="" id="KC09474126" phrase-urn="urn:x-nevis:phrase:0800c8af8270d180">Checking the co#@#@#13#iring</phrase>
</title>
<node>
<test1>
<test2>
<para>
<ptxt>
<phrase category="" id="KC09474127" phrase-urn="urn:x-nevis:phrase:0800c8af8270d181">
<emph>5-doors</emph>
</phrase>
</ptxt>
</para>
<para>
<ptxt>
<phrase category="" id="KC09474128" phrase-urn="urn:x-nevis:phrase:0800c8af8270d182">Check the volta#@#@#185#ted. </phrase>
</ptxt>
</para>
<para>
<ptxt>
<phrase category="" id="KC09474129" phrase-urn="urn:x-nevis:phrase:0800c8af8270d183">Check control s#@#@#45#tage.</phrase>
</ptxt>
</para>
<para>
<ptxt>
<phrase category="" id="KC09474130" phrase-urn="urn:x-nevis:phrase:0800c8af8270d184">Take readings b#@#@#2#ween:</phrase>
</ptxt>
</para>
<list1 enumtype="d" type="unordered">
<item>
<ptxt>
<phrase category="" id="KC09474131" phrase-urn="urn:x-nevis:phrase:0800c8af8270d185">Central electro#@#@#77#l #1.</phrase>
</ptxt>
</item>
</list1>
<para>
<ptxt>
<phrase category="" id="KC09474132" phrase-urn="urn:x-nevis:phrase:0800c8af8270d186">Remedy as necessary.</phrase>
</ptxt>
</para>
<para>
<ptxt>
<phrase category="" id="KC09474133" phrase-urn="urn:x-nevis:phrase:0800c8af8270d187">
<emph>4-doors</emph>
</phrase>
</ptxt>
</para>
<para>
<ptxt>
<phrase category="" id="KC09474134" phrase-urn="urn:x-nevis:phrase:0800c8af8270d188">Check the volta#@#@#185#ted. </phrase>
</ptxt>
</para>
<para>
<ptxt>
<phrase category="" id="KC09474135" phrase-urn="urn:x-nevis:phrase:0800c8af8270d189">Check control s#@#@#45#tage.</phrase>
</ptxt>
</para>
<para>
<ptxt>
<phrase category="" id="KC09474136" phrase-urn="urn:x-nevis:phrase:0800c8af8270d18a">Take readings b#@#@#2#ween:</phrase>
</ptxt>
</para>
<list1 enumtype="d" type="unordered">
<item>
<ptxt>
<phrase category="" id="KC09474137" phrase-urn="urn:x-nevis:phrase:0800c8af8270d18b">Central electro#@#@#77#l #1.</phrase>
</ptxt>
</item>
</list1>
<para>
<ptxt>
<phrase category="" id="KC09474138" phrase-urn="urn:x-nevis:phrase:0800c8af8270d18c">Remedy as necessary.</phrase>
</ptxt>
</para>
<list1 enumtype="d" type="unordered">
<title>
<phrase category="" id="KC09474139" phrase-urn="urn:x-nevis:phrase:0800c8af8270d18d">Other information</phrase>
</title>
<item>
<ptxt>
<xref id="nev12695530n100">
<ref id="l1171625422945"/>
</xref>
</ptxt>
</item>
<item>
<ptxt>
<xref id="nev12695571n100">
<ref id="l1171625436320"/>
</xref>
</ptxt>
</item>
<item>
<ptxt>
<xref id="nev12695530n96">
<ref id="l1171625457382"/>
</xref>
</ptxt>
</item>
<item>
<ptxt>
<xref id="nev12695530n93">
<ref id="l1171626209415"/>
</xref>
</ptxt>
</item>
</list1>
<diaglist>
<dgraphic>
<dgraphic1>
<graphic id="KC09474150">
<href>0900c8af8012083#@#@#9#.jpeg</href>
</graphic>
</dgraphic1>
<dgraphic2>
<graphic id="KC09474151">
<href>0900c8af80054d4#@#@#9#.jpeg</href>
</graphic>
<smarttool active="press" id="KC09474152" toolname="ODAH"/>
</dgraphic2>
</dgraphic>
</diaglist>
<grate>
<graphic id="KC09474154">
<href>0900c8af80a53a5#@#@#9#.jpeg</href>
</graphic>
</grate>
</test2>
</test1>
<question>
Select Continue.
</question>
<resact-grp>
<result button="cont" comp="button" highlight="0"/>
<action j2008use="1" paperuse="1" screenuse="1">
<ptxt>
<xref>
<ref id="KC09474156"/>
</xref>
</ptxt>
</action>
</resact-grp>
</node>
</testgrp>
<testgrp id="KC02776030" j2008use="1" paperuse="1" resumable="1" screenuse="1" testgrp-id="veria" x="80" y="420">
<title>
<phrase category="" id="KC09474157" phrase-urn="urn:x-nevis:phrase:0800c8af8270d195">Verification</phrase>
</title>
<subcalloutnode>
<diagcallout>
<xref>
<ref id="KC09474158"/>
</xref>
</diagcallout>
<rescall-grp>
<result comp="string" highlight="0" op="eq" return="VERIFIED"/>
<calloutaction>
<return value="FAULT FOUND"/>
</calloutaction>
</rescall-grp>
<rescall-grp>
<result comp="string" highlight="0" op="eq" return="VERIFICATION FAILED"/>
<calloutaction>
<ptxt>
<xref>
<ref id="KC09474159"/>
</xref>
</ptxt>
</calloutaction>
</rescall-grp>
</subcalloutnode>
</testgrp>
<testgrp id="KC02776031" j2008use="1" paperuse="1" resumable="1" screenuse="1" testgrp-id="info1" x="80" y="560">
<title>
<phrase category="" id="KC09474160" phrase-urn="urn:x-nevis:phrase:0800c8af8270d196">Fault-tracing i#@#@#5#ation</phrase>
</title>
<subcalloutnode>
<diagcallout>
<xref>
<ref id="KC09474161"/>
</xref>
</diagcallout>
<rescall-grp>
<result comp="string" highlight="0" op="eq" return="FAULTTRACING FAILED"/>
<calloutaction>
<return value="FAULTTRACING FAILED"/>
</calloutaction>
</rescall-grp>
<rescall-grp>
<result comp="string" highlight="0" op="eq" return="NEW TRY"/>
<calloutaction>
<ptxt>
<xref>
<ref id="KC09474162"/>
</xref>
</ptxt>
</calloutaction>
</rescall-grp>
</subcalloutnode>
</testgrp>
</diagnostic>
</servinfosub>