<?xml version="1.0" encoding="UTF-8"?><i2 IE-ID="en-US0900c8af85fe1510" docno="VCC-465622" id="nev19690955n1" original="sv-SE" xml:lang="en-US">
<frontm id="nev19690957n1-nev19772525n30">
<prolog>
<tpnbr>31373260</tpnbr>
</prolog>
<titlep id="nev19690957n1-nev19772525n29">
<title id="nev19690955n2">Towbar, hitch</title>
</titlep>
<preface id="nev19690957n1-nev19772525n24">
<toolpics id="nev19690957n1-nev19772525n22">
<title id="nev19690957n1-0800c8af84f6831f">Equipment</title>
<i2graphic id="nev19690957n1-nev19739932n32">
<href>0900c8af84fe1a6#@#@#9#.jpeg</href>
</i2graphic>
<i2graphic id="nev19690957n1-nev19739932n31">
<href>0900c8af85b62fb#@#@#9#.jpeg</href>
</i2graphic>
<i2graphic id="nev19690957n1-nev19739932n30">
<href>0900c8af83557b7#@#@#9#.jpeg</href>
</i2graphic>
<i2graphic id="nev19690957n1-nev19739932n29">
<href>0900c8af842b119#@#@#9#.jpeg</href>
</i2graphic>
<i2graphic id="nev19690957n1-nev19739932n28">
<href>0900c8af850b8ad#@#@#9#.jpeg</href>
</i2graphic>
<i2graphic id="nev19690957n1-nev19739932n27">
<href>0900c8af850b8ad#@#@#9#.jpeg</href>
</i2graphic>
</toolpics>
<kitpics id="nev19690957n1-nev19772525n23">
<title id="nev19690957n1-0800c8af84f6835a">Component overview</title>
<i2graphic id="nev19690957n1-nev19739932n35">
<href>0900c8af85f9ffa#@#@#11#.jpeg</href>
</i2graphic>
<i2graphic id="nev19690957n1-nev19739932n34">
<href>0900c8af85f9ffc#@#@#11#.jpeg</href>
</i2graphic>
</kitpics>
</preface>
</frontm>
<body id="nev19690957n1-nev19772525n31">
<servinfosub docno="VCC-465622" id="nev19690957n1-nev19771149n35" original="sv-SE" servinfosubId="nev19690957n1-nev19690958n1" servinfosubRes="0900c8af85fe15ff" servinfosubRes2="urn:x-nevis:fragment:0900c8af85fe1510:0900c8af85fe15ff#nev19690958n1">
<operationnumbers>
<operationnumber>89208-0</operationnumber>
</operationnumbers>
<toolitemtable id="nev19690957n1-nev19772871n25">
<table id="nev19690957n1-nev19772871n24">
<tgroup cols="2" id="nev19690957n1-nev19772871n23">
<colspec colname="COLSPEC0" colwidth="1.00*" id="nev19690957n1-nev19772871n22"/>
<colspec colname="COLSPEC1" colwidth="1.00*" id="nev19690957n1-nev19772871n21"/>
<thead id="nev19690957n1-nev19772871n20">
<row id="nev19690957n1-nev19772871n19">
<entry id="nev19690957n1-nev19772871n18" nameend="COLSPEC1" namest="COLSPEC0" valign="top">
<ptxt id="nev19690957n1-nev19772871n17">
<emph id="nev19690957n1-nev19772871n16">Special tools</emph>
</ptxt>
</entry>
</row>
</thead>
<tbody id="nev19690957n1-nev19772871n15">
<row id="nev19690957n1-nev19772871n14">
<entry id="nev19690957n1-nev19772871n13">
<graphic id="nev19690957n1-nev19772871n12">
<href>0900c8af8005435#@#@#9#.jpeg</href>
</graphic>
</entry>
<entry id="nev19690957n1-nev19772871n11">
<ptxt id="nev19690957n1-nev19772871n10">
<emph id="nev19690957n1-nev19772871n9">999 5972 FIXTUR#@#@#19#XLES)</emph>
</ptxt>
<ptxt id="nev19690957n1-nev19772871n7">
<emph id="nev19690957n1-nev19772871n6">Tool number:</emph>999 5972</ptxt>
<ptxt id="nev19690957n1-nev19772871n5">
<emph id="nev19690957n1-nev19772871n4">Tool description:</emph>FIXTURE (UNIVER#@#@#10#XLES)</ptxt>
<ptxt id="nev19690957n1-nev19772871n2">
<emph id="nev19690957n1-nev19772871n1">Tool boards:</emph>43</ptxt>
</entry>
</row>
<row id="nev19690957n1-nev19772872n100">
<entry id="nev19690957n1-nev19772872n99">
<graphic id="nev19690957n1-nev19772872n98">
<href>0900c8af8005434#@#@#11#.jpeg</href>
</graphic>
</entry>
<entry id="nev19690957n1-nev19772872n97">
<ptxt id="nev19690957n1-nev19772872n96">
<emph id="nev19690957n1-nev19772872n95">998 5972 JACK (#@#@#5#ULIC)</emph>
</ptxt>
<ptxt id="nev19690957n1-nev19772872n93">
<emph id="nev19690957n1-nev19772872n92">Tool number:</emph>998 5972</ptxt>
<ptxt id="nev19690957n1-nev19772872n91">
<emph id="nev19690957n1-nev19772872n90">Tool description:</emph>JACK (HYDRAULIC)</ptxt>
<ptxt id="nev19690957n1-nev19772872n88">
<emph id="nev19690957n1-nev19772872n87">Tool boards:</emph>40</ptxt>
</entry>
</row>
<row id="nev19690957n1-nev19772872n86">
<entry id="nev19690957n1-nev19772872n85">
<graphic id="nev19690957n1-nev19772872n84">
<href>0900c8af83ea377#@#@#9#.jpeg</href>
</graphic>
</entry>
<entry id="nev19690957n1-nev19772872n83">
<ptxt id="nev19690957n1-nev19772872n82">
<emph id="nev19690957n1-nev19772872n81">999 7338 Extens#@#@#2#n rod</emph>
</ptxt>
<ptxt id="nev19690957n1-nev19772872n79">
<emph id="nev19690957n1-nev19772872n78">Tool number:</emph>999 7338</ptxt>
<ptxt id="nev19690957n1-nev19772872n77">
<emph id="nev19690957n1-nev19772872n76">Tool description:</emph>Extension rod</ptxt>
<ptxt id="nev19690957n1-nev19772872n74">
<emph id="nev19690957n1-nev19772872n73">Tool boards:</emph>80</ptxt>
</entry>
</row>
</tbody>
</tgroup>
</table>
</toolitemtable>
<materialtable id="nev19690957n1-nev19772872n72">
<table id="nev19690957n1-nev19772872n71">
<tgroup cols="2" id="nev19690957n1-nev19772872n70">
<colspec colname="COLSPEC0" colwidth="1.00*" id="nev19690957n1-nev19772872n69"/>
<colspec colname="COLSPEC1" colwidth="1.00*" id="nev19690957n1-nev19772872n68"/>
<thead id="nev19690957n1-nev19772872n67">
<row id="nev19690957n1-nev19772872n66">
<entry id="nev19690957n1-nev19772872n65" nameend="COLSPEC1" namest="COLSPEC0" valign="top">
<ptxt id="nev19690957n1-nev19772872n64">
<emph id="nev19690957n1-nev19772872n63">Materials</emph>
</ptxt>
</entry>
</row>
</thead>
<tbody id="nev19690957n1-nev19772872n62">
<row id="nev19690957n1-nev19772872n61">
<entry id="nev19690957n1-nev19772872n60">
<ptxt id="nev19690957n1-nev19772872n59">
<emph id="nev19690957n1-nev19772872n58">Designation</emph>
</ptxt>
</entry>
<entry id="nev19690957n1-nev19772872n57">
<ptxt id="nev19690957n1-nev19772872n56">
<emph id="nev19690957n1-nev19772872n55">Part number</emph>
</ptxt>
</entry>
</row>
<row id="nev19690957n1-nev19772872n54">
<entry id="nev19690957n1-nev19772872n53">
<ptxt id="nev19690957n1-nev19772872n52">Rust inhibitor,#@#@#9#osity</ptxt>
</entry>
<entry id="nev19690957n1-nev19772872n50">
<ptxt id="nev19690957n1-nev19772872n49"/>
</entry>
</row>
</tbody>
</tgroup>
</table>
</materialtable>
<procedure id="nev19690957n1-nev19690975n6">
<stepgrp boilerplate="false" context="" id="nev19690957n1-nev19772525n21">
<title id="nev19690957n1-0800c8af84f682f9">Information</title>
<procstep id="nev19690957n1-nev19695184n61">
<list1 enumtype="b" id="nev13396149n248" type="unordered">
<item id="nev13396149n246">
<ptxt id="nev13396149n244">  Read through #@#@#48#tion.</ptxt>
</item>
<item id="nev13396149n240">
<ptxt id="nev13396149n238">Notifications a#@#@#99#tion.</ptxt>
</item>
<item id="nev13396149n236">
<ptxt id="nev13396149n234">Ensure that all#@#@#72#tion.</ptxt>
</item>
<item id="nev13396149n232">
<ptxt id="nev13396149n230">Certain steps i#@#@#114#teps.</ptxt>
</item>
<item id="nev13396149n228">
<ptxt id="nev13396149n226">In the event of#@#@#81#aler.</ptxt>
</item>
</list1>
</procstep>
</stepgrp>
<stepgrp boilerplate="false" context="" id="nev19690957n1-nev19772525n18">
<title id="nev19690957n1-0800c8af844a46ee">Color symbols</title>
<procstep id="nev19690957n1-nev19695184n52">
<grate id="nev19690957n1-nev19772525n16">
<graphic id="nev19690957n1-nev19772525n17">
<href>0900c8af8579af4#@#@#9#.jpeg</href>
</graphic>
<graphtext id="nev19690957n1-nev19772912n1">
<note id="nev19690957n1-0800c8af857d02fc">
<ptxt>This colour cha#@#@#127#teps.</ptxt>
</note>
<list1 enumtype="n" id="nev19690957n1-nev19698622n71" type="ordered">
<item id="nev19690957n1-nev19772525n15">
<ptxt id="nev19690957n1-nev19772525n14">Used for focuse#@#@#55#hing.</ptxt>
</item>
<item id="nev19690957n1-nev19772525n13">
<ptxt id="nev19690957n1-nev19772525n12">Used as extra c#@#@#57#arts.</ptxt>
</item>
<item id="nev19690957n1-nev19772525n11">
<ptxt id="nev19690957n1-nev19772525n10">Used for attach#@#@#73# etc.</ptxt>
</item>
<item id="nev19690957n1-nev19772525n9">
<ptxt id="nev19690957n1-nev19772525n8">Used when the c#@#@#68#side.</ptxt>
</item>
<item id="nev19690957n1-nev19772525n7">
<ptxt id="nev19690957n1-nev19772525n6">Used for standa#@#@#22#ools.</ptxt>
</item>
<item id="nev19690957n1-nev19772525n5">
<ptxt id="nev19690957n1-nev19772525n4">Used as backgro#@#@#28#ents.</ptxt>
</item>
</list1>
</graphtext>
</grate>
</procstep>
</stepgrp>
<stepgrp boilerplate="false" context="" id="nev19690957n1-nev19772525n3">
<title id="nev19690957n1-0800c8af844a46f6">Removal</title>
<procstep id="nev19690957n1-nev19695184n33">
<grate id="nev19690957n1-nev19772525n1">
<graphic id="nev19690957n1-nev19772525n2">
<href>0900c8af843c01c#@#@#9#.jpeg</href>
</graphic>
</grate>
</procstep>
<procstep id="nev19690957n1-nev19695184n30">
<grate id="nev19690957n1-nev19772870n99">
<graphic id="nev19690957n1-nev19772870n100">
<href>0900c8af85fb826#@#@#9#.jpeg</href>
</graphic>
<graphtext id="nev19690957n1-nev19772919n1">
<para id="nev19690957n1-nev19772870n97">
<ptxt id="nev19690957n1-nev19772870n98">Remove the screws.</ptxt>
</para>
</graphtext>
</grate>
</procstep>
<procstep id="nev19690957n1-nev19695184n3">
<grate id="nev19690957n1-nev19772870n95">
<graphic id="nev19690957n1-nev19772870n96">
<href>0900c8af843d09a#@#@#9#.jpeg</href>
</graphic>
<graphtext id="nev19690957n1-nev19772923n1">
<para id="nev19690957n1-nev19772870n93">
<ptxt id="nev19690957n1-nev19772870n94">Remove the screws.</ptxt>
</para>
<para id="nev19690957n1-nev19772870n91">
<ptxt id="nev19690957n1-nev19772870n92">Repeat on the o#@#@#5#side.</ptxt>
</para>
</graphtext>
</grate>
</procstep>
<procstep id="nev19690957n1-nev19695213n96">
<grate id="nev19690957n1-nev19772870n89">
<graphic id="nev19690957n1-nev19772870n90">
<href>0900c8af843d09a#@#@#9#.jpeg</href>
</graphic>
<graphtext id="nev19690957n1-nev19772927n1">
<note id="nev19690957n1-0800c8af84fbda96">
<ptxt>This step is ea#@#@#16#ople.</ptxt>
</note>
</graphtext>
</grate>
</procstep>
<procstep id="nev19690957n1-nev19695213n92">
<grate id="nev19690957n1-nev19772870n87">
<graphic id="nev19690957n1-nev19772870n88">
<href>0900c8af843d0a4#@#@#9#.jpeg</href>
</graphic>
<graphtext id="nev19690957n1-nev19772931n1">
<note id="nev19690957n1-0800c8af84fbda96">
<ptxt>This step is ea#@#@#16#ople.</ptxt>
</note>
<para id="nev19690957n1-nev19772870n85">
<ptxt id="nev19690957n1-nev19772870n86">Disconnect any #@#@#8#r(s).</ptxt>
</para>
</graphtext>
</grate>
</procstep>
<procstep id="nev19690957n1-nev19695213n86">
<grate id="nev19690957n1-nev19772870n83">
<graphic id="nev19690957n1-nev19772870n84">
<href>0900c8af841c8ee#@#@#9#.jpeg</href>
</graphic>
<graphtext id="nev19690957n1-nev19772935n1">
<para id="nev19690957n1-nev19772870n81">
<ptxt id="nev19690957n1-nev19772870n82">Remove the screws.</ptxt>
</para>
</graphtext>
</grate>
</procstep>
<procstep id="nev19690957n1-nev19695213n72">
<grate id="nev19690957n1-nev19772870n79">
<graphic id="nev19690957n1-nev19772870n80">
<href>0900c8af84fa27b#@#@#9#.jpeg</href>
</graphic>
</grate>
</procstep>
<procstep id="nev19690957n1-nev19695213n64">
<grate id="nev19690957n1-nev19772870n77">
<graphic id="nev19690957n1-nev19772870n78">
<href>0900c8af842dc98#@#@#9#.jpeg</href>
</graphic>
</grate>
</procstep>
<procstep id="nev19690957n1-nev19695213n61">
<grate id="nev19690957n1-nev19772870n75">
<graphic id="nev19690957n1-nev19772870n76">
<href>0900c8af84cbb54#@#@#9#.jpeg</href>
</graphic>
<graphtext id="nev19690957n1-nev19772945n1">
<para id="nev19690957n1-nev19772870n73">
<ptxt id="nev19690957n1-nev19772870n74">Remove the screws.</ptxt>
</para>
</graphtext>
</grate>
</procstep>
<procstep id="nev19690957n1-nev19695213n56">
<grate id="nev19690957n1-nev19772870n71">
<graphic id="nev19690957n1-nev19772870n72">
<href>0900c8af841c904#@#@#9#.jpeg</href>
</graphic>
</grate>
</procstep>
<procstep id="nev19690957n1-nev19695213n53">
<grate id="nev19690957n1-nev19772870n69">
<graphic id="nev19690957n1-nev19772870n70">
<href>0900c8af841c905#@#@#9#.jpeg</href>
</graphic>
<graphtext id="nev19690957n1-nev19772952n1">
<para id="nev19690957n1-nev19772870n67">
<ptxt id="nev19690957n1-nev19772870n68">Remove the clips.</ptxt>
</para>
</graphtext>
</grate>
</procstep>
<procstep id="nev19690957n1-nev19695213n48">
<grate id="nev19690957n1-nev19772870n65">
<graphic id="nev19690957n1-nev19772870n66">
<href>0900c8af841c905#@#@#9#.jpeg</href>
</graphic>
</grate>
</procstep>
<procstep id="nev19690957n1-nev19695213n45">
<grate id="nev19690957n1-nev19772870n63">
<graphic id="nev19690957n1-nev19772870n64">
<href>0900c8af841c905#@#@#9#.jpeg</href>
</graphic>
<graphtext id="nev19690957n1-nev19772959n1">
<para id="nev19690957n1-nev19772870n61">
<ptxt id="nev19690957n1-nev19772870n62">Remove the tape.</ptxt>
</para>
<para id="nev19690957n1-nev19772870n59">
<ptxt id="nev19690957n1-nev19772870n60">Repeat on the o#@#@#5#side.</ptxt>
</para>
</graphtext>
</grate>
</procstep>
<procstep id="nev19690957n1-nev19695213n38">
<grate id="nev19690957n1-nev19772870n57">
<graphic id="nev19690957n1-nev19772870n58">
<href>0900c8af841c905#@#@#9#.jpeg</href>
</graphic>
<graphtext id="nev19690957n1-nev19772963n1">
<para id="nev19690957n1-nev19772870n55">
<ptxt id="nev19690957n1-nev19772870n56">Clean the surface.</ptxt>
</para>
<para id="nev19690957n1-nev19772870n53">
<ptxt id="nev19690957n1-nev19772870n54">Repeat on the o#@#@#5#side.</ptxt>
</para>
</graphtext>
</grate>
</procstep>
</stepgrp>
<stepgrp boilerplate="false" context="" id="nev19690957n1-nev19772870n52">
<title id="nev19690957n1-0800c8af84fbdb3d">Accessory insta#@#@#2#ation</title>
<procstep id="nev19690957n1-nev19695213n29">
<grate id="nev19690957n1-nev19772870n50">
<graphic id="nev19690957n1-nev19772870n51">
<href>0900c8af85fa016#@#@#9#.jpeg</href>
</graphic>
</grate>
</procstep>
<procstep id="nev19690957n1-nev19695213n26">
<grate id="nev19690957n1-nev19772870n48">
<graphic id="nev19690957n1-nev19772870n49">
<href>0900c8af85f9ff3#@#@#9#.jpeg</href>
</graphic>
<graphtext id="nev19690957n1-nev19772970n1">
<note id="nev19690957n1-0800c8af854bf2da">
<ptxt>Note the position.</ptxt>
</note>
<para id="nev19690957n1-nev19772870n46">
<ptxt id="nev19690957n1-nev19772870n47">Repeat on the o#@#@#5#side.</ptxt>
</para>
</graphtext>
</grate>
</procstep>
<procstep id="nev19690957n1-nev19695213n20">
<grate id="nev19690957n1-nev19772870n44">
<graphic id="nev19690957n1-nev19772870n45">
<href>0900c8af85f9ff8#@#@#9#.jpeg</href>
</graphic>
<graphtext id="nev19690957n1-nev19772974n1">
<caution id="nev19690957n1-0800c8af84abf1c4">
<ptxt>Make sure that #@#@#53#sted.</ptxt>
</caution>
<note id="nev19690957n1-0800c8af84fbda96">
<ptxt>This step is ea#@#@#16#ople.</ptxt>
</note>
<note id="nev19690957n1-0800c8af844a431b">
<ptxt>Only tighten th#@#@#30#tage.</ptxt>
</note>
<para id="nev19690957n1-nev19772870n42">
<ptxt id="nev19690957n1-nev19772870n43">Install the screws.</ptxt>
</para>
<para id="nev19690957n1-nev19772870n40">
<ptxt id="nev19690957n1-nev19772870n41">Repeat on the o#@#@#5#side.</ptxt>
</para>
<para id="nev19690957n1-nev19772870n38">
<ptxt id="nev19690957n1-nev19772870n39">
<toolitem boilerplate="true" id="nev19690957n1-nev19698623n60" imageid="0900c8af80054352"/>
<toolitem boilerplate="false" id="nev19690957n1-nev19698623n59" imageid="0900c8af80054343"/>
</ptxt>
</para>
</graphtext>
</grate>
</procstep>
<procstep id="nev19690957n1-nev19695213n6">
<grate id="nev19690957n1-nev19772870n36">
<graphic id="nev19690957n1-nev19772870n37">
<href>0900c8af85fa033#@#@#9#.jpeg</href>
</graphic>
<graphtext id="nev19690957n1-nev19772984n1">
<para id="nev19690957n1-nev19772870n34">
<ptxt id="nev19690957n1-nev19772870n35">Repeat on the o#@#@#5#side.</ptxt>
</para>
</graphtext>
</grate>
</procstep>
<procstep id="nev19690957n1-nev19695213n1">
<grate id="nev19690957n1-nev19772870n32">
<graphic id="nev19690957n1-nev19772870n33">
<href>0900c8af85fa031#@#@#9#.jpeg</href>
</graphic>
<graphtext id="nev19690957n1-nev19772988n1">
<para id="nev19690957n1-nev19772870n30">
<ptxt id="nev19690957n1-nev19772870n31">Repeat on the o#@#@#5#side.</ptxt>
</para>
<para id="nev19690957n1-nev19772870n28">
<ptxt id="nev19690957n1-nev19772870n29">
<toolitem boilerplate="true" id="nev19690957n1-nev19698623n48" imageid="0900c8af83ea3776"/>
</ptxt>
</para>
</graphtext>
</grate>
</procstep>
<procstep id="nev19690957n1-nev19695214n93">
<grate id="nev19690957n1-nev19772870n26">
<graphic id="nev19690957n1-nev19772870n27">
<href>0900c8af841f4c1#@#@#9#.jpeg</href>
</graphic>
</grate>
</procstep>
<procstep id="nev19690957n1-nev19695214n90">
<grate id="nev19690957n1-nev19772870n24">
<graphic id="nev19690957n1-nev19772870n25">
<href>0900c8af841f4c2#@#@#9#.jpeg</href>
</graphic>
</grate>
</procstep>
<procstep id="nev19690957n1-nev19695214n87">
<grate id="nev19690957n1-nev19772870n22">
<graphic id="nev19690957n1-nev19772870n23">
<href>0900c8af841c91a#@#@#9#.jpeg</href>
</graphic>
<graphtext id="nev19690957n1-nev19773001n1">
<para id="nev19690957n1-nev19772870n20">
<ptxt id="nev19690957n1-nev19772870n21">Install the clip(s).</ptxt>
</para>
</graphtext>
</grate>
</procstep>
<procstep id="nev19690957n1-nev19695214n73">
<grate id="nev19690957n1-nev19772870n18">
<graphic id="nev19690957n1-nev19772870n19">
<href>0900c8af84fa27f#@#@#9#.jpeg</href>
</graphic>
</grate>
</procstep>
<procstep id="nev19690957n1-nev19772474n20">
<grate id="nev19690957n1-nev19772870n16">
<graphic id="nev19690957n1-nev19772870n17">
<href>0900c8af841cb6c#@#@#9#.jpeg</href>
</graphic>
</grate>
</procstep>
<procstep id="nev19690957n1-nev19772474n19">
<grate id="nev19690957n1-nev19772870n14">
<graphic id="nev19690957n1-nev19772870n15">
<href>0900c8af8430106#@#@#9#.jpeg</href>
</graphic>
</grate>
</procstep>
<procstep id="nev19690957n1-nev19719166n88">
<grate id="nev19690957n1-nev19772870n12">
<graphic id="nev19690957n1-nev19772870n13">
<href>0900c8af85f8885#@#@#9#.jpeg</href>
</graphic>
<graphtext id="nev19690957n1-nev19773014n1">
<para id="nev19690957n1-nev19772870n10">
<ptxt id="nev19690957n1-nev19772870n11">Install tow bar#@#@#96#Unit.</ptxt>
</para>
</graphtext>
</grate>
</procstep>
<procstep id="nev19690957n1-nev19695214n57">
<grate id="nev19690957n1-nev19772870n8">
<graphic id="nev19690957n1-nev19772870n9">
<href>0900c8af8596af9#@#@#9#.jpeg</href>
</graphic>
<graphtext id="nev19690957n1-nev19773018n1">
<para id="nev19690957n1-nev19772870n6">
<ptxt id="nev19690957n1-nev19772870n7">
<material id="nev19690957n1-nev19698623n17" materialid="" materialname="Rust inhibitor, low viscosity" quantity="0.0"/>
</ptxt>
</para>
<para id="nev19690957n1-nev19772870n4">
<ptxt id="nev19690957n1-nev19772870n5">Repeat on the o#@#@#5#side.</ptxt>
</para>
</graphtext>
</grate>
</procstep>
<procstep id="nev19690957n1-nev19719166n77">
<grate id="nev19690957n1-nev19772870n2">
<graphic id="nev19690957n1-nev19772870n3">
<href>0900c8af8596afe#@#@#9#.jpeg</href>
</graphic>
</grate>
</procstep>
<procstep id="nev19690957n1-nev19719166n74">
<grate id="nev19690957n1-nev19772871n100">
<graphic id="nev19690957n1-nev19772870n1">
<href>0900c8af8597bef#@#@#9#.jpeg</href>
</graphic>
<graphtext id="nev19690957n1-nev19773028n1">
<para id="nev19690957n1-nev19772871n98">
<ptxt id="nev19690957n1-nev19772871n99">
<material id="nev19690957n1-nev19719166n69" materialid="" materialname="Rust inhibitor, low viscosity" quantity="0.0"/>
</ptxt>
</para>
<para id="nev19690957n1-nev19772871n96">
<ptxt id="nev19690957n1-nev19772871n97">Repeat on the o#@#@#5#side.</ptxt>
</para>
</graphtext>
</grate>
</procstep>
<procstep id="nev19690957n1-nev19695214n49">
<grate id="nev19690957n1-nev19772871n94">
<graphic id="nev19690957n1-nev19772871n95">
<href>0900c8af841f4c6#@#@#9#.jpeg</href>
</graphic>
<graphtext id="nev19690957n1-nev19773035n1">
<para id="nev19690957n1-nev19772871n92">
<ptxt id="nev19690957n1-nev19772871n93">Install the screws.</ptxt>
</para>
</graphtext>
</grate>
</procstep>
<procstep id="nev19690957n1-nev19700336n18">
<title id="nev19690957n1-0800c8af8555f511">Alternative 1</title>
</procstep>
<procstep id="nev19690957n1-nev19703049n96">
<grate id="nev19690957n1-nev19772871n90">
<graphic id="nev19690957n1-nev19772871n91">
<href>0900c8af85faf4f#@#@#9#.jpeg</href>
</graphic>
<graphtext id="nev19690957n1-nev19773039n1">
<note id="nev19690957n1-0800c8af85b47f49">
<ptxt>Orientation view</ptxt>
</note>
</graphtext>
</grate>
</procstep>
<procstep id="nev19690957n1-nev19695215n99">
<grate id="nev19690957n1-nev19772871n88">
<graphic id="nev19690957n1-nev19772871n89">
<href>0900c8af85faf1a#@#@#9#.jpeg</href>
</graphic>
<graphtext id="nev19690957n1-nev19773043n1">
<para id="nev19690957n1-nev19772871n86">
<ptxt id="nev19690957n1-nev19772871n87">Locate relevant#@#@#4#king.</ptxt>
</para>
</graphtext>
</grate>
</procstep>
<procstep id="nev19690957n1-nev19700336n12">
<grate id="nev19690957n1-nev19772871n84">
<graphic id="nev19690957n1-nev19772871n85">
<href>0900c8af85faf1d#@#@#9#.jpeg</href>
</graphic>
<graphtext id="nev19690957n1-nev19773047n1">
<para id="nev19690957n1-nev19772871n82">
<ptxt id="nev19690957n1-nev19772871n83">Apply tape to t#@#@#37#ines.</ptxt>
</para>
</graphtext>
</grate>
</procstep>
<procstep id="nev19690957n1-nev19700336n7">
<grate id="nev19690957n1-nev19772871n80">
<graphic id="nev19690957n1-nev19772871n81">
<href>0900c8af85faf21#@#@#9#.jpeg</href>
</graphic>
</grate>
</procstep>
<procstep id="nev19690957n1-nev19700336n4">
<grate id="nev19690957n1-nev19772871n78">
<graphic id="nev19690957n1-nev19772871n79">
<href>0900c8af85faf21#@#@#9#.jpeg</href>
</graphic>
<graphtext id="nev19690957n1-nev19773054n1">
<para id="nev19690957n1-nev19772871n76">
<ptxt id="nev19690957n1-nev19772871n77">Deburr edges</ptxt>
</para>
</graphtext>
</grate>
</procstep>
<procstep id="nev19690957n1-nev19700337n99">
<title id="nev19690957n1-0800c8af8555f514">Alternative 2</title>
</procstep>
<procstep id="nev19690957n1-nev19703048n14">
<grate id="nev19690957n1-nev19772871n74">
<graphic id="nev19690957n1-nev19772871n75">
<href>0900c8af85faf4d#@#@#9#.jpeg</href>
</graphic>
<graphtext id="nev19690957n1-nev19773058n1">
<note id="nev19690957n1-0800c8af85b47f49">
<ptxt>Orientation view</ptxt>
</note>
</graphtext>
</grate>
</procstep>
<procstep id="nev19690957n1-nev19700337n97">
<grate id="nev19690957n1-nev19772871n72">
<graphic id="nev19690957n1-nev19772871n73">
<href>0900c8af85fa6f8#@#@#9#.jpeg</href>
</graphic>
<graphtext id="nev19690957n1-nev19773062n1">
<para id="nev19690957n1-nev19772871n70">
<ptxt id="nev19690957n1-nev19772871n71">Locate relevant#@#@#4#king.</ptxt>
</para>
</graphtext>
</grate>
</procstep>
<procstep id="nev19690957n1-nev19700337n92">
<grate id="nev19690957n1-nev19772871n68">
<graphic id="nev19690957n1-nev19772871n69">
<href>0900c8af85fbb56#@#@#9#.jpeg</href>
</graphic>
<graphtext id="nev19690957n1-nev19773066n1">
<para id="nev19690957n1-nev19772871n66">
<ptxt id="nev19690957n1-nev19772871n67">Apply tape to t#@#@#37#ines.</ptxt>
</para>
</graphtext>
</grate>
</procstep>
<procstep id="nev19690957n1-nev19700337n87">
<grate id="nev19690957n1-nev19772871n64">
<graphic id="nev19690957n1-nev19772871n65">
<href>0900c8af85fbb6b#@#@#9#.jpeg</href>
</graphic>
</grate>
</procstep>
<procstep id="nev19690957n1-nev19700337n84">
<grate id="nev19690957n1-nev19772871n62">
<graphic id="nev19690957n1-nev19772871n63">
<href>0900c8af85fbb6e#@#@#9#.jpeg</href>
</graphic>
<graphtext id="nev19690957n1-nev19773073n1">
<para id="nev19690957n1-nev19772871n60">
<ptxt id="nev19690957n1-nev19772871n61">Deburr edges</ptxt>
</para>
</graphtext>
</grate>
</procstep>
<procstep id="nev19690957n1-nev19695214n44">
<title id="nev19690957n1-0800c8af85102fab">Vehicles with R#@#@#2#esign</title>
</procstep>
<procstep id="nev19690957n1-nev19719166n28">
<grate id="nev19690957n1-nev19772871n58">
<graphic id="nev19690957n1-nev19772871n59">
<href>0900c8af85fbb83#@#@#9#.jpeg</href>
</graphic>
<graphtext id="nev19690957n1-nev19773077n1">
<note id="nev19690957n1-0800c8af85b47f49">
<ptxt>Orientation view</ptxt>
</note>
</graphtext>
</grate>
</procstep>
<procstep id="nev19690957n1-nev19719166n25">
<grate id="nev19690957n1-nev19772871n56">
<graphic id="nev19690957n1-nev19772871n57">
<href>0900c8af85fc02e#@#@#9#.jpeg</href>
</graphic>
<graphtext id="nev19690957n1-nev19773081n1">
<para id="nev19690957n1-nev19772871n54">
<ptxt id="nev19690957n1-nev19772871n55">Locate relevant#@#@#4#king.</ptxt>
</para>
</graphtext>
</grate>
</procstep>
<procstep id="nev19690957n1-nev19719166n15">
<grate id="nev19690957n1-nev19772871n52">
<graphic id="nev19690957n1-nev19772871n53">
<href>0900c8af85fc032#@#@#9#.jpeg</href>
</graphic>
</grate>
</procstep>
<procstep id="nev19690957n1-nev19719166n12">
<grate id="nev19690957n1-nev19772871n50">
<graphic id="nev19690957n1-nev19772871n51">
<href>0900c8af85fc034#@#@#9#.jpeg</href>
</graphic>
<graphtext id="nev19690957n1-nev19773088n1">
<para id="nev19690957n1-nev19772871n48">
<ptxt id="nev19690957n1-nev19772871n49">Deburr edges</ptxt>
</para>
</graphtext>
</grate>
</procstep>
<procstep id="nev19690957n1-nev19695215n21">
<title id="nev19690957n1-0800c8af844a41e8">All vehicles</title>
</procstep>
<procstep id="nev19690957n1-nev19695216n64">
<grate id="nev19690957n1-nev19772871n46">
<graphic id="nev19690957n1-nev19772871n47">
<href>0900c8af85fa690#@#@#9#.jpeg</href>
</graphic>
</grate>
</procstep>
<procstep id="nev19690957n1-nev19695216n52">
<grate id="nev19690957n1-nev19772871n44">
<graphic id="nev19690957n1-nev19772871n45">
<href>0900c8af85fa692#@#@#9#.jpeg</href>
</graphic>
</grate>
</procstep>
<procstep id="nev19690957n1-nev19695216n40">
<grate id="nev19690957n1-nev19772871n42">
<graphic id="nev19690957n1-nev19772871n43">
<href>0900c8af82f562a#@#@#9#.jpeg</href>
</graphic>
</grate>
</procstep>
<procstep id="nev19690957n1-nev19695216n37">
<grate id="nev19690957n1-nev19772871n40">
<graphic id="nev19690957n1-nev19772871n41">
<href>0900c8af841f550#@#@#9#.jpeg</href>
</graphic>
</grate>
</procstep>
<procstep id="nev19690957n1-nev19695216n34">
<grate id="nev19690957n1-nev19772871n38">
<graphic id="nev19690957n1-nev19772871n39">
<href>0900c8af841f550#@#@#9#.jpeg</href>
</graphic>
</grate>
</procstep>
<procstep id="nev19690957n1-nev19695216n31">
<grate id="nev19690957n1-nev19772871n36">
<graphic id="nev19690957n1-nev19772871n37">
<href>0900c8af842b11f#@#@#9#.jpeg</href>
</graphic>
</grate>
</procstep>
<procstep id="nev19690957n1-nev19695216n25">
<grate id="nev19690957n1-nev19772871n34">
<graphic id="nev19690957n1-nev19772871n35">
<href>0900c8af85fa694#@#@#9#.jpeg</href>
</graphic>
</grate>
</procstep>
<procstep id="nev19690957n1-nev19695216n19">
<grate id="nev19690957n1-nev19772871n32">
<graphic id="nev19690957n1-nev19772871n33">
<href>0900c8af841f556#@#@#9#.jpeg</href>
</graphic>
</grate>
</procstep>
<procstep id="nev19690957n1-nev19695216n16">
<grate id="nev19690957n1-nev19772871n30">
<graphic id="nev19690957n1-nev19772871n31">
<href>0900c8af85fa694#@#@#9#.jpeg</href>
</graphic>
</grate>
</procstep>
<procstep id="nev19690957n1-nev19695216n10">
<grate id="nev19690957n1-nev19772871n28">
<graphic id="nev19690957n1-nev19772871n29">
<href>0900c8af841f558#@#@#9#.jpeg</href>
</graphic>
</grate>
</procstep>
</stepgrp>
</procedure>
<kitnumbers>
<kitnumber>31359465</kitnumber>
</kitnumbers>
</servinfosub>
</body>
</i2>