<?xml version="1.0" encoding="UTF-8"?><servinfosub IE-ID="en-US0900c8af869fa510" docno="VCC-370212" id="nev13710641n1" original="sv-SE" servinfosubId="nev13710642n1-nev22396857n1" servinfosubRes="0900c8af86a0ebe1" servinfosubRes2="urn:x-nevis:fragment:0900c8af869fa510:0900c8af86a0ebe1#nev22396857n1" xml:lang="en-US">
<title id="nev13710640n86">Camshafts</title>
<materialtable id="nev13710642n1-nev22413198n60">
<table id="nev13710642n1-nev22413198n59">
<tgroup cols="2" id="nev13710642n1-nev22413198n58">
<colspec colname="COLSPEC0" colwidth="1.00*" id="nev13710642n1-nev22413198n57"/>
<colspec colname="COLSPEC1" colwidth="1.00*" id="nev13710642n1-nev22413198n56"/>
<thead id="nev13710642n1-nev22413198n55">
<row id="nev13710642n1-nev22413198n54">
<entry id="nev13710642n1-nev22413198n53" nameend="COLSPEC1" namest="COLSPEC0" valign="top">
<ptxt id="nev13710642n1-nev22413198n52">
<emph id="nev13710642n1-nev22413198n51">Materials</emph>
</ptxt>
</entry>
</row>
</thead>
<tbody id="nev13710642n1-nev22413198n50">
<row id="nev13710642n1-nev22413198n49">
<entry id="nev13710642n1-nev22413198n48">
<ptxt id="nev13710642n1-nev22413198n47">
<emph id="nev13710642n1-nev22413198n46">Designation</emph>
</ptxt>
</entry>
<entry id="nev13710642n1-nev22413198n45">
<ptxt id="nev13710642n1-nev22413198n44">
<emph id="nev13710642n1-nev22413198n43">Part number</emph>
</ptxt>
</entry>
</row>
<row id="nev13710642n1-nev22413198n42">
<entry id="nev13710642n1-nev22413198n41">
<ptxt id="nev13710642n1-nev22413198n40">Abrasive cloth</ptxt>
</entry>
<entry id="nev13710642n1-nev22413198n38">
<ptxt id="nev13710642n1-nev22413198n37">9511024</ptxt>
</entry>
</row>
<row id="nev13710642n1-nev22413198n36">
<entry id="nev13710642n1-nev22413198n35">
<ptxt id="nev13710642n1-nev22413198n34">Isopropanol</ptxt>
</entry>
<entry id="nev13710642n1-nev22413198n32">
<ptxt id="nev13710642n1-nev22413198n31"/>
</entry>
</row>
<row id="nev13710642n1-nev22413198n30">
<entry id="nev13710642n1-nev22413198n29">
<ptxt id="nev13710642n1-nev22413198n28">Chemical gasket</ptxt>
</entry>
<entry id="nev13710642n1-nev22413198n26">
<ptxt id="nev13710642n1-nev22413198n25">1161771</ptxt>
</entry>
</row>
<row id="nev13710642n1-nev22413198n24">
<entry id="nev13710642n1-nev22413198n23">
<ptxt id="nev13710642n1-nev22413198n22">Chemical gasket</ptxt>
</entry>
<entry id="nev13710642n1-nev22413198n20">
<ptxt id="nev13710642n1-nev22413198n19">China 30644521</ptxt>
</entry>
</row>
<row id="nev13710642n1-nev22413198n18">
<entry id="nev13710642n1-nev22413198n17">
<ptxt id="nev13710642n1-nev22413198n16">Chemical gasket</ptxt>
</entry>
<entry id="nev13710642n1-nev22413198n14">
<ptxt id="nev13710642n1-nev22413198n13">US/CAN 31316814</ptxt>
</entry>
</row>
</tbody>
</tgroup>
</table>
</materialtable>
<procedure id="nev13710642n1-nev22396864n3">
<stepgrp boilerplate="false" context="" id="nev13710642n1-nev22413142n8">
<title id="nev13710642n1-0800c8af844a46f6">Removal</title>
<procstep id="nev13710642n1-nev22396864n6">
<list1 boilerplate="true" context="remove" enumtype="b" id="nev13710642n1-nev22396864n7" type="unordered">
<item id="nev13710642n1-nev22413142n7">
<ptxt id="nev13710642n1-nev22413142n5">camshaft seal<xref boilerplate="true" id="nev13710642n1-nev22413142n6">
<ref id="nev13710642n1-nev22413142n4"/>
</xref>
</ptxt>
</item>
<item id="nev13710642n1-nev22413142n3">
<ptxt id="nev13710642n1-nev22413142n2">the valve cover<xref boilerplate="true" id="nev13710642n1-0800c8af84687c53">
<ref id="nev13710642n1-nev22396865n7"/>
</xref>
</ptxt>
</item>
</list1>
</procstep>
<procstep id="nev13710642n1-nev22396865n8">
<grate id="nev13710642n1-nev22413198n100">
<graphic id="nev13710642n1-nev22413142n1">
<href>0900c8af86335c7#@#@#9#.jpeg</href>
</graphic>
<graphtext id="nev13710642n1-nev22413208n1">
<caution id="nev13710642n1-0800c8af844a4188">
<ptxt>Take extra care#@#@#25#ents.</ptxt>
</caution>
<note id="nev13710642n1-0800c8af844a42eb">
<ptxt>Note the positi#@#@#31#oval.</ptxt>
</note>
<para id="nev13710642n1-nev22413198n98">
<ptxt id="nev13710642n1-nev22413198n99">Loosen each bol#@#@#43#oved.</ptxt>
</para>
<para id="nev13710642n1-nev22413198n96">
<ptxt id="nev13710642n1-nev22413198n97">Remove the mark#@#@#3#part.</ptxt>
</para>
</graphtext>
</grate>
</procstep>
<procstep id="nev13710642n1-nev22396867n2">
<grate id="nev13710642n1-nev22413198n94">
<graphic id="nev13710642n1-nev22413198n95">
<href>0900c8af86335ca#@#@#9#.jpeg</href>
</graphic>
<graphtext id="nev13710642n1-nev22413212n1">
<caution id="nev13710642n1-0800c8af844a4188">
<ptxt>Take extra care#@#@#25#ents.</ptxt>
</caution>
<para id="nev13710642n1-nev22413198n92">
<ptxt id="nev13710642n1-nev22413198n93">Remove the mark#@#@#3#part.</ptxt>
</para>
</graphtext>
</grate>
</procstep>
</stepgrp>
<stepgrp boilerplate="false" context="" id="nev13710642n1-nev22413198n91">
<title id="nev13710642n1-0800c8af844a46f9">Installation</title>
<procstep id="nev13710642n1-nev22396868n3">
<grate id="nev13710642n1-nev22413198n89">
<graphic id="nev13710642n1-nev22413198n90">
<href>0900c8af8633cae#@#@#9#.jpeg</href>
</graphic>
<graphtext id="nev13710642n1-nev22413216n1">
<caution id="nev13710642n1-0800c8af86052093">
<ptxt>Make sure that #@#@#35#ctly.</ptxt>
</caution>
</graphtext>
</grate>
</procstep>
<procstep id="nev13710642n1-nev22396868n9">
<grate id="nev13710642n1-nev22413198n87">
<graphic id="nev13710642n1-nev22413198n88">
<href>0900c8af8633cba#@#@#9#.jpeg</href>
</graphic>
<graphtext id="nev13710642n1-nev22413220n1">
<caution id="nev13710642n1-0800c8af86052093">
<ptxt>Make sure that #@#@#35#ctly.</ptxt>
</caution>
</graphtext>
</grate>
</procstep>
<procstep id="nev13710642n1-nev22396869n5">
<grate id="nev13710642n1-nev22413198n85">
<graphic id="nev13710642n1-nev22413198n86">
<href>0900c8af8633cba#@#@#9#.jpeg</href>
</graphic>
<graphtext id="nev13710642n1-nev22413224n1">
<para id="nev13710642n1-nev22413198n83">
<ptxt id="nev13710642n1-nev22413198n84">Install the mar#@#@#9#nent.</ptxt>
</para>
</graphtext>
</grate>
</procstep>
<procstep id="nev13710642n1-nev22396870n2">
<grate id="nev13710642n1-nev22413198n81">
<graphic id="nev13710642n1-nev22413198n82">
<href>0900c8af8633cc1#@#@#9#.jpeg</href>
</graphic>
<graphtext id="nev13710642n1-nev22413228n1">
<note id="nev13710642n1-0800c8af844a43a0">
<ptxt>Make sure that #@#@#53#tion.</ptxt>
</note>
<para id="nev13710642n1-nev22413198n79">
<ptxt id="nev13710642n1-nev22413198n80">Tighten each bo#@#@#16#time.</ptxt>
</para>
<para id="nev13710642n1-nev22413198n77">
<ptxt id="nev13710642n1-nev22413198n78">
<torque id="nev13710642n1-nev22396871n3">
<ref id="nev13710642n1-nev22396871n4"/>
</torque>
</ptxt>
</para>
</graphtext>
</grate>
</procstep>
<procstep id="nev13710642n1-nev22396871n5">
<grate id="nev13710642n1-nev22413198n75">
<graphic id="nev13710642n1-nev22413198n76">
<href>0900c8af8633d28#@#@#9#.jpeg</href>
</graphic>
<graphtext id="nev13710642n1-nev22413235n1">
<caution id="nev13710642n1-0800c8af844a410d">
<ptxt>Make sure that #@#@#51#rial.</ptxt>
</caution>
<note id="nev13710642n1-0800c8af844a43cb">
<ptxt>The component m#@#@#53#lant.</ptxt>
</note>
<para id="nev13710642n1-nev22413198n73">
<ptxt id="nev13710642n1-nev22413198n74">
<material id="nev13710642n1-nev22396872n5" materialid="9511024" materialname="Abrasive cloth" quantity="1.0" showInProcStep="true"/>
</ptxt>
</para>
<para id="nev13710642n1-nev22413198n71">
<ptxt id="nev13710642n1-nev22413198n72">
<material id="nev13710642n1-nev22396872n8" materialid="" materialname="Isopropanol" quantity="1.0" showInProcStep="true"/>
</ptxt>
</para>
<para id="nev13710642n1-nev22413198n69">
<ptxt id="nev13710642n1-nev22413198n70">
<material id="nev13710642n1-nev22396873n1" materialid="1161771" materialname="Chemical gasket" quantity="1.0" showInProcStep="true"/>
<material id="nev13710642n1-nev22396873n2" materialid="China 30644521" materialname="Chemical gasket" quantity="1.0" showInProcStep="true"/>
<material id="nev13710642n1-nev22396873n3" materialid="US/CAN 31316814" materialname="Chemical gasket" quantity="1.0" showInProcStep="true"/>
</ptxt>
</para>
</graphtext>
</grate>
</procstep>
<procstep id="nev13710642n1-nev22396873n4">
<grate id="nev13710642n1-nev22413198n67">
<graphic id="nev13710642n1-nev22413198n68">
<href>0900c8af8633cc5#@#@#9#.jpeg</href>
</graphic>
<graphtext id="nev13710642n1-nev22413254n1">
<para id="nev13710642n1-nev22413198n65">
<ptxt id="nev13710642n1-nev22413198n66">Install the mar#@#@#9#nent.</ptxt>
</para>
<para id="nev13710642n1-nev22413198n63">
<ptxt id="nev13710642n1-nev22413198n64">
<torque id="nev13710642n1-nev22396874n3">
<ref id="nev13710642n1-nev22396874n4"/>
</torque>
</ptxt>
</para>
</graphtext>
</grate>
</procstep>
<procstep id="nev13710642n1-nev22396874n5">
<para id="nev13710642n1-nev22413198n61">
<ptxt id="nev13710642n1-nev22413198n62">To install, rev#@#@#22#dure.</ptxt>
</para>
</procstep>
</stepgrp>
</procedure>
</servinfosub>