<?xml version="1.0" encoding="UTF-8"?><servinfosub IE-ID="en-US0900c8af806a7115" docno="VCC-064765" id="KC02026672" xml:lang="en-US">
<title>Replacing valve#@#@#2#uides</title>
<procedure>
<procstep id="KC02245797">
<title>Press out valve#@#@#1#guide</title>
<grate>
<graphic id="KC08456043" width="column">
<href>0900c8af806a712#@#@#9#.jpeg</href>
</graphic>
<graphtext>
<ptxt>Heat cylinder h#@#@#2#d to <emph>100 ± 10°C = 21#@#@#4#18° F</emph>.</ptxt>
<ptxt>Use drift <toolitem id="KC08456044"/> to press
out g#@#@#38#mber.</ptxt>
<ptxt>Make sure guide#@#@#77#size.</ptxt>
</graphtext>
</grate>
</procstep>
<procstep id="KC02245798">
<title>New valve guide</title>
<grate>
<graphic id="KC08456045" width="column">
<href>0900c8af8012b26#@#@#9#.jpeg</href>
</graphic>
<graphtext>
<ptxt>It is marked wi#@#@#79#uide.</ptxt>
<table>
<tgroup cols="2" colsep="0" rowsep="0">
<colspec colwidth="264*"/>
<colspec colwidth="264*"/>
<thead>
<row>
<entry align="left" valign="bottom">
<ptxt>No. of grooves</ptxt>
</entry>
<entry align="left" valign="bottom">
<ptxt>Size</ptxt>
</entry>
</row>
</thead>
<tbody>
<row>
<entry align="left" valign="top">
<ptxt>0</ptxt>
</entry>
<entry align="left" valign="top">
<ptxt>Standard</ptxt>
</entry>
</row>
<row>
<entry align="left" valign="top">
<ptxt>1</ptxt>
</entry>
<entry align="left" valign="top">
<ptxt>Oversize 1</ptxt>
</entry>
</row>
<row>
<entry align="left" valign="top">
<ptxt>2</ptxt>
</entry>
<entry align="left" valign="top">
<ptxt>Oversize 2</ptxt>
</entry>
</row>
<row>
<entry align="left" valign="top">
<ptxt>3</ptxt>
</entry>
<entry align="left" valign="top">
<ptxt>Oversize 3</ptxt>
</entry>
</row>
</tbody>
</tgroup>
</table>
</graphtext>
</grate>
</procstep>
<procstep id="KC02245799">
<title>Press in new va#@#@#4#guide</title>
<grate>
<graphic id="KC08456046" width="column">
<href>0900c8af8005d73#@#@#9#.jpeg</href>
</graphic>
<graphtext>
<ptxt>Cylinder head s#@#@#24#ture.</ptxt>
<ptxt>Use drift <toolitem id="KC08456047"/> for intake
val#@#@#9#rift <toolitem id="KC08456048"/> for exhaust
valves.</ptxt>
<ptxt>Press in guide #@#@#55#ight.</ptxt>
<note>
<ptxt>Press force mus#@#@#9#east <emph>9000 N = 2000 lbs</emph>. If
press forc#@#@#108#size.</ptxt>
</note>
</graphtext>
</grate>
</procstep>
<procstep id="KC02245800">
<title>Part numbers fo#@#@#16#amers</title>
<grate>
<graphic id="KC08456049" width="column">
<href>0900c8af8005d71#@#@#9#.jpeg</href>
</graphic>
<graphtext>
<table>
<tgroup cols="2" colsep="0" rowsep="0">
<colspec colwidth="126*"/>
<colspec colwidth="402*"/>
<thead>
<row>
<entry align="left" valign="top">
<ptxt>Oversize</ptxt>
</entry>
<entry align="left" valign="top">
<ptxt>Reamer</ptxt>
</entry>
</row>
</thead>
<tbody>
<row>
<entry align="left" valign="top">
<ptxt>1</ptxt>
</entry>
<entry align="left" valign="top">
<ptxt>
<emph>999 5161</emph>
</ptxt>
</entry>
</row>
<row>
<entry align="left" valign="top">
<ptxt>2</ptxt>
</entry>
<entry align="left" valign="top">
<ptxt>
<emph>999 5162</emph>
</ptxt>
</entry>
</row>
<row>
<entry align="left" valign="top">
<ptxt>3</ptxt>
</entry>
<entry align="left" valign="top">
<ptxt>
<emph>999 5163</emph>
</ptxt>
</entry>
</row>
</tbody>
</tgroup>
</table>
</graphtext>
</grate>
</procstep>
<procstep id="KC02245801">
<title>Clean inside of#@#@#7#guide</title>
<grate>
<graphic id="KC08456050" width="column">
<href>0900c8af806a712#@#@#9#.jpeg</href>
</graphic>
<graphtext>
<ptxt>Use reamer <toolitem id="KC08456051"/>.
</ptxt>
<ptxt>Also reamer <toolitem id="KC08456052"/> can
be used.</ptxt>
<ptxt>Valve and seat #@#@#41#uide.</ptxt>
</graphtext>
</grate>
</procstep>
</procedure>
</servinfosub>