<?xml version="1.0" encoding="UTF-8"?><servinfosub IE-ID="en-US0900c8af881cd115" docno="VCC-512075" id="nev29693248n1" xml:lang="en-US">
<title>
<phrase category="Title" id="nev29693248n2" phrase-urn="urn:x-nevis:phrase:0800c8af81eb9a54">Diagnostic trou#@#@#21#ation</phrase>
<phrase category="Prefix" id="nev29693248n3" phrase-urn="urn:x-nevis:phrase:0800c8af8015c3f5">ECM</phrase>-P060782</title>
<diagnostic j2008use="1" paperuse="1" screenuse="1" type="condition">
<condgrp>
<condition type="condition">
<grate>
<graphic id="nev29693248n4">
<href>0900c8af862feae#@#@#11#.jpeg</href>
</graphic>
<graphtext>
<note id="nev29693253n97">
<ptxt id="nev29693253n96">
<phrase category="Condition" id="nev29693374n1" phrase-urn="urn:x-nevis:phrase:0800c8af8340f4cb">This diagnostic#@#@#75#DTC).</phrase>
<phrase category="Condition" id="nev29693376n1" phrase-urn="urn:x-nevis:phrase:0800c8af8345cad1">An event contro#@#@#138#tion.</phrase>
</ptxt>
</note>
<ptxt id="nev29693248n5">
<phrase category="Condition" id="nev29693248n6" phrase-urn="urn:x-nevis:phrase:0800c8af84e8e023">The Engine cont#@#@#102#them.</phrase>
<phrase category="Condition" id="nev29693248n7" phrase-urn="urn:x-nevis:phrase:0800c8af84e8e026">The aim is to e#@#@#30#tion.</phrase>
</ptxt>
<ptxt id="nev29693248n8">
<phrase category="Condition" id="nev29693248n9" phrase-urn="urn:x-nevis:phrase:0800c8af83f8ecb5">The diagnostic #@#@#51#ects:</phrase>
</ptxt>
<list1 id="nev29693248n10">
<item id="nev29693249n1">
<ptxt id="nev29693249n2">
<phrase category="DCRDI" id="nev29693371n1" phrase-urn="urn:x-nevis:phrase:0800c8af8725b45c">The control seq#@#@#37#ated.</phrase>
</ptxt>
</item>
</list1>
<ptxt id="nev29693249n4">
<phrase category="Condition" id="nev29693249n5" phrase-urn="urn:x-nevis:phrase:0800c8af82c479d6">The control mod#@#@#67#t of:</phrase>
</ptxt>
<list1 id="nev29693249n6">
<item id="nev29693249n7">
<ptxt id="nev29693249n8">
<phrase category="Faulttracing" id="nev29693249n9" phrase-urn="urn:x-nevis:phrase:0800c8af8478ee8f">Ignition positi#@#@#19#ning.</phrase>
</ptxt>
</item>
</list1>
<note id="nev29693249n10">
<ptxt id="nev29693250n1">
<phrase category="Condition" id="nev29693250n2" phrase-urn="urn:x-nevis:phrase:0800c8af82c4844b">The control mod#@#@#132# met.</phrase>
</ptxt>
</note>
</graphtext>
</grate>
</condition>
</condgrp>
<condgrp>
<condition type="substitution">
<list1 enumtype="d" type="unordered">
<item>
<ptxt>
<phrase category="FEEDI" id="nev29693372n1" phrase-urn="urn:x-nevis:phrase:0800c8af87d7c516">The Engine Cont#@#@#79#gain.</phrase>
</ptxt>
</item>
</list1>
</condition>
<ps>
<list1 enumtype="d" type="unordered">
<item>
<ptxt>
<phrase category="" id="nev29693250n4" phrase-urn="urn:x-nevis:phrase:0800c8af823decd0">Damaged softwar#@#@#32#ECM).</phrase>
</ptxt>
</item>
<item>
<ptxt>
<phrase category="" id="nev29693250n5" phrase-urn="urn:x-nevis:phrase:0800c8af823decde">Damaged engine #@#@#16#ECM).</phrase>
</ptxt>
</item>
</list1>
</ps>
</condgrp>
<condgrp>
<condition type="symptom">
<list1 enumtype="d" type="unordered">
<item id="nev29693251n9">
<ptxt id="nev29693251n10">
<phrase category="Symptom" id="nev29693373n1" phrase-urn="urn:x-nevis:phrase:0800c8af822826c5">None.</phrase>
</ptxt>
</item>
</list1>
</condition>
</condgrp>
</diagnostic>
</servinfosub>