<?xml version="1.0" encoding="UTF-8"?><servinfosub IE-ID="en-US0900c8af80534115" docno="VCC-132155" id="KC01676248" xml:lang="en-US">
<title>Lower A post tr#@#@#8#nment</title>
<procedure>
<stepgrp id="KC06170591">
<title>Remove</title>
<procstep id="KC06170592">
<title>Remove</title>
<grate>
<graphic id="KC06170597">
<href>0900c8af8012139#@#@#9#.jpeg</href>
</graphic>
<graphtext>
<para>
<ptxt>Remove the lowe#@#@#9#trim.</ptxt>
<ptxt>Start by removi#@#@#7#clip.</ptxt>
<ptxt>Pry up with a p#@#@#53#side.</ptxt>
<ptxt>Pull the trim f#@#@#53#oks.
</ptxt>
</para>
</graphtext>
</grate>
</procstep>
<procstep id="KC06170593">
<title>Detach and clean</title>
<grate>
<graphic id="KC06170598">
<href>0900c8af8012148#@#@#9#.jpeg</href>
</graphic>
<graphtext>
<note>
<ptxt>The surfaces th#@#@#38#ease.</ptxt>
</note>
<para>
<ptxt>Clean all the m#@#@#32#rits.</ptxt>
<ptxt>Clean again usi#@#@#8#er H.</ptxt>
</para>
<hint>
<ptxt>Remove any doub#@#@#79#sary.</ptxt>
</hint>
</graphtext>
</grate>
</procstep>
</stepgrp>
<stepgrp id="KC06170594">
<title>Install</title>
<procstep id="KC06170595">
<title>Bond and install</title>
<grate>
<graphic id="KC06170599">
<href>0900c8af8012148#@#@#9#.jpeg</href>
</graphic>
<graphtext>
<para>
<ptxt>Apply adhesive #@#@#27#ated.</ptxt>
<ptxt>Install the end#@#@#117#ured.</ptxt>
</para>
<note>
<ptxt>Avoid excess. R#@#@#47#ely.
</ptxt>
</note>
<para>
<ptxt>Check that ther#@#@#36# 1-3.</ptxt>
</para>
</graphtext>
</grate>
</procstep>
<procstep id="KC06170596">
<title>Reinstall</title>
<grate>
<graphic id="KC06170600">
<href>0900c8af80059c2#@#@#9#.jpeg</href>
</graphic>
<graphtext>
<note>
<ptxt>At this point t#@#@#29#lled!</ptxt>
</note>
<para>
<ptxt>Ensure catch (A#@#@#32#edge.</ptxt>
<ptxt>Reinstall the a#@#@#41#trim.</ptxt>
</para>
</graphtext>
</grate>
</procstep>
</stepgrp>
</procedure>
</servinfosub>