<?xml version="1.0" encoding="UTF-8"?><servinfosub IE-ID="en-US0900c8af80cc0115" docno="VCC-147466" id="KC02714675" xml:lang="en-US">
<title>
<phrase category="" id="KC07843916" phrase-urn="urn:x-nevis:phrase:0800c8af81c2197d">Diagnostic trou#@#@#30#-0038</phrase>
</title>
<diagnostic type="condition">
<condgrp>
<condition type="condition">
<grate>
<graphic id="KC07843917">
<href>0900c8af80a53e0#@#@#9#.jpeg</href>
</graphic>
<graphtext>
<para>
<ptxt>
<phrase category="" id="KC07843918" phrase-urn="urn:x-nevis:phrase:0800c8af81c2197e">The diagnostic #@#@#82#ult. </phrase>
</ptxt>
</para>
</graphtext>
</grate>
</condition>
<ps>
<list1 enumtype="d" type="unordered">
<item>
<ptxt>
<phrase category="" id="KC07843919" phrase-urn="urn:x-nevis:phrase:0800c8af81c2197f">Internal fault.</phrase>
</ptxt>
</item>
</list1>
</ps>
</condgrp>
<condgrp>
<condition type="symptom">
<list1 enumtype="d" type="unordered">
<item>
<ptxt>
<phrase category="" id="KC07843920" phrase-urn="urn:x-nevis:phrase:0800c8af81c21982">Poor seat funct#@#@#4#lity.</phrase>
</ptxt>
</item>
</list1>
</condition>
</condgrp>
</diagnostic>
</servinfosub>