<?xml version="1.0" encoding="UTF-8"?><servinfosub IE-ID="en-US0900c8af80912115" docno="VCC-106217" id="KC02466212" servinfosubId="nev20687122n1-nev20687122n2" servinfosubRes="0900c8af862c2eb1" servinfosubRes2="urn:x-nevis:fragment:0900c8af80912115:0900c8af862c2eb1#nev20687122n2" xml:lang="en-US">
<title>Diagnostics, fa#@#@#6#acing</title>
<topic>
<title/>
<grate pgwide="1">
<graphic id="nev20687122n1-KC08907278" width="page">
<href>0900c8af803f8dc#@#@#9#.jpeg</href>
</graphic>
</grate>
<para>
<ptxt>Diagnostics and#@#@#341#work.</ptxt>
</para>
</topic>
<topic>
<title>Car communication</title>
<para>
<ptxt>The following c#@#@#34#tion:</ptxt>
</para>
<para>
<title>Read diagnostic#@#@#16#DTCs)</title>
<ptxt>ME 7.0 engine m#@#@#314#Cs).
</ptxt>
</para>
<para>
<ptxt>The following o#@#@#37#ated:</ptxt>
</para>
<list1 enumtype="d" type="unordered">
<title>Activation</title>
<item>
<ptxt>Injectors (sequ#@#@#4#ally)</ptxt>
</item>
<item>
<ptxt>Power stages/ig#@#@#22#ally)</ptxt>
</item>
<item>
<ptxt>air conditionin#@#@#28#utch)</ptxt>
</item>
<item>
<ptxt>Output signal e#@#@#27#ensor</ptxt>
</item>
<item>
<ptxt>Indicator lamp #@#@#1#RUISE</ptxt>
</item>
<item>
<ptxt>Econometer sign#@#@#36#(DIM)</ptxt>
</item>
<item>
<ptxt>Engine cooling #@#@#14#eeds)</ptxt>
</item>
<item>
<ptxt>Engine speed (R#@#@#5#o DIM</ptxt>
</item>
<item>
<ptxt>Electronic Thro#@#@#19# lamp</ptxt>
</item>
<item>
<ptxt>EVAP canister s#@#@#8#valve</ptxt>
</item>
<item>
<ptxt>Turbocharger (T#@#@#11#valve</ptxt>
</item>
<item>
<ptxt>Canister purge #@#@#5#valve</ptxt>
</item>
<item>
<ptxt>Fuel pump (FP) relay</ptxt>
</item>
<item>
<ptxt>Malfunction Ind#@#@#12#(MIL)</ptxt>
</item>
<item>
<ptxt>Heating front h#@#@#21#HO2S)</ptxt>
</item>
<item>
<ptxt>Heating rear he#@#@#20#HO2S)</ptxt>
</item>
<item>
<ptxt>Continuous Vari#@#@#42#valve</ptxt>
</item>
<item>
<ptxt>Interlock funct#@#@#21#lay),<emph>USA/CDN only</emph>
</ptxt>
</item>
</list1>
<para>
<title>Reading off plotter</title>
<ptxt>Here curves and#@#@#106#time.</ptxt>
</para>
<para>
<title>Activating diag#@#@#11#tions</title>
<ptxt>This is a new f#@#@#95#tems:</ptxt>
</para>
<list1 enumtype="d" type="unordered">
<item>
<ptxt>Return Fuel Lac#@#@#13#RFLS)</ptxt>
</item>
<item>
<ptxt>Pulsed secondar#@#@#25#AIR)
</ptxt>
</item>
</list1>
</topic>
<topic>
<title>Leak diagnostic</title>
<para>
<ptxt>The diagnostic #@#@#68#C70. </ptxt>
</para>
</topic>
<topic>
<title>Misfire diagnostic</title>
<para>
<ptxt/>
<ptxt>The diagnostic #@#@#67# C70.</ptxt>
</para>
</topic>
</servinfosub>