<?xml version="1.0" encoding="UTF-8"?><servinfosub IE-ID="en-US0900c8af80681115" docno="VCC-079647" id="KC02137452" xml:lang="en-US">
<title>Fan/fan shroud #@#@#3#embly</title>
<procedure id="KC02181970">
<title>Installation of#@#@#94#hroud</title>
<proctools>
<toolitem id="KC08532970"/>
<toolitem id="KC08532971"/>
<toolitem id="KC08532972"/>
</proctools>
<procstep id="KC03563678">
<title/>
<ptxt>If the fan cont#@#@#178#cers.</ptxt>
<table pgwide="1">
<tgroup cols="4" colsep="0" rowsep="0">
<colspec colwidth="132*"/>
<colspec colname="col2" colwidth="132*"/>
<colspec colwidth="132*"/>
<colspec colwidth="132*"/>
<thead>
<row>
<entry align="left" valign="top">
<ptxt>Required Parts:</ptxt>
</entry>
<entry align="left" valign="top">
<ptxt>Description</ptxt>
</entry>
<entry align="left" valign="top">
<ptxt>Part No.</ptxt>
</entry>
<entry align="left" valign="top">
<ptxt>Quantity</ptxt>
</entry>
</row>
</thead>
<tbody>
<row>
<entry align="left" colname="col2" valign="top">
<ptxt>Spacers</ptxt>
</entry>
<entry align="left" valign="top">
<ptxt>3514110-0</ptxt>
</entry>
<entry align="left" valign="top">
<ptxt>6</ptxt>
</entry>
</row>
<row>
<entry align="left" colname="col2" valign="top">
<ptxt>Clip</ptxt>
</entry>
<entry align="left" valign="top">
<ptxt>1324190-6</ptxt>
</entry>
<entry align="left" valign="top">
<ptxt>1</ptxt>
</entry>
</row>
</tbody>
</tgroup>
</table>
</procstep>
<procstep id="KC02181971">
<title>Spacers, installing</title>
<grate>
<graphic id="KC08532973" width="column">
<href>0900c8af8012c77#@#@#9#.jpeg</href>
</graphic>
<graphtext>
<para>
<title>Remove engine s#@#@#6#guard</title>
<ptxt>Loosen engine m#@#@#27#ember</ptxt>
<ptxt>Unscrew nuts ap#@#@#20#4in).</ptxt>
</para>
<note>
<ptxt>Do not remove nuts.</ptxt>
</note>
</graphtext>
</grate>
</procstep>
<procstep id="KC02181972">
<title>Lift engine slightly</title>
<grate>
<graphic id="KC08532974" width="column">
<href>0900c8af8068112#@#@#9#.jpeg</href>
</graphic>
<graphic id="KC08532975" width="column">
<href>0900c8af8012c77#@#@#9#.jpeg</href>
</graphic>
<graphtext>
<ptxt>Use two side at#@#@#5#ents <toolitem id="KC08532976"/>, hook <toolitem id="KC08532977"/> and cradle
ass#@#@#1#mbly <toolitem id="KC08532978"/>.</ptxt>
<ptxt>Raise engine un#@#@#36#nuts.</ptxt>
</graphtext>
</grate>
</procstep>
<procstep id="KC02181973">
<title>Install spacers#@#@#11#10-0)</title>
<grate>
<graphic id="KC08532979" width="column">
<href>0900c8af8068112#@#@#5#.jpeg</href>
</graphic>
<graphtext>
<ptxt>Fit spacers bet#@#@#42#ber.
</ptxt>
<para>
<title>Lower engine</title>
<ptxt>Check position #@#@#36#s to:</ptxt>
<ptxt>15-25Nm = 11-18#@#@#4# lbs.</ptxt>
</para>
</graphtext>
</grate>
</procstep>
<procstep id="KC02181974">
<title>Fan shroud, securing</title>
<grate>
<graphic id="KC08532980" width="column">
<href>0900c8af8012c66#@#@#9#.jpeg</href>
</graphic>
<graphtext>
<para>
<title>Fit fan shroud #@#@#9# clip</title>
<ptxt>Attach clip to #@#@#118#rame.</ptxt>
<ptxt>Make sure that #@#@#23#ound.</ptxt>
</para>
</graphtext>
</grate>
<table pgwide="1">
<title>During the New #@#@#47#nder:</title>
<tgroup cols="3" colsep="0" rowsep="0">
<colspec colwidth="176*"/>
<colspec colwidth="176*"/>
<colspec colwidth="176*"/>
<thead>
<row>
<entry align="left" valign="top">
<ptxt>Operation No.</ptxt>
</entry>
<entry align="left" valign="top">
<ptxt>Labor Description</ptxt>
</entry>
<entry align="left" valign="top">
<ptxt>Time Allowance</ptxt>
</entry>
</row>
</thead>
<tbody>
<row>
<entry align="left" valign="top">
<ptxt>218162</ptxt>
</entry>
<entry align="left" valign="top">
<ptxt>Engine mount sp#@#@#9#stall</ptxt>
<ptxt>Fan shroud, secure</ptxt>
</entry>
<entry align="left" valign="top">
<ptxt>0.5 hr.</ptxt>
</entry>
</row>
</tbody>
</tgroup>
</table>
</procstep>
</procedure>
</servinfosub>