<?xml version="1.0" encoding="UTF-8"?><servinfosub IE-ID="en-US0800c8af80a3c71a" docno="T1159276" id="ST-0800c8af80a3c71a" xml:lang="en-US">
<title>115 9276 SQUARE#@#@#11# 10MM</title>
<grate>
<graphic id="0900c8af8005d70f"/>
<graphtext>
<deflist>
<defitem>
<term>Tool number:</term>
<def>115 9276-3</def>
</defitem>
<defitem>
<term>Tool description:</term>
<def>SQUARE DRIVE 3/#@#@#2# 10MM</def>
</defitem>
<defitem>
<term>Tool board:</term>
<def/>
</defitem>
</deflist>
</graphtext>
</grate>
</servinfosub>