<?xml version="1.0" encoding="UTF-8"?><servinfosub IE-ID="en-US0900c8af834d771a" docno="VCC-157755" id="KC07197382" xml:lang="en-US">
<title>
<phrase category="" id="KC07197386" phrase-urn="urn:x-nevis:phrase:0800c8af81a95632">Diagnostic trou#@#@#30#-5F31</phrase>
</title>
<diagnostic j2008use="1" paperuse="1" screenuse="1" type="condition">
<condgrp>
<condition type="condition">
<grate>
<graphic id="l1132845908125">
<href>0900c8af8005a27#@#@#9#.jpeg</href>
</graphic>
<graphtext>
<para>
<ptxt>
<phrase category="" id="KC07197388" phrase-urn="urn:x-nevis:phrase:0800c8af81a95633">The central ele#@#@#84#CPM).</phrase>
</ptxt>
</para>
<para id="nev11445502n96">
<ptxt id="nev11445502n95">
<phrase category="Condition" id="nev11445509n1" phrase-urn="urn:x-nevis:phrase:0800c8af834d77b2">Om central elek#@#@#124#oden.</phrase>
</ptxt>
</para>
<para>
<ptxt>
<phrase category="" id="KC07197390" phrase-urn="urn:x-nevis:phrase:0800c8af81a95635">The diagnostic #@#@#61#ted. </phrase>
</ptxt>
</para>
</graphtext>
</grate>
</condition>
</condgrp>
<condgrp>
<condition type="substitution">
<list1 enumtype="d">
<item>
<ptxt>
<phrase category="" id="KC07197391" phrase-urn="urn:x-nevis:phrase:0800c8af81a95636">None.</phrase>
</ptxt>
</item>
</list1>
</condition>
<ps>
<list1 enumtype="d" type="unordered">
<item id="nev11445502n99">
<ptxt id="nev11445502n98">
<phrase category="Possible source" id="nev11445503n1" phrase-urn="urn:x-nevis:phrase:0800c8af81eb94db">Open-circuit in#@#@#13#able.</phrase>
</ptxt>
</item>
<item>
<ptxt>
<phrase category="" id="KC07197392" phrase-urn="urn:x-nevis:phrase:0800c8af81a95637">Short-circuit t#@#@#31#cable</phrase>
</ptxt>
</item>
<item>
<ptxt>
<phrase category="" id="KC07197393" phrase-urn="urn:x-nevis:phrase:0800c8af81a95638">Damaged engine #@#@#28#nsor.</phrase>
</ptxt>
</item>
</list1>
</ps>
</condgrp>
<condgrp>
<condition type="symptom">
<list1 enumtype="d" type="unordered">
<item>
<ptxt>
<phrase category="" id="KC07197394" phrase-urn="urn:x-nevis:phrase:0800c8af81a95639">Poor heating in#@#@#22#ment.</phrase>
</ptxt>
</item>
</list1>
</condition>
</condgrp>
</diagnostic>
</servinfosub>