<?xml version="1.0" encoding="UTF-8"?><servinfosub IE-ID="en-US0900c8af847e071a" docno="VCC-143275" id="KC01346048" xml:lang="en-US">
<title id="nev14375481n250">Outer door skin#@#@#6#acing</title>
<procedure id="nev14375481n249">
<stepgrp id="KC01350834">
<procstep id="KC01350835">
<title id="nev14375481n248"/>
<para id="nev14375481n247">
<ptxt id="nev14375481n246">Since the illus#@#@#185#ect. </ptxt>
</para>
<list1 enumtype="d" id="nev14375481n245" type="unordered">
<title id="nev14375481n244">Included in thi#@#@#20# for:</title>
<item id="nev14375481n243">
<ptxt id="nev14375481n242">the front side #@#@#16# See <xref id="nev14375481n241">
<ref id="KC07566949"/>
</xref>
</ptxt>
</item>
<item id="nev14375481n237">
<ptxt id="nev14375481n236">the rear side o#@#@#15# See <xref id="nev14375481n235">
<ref id="KC07566950"/>
</xref>. </ptxt>
</item>
</list1>
</procstep>
</stepgrp>
<stepgrp id="KC01350836">
<title id="nev14375481n231">Front side oute#@#@#17#acing</title>
<procstep id="KC01350837">
<title id="nev14375481n230">Preparations</title>
<grate id="nev14375481n229">
<graphic id="KC07566951">
<href>0900c8af800580c#@#@#9#.jpeg</href>
</graphic>
<graphtext id="nev14375481n225">
<list1 enumtype="d" id="nev14375481n224" type="unordered">
<title id="nev14375481n223">Remove:</title>
<item id="nev14375481n222">
<ptxt id="nev14375481n221">the cover from #@#@#10#irror</ptxt>
</item>
<item id="nev14375481n220">
<ptxt id="nev14375481n219">the interior ha#@#@#5# See <xref id="nev14375481n218">
<ref id="KC07566952"/>
</xref>
</ptxt>
</item>
<item id="nev14375481n214">
<ptxt id="nev14375481n213">the outer door #@#@#5# See <xref id="nev14375481n212">
<ref id="KC07566953"/>
</xref>
</ptxt>
</item>
<item id="nev14375481n208">
<ptxt id="nev14375481n207">the side window#@#@#1# See <xref id="nev14375481n206">
<ref id="KC07566954"/>
</xref>
</ptxt>
</item>
<item id="nev14375481n202">
<ptxt id="nev14375481n201">the exterior ha#@#@#5# See <xref id="nev14375481n200">
<ref id="KC07566955"/>
</xref>
</ptxt>
</item>
<item id="nev14375481n196">
<ptxt id="nev14375481n195">the door mirror#@#@#1# See <xref id="nev14375481n194">
<ref id="KC07566956"/>
</xref>
</ptxt>
</item>
<item id="nev14375481n190">
<ptxt id="nev14375481n189">the rubber and #@#@#7#rips.</ptxt>
</item>
</list1>
<para id="nev14375481n188">
<ptxt id="nev14375481n187">Disconnect the #@#@#40#door.</ptxt>
<ptxt id="nev14375481n186">Remove the scre#@#@#51#door.</ptxt>
</para>
</graphtext>
</grate>
</procstep>
<procstep id="KC01350838">
<title id="nev14375481n185">Removing the do#@#@#27# door</title>
<grate id="nev14375481n184">
<graphic id="KC07566957">
<href>0900c8af800580d#@#@#9#.jpeg</href>
</graphic>
<graphtext id="nev14375481n180">
<para id="nev14375481n179">
<ptxt id="nev14375481n178">Grind the panel#@#@#2#dges.</ptxt>
<ptxt id="nev14375481n177">Cut the outer d#@#@#19#ated.</ptxt>
<ptxt id="nev14375481n176">The outer door #@#@#51#mber.</ptxt>
<ptxt id="nev14375481n175">Pry off the out#@#@#8#skin.</ptxt>
</para>
<note id="nev14375481n174">
<ptxt id="nev14375481n173">Check that the #@#@#19#aged.</ptxt>
</note>
<para id="nev14375481n172">
<ptxt id="nev14375481n171">Clean the door #@#@#1#rame.</ptxt>
</para>
</graphtext>
</grate>
</procstep>
<procstep id="KC01350839">
<title id="nev14375481n170">Installing the #@#@#21# skin</title>
<note id="nev14375481n169">
<ptxt id="nev14375481n168">For tightening #@#@#8# see <xref id="nev14375481n167">
<ref id="KC07566958"/>
</xref>. </ptxt>
</note>
<grate id="nev14375481n163">
<graphic id="KC07566959">
<href>0900c8af800580d#@#@#9#.jpeg</href>
</graphic>
<graphtext id="nev14375481n159">
<para id="nev14375481n158">
<ptxt id="nev14375481n157">Align the frame#@#@#19#skin.</ptxt>
<ptxt id="nev14375481n156">Cut the panel a#@#@#13#ches.</ptxt>
<ptxt id="nev14375481n155">Remove the fram#@#@#22#skin.</ptxt>
</para>
<list1 enumtype="d" id="nev14375481n154" type="unordered">
<title id="nev14375481n153">Apply:</title>
<item id="nev14375481n152">
<ptxt id="nev14375481n151">enamel primer t#@#@#32#nded </ptxt>
</item>
<item id="nev14375481n150">
<ptxt id="nev14375481n149">PUR adhesive to#@#@#16#ember</ptxt>
</item>
<item id="nev14375481n148">
<ptxt id="nev14375481n147">bodywork adhesi#@#@#37#kin. </ptxt>
</item>
</list1>
<para id="nev14375481n146">
<ptxt id="nev14375481n145">Secure the repl#@#@#49#hes. </ptxt>
<ptxt id="nev14375481n144">Beat the edge o#@#@#60#skin.</ptxt>
<ptxt id="nev14375481n143">Check the align#@#@#80#ured.</ptxt>
<ptxt id="nev14375481n142">Complete the we#@#@#1#ding.</ptxt>
<ptxt id="nev14375481n141">Seal the outer #@#@#23# See <xref id="nev14375481n140">
<ref id="KC07566960"/>
</xref>. </ptxt>
</para>
</graphtext>
</grate>
</procstep>
<procstep id="KC01350840">
<title id="nev14375481n136">Finishing</title>
<grate id="nev14375481n135">
<graphic id="KC07566961">
<href>0900c8af800580e#@#@#9#.jpeg</href>
</graphic>
<graphtext id="nev14375481n131">
<list1 enumtype="d" id="nev14375481n130" type="unordered">
<title id="nev14375481n129">Install:</title>
<item id="nev14375481n128">
<ptxt id="nev14375481n127">the door to the#@#@#30#hten </ptxt>
</item>
<item id="nev14375481n126">
<ptxt id="nev14375481n125">the exterior ha#@#@#5# See <xref id="nev14375481n124">
<ref id="KC07566962"/>
</xref>
</ptxt>
</item>
<item id="nev14375481n120">
<ptxt id="nev14375481n119">the side window#@#@#1# See <xref id="nev14375481n118">
<ref id="KC07566963"/>
</xref>
</ptxt>
</item>
<item id="nev14375481n114">
<ptxt id="nev14375481n113">the rubber and #@#@#6#trips</ptxt>
</item>
<item id="nev14375481n112">
<ptxt id="nev14375481n111">the cable harne#@#@#31# post</ptxt>
</item>
<item id="nev14375481n110">
<ptxt id="nev14375481n109">the door mirror#@#@#1# See <xref id="nev14375481n108">
<ref id="KC07566964"/>
</xref>
</ptxt>
</item>
<item id="nev14375481n104">
<ptxt id="nev14375481n103">the outer door #@#@#5# See <xref id="nev14375481n102">
<ref id="KC07566965"/>
</xref>
</ptxt>
</item>
<item id="nev14375481n98">
<ptxt id="nev14375481n97">the interior ha#@#@#5# See <xref id="nev14375481n96">
<ref id="KC07566966"/>
</xref>
</ptxt>
</item>
<item id="nev14375481n92">
<ptxt id="nev14375481n91">the cover from #@#@#10#irror</ptxt>
</item>
</list1>
</graphtext>
</grate>
</procstep>
</stepgrp>
<stepgrp id="KC01350841">
<title id="nev14375481n90">Replacing the r#@#@#19# skin</title>
<procstep id="KC01350842">
<title id="nev14375481n89">Preparations</title>
<grate id="nev14375481n88">
<graphic id="KC07566967">
<href>0900c8af800580c#@#@#9#.jpeg</href>
</graphic>
<graphtext id="nev14375481n84">
<list1 enumtype="d" id="nev14375481n83" type="unordered">
<title id="nev14375481n82">Remove:</title>
<item id="nev14375481n81">
<ptxt id="nev14375481n80">the interior ha#@#@#5# See <xref id="nev14375481n79">
<ref id="KC07566968"/>
</xref>
</ptxt>
</item>
<item id="nev14375481n75">
<ptxt id="nev14375481n74">the outer door #@#@#5# See <xref id="nev14375481n73">
<ref id="KC07566969"/>
</xref>
</ptxt>
</item>
<item id="nev14375481n69">
<ptxt id="nev14375481n68">the side window#@#@#1# See <xref id="nev14375481n67">
<ref id="KC07566970"/>
</xref>
</ptxt>
</item>
<item id="nev14375481n63">
<ptxt id="nev14375481n62">the exterior ha#@#@#5# See <xref id="nev14375481n61">
<ref id="KC07566971"/>
</xref>
</ptxt>
</item>
<item id="nev14375481n57">
<ptxt id="nev14375481n56">the rubber and #@#@#7#rips.</ptxt>
</item>
</list1>
<para id="nev14375481n55">
<ptxt id="nev14375481n54">Disconnect the #@#@#40#door.</ptxt>
<ptxt id="nev14375481n53">Remove the scre#@#@#51#door.</ptxt>
</para>
</graphtext>
</grate>
</procstep>
<procstep id="KC01350843">
<title id="nev14375481n52">Removing the ou#@#@#31# door</title>
<grate id="nev14375481n51">
<graphic id="KC07566972">
<href>0900c8af800580e#@#@#9#.jpeg</href>
</graphic>
<graphtext id="nev14375481n47">
<para id="nev14375481n46">
<ptxt id="nev14375481n45">Grind the panel#@#@#2#dges.</ptxt>
<ptxt id="nev14375481n44">Cut the outer d#@#@#19#ated.</ptxt>
<ptxt id="nev14375481n43">The outer door #@#@#51#mber.</ptxt>
<ptxt id="nev14375481n42">Pry off the out#@#@#8#skin.</ptxt>
</para>
<note id="nev14375481n41">
<ptxt id="nev14375481n40">Check that the #@#@#19#aged.</ptxt>
</note>
<para id="nev14375481n39">
<ptxt id="nev14375481n38">Clean the door #@#@#1#rame.</ptxt>
</para>
</graphtext>
</grate>
</procstep>
<procstep id="KC01350844">
<title id="nev14375481n37">Installing the #@#@#33# door</title>
<grate id="nev14375481n36">
<graphic id="KC07566973">
<href>0900c8af800580e#@#@#9#.jpeg</href>
</graphic>
<graphtext id="nev14375481n32">
<para id="nev14375481n31">
<ptxt id="nev14375481n30">Align the frame#@#@#19#skin.</ptxt>
<ptxt id="nev14375481n29">Cut the door sk#@#@#17#ches.</ptxt>
<ptxt id="nev14375481n28">Remove the fram#@#@#22#skin.</ptxt>
</para>
<list1 enumtype="d" id="nev14375481n27" type="unordered">
<title id="nev14375481n26">Apply:</title>
<item id="nev14375481n25">
<ptxt id="nev14375481n24">enamel primer t#@#@#32#nded </ptxt>
</item>
<item id="nev14375481n23">
<ptxt id="nev14375481n22">PUR adhesive to#@#@#16#ember</ptxt>
</item>
<item id="nev14375481n21">
<ptxt id="nev14375481n20">bodywork adhesi#@#@#37#kin. </ptxt>
</item>
</list1>
<para id="nev14375481n19">
<ptxt id="nev14375481n18">Secure the repl#@#@#49#hes. </ptxt>
<ptxt id="nev14375481n17">Beat the edge o#@#@#60#skin.</ptxt>
<ptxt id="nev14375481n16">Check the align#@#@#80#ured.</ptxt>
<ptxt id="nev14375481n15">Complete the we#@#@#1#ding.</ptxt>
<ptxt id="nev14375481n14">Seal the outer #@#@#23# See <xref id="nev14375481n13">
<ref id="KC07566974"/>
</xref>. </ptxt>
</para>
</graphtext>
</grate>
</procstep>
<procstep id="KC01350845">
<title id="nev14375481n9">Finishing</title>
<grate id="nev14375481n8">
<graphic id="KC07566975">
<href>0900c8af800580e#@#@#9#.jpeg</href>
</graphic>
<graphtext id="nev14375481n4">
<list1 enumtype="d" id="nev14375481n3" type="unordered">
<title id="nev14375481n2">Install:</title>
<item id="nev14375481n1">
<ptxt id="nev14375482n250">the door to the#@#@#29#ghten</ptxt>
</item>
<item id="nev14375482n249">
<ptxt id="nev14375482n248">the exterior ha#@#@#5# See <xref id="nev14375482n247">
<ref id="KC07566976"/>
</xref>
</ptxt>
</item>
<item id="nev14375482n243">
<ptxt id="nev14375482n242">the side window#@#@#1# See <xref id="nev14375482n241">
<ref id="KC07566977"/>
</xref>
</ptxt>
</item>
<item id="nev14375482n237">
<ptxt id="nev14375482n236">the rubber and #@#@#6#trips</ptxt>
</item>
<item id="nev14375482n235">
<ptxt id="nev14375482n234">the cable harne#@#@#31# post</ptxt>
</item>
<item id="nev14375482n233">
<ptxt id="nev14375482n232">the outer door #@#@#5# See <xref id="nev14375482n231">
<ref id="KC07566978"/>
</xref>
</ptxt>
</item>
<item id="nev14375482n227">
<ptxt id="nev14375482n226">the interior ha#@#@#5# See <xref id="nev14375482n225">
<ref id="KC07566979"/>
</xref>
</ptxt>
</item>
</list1>
</graphtext>
</grate>
</procstep>
</stepgrp>
</procedure>
</servinfosub>