<?xml version="1.0" encoding="UTF-8"?><script xmlns:nevis="http://www.volvocars.com/namespaces/processing" xmlns:xlink="http://www.w3.org/1999/xlink" IE-ID="en-US0900c8af824e571a" docno="VCC-247801" id="nev10644158n1" nevis:expl-profile="mdl275yr2005eng184, mdl275yr2006eng184, mdl275yr2007eng184, mdl275yr2007eng193, mdl275yr2008eng184, mdl275yr2008eng193, mdl275yr2009eng184, mdl275yr2009eng193, mdl275yr2010eng193, mdl275yr2010eng184, mdl275yr2011eng184, mdl275yr2011eng217, mdl275yr2012eng217, mdl275yr2013eng217, mdl275yr2013eng228, mdl275yr2013eng186, mdl275yr2014eng217, mdl275yr2014eng186, mdl275yr2014eng228" nevis:profile="urn:x-nevis:profile:0b00c8af8168b4bd urn:x-nevis:profile:0b00c8af824759f6 urn:x-nevis:profile:0b00c8af82e4881a urn:x-nevis:profile:0b00c8af82e48833 urn:x-nevis:profile:0b00c8af838ba0bd urn:x-nevis:profile:0b00c8af838ba0bf urn:x-nevis:profile:0b00c8af83f1a29b urn:x-nevis:profile:0b00c8af83f1a29d urn:x-nevis:profile:0b00c8af8414e555 urn:x-nevis:profile:0b00c8af8414e559 urn:x-nevis:profile:0b00c8af84983e76 urn:x-nevis:profile:0b00c8af84983f5c urn:x-nevis:profile:0b00c8af84eb81dd urn:x-nevis:profile:0b00c8af851e8390 urn:x-nevis:profile:0b00c8af851e89e8 urn:x-nevis:profile:0b00c8af851e89e9 urn:x-nevis:profile:0b00c8af8563040c urn:x-nevis:profile:0b00c8af85630412 urn:x-nevis:profile:0b00c8af85630413" nevis:projectdocument="urn:x-nevis:projectdocument:0800c8af8242317f" nevis:resource="0900c8af824e5721" nevis:resource2="urn:x-nevis:fragment:0900c8af824e571a:0900c8af824e5721#nev10644158n1" nevis:session-id="" qualifierinfotype="14:00" type="" xml:lang="en-US"><title>Erase DTC no vi#@#@#10# 20V8</title><content gui="0" height="300" id="nev10644159n1-nev10644158n3" nevis:expl-profile="mdl275yr2005eng184, mdl275yr2006eng184, mdl275yr2007eng184, mdl275yr2007eng193, mdl275yr2008eng184, mdl275yr2008eng193, mdl275yr2009eng184, mdl275yr2009eng193, mdl275yr2010eng193, mdl275yr2010eng184, mdl275yr2011eng184, mdl275yr2011eng217, mdl275yr2012eng217, mdl275yr2013eng217, mdl275yr2013eng228, mdl275yr2013eng186, mdl275yr2014eng217, mdl275yr2014eng186, mdl275yr2014eng228" nevis:idfrom="nev10644159n1" nevis:prefix="nev10644159n1" nevis:profile="urn:x-nevis:profile:0b00c8af8168b4bd urn:x-nevis:profile:0b00c8af824759f6 urn:x-nevis:profile:0b00c8af82e4881a urn:x-nevis:profile:0b00c8af82e48833 urn:x-nevis:profile:0b00c8af838ba0bd urn:x-nevis:profile:0b00c8af838ba0bf urn:x-nevis:profile:0b00c8af83f1a29b urn:x-nevis:profile:0b00c8af83f1a29d urn:x-nevis:profile:0b00c8af8414e555 urn:x-nevis:profile:0b00c8af8414e559 urn:x-nevis:profile:0b00c8af84983e76 urn:x-nevis:profile:0b00c8af84983f5c urn:x-nevis:profile:0b00c8af84eb81dd urn:x-nevis:profile:0b00c8af851e8390 urn:x-nevis:profile:0b00c8af851e89e8 urn:x-nevis:profile:0b00c8af851e89e9 urn:x-nevis:profile:0b00c8af8563040c urn:x-nevis:profile:0b00c8af85630412 urn:x-nevis:profile:0b00c8af85630413" nevis:resource="0900c8af824e5723" nevis:resource2="urn:x-nevis:fragment:0900c8af824e571a:0900c8af824e5723#nev10644158n3" width="300" xml:lang="en-US"><nodes id="nev10644159n1-nev10691192n1"><node class="Components.StartNode" id="nev10644159n1-nev10691193n1" nodeid="Start" x="42" y="139"/><node class="Components.DiagnosticOutput" id="nev10644159n1-nev10691194n1" nodeid="Output" x="612" y="152"><property class="String" id="nev10644159n1-nev10691195n1" name="Result" type="In" value="" visible="1"/></node><node class="Components.VehComm" id="nev10644159n1-nev10691196n1" nodeid="VehComm1" x="164" y="91"><property class="String" id="nev10644159n1-nev10691197n1" name="Mode" type="Internal" value="EcuType" visible="1"/><property class="Int" id="nev10644159n1-nev10691198n1" name="EcuType" type="In" value="645902" visible="0"/><property class="Int" id="nev10644159n1-nev10691199n1" name="ServiceId" type="In" value="101" visible="0"/><property class="String" id="nev10644159n1-nev10691200n1" name="EcuName" type="Out" value="" visible="1"/><property class="Response" id="nev10644159n1-nev10691201n1" name="Result" type="Out" value="" visible="1"/><property class="String" id="nev10644159n1-nev10691202n1" name="StatusMask" type="In" value="20" visible="0"/><extension id="nev10644159n1-nev10691203n1"><insertparam id="nev10644159n1-nev10644175n1" name="StatusMask"/></extension></node><node class="Components.VehComm" id="nev10644159n1-nev10691204n1" nodeid="VehComm2" x="317" y="105"><property class="String" id="nev10644159n1-nev10691205n1" name="Mode" type="Internal" value="EcuType" visible="1"/><property class="Int" id="nev10644159n1-nev10691206n1" name="EcuType" type="In" value="645902" visible="0"/><property class="Int" id="nev10644159n1-nev10691207n1" name="ServiceId" type="In" value="102" visible="0"/><property class="String" id="nev10644159n1-nev10691208n1" name="EcuName" type="Out" value="" visible="1"/><property class="Response" id="nev10644159n1-nev10691209n1" name="Result" type="Out" value="" visible="1"/><extension id="nev10644159n1-nev10691210n1"/></node><node class="Components.ValueSetter" id="nev10644159n1-nev10691211n1" nodeid="ValueSetter1" x="463" y="135"><property class="String" id="nev10644159n1-nev10691212n1" name="Text" type="Out" value="" visible="1"/><property class="Int" id="nev10644159n1-nev10691213n1" name="Value" type="Out" value="0" visible="1"/><extension id="nev10644159n1-nev10691214n1"><valuelist id="nev10644159n1-nev10644187n1"><item id="nev10644159n1-nev10644188n1" value="0"/></valuelist></extension></node></nodes><handlers id="nev10644159n1-nev10691215n1"><eventhandler id="nev10644159n1-nev10691216n1" name="OnStart" node="Start"><call id="nev10644159n1-nev10691217n1" method="Execute" node="VehComm1"/></eventhandler><eventhandler id="nev10644159n1-nev10691218n1" name="OnPositiveResponse" node="VehComm1"><call id="nev10644159n1-nev10691219n1" method="Execute" node="VehComm2"/></eventhandler><eventhandler id="nev10644159n1-nev10691220n1" name="OnPositiveResponse" node="VehComm2"><call id="nev10644159n1-nev10691221n1" method="Execute" node="ValueSetter1"/></eventhandler><propertyhandler id="nev10644159n1-nev10691222n1" name="Value" node="ValueSetter1"><set id="nev10644159n1-nev10691223n1" node="Output" property="Result"/></propertyhandler></handlers></content></script>