<?xml version="1.0" encoding="UTF-8"?><servinfosub IE-ID="en-US0900c8af80ce071a" docno="VCC-155258" id="KC02801061" servinfosubId="nev20682418n1-nev20682418n2" servinfosubRes="0900c8af862b8b0a" servinfosubRes2="urn:x-nevis:fragment:0900c8af80ce071a:0900c8af862b8b0a#nev20682418n2" xml:lang="en-US">
<title>Location of com#@#@#2#nents</title>
<grate pgwide="1">
<graphic id="nev20682418n1-KC05131069">
<href>0900c8af8044564#@#@#9#.jpeg</href>
</graphic>
<graphtext>
<list1>
<item>
<ptxt>Accessory elect#@#@#14#AEM).</ptxt>
</item>
</list1>
</graphtext>
</grate>
</servinfosub>