<?xml version="1.0" encoding="UTF-8"?><servinfosub IE-ID="en-US0900c8af8092b204" docno="VCC-108784" id="KC02436966" xml:lang="en-US">
<title>
<phrase category="" id="KC07783906" phrase-urn="urn:x-nevis:phrase:0800c8af81bc4c3c">Checking brake discs</phrase>
</title>
<diagnostic type="test">
<testgrp IE-ID="en-US0900c8af8092b204_KC02436967" id="KC02436967" j2008use="1" paperuse="1" resumable="1" screenuse="1" testgrp-id="gj1" x="120" y="80">
<title>
<phrase category="" id="KC07783907" phrase-urn="urn:x-nevis:phrase:0800c8af81bc4c3d">Checking brake discs</phrase>
</title>
<node>
<test1>
<test2>
<ptxt>
<phrase category="" id="KC07783908" phrase-urn="urn:x-nevis:phrase:0800c8af81bc4c3e">Check the brake#@#@#1#disc.</phrase>
</ptxt>
<ptxt>
<phrase category="" id="KC07783909" phrase-urn="urn:x-nevis:phrase:0800c8af81bc4c3f">Turn or replace#@#@#29# See <xref>
<ref id="KC07783910"/>
</xref> for the front #@#@#38# see <xref>
<ref id="KC07783911"/>
</xref>.</phrase>
</ptxt>
<grate>
<graphic id="KC07783912">
<href>0900c8af801257a#@#@#9#.jpeg</href>
</graphic>
</grate>
</test2>
</test1>
<question>Did the brake d#@#@#29#aced?</question>
<resact-grp>
<result button="yes" comp="button" highlight="0"/>
<action j2008use="1" paperuse="1" screenuse="1">
<ptxt>
<xref>
<ref id="KC07783913"/>
</xref>
</ptxt>
</action>
</resact-grp>
<resact-grp>
<result button="no" comp="button" highlight="0"/>
<action j2008use="1" paperuse="0" screenuse="1">
<return value="FAULT NOT FOUND"/>
</action>
<action j2008use="0" paperuse="1" screenuse="0">
<ptxt>
<xref>
<ref id="KC07783914"/>
</xref>
</ptxt>
</action>
</resact-grp>
</node>
</testgrp>
<testgrp id="KC02436968" j2008use="1" paperuse="1" resumable="1" screenuse="1" testgrp-id="verif" x="320" y="80">
<title>
<phrase category="" id="KC07783915" phrase-urn="urn:x-nevis:phrase:0800c8af81bc4c40">Verification</phrase>
</title>
<subcalloutnode>
<diagcallout>
<xref>
<ref id="KC07783916"/>
</xref>
</diagcallout>
<rescall-grp>
<result comp="string" highlight="0" op="eq" return="VERIFIED"/>
<calloutaction>
<return value="FAULT FOUND"/>
</calloutaction>
</rescall-grp>
<rescall-grp>
<result comp="string" highlight="0" op="eq" return="VERIFICATION FAILED"/>
<calloutaction>
<ptxt>
<xref>
<ref id="KC07783917"/>
</xref>
</ptxt>
</calloutaction>
</rescall-grp>
</subcalloutnode>
</testgrp>
<testgrp id="KC02436969" j2008use="1" paperuse="1" resumable="1" screenuse="1" testgrp-id="info8" x="320" y="160">
<title>
<phrase category="" id="KC07783918" phrase-urn="urn:x-nevis:phrase:0800c8af81bc4c41">Fault-tracing i#@#@#5#ation</phrase>
</title>
<subcalloutnode>
<diagcallout>
<xref>
<ref id="KC07783919"/>
</xref>
</diagcallout>
<rescall-grp>
<result comp="string" highlight="0" op="eq" return="NEW TRY"/>
<calloutaction>
<ptxt>
<xref>
<ref id="KC07783920"/>
</xref>
</ptxt>
</calloutaction>
</rescall-grp>
<rescall-grp>
<result comp="string" highlight="0" op="eq" return="FAULTTRACING FAILED"/>
<calloutaction>
<return value="FAULTTRACING FAILED"/>
</calloutaction>
</rescall-grp>
</subcalloutnode>
</testgrp>
</diagnostic>
</servinfosub>