<?xml version="1.0" encoding="UTF-8"?><servinfosub IE-ID="en-US0900c8af80881204" docno="VCC-121921" id="KC01134242" xml:lang="en-US">
<title>Vacuum system, #@#@#3#cking</title>
<procedure>
<stepgrp>
<title>Preparation</title>
<procstep id="KC01134243">
<title>Disconnect the #@#@#7# lead</title>
<para>
<ptxt>See <xref>
<ref id="KC06453995"/>
</xref>.</ptxt>
</para>
</procstep>
</stepgrp>
<stepgrp>
<procstep id="KC01134244">
<title>Preparations fo#@#@#21#valve</title>
<grate>
<graphic id="KC06453996">
<href>0900c8af8005ab2#@#@#11#.jpeg</href>
</graphic>
<graphtext>
<list1 enumtype="d" type="unordered">
<title>Remove:</title>
<item>
<ptxt>the mounting sc#@#@#18#e rod</ptxt>
</item>
<item>
<ptxt>the screw and n#@#@#39#e rod</ptxt>
</item>
<item>
<ptxt>the torque rod.</ptxt>
</item>
</list1>
</graphtext>
</grate>
</procstep>
<procstep id="KC01134245">
<title>Check the vacuu#@#@#1# hose</title>
<grate>
<graphic id="KC06453997">
<href>0900c8af8005ba1#@#@#9#.jpeg</href>
</graphic>
<graphtext>
<list1 enumtype="d">
<title>Check:</title>
<item>
<ptxt>the vacuum hose#@#@#43#valve</ptxt>
</item>
<item>
<ptxt>that the vacuum#@#@#35#where</ptxt>
</item>
<item>
<ptxt>that the vacuum#@#@#57#flow.</ptxt>
<ptxt>Disconnect the #@#@#36#cuum.</ptxt>
</item>
</list1>
</graphtext>
</grate>
</procstep>
<procstep id="KC01134246">
<title>Check the check#@#@#1#valve</title>
<grate>
<graphic id="KC06453998">
<href>0900c8af8005950#@#@#9#.jpeg</href>
</graphic>
<graphtext>
<para>
<ptxt>Check the funct#@#@#18#alve.</ptxt>
</para>
<para>
<ptxt>Start the engine.</ptxt>
</para>
<para>
<ptxt>Remove the chec#@#@#32#ster.</ptxt>
</para>
<para>
<ptxt>Check that ther#@#@#32#lve. </ptxt>
</para>
<para>
<ptxt>Reinstall the c#@#@#6#alve.</ptxt>
</para>
<para>
<ptxt>Press the vacuu#@#@#68#leak.</ptxt>
</para>
<para>
<ptxt>Switch off the #@#@#2#gine.</ptxt>
</para>
<note>
<ptxt>
<emph>Replace a defec#@#@#11#valve</emph>.</ptxt>
</note>
<para>
<title>Check the funct#@#@#30#valve</title>
<ptxt>Depress the bra#@#@#46#avel.</ptxt>
<ptxt>Hold the pedal #@#@#59#fter.</ptxt>
<ptxt>Release the bra#@#@#155#imes.</ptxt>
</para>
</graphtext>
</grate>
</procstep>
</stepgrp>
<stepgrp id="KC01134247">
<title>Replacing the v#@#@#5# hose</title>
<procstep id="KC01134248">
<title>Remove the air #@#@#16#using</title>
<para>
<ptxt>See <xref>
<ref id="KC06453999"/>
</xref>.</ptxt>
</para>
</procstep>
<procstep id="KC01134249">
<title>Remove the chec#@#@#55# hose</title>
<grate>
<graphic id="KC06454000">
<href>0900c8af8005956#@#@#9#.jpeg</href>
</graphic>
<graphtext>
<para>
<ptxt>Pull out the ch#@#@#5#alve.</ptxt>
</para>
<para>
<ptxt>Remove the hose#@#@#21#fold.</ptxt>
<ptxt>Pull the hose f#@#@#75#mber.</ptxt>
</para>
<para>
<ptxt>Replace the par#@#@#26#aged.</ptxt>
</para>
<para>
<ptxt>Transfer the ch#@#@#29#tion.</ptxt>
</para>
</graphtext>
</grate>
</procstep>
<procstep id="KC01134250">
<title>Install the vac#@#@#3# hose</title>
<grate>
<graphic id="KC06454001">
<href>0900c8af8005ba1#@#@#9#.jpeg</href>
</graphic>
<graphtext>
<list1 enumtype="d">
<title>Install:</title>
<item>
<ptxt>the hose with t#@#@#60#lator</ptxt>
</item>
<item>
<ptxt>the check valve#@#@#22#oster</ptxt>
</item>
<item>
<ptxt>the hose to the#@#@#12#fold.</ptxt>
</item>
</list1>
</graphtext>
</grate>
</procstep>
<procstep id="KC01134251">
<title>Install the tor#@#@#2#e rod</title>
<grate>
<graphic id="KC06454002">
<href>0900c8af8005ab2#@#@#11#.jpeg</href>
</graphic>
<graphtext>
<list1 enumtype="d" type="unordered">
<title>Install:</title>
<item>
<ptxt>the torque rod.#@#@#36#n to <emph>50 Nm</emph>
</ptxt>
</item>
<item>
<ptxt>the screw and a#@#@#40#n to <emph>80 Nm</emph>.</ptxt>
</item>
</list1>
</graphtext>
</grate>
</procstep>
<procstep id="KC01134252">
<title>Check the power#@#@#9#oster</title>
<grate>
<graphic id="KC06454003">
<href>0900c8af8005950#@#@#9#.jpeg</href>
</graphic>
<graphtext>
<para>
<ptxt>Check if there #@#@#85#alve.</ptxt>
</para>
<para>
<ptxt>Depress the bra#@#@#46#avel.</ptxt>
<ptxt>Hold the pedal #@#@#59#fter.</ptxt>
<ptxt>Release the bra#@#@#155#imes.</ptxt>
</para>
<para>
<ptxt>Replace the pow#@#@#79#ling.</ptxt>
<ptxt>Replacing the p#@#@#17#r on <emph>left-hand drive</emph> cars. <xref>
<ref id="KC06454004"/>
</xref>.</ptxt>
<ptxt>Replacing on <emph>right-hand</emph> drive cars. <xref>
<ref id="KC06454005"/>
</xref>. </ptxt>
</para>
</graphtext>
</grate>
</procstep>
</stepgrp>
</procedure>
</servinfosub>