<?xml version="1.0" encoding="UTF-8"?><servinfosub IE-ID="en-US0900c8af80cc7204" docno="VCC-150421" id="KC02733566" xml:lang="en-US">
<title>
<phrase category="" id="KC07172740" phrase-urn="urn:x-nevis:phrase:0800c8af81a91016">Diagnostic trou#@#@#30#-4E22</phrase>
</title>
<diagnostic type="condition">
<condgrp>
<condition type="condition">
<grate>
<graphic id="KC07172741">
<href>0900c8af8073107#@#@#9#.jpeg</href>
</graphic>
<graphtext>
<para>
<ptxt>
<phrase category="" id="KC07172742" phrase-urn="urn:x-nevis:phrase:0800c8af81a91017">The central ele#@#@#44#lamp.</phrase>
</ptxt>
<ptxt>
<phrase category="" id="KC07172743" phrase-urn="urn:x-nevis:phrase:0800c8af81a91018">The diagnostic #@#@#100# low.</phrase>
</ptxt>
<ptxt>
<phrase category="" id="KC07172744" phrase-urn="urn:x-nevis:phrase:0800c8af81a91019">The diagnostic #@#@#70#r II.</phrase>
</ptxt>
</para>
</graphtext>
</grate>
</condition>
</condgrp>
<condgrp>
<condition type="substitution">
<list1 enumtype="d">
<item>
<ptxt>
<phrase category="" id="KC07172745" phrase-urn="urn:x-nevis:phrase:0800c8af81a9101a">None.</phrase>
</ptxt>
</item>
</list1>
</condition>
<ps>
<list1 enumtype="d" type="unordered">
<item>
<ptxt>
<phrase category="" id="KC07172746" phrase-urn="urn:x-nevis:phrase:0800c8af81a9101b">Short-circuit t#@#@#24#able.</phrase>
</ptxt>
</item>
</list1>
</ps>
</condgrp>
<condgrp>
<condition type="symptom">
<list1 enumtype="d" type="unordered">
<item>
<ptxt>
<phrase category="" id="KC07172747" phrase-urn="urn:x-nevis:phrase:0800c8af81a9101c">The PAD (passen#@#@#39#light</phrase>
</ptxt>
</item>
<item>
<ptxt>
<phrase category="" id="KC07172748" phrase-urn="urn:x-nevis:phrase:0800c8af81a9101d">The SRS indicat#@#@#10# lit.</phrase>
</ptxt>
</item>
</list1>
</condition>
</condgrp>
</diagnostic>
</servinfosub>