<?xml version="1.0" encoding="UTF-8"?><servinfosub IE-ID="en-US0900c8af8240e305" docno="VCC-167762" id="KC09048371" servinfosubId="nev20685122n1-nev20685122n2" servinfosubRes="0900c8af862c1b7c" servinfosubRes2="urn:x-nevis:fragment:0900c8af8240e305:0900c8af862c1b7c#nev20685122n2" xml:lang="en-US">
<title id="nev10641227n1">Description of #@#@#41#ystem</title>
<procedure id="nev20685122n1-nev10641227n3">
<procstep id="nev20685122n1-KC09056333">
<title id="nev20685122n1-nev10641227n5">Leakage diagnos#@#@#13#p (A)</title>
<para id="nev20685122n1-nev10641227n7">
<ptxt id="nev20685122n1-nev10641227n9">Graphic display#@#@#50#input</ptxt>
<ptxt id="nev20685122n1-nev10641227n11">Measurement ran#@#@#7#0 mA.</ptxt>
<ptxt id="nev20685122n1-nev10641227n13">Engine control #@#@#75#unit.</ptxt>
<ptxt id="nev20685122n1-nev10641227n15">The value varie#@#@#90#tion.</ptxt>
</para>
</procstep>
<procstep id="nev20685122n1-KC09056334">
<title id="nev20685122n1-nev10641227n17">Battery voltage (V)</title>
<para id="nev20685122n1-nev10641227n19">
<ptxt id="nev20685122n1-nev10641227n21">Measurement ran#@#@#8#95 V.</ptxt>
<ptxt id="nev20685122n1-nev10641227n23">The value indic#@#@#69#ECM).</ptxt>
<ptxt id="nev20685122n1-nev10641227n25">The voltage may#@#@#57#rmed.</ptxt>
</para>
</procstep>
<procstep id="nev20685122n1-KC09056335">
<title id="nev20685122n1-nev10641227n27">Leakage diagnos#@#@#5#tatus</title>
<list1 enumtype="d" id="nev20685122n1-nev10641227n29" type="unordered">
<item id="nev20685122n1-nev10641227n31">
<ptxt id="nev20685122n1-nev10641227n33">Implemented = E#@#@#101#stem.</ptxt>
</item>
<item id="nev20685122n1-nev10641227n35">
<ptxt id="nev20685122n1-nev10641227n37">Aborted = Leaka#@#@#109#cked.</ptxt>
</item>
<item id="nev20685122n1-nev10641227n39">
<ptxt id="nev20685122n1-nev10641227n41">Blocked = Leaka#@#@#160#lled.</ptxt>
</item>
</list1>
</procstep>
<procstep id="nev20685122n1-KC09056336">
<title id="nev20685122n1-nev10641227n43">Leakage diagnos#@#@#9#phase</title>
<para id="nev20685122n1-nev10641227n45">
<ptxt id="nev20685122n1-nev10641227n47">To enable start#@#@#64#gress</ptxt>
<ptxt id="nev20685122n1-nev10641227n49">The parameter s#@#@#27#t is.</ptxt>
</para>
<list1 enumtype="d" id="nev20685122n1-nev10641227n51" type="unordered">
<item id="nev20685122n1-nev10641227n53">
<ptxt id="nev20685122n1-nev10641227n55">Reference = Ref#@#@#88#ress.</ptxt>
</item>
<item id="nev20685122n1-nev10641227n57">
<ptxt id="nev20685122n1-nev10641227n59">Major leak = Le#@#@#38#ress.</ptxt>
</item>
<item id="nev20685122n1-nev10641227n61">
<ptxt id="nev20685122n1-nev10641227n63">Minor leak = Le#@#@#39#ess. </ptxt>
</item>
<item id="nev20685122n1-nev10641227n65">
<ptxt id="nev20685122n1-nev10641227n67">Not in progress#@#@#35#ess. </ptxt>
</item>
</list1>
</procstep>
<procstep id="nev20685122n1-KC09056337">
<title id="nev20685122n1-nev10641227n69">Leakage diagnos#@#@#12#esult</title>
<para id="nev20685122n1-nev10641227n71">
<ptxt id="nev20685122n1-nev10641227n73">The parameter s#@#@#55#nit. </ptxt>
</para>
<list1 enumtype="d" id="nev20685122n1-nev10641227n75" type="unordered">
<item id="nev20685122n1-nev10641227n77">
<ptxt id="nev20685122n1-nev10641227n79">No malfunction #@#@#63#CM). </ptxt>
</item>
<item id="nev20685122n1-nev10641227n81">
<ptxt id="nev20685122n1-nev10641227n83">Malfunction fou#@#@#80#ECM).</ptxt>
</item>
<item id="nev20685122n1-nev10641227n85">
<ptxt id="nev20685122n1-nev10641227n87">Unknown = No ch#@#@#53#nown.</ptxt>
</item>
</list1>
</procstep>
<procstep id="nev20685122n1-KC09056338">
<title id="nev20685122n1-nev10641227n89">Tank system, result</title>
<para id="nev20685122n1-nev10641227n91">
<ptxt id="nev20685122n1-nev10641227n93">The parameter s#@#@#136#eak".</ptxt>
</para>
<list1 enumtype="d" id="nev20685122n1-nev10641227n95" type="unordered">
<item id="nev20685122n1-nev10641227n97">
<ptxt id="nev20685122n1-nev10641227n99">No malfunction #@#@#54#ECM).</ptxt>
</item>
<item id="nev20685122n1-nev10641227n101">
<ptxt id="nev20685122n1-nev10641227n103">Malfunction fou#@#@#79#ECM).</ptxt>
</item>
<item id="nev20685122n1-nev10641227n105">
<ptxt id="nev20685122n1-nev10641227n107">Malfunction fou#@#@#101#CM). </ptxt>
</item>
<item id="nev20685122n1-nev10641227n109">
<ptxt id="nev20685122n1-nev10641227n111">Unknown = No ch#@#@#44#nown.</ptxt>
</item>
</list1>
</procstep>
</procedure>
</servinfosub>