<?xml version="1.0" encoding="UTF-8"?><servinfosub IE-ID="en-US0900c8af84673305" docno="VCC-370662" id="nev14002597n1" original="sv-SE" servinfosubId="nev14002598n1-nev14002597n4" servinfosubRes="0900c8af8467336e" servinfosubRes2="urn:x-nevis:fragment:0900c8af84673305:0900c8af8467336e#nev14002597n4" xml:lang="en-US">
<title id="nev14002597n2">Transfer Case C#@#@#11#leeve</title>
<procedure id="nev14002598n1-nev14002508n9">
<stepgrp boilerplate="false" context="" id="nev14002598n1-nev14002508n29">
<title id="nev14002598n1-nev14002508n8">Removal and Ins#@#@#4#ation</title>
<procstep id="nev14002598n1-nev14002508n20">
<para id="nev14002598n1-nev14002508n3">
<ptxt id="nev14002598n1-nev14002508n5">Remove seal rin#@#@#15#leeve<xref boilerplate="true" id="nev14002598n1-nev14002508n6">
<ref id="nev14002598n1-nev14002508n4"/>
</xref>
</ptxt>
</para>
</procstep>
</stepgrp>
</procedure>
</servinfosub>