<?xml version="1.0" encoding="UTF-8"?><servinfosub IE-ID="en-US0900c8af82c39305" docno="VCC-097663" id="KC09693810" xml:lang="en-US">
<title>Group 26 Coolin#@#@#3#ystem</title>
<table frame="none" pgwide="1">
<tgroup cols="1" colsep="1" rowsep="0">
<colspec colwidth="396*"/>
<thead>
<row>
<entry align="left" valign="top">
<ptxt>General</ptxt>
</entry>
</row>
</thead>
<tbody>
<row>
<entry align="left" valign="top">
<ptxt>Never top up wi#@#@#29#inal <emph>green coolant</emph> (see table bel#@#@#18#with <emph>
clean water</emph>. This mixture #@#@#31#zing.</ptxt>
</entry>
</row>
<row>
<entry align="left" valign="top">
<ptxt>The coolant doe#@#@#169#dirt.</ptxt>
</entry>
</row>
<row>
<entry align="left" valign="top">
<ptxt>Clean the cooli#@#@#29#ant. </ptxt>
<ptxt>Use cleaning ag#@#@#20# 328.</ptxt>
</entry>
</row>
</tbody>
</tgroup>
</table>
<table frame="all" pgwide="1">
<tgroup cols="2" colsep="1" rowsep="0">
<colspec colwidth="296*"/>
<colspec colwidth="100*"/>
<thead>
<row rowsep="1">
<entry align="left" valign="top">
<ptxt>Green coolant:</ptxt>
</entry>
<entry align="center" valign="top">
<ptxt>Volvo P/N</ptxt>
</entry>
</row>
</thead>
<tbody>
<row>
<entry align="left" valign="top">
<ptxt>1 litres (0.264#@#@#26#kets <dotfill/>
</ptxt>
</entry>
<entry align="center" valign="top">
<ptxt>13 81 076</ptxt>
</entry>
</row>
<row>
<entry align="left" valign="top">
<ptxt>5 litres (1.32 #@#@#25#kets <dotfill/>
</ptxt>
</entry>
<entry align="center" valign="top">
<ptxt>13 81 077</ptxt>
</entry>
</row>
<row>
<entry align="left" valign="top">
<ptxt>1 litres (0.264#@#@#34#orld <dotfill/>
</ptxt>
</entry>
<entry align="center" valign="top">
<ptxt>13 81 078</ptxt>
</entry>
</row>
<row>
<entry align="left" valign="top">
<ptxt>5 litres (1.32 #@#@#33#orld <dotfill/>
</ptxt>
</entry>
<entry align="center" valign="top">
<ptxt>13 81 079</ptxt>
</entry>
</row>
<row>
<entry align="left" valign="top">
<ptxt>210 litres (55.#@#@#17#wide <dotfill/>
</ptxt>
</entry>
<entry align="center" valign="top">
<ptxt>13 81 080</ptxt>
</entry>
</row>
<row>
<entry align="left" valign="top">
<ptxt>1 gallon (3.785#@#@#9# USA <dotfill/>
</ptxt>
</entry>
<entry align="center" valign="top">
<ptxt>13 81 081</ptxt>
</entry>
</row>
<row>
<entry align="left" valign="top">
<ptxt>5 litres (1.32 #@#@#33#alia <dotfill/>
</ptxt>
</entry>
<entry align="center" valign="top">
<ptxt>13 81 082</ptxt>
</entry>
</row>
</tbody>
</tgroup>
</table>
<table frame="all" pgwide="1">
<tgroup align="left" charoff="50" cols="7" colsep="1" rowsep="1">
<colspec charoff="50" colname="col1" colwidth="74*"/>
<colspec charoff="50" colname="col2" colwidth="39*"/>
<colspec charoff="50" colname="col3" colwidth="53*"/>
<colspec charoff="50" colname="col4" colwidth="53*"/>
<colspec charoff="50" colname="col5" colwidth="60*"/>
<colspec charoff="50" colname="col6" colwidth="58*"/>
<colspec charoff="50" colname="col7" colwidth="59*"/>
<thead valign="bottom">
<row>
<entry align="left" morerows="1" rotate="0" valign="top">
<ptxt>Engine type:
</ptxt>
</entry>
<entry align="center" morerows="1" rotate="0" valign="top">
<ptxt>Volume</ptxt>
<ptxt>litres</ptxt>
</entry>
<entry align="center" nameend="col4" namest="col3" rotate="0" valign="top">
<ptxt>Expansion tank</ptxt>
<ptxt>pressure valve #@#@#4#s at:</ptxt>
</entry>
<entry align="center" nameend="col7" namest="col5" rotate="0" valign="top">
<ptxt>Thermostat</ptxt>
<ptxt>°C (°F)</ptxt>
</entry>
</row>
<row>
<entry align="center" rotate="0" valign="top">
<ptxt>Over pressure</ptxt>
<ptxt>kPa</ptxt>
</entry>
<entry align="center" rotate="0" valign="top">
<ptxt>Negative pressure</ptxt>
<ptxt>kPa</ptxt>
</entry>
<entry align="center" rotate="0" valign="top">
<ptxt>Marking</ptxt>
</entry>
<entry align="center" rotate="0" valign="top">
<ptxt>Starts to</ptxt>
<ptxt>open</ptxt>
</entry>
<entry align="center" rotate="0" valign="top">
<ptxt>Fully</ptxt>
<ptxt>open</ptxt>
</entry>
</row>
</thead>
<tbody valign="top">
<row>
<entry align="left" rotate="0" valign="top">
<ptxt>B 5204 T3/T4</ptxt>
<ptxt>B 5234 T3</ptxt>
<ptxt>B 5254 S</ptxt>
</entry>
<entry align="center" rotate="0" valign="middle">
<ptxt>7.0 (7.4 qt)</ptxt>
</entry>
<entry align="center" rotate="0" valign="middle">
<ptxt>150 (22 psi)</ptxt>
</entry>
<entry align="center" rotate="0" valign="middle">
<ptxt>7 (1 psi)</ptxt>
</entry>
<entry align="center" rotate="0" valign="middle">
<ptxt>87 (189)</ptxt>
</entry>
<entry align="center" rotate="0" valign="middle">
<ptxt>87 (189)</ptxt>
</entry>
<entry align="center" rotate="0" valign="middle">
<ptxt>102 (216)</ptxt>
</entry>
</row>
<row>
<entry align="left" rotate="0" valign="top">
<ptxt>B 5254 T</ptxt>
</entry>
<entry align="center" rotate="0" valign="top">
<ptxt>7.2 (7.6 qt)</ptxt>
</entry>
<entry align="center" rotate="0" valign="top">
<ptxt>150 (22 psi)</ptxt>
</entry>
<entry align="center" rotate="0" valign="top">
<ptxt>7 (1 psi)</ptxt>
</entry>
<entry align="center" rotate="0" valign="top">
<ptxt>90 (194)</ptxt>
</entry>
<entry align="center" rotate="0" valign="top">
<ptxt>90 (194)</ptxt>
</entry>
<entry align="center" rotate="0" valign="top">
<ptxt>105 (220)</ptxt>
</entry>
</row>
</tbody>
</tgroup>
</table>
</servinfosub>