<?xml version="1.0" encoding="UTF-8"?><servinfosub IE-ID="en-US0900c8af87f55305" docno="VCC-371341" id="nev13719401n1" original="sv-SE" servinfosubId="nev13719402n1-nev29054361n1" servinfosubRes="0900c8af87f5acfd" servinfosubRes2="urn:x-nevis:fragment:0900c8af87f55305:0900c8af87f5acfd#nev29054361n1" xml:lang="en-US">
<operationnumbers>
<operationnumber>89106-2</operationnumber>
</operationnumbers>
<title id="nev13719400n55">Luggage Compart#@#@#11#oiler</title>
<toolitemtable id="nev13719402n1-nev29077378n66">
<table id="nev13719402n1-nev29077378n65">
<tgroup cols="2" id="nev13719402n1-nev29077378n64">
<colspec colname="COLSPEC0" colwidth="1.00*" id="nev13719402n1-nev29077378n63"/>
<colspec colname="COLSPEC1" colwidth="1.00*" id="nev13719402n1-nev29077378n62"/>
<thead id="nev13719402n1-nev29077378n61">
<row id="nev13719402n1-nev29077378n60">
<entry id="nev13719402n1-nev29077378n59" nameend="COLSPEC1" namest="COLSPEC0" valign="top">
<ptxt id="nev13719402n1-nev29077378n58">
<emph id="nev13719402n1-nev29077378n57">Special tools</emph>
</ptxt>
</entry>
</row>
</thead>
<tbody id="nev13719402n1-nev29077378n56">
<row id="nev13719402n1-nev29077378n55">
<entry id="nev13719402n1-nev29077378n54">
<graphic id="nev13719402n1-nev29077378n53">
<href>0900c8af8044534#@#@#9#.jpeg</href>
</graphic>
</entry>
<entry id="nev13719402n1-nev29077378n52">
<ptxt id="nev13719402n1-nev29077378n51">
<emph id="nev13719402n1-nev29077378n50">951 2925 Rollou#@#@#22#oval)</emph>
</ptxt>
<ptxt id="nev13719402n1-nev29077378n48">
<emph id="nev13719402n1-nev29077378n47">Tool number:</emph>951 2925</ptxt>
<ptxt id="nev13719402n1-nev29077378n46">
<emph id="nev13719402n1-nev29077378n45">Tool description:</emph>Rollout 2000 (F#@#@#13#oval)</ptxt>
<ptxt id="nev13719402n1-nev29077378n43">
<emph id="nev13719402n1-nev29077378n42">Tool boards:</emph>80</ptxt>
</entry>
</row>
<row id="nev13719402n1-nev29077378n41">
<entry id="nev13719402n1-nev29077378n40">
<graphic id="nev13719402n1-nev29077378n39">
<href>0900c8af804452e#@#@#9#.jpeg</href>
</graphic>
</entry>
<entry id="nev13719402n1-nev29077378n38">
<ptxt id="nev13719402n1-nev29077378n37">
<emph id="nev13719402n1-nev29077378n36">951 2942 Circle</emph>
</ptxt>
<ptxt id="nev13719402n1-nev29077378n34">
<emph id="nev13719402n1-nev29077378n33">Tool number:</emph>951 2942</ptxt>
<ptxt id="nev13719402n1-nev29077378n32">
<emph id="nev13719402n1-nev29077378n31">Tool description:</emph>Circle</ptxt>
<ptxt id="nev13719402n1-nev29077378n29">
<emph id="nev13719402n1-nev29077378n28">Tool boards:</emph>80</ptxt>
</entry>
</row>
<row id="nev13719402n1-nev29077378n27">
<entry id="nev13719402n1-nev29077378n26">
<graphic id="nev13719402n1-nev29077378n25">
<href>0900c8af83b0dad#@#@#9#.jpeg</href>
</graphic>
</entry>
<entry id="nev13719402n1-nev29077378n24">
<ptxt id="nev13719402n1-nev29077378n23">
<emph id="nev13719402n1-nev29077378n22">981 4022 Oven 2#@#@#4#SHUKO</emph>
</ptxt>
<ptxt id="nev13719402n1-nev29077378n20">
<emph id="nev13719402n1-nev29077378n19">Tool number:</emph>981 4022</ptxt>
<ptxt id="nev13719402n1-nev29077378n18">
<emph id="nev13719402n1-nev29077378n17">Tool description:</emph>Oven 220V SHUKO</ptxt>
<ptxt id="nev13719402n1-nev29077378n15">
<emph id="nev13719402n1-nev29077378n14">Tool boards:</emph>US99</ptxt>
</entry>
</row>
<row id="nev13719402n1-nev29077378n13">
<entry id="nev13719402n1-nev29077378n12">
<graphic id="nev13719402n1-nev29077378n11">
<href>0900c8af83b1781#@#@#9#.jpeg</href>
</graphic>
</entry>
<entry id="nev13719402n1-nev29077378n10">
<ptxt id="nev13719402n1-nev29077378n9">
<emph id="nev13719402n1-nev29077378n8">981 4023 Oven 2#@#@#1#0V UK</emph>
</ptxt>
<ptxt id="nev13719402n1-nev29077378n6">
<emph id="nev13719402n1-nev29077378n5">Tool number:</emph>981 4023</ptxt>
<ptxt id="nev13719402n1-nev29077378n4">
<emph id="nev13719402n1-nev29077378n3">Tool description:</emph>Oven 220V UK</ptxt>
<ptxt id="nev13719402n1-nev29077378n1">
<emph id="nev13719402n1-nev29077379n100">Tool boards:</emph>US99</ptxt>
</entry>
</row>
<row id="nev13719402n1-nev29077379n99">
<entry id="nev13719402n1-nev29077379n98">
<graphic id="nev13719402n1-nev29077379n97">
<href>0900c8af83b1781#@#@#9#.jpeg</href>
</graphic>
</entry>
<entry id="nev13719402n1-nev29077379n96">
<ptxt id="nev13719402n1-nev29077379n95">
<emph id="nev13719402n1-nev29077379n94">981 4024 Oven 1#@#@#1#0V US</emph>
</ptxt>
<ptxt id="nev13719402n1-nev29077379n92">
<emph id="nev13719402n1-nev29077379n91">Tool number:</emph>981 4024</ptxt>
<ptxt id="nev13719402n1-nev29077379n90">
<emph id="nev13719402n1-nev29077379n89">Tool description:</emph>Oven 110V US</ptxt>
<ptxt id="nev13719402n1-nev29077379n87">
<emph id="nev13719402n1-nev29077379n86">Tool boards:</emph>US99</ptxt>
</entry>
</row>
<row id="nev13719402n1-nev29077379n85">
<entry id="nev13719402n1-nev29077379n84">
<graphic id="nev13719402n1-nev29077379n83">
<href>0900c8af83b0dab#@#@#9#.jpeg</href>
</graphic>
</entry>
<entry id="nev13719402n1-nev29077379n82">
<ptxt id="nev13719402n1-nev29077379n81">
<emph id="nev13719402n1-nev29077379n80">981 4019 Glue g#@#@#8#SHUKO</emph>
</ptxt>
<ptxt id="nev13719402n1-nev29077379n78">
<emph id="nev13719402n1-nev29077379n77">Tool number:</emph>981 4019</ptxt>
<ptxt id="nev13719402n1-nev29077379n76">
<emph id="nev13719402n1-nev29077379n75">Tool description:</emph>Glue gun 220V SHUKO</ptxt>
<ptxt id="nev13719402n1-nev29077379n73">
<emph id="nev13719402n1-nev29077379n72">Tool boards:</emph>US99</ptxt>
</entry>
</row>
<row id="nev13719402n1-nev29077379n71">
<entry id="nev13719402n1-nev29077379n70">
<graphic id="nev13719402n1-nev29077379n69">
<href>0900c8af83b1780#@#@#9#.jpeg</href>
</graphic>
</entry>
<entry id="nev13719402n1-nev29077379n68">
<ptxt id="nev13719402n1-nev29077379n67">
<emph id="nev13719402n1-nev29077379n66">981 4020 Glue g#@#@#5#0V UK</emph>
</ptxt>
<ptxt id="nev13719402n1-nev29077379n64">
<emph id="nev13719402n1-nev29077379n63">Tool number:</emph>981 4020</ptxt>
<ptxt id="nev13719402n1-nev29077379n62">
<emph id="nev13719402n1-nev29077379n61">Tool description:</emph>Glue gun 220V UK</ptxt>
<ptxt id="nev13719402n1-nev29077379n59">
<emph id="nev13719402n1-nev29077379n58">Tool boards:</emph>US99</ptxt>
</entry>
</row>
<row id="nev13719402n1-nev29077379n57">
<entry id="nev13719402n1-nev29077379n56">
<graphic id="nev13719402n1-nev29077379n55">
<href>0900c8af83b1781#@#@#9#.jpeg</href>
</graphic>
</entry>
<entry id="nev13719402n1-nev29077379n54">
<ptxt id="nev13719402n1-nev29077379n53">
<emph id="nev13719402n1-nev29077379n52">981 4021 Glue g#@#@#5#0V US</emph>
</ptxt>
<ptxt id="nev13719402n1-nev29077379n50">
<emph id="nev13719402n1-nev29077379n49">Tool number:</emph>981 4021</ptxt>
<ptxt id="nev13719402n1-nev29077379n48">
<emph id="nev13719402n1-nev29077379n47">Tool description:</emph>Glue gun 110V US</ptxt>
<ptxt id="nev13719402n1-nev29077379n45">
<emph id="nev13719402n1-nev29077379n44">Tool boards:</emph>US99</ptxt>
</entry>
</row>
</tbody>
</tgroup>
</table>
</toolitemtable>
<materialtable id="nev13719402n1-nev29077379n43">
<table id="nev13719402n1-nev29077379n42">
<tgroup cols="2" id="nev13719402n1-nev29077379n41">
<colspec colname="COLSPEC0" colwidth="1.00*" id="nev13719402n1-nev29077379n40"/>
<colspec colname="COLSPEC1" colwidth="1.00*" id="nev13719402n1-nev29077379n39"/>
<thead id="nev13719402n1-nev29077379n38">
<row id="nev13719402n1-nev29077379n37">
<entry id="nev13719402n1-nev29077379n36" nameend="COLSPEC1" namest="COLSPEC0" valign="top">
<ptxt id="nev13719402n1-nev29077379n35">
<emph id="nev13719402n1-nev29077379n34">Materials</emph>
</ptxt>
</entry>
</row>
</thead>
<tbody id="nev13719402n1-nev29077379n33">
<row id="nev13719402n1-nev29077379n32">
<entry id="nev13719402n1-nev29077379n31">
<ptxt id="nev13719402n1-nev29077379n30">
<emph id="nev13719402n1-nev29077379n29">Designation</emph>
</ptxt>
</entry>
<entry id="nev13719402n1-nev29077379n28">
<ptxt id="nev13719402n1-nev29077379n27">
<emph id="nev13719402n1-nev29077379n26">Part number</emph>
</ptxt>
</entry>
</row>
<row id="nev13719402n1-nev29077379n25">
<entry id="nev13719402n1-nev29077379n24">
<ptxt id="nev13719402n1-nev29077379n23">Adhesive kit</ptxt>
</entry>
<entry id="nev13719402n1-nev29077379n21">
<ptxt id="nev13719402n1-nev29077379n20">31299177</ptxt>
</entry>
</row>
</tbody>
</tgroup>
</table>
</materialtable>
<procedure id="nev13719402n1-nev29054380n7">
<stepgrp boilerplate="false" context="" id="nev13719402n1-nev29076322n10">
<title id="nev13719402n1-0800c8af844a46f6">Removal</title>
<procstep id="nev13719402n1-nev29054380n10">
<para id="nev13719402n1-nev29076322n8">
<ptxt id="nev13719402n1-nev29076322n9">Follow the inst#@#@#56# tape<xref boilerplate="true" id="nev13719402n1-0800c8af84534c57">
<ref id="nev13719402n1-nev29054381n5"/>
</xref>
</ptxt>
</para>
</procstep>
<procstep id="nev13719402n1-nev29053152n32">
<grate id="nev13719402n1-nev29076322n6">
<graphic id="nev13719402n1-nev29076322n7">
<href>0900c8af87f555c#@#@#9#.jpeg</href>
</graphic>
<graphtext id="nev13719402n1-nev29077410n1">
<para id="nev13719402n1-nev29076322n4">
<ptxt id="nev13719402n1-nev29076322n5">The graphic sho#@#@#24#nent.</ptxt>
</para>
</graphtext>
</grate>
</procstep>
<procstep id="nev13719402n1-nev29053152n27">
<grate id="nev13719402n1-nev29076322n2">
<graphic id="nev13719402n1-nev29076322n3">
<href>0900c8af87f5563#@#@#9#.jpeg</href>
</graphic>
<graphtext id="nev13719402n1-nev29077414n1">
<caution id="nev13719402n1-0800c8af85164f95">
<ptxt>Make sure not t#@#@#21#aces.</ptxt>
</caution>
<para id="nev13719402n1-nev29077378n100">
<ptxt id="nev13719402n1-nev29076322n1">Remove the mark#@#@#3#part.</ptxt>
</para>
</graphtext>
</grate>
</procstep>
<procstep id="nev13719402n1-nev29054381n6">
<grate id="nev13719402n1-nev29077378n98">
<graphic id="nev13719402n1-nev29077378n99">
<href>0900c8af86e989b#@#@#9#.jpeg</href>
</graphic>
<graphtext id="nev13719402n1-nev29077418n1">
<caution id="nev13719402n1-0800c8af85fa6ab4">
<ptxt>Make sure to pr#@#@#33#ents.</ptxt>
</caution>
<para id="nev13719402n1-nev29077378n96">
<ptxt id="nev13719402n1-nev29077378n97">
<toolitem boilerplate="true" id="nev13719402n1-nev29054382n4" imageid="0900c8af80445346"/>
</ptxt>
</para>
</graphtext>
</grate>
</procstep>
<procstep id="nev13719402n1-nev29054382n5">
<grate id="nev13719402n1-nev29077378n94">
<graphic id="nev13719402n1-nev29077378n95">
<href>0900c8af86ea2bc#@#@#9#.jpeg</href>
</graphic>
<graphtext id="nev13719402n1-nev29077425n1">
<para id="nev13719402n1-nev29077378n92">
<ptxt id="nev13719402n1-nev29077378n93">Remove the tape.</ptxt>
</para>
<para id="nev13719402n1-nev29077378n90">
<ptxt id="nev13719402n1-nev29077378n91">
<toolitem boilerplate="true" id="nev13719402n1-nev29054383n4" imageid="0900c8af804452e7"/>
</ptxt>
</para>
</graphtext>
</grate>
</procstep>
</stepgrp>
<stepgrp boilerplate="false" context="" id="nev13719402n1-nev29077378n89">
<title id="nev13719402n1-0800c8af844a46f9">Installation</title>
<procstep id="nev13719402n1-nev29054383n7">
<grate id="nev13719402n1-nev29077378n87">
<graphic id="nev13719402n1-nev29077378n88">
<href>0900c8af86f1c4f#@#@#9#.jpeg</href>
</graphic>
<graphtext id="nev13719402n1-nev29077432n1">
<para id="nev13719402n1-nev29077378n85">
<ptxt id="nev13719402n1-nev29077378n86">Clean the marke#@#@#2#area.</ptxt>
</para>
</graphtext>
</grate>
</procstep>
<procstep id="nev13719402n1-nev29054384n4">
<grate id="nev13719402n1-nev29077378n83">
<graphic id="nev13719402n1-nev29077378n84">
<href>0900c8af86ef6ac#@#@#9#.jpeg</href>
</graphic>
<graphtext id="nev13719402n1-nev29077436n1">
<caution id="nev13719402n1-0800c8af851650a8">
<ptxt>Cut carefully t#@#@#43#jury.</ptxt>
</caution>
<para id="nev13719402n1-nev29077378n81">
<ptxt id="nev13719402n1-nev29077378n82">
<toolitem boilerplate="true" id="nev13719402n1-nev29054385n2" imageid="0900c8af83b0dad2"/>
<toolitem boilerplate="false" id="nev13719402n1-nev29054385n3" imageid="0900c8af83b17816"/>
<toolitem boilerplate="false" id="nev13719402n1-nev29054385n4" imageid="0900c8af83b17819"/>
<toolitem boilerplate="false" id="nev13719402n1-nev29054385n5" imageid="0900c8af83b0dab7"/>
<toolitem boilerplate="false" id="nev13719402n1-nev29054385n6" imageid="0900c8af83b1780a"/>
<toolitem boilerplate="false" id="nev13719402n1-nev29054385n7" imageid="0900c8af83b17811"/>
</ptxt>
</para>
</graphtext>
</grate>
</procstep>
<procstep id="nev13719402n1-nev29054385n8">
<grate id="nev13719402n1-nev29077378n79">
<graphic id="nev13719402n1-nev29077378n80">
<href>0900c8af86ef689#@#@#9#.jpeg</href>
</graphic>
<graphtext id="nev13719402n1-nev29077458n1">
<para id="nev13719402n1-nev29077378n77">
<ptxt id="nev13719402n1-nev29077378n78">
<material id="nev13719402n1-nev29054386n4" materialid="31299177" materialname="Adhesive kit" quantity="1.0" showInProcStep="true"/>
</ptxt>
</para>
</graphtext>
</grate>
</procstep>
<procstep id="nev13719402n1-nev29054386n5">
<grate id="nev13719402n1-nev29077378n75">
<graphic id="nev13719402n1-nev29077378n76">
<href>0900c8af84a1a70#@#@#9#.jpeg</href>
</graphic>
</grate>
</procstep>
<procstep id="nev13719402n1-nev29054386n8">
<grate id="nev13719402n1-nev29077378n73">
<graphic id="nev13719402n1-nev29077378n74">
<href>0900c8af86f1c68#@#@#9#.jpeg</href>
</graphic>
<graphtext id="nev13719402n1-nev29077468n1">
<para id="nev13719402n1-nev29077378n71">
<ptxt id="nev13719402n1-nev29077378n72">Install the mar#@#@#9#nent.</ptxt>
</para>
</graphtext>
</grate>
</procstep>
<procstep id="nev13719402n1-nev29054387n5">
<grate id="nev13719402n1-nev29077378n69">
<graphic id="nev13719402n1-nev29077378n70">
<href>0900c8af86f3b43#@#@#9#.jpeg</href>
</graphic>
<graphtext id="nev13719402n1-nev29077472n1">
<note id="nev13719402n1-0800c8af850588af">
<ptxt>Ensure that the#@#@#25#face.</ptxt>
</note>
</graphtext>
</grate>
</procstep>
<procstep id="nev13719402n1-nev29054388n1">
<grate id="nev13719402n1-nev29077378n67">
<graphic id="nev13719402n1-nev29077378n68">
<href>0900c8af8456c60#@#@#9#.jpeg</href>
</graphic>
<graphtext id="nev13719402n1-nev29077476n1">
<warning id="nev13719402n1-0800c8af84579151">
<ptxt>Wait for the sp#@#@#59# car.</ptxt>
</warning>
</graphtext>
</grate>
</procstep>
</stepgrp>
</procedure>
</servinfosub>