<?xml version="1.0" encoding="UTF-8"?><script xmlns:nevis="http://www.volvocars.com/namespaces/processing" xmlns:xlink="http://www.w3.org/1999/xlink" IE-ID="en-US0900c8af85708305" docno="VCC-441272" id="nev17456730n1" nevis:expl-profile="mdl525yr2013, mdl526yr2013, mdl124yr2013, mdl144yr2013, mdl135yr2013, mdl136yr2013, mdl134yr2013, mdl155yr2013, mdl156yr2013, mdl124yr2014, mdl144yr2014, mdl135yr2014, mdl136yr2014, mdl134yr2014, mdl138yr2014, mdl155yr2014, mdl156yr2014, mdl525yr2014, mdl526yr2014, mdl526yr2015, mdl124yr2015, mdl135yr2015, mdl136yr2015, mdl134yr2015, mdl155yr2015, mdl156yr2015, mdl525yr2015, mdl138yr2015, mdl134yr2016, mdl155yr2016, mdl156yr2016, mdl157yr2015, mdl124yr2016, mdl135yr2016, mdl136yr2016, mdl138yr2016, mdl157yr2016, mdl525yr2016, mdl526yr2016, mdl144yr2015, mdl137yr2016" nevis:profile="urn:x-nevis:profile:0b00c8af85025cbc urn:x-nevis:profile:0b00c8af85025cc4 urn:x-nevis:profile:0b00c8af8520c3a1 urn:x-nevis:profile:0b00c8af8520c3a2 urn:x-nevis:profile:0b00c8af8520c3a3 urn:x-nevis:profile:0b00c8af8520c3a4 urn:x-nevis:profile:0b00c8af8520c3a5 urn:x-nevis:profile:0b00c8af8520c3a6 urn:x-nevis:profile:0b00c8af8520c3a7 urn:x-nevis:profile:0b00c8af856303ec urn:x-nevis:profile:0b00c8af85632e61 urn:x-nevis:profile:0b00c8af85632eb6 urn:x-nevis:profile:0b00c8af85633292 urn:x-nevis:profile:0b00c8af856337af urn:x-nevis:profile:0b00c8af85633c05 urn:x-nevis:profile:0b00c8af85633da2 urn:x-nevis:profile:0b00c8af8569a13e urn:x-nevis:profile:0b00c8af8569a64b urn:x-nevis:profile:0b00c8af8569a80c urn:x-nevis:profile:0b00c8af861bd2c7 urn:x-nevis:profile:0b00c8af8620f7a0 urn:x-nevis:profile:0b00c8af862154cd urn:x-nevis:profile:0b00c8af8621ada3 urn:x-nevis:profile:0b00c8af8621e88c urn:x-nevis:profile:0b00c8af86223698 urn:x-nevis:profile:0b00c8af86229467 urn:x-nevis:profile:0b00c8af862296a5 urn:x-nevis:profile:0b00c8af8633603b urn:x-nevis:profile:0b00c8af863f4c3a urn:x-nevis:profile:0b00c8af863ffa7b urn:x-nevis:profile:0b00c8af864b2bae urn:x-nevis:profile:0b00c8af86552501 urn:x-nevis:profile:0b00c8af8656e7d2 urn:x-nevis:profile:0b00c8af8656e95f urn:x-nevis:profile:0b00c8af8656ed6f urn:x-nevis:profile:0b00c8af86576304 urn:x-nevis:profile:0b00c8af8657680f urn:x-nevis:profile:0b00c8af86576caa urn:x-nevis:profile:0b00c8af86576f47 urn:x-nevis:profile:0b00c8af868ec1a4 urn:x-nevis:profile:0b00c8af86b49077" nevis:projectdocument="urn:x-nevis:projectdocument:0800c8af85708304" nevis:resource="0900c8af858d450d" nevis:resource2="urn:x-nevis:fragment:0900c8af85708305:0900c8af858d450d#nev17456730n1" nevis:session-id="" qualifierinfotype="14:00" type="" xml:lang="en-US"><title><phrase category="Title" id="nev17456730n2" phrase-urn="urn:x-nevis:phrase:0800c8af84672e8a">Activating heat#@#@#8#, FSM</phrase></title><content gui="1" height="330" id="nev17456730n3-nev17456714n1" nevis:expl-profile="mdl525yr2013, mdl526yr2013, mdl124yr2013, mdl144yr2013, mdl135yr2013, mdl136yr2013, mdl134yr2013, mdl155yr2013, mdl156yr2013, mdl124yr2014, mdl144yr2014, mdl135yr2014, mdl136yr2014, mdl134yr2014, mdl138yr2014, mdl155yr2014, mdl156yr2014, mdl525yr2014, mdl526yr2014, mdl526yr2015, mdl124yr2015, mdl135yr2015, mdl136yr2015, mdl134yr2015, mdl155yr2015, mdl156yr2015, mdl525yr2015, mdl138yr2015, mdl134yr2016, mdl155yr2016, mdl156yr2016, mdl157yr2015, mdl124yr2016, mdl135yr2016, mdl136yr2016, mdl138yr2016, mdl157yr2016, mdl525yr2016, mdl526yr2016, mdl144yr2015, mdl137yr2016" nevis:idfrom="nev17456730n3" nevis:prefix="nev17456730n3" nevis:profile="urn:x-nevis:profile:0b00c8af85025cbc urn:x-nevis:profile:0b00c8af85025cc4 urn:x-nevis:profile:0b00c8af8520c3a1 urn:x-nevis:profile:0b00c8af8520c3a2 urn:x-nevis:profile:0b00c8af8520c3a3 urn:x-nevis:profile:0b00c8af8520c3a4 urn:x-nevis:profile:0b00c8af8520c3a5 urn:x-nevis:profile:0b00c8af8520c3a6 urn:x-nevis:profile:0b00c8af8520c3a7 urn:x-nevis:profile:0b00c8af856303ec urn:x-nevis:profile:0b00c8af85632e61 urn:x-nevis:profile:0b00c8af85632eb6 urn:x-nevis:profile:0b00c8af85633292 urn:x-nevis:profile:0b00c8af856337af urn:x-nevis:profile:0b00c8af85633c05 urn:x-nevis:profile:0b00c8af85633da2 urn:x-nevis:profile:0b00c8af8569a13e urn:x-nevis:profile:0b00c8af8569a64b urn:x-nevis:profile:0b00c8af8569a80c urn:x-nevis:profile:0b00c8af861bd2c7 urn:x-nevis:profile:0b00c8af8620f7a0 urn:x-nevis:profile:0b00c8af862154cd urn:x-nevis:profile:0b00c8af8621ada3 urn:x-nevis:profile:0b00c8af8621e88c urn:x-nevis:profile:0b00c8af86223698 urn:x-nevis:profile:0b00c8af86229467 urn:x-nevis:profile:0b00c8af862296a5 urn:x-nevis:profile:0b00c8af8633603b urn:x-nevis:profile:0b00c8af863f4c3a urn:x-nevis:profile:0b00c8af863ffa7b urn:x-nevis:profile:0b00c8af864b2bae urn:x-nevis:profile:0b00c8af86552501 urn:x-nevis:profile:0b00c8af8656e7d2 urn:x-nevis:profile:0b00c8af8656e95f urn:x-nevis:profile:0b00c8af8656ed6f urn:x-nevis:profile:0b00c8af86576304 urn:x-nevis:profile:0b00c8af8657680f urn:x-nevis:profile:0b00c8af86576caa urn:x-nevis:profile:0b00c8af86576f47 urn:x-nevis:profile:0b00c8af868ec1a4 urn:x-nevis:profile:0b00c8af86b49077" nevis:resource="0900c8af858d450b" nevis:resource2="urn:x-nevis:fragment:0900c8af85708305:0900c8af858d450b#nev17456714n1" width="555" xml:lang="en-US"><nodes id="nev17456730n3-nev17853498n1"><node class="Components.StartNode" id="nev17456730n3-nev17853499n1" nodeid="Start" x="8" y="199"/><node class="Components.VehComm" id="nev17456730n3-nev17853500n1" nodeid="VehComm1" x="496" y="275"><property class="String" id="nev17456730n3-nev17853501n1" name="Mode" type="Internal" value="EcuType" visible="1"/><property class="Int" id="nev17456730n3-nev17853502n1" name="EcuType" type="In" value="366905" visible="0"/><property class="Int" id="nev17456730n3-nev17853503n1" name="ServiceId" type="In" value="116" visible="0"/><property class="String" id="nev17456730n3-nev17853504n1" name="EcuName" type="Out" value="" visible="1"/><property class="Response" id="nev17456730n3-nev17853505n1" name="Result" type="Out" value="" visible="1"/><property class="String" id="nev17456730n3-nev17853506n1" name="Identifier" type="In" value="A22D" visible="0"/><property class="String" id="nev17456730n3-nev17853507n1" name="Value" type="In" value="0001000000010000" visible="0"/><extension id="nev17456730n3-nev17853508n1"><insertparam id="nev17456730n3-nev17456715n10" name="Value"/><insertparam id="nev17456730n3-nev17456716n1" name="Identifier"/></extension></node><node class="Components.VehComm" id="nev17456730n3-nev17853509n1" nodeid="VehComm2" x="332" y="590"><property class="String" id="nev17456730n3-nev17853510n1" name="Mode" type="Internal" value="EcuType" visible="1"/><property class="Int" id="nev17456730n3-nev17853511n1" name="EcuType" type="In" value="366905" visible="0"/><property class="Int" id="nev17456730n3-nev17853512n1" name="ServiceId" type="In" value="116" visible="0"/><property class="String" id="nev17456730n3-nev17853513n1" name="EcuName" type="Out" value="" visible="1"/><property class="Response" id="nev17456730n3-nev17853514n1" name="Result" type="Out" value="" visible="1"/><property class="String" id="nev17456730n3-nev17853515n1" name="Identifier" type="In" value="A22D" visible="0"/><property class="String" id="nev17456730n3-nev17853516n1" name="Value" type="In" value="0000000000010000" visible="0"/><extension id="nev17456730n3-nev17853517n1"><insertparam id="nev17456730n3-nev17456717n1" name="Value"/><insertparam id="nev17456730n3-nev17456717n2" name="Identifier"/></extension></node><node class="Components.ScriptComponent" id="nev17456730n3-nev17853518n1" nodeid="Script1" x="256" y="940"/><node class="Components.VehComm" id="nev17456730n3-nev17853519n1" nodeid="Normal Session" x="494" y="635"><property class="String" id="nev17456730n3-nev17853520n1" name="Mode" type="Internal" value="EcuType" visible="1"/><property class="Int" id="nev17456730n3-nev17853521n1" name="EcuType" type="In" value="366905" visible="0"/><property class="Int" id="nev17456730n3-nev17853522n1" name="ServiceId" type="In" value="112" visible="0"/><property class="String" id="nev17456730n3-nev17853523n1" name="EcuName" type="Out" value="" visible="1"/><property class="Response" id="nev17456730n3-nev17853524n1" name="Result" type="Out" value="" visible="1"/><extension id="nev17456730n3-nev17853525n1"/></node><node class="Components.VehComm" id="nev17456730n3-nev17853526n1" nodeid="Extended session" x="334" y="230"><property class="String" id="nev17456730n3-nev17853527n1" name="Mode" type="Internal" value="EcuType" visible="1"/><property class="Int" id="nev17456730n3-nev17853528n1" name="EcuType" type="In" value="366905" visible="0"/><property class="Int" id="nev17456730n3-nev17853529n1" name="ServiceId" type="In" value="106" visible="0"/><property class="String" id="nev17456730n3-nev17853530n1" name="EcuName" type="Out" value="" visible="1"/><property class="Response" id="nev17456730n3-nev17853531n1" name="Result" type="Out" value="" visible="1"/><extension id="nev17456730n3-nev17853532n1"/></node><node class="Components.VehComm" id="nev17456730n3-nev17853533n1" nodeid="Normal session" x="542" y="858"><property class="String" id="nev17456730n3-nev17853534n1" name="Mode" type="Internal" value="EcuType" visible="1"/><property class="Int" id="nev17456730n3-nev17853535n1" name="EcuType" type="In" value="366905" visible="0"/><property class="Int" id="nev17456730n3-nev17853536n1" name="ServiceId" type="In" value="112" visible="0"/><property class="String" id="nev17456730n3-nev17853537n1" name="EcuName" type="Out" value="" visible="1"/><property class="Response" id="nev17456730n3-nev17853538n1" name="Result" type="Out" value="" visible="1"/><extension id="nev17456730n3-nev17853539n1"/></node><node class="Components.InfoDisplay" id="nev17456730n3-nev17853540n1" nodeid="InfoDisplay1" x="984" y="173"><gui height="115" id="nev17456730n3-nev17853541n1" width="540" x="5" y="5"/><property class="String" id="nev17456730n3-nev17853542n1" name="Content" type="In" value="" visible="1"/><extension id="nev17456730n3-nev17853543n1"/></node><node class="Components.DiagnosticOutput" id="nev17456730n3-nev17853544n1" nodeid="Output" x="16" y="125"><property class="String" id="nev17456730n3-nev17853545n1" name="Result" type="In" value="" visible="1"/></node><node class="Components.ScriptButton" id="nev17456730n3-nev17853546n1" nodeid="Dölj_knapp" x="115" y="679"><gui height="23" id="nev17456730n3-nev17853547n1" width="75" x="470" y="290"/><property class="String" id="nev17456730n3-nev17853548n1" name="Text" type="In" value="" visible="1"/><property class="String" id="nev17456730n3-nev17853549n1" name="StartDisabled" type="Internal" value="false" visible="1"/><property class="String" id="nev17456730n3-nev17853550n1" name="StartVisible" type="Internal" value="true" visible="1"/><extension id="nev17456730n3-nev17853551n1"><phrase category="Faulttracing" id="nev17456730n3-nev17456718n3" phrase-urn="urn:x-nevis:phrase:0800c8af828fe792">Hide</phrase></extension></node><node class="Components.ScriptButton" id="nev17456730n3-nev17853552n1" nodeid="Aktivera_knapp" x="164" y="225"><gui height="55" id="nev17456730n3-nev17853553n1" width="160" x="90" y="145"/><property class="String" id="nev17456730n3-nev17853554n1" name="Text" type="In" value="" visible="1"/><property class="String" id="nev17456730n3-nev17853555n1" name="StartDisabled" type="Internal" value="false" visible="1"/><property class="String" id="nev17456730n3-nev17853556n1" name="StartVisible" type="Internal" value="true" visible="1"/><extension id="nev17456730n3-nev17853557n1"><phrase category="Faulttracing" id="nev17456730n3-nev17456714n10" phrase-urn="urn:x-nevis:phrase:0800c8af8400436a">Activate heater.</phrase></extension></node><node class="Components.ScriptButton" id="nev17456730n3-nev17853558n1" nodeid="Avaktivera_knapp" x="164" y="431"><gui height="55" id="nev17456730n3-nev17853559n1" width="160" x="300" y="145"/><property class="String" id="nev17456730n3-nev17853560n1" name="Text" type="In" value="" visible="1"/><property class="String" id="nev17456730n3-nev17853561n1" name="StartDisabled" type="Internal" value="false" visible="1"/><property class="String" id="nev17456730n3-nev17853562n1" name="StartVisible" type="Internal" value="true" visible="1"/><extension id="nev17456730n3-nev17853563n1"><phrase category="Faulttracing" id="nev17456730n3-nev17456722n10" phrase-urn="urn:x-nevis:phrase:0800c8af84656ca3">Deactivate heater.</phrase></extension></node><node class="Components.InfoDisplayContent" id="nev17456730n3-nev17853564n1" nodeid="InfoDisplayContent1" x="734" y="78"><property class="String" id="nev17456730n3-nev17853565n1" name="Content" type="Out" value="" visible="1"/><extension id="nev17456730n3-nev17853566n1"><phrase category="Faulttracing" id="nev17456730n3-nev17853047n1" phrase-urn="urn:x-nevis:phrase:0800c8af8465bf55">Activate the he#@#@#65#warm.</phrase><phrase category="Faulttracing" id="nev17456730n3-nev17853048n1" phrase-urn="urn:x-nevis:phrase:0800c8af8465bf5b">After the heati#@#@#121#ndow.</phrase></extension></node><node class="Components.InfoDisplayContent" id="nev17456730n3-nev17853567n1" nodeid="InfoDisplayContent2" x="735" y="159"><property class="String" id="nev17456730n3-nev17853568n1" name="Content" type="Out" value="" visible="1"/><extension id="nev17456730n3-nev17853569n1"><phrase category="Faulttracing" id="nev17456730n3-nev17853224n1" phrase-urn="urn:x-nevis:phrase:0800c8af858d4440">Activation complete!</phrase></extension></node><node class="Components.InfoDisplayContent" id="nev17456730n3-nev17853570n1" nodeid="InfoDisplayContent3" x="736" y="241"><property class="String" id="nev17456730n3-nev17853571n1" name="Content" type="Out" value="" visible="1"/><extension id="nev17456730n3-nev17853572n1"><phrase category="Faulttracing" id="nev17456730n3-nev17853226n1" phrase-urn="urn:x-nevis:phrase:0800c8af858d4443">Deactivation co#@#@#2#lete!</phrase></extension></node><node class="Components.RunScript" id="nev17456730n3-nev17853573n1" nodeid="VCC-351787" x="439" y="1095"><property class="String" id="nev17456730n3-nev17853574n1" name="Result" type="Out" value="" visible="1"/><extension id="nev17456730n3-nev17853575n1"><xml id="nev17456730n3-nev17853576n1"><ref id="nev17456730n3-nev17853468n1"><locator xlink:href="#nev17456730n3-nev17853468n1" xlink:type="locator"/><locator xlink:href="urn:x-nevis:xref:0800c8af8430b8e2:00000000:00000000#nev13459544n1" xlink:type="locator"/><arc nevis:href="urn:x-nevis:xref:0800c8af8430b8e2:00000000:00000000#nev13459544n1" xlink:title="VCC-351787, Error message, OnNoRespons" xlink:type="arc"/></ref></xml></extension></node><node class="Components.RunScript" id="nev17456730n3-nev17853580n1" nodeid="VCC-352667" x="454" y="1157"><property class="String" id="nev17456730n3-nev17853581n1" name="Result" type="Out" value="" visible="1"/><extension id="nev17456730n3-nev17853582n1"><xml id="nev17456730n3-nev17853583n1"><ref id="nev17456730n3-nev17853470n1"><locator xlink:href="#nev17456730n3-nev17853470n1" xlink:type="locator"/><locator xlink:href="urn:x-nevis:xref:0800c8af8431f3b4:00000000:00000000#nev13469607n1" xlink:type="locator"/><arc nevis:href="urn:x-nevis:xref:0800c8af8431f3b4:00000000:00000000#nev13469607n1" xlink:title="VCC-352667, Error message, OnNoContact" xlink:type="arc"/></ref></xml></extension></node><node class="Components.RunScript" id="nev17456730n3-nev17853587n1" nodeid="VCC-351907" x="470" y="1217"><property class="String" id="nev17456730n3-nev17853588n1" name="Result" type="Out" value="" visible="1"/><extension id="nev17456730n3-nev17853589n1"><xml id="nev17456730n3-nev17853590n1"><ref id="nev17456730n3-nev17853472n1"><locator xlink:href="#nev17456730n3-nev17853472n1" xlink:type="locator"/><locator xlink:href="urn:x-nevis:xref:0800c8af8430c3a5:00000000:00000000#nev13461630n1" xlink:type="locator"/><arc nevis:href="urn:x-nevis:xref:0800c8af8430c3a5:00000000:00000000#nev13461630n1" xlink:title="VCC-351907, Error message, OnNegativeRespons" xlink:type="arc"/></ref></xml></extension></node><node class="Components.Comment" id="nev17456730n3-nev17853594n1" nodeid="Comment1" x="64" y="35"><extension id="nev17456730n3-nev17853595n1">Script: Aktiver#@#@#138#n 1.0</extension></node></nodes><handlers id="nev17456730n3-nev17853596n1"><eventhandler id="nev17456730n3-nev17853597n1" name="OnStart" node="Start"><call id="nev17456730n3-nev17853598n1" method="Trigger" node="InfoDisplayContent1"/><call id="nev17456730n3-nev17853599n1" method="Enable" node="Dölj_knapp"/><call id="nev17456730n3-nev17853600n1" method="Enable" node="Aktivera_knapp"/></eventhandler><eventhandler id="nev17456730n3-nev17853601n1" name="OnNoContact" node="Script1"><call id="nev17456730n3-nev17853602n1" method="Execute" node="Normal session"/><call id="nev17456730n3-nev17853603n1" method="Run" node="VCC-352667"/></eventhandler><eventhandler id="nev17456730n3-nev17853604n1" name="OnNoResponse" node="Script1"><call id="nev17456730n3-nev17853605n1" method="Execute" node="Normal session"/><call id="nev17456730n3-nev17853606n1" method="Run" node="VCC-351787"/></eventhandler><eventhandler id="nev17456730n3-nev17853607n1" name="OnNegativeResponse" node="Script1"><call id="nev17456730n3-nev17853608n1" method="Execute" node="Normal session"/><call id="nev17456730n3-nev17853609n1" method="Run" node="VCC-351907"/></eventhandler><eventhandler id="nev17456730n3-nev17853610n1" name="OnPositiveResponse" node="VehComm2"><call id="nev17456730n3-nev17853611n1" method="Execute" node="Normal Session"/></eventhandler><eventhandler id="nev17456730n3-nev17853612n1" name="OnPositiveResponse" node="Normal Session"><call id="nev17456730n3-nev17853613n1" method="Enable" node="Dölj_knapp"/><call id="nev17456730n3-nev17853614n1" method="Enable" node="Aktivera_knapp"/><call id="nev17456730n3-nev17853615n1" method="Trigger" node="InfoDisplayContent3"/></eventhandler><eventhandler id="nev17456730n3-nev17853616n1" name="OnPositiveResponse" node="VehComm1"><call id="nev17456730n3-nev17853617n1" method="Enable" node="Avaktivera_knapp"/><call id="nev17456730n3-nev17853618n1" method="Enable" node="Dölj_knapp"/><call id="nev17456730n3-nev17853619n1" method="Trigger" node="InfoDisplayContent2"/></eventhandler><eventhandler id="nev17456730n3-nev17853620n1" name="OnPositiveResponse" node="Extended session"><call id="nev17456730n3-nev17853621n1" method="Execute" node="VehComm1"/></eventhandler><eventhandler id="nev17456730n3-nev17853622n1" name="Click" node="Dölj_knapp"><call id="nev17456730n3-nev17853623n1" method="CloseDialog" node="Script1"/></eventhandler><eventhandler id="nev17456730n3-nev17853624n1" name="Click" node="Aktivera_knapp"><call id="nev17456730n3-nev17853625n1" method="Disable" node="Dölj_knapp"/><call id="nev17456730n3-nev17853626n1" method="Execute" node="Extended session"/><call id="nev17456730n3-nev17853627n1" method="Disable" node="Aktivera_knapp"/></eventhandler><eventhandler id="nev17456730n3-nev17853628n1" name="Click" node="Avaktivera_knapp"><call id="nev17456730n3-nev17853629n1" method="Disable" node="Avaktivera_knapp"/><call id="nev17456730n3-nev17853630n1" method="Disable" node="Aktivera_knapp"/><call id="nev17456730n3-nev17853631n1" method="Execute" node="VehComm2"/></eventhandler><propertyhandler id="nev17456730n3-nev17853632n1" name="Content" node="InfoDisplayContent1"><set id="nev17456730n3-nev17853633n1" node="InfoDisplay1" property="Content"/></propertyhandler><propertyhandler id="nev17456730n3-nev17853634n1" name="Content" node="InfoDisplayContent2"><set id="nev17456730n3-nev17853635n1" node="InfoDisplay1" property="Content"/></propertyhandler><propertyhandler id="nev17456730n3-nev17853636n1" name="Content" node="InfoDisplayContent3"><set id="nev17456730n3-nev17853637n1" node="InfoDisplay1" property="Content"/></propertyhandler></handlers></content></script>