<?xml version="1.0" encoding="UTF-8"?><servinfosub IE-ID="en-US0900c8af84549305" docno="VCC-268578" id="nev11062571n1" original="sv-SE" servinfosubId="nev20687959n1-nev20687959n2" servinfosubRes="0900c8af862c35b5" servinfosubRes2="urn:x-nevis:fragment:0900c8af84549305:0900c8af862c35b5#nev20687959n2" xml:lang="en-US">
<title id="nev11062571n2">Function</title>
<topic id="nev20687959n1-nev11062738n1">
<title id="nev20687959n1-nev11062738n2">Rear seat enter#@#@#16#(RSE)</title>
<grate id="nev20687959n1-nev11062738n3" pgwide="1">
<graphic id="nev20687959n1-nev11062738n4">
<href>0900c8af82ccc07#@#@#11#.jpeg</href>
</graphic>
</grate>
<note id="nev20687959n1-nev11062738n11">
<ptxt id="nev20687959n1-nev11062738n13">There may be a #@#@#202#y of <literal id="nev20687959n1-nev11062738n16">‘Not permitted'</literal> indicates that#@#@#62#tion.</ptxt>
</note>
<para id="nev20687959n1-nev11062738n19">
<ptxt id="nev20687959n1-nev11062738n20">The rear seat e#@#@#104#/82).</ptxt>
<ptxt id="nev20687959n1-nev12265534n235">The control mod#@#@#43#stem.</ptxt>
</para>
<para id="nev20687959n1-nev12265534n222">
<ptxt id="nev20687959n1-nev12265534n221">The system can #@#@#108#trol.</ptxt>
<ptxt id="nev20687959n1-nev12265534n196">The remote cont#@#@#152#eens.</ptxt>
</para>
<para id="nev20687959n1-nev13781585n235">
<ptxt id="nev20687959n1-nev13781585n234">When the remote#@#@#188#mand.</ptxt>
</para>
<para id="nev20687959n1-nev13781585n196">
<ptxt id="nev20687959n1-nev13781585n195">If, for example#@#@#142#elow:</ptxt>
</para>
<list1 enumtype="d" id="nev20687959n1-nev13781585n170" type="unordered">
<item id="nev20687959n1-nev13781585n169">
<ptxt id="nev20687959n1-nev13781585n144">Independent shi#@#@#62#AUX).</ptxt>
</item>
<item id="nev20687959n1-nev13781585n134">
<ptxt id="nev20687959n1-nev13781585n133">Image adjustmen#@#@#50#tio).</ptxt>
</item>
<item id="nev20687959n1-nev13781585n120">
<ptxt id="nev20687959n1-nev13781585n119">Audio settings #@#@#21#ume).</ptxt>
</item>
<item id="nev20687959n1-nev13781585n106">
<ptxt id="nev20687959n1-nev13781585n105">Language select#@#@#26#ions.</ptxt>
</item>
<item id="nev20687959n1-nev13781585n92">
<ptxt id="nev20687959n1-nev13781585n91">Switch individu#@#@#13#/OFF.</ptxt>
</item>
</list1>
<para id="nev20687959n1-nev13781585n75">
<ptxt id="nev20687959n1-nev13781585n74">The rear seat e#@#@#146#ocol.</ptxt>
<ptxt id="nev20687959n1-nev13781585n49">If, for example#@#@#207#ocol.</ptxt>
<ptxt id="nev20687959n1-nev13781585n36">A fixed memory #@#@#225#dard.</ptxt>
</para>
<para id="nev20687959n1-nev13781585n23">
<ptxt id="nev20687959n1-nev13781585n22">The system is p#@#@#185#tted.</ptxt>
<ptxt id="nev20687959n1-nev13781586n247">If the user ans#@#@#285#gain.</ptxt>
</para>
<para id="nev20687959n1-nev13781586n234">
<ptxt id="nev20687959n1-nev13781586n233">When a DVD is i#@#@#411#unit.</ptxt>
</para>
</topic>
<topic id="nev20687959n1-nev13781586n208">
<title id="nev20687959n1-nev13781586n207">System start-up</title>
<para id="nev20687959n1-nev13781586n182">
<ptxt id="nev20687959n1-nev13781586n181">When the igniti#@#@#144#eens.</ptxt>
<ptxt id="nev20687959n1-nev13781586n156">The start-up pr#@#@#31#ware.</ptxt>
</para>
<para id="nev20687959n1-nev13781586n143">
<ptxt id="nev20687959n1-nev13781586n142">
<emph id="nev20687959n1-nev13781586n117">Previous software</emph>
</ptxt>
</para>
<list1 enumtype="n" id="nev20687959n1-nev13781586n104" type="ordered">
<title id="nev20687959n1-nev13781586n78">
<emph id="nev20687959n1-nev13781589n134">Start-up proces#@#@#20#fault</emph>
</title>
<item id="nev20687959n1-nev13781586n103">
<ptxt id="nev20687959n1-nev13781586n65">The ignition is#@#@#8#d on.</ptxt>
</item>
<item id="nev20687959n1-nev13781586n55">
<ptxt id="nev20687959n1-nev13781586n54">Lighting in the#@#@#30#ated.</ptxt>
</item>
<item id="nev20687959n1-nev13781586n41">
<ptxt id="nev20687959n1-nev13781586n40">The Rear seat e#@#@#108#tage.</ptxt>
</item>
<item id="nev20687959n1-nev13781586n27">
<ptxt id="nev20687959n1-nev13781586n26">The Rear seat e#@#@#111#reen.</ptxt>
</item>
<item id="nev20687959n1-nev13781586n13">
<ptxt id="nev20687959n1-nev13781586n12">The left-hand s#@#@#100#work.</ptxt>
</item>
<item id="nev20687959n1-nev13781589n249">
<ptxt id="nev20687959n1-nev13781589n248">The Rear seat e#@#@#323#.5 V.</ptxt>
</item>
<item id="nev20687959n1-nev13781589n235">
<ptxt id="nev20687959n1-nev13781589n234">Communication f#@#@#29#w OK.</ptxt>
</item>
<item id="nev20687959n1-nev13781589n221">
<ptxt id="nev20687959n1-nev13781589n220">The Rear seat e#@#@#113#reen.</ptxt>
</item>
<item id="nev20687959n1-nev13781589n207">
<ptxt id="nev20687959n1-nev13781589n206">The right-hand #@#@#101#work.</ptxt>
</item>
<item id="nev20687959n1-nev13781589n193">
<ptxt id="nev20687959n1-nev13781589n192">On the CAN, the#@#@#159#.5 V.</ptxt>
</item>
<item id="nev20687959n1-nev13781589n179">
<ptxt id="nev20687959n1-nev13781589n178">Communication f#@#@#30#w OK.</ptxt>
</item>
<item id="nev20687959n1-nev13781589n165">
<ptxt id="nev20687959n1-nev13781589n164">Lighting in the#@#@#52# out.</ptxt>
</item>
<item id="nev20687959n1-nev13781589n151">
<ptxt id="nev20687959n1-nev13781589n150">The start-up pr#@#@#53#ndby.</ptxt>
</item>
</list1>
<para id="nev20687959n1-nev13781589n121">
<ptxt id="nev20687959n1-nev13781589n120">Start-up times</ptxt>
<ptxt id="nev20687959n1-nev13781589n82">A start-up with#@#@#40#onds.</ptxt>
</para>
<list1 enumtype="n" id="nev20687959n1-nev13781589n69" type="ordered">
<title id="nev20687959n1-nev13781589n30">Start-up proces#@#@#34#creen</title>
<item id="nev20687959n1-nev13781589n68">
<ptxt id="nev20687959n1-nev13781589n43">The ignition is#@#@#8#d on.</ptxt>
</item>
<item id="nev20687959n1-nev13781589n20">
<ptxt id="nev20687959n1-nev13781589n19">Lighting in the#@#@#30#ated.</ptxt>
</item>
<item id="nev20687959n1-nev13781589n6">
<ptxt id="nev20687959n1-nev13781589n5">The Rear seat e#@#@#108#tage.</ptxt>
</item>
<item id="nev20687959n1-nev13781592n242">
<ptxt id="nev20687959n1-nev13781592n241">The Rear seat e#@#@#111#reen.</ptxt>
</item>
<item id="nev20687959n1-nev13781592n228">
<ptxt id="nev20687959n1-nev13781592n227">No response fro#@#@#193# 0 V.</ptxt>
</item>
<item id="nev20687959n1-nev13781592n214">
<ptxt id="nev20687959n1-nev13781592n213">Lighting in the#@#@#83#reen.</ptxt>
</item>
<item id="nev20687959n1-nev13781592n200">
<ptxt id="nev20687959n1-nev13781592n199">The system will#@#@#5#work.</ptxt>
</item>
</list1>
<list1 enumtype="n" id="nev20687959n1-nev13781592n183" type="ordered">
<title id="nev20687959n1-nev13781592n144">
<emph id="nev20687959n1-nev13781592n131">Start-up proces#@#@#35#creen</emph>
</title>
<item id="nev20687959n1-nev13781592n182">
<ptxt id="nev20687959n1-nev13781592n157">The ignition is#@#@#8#d on.</ptxt>
</item>
<item id="nev20687959n1-nev13781592n121">
<ptxt id="nev20687959n1-nev13781592n120">Lighting in the#@#@#30#ated.</ptxt>
</item>
<item id="nev20687959n1-nev13781592n107">
<ptxt id="nev20687959n1-nev13781592n106">The Rear seat e#@#@#108#tage.</ptxt>
</item>
<item id="nev20687959n1-nev13781592n93">
<ptxt id="nev20687959n1-nev13781592n92">The Rear seat e#@#@#111#reen.</ptxt>
</item>
<item id="nev20687959n1-nev13781592n79">
<ptxt id="nev20687959n1-nev13781592n78">The left-hand s#@#@#100#work.</ptxt>
</item>
<item id="nev20687959n1-nev13781592n65">
<ptxt id="nev20687959n1-nev13781592n64">The Rear seat e#@#@#323#.5 V.</ptxt>
</item>
<item id="nev20687959n1-nev13781592n51">
<ptxt id="nev20687959n1-nev13781592n50">Communication f#@#@#29#w OK.</ptxt>
</item>
<item id="nev20687959n1-nev13781592n37">
<ptxt id="nev20687959n1-nev13781592n36">The Rear seat e#@#@#113#reen.</ptxt>
</item>
<item id="nev20687959n1-nev13781592n23">
<ptxt id="nev20687959n1-nev13781592n22">No response fro#@#@#242#.5V).</ptxt>
</item>
<item id="nev20687959n1-nev13781592n9">
<ptxt id="nev20687959n1-nev13781592n8">Lighting in the#@#@#84#reen.</ptxt>
</item>
<item id="nev20687959n1-nev13781594n245">
<ptxt id="nev20687959n1-nev13781594n244">The system will#@#@#5#work.</ptxt>
</item>
</list1>
<list1 enumtype="n" id="nev20687959n1-nev13781594n228" type="ordered">
<title id="nev20687959n1-nev13781594n189">
<emph id="nev20687959n1-nev13781594n176">Start-up proces#@#@#15#fault</emph>
</title>
<item id="nev20687959n1-nev13781594n227">
<ptxt id="nev20687959n1-nev13781594n202">The ignition is#@#@#8#d on.</ptxt>
</item>
<item id="nev20687959n1-nev13781594n166">
<ptxt id="nev20687959n1-nev13781594n165">Lighting in the#@#@#30#ated.</ptxt>
</item>
<item id="nev20687959n1-nev13781594n152">
<ptxt id="nev20687959n1-nev13781594n151">The Rear seat e#@#@#108#tage.</ptxt>
</item>
<item id="nev20687959n1-nev13781594n138">
<ptxt id="nev20687959n1-nev13781594n137">The Rear seat e#@#@#144#reen.</ptxt>
</item>
<item id="nev20687959n1-nev13781594n124">
<ptxt id="nev20687959n1-nev13781594n123">The Rear seat e#@#@#133#tice.</ptxt>
</item>
<item id="nev20687959n1-nev13781594n110">
<ptxt id="nev20687959n1-nev13781594n109">Lighting in the#@#@#79#eens.</ptxt>
</item>
<item id="nev20687959n1-nev13781594n96">
<ptxt id="nev20687959n1-nev13781594n95">The system will#@#@#5#work.</ptxt>
</item>
</list1>
<para id="nev20687959n1-nev13781594n79">
<ptxt id="nev20687959n1-nev13781594n78">
<emph id="nev20687959n1-nev13781594n53">Conclusions of #@#@#20#ltage</emph>
</ptxt>
<ptxt id="nev20687959n1-nev13781594n40">By checking the#@#@#163#ings.</ptxt>
</para>
<table frame="all" id="nev20687959n1-nev13781594n27" pgwide="1">
<tgroup cols="3" id="nev20687959n1-nev13781594n14">
<colspec colname="col1" colwidth="33*" id="nev20687959n1-nev13781594n1"/>
<colspec colname="col2" colwidth="33*" id="nev20687959n1-nev13781597n238"/>
<colspec colname="col3" colwidth="34*" id="nev20687959n1-nev13781597n225"/>
<tbody id="nev20687959n1-nev13781597n212">
<row id="nev20687959n1-nev13781597n199">
<entry id="nev20687959n1-nev13781597n186">
<title id="nev20687959n1-nev13781598n107">Left screen</title>
</entry>
<entry id="nev20687959n1-nev13781597n173">
<title id="nev20687959n1-nev13781598n94">Right screen</title>
</entry>
<entry id="nev20687959n1-nev13781597n160">
<title id="nev20687959n1-nev13781598n81">Conclusion</title>
</entry>
</row>
<row id="nev20687959n1-nev13781597n147">
<entry id="nev20687959n1-nev13781597n134">
<ptxt id="nev20687959n1-nev13781598n134">Voltage is cont#@#@#17#5 V).</ptxt>
</entry>
<entry id="nev20687959n1-nev13781597n121">
<ptxt id="nev20687959n1-nev13781598n133">Voltage is cont#@#@#17#5 V).</ptxt>
</entry>
<entry id="nev20687959n1-nev13781597n108">
<ptxt id="nev20687959n1-nev13781598n132">Communication w#@#@#31#d OK.</ptxt>
</entry>
</row>
<row id="nev20687959n1-nev13781597n95">
<entry id="nev20687959n1-nev13781597n82">
<ptxt id="nev20687959n1-nev13781598n131">Voltage is high#@#@#39#onds.</ptxt>
</entry>
<entry id="nev20687959n1-nev13781597n69">
<ptxt id="nev20687959n1-nev13781598n130">Voltage is 0 V.</ptxt>
</entry>
<entry id="nev20687959n1-nev13781597n56">
<ptxt id="nev20687959n1-nev13781598n129">No communicatio#@#@#14#reen.</ptxt>
<ptxt id="nev20687959n1-nev13781598n68">No attempt made#@#@#14#reen.</ptxt>
</entry>
</row>
<row id="nev20687959n1-nev13781597n43">
<entry id="nev20687959n1-nev13781597n30">
<ptxt id="nev20687959n1-nev13781598n128">Voltage is cont#@#@#17#5 V).</ptxt>
</entry>
<entry id="nev20687959n1-nev13781597n17">
<ptxt id="nev20687959n1-nev13781598n127">Voltage is high#@#@#39#onds.</ptxt>
</entry>
<entry id="nev20687959n1-nev13781597n4">
<ptxt id="nev20687959n1-nev13781598n126">Communication w#@#@#30#d OK.</ptxt>
<ptxt id="nev20687959n1-nev13781598n55">No communicatio#@#@#15#reen.</ptxt>
</entry>
</row>
<row id="nev20687959n1-nev13781598n241">
<entry id="nev20687959n1-nev13781598n228">
<ptxt id="nev20687959n1-nev13781598n125">Voltage is cont#@#@#17#5 V).</ptxt>
</entry>
<entry id="nev20687959n1-nev13781598n215">
<ptxt id="nev20687959n1-nev13781598n124">Voltage is 0 V.</ptxt>
</entry>
<entry id="nev20687959n1-nev13781598n202">
<ptxt id="nev20687959n1-nev13781598n123">Communication w#@#@#30#d OK.</ptxt>
<ptxt id="nev20687959n1-nev13781598n42">Probable open-c#@#@#37#reen.</ptxt>
</entry>
</row>
<row id="nev20687959n1-nev13781598n189">
<entry id="nev20687959n1-nev13781598n176">
<ptxt id="nev20687959n1-nev13781598n122">Voltage is 0 V.</ptxt>
</entry>
<entry id="nev20687959n1-nev13781598n163">
<ptxt id="nev20687959n1-nev13781598n121">Voltage is 0 V.</ptxt>
</entry>
<entry id="nev20687959n1-nev13781598n150">
<ptxt id="nev20687959n1-nev13781598n120">No communicatio#@#@#14#reen.</ptxt>
<ptxt id="nev20687959n1-nev13781598n29">No attempt made#@#@#14#reen.</ptxt>
<ptxt id="nev20687959n1-nev13781598n16">Probable open-c#@#@#36#reen.</ptxt>
</entry>
</row>
<row id="nev20687959n1-nev13781598n3">
<entry id="nev20687959n1-nev13781602n240">
<ptxt id="nev20687959n1-nev13781602n227">Voltage is high#@#@#39#onds.</ptxt>
</entry>
<entry id="nev20687959n1-nev13781602n226">
<ptxt id="nev20687959n1-nev13781602n213">Voltage is high#@#@#39#onds.</ptxt>
</entry>
<entry id="nev20687959n1-nev13781602n212">
<ptxt id="nev20687959n1-nev13781602n199">Probable fault #@#@#31#eens.</ptxt>
</entry>
</row>
</tbody>
</tgroup>
</table>
<para id="nev20687959n1-nev13781602n189">
<ptxt id="nev20687959n1-nev13781602n188">
<emph id="nev20687959n1-nev13781602n187">Later software</emph>
</ptxt>
</para>
<list1 enumtype="n" id="nev20687959n1-nev13781602n171" type="ordered">
<item id="nev20687959n1-nev13781602n170">
<ptxt id="nev20687959n1-nev13781602n145">The ignition is#@#@#8#d on.</ptxt>
</item>
<item id="nev20687959n1-nev13781602n135">
<ptxt id="nev20687959n1-nev13781602n134">Lighting in the#@#@#30#ated.</ptxt>
</item>
<item id="nev20687959n1-nev13781602n121">
<ptxt id="nev20687959n1-nev13781602n120">The Rear seat e#@#@#108#tage.</ptxt>
</item>
<item id="nev20687959n1-nev13781602n107">
<ptxt id="nev20687959n1-nev13781602n106">The Rear seat e#@#@#111#reen.</ptxt>
</item>
<item id="nev20687959n1-nev13781602n93">
<ptxt id="nev20687959n1-nev13781602n92">The left-hand s#@#@#100#work.</ptxt>
<note id="nev20687959n1-nev13781603n200">
<ptxt id="nev20687959n1-nev13781603n187">the screen does#@#@#246#elow.</ptxt>
</note>
</item>
<item id="nev20687959n1-nev13781602n79">
<ptxt id="nev20687959n1-nev13781602n78">The Rear seat e#@#@#276#reen.</ptxt>
</item>
<item id="nev20687959n1-nev13781602n65">
<ptxt id="nev20687959n1-nev13781602n64">Communication f#@#@#29#w OK.</ptxt>
</item>
<item id="nev20687959n1-nev13781602n51">
<ptxt id="nev20687959n1-nev13781602n50">The Rear seat e#@#@#113#reen.</ptxt>
</item>
<item id="nev20687959n1-nev13781602n37">
<ptxt id="nev20687959n1-nev13781602n36">The right-hand #@#@#101#work.</ptxt>
<note id="nev20687959n1-nev13781603n174">
<ptxt id="nev20687959n1-nev13781603n161">If the screen d#@#@#247#elow.</ptxt>
</note>
</item>
<item id="nev20687959n1-nev13781602n23">
<ptxt id="nev20687959n1-nev13781602n22">The Rear seat e#@#@#117#er 2.</ptxt>
</item>
<item id="nev20687959n1-nev13781602n9">
<ptxt id="nev20687959n1-nev13781602n8">Communication f#@#@#30#w OK.</ptxt>
</item>
<item id="nev20687959n1-nev13781603n245">
<ptxt id="nev20687959n1-nev13781603n244">Lighting in the#@#@#52# out.</ptxt>
</item>
<item id="nev20687959n1-nev13781603n231">
<ptxt id="nev20687959n1-nev13781603n230">The start-up pr#@#@#53#ndby.</ptxt>
</item>
<item id="nev20687959n1-nev13781603n217">
<ptxt id="nev20687959n1-nev13781603n216">The system can #@#@#73#trol.</ptxt>
</item>
</list1>
<para id="nev20687959n1-nev13781603n148">
<ptxt id="nev20687959n1-nev13781603n147">
<emph id="nev20687959n1-nev13781603n122">(*) Wake-up sig#@#@#28#ault)</emph>
</ptxt>
<ptxt id="nev20687959n1-nev13781603n109">High signal (ap#@#@#53#mpt).</ptxt>
<ptxt id="nev20687959n1-nev13781603n96">If there is no #@#@#66#cond.</ptxt>
<ptxt id="nev20687959n1-nev13781603n83">High signal (ap#@#@#54#mpt).</ptxt>
<ptxt id="nev20687959n1-nev13781603n70">If there is no #@#@#68#onds.</ptxt>
<ptxt id="nev20687959n1-nev13781603n57">High signal is #@#@#72#mpt).</ptxt>
</para>
<para id="nev20687959n1-nev13781603n44">
<ptxt id="nev20687959n1-nev13781603n43">
<emph id="nev20687959n1-nev13781603n5">Start-up times</emph>
</ptxt>
<ptxt id="nev20687959n1-nev13781607n242">Start-up withou#@#@#46#onds.</ptxt>
<ptxt id="nev20687959n1-nev13781607n229">Start-up with c#@#@#62#onds.</ptxt>
<ptxt id="nev20687959n1-nev13781607n216">Start-up with c#@#@#64#onds.</ptxt>
</para>
<para id="nev20687959n1-nev13781607n203">
<ptxt id="nev20687959n1-nev13781607n202">The times above#@#@#51#imes.</ptxt>
</para>
</topic>
<topic id="nev20687959n1-nev11062738n76">
<title id="nev20687959n1-nev11062738n77">Rear audio sepa#@#@#14#(RAS)</title>
<grate id="nev20687959n1-nev11062738n81" pgwide="1">
<graphic id="nev20687959n1-nev11062738n82">
<href>0900c8af82ccc08#@#@#10#.jpeg</href>
</graphic>
</grate>
<para id="nev20687959n1-nev11062738n92">
<ptxt id="nev20687959n1-nev12265556n156">The rear audio #@#@#186#/58).</ptxt>
</para>
<para id="nev20687959n1-nev11062738n100">
<ptxt id="nev20687959n1-nev11062738n101">When the unit i#@#@#87#kers.</ptxt>
<ptxt id="nev20687959n1-nev12265556n130">The remote cont#@#@#186#stem.</ptxt>
<ptxt id="nev20687959n1-nev12265556n117">Which audio cha#@#@#173#ssed.</ptxt>
<ptxt id="nev20687959n1-nev12265556n143">If a parking as#@#@#286#kers.</ptxt>
</para>
</topic>
<topic id="nev20687959n1-nev11062738n108">
<title id="nev20687959n1-nev11062738n109">Infrared (IR) c#@#@#1#ntrol</title>
<grate id="nev20687959n1-nev11062738n116" pgwide="1">
<graphic id="nev20687959n1-nev11062738n117">
<href>0900c8af82ccc08#@#@#10#.jpeg</href>
</graphic>
</grate>
<para id="nev20687959n1-nev11062738n130">
<ptxt id="nev20687959n1-nev11062738n131">Each screen hou#@#@#525#sing.</ptxt>
</para>
<para id="nev20687959n1-nev11062738n141">
<ptxt id="nev20687959n1-nev11062738n142">The remote cont#@#@#79#stem:</ptxt>
</para>
<list1 enumtype="d" id="nev20687959n1-nev11062738n152" type="unordered">
<item id="nev20687959n1-nev11062738n153">
<ptxt id="nev20687959n1-nev11062738n160">DVD player, aud#@#@#3#video</ptxt>
</item>
<item id="nev20687959n1-nev11062738n164">
<ptxt id="nev20687959n1-nev11062738n168">AUX input, audi#@#@#11#video</ptxt>
</item>
<item id="nev20687959n1-nev11062738n172">
<ptxt id="nev20687959n1-nev11062738n176">Audio from the #@#@#116#akers</ptxt>
</item>
<item id="nev20687959n1-nev11062738n180">
<ptxt id="nev20687959n1-nev11062738n184">Audio/video fro#@#@#49#eens.</ptxt>
</item>
</list1>
<para id="nev20687959n1-nev11062738n200">
<ptxt id="nev20687959n1-nev11062738n201">Selection is ca#@#@#313#reen.</ptxt>
</para>
</topic>
<topic id="nev20687959n1-nev11062738n211">
<title id="nev20687959n1-nev11062738n212">Headphones</title>
<grate id="nev20687959n1-nev11062738n222" pgwide="1">
<graphic id="nev20687959n1-nev11062738n223">
<href>0900c8af82ccc08#@#@#10#.jpeg</href>
</graphic>
</grate>
<para id="nev20687959n1-nev12265556n98">
<ptxt id="nev20687959n1-nev12265556n97">The system incl#@#@#132#tter.</ptxt>
<ptxt id="nev20687959n1-nev13781607n168">Sound is transf#@#@#297#rate.</ptxt>
<ptxt id="nev20687959n1-nev12265556n59">The headphones #@#@#132#utes.</ptxt>
<ptxt id="nev20687959n1-nev12265556n46">The headphones #@#@#198#reen.</ptxt>
</para>
<note id="nev20687959n1-nev11062767n3">
<ptxt id="nev20687959n1-nev11062767n8">Lowering the vo#@#@#224#lves.</ptxt>
</note>
</topic>
</servinfosub>