<?xml version="1.0" encoding="UTF-8"?><servinfosub IE-ID="en-US0900c8af804a121b" docno="VCC-090102" id="KC01463531" xml:lang="en-US">
<title>Rocker panel re#@#@#17#acing</title>
<procedure>
<stepgrp>
<procstep>
<title>Rocker panel re#@#@#17#acing</title>
<para>
<ptxt>Pull out the da#@#@#9#tion.</ptxt>
<ptxt>Cut, grind or s#@#@#23#ions.</ptxt>
</para>
<grate>
<graphic id="KC07294226">
<href>0900c8af8012104#@#@#9#.jpeg</href>
</graphic>
<graphtext>
<para>
<ptxt>Align the new s#@#@#10#rcer.</ptxt>
<ptxt>Weld into place.</ptxt>
</para>
</graphtext>
</grate>
<grate>
<graphic id="KC07294227">
<href>0900c8af8012104#@#@#9#.jpeg</href>
</graphic>
<graphtext>
<para>
<ptxt>Align the outer#@#@#6#sill.</ptxt>
<ptxt>Weld into place.</ptxt>
</para>
</graphtext>
</grate>
<grate>
<graphic id="KC07294228">
<href>0900c8af8012106#@#@#9#.jpeg</href>
</graphic>
<graphtext>
<para>
<ptxt>Alternative cut#@#@#7#ints.</ptxt>
</para>
</graphtext>
</grate>
</procstep>
</stepgrp>
</procedure>
</servinfosub>