<?xml version="1.0" encoding="UTF-8"?><servinfosub IE-ID="en-US0900c8af86f6c21b" docno="VCC-370938" id="nev13717393n1" original="sv-SE" servinfosubId="nev13717394n1-nev24127288n1" servinfosubRes="0900c8af872e01cb" servinfosubRes2="urn:x-nevis:fragment:0900c8af86f6c21b:0900c8af872e01cb#nev24127288n1" xml:lang="en-US">
<operationnumbers>
<operationnumber>83147-2</operationnumber>
</operationnumbers>
<title id="nev13717390n58">Doorstop, door rear</title>
<procedure id="nev13717394n1-nev24826650n2">
<stepgrp boilerplate="false" context="" id="nev13717394n1-nev24826621n79">
<title id="nev13717394n1-nev24826650n4">Removal</title>
<procstep id="nev13717394n1-nev24826650n5">
<note id="nev13717394n1-nev24826650n7">
<ptxt>Removal steps i#@#@#45#ails.</ptxt>
</note>
</procstep>
<procstep id="nev13717394n1-nev24826650n8">
<grate id="nev13717394n1-nev24826621n77">
<graphic id="nev13717394n1-nev24826621n78">
<href>0900c8af864e4fa#@#@#9#.jpeg</href>
</graphic>
<graphtext id="nev13717394n1-nev24826660n1">
<para id="nev13717394n1-nev24826621n75">
<ptxt id="nev13717394n1-nev24826621n76">
<torque id="nev13717394n1-nev24826651n4">
<ref id="nev13717394n1-nev24826651n5"/>
</torque>
</ptxt>
</para>
<para id="nev13717394n1-nev24826621n73">
<ptxt id="nev13717394n1-nev24826621n74">Remove the screw.</ptxt>
</para>
</graphtext>
</grate>
</procstep>
<procstep id="nev13717394n1-nev24826651n9">
<grate id="nev13717394n1-nev24826621n71">
<graphic id="nev13717394n1-nev24826621n72">
<href>0900c8af864e4e6#@#@#9#.jpeg</href>
</graphic>
<graphtext id="nev13717394n1-nev24826667n1">
<para id="nev13717394n1-nev24826621n69">
<ptxt id="nev13717394n1-nev24826621n70">
<torque id="nev13717394n1-nev24826652n5">
<ref id="nev13717394n1-nev24826652n6"/>
</torque>
</ptxt>
</para>
<para id="nev13717394n1-nev24826621n67">
<ptxt id="nev13717394n1-nev24826621n68">Remove the nuts.</ptxt>
</para>
</graphtext>
</grate>
</procstep>
<procstep id="nev13717394n1-nev24826652n10">
<para id="nev13717394n1-nev24826621n63">
<ptxt id="nev13717394n1-nev24826621n65">Remove panel si#@#@#7# rear<xref boilerplate="true" id="nev13717394n1-nev24826621n66">
<ref id="nev13717394n1-nev24826621n64"/>
</xref>
</ptxt>
</para>
</procstep>
<procstep id="nev13717394n1-nev24826653n6">
<grate id="nev13717394n1-nev24826621n61">
<graphic id="nev13717394n1-nev24826621n62">
<href>0900c8af864e4fa#@#@#9#.jpeg</href>
</graphic>
<graphtext id="nev13717394n1-nev24826677n1">
<para id="nev13717394n1-nev24826621n59">
<ptxt id="nev13717394n1-nev24826621n60">
<torque id="nev13717394n1-nev24826654n2">
<ref id="nev13717394n1-nev24826654n3"/>
</torque>
</ptxt>
</para>
<para id="nev13717394n1-nev24826621n57">
<ptxt id="nev13717394n1-nev24826621n58">Remove the screws.</ptxt>
</para>
<para id="nev13717394n1-nev24826621n55">
<ptxt id="nev13717394n1-nev24826621n56">Remove the mark#@#@#3#part.</ptxt>
</para>
</graphtext>
</grate>
</procstep>
<procstep id="nev13717394n1-nev24826654n10">
<grate id="nev13717394n1-nev24826621n53">
<graphic id="nev13717394n1-nev24826621n54">
<href>0900c8af864e4c9#@#@#9#.jpeg</href>
</graphic>
<graphtext id="nev13717394n1-nev24826684n1">
<para id="nev13717394n1-nev24826621n51">
<ptxt id="nev13717394n1-nev24826621n52">Remove the mark#@#@#3#part.</ptxt>
</para>
</graphtext>
</grate>
</procstep>
</stepgrp>
<stepgrp boilerplate="false" context="" id="nev13717394n1-nev24826621n50">
<title id="nev13717394n1-nev24826655n8">Installation</title>
<procstep id="nev13717394n1-nev24826655n9">
<para id="nev13717394n1-nev24826621n48">
<ptxt id="nev13717394n1-nev24826621n49">To install, rev#@#@#22#dure.</ptxt>
</para>
</procstep>
</stepgrp>
</procedure>
</servinfosub>