<?xml version="1.0" encoding="UTF-8"?><servinfosub IE-ID="en-US0900c8af8718a10c" docno="VCC-445771" id="nev17703678n1" xml:lang="en-US">
<title>
<phrase category="" id="nev17703678n2" phrase-urn="urn:x-nevis:phrase:0800c8af823346a5">Control module #@#@#5#ation</phrase>
</title>
<diagnostic j2008use="1" layout="0" paperuse="1" screenuse="1" type="test">
<testgrp IE-ID="en-US0900c8af8718a10c_nev17703678n3" id="nev17703678n3" j2008use="1" paperuse="1" resumable="1" screenuse="1" testgrp-id="node2" x="120" y="80">
<title>
<phrase category="" id="nev17703678n4" phrase-urn="urn:x-nevis:phrase:0800c8af823346af">Conditions for #@#@#5#ation</phrase>
</title>
<node>
<test1>
<test2>
<note>
<list1 enumtype="d" type="unordered">
<item>
<ptxt>
<phrase category="" id="nev17703678n5" phrase-urn="urn:x-nevis:phrase:0800c8af823346b0">The oil level i#@#@#226# °C) </phrase>
</ptxt>
</item>
<item>
<ptxt id="nev17703678n6">
<phrase category="Faulttracing" id="nev17703678n7" phrase-urn="urn:x-nevis:phrase:0800c8af82b851ff">After activatio#@#@#186#ndow.</phrase>
</ptxt>
</item>
<item>
<ptxt>
<phrase category="" id="nev17703678n8" phrase-urn="urn:x-nevis:phrase:0800c8af823346b3">During adaptati#@#@#128#tion.</phrase>
</ptxt>
</item>
<item id="nev21751839n100">
<ptxt id="nev21751839n99">
<phrase category="Faulttracing" id="nev21751895n1" phrase-urn="urn:x-nevis:phrase:0800c8af8670f6f3">If the adaption#@#@#73#ware.</phrase>
<phrase category="Faulttracing" id="nev21751896n1" phrase-urn="urn:x-nevis:phrase:0800c8af8670f6f4">Download the la#@#@#50#TCM).</phrase>
</ptxt>
</item>
</list1>
</note>
<list1 enumtype="d" type="unordered">
<title>
<phrase category="" id="nev17703678n9" phrase-urn="urn:x-nevis:phrase:0800c8af823346b4">Other information</phrase>
</title>
<item>
<ptxt id="nev17703678n10">
<phrase category="Faulttracing" id="nev17703679n1" phrase-urn="urn:x-nevis:phrase:0800c8af82afb9d2">To check and ad#@#@#34# see:</phrase>
<xref id="nev19290158n100">
<ref id="nev17703679n3"/>
</xref>
</ptxt>
</item>
</list1>
<diaglist/>
</test2>
</test1>
<question>
Select Continue.
</question>
<resact-grp>
<result button="cont" comp="button" highlight="0"/>
<action j2008use="1" paperuse="1" screenuse="1">
<ptxt>
<xref>
<ref id="nev17703679n5"/>
</xref>
</ptxt>
</action>
</resact-grp>
</node>
</testgrp>
<testgrp id="nev17703679n6" j2008use="1" paperuse="1" resumable="1" screenuse="1" testgrp-id="node3" x="120" y="200">
<title>
<phrase category="" id="nev17703679n7" phrase-urn="urn:x-nevis:phrase:0800c8af823346b6">Activating adap#@#@#6# mode</phrase>
</title>
<node>
<hint>
<ptxt>
<phrase category="" id="nev17703679n8" phrase-urn="urn:x-nevis:phrase:0800c8af823346b7">The following m#@#@#48#ion. </phrase>
</ptxt>
<ptxt id="nev17703679n9">
<phrase category="Faulttracing" id="nev17703679n10" phrase-urn="urn:x-nevis:phrase:0800c8af82b773c4">In case of spor#@#@#101#lity.</phrase>
<phrase category="Faulttracing" id="nev17703680n1" phrase-urn="urn:x-nevis:phrase:0800c8af82b85205">The method can #@#@#193#tion.</phrase>
</ptxt>
</hint>
<note>
<ptxt>
<phrase category="" id="nev17703680n2" phrase-urn="urn:x-nevis:phrase:0800c8af823346b9">Always begin wi#@#@#17#tion.</phrase>
</ptxt>
</note>
<test1>
<diaglist>
<dgraphic>
<dgraphic1>
<graphic id="nev17703680n3">
<href>0900c8af80054d3#@#@#9#.jpeg</href>
</graphic>
</dgraphic1>
</dgraphic>
<ditem>
<ptxt>
<phrase category="" id="nev17703680n4" phrase-urn="urn:x-nevis:phrase:0800c8af823346ba">Connect the VID#@#@#4#ation</phrase>
</ptxt>
</ditem>
<ditem>
<ptxt>
<phrase category="" id="nev17703680n5" phrase-urn="urn:x-nevis:phrase:0800c8af823346bc">Start the engine</phrase>
</ptxt>
</ditem>
<ditem>
<ptxt>
<phrase category="" id="nev17703680n6" phrase-urn="urn:x-nevis:phrase:0800c8af823346bd">Gear selector i#@#@#7#ion P</phrase>
</ptxt>
</ditem>
<ditem>
<ptxt>
<phrase category="" id="nev17703680n7" phrase-urn="urn:x-nevis:phrase:0800c8af823346be">Activate “Adapt#@#@#7#ode”.</phrase>
</ptxt>
<note>
<ptxt>
<phrase category="" id="nev17703680n8" phrase-urn="urn:x-nevis:phrase:0800c8af823346bf">Do not switch o#@#@#9#gine.</phrase>
<phrase category="Faulttracing" id="nev17703680n9" phrase-urn="urn:x-nevis:phrase:0800c8af82b773d2">The function is#@#@#34#ycle.</phrase>
</ptxt>
</note>
</ditem>
<ditem>
<ptxt>
<phrase category="" id="nev17703680n10" phrase-urn="urn:x-nevis:phrase:0800c8af823346c0">Disconnect the #@#@#47#elow.</phrase>
</ptxt>
</ditem>
</diaglist>
<test2>
<para id="nev17703681n1">
<ptxt id="nev17703681n2">
<phrase category="Faulttracing" id="nev17703681n3" phrase-urn="urn:x-nevis:phrase:0800c8af82bd701e">Start the test #@#@#24#sage <literal>TRANSMISSION AD#@#@#6# MODE</literal> is displayed i#@#@#27#anel.</phrase>
</ptxt>
</para>
<para>
<ptxt id="nev17703681n4">
<phrase category="Faulttracing" id="nev21759585n1" phrase-urn="urn:x-nevis:phrase:0800c8af81eb8fca">The general ora#@#@#100#ched.</phrase>
<phrase category="Faulttracing" id="nev21759586n1" phrase-urn="urn:x-nevis:phrase:0800c8af82dd0d31">The warning lig#@#@#80#rmed.</phrase>
</ptxt>
</para>
<note id="nev21751839n67">
<ptxt id="nev21751839n66">
<phrase category="Faulttracing" id="nev21751959n1" phrase-urn="urn:x-nevis:phrase:0800c8af866fe744">The Transmissio#@#@#80#ated.</phrase>
</ptxt>
</note>
<list1 enumtype="n" type="ordered">
<title>
<phrase category="" id="nev17703681n9" phrase-urn="urn:x-nevis:phrase:0800c8af823346c8">Test drive desc#@#@#26#ation</phrase>
</title>
<item>
<ptxt id="nev17703681n10">
<phrase category="Faulttracing" id="nev24567473n1" phrase-urn="urn:x-nevis:phrase:0800c8af87189f7c">Accelerate the #@#@#45# rpm.</phrase>
<phrase category="Faulttracing" id="nev24567478n1" phrase-urn="urn:x-nevis:phrase:0800c8af87189e0c">Hold the accele#@#@#89#ease.</phrase>
<phrase category="Faulttracing" id="nev21751899n1" phrase-urn="urn:x-nevis:phrase:0800c8af8625bfce">Accelerate to t#@#@#20#gear.</phrase>
<phrase category="Faulttracing" id="nev21759588n1" phrase-urn="urn:x-nevis:phrase:0800c8af86707afa">Stop the vehicl#@#@#119#oved.</phrase>
<phrase category="Faulttracing" id="nev21751938n1" phrase-urn="urn:x-nevis:phrase:0800c8af82ba8528">A number of acc#@#@#51#sult.</phrase>
</ptxt>
</item>
<item>
<ptxt id="nev17703682n6">
<phrase category="Faulttracing" id="nev24567474n1" phrase-urn="urn:x-nevis:phrase:0800c8af87189f7e">Accelerate the #@#@#45# rpm.</phrase>
<phrase category="Faulttracing" id="nev24567479n1" phrase-urn="urn:x-nevis:phrase:0800c8af87189e0c">Hold the accele#@#@#89#ease.</phrase>
<phrase category="Faulttracing" id="nev21751947n1" phrase-urn="urn:x-nevis:phrase:0800c8af8625bfce">Accelerate to t#@#@#20#gear.</phrase>
<phrase category="Faulttracing" id="nev21759589n1" phrase-urn="urn:x-nevis:phrase:0800c8af86707afa">Stop the vehicl#@#@#119#oved.</phrase>
<phrase category="Faulttracing" id="nev21751955n1" phrase-urn="urn:x-nevis:phrase:0800c8af82ba8528">A number of acc#@#@#51#sult.</phrase>
</ptxt>
</item>
<item id="nev21751839n94">
<ptxt id="nev21751839n93">
<phrase category="Faulttracing" id="nev24567475n1" phrase-urn="urn:x-nevis:phrase:0800c8af87189f7f">Accelerate the #@#@#45# rpm.</phrase>
<phrase category="Faulttracing" id="nev24567485n1" phrase-urn="urn:x-nevis:phrase:0800c8af87189e0c">Hold the accele#@#@#89#ease.</phrase>
<phrase category="Faulttracing" id="nev21751948n1" phrase-urn="urn:x-nevis:phrase:0800c8af8625bfce">Accelerate to t#@#@#20#gear.</phrase>
<phrase category="Faulttracing" id="nev21759590n1" phrase-urn="urn:x-nevis:phrase:0800c8af86707afa">Stop the vehicl#@#@#119#oved.</phrase>
<phrase category="Faulttracing" id="nev21751956n1" phrase-urn="urn:x-nevis:phrase:0800c8af82ba8528">A number of acc#@#@#51#sult.</phrase>
</ptxt>
</item>
<item id="nev21751839n96">
<ptxt id="nev21751839n95">
<phrase category="Faulttracing" id="nev24567476n1" phrase-urn="urn:x-nevis:phrase:0800c8af87189f80">Accelerate the #@#@#45# rpm.</phrase>
<phrase category="Faulttracing" id="nev24567487n1" phrase-urn="urn:x-nevis:phrase:0800c8af87189e0c">Hold the accele#@#@#89#ease.</phrase>
<phrase category="Faulttracing" id="nev21751949n1" phrase-urn="urn:x-nevis:phrase:0800c8af8625bfce">Accelerate to t#@#@#20#gear.</phrase>
<phrase category="Faulttracing" id="nev21759591n1" phrase-urn="urn:x-nevis:phrase:0800c8af86707afa">Stop the vehicl#@#@#119#oved.</phrase>
<phrase category="Faulttracing" id="nev21751957n1" phrase-urn="urn:x-nevis:phrase:0800c8af82ba8528">A number of acc#@#@#51#sult.</phrase>
</ptxt>
</item>
<item>
<ptxt id="nev17703683n1">
<phrase category="Faulttracing" id="nev24567477n1" phrase-urn="urn:x-nevis:phrase:0800c8af87189f81">Accelerate the #@#@#45# rpm.</phrase>
<phrase category="Faulttracing" id="nev24567500n1" phrase-urn="urn:x-nevis:phrase:0800c8af87189e0c">Hold the accele#@#@#89#ease.</phrase>
<phrase category="Faulttracing" id="nev21751950n1" phrase-urn="urn:x-nevis:phrase:0800c8af8625bfce">Accelerate to t#@#@#20#gear.</phrase>
<phrase category="Faulttracing" id="nev21759592n1" phrase-urn="urn:x-nevis:phrase:0800c8af86707afa">Stop the vehicl#@#@#119#oved.</phrase>
<phrase category="Faulttracing" id="nev21751958n1" phrase-urn="urn:x-nevis:phrase:0800c8af82ba8528">A number of acc#@#@#51#sult.</phrase>
</ptxt>
</item>
</list1>
<note>
<ptxt id="nev17703683n6">
<phrase category="Faulttracing" id="nev21751960n1" phrase-urn="urn:x-nevis:phrase:0800c8af86707325">The symbol only#@#@#103#alue.</phrase>
</ptxt>
</note>
<list1 enumtype="n" type="ordered">
<title>
<phrase category="" id="nev17703684n1" phrase-urn="urn:x-nevis:phrase:0800c8af823346cf">Test drive desc#@#@#28#ation</phrase>
</title>
<item>
<ptxt>
<phrase category="Faulttracing" id="nev21751961n1" phrase-urn="urn:x-nevis:phrase:0800c8af86707326">Drive the vehic#@#@#55#gear.</phrase>
<phrase category="Faulttracing" id="nev17703684n3" phrase-urn="urn:x-nevis:phrase:0800c8af830679dd">Let up the thro#@#@#39#till.</phrase>
</ptxt>
<hint id="nev21751839n62">
<ptxt id="nev21751839n61">
<phrase category="Faulttracing" id="nev21751962n1" phrase-urn="urn:x-nevis:phrase:0800c8af86707327">The brake press#@#@#18# bar.</phrase>
</ptxt>
</hint>
</item>
<item>
<ptxt id="nev17703684n4">
<phrase category="Faulttracing" id="nev21759593n1" phrase-urn="urn:x-nevis:phrase:0800c8af8670eddf">Repeat the proc#@#@#118#oved.</phrase>
<phrase category="Faulttracing" id="nev17703684n6" phrase-urn="urn:x-nevis:phrase:0800c8af82ba85c3">Note that a num#@#@#60#sult.</phrase>
<phrase category="Faulttracing" id="nev17703684n7" phrase-urn="urn:x-nevis:phrase:0800c8af82ba85d2">If it is diffic#@#@#69#edal.</phrase>
</ptxt>
</item>
</list1>
<note id="nev21751839n58">
<ptxt id="nev21751839n57">
<phrase category="Faulttracing" id="nev21752887n1" phrase-urn="urn:x-nevis:phrase:0800c8af86707325">The symbol only#@#@#103#alue.</phrase>
</ptxt>
</note>
<list1 enumtype="n" type="ordered">
<title>
<phrase category="" id="nev17703684n8" phrase-urn="urn:x-nevis:phrase:0800c8af823346d2">Description of #@#@#26#ting”</phrase>
</title>
<item>
<ptxt id="nev17703684n9">
<phrase category="Faulttracing" id="nev17703684n10" phrase-urn="urn:x-nevis:phrase:0800c8af81eb931e">Allow the engin#@#@#53#ssed.</phrase>
<phrase category="Faulttracing" id="nev21752888n1" phrase-urn="urn:x-nevis:phrase:0800c8af81eb8fb5">Then move the g#@#@#38#onds.</phrase>
<phrase category="Faulttracing" id="nev17703685n3" phrase-urn="urn:x-nevis:phrase:0800c8af81eb8fc4">Move the gear s#@#@#85#to N.</phrase>
<phrase category="Faulttracing" id="nev21759594n1" phrase-urn="urn:x-nevis:phrase:0800c8af81eab5a4">The adaptation #@#@#102#tion.</phrase>
</ptxt>
</item>
<item id="nev17703685n5">
<ptxt id="nev17703685n6">
<phrase category="Faulttracing" id="nev17703685n7" phrase-urn="urn:x-nevis:phrase:0800c8af81eb931e">Allow the engin#@#@#53#ssed.</phrase>
<phrase category="Faulttracing" id="nev17703685n8" phrase-urn="urn:x-nevis:phrase:0800c8af81eb8fb5">Then move the g#@#@#38#onds.</phrase>
<phrase category="Faulttracing" id="nev17703685n9" phrase-urn="urn:x-nevis:phrase:0800c8af81eb8fc3">Move the gear s#@#@#85#to N.</phrase>
<phrase category="Faulttracing" id="nev21759596n1" phrase-urn="urn:x-nevis:phrase:0800c8af83067c37">The adaption is#@#@#99#on D.</phrase>
</ptxt>
</item>
</list1>
<note id="nev21751839n54">
<ptxt id="nev21751839n53">
<phrase category="Faulttracing" id="nev21752889n1" phrase-urn="urn:x-nevis:phrase:0800c8af86707325">The symbol only#@#@#103#alue.</phrase>
</ptxt>
</note>
<para>
<title>
<phrase category="Faulttracing" id="nev17703686n1" phrase-urn="urn:x-nevis:phrase:0800c8af83067c08">Description of #@#@#23#eck".</phrase>
</title>
<ptxt id="nev17703686n2">
<phrase category="Faulttracing" id="nev21752890n1" phrase-urn="urn:x-nevis:phrase:0800c8af867075d6">If the customer#@#@#191#rmed:</phrase>
</ptxt>
</para>
<list1 enumtype="n" type="ordered">
<item>
<ptxt id="nev17703686n5">
<phrase category="Faulttracing" id="nev21752891n1" phrase-urn="urn:x-nevis:phrase:0800c8af81eb931e">Allow the engin#@#@#53#ssed.</phrase>
</ptxt>
</item>
<item id="nev21751839n46">
<ptxt id="nev21751839n45">
<phrase category="Faulttracing" id="nev21752893n1" phrase-urn="urn:x-nevis:phrase:0800c8af81eb8fc2">Move the gear s#@#@#17#on D.</phrase>
<phrase category="Faulttracing" id="nev21759597n1" phrase-urn="urn:x-nevis:phrase:0800c8af8670ede0">Wait about 30 s#@#@#98#anel.</phrase>
</ptxt>
</item>
<item id="nev21751839n48">
<ptxt id="nev21751839n47">
<phrase category="Faulttracing" id="nev21752939n1" phrase-urn="urn:x-nevis:phrase:0800c8af8667bd7e">Release the bra#@#@#42#idle.</phrase>
</ptxt>
</item>
<item id="nev21751839n50">
<ptxt id="nev21751839n49">
<phrase category="Faulttracing" id="nev21752940n1" phrase-urn="urn:x-nevis:phrase:0800c8af8667bd7f">Brake until the#@#@#18#nary.</phrase>
</ptxt>
</item>
<item>
<ptxt id="nev17703686n10">
<phrase category="Faulttracing" id="nev21752941n1" phrase-urn="urn:x-nevis:phrase:0800c8af867075d8">Repeat points 1#@#@#53#king.</phrase>
</ptxt>
</item>
</list1>
<note>
<ptxt>
<phrase category="Faulttracing" id="nev21753096n1" phrase-urn="urn:x-nevis:phrase:0800c8af867075d4">Adaption of the#@#@#84#t it.</phrase>
</ptxt>
</note>
<diaglist>
<dgraphic>
<dgraphic1 id="nev17703687n9">
<graphic id="nev17703687n10">
<href>0900c8af82bb2f5#@#@#9#.jpeg</href>
</graphic>
</dgraphic1>
<dgraphic2>
<graphic id="nev17703688n1">
<href>0900c8af86c8681#@#@#9#.jpeg</href>
</graphic>
<smarttool active="press" id="nev17703688n2"/>
</dgraphic2>
</dgraphic>
</diaglist>
<grate id="nev17703688n3">
<graphic id="nev17703688n4">
<href>0900c8af82f3b61#@#@#9#.jpeg</href>
</graphic>
</grate>
</test2>
</test1>
<question>
Select Continue.
</question>
<resact-grp>
<result button="cont" comp="button" highlight="0"/>
<action j2008use="1" paperuse="1" screenuse="1">
<return value="DONE"/>
</action>
</resact-grp>
</node>
</testgrp>
</diagnostic>
</servinfosub>