<?xml version="1.0" encoding="UTF-8"?><servinfosub IE-ID="en-US0900c8af84fd610c" docno="VCC-418599" id="nev15780166n1" xml:lang="en-US">
<title>
<phrase category="Title" id="nev15780166n2" phrase-urn="urn:x-nevis:phrase:0800c8af81eb9a59">Fault-tracing</phrase>
</title>
<diagnostic j2008use="1" layout="1" paperuse="1" screenuse="1" type="test">
<testgrp IE-ID="en-US0900c8af84fd610c_nev15780166n3" id="nev15780166n3" j2008use="1" paperuse="1" resumable="1" screenuse="1" testgrp-id="node1" x="80" y="60">
<title>
<phrase category="Title" id="nev16036698n1" phrase-urn="urn:x-nevis:phrase:0800c8af85057ac5">Vehicle configu#@#@#7#error</phrase>
</title>
<node>
<test1>
<diaglist>
<dgraphic id="nev15780166n5">
<dgraphic1 id="nev15780166n6">
<graphic id="nev15780166n7">
<href>0900c8af80054d5#@#@#9#.jpeg</href>
</graphic>
</dgraphic1>
</dgraphic>
<ditem>
<ptxt>
<phrase category="Faulttracing" id="nev15780166n8" phrase-urn="urn:x-nevis:phrase:0800c8af81976d4a">Ignition on.</phrase>
</ptxt>
</ditem>
</diaglist>
<test2>
<para>
<ptxt>
<phrase category="Faulttracing" id="nev16036043n1" phrase-urn="urn:x-nevis:phrase:0800c8af85057a8a">This fault code#@#@#227#ctly.</phrase>
<phrase category="Faulttracing" id="nev15780307n1" phrase-urn="urn:x-nevis:phrase:0800c8af84fa2857">This means that#@#@#58#tion.</phrase>
</ptxt>
</para>
<para>
<ptxt>
<phrase category="Faulttracing" id="nev15780305n1" phrase-urn="urn:x-nevis:phrase:0800c8af84fa285c">Perform another#@#@#87#tion.</phrase>
</ptxt>
</para>
<hint id="nev15780175n97">
<ptxt id="nev15780175n96">
<phrase category="Faulttracing" id="nev15780311n1" phrase-urn="urn:x-nevis:phrase:0800c8af84fa2882">In connection w#@#@#66#ules.</phrase>
<phrase category="Faulttracing" id="nev15780312n1" phrase-urn="urn:x-nevis:phrase:0800c8af8488f223">These diagnosti#@#@#43#tion.</phrase>
</ptxt>
</hint>
<diaglist>
<dgraphic>
<dgraphic2>
<graphic id="nev15780168n9">
<href>0900c8af86c8681#@#@#9#.jpeg</href>
</graphic>
<smarttool active="press" id="l1271407383704"/>
</dgraphic2>
</dgraphic>
</diaglist>
</test2>
</test1>
<question/>
<resact-grp id="nev15780175n93">
<result button="cont" comp="button" highlight="0" id="nev15780175n92"/>
<action id="nev15780175n77" j2008use="1" paperuse="0" screenuse="1">
<ptxt id="nev15780175n76">
<xref id="nev15780175n75">
<ref id="nev15780175n74"/>
</xref>
</ptxt>
</action>
</resact-grp>
</node>
</testgrp>
<testgrp id="nev15780175n82" j2008use="1" paperuse="0" resumable="1" screenuse="1" testgrp-id="node2" x="140" y="260">
<title id="nev15780175n81">
<phrase category="Title" id="nev15780949n1" phrase-urn="urn:x-nevis:phrase:0800c8af81eb99f4">Reading off dia#@#@#23#DTCs)</phrase>
</title>
<node id="nev15780175n80">
<test1 id="nev15780175n79">
<diaglist>
<dgraphic>
<dgraphic1>
<graphic id="l1271407849063">
<href>0900c8af80054d5#@#@#9#.jpeg</href>
</graphic>
</dgraphic1>
</dgraphic>
<ditem id="nev15780175n73">
<ptxt id="nev15780175n72">
<phrase category="Faulttracing" id="nev15780952n1" phrase-urn="urn:x-nevis:phrase:0800c8af81976d4a">Ignition on.</phrase>
</ptxt>
</ditem>
</diaglist>
<test2>
<para id="nev15780175n70">
<ptxt id="nev15780175n69">
<phrase category="Faulttracing" id="nev15780953n1" phrase-urn="urn:x-nevis:phrase:0800c8af82264eb3">Read out the di#@#@#77#tion.</phrase>
</ptxt>
</para>
<diaglist>
<dgraphic>
<dgraphic2>
<graphic id="l1271407875516">
<href>0900c8af86c8681#@#@#9#.jpeg</href>
</graphic>
<smarttool active="press" id="l1271407975391"/>
</dgraphic2>
</dgraphic>
</diaglist>
</test2>
</test1>
<question id="nev15780175n78">
Are the diagno#@#@#34#red?
</question>
<resact-grp id="nev15780175n57">
<result button="yes" comp="button" highlight="0" id="nev15780175n56"/>
<action id="nev16046366n100" j2008use="1" paperuse="0" screenuse="1">
<ptxt id="nev16046366n99">
<xref id="nev16046366n98">
<ref id="nev16046366n97"/>
</xref>
</ptxt>
</action>
</resact-grp>
<resact-grp id="nev15780175n55">
<result button="no" comp="button" highlight="0" id="nev15780175n54"/>
<action id="nev16046366n96" j2008use="1" paperuse="0" screenuse="1">
<ptxt id="nev16046366n95">
<xref id="nev16046366n94">
<ref id="nev16046366n93"/>
</xref>
</ptxt>
</action>
</resact-grp>
</node>
</testgrp>
<testgrp id="nev15780175n37" j2008use="1" paperuse="0" resumable="1" screenuse="1" testgrp-id="info2" x="60" y="540">
<title id="nev15780175n36">
<phrase category="Title" id="nev15780969n1" phrase-urn="urn:x-nevis:phrase:0800c8af81ea4c43">Fault-tracing i#@#@#5#ation</phrase>
</title>
<subcalloutnode id="nev15780175n35">
<diagcallout id="nev15780175n34">
<xref id="nev15780175n33">
<ref id="l1271414296589"/>
</xref>
</diagcallout>
<rescall-grp id="nev15780175n32">
<result comp="string" highlight="0" id="nev15780175n31" op="eq" return="NEW TRY"/>
<calloutaction id="nev15780175n24">
<ptxt id="nev15780175n23">
<xref id="nev15780175n22">
<ref id="nev15780175n21"/>
</xref>
</ptxt>
</calloutaction>
</rescall-grp>
<rescall-grp id="nev15780175n30">
<result comp="string" highlight="0" id="nev15780175n29" op="eq" return="FAULT FOUND"/>
<calloutaction id="nev15780175n7">
<return id="nev15780175n6" value="FAULT FOUND"/>
</calloutaction>
</rescall-grp>
</subcalloutnode>
</testgrp>
<testgrp id="nev16027214n100" j2008use="1" paperuse="0" resumable="1" screenuse="1" x="200" y="360">
<title id="nev16027214n99">
<phrase category="Title" id="nev16027461n1" phrase-urn="urn:x-nevis:phrase:0800c8af81eb9a5b">Fault-tracing i#@#@#5#ation</phrase>
</title>
<node id="nev16027214n98">
<test1 id="nev16027214n97">
<test2 id="nev16027214n85">
<ptxt id="nev16027214n84">
<phrase category="Faulttracing" id="nev16027462n1" phrase-urn="urn:x-nevis:phrase:0800c8af8345f06f">Fault-trace the#@#@#28#CEM).</phrase>
</ptxt>
</test2>
</test1>
<question id="nev16027214n96"/>
<resact-grp id="nev16027214n91">
<result button="cont" comp="button" highlight="0" id="nev16027214n90"/>
<action id="nev16027214n89" j2008use="1" paperuse="0" screenuse="1">
<ptxt id="nev16027214n88">
<xref id="nev16027214n87">
<ref id="nev16027214n86"/>
</xref>
</ptxt>
</action>
</resact-grp>
</node>
</testgrp>
</diagnostic>
</servinfosub>