<?xml version="1.0" encoding="UTF-8"?><servinfosub IE-ID="en-US0900c8af8106410c" docno="VCC-109062" id="KC02397195" servinfosubId="nev20684284n1-nev20684284n2" servinfosubRes="0900c8af862b9b75" servinfosubRes2="urn:x-nevis:fragment:0900c8af8106410c:0900c8af862b9b75#nev20684284n2" xml:lang="en-US">
<title>System specific#@#@#1#tions</title>
<table frame="all" pgwide="1">
<title>
<emph>Performance, co#@#@#10# fuel</emph>
</title>
<tgroup cols="7" colsep="1" rowsep="1">
<colspec colwidth="54*"/>
<colspec colwidth="56*"/>
<colspec colwidth="88*"/>
<colspec colname="col4" colwidth="46*"/>
<colspec colname="col5" colwidth="53*"/>
<colspec colname="col6" colwidth="43*"/>
<colspec colname="col7" colwidth="56*"/>
<tbody>
<row>
<entry align="left" morerows="1" valign="top">
<ptxt>
<emph>Engine design</emph>
</ptxt>
</entry>
<entry align="left" morerows="1" valign="top">
<ptxt>
<emph>Compression</emph>
</ptxt>
</entry>
<entry align="left" morerows="1" valign="top">
<ptxt>
<emph>Fuel requirement</emph>
</ptxt>
</entry>
<entry align="left" nameend="col5" namest="col4" valign="top">
<ptxt>
<emph> Output</emph>
</ptxt>
</entry>
<entry align="left" nameend="col7" namest="col6" valign="top">
<ptxt>
<emph> Maximum torque</emph>
</ptxt>
</entry>
</row>
<row>
<entry align="left" valign="top">
<ptxt>
<emph>kW at rps</emph>
</ptxt>
</entry>
<entry align="left" valign="top">
<ptxt>
<emph>hp at rpm</emph>
</ptxt>
</entry>
<entry align="left" valign="top">
<ptxt>
<emph>Nm at rps</emph>
</ptxt>
</entry>
<entry align="left" valign="top">
<ptxt>
<emph>kpm at rpm</emph>
</ptxt>
</entry>
</row>
<row>
<entry align="left" valign="top">
<ptxt>D5252T</ptxt>
</entry>
<entry align="left" valign="top">
<ptxt>20.5:1</ptxt>
</entry>
<entry align="left" valign="top">
<ptxt>Diesel</ptxt>
</entry>
<entry align="left" valign="top">
<ptxt>103/67</ptxt>
</entry>
<entry align="left" valign="top">
<ptxt>140/4000</ptxt>
</entry>
<entry align="left" valign="top">
<ptxt>290/32</ptxt>
</entry>
<entry align="left" valign="top">
<ptxt>29,6/1900</ptxt>
</entry>
</row>
</tbody>
</tgroup>
</table>
<para>
<title>Charging pressu#@#@#22#ssure</title>
<ptxt>Maximum chargin#@#@#41#ure).</ptxt>
<ptxt>The charging pr#@#@#96#ssure</ptxt>
</para>
<para>
<title>Compression pressure</title>
<ptxt>Normal value: 2#@#@#18#kp/cm<sup>2</sup>). Maximum diff#@#@#43# MPa.</ptxt>
<ptxt>Applies when th#@#@#76#rpm).</ptxt>
</para>
<para>
<title>Injection order</title>
<ptxt>Injection order#@#@#5#4-5-3</ptxt>
</para>
<table frame="all" pgwide="0">
<title>
<emph>Idling speed</emph>
</title>
<tgroup cols="2" colsep="1" rowsep="1">
<colspec colwidth="198*"/>
<colspec colwidth="198*"/>
<tbody>
<row>
<entry align="left" valign="top">
<ptxt>
<emph>Engine design</emph>
</ptxt>
</entry>
<entry align="left" valign="top">
<ptxt>Speed rps (rpm)</ptxt>
</entry>
</row>
<row>
<entry align="left" valign="top">
<ptxt>D5252T</ptxt>
</entry>
<entry align="left" valign="top">
<ptxt>14.0 (810) appl#@#@#10#/V70 </ptxt>
<ptxt>14.0 (800) appl#@#@#6# S80 </ptxt>
</entry>
</row>
</tbody>
</tgroup>
</table>
</servinfosub>