<?xml version="1.0" encoding="UTF-8"?><servinfosub IE-ID="en-US0900c8af8646410c" docno="VCC-295602" id="nev11938029n1" servinfosubId="nev20683826n1-nev20683826n2" servinfosubRes="0900c8af8648bf35" servinfosubRes2="urn:x-nevis:fragment:0900c8af8646410c:0900c8af8648bf35#nev20683826n2" xml:lang="en-US">
<title id="nev11938029n2">Maintenance ser#@#@#7#apted</title>
<topic id="nev20683826n1-nev11938029n3">
<title id="nev20683826n1-nev11938029n4"/>
<para id="nev20683826n1-nev11938029n5">
<ptxt id="nev20683826n1-nev11938029n6">If the service #@#@#180#rmed.</ptxt>
</para>
<table id="nev20683826n1-nev11938029n7">
<tgroup cols="2" id="nev20683826n1-nev11938029n8">
<colspec colname="col1" colwidth="1.08*" id="nev20683826n1-nev11938029n9"/>
<colspec colname="col2" colwidth="0.92*" id="nev20683826n1-nev11938029n10"/>
<tbody id="nev20683826n1-nev11938030n1">
<row id="nev20683826n1-nev21137366n250">
<entry id="nev20683826n1-nev21137366n249" morerows="0" rotate="0">
<ptxt id="nev20683826n1-nev21137366n248">
<emph etype="bold" id="nev20683826n1-nev21137366n238">Automatic trans#@#@#10#ntrol</emph>
</ptxt>
<ptxt id="nev20683826n1-nev21137366n237">- check the par#@#@#28#witch</ptxt>
</entry>
<entry id="nev20683826n1-nev21137366n240" morerows="0" rotate="0">
<ptxt id="nev20683826n1-nev21137366n239"/>
</entry>
</row>
<row id="nev20683826n1-nev21137366n231">
<entry id="nev20683826n1-nev21137366n230" morerows="0" rotate="0">
<ptxt id="nev20683826n1-nev21137366n229">
<emph etype="bold" id="nev20683826n1-nev21137366n221">Parking brake</emph>
</ptxt>
<ptxt id="nev20683826n1-nev21137366n220">- check and adjust</ptxt>
</entry>
<entry id="nev20683826n1-nev21137366n228" morerows="0" rotate="0">
<ptxt id="nev20683826n1-nev21137366n227"/>
</entry>
</row>
<row id="nev20683826n1-nev21137366n226">
<entry id="nev20683826n1-nev21137366n225" morerows="0" rotate="0">
<ptxt id="nev20683826n1-nev21137366n224">
<emph etype="bold" id="nev20683826n1-nev21137366n219">External lighting</emph>
</ptxt>
<ptxt id="nev20683826n1-nev21137366n218">-check the function</ptxt>
</entry>
<entry id="nev20683826n1-nev21137366n223" morerows="0" rotate="0">
<ptxt id="nev20683826n1-nev21137366n222"/>
</entry>
</row>
<row id="nev20683826n1-nev21137366n236">
<entry id="nev20683826n1-nev21137366n235" morerows="0" rotate="0">
<ptxt id="nev20683826n1-nev21137366n234">
<emph etype="bold" id="nev20683826n1-nev21137366n217">Horn</emph>
</ptxt>
<ptxt id="nev20683826n1-nev21137366n216">- check the signal</ptxt>
</entry>
<entry id="nev20683826n1-nev21137366n233" morerows="0" rotate="0">
<ptxt id="nev20683826n1-nev21137366n232"/>
</entry>
</row>
<row id="nev20683826n1-nev21137366n215">
<entry id="nev20683826n1-nev21137366n214" morerows="0" rotate="0">
<ptxt id="nev20683826n1-nev21137366n213">
<emph etype="bold" id="nev20683826n1-nev21137366n210">Headlamp/fog lamp</emph>
</ptxt>
<ptxt id="nev20683826n1-nev21137366n208">- check and adj#@#@#16#tings</ptxt>
</entry>
<entry id="nev20683826n1-nev21137366n212" morerows="0" rotate="0">
<ptxt id="nev20683826n1-nev21137366n211"/>
</entry>
</row>
<row id="nev20683826n1-nev21137366n207">
<entry id="nev20683826n1-nev21137366n206" morerows="0" rotate="0">
<ptxt id="nev20683826n1-nev21137366n205">
<emph etype="bold" id="nev20683826n1-nev21137366n202">Washers and wip#@#@#28#lamps</emph>
</ptxt>
<ptxt id="nev20683826n1-nev21137366n201">- check the fun#@#@#22# wear</ptxt>
</entry>
<entry id="nev20683826n1-nev21137366n204" morerows="0" rotate="0">
<ptxt id="nev20683826n1-nev21137366n203"/>
</entry>
</row>
<row id="nev20683826n1-nev21137366n200">
<entry id="nev20683826n1-nev21137366n199" morerows="0" rotate="0">
<ptxt id="nev20683826n1-nev21137366n198">
<emph etype="bold" id="nev20683826n1-nev21137366n195">Seat belt</emph>
</ptxt>
<ptxt id="nev20683826n1-nev21137366n194">- check the fun#@#@#22# wear</ptxt>
</entry>
<entry id="nev20683826n1-nev21137366n197" morerows="0" rotate="0">
<ptxt id="nev20683826n1-nev21137366n196"/>
</entry>
</row>
<row id="nev20683826n1-nev11938030n2">
<entry colname="col1" id="nev20683826n1-nev11938030n3" morerows="0" rotate="0">
<ptxt id="nev20683826n1-nev11938030n4">
<emph etype="bold" id="nev20683826n1-nev11938030n5">Engine oil,</emph>
</ptxt>
<ptxt id="nev20683826n1-nev11938030n6">
<emph etype="bold" id="nev20683826n1-nev11938030n7">oil filter</emph>
</ptxt>
<ptxt id="nev20683826n1-nev11938030n8">-replace</ptxt>
</entry>
<entry colname="col2" id="nev20683826n1-nev11938030n9" morerows="0" rotate="0"/>
</row>
<row id="nev20683826n1-nev21137366n193">
<entry id="nev20683826n1-nev21137366n192" morerows="0" rotate="0">
<ptxt id="nev20683826n1-nev21137366n191">
<emph etype="bold" id="nev20683826n1-nev21137366n188">Wheels and tires</emph>
</ptxt>
<ptxt id="nev20683826n1-nev21137366n187">(excluding spar#@#@#3#heel)</ptxt>
<ptxt id="nev20683826n1-nev21137366n186">- check for dam#@#@#19#ssure</ptxt>
</entry>
<entry id="nev20683826n1-nev21137366n190" morerows="0" rotate="0">
<ptxt id="nev20683826n1-nev21137366n189"/>
</entry>
</row>
<row id="nev20683826n1-nev11938030n10">
<entry colname="col1" id="nev20683826n1-nev11938031n1" morerows="0" rotate="0" valign="middle">
<ptxt id="nev20683826n1-nev11938031n2">
<emph etype="bold" id="nev20683826n1-nev11938031n3">Brake pads,</emph>
</ptxt>
<ptxt id="nev20683826n1-nev11938031n4">
<emph etype="bold" id="nev20683826n1-nev11938031n5">brake discs</emph>
</ptxt>
<ptxt id="nev20683826n1-nev11938031n6">-check</ptxt>
</entry>
<entry colname="col2" id="nev20683826n1-nev11938031n7" morerows="0" rotate="0" valign="middle">
<xref id="nev20683826n1-nev16743044n247">
<ref id="nev20683826n1-nev16743044n246"/>
</xref>
<xref id="nev20683826n1-nev16743044n242">
<ref id="nev20683826n1-nev16743044n241"/>
</xref>
</entry>
</row>
<row id="nev20683826n1-nev21137366n185">
<entry id="nev20683826n1-nev21137366n184" morerows="0" rotate="0" valign="middle">
<ptxt id="nev20683826n1-nev21137366n183">
<emph etype="bold" id="nev20683826n1-nev21137366n180">Fluid levels - #@#@#13#tment</emph>
</ptxt>
<ptxt id="nev20683826n1-nev21137366n179">- check and adj#@#@#15#luid,</ptxt>
<ptxt id="nev20683826n1-nev21195704n243"> clutch fluid,</ptxt>
<ptxt id="nev20683826n1-nev21195704n242"> power steering#@#@#2#luid,</ptxt>
<ptxt id="nev20683826n1-nev21195704n241"> washer fluid,</ptxt>
<ptxt id="nev20683826n1-nev21195704n240"> coolant</ptxt>
</entry>
<entry id="nev20683826n1-nev21137366n182" morerows="0" rotate="0" valign="middle">
<ptxt id="nev20683826n1-nev21137366n181"/>
</entry>
</row>
<row id="nev20683826n1-nev21137366n177">
<entry id="nev20683826n1-nev21137366n176" morerows="0" rotate="0" valign="middle">
<ptxt id="nev20683826n1-nev21137366n175">
<emph etype="bold" id="nev20683826n1-nev21137366n172">Engine coolant</emph>
</ptxt>
<ptxt id="nev20683826n1-nev21137366n171">- check and adj#@#@#40#agent</ptxt>
</entry>
<entry id="nev20683826n1-nev21137366n174" morerows="0" rotate="0" valign="middle">
<ptxt id="nev20683826n1-nev21137366n173"/>
</entry>
</row>
<row id="nev20683826n1-nev11938032n1">
<entry colname="col1" id="nev20683826n1-nev11938032n2" morerows="0" rotate="0">
<ptxt id="nev20683826n1-nev11938032n3">
<emph etype="bold" id="nev20683826n1-nev11938032n4">SRI</emph>
</ptxt>
<ptxt id="nev20683826n1-nev11938032n5">- set the servi#@#@#30# zero</ptxt>
</entry>
<entry colname="col2" id="nev20683826n1-nev11938032n6" morerows="0" rotate="0"/>
</row>
</tbody>
</tgroup>
</table>
</topic>
<topic id="nev20683826n1-nev11938032n7">
<title id="nev20683826n1-nev11938032n8">Interval supple#@#@#44#0 km </title>
<para id="nev20683826n1-nev11938032n9">
<ptxt id="nev20683826n1-nev11938032n10">For certain kil#@#@#231#gram.</ptxt>
</para>
</topic>
<topic id="nev20683826n1-nev11938033n1">
<title id="nev20683826n1-nev11938033n2">Interval supple#@#@#44#0 km </title>
<para id="nev20683826n1-nev11938033n3">
<ptxt id="nev20683826n1-nev11938033n4">For certain kil#@#@#231#gram.</ptxt>
</para>
</topic>
</servinfosub>