<?xml version="1.0" encoding="UTF-8"?><servinfosub IE-ID="en-US0800c8af80a3d017" docno="T9992730" id="ST-0800c8af80a3d017" xml:lang="en-US">
<title>999 2730 Drift </title>
<grate>
<graphic id="0900c8af8005d70f"/>
<graphtext>
<deflist>
<defitem>
<term>Tool number:</term>
<def>999 2730-3</def>
</defitem>
<defitem>
<term>Tool description:</term>
<def>Drift (rear sus#@#@#23#0,160</def>
</defitem>
<defitem>
<term>Tool board:</term>
<def>US99</def>
</defitem>
</deflist>
</graphtext>
</grate>
</servinfosub>