<?xml version="1.0" encoding="UTF-8"?><servinfosub IE-ID="en-US0900c8af830e3017" docno="VCC-278553" id="nev11222613n1" servinfosubId="nev20684540n1-nev20684540n2" servinfosubRes="0900c8af862b9d88" servinfosubRes2="urn:x-nevis:fragment:0900c8af830e3017:0900c8af862b9d88#nev20684540n2" xml:lang="en-US">
<title id="nev11222623n1">Signal specification</title>
<para id="nev20684540n1-nev11222623n3">
<title id="nev20684540n1-nev11222623n5">General</title>
<ptxt id="nev20684540n1-nev11222623n7">All the values #@#@#160#ntry.</ptxt>
</para>
<note id="nev20684540n1-nev11222623n9">
<ptxt id="nev20684540n1-nev11222623n11">It is important#@#@#45#ings.</ptxt>
</note>
<table frame="none" id="nev20684540n1-nev11222623n13" pgwide="1">
<tgroup cols="4" colsep="0" id="nev20684540n1-nev11222623n15" rowsep="0">
<colspec colwidth="48*" id="nev20684540n1-nev11222623n17"/>
<colspec colwidth="125*" id="nev20684540n1-nev11222623n18"/>
<colspec colwidth="46*" id="nev20684540n1-nev11222623n19"/>
<colspec colwidth="177*" id="nev20684540n1-nev11222623n20"/>
<tbody id="nev20684540n1-nev11222623n21">
<row id="nev20684540n1-nev11222623n23">
<entry align="left" id="nev20684540n1-nev11222623n25" valign="top">
<ptxt id="nev20684540n1-nev11222623n27">U=</ptxt>
</entry>
<entry align="left" id="nev20684540n1-nev11222623n29" valign="top">
<ptxt id="nev20684540n1-nev11222623n31">DC voltage in v#@#@#3#s (V)</ptxt>
</entry>
<entry align="left" id="nev20684540n1-nev11222623n33" valign="top">
<ptxt id="nev20684540n1-nev11222623n35">U<sub id="nev20684540n1-nev11222623n37">AC</sub> =</ptxt>
</entry>
<entry align="left" id="nev20684540n1-nev11222623n39" valign="top">
<ptxt id="nev20684540n1-nev11222623n41">AC voltage in v#@#@#4# (V) </ptxt>
</entry>
</row>
<row id="nev20684540n1-nev11222623n43">
<entry align="left" id="nev20684540n1-nev11222623n45" valign="top">
<ptxt id="nev20684540n1-nev11222623n47">U<sub id="nev20684540n1-nev11222623n49">bat</sub>=</ptxt>
</entry>
<entry align="left" id="nev20684540n1-nev11222623n51" valign="top">
<ptxt id="nev20684540n1-nev11222623n53">Battery voltage (V)</ptxt>
</entry>
<entry align="left" id="nev20684540n1-nev11222623n55" valign="top">
<ptxt id="nev20684540n1-nev11222623n57">f =</ptxt>
</entry>
<entry align="left" id="nev20684540n1-nev11222623n59" valign="top">
<ptxt id="nev20684540n1-nev11222623n61">Frequency in He#@#@#3# (Hz)</ptxt>
</entry>
</row>
<row id="nev20684540n1-nev11222623n63">
<entry align="left" id="nev20684540n1-nev11222623n65" valign="top">
<ptxt id="nev20684540n1-nev11222623n67">U<sub id="nev20684540n1-nev11222623n69">low</sub>=</ptxt>
</entry>
<entry align="left" id="nev20684540n1-nev11222623n71" valign="top">
<ptxt id="nev20684540n1-nev11222623n73">Voltage approxi#@#@#5#y 0 V</ptxt>
</entry>
<entry align="left" id="nev20684540n1-nev11222623n75" valign="top">
<ptxt id="nev20684540n1-nev11222623n77">t =</ptxt>
</entry>
<entry align="left" id="nev20684540n1-nev11222623n79" valign="top">
<ptxt id="nev20684540n1-nev11222623n81">Time in seconds</ptxt>
</entry>
</row>
<row id="nev20684540n1-nev11222623n83">
<entry align="left" id="nev20684540n1-nev11222623n85" valign="top">
<ptxt id="nev20684540n1-nev11222623n87">PWM =</ptxt>
</entry>
<entry align="left" id="nev20684540n1-nev11222623n89" valign="top">
<ptxt id="nev20684540n1-nev11222623n91">Pulse width mod#@#@#15#s a %</ptxt>
</entry>
<entry id="nev20684540n1-nev11222623n93"/>
<entry id="nev20684540n1-nev11222623n95"/>
</row>
</tbody>
</tgroup>
</table>
<para id="nev20684540n1-nev12269184n241">
<ptxt id="nev20684540n1-nev12269184n240"/>
</para>
<grate id="nev20684540n1-nev11222623n97">
<title id="nev20684540n1-nev12264161n241">Connector C1</title>
<graphic id="nev20684540n1-nev11222632n31">
<href>0900c8af830e305#@#@#9#.jpeg</href>
</graphic>
</grate>
<table frame="all" id="nev20684540n1-nev11222623n103" pgwide="1">
<title id="nev20684540n1-nev11222623n105">Signal table</title>
<tgroup cols="6" colsep="1" id="nev20684540n1-nev11222623n107" rowsep="1">
<colspec colwidth="40*" id="nev20684540n1-nev11222623n109"/>
<colspec colwidth="40*" id="nev20684540n1-nev11222623n110"/>
<colspec colname="col3" colwidth="84.08*" id="nev20684540n1-nev11222623n111"/>
<colspec colwidth="70.77*" id="nev20684540n1-nev11222623n112"/>
<colspec colwidth="54.70*" id="nev20684540n1-nev11222623n113"/>
<colspec colname="col6" colwidth="70*" id="nev20684540n1-nev11222623n114"/>
<thead id="nev20684540n1-nev11222623n115">
<row id="nev20684540n1-nev11222623n117">
<entry align="left" id="nev20684540n1-nev11222623n119" valign="top">
<ptxt id="nev20684540n1-nev11222623n121">
<emph id="nev20684540n1-nev11222623n123">Connection brea#@#@#3#t box</emph>
</ptxt>
</entry>
<entry align="left" id="nev20684540n1-nev11222623n125" valign="top">
<ptxt id="nev20684540n1-nev11222623n127">
<emph id="nev20684540n1-nev11222623n129">Control module #@#@#3#minal</emph>
</ptxt>
</entry>
<entry align="left" id="nev20684540n1-nev11222623n131" valign="top">
<ptxt id="nev20684540n1-nev11222623n133">
<emph id="nev20684540n1-nev11222623n135">Signal type</emph>
</ptxt>
</entry>
<entry align="left" id="nev20684540n1-nev11222623n137" valign="top">
<ptxt id="nev20684540n1-nev11222623n139">
<emph id="nev20684540n1-nev11222623n141">Ignition on</emph>
</ptxt>
</entry>
<entry align="left" id="nev20684540n1-nev11222623n143" valign="top">
<ptxt id="nev20684540n1-nev11222623n145">
<emph id="nev20684540n1-nev11222623n147">Ignition off</emph>
</ptxt>
</entry>
<entry align="left" id="nev20684540n1-nev11222623n149" valign="top">
<ptxt id="nev20684540n1-nev11222623n151">
<emph id="nev20684540n1-nev11222623n153">Other</emph>
</ptxt>
</entry>
</row>
</thead>
<tbody id="nev20684540n1-nev11222623n155">
<row id="nev20684540n1-nev11222623n157">
<entry align="left" id="nev20684540n1-nev11222623n159" valign="top">
<ptxt id="nev20684540n1-nev11222623n161">-</ptxt>
</entry>
<entry align="left" id="nev20684540n1-nev11222623n163" valign="top">
<ptxt id="nev20684540n1-nev11222623n165">#C1-1</ptxt>
</entry>
<entry align="left" id="nev20684540n1-nev11222623n167" valign="top">
<ptxt id="nev20684540n1-nev11222623n169">30-feed</ptxt>
</entry>
<entry align="left" id="nev20684540n1-nev11222623n171" valign="top">
<ptxt id="nev20684540n1-nev11222623n173">U = U<sub id="nev20684540n1-nev11222624n178">bat</sub>
</ptxt>
</entry>
<entry align="left" id="nev20684540n1-nev11222623n175" valign="top">
<ptxt id="nev20684540n1-nev11222623n177">U = U<sub id="nev20684540n1-nev11222631n202">bat</sub>
</ptxt>
</entry>
<entry align="left" id="nev20684540n1-nev11222623n179" valign="top">
<ptxt id="nev20684540n1-nev11222623n181"/>
</entry>
</row>
<row id="nev20684540n1-nev11222623n183">
<entry align="left" id="nev20684540n1-nev11222623n185" valign="top">
<ptxt id="nev20684540n1-nev11222623n187">-</ptxt>
</entry>
<entry align="left" id="nev20684540n1-nev11222623n189" valign="top">
<ptxt id="nev20684540n1-nev11222623n191">#C1-2</ptxt>
</entry>
<entry align="left" id="nev20684540n1-nev11222623n193" valign="top">
<ptxt id="nev20684540n1-nev11222623n195">ground, 30 supply</ptxt>
</entry>
<entry align="left" id="nev20684540n1-nev11222623n197" valign="top">
<ptxt id="nev20684540n1-nev11222623n199">U=U<sub id="nev20684540n1-nev11222630n115">low</sub>
</ptxt>
</entry>
<entry align="left" id="nev20684540n1-nev11222623n201" valign="top">
<ptxt id="nev20684540n1-nev11222623n203">U=U<sub id="nev20684540n1-nev11222631n41">low</sub>
</ptxt>
</entry>
<entry align="left" id="nev20684540n1-nev11222623n205" valign="top">
<ptxt id="nev20684540n1-nev11222623n207"/>
</entry>
</row>
</tbody>
</tgroup>
</table>
<para id="nev20684540n1-nev12269184n239">
<ptxt id="nev20684540n1-nev12269184n238"/>
</para>
<grate id="nev20684540n1-nev11222740n95">
<title id="nev20684540n1-nev12264161n228">Connector C2</title>
<graphic id="nev20684540n1-nev11222740n96">
<href>0900c8af830e30a#@#@#9#.jpeg</href>
</graphic>
</grate>
<table id="nev20684540n1-nev11222740n202" pgwide="1">
<title id="nev20684540n1-nev12264161n215">Signal table</title>
<tgroup cols="6" id="nev20684540n1-nev11222740n203">
<colspec colname="col1" id="nev20684540n1-nev11222740n204"/>
<colspec colname="col2" id="nev20684540n1-nev11222740n205"/>
<colspec colname="col3" id="nev20684540n1-nev11222740n206"/>
<colspec colname="col4" id="nev20684540n1-nev11222740n207"/>
<colspec colname="col5" id="nev20684540n1-nev11222740n208"/>
<colspec colname="col6" id="nev20684540n1-nev11222740n209"/>
<tbody id="nev20684540n1-nev11222740n210">
<row id="nev20684540n1-nev11222740n211">
<entry id="nev20684540n1-nev11222740n212">
<ptxt id="nev20684540n1-nev11222740n213">Connection brea#@#@#3#t box</ptxt>
</entry>
<entry id="nev20684540n1-nev11222740n214">
<ptxt id="nev20684540n1-nev11222740n215">Control module #@#@#3#minal</ptxt>
</entry>
<entry id="nev20684540n1-nev11222740n216">
<ptxt id="nev20684540n1-nev11222740n217">Signal type</ptxt>
</entry>
<entry id="nev20684540n1-nev11222740n218">
<ptxt id="nev20684540n1-nev11222740n219">Ignition on</ptxt>
</entry>
<entry id="nev20684540n1-nev11222740n220">
<ptxt id="nev20684540n1-nev11222740n221">Ignition off</ptxt>
</entry>
<entry id="nev20684540n1-nev11222740n222">
<ptxt id="nev20684540n1-nev11222740n223">Other</ptxt>
</entry>
</row>
<row id="nev20684540n1-nev11222740n224">
<entry id="nev20684540n1-nev11222740n225">
<ptxt id="nev20684540n1-nev11222740n226">-</ptxt>
</entry>
<entry id="nev20684540n1-nev11222740n227">
<ptxt id="nev20684540n1-nev11222740n228">#C2-1</ptxt>
</entry>
<entry id="nev20684540n1-nev11222740n229">
<ptxt id="nev20684540n1-nev11222740n230">Input, antenna</ptxt>
</entry>
<entry id="nev20684540n1-nev11222740n231">
<ptxt id="nev20684540n1-nev11222740n232">-</ptxt>
</entry>
<entry id="nev20684540n1-nev11222740n233">
<ptxt id="nev20684540n1-nev11222740n234">-</ptxt>
</entry>
<entry id="nev20684540n1-nev11222740n235">
<ptxt id="nev20684540n1-nev11222740n236"/>
</entry>
</row>
</tbody>
</tgroup>
</table>
<para id="nev20684540n1-nev12269184n237">
<ptxt id="nev20684540n1-nev12269184n236"/>
</para>
<grate id="nev20684540n1-nev11222698n135">
<title id="nev20684540n1-nev12264161n205">Connector C3</title>
<graphic id="nev20684540n1-nev11222698n136">
<href>0900c8af830e2d8#@#@#9#.jpeg</href>
</graphic>
</grate>
<table id="nev20684540n1-nev11222740n237" pgwide="1">
<title id="nev20684540n1-nev12264161n192">Signal table</title>
<tgroup cols="6" id="nev20684540n1-nev11222740n238">
<colspec colname="col1" id="nev20684540n1-nev11222740n239"/>
<colspec colname="col2" id="nev20684540n1-nev11222740n240"/>
<colspec colname="col3" id="nev20684540n1-nev11222740n241"/>
<colspec colname="col4" id="nev20684540n1-nev11222740n242"/>
<colspec colname="col5" id="nev20684540n1-nev11222740n243"/>
<colspec colname="col6" id="nev20684540n1-nev11222740n244"/>
<tbody id="nev20684540n1-nev11222740n245">
<row id="nev20684540n1-nev11222740n246">
<entry id="nev20684540n1-nev11222740n247">
<ptxt id="nev20684540n1-nev11222740n248">Breakout box te#@#@#1#minal</ptxt>
</entry>
<entry id="nev20684540n1-nev11222740n249">
<ptxt id="nev20684540n1-nev11222740n250">Control module #@#@#3#minal</ptxt>
</entry>
<entry id="nev20684540n1-nev11222766n1">
<ptxt id="nev20684540n1-nev11222766n2">Signal type</ptxt>
</entry>
<entry id="nev20684540n1-nev11222766n3">
<ptxt id="nev20684540n1-nev11222766n4">Ignition on </ptxt>
</entry>
<entry id="nev20684540n1-nev11222766n5">
<ptxt id="nev20684540n1-nev11222766n6">Ignition off</ptxt>
</entry>
<entry id="nev20684540n1-nev11222766n7">
<ptxt id="nev20684540n1-nev11222766n8">Other</ptxt>
</entry>
</row>
<row id="nev20684540n1-nev11222766n9">
<entry id="nev20684540n1-nev11222766n10">
<ptxt id="nev20684540n1-nev11222766n11">-</ptxt>
</entry>
<entry id="nev20684540n1-nev11222766n12">
<ptxt id="nev20684540n1-nev11222766n13">#C3-1</ptxt>
</entry>
<entry id="nev20684540n1-nev11222766n14">
<ptxt id="nev20684540n1-nev11222766n15">Output, optical</ptxt>
</entry>
<entry id="nev20684540n1-nev11222766n16">
<ptxt id="nev20684540n1-nev11222766n17">-</ptxt>
</entry>
<entry id="nev20684540n1-nev11222766n18">
<ptxt id="nev20684540n1-nev11222766n19">-</ptxt>
</entry>
<entry id="nev20684540n1-nev11222766n20">
<ptxt id="nev20684540n1-nev11222766n21"/>
</entry>
</row>
<row id="nev20684540n1-nev11222766n22">
<entry id="nev20684540n1-nev11222766n23">
<ptxt id="nev20684540n1-nev11222766n24">-</ptxt>
</entry>
<entry id="nev20684540n1-nev11222766n25">
<ptxt id="nev20684540n1-nev11222766n26">#C3-2</ptxt>
</entry>
<entry id="nev20684540n1-nev11222766n27">
<ptxt id="nev20684540n1-nev11222766n28">Input, optical</ptxt>
</entry>
<entry id="nev20684540n1-nev11222766n29">
<ptxt id="nev20684540n1-nev11222766n30">-</ptxt>
</entry>
<entry id="nev20684540n1-nev11222766n31">
<ptxt id="nev20684540n1-nev11222766n32">-</ptxt>
</entry>
<entry id="nev20684540n1-nev11222766n33">
<ptxt id="nev20684540n1-nev11222766n34"/>
</entry>
</row>
</tbody>
</tgroup>
</table>
</servinfosub>