<?xml version="1.0" encoding="UTF-8"?><servinfosub IE-ID="en-US0900c8af87b08017" docno="VCC-502818" id="nev27915853n1" original="sv-SE" servinfosubId="nev27915854n1-nev27915853n4" servinfosubRes="0900c8af87c70936" servinfosubRes2="urn:x-nevis:fragment:0900c8af87b08017:0900c8af87c70936#nev27915853n4" xml:lang="en-US">
<operationnumbers>
<operationnumber>51108-0</operationnumber>
<operationnumber>51138-3</operationnumber>
<operationnumber>51137-3</operationnumber>
<operationnumber>51106-2</operationnumber>
</operationnumbers>
<title id="nev27915853n2">Front brake caliper</title>
<toolitemtable id="nev27915854n1-nev28153696n26">
<table id="nev27915854n1-nev28153696n25">
<tgroup cols="2" id="nev27915854n1-nev28153696n24">
<colspec colname="COLSPEC0" colwidth="1.00*" id="nev27915854n1-nev28153696n23"/>
<colspec colname="COLSPEC1" colwidth="1.00*" id="nev27915854n1-nev28153696n22"/>
<thead id="nev27915854n1-nev28153696n21">
<row id="nev27915854n1-nev28153696n20">
<entry id="nev27915854n1-nev28153696n19" nameend="COLSPEC1" namest="COLSPEC0" valign="top">
<ptxt id="nev27915854n1-nev28153696n18">
<emph id="nev27915854n1-nev28153696n17">Special tools</emph>
</ptxt>
</entry>
</row>
</thead>
<tbody id="nev27915854n1-nev28153696n16">
<row id="nev27915854n1-nev28153696n15">
<entry id="nev27915854n1-nev28153696n14">
<graphic id="nev27915854n1-nev28153696n13">
<href>0900c8af84acbd3#@#@#9#.jpeg</href>
</graphic>
</entry>
<entry id="nev27915854n1-nev28153696n12">
<ptxt id="nev27915854n1-nev28153696n11">
<emph id="nev27915854n1-nev28153696n10">999 7394 Pedal lock</emph>
</ptxt>
<ptxt id="nev27915854n1-nev28153696n8">
<emph id="nev27915854n1-nev28153696n7">Tool number:</emph>999 7394</ptxt>
<ptxt id="nev27915854n1-nev28153696n6">
<emph id="nev27915854n1-nev28153696n5">Tool description:</emph>Pedal lock</ptxt>
<ptxt id="nev27915854n1-nev28153696n3">
<emph id="nev27915854n1-nev28153696n2">Tool boards:</emph>50</ptxt>
</entry>
</row>
</tbody>
</tgroup>
</table>
</toolitemtable>
<procedure id="nev27915854n1-nev28087765n87">
<stepgrp boilerplate="false" context="" id="nev27915854n1-nev28153696n60">
<title id="nev27915854n1-0800c8af844a46f6">Removal</title>
<procstep id="nev27915854n1-nev28136642n77">
<note id="nev27915854n1-0800c8af844a42fa">
<ptxt>Removal steps i#@#@#45#ails.</ptxt>
</note>
</procstep>
<procstep id="nev27915854n1-nev28136642n75">
<para id="nev27915854n1-nev28153696n58">
<ptxt id="nev27915854n1-nev28153696n59">Remove relevant#@#@#6#wheel<xref boilerplate="true" id="nev27915854n1-0800c8af85d21147">
<ref id="nev27915854n1-nev28097483n11"/>
</xref>
</ptxt>
</para>
</procstep>
<procstep id="nev27915854n1-nev28136642n71">
<grate id="nev27915854n1-nev28153696n56">
<graphic id="nev27915854n1-nev28153696n57">
<href>0900c8af87bd7cc#@#@#9#.jpeg</href>
</graphic>
<graphtext id="nev27915854n1-nev28153706n1">
<caution id="nev27915854n1-0800c8af844a40b2">
<ptxt>Use an open-end#@#@#43#ning.</ptxt>
</caution>
<para id="nev27915854n1-nev28153696n54">
<ptxt id="nev27915854n1-nev28153696n55">Remove the screw.</ptxt>
</para>
<para id="nev27915854n1-nev28153696n52">
<ptxt id="nev27915854n1-nev28153696n53">
<torque id="nev27915854n1-nev28136643n91">
<ref id="nev27915854n1-nev28136635n29"/>
</torque>
</ptxt>
</para>
</graphtext>
</grate>
</procstep>
<procstep id="nev27915854n1-nev28136642n62">
<grate id="nev27915854n1-nev28153696n50">
<graphic id="nev27915854n1-nev28153696n51">
<href>0900c8af865c206#@#@#9#.jpeg</href>
</graphic>
<graphtext id="nev27915854n1-nev28153713n1">
<caution id="nev27915854n1-0800c8af853bbcbb">
<ptxt>Observe caution#@#@#24#step.</ptxt>
</caution>
<para id="nev27915854n1-nev28153696n48">
<ptxt id="nev27915854n1-nev28153696n49">
<toolitem boilerplate="true" id="nev27915854n1-nev28136643n84" imageid="0900c8af84acbd3a"/>
</ptxt>
</para>
</graphtext>
</grate>
</procstep>
<procstep id="nev27915854n1-nev28136642n55">
<grate id="nev27915854n1-nev28153696n46">
<graphic id="nev27915854n1-nev28153696n47">
<href>0900c8af87bdeda#@#@#9#.jpeg</href>
</graphic>
<graphtext id="nev27915854n1-nev28153720n1">
<warning id="nev27915854n1-0800c8af844a4837">
<ptxt>Be prepared to #@#@#18#luid.</ptxt>
</warning>
<warning id="nev27915854n1-0800c8af844a4837">
<ptxt>Be prepared to #@#@#18#luid.</ptxt>
</warning>
<para id="nev27915854n1-nev28153696n44">
<ptxt id="nev27915854n1-nev28153696n45">Loosen the mark#@#@#5#tail.</ptxt>
</para>
<para id="nev27915854n1-nev28153696n40">
<ptxt id="nev27915854n1-nev28153696n42">
<torque id="nev27915854n1-nev28153696n43">
<ref id="nev27915854n1-nev28153696n41"/>
</torque>
</ptxt>
</para>
</graphtext>
</grate>
</procstep>
<procstep id="nev27915854n1-nev28136642n48">
<grate id="nev27915854n1-nev28153696n38">
<graphic id="nev27915854n1-nev28153696n39">
<href>0900c8af87bdee7#@#@#9#.jpeg</href>
</graphic>
<graphtext id="nev27915854n1-nev28153727n1">
<caution id="nev27915854n1-0800c8af844a40b2">
<ptxt>Use an open-end#@#@#43#ning.</ptxt>
</caution>
<para id="nev27915854n1-nev28153696n36">
<ptxt id="nev27915854n1-nev28153696n37">Remove the screw.</ptxt>
</para>
<para id="nev27915854n1-nev28153696n34">
<ptxt id="nev27915854n1-nev28153696n35">Remove the mark#@#@#3#part.</ptxt>
</para>
<para id="nev27915854n1-nev28153696n32">
<ptxt id="nev27915854n1-nev28153696n33">
<torque id="nev27915854n1-nev28136643n69">
<ref id="nev27915854n1-nev28136635n11"/>
</torque>
</ptxt>
</para>
</graphtext>
</grate>
</procstep>
</stepgrp>
<stepgrp boilerplate="false" context="" id="nev27915854n1-nev28153696n31">
<title id="nev27915854n1-0800c8af844a46f9">Installation</title>
<procstep id="nev27915854n1-nev28136642n35">
<para id="nev27915854n1-nev28153696n29">
<ptxt id="nev27915854n1-nev28153696n30">To install, rev#@#@#22#dure.</ptxt>
</para>
</procstep>
<procstep id="nev27915854n1-nev28136642n32">
<para id="nev27915854n1-nev28153696n27">
<ptxt id="nev27915854n1-nev28153696n28">Follow instruct#@#@#27#ystem<xref boilerplate="true" id="nev27915854n1-0800c8af87bdee62">
<ref id="nev27915854n1-nev28087799n44"/>
</xref>
</ptxt>
</para>
</procstep>
</stepgrp>
</procedure>
</servinfosub>