<?xml version="1.0" encoding="UTF-8"?><servinfosub IE-ID="en-US0900c8af84a3c017" docno="VCC-291141" id="nev11780665n1" xml:lang="en-US">
<title>
<phrase category="" id="nev11780665n2" phrase-urn="urn:x-nevis:phrase:0800c8af823e76e9">Diagnostic trou#@#@#33#17100</phrase>
</title>
<diagnostic j2008use="1" paperuse="1" screenuse="1" type="condition">
<condgrp>
<condition type="condition">
<para>
<ptxt>
<phrase category="Condition" id="nev11780665n3" phrase-urn="urn:x-nevis:phrase:0800c8af824fdcf3">Engine Control #@#@#106#reas.</phrase>
<phrase category="Condition" id="nev11780665n4" phrase-urn="urn:x-nevis:phrase:0800c8af824fde1e">If Engine Contr#@#@#189#ated.</phrase>
</ptxt>
</para>
</condition>
</condgrp>
<condgrp>
<condition type="substitution">
<list1 enumtype="d" type="unordered">
<item>
<ptxt>
<phrase category="" id="nev11780665n5" phrase-urn="urn:x-nevis:phrase:0800c8af823e76eb">Nothing.</phrase>
</ptxt>
</item>
</list1>
</condition>
<ps>
<list1 enumtype="d" type="unordered">
<item id="nev14784834n98">
<ptxt id="nev14784834n97">
<phrase category="Possible source" id="nev14784836n1" phrase-urn="urn:x-nevis:phrase:0800c8af84a31504">Too high ethano#@#@#13#fuel.</phrase>
</ptxt>
</item>
<item id="nev14145227n100">
<ptxt id="nev14145227n99">
<phrase category="Possible source" id="nev14145229n1" phrase-urn="urn:x-nevis:phrase:0800c8af8472632d">Incorrectly ins#@#@#37#age).</phrase>
</ptxt>
</item>
<item id="nev14773801n100">
<ptxt id="nev14773801n99">
<phrase category="Faulttracing" id="nev14773803n1" phrase-urn="urn:x-nevis:phrase:0800c8af841d963b">Damaged or inco#@#@#25#lves.</phrase>
</ptxt>
</item>
<item>
<ptxt>
<phrase category="" id="nev11780665n6" phrase-urn="urn:x-nevis:phrase:0800c8af823e76ec">Air leakage int#@#@#8#fold.</phrase>
</ptxt>
</item>
<item>
<ptxt>
<phrase category="" id="nev11780665n7" phrase-urn="urn:x-nevis:phrase:0800c8af823e76ed">Air leakage, ex#@#@#6#pipe.</phrase>
</ptxt>
</item>
<item>
<ptxt>
<phrase category="" id="nev11780665n8" phrase-urn="urn:x-nevis:phrase:0800c8af823e76ee">Low fuel pressure.</phrase>
</ptxt>
</item>
<item>
<ptxt>
<phrase category="" id="nev11780665n9" phrase-urn="urn:x-nevis:phrase:0800c8af823e76ef">Damaged mass ai#@#@#9#nsor.</phrase>
</ptxt>
</item>
</list1>
</ps>
</condgrp>
<condgrp>
<condition type="symptom">
<list1 enumtype="d" type="unordered">
<item>
<ptxt>
<phrase category="" id="nev11780665n10" phrase-urn="urn:x-nevis:phrase:0800c8af823e76f0">Malfunction ind#@#@#17# lit.</phrase>
</ptxt>
</item>
<item>
<ptxt>
<phrase category="" id="nev11780666n1" phrase-urn="urn:x-nevis:phrase:0800c8af823e76f1">Poor performance.</phrase>
</ptxt>
</item>
<item>
<ptxt>
<phrase category="" id="nev11780666n2" phrase-urn="urn:x-nevis:phrase:0800c8af823e76f2">Engine misfires.</phrase>
</ptxt>
</item>
<item>
<ptxt>
<phrase category="" id="nev11780666n3" phrase-urn="urn:x-nevis:phrase:0800c8af823e76f3">High idle rpm.</phrase>
</ptxt>
</item>
</list1>
</condition>
</condgrp>
</diagnostic>
</servinfosub>