<?xml version="1.0" encoding="UTF-8"?><servinfosub IE-ID="en-US0900c8af80676017" docno="VCC-025220" id="KC02127004" xml:lang="en-US">
<title>
<phrase category="" id="KC08325426" phrase-urn="urn:x-nevis:phrase:0800c8af81dbbcbf">Throttle positi#@#@#19#o low</phrase>
</title>
<diagnostic type="test">
<testgrp IE-ID="en-US0900c8af80676017_KC02127005" id="KC02127005" j2008use="1" paperuse="1" resumable="1" screenuse="1" testgrp-id="gb1-gb2" x="120" y="80">
<title>
<phrase category="" id="KC08325427" phrase-urn="urn:x-nevis:phrase:0800c8af81dbbcc0">Connecting the #@#@#7#t box</phrase>
</title>
<iecalloutnode>
<diagcallout>
<xref>
<ref id="KC08325428"/>
</xref>
</diagcallout>
<test1>
<test2/>
</test1>
<question/>
<resact-grp>
<result comp="string" highlight="0" op="eq" return="FAULT FOUND"/>
<action j2008use="1" paperuse="1" screenuse="1">
<ptxt>
<xref>
<ref id="KC08325429"/>
</xref>
</ptxt>
</action>
</resact-grp>
<resact-grp>
<result comp="string" highlight="0" op="eq" return="FAULT NOT FOUND"/>
<action j2008use="1" paperuse="1" screenuse="1">
<ptxt>
<xref>
<ref id="KC08325430"/>
</xref>
</ptxt>
</action>
</resact-grp>
<resact-grp>
<result comp="string" highlight="0" op="eq" return="FAULTTRACING FAILED"/>
<action j2008use="1" paperuse="1" screenuse="1">
<ptxt>
<xref>
<ref id="KC08325431"/>
</xref>
</ptxt>
</action>
</resact-grp>
</iecalloutnode>
</testgrp>
<testgrp id="KC02127006" j2008use="1" paperuse="0" resumable="1" screenuse="1" testgrp-id="eav2screen" x="120" y="160">
<title>
<phrase category="" id="KC08325432" phrase-urn="urn:x-nevis:phrase:0800c8af81dbbcc1">      Checking #@#@#31#ignal</phrase>
</title>
<node>
<test1>
<diaglist>
<dgraphic>
<dgraphic1>
<graphic id="KC08325433">
<href>0900c8af80054d5#@#@#9#.jpeg</href>
</graphic>
</dgraphic1>
<dgraphic3>
<graphic id="KC08325434">
<href>0900c8af80054cc#@#@#9#.jpeg</href>
</graphic>
</dgraphic3>
</dgraphic>
<ditem>
<ptxt>
<phrase category="" id="KC08325435" phrase-urn="urn:x-nevis:phrase:0800c8af81dbbcc2">      Control m#@#@#11#cted.</phrase>
</ptxt>
</ditem>
<ditem>
<ptxt>
<phrase category="" id="KC08325436" phrase-urn="urn:x-nevis:phrase:0800c8af81dbbcc3">      Ignition on.</phrase>
</ptxt>
</ditem>
</diaglist>
<test2>
<diaglist>
<dgraphic>
<dgraphic1>
<graphic id="KC08325437">
<href>0900c8af800543a#@#@#9#.jpeg</href>
</graphic>
</dgraphic1>
<dgraphic2>
<graphic id="KC08325438">
<href>0900c8af80054d4#@#@#9#.jpeg</href>
</graphic>
<smarttool id="KC08325439" toolname="VDCD40"/>
</dgraphic2>
</dgraphic>
<ditem>
<ditemtext>
<ptxt>
<phrase category="" id="KC08325440" phrase-urn="urn:x-nevis:phrase:0800c8af81dbbcc4">       Connect #@#@#61#box. </phrase>
</ptxt>
</ditemtext>
</ditem>
<ditem>
<ptxt>
<phrase category="" id="KC08325441" phrase-urn="urn:x-nevis:phrase:0800c8af81dbbcc5">      Depress t#@#@#38#ding.</phrase>
</ptxt>
</ditem>
</diaglist>
</test2>
</test1>
<question>The voltmeter s#@#@#196#CTP).</question>
<resact-grp>
<result button="ok" comp="button" highlight="0"/>
<action j2008use="1" paperuse="1" screenuse="1">
<ptxt>
<xref>
<ref id="KC08325442"/>
</xref>
</ptxt>
</action>
</resact-grp>
<resact-grp>
<result button="notok" comp="button" highlight="0"/>
<action j2008use="1" paperuse="1" screenuse="1">
<ptxt>
<xref>
<ref id="KC08325443"/>
</xref>
</ptxt>
</action>
</resact-grp>
</node>
</testgrp>
<testgrp id="KC02127007" j2008use="0" paperuse="1" resumable="1" screenuse="0" testgrp-id="eav2" x="280" y="80">
<title>
<phrase category="" id="KC08325444" phrase-urn="urn:x-nevis:phrase:0800c8af81dbbcc6">      Checking #@#@#31#ignal</phrase>
</title>
<node>
<test1>
<diaglist>
<dgraphic>
<dgraphic1>
<graphic id="KC08325445">
<href>0900c8af80054d5#@#@#9#.jpeg</href>
</graphic>
</dgraphic1>
</dgraphic>
<ditem>
<ptxt>
<phrase category="" id="KC08325446" phrase-urn="urn:x-nevis:phrase:0800c8af81dbbcc7">      Ignition off.</phrase>
</ptxt>
</ditem>
<ditem>
<ptxt>
<phrase category="" id="KC08325447" phrase-urn="urn:x-nevis:phrase:0800c8af81dbbcc8">      Connect t#@#@#51#g to <xref>
<ref id="KC08325448"/>
</xref>.</phrase>
</ptxt>
</ditem>
<ditem>
<ptxt>
<phrase category="" id="KC08325449" phrase-urn="urn:x-nevis:phrase:0800c8af81dbbcc9">      Control m#@#@#11#cted.</phrase>
</ptxt>
</ditem>
<ditem>
<ptxt>
<phrase category="" id="KC08325450" phrase-urn="urn:x-nevis:phrase:0800c8af81dbbcca">      Ignition on.</phrase>
</ptxt>
</ditem>
</diaglist>
<test2>
<diaglist>
<dgraphic>
<dgraphic1>
<graphic id="KC08325451">
<href>0900c8af800543a#@#@#9#.jpeg</href>
</graphic>
</dgraphic1>
<dgraphic2>
<graphic id="KC08325452">
<href>0900c8af80054d4#@#@#9#.jpeg</href>
</graphic>
<smarttool id="KC08325453" toolname="VDCD40"/>
</dgraphic2>
</dgraphic>
<ditem>
<ditemtext>
<ptxt>
<phrase category="" id="KC08325454" phrase-urn="urn:x-nevis:phrase:0800c8af81dbbccb">       Connect #@#@#61#box. </phrase>
</ptxt>
</ditemtext>
</ditem>
<ditem>
<ptxt>
<phrase category="" id="KC08325455" phrase-urn="urn:x-nevis:phrase:0800c8af81dbbccc">      Depress t#@#@#38#ding.</phrase>
</ptxt>
</ditem>
</diaglist>
</test2>
</test1>
<question>The voltmeter s#@#@#196#CTP).</question>
<resact-grp>
<result button="ok" comp="button" highlight="0"/>
<action j2008use="1" paperuse="1" screenuse="1">
<ptxt>
Intermittent f#@#@#26#g to
<xref>
<ref id="KC08325456"/>
</xref>.</ptxt>
</action>
</resact-grp>
<resact-grp>
<result button="notok" comp="button" highlight="0"/>
<action j2008use="1" paperuse="1" screenuse="1">
<ptxt>
Checking volta#@#@#39#ound
<xref>
<ref id="KC08325457"/>
</xref>.
</ptxt>
</action>
</resact-grp>
</node>
</testgrp>
<testgrp id="KC02127008" j2008use="1" paperuse="1" resumable="1" screenuse="1" testgrp-id="intermittent" x="280" y="160">
<title>
<phrase category="" id="KC08325458" phrase-urn="urn:x-nevis:phrase:0800c8af81dbbccd">Intermittent fault</phrase>
</title>
<iecalloutnode>
<diagcallout>
<xref>
<ref id="KC08325459"/>
</xref>
</diagcallout>
<test1>
<test2/>
</test1>
<question/>
<resact-grp>
<result comp="string" highlight="0" op="eq" return="FAULT FOUND"/>
<action j2008use="1" paperuse="0" screenuse="1">
<return value="FAULT FOUND"/>
</action>
</resact-grp>
</iecalloutnode>
</testgrp>
<testgrp id="KC02127009" j2008use="1" paperuse="1" resumable="1" screenuse="1" testgrp-id="eav3" x="120" y="240">
<title>
<phrase category="" id="KC08325460" phrase-urn="urn:x-nevis:phrase:0800c8af81dbbcce">      Checking #@#@#43#round</phrase>
</title>
<node>
<test1>
<diaglist>
<dgraphic>
<dgraphic1>
<graphic id="KC08325461">
<href>0900c8af80054d5#@#@#9#.jpeg</href>
</graphic>
</dgraphic1>
</dgraphic>
<ditem>
<ptxt>
<phrase category="" id="KC08325462" phrase-urn="urn:x-nevis:phrase:0800c8af81dbbccf">      Ignition on.</phrase>
</ptxt>
</ditem>
<ditem>
<ptxt>
<phrase category="" id="KC08325463" phrase-urn="urn:x-nevis:phrase:0800c8af81dbbcd0">      Turn on a#@#@#41#ible.</phrase>
</ptxt>
</ditem>
</diaglist>
<test2>
<diaglist>
<dgraphic>
<dgraphic1>
<graphic id="KC08325464">
<href>0900c8af800543a#@#@#9#.jpeg</href>
</graphic>
</dgraphic1>
<dgraphic2>
<graphic id="KC08325465">
<href>0900c8af80054d4#@#@#9#.jpeg</href>
</graphic>
<smarttool id="KC08325466" toolname="VDCD40"/>
</dgraphic2>
</dgraphic>
<ditem>
<ditemtext>
<ptxt>
<phrase category="" id="KC08325467" phrase-urn="urn:x-nevis:phrase:0800c8af81dbbcd1">       Connect #@#@#62#box. </phrase>
</ptxt>
</ditemtext>
</ditem>
</diaglist>
</test2>
</test1>
<question>The voltmeter s#@#@#23#6 V.
</question>
<resact-grp>
<result button="ok" comp="button" highlight="0"/>
<action j2008use="1" paperuse="1" screenuse="1">
<ptxt>
<xref>
<ref id="KC08325468"/>
</xref>
</ptxt>
</action>
</resact-grp>
<resact-grp>
<result button="notok" comp="button" highlight="0"/>
<action j2008use="1" paperuse="0" screenuse="1">
<ptxt>
<xref>
<ref id="KC08325469"/>
</xref>
</ptxt>
</action>
</resact-grp>
</node>
</testgrp>
<testgrp id="KC02127010" j2008use="1" paperuse="0" resumable="1" screenuse="1" testgrp-id="eav3-1" x="280" y="240">
<title>
<phrase category="" id="KC08325470" phrase-urn="urn:x-nevis:phrase:0800c8af81dbbcd2">Checking for an#@#@#21#cable</phrase>
</title>
<node>
<test1>
<test2>
<diaglist>
<dgraphic>
<dgraphic2>
<graphic id="KC08325471">
<href>0900c8af80054d4#@#@#9#.jpeg</href>
</graphic>
<smarttool active="press" id="KC08325472" toolname="ODAH"/>
</dgraphic2>
</dgraphic>
<ditem>
<ditemtext>
<ptxt>
<phrase category="" id="KC08325473" phrase-urn="urn:x-nevis:phrase:0800c8af81dbbcd3">      Check gro#@#@#152#g to <xref>
<ref id="KC08325474"/>
</xref> and contact re#@#@#31#g to <xref>
<ref id="KC08325475"/>
</xref>.</phrase>
</ptxt>
</ditemtext>
</ditem>
</diaglist>
<grate>
<graphic id="KC08325476">
<href>0900c8af800570b#@#@#9#.jpeg</href>
</graphic>
</grate>
</test2>
</test1>
<question>Select "Continu#@#@#32#ied.
</question>
<resact-grp>
<result button="cont" comp="button" highlight="0"/>
<action j2008use="1" paperuse="1" screenuse="1">
<ptxt>
<xref>
<ref id="KC08325477"/>
</xref>
</ptxt>
</action>
</resact-grp>
</node>
</testgrp>
<testgrp id="KC02127011" j2008use="1" paperuse="1" resumable="1" screenuse="1" testgrp-id="motronic" x="120" y="320">
<title>
<phrase category="" id="KC08325478" phrase-urn="urn:x-nevis:phrase:0800c8af81dbbcd4">Connecting the #@#@#7#t box</phrase>
</title>
<iecalloutnode>
<diagcallout>
<xref>
<ref id="KC08325479"/>
</xref>
</diagcallout>
<test1>
<test2/>
</test1>
<question/>
<resact-grp>
<result comp="string" highlight="0" op="eq" return="FAULT FOUND"/>
<action j2008use="1" paperuse="1" screenuse="1">
<ptxt>
<xref>
<ref id="KC08325480"/>
</xref>
</ptxt>
</action>
</resact-grp>
<resact-grp>
<result comp="string" highlight="0" op="eq" return="FAULT NOT FOUND"/>
<action j2008use="1" paperuse="1" screenuse="1">
<ptxt>
<xref>
<ref id="KC08325481"/>
</xref>
</ptxt>
</action>
</resact-grp>
<resact-grp>
<result comp="string" highlight="0" op="eq" return="FAULTTRACING FAILED"/>
<action j2008use="1" paperuse="1" screenuse="1">
<ptxt>
<xref>
<ref id="KC08325482"/>
</xref>
</ptxt>
</action>
</resact-grp>
</iecalloutnode>
</testgrp>
<testgrp id="KC02127012" j2008use="1" paperuse="1" resumable="1" screenuse="1" testgrp-id="eav4" x="120" y="400">
<title>
<phrase category="" id="KC08325483" phrase-urn="urn:x-nevis:phrase:0800c8af81dbbcd5">      Checking #@#@#27#ound </phrase>
</title>
<node>
<test1>
<diaglist>
<dgraphic>
<dgraphic1>
<graphic id="KC08325484">
<href>0900c8af80054d5#@#@#9#.jpeg</href>
</graphic>
</dgraphic1>
<dgraphic2>
<graphic id="KC08325485">
<href>0900c8af80054d6#@#@#9#.jpeg</href>
</graphic>
</dgraphic2>
<dgraphic3>
<graphic id="KC08325486">
<href>0900c8af80054cc#@#@#9#.jpeg</href>
</graphic>
</dgraphic3>
</dgraphic>
<ditem>
<ptxt>
<phrase category="" id="KC08325487" phrase-urn="urn:x-nevis:phrase:0800c8af81dbbcd6">               #@#@#18#ected</phrase>
</ptxt>
</ditem>
<ditem>
<ptxt>
<phrase category="" id="KC08325488" phrase-urn="urn:x-nevis:phrase:0800c8af81dbbcd7">               #@#@#22#cted.</phrase>
</ptxt>
</ditem>
<ditem>
<ptxt>
<phrase category="" id="KC08325489" phrase-urn="urn:x-nevis:phrase:0800c8af81dbbcd8">      Ignition on.</phrase>
</ptxt>
</ditem>
<ditem>
<ptxt>
<phrase category="" id="KC08325490" phrase-urn="urn:x-nevis:phrase:0800c8af81dbbcd9">      Turn on a#@#@#41#ible.</phrase>
</ptxt>
</ditem>
</diaglist>
<test2>
<diaglist>
<dgraphic>
<dgraphic1>
<graphic id="KC08325491">
<href>0900c8af800543a#@#@#9#.jpeg</href>
</graphic>
</dgraphic1>
<dgraphic2>
<graphic id="KC08325492">
<href>0900c8af80054d4#@#@#9#.jpeg</href>
</graphic>
<smarttool id="KC08325493" toolname="VDCD40"/>
</dgraphic2>
</dgraphic>
<ditem>
<ditemtext>
<ptxt>
<phrase category="" id="KC08325494" phrase-urn="urn:x-nevis:phrase:0800c8af81dbbcda">       Connect #@#@#131#dule.</phrase>
</ptxt>
</ditemtext>
</ditem>
</diaglist>
</test2>
</test1>
<question>The voltmeter s#@#@#23#1 V.
</question>
<resact-grp>
<result button="ok" comp="button" highlight="0"/>
<action j2008use="1" paperuse="1" screenuse="1">
<ptxt>
<xref>
<ref id="KC08325495"/>
</xref>
</ptxt>
</action>
</resact-grp>
<resact-grp>
<result button="notok" comp="button" highlight="0"/>
<action j2008use="0" paperuse="1" screenuse="0">
<ptxt>
Check the grou#@#@#165#g to
<xref>
<ref id="KC08325496"/>
</xref>. Then continue#@#@#35#ance
<xref>
<ref id="KC08325497"/>
</xref>.</ptxt>
</action>
<action j2008use="1" paperuse="0" screenuse="1">
<ptxt>
<xref>
<ref id="KC08325498"/>
</xref>
</ptxt>
</action>
</resact-grp>
</node>
</testgrp>
<testgrp id="KC02127013" j2008use="1" paperuse="0" resumable="1" screenuse="1" testgrp-id="eav4-1" x="280" y="400">
<title>
<phrase category="" id="KC08325499" phrase-urn="urn:x-nevis:phrase:0800c8af81dbbcdb">Checking for co#@#@#25#ation</phrase>
</title>
<node>
<test1>
<test2>
<diaglist>
<ditem>
<ptxt>
<phrase category="" id="KC08325500" phrase-urn="urn:x-nevis:phrase:0800c8af81dbbcdc">      Check cab#@#@#128#g to <xref>
<ref id="KC08325501"/>
</xref>.</phrase>
</ptxt>
</ditem>
</diaglist>
<grate>
<graphic id="KC08325502">
<href>0900c8af803f545#@#@#9#.jpeg</href>
</graphic>
</grate>
</test2>
</test1>
<question>Select "Continu#@#@#32#ied.
</question>
<resact-grp>
<result button="cont" comp="button" highlight="0"/>
<action j2008use="1" paperuse="0" screenuse="1">
<ptxt>
<xref>
<ref id="KC08325503"/>
</xref>
</ptxt>
</action>
</resact-grp>
</node>
</testgrp>
<testgrp id="KC02127014" j2008use="1" paperuse="1" resumable="1" screenuse="1" testgrp-id="eav5" x="120" y="480">
<title>
<phrase category="" id="KC08325504" phrase-urn="urn:x-nevis:phrase:0800c8af81dbbcdd">      Checking #@#@#18#tance</phrase>
</title>
<node>
<test1>
<diaglist>
<dgraphic>
<dgraphic1>
<graphic id="KC08325505">
<href>0900c8af80054d4#@#@#9#.jpeg</href>
</graphic>
</dgraphic1>
<dgraphic3>
<graphic id="KC08325506">
<href>0900c8af80054cc#@#@#9#.jpeg</href>
</graphic>
</dgraphic3>
</dgraphic>
<ditem>
<ptxt>
<phrase category="" id="KC08325507" phrase-urn="urn:x-nevis:phrase:0800c8af81dbbcde">      Ignition off.</phrase>
</ptxt>
</ditem>
<ditem>
<ptxt>
<phrase category="" id="KC08325508" phrase-urn="urn:x-nevis:phrase:0800c8af81dbbcdf">      Disconnec#@#@#67#ECM).</phrase>
</ptxt>
</ditem>
</diaglist>
<test2>
<diaglist>
<dgraphic>
<dgraphic1>
<graphic id="KC08325509">
<href>0900c8af800543a#@#@#9#.jpeg</href>
</graphic>
</dgraphic1>
<dgraphic2>
<graphic id="KC08325510">
<href>0900c8af80054d4#@#@#9#.jpeg</href>
</graphic>
<smarttool id="KC08325511" toolname="ODA"/>
</dgraphic2>
</dgraphic>
<ditem>
<ditemtext>
<ptxt>
<phrase category="" id="KC08325512" phrase-urn="urn:x-nevis:phrase:0800c8af81dbbce0">      Connect a#@#@#103# #19.</phrase>
</ptxt>
</ditemtext>
</ditem>
</diaglist>
</test2>
</test1>
<question>The ohmmeter sh#@#@#23#
0 Ω.</question>
<resact-grp>
<result button="ok" comp="button" highlight="0"/>
<action j2008use="1" paperuse="1" screenuse="1">
<ptxt>
<xref>
<ref id="KC08325513"/>
</xref>
</ptxt>
</action>
</resact-grp>
<resact-grp>
<result button="notok" comp="button" highlight="0"/>
<action j2008use="0" paperuse="1" screenuse="0">
<ptxt>
Check cable be#@#@#128#g
to
<xref>
<ref id="KC08325514"/>
</xref>.</ptxt>
</action>
<action j2008use="1" paperuse="0" screenuse="1">
<ptxt>
<xref>
<ref id="KC08325515"/>
</xref>
</ptxt>
</action>
</resact-grp>
</node>
</testgrp>
<testgrp id="KC02127015" j2008use="1" paperuse="0" resumable="1" screenuse="1" testgrp-id="eav5-1" x="280" y="480">
<title>
<phrase category="" id="KC08325516" phrase-urn="urn:x-nevis:phrase:0800c8af81dbbce2">Checking for an#@#@#21#cable</phrase>
</title>
<node>
<test1>
<test2>
<diaglist>
<dgraphic>
<dgraphic2>
<graphic id="KC08325517">
<href>0900c8af80054d4#@#@#9#.jpeg</href>
</graphic>
<smarttool active="press" id="KC08325518" toolname="ODAH"/>
</dgraphic2>
</dgraphic>
<ditem>
<ditemtext>
<ptxt>
<phrase category="" id="KC08325519" phrase-urn="urn:x-nevis:phrase:0800c8af81dbbce3">      Check cab#@#@#126#g to <xref>
<ref id="KC08325520"/>
</xref>. </phrase>
</ptxt>
</ditemtext>
</ditem>
</diaglist>
<grate>
<graphic id="KC08325521">
<href>0900c8af800570b#@#@#9#.jpeg</href>
</graphic>
</grate>
</test2>
</test1>
<question>Select "Continu#@#@#32#ied.
</question>
<resact-grp>
<result button="cont" comp="button" highlight="0"/>
<action j2008use="1" paperuse="0" screenuse="1">
<ptxt>
<xref>
<ref id="KC08325522"/>
</xref>
</ptxt>
</action>
</resact-grp>
</node>
</testgrp>
<testgrp id="KC02127016" j2008use="1" paperuse="1" resumable="1" screenuse="1" testgrp-id="eav6" x="120" y="560">
<title>
<phrase category="" id="KC08325523" phrase-urn="urn:x-nevis:phrase:0800c8af81dbbce4">      Checking #@#@#29#ound </phrase>
</title>
<node>
<test1>
<diaglist>
<dgraphic>
<dgraphic1>
<graphic id="KC08325524">
<href>0900c8af80054d4#@#@#9#.jpeg</href>
</graphic>
</dgraphic1>
<dgraphic3>
<graphic id="KC08325525">
<href>0900c8af80054cc#@#@#9#.jpeg</href>
</graphic>
</dgraphic3>
</dgraphic>
<ditem>
<ptxt>
<phrase category="" id="KC08325526" phrase-urn="urn:x-nevis:phrase:0800c8af81dbbce5">      Ignition off.</phrase>
</ptxt>
</ditem>
<ditem>
<ptxt>
<phrase category="" id="KC08325527" phrase-urn="urn:x-nevis:phrase:0800c8af81dbbce6">      Control m#@#@#15#cted.</phrase>
</ptxt>
</ditem>
</diaglist>
<test2>
<diaglist>
<dgraphic>
<dgraphic1>
<graphic id="KC08325528">
<href>0900c8af800543a#@#@#9#.jpeg</href>
</graphic>
</dgraphic1>
<dgraphic2>
<graphic id="KC08325529">
<href>0900c8af80054d4#@#@#9#.jpeg</href>
</graphic>
<smarttool id="KC08325530" toolname="ODA"/>
</dgraphic2>
</dgraphic>
<ditem>
<ditemtext>
<ptxt>
<phrase category="" id="KC08325531" phrase-urn="urn:x-nevis:phrase:0800c8af81dbbcae">      Connect a#@#@#73#box. </phrase>
</ptxt>
</ditemtext>
</ditem>
</diaglist>
</test2>
</test1>
<question>The ohmmeter sh#@#@#26#nce.
</question>
<resact-grp>
<result button="ok" comp="button" highlight="0"/>
<action j2008use="1" paperuse="1" screenuse="1">
<ptxt>
<xref>
<ref id="KC08325532"/>
</xref>
</ptxt>
</action>
</resact-grp>
<resact-grp>
<result button="notok" comp="button" highlight="0"/>
<action j2008use="0" paperuse="1" screenuse="0">
<ptxt>
Check cable be#@#@#139#g
to
<xref>
<ref id="KC08325533"/>
</xref>.</ptxt>
</action>
<action j2008use="1" paperuse="0" screenuse="1">
<ptxt>
<xref>
<ref id="KC08325534"/>
</xref>
</ptxt>
</action>
</resact-grp>
</node>
</testgrp>
<testgrp id="KC02127017" j2008use="1" paperuse="0" resumable="1" screenuse="1" testgrp-id="eav6-1" x="280" y="560">
<title>
<phrase category="" id="KC08325535" phrase-urn="urn:x-nevis:phrase:0800c8af81dbbcaf">Checking for a #@#@#8#rcuit</phrase>
</title>
<node>
<test1>
<test2>
<diaglist>
<dgraphic>
<dgraphic2>
<graphic id="KC08325536">
<href>0900c8af80054d4#@#@#9#.jpeg</href>
</graphic>
<smarttool active="press" id="KC08325537" toolname="ODAH"/>
</dgraphic2>
</dgraphic>
<ditem>
<ditemtext>
<ptxt>
<phrase category="" id="KC08325538" phrase-urn="urn:x-nevis:phrase:0800c8af81dbbcb0">      Check cab#@#@#138#g to <xref>
<ref id="KC08325539"/>
</xref>. </phrase>
</ptxt>
</ditemtext>
</ditem>
</diaglist>
<grate>
<graphic id="KC08325540">
<href>0900c8af800570b#@#@#9#.jpeg</href>
</graphic>
</grate>
</test2>
</test1>
<question>Select "Continu#@#@#32#ied.
</question>
<resact-grp>
<result button="cont" comp="button" highlight="0"/>
<action j2008use="1" paperuse="0" screenuse="1">
<ptxt>
<xref>
<ref id="KC08325541"/>
</xref>
</ptxt>
</action>
</resact-grp>
</node>
</testgrp>
<testgrp id="KC02127018" j2008use="1" paperuse="1" resumable="1" screenuse="1" testgrp-id="eav7" x="120" y="640">
<title>
<phrase category="" id="KC08325542" phrase-urn="urn:x-nevis:phrase:0800c8af81dbbcb1">      Checking #@#@#35#ECM) </phrase>
</title>
<node>
<test1>
<diaglist>
<dgraphic>
<dgraphic1>
<graphic id="KC08325543">
<href>0900c8af80054d5#@#@#9#.jpeg</href>
</graphic>
</dgraphic1>
<dgraphic3>
<graphic id="KC08325544">
<href>0900c8af80054cc#@#@#9#.jpeg</href>
</graphic>
</dgraphic3>
</dgraphic>
<ditem>
<ptxt>
<phrase category="" id="KC08325545" phrase-urn="urn:x-nevis:phrase:0800c8af81dbbcb2">      Ignition off.</phrase>
</ptxt>
</ditem>
<ditem>
<ptxt>
<phrase category="" id="KC08325546" phrase-urn="urn:x-nevis:phrase:0800c8af81dbbcb3">      Transmiss#@#@#22#cted.</phrase>
</ptxt>
</ditem>
<ditem>
<ptxt>
<phrase category="" id="KC08325547" phrase-urn="urn:x-nevis:phrase:0800c8af81dbbcb4">      Connect t#@#@#14#ules.</phrase>
</ptxt>
</ditem>
<ditem>
<ptxt>
<phrase category="" id="KC08325548" phrase-urn="urn:x-nevis:phrase:0800c8af81dbbcb5">      Ignition on.</phrase>
</ptxt>
</ditem>
</diaglist>
<test2>
<diaglist>
<dgraphic>
<dgraphic1>
<graphic id="KC08325549">
<href>0900c8af800543a#@#@#9#.jpeg</href>
</graphic>
</dgraphic1>
<dgraphic2>
<graphic id="KC08325550">
<href>0900c8af80054d4#@#@#9#.jpeg</href>
</graphic>
<smarttool id="KC08325551" toolname="VDCD40"/>
</dgraphic2>
</dgraphic>
<ditem>
<ditemtext>
<ptxt>
<phrase category="" id="KC08325552" phrase-urn="urn:x-nevis:phrase:0800c8af81dbbcb6">       Connect #@#@#60# box.</phrase>
</ptxt>
</ditemtext>
</ditem>
<ditem>
<ptxt>
<phrase category="" id="KC08325553" phrase-urn="urn:x-nevis:phrase:0800c8af81dbbcb7">      Depress t#@#@#38#ding.</phrase>
</ptxt>
</ditem>
<ditem>
<ptxt>
<phrase category="" id="KC08325554" phrase-urn="urn:x-nevis:phrase:0800c8af81dbbcb8">      The voltm#@#@#115# WOT.</phrase>
</ptxt>
</ditem>
</diaglist>
</test2>
</test1>
<question>The voltage sho#@#@#66#CTP).</question>
<resact-grp>
<result button="ok" comp="button" highlight="0"/>
<action j2008use="0" paperuse="1" screenuse="0">
<ptxt>
The diagnostic#@#@#202#g to
<xref>
<ref id="KC08325555"/>
</xref>.</ptxt>
</action>
<action j2008use="1" paperuse="0" screenuse="1">
<ptxt>
<xref>
<ref id="KC08325556"/>
</xref>
</ptxt>
</action>
</resact-grp>
<resact-grp>
<result button="notok" comp="button" highlight="0"/>
<action j2008use="0" paperuse="1" screenuse="0">
<ptxt>
Check the thro#@#@#94#CM):
</ptxt>
</action>
<action j2008use="1" paperuse="0" screenuse="1">
<ptxt>
<xref>
<ref id="KC08325557"/>
</xref>
</ptxt>
</action>
</resact-grp>
</node>
</testgrp>
<testgrp id="KC02127019" j2008use="1" paperuse="0" resumable="1" screenuse="1" testgrp-id="eav7-1" x="280" y="640">
<title>
<phrase category="" id="KC08325558" phrase-urn="urn:x-nevis:phrase:0800c8af81dbbcb9">Checking for co#@#@#25#ation</phrase>
</title>
<node>
<test1>
<test2>
<ptxt>
<phrase category="" id="KC08325559" phrase-urn="urn:x-nevis:phrase:0800c8af81dbbcba">      The diagn#@#@#114#/33. </phrase>
</ptxt>
<diaglist>
<ditem>
<ptxt>
<phrase category="" id="KC08325560" phrase-urn="urn:x-nevis:phrase:0800c8af81dbbcbb">      Check con#@#@#79#g to <xref>
<ref id="KC08325561"/>
</xref>.</phrase>
</ptxt>
</ditem>
</diaglist>
<grate>
<graphic id="KC08325562">
<href>0900c8af803f545#@#@#9#.jpeg</href>
</graphic>
</grate>
</test2>
</test1>
<question>Select "Continu#@#@#32#ied.
</question>
<resact-grp>
<result button="cont" comp="button" highlight="0"/>
<action j2008use="1" paperuse="0" screenuse="1">
<ptxt>
<xref>
<ref id="KC08325563"/>
</xref>
</ptxt>
</action>
</resact-grp>
</node>
</testgrp>
<testgrp id="KC02127020" j2008use="1" paperuse="1" resumable="1" screenuse="1" testgrp-id="eav7-2m" x="120" y="720">
<title>
<phrase category="" id="KC08325564" phrase-urn="urn:x-nevis:phrase:0800c8af81dbbcbc">Checking thrott#@#@#26#rcuit</phrase>
</title>
<iecalloutnode>
<diagcallout>
<xref>
<ref id="KC08325565"/>
</xref>
</diagcallout>
<test1>
<test2/>
</test1>
<question/>
<resact-grp>
<result comp="string" highlight="0" op="eq" return="FAULT FOUND"/>
<action j2008use="1" paperuse="1" screenuse="1">
<return value="FAULT FOUND"/>
</action>
</resact-grp>
<resact-grp>
<result comp="string" highlight="0" op="eq" return="FAULTTRACING FAILED"/>
<action j2008use="1" paperuse="1" screenuse="1">
<return value="FAULTTRACING FAILED"/>
</action>
</resact-grp>
</iecalloutnode>
</testgrp>
<testgrp id="KC02127021" j2008use="1" paperuse="0" resumable="1" screenuse="1" testgrp-id="verieav2" x="440" y="80">
<title>
<phrase category="" id="KC08325566" phrase-urn="urn:x-nevis:phrase:0800c8af81dbbcbd">Verification</phrase>
</title>
<subcalloutnode>
<diagcallout>
<xref>
<ref id="KC08325567"/>
</xref>
</diagcallout>
<rescall-grp>
<result comp="string" highlight="0" op="eq" return="VERIFIED"/>
<calloutaction>
<return value="FAULT FOUND"/>
</calloutaction>
</rescall-grp>
<rescall-grp>
<result comp="string" highlight="0" op="eq" return="VERIFICATION FAILED"/>
<calloutaction>
<ptxt>
<xref>
<ref id="KC08325568"/>
</xref>
</ptxt>
</calloutaction>
</rescall-grp>
</subcalloutnode>
</testgrp>
<testgrp id="KC02127022" j2008use="1" paperuse="0" resumable="1" screenuse="1" testgrp-id="info1" x="600" y="80">
<title>
<phrase category="" id="KC08325569" phrase-urn="urn:x-nevis:phrase:0800c8af81dbbcbe">Fault-tracing i#@#@#5#ation</phrase>
</title>
<subcalloutnode>
<diagcallout>
<xref>
<ref id="KC08325570"/>
</xref>
</diagcallout>
<rescall-grp>
<result comp="string" highlight="0" op="eq" return="NEW TRY"/>
<calloutaction>
<ptxt>
<xref>
<ref id="KC08325571"/>
</xref>
</ptxt>
</calloutaction>
</rescall-grp>
<rescall-grp>
<result comp="string" highlight="0" op="eq" return="FAULTTRACING FAILED"/>
<calloutaction>
<return value="FAULTTRACING FAILED"/>
</calloutaction>
</rescall-grp>
</subcalloutnode>
</testgrp>
</diagnostic>
</servinfosub>