<?xml version="1.0" encoding="UTF-8"?><servinfosub IE-ID="en-US0900c8af80500412" docno="VCC-119695" id="KC01633324" xml:lang="en-US">
<title>
<phrase category="" id="KC07825402" phrase-urn="urn:x-nevis:phrase:0800c8af81bd9dfe">Faulty signal. #@#@#10#fault</phrase>
</title>
<diagnostic type="test">
<testgrp IE-ID="en-US0900c8af80500412_KC01761022" id="KC01761022" j2008use="1" paperuse="1" resumable="1" screenuse="1" testgrp-id="node1" x="120" y="80">
<title>
<phrase category="" id="KC07825403" phrase-urn="urn:x-nevis:phrase:0800c8af81bd9dff">Checking compon#@#@#10#iring</phrase>
</title>
<node>
<test1>
<test2>
<hint>
<ptxt>
<phrase category="" id="KC07825404" phrase-urn="urn:x-nevis:phrase:0800c8af81bd9e00">The signal cabl#@#@#112#EM). </phrase>
</ptxt>
</hint>
<para>
<ptxt>
<phrase category="" id="KC07825405" phrase-urn="urn:x-nevis:phrase:0800c8af81bd9e01">Check that the #@#@#94#g to <xref>
<ref id="KC07825406"/>
</xref>.</phrase>
</ptxt>
</para>
<para>
<ptxt>
<phrase category="" id="KC07825407" phrase-urn="urn:x-nevis:phrase:0800c8af81bd9e02">Check the signa#@#@#153#g to <xref>
<ref id="KC07825408"/>
</xref>. </phrase>
</ptxt>
</para>
<para>
<ptxt>
<phrase category="" id="KC07825409" phrase-urn="urn:x-nevis:phrase:0800c8af81bd9e03">Check the signa#@#@#171#g to <xref>
<ref id="KC07825410"/>
</xref>
</phrase>
</ptxt>
</para>
<para>
<ptxt>
<phrase category="" id="KC07825411" phrase-urn="urn:x-nevis:phrase:0800c8af81bd9e04">Check the signa#@#@#149#g to <xref>
<ref id="KC07825412"/>
</xref> or an open-cir#@#@#13#g to <xref>
<ref id="KC07825413"/>
</xref>. </phrase>
</ptxt>
</para>
<para>
<ptxt>
<phrase category="" id="KC07825414" phrase-urn="urn:x-nevis:phrase:0800c8af81bd9e06">Check the groun#@#@#98#g to <xref>
<ref id="KC07825415"/>
</xref>. </phrase>
</ptxt>
</para>
<para>
<ptxt>
<phrase category="" id="KC07825416" phrase-urn="urn:x-nevis:phrase:0800c8af81bd9e07">Remedy as necessary.</phrase>
</ptxt>
</para>
<list1 enumtype="d" type="unordered">
<title>
<phrase category="" id="KC07825417" phrase-urn="urn:x-nevis:phrase:0800c8af81bd9e08">Other information:</phrase>
</title>
<item>
<ptxt>
<phrase category="" id="KC07825418" phrase-urn="urn:x-nevis:phrase:0800c8af81bd9e09">To connect the #@#@#48# see <xref>
<ref id="KC07825419"/>
</xref>.</phrase>
</ptxt>
</item>
<item>
<ptxt>
<phrase category="" id="KC07825420" phrase-urn="urn:x-nevis:phrase:0800c8af81bd9e0a">To connect the #@#@#52# see <xref>
<ref id="KC07825421"/>
</xref>.</phrase>
</ptxt>
</item>
<item>
<ptxt>
<phrase category="" id="KC07825422" phrase-urn="urn:x-nevis:phrase:0800c8af81bd9e0b">To access / rep#@#@#34# see <xref>
<ref id="KC07825423"/>
</xref>.</phrase>
</ptxt>
</item>
<item>
<ptxt>
<phrase category="" id="KC07825424" phrase-urn="urn:x-nevis:phrase:0800c8af81bd9e0c">To access / rep#@#@#28# see <xref>
<ref id="KC07825425"/>
</xref>.</phrase>
</ptxt>
</item>
<item>
<ptxt>
<phrase category="" id="KC07825426" phrase-urn="urn:x-nevis:phrase:0800c8af81bd9e0d">To access / rep#@#@#41# see <xref>
<ref id="KC07825427"/>
</xref>.</phrase>
</ptxt>
</item>
<item>
<ptxt>
<phrase category="" id="KC07825428" phrase-urn="urn:x-nevis:phrase:0800c8af81bd9e0e">Brake pedal swi#@#@#70#ound.</phrase>
</ptxt>
</item>
<item>
<ptxt>
<phrase category="" id="KC07825429" phrase-urn="urn:x-nevis:phrase:0800c8af81bd9e0f">For information#@#@#43# see <xref>
<ref id="KC07825430"/>
</xref>.</phrase>
</ptxt>
</item>
<item>
<ptxt>
<phrase category="" id="KC07825431" phrase-urn="urn:x-nevis:phrase:0800c8af81bd9e10">For information#@#@#51# see <xref>
<ref id="KC07825432"/>
</xref>.</phrase>
</ptxt>
</item>
</list1>
<diaglist>
<dgraphic>
<dgraphic1>
<graphic id="KC07825433">
<href>0900c8af8012216#@#@#9#.jpeg</href>
</graphic>
</dgraphic1>
<dgraphic2>
<graphic id="KC07825434">
<href>0900c8af80054d4#@#@#9#.jpeg</href>
</graphic>
<smarttool active="press" id="KC07825435" toolname="ODAH"/>
</dgraphic2>
</dgraphic>
<ditem>
<ditemtext>
<ptxt>
<phrase category="" id="KC07825436" phrase-urn="urn:x-nevis:phrase:0800c8af81bd9e11"/>
</ptxt>
</ditemtext>
</ditem>
</diaglist>
<grate>
<graphic id="KC07825437">
<href>0900c8af803f8be#@#@#9#.jpeg</href>
</graphic>
</grate>
</test2>
</test1>
<question>Select Continue.</question>
<resact-grp>
<result button="cont" comp="button" highlight="0"/>
<action j2008use="1" paperuse="1" screenuse="1">
<ptxt>
<xref>
<ref id="KC07825438"/>
</xref>
</ptxt>
</action>
</resact-grp>
</node>
</testgrp>
<testgrp id="KC01761023" j2008use="1" paperuse="1" resumable="1" screenuse="1" testgrp-id="veria">
<title>
<phrase category="" id="KC07825439" phrase-urn="urn:x-nevis:phrase:0800c8af81bd9dfc">Verification</phrase>
</title>
<subcalloutnode>
<diagcallout>
<xref>
<ref id="KC07825440"/>
</xref>
</diagcallout>
<rescall-grp>
<result comp="string" highlight="0" op="eq" return="VERIFIED"/>
<calloutaction>
<return value="FAULT FOUND"/>
</calloutaction>
</rescall-grp>
<rescall-grp>
<result comp="string" highlight="0" op="eq" return="VERIFICATION FAILED"/>
<calloutaction>
<ptxt>
<xref>
<ref id="KC07825441"/>
</xref>
</ptxt>
</calloutaction>
</rescall-grp>
</subcalloutnode>
</testgrp>
<testgrp id="KC01761024" j2008use="1" paperuse="1" resumable="1" screenuse="1" testgrp-id="info1" x="360" y="200">
<title>
<phrase category="" id="KC07825442" phrase-urn="urn:x-nevis:phrase:0800c8af81bd9dfd">Fault-tracing i#@#@#5#ation</phrase>
</title>
<subcalloutnode>
<diagcallout>
<xref>
<ref id="KC07825443"/>
</xref>
</diagcallout>
<rescall-grp>
<result comp="string" highlight="0" op="eq" return="FAULTTRACING FAILED"/>
<calloutaction>
<return value="FAULTTRACING FAILED"/>
</calloutaction>
</rescall-grp>
<rescall-grp>
<result comp="string" highlight="0" op="eq" return="NEW TRY"/>
<calloutaction>
<ptxt>
<xref>
<ref id="KC07825444"/>
</xref>
</ptxt>
</calloutaction>
</rescall-grp>
</subcalloutnode>
</testgrp>
</diagnostic>
</servinfosub>