<?xml version="1.0" encoding="UTF-8"?><servinfosub IE-ID="en-US0900c8af82b77412" docno="VCC-129494" id="KC01606941" xml:lang="en-US">
<title id="nev11012480n1">Boost pressure #@#@#14#acing</title>
<procedure id="nev11012480n3">
<note id="nev11012523n5">
<ptxt id="nev11012523n10"> The illustrati#@#@#177#rect.</ptxt>
</note>
<stepgrp id="KC08787453">
<title id="nev11012480n5">Removal</title>
<procstep id="KC01666113">
<title id="nev11012480n7">Removing the pr#@#@#8#ensor</title>
<warning id="nev11012523n156">
<ptxt id="nev11012523n161"> Use protective#@#@#3#ggles</ptxt>
</warning>
<grate id="nev11012718n107">
<graphic id="nev11012718n119">
<href>0900c8af82b7771#@#@#9#.jpeg</href>
</graphic>
<graphtext id="nev11012718n140">
<list1 enumtype="d" id="nev11012718n141" type="unordered">
<title id="nev11012718n142">Remove:</title>
<item id="nev11012718n143">
<ptxt id="nev11012718n144">the casing over#@#@#27#rews)</ptxt>
</item>
<item id="nev11012718n145">
<ptxt id="nev11012718n146">the connector f#@#@#25#nsor.</ptxt>
</item>
</list1>
</graphtext>
</grate>
<para id="nev11012523n229">
<ptxt id="nev11012523n230">Blow clean with#@#@#44#nsor.</ptxt>
</para>
<list1 enumtype="d" id="nev11012523n243" type="unordered">
<title id="nev11012718n3">Remove:</title>
<item id="nev11012523n244">
<ptxt id="nev11012718n12">the screw for t#@#@#19#ensor</ptxt>
</item>
<item id="nev11012718n21">
<ptxt id="nev11012718n26">the boost press#@#@#6#nsor.</ptxt>
</item>
</list1>
</procstep>
</stepgrp>
<stepgrp id="KC08787454">
<title id="nev11012480n33">Installation</title>
<procstep id="KC01666114">
<title id="nev11012480n35">Installing the #@#@#10#ensor</title>
<list1 enumtype="d" id="nev11012480n37" type="unordered">
<title id="nev11012480n39">Install:</title>
<item id="nev11012480n41">
<ptxt id="nev11012480n43">a new boost pre#@#@#7#ensor</ptxt>
</item>
<item id="nev11012718n39">
<ptxt id="nev11012718n44">the screw for t#@#@#19#ensor</ptxt>
</item>
<item id="nev11012480n45">
<ptxt id="nev11012480n47">the connector f#@#@#23#ensor</ptxt>
</item>
<item id="nev11012480n49">
<ptxt id="nev11012480n51">the casing over#@#@#29#ws). </ptxt>
</item>
</list1>
</procstep>
</stepgrp>
</procedure>
</servinfosub>