<?xml version="1.0" encoding="UTF-8"?><servinfosub IE-ID="en-US0900c8af85c3520c" docno="VCC-459317" id="nev18615729n1" original="sv-SE" servinfosubId="nev20689204n1-nev20689204n2" servinfosubRes="0900c8af862c3ffc" servinfosubRes2="urn:x-nevis:fragment:0900c8af85c3520c:0900c8af862c3ffc#nev20689204n2" xml:lang="en-US">
<title id="nev18615729n2">Design</title>
<topic id="nev20689204n1-nev18615729n3">
<title id="nev20689204n1-nev18615729n4">Integrated Star#@#@#12#r ISG</title>
<grate id="nev20689204n1-nev18615729n5" pgwide="1">
<graphic id="nev20689204n1-nev18615729n6">
<href>0900c8af85bd266#@#@#10#.jpeg</href>
</graphic>
</grate>
<warning id="nev20689204n1-nev18663233n245">
<ptxt id="nev20689204n1-nev18663233n244">High voltage sy#@#@#6#00 V!</ptxt>
<ptxt id="nev20689204n1-nev18663233n242">Observe the saf#@#@#72#icle!</ptxt>
<ptxt id="nev20689204n1-nev18663233n241">For further inf#@#@#10#see: <xref id="nev20689204n1-nev18663233n240">
<ref id="nev20689204n1-nev18663233n239"/>
</xref>
</ptxt>
</warning>
<para id="nev20689204n1-nev18615729n7">
<ptxt id="nev20689204n1-nev18615729n8">Integrated Star#@#@#127#ator.</ptxt>
</para>
<list1 enumtype="d" id="nev20689204n1-nev18616784n247" type="unordered">
<item id="nev20689204n1-nev18616784n246">
<ptxt id="nev20689204n1-nev18616784n242">Starter motor f#@#@#81# ISG.</ptxt>
</item>
<item id="nev20689204n1-nev18616784n241">
<ptxt id="nev20689204n1-nev18616784n240">Generator. The #@#@#232#axle.</ptxt>
<ptxt id="nev20689204n1-nev18616784n239">For further inf#@#@#35#mode.</ptxt>
</item>
</list1>
<para id="nev20689204n1-nev18615729n10">
<ptxt id="nev20689204n1-nev18615730n1">There are three#@#@#149#sors.</ptxt>
</para>
<hint id="nev20689204n1-nev18616784n238">
<ptxt id="nev20689204n1-nev18616784n237">Only one of the#@#@#70#IGM).</ptxt>
</hint>
<para id="nev20689204n1-nev18615730n6">
<ptxt id="nev20689204n1-nev18615730n7">ISG is controll#@#@#23# IGM.</ptxt>
</para>
</topic>
</servinfosub>