<?xml version="1.0" encoding="UTF-8"?><servinfosub IE-ID="en-US0900c8af8490a20c" docno="VCC-394381" id="nev14463909n1" xml:lang="en-US">
<title>
<phrase category="" id="nev14463909n2" phrase-urn="urn:x-nevis:phrase:0800c8af823df468">Diagnostic trou#@#@#21#ation</phrase>
<phrase category="Prefix" id="nev14463909n3" phrase-urn="urn:x-nevis:phrase:0800c8af8015c3f5">ECM</phrase>-P018121</title>
<diagnostic j2008use="1" paperuse="1" screenuse="1" type="condition">
<condgrp>
<condition type="condition">
<grate>
<graphic id="nev14463909n4">
<href>0900c8af8005d08#@#@#9#.jpeg</href>
</graphic>
<graphtext>
<ptxt>
<phrase category="" id="nev14463909n5" phrase-urn="urn:x-nevis:phrase:0800c8af823df477">The engine cont#@#@#64#sor. </phrase>
</ptxt>
<ptxt>
<phrase category="Condition" id="nev14463909n6" phrase-urn="urn:x-nevis:phrase:0800c8af836c2c0a">If the control #@#@#242#ated.</phrase>
</ptxt>
<ptxt>
<phrase category="Faulttracing" id="nev14463909n7" phrase-urn="urn:x-nevis:phrase:0800c8af834e39ce">The diagnostic #@#@#142# °C).</phrase>
</ptxt>
</graphtext>
</grate>
</condition>
</condgrp>
<condgrp>
<condition type="substitution">
<list1 enumtype="d" type="unordered">
<item>
<ptxt>
<phrase category="" id="nev14463909n8" phrase-urn="urn:x-nevis:phrase:0800c8af823df4a1">The signal from#@#@#48#used.</phrase>
</ptxt>
</item>
</list1>
</condition>
<ps>
<list1 enumtype="d" type="unordered">
<item>
<ptxt>
<phrase category="" id="nev14463909n9" phrase-urn="urn:x-nevis:phrase:0800c8af823df4ad">Contact resista#@#@#17#tors.</phrase>
</ptxt>
</item>
<item>
<ptxt>
<phrase category="" id="nev14463909n10" phrase-urn="urn:x-nevis:phrase:0800c8af823df4ba">Damaged fuel te#@#@#12#nsor.</phrase>
</ptxt>
</item>
</list1>
</ps>
</condgrp>
<condgrp>
<condition type="symptom">
<list1 enumtype="d" type="unordered">
<item>
<ptxt>
<phrase category="Symptom" id="nev14463910n1" phrase-urn="urn:x-nevis:phrase:0800c8af8223cd57">Malfunction ind#@#@#17#), on</phrase>
</ptxt>
</item>
</list1>
</condition>
</condgrp>
</diagnostic>
</servinfosub>