<?xml version="1.0" encoding="UTF-8"?><script xmlns:nevis="http://www.volvocars.com/namespaces/processing" xmlns:xlink="http://www.w3.org/1999/xlink" IE-ID="en-US0900c8af879c520c" docno="VCC-501277" id="nev27466361n1" nevis:expl-profile="mdl536yr2018, mdl536yr2019" nevis:profile="urn:x-nevis:profile:0b00c8af8734696f urn:x-nevis:profile:0b00c8af8795b0aa" nevis:projectdocument="urn:x-nevis:projectdocument:0800c8af879c5201" nevis:resource="0900c8af879c524d" nevis:resource2="urn:x-nevis:fragment:0900c8af879c520c:0900c8af879c524d#nev27466361n1" nevis:session-id="" qualifierinfotype="14:06" xml:lang="en-US"><title id="nev27466361n2"><phrase category="Title" id="nev27466361n3" phrase-urn="urn:x-nevis:phrase:0800c8af86f03262">Component test:</phrase><phrase category="Generic Component" id="nev27466361n4" phrase-urn="urn:x-nevis:phrase:0800c8af869ded24">Rear door module RDM</phrase><phrase category="Component Location" id="nev27466361n5" phrase-urn="urn:x-nevis:phrase:0800c8af86798bd1">right</phrase></title><content xmlns:diag="http://www.volvocars.com/namespaces/diag" id="nev27466361n6-nev27466362n1" nevis:expl-profile="mdl536yr2018, mdl536yr2019" nevis:idfrom="nev27466361n6" nevis:prefix="nev27466361n6" nevis:profile="urn:x-nevis:profile:0b00c8af8734696f urn:x-nevis:profile:0b00c8af8795b0aa" nevis:resource="0900c8af879c524f" nevis:resource2="urn:x-nevis:fragment:0900c8af879c520c:0900c8af879c524f#nev27466362n1" xml:lang="en-US"><nodes id="nev27466361n6-nev27466362n2"/><SpaScript Id="4b7159da-98df-4230-98ef-12e4c5278aab" Name="Component test: Rear door module RDM right " Type="FaultTracing" id="nev27466361n6-nev27466457n1"><Module Annotation="Adapt this script to a specific ECU using the following steps:&#xD;&#xA;&#xD;&#xA;1:   (MANDATORY) Go to module Check_ECU_HW_and_SW_DTCs and change the ECU in&#xD;&#xA; run script functional boxes named Check_HW_DTCs and Check_SW_DTCs to the&#xD;&#xA; name of the ECU (For example CEM) on BOTH places.&#xD;&#xA;&#xD;&#xA;2:   (MANDATORY) Go to both local variables in the same module and list the DTCs that &#xD;&#xA;should result in a replaced ECU in HW_DTCs&#xD;&#xA; and the DTCs that should result in a instructions to download new software under SW_DTCs. &#xD;&#xA;The format shall NOT be displaycode (Correct format example: 946F12). &#xD;&#xA;If there are no DTCs disable the forEach loop or leave the dummy DTC (FFFFFF) as the list will &#xD;&#xA;chrash the script if runned with no content&#xD;&#xA;&#xD;&#xA;3:   (Optional) If there are addional DTCs that is connected to the ECU in FAGER but shall&#xD;&#xA;not result in instructions&#xD;&#xA;about replacing HW or update SW these DTCs needs to be handled &#xD;&#xA;separetly by adding additional logic after the second forEach loop. Don´t forget&#xD;&#xA;a return function block as this is needed to not trigger the noFaultFound message." IsEventHandler="false" Name="Main" id="nev27466361n6-nev27466458n1"><Variable Annotation="" Id="Info_INIT" Scope="Global" Type="InfoDisplay" id="nev27466361n6-nev27466459n1"><Value Type="InfoDisplayVariable" id="nev27466361n6-nev27466460n1"><infoDisplay id="nev27466361n6-nev27466362n7"><title id="nev27466361n6-nev27466362n8"><phrase category="Title" id="nev27466361n6-nev27466362n9" phrase-urn="urn:x-nevis:phrase:0800c8af8032d32b">Information</phrase></title><para id="nev27466361n6-nev27466362n10"><phrase category="Faulttracing" id="nev27466361n6-nev27466363n1" phrase-urn="urn:x-nevis:phrase:0800c8af870d493d">The diagnostics#@#@#96#lost.</phrase></para><list id="nev27466361n6-nev27466363n2"><listTitle id="nev27466361n6-nev27466363n3"><phrase category="Faulttracing" id="nev27466361n6-nev27466363n4" phrase-urn="urn:x-nevis:phrase:0800c8af851f7f13"><diag:emph etype="bold">Action:</diag:emph></phrase></listTitle><li id="nev27466361n6-nev27466363n6"><phrase category="Faulttracing" id="nev27466361n6-nev27466363n7" phrase-urn="urn:x-nevis:phrase:0800c8af870d4855">Use the diagnos#@#@#48#nism.</phrase></li></list></infoDisplay></Value></Variable><Variable Annotation="" Id="Info_TEMP" Scope="Global" Type="InfoDisplay" id="nev27466361n6-nev27466462n1"><Value Type="InfoDisplayVariable" id="nev27466361n6-nev27466463n1"><infoDisplay id="nev27466361n6-nev27466363n10"><title id="nev27466361n6-nev27466364n1"><phrase category="Title" id="nev27466361n6-nev27466364n2" phrase-urn="urn:x-nevis:phrase:0800c8af8032d32b">Information</phrase></title><para id="nev27466361n6-nev27466364n3"><phrase category="Faulttracing" id="nev27466361n6-nev27466364n4" phrase-urn="urn:x-nevis:phrase:0800c8af870d4939">The diagnostics#@#@#101#ated.</phrase><phrase category="Faulttracing" id="nev27466361n6-nev27466364n5" phrase-urn="urn:x-nevis:phrase:0800c8af870d493a">A possible reas#@#@#80#span.</phrase></para><list id="nev27466361n6-nev27466364n6"><listTitle id="nev27466361n6-nev27466364n7"><phrase category="Faulttracing" id="nev27466361n6-nev27466364n8" phrase-urn="urn:x-nevis:phrase:0800c8af851f7f13"><diag:emph etype="bold">Action:</diag:emph></phrase></listTitle><li id="nev27466361n6-nev27466364n10"><phrase category="Faulttracing" id="nev27466361n6-nev27466365n1" phrase-urn="urn:x-nevis:phrase:0800c8af870d493b">Wait a few minu#@#@#39#ated.</phrase><phrase category="Faulttracing" id="nev27466361n6-nev27466365n2" phrase-urn="urn:x-nevis:phrase:0800c8af870d493c">The window lift#@#@#63#rmal.</phrase></li></list></infoDisplay></Value></Variable><Variable Annotation="" Id="Info_MEK" Scope="Global" Type="InfoDisplay" id="nev27466361n6-nev27466465n1"><Value Type="InfoDisplayVariable" id="nev27466361n6-nev27466466n1"><infoDisplay id="nev27466361n6-nev27466365n5"><title id="nev27466361n6-nev27466365n6"><phrase category="Title" id="nev27466361n6-nev27466365n7" phrase-urn="urn:x-nevis:phrase:0800c8af8032d32b">Information</phrase></title><para id="nev27466361n6-nev27466365n8"><phrase category="Faulttracing" id="nev27466361n6-nev27466365n9" phrase-urn="urn:x-nevis:phrase:0800c8af870d4851">The diagnostics#@#@#87#tion.</phrase><phrase category="Faulttracing" id="nev27466361n6-nev27466365n10" phrase-urn="urn:x-nevis:phrase:0800c8af870d4852">A possible reas#@#@#130#tion.</phrase></para><orderedlist id="nev27466361n6-nev27466366n1"><listTitle id="nev27466361n6-nev27466366n2"><phrase category="Faulttracing" id="nev27466361n6-nev27466366n3" phrase-urn="urn:x-nevis:phrase:0800c8af851f7f13"><diag:emph etype="bold">Action:</diag:emph></phrase></listTitle><li id="nev27466361n6-nev27466366n5"><phrase category="Faulttracing" id="nev27466361n6-nev27466366n6" phrase-urn="urn:x-nevis:phrase:0800c8af870d4853">Check that noth#@#@#35#ndow.</phrase></li><li id="nev27466361n6-nev27466366n7"><phrase category="Faulttracing" id="nev27466361n6-nev27466366n8" phrase-urn="urn:x-nevis:phrase:0800c8af870d4854">Check that the #@#@#31#free.</phrase></li><li id="nev27466361n6-nev27466366n9"><phrase category="Faulttracing" id="nev27466361n6-nev27466366n10" phrase-urn="urn:x-nevis:phrase:0800c8af870d4855">Use the diagnos#@#@#48#nism.</phrase></li></orderedlist></infoDisplay></Value></Variable><Variable Annotation="" Id="PDM_SW_DTCs" Scope="Global" Type="List[String]" id="nev27466361n6-nev27466468n1"><Value Type="ListVariable" id="nev27466361n6-nev27466469n1"><Item id="nev27466361n6-nev27466470n1">953A56</Item><Item id="nev27466361n6-nev27466471n1">94D756</Item></Value></Variable><Variable Annotation="" Id="DDM_SW_DTCs" Scope="Global" Type="List[String]" id="nev27466361n6-nev27466472n1"><Value Type="ListVariable" id="nev27466361n6-nev27466473n1"><Item id="nev27466361n6-nev27466474n1">953956</Item><Item id="nev27466361n6-nev27466475n1">94D756</Item></Value></Variable><Variable Annotation="" Id="PDM_HW_DTCs" Scope="Global" Type="List[String]" id="nev27466361n6-nev27466476n1"><Value Type="ListVariable" id="nev27466361n6-nev27466477n1"><Item id="nev27466361n6-nev27466478n1">909101</Item><Item id="nev27466361n6-nev27466479n1">918A29</Item><Item id="nev27466361n6-nev27466480n1">953D44</Item><Item id="nev27466361n6-nev27466481n1">D34887</Item></Value></Variable><Variable Annotation="" Id="DDM_HW_DTCs" Scope="Global" Type="List[String]" id="nev27466361n6-nev27466482n1"><Value Type="ListVariable" id="nev27466361n6-nev27466483n1"><Item id="nev27466361n6-nev27466484n1">909101</Item><Item id="nev27466361n6-nev27466485n1">918A29</Item><Item id="nev27466361n6-nev27466486n1">953D44</Item><Item id="nev27466361n6-nev27466487n1">D34787</Item></Value></Variable><Variable Annotation="" Id="DCU" Scope="Global" Type="String" id="nev27466361n6-nev27466488n1"/><Variable Annotation="" Id="INIT_DTC" Scope="Global" Type="List[String]" id="nev27466361n6-nev27466489n1"><Value Type="ListVariable" id="nev27466361n6-nev27466490n1"><Item id="nev27466361n6-nev27466491n1">909154</Item><Item id="nev27466361n6-nev27466492n1">909155</Item></Value></Variable><Variable Annotation="" Id="TEMP_DTC" Scope="Global" Type="List[String]" id="nev27466361n6-nev27466493n1"><Value Type="ListVariable" id="nev27466361n6-nev27466494n1"><Item id="nev27466361n6-nev27466495n1">90914B</Item></Value></Variable><Variable Annotation="" Id="MEK_DTC" Scope="Global" Type="List[String]" id="nev27466361n6-nev27466496n1"><Value Type="ListVariable" id="nev27466361n6-nev27466497n1"><Item id="nev27466361n6-nev27466498n1">917C07</Item></Value></Variable><Variable Annotation="" Id="HW_DTCs" Scope="Global" Type="List[String]" id="nev27466361n6-nev27466499n1"><Value Type="ListVariable" id="nev27466361n6-nev27466500n1"/></Variable><Variable Annotation="" Id="SW_DTCs" Scope="Global" Type="List[String]" id="nev27466361n6-nev27466501n1"><Value Type="ListVariable" id="nev27466361n6-nev27466502n1"/></Variable><Variable Annotation="" Id="Input" Scope="Input" Type="FaultTracing.Input" id="nev27466361n6-nev27466503n1"/><Component Annotation="F106 CC 008 SWP" ComponentId="ReadParameter1" id="nev27466361n6-nev27466504n1"><ReadParameter id="nev27466361n6-nev27466505n1"><Input DID="F106" Delay="500" EcuID="CEM" ErrorHandlingType="2" ParameterID="95090" Retries="0" id="nev27466361n6-nev27466506n1"/></ReadParameter></Component><If Annotation="Left Hand Drive" LogicId="If2" id="nev27466361n6-nev27466507n1"><LogicStatement Expression="ReadParameter1_Result.Parameter.Raw == &#34;01&#34;" id="nev27466361n6-nev27466508n1"/><True id="nev27466361n6-nev27466509n1"><Component ComponentId="DCU_PDM" id="nev27466361n6-nev27466510n1"><AssignValue id="nev27466361n6-nev27466511n1"><Input AssignTo="{__Globals__.DCU}" Value="PDM" id="nev27466361n6-nev27466512n1"/></AssignValue></Component><Component Annotation="" ComponentId="PDM_HW_DTCs_List" id="nev27466361n6-nev27466513n1"><AssignValue id="nev27466361n6-nev27466514n1"><Input AssignTo="{__Globals__.HW_DTCs}" Value="{__Globals__.PDM_HW_DTCs}" id="nev27466361n6-nev27466515n1"/></AssignValue></Component><Component Annotation="" ComponentId="PDM_SW_DTCs_List" id="nev27466361n6-nev27466516n1"><AssignValue id="nev27466361n6-nev27466517n1"><Input AssignTo="{__Globals__.SW_DTCs}" Value="{__Globals__.PDM_SW_DTCs}" id="nev27466361n6-nev27466518n1"/></AssignValue></Component></True><Else id="nev27466361n6-nev27466519n1"><Component ComponentId="DCU_DDM" id="nev27466361n6-nev27466520n1"><AssignValue id="nev27466361n6-nev27466521n1"><Input AssignTo="{__Globals__.DCU}" Value="DDM" id="nev27466361n6-nev27466522n1"/></AssignValue></Component><Component ComponentId="DDM_HW_DTCs_List" id="nev27466361n6-nev27466523n1"><AssignValue id="nev27466361n6-nev27466524n1"><Input AssignTo="{__Globals__.HW_DTCs}" Value="{__Globals__.DDM_HW_DTCs}" id="nev27466361n6-nev27466525n1"/></AssignValue></Component><Component ComponentId="DDM_SW_DTCs_List" id="nev27466361n6-nev27466526n1"><AssignValue id="nev27466361n6-nev27466527n1"><Input AssignTo="{__Globals__.SW_DTCs}" Value="{__Globals__.DDM_SW_DTCs}" id="nev27466361n6-nev27466528n1"/></AssignValue></Component></Else></If><Component ComponentId="Logger2" id="nev27466361n6-nev27466529n1"><Logger id="nev27466361n6-nev27466530n1"><Input Text="Steering Wheel Position: " id="nev27466361n6-nev27466531n1"/></Logger></Component><Component ComponentId="Logger1" id="nev27466361n6-nev27466532n1"><Logger id="nev27466361n6-nev27466533n1"><Input Text="{ReadParameter1_Result Parameter.Raw}" id="nev27466361n6-nev27466534n1"/></Logger></Component><Component Annotation="" ComponentId="CallModule_GenericComponentTest" id="nev27466361n6-nev27466535n1"><CallModule id="nev27466361n6-nev27466536n1"><Input Module="GenericComponentTest" id="nev27466361n6-nev27466537n1"><Arg Value="{Input}" id="nev27466361n6-nev27466538n1"/></Input></CallModule></Component><Component Annotation="" ComponentId="CallModule1" id="nev27466361n6-nev27466539n1"><CallModule id="nev27466361n6-nev27466540n1"><Input Module="Check_ECU_HW_and_SW_DTCs" id="nev27466361n6-nev27466541n1"/></CallModule></Component></Module><Module IsEventHandler="false" Name="Final" id="nev27466361n6-nev27466542n1"/><Module Annotation="Do not touch!" IsEventHandler="false" Name="GenericComponentTest" id="nev27466361n6-nev27466543n1"><Variable Annotation="" Id="InfoDisplayFromGenericLogic" Scope="Local" Type="InfoDisplay" id="nev27466361n6-nev27466544n1"><Value Type="InfoDisplayVariable" id="nev27466361n6-nev27466545n1"><infoDisplay id="nev27466361n6-nev27466374n9"/></Value></Variable><Variable Annotation="" Id="DTCs" Scope="Input" Type="List[String]" id="nev27466361n6-nev27466546n1"/><Component ComponentId="Logger_running_generic" id="nev27466361n6-nev27466547n1"><Logger id="nev27466361n6-nev27466548n1"><Input Text="Running module GenericComponenttest in component test 14:06..........   --- Version: 2015-01-23," id="nev27466361n6-nev27466549n1"/></Logger></Component><Component Annotation="" ComponentId="RunScript_generic_logic" id="nev27466361n6-nev27466550n1"><RunScript id="nev27466361n6-nev27466551n1"><Input id="nev27466361n6-nev27466552n1"><NevisLink ProjectDocumentId="0800c8af86b6bb5c" VCCNumber="VCC-479232-1" VariantId="0900c8af86b6bb6b" id="nev27466361n6-nev27466553n1"/><Contract id="nev27466361n6-nev27466554n1"><InputVariable Name="DTC_input_data" Type="FaultTracing.Input" id="nev27466361n6-nev27466555n1"/><OutputVariable Name="Error" Type="Double" id="nev27466361n6-nev27466556n1"/><OutputVariable Name="ReturnInfoDisplay" Type="InfoDisplay" id="nev27466361n6-nev27466557n1"/><OutputVariable Name="Only_UC_since_LC" Type="Double" id="nev27466361n6-nev27466558n1"/><OutputVariable Name="TF_since_LC_TestPassedNow" Type="Double" id="nev27466361n6-nev27466559n1"/><OutputVariable Name="TF_since_LC_TestNotRunning" Type="Double" id="nev27466361n6-nev27466560n1"/><OutputVariable Name="TF_since_LC_and_UC_this_OC" Type="Double" id="nev27466361n6-nev27466561n1"/><OutputVariable Name="FaultFreeComponent" Type="Double" id="nev27466361n6-nev27466562n1"/></Contract><Arguments InputValue1="{DTCs}" id="nev27466361n6-nev27466563n1"/><NevisXRef id="nev27466361n6-nev27466376n8"><ref id="nev27466361n6-nev27466376n9"><locator xlink:href="#nev27466361n6-nev27466376n9" xlink:type="locator"/><locator xlink:href="urn:x-nevis:xref:0800c8af86b6bb5c:00000000:00000000#nev22873702n1" xlink:type="locator"/><arc nevis:href="urn:x-nevis:xref:0800c8af86b6bb5c:00000000:00000000#nev22873702n1" xlink:title="VCC-479232, Generic logic for component test" xlink:type="arc"/></ref></NevisXRef></Input></RunScript></Component><If Annotation="if no error show generic info about DTC status for component" LogicId="If_no_error" id="nev27466361n6-nev27466566n1"><LogicStatement Expression="RunScript_generic_logic_Result.Error == False" id="nev27466361n6-nev27466567n1"/><True id="nev27466361n6-nev27466568n1"><Component ComponentId="Logger_showing_infodisplay" id="nev27466361n6-nev27466569n1"><Logger id="nev27466361n6-nev27466570n1"><Input Text="Showing information from generic logic script" id="nev27466361n6-nev27466571n1"/></Logger></Component><Component Annotation="From infodisplay returned by generic logic to a local infodisplay variable due to a bug in SPASE " ComponentId="AssignValue_Infodisplay" id="nev27466361n6-nev27466572n1"><AssignValue id="nev27466361n6-nev27466573n1"><Input AssignTo="{InfoDisplayFromGenericLogic}" Value="{RunScript_generic_logic_Result ReturnInfoDisplay}" id="nev27466361n6-nev27466574n1"/></AssignValue></Component><Component Annotation="Result from the generic logic 14:00" ComponentId="DisplayInformation_FromGenericLogic" id="nev27466361n6-nev27466575n1"><DisplayInformation id="nev27466361n6-nev27466576n1"><Input ButtonType="0" InfoDisplay="{InfoDisplayFromGenericLogic}" id="nev27466361n6-nev27466577n1"/></DisplayInformation></Component><If Annotation="If component only has unconfirmed DTC" LogicId="If_OnlyUnconfirmed" id="nev27466361n6-nev27466578n1"><LogicStatement Expression="RunScript_generic_logic_Result.Only_UC_since_LC == True" id="nev27466361n6-nev27466579n1"/><True id="nev27466361n6-nev27466580n1"><Component ComponentId="Logger_onlyUnconfirmed" id="nev27466361n6-nev27466581n1"><Logger id="nev27466361n6-nev27466582n1"><Input Text="The component Test 14:06, Module: GenericcomponentTest is now starting the 14:00 generic script for only unconfirmed since generic logic responded that there was only unconfirmed DTC" id="nev27466361n6-nev27466583n1"/></Logger></Component><Component Annotation="Generic Logic only for unconfirmed faulttracing" ComponentId="RunScript_OnlyUnconfirmed" id="nev27466361n6-nev27466584n1"><RunScript id="nev27466361n6-nev27466585n1"><Input id="nev27466361n6-nev27466586n1"><NevisLink ProjectDocumentId="0800c8af86bbe0d4" VCCNumber="VCC-479592-1" VariantId="0900c8af86bbddf9" id="nev27466361n6-nev27466587n1"/><Contract id="nev27466361n6-nev27466588n1"><InputVariable Name="AttemptNo" Type="Double" id="nev27466361n6-nev27466589n1"/><InputVariable Name="DTCs" Type="List[String]" id="nev27466361n6-nev27466590n1"/><OutputVariable Name="Verified" Type="Double" id="nev27466361n6-nev27466591n1"/><OutputVariable Name="ReturningInfodisplay" Type="InfoDisplay" id="nev27466361n6-nev27466592n1"/></Contract><Arguments InputValue1="1" InputValue2="{DTCs}" id="nev27466361n6-nev27466593n1"/><NevisXRef id="nev27466361n6-nev27466379n8"><ref id="nev27466361n6-nev27466379n9"><locator xlink:href="#nev27466361n6-nev27466379n9" xlink:type="locator"/><locator xlink:href="urn:x-nevis:xref:0800c8af86bbe0d4:00000000:00000000#nev22964386n1" xlink:type="locator"/><arc nevis:href="urn:x-nevis:xref:0800c8af86bbe0d4:00000000:00000000#nev22964386n1" xlink:title="VCC-479592, GenericLogicForOnlyUnconfirmedComponentTest" xlink:type="arc"/></ref></NevisXRef></Input></RunScript></Component><Component Annotation="" ComponentId="AssignValue_infodisplay" id="nev27466361n6-nev27466596n1"><AssignValue id="nev27466361n6-nev27466597n1"><Input AssignTo="{InfoDisplayFromGenericLogic}" Value="{RunScript_OnlyUnconfirmed_Result ReturningInfodisplay}" id="nev27466361n6-nev27466598n1"/></AssignValue></Component><Component ComponentId="DisplayInformation_ResultOnlyUnconfirmed" id="nev27466361n6-nev27466599n1"><DisplayInformation id="nev27466361n6-nev27466600n1"><Input ButtonType="0" InfoDisplay="{InfoDisplayFromGenericLogic}" id="nev27466361n6-nev27466601n1"/></DisplayInformation></Component><If Annotation="Verified ?" LogicId="If1" id="nev27466361n6-nev27466602n1"><LogicStatement Expression="RunScript_OnlyUnconfirmed_Result.Verified == True" id="nev27466361n6-nev27466603n1"/><True id="nev27466361n6-nev27466604n1"><Component Annotation="Verified" ComponentId="Logger_finished" id="nev27466361n6-nev27466605n1"><Logger id="nev27466361n6-nev27466606n1"><Input Text="Generic fault tracing instructions for only unconfirmed fault finished. the fault is verified..." id="nev27466361n6-nev27466607n1"/></Logger></Component></True><Else id="nev27466361n6-nev27466608n1"><Component ComponentId="Logger_NotVerifiedRetry2" id="nev27466361n6-nev27466609n1"><Logger id="nev27466361n6-nev27466610n1"><Input Text="The only unconfirmed fault is not verified... Running onlyUnconfirmedScript 14:00 one more time..." id="nev27466361n6-nev27466611n1"/></Logger></Component><Component Annotation="Second try" ComponentId="RunScriptUnconfirmed_2" id="nev27466361n6-nev27466612n1"><RunScript id="nev27466361n6-nev27466613n1"><Input id="nev27466361n6-nev27466614n1"><NevisLink ProjectDocumentId="0800c8af86bbe0d4" VCCNumber="VCC-479592-1" VariantId="0900c8af86bbddf9" id="nev27466361n6-nev27466615n1"/><Contract id="nev27466361n6-nev27466616n1"><InputVariable Name="AttemptNo" Type="Double" id="nev27466361n6-nev27466617n1"/><InputVariable Name="DTCs" Type="List[String]" id="nev27466361n6-nev27466618n1"/><OutputVariable Name="Verified" Type="Double" id="nev27466361n6-nev27466619n1"/><OutputVariable Name="ReturningInfodisplay" Type="InfoDisplay" id="nev27466361n6-nev27466620n1"/></Contract><Arguments InputValue1="2" InputValue2="{DTCs}" id="nev27466361n6-nev27466621n1"/><NevisXRef id="nev27466361n6-nev27466382n6"><ref id="nev27466361n6-nev27466382n7"><locator xlink:href="#nev27466361n6-nev27466382n7" xlink:type="locator"/><locator xlink:href="urn:x-nevis:xref:0800c8af86bbe0d4:00000000:00000000#nev22964386n1" xlink:type="locator"/><arc nevis:href="urn:x-nevis:xref:0800c8af86bbe0d4:00000000:00000000#nev22964386n1" xlink:title="VCC-479592, GenericLogicForOnlyUnconfirmedComponentTest" xlink:type="arc"/></ref></NevisXRef></Input></RunScript></Component><Component Annotation="" ComponentId="AssignValue_infodisplay2" id="nev27466361n6-nev27466624n1"><AssignValue id="nev27466361n6-nev27466625n1"><Input AssignTo="{InfoDisplayFromGenericLogic}" Value="{RunScriptUnconfirmed_2_Result ReturningInfodisplay}" id="nev27466361n6-nev27466626n1"/></AssignValue></Component><Component ComponentId="DisplayInformation_ResultUC_2" id="nev27466361n6-nev27466627n1"><DisplayInformation id="nev27466361n6-nev27466628n1"><Input ButtonType="0" InfoDisplay="{InfoDisplayFromGenericLogic}" id="nev27466361n6-nev27466629n1"/></DisplayInformation></Component></Else></If></True><Else id="nev27466361n6-nev27466630n1"/></If></True><Else id="nev27466361n6-nev27466631n1"><Component ComponentId="Logger_error" id="nev27466361n6-nev27466632n1"><Logger id="nev27466361n6-nev27466633n1"><Input Text="Error! Something is wrong in generic logic14:00 script, no condition is true. disabling viewing of the generic information, continueing directly to specific fault tracing..." id="nev27466361n6-nev27466634n1"/></Logger></Component></Else></If><Component ComponentId="Logger_Finished" id="nev27466361n6-nev27466635n1"><Logger id="nev27466361n6-nev27466636n1"><Input Text="Generic module in 14:06 component test is finished, continuing with specific tests...." id="nev27466361n6-nev27466637n1"/></Logger></Component></Module><Module Annotation="" IsEventHandler="false" Name="Check_ECU_HW_and_SW_DTCs" id="nev27466361n6-nev27466638n1"><Variable Annotation="" Id="ResultInfo" Scope="Local" Type="InfoDisplay" id="nev27466361n6-nev27466639n1"><Value Type="InfoDisplayVariable" id="nev27466361n6-nev27466640n1"><infoDisplay id="nev27466361n6-nev27466384n5"/></Value></Variable><ForEach Annotation="" Enumerable="{__Globals__.HW_DTCs}" ForEachId="ForEach_HW_DTC" id="nev27466361n6-nev27466641n1"><Component Annotation="" ComponentId="Check_HW_DTCs" id="nev27466361n6-nev27466642n1"><RunScript id="nev27466361n6-nev27466643n1"><Input id="nev27466361n6-nev27466644n1"><NevisLink ProjectDocumentId="0800c8af870dd0d0" VCCNumber="VCC-488772-1" VariantId="0900c8af870dd004" id="nev27466361n6-nev27466645n1"/><Contract id="nev27466361n6-nev27466646n1"><InputVariable Name="DTC" Type="String" id="nev27466361n6-nev27466647n1"/><InputVariable Name="ECU" Type="String" id="nev27466361n6-nev27466648n1"/><OutputVariable Name="DTC_IsTestFailedSinceLastClear" Type="Double" id="nev27466361n6-nev27466649n1"/><OutputVariable Name="ScriptError" Type="Double" id="nev27466361n6-nev27466650n1"/></Contract><Arguments InputValue1="{ForEach_HW_DTC}" InputValue2="{__Globals__.DCU}" id="nev27466361n6-nev27466651n1"/><NevisXRef id="nev27466361n6-nev27466385n7"><ref id="nev27466361n6-nev27466385n8"><locator xlink:href="#nev27466361n6-nev27466385n8" xlink:type="locator"/><locator xlink:href="urn:x-nevis:xref:0800c8af870dd0d0:00000000:00000000#nev24452041n1" xlink:type="locator"/><arc nevis:href="urn:x-nevis:xref:0800c8af870dd0d0:00000000:00000000#nev24452041n1" xlink:title="VCC-488772, Check_if_DTC_test_failed_since_last_clear" xlink:type="arc"/></ref></NevisXRef></Input></RunScript></Component><If Annotation="" LogicId="If_HW_DTC_is_testFailedSinceLastClear" id="nev27466361n6-nev27466654n1"><LogicStatement Expression="Check_HW_DTCs_Result.DTC_IsTestFailedSinceLastClear == 1" id="nev27466361n6-nev27466655n1"/><True id="nev27466361n6-nev27466656n1"><Component Annotation="" ComponentId="GetTextForHWfailure" id="nev27466361n6-nev27466657n1"><RunScript id="nev27466361n6-nev27466658n1"><Input id="nev27466361n6-nev27466659n1"><NevisLink ProjectDocumentId="0800c8af86c270c0" VCCNumber="VCC-481758-1" VariantId="0900c8af86c2703a" id="nev27466361n6-nev27466660n1"/><Contract id="nev27466361n6-nev27466661n1"><OutputVariable Name="Dummy" Type="Double" id="nev27466361n6-nev27466662n1"/><OutputVariable Name="ReturnHWFailureText" Type="InfoDisplay" id="nev27466361n6-nev27466663n1"/></Contract><Arguments id="nev27466361n6-nev27466664n1"/><NevisXRef id="nev27466361n6-nev27466386n10"><ref id="nev27466361n6-nev27466387n1"><locator xlink:href="#nev27466361n6-nev27466387n1" xlink:type="locator"/><locator xlink:href="urn:x-nevis:xref:0800c8af86c270c0:00000000:00000000#nev23132858n1" xlink:type="locator"/><arc nevis:href="urn:x-nevis:xref:0800c8af86c270c0:00000000:00000000#nev23132858n1" xlink:title="VCC-481758, Return_ECU_HW_failure_text" xlink:type="arc"/></ref></NevisXRef></Input></RunScript></Component><Component Annotation="" ComponentId="AssignValue1" id="nev27466361n6-nev27466667n1"><AssignValue id="nev27466361n6-nev27466668n1"><Input AssignTo="{ResultInfo}" Value="{GetTextForHWfailure_Result ReturnHWFailureText}" id="nev27466361n6-nev27466669n1"/></AssignValue></Component><Component Annotation="" ComponentId="DisplayHWFailInfo" id="nev27466361n6-nev27466670n1"><DisplayInformation id="nev27466361n6-nev27466671n1"><Input ButtonType="0" InfoDisplay="{ResultInfo}" id="nev27466361n6-nev27466672n1"/></DisplayInformation></Component><Component Annotation="" ComponentId="ExitModule" id="nev27466361n6-nev27466673n1"><Return id="nev27466361n6-nev27466674n1"/></Component></True><Else id="nev27466361n6-nev27466675n1"/></If></ForEach><ForEach Annotation="" Enumerable="{__Globals__.SW_DTCs}" ForEachId="ForEach_SW_DTC" id="nev27466361n6-nev27466676n1"><Component Annotation="" ComponentId="Check_SW_DTCs" id="nev27466361n6-nev27466677n1"><RunScript id="nev27466361n6-nev27466678n1"><Input id="nev27466361n6-nev27466679n1"><NevisLink ProjectDocumentId="0800c8af870dd0d0" VCCNumber="VCC-488772-1" VariantId="0900c8af870dd004" id="nev27466361n6-nev27466680n1"/><Contract id="nev27466361n6-nev27466681n1"><InputVariable Name="DTC" Type="String" id="nev27466361n6-nev27466682n1"/><InputVariable Name="ECU" Type="String" id="nev27466361n6-nev27466683n1"/><OutputVariable Name="DTC_IsTestFailedSinceLastClear" Type="Double" id="nev27466361n6-nev27466684n1"/><OutputVariable Name="ScriptError" Type="Double" id="nev27466361n6-nev27466685n1"/></Contract><Arguments InputValue1="{ForEach_SW_DTC}" InputValue2="{__Globals__.DCU}" id="nev27466361n6-nev27466686n1"/><NevisXRef id="nev27466361n6-nev27466389n2"><ref id="nev27466361n6-nev27466389n3"><locator xlink:href="#nev27466361n6-nev27466389n3" xlink:type="locator"/><locator xlink:href="urn:x-nevis:xref:0800c8af870dd0d0:00000000:00000000#nev24452041n1" xlink:type="locator"/><arc nevis:href="urn:x-nevis:xref:0800c8af870dd0d0:00000000:00000000#nev24452041n1" xlink:title="VCC-488772, Check_if_DTC_test_failed_since_last_clear" xlink:type="arc"/></ref></NevisXRef></Input></RunScript></Component><If Annotation="" LogicId="If_SW_DTC_is_testFailedSinceLastClear" id="nev27466361n6-nev27466689n1"><LogicStatement Expression="Check_SW_DTCs_Result.DTC_IsTestFailedSinceLastClear == 1" id="nev27466361n6-nev27466690n1"/><True id="nev27466361n6-nev27466691n1"><Component Annotation="" ComponentId="GetTextForSWfailure" id="nev27466361n6-nev27466692n1"><RunScript id="nev27466361n6-nev27466693n1"><Input id="nev27466361n6-nev27466694n1"><NevisLink ProjectDocumentId="0800c8af86c27691" VCCNumber="VCC-481759-1" VariantId="0900c8af86c2764f" id="nev27466361n6-nev27466695n1"/><Contract id="nev27466361n6-nev27466696n1"><OutputVariable Name="Dummy" Type="Double" id="nev27466361n6-nev27466697n1"/><OutputVariable Name="ReturnSWFailureText" Type="InfoDisplay" id="nev27466361n6-nev27466698n1"/></Contract><Arguments id="nev27466361n6-nev27466699n1"/><NevisXRef id="nev27466361n6-nev27466390n5"><ref id="nev27466361n6-nev27466390n6"><locator xlink:href="#nev27466361n6-nev27466390n6" xlink:type="locator"/><locator xlink:href="urn:x-nevis:xref:0800c8af86c27691:00000000:00000000#nev23132918n1" xlink:type="locator"/><arc nevis:href="urn:x-nevis:xref:0800c8af86c27691:00000000:00000000#nev23132918n1" xlink:title="VCC-481759, Return_ECU_SW_failure_text" xlink:type="arc"/></ref></NevisXRef></Input></RunScript></Component><Component Annotation="" ComponentId="AssignValue2" id="nev27466361n6-nev27466702n1"><AssignValue id="nev27466361n6-nev27466703n1"><Input AssignTo="{ResultInfo}" Value="{GetTextForSWfailure_Result ReturnSWFailureText}" id="nev27466361n6-nev27466704n1"/></AssignValue></Component><Component Annotation="" ComponentId="DisplaySWFailInfo" id="nev27466361n6-nev27466705n1"><DisplayInformation id="nev27466361n6-nev27466706n1"><Input ButtonType="0" InfoDisplay="{ResultInfo}" id="nev27466361n6-nev27466707n1"/></DisplayInformation></Component><Component Annotation="If SW failure is found, no fault found information shall not be displayed." ComponentId="ExitModule2" id="nev27466361n6-nev27466708n1"><Return id="nev27466361n6-nev27466709n1"/></Component></True><Else id="nev27466361n6-nev27466710n1"/></If></ForEach><ForEach Enumerable="{__Globals__.MEK_DTC}" ForEachId="ForEach_MEK_DTC" id="nev27466361n6-nev27466711n1"><Component Annotation="" ComponentId="Check_MEK_DTCs" id="nev27466361n6-nev27466712n1"><RunScript id="nev27466361n6-nev27466713n1"><Input id="nev27466361n6-nev27466714n1"><NevisLink ProjectDocumentId="0800c8af870dd0d0" VCCNumber="VCC-488772-1" VariantId="0900c8af870dd004" id="nev27466361n6-nev27466715n1"/><Contract id="nev27466361n6-nev27466716n1"><InputVariable Name="DTC" Type="String" id="nev27466361n6-nev27466717n1"/><InputVariable Name="ECU" Type="String" id="nev27466361n6-nev27466718n1"/><OutputVariable Name="DTC_IsTestFailedSinceLastClear" Type="Double" id="nev27466361n6-nev27466719n1"/><OutputVariable Name="ScriptError" Type="Double" id="nev27466361n6-nev27466720n1"/></Contract><Arguments InputValue1="{ForEach_MEK_DTC}" InputValue2="{__Globals__.DCU}" id="nev27466361n6-nev27466721n1"/><NevisXRef id="nev27466361n6-nev27466392n7"><ref id="nev27466361n6-nev27466392n8"><locator xlink:href="#nev27466361n6-nev27466392n8" xlink:type="locator"/><locator xlink:href="urn:x-nevis:xref:0800c8af870dd0d0:00000000:00000000#nev24452041n1" xlink:type="locator"/><arc nevis:href="urn:x-nevis:xref:0800c8af870dd0d0:00000000:00000000#nev24452041n1" xlink:title="VCC-488772, Check_if_DTC_test_failed_since_last_clear" xlink:type="arc"/></ref></NevisXRef></Input></RunScript></Component><If LogicId="If_MEK_DTC_is_testFailedSinceLastClear" id="nev27466361n6-nev27466724n1"><LogicStatement Expression="Check_MEK_DTCs_Result.DTC_IsTestFailedSinceLastClear == 1" id="nev27466361n6-nev27466725n1"/><True id="nev27466361n6-nev27466726n1"><Component ComponentId="DisplayInformation3" id="nev27466361n6-nev27466727n1"><DisplayInformation id="nev27466361n6-nev27466728n1"><Input ButtonType="0" InfoDisplay="{__Globals__.Info_MEK}" id="nev27466361n6-nev27466729n1"/></DisplayInformation></Component><Component Annotation="" ComponentId="ExitModule3" id="nev27466361n6-nev27466730n1"><Return id="nev27466361n6-nev27466731n1"/></Component></True><Else id="nev27466361n6-nev27466732n1"/></If></ForEach><ForEach Enumerable="{__Globals__.TEMP_DTC}" ForEachId="ForEach_TEMP_DTC" id="nev27466361n6-nev27466733n1"><Component Annotation="" ComponentId="Check_TEMP_DTCs" id="nev27466361n6-nev27466734n1"><RunScript id="nev27466361n6-nev27466735n1"><Input id="nev27466361n6-nev27466736n1"><NevisLink ProjectDocumentId="0800c8af870dd0d0" VCCNumber="VCC-488772-1" VariantId="0900c8af870dd004" id="nev27466361n6-nev27466737n1"/><Contract id="nev27466361n6-nev27466738n1"><InputVariable Name="DTC" Type="String" id="nev27466361n6-nev27466739n1"/><InputVariable Name="ECU" Type="String" id="nev27466361n6-nev27466740n1"/><OutputVariable Name="DTC_IsTestFailedSinceLastClear" Type="Double" id="nev27466361n6-nev27466741n1"/><OutputVariable Name="ScriptError" Type="Double" id="nev27466361n6-nev27466742n1"/></Contract><Arguments InputValue1="{ForEach_TEMP_DTC}" InputValue2="{__Globals__.DCU}" id="nev27466361n6-nev27466743n1"/><NevisXRef id="nev27466361n6-nev27466394n9"><ref id="nev27466361n6-nev27466394n10"><locator xlink:href="#nev27466361n6-nev27466394n10" xlink:type="locator"/><locator xlink:href="urn:x-nevis:xref:0800c8af870dd0d0:00000000:00000000#nev24452041n1" xlink:type="locator"/><arc nevis:href="urn:x-nevis:xref:0800c8af870dd0d0:00000000:00000000#nev24452041n1" xlink:title="VCC-488772, Check_if_DTC_test_failed_since_last_clear" xlink:type="arc"/></ref></NevisXRef></Input></RunScript></Component><If LogicId="If_TEMP_DTC_is_testFailedSinceLastClear" id="nev27466361n6-nev27466746n1"><LogicStatement Expression="Check_TEMP_DTCs_Result.DTC_IsTestFailedSinceLastClear == 1" id="nev27466361n6-nev27466747n1"/><True id="nev27466361n6-nev27466748n1"><Component Annotation="" ComponentId="DisplayInformation4" id="nev27466361n6-nev27466749n1"><DisplayInformation id="nev27466361n6-nev27466750n1"><Input ButtonType="0" InfoDisplay="{__Globals__.Info_TEMP}" id="nev27466361n6-nev27466751n1"/></DisplayInformation></Component><Component ComponentId="ExitModule4" id="nev27466361n6-nev27466752n1"><Return id="nev27466361n6-nev27466753n1"/></Component></True><Else id="nev27466361n6-nev27466754n1"/></If></ForEach><ForEach Enumerable="{__Globals__.INIT_DTC}" ForEachId="ForEach_INIT_DTC" id="nev27466361n6-nev27466755n1"><Component ComponentId="Check_INIT_DTCs" id="nev27466361n6-nev27466756n1"><RunScript id="nev27466361n6-nev27466757n1"><Input id="nev27466361n6-nev27466758n1"><NevisLink ProjectDocumentId="0800c8af870dd0d0" VCCNumber="VCC-488772-1" VariantId="0900c8af870dd004" id="nev27466361n6-nev27466759n1"/><Contract id="nev27466361n6-nev27466760n1"><InputVariable Name="DTC" Type="String" id="nev27466361n6-nev27466761n1"/><InputVariable Name="ECU" Type="String" id="nev27466361n6-nev27466762n1"/><OutputVariable Name="DTC_IsTestFailedSinceLastClear" Type="Double" id="nev27466361n6-nev27466763n1"/><OutputVariable Name="ScriptError" Type="Double" id="nev27466361n6-nev27466764n1"/></Contract><Arguments InputValue1="{ForEach_INIT_DTC}" InputValue2="{__Globals__.DCU}" id="nev27466361n6-nev27466765n1"/><NevisXRef id="nev27466361n6-nev27466397n1"><ref id="nev27466361n6-nev27466397n2"><locator xlink:href="#nev27466361n6-nev27466397n2" xlink:type="locator"/><locator xlink:href="urn:x-nevis:xref:0800c8af870dd0d0:00000000:00000000#nev24452041n1" xlink:type="locator"/><arc nevis:href="urn:x-nevis:xref:0800c8af870dd0d0:00000000:00000000#nev24452041n1" xlink:title="VCC-488772, Check_if_DTC_test_failed_since_last_clear" xlink:type="arc"/></ref></NevisXRef></Input></RunScript></Component><If LogicId="If_INIT_DTC_is_testFailedSinceLastClear" id="nev27466361n6-nev27466768n1"><LogicStatement Expression="Check_INIT_DTCs_Result.DTC_IsTestFailedSinceLastClear == 1" id="nev27466361n6-nev27466769n1"/><True id="nev27466361n6-nev27466770n1"><Component Annotation="" ComponentId="DisplayInformation5" id="nev27466361n6-nev27466771n1"><DisplayInformation id="nev27466361n6-nev27466772n1"><Input ButtonType="0" InfoDisplay="{__Globals__.Info_INIT}" id="nev27466361n6-nev27466773n1"/></DisplayInformation></Component><Component ComponentId="ExitModule5" id="nev27466361n6-nev27466774n1"><Return id="nev27466361n6-nev27466775n1"/></Component></True><Else id="nev27466361n6-nev27466776n1"/></If></ForEach><Component Annotation="" ComponentId="GetTextNoFaultFound" id="nev27466361n6-nev27466777n1"><RunScript id="nev27466361n6-nev27466778n1"><Input id="nev27466361n6-nev27466779n1"><NevisLink ProjectDocumentId="0800c8af86c51245" VCCNumber="VCC-482492-1" VariantId="0900c8af86c510b3" id="nev27466361n6-nev27466780n1"/><Contract id="nev27466361n6-nev27466781n1"><OutputVariable Name="ReturnNoFaultFoundText" Type="InfoDisplay" id="nev27466361n6-nev27466782n1"/><OutputVariable Name="Dummy" Type="Double" id="nev27466361n6-nev27466783n1"/></Contract><Arguments id="nev27466361n6-nev27466784n1"/><NevisXRef id="nev27466361n6-nev27466398n10"><ref id="nev27466361n6-nev27466399n1"><locator xlink:href="#nev27466361n6-nev27466399n1" xlink:type="locator"/><locator xlink:href="urn:x-nevis:xref:0800c8af86c51245:00000000:00000000#nev23197542n1" xlink:type="locator"/><arc nevis:href="urn:x-nevis:xref:0800c8af86c51245:00000000:00000000#nev23197542n1" xlink:title="VCC-482492, Return_ECU_No_Fault_Found_Text" xlink:type="arc"/></ref></NevisXRef></Input></RunScript></Component><Component ComponentId="AssignValue3" id="nev27466361n6-nev27466787n1"><AssignValue id="nev27466361n6-nev27466788n1"><Input AssignTo="{ResultInfo}" Value="{GetTextNoFaultFound_Result ReturnNoFaultFoundText}" id="nev27466361n6-nev27466789n1"/></AssignValue></Component><Component ComponentId="DisplayNoFaultFound" id="nev27466361n6-nev27466790n1"><DisplayInformation id="nev27466361n6-nev27466791n1"><Input ButtonType="0" InfoDisplay="{ResultInfo}" id="nev27466361n6-nev27466792n1"/></DisplayInformation></Component></Module></SpaScript></content></script>