<?xml version="1.0" encoding="UTF-8"?><servinfosub IE-ID="en-US0900c8af851cf20c" docno="VCC-424442" id="nev16429190n1" original="sv-SE" servinfosubId="nev20685422n1-nev20685422n2" servinfosubRes="0900c8af862c1df9" servinfosubRes2="urn:x-nevis:fragment:0900c8af851cf20c:0900c8af862c1df9#nev20685422n2" xml:lang="en-US">
<title id="nev16429190n2">Description of #@#@#60#ation</title>
<para id="nev20685422n1-nev16429190n3">
<ptxt id="nev20685422n1-nev16429190n4">
<xref id="nev20685422n1-nev16429190n5">
<ref id="nev20685422n1-nev16429190n6"/>
</xref>
</ptxt>
</para>
<para id="nev20685422n1-nev16429190n7">
<ptxt id="nev20685422n1-nev16429190n8">
<xref id="nev20685422n1-nev16429190n9">
<ref id="nev20685422n1-nev16429190n10"/>
</xref>
</ptxt>
</para>
<para id="nev20685422n1-nev16429191n1">
<ptxt id="nev20685422n1-nev16429191n2">
<xref id="nev20685422n1-nev16429191n3">
<ref id="nev20685422n1-nev16429191n4"/>
</xref>
</ptxt>
</para>
</servinfosub>