<?xml version="1.0" encoding="UTF-8"?><servinfosub IE-ID="en-US0900c8af8557d20c" docno="VCC-370197" id="nev13710330n1" original="sv-SE" servinfosubId="nev13710331n1-nev13710387n1" servinfosubRes="0900c8af856f62af" servinfosubRes2="urn:x-nevis:fragment:0900c8af8557d20c:0900c8af856f62af#nev13710387n1" xml:lang="en-US">
<operationnumbers>
<operationnumber>21110-0</operationnumber>
</operationnumbers>
<title id="nev13710329n5">Cylinder head</title>
<toolitemtable id="nev13710331n1-nev17441742n56">
<table id="nev13710331n1-nev17441742n55">
<tgroup cols="2" id="nev13710331n1-nev17441742n54">
<colspec colname="COLSPEC0" colwidth="1.00*" id="nev13710331n1-nev17441742n53"/>
<colspec colname="COLSPEC1" colwidth="1.00*" id="nev13710331n1-nev17441742n52"/>
<thead id="nev13710331n1-nev17441742n51">
<row id="nev13710331n1-nev17441742n50">
<entry id="nev13710331n1-nev17441742n49" nameend="COLSPEC1" namest="COLSPEC0" valign="top">
<ptxt id="nev13710331n1-nev17441742n48">
<emph id="nev13710331n1-nev17441742n47">Special tools</emph>
</ptxt>
</entry>
</row>
</thead>
<tbody id="nev13710331n1-nev17441742n46">
<row id="nev13710331n1-nev17441742n45">
<entry id="nev13710331n1-nev17441742n44">
<graphic id="nev13710331n1-nev17441742n43">
<href>0900c8af8162068#@#@#9#.jpeg</href>
</graphic>
</entry>
<entry id="nev13710331n1-nev17441742n42">
<ptxt id="nev13710331n1-nev17441742n41">
<emph id="nev13710331n1-nev17441742n40">999 7107 Support</emph>
</ptxt>
<ptxt id="nev13710331n1-nev17441742n38">
<emph id="nev13710331n1-nev17441742n37">Tool number:</emph>999 7107</ptxt>
<ptxt id="nev13710331n1-nev17441742n36">
<emph id="nev13710331n1-nev17441742n35">Tool description:</emph>Support</ptxt>
<ptxt id="nev13710331n1-nev17441742n33">
<emph id="nev13710331n1-nev17441742n32">Tool boards:</emph>21</ptxt>
</entry>
</row>
<row id="nev13710331n1-nev17441742n31">
<entry id="nev13710331n1-nev17441742n30">
<graphic id="nev13710331n1-nev17441742n29">
<href>0900c8af800544c#@#@#9#.jpeg</href>
</graphic>
</entry>
<entry id="nev13710331n1-nev17441742n28">
<ptxt id="nev13710331n1-nev17441742n27">
<emph id="nev13710331n1-nev17441742n26">999 5454 PRESS #@#@#31#B5254</emph>
</ptxt>
<ptxt id="nev13710331n1-nev17441742n24">
<emph id="nev13710331n1-nev17441742n23">Tool number:</emph>999 5454</ptxt>
<ptxt id="nev13710331n1-nev17441742n22">
<emph id="nev13710331n1-nev17441742n21">Tool description:</emph>PRESS TOOL (2) #@#@#22#B5254</ptxt>
<ptxt id="nev13710331n1-nev17441742n19">
<emph id="nev13710331n1-nev17441742n18">Tool boards:</emph>21</ptxt>
</entry>
</row>
<row id="nev13710331n1-nev17441742n17">
<entry id="nev13710331n1-nev17441742n16">
<graphic id="nev13710331n1-nev17441742n15">
<href>0900c8af800547a#@#@#9#.jpeg</href>
</graphic>
</entry>
<entry id="nev13710331n1-nev17441742n14">
<ptxt id="nev13710331n1-nev17441742n13">
<emph id="nev13710331n1-nev17441742n12">999 5670 Pliers#@#@#39#B6304</emph>
</ptxt>
<ptxt id="nev13710331n1-nev17441742n10">
<emph id="nev13710331n1-nev17441742n9">Tool number:</emph>999 5670</ptxt>
<ptxt id="nev13710331n1-nev17441742n8">
<emph id="nev13710331n1-nev17441742n7">Tool description:</emph>Pliers (removin#@#@#30#B6304</ptxt>
<ptxt id="nev13710331n1-nev17441742n5">
<emph id="nev13710331n1-nev17441742n4">Tool boards:</emph>21</ptxt>
</entry>
</row>
<row id="nev13710331n1-nev17441742n3">
<entry id="nev13710331n1-nev17441742n2">
<graphic id="nev13710331n1-nev17441742n1">
<href>0900c8af8005433#@#@#9#.jpeg</href>
</graphic>
</entry>
<entry id="nev13710331n1-nev17441743n100">
<ptxt id="nev13710331n1-nev17441743n99">
<emph id="nev13710331n1-nev17441743n98">951 2050 BEVEL #@#@#5#ACTOR</emph>
</ptxt>
<ptxt id="nev13710331n1-nev17441743n96">
<emph id="nev13710331n1-nev17441743n95">Tool number:</emph>951 2050</ptxt>
<ptxt id="nev13710331n1-nev17441743n94">
<emph id="nev13710331n1-nev17441743n93">Tool description:</emph>BEVEL PROTRACTOR</ptxt>
<ptxt id="nev13710331n1-nev17441743n91">
<emph id="nev13710331n1-nev17441743n90">Tool boards:</emph>08</ptxt>
</entry>
</row>
<row id="nev13710331n1-nev17441743n89">
<entry id="nev13710331n1-nev17441743n88">
<graphic id="nev13710331n1-nev17441743n87">
<href>0900c8af8005751#@#@#9#.jpeg</href>
</graphic>
</entry>
<entry id="nev13710331n1-nev17441743n86">
<ptxt id="nev13710331n1-nev17441743n85">
<emph id="nev13710331n1-nev17441743n84">951 2767 Roller#@#@#35#,6304</emph>
</ptxt>
<ptxt id="nev13710331n1-nev17441743n82">
<emph id="nev13710331n1-nev17441743n81">Tool number:</emph>951 2767</ptxt>
<ptxt id="nev13710331n1-nev17441743n80">
<emph id="nev13710331n1-nev17441743n79">Tool description:</emph>Roller (Applyin#@#@#26#,6304</ptxt>
<ptxt id="nev13710331n1-nev17441743n77">
<emph id="nev13710331n1-nev17441743n76">Tool boards:</emph>08</ptxt>
</entry>
</row>
</tbody>
</tgroup>
</table>
</toolitemtable>
<materialtable id="nev13710331n1-nev17441743n75">
<table id="nev13710331n1-nev17441743n74">
<tgroup cols="2" id="nev13710331n1-nev17441743n73">
<colspec colname="COLSPEC0" colwidth="1.00*" id="nev13710331n1-nev17441743n72"/>
<colspec colname="COLSPEC1" colwidth="1.00*" id="nev13710331n1-nev17441743n71"/>
<thead id="nev13710331n1-nev17441743n70">
<row id="nev13710331n1-nev17441743n69">
<entry id="nev13710331n1-nev17441743n68" nameend="COLSPEC1" namest="COLSPEC0" valign="top">
<ptxt id="nev13710331n1-nev17441743n67">
<emph id="nev13710331n1-nev17441743n66">Materials</emph>
</ptxt>
</entry>
</row>
</thead>
<tbody id="nev13710331n1-nev17441743n65">
<row id="nev13710331n1-nev17441743n64">
<entry id="nev13710331n1-nev17441743n63">
<ptxt id="nev13710331n1-nev17441743n62">
<emph id="nev13710331n1-nev17441743n61">Designation</emph>
</ptxt>
</entry>
<entry id="nev13710331n1-nev17441743n60">
<ptxt id="nev13710331n1-nev17441743n59">
<emph id="nev13710331n1-nev17441743n58">Part number</emph>
</ptxt>
</entry>
</row>
<row id="nev13710331n1-nev17441743n57">
<entry id="nev13710331n1-nev17441743n56">
<ptxt id="nev13710331n1-nev17441743n55">Gasket solution</ptxt>
</entry>
<entry id="nev13710331n1-nev17441743n53">
<ptxt id="nev13710331n1-nev17441743n52">1161847</ptxt>
</entry>
</row>
<row id="nev13710331n1-nev17441743n51">
<entry id="nev13710331n1-nev17441743n50">
<ptxt id="nev13710331n1-nev17441743n49">Engine oil</ptxt>
</entry>
<entry id="nev13710331n1-nev17441743n47">
<ptxt id="nev13710331n1-nev17441743n46"/>
</entry>
</row>
<row id="nev13710331n1-nev17441743n45">
<entry id="nev13710331n1-nev17441743n44">
<ptxt id="nev13710331n1-nev17441743n43">Chemical gasket</ptxt>
</entry>
<entry id="nev13710331n1-nev17441743n41">
<ptxt id="nev13710331n1-nev17441743n40">1161059</ptxt>
</entry>
</row>
</tbody>
</tgroup>
</table>
</materialtable>
<procedure id="nev13710331n1-nev13710386n24">
<stepgrp boilerplate="false" context="" id="nev13710331n1-nev17441741n30">
<title id="nev13710331n1-0800c8af844a46f6">Removal</title>
<procstep id="nev13710331n1-nev15709919n18">
<para id="nev13710331n1-nev17441741n28">
<ptxt id="nev13710331n1-nev17441741n29">Drain cooling s#@#@#33#eding<xref boilerplate="true" id="nev13710331n1-0800c8af848d5640">
<ref id="nev13710331n1-nev15711563n47"/>
</xref>
</ptxt>
</para>
</procstep>
<procstep id="nev13710331n1-nev15709920n98">
<grate id="nev13710331n1-nev15710254n15">
<graphic id="nev13710331n1-nev15710254n16">
<href>0900c8af8471b46#@#@#9#.jpeg</href>
</graphic>
<graphtext id="nev13710331n1-nev17441766n1">
<para id="nev13710331n1-nev17441741n26">
<ptxt id="nev13710331n1-nev17441741n27">
<toolitem boilerplate="true" id="nev13710331n1-nev15710254n13" imageid="0900c8af81620686"/>
</ptxt>
</para>
</graphtext>
</grate>
</procstep>
<procstep id="nev13710331n1-nev15709920n32">
<list1 boilerplate="true" context="remove" enumtype="b" id="nev13710331n1-nev15710254n11" type="unordered">
<item id="nev13710331n1-nev17441741n25">
<ptxt id="nev13710331n1-nev17441741n24">air cleaner (AC#@#@#5#using<xref boilerplate="true" id="nev13710331n1-0800c8af8451d44f">
<ref id="nev13710331n1-nev16285738n59"/>
</xref>
</ptxt>
</item>
<item id="nev13710331n1-nev17441741n23">
<ptxt id="nev13710331n1-nev17441741n22">VVT unit<xref boilerplate="true" id="nev13710331n1-0800c8af8462298b">
<ref id="nev13710331n1-nev15710256n97"/>
</xref>
</ptxt>
</item>
<item id="nev13710331n1-nev17441741n21">
<ptxt id="nev13710331n1-nev17441741n20">fuel injector<xref boilerplate="true" id="nev13710331n1-0800c8af84534bdc">
<ref id="nev13710331n1-nev15710256n92"/>
</xref>
</ptxt>
</item>
<item id="nev13710331n1-nev17441741n19">
<ptxt id="nev13710331n1-nev17441741n18">VVT solenoid<xref boilerplate="true" id="nev13710331n1-0800c8af84616978">
<ref id="nev13710331n1-nev15710256n77"/>
</xref>
</ptxt>
</item>
<item id="nev13710331n1-nev17441741n17">
<ptxt id="nev13710331n1-nev17441741n16">spark plugs<xref boilerplate="true" id="nev13710331n1-0800c8af84722e31">
<ref id="nev13710331n1-nev15711563n21"/>
</xref>
</ptxt>
</item>
</list1>
</procstep>
<procstep id="nev13710331n1-nev17266476n95">
<list1 boilerplate="true" context="detach" enumtype="b" id="nev13710331n1-nev17266488n1" type="unordered">
<item id="nev13710331n1-nev17441741n15">
<ptxt id="nev13710331n1-nev17441741n14">the intake manifold<xref boilerplate="true" id="nev13710331n1-0800c8af845936f0">
<ref id="nev13710331n1-nev17266490n97"/>
</xref>
</ptxt>
</item>
<item id="nev13710331n1-nev17441741n13">
<ptxt id="nev13710331n1-nev17441741n12">exhaust manifold<xref boilerplate="true" id="nev13710331n1-0800c8af845936d8">
<ref id="nev13710331n1-nev17266490n93"/>
</xref>
</ptxt>
</item>
</list1>
</procstep>
<procstep id="nev13710331n1-nev15709926n69">
<grate id="nev13710331n1-nev15710256n74">
<graphic id="nev13710331n1-nev15710256n75">
<href>0900c8af8346bed#@#@#9#.jpeg</href>
</graphic>
</grate>
</procstep>
<procstep id="nev13710331n1-nev15709927n8">
<grate id="nev13710331n1-nev15710256n72">
<graphic id="nev13710331n1-nev15710256n73">
<href>0900c8af8471b45#@#@#9#.jpeg</href>
</graphic>
</grate>
</procstep>
<procstep id="nev13710331n1-nev15709929n43">
<grate id="nev13710331n1-nev15710256n70">
<graphic id="nev13710331n1-nev15710256n71">
<href>0900c8af8471b44#@#@#9#.jpeg</href>
</graphic>
</grate>
</procstep>
<procstep id="nev13710331n1-nev15709931n74">
<grate id="nev13710331n1-nev15710256n68">
<graphic id="nev13710331n1-nev15710256n69">
<href>0900c8af8471b44#@#@#9#.jpeg</href>
</graphic>
</grate>
</procstep>
<procstep id="nev13710331n1-nev15709932n1">
<grate id="nev13710331n1-nev15710256n66">
<graphic id="nev13710331n1-nev15710256n67">
<href>0900c8af8471b46#@#@#9#.jpeg</href>
</graphic>
<graphtext id="nev13710331n1-nev17441806n1">
<para id="nev13710331n1-nev17441741n10">
<ptxt id="nev13710331n1-nev17441741n11">
<toolitem boilerplate="true" id="nev13710331n1-nev15710256n64" imageid="0900c8af800544c1"/>
</ptxt>
</para>
</graphtext>
</grate>
</procstep>
<procstep id="nev13710331n1-nev15709935n13">
<grate id="nev13710331n1-nev15710256n61">
<graphic id="nev13710331n1-nev15710256n62">
<href>0900c8af8471b45#@#@#9#.jpeg</href>
</graphic>
<graphtext id="nev13710331n1-nev17441813n1">
<para id="nev13710331n1-nev17441741n8">
<ptxt id="nev13710331n1-nev17441741n9">
<toolitem boilerplate="true" id="nev13710331n1-nev15710256n59" imageid="0900c8af800544c1"/>
</ptxt>
</para>
</graphtext>
</grate>
</procstep>
<procstep id="nev13710331n1-nev15709940n76">
<grate id="nev13710331n1-nev15710256n56">
<graphic id="nev13710331n1-nev15710256n57">
<href>0900c8af8471b45#@#@#9#.jpeg</href>
</graphic>
</grate>
</procstep>
<procstep id="nev13710331n1-nev15709942n45">
<grate id="nev13710331n1-nev15710256n54">
<graphic id="nev13710331n1-nev15710256n55">
<href>0900c8af8471b45#@#@#9#.jpeg</href>
</graphic>
<graphtext id="nev13710331n1-nev17441823n1">
<caution id="nev13710331n1-0800c8af844a4187">
<ptxt>Take extra care#@#@#24#nent.</ptxt>
</caution>
<para id="nev13710331n1-nev17441741n6">
<ptxt id="nev13710331n1-nev17441741n7">
<toolitem boilerplate="true" id="nev13710331n1-nev15710256n50" imageid="0900c8af800547a6"/>
</ptxt>
</para>
</graphtext>
</grate>
</procstep>
<procstep id="nev13710331n1-nev15709947n47">
<grate id="nev13710331n1-nev15710256n47">
<graphic id="nev13710331n1-nev15710256n48">
<href>0900c8af84725f6#@#@#9#.jpeg</href>
</graphic>
<graphtext id="nev13710331n1-nev17441830n1">
<caution id="nev13710331n1-0800c8af844a4187">
<ptxt>Take extra care#@#@#24#nent.</ptxt>
</caution>
</graphtext>
</grate>
</procstep>
<procstep id="nev13710331n1-nev15709951n19">
<grate id="nev13710331n1-nev15710256n43">
<graphic id="nev13710331n1-nev15710256n44">
<href>0900c8af8471b43#@#@#9#.jpeg</href>
</graphic>
<graphtext id="nev13710331n1-nev17441834n1">
<note id="nev13710331n1-0800c8af844a42eb">
<ptxt>Note the positi#@#@#31#oval.</ptxt>
</note>
</graphtext>
</grate>
</procstep>
<procstep id="nev13710331n1-nev15709956n67">
<grate id="nev13710331n1-nev15710256n39">
<graphic id="nev13710331n1-nev15710256n40">
<href>0900c8af8471b45#@#@#9#.jpeg</href>
</graphic>
<graphtext id="nev13710331n1-nev17441838n1">
<note id="nev13710331n1-0800c8af844a42eb">
<ptxt>Note the positi#@#@#31#oval.</ptxt>
</note>
<para id="nev13710331n1-nev17441741n4">
<ptxt id="nev13710331n1-nev17441741n5">
<equipment equipmentid="" equipmentname="Magnet" id="nev13710331n1-nev15710256n36"/>
</ptxt>
</para>
</graphtext>
</grate>
</procstep>
<procstep id="nev13710331n1-nev15709963n38">
<grate id="nev13710331n1-nev15710256n32">
<graphic id="nev13710331n1-nev15710256n33">
<href>0900c8af8471b42#@#@#9#.jpeg</href>
</graphic>
<graphtext id="nev13710331n1-nev17441845n1">
<caution id="nev13710331n1-0800c8af844a4190">
<ptxt>Take extra care#@#@#27#aces.</ptxt>
</caution>
</graphtext>
</grate>
</procstep>
</stepgrp>
<stepgrp boilerplate="false" context="" id="nev13710331n1-nev17441741n3">
<title id="nev13710331n1-0800c8af844a46f9">Installation</title>
<procstep id="nev13710331n1-nev15709972n38">
<grate id="nev13710331n1-nev15710256n26">
<graphic id="nev13710331n1-nev15710256n27">
<href>0900c8af8471b43#@#@#9#.jpeg</href>
</graphic>
<graphtext id="nev13710331n1-nev17441849n1">
<caution id="nev13710331n1-0800c8af844a4187">
<ptxt>Take extra care#@#@#24#nent.</ptxt>
</caution>
<caution id="nev13710331n1-0800c8af844a410d">
<ptxt>Make sure that #@#@#51#rial.</ptxt>
</caution>
<caution id="nev13710331n1-0800c8af844a4119">
<ptxt>Make sure that #@#@#58#ores.</ptxt>
</caution>
<para id="nev13710331n1-nev17441741n1">
<ptxt id="nev13710331n1-nev17441741n2">
<material id="nev13710331n1-nev15710256n17" materialid="9511024" materialname="Abrasive cloth" quantity="0.0"/>
</ptxt>
</para>
</graphtext>
</grate>
</procstep>
<procstep id="nev13710331n1-nev15710068n60">
<grate id="nev13710331n1-nev15710256n15">
<graphic id="nev13710331n1-nev15710256n16">
<href>0900c8af8471b43#@#@#9#.jpeg</href>
</graphic>
<graphtext id="nev13710331n1-nev17441856n1">
<para id="nev13710331n1-nev17441742n99">
<ptxt id="nev13710331n1-nev17441742n100">
<toolitem boilerplate="true" id="nev13710331n1-nev15710256n13" imageid="0900c8af80054336"/>
</ptxt>
</para>
<para id="nev13710331n1-nev17441742n97">
<ptxt id="nev13710331n1-nev17441742n98">
<torque id="nev13710331n1-nev15710256n11">
<ref id="nev13710331n1-nev15710256n9"/>
</torque>
</ptxt>
</para>
</graphtext>
</grate>
</procstep>
<procstep id="nev13710331n1-nev15710084n15">
<grate id="nev13710331n1-nev15710256n6">
<graphic id="nev13710331n1-nev15710256n7">
<href>0900c8af8471b45#@#@#9#.jpeg</href>
</graphic>
<graphtext id="nev13710331n1-nev17441866n1">
<caution id="nev13710331n1-0800c8af844a40b8">
<ptxt>Only use the sp#@#@#13#cant.</ptxt>
</caution>
<note id="nev13710331n1-0800c8af844a43a3">
<ptxt>Make sure that #@#@#56#tion.</ptxt>
</note>
<para id="nev13710331n1-nev17441742n95">
<ptxt id="nev13710331n1-nev17441742n96">
<material id="nev13710331n1-nev15710257n99" materialid="" materialname="Engine oil" quantity="0.0"/>
</ptxt>
</para>
</graphtext>
</grate>
</procstep>
<procstep id="nev13710331n1-nev15710099n20">
<note id="nev13710331n1-0800c8af844a43ce">
<ptxt>This step is on#@#@#33#uired</ptxt>
</note>
</procstep>
<procstep id="nev13710331n1-nev15710104n15">
<para id="nev13710331n1-nev17441742n93">
<ptxt id="nev13710331n1-nev17441742n94">Perform valve c#@#@#3#rance<xref boilerplate="true" id="nev13710331n1-0800c8af846a52df">
<ref id="nev13710331n1-nev15710257n94"/>
</xref>
</ptxt>
</para>
</procstep>
<procstep id="nev13710331n1-nev15710110n100">
<grate id="nev13710331n1-nev15710257n90">
<graphic id="nev13710331n1-nev15710257n91">
<href>0900c8af8471b43#@#@#9#.jpeg</href>
</graphic>
<graphtext id="nev13710331n1-nev17441876n1">
<caution id="nev13710331n1-0800c8af844a40b8">
<ptxt>Only use the sp#@#@#13#cant.</ptxt>
</caution>
<note id="nev13710331n1-0800c8af844a43a3">
<ptxt>Make sure that #@#@#56#tion.</ptxt>
</note>
<para id="nev13710331n1-nev17441742n91">
<ptxt id="nev13710331n1-nev17441742n92">
<material id="nev13710331n1-nev15710257n83" materialid="" materialname="Engine oil" quantity="0.0"/>
</ptxt>
</para>
</graphtext>
</grate>
</procstep>
<procstep id="nev13710331n1-nev15710129n100">
<grate id="nev13710331n1-nev15710257n81">
<graphic id="nev13710331n1-nev15710257n82">
<href>0900c8af8471b44#@#@#9#.jpeg</href>
</graphic>
</grate>
</procstep>
<procstep id="nev13710331n1-nev15710134n45">
<grate id="nev13710331n1-nev15710257n79">
<graphic id="nev13710331n1-nev15710257n80">
<href>0900c8af8471b44#@#@#9#.jpeg</href>
</graphic>
<graphtext id="nev13710331n1-nev17441886n1">
<note id="nev13710331n1-0800c8af844a4379">
<ptxt>Make sure that #@#@#51#rial.</ptxt>
</note>
<para id="nev13710331n1-nev17441742n89">
<ptxt id="nev13710331n1-nev17441742n90">
<material id="nev13710331n1-nev15710257n74" materialid="9511024" materialname="Abrasive cloth" quantity="0.0"/>
</ptxt>
</para>
<para id="nev13710331n1-nev17441742n87">
<ptxt id="nev13710331n1-nev17441742n88">
<toolitem boilerplate="true" id="nev13710331n1-nev15710257n72" imageid="0900c8af8005751c"/>
</ptxt>
</para>
<para id="nev13710331n1-nev17441742n85">
<ptxt id="nev13710331n1-nev17441742n86">
<material id="nev13710331n1-nev15710257n68" materialid="1161059" materialname="Chemical gasket" quantity="0.0"/>
</ptxt>
</para>
</graphtext>
</grate>
</procstep>
<procstep id="nev13710331n1-nev15710160n85">
<grate id="nev13710331n1-nev15710257n66">
<graphic id="nev13710331n1-nev15710257n67">
<href>0900c8af8471b44#@#@#9#.jpeg</href>
</graphic>
<graphtext id="nev13710331n1-nev17441899n1">
<caution id="nev13710331n1-0800c8af844a4187">
<ptxt>Take extra care#@#@#24#nent.</ptxt>
</caution>
</graphtext>
</grate>
</procstep>
<procstep id="nev13710331n1-nev15710169n35">
<grate id="nev13710331n1-nev15710257n62">
<graphic id="nev13710331n1-nev15710257n63">
<href>0900c8af8471b45#@#@#9#.jpeg</href>
</graphic>
<graphtext id="nev13710331n1-nev17441903n1">
<para id="nev13710331n1-nev17441742n83">
<ptxt id="nev13710331n1-nev17441742n84">
<torque id="nev13710331n1-nev15710257n61">
<ref id="nev13710331n1-nev15710257n59"/>
</torque>
</ptxt>
</para>
</graphtext>
</grate>
</procstep>
<procstep id="nev13710331n1-nev15710179n69">
<grate id="nev13710331n1-nev15710257n56">
<graphic id="nev13710331n1-nev15710257n57">
<href>0900c8af8471b44#@#@#9#.jpeg</href>
</graphic>
<graphtext id="nev13710331n1-nev17441910n1">
<para id="nev13710331n1-nev17441742n81">
<ptxt id="nev13710331n1-nev17441742n82">
<torque id="nev13710331n1-nev15710257n55">
<ref id="nev13710331n1-nev15710257n53"/>
</torque>
</ptxt>
</para>
</graphtext>
</grate>
</procstep>
<procstep id="nev13710331n1-nev15710213n91">
<grate id="nev13710331n1-nev15710257n50">
<graphic id="nev13710331n1-nev15710257n51">
<href>0900c8af8471b46#@#@#9#.jpeg</href>
</graphic>
</grate>
</procstep>
<procstep id="nev13710331n1-nev15710237n28">
<grate id="nev13710331n1-nev15710257n48">
<graphic id="nev13710331n1-nev15710257n49">
<href>0900c8af84a9d0c#@#@#9#.jpeg</href>
</graphic>
<graphtext id="nev13710331n1-nev17441920n1">
<list1 enumtype="n" id="nev13710331n1-nev15710257n47" type="ordered">
<item id="nev13710331n1-nev17441742n80">
<ptxt id="nev13710331n1-nev17441742n79">
<torque id="nev13710331n1-nev15710257n45">
<ref id="nev13710331n1-nev15710257n43"/>
</torque>
</ptxt>
</item>
<item id="nev13710331n1-nev17441742n78">
<ptxt id="nev13710331n1-nev17441742n77">
<torque id="nev13710331n1-nev15710257n41">
<ref id="nev13710331n1-nev15710257n39"/>
</torque>
</ptxt>
</item>
</list1>
</graphtext>
</grate>
</procstep>
<procstep id="nev13710331n1-nev15711501n33">
<grate id="nev13710331n1-nev15711564n66">
<graphic id="nev13710331n1-nev15711564n67">
<href>0900c8af8471b45#@#@#9#.jpeg</href>
</graphic>
<graphtext id="nev13710331n1-nev17441930n1">
<para id="nev13710331n1-nev17441742n75">
<ptxt id="nev13710331n1-nev17441742n76">
<torque id="nev13710331n1-nev15711564n65">
<ref id="nev13710331n1-nev15711564n63"/>
</torque>
</ptxt>
</para>
</graphtext>
</grate>
</procstep>
<procstep id="nev13710331n1-nev15711508n7">
<grate id="nev13710331n1-nev15711564n60">
<graphic id="nev13710331n1-nev15711564n61">
<href>0900c8af8346bed#@#@#9#.jpeg</href>
</graphic>
</grate>
</procstep>
<procstep id="nev13710331n1-nev15711514n16">
<list1 boilerplate="true" context="install" enumtype="b" id="nev13710331n1-nev15711564n59" type="unordered">
<item id="nev13710331n1-nev17441742n74">
<ptxt id="nev13710331n1-nev17441742n73">VVT unit<xref boilerplate="true" id="nev13710331n1-0800c8af8462298b">
<ref id="nev13710331n1-nev15711564n55"/>
</xref>
</ptxt>
</item>
<item id="nev13710331n1-nev17441742n72">
<ptxt id="nev13710331n1-nev17441742n71">exhaust manifold<xref boilerplate="true" id="nev13710331n1-0800c8af845936d8">
<ref id="nev13710331n1-nev15711564n50"/>
</xref>
</ptxt>
</item>
<item id="nev13710331n1-nev17441742n70">
<ptxt id="nev13710331n1-nev17441742n69">air cleaner (AC#@#@#5#using<xref boilerplate="true" id="nev13710331n1-0800c8af8451d44f">
<ref id="nev13710331n1-nev16285738n2"/>
</xref>
</ptxt>
</item>
<item id="nev13710331n1-nev17441742n68">
<ptxt id="nev13710331n1-nev17441742n67">fuel injector<xref boilerplate="true" id="nev13710331n1-0800c8af84534bdc">
<ref id="nev13710331n1-nev15711564n40"/>
</xref>
</ptxt>
</item>
<item id="nev13710331n1-nev17441742n66">
<ptxt id="nev13710331n1-nev17441742n65">spark plugs<xref boilerplate="true" id="nev13710331n1-0800c8af84722e31">
<ref id="nev13710331n1-nev15711564n35"/>
</xref>
</ptxt>
</item>
<item id="nev13710331n1-nev17441742n64">
<ptxt id="nev13710331n1-nev17441742n63">the intake manifold<xref boilerplate="true" id="nev13710331n1-0800c8af845936f0">
<ref id="nev13710331n1-nev15711564n30"/>
</xref>
</ptxt>
</item>
<item id="nev13710331n1-nev17441742n62">
<ptxt id="nev13710331n1-nev17441742n61">VVT solenoid<xref boilerplate="true" id="nev13710331n1-0800c8af84616978">
<ref id="nev13710331n1-nev15711564n25"/>
</xref>
</ptxt>
</item>
</list1>
</procstep>
<procstep id="nev13710331n1-nev15711547n63">
<grate id="nev13710331n1-nev15711564n22">
<graphic id="nev13710331n1-nev15711564n23">
<href>0900c8af84725f6#@#@#9#.jpeg</href>
</graphic>
<graphtext id="nev13710331n1-nev17441961n1">
<para id="nev13710331n1-nev17441742n59">
<ptxt id="nev13710331n1-nev17441742n60">
<torque id="nev13710331n1-nev15711564n21">
<ref id="nev13710331n1-nev15711564n19"/>
</torque>
</ptxt>
</para>
</graphtext>
</grate>
</procstep>
<procstep id="nev13710331n1-nev15711556n99">
<para id="nev13710331n1-nev17441742n57">
<ptxt id="nev13710331n1-nev17441742n58">Fill cooling sy#@#@#32#eding<xref boilerplate="true" id="nev13710331n1-0800c8af848d56bb">
<ref id="nev13710331n1-nev15711564n15"/>
</xref>
</ptxt>
</para>
</procstep>
</stepgrp>
</procedure>
</servinfosub>