<?xml version="1.0" encoding="UTF-8"?><servinfosub IE-ID="en-US0900c8af83be620c" docno="VCC-161203" id="KC07235844" xml:lang="en-US">
<title>
<phrase category="" id="KC07235847" phrase-urn="urn:x-nevis:phrase:0800c8af81a9c93f">Diagnostic trou#@#@#30#-140C</phrase>
</title>
<diagnostic j2008use="1" paperuse="1" screenuse="1" type="condition">
<condgrp>
<condition type="condition">
<grate>
<graphic id="KC07235848">
<href>0900c8af8073177#@#@#9#.jpeg</href>
</graphic>
<graphtext>
<ptxt>
<phrase category="" id="KC07235849" phrase-urn="urn:x-nevis:phrase:0800c8af81a9c940">The central ele#@#@#116#ECM).</phrase>
</ptxt>
<ptxt>
<phrase category="" id="KC07235850" phrase-urn="urn:x-nevis:phrase:0800c8af81a9c941">The diagnostic #@#@#219#ning.</phrase>
</ptxt>
</graphtext>
</grate>
</condition>
</condgrp>
<condgrp>
<condition type="substitution">
<para>
<ptxt>
<phrase category="" id="KC07235851" phrase-urn="urn:x-nevis:phrase:0800c8af81a9c942">Value from the #@#@#69#used.</phrase>
</ptxt>
</para>
</condition>
<ps>
<list1 enumtype="d" type="unordered">
<item>
<ptxt>
<phrase category="" id="KC07235852" phrase-urn="urn:x-nevis:phrase:0800c8af81a9c943">Damaged outside#@#@#14#ensor</phrase>
</ptxt>
</item>
<item>
<ptxt>
<phrase category="" id="KC07235853" phrase-urn="urn:x-nevis:phrase:0800c8af81a9c944">Short-circuit t#@#@#24#able.</phrase>
</ptxt>
</item>
</list1>
</ps>
</condgrp>
<condgrp>
<condition type="symptom">
<list1 enumtype="d" type="unordered">
<item>
<ptxt>
<phrase category="Symptom CSC" id="nev12529332n1" phrase-urn="urn:x-nevis:phrase:0800c8af8388f00f">AB, Starting/En#@#@#52#times</phrase>
</ptxt>
</item>
<item id="nev12529330n98">
<ptxt id="nev12529330n97">
<phrase category="Symptom CSC" id="nev12529333n1" phrase-urn="urn:x-nevis:phrase:0800c8af8388f063">CR, Gauges/Ambi#@#@#43# work</phrase>
</ptxt>
</item>
</list1>
</condition>
</condgrp>
</diagnostic>
</servinfosub>