<?xml version="1.0" encoding="UTF-8"?><servinfosub IE-ID="en-US0900c8af8557f20c" docno="VCC-331981" id="nev12921999n1" original="sv-SE" servinfosubId="nev20688464n1-nev20688464n2" servinfosubRes="0900c8af862c39e4" servinfosubRes2="urn:x-nevis:fragment:0900c8af8557f20c:0900c8af862c39e4#nev20688464n2" xml:lang="en-US">
<title id="nev12921999n2">Diagnostic functions</title>
<topic id="nev20688464n1-nev12942471n250">
<title id="nev20688464n1-nev12942471n249">General</title>
<para id="nev20688464n1-nev12942471n248">
<ptxt id="nev20688464n1-nev12942471n247">The keyless veh#@#@#235#mph).</ptxt>
</para>
</topic>
<topic id="nev20688464n1-nev12942471n246">
<title id="nev20688464n1-nev12942471n245">Diagnostic trou#@#@#11#DTCs)</title>
<para id="nev20688464n1-nev12942471n244">
<ptxt id="nev20688464n1-nev12942471n243">A diagnostic tr#@#@#338#KVM).</ptxt>
</para>
</topic>
<topic id="nev20688464n1-nev12942471n242">
<title id="nev20688464n1-nev12942471n241">Reading and era#@#@#31#DTCs)</title>
<para id="nev20688464n1-nev12942471n240">
<ptxt id="nev20688464n1-nev12980524n250">Stored diagnost#@#@#226#TCs).</ptxt>
</para>
<para id="nev20688464n1-nev12942471n238">
<ptxt id="nev20688464n1-nev12942471n237">This function c#@#@#170#ored.</ptxt>
</para>
<para id="nev20688464n1-nev12942471n236">
<ptxt id="nev20688464n1-nev12942471n235">Diagnostic trou#@#@#109#once.</ptxt>
</para>
</topic>
<topic id="nev20688464n1-nev12942471n234">
<title id="nev20688464n1-nev12942471n233">Reading off inp#@#@#16#gnals</title>
<para id="nev20688464n1-nev12942471n232">
<ptxt id="nev20688464n1-nev12942471n231">This function c#@#@#114#nals.</ptxt>
</para>
</topic>
<topic id="nev20688464n1-nev12942471n230">
<title id="nev20688464n1-nev12942471n229">Reading off ext#@#@#26#ation</title>
<para id="nev20688464n1-nev12942471n228">
<ptxt id="nev20688464n1-nev12942471n227">This function i#@#@#265#sary.</ptxt>
</para>
</topic>
<topic id="nev20688464n1-nev12942471n226">
<title id="nev20688464n1-nev12942471n225">Reading off the#@#@#6#eters</title>
<para id="nev20688464n1-nev12942471n224">
<ptxt id="nev20688464n1-nev12942471n223">This function i#@#@#120#ters.</ptxt>
</para>
</topic>
<topic id="nev20688464n1-nev12942471n222">
<title id="nev20688464n1-nev12942471n221">Reading off the#@#@#25#ation</title>
<para id="nev20688464n1-nev12942471n220">
<ptxt id="nev20688464n1-nev12942471n219">The control mod#@#@#59#odes.</ptxt>
<ptxt id="nev20688464n1-nev12942471n218">The codes conta#@#@#35#dule:</ptxt>
</para>
<list1 enumtype="d" id="nev20688464n1-nev12942471n217" type="unordered">
<item id="nev20688464n1-nev12942471n216">
<ptxt id="nev20688464n1-nev12942471n215">hardware P/N (c#@#@#26#ware)</ptxt>
</item>
<item id="nev20688464n1-nev12942471n214">
<ptxt id="nev20688464n1-nev12942471n213">hardware serial#@#@#36#ware)</ptxt>
</item>
<item id="nev20688464n1-nev12942471n212">
<ptxt id="nev20688464n1-nev12942471n211">software P/N</ptxt>
</item>
<item id="nev20688464n1-nev12942471n210">
<ptxt id="nev20688464n1-nev12942471n209">diagnostic soft#@#@#4# P/N.</ptxt>
</item>
<item id="nev20688464n1-nev12942471n208">
<ptxt id="nev20688464n1-nev12942471n207">serial number f#@#@#34#iver.</ptxt>
</item>
</list1>
</topic>
<topic id="nev20688464n1-nev12942471n206">
<title id="nev20688464n1-nev12942471n205">Internal program</title>
<para id="nev20688464n1-nev12942471n204">
<ptxt id="nev20688464n1-nev12942471n203">The keyless veh#@#@#184# are:</ptxt>
</para>
<list1 enumtype="d" id="nev20688464n1-nev12942471n202" type="unordered">
<item id="nev20688464n1-nev12942471n201">
<ptxt id="nev20688464n1-nev12942471n200">
<emph id="nev20688464n1-nev12942471n199">Checking the ke#@#@#8#stem.</emph> The program ch#@#@#154#ndow.</ptxt>
</item>
<item id="nev20688464n1-nev12942471n198">
<ptxt id="nev20688464n1-nev12942471n197">
<emph id="nev20688464n1-nev12942471n196">Erase all passi#@#@#10#keys.</emph> The program er#@#@#158#dure.</ptxt>
</item>
<item id="nev20688464n1-nev12942471n195">
<ptxt id="nev20688464n1-nev12942471n194">
<emph id="nev20688464n1-nev12942471n193">Add passive rem#@#@#3# key.</emph> Adds a passive#@#@#21#stem.</ptxt>
</item>
</list1>
</topic>
<topic id="nev20688464n1-nev12942471n192">
<title id="nev20688464n1-nev12942471n191">Description of #@#@#39#ation</title>
<para id="nev20688464n1-nev12942471n190">
<ptxt id="nev20688464n1-nev12965458n250">The system can #@#@#465#made:</ptxt>
</para>
<list1 enumtype="d" id="nev20688464n1-nev12942471n188" type="unordered">
<item id="nev20688464n1-nev12942471n187">
<ptxt id="nev20688464n1-nev12942471n186">
<emph id="nev20688464n1-nev12942471n185">Total unlocking:</emph> All doors and #@#@#177# door</ptxt>
</item>
<item id="nev20688464n1-nev12942471n184">
<ptxt id="nev20688464n1-nev12942471n183">
<emph id="nev20688464n1-nev12942471n182">Selective unloc#@#@#18#oors:</emph> The vehicle ca#@#@#383#open.</ptxt>
</item>
<item id="nev20688464n1-nev12942471n181">
<ptxt id="nev20688464n1-nev12942471n180">
<emph id="nev20688464n1-nev12942471n179">Selective unloc#@#@#18#oors:</emph> The vehicle ca#@#@#374#open.</ptxt>
</item>
<item id="nev20688464n1-nev12942471n178">
<ptxt id="nev20688464n1-nev12942471n177">
<emph id="nev20688464n1-nev12942471n176">Selective unloc#@#@#24#side:</emph> The vehicle ca#@#@#450#open.</ptxt>
</item>
</list1>
<para id="nev20688464n1-nev12942471n175">
<ptxt id="nev20688464n1-nev12942471n174">The customer ca#@#@#320#CEM).</ptxt>
</para>
</topic>
</servinfosub>