<?xml version="1.0" encoding="UTF-8"?><servinfosub IE-ID="en-US0900c8af80498c0d" docno="VCC-083153" id="KC01492409" xml:lang="en-US">
<title>Rear axle link,#@#@#5#acing</title>
<procedure opcode="1234" opnbr="1234">
<proctools>
<toolitem id="KC08553772"/>
<toolitem id="KC08553773"/>
</proctools>
<note>
<ptxt>The rear axle l#@#@#103#ced. </ptxt>
</note>
<stepgrp>
<procstep id="KC01494049">
<title>Remove the nut #@#@#54# arm </title>
<grate>
<graphic id="KC08553774" width="column">
<href>0900c8af8012df4#@#@#9#.jpeg</href>
</graphic>
<graphtext>
<ptxt/>
</graphtext>
</grate>
</procstep>
<procstep id="KC01494050">
<title>Tap out the mou#@#@#6#screw</title>
<ptxt>Use a copper ma#@#@#11#ilar.</ptxt>
</procstep>
<procstep id="KC01494051">
<title>On the left-han#@#@#2#side:</title>
<grate>
<graphic id="KC08553775" width="column">
<href>0900c8af8012df3#@#@#9#.jpeg</href>
</graphic>
<graphtext>
<ptxt>Remove the scre#@#@#27#cket.</ptxt>
<ptxt>Remove the brak#@#@#30#lips.</ptxt>
</graphtext>
</grate>
</procstep>
<procstep id="KC01494052">
<title>Remove the scre#@#@#26#acket</title>
<ptxt>Leave the brack#@#@#52#ble. </ptxt>
</procstep>
<procstep id="KC01494053">
<title>Lift up the rig#@#@#45#jack </title>
<grate>
<graphic id="KC08553776" width="column">
<href>0900c8af803f769#@#@#9#.jpeg</href>
</graphic>
<graphtext>
<ptxt>Pry down the li#@#@#75# bar.</ptxt>
<ptxt>Ensure that the#@#@#58#work.</ptxt>
</graphtext>
</grate>
</procstep>
<procstep id="KC01494054">
<title>Install press t#@#@#27#g arm</title>
<ptxt/>
</procstep>
<procstep id="KC01494055">
<title>Press the bushi#@#@#1#g out</title>
<ptxt/>
</procstep>
</stepgrp>
<stepgrp>
<title>Installation</title>
<note>
<ptxt>To ensure that #@#@#29#see: <xref>
<ref id="KC08553777"/>
</xref>.</ptxt>
</note>
<note>
<ptxt>Turn the bushin#@#@#69#work.</ptxt>
</note>
<procstep id="KC01494056">
<title>Press the new r#@#@#19#place</title>
<grate>
<graphic id="KC08553778" width="column">
<href>0900c8af803f76a#@#@#9#.jpeg</href>
</graphic>
<graphtext>
<ptxt>Use the same to#@#@#15#ving.</ptxt>
</graphtext>
</grate>
</procstep>
<procstep id="KC01494057">
<title>Remove the tool#@#@#103#t yet</title>
<ptxt/>
</procstep>
<procstep id="KC01494058">
<title>Install the tra#@#@#40#ywork</title>
<grate>
<graphic id="KC08553779" width="column">
<href>0900c8af803f6a9#@#@#9#.jpeg</href>
</graphic>
<graphtext>
<ptxt/>
</graphtext>
</grate>
</procstep>
<procstep id="KC01494059">
<title>Install the scr#@#@#35#osely</title>
<ptxt>Use new screws.</ptxt>
</procstep>
<procstep id="KC01494060">
<title>Tighten the screws: </title>
<ptxt>
<emph etype="bold">A.</emph>First tighten t#@#@#51#n to <emph etype="bold">105 Nm</emph>.
Angle-tighten to <emph etype="bold">90°</emph>
</ptxt>
<ptxt>
<emph etype="bold">B.</emph> Then tighten t#@#@#31#n to <emph etype="bold">65 Nm</emph>. Angle-tighten to <emph etype="bold">60°</emph>
</ptxt>
<ptxt>
<emph etype="bold">C.</emph> Finally tighte#@#@#66#n to <emph etype="bold">65 Nm</emph>.
Angle tighten to <emph etype="bold">120°</emph>.</ptxt>
<ptxt>Use bevel protr#@#@#1#ctor <toolitem id="KC08553780"/>.</ptxt>
</procstep>
<procstep id="KC01494061">
<title>Install:</title>
<grate>
<graphic id="KC08553781" width="column">
<href>0900c8af8012df3#@#@#9#.jpeg</href>
</graphic>
<graphtext>
<list1 type="unordered">
<item>
<ptxt>the brake pipe #@#@#15# clip</ptxt>
</item>
<item>
<ptxt>the screw for t#@#@#19#cket.</ptxt>
</item>
</list1>
</graphtext>
</grate>
</procstep>
</stepgrp>
</procedure>
</servinfosub>