<?xml version="1.0" encoding="UTF-8"?><servinfosub IE-ID="en-US0900c8af87ca6c0d" docno="VCC-502038" id="nev28194375n1" original="sv-SE" servinfosubId="nev28194376n1-nev28194375n4" servinfosubRes="0900c8af87efcae7" servinfosubRes2="urn:x-nevis:fragment:0900c8af87ca6c0d:0900c8af87efcae7#nev28194375n4" xml:lang="en-US">
<operationnumbers>
<operationnumber>41315-3</operationnumber>
</operationnumbers>
<title id="nev28194375n2">Clutch slave cy#@#@#1#inder</title>
<procedure id="nev28194376n1-nev28904874n2">
<stepgrp boilerplate="false" context="" id="nev28194376n1-nev28904802n31">
<title id="nev28194376n1-nev28904874n4">Removal</title>
<procstep id="nev28194376n1-nev28904874n5">
<note id="nev28194376n1-nev28904874n7">
<ptxt>Removal steps i#@#@#45#ails.</ptxt>
</note>
</procstep>
<procstep id="nev28194376n1-nev28904802n30">
<para id="nev28194376n1-nev28904802n26">
<ptxt id="nev28194376n1-nev28904802n28">Remove transmission<xref boilerplate="true" id="nev28194376n1-nev28904802n29">
<ref id="nev28194376n1-nev28904802n27"/>
</xref>
</ptxt>
</para>
</procstep>
<procstep id="nev28194376n1-nev28904875n4">
<grate id="nev28194376n1-nev28904802n24">
<graphic id="nev28194376n1-nev28904802n25">
<href>0900c8af8343d0a#@#@#9#.jpeg</href>
</graphic>
</grate>
</procstep>
<procstep id="nev28194376n1-nev28904875n7">
<grate id="nev28194376n1-nev28904802n22">
<graphic id="nev28194376n1-nev28904802n23">
<href>0900c8af8718121#@#@#9#.jpeg</href>
</graphic>
<graphtext id="nev28194376n1-nev28904887n1">
<para id="nev28194376n1-nev28904802n20">
<ptxt id="nev28194376n1-nev28904802n21">Remove the screws.</ptxt>
</para>
<para id="nev28194376n1-nev28904802n18">
<ptxt id="nev28194376n1-nev28904802n19">
<torque id="nev28194376n1-nev28904876n6">
<ref id="nev28194376n1-nev28904876n7"/>
</torque>
</ptxt>
</para>
<para id="nev28194376n1-nev28904802n16">
<ptxt id="nev28194376n1-nev28904802n17">Remove the mark#@#@#3#part.</ptxt>
</para>
</graphtext>
</grate>
</procstep>
</stepgrp>
<stepgrp boilerplate="false" context="" id="nev28194376n1-nev28904802n15">
<title id="nev28194376n1-nev28904877n2">Installation</title>
<procstep id="nev28194376n1-nev28904877n3">
<para id="nev28194376n1-nev28904802n13">
<ptxt id="nev28194376n1-nev28904802n14">To install, rev#@#@#22#dure.</ptxt>
</para>
</procstep>
</stepgrp>
</procedure>
</servinfosub>