<?xml version="1.0" encoding="UTF-8"?><servinfosub IE-ID="en-US0900c8af850e961f" docno="VCC-159889" id="KC06193695" xml:lang="en-US">
<title id="nev12272652n250">Power seat modu#@#@#14#acing</title>
<procedure id="nev12272652n248">
<note id="nev12272652n246">
<ptxt id="nev12272652n244">The illustratio#@#@#176#rect.</ptxt>
</note>
<stepgrp id="KC07219265">
<title id="nev12272652n242">Removal</title>
<procstep id="KC07219266">
<title id="nev12272652n240">Removing the po#@#@#16#(PSM)</title>
<para id="nev12272652n238">
<ptxt id="nev12272652n236">Raise the seat #@#@#19#tion.</ptxt>
</para>
<grate id="nev12272652n234">
<graphic id="KC07219273">
<href>0900c8af80054d7#@#@#9#.jpeg</href>
</graphic>
<graphtext id="nev12272652n229">
<para id="nev12272652n227">
<ptxt id="nev12272652n225">Lift the seat o#@#@#19#See: <xref id="nev12272652n223">
<ref id="KC07219274"/>
</xref>.</ptxt>
</para>
</graphtext>
</grate>
<grate id="nev12272652n218">
<graphic id="KC07219275">
<href>0900c8af80057a7#@#@#9#.jpeg</href>
</graphic>
<graphtext id="nev12272652n213">
<para id="nev12272652n211">
<ptxt id="nev12272652n209">Remove the key.#@#@#78#take.</ptxt>
<ptxt id="nev12272652n207">Wait one minute#@#@#17#work.</ptxt>
</para>
</graphtext>
</grate>
<para id="nev12272652n205">
<ptxt id="nev12272652n203">Remove the 2 screws.</ptxt>
<ptxt id="nev12272652n201">Disconnect the #@#@#5#ctor.</ptxt>
<ptxt id="nev12272652n199">Remove the cont#@#@#6#dule.</ptxt>
</para>
</procstep>
</stepgrp>
<stepgrp id="KC07219267">
<title id="nev12272652n197">Installation</title>
<procstep id="KC07219268">
<title id="nev12272652n195">Installing the #@#@#18#(PSM)</title>
<list1 enumtype="d" id="nev12272652n193" type="unordered">
<title id="nev12272652n191">Install:</title>
<item id="nev12272652n189">
<ptxt id="nev12272652n187">the control module</ptxt>
</item>
<item id="nev12272652n185">
<ptxt id="nev12272652n183">the connector</ptxt>
</item>
<item id="nev12272652n181">
<ptxt id="nev12272652n179">the 2 screws. T#@#@#1#ghten</ptxt>
</item>
<item id="nev12272652n177">
<ptxt id="nev12272652n175">the key</ptxt>
</item>
<item id="nev12272652n173">
<ptxt id="nev12272652n171">the front seat #@#@#11#d in <xref id="nev12272652n169">
<ref id="KC07219276"/>
</xref>.</ptxt>
</item>
</list1>
</procstep>
</stepgrp>
<stepgrp id="KC07219269">
<title id="nev12272652n164">Finishing</title>
<procstep id="KC07219270">
<title id="nev12272652n162">Ordering software</title>
<para id="nev12272652n160">
<ptxt id="nev12272652n158">Order software.#@#@#1#See: <swfunction action="order" id="nev16175173n235"/>. </ptxt>
</para>
</procstep>
<procstep id="KC07219272">
<title id="nev12272652n144">Finishing</title>
<para id="nev12272652n142">
<ptxt id="nev12272652n140">Check that no d#@#@#55#air. </ptxt>
<ptxt id="nev12272652n138">Test operate th#@#@#27#ions.</ptxt>
</para>
</procstep>
</stepgrp>
</procedure>
</servinfosub>