<?xml version="1.0" encoding="UTF-8"?><servinfosub IE-ID="en-US0900c8af8574861f" docno="VCC-370686" id="nev13714984n1" original="sv-SE" servinfosubId="nev13714985n1-nev17501022n1" servinfosubRes="0900c8af858de9c1" servinfosubRes2="urn:x-nevis:fragment:0900c8af8574861f:0900c8af858de9c1#nev17501022n1" xml:lang="en-US">
<operationnumbers>
<operationnumber>43332-2</operationnumber>
</operationnumbers>
<title id="nev13714977n86">Transfer Case R#@#@#3# Seal</title>
<toolitemtable id="nev13714985n1-nev17913412n32">
<table id="nev13714985n1-nev17913412n31">
<tgroup cols="2" id="nev13714985n1-nev17913412n30">
<colspec colname="COLSPEC0" colwidth="1.00*" id="nev13714985n1-nev17913412n29"/>
<colspec colname="COLSPEC1" colwidth="1.00*" id="nev13714985n1-nev17913412n28"/>
<thead id="nev13714985n1-nev17913412n27">
<row id="nev13714985n1-nev17913412n26">
<entry id="nev13714985n1-nev17913412n25" nameend="COLSPEC1" namest="COLSPEC0" valign="top">
<ptxt id="nev13714985n1-nev17913412n24">
<emph id="nev13714985n1-nev17913412n23">Special tools</emph>
</ptxt>
</entry>
</row>
</thead>
<tbody id="nev13714985n1-nev17913412n22">
<row id="nev13714985n1-nev17913412n21">
<entry id="nev13714985n1-nev17913412n20">
<graphic id="nev13714985n1-nev17913412n19">
<href>0900c8af8011ff3#@#@#9#.jpeg</href>
</graphic>
</entry>
<entry id="nev13714985n1-nev17913412n18">
<ptxt id="nev13714985n1-nev17913412n17">
<emph id="nev13714985n1-nev17913412n16">999 7057 Counterhold</emph>
</ptxt>
<ptxt id="nev13714985n1-nev17913412n14">
<emph id="nev13714985n1-nev17913412n13">Tool number:</emph>999 7057</ptxt>
<ptxt id="nev13714985n1-nev17913412n12">
<emph id="nev13714985n1-nev17913412n11">Tool description:</emph>Counterhold</ptxt>
<ptxt id="nev13714985n1-nev17913412n9">
<emph id="nev13714985n1-nev17913412n8">Tool boards:</emph>65</ptxt>
</entry>
</row>
<row id="nev13714985n1-nev17913412n7">
<entry id="nev13714985n1-nev17913412n6">
<graphic id="nev13714985n1-nev17913412n5">
<href>0900c8af84959ce#@#@#9#.jpeg</href>
</graphic>
</entry>
<entry id="nev13714985n1-nev17913412n4">
<ptxt id="nev13714985n1-nev17913412n3">
<emph id="nev13714985n1-nev17913412n2">999 5893 Puller#@#@#35#rsion</emph>
</ptxt>
<ptxt id="nev13714985n1-nev17913413n100">
<emph id="nev13714985n1-nev17913413n99">Tool number:</emph>999 5893</ptxt>
<ptxt id="nev13714985n1-nev17913413n98">
<emph id="nev13714985n1-nev17913413n97">Tool description:</emph>Puller (drive f#@#@#26#rsion</ptxt>
<ptxt id="nev13714985n1-nev17913413n95">
<emph id="nev13714985n1-nev17913413n94">Tool boards:</emph>46</ptxt>
</entry>
</row>
<row id="nev13714985n1-nev17913413n93">
<entry id="nev13714985n1-nev17913413n92">
<graphic id="nev13714985n1-nev17913413n91">
<href>0900c8af8005498#@#@#9#.jpeg</href>
</graphic>
</entry>
<entry id="nev13714985n1-nev17913413n90">
<ptxt id="nev13714985n1-nev17913413n89">
<emph id="nev13714985n1-nev17913413n88">999 7023 Extrac#@#@#26#pling</emph>
</ptxt>
<ptxt id="nev13714985n1-nev17913413n86">
<emph id="nev13714985n1-nev17913413n85">Tool number:</emph>999 7023</ptxt>
<ptxt id="nev13714985n1-nev17913413n84">
<emph id="nev13714985n1-nev17913413n83">Tool description:</emph>Extractor pinio#@#@#17#pling</ptxt>
<ptxt id="nev13714985n1-nev17913413n81">
<emph id="nev13714985n1-nev17913413n80">Tool boards:</emph>46</ptxt>
</entry>
</row>
<row id="nev13714985n1-nev17913413n79">
<entry id="nev13714985n1-nev17913413n78">
<graphic id="nev13714985n1-nev17913413n77">
<href>0900c8af83df152#@#@#9#.jpeg</href>
</graphic>
</entry>
<entry id="nev13714985n1-nev17913413n76">
<ptxt id="nev13714985n1-nev17913413n75">
<emph id="nev13714985n1-nev17913413n74">999 7341 Drift</emph>
</ptxt>
<ptxt id="nev13714985n1-nev17913413n72">
<emph id="nev13714985n1-nev17913413n71">Tool number:</emph>999 7341</ptxt>
<ptxt id="nev13714985n1-nev17913413n70">
<emph id="nev13714985n1-nev17913413n69">Tool description:</emph>Drift</ptxt>
<ptxt id="nev13714985n1-nev17913413n67">
<emph id="nev13714985n1-nev17913413n66">Tool boards:</emph>43</ptxt>
</entry>
</row>
</tbody>
</tgroup>
</table>
</toolitemtable>
<materialtable id="nev13714985n1-nev17913413n65">
<table id="nev13714985n1-nev17913413n64">
<tgroup cols="2" id="nev13714985n1-nev17913413n63">
<colspec colname="COLSPEC0" colwidth="1.00*" id="nev13714985n1-nev17913413n62"/>
<colspec colname="COLSPEC1" colwidth="1.00*" id="nev13714985n1-nev17913413n61"/>
<thead id="nev13714985n1-nev17913413n60">
<row id="nev13714985n1-nev17913413n59">
<entry id="nev13714985n1-nev17913413n58" nameend="COLSPEC1" namest="COLSPEC0" valign="top">
<ptxt id="nev13714985n1-nev17913413n57">
<emph id="nev13714985n1-nev17913413n56">Materials</emph>
</ptxt>
</entry>
</row>
</thead>
<tbody id="nev13714985n1-nev17913413n55">
<row id="nev13714985n1-nev17913413n54">
<entry id="nev13714985n1-nev17913413n53">
<ptxt id="nev13714985n1-nev17913413n52">
<emph id="nev13714985n1-nev17913413n51">Designation</emph>
</ptxt>
</entry>
<entry id="nev13714985n1-nev17913413n50">
<ptxt id="nev13714985n1-nev17913413n49">
<emph id="nev13714985n1-nev17913413n48">Part number</emph>
</ptxt>
</entry>
</row>
<row id="nev13714985n1-nev17913413n47">
<entry id="nev13714985n1-nev17913413n46">
<ptxt id="nev13714985n1-nev17913413n45">Isopropanol</ptxt>
</entry>
<entry id="nev13714985n1-nev17913413n43">
<ptxt id="nev13714985n1-nev17913413n42">1161721</ptxt>
</entry>
</row>
<row id="nev13714985n1-nev17913413n41">
<entry id="nev13714985n1-nev17913413n40">
<ptxt id="nev13714985n1-nev17913413n39">Wheel bearing grease</ptxt>
</entry>
<entry id="nev13714985n1-nev17913413n37">
<ptxt id="nev13714985n1-nev17913413n36">1161689</ptxt>
</entry>
</row>
<row id="nev13714985n1-nev17913413n35">
<entry id="nev13714985n1-nev17913413n34">
<ptxt id="nev13714985n1-nev17913413n33">Metal adhesive</ptxt>
</entry>
<entry id="nev13714985n1-nev17913413n31">
<ptxt id="nev13714985n1-nev17913413n30">1161722</ptxt>
</entry>
</row>
</tbody>
</tgroup>
</table>
</materialtable>
<procedure id="nev13714985n1-nev17912459n1">
<stepgrp boilerplate="false" context="" id="nev13714985n1-nev17913412n98">
<title id="nev13714985n1-0800c8af844a46f6">Removal</title>
<procstep id="nev13714985n1-nev17912459n4">
<para id="nev13714985n1-nev17913412n96">
<ptxt id="nev13714985n1-nev17913412n97">Loosen front pr#@#@#14#joint<xref boilerplate="true" id="nev13714985n1-0800c8af847513a1">
<ref id="nev13714985n1-nev17912459n9"/>
</xref>
</ptxt>
</para>
</procstep>
<procstep id="nev13714985n1-nev17912459n10">
<grate id="nev13714985n1-nev17913412n94">
<graphic id="nev13714985n1-nev17913412n95">
<href>0900c8af84ace2a#@#@#9#.jpeg</href>
</graphic>
<graphtext id="nev13714985n1-nev17913432n1">
<note id="nev13714985n1-0800c8af844a42ea">
<ptxt>Note the positi#@#@#30#oval.</ptxt>
</note>
</graphtext>
</grate>
</procstep>
<procstep id="nev13714985n1-nev17912460n6">
<grate id="nev13714985n1-nev17913412n92">
<graphic id="nev13714985n1-nev17913412n93">
<href>0900c8af858de98#@#@#9#.jpeg</href>
</graphic>
<graphtext id="nev13714985n1-nev17913436n1">
<para id="nev13714985n1-nev17913412n89">
<ptxt id="nev13714985n1-nev17913412n91">
<toolitem boilerplate="true" id="nev13714985n1-nev17913412n90" imageid="0900c8af8011ff3c"/>
</ptxt>
</para>
</graphtext>
</grate>
</procstep>
<procstep id="nev13714985n1-nev17912461n3">
<grate id="nev13714985n1-nev17913412n87">
<graphic id="nev13714985n1-nev17913412n88">
<href>0900c8af84aca1f#@#@#9#.jpeg</href>
</graphic>
<graphtext id="nev13714985n1-nev17913443n1">
<para id="nev13714985n1-nev17913412n85">
<ptxt id="nev13714985n1-nev17913412n86">
<toolitem boilerplate="true" id="nev13714985n1-nev17912461n9" imageid="0900c8af84959ce2"/>
</ptxt>
</para>
</graphtext>
</grate>
</procstep>
<procstep id="nev13714985n1-nev17912461n10">
<grate id="nev13714985n1-nev17913412n83">
<graphic id="nev13714985n1-nev17913412n84">
<href>0900c8af84aefc7#@#@#9#.jpeg</href>
</graphic>
<graphtext id="nev13714985n1-nev17913450n1">
<para id="nev13714985n1-nev17913412n81">
<ptxt id="nev13714985n1-nev17913412n82">
<toolitem boilerplate="true" id="nev13714985n1-nev17912462n6" imageid="0900c8af80054987"/>
</ptxt>
</para>
</graphtext>
</grate>
</procstep>
</stepgrp>
<stepgrp boilerplate="false" context="" id="nev13714985n1-nev17913412n80">
<title id="nev13714985n1-0800c8af844a46f9">Installation</title>
<procstep id="nev13714985n1-nev17912462n9">
<grate id="nev13714985n1-nev17913412n78">
<graphic id="nev13714985n1-nev17913412n79">
<href>0900c8af8500dfb#@#@#9#.jpeg</href>
</graphic>
</grate>
</procstep>
<procstep id="nev13714985n1-nev17912463n2">
<grate id="nev13714985n1-nev17913412n76">
<graphic id="nev13714985n1-nev17913412n77">
<href>0900c8af8500dfa#@#@#9#.jpeg</href>
</graphic>
<graphtext id="nev13714985n1-nev17913460n1">
<para id="nev13714985n1-nev17913412n74">
<ptxt id="nev13714985n1-nev17913412n75">
<material id="nev13714985n1-nev17912463n8" materialid="1161721" materialname="Isopropanol" quantity="0.0"/>
</ptxt>
</para>
</graphtext>
</grate>
</procstep>
<procstep id="nev13714985n1-nev17912463n9">
<grate id="nev13714985n1-nev17913412n72">
<graphic id="nev13714985n1-nev17913412n73">
<href>0900c8af8500dfb#@#@#9#.jpeg</href>
</graphic>
<graphtext id="nev13714985n1-nev17913467n1">
<para id="nev13714985n1-nev17913412n70">
<ptxt id="nev13714985n1-nev17913412n71">
<material id="nev13714985n1-nev17912464n5" materialid="1161721" materialname="Isopropanol" quantity="0.0"/>
</ptxt>
</para>
</graphtext>
</grate>
</procstep>
<procstep id="nev13714985n1-nev17912464n6">
<grate id="nev13714985n1-nev17913412n68">
<graphic id="nev13714985n1-nev17913412n69">
<href>0900c8af8499018#@#@#9#.jpeg</href>
</graphic>
<graphtext id="nev13714985n1-nev17913474n1">
<para id="nev13714985n1-nev17913412n66">
<ptxt id="nev13714985n1-nev17913412n67">
<material id="nev13714985n1-nev17912465n2" materialid="1161689" materialname="Wheel bearing grease" quantity="0.0"/>
</ptxt>
</para>
</graphtext>
</grate>
</procstep>
<procstep id="nev13714985n1-nev17912465n3">
<grate id="nev13714985n1-nev17913412n64">
<graphic id="nev13714985n1-nev17913412n65">
<href>0900c8af83da0ab#@#@#9#.jpeg</href>
</graphic>
<graphtext id="nev13714985n1-nev17913481n1">
<para id="nev13714985n1-nev17913412n62">
<ptxt id="nev13714985n1-nev17913412n63">
<toolitem boilerplate="true" id="nev13714985n1-nev17912465n9" imageid="0900c8af83df1527"/>
</ptxt>
</para>
</graphtext>
</grate>
</procstep>
<procstep id="nev13714985n1-nev17912465n10">
<grate id="nev13714985n1-nev17913412n60">
<graphic id="nev13714985n1-nev17913412n61">
<href>0900c8af8500dfb#@#@#9#.jpeg</href>
</graphic>
<graphtext id="nev13714985n1-nev17913488n1">
<para id="nev13714985n1-nev17913412n58">
<ptxt id="nev13714985n1-nev17913412n59">
<material id="nev13714985n1-nev17912466n6" materialid="1161722" materialname="Metal adhesive" quantity="0.0"/>
</ptxt>
</para>
</graphtext>
</grate>
</procstep>
<procstep id="nev13714985n1-nev17912466n7">
<grate id="nev13714985n1-nev17913412n56">
<graphic id="nev13714985n1-nev17913412n57">
<href>0900c8af858de9a#@#@#9#.jpeg</href>
</graphic>
<graphtext id="nev13714985n1-nev17913495n1">
<note id="nev13714985n1-0800c8af844a43a0">
<ptxt>Make sure that #@#@#53#tion.</ptxt>
</note>
<para id="nev13714985n1-nev17913412n53">
<ptxt id="nev13714985n1-nev17913412n55">
<toolitem boilerplate="true" id="nev13714985n1-nev17913412n54" imageid="0900c8af8011ff3c"/>
</ptxt>
</para>
<para id="nev13714985n1-nev17913412n51">
<ptxt id="nev13714985n1-nev17913412n52">
<torque id="nev13714985n1-nev17912467n8">
<ref id="nev13714985n1-nev17912467n9"/>
</torque>
</ptxt>
</para>
</graphtext>
</grate>
</procstep>
<procstep id="nev13714985n1-nev17912467n10">
<grate id="nev13714985n1-nev17913412n49">
<graphic id="nev13714985n1-nev17913412n50">
<href>0900c8af8502e95#@#@#9#.jpeg</href>
</graphic>
</grate>
</procstep>
<procstep id="nev13714985n1-nev17912468n3">
<grate id="nev13714985n1-nev17913412n47">
<graphic id="nev13714985n1-nev17913412n48">
<href>0900c8af8502e96#@#@#9#.jpeg</href>
</graphic>
<graphtext id="nev13714985n1-nev17913508n1">
<caution id="nev13714985n1-0800c8af844a4126">
<ptxt>Make sure that #@#@#19#lled.</ptxt>
</caution>
<para id="nev13714985n1-nev17913412n45">
<ptxt id="nev13714985n1-nev17913412n46">
<torque id="nev13714985n1-nev17912469n1">
<ref id="nev13714985n1-nev17912469n2"/>
</torque>
</ptxt>
</para>
</graphtext>
</grate>
</procstep>
<procstep id="nev13714985n1-nev17912469n3">
<para id="nev13714985n1-nev17913412n43">
<ptxt id="nev13714985n1-nev17913412n44">Install the fro#@#@#22#joint<xref boilerplate="true" id="nev13714985n1-0800c8af8502e909">
<ref id="nev13714985n1-nev17912469n8"/>
</xref>
</ptxt>
</para>
</procstep>
<procstep id="nev13714985n1-nev17912469n9">
<para id="nev13714985n1-nev17913412n41">
<ptxt id="nev13714985n1-nev17913412n42">Fill with oil<xref boilerplate="true" id="nev13714985n1-0800c8af848e0afa">
<ref id="nev13714985n1-nev17912470n4"/>
</xref>
</ptxt>
</para>
</procstep>
<procstep id="nev13714985n1-nev17912470n5">
<grate id="nev13714985n1-nev17913412n39">
<graphic id="nev13714985n1-nev17913412n40">
<href>0900c8af8405c4c#@#@#9#.jpeg</href>
</graphic>
</grate>
</procstep>
<procstep id="nev13714985n1-nev17912470n8">
<grate id="nev13714985n1-nev17913412n37">
<graphic id="nev13714985n1-nev17913412n38">
<href>0900c8af8505855#@#@#9#.jpeg</href>
</graphic>
</grate>
</procstep>
<procstep id="nev13714985n1-nev17912471n1">
<grate id="nev13714985n1-nev17913412n35">
<graphic id="nev13714985n1-nev17913412n36">
<href>0900c8af8405c4d#@#@#9#.jpeg</href>
</graphic>
<graphtext id="nev13714985n1-nev17913527n1">
<warning id="nev13714985n1-0800c8af844a4827">
<ptxt>Make sure that #@#@#22# off.</ptxt>
</warning>
</graphtext>
</grate>
</procstep>
<procstep id="nev13714985n1-nev17912471n7">
<grate id="nev13714985n1-nev17913412n33">
<graphic id="nev13714985n1-nev17913412n34">
<href>0900c8af83f1acc#@#@#9#.jpeg</href>
</graphic>
</grate>
</procstep>
</stepgrp>
</procedure>
</servinfosub>