<?xml version="1.0" encoding="UTF-8"?><diagnostic IE-ID="en-US0900c8af80c4961f" docno="VCC-153791" id="KC02773949" type="test" xml:lang="en-US">
<title>
<phrase category="" id="KC09471007" phrase-urn="urn:x-nevis:phrase:0800c8af8270c80f">Verification</phrase>
</title>
<testgrp IE-ID="en-US0900c8af80c4961f_KC02774387" id="KC02774387" j2008use="1" paperuse="1" resumable="1" screenuse="1" testgrp-id="verifnode" x="120" y="120">
<title>
<phrase category="" id="KC09471008" phrase-urn="urn:x-nevis:phrase:0800c8af8270c705">Verification</phrase>
</title>
<node>
<test1>
<hint>
<ptxt>
<phrase category="" id="KC09471009" phrase-urn="urn:x-nevis:phrase:0800c8af8270c71a">After carrying #@#@#50#died.</phrase>
</ptxt>
</hint>
<diaglist>
<dgraphic>
<dgraphic1>
<graphic id="KC09471010">
<href>0900c8af80054d3#@#@#9#.jpeg</href>
</graphic>
</dgraphic1>
</dgraphic>
<ditem>
<ptxt>
<phrase category="" id="KC09471011" phrase-urn="urn:x-nevis:phrase:0800c8af8270c72a">Run the engine #@#@#47#dle. </phrase>
</ptxt>
</ditem>
<ditem>
<ptxt>
<phrase category="" id="KC09471012" phrase-urn="urn:x-nevis:phrase:0800c8af8270c73c">air conditionin#@#@#6#) off</phrase>
</ptxt>
</ditem>
<ditem>
<ptxt>
<phrase category="" id="KC09471013" phrase-urn="urn:x-nevis:phrase:0800c8af8270c74d">Read off the fu#@#@#44#lue. </phrase>
</ptxt>
</ditem>
<ditem>
<ptxt>
<phrase category="" id="KC09471014" phrase-urn="urn:x-nevis:phrase:0800c8af8270c75e">Start the quick#@#@#39#ing. </phrase>
</ptxt>
</ditem>
</diaglist>
<test2>
<para>
<ptxt>
<phrase category="" id="KC09471015" phrase-urn="urn:x-nevis:phrase:0800c8af8270c771">During the cour#@#@#264#onds.</phrase>
</ptxt>
</para>
<note>
<ptxt>
<phrase category="" id="KC09471016" phrase-urn="urn:x-nevis:phrase:0800c8af8270c784">Because the by-#@#@#110#his. </phrase>
</ptxt>
</note>
<hint>
<ptxt>
<phrase category="" id="KC09471017" phrase-urn="urn:x-nevis:phrase:0800c8af8270c797">The illustratio#@#@#47#tion.</phrase>
</ptxt>
</hint>
<list1 enumtype="d" type="unordered">
<item>
<ptxt>
<phrase category="" id="KC09471018" phrase-urn="urn:x-nevis:phrase:0800c8af8270c7aa">The upper digit#@#@#124#ensor</phrase>
</ptxt>
</item>
<item>
<ptxt>
<phrase category="" id="KC09471019" phrase-urn="urn:x-nevis:phrase:0800c8af8270c7be">The central dig#@#@#121#ssure</phrase>
</ptxt>
</item>
<item>
<ptxt>
<phrase category="" id="KC09471020" phrase-urn="urn:x-nevis:phrase:0800c8af8270c7cf">The lower digit#@#@#266#sure.</phrase>
</ptxt>
</item>
</list1>
<para>
<ptxt>
<phrase category="" id="KC09471021" phrase-urn="urn:x-nevis:phrase:0800c8af8270c7df">Check that the #@#@#430#sure.</phrase>
</ptxt>
</para>
<diaglist>
<dgraphic>
<dgraphic2>
<graphic id="KC09471022">
<href>0900c8af86c8681#@#@#9#.jpeg</href>
</graphic>
<smarttool active="press" id="KC09471023" toolname="YECM1083"/>
</dgraphic2>
</dgraphic>
<ditem>
<ditemtext>
<ptxt>
<phrase category="" id="KC09471024" phrase-urn="urn:x-nevis:phrase:0800c8af8270c7ef"/>
</ptxt>
</ditemtext>
</ditem>
</diaglist>
<grate>
<graphic id="KC09471025">
<href>0900c8af8005aae#@#@#9#.jpeg</href>
</graphic>
</grate>
</test2>
</test1>
<question>
Is the functio#@#@#1# OK?
</question>
<resact-grp>
<result button="yes" comp="button" highlight="0"/>
<action j2008use="1" paperuse="1" screenuse="1">
<return value="VERIFIED"/>
</action>
</resact-grp>
<resact-grp>
<result button="no" comp="button" highlight="0"/>
<action j2008use="1" paperuse="1" screenuse="1">
<return value="VERIFICATION FAILED"/>
</action>
</resact-grp>
</node>
</testgrp>
</diagnostic>