<?xml version="1.0" encoding="UTF-8"?><servinfosub IE-ID="en-US0900c8af8502e61f" docno="VCC-155827" id="KC05346884" xml:lang="en-US">
<title>
<phrase category="" id="KC07889553" phrase-urn="urn:x-nevis:phrase:0800c8af81c2fb2a">Diagnostic trou#@#@#30#-2263</phrase>
</title>
<diagnostic j2008use="1" paperuse="1" screenuse="1" type="condition">
<condgrp>
<condition type="condition">
<grate>
<graphic id="KC07889554">
<href>0900c8af81620da#@#@#9#.jpeg</href>
</graphic>
<graphtext>
<para>
<ptxt>
<phrase category="" id="KC07889555" phrase-urn="urn:x-nevis:phrase:0800c8af81c2fb2b">The diagnostic #@#@#216#ning.</phrase>
</ptxt>
</para>
</graphtext>
</grate>
</condition>
</condgrp>
<condgrp>
<condition type="substitution">
<list1 id="nev12787634n100">
<item id="nev12787634n99">
<ptxt id="nev12787634n98">
<phrase category="Substitution" id="nev12787635n1" phrase-urn="urn:x-nevis:phrase:0800c8af81eb9984">None.</phrase>
</ptxt>
</item>
</list1>
</condition>
<ps>
<list1 enumtype="d" type="unordered">
<item>
<ptxt>
<phrase category="" id="KC07889557" phrase-urn="urn:x-nevis:phrase:0800c8af81c2fb2d">Loose connectio#@#@#57#iring</phrase>
</ptxt>
</item>
<item>
<ptxt>
<phrase category="" id="KC07889558" phrase-urn="urn:x-nevis:phrase:0800c8af81c2fb2e">Air leakage in #@#@#12#ystem</phrase>
</ptxt>
</item>
<item>
<ptxt>
<phrase category="" id="KC07889559" phrase-urn="urn:x-nevis:phrase:0800c8af81c2fb2f">Blocked hoses f#@#@#53#valve</phrase>
</ptxt>
</item>
<item>
<ptxt>
<phrase category="Possible source" id="nev16027028n1" phrase-urn="urn:x-nevis:phrase:0800c8af84ee67dc">The turbo posit#@#@#37#tion.</phrase>
</ptxt>
</item>
<item>
<ptxt>
<phrase category="" id="KC07889561" phrase-urn="urn:x-nevis:phrase:0800c8af81c2fb31">Damaged turboch#@#@#19#valve</phrase>
</ptxt>
</item>
<item>
<ptxt>
<phrase category="Possible source" id="nev12747487n1" phrase-urn="urn:x-nevis:phrase:0800c8af83e7ef99">Defective contr#@#@#59#hose.</phrase>
</ptxt>
</item>
<item id="nev15985830n100">
<ptxt id="nev15985830n99">
<phrase category="Possible source" id="nev15985844n1" phrase-urn="urn:x-nevis:phrase:0800c8af8502e60f">Pinched vacuum hose.</phrase>
</ptxt>
</item>
</list1>
</ps>
</condgrp>
<condgrp>
<condition type="symptom">
<list1 id="nev12486073n100">
<item id="nev12486073n96">
<ptxt id="nev12486073n95">
<phrase category="Symptom CSC" id="nev12486077n1" phrase-urn="urn:x-nevis:phrase:0800c8af8388f076">DL, Warning lig#@#@#85#ation</phrase>
</ptxt>
</item>
<item id="nev12486073n99">
<ptxt id="nev12486073n98">
<phrase category="Symptom CSC" id="nev12486076n1" phrase-urn="urn:x-nevis:phrase:0800c8af8388f019">AJ, Driving/Poo#@#@#20#power</phrase>
</ptxt>
</item>
</list1>
</condition>
</condgrp>
</diagnostic>
</servinfosub>