<?xml version="1.0" encoding="UTF-8"?><servinfosub IE-ID="en-US0900c8af839c461f" docno="VCC-159585" id="KC06263070" xml:lang="en-US">
<title id="nev12309567n250">Occupant weight#@#@#19#acing</title>
<procedure id="nev12309567n248">
<note id="nev12309567n246">
<ptxt id="nev12309567n244">The illustratio#@#@#176#rect.</ptxt>
</note>
<stepgrp id="KC06263296">
<title id="nev12309567n242">Information</title>
<procstep id="KC06263297">
<title id="nev12309567n240">Important infor#@#@#1#ation</title>
<caution id="nev12309567n238">
<ptxt id="nev12309567n236">In the event of#@#@#28#see. <xref id="nev12309567n234">
<ref id="KC08967710"/>
</xref>. </ptxt>
</caution>
<caution id="nev12309567n229">
<ptxt id="nev12309567n227">The entire syst#@#@#305#stem.</ptxt>
</caution>
</procstep>
</stepgrp>
<stepgrp id="KC06263298">
<title id="nev12309567n225">Replacing the O#@#@#22#(OWS)</title>
<procstep id="KC06263299">
<title id="nev12309567n223">Removing the Oc#@#@#21#(OWS)</title>
<grate id="nev12309567n221">
<graphic id="KC08967711">
<href>0900c8af8005714#@#@#11#.jpeg</href>
</graphic>
<graphtext id="nev12309567n216">
<para id="nev12309567n214">
<ptxt id="nev12309567n212">Ignition off.</ptxt>
</para>
<para id="nev12309567n210">
<ptxt id="nev12309567n208">Disconnect the #@#@#24#See: <xref id="nev12309567n206">
<ref id="KC08967712"/>
</xref>. </ptxt>
</para>
</graphtext>
</grate>
<grate id="nev12309567n201">
<graphic id="KC08967713">
<href>0900c8af8162161#@#@#9#.jpeg</href>
</graphic>
<graphtext id="nev12309567n196">
<para id="nev12309567n194">
<ptxt id="nev12309567n192">Remove the seat#@#@#16#ery: <xref id="nev12309567n190">
<ref id="KC08967714"/>
</xref>. </ptxt>
</para>
<para id="nev12309567n185">
<ptxt id="nev12309567n183">Place the seat #@#@#57#ion. </ptxt>
</para>
</graphtext>
</grate>
<grate id="nev12309567n181">
<graphic id="KC08967715">
<href>0900c8af8162161#@#@#9#.jpeg</href>
</graphic>
<graphtext id="nev12309567n176">
<list1 enumtype="d" id="nev12309567n174" type="unordered">
<title id="nev12309567n172">Remove:</title>
<item id="nev12309567n170">
<ptxt id="nev12309567n168">the pressure se#@#@#36#acket</ptxt>
</item>
<item id="nev12309567n166">
<ptxt id="nev12309567n164">the clip/holder#@#@#22#ness.</ptxt>
</item>
</list1>
</graphtext>
</grate>
<grate id="nev12309567n162">
<graphic id="KC08967716">
<href>0900c8af839266c#@#@#9#.jpeg</href>
</graphic>
<graphtext id="nev12309567n157">
<list1 enumtype="d" id="nev12309567n155" type="unordered">
<item id="nev12309567n153">
<ptxt id="nev12309567n151">the 2 clips.</ptxt>
</item>
</list1>
<caution id="nev12309567n149">
<ptxt id="nev12309567n147">Remove the clip#@#@#75#kage.</ptxt>
</caution>
</graphtext>
</grate>
<para id="nev12309567n145">
<ptxt id="nev12309567n143">Remove the pres#@#@#23#hion.</ptxt>
</para>
<caution id="nev12309567n141">
<ptxt id="nev12309567n139">Handle the pres#@#@#33#care.</ptxt>
</caution>
<grate id="nev12309567n137">
<graphic id="KC08967717">
<href>0900c8af817ddf4#@#@#11#.jpeg</href>
</graphic>
<graphtext id="nev12309567n132">
<list1 enumtype="d" id="nev12309567n130" type="unordered">
<title id="nev12309567n128">Remove:</title>
<item id="nev12309567n126">
<ptxt id="nev12309567n124">the 2 screws un#@#@#7# seat</ptxt>
</item>
<item id="nev12309567n122">
<ptxt id="nev12309567n120">the connector a#@#@#13#nting</ptxt>
</item>
<item id="nev12309567n118">
<ptxt id="nev12309567n116">the connectors #@#@#20#ctor.</ptxt>
</item>
</list1>
</graphtext>
</grate>
</procstep>
<procstep id="nev12309571n198">
<title id="nev12309571n197">Installing the #@#@#23#(OWS)</title>
<grate id="nev12309571n142">
<graphic id="nev12309571n141">
<href>0900c8af839266b#@#@#9#.jpeg</href>
</graphic>
<graphtext id="nev12309571n56">
<para id="nev12309571n28">
<ptxt id="nev12309571n27">Install the hea#@#@#9#ent. <xref boilerplate="true" id="nev12309573n194">
<ref id="nev12309573n166"/>
</xref>.</ptxt>
</para>
<note id="nev12309574n160">
<ptxt id="nev12309574n132">Ensure that the#@#@#54#ated.</ptxt>
</note>
<caution id="nev12309574n104">
<ptxt id="nev12309574n103">Do not pinch th#@#@#66#tion.</ptxt>
</caution>
</graphtext>
</grate>
</procstep>
<procstep id="nev12309573n108">
<title id="nev12309573n107"/>
<grate id="nev12309573n52">
<graphic id="nev12309573n51">
<href>0900c8af839266c#@#@#9#.jpeg</href>
</graphic>
<graphtext id="nev12309584n182">
<caution id="nev12309584n173">
<ptxt id="nev12309584n172">Do not pinch th#@#@#66#tion.</ptxt>
</caution>
</graphtext>
</grate>
</procstep>
<procstep id="KC06263300">
<title id="nev12309567n114"/>
<grate id="nev12309567n112">
<graphic id="KC08967718">
<href>0900c8af834ea6f#@#@#9#.jpeg</href>
</graphic>
<graphtext id="nev12309567n107">
<list1 enumtype="d" id="nev12309567n101" type="unordered">
<title id="nev12309567n99">Install:</title>
<item id="nev12309567n97">
<ptxt id="nev12309567n95">the 2 screws. T#@#@#1#ghten</ptxt>
</item>
<item id="nev12309567n93">
<ptxt id="nev12309567n91">the connector a#@#@#13#nting</ptxt>
</item>
<item id="nev12309567n89">
<ptxt id="nev12309567n87">the connectors #@#@#17#ector</ptxt>
</item>
<item id="nev12309567n85">
<ptxt id="nev12309567n83">the pressure se#@#@#89#older</ptxt>
</item>
<item id="nev12309567n81">
<ptxt id="nev12309567n79">the pressure se#@#@#29#clips</ptxt>
</item>
<item id="nev12309567n77">
<ptxt id="nev12309567n75">the seat cushio#@#@#40#See: <xref id="nev12309567n73">
<ref id="KC08967719"/>
</xref>
</ptxt>
</item>
<item id="nev12309567n68">
<ptxt id="nev12309567n66">the battery neg#@#@#13#See: <xref id="nev12309567n64">
<ref id="KC08967720"/>
</xref>. </ptxt>
</item>
</list1>
</graphtext>
</grate>
</procstep>
</stepgrp>
<stepgrp id="KC06263301">
<title id="nev12309567n59">Finishing</title>
<procstep id="KC06263302">
<title id="nev12309567n57">Storing the ID #@#@#38#(OWS)</title>
<caution id="nev12309567n55">
<ptxt id="nev12309567n53">Store the ID nu#@#@#65#tion.</ptxt>
</caution>
</procstep>
<procstep id="KC06263303">
<title id="nev12309567n51">Calibrating the#@#@#24#(OWS)</title>
<warning id="nev12309567n49">
<ptxt id="nev12309567n47">Calibrate the o#@#@#52#ion. </ptxt>
</warning>
</procstep>
</stepgrp>
</procedure>
</servinfosub>