<?xml version="1.0" encoding="UTF-8"?><servinfosub IE-ID="en-US0900c8af8592861f" docno="VCC-452117" id="nev18050713n1" xml:lang="en-US">
<title>
<phrase category="Title" id="nev18050713n2" phrase-urn="urn:x-nevis:phrase:0800c8af81eb9a54">Diagnostic trou#@#@#21#ation</phrase>
<phrase category="Prefix" id="nev18050713n3" phrase-urn="urn:x-nevis:phrase:0800c8af8015c3f5">ECM</phrase>-P080582</title>
<diagnostic j2008use="1" paperuse="1" screenuse="1" type="condition">
<condgrp>
<condition type="condition">
<grate>
<graphic id="nev18050713n4">
<href>0900c8af83d52b2#@#@#9#.jpeg</href>
</graphic>
<graphtext>
<ptxt>
<phrase category="Condition" id="nev18050713n5" phrase-urn="urn:x-nevis:phrase:0800c8af83dcce0f">Engine control #@#@#112# (2).</phrase>
<phrase category="Condition" id="nev18050726n1" phrase-urn="urn:x-nevis:phrase:0800c8af8592863f">The position se#@#@#90#ECM).</phrase>
<phrase category="Condition" id="nev18050727n1" phrase-urn="urn:x-nevis:phrase:0800c8af85928640">The position sw#@#@#137#75 %.</phrase>
</ptxt>
<para id="nev18050713n9">
<ptxt id="nev18050713n10">
<phrase category="Condition" id="nev18050728n1" phrase-urn="urn:x-nevis:phrase:0800c8af85928641">The engine cont#@#@#156#sors.</phrase>
</ptxt>
</para>
<ptxt id="nev18050714n2"/>
<para id="nev18050714n3">
<ptxt id="nev18050714n4">
<phrase category="Condition" id="nev18050729n1" phrase-urn="urn:x-nevis:phrase:0800c8af82c4843c">The diagnostic #@#@#59#that:</phrase>
</ptxt>
</para>
<list1 id="nev18050714n6">
<item id="nev18050714n7">
<ptxt id="nev18050714n8">
<phrase category="Condition" id="nev18050714n9" phrase-urn="urn:x-nevis:phrase:0800c8af83dcce23">The signal from#@#@#44#rect.</phrase>
</ptxt>
</item>
</list1>
<para id="nev18050714n10">
<ptxt id="nev18050715n1">
<phrase category="Condition" id="nev18050715n2" phrase-urn="urn:x-nevis:phrase:0800c8af82c479d6">The control mod#@#@#67#t of:</phrase>
</ptxt>
</para>
<list1 id="nev18050715n3">
<item id="nev18050715n4">
<ptxt id="nev18050715n5">
<phrase category="Preparatory" id="nev18050715n6" phrase-urn="urn:x-nevis:phrase:0800c8af8031b478">Ignition on.</phrase>
</ptxt>
</item>
</list1>
<note id="nev18050715n7">
<ptxt id="nev18050715n8">
<phrase category="Condition" id="nev18050715n9" phrase-urn="urn:x-nevis:phrase:0800c8af82c4844b">The control mod#@#@#132# met.</phrase>
</ptxt>
</note>
</graphtext>
</grate>
</condition>
</condgrp>
<condgrp>
<condition type="substitution">
<list1 enumtype="d" type="unordered">
<item>
<ptxt>
<phrase category="Condition" id="nev18050715n10" phrase-urn="urn:x-nevis:phrase:0800c8af81eaaea8">None.</phrase>
</ptxt>
</item>
</list1>
</condition>
<ps>
<list1 enumtype="d" type="unordered">
<item>
<ptxt>
<phrase category="Possible source" id="nev18050716n1" phrase-urn="urn:x-nevis:phrase:0800c8af83dccea7">Incorrectly ins#@#@#40#itch.</phrase>
</ptxt>
</item>
<item id="nev18050716n2">
<ptxt id="nev18050716n3">
<phrase category="Possible source" id="nev18050716n4" phrase-urn="urn:x-nevis:phrase:0800c8af83cb9caf">Contact resista#@#@#48#ctor.</phrase>
</ptxt>
</item>
<item id="nev18050716n5">
<ptxt id="nev18050716n6">
<phrase category="Possible source" id="nev18050716n7" phrase-urn="urn:x-nevis:phrase:0800c8af83dcceb0">Incorrect posit#@#@#6#itch.</phrase>
</ptxt>
</item>
</list1>
</ps>
</condgrp>
<condgrp>
<condition type="symptom">
<list1 enumtype="d" type="unordered">
<item>
<ptxt>
<phrase category="Symptom" id="nev18050716n8" phrase-urn="urn:x-nevis:phrase:0800c8af822826c5">None.</phrase>
</ptxt>
</item>
</list1>
</condition>
</condgrp>
</diagnostic>
</servinfosub>