<?xml version="1.0" encoding="UTF-8"?><servinfosub IE-ID="en-US0900c8af85a2a704" docno="VCC-453393" id="nev18264064n1" xml:lang="en-US">
<title>
<phrase category="Title" id="nev18272515n1" phrase-urn="urn:x-nevis:phrase:0800c8af844ff683">Checking the su#@#@#54#(CVM)</phrase>
</title>
<diagnostic j2008use="1" layout="0" paperuse="1" screenuse="1" type="test">
<testgrp IE-ID="en-US0900c8af85a2a704_nev18264064n3" id="nev18264064n3" j2008use="1" paperuse="1" resumable="1" screenuse="1" testgrp-id="node1" x="120" y="40">
<title>
<phrase category="Title" id="nev18264064n4" phrase-urn="urn:x-nevis:phrase:0800c8af8451c975">Voltage supply #@#@#24#(CVM)</phrase>
</title>
<node>
<test1>
<test2>
<para>
<ptxt>
<phrase category="Faulttracing" id="nev18264064n5" phrase-urn="urn:x-nevis:phrase:0800c8af844fef36">The Closing Vel#@#@#81#dule.</phrase>
</ptxt>
</para>
<para>
<ptxt id="nev18264064n6">
<phrase category="Faulttracing" id="nev18264064n7" phrase-urn="urn:x-nevis:phrase:0800c8af844fef78">In ignition pos#@#@#103#mode.</phrase>
</ptxt>
</para>
<list1 enumtype="d" type="ordered">
<item>
<ptxt id="nev18264064n8">
<phrase category="Faulttracing" id="nev18264064n9" phrase-urn="urn:x-nevis:phrase:0800c8af844fefb3">Voltage input t#@#@#74#CEM).</phrase>
<phrase category="Faulttracing" id="nev18264064n10" phrase-urn="urn:x-nevis:phrase:0800c8af82264dda">It will not be #@#@#63#cuit.</phrase>
</ptxt>
</item>
</list1>
<para>
<title>
<phrase category="Title" id="nev18264065n1" phrase-urn="urn:x-nevis:phrase:0800c8af81eb9c75">Checking the po#@#@#5#upply</phrase>
</title>
<ptxt id="nev18264065n2">
<phrase category="Faulttracing" id="nev18264065n3" phrase-urn="urn:x-nevis:phrase:0800c8af844ff039">Check the volta#@#@#164#tion.</phrase>
<phrase category="Faulttracing" id="nev18264065n4" phrase-urn="urn:x-nevis:phrase:0800c8af81eb92b4">Check the fuse.</phrase>
<phrase category="Faulttracing" id="nev18264065n5" phrase-urn="urn:x-nevis:phrase:0800c8af82264d5b">The voltage mus#@#@#54#s on.</phrase>
</ptxt>
</para>
<para>
<title>
<phrase category="Title" id="nev18264065n6" phrase-urn="urn:x-nevis:phrase:0800c8af8451c97a">Ground terminal#@#@#25#(CVM)</phrase>
</title>
<ptxt>
<phrase category="Faulttracing" id="nev18264065n7" phrase-urn="urn:x-nevis:phrase:0800c8af844ff557">Closing Velocit#@#@#29#nput.</phrase>
<phrase category="Faulttracing" id="nev18264065n8" phrase-urn="urn:x-nevis:phrase:0800c8af830e7ff5">The ground inpu#@#@#85#lead.</phrase>
<phrase category="Faulttracing" id="nev18264065n9" phrase-urn="urn:x-nevis:phrase:0800c8af81eb8fbf">See the relevan#@#@#62#inal.</phrase>
</ptxt>
</para>
<list1 enumtype="d" type="unordered">
<item>
<ptxt id="nev18264065n10">
<phrase category="Faulttracing" id="nev18264066n1" phrase-urn="urn:x-nevis:phrase:0800c8af844ff58f">Ground input #C#@#@#68#body.</phrase>
</ptxt>
</item>
</list1>
<para>
<title>
<phrase category="Title" id="nev18264066n2" phrase-urn="urn:x-nevis:phrase:0800c8af81eb9c91">Checking the gr#@#@#8#minal</phrase>
</title>
<ptxt id="nev18264066n3">
<phrase category="Faulttracing" id="nev18264066n4" phrase-urn="urn:x-nevis:phrase:0800c8af844ff598">Check the groun#@#@#170#tion.</phrase>
<phrase category="Faulttracing" id="nev18264066n5" phrase-urn="urn:x-nevis:phrase:0800c8af844ff59f">With the igniti#@#@#135#.5 V.</phrase>
</ptxt>
</para>
<para>
<ptxt>
<phrase category="Faulttracing" id="nev18264066n6" phrase-urn="urn:x-nevis:phrase:0800c8af81ea4b6b">Remedy as necessary.</phrase>
</ptxt>
</para>
<list1 enumtype="d" type="unordered">
<title>
<phrase category="Title" id="nev18264066n7" phrase-urn="urn:x-nevis:phrase:0800c8af81ea4cd6">Other information</phrase>
</title>
<item id="nev18264066n8">
<ptxt id="nev18264066n9">
<xref id="nev18264066n10">
<ref id="nev18264067n1"/>
</xref>
</ptxt>
</item>
<item>
<ptxt>
<phrase category="Faulttracing" id="nev18264067n2" phrase-urn="urn:x-nevis:phrase:0800c8af81eb8fa5">See the relevan#@#@#80#work.</phrase>
</ptxt>
</item>
<item id="nev18264067n3">
<ptxt id="nev18264067n4">
<xref id="nev18264067n5">
<ref id="nev18264067n6"/>
</xref>
</ptxt>
</item>
</list1>
<grate id="nev18264067n7">
<graphic id="nev18264067n8">
<href>0900c8af844945a#@#@#9#.jpeg</href>
</graphic>
</grate>
</test2>
</test1>
<question>
Select Continue.
</question>
<resact-grp>
<result button="cont" comp="button" highlight="0"/>
<action j2008use="1" paperuse="1" screenuse="1">
<return value="DONE"/>
</action>
</resact-grp>
</node>
</testgrp>
</diagnostic>
</servinfosub>