<?xml version="1.0" encoding="UTF-8"?><servinfosub IE-ID="en-US0900c8af823e4509" docno="VCC-166737" id="KC08843554" xml:lang="en-US">
<title>
<phrase category="" id="KC09609312" phrase-urn="urn:x-nevis:phrase:0800c8af82725657">Signal too low</phrase>
</title>
<diagnostic type="test">
<testgrp IE-ID="en-US0900c8af823e4509_KC08856192" id="KC08856192" j2008use="1" paperuse="1" resumable="1" screenuse="1" testgrp-id="node1" x="120" y="80">
<title>
<phrase category="" id="KC09609313" phrase-urn="urn:x-nevis:phrase:0800c8af82725658">Checking compon#@#@#10#iring</phrase>
</title>
<node>
<test1>
<diaglist>
<dgraphic>
<dgraphic1>
<graphic id="KC09609314">
<href>0900c8af80054d4#@#@#9#.jpeg</href>
</graphic>
</dgraphic1>
<dgraphic3>
<graphic id="KC09609315">
<href>0900c8af80054cc#@#@#9#.jpeg</href>
</graphic>
</dgraphic3>
</dgraphic>
<ditem>
<ptxt>
<phrase category="" id="KC09609316" phrase-urn="urn:x-nevis:phrase:0800c8af82725659">Ignition off</phrase>
</ptxt>
</ditem>
<ditem>
<ptxt>
<phrase category="" id="KC09609317" phrase-urn="urn:x-nevis:phrase:0800c8af8272565a">Unplug the conn#@#@#36#ECM).</phrase>
</ptxt>
</ditem>
</diaglist>
<test2>
<para>
<ptxt>
<phrase category="" id="KC09609318" phrase-urn="urn:x-nevis:phrase:0800c8af8272565b">Check the boost#@#@#77#tion.</phrase>
</ptxt>
</para>
<para>
<ptxt>
<phrase category="" id="KC09609319" phrase-urn="urn:x-nevis:phrase:0800c8af8272565c">Check the signa#@#@#48#ound.</phrase>
</ptxt>
<ptxt>
<phrase category="" id="KC09609320" phrase-urn="urn:x-nevis:phrase:0800c8af8272565d">Measure between#@#@#84#l #3.</phrase>
</ptxt>
</para>
<para>
<ptxt>
<phrase category="" id="KC09609321" phrase-urn="urn:x-nevis:phrase:0800c8af8272565e">Check the power#@#@#19#cuit.</phrase>
</ptxt>
<ptxt>
<phrase category="" id="KC09609322" phrase-urn="urn:x-nevis:phrase:0800c8af82725660">Measure between#@#@#84#l #1.</phrase>
</ptxt>
</para>
<para>
<ptxt>
<phrase category="" id="KC09609323" phrase-urn="urn:x-nevis:phrase:0800c8af82725661">Read the atmosp#@#@#78#mbol.</phrase>
</ptxt>
</para>
<para>
<ptxt>
<phrase category="" id="KC09609324" phrase-urn="urn:x-nevis:phrase:0800c8af82725662">Remedy as necessary.</phrase>
</ptxt>
</para>
<list1 enumtype="d" type="unordered">
<title>
<phrase category="" id="KC09609325" phrase-urn="urn:x-nevis:phrase:0800c8af82725663">Other information</phrase>
</title>
<item>
<ptxt>
<phrase category="" id="KC09609326" phrase-urn="urn:x-nevis:phrase:0800c8af82725664">
<xref>
<ref id="KC09609327"/>
</xref>
</phrase>
</ptxt>
</item>
<item>
<ptxt>
<phrase category="" id="KC09609328" phrase-urn="urn:x-nevis:phrase:0800c8af82725665">
<xref>
<ref id="KC09609329"/>
</xref>
</phrase>
</ptxt>
</item>
<item>
<ptxt>
<phrase category="" id="KC09609330" phrase-urn="urn:x-nevis:phrase:0800c8af82725666">
<xref>
<ref id="KC09609331"/>
</xref>
</phrase>
</ptxt>
</item>
</list1>
<diaglist>
<dgraphic>
<dgraphic1>
<graphic id="KC09609332">
<href>0900c8af8162119#@#@#9#.jpeg</href>
</graphic>
</dgraphic1>
<dgraphic2>
<graphic id="KC09609333">
<href>0900c8af86c8681#@#@#9#.jpeg</href>
</graphic>
<smarttool active="press" id="KC09609334" toolname="YECM3021"/>
</dgraphic2>
</dgraphic>
<ditem>
<ditemtext>
<ptxt>
<phrase category="" id="KC09609335" phrase-urn="urn:x-nevis:phrase:0800c8af82725667"/>
</ptxt>
</ditemtext>
</ditem>
</diaglist>
<grate>
<graphic id="KC09609336">
<href>0900c8af81620f8#@#@#9#.jpeg</href>
</graphic>
</grate>
</test2>
</test1>
<question>
Select Continue.
</question>
<resact-grp>
<result button="cont" comp="button" highlight="0"/>
<action j2008use="1" paperuse="1" screenuse="1">
<ptxt>
<xref>
<ref id="KC09609338"/>
</xref>
</ptxt>
</action>
</resact-grp>
</node>
</testgrp>
<testgrp id="KC08856193" j2008use="1" paperuse="1" resumable="1" screenuse="1" testgrp-id="veria" x="120" y="200">
<title>
<phrase category="" id="KC09609339" phrase-urn="urn:x-nevis:phrase:0800c8af82725669">Verification</phrase>
</title>
<subcalloutnode>
<diagcallout>
<xref>
<ref id="KC09609340"/>
</xref>
</diagcallout>
<rescall-grp>
<result comp="string" highlight="0" op="eq" return="VERIFIED"/>
<calloutaction>
<return value="FAULT FOUND"/>
</calloutaction>
</rescall-grp>
<rescall-grp>
<result comp="string" highlight="0" op="eq" return="VERIFICATION FAILED"/>
<calloutaction>
<ptxt>
<xref>
<ref id="KC09609341"/>
</xref>
</ptxt>
</calloutaction>
</rescall-grp>
</subcalloutnode>
</testgrp>
<testgrp id="KC08856194" j2008use="1" paperuse="0" resumable="1" screenuse="1" testgrp-id="info1" x="360" y="200">
<title>
<phrase category="" id="KC09609342" phrase-urn="urn:x-nevis:phrase:0800c8af8272566a">Fault-tracing i#@#@#5#ation</phrase>
</title>
<subcalloutnode>
<diagcallout>
<xref>
<ref id="KC09609343"/>
</xref>
</diagcallout>
<rescall-grp>
<result comp="string" highlight="0" op="eq" return="FAULTTRACING FAILED"/>
<calloutaction>
<return value="FAULTTRACING FAILED"/>
</calloutaction>
</rescall-grp>
<rescall-grp>
<result comp="string" highlight="0" op="eq" return="NEW TRY"/>
<calloutaction>
<ptxt>
<xref>
<ref id="KC09609344"/>
</xref>
</ptxt>
</calloutaction>
</rescall-grp>
</subcalloutnode>
</testgrp>
</diagnostic>
</servinfosub>