<?xml version="1.0" encoding="UTF-8"?><servinfosub IE-ID="en-US0900c8af81336509" docno="VCC-146764" id="KC03009063" xml:lang="en-US">
<title>
<phrase category="" id="KC07842179" phrase-urn="urn:x-nevis:phrase:0800c8af81bdcd9a">Diagnostic trou#@#@#30#-002E</phrase>
</title>
<diagnostic type="condition">
<condgrp>
<condition type="condition">
<grate>
<graphic id="KC07842180">
<href>0900c8af8005e66#@#@#9#.jpeg</href>
</graphic>
<graphtext>
<ptxt>
<phrase category="" id="KC07842181" phrase-urn="urn:x-nevis:phrase:0800c8af81bdcd9b">The automatic t#@#@#669#-up. </phrase>
</ptxt>
<para>
<ptxt>
<phrase category="" id="KC07842182" phrase-urn="urn:x-nevis:phrase:0800c8af81bdcd9c">The diagnostic #@#@#53#ving.</phrase>
</ptxt>
</para>
</graphtext>
</grate>
</condition>
</condgrp>
<condgrp>
<condition type="substitution">
<list1 enumtype="d" type="unordered">
<item>
<ptxt>
<phrase category="" id="KC07842183" phrase-urn="urn:x-nevis:phrase:0800c8af81bdcd9d">The transmissio#@#@#58#oid. </phrase>
</ptxt>
</item>
</list1>
</condition>
<ps>
<list1 enumtype="d" type="unordered">
<item>
<ptxt>
<phrase category="" id="KC07842184" phrase-urn="urn:x-nevis:phrase:0800c8af81bdcd9e">Poor quality tr#@#@#11#fluid</phrase>
</ptxt>
</item>
<item>
<ptxt>
<phrase category="" id="KC07842185" phrase-urn="urn:x-nevis:phrase:0800c8af81bdcd9f">The lock-up sol#@#@#14# work</phrase>
</ptxt>
</item>
<item>
<ptxt>
<phrase category="" id="KC07842186" phrase-urn="urn:x-nevis:phrase:0800c8af81bdcda0">Mechanical faul#@#@#17#sion.</phrase>
</ptxt>
</item>
</list1>
</ps>
</condgrp>
<condgrp>
<condition type="symptom">
<list1 enumtype="d" type="unordered">
<item>
<ptxt>
<phrase category="" id="KC07842187" phrase-urn="urn:x-nevis:phrase:0800c8af81bdcda1">General warning#@#@#4#p lit</phrase>
</ptxt>
</item>
<item>
<ptxt>
<phrase category="" id="KC07842188" phrase-urn="urn:x-nevis:phrase:0800c8af81bdcda2">No lock-up function</phrase>
</ptxt>
</item>
<item>
<ptxt>
<phrase category="" id="KC07842189" phrase-urn="urn:x-nevis:phrase:0800c8af81bdcda3">Vibration and j#@#@#16#ting.</phrase>
</ptxt>
</item>
</list1>
</condition>
</condgrp>
</diagnostic>
</servinfosub>