<?xml version="1.0" encoding="UTF-8"?><servinfosub IE-ID="en-US0900c8af83be6407" docno="VCC-161351" id="KC07237768" xml:lang="en-US">
<title>
<phrase category="" id="KC07237771" phrase-urn="urn:x-nevis:phrase:0800c8af81a9d057">Diagnostic trou#@#@#30#-620B</phrase>
</title>
<diagnostic j2008use="1" paperuse="1" screenuse="1" type="condition">
<condgrp>
<condition type="condition">
<para>
<ptxt>
<phrase category="" id="KC07237772" phrase-urn="urn:x-nevis:phrase:0800c8af81a9d058">The diagnostic #@#@#236#cked.</phrase>
</ptxt>
<ptxt>
<phrase category="" id="KC07237773" phrase-urn="urn:x-nevis:phrase:0800c8af81a9d059">The diagnostic #@#@#59#ing. </phrase>
</ptxt>
</para>
</condition>
</condgrp>
<condgrp>
<condition type="substitution">
<list1 enumtype="d" type="unordered">
<item>
<ptxt>
<phrase category="" id="KC07237774" phrase-urn="urn:x-nevis:phrase:0800c8af81a9d05a">Engine cooling #@#@#17# off.</phrase>
</ptxt>
</item>
</list1>
</condition>
<ps>
<list1 enumtype="d" type="unordered">
<item>
<ptxt>
<phrase category="" id="KC07237775" phrase-urn="urn:x-nevis:phrase:0800c8af81a9d05b">Obstructed fan blade</phrase>
</ptxt>
</item>
<item>
<ptxt>
<phrase category="" id="KC07237776" phrase-urn="urn:x-nevis:phrase:0800c8af81a9d05c">Damaged engine #@#@#27#dule.</phrase>
</ptxt>
</item>
</list1>
</ps>
</condgrp>
<condgrp>
<condition type="symptom">
<list1 enumtype="d" type="unordered">
<item>
<ptxt>
<phrase category="Symptom CSC" id="nev12529361n1" phrase-urn="urn:x-nevis:phrase:0800c8af8388f035">AU, Engine cool#@#@#24#s hot</phrase>
</ptxt>
</item>
</list1>
</condition>
</condgrp>
</diagnostic>
</servinfosub>