<?xml version="1.0" encoding="UTF-8"?><servinfosub IE-ID="en-US0900c8af8092e407" docno="VCC-109503" id="KC01497446" xml:lang="en-US">
<title>
<phrase category="" id="KC06654914" phrase-urn="urn:x-nevis:phrase:0800c8af819a4814">Internal fault</phrase>
</title>
<diagnostic j2008use="1" paperuse="1" screenuse="1" type="test">
<testgrp IE-ID="en-US0900c8af8092e407_KC02443244" id="KC02443244" j2008use="1" paperuse="1" resumable="1" screenuse="1" testgrp-id="node1" x="160" y="80">
<title>
<phrase category="" id="KC06654915" phrase-urn="urn:x-nevis:phrase:0800c8af819a4831">Replacing component</phrase>
</title>
<node>
<test1>
<test2>
<ptxt>
<phrase category="" id="KC06654916" phrase-urn="urn:x-nevis:phrase:0800c8af819a484e">Replace the con#@#@#20#g to <xref>
<ref id="KC06654917"/>
</xref>. </phrase>
</ptxt>
</test2>
</test1>
<question>Select Continue.</question>
<resact-grp>
<result button="cont" comp="button" highlight="0"/>
<action j2008use="1" paperuse="1" screenuse="1">
<return value="DONE"/>
</action>
</resact-grp>
</node>
</testgrp>
</diagnostic>
</servinfosub>