<?xml version="1.0" encoding="UTF-8"?><diagnostic IE-ID="en-US0900c8af80071603" docno="VCC-107479" id="KC01116706" type="test" xml:lang="en-US">
<title>
<phrase category="" id="KC09326705" phrase-urn="urn:x-nevis:phrase:0800c8af826e3d06">Erase remote control</phrase>
</title>
<testgrp IE-ID="en-US0900c8af80071603_KC01283161" id="KC01283161" j2008use="1" paperuse="1" resumable="1" screenuse="1" testgrp-id="preparations" x="120" y="120">
<title>
<phrase category="" id="KC09326706" phrase-urn="urn:x-nevis:phrase:0800c8af826e3d08">Preparations</phrase>
</title>
<node>
<test1>
<test2>
<para>
<ptxt>
<phrase category="" id="KC09326707" phrase-urn="urn:x-nevis:phrase:0800c8af826e3d09">A remote contro#@#@#86#mory.</phrase>
</ptxt>
</para>
<note>
<ptxt>
<phrase category="" id="KC09326708" phrase-urn="urn:x-nevis:phrase:0800c8af826e3d0b">All remote cont#@#@#82#ence.</phrase>
</ptxt>
</note>
</test2>
</test1>
<question>
Do you want to#@#@#6#nue?
</question>
<resact-grp>
<result button="yes" comp="button" highlight="0"/>
<action j2008use="1" paperuse="1" screenuse="1">
<ptxt>
<xref>
<ref id="KC09326710"/>
</xref>
</ptxt>
</action>
</resact-grp>
<resact-grp>
<result button="no" comp="button" highlight="0"/>
<action j2008use="1" paperuse="1" screenuse="1">
<return value="DONE"/>
</action>
</resact-grp>
</node>
</testgrp>
<testgrp id="KC01283162" j2008use="1" paperuse="1" resumable="1" screenuse="1" testgrp-id="readremote" x="120" y="360">
<title>
<phrase category="" id="KC09326711" phrase-urn="urn:x-nevis:phrase:0800c8af826e3d0d">Checking progra#@#@#16#tions</phrase>
</title>
<node>
<test1>
<diaglist>
<dgraphic>
<dgraphic1>
<graphic id="KC09326712">
<href>0900c8af80054d5#@#@#9#.jpeg</href>
</graphic>
</dgraphic1>
</dgraphic>
</diaglist>
<test2>
<para>
<ptxt>
<phrase category="" id="KC09326713" phrase-urn="urn:x-nevis:phrase:0800c8af826e3d0e">The purpose is #@#@#80#ored.</phrase>
</ptxt>
<ptxt>
<phrase category="" id="KC09326714" phrase-urn="urn:x-nevis:phrase:0800c8af826e3d10">The other memor#@#@#91#ased.</phrase>
</ptxt>
</para>
<para>
<ptxt>
<phrase category="" id="KC09326715" phrase-urn="urn:x-nevis:phrase:0800c8af826e3d11">E.g. if the rem#@#@#144#ased.</phrase>
</ptxt>
</para>
<note>
<ptxt>
<phrase category="" id="KC09326716" phrase-urn="urn:x-nevis:phrase:0800c8af826e3d12">Be sure not to #@#@#63#ored.</phrase>
</ptxt>
</note>
<list1 enumtype="n" type="ordered">
<item>
<ptxt>
<phrase category="" id="KC09326717" phrase-urn="urn:x-nevis:phrase:0800c8af826e3d13">Select the symb#@#@#27#ding.</phrase>
</ptxt>
</item>
<item>
<ptxt>
<phrase category="" id="KC09326718" phrase-urn="urn:x-nevis:phrase:0800c8af826e3d14">Activate one of#@#@#95#tion.</phrase>
</ptxt>
</item>
<item>
<ptxt>
<phrase category="" id="KC09326719" phrase-urn="urn:x-nevis:phrase:0800c8af826e3d16">Repeat this seq#@#@#71#mory.</phrase>
</ptxt>
<ptxt>
<phrase category="" id="KC09326720" phrase-urn="urn:x-nevis:phrase:0800c8af826e3d17">If no memory po#@#@#105#onal.</phrase>
</ptxt>
</item>
</list1>
<diaglist>
<dgraphic>
<dgraphic2>
<graphic id="KC09326721">
<href>0900c8af86c8681#@#@#9#.jpeg</href>
</graphic>
<smarttool active="press" id="KC09326722" toolname="XUEMA504"/>
</dgraphic2>
</dgraphic>
<ditem>
<ditemtext>
<ptxt>
<phrase category="" id="KC09326723" phrase-urn="urn:x-nevis:phrase:0800c8af826e3d18"/>
</ptxt>
</ditemtext>
</ditem>
</diaglist>
</test2>
</test1>
<question>
Select the dig#@#@#58#sed.
</question>
<resact-grp>
<result button="text" comp="button" highlight="0" text="1"/>
<action j2008use="1" paperuse="1" screenuse="1">
<ptxt>
<xref>
<ref id="KC09326725"/>
</xref>
</ptxt>
</action>
</resact-grp>
<resact-grp>
<result button="text" comp="button" highlight="0" text="2"/>
<action j2008use="1" paperuse="1" screenuse="1">
<ptxt>
<xref>
<ref id="KC09326726"/>
</xref>
</ptxt>
</action>
</resact-grp>
<resact-grp>
<result button="text" comp="button" highlight="0" text="3"/>
<action j2008use="1" paperuse="1" screenuse="1">
<ptxt>
<xref>
<ref id="KC09326727"/>
</xref>
</ptxt>
</action>
</resact-grp>
<resact-grp>
<result button="text" comp="button" highlight="0" text="4"/>
<action j2008use="1" paperuse="1" screenuse="1">
<ptxt>
<xref>
<ref id="KC09326728"/>
</xref>
</ptxt>
</action>
</resact-grp>
<resact-grp>
<result button="text" comp="button" highlight="0" text="5"/>
<action j2008use="1" paperuse="1" screenuse="1">
<ptxt>
<xref>
<ref id="KC09326729"/>
</xref>
</ptxt>
</action>
</resact-grp>
<resact-grp>
<result button="text" comp="button" highlight="0" text="6"/>
<action j2008use="1" paperuse="1" screenuse="1">
<ptxt>
<xref>
<ref id="KC09326730"/>
</xref>
</ptxt>
</action>
</resact-grp>
</node>
</testgrp>
<testgrp id="KC01283163" j2008use="1" paperuse="1" resumable="1" screenuse="1" testgrp-id="pos1" x="280" y="360">
<title>
<phrase category="" id="KC09326731" phrase-urn="urn:x-nevis:phrase:0800c8af826e3d1b">Erasing memory #@#@#5#ion 1</phrase>
</title>
<node>
<test1>
<test2>
<para>
<ptxt>
<phrase category="" id="KC09326732" phrase-urn="urn:x-nevis:phrase:0800c8af826e3d1c">The content in #@#@#35#ased.</phrase>
</ptxt>
</para>
</test2>
</test1>
<question>
Do you want to#@#@#6#nue?
</question>
<resact-grp>
<result button="yes" comp="button" highlight="0"/>
<action j2008use="1" paperuse="1" screenuse="1">
<ptxt>
<xref>
<ref id="KC09326734"/>
</xref>
</ptxt>
</action>
</resact-grp>
<resact-grp>
<result button="no" comp="button" highlight="0"/>
<action j2008use="1" paperuse="1" screenuse="1">
<ptxt>
<xref>
<ref id="KC09326735"/>
</xref>
</ptxt>
</action>
</resact-grp>
</node>
</testgrp>
<testgrp id="KC01283164" j2008use="1" paperuse="1" resumable="1" screenuse="1" testgrp-id="erasepos1" x="280" y="440">
<title>
<phrase category="" id="KC09326736" phrase-urn="urn:x-nevis:phrase:0800c8af826e3d1e">Erasing memory #@#@#5#ion 1</phrase>
</title>
<node>
<test1>
<test2>
<para>
<ptxt>
<phrase category="" id="KC09326737" phrase-urn="urn:x-nevis:phrase:0800c8af826e3d1f">Erasing content#@#@#17#on 1.</phrase>
</ptxt>
</para>
<para>
<ptxt>
<phrase category="" id="KC09326738" phrase-urn="urn:x-nevis:phrase:0800c8af826e3d20">Please wait!</phrase>
</ptxt>
</para>
<diaglist>
<dgraphic>
<dgraphic2>
<smarttool id="KC09326739" toolname="XUEMB810"/>
</dgraphic2>
</dgraphic>
<ditem>
<ditemtext>
<ptxt>
<phrase category="" id="KC09326740" phrase-urn="urn:x-nevis:phrase:0800c8af826e3d21"/>
</ptxt>
</ditemtext>
</ditem>
</diaglist>
</test2>
</test1>
<question/>
<resact-grp>
<result comp="numeric" highlight="0" op="eq" return="-32000"/>
<action j2008use="1" paperuse="1" screenuse="1">
<ptxt>
<xref>
<ref id="KC09326742"/>
</xref>
</ptxt>
</action>
</resact-grp>
<resact-grp>
<result comp="numeric" highlight="0" op="eq" return="-32008"/>
<action j2008use="1" paperuse="1" screenuse="1">
<ptxt>
<xref>
<ref id="KC09326743"/>
</xref>
</ptxt>
</action>
</resact-grp>
<resact-grp>
<result comp="numeric" highlight="0" op="eq" return="-33000"/>
<action j2008use="1" paperuse="1" screenuse="1">
<ptxt>
<xref>
<ref id="KC09326744"/>
</xref>
</ptxt>
</action>
</resact-grp>
<resact-grp>
<result comp="numeric" highlight="0" op="eq" return="24577"/>
<action j2008use="1" paperuse="1" screenuse="1">
<ptxt>
<xref>
<ref id="KC09326745"/>
</xref>
</ptxt>
</action>
</resact-grp>
<resact-grp>
<result comp="numeric" highlight="0" op="eq" return="25468"/>
<action j2008use="1" paperuse="1" screenuse="1">
<ptxt>
<xref>
<ref id="KC09326746"/>
</xref>
</ptxt>
</action>
</resact-grp>
<resact-grp>
<result comp="numeric" highlight="0" op="eq" return="25419"/>
<action j2008use="1" paperuse="1" screenuse="1">
<ptxt>
<xref>
<ref id="KC09326747"/>
</xref>
</ptxt>
</action>
</resact-grp>
<resact-grp>
<result comp="numeric" highlight="0" op="eq" return="25456"/>
<action j2008use="1" paperuse="1" screenuse="1">
<ptxt>
<xref>
<ref id="KC09326748"/>
</xref>
</ptxt>
</action>
</resact-grp>
<resact-grp>
<result comp="numeric" highlight="0" op="eq" return="0"/>
<action j2008use="1" paperuse="1" screenuse="1">
<ptxt>
<xref>
<ref id="KC09326749"/>
</xref>
</ptxt>
</action>
</resact-grp>
</node>
</testgrp>
<testgrp id="KC01283165" j2008use="1" paperuse="1" resumable="1" screenuse="1" testgrp-id="comfail1" x="440" y="440">
<title>
<phrase category="" id="KC09326750" phrase-urn="urn:x-nevis:phrase:0800c8af826e3d23"/>
</title>
<subcalloutnode>
<diagcallout>
<xref>
<ref id="KC09326751"/>
</xref>
</diagcallout>
<rescall-grp>
<result comp="string" highlight="0" op="eq" return="YES"/>
<calloutaction>
<ptxt>
<xref>
<ref id="KC09326752"/>
</xref>
</ptxt>
</calloutaction>
</rescall-grp>
<rescall-grp>
<result comp="string" highlight="0" op="eq" return="NO"/>
<calloutaction>
<return value="DONE"/>
</calloutaction>
</rescall-grp>
</subcalloutnode>
</testgrp>
<testgrp id="KC01283166" j2008use="1" paperuse="1" resumable="1" screenuse="1" testgrp-id="uemfail1" x="440" y="520">
<title>
<phrase category="" id="KC09326753" phrase-urn="urn:x-nevis:phrase:0800c8af826e3d24"/>
</title>
<subcalloutnode>
<diagcallout>
<xref>
<ref id="KC09326754"/>
</xref>
</diagcallout>
<rescall-grp>
<result comp="string" highlight="0" op="eq" return="YES"/>
<calloutaction>
<ptxt>
<xref>
<ref id="KC09326755"/>
</xref>
</ptxt>
</calloutaction>
</rescall-grp>
<rescall-grp>
<result comp="string" highlight="0" op="eq" return="NO"/>
<calloutaction>
<return value="DONE"/>
</calloutaction>
</rescall-grp>
</subcalloutnode>
</testgrp>
<testgrp id="KC01283167" j2008use="1" paperuse="1" resumable="1" screenuse="1" testgrp-id="pos2" x="280" y="600">
<title>
<phrase category="" id="KC09326756" phrase-urn="urn:x-nevis:phrase:0800c8af826e3d25">Erasing memory #@#@#5#ion 2</phrase>
</title>
<node>
<test1>
<test2>
<para>
<ptxt>
<phrase category="" id="KC09326757" phrase-urn="urn:x-nevis:phrase:0800c8af826e3d26">The content in #@#@#35#ased.</phrase>
</ptxt>
</para>
</test2>
</test1>
<question>
Do you want to#@#@#6#nue?
</question>
<resact-grp>
<result button="yes" comp="button" highlight="0"/>
<action j2008use="1" paperuse="1" screenuse="1">
<ptxt>
<xref>
<ref id="KC09326759"/>
</xref>
</ptxt>
</action>
</resact-grp>
<resact-grp>
<result button="no" comp="button" highlight="0"/>
<action j2008use="1" paperuse="1" screenuse="1">
<ptxt>
<xref>
<ref id="KC09326760"/>
</xref>
</ptxt>
</action>
</resact-grp>
</node>
</testgrp>
<testgrp id="KC01283168" j2008use="1" paperuse="1" resumable="1" screenuse="1" testgrp-id="erasepos2" x="280" y="680">
<title>
<phrase category="" id="KC09326761" phrase-urn="urn:x-nevis:phrase:0800c8af826e3d28">Erasing memory #@#@#5#ion 2</phrase>
</title>
<node>
<test1>
<test2>
<para>
<ptxt>
<phrase category="" id="KC09326762" phrase-urn="urn:x-nevis:phrase:0800c8af826e3d29">Erasing content#@#@#17#on 2.</phrase>
</ptxt>
</para>
<para>
<ptxt>
<phrase category="" id="KC09326763" phrase-urn="urn:x-nevis:phrase:0800c8af826e3d2a">Please wait!</phrase>
</ptxt>
</para>
<diaglist>
<dgraphic>
<dgraphic2>
<smarttool id="KC09326764" toolname="XUEMB811"/>
</dgraphic2>
</dgraphic>
<ditem>
<ditemtext>
<ptxt>
<phrase category="" id="KC09326765" phrase-urn="urn:x-nevis:phrase:0800c8af826e3d2b"/>
</ptxt>
</ditemtext>
</ditem>
</diaglist>
</test2>
</test1>
<question/>
<resact-grp>
<result comp="numeric" highlight="0" op="eq" return="-32000"/>
<action j2008use="1" paperuse="1" screenuse="1">
<ptxt>
<xref>
<ref id="KC09326767"/>
</xref>
</ptxt>
</action>
</resact-grp>
<resact-grp>
<result comp="numeric" highlight="0" op="eq" return="-32008"/>
<action j2008use="1" paperuse="1" screenuse="1">
<ptxt>
<xref>
<ref id="KC09326768"/>
</xref>
</ptxt>
</action>
</resact-grp>
<resact-grp>
<result comp="numeric" highlight="0" op="eq" return="-33000"/>
<action j2008use="1" paperuse="1" screenuse="1">
<ptxt>
<xref>
<ref id="KC09326769"/>
</xref>
</ptxt>
</action>
</resact-grp>
<resact-grp>
<result comp="numeric" highlight="0" op="eq" return="24577"/>
<action j2008use="1" paperuse="1" screenuse="1">
<ptxt>
<xref>
<ref id="KC09326770"/>
</xref>
</ptxt>
</action>
</resact-grp>
<resact-grp>
<result comp="numeric" highlight="0" op="eq" return="25468"/>
<action j2008use="1" paperuse="1" screenuse="1">
<ptxt>
<xref>
<ref id="KC09326771"/>
</xref>
</ptxt>
</action>
</resact-grp>
<resact-grp>
<result comp="numeric" highlight="0" op="eq" return="25419"/>
<action j2008use="1" paperuse="1" screenuse="1">
<ptxt>
<xref>
<ref id="KC09326772"/>
</xref>
</ptxt>
</action>
</resact-grp>
<resact-grp>
<result comp="numeric" highlight="0" op="eq" return="25456"/>
<action j2008use="1" paperuse="1" screenuse="1">
<ptxt>
<xref>
<ref id="KC09326773"/>
</xref>
</ptxt>
</action>
</resact-grp>
<resact-grp>
<result comp="numeric" highlight="0" op="eq" return="0"/>
<action j2008use="1" paperuse="1" screenuse="1">
<ptxt>
<xref>
<ref id="KC09326774"/>
</xref>
</ptxt>
</action>
</resact-grp>
</node>
</testgrp>
<testgrp id="KC01283169" j2008use="1" paperuse="1" resumable="1" screenuse="1" testgrp-id="comfail2" x="440" y="680">
<title>
<phrase category="" id="KC09326775" phrase-urn="urn:x-nevis:phrase:0800c8af826e3d2e"/>
</title>
<subcalloutnode>
<diagcallout>
<xref>
<ref id="KC09326776"/>
</xref>
</diagcallout>
<rescall-grp>
<result comp="string" highlight="0" op="eq" return="YES"/>
<calloutaction>
<ptxt>
<xref>
<ref id="KC09326777"/>
</xref>
</ptxt>
</calloutaction>
</rescall-grp>
<rescall-grp>
<result comp="string" highlight="0" op="eq" return="NO"/>
<calloutaction>
<return value="DONE"/>
</calloutaction>
</rescall-grp>
</subcalloutnode>
</testgrp>
<testgrp id="KC01283170" j2008use="1" paperuse="1" resumable="1" screenuse="1" testgrp-id="uemfail2" x="440" y="760">
<title>
<phrase category="" id="KC09326778" phrase-urn="urn:x-nevis:phrase:0800c8af826e3d2f"/>
</title>
<subcalloutnode>
<diagcallout>
<xref>
<ref id="KC09326779"/>
</xref>
</diagcallout>
<rescall-grp>
<result comp="string" highlight="0" op="eq" return="YES"/>
<calloutaction>
<ptxt>
<xref>
<ref id="KC09326780"/>
</xref>
</ptxt>
</calloutaction>
</rescall-grp>
<rescall-grp>
<result comp="string" highlight="0" op="eq" return="NO"/>
<calloutaction>
<return value="DONE"/>
</calloutaction>
</rescall-grp>
</subcalloutnode>
</testgrp>
<testgrp id="KC01283171" j2008use="1" paperuse="1" resumable="1" screenuse="1" testgrp-id="pos3" x="280" y="840">
<title>
<phrase category="" id="KC09326781" phrase-urn="urn:x-nevis:phrase:0800c8af826e3d30">Erasing memory #@#@#5#ion 3</phrase>
</title>
<node>
<test1>
<test2>
<para>
<ptxt>
<phrase category="" id="KC09326782" phrase-urn="urn:x-nevis:phrase:0800c8af826e3d31">The content in #@#@#35#ased.</phrase>
</ptxt>
</para>
</test2>
</test1>
<question>
Do you want to#@#@#6#nue?
</question>
<resact-grp>
<result button="yes" comp="button" highlight="0"/>
<action j2008use="1" paperuse="1" screenuse="1">
<ptxt>
<xref>
<ref id="KC09326784"/>
</xref>
</ptxt>
</action>
</resact-grp>
<resact-grp>
<result button="no" comp="button" highlight="0"/>
<action j2008use="1" paperuse="1" screenuse="1">
<ptxt>
<xref>
<ref id="KC09326785"/>
</xref>
</ptxt>
</action>
</resact-grp>
</node>
</testgrp>
<testgrp id="KC01283172" j2008use="1" paperuse="1" resumable="1" screenuse="1" testgrp-id="erasepos3" x="280" y="920">
<title>
<phrase category="" id="KC09326786" phrase-urn="urn:x-nevis:phrase:0800c8af826e3d33">Erasing memory #@#@#5#ion 3</phrase>
</title>
<node>
<test1>
<test2>
<para>
<ptxt>
<phrase category="" id="KC09326787" phrase-urn="urn:x-nevis:phrase:0800c8af826e3d34">Erasing content#@#@#17#on 3.</phrase>
</ptxt>
</para>
<para>
<ptxt>
<phrase category="" id="KC09326788" phrase-urn="urn:x-nevis:phrase:0800c8af826e3d35">Please wait!</phrase>
</ptxt>
</para>
<diaglist>
<dgraphic>
<dgraphic2>
<smarttool id="KC09326789" toolname="XUEMB812"/>
</dgraphic2>
</dgraphic>
<ditem>
<ditemtext>
<ptxt>
<phrase category="" id="KC09326790" phrase-urn="urn:x-nevis:phrase:0800c8af826e3d36"/>
</ptxt>
</ditemtext>
</ditem>
</diaglist>
</test2>
</test1>
<question/>
<resact-grp>
<result comp="numeric" highlight="0" op="eq" return="0"/>
<action j2008use="1" paperuse="1" screenuse="1">
<ptxt>
<xref>
<ref id="KC09326792"/>
</xref>
</ptxt>
</action>
</resact-grp>
<resact-grp>
<result comp="numeric" highlight="0" op="eq" return="-32000"/>
<action j2008use="1" paperuse="1" screenuse="1">
<ptxt>
<xref>
<ref id="KC09326793"/>
</xref>
</ptxt>
</action>
</resact-grp>
<resact-grp>
<result comp="numeric" highlight="0" op="eq" return="-32008"/>
<action j2008use="1" paperuse="1" screenuse="1">
<ptxt>
<xref>
<ref id="KC09326794"/>
</xref>
</ptxt>
</action>
</resact-grp>
<resact-grp>
<result comp="numeric" highlight="0" op="eq" return="-33000"/>
<action j2008use="1" paperuse="1" screenuse="1">
<ptxt>
<xref>
<ref id="KC09326795"/>
</xref>
</ptxt>
</action>
</resact-grp>
<resact-grp>
<result comp="numeric" highlight="0" op="eq" return="24577"/>
<action j2008use="1" paperuse="1" screenuse="1">
<ptxt>
<xref>
<ref id="KC09326796"/>
</xref>
</ptxt>
</action>
</resact-grp>
<resact-grp>
<result comp="numeric" highlight="0" op="eq" return="25419"/>
<action j2008use="1" paperuse="1" screenuse="1">
<ptxt>
<xref>
<ref id="KC09326797"/>
</xref>
</ptxt>
</action>
</resact-grp>
<resact-grp>
<result comp="numeric" highlight="0" op="eq" return="25456"/>
<action j2008use="1" paperuse="1" screenuse="1">
<ptxt>
<xref>
<ref id="KC09326798"/>
</xref>
</ptxt>
</action>
</resact-grp>
<resact-grp>
<result comp="numeric" highlight="0" op="eq" return="25468"/>
<action j2008use="1" paperuse="1" screenuse="1">
<ptxt>
<xref>
<ref id="KC09326799"/>
</xref>
</ptxt>
</action>
</resact-grp>
</node>
</testgrp>
<testgrp id="KC01283173" j2008use="1" paperuse="1" resumable="1" screenuse="1" testgrp-id="comfail3" x="440" y="920">
<title>
<phrase category="" id="KC09326800" phrase-urn="urn:x-nevis:phrase:0800c8af826e3d38"/>
</title>
<subcalloutnode>
<diagcallout>
<xref>
<ref id="KC09326801"/>
</xref>
</diagcallout>
<rescall-grp>
<result comp="string" highlight="0" op="eq" return="YES"/>
<calloutaction>
<ptxt>
<xref>
<ref id="KC09326802"/>
</xref>
</ptxt>
</calloutaction>
</rescall-grp>
<rescall-grp>
<result comp="string" highlight="0" op="eq" return="NO"/>
<calloutaction>
<return value="DONE"/>
</calloutaction>
</rescall-grp>
</subcalloutnode>
</testgrp>
<testgrp id="KC01283174" j2008use="1" paperuse="1" resumable="1" screenuse="1" testgrp-id="uemfail3" x="440" y="1000">
<title>
<phrase category="" id="KC09326803" phrase-urn="urn:x-nevis:phrase:0800c8af826e3d39"/>
</title>
<subcalloutnode>
<diagcallout>
<xref>
<ref id="KC09326804"/>
</xref>
</diagcallout>
<rescall-grp>
<result comp="string" highlight="0" op="eq" return="YES"/>
<calloutaction>
<ptxt>
<xref>
<ref id="KC09326805"/>
</xref>
</ptxt>
</calloutaction>
</rescall-grp>
<rescall-grp>
<result comp="string" highlight="0" op="eq" return="NO"/>
<calloutaction>
<return value="DONE"/>
</calloutaction>
</rescall-grp>
</subcalloutnode>
</testgrp>
<testgrp id="KC01283175" j2008use="1" paperuse="1" resumable="1" screenuse="1" testgrp-id="pos4" x="280" y="1080">
<title>
<phrase category="" id="KC09326806" phrase-urn="urn:x-nevis:phrase:0800c8af826e3d3a">Erasing memory #@#@#5#ion 4</phrase>
</title>
<node>
<test1>
<test2>
<para>
<ptxt>
<phrase category="" id="KC09326807" phrase-urn="urn:x-nevis:phrase:0800c8af826e3d3b">The content in #@#@#35#ased.</phrase>
</ptxt>
</para>
</test2>
</test1>
<question>
Do you want to#@#@#6#nue?
</question>
<resact-grp>
<result button="yes" comp="button" highlight="0"/>
<action j2008use="1" paperuse="1" screenuse="1">
<ptxt>
<xref>
<ref id="KC09326809"/>
</xref>
</ptxt>
</action>
</resact-grp>
<resact-grp>
<result button="no" comp="button" highlight="0"/>
<action j2008use="1" paperuse="1" screenuse="1">
<ptxt>
<xref>
<ref id="KC09326810"/>
</xref>
</ptxt>
</action>
</resact-grp>
</node>
</testgrp>
<testgrp id="KC01283176" j2008use="1" paperuse="1" resumable="1" screenuse="1" testgrp-id="erasepos4" x="280" y="1160">
<title>
<phrase category="" id="KC09326811" phrase-urn="urn:x-nevis:phrase:0800c8af826e3d3d">Erasing memory #@#@#5#ion 4</phrase>
</title>
<node>
<test1>
<test2>
<para>
<ptxt>
<phrase category="" id="KC09326812" phrase-urn="urn:x-nevis:phrase:0800c8af826e3d3e">Erasing content#@#@#17#on 4.</phrase>
</ptxt>
</para>
<para>
<ptxt>
<phrase category="" id="KC09326813" phrase-urn="urn:x-nevis:phrase:0800c8af826e3d3f">Please wait!</phrase>
</ptxt>
</para>
<diaglist>
<dgraphic>
<dgraphic2>
<smarttool id="KC09326814" toolname="XUEMB813"/>
</dgraphic2>
</dgraphic>
<ditem>
<ditemtext>
<ptxt>
<phrase category="" id="KC09326815" phrase-urn="urn:x-nevis:phrase:0800c8af826e3d40"/>
</ptxt>
</ditemtext>
</ditem>
</diaglist>
</test2>
</test1>
<question/>
<resact-grp>
<result comp="numeric" highlight="0" op="eq" return="0"/>
<action j2008use="1" paperuse="1" screenuse="1">
<ptxt>
<xref>
<ref id="KC09326817"/>
</xref>
</ptxt>
</action>
</resact-grp>
<resact-grp>
<result comp="numeric" highlight="0" op="eq" return="-32000"/>
<action j2008use="1" paperuse="1" screenuse="1">
<ptxt>
<xref>
<ref id="KC09326818"/>
</xref>
</ptxt>
</action>
</resact-grp>
<resact-grp>
<result comp="numeric" highlight="0" op="eq" return="-32008"/>
<action j2008use="1" paperuse="1" screenuse="1">
<ptxt>
<xref>
<ref id="KC09326819"/>
</xref>
</ptxt>
</action>
</resact-grp>
<resact-grp>
<result comp="numeric" highlight="0" op="eq" return="-33000"/>
<action j2008use="1" paperuse="1" screenuse="1">
<ptxt>
<xref>
<ref id="KC09326820"/>
</xref>
</ptxt>
</action>
</resact-grp>
<resact-grp>
<result comp="numeric" highlight="0" op="eq" return="24577"/>
<action j2008use="1" paperuse="1" screenuse="1">
<ptxt>
<xref>
<ref id="KC09326821"/>
</xref>
</ptxt>
</action>
</resact-grp>
<resact-grp>
<result comp="numeric" highlight="0" op="eq" return="25456"/>
<action j2008use="1" paperuse="1" screenuse="1">
<ptxt>
<xref>
<ref id="KC09326822"/>
</xref>
</ptxt>
</action>
</resact-grp>
<resact-grp>
<result comp="numeric" highlight="0" op="eq" return="25468"/>
<action j2008use="1" paperuse="1" screenuse="1">
<ptxt>
<xref>
<ref id="KC09326823"/>
</xref>
</ptxt>
</action>
</resact-grp>
<resact-grp>
<result comp="numeric" highlight="0" op="eq" return="25419"/>
<action j2008use="1" paperuse="1" screenuse="1">
<ptxt>
<xref>
<ref id="KC09326824"/>
</xref>
</ptxt>
</action>
</resact-grp>
</node>
</testgrp>
<testgrp id="KC01283177" j2008use="1" paperuse="1" resumable="1" screenuse="1" testgrp-id="comfail4" x="440" y="1160">
<title>
<phrase category="" id="KC09326825" phrase-urn="urn:x-nevis:phrase:0800c8af826e3d42"/>
</title>
<subcalloutnode>
<diagcallout>
<xref>
<ref id="KC09326826"/>
</xref>
</diagcallout>
<rescall-grp>
<result comp="string" highlight="0" op="eq" return="YES"/>
<calloutaction>
<ptxt>
<xref>
<ref id="KC09326827"/>
</xref>
</ptxt>
</calloutaction>
</rescall-grp>
<rescall-grp>
<result comp="string" highlight="0" op="eq" return="NO"/>
<calloutaction>
<return value="DONE"/>
</calloutaction>
</rescall-grp>
</subcalloutnode>
</testgrp>
<testgrp id="KC01283178" j2008use="1" paperuse="1" resumable="1" screenuse="1" testgrp-id="uemfail4" x="440" y="1240">
<title>
<phrase category="" id="KC09326828" phrase-urn="urn:x-nevis:phrase:0800c8af826e3d43"/>
</title>
<subcalloutnode>
<diagcallout>
<xref>
<ref id="KC09326829"/>
</xref>
</diagcallout>
<rescall-grp>
<result comp="string" highlight="0" op="eq" return="YES"/>
<calloutaction>
<ptxt>
<xref>
<ref id="KC09326830"/>
</xref>
</ptxt>
</calloutaction>
</rescall-grp>
<rescall-grp>
<result comp="string" highlight="0" op="eq" return="NO"/>
<calloutaction>
<return value="DONE"/>
</calloutaction>
</rescall-grp>
</subcalloutnode>
</testgrp>
<testgrp id="KC01283179" j2008use="1" paperuse="1" resumable="1" screenuse="1" testgrp-id="pos5" x="280" y="1320">
<title>
<phrase category="" id="KC09326831" phrase-urn="urn:x-nevis:phrase:0800c8af826e3d44">Erasing memory #@#@#5#ion 5</phrase>
</title>
<node>
<test1>
<test2>
<para>
<ptxt>
<phrase category="" id="KC09326832" phrase-urn="urn:x-nevis:phrase:0800c8af826e3d45">The content in #@#@#35#ased.</phrase>
</ptxt>
</para>
</test2>
</test1>
<question>
Do you want to#@#@#6#nue?
</question>
<resact-grp>
<result button="yes" comp="button" highlight="0"/>
<action j2008use="1" paperuse="1" screenuse="1">
<ptxt>
<xref>
<ref id="KC09326834"/>
</xref>
</ptxt>
</action>
</resact-grp>
<resact-grp>
<result button="no" comp="button" highlight="0"/>
<action j2008use="1" paperuse="1" screenuse="1">
<ptxt>
<xref>
<ref id="KC09326835"/>
</xref>
</ptxt>
</action>
</resact-grp>
</node>
</testgrp>
<testgrp id="KC01283180" j2008use="1" paperuse="1" resumable="1" screenuse="1" testgrp-id="erasepos5" x="280" y="1400">
<title>
<phrase category="" id="KC09326836" phrase-urn="urn:x-nevis:phrase:0800c8af826e3d47">Erasing memory #@#@#5#ion 5</phrase>
</title>
<node>
<test1>
<test2>
<para>
<ptxt>
<phrase category="" id="KC09326837" phrase-urn="urn:x-nevis:phrase:0800c8af826e3d48">Erasing content#@#@#17#on 5.</phrase>
</ptxt>
</para>
<para>
<ptxt>
<phrase category="" id="KC09326838" phrase-urn="urn:x-nevis:phrase:0800c8af826e3d49">Please wait!</phrase>
</ptxt>
</para>
<diaglist>
<dgraphic>
<dgraphic2>
<smarttool id="KC09326839" toolname="XUEMB814"/>
</dgraphic2>
</dgraphic>
<ditem>
<ditemtext>
<ptxt>
<phrase category="" id="KC09326840" phrase-urn="urn:x-nevis:phrase:0800c8af826e3d4a"/>
</ptxt>
</ditemtext>
</ditem>
</diaglist>
</test2>
</test1>
<question/>
<resact-grp>
<result comp="string" highlight="0" op="eq" return="0"/>
<action j2008use="1" paperuse="1" screenuse="1">
<ptxt>
<xref>
<ref id="KC09326842"/>
</xref>
</ptxt>
</action>
</resact-grp>
<resact-grp>
<result comp="numeric" highlight="0" op="eq" return="-32000"/>
<action j2008use="1" paperuse="1" screenuse="1">
<ptxt>
<xref>
<ref id="KC09326843"/>
</xref>
</ptxt>
</action>
</resact-grp>
<resact-grp>
<result comp="numeric" highlight="0" op="eq" return="-32008"/>
<action j2008use="1" paperuse="1" screenuse="1">
<ptxt>
<xref>
<ref id="KC09326844"/>
</xref>
</ptxt>
</action>
</resact-grp>
<resact-grp>
<result comp="numeric" highlight="0" op="eq" return="-33000"/>
<action j2008use="1" paperuse="1" screenuse="1">
<ptxt>
<xref>
<ref id="KC09326845"/>
</xref>
</ptxt>
</action>
</resact-grp>
<resact-grp>
<result comp="numeric" highlight="0" op="eq" return="24577"/>
<action j2008use="1" paperuse="1" screenuse="1">
<ptxt>
<xref>
<ref id="KC09326846"/>
</xref>
</ptxt>
</action>
</resact-grp>
<resact-grp>
<result comp="numeric" highlight="0" op="eq" return="25456"/>
<action j2008use="1" paperuse="1" screenuse="1">
<ptxt>
<xref>
<ref id="KC09326847"/>
</xref>
</ptxt>
</action>
</resact-grp>
<resact-grp>
<result comp="numeric" highlight="0" op="eq" return="25468"/>
<action j2008use="1" paperuse="1" screenuse="1">
<ptxt>
<xref>
<ref id="KC09326848"/>
</xref>
</ptxt>
</action>
</resact-grp>
<resact-grp>
<result comp="numeric" highlight="0" op="eq" return="25419"/>
<action j2008use="1" paperuse="1" screenuse="1">
<ptxt>
<xref>
<ref id="KC09326849"/>
</xref>
</ptxt>
</action>
</resact-grp>
</node>
</testgrp>
<testgrp id="KC01283181" j2008use="1" paperuse="1" resumable="1" screenuse="1" testgrp-id="comfail5" x="440" y="1400">
<title>
<phrase category="" id="KC09326850" phrase-urn="urn:x-nevis:phrase:0800c8af826e3d4c"/>
</title>
<subcalloutnode>
<diagcallout>
<xref>
<ref id="KC09326851"/>
</xref>
</diagcallout>
<rescall-grp>
<result comp="string" highlight="0" op="eq" return="YES"/>
<calloutaction>
<ptxt>
<xref>
<ref id="KC09326852"/>
</xref>
</ptxt>
</calloutaction>
</rescall-grp>
<rescall-grp>
<result comp="string" highlight="0" op="eq" return="NO"/>
<calloutaction>
<return value="DONE"/>
</calloutaction>
</rescall-grp>
</subcalloutnode>
</testgrp>
<testgrp id="KC01283182" j2008use="1" paperuse="1" resumable="1" screenuse="1" testgrp-id="uemfail5" x="440" y="1480">
<title>
<phrase category="" id="KC09326853" phrase-urn="urn:x-nevis:phrase:0800c8af826e3d4e"/>
</title>
<subcalloutnode>
<diagcallout>
<xref>
<ref id="KC09326854"/>
</xref>
</diagcallout>
<rescall-grp>
<result comp="string" highlight="0" op="eq" return="YES"/>
<calloutaction>
<ptxt>
<xref>
<ref id="KC09326855"/>
</xref>
</ptxt>
</calloutaction>
</rescall-grp>
<rescall-grp>
<result comp="string" highlight="0" op="eq" return="NO"/>
<calloutaction>
<return value="DONE"/>
</calloutaction>
</rescall-grp>
</subcalloutnode>
</testgrp>
<testgrp id="KC01283183" j2008use="1" paperuse="1" resumable="1" screenuse="1" testgrp-id="pos6" x="280" y="1560">
<title>
<phrase category="" id="KC09326856" phrase-urn="urn:x-nevis:phrase:0800c8af826e3d4f">Erasing memory #@#@#5#ion 6</phrase>
</title>
<node>
<test1>
<test2>
<para>
<ptxt>
<phrase category="" id="KC09326857" phrase-urn="urn:x-nevis:phrase:0800c8af826e3d50">The content in #@#@#35#ased.</phrase>
</ptxt>
</para>
</test2>
</test1>
<question>
Do you want to#@#@#6#nue?
</question>
<resact-grp>
<result button="yes" comp="button" highlight="0"/>
<action j2008use="1" paperuse="1" screenuse="1">
<ptxt>
<xref>
<ref id="KC09326859"/>
</xref>
</ptxt>
</action>
</resact-grp>
<resact-grp>
<result button="no" comp="button" highlight="0"/>
<action j2008use="1" paperuse="1" screenuse="1">
<ptxt>
<xref>
<ref id="KC09326860"/>
</xref>
</ptxt>
</action>
</resact-grp>
</node>
</testgrp>
<testgrp id="KC01283184" j2008use="1" paperuse="1" resumable="1" screenuse="1" testgrp-id="erasepos6" x="280" y="1640">
<title>
<phrase category="" id="KC09326861" phrase-urn="urn:x-nevis:phrase:0800c8af826e3d52">Erasing memory #@#@#5#ion 6</phrase>
</title>
<node>
<test1>
<test2>
<para>
<ptxt>
<phrase category="" id="KC09326862" phrase-urn="urn:x-nevis:phrase:0800c8af826e3d53">Erasingcontent #@#@#16#on 6.</phrase>
</ptxt>
</para>
<para>
<ptxt>
<phrase category="" id="KC09326863" phrase-urn="urn:x-nevis:phrase:0800c8af826e3d55">Please wait!</phrase>
</ptxt>
</para>
<diaglist>
<dgraphic>
<dgraphic2>
<smarttool id="KC09326864" toolname="XUEMB815"/>
</dgraphic2>
</dgraphic>
<ditem>
<ditemtext>
<ptxt>
<phrase category="" id="KC09326865" phrase-urn="urn:x-nevis:phrase:0800c8af826e3d56"/>
</ptxt>
</ditemtext>
</ditem>
</diaglist>
</test2>
</test1>
<question/>
<resact-grp>
<result comp="numeric" highlight="0" op="eq" return="0"/>
<action j2008use="1" paperuse="1" screenuse="1">
<ptxt>
<xref>
<ref id="KC09326867"/>
</xref>
</ptxt>
</action>
</resact-grp>
<resact-grp>
<result comp="numeric" highlight="0" op="eq" return="-32000"/>
<action j2008use="1" paperuse="1" screenuse="1">
<ptxt>
<xref>
<ref id="KC09326868"/>
</xref>
</ptxt>
</action>
</resact-grp>
<resact-grp>
<result comp="numeric" highlight="0" op="eq" return="-32008"/>
<action j2008use="1" paperuse="1" screenuse="1">
<ptxt>
<xref>
<ref id="KC09326869"/>
</xref>
</ptxt>
</action>
</resact-grp>
<resact-grp>
<result comp="numeric" highlight="0" op="eq" return="-33000"/>
<action j2008use="1" paperuse="1" screenuse="1">
<ptxt>
<xref>
<ref id="KC09326870"/>
</xref>
</ptxt>
</action>
</resact-grp>
<resact-grp>
<result comp="numeric" highlight="0" op="eq" return="24577"/>
<action j2008use="1" paperuse="1" screenuse="1">
<ptxt>
<xref>
<ref id="KC09326871"/>
</xref>
</ptxt>
</action>
</resact-grp>
<resact-grp>
<result comp="numeric" highlight="0" op="eq" return="25456"/>
<action j2008use="1" paperuse="1" screenuse="1">
<ptxt>
<xref>
<ref id="KC09326872"/>
</xref>
</ptxt>
</action>
</resact-grp>
<resact-grp>
<result comp="numeric" highlight="0" op="eq" return="25419"/>
<action j2008use="1" paperuse="1" screenuse="1">
<ptxt>
<xref>
<ref id="KC09326873"/>
</xref>
</ptxt>
</action>
</resact-grp>
<resact-grp>
<result comp="numeric" highlight="0" op="eq" return="25468"/>
<action j2008use="1" paperuse="1" screenuse="1">
<ptxt>
<xref>
<ref id="KC09326874"/>
</xref>
</ptxt>
</action>
</resact-grp>
</node>
</testgrp>
<testgrp id="KC01283185" j2008use="1" paperuse="1" resumable="1" screenuse="1" testgrp-id="comfail6" x="440" y="1640">
<title>
<phrase category="" id="KC09326875" phrase-urn="urn:x-nevis:phrase:0800c8af826e3d58"/>
</title>
<subcalloutnode>
<diagcallout>
<xref>
<ref id="KC09326876"/>
</xref>
</diagcallout>
<rescall-grp>
<result comp="string" highlight="0" op="eq" return="YES"/>
<calloutaction>
<ptxt>
<xref>
<ref id="KC09326877"/>
</xref>
</ptxt>
</calloutaction>
</rescall-grp>
<rescall-grp>
<result comp="string" highlight="0" op="eq" return="NO"/>
<calloutaction>
<return value="DONE"/>
</calloutaction>
</rescall-grp>
</subcalloutnode>
</testgrp>
<testgrp id="KC01283186" j2008use="1" paperuse="1" resumable="1" screenuse="1" testgrp-id="uemfail6" x="440" y="1720">
<title>
<phrase category="" id="KC09326878" phrase-urn="urn:x-nevis:phrase:0800c8af826e3d5a"/>
</title>
<subcalloutnode>
<diagcallout>
<xref>
<ref id="KC09326879"/>
</xref>
</diagcallout>
<rescall-grp>
<result comp="string" highlight="0" op="eq" return="YES"/>
<calloutaction>
<ptxt>
<xref>
<ref id="KC09326880"/>
</xref>
</ptxt>
</calloutaction>
</rescall-grp>
<rescall-grp>
<result comp="string" highlight="0" op="eq" return="NO"/>
<calloutaction>
<return value="DONE"/>
</calloutaction>
</rescall-grp>
</subcalloutnode>
</testgrp>
<testgrp id="KC01283187" j2008use="1" paperuse="1" resumable="1" screenuse="1" testgrp-id="newno" x="280" y="1800">
<title>
<phrase category="" id="KC09326881" phrase-urn="urn:x-nevis:phrase:0800c8af826e3d5b">Verifying the m#@#@#8#ntent</phrase>
</title>
<node>
<test1>
<test2>
<para>
<ptxt>
<phrase category="" id="KC09326882" phrase-urn="urn:x-nevis:phrase:0800c8af826e3d5c">Select the symb#@#@#87# one.</phrase>
</ptxt>
</para>
<diaglist>
<dgraphic>
<dgraphic2>
<graphic id="KC09326883">
<href>0900c8af86c8681#@#@#9#.jpeg</href>
</graphic>
<smarttool active="press" id="KC09326884" toolname="XUEMA503"/>
</dgraphic2>
</dgraphic>
<ditem>
<ditemtext>
<ptxt>
<phrase category="" id="KC09326885" phrase-urn="urn:x-nevis:phrase:0800c8af826e3d5d"/>
</ptxt>
</ditemtext>
</ditem>
</diaglist>
</test2>
</test1>
<question>
Do you want to#@#@#15#one?
</question>
<resact-grp>
<result button="yes" comp="button" highlight="0"/>
<action j2008use="1" paperuse="1" screenuse="1">
<ptxt>
<xref>
<ref id="KC09326887"/>
</xref>
</ptxt>
</action>
</resact-grp>
<resact-grp>
<result button="no" comp="button" highlight="0"/>
<action j2008use="1" paperuse="1" screenuse="1">
<return value="DONE"/>
</action>
</resact-grp>
</node>
</testgrp>
<testgrp id="KC01283188" j2008use="1" paperuse="1" resumable="1" screenuse="1" testgrp-id="commcheck" x="120" y="200">
<title>
<phrase category="" id="KC09326888" phrase-urn="urn:x-nevis:phrase:0800c8af826e3d5f">Checking commun#@#@#2#ation</phrase>
</title>
<node>
<test1>
<test2>
<para>
<ptxt>
<phrase category="" id="KC09326889" phrase-urn="urn:x-nevis:phrase:0800c8af826e3d60">Communication w#@#@#44#cked.</phrase>
</ptxt>
</para>
<para>
<ptxt>
<phrase category="" id="KC09326890" phrase-urn="urn:x-nevis:phrase:0800c8af826e3d61">Please wait!</phrase>
</ptxt>
</para>
<diaglist>
<dgraphic>
<dgraphic2>
<smarttool id="KC09326891" toolname="XUEMB909"/>
</dgraphic2>
</dgraphic>
<ditem>
<ditemtext>
<ptxt>
<phrase category="" id="KC09326892" phrase-urn="urn:x-nevis:phrase:0800c8af826e3d62"/>
</ptxt>
</ditemtext>
</ditem>
</diaglist>
</test2>
</test1>
<question/>
<resact-grp>
<result comp="numeric" highlight="0" op="eq" return="0"/>
<action j2008use="1" paperuse="1" screenuse="1">
<ptxt>
<xref>
<ref id="KC09326894"/>
</xref>
</ptxt>
</action>
</resact-grp>
<resact-grp>
<result comp="numeric" highlight="0" op="eq" return="-32000"/>
<action j2008use="1" paperuse="1" screenuse="1">
<ptxt>
<xref>
<ref id="KC09326895"/>
</xref>
</ptxt>
</action>
</resact-grp>
<resact-grp>
<result comp="numeric" highlight="0" op="eq" return="-32008"/>
<action j2008use="1" paperuse="1" screenuse="1">
<ptxt>
<xref>
<ref id="KC09326896"/>
</xref>
</ptxt>
</action>
</resact-grp>
<resact-grp>
<result comp="numeric" highlight="0" op="eq" return="-33000"/>
<action j2008use="1" paperuse="1" screenuse="1">
<ptxt>
<xref>
<ref id="KC09326897"/>
</xref>
</ptxt>
</action>
</resact-grp>
<resact-grp>
<result comp="numeric" highlight="0" op="eq" return="25419"/>
<action j2008use="1" paperuse="1" screenuse="1">
<ptxt>
<xref>
<ref id="KC09326898"/>
</xref>
</ptxt>
</action>
</resact-grp>
<resact-grp>
<result comp="numeric" highlight="0" op="eq" return="24577"/>
<action j2008use="1" paperuse="1" screenuse="1">
<ptxt>
<xref>
<ref id="KC09326899"/>
</xref>
</ptxt>
</action>
</resact-grp>
<resact-grp>
<result comp="numeric" highlight="0" op="eq" return="25468"/>
<action j2008use="1" paperuse="1" screenuse="1">
<ptxt>
<xref>
<ref id="KC09326900"/>
</xref>
</ptxt>
</action>
</resact-grp>
<resact-grp>
<result comp="numeric" highlight="0" op="eq" return="25456"/>
<action j2008use="1" paperuse="1" screenuse="1">
<ptxt>
<xref>
<ref id="KC09326901"/>
</xref>
</ptxt>
</action>
</resact-grp>
</node>
</testgrp>
<testgrp id="KC01283189" j2008use="1" paperuse="1" resumable="1" screenuse="1" testgrp-id="comfail7" x="280" y="200">
<title>
<phrase category="" id="KC09326902" phrase-urn="urn:x-nevis:phrase:0800c8af826e3d64"/>
</title>
<subcalloutnode>
<diagcallout>
<xref>
<ref id="KC09326903"/>
</xref>
</diagcallout>
<rescall-grp>
<result comp="string" highlight="0" op="eq" return="YES"/>
<calloutaction>
<ptxt>
<xref>
<ref id="KC09326904"/>
</xref>
</ptxt>
</calloutaction>
</rescall-grp>
<rescall-grp>
<result comp="string" highlight="0" op="eq" return="NO"/>
<calloutaction>
<return value="DONE"/>
</calloutaction>
</rescall-grp>
</subcalloutnode>
</testgrp>
<testgrp id="KC01283190" j2008use="1" paperuse="1" resumable="1" screenuse="1" testgrp-id="uemfail7" x="280" y="280">
<title>
<phrase category="" id="KC09326905" phrase-urn="urn:x-nevis:phrase:0800c8af826e3d65"/>
</title>
<subcalloutnode>
<diagcallout>
<xref>
<ref id="KC09326906"/>
</xref>
</diagcallout>
<rescall-grp>
<result comp="string" highlight="0" op="eq" return="YES"/>
<calloutaction>
<ptxt>
<xref>
<ref id="KC09326907"/>
</xref>
</ptxt>
</calloutaction>
</rescall-grp>
<rescall-grp>
<result comp="string" highlight="0" op="eq" return="NO"/>
<calloutaction>
<return value="DONE"/>
</calloutaction>
</rescall-grp>
</subcalloutnode>
</testgrp>
</diagnostic>