<?xml version="1.0" encoding="UTF-8"?><servinfosub IE-ID="en-US0900c8af87b07603" docno="VCC-503017" id="nev27913365n1" original="sv-SE" servinfosubId="nev27913366n1-nev27913365n4" servinfosubRes="0900c8af87c7084b" servinfosubRes2="urn:x-nevis:fragment:0900c8af87b07603:0900c8af87c7084b#nev27913365n4" xml:lang="en-US">
<operationnumbers>
<operationnumber>61203-2</operationnumber>
<operationnumber>61216-2</operationnumber>
<operationnumber>61202-2</operationnumber>
</operationnumbers>
<title id="nev27913365n2">Front lower con#@#@#3#l arm</title>
<toolitemtable id="nev27913366n1-nev28152900n37">
<table id="nev27913366n1-nev28152900n36">
<tgroup cols="2" id="nev27913366n1-nev28152900n35">
<colspec colname="COLSPEC0" colwidth="1.00*" id="nev27913366n1-nev28152900n34"/>
<colspec colname="COLSPEC1" colwidth="1.00*" id="nev27913366n1-nev28152900n33"/>
<thead id="nev27913366n1-nev28152900n32">
<row id="nev27913366n1-nev28152900n31">
<entry id="nev27913366n1-nev28152900n30" nameend="COLSPEC1" namest="COLSPEC0" valign="top">
<ptxt id="nev27913366n1-nev28152900n29">
<emph id="nev27913366n1-nev28152900n28">Special tools</emph>
</ptxt>
</entry>
</row>
</thead>
<tbody id="nev27913366n1-nev28152900n27">
<row id="nev27913366n1-nev28152900n26">
<entry id="nev27913366n1-nev28152900n25">
<graphic id="nev27913366n1-nev28152900n24">
<href>0900c8af85e5d53#@#@#9#.jpeg</href>
</graphic>
</entry>
<entry id="nev27913366n1-nev28152900n23">
<ptxt id="nev27913366n1-nev28152900n22">
<emph id="nev27913366n1-nev28152900n21">999 7076 Lever</emph>
</ptxt>
<ptxt id="nev27913366n1-nev28152900n19">
<emph id="nev27913366n1-nev28152900n18">Tool number:</emph>999 7076</ptxt>
<ptxt id="nev27913366n1-nev28152900n17">
<emph id="nev27913366n1-nev28152900n16">Tool description:</emph>Lever</ptxt>
<ptxt id="nev27913366n1-nev28152900n14">
<emph id="nev27913366n1-nev28152900n13">Tool boards:</emph>46</ptxt>
</entry>
</row>
</tbody>
</tgroup>
</table>
</toolitemtable>
<procedure id="nev27913366n1-nev28029448n1">
<stepgrp boilerplate="false" context="" id="nev27913366n1-nev28152605n5">
<title id="nev27913366n1-0800c8af844a46f6">Removal</title>
<procstep id="nev27913366n1-nev28149744n73">
<note id="nev27913366n1-0800c8af844a42fa">
<ptxt>Removal steps i#@#@#45#ails.</ptxt>
</note>
</procstep>
<procstep id="nev27913366n1-nev28146589n73">
<para id="nev27913366n1-nev28152605n3">
<ptxt id="nev27913366n1-nev28152605n4">Remove the wheel<xref boilerplate="true" id="nev27913366n1-0800c8af844f033b">
<ref id="nev27913366n1-nev28033094n73"/>
</xref>
</ptxt>
</para>
</procstep>
<procstep id="nev27913366n1-nev28146589n69">
<grate id="nev27913366n1-nev28152605n1">
<graphic id="nev27913366n1-nev28152605n2">
<href>0900c8af87bd772#@#@#9#.jpeg</href>
</graphic>
<graphtext id="nev27913366n1-nev28152910n1">
<para id="nev27913366n1-nev28152900n99">
<ptxt id="nev27913366n1-nev28152900n100">Remove the screws.</ptxt>
</para>
<para id="nev27913366n1-nev28152900n97">
<ptxt id="nev27913366n1-nev28152900n98">On both sides.</ptxt>
</para>
</graphtext>
</grate>
</procstep>
<procstep id="nev27913366n1-nev28146589n62">
<grate id="nev27913366n1-nev28152900n95">
<graphic id="nev27913366n1-nev28152900n96">
<href>0900c8af87b9510#@#@#9#.jpeg</href>
</graphic>
<graphtext id="nev27913366n1-nev28152914n1">
<para id="nev27913366n1-nev28152900n93">
<ptxt id="nev27913366n1-nev28152900n94">On both sides.</ptxt>
</para>
<para id="nev27913366n1-nev28152900n91">
<ptxt id="nev27913366n1-nev28152900n92">Remove the screws.</ptxt>
</para>
<list1 enumtype="n" id="nev27913366n1-nev28146589n55" type="ordered">
<item id="nev27913366n1-nev28152900n90">
<ptxt id="nev27913366n1-nev28152900n89">
<torque id="nev27913366n1-nev28146589n53">
<ref id="nev27913366n1-nev28146589n51"/>
</torque>
</ptxt>
</item>
<item id="nev27913366n1-nev28152900n88">
<ptxt id="nev27913366n1-nev28152900n87">
<torque id="nev27913366n1-nev28149744n54">
<ref id="nev27913366n1-nev28149744n52"/>
</torque>
</ptxt>
</item>
</list1>
</graphtext>
</grate>
</procstep>
<procstep id="nev27913366n1-nev28146589n46">
<grate id="nev27913366n1-nev28152900n85">
<graphic id="nev27913366n1-nev28152900n86">
<href>0900c8af87bd79d#@#@#9#.jpeg</href>
</graphic>
<graphtext id="nev27913366n1-nev28152924n1">
<note id="nev27913366n1-0800c8af85b47f49">
<ptxt>Orientation view</ptxt>
</note>
</graphtext>
</grate>
</procstep>
<procstep id="nev27913366n1-nev28146589n42">
<grate id="nev27913366n1-nev28152900n83">
<graphic id="nev27913366n1-nev28152900n84">
<href>0900c8af87bd79d#@#@#9#.jpeg</href>
</graphic>
<graphtext id="nev27913366n1-nev28152928n1">
<para id="nev27913366n1-nev28152900n81">
<ptxt id="nev27913366n1-nev28152900n82">Fold marked par#@#@#3#side.</ptxt>
</para>
</graphtext>
</grate>
</procstep>
<procstep id="nev27913366n1-nev28146589n37">
<grate id="nev27913366n1-nev28152900n79">
<graphic id="nev27913366n1-nev28152900n80">
<href>0900c8af87bd79d#@#@#9#.jpeg</href>
</graphic>
<graphtext id="nev27913366n1-nev28152932n1">
<para id="nev27913366n1-nev28152900n77">
<ptxt id="nev27913366n1-nev28152900n78">Remove the mark#@#@#3#part.</ptxt>
</para>
</graphtext>
</grate>
</procstep>
<procstep id="nev27913366n1-nev28146589n32">
<grate id="nev27913366n1-nev28152900n75">
<graphic id="nev27913366n1-nev28152900n76">
<href>0900c8af87b8cd4#@#@#9#.jpeg</href>
</graphic>
<graphtext id="nev27913366n1-nev28152936n1">
<para id="nev27913366n1-nev28152900n73">
<ptxt id="nev27913366n1-nev28152900n74">Remove the nut.</ptxt>
</para>
<para id="nev27913366n1-nev28152900n71">
<ptxt id="nev27913366n1-nev28152900n72">
<torque id="nev27913366n1-nev28146589n27">
<ref id="nev27913366n1-nev28136342n91"/>
</torque>
</ptxt>
</para>
</graphtext>
</grate>
</procstep>
<procstep id="nev27913366n1-nev28146589n24">
<grate id="nev27913366n1-nev28152900n69">
<graphic id="nev27913366n1-nev28152900n70">
<href>0900c8af87b8ce6#@#@#9#.jpeg</href>
</graphic>
<graphtext id="nev27913366n1-nev28152943n1">
<para id="nev27913366n1-nev28152900n67">
<ptxt id="nev27913366n1-nev28152900n68">Remove the screw.</ptxt>
</para>
<para id="nev27913366n1-nev28152900n63">
<ptxt id="nev27913366n1-nev28152900n65">
<torque id="nev27913366n1-nev28152900n66">
<ref id="nev27913366n1-nev28152900n64"/>
</torque>
</ptxt>
</para>
</graphtext>
</grate>
</procstep>
<procstep id="nev27913366n1-nev28146589n19">
<grate id="nev27913366n1-nev28152900n61">
<graphic id="nev27913366n1-nev28152900n62">
<href>0900c8af87b9535#@#@#9#.jpeg</href>
</graphic>
<graphtext id="nev27913366n1-nev28152950n1">
<para id="nev27913366n1-nev28152900n59">
<ptxt id="nev27913366n1-nev28152900n60">
<toolitem boilerplate="true" id="nev27913366n1-nev28146589n15" imageid="0900c8af85e5d53e"/>
</ptxt>
</para>
</graphtext>
</grate>
</procstep>
<procstep id="nev27913366n1-nev28146589n13">
<grate id="nev27913366n1-nev28152900n57">
<graphic id="nev27913366n1-nev28152900n58">
<href>0900c8af87b8ce6#@#@#9#.jpeg</href>
</graphic>
<graphtext id="nev27913366n1-nev28152957n1">
<caution id="nev27913366n1-nev28152900n56">
<ptxt>Make sure that #@#@#19#lled.</ptxt>
</caution>
<para id="nev27913366n1-nev28152900n54">
<ptxt id="nev27913366n1-nev28152900n55">Remove the screws.</ptxt>
</para>
<para id="nev27913366n1-nev28152900n52">
<ptxt id="nev27913366n1-nev28152900n53">Remove the mark#@#@#3#part.</ptxt>
</para>
<list1 enumtype="n" id="nev27913366n1-nev28152900n51" type="ordered">
<item id="nev27913366n1-nev28152900n50">
<ptxt id="nev27913366n1-nev28152900n48">
<torque id="nev27913366n1-nev28152900n49">
<ref id="nev27913366n1-nev28152900n47"/>
</torque>
</ptxt>
</item>
<item id="nev27913366n1-nev28152900n46">
<ptxt id="nev27913366n1-nev28152900n44">
<torque id="nev27913366n1-nev28152900n45">
<ref id="nev27913366n1-nev28152900n43"/>
</torque>
</ptxt>
</item>
</list1>
</graphtext>
</grate>
</procstep>
</stepgrp>
<stepgrp boilerplate="false" context="" id="nev27913366n1-nev28152900n42">
<title id="nev27913366n1-0800c8af844a46f9">Installation</title>
<procstep id="nev27913366n1-nev28146589n4">
<para id="nev27913366n1-nev28152900n40">
<ptxt id="nev27913366n1-nev28152900n41">To install, rev#@#@#22#dure.</ptxt>
</para>
</procstep>
<procstep id="nev27913366n1-nev28146589n1">
<para id="nev27913366n1-nev28152900n38">
<ptxt id="nev27913366n1-nev28152900n39">Ensure that the#@#@#31#tatus<xref boilerplate="true" id="nev27913366n1-0800c8af859a4fad">
<ref id="nev27913366n1-nev28037972n86"/>
</xref>
</ptxt>
</para>
</procstep>
</stepgrp>
</procedure>
</servinfosub>