<?xml version="1.0" encoding="UTF-8"?><servinfosub IE-ID="en-US0900c8af81bb5603" docno="VCC-054998" id="KC07761975" servinfosubId="nev20683287n1-nev20683287n2" servinfosubRes="0900c8af862b9301" servinfosubRes2="urn:x-nevis:fragment:0900c8af81bb5603:0900c8af862b9301#nev20683287n2" xml:lang="en-US">
<title>Interior</title>
<para>
<ptxt>Remove the tran#@#@#66#main.</ptxt>
<ptxt>Inspect the uph#@#@#14#mage.</ptxt>
</para>
<list1 enumtype="b" type="unordered">
<title>Inspect the fol#@#@#28#lean:</title>
<item>
<ptxt>Ashtrays</ptxt>
</item>
<item>
<ptxt>Door pockets</ptxt>
</item>
<item>
<ptxt>Center console</ptxt>
</item>
<item>
<ptxt>Seat pockets</ptxt>
</item>
<item>
<ptxt>Trunk compartment</ptxt>
</item>
</list1>
<para>
<ptxt>Vacuum the interior.</ptxt>
<ptxt>Wipe down all i#@#@#10#nels.</ptxt>
<ptxt>Clean the windo#@#@#13# out.</ptxt>
<ptxt>Remove battery #@#@#3#cker.</ptxt>
</para>
<note>
<ptxt>Detailing and f#@#@#96#ades.</ptxt>
</note>
</servinfosub>