<?xml version="1.0" encoding="UTF-8"?><script xmlns:nevis="http://www.volvocars.com/namespaces/processing" xmlns:xlink="http://www.w3.org/1999/xlink" IE-ID="en-US0900c8af827c4603" docno="VCC-236186" id="nev10123410n1" nevis:expl-profile="mdl644yr2003, mdl644yr2002, mdl645yr2002, mdl644yr2001, mdl644yr2004, mdl645yr2004, mdl645yr2003, mdl645yr2001" nevis:profile="urn:x-nevis:profile:0b00c8af802065af urn:x-nevis:profile:0b00c8af802065b3 urn:x-nevis:profile:0b00c8af802065b8 urn:x-nevis:profile:0b00c8af802065bf urn:x-nevis:profile:0b00c8af802065c5 urn:x-nevis:profile:0b00c8af802065ca urn:x-nevis:profile:0b00c8af802065cc urn:x-nevis:profile:0b00c8af802065e4" nevis:projectdocument="urn:x-nevis:projectdocument:0800c8af81d747c5" nevis:resource="0900c8af827c460c" nevis:resource2="urn:x-nevis:fragment:0900c8af827c4603:0900c8af827c460c#nev10123410n1" nevis:session-id="" qualifierinfotype="14:00" type="" xml:lang="en-US"><title>Read fueltrim</title><content gui="1" height="220" id="nev10123411n1-nev10123410n3" nevis:expl-profile="mdl644yr2003, mdl644yr2002, mdl645yr2002, mdl644yr2001, mdl644yr2004, mdl645yr2004, mdl645yr2003, mdl645yr2001" nevis:idfrom="nev10123411n1" nevis:prefix="nev10123411n1" nevis:profile="urn:x-nevis:profile:0b00c8af802065af urn:x-nevis:profile:0b00c8af802065b3 urn:x-nevis:profile:0b00c8af802065b8 urn:x-nevis:profile:0b00c8af802065bf urn:x-nevis:profile:0b00c8af802065c5 urn:x-nevis:profile:0b00c8af802065ca urn:x-nevis:profile:0b00c8af802065cc urn:x-nevis:profile:0b00c8af802065e4" nevis:resource="0900c8af827c460e" nevis:resource2="urn:x-nevis:fragment:0900c8af827c4603:0900c8af827c460e#nev10123410n3" width="535" xml:lang="en-US"><nodes id="nev10123411n1-nev10820966n1"><node class="Components.StartNode" id="nev10123411n1-nev10820967n1" nodeid="Start" x="17" y="58"/><node class="Components.ScriptComponent" id="nev10123411n1-nev10820968n1" nodeid="CloseScript" x="142" y="320"/><node class="Components.ScriptButton" id="nev10123411n1-nev10820969n1" nodeid="Hide" x="12" y="245"><gui height="30" id="nev10123411n1-nev10820970n1" width="110" x="415" y="180"/><property class="String" id="nev10123411n1-nev10820971n1" name="Text" type="In" value="" visible="0"/><property class="String" id="nev10123411n1-nev10820972n1" name="StartDisabled" type="Internal" value="false" visible="1"/><extension id="nev10123411n1-nev10820973n1"><phrase category="Faulttracing" id="nev10123411n1-nev10123484n1" phrase-urn="urn:x-nevis:phrase:0800c8af81b6b138">Hide</phrase></extension></node><node class="Components.Repeater" id="nev10123411n1-nev10820974n1" nodeid="Iterator" x="139" y="49"><property class="Int" id="nev10123411n1-nev10820975n1" name="Wait" type="Internal" value="500" visible="1"/></node><node class="Components.IdentifierComponent" id="nev10123411n1-nev10820976n1" nodeid="Read1" x="272" y="2"><property class="Parameter" id="nev10123411n1-nev10820977n1" name="Short term fuel trim, bank 1" type="Out" value="" visible="1"/><extension id="nev10123411n1-nev10820978n1"><identifier ecu="284101" ecuMode="EcuType" id="nev10123411n1-nev10820979n1" read="4" type="REID" value="0106"><parameter id="nev10123411n1-nev10820980n1" name="Short term fuel trim, bank 1" textid="53177"/></identifier></extension></node><node class="Components.IdentifierComponent" id="nev10123411n1-nev10820981n1" nodeid="Read2" x="274" y="153"><property class="Parameter" id="nev10123411n1-nev10820982n1" name="Long term fuel trim, bank 1" type="Out" value="" visible="1"/><extension id="nev10123411n1-nev10820983n1"><identifier ecu="284101" ecuMode="EcuType" id="nev10123411n1-nev10820984n1" read="4" type="REID" value="0107"><parameter id="nev10123411n1-nev10820985n1" name="Long term fuel trim, bank 1" textid="53178"/></identifier></extension></node><node class="Components.Gui.ParameterLabel" id="nev10123411n1-nev10820986n1" nodeid="Label1" x="394" y="29"><gui height="70" id="nev10123411n1-nev10820987n1" width="515" x="10" y="10"/><property class="Parameter" id="nev10123411n1-nev10820988n1" name="Parameter" type="In" value="" visible="1"/><property class="String" id="nev10123411n1-nev10820989n1" name="Title" type="In" value="" visible="1"/><property class="String" id="nev10123411n1-nev10820990n1" name="Value" type="In" value="" visible="1"/><property class="String" id="nev10123411n1-nev10820991n1" name="Unit" type="In" value="" visible="1"/></node><node class="Components.Gui.ParameterLabel" id="nev10123411n1-nev10820992n1" nodeid="Label2" x="398" y="192"><gui height="70" id="nev10123411n1-nev10820993n1" width="515" x="10" y="95"/><property class="Parameter" id="nev10123411n1-nev10820994n1" name="Parameter" type="In" value="" visible="1"/><property class="String" id="nev10123411n1-nev10820995n1" name="Title" type="In" value="" visible="1"/><property class="String" id="nev10123411n1-nev10820996n1" name="Value" type="In" value="" visible="1"/><property class="String" id="nev10123411n1-nev10820997n1" name="Unit" type="In" value="" visible="1"/></node><node class="Components.VehComm" id="nev10123411n1-nev10820998n1" nodeid="StopDiagnosticSession" x="141" y="178"><property class="String" id="nev10123411n1-nev10820999n1" name="Mode" type="Internal" value="EcuType" visible="1"/><property class="Int" id="nev10123411n1-nev10821000n1" name="EcuType" type="In" value="284101" visible="0"/><property class="Int" id="nev10123411n1-nev10821001n1" name="ServiceId" type="In" value="27" visible="0"/><property class="String" id="nev10123411n1-nev10821002n1" name="EcuName" type="Out" value="" visible="1"/><property class="Response" id="nev10123411n1-nev10821003n1" name="Result" type="Out" value="" visible="1"/><extension id="nev10123411n1-nev10821004n1"/></node></nodes><handlers id="nev10123411n1-nev10821005n1"><eventhandler id="nev10123411n1-nev10821006n1" name="OnStart" node="Start"><call id="nev10123411n1-nev10821007n1" method="UpdateTitles" node="Read1"/><call id="nev10123411n1-nev10821008n1" method="UpdateTitles" node="Read2"/><call id="nev10123411n1-nev10821009n1" method="Start" node="Iterator"/></eventhandler><eventhandler id="nev10123411n1-nev10821010n1" name="OnRepeat" node="Iterator"><call id="nev10123411n1-nev10821011n1" method="Read" node="Read1"/><call id="nev10123411n1-nev10821012n1" method="Read" node="Read2"/></eventhandler><eventhandler id="nev10123411n1-nev10821013n1" name="Click" node="Hide"><call id="nev10123411n1-nev10821014n1" method="Execute" node="StopDiagnosticSession"/><call id="nev10123411n1-nev10821015n1" method="CloseDialog" node="CloseScript"/></eventhandler><propertyhandler id="nev10123411n1-nev10821016n1" name="Short term fuel trim, bank 1" node="Read1"><set id="nev10123411n1-nev10821017n1" node="Label1" property="Parameter"/></propertyhandler><propertyhandler id="nev10123411n1-nev10821018n1" name="Long term fuel trim, bank 1" node="Read2"><set id="nev10123411n1-nev10821019n1" node="Label2" property="Parameter"/></propertyhandler></handlers></content></script>