<?xml version="1.0" encoding="UTF-8"?><servinfosub IE-ID="en-US0900c8af841f5603" docno="VCC-150383" id="KC02733121" xml:lang="en-US">
<title>
<phrase category="" id="KC07849665" phrase-urn="urn:x-nevis:phrase:0800c8af81c28955">Diagnostic trou#@#@#30#-2210</phrase>
</title>
<diagnostic j2008use="1" paperuse="1" screenuse="1" type="condition">
<condgrp>
<condition type="condition">
<grate>
<graphic id="KC07849666">
<href>0900c8af8005788#@#@#9#.jpeg</href>
</graphic>
<graphtext>
<ptxt>
<phrase category="" id="KC07849667" phrase-urn="urn:x-nevis:phrase:0800c8af81c28957">The engine cont#@#@#316#ese. </phrase>
</ptxt>
<ptxt>
<phrase category="" id="KC07849668" phrase-urn="urn:x-nevis:phrase:0800c8af81c28959">The diagnostic #@#@#98#6 V. </phrase>
</ptxt>
</graphtext>
</grate>
</condition>
</condgrp>
<condgrp>
<condition type="substitution">
<list1 enumtype="d" type="unordered">
<item>
<ptxt>
<phrase category="" id="KC07849669" phrase-urn="urn:x-nevis:phrase:0800c8af81c2895a">Rear heated oxy#@#@#33# off.</phrase>
</ptxt>
</item>
</list1>
</condition>
<ps>
<list1 enumtype="d" type="unordered">
<title>
<phrase category="" id="KC07849670" phrase-urn="urn:x-nevis:phrase:0800c8af81c2895b">Signal too low</phrase>
</title>
<item id="nev13326411n100">
<ptxt id="nev13326411n99">
<phrase category="Possible source" id="nev13326412n1" phrase-urn="urn:x-nevis:phrase:0800c8af81eabb70">Damaged fuse.</phrase>
</ptxt>
</item>
<item>
<ptxt>
<phrase category="" id="KC07849671" phrase-urn="urn:x-nevis:phrase:0800c8af81c2895c">Open-circuit in#@#@#11#cable</phrase>
</ptxt>
</item>
<item>
<ptxt>
<phrase category="" id="KC07849672" phrase-urn="urn:x-nevis:phrase:0800c8af81c2895e">Short-circuit t#@#@#22#cable</phrase>
</ptxt>
</item>
<item>
<ptxt>
<phrase category="" id="KC07849673" phrase-urn="urn:x-nevis:phrase:0800c8af81c28960">Damaged rear he#@#@#21#O2S).</phrase>
</ptxt>
</item>
</list1>
<list1 enumtype="d" type="unordered">
<title>
<phrase category="" id="KC07849674" phrase-urn="urn:x-nevis:phrase:0800c8af81c28965">Signal too high</phrase>
</title>
<item>
<ptxt>
<phrase category="" id="KC07849675" phrase-urn="urn:x-nevis:phrase:0800c8af81c28966">Short-circuit t#@#@#30#cable</phrase>
</ptxt>
</item>
<item>
<ptxt>
<phrase category="" id="KC07849676" phrase-urn="urn:x-nevis:phrase:0800c8af81c28968">Damaged rear he#@#@#21#O2S).</phrase>
</ptxt>
</item>
</list1>
<list1 enumtype="d" type="unordered">
<title>
<phrase category="" id="KC07849677" phrase-urn="urn:x-nevis:phrase:0800c8af81c2896a">Faulty signal</phrase>
</title>
<item>
<ptxt>
<phrase category="" id="KC07849678" phrase-urn="urn:x-nevis:phrase:0800c8af81c2896b">Contact resista#@#@#32#inals</phrase>
</ptxt>
</item>
<item>
<ptxt>
<phrase category="" id="KC07849679" phrase-urn="urn:x-nevis:phrase:0800c8af81c2896d">Damaged rear he#@#@#21#O2S).</phrase>
</ptxt>
</item>
</list1>
</ps>
</condgrp>
<condgrp>
<condition type="symptom">
<list1 enumtype="d" type="unordered">
<item>
<ptxt>
<phrase category="" id="KC07849680" phrase-urn="urn:x-nevis:phrase:0800c8af81c2896f">Malfunction ind#@#@#17# lit.</phrase>
</ptxt>
</item>
</list1>
</condition>
</condgrp>
</diagnostic>
</servinfosub>