<?xml version="1.0" encoding="UTF-8"?><servinfosub IE-ID="en-US0900c8af8049e300" docno="VCC-087229" id="KC01548415" xml:lang="en-US">
<title>
<phrase category="" id="KC07284462" phrase-urn="urn:x-nevis:phrase:0800c8af81aa574e">Fault-tracing i#@#@#6#tion </phrase>
</title>
<diagnostic j2008use="1" paperuse="1" screenuse="1" type="condition">
<condgrp>
<condition type="condition">
<grate>
<graphic id="KC07284463">
<href>0900c8af803f870#@#@#9#.jpeg</href>
</graphic>
<graphtext>
<list1 enumtype="d" type="unordered">
<item>
<ptxt>
<phrase category="" id="KC07284464" phrase-urn="urn:x-nevis:phrase:0800c8af81aa574f">No diagnostic t#@#@#23#red. </phrase>
</ptxt>
</item>
</list1>
<para>
<ptxt>
<phrase category="" id="KC07284465" phrase-urn="urn:x-nevis:phrase:0800c8af81aa5750">The control mod#@#@#142#low. </phrase>
</ptxt>
<ptxt>
<phrase category="" id="KC07284466" phrase-urn="urn:x-nevis:phrase:0800c8af81aa5751">If the voltage #@#@#148#off. </phrase>
</ptxt>
<ptxt>
<phrase category="" id="KC07284467" phrase-urn="urn:x-nevis:phrase:0800c8af81aa5752">The heater may #@#@#2#ain. </phrase>
</ptxt>
</para>
</graphtext>
</grate>
</condition>
</condgrp>
<condgrp>
<condition type="substitution">
<ptxt>
<phrase category="" id="KC07284468" phrase-urn="urn:x-nevis:phrase:0800c8af81aa5753">The additional #@#@#67#ion. </phrase>
</ptxt>
</condition>
<ps>
<list1 enumtype="d" type="unordered">
<item>
<ptxt>
<phrase category="" id="KC07284469" phrase-urn="urn:x-nevis:phrase:0800c8af81aa5754">Low system voltage. </phrase>
</ptxt>
</item>
<item>
<ptxt>
<phrase category="" id="KC07284470" phrase-urn="urn:x-nevis:phrase:0800c8af81aa5755">Poor battery. </phrase>
</ptxt>
</item>
<item>
<ptxt>
<phrase category="" id="KC07284471" phrase-urn="urn:x-nevis:phrase:0800c8af81aa5756">Contact resista#@#@#28#als. </phrase>
</ptxt>
</item>
</list1>
</ps>
</condgrp>
<condgrp>
<condition type="symptom">
<list1 enumtype="d" type="unordered">
<item>
<ptxt>
<phrase category="" id="KC07284472" phrase-urn="urn:x-nevis:phrase:0800c8af81aa5757">Poor heating in#@#@#23#ent. </phrase>
</ptxt>
</item>
</list1>
</condition>
</condgrp>
</diagnostic>
</servinfosub>