<?xml version="1.0" encoding="UTF-8"?><servinfosub IE-ID="en-US0900c8af84360300" docno="VCC-355327" id="nev13488496n1" xml:lang="en-US">
<title>
<phrase category="" id="nev13488496n2" phrase-urn="urn:x-nevis:phrase:0800c8af82714299">Signal too high</phrase>
</title>
<diagnostic j2008use="1" layout="0" paperuse="1" screenuse="1" type="test">
<testgrp IE-ID="en-US0900c8af84360300_nev13488496n3" id="nev13488496n3" j2008use="1" paperuse="1" resumable="1" screenuse="1" testgrp-id="node1" x="80" y="80">
<title>
<phrase category="" id="nev13488496n4" phrase-urn="urn:x-nevis:phrase:0800c8af8271429a">Checking the co#@#@#13#iring</phrase>
</title>
<node>
<test1>
<test2>
<para id="nev13488500n98">
<ptxt id="nev13488500n97">
<phrase category="Faulttracing" id="nev13488502n1" phrase-urn="urn:x-nevis:phrase:0800c8af81eab403">Check signal ca#@#@#55#tage.</phrase>
</ptxt>
</para>
<para id="nev13488500n95">
<ptxt id="nev13488500n94">
<phrase category="Faulttracing" id="nev13488503n1" phrase-urn="urn:x-nevis:phrase:0800c8af82264ef0">Take readings b#@#@#2#ween:</phrase>
</ptxt>
</para>
<list1 id="nev13488500n92">
<item id="nev13488500n91">
<ptxt id="nev13488500n90">
<phrase category="Faulttracing" id="nev13488504n1" phrase-urn="urn:x-nevis:phrase:0800c8af8436030f">Engine control #@#@#64#l #2.</phrase>
</ptxt>
</item>
</list1>
<para>
<ptxt>
<phrase category="" id="nev13488496n6" phrase-urn="urn:x-nevis:phrase:0800c8af8271429c">Check the power#@#@#102#cuit.</phrase>
</ptxt>
</para>
<para>
<ptxt>
<phrase category="" id="nev13488496n7" phrase-urn="urn:x-nevis:phrase:0800c8af8271429d">Remedy as necessary.</phrase>
</ptxt>
</para>
<list1 enumtype="d" type="unordered">
<title>
<phrase category="" id="nev13488496n8" phrase-urn="urn:x-nevis:phrase:0800c8af8271429e">Other information</phrase>
</title>
<item>
<ptxt>
<phrase category="" id="nev13488496n9" phrase-urn="urn:x-nevis:phrase:0800c8af8271429f">
<xref>
<ref id="KC09530850"/>
</xref>
</phrase>
</ptxt>
</item>
<item>
<ptxt>
<xref id="nev13488500n100">
<ref id="l1202740601749"/>
</xref>
</ptxt>
</item>
<item>
<ptxt>
<phrase category="" id="nev13488497n3" phrase-urn="urn:x-nevis:phrase:0800c8af827142a1">For further inf#@#@#55#gram </phrase>
</ptxt>
</item>
<item>
<ptxt>
<phrase category="" id="nev13488497n4" phrase-urn="urn:x-nevis:phrase:0800c8af827142a2">
<xref>
<ref id="KC09530855"/>
</xref>
</phrase>
</ptxt>
</item>
</list1>
<diaglist>
<dgraphic>
<dgraphic1>
<graphic id="nev13488497n6">
<href>0900c8af807311b#@#@#9#.jpeg</href>
</graphic>
</dgraphic1>
</dgraphic>
</diaglist>
<grate>
<graphic id="nev13488497n7">
<href>0900c8af8012806#@#@#9#.jpeg</href>
</graphic>
</grate>
</test2>
</test1>
<question>
Select Continue.
</question>
<resact-grp>
<result button="cont" comp="button" highlight="0"/>
<action j2008use="1" paperuse="1" screenuse="1">
<ptxt>
<xref>
<ref id="nev13488497n9"/>
</xref>
</ptxt>
</action>
</resact-grp>
</node>
</testgrp>
<testgrp id="nev13488497n10" j2008use="1" paperuse="1" resumable="1" screenuse="1" testgrp-id="ecm-ver1" x="80" y="220">
<title>
<phrase category="" id="nev13488498n1" phrase-urn="urn:x-nevis:phrase:0800c8af827142a4">Verification</phrase>
</title>
<subcalloutnode>
<diagcallout>
<xref>
<ref id="nev13488498n2"/>
</xref>
</diagcallout>
<rescall-grp>
<result comp="string" highlight="0" op="eq" return="VERIFICATION FAILED"/>
<calloutaction>
<ptxt>
<xref>
<ref id="nev13488498n3"/>
</xref>
</ptxt>
</calloutaction>
</rescall-grp>
<rescall-grp>
<result comp="string" highlight="0" op="eq" return="VERIFIED"/>
<calloutaction>
<return value="FAULT FOUND"/>
</calloutaction>
</rescall-grp>
</subcalloutnode>
</testgrp>
<testgrp id="nev13488498n4" j2008use="1" paperuse="1" resumable="1" screenuse="1" testgrp-id="info1" x="80" y="380">
<title>
<phrase category="" id="nev13488498n5" phrase-urn="urn:x-nevis:phrase:0800c8af827142a5">Fault-tracing i#@#@#5#ation</phrase>
</title>
<subcalloutnode>
<diagcallout>
<xref>
<ref id="nev13488498n6"/>
</xref>
</diagcallout>
<rescall-grp>
<result comp="string" highlight="0" op="eq" return="FAULTTRACING FAILED"/>
<calloutaction>
<return value="FAULTTRACING FAILED"/>
</calloutaction>
</rescall-grp>
<rescall-grp>
<result comp="string" highlight="0" op="eq" return="NEW TRY"/>
<calloutaction>
<ptxt>
<xref>
<ref id="nev13488498n7"/>
</xref>
</ptxt>
</calloutaction>
</rescall-grp>
</subcalloutnode>
</testgrp>
</diagnostic>
</servinfosub>