<?xml version="1.0" encoding="UTF-8"?><servinfosub IE-ID="en-US0800c8af80a2e906" docno="T9995232" id="ST-0800c8af80a2e906" xml:lang="en-US">
<title>999 5232 SEALIN#@#@#3#OOLS </title>
<grate>
<graphic id="0900c8af8005d95b"/>
<graphtext>
<deflist>
<defitem>
<term>Tool number:</term>
<def>999 5232-7</def>
</defitem>
<defitem>
<term>Tool description:</term>
<def>SEALING TOOLS (#@#@#17#F -81</def>
</defitem>
<defitem>
<term>Tool board:</term>
<def/>
</defitem>
</deflist>
</graphtext>
</grate>
</servinfosub>