<?xml version="1.0" encoding="UTF-8"?><servinfosub IE-ID="en-US0900c8af800d0906" docno="VCC-140254" id="KC01335777" xml:lang="en-US">
<title>
<phrase category="" id="KC07839020" phrase-urn="urn:x-nevis:phrase:0800c8af81bdc445">Internal fault</phrase>
</title>
<diagnostic j2008use="1" paperuse="1" screenuse="1" type="test">
<testgrp IE-ID="en-US0900c8af800d0906_KC01335789" id="KC01335789" j2008use="1" paperuse="1" resumable="1" screenuse="1" testgrp-id="node1" x="120" y="80">
<title>
<phrase category="" id="KC07839021" phrase-urn="urn:x-nevis:phrase:0800c8af81bdc446">Replacing the p#@#@#12#(PHM)</phrase>
</title>
<node>
<test1>
<test2>
<para>
<ptxt>
<phrase category="" id="KC07839022" phrase-urn="urn:x-nevis:phrase:0800c8af81bdc447">The phone modul#@#@#36#ault.</phrase>
</ptxt>
</para>
<para>
<ptxt>
<phrase category="" id="KC07839023" phrase-urn="urn:x-nevis:phrase:0800c8af81bdc448">Replace the pho#@#@#16# See <xref>
<ref id="KC07839024"/>
</xref>. </phrase>
</ptxt>
</para>
<para>
<ptxt>
<phrase category="" id="KC07839025" phrase-urn="urn:x-nevis:phrase:0800c8af81bdc449">Remedy as necessary.</phrase>
</ptxt>
</para>
<grate>
<graphic id="KC07839026">
<href>0900c8af80056a3#@#@#9#.jpeg</href>
</graphic>
</grate>
</test2>
</test1>
<question>Select Continue.</question>
<resact-grp>
<result button="cont" comp="button" highlight="0"/>
<action j2008use="1" paperuse="1" screenuse="1">
<return value="FAULT FOUND"/>
</action>
</resact-grp>
</node>
</testgrp>
</diagnostic>
</servinfosub>