<?xml version="1.0" encoding="UTF-8"?><servinfosub IE-ID="en-US0900c8af800c1906" docno="VCC-034512" id="KC01120590" xml:lang="en-US">
<title>Cable terminals#@#@#12#types</title>
<procedure opcode="1234" opnbr="1234">
<stepgrp>
<procstep>
<title/>
<warning>
<ptxt>
<emph etype="bold">SRS</emph>
</ptxt>
<ptxt>No cable repair#@#@#141#ual. </ptxt>
</warning>
<ptxt>The part number#@#@#225#rned.</ptxt>
</procstep>
<procstep>
<title>Cable terminals#@#@#41#roups</title>
<ptxt>There are many #@#@#130# etc.</ptxt>
</procstep>
<procstep>
<title>Moisture proof #@#@#10#inals</title>
<grate>
<graphic id="KC03290853" width="column">
<href>0900c8af80054e6#@#@#9#.jpeg</href>
</graphic>
<graphtext>
<ptxt>Moisture proof #@#@#55#tion.</ptxt>
<list1 enumtype="b" type="unordered">
<item>
<ptxt>Moisture proof #@#@#81#ings.</ptxt>
</item>
</list1>
<ptxt>Note that these#@#@#117#able.</ptxt>
</graphtext>
</grate>
</procstep>
<procstep>
<title>Ring cable term#@#@#27#inal)</title>
<grate>
<graphic id="KC03290854" width="column">
<href>0900c8af80054e7#@#@#9#.jpeg</href>
</graphic>
<graphic id="KC03290855" width="column">
<href>0900c8af80054fb#@#@#9#.jpeg</href>
</graphic>
<graphtext>
<list1 type="unordered">
<title>Cable terminals#@#@#72#nts: </title>
<item>
<ptxt>Insulated and u#@#@#6#ated </ptxt>
</item>
<item>
<ptxt>Closed crimping#@#@#36#tion.</ptxt>
</item>
</list1>
<list1 enumtype="b" type="unordered">
<item>
<ptxt>Ring cable term#@#@#60#o M16</ptxt>
</item>
</list1>
</graphtext>
</grate>
</procstep>
<procstep>
<title>Receptacle terminals</title>
<grate>
<graphic id="KC03290856" width="column">
<href>0900c8af80054e7#@#@#9#.jpeg</href>
</graphic>
<graphtext>
<list1 type="unordered">
<title>Receptacle term#@#@#37#ants:</title>
<item>
<ptxt>With locking ta#@#@#21# tab.</ptxt>
</item>
<item>
<ptxt>With dimpling a#@#@#15#ling.</ptxt>
</item>
<item>
<ptxt>In sizes 2.8, 4#@#@#13#d 9.5</ptxt>
</item>
</list1>
<list1 enumtype="b" type="unordered">
<item>
<ptxt>The most common#@#@#17#d 6.3</ptxt>
</item>
</list1>
</graphtext>
</grate>
</procstep>
<procstep>
<title>Tab</title>
<grate>
<graphic id="KC03290857" width="column">
<href>0900c8af80054e7#@#@#9#.jpeg</href>
</graphic>
<graphtext>
<list1 type="unordered">
<title>Tab terminals a#@#@#30#ants:</title>
<item>
<ptxt>With locking ta#@#@#21# tab.</ptxt>
</item>
<item>
<ptxt>In sizes 2.8, 6#@#@#5#d 9.5</ptxt>
</item>
</list1>
<list1 enumtype="b" type="unordered">
<item>
<ptxt>The most common#@#@#17#d 6.3</ptxt>
</item>
</list1>
</graphtext>
</grate>
</procstep>
<procstep>
<title>Tab sws (Single#@#@#6#Seal)</title>
<grate>
<graphic id="KC03290858" width="column">
<href>0900c8af80054e8#@#@#9#.jpeg</href>
</graphic>
<graphtext>
<list1 type="unordered">
<item>
<ptxt>
<emph etype="bold">sws</emph> designation me#@#@#53#ings.</ptxt>
</item>
</list1>
<list1 enumtype="b" type="unordered">
<item>
<ptxt>Tab sws is avai#@#@#12#e 2.8</ptxt>
</item>
</list1>
</graphtext>
</grate>
</procstep>
<procstep>
<title>Tab steel sws</title>
<grate>
<graphic id="KC03290859" width="column">
<href>0900c8af80054e8#@#@#9#.jpeg</href>
</graphic>
<graphtext>
<list1 type="unordered">
<item>
<ptxt>
<emph etype="bold">steel</emph> The "steel" de#@#@#80#ring.</ptxt>
</item>
<item>
<ptxt>
<emph etype="bold">sws</emph> The "sws" desi#@#@#58#ings.</ptxt>
</item>
</list1>
<list1 enumtype="b" type="unordered">
<item>
<ptxt>Tab steel sws i#@#@#18#e 2.8</ptxt>
</item>
</list1>
</graphtext>
</grate>
</procstep>
<procstep>
<title>Timer</title>
<grate>
<graphic id="KC03290860" width="column">
<href>0900c8af80054f5#@#@#9#.jpeg</href>
</graphic>
<graphtext>
<ptxt>Timer is a sock#@#@#95#ings.</ptxt>
<list1 type="unordered">
<item>
<ptxt>Timer terminals#@#@#43#tabs.</ptxt>
</item>
</list1>
<list1 enumtype="b" type="ordered">
<item>
<ptxt>Timer are avail#@#@#25#d 6.3</ptxt>
</item>
</list1>
</graphtext>
</grate>
<grate>
<graphic id="KC03290861" width="column">
<href>0900c8af80054e8#@#@#9#.jpeg</href>
</graphic>
<graphtext>
<ptxt>1.6 Timer are a#@#@#19#imer.</ptxt>
<ptxt>2.8 Timer are a#@#@#18#imer.</ptxt>
<ptxt>6.3 Timer are a#@#@#21#imer.</ptxt>
</graphtext>
</grate>
</procstep>
<procstep>
<title>2.8 Timer sws</title>
<grate>
<graphic id="KC03290862" width="column">
<href>0900c8af80054e8#@#@#9#.jpeg</href>
</graphic>
<graphtext>
<ptxt>Timer is a sock#@#@#95#ings.</ptxt>
<list1 type="unordered">
<item>
<ptxt>
<emph etype="bold">sws</emph> The sws design#@#@#56#ings.</ptxt>
</item>
</list1>
</graphtext>
</grate>
</procstep>
<procstep>
<title>0.64 Socket</title>
<grate>
<graphic id="KC03290863" width="column">
<href>0900c8af80054f5#@#@#9#.jpeg</href>
</graphic>
<graphtext>
<list1 type="unordered">
<title>Cable terminal #@#@#28#iant:</title>
<item>
<ptxt>With 2 locking #@#@#17# side</ptxt>
</item>
<item>
<ptxt>Only 0.64 socke#@#@#79#ents.</ptxt>
</item>
</list1>
</graphtext>
</grate>
</procstep>
<procstep>
<title>Pin terminals</title>
<grate>
<graphic id="KC03290864" width="column">
<href>0900c8af8005501#@#@#9#.jpeg</href>
</graphic>
<graphic id="KC03290865" width="column">
<href>0900c8af8005501#@#@#9#.jpeg</href>
</graphic>
<graphic id="KC03290866" width="column">
<href>0900c8af8005501#@#@#9#.jpeg</href>
</graphic>
<graphtext>
<list1 type="unordered">
<title>Pin terminals a#@#@#33#nts: </title>
<item>
<ptxt>Without locking#@#@#43# tab.</ptxt>
</item>
<item>
<ptxt>In sizes 1.6, 2#@#@#77#left)</ptxt>
</item>
</list1>
<list1 enumtype="b" type="unordered">
<item>
<ptxt>The most common#@#@#17#d 3.5</ptxt>
</item>
</list1>
</graphtext>
</grate>
</procstep>
<procstep>
<title>Socket terminals</title>
<grate>
<graphic id="KC03290867" width="column">
<href>0900c8af8005501#@#@#9#.jpeg</href>
</graphic>
<graphic id="KC03290868" width="column">
<href>0900c8af8005501#@#@#9#.jpeg</href>
</graphic>
<graphic id="KC03290869" width="column">
<href>0900c8af8005502#@#@#9#.jpeg</href>
</graphic>
<graphtext>
<list1 type="unordered">
<title>Socket terminal#@#@#35#ants:</title>
<item>
<ptxt>Without locking#@#@#43# tab.</ptxt>
</item>
<item>
<ptxt>In sizes 1.6, 2#@#@#80#left)</ptxt>
</item>
</list1>
<list1 enumtype="b" type="unordered">
<item>
<ptxt>The most common#@#@#17#d 3.5</ptxt>
</item>
</list1>
</graphtext>
</grate>
</procstep>
</stepgrp>
</procedure>
</servinfosub>