<?xml version="1.0" encoding="UTF-8"?><diagnostic IE-ID="en-US0900c8af803f4906" docno="VCC-087984" id="KC01502220" type="test" xml:lang="en-US">
<title>
<phrase category="" id="KC07709340" phrase-urn="urn:x-nevis:phrase:0800c8af81bab46e">Verification</phrase>
</title>
<testgrp IE-ID="en-US0900c8af803f4906_KC01502221" id="KC01502221" j2008use="1" paperuse="1" resumable="1" screenuse="1" testgrp-id="verifnode" x="360" y="320">
<title>
<phrase category="" id="KC07709341" phrase-urn="urn:x-nevis:phrase:0800c8af81bab46f">Verification</phrase>
</title>
<node>
<test1>
<hint>
<ptxt>
<phrase category="" id="KC07709342" phrase-urn="urn:x-nevis:phrase:0800c8af81bab470">After carrying #@#@#51#ied. </phrase>
</ptxt>
</hint>
<diaglist>
<dgraphic>
<dgraphic1>
<graphic id="KC07709343">
<href>0900c8af80054d3#@#@#9#.jpeg</href>
</graphic>
</dgraphic1>
<dgraphic2>
<graphic id="KC07709344">
<href>0900c8af80054d7#@#@#9#.jpeg</href>
</graphic>
</dgraphic2>
</dgraphic>
<ditem>
<ptxt>
<phrase category="" id="KC07709345" phrase-urn="urn:x-nevis:phrase:0800c8af81bab471">Ignition off</phrase>
</ptxt>
</ditem>
<ditem>
<ptxt>
<phrase category="" id="KC07709346" phrase-urn="urn:x-nevis:phrase:0800c8af81bab472">Reconnect conne#@#@#22#nents</phrase>
</ptxt>
</ditem>
<ditem>
<ptxt>
<phrase category="" id="KC07709347" phrase-urn="urn:x-nevis:phrase:0800c8af81bab473">Operate starter#@#@#2#otor.</phrase>
</ptxt>
</ditem>
</diaglist>
<test2>
<para>
<ptxt>
<phrase category="" id="KC07709348" phrase-urn="urn:x-nevis:phrase:0800c8af81bab474">Read off engine#@#@#8#RPM).</phrase>
</ptxt>
</para>
<para>
<ptxt>
<phrase category="" id="KC07709349" phrase-urn="urn:x-nevis:phrase:0800c8af81bab475">Engine speed (R#@#@#73#otor.</phrase>
</ptxt>
</para>
<para>
<ptxt>
<phrase category="" id="KC07709350" phrase-urn="urn:x-nevis:phrase:0800c8af81bab476"/>
</ptxt>
<ptxt>
<phrase category="" id="KC07709351" phrase-urn="urn:x-nevis:phrase:0800c8af81bab477">If the engine s#@#@#40# rpm.</phrase>
</ptxt>
</para>
<diaglist>
<dgraphic>
<dgraphic2>
<graphic id="KC07709352">
<href>0900c8af8005433#@#@#9#.jpeg</href>
</graphic>
<smarttool active="press" id="KC07709353" toolname="EF13A505"/>
</dgraphic2>
</dgraphic>
<ditem>
<ditemtext>
<ptxt>
<phrase category="" id="KC07709354" phrase-urn="urn:x-nevis:phrase:0800c8af81bab478"/>
</ptxt>
</ditemtext>
</ditem>
<ditem>
<ditemtext>
<ptxt>
<phrase category="" id="KC07709355" phrase-urn="urn:x-nevis:phrase:0800c8af81bab479"/>
</ptxt>
</ditemtext>
</ditem>
</diaglist>
</test2>
</test1>
<question>Is the value OK?</question>
<resact-grp>
<result button="ok" comp="button" highlight="0"/>
<action j2008use="1" paperuse="1" screenuse="1">
<return value="VERIFIED"/>
</action>
</resact-grp>
<resact-grp>
<result button="notok" comp="button" highlight="0"/>
<action j2008use="1" paperuse="0" screenuse="1">
<return value="VERIFICATION FAILED"/>
</action>
<action j2008use="0" paperuse="1" screenuse="0">
<return value="PAPER"/>
</action>
</resact-grp>
</node>
</testgrp>
</diagnostic>