<?xml version="1.0" encoding="UTF-8"?><servinfosub IE-ID="en-US0900c8af864c5906" docno="VCC-294473" id="nev11904388n1" xml:lang="en-US">
<title id="nev11904388n2">Sealing ring, d#@#@#16# left</title>
<procedure id="nev11904388n4">
<stepgrp boilerplate="true" context="removal" id="nev11904388n5">
<procstep id="nev11904388n6" toc-include="yes">
<title id="nev11904388n7"/>
<para id="nev11904388n8">
<ptxt id="nev11904388n9">Remove the left#@#@#9#aft. <xref boilerplate="true" id="nev11904388n10">
<ref id="nev11904389n1"/>
</xref>
</ptxt>
</para>
</procstep>
<procstep id="nev11904389n2" toc-include="yes">
<title id="nev11904389n3"/>
<grate id="nev11904389n4">
<graphic id="nev11904389n5">
<href>0900c8af8362c23#@#@#9#.jpeg</href>
</graphic>
</grate>
</procstep>
</stepgrp>
<stepgrp boilerplate="true" context="installation" id="nev11904389n6">
<procstep id="nev11904389n7" toc-include="yes">
<title id="nev11904389n8"/>
<grate id="nev11904389n9">
<graphic id="nev11904389n10">
<href>0900c8af8362c25#@#@#9#.jpeg</href>
</graphic>
<graphtext id="nev11904390n1">
<para id="nev11904390n2">
<ptxt id="nev11904390n3">
<toolitem boilerplate="true" id="nev11904390n4" imageid="0900c8af800548b1"/>
</ptxt>
</para>
</graphtext>
</grate>
</procstep>
<procstep id="nev11904390n5" toc-include="yes">
<title id="nev11904390n6"/>
<grate id="nev11904390n7">
<graphic id="nev11904390n8">
<href>0900c8af8362c25#@#@#9#.jpeg</href>
</graphic>
<graphtext id="nev11904390n9">
<para id="nev21295028n232">
<ptxt id="nev21295028n231">
<toolitem boilerplate="true" id="nev21295028n227" imageid="0900c8af83df154e"/>
</ptxt>
</para>
</graphtext>
</grate>
</procstep>
<procstep id="nev11904391n3" toc-include="yes">
<title id="nev11904391n4"/>
<para id="nev11904391n5">
<ptxt id="nev11904391n6">Install the lef#@#@#10#aft. <xref boilerplate="true" id="nev11904391n7">
<ref id="nev11904391n8"/>
</xref>
</ptxt>
</para>
</procstep>
</stepgrp>
</procedure>
</servinfosub>