<?xml version="1.0" encoding="UTF-8"?><servinfosub IE-ID="en-US0900c8af8068d413" docno="VCC-083877" id="KC02056357" xml:lang="en-US">
<title>
<phrase category="" id="KC08564074" phrase-urn="urn:x-nevis:phrase:0800c8af81de08f0">Checking misali#@#@#49#lley </phrase>
</title>
<diagnostic type="test">
<testgrp IE-ID="en-US0900c8af8068d413_KC02305603" id="KC02305603" j2008use="1" paperuse="1" resumable="1" screenuse="1" testgrp-id="c1" x="280" y="160">
<title>
<phrase category="" id="KC08564075" phrase-urn="urn:x-nevis:phrase:0800c8af81de08f1">Twitter</phrase>
</title>
<node>
<test1>
<diaglist>
<dgraphic>
<dgraphic1>
<graphic id="KC08564076">
<href>0900c8af80054d3#@#@#9#.jpeg</href>
</graphic>
</dgraphic1>
<dgraphic2>
<graphic id="KC08564077">
<href>0900c8af8012012#@#@#9#.jpeg</href>
</graphic>
</dgraphic2>
</dgraphic>
<ditem>
<ptxt>
<phrase category="" id="KC08564078" phrase-urn="urn:x-nevis:phrase:0800c8af81de08f2">Use of stethosc#@#@#45#ise. </phrase>
</ptxt>
</ditem>
<ditem>
<ptxt>
<phrase category="" id="KC08564079" phrase-urn="urn:x-nevis:phrase:0800c8af81de08f3">Let the engine idle.</phrase>
</ptxt>
</ditem>
</diaglist>
<test2>
<ptxt>
<phrase category="" id="KC08564080" phrase-urn="urn:x-nevis:phrase:0800c8af81de08f4">A twittering no#@#@#102#lley.</phrase>
</ptxt>
<warning>
<ptxt>
<phrase category="" id="KC08564081" phrase-urn="urn:x-nevis:phrase:0800c8af81de08f5">Keep the tube o#@#@#126#jury.</phrase>
</ptxt>
</warning>
<diaglist>
<ditem>
<ptxt>
<phrase category="" id="KC08564082" phrase-urn="urn:x-nevis:phrase:0800c8af81de08f6">Listen with ste#@#@#55#lley.</phrase>
</ptxt>
</ditem>
<ditem>
<ptxt>
<phrase category="" id="KC08564083" phrase-urn="urn:x-nevis:phrase:0800c8af81de08f7">Check that the #@#@#49#end. </phrase>
</ptxt>
</ditem>
</diaglist>
<grate>
<graphic id="KC08564084" width="column">
<href>0900c8af8012013#@#@#9#.jpeg</href>
</graphic>
</grate>
</test2>
</test1>
<question>Is the power st#@#@#46# end?</question>
<resact-grp>
<result button="yes" comp="button" highlight="0"/>
<action j2008use="1" paperuse="1" screenuse="1">
<ptxt>
<xref>
<ref id="KC08564085"/>
</xref>
</ptxt>
</action>
</resact-grp>
<resact-grp>
<result button="no" comp="button" highlight="0"/>
<action j2008use="1" paperuse="1" screenuse="1">
<ptxt>
<xref>
<ref id="KC08564086"/>
</xref>
</ptxt>
</action>
</resact-grp>
</node>
</testgrp>
<testgrp id="KC02305604" j2008use="1" paperuse="1" resumable="1" screenuse="1" testgrp-id="c2" x="280" y="320">
<title>
<phrase category="" id="KC08564087" phrase-urn="urn:x-nevis:phrase:0800c8af81de08e9">Checking belt a#@#@#19#ioner</phrase>
</title>
<node>
<test1>
<test2>
<ptxt>
<phrase category="" id="KC08564088" phrase-urn="urn:x-nevis:phrase:0800c8af81de08ea">Check the belt #@#@#135#rmal.</phrase>
</ptxt>
<grate>
<graphic id="KC08564089" width="column">
<href>0900c8af8012012#@#@#9#.jpeg</href>
</graphic>
</grate>
</test2>
</test1>
<question>Are the pulley #@#@#37#mal?
</question>
<resact-grp>
<result button="yes" comp="button" highlight="0"/>
<action j2008use="1" paperuse="1" screenuse="1">
<ptxt>
<xref>
<ref id="KC08564090"/>
</xref>
</ptxt>
</action>
</resact-grp>
<resact-grp>
<result button="no" comp="button" highlight="0"/>
<action j2008use="1" paperuse="1" screenuse="1">
<return value="FAULT NOT FOUND"/>
</action>
</resact-grp>
</node>
</testgrp>
<testgrp id="KC02305605" j2008use="1" paperuse="1" resumable="1" screenuse="1" testgrp-id="c3" x="520" y="160">
<title>
<phrase category="" id="KC08564091" phrase-urn="urn:x-nevis:phrase:0800c8af81de08eb">Adjusting component</phrase>
</title>
<node>
<test1>
<test2>
<ptxt>
<phrase category="" id="KC08564092" phrase-urn="urn:x-nevis:phrase:0800c8af81de08ec">Press the power#@#@#62#g to <xref>
<ref id="KC08564093"/>
</xref>.</phrase>
</ptxt>
</test2>
</test1>
<question>Select "Continue".</question>
<resact-grp>
<result button="cont" comp="button" highlight="0"/>
<action j2008use="1" paperuse="1" screenuse="1">
<ptxt>
<xref>
<ref id="KC08564094"/>
</xref>
</ptxt>
</action>
</resact-grp>
</node>
</testgrp>
<testgrp id="KC02305606" j2008use="1" paperuse="1" resumable="1" screenuse="1" testgrp-id="c4" x="520" y="320">
<title>
<phrase category="" id="KC08564095" phrase-urn="urn:x-nevis:phrase:0800c8af81de08ed">Replacing component</phrase>
</title>
<node>
<test1>
<test2>
<ptxt>
<phrase category="" id="KC08564096" phrase-urn="urn:x-nevis:phrase:0800c8af81de08ee">Replace the pul#@#@#29#sive.</phrase>
</ptxt>
<ptxt>
<phrase category="" id="KC08564097" phrase-urn="urn:x-nevis:phrase:0800c8af81de08ef">Replace all com#@#@#89#sive.</phrase>
</ptxt>
</test2>
</test1>
<question>Select "Continue".</question>
<resact-grp>
<result button="cont" comp="button" highlight="0"/>
<action j2008use="1" paperuse="1" screenuse="1">
<return value="FAULT FOUND"/>
</action>
</resact-grp>
</node>
</testgrp>
</diagnostic>
</servinfosub>