<?xml version="1.0" encoding="UTF-8"?><servinfosub IE-ID="en-US0900c8af834c9413" docno="VCC-286480" id="nev11440128n1" xml:lang="en-US">
<title id="nev11440130n250">Airbag driver's#@#@#15#place</title>
<procedure id="nev11440130n248">
<note id="nev11440130n246">
<ptxt id="nev11440130n244">The illustratio#@#@#176#rect.</ptxt>
</note>
<stepgrp id="nev11440128n2">
<title id="nev11440130n242">Preparatory work</title>
<procstep id="nev11440128n3">
<title id="nev11440130n240">Removing the ba#@#@#31#ation</title>
<grate id="nev11440130n238">
<graphic id="nev11440128n4">
<href>0900c8af8005714#@#@#11#.jpeg</href>
</graphic>
<graphtext id="nev11440130n233">
<para id="nev11440130n231">
<ptxt id="nev11440130n229">Ignition off.</ptxt>
<ptxt id="nev11440130n227">Disconnect the #@#@#24#See: <xref id="nev11440130n225">
<ref id="nev11440128n5"/>
</xref>. </ptxt>
</para>
<warning id="nev11440130n220">
<ptxt id="nev11440130n218">For information#@#@#65#see: <xref id="nev11440130n216">
<ref id="nev11440128n6"/>
</xref>.</ptxt>
</warning>
<note id="nev11440130n211">
<ptxt id="nev11440130n209">Replace the dec#@#@#30#See: <xref id="nev11440130n207">
<ref id="nev11440128n7"/>
</xref> (North America#@#@#1# or: <xref id="nev11440130n202">
<ref id="nev11440128n8"/>
</xref>(rest of the wo#@#@#1#ld). </ptxt>
</note>
<warning id="nev11440130n197">
<ptxt id="nev11440130n195">Under no circum#@#@#185#ying.</ptxt>
</warning>
<warning id="nev11440130n193">
<ptxt id="nev11440130n191">Pyrotechnical S#@#@#79#icle.</ptxt>
</warning>
</graphtext>
</grate>
</procstep>
</stepgrp>
<stepgrp id="nev11440128n9">
<title id="nev11440130n189">Removal</title>
<procstep id="nev11440128n10">
<title id="nev11440130n187">Removing driver#@#@#10#(SRS)</title>
<grate id="nev11440130n185">
<graphic id="nev11440129n1">
<href>0900c8af8005bb1#@#@#11#.jpeg</href>
</graphic>
<graphtext id="nev11440130n180">
<para id="nev11440130n178">
<ptxt id="nev11440130n176">Ignition in pos#@#@#4#n II.</ptxt>
<ptxt id="nev11440130n174">Turn the steeri#@#@#84#ible.</ptxt>
</para>
</graphtext>
</grate>
<grate id="nev11440130n172">
<graphic id="nev11440129n2">
<href>0900c8af8005bb2#@#@#11#.jpeg</href>
</graphic>
<graphtext id="nev11440130n167">
<para id="nev11440130n165">
<ptxt id="nev11440130n163">Insert a screwd#@#@#135#heel.</ptxt>
<ptxt id="nev11440130n161">Place the screw#@#@#58#ated.</ptxt>
<ptxt id="nev11440130n159">Pry the screwdr#@#@#131#ases.</ptxt>
<ptxt id="nev11440130n157">Turn the steeri#@#@#77#side.</ptxt>
<ptxt id="nev11440130n155">Turn the steeri#@#@#28#tion.</ptxt>
<ptxt id="nev11440130n153">Fold out the airbag.</ptxt>
</para>
</graphtext>
</grate>
<grate id="nev11440130n151">
<graphic id="nev11440129n3">
<href>0900c8af8005d35#@#@#11#.jpeg</href>
</graphic>
<graphtext id="nev11440130n146">
<para id="nev11440130n144">
<ptxt id="nev11440130n142">Disconnect the #@#@#83#rbag.</ptxt>
<ptxt id="nev11440130n140">Remove the airbag.</ptxt>
</para>
</graphtext>
</grate>
</procstep>
</stepgrp>
<stepgrp id="nev11440131n82">
<title id="nev11440132n163">Adjustment</title>
<procstep id="nev11440131n81">
<title id="nev11440131n80">Adjusting the s#@#@#8#wheel</title>
<grate id="nev11440132n79">
<graphic id="nev11440132n78">
<href>0900c8af829fed5#@#@#11#.jpeg</href>
</graphic>
<graphtext id="nev11440133n75">
<para id="nev11440134n241">
<ptxt id="nev11440134n240">Break off the L#@#@#19#cket.</ptxt>
</para>
<note id="nev11440134n73">
<ptxt id="nev11440135n238">Ensure that the#@#@#14#does <emph id="nev11440134n57">not</emph> remain in the #@#@#10#heel.</ptxt>
</note>
<para id="nev11440135n71">
<ptxt id="nev11440135n70">Carefully bend #@#@#17# down</ptxt>
</para>
<para id="nev11440138n231">
<ptxt id="nev11440138n230">Smooth off the #@#@#60#ilar.</ptxt>
</para>
</graphtext>
</grate>
</procstep>
<procstep id="nev11440136n153">
<title id="nev11440136n152"/>
<grate id="nev11440137n235">
<graphic id="nev11440137n234">
<href>0900c8af829fed5#@#@#11#.jpeg</href>
</graphic>
<graphtext id="nev11440138n63">
<para id="nev11440139n229">
<ptxt id="nev11440139n228">Remove the tape#@#@#21#ness.</ptxt>
</para>
</graphtext>
</grate>
</procstep>
<procstep id="nev11440139n61">
<title id="nev11440139n60"/>
<grate id="nev11440140n143">
<graphic id="nev11440140n142">
<href>0900c8af829fed5#@#@#11#.jpeg</href>
</graphic>
<graphtext id="nev11440141n139">
<para id="nev11440141n123">
<ptxt id="nev11440141n122">Spread the cabl#@#@#29#ible.</ptxt>
</para>
<para id="nev11440141n121">
<ptxt id="nev11440141n120">Apply tape, par#@#@#10# 097.</ptxt>
</para>
</graphtext>
</grate>
</procstep>
<procstep id="nev11440142n218">
<title id="nev11440142n217"/>
<grate id="nev11440142n50">
<graphic id="nev11440142n49">
<href>0900c8af829fed6#@#@#11#.jpeg</href>
</graphic>
<graphtext id="nev11440143n46">
<para id="nev11440143n30">
<ptxt id="nev11440143n29">Bend up the out#@#@#16#htly.</ptxt>
</para>
</graphtext>
</grate>
</procstep>
<procstep id="nev11440144n127">
<title id="nev11440144n126"/>
<grate id="nev11440145n209">
<graphic id="nev11440145n208">
<href>0900c8af829fed5#@#@#11#.jpeg</href>
</graphic>
<graphtext id="nev11440146n205">
<para id="nev11440146n189">
<ptxt id="nev11440146n188">Bend one of the#@#@#46#ound.</ptxt>
</para>
<para id="nev11440146n187">
<ptxt id="nev11440146n186">Carry out the s#@#@#56# top.</ptxt>
</para>
</graphtext>
</grate>
</procstep>
</stepgrp>
<stepgrp id="nev11440129n4">
<title id="nev11440130n138">Installation</title>
<procstep id="nev11440129n5">
<title id="nev11440130n136">Installing driv#@#@#12#(SRS)</title>
<note id="nev11440130n134">
<ptxt id="nev11440130n132">For airbags (re#@#@#154#tion.</ptxt>
</note>
<para id="nev11440130n130">
<ptxt id="nev11440130n128">Install the 2 c#@#@#35#er). </ptxt>
<ptxt id="nev11440130n126">Press the airba#@#@#8#lace.</ptxt>
</para>
<caution id="nev11440130n124">
<ptxt id="nev11440130n122">Make sure that #@#@#42#ion. </ptxt>
</caution>
<para id="nev11440130n120">
<ptxt id="nev11440130n118">Carry out an in#@#@#20#d in <xref id="nev11440130n116">
<ref id="nev11440129n6"/>
</xref>.</ptxt>
</para>
</procstep>
</stepgrp>
</procedure>
</servinfosub>