<?xml version="1.0" encoding="UTF-8"?><servinfosub IE-ID="en-US0900c8af85b34117" docno="VCC-456415" id="nev18505126n1" xml:lang="en-US">
<title>
<phrase category="Title" id="nev18505126n2" phrase-urn="urn:x-nevis:phrase:0800c8af81eb9a54">Diagnostic trou#@#@#21#ation</phrase>
<phrase category="Prefix" id="nev18505126n3" phrase-urn="urn:x-nevis:phrase:0800c8af8015c3f5">ECM</phrase>-P025912</title>
<diagnostic j2008use="1" paperuse="1" screenuse="1" type="condition">
<condgrp>
<condition type="condition">
<grate>
<graphtext>
<para>
<ptxt>
<phrase category="Condition" id="nev18505126n4" phrase-urn="urn:x-nevis:phrase:0800c8af84ba6970">The engine cont#@#@#58#side.</phrase>
<phrase category="Condition" id="nev18505126n5" phrase-urn="urn:x-nevis:phrase:0800c8af84bab67c">The fuel system#@#@#101#ECM).</phrase>
<phrase category="Condition" id="nev18505126n6" phrase-urn="urn:x-nevis:phrase:0800c8af84bae9be">If the engine c#@#@#139#ated.</phrase>
</ptxt>
<ptxt>
<phrase category="Condition" id="nev18505126n7" phrase-urn="urn:x-nevis:phrase:0800c8af81eaae5f">The diagnostic #@#@#58#ning.</phrase>
</ptxt>
<ptxt>
<phrase category="" id="nev18505126n8" phrase-urn="urn:x-nevis:phrase:0800c8af8233766c">For information#@#@#57#tion.</phrase>
</ptxt>
</para>
</graphtext>
</grate>
</condition>
</condgrp>
<condgrp>
<condition type="substitution">
<para>
<ptxt>
<phrase category="" id="nev18505126n9" phrase-urn="urn:x-nevis:phrase:0800c8af8233766d">None.</phrase>
</ptxt>
</para>
</condition>
<ps>
<list1 enumtype="d" type="unordered">
<item>
<ptxt>
<phrase category="" id="nev18505126n10" phrase-urn="urn:x-nevis:phrase:0800c8af8233766e">Contact resista#@#@#28#inals</phrase>
</ptxt>
</item>
<item id="nev18505127n1">
<ptxt id="nev18505127n2">
<phrase category="Possible source" id="nev18505127n3" phrase-urn="urn:x-nevis:phrase:0800c8af81eab855">Open-circuit in#@#@#12#able.</phrase>
</ptxt>
</item>
<item id="nev18505127n4">
<ptxt id="nev18505127n5">
<phrase category="Possible source" id="nev18505127n6" phrase-urn="urn:x-nevis:phrase:0800c8af81eaba8f">Short-circuit t#@#@#23#able.</phrase>
</ptxt>
</item>
<item id="nev18505127n7">
<ptxt id="nev18505127n8">
<phrase category="Possible source" id="nev18505127n9" phrase-urn="urn:x-nevis:phrase:0800c8af81eabb17">Damaged fuel pump.</phrase>
</ptxt>
</item>
</list1>
</ps>
</condgrp>
<condgrp>
<condition type="symptom">
<list1 enumtype="d" type="unordered">
<item id="nev18505127n10">
<ptxt id="nev18505128n1">
<phrase category="Symptom CSC" id="nev18505128n2" phrase-urn="urn:x-nevis:phrase:0800c8af8388f453">DL2, Warning li#@#@#86#ation</phrase>
</ptxt>
</item>
<item>
<ptxt>
<phrase category="Symptom CSC" id="nev18505128n3" phrase-urn="urn:x-nevis:phrase:0800c8af8388f029">AE, Idling/Unev#@#@#2# idle</phrase>
</ptxt>
</item>
<item id="nev18505128n4">
<ptxt id="nev18505128n5">
<phrase category="Symptom CSC" id="nev18505128n6" phrase-urn="urn:x-nevis:phrase:0800c8af8388f021">AK, Driving/Hes#@#@#33#times</phrase>
</ptxt>
</item>
</list1>
</condition>
</condgrp>
</diagnostic>
</servinfosub>