<?xml version="1.0" encoding="UTF-8"?><servinfosub IE-ID="en-US0900c8af8588b117" docno="VCC-424191" id="nev16396022n1" xml:lang="en-US">
<title>
<phrase category="Title" id="nev16396022n2" phrase-urn="urn:x-nevis:phrase:0800c8af85013c7e">Resetting count#@#@#13#ality</phrase>
</title>
<diagnostic j2008use="1" layout="1" paperuse="1" screenuse="1" type="test">
<testgrp IE-ID="en-US0900c8af8588b117_nev16396022n3" id="nev16396022n3" j2008use="1" paperuse="0" resumable="1" screenuse="1" testgrp-id="node0" x="120" y="60">
<title id="nev16396022n4">
<phrase category="Title" id="nev16396022n5" phrase-urn="urn:x-nevis:phrase:0800c8af85013c7e">Resetting count#@#@#13#ality</phrase>
</title>
<node id="nev16396022n6">
<test1 id="nev16396022n7">
<diaglist>
<dgraphic>
<dgraphic2>
<graphic id="nev16396022n8">
<href>0900c8af80054d5#@#@#9#.jpeg</href>
</graphic>
</dgraphic2>
</dgraphic>
</diaglist>
<test2 id="nev16396022n9">
<para id="nev16396022n10">
<ptxt id="nev16396023n1">
<phrase category="Condition" id="nev16396023n2" phrase-urn="urn:x-nevis:phrase:0800c8af84f19720">The Engine cont#@#@#79#ions.</phrase>
</ptxt>
<ptxt id="nev16396023n3">
<phrase category="Faulttracing" id="nev16396023n4" phrase-urn="urn:x-nevis:phrase:0800c8af85013c8c">When changing t#@#@#112#lity.</phrase>
</ptxt>
</para>
<list1 enumtype="b" id="nev16396023n5">
<item id="nev16396023n6">
<ptxt id="nev16396023n7">
<phrase category="Condition" id="nev16396023n8" phrase-urn="urn:x-nevis:phrase:0800c8af82c47c8e">Ignition switch#@#@#8#n II.</phrase>
</ptxt>
</item>
<item id="nev16396023n9">
<ptxt id="nev16396023n10">
<phrase category="Faulttracing" id="nev16396024n1" phrase-urn="urn:x-nevis:phrase:0800c8af85013c91">Start the tool #@#@#54#mbol.</phrase>
</ptxt>
</item>
<item id="nev16396024n2">
<ptxt id="nev16396024n3">
<phrase category="Faulttracing" id="nev16396024n4" phrase-urn="urn:x-nevis:phrase:0800c8af85013c92">Start reset.</phrase>
</ptxt>
</item>
</list1>
<hint id="nev16396024n5">
<ptxt id="nev16396024n6">
<phrase category="Faulttracing" id="nev16396024n7" phrase-urn="urn:x-nevis:phrase:0800c8af85013c94">As confirmation#@#@#99#0 km.</phrase>
</ptxt>
</hint>
<list1 enumtype="b" id="nev17762801n100">
<item id="nev17762801n99">
<ptxt id="nev17762801n98">
<phrase category="Faulttracing" id="nev17762802n1" phrase-urn="urn:x-nevis:phrase:0800c8af8588b07b">Switch off the #@#@#43#utes.</phrase>
</ptxt>
<hint id="nev17762801n96">
<ptxt id="nev17762801n95">
<phrase category="Faulttracing" id="nev17762803n1" phrase-urn="urn:x-nevis:phrase:0800c8af8588b07c">This is done so#@#@#100#mory.</phrase>
</ptxt>
</hint>
</item>
</list1>
<note id="nev17762801n93">
<ptxt id="nev17762801n92">
<phrase category="Faulttracing" id="nev17762804n1" phrase-urn="urn:x-nevis:phrase:0800c8af8588b07f">If the above pr#@#@#83#alue.</phrase>
<phrase category="Faulttracing" id="nev17762805n1" phrase-urn="urn:x-nevis:phrase:0800c8af8588b081">This can lead t#@#@#99# oil.</phrase>
</ptxt>
</note>
<diaglist>
<dgraphic>
<dgraphic2>
<graphic id="nev16396024n8">
<href>0900c8af86c8681#@#@#9#.jpeg</href>
</graphic>
<smarttool active="press" id="l1288265567900"/>
</dgraphic2>
</dgraphic>
</diaglist>
<grate id="nev16396024n10"/>
</test2>
</test1>
<question>
Select "Contin#@#@#8#xit.
</question>
<resact-grp id="nev16396025n2">
<result button="cont" comp="button" highlight="0" id="nev16396025n3"/>
<action id="nev16396025n4" j2008use="1" paperuse="0" screenuse="1">
<return id="nev16396025n5" value="DONE"/>
</action>
</resact-grp>
</node>
</testgrp>
</diagnostic>
</servinfosub>