<?xml version="1.0" encoding="UTF-8"?><servinfosub IE-ID="en-US0900c8af800c1117" docno="VCC-022930" id="KC01144550" xml:lang="en-US">
<title>
<phrase category="" id="KC09634300" phrase-urn="urn:x-nevis:phrase:0800c8af8273f44e">Verification of#@#@#36#ction</phrase>
</title>
<diagnostic type="test">
<testgrp IE-ID="en-US0900c8af800c1117_KC01144551" id="KC01144551" j2008use="1" paperuse="1" resumable="1" screenuse="1" testgrp-id="veri" x="120" y="80">
<title>
<phrase category="" id="KC09634301" phrase-urn="urn:x-nevis:phrase:0800c8af8273f44f"/>
</title>
<subcalloutnode>
<diagcallout>
<xref>
<ref id="KC09634302"/>
</xref>
</diagcallout>
<rescall-grp>
<result comp="string" highlight="0" op="eq" return="VERIFIED"/>
<calloutaction>
<return value="VERIFIED"/>
</calloutaction>
</rescall-grp>
<rescall-grp>
<result comp="string" highlight="0" op="eq" return="VERIFICATION FAILED"/>
<calloutaction>
<return value="VERIFICATION FAILED"/>
</calloutaction>
</rescall-grp>
</subcalloutnode>
</testgrp>
</diagnostic>
</servinfosub>