<?xml version="1.0" encoding="UTF-8"?><servinfosub IE-ID="en-US0900c8af854b0117" docno="VCC-431163" id="nev17140043n1" original="sv-SE" servinfosubId="nev20688985n1-nev20688985n2" servinfosubRes="0900c8af862c3e34" servinfosubRes2="urn:x-nevis:fragment:0900c8af854b0117:0900c8af862c3e34#nev20688985n2" xml:lang="en-US">
<title id="nev17140043n2">Diagnostic functions</title>
<topic id="nev20688985n1-nev17140043n3">
<title id="nev20688985n1-nev17140043n4">General</title>
<para id="nev20688985n1-nev17140043n5">
<ptxt id="nev20688985n1-nev17140043n6">The control mod#@#@#134#nals.</ptxt>
</para>
</topic>
<topic id="nev20688985n1-nev17140043n7">
<title id="nev20688985n1-nev17140043n8">Diagnostic trou#@#@#11#DTCs)</title>
<para id="nev20688985n1-nev17140043n9">
<ptxt id="nev20688985n1-nev17140043n10">A diagnostic tr#@#@#302# off.</ptxt>
</para>
</topic>
<topic id="nev20688985n1-nev17140044n1">
<title id="nev20688985n1-nev17140044n2">Reading and era#@#@#31#DTCs)</title>
<para id="nev20688985n1-nev17140044n3">
<ptxt id="nev20688985n1-nev17140044n4">Stored diagnost#@#@#66#tion.</ptxt>
</para>
<para id="nev20688985n1-nev17140044n5">
<ptxt id="nev20688985n1-nev17140044n6">Diagnostic trou#@#@#109#once.</ptxt>
</para>
</topic>
<topic id="nev20688985n1-nev17140044n7">
<title id="nev20688985n1-nev17140044n8">Reading off inp#@#@#16#gnals</title>
<para id="nev20688985n1-nev17140044n9">
<ptxt id="nev20688985n1-nev17140044n10">This function c#@#@#91#nals.</ptxt>
</para>
<para id="nev20688985n1-nev17140045n1">
<ptxt id="nev20688985n1-nev17140045n2">For more inform#@#@#82#ther.</ptxt>
</para>
</topic>
<topic id="nev20688985n1-nev17140045n3">
<title id="nev20688985n1-nev17140045n4">Activating comp#@#@#1#nents</title>
<para id="nev20688985n1-nev17140045n5">
<ptxt id="nev20688985n1-nev17140045n6">This function c#@#@#60#king.</ptxt>
</para>
<para id="nev20688985n1-nev17140045n7">
<ptxt id="nev20688985n1-nev17140045n8">For more inform#@#@#83#ther.</ptxt>
</para>
</topic>
<topic id="nev20688985n1-nev17140045n9">
<title id="nev20688985n1-nev17140045n10">Reading off the#@#@#25#ation</title>
<para id="nev20688985n1-nev17140046n1">
<ptxt id="nev20688985n1-nev17140046n2">The control mod#@#@#59#odes.</ptxt>
<ptxt id="nev20688985n1-nev17140046n3">The codes conta#@#@#49#dule:</ptxt>
</para>
<list1 enumtype="d" id="nev20688985n1-nev17140046n4" type="unordered">
<item id="nev20688985n1-nev17140046n5">
<ptxt id="nev20688985n1-nev17140046n6">hardware P/N (c#@#@#26#ware)</ptxt>
</item>
<item id="nev20688985n1-nev17140046n7">
<ptxt id="nev20688985n1-nev17140046n8">hardware serial#@#@#36#ware)</ptxt>
</item>
<item id="nev20688985n1-nev17140046n9">
<ptxt id="nev20688985n1-nev17140046n10">software P/N</ptxt>
</item>
<item id="nev20688985n1-nev17140047n1">
<ptxt id="nev20688985n1-nev17140047n2">diagnostic soft#@#@#3#e P/N</ptxt>
</item>
</list1>
</topic>
<topic id="nev20688985n1-nev17140047n3">
<title id="nev20688985n1-nev17140047n4">Resetting the a#@#@#11#alues</title>
<para id="nev20688985n1-nev17140047n5">
<ptxt id="nev20688985n1-nev17140047n6">There are three#@#@#102#ated:</ptxt>
</para>
<list1 enumtype="d" id="nev20688985n1-nev17140047n7" type="unordered">
<item id="nev20688985n1-nev17140047n8">
<ptxt id="nev20688985n1-nev17140047n9">Resetting adapt#@#@#84#sion.</ptxt>
</item>
<item id="nev20688985n1-nev17140047n10">
<ptxt id="nev20688985n1-nev17140048n1">Resetting the g#@#@#20#tion.</ptxt>
</item>
<item id="nev20688985n1-nev17140048n2">
<ptxt id="nev20688985n1-nev17140048n3">Calibration of #@#@#29#tion.</ptxt>
</item>
</list1>
<para id="nev20688985n1-nev17140048n4">
<ptxt id="nev20688985n1-nev17140048n5">The gear positi#@#@#151#tion.</ptxt>
</para>
</topic>
</servinfosub>