<?xml version="1.0" encoding="UTF-8"?><servinfosub IE-ID="en-US0900c8af80878117" docno="VCC-097624" id="KC01221482" xml:lang="en-US">
<title>
<phrase category="" id="KC09289811" phrase-urn="urn:x-nevis:phrase:0800c8af826d30fd">Signal too high#@#@#15#fault</phrase>
</title>
<diagnostic j2008use="1" paperuse="1" screenuse="1" type="test">
<testgrp IE-ID="en-US0900c8af80878117_KC01269893" id="KC01269893" j2008use="1" paperuse="1" resumable="1" screenuse="1" testgrp-id="node1" x="120" y="80">
<title>
<phrase category="" id="KC09289812" phrase-urn="urn:x-nevis:phrase:0800c8af826d30fe">Checking cables</phrase>
</title>
<node>
<test1>
<test2>
<para>
<ptxt>
<phrase category="" id="KC09289813" phrase-urn="urn:x-nevis:phrase:0800c8af826d30ff">Check signal ca#@#@#135#g to <xref>
<ref id="KC09289814"/>
</xref>.</phrase>
</ptxt>
</para>
<list1 enumtype="d" type="unordered">
<title>
<phrase category="" id="KC09289815" phrase-urn="urn:x-nevis:phrase:0800c8af826d3100">Other information:</phrase>
</title>
<item>
<ptxt>
<phrase category="" id="KC09289816" phrase-urn="urn:x-nevis:phrase:0800c8af826d3101">To connect the #@#@#13# see <xref>
<ref id="KC09289817"/>
</xref>. </phrase>
</ptxt>
</item>
<item>
<ptxt>
<phrase category="" id="KC09289818" phrase-urn="urn:x-nevis:phrase:0800c8af826d3102">To access/repla#@#@#22# see <xref>
<ref id="KC09289819"/>
</xref>. </phrase>
</ptxt>
</item>
<item>
<ptxt>
<phrase category="" id="KC09289820" phrase-urn="urn:x-nevis:phrase:0800c8af826d3103">To access/repla#@#@#36# see <xref>
<ref id="KC09289821"/>
</xref>. </phrase>
</ptxt>
</item>
<item>
<ptxt>
<phrase category="" id="KC09289822" phrase-urn="urn:x-nevis:phrase:0800c8af826d3104">For information#@#@#15# see <xref>
<ref id="KC09289823"/>
</xref>. </phrase>
</ptxt>
</item>
</list1>
<diaglist>
<dgraphic>
<dgraphic1>
<graphic id="KC09289824">
<href>0900c8af80058c9#@#@#9#.jpeg</href>
</graphic>
</dgraphic1>
<dgraphic2>
<graphic id="KC09289825">
<href>0900c8af80054d4#@#@#9#.jpeg</href>
</graphic>
<smarttool active="press" id="KC09289826" toolname="ODA"/>
</dgraphic2>
</dgraphic>
<ditem>
<ditemtext>
<ptxt>
<phrase category="" id="KC09289827" phrase-urn="urn:x-nevis:phrase:0800c8af826d3105"/>
</ptxt>
</ditemtext>
</ditem>
</diaglist>
</test2>
</test1>
<question>
Select Continue.
</question>
<resact-grp>
<result button="cont" comp="button" highlight="0"/>
<action j2008use="1" paperuse="1" screenuse="1">
<ptxt>
<xref>
<ref id="KC09289829"/>
</xref>
</ptxt>
</action>
</resact-grp>
</node>
</testgrp>
<testgrp id="KC01269894" j2008use="1" paperuse="1" resumable="1" screenuse="1" testgrp-id="info2" x="320" y="80">
<title>
<phrase category="" id="KC09289830" phrase-urn="urn:x-nevis:phrase:0800c8af826d3107">Fault-tracing i#@#@#5#ation</phrase>
</title>
<subcalloutnode>
<diagcallout>
<xref>
<ref id="KC09289831"/>
</xref>
</diagcallout>
<rescall-grp>
<result comp="string" highlight="0" op="eq" return="NEW TRY"/>
<calloutaction>
<ptxt>
<xref>
<ref id="KC09289832"/>
</xref>
</ptxt>
</calloutaction>
</rescall-grp>
<rescall-grp>
<result comp="string" highlight="0" op="eq" return="FAULT FOUND"/>
<calloutaction>
<return value="DONE"/>
</calloutaction>
</rescall-grp>
<rescall-grp>
<result comp="string" highlight="0" op="eq" return="DONE"/>
<calloutaction>
<return value="DONE"/>
</calloutaction>
</rescall-grp>
</subcalloutnode>
</testgrp>
</diagnostic>
</servinfosub>