<?xml version="1.0" encoding="UTF-8"?><servinfosub IE-ID="en-US0900c8af806a8615" docno="VCC-110185" id="KC02214140" xml:lang="en-US">
<title>
<phrase category="" id="KC08673168" phrase-urn="urn:x-nevis:phrase:0800c8af81e23a0d">Signal too low.#@#@#15#ault.</phrase>
</title>
<diagnostic type="test">
<testgrp IE-ID="en-US0900c8af806a8615_KC02214141" id="KC02214141" j2008use="1" paperuse="1" resumable="1" screenuse="1" testgrp-id="za10" x="120" y="80">
<title>
<phrase category="" id="KC08673169" phrase-urn="urn:x-nevis:phrase:0800c8af81e23a0e">Checking the wi#@#@#14#tions</phrase>
</title>
<node>
<test1>
<test2>
<ptxt>
<phrase category="" id="KC08673170" phrase-urn="urn:x-nevis:phrase:0800c8af81e23a0f">Check control u#@#@#133#d in <xref>
<ref id="KC08673171"/>
</xref>, and for conta#@#@#39#d in <xref>
<ref id="KC08673172"/>
</xref>.</phrase>
</ptxt>
<ptxt>
<phrase category="" id="KC08673173" phrase-urn="urn:x-nevis:phrase:0800c8af81e23a10">Check the circu#@#@#127#d in <xref>
<ref id="KC08673174"/>
</xref>, and an interm#@#@#42#d in <xref>
<ref id="KC08673175"/>
</xref>.</phrase>
</ptxt>
<list1 enumtype="d" type="unordered">
<title>
<phrase category="" id="KC08673176" phrase-urn="urn:x-nevis:phrase:0800c8af81e23a11">Additional info#@#@#3#tion:</phrase>
</title>
<item>
<ptxt>
<phrase category="" id="KC08673177" phrase-urn="urn:x-nevis:phrase:0800c8af81e23a12">To connect the #@#@#35#, see<xref>
<ref id="KC08673178"/>
</xref>.</phrase>
</ptxt>
</item>
<item>
<ptxt>
<phrase category="" id="KC08673179" phrase-urn="urn:x-nevis:phrase:0800c8af81e23a15">To connect the #@#@#35#, see<xref>
<ref id="KC08673180"/>
</xref>.</phrase>
</ptxt>
</item>
<item>
<ptxt>
<phrase category="" id="KC08673181" phrase-urn="urn:x-nevis:phrase:0800c8af81e23a16">For information#@#@#12# see <xref>
<ref id="KC08673182"/>
</xref>
</phrase>
</ptxt>
</item>
</list1>
<diaglist>
<dgraphic>
<dgraphic2>
<graphic id="KC08673183">
<href>0900c8af80054d4#@#@#9#.jpeg</href>
</graphic>
<smarttool active="press" id="KC08673184" toolname="ODAH"/>
</dgraphic2>
</dgraphic>
<ditem>
<ditemtext>
<ptxt>
<phrase category="" id="KC08673185" phrase-urn="urn:x-nevis:phrase:0800c8af81e23a18"/>
</ptxt>
</ditemtext>
</ditem>
</diaglist>
</test2>
</test1>
<question/>
<resact-grp>
<result button="cont" comp="button" highlight="0"/>
<action j2008use="1" paperuse="1" screenuse="1">
<ptxt>
<xref>
<ref id="KC08673186"/>
</xref>
</ptxt>
</action>
</resact-grp>
</node>
</testgrp>
<testgrp id="KC02214142" j2008use="1" paperuse="1" resumable="1" screenuse="1" testgrp-id="info2" x="320" y="80">
<title>
<phrase category="" id="KC08673187" phrase-urn="urn:x-nevis:phrase:0800c8af81e23a0c">Trouble-shootin#@#@#8#ation</phrase>
</title>
<subcalloutnode>
<diagcallout>
<xref>
<ref id="KC08673188"/>
</xref>
</diagcallout>
<rescall-grp>
<result comp="string" highlight="0" op="eq" return="NEW TRY"/>
<calloutaction>
<return value="NEW TRY"/>
</calloutaction>
</rescall-grp>
<rescall-grp>
<result comp="string" highlight="0" op="eq" return="DONE"/>
<calloutaction>
<return value="DONE"/>
</calloutaction>
</rescall-grp>
<rescall-grp>
<result comp="string" highlight="0" op="eq" return="FAULT FOUND"/>
<calloutaction>
<return value="FAULT FOUND"/>
</calloutaction>
</rescall-grp>
</subcalloutnode>
</testgrp>
</diagnostic>
</servinfosub>