<?xml version="1.0" encoding="UTF-8"?><servinfosub IE-ID="en-US0900c8af850e9615" docno="VCC-159651" id="KC05309372" xml:lang="en-US">
<title id="nev12272637n250">Phone module (P#@#@#9#acing</title>
<procedure id="nev12272637n248">
<stepgrp id="KC05356197">
<procstep id="KC05356198">
<title id="nev12272637n246"/>
<ptxt id="nev12272637n244">The illustratio#@#@#177#ect. </ptxt>
</procstep>
<procstep id="KC05356199">
<title id="nev12272637n242">Removing the ph#@#@#11#(PHM)</title>
<grate id="nev12272637n240">
<graphic id="KC07216378">
<href>0900c8af80058ff#@#@#9#.jpeg</href>
</graphic>
<graphtext id="nev12272637n235">
<para id="nev12272637n233">
<ptxt id="nev12272637n231">Deactivate the #@#@#51# See <xref id="nev12272637n229">
<ref id="KC07216379"/>
</xref>.</ptxt>
</para>
<note id="nev12272637n224">
<ptxt id="nev12272637n222">Only the Volvo #@#@#39#tery.</ptxt>
</note>
<para id="nev12272637n220">
<ptxt id="nev12272637n218">Remove the radi#@#@#12# See <xref id="nev12272637n216">
<ref id="KC07216380"/>
</xref>.</ptxt>
<ptxt id="nev12272637n211">Press in the ca#@#@#45#hone.</ptxt>
<ptxt id="nev12272637n209">Disconnect the #@#@#31# (3).</ptxt>
</para>
</graphtext>
</grate>
</procstep>
<procstep id="KC05356200">
<title id="nev12272637n207">Installing the #@#@#13#(PHM)</title>
<grate id="nev12272637n205">
<graphic id="KC07216381">
<href>0900c8af80058ff#@#@#9#.jpeg</href>
</graphic>
<graphtext id="nev12272637n200">
<para id="nev12272637n198">
<ptxt id="nev12272637n196">Install the con#@#@#24# (3).</ptxt>
<ptxt id="nev12272637n194">Install the rad#@#@#16# See <xref id="nev12272637n192">
<ref id="KC07216382"/>
</xref>. </ptxt>
</para>
<caution id="nev12272637n187">
<ptxt id="nev12272637n185">Ensure that the#@#@#34#rame.</ptxt>
</caution>
<note id="nev12272637n183">
<ptxt id="nev12272637n181">After replacing#@#@#73#mmed.</ptxt>
</note>
<para id="nev12272637n179">
<ptxt id="nev12272637n177">
<emph id="nev12272637n175">Without</emph> Volvo On Call:</ptxt>
</para>
<list1 enumtype="d" id="nev12272637n173" type="unordered">
<item id="nev12272637n171">
<ptxt id="nev12272637n169">Order the softw#@#@#4# See <swfunction action="order" id="nev16175166n217"/>
</ptxt>
</item>
</list1>
<para id="nev12272637n157">
<ptxt id="nev12272637n155">
<emph id="nev12272637n153">With</emph> Volvo On Call:</ptxt>
</para>
<list1 enumtype="d" id="nev12272637n151" type="unordered">
<item id="nev12272637n149">
<ptxt id="nev12272637n147">Order the softw#@#@#4# See <swfunction action="order" id="nev16175166n225"/>
</ptxt>
</item>
</list1>
</graphtext>
</grate>
</procstep>
<procstep id="KC05356201">
<title id="nev12272637n135">Activating Volv#@#@#39#odule</title>
<list1 enumtype="n" id="nev12272637n133" type="ordered">
<item id="nev12272637n131">
<ptxt id="nev12272637n129">After the softw#@#@#73#splay</ptxt>
</item>
<item id="nev12272637n127">
<ptxt id="nev12272637n125">
<emph id="nev12272637n123">NOTE!</emph> Activation sho#@#@#34#utes </ptxt>
</item>
<item id="nev12272637n121">
<ptxt id="nev12272637n119">Drive the car o#@#@#80# area</ptxt>
</item>
<item id="nev12272637n117">
<ptxt id="nev12272637n115">When the system#@#@#72#ayed </ptxt>
</item>
<item id="nev12272637n113">
<ptxt id="nev12272637n111">Press the ON CA#@#@#177#rship</ptxt>
</item>
<item id="nev12272637n109">
<ptxt id="nev12272637n107">The Volvo On Ca#@#@#198# made</ptxt>
</item>
<item id="nev12272637n105">
<ptxt id="nev12272637n103">When the custom#@#@#283#ters)</ptxt>
</item>
<item id="nev12272637n101">
<ptxt id="nev12272637n99">Volvo On Call i#@#@#15# use.</ptxt>
</item>
</list1>
</procstep>
</stepgrp>
</procedure>
</servinfosub>