<?xml version="1.0" encoding="UTF-8"?><servinfosub IE-ID="en-US0900c8af82845615" docno="VCC-259320" id="nev10859000n1" xml:lang="en-US">
<title id="nev10859000n2">Power steering #@#@#10#acing</title>
<procedure id="nev10859000n3">
<note id="nev10859000n4">
<ptxt id="nev10859000n5">The illustratio#@#@#176#rect.</ptxt>
</note>
<stepgrp id="nev10859000n6">
<warning id="nev10859000n7">
<ptxt id="nev10859000n8">Used fluid is c#@#@#70# oil.</ptxt>
</warning>
<procstep id="nev10859000n9">
<title id="nev10859000n10">Removing the dr#@#@#3# belt</title>
<para id="nev10859001n1">
<ptxt id="nev10859001n2">Remove the driv#@#@#8#See: <xref id="nev10859001n3">
<ref id="nev10859015n35"/>
</xref>.</ptxt>
</para>
</procstep>
<procstep id="nev10859001n5">
<title id="nev10859001n6">Draining oil</title>
<grate id="nev10859001n7">
<graphic id="nev10859001n8">
<href>0900c8af8280d44#@#@#9#.jpeg</href>
</graphic>
<graphtext id="nev10859001n9">
<warning id="nev10859001n10">
<ptxt id="nev10859002n1">Avoid skin cont#@#@#12# oil.</ptxt>
</warning>
<note id="nev10859002n2">
<ptxt id="nev10859002n3">Place paper ove#@#@#43# oil.</ptxt>
</note>
<para id="nev10859002n4">
<ptxt id="nev10859002n5">Install lock gr#@#@#90#ible.</ptxt>
<ptxt id="nev10859002n6">Extract the oil.</ptxt>
</para>
</graphtext>
</grate>
</procstep>
<procstep id="nev10859002n7">
<title id="nev10859002n8">Removing the pr#@#@#6# hose</title>
<grate id="nev10859002n9">
<graphic id="nev10859002n10">
<href>0900c8af8204a82#@#@#9#.jpeg</href>
</graphic>
<graphtext id="nev10859003n1">
<list1 enumtype="d" id="nev10859003n2" type="unordered">
<title id="nev10859003n3">Remove:</title>
<item id="nev10859003n4">
<ptxt id="nev10859003n5">pressure hose</ptxt>
</item>
<item id="nev10859003n6">
<ptxt id="nev10859003n7">feeder hose.</ptxt>
</item>
</list1>
</graphtext>
</grate>
</procstep>
<procstep id="nev10859003n8">
<title id="nev10859003n9">Removing the po#@#@#12# pump</title>
<grate id="nev10859003n10">
<graphic id="nev10859016n46">
<href>0900c8af8012883#@#@#9#.jpeg</href>
</graphic>
<graphtext id="nev10859004n2">
<list1 enumtype="d" id="nev10859016n236" type="unordered">
<title id="nev10859017n146">Remove:</title>
<item id="nev10859017n81">
<ptxt id="nev10859004n5">three mounting #@#@#1#crews</ptxt>
</item>
<item id="nev10859017n113">
<ptxt id="nev10859017n114">the strut at re#@#@#3#edge.</ptxt>
</item>
</list1>
</graphtext>
</grate>
</procstep>
</stepgrp>
<stepgrp id="nev10859004n6">
<title id="nev10859004n7">Installation</title>
<note id="nev10859004n8">
<ptxt id="nev10859004n9">For tightening #@#@#9#see: <xref id="nev10859004n10">
<ref id="nev10859005n1"/>
</xref>.</ptxt>
</note>
<procstep id="nev10859005n2">
<title id="nev10859005n3">Installing the #@#@#14# pump</title>
<grate id="nev10859005n4">
<graphic id="nev10859016n113">
<href>0900c8af8012883#@#@#9#.jpeg</href>
</graphic>
<graphtext id="nev10859005n6">
<list1 enumtype="d" id="nev10859017n248" type="unordered">
<title id="nev10859018n188">Install:</title>
<item id="nev10859017n249">
<ptxt id="nev10859005n8">three mounting #@#@#6# (M8)</ptxt>
</item>
<item id="nev10859018n93">
<ptxt id="nev10859018n125">the strut at re#@#@#3#edge.</ptxt>
</item>
</list1>
</graphtext>
</grate>
</procstep>
<procstep id="nev10859005n9">
<title id="nev10859005n10">Installing the #@#@#8# hose</title>
<grate id="nev10859006n1">
<graphic id="nev10859006n2">
<href>0900c8af8204a82#@#@#9#.jpeg</href>
</graphic>
<graphtext id="nev10859006n3">
<list1 enumtype="d" id="nev10859006n4" type="unordered">
<title id="nev10859006n5">Install:</title>
<item id="nev10859006n6">
<ptxt id="nev10859006n7">feeder hose</ptxt>
</item>
<item id="nev10859006n8">
<ptxt id="nev10859006n9">pressure hose (M6)</ptxt>
</item>
</list1>
<note id="nev10859006n10">
<ptxt id="nev10859007n1">Use a new O-ring.</ptxt>
</note>
</graphtext>
</grate>
</procstep>
<procstep id="nev10859007n2">
<title id="nev10859007n3">Installing driv#@#@#1# belt</title>
<para id="nev10859007n4">
<ptxt id="nev10859007n5">Install the dri#@#@#9#See: <xref id="nev10859015n174">
<ref id="nev10859015n203"/>
</xref>
</ptxt>
</para>
</procstep>
<procstep id="nev10859007n8">
<title id="nev10859007n9">Finishing</title>
<grate id="nev10859007n10">
<graphic id="nev10859008n1">
<href>0900c8af8005cf3#@#@#9#.jpeg</href>
</graphic>
<graphtext id="nev10859008n2">
<warning id="nev10859008n3">
<ptxt id="nev10859008n4">Avoid skin cont#@#@#12# oil.</ptxt>
</warning>
<note id="nev10859008n5">
<ptxt id="nev10859008n6">Use Volvo power#@#@#58#lity.</ptxt>
</note>
<para id="nev10859008n7">
<ptxt id="nev10859008n8">Fill the servo #@#@#32#stem.</ptxt>
<ptxt id="nev10859008n9">Repeatedly turn#@#@#57#sary.</ptxt>
<ptxt id="nev10859009n1">Apply the parki#@#@#22#gine.</ptxt>
</para>
<list1 enumtype="b" id="nev10859009n2" type="unordered">
<item id="nev10859009n3">
<ptxt id="nev10859009n4">
<emph id="nev10859009n5">A</emph> Turn the steer#@#@#70#onds.</ptxt>
</item>
<item id="nev10859009n6">
<ptxt id="nev10859009n7">
<emph id="nev10859009n8">B</emph> Turn the steer#@#@#69#onds.</ptxt>
</item>
</list1>
<para id="nev10859009n9">
<ptxt id="nev10859009n10">Repeat steps A #@#@#11#imes.</ptxt>
</para>
</graphtext>
</grate>
</procstep>
</stepgrp>
</procedure>
</servinfosub>