<?xml version="1.0" encoding="UTF-8"?><servinfosub IE-ID="en-US0900c8af8573d615" docno="VCC-382511" id="nev13875090n1" xml:lang="en-US">
<title>
<phrase category="Title" id="nev13875090n2" phrase-urn="urn:x-nevis:phrase:0800c8af81eb9a54">Diagnostic trou#@#@#21#ation</phrase>
<phrase category="Prefix" id="nev13875090n3" phrase-urn="urn:x-nevis:phrase:0800c8af8015c3f5">ECM</phrase>-P00917B</title>
<diagnostic j2008use="1" paperuse="1" screenuse="1" type="condition">
<condgrp>
<condition type="condition">
<grate id="nev13875090n4">
<graphic id="l1220610382511">
<href>0900c8af8279d04#@#@#11#.jpeg</href>
</graphic>
</grate>
<para>
<ptxt>
<phrase category="Condition" id="nev13875090n5" phrase-urn="urn:x-nevis:phrase:0800c8af845d67fd">The Engine cont#@#@#59#arts.</phrase>
<phrase category="Condition" id="nev13875090n6" phrase-urn="urn:x-nevis:phrase:0800c8af82a68b80">Under certain o#@#@#100#ine).</phrase>
</ptxt>
</para>
<para id="nev13875090n7">
<ptxt id="nev13875090n8">
<phrase category="Condition" id="nev13875090n9" phrase-urn="urn:x-nevis:phrase:0800c8af82c4843c">The diagnostic #@#@#59#that:</phrase>
</ptxt>
</para>
<list1 id="nev13875090n10">
<item id="nev13875091n1">
<ptxt id="nev13875091n2">
<phrase category="Condition" id="nev13875091n3" phrase-urn="urn:x-nevis:phrase:0800c8af845daf90">The fuel pressu#@#@#46#mode.</phrase>
</ptxt>
</item>
</list1>
<para id="nev13875091n4">
<ptxt id="nev13875091n5">
<phrase category="Condition" id="nev13875091n6" phrase-urn="urn:x-nevis:phrase:0800c8af82c479d6">The control mod#@#@#67#t of:</phrase>
</ptxt>
</para>
<list1 id="nev13875091n7">
<item id="nev13875091n8">
<ptxt id="nev13875091n9">
<phrase category="Condition" id="nev13875091n10" phrase-urn="urn:x-nevis:phrase:0800c8af83023a3b">Engine running.</phrase>
</ptxt>
</item>
</list1>
<note id="nev13875092n1">
<ptxt id="nev13875092n2">
<phrase category="Condition" id="nev13875092n3" phrase-urn="urn:x-nevis:phrase:0800c8af82c4844b">The control mod#@#@#132# met.</phrase>
</ptxt>
</note>
</condition>
</condgrp>
<condgrp>
<condition type="substitution">
<list1 enumtype="d" type="unordered">
<item>
<ptxt>
<phrase category="Symptom" id="nev13875092n4" phrase-urn="urn:x-nevis:phrase:0800c8af822826c5">None.</phrase>
</ptxt>
</item>
</list1>
</condition>
<ps>
<list1 enumtype="d" type="unordered">
<title id="nev17484383n100">
<phrase category="Possible source" id="nev17484417n1" phrase-urn="urn:x-nevis:phrase:0800c8af85723f54">Too low fuel fl#@#@#30#d by:</phrase>
</title>
<item>
<ptxt>
<phrase category="Possible source" id="nev17484419n1" phrase-urn="urn:x-nevis:phrase:0800c8af845daccf">Low fuel level #@#@#8#tank.</phrase>
</ptxt>
</item>
<item id="nev13875092n6">
<ptxt id="nev13875092n7">
<phrase category="Possible source" id="nev17484418n1" phrase-urn="urn:x-nevis:phrase:0800c8af8250ca36">Leakage in the #@#@#7#stem.</phrase>
</ptxt>
</item>
<item id="nev13875092n9">
<ptxt id="nev13875092n10">
<phrase category="Possible source" id="nev13875093n1" phrase-urn="urn:x-nevis:phrase:0800c8af81eab970">Air in the fuel#@#@#2#ines.</phrase>
</ptxt>
</item>
<item>
<ptxt>
<phrase category="Possible source" id="nev13875093n2" phrase-urn="urn:x-nevis:phrase:0800c8af81eab8e2">Blocked fuel filter.</phrase>
</ptxt>
</item>
<item>
<ptxt>
<phrase category="" id="nev13875093n3" phrase-urn="urn:x-nevis:phrase:0800c8af823d9f02">Damaged fuel pr#@#@#9#nsor.</phrase>
</ptxt>
</item>
<item id="nev13875093n4">
<ptxt id="nev13875093n5">
<phrase category="Possible source" id="nev13875093n6" phrase-urn="urn:x-nevis:phrase:0800c8af81eaba30">Damaged injector.</phrase>
</ptxt>
</item>
<item id="nev13875093n10">
<ptxt id="nev13875094n1">
<phrase category="Possible source" id="nev17484420n1" phrase-urn="urn:x-nevis:phrase:0800c8af8572e25d">Damaged fuel pr#@#@#22#PCV).</phrase>
</ptxt>
</item>
<item>
<ptxt>
<phrase category="Possible source" id="nev13875094n3" phrase-urn="urn:x-nevis:phrase:0800c8af8250e04d">Damaged tank pump.</phrase>
</ptxt>
</item>
</list1>
<list1 id="nev17484383n95">
<title id="nev17484383n94">
<phrase category="Possible source" id="nev17484421n1" phrase-urn="urn:x-nevis:phrase:0800c8af85724127">Too low fuel pr#@#@#36#d by:</phrase>
</title>
<item id="nev17484383n92">
<ptxt id="nev17484383n91">
<phrase category="Possible source" id="nev17484423n1" phrase-urn="urn:x-nevis:phrase:0800c8af8259b20d">Damaged injecti#@#@#3#pump.</phrase>
</ptxt>
</item>
</list1>
</ps>
</condgrp>
<condgrp>
<condition type="symptom">
<list1 enumtype="d" type="unordered">
<item>
<ptxt>
<phrase category="Symptom" id="nev13945063n1" phrase-urn="urn:x-nevis:phrase:0800c8af822826c5">None.</phrase>
</ptxt>
</item>
</list1>
</condition>
</condgrp>
</diagnostic>
</servinfosub>