<?xml version="1.0" encoding="UTF-8"?><servinfosub IE-ID="en-US0900c8af824a2106" docno="VCC-249917" id="nev10684326n1" xml:lang="en-US">
<title>
<phrase category="Title" id="nev10684975n1" phrase-urn="urn:x-nevis:phrase:0800c8af81eb9a54">Diagnostic trou#@#@#21#ation</phrase>
<phrase category="Prefix" id="nev10684976n1" phrase-urn="urn:x-nevis:phrase:0800c8af8015c3fe">SRS</phrase>-00BA</title>
<diagnostic type="condition">
<condgrp>
<condition type="condition">
<grate>
<graphic id="nev10684326n3" width="column">
<href>0900c8af80126de#@#@#9#.jpeg</href>
</graphic>
<graphtext>
<para>
<ptxt>
<phrase category="" id="nev10684326n4" phrase-urn="urn:x-nevis:phrase:0800c8af81c238bd">The supplementa#@#@#87#sor. </phrase>
</ptxt>
</para>
<para>
<ptxt>
<phrase category="" id="nev10684326n5" phrase-urn="urn:x-nevis:phrase:0800c8af81c238d0">The diagnostic #@#@#130#nds. </phrase>
</ptxt>
</para>
<para>
<ptxt>
<phrase category="" id="nev10684326n6" phrase-urn="urn:x-nevis:phrase:0800c8af81c238dd">The diagnostic #@#@#66# III.</phrase>
</ptxt>
</para>
</graphtext>
</grate>
</condition>
</condgrp>
<condgrp>
<condition type="substitution">
<list1 enumtype="d">
<item>
<ptxt>
<phrase category="" id="nev10684326n7" phrase-urn="urn:x-nevis:phrase:0800c8af81c238ed">None.</phrase>
</ptxt>
</item>
</list1>
</condition>
<ps>
<list1 enumtype="d" type="unordered">
<item>
<ptxt>
<phrase category="" id="nev10684326n8" phrase-urn="urn:x-nevis:phrase:0800c8af81c238fc">Short-circuit t#@#@#140#nsor.</phrase>
</ptxt>
</item>
</list1>
</ps>
</condgrp>
<condgrp>
<condition type="symptom">
<list1 enumtype="d" type="unordered">
<item>
<ptxt>
<phrase category="" id="nev10684326n9" phrase-urn="urn:x-nevis:phrase:0800c8af81c2390b">SRS indicator l#@#@#2#p lit</phrase>
</ptxt>
</item>
<item>
<ptxt>
<phrase category="" id="nev10684326n10" phrase-urn="urn:x-nevis:phrase:0800c8af81c23919">SRS warning mes#@#@#10#ayed.</phrase>
</ptxt>
</item>
</list1>
</condition>
</condgrp>
</diagnostic>
</servinfosub>