<?xml version="1.0" encoding="UTF-8"?><servinfosub IE-ID="en-US0900c8af80912106" docno="VCC-106214" id="KC02466206" servinfosubId="nev20687119n1-nev20687119n2" servinfosubRes="0900c8af862c2eab" servinfosubRes2="urn:x-nevis:fragment:0900c8af80912106:0900c8af862c2eab#nev20687119n2" xml:lang="en-US">
<title>Functions/compo#@#@#11#olled</title>
<topic>
<title/>
<grate pgwide="1">
<graphic id="nev20687119n1-KC06378109" width="page">
<href>0900c8af803f8dc#@#@#9#.jpeg</href>
</graphic>
</grate>
<para>
<ptxt>Sensors and fun#@#@#54#d in <emph> bold text</emph> .</ptxt>
</para>
<table frame="all" pgwide="1">
<tgroup cols="3" colsep="1" rowsep="1">
<colspec colwidth="83*"/>
<colspec colwidth="258*"/>
<colspec colwidth="327*"/>
<thead>
<row>
<entry align="left" valign="top">
<ptxt>
<emph>Number</emph>
</ptxt>
</entry>
<entry align="left" valign="top">
<ptxt>
<emph>Component</emph>
</ptxt>
</entry>
<entry align="left" valign="top">
<ptxt>
<emph>Signal type/exp#@#@#3#ation</emph>
</ptxt>
</entry>
</row>
</thead>
<tbody>
<row>
<entry align="left" valign="top">
<ptxt>2/22</ptxt>
</entry>
<entry align="left" valign="top">
<ptxt>Air conditionin#@#@#8#relay</ptxt>
</entry>
<entry align="left" valign="top">
<ptxt>Connecting and #@#@#24#ssor
</ptxt>
</entry>
</row>
<row>
<entry align="left" valign="top">
<ptxt>
<emph>2/23</emph>
</ptxt>
</entry>
<entry align="left" valign="top">
<ptxt>
<emph>Fuel pump (FP) relay</emph>
</ptxt>
</entry>
<entry align="left" valign="top">
<ptxt>Signal for fuel#@#@#21#tch. <emph>In a collision #@#@#121#FP). </emph>
</ptxt>
</entry>
</row>
<row>
<entry align="left" valign="top">
<ptxt>2/32</ptxt>
</entry>
<entry align="left" valign="top">
<ptxt>System relay </ptxt>
</entry>
<entry align="left" valign="top">
<ptxt>Controlled by t#@#@#77#pply.</ptxt>
</entry>
</row>
<row>
<entry align="left" valign="top">
<ptxt>
<emph>4/28</emph>
</ptxt>
</entry>
<entry align="left" valign="top">
<ptxt>
<emph>Transmission Co#@#@#13#(TCM)</emph>
</ptxt>
</entry>
<entry align="left" valign="top">
<ptxt>
<emph>For the signals#@#@#117#tion.</emph>
</ptxt>
</entry>
</row>
<row>
<entry align="left" valign="top">
<ptxt>
<emph>4/50</emph>
</ptxt>
</entry>
<entry align="left" valign="top">
<ptxt>
<emph>Electronic Thro#@#@#12#(ETM)</emph>
</ptxt>
</entry>
<entry align="left" valign="top">
<ptxt>
<emph>For the signals#@#@#116#tion.</emph>
</ptxt>
</entry>
</row>
<row>
<entry align="left" valign="top">
<ptxt>
<emph>4/71</emph>
</ptxt>
</entry>
<entry align="left" valign="top">
<ptxt>
<emph>Electronic Fan #@#@#9#odule</emph>
</ptxt>
</entry>
<entry align="left" valign="top">
<ptxt>
<emph>For the signals#@#@#113#tion.</emph>
</ptxt>
</entry>
</row>
<row>
<entry align="left" valign="top">
<ptxt>
<emph>5/1</emph>
</ptxt>
</entry>
<entry align="left" valign="top">
<ptxt>
<emph>Central Electro#@#@#11#(CEM)</emph>
</ptxt>
</entry>
<entry align="left" valign="top">
<ptxt>
<emph>For the signals#@#@#118#tion.</emph>
</ptxt>
</entry>
</row>
<row>
<entry align="left" valign="top">
<ptxt>7/15</ptxt>
</entry>
<entry align="left" valign="top">
<ptxt>Front heated ox#@#@#15#2S) 1</ptxt>
</entry>
<entry align="left" valign="top">
<ptxt>Power supply fo#@#@#16#ement</ptxt>
</entry>
</row>
<row>
<entry align="left" valign="top">
<ptxt>7/82</ptxt>
</entry>
<entry align="left" valign="top">
<ptxt>Rear heated oxy#@#@#14#2S) 2</ptxt>
</entry>
<entry align="left" valign="top">
<ptxt>Power supply fo#@#@#16#ement</ptxt>
</entry>
</row>
<row>
<entry align="left" valign="top">
<ptxt>
<emph>7/103</emph>
</ptxt>
</entry>
<entry align="left" valign="top">
<ptxt>
<emph>Rear heated oxy#@#@#14#2S) 3</emph>
</ptxt>
</entry>
<entry align="left" valign="top">
<ptxt>
<emph>Power supply fo#@#@#16#ement</emph>
</ptxt>
</entry>
</row>
<row>
<entry align="left" valign="top">
<ptxt>
<emph>7/104</emph>
</ptxt>
</entry>
<entry align="left" valign="top">
<ptxt>
<emph>Front heated ox#@#@#15#2S) 4</emph>
</ptxt>
</entry>
<entry align="left" valign="top">
<ptxt>
<emph>Power supply fo#@#@#16#ement</emph>
</ptxt>
</entry>
</row>
<row>
<entry align="left" valign="top">
<ptxt>8/6 - </ptxt>
<ptxt>8/11</ptxt>
</entry>
<entry align="left" valign="top">
<ptxt>Injectors </ptxt>
</entry>
<entry align="left" valign="top">
<ptxt>Controlled indi#@#@#20#ly).
</ptxt>
</entry>
</row>
<row>
<entry align="left" valign="top">
<ptxt>8/18</ptxt>
</entry>
<entry align="left" valign="top">
<ptxt>Canister purge #@#@#5#valve</ptxt>
</entry>
<entry align="left" valign="top">
<ptxt>Continuously co#@#@#75#side.</ptxt>
</entry>
</row>
<row>
<entry align="left" valign="top">
<ptxt>
<emph>8/19</emph>
</ptxt>
</entry>
<entry align="left" valign="top">
<ptxt>
<emph>Continuously Va#@#@#35#CVVT)</emph>
</ptxt>
</entry>
<entry align="left" valign="top">
<ptxt>
<emph>Continuously co#@#@#150#haft.</emph>
</ptxt>
</entry>
</row>
<row>
<entry align="left" valign="top">
<ptxt>8/28</ptxt>
</entry>
<entry align="left" valign="top">
<ptxt>Turbocharger (T#@#@#11#valve</ptxt>
</entry>
<entry align="left" valign="top">
<ptxt>Controls turboc#@#@#75#stem.</ptxt>
</entry>
</row>
<row>
<entry align="left" valign="top">
<ptxt>8/44</ptxt>
</entry>
<entry align="left" valign="top">
<ptxt>Fresh air valve#@#@#16# (CP)</ptxt>
</entry>
<entry align="left" valign="top">
<ptxt>The valve is ei#@#@#85#stic.</ptxt>
</entry>
</row>
<row>
<entry align="left" valign="top">
<ptxt>20/3 -</ptxt>
<ptxt>20/8</ptxt>
</entry>
<entry align="left" valign="top">
<ptxt>Ignition coil/p#@#@#25#1 - 6</ptxt>
</entry>
<entry align="left" valign="top">
<ptxt>Separate igniti#@#@#98#ower.</ptxt>
</entry>
</row>
<row>
<entry align="left" valign="top"/>
<entry align="left" valign="top">
<ptxt>Malfunction ind#@#@#35#gine
</ptxt>
<ptxt> Other = engine#@#@#2#ymbol</ptxt>
</entry>
<entry align="left" valign="top">
<ptxt>The lamp lights#@#@#229#dule.</ptxt>
</entry>
</row>
</tbody>
</tgroup>
</table>
</topic>
</servinfosub>