<?xml version="1.0" encoding="UTF-8"?><servinfosub IE-ID="en-US0900c8af823dbf0f" docno="VCC-165779" id="KC08803278" servinfosubId="nev20685113n1-nev20685113n2" servinfosubRes="0900c8af862c1b69" servinfosubRes2="urn:x-nevis:fragment:0900c8af823dbf0f:0900c8af862c1b69#nev20685113n2" xml:lang="en-US">
<title>Description of #@#@#60#ation</title>
<procedure>
<stepgrp>
<procstep>
<title>Contents</title>
<para>
<ptxt>Select type of #@#@#7#tion.</ptxt>
</para>
<list1 enumtype="d" type="unordered">
<item>
<ptxt>
<xref>
<ref id="nev20685113n1-KC09024072"/>
</xref>
</ptxt>
</item>
</list1>
</procstep>
</stepgrp>
</procedure>
</servinfosub>