<?xml version="1.0" encoding="UTF-8"?><servinfosub IE-ID="en-US0900c8af84f99f0f" docno="VCC-417625" id="nev15775311n1" xml:lang="en-US">
<title>
<phrase category="Title" id="nev15775311n2" phrase-urn="urn:x-nevis:phrase:0800c8af81eb9a54">Diagnostic trou#@#@#21#ation</phrase>
<phrase category="Prefix" id="nev15775311n3" phrase-urn="urn:x-nevis:phrase:0800c8af8015c3f5">ECM</phrase>-P008B22</title>
<diagnostic j2008use="1" paperuse="1" screenuse="1" type="condition">
<condgrp>
<condition type="condition">
<grate>
<graphic id="nev15775311n4">
<href>0900c8af8005d08#@#@#9#.jpeg</href>
</graphic>
<graphtext>
<para>
<ptxt>
<phrase category="" id="nev15775311n5" phrase-urn="urn:x-nevis:phrase:0800c8af823376de">The engine cont#@#@#481#rame.</phrase>
</ptxt>
<ptxt>
<phrase category="" id="nev15775311n6" phrase-urn="urn:x-nevis:phrase:0800c8af823376df">The diagnostic #@#@#57#ling.</phrase>
</ptxt>
<ptxt>
<phrase category="" id="nev15775311n7" phrase-urn="urn:x-nevis:phrase:0800c8af823376e0">For information#@#@#58#ion. </phrase>
</ptxt>
</para>
</graphtext>
</grate>
</condition>
</condgrp>
<condgrp>
<condition type="substitution">
<list1 enumtype="d" type="unordered">
<item>
<ptxt>
<phrase category="" id="nev15775311n8" phrase-urn="urn:x-nevis:phrase:0800c8af823376e1">None.</phrase>
</ptxt>
</item>
</list1>
</condition>
<ps>
<list1 enumtype="d" type="unordered">
<item id="nev15775311n9">
<ptxt id="nev15775311n10">
<phrase category="Possible source" id="nev15775312n1" phrase-urn="urn:x-nevis:phrase:0800c8af8389a806">The cable for v#@#@#63#tage.</phrase>
</ptxt>
</item>
<item>
<ptxt>
<phrase category="" id="nev15775312n2" phrase-urn="urn:x-nevis:phrase:0800c8af823376e2">Damaged fuel pr#@#@#8#ensor</phrase>
</ptxt>
</item>
<item>
<ptxt>
<phrase category="" id="nev15775312n3" phrase-urn="urn:x-nevis:phrase:0800c8af823376e3">Damaged fuel pu#@#@#13#dule.</phrase>
</ptxt>
</item>
</list1>
</ps>
</condgrp>
<condgrp>
<condition type="symptom">
<list1 enumtype="d" type="unordered">
<item>
<ptxt>
<phrase category="Symptom CSC" id="nev15775312n4" phrase-urn="urn:x-nevis:phrase:0800c8af8388f076">DL, Warning lig#@#@#85#ation</phrase>
</ptxt>
</item>
<item>
<ptxt>
<phrase category="Symptom CSC" id="nev15775312n5" phrase-urn="urn:x-nevis:phrase:0800c8af8388f019">AJ, Driving/Poo#@#@#20#power</phrase>
</ptxt>
</item>
<item>
<ptxt>
<phrase category="Symptom CSC" id="nev15775312n6" phrase-urn="urn:x-nevis:phrase:0800c8af8388f02f">BB, Driving/Eng#@#@#30#times</phrase>
</ptxt>
</item>
</list1>
</condition>
</condgrp>
</diagnostic>
</servinfosub>