<?xml version="1.0" encoding="UTF-8"?><servinfosub IE-ID="en-US0900c8af8493520a" docno="VCC-370238" id="nev13711047n1" original="sv-SE" servinfosubId="nev13711048n1-nev14532960n1" servinfosubRes="0900c8af84935a97" servinfosubRes2="urn:x-nevis:fragment:0900c8af8493520a:0900c8af84935a97#nev14532960n1" xml:lang="en-US">
<title id="nev13711044n92">Carrier plate</title>
<toolitemtable id="nev13711048n1-nev14537740n75">
<table id="nev13711048n1-nev14537740n74">
<tgroup cols="2" id="nev13711048n1-nev14537740n73">
<colspec colname="COLSPEC0" colwidth="1.00*" id="nev13711048n1-nev14537740n72"/>
<colspec colname="COLSPEC1" colwidth="1.00*" id="nev13711048n1-nev14537740n71"/>
<thead id="nev13711048n1-nev14537740n70">
<row id="nev13711048n1-nev14537740n69">
<entry id="nev13711048n1-nev14537740n68" nameend="COLSPEC1" namest="COLSPEC0" valign="top">
<ptxt id="nev13711048n1-nev14537740n67">
<emph id="nev13711048n1-nev14537740n66">Special tools</emph>
</ptxt>
</entry>
</row>
</thead>
<tbody id="nev13711048n1-nev14537740n64">
<row id="nev13711048n1-nev14537740n63">
<entry id="nev13711048n1-nev14537740n62">
<graphic id="nev13711048n1-nev14537740n61">
<href>0900c8af83fbf70#@#@#9#.jpeg</href>
</graphic>
</entry>
<entry id="nev13711048n1-nev14537740n60">
<ptxt id="nev13711048n1-nev14537740n59">
<emph id="nev13711048n1-nev14537740n58">999 7120 Gear sector</emph>
</ptxt>
<ptxt id="nev13711048n1-nev14537740n56">
<emph id="nev13711048n1-nev14537740n55">Tool number:</emph>999 7120</ptxt>
<ptxt id="nev13711048n1-nev14537740n53">
<emph id="nev13711048n1-nev14537740n52">Tool description:</emph>Gear sector</ptxt>
<ptxt id="nev13711048n1-nev14537740n49">
<emph id="nev13711048n1-nev14537740n48">Tool boards:</emph>21</ptxt>
</entry>
</row>
<row id="nev13711048n1-nev14537740n46">
<entry id="nev13711048n1-nev14537740n45">
<graphic id="nev13711048n1-nev14537740n44">
<href>0900c8af800547a#@#@#9#.jpeg</href>
</graphic>
</entry>
<entry id="nev13711048n1-nev14537740n43">
<ptxt id="nev13711048n1-nev14537740n42">
<emph id="nev13711048n1-nev14537740n41">999 5678 Specia#@#@#25#B6304</emph>
</ptxt>
<ptxt id="nev13711048n1-nev14537740n39">
<emph id="nev13711048n1-nev14537740n38">Tool number:</emph>999 5678</ptxt>
<ptxt id="nev13711048n1-nev14537740n36">
<emph id="nev13711048n1-nev14537740n35">Tool description:</emph>Special screw (#@#@#16#B6304</ptxt>
<ptxt id="nev13711048n1-nev14537740n32">
<emph id="nev13711048n1-nev14537740n31">Tool boards:</emph>21</ptxt>
</entry>
</row>
</tbody>
</tgroup>
</table>
</toolitemtable>
<procedure id="nev13711048n1-nev14532962n3">
<stepgrp boilerplate="false" context="" id="nev13711048n1-nev14535155n2">
<title id="nev13711048n1-nev14533072n59">Removal</title>
<procstep id="nev13711048n1-nev14532956n58">
<para id="nev13711048n1-nev14537740n99">
<ptxt id="nev13711048n1-nev14537740n100">Remove transmission<xref boilerplate="true" id="nev13711048n1-nev14533072n54">
<ref id="nev13711048n1-nev14533072n56"/>
</xref>
</ptxt>
</para>
</procstep>
<procstep id="nev13711048n1-nev14533070n28">
<grate id="nev13711048n1-nev14533072n52">
<graphic id="nev13711048n1-nev14533072n53">
<href>0900c8af8493527#@#@#9#.jpeg</href>
</graphic>
<graphtext id="nev13711048n1-nev14537753n1">
<para id="nev13711048n1-nev14537740n96">
<ptxt id="nev13711048n1-nev14537740n97">
<torque id="nev13711048n1-nev14533072n51">
<ref id="nev13711048n1-nev14533072n49"/>
</torque>
</ptxt>
</para>
</graphtext>
</grate>
</procstep>
<procstep id="nev13711048n1-nev14533019n81">
<grate id="nev13711048n1-nev14533072n46">
<graphic id="nev13711048n1-nev14533072n47">
<href>0900c8af835df41#@#@#9#.jpeg</href>
</graphic>
<graphtext id="nev13711048n1-nev14537760n1">
<para id="nev13711048n1-nev14537740n94">
<ptxt id="nev13711048n1-nev14537740n95">
<toolitem boilerplate="true" id="nev13711048n1-nev14533072n44" imageid="0900c8af83fbf70c"/>
</ptxt>
</para>
</graphtext>
</grate>
</procstep>
</stepgrp>
<stepgrp boilerplate="false" context="" id="nev13711048n1-nev14537740n93">
<title id="nev13711048n1-nev14533072n41">Installation</title>
<procstep id="nev13711048n1-nev14532965n7">
<grate id="nev13711048n1-nev14533072n39">
<graphic id="nev13711048n1-nev14533072n40">
<href>0900c8af835dfa7#@#@#9#.jpeg</href>
</graphic>
<graphtext id="nev13711048n1-nev14537767n1">
<caution id="nev13711048n1-nev14537740n91">
<ptxt>Make sure that #@#@#91#olts.</ptxt>
</caution>
<note id="nev13711048n1-nev14537740n89">
<ptxt>Make sure that #@#@#90#late.</ptxt>
</note>
<para id="nev13711048n1-nev14537740n86">
<ptxt id="nev13711048n1-nev14537740n87">
<toolitem boilerplate="true" id="nev13711048n1-nev14533072n37" imageid="0900c8af800547ab"/>
</ptxt>
</para>
</graphtext>
</grate>
</procstep>
<procstep id="nev13711048n1-nev14533030n71">
<grate id="nev13711048n1-nev14533072n34">
<graphic id="nev13711048n1-nev14533072n35">
<href>0900c8af835dfd0#@#@#9#.jpeg</href>
</graphic>
<graphtext id="nev13711048n1-nev14537774n1">
<para id="nev13711048n1-nev14537740n84">
<ptxt id="nev13711048n1-nev14537740n85">
<toolitem boilerplate="true" id="nev13711048n1-nev14533072n32" imageid="0900c8af83fbf70c"/>
</ptxt>
</para>
<para id="nev13711048n1-nev14537740n82">
<ptxt id="nev13711048n1-nev14537740n83">
<torque id="nev13711048n1-nev14533072n30">
<ref id="nev13711048n1-nev14533072n28"/>
</torque>
</ptxt>
</para>
</graphtext>
</grate>
</procstep>
<procstep id="nev13711048n1-nev14533060n69">
<grate id="nev13711048n1-nev14533072n25">
<graphic id="nev13711048n1-nev14533072n26">
<href>0900c8af835e000#@#@#9#.jpeg</href>
</graphic>
<graphtext id="nev13711048n1-nev14537784n1">
<para id="nev13711048n1-nev14537740n80">
<ptxt id="nev13711048n1-nev14537740n81">
<torque id="nev13711048n1-nev14533072n24">
<ref id="nev13711048n1-nev14533072n22"/>
</torque>
</ptxt>
</para>
</graphtext>
</grate>
</procstep>
<procstep id="nev13711048n1-nev14533064n56">
<para id="nev13711048n1-nev14537740n78">
<ptxt id="nev13711048n1-nev14537740n79">Install the tra#@#@#4#ssion<xref boilerplate="true" id="nev13711048n1-nev14533072n16">
<ref id="nev13711048n1-nev14533072n18"/>
</xref>
</ptxt>
</para>
</procstep>
</stepgrp>
</procedure>
</servinfosub>