<?xml version="1.0" encoding="UTF-8"?><servinfosub IE-ID="en-US0900c8af8180420a" docno="VCC-108670" id="KC01108253" xml:lang="en-US">
<title>
<phrase category="" id="KC09330261" phrase-urn="urn:x-nevis:phrase:0800c8af826e4670">Software download</phrase>
</title>
<diagnostic j2008use="1" paperuse="1" screenuse="1" type="test">
<testgrp IE-ID="en-US0900c8af8180420a_KC01172235" id="KC01172235" j2008use="1" paperuse="1" resumable="1" screenuse="1" testgrp-id="vct" x="120" y="40">
<title>
<phrase category="" id="KC09330262" phrase-urn="urn:x-nevis:phrase:0800c8af826e4671">VCT</phrase>
</title>
<subcalloutnode>
<diagcallout>
<xref>
<ref id="KC09330263"/>
</xref>
</diagcallout>
<rescall-grp>
<result comp="string" highlight="0" op="eq" return="DONE"/>
<calloutaction>
<ptxt>
<xref>
<ref id="KC09330264"/>
</xref>
</ptxt>
</calloutaction>
</rescall-grp>
</subcalloutnode>
</testgrp>
<testgrp id="KC01172236" j2008use="1" paperuse="1" resumable="1" screenuse="1" testgrp-id="completion" x="120" y="600">
<title>
<phrase category="" id="KC09330265" phrase-urn="urn:x-nevis:phrase:0800c8af826e4672">Completion</phrase>
</title>
<node>
<test1>
<test2>
<para>
<ptxt>
<phrase category="" id="KC09330266" phrase-urn="urn:x-nevis:phrase:0800c8af826e4673">The software ha#@#@#39#icle.</phrase>
</ptxt>
</para>
<para>
<ptxt>
<phrase category="" id="KC09330267" phrase-urn="urn:x-nevis:phrase:0800c8af826e4674">Information of #@#@#128#ase. </phrase>
</ptxt>
</para>
<para>
<ptxt>
<phrase category="" id="KC09330268" phrase-urn="urn:x-nevis:phrase:0800c8af826e4675">Perform a deliv#@#@#56#mer. </phrase>
</ptxt>
</para>
</test2>
</test1>
<question>
Select Continu#@#@#6#xit.
</question>
<resact-grp>
<result button="cont" comp="button" highlight="0"/>
<action j2008use="1" paperuse="1" screenuse="1">
<return value="DONE"/>
</action>
</resact-grp>
</node>
</testgrp>
<testgrp id="KC01172237" j2008use="1" paperuse="1" resumable="1" screenuse="1" testgrp-id="uemcode1" x="120" y="440">
<title>
<phrase category="" id="KC09330270" phrase-urn="urn:x-nevis:phrase:0800c8af826e4677">Programming of #@#@#24#codes</phrase>
</title>
<node>
<test1>
<test2>
<para>
<ptxt>
<phrase category="" id="KC09330271" phrase-urn="urn:x-nevis:phrase:0800c8af826e4678">VIDA will autom#@#@#97#UEM. </phrase>
</ptxt>
</para>
<note>
<ptxt>
<phrase category="" id="KC09330272" phrase-urn="urn:x-nevis:phrase:0800c8af826e4679">Please wait! Th#@#@#37#utes.</phrase>
</ptxt>
</note>
<diaglist>
<dgraphic>
<dgraphic2>
<smarttool id="KC09330273" toolname="XUEMCODES"/>
</dgraphic2>
</dgraphic>
<ditem>
<ditemtext>
<ptxt>
<phrase category="" id="KC09330274" phrase-urn="urn:x-nevis:phrase:0800c8af826e467a"/>
</ptxt>
</ditemtext>
</ditem>
</diaglist>
</test2>
</test1>
<question/>
<resact-grp>
<result comp="numeric" highlight="0" op="eq" return="0"/>
<action j2008use="1" paperuse="1" screenuse="1">
<ptxt>
<xref>
<ref id="KC09330276"/>
</xref>
</ptxt>
</action>
</resact-grp>
<resact-grp>
<result comp="numeric" highlight="0" op="eq" return="-32000"/>
<action j2008use="1" paperuse="1" screenuse="1">
<ptxt>
<xref>
<ref id="KC09330277"/>
</xref>
</ptxt>
</action>
</resact-grp>
<resact-grp>
<result comp="numeric" highlight="0" op="eq" return="-32008"/>
<action j2008use="1" paperuse="1" screenuse="1">
<ptxt>
<xref>
<ref id="KC09330278"/>
</xref>
</ptxt>
</action>
</resact-grp>
<resact-grp>
<result comp="numeric" highlight="0" op="eq" return="-33000"/>
<action j2008use="1" paperuse="1" screenuse="1">
<ptxt>
<xref>
<ref id="KC09330279"/>
</xref>
</ptxt>
</action>
</resact-grp>
<resact-grp>
<result comp="numeric" highlight="0" op="eq" return="24577"/>
<action j2008use="1" paperuse="1" screenuse="1">
<ptxt>
<xref>
<ref id="KC09330280"/>
</xref>
</ptxt>
</action>
</resact-grp>
<resact-grp>
<result comp="numeric" highlight="0" op="eq" return="25419"/>
<action j2008use="1" paperuse="1" screenuse="1">
<ptxt>
<xref>
<ref id="KC09330281"/>
</xref>
</ptxt>
</action>
</resact-grp>
<resact-grp>
<result comp="numeric" highlight="0" op="eq" return="25468"/>
<action j2008use="1" paperuse="1" screenuse="1">
<ptxt>
<xref>
<ref id="KC09330282"/>
</xref>
</ptxt>
</action>
</resact-grp>
<resact-grp>
<result comp="numeric" highlight="0" op="eq" return="25456"/>
<action j2008use="1" paperuse="1" screenuse="1">
<ptxt>
<xref>
<ref id="KC09330283"/>
</xref>
</ptxt>
</action>
</resact-grp>
<resact-grp>
<result comp="numeric" highlight="0" op="eq" return="25345"/>
<action j2008use="1" paperuse="1" screenuse="1">
<ptxt>
<xref>
<ref id="KC09330284"/>
</xref>
</ptxt>
</action>
</resact-grp>
<resact-grp>
<result comp="numeric" highlight="0" op="eq" return="-100033"/>
<action j2008use="1" paperuse="1" screenuse="1">
<ptxt>
<xref>
<ref id="KC09330285"/>
</xref>
</ptxt>
</action>
</resact-grp>
<resact-grp>
<result comp="numeric" highlight="0" op="eq" return="-100034"/>
<action j2008use="1" paperuse="1" screenuse="1">
<ptxt>
<xref>
<ref id="KC09330286"/>
</xref>
</ptxt>
</action>
</resact-grp>
<resact-grp>
<result comp="numeric" highlight="0" op="eq" return="-100051"/>
<action j2008use="1" paperuse="1" screenuse="1">
<ptxt>
<xref>
<ref id="KC09330287"/>
</xref>
</ptxt>
</action>
</resact-grp>
</node>
</testgrp>
<testgrp id="KC01172238" j2008use="1" paperuse="1" resumable="1" screenuse="1" testgrp-id="comfail2" x="280" y="440">
<title>
<phrase category="" id="KC09330288" phrase-urn="urn:x-nevis:phrase:0800c8af826e467c"/>
</title>
<subcalloutnode>
<diagcallout>
<xref>
<ref id="KC09330289"/>
</xref>
</diagcallout>
<rescall-grp>
<result comp="string" highlight="0" op="eq" return="YES"/>
<calloutaction>
<ptxt>
<xref>
<ref id="KC09330290"/>
</xref>
</ptxt>
</calloutaction>
</rescall-grp>
<rescall-grp>
<result comp="string" highlight="0" op="eq" return="NO"/>
<calloutaction>
<return value="DONE"/>
</calloutaction>
</rescall-grp>
</subcalloutnode>
</testgrp>
<testgrp id="KC01172239" j2008use="1" paperuse="1" resumable="1" screenuse="1" testgrp-id="uemfail" x="280" y="520">
<title>
<phrase category="" id="KC09330291" phrase-urn="urn:x-nevis:phrase:0800c8af826e467d"/>
</title>
<subcalloutnode>
<diagcallout>
<xref>
<ref id="KC09330292"/>
</xref>
</diagcallout>
<rescall-grp>
<result comp="string" highlight="0" op="eq" return="YES"/>
<calloutaction>
<ptxt>
<xref>
<ref id="KC09330293"/>
</xref>
</ptxt>
</calloutaction>
</rescall-grp>
<rescall-grp>
<result comp="string" highlight="0" op="eq" return="NO"/>
<calloutaction>
<return value="DONE"/>
</calloutaction>
</rescall-grp>
</subcalloutnode>
</testgrp>
<testgrp id="KC01172240" j2008use="1" paperuse="1" resumable="1" screenuse="1" testgrp-id="preparations" x="120" y="120">
<title>
<phrase category="" id="KC09330294" phrase-urn="urn:x-nevis:phrase:0800c8af826e467e"/>
</title>
<subcalloutnode>
<diagcallout>
<xref>
<ref id="KC09330295"/>
</xref>
</diagcallout>
<rescall-grp>
<result comp="string" highlight="0" op="eq" return="DONE"/>
<calloutaction>
<ptxt>
<xref>
<ref id="KC09330296"/>
</xref>
</ptxt>
</calloutaction>
</rescall-grp>
</subcalloutnode>
</testgrp>
<testgrp id="KC01172241" j2008use="1" paperuse="1" resumable="1" screenuse="1" testgrp-id="verify" x="120" y="200">
<title>
<phrase category="" id="KC09330297" phrase-urn="urn:x-nevis:phrase:0800c8af826e467f"/>
</title>
<subcalloutnode>
<diagcallout>
<xref>
<ref id="KC09330298"/>
</xref>
</diagcallout>
<rescall-grp>
<result comp="string" highlight="0" op="eq" return="OK"/>
<calloutaction>
<ptxt>
<xref>
<ref id="KC09330299"/>
</xref>
</ptxt>
</calloutaction>
</rescall-grp>
<rescall-grp>
<result comp="string" highlight="0" op="eq" return="NOK"/>
<calloutaction>
<return value="DONE"/>
</calloutaction>
</rescall-grp>
</subcalloutnode>
</testgrp>
<testgrp id="KC01172242" j2008use="1" paperuse="1" resumable="1" screenuse="1" testgrp-id="download" x="120" y="280">
<title>
<phrase category="" id="KC09330300" phrase-urn="urn:x-nevis:phrase:0800c8af826e4680"/>
</title>
<subcalloutnode>
<diagcallout>
<xref>
<ref id="KC09330301"/>
</xref>
</diagcallout>
<rescall-grp>
<result comp="string" highlight="0" op="eq" return="OK"/>
<calloutaction>
<ptxt>
<xref>
<ref id="KC09330302"/>
</xref>
</ptxt>
</calloutaction>
</rescall-grp>
<rescall-grp>
<result comp="string" highlight="0" op="eq" return="NOT OK"/>
<calloutaction>
<return value="DONE"/>
</calloutaction>
</rescall-grp>
</subcalloutnode>
</testgrp>
<testgrp id="KC01172243" j2008use="1" paperuse="1" resumable="1" screenuse="1" testgrp-id="confirm" x="120" y="360">
<title>
<phrase category="" id="KC09330303" phrase-urn="urn:x-nevis:phrase:0800c8af826e4681"/>
</title>
<subcalloutnode>
<diagcallout>
<xref>
<ref id="KC09330304"/>
</xref>
</diagcallout>
<rescall-grp>
<result comp="string" highlight="0" op="eq" return="OK"/>
<calloutaction>
<ptxt>
<xref>
<ref id="KC09330305"/>
</xref>
</ptxt>
</calloutaction>
</rescall-grp>
<rescall-grp>
<result comp="string" highlight="0" op="eq" return="NOT OK"/>
<calloutaction>
<return value="DONE"/>
</calloutaction>
</rescall-grp>
</subcalloutnode>
</testgrp>
</diagnostic>
</servinfosub>