<?xml version="1.0" encoding="UTF-8"?><servinfosub IE-ID="en-US0900c8af8047f20a" docno="VCC-065785" id="KC01502237" xml:lang="en-US">
<title>25813 Replacing#@#@#29#01/96</title>
<para>
<ptxt>At the beginnin#@#@#263#pump.</ptxt>
<ptxt>At the beginnin#@#@#210#tems.</ptxt>
</para>
<grate>
<graphic id="KC07056497" width="column">
<href>0900c8af801277d#@#@#9#.jpeg</href>
</graphic>
<graphtext>
<ptxt>On the engines #@#@#140#crew.</ptxt>
<ptxt>
<emph>This hose is no#@#@#23#part.</emph>
</ptxt>
</graphtext>
</grate>
<grate>
<graphic id="KC07056498" width="column">
<href>0900c8af801277e#@#@#9#.jpeg</href>
</graphic>
<graphtext>
<ptxt>If the above pi#@#@#86#P/N 
<emph>9179305-9</emph>.</ptxt>
<table frame="none">
<title>If this pipe is#@#@#70#elow:</title>
<tgroup align="left" char="" charoff="50" cols="3" colsep="0" rowsep="0">
<colspec colwidth="192*"/>
<colspec colwidth="87*"/>
<colspec colname="col3" colwidth="177*"/>
<tbody valign="top">
<row>
<entry align="left" rotate="0" valign="top">
<ptxt>B5202S/B5252S</ptxt>
</entry>
<entry align="left" colname="col3" rotate="0" valign="top">
<ptxt>9179301-8</ptxt>
</entry>
</row>
<row>
<entry align="left" rotate="0" valign="top">
<ptxt>B5254S</ptxt>
</entry>
<entry align="left" colname="col3" rotate="0" valign="top">
<ptxt>9179300-6</ptxt>
</entry>
</row>
</tbody>
</tgroup>
</table>
</graphtext>
</grate>
</servinfosub>