<?xml version="1.0" encoding="UTF-8"?><servinfosub IE-ID="en-US0900c8af84ab020a" docno="VCC-399074" id="nev14866352n1" xml:lang="en-US">
<title>
<phrase category="Title" id="nev14866352n2" phrase-urn="urn:x-nevis:phrase:0800c8af81eb9a54">Diagnostic trou#@#@#21#ation</phrase>
</title>
<diagnostic j2008use="1" paperuse="1" screenuse="1" type="condition">
<condgrp>
<condition type="condition">
<grate>
<graphtext>
<ptxt>
<phrase category="" id="nev14866352n3" phrase-urn="urn:x-nevis:phrase:0800c8af823dc2f1">If the Engine C#@#@#192#ning.</phrase>
</ptxt>
</graphtext>
</grate>
</condition>
</condgrp>
<condgrp>
<condition type="substitution">
<list1 enumtype="d" type="unordered">
<item>
<ptxt>
<phrase category="" id="nev14866352n4" phrase-urn="urn:x-nevis:phrase:0800c8af823dc2f2">Nothing.</phrase>
</ptxt>
</item>
</list1>
</condition>
<ps>
<list1 enumtype="d" type="unordered">
<item>
<ptxt>
<phrase category="" id="nev14866352n7" phrase-urn="urn:x-nevis:phrase:0800c8af823dc2f3">Fault in turbo #@#@#3#trol.</phrase>
</ptxt>
</item>
</list1>
</ps>
</condgrp>
<condgrp>
<condition type="symptom">
<list1 enumtype="d" type="unordered">
<item>
<ptxt>
<phrase category="Symptom CSC" id="nev15029700n1" phrase-urn="urn:x-nevis:phrase:0800c8af84004ee5">1Q, Driving/Poo#@#@#32#e off</phrase>
</ptxt>
</item>
<item id="nev15029699n92">
<ptxt id="nev15029699n91">
<phrase category="Symptom CSC" id="nev15029701n1" phrase-urn="urn:x-nevis:phrase:0800c8af8388f019">AJ, Driving/Poo#@#@#20#power</phrase>
</ptxt>
</item>
<item id="nev15029699n94">
<ptxt id="nev15029699n93">
<phrase category="Symptom CSC" id="nev15029702n1" phrase-urn="urn:x-nevis:phrase:0800c8af8388f021">AK, Driving/Hes#@#@#33#times</phrase>
</ptxt>
</item>
<item id="nev15029699n96">
<ptxt id="nev15029699n95">
<phrase category="Symptom CSC" id="nev15029703n1" phrase-urn="urn:x-nevis:phrase:0800c8af8388f01b">AL, Driving/Hes#@#@#28#ation</phrase>
</ptxt>
</item>
<item id="nev15029699n98">
<ptxt id="nev15029699n97">
<phrase category="Symptom CSC" id="nev15029704n1" phrase-urn="urn:x-nevis:phrase:0800c8af8388f01f">AM, Driving/Hes#@#@#28#ation</phrase>
</ptxt>
</item>
<item id="nev15029699n100">
<ptxt id="nev15029699n99">
<phrase category="Symptom CSC" id="nev15029705n1" phrase-urn="urn:x-nevis:phrase:0800c8af8388eff8">BV, Driving/Hes#@#@#24#speed</phrase>
</ptxt>
</item>
</list1>
</condition>
</condgrp>
</diagnostic>
</servinfosub>