<?xml version="1.0" encoding="UTF-8"?><servinfosub IE-ID="en-US0900c8af85fa6b09" docno="VCC-465779" id="nev19696579n1" xml:lang="en-US">
<title>
<phrase category="Title" id="nev20575475n1" phrase-urn="urn:x-nevis:phrase:0800c8af81ea4c43">Fault-tracing i#@#@#5#ation</phrase>
</title>
<diagnostic j2008use="1" layout="0" paperuse="1" screenuse="1" type="test">
<testgrp IE-ID="en-US0900c8af85fa6b09_nev19696579n3" id="nev19696579n3" j2008use="1" paperuse="1" resumable="1" screenuse="1" testgrp-id="node1" x="160" y="80">
<title>
<phrase category="" id="nev19696579n4" phrase-urn="urn:x-nevis:phrase:0800c8af81718a88">Information</phrase>
</title>
<node>
<test1>
<test2>
<para id="nev19696579n5">
<ptxt id="nev19696579n6">
<phrase category="" id="nev19696579n7" phrase-urn="urn:x-nevis:phrase:0800c8af81718a89">There is no fau#@#@#43#DTC).</phrase>
</ptxt>
<ptxt id="nev19696579n8">
<phrase category="Faulttracing" id="nev19696579n9" phrase-urn="urn:x-nevis:phrase:0800c8af82264bf7">For further inf#@#@#83#tion.</phrase>
</ptxt>
</para>
</test2>
</test1>
<question>
Select "Contin#@#@#8#xit.
</question>
<resact-grp>
<result button="cont" comp="button" highlight="0"/>
<action j2008use="1" paperuse="1" screenuse="1">
<return value="DONE"/>
</action>
</resact-grp>
</node>
</testgrp>
</diagnostic>
</servinfosub>