<?xml version="1.0" encoding="UTF-8"?><servinfosub IE-ID="en-US0900c8af83e63b09" docno="VCC-154334" id="KC02737481" xml:lang="en-US">
<title>
<phrase category="" id="KC09485093" phrase-urn="urn:x-nevis:phrase:0800c8af8270e9b4">Signal too low</phrase>
</title>
<diagnostic j2008use="1" layout="0" paperuse="1" screenuse="1" type="test">
<testgrp IE-ID="en-US0900c8af83e63b09_KC02784536" id="KC02784536" j2008use="1" paperuse="1" resumable="1" screenuse="1" testgrp-id="node1" x="80" y="120">
<title>
<phrase category="" id="KC09485094" phrase-urn="urn:x-nevis:phrase:0800c8af8270e9b5">Checking the status</phrase>
</title>
<node>
<test1>
<diaglist>
<dgraphic>
<dgraphic1>
<graphic id="KC09485095">
<href>0900c8af80054d5#@#@#9#.jpeg</href>
</graphic>
</dgraphic1>
</dgraphic>
<ditem>
<ptxt>
<phrase category="" id="KC09485096" phrase-urn="urn:x-nevis:phrase:0800c8af8270e9b7">Ignition on.</phrase>
</ptxt>
</ditem>
</diaglist>
<test2>
<para>
<ptxt>
<phrase category="" id="KC09485097" phrase-urn="urn:x-nevis:phrase:0800c8af8270e9b8">
<emph>Instrument lighting</emph>
</phrase>
</ptxt>
</para>
<para>
<ptxt>
<phrase category="" id="KC09485098" phrase-urn="urn:x-nevis:phrase:0800c8af8270e9b9">Activate the in#@#@#13#ting.</phrase>
</ptxt>
</para>
<para>
<ptxt>
<phrase category="" id="KC09485099" phrase-urn="urn:x-nevis:phrase:0800c8af8270e9ba">Check if the fa#@#@#28#tent.</phrase>
</ptxt>
</para>
<para>
<ptxt>
<phrase category="" id="KC09485100" phrase-urn="urn:x-nevis:phrase:0800c8af8270e9bb">The instrument #@#@#43#ated.</phrase>
</ptxt>
</para>
<para>
<ptxt>
<phrase category="" id="KC09485101" phrase-urn="urn:x-nevis:phrase:0800c8af8270e9bc">The fault is pe#@#@#48#vate.</phrase>
</ptxt>
</para>
<para>
<ptxt>
<phrase category="" id="KC09485102" phrase-urn="urn:x-nevis:phrase:0800c8af8270e9bd">If the instrume#@#@#154#ent. </phrase>
</ptxt>
</para>
<diaglist>
<dgraphic>
<dgraphic2>
<graphic id="KC09485103">
<href>0900c8af86c8681#@#@#9#.jpeg</href>
</graphic>
<smarttool active="press" id="KC09485104" toolname="YCEM002E"/>
</dgraphic2>
</dgraphic>
</diaglist>
</test2>
</test1>
<question>
Select Continue.
</question>
<resact-grp>
<result button="cont" comp="button" highlight="0"/>
<action j2008use="1" paperuse="1" screenuse="1">
<ptxt>
<xref>
<ref id="KC09485107"/>
</xref>
</ptxt>
</action>
</resact-grp>
</node>
</testgrp>
<testgrp id="KC02784537" j2008use="1" paperuse="1" resumable="1" screenuse="1" testgrp-id="node2" x="80" y="260">
<title>
<phrase category="" id="KC09485108" phrase-urn="urn:x-nevis:phrase:0800c8af8270e9c0">Checking the co#@#@#13#iring</phrase>
</title>
<node>
<test1>
<test2>
<para>
<ptxt>
<phrase category="" id="KC09485109" phrase-urn="urn:x-nevis:phrase:0800c8af8270e9c1">Check the volta#@#@#189#ated.</phrase>
</ptxt>
</para>
<para>
<ptxt>
<phrase category="" id="KC09485110" phrase-urn="urn:x-nevis:phrase:0800c8af8270e9c2">Check the contr#@#@#48#ound.</phrase>
</ptxt>
</para>
<para>
<ptxt>
<phrase category="" id="KC09485111" phrase-urn="urn:x-nevis:phrase:0800c8af8270e9c3">Take readings b#@#@#2#ween:</phrase>
</ptxt>
</para>
<list1 enumtype="d" type="unordered">
<item>
<ptxt>
<phrase category="" id="KC09485112" phrase-urn="urn:x-nevis:phrase:0800c8af8270e9c4">Central electro#@#@#83# #12.</phrase>
</ptxt>
</item>
</list1>
<para>
<ptxt>
<phrase category="" id="KC09485113" phrase-urn="urn:x-nevis:phrase:0800c8af8270e9c5">Remedy as necessary.</phrase>
</ptxt>
</para>
<list1 enumtype="d" type="unordered">
<title>
<phrase category="" id="KC09485114" phrase-urn="urn:x-nevis:phrase:0800c8af8270e9c6">Other information</phrase>
</title>
<item>
<ptxt>
<xref id="nev12733738n100">
<ref id="l1173798802883"/>
</xref>
</ptxt>
</item>
<item>
<ptxt>
<xref id="nev12733748n100">
<ref id="l1173798816726"/>
</xref>
</ptxt>
</item>
<item>
<ptxt>
<xref id="nev12733738n96">
<ref id="l1173798832288"/>
</xref>
</ptxt>
</item>
<item>
<ptxt>
<xref id="nev12733738n94">
<ref id="l1173798852304"/>
</xref>
</ptxt>
</item>
<item>
<ptxt>
<xref id="nev12733738n92">
<ref id="l1173798898834"/>
</xref>
</ptxt>
</item>
</list1>
<diaglist>
<dgraphic>
<dgraphic1>
<graphic id="KC09485125">
<href>0900c8af80058b0#@#@#9#.jpeg</href>
</graphic>
</dgraphic1>
<dgraphic2>
<graphic id="KC09485126">
<href>0900c8af80054d4#@#@#9#.jpeg</href>
</graphic>
<smarttool active="press" id="KC09485127" toolname="ODAH"/>
</dgraphic2>
</dgraphic>
</diaglist>
<grate>
<graphic id="KC09485129">
<href>0900c8af80126ac#@#@#9#.jpeg</href>
</graphic>
</grate>
</test2>
</test1>
<question>
Select Continue.
</question>
<resact-grp>
<result button="cont" comp="button" highlight="0"/>
<action j2008use="1" paperuse="1" screenuse="1">
<ptxt>
<xref>
<ref id="KC09485131"/>
</xref>
</ptxt>
</action>
</resact-grp>
</node>
</testgrp>
<testgrp id="KC02784538" j2008use="1" paperuse="1" resumable="1" screenuse="1" testgrp-id="veria" x="80" y="420">
<title>
<phrase category="" id="KC09485132" phrase-urn="urn:x-nevis:phrase:0800c8af8270e9ce">Verification</phrase>
</title>
<subcalloutnode>
<diagcallout>
<xref>
<ref id="KC09485133"/>
</xref>
</diagcallout>
<rescall-grp>
<result comp="string" highlight="0" op="eq" return="VERIFIED"/>
<calloutaction>
<return value="FAULT FOUND"/>
</calloutaction>
</rescall-grp>
<rescall-grp>
<result comp="string" highlight="0" op="eq" return="VERIFICATION FAILED"/>
<calloutaction>
<ptxt>
<xref>
<ref id="KC09485134"/>
</xref>
</ptxt>
</calloutaction>
</rescall-grp>
</subcalloutnode>
</testgrp>
<testgrp id="KC02784539" j2008use="1" paperuse="1" resumable="1" screenuse="1" testgrp-id="info1" x="80" y="560">
<title>
<phrase category="" id="KC09485135" phrase-urn="urn:x-nevis:phrase:0800c8af8270e9cf">Fault-tracing i#@#@#5#ation</phrase>
</title>
<subcalloutnode>
<diagcallout>
<xref>
<ref id="KC09485136"/>
</xref>
</diagcallout>
<rescall-grp>
<result comp="string" highlight="0" op="eq" return="FAULTTRACING FAILED"/>
<calloutaction>
<return value="FAULTTRACING FAILED"/>
</calloutaction>
</rescall-grp>
<rescall-grp>
<result comp="string" highlight="0" op="eq" return="NEW TRY"/>
<calloutaction>
<ptxt>
<xref>
<ref id="KC09485137"/>
</xref>
</ptxt>
</calloutaction>
</rescall-grp>
</subcalloutnode>
</testgrp>
</diagnostic>
</servinfosub>