<?xml version="1.0" encoding="UTF-8"?><script xmlns:nevis="http://www.volvocars.com/namespaces/processing" xmlns:xlink="http://www.w3.org/1999/xlink" IE-ID="en-US0900c8af83632b09" docno="VCC-237331" id="nev10176036n1" nevis:expl-profile="mdl544yr2004, mdl545yr2004, mdl544yr2005, mdl545yr2005, mdl542yr2006, mdl544yr2006, mdl545yr2006, mdl542yr2007, mdl544yr2007, mdl545yr2007, mdl533yr2007, mdl544yr2008, mdl545yr2008, mdl533yr2008, mdl542yr2008, mdl533yr2009, mdl544yr2009, mdl545yr2009, mdl542yr2009, mdl544yr2010, mdl545yr2010, mdl542yr2010, mdl533yr2010, mdl533yr2011, mdl545yr2011, mdl542yr2011, mdl544yr2011, mdl544yr2012, mdl545yr2012, mdl533yr2012, mdl542yr2012, mdl530yr2011, mdl542yr2013, mdl533yr2013, mdl530yr2012, mdl530yr2013" nevis:profile="urn:x-nevis:profile:0b00c8af8020c058 urn:x-nevis:profile:0b00c8af8020c05a urn:x-nevis:profile:0b00c8af80da257b urn:x-nevis:profile:0b00c8af80da257d urn:x-nevis:profile:0b00c8af817ac33f urn:x-nevis:profile:0b00c8af823216e9 urn:x-nevis:profile:0b00c8af823216ee urn:x-nevis:profile:0b00c8af82e3ac56 urn:x-nevis:profile:0b00c8af82e5d02d urn:x-nevis:profile:0b00c8af82e5d352 urn:x-nevis:profile:0b00c8af82febdf9 urn:x-nevis:profile:0b00c8af839eaa60 urn:x-nevis:profile:0b00c8af839eacfa urn:x-nevis:profile:0b00c8af83aff6b3 urn:x-nevis:profile:0b00c8af83affa46 urn:x-nevis:profile:0b00c8af83f19e63 urn:x-nevis:profile:0b00c8af83f1a51f urn:x-nevis:profile:0b00c8af83f1a8d8 urn:x-nevis:profile:0b00c8af83f1ad9d urn:x-nevis:profile:0b00c8af8414dfad urn:x-nevis:profile:0b00c8af8414e27e urn:x-nevis:profile:0b00c8af8415509d urn:x-nevis:profile:0b00c8af841552ad urn:x-nevis:profile:0b00c8af847139c0 urn:x-nevis:profile:0b00c8af847139e3 urn:x-nevis:profile:0b00c8af847139e4 urn:x-nevis:profile:0b00c8af847139e6 urn:x-nevis:profile:0b00c8af84eb810f urn:x-nevis:profile:0b00c8af84eb8110 urn:x-nevis:profile:0b00c8af84eb8111 urn:x-nevis:profile:0b00c8af84eb8113 urn:x-nevis:profile:0b00c8af8512644f urn:x-nevis:profile:0b00c8af8520c261 urn:x-nevis:profile:0b00c8af8520c39e urn:x-nevis:profile:0b00c8af85330427 urn:x-nevis:profile:0b00c8af8568d0bf" nevis:projectdocument="urn:x-nevis:projectdocument:0800c8af81de05c2" nevis:resource="0900c8af83632b4a" nevis:resource2="urn:x-nevis:fragment:0900c8af83632b09:0900c8af83632b4a#nev10176036n1" nevis:session-id="" qualifierinfotype="14:00" type="" xml:lang="en-US"><title>Utläsning fordo#@#@#7#1 SRS</title><content gui="1" height="155" id="nev10176037n1-nev10176036n3" nevis:expl-profile="mdl544yr2004, mdl545yr2004, mdl544yr2005, mdl545yr2005, mdl542yr2006, mdl544yr2006, mdl545yr2006, mdl542yr2007, mdl544yr2007, mdl545yr2007, mdl533yr2007, mdl544yr2008, mdl545yr2008, mdl533yr2008, mdl542yr2008, mdl533yr2009, mdl544yr2009, mdl545yr2009, mdl542yr2009, mdl544yr2010, mdl545yr2010, mdl542yr2010, mdl533yr2010, mdl533yr2011, mdl545yr2011, mdl542yr2011, mdl544yr2011, mdl544yr2012, mdl545yr2012, mdl533yr2012, mdl542yr2012, mdl530yr2011, mdl542yr2013, mdl533yr2013, mdl530yr2012, mdl530yr2013" nevis:idfrom="nev10176037n1" nevis:prefix="nev10176037n1" nevis:profile="urn:x-nevis:profile:0b00c8af8020c058 urn:x-nevis:profile:0b00c8af8020c05a urn:x-nevis:profile:0b00c8af80da257b urn:x-nevis:profile:0b00c8af80da257d urn:x-nevis:profile:0b00c8af817ac33f urn:x-nevis:profile:0b00c8af823216e9 urn:x-nevis:profile:0b00c8af823216ee urn:x-nevis:profile:0b00c8af82e3ac56 urn:x-nevis:profile:0b00c8af82e5d02d urn:x-nevis:profile:0b00c8af82e5d352 urn:x-nevis:profile:0b00c8af82febdf9 urn:x-nevis:profile:0b00c8af839eaa60 urn:x-nevis:profile:0b00c8af839eacfa urn:x-nevis:profile:0b00c8af83aff6b3 urn:x-nevis:profile:0b00c8af83affa46 urn:x-nevis:profile:0b00c8af83f19e63 urn:x-nevis:profile:0b00c8af83f1a51f urn:x-nevis:profile:0b00c8af83f1a8d8 urn:x-nevis:profile:0b00c8af83f1ad9d urn:x-nevis:profile:0b00c8af8414dfad urn:x-nevis:profile:0b00c8af8414e27e urn:x-nevis:profile:0b00c8af8415509d urn:x-nevis:profile:0b00c8af841552ad urn:x-nevis:profile:0b00c8af847139c0 urn:x-nevis:profile:0b00c8af847139e3 urn:x-nevis:profile:0b00c8af847139e4 urn:x-nevis:profile:0b00c8af847139e6 urn:x-nevis:profile:0b00c8af84eb810f urn:x-nevis:profile:0b00c8af84eb8110 urn:x-nevis:profile:0b00c8af84eb8111 urn:x-nevis:profile:0b00c8af84eb8113 urn:x-nevis:profile:0b00c8af8512644f urn:x-nevis:profile:0b00c8af8520c261 urn:x-nevis:profile:0b00c8af8520c39e urn:x-nevis:profile:0b00c8af85330427 urn:x-nevis:profile:0b00c8af8568d0bf" nevis:resource="0900c8af83632b4c" nevis:resource2="urn:x-nevis:fragment:0900c8af83632b09:0900c8af83632b4c#nev10176036n3" width="530" xml:lang="en-US"><nodes id="nev10176037n1-nev11865780n1"><node class="Components.StartNode" id="nev10176037n1-nev11865781n1" nodeid="Start" x="17" y="58"/><node class="Components.Gui.ParameterLabel" id="nev10176037n1-nev11865782n1" nodeid="ParameterLabel1" x="432" y="11"><gui height="70" id="nev10176037n1-nev11865783n1" width="505" x="10" y="10"/><property class="Parameter" id="nev10176037n1-nev11865784n1" name="Parameter" type="In" value="" visible="1"/><property class="String" id="nev10176037n1-nev11865785n1" name="Title" type="In" value="" visible="1"/><property class="String" id="nev10176037n1-nev11865786n1" name="Value" type="In" value="" visible="1"/><property class="String" id="nev10176037n1-nev11865787n1" name="Unit" type="In" value="" visible="1"/><property class="String" id="nev10176037n1-nev11865788n1" name="StartVisible" type="Internal" value="true" visible="0"/></node><node class="Components.ScriptComponent" id="nev10176037n1-nev11865789n1" nodeid="ScriptComponent1" x="168" y="116"/><node class="Components.ScriptButton" id="nev10176037n1-nev11865790n1" nodeid="ScriptButton1" x="13" y="115"><gui height="30" id="nev10176037n1-nev11865791n1" width="110" x="400" y="105"/><property class="String" id="nev10176037n1-nev11865792n1" name="Text" type="In" value="Hide" visible="0"/><property class="String" id="nev10176037n1-nev11865793n1" name="StartDisabled" type="Internal" value="false" visible="1"/><property class="String" id="nev10176037n1-nev11865794n1" name="StartVisible" type="Internal" value="true" visible="1"/><extension id="nev10176037n1-nev11865795n1"><phrase category="Faulttracing" id="nev10176037n1-nev10176040n1" phrase-urn="urn:x-nevis:phrase:0800c8af81b6b138">Hide</phrase></extension></node><node class="Components.IdentifierComponent" id="nev10176037n1-nev11865796n1" nodeid="IdentifierComponent1" x="293" y="4"><property class="Parameter" id="nev10176037n1-nev11865797n1" name="Vehicle type" type="Out" value="" visible="1"/><extension id="nev10176037n1-nev11865798n1"><identifier ecu="372302" ecuMode="EcuType" id="nev10176037n1-nev11865799n1" read="2" type="BLOFF" value="FC"><parameter id="nev10176037n1-nev11865800n1" name="Vehicle type" textid="71079"/></identifier></extension></node></nodes><handlers id="nev10176037n1-nev11865801n1"><eventhandler id="nev10176037n1-nev11865802n1" name="OnStart" node="Start"><call id="nev10176037n1-nev11865803n1" method="UpdateTitles" node="IdentifierComponent1"/><call id="nev10176037n1-nev11865804n1" method="Read" node="IdentifierComponent1"/></eventhandler><eventhandler id="nev10176037n1-nev11865805n1" name="Click" node="ScriptButton1"><call id="nev10176037n1-nev11865806n1" method="CloseDialog" node="ScriptComponent1"/></eventhandler><propertyhandler id="nev10176037n1-nev11865807n1" name="Vehicle type" node="IdentifierComponent1"><set id="nev10176037n1-nev11865808n1" node="ParameterLabel1" property="Parameter"/></propertyhandler></handlers></content></script>