<?xml version="1.0" encoding="UTF-8"?><servinfosub IE-ID="en-US0900c8af85b97b09" docno="VCC-458800" id="nev18592905n1" xml:lang="en-US">
<title>
<phrase category="Title" id="nev18592905n2" phrase-urn="urn:x-nevis:phrase:0800c8af81eb9a54">Diagnostic trou#@#@#21#ation</phrase>
<phrase category="Prefix" id="nev18592905n3" phrase-urn="urn:x-nevis:phrase:0800c8af8015c3f5">ECM</phrase>-P129612</title>
<diagnostic j2008use="1" paperuse="1" screenuse="1" type="condition">
<condgrp>
<condition type="condition">
<grate>
<graphic id="nev18592905n4">
<href>0900c8af845c116#@#@#9#.jpeg</href>
</graphic>
</grate>
<para id="nev18592905n5">
<ptxt id="nev18592905n6">
<phrase category="Condition" id="nev18592905n7" phrase-urn="urn:x-nevis:phrase:0800c8af825e40e0">The engine cont#@#@#50#lves.</phrase>
</ptxt>
</para>
<para id="nev18592905n8">
<ptxt id="nev18592905n9">
<phrase category="Condition" id="nev18592905n10" phrase-urn="urn:x-nevis:phrase:0800c8af82c4843c">The diagnostic #@#@#59#that:</phrase>
</ptxt>
</para>
<list1 id="nev18592906n1">
<item id="nev18592906n2">
<ptxt id="nev18592906n3">
<phrase category="Condition" id="nev18592906n4" phrase-urn="urn:x-nevis:phrase:0800c8af84652e73">The signal to t#@#@#20#high.</phrase>
</ptxt>
</item>
</list1>
<para id="nev18592906n5">
<ptxt id="nev18592906n6">
<phrase category="Condition" id="nev18592906n7" phrase-urn="urn:x-nevis:phrase:0800c8af82c479d6">The control mod#@#@#67#t of:</phrase>
</ptxt>
</para>
<list1 id="nev18592906n8">
<item id="nev18592906n9">
<ptxt id="nev18592906n10">
<phrase category="Condition" id="nev18592907n1" phrase-urn="urn:x-nevis:phrase:0800c8af82c47c8e">Ignition switch#@#@#8#n II.</phrase>
</ptxt>
</item>
</list1>
<note id="nev18592907n2">
<ptxt id="nev18592907n3">
<phrase category="Condition" id="nev18592907n4" phrase-urn="urn:x-nevis:phrase:0800c8af82c4844b">The control mod#@#@#132# met.</phrase>
</ptxt>
</note>
</condition>
</condgrp>
<condgrp>
<condition type="substitution">
<list1 enumtype="d" type="unordered">
<item>
<ptxt>
<phrase category="" id="nev18592907n5" phrase-urn="urn:x-nevis:phrase:0800c8af823dc291">Injection stops.</phrase>
</ptxt>
</item>
</list1>
</condition>
<ps>
<list1 enumtype="d" type="unordered">
<item>
<ptxt>
<phrase category="" id="nev18592907n6" phrase-urn="urn:x-nevis:phrase:0800c8af823dc293">Short-circuit t#@#@#44#ves. </phrase>
</ptxt>
</item>
<item id="nev18592907n7">
<ptxt id="nev18592907n8">
<phrase category="Possible source" id="nev18592907n9" phrase-urn="urn:x-nevis:phrase:0800c8af825bd837">Damaged injecti#@#@#5#lves.</phrase>
</ptxt>
</item>
<item>
<ptxt>
<phrase category="" id="nev18592907n10" phrase-urn="urn:x-nevis:phrase:0800c8af823dc294">Short-circuit t#@#@#52#CM). </phrase>
</ptxt>
</item>
<item>
<ptxt>
<phrase category="" id="nev18592908n1" phrase-urn="urn:x-nevis:phrase:0800c8af823dc295">Internal fault #@#@#30#ECM).</phrase>
</ptxt>
</item>
</list1>
</ps>
</condgrp>
<condgrp>
<condition type="symptom">
<list1 enumtype="d" type="unordered">
<item>
<ptxt>
<phrase category="Symptom CSC" id="nev18592908n2" phrase-urn="urn:x-nevis:phrase:0800c8af8388f05b">BJ, Starting/En#@#@#39#times</phrase>
</ptxt>
</item>
</list1>
</condition>
</condgrp>
</diagnostic>
</servinfosub>