<?xml version="1.0" encoding="UTF-8"?><servinfosub IE-ID="en-US0900c8af84134b09" docno="VCC-291401" id="nev11783693n1" xml:lang="en-US">
<title>
<phrase category="" id="nev11783693n2" phrase-urn="urn:x-nevis:phrase:0800c8af8270a4eb">Short-circuit t#@#@#3#round</phrase>
</title>
<diagnostic j2008use="1" layout="0" paperuse="1" screenuse="1" type="test">
<testgrp IE-ID="en-US0900c8af84134b09_nev11783693n3" id="nev11783693n3" j2008use="1" paperuse="1" resumable="1" screenuse="1" testgrp-id="node1" x="80" y="80">
<title>
<phrase category="" id="nev11783693n4" phrase-urn="urn:x-nevis:phrase:0800c8af8270a4ec">Checking the co#@#@#2#onent</phrase>
</title>
<node>
<test1>
<test2>
<para>
<ptxt>
<phrase category="" id="nev11783693n5" phrase-urn="urn:x-nevis:phrase:0800c8af8270a4ed">If the fault is#@#@#185#curs.</phrase>
</ptxt>
</para>
<para>
<ptxt>
<phrase category="" id="nev11783693n6" phrase-urn="urn:x-nevis:phrase:0800c8af8270a4ee">Check the conne#@#@#45#ion. </phrase>
</ptxt>
</para>
<para>
<ptxt>
<phrase category="Faulttracing" id="nev11783952n1" phrase-urn="urn:x-nevis:phrase:0800c8af83670b33">Check the signa#@#@#100#ound.</phrase>
</ptxt>
</para>
<para>
<ptxt>
<phrase category="" id="nev11783693n8" phrase-urn="urn:x-nevis:phrase:0800c8af8270a4f0">Replace the sig#@#@#25#ound.</phrase>
</ptxt>
</para>
<para>
<ptxt>
<phrase category="" id="nev11783693n9" phrase-urn="urn:x-nevis:phrase:0800c8af8270a4f1">Try replacing t#@#@#31#ound.</phrase>
</ptxt>
</para>
<para>
<ptxt>
<phrase category="" id="nev11783693n10" phrase-urn="urn:x-nevis:phrase:0800c8af8270a4f2">Remedy as necessary.</phrase>
</ptxt>
</para>
<list1 enumtype="d" type="unordered">
<title>
<phrase category="" id="nev11783694n1" phrase-urn="urn:x-nevis:phrase:0800c8af8270a4f3">Other information:</phrase>
</title>
<item>
<ptxt>
<xref id="nev13200243n100">
<ref id="l1142847638019"/>
</xref>
</ptxt>
</item>
<item>
<ptxt>
<xref id="nev12044674n98">
<ref id="l1142847615660"/>
</xref>
</ptxt>
</item>
<item id="nev11783887n99">
<ptxt id="nev11783887n98">
<xref id="nev11783887n97">
<ref id="l1137670432650"/>
</xref>
</ptxt>
</item>
<item>
<ptxt>
<phrase category="" id="nev11783694n6" phrase-urn="urn:x-nevis:phrase:0800c8af8270a4f6">
<xref>
<ref id="KC09465964"/>
</xref>
</phrase>
</ptxt>
</item>
</list1>
<grate>
<graphic id="nev11783694n8">
<href>0900c8af804456b#@#@#9#.jpeg</href>
</graphic>
</grate>
</test2>
</test1>
<question>
Select Continue.
</question>
<resact-grp>
<result button="cont" comp="button" highlight="0"/>
<action j2008use="1" paperuse="1" screenuse="1">
<ptxt>
<xref>
<ref id="nev11783694n10"/>
</xref>
</ptxt>
</action>
</resact-grp>
</node>
</testgrp>
<testgrp id="nev11783695n1" j2008use="1" paperuse="1" resumable="1" screenuse="1" testgrp-id="veria" x="80" y="220">
<title>
<phrase category="" id="nev11783695n2" phrase-urn="urn:x-nevis:phrase:0800c8af8270a4f8">Verification</phrase>
</title>
<subcalloutnode>
<diagcallout>
<xref>
<ref id="nev11783695n3"/>
</xref>
</diagcallout>
<rescall-grp>
<result comp="string" highlight="0" op="eq" return="VERIFIED"/>
<calloutaction>
<return value="FAULT FOUND"/>
</calloutaction>
</rescall-grp>
<rescall-grp>
<result comp="string" highlight="0" op="eq" return="VERIFICATION FAILED"/>
<calloutaction>
<ptxt>
<xref>
<ref id="nev11783695n4"/>
</xref>
</ptxt>
</calloutaction>
</rescall-grp>
</subcalloutnode>
</testgrp>
<testgrp id="nev11783695n5" j2008use="1" paperuse="1" resumable="1" screenuse="1" testgrp-id="info1" x="80" y="380">
<title>
<phrase category="" id="nev11783695n6" phrase-urn="urn:x-nevis:phrase:0800c8af8270a4f9">Fault-tracing i#@#@#5#ation</phrase>
</title>
<subcalloutnode>
<diagcallout>
<xref>
<ref id="nev11783695n7"/>
</xref>
</diagcallout>
<rescall-grp>
<result comp="string" highlight="0" op="eq" return="FAULTTRACING FAILED"/>
<calloutaction>
<return value="FAULTTRACING FAILED"/>
</calloutaction>
</rescall-grp>
<rescall-grp>
<result comp="string" highlight="0" op="eq" return="NEW TRY"/>
<calloutaction>
<ptxt>
<xref>
<ref id="nev11783695n8"/>
</xref>
</ptxt>
</calloutaction>
</rescall-grp>
</subcalloutnode>
</testgrp>
</diagnostic>
</servinfosub>