<?xml version="1.0" encoding="UTF-8"?><servinfosub IE-ID="en-US0900c8af8094fb09" docno="VCC-122208" id="KC01614669" xml:lang="en-US">
<title>Checking for ai#@#@#4#akage</title>
<procedure>
<proctools>
<toolitem id="KC06682817"/>
<toolitem id="KC06682818"/>
</proctools>
<procstep>
<title>Preparation</title>
<para>
<ptxt>Check that all #@#@#64#ened.</ptxt>
</para>
</procstep>
<procstep>
<title>Engagement</title>
<grate>
<graphic id="KC06682819">
<href>0900c8af80121b5#@#@#9#.jpeg</href>
</graphic>
<graphtext>
<list1 enumtype="d" type="unordered">
<item>
<ptxt>Disconnect the #@#@#46#nsor.</ptxt>
</item>
<item>
<ptxt>Remove the air #@#@#15#over.</ptxt>
</item>
<item>
<ptxt>Connect tool <toolitem id="KC06682820"/> and pressure r#@#@#4#ator <toolitem id="KC06682821"/> to the fresh a#@#@#35#amp. </ptxt>
</item>
</list1>
</graphtext>
</grate>
<grate>
<graphic id="KC06682822">
<href>0900c8af80121b5#@#@#9#.jpeg</href>
</graphic>
</grate>
<grate>
<graphic id="KC06682823">
<href>0900c8af80121b5#@#@#9#.jpeg</href>
</graphic>
<graphtext>
<list1 enumtype="d" type="unordered">
<item>
<ptxt>Use hose clips #@#@#34#hose.</ptxt>
</item>
<item>
<ptxt>Remove the oil #@#@#6# cap.</ptxt>
</item>
</list1>
</graphtext>
</grate>
</procstep>
<procstep>
<title>Check</title>
<grate>
<graphic id="KC06682824">
<href>0900c8af803f8d4#@#@#9#.jpeg</href>
</graphic>
<graphtext>
<para>
<ptxt>Connect the com#@#@#69#e of <emph>0.3 bar</emph>.</ptxt>
<ptxt>A gentle hissin#@#@#211#area.</ptxt>
<ptxt>Small bubbles a#@#@#170#ted.
</ptxt>
</para>
</graphtext>
</grate>
</procstep>
</procedure>
</servinfosub>