<?xml version="1.0" encoding="UTF-8"?><servinfosub IE-ID="en-US0900c8af83e19b09" docno="VCC-153927" id="KC02709883" xml:lang="en-US">
<title>
<phrase category="" id="KC09474728" phrase-urn="urn:x-nevis:phrase:0800c8af8270d31b">No communication</phrase>
</title>
<diagnostic j2008use="1" layout="1" paperuse="1" screenuse="1" type="test">
<testgrp IE-ID="en-US0900c8af83e19b09_KC02776789" id="KC02776789" j2008use="1" paperuse="1" resumable="1" screenuse="1" testgrp-id="dtccheck" x="120" y="40">
<title>
<phrase category="" id="KC09474729" phrase-urn="urn:x-nevis:phrase:0800c8af8270d31c">Checking the di#@#@#24#DTCs)</phrase>
</title>
<node>
<test1>
<diaglist>
<dgraphic>
<dgraphic1>
<graphic id="KC09474730">
<href>0900c8af80054d5#@#@#9#.jpeg</href>
</graphic>
</dgraphic1>
</dgraphic>
<ditem>
<ptxt>
<phrase category="" id="KC09474731" phrase-urn="urn:x-nevis:phrase:0800c8af8270d31d">Ignition on.</phrase>
</ptxt>
</ditem>
</diaglist>
<test2>
<para>
<ptxt>
<phrase category="" id="KC09474732" phrase-urn="urn:x-nevis:phrase:0800c8af8270d31e">The diagnostic #@#@#174#us 2.</phrase>
</ptxt>
</para>
<para>
<ptxt>
<phrase category="" id="KC09474733" phrase-urn="urn:x-nevis:phrase:0800c8af8270d31f">Check whether t#@#@#145#unit.</phrase>
</ptxt>
</para>
<para>
<ptxt>
<phrase category="" id="KC09474734" phrase-urn="urn:x-nevis:phrase:0800c8af8270d320">Select one of t#@#@#16#ions:</phrase>
</ptxt>
</para>
<list1 enumtype="n" type="ordered">
<item>
<ptxt>
<phrase category="" id="KC09474735" phrase-urn="urn:x-nevis:phrase:0800c8af8270d321">The diagnostic #@#@#156#D34) </phrase>
</ptxt>
</item>
<item>
<ptxt>
<phrase category="" id="KC09474736" phrase-urn="urn:x-nevis:phrase:0800c8af8270d322">The diagnostic #@#@#122#DD18)</phrase>
</ptxt>
</item>
<item>
<ptxt>
<phrase category="" id="KC09474737" phrase-urn="urn:x-nevis:phrase:0800c8af8270d323">The diagnostic #@#@#116#s 2. </phrase>
</ptxt>
</item>
</list1>
</test2>
</test1>
<question>
Select an alte#@#@#4#ive.
</question>
<resact-grp>
<result button="text" comp="button" highlight="1" text="1"/>
<action j2008use="1" paperuse="1" screenuse="1">
<ptxt>
<xref>
<ref id="KC09474739"/>
</xref>
</ptxt>
</action>
</resact-grp>
<resact-grp>
<result button="text" comp="button" highlight="1" text="2"/>
<action j2008use="1" paperuse="1" screenuse="1">
<ptxt>
<xref>
<ref id="KC09474740"/>
</xref>
</ptxt>
</action>
</resact-grp>
<resact-grp>
<result button="text" comp="button" highlight="1" text="3"/>
<action j2008use="1" paperuse="1" screenuse="1">
<ptxt>
<xref>
<ref id="KC09474741"/>
</xref>
</ptxt>
</action>
</resact-grp>
</node>
</testgrp>
<testgrp id="KC02776790" j2008use="1" paperuse="1" resumable="1" screenuse="1" testgrp-id="checkall" x="200" y="160">
<title>
<phrase category="" id="KC09474742" phrase-urn="urn:x-nevis:phrase:0800c8af8270d325">Checking the co#@#@#14#iring</phrase>
</title>
<node>
<test1>
<diaglist>
<dgraphic>
<dgraphic1>
<graphic id="KC09474743">
<href>0900c8af80054d5#@#@#9#.jpeg</href>
</graphic>
</dgraphic1>
<dgraphic2>
<graphic id="KC09474744">
<href>0900c8af80054d7#@#@#9#.jpeg</href>
</graphic>
</dgraphic2>
</dgraphic>
<ditem>
<ptxt>
<phrase category="" id="KC09474745" phrase-urn="urn:x-nevis:phrase:0800c8af8270d326">Ignition off</phrase>
</ptxt>
</ditem>
<ditem>
<ptxt>
<phrase category="" id="KC09474746" phrase-urn="urn:x-nevis:phrase:0800c8af8270d328">Disconnect the #@#@#42#CCM) </phrase>
</ptxt>
</ditem>
<ditem>
<ptxt>
<phrase category="" id="KC09474747" phrase-urn="urn:x-nevis:phrase:0800c8af8270d329">Disconnect the #@#@#45#CEM) </phrase>
</ptxt>
</ditem>
<ditem>
<ptxt>
<phrase category="" id="KC09474748" phrase-urn="urn:x-nevis:phrase:0800c8af8270d32a">Ignition on.</phrase>
</ptxt>
</ditem>
</diaglist>
<test2>
<para>
<title>
<phrase category="" id="KC09474749" phrase-urn="urn:x-nevis:phrase:0800c8af8270d32b">Checking the po#@#@#26#inals</phrase>
</title>
<ptxt>
<phrase category="" id="KC09474750" phrase-urn="urn:x-nevis:phrase:0800c8af8270d32c">The following a#@#@#128#s 2: </phrase>
</ptxt>
</para>
<list1 enumtype="d" type="unordered">
<item>
<ptxt>
<phrase category="" id="KC09474751" phrase-urn="urn:x-nevis:phrase:0800c8af8270d32d">All components #@#@#66#(CEM)</phrase>
</ptxt>
</item>
<item>
<ptxt>
<phrase category="" id="KC09474752" phrase-urn="urn:x-nevis:phrase:0800c8af8270d32e">All components #@#@#37#inal.</phrase>
</ptxt>
</item>
</list1>
<para>
<ptxt>
<phrase category="" id="KC09474753" phrase-urn="urn:x-nevis:phrase:0800c8af8270d32f">Check the power#@#@#171#ound.</phrase>
</ptxt>
</para>
<para>
<ptxt>
<phrase category="" id="KC09474754" phrase-urn="urn:x-nevis:phrase:0800c8af8270d330">Also check the #@#@#39#CEM).</phrase>
</ptxt>
</para>
<para>
<ptxt>
<phrase category="" id="KC09474755" phrase-urn="urn:x-nevis:phrase:0800c8af8270d331">Check the power#@#@#221#ound.</phrase>
</ptxt>
</para>
<para>
<ptxt>
<phrase category="" id="KC09474756" phrase-urn="urn:x-nevis:phrase:0800c8af8270d332">Check the groun#@#@#140#ound.</phrase>
</ptxt>
</para>
<para>
<ptxt>
<phrase category="" id="KC09474757" phrase-urn="urn:x-nevis:phrase:0800c8af8270d334">Check the conne#@#@#165#ions.</phrase>
</ptxt>
</para>
<para>
<title>
<phrase category="" id="KC09474758" phrase-urn="urn:x-nevis:phrase:0800c8af8270d335">Checking LIN bus</phrase>
</title>
<ptxt>
<phrase category="" id="KC09474759" phrase-urn="urn:x-nevis:phrase:0800c8af8270d337">Check both LIN #@#@#42#cuit.</phrase>
</ptxt>
<ptxt>
<phrase category="" id="KC09474760" phrase-urn="urn:x-nevis:phrase:0800c8af8270d338">Take readings b#@#@#2#ween:</phrase>
</ptxt>
</para>
<list1 enumtype="d" type="unordered">
<item>
<ptxt>
<phrase category="" id="KC09474761" phrase-urn="urn:x-nevis:phrase:0800c8af8270d339">The connector f#@#@#100#al #3</phrase>
</ptxt>
</item>
<item>
<ptxt>
<phrase category="" id="KC09474762" phrase-urn="urn:x-nevis:phrase:0800c8af8270d33a">The connector f#@#@#100#l #6.</phrase>
</ptxt>
</item>
</list1>
<para>
<ptxt>
<phrase category="" id="KC09474763" phrase-urn="urn:x-nevis:phrase:0800c8af8270d33b">Check the wirin#@#@#93#cuit.</phrase>
</ptxt>
</para>
<para>
<ptxt>
<phrase category="" id="KC09474764" phrase-urn="urn:x-nevis:phrase:0800c8af8270d33c">Remedy as necessary.</phrase>
</ptxt>
</para>
<list1 enumtype="d" type="unordered">
<title>
<phrase category="" id="KC09474765" phrase-urn="urn:x-nevis:phrase:0800c8af8270d33d">Other information:</phrase>
</title>
<item>
<ptxt>
<phrase category="" id="KC09474766" phrase-urn="urn:x-nevis:phrase:0800c8af8270d33e">For further inf#@#@#90#agram</phrase>
</ptxt>
</item>
<item>
<ptxt id="nev12637110n96">
<phrase category="Faulttracing" id="nev12637111n1" phrase-urn="urn:x-nevis:phrase:0800c8af83bb74fb">For connection #@#@#51#CCM):</phrase>
<xref id="nev12637114n100">
<ref id="l1168519903041"/>
</xref>
</ptxt>
</item>
<item>
<ptxt id="nev12637110n92">
<phrase category="Faulttracing" id="nev12637113n1" phrase-urn="urn:x-nevis:phrase:0800c8af822ed2c3">For connecting #@#@#43#CEM):</phrase>
<xref id="nev12637114n98">
<ref id="l1168519985373"/>
</xref>
</ptxt>
</item>
<item>
<ptxt id="nev12637103n82">
<xref id="nev12637110n100">
<ref id="l1168519374440"/>
</xref>
</ptxt>
</item>
<item>
<ptxt id="nev12637103n79">
<xref id="nev12637110n98">
<ref id="l1168519396151"/>
</xref>
</ptxt>
</item>
<item>
<ptxt id="nev12637103n76">
<xref id="nev12637103n75">
<ref id="l1168519417002"/>
</xref>
</ptxt>
</item>
<item>
<ptxt id="nev12637103n73">
<xref id="nev12637103n72">
<ref id="l1168519442258"/>
</xref>
</ptxt>
</item>
<item>
<ptxt id="nev12637103n70">
<xref id="nev12637103n69">
<ref id="l1168519468467"/>
</xref>
</ptxt>
</item>
</list1>
<diaglist>
<dgraphic>
<dgraphic1>
<graphic id="KC09474781">
<href>0900c8af80058a5#@#@#9#.jpeg</href>
</graphic>
</dgraphic1>
</dgraphic>
</diaglist>
</test2>
</test1>
<question>
Select Continue.
</question>
<resact-grp>
<result button="cont" comp="button" highlight="1"/>
<action j2008use="1" paperuse="1" screenuse="1">
<ptxt>
<xref>
<ref id="KC09474786"/>
</xref>
</ptxt>
</action>
</resact-grp>
</node>
</testgrp>
<testgrp id="KC02776791" j2008use="1" paperuse="1" resumable="1" screenuse="1" testgrp-id="checklin1" x="160" y="260">
<title>
<phrase category="" id="KC09474787" phrase-urn="urn:x-nevis:phrase:0800c8af8270d348">Checking LIN bu#@#@#12#ector</phrase>
</title>
<node>
<test1>
<diaglist>
<dgraphic>
<dgraphic1>
<graphic id="KC09474788">
<href>0900c8af80054d4#@#@#9#.jpeg</href>
</graphic>
</dgraphic1>
</dgraphic>
<ditem>
<ptxt>
<phrase category="" id="KC09474789" phrase-urn="urn:x-nevis:phrase:0800c8af8270d349">Ignition off</phrase>
</ptxt>
</ditem>
<ditem>
<ptxt>
<phrase category="" id="KC09474790" phrase-urn="urn:x-nevis:phrase:0800c8af8270d34a">Disconnect the #@#@#43#CM). </phrase>
</ptxt>
</ditem>
</diaglist>
<test2>
<para>
<ptxt>
<phrase category="" id="KC09474791" phrase-urn="urn:x-nevis:phrase:0800c8af8270d34b">Check the clima#@#@#109#ions.</phrase>
</ptxt>
</para>
<para>
<ptxt>
<phrase category="" id="KC09474792" phrase-urn="urn:x-nevis:phrase:0800c8af8270d34c">Check LIN bus 1#@#@#147#cuit.</phrase>
</ptxt>
<ptxt>
<phrase category="" id="KC09474793" phrase-urn="urn:x-nevis:phrase:0800c8af8270d34d">Take readings b#@#@#2#ween:</phrase>
</ptxt>
</para>
<list1 enumtype="d" type="unordered">
<item>
<ptxt>
<phrase category="" id="KC09474794" phrase-urn="urn:x-nevis:phrase:0800c8af8270d34f">The connector f#@#@#100#al #3</phrase>
</ptxt>
</item>
<item>
<ptxt>
<phrase category="" id="KC09474795" phrase-urn="urn:x-nevis:phrase:0800c8af8270d350">The connector f#@#@#118#l #4.</phrase>
</ptxt>
</item>
</list1>
<para>
<ptxt>
<phrase category="" id="KC09474796" phrase-urn="urn:x-nevis:phrase:0800c8af8270d351">Check LIN bus 1#@#@#146#cuit.</phrase>
</ptxt>
<ptxt>
<phrase category="" id="KC09474797" phrase-urn="urn:x-nevis:phrase:0800c8af8270d352">Check the conne#@#@#109#ions.</phrase>
</ptxt>
</para>
<para>
<ptxt>
<phrase category="" id="KC09474798" phrase-urn="urn:x-nevis:phrase:0800c8af8270d353">Remedy as necessary.</phrase>
</ptxt>
</para>
<list1 enumtype="d" type="unordered">
<title>
<phrase category="" id="KC09474799" phrase-urn="urn:x-nevis:phrase:0800c8af8270d354">Other information:</phrase>
</title>
<item>
<ptxt>
<phrase category="" id="KC09474800" phrase-urn="urn:x-nevis:phrase:0800c8af8270d355">For further inf#@#@#90#agram</phrase>
</ptxt>
</item>
<item>
<ptxt id="nev12637103n67">
<xref id="nev12637103n66">
<ref id="l1168519518526"/>
</xref>
</ptxt>
</item>
<item>
<ptxt id="nev12637103n64">
<xref id="nev12637110n84">
<ref id="l1168519539831"/>
</xref>
</ptxt>
</item>
<item>
<ptxt id="nev12637103n61">
<xref id="nev12637110n82">
<ref id="l1168519559745"/>
</xref>
</ptxt>
</item>
<item>
<ptxt id="nev12637103n58">
<xref id="nev12637103n57">
<ref id="l1168519579581"/>
</xref>
</ptxt>
</item>
<item>
<ptxt id="nev12637103n55">
<xref id="nev12637103n54">
<ref id="l1168519600872"/>
</xref>
</ptxt>
</item>
<item>
<ptxt id="nev12637103n52">
<xref id="nev12637103n51">
<ref id="l1168519622980"/>
</xref>
</ptxt>
</item>
</list1>
<diaglist>
<dgraphic>
<dgraphic1>
<graphic id="KC09474813">
<href>0900c8af80058a5#@#@#9#.jpeg</href>
</graphic>
</dgraphic1>
</dgraphic>
</diaglist>
</test2>
</test1>
<question>
Select Continue.
</question>
<resact-grp>
<result button="cont" comp="button" highlight="1"/>
<action j2008use="1" paperuse="1" screenuse="1">
<ptxt>
<xref>
<ref id="KC09474818"/>
</xref>
</ptxt>
</action>
</resact-grp>
</node>
</testgrp>
<testgrp id="KC02776792" j2008use="1" paperuse="1" resumable="1" screenuse="1" testgrp-id="checkcomponent" x="80" y="200">
<title>
<phrase category="" id="KC09474819" phrase-urn="urn:x-nevis:phrase:0800c8af8270d35e">Checking the wi#@#@#13#onent</phrase>
</title>
<node>
<test1>
<diaglist>
<dgraphic>
<dgraphic1>
<graphic id="KC09474820">
<href>0900c8af80054d4#@#@#9#.jpeg</href>
</graphic>
</dgraphic1>
</dgraphic>
<ditem>
<ptxt>
<phrase category="" id="KC09474821" phrase-urn="urn:x-nevis:phrase:0800c8af8270d360">Ignition off</phrase>
</ptxt>
</ditem>
<ditem>
<ptxt>
<phrase category="" id="KC09474822" phrase-urn="urn:x-nevis:phrase:0800c8af8270d361">Disconnect the #@#@#37#(AQS)</phrase>
</ptxt>
</ditem>
<ditem>
<ptxt>
<phrase category="" id="KC09474823" phrase-urn="urn:x-nevis:phrase:0800c8af8270d362">Ignition on.</phrase>
</ptxt>
</ditem>
</diaglist>
<test2>
<para>
<ptxt>
<phrase category="" id="KC09474824" phrase-urn="urn:x-nevis:phrase:0800c8af8270d363">Check the conne#@#@#113#ions.</phrase>
</ptxt>
</para>
<para>
<ptxt>
<phrase category="" id="KC09474825" phrase-urn="urn:x-nevis:phrase:0800c8af8270d364">Check that the #@#@#64#ound.</phrase>
</ptxt>
<ptxt>
<phrase category="" id="KC09474826" phrase-urn="urn:x-nevis:phrase:0800c8af8270d365">Measure the vol#@#@#78#d #3.</phrase>
</ptxt>
</para>
<para>
<ptxt>
<phrase category="" id="KC09474827" phrase-urn="urn:x-nevis:phrase:0800c8af8270d366">Check LIN bus 1#@#@#136#uit. </phrase>
</ptxt>
</para>
<para>
<ptxt>
<phrase category="" id="KC09474828" phrase-urn="urn:x-nevis:phrase:0800c8af8270d367">Try replacing t#@#@#26#ound.</phrase>
</ptxt>
</para>
<para>
<ptxt>
<phrase category="" id="KC09474829" phrase-urn="urn:x-nevis:phrase:0800c8af8270d368">Remedy as necessary.</phrase>
</ptxt>
</para>
<list1 enumtype="d" type="unordered">
<title>
<phrase category="" id="KC09474830" phrase-urn="urn:x-nevis:phrase:0800c8af8270d369">Other information:</phrase>
</title>
<item>
<ptxt>
<phrase category="" id="KC09474831" phrase-urn="urn:x-nevis:phrase:0800c8af8270d36a">For further inf#@#@#90#agram</phrase>
</ptxt>
</item>
<item>
<ptxt id="nev12637103n100">
<xref id="nev12637103n99">
<ref id="l1168519214088"/>
</xref>
</ptxt>
</item>
<item>
<ptxt id="nev12637103n97">
<xref id="nev12637110n88">
<ref id="l1168519234422"/>
</xref>
</ptxt>
</item>
<item>
<ptxt id="nev12637103n94">
<xref id="nev12637110n86">
<ref id="l1168519255505"/>
</xref>
</ptxt>
</item>
<item>
<ptxt id="nev12637103n91">
<xref id="nev12637103n90">
<ref id="l1168519280317"/>
</xref>
</ptxt>
</item>
<item>
<ptxt id="nev12637103n88">
<xref id="nev12715650n100">
<ref id="l1168519304935"/>
</xref>
</ptxt>
</item>
<item>
<ptxt id="nev12637103n85">
<xref id="nev12637103n84">
<ref id="l1168519329926"/>
</xref>
</ptxt>
</item>
</list1>
<diaglist>
<dgraphic>
<dgraphic1>
<graphic id="KC09474844">
<href>0900c8af80058a5#@#@#9#.jpeg</href>
</graphic>
</dgraphic1>
</dgraphic>
</diaglist>
<grate>
<graphic id="KC09474848">
<href>0900c8af80445b9#@#@#11#.jpeg</href>
</graphic>
</grate>
</test2>
</test1>
<question>
Select Continue.
</question>
<resact-grp>
<result button="cont" comp="button" highlight="1"/>
<action j2008use="1" paperuse="1" screenuse="1">
<ptxt>
<xref>
<ref id="KC09474850"/>
</xref>
</ptxt>
</action>
</resact-grp>
</node>
</testgrp>
<testgrp id="KC02776793" j2008use="1" paperuse="1" resumable="1" screenuse="1" testgrp-id="veria" x="60" y="400">
<title>
<phrase category="" id="KC09474851" phrase-urn="urn:x-nevis:phrase:0800c8af8270d373">Verification</phrase>
</title>
<subcalloutnode>
<diagcallout>
<xref>
<ref id="KC09474852"/>
</xref>
</diagcallout>
<rescall-grp>
<result comp="string" highlight="0" op="eq" return="VERIFIED"/>
<calloutaction>
<return value="FAULT FOUND"/>
</calloutaction>
</rescall-grp>
<rescall-grp>
<result comp="string" highlight="0" op="eq" return="VERIFICATION FAILED"/>
<calloutaction>
<ptxt>
<xref>
<ref id="KC09474853"/>
</xref>
</ptxt>
</calloutaction>
</rescall-grp>
</subcalloutnode>
</testgrp>
<testgrp id="KC02776794" j2008use="1" paperuse="0" resumable="1" screenuse="1" testgrp-id="info1" x="120" y="520">
<title>
<phrase category="" id="KC09474854" phrase-urn="urn:x-nevis:phrase:0800c8af8270d374">Fault-tracing i#@#@#5#ation</phrase>
</title>
<subcalloutnode>
<diagcallout>
<xref>
<ref id="KC09474855"/>
</xref>
</diagcallout>
<rescall-grp>
<result comp="string" highlight="0" op="eq" return="FAULTTRACING FAILED"/>
<calloutaction>
<return value="FAULTTRACING FAILED"/>
</calloutaction>
</rescall-grp>
<rescall-grp>
<result comp="string" highlight="0" op="eq" return="NEW TRY"/>
<calloutaction>
<ptxt>
<xref>
<ref id="KC09474856"/>
</xref>
</ptxt>
</calloutaction>
</rescall-grp>
</subcalloutnode>
</testgrp>
</diagnostic>
</servinfosub>