<?xml version="1.0" encoding="UTF-8"?><servinfosub IE-ID="en-US0900c8af82659d0b" docno="VCC-253602" id="nev10756808n1" original="sv-SE" xml:lang="en-US">
<title id="nev10756808n2">Pressure sensor#@#@#16#acing</title>
<procedure id="nev10756810n1">
<note id="nev10756810n2">
<ptxt id="nev10756810n3">As the illustra#@#@#181#rect.</ptxt>
</note>
<warning id="nev10829004n20">
<ptxt id="nev10756810n5">Take great care#@#@#80#see: <xref id="nev10829004n5">
<ref id="nev10829004n9"/>
</xref>.</ptxt>
</warning>
<stepgrp id="nev10756810n6">
<title id="nev10756810n9">Preparatory work</title>
<procstep id="nev10756810n10">
<title id="nev10756810n11">Removing the co#@#@#18# duct</title>
<para id="nev10756810n12">
<ptxt id="nev10756810n13">Remove the igni#@#@#4# key.</ptxt>
</para>
<para id="nev10756810n14">
<ptxt id="nev10756810n15">Remove the cont#@#@#23#see: <xref id="nev10829004n56">
<ref id="nev10829004n61"/>
</xref>.</ptxt>
</para>
</procstep>
</stepgrp>
<stepgrp id="nev10756810n17">
<title id="nev10756810n20">Removal</title>
<procstep id="nev10756810n18">
<title id="nev10756810n19">Removing the pr#@#@#19# rail</title>
<grate id="nev10756810n21">
<graphic id="nev10756810n22">
<href>0900c8af82659d3#@#@#9#.jpeg</href>
</graphic>
<graphtext id="nev10756810n35">
<note id="nev10756810n36">
<ptxt id="nev10756810n37">Use paper to co#@#@#18#fuel.</ptxt>
</note>
<list1 enumtype="d" id="nev10756810n39" type="unordered">
<title id="nev10756810n43">Remove:</title>
<item id="nev10756810n40">
<ptxt id="nev10756810n48">the connector t#@#@#16#ensor</ptxt>
</item>
<item id="nev10756810n50">
<ptxt id="nev10756810n52">the pressure sensor.</ptxt>
</item>
</list1>
</graphtext>
</grate>
</procstep>
</stepgrp>
<stepgrp id="nev10756810n55">
<title id="nev10756810n60">Installation</title>
<procstep id="nev10756810n56">
<title id="nev10756810n57">Installing the #@#@#21# rail</title>
<list1 enumtype="d" id="nev10756810n63" type="unordered">
<title id="nev10756810n67">Install:</title>
<item id="nev10756810n64">
<ptxt id="nev10756810n76">the pressure se#@#@#15#see: <xref id="nev10829004n99">
<ref id="nev10829004n106"/>
</xref>.</ptxt>
</item>
<item id="nev10756810n78">
<ptxt id="nev10756810n84">the connector t#@#@#16#ensor</ptxt>
</item>
<item id="nev10756810n86">
<ptxt id="nev10756810n90">the control mot#@#@#16#see: <xref id="nev10829004n78">
<ref id="nev10829004n84"/>
</xref>
</ptxt>
</item>
<item id="nev10756810n92">
<ptxt id="nev10756810n97">the engine cover.</ptxt>
</item>
</list1>
</procstep>
</stepgrp>
<stepgrp id="nev10756810n101">
<title id="nev10756810n106">Finishing</title>
<procstep id="nev10756810n102">
<title id="nev10756810n103">Function testin#@#@#7#ngine</title>
<para id="nev10756810n108">
<ptxt id="nev10756810n109">Start the engine.</ptxt>
</para>
<para id="nev10756810n119">
<ptxt id="nev10756810n120">Check the funct#@#@#18#gine.</ptxt>
<ptxt id="nev10829004n155">Check that leak#@#@#10#rise.</ptxt>
</para>
</procstep>
</stepgrp>
</procedure>
</servinfosub>