<?xml version="1.0" encoding="UTF-8"?><servinfosub IE-ID="en-US0900c8af87318d0b" docno="VCC-488687" id="nev24432564n1" original="sv-SE" servinfosubId="nev24432565n1-nev24886713n1" servinfosubRes="0900c8af87704381" servinfosubRes2="urn:x-nevis:fragment:0900c8af87318d0b:0900c8af87704381#nev24886713n1" xml:lang="en-US">
<operationnumbers>
<operationnumber>89137-2</operationnumber>
<operationnumber>86171-2</operationnumber>
</operationnumbers>
<title id="nev24432564n2">Rear bumper cov#@#@#22#nents</title>
<procedure id="nev24432565n1-nev26128772n2">
<stepgrp boilerplate="false" context="" id="nev24432565n1-nev26169942n90">
<title id="nev24432565n1-0800c8af844a46f6">Removal</title>
<procstep id="nev24432565n1-nev26134124n12">
<title id="nev24432565n1-0800c8af861d5ec4">Vehicles with S#@#@#35#/SODR</title>
</procstep>
<procstep id="nev24432565n1-nev26134124n10">
<grate id="nev24432565n1-nev26169942n88">
<graphic id="nev24432565n1-nev26169942n89">
<href>0900c8af870cfe8#@#@#9#.jpeg</href>
</graphic>
<graphtext id="nev24432565n1-nev26170712n1">
<para id="nev24432565n1-nev26169942n86">
<ptxt id="nev24432565n1-nev26169942n87">Disconnect the #@#@#5#ctor.</ptxt>
</para>
<para id="nev24432565n1-nev26169942n84">
<ptxt id="nev24432565n1-nev26169942n85">Repeat on the o#@#@#5#side.</ptxt>
</para>
</graphtext>
</grate>
</procstep>
<procstep id="nev24432565n1-nev26134124n3">
<grate id="nev24432565n1-nev26169942n82">
<graphic id="nev24432565n1-nev26169942n83">
<href>0900c8af870d019#@#@#9#.jpeg</href>
</graphic>
<graphtext id="nev24432565n1-nev26170716n1">
<list1 enumtype="n" id="nev24432565n1-nev26136106n85" type="ordered">
<item id="nev24432565n1-nev26169942n81">
<ptxt id="nev24432565n1-nev26169942n80">Release the catches.</ptxt>
</item>
<item id="nev24432565n1-nev26169942n79">
<ptxt id="nev24432565n1-nev26169942n78">Remove the mark#@#@#3#part.</ptxt>
</item>
</list1>
<para id="nev24432565n1-nev26169942n76">
<ptxt id="nev24432565n1-nev26169942n77">Repeat on the o#@#@#5#side.</ptxt>
</para>
</graphtext>
</grate>
</procstep>
<procstep id="nev24432565n1-nev26136100n93">
<grate id="nev24432565n1-nev26169942n74">
<graphic id="nev24432565n1-nev26169942n75">
<href>0900c8af8722aa8#@#@#9#.jpeg</href>
</graphic>
<graphtext id="nev24432565n1-nev26170720n1">
<para id="nev24432565n1-nev26169942n72">
<ptxt id="nev24432565n1-nev26169942n73">Loosen the clips.</ptxt>
</para>
<para id="nev24432565n1-nev26169942n70">
<ptxt id="nev24432565n1-nev26169942n71">Repeat on the o#@#@#5#side.</ptxt>
</para>
</graphtext>
</grate>
</procstep>
<procstep id="nev24432565n1-nev26136100n86">
<title id="nev24432565n1-0800c8af869be702">Vehicles with F#@#@#24#FMDM)</title>
</procstep>
<procstep id="nev24432565n1-nev26136100n84">
<grate id="nev24432565n1-nev26169942n68">
<graphic id="nev24432565n1-nev26169942n69">
<href>0900c8af8722eef#@#@#9#.jpeg</href>
</graphic>
<graphtext id="nev24432565n1-nev26170724n1">
<para id="nev24432565n1-nev26169942n66">
<ptxt id="nev24432565n1-nev26169942n67">Remove the screws.</ptxt>
</para>
</graphtext>
</grate>
</procstep>
<procstep id="nev24432565n1-nev26136100n79">
<grate id="nev24432565n1-nev26169942n64">
<graphic id="nev24432565n1-nev26169942n65">
<href>0900c8af8722eef#@#@#9#.jpeg</href>
</graphic>
<graphtext id="nev24432565n1-nev26170728n1">
<para id="nev24432565n1-nev26169942n62">
<ptxt id="nev24432565n1-nev26169942n63">Disconnect the #@#@#5#ctor.</ptxt>
</para>
<para id="nev24432565n1-nev26169942n60">
<ptxt id="nev24432565n1-nev26169942n61">Remove the cabl#@#@#11#lips.</ptxt>
</para>
</graphtext>
</grate>
</procstep>
<procstep id="nev24432565n1-nev26136100n72">
<grate id="nev24432565n1-nev26169942n58">
<graphic id="nev24432565n1-nev26169942n59">
<href>0900c8af8722eef#@#@#9#.jpeg</href>
</graphic>
<graphtext id="nev24432565n1-nev26170732n1">
<para id="nev24432565n1-nev26169942n56">
<ptxt id="nev24432565n1-nev26169942n57">Remove the cabl#@#@#11#lips.</ptxt>
</para>
</graphtext>
</grate>
</procstep>
<procstep id="nev24432565n1-nev26136100n67">
<grate id="nev24432565n1-nev26169942n54">
<graphic id="nev24432565n1-nev26169942n55">
<href>0900c8af8722eef#@#@#9#.jpeg</href>
</graphic>
<graphtext id="nev24432565n1-nev26170736n1">
<para id="nev24432565n1-nev26169942n52">
<ptxt id="nev24432565n1-nev26169942n53">Remove the mark#@#@#3#part.</ptxt>
</para>
</graphtext>
</grate>
</procstep>
<procstep id="nev24432565n1-nev26136100n62">
<title id="nev24432565n1-0800c8af844a423e">Vehicles with p#@#@#5#g aid</title>
</procstep>
<procstep id="nev24432565n1-nev26136100n60">
<grate id="nev24432565n1-nev26169942n50">
<graphic id="nev24432565n1-nev26169942n51">
<href>0900c8af87247ef#@#@#9#.jpeg</href>
</graphic>
<graphtext id="nev24432565n1-nev26170740n1">
<para id="nev24432565n1-nev26169942n48">
<ptxt id="nev24432565n1-nev26169942n49">Release the catches.</ptxt>
</para>
<para id="nev24432565n1-nev26169942n46">
<ptxt id="nev24432565n1-nev26169942n47">Loosen the mark#@#@#13#ails.</ptxt>
</para>
</graphtext>
</grate>
</procstep>
<procstep id="nev24432565n1-nev26136100n53">
<grate id="nev24432565n1-nev26169942n44">
<graphic id="nev24432565n1-nev26169942n45">
<href>0900c8af87247ef#@#@#9#.jpeg</href>
</graphic>
<graphtext id="nev24432565n1-nev26170744n1">
<para id="nev24432565n1-nev26169942n42">
<ptxt id="nev24432565n1-nev26169942n43">Remove the cabl#@#@#11#lips.</ptxt>
</para>
<para id="nev24432565n1-nev26169942n40">
<ptxt id="nev24432565n1-nev26169942n41">Remove the mark#@#@#3#part.</ptxt>
</para>
</graphtext>
</grate>
</procstep>
<procstep id="nev24432565n1-nev26136100n46">
<title id="nev24432565n1-0800c8af844a41e8">All vehicles</title>
</procstep>
<procstep id="nev24432565n1-nev26136100n44">
<grate id="nev24432565n1-nev26169942n38">
<graphic id="nev24432565n1-nev26169942n39">
<href>0900c8af8722f12#@#@#9#.jpeg</href>
</graphic>
<graphtext id="nev24432565n1-nev26170748n1">
<para id="nev24432565n1-nev26169942n36">
<ptxt id="nev24432565n1-nev26169942n37">Remove the screws.</ptxt>
</para>
<para id="nev24432565n1-nev26169942n34">
<ptxt id="nev24432565n1-nev26169942n35">Remove the mark#@#@#3#part.</ptxt>
</para>
<para id="nev24432565n1-nev26169942n32">
<ptxt id="nev24432565n1-nev26169942n33">Repeat on the o#@#@#5#side.</ptxt>
</para>
</graphtext>
</grate>
</procstep>
<procstep id="nev24432565n1-nev26136100n35">
<grate id="nev24432565n1-nev26169942n30">
<graphic id="nev24432565n1-nev26169942n31">
<href>0900c8af8722f12#@#@#9#.jpeg</href>
</graphic>
<graphtext id="nev24432565n1-nev26170752n1">
<para id="nev24432565n1-nev26169942n28">
<ptxt id="nev24432565n1-nev26169942n29">Remove the clips.</ptxt>
</para>
<para id="nev24432565n1-nev26169942n26">
<ptxt id="nev24432565n1-nev26169942n27">Remove the mark#@#@#3#part.</ptxt>
</para>
<para id="nev24432565n1-nev26169942n24">
<ptxt id="nev24432565n1-nev26169942n25">Repeat on the o#@#@#5#side.</ptxt>
</para>
</graphtext>
</grate>
</procstep>
<procstep id="nev24432565n1-nev26136100n26">
<grate id="nev24432565n1-nev26169942n22">
<graphic id="nev24432565n1-nev26169942n23">
<href>0900c8af876dc0e#@#@#9#.jpeg</href>
</graphic>
<graphtext id="nev24432565n1-nev26170756n1">
<para id="nev24432565n1-nev26169942n20">
<ptxt id="nev24432565n1-nev26169942n21">Release the catches.</ptxt>
</para>
<para id="nev24432565n1-nev26169942n18">
<ptxt id="nev24432565n1-nev26169942n19">Remove the mark#@#@#3#part.</ptxt>
</para>
</graphtext>
</grate>
</procstep>
<procstep id="nev24432565n1-nev26136100n19">
<grate id="nev24432565n1-nev26169942n16">
<graphic id="nev24432565n1-nev26169942n17">
<href>0900c8af876ebb1#@#@#9#.jpeg</href>
</graphic>
<graphtext id="nev24432565n1-nev26170760n1">
<para id="nev24432565n1-nev26169942n14">
<ptxt id="nev24432565n1-nev26169942n15">Release the catches.</ptxt>
</para>
<para id="nev24432565n1-nev26169942n12">
<ptxt id="nev24432565n1-nev26169942n13">Repeat on the o#@#@#5#side.</ptxt>
</para>
</graphtext>
</grate>
</procstep>
<procstep id="nev24432565n1-nev26136106n11">
<grate id="nev24432565n1-nev26169942n10">
<graphic id="nev24432565n1-nev26169942n11">
<href>0900c8af876ebb1#@#@#9#.jpeg</href>
</graphic>
<graphtext id="nev24432565n1-nev26170764n1">
<para id="nev24432565n1-nev26169942n8">
<ptxt id="nev24432565n1-nev26169942n9">Release the catches.</ptxt>
</para>
<para id="nev24432565n1-nev26169942n6">
<ptxt id="nev24432565n1-nev26169942n7">Remove the mark#@#@#3#part.</ptxt>
</para>
</graphtext>
</grate>
</procstep>
<procstep id="nev24432565n1-nev26136100n18">
<grate id="nev24432565n1-nev26169942n4">
<graphic id="nev24432565n1-nev26169942n5">
<href>0900c8af8722f30#@#@#9#.jpeg</href>
</graphic>
<graphtext id="nev24432565n1-nev26170768n1">
<para id="nev24432565n1-nev26169942n2">
<ptxt id="nev24432565n1-nev26169942n3">Remove the clips.</ptxt>
</para>
<para id="nev24432565n1-nev26170708n100">
<ptxt id="nev24432565n1-nev26169942n1">Repeat on the o#@#@#5#side.</ptxt>
</para>
</graphtext>
</grate>
</procstep>
</stepgrp>
<stepgrp boilerplate="false" context="" id="nev24432565n1-nev26170708n99">
<title id="nev24432565n1-0800c8af844a46f9">Installation</title>
<procstep id="nev24432565n1-nev26139142n63">
<title id="nev24432565n1-0800c8af84fbdb3c">Vehicles with f#@#@#6#owbar</title>
</procstep>
<procstep id="nev24432565n1-nev26139142n61">
<grate id="nev24432565n1-nev26170708n97">
<graphic id="nev24432565n1-nev26170708n98">
<href>0900c8af87703fa#@#@#9#.jpeg</href>
</graphic>
<graphtext id="nev24432565n1-nev26170772n1">
<para id="nev24432565n1-nev26170708n95">
<ptxt id="nev24432565n1-nev26170708n96">Locate relevant#@#@#4#king.</ptxt>
</para>
</graphtext>
</grate>
</procstep>
<procstep id="nev24432565n1-nev26139142n51">
<grate id="nev24432565n1-nev26170708n93">
<graphic id="nev24432565n1-nev26170708n94">
<href>0900c8af870a7a7#@#@#9#.jpeg</href>
</graphic>
<graphtext id="nev24432565n1-nev26170776n1">
<para id="nev24432565n1-nev26170708n91">
<ptxt id="nev24432565n1-nev26170708n92">Apply tape to t#@#@#37#ines.</ptxt>
</para>
</graphtext>
</grate>
</procstep>
<procstep id="nev24432565n1-nev26139142n48">
<grate id="nev24432565n1-nev26170708n89">
<graphic id="nev24432565n1-nev26170708n90">
<href>0900c8af87703fa#@#@#9#.jpeg</href>
</graphic>
<graphtext id="nev24432565n1-nev26170780n1">
<para id="nev24432565n1-nev26170708n87">
<ptxt id="nev24432565n1-nev26170708n88">Mark using a pen</ptxt>
</para>
<para id="nev24432565n1-nev26170708n85">
<ptxt id="nev24432565n1-nev26170708n86">Remove the mark#@#@#3#part.</ptxt>
</para>
<para id="nev24432565n1-nev26170708n83">
<ptxt id="nev24432565n1-nev26170708n84">
<equipment equipmentid="" equipmentname="Air-powered keyhole saw" id="nev24432565n1-nev26139142n43"/>
</ptxt>
</para>
</graphtext>
</grate>
</procstep>
<procstep id="nev24432565n1-nev26139142n40">
<grate id="nev24432565n1-nev26170708n81">
<graphic id="nev24432565n1-nev26170708n82">
<href>0900c8af87703fa#@#@#9#.jpeg</href>
</graphic>
<graphtext id="nev24432565n1-nev26170787n1">
<para id="nev24432565n1-nev26170708n79">
<ptxt id="nev24432565n1-nev26170708n80">Deburr edges</ptxt>
</para>
</graphtext>
</grate>
</procstep>
<procstep id="nev24432565n1-nev26139142n37">
<title id="nev24432565n1-0800c8af86ad5115">Vehicles with f#@#@#8#owbar</title>
</procstep>
<procstep id="nev24432565n1-nev26139142n35">
<grate id="nev24432565n1-nev26170708n77">
<graphic id="nev24432565n1-nev26170708n78">
<href>0900c8af8766de2#@#@#9#.jpeg</href>
</graphic>
<graphtext id="nev24432565n1-nev26170791n1">
<para id="nev24432565n1-nev26170708n75">
<ptxt id="nev24432565n1-nev26170708n76">Locate relevant#@#@#4#king.</ptxt>
</para>
</graphtext>
</grate>
</procstep>
<procstep id="nev24432565n1-nev26139142n30">
<grate id="nev24432565n1-nev26170708n73">
<graphic id="nev24432565n1-nev26170708n74">
<href>0900c8af8766de2#@#@#9#.jpeg</href>
</graphic>
<graphtext id="nev24432565n1-nev26170795n1">
<para id="nev24432565n1-nev26170708n71">
<ptxt id="nev24432565n1-nev26170708n72">Make a hole, us#@#@#18#ated.</ptxt>
</para>
</graphtext>
</grate>
</procstep>
<procstep id="nev24432565n1-nev26139142n25">
<grate id="nev24432565n1-nev26170708n69">
<graphic id="nev24432565n1-nev26170708n70">
<href>0900c8af870a7a7#@#@#9#.jpeg</href>
</graphic>
<graphtext id="nev24432565n1-nev26170799n1">
<para id="nev24432565n1-nev26170708n67">
<ptxt id="nev24432565n1-nev26170708n68">Apply tape to t#@#@#37#ines.</ptxt>
</para>
</graphtext>
</grate>
</procstep>
<procstep id="nev24432565n1-nev26139142n24">
<grate id="nev24432565n1-nev26170708n65">
<graphic id="nev24432565n1-nev26170708n66">
<href>0900c8af8766de2#@#@#9#.jpeg</href>
</graphic>
<graphtext id="nev24432565n1-nev26170803n1">
<para id="nev24432565n1-nev26170708n63">
<ptxt id="nev24432565n1-nev26170708n64">Mark using a pen</ptxt>
</para>
<para id="nev24432565n1-nev26170708n61">
<ptxt id="nev24432565n1-nev26170708n62">Remove the mark#@#@#3#part.</ptxt>
</para>
<para id="nev24432565n1-nev26170708n59">
<ptxt id="nev24432565n1-nev26170708n60">
<equipment equipmentid="" equipmentname="Air-powered keyhole saw" id="nev24432565n1-nev26142995n45"/>
</ptxt>
</para>
</graphtext>
</grate>
</procstep>
<procstep id="nev24432565n1-nev26142995n42">
<grate id="nev24432565n1-nev26170708n57">
<graphic id="nev24432565n1-nev26170708n58">
<href>0900c8af8766e12#@#@#9#.jpeg</href>
</graphic>
<graphtext id="nev24432565n1-nev26170810n1">
<para id="nev24432565n1-nev26170708n55">
<ptxt id="nev24432565n1-nev26170708n56">Deburr edges</ptxt>
</para>
</graphtext>
</grate>
</procstep>
<procstep id="nev24432565n1-nev26139142n23">
<title id="nev24432565n1-0800c8af844a41e8">All vehicles</title>
</procstep>
<procstep id="nev24432565n1-nev26136751n34">
<para id="nev24432565n1-nev26170708n53">
<ptxt id="nev24432565n1-nev26170708n54">To install, rev#@#@#22#dure.</ptxt>
</para>
</procstep>
</stepgrp>
</procedure>
</servinfosub>