<?xml version="1.0" encoding="UTF-8"?><servinfosub IE-ID="en-US0900c8af8420dd0b" docno="VCC-345332" id="nev13347700n1" servinfosubId="nev20684617n1-nev20684617n2" servinfosubRes="0900c8af862b9e28" servinfosubRes2="urn:x-nevis:fragment:0900c8af8420dd0b:0900c8af862b9e28#nev20684617n2" xml:lang="en-US">
<title id="nev13347700n2">Positions for g#@#@#16#k 1-4</title>
<para id="nev20684617n1-nev13347700n3">
<title id="nev20684617n1-nev13347700n4">General information</title>
<ptxt id="nev20684617n1-nev13347700n5">There is a posi#@#@#254#lows:</ptxt>
<ptxt id="nev20684617n1-nev13347700n6"/>
</para>
<para id="nev20684617n1-nev13347700n7">
<ptxt id="nev20684617n1-nev13347700n8">
<emph id="nev20684617n1-nev13347700n9">Gear selector f#@#@#1#rk 1:</emph>
</ptxt>
<ptxt id="nev20684617n1-nev13347700n10">Gear R 450-1500</ptxt>
<ptxt id="nev20684617n1-nev13347701n1">Neutral 1960-2130</ptxt>
<ptxt id="nev20684617n1-nev13347701n2">Gear 5 2600-3650</ptxt>
</para>
<para id="nev20684617n1-nev13347701n3">
<ptxt id="nev20684617n1-nev13347701n4">
<emph id="nev20684617n1-nev13347701n5">Gear selector f#@#@#1#rk 2:</emph>
</ptxt>
<ptxt id="nev20684617n1-nev13347701n6">Gear 1 450-1500</ptxt>
<ptxt id="nev20684617n1-nev13347701n7">Neutral 1960-2130</ptxt>
<ptxt id="nev20684617n1-nev13347701n8">Gear 5 2600-3650</ptxt>
</para>
<para id="nev20684617n1-nev13347701n9">
<ptxt id="nev20684617n1-nev13347701n10">
<emph id="nev20684617n1-nev13347702n1">Gear selector f#@#@#1#rk 3:</emph>
</ptxt>
<ptxt id="nev20684617n1-nev13347702n2">Gear 2 450-1500</ptxt>
<ptxt id="nev20684617n1-nev13347702n3">Neutral 1960-2130</ptxt>
<ptxt id="nev20684617n1-nev13347702n4">Gear 4 2600-3650</ptxt>
</para>
<para id="nev20684617n1-nev13347702n5">
<ptxt id="nev20684617n1-nev13347702n6">
<emph id="nev20684617n1-nev13347702n7">Gear selector f#@#@#1#rk 4:</emph>
</ptxt>
<ptxt id="nev20684617n1-nev13347702n8">Gear 6 450-1500</ptxt>
<ptxt id="nev20684617n1-nev13347702n9">Neutral 1960-2130</ptxt>
</para>
<caution id="nev20684617n1-nev13347702n10">
<ptxt id="nev20684617n1-nev13347703n1">When a gear is #@#@#340#tral.</ptxt>
</caution>
</servinfosub>