<?xml version="1.0" encoding="UTF-8"?><diagnostic IE-ID="en-US0900c8af804c990c" docno="VCC-124727" id="KC01650827" type="test" xml:lang="en-US">
<title>
<phrase category="" id="KC07827682" phrase-urn="urn:x-nevis:phrase:0800c8af81bda395">Verification</phrase>
</title>
<testgrp IE-ID="en-US0900c8af804c990c_KC01708821" id="KC01708821" j2008use="1" paperuse="1" resumable="1" screenuse="1" testgrp-id="verifnode" x="240" y="120">
<title>
<phrase category="" id="KC07827683" phrase-urn="urn:x-nevis:phrase:0800c8af81bda396">Verification</phrase>
</title>
<node>
<test1>
<hint>
<ptxt>
<phrase category="" id="KC07827684" phrase-urn="urn:x-nevis:phrase:0800c8af81bda397">After carrying #@#@#50#died.</phrase>
</ptxt>
</hint>
<diaglist>
<dgraphic>
<dgraphic1>
<graphic id="KC07827685">
<href>0900c8af80054d5#@#@#9#.jpeg</href>
</graphic>
</dgraphic1>
<dgraphic2>
<graphic id="KC07827686">
<href>0900c8af80054d7#@#@#9#.jpeg</href>
</graphic>
</dgraphic2>
</dgraphic>
<ditem>
<ptxt>
<phrase category="" id="KC07827687" phrase-urn="urn:x-nevis:phrase:0800c8af81bda398">Ignition off</phrase>
</ptxt>
</ditem>
<ditem>
<ptxt>
<phrase category="" id="KC07827688" phrase-urn="urn:x-nevis:phrase:0800c8af81bda399">Reinstall the c#@#@#21# etc.</phrase>
</ptxt>
</ditem>
<ditem>
<ptxt>
<phrase category="" id="KC07827689" phrase-urn="urn:x-nevis:phrase:0800c8af81bda39b">Ignition on</phrase>
</ptxt>
</ditem>
<ditem>
<ptxt>
<phrase category="" id="KC07827690" phrase-urn="urn:x-nevis:phrase:0800c8af81bda39c">Start the engine.</phrase>
</ptxt>
</ditem>
</diaglist>
<test2>
<para>
<ptxt>
<phrase category="" id="KC07827691" phrase-urn="urn:x-nevis:phrase:0800c8af81bda39d">Read off the ma#@#@#97#RPM).</phrase>
</ptxt>
</para>
<para>
<ptxt>
<phrase category="" id="KC07827692" phrase-urn="urn:x-nevis:phrase:0800c8af81bda39e">Check that the #@#@#92#RPM).</phrase>
</ptxt>
</para>
<diaglist>
<dgraphic>
<dgraphic2>
<graphic id="KC07827693">
<href>0900c8af86c8681#@#@#9#.jpeg</href>
</graphic>
<smarttool active="press" id="KC07827694" toolname="XDIS4006"/>
</dgraphic2>
</dgraphic>
<ditem>
<ditemtext>
<ptxt>
<phrase category="" id="KC07827695" phrase-urn="urn:x-nevis:phrase:0800c8af81bda39f"/>
</ptxt>
</ditemtext>
</ditem>
</diaglist>
</test2>
</test1>
<question>Is the value wi#@#@#20#ange?</question>
<resact-grp>
<result button="yes" comp="button" highlight="0"/>
<action j2008use="1" paperuse="1" screenuse="1">
<return value="VERIFIED"/>
</action>
</resact-grp>
<resact-grp>
<result button="no" comp="button" highlight="0"/>
<action j2008use="1" paperuse="1" screenuse="1">
<return value="VERIFICATION FAILED"/>
</action>
</resact-grp>
</node>
</testgrp>
</diagnostic>