<?xml version="1.0" encoding="UTF-8"?><i2 IE-ID="en-US0900c8af8599a90c" docno="VCC-452807" id="nev18118268n1" original="sv-SE" xml:lang="en-US">
<frontm id="nev18118270n1-nev18138128n95">
<prolog>
<tpnbr>31373171</tpnbr>
</prolog>
<titlep id="nev18118270n1-nev18138128n94">
<grate id="nev18118270n1-nev18138128n89">
<graphic id="nev18118270n1-nev18138128n88">
<href>0900c8af8526743#@#@#11#.jpeg</href>
</graphic>
</grate>
<title id="nev18118268n2">Electric engine#@#@#9#230 V</title>
</titlep>
<preface id="nev18118270n1-nev18138128n87">
<toolpics id="nev18118270n1-nev18138128n81">
<title id="nev18118270n1-0800c8af84f6831f">Equipment</title>
<i2graphic id="nev18118270n1-nev18138128n80">
<href>0900c8af84fe1a6#@#@#9#.jpeg</href>
</i2graphic>
<i2graphic id="nev18118270n1-nev18138128n79">
<href>0900c8af83557d9#@#@#9#.jpeg</href>
</i2graphic>
<i2graphic id="nev18118270n1-nev18138128n78">
<href>0900c8af83557b7#@#@#9#.jpeg</href>
</i2graphic>
<i2graphic id="nev18118270n1-nev18138128n77">
<href>0900c8af8356c20#@#@#9#.jpeg</href>
</i2graphic>
</toolpics>
<kitpics id="nev18118270n1-nev18138128n86">
<title id="nev18118270n1-0800c8af84f6835a">Component overview</title>
<i2graphic id="nev18118270n1-nev18138128n85">
<href>0900c8af859b1d3#@#@#11#.jpeg</href>
</i2graphic>
<i2graphic id="nev18118270n1-nev18138128n84">
<href>0900c8af8528013#@#@#11#.jpeg</href>
</i2graphic>
<i2graphic id="nev18118270n1-nev18138128n83">
<href>0900c8af8514873#@#@#11#.jpeg</href>
</i2graphic>
<i2graphic id="nev18118270n1-nev18138128n82">
<href>0900c8af851486c#@#@#11#.jpeg</href>
</i2graphic>
</kitpics>
</preface>
</frontm>
<body id="nev18118270n1-nev18138128n96">
<servinfosub docno="VCC-452807" id="nev18118270n1-nev18118268n1" original="sv-SE" servinfosubId="nev18118270n1-nev18118268n4" servinfosubRes="0900c8af859bea78" servinfosubRes2="urn:x-nevis:fragment:0900c8af8599a90c:0900c8af859bea78#nev18118268n4">
<operationnumbers>
<operationnumber>87652</operationnumber>
</operationnumbers>
<materialtable id="nev18118270n1-nev18140354n48">
<table id="nev18118270n1-nev18140354n47">
<tgroup cols="2" id="nev18118270n1-nev18140354n46">
<colspec colname="COLSPEC0" colwidth="1.00*" id="nev18118270n1-nev18140354n45"/>
<colspec colname="COLSPEC1" colwidth="1.00*" id="nev18118270n1-nev18140354n44"/>
<thead id="nev18118270n1-nev18140354n43">
<row id="nev18118270n1-nev18140354n42">
<entry id="nev18118270n1-nev18140354n41" nameend="COLSPEC1" namest="COLSPEC0" valign="top">
<ptxt id="nev18118270n1-nev18140354n40">
<emph id="nev18118270n1-nev18140354n39">Materials</emph>
</ptxt>
</entry>
</row>
</thead>
<tbody id="nev18118270n1-nev18140354n38">
<row id="nev18118270n1-nev18140354n37">
<entry id="nev18118270n1-nev18140354n36">
<ptxt id="nev18118270n1-nev18140354n35">
<emph id="nev18118270n1-nev18140354n34">Designation</emph>
</ptxt>
</entry>
<entry id="nev18118270n1-nev18140354n33">
<ptxt id="nev18118270n1-nev18140354n32">
<emph id="nev18118270n1-nev18140354n31">Part number</emph>
</ptxt>
</entry>
</row>
<row id="nev18118270n1-nev18140354n30">
<entry id="nev18118270n1-nev18140354n29">
<ptxt id="nev18118270n1-nev18140354n28">soap solution</ptxt>
</entry>
<entry id="nev18118270n1-nev18140354n26">
<ptxt id="nev18118270n1-nev18140354n25"/>
</entry>
</row>
<row id="nev18118270n1-nev18140354n24">
<entry id="nev18118270n1-nev18140354n23">
<ptxt id="nev18118270n1-nev18140354n22">Grease</ptxt>
</entry>
<entry id="nev18118270n1-nev18140354n20">
<ptxt id="nev18118270n1-nev18140354n19">1161761</ptxt>
</entry>
</row>
<row id="nev18118270n1-nev18140354n18">
<entry id="nev18118270n1-nev18140354n17">
<ptxt id="nev18118270n1-nev18140354n16">Low temperature#@#@#2#rease</ptxt>
</entry>
<entry id="nev18118270n1-nev18140354n14">
<ptxt id="nev18118270n1-nev18140354n13">1161427</ptxt>
</entry>
</row>
</tbody>
</tgroup>
</table>
</materialtable>
<procedure id="nev18118270n1-nev18117818n40">
<stepgrp boilerplate="false" context="" id="nev18118270n1-nev18138128n75">
<title id="nev18118270n1-0800c8af84f682f9">Information</title>
<procstep id="nev18118270n1-nev18117818n37">
<list1 enumtype="b" id="nev13396149n248" type="unordered">
<item id="nev13396149n246">
<ptxt id="nev13396149n244">  Read through #@#@#48#tion.</ptxt>
</item>
<item id="nev13396149n240">
<ptxt id="nev13396149n238">Notifications a#@#@#99#tion.</ptxt>
</item>
<item id="nev13396149n236">
<ptxt id="nev13396149n234">Ensure that all#@#@#72#tion.</ptxt>
</item>
<item id="nev13396149n232">
<ptxt id="nev13396149n230">Certain steps i#@#@#114#teps.</ptxt>
</item>
<item id="nev13396149n228">
<ptxt id="nev13396149n226">In the event of#@#@#81#aler.</ptxt>
</item>
</list1>
</procstep>
</stepgrp>
<stepgrp boilerplate="false" context="" id="nev18118270n1-nev18138128n72">
<title id="nev18118270n1-0800c8af844a46ee">Color symbols</title>
<procstep id="nev18118270n1-nev18117818n31">
<grate id="nev18118270n1-nev18138128n70">
<graphic id="nev18118270n1-nev18138128n71">
<href>0900c8af8579af4#@#@#9#.jpeg</href>
</graphic>
<graphtext id="nev18118270n1-nev18140390n1">
<list1 enumtype="n" id="nev18118270n1-nev18117818n28" type="ordered">
<item id="nev18118270n1-nev18138128n69">
<ptxt id="nev18118270n1-nev18138128n68">Used for focuse#@#@#55#hing.</ptxt>
</item>
<item id="nev18118270n1-nev18138128n67">
<ptxt id="nev18118270n1-nev18138128n66">Used as extra c#@#@#57#arts.</ptxt>
</item>
<item id="nev18118270n1-nev18138128n65">
<ptxt id="nev18118270n1-nev18138128n64">Used for attach#@#@#73# etc.</ptxt>
</item>
<item id="nev18118270n1-nev18138128n63">
<ptxt id="nev18118270n1-nev18138128n62">Used when the c#@#@#68#side.</ptxt>
</item>
<item id="nev18118270n1-nev18138128n61">
<ptxt id="nev18118270n1-nev18138128n60">Used for standa#@#@#22#ools.</ptxt>
</item>
<item id="nev18118270n1-nev18138128n59">
<ptxt id="nev18118270n1-nev18138128n58">Used as backgro#@#@#28#ents.</ptxt>
</item>
</list1>
</graphtext>
</grate>
</procstep>
</stepgrp>
<stepgrp boilerplate="false" context="" id="nev18118270n1-nev18138128n57">
<title id="nev18118270n1-0800c8af844a46f6">Removal</title>
<procstep id="nev18118270n1-nev18117818n13">
<grate id="nev18118270n1-nev18138128n55">
<graphic id="nev18118270n1-nev18138128n56">
<href>0900c8af8577924#@#@#9#.jpeg</href>
</graphic>
</grate>
</procstep>
<procstep id="nev18118270n1-nev18122698n2">
<grate id="nev18118270n1-nev18138128n53">
<graphic id="nev18118270n1-nev18138128n54">
<href>0900c8af8526c20#@#@#9#.jpeg</href>
</graphic>
</grate>
</procstep>
<procstep id="nev18118270n1-nev18117818n10">
<grate id="nev18118270n1-nev18138128n51">
<graphic id="nev18118270n1-nev18138128n52">
<href>0900c8af84e9cff#@#@#9#.jpeg</href>
</graphic>
<graphtext id="nev18118270n1-nev18140400n1">
<para id="nev18118270n1-nev18138128n49">
<ptxt id="nev18118270n1-nev18138128n50">Clean the Bumpe#@#@#11#face.</ptxt>
</para>
<para id="nev18118270n1-nev18138128n47">
<ptxt id="nev18118270n1-nev18138128n48">
<material id="nev18118270n1-nev18124370n95" materialid="" materialname="soap solution" quantity="0.0"/>
</ptxt>
</para>
</graphtext>
</grate>
</procstep>
<procstep id="nev18118270n1-nev18124370n94">
<grate id="nev18118270n1-nev18138128n45">
<graphic id="nev18118270n1-nev18138128n46">
<href>0900c8af851487d#@#@#9#.jpeg</href>
</graphic>
</grate>
</procstep>
<procstep id="nev18118270n1-nev18124370n89">
<grate id="nev18118270n1-nev18138128n43">
<graphic id="nev18118270n1-nev18138128n44">
<href>0900c8af84e9d02#@#@#9#.jpeg</href>
</graphic>
</grate>
</procstep>
<procstep id="nev18118270n1-nev18124370n86">
<grate id="nev18118270n1-nev18138128n41">
<graphic id="nev18118270n1-nev18138128n42">
<href>0900c8af84e9d04#@#@#9#.jpeg</href>
</graphic>
<graphtext id="nev18118270n1-nev18140413n1">
<caution id="nev18118270n1-0800c8af851650a8">
<ptxt>Cut carefully t#@#@#43#jury.</ptxt>
</caution>
</graphtext>
</grate>
</procstep>
<procstep id="nev18118270n1-nev18124370n82">
<title id="nev18118270n1-0800c8af85102fab">Vehicles with R#@#@#2#esign</title>
</procstep>
<procstep id="nev18118270n1-nev18124370n80">
<grate id="nev18118270n1-nev18138128n39">
<graphic id="nev18118270n1-nev18138128n40">
<href>0900c8af85148a0#@#@#9#.jpeg</href>
</graphic>
<graphtext id="nev18118270n1-nev18140417n1">
<para id="nev18118270n1-nev18138128n37">
<ptxt id="nev18118270n1-nev18138128n38">Clean the Bumpe#@#@#11#face.</ptxt>
</para>
<para id="nev18118270n1-nev18138128n35">
<ptxt id="nev18118270n1-nev18138128n36">
<material id="nev18118270n1-nev18124370n73" materialid="" materialname="soap solution" quantity="0.0"/>
</ptxt>
</para>
</graphtext>
</grate>
</procstep>
<procstep id="nev18118270n1-nev18124370n72">
<grate id="nev18118270n1-nev18138128n33">
<graphic id="nev18118270n1-nev18138128n34">
<href>0900c8af851489e#@#@#9#.jpeg</href>
</graphic>
</grate>
</procstep>
<procstep id="nev18118270n1-nev18124370n67">
<grate id="nev18118270n1-nev18138128n31">
<graphic id="nev18118270n1-nev18138128n32">
<href>0900c8af85148a0#@#@#9#.jpeg</href>
</graphic>
</grate>
</procstep>
<procstep id="nev18118270n1-nev18124370n64">
<grate id="nev18118270n1-nev18138128n29">
<graphic id="nev18118270n1-nev18138128n30">
<href>0900c8af85148a0#@#@#9#.jpeg</href>
</graphic>
</grate>
</procstep>
<procstep id="nev18118270n1-nev18124370n61">
<grate id="nev18118270n1-nev18138128n27">
<graphic id="nev18118270n1-nev18138128n28">
<href>0900c8af85148a0#@#@#9#.jpeg</href>
</graphic>
<graphtext id="nev18118270n1-nev18140433n1">
<caution id="nev18118270n1-0800c8af851650a8">
<ptxt>Cut carefully t#@#@#43#jury.</ptxt>
</caution>
</graphtext>
</grate>
</procstep>
<procstep id="nev18118270n1-nev18124370n57">
<title id="nev18118270n1-0800c8af844a41e8">All vehicles</title>
</procstep>
<procstep id="nev18118270n1-nev18117818n7">
<grate id="nev18118270n1-nev18138128n25">
<graphic id="nev18118270n1-nev18138128n26">
<href>0900c8af852baa5#@#@#9#.jpeg</href>
</graphic>
</grate>
</procstep>
<procstep id="nev18118270n1-nev18117818n4">
<grate id="nev18118270n1-nev18138128n23">
<graphic id="nev18118270n1-nev18138128n24">
<href>0900c8af852baad#@#@#9#.jpeg</href>
</graphic>
<graphtext id="nev18118270n1-nev18140440n1">
<para id="nev18118270n1-nev18138128n21">
<ptxt id="nev18118270n1-nev18138128n22">Remove the screws.</ptxt>
</para>
<para id="nev18118270n1-nev18138128n19">
<ptxt id="nev18118270n1-nev18138128n20">Remove the nuts.</ptxt>
</para>
</graphtext>
</grate>
</procstep>
<procstep id="nev18118270n1-nev18124370n47">
<grate id="nev18118270n1-nev18138128n17">
<graphic id="nev18118270n1-nev18138128n18">
<href>0900c8af852baae#@#@#9#.jpeg</href>
</graphic>
<graphtext id="nev18118270n1-nev18140444n1">
<para id="nev18118270n1-nev18138128n15">
<ptxt id="nev18118270n1-nev18138128n16">Fold the wing l#@#@#6#side.</ptxt>
</para>
</graphtext>
</grate>
</procstep>
</stepgrp>
<stepgrp boilerplate="false" context="" id="nev18118270n1-nev18138128n14">
<title id="nev18118270n1-0800c8af84fbdb3d">Accessory insta#@#@#2#ation</title>
<procstep id="nev18118270n1-nev18117818n1">
<grate id="nev18118270n1-nev18138128n12">
<graphic id="nev18118270n1-nev18138128n13">
<href>0900c8af852808e#@#@#9#.jpeg</href>
</graphic>
<graphtext id="nev18118270n1-nev18140448n1">
<para id="nev18118270n1-nev18138128n10">
<ptxt id="nev18118270n1-nev18138128n11">Install compone#@#@#32# kit.</ptxt>
</para>
<para id="nev18118270n1-nev18138128n8">
<ptxt id="nev18118270n1-nev18138128n9">Pull the wiring#@#@#4#ough.</ptxt>
</para>
</graphtext>
</grate>
</procstep>
<procstep id="nev18118270n1-nev18118272n90">
<grate id="nev18118270n1-nev18138128n6">
<graphic id="nev18118270n1-nev18138128n7">
<href>0900c8af857cfe5#@#@#9#.jpeg</href>
</graphic>
<graphtext id="nev18118270n1-nev18140452n1">
<note id="nev18118270n1-0800c8af854bf2da">
<ptxt>Note the position.</ptxt>
</note>
</graphtext>
</grate>
</procstep>
<procstep id="nev18118270n1-nev18118272n93">
<grate id="nev18118270n1-nev18138128n4">
<graphic id="nev18118270n1-nev18138128n5">
<href>0900c8af8528066#@#@#9#.jpeg</href>
</graphic>
<graphtext id="nev18118270n1-nev18140456n1">
<para id="nev18118270n1-nev18138128n2">
<ptxt id="nev18118270n1-nev18138128n3">Install compone#@#@#32# kit.</ptxt>
</para>
</graphtext>
</grate>
</procstep>
<procstep id="nev18118270n1-nev18124370n30">
<grate id="nev18118270n1-nev18140353n100">
<graphic id="nev18118270n1-nev18138128n1">
<href>0900c8af852a5bf#@#@#9#.jpeg</href>
</graphic>
</grate>
</procstep>
</stepgrp>
<stepgrp boilerplate="false" context="" id="nev18118270n1-nev18140353n99">
<title id="nev18118270n1-0800c8af844a46f6">Removal</title>
<procstep id="nev18118270n1-nev18124370n26">
<grate id="nev18118270n1-nev18140353n97">
<graphic id="nev18118270n1-nev18140353n98">
<href>0900c8af8528086#@#@#9#.jpeg</href>
</graphic>
<graphtext id="nev18118270n1-nev18140463n1">
<para id="nev18118270n1-nev18140353n95">
<ptxt id="nev18118270n1-nev18140353n96">Remove the panel.</ptxt>
</para>
</graphtext>
</grate>
</procstep>
<procstep id="nev18118270n1-nev18124370n21">
<grate id="nev18118270n1-nev18140353n93">
<graphic id="nev18118270n1-nev18140353n94">
<href>0900c8af852808f#@#@#9#.jpeg</href>
</graphic>
<graphtext id="nev18118270n1-nev18140467n1">
<para id="nev18118270n1-nev18140353n91">
<ptxt id="nev18118270n1-nev18140353n92">Remove the screws.</ptxt>
</para>
<para id="nev18118270n1-nev18140353n89">
<ptxt id="nev18118270n1-nev18140353n90">Remove the clips.</ptxt>
</para>
<para id="nev18118270n1-nev18140353n87">
<ptxt id="nev18118270n1-nev18140353n88">Remove the panel.</ptxt>
</para>
</graphtext>
</grate>
</procstep>
</stepgrp>
<stepgrp boilerplate="false" context="" id="nev18118270n1-nev18140353n86">
<title id="nev18118270n1-0800c8af84fbdb3d">Accessory insta#@#@#2#ation</title>
<procstep id="nev18118270n1-nev18124370n12">
<grate id="nev18118270n1-nev18140353n84">
<graphic id="nev18118270n1-nev18140353n85">
<href>0900c8af852a5bf#@#@#9#.jpeg</href>
</graphic>
</grate>
</procstep>
<procstep id="nev18118270n1-nev18124370n9">
<grate id="nev18118270n1-nev18140353n82">
<graphic id="nev18118270n1-nev18140353n83">
<href>0900c8af852a5c0#@#@#9#.jpeg</href>
</graphic>
<graphtext id="nev18118270n1-nev18140474n1">
<para id="nev18118270n1-nev18140353n80">
<ptxt id="nev18118270n1-nev18140353n81">Install the screw.</ptxt>
</para>
<para id="nev18118270n1-nev18140353n78">
<ptxt id="nev18118270n1-nev18140353n79">
<torque id="nev18118270n1-nev18124370n4">
<ref id="nev18118270n1-nev18124370n2">
<locator href="#nev18118270n1-nev18124370n2" label="L0"/>
<locator href="urn:x-nevis:xref:0800c8af83434449:0000000000000000:0900c8af83434452#include" label="L1"/>
<arc from="L0" href="urn:x-nevis:xref:0800c8af83434449:0900c8af8343444a:0900c8af83434452#include" role="urn:x-nevis:profile:0b00c8af80206803 urn:x-nevis:profile:0b00c8af80206820 urn:x-nevis:profile:0b00c8af8020681c urn:x-nevis:profile:0b00c8af80206836 urn:x-nevis:profile:0b00c8af802067e1 urn:x-nevis:profile:0b00c8af802067d6 urn:x-nevis:profile:0b00c8af802067ef urn:x-nevis:profile:0b00c8af8020683a urn:x-nevis:profile:0b00c8af80206800 urn:x-nevis:profile:0b00c8af80206835 urn:x-nevis:profile:0b00c8af802067f3 urn:x-nevis:profile:0b00c8af802067cc urn:x-nevis:profile:0b00c8af80206805 urn:x-nevis:profile:0b00c8af8020683d urn:x-nevis:profile:0b00c8af80206829 urn:x-nevis:profile:0b00c8af80206840 urn:x-nevis:profile:0b00c8af80206808 urn:x-nevis:profile:0b00c8af80206818 urn:x-nevis:profile:0b00c8af80206831 urn:x-nevis:profile:0b00c8af80206830 urn:x-nevis:profile:0b00c8af802067ed urn:x-nevis:profile:0b00c8af80206824 urn:x-nevis:profile:0b00c8af8020682f urn:x-nevis:profile:0b00c8af80206822 urn:x-nevis:profile:0b00c8af8020682a urn:x-nevis:profile:0b00c8af802067fd urn:x-nevis:profile:0b00c8af80206819 urn:x-nevis:profile:0b00c8af802067cf urn:x-nevis:profile:0b00c8af8020680a urn:x-nevis:profile:0b00c8af802067f0 urn:x-nevis:profile:0b00c8af802067fa urn:x-nevis:profile:0b00c8af8020682d urn:x-nevis:profile:0b00c8af80206827 urn:x-nevis:profile:0b00c8af8020680d urn:x-nevis:profile:0b00c8af802067f7 urn:x-nevis:profile:0b00c8af802067fb urn:x-nevis:profile:0b00c8af8020683c urn:x-nevis:profile:0b00c8af802067d9 urn:x-nevis:profile:0b00c8af8020681a urn:x-nevis:profile:0b00c8af80206839 urn:x-nevis:profile:0b00c8af80206834 urn:x-nevis:profile:0b00c8af802067fc urn:x-nevis:profile:0b00c8af8020681e urn:x-nevis:profile:0b00c8af8020681d urn:x-nevis:profile:0b00c8af8020682b urn:x-nevis:profile:0b00c8af802067ff urn:x-nevis:profile:0b00c8af802067f9 urn:x-nevis:profile:0b00c8af8020683b urn:x-nevis:profile:0b00c8af80206838 urn:x-nevis:profile:0b00c8af802067d1 urn:x-nevis:profile:0b00c8af80206837 urn:x-nevis:profile:0b00c8af802067dd urn:x-nevis:profile:0b00c8af802067f1 urn:x-nevis:profile:0b00c8af80206828 urn:x-nevis:profile:0b00c8af80206801 urn:x-nevis:profile:0b00c8af802067d3 urn:x-nevis:profile:0b00c8af8020680e urn:x-nevis:profile:0b00c8af802067d4 urn:x-nevis:profile:0b00c8af802067f4 urn:x-nevis:profile:0b00c8af802067e5 urn:x-nevis:profile:0b00c8af80206826 urn:x-nevis:profile:0b00c8af80206807 urn:x-nevis:profile:0b00c8af802067f2 urn:x-nevis:profile:0b00c8af80206823 urn:x-nevis:profile:0b00c8af80206825 urn:x-nevis:profile:0b00c8af80206833 urn:x-nevis:profile:0b00c8af80206821 urn:x-nevis:profile:0b00c8af8020683e urn:x-nevis:profile:0b00c8af8020680f urn:x-nevis:profile:0b00c8af8020681f urn:x-nevis:profile:0b00c8af802067eb urn:x-nevis:profile:0b00c8af802067df urn:x-nevis:profile:0b00c8af8020680b urn:x-nevis:profile:0b00c8af80206841 urn:x-nevis:profile:0b00c8af80206816 urn:x-nevis:profile:0b00c8af80206832 urn:x-nevis:profile:0b00c8af802067ea urn:x-nevis:profile:0b00c8af80206817 urn:x-nevis:profile:0b00c8af802067e7 urn:x-nevis:profile:0b00c8af80206814 urn:x-nevis:profile:0b00c8af802067c9 urn:x-nevis:profile:0b00c8af80206810 urn:x-nevis:profile:0b00c8af8020683f urn:x-nevis:profile:0b00c8af8020682c urn:x-nevis:profile:0b00c8af80206815 urn:x-nevis:profile:0b00c8af802067fe urn:x-nevis:profile:0b00c8af802067f8 urn:x-nevis:profile:0b00c8af802067f5 urn:x-nevis:profile:0b00c8af80206811 urn:x-nevis:profile:0b00c8af80206812 urn:x-nevis:profile:0b00c8af802067e9 urn:x-nevis:profile:0b00c8af80206813 urn:x-nevis:profile:0b00c8af80206809 urn:x-nevis:profile:0b00c8af80206318 urn:x-nevis:profile:0b00c8af80206332 urn:x-nevis:profile:0b00c8af80206365 urn:x-nevis:profile:0b00c8af8020631e urn:x-nevis:profile:0b00c8af80206348 urn:x-nevis:profile:0b00c8af80206327 urn:x-nevis:profile:0b00c8af802065b2 urn:x-nevis:profile:0b00c8af8020662b urn:x-nevis:profile:0b00c8af80206643 urn:x-nevis:profile:0b00c8af802065fa urn:x-nevis:profile:0b00c8af8020662c urn:x-nevis:profile:0b00c8af802066de urn:x-nevis:profile:0b00c8af802065d4 urn:x-nevis:profile:0b00c8af80206785 urn:x-nevis:profile:0b00c8af80206634 urn:x-nevis:profile:0b00c8af8020bdc4 urn:x-nevis:profile:0b00c8af802065c8 urn:x-nevis:profile:0b00c8af80206616 urn:x-nevis:profile:0b00c8af802065fb urn:x-nevis:profile:0b00c8af8020661d urn:x-nevis:profile:0b00c8af80206605 urn:x-nevis:profile:0b00c8af802065ec urn:x-nevis:profile:0b00c8af802065ee urn:x-nevis:profile:0b00c8af82febdf9 urn:x-nevis:profile:0b00c8af83aff6b3 urn:x-nevis:profile:0b00c8af83f19e63 urn:x-nevis:profile:0b00c8af841552ad urn:x-nevis:profile:0b00c8af847139c0 urn:x-nevis:profile:0b00c8af84eb8111 urn:x-nevis:profile:0b00c8af8520c39e urn:x-nevis:profile:0b00c8af8512644f urn:x-nevis:profile:0b00c8af85330427 urn:x-nevis:profile:0b00c8af8568d0bf urn:x-nevis:profile:0b00c8af817ac33f urn:x-nevis:profile:0b00c8af82e3ac56 urn:x-nevis:profile:0b00c8af83affa46 urn:x-nevis:profile:0b00c8af83f1ad9d urn:x-nevis:profile:0b00c8af8415509d urn:x-nevis:profile:0b00c8af847139e4 urn:x-nevis:profile:0b00c8af84eb8113 urn:x-nevis:profile:0b00c8af8520c261 urn:x-nevis:profile:0b00c8af80206360 urn:x-nevis:profile:0b00c8af80206404 urn:x-nevis:profile:0b00c8af80206409 urn:x-nevis:profile:0b00c8af802063f0 urn:x-nevis:profile:0b00c8af80206449 urn:x-nevis:profile:0b00c8af80206452 urn:x-nevis:profile:0b00c8af802064ba urn:x-nevis:profile:0b00c8af813c6d14 urn:x-nevis:profile:0b00c8af8020635b urn:x-nevis:profile:0b00c8af80206427 urn:x-nevis:profile:0b00c8af8020644d urn:x-nevis:profile:0b00c8af80206410 urn:x-nevis:profile:0b00c8af8020648e urn:x-nevis:profile:0b00c8af88366e50 urn:x-nevis:profile:0b00c8af802065b7 urn:x-nevis:profile:0b00c8af802065cf urn:x-nevis:profile:0b00c8af802065a6 urn:x-nevis:profile:0b00c8af802065bd urn:x-nevis:profile:0b00c8af802065ab urn:x-nevis:profile:0b00c8af802065bf urn:x-nevis:profile:0b00c8af802065b3 urn:x-nevis:profile:0b00c8af802065af urn:x-nevis:profile:0b00c8af802065c5 urn:x-nevis:profile:0b00c8af8020c058 urn:x-nevis:profile:0b00c8af80da257b urn:x-nevis:profile:0b00c8af823216e9 urn:x-nevis:profile:0b00c8af82e5d02d urn:x-nevis:profile:0b00c8af839eaa60 urn:x-nevis:profile:0b00c8af83f1a51f urn:x-nevis:profile:0b00c8af8414dfad urn:x-nevis:profile:0b00c8af847139e6 urn:x-nevis:profile:0b00c8af84eb810f urn:x-nevis:profile:0b00c8af80206660 urn:x-nevis:profile:0b00c8af8020665e urn:x-nevis:profile:0b00c8af8020665f urn:x-nevis:profile:0b00c8af80206674 urn:x-nevis:profile:0b00c8af80da257a urn:x-nevis:profile:0b00c8af822b09b7 urn:x-nevis:profile:0b00c8af82e3b020 urn:x-nevis:profile:0b00c8af83b00078 urn:x-nevis:profile:0b00c8af83f2e56a urn:x-nevis:profile:0b00c8af846772f5 urn:x-nevis:profile:0b00c8af84eb8105 urn:x-nevis:profile:0b00c8af8520c3a5 urn:x-nevis:profile:0b00c8af856337af urn:x-nevis:profile:0b00c8af8621e88c urn:x-nevis:profile:0b00c8af863f4c3a urn:x-nevis:profile:0b00c8af86ea35a1 urn:x-nevis:profile:0b00c8af87344a46 urn:x-nevis:profile:0b00c8af87a4ed08 urn:x-nevis:profile:0b00c8af86b49077 urn:x-nevis:profile:0b00c8af86ead04a urn:x-nevis:profile:0b00c8af87344e2d urn:x-nevis:profile:0b00c8af85633c05 urn:x-nevis:profile:0b00c8af8633603b urn:x-nevis:profile:0b00c8af86576304 urn:x-nevis:profile:0b00c8af86eb98d1 urn:x-nevis:profile:0b00c8af87344f63 urn:x-nevis:profile:0b00c8af87d95113 urn:x-nevis:profile:0b00c8af80206373 urn:x-nevis:profile:0b00c8af8020632d urn:x-nevis:profile:0b00c8af802063e9 urn:x-nevis:profile:0b00c8af8020642f urn:x-nevis:profile:0b00c8af80206672 urn:x-nevis:profile:0b00c8af8020666c urn:x-nevis:profile:0b00c8af80206663 urn:x-nevis:profile:0b00c8af8020665a urn:x-nevis:profile:0b00c8af80206664 urn:x-nevis:profile:0b00c8af80206661 urn:x-nevis:profile:0b00c8af80da2572 urn:x-nevis:profile:0b00c8af823216de urn:x-nevis:profile:0b00c8af8259afd3 urn:x-nevis:profile:0b00c8af838b9dc6 urn:x-nevis:profile:0b00c8af83f1dcfd urn:x-nevis:profile:0b00c8af84116a24 urn:x-nevis:profile:0b00c8af8494c645 urn:x-nevis:profile:0b00c8af84eb8104 urn:x-nevis:profile:0b00c8af8520c3a1 urn:x-nevis:profile:0b00c8af856303ec urn:x-nevis:profile:0b00c8af8620f7a0 urn:x-nevis:profile:0b00c8af8656e7d2 urn:x-nevis:profile:0b00c8af83f4b28f urn:x-nevis:profile:0b00c8af8414d8c5 urn:x-nevis:profile:0b00c8af84adce3d urn:x-nevis:profile:0b00c8af84eb810a urn:x-nevis:profile:0b00c8af8520c3a2 urn:x-nevis:profile:0b00c8af85632e61 urn:x-nevis:profile:0b00c8af868ec1a4 urn:x-nevis:profile:0b00c8af8020661b urn:x-nevis:profile:0b00c8af802066e8 urn:x-nevis:profile:0b00c8af86dd9c00 urn:x-nevis:profile:0b00c8af87346035 urn:x-nevis:profile:0b00c8af8795b0b0 urn:x-nevis:profile:0b00c8af86ef2dd3 urn:x-nevis:profile:0b00c8af87346884 urn:x-nevis:profile:0b00c8af8795b0af urn:x-nevis:profile:0b00c8af802065cb urn:x-nevis:profile:0b00c8af802065d7 urn:x-nevis:profile:0b00c8af802065a8 urn:x-nevis:profile:0b00c8af802065c6 urn:x-nevis:profile:0b00c8af802065ad urn:x-nevis:profile:0b00c8af802065e4 urn:x-nevis:profile:0b00c8af802065b8 urn:x-nevis:profile:0b00c8af802065cc urn:x-nevis:profile:0b00c8af802065ca urn:x-nevis:profile:0b00c8af85025cbc urn:x-nevis:profile:0b00c8af8569a64b urn:x-nevis:profile:0b00c8af862296a5 urn:x-nevis:profile:0b00c8af86576caa urn:x-nevis:profile:0b00c8af86eea749 urn:x-nevis:profile:0b00c8af87345825 urn:x-nevis:profile:0b00c8af8795b0ae urn:x-nevis:profile:0b00c8af85025cc4 urn:x-nevis:profile:0b00c8af8569a80c urn:x-nevis:profile:0b00c8af861bd2c7 urn:x-nevis:profile:0b00c8af86576f47 urn:x-nevis:profile:0b00c8af86eead74 urn:x-nevis:profile:0b00c8af87345b76 urn:x-nevis:profile:0b00c8af8795b0ab urn:x-nevis:profile:0b00c8af8020c05a urn:x-nevis:profile:0b00c8af80da257d urn:x-nevis:profile:0b00c8af823216ee urn:x-nevis:profile:0b00c8af82e5d352 urn:x-nevis:profile:0b00c8af839eacfa urn:x-nevis:profile:0b00c8af83f1a8d8 urn:x-nevis:profile:0b00c8af8414e27e urn:x-nevis:profile:0b00c8af847139e3 urn:x-nevis:profile:0b00c8af84eb8110 urn:x-nevis:profile:0b00c8af84677309 urn:x-nevis:profile:0b00c8af84eb810c urn:x-nevis:profile:0b00c8af8520c3a6 urn:x-nevis:profile:0b00c8af85633da2 urn:x-nevis:profile:0b00c8af86223698 urn:x-nevis:profile:0b00c8af863ffa7b urn:x-nevis:profile:0b00c8af86ec6047 urn:x-nevis:profile:0b00c8af87344fef urn:x-nevis:profile:0b00c8af87a4ede2 urn:x-nevis:profile:0b00c8af87a573de urn:x-nevis:profile:0b00c8af86552501 urn:x-nevis:profile:0b00c8af8657680f urn:x-nevis:profile:0b00c8af86eddbce urn:x-nevis:profile:0b00c8af87345325 urn:x-nevis:profile:0b00c8af8020633b urn:x-nevis:profile:0b00c8af80206343 urn:x-nevis:profile:0b00c8af802063ec urn:x-nevis:profile:0b00c8af8020641f urn:x-nevis:profile:0b00c8af80206670 urn:x-nevis:profile:0b00c8af8020666a urn:x-nevis:profile:0b00c8af80206675 urn:x-nevis:profile:0b00c8af80206676 urn:x-nevis:profile:0b00c8af80206666 urn:x-nevis:profile:0b00c8af80da26dc urn:x-nevis:profile:0b00c8af822b096a urn:x-nevis:profile:0b00c8af82e48186 urn:x-nevis:profile:0b00c8af83affc41 urn:x-nevis:profile:0b00c8af839e8e09 urn:x-nevis:profile:0b00c8af83f23801 urn:x-nevis:profile:0b00c8af84103b76 urn:x-nevis:profile:0b00c8af84adce35 urn:x-nevis:profile:0b00c8af84eb8108 urn:x-nevis:profile:0b00c8af8520c3a3 urn:x-nevis:profile:0b00c8af85632eb6 urn:x-nevis:profile:0b00c8af862154cd urn:x-nevis:profile:0b00c8af8656e95f urn:x-nevis:profile:0b00c8af802065c4 urn:x-nevis:profile:0b00c8af802065f5 urn:x-nevis:profile:0b00c8af802065d6 urn:x-nevis:profile:0b00c8af8020666b urn:x-nevis:profile:0b00c8af8020666d urn:x-nevis:profile:0b00c8af80206662 urn:x-nevis:profile:0b00c8af8020665c urn:x-nevis:profile:0b00c8af80da2577 urn:x-nevis:profile:0b00c8af822b096c urn:x-nevis:profile:0b00c8af82e48550 urn:x-nevis:profile:0b00c8af802065bc urn:x-nevis:profile:0b00c8af80206712 urn:x-nevis:profile:0b00c8af86dd9c01 urn:x-nevis:profile:0b00c8af8734634a urn:x-nevis:profile:0b00c8af8795b0b2 urn:x-nevis:profile:0b00c8af86dd9c02 urn:x-nevis:profile:0b00c8af873465d2 urn:x-nevis:profile:0b00c8af8795b0ad urn:x-nevis:profile:0b00c8af8734696f urn:x-nevis:profile:0b00c8af8795b0aa urn:x-nevis:profile:0b00c8af882fd259 urn:x-nevis:profile:0b00c8af83f34b0e urn:x-nevis:profile:0b00c8af841040db urn:x-nevis:profile:0b00c8af84ae12aa urn:x-nevis:profile:0b00c8af84eb810d urn:x-nevis:profile:0b00c8af8520c3a7 urn:x-nevis:profile:0b00c8af8569a13e urn:x-nevis:profile:0b00c8af86229467 urn:x-nevis:profile:0b00c8af864b2bae urn:x-nevis:profile:0b00c8af86ee512d urn:x-nevis:profile:0b00c8af87164cbc urn:x-nevis:profile:0b00c8af8795b0ac urn:x-nevis:profile:0b00c8af839e8e0b urn:x-nevis:profile:0b00c8af83f24029 urn:x-nevis:profile:0b00c8af84103a21 urn:x-nevis:profile:0b00c8af84add34d urn:x-nevis:profile:0b00c8af84eb8109 urn:x-nevis:profile:0b00c8af8520c3a4 urn:x-nevis:profile:0b00c8af85633292 urn:x-nevis:profile:0b00c8af8621ada3 urn:x-nevis:profile:0b00c8af8656ed6f urn:x-nevis:profile:0b00c8af80206671 urn:x-nevis:profile:0b00c8af80206669 urn:x-nevis:profile:0b00c8af8117443b urn:x-nevis:profile:0b00c8af822b0968 urn:x-nevis:profile:0b00c8af82e48817 urn:x-nevis:profile:0b00c8af838ba0b2 urn:x-nevis:profile:0b00c8af83f1a29a urn:x-nevis:profile:0b00c8af8414e54b urn:x-nevis:profile:0b00c8af84983e6d urn:x-nevis:profile:0b00c8af84eb8103 urn:x-nevis:profile:0b00c8af851e8289 urn:x-nevis:profile:0b00c8af856303e5 urn:x-nevis:profile:0b00c8af8620fba5 urn:x-nevis:profile:0b00c8af8656e7b9 urn:x-nevis:profile:0b00c8af858c2577 urn:x-nevis:profile:0b00c8af86eeb1e9 urn:x-nevis:profile:0b00c8af87345e76 urn:x-nevis:profile:0b00c8af8795b0b1" title="VCC-283747-1, M6" to="L1"/>
</ref>
</torque>
</ptxt>
</para>
</graphtext>
</grate>
</procstep>
<procstep id="nev18118270n1-nev18124371n100">
<grate id="nev18118270n1-nev18140353n76">
<graphic id="nev18118270n1-nev18140353n77">
<href>0900c8af84f199e#@#@#9#.jpeg</href>
</graphic>
<graphtext id="nev18118270n1-nev18140481n1">
<para id="nev18118270n1-nev18140353n74">
<ptxt id="nev18118270n1-nev18140353n75">Pull the wiring#@#@#4#ough.</ptxt>
</para>
<para id="nev18118270n1-nev18140353n72">
<ptxt id="nev18118270n1-nev18140353n73">Install a clips#@#@#32#rame.</ptxt>
</para>
</graphtext>
</grate>
</procstep>
</stepgrp>
<stepgrp boilerplate="false" context="" id="nev18118270n1-nev18140353n71">
<title id="nev18118270n1-0800c8af844a46f6">Removal</title>
<procstep id="nev18118270n1-nev18118272n85">
<grate id="nev18118270n1-nev18140353n69">
<graphic id="nev18118270n1-nev18140353n70">
<href>0900c8af8526b51#@#@#9#.jpeg</href>
</graphic>
<graphtext id="nev18118270n1-nev18140485n1">
<para id="nev18118270n1-nev18140353n67">
<ptxt id="nev18118270n1-nev18140353n68">Place a contain#@#@#12# car.</ptxt>
</para>
<para id="nev18118270n1-nev18140353n65">
<ptxt id="nev18118270n1-nev18140353n66">Drain the coolant.</ptxt>
</para>
<para id="nev18118270n1-nev18140353n63">
<ptxt id="nev18118270n1-nev18140353n64">Tighten the nip#@#@#26#lant.</ptxt>
</para>
</graphtext>
</grate>
</procstep>
</stepgrp>
<stepgrp boilerplate="false" context="" id="nev18118270n1-nev18140353n62">
<title id="nev18118270n1-0800c8af84fbdb3d">Accessory insta#@#@#2#ation</title>
<procstep id="nev18118270n1-nev18124371n85">
<grate id="nev18118270n1-nev18140353n60">
<graphic id="nev18118270n1-nev18140353n61">
<href>0900c8af8465c31#@#@#9#.jpeg</href>
</graphic>
<graphtext id="nev18118270n1-nev18140489n1">
<para id="nev18118270n1-nev18140353n58">
<ptxt id="nev18118270n1-nev18140353n59">Install the clip(s).</ptxt>
</para>
</graphtext>
</grate>
</procstep>
<procstep id="nev18118270n1-nev18124371n80">
<grate id="nev18118270n1-nev18140353n56">
<graphic id="nev18118270n1-nev18140353n57">
<href>0900c8af84f8c5b#@#@#9#.jpeg</href>
</graphic>
<graphtext id="nev18118270n1-nev18140493n1">
<para id="nev18118270n1-nev18140353n54">
<ptxt id="nev18118270n1-nev18140353n55">Install a clips#@#@#32#rame.</ptxt>
</para>
</graphtext>
</grate>
</procstep>
<procstep id="nev18118270n1-nev18124371n75">
<grate id="nev18118270n1-nev18140353n52">
<graphic id="nev18118270n1-nev18140353n53">
<href>0900c8af852be88#@#@#9#.jpeg</href>
</graphic>
<graphtext id="nev18118270n1-nev18140497n1">
<caution id="nev18118270n1-0800c8af85164e4a">
<ptxt>No grease on co#@#@#10#aces.</ptxt>
</caution>
<para id="nev18118270n1-nev18140353n50">
<ptxt id="nev18118270n1-nev18140353n51">Lubricate the O#@#@#1#ring.</ptxt>
</para>
<para id="nev18118270n1-nev18140353n48">
<ptxt id="nev18118270n1-nev18140353n49">
<material id="nev18118270n1-nev18124371n67" materialid="1161761" materialname="Grease" quantity="0.0"/>
</ptxt>
</para>
</graphtext>
</grate>
</procstep>
<procstep id="nev18118270n1-nev18124371n66">
<grate id="nev18118270n1-nev18140353n46">
<graphic id="nev18118270n1-nev18140353n47">
<href>0900c8af852bacc#@#@#9#.jpeg</href>
</graphic>
<graphtext id="nev18118270n1-nev18140504n1">
<para id="nev18118270n1-nev18140353n44">
<ptxt id="nev18118270n1-nev18140353n45">Connect the cab#@#@#6#ness.</ptxt>
</para>
<para id="nev18118270n1-nev18140353n42">
<ptxt id="nev18118270n1-nev18140353n43">Install the clip(s).</ptxt>
</para>
</graphtext>
</grate>
</procstep>
<procstep id="nev18118270n1-nev18124371n59">
<grate id="nev18118270n1-nev18140353n40">
<graphic id="nev18118270n1-nev18140353n41">
<href>0900c8af8465c34#@#@#9#.jpeg</href>
</graphic>
<graphtext id="nev18118270n1-nev18140508n1">
<para id="nev18118270n1-nev18140353n38">
<ptxt id="nev18118270n1-nev18140353n39">Secure the cabl#@#@#31#ange.</ptxt>
</para>
</graphtext>
</grate>
</procstep>
<procstep id="nev18118270n1-nev18124371n54">
<grate id="nev18118270n1-nev18140353n36">
<graphic id="nev18118270n1-nev18140353n37">
<href>0900c8af84ed27e#@#@#9#.jpeg</href>
</graphic>
<graphtext id="nev18118270n1-nev18140512n1">
<para id="nev18118270n1-nev18140353n34">
<ptxt id="nev18118270n1-nev18140353n35">Pull the wiring#@#@#4#ough.</ptxt>
</para>
</graphtext>
</grate>
</procstep>
<procstep id="nev18118270n1-nev18124371n49">
<grate id="nev18118270n1-nev18140353n32">
<graphic id="nev18118270n1-nev18140353n33">
<href>0900c8af84ed282#@#@#9#.jpeg</href>
</graphic>
<graphtext id="nev18118270n1-nev18140516n1">
<para id="nev18118270n1-nev18140353n30">
<ptxt id="nev18118270n1-nev18140353n31">Secure the cabl#@#@#31#ange.</ptxt>
</para>
</graphtext>
</grate>
</procstep>
<procstep id="nev18118270n1-nev18124371n44">
<grate id="nev18118270n1-nev18140353n28">
<graphic id="nev18118270n1-nev18140353n29">
<href>0900c8af855ea37#@#@#9#.jpeg</href>
</graphic>
<graphtext id="nev18118270n1-nev18140520n1">
<para id="nev18118270n1-nev18140353n26">
<ptxt id="nev18118270n1-nev18140353n27">Secure the cabl#@#@#31#ange.</ptxt>
</para>
</graphtext>
</grate>
</procstep>
<procstep id="nev18118270n1-nev18124371n39">
<grate id="nev18118270n1-nev18140353n24">
<graphic id="nev18118270n1-nev18140353n25">
<href>0900c8af8564305#@#@#9#.jpeg</href>
</graphic>
<graphtext id="nev18118270n1-nev18140524n1">
<para id="nev18118270n1-nev18140353n22">
<ptxt id="nev18118270n1-nev18140353n23">Secure the cabl#@#@#31#ange.</ptxt>
</para>
</graphtext>
</grate>
</procstep>
<procstep id="nev18118270n1-nev18124371n34">
<grate id="nev18118270n1-nev18140353n20">
<graphic id="nev18118270n1-nev18140353n21">
<href>0900c8af84f199d#@#@#9#.jpeg</href>
</graphic>
<graphtext id="nev18118270n1-nev18140528n1">
<warning id="nev18118270n1-0800c8af844a4837">
<ptxt>Be prepared to #@#@#18#luid.</ptxt>
</warning>
<para id="nev18118270n1-nev18140353n18">
<ptxt id="nev18118270n1-nev18140353n19">Loosen the hose#@#@#3#amps.</ptxt>
</para>
<para id="nev18118270n1-nev18140353n16">
<ptxt id="nev18118270n1-nev18140353n17">Remove the hose.</ptxt>
</para>
<para id="nev18118270n1-nev18140353n14">
<ptxt id="nev18118270n1-nev18140353n15">The part is not#@#@#9#used.</ptxt>
</para>
</graphtext>
</grate>
</procstep>
<procstep id="nev18118270n1-nev18124371n24">
<grate id="nev18118270n1-nev18140353n12">
<graphic id="nev18118270n1-nev18140353n13">
<href>0900c8af84f199e#@#@#9#.jpeg</href>
</graphic>
<graphtext id="nev18118270n1-nev18140532n1">
<para id="nev18118270n1-nev18140353n10">
<ptxt id="nev18118270n1-nev18140353n11">Install compone#@#@#32# kit.</ptxt>
</para>
<para id="nev18118270n1-nev18140353n8">
<ptxt id="nev18118270n1-nev18140353n9">Install the screws.</ptxt>
</para>
</graphtext>
</grate>
</procstep>
<procstep id="nev18118270n1-nev18124371n17">
<grate id="nev18118270n1-nev18140353n6">
<graphic id="nev18118270n1-nev18140353n7">
<href>0900c8af84f199f#@#@#9#.jpeg</href>
</graphic>
<graphtext id="nev18118270n1-nev18140536n1">
<note id="nev18118270n1-0800c8af850139e9">
<ptxt>The hose connec#@#@#34#ward.</ptxt>
</note>
<para id="nev18118270n1-nev18140353n4">
<ptxt id="nev18118270n1-nev18140353n5">Install compone#@#@#32# kit.</ptxt>
</para>
<para id="nev18118270n1-nev18140353n2">
<ptxt id="nev18118270n1-nev18140353n3">Install the screw.</ptxt>
</para>
</graphtext>
</grate>
</procstep>
<procstep id="nev18118270n1-nev18124371n9">
<grate id="nev18118270n1-nev18140354n100">
<graphic id="nev18118270n1-nev18140353n1">
<href>0900c8af84f199f#@#@#9#.jpeg</href>
</graphic>
<graphtext id="nev18118270n1-nev18140540n1">
<para id="nev18118270n1-nev18140354n98">
<ptxt id="nev18118270n1-nev18140354n99">Install compone#@#@#32# kit.</ptxt>
</para>
<para id="nev18118270n1-nev18140354n96">
<ptxt id="nev18118270n1-nev18140354n97">Install the hose.</ptxt>
</para>
<para id="nev18118270n1-nev18140354n94">
<ptxt id="nev18118270n1-nev18140354n95">Tighten the hos#@#@#4#amps.</ptxt>
</para>
</graphtext>
</grate>
</procstep>
<procstep id="nev18118270n1-nev18124372n100">
<grate id="nev18118270n1-nev18140354n92">
<graphic id="nev18118270n1-nev18140354n93">
<href>0900c8af84f199e#@#@#9#.jpeg</href>
</graphic>
<graphtext id="nev18118270n1-nev18140544n1">
<para id="nev18118270n1-nev18140354n90">
<ptxt id="nev18118270n1-nev18140354n91">Install compone#@#@#32# kit.</ptxt>
</para>
<para id="nev18118270n1-nev18140354n88">
<ptxt id="nev18118270n1-nev18140354n89">Install the hose.</ptxt>
</para>
<para id="nev18118270n1-nev18140354n86">
<ptxt id="nev18118270n1-nev18140354n87">Tighten the hos#@#@#4#amps.</ptxt>
</para>
</graphtext>
</grate>
</procstep>
<procstep id="nev18118270n1-nev18124372n91">
<grate id="nev18118270n1-nev18140354n84">
<graphic id="nev18118270n1-nev18140354n85">
<href>0900c8af852be8b#@#@#9#.jpeg</href>
</graphic>
<graphtext id="nev18118270n1-nev18140548n1">
<para id="nev18118270n1-nev18140354n82">
<ptxt id="nev18118270n1-nev18140354n83">Install compone#@#@#32# kit.</ptxt>
</para>
</graphtext>
</grate>
</procstep>
<procstep id="nev18118270n1-nev18124372n86">
<grate id="nev18118270n1-nev18124372n84">
<graphic id="nev18118270n1-nev18124372n85">
<href>0900c8af852be88#@#@#9#.jpeg</href>
</graphic>
<graphtext id="nev18118270n1-nev18140552n1">
<caution id="nev18118270n1-0800c8af85164e4a">
<ptxt>No grease on co#@#@#10#aces.</ptxt>
</caution>
<para id="nev18118270n1-nev18140354n80">
<ptxt id="nev18118270n1-nev18140354n81">Lubricate the O#@#@#1#ring.</ptxt>
</para>
<para id="nev18118270n1-nev18140354n78">
<ptxt id="nev18118270n1-nev18140354n79">
<material id="nev18118270n1-nev18124372n78" materialid="1161427" materialname="Low temperature grease" quantity="0.0"/>
</ptxt>
</para>
</graphtext>
</grate>
</procstep>
<procstep id="nev18118270n1-nev18124372n77">
<grate id="nev18118270n1-nev18140354n76">
<graphic id="nev18118270n1-nev18140354n77">
<href>0900c8af84f199e#@#@#9#.jpeg</href>
</graphic>
<graphtext id="nev18118270n1-nev18140559n1">
<para id="nev18118270n1-nev18140354n74">
<ptxt id="nev18118270n1-nev18140354n75">Connect the cab#@#@#6#ness.</ptxt>
</para>
<para id="nev18118270n1-nev18140354n72">
<ptxt id="nev18118270n1-nev18140354n73">Install the clip(s).</ptxt>
</para>
</graphtext>
</grate>
</procstep>
<procstep id="nev18118270n1-nev18124372n70">
<grate id="nev18118270n1-nev18140354n70">
<graphic id="nev18118270n1-nev18140354n71">
<href>0900c8af84f199e#@#@#9#.jpeg</href>
</graphic>
<graphtext id="nev18118270n1-nev18140563n1">
<para id="nev18118270n1-nev18140354n68">
<ptxt id="nev18118270n1-nev18140354n69">Clamp using the#@#@#11# tie.</ptxt>
</para>
</graphtext>
</grate>
</procstep>
<procstep id="nev18118270n1-nev18124372n67">
<grate id="nev18118270n1-nev18140354n66">
<graphic id="nev18118270n1-nev18140354n67">
<href>0900c8af8504e6d#@#@#9#.jpeg</href>
</graphic>
<graphtext id="nev18118270n1-nev18140567n1">
<para id="nev18118270n1-nev18140354n64">
<ptxt id="nev18118270n1-nev18140354n65">Install the cable.</ptxt>
</para>
</graphtext>
</grate>
</procstep>
</stepgrp>
<stepgrp boilerplate="false" context="" id="nev18118270n1-nev18140354n63">
<title id="nev18118270n1-0800c8af844a46f9">Installation</title>
<procstep id="nev18118270n1-nev18124372n60">
<grate id="nev18118270n1-nev18140354n61">
<graphic id="nev18118270n1-nev18140354n62">
<href>0900c8af852c29d#@#@#9#.jpeg</href>
</graphic>
<graphtext id="nev18118270n1-nev18140571n1">
<caution id="nev18118270n1-0800c8af85164ec8">
<ptxt>Do not clamp th#@#@#66#ilar.</ptxt>
</caution>
<caution id="nev18118270n1-0800c8af85164ff8">
<ptxt>Make sure to lo#@#@#85#ided.</ptxt>
</caution>
<para id="nev18118270n1-nev18140354n59">
<ptxt id="nev18118270n1-nev18140354n60">Clamp the cable#@#@#52#oise.</ptxt>
</para>
<para id="nev18118270n1-nev18140354n57">
<ptxt id="nev18118270n1-nev18140354n58">Reinstall the r#@#@#25#rder.</ptxt>
</para>
<para id="nev18118270n1-nev18140354n55">
<ptxt id="nev18118270n1-nev18140354n56">Fill with coola#@#@#42#ture.</ptxt>
</para>
<para id="nev18118270n1-nev18140354n53">
<ptxt id="nev18118270n1-nev18140354n54">Vent the coolin#@#@#26#kage.</ptxt>
</para>
<para id="nev18118270n1-nev18140354n51">
<ptxt id="nev18118270n1-nev18140354n52">Post-fill the c#@#@#22#sary.</ptxt>
</para>
</graphtext>
</grate>
</procstep>
</stepgrp>
</procedure>
<kitnumbers>
<kitnumber>31267580</kitnumber>
</kitnumbers>
</servinfosub>
</body>
</i2>