<?xml version="1.0" encoding="UTF-8"?><servinfosub IE-ID="en-US0900c8af84cfa90c" docno="VCC-125785" id="KC01614953" xml:lang="en-US">
<title id="nev15274902n250">Steering wheel #@#@#20#wheel</title>
<procedure id="nev15274902n249">
<stepgrp id="KC01620519">
<procstep id="KC01620520">
<title id="nev15274902n244">S40 V40 model y#@#@#8#-2002</title>
<para id="nev15274902n243">
<ptxt id="nev15274902n242">Remove the stee#@#@#11# See <xref id="nev15274902n19">
<ref id="nev15274902n18"/>
</xref>
</ptxt>
</para>
</procstep>
<procstep id="nev15274902n14">
<title id="nev15274902n13">S40 V40 model y#@#@#8#-2004</title>
<para id="nev15274902n12">
<ptxt id="nev15274902n11">Remove the stee#@#@#11# See <xref id="nev15274902n10">
<ref id="nev15274902n9"/>
</xref>
</ptxt>
</para>
</procstep>
</stepgrp>
</procedure>
</servinfosub>