<?xml version="1.0" encoding="UTF-8"?><servinfosub IE-ID="en-US0900c8af82a3c304" docno="VCC-160772" id="KC06193558" xml:lang="en-US">
<title id="nev10954652n1">Sensors for che#@#@#16#ystem</title>
<list1 enumtype="d" id="nev10954652n3" type="unordered">
<item id="nev10954652n5">
<ptxt id="nev10954652n7">
<xref id="nev10954652n9">
<ref id="KC07229099"/>
</xref>
</ptxt>
</item>
<item id="nev10954652n15">
<ptxt id="nev10954652n17">
<xref id="nev10954652n19">
<ref id="KC07229100"/>
</xref>
</ptxt>
</item>
<item id="nev10954652n25">
<ptxt id="nev10954652n27">
<xref id="nev10954652n29">
<ref id="KC07229101"/>
</xref>
</ptxt>
</item>
<item id="nev10954652n35">
<ptxt id="nev10954652n37">
<xref id="nev10954652n39">
<ref id="KC07229102"/>
</xref>
</ptxt>
</item>
<item id="nev10954652n45">
<ptxt id="nev10954652n47">
<xref id="nev10954652n49">
<ref id="KC07229103"/>
</xref>
</ptxt>
</item>
<item id="nev10954652n55">
<ptxt id="nev10954652n57">
<xref id="nev10954652n59">
<ref id="KC07229104"/>
</xref>
</ptxt>
</item>
<item id="nev10954652n65">
<ptxt id="nev10954652n67">
<xref id="nev10954652n69">
<ref id="KC07229105"/>
</xref>
</ptxt>
</item>
<item id="nev10954652n75">
<ptxt id="nev10954652n77">
<xref id="nev10954652n79">
<ref id="KC07229106"/>
</xref>
</ptxt>
</item>
<item id="nev10954652n85">
<ptxt id="nev10954652n87">
<xref id="nev10954652n89">
<ref id="KC07229107"/>
</xref>
</ptxt>
</item>
<item id="nev10954652n95">
<ptxt id="nev10954652n97">
<xref id="nev10954652n99">
<ref id="KC07229108"/>
</xref>
</ptxt>
</item>
<item id="nev10954652n105">
<ptxt id="nev10954652n107">
<xref id="nev10954652n109">
<ref id="KC07229109"/>
</xref>
</ptxt>
</item>
<item id="nev10954652n115">
<ptxt id="nev10954652n117">
<xref id="nev10954652n119">
<ref id="KC07229110"/>
</xref>
</ptxt>
</item>
<item id="nev10954652n125">
<ptxt id="nev10954652n127">
<xref id="nev10954652n129">
<ref id="KC07229111"/>
</xref>
</ptxt>
</item>
<item id="nev10954652n135">
<ptxt id="nev10954652n137">
<xref id="nev10954652n139">
<ref id="KC07229112"/>
</xref>
</ptxt>
</item>
<item id="nev10954652n145">
<ptxt id="nev10954652n147">
<xref id="nev10954652n149">
<ref id="KC07229113"/>
</xref>
</ptxt>
</item>
<item id="nev10954652n155">
<ptxt id="nev10954652n157">
<xref id="nev10954652n159">
<ref id="KC07229114"/>
</xref>
</ptxt>
</item>
<item id="nev10954652n165">
<ptxt id="nev10954652n167">
<xref id="nev10954652n169">
<ref id="KC07229115"/>
</xref>
</ptxt>
</item>
<item id="nev10954652n175">
<ptxt id="nev10954652n177">
<xref id="nev10954652n179">
<ref id="KC07229116"/>
</xref>
</ptxt>
</item>
<item id="nev10954652n185">
<ptxt id="nev10954652n187">
<xref id="nev10954652n189">
<ref id="KC07229117"/>
</xref>
</ptxt>
</item>
<item id="nev10954652n195">
<ptxt id="nev10954652n197">
<xref id="nev10954652n199">
<ref id="KC07229118"/>
</xref>
</ptxt>
</item>
<item id="nev10954654n97">
<ptxt id="nev10954654n240">
<xref id="nev10954655n133">
<ref id="nev10954656n26"/>
</xref>
</ptxt>
</item>
</list1>
</servinfosub>