<?xml version="1.0" encoding="UTF-8"?><script xmlns:nevis="http://www.volvocars.com/namespaces/processing" xmlns:xlink="http://www.w3.org/1999/xlink" IE-ID="en-US0900c8af87e20304" docno="VCC-507050" id="nev28508846n1" nevis:expl-profile="mdl536yr2018" nevis:profile="urn:x-nevis:profile:0b00c8af8734696f" nevis:projectdocument="urn:x-nevis:projectdocument:0800c8af87e2030a" nevis:resource="0900c8af87e208ec" nevis:resource2="urn:x-nevis:fragment:0900c8af87e20304:0900c8af87e208ec#nev28508846n1" nevis:session-id="" qualifierinfotype="14:06" xml:lang="en-US"><title id="nev28508846n2"><phrase category="Title" id="nev28508846n3" phrase-urn="urn:x-nevis:phrase:0800c8af86f03262">Component test:</phrase><phrase category="Generic Component" id="nev28508846n4" phrase-urn="urn:x-nevis:phrase:0800c8af869f1df8">Steering wheel #@#@#1#eater</phrase></title><content id="nev28508846n5-nev28508833n1" nevis:expl-profile="mdl536yr2018" nevis:idfrom="nev28508846n5" nevis:prefix="nev28508846n5" nevis:profile="urn:x-nevis:profile:0b00c8af8734696f" nevis:resource="0900c8af87e208ea" nevis:resource2="urn:x-nevis:fragment:0900c8af87e20304:0900c8af87e208ea#nev28508833n1" xml:lang="en-US"><nodes id="nev28508846n5-nev28508833n2"/><SpaScript Id="4b7159da-98df-4230-98ef-12e4c5278aab" Name="Component test: Steering wheel heater " Type="FaultTracing" id="nev28508846n5-nev28512844n1"><Module Annotation="First we run the generic component test module.&#xD;&#xA;After that you can put your individual&#xD;&#xA;component tests..." IsEventHandler="false" Name="Main" id="nev28508846n5-nev28512845n1"><Variable Annotation="" Id="test_remove" Scope="Local" Type="InfoDisplay" id="nev28508846n5-nev28512846n1"><Value Type="InfoDisplayVariable" id="nev28508846n5-nev28512847n1"><infoDisplay id="nev28508846n5-nev28508833n7"><title id="nev28508846n5-nev28508833n8"><freeText id="nev28508846n5-nev28508833n9">Test Test Test</freeText></title><para id="nev28508846n5-nev28508833n10"><freeText id="nev28508846n5-nev28508834n1">Detta är den ge#@#@#45#p... </freeText></para><para id="nev28508846n5-nev28508834n2"><freeText id="nev28508846n5-nev28508834n3">Denna text visa#@#@#42#erats</freeText></para></infoDisplay></Value></Variable><Variable Annotation="" Id="Input" Scope="Input" Type="FaultTracing.Input" id="nev28508846n5-nev28512848n1"/><Component Annotation="Generic test to inform about the DTC condition for faulttracing this cmponent." ComponentId="CallModule_GenericComponentTest" id="nev28508846n5-nev28512849n1"><CallModule id="nev28508846n5-nev28512850n1"><Input Module="GenericComponentTest" id="nev28508846n5-nev28512851n1"><Arg Value="{Input}" id="nev28508846n5-nev28512852n1"/></Input></CallModule></Component><Component ComponentId="RunScript1" id="nev28508846n5-nev28512853n1"><RunScript id="nev28508846n5-nev28512854n1"><Input id="nev28508846n5-nev28512855n1"><NevisLink ProjectDocumentId="0800c8af87e203d3" VCCNumber="VCC-507081-1" VariantId="0900c8af87e203e6" id="nev28508846n5-nev28512856n1"/><Contract id="nev28508846n5-nev28512857n1"/><Arguments id="nev28508846n5-nev28512858n1"/><NevisXRef id="nev28508846n5-nev28512859n1"><ref id="nev28508846n5-nev28512843n1"><locator xlink:href="#nev28508846n5-nev28512843n1" xlink:type="locator"/><locator xlink:href="urn:x-nevis:xref:0800c8af87e203d3:00000000:00000000#nev28509524n1" xlink:type="locator"/><arc nevis:href="urn:x-nevis:xref:0800c8af87e203d3:00000000:00000000#nev28509524n1" xlink:title="VCC-507081, Steering wheel heater" xlink:type="arc"/></ref></NevisXRef></Input></RunScript></Component></Module><Module IsEventHandler="false" Name="Final" id="nev28508846n5-nev28512863n1"/><Module Annotation="Do not touch!" IsEventHandler="false" Name="GenericComponentTest" id="nev28508846n5-nev28512864n1"><Variable Annotation="" Id="InfoDisplayFromGenericLogic" Scope="Local" Type="InfoDisplay" id="nev28508846n5-nev28512865n1"><Value Type="InfoDisplayVariable" id="nev28508846n5-nev28512866n1"><infoDisplay id="nev28508846n5-nev28508836n1"/></Value></Variable><Variable Annotation="" Id="DTCs" Scope="Input" Type="List[String]" id="nev28508846n5-nev28512867n1"/><Component ComponentId="Logger_running_generic" id="nev28508846n5-nev28512868n1"><Logger id="nev28508846n5-nev28512869n1"><Input Text="Running module GenericComponenttest in component test 14:06..........   --- Version: 2015-01-23," id="nev28508846n5-nev28512870n1"/></Logger></Component><Component Annotation="Run the Generic Logic 14:00" ComponentId="RunScript_generic_logic" id="nev28508846n5-nev28512871n1"><RunScript id="nev28508846n5-nev28512872n1"><Input id="nev28508846n5-nev28512873n1"><NevisLink ProjectDocumentId="0800c8af86b6bb5c" VCCNumber="VCC-479232-1" VariantId="0900c8af86b6bb6b" id="nev28508846n5-nev28512874n1"/><Contract id="nev28508846n5-nev28512875n1"><InputVariable Name="DTC_input_data" Type="FaultTracing.Input" id="nev28508846n5-nev28512876n1"/><OutputVariable Name="Error" Type="Double" id="nev28508846n5-nev28512877n1"/><OutputVariable Name="ReturnInfoDisplay" Type="InfoDisplay" id="nev28508846n5-nev28512878n1"/><OutputVariable Name="Only_UC_since_LC" Type="Double" id="nev28508846n5-nev28512879n1"/><OutputVariable Name="TF_since_LC_TestPassedNow" Type="Double" id="nev28508846n5-nev28512880n1"/><OutputVariable Name="TF_since_LC_TestNotRunning" Type="Double" id="nev28508846n5-nev28512881n1"/><OutputVariable Name="TF_since_LC_and_UC_this_OC" Type="Double" id="nev28508846n5-nev28512882n1"/><OutputVariable Name="FaultFreeComponent" Type="Double" id="nev28508846n5-nev28512883n1"/></Contract><Arguments InputValue1="{DTCs}" id="nev28508846n5-nev28512884n1"/><NevisXRef id="nev28508846n5-nev28508837n10"><ref id="nev28508846n5-nev28508838n1"><locator xlink:href="#nev28508846n5-nev28508838n1" xlink:type="locator"/><locator xlink:href="urn:x-nevis:xref:0800c8af86b6bb5c:00000000:00000000#nev22873702n1" xlink:type="locator"/><arc nevis:href="urn:x-nevis:xref:0800c8af86b6bb5c:00000000:00000000#nev22873702n1" xlink:title="VCC-479232, Generic logic for component test" xlink:type="arc"/></ref></NevisXRef></Input></RunScript></Component><If Annotation="if no error show generic info about DTC status for component" LogicId="If_no_error" id="nev28508846n5-nev28512888n1"><LogicStatement Expression="RunScript_generic_logic_Result.Error == False" id="nev28508846n5-nev28512889n1"/><True id="nev28508846n5-nev28512890n1"><Component ComponentId="Logger_showing_infodisplay" id="nev28508846n5-nev28512891n1"><Logger id="nev28508846n5-nev28512892n1"><Input Text="Showing information from generic logic script" id="nev28508846n5-nev28512893n1"/></Logger></Component><Component Annotation="From infodisplay returned by generic logic to a local infodisplay variable due to a bug in SPASE " ComponentId="AssignValue_Infodisplay" id="nev28508846n5-nev28512894n1"><AssignValue id="nev28508846n5-nev28512895n1"><Input AssignTo="{InfoDisplayFromGenericLogic}" Value="{RunScript_generic_logic_Result ReturnInfoDisplay}" id="nev28508846n5-nev28512896n1"/></AssignValue></Component><Component Annotation="Result from the generic logic 14:00" ComponentId="DisplayInformation_FromGenericLogic" id="nev28508846n5-nev28512897n1"><DisplayInformation id="nev28508846n5-nev28512898n1"><Input ButtonType="0" InfoDisplay="{InfoDisplayFromGenericLogic}" id="nev28508846n5-nev28512899n1"/></DisplayInformation></Component><If Annotation="If component only has unconfirmed DTC" LogicId="If_OnlyUnconfirmed" id="nev28508846n5-nev28512900n1"><LogicStatement Expression="RunScript_generic_logic_Result.Only_UC_since_LC == True" id="nev28508846n5-nev28512901n1"/><True id="nev28508846n5-nev28512902n1"><Component ComponentId="Logger_onlyUnconfirmed" id="nev28508846n5-nev28512903n1"><Logger id="nev28508846n5-nev28512904n1"><Input Text="The component Test 14:06, Module: GenericcomponentTest is now starting the 14:00 generic script for only unconfirmed since generic logic responded that there was only unconfirmed DTC" id="nev28508846n5-nev28512905n1"/></Logger></Component><Component Annotation="Generic Logic only for unconfirmed faulttracing" ComponentId="RunScript_OnlyUnconfirmed" id="nev28508846n5-nev28512906n1"><RunScript id="nev28508846n5-nev28512907n1"><Input id="nev28508846n5-nev28512908n1"><NevisLink ProjectDocumentId="0800c8af86bbe0d4" VCCNumber="VCC-479592-1" VariantId="0900c8af86bbddf9" id="nev28508846n5-nev28512909n1"/><Contract id="nev28508846n5-nev28512910n1"><InputVariable Name="AttemptNo" Type="Double" id="nev28508846n5-nev28512911n1"/><InputVariable Name="DTCs" Type="List[String]" id="nev28508846n5-nev28512912n1"/><OutputVariable Name="Verified" Type="Double" id="nev28508846n5-nev28512913n1"/><OutputVariable Name="ReturningInfodisplay" Type="InfoDisplay" id="nev28508846n5-nev28512914n1"/></Contract><Arguments InputValue1="1" InputValue2="{DTCs}" id="nev28508846n5-nev28512915n1"/><NevisXRef id="nev28508846n5-nev28508840n10"><ref id="nev28508846n5-nev28508841n1"><locator xlink:href="#nev28508846n5-nev28508841n1" xlink:type="locator"/><locator xlink:href="urn:x-nevis:xref:0800c8af86bbe0d4:00000000:00000000#nev22964386n1" xlink:type="locator"/><arc nevis:href="urn:x-nevis:xref:0800c8af86bbe0d4:00000000:00000000#nev22964386n1" xlink:title="VCC-479592, GenericLogicForOnlyUnconfirmedComponentTest" xlink:type="arc"/></ref></NevisXRef></Input></RunScript></Component><Component ComponentId="AssignValue_infodisplay" id="nev28508846n5-nev28512919n1"><AssignValue id="nev28508846n5-nev28512920n1"><Input AssignTo="{InfoDisplayFromGenericLogic}" Value="{RunScript_OnlyUnconfirmed_Result ReturningInfodisplay}" id="nev28508846n5-nev28512921n1"/></AssignValue></Component><Component ComponentId="DisplayInformation_ResultOnlyUnconfirmed" id="nev28508846n5-nev28512922n1"><DisplayInformation id="nev28508846n5-nev28512923n1"><Input ButtonType="0" InfoDisplay="{InfoDisplayFromGenericLogic}" id="nev28508846n5-nev28512924n1"/></DisplayInformation></Component><If Annotation="Verified ?" LogicId="If1" id="nev28508846n5-nev28512925n1"><LogicStatement Expression="RunScript_OnlyUnconfirmed_Result.Verified == True" id="nev28508846n5-nev28512926n1"/><True id="nev28508846n5-nev28512927n1"><Component Annotation="Verified" ComponentId="Logger_finished" id="nev28508846n5-nev28512928n1"><Logger id="nev28508846n5-nev28512929n1"><Input Text="Generic fault tracing instructions for only unconfirmed fault finished. the fault is verified..." id="nev28508846n5-nev28512930n1"/></Logger></Component></True><Else id="nev28508846n5-nev28512931n1"><Component ComponentId="Logger_NotVerifiedRetry2" id="nev28508846n5-nev28512932n1"><Logger id="nev28508846n5-nev28512933n1"><Input Text="The only unconfirmed fault is not verified... Running onlyUnconfirmedScript 14:00 one more time..." id="nev28508846n5-nev28512934n1"/></Logger></Component><Component Annotation="Second try" ComponentId="RunScriptUnconfirmed_2" id="nev28508846n5-nev28512935n1"><RunScript id="nev28508846n5-nev28512936n1"><Input id="nev28508846n5-nev28512937n1"><NevisLink ProjectDocumentId="0800c8af86bbe0d4" VCCNumber="VCC-479592-1" VariantId="0900c8af86bbddf9" id="nev28508846n5-nev28512938n1"/><Contract id="nev28508846n5-nev28512939n1"><InputVariable Name="AttemptNo" Type="Double" id="nev28508846n5-nev28512940n1"/><InputVariable Name="DTCs" Type="List[String]" id="nev28508846n5-nev28512941n1"/><OutputVariable Name="Verified" Type="Double" id="nev28508846n5-nev28512942n1"/><OutputVariable Name="ReturningInfodisplay" Type="InfoDisplay" id="nev28508846n5-nev28512943n1"/></Contract><Arguments InputValue1="2" InputValue2="{DTCs}" id="nev28508846n5-nev28512944n1"/><NevisXRef id="nev28508846n5-nev28508843n8"><ref id="nev28508846n5-nev28508843n9"><locator xlink:href="#nev28508846n5-nev28508843n9" xlink:type="locator"/><locator xlink:href="urn:x-nevis:xref:0800c8af86bbe0d4:00000000:00000000#nev22964386n1" xlink:type="locator"/><arc nevis:href="urn:x-nevis:xref:0800c8af86bbe0d4:00000000:00000000#nev22964386n1" xlink:title="VCC-479592, GenericLogicForOnlyUnconfirmedComponentTest" xlink:type="arc"/></ref></NevisXRef></Input></RunScript></Component><Component Annotation="" ComponentId="AssignValue_infodisplay2" id="nev28508846n5-nev28512948n1"><AssignValue id="nev28508846n5-nev28512949n1"><Input AssignTo="{InfoDisplayFromGenericLogic}" Value="{RunScriptUnconfirmed_2_Result ReturningInfodisplay}" id="nev28508846n5-nev28512950n1"/></AssignValue></Component><Component ComponentId="DisplayInformation_ResultUC_2" id="nev28508846n5-nev28512951n1"><DisplayInformation id="nev28508846n5-nev28512952n1"><Input ButtonType="0" InfoDisplay="{InfoDisplayFromGenericLogic}" id="nev28508846n5-nev28512953n1"/></DisplayInformation></Component></Else></If></True><Else id="nev28508846n5-nev28512954n1"/></If></True><Else id="nev28508846n5-nev28512955n1"><Component ComponentId="Logger_error" id="nev28508846n5-nev28512956n1"><Logger id="nev28508846n5-nev28512957n1"><Input Text="Error! Something is wrong in generic logic14:00 script, no condition is true. disabling viewing of the generic information, continueing directly to specific fault tracing..." id="nev28508846n5-nev28512958n1"/></Logger></Component></Else></If><Component ComponentId="Logger_Finished" id="nev28508846n5-nev28512959n1"><Logger id="nev28508846n5-nev28512960n1"><Input Text="Generic module in 14:06 component test is finished, continuing with specific tests...." id="nev28508846n5-nev28512961n1"/></Logger></Component></Module></SpaScript></content></script>