<?xml version="1.0" encoding="UTF-8"?><servinfosub IE-ID="en-US0900c8af806aa304" docno="VCC-149995" id="KC02014507" xml:lang="en-US">
<title>Bushing, clutch#@#@#12#acing</title>
<procedure>
<note>
<ptxt>The illustratio#@#@#178#rect.</ptxt>
</note>
<stepgrp id="KC02344993">
<title>Preparatory work</title>
<procstep id="KC02344994">
<title>Removing soundp#@#@#9#anels</title>
<para>
<ptxt>Remove the soun#@#@#16# See <xref>
<ref id="KC07583809"/>
</xref>.</ptxt>
</para>
</procstep>
</stepgrp>
<stepgrp id="KC02344995">
<title>Removal</title>
<procstep id="KC02344996">
<title>Removing clutch#@#@#1#pedal</title>
<grate>
<graphic id="KC07583810">
<href>0900c8af80445fb#@#@#9#.jpeg</href>
</graphic>
<graphtext>
<para>
<ptxt>Carefully pry t#@#@#129#edal.</ptxt>
</para>
</graphtext>
</grate>
<grate>
<graphic id="KC07583811">
<href>0900c8af80445fb#@#@#9#.jpeg</href>
</graphic>
<graphtext>
<ptxt>Remove the auxi#@#@#8#ring.</ptxt>
</graphtext>
</grate>
<grate>
<graphic id="KC07583812">
<href>0900c8af80445fc#@#@#9#.jpeg</href>
</graphic>
<graphtext>
<list1 enumtype="d" type="unordered">
<title>Remove:</title>
<item>
<ptxt>the screws for #@#@#10#shaft</ptxt>
</item>
<item>
<ptxt>the entire pedal.</ptxt>
</item>
</list1>
<note>
<ptxt>Do not damage t#@#@#36#nsor.</ptxt>
</note>
</graphtext>
</grate>
<grate>
<graphic id="KC07583813">
<href>0900c8af80445fc#@#@#9#.jpeg</href>
</graphic>
<graphtext>
<para>
<ptxt>Pull out the sh#@#@#52#mbly.</ptxt>
</para>
</graphtext>
</grate>
</procstep>
</stepgrp>
<stepgrp id="KC02344997">
<title>Installation</title>
<procstep id="KC02344998">
<title>Installing clut#@#@#3#pedal</title>
<grate>
<graphic id="KC07583814">
<href>0900c8af80445fc#@#@#9#.jpeg</href>
</graphic>
<graphtext>
<para>
<ptxt>Install the pedal.</ptxt>
</para>
<note>
<ptxt>Do not damage t#@#@#36#nsor.</ptxt>
</note>
</graphtext>
</grate>
<grate>
<graphic id="KC07583815">
<href>0900c8af80445fb#@#@#9#.jpeg</href>
</graphic>
<graphtext>
<para>
<ptxt>Install the aux#@#@#9#ring.</ptxt>
</para>
</graphtext>
</grate>
<grate>
<graphic id="KC07583816">
<href>0900c8af80445fb#@#@#9#.jpeg</href>
</graphic>
<graphtext>
<list1 enumtype="d" type="unordered">
<title>Install:</title>
<item>
<ptxt>and press the p#@#@#13#place</ptxt>
</item>
<item>
<ptxt>and press the p#@#@#27#lace.</ptxt>
</item>
</list1>
</graphtext>
</grate>
</procstep>
</stepgrp>
<stepgrp id="KC02344999">
<title>Finishing</title>
<procstep id="KC02345000">
<title>Installing the #@#@#14#panel</title>
<para>
<ptxt>Install the sou#@#@#18# See <xref>
<ref id="KC07583817"/>
</xref>.</ptxt>
</para>
</procstep>
</stepgrp>
</procedure>
</servinfosub>