<?xml version="1.0" encoding="UTF-8"?><diagnostic IE-ID="en-US0900c8af80070304" docno="VCC-095236" id="KC01208472" type="test" xml:lang="en-US">
<testgrp IE-ID="en-US0900c8af80070304_KC01221926" id="KC01221926" j2008use="1" paperuse="1" resumable="1" screenuse="1" testgrp-id="verifnode" x="120" y="120">
<title>
<phrase category="" id="KC09282920" phrase-urn="urn:x-nevis:phrase:0800c8af826d1fd7">Verification</phrase>
</title>
<node>
<test1>
<hint>
<ptxt>
<phrase category="" id="KC09282921" phrase-urn="urn:x-nevis:phrase:0800c8af826d1fd8">After carrying #@#@#50#died.</phrase>
</ptxt>
</hint>
<diaglist>
<dgraphic>
<dgraphic1>
<graphic id="KC09282922">
<href>0900c8af80054d5#@#@#9#.jpeg</href>
</graphic>
</dgraphic1>
<dgraphic2>
<graphic id="KC09282923">
<href>0900c8af80054d7#@#@#9#.jpeg</href>
</graphic>
</dgraphic2>
</dgraphic>
<ditem>
<ptxt>
<phrase category="" id="KC09282924" phrase-urn="urn:x-nevis:phrase:0800c8af826d1fd9">Ignition off.</phrase>
</ptxt>
</ditem>
<ditem>
<ptxt>
<phrase category="" id="KC09282925" phrase-urn="urn:x-nevis:phrase:0800c8af826d1fda">Reconnect conne#@#@#22#nents</phrase>
</ptxt>
</ditem>
<ditem>
<ptxt>
<phrase category="" id="KC09282926" phrase-urn="urn:x-nevis:phrase:0800c8af826d1fdb">Ignition on.</phrase>
</ptxt>
</ditem>
<ditem>
<ptxt>
<phrase category="" id="KC09282927" phrase-urn="urn:x-nevis:phrase:0800c8af826d1fdc">Read off the in#@#@#23#AT). </phrase>
</ptxt>
</ditem>
</diaglist>
<test2>
<ptxt>
<phrase category="" id="KC09282928" phrase-urn="urn:x-nevis:phrase:0800c8af826d1fdd">The Intake Air #@#@#71#sor. </phrase>
</ptxt>
<diaglist>
<dgraphic>
<dgraphic2>
<graphic id="KC09282929">
<href>0900c8af86c8681#@#@#9#.jpeg</href>
</graphic>
<smarttool active="press" id="KC09282930" toolname="XECMA602"/>
</dgraphic2>
</dgraphic>
<ditem>
<ditemtext>
<ptxt>
<phrase category="" id="KC09282931" phrase-urn="urn:x-nevis:phrase:0800c8af826d1fde"/>
</ptxt>
</ditemtext>
</ditem>
</diaglist>
<grate>
<graphic id="KC09282932">
<href>0900c8af8005787#@#@#9#.jpeg</href>
</graphic>
</grate>
</test2>
</test1>
<question>
Is the tempera#@#@#28#nge?
</question>
<resact-grp>
<result button="yes" comp="button" highlight="0"/>
<action j2008use="1" paperuse="1" screenuse="1">
<return value="VERIFIED"/>
</action>
</resact-grp>
<resact-grp>
<result button="no" comp="button" highlight="0"/>
<action j2008use="1" paperuse="1" screenuse="1">
<return value="VERIFICATION FAILED"/>
</action>
</resact-grp>
</node>
</testgrp>
</diagnostic>