<?xml version="1.0" encoding="UTF-8"?><servinfosub IE-ID="en-US0800c8af82778310" docno="T1159918" id="ST-0800c8af82778310" xml:lang="en-US">
<title>115 9918 Floor #@#@#13#paper</title>
<grate>
<graphic id="0900c8af8005d70f"/>
<graphtext>
<deflist>
<defitem>
<term>Tool number:</term>
<def>115 9918-0</def>
</defitem>
<defitem>
<term>Tool description:</term>
<def>Floor - Protect#@#@#4#paper</def>
</defitem>
<defitem>
<term>Tool board:</term>
<def>08</def>
</defitem>
</deflist>
</graphtext>
</grate>
</servinfosub>