<?xml version="1.0" encoding="UTF-8"?><servinfosub IE-ID="en-US0900c8af80137310" docno="VCC-133392" id="KC01221313" xml:lang="en-US">
<title>
<phrase category="" id="KC09396895" phrase-urn="urn:x-nevis:phrase:0800c8af826f926b">Faulty signal</phrase>
</title>
<diagnostic type="test">
<testgrp IE-ID="en-US0900c8af80137310_KC01225350" id="KC01225350" j2008use="1" paperuse="1" resumable="1" screenuse="1" testgrp-id="ab1" x="120" y="80">
<title>
<phrase category="" id="KC09396896" phrase-urn="urn:x-nevis:phrase:0800c8af826f926d">Checking compon#@#@#10#iring</phrase>
</title>
<node>
<test1>
<test2>
<para>
<ptxt>
<phrase category="" id="KC09396897" phrase-urn="urn:x-nevis:phrase:0800c8af826f926e">Check the injec#@#@#53#tion.</phrase>
</ptxt>
<ptxt>
<phrase category="" id="KC09396898" phrase-urn="urn:x-nevis:phrase:0800c8af826f926f">Check the resis#@#@#17#ctor.</phrase>
</ptxt>
<ptxt>
<phrase category="" id="KC09396899" phrase-urn="urn:x-nevis:phrase:0800c8af826f9270">Check the contr#@#@#220#cuit.</phrase>
</ptxt>
<ptxt>
<phrase category="" id="KC09396900" phrase-urn="urn:x-nevis:phrase:0800c8af826f9271">Check the contr#@#@#219#cuit.</phrase>
</ptxt>
<ptxt>
<phrase category="" id="KC09396901" phrase-urn="urn:x-nevis:phrase:0800c8af826f9272">Check the contr#@#@#71#her. </phrase>
</ptxt>
</para>
<list1 enumtype="d" type="unordered">
<title>
<phrase category="" id="KC09396902" phrase-urn="urn:x-nevis:phrase:0800c8af826f9273">Other information:</phrase>
</title>
<item>
<ptxt>
<phrase category="" id="KC09396903" phrase-urn="urn:x-nevis:phrase:0800c8af826f9274">
<xref>
<ref id="KC09396904"/>
</xref>
</phrase>
</ptxt>
</item>
<item>
<ptxt>
<phrase category="" id="KC09396905" phrase-urn="urn:x-nevis:phrase:0800c8af826f9275">To connect the #@#@#13# see <xref>
<ref id="KC09396906"/>
</xref>
</phrase>
</ptxt>
</item>
<item>
<ptxt>
<phrase category="" id="KC09396907" phrase-urn="urn:x-nevis:phrase:0800c8af826f9276">For information#@#@#15# see <xref>
<ref id="KC09396908"/>
</xref>
</phrase>
</ptxt>
</item>
<item>
<ptxt>
<phrase category="" id="KC09396909" phrase-urn="urn:x-nevis:phrase:0800c8af826f9277">For the compone#@#@#17# see <xref>
<ref id="KC09396910"/>
</xref>
</phrase>
</ptxt>
</item>
<item>
<ptxt>
<phrase category="" id="KC09396911" phrase-urn="urn:x-nevis:phrase:0800c8af826f9278">To access or re#@#@#18#, see<xref>
<ref id="KC09396912"/>
</xref>
</phrase>
</ptxt>
</item>
<item>
<ptxt>
<phrase category="" id="KC09396913" phrase-urn="urn:x-nevis:phrase:0800c8af826f9279">To access or re#@#@#38# see <xref>
<ref id="KC09396914"/>
</xref>. </phrase>
</ptxt>
</item>
</list1>
<diaglist>
<dgraphic>
<dgraphic2>
<graphic id="KC09396915">
<href>0900c8af80054d4#@#@#9#.jpeg</href>
</graphic>
<smarttool active="press" id="KC09396916" toolname="ODAH"/>
</dgraphic2>
</dgraphic>
<ditem>
<ditemtext>
<ptxt>
<phrase category="" id="KC09396917" phrase-urn="urn:x-nevis:phrase:0800c8af826f927a"/>
</ptxt>
</ditemtext>
</ditem>
</diaglist>
</test2>
</test1>
<question/>
<resact-grp>
<result button="cont" comp="button" highlight="0"/>
<action j2008use="1" paperuse="1" screenuse="1">
<ptxt>
<xref>
<ref id="KC09396919"/>
</xref>
</ptxt>
</action>
</resact-grp>
</node>
</testgrp>
<testgrp id="KC01225351" j2008use="1" paperuse="1" resumable="1" screenuse="1" testgrp-id="info1" x="120" y="160">
<title>
<phrase category="" id="KC09396920" phrase-urn="urn:x-nevis:phrase:0800c8af826f927c">Fault-tracing i#@#@#5#ation</phrase>
</title>
<subcalloutnode>
<diagcallout>
<xref>
<ref id="KC09396921"/>
</xref>
</diagcallout>
<rescall-grp>
<result comp="string" highlight="0" op="eq" return="NEW TRY"/>
<calloutaction>
<ptxt>
<xref>
<ref id="KC09396922"/>
</xref>
</ptxt>
</calloutaction>
</rescall-grp>
<rescall-grp>
<result comp="string" highlight="0" op="eq" return="FAULT FOUND"/>
<calloutaction>
<return value="DONE"/>
</calloutaction>
</rescall-grp>
</subcalloutnode>
</testgrp>
</diagnostic>
</servinfosub>