<?xml version="1.0" encoding="UTF-8"?><diagnostic IE-ID="en-US0900c8af803f0310" docno="VCC-024444" id="KC01443099" type="test" xml:lang="en-US">
<title>
<phrase category="" id="KC08315829" phrase-urn="urn:x-nevis:phrase:0800c8af81dba903">Verification</phrase>
</title>
<testgrp IE-ID="en-US0900c8af803f0310_KC01503934" id="KC01503934" j2008use="1" paperuse="1" resumable="1" screenuse="1" testgrp-id="verifiering" x="160" y="80">
<title>
<phrase category="" id="KC08315830" phrase-urn="urn:x-nevis:phrase:0800c8af81dba904">Verification</phrase>
</title>
<node>
<test1>
<hint>
<ptxt>
<phrase category="" id="KC08315831" phrase-urn="urn:x-nevis:phrase:0800c8af81dba905">After repairs h#@#@#92#ated:</phrase>
</ptxt>
</hint>
<diaglist>
<dgraphic>
<dgraphic1>
<graphic id="KC08315832">
<href>0900c8af80054d5#@#@#9#.jpeg</href>
</graphic>
</dgraphic1>
</dgraphic>
<ditem>
<ptxt>
<phrase category="" id="KC08315833" phrase-urn="urn:x-nevis:phrase:0800c8af81dba906">Ignition off.</phrase>
</ptxt>
</ditem>
<ditem>
<ptxt>
<phrase category="" id="KC08315834" phrase-urn="urn:x-nevis:phrase:0800c8af81dba907">Reconnect the c#@#@#31# etc.</phrase>
</ptxt>
</ditem>
<ditem>
<ptxt>
<phrase category="" id="KC08315835" phrase-urn="urn:x-nevis:phrase:0800c8af81dba908">Go into scrolli#@#@#5#lues.</phrase>
</ptxt>
</ditem>
<ditem>
<ptxt>
<phrase category="" id="KC08315836" phrase-urn="urn:x-nevis:phrase:0800c8af81dba909">Ignition on.</phrase>
</ptxt>
</ditem>
<ditem>
<ptxt>
<phrase category="" id="KC08315837" phrase-urn="urn:x-nevis:phrase:0800c8af81dba90a">Read off oil te#@#@#5#ture.</phrase>
</ptxt>
</ditem>
</diaglist>
<test2>
<ptxt>
<phrase category="" id="KC08315838" phrase-urn="urn:x-nevis:phrase:0800c8af81dba90b">Check that the #@#@#84#ture.</phrase>
</ptxt>
<diaglist>
<dgraphic>
<dgraphic2>
<graphic id="KC08315839">
<href>0900c8af8005433#@#@#9#.jpeg</href>
</graphic>
<smarttool active="press" id="KC08315840" toolname="EA5217"/>
</dgraphic2>
</dgraphic>
<ditem>
<ditemtext>
<ptxt>
<phrase category="" id="KC08315841" phrase-urn="urn:x-nevis:phrase:0800c8af81dba90c"/>
</ptxt>
</ditemtext>
</ditem>
<ditem>
<ditemtext>
<ptxt>
<phrase category="" id="KC08315842" phrase-urn="urn:x-nevis:phrase:0800c8af81dba90d"/>
</ptxt>
</ditemtext>
</ditem>
</diaglist>
</test2>
</test1>
<question>Is the oil temp#@#@#17#unds?</question>
<resact-grp>
<result button="yes" comp="button" highlight="0"/>
<action j2008use="1" paperuse="1" screenuse="1">
<return value="VERIFIED"/>
</action>
</resact-grp>
<resact-grp>
<result button="no" comp="button" highlight="0"/>
<action j2008use="1" paperuse="1" screenuse="1">
<return value="VERIFICATION FAILED"/>
</action>
</resact-grp>
</node>
</testgrp>
</diagnostic>