<?xml version="1.0" encoding="UTF-8"?><diagnostic IE-ID="en-US0900c8af808ed21a" docno="VCC-125284" id="KC01649873" type="test" xml:lang="en-US">
<title>
<phrase category="" id="KC07828137" phrase-urn="urn:x-nevis:phrase:0800c8af81bda550">Checking the co#@#@#2#onent</phrase>
</title>
<testgrp IE-ID="en-US0900c8af808ed21a_KC01718444" id="KC01718444" j2008use="1" paperuse="1" resumable="1" screenuse="1" testgrp-id="ab1" x="120" y="80">
<title>
<phrase category="" id="KC07828138" phrase-urn="urn:x-nevis:phrase:0800c8af81bda551">Checking the co#@#@#2#onent</phrase>
</title>
<node>
<test1>
<diaglist>
<dgraphic>
<dgraphic1>
<graphic id="KC07828139">
<href>0900c8af80054d5#@#@#9#.jpeg</href>
</graphic>
</dgraphic1>
<dgraphic2>
<graphic id="KC07828140">
<href>0900c8af80054d7#@#@#9#.jpeg</href>
</graphic>
</dgraphic2>
</dgraphic>
<ditem>
<ptxt>
<phrase category="" id="KC07828141" phrase-urn="urn:x-nevis:phrase:0800c8af81bda552">Ignition off</phrase>
</ptxt>
</ditem>
<ditem>
<ptxt>
<phrase category="" id="KC07828142" phrase-urn="urn:x-nevis:phrase:0800c8af81bda553">Disconnect the #@#@#16# lead</phrase>
</ptxt>
</ditem>
<ditem>
<ptxt>
<phrase category="" id="KC07828143" phrase-urn="urn:x-nevis:phrase:0800c8af81bda546">Disconnect the #@#@#29#irbag</phrase>
</ptxt>
</ditem>
<ditem>
<ptxt>
<phrase category="" id="KC07828144" phrase-urn="urn:x-nevis:phrase:0800c8af81bda547">Connect special#@#@#1#tool <toolitem id="KC07828145"/> to the airbag #@#@#33#side </phrase>
</ptxt>
</ditem>
<ditem>
<warning>
<ptxt>
<phrase category="" id="KC07828146" phrase-urn="urn:x-nevis:phrase:0800c8af81bda548">Under no circum#@#@#155#rbag!</phrase>
</ptxt>
</warning>
<note>
<ptxt>
<phrase category="" id="KC07828147" phrase-urn="urn:x-nevis:phrase:0800c8af81bda549">The special too#@#@#133#rder.</phrase>
</ptxt>
</note>
</ditem>
<ditem>
<ptxt>
<phrase category="" id="KC07828148" phrase-urn="urn:x-nevis:phrase:0800c8af81bda54a">Ignition on</phrase>
</ptxt>
</ditem>
<ditem>
<ptxt>
<phrase category="" id="KC07828149" phrase-urn="urn:x-nevis:phrase:0800c8af81bda54b">Connect the bat#@#@#31#onds.</phrase>
</ptxt>
<warning>
<ptxt>
<phrase category="" id="KC07828150" phrase-urn="urn:x-nevis:phrase:0800c8af81bda54c">There must not #@#@#69#ted. </phrase>
</ptxt>
</warning>
</ditem>
</diaglist>
<test2>
<para>
<ptxt>
<phrase category="" id="KC07828151" phrase-urn="urn:x-nevis:phrase:0800c8af81bda54d">Read off diagno#@#@#21#TCs).</phrase>
</ptxt>
<ptxt>
<phrase category="" id="KC07828152" phrase-urn="urn:x-nevis:phrase:0800c8af81bda54e">Try a new airba#@#@#145#g to <xref>
<ref id="KC07828153"/>
</xref>.</phrase>
</ptxt>
</para>
<diaglist>
<dgraphic>
<dgraphic2>
<graphic id="KC07828154">
<href>0900c8af86c8681#@#@#9#.jpeg</href>
</graphic>
<smarttool active="press" id="KC07828155" toolname="XSRSAE01"/>
</dgraphic2>
</dgraphic>
<ditem>
<ditemtext>
<ptxt>
<phrase category="" id="KC07828156" phrase-urn="urn:x-nevis:phrase:0800c8af81bda54f"/>
</ptxt>
</ditemtext>
</ditem>
</diaglist>
<grate>
<graphic id="KC07828157">
<href>0900c8af80122fd#@#@#9#.jpeg</href>
</graphic>
</grate>
</test2>
</test1>
<question>Does the diagno#@#@#33#ange?</question>
<resact-grp>
<result button="yes" comp="button" highlight="0"/>
<action j2008use="1" paperuse="1" screenuse="1">
<return value="inter"/>
</action>
</resact-grp>
<resact-grp>
<result button="no" comp="button" highlight="0"/>
<action j2008use="1" paperuse="1" screenuse="1">
<return value="perm"/>
</action>
</resact-grp>
</node>
</testgrp>
</diagnostic>