<?xml version="1.0" encoding="UTF-8"?><servinfosub IE-ID="en-US0900c8af8095121a" docno="VCC-127681" id="KC01603170" xml:lang="en-US">
<title>Comfort module</title>
<procedure>
<proctools>
<toolitem id="KC02999055"/>
</proctools>
<stepgrp id="KC01747621">
<procstep id="KC01747622">
<title>Preparations</title>
<para>
<ptxt>Prepare the car#@#@#8#ng to<xref>
<ref id="KC02999056"/>
</xref>.</ptxt>
</para>
</procstep>
<procstep id="KC01747623">
<title>Removing the co#@#@#7#odule</title>
<grate>
<graphic id="KC02999057">
<href>0900c8af8012655#@#@#9#.jpeg</href>
</graphic>
<graphtext>
<list1 enumtype="d" type="unordered">
<title>Remove:</title>
<item>
<ptxt>the panel. See <xref>
<ref id="KC02999058"/>
</xref>
</ptxt>
</item>
<item>
<ptxt>the radio panel#@#@#8#ng to<xref>
<ref id="KC02999059"/>
</xref>
</ptxt>
</item>
<item>
<ptxt>the two screws.</ptxt>
</item>
</list1>
<para>
<ptxt>Twist the dashb#@#@#28#ards.</ptxt>
</para>
<list1 enumtype="d" type="unordered">
<title>Remove:</title>
<item>
<ptxt>the connector (GR)</ptxt>
</item>
<item>
<ptxt>the air hose.</ptxt>
</item>
</list1>
</graphtext>
</grate>
</procstep>
<procstep id="KC01747624">
<title>Installing the #@#@#9#odule</title>
<note>
<ptxt>Transfer the re#@#@#47#unit.</ptxt>
</note>
<list1 enumtype="d" type="unordered">
<title>Install:</title>
<item>
<ptxt>the air hose</ptxt>
</item>
<item>
<ptxt>the connector (GR)</ptxt>
</item>
<item>
<ptxt>the comfort module</ptxt>
</item>
<item>
<ptxt>the two screws</ptxt>
</item>
<item>
<ptxt>the radio panel#@#@#8#ng to<xref>
<ref id="KC02999060"/>
</xref>
</ptxt>
</item>
<item>
<ptxt>the panel accor#@#@#2#ng to<xref>
<ref id="KC02999061"/>
</xref>.</ptxt>
</item>
</list1>
</procstep>
<procstep id="KC01747625">
<title>Finishing work</title>
<para>
<ptxt>Reset the car. See <xref>
<ref id="KC02999062"/>
</xref>. </ptxt>
<ptxt>Program the com#@#@#50#. See<xref>
<ref id="KC02999063"/>
</xref>.</ptxt>
</para>
</procstep>
</stepgrp>
</procedure>
</servinfosub>