<?xml version="1.0" encoding="UTF-8"?><servinfosub IE-ID="en-US0900c8af82afb80b" docno="VCC-150429" id="KC02733737" xml:lang="en-US">
<title>
<phrase category="" id="KC07850106" phrase-urn="urn:x-nevis:phrase:0800c8af81c28b25">Diagnostic trou#@#@#30#-1A02</phrase>
</title>
<diagnostic type="condition">
<condgrp>
<condition type="condition">
<grate>
<graphic id="KC07850107" width="column">
<href>0900c8af80126bb#@#@#9#.jpeg</href>
</graphic>
<graphtext>
<para id="nev10972001n96">
<ptxt id="nev10972001n95">
<phrase category="Condition" id="nev11038525n1" phrase-urn="urn:x-nevis:phrase:0800c8af82c79e33">This diagnostic#@#@#66#died.</phrase>
<phrase category="Condition" id="nev11038527n1" phrase-urn="urn:x-nevis:phrase:0800c8af82c79e35">Ignore the diag#@#@#21#DTC).</phrase>
</ptxt>
</para>
</graphtext>
</grate>
</condition>
</condgrp>
<condgrp>
<condition type="substitution">
<list1 enumtype="d">
<item>
<ptxt>
<phrase category="" id="KC07850111" phrase-urn="urn:x-nevis:phrase:0800c8af81c28b29">None.</phrase>
</ptxt>
</item>
</list1>
</condition>
<ps>
<list1 enumtype="d" type="unordered">
<item>
<ptxt id="nev10972001n100">
<phrase category="Substitution" id="nev10972002n1" phrase-urn="urn:x-nevis:phrase:0800c8af81eb9984">None.</phrase>
</ptxt>
</item>
</list1>
</ps>
</condgrp>
<condgrp>
<condition type="symptom">
<list1 enumtype="d" type="unordered">
<item>
<ptxt id="nev10972001n98">
<phrase category="Symptom" id="nev10972003n1" phrase-urn="urn:x-nevis:phrase:0800c8af822826c5">None.</phrase>
</ptxt>
</item>
</list1>
</condition>
</condgrp>
</diagnostic>
</servinfosub>