<?xml version="1.0" encoding="UTF-8"?><servinfosub IE-ID="en-US0900c8af8014a80b" docno="VCC-145821" id="KC01113176" servinfosubId="nev20687520n1-nev20687520n2" servinfosubRes="0900c8af862c31f6" servinfosubRes2="urn:x-nevis:fragment:0900c8af8014a80b:0900c8af862c31f6#nev20687520n2" xml:lang="en-US">
<title>Heated oxygen s#@#@#18#ostic</title>
<topic>
<title/>
<para>
<ptxt>The front heate#@#@#279#O2S).</ptxt>
<ptxt>The Engine Cont#@#@#108#lled.</ptxt>
</para>
<para>
<ptxt>The following f#@#@#41#dule:</ptxt>
</para>
<list1 enumtype="b" type="unordered">
<item>
<ptxt>
<emph>Electrical fault</emph> in the circuit#@#@#85#ting
</ptxt>
</item>
<item>
<ptxt>
<emph>Adaptation.</emph> The control mo#@#@#87#lues
</ptxt>
</item>
<item>
<ptxt>
<emph>Large differenc#@#@#63#tion.</emph> The control mo#@#@#190#iring</ptxt>
</item>
<item>
<ptxt>
<emph>Heated oxygen s#@#@#17#mics.</emph> The control mo#@#@#81#long </ptxt>
</item>
<item>
<ptxt>
<emph>Unlikely signal#@#@#53#O2S).</emph> When the contr#@#@#132#ersa.</ptxt>
</item>
</list1>
<para>
<ptxt>For further inf#@#@#164#ager.</ptxt>
</para>
</topic>
</servinfosub>