<?xml version="1.0" encoding="UTF-8"?><servinfosub IE-ID="en-US0900c8af8521680b" docno="VCC-370447" id="nev13719538n1" original="sv-SE" servinfosubId="nev13719539n1-nev13719538n4" servinfosubRes="0900c8af8528006e" servinfosubRes2="urn:x-nevis:fragment:0900c8af8521680b:0900c8af8528006e#nev13719538n4" xml:lang="en-US">
<operationnumbers>
<operationnumber>36446-2</operationnumber>
</operationnumbers>
<title id="nev13729110n74">Window control #@#@#7# rear</title>
<procedure id="nev13719539n1-nev13719535n55">
<stepgrp boilerplate="false" context="" id="nev13719539n1-nev16600958n100">
<title id="nev13719539n1-0800c8af844a46f6">Removal</title>
<procstep id="nev13719539n1-nev16490242n76">
<grate id="nev13719539n1-nev16490707n25">
<graphic id="nev13719539n1-nev16490707n26">
<href>0900c8af8443f96#@#@#9#.jpeg</href>
</graphic>
</grate>
</procstep>
<procstep id="nev13719539n1-nev16490242n71">
<grate id="nev13719539n1-nev16490707n23">
<graphic id="nev13719539n1-nev16490707n24">
<href>0900c8af852165f#@#@#9#.jpeg</href>
</graphic>
</grate>
</procstep>
<procstep id="nev13719539n1-nev16490434n66">
<grate id="nev13719539n1-nev16490707n21">
<graphic id="nev13719539n1-nev16490707n22">
<href>0900c8af852168e#@#@#9#.jpeg</href>
</graphic>
</grate>
</procstep>
<procstep id="nev13719539n1-nev16490569n31">
<grate id="nev13719539n1-nev16490707n19">
<graphic id="nev13719539n1-nev16490707n20">
<href>0900c8af8521694#@#@#9#.jpeg</href>
</graphic>
</grate>
</procstep>
</stepgrp>
<stepgrp boilerplate="false" context="" id="nev13719539n1-nev16600958n99">
<title id="nev13719539n1-0800c8af844a46f9">Installation</title>
<procstep id="nev13719539n1-nev16490707n40">
<para id="nev13719539n1-nev16600958n97">
<ptxt id="nev13719539n1-nev16600958n98">To install, rev#@#@#22#dure.</ptxt>
</para>
</procstep>
</stepgrp>
</procedure>
</servinfosub>