<?xml version="1.0" encoding="UTF-8"?><servinfosub IE-ID="en-US0800c8af80a14d0c" docno="T9512641" id="ST-0800c8af80a14d0c" xml:lang="en-US">
<title>951 2641 Stripp#@#@#4#tool </title>
<grate>
<graphic id="0900c8af800545b4"/>
<graphtext>
<deflist>
<defitem>
<term>Tool number:</term>
<def>951 2641-3</def>
</defitem>
<defitem>
<term>Tool description:</term>
<def>Stripping tool #@#@#10#bles)</def>
</defitem>
<defitem>
<term>Tool board:</term>
<def>39</def>
</defitem>
</deflist>
</graphtext>
</grate>
</servinfosub>