<?xml version="1.0" encoding="UTF-8"?><servinfosub IE-ID="en-US0900c8af823e5d0c" docno="VCC-167215" id="KC09023161" servinfosubId="nev20685116n1-nev20685116n2" servinfosubRes="0900c8af862c1b6f" servinfosubRes2="urn:x-nevis:fragment:0900c8af823e5d0c:0900c8af862c1b6f#nev20685116n2" xml:lang="en-US">
<title>Description of #@#@#12#ifier</title>
<topic>
<title/>
<table frame="all" pgwide="1">
<tgroup cols="1" colsep="1" rowsep="1">
<colspec colwidth="528*"/>
<tbody>
<row>
<entry align="left" valign="top">
<ptxt>
<emph>Status identifier</emph>
</ptxt>
</entry>
</row>
<row>
<entry align="left" valign="top">
<ptxt>There are diffe#@#@#637#elow.</ptxt>
</entry>
</row>
</tbody>
</tgroup>
</table>
<table frame="all" pgwide="1">
<tgroup cols="2" colsep="1" rowsep="1">
<colspec colwidth="111*"/>
<colspec colwidth="417*"/>
<tbody>
<row>
<entry align="left" valign="top">
<ptxt>
<emph>Status identifier</emph>
</ptxt>
</entry>
<entry align="left" valign="top">
<ptxt>
<emph>Explanation</emph>
</ptxt>
</entry>
</row>
<row>
<entry align="left" valign="top">
<ptxt>SI#01</ptxt>
</entry>
<entry align="left" valign="top">
<ptxt>The malfunction#@#@#201#code.</ptxt>
</entry>
</row>
<row>
<entry align="left" valign="top">
<ptxt>SI#02</ptxt>
</entry>
<entry align="left" valign="top">
<ptxt>The malfunction#@#@#135#ycle.</ptxt>
</entry>
</row>
<row>
<entry align="left" valign="top">
<ptxt>SI#03</ptxt>
</entry>
<entry align="left" valign="top">
<ptxt>Intermittent no#@#@#35#code.</ptxt>
</entry>
</row>
<row>
<entry align="left" valign="top">
<ptxt>SI#04</ptxt>
</entry>
<entry align="left" valign="top">
<ptxt>Confirmed diagn#@#@#15#ode. </ptxt>
</entry>
</row>
<row>
<entry align="left" valign="top">
<ptxt>SI#05</ptxt>
</entry>
<entry align="left" valign="top">
<ptxt>Test status in #@#@#153#ycle.</ptxt>
</entry>
</row>
<row>
<entry align="left" valign="top">
<ptxt>SI#06</ptxt>
</entry>
<entry align="left" valign="top">
<ptxt>The malfunction#@#@#141#cle.
</ptxt>
</entry>
</row>
<row>
<entry align="left" valign="top">
<ptxt>SI#07</ptxt>
</entry>
<entry align="left" valign="top">
<ptxt>Test status in #@#@#123#ycle.</ptxt>
</entry>
</row>
<row>
<entry align="left" valign="top">
<ptxt>SI#08</ptxt>
</entry>
<entry align="left" valign="top">
<ptxt>Request activat#@#@#113#sage.</ptxt>
</entry>
</row>
</tbody>
</tgroup>
</table>
</topic>
</servinfosub>