<?xml version="1.0" encoding="UTF-8"?><servinfosub IE-ID="en-US0900c8af83df7410" docno="VCC-160080" id="KC07163778" xml:lang="en-US">
<title id="nev11421572n250">Leak diagnostic#@#@#22#2004)</title>
<topic id="nev11421572n248">
<title id="nev11421572n246"/>
<grate id="nev11421572n244" pgwide="1">
<graphic id="KC07221213">
<href>0900c8af8005a5a#@#@#9#.jpeg</href>
</graphic>
</grate>
<para id="nev11421572n239">
<ptxt id="nev11421572n237">All gases that #@#@#332#nk,  <literal id="nev11421572n75"> roll-over vent#@#@#29#e (6)</literal>, fuel filler p#@#@#505#ing).</ptxt>
<ptxt id="nev11421572n235">The leak diagno#@#@#456#led. </ptxt>
</para>
<para id="nev11421572n233">
<title id="nev11421572n231">Conditions for #@#@#4#nosis</title>
<ptxt id="nev11421572n229">The diagnosis b#@#@#43# met:</ptxt>
</para>
<list1 enumtype="b" id="nev11421572n227" type="unordered">
<item id="nev11421572n225">
<ptxt id="nev11421572n223">There must be n#@#@#77#ons: </ptxt>
</item>
<list2 enumtype="d" id="nev11421572n221" type="unordered">
<item id="nev11421572n219">
<ptxt id="nev11421572n217">the power stage#@#@#36# unit</ptxt>
</item>
<item id="nev11421572n215">
<ptxt id="nev11421572n213">the power stage#@#@#37# unit</ptxt>
</item>
<item id="nev11421572n211">
<ptxt id="nev11421572n209">the power stage#@#@#29#valve</ptxt>
</item>
<item id="nev11421572n207">
<ptxt id="nev11421572n205">the EVAP canist#@#@#10#alve.</ptxt>
</item>
</list2>
<item id="nev11421572n203">
<ptxt id="nev11421572n201">Engine off for #@#@#71#text)</ptxt>
</item>
<item id="nev11421572n199">
<ptxt id="nev11421572n197">Ignition off</ptxt>
</item>
<item id="nev11421572n195">
<ptxt id="nev11421572n193">Vehicle speed 0 km/h</ptxt>
</item>
<item id="nev11421572n191">
<ptxt id="nev11421572n189">Engine coolant #@#@#28#igher</ptxt>
</item>
<item id="nev11421572n187">
<ptxt id="nev11421572n185">Maximum altitud#@#@#27#level</ptxt>
</item>
<item id="nev11421572n183">
<ptxt id="nev11421572n181">Outside tempera#@#@#21#35 °C</ptxt>
</item>
<item id="nev11421572n179">
<ptxt id="nev11421572n177">Stable signal f#@#@#20#ensor</ptxt>
</item>
<item id="nev11421572n175">
<ptxt id="nev11421572n173">Fuel volume in #@#@#19#-85 %</ptxt>
</item>
<item id="nev11421572n171">
<ptxt id="nev11421572n169">Battery voltage#@#@#43#table</ptxt>
</item>
<item id="nev11421572n167">
<ptxt id="nev11421572n165">EVAP canister p#@#@#12#losed</ptxt>
</item>
<item id="nev11421572n163">
<ptxt id="nev11421572n161">Low volume in t#@#@#7#ster.</ptxt>
</item>
</list1>
<para id="nev11421572n159">
<title id="nev11421572n157">Diagnostic phases</title>
<ptxt id="nev11421572n155">The diagnostic #@#@#116# met.</ptxt>
</para>
<list1 enumtype="b" id="nev11421572n153" type="unordered">
<item id="nev11421572n151">
<ptxt id="nev11421572n149">Reference phase 1</ptxt>
</item>
<item id="nev11421572n147">
<ptxt id="nev11421572n145">Function test</ptxt>
</item>
<item id="nev11421572n143">
<ptxt id="nev11421572n141">Leak diagnostic.</ptxt>
</item>
</list1>
<grate id="nev11421572n139">
<title id="nev11421572n137">Reference phase#@#@#13# test</title>
<graphic id="KC07221214">
<href>0900c8af8005ad6#@#@#9#.jpeg</href>
</graphic>
<graphtext id="nev11421572n132">
<ptxt id="nev11421572n130">(the illustrati#@#@#184#tem. </ptxt>
<para id="nev11421572n128">
<title id="nev11421572n126">Reference phase#@#@#19#ase 2</title>
<ptxt id="nev11421572n124">During the refe#@#@#345# mm. </ptxt>
</para>
<para id="nev11421572n122">
<title id="nev11421572n120">Function test</title>
<ptxt id="nev11421572n118">If the value fo#@#@#416#pump.</ptxt>
<ptxt id="nev11421572n116">After the refer#@#@#447#all. </ptxt>
</para>
</graphtext>
</grate>
<grate id="nev11421572n114">
<title id="nev11421572n112">Leak diagnostic</title>
<graphic id="KC07221215">
<href>0900c8af8005ad6#@#@#9#.jpeg</href>
</graphic>
<graphtext id="nev11421572n107">
<ptxt id="nev11421572n105">(the illustrati#@#@#200#est. </ptxt>
<para id="nev11421572n103">
<title id="nev11421572n101">Major leak</title>
<ptxt id="nev11421572n99">(leaks &amp;gt;1.0 #@#@#716# 2.  </ptxt>
<ptxt id="nev11421572n97">Diagnostic trou#@#@#217#ECM).</ptxt>
</para>
</graphtext>
</grate>
<grate id="nev11421572n95">
<title id="nev11421572n93">Minor leak</title>
<graphic id="KC07221216">
<href>0900c8af8005ad6#@#@#9#.jpeg</href>
</graphic>
<graphtext id="nev11421572n88">
<ptxt id="nev11421572n86">(leaks &amp;gt;0.5 #@#@#971#(6). </ptxt>
</graphtext>
</grate>
</topic>
</servinfosub>