<?xml version="1.0" encoding="UTF-8"?><servinfosub IE-ID="en-US0900c8af827aa410" docno="VCC-257410" id="nev10808026n1" xml:lang="en-US">
<title id="nev10808050n1">Transmission re#@#@#19#cking</title>
<procedure id="nev10808050n3">
<stepgrp id="nev10808050n5">
<title id="nev10808050n7">Final check</title>
<procstep id="nev10808050n9">
<title id="nev10808050n11">Checks after re#@#@#10#arbox</title>
<para id="nev10808050n13">
<ptxt id="nev10808050n15">Top up and chec#@#@#43#test.</ptxt>
<ptxt id="nev10808050n17">Check the oil l#@#@#6#See: <xref id="nev10808050n19">
<ref id="nev10808026n2"/>
</xref>. </ptxt>
</para>
<note id="nev10808050n24">
<ptxt id="nev10808050n26">If it is a new #@#@#192#ever.</ptxt>
</note>
</procstep>
<procstep id="nev10808050n28">
<title id="nev10808050n30">Road testing th#@#@#4#hicle</title>
<para id="nev10808050n32">
<ptxt id="nev10808050n34">Use the road te#@#@#21# to: <xref id="nev10808050n36">
<ref id="nev10808026n3"/>
</xref>. </ptxt>
</para>
<note id="nev10808050n41">
<ptxt id="nev10808050n43">Check that no d#@#@#66#ive. </ptxt>
</note>
</procstep>
<procstep id="nev10808050n45">
<title id="nev10808050n47">Resetting counter</title>
<list1 enumtype="d" id="nev10808050n49" type="unordered">
<title id="nev10808050n51">Reset:</title>
<item id="nev10808050n53">
<ptxt id="nev10808050n55">adaptation. See: <xref id="nev10808050n57">
<ref id="nev10808026n4"/>
</xref>
</ptxt>
</item>
<item id="nev10808050n62">
<ptxt id="nev10808050n64">counter for cha#@#@#26#See: <xref id="nev10808050n66">
<ref id="nev10808026n5"/>
</xref>.</ptxt>
</item>
</list1>
</procstep>
<procstep id="nev10808050n71">
<title id="nev10808050n73">Returning the g#@#@#40#box) </title>
<para id="nev10808050n75">
<ptxt id="nev10808050n77">Return the old #@#@#3#rbox.</ptxt>
</para>
<para id="nev10808050n79">
<ptxt id="nev10808050n81">For a correct f#@#@#147#see: <xref id="nev10808050n83">
<ref id="nev10808026n6"/>
</xref>.</ptxt>
</para>
<para id="nev10808050n89">
<ptxt id="nev10808050n91">Make sure the r#@#@#94#arks.</ptxt>
</para>
<para id="nev10808050n93">
<ptxt id="nev10808050n95">Make a copy of #@#@#167# use.</ptxt>
</para>
</procstep>
</stepgrp>
</procedure>
</servinfosub>