<?xml version="1.0" encoding="UTF-8"?><servinfosub IE-ID="en-US0900c8af84d6680c" docno="VCC-156575" id="KC03015478" servinfosubId="nev20687732n1-nev20687732n2" servinfosubRes="0900c8af862c33c4" servinfosubRes2="urn:x-nevis:fragment:0900c8af84d6680c:0900c8af862c33c4#nev20687732n2" xml:lang="en-US">
<title id="nev15292910n250">Design</title>
<topic id="nev20687732n1-nev15292910n249">
<title id="nev20687732n1-nev15292910n248">Plastic, materi#@#@#9#ation</title>
<grate id="nev20687732n1-nev15292910n247" pgwide="1">
<title id="nev20687732n1-nev15292910n246">S40 (04-) and V50</title>
<graphic id="nev20687732n1-KC08963409">
<href>0900c8af8135b12#@#@#9#.jpeg</href>
</graphic>
</grate>
<table id="nev20687732n1-nev15292910n242">
<tgroup cols="3" id="nev20687732n1-nev15292910n241">
<colspec colname="col1" colwidth="10*" id="nev20687732n1-nev15292910n240"/>
<colspec colname="col2" colwidth="60*" id="nev20687732n1-nev15292910n239"/>
<colspec colname="col3" colwidth="30*" id="nev20687732n1-nev15292910n238"/>
<tbody id="nev20687732n1-nev15292910n237">
<row id="nev20687732n1-nev15292910n236">
<entry colname="col1" id="nev20687732n1-nev15292910n235">
<ptxt id="nev20687732n1-nev15292910n234">
<emph id="nev20687732n1-nev15292910n233">Index</emph>
</ptxt>
</entry>
<entry colname="col2" id="nev20687732n1-nev15292910n232">
<ptxt id="nev20687732n1-nev15292910n231">
<emph id="nev20687732n1-nev15292910n230">Component</emph>
</ptxt>
</entry>
<entry colname="col3" id="nev20687732n1-nev15292910n229">
<ptxt id="nev20687732n1-nev15292910n228">
<emph id="nev20687732n1-nev15292910n227">Material</emph>
</ptxt>
</entry>
</row>
<row id="nev20687732n1-nev15292910n226">
<entry colname="col1" id="nev20687732n1-nev15292910n225">
<ptxt id="nev20687732n1-nev15292910n224">1</ptxt>
</entry>
<entry colname="col2" id="nev20687732n1-nev15292910n223">
<ptxt id="nev20687732n1-nev15292910n222">Bumper cover</ptxt>
</entry>
<entry colname="col3" id="nev20687732n1-nev15292910n221">
<ptxt id="nev20687732n1-nev15292910n220">PP + EPDM</ptxt>
</entry>
</row>
<row id="nev20687732n1-nev15292910n219">
<entry colname="col1" id="nev20687732n1-nev15292910n218">
<ptxt id="nev20687732n1-nev15292910n217">2</ptxt>
</entry>
<entry colname="col2" id="nev20687732n1-nev15292910n216">
<ptxt id="nev20687732n1-nev15292910n215">Grille in bumpe#@#@#2#cover</ptxt>
</entry>
<entry colname="col3" id="nev20687732n1-nev15292910n214">
<ptxt id="nev20687732n1-nev15292910n213">PP + EPDM</ptxt>
</entry>
</row>
<row id="nev20687732n1-nev15292910n212">
<entry colname="col1" id="nev20687732n1-nev15292910n211">
<ptxt id="nev20687732n1-nev15292910n210">3</ptxt>
</entry>
<entry colname="col2" id="nev20687732n1-nev15292910n209">
<ptxt id="nev20687732n1-nev15292910n208">Door sill</ptxt>
</entry>
<entry colname="col3" id="nev20687732n1-nev15292910n207">
<ptxt id="nev20687732n1-nev15292910n206">PP + EPDM T8</ptxt>
</entry>
</row>
<row id="nev20687732n1-nev15292910n205">
<entry colname="col1" id="nev20687732n1-nev15292910n204">
<ptxt id="nev20687732n1-nev15292910n203">4</ptxt>
</entry>
<entry colname="col2" id="nev20687732n1-nev15292910n202">
<ptxt id="nev20687732n1-nev15292910n201">Lower door trim</ptxt>
</entry>
<entry colname="col3" id="nev20687732n1-nev15292910n200">
<ptxt id="nev20687732n1-nev15292910n199">PP + EPDM T8</ptxt>
</entry>
</row>
<row id="nev20687732n1-nev15292910n198">
<entry colname="col1" id="nev20687732n1-nev15292910n197">
<ptxt id="nev20687732n1-nev15292910n196">5</ptxt>
</entry>
<entry colname="col2" id="nev20687732n1-nev15292910n195">
<ptxt id="nev20687732n1-nev15292910n194">Trim molding</ptxt>
</entry>
<entry colname="col3" id="nev20687732n1-nev15292910n193">
<ptxt id="nev20687732n1-nev15292910n192">PP + EPDM M26</ptxt>
</entry>
</row>
<row id="nev20687732n1-nev15292910n191">
<entry colname="col1" id="nev20687732n1-nev15292910n190" morerows="1">
<ptxt id="nev20687732n1-nev15292910n189">6</ptxt>
</entry>
<entry colname="col2" id="nev20687732n1-nev15292910n188">
<ptxt id="nev20687732n1-nev15292910n187">Door mirror cov#@#@#7#nted)</ptxt>
</entry>
<entry colname="col3" id="nev20687732n1-nev15292910n186">
<ptxt id="nev20687732n1-nev15292910n185">ABS</ptxt>
</entry>
</row>
<row id="nev20687732n1-nev15292910n184">
<entry colname="col2" id="nev20687732n1-nev15292910n183">
<ptxt id="nev20687732n1-nev15292910n182">Door mirror foo#@#@#4#lack)</ptxt>
</entry>
<entry colname="col3" id="nev20687732n1-nev15292910n181">
<ptxt id="nev20687732n1-nev15292910n180">ASA</ptxt>
</entry>
</row>
</tbody>
</tgroup>
</table>
<grate id="nev20687732n1-nev15292910n179" pgwide="1">
<title id="nev20687732n1-nev15292910n178">S40 (04-)</title>
<graphic id="nev20687732n1-KC08963410">
<href>0900c8af8135b12#@#@#9#.jpeg</href>
</graphic>
</grate>
<table id="nev20687732n1-nev15292910n174">
<tgroup cols="3" id="nev20687732n1-nev15292910n173">
<colspec colname="col1" colwidth="10*" id="nev20687732n1-nev15292910n172"/>
<colspec colname="col2" colwidth="60*" id="nev20687732n1-nev15292910n171"/>
<colspec colname="col3" colwidth="30*" id="nev20687732n1-nev15292910n170"/>
<tbody id="nev20687732n1-nev15292910n169">
<row id="nev20687732n1-nev15292910n168">
<entry colname="col1" id="nev20687732n1-nev15292910n167">
<ptxt id="nev20687732n1-nev15292910n166">
<emph id="nev20687732n1-nev15292910n165">Index</emph>
</ptxt>
</entry>
<entry colname="col2" id="nev20687732n1-nev15292910n164">
<ptxt id="nev20687732n1-nev15292910n163">
<emph id="nev20687732n1-nev15292910n162">Component</emph>
</ptxt>
</entry>
<entry colname="col3" id="nev20687732n1-nev15292910n161">
<ptxt id="nev20687732n1-nev15292910n160">
<emph id="nev20687732n1-nev15292910n159">Material</emph>
</ptxt>
</entry>
</row>
<row id="nev20687732n1-nev15292910n158">
<entry colname="col1" id="nev20687732n1-nev15292910n157">
<ptxt id="nev20687732n1-nev15292910n156">7</ptxt>
</entry>
<entry colname="col2" id="nev20687732n1-nev15292910n155">
<ptxt id="nev20687732n1-nev15292910n154">Outer door handle</ptxt>
</entry>
<entry colname="col3" id="nev20687732n1-nev15292910n153">
<ptxt id="nev20687732n1-nev15292910n152">PA66 GF30</ptxt>
</entry>
</row>
<row id="nev20687732n1-nev15292910n151">
<entry colname="col1" id="nev20687732n1-nev15292910n150" morerows="1">
<ptxt id="nev20687732n1-nev15292910n149">8</ptxt>
</entry>
<entry colname="col2" id="nev20687732n1-nev15292910n148">
<ptxt id="nev20687732n1-nev15292910n147">Spoiler (B5254T3)</ptxt>
</entry>
<entry colname="col3" id="nev20687732n1-nev15292910n146">
<ptxt id="nev20687732n1-nev15292910n145">PUR</ptxt>
</entry>
</row>
<row id="nev20687732n1-nev15292910n144">
<entry colname="col2" id="nev20687732n1-nev15292910n143">
<ptxt id="nev20687732n1-nev15292910n142">Spoiler (other #@#@#3#ines)</ptxt>
</entry>
<entry colname="col3" id="nev20687732n1-nev15292910n141">
<ptxt id="nev20687732n1-nev15292910n140">ABS</ptxt>
</entry>
</row>
<row id="nev20687732n1-nev15292910n139">
<entry colname="col1" id="nev20687732n1-nev15292910n138">
<ptxt id="nev20687732n1-nev15292910n137">9</ptxt>
</entry>
<entry colname="col2" id="nev20687732n1-nev15292910n136">
<ptxt id="nev20687732n1-nev15292910n135">Bumper cover</ptxt>
</entry>
<entry colname="col3" id="nev20687732n1-nev15292910n134">
<ptxt id="nev20687732n1-nev15292910n133">PP + EPDM</ptxt>
</entry>
</row>
<row id="nev20687732n1-nev15292910n132">
<entry colname="col1" id="nev20687732n1-nev15292910n131">
<ptxt id="nev20687732n1-nev15292910n130">10</ptxt>
</entry>
<entry colname="col2" id="nev20687732n1-nev15292910n129">
<ptxt id="nev20687732n1-nev15292910n128">Handle tailgate</ptxt>
</entry>
<entry colname="col3" id="nev20687732n1-nev15292910n127">
<ptxt id="nev20687732n1-nev15292910n126">PC + ABS</ptxt>
</entry>
</row>
</tbody>
</tgroup>
</table>
<grate id="nev20687732n1-nev15292910n125" pgwide="1">
<title id="nev20687732n1-nev15292910n124">V50</title>
<graphic id="nev20687732n1-KC08963411">
<href>0900c8af8135b12#@#@#9#.jpeg</href>
</graphic>
</grate>
<table id="nev20687732n1-nev15292910n120">
<tgroup cols="3" id="nev20687732n1-nev15292910n119">
<colspec colname="col1" colwidth="10*" id="nev20687732n1-nev15292910n118"/>
<colspec colname="col2" colwidth="60*" id="nev20687732n1-nev15292910n117"/>
<colspec colname="col3" colwidth="30*" id="nev20687732n1-nev15292910n116"/>
<tbody id="nev20687732n1-nev15292910n115">
<row id="nev20687732n1-nev15292910n114">
<entry colname="col1" id="nev20687732n1-nev15292910n113">
<ptxt id="nev20687732n1-nev15292910n112">
<emph id="nev20687732n1-nev15292910n111">Index</emph>
</ptxt>
</entry>
<entry colname="col2" id="nev20687732n1-nev15292910n110">
<ptxt id="nev20687732n1-nev15292910n109">
<emph id="nev20687732n1-nev15292910n108">Component</emph>
</ptxt>
</entry>
<entry colname="col3" id="nev20687732n1-nev15292910n107">
<ptxt id="nev20687732n1-nev15292910n106">
<emph id="nev20687732n1-nev15292910n105">Material</emph>
</ptxt>
</entry>
</row>
<row id="nev20687732n1-nev15292910n104">
<entry colname="col1" id="nev20687732n1-nev15292910n103">
<ptxt id="nev20687732n1-nev15292910n102">7</ptxt>
</entry>
<entry colname="col2" id="nev20687732n1-nev15292910n101">
<ptxt id="nev20687732n1-nev15292910n100">Outer door handle</ptxt>
</entry>
<entry colname="col3" id="nev20687732n1-nev15292910n99">
<ptxt id="nev20687732n1-nev15292910n98">PA66 GF30</ptxt>
</entry>
</row>
<row id="nev20687732n1-nev15292910n97">
<entry colname="col1" id="nev20687732n1-nev15292910n96">
<ptxt id="nev20687732n1-nev15292910n95">8</ptxt>
</entry>
<entry colname="col2" id="nev20687732n1-nev15292910n94">
<ptxt id="nev20687732n1-nev15292910n93">End cover, trim#@#@#7# rail</ptxt>
</entry>
<entry colname="col3" id="nev20687732n1-nev15292910n92">
<ptxt id="nev20687732n1-nev15292910n91">ASA + PC</ptxt>
</entry>
</row>
<row id="nev20687732n1-nev15292910n90">
<entry colname="col1" id="nev20687732n1-nev15292910n89">
<ptxt id="nev20687732n1-nev15292910n88">9</ptxt>
</entry>
<entry colname="col2" id="nev20687732n1-nev15292910n87">
<ptxt id="nev20687732n1-nev15292910n86">Spoiler</ptxt>
</entry>
<entry colname="col3" id="nev20687732n1-nev15292910n85">
<ptxt id="nev20687732n1-nev15292910n84">ABS</ptxt>
</entry>
</row>
<row id="nev20687732n1-nev15292910n83">
<entry colname="col1" id="nev20687732n1-nev15292910n82">
<ptxt id="nev20687732n1-nev15292910n81">10</ptxt>
</entry>
<entry colname="col2" id="nev20687732n1-nev15292910n80">
<ptxt id="nev20687732n1-nev15292910n79">Bumper cover</ptxt>
</entry>
<entry colname="col3" id="nev20687732n1-nev15292910n78">
<ptxt id="nev20687732n1-nev15292910n77">PP + EPDM</ptxt>
</entry>
</row>
<row id="nev20687732n1-nev15292910n76">
<entry colname="col1" id="nev20687732n1-nev15292910n75">
<ptxt id="nev20687732n1-nev15292910n74">11</ptxt>
</entry>
<entry colname="col2" id="nev20687732n1-nev15292910n73">
<ptxt id="nev20687732n1-nev15292910n72">Tailgate handle</ptxt>
</entry>
<entry colname="col3" id="nev20687732n1-nev15292910n71">
<ptxt id="nev20687732n1-nev15292910n70">PC + ABS</ptxt>
</entry>
</row>
</tbody>
</tgroup>
</table>
</topic>
<topic id="nev20687732n1-nev15292910n69">
<title id="nev20687732n1-nev15292910n68">Sheet metal, ma#@#@#13#ation</title>
<grate id="nev20687732n1-nev15292910n67" pgwide="1">
<title id="nev20687732n1-nev15292910n66">S40 (04-)</title>
<graphic id="nev20687732n1-KC08963412">
<href>0900c8af84d1c15#@#@#11#.jpeg</href>
</graphic>
</grate>
<grate id="nev20687732n1-nev15292910n62" pgwide="1">
<graphic id="nev20687732n1-KC08963413">
<href>0900c8af84d1c15#@#@#11#.jpeg</href>
</graphic>
</grate>
<grate id="nev20687732n1-nev15292910n8" pgwide="1">
<title id="nev20687732n1-nev15298029n220">V50</title>
<graphic id="nev20687732n1-nev15292910n7">
<href>0900c8af84d1c15#@#@#11#.jpeg</href>
</graphic>
</grate>
<grate id="nev20687732n1-nev15292910n3" pgwide="1">
<graphic id="nev20687732n1-nev15292910n2">
<href>0900c8af84d1c15#@#@#11#.jpeg</href>
</graphic>
</grate>
<grate id="nev20687732n1-nev15292910n51" pgwide="1">
<title id="nev20687732n1-nev15292910n50">S40 (04-)</title>
<graphic id="nev20687732n1-KC08963414">
<href>0900c8af8135b12#@#@#9#.jpeg</href>
</graphic>
</grate>
<grate id="nev20687732n1-nev15292910n46" pgwide="1">
<title id="nev20687732n1-nev15292910n45">V50</title>
<graphic id="nev20687732n1-KC08963415">
<href>0900c8af8135b12#@#@#9#.jpeg</href>
</graphic>
</grate>
<para id="nev20687732n1-nev15292910n41">
<title id="nev20687732n1-nev15292910n40">HSS steel</title>
<ptxt id="nev20687732n1-nev15292910n39">In the above il#@#@#77# (2).</ptxt>
<ptxt id="nev20687732n1-nev15292910n38">The bodywork is#@#@#113# etc.</ptxt>
<ptxt id="nev20687732n1-nev15292910n37">The steel types#@#@#188#late.</ptxt>
<ptxt id="nev20687732n1-nev15292910n36">The yield point#@#@#118#late.</ptxt>
<ptxt id="nev20687732n1-nev15292910n35">When using an a#@#@#208#oves.</ptxt>
<ptxt id="nev20687732n1-nev15292910n34">Always follow t#@#@#32#IDA. </ptxt>
</para>
<note id="nev20687732n1-nev15292910n33">
<ptxt id="nev20687732n1-nev15292910n32">HSS-steel must #@#@#16#ned. </ptxt>
</note>
<grate id="nev20687732n1-nev15292910n31" pgwide="1">
<title id="nev20687732n1-nev15292910n30">S40 (04-) and V50</title>
<graphic id="nev20687732n1-KC08963416">
<href>0900c8af8135b12#@#@#9#.jpeg</href>
</graphic>
</grate>
<para id="nev20687732n1-nev15292910n26">
<title id="nev20687732n1-nev15292910n25">Boron steel</title>
<ptxt id="nev20687732n1-nev15292910n24">Boron steel com#@#@#24#roup.</ptxt>
<ptxt id="nev20687732n1-nev15292910n23">The dark gray s#@#@#232#work.</ptxt>
<ptxt id="nev20687732n1-nev15292910n22">When replacing #@#@#111#tead.</ptxt>
<ptxt id="nev20687732n1-nev15292910n21">Boron steel off#@#@#21#city.</ptxt>
<ptxt id="nev20687732n1-nev15292910n20">When producing #@#@#122#ully.</ptxt>
<ptxt id="nev20687732n1-nev15292910n19">Boron steel get#@#@#231#here.</ptxt>
</para>
<note id="nev20687732n1-nev15292910n18">
<ptxt id="nev20687732n1-nev15292910n17">Boron steel mus#@#@#19#ated.</ptxt>
</note>
<note id="nev20687732n1-nev15292910n16">
<ptxt id="nev20687732n1-nev15292910n15">Boron steel may#@#@#111#tter.</ptxt>
</note>
</topic>
</servinfosub>