<?xml version="1.0" encoding="UTF-8"?><servinfosub IE-ID="en-US0900c8af84f6880c" docno="VCC-407619" id="nev15238109n1" original="sv-SE" servinfosubId="nev15238110n1-nev15238109n4" servinfosubRes="0900c8af84c9d4d0" servinfosubRes2="urn:x-nevis:fragment:0900c8af84f6880c:0900c8af84c9d4d0#nev15238109n4" xml:lang="en-US">
<title id="nev15238109n2">Passenger Compa#@#@#16#ction</title>
<toolitemtable id="nev15238110n1-nev15239305n93">
<table id="nev15238110n1-nev15239305n92">
<tgroup cols="2" id="nev15238110n1-nev15239305n91">
<colspec colname="COLSPEC0" colwidth="1.00*" id="nev15238110n1-nev15239305n90"/>
<colspec colname="COLSPEC1" colwidth="1.00*" id="nev15238110n1-nev15239305n89"/>
<thead id="nev15238110n1-nev15239305n88">
<row id="nev15238110n1-nev15239305n87">
<entry id="nev15238110n1-nev15239305n86" nameend="COLSPEC1" namest="COLSPEC0" valign="top">
<ptxt id="nev15238110n1-nev15239305n85">
<emph id="nev15238110n1-nev15239305n84">Special tools</emph>
</ptxt>
</entry>
</row>
</thead>
<tbody id="nev15238110n1-nev15239305n82">
<row id="nev15238110n1-nev15239305n81">
<entry id="nev15238110n1-nev15239305n80">
<graphic id="nev15238110n1-nev15239305n79">
<href>0900c8af842d259#@#@#9#.jpeg</href>
</graphic>
</entry>
<entry id="nev15238110n1-nev15239305n78">
<ptxt id="nev15238110n1-nev15239305n77">
<emph id="nev15238110n1-nev15239305n76">981 4107 Leak d#@#@#2#ector</emph>
</ptxt>
<ptxt id="nev15238110n1-nev15239305n74">
<emph id="nev15238110n1-nev15239305n73">Tool number:</emph>981 4107</ptxt>
<ptxt id="nev15238110n1-nev15239305n71">
<emph id="nev15238110n1-nev15239305n70">Tool description:</emph>Leak detector</ptxt>
<ptxt id="nev15238110n1-nev15239305n67">
<emph id="nev15238110n1-nev15239305n66">Tool boards:</emph>08</ptxt>
</entry>
</row>
</tbody>
</tgroup>
</table>
</toolitemtable>
<procedure id="nev15238110n1-nev15238191n1">
<stepgrp boilerplate="false" context="" id="nev15238110n1-nev15239305n99">
<title id="nev15238110n1-nev15238210n99">Leak detection</title>
<procstep id="nev15238110n1-nev15238151n2">
<grate id="nev15238110n1-nev15238210n97">
<graphic id="nev15238110n1-nev15238210n98">
<href>0900c8af84c9d19#@#@#9#.jpeg</href>
</graphic>
<graphtext id="nev15238110n1-nev15239312n1">
<para id="nev15238110n1-nev15239305n96">
<ptxt id="nev15238110n1-nev15239305n97">
<toolitem boilerplate="true" id="nev15238110n1-nev15238210n95" imageid="0900c8af842d2595"/>
</ptxt>
</para>
</graphtext>
</grate>
</procstep>
<procstep id="nev15238110n1-nev15238191n72">
<note id="nev15238110n1-nev15238210n92">
<ptxt>Always follow t#@#@#54#ment.</ptxt>
</note>
</procstep>
</stepgrp>
</procedure>
</servinfosub>