<?xml version="1.0" encoding="UTF-8"?><servinfosub IE-ID="en-US0900c8af875de80c" docno="VCC-426617" id="nev16700167n1" original="sv-SE" servinfosubId="nev16700168n1-nev23854216n1" servinfosubRes="0900c8af875de87c" servinfosubRes2="urn:x-nevis:fragment:0900c8af875de80c:0900c8af875de87c#nev23854216n1" xml:lang="en-US">
<operationnumbers>
<operationnumber>43771-2</operationnumber>
</operationnumbers>
<title id="nev16700167n2">Electric Oil Pump</title>
<procedure id="nev16700168n1-nev23853064n84">
<stepgrp boilerplate="false" context="" id="nev16700168n1-nev25703310n100">
<title id="nev16700168n1-0800c8af844a46f6">Removal</title>
<procstep id="nev16700168n1-nev23879633n31">
<note id="nev16700168n1-0800c8af844a42fa">
<ptxt>Removal steps i#@#@#45#ails.</ptxt>
</note>
</procstep>
<procstep id="nev16700168n1-nev25703310n99">
<para id="nev16700168n1-nev25703310n95">
<ptxt id="nev16700168n1-nev25703310n97">Follow instruct#@#@#29#frame<xref boilerplate="true" id="nev16700168n1-nev25703310n98">
<ref id="nev16700168n1-nev25703310n96"/>
</xref>
</ptxt>
</para>
</procstep>
<procstep id="nev16700168n1-nev23853064n81">
<para id="nev16700168n1-nev25703310n93">
<ptxt id="nev16700168n1-nev25703310n94">Remove the engi#@#@#9#g fan<xref boilerplate="true" id="nev16700168n1-0800c8af848d2edb">
<ref id="nev16700168n1-nev23855321n92"/>
</xref>
</ptxt>
</para>
</procstep>
<procstep id="nev16700168n1-nev23855321n90">
<grate id="nev16700168n1-nev25703310n91">
<graphic id="nev16700168n1-nev25703310n92">
<href>0900c8af86e86e3#@#@#9#.jpeg</href>
</graphic>
<graphtext id="nev16700168n1-nev25703321n1">
<para id="nev16700168n1-nev25703310n89">
<ptxt id="nev16700168n1-nev25703310n90">Remove the screw.</ptxt>
</para>
<para id="nev16700168n1-nev25703310n87">
<ptxt id="nev16700168n1-nev25703310n88">
<torque id="nev16700168n1-nev23865906n4">
<ref id="nev16700168n1-nev23865906n2"/>
</torque>
</ptxt>
</para>
</graphtext>
</grate>
</procstep>
<procstep id="nev16700168n1-nev23855321n87">
<grate id="nev16700168n1-nev25703310n85">
<graphic id="nev16700168n1-nev25703310n86">
<href>0900c8af86e86e3#@#@#9#.jpeg</href>
</graphic>
<graphtext id="nev16700168n1-nev25703328n1">
<para id="nev16700168n1-nev25703310n83">
<ptxt id="nev16700168n1-nev25703310n84">Unhook the cabl#@#@#11#lips.</ptxt>
</para>
<para id="nev16700168n1-nev25703310n81">
<ptxt id="nev16700168n1-nev25703310n82">Fold marked par#@#@#3#side.</ptxt>
</para>
</graphtext>
</grate>
</procstep>
<procstep id="nev16700168n1-nev23855321n84">
<grate id="nev16700168n1-nev25703310n79">
<graphic id="nev16700168n1-nev25703310n80">
<href>0900c8af86e86e4#@#@#9#.jpeg</href>
</graphic>
<graphtext id="nev16700168n1-nev25703332n1">
<para id="nev16700168n1-nev25703310n77">
<ptxt id="nev16700168n1-nev25703310n78">Disconnect the #@#@#5#ctor.</ptxt>
</para>
</graphtext>
</grate>
</procstep>
<procstep id="nev16700168n1-nev23855321n81">
<grate id="nev16700168n1-nev25703310n75">
<graphic id="nev16700168n1-nev25703310n76">
<href>0900c8af86e86e4#@#@#9#.jpeg</href>
</graphic>
<graphtext id="nev16700168n1-nev25703336n1">
<para id="nev16700168n1-nev25703310n73">
<ptxt id="nev16700168n1-nev25703310n74">Loosen the hose#@#@#2#lamp.</ptxt>
</para>
</graphtext>
</grate>
</procstep>
<procstep id="nev16700168n1-nev23863665n68">
<grate id="nev16700168n1-nev25703310n71">
<graphic id="nev16700168n1-nev25703310n72">
<href>0900c8af86e8c1e#@#@#9#.jpeg</href>
</graphic>
<graphtext id="nev16700168n1-nev25703340n1">
<para id="nev16700168n1-nev25703310n69">
<ptxt id="nev16700168n1-nev25703310n70">Undo the hose f#@#@#14#tion.</ptxt>
</para>
<para id="nev16700168n1-nev25703310n67">
<ptxt id="nev16700168n1-nev25703310n68">Fold marked par#@#@#3#side.</ptxt>
</para>
</graphtext>
</grate>
</procstep>
<procstep id="nev16700168n1-nev23855321n78">
<grate id="nev16700168n1-nev25703310n65">
<graphic id="nev16700168n1-nev25703310n66">
<href>0900c8af86e86e3#@#@#9#.jpeg</href>
</graphic>
<graphtext id="nev16700168n1-nev25703344n1">
<para id="nev16700168n1-nev25703310n63">
<ptxt id="nev16700168n1-nev25703310n64">Remove the screws.</ptxt>
</para>
<para id="nev16700168n1-nev25703310n61">
<ptxt id="nev16700168n1-nev25703310n62">
<torque id="nev16700168n1-nev23866370n76">
<ref id="nev16700168n1-nev23866370n74"/>
</torque>
</ptxt>
</para>
<para id="nev16700168n1-nev25703310n59">
<ptxt id="nev16700168n1-nev25703310n60">Remove the clips.</ptxt>
</para>
</graphtext>
</grate>
</procstep>
<procstep id="nev16700168n1-nev23863665n55">
<grate id="nev16700168n1-nev25703310n57">
<graphic id="nev16700168n1-nev25703310n58">
<href>0900c8af86e8c3e#@#@#9#.jpeg</href>
</graphic>
<graphtext id="nev16700168n1-nev25703351n1">
<para id="nev16700168n1-nev25703310n55">
<ptxt id="nev16700168n1-nev25703310n56">Fold marked par#@#@#3#side.</ptxt>
</para>
</graphtext>
</grate>
</procstep>
<procstep id="nev16700168n1-nev23855321n75">
<grate id="nev16700168n1-nev25703310n53">
<graphic id="nev16700168n1-nev25703310n54">
<href>0900c8af86e86e6#@#@#9#.jpeg</href>
</graphic>
<graphtext id="nev16700168n1-nev25703355n1">
<para id="nev16700168n1-nev25703310n51">
<ptxt id="nev16700168n1-nev25703310n52">Release the catch.</ptxt>
</para>
<para id="nev16700168n1-nev25703310n49">
<ptxt id="nev16700168n1-nev25703310n50">Undo the hose f#@#@#14#tion.</ptxt>
</para>
<para id="nev16700168n1-nev25703310n47">
<ptxt id="nev16700168n1-nev25703310n48">Remove the mark#@#@#3#part.</ptxt>
</para>
</graphtext>
</grate>
</procstep>
<procstep id="nev16700168n1-nev23863665n42">
<grate id="nev16700168n1-nev25703310n45">
<graphic id="nev16700168n1-nev25703310n46">
<href>0900c8af863c41c#@#@#9#.jpeg</href>
</graphic>
<graphtext id="nev16700168n1-nev25703359n1">
<note id="nev16700168n1-0800c8af844a43c1">
<ptxt>Make sure that #@#@#25#ated.</ptxt>
</note>
<note id="nev16700168n1-0800c8af844a4379">
<ptxt>Make sure that #@#@#51#rial.</ptxt>
</note>
</graphtext>
</grate>
</procstep>
<procstep id="nev16700168n1-nev23855321n72">
<grate id="nev16700168n1-nev25703310n43">
<graphic id="nev16700168n1-nev25703310n44">
<href>0900c8af86e86e6#@#@#9#.jpeg</href>
</graphic>
<graphtext id="nev16700168n1-nev25703363n1">
<para id="nev16700168n1-nev25703310n41">
<ptxt id="nev16700168n1-nev25703310n42">Loosen the clip.</ptxt>
</para>
</graphtext>
</grate>
</procstep>
<procstep id="nev16700168n1-nev23855321n69">
<grate id="nev16700168n1-nev25703310n39">
<graphic id="nev16700168n1-nev25703310n40">
<href>0900c8af870f643#@#@#9#.jpeg</href>
</graphic>
<graphtext id="nev16700168n1-nev25703367n1">
<para id="nev16700168n1-nev25703310n37">
<ptxt id="nev16700168n1-nev25703310n38">Disconnect the #@#@#5#ctor.</ptxt>
</para>
<para id="nev16700168n1-nev25703310n35">
<ptxt id="nev16700168n1-nev25703310n36">Fold marked par#@#@#3#side.</ptxt>
</para>
</graphtext>
</grate>
</procstep>
<procstep id="nev16700168n1-nev25703310n34">
<grate id="nev16700168n1-nev25703310n32">
<graphic id="nev16700168n1-nev25703310n33">
<href>0900c8af8646831#@#@#9#.jpeg</href>
</graphic>
<graphtext id="nev16700168n1-nev25703371n1">
<para id="nev16700168n1-nev25703310n30">
<ptxt id="nev16700168n1-nev25703310n31">Remove the screws.</ptxt>
</para>
<para id="nev16700168n1-nev25703310n28">
<ptxt id="nev16700168n1-nev25703310n29">Remove the clips.</ptxt>
</para>
</graphtext>
</grate>
</procstep>
<procstep id="nev16700168n1-nev25703310n27">
<grate id="nev16700168n1-nev25703310n25">
<graphic id="nev16700168n1-nev25703310n26">
<href>0900c8af875de84#@#@#9#.jpeg</href>
</graphic>
<graphtext id="nev16700168n1-nev25703375n1">
<para id="nev16700168n1-nev25703310n23">
<ptxt id="nev16700168n1-nev25703310n24">Remove the screw.</ptxt>
</para>
<para id="nev16700168n1-nev25703310n19">
<ptxt id="nev16700168n1-nev25703310n21">
<torque id="nev16700168n1-nev25703310n22">
<ref id="nev16700168n1-nev25703310n20"/>
</torque>
</ptxt>
</para>
</graphtext>
</grate>
</procstep>
<procstep id="nev16700168n1-nev25703310n18">
<grate id="nev16700168n1-nev25703310n16">
<graphic id="nev16700168n1-nev25703310n17">
<href>0900c8af875de84#@#@#9#.jpeg</href>
</graphic>
<graphtext id="nev16700168n1-nev25703382n1">
<para id="nev16700168n1-nev25703310n14">
<ptxt id="nev16700168n1-nev25703310n15">Loosen the screws.</ptxt>
</para>
<para id="nev16700168n1-nev25703310n10">
<ptxt id="nev16700168n1-nev25703310n12">
<torque id="nev16700168n1-nev25703310n13">
<ref id="nev16700168n1-nev25703310n11"/>
</torque>
</ptxt>
</para>
<para id="nev16700168n1-nev25703310n8">
<ptxt id="nev16700168n1-nev25703310n9">Fold marked par#@#@#3#side.</ptxt>
</para>
</graphtext>
</grate>
</procstep>
<procstep id="nev16700168n1-nev23855321n63">
<grate id="nev16700168n1-nev25703310n6">
<graphic id="nev16700168n1-nev25703310n7">
<href>0900c8af86e8c1e#@#@#9#.jpeg</href>
</graphic>
<graphtext id="nev16700168n1-nev25703389n1">
<para id="nev16700168n1-nev25703310n4">
<ptxt id="nev16700168n1-nev25703310n5">Remove the screws.</ptxt>
</para>
<para id="nev16700168n1-nev25703310n2">
<ptxt id="nev16700168n1-nev25703310n3">
<torque id="nev16700168n1-nev23866370n42">
<ref id="nev16700168n1-nev23866370n40"/>
</torque>
</ptxt>
</para>
</graphtext>
</grate>
</procstep>
<procstep id="nev16700168n1-nev23855321n66">
<grate id="nev16700168n1-nev25703311n100">
<graphic id="nev16700168n1-nev25703310n1">
<href>0900c8af86e86e6#@#@#9#.jpeg</href>
</graphic>
<graphtext id="nev16700168n1-nev25703396n1">
<warning id="nev16700168n1-0800c8af844a4837">
<ptxt>Be prepared to #@#@#18#luid.</ptxt>
</warning>
<para id="nev16700168n1-nev25703311n98">
<ptxt id="nev16700168n1-nev25703311n99">Remove the screws.</ptxt>
</para>
<para id="nev16700168n1-nev25703311n96">
<ptxt id="nev16700168n1-nev25703311n97">
<torque id="nev16700168n1-nev23866370n34">
<ref id="nev16700168n1-nev23866370n32"/>
</torque>
</ptxt>
</para>
<para id="nev16700168n1-nev25703311n94">
<ptxt id="nev16700168n1-nev25703311n95">Remove the mark#@#@#3#part.</ptxt>
</para>
</graphtext>
</grate>
</procstep>
<procstep id="nev16700168n1-nev23863665n16">
<grate id="nev16700168n1-nev25703311n92">
<graphic id="nev16700168n1-nev25703311n93">
<href>0900c8af86e8c1e#@#@#9#.jpeg</href>
</graphic>
<graphtext id="nev16700168n1-nev25703403n1">
<note id="nev16700168n1-0800c8af844a4379">
<ptxt>Make sure that #@#@#51#rial.</ptxt>
</note>
<note id="nev16700168n1-0800c8af844a42f6">
<ptxt>Use a new seal.</ptxt>
</note>
</graphtext>
</grate>
</procstep>
</stepgrp>
<stepgrp boilerplate="false" context="" id="nev16700168n1-nev25703311n91">
<title id="nev16700168n1-0800c8af844a46f9">Installation</title>
<procstep id="nev16700168n1-nev23863665n10">
<para id="nev16700168n1-nev25703311n89">
<ptxt id="nev16700168n1-nev25703311n90">To install, rev#@#@#22#dure.</ptxt>
</para>
</procstep>
<procstep id="nev16700168n1-nev25703311n88">
<para id="nev16700168n1-nev25703311n84">
<ptxt id="nev16700168n1-nev25703311n86">Carry out: gear#@#@#16#check<xref boilerplate="true" id="nev16700168n1-nev25703311n87">
<ref id="nev16700168n1-nev25703311n85"/>
</xref>
</ptxt>
</para>
</procstep>
</stepgrp>
</procedure>
</servinfosub>