<?xml version="1.0" encoding="UTF-8"?><torqueinfo IE-ID="en-US0900c8af85d9980c" docno="VCC-461882" id="nev19263685n93" original="sv-SE" torqueId="nev19263688n1-nev19263687n4" torqueRes="0900c8af85d9981a" torqueRes2="urn:x-nevis:fragment:0900c8af85d9980c:0900c8af85d9981a#nev19263687n4" xml:lang="en-US">
<component id="nev19263685n92">Lower torque ro#@#@#28#using</component>
<stage id="nev19263688n1-nev19263685n90">
<value id="nev19263688n1-nev19263685n89" loosen="false" unit="Nm">35</value>
</stage>
<stage id="nev19263688n1-nev19263685n88">
<value id="nev19263688n1-nev19263685n87" loosen="false" unit="Degree">60</value>
</stage>
</torqueinfo>