<?xml version="1.0" encoding="UTF-8"?><servinfosub IE-ID="en-US0900c8af80699014" docno="VCC-058462" id="KC02255090" xml:lang="en-US">
<title>Stripped engine#@#@#4#moval</title>
<procedure id="KC02335519">
<title/>
<proctools>
<toolitem id="KC08430190"/>
<toolitem id="KC08430191"/>
<toolitem id="KC08430192"/>
<toolitem id="KC08430193"/>
<toolitem id="KC08430194"/>
<toolitem id="KC08430195"/>
<toolitem id="KC08430196"/>
</proctools>
<procstep id="KC02335520">
<title>Assuming bores,#@#@#55#aul:
</title>
<grate>
<graphic id="KC08430197" width="column">
<href>0900c8af8069901#@#@#9#.jpeg</href>
</graphic>
<graphtext>
<ptxt>Remove engine c#@#@#16#rbox.</ptxt>
<ptxt>Following proce#@#@#41#oxes.</ptxt>
<ptxt>Automatic gearb#@#@#41#e AD <xref>
<ref id="KC08430198"/>
</xref>.</ptxt>
<caution>
<ptxt>Since operation#@#@#2#AA24 <xref>
<ref id="KC08430199"/>
</xref> -25 are
carrie#@#@#64#t is <emph>
securely attached</emph> and in <emph>perfect condition</emph>.</ptxt>
</caution>
</graphtext>
</grate>
</procstep>
<stepgrp id="KC02129122">
<procstep id="KC02335521">
<title>Install left-ha#@#@#48#fold
</title>
<grate>
<graphic id="KC08430200" width="column">
<href>0900c8af8069902#@#@#9#.jpeg</href>
</graphic>
<graphtext>
<ptxt>Tighten compone#@#@#17#lock.</ptxt>
</graphtext>
</grate>
</procstep>
<procstep id="KC02335522">
<title>Remove lifting #@#@#6#ments</title>
<grate>
<graphic id="KC08430201" width="column">
<href>0900c8af8069902#@#@#9#.jpeg</href>
</graphic>
<graphtext>
<ptxt>Lower engine on#@#@#15#ings.</ptxt>
<ptxt>Remove hook  <toolitem id="KC08430202"/>
and lifting yoke <toolitem id="KC08430203"/>.</ptxt>
</graphtext>
</grate>
</procstep>
<procstep id="KC02335523">
<title>Release wiring #@#@#20#ngine</title>
<grate>
<graphic id="KC08430204" width="column">
<href>0900c8af8069902#@#@#9#.jpeg</href>
</graphic>
<graphtext>
<ptxt>Open cable clip#@#@#9#head.</ptxt>
<ptxt>Separate connec#@#@#82#ition</ptxt>
</graphtext>
</grate>
</procstep>
<procstep id="KC02335524">
<title>Disconnect:</title>
<grate>
<graphic id="KC08430205" width="column">
<href>0900c8af8069902#@#@#9#.jpeg</href>
</graphic>
<graphtext>
<list1 enumtype="d" type="ordered">
<item>
<ptxt>leads connected#@#@#36# lead</ptxt>
</item>
<item>
<ptxt>battery positiv#@#@#1# lead</ptxt>
</item>
<item>
<ptxt>earth lead conn#@#@#23#ember</ptxt>
</item>
<item>
<ptxt>lower coolant h#@#@#14# pump</ptxt>
</item>
</list1>
</graphtext>
</grate>
</procstep>
<procstep id="KC02335525">
<title>Remove fan shroud</title>
<grate>
<graphic id="KC08430206" width="column">
<href>0900c8af8069902#@#@#9#.jpeg</href>
</graphic>
<graphtext>
<ptxt>Cut tie around #@#@#15#hose.</ptxt>
</graphtext>
</grate>
</procstep>
<procstep id="KC02335526">
<title>Undo hose conne#@#@#31#khead</title>
<grate>
<graphic id="KC08430207" width="column">
<href>0900c8af8069902#@#@#9#.jpeg</href>
</graphic>
<graphtext>
<ptxt>Disconnect heat#@#@#35#head.</ptxt>
<ptxt>Open union betw#@#@#26#line.</ptxt>
<ptxt>Soak up fuel sp#@#@#13#aper.</ptxt>
<note>
<ptxt>Seal open ends #@#@#35#line.</ptxt>
</note>
</graphtext>
</grate>
</procstep>
<procstep id="KC02335527">
<title>Disconnect spee#@#@#9# lead</title>
<grate>
<graphic id="KC08430208" width="column">
<href>0900c8af8069902#@#@#9#.jpeg</href>
</graphic>
<graphtext>
<ptxt>Open cable clip#@#@#8#head.</ptxt>
<ptxt>Open connector.</ptxt>
</graphtext>
</grate>
</procstep>
<procstep id="KC02335528">
<title>Release throttl#@#@#14#ulley</title>
<grate>
<graphic id="KC08430209" width="column">
<href>0900c8af8069902#@#@#9#.jpeg</href>
</graphic>
<graphtext>
<ptxt>Release locking#@#@#20#oner.</ptxt>
<ptxt>Unhook cable fr#@#@#5#lley.</ptxt>
</graphtext>
</grate>
</procstep>
<procstep id="KC02335529">
<title>Remove:</title>
<grate>
<graphic id="KC08430210" width="column">
<href>0900c8af8069902#@#@#9#.jpeg</href>
</graphic>
<graphtext>
<list1 enumtype="d" type="ordered">
<item>
<ptxt>brake servo vac#@#@#34#ifold</ptxt>
</item>
<item>
<ptxt>EVAP valve hose#@#@#36#ifold</ptxt>
</item>
<item>
<ptxt>return line fro#@#@#19# pipe</ptxt>
</item>
</list1>
</graphtext>
</grate>
</procstep>
<procstep id="KC02335530">
<title>Free engine wir#@#@#24# side</title>
<grate>
<graphic id="KC08430211" width="column">
<href>0900c8af8069902#@#@#9#.jpeg</href>
</graphic>
<graphtext>
<ptxt>Cut steering se#@#@#28#ties.</ptxt>
<ptxt>Undo cable clip#@#@#23#sing.</ptxt>
<ptxt>Unhook servo re#@#@#25#cket.</ptxt>
<ptxt>Open cable clip#@#@#10#tors.</ptxt>
<ptxt>Separate wiring#@#@#26#voir.</ptxt>
</graphtext>
</grate>
</procstep>
<procstep id="KC02335531">
<title>Disconnect knoc#@#@#8# lead</title>
<grate>
<graphic id="KC08430212" width="column">
<href>0900c8af8069902#@#@#9#.jpeg</href>
</graphic>
<graphtext>
<ptxt>Open cable clip#@#@#35#sing.</ptxt>
<ptxt>Separate connec#@#@#19#unit.</ptxt>
<ptxt>Work wiring fre#@#@#12#oses.</ptxt>
</graphtext>
</grate>
</procstep>
<procstep id="KC02335532">
<title>Remove servo pump</title>
<grate>
<graphic id="KC08430213" width="column">
<href>0900c8af8069902#@#@#9#.jpeg</href>
</graphic>
<graphtext>
<ptxt>Remove drive belt.</ptxt>
<ptxt>Remove pump fro#@#@#14#cket.</ptxt>
<ptxt>Place pump on l#@#@#18#sing.</ptxt>
<ptxt>Use paper or ot#@#@#49#hes.
</ptxt>
<note>
<ptxt>Do <emph>not</emph> open any hose #@#@#7#ions.</ptxt>
</note>
</graphtext>
</grate>
</procstep>
<procstep id="KC02335533">
<title>Attach lifting #@#@#33#block</title>
<grate>
<graphic id="KC08430214" width="column">
<href>0900c8af8005da1#@#@#9#.jpeg</href>
</graphic>
<graphtext>
<ptxt>Remove dipstick#@#@#9#port.</ptxt>
<ptxt>Remove flat was#@#@#7#bolt.</ptxt>
<ptxt>Tighten lifting lug.</ptxt>
</graphtext>
</grate>
</procstep>
<procstep id="KC02335534">
<title>Support engine #@#@#2# rear</title>
<grate>
<graphic id="KC08430215" width="column">
<href>0900c8af8069902#@#@#9#.jpeg</href>
</graphic>
<graphtext>
<ptxt>Use two support#@#@#1#bars <toolitem id="KC08430216"/> , lifting yoke <toolitem id="KC08430217"/>
, and lifting #@#@#1#ooks <toolitem id="KC08430218"/> and <toolitem id="KC08430219"/>.</ptxt>
<ptxt>Lift engine usi#@#@#15# lug <toolitem id="KC08430220"/>.</ptxt>
</graphtext>
</grate>
</procstep>
<procstep id="KC02335535">
<title>Disconnect batt#@#@#14# body</title>
<grate>
<graphic id="KC08430221" width="column">
<href>0900c8af8069902#@#@#9#.jpeg</href>
</graphic>
<graphtext>
<ptxt>Undo clips on f#@#@#40#ber.
</ptxt>
<ptxt>Work wiring fre#@#@#14# bar.</ptxt>
<note>
<ptxt>On cars equippe#@#@#50#ket.
</ptxt>
</note>
<para>
<title>Manual gearbox</title>
<ptxt>(See procedure AD <xref>
<ref id="KC08430222"/>
</xref>
for removal of#@#@#14#rbox)</ptxt>
</para>
</graphtext>
</grate>
</procstep>
<procstep id="KC02335536">
<title>Remove clutch s#@#@#8#inder</title>
<grate>
<graphic id="KC08430223" width="column">
<href>0900c8af8069902#@#@#9#.jpeg</href>
</graphic>
<graphtext>
<ptxt>Remove cylinder#@#@#4#clip.</ptxt>
<ptxt>Withdraw cylind#@#@#33#sing.</ptxt>
<note>
<ptxt>Rubber boot ret#@#@#47#lip.
</ptxt>
</note>
</graphtext>
</grate>
</procstep>
<procstep id="KC02335537">
<title>Remove propelle#@#@#2#shaft</title>
<grate>
<graphic id="KC08430224" width="column">
<href>0900c8af8069902#@#@#9#.jpeg</href>
</graphic>
<graphtext>
<ptxt>Use socket <toolitem id="KC08430225"/>.
</ptxt>
<ptxt>Separate front #@#@#21#ints.</ptxt>
<ptxt>Unbolt intermed#@#@#20#mber.</ptxt>
<ptxt>Withdraw propel#@#@#15#ards.</ptxt>
</graphtext>
</grate>
</procstep>
<procstep id="KC02335538">
<title>Free gearbox wiring</title>
<grate>
<graphic id="KC08430226" width="column">
<href>0900c8af8069903#@#@#9#.jpeg</href>
</graphic>
<graphtext>
<ptxt>Cut <emph>rear</emph> tie at gear le#@#@#8#ting.</ptxt>
<ptxt>Separate wiring#@#@#7#tors.</ptxt>
</graphtext>
</grate>
</procstep>
<procstep id="KC02335539">
<title>Release gear lever</title>
<grate>
<graphic id="KC08430227" width="column">
<href>0900c8af8069903#@#@#9#.jpeg</href>
</graphic>
<graphtext>
<ptxt>Undo lever lock#@#@#4#bolt.</ptxt>
<ptxt>Remove pivot pi#@#@#33# rod.</ptxt>
<ptxt>Remove circlip #@#@#28#ting.</ptxt>
<ptxt>Push up lever.</ptxt>
<ptxt>Remove bearing #@#@#15#ring.</ptxt>
</graphtext>
</grate>
</procstep>
<procstep id="KC02335540">
<title>Undo bolted joi#@#@#29#erter</title>
<grate>
<graphic id="KC08430228" width="column">
<href>0900c8af8069903#@#@#9#.jpeg</href>
</graphic>
<graphtext>
<ptxt>Release oxygen #@#@#22#clip.</ptxt>
</graphtext>
</grate>
</procstep>
<procstep id="KC02335541">
<title>Remove front ex#@#@#5# pipe</title>
<grate>
<graphic id="KC08430229" width="column">
<href>0900c8af8069903#@#@#9#.jpeg</href>
</graphic>
<graphtext>
<ptxt>Remove nuts in #@#@#31#fold.</ptxt>
<ptxt>Remove manifold.</ptxt>
</graphtext>
</grate>
</procstep>
<procstep id="KC02335542">
<title>Remove gearbox #@#@#9#ember</title>
<grate>
<graphic id="KC08430230" width="column">
<href>0900c8af8069903#@#@#9#.jpeg</href>
</graphic>
<graphtext>
<ptxt>Remove gearbox #@#@#52#bers.</ptxt>
</graphtext>
</grate>
</procstep>
<procstep id="KC02335543">
<title>Support gearbox#@#@#3# jack</title>
<grate>
<graphic id="KC08430231" width="column">
<href>0900c8af8069903#@#@#9#.jpeg</href>
</graphic>
<graphtext>
<ptxt>Remove lifting #@#@#9#ts ( <toolitem id="KC08430232"/> ,  <toolitem id="KC08430233"/> , <toolitem id="KC08430234"/> and <toolitem id="KC08430235"/> ).</ptxt>
<ptxt>On cars equippe#@#@#27#ssor.</ptxt>
</graphtext>
</grate>
</procstep>
<procstep id="KC02335544">
<title>Lift engine</title>
<grate>
<graphic id="KC08430236" width="column">
<href>0900c8af8069903#@#@#9#.jpeg</href>
</graphic>
<graphtext>
<ptxt>Use lifting tool <toolitem id="KC08430237"/> , and lifting #@#@#1#ooks <toolitem id="KC08430238"/>
and <toolitem id="KC08430239"/>.</ptxt>
<ptxt>Adjust lifting #@#@#29#nced.</ptxt>
<ptxt>Remove jack und#@#@#6#rbox.</ptxt>
</graphtext>
</grate>
</procstep>
<procstep id="KC02335545">
<title>Lift out engine#@#@#7#arbox</title>
<grate>
<graphic id="KC08430240" width="column">
<href>0900c8af8069903#@#@#9#.jpeg</href>
</graphic>
<graphtext>
<ptxt>Adjust angle of#@#@#22#tion.</ptxt>
<note>
<ptxt>
<emph>Carefully</emph> check that dri#@#@#58#any).</ptxt>
</note>
</graphtext>
</grate>
</procstep>
</stepgrp>
</procedure>
</servinfosub>