<?xml version="1.0" encoding="UTF-8"?><servinfosub IE-ID="en-US0900c8af845b5014" docno="VCC-135649" id="KC01124120" xml:lang="en-US">
<title>
<phrase category="" id="KC09636324" phrase-urn="urn:x-nevis:phrase:0800c8af8273fb80">Diagnostic trou#@#@#21#ation</phrase>
</title>
<diagnostic j2008use="1" paperuse="1" screenuse="1" type="condition">
<condgrp>
<condition type="condition">
<grate>
<graphic id="l1214571448531">
<href>0900c8af81621ac#@#@#9#.jpeg</href>
</graphic>
<graphtext>
<note>
<ptxt>
<phrase category="" id="KC09636326" phrase-urn="urn:x-nevis:phrase:0800c8af8273fb81">The diagnostic #@#@#87#TC). </phrase>
</ptxt>
</note>
<para>
<ptxt>
<phrase category="" id="KC09636327" phrase-urn="urn:x-nevis:phrase:0800c8af8273fb82">The control mod#@#@#505#m/h. </phrase>
</ptxt>
</para>
</graphtext>
</grate>
</condition>
</condgrp>
<condgrp>
<condition type="substitution">
<list1 enumtype="d" type="unordered">
<item>
<ptxt>
<phrase category="" id="KC09636328" phrase-urn="urn:x-nevis:phrase:0800c8af8273fb83">Active yaw cont#@#@#10#cked.</phrase>
</ptxt>
</item>
</list1>
<hint>
<ptxt>
<phrase category="" id="KC09636329" phrase-urn="urn:x-nevis:phrase:0800c8af8273fb84">For information#@#@#21# see <xref>
<ref id="KC09636330"/>
</xref>. </phrase>
</ptxt>
</hint>
</condition>
<ps>
<list1 enumtype="d" type="unordered">
<item>
<ptxt>
<phrase category="" id="KC09636331" phrase-urn="urn:x-nevis:phrase:0800c8af8273fb85">After starting #@#@#161#iated</phrase>
</ptxt>
</item>
<item>
<ptxt>
<phrase category="" id="KC09636332" phrase-urn="urn:x-nevis:phrase:0800c8af8273fb86">Internal fault #@#@#24#nsor.</phrase>
</ptxt>
</item>
</list1>
<note id="nev12182257n100">
<ptxt id="nev12182257n99">
<phrase category="Condition" id="nev12182260n1" phrase-urn="urn:x-nevis:phrase:0800c8af8387390b">This diagnostic#@#@#147#dule.</phrase>
</ptxt>
</note>
</ps>
</condgrp>
<condgrp>
<condition type="symptom">
<list1 enumtype="d" type="unordered">
<item>
<ptxt>
<phrase category="" id="KC09636333" phrase-urn="urn:x-nevis:phrase:0800c8af8273fb87">The anti-spin w#@#@#51#year)</phrase>
</ptxt>
</item>
<item>
<ptxt>
<phrase category="" id="KC09636334" phrase-urn="urn:x-nevis:phrase:0800c8af8273fb88">General yellow #@#@#44#sive)</phrase>
</ptxt>
</item>
<item>
<ptxt>
<phrase category="" id="KC09636335" phrase-urn="urn:x-nevis:phrase:0800c8af8273fb89">The traction co#@#@#26#tion.</phrase>
</ptxt>
</item>
</list1>
</condition>
</condgrp>
</diagnostic>
</servinfosub>