<?xml version="1.0" encoding="UTF-8"?><servinfosub IE-ID="en-US0900c8af800d1014" docno="VCC-140673" id="KC01338817" xml:lang="en-US">
<title>
<phrase category="" id="KC06943627" phrase-urn="urn:x-nevis:phrase:0800c8af81a0bc2b">Diagnostic trou#@#@#30#-00EA</phrase>
</title>
<diagnostic type="condition">
<condgrp>
<condition type="condition">
<para>
<ptxt>
<phrase category="" id="KC06943628" phrase-urn="urn:x-nevis:phrase:0800c8af81a0bc2c">The Supplementa#@#@#71#umn. </phrase>
</ptxt>
</para>
<para>
<ptxt>
<phrase category="" id="KC06943629" phrase-urn="urn:x-nevis:phrase:0800c8af81a0bc2d">Diagnostic trou#@#@#141#onds.</phrase>
</ptxt>
</para>
<para>
<ptxt>
<phrase category="" id="KC06943630" phrase-urn="urn:x-nevis:phrase:0800c8af81a0bc2f">Diagnostic trou#@#@#71# III.</phrase>
</ptxt>
</para>
</condition>
</condgrp>
<condgrp>
<condition type="substitution">
<list1 enumtype="d">
<item>
<ptxt>
<phrase category="" id="KC06943631" phrase-urn="urn:x-nevis:phrase:0800c8af81a0bc31">None.</phrase>
</ptxt>
</item>
</list1>
</condition>
<ps>
<list1 enumtype="d" type="unordered">
<item>
<ptxt>
<phrase category="" id="KC06943632" phrase-urn="urn:x-nevis:phrase:0800c8af81a0bc32">The capacitance#@#@#108#able.</phrase>
</ptxt>
</item>
</list1>
</ps>
</condgrp>
<condgrp>
<condition type="symptom">
<list1 enumtype="d" type="unordered">
<item>
<ptxt>
<phrase category="" id="KC06943633" phrase-urn="urn:x-nevis:phrase:0800c8af81a0bc33">The SRS indicat#@#@#10# lit.</phrase>
</ptxt>
</item>
</list1>
</condition>
</condgrp>
</diagnostic>
</servinfosub>