<?xml version="1.0" encoding="UTF-8"?><diagnostic IE-ID="en-US0900c8af8289c014" docno="VCC-260283" id="nev10873862n1" layout="0" type="test" xml:lang="en-US">
<title>
<phrase category="" id="nev10873862n2" phrase-urn="urn:x-nevis:phrase:0800c8af82714c18">Verification</phrase>
</title>
<testgrp IE-ID="en-US0900c8af8289c014_nev10873862n3" id="nev10873862n3" j2008use="1" paperuse="1" resumable="1" screenuse="1" testgrp-id="verifnode" x="80" y="120">
<title>
<phrase category="" id="nev10873862n4" phrase-urn="urn:x-nevis:phrase:0800c8af82714c19">Verification</phrase>
</title>
<node>
<test1>
<hint>
<ptxt>
<phrase category="" id="nev10873862n5" phrase-urn="urn:x-nevis:phrase:0800c8af82714c1a">After carrying #@#@#50#died.</phrase>
</ptxt>
</hint>
<diaglist>
<dgraphic>
<dgraphic1>
<graphic id="nev10873862n6">
<href>0900c8af80054d5#@#@#9#.jpeg</href>
</graphic>
</dgraphic1>
<dgraphic2>
<graphic id="nev10873862n7">
<href>0900c8af80054d7#@#@#9#.jpeg</href>
</graphic>
</dgraphic2>
</dgraphic>
<ditem>
<ptxt>
<phrase category="" id="nev10873862n8" phrase-urn="urn:x-nevis:phrase:0800c8af82714c1b">Ignition off</phrase>
</ptxt>
</ditem>
<ditem>
<ptxt>
<phrase category="" id="nev10873862n9" phrase-urn="urn:x-nevis:phrase:0800c8af82714c1c">Reinstall the c#@#@#21# etc.</phrase>
</ptxt>
</ditem>
<ditem>
<ptxt>
<phrase category="" id="nev10873862n10" phrase-urn="urn:x-nevis:phrase:0800c8af82714c1e">Ignition on</phrase>
</ptxt>
</ditem>
<ditem>
<ptxt>
<phrase category="" id="nev10873863n1" phrase-urn="urn:x-nevis:phrase:0800c8af82714c1f">Read off the po#@#@#48#TCM).</phrase>
</ptxt>
</ditem>
</diaglist>
<test2>
<ptxt>
<phrase category="" id="nev10873863n2" phrase-urn="urn:x-nevis:phrase:0800c8af82714c20">The voltage mus#@#@#39#age. </phrase>
</ptxt>
<list1 enumtype="d" type="unordered">
<item>
<ptxt>
<phrase category="" id="nev10873863n3" phrase-urn="urn:x-nevis:phrase:0800c8af82714c22">Start the engin#@#@#19#dle. </phrase>
</ptxt>
</item>
<item>
<ptxt>
<phrase category="" id="nev10873863n4" phrase-urn="urn:x-nevis:phrase:0800c8af82714c23">Read off the po#@#@#54#gain.</phrase>
</ptxt>
</item>
</list1>
<ptxt>
<phrase category="" id="nev10873863n5" phrase-urn="urn:x-nevis:phrase:0800c8af82714c24">The voltage sho#@#@#61#tage.</phrase>
</ptxt>
<diaglist>
<dgraphic>
<dgraphic2>
<graphic id="nev10873863n6">
<href>0900c8af86c8681#@#@#9#.jpeg</href>
</graphic>
<smarttool active="press" id="l1110374479065"/>
</dgraphic2>
</dgraphic>
</diaglist>
</test2>
</test1>
<question>
Is the voltage OK?
</question>
<resact-grp>
<result button="yes" comp="button" highlight="0"/>
<action j2008use="1" paperuse="1" screenuse="1">
<return value="VERIFIED"/>
</action>
</resact-grp>
<resact-grp>
<result button="no" comp="button" highlight="0"/>
<action j2008use="1" paperuse="1" screenuse="1">
<return value="VERIFICATION FAILED"/>
</action>
</resact-grp>
</node>
</testgrp>
</diagnostic>