<?xml version="1.0" encoding="UTF-8"?><servinfosub IE-ID="en-US0900c8af851c1e0a" docno="VCC-424371" id="nev16426120n1" xml:lang="en-US">
<title>
<phrase category="" id="nev16426120n2" phrase-urn="urn:x-nevis:phrase:0800c8af81a99384">Diagnostic trou#@#@#30#-2585</phrase>
</title>
<diagnostic j2008use="1" paperuse="1" screenuse="1" type="condition">
<condgrp>
<condition type="condition">
<grate>
<graphic id="nev16426120n3">
<href>0900c8af81620f4#@#@#9#.jpeg</href>
</graphic>
<graphtext>
<ptxt>
<phrase category="" id="nev16426120n4" phrase-urn="urn:x-nevis:phrase:0800c8af81a99385">The diagnostic #@#@#478#sage.</phrase>
</ptxt>
<ptxt>
<phrase category="" id="nev16426120n5" phrase-urn="urn:x-nevis:phrase:0800c8af81a99386">The diagnostic #@#@#64#d on.</phrase>
</ptxt>
</graphtext>
</grate>
</condition>
</condgrp>
<condgrp>
<condition type="substitution">
<list1 enumtype="d" type="unordered">
<item>
<ptxt>
<phrase category="" id="nev16426120n6" phrase-urn="urn:x-nevis:phrase:0800c8af81a99387">None.</phrase>
</ptxt>
</item>
</list1>
</condition>
<ps>
<list1 enumtype="d" type="unordered">
<item>
<ptxt>
<phrase category="" id="nev16426120n7" phrase-urn="urn:x-nevis:phrase:0800c8af81a99388">Fault-trace the#@#@#25#ADM).</phrase>
</ptxt>
</item>
</list1>
</ps>
</condgrp>
<condgrp>
<condition type="symptom">
<list1 id="nev16426120n8">
<item id="nev16426120n9">
<ptxt id="nev16426120n10">
<phrase category="Symptom CSC" id="nev16426129n1" phrase-urn="urn:x-nevis:phrase:0800c8af8388f451">1C, Service/rep#@#@#47#nance</phrase>
</ptxt>
</item>
<item id="nev16426128n88">
<ptxt id="nev16426128n87">
<phrase category="Symptom CSC" id="nev16426130n1" phrase-urn="urn:x-nevis:phrase:0800c8af8396c6d9">1G, Control sys#@#@#77#heck)</phrase>
</ptxt>
</item>
<item id="nev16426128n90">
<ptxt id="nev16426128n89">
<phrase category="Symptom CSC" id="nev16426131n1" phrase-urn="urn:x-nevis:phrase:0800c8af8388f0b4">7G, Text window#@#@#45#ssage</phrase>
</ptxt>
</item>
<item id="nev16426128n92">
<ptxt id="nev16426128n91">
<phrase category="Symptom CSC" id="nev16426132n1" phrase-urn="urn:x-nevis:phrase:0800c8af8388f087">EA, Text window#@#@#42#ssage</phrase>
</ptxt>
</item>
<item id="nev16426128n94">
<ptxt id="nev16426128n93">
<phrase category="Symptom CSC" id="nev16426133n1" phrase-urn="urn:x-nevis:phrase:0800c8af8388f137">IV, Text window#@#@#27#ssage</phrase>
</ptxt>
</item>
<item id="nev16426128n96">
<ptxt id="nev16426128n95">
<phrase category="Symptom CSC" id="nev16426134n1" phrase-urn="urn:x-nevis:phrase:0800c8af8388f25e">8M, Warning lig#@#@#38#blems</phrase>
</ptxt>
</item>
<item id="nev16426128n98">
<ptxt id="nev16426128n97">
<phrase category="Symptom CSC" id="nev16426135n1" phrase-urn="urn:x-nevis:phrase:0800c8af8388f076">DL, Warning lig#@#@#85#ation</phrase>
</ptxt>
</item>
<item id="nev16426128n100">
<ptxt id="nev16426128n99">
<phrase category="Symptom CSC" id="nev16426136n1" phrase-urn="urn:x-nevis:phrase:0800c8af8388f0fd">HJ, Warning lig#@#@#45#ation</phrase>
</ptxt>
</item>
</list1>
</condition>
</condgrp>
</diagnostic>
</servinfosub>