<?xml version="1.0" encoding="UTF-8"?><servinfosub IE-ID="en-US0900c8af8014ae0a" docno="VCC-146033" id="KC01151258" xml:lang="en-US">
<title>Drive shaft rig#@#@#8#acing</title>
<procedure>
<proctools>
<toolitem id="KC03296287"/>
<toolitem id="KC03296288"/>
</proctools>
<note>
<ptxt>As the illustra#@#@#182#ect. </ptxt>
</note>
<stepgrp>
<title>Removal</title>
<procstep>
<title>Preparatory work</title>
<grate>
<graphic id="KC03296289">
<href>0900c8af8005dcd#@#@#9#.jpeg</href>
</graphic>
<graphtext>
<list1 enumtype="b" type="unordered">
<title>Remove:</title>
<item>
<ptxt>the drive shaft#@#@#20# See <xref>
<ref id="KC03296290"/>
</xref>
</ptxt>
</item>
<item>
<ptxt>the splash guar#@#@#14#gine.</ptxt>
</item>
</list1>
</graphtext>
</grate>
</procstep>
<procstep>
<title>Removing the dr#@#@#26#ssion</title>
<grate>
<graphic id="KC03296291">
<href>0900c8af80060b5#@#@#9#.jpeg</href>
</graphic>
<graphtext>
<para>
<ptxt>Position a cont#@#@#110#ns). </ptxt>
</para>
<para>
<ptxt>Remove the bear#@#@#48#haft.</ptxt>
</para>
<para>
<ptxt>Pull the drive #@#@#25#sion.</ptxt>
</para>
<note>
<ptxt>Pull the inner #@#@#110#oint.</ptxt>
</note>
<note>
<ptxt>Take care not t#@#@#59#sion.</ptxt>
</note>
<para>
<ptxt>Install sealing#@#@#1#plug <toolitem id="KC03296292"/> in the transmi#@#@#71#ons).</ptxt>
</para>
</graphtext>
</grate>
</procstep>
</stepgrp>
<stepgrp>
<title>Installation</title>
<procstep id="KC01207428">
<title>Installing the #@#@#26#ssion</title>
<grate>
<graphic id="KC03296293">
<href>0900c8af80060b5#@#@#9#.jpeg</href>
</graphic>
<graphtext>
<para>
<ptxt>Lubricate the d#@#@#69#0 g).</ptxt>
<ptxt>Install the dri#@#@#113#hten.</ptxt>
</para>
</graphtext>
</grate>
<para>
<ptxt>Install the dri#@#@#26# See <xref>
<ref id="KC03296294"/>
</xref>. </ptxt>
</para>
</procstep>
<procstep>
<title>Checking the tr#@#@#17#level</title>
<para>
<ptxt>
<emph>The following a#@#@#36#ions:</emph>
</ptxt>
</para>
<para>
<ptxt>To check the tr#@#@#17# see <xref>
<ref id="KC03296295"/>
</xref>. </ptxt>
</para>
</procstep>
<procstep id="KC01207429">
<title>Installing othe#@#@#7#nents</title>
<grate>
<graphic id="KC03296296">
<href>0900c8af8005dcd#@#@#9#.jpeg</href>
</graphic>
<graphtext>
<list1 enumtype="b" type="unordered">
<title>Install:</title>
<item>
<ptxt>the splash guar#@#@#13#ngine</ptxt>
</item>
<item>
<ptxt>the wheel. See <xref>
<ref id="KC03296297"/>
</xref>.</ptxt>
</item>
</list1>
</graphtext>
</grate>
</procstep>
<procstep id="KC01207430">
<title>Checking the tr#@#@#17#level</title>
<note>
<ptxt>Only applies to#@#@#40#ons. </ptxt>
</note>
<para>
<ptxt>Check the oil l#@#@#5# See <xref>
<ref id="KC03296298"/>
</xref>. </ptxt>
</para>
</procstep>
</stepgrp>
</procedure>
</servinfosub>