<?xml version="1.0" encoding="UTF-8"?><servinfosub IE-ID="en-US0900c8af85b34700" docno="VCC-456744" id="nev18506715n1" xml:lang="en-US">
<title>
<phrase category="Title" id="nev18506715n2" phrase-urn="urn:x-nevis:phrase:0800c8af81eb9a54">Diagnostic trou#@#@#21#ation</phrase>
<phrase category="Prefix" id="nev18506715n3" phrase-urn="urn:x-nevis:phrase:0800c8af8015c3f5">ECM</phrase>-P268312</title>
<diagnostic j2008use="1" paperuse="1" screenuse="1" type="condition">
<condgrp>
<condition type="condition">
<grate>
<graphic id="nev18506715n4">
<href>0900c8af85118e5#@#@#9#.jpeg</href>
</graphic>
<graphtext>
<para>
<ptxt>
<phrase category="Condition" id="nev18506715n5" phrase-urn="urn:x-nevis:phrase:0800c8af85118e4d">Engine control #@#@#121#ture.</phrase>
</ptxt>
<ptxt>
<phrase category="Condition" id="nev18506715n6" phrase-urn="urn:x-nevis:phrase:0800c8af85118bb2">For information#@#@#70#tion.</phrase>
</ptxt>
</para>
<para id="nev18506715n7">
<ptxt id="nev18506715n8">
<phrase category="Condition" id="nev18506715n9" phrase-urn="urn:x-nevis:phrase:0800c8af82c4843c">The diagnostic #@#@#59#that:</phrase>
</ptxt>
</para>
<list1 id="nev18506715n10">
<item id="nev18506716n1">
<ptxt id="nev18506716n2">
<phrase category="Condition" id="nev18506716n3" phrase-urn="urn:x-nevis:phrase:0800c8af85118d93">The signal is h#@#@#52#noid.</phrase>
<phrase category="Condition" id="nev18506716n4" phrase-urn="urn:x-nevis:phrase:0800c8af85118d40">The signal is l#@#@#51#noid.</phrase>
</ptxt>
</item>
</list1>
<para id="nev18506716n5">
<ptxt id="nev18506716n6">
<phrase category="Condition" id="nev18506716n7" phrase-urn="urn:x-nevis:phrase:0800c8af82c479d6">The control mod#@#@#67#t of:</phrase>
</ptxt>
</para>
<list1 id="nev18506716n8">
<item id="nev18506716n9">
<ptxt id="nev18506716n10">
<phrase category="Preparatory" id="nev18506717n1" phrase-urn="urn:x-nevis:phrase:0800c8af8031b478">Ignition on.</phrase>
</ptxt>
</item>
</list1>
<note id="nev18506717n2">
<ptxt id="nev18506717n3">
<phrase category="Condition" id="nev18506717n4" phrase-urn="urn:x-nevis:phrase:0800c8af82c4844b">The control mod#@#@#132# met.</phrase>
</ptxt>
</note>
</graphtext>
</grate>
</condition>
</condgrp>
<condgrp>
<condition type="substitution">
<list1 enumtype="d" type="unordered">
<item>
<ptxt>
<phrase category="" id="nev18506717n5" phrase-urn="urn:x-nevis:phrase:0800c8af82337680">None.</phrase>
</ptxt>
</item>
</list1>
</condition>
<ps>
<list1 enumtype="d" type="unordered">
<item>
<ptxt>
<phrase category="Possible source" id="nev18506717n6" phrase-urn="urn:x-nevis:phrase:0800c8af844f5f24">The signal cabl#@#@#34#tage.</phrase>
</ptxt>
</item>
<item id="nev18506717n7">
<ptxt id="nev18506717n8">
<phrase category="Possible source" id="nev18506717n9" phrase-urn="urn:x-nevis:phrase:0800c8af81eabb5f">Damaged solenoid.</phrase>
</ptxt>
</item>
<item>
<ptxt>
<phrase category="Possible source" id="nev18506717n10" phrase-urn="urn:x-nevis:phrase:0800c8af84bab794">Damaged connector.</phrase>
</ptxt>
</item>
<item>
<ptxt>
<phrase category="Possible source" id="nev18506718n1" phrase-urn="urn:x-nevis:phrase:0800c8af81eaba5c">Damaged engine #@#@#16#ECM).</phrase>
</ptxt>
</item>
</list1>
</ps>
</condgrp>
<condgrp>
<condition type="symptom">
<list1 enumtype="d" type="unordered">
<item id="nev18506718n2">
<ptxt id="nev18506718n3">
<phrase category="Symptom" id="nev18506718n4" phrase-urn="urn:x-nevis:phrase:0800c8af822826c5">None.</phrase>
</ptxt>
</item>
</list1>
</condition>
</condgrp>
</diagnostic>
</servinfosub>