<?xml version="1.0" encoding="UTF-8"?><servinfosub IE-ID="en-US0900c8af8165a700" docno="VCC-158240" id="KC05131428" servinfosubId="nev20687746n1-nev20687746n2" servinfosubRes="0900c8af862c33e0" servinfosubRes2="urn:x-nevis:fragment:0900c8af8165a700:0900c8af862c33e0#nev20687746n2" xml:lang="en-US">
<title>Design</title>
<topic id="nev20687746n1-KC09005559">
<title>Air conditioning</title>
<para>
<ptxt>See: <xref>
<ref id="nev20687746n1-KC09005567"/>
</xref>
</ptxt>
</para>
</topic>
<topic id="nev20687746n1-KC09005560">
<title>Air conditionin#@#@#33#tion)</title>
<para>
<ptxt>See: <xref>
<ref id="nev20687746n1-KC09005568"/>
</xref>
</ptxt>
</para>
</topic>
<topic id="nev20687746n1-KC09005561">
<title>Air distributio#@#@#3#ystem</title>
<para>
<ptxt>See: <xref>
<ref id="nev20687746n1-KC09005569"/>
</xref>
</ptxt>
</para>
</topic>
<topic id="nev20687746n1-KC09005562">
<title>Blower fan</title>
<grate pgwide="1">
<graphic id="nev20687746n1-KC09005570">
<href>0900c8af8162084#@#@#9#.jpeg</href>
</graphic>
</grate>
<para>
<ptxt>The fan wheel i#@#@#98#lips.</ptxt>
</para>
<para>
<ptxt>The blower fan #@#@#32# fan.</ptxt>
</para>
<para>
<ptxt>The blower fan #@#@#27#trol.</ptxt>
</para>
<para>
<ptxt>The power unit #@#@#56#oved.</ptxt>
</para>
</topic>
<topic id="nev20687746n1-KC09005563">
<title>Filter</title>
<grate pgwide="1">
<graphic id="nev20687746n1-KC09005571">
<href>0900c8af8162084#@#@#9#.jpeg</href>
</graphic>
</grate>
<para>
<ptxt>The filter is l#@#@#130#ctly.</ptxt>
</para>
<para>
<ptxt>There are two t#@#@#10#lter.</ptxt>
</para>
<list1 enumtype="d" type="unordered">
<item>
<ptxt>Particle filter</ptxt>
</item>
<item>
<ptxt>Multi-filter.</ptxt>
</item>
</list1>
<para>
<ptxt>The multi-filte#@#@#172#ment.</ptxt>
</para>
<para>
<ptxt>The multi-filte#@#@#124#AQS).</ptxt>
</para>
<note>
<ptxt>The climate con#@#@#66#both.</ptxt>
</note>
</topic>
<topic id="nev20687746n1-KC09005564">
<title>Heat exchanger</title>
<grate pgwide="1">
<graphic id="nev20687746n1-KC09005572">
<href>0900c8af8162084#@#@#9#.jpeg</href>
</graphic>
</grate>
<para>
<ptxt>In order to hea#@#@#509#pump.</ptxt>
</para>
<para>
<ptxt>The heat exchan#@#@#116#low.
</ptxt>
</para>
<para>
<ptxt>Engine coolant #@#@#391#nts.
</ptxt>
</para>
<grate>
<graphic id="nev20687746n1-KC09005573">
<href>0900c8af8204ab7#@#@#9#.jpeg</href>
</graphic>
<graphtext>
<ptxt>Vehicles with e#@#@#335#sing.</ptxt>
</graphtext>
</grate>
</topic>
<topic id="nev20687746n1-KC09005565">
<title>Additional heat#@#@#12#eater</title>
<grate pgwide="1">
<graphic id="nev20687746n1-KC09005574">
<href>0900c8af8162086#@#@#9#.jpeg</href>
</graphic>
</grate>
<list1 enumtype="n" type="ordered">
<item>
<ptxt>Control module</ptxt>
</item>
<item>
<ptxt>Water pump</ptxt>
</item>
<item>
<ptxt>Fan shroud</ptxt>
</item>
<item>
<ptxt>Fuel pump (FP) #@#@#22#tank)</ptxt>
</item>
<item>
<ptxt>Heat exchanger</ptxt>
</item>
</list1>
<para>
<ptxt>The additional #@#@#270#ture.</ptxt>
</para>
<para>
<ptxt>If an extra tim#@#@#128#ter.
</ptxt>
</para>
<para>
<ptxt>Gasoline driven#@#@#51#ion.
</ptxt>
</para>
<para>
<ptxt>The additional #@#@#96#arch.</ptxt>
<ptxt>The heater cons#@#@#3#s of:</ptxt>
</para>
<list1 enumtype="d" type="unordered">
<item>
<ptxt>the heater unit</ptxt>
</item>
<item>
<ptxt>the combustion #@#@#17#(CPM)</ptxt>
</item>
<item>
<ptxt>the exhaust system</ptxt>
</item>
<item>
<ptxt>the air intake</ptxt>
</item>
<item>
<ptxt>the water pump.</ptxt>
</item>
</list1>
<para>
<ptxt>The heater is c#@#@#7#d to:</ptxt>
</para>
<list1 enumtype="d" type="unordered">
<item>
<ptxt>the engine cool#@#@#5#ystem</ptxt>
</item>
<item>
<ptxt>the vehicle fue#@#@#1# tank</ptxt>
</item>
<item>
<ptxt>central electro#@#@#12#CEM).</ptxt>
</item>
</list1>
<para>
<ptxt>Both versions h#@#@#73#tank.</ptxt>
<ptxt>Vehicles with t#@#@#139#DIM).</ptxt>
</para>
<para>
<ptxt>For further inf#@#@#66#CPM).</ptxt>
</para>
</topic>
<topic id="nev20687746n1-KC09005566">
<title>Location of the#@#@#36#ystem</title>
<grate pgwide="1">
<graphic id="nev20687746n1-KC09005575">
<href>0900c8af81621bf#@#@#9#.jpeg</href>
</graphic>
</grate>
<list1 enumtype="n" type="ordered">
<item>
<ptxt>Heat exchanger</ptxt>
</item>
<item>
<ptxt>Damper motor, t#@#@#11# left</ptxt>
</item>
<item>
<ptxt>Blower fan</ptxt>
</item>
<item>
<ptxt>Damper motor, f#@#@#36#mper
</ptxt>
</item>
<item>
<ptxt>Power unit for #@#@#11#motor</ptxt>
</item>
<item>
<ptxt>Particle filter#@#@#11#ilter</ptxt>
</item>
<item>
<ptxt>Damper motor, v#@#@#40# MCC)</ptxt>
</item>
<item>
<ptxt>Damper motor, t#@#@#12#right</ptxt>
</item>
<item>
<ptxt>Damper motor, d#@#@#14# ECC)</ptxt>
</item>
<item>
<ptxt>Air quality sen#@#@#4#(AQS)</ptxt>
</item>
<item>
<ptxt>Evaporator temp#@#@#10#nsor.</ptxt>
</item>
</list1>
<para>
<ptxt>The climate con#@#@#49#les.
</ptxt>
</para>
</topic>
</servinfosub>