<?xml version="1.0" encoding="UTF-8"?><servinfosub IE-ID="en-US0900c8af8068c700" docno="VCC-083560" id="KC02257753" xml:lang="en-US">
<title>Gear unit, repl#@#@#2#ement</title>
<procedure>
<procstep id="KC02314362">
<title/>
<grate>
<graphic id="KC08561321" width="column">
<href>0900c8af8068c70#@#@#9#.jpeg</href>
</graphic>
<graphtext>
<note>
<ptxt>Sunroof must be#@#@#3#osed.</ptxt>
</note>
<ptxt>Fold down the c#@#@#94#cover</ptxt>
</graphtext>
</grate>
</procstep>
<procstep id="KC02314363">
<title/>
<grate>
<graphic id="KC08561322" width="column">
<href>0900c8af8068c70#@#@#9#.jpeg</href>
</graphic>
<graphtext>
<list1 enumtype="d" type="unordered">
<title>Remove: </title>
<item>
<ptxt>screw and crank </ptxt>
</item>
<item>
<ptxt>lamp panel.</ptxt>
</item>
</list1>
</graphtext>
</grate>
</procstep>
<procstep id="KC02314364">
<title/>
<grate>
<graphic id="KC08561323" width="column">
<href>0900c8af8068c70#@#@#9#.jpeg</href>
</graphic>
<graphtext>
<ptxt>Remove the thre#@#@#25# unit</ptxt>
<ptxt>Remove the gear#@#@#1#unit.</ptxt>
</graphtext>
</grate>
</procstep>
<procstep>
<title/>
<para>
<ptxt>Adjust mechanis#@#@#10#g to <xref>
<ref id="KC08561324"/>
</xref>.
</ptxt>
<ptxt>Adjust gear uni#@#@#10#g to <xref>
<ref id="KC08561325"/>
</xref>.
</ptxt>
</para>
</procstep>
<procstep id="KC02314365">
<title/>
<grate>
<graphic id="KC08561326">
<href>0900c8af8068c70#@#@#9#.jpeg</href>
</graphic>
<graphtext>
<ptxt>Install gear unit</ptxt>
</graphtext>
</grate>
</procstep>
<procstep id="KC02314366">
<title/>
<grate>
<graphic id="KC08561327" width="column">
<href>0900c8af8068c70#@#@#9#.jpeg</href>
</graphic>
<graphtext>
<list1 enumtype="d" type="unordered">
<title>Install:</title>
<item>
<ptxt>lamp panel</ptxt>
</item>
<item>
<ptxt>crank</ptxt>
</item>
<item>
<ptxt>crank cover.</ptxt>
</item>
</list1>
</graphtext>
</grate>
</procstep>
</procedure>
</servinfosub>