<?xml version="1.0" encoding="UTF-8"?><servinfosub IE-ID="en-US0900c8af85363700" docno="VCC-384090" id="nev16805565n1" original="sv-SE" servinfosubId="nev16805566n1-nev16805565n4" servinfosubRes="0900c8af8538b531" servinfosubRes2="urn:x-nevis:fragment:0900c8af85363700:0900c8af8538b531#nev16805565n4" xml:lang="en-US">
<operationnumbers>
<operationnumber>86147</operationnumber>
</operationnumbers>
<title id="nev16805565n2">Rear Underbody #@#@#8#ector</title>
<procedure id="nev16805566n1-nev16863849n68">
<stepgrp boilerplate="false" context="" id="nev16805566n1-nev16863824n7">
<title id="nev16805566n1-nev16863849n52">Removal</title>
<procstep id="nev16805566n1-nev16863846n43">
<note id="nev16805566n1-nev16863849n51">
<ptxt>Removal steps i#@#@#45#ails.</ptxt>
</note>
</procstep>
<procstep id="nev16805566n1-nev16863828n83">
<grate id="nev16805566n1-nev16863849n49">
<graphic id="nev16805566n1-nev16863849n50">
<href>0900c8af8538b4c#@#@#9#.jpeg</href>
</graphic>
<graphtext id="nev16805566n1-nev16863853n1">
<list1 enumtype="n" id="nev16805566n1-nev16863849n48" type="ordered">
<item id="nev16805566n1-nev16863849n47">
<ptxt id="nev16805566n1-nev16863849n45">
<torque id="nev16805566n1-nev16863849n46">
<ref id="nev16805566n1-nev16863849n44"/>
</torque>
</ptxt>
</item>
<item id="nev16805566n1-nev16863849n43">
<ptxt id="nev16805566n1-nev16863849n41">
<torque id="nev16805566n1-nev16863849n42">
<ref id="nev16805566n1-nev16863849n40"/>
</torque>
</ptxt>
</item>
</list1>
</graphtext>
</grate>
</procstep>
<procstep id="nev16805566n1-nev16863828n78">
<grate id="nev16805566n1-nev16863849n38">
<graphic id="nev16805566n1-nev16863849n39">
<href>0900c8af8538b4c#@#@#9#.jpeg</href>
</graphic>
</grate>
</procstep>
<procstep id="nev16805566n1-nev16863828n75">
<grate id="nev16805566n1-nev16863849n36">
<graphic id="nev16805566n1-nev16863849n37">
<href>0900c8af8538b4c#@#@#9#.jpeg</href>
</graphic>
<graphtext id="nev16805566n1-nev16863866n1">
<para id="nev16805566n1-nev16863849n32">
<ptxt id="nev16805566n1-nev16863849n34">
<torque id="nev16805566n1-nev16863849n35">
<ref id="nev16805566n1-nev16863849n33"/>
</torque>
</ptxt>
</para>
</graphtext>
</grate>
</procstep>
<procstep id="nev16805566n1-nev16863828n72">
<grate id="nev16805566n1-nev16863849n30">
<graphic id="nev16805566n1-nev16863849n31">
<href>0900c8af8538b4c#@#@#9#.jpeg</href>
</graphic>
</grate>
</procstep>
</stepgrp>
<stepgrp boilerplate="false" context="" id="nev16805566n1-nev16863844n49">
<title id="nev16805566n1-nev16863849n29">Installation</title>
<procstep id="nev16805566n1-nev16863846n100">
<para id="nev16805566n1-nev16863849n27">
<ptxt id="nev16805566n1-nev16863849n28">To install, rev#@#@#22#dure.</ptxt>
</para>
</procstep>
</stepgrp>
</procedure>
</servinfosub>