<?xml version="1.0" encoding="UTF-8"?><servinfosub IE-ID="en-US0900c8af804a7700" docno="VCC-095485" id="KC01428030" xml:lang="en-US">
<title>
<phrase category="" id="KC07310072" phrase-urn="urn:x-nevis:phrase:0800c8af81aa964e">Signal missing</phrase>
</title>
<diagnostic type="test">
<testgrp IE-ID="en-US0900c8af804a7700_KC01587144" id="KC01587144" j2008use="1" paperuse="1" resumable="1" screenuse="1" testgrp-id="node1" x="120" y="80">
<title>
<phrase category="" id="KC07310073" phrase-urn="urn:x-nevis:phrase:0800c8af81aa964f">Checking the fu#@#@#27#(PHM)</phrase>
</title>
<node>
<test1>
<test2>
<para>
<ptxt>
<phrase category="" id="KC07310074" phrase-urn="urn:x-nevis:phrase:0800c8af81aa9650">For further inf#@#@#84#gram.</phrase>
</ptxt>
</para>
<para>
<ptxt>
<phrase category="" id="KC07310075" phrase-urn="urn:x-nevis:phrase:0800c8af81aa9652">Check that the #@#@#101#tton.</phrase>
</ptxt>
<ptxt>
<phrase category="" id="KC07310076" phrase-urn="urn:x-nevis:phrase:0800c8af81aa9653">The LED in the #@#@#20#ight.</phrase>
</ptxt>
</para>
</test2>
</test1>
<question>Does the LED in#@#@#20#ight?</question>
<resact-grp>
<result button="yes" comp="button" highlight="0"/>
<action j2008use="1" paperuse="1" screenuse="1">
<ptxt>
<xref>
<ref id="KC07310077"/>
</xref>
</ptxt>
</action>
</resact-grp>
<resact-grp>
<result button="no" comp="button" highlight="0"/>
<action j2008use="1" paperuse="1" screenuse="1">
<ptxt>
<xref>
<ref id="KC07310078"/>
</xref>
</ptxt>
</action>
</resact-grp>
</node>
</testgrp>
<testgrp id="KC01587145" j2008use="1" paperuse="1" resumable="1" screenuse="1" testgrp-id="node4" x="360" y="200">
<title>
<phrase category="" id="KC07310079" phrase-urn="urn:x-nevis:phrase:0800c8af81aa9654">Checking the po#@#@#43#(PHM)</phrase>
</title>
<node>
<test1>
<test2>
<para>
<ptxt>
<phrase category="" id="KC07310080" phrase-urn="urn:x-nevis:phrase:0800c8af81aa9655">Check the fuse #@#@#59#PHM).</phrase>
</ptxt>
</para>
<note>
<ptxt>
<phrase category="" id="KC07310081" phrase-urn="urn:x-nevis:phrase:0800c8af81aa9656">If the fuse has#@#@#221#gram.</phrase>
</ptxt>
</note>
<para>
<ptxt>
<phrase category="" id="KC07310082" phrase-urn="urn:x-nevis:phrase:0800c8af81aa9657">Check the phone#@#@#107#mage.</phrase>
</ptxt>
</para>
<para>
<ptxt>
<phrase category="" id="KC07310083" phrase-urn="urn:x-nevis:phrase:0800c8af81aa9658">Check the power#@#@#80#cuit.</phrase>
</ptxt>
</para>
<para>
<ptxt>
<phrase category="" id="KC07310084" phrase-urn="urn:x-nevis:phrase:0800c8af81aa9659">Check the groun#@#@#156#tion.</phrase>
</ptxt>
</para>
<para>
<ptxt>
<phrase category="" id="KC07310085" phrase-urn="urn:x-nevis:phrase:0800c8af81aa965a">Remedy as necessary.</phrase>
</ptxt>
</para>
<list1 enumtype="d" type="unordered">
<title>
<phrase category="" id="KC07310086" phrase-urn="urn:x-nevis:phrase:0800c8af81aa965b">Other information:</phrase>
</title>
<item>
<ptxt>
<phrase category="" id="KC07310087" phrase-urn="urn:x-nevis:phrase:0800c8af81aa965c">To access or re#@#@#16# see <xref>
<ref id="KC07310088"/>
</xref>
</phrase>
</ptxt>
</item>
<item>
<ptxt>
<phrase category="" id="KC07310089" phrase-urn="urn:x-nevis:phrase:0800c8af81aa965d">To access or re#@#@#40# see <xref>
<ref id="KC07310090"/>
</xref>
</phrase>
</ptxt>
</item>
<item>
<ptxt>
<phrase category="" id="KC07310091" phrase-urn="urn:x-nevis:phrase:0800c8af81aa965e">To connect the #@#@#13# see <xref>
<ref id="KC07310092"/>
</xref>
</phrase>
</ptxt>
</item>
<item>
<ptxt>
<phrase category="" id="KC07310093" phrase-urn="urn:x-nevis:phrase:0800c8af81aa965f">For information#@#@#30# see <xref>
<ref id="KC07310094"/>
</xref>
</phrase>
</ptxt>
</item>
<item>
<ptxt>
<phrase category="" id="KC07310095" phrase-urn="urn:x-nevis:phrase:0800c8af81aa9660">For information#@#@#36# see <xref>
<ref id="KC07310096"/>
</xref>.</phrase>
</ptxt>
</item>
</list1>
<diaglist>
<dgraphic>
<dgraphic1>
<graphic id="KC07310097">
<href>0900c8af8005444#@#@#9#.jpeg</href>
</graphic>
</dgraphic1>
<dgraphic2>
<graphic id="KC07310098">
<href>0900c8af80054d4#@#@#9#.jpeg</href>
</graphic>
<smarttool active="press" id="KC07310099" toolname="ODAH"/>
</dgraphic2>
</dgraphic>
<ditem>
<ditemtext>
<ptxt>
<phrase category="" id="KC07310100" phrase-urn="urn:x-nevis:phrase:0800c8af81aa963f"/>
</ptxt>
</ditemtext>
</ditem>
</diaglist>
</test2>
</test1>
<question>Was a fault det#@#@#1#cted?</question>
<resact-grp>
<result button="yes" comp="button" highlight="0"/>
<action j2008use="1" paperuse="1" screenuse="1">
<ptxt>
<xref>
<ref id="KC07310101"/>
</xref>
</ptxt>
</action>
</resact-grp>
<resact-grp>
<result button="no" comp="button"/>
<action>
<ptxt>
<xref>
<ref id="KC07310102"/>
</xref>
</ptxt>
</action>
</resact-grp>
</node>
</testgrp>
<testgrp id="KC01587146" j2008use="1" paperuse="1" resumable="1" screenuse="1" testgrp-id="node2" x="120" y="200">
<title>
<phrase category="" id="KC07310103" phrase-urn="urn:x-nevis:phrase:0800c8af81aa9640">Checking commun#@#@#30#(PHM)</phrase>
</title>
<node>
<test1>
<test2>
<hint>
<ptxt>
<phrase category="" id="KC07310104" phrase-urn="urn:x-nevis:phrase:0800c8af81aa9641">The CAN communi#@#@#172#race.</phrase>
</ptxt>
</hint>
<diaglist>
<dgraphic>
<dgraphic2>
<graphic id="KC07310105">
<href>0900c8af86c8681#@#@#9#.jpeg</href>
</graphic>
<smarttool active="press" id="KC07310106" toolname="XPHMIDB9"/>
</dgraphic2>
</dgraphic>
<ditem>
<ptxt>
<phrase category="" id="KC07310107" phrase-urn="urn:x-nevis:phrase:0800c8af81aa9642">Try to communic#@#@#63#le ID</phrase>
</ptxt>
</ditem>
<ditem>
<ptxt>
<phrase category="" id="KC07310108" phrase-urn="urn:x-nevis:phrase:0800c8af81aa9643">Click on the sy#@#@#32#g off</phrase>
</ptxt>
</ditem>
<ditem>
<ditemtext>
<ptxt>
<phrase category="" id="KC07310109" phrase-urn="urn:x-nevis:phrase:0800c8af81aa9644"/>
</ptxt>
</ditemtext>
</ditem>
</diaglist>
</test2>
</test1>
<question>Select Continue.</question>
<resact-grp>
<result button="cont" comp="button" highlight="0"/>
<action j2008use="1" paperuse="1" screenuse="1">
<ptxt>
<xref>
<ref id="KC07310110"/>
</xref>
</ptxt>
</action>
</resact-grp>
</node>
</testgrp>
<testgrp id="KC01587147" j2008use="1" paperuse="1" resumable="1" screenuse="1" testgrp-id="node3" x="120" y="320">
<title>
<phrase category="" id="KC07310111" phrase-urn="urn:x-nevis:phrase:0800c8af81aa9645"/>
</title>
<iecalloutnode>
<diagcallout>
<xref>
<ref id="KC07310112"/>
</xref>
</diagcallout>
<test1>
<test2/>
</test1>
<question/>
<resact-grp>
<result comp="string" highlight="0" op="eq" return="FAULT FOUND"/>
<action j2008use="1" paperuse="1" screenuse="1">
<return value="FAULT FOUND"/>
</action>
</resact-grp>
<resact-grp>
<result comp="string" highlight="0" op="eq" return="FAULTTRACING FAILED"/>
<action j2008use="1" paperuse="1" screenuse="1">
<return value="FAULTTRACING FAILED"/>
</action>
</resact-grp>
<resact-grp>
<result comp="string" highlight="0" op="eq" return="FAULT NOT FOUND"/>
<action j2008use="1" paperuse="1" screenuse="1">
<return value="FAULT NOT FOUND"/>
</action>
</resact-grp>
</iecalloutnode>
</testgrp>
<testgrp id="KC01587148" j2008use="1" paperuse="1" resumable="1" screenuse="1" testgrp-id="verif" x="360" y="80">
<title>
<phrase category="" id="KC07310113" phrase-urn="urn:x-nevis:phrase:0800c8af81aa9646">Checking the fu#@#@#27#(PHM)</phrase>
</title>
<node>
<test1>
<hint>
<ptxt>
<phrase category="" id="KC07310114" phrase-urn="urn:x-nevis:phrase:0800c8af81aa9647">After carrying #@#@#50#died.</phrase>
</ptxt>
</hint>
<diaglist>
<dgraphic>
<dgraphic1>
<graphic id="KC07310115">
<href>0900c8af80054d5#@#@#9#.jpeg</href>
</graphic>
</dgraphic1>
<dgraphic2>
<graphic id="KC07310116">
<href>0900c8af80054d7#@#@#9#.jpeg</href>
</graphic>
</dgraphic2>
</dgraphic>
<ditem>
<ptxt>
<phrase category="" id="KC07310117" phrase-urn="urn:x-nevis:phrase:0800c8af81aa9648">Ignition off</phrase>
</ptxt>
</ditem>
<ditem>
<ptxt>
<phrase category="" id="KC07310118" phrase-urn="urn:x-nevis:phrase:0800c8af81aa9649">Reconnect the c#@#@#30#nents</phrase>
</ptxt>
</ditem>
<ditem>
<ptxt>
<phrase category="" id="KC07310119" phrase-urn="urn:x-nevis:phrase:0800c8af81aa964a">Ignition on.</phrase>
</ptxt>
</ditem>
</diaglist>
<test2>
<para>
<ptxt>
<phrase category="" id="KC07310120" phrase-urn="urn:x-nevis:phrase:0800c8af81aa964b">Check that the #@#@#101#tton.</phrase>
</ptxt>
<ptxt>
<phrase category="" id="KC07310121" phrase-urn="urn:x-nevis:phrase:0800c8af81aa964c">The LED in the #@#@#104#DIM).</phrase>
</ptxt>
</para>
</test2>
</test1>
<question>Does the LED in#@#@#20#ight?</question>
<resact-grp>
<result button="yes" comp="button" highlight="0"/>
<action j2008use="1" paperuse="1" screenuse="1">
<return value="FAULT FOUND"/>
</action>
</resact-grp>
<resact-grp>
<result button="no" comp="button" highlight="0"/>
<action j2008use="1" paperuse="1" screenuse="1">
<ptxt>
<xref>
<ref id="KC07310122"/>
</xref>
</ptxt>
</action>
</resact-grp>
</node>
</testgrp>
<testgrp id="KC01587149" j2008use="1" paperuse="0" resumable="1" screenuse="1" testgrp-id="info" x="560" y="80">
<title>
<phrase category="" id="KC07310123" phrase-urn="urn:x-nevis:phrase:0800c8af81aa964d">Fault-tracing i#@#@#5#ation</phrase>
</title>
<subcalloutnode>
<diagcallout>
<xref>
<ref id="KC07310124"/>
</xref>
</diagcallout>
<rescall-grp>
<result comp="string" highlight="0" op="eq" return="FAULTTRACING FAILED"/>
<calloutaction>
<return value="FAULTTRACING FAILED"/>
</calloutaction>
</rescall-grp>
<rescall-grp>
<result comp="string" highlight="0" op="eq" return="NEW TRY"/>
<calloutaction>
<ptxt>
<xref>
<ref id="KC07310125"/>
</xref>
</ptxt>
</calloutaction>
</rescall-grp>
</subcalloutnode>
</testgrp>
</diagnostic>
</servinfosub>