<?xml version="1.0" encoding="UTF-8"?><servinfosub IE-ID="en-US0900c8af8652260d" docno="VCC-370516" id="nev13713852n1" original="sv-SE" servinfosubId="nev13713853n1-nev21432101n1" servinfosubRes="0900c8af86565e3c" servinfosubRes2="urn:x-nevis:fragment:0900c8af8652260d:0900c8af86565e3c#nev21432101n1" xml:lang="en-US">
<title id="nev13713849n94">Wiring harness #@#@#30#(SRS)</title>
<toolitemtable id="nev13713853n1-nev21497539n48">
<table id="nev13713853n1-nev21497539n47">
<tgroup cols="2" id="nev13713853n1-nev21497539n46">
<colspec colname="COLSPEC0" colwidth="1.00*" id="nev13713853n1-nev21497539n45"/>
<colspec colname="COLSPEC1" colwidth="1.00*" id="nev13713853n1-nev21497539n44"/>
<thead id="nev13713853n1-nev21497539n43">
<row id="nev13713853n1-nev21497539n42">
<entry id="nev13713853n1-nev21497539n41" nameend="COLSPEC1" namest="COLSPEC0" valign="top">
<ptxt id="nev13713853n1-nev21497539n40">
<emph id="nev13713853n1-nev21497539n39">Special tools</emph>
</ptxt>
</entry>
</row>
</thead>
<tbody id="nev13713853n1-nev21497539n38">
<row id="nev13713853n1-nev21497539n37">
<entry id="nev13713853n1-nev21497539n36">
<graphic id="nev13713853n1-nev21497539n35">
<href>0900c8af8005455#@#@#9#.jpeg</href>
</graphic>
</entry>
<entry id="nev13713853n1-nev21497539n34">
<ptxt id="nev13713853n1-nev21497539n33">
<emph id="nev13713853n1-nev21497539n32">951 2620 Stripp#@#@#16#ring)</emph>
</ptxt>
<ptxt id="nev13713853n1-nev21497539n30">
<emph id="nev13713853n1-nev21497539n29">Tool number:</emph>951 2620</ptxt>
<ptxt id="nev13713853n1-nev21497539n28">
<emph id="nev13713853n1-nev21497539n27">Tool description:</emph>Stripping tool #@#@#7#ring)</ptxt>
<ptxt id="nev13713853n1-nev21497539n25">
<emph id="nev13713853n1-nev21497539n24">Tool boards:</emph>39</ptxt>
</entry>
</row>
<row id="nev13713853n1-nev21497539n23">
<entry id="nev13713853n1-nev21497539n22">
<graphic id="nev13713853n1-nev21497539n21">
<href>0900c8af8005487#@#@#9#.jpeg</href>
</graphic>
</entry>
<entry id="nev13713853n1-nev21497539n20">
<ptxt id="nev13713853n1-nev21497539n19">
<emph id="nev13713853n1-nev21497539n18">951 2785 Crimpi#@#@#24#2669)</emph>
</ptxt>
<ptxt id="nev13713853n1-nev21497539n16">
<emph id="nev13713853n1-nev21497539n15">Tool number:</emph>951 2785</ptxt>
<ptxt id="nev13713853n1-nev21497539n14">
<emph id="nev13713853n1-nev21497539n13">Tool description:</emph>Crimping tool (#@#@#15#2669)</ptxt>
<ptxt id="nev13713853n1-nev21497539n11">
<emph id="nev13713853n1-nev21497539n10">Tool boards:</emph>39</ptxt>
</entry>
</row>
<row id="nev13713853n1-nev21497539n9">
<entry id="nev13713853n1-nev21497539n8">
<graphic id="nev13713853n1-nev21497539n7">
<href>0900c8af8044532#@#@#9#.jpeg</href>
</graphic>
</entry>
<entry id="nev13713853n1-nev21497539n6">
<ptxt id="nev13713853n1-nev21497539n5">
<emph id="nev13713853n1-nev21497539n4">951 2850 Hot ai#@#@#11#V US)</emph>
</ptxt>
<ptxt id="nev13713853n1-nev21497539n2">
<emph id="nev13713853n1-nev21497539n1">Tool number:</emph>951 2850</ptxt>
<ptxt id="nev13713853n1-nev21497605n100">
<emph id="nev13713853n1-nev21497605n99">Tool description:</emph>Hot air gun (11#@#@#2#V US)</ptxt>
<ptxt id="nev13713853n1-nev21497605n97">
<emph id="nev13713853n1-nev21497605n96">Tool boards:</emph>
</ptxt>
</entry>
</row>
<row id="nev13713853n1-nev21497605n95">
<entry id="nev13713853n1-nev21497605n94">
<graphic id="nev13713853n1-nev21497605n93">
<href>0900c8af8044533#@#@#9#.jpeg</href>
</graphic>
</entry>
<entry id="nev13713853n1-nev21497605n92">
<ptxt id="nev13713853n1-nev21497605n91">
<emph id="nev13713853n1-nev21497605n90">951 2851 Hot-ai#@#@#10#V UK)</emph>
</ptxt>
<ptxt id="nev13713853n1-nev21497605n88">
<emph id="nev13713853n1-nev21497605n87">Tool number:</emph>951 2851</ptxt>
<ptxt id="nev13713853n1-nev21497605n86">
<emph id="nev13713853n1-nev21497605n85">Tool description:</emph>Hot-air gun (22#@#@#1#V UK)</ptxt>
<ptxt id="nev13713853n1-nev21497605n83">
<emph id="nev13713853n1-nev21497605n82">Tool boards:</emph>08</ptxt>
</entry>
</row>
</tbody>
</tgroup>
</table>
</toolitemtable>
<procedure id="nev13713853n1-nev21432568n1">
<stepgrp boilerplate="false" context="" id="nev13713853n1-nev21497539n84">
<title id="nev13713853n1-0800c8af844a4708">Repair</title>
<procstep id="nev13713853n1-nev21441446n19">
<warning id="nev13713853n1-0800c8af844a483b">
<ptxt>Take extra care#@#@#57#ents.</ptxt>
</warning>
</procstep>
<procstep id="nev13713853n1-nev21441446n17">
<para id="nev13713853n1-nev21497539n82">
<ptxt id="nev13713853n1-nev21497539n83">Perform battery#@#@#24#cting<xref boilerplate="true" id="nev13713853n1-0800c8af847c5da5">
<ref id="nev13713853n1-nev21434469n23"/>
</xref>
</ptxt>
</para>
</procstep>
<procstep id="nev13713853n1-nev21441446n13">
<para id="nev13713853n1-nev21497539n80">
<ptxt id="nev13713853n1-nev21497539n81">See information#@#@#35#tment<xref boilerplate="true" id="nev13713853n1-0800c8af847ba0a2">
<ref id="nev13713853n1-nev21435766n88"/>
</xref>
</ptxt>
</para>
</procstep>
<procstep id="nev13713853n1-nev21441446n9">
<para id="nev13713853n1-nev21497539n78">
<ptxt id="nev13713853n1-nev21497539n79">See information#@#@#17#leeve<xref boilerplate="true" id="nev13713853n1-0800c8af846cf328">
<ref id="nev13713853n1-nev21434549n27"/>
</xref>
</ptxt>
</para>
</procstep>
<procstep id="nev13713853n1-nev21474374n58">
<note id="nev13713853n1-0800c8af844a42f9">
<ptxt>Only work on 1 #@#@#11#time.</ptxt>
</note>
</procstep>
<procstep id="nev13713853n1-nev21441446n5">
<grate id="nev13713853n1-nev21497539n76">
<graphic id="nev13713853n1-nev21497539n77">
<href>0900c8af86522a9#@#@#9#.jpeg</href>
</graphic>
<graphtext id="nev13713853n1-nev21497630n1">
<caution id="nev13713853n1-0800c8af865265db">
<ptxt>Max allowed “un#@#@#42#0 mm.</ptxt>
</caution>
</graphtext>
</grate>
</procstep>
<procstep id="nev13713853n1-nev21441450n52">
<grate id="nev13713853n1-nev21497539n74">
<graphic id="nev13713853n1-nev21497539n75">
<href>0900c8af8652697#@#@#9#.jpeg</href>
</graphic>
<graphtext id="nev13713853n1-nev21497634n1">
<caution id="nev13713853n1-0800c8af8636bfed">
<ptxt>Make sure to pl#@#@#34#hows.</ptxt>
</caution>
</graphtext>
</grate>
</procstep>
<procstep id="nev13713853n1-nev21441446n2">
<grate id="nev13713853n1-nev21497539n72">
<graphic id="nev13713853n1-nev21497539n73">
<href>0900c8af8466371#@#@#9#.jpeg</href>
</graphic>
<graphtext id="nev13713853n1-nev21497638n1">
<para id="nev13713853n1-nev21497539n70">
<ptxt id="nev13713853n1-nev21497539n71">
<toolitem boilerplate="true" id="nev13713853n1-nev21441450n46" imageid="0900c8af80054553"/>
</ptxt>
</para>
</graphtext>
</grate>
</procstep>
<procstep id="nev13713853n1-nev21441449n96">
<grate id="nev13713853n1-nev21497539n68">
<graphic id="nev13713853n1-nev21497539n69">
<href>0900c8af8466374#@#@#9#.jpeg</href>
</graphic>
<graphtext id="nev13713853n1-nev21497645n1">
<caution id="nev13713853n1-0800c8af851608e0">
<ptxt>Make sure that #@#@#33#ctly.</ptxt>
</caution>
</graphtext>
</grate>
</procstep>
<procstep id="nev13713853n1-nev21441449n92">
<grate id="nev13713853n1-nev21497539n66">
<graphic id="nev13713853n1-nev21497539n67">
<href>0900c8af8466376#@#@#9#.jpeg</href>
</graphic>
<graphtext id="nev13713853n1-nev21497649n1">
<para id="nev13713853n1-nev21497539n64">
<ptxt id="nev13713853n1-nev21497539n65">
<toolitem boilerplate="true" id="nev13713853n1-nev21441450n38" imageid="0900c8af8005487e"/>
</ptxt>
</para>
</graphtext>
</grate>
</procstep>
<procstep id="nev13713853n1-nev21441449n86">
<grate id="nev13713853n1-nev21497539n62">
<graphic id="nev13713853n1-nev21497539n63">
<href>0900c8af8652610#@#@#9#.jpeg</href>
</graphic>
<graphtext id="nev13713853n1-nev21497656n1">
<para id="nev13713853n1-nev21497539n60">
<ptxt id="nev13713853n1-nev21497539n61">
<toolitem boilerplate="true" id="nev13713853n1-nev21441450n33" imageid="0900c8af8005487e"/>
</ptxt>
</para>
</graphtext>
</grate>
</procstep>
<procstep id="nev13713853n1-nev21441449n80">
<grate id="nev13713853n1-nev21497539n58">
<graphic id="nev13713853n1-nev21497539n59">
<href>0900c8af8466376#@#@#9#.jpeg</href>
</graphic>
<graphtext id="nev13713853n1-nev21497663n1">
<caution id="nev13713853n1-0800c8af845a0893">
<ptxt>Make sure that #@#@#46#heat.</ptxt>
</caution>
<para id="nev13713853n1-nev21497539n56">
<ptxt id="nev13713853n1-nev21497539n57">
<toolitem boilerplate="true" id="nev13713853n1-nev21441450n27" imageid="0900c8af8044532f"/>
<toolitem boilerplate="false" id="nev13713853n1-nev21441450n26" imageid="0900c8af80445332"/>
<toolitem boilerplate="false" id="nev13713853n1-nev21441450n25" imageid="0900c8af80445332"/>
</ptxt>
</para>
</graphtext>
</grate>
</procstep>
<procstep id="nev13713853n1-nev21441449n71">
<grate id="nev13713853n1-nev21497539n54">
<graphic id="nev13713853n1-nev21497539n55">
<href>0900c8af8466371#@#@#9#.jpeg</href>
</graphic>
</grate>
</procstep>
</stepgrp>
<stepgrp boilerplate="false" context="" id="nev13713853n1-nev21497539n53">
<title id="nev13713853n1-0800c8af844a46f9">Installation</title>
<procstep id="nev13713853n1-nev21441449n66">
<para id="nev13713853n1-nev21497539n51">
<ptxt id="nev13713853n1-nev21497539n52">To install, rev#@#@#22#dure.</ptxt>
</para>
</procstep>
<procstep id="nev13713853n1-nev21441449n63">
<para id="nev13713853n1-nev21497539n49">
<ptxt id="nev13713853n1-nev21497539n50">Perform supplem#@#@#35#check<xref boilerplate="true" id="nev13713853n1-0800c8af8453065c">
<ref id="nev13713853n1-nev21487965n91"/>
</xref>
</ptxt>
</para>
</procstep>
</stepgrp>
</procedure>
</servinfosub>