<?xml version="1.0" encoding="UTF-8"?><script xmlns:nevis="http://www.volvocars.com/namespaces/processing" xmlns:xlink="http://www.w3.org/1999/xlink" IE-ID="en-US0900c8af87eb360d" docno="VCC-501989" id="nev27684120n1" nevis:expl-profile="mdl120yr2018" nevis:profile="urn:x-nevis:profile:0b00c8af877ef42d" nevis:projectdocument="urn:x-nevis:projectdocument:0800c8af87a39540" nevis:resource="0900c8af87eb361b" nevis:resource2="urn:x-nevis:fragment:0900c8af87eb360d:0900c8af87eb361b#nev27684120n1" nevis:session-id="" qualifierinfotype="14:06" xml:lang="en-US"><title id="nev27684120n2"><phrase category="Title" id="nev27684120n3" phrase-urn="urn:x-nevis:phrase:0800c8af86f03262">Component test:</phrase><phrase category="Generic Component" id="nev27684120n4" phrase-urn="urn:x-nevis:phrase:0800c8af869fa706">Rear console sw#@#@#11# RCSM</phrase></title><content id="nev27684120n5-nev27684121n1" nevis:expl-profile="mdl120yr2018" nevis:idfrom="nev27684120n5" nevis:prefix="nev27684120n5" nevis:profile="urn:x-nevis:profile:0b00c8af877ef42d" nevis:resource="0900c8af87eb3619" nevis:resource2="urn:x-nevis:fragment:0900c8af87eb360d:0900c8af87eb3619#nev27684121n1" xml:lang="en-US"><nodes id="nev27684120n5-nev27684121n2"/><SpaScript Id="4b7159da-98df-4230-98ef-12e4c5278aab" Name="Component test: Rear console switch module RCSM " Type="FaultTracing" id="nev27684120n5-nev28785815n1"><Module Annotation="First determine if the rear console switch module have built-in diagnostics.&#xD;&#xA;RSHC = module with buttons for rear seating (2 zone climate).&#xD;&#xA;RSHC has no built-in diagnostic in v526.&#xD;&#xA;RCSM = module with touch display (4 zone climate)" IsEventHandler="false" Name="Main" id="nev27684120n5-nev28785816n1"><Variable Annotation="" Id="start_text" Scope="Local" Type="InfoDisplay" id="nev27684120n5-nev28785817n1"><Value Type="InfoDisplayVariable" id="nev27684120n5-nev28785818n1"><infoDisplay id="nev27684120n5-nev27684121n7"><title id="nev27684120n5-nev27684121n8"><phrase category="Title" id="nev27684120n5-nev27684121n9" phrase-urn="urn:x-nevis:phrase:0800c8af81adba8a">Information</phrase></title><para id="nev27684120n5-nev27684121n10"><phrase category="Faulttracing" id="nev27684120n5-nev27684122n1" phrase-urn="urn:x-nevis:phrase:0800c8af86ebe10b">This test check#@#@#51#erly.</phrase></para><para id="nev27684120n5-nev27684122n2"><phrase category="Faulttracing" id="nev27684120n5-nev27684122n3" phrase-urn="urn:x-nevis:phrase:0800c8af86ebe10c">The rear consol#@#@#72#ment.</phrase></para><para id="nev27684120n5-nev27684122n4"><phrase category="Faulttracing" id="nev27684120n5-nev27684122n5" phrase-urn="urn:x-nevis:phrase:0800c8af86ebe10d">Click the butto#@#@#26#test.</phrase></para></infoDisplay></Value></Variable><Component Annotation="" ComponentId="DisplayInformation7" id="nev27684120n5-nev28785819n1"><DisplayInformation id="nev27684120n5-nev28785820n1"><Input ButtonType="0" InfoDisplay="{start_text}" id="nev27684120n5-nev28785821n1"/></DisplayInformation></Component><Component Annotation="Read carconfig HVAC variants" ComponentId="ReadParameter_HVAC_variants" id="nev27684120n5-nev28785822n1"><ReadParameter id="nev27684120n5-nev28785823n1"><Input DID="F106" Delay="500" EcuID="CEM" ErrorHandlingType="2" ParameterID="1086020" Retries="0" id="nev27684120n5-nev28785824n1"/></ReadParameter></Component><Variable Annotation="" Id="Input" Scope="Input" Type="FaultTracing.Input" id="nev27684120n5-nev28785825n1"/><If Annotation="2 zone climate?" LogicId="If5" id="nev27684120n5-nev28785826n1"><LogicStatement Expression="ReadParameter_HVAC_variants_Result.Parameter.Raw == &#34;01&#34;" id="nev27684120n5-nev28785827n1"/><True id="nev27684120n5-nev28785828n1"><Component ComponentId="CallModule6" id="nev27684120n5-nev28785829n1"><CallModule id="nev27684120n5-nev28785830n1"><Input Module="RSHC_specific_module" id="nev27684120n5-nev28785831n1"/></CallModule></Component></True><Else id="nev27684120n5-nev28785832n1"><Component Annotation="Generic test to inform about the DTC condition for faulttracing this cmponent." ComponentId="CallModule_GenericComponentTest" id="nev27684120n5-nev28785833n1"><CallModule id="nev27684120n5-nev28785834n1"><Input Module="GenericComponentTest" id="nev27684120n5-nev28785835n1"><Arg Value="{Input}" id="nev27684120n5-nev28785836n1"/></Input></CallModule></Component><Component ComponentId="CallModule5" id="nev27684120n5-nev28785837n1"><CallModule id="nev27684120n5-nev28785838n1"><Input Module="RCSM_specific_module" id="nev27684120n5-nev28785839n1"/></CallModule></Component></Else></If></Module><Module IsEventHandler="false" Name="Final" id="nev27684120n5-nev28785840n1"/><Module Annotation="Do not touch!" IsEventHandler="false" Name="GenericComponentTest" id="nev27684120n5-nev28785841n1"><Variable Annotation="" Id="InfoDisplayFromGenericLogic" Scope="Local" Type="InfoDisplay" id="nev27684120n5-nev28785842n1"><Value Type="InfoDisplayVariable" id="nev27684120n5-nev28785843n1"><infoDisplay id="nev27684120n5-nev27684125n1"/></Value></Variable><Variable Annotation="" Id="DTCs" Scope="Input" Type="List[String]" id="nev27684120n5-nev28785844n1"/><Component ComponentId="Logger_running_generic" id="nev27684120n5-nev28785845n1"><Logger id="nev27684120n5-nev28785846n1"><Input Text="Running module GenericComponenttest in component test 14:06..........   --- Version: 2015-01-23," id="nev27684120n5-nev28785847n1"/></Logger></Component><Component Annotation="Run the Generic Logic 14:00" ComponentId="RunScript_generic_logic" id="nev27684120n5-nev28785848n1"><RunScript id="nev27684120n5-nev28785849n1"><Input id="nev27684120n5-nev28785850n1"><NevisLink ProjectDocumentId="0800c8af86b6bb5c" VCCNumber="VCC-479232-1" VariantId="0900c8af86b6bb6b" id="nev27684120n5-nev28785851n1"/><Contract id="nev27684120n5-nev28785852n1"><InputVariable Name="DTC_input_data" Type="FaultTracing.Input" id="nev27684120n5-nev28785853n1"/><OutputVariable Name="Error" Type="Double" id="nev27684120n5-nev28785854n1"/><OutputVariable Name="ReturnInfoDisplay" Type="InfoDisplay" id="nev27684120n5-nev28785855n1"/><OutputVariable Name="Only_UC_since_LC" Type="Double" id="nev27684120n5-nev28785856n1"/><OutputVariable Name="TF_since_LC_TestPassedNow" Type="Double" id="nev27684120n5-nev28785857n1"/><OutputVariable Name="TF_since_LC_TestNotRunning" Type="Double" id="nev27684120n5-nev28785858n1"/><OutputVariable Name="TF_since_LC_and_UC_this_OC" Type="Double" id="nev27684120n5-nev28785859n1"/><OutputVariable Name="FaultFreeComponent" Type="Double" id="nev27684120n5-nev28785860n1"/></Contract><Arguments InputValue1="{DTCs}" id="nev27684120n5-nev28785861n1"/><NevisXRef id="nev27684120n5-nev27684126n10"><ref id="nev27684120n5-nev27684127n1"><locator xlink:href="#nev27684120n5-nev27684127n1" xlink:type="locator"/><locator xlink:href="urn:x-nevis:xref:0800c8af86b6bb5c:00000000:00000000#nev22873702n1" xlink:type="locator"/><arc nevis:href="urn:x-nevis:xref:0800c8af86b6bb5c:00000000:00000000#nev22873702n1" xlink:title="VCC-479232, Generic logic for component test" xlink:type="arc"/></ref></NevisXRef></Input></RunScript></Component><If Annotation="if no error show generic info about DTC status for component" LogicId="If_no_error" id="nev27684120n5-nev28785864n1"><LogicStatement Expression="RunScript_generic_logic_Result.Error == False" id="nev27684120n5-nev28785865n1"/><True id="nev27684120n5-nev28785866n1"><Component ComponentId="Logger_showing_infodisplay" id="nev27684120n5-nev28785867n1"><Logger id="nev27684120n5-nev28785868n1"><Input Text="Showing information from generic logic script" id="nev27684120n5-nev28785869n1"/></Logger></Component><Component Annotation="From infodisplay returned by generic logic to a local infodisplay variable due to a bug in SPASE " ComponentId="AssignValue_Infodisplay" id="nev27684120n5-nev28785870n1"><AssignValue id="nev27684120n5-nev28785871n1"><Input AssignTo="{InfoDisplayFromGenericLogic}" Value="{RunScript_generic_logic_Result ReturnInfoDisplay}" id="nev27684120n5-nev28785872n1"/></AssignValue></Component><Component Annotation="Result from the generic logic 14:00" ComponentId="DisplayInformation_FromGenericLogic" id="nev27684120n5-nev28785873n1"><DisplayInformation id="nev27684120n5-nev28785874n1"><Input ButtonType="0" InfoDisplay="{InfoDisplayFromGenericLogic}" id="nev27684120n5-nev28785875n1"/></DisplayInformation></Component><If Annotation="If component only has unconfirmed DTC" LogicId="If_OnlyUnconfirmed" id="nev27684120n5-nev28785876n1"><LogicStatement Expression="RunScript_generic_logic_Result.Only_UC_since_LC == True" id="nev27684120n5-nev28785877n1"/><True id="nev27684120n5-nev28785878n1"><Component ComponentId="Logger_onlyUnconfirmed" id="nev27684120n5-nev28785879n1"><Logger id="nev27684120n5-nev28785880n1"><Input Text="The component Test 14:06, Module: GenericcomponentTest is now starting the 14:00 generic script for only unconfirmed since generic logic responded that there was only unconfirmed DTC" id="nev27684120n5-nev28785881n1"/></Logger></Component><Component Annotation="Generic Logic only for unconfirmed faulttracing" ComponentId="RunScript_OnlyUnconfirmed" id="nev27684120n5-nev28785882n1"><RunScript id="nev27684120n5-nev28785883n1"><Input id="nev27684120n5-nev28785884n1"><NevisLink ProjectDocumentId="0800c8af86bbe0d4" VCCNumber="VCC-479592-1" VariantId="0900c8af86bbddf9" id="nev27684120n5-nev28785885n1"/><Contract id="nev27684120n5-nev28785886n1"><InputVariable Name="AttemptNo" Type="Double" id="nev27684120n5-nev28785887n1"/><InputVariable Name="DTCs" Type="List[String]" id="nev27684120n5-nev28785888n1"/><OutputVariable Name="Verified" Type="Double" id="nev27684120n5-nev28785889n1"/><OutputVariable Name="ReturningInfodisplay" Type="InfoDisplay" id="nev27684120n5-nev28785890n1"/></Contract><Arguments InputValue1="1" InputValue2="{DTCs}" id="nev27684120n5-nev28785891n1"/><NevisXRef id="nev27684120n5-nev27684129n10"><ref id="nev27684120n5-nev27684130n1"><locator xlink:href="#nev27684120n5-nev27684130n1" xlink:type="locator"/><locator xlink:href="urn:x-nevis:xref:0800c8af86bbe0d4:00000000:00000000#nev22964386n1" xlink:type="locator"/><arc nevis:href="urn:x-nevis:xref:0800c8af86bbe0d4:00000000:00000000#nev22964386n1" xlink:title="VCC-479592, GenericLogicForOnlyUnconfirmedComponentTest" xlink:type="arc"/></ref></NevisXRef></Input></RunScript></Component><Component ComponentId="AssignValue_infodisplay" id="nev27684120n5-nev28785895n1"><AssignValue id="nev27684120n5-nev28785896n1"><Input AssignTo="{InfoDisplayFromGenericLogic}" Value="{RunScript_OnlyUnconfirmed_Result ReturningInfodisplay}" id="nev27684120n5-nev28785897n1"/></AssignValue></Component><Component ComponentId="DisplayInformation_ResultOnlyUnconfirmed" id="nev27684120n5-nev28785898n1"><DisplayInformation id="nev27684120n5-nev28785899n1"><Input ButtonType="0" InfoDisplay="{InfoDisplayFromGenericLogic}" id="nev27684120n5-nev28785900n1"/></DisplayInformation></Component><If Annotation="Verified ?" LogicId="If1" id="nev27684120n5-nev28785901n1"><LogicStatement Expression="RunScript_OnlyUnconfirmed_Result.Verified == True" id="nev27684120n5-nev28785902n1"/><True id="nev27684120n5-nev28785903n1"><Component Annotation="Verified" ComponentId="Logger_finished" id="nev27684120n5-nev28785904n1"><Logger id="nev27684120n5-nev28785905n1"><Input Text="Generic fault tracing instructions for only unconfirmed fault finished. the fault is verified..." id="nev27684120n5-nev28785906n1"/></Logger></Component></True><Else id="nev27684120n5-nev28785907n1"><Component ComponentId="Logger_NotVerifiedRetry2" id="nev27684120n5-nev28785908n1"><Logger id="nev27684120n5-nev28785909n1"><Input Text="The only unconfirmed fault is not verified... Running onlyUnconfirmedScript 14:00 one more time..." id="nev27684120n5-nev28785910n1"/></Logger></Component><Component Annotation="Second try" ComponentId="RunScriptUnconfirmed_2" id="nev27684120n5-nev28785911n1"><RunScript id="nev27684120n5-nev28785912n1"><Input id="nev27684120n5-nev28785913n1"><NevisLink ProjectDocumentId="0800c8af86bbe0d4" VCCNumber="VCC-479592-1" VariantId="0900c8af86bbddf9" id="nev27684120n5-nev28785914n1"/><Contract id="nev27684120n5-nev28785915n1"><InputVariable Name="AttemptNo" Type="Double" id="nev27684120n5-nev28785916n1"/><InputVariable Name="DTCs" Type="List[String]" id="nev27684120n5-nev28785917n1"/><OutputVariable Name="Verified" Type="Double" id="nev27684120n5-nev28785918n1"/><OutputVariable Name="ReturningInfodisplay" Type="InfoDisplay" id="nev27684120n5-nev28785919n1"/></Contract><Arguments InputValue1="2" InputValue2="{DTCs}" id="nev27684120n5-nev28785920n1"/><NevisXRef id="nev27684120n5-nev27684132n8"><ref id="nev27684120n5-nev27684132n9"><locator xlink:href="#nev27684120n5-nev27684132n9" xlink:type="locator"/><locator xlink:href="urn:x-nevis:xref:0800c8af86bbe0d4:00000000:00000000#nev22964386n1" xlink:type="locator"/><arc nevis:href="urn:x-nevis:xref:0800c8af86bbe0d4:00000000:00000000#nev22964386n1" xlink:title="VCC-479592, GenericLogicForOnlyUnconfirmedComponentTest" xlink:type="arc"/></ref></NevisXRef></Input></RunScript></Component><Component Annotation="" ComponentId="AssignValue_infodisplay2" id="nev27684120n5-nev28785924n1"><AssignValue id="nev27684120n5-nev28785925n1"><Input AssignTo="{InfoDisplayFromGenericLogic}" Value="{RunScriptUnconfirmed_2_Result ReturningInfodisplay}" id="nev27684120n5-nev28785926n1"/></AssignValue></Component><Component ComponentId="DisplayInformation_ResultUC_2" id="nev27684120n5-nev28785927n1"><DisplayInformation id="nev27684120n5-nev28785928n1"><Input ButtonType="0" InfoDisplay="{InfoDisplayFromGenericLogic}" id="nev27684120n5-nev28785929n1"/></DisplayInformation></Component></Else></If></True><Else id="nev27684120n5-nev28785930n1"/></If></True><Else id="nev27684120n5-nev28785931n1"><Component ComponentId="Logger_error" id="nev27684120n5-nev28785932n1"><Logger id="nev27684120n5-nev28785933n1"><Input Text="Error! Something is wrong in generic logic14:00 script, no condition is true. disabling viewing of the generic information, continueing directly to specific fault tracing..." id="nev27684120n5-nev28785934n1"/></Logger></Component></Else></If><Component ComponentId="Logger_Finished" id="nev27684120n5-nev28785935n1"><Logger id="nev27684120n5-nev28785936n1"><Input Text="Generic module in 14:06 component test is finished, continuing with specific tests...." id="nev27684120n5-nev28785937n1"/></Logger></Component></Module><Module IsEventHandler="false" Name="RSHC_specific_module" id="nev27684120n5-nev28785938n1"><Variable Annotation="" Id="RSHC_information_text" Scope="Local" Type="InfoDisplay" id="nev27684120n5-nev28785939n1"><Value Type="InfoDisplayVariable" id="nev27684120n5-nev28785940n1"><infoDisplay id="nev27684120n5-nev27684134n7"><title id="nev27684120n5-nev27684134n8"><phrase category="Title" id="nev27684120n5-nev27684134n9" phrase-urn="urn:x-nevis:phrase:0800c8af81adba8a">Information</phrase></title><para id="nev27684120n5-nev27684134n10"><b id="nev27684120n5-nev27684135n1"><phrase category="Title" id="nev27684120n5-nev27684135n2" phrase-urn="urn:x-nevis:phrase:0800c8af86ebe10e">Rear console sw#@#@#24#ttons</phrase></b></para><para id="nev27684120n5-nev27684135n3"><phrase category="Faulttracing" id="nev27684120n5-nev27820633n1" phrase-urn="urn:x-nevis:phrase:0800c8af87acce3a">The rear consol#@#@#59#stem.</phrase></para><para id="nev27684120n5-nev27684135n5"><phrase category="Faulttracing" id="nev27684120n5-nev27684135n6" phrase-urn="urn:x-nevis:phrase:0800c8af86ebe110">If the seat hea#@#@#152#nent.</phrase></para><list id="nev27684120n5-nev27684135n7"><li id="nev27684120n5-nev27684135n8"><phrase category="Faulttracing" id="nev27684120n5-nev27684135n9" phrase-urn="urn:x-nevis:phrase:0800c8af81eb92b4">Check the fuse.</phrase></li><li id="nev27684120n5-nev27684135n10"><phrase category="Faulttracing" id="nev27684120n5-nev27684136n1" phrase-urn="urn:x-nevis:phrase:0800c8af86ebe111">Check the wirin#@#@#12#tors.</phrase></li><li id="nev27684120n5-nev27684136n2"><phrase category="Faulttracing" id="nev27684120n5-nev27684136n3" phrase-urn="urn:x-nevis:phrase:0800c8af86ebe112">Fault trace oth#@#@#66#stem.</phrase></li></list></infoDisplay></Value></Variable><Component Annotation="" ComponentId="DisplayInformation4" id="nev27684120n5-nev28785941n1"><DisplayInformation id="nev27684120n5-nev28785942n1"><Input ButtonType="0" InfoDisplay="{RSHC_information_text}" id="nev27684120n5-nev28785943n1"/></DisplayInformation></Component></Module><Module IsEventHandler="false" Name="RCSM_specific_module" id="nev27684120n5-nev28785944n1"><Variable Annotation="" Id="LIN_error_text" Scope="Local" Type="InfoDisplay" id="nev27684120n5-nev28785945n1"><Value Type="InfoDisplayVariable" id="nev27684120n5-nev28785946n1"><infoDisplay id="nev27684120n5-nev27684136n10"><title id="nev27684120n5-nev27684137n1"><phrase category="Title" id="nev27684120n5-nev27684137n2" phrase-urn="urn:x-nevis:phrase:0800c8af81adba8a">Information</phrase></title><para id="nev27684120n5-nev27684137n3"><b id="nev27684120n5-nev27684137n4"><phrase category="Title" id="nev27684120n5-nev27684137n5" phrase-urn="urn:x-nevis:phrase:0800c8af86e00e78">LIN-bus error</phrase></b></para><para id="nev27684120n5-nev27684137n6"><phrase category="Faulttracing" id="nev27684120n5-nev27684137n7" phrase-urn="urn:x-nevis:phrase:0800c8af86e00f0e">One or more DTC#@#@#99#sent.</phrase></para><para id="nev27684120n5-nev27684137n8"><phrase category="Faulttracing" id="nev27684120n5-nev27684137n9" phrase-urn="urn:x-nevis:phrase:0800c8af86c95b8d">Analyze the DTC#@#@#39#dule.</phrase><phrase category="Faulttracing" id="nev27684120n5-nev27684137n10" phrase-urn="urn:x-nevis:phrase:0800c8af86ec5c32">Use the DTC cou#@#@#89#DTCs.</phrase><phrase category="Faulttracing" id="nev27684120n5-nev27684138n1" phrase-urn="urn:x-nevis:phrase:0800c8af86c95bae">Determine if th#@#@#95#toms.</phrase><phrase category="Faulttracing" id="nev27684120n5-nev27684138n2" phrase-urn="urn:x-nevis:phrase:0800c8af86c95bc8">If the DTC has #@#@#129#toms.</phrase></para></infoDisplay></Value></Variable><Variable Annotation="" Id="RCSM_voltage_error" Scope="Local" Type="InfoDisplay" id="nev27684120n5-nev28785947n1"><Value Type="InfoDisplayVariable" id="nev27684120n5-nev28785948n1"><infoDisplay id="nev27684120n5-nev27684138n5"><title id="nev27684120n5-nev27684138n6"><phrase category="Title" id="nev27684120n5-nev27684138n7" phrase-urn="urn:x-nevis:phrase:0800c8af81adba8a">Information</phrase></title><para id="nev27684120n5-nev27684138n8"><b id="nev27684120n5-nev27684138n9"><phrase category="Faulttracing" id="nev27684120n5-nev27684138n10" phrase-urn="urn:x-nevis:phrase:0800c8af858a6ad4">Voltage too hig#@#@#8# low.</phrase></b></para><para id="nev27684120n5-nev27684139n1"><phrase category="Faulttracing" id="nev27684120n5-nev27684139n2" phrase-urn="urn:x-nevis:phrase:0800c8af86ec05c2">The built-in di#@#@#74# low.</phrase><phrase category="Faulttracing" id="nev27684120n5-nev27684139n3" phrase-urn="urn:x-nevis:phrase:0800c8af86ec05c3">This error is n#@#@#33#tage.</phrase><phrase category="Faulttracing" id="nev27684120n5-nev27684139n4" phrase-urn="urn:x-nevis:phrase:0800c8af86ec05c4">Perform the fol#@#@#51#nent.</phrase></para><list id="nev27684120n5-nev27684139n5"><li id="nev27684120n5-nev27684139n6"><phrase category="Faulttracing" id="nev27684120n5-nev27684139n7" phrase-urn="urn:x-nevis:phrase:0800c8af81eb9136">Check the batte#@#@#6#tage.</phrase></li><li id="nev27684120n5-nev27684139n8"><phrase category="Faulttracing" id="nev27684120n5-nev27684139n9" phrase-urn="urn:x-nevis:phrase:0800c8af86ebe111">Check the wirin#@#@#12#tors.</phrase></li></list></infoDisplay></Value></Variable><Variable Annotation="" Id="RCSM_no_DTC_text" Scope="Local" Type="InfoDisplay" id="nev27684120n5-nev28785949n1"><Value Type="InfoDisplayVariable" id="nev27684120n5-nev28785950n1"><infoDisplay id="nev27684120n5-nev27684140n2"><title id="nev27684120n5-nev27684140n3"><phrase category="Title" id="nev27684120n5-nev27684140n4" phrase-urn="urn:x-nevis:phrase:0800c8af81adba8a">Information</phrase></title><para id="nev27684120n5-nev27684140n5"><b id="nev27684120n5-nev27684140n6"><phrase category="Condition" id="nev27684120n5-nev27684140n7" phrase-urn="urn:x-nevis:phrase:0800c8af81923e24">No DTCs stored.</phrase></b></para><para id="nev27684120n5-nev27684140n8"><phrase category="Faulttracing" id="nev27684120n5-nev27684140n9" phrase-urn="urn:x-nevis:phrase:0800c8af86ec05cd">There are no se#@#@#63#ulty.</phrase><phrase category="Faulttracing" id="nev27684120n5-nev27684140n10" phrase-urn="urn:x-nevis:phrase:0800c8af86ec05c4">Perform the fol#@#@#51#nent.</phrase></para><list id="nev27684120n5-nev27684141n1"><li id="nev27684120n5-nev27684141n2"><phrase category="Faulttracing" id="nev27684120n5-nev27684141n3" phrase-urn="urn:x-nevis:phrase:0800c8af81eb92b4">Check the fuse.</phrase></li><li id="nev27684120n5-nev27684141n4"><phrase category="Faulttracing" id="nev27684120n5-nev27684141n5" phrase-urn="urn:x-nevis:phrase:0800c8af86ebe111">Check the wirin#@#@#12#tors.</phrase></li><li id="nev27684120n5-nev27684141n6"><phrase category="Faulttracing" id="nev27684120n5-nev27684141n7" phrase-urn="urn:x-nevis:phrase:0800c8af86ebe112">Fault trace oth#@#@#66#stem.</phrase></li></list></infoDisplay></Value></Variable><Variable Annotation="" Id="RCSM_no_fault_text" Scope="Local" Type="InfoDisplay" id="nev27684120n5-nev28785951n1"><Value Type="InfoDisplayVariable" id="nev27684120n5-nev28785952n1"><infoDisplay id="nev27684120n5-nev27684141n10"><title id="nev27684120n5-nev27684142n1"><phrase category="Title" id="nev27684120n5-nev27684142n2" phrase-urn="urn:x-nevis:phrase:0800c8af81adba8a">Information</phrase></title><para id="nev27684120n5-nev27684142n3"><b id="nev27684120n5-nev27684142n4"><phrase category="Title" id="nev27684120n5-nev27684142n5" phrase-urn="urn:x-nevis:phrase:0800c8af86a9a334">No fault found</phrase></b></para><para id="nev27684120n5-nev27684142n6"><phrase category="Faulttracing" id="nev27684120n5-nev27684142n7" phrase-urn="urn:x-nevis:phrase:0800c8af86ec05c7">The built-in di#@#@#99# now.</phrase></para><para id="nev27684120n5-nev27684142n8"><phrase category="Faulttracing" id="nev27684120n5-nev27684142n9" phrase-urn="urn:x-nevis:phrase:0800c8af86c95b8d">Analyze the DTC#@#@#39#dule.</phrase><phrase category="Faulttracing" id="nev27684120n5-nev27684142n10" phrase-urn="urn:x-nevis:phrase:0800c8af86ec5c32">Use the DTC cou#@#@#89#DTCs.</phrase><phrase category="Faulttracing" id="nev27684120n5-nev27684143n1" phrase-urn="urn:x-nevis:phrase:0800c8af86c95bae">Determine if th#@#@#95#toms.</phrase><phrase category="Faulttracing" id="nev27684120n5-nev27684143n2" phrase-urn="urn:x-nevis:phrase:0800c8af86c95bc8">If the DTC has #@#@#129#toms.</phrase></para></infoDisplay></Value></Variable><Variable Annotation="" Id="RCSM_internal_fault_text" Scope="Local" Type="InfoDisplay" id="nev27684120n5-nev28785953n1"><Value Type="InfoDisplayVariable" id="nev27684120n5-nev28785954n1"><infoDisplay id="nev27684120n5-nev27684143n5"><title id="nev27684120n5-nev27684143n6"><phrase category="Title" id="nev27684120n5-nev27684143n7" phrase-urn="urn:x-nevis:phrase:0800c8af81adba8a">Information</phrase></title><para id="nev27684120n5-nev27684143n8"><b id="nev27684120n5-nev27684143n9"><phrase category="Title" id="nev27684120n5-nev27684143n10" phrase-urn="urn:x-nevis:phrase:0800c8af81eb9a71">Internal fault</phrase></b></para><para id="nev27684120n5-nev27684144n1"><phrase category="Faulttracing" id="nev27684120n5-nev27684144n2" phrase-urn="urn:x-nevis:phrase:0800c8af86ec05c0">The built-in di#@#@#71#nent.</phrase></para><para id="nev27684120n5-nev27684144n3"><phrase category="Faulttracing" id="nev27684120n5-nev27684144n4" phrase-urn="urn:x-nevis:phrase:0800c8af86ec05c1">Replace the com#@#@#2#nent.</phrase></para></infoDisplay></Value></Variable><Component Annotation="Run DTC_active script on D3468F" ComponentId="Check_D3468F" id="nev27684120n5-nev28785955n1"><RunScript id="nev27684120n5-nev28785956n1"><Input id="nev27684120n5-nev28785957n1"><NevisLink ProjectDocumentId="0800c8af870dd0d0" VCCNumber="VCC-488772-1" VariantId="0900c8af870dd004" id="nev27684120n5-nev28785958n1"/><Contract id="nev27684120n5-nev28785959n1"><InputVariable Name="DTC" Type="String" id="nev27684120n5-nev28785960n1"/><InputVariable Name="ECU" Type="String" id="nev27684120n5-nev28785961n1"/><OutputVariable Name="DTC_IsTestFailedSinceLastClear" Type="Double" id="nev27684120n5-nev28785962n1"/><OutputVariable Name="ScriptError" Type="Double" id="nev27684120n5-nev28785963n1"/></Contract><Arguments InputValue1="D3468F" InputValue2="IHU" id="nev27684120n5-nev28785964n1"/><NevisXRef id="nev27684120n5-nev27684145n5"><ref id="nev27684120n5-nev27684145n6"><locator xlink:href="#nev27684120n5-nev27684145n6" xlink:type="locator"/><locator xlink:href="urn:x-nevis:xref:0800c8af870dd0d0:00000000:00000000#nev24452041n1" xlink:type="locator"/><arc nevis:href="urn:x-nevis:xref:0800c8af870dd0d0:00000000:00000000#nev24452041n1" xlink:title="VCC-488772, Check_if_DTC_test_failed_since_last_clear" xlink:type="arc"/></ref></NevisXRef></Input></RunScript></Component><If LogicId="If_D3468F_is_testFailedSinceLastClear" id="nev27684120n5-nev28785968n1"><LogicStatement Expression="Check_D3468F_Result.DTC_IsTestFailedSinceLastClear == 1" id="nev27684120n5-nev28785969n1"/><True id="nev27684120n5-nev28785970n1"><Component Annotation="Read RCSM error status" ComponentId="ReadParameter1" id="nev27684120n5-nev28785971n1"><ReadParameter id="nev27684120n5-nev28785972n1"><Input DID="EEA9" Delay="500" EcuID="IHU" ErrorHandlingType="2" ParameterID="5400812" Retries="0" id="nev27684120n5-nev28785973n1"/></ReadParameter></Component><If Annotation="error present" LogicId="If4" id="nev27684120n5-nev28785974n1"><LogicStatement Expression="ReadParameter1_Result.Parameter.Raw != &#34;00&#34;&#xD;&#xA;" id="nev27684120n5-nev28785975n1"/><True id="nev27684120n5-nev28785976n1"><If Annotation="voltage error present" LogicId="If6" id="nev27684120n5-nev28785977n1"><LogicStatement Expression="ReadParameter1_Result.Parameter.Raw != &#34;02&#34;" id="nev27684120n5-nev28785978n1"/><True id="nev27684120n5-nev28785979n1"><Component Annotation="voltage error text" ComponentId="DisplayInformation5" id="nev27684120n5-nev28785980n1"><DisplayInformation id="nev27684120n5-nev28785981n1"><Input ButtonType="0" InfoDisplay="{RCSM_voltage_error}" id="nev27684120n5-nev28785982n1"/></DisplayInformation></Component></True><Else id="nev27684120n5-nev28785983n1"><Component Annotation="internal fault text" ComponentId="DisplayInformation1" id="nev27684120n5-nev28785984n1"><DisplayInformation id="nev27684120n5-nev28785985n1"><Input ButtonType="0" InfoDisplay="{RCSM_internal_fault_text}" id="nev27684120n5-nev28785986n1"/></DisplayInformation></Component></Else></If></True><Else id="nev27684120n5-nev28785987n1"><Component Annotation="show no fault text" ComponentId="DisplayInformation2" id="nev27684120n5-nev28785988n1"><DisplayInformation id="nev27684120n5-nev28785989n1"><Input ButtonType="0" InfoDisplay="{RCSM_no_fault_text}" id="nev27684120n5-nev28785990n1"/></DisplayInformation></Component></Else></If><Component Annotation="If internal error present, don't perform LIN-DTC check." ComponentId="Break1" id="nev27684120n5-nev28785991n1"><Break id="nev27684120n5-nev28785992n1"/></Component></True><Else id="nev27684120n5-nev28785993n1"/></If><Component Annotation="Run DTC_active script on D30B87" ComponentId="Check_D30B87" id="nev27684120n5-nev28785994n1"><RunScript id="nev27684120n5-nev28785995n1"><Input id="nev27684120n5-nev28785996n1"><NevisLink ProjectDocumentId="0800c8af870dd0d0" VCCNumber="VCC-488772-1" VariantId="0900c8af870dd004" id="nev27684120n5-nev28785997n1"/><Contract id="nev27684120n5-nev28785998n1"><InputVariable Name="DTC" Type="String" id="nev27684120n5-nev28785999n1"/><InputVariable Name="ECU" Type="String" id="nev27684120n5-nev28786000n1"/><OutputVariable Name="DTC_IsTestFailedSinceLastClear" Type="Double" id="nev27684120n5-nev28786001n1"/><OutputVariable Name="ScriptError" Type="Double" id="nev27684120n5-nev28786002n1"/></Contract><Arguments InputValue1="D30B87" InputValue2="IHU" id="nev27684120n5-nev28786003n1"/><NevisXRef id="nev27684120n5-nev27684149n3"><ref id="nev27684120n5-nev27684149n4"><locator xlink:href="#nev27684120n5-nev27684149n4" xlink:type="locator"/><locator xlink:href="urn:x-nevis:xref:0800c8af870dd0d0:00000000:00000000#nev24452041n1" xlink:type="locator"/><arc nevis:href="urn:x-nevis:xref:0800c8af870dd0d0:00000000:00000000#nev24452041n1" xlink:title="VCC-488772, Check_if_DTC_test_failed_since_last_clear" xlink:type="arc"/></ref></NevisXRef></Input></RunScript></Component><If Annotation="LIN DTC?" LogicId="If_D30B87_is_testFailedSinceLastClear" id="nev27684120n5-nev28786007n1"><LogicStatement Expression="Check_D30B87_Result.DTC_IsTestFailedSinceLastClear == 1" id="nev27684120n5-nev28786008n1"/><True id="nev27684120n5-nev28786009n1"><Component Annotation="LIN error text" ComponentId="DisplayInformation6" id="nev27684120n5-nev28786010n1"><DisplayInformation id="nev27684120n5-nev28786011n1"><Input ButtonType="0" InfoDisplay="{LIN_error_text}" id="nev27684120n5-nev28786012n1"/></DisplayInformation></Component></True><Else id="nev27684120n5-nev28786013n1"><Component Annotation="show no DTC text" ComponentId="DisplayInformation3" id="nev27684120n5-nev28786014n1"><DisplayInformation id="nev27684120n5-nev28786015n1"><Input ButtonType="0" InfoDisplay="{RCSM_no_DTC_text}" id="nev27684120n5-nev28786016n1"/></DisplayInformation></Component></Else></If></Module></SpaScript></content></script>