<?xml version="1.0" encoding="UTF-8"?><servinfosub IE-ID="en-US0900c8af80685819" docno="VCC-041033" id="KC02223101" servinfosubId="nev20686003n1-nev20686003n2" servinfosubRes="0900c8af862c25d5" servinfosubRes2="urn:x-nevis:fragment:0900c8af80685819:0900c8af862c25d5#nev20686003n2" xml:lang="en-US">
<title>Seat Control</title>
<grate>
<graphic id="nev20686003n1-KC08377464" width="column">
<href>0900c8af8012df4#@#@#11#.jpeg</href>
</graphic>
<graphtext>
<para>
<ptxt>For systems wit#@#@#339#tton.</ptxt>
</para>
</graphtext>
</grate>
</servinfosub>