<?xml version="1.0" encoding="UTF-8"?><servinfosub IE-ID="en-US0900c8af800d7819" docno="VCC-096928" id="KC01225228" xml:lang="en-US">
<title>
<phrase category="" id="KC06034909" phrase-urn="urn:x-nevis:phrase:0800c8af8172a538">Signal missing.#@#@#11#fault</phrase>
</title>
<diagnostic type="test">
<testgrp IE-ID="en-US0900c8af800d7819_KC01227000" id="KC01227000" j2008use="1" paperuse="1" resumable="1" screenuse="1" testgrp-id="node2" x="120" y="80">
<title>
<phrase category="" id="KC06034910" phrase-urn="urn:x-nevis:phrase:0800c8af8172a539">Checking the relay</phrase>
</title>
<node>
<test1>
<diaglist>
<dgraphic>
<dgraphic1>
<graphic id="KC06034911">
<href>0900c8af80054d4#@#@#9#.jpeg</href>
</graphic>
</dgraphic1>
</dgraphic>
<ditem>
<ptxt>
<phrase category="" id="KC06034912" phrase-urn="urn:x-nevis:phrase:0800c8af8172a53a">Ignition off.</phrase>
</ptxt>
</ditem>
</diaglist>
<test2>
<ptxt>
<phrase category="" id="KC06034913" phrase-urn="urn:x-nevis:phrase:0800c8af8172a53b">Check that rela#@#@#130#d in <xref>
<ref id="KC06034914"/>
</xref>.</phrase>
</ptxt>
<list1 enumtype="d" type="unordered">
<title>
<phrase category="" id="KC06034915" phrase-urn="urn:x-nevis:phrase:0800c8af8172a53c">Additional info#@#@#3#tion:</phrase>
</title>
<item>
<ptxt>
<phrase category="" id="KC06034916" phrase-urn="urn:x-nevis:phrase:0800c8af8172a53d">To replace rela#@#@#2# see <xref>
<ref id="KC06034917"/>
</xref>
</phrase>
</ptxt>
</item>
<item>
<ptxt>
<phrase category="" id="KC06034918" phrase-urn="urn:x-nevis:phrase:0800c8af8172a53e">To connect the #@#@#9# see <xref>
<ref id="KC06034919"/>
</xref>.</phrase>
</ptxt>
</item>
</list1>
<diaglist>
<dgraphic>
<dgraphic1>
<graphic id="KC06034920">
<href>0900c8af8005444#@#@#9#.jpeg</href>
</graphic>
</dgraphic1>
<dgraphic2>
<graphic id="KC06034921">
<href>0900c8af80054d4#@#@#9#.jpeg</href>
</graphic>
<smarttool active="press" id="KC06034922" toolname="ODAH"/>
</dgraphic2>
</dgraphic>
<ditem>
<ditemtext>
<ptxt>
<phrase category="" id="KC06034923" phrase-urn="urn:x-nevis:phrase:0800c8af8172a53f"/>
</ptxt>
</ditemtext>
</ditem>
</diaglist>
<grate>
<graphic id="KC06034924">
<href>0900c8af80058ab#@#@#9#.jpeg</href>
</graphic>
</grate>
</test2>
</test1>
<question>Is there a fault?</question>
<resact-grp>
<result button="yes" comp="button" highlight="0"/>
<action j2008use="1" paperuse="1" screenuse="1">
<ptxt>
<xref>
<ref id="KC06034925"/>
</xref>
</ptxt>
</action>
</resact-grp>
<resact-grp>
<result button="no" comp="button" highlight="0"/>
<action j2008use="1" paperuse="1" screenuse="1">
<ptxt>
<xref>
<ref id="KC06034926"/>
</xref>
</ptxt>
</action>
</resact-grp>
</node>
</testgrp>
<testgrp id="KC01227001" j2008use="1" paperuse="1" resumable="1" screenuse="1" testgrp-id="node3" x="120" y="200">
<title>
<phrase category="" id="KC06034927" phrase-urn="urn:x-nevis:phrase:0800c8af8172a540">Replacing the c#@#@#3#onent</phrase>
</title>
<node>
<test1>
<test2>
<ptxt>
<phrase category="" id="KC06034928" phrase-urn="urn:x-nevis:phrase:0800c8af8172a541">Replace relay a#@#@#10#d in <xref>
<ref id="KC06034929"/>
</xref>.</phrase>
</ptxt>
</test2>
</test1>
<question>Press Continue.</question>
<resact-grp>
<result button="cont" comp="button" highlight="0"/>
<action j2008use="1" paperuse="1" screenuse="1">
<ptxt>
<xref>
<ref id="KC06034930"/>
</xref>
</ptxt>
</action>
</resact-grp>
</node>
</testgrp>
<testgrp id="KC01227002" j2008use="1" paperuse="1" resumable="1" screenuse="1" testgrp-id="veria" x="120" y="320">
<title>
<phrase category="" id="KC06034931" phrase-urn="urn:x-nevis:phrase:0800c8af8172a542">Verification</phrase>
</title>
<subcalloutnode>
<diagcallout>
<xref>
<ref id="KC06034932"/>
</xref>
</diagcallout>
<rescall-grp>
<result comp="string" highlight="0" op="eq" return="VERIFIED"/>
<calloutaction>
<return value="FAULT FOUND"/>
</calloutaction>
</rescall-grp>
<rescall-grp>
<result comp="string" highlight="0" op="eq" return="VERIFICATION FAILED"/>
<calloutaction>
<ptxt>
<xref>
<ref id="KC06034933"/>
</xref>
</ptxt>
</calloutaction>
</rescall-grp>
</subcalloutnode>
</testgrp>
<testgrp id="KC01227003" j2008use="1" paperuse="1" resumable="1" screenuse="1" testgrp-id="info1" x="400" y="80">
<title>
<phrase category="" id="KC06034934" phrase-urn="urn:x-nevis:phrase:0800c8af8172a543">Trouble-shootin#@#@#8#ation</phrase>
</title>
<subcalloutnode>
<diagcallout>
<xref>
<ref id="KC06034935"/>
</xref>
</diagcallout>
<rescall-grp>
<result comp="string" highlight="0" op="eq" return="FAULTTRACING FAILED"/>
<calloutaction>
<return value="FAULT NOT FOUND"/>
</calloutaction>
</rescall-grp>
<rescall-grp>
<result comp="string" highlight="0" op="eq" return="NEW TRY"/>
<calloutaction>
<ptxt>
<xref>
<ref id="KC06034936"/>
</xref>
</ptxt>
</calloutaction>
</rescall-grp>
</subcalloutnode>
</testgrp>
</diagnostic>
</servinfosub>