<?xml version="1.0" encoding="UTF-8"?><servinfosub IE-ID="en-US0900c8af8091b819" docno="VCC-113137" id="KC02449072" xml:lang="en-US">
<title>
<phrase category="" id="KC07467919" phrase-urn="urn:x-nevis:phrase:0800c8af81b53fa3">Signal missing.#@#@#14#fault</phrase>
</title>
<diagnostic type="test">
<testgrp IE-ID="en-US0900c8af8091b819_KC02459703" id="KC02459703" j2008use="1" paperuse="1" resumable="1" screenuse="1" testgrp-id="k7" x="240" y="120">
<title>
<phrase category="" id="KC07467920" phrase-urn="urn:x-nevis:phrase:0800c8af81b53fa4">Checking wiring#@#@#9#inals</phrase>
</title>
<node>
<test1>
<test2>
<para>
<ptxt>
<phrase category="" id="KC07467921" phrase-urn="urn:x-nevis:phrase:0800c8af81b53fa5">Check the DSA c#@#@#102#g to <xref>
<ref id="KC07467922"/>
</xref>.</phrase>
</ptxt>
</para>
<list1>
<title>
<phrase category="" id="KC07467923" phrase-urn="urn:x-nevis:phrase:0800c8af81b53fa6">FENIX 5.1</phrase>
</title>
<item>
<ptxt>
<phrase category="" id="KC07467924" phrase-urn="urn:x-nevis:phrase:0800c8af81b53fa7">Check the cable#@#@#128#g to <xref>
<ref id="KC07467925"/>
</xref>. Check for an #@#@#45#g to <xref>
<ref id="KC07467926"/>
</xref>. Check for an #@#@#53#g to <xref>
<ref id="KC07467927"/>
</xref>.</phrase>
</ptxt>
</item>
<item>
<ptxt>
<phrase category="" id="KC07467928" phrase-urn="urn:x-nevis:phrase:0800c8af81b53fa8">On vehicles wit#@#@#206#ng to<xref>
<ref id="KC07467929"/>
</xref> and for an int#@#@#50#g to <xref>
<ref id="KC07467930"/>
</xref>.</phrase>
</ptxt>
</item>
</list1>
<list1>
<title>
<phrase category="" id="KC07467931" phrase-urn="urn:x-nevis:phrase:0800c8af81b53fa9">EMS 2000</phrase>
</title>
<item>
<ptxt>
<phrase category="" id="KC07467932" phrase-urn="urn:x-nevis:phrase:0800c8af81b53faa">Check the cable#@#@#128#g to <xref>
<ref id="KC07467933"/>
</xref>. Check for an #@#@#45#g to <xref>
<ref id="KC07467934"/>
</xref>. Check for an #@#@#53#g to <xref>
<ref id="KC07467935"/>
</xref>.</phrase>
</ptxt>
</item>
</list1>
<list1 enumtype="d" type="unordered">
<title>
<phrase category="" id="KC07467936" phrase-urn="urn:x-nevis:phrase:0800c8af81b53fab">Other information</phrase>
</title>
<item>
<ptxt>
<phrase category="" id="KC07467937" phrase-urn="urn:x-nevis:phrase:0800c8af81b53fac">To connect the #@#@#21# see <xref>
<ref id="KC07467938"/>
</xref>. </phrase>
</ptxt>
</item>
<item>
<ptxt>
<phrase category="" id="KC07467939" phrase-urn="urn:x-nevis:phrase:0800c8af81b53fad">To connect the #@#@#27# see <xref>
<ref id="KC07467940"/>
</xref>.</phrase>
</ptxt>
</item>
<item>
<ptxt>
<phrase category="" id="KC07467941" phrase-urn="urn:x-nevis:phrase:0800c8af81b53fae">To connect the #@#@#26# see <xref>
<ref id="KC07467942"/>
</xref>.</phrase>
</ptxt>
</item>
</list1>
<diaglist>
<dgraphic>
<dgraphic1>
<graphic id="KC07467943">
<href>0900c8af8012818#@#@#9#.jpeg</href>
</graphic>
</dgraphic1>
<dgraphic2>
<graphic id="KC07467944">
<href>0900c8af80054d4#@#@#9#.jpeg</href>
</graphic>
<smarttool active="auto" id="KC07467945" toolname="ODA"/>
</dgraphic2>
</dgraphic>
<ditem>
<ditemtext>
<ptxt>
<phrase category="" id="KC07467946" phrase-urn="urn:x-nevis:phrase:0800c8af81b53faf"/>
</ptxt>
</ditemtext>
</ditem>
</diaglist>
</test2>
</test1>
<question>Select Continue#@#@#29#died.</question>
<resact-grp>
<result button="cont" comp="button" highlight="0"/>
<action j2008use="1" paperuse="1" screenuse="1">
<ptxt>
<xref>
<ref id="KC07467947"/>
</xref>
</ptxt>
</action>
</resact-grp>
</node>
</testgrp>
<testgrp id="KC02459704" j2008use="1" paperuse="1" resumable="1" screenuse="1" testgrp-id="info2" x="240" y="200">
<title>
<phrase category="" id="KC07467948" phrase-urn="urn:x-nevis:phrase:0800c8af81b53fb0">Fault-tracing i#@#@#5#ation</phrase>
</title>
<subcalloutnode>
<diagcallout>
<xref>
<ref id="KC07467949"/>
</xref>
</diagcallout>
<rescall-grp>
<result comp="string" highlight="0" op="eq" return="NEW TRY"/>
<calloutaction>
<ptxt>
<xref>
<ref id="KC07467950"/>
</xref>
</ptxt>
</calloutaction>
</rescall-grp>
<rescall-grp>
<result comp="string" highlight="0" op="eq" return="FAULT FOUND"/>
<calloutaction>
<return value="FAULT FOUND"/>
</calloutaction>
</rescall-grp>
<rescall-grp>
<result comp="string" highlight="0" op="eq" return="DONE"/>
<calloutaction>
<return value="DONE"/>
</calloutaction>
</rescall-grp>
</subcalloutnode>
</testgrp>
</diagnostic>
</servinfosub>