<?xml version="1.0" encoding="UTF-8"?><servinfosub IE-ID="en-US0900c8af804ab018" docno="VCC-099464" id="KC01436564" servinfosubId="nev20686886n1-nev20686886n2" servinfosubRes="0900c8af862c2cd9" servinfosubRes2="urn:x-nevis:fragment:0900c8af804ab018:0900c8af862c2cd9#nev20686886n2" xml:lang="en-US">
<title>Coolant fan (FC#@#@#4#ntrol</title>
<topic>
<title/>
<grate>
<graphic id="nev20686886n1-KC07318586" width="page">
<href>0900c8af80123ef#@#@#9#.jpeg</href>
</graphic>
<graphtext>
<list1 enumtype="u" type="unordered">
<item>
<ptxt>1 Melco 1</ptxt>
</item>
<item>
<ptxt>2 Coolant fan (FC)</ptxt>
</item>
<item>
<ptxt>3 Condenser fan</ptxt>
</item>
<item>
<ptxt>4 Relays coolan#@#@#16#ssure</ptxt>
</item>
<item>
<ptxt>5 Relays coolan#@#@#11#lco 1</ptxt>
</item>
<item>
<ptxt>6 Pressure A/C #@#@#1#witch</ptxt>
</item>
<item>
<ptxt>7 Engine coolan#@#@#21#(ECT)</ptxt>
</item>
<item>
<ptxt>8 A/C compressor</ptxt>
</item>
<item>
<ptxt>9 A/C compresso#@#@#2#relay</ptxt>
</item>
<item>
<ptxt>10 Refrigerant</ptxt>
</item>
<item>
<ptxt>11 Relays conde#@#@#3#r fan</ptxt>
</item>
<item>
<ptxt>12 Evaporator t#@#@#12#ensor</ptxt>
</item>
<item>
<ptxt>13 A/C control #@#@#1#odule</ptxt>
</item>
<item>
<ptxt>14 A/C switch</ptxt>
</item>
<item>
<ptxt>15 ABS module.</ptxt>
</item>
</list1>
</graphtext>
</grate>
<spec>
<list1 enumtype="b" type="unordered">
<item>
<ptxt>The coolant fan#@#@#77#ions;</ptxt>
</item>
<list2 enumtype="d" type="unordered">
<item>
<ptxt>(If present) If#@#@#95#dryer</ptxt>
</item>
<item>
<ptxt>If the temperat#@#@#144#nsor.</ptxt>
</item>
</list2>
<item>
<ptxt>The coolant fan#@#@#99#sent:</ptxt>
</item>
<list2 enumtype="d" type="unordered">
<item>
<ptxt>The temperature#@#@#31# 92°C</ptxt>
</item>
<item>
<ptxt>The temperature#@#@#34#80°C.</ptxt>
</item>
</list2>
</list1>
</spec>
</topic>
</servinfosub>