<?xml version="1.0" encoding="UTF-8"?><servinfosub IE-ID="en-US0900c8af8507e018" docno="VCC-370514" id="nev13713832n1" original="sv-SE" servinfosubId="nev13713833n1-nev13713835n1" servinfosubRes="0900c8af8507e01e" servinfosubRes2="urn:x-nevis:fragment:0900c8af8507e018:0900c8af8507e01e#nev13713835n1" xml:lang="en-US">
<title id="nev13713829n46">Parking assista#@#@#11# rear</title>
<procedure id="nev13713833n1-nev13713834n38">
<stepgrp boilerplate="false" context="" id="nev13713833n1-nev16068552n29">
<title id="nev13713833n1-nev14035743n35">Removal</title>
<procstep id="nev13713833n1-nev14035680n31">
<grate id="nev13713833n1-nev13713834n44">
<graphic id="nev13713833n1-nev13713834n16">
<href>0900c8af80057a7#@#@#11#.jpeg</href>
</graphic>
</grate>
</procstep>
<procstep id="nev13713833n1-nev14035731n52">
<para id="nev13713833n1-nev16068552n27">
<ptxt id="nev13713833n1-nev16068552n28">Remove Rear Bum#@#@#18#ction<xref boilerplate="true" id="nev13713833n1-nev14035743n30">
<ref id="nev13713833n1-nev14035743n32"/>
</xref>
</ptxt>
</para>
</procstep>
<procstep id="nev13713833n1-nev14035680n26">
<grate id="nev13713833n1-nev13713834n50">
<graphic id="nev13713833n1-nev13713834n23">
<href>0900c8af8294fc0#@#@#9#.jpeg</href>
</graphic>
</grate>
</procstep>
<procstep id="nev13713833n1-nev14035680n23">
<grate id="nev13713833n1-nev14035743n28">
<graphic id="nev13713833n1-nev14035743n29">
<href>0900c8af8468768#@#@#9#.jpeg</href>
</graphic>
</grate>
</procstep>
</stepgrp>
<stepgrp boilerplate="false" context="" id="nev13713833n1-nev16068552n26">
<title id="nev13713833n1-nev14035743n24">Installation</title>
<procstep id="nev13713833n1-nev16068552n59">
<grate id="nev13713833n1-nev16068552n24">
<graphic id="nev13713833n1-nev16068552n25">
<href>0900c8af8506fba#@#@#9#.jpeg</href>
</graphic>
</grate>
</procstep>
<procstep id="nev13713833n1-nev16068552n42">
<grate id="nev13713833n1-nev16068552n22">
<graphic id="nev13713833n1-nev16068552n23">
<href>0900c8af8506ed4#@#@#9#.jpeg</href>
</graphic>
</grate>
</procstep>
<procstep id="nev13713833n1-nev13713834n31">
<para id="nev13713833n1-nev16068552n20">
<ptxt id="nev13713833n1-nev16068552n21">To install, rev#@#@#22#dure.</ptxt>
</para>
</procstep>
</stepgrp>
</procedure>
</servinfosub>