<?xml version="1.0" encoding="UTF-8"?><servinfosub IE-ID="en-US0900c8af85d19f0a" docno="VCC-421632" id="nev16131581n1" original="sv-SE" servinfosubId="nev20688944n1-nev20688944n2" servinfosubRes="0900c8af862c3de0" servinfosubRes2="urn:x-nevis:fragment:0900c8af85d19f0a:0900c8af862c3de0#nev20688944n2" xml:lang="en-US">
<title id="nev16131581n2">System overview</title>
<topic id="nev20688944n1-nev16131581n3">
<title id="nev20688944n1-nev16131581n4">Control module</title>
<grate id="nev20688944n1-nev16131581n5" pgwide="1">
<graphic id="nev20688944n1-nev16131581n6">
<href>0900c8af84d227c#@#@#9#.jpeg</href>
</graphic>
</grate>
<list1 enumtype="d" id="nev20688944n1-nev16131581n7" type="unordered">
<title id="nev20688944n1-nev16131581n8">The engine cont#@#@#45#ions:</title>
<item id="nev20688944n1-nev16131581n9">
<ptxt id="nev20688944n1-nev16131581n10">start</ptxt>
</item>
<item id="nev20688944n1-nev16131582n1">
<ptxt id="nev20688944n1-nev16131582n2">fuel injectors</ptxt>
</item>
<item id="nev20688944n1-nev16131582n3">
<ptxt id="nev20688944n1-nev16131582n4">ignition</ptxt>
</item>
<item id="nev20688944n1-nev16131582n5">
<ptxt id="nev20688944n1-nev16131582n6">fuel pressure</ptxt>
</item>
<item id="nev20688944n1-nev16131582n7">
<ptxt id="nev20688944n1-nev16131582n8">turbocharger (T#@#@#5#ntrol</ptxt>
</item>
<item id="nev20688944n1-nev16131582n9">
<ptxt id="nev20688944n1-nev16131582n10">throttle</ptxt>
</item>
<item id="nev20688944n1-nev16131583n1">
<ptxt id="nev20688944n1-nev16131583n2">camshafts (CVVT)</ptxt>
</item>
<item id="nev20688944n1-nev16131583n3">
<ptxt id="nev20688944n1-nev16131583n4">Evaporative emi#@#@#20#valve</ptxt>
</item>
<item id="nev20688944n1-nev16131583n5">
<ptxt id="nev20688944n1-nev16131583n6">engine cooling #@#@#3# (FC)</ptxt>
</item>
<item id="nev20688944n1-nev16131583n7">
<ptxt id="nev20688944n1-nev16131583n8">air conditionin#@#@#14#ssor.</ptxt>
</item>
<item id="nev20688944n1-nev16131583n9">
<ptxt id="nev20688944n1-nev16131583n10">alternator cont#@#@#11#(ACM)</ptxt>
</item>
</list1>
<para id="nev20688944n1-nev16131584n1">
<ptxt id="nev20688944n1-nev16131584n2">The engine cont#@#@#47#ge (U<sub id="nev20688944n1-nev16131584n3">bat</sub>) via fuses in #@#@#94#ment.</ptxt>
<ptxt id="nev20688944n1-nev16131584n4">To prevent cert#@#@#218#ment.</ptxt>
<ptxt id="nev20688944n1-nev16131584n5">The control mod#@#@#81#rret.</ptxt>
</para>
<para id="nev20688944n1-nev16131584n6">
<ptxt id="nev20688944n1-nev16131584n7">The engine cont#@#@#130#h as:</ptxt>
</para>
<list1 enumtype="d" id="nev20688944n1-nev16131584n8" type="unordered">
<item id="nev20688944n1-nev16131584n9">
<ptxt id="nev20688944n1-nev16131584n10">Analog/Digital #@#@#4#erter</ptxt>
</item>
<item id="nev20688944n1-nev16131585n1">
<ptxt id="nev20688944n1-nev16131585n2">Digital/Analog #@#@#4#erter</ptxt>
</item>
<item id="nev20688944n1-nev16131585n3">
<ptxt id="nev20688944n1-nev16131585n4">Micro-processor.</ptxt>
</item>
</list1>
<para id="nev20688944n1-nev16131585n5">
<ptxt id="nev20688944n1-nev16131585n6">The functions w#@#@#26#ge (U<sub id="nev20688944n1-nev16131585n7">bat</sub>) and high outp#@#@#222#dule.</ptxt>
</para>
<para id="nev20688944n1-nev16131585n8">
<ptxt id="nev20688944n1-nev16131585n9">The micro-proce#@#@#315#lled.</ptxt>
</para>
<para id="nev20688944n1-nev16131585n10">
<ptxt id="nev20688944n1-nev16131586n1">The control mod#@#@#171#els).</ptxt>
</para>
<para id="nev20688944n1-nev16131586n2">
<ptxt id="nev20688944n1-nev16131586n3">Emissions are k#@#@#225#ents.</ptxt>
</para>
<para id="nev20688944n1-nev16131586n4">
<ptxt id="nev20688944n1-nev16131586n5">The engine cont#@#@#58#gine.</ptxt>
</para>
<para id="nev20688944n1-nev16131586n6">
<ptxt id="nev20688944n1-nev16131586n7">The engine cont#@#@#102#tion.</ptxt>
</para>
<para id="nev20688944n1-nev16131586n8">
<ptxt id="nev20688944n1-nev16131586n9">The engine cont#@#@#324#ited.</ptxt>
</para>
<list1 enumtype="d" id="nev20688944n1-nev16131586n10" type="unordered">
<title id="nev20688944n1-nev16131587n1">For example, su#@#@#26# for:</title>
<item id="nev20688944n1-nev16131587n2">
<ptxt id="nev20688944n1-nev16131587n3">engine coolant #@#@#19#ensor</ptxt>
</item>
<item id="nev20688944n1-nev16131587n4">
<ptxt id="nev20688944n1-nev16131587n5">mass air flow (#@#@#6#ensor</ptxt>
</item>
<item id="nev20688944n1-nev16131587n6">
<ptxt id="nev20688944n1-nev16131587n7">air pressure</ptxt>
</item>
<item id="nev20688944n1-nev16131587n8">
<ptxt id="nev20688944n1-nev16131587n9">oil temperature.</ptxt>
</item>
</list1>
<para id="nev20688944n1-nev16131587n10">
<ptxt id="nev20688944n1-nev16131588n1">Mathematical ca#@#@#162#dule.</ptxt>
<ptxt id="nev20688944n1-nev16131588n2">The substitute #@#@#142#ning.</ptxt>
</para>
<list1 enumtype="d" id="nev20688944n1-nev16131588n3" type="unordered">
<title id="nev20688944n1-nev16131588n4">Functions which#@#@#27#mple:</title>
<item id="nev20688944n1-nev16131588n5">
<ptxt id="nev20688944n1-nev16131588n6">turbocharger (T#@#@#5#ntrol</ptxt>
</item>
<item id="nev20688944n1-nev16131588n7">
<ptxt id="nev20688944n1-nev16131588n8">camshaft contro#@#@#3#CVVT)</ptxt>
</item>
<item id="nev20688944n1-nev16131588n9">
<ptxt id="nev20688944n1-nev16131588n10">fuel trim</ptxt>
</item>
<item id="nev20688944n1-nev16131589n1">
<ptxt id="nev20688944n1-nev16131589n2">throttle angle.</ptxt>
</item>
</list1>
<para id="nev20688944n1-nev16131589n3">
<ptxt id="nev20688944n1-nev16131589n4">The substitute #@#@#172#ple).</ptxt>
</para>
<para id="nev20688944n1-nev16131589n5">
<ptxt id="nev20688944n1-nev16131589n6">Any diagnostic #@#@#165#icle.</ptxt>
</para>
</topic>
<topic id="nev20688944n1-nev16131589n7">
<title id="nev20688944n1-nev16131589n8">Signals</title>
<para id="nev20688944n1-nev16131589n9">
<ptxt id="nev20688944n1-nev16131589n10">The table below#@#@#308#ions.</ptxt>
</para>
<table frame="all" id="nev20688944n1-nev16131590n1" pgwide="1">
<tgroup cols="2" id="nev20688944n1-nev16131590n2">
<colspec colname="col1" colwidth="50*" id="nev20688944n1-nev16131590n3"/>
<colspec colname="col2" colwidth="50*" id="nev20688944n1-nev16131590n4"/>
<tbody id="nev20688944n1-nev16131590n5">
<row id="nev20688944n1-nev16131590n6">
<entry id="nev20688944n1-nev16131590n7">
<title id="nev20688944n1-nev16131590n8">Input signals</title>
</entry>
<entry id="nev20688944n1-nev16131590n9">
<title id="nev20688944n1-nev16131590n10">Output signals</title>
</entry>
</row>
<row id="nev20688944n1-nev16131591n1">
<entry id="nev20688944n1-nev16131591n2" rowsep="0">
<ptxt id="nev20688944n1-nev16131591n3">
<emph id="nev20688944n1-nev16131591n4">Directly connected:</emph>
</ptxt>
</entry>
<entry id="nev20688944n1-nev16131591n5" rowsep="0">
<ptxt id="nev20688944n1-nev16131591n6">
<emph id="nev20688944n1-nev16131591n7">Directly connected:</emph>
</ptxt>
</entry>
</row>
<row id="nev20688944n1-nev16131591n8">
<entry id="nev20688944n1-nev16131591n9">
<list1 enumtype="d" id="nev20688944n1-nev16131591n10" type="unordered">
<item id="nev20688944n1-nev16131592n1">
<ptxt id="nev20688944n1-nev16131592n2">Start control m#@#@#14#/132)</ptxt>
</item>
<item id="nev20688944n1-nev16131624n241">
<ptxt id="nev20688944n1-nev16131624n240">Ignition antenn#@#@#15#6/65)</ptxt>
</item>
<item id="nev20688944n1-nev16131592n3">
<ptxt id="nev20688944n1-nev16131592n4">Transmission Co#@#@#20#4/28)</ptxt>
</item>
<item id="nev20688944n1-nev16131592n5">
<ptxt id="nev20688944n1-nev16131592n6">Air conditionin#@#@#24#(7/8)</ptxt>
</item>
<item id="nev20688944n1-nev16131592n7">
<ptxt id="nev20688944n1-nev16131592n8">Stop lamp switc#@#@#2#(3/9)</ptxt>
</item>
<item id="nev20688944n1-nev16131592n9">
<ptxt id="nev20688944n1-nev16131592n10">Clutch pedal sw#@#@#35#only)</ptxt>
</item>
<item id="nev20688944n1-nev16131593n1">
<ptxt id="nev20688944n1-nev16131593n2">Accelerator ped#@#@#20#7/51)</ptxt>
</item>
<item id="nev20688944n1-nev16131593n3">
<ptxt id="nev20688944n1-nev16131593n4">Throttle positi#@#@#48#/120)</ptxt>
</item>
<item id="nev20688944n1-nev16131593n5">
<ptxt id="nev20688944n1-nev16131593n6">Camshaft positi#@#@#20#/172)</ptxt>
</item>
<item id="nev20688944n1-nev16131593n7">
<ptxt id="nev20688944n1-nev16131593n8">Camshaft positi#@#@#21#/173)</ptxt>
</item>
<item id="nev20688944n1-nev16131593n9">
<ptxt id="nev20688944n1-nev16131593n10">Engine coolant #@#@#26#7/16)</ptxt>
</item>
<item id="nev20688944n1-nev16131594n1">
<ptxt id="nev20688944n1-nev16131594n2">Engine speed (R#@#@#12#7/25)</ptxt>
</item>
<item id="nev20688944n1-nev16131594n3">
<ptxt id="nev20688944n1-nev16131594n4">Fuel pressure s#@#@#27#/156)</ptxt>
</item>
<item id="nev20688944n1-nev16131594n5">
<ptxt id="nev20688944n1-nev16131594n6">Knock sensor (K#@#@#10#7/24)</ptxt>
</item>
<item id="nev20688944n1-nev16131594n7">
<ptxt id="nev20688944n1-nev16131594n8">Mass air flow s#@#@#7#7/17)</ptxt>
</item>
<item id="nev20688944n1-nev16131594n9">
<ptxt id="nev20688944n1-nev16131594n10">Charge pressure#@#@#10#/165)</ptxt>
</item>
<item id="nev20688944n1-nev16131595n1">
<ptxt id="nev20688944n1-nev16131595n2">Oil level and o#@#@#24#/166)</ptxt>
</item>
<item id="nev20688944n1-nev16131595n3">
<ptxt id="nev20688944n1-nev16131595n4">Outside tempera#@#@#38#6/62)</ptxt>
</item>
<item id="nev20688944n1-nev16131595n5">
<ptxt id="nev20688944n1-nev16131595n6">Front heated ox#@#@#20#7/15)</ptxt>
</item>
<item id="nev20688944n1-nev16131595n7">
<ptxt id="nev20688944n1-nev16131595n8">Rear heated oxy#@#@#20#/103)</ptxt>
</item>
<item id="nev20688944n1-nev16131595n9">
<ptxt id="nev20688944n1-nev16131595n10">Leak diagnostic#@#@#31#/67).</ptxt>
</item>
<item id="nev20688944n1-nev16131596n1">
<ptxt id="nev20688944n1-nev16131596n2">Fuel pressure s#@#@#28#/162)</ptxt>
</item>
<item id="nev20688944n1-nev16131596n3">
<ptxt id="nev20688944n1-nev16131596n4">Air pressure se#@#@#6#7/81)</ptxt>
</item>
<item id="nev20688944n1-nev16131596n5">
<ptxt id="nev20688944n1-nev16131596n6">Control valve, #@#@#13#8/77)</ptxt>
</item>
<item id="nev20688944n1-nev16131624n239">
<ptxt id="nev20688944n1-nev16131624n238">Clutch pedal sw#@#@#74#gine)</ptxt>
</item>
<item id="nev20688944n1-nev16131624n237">
<ptxt id="nev20688944n1-nev16131624n236">Vacuum pressure#@#@#75#gine)</ptxt>
</item>
<item id="nev20688944n1-nev16131624n235">
<ptxt id="nev20688944n1-nev16131624n234">Neutral positio#@#@#76#gine)</ptxt>
</item>
</list1>
</entry>
<entry id="nev20688944n1-nev16131596n7">
<list1 enumtype="d" id="nev20688944n1-nev16131596n8" type="unordered">
<item id="nev20688944n1-nev16131596n9">
<ptxt id="nev20688944n1-nev16131596n10">Air conditionin#@#@#15#2/22)</ptxt>
</item>
<item id="nev20688944n1-nev16131597n1">
<ptxt id="nev20688944n1-nev16131597n2">Air conditionin#@#@#19#(8/3)</ptxt>
</item>
<item id="nev20688944n1-nev16131597n3">
<ptxt id="nev20688944n1-nev16131597n4">Electronic thro#@#@#12#/120)</ptxt>
</item>
<item id="nev20688944n1-nev16131597n5">
<ptxt id="nev20688944n1-nev16131597n6">Engine cooling #@#@#25#4/71)</ptxt>
</item>
<item id="nev20688944n1-nev16131597n7">
<ptxt id="nev20688944n1-nev16131597n8">Evaporative emi#@#@#27#8/18)</ptxt>
</item>
<item id="nev20688944n1-nev16131597n9">
<ptxt id="nev20688944n1-nev16131597n10">Injectors (8/6-8/10)</ptxt>
</item>
<item id="nev20688944n1-nev16131598n1">
<ptxt id="nev20688944n1-nev16131598n2">Fuel pump contr#@#@#49#6/33)</ptxt>
</item>
<item id="nev20688944n1-nev16131598n3">
<ptxt id="nev20688944n1-nev16131598n4">Fuel pump, high#@#@#9# side</ptxt>
</item>
<item id="nev20688944n1-nev16131598n5">
<ptxt id="nev20688944n1-nev16131598n6">Ignition coils #@#@#6#20/7)</ptxt>
</item>
<item id="nev20688944n1-nev16131598n7">
<ptxt id="nev20688944n1-nev16131598n8">Leak diagnostic#@#@#52#6/67)</ptxt>
</item>
<item id="nev20688944n1-nev16131598n9">
<ptxt id="nev20688944n1-nev16131598n10">Front heated ox#@#@#32#7/15)</ptxt>
</item>
<item id="nev20688944n1-nev16131599n1">
<ptxt id="nev20688944n1-nev16131599n2">Rear heated oxy#@#@#32#/103)</ptxt>
</item>
<item id="nev20688944n1-nev16131599n3">
<ptxt id="nev20688944n1-nev16131599n4">Starter motor r#@#@#6#2/35)</ptxt>
</item>
<item id="nev20688944n1-nev16131599n5">
<ptxt id="nev20688944n1-nev16131599n6">Main relay (sys#@#@#12#2/32)</ptxt>
</item>
<item id="nev20688944n1-nev16131599n7">
<ptxt id="nev20688944n1-nev16131599n8">Turbocharger (T#@#@#18#8/28)</ptxt>
</item>
<item id="nev20688944n1-nev16131599n9">
<ptxt id="nev20688944n1-nev16131599n10">Camshaft reset #@#@#23#/117)</ptxt>
</item>
<item id="nev20688944n1-nev16131600n1">
<ptxt id="nev20688944n1-nev16131600n2">Camshaft reset #@#@#24#/81).</ptxt>
</item>
<item id="nev20688944n1-nev16131624n233">
<ptxt id="nev20688944n1-nev16131624n232">Relief valve (8/68) </ptxt>
</item>
<item id="nev20688944n1-nev16131624n231">
<ptxt id="nev20688944n1-nev16131624n230">Bypass control #@#@#8#/167)</ptxt>
</item>
<item id="nev20688944n1-nev16131624n229">
<ptxt id="nev20688944n1-nev16131624n228">Degas control v#@#@#7#/166)</ptxt>
</item>
<item id="nev20688944n1-nev16131624n227">
<ptxt id="nev20688944n1-nev16131624n226">Battery relay (#@#@#72#010-)</ptxt>
</item>
<item id="nev20688944n1-nev16131624n225">
<ptxt id="nev20688944n1-nev16131624n224">Secondary batte#@#@#82#010-)</ptxt>
</item>
<item id="nev20688944n1-nev16131624n223">
<ptxt id="nev20688944n1-nev16131624n222">Coolant pump re#@#@#77#010-)</ptxt>
</item>
</list1>
</entry>
</row>
<row id="nev20688944n1-nev16131600n3">
<entry id="nev20688944n1-nev16131600n4" rowsep="0">
<ptxt id="nev20688944n1-nev16131600n5">
<emph id="nev20688944n1-nev16131600n6">Via LIN communi#@#@#2#tion:</emph>
</ptxt>
</entry>
<entry id="nev20688944n1-nev16131600n7" rowsep="0">
<ptxt id="nev20688944n1-nev16131600n8">
<emph id="nev20688944n1-nev16131600n9">Via LIN communi#@#@#2#tion:</emph>
</ptxt>
</entry>
</row>
<row id="nev20688944n1-nev16131600n10">
<entry id="nev20688944n1-nev16131601n1">
<list1 enumtype="d" id="nev20688944n1-nev16131601n2" type="unordered">
<item id="nev20688944n1-nev16131601n3">
<ptxt id="nev20688944n1-nev16131601n4">
<emph id="nev20688944n1-nev16131601n5">Alternator cont#@#@#19#/26):</emph>
</ptxt>
</item>
<list2 enumtype="b" id="nev20688944n1-nev16131601n6" type="unordered">
<item id="nev20688944n1-nev16131601n7">
<ptxt id="nev20688944n1-nev16131601n8">fault status</ptxt>
</item>
<item id="nev20688944n1-nev16131601n9">
<ptxt id="nev20688944n1-nev16131601n10">magnetization f#@#@#7#ging.</ptxt>
</item>
</list2>
</list1>
</entry>
<entry id="nev20688944n1-nev16131602n1">
<list1 enumtype="d" id="nev20688944n1-nev16131602n2" type="unordered">
<item id="nev20688944n1-nev16131602n3">
<ptxt id="nev20688944n1-nev16131602n4">
<emph id="nev20688944n1-nev16131602n5">Alternator cont#@#@#19#/26):</emph>
</ptxt>
</item>
<list2 enumtype="b" id="nev20688944n1-nev16131602n6" type="unordered">
<item id="nev20688944n1-nev16131602n7">
<ptxt id="nev20688944n1-nev16131602n8">requested volta#@#@#11#ging.</ptxt>
</item>
</list2>
</list1>
</entry>
</row>
<row id="nev20688944n1-nev16131602n9">
<entry id="nev20688944n1-nev16131602n10" rowsep="0">
<ptxt id="nev20688944n1-nev16131603n1">
<emph id="nev20688944n1-nev16131603n2">Via Controller #@#@#28#tion:</emph>
</ptxt>
</entry>
<entry id="nev20688944n1-nev16131603n3" rowsep="0">
<ptxt id="nev20688944n1-nev16131603n4">
<emph id="nev20688944n1-nev16131603n5">Via Controller #@#@#28#tion:</emph>
</ptxt>
</entry>
</row>
<row id="nev20688944n1-nev16131603n6">
<entry id="nev20688944n1-nev16131603n7">
<list1 enumtype="d" id="nev20688944n1-nev16131603n8" type="unordered">
<item id="nev20688944n1-nev16131603n9">
<ptxt id="nev20688944n1-nev16131603n10">
<emph id="nev20688944n1-nev16131604n1">Central electro#@#@#19#/56):</emph>
</ptxt>
</item>
<list2 enumtype="b" id="nev20688944n1-nev16131604n2" type="unordered">
<item id="nev20688944n1-nev16131604n3">
<ptxt id="nev20688944n1-nev16131604n4">clutch pedal po#@#@#1#ition</ptxt>
</item>
<item id="nev20688944n1-nev16131604n5">
<ptxt id="nev20688944n1-nev16131604n6">accelerator ped#@#@#84#nsor)</ptxt>
</item>
<item id="nev20688944n1-nev16131604n7">
<ptxt id="nev20688944n1-nev16131604n8">quantity of fue#@#@#8# tank</ptxt>
</item>
<item id="nev20688944n1-nev16131604n9">
<ptxt id="nev20688944n1-nev16131604n10">start function #@#@#5#iting</ptxt>
</item>
<item id="nev20688944n1-nev16131605n1">
<ptxt id="nev20688944n1-nev16131605n2">the time since #@#@#22#d off</ptxt>
</item>
<item id="nev20688944n1-nev16131605n3">
<ptxt id="nev20688944n1-nev16131605n4">request for bat#@#@#8#rging</ptxt>
</item>
<item id="nev20688944n1-nev16131605n5">
<ptxt id="nev20688944n1-nev16131605n6">brake pedal status</ptxt>
</item>
<item id="nev20688944n1-nev16131605n7">
<ptxt id="nev20688944n1-nev16131605n8">charging status</ptxt>
</item>
<item id="nev20688944n1-nev16131605n9">
<ptxt id="nev20688944n1-nev16131605n10">steering wheel #@#@#28#trol)</ptxt>
</item>
<item id="nev20688944n1-nev16131624n221">
<ptxt id="nev20688944n1-nev16131624n220">voltage level s#@#@#11#ttery</ptxt>
</item>
<item id="nev20688944n1-nev16131624n219">
<ptxt id="nev20688944n1-nev16131624n218">request to acti#@#@#27#relay</ptxt>
</item>
<item id="nev20688944n1-nev16131624n217">
<ptxt id="nev20688944n1-nev16131624n216">request chargin#@#@#8#ator.</ptxt>
</item>
</list2>
<item id="nev20688944n1-nev16131606n1">
<ptxt id="nev20688944n1-nev16131606n2">
<emph id="nev20688944n1-nev16131606n3">Brake control m#@#@#14#/16):</emph>
</ptxt>
</item>
<list2 enumtype="b" id="nev20688944n1-nev16131606n4" type="unordered">
<item id="nev20688944n1-nev16131606n5">
<ptxt id="nev20688944n1-nev16131606n6">brake pedal status</ptxt>
</item>
<item id="nev20688944n1-nev16131606n7">
<ptxt id="nev20688944n1-nev16131606n8">the vehicle speed</ptxt>
</item>
<item id="nev20688944n1-nev16131606n9">
<ptxt id="nev20688944n1-nev16131606n10">active control #@#@#3#ction</ptxt>
</item>
<item id="nev20688944n1-nev16131607n1">
<ptxt id="nev20688944n1-nev16131607n2">front wheel spi#@#@#20#oads”</ptxt>
</item>
<item id="nev20688944n1-nev16131607n3">
<ptxt id="nev20688944n1-nev16131607n4">torque limiting#@#@#3#quest</ptxt>
</item>
<item id="nev20688944n1-nev16131607n5">
<ptxt id="nev20688944n1-nev16131607n6">increased torqu#@#@#4#quest</ptxt>
</item>
<item id="nev20688944n1-nev16131624n215">
<ptxt id="nev20688944n1-nev16131624n214">status ABS control.</ptxt>
</item>
</list2>
<item id="nev20688944n1-nev16131607n7">
<ptxt id="nev20688944n1-nev16131607n8">
<emph id="nev20688944n1-nev16131607n9">Climate control#@#@#15#4/6):</emph>
</ptxt>
</item>
<list2 enumtype="b" id="nev20688944n1-nev16131607n10" type="unordered">
<item id="nev20688944n1-nev16131608n1">
<ptxt id="nev20688944n1-nev16131608n2">air conditionin#@#@#21#quest</ptxt>
</item>
<item id="nev20688944n1-nev16131608n3">
<ptxt id="nev20688944n1-nev16131608n4">evaporator temp#@#@#2#ature</ptxt>
</item>
<item id="nev20688944n1-nev16131624n213">
<ptxt id="nev20688944n1-nev16131624n212">System requeste#@#@#15#gine.</ptxt>
</item>
</list2>
<item id="nev20688944n1-nev16131608n5">
<ptxt id="nev20688944n1-nev16131608n6">
<emph id="nev20688944n1-nev16131608n7">Transmission co#@#@#21#/28):</emph>
</ptxt>
</item>
<list2 enumtype="b" id="nev20688944n1-nev16131608n8" type="unordered">
<item id="nev20688944n1-nev16131608n9">
<ptxt id="nev20688944n1-nev16131608n10">torque limiting#@#@#3#quest</ptxt>
</item>
<item id="nev20688944n1-nev16131609n1">
<ptxt id="nev20688944n1-nev16131609n2">transmission oi#@#@#8#ature</ptxt>
</item>
<item id="nev20688944n1-nev16131609n3">
<ptxt id="nev20688944n1-nev16131609n4">selected gear p#@#@#2#ition</ptxt>
</item>
<item id="nev20688944n1-nev16131609n5">
<ptxt id="nev20688944n1-nev16131609n6">clutch status</ptxt>
</item>
<item id="nev20688944n1-nev16131609n7">
<ptxt id="nev20688944n1-nev16131609n8">request for low#@#@#19#speed</ptxt>
</item>
<item id="nev20688944n1-nev16131609n9">
<ptxt id="nev20688944n1-nev16131609n10">gear ratio</ptxt>
</item>
<item id="nev20688944n1-nev16131610n1">
<ptxt id="nev20688944n1-nev16131610n2">torque loss in #@#@#7#ssion</ptxt>
</item>
<item id="nev20688944n1-nev16131610n3">
<ptxt id="nev20688944n1-nev16131610n4">minimum fan spe#@#@#6#uest.</ptxt>
</item>
<item id="nev20688944n1-nev16131610n5">
<ptxt id="nev20688944n1-nev16131610n6">increased engin#@#@#11#uest.</ptxt>
</item>
</list2>
<item id="nev20688944n1-nev16131610n7">
<ptxt id="nev20688944n1-nev16131610n8">
<emph id="nev20688944n1-nev16131610n9">Steering wheel #@#@#29#130):</emph>
</ptxt>
</item>
<list2 enumtype="b" id="nev20688944n1-nev16131610n10" type="unordered">
<item id="nev20688944n1-nev16131611n1">
<ptxt id="nev20688944n1-nev16131611n2">steering angle.</ptxt>
</item>
</list2>
<item id="nev20688944n1-nev16131611n3">
<ptxt id="nev20688944n1-nev16131611n4">
<emph id="nev20688944n1-nev16131611n5">Combustion preh#@#@#20#4/7):</emph>
</ptxt>
</item>
<list2 enumtype="b" id="nev20688944n1-nev16131611n6" type="unordered">
<item id="nev20688944n1-nev16131611n7">
<ptxt id="nev20688944n1-nev16131611n8">engine coolant #@#@#18#off).</ptxt>
</item>
</list2>
<item id="nev20688944n1-nev16131624n211">
<ptxt id="nev20688944n1-nev16131624n210">
<emph id="nev20688944n1-nev16131624n209">Supplemental re#@#@#29#4/9):</emph>
</ptxt>
</item>
<list2 enumtype="b" id="nev20688944n1-nev16131624n208" type="unordered">
<item id="nev20688944n1-nev16131624n207">
<ptxt id="nev20688944n1-nev16131624n206">status safety b#@#@#6#iver.</ptxt>
</item>
</list2>
</list1>
</entry>
<entry id="nev20688944n1-nev16131611n9">
<list1 enumtype="d" id="nev20688944n1-nev16131611n10" type="unordered">
<item id="nev20688944n1-nev16131612n1">
<ptxt id="nev20688944n1-nev16131612n2">
<emph id="nev20688944n1-nev16131612n3">Central electro#@#@#19#/56):</emph>
</ptxt>
</item>
<list2 enumtype="b" id="nev20688944n1-nev16131612n4" type="unordered">
<item id="nev20688944n1-nev16131612n5">
<ptxt id="nev20688944n1-nev16131612n6">request for fue#@#@#6# (FP)</ptxt>
</item>
<item id="nev20688944n1-nev16131612n7">
<ptxt id="nev20688944n1-nev16131612n8">engine speed</ptxt>
</item>
<item id="nev20688944n1-nev16131612n9">
<ptxt id="nev20688944n1-nev16131612n10">load</ptxt>
</item>
<item id="nev20688944n1-nev16131613n1">
<ptxt id="nev20688944n1-nev16131613n2">request for the#@#@#38#e lit</ptxt>
</item>
<item id="nev20688944n1-nev16131613n3">
<ptxt id="nev20688944n1-nev16131613n4">engine status (#@#@#2#/off)</ptxt>
</item>
<item id="nev20688944n1-nev16131613n5">
<ptxt id="nev20688944n1-nev16131613n6">immobilizer codes</ptxt>
</item>
<item id="nev20688944n1-nev16131613n7">
<ptxt id="nev20688944n1-nev16131613n8">cruise control #@#@#10#/off)</ptxt>
</item>
<item id="nev20688944n1-nev16131613n9">
<ptxt id="nev20688944n1-nev16131613n10">alternator cont#@#@#16# load</ptxt>
</item>
<item id="nev20688944n1-nev16131614n1">
<ptxt id="nev20688944n1-nev16131614n2">fault status al#@#@#24#(ACM)</ptxt>
</item>
<item id="nev20688944n1-nev16131624n205">
<ptxt id="nev20688944n1-nev16131624n204">status enhanced#@#@#14#mode.</ptxt>
</item>
</list2>
<item id="nev20688944n1-nev16131614n3">
<ptxt id="nev20688944n1-nev16131614n4">
<emph id="nev20688944n1-nev16131614n5">Climate control#@#@#15#4/6):</emph>
</ptxt>
</item>
<list2 enumtype="b" id="nev20688944n1-nev16131614n6" type="unordered">
<item id="nev20688944n1-nev16131614n7">
<ptxt id="nev20688944n1-nev16131614n8">air conditionin#@#@#20#tatus</ptxt>
</item>
<item id="nev20688944n1-nev16131614n9">
<ptxt id="nev20688944n1-nev16131614n10">atmospheric pressure</ptxt>
</item>
<item id="nev20688944n1-nev16131615n1">
<ptxt id="nev20688944n1-nev16131615n2">engine coolant #@#@#12#(ECT)</ptxt>
</item>
<item id="nev20688944n1-nev16131615n3">
<ptxt id="nev20688944n1-nev16131615n4">engine speed</ptxt>
</item>
<item id="nev20688944n1-nev16131615n5">
<ptxt id="nev20688944n1-nev16131615n6">engine status (#@#@#2#/off)</ptxt>
</item>
<item id="nev20688944n1-nev16131624n203">
<ptxt id="nev20688944n1-nev16131624n202">status enhanced#@#@#14#mode.</ptxt>
</item>
</list2>
<item id="nev20688944n1-nev16131615n7">
<ptxt id="nev20688944n1-nev16131615n8">
<emph id="nev20688944n1-nev16131615n9">Transmission co#@#@#21#/28):</emph>
</ptxt>
</item>
<list2 enumtype="b" id="nev20688944n1-nev16131615n10" type="unordered">
<item id="nev20688944n1-nev16131616n1">
<ptxt id="nev20688944n1-nev16131616n2">selected gear p#@#@#2#ition</ptxt>
</item>
<item id="nev20688944n1-nev16131616n3">
<ptxt id="nev20688944n1-nev16131616n4">load</ptxt>
</item>
<item id="nev20688944n1-nev16131616n5">
<ptxt id="nev20688944n1-nev16131616n6">cruise control #@#@#1#tatus</ptxt>
</item>
<item id="nev20688944n1-nev16131616n7">
<ptxt id="nev20688944n1-nev16131616n8">engine coolant #@#@#12#(ECT)</ptxt>
</item>
<item id="nev20688944n1-nev16131616n9">
<ptxt id="nev20688944n1-nev16131616n10">engine speed</ptxt>
</item>
<item id="nev20688944n1-nev16131617n1">
<ptxt id="nev20688944n1-nev16131617n2">the position of#@#@#22# (AP)</ptxt>
</item>
<item id="nev20688944n1-nev16131617n3">
<ptxt id="nev20688944n1-nev16131617n4">brake pedal sta#@#@#17#ased)</ptxt>
</item>
<item id="nev20688944n1-nev16131617n5">
<ptxt id="nev20688944n1-nev16131617n6">speed set in th#@#@#11#ntrol</ptxt>
</item>
<item id="nev20688944n1-nev16131617n7">
<ptxt id="nev20688944n1-nev16131617n8">engine status (#@#@#2#/off)</ptxt>
</item>
<item id="nev20688944n1-nev16131617n9">
<ptxt id="nev20688944n1-nev16131617n10">"kickdown" request.</ptxt>
</item>
</list2>
<item id="nev20688944n1-nev16131618n1">
<ptxt id="nev20688944n1-nev16131618n2">
<emph id="nev20688944n1-nev16131618n3">Driver informat#@#@#18#5/1):</emph>
</ptxt>
</item>
<list2 enumtype="b" id="nev20688944n1-nev16131618n4" type="unordered">
<item id="nev20688944n1-nev16131618n5">
<ptxt id="nev20688944n1-nev16131618n6">engine coolant #@#@#12#(ECT)</ptxt>
</item>
<item id="nev20688944n1-nev16131618n7">
<ptxt id="nev20688944n1-nev16131618n8">warning texts r#@#@#36#(ECM)</ptxt>
</item>
<item id="nev20688944n1-nev16131618n9">
<ptxt id="nev20688944n1-nev16131618n10">engine speed</ptxt>
</item>
<item id="nev20688944n1-nev16131619n1">
<ptxt id="nev20688944n1-nev16131619n2">cruise control #@#@#1#tatus</ptxt>
</item>
<item id="nev20688944n1-nev16131619n3">
<ptxt id="nev20688944n1-nev16131619n4">calculated fuel#@#@#7#ption</ptxt>
</item>
<item id="nev20688944n1-nev16131619n5">
<ptxt id="nev20688944n1-nev16131619n6">engine status (#@#@#2#/off)</ptxt>
</item>
<item id="nev20688944n1-nev16131619n7">
<ptxt id="nev20688944n1-nev16131619n8">oil pressure status</ptxt>
</item>
<item id="nev20688944n1-nev16131619n9">
<ptxt id="nev20688944n1-nev16131619n10">oil level</ptxt>
</item>
<item id="nev20688944n1-nev16131620n1">
<ptxt id="nev20688944n1-nev16131620n2">time for service.</ptxt>
</item>
</list2>
<item id="nev20688944n1-nev16131620n3">
<ptxt id="nev20688944n1-nev16131620n4">
<emph id="nev20688944n1-nev16131620n5">Brake control m#@#@#14#/16):</emph>
</ptxt>
</item>
<list2 enumtype="b" id="nev20688944n1-nev16131620n6" type="unordered">
<item id="nev20688944n1-nev16131620n7">
<ptxt id="nev20688944n1-nev16131620n8">torque after tr#@#@#5#ssion</ptxt>
</item>
<item id="nev20688944n1-nev16131620n9">
<ptxt id="nev20688944n1-nev16131620n10">engine speed</ptxt>
</item>
<item id="nev20688944n1-nev16131621n1">
<ptxt id="nev20688944n1-nev16131621n2">brake pedal sta#@#@#17#ased)</ptxt>
</item>
<item id="nev20688944n1-nev16131621n3">
<ptxt id="nev20688944n1-nev16131621n4">the position of#@#@#22# (AP)</ptxt>
</item>
<item id="nev20688944n1-nev16131621n5">
<ptxt id="nev20688944n1-nev16131621n6">engine status (#@#@#3#off).</ptxt>
</item>
</list2>
<item id="nev20688944n1-nev16131621n7">
<ptxt id="nev20688944n1-nev16131621n8">
<emph id="nev20688944n1-nev16131621n9">Combustion preh#@#@#20#4/7):</emph>
</ptxt>
</item>
<list2 enumtype="b" id="nev20688944n1-nev16131621n10" type="unordered">
<item id="nev20688944n1-nev16131622n1">
<ptxt id="nev20688944n1-nev16131622n2">atmospheric pressure</ptxt>
</item>
<item id="nev20688944n1-nev16131624n201">
<ptxt id="nev20688944n1-nev16131624n200">request to star#@#@#10#pump.</ptxt>
</item>
</list2>
<item id="nev20688944n1-nev16131624n199">
<ptxt id="nev20688944n1-nev16131624n198">
<emph id="nev20688944n1-nev16131624n197">Forward sensing#@#@#16#/80):</emph>
</ptxt>
</item>
<list2 enumtype="b" id="nev20688944n1-nev16131624n194" type="unordered">
<item id="nev20688944n1-nev16131624n193">
<ptxt id="nev20688944n1-nev16131624n192">outside temperature</ptxt>
</item>
<item id="nev20688944n1-nev16131624n191">
<ptxt id="nev20688944n1-nev16131624n190">accelerator ped#@#@#6#ition</ptxt>
</item>
<item id="nev20688944n1-nev16131624n189">
<ptxt id="nev20688944n1-nev16131624n188">brake pedal sta#@#@#17#ased)</ptxt>
</item>
<item id="nev20688944n1-nev16131624n187">
<ptxt id="nev20688944n1-nev16131624n186">engine status (#@#@#2#/off)</ptxt>
</item>
<item id="nev20688944n1-nev16131624n185">
<ptxt id="nev20688944n1-nev16131624n184">status cruise c#@#@#10#/off)</ptxt>
</item>
<item id="nev20688944n1-nev16131624n183">
<ptxt id="nev20688944n1-nev16131624n182">status adaptive#@#@#20#off).</ptxt>
</item>
</list2>
<item id="nev20688944n1-nev16131624n181">
<ptxt id="nev20688944n1-nev16131624n180">
<emph id="nev20688944n1-nev16131624n179">Closing velocit#@#@#18#125):</emph>
</ptxt>
</item>
<list2 enumtype="b" id="nev20688944n1-nev16131624n178" type="unordered">
<item id="nev20688944n1-nev16131624n177">
<ptxt id="nev20688944n1-nev16131624n176">status torque l#@#@#12#off).</ptxt>
</item>
</list2>
<item id="nev20688944n1-nev16131624n175">
<ptxt id="nev20688944n1-nev16131624n174">
<emph id="nev20688944n1-nev16131624n173">Infotainment co#@#@#22#281):</emph>
</ptxt>
</item>
<list2 enumtype="b" id="nev20688944n1-nev16131624n172" type="unordered">
<item id="nev20688944n1-nev16131624n171">
<ptxt id="nev20688944n1-nev16131624n170">status enhanced#@#@#14#mode.</ptxt>
</item>
</list2>
<item id="nev20688944n1-nev16131624n169">
<ptxt id="nev20688944n1-nev16131624n168">
<emph id="nev20688944n1-nev16131624n167">Power steering #@#@#25#164):</emph>
</ptxt>
</item>
<list2 enumtype="b" id="nev20688944n1-nev16131864n241" type="unordered">
<item id="nev20688944n1-nev16131864n240">
<ptxt id="nev20688944n1-nev16131624n164">status enhanced#@#@#14#mode.</ptxt>
</item>
</list2>
</list1>
</entry>
</row>
</tbody>
</tgroup>
</table>
<grate id="nev20688944n1-nev16131622n3" pgwide="1">
<graphic id="nev20688944n1-nev16131622n4">
<href>0900c8af850f8b9#@#@#11#.jpeg</href>
</graphic>
</grate>
<grate id="nev20688944n1-nev16131622n5" pgwide="1">
<graphic id="nev20688944n1-nev16131622n6">
<href>0900c8af850f8b2#@#@#11#.jpeg</href>
</graphic>
</grate>
</topic>
</servinfosub>