<?xml version="1.0" encoding="UTF-8"?><servinfosub IE-ID="en-US0900c8af84c79f0a" docno="VCC-164076" id="KC08797409" xml:lang="en-US">
<title id="nev12499560n250">Return pipe/hos#@#@#24#ement</title>
<procedure id="nev12499560n248">
<proctools id="nev12499560n246">
<toolitem id="KC08797442"/>
<toolitem id="KC08797443"/>
<toolitem id="KC08797444"/>
</proctools>
<note id="nev12499560n235">
<ptxt id="nev12499560n233">The illustratio#@#@#177#ect. </ptxt>
</note>
<stepgrp id="KC08797410">
<title id="nev12499560n231">Removal</title>
<procstep id="KC08797411">
<title id="nev12499560n229">Preparations</title>
<list1 enumtype="d" id="nev12499560n227" type="unordered">
<title id="nev12499560n225">Remove:</title>
<item id="nev12499560n223">
<ptxt id="nev12499560n221">the battery cab#@#@#4#see: <xref id="nev12499560n219">
<ref id="KC08797445"/>
</xref>
</ptxt>
</item>
<item id="nev12499560n214">
<ptxt id="nev12499560n212">the front wheel#@#@#11#ides.</ptxt>
</item>
</list1>
</procstep>
<procstep id="KC08797412">
<title id="nev12499560n210">Removing the re#@#@#4# pipe</title>
<grate id="nev12499560n208">
<graphic id="KC08797446">
<href>0900c8af81ada9c#@#@#9#.jpeg</href>
</graphic>
<graphtext id="nev12499560n203">
<warning id="nev12499560n201">
<ptxt id="nev12499560n199">Avoid skin cont#@#@#12# oil.</ptxt>
</warning>
<para id="nev12499560n197">
<ptxt id="nev12499560n195">Lift up the oil#@#@#64#lage.</ptxt>
<ptxt id="nev12499560n193">Position a cont#@#@#95# oil.</ptxt>
</para>
<note id="nev12499560n191">
<ptxt id="nev12499560n189">Make a note of #@#@#18#ation</ptxt>
</note>
<para id="nev12499560n187">
<ptxt id="nev12499560n185">Release the oil#@#@#64#(FC).</ptxt>
</para>
</graphtext>
</grate>
</procstep>
<procstep id="KC08797413">
<title id="nev12499560n183">Removing the bo#@#@#16#e rod</title>
<grate id="nev12499560n181">
<graphic id="KC08797447">
<href>0900c8af8005a5a#@#@#9#.jpeg</href>
</graphic>
<graphtext id="nev12499560n176">
<para id="nev12499560n174">
<ptxt id="nev12499560n172">Remove the bolt#@#@#43#des. </ptxt>
</para>
</graphtext>
</grate>
</procstep>
<procstep id="KC08797414">
<title id="nev12499560n170">Installing the #@#@#7# tool</title>
<grate id="nev12499560n168">
<graphic id="KC08797448">
<href>0900c8af81a72d0#@#@#9#.jpeg</href>
</graphic>
<graphtext id="nev12499560n163">
<note id="nev12499560n161">
<ptxt id="nev12499560n159">When lifting th#@#@#118# eye.</ptxt>
</note>
<list1 enumtype="d" id="nev12499560n157" type="unordered">
<title id="nev12499560n155">Remove:</title>
<item id="nev12499560n153">
<ptxt id="nev12499560n151">the oil filler cap</ptxt>
</item>
<item id="nev12499560n149">
<ptxt id="nev12499560n147">the upper front#@#@#36#t up.</ptxt>
</item>
</list1>
<list1 enumtype="d" id="nev12499560n145" type="unordered">
<title id="nev12499560n143">Install:</title>
<item id="nev12499560n141">
<ptxt id="nev12499560n139">the oil filler cap</ptxt>
</item>
<item id="nev12499560n137">
<ptxt id="nev12499560n135">the lifting tool: <toolitem id="KC08797449"/> converted with#@#@#5#kit: <toolitem id="KC08797450"/>and lifting hooks: <toolitem id="KC08797451"/>. Lift up the e#@#@#47#aded.</ptxt>
</item>
</list1>
</graphtext>
</grate>
</procstep>
<procstep id="KC08797415">
<title id="nev12499560n124">Removing the wi#@#@#3#liner</title>
<grate id="nev12499560n122">
<graphic id="KC08797452">
<href>0900c8af81a72d0#@#@#9#.jpeg</href>
</graphic>
<graphtext id="nev12499560n117">
<list1 enumtype="d" id="nev12499560n115" type="unordered">
<title id="nev12499560n113">Remove:</title>
<item id="nev12499560n111">
<ptxt id="nev12499560n109">the plastic nuts, x2</ptxt>
</item>
<item id="nev12499560n107">
<ptxt id="nev12499560n105">the wing liner.</ptxt>
</item>
</list1>
</graphtext>
</grate>
</procstep>
<procstep id="KC08797416">
<title id="nev12499560n103">Removing the bo#@#@#27#e pad</title>
<grate id="nev12499560n101">
<graphic id="KC08797453">
<href>0900c8af8005767#@#@#9#.jpeg</href>
</graphic>
<graphtext id="nev12499560n96">
<para id="nev12499560n94">
<ptxt id="nev12499560n92">Remove the bolt#@#@#5#, x2.</ptxt>
</para>
</graphtext>
</grate>
</procstep>
<procstep id="KC08797417">
<title id="nev12499560n90">Removing the pr#@#@#9#plate</title>
<grate id="nev12499560n88">
<graphic id="KC08797454">
<href>0900c8af8005d04#@#@#11#.jpeg</href>
</graphic>
<graphtext id="nev12499560n83">
<para id="nev12499560n81">
<ptxt id="nev12499560n79">Remove the 6 screws.</ptxt>
</para>
</graphtext>
</grate>
<grate id="nev12499560n77">
<graphic id="KC08797455">
<href>0900c8af8005d04#@#@#9#.jpeg</href>
</graphic>
<graphtext id="nev12499560n72">
<note id="nev12499560n70">
<ptxt id="nev12499560n68">There is a guid#@#@#108#ward.</ptxt>
</note>
<para id="nev12499560n66">
<ptxt id="nev12499560n64">Raise and move #@#@#54#ate. </ptxt>
</para>
</graphtext>
</grate>
</procstep>
<procstep id="KC08797418">
<title id="nev12499560n62">Removing the pr#@#@#26#ngine</title>
<grate id="nev12499560n60">
<graphic id="KC08797456">
<href>0900c8af81a72d1#@#@#11#.jpeg</href>
</graphic>
<graphtext id="nev12499560n55">
<list1 enumtype="d" id="nev12499560n53" type="unordered">
<title id="nev12499560n51">Remove:</title>
<item id="nev12499560n49">
<ptxt id="nev12499560n47">the bolts, x6</ptxt>
</item>
<item id="nev12499560n45">
<ptxt id="nev12499560n43">the protective #@#@#18#gine.</ptxt>
</item>
</list1>
</graphtext>
</grate>
</procstep>
<procstep id="KC08797419">
<title id="nev12499560n41">Removing the ge#@#@#30#e rod</title>
<grate id="nev12499560n39">
<graphic id="KC08797457">
<href>0900c8af8005cd9#@#@#9#.jpeg</href>
</graphic>
<graphtext id="nev12499560n34">
<para id="nev12499560n32">
<ptxt id="nev12499560n30">Remove the bolt#@#@#1#, x2.</ptxt>
</para>
</graphtext>
</grate>
</procstep>
<procstep id="KC08797420">
<title id="nev12499560n28">Removing the ex#@#@#51#ters </title>
<grate id="nev12499560n26">
<graphic id="KC08797458">
<href>0900c8af81d9ad3#@#@#9#.jpeg</href>
</graphic>
<graphtext id="nev12499560n21">
<list1 enumtype="d" id="nev12499560n19" type="unordered">
<title id="nev12499560n17">Remove:</title>
<item id="nev12499560n15">
<ptxt id="nev12499560n13">both exhaust pi#@#@#4# nuts</ptxt>
</item>
<item id="nev12499560n11">
<ptxt id="nev12499560n9">both exhaust pipes.</ptxt>
</item>
</list1>
</graphtext>
</grate>
</procstep>
<procstep id="KC08797421">
<title id="nev12499560n7">Removing the lo#@#@#27#e pad</title>
<grate id="nev12499560n5">
<graphic id="KC08797459">
<href>0900c8af8005992#@#@#9#.jpeg</href>
</graphic>
<graphtext id="nev12499561n250">
<para id="nev12499561n248">
<ptxt id="nev12499561n246">Remove the lowe#@#@#20# pad.</ptxt>
</para>
</graphtext>
</grate>
</procstep>
<procstep id="KC08797422">
<title id="nev12499561n244">Removing the lo#@#@#26#e pad</title>
<grate id="nev12499561n242">
<graphic id="KC08797460">
<href>0900c8af81a72d1#@#@#9#.jpeg</href>
</graphic>
<graphtext id="nev12499561n237">
<para id="nev12499561n235">
<ptxt id="nev12499561n233">Release the hea#@#@#55#ame. </ptxt>
<ptxt id="nev12499561n231">Fold aside the #@#@#82#bolt.</ptxt>
<ptxt id="nev12499561n229">Remove the engi#@#@#9#bolt.</ptxt>
</para>
</graphtext>
</grate>
</procstep>
<procstep id="KC08797423">
<title id="nev12499561n227">Removing the lo#@#@#19#joint</title>
<grate id="nev12499561n225">
<graphic id="KC08797461">
<href>0900c8af81d9aeb#@#@#9#.jpeg</href>
</graphic>
<graphtext id="nev12499561n220">
<note id="nev12499561n218">
<ptxt id="nev12499561n216">Turn the steeri#@#@#150#ated.</ptxt>
</note>
</graphtext>
</grate>
<grate id="nev12499561n214">
<graphic id="KC08797462">
<href>0900c8af800598a#@#@#9#.jpeg</href>
</graphic>
<graphtext id="nev12499561n209">
<note id="nev12499561n207">
<ptxt id="nev12499561n205">On one side, me#@#@#102#ment.</ptxt>
</note>
<list1 enumtype="d" id="nev12499561n203" type="unordered">
<title id="nev12499561n201">Remove:</title>
<item id="nev12499561n199">
<ptxt id="nev12499561n197">the bolt to the#@#@#22#joint</ptxt>
</item>
<item id="nev12499561n195">
<ptxt id="nev12499561n193">the connector t#@#@#10#noid.</ptxt>
</item>
</list1>
</graphtext>
</grate>
</procstep>
<procstep id="KC08797424">
<title id="nev12499561n191">Lowering the su#@#@#2#rame </title>
<grate id="nev12499561n189">
<graphic id="KC08797463">
<href>0900c8af8005990#@#@#9#.jpeg</href>
</graphic>
<graphtext id="nev12499561n184">
<note id="nev12499561n182">
<ptxt id="nev12499561n180">Press the joint#@#@#93#ing. </ptxt>
</note>
<para id="nev12499561n178">
<ptxt id="nev12499561n176">Position a lift#@#@#24#rame.</ptxt>
</para>
<list1 enumtype="d" id="nev12499561n174" type="unordered">
<title id="nev12499561n172">Remove on both #@#@#1#ides:</title>
<item id="nev12499561n170">
<ptxt id="nev12499561n168">the bolts to th#@#@#33# edge</ptxt>
</item>
<item id="nev12499561n166">
<ptxt id="nev12499561n164">the bolts to th#@#@#32# edge</ptxt>
</item>
<item id="nev12499561n162">
<ptxt id="nev12499561n160">the subframe's #@#@#4#kets.</ptxt>
</item>
</list1>
<para id="nev12499561n158">
<ptxt id="nev12499561n156">Release the hea#@#@#51#bar. </ptxt>
<ptxt id="nev12499561n154">Lower the subfr#@#@#9#ully.</ptxt>
</para>
</graphtext>
</grate>
</procstep>
<procstep id="KC08797425">
<title id="nev12499561n152">Removing the re#@#@#15#inued</title>
<grate id="nev12499561n150">
<graphic id="KC08797464">
<href>0900c8af81ada9c#@#@#9#.jpeg</href>
</graphic>
<graphtext id="nev12499561n145">
<para id="nev12499561n143">
<ptxt id="nev12499561n141">Release the pip#@#@#29#ame. </ptxt>
</para>
</graphtext>
</grate>
<grate id="nev12499561n139">
<graphic id="KC08797465">
<href>0900c8af81ada9d#@#@#9#.jpeg</href>
</graphic>
<graphtext id="nev12499561n134">
<para id="nev12499561n132">
<ptxt id="nev12499561n130">Place a contain#@#@#22#gear.</ptxt>
</para>
<list1 enumtype="d" id="nev12499561n128" type="unordered">
<title id="nev12499561n126">Remove:</title>
<item id="nev12499561n124">
<ptxt id="nev12499561n122">the pipes' bolt#@#@#16#using</ptxt>
</item>
<item id="nev12499561n120">
<ptxt id="nev12499561n118">the pipe.</ptxt>
</item>
</list1>
</graphtext>
</grate>
</procstep>
</stepgrp>
<stepgrp id="KC08797426">
<title id="nev12499561n116">Installation</title>
<note id="nev12499561n114">
<ptxt id="nev12499561n112">For tightening #@#@#9#see: <xref id="nev12499561n110">
<ref id="KC08797466"/>
</xref>. </ptxt>
</note>
<procstep id="KC08797427">
<title id="nev12499561n105">Installing the #@#@#6# pipe</title>
<note id="nev12499561n103">
<ptxt id="nev12499561n101">Use a new O-ring.</ptxt>
</note>
<list1 enumtype="d" id="nev12499561n99" type="unordered">
<title id="nev12499561n97">Install:</title>
<item id="nev12499561n95">
<ptxt id="nev12499561n93">the hose with t#@#@#24#rvoir</ptxt>
</item>
<item id="nev12499561n91">
<ptxt id="nev12499561n89">the oil reservoir</ptxt>
</item>
<item id="nev12499561n87">
<ptxt id="nev12499561n85">the pipe in the#@#@#45# (FC)</ptxt>
</item>
<item id="nev12499561n83">
<ptxt id="nev12499561n81">the pipe in the#@#@#17#frame</ptxt>
</item>
<item id="nev12499561n79">
<ptxt id="nev12499561n77">the pipe in the#@#@#9#using</ptxt>
</item>
<item id="nev12499561n75">
<ptxt id="nev12499561n73">the pipes' bolt#@#@#22#sing.</ptxt>
</item>
</list1>
</procstep>
<procstep id="KC08797428">
<title id="nev12499561n71">Installing the #@#@#3#frame</title>
<para id="nev12499573n45">
<ptxt id="nev12499573n44">Install the sub#@#@#8#See: <xref id="nev12499576n29">
<ref id="nev12499578n146"/>
</xref>.</ptxt>
</para>
</procstep>
<procstep id="KC08797429">
<title id="nev12499561n35">Fitting the low#@#@#25#e pad</title>
<hint id="nev12499561n33">
<ptxt id="nev12499561n31">Unscrew the upp#@#@#48#bolt.</ptxt>
</hint>
<list1 enumtype="d" id="nev12499561n29" type="unordered">
<title id="nev12499561n27">Install:</title>
<item id="nev12499561n25">
<ptxt id="nev12499561n23">the lower bolt #@#@#21#0, x1</ptxt>
</item>
<item id="nev12499561n21">
<ptxt id="nev12499561n19">the 2 x heated #@#@#99#gear.</ptxt>
</item>
</list1>
</procstep>
<procstep id="KC08797430">
<title id="nev12499561n17">Fitting the low#@#@#26#e pad</title>
<para id="nev12499561n15">
<ptxt id="nev12499561n13">Fit the lower b#@#@#26#, x1.</ptxt>
</para>
</procstep>
<procstep id="KC08797431">
<title id="nev12499561n11">Installing the #@#@#33# rod </title>
<para id="nev12499561n9">
<ptxt id="nev12499561n7">Fit the bolts, #@#@#19#ith: <xref id="nev12499561n5">
<ref id="KC08797469"/>
</xref>.</ptxt>
</para>
</procstep>
<procstep id="KC08797432">
<title id="nev12499562n250">Installing the #@#@#21#joint</title>
<list1 enumtype="d" id="nev12499562n248" type="unordered">
<title id="nev12499562n246">Install:</title>
<item id="nev12499562n244">
<ptxt id="nev12499562n242">the lower steer#@#@#10#joint</ptxt>
</item>
<item id="nev12499562n240">
<ptxt id="nev12499562n238">the bolt, M8</ptxt>
</item>
<item id="nev12499562n236">
<ptxt id="nev12499562n234">the connector t#@#@#10#noid.</ptxt>
</item>
</list1>
</procstep>
<procstep id="KC08797433">
<title id="nev12499562n232">Installing the #@#@#53#ters </title>
<note id="nev12499562n230">
<ptxt id="nev12499562n228">To ensure that #@#@#29#see: <xref id="nev12499562n226">
<ref id="KC08797470"/>
</xref>
</ptxt>
</note>
<list1 enumtype="d" id="nev12499562n221" type="unordered">
<title id="nev12499562n219">Install:</title>
<item id="nev12499562n217">
<ptxt id="nev12499562n215">both exhaust pipes</ptxt>
</item>
<item id="nev12499562n213">
<ptxt id="nev12499562n211">both exhaust pi#@#@#8#s M8.</ptxt>
</item>
</list1>
</procstep>
<procstep id="KC08797434">
<title id="nev12499562n209">Installing the #@#@#28#ngine</title>
<list1 enumtype="d" id="nev12499562n207" type="unordered">
<title id="nev12499562n205">Install:</title>
<item id="nev12499562n203">
<ptxt id="nev12499562n201">the protective #@#@#17#ngine</ptxt>
</item>
<item id="nev12499562n199">
<ptxt id="nev12499562n197">the bolts, M8, x6.</ptxt>
</item>
</list1>
</procstep>
<procstep id="KC08797435">
<title id="nev12499562n195">Installing the #@#@#11#plate</title>
<para id="nev12499562n193">
<ptxt id="nev12499562n191">Move the protec#@#@#111# M10.</ptxt>
</para>
</procstep>
<procstep id="KC08797436">
<title id="nev12499562n189">Fitting the bol#@#@#26#e pad</title>
<para id="nev12499562n187">
<ptxt id="nev12499562n185">Fit the bolts, #@#@#19#ith: <xref id="nev12499562n183">
<ref id="KC08797471"/>
</xref>.</ptxt>
</para>
</procstep>
<procstep id="KC08797437">
<title id="nev12499562n178">Installing the #@#@#5#liner</title>
<list1 enumtype="d" id="nev12499562n176" type="unordered">
<title id="nev12499562n174">Install:</title>
<item id="nev12499562n172">
<ptxt id="nev12499562n170">the wing liner</ptxt>
</item>
<item id="nev12499562n168">
<ptxt id="nev12499562n166">the plastic nut#@#@#1#, x2.</ptxt>
</item>
</list1>
</procstep>
<procstep id="KC08797438">
<title id="nev12499562n164">Removing the li#@#@#5# tool</title>
<para id="nev12499562n162">
<ptxt id="nev12499562n160">Remove the lift#@#@#5#ool: <toolitem id="KC08797472"/>, the kit: <toolitem id="KC08797473"/> and lifting hooks: <toolitem id="KC08797474"/>.</ptxt>
</para>
</procstep>
<procstep id="KC08797439">
<title id="nev12499562n149">Fitting the bol#@#@#15#e rod</title>
<para id="nev12499562n147">
<ptxt id="nev12499562n145">Fit the bolts, #@#@#43#ides.</ptxt>
</para>
</procstep>
<procstep id="KC08797440">
<title id="nev12499562n143">Filling the pow#@#@#22#rvoir</title>
<caution id="nev12499562n141">
<ptxt id="nev12499562n139">Avoid skin cont#@#@#12# oil.</ptxt>
</caution>
<note id="nev12499562n137">
<ptxt id="nev12499562n135">For the correct#@#@#62#29-1.</ptxt>
</note>
<para id="nev12499562n133">
<ptxt id="nev12499562n131">Fit the battery#@#@#44#oir. </ptxt>
</para>
<para id="nev12499562n129">
<ptxt id="nev12499562n127">Turn the steeri#@#@#46#mes. </ptxt>
<ptxt id="nev12499562n125">Check and fill #@#@#17#sary.</ptxt>
<ptxt id="nev12499562n123">Apply the parki#@#@#4#rake.</ptxt>
<ptxt id="nev12499562n121">Start the engine.</ptxt>
<ptxt id="nev12499562n119">A: Turn the ste#@#@#70#onds.</ptxt>
<ptxt id="nev12499562n117">B: Turn the ste#@#@#100#imes.</ptxt>
</para>
</procstep>
<procstep id="KC08797441">
<title id="nev12499562n115">Finishing</title>
<para id="nev12499562n113">
<ptxt id="nev12499562n111">Remove the oil #@#@#6# cap.</ptxt>
</para>
<list1 enumtype="d" id="nev12499562n109" type="unordered">
<title id="nev12499562n107">Install:</title>
<item id="nev12499562n105">
<ptxt id="nev12499562n103">the upper front#@#@#9#asing</ptxt>
</item>
<item id="nev12499562n101">
<ptxt id="nev12499562n99">the oil filler cap</ptxt>
</item>
<item id="nev12499562n97">
<ptxt id="nev12499562n95">the front wheel#@#@#31#ith: <xref id="nev12499562n93">
<ref id="KC08797475"/>
</xref>.</ptxt>
</item>
</list1>
</procstep>
</stepgrp>
</procedure>
</servinfosub>