<?xml version="1.0" encoding="UTF-8"?><servinfosub IE-ID="en-US0900c8af880adf0a" docno="VCC-371076" id="nev13717905n1" original="sv-SE" servinfosubId="nev13717906n1-nev29379013n1" servinfosubRes="0900c8af88257aff" servinfosubRes2="urn:x-nevis:fragment:0900c8af880adf0a:0900c8af88257aff#nev29379013n1" xml:lang="en-US">
<operationnumbers>
<operationnumber>84313-2</operationnumber>
<operationnumber>84312-2</operationnumber>
</operationnumbers>
<title id="nev13717904n82">Rear window tailgate</title>
<toolitemtable id="nev13717906n1-nev29922469n7">
<table id="nev13717906n1-nev29922469n6">
<tgroup cols="2" id="nev13717906n1-nev29922469n5">
<colspec colname="COLSPEC0" colwidth="1.00*" id="nev13717906n1-nev29922469n4"/>
<colspec colname="COLSPEC1" colwidth="1.00*" id="nev13717906n1-nev29922469n3"/>
<thead id="nev13717906n1-nev29922469n2">
<row id="nev13717906n1-nev29922469n1">
<entry id="nev13717906n1-nev29922470n100" nameend="COLSPEC1" namest="COLSPEC0" valign="top">
<ptxt id="nev13717906n1-nev29922470n99">
<emph id="nev13717906n1-nev29922470n98">Special tools</emph>
</ptxt>
</entry>
</row>
</thead>
<tbody id="nev13717906n1-nev29922470n97">
<row id="nev13717906n1-nev29922470n96">
<entry id="nev13717906n1-nev29922470n95">
<graphic id="nev13717906n1-nev29922470n94">
<href>0900c8af8044534#@#@#9#.jpeg</href>
</graphic>
</entry>
<entry id="nev13717906n1-nev29922470n93">
<ptxt id="nev13717906n1-nev29922470n92">
<emph id="nev13717906n1-nev29922470n91">951 2925 Rollou#@#@#22#oval)</emph>
</ptxt>
<ptxt id="nev13717906n1-nev29922470n89">
<emph id="nev13717906n1-nev29922470n88">Tool number:</emph>951 2925</ptxt>
<ptxt id="nev13717906n1-nev29922470n87">
<emph id="nev13717906n1-nev29922470n86">Tool description:</emph>Rollout 2000 (F#@#@#13#oval)</ptxt>
<ptxt id="nev13717906n1-nev29922470n84">
<emph id="nev13717906n1-nev29922470n83">Tool boards:</emph>80</ptxt>
</entry>
</row>
<row id="nev13717906n1-nev29922470n82">
<entry id="nev13717906n1-nev29922470n81">
<graphic id="nev13717906n1-nev29922470n80">
<href>0900c8af852e8b9#@#@#9#.jpeg</href>
</graphic>
</entry>
<entry id="nev13717906n1-nev29922470n79">
<ptxt id="nev13717906n1-nev29922470n78">
<emph id="nev13717906n1-nev29922470n77">951 2786 Handle#@#@#12#dows)</emph>
</ptxt>
<ptxt id="nev13717906n1-nev29922470n75">
<emph id="nev13717906n1-nev29922470n74">Tool number:</emph>951 2786</ptxt>
<ptxt id="nev13717906n1-nev29922470n73">
<emph id="nev13717906n1-nev29922470n72">Tool description:</emph>Handle (bonded #@#@#3#dows)</ptxt>
<ptxt id="nev13717906n1-nev29922470n70">
<emph id="nev13717906n1-nev29922470n69">Tool boards:</emph>80</ptxt>
</entry>
</row>
<row id="nev13717906n1-nev29922470n68">
<entry id="nev13717906n1-nev29922470n67">
<graphic id="nev13717906n1-nev29922470n66">
<href>0900c8af852e41a#@#@#9#.jpeg</href>
</graphic>
</entry>
<entry id="nev13717906n1-nev29922470n65">
<ptxt id="nev13717906n1-nev29922470n64">
<emph id="nev13717906n1-nev29922470n63">951 2335 Window#@#@#30#6030)</emph>
</ptxt>
<ptxt id="nev13717906n1-nev29922470n61">
<emph id="nev13717906n1-nev29922470n60">Tool number:</emph>951 2335</ptxt>
<ptxt id="nev13717906n1-nev29922470n59">
<emph id="nev13717906n1-nev29922470n58">Tool description:</emph>Window lifter 2#@#@#21#6030)</ptxt>
<ptxt id="nev13717906n1-nev29922470n56">
<emph id="nev13717906n1-nev29922470n55">Tool boards:</emph>
</ptxt>
</entry>
</row>
<row id="nev13717906n1-nev29922470n54">
<entry id="nev13717906n1-nev29922470n53">
<graphic id="nev13717906n1-nev29922470n52">
<href>0900c8af83b0dad#@#@#9#.jpeg</href>
</graphic>
</entry>
<entry id="nev13717906n1-nev29922470n51">
<ptxt id="nev13717906n1-nev29922470n50">
<emph id="nev13717906n1-nev29922470n49">981 4022 Oven 2#@#@#4#SHUKO</emph>
</ptxt>
<ptxt id="nev13717906n1-nev29922470n47">
<emph id="nev13717906n1-nev29922470n46">Tool number:</emph>981 4022</ptxt>
<ptxt id="nev13717906n1-nev29922470n45">
<emph id="nev13717906n1-nev29922470n44">Tool description:</emph>Oven 220V SHUKO</ptxt>
<ptxt id="nev13717906n1-nev29922470n42">
<emph id="nev13717906n1-nev29922470n41">Tool boards:</emph>US99</ptxt>
</entry>
</row>
<row id="nev13717906n1-nev29922470n40">
<entry id="nev13717906n1-nev29922470n39">
<graphic id="nev13717906n1-nev29922470n38">
<href>0900c8af83b1781#@#@#9#.jpeg</href>
</graphic>
</entry>
<entry id="nev13717906n1-nev29922470n37">
<ptxt id="nev13717906n1-nev29922470n36">
<emph id="nev13717906n1-nev29922470n35">981 4023 Oven 2#@#@#1#0V UK</emph>
</ptxt>
<ptxt id="nev13717906n1-nev29922470n33">
<emph id="nev13717906n1-nev29922470n32">Tool number:</emph>981 4023</ptxt>
<ptxt id="nev13717906n1-nev29922470n31">
<emph id="nev13717906n1-nev29922470n30">Tool description:</emph>Oven 220V UK</ptxt>
<ptxt id="nev13717906n1-nev29922470n28">
<emph id="nev13717906n1-nev29922470n27">Tool boards:</emph>US99</ptxt>
</entry>
</row>
<row id="nev13717906n1-nev29922470n26">
<entry id="nev13717906n1-nev29922470n25">
<graphic id="nev13717906n1-nev29922470n24">
<href>0900c8af83b1781#@#@#9#.jpeg</href>
</graphic>
</entry>
<entry id="nev13717906n1-nev29922470n23">
<ptxt id="nev13717906n1-nev29922470n22">
<emph id="nev13717906n1-nev29922470n21">981 4024 Oven 1#@#@#1#0V US</emph>
</ptxt>
<ptxt id="nev13717906n1-nev29922470n19">
<emph id="nev13717906n1-nev29922470n18">Tool number:</emph>981 4024</ptxt>
<ptxt id="nev13717906n1-nev29922470n17">
<emph id="nev13717906n1-nev29922470n16">Tool description:</emph>Oven 110V US</ptxt>
<ptxt id="nev13717906n1-nev29922470n14">
<emph id="nev13717906n1-nev29922470n13">Tool boards:</emph>US99</ptxt>
</entry>
</row>
<row id="nev13717906n1-nev29922470n12">
<entry id="nev13717906n1-nev29922470n11">
<graphic id="nev13717906n1-nev29922470n10">
<href>0900c8af83b0dab#@#@#9#.jpeg</href>
</graphic>
</entry>
<entry id="nev13717906n1-nev29922470n9">
<ptxt id="nev13717906n1-nev29922470n8">
<emph id="nev13717906n1-nev29922470n7">981 4019 Glue g#@#@#8#SHUKO</emph>
</ptxt>
<ptxt id="nev13717906n1-nev29922470n5">
<emph id="nev13717906n1-nev29922470n4">Tool number:</emph>981 4019</ptxt>
<ptxt id="nev13717906n1-nev29922470n3">
<emph id="nev13717906n1-nev29922470n2">Tool description:</emph>Glue gun 220V SHUKO</ptxt>
<ptxt id="nev13717906n1-nev29922471n100">
<emph id="nev13717906n1-nev29922471n99">Tool boards:</emph>US99</ptxt>
</entry>
</row>
<row id="nev13717906n1-nev29922471n98">
<entry id="nev13717906n1-nev29922471n97">
<graphic id="nev13717906n1-nev29922471n96">
<href>0900c8af83b1780#@#@#9#.jpeg</href>
</graphic>
</entry>
<entry id="nev13717906n1-nev29922471n95">
<ptxt id="nev13717906n1-nev29922471n94">
<emph id="nev13717906n1-nev29922471n93">981 4020 Glue g#@#@#5#0V UK</emph>
</ptxt>
<ptxt id="nev13717906n1-nev29922471n91">
<emph id="nev13717906n1-nev29922471n90">Tool number:</emph>981 4020</ptxt>
<ptxt id="nev13717906n1-nev29922471n89">
<emph id="nev13717906n1-nev29922471n88">Tool description:</emph>Glue gun 220V UK</ptxt>
<ptxt id="nev13717906n1-nev29922471n86">
<emph id="nev13717906n1-nev29922471n85">Tool boards:</emph>US99</ptxt>
</entry>
</row>
<row id="nev13717906n1-nev29922471n84">
<entry id="nev13717906n1-nev29922471n83">
<graphic id="nev13717906n1-nev29922471n82">
<href>0900c8af83b1781#@#@#9#.jpeg</href>
</graphic>
</entry>
<entry id="nev13717906n1-nev29922471n81">
<ptxt id="nev13717906n1-nev29922471n80">
<emph id="nev13717906n1-nev29922471n79">981 4021 Glue g#@#@#5#0V US</emph>
</ptxt>
<ptxt id="nev13717906n1-nev29922471n77">
<emph id="nev13717906n1-nev29922471n76">Tool number:</emph>981 4021</ptxt>
<ptxt id="nev13717906n1-nev29922471n75">
<emph id="nev13717906n1-nev29922471n74">Tool description:</emph>Glue gun 110V US</ptxt>
<ptxt id="nev13717906n1-nev29922471n72">
<emph id="nev13717906n1-nev29922471n71">Tool boards:</emph>US99</ptxt>
</entry>
</row>
</tbody>
</tgroup>
</table>
</toolitemtable>
<materialtable id="nev13717906n1-nev29922471n70">
<table id="nev13717906n1-nev29922471n69">
<tgroup cols="2" id="nev13717906n1-nev29922471n68">
<colspec colname="COLSPEC0" colwidth="1.00*" id="nev13717906n1-nev29922471n67"/>
<colspec colname="COLSPEC1" colwidth="1.00*" id="nev13717906n1-nev29922471n66"/>
<thead id="nev13717906n1-nev29922471n65">
<row id="nev13717906n1-nev29922471n64">
<entry id="nev13717906n1-nev29922471n63" nameend="COLSPEC1" namest="COLSPEC0" valign="top">
<ptxt id="nev13717906n1-nev29922471n62">
<emph id="nev13717906n1-nev29922471n61">Materials</emph>
</ptxt>
</entry>
</row>
</thead>
<tbody id="nev13717906n1-nev29922471n60">
<row id="nev13717906n1-nev29922471n59">
<entry id="nev13717906n1-nev29922471n58">
<ptxt id="nev13717906n1-nev29922471n57">
<emph id="nev13717906n1-nev29922471n56">Designation</emph>
</ptxt>
</entry>
<entry id="nev13717906n1-nev29922471n55">
<ptxt id="nev13717906n1-nev29922471n54">
<emph id="nev13717906n1-nev29922471n53">Part number</emph>
</ptxt>
</entry>
</row>
<row id="nev13717906n1-nev29922471n52">
<entry id="nev13717906n1-nev29922471n51">
<ptxt id="nev13717906n1-nev29922471n50">Tape</ptxt>
</entry>
<entry id="nev13717906n1-nev29922471n48">
<ptxt id="nev13717906n1-nev29922471n47"/>
</entry>
</row>
<row id="nev13717906n1-nev29922471n46">
<entry id="nev13717906n1-nev29922471n45">
<ptxt id="nev13717906n1-nev29922471n44">H Cleaner</ptxt>
</entry>
<entry id="nev13717906n1-nev29922471n42">
<ptxt id="nev13717906n1-nev29922471n41">1161436-9</ptxt>
</entry>
</row>
<row id="nev13717906n1-nev29922471n40">
<entry id="nev13717906n1-nev29922471n39">
<ptxt id="nev13717906n1-nev29922471n38">Adhesive kit</ptxt>
</entry>
<entry id="nev13717906n1-nev29922471n36">
<ptxt id="nev13717906n1-nev29922471n35">31299177</ptxt>
</entry>
</row>
</tbody>
</tgroup>
</table>
</materialtable>
<procedure id="nev13717906n1-nev29895997n9">
<stepgrp boilerplate="false" context="" id="nev13717906n1-nev29921906n8">
<title id="nev13717906n1-0800c8af844a46f6">Removal</title>
<procstep id="nev13717906n1-nev29895998n2">
<note id="nev13717906n1-0800c8af844a42fa">
<ptxt>Removal steps i#@#@#45#ails.</ptxt>
</note>
</procstep>
<procstep id="nev13717906n1-nev29895998n5">
<note id="nev13717906n1-0800c8af844a438c">
<ptxt>Make sure that #@#@#38#face.</ptxt>
</note>
</procstep>
<procstep id="nev13717906n1-nev29895998n8">
<para id="nev13717906n1-nev29921906n6">
<ptxt id="nev13717906n1-nev29921906n7">See information#@#@#44#ation<xref boilerplate="true" id="nev13717906n1-0800c8af8456c9a2">
<ref id="nev13717906n1-nev29895999n3"/>
</xref>
</ptxt>
</para>
</procstep>
<procstep id="nev13717906n1-nev29895999n4">
<para id="nev13717906n1-nev29921906n4">
<ptxt id="nev13717906n1-nev29921906n5">See information#@#@#37#ation<xref boilerplate="true" id="nev13717906n1-0800c8af8456c9b4">
<ref id="nev13717906n1-nev29895999n9"/>
</xref>
</ptxt>
</para>
</procstep>
<procstep id="nev13717906n1-nev29895999n10">
<para id="nev13717906n1-nev29921906n2">
<ptxt id="nev13717906n1-nev29921906n3">Remove the tail#@#@#20#panel<xref boilerplate="true" id="nev13717906n1-0800c8af844e8e74">
<ref id="nev13717906n1-nev29896000n5"/>
</xref>
</ptxt>
</para>
</procstep>
<procstep id="nev13717906n1-nev29896000n6">
<para id="nev13717906n1-nev29922469n100">
<ptxt id="nev13717906n1-nev29921906n1">Remove handle o#@#@#8#t lid<xref boilerplate="true" id="nev13717906n1-0800c8af85332354">
<ref id="nev13717906n1-nev29896001n1"/>
</xref>
</ptxt>
</para>
</procstep>
<procstep id="nev13717906n1-nev29922469n99">
<para id="nev13717906n1-nev29922469n95">
<ptxt id="nev13717906n1-nev29922469n97">Remove spoiler rear<xref boilerplate="true" id="nev13717906n1-nev29922469n98">
<ref id="nev13717906n1-nev29922469n96"/>
</xref>
</ptxt>
</para>
</procstep>
<procstep id="nev13717906n1-nev29896001n8">
<grate id="nev13717906n1-nev29922469n93">
<graphic id="nev13717906n1-nev29922469n94">
<href>0900c8af882509a#@#@#9#.jpeg</href>
</graphic>
<graphtext id="nev13717906n1-nev29922517n1">
<para id="nev13717906n1-nev29922469n91">
<ptxt id="nev13717906n1-nev29922469n92">Disconnect the #@#@#6#tors.</ptxt>
</para>
<para id="nev13717906n1-nev29922469n89">
<ptxt id="nev13717906n1-nev29922469n90">
<material id="nev13717906n1-nev29896002n7" materialid="" materialname="Tape" quantity="0.0" showInProcStep="true"/>
</ptxt>
</para>
</graphtext>
</grate>
</procstep>
<procstep id="nev13717906n1-nev29896002n8">
<warning id="nev13717906n1-0800c8af844a47d3">
<ptxt>Wear safety goggles.</ptxt>
</warning>
</procstep>
<procstep id="nev13717906n1-nev29896003n1">
<grate id="nev13717906n1-nev29922469n87">
<graphic id="nev13717906n1-nev29922469n88">
<href>0900c8af8458563#@#@#9#.jpeg</href>
</graphic>
<graphtext id="nev13717906n1-nev29922524n1">
<para id="nev13717906n1-nev29922469n85">
<ptxt id="nev13717906n1-nev29922469n86">
<toolitem boilerplate="true" id="nev13717906n1-nev29896003n7" imageid="0900c8af80445346"/>
</ptxt>
</para>
</graphtext>
</grate>
</procstep>
<procstep id="nev13717906n1-nev29896003n8">
<grate id="nev13717906n1-nev29922469n83">
<graphic id="nev13717906n1-nev29922469n84">
<href>0900c8af858beed#@#@#9#.jpeg</href>
</graphic>
</grate>
</procstep>
<procstep id="nev13717906n1-nev29896004n1">
<grate id="nev13717906n1-nev29922469n81">
<graphic id="nev13717906n1-nev29922469n82">
<href>0900c8af858beed#@#@#9#.jpeg</href>
</graphic>
</grate>
</procstep>
<procstep id="nev13717906n1-nev29896004n4">
<grate id="nev13717906n1-nev29922469n79">
<graphic id="nev13717906n1-nev29922469n80">
<href>0900c8af858beed#@#@#9#.jpeg</href>
</graphic>
</grate>
</procstep>
<procstep id="nev13717906n1-nev29896004n7">
<grate id="nev13717906n1-nev29922469n77">
<graphic id="nev13717906n1-nev29922469n78">
<href>0900c8af858beed#@#@#9#.jpeg</href>
</graphic>
</grate>
</procstep>
<procstep id="nev13717906n1-nev29896004n10">
<grate id="nev13717906n1-nev29922469n75">
<graphic id="nev13717906n1-nev29922469n76">
<href>0900c8af858beee#@#@#9#.jpeg</href>
</graphic>
</grate>
</procstep>
<procstep id="nev13717906n1-nev29896005n3">
<grate id="nev13717906n1-nev29922469n73">
<graphic id="nev13717906n1-nev29922469n74">
<href>0900c8af858beee#@#@#9#.jpeg</href>
</graphic>
</grate>
</procstep>
<procstep id="nev13717906n1-nev29896005n6">
<grate id="nev13717906n1-nev29922469n71">
<graphic id="nev13717906n1-nev29922469n72">
<href>0900c8af858beee#@#@#9#.jpeg</href>
</graphic>
</grate>
</procstep>
<procstep id="nev13717906n1-nev29896005n9">
<grate id="nev13717906n1-nev29922469n69">
<graphic id="nev13717906n1-nev29922469n70">
<href>0900c8af858beef#@#@#9#.jpeg</href>
</graphic>
</grate>
</procstep>
<procstep id="nev13717906n1-nev29896006n2">
<grate id="nev13717906n1-nev29922469n67">
<graphic id="nev13717906n1-nev29922469n68">
<href>0900c8af858beef#@#@#9#.jpeg</href>
</graphic>
</grate>
</procstep>
<procstep id="nev13717906n1-nev29896006n5">
<grate id="nev13717906n1-nev29922469n65">
<graphic id="nev13717906n1-nev29922469n66">
<href>0900c8af858beef#@#@#9#.jpeg</href>
</graphic>
</grate>
</procstep>
<procstep id="nev13717906n1-nev29896006n8">
<grate id="nev13717906n1-nev29922469n63">
<graphic id="nev13717906n1-nev29922469n64">
<href>0900c8af858beef#@#@#9#.jpeg</href>
</graphic>
</grate>
</procstep>
<procstep id="nev13717906n1-nev29896007n1">
<grate id="nev13717906n1-nev29922469n61">
<graphic id="nev13717906n1-nev29922469n62">
<href>0900c8af858beef#@#@#9#.jpeg</href>
</graphic>
<graphtext id="nev13717906n1-nev29922564n1">
<para id="nev13717906n1-nev29922469n59">
<ptxt id="nev13717906n1-nev29922469n60">
<toolitem boilerplate="true" id="nev13717906n1-nev29896007n7" imageid="0900c8af852e8b99"/>
</ptxt>
</para>
</graphtext>
</grate>
</procstep>
<procstep id="nev13717906n1-nev29896007n8">
<grate id="nev13717906n1-nev29922469n57">
<graphic id="nev13717906n1-nev29922469n58">
<href>0900c8af858beef#@#@#9#.jpeg</href>
</graphic>
</grate>
</procstep>
<procstep id="nev13717906n1-nev29896008n1">
<grate id="nev13717906n1-nev29922469n55">
<graphic id="nev13717906n1-nev29922469n56">
<href>0900c8af858c214#@#@#9#.jpeg</href>
</graphic>
<graphtext id="nev13717906n1-nev29922574n1">
<para id="nev13717906n1-nev29922469n53">
<ptxt id="nev13717906n1-nev29922469n54">
<toolitem boilerplate="true" id="nev13717906n1-nev29896008n7" imageid="0900c8af852e41af"/>
</ptxt>
</para>
</graphtext>
</grate>
</procstep>
</stepgrp>
<stepgrp boilerplate="false" context="" id="nev13717906n1-nev29922469n52">
<title id="nev13717906n1-0800c8af844a46f9">Installation</title>
<procstep id="nev13717906n1-nev29896008n10">
<para id="nev13717906n1-nev29922469n50">
<ptxt id="nev13717906n1-nev29922469n51">See information#@#@#44#ation<xref boilerplate="true" id="nev13717906n1-0800c8af8456c9a2">
<ref id="nev13717906n1-nev29896009n5"/>
</xref>
</ptxt>
</para>
</procstep>
<procstep id="nev13717906n1-nev29896009n6">
<para id="nev13717906n1-nev29922469n48">
<ptxt id="nev13717906n1-nev29922469n49">See information#@#@#37#ation<xref boilerplate="true" id="nev13717906n1-0800c8af8456c9b4">
<ref id="nev13717906n1-nev29896010n1"/>
</xref>
</ptxt>
</para>
</procstep>
<procstep id="nev13717906n1-nev29896010n2">
<grate id="nev13717906n1-nev29922469n46">
<graphic id="nev13717906n1-nev29922469n47">
<href>0900c8af84a10cd#@#@#9#.jpeg</href>
</graphic>
<graphtext id="nev13717906n1-nev29922587n1">
<para id="nev13717906n1-nev29922469n44">
<ptxt id="nev13717906n1-nev29922469n45">
<material id="nev13717906n1-nev29896010n8" materialid="1161436-9" materialname="H Cleaner" quantity="0.0" showInProcStep="true"/>
</ptxt>
</para>
</graphtext>
</grate>
</procstep>
<procstep id="nev13717906n1-nev29896010n9">
<grate id="nev13717906n1-nev29922469n42">
<graphic id="nev13717906n1-nev29922469n43">
<href>0900c8af84a10cd#@#@#9#.jpeg</href>
</graphic>
<graphtext id="nev13717906n1-nev29922594n1">
<para id="nev13717906n1-nev29922469n40">
<ptxt id="nev13717906n1-nev29922469n41">
<material id="nev13717906n1-nev29896011n5" materialid="1161436-9" materialname="H Cleaner" quantity="0.0" showInProcStep="true"/>
</ptxt>
</para>
</graphtext>
</grate>
</procstep>
<procstep id="nev13717906n1-nev29896011n6">
<grate id="nev13717906n1-nev29922469n38">
<graphic id="nev13717906n1-nev29922469n39">
<href>0900c8af84c10eb#@#@#9#.jpeg</href>
</graphic>
</grate>
</procstep>
<procstep id="nev13717906n1-nev29896011n9">
<grate id="nev13717906n1-nev29922469n36">
<graphic id="nev13717906n1-nev29922469n37">
<href>0900c8af84c10eb#@#@#9#.jpeg</href>
</graphic>
</grate>
</procstep>
<procstep id="nev13717906n1-nev29896012n2">
<grate id="nev13717906n1-nev29922469n34">
<graphic id="nev13717906n1-nev29922469n35">
<href>0900c8af84a2de5#@#@#9#.jpeg</href>
</graphic>
</grate>
</procstep>
<procstep id="nev13717906n1-nev29896012n5">
<grate id="nev13717906n1-nev29922469n32">
<graphic id="nev13717906n1-nev29922469n33">
<href>0900c8af84a1118#@#@#9#.jpeg</href>
</graphic>
<graphtext id="nev13717906n1-nev29922610n1">
<para id="nev13717906n1-nev29922469n30">
<ptxt id="nev13717906n1-nev29922469n31">
<toolitem boilerplate="true" id="nev13717906n1-nev29896013n1" imageid="0900c8af83b0dad2"/>
<toolitem boilerplate="false" id="nev13717906n1-nev29896013n2" imageid="0900c8af83b17816"/>
<toolitem boilerplate="false" id="nev13717906n1-nev29896013n3" imageid="0900c8af83b17819"/>
<toolitem boilerplate="false" id="nev13717906n1-nev29896013n4" imageid="0900c8af83b0dab7"/>
<toolitem boilerplate="false" id="nev13717906n1-nev29896013n5" imageid="0900c8af83b1780a"/>
<toolitem boilerplate="false" id="nev13717906n1-nev29896013n6" imageid="0900c8af83b17811"/>
</ptxt>
</para>
<para id="nev13717906n1-nev29922469n28">
<ptxt id="nev13717906n1-nev29922469n29">
<material id="nev13717906n1-nev29896013n9" materialid="31299177" materialname="Adhesive kit" quantity="0.0" showInProcStep="true"/>
</ptxt>
</para>
</graphtext>
</grate>
</procstep>
<procstep id="nev13717906n1-nev29896013n10">
<grate id="nev13717906n1-nev29922469n26">
<graphic id="nev13717906n1-nev29922469n27">
<href>0900c8af84a1a70#@#@#9#.jpeg</href>
</graphic>
</grate>
</procstep>
<procstep id="nev13717906n1-nev29896014n3">
<grate id="nev13717906n1-nev29922469n24">
<graphic id="nev13717906n1-nev29922469n25">
<href>0900c8af858c22d#@#@#9#.jpeg</href>
</graphic>
<graphtext id="nev13717906n1-nev29922638n1">
<para id="nev13717906n1-nev29922469n22">
<ptxt id="nev13717906n1-nev29922469n23">
<toolitem boilerplate="true" id="nev13717906n1-nev29896014n9" imageid="0900c8af852e41af"/>
</ptxt>
</para>
</graphtext>
</grate>
</procstep>
<procstep id="nev13717906n1-nev29896014n10">
<grate id="nev13717906n1-nev29922469n20">
<graphic id="nev13717906n1-nev29922469n21">
<href>0900c8af8456c60#@#@#9#.jpeg</href>
</graphic>
<graphtext id="nev13717906n1-nev29922645n1">
<warning id="nev13717906n1-0800c8af84579151">
<ptxt>Wait for the sp#@#@#59# car.</ptxt>
</warning>
</graphtext>
</grate>
</procstep>
</stepgrp>
<stepgrp boilerplate="false" context="" id="nev13717906n1-nev29922469n19">
<title id="nev13717906n1-0800c8af844a46f9">Installation</title>
<procstep id="nev13717906n1-nev29896015n8">
<para id="nev13717906n1-nev29922469n17">
<ptxt id="nev13717906n1-nev29922469n18">To install, rev#@#@#22#dure.</ptxt>
</para>
</procstep>
<procstep id="nev13717906n1-nev29896016n2">
<para id="nev13717906n1-nev29922469n15">
<ptxt id="nev13717906n1-nev29922469n16">Install handle #@#@#12#t lid<xref boilerplate="true" id="nev13717906n1-0800c8af8636bb7b">
<ref id="nev13717906n1-nev29896016n7"/>
</xref>
</ptxt>
</para>
</procstep>
<procstep id="nev13717906n1-nev29922469n14">
<para id="nev13717906n1-nev29922469n10">
<ptxt id="nev13717906n1-nev29922469n12">Install spoiler rear<xref boilerplate="true" id="nev13717906n1-nev29922469n13">
<ref id="nev13717906n1-nev29922469n11"/>
</xref>
</ptxt>
</para>
</procstep>
<procstep id="nev13717906n1-nev29896016n8">
<para id="nev13717906n1-nev29922469n8">
<ptxt id="nev13717906n1-nev29922469n9">Install the tai#@#@#21#panel<xref boilerplate="true" id="nev13717906n1-0800c8af8456c9d8">
<ref id="nev13717906n1-nev29896017n3"/>
</xref>
</ptxt>
</para>
</procstep>
</stepgrp>
</procedure>
</servinfosub>