<?xml version="1.0" encoding="UTF-8"?><servinfosub IE-ID="en-US0900c8af850dcf0a" docno="VCC-421677" id="nev16133423n1" original="sv-SE" servinfosubId="nev20684707n1-nev20684707n2" servinfosubRes="0900c8af862b9ee5" servinfosubRes2="urn:x-nevis:fragment:0900c8af850dcf0a:0900c8af862b9ee5#nev20684707n2" xml:lang="en-US">
<title id="nev16133423n2">Signal specific#@#@#30#(FSM)</title>
<procedure id="nev20684707n1-nev16133423n3">
<stepgrp id="nev20684707n1-nev16133423n4">
<procstep id="nev20684707n1-nev16133423n5">
<title id="nev20684707n1-nev16133423n6"/>
<para id="nev20684707n1-nev16133423n7">
<ptxt id="nev20684707n1-nev16133423n8">For structure w#@#@#13#see: <xref id="nev20684707n1-nev16133423n9">
<ref id="nev20684707n1-nev16133423n10"/>
</xref>
</ptxt>
<ptxt id="nev20684707n1-nev16133424n1">For structure w#@#@#13#see: <xref id="nev20684707n1-nev16133424n2">
<ref id="nev20684707n1-nev16133424n3"/>
</xref>
</ptxt>
</para>
</procstep>
</stepgrp>
</procedure>
</servinfosub>