<?xml version="1.0" encoding="UTF-8"?><servinfosub IE-ID="en-US0900c8af80497f0a" docno="VCC-082395" id="KC01415010" xml:lang="en-US">
<title>Transmission, i#@#@#23#ement</title>
<procedure opcode="1234" opnbr="1234">
<proctools>
<toolitem id="KC08548878"/>
<toolitem id="KC08548879"/>
</proctools>
<stepgrp>
<note>
<ptxt>Preparations: B#@#@#58#ions <xref>
<ref id="KC08548880"/>
</xref> and <xref>
<ref id="KC08548881"/>
</xref>.</ptxt>
</note>
<procstep id="KC01453999">
<title>Remove throwout#@#@#20#leeve</title>
<grate>
<graphic id="KC08548882" width="column">
<href>0900c8af803f676#@#@#9#.jpeg</href>
</graphic>
<graphtext>
<list1 type="unordered">
<item>
<ptxt>Remove the thre#@#@#23#eeve.</ptxt>
</item>
</list1>
</graphtext>
</grate>
</procstep>
<procstep id="KC01454000">
<title>Tap in extracto#@#@#5# 5489</title>
<grate>
<graphic id="KC08548883" width="column">
<href>0900c8af803f676#@#@#9#.jpeg</href>
</graphic>
<graphtext>
<note>
<ptxt>Jackscrew in ex#@#@#21#ewed.</ptxt>
</note>
<list1 type="unordered">
<item>
<ptxt>Check that extr#@#@#25#eal.
</ptxt>
</item>
</list1>
<ptxt>
<emph>Remove input sh#@#@#4#seal.</emph>
</ptxt>
</graphtext>
</grate>
</procstep>
<procstep id="KC01454001">
<title>Install new inp#@#@#8# seal</title>
<grate>
<graphic id="KC08548884" width="column">
<href>0900c8af803f676#@#@#9#.jpeg</href>
</graphic>
<graphtext>
<list1 type="unordered">
<item>
<ptxt>Lubricate lip o#@#@#18#seal.</ptxt>
</item>
<item>
<ptxt>Use drift <toolitem id="KC08548885"/>.
</ptxt>
</item>
<item>
<ptxt>Tap in input sh#@#@#52#over.</ptxt>
</item>
</list1>
</graphtext>
</grate>
</procstep>
<procstep id="KC01454002">
<title>Install throwou#@#@#11#leeve</title>
<grate>
<graphic id="KC08548886" width="column">
<href>0900c8af803f676#@#@#9#.jpeg</href>
</graphic>
<graphtext>
<list1 type="unordered">
<item>
<ptxt>Apply locking f#@#@#17#olts.</ptxt>
</item>
<item>
<ptxt>Install the thr#@#@#19#n to <emph>10 Nm</emph>.
</ptxt>
</item>
</list1>
<note>
<ptxt>Continue with <xref>
<ref id="KC08548887"/>
</xref> and <xref>
<ref id="KC08548888"/>
</xref>. </ptxt>
</note>
</graphtext>
</grate>
</procstep>
</stepgrp>
</procedure>
</servinfosub>