<?xml version="1.0" encoding="UTF-8"?><servinfosub IE-ID="en-US0900c8af80cc8f0a" docno="VCC-151106" id="KC02739800" xml:lang="en-US">
<title>
<phrase category="" id="KC07852412" phrase-urn="urn:x-nevis:phrase:0800c8af81c29474">Diagnostic trou#@#@#30#-8602</phrase>
</title>
<diagnostic type="condition">
<condgrp>
<condition type="condition">
<grate>
<graphic id="KC07852413" width="column">
<href>0900c8af8073189#@#@#9#.jpeg</href>
</graphic>
<graphtext>
<para>
<ptxt>
<phrase category="" id="KC07852414" phrase-urn="urn:x-nevis:phrase:0800c8af81c29475">The diagnostic #@#@#181#ased.</phrase>
</ptxt>
</para>
<para>
<ptxt>
<phrase category="" id="KC07852415" phrase-urn="urn:x-nevis:phrase:0800c8af81c29476">The diagnostic #@#@#64#d on.</phrase>
</ptxt>
</para>
</graphtext>
</grate>
</condition>
</condgrp>
<condgrp>
<condition type="substitution">
<list1 enumtype="d">
<item>
<ptxt>
<phrase category="" id="KC07852416" phrase-urn="urn:x-nevis:phrase:0800c8af81c29477">None.</phrase>
</ptxt>
</item>
</list1>
</condition>
<ps>
<list1 enumtype="d" type="unordered">
<item>
<ptxt>
<phrase category="" id="KC07852417" phrase-urn="urn:x-nevis:phrase:0800c8af81c29478">Internal fault #@#@#17#dule.</phrase>
</ptxt>
</item>
</list1>
</ps>
</condgrp>
<condgrp>
<condition type="symptom">
<list1 enumtype="d" type="unordered">
<item>
<ptxt>
<phrase category="" id="KC07852418" phrase-urn="urn:x-nevis:phrase:0800c8af81c29479">Poor heating in#@#@#21#tment</phrase>
</ptxt>
</item>
<item>
<ptxt>
<phrase category="" id="KC07852419" phrase-urn="urn:x-nevis:phrase:0800c8af81c2947a">The parking hea#@#@#16#rate.</phrase>
</ptxt>
</item>
</list1>
</condition>
</condgrp>
</diagnostic>
</servinfosub>