<?xml version="1.0" encoding="UTF-8"?><diagnostic IE-ID="en-US0900c8af84909f0a" docno="VCC-394192" id="nev14463188n1" j2008use="1" layout="0" paperuse="1" screenuse="1" type="test" xml:lang="en-US">
<title>
<phrase category="" id="nev14463188n2" phrase-urn="urn:x-nevis:phrase:0800c8af82740a09">Verification</phrase>
</title>
<testgrp IE-ID="en-US0900c8af84909f0a_nev14463188n3" id="nev14463188n3" j2008use="1" paperuse="1" resumable="1" screenuse="1" testgrp-id="verifnode" x="120" y="120">
<title>
<phrase category="" id="nev14463188n4" phrase-urn="urn:x-nevis:phrase:0800c8af82740a0a">Verification</phrase>
</title>
<node>
<test1>
<hint>
<ptxt>
<phrase category="" id="nev14463188n5" phrase-urn="urn:x-nevis:phrase:0800c8af82740a0b">After carrying #@#@#50#died.</phrase>
</ptxt>
</hint>
<diaglist>
<dgraphic>
<dgraphic1>
<graphic id="nev14463188n6">
<href>0900c8af80054d3#@#@#9#.jpeg</href>
</graphic>
</dgraphic1>
<dgraphic2>
<graphic id="nev14463188n7">
<href>0900c8af80054d7#@#@#9#.jpeg</href>
</graphic>
</dgraphic2>
</dgraphic>
<ditem>
<ptxt>
<phrase category="" id="nev14463188n8" phrase-urn="urn:x-nevis:phrase:0800c8af82740a0c">Ignition off</phrase>
</ptxt>
</ditem>
<ditem>
<ptxt>
<phrase category="" id="nev14463188n9" phrase-urn="urn:x-nevis:phrase:0800c8af82740a0d">Reinstall the c#@#@#21# etc.</phrase>
</ptxt>
</ditem>
<ditem>
<ptxt>
<phrase category="" id="nev14463188n10" phrase-urn="urn:x-nevis:phrase:0800c8af82740a0e">Engine idling</phrase>
</ptxt>
</ditem>
<ditem>
<ptxt>
<phrase category="" id="nev14463189n1" phrase-urn="urn:x-nevis:phrase:0800c8af82740a0f">Read off the fu#@#@#43#ump. </phrase>
</ptxt>
</ditem>
</diaglist>
<test2>
<list1 enumtype="d" type="unordered">
<item>
<ptxt>
<phrase category="" id="nev14463189n2" phrase-urn="urn:x-nevis:phrase:0800c8af82740a10">The upper digit#@#@#124#ensor</phrase>
</ptxt>
</item>
<item>
<ptxt>
<phrase category="" id="nev14463189n3" phrase-urn="urn:x-nevis:phrase:0800c8af82740a11">The center digi#@#@#155#&amp; %.)</phrase>
</ptxt>
</item>
<item>
<ptxt>
<phrase category="" id="nev14463189n4" phrase-urn="urn:x-nevis:phrase:0800c8af82740a12">The lower digit#@#@#268#sure.</phrase>
</ptxt>
</item>
</list1>
<para>
<ptxt>
<phrase category="" id="nev14463189n5" phrase-urn="urn:x-nevis:phrase:0800c8af82740a14">Check the fuel #@#@#240#tion.</phrase>
</ptxt>
</para>
<diaglist>
<dgraphic>
<dgraphic2>
<graphic id="nev14463189n6">
<href>0900c8af86c8681#@#@#9#.jpeg</href>
</graphic>
<smarttool active="press" id="nev14463189n7"/>
</dgraphic2>
</dgraphic>
<ditem>
<ditemtext>
<ptxt>
<phrase category="" id="nev14463189n8" phrase-urn="urn:x-nevis:phrase:0800c8af82740a15"/>
</ptxt>
</ditemtext>
</ditem>
</diaglist>
</test2>
</test1>
<question>
Is the signal #@#@#23#nge?
</question>
<resact-grp>
<result button="yes" comp="button" highlight="0"/>
<action j2008use="1" paperuse="1" screenuse="1">
<return value="VERIFIED"/>
</action>
</resact-grp>
<resact-grp>
<result button="no" comp="button" highlight="0"/>
<action j2008use="1" paperuse="1" screenuse="1">
<return value="VERIFICATION FAILED"/>
</action>
</resact-grp>
</node>
</testgrp>
</diagnostic>