<?xml version="1.0" encoding="UTF-8"?><servinfosub IE-ID="en-US0900c8af8067e10e" docno="VCC-076616" id="KC02037565" xml:lang="en-US">
<title>
<phrase category="" id="KC08514793" phrase-urn="urn:x-nevis:phrase:0800c8af81dd5e37">DTC information</phrase>
</title>
<diagnostic id="KC02053742" type="condition">
<condgrp>
<condition type="condition">
<ptxt>
<phrase category="" id="KC08514794" phrase-urn="urn:x-nevis:phrase:0800c8af81dd5e3b">      When igni#@#@#188# set.</phrase>
</ptxt>
</condition>
<ps>
<list1 enumtype="d" type="unordered">
<item>
<ptxt>
<phrase category="" id="KC08514795" phrase-urn="urn:x-nevis:phrase:0800c8af81dd5e47">      Wrong ign#@#@#46#keys.</phrase>
</ptxt>
</item>
</list1>
</ps>
</condgrp>
<condgrp>
<condition type="symptom">
<list1 enumtype="d" type="unordered">
<item>
<ptxt>
<phrase category="" id="KC08514796" phrase-urn="urn:x-nevis:phrase:0800c8af81dd5e53">      Engine do#@#@#8#tart.</phrase>
</ptxt>
</item>
<item>
<ptxt>
<phrase category="" id="KC08514797" phrase-urn="urn:x-nevis:phrase:0800c8af81dd5e61">      Engine st#@#@#87#rts).</phrase>
</ptxt>
</item>
</list1>
<grate>
<graphic id="KC08514798">
<href>0900c8af803f130#@#@#9#.jpeg</href>
</graphic>
</grate>
</condition>
</condgrp>
</diagnostic>
</servinfosub>