<?xml version="1.0" encoding="UTF-8"?><servinfosub IE-ID="en-US0900c8af8491710e" docno="VCC-394695" id="nev14481794n1" xml:lang="en-US">
<title>
<phrase category="" id="nev14481794n2" phrase-urn="urn:x-nevis:phrase:0800c8af82723f70">Fault tracing D#@#@#5#96162</phrase>
</title>
<diagnostic j2008use="1" layout="0" paperuse="1" screenuse="1" type="test">
<testgrp IE-ID="en-US0900c8af8491710e_nev14481848n100" id="nev14481848n100" j2008use="1" paperuse="0" resumable="1" screenuse="1" x="120" y="120">
<title id="nev14481848n99">
<phrase category="Title" id="nev14481850n1" phrase-urn="urn:x-nevis:phrase:0800c8af84913f38">Checking pressu#@#@#20#ensor</phrase>
</title>
<subcalloutnode id="nev14481848n98">
<diagcallout id="nev14481848n97">
<xref id="nev14481848n96">
<ref id="l1234449841218"/>
</xref>
</diagcallout>
<rescall-grp id="nev14481848n95">
<result comp="string" highlight="0" id="nev14481848n94" op="eq" return="DONE"/>
<calloutaction id="nev14481848n91">
<return id="nev14481848n90" value="DONE"/>
</calloutaction>
</rescall-grp>
<rescall-grp id="nev14481848n93">
<result comp="string" highlight="0" id="nev14481848n92" op="eq" return="FAULT NOT FOUND"/>
<calloutaction id="nev14481848n89">
<ptxt id="nev14481848n88">
<xref id="nev14481848n87">
<ref id="nev14481848n86"/>
</xref>
</ptxt>
</calloutaction>
</rescall-grp>
</subcalloutnode>
</testgrp>
<testgrp id="nev14481794n3" j2008use="1" paperuse="1" resumable="1" screenuse="1" testgrp-id="node2" x="120" y="240">
<title>
<phrase category="" id="nev14481794n4" phrase-urn="urn:x-nevis:phrase:0800c8af82723f71">Checking the fu#@#@#1#ction</phrase>
</title>
<node>
<test1>
<diaglist>
<dgraphic>
<dgraphic1>
<graphic id="nev14481794n5">
<href>0900c8af80054d3#@#@#9#.jpeg</href>
</graphic>
</dgraphic1>
</dgraphic>
<ditem>
<caution>
<ptxt>
<phrase category="" id="nev14481794n6" phrase-urn="urn:x-nevis:phrase:0800c8af82723f72">Carry out the t#@#@#153#afts.</phrase>
</ptxt>
</caution>
<warning>
<ptxt>
<phrase category="" id="nev14481794n7" phrase-urn="urn:x-nevis:phrase:0800c8af82723f73">Ensure that the#@#@#74#eads.</phrase>
</ptxt>
</warning>
<note>
<ptxt>
<phrase category="" id="nev14481794n8" phrase-urn="urn:x-nevis:phrase:0800c8af82723f75">If the vehicle #@#@#330#omer.</phrase>
</ptxt>
</note>
</ditem>
<ditem>
<ptxt>
<phrase category="" id="nev14481794n9" phrase-urn="urn:x-nevis:phrase:0800c8af82723f76">Engine idling.</phrase>
</ptxt>
</ditem>
<ditem>
<ptxt>
<phrase category="" id="nev14481794n10" phrase-urn="urn:x-nevis:phrase:0800c8af82723f77">Read off the oi#@#@#6#sure.</phrase>
</ptxt>
</ditem>
</diaglist>
<test2>
<para>
<ptxt>
<phrase category="" id="nev14481795n1" phrase-urn="urn:x-nevis:phrase:0800c8af82723f78">Check that the #@#@#320#utch.</phrase>
</ptxt>
</para>
<hint>
<ptxt>
<phrase category="" id="nev14481795n2" phrase-urn="urn:x-nevis:phrase:0800c8af82723f79">The oil pressur#@#@#42# MPa.</phrase>
</ptxt>
</hint>
<para>
<ptxt>
<phrase category="" id="nev14481795n3" phrase-urn="urn:x-nevis:phrase:0800c8af82723f7a">Also check the #@#@#14#kage.</phrase>
</ptxt>
</para>
<para>
<ptxt>
<phrase category="" id="nev14481795n4" phrase-urn="urn:x-nevis:phrase:0800c8af82723f7b">Remedy as necessary.</phrase>
</ptxt>
</para>
<list1 enumtype="d" type="unordered">
<title>
<phrase category="" id="nev14481795n5" phrase-urn="urn:x-nevis:phrase:0800c8af82723f7c">Other information:</phrase>
</title>
<item>
<ptxt>
<phrase category="" id="nev14481795n6" phrase-urn="urn:x-nevis:phrase:0800c8af82723f7d">For further inf#@#@#55#gram </phrase>
</ptxt>
</item>
<item>
<ptxt>
<phrase category="" id="nev14481795n7" phrase-urn="urn:x-nevis:phrase:0800c8af82723f7e">
<xref>
<ref id="KC09589807"/>
</xref>
</phrase>
</ptxt>
</item>
<item>
<ptxt>
<phrase category="" id="nev14481795n9" phrase-urn="urn:x-nevis:phrase:0800c8af82723f7f">
<xref>
<ref id="KC09589809"/>
</xref>
</phrase>
</ptxt>
</item>
<item>
<ptxt>
<phrase category="" id="nev14481796n1" phrase-urn="urn:x-nevis:phrase:0800c8af82723f80">
<xref>
<ref id="KC09589811"/>
</xref>
</phrase>
</ptxt>
</item>
<item>
<ptxt>
<phrase category="" id="nev14481796n3" phrase-urn="urn:x-nevis:phrase:0800c8af82723f81">
<xref>
<ref id="KC09589813"/>
</xref>
</phrase>
</ptxt>
</item>
</list1>
<diaglist>
<dgraphic>
<dgraphic2>
<graphic id="nev14481796n5">
<href>0900c8af86c8681#@#@#9#.jpeg</href>
</graphic>
<smarttool active="press" id="nev14481796n6" toolname="GDEM0002"/>
</dgraphic2>
</dgraphic>
<ditem>
<ditemtext>
<ptxt>
<phrase category="" id="nev14481796n7" phrase-urn="urn:x-nevis:phrase:0800c8af82723f82"/>
</ptxt>
</ditemtext>
</ditem>
</diaglist>
</test2>
</test1>
<question>
Select Continue.
</question>
<resact-grp>
<result button="cont" comp="button" highlight="0"/>
<action j2008use="1" paperuse="1" screenuse="1">
<ptxt>
<xref>
<ref id="nev14481796n9"/>
</xref>
</ptxt>
</action>
</resact-grp>
</node>
</testgrp>
<testgrp id="nev14481796n10" j2008use="1" paperuse="1" resumable="1" screenuse="1" testgrp-id="veri1" x="120" y="360">
<title>
<phrase category="" id="nev14481797n1" phrase-urn="urn:x-nevis:phrase:0800c8af82723f84">Verification</phrase>
</title>
<subcalloutnode>
<diagcallout>
<xref>
<ref id="nev14481797n2"/>
</xref>
</diagcallout>
<rescall-grp>
<result comp="string" highlight="0" op="eq" return="VERIFIED"/>
<calloutaction>
<return value="FAULT FOUND"/>
</calloutaction>
</rescall-grp>
<rescall-grp>
<result comp="string" highlight="0" op="eq" return="VERIFICATION FAILED"/>
<calloutaction>
<ptxt>
<xref>
<ref id="nev14481797n3"/>
</xref>
</ptxt>
</calloutaction>
</rescall-grp>
</subcalloutnode>
</testgrp>
<testgrp id="nev14481797n4" j2008use="1" paperuse="0" resumable="1" screenuse="1" testgrp-id="info1" x="120" y="520">
<title>
<phrase category="" id="nev14481797n5" phrase-urn="urn:x-nevis:phrase:0800c8af82723f85">Fault-tracing i#@#@#5#ation</phrase>
</title>
<subcalloutnode>
<diagcallout>
<xref>
<ref id="nev14481797n6"/>
</xref>
</diagcallout>
<rescall-grp>
<result comp="string" highlight="0" op="eq" return="FAULTTRACING FAILED"/>
<calloutaction>
<return value="FAULTTRACING FAILED"/>
</calloutaction>
</rescall-grp>
<rescall-grp id="nev14481848n85">
<result comp="string" highlight="0" id="nev14481848n84" op="eq" return="NEW TRY"/>
<calloutaction id="nev14481848n83">
<ptxt id="nev14481848n82">
<xref id="nev14481848n81">
<ref id="nev14481848n80"/>
</xref>
</ptxt>
</calloutaction>
</rescall-grp>
</subcalloutnode>
</testgrp>
</diagnostic>
</servinfosub>