<?xml version="1.0" encoding="UTF-8"?><servinfosub IE-ID="en-US0900c8af8135a10e" docno="VCC-156191" id="KC03017969" xml:lang="en-US">
<title>
<phrase category="" id="KC09513221" phrase-urn="urn:x-nevis:phrase:0800c8af82711fa3">Temperature too high</phrase>
</title>
<diagnostic type="test">
<testgrp IE-ID="en-US0900c8af8135a10e_KC03094160" id="KC03094160" j2008use="1" paperuse="1" resumable="1" screenuse="1" testgrp-id="node1" x="120" y="80">
<title>
<phrase category="" id="KC09513222" phrase-urn="urn:x-nevis:phrase:0800c8af82711fa4">Checking transm#@#@#26#ensor</phrase>
</title>
<node>
<test1>
<diaglist>
<dgraphic>
<dgraphic1>
<graphic id="KC09513223">
<href>0900c8af80054d5#@#@#9#.jpeg</href>
</graphic>
</dgraphic1>
</dgraphic>
<ditem>
<ptxt>
<phrase category="" id="KC09513224" phrase-urn="urn:x-nevis:phrase:0800c8af82711fa5">Ignition on</phrase>
</ptxt>
</ditem>
<ditem>
<ptxt>
<phrase category="" id="KC09513225" phrase-urn="urn:x-nevis:phrase:0800c8af82711fa6">Read off the oi#@#@#9#ture.</phrase>
</ptxt>
</ditem>
</diaglist>
<test2>
<para>
<ptxt>
<phrase category="" id="KC09513226" phrase-urn="urn:x-nevis:phrase:0800c8af82711fa7">Check that the #@#@#37#ange.</phrase>
</ptxt>
<ptxt>
<phrase category="" id="KC09513227" phrase-urn="urn:x-nevis:phrase:0800c8af82711fa8">Compare with th#@#@#22#ture.</phrase>
</ptxt>
</para>
<note>
<ptxt>
<phrase category="" id="KC09513228" phrase-urn="urn:x-nevis:phrase:0800c8af82711fa9">The transmissio#@#@#112#oids.</phrase>
</ptxt>
</note>
<para>
<ptxt>
<phrase category="" id="KC09513229" phrase-urn="urn:x-nevis:phrase:0800c8af82711faa">The fault is pe#@#@#53#ange.</phrase>
</ptxt>
</para>
<para>
<ptxt>
<phrase category="" id="KC09513230" phrase-urn="urn:x-nevis:phrase:0800c8af82711fab">If the temperat#@#@#162#tent.</phrase>
</ptxt>
</para>
<diaglist>
<dgraphic>
<dgraphic2>
<graphic id="KC09513231">
<href>0900c8af86c8681#@#@#9#.jpeg</href>
</graphic>
<smarttool active="press" id="KC09513232" toolname="YTCMA631"/>
</dgraphic2>
</dgraphic>
<ditem>
<ditemtext>
<ptxt>
<phrase category="" id="KC09513233" phrase-urn="urn:x-nevis:phrase:0800c8af82711fac"/>
</ptxt>
</ditemtext>
</ditem>
</diaglist>
<grate>
<graphic id="KC09513234">
<href>0900c8af813594e#@#@#9#.jpeg</href>
</graphic>
</grate>
</test2>
</test1>
<question>
Select Continue
</question>
<resact-grp>
<result button="cont" comp="button" highlight="0"/>
<action j2008use="1" paperuse="1" screenuse="1">
<ptxt>
<xref>
<ref id="KC09513236"/>
</xref>
</ptxt>
</action>
</resact-grp>
</node>
</testgrp>
<testgrp id="KC03094161" j2008use="1" paperuse="1" resumable="1" screenuse="1" testgrp-id="node2" x="120" y="160">
<title>
<phrase category="" id="KC09513237" phrase-urn="urn:x-nevis:phrase:0800c8af82711fae">Checking cable #@#@#8#onent</phrase>
</title>
<node>
<test1>
<diaglist>
<dgraphic>
<dgraphic1>
<graphic id="KC09513238">
<href>0900c8af80054d4#@#@#9#.jpeg</href>
</graphic>
</dgraphic1>
<dgraphic2>
<graphic id="KC09513239">
<href>0900c8af80054d7#@#@#9#.jpeg</href>
</graphic>
</dgraphic2>
</dgraphic>
<ditem>
<ptxt>
<phrase category="" id="KC09513240" phrase-urn="urn:x-nevis:phrase:0800c8af82711faf">Ignition off</phrase>
</ptxt>
</ditem>
<ditem>
<ptxt>
<phrase category="" id="KC09513241" phrase-urn="urn:x-nevis:phrase:0800c8af82711fb1">Expose the tran#@#@#19#stem.</phrase>
</ptxt>
</ditem>
</diaglist>
<test2>
<para>
<ptxt>
<phrase category="" id="KC09513242" phrase-urn="urn:x-nevis:phrase:0800c8af82711fb2">Check the cable#@#@#251#ther.</phrase>
</ptxt>
</para>
<hint>
<ptxt>
<phrase category="" id="KC09513243" phrase-urn="urn:x-nevis:phrase:0800c8af82711fb3">Check the tempe#@#@#222#elow.</phrase>
</ptxt>
</hint>
<ptxt>
<phrase category="" id="KC09513244" phrase-urn="urn:x-nevis:phrase:0800c8af82711fb4">Remedy as necessary.</phrase>
</ptxt>
<list1 enumtype="d" type="unordered">
<title>
<phrase category="" id="KC09513245" phrase-urn="urn:x-nevis:phrase:0800c8af82711fb5">Other information</phrase>
</title>
<item>
<ptxt>
<phrase category="" id="KC09513246" phrase-urn="urn:x-nevis:phrase:0800c8af82711fb6">
<xref>
<ref id="KC09513247"/>
</xref>
</phrase>
</ptxt>
</item>
<item>
<ptxt>
<phrase category="" id="KC09513248" phrase-urn="urn:x-nevis:phrase:0800c8af82711fb9">
<xref>
<ref id="KC09513249"/>
</xref>
</phrase>
</ptxt>
</item>
<item>
<ptxt>
<phrase category="" id="KC09513250" phrase-urn="urn:x-nevis:phrase:0800c8af82711fba">
<xref>
<ref id="KC09513251"/>
</xref>
</phrase>
</ptxt>
</item>
<item>
<ptxt>
<phrase category="" id="KC09513252" phrase-urn="urn:x-nevis:phrase:0800c8af82711fbb">
<xref>
<ref id="KC09513253"/>
</xref>
</phrase>
</ptxt>
</item>
<item>
<ptxt>
<phrase category="" id="KC09513254" phrase-urn="urn:x-nevis:phrase:0800c8af82711fbe">
<xref>
<ref id="KC09513255"/>
</xref>
</phrase>
</ptxt>
</item>
</list1>
<diaglist>
<dgraphic>
<dgraphic1>
<graphic id="KC09513256">
<href>0900c8af813591d#@#@#9#.jpeg</href>
</graphic>
</dgraphic1>
<dgraphic2>
<graphic id="KC09513257">
<href>0900c8af80054d4#@#@#9#.jpeg</href>
</graphic>
<smarttool active="press" id="KC09513258" toolname="ODAH"/>
</dgraphic2>
</dgraphic>
<ditem>
<ditemtext>
<ptxt>
<phrase category="" id="KC09513259" phrase-urn="urn:x-nevis:phrase:0800c8af82711fbf"/>
</ptxt>
</ditemtext>
</ditem>
</diaglist>
<grate>
<graphic id="KC09513260">
<href>0900c8af813594e#@#@#9#.jpeg</href>
</graphic>
</grate>
</test2>
</test1>
<question>
Select Continue.
</question>
<resact-grp>
<result button="cont" comp="button" highlight="0"/>
<action j2008use="1" paperuse="1" screenuse="1">
<ptxt>
<xref>
<ref id="KC09513262"/>
</xref>
</ptxt>
</action>
</resact-grp>
</node>
</testgrp>
<testgrp id="KC03094162" j2008use="1" paperuse="1" resumable="1" screenuse="1" testgrp-id="adapt" x="280" y="80">
<title>
<phrase category="" id="KC09513263" phrase-urn="urn:x-nevis:phrase:0800c8af82711fc1">Resetting count#@#@#1#r oil</phrase>
</title>
<subcalloutnode>
<diagcallout>
<xref>
<ref id="KC09513264"/>
</xref>
</diagcallout>
<rescall-grp>
<result comp="string" highlight="0" op="eq" return="DONE"/>
<calloutaction>
<ptxt>
<xref>
<ref id="KC09513265"/>
</xref>
</ptxt>
</calloutaction>
</rescall-grp>
</subcalloutnode>
</testgrp>
<testgrp id="KC03094163" j2008use="1" paperuse="1" resumable="1" screenuse="1" testgrp-id="veria" x="280" y="160">
<title>
<phrase category="" id="KC09513266" phrase-urn="urn:x-nevis:phrase:0800c8af82711fc2">Verification</phrase>
</title>
<subcalloutnode>
<diagcallout>
<xref>
<ref id="KC09513267"/>
</xref>
</diagcallout>
<rescall-grp>
<result comp="string" highlight="0" op="eq" return="VERIFICATION FAILED"/>
<calloutaction>
<ptxt>
<xref>
<ref id="KC09513268"/>
</xref>
</ptxt>
</calloutaction>
</rescall-grp>
<rescall-grp>
<result comp="string" highlight="0" op="eq" return="PAPER"/>
<calloutaction>
<return value="FAULT NOT FOUND"/>
</calloutaction>
</rescall-grp>
<rescall-grp>
<result comp="string" highlight="0" op="eq" return="VERIFIED"/>
<calloutaction>
<return value="FAULT FOUND"/>
</calloutaction>
</rescall-grp>
</subcalloutnode>
</testgrp>
<testgrp id="KC03094164" j2008use="1" paperuse="0" resumable="1" screenuse="1" testgrp-id="info1" x="440" y="80">
<title>
<phrase category="" id="KC09513269" phrase-urn="urn:x-nevis:phrase:0800c8af82711fc3">Fault-tracing i#@#@#5#ation</phrase>
</title>
<subcalloutnode>
<diagcallout>
<xref>
<ref id="KC09513270"/>
</xref>
</diagcallout>
<rescall-grp>
<result comp="string" highlight="0" op="eq" return="FAULTTRACING FAILED"/>
<calloutaction>
<return value="FAULTTRACING FAILED"/>
</calloutaction>
</rescall-grp>
<rescall-grp>
<result comp="string" highlight="0" op="eq" return="NEW TRY"/>
<calloutaction>
<ptxt>
<xref>
<ref id="KC09513271"/>
</xref>
</ptxt>
</calloutaction>
</rescall-grp>
</subcalloutnode>
</testgrp>
</diagnostic>
</servinfosub>