<?xml version="1.0" encoding="UTF-8"?><servinfosub IE-ID="en-US0900c8af824a210e" docno="VCC-249919" id="nev10684328n1" xml:lang="en-US">
<title>
<phrase category="Title" id="nev10684990n1" phrase-urn="urn:x-nevis:phrase:0800c8af81eb9a54">Diagnostic trou#@#@#21#ation</phrase>
<phrase category="Prefix" id="nev10684991n1" phrase-urn="urn:x-nevis:phrase:0800c8af8015c3fe">SRS</phrase>-00BC</title>
<diagnostic type="condition">
<condgrp>
<condition type="condition">
<grate>
<graphic id="nev10684328n3" width="column">
<href>0900c8af80126de#@#@#9#.jpeg</href>
</graphic>
<graphtext>
<para>
<ptxt>
<phrase category="" id="nev10684328n4" phrase-urn="urn:x-nevis:phrase:0800c8af81c23a15">The supplementa#@#@#86#nsor.</phrase>
</ptxt>
</para>
<para>
<ptxt>
<phrase category="" id="nev10684328n5" phrase-urn="urn:x-nevis:phrase:0800c8af81c23a25">The diagnostic #@#@#129#onds.</phrase>
</ptxt>
</para>
<para>
<ptxt>
<phrase category="" id="nev10684328n6" phrase-urn="urn:x-nevis:phrase:0800c8af81c23a34">The diagnostic #@#@#221# III.</phrase>
</ptxt>
</para>
</graphtext>
</grate>
</condition>
</condgrp>
<condgrp>
<condition type="substitution">
<list1 enumtype="d">
<item>
<ptxt>
<phrase category="" id="nev10684328n7" phrase-urn="urn:x-nevis:phrase:0800c8af81c23a44">None.</phrase>
</ptxt>
</item>
</list1>
</condition>
<ps>
<list1 enumtype="d" type="unordered">
<item>
<ptxt>
<phrase category="" id="nev10684328n8" phrase-urn="urn:x-nevis:phrase:0800c8af81c23a52">Damaged front r#@#@#20#nsor.</phrase>
</ptxt>
</item>
</list1>
</ps>
</condgrp>
<condgrp>
<condition type="symptom">
<list1 enumtype="d" type="unordered">
<item>
<ptxt>
<phrase category="" id="nev10684328n9" phrase-urn="urn:x-nevis:phrase:0800c8af81c23a62">SRS indicator l#@#@#2#p lit</phrase>
</ptxt>
</item>
<item>
<ptxt>
<phrase category="" id="nev10684328n10" phrase-urn="urn:x-nevis:phrase:0800c8af81c23a72">SRS warning mes#@#@#10#ayed.</phrase>
</ptxt>
</item>
</list1>
</condition>
</condgrp>
</diagnostic>
</servinfosub>