<?xml version="1.0" encoding="UTF-8"?><servinfosub IE-ID="en-US0900c8af8042110e" docno="VCC-021383" id="KC01463047" servinfosubId="nev20685618n1-nev20685618n2" servinfosubRes="0900c8af862c22b4" servinfosubRes2="urn:x-nevis:fragment:0900c8af8042110e:0900c8af862c22b4#nev20685618n2" xml:lang="en-US">
<title>Displaying
diag#@#@#9#ports</title>
<topic>
<title>Overview</title>
<grate>
<graphic id="nev20685618n1-KC08121985">
<href>0900c8af8012047#@#@#9#.jpeg</href>
</graphic>
<graphtext>
<para>
<ptxt>Fault informati#@#@#41#lows:</ptxt>
</para>
<list1 enumtype="b" type="unordered">
<item>
<ptxt>Volvo Diagnosti#@#@#59#tment</ptxt>
</item>
<item>
<ptxt>Serial communic#@#@#92# (3)
</ptxt>
</item>
<item>
<ptxt>OBD II: Using a#@#@#132#only)</ptxt>
</item>
</list1>
</graphtext>
</grate>
</topic>
<topic>
<title>Volvo Diagnostics</title>
<para>
<ptxt>Communication i#@#@#101#hods:</ptxt>
</para>
<list1 enumtype="b" type="unordered">
<item>
<ptxt>Using the test #@#@#26#o
DLC</ptxt>
</item>
<item>
<ptxt>Using the Volvo#@#@#13#ey ST</ptxt>
</item>
<item>
<ptxt>Using the Volvo#@#@#98#nly)
</ptxt>
</item>
</list1>
<para>
<ptxt>With Volvo Diag#@#@#3#tics:</ptxt>
</para>
<list1 enumtype="b" type="unordered">
<item>
<ptxt>DTCs can be dis#@#@#45#M) 1.</ptxt>
</item>
<item>
<ptxt>Operation of th#@#@#40#TM 2.</ptxt>
</item>
<item>
<ptxt>The components #@#@#39#TM 3.</ptxt>
</item>
</list1>
<para>
<ptxt>The ignition mu#@#@#61# out.</ptxt>
</para>
</topic>
<topic id="nev20685618n1-KC01463048">
<title>Diagnostic test#@#@#8#TM) 1</title>
<grate>
<graphic id="nev20685618n1-KC08121986" width="column">
<href>0900c8af8012cc1#@#@#9#.jpeg</href>
</graphic>
<graphtext>
<para>
<ptxt>DTCs stored in #@#@#301#tion <xref>
<ref id="nev20685618n1-KC08121987"/>
</xref>.
</ptxt>
</para>
<note>
<ptxt>After reading o#@#@#41# off <emph etype="bold">before</emph> the engine is #@#@#122# rpm.</ptxt>
</note>
</graphtext>
</grate>
</topic>
<topic>
<title>Erasing DTCs</title>
<para>
<ptxt>DTCs can be era#@#@#114#ws: 
</ptxt>
</para>
<list1 enumtype="b" type="unordered">
<item>
<ptxt>Switch on ignition.</ptxt>
</item>
</list1>
<note>
<ptxt>DTCs <emph etype="bold">must</emph> be erased
with#@#@#66#eed.
</ptxt>
</note>
<list1 enumtype="b" type="unordered">
<item>
<ptxt>Press test butt#@#@#35#nds. </ptxt>
</item>
<item>
<ptxt>Await LED response. </ptxt>
</item>
<item>
<ptxt>Press button ag#@#@#35#onds.</ptxt>
</item>
<item>
<ptxt>Switch ignition#@#@#7#d on.</ptxt>
</item>
<item>
<ptxt>Start engine.</ptxt>
</item>
</list1>
<para>
<ptxt>All DTCs will n#@#@#38#eset.</ptxt>
</para>
</topic>
<topic id="nev20685618n1-KC01463049">
<title>Diagnostic test#@#@#8#TM) 2</title>
<grate>
<graphic id="nev20685618n1-KC08121988" width="column">
<href>0900c8af8012cc1#@#@#9#.jpeg</href>
</graphic>
<graphtext>
<para>
<ptxt>DTM 2 is used t#@#@#48#nts. </ptxt>
<ptxt>DTM 2 is activa#@#@#168#gnal.</ptxt>
<ptxt>The following i#@#@#32#n
on:</ptxt>
</para>
<list1 enumtype="b" type="unordered">
<item>
<ptxt>TP sensor, when#@#@#37#-3-2)</ptxt>
</item>
<item>
<ptxt>TP sensor, when#@#@#37#-3-3)</ptxt>
</item>
<item>
<ptxt>TCM, when gear #@#@#55#-2-4)</ptxt>
</item>
</list1>
<para>
<ptxt>The following i#@#@#35#ning:</ptxt>
</para>
<list1 enumtype="b" type="unordered">
<item>
<ptxt>A/C control, wh#@#@#43#-1-4)</ptxt>
</item>
<item>
<ptxt>A/C compressor #@#@#15#3-4)
</ptxt>
</item>
<item>
<ptxt>RPM sensor (DTC#@#@#2#-4-1)</ptxt>
</item>
<item>
<ptxt>CMP sensor (DTC#@#@#2#-4-2)</ptxt>
</item>
<item>
<ptxt>VSS sensor (3-4-3)</ptxt>
</item>
</list1>
</graphtext>
</grate>
</topic>
<topic id="nev20685618n1-KC01463050">
<title>Diagnostic test#@#@#8#TM) 3</title>
<grate>
<graphic id="nev20685618n1-KC08121989" width="column">
<href>0900c8af8012cc1#@#@#9#.jpeg</href>
</graphic>
<graphtext>
<para>
<ptxt>The system comp#@#@#46#TM 3.</ptxt>
<ptxt>DTM 3 is activa#@#@#116#rder.</ptxt>
</para>
<note>
<ptxt>In order for th#@#@#123#test.</ptxt>
</note>
<para>
<ptxt>The sequence is#@#@#11#wice.</ptxt>
<ptxt>DTM 3 cannot be#@#@#34#ning.</ptxt>
<ptxt>The following c#@#@#18#ated:</ptxt>
</para>
<list1 enumtype="b" type="unordered">
<item>
<ptxt>EGR vacuum cont#@#@#1#oller</ptxt>
</item>
<item>
<ptxt>TC control valve</ptxt>
</item>
<item>
<ptxt>EVAP valve</ptxt>
</item>
<item>
<ptxt>Engine cooling #@#@#9#speed</ptxt>
</item>
<item>
<ptxt>Engine cooling #@#@#10#speed</ptxt>
</item>
<item>
<ptxt>Injectors</ptxt>
</item>
<item>
<ptxt>IAC valve</ptxt>
</item>
<item>
<ptxt>A/C relay</ptxt>
</item>
<item>
<ptxt>RPM (tachometer#@#@#20#
rpm)</ptxt>
</item>
</list1>
</graphtext>
</grate>
</topic>
<topic>
<title>Displaying DTCs#@#@#22#(ST)
</title>
<grate>
<graphic id="nev20685618n1-KC08121990">
<href>0900c8af8005433#@#@#9#.jpeg</href>
</graphic>
<graphtext>
<para>
<ptxt>The ST communic#@#@#198#ead. </ptxt>
</para>
</graphtext>
</grate>
</topic>
<topic>
<title>OBD II (certain#@#@#9#only)</title>
<grate>
<graphic id="nev20685618n1-KC08121991">
<href>0900c8af801203d#@#@#9#.jpeg</href>
</graphic>
<graphtext>
<para>
<ptxt>OBD II is a leg#@#@#316#o ST.</ptxt>
</para>
</graphtext>
</grate>
</topic>
</servinfosub>