<?xml version="1.0" encoding="UTF-8"?><servinfosub IE-ID="en-US0900c8af8067610e" docno="VCC-025232" id="KC02050465" xml:lang="en-US">
<title>
<phrase category="" id="KC08325855" phrase-urn="urn:x-nevis:phrase:0800c8af81dbbd75">Diagnostic trou#@#@#27#2-3-2</phrase>
</title>
<diagnostic id="KC02226326" type="condition">
<condgrp>
<condition type="condition">
<grate>
<graphic id="KC08325856" width="column">
<href>0900c8af8012d89#@#@#10#.jpeg</href>
</graphic>
<graphtext>
<list1>
<item>
<ptxt>
<phrase category="" id="KC08325857" phrase-urn="urn:x-nevis:phrase:0800c8af81dbbd77">1 Rear axle, ve#@#@#19#(VSS)</phrase>
</ptxt>
</item>
<item>
<ptxt>
<phrase category="" id="KC08325858" phrase-urn="urn:x-nevis:phrase:0800c8af81dbbd78">2 Combined inst#@#@#34#(VSS)</phrase>
</ptxt>
</item>
<item>
<ptxt>
<phrase category="" id="KC08325859" phrase-urn="urn:x-nevis:phrase:0800c8af81dbbd79">3 Control modul#@#@#16#0-40)</phrase>
</ptxt>
</item>
<item>
<ptxt>
<phrase category="" id="KC08325860" phrase-urn="urn:x-nevis:phrase:0800c8af81dbbd7a">4 Automatic tra#@#@#4#ssion</phrase>
</ptxt>
</item>
</list1>
<ptxt>
<phrase category="" id="KC08325861" phrase-urn="urn:x-nevis:phrase:0800c8af81dbbd7b">      The combi#@#@#655#peed.</phrase>
</ptxt>
</graphtext>
</grate>
</condition>
</condgrp>
<condgrp>
<condition type="substitution">
<ptxt>
<phrase category="" id="KC08325862" phrase-urn="urn:x-nevis:phrase:0800c8af81dbbd7c">      The trans#@#@#69#ted. </phrase>
</ptxt>
</condition>
<ps>
<list1 enumtype="d" type="unordered">
<item>
<ptxt>
<phrase category="" id="KC08325863" phrase-urn="urn:x-nevis:phrase:0800c8af81dbbd7d">      Open-circ#@#@#15#able.</phrase>
</ptxt>
</item>
<item>
<ptxt>
<phrase category="" id="KC08325864" phrase-urn="urn:x-nevis:phrase:0800c8af81dbbd7e">      Short-cir#@#@#48#able.</phrase>
</ptxt>
</item>
<item>
<ptxt>
<phrase category="" id="KC08325865" phrase-urn="urn:x-nevis:phrase:0800c8af81dbbd7f">      Defective#@#@#21#panel</phrase>
</ptxt>
</item>
<item>
<ptxt>
<phrase category="" id="KC08325866" phrase-urn="urn:x-nevis:phrase:0800c8af81dbbd80">      Fault in #@#@#29#rcuit</phrase>
</ptxt>
</item>
<item>
<ptxt>
<phrase category="" id="KC08325867" phrase-urn="urn:x-nevis:phrase:0800c8af81dbbd81">      Contact r#@#@#18#nals.</phrase>
</ptxt>
</item>
</list1>
</ps>
</condgrp>
<condgrp>
<condition type="symptom">
<list1 enumtype="d" type="unordered">
<item>
<ptxt>
<phrase category="" id="KC08325868" phrase-urn="urn:x-nevis:phrase:0800c8af81dbbd82">      Rough gea#@#@#57#sion.</phrase>
</ptxt>
</item>
<item>
<ptxt>
<phrase category="" id="KC08325869" phrase-urn="urn:x-nevis:phrase:0800c8af81dbbd83">      No reduct#@#@#15#orque</phrase>
</ptxt>
</item>
<item>
<ptxt>
<phrase category="" id="KC08325870" phrase-urn="urn:x-nevis:phrase:0800c8af81dbbd84">      No lock-u#@#@#6#tion.</phrase>
</ptxt>
</item>
</list1>
</condition>
</condgrp>
</diagnostic>
</servinfosub>