<?xml version="1.0" encoding="UTF-8"?><servinfosub IE-ID="en-US0900c8af8553550e" docno="VCC-370431" id="nev13713607n1" original="sv-SE" servinfosubId="nev13713608n1-nev17207927n1" servinfosubRes="0900c8af8568d1bc" servinfosubRes2="urn:x-nevis:fragment:0900c8af8553550e:0900c8af8568d1bc#nev17207927n1" xml:lang="en-US">
<operationnumbers>
<operationnumber>36203-3</operationnumber>
<operationnumber>36202-2</operationnumber>
</operationnumbers>
<title id="nev13713604n27">Horn</title>
<procedure id="nev13713608n1-nev17248606n53">
<stepgrp boilerplate="false" context="" id="nev13713608n1-nev17382328n92">
<title id="nev13713608n1-0800c8af844a46f6">Removal</title>
<procstep id="nev13713608n1-nev17248606n77">
<note id="nev13713608n1-0800c8af844a42fa">
<ptxt>Removal steps i#@#@#45#ails.</ptxt>
</note>
</procstep>
<procstep id="nev13713608n1-nev17248568n67">
<grate id="nev13713608n1-nev17367886n54">
<graphic id="nev13713608n1-nev17367886n55">
<href>0900c8af8443f96#@#@#9#.jpeg</href>
</graphic>
</grate>
</procstep>
<procstep id="nev13713608n1-nev17248568n54">
<grate id="nev13713608n1-nev17367886n52">
<graphic id="nev13713608n1-nev17367886n53">
<href>0900c8af8557b29#@#@#9#.jpeg</href>
</graphic>
</grate>
</procstep>
<procstep id="nev13713608n1-nev17248605n52">
<para id="nev13713608n1-nev17382328n90">
<ptxt id="nev13713608n1-nev17382328n91">Remove relevant#@#@#9#dlamp<xref boilerplate="true" id="nev13713608n1-0800c8af8557b2b0">
<ref id="nev13713608n1-nev17248606n44"/>
</xref>
</ptxt>
</para>
</procstep>
<procstep id="nev13713608n1-nev17248568n41">
<grate id="nev13713608n1-nev17367886n48">
<graphic id="nev13713608n1-nev17367886n49">
<href>0900c8af8557b2a#@#@#9#.jpeg</href>
</graphic>
</grate>
</procstep>
<procstep id="nev13713608n1-nev17248568n16">
<grate id="nev13713608n1-nev17367886n46">
<graphic id="nev13713608n1-nev17367886n47">
<href>0900c8af8557b2a#@#@#9#.jpeg</href>
</graphic>
<graphtext id="nev13713608n1-nev17382425n1">
<para id="nev13713608n1-nev17382328n88">
<ptxt id="nev13713608n1-nev17382328n89">
<torque id="nev13713608n1-nev17375906n100">
<ref id="nev13713608n1-nev17375906n98"/>
</torque>
</ptxt>
</para>
</graphtext>
</grate>
</procstep>
<procstep id="nev13713608n1-nev17248604n50">
<grate id="nev13713608n1-nev17367886n42">
<graphic id="nev13713608n1-nev17367886n43">
<href>0900c8af8557b2a#@#@#9#.jpeg</href>
</graphic>
<graphtext id="nev13713608n1-nev17382432n1">
<caution id="nev13713608n1-0800c8af844a4183">
<ptxt>Take extra care#@#@#28#over.</ptxt>
</caution>
</graphtext>
</grate>
</procstep>
</stepgrp>
<stepgrp boilerplate="false" context="" id="nev13713608n1-nev17382328n87">
<title id="nev13713608n1-0800c8af844a46f9">Installation</title>
<procstep id="nev13713608n1-nev17248605n74">
<para id="nev13713608n1-nev17382328n85">
<ptxt id="nev13713608n1-nev17382328n86">To install, rev#@#@#22#dure.</ptxt>
</para>
</procstep>
</stepgrp>
</procedure>
</servinfosub>