<?xml version="1.0" encoding="UTF-8"?><servinfosub IE-ID="en-US0900c8af806a950e" docno="VCC-121420" id="KC02058730" xml:lang="en-US">
<title>Replacing the s#@#@#8#valve</title>
<procedure>
<procstep id="KC02161944">
<title>Removing the sh#@#@#7#valve</title>
<grate>
<graphic id="KC08697132">
<href>0900c8af80129a6#@#@#9#.jpeg</href>
</graphic>
<graphtext>
<para>
<ptxt>Drain the gas l#@#@#4# see <xref>
<ref id="KC08697133"/>
</xref>.</ptxt>
</para>
<para>
<ptxt>Mark up the pos#@#@#12# nut.</ptxt>
</para>
<list1 enumtype="d" type="unordered">
<title>Remove:</title>
<item>
<ptxt>the gas pipe.</ptxt>
</item>
<item>
<ptxt>the screw and t#@#@#13#alve.</ptxt>
</item>
<item>
<ptxt>the connector.</ptxt>
</item>
<item>
<ptxt>the shut-off va#@#@#72#ator.</ptxt>
</item>
</list1>
</graphtext>
</grate>
</procstep>
<procstep id="KC02161945">
<title>Installing the #@#@#9#valve</title>
<grate>
<graphic id="KC08697134">
<href>0900c8af80129a6#@#@#9#.jpeg</href>
</graphic>
<graphtext>
<list1 enumtype="d" type="unordered">
<item>
<ptxt>the new shut-of#@#@#3#alve.</ptxt>
</item>
<item>
<ptxt>the connector.</ptxt>
</item>
<item>
<ptxt>the gas pipe. T#@#@#51# 10°.</ptxt>
</item>
</list1>
</graphtext>
</grate>
</procstep>
<procstep>
<title>Check for leaka#@#@#20#cator</title>
<grate>
<graphic id="KC08697135">
<href>0900c8af8011fdb#@#@#9#.jpeg</href>
</graphic>
<graphtext>
<para>
<ptxt>Start the engine.</ptxt>
<ptxt>Check that the #@#@#12#aled.</ptxt>
<ptxt>Check all conne#@#@#38#acer <toolitem id="KC08697136"/>.</ptxt>
<ptxt>If there is lea#@#@#17#ther.</ptxt>
</para>
</graphtext>
</grate>
</procstep>
</procedure>
</servinfosub>