<?xml version="1.0" encoding="UTF-8"?><servinfosub IE-ID="en-US0900c8af87f1150e" docno="VCC-502474" id="nev27915882n1" original="sv-SE" servinfosubId="nev27915883n1-nev27915882n4" servinfosubRes="0900c8af87f11537" servinfosubRes2="urn:x-nevis:fragment:0900c8af87f1150e:0900c8af87f11537#nev27915882n4" xml:lang="en-US">
<operationnumbers>
<operationnumber>87404-2</operationnumber>
</operationnumbers>
<title id="nev27915882n2">AC compressor</title>
<procedure id="nev27915883n1-nev28493737n96">
<stepgrp boilerplate="false" context="" id="nev27915883n1-nev28956978n87">
<title id="nev27915883n1-0800c8af844a46f6">Removal</title>
<procstep id="nev27915883n1-nev28493737n93">
<para id="nev27915883n1-nev28956978n85">
<ptxt id="nev27915883n1-nev28956978n86">Drain refrigera#@#@#4#drain<xref boilerplate="true" id="nev27915883n1-0800c8af84990f49">
<ref id="nev27915883n1-nev28493737n90"/>
</xref>
</ptxt>
</para>
</procstep>
<procstep id="nev27915883n1-nev28493737n88">
<para id="nev27915883n1-nev28956978n83">
<ptxt id="nev27915883n1-nev28956978n84">Set the vehicle#@#@#36# mode<xref boilerplate="true" id="nev27915883n1-0800c8af865315ac">
<ref id="nev27915883n1-nev28493737n85"/>
</xref>
</ptxt>
</para>
</procstep>
<procstep id="nev27915883n1-nev28493841n28">
<grate id="nev27915883n1-nev28956978n81">
<graphic id="nev27915883n1-nev28956978n82">
<href>0900c8af87e16b8#@#@#9#.jpeg</href>
</graphic>
<graphtext id="nev27915883n1-nev28957000n1">
<note id="nev27915883n1-0800c8af85b47f49">
<ptxt>Orientation view</ptxt>
</note>
</graphtext>
</grate>
</procstep>
<procstep id="nev27915883n1-nev28493737n83">
<grate id="nev27915883n1-nev28956978n79">
<graphic id="nev27915883n1-nev28956978n80">
<href>0900c8af86384b7#@#@#9#.jpeg</href>
</graphic>
<graphtext id="nev27915883n1-nev28957004n1">
<caution id="nev27915883n1-0800c8af844a40e7">
<ptxt>Note the routin#@#@#20#oses.</ptxt>
</caution>
<caution id="nev27915883n1-0800c8af844a410a">
<ptxt>Make sure that #@#@#19#aled.</ptxt>
</caution>
<para id="nev27915883n1-nev28956978n77">
<ptxt id="nev27915883n1-nev28956978n78">Remove the nut.</ptxt>
</para>
<para id="nev27915883n1-nev28956978n75">
<ptxt id="nev27915883n1-nev28956978n76">
<torque id="nev27915883n1-nev28493841n20">
<ref id="nev27915883n1-nev28493841n18"/>
</torque>
</ptxt>
</para>
</graphtext>
</grate>
</procstep>
<procstep id="nev27915883n1-nev28493737n76">
<grate id="nev27915883n1-nev28956978n73">
<graphic id="nev27915883n1-nev28956978n74">
<href>0900c8af86384e0#@#@#9#.jpeg</href>
</graphic>
<graphtext id="nev27915883n1-nev28957011n1">
<caution id="nev27915883n1-0800c8af844a410a">
<ptxt>Make sure that #@#@#19#aled.</ptxt>
</caution>
<caution id="nev27915883n1-0800c8af844a40e7">
<ptxt>Note the routin#@#@#20#oses.</ptxt>
</caution>
<para id="nev27915883n1-nev28956978n71">
<ptxt id="nev27915883n1-nev28956978n72">Remove the nut.</ptxt>
</para>
<para id="nev27915883n1-nev28956978n69">
<ptxt id="nev27915883n1-nev28956978n70">
<torque id="nev27915883n1-nev28493841n10">
<ref id="nev27915883n1-nev28493841n8"/>
</torque>
</ptxt>
</para>
</graphtext>
</grate>
</procstep>
<procstep id="nev27915883n1-nev28493737n71">
<grate id="nev27915883n1-nev28956978n67">
<graphic id="nev27915883n1-nev28956978n68">
<href>0900c8af863848b#@#@#9#.jpeg</href>
</graphic>
<graphtext id="nev27915883n1-nev28957018n1">
<para id="nev27915883n1-nev28956978n65">
<ptxt id="nev27915883n1-nev28956978n66">Disconnect the #@#@#6#tors.</ptxt>
</para>
</graphtext>
</grate>
</procstep>
<procstep id="nev27915883n1-nev28493737n66">
<grate id="nev27915883n1-nev28956978n63">
<graphic id="nev27915883n1-nev28956978n64">
<href>0900c8af86012e9#@#@#9#.jpeg</href>
</graphic>
<graphtext id="nev27915883n1-nev28957022n1">
<para id="nev27915883n1-nev28956978n61">
<ptxt id="nev27915883n1-nev28956978n62">
<equipment equipmentid="" equipmentname="Box wrench 19 mm" id="nev27915883n1-nev28493737n63"/>
</ptxt>
</para>
</graphtext>
</grate>
</procstep>
<procstep id="nev27915883n1-nev28493737n60">
<grate id="nev27915883n1-nev28956978n59">
<graphic id="nev27915883n1-nev28956978n60">
<href>0900c8af8601312#@#@#9#.jpeg</href>
</graphic>
<graphtext id="nev27915883n1-nev28957029n1">
<para id="nev27915883n1-nev28956978n57">
<ptxt id="nev27915883n1-nev28956978n58">
<equipment equipmentid="" equipmentname="Pin 3 mm" id="nev27915883n1-nev28493737n57"/>
</ptxt>
</para>
</graphtext>
</grate>
</procstep>
<procstep id="nev27915883n1-nev28493737n54">
<grate id="nev27915883n1-nev28956978n55">
<graphic id="nev27915883n1-nev28956978n56">
<href>0900c8af860130f#@#@#9#.jpeg</href>
</graphic>
<graphtext id="nev27915883n1-nev28957036n1">
<caution id="nev27915883n1-0800c8af851608e0">
<ptxt>Make sure that #@#@#33#ctly.</ptxt>
</caution>
<para id="nev27915883n1-nev28956978n53">
<ptxt id="nev27915883n1-nev28956978n54">The component d#@#@#64#side.</ptxt>
</para>
</graphtext>
</grate>
</procstep>
<procstep id="nev27915883n1-nev28493737n48">
<grate id="nev27915883n1-nev28956978n51">
<graphic id="nev27915883n1-nev28956978n52">
<href>0900c8af852fe1c#@#@#9#.jpeg</href>
</graphic>
<graphtext id="nev27915883n1-nev28957040n1">
<caution id="nev27915883n1-0800c8af851608e0">
<ptxt>Make sure that #@#@#33#ctly.</ptxt>
</caution>
</graphtext>
</grate>
</procstep>
<procstep id="nev27915883n1-nev28493737n44">
<para id="nev27915883n1-nev28956978n49">
<ptxt id="nev27915883n1-nev28956978n50">See information#@#@#21# body<xref boilerplate="true" id="nev27915883n1-0800c8af84650bad">
<ref id="nev27915883n1-nev28493737n41"/>
</xref>
</ptxt>
</para>
</procstep>
<procstep id="nev27915883n1-nev28493737n39">
<grate id="nev27915883n1-nev28956978n47">
<graphic id="nev27915883n1-nev28956978n48">
<href>0900c8af87b2291#@#@#9#.jpeg</href>
</graphic>
<graphtext id="nev27915883n1-nev28957047n1">
<para id="nev27915883n1-nev28956978n45">
<ptxt id="nev27915883n1-nev28956978n46">Remove the screws.</ptxt>
</para>
<para id="nev27915883n1-nev28956978n43">
<ptxt id="nev27915883n1-nev28956978n44">Remove the clip.</ptxt>
</para>
<para id="nev27915883n1-nev28956978n41">
<ptxt id="nev27915883n1-nev28956978n42">Remove the mark#@#@#3#part.</ptxt>
</para>
</graphtext>
</grate>
</procstep>
<procstep id="nev27915883n1-nev28493737n30">
<grate id="nev27915883n1-nev28956978n39">
<graphic id="nev27915883n1-nev28956978n40">
<href>0900c8af87bea7d#@#@#9#.jpeg</href>
</graphic>
<graphtext id="nev27915883n1-nev28957051n1">
<para id="nev27915883n1-nev28956978n37">
<ptxt id="nev27915883n1-nev28956978n38">Loosen the hose#@#@#2#lamp.</ptxt>
</para>
<para id="nev27915883n1-nev28956978n35">
<ptxt id="nev27915883n1-nev28956978n36">Release the lock.</ptxt>
</para>
<para id="nev27915883n1-nev28956978n33">
<ptxt id="nev27915883n1-nev28956978n34">Remove the hose.</ptxt>
</para>
</graphtext>
</grate>
</procstep>
<procstep id="nev27915883n1-nev28493737n21">
<grate id="nev27915883n1-nev28956978n31">
<graphic id="nev27915883n1-nev28956978n32">
<href>0900c8af87e169c#@#@#9#.jpeg</href>
</graphic>
<graphtext id="nev27915883n1-nev28957055n1">
<para id="nev27915883n1-nev28956978n29">
<ptxt id="nev27915883n1-nev28956978n30">Remove the screw.</ptxt>
</para>
<para id="nev27915883n1-nev28956978n27">
<ptxt id="nev27915883n1-nev28956978n28">
<torque id="nev27915883n1-nev28493737n16">
<ref id="nev27915883n1-nev28493737n14"/>
</torque>
</ptxt>
</para>
<para id="nev27915883n1-nev28956978n25">
<ptxt id="nev27915883n1-nev28956978n26">Fold marked par#@#@#3#side.</ptxt>
</para>
</graphtext>
</grate>
</procstep>
<procstep id="nev27915883n1-nev28493737n10">
<grate id="nev27915883n1-nev28956978n23">
<graphic id="nev27915883n1-nev28956978n24">
<href>0900c8af87e169d#@#@#9#.jpeg</href>
</graphic>
<graphtext id="nev27915883n1-nev28957062n1">
<para id="nev27915883n1-nev28956978n21">
<ptxt id="nev27915883n1-nev28956978n22">Remove the screws.</ptxt>
</para>
<para id="nev27915883n1-nev28956978n19">
<ptxt id="nev27915883n1-nev28956978n20">
<torque id="nev27915883n1-nev28493737n5">
<ref id="nev27915883n1-nev28493737n3"/>
</torque>
</ptxt>
</para>
<para id="nev27915883n1-nev28956978n17">
<ptxt id="nev27915883n1-nev28956978n18">Remove the part#@#@#5#fully</ptxt>
</para>
</graphtext>
</grate>
</procstep>
<procstep id="nev27915883n1-nev28493841n99">
<grate id="nev27915883n1-nev28956978n15">
<graphic id="nev27915883n1-nev28956978n16">
<href>0900c8af87e16b8#@#@#9#.jpeg</href>
</graphic>
<graphtext id="nev27915883n1-nev28957069n1">
<para id="nev27915883n1-nev28956978n13">
<ptxt id="nev27915883n1-nev28956978n14">Remove the mark#@#@#3#part.</ptxt>
</para>
</graphtext>
</grate>
</procstep>
<procstep id="nev27915883n1-nev28493841n94">
<grate id="nev27915883n1-nev28956978n11">
<graphic id="nev27915883n1-nev28956978n12">
<href>0900c8af87a956f#@#@#9#.jpeg</href>
</graphic>
<graphtext id="nev27915883n1-nev28957073n1">
<caution id="nev27915883n1-0800c8af84ffc72e">
<ptxt>Be extra carefu#@#@#40#nent.</ptxt>
</caution>
</graphtext>
</grate>
</procstep>
</stepgrp>
<stepgrp boilerplate="false" context="" id="nev27915883n1-nev28956978n10">
<title id="nev27915883n1-0800c8af844a4703">Check</title>
<procstep id="nev27915883n1-nev28493841n88">
<note id="nev27915883n1-0800c8af844a430a">
<ptxt>This step is on#@#@#40#nent.</ptxt>
</note>
</procstep>
<procstep id="nev27915883n1-nev28493841n86">
<para id="nev27915883n1-nev28956978n8">
<ptxt id="nev27915883n1-nev28956978n9">See information#@#@#27#grade<xref boilerplate="true" id="nev27915883n1-0800c8af864edffe">
<ref id="nev27915883n1-nev28493841n83"/>
</xref>
</ptxt>
</para>
</procstep>
<procstep id="nev27915883n1-nev28493841n81">
<caution id="nev27915883n1-0800c8af8656e79e">
<ptxt>Measure and not#@#@#26# oil.</ptxt>
</caution>
</procstep>
<procstep id="nev27915883n1-nev28956978n7">
<para id="nev27915883n1-nev28956978n3">
<ptxt id="nev27915883n1-nev28956978n5">Perform oil a/c#@#@#16#ining<xref boilerplate="true" id="nev27915883n1-nev28956978n6">
<ref id="nev27915883n1-nev28956978n4"/>
</xref>
</ptxt>
</para>
</procstep>
</stepgrp>
<stepgrp boilerplate="false" context="" id="nev27915883n1-nev28956978n2">
<title id="nev27915883n1-0800c8af844a46f9">Installation</title>
<procstep id="nev27915883n1-nev28493841n72">
<caution id="nev27915883n1-0800c8af844a40ac">
<ptxt>Only use the sp#@#@#35#eals.</ptxt>
</caution>
<note id="nev27915883n1-0800c8af8457b4cb">
<ptxt>Use new seals.</ptxt>
</note>
<note id="nev27915883n1-0800c8af844a43c1">
<ptxt>Make sure that #@#@#25#ated.</ptxt>
</note>
</procstep>
<procstep id="nev27915883n1-nev28493841n68">
<para id="nev27915883n1-nev28956989n100">
<ptxt id="nev27915883n1-nev28956978n1">To install, rev#@#@#22#dure.</ptxt>
</para>
</procstep>
<procstep id="nev27915883n1-nev28493841n65">
<para id="nev27915883n1-nev28956989n98">
<ptxt id="nev27915883n1-nev28956989n99">Perform refrige#@#@#8#lling<xref boilerplate="true" id="nev27915883n1-0800c8af8499ddf7">
<ref id="nev27915883n1-nev28493841n62"/>
</xref>
</ptxt>
</para>
</procstep>
<procstep id="nev27915883n1-nev28493841n60">
<para id="nev27915883n1-nev28956989n96">
<ptxt id="nev27915883n1-nev28956989n97">Perform climate#@#@#10#cking<xref boilerplate="true" id="nev27915883n1-0800c8af8479bff0">
<ref id="nev27915883n1-nev28493841n57"/>
</xref>
</ptxt>
</para>
</procstep>
</stepgrp>
</procedure>
</servinfosub>