<?xml version="1.0" encoding="UTF-8"?><servinfosub IE-ID="en-US0900c8af8067950e" docno="VCC-032457" id="KC02166768" xml:lang="en-US">
<title>
<phrase category="" id="KC08343490" phrase-urn="urn:x-nevis:phrase:0800c8af81dbe2c1">      Checking #@#@#12#ystem</phrase>
</title>
<diagnostic type="test">
<testgrp IE-ID="en-US0900c8af8067950e_KC02206422" id="KC02206422" j2008use="1" paperuse="1" resumable="1" screenuse="1" testgrp-id="f1" x="80" y="80">
<title>
<phrase category="" id="KC08343491" phrase-urn="urn:x-nevis:phrase:0800c8af81dbe2c2">Checking ground#@#@#17#upply</phrase>
</title>
<node>
<test1>
<diaglist>
<dgraphic>
<dgraphic1>
<graphic id="KC08343492">
<href>0900c8af80054d5#@#@#9#.jpeg</href>
</graphic>
</dgraphic1>
</dgraphic>
<ditem>
<ptxt>
<phrase category="" id="KC08343493" phrase-urn="urn:x-nevis:phrase:0800c8af81dbe2c3">Ignition on.</phrase>
</ptxt>
</ditem>
</diaglist>
<test2>
<diaglist>
<dgraphic>
<dgraphic2>
<graphic id="KC08343494">
<href>0900c8af8005433#@#@#9#.jpeg</href>
</graphic>
<smarttool active="press" id="KC08343495" toolname="ECC4R"/>
</dgraphic2>
</dgraphic>
<ditem>
<ditemtext>
<ptxt>
<phrase category="" id="KC08343496" phrase-urn="urn:x-nevis:phrase:0800c8af81dbe2c4">Attempt to esta#@#@#102#(DTC)</phrase>
</ptxt>
</ditemtext>
</ditem>
</diaglist>
</test2>
</test1>
<question>Has communicati#@#@#15#shed?</question>
<resact-grp>
<result button="yes" comp="button" highlight="0"/>
<action j2008use="1" paperuse="1" screenuse="1">
<ptxt>
<xref>
<ref id="KC08343497"/>
</xref>.
</ptxt>
</action>
</resact-grp>
<resact-grp>
<result button="no" comp="button" highlight="0"/>
<action j2008use="1" paperuse="0" screenuse="1">
<ptxt>
<xref>
<ref id="KC08343498"/>
</xref>
</ptxt>
</action>
</resact-grp>
</node>
</testgrp>
<testgrp id="KC02206423" j2008use="1" paperuse="0" resumable="1" screenuse="1" testgrp-id="f1-1" x="240" y="80">
<title>
<phrase category="" id="KC08343499" phrase-urn="urn:x-nevis:phrase:0800c8af81dbe2c5">Checking for an#@#@#26#rcuit</phrase>
</title>
<node>
<test1>
<test2>
<para>
<ptxt>
<phrase category="" id="KC08343500" phrase-urn="urn:x-nevis:phrase:0800c8af81dbe2c6">      Check cab#@#@#7#een: </phrase>
</ptxt>
</para>
<list1 enumtype="d" type="unordered">
<item>
<ptxt>
<phrase category="" id="KC08343501" phrase-urn="urn:x-nevis:phrase:0800c8af81dbe2c7">      fuse 12 a#@#@#16#al 2 </phrase>
</ptxt>
</item>
<item>
<ptxt>
<phrase category="" id="KC08343502" phrase-urn="urn:x-nevis:phrase:0800c8af81dbe2c8">      fuse 12 a#@#@#25#l 11 </phrase>
</ptxt>
</item>
<item>
<ptxt>
<phrase category="" id="KC08343503" phrase-urn="urn:x-nevis:phrase:0800c8af81dbe2c9">      fuse 12 a#@#@#24#al 3 </phrase>
</ptxt>
</item>
<item>
<ptxt>
<phrase category="" id="KC08343504" phrase-urn="urn:x-nevis:phrase:0800c8af81dbe2ca">      vacuum pu#@#@#39#al 1 </phrase>
</ptxt>
</item>
<item>
<ptxt>
<phrase category="" id="KC08343505" phrase-urn="urn:x-nevis:phrase:0800c8af81dbe2cb">      switch te#@#@#38#able </phrase>
</ptxt>
</item>
<item>
<ptxt>
<phrase category="" id="KC08343506" phrase-urn="urn:x-nevis:phrase:0800c8af81dbe2cc">
<emph>automatic trans#@#@#3#sion:</emph>  brake valve a#@#@#24#al 3 </phrase>
</ptxt>
</item>
<item>
<ptxt>
<phrase category="" id="KC08343507" phrase-urn="urn:x-nevis:phrase:0800c8af81dbe2cd">
<emph>manual transmission:</emph>  brake valve a#@#@#11#alve </phrase>
</ptxt>
</item>
<item>
<ptxt>
<phrase category="" id="KC08343508" phrase-urn="urn:x-nevis:phrase:0800c8af81dbe2ce">
<emph>manual transmission:</emph>  clutch valve #@#@#25#al 3 </phrase>
</ptxt>
</item>
<item>
<ptxt>
<phrase category="" id="KC08343509" phrase-urn="urn:x-nevis:phrase:0800c8af81dbe2cf">      switch te#@#@#35#l 4. </phrase>
</ptxt>
</item>
<item>
<ptxt>
<phrase category="" id="KC08343510" phrase-urn="urn:x-nevis:phrase:0800c8af81dbe2d0">      switch te#@#@#34#al 6.</phrase>
</ptxt>
</item>
</list1>
<ptxt>
<phrase category="" id="KC08343511" phrase-urn="urn:x-nevis:phrase:0800c8af81dbe2d1">for a short-cir#@#@#23#g to <xref>
<ref id="KC08343512"/>
</xref>.</phrase>
</ptxt>
<ptxt>
<phrase category="" id="KC08343513" phrase-urn="urn:x-nevis:phrase:0800c8af81dbe2d2">      Check cab#@#@#87#g to <xref>
<ref id="KC08343514"/>
</xref>.</phrase>
</ptxt>
<diaglist>
<dgraphic>
<dgraphic1>
<graphic id="KC08343515">
<href>0900c8af80127ec#@#@#9#.jpeg</href>
</graphic>
</dgraphic1>
<dgraphic2>
<graphic id="KC08343516">
<href>0900c8af80054d4#@#@#9#.jpeg</href>
</graphic>
<smarttool active="press" id="KC08343517" toolname="ODAH"/>
</dgraphic2>
</dgraphic>
<ditem>
<ditemtext>
<ptxt>
<phrase category="" id="KC08343518" phrase-urn="urn:x-nevis:phrase:0800c8af81dbe2d3"/>
</ptxt>
</ditemtext>
</ditem>
</diaglist>
<grate>
<graphic id="KC08343519" width="column">
<href>0900c8af800570b#@#@#9#.jpeg</href>
</graphic>
</grate>
</test2>
</test1>
<question>Select "Continu#@#@#32#ied.
</question>
<resact-grp>
<result button="cont" comp="button" highlight="0"/>
<action j2008use="1" paperuse="1" screenuse="1">
<return value="FAULT FOUND"/>
</action>
</resact-grp>
</node>
</testgrp>
<testgrp id="KC02206424" j2008use="1" paperuse="1" resumable="1" screenuse="1" testgrp-id="f4" x="80" y="160">
<title>
<phrase category="" id="KC08343520" phrase-urn="urn:x-nevis:phrase:0800c8af81dbe2d4">      Checking #@#@#13#ction</phrase>
</title>
<node>
<test1>
<diaglist>
<dgraphic>
<dgraphic1>
<graphic id="KC08343521">
<href>0900c8af80054d5#@#@#9#.jpeg</href>
</graphic>
</dgraphic1>
<dgraphic3>
<graphic id="KC08343522">
<href>0900c8af80054cc#@#@#9#.jpeg</href>
</graphic>
</dgraphic3>
</dgraphic>
<ditem>
<ptxt>
<phrase category="" id="KC08343523" phrase-urn="urn:x-nevis:phrase:0800c8af81dbe2d5">Ignition off.</phrase>
</ptxt>
</ditem>
<ditem>
<ptxt>
<phrase category="" id="KC08343524" phrase-urn="urn:x-nevis:phrase:0800c8af81dbe2d6">Disconnect cont#@#@#6#dule.</phrase>
</ptxt>
</ditem>
<ditem>
<ptxt>
<phrase category="" id="KC08343525" phrase-urn="urn:x-nevis:phrase:0800c8af81dbe2d7">      Ignition on.</phrase>
</ptxt>
</ditem>
</diaglist>
<test2>
<diaglist>
<dgraphic>
<dgraphic1>
<graphic id="KC08343526">
<href>0900c8af80127ec#@#@#9#.jpeg</href>
</graphic>
</dgraphic1>
</dgraphic>
<ditem>
<ptxt>
<phrase category="" id="KC08343527" phrase-urn="urn:x-nevis:phrase:0800c8af81dbe2d8">      Connect t#@#@#230# 12. </phrase>
</ptxt>
</ditem>
</diaglist>
</test2>
</test1>
<question>The regulator s#@#@#7#lick.</question>
<resact-grp>
<result button="ok" comp="button" highlight="0"/>
<action j2008use="1" paperuse="1" screenuse="1">
<ptxt>
<xref>
<ref id="KC08343528"/>
</xref>.
</ptxt>
</action>
</resact-grp>
<resact-grp>
<result button="notok" comp="button" highlight="0"/>
<action j2008use="1" paperuse="1" screenuse="1">
<ptxt>
<xref>
<ref id="KC08343529"/>
</xref>.
</ptxt>
</action>
</resact-grp>
</node>
</testgrp>
<testgrp id="KC02206425" j2008use="1" paperuse="1" resumable="1" screenuse="1" testgrp-id="f5" x="80" y="240">
<title>
<phrase category="" id="KC08343530" phrase-urn="urn:x-nevis:phrase:0800c8af81dbe2d9">      Checking #@#@#13#lator</phrase>
</title>
<node>
<test1>
<diaglist>
<dgraphic>
<dgraphic1>
<graphic id="KC08343531">
<href>0900c8af80054d4#@#@#9#.jpeg</href>
</graphic>
</dgraphic1>
<dgraphic3>
<graphic id="KC08343532">
<href>0900c8af80054cc#@#@#9#.jpeg</href>
</graphic>
</dgraphic3>
</dgraphic>
<ditem>
<ptxt>
<phrase category="" id="KC08343533" phrase-urn="urn:x-nevis:phrase:0800c8af81dbe2da">      Ignition off.</phrase>
</ptxt>
</ditem>
<ditem>
<ptxt>
<phrase category="" id="KC08343534" phrase-urn="urn:x-nevis:phrase:0800c8af81dbe2db">      Control m#@#@#11#cted.</phrase>
</ptxt>
</ditem>
<ditem>
<ptxt>
<phrase category="" id="KC08343535" phrase-urn="urn:x-nevis:phrase:0800c8af81dbe2dc">      Vacuum pu#@#@#11#cted.</phrase>
</ptxt>
</ditem>
</diaglist>
<test2>
<para>
<ptxt>
<phrase category="" id="KC08343536" phrase-urn="urn:x-nevis:phrase:0800c8af81dbe2dd">      Connect a#@#@#58#ound.</phrase>
</ptxt>
<ptxt>
<phrase category="" id="KC08343537" phrase-urn="urn:x-nevis:phrase:0800c8af81dbe2de">Alternatives:</phrase>
</ptxt>
</para>
<list1 enumtype="n" type="ordered">
<item>
<ptxt>
<phrase category="" id="KC08343538" phrase-urn="urn:x-nevis:phrase:0800c8af81dbe2df">      The ohmme#@#@#26#5 MΩ.</phrase>
</ptxt>
</item>
<item>
<ptxt>
<phrase category="" id="KC08343539" phrase-urn="urn:x-nevis:phrase:0800c8af81dbe2e0">      The ohmme#@#@#23# 0 Ω.</phrase>
</ptxt>
</item>
<item>
<ptxt>
<phrase category="" id="KC08343540" phrase-urn="urn:x-nevis:phrase:0800c8af81dbe2e1">      The ohmme#@#@#25#ance.</phrase>
</ptxt>
</item>
</list1>
<diaglist>
<dgraphic>
<dgraphic1>
<graphic id="KC08343541">
<href>0900c8af80127ee#@#@#9#.jpeg</href>
</graphic>
</dgraphic1>
<dgraphic2>
<graphic id="KC08343542">
<href>0900c8af80054d4#@#@#9#.jpeg</href>
</graphic>
<smarttool id="KC08343543" toolname="ODA"/>
</dgraphic2>
</dgraphic>
<ditem>
<ditemtext>
<ptxt>
<phrase category="" id="KC08343544" phrase-urn="urn:x-nevis:phrase:0800c8af81dbe2e2"/>
</ptxt>
</ditemtext>
</ditem>
</diaglist>
</test2>
</test1>
<question>Select one of t#@#@#17#ives.</question>
<resact-grp>
<result button="text" comp="button" highlight="0" text="1"/>
<action j2008use="1" paperuse="1" screenuse="1">
<ptxt>
<xref>
<ref id="KC08343545"/>
</xref>
</ptxt>
</action>
</resact-grp>
<resact-grp>
<result button="text" comp="button" highlight="0" text="2"/>
<action j2008use="1" paperuse="0" screenuse="1">
<ptxt>
<xref>
<ref id="KC08343546"/>
</xref>
</ptxt>
</action>
</resact-grp>
<resact-grp>
<result button="text" comp="button" highlight="0" text="3"/>
<action j2008use="1" paperuse="1" screenuse="1">
<ptxt>
<xref>
<ref id="KC08343547"/>
</xref>
</ptxt>
</action>
</resact-grp>
</node>
</testgrp>
<testgrp id="KC02206426" j2008use="1" paperuse="0" resumable="1" screenuse="1" testgrp-id="f5-1" x="240" y="240">
<title>
<phrase category="" id="KC08343548" phrase-urn="urn:x-nevis:phrase:0800c8af81dbe2e3">Checking for a #@#@#8#rcuit</phrase>
</title>
<node>
<test1>
<test2>
<diaglist>
<dgraphic>
<dgraphic1>
<graphic id="KC08343549">
<href>0900c8af80127ef#@#@#9#.jpeg</href>
</graphic>
</dgraphic1>
<dgraphic2>
<graphic id="KC08343550">
<href>0900c8af80054d4#@#@#9#.jpeg</href>
</graphic>
<smarttool active="press" id="KC08343551" toolname="ODAH"/>
</dgraphic2>
</dgraphic>
<ditem>
<ditemtext>
<ptxt>
<phrase category="" id="KC08343552" phrase-urn="urn:x-nevis:phrase:0800c8af81dbe2e4">      Check cab#@#@#103#g to <xref>
<ref id="KC08343553"/>
</xref>.</phrase>
</ptxt>
</ditemtext>
</ditem>
</diaglist>
<grate>
<graphic id="KC08343554">
<href>0900c8af800570b#@#@#9#.jpeg</href>
</graphic>
</grate>
</test2>
</test1>
<question>Select "Continu#@#@#32#ied.
</question>
<resact-grp>
<result button="cont" comp="button" highlight="0"/>
<action j2008use="1" paperuse="1" screenuse="1">
<return value="FAULT FOUND"/>
</action>
</resact-grp>
</node>
</testgrp>
<testgrp id="KC02206427" j2008use="1" paperuse="1" resumable="1" screenuse="1" testgrp-id="f6" x="80" y="320">
<title>
<phrase category="" id="KC08343555" phrase-urn="urn:x-nevis:phrase:0800c8af81dbe2e5">      Checking #@#@#20#lator</phrase>
</title>
<node>
<test1>
<diaglist>
<dgraphic>
<dgraphic1>
<graphic id="KC08343556">
<href>0900c8af80054d5#@#@#9#.jpeg</href>
</graphic>
</dgraphic1>
<dgraphic3>
<graphic id="KC08343557">
<href>0900c8af80054cc#@#@#9#.jpeg</href>
</graphic>
</dgraphic3>
</dgraphic>
<ditem>
<ptxt>
<phrase category="" id="KC08343558" phrase-urn="urn:x-nevis:phrase:0800c8af81dbe2e6">      Ignition off.</phrase>
</ptxt>
</ditem>
<ditem>
<ptxt>
<phrase category="" id="KC08343559" phrase-urn="urn:x-nevis:phrase:0800c8af81dbe2e7">      Control m#@#@#11#cted.</phrase>
</ptxt>
</ditem>
<ditem>
<ptxt>
<phrase category="" id="KC08343560" phrase-urn="urn:x-nevis:phrase:0800c8af81dbe2e8">      Vacuum pu#@#@#11#cted.</phrase>
</ptxt>
</ditem>
<ditem>
<ptxt>
<phrase category="" id="KC08343561" phrase-urn="urn:x-nevis:phrase:0800c8af81dbe2e9">      Ignition on.</phrase>
</ptxt>
</ditem>
</diaglist>
<test2>
<diaglist>
<dgraphic>
<dgraphic1>
<graphic id="KC08343562">
<href>0900c8af80127ee#@#@#9#.jpeg</href>
</graphic>
</dgraphic1>
<dgraphic2>
<graphic id="KC08343563">
<href>0900c8af80054d4#@#@#9#.jpeg</href>
</graphic>
<smarttool id="KC08343564" toolname="VDCD40"/>
</dgraphic2>
</dgraphic>
<ditem>
<ditemtext>
<ptxt>
<phrase category="" id="KC08343565" phrase-urn="urn:x-nevis:phrase:0800c8af81dbe2ea">       Connect #@#@#59#ound.</phrase>
</ptxt>
</ditemtext>
</ditem>
</diaglist>
</test2>
</test1>
<question>The voltmeter s#@#@#25#10
V.</question>
<resact-grp>
<result button="ok" comp="button" highlight="0"/>
<action j2008use="1" paperuse="1" screenuse="1">
<ptxt>
<xref>
<ref id="KC08343566"/>
</xref>.
</ptxt>
</action>
</resact-grp>
<resact-grp>
<result button="notok" comp="button" highlight="0"/>
<action j2008use="1" paperuse="0" screenuse="1">
<ptxt>
<xref>
<ref id="KC08343567"/>
</xref>
</ptxt>
</action>
</resact-grp>
</node>
</testgrp>
<testgrp id="KC02206428" j2008use="1" paperuse="0" resumable="1" screenuse="1" testgrp-id="f6-1" x="240" y="320">
<title>
<phrase category="" id="KC08343568" phrase-urn="urn:x-nevis:phrase:0800c8af81dbe2eb">Checking for an#@#@#8#rcuit</phrase>
</title>
<node>
<test1>
<test2>
<diaglist>
<dgraphic>
<dgraphic1>
<graphic id="KC08343569">
<href>0900c8af80127ef#@#@#9#.jpeg</href>
</graphic>
</dgraphic1>
<dgraphic2>
<graphic id="KC08343570">
<href>0900c8af80054d4#@#@#9#.jpeg</href>
</graphic>
<smarttool active="press" id="KC08343571" toolname="ODAH"/>
</dgraphic2>
</dgraphic>
<ditem>
<ditemtext>
<ptxt>
<phrase category="" id="KC08343572" phrase-urn="urn:x-nevis:phrase:0800c8af81dbe2ec">      Check cab#@#@#93#g to <xref>
<ref id="KC08343573"/>
</xref>.</phrase>
</ptxt>
</ditemtext>
</ditem>
</diaglist>
<grate>
<graphic id="KC08343574">
<href>0900c8af800570b#@#@#9#.jpeg</href>
</graphic>
</grate>
</test2>
</test1>
<question>Select "Continu#@#@#32#ied.
</question>
<resact-grp>
<result button="cont" comp="button" highlight="0"/>
<action j2008use="1" paperuse="1" screenuse="1">
<return value="FAULT FOUND"/>
</action>
</resact-grp>
</node>
</testgrp>
<testgrp id="KC02206429" j2008use="1" paperuse="1" resumable="1" screenuse="1" testgrp-id="f7" x="80" y="400">
<title>
<phrase category="" id="KC08343575" phrase-urn="urn:x-nevis:phrase:0800c8af81dbe2ed">      Checking #@#@#15# pump</phrase>
</title>
<node>
<test1>
<diaglist>
<dgraphic>
<dgraphic1>
<graphic id="KC08343576">
<href>0900c8af80054d4#@#@#9#.jpeg</href>
</graphic>
</dgraphic1>
<dgraphic3>
<graphic id="KC08343577">
<href>0900c8af80054cc#@#@#9#.jpeg</href>
</graphic>
</dgraphic3>
</dgraphic>
<ditem>
<ptxt>
<phrase category="" id="KC08343578" phrase-urn="urn:x-nevis:phrase:0800c8af81dbe2ee">      Ignition off.</phrase>
</ptxt>
</ditem>
<ditem>
<ptxt>
<phrase category="" id="KC08343579" phrase-urn="urn:x-nevis:phrase:0800c8af81dbe2ef">      Control m#@#@#11#cted.</phrase>
</ptxt>
</ditem>
<ditem>
<ptxt>
<phrase category="" id="KC08343580" phrase-urn="urn:x-nevis:phrase:0800c8af81dbe2f0">      Vacuum pu#@#@#11#cted.</phrase>
</ptxt>
</ditem>
</diaglist>
<test2>
<para>
<ptxt>
<phrase category="" id="KC08343581" phrase-urn="urn:x-nevis:phrase:0800c8af81dbe2f1">      Connect a#@#@#58#ound.</phrase>
</ptxt>
<ptxt>
<phrase category="" id="KC08343582" phrase-urn="urn:x-nevis:phrase:0800c8af81dbe2f2">Alternatives:</phrase>
</ptxt>
</para>
<list1 enumtype="n" type="ordered">
<item>
<ptxt>
<phrase category="" id="KC08343583" phrase-urn="urn:x-nevis:phrase:0800c8af81dbe2f3">      The ohmme#@#@#26#5 MΩ.</phrase>
</ptxt>
</item>
<item>
<ptxt>
<phrase category="" id="KC08343584" phrase-urn="urn:x-nevis:phrase:0800c8af81dbe2f4">      The ohmme#@#@#23# 0 Ω.</phrase>
</ptxt>
</item>
<item>
<ptxt>
<phrase category="" id="KC08343585" phrase-urn="urn:x-nevis:phrase:0800c8af81dbe2f5">      The ohmme#@#@#25#ance.</phrase>
</ptxt>
</item>
</list1>
<diaglist>
<dgraphic>
<dgraphic1>
<graphic id="KC08343586">
<href>0900c8af80127ee#@#@#9#.jpeg</href>
</graphic>
</dgraphic1>
<dgraphic2>
<graphic id="KC08343587">
<href>0900c8af80054d4#@#@#9#.jpeg</href>
</graphic>
<smarttool id="KC08343588" toolname="ODA"/>
</dgraphic2>
</dgraphic>
<ditem>
<ditemtext>
<ptxt>
<phrase category="" id="KC08343589" phrase-urn="urn:x-nevis:phrase:0800c8af81dbe2f6"/>
</ptxt>
</ditemtext>
</ditem>
</diaglist>
</test2>
</test1>
<question>Select one of t#@#@#17#ives.</question>
<resact-grp>
<result button="text" comp="button" highlight="0" text="1"/>
<action j2008use="1" paperuse="1" screenuse="1">
<ptxt>
<xref>
<ref id="KC08343590"/>
</xref>
</ptxt>
</action>
</resact-grp>
<resact-grp>
<result button="text" comp="button" highlight="0" text="2"/>
<action j2008use="1" paperuse="0" screenuse="1">
<ptxt>
<xref>
<ref id="KC08343591"/>
</xref>
</ptxt>
</action>
</resact-grp>
<resact-grp>
<result button="text" comp="button" highlight="0" text="3"/>
<action j2008use="1" paperuse="1" screenuse="1">
<ptxt>
<xref>
<ref id="KC08343592"/>
</xref>
</ptxt>
</action>
</resact-grp>
</node>
</testgrp>
<testgrp id="KC02206430" j2008use="1" paperuse="0" resumable="1" screenuse="1" testgrp-id="f7-1" x="240" y="400">
<title>
<phrase category="" id="KC08343593" phrase-urn="urn:x-nevis:phrase:0800c8af81dbe2f7">Checking for a #@#@#8#rcuit</phrase>
</title>
<node>
<test1>
<test2>
<diaglist>
<dgraphic>
<dgraphic1>
<graphic id="KC08343594">
<href>0900c8af80127ef#@#@#9#.jpeg</href>
</graphic>
</dgraphic1>
<dgraphic2>
<graphic id="KC08343595">
<href>0900c8af80054d4#@#@#9#.jpeg</href>
</graphic>
<smarttool active="press" id="KC08343596" toolname="ODAH"/>
</dgraphic2>
</dgraphic>
<ditem>
<ditemtext>
<ptxt>
<phrase category="" id="KC08343597" phrase-urn="urn:x-nevis:phrase:0800c8af81dbe2f8">      Check cab#@#@#102#g to <xref>
<ref id="KC08343598"/>
</xref>.</phrase>
</ptxt>
</ditemtext>
</ditem>
</diaglist>
<grate>
<graphic id="KC08343599" width="column">
<href>0900c8af800570b#@#@#9#.jpeg</href>
</graphic>
</grate>
</test2>
</test1>
<question>Select "Continu#@#@#32#ied.
</question>
<resact-grp>
<result button="cont" comp="button" highlight="0"/>
<action j2008use="1" paperuse="1" screenuse="1">
<return value="FAULT FOUND"/>
</action>
</resact-grp>
</node>
</testgrp>
<testgrp id="KC02206431" j2008use="1" paperuse="1" resumable="1" screenuse="1" testgrp-id="f8" x="80" y="480">
<title>
<phrase category="" id="KC08343600" phrase-urn="urn:x-nevis:phrase:0800c8af81dbe2f9">      Checking #@#@#19#upply</phrase>
</title>
<node>
<test1>
<diaglist>
<dgraphic>
<dgraphic1>
<graphic id="KC08343601">
<href>0900c8af80054d5#@#@#9#.jpeg</href>
</graphic>
</dgraphic1>
<dgraphic3>
<graphic id="KC08343602">
<href>0900c8af80054cc#@#@#9#.jpeg</href>
</graphic>
</dgraphic3>
</dgraphic>
<ditem>
<ptxt>
<phrase category="" id="KC08343603" phrase-urn="urn:x-nevis:phrase:0800c8af81dbe2fa">      Ignition off.</phrase>
</ptxt>
</ditem>
<ditem>
<ptxt>
<phrase category="" id="KC08343604" phrase-urn="urn:x-nevis:phrase:0800c8af81dbe2fb">      Control m#@#@#11#cted.</phrase>
</ptxt>
</ditem>
<ditem>
<ptxt>
<phrase category="" id="KC08343605" phrase-urn="urn:x-nevis:phrase:0800c8af81dbe2fc">      Vacuum pu#@#@#11#cted.</phrase>
</ptxt>
</ditem>
<ditem>
<ptxt>
<phrase category="" id="KC08343606" phrase-urn="urn:x-nevis:phrase:0800c8af81dbe2fd">      Ignition on.</phrase>
</ptxt>
</ditem>
</diaglist>
<test2>
<diaglist>
<dgraphic>
<dgraphic1>
<graphic id="KC08343607">
<href>0900c8af80127ee#@#@#9#.jpeg</href>
</graphic>
</dgraphic1>
<dgraphic2>
<graphic id="KC08343608">
<href>0900c8af80054d4#@#@#9#.jpeg</href>
</graphic>
<smarttool id="KC08343609" toolname="VDCD40"/>
</dgraphic2>
</dgraphic>
<ditem>
<ditemtext>
<ptxt>
<phrase category="" id="KC08343610" phrase-urn="urn:x-nevis:phrase:0800c8af81dbe2fe">       Connect #@#@#59#ound.</phrase>
</ptxt>
</ditemtext>
</ditem>
</diaglist>
</test2>
</test1>
<question>The voltmeter s#@#@#24# 0
V.</question>
<resact-grp>
<result button="ok" comp="button" highlight="0"/>
<action j2008use="1" paperuse="1" screenuse="1">
<ptxt>
<xref>
<ref id="KC08343611"/>
</xref>.
</ptxt>
</action>
</resact-grp>
<resact-grp>
<result button="notok" comp="button" highlight="0"/>
<action j2008use="1" paperuse="0" screenuse="1">
<ptxt>
<xref>
<ref id="KC08343612"/>
</xref>
</ptxt>
</action>
</resact-grp>
</node>
</testgrp>
<testgrp id="KC02206432" j2008use="1" paperuse="0" resumable="1" screenuse="1" testgrp-id="f8-1" x="240" y="480">
<title>
<phrase category="" id="KC08343613" phrase-urn="urn:x-nevis:phrase:0800c8af81dbe2ff">Checking for a #@#@#8#rcuit</phrase>
</title>
<node>
<test1>
<test2>
<diaglist>
<dgraphic>
<dgraphic1>
<graphic id="KC08343614">
<href>0900c8af80127ef#@#@#9#.jpeg</href>
</graphic>
</dgraphic1>
<dgraphic2>
<graphic id="KC08343615">
<href>0900c8af80054d4#@#@#9#.jpeg</href>
</graphic>
<smarttool active="press" id="KC08343616" toolname="ODAH"/>
</dgraphic2>
</dgraphic>
<ditem>
<ditemtext>
<ptxt>
<phrase category="" id="KC08343617" phrase-urn="urn:x-nevis:phrase:0800c8af81dbe300">      Check cab#@#@#130#g to <xref>
<ref id="KC08343618"/>
</xref>. </phrase>
</ptxt>
</ditemtext>
</ditem>
</diaglist>
<grate>
<graphic id="KC08343619" width="column">
<href>0900c8af800570c#@#@#9#.jpeg</href>
</graphic>
</grate>
</test2>
</test1>
<question>Select "Continu#@#@#32#ied.
</question>
<resact-grp>
<result button="cont" comp="button" highlight="0"/>
<action j2008use="1" paperuse="1" screenuse="1">
<return value="FAULT FOUND"/>
</action>
</resact-grp>
</node>
</testgrp>
<testgrp id="KC02206433" j2008use="1" paperuse="1" resumable="1" screenuse="1" testgrp-id="f9" x="80" y="560">
<title>
<phrase category="" id="KC08343620" phrase-urn="urn:x-nevis:phrase:0800c8af81dbe301">      Checking #@#@#11#tance</phrase>
</title>
<node>
<test1>
<diaglist>
<dgraphic>
<dgraphic1>
<graphic id="KC08343621">
<href>0900c8af80054d4#@#@#9#.jpeg</href>
</graphic>
</dgraphic1>
<dgraphic3>
<graphic id="KC08343622">
<href>0900c8af80054cc#@#@#9#.jpeg</href>
</graphic>
</dgraphic3>
</dgraphic>
<ditem>
<ptxt>
<phrase category="" id="KC08343623" phrase-urn="urn:x-nevis:phrase:0800c8af81dbe249">      Ignition off.</phrase>
</ptxt>
</ditem>
<ditem>
<ptxt>
<phrase category="" id="KC08343624" phrase-urn="urn:x-nevis:phrase:0800c8af81dbe24a">      Disconnec#@#@#12#dule.</phrase>
</ptxt>
</ditem>
<ditem>
<ptxt>
<phrase category="" id="KC08343625" phrase-urn="urn:x-nevis:phrase:0800c8af81dbe24b">      Vacuum pu#@#@#11#cted.</phrase>
</ptxt>
</ditem>
</diaglist>
<test2>
<diaglist>
<dgraphic>
<dgraphic1>
<graphic id="KC08343626">
<href>0900c8af80127ef#@#@#9#.jpeg</href>
</graphic>
</dgraphic1>
<dgraphic2>
<graphic id="KC08343627">
<href>0900c8af80054d4#@#@#9#.jpeg</href>
</graphic>
<smarttool id="KC08343628" toolname="ODA"/>
</dgraphic2>
</dgraphic>
<ditem>
<ditemtext>
<ptxt>
<phrase category="" id="KC08343629" phrase-urn="urn:x-nevis:phrase:0800c8af81dbe24c">      Connect a#@#@#87#al 1.</phrase>
</ptxt>
</ditemtext>
</ditem>
</diaglist>
</test2>
</test1>
<question>The ohmmeter sh#@#@#23#
0 Ω.</question>
<resact-grp>
<result button="ok" comp="button" highlight="0"/>
<action j2008use="1" paperuse="1" screenuse="1">
<ptxt>
<xref>
<ref id="KC08343630"/>
</xref>.
</ptxt>
</action>
</resact-grp>
<resact-grp>
<result button="notok" comp="button" highlight="0"/>
<action j2008use="1" paperuse="0" screenuse="1">
<ptxt>
<xref>
<ref id="KC08343631"/>
</xref>
</ptxt>
</action>
</resact-grp>
</node>
</testgrp>
<testgrp id="KC02206434" j2008use="1" paperuse="0" resumable="1" screenuse="1" testgrp-id="f9-1" x="240" y="560">
<title>
<phrase category="" id="KC08343632" phrase-urn="urn:x-nevis:phrase:0800c8af81dbe24d">Checking for an#@#@#8#rcuit</phrase>
</title>
<node>
<test1>
<test2>
<diaglist>
<dgraphic>
<dgraphic1>
<graphic id="KC08343633">
<href>0900c8af80127ef#@#@#9#.jpeg</href>
</graphic>
</dgraphic1>
<dgraphic2>
<graphic id="KC08343634">
<href>0900c8af80054d4#@#@#9#.jpeg</href>
</graphic>
<smarttool active="press" id="KC08343635" toolname="ODAH"/>
</dgraphic2>
</dgraphic>
<ditem>
<ditemtext>
<ptxt>
<phrase category="" id="KC08343636" phrase-urn="urn:x-nevis:phrase:0800c8af81dbe24e">      Check cab#@#@#112#g to <xref>
<ref id="KC08343637"/>
</xref>.</phrase>
</ptxt>
</ditemtext>
</ditem>
</diaglist>
<grate>
<graphic id="KC08343638" width="column">
<href>0900c8af800570b#@#@#9#.jpeg</href>
</graphic>
</grate>
</test2>
</test1>
<question>Select "Continu#@#@#32#ied.
</question>
<resact-grp>
<result button="cont" comp="button" highlight="0"/>
<action j2008use="1" paperuse="1" screenuse="1">
<return value="FAULT FOUND"/>
</action>
</resact-grp>
</node>
</testgrp>
<testgrp id="KC02206435" j2008use="1" paperuse="1" resumable="1" screenuse="1" testgrp-id="f10" x="80" y="640">
<title>
<phrase category="" id="KC08343639" phrase-urn="urn:x-nevis:phrase:0800c8af81dbe24f">      Checking #@#@#8#lator</phrase>
</title>
<node>
<test1>
<diaglist>
<dgraphic>
<dgraphic1>
<graphic id="KC08343640">
<href>0900c8af80054d4#@#@#9#.jpeg</href>
</graphic>
</dgraphic1>
</dgraphic>
<ditem>
<ptxt>
<phrase category="" id="KC08343641" phrase-urn="urn:x-nevis:phrase:0800c8af81dbe250">      Ignition off.</phrase>
</ptxt>
</ditem>
<ditem>
<ptxt>
<phrase category="" id="KC08343642" phrase-urn="urn:x-nevis:phrase:0800c8af81dbe251">      Disconnec#@#@#9#pump.</phrase>
</ptxt>
</ditem>
</diaglist>
<test2>
<diaglist>
<dgraphic>
<dgraphic1>
<graphic id="KC08343643">
<href>0900c8af80127ee#@#@#9#.jpeg</href>
</graphic>
</dgraphic1>
<dgraphic2>
<graphic id="KC08343644">
<href>0900c8af80054d4#@#@#9#.jpeg</href>
</graphic>
<smarttool id="KC08343645" toolname="ODA"/>
</dgraphic2>
</dgraphic>
<ditem>
<ditemtext>
<ptxt>
<phrase category="" id="KC08343646" phrase-urn="urn:x-nevis:phrase:0800c8af81dbe252">      Connect a#@#@#48#nd 3.</phrase>
</ptxt>
</ditemtext>
</ditem>
</diaglist>
</test2>
</test1>
<question>The ohmmeter sh#@#@#25#00 Ω.</question>
<resact-grp>
<result button="ok" comp="button" highlight="0"/>
<action j2008use="1" paperuse="0" screenuse="1">
<ptxt>
<xref>
<ref id="KC08343647"/>
</xref>
</ptxt>
</action>
</resact-grp>
<resact-grp>
<result button="notok" comp="button" highlight="0"/>
<action j2008use="1" paperuse="0" screenuse="1">
<ptxt>
<xref>
<ref id="KC08343648"/>
</xref>
</ptxt>
</action>
</resact-grp>
</node>
</testgrp>
<testgrp id="KC02206436" j2008use="1" paperuse="0" resumable="1" screenuse="1" testgrp-id="f10-1" x="240" y="640">
<title>
<phrase category="" id="KC08343649" phrase-urn="urn:x-nevis:phrase:0800c8af81dbe253">Checking for co#@#@#25#ation</phrase>
</title>
<node>
<test1>
<test2>
<diaglist>
<dgraphic>
<dgraphic1>
<graphic id="KC08343650">
<href>0900c8af80127ef#@#@#9#.jpeg</href>
</graphic>
</dgraphic1>
</dgraphic>
<ditem>
<ptxt>
<phrase category="" id="KC08343651" phrase-urn="urn:x-nevis:phrase:0800c8af81dbe254">      Check con#@#@#96#g to <xref>
<ref id="KC08343652"/>
</xref> and loose conn#@#@#16#g to <xref>
<ref id="KC08343653"/>
</xref>.</phrase>
</ptxt>
</ditem>
</diaglist>
<grate>
<graphic id="KC08343654" width="column">
<href>0900c8af80056cb#@#@#9#.jpeg</href>
</graphic>
</grate>
</test2>
</test1>
<question>Select "Continu#@#@#32#ied.
</question>
<resact-grp>
<result button="cont" comp="button" highlight="0"/>
<action j2008use="1" paperuse="1" screenuse="1">
<return value="FAULT FOUND"/>
</action>
</resact-grp>
</node>
</testgrp>
<testgrp id="KC02206437" j2008use="1" paperuse="0" resumable="1" screenuse="1" testgrp-id="f10-2" x="240" y="720">
<title>
<phrase category="" id="KC08343655" phrase-urn="urn:x-nevis:phrase:0800c8af81dbe255">Replacing component</phrase>
</title>
<node>
<test1>
<test2>
<diaglist>
<ditem>
<ptxt>
<phrase category="" id="KC08343656" phrase-urn="urn:x-nevis:phrase:0800c8af81dbe256">      Try a new#@#@#21#g to <xref>
<ref id="KC08343657"/>
</xref>.</phrase>
</ptxt>
</ditem>
</diaglist>
<grate>
<graphic id="KC08343658" width="column">
<href>0900c8af80127e9#@#@#9#.jpeg</href>
</graphic>
</grate>
</test2>
</test1>
<question>Select "Continu#@#@#32#ied.
</question>
<resact-grp>
<result button="cont" comp="button" highlight="0"/>
<action j2008use="1" paperuse="1" screenuse="1">
<return value="FAULT FOUND"/>
</action>
</resact-grp>
</node>
</testgrp>
<testgrp id="KC02206438" j2008use="1" paperuse="1" resumable="1" screenuse="1" testgrp-id="f11" x="80" y="800">
<title>
<phrase category="" id="KC08343659" phrase-urn="urn:x-nevis:phrase:0800c8af81dbe257">      Checking #@#@#15#ction</phrase>
</title>
<node>
<test1>
<diaglist>
<dgraphic>
<dgraphic1>
<graphic id="KC08343660">
<href>0900c8af80054d5#@#@#9#.jpeg</href>
</graphic>
</dgraphic1>
</dgraphic>
<ditem>
<ptxt>
<phrase category="" id="KC08343661" phrase-urn="urn:x-nevis:phrase:0800c8af81dbe258">      Ignition on.</phrase>
</ptxt>
</ditem>
<ditem>
<ptxt>
<phrase category="" id="KC08343662" phrase-urn="urn:x-nevis:phrase:0800c8af81dbe259">      Connect t#@#@#63#nd 1.</phrase>
</ptxt>
</ditem>
</diaglist>
<test2>
<para>
<ptxt>
<phrase category="" id="KC08343663" phrase-urn="urn:x-nevis:phrase:0800c8af81dbe25a">      Connect t#@#@#183#lick.</phrase>
</ptxt>
<ptxt>
<phrase category="" id="KC08343664" phrase-urn="urn:x-nevis:phrase:0800c8af81dbe25b">      Connect t#@#@#174#WOT).</phrase>
</ptxt>
<ptxt>
<phrase category="" id="KC08343665" phrase-urn="urn:x-nevis:phrase:0800c8af81dbe25c">      Wait appr#@#@#16#onds.</phrase>
</ptxt>
<ptxt>
<phrase category="" id="KC08343666" phrase-urn="urn:x-nevis:phrase:0800c8af81dbe25d">      If the va#@#@#104#tem. </phrase>
</ptxt>
<ptxt>
<phrase category="" id="KC08343667" phrase-urn="urn:x-nevis:phrase:0800c8af81dbe25e">      Disconnec#@#@#56#al 9.</phrase>
</ptxt>
<ptxt>
<phrase category="" id="KC08343668" phrase-urn="urn:x-nevis:phrase:0800c8af81dbe25f">Alternatives:</phrase>
</ptxt>
</para>
<list1 enumtype="n" type="ordered">
<item>
<ptxt>
<phrase category="" id="KC08343669" phrase-urn="urn:x-nevis:phrase:0800c8af81dbe260">The vacuum pump#@#@#21#king.</phrase>
</ptxt>
</item>
<item>
<ptxt>
<phrase category="" id="KC08343670" phrase-urn="urn:x-nevis:phrase:0800c8af81dbe261">The vacuum syst#@#@#9#king.</phrase>
</ptxt>
</item>
<item>
<ptxt>
<phrase category="" id="KC08343671" phrase-urn="urn:x-nevis:phrase:0800c8af81dbe262">The vacuum pump#@#@#6#t OK.</phrase>
</ptxt>
</item>
</list1>
<diaglist>
<dgraphic>
<dgraphic1>
<graphic id="KC08343672">
<href>0900c8af80127ec#@#@#9#.jpeg</href>
</graphic>
</dgraphic1>
</dgraphic>
</diaglist>
<grate>
<graphic id="KC08343673" width="column">
<href>0900c8af80127e9#@#@#9#.jpeg</href>
</graphic>
</grate>
</test2>
</test1>
<question>Select one of t#@#@#17#ives.</question>
<resact-grp>
<result button="text" comp="button" highlight="0" text="1"/>
<action j2008use="1" paperuse="1" screenuse="1">
<ptxt>
<xref>
<ref id="KC08343674"/>
</xref>.
</ptxt>
</action>
</resact-grp>
<resact-grp>
<result button="text" comp="button" highlight="0" text="2"/>
<action j2008use="1" paperuse="1" screenuse="1">
<ptxt>
<xref>
<ref id="KC08343675"/>
</xref>
</ptxt>
</action>
</resact-grp>
<resact-grp>
<result button="text" comp="button" highlight="0" text="3"/>
<action j2008use="1" paperuse="1" screenuse="1">
<ptxt>
<xref>
<ref id="KC08343676"/>
</xref>
</ptxt>
</action>
</resact-grp>
</node>
</testgrp>
<testgrp id="KC02206439" j2008use="1" paperuse="1" resumable="1" screenuse="1" testgrp-id="f12" x="80" y="880">
<title>
<phrase category="" id="KC08343677" phrase-urn="urn:x-nevis:phrase:0800c8af81dbe263">      Checking #@#@#15# pump</phrase>
</title>
<node>
<test1>
<diaglist>
<dgraphic>
<dgraphic1>
<graphic id="KC08343678">
<href>0900c8af80054d4#@#@#9#.jpeg</href>
</graphic>
</dgraphic1>
<dgraphic3>
<graphic id="KC08343679">
<href>0900c8af80054cc#@#@#9#.jpeg</href>
</graphic>
</dgraphic3>
</dgraphic>
<ditem>
<ptxt>
<phrase category="" id="KC08343680" phrase-urn="urn:x-nevis:phrase:0800c8af81dbe264">      Ignition off.</phrase>
</ptxt>
</ditem>
<ditem>
<ptxt>
<phrase category="" id="KC08343681" phrase-urn="urn:x-nevis:phrase:0800c8af81dbe265">      Disconnec#@#@#9#pump.</phrase>
</ptxt>
</ditem>
<ditem>
<ptxt>
<phrase category="" id="KC08343682" phrase-urn="urn:x-nevis:phrase:0800c8af81dbe266">      Control m#@#@#11#cted.</phrase>
</ptxt>
</ditem>
</diaglist>
<test2>
<para>
<ptxt>
<phrase category="" id="KC08343683" phrase-urn="urn:x-nevis:phrase:0800c8af81dbe267">      Connect a#@#@#58#ound.</phrase>
</ptxt>
<ptxt>
<phrase category="" id="KC08343684" phrase-urn="urn:x-nevis:phrase:0800c8af81dbe268">Alternatives:</phrase>
</ptxt>
</para>
<list1 enumtype="n" type="ordered">
<item>
<ptxt>
<phrase category="" id="KC08343685" phrase-urn="urn:x-nevis:phrase:0800c8af81dbe269">      The ohmme#@#@#24#3 kΩ.</phrase>
</ptxt>
</item>
<item>
<ptxt>
<phrase category="" id="KC08343686" phrase-urn="urn:x-nevis:phrase:0800c8af81dbe26a">      The ohmme#@#@#23# 0 Ω.</phrase>
</ptxt>
</item>
<item>
<ptxt>
<phrase category="" id="KC08343687" phrase-urn="urn:x-nevis:phrase:0800c8af81dbe26b">      The ohmme#@#@#25#ance.</phrase>
</ptxt>
</item>
</list1>
<diaglist>
<dgraphic>
<dgraphic1>
<graphic id="KC08343688">
<href>0900c8af80127ee#@#@#9#.jpeg</href>
</graphic>
</dgraphic1>
<dgraphic2>
<graphic id="KC08343689">
<href>0900c8af80054d4#@#@#9#.jpeg</href>
</graphic>
<smarttool id="KC08343690" toolname="ODA"/>
</dgraphic2>
</dgraphic>
<ditem>
<ditemtext>
<ptxt>
<phrase category="" id="KC08343691" phrase-urn="urn:x-nevis:phrase:0800c8af81dbe26c"/>
</ptxt>
</ditemtext>
</ditem>
</diaglist>
</test2>
</test1>
<question>Select one of t#@#@#17#ives.</question>
<resact-grp>
<result button="text" comp="button" highlight="0" text="1"/>
<action j2008use="1" paperuse="1" screenuse="1">
<ptxt>
<xref>
<ref id="KC08343692"/>
</xref>.
</ptxt>
</action>
</resact-grp>
<resact-grp>
<result button="text" comp="button" highlight="0" text="2"/>
<action j2008use="1" paperuse="0" screenuse="1">
<ptxt>
<xref>
<ref id="KC08343693"/>
</xref>
</ptxt>
</action>
</resact-grp>
<resact-grp>
<result button="text" comp="button" highlight="0" text="3"/>
<action j2008use="1" paperuse="1" screenuse="1">
<ptxt>
<xref>
<ref id="KC08343694"/>
</xref>
</ptxt>
</action>
</resact-grp>
</node>
</testgrp>
<testgrp id="KC02206440" j2008use="1" paperuse="0" resumable="1" screenuse="1" testgrp-id="f12-1" x="240" y="880">
<title>
<phrase category="" id="KC08343695" phrase-urn="urn:x-nevis:phrase:0800c8af81dbe26d">Checking for a #@#@#8#rcuit</phrase>
</title>
<node>
<test1>
<test2>
<diaglist>
<dgraphic>
<dgraphic1>
<graphic id="KC08343696">
<href>0900c8af80127ef#@#@#9#.jpeg</href>
</graphic>
</dgraphic1>
<dgraphic2>
<graphic id="KC08343697">
<href>0900c8af80054d4#@#@#9#.jpeg</href>
</graphic>
<smarttool active="press" id="KC08343698" toolname="ODAH"/>
</dgraphic2>
</dgraphic>
<ditem>
<ditemtext>
<ptxt>
<phrase category="" id="KC08343699" phrase-urn="urn:x-nevis:phrase:0800c8af81dbe26e">      Check cab#@#@#102#g to <xref>
<ref id="KC08343700"/>
</xref>.</phrase>
</ptxt>
</ditemtext>
</ditem>
</diaglist>
<grate>
<graphic id="KC08343701" width="column">
<href>0900c8af800570b#@#@#9#.jpeg</href>
</graphic>
</grate>
</test2>
</test1>
<question>Select "Continu#@#@#32#ied.
</question>
<resact-grp>
<result button="cont" comp="button" highlight="0"/>
<action j2008use="1" paperuse="1" screenuse="1">
<return value="FAULT FOUND"/>
</action>
</resact-grp>
</node>
</testgrp>
<testgrp id="KC02206441" j2008use="1" paperuse="1" resumable="1" screenuse="1" testgrp-id="f13" x="80" y="960">
<title>
<phrase category="" id="KC08343702" phrase-urn="urn:x-nevis:phrase:0800c8af81dbe26f">      Checking #@#@#19#upply</phrase>
</title>
<node>
<test1>
<diaglist>
<dgraphic>
<dgraphic1>
<graphic id="KC08343703">
<href>0900c8af80054d5#@#@#9#.jpeg</href>
</graphic>
</dgraphic1>
<dgraphic3>
<graphic id="KC08343704">
<href>0900c8af80054cc#@#@#9#.jpeg</href>
</graphic>
</dgraphic3>
</dgraphic>
<ditem>
<ptxt>
<phrase category="" id="KC08343705" phrase-urn="urn:x-nevis:phrase:0800c8af81dbe270">      Ignition off.</phrase>
</ptxt>
</ditem>
<ditem>
<ptxt>
<phrase category="" id="KC08343706" phrase-urn="urn:x-nevis:phrase:0800c8af81dbe271">      Control m#@#@#11#cted.</phrase>
</ptxt>
</ditem>
<ditem>
<ptxt>
<phrase category="" id="KC08343707" phrase-urn="urn:x-nevis:phrase:0800c8af81dbe272">      Vacuum pu#@#@#11#cted.</phrase>
</ptxt>
</ditem>
<ditem>
<ptxt>
<phrase category="" id="KC08343708" phrase-urn="urn:x-nevis:phrase:0800c8af81dbe273">      Ignition on.</phrase>
</ptxt>
</ditem>
</diaglist>
<test2>
<diaglist>
<dgraphic>
<dgraphic1>
<graphic id="KC08343709">
<href>0900c8af80127ee#@#@#9#.jpeg</href>
</graphic>
</dgraphic1>
<dgraphic2>
<graphic id="KC08343710">
<href>0900c8af80054d4#@#@#9#.jpeg</href>
</graphic>
<smarttool id="KC08343711" toolname="VDCD40"/>
</dgraphic2>
</dgraphic>
<ditem>
<ditemtext>
<ptxt>
<phrase category="" id="KC08343712" phrase-urn="urn:x-nevis:phrase:0800c8af81dbe274">       Connect #@#@#59#ound.</phrase>
</ptxt>
</ditemtext>
</ditem>
</diaglist>
</test2>
</test1>
<question>The voltmeter s#@#@#24# 0
V.</question>
<resact-grp>
<result button="ok" comp="button" highlight="0"/>
<action j2008use="1" paperuse="1" screenuse="1">
<ptxt>
<xref>
<ref id="KC08343713"/>
</xref>.
</ptxt>
</action>
</resact-grp>
<resact-grp>
<result button="notok" comp="button" highlight="0"/>
<action j2008use="1" paperuse="0" screenuse="1">
<ptxt>
<xref>
<ref id="KC08343714"/>
</xref>
</ptxt>
</action>
</resact-grp>
</node>
</testgrp>
<testgrp id="KC02206442" j2008use="1" paperuse="0" resumable="1" screenuse="1" testgrp-id="f13-1" x="240" y="960">
<title>
<phrase category="" id="KC08343715" phrase-urn="urn:x-nevis:phrase:0800c8af81dbe275">Checking for a #@#@#8#rcuit</phrase>
</title>
<node>
<test1>
<test2>
<diaglist>
<dgraphic>
<dgraphic1>
<graphic id="KC08343716">
<href>0900c8af80127ef#@#@#9#.jpeg</href>
</graphic>
</dgraphic1>
<dgraphic2>
<graphic id="KC08343717">
<href>0900c8af80054d4#@#@#9#.jpeg</href>
</graphic>
<smarttool active="press" id="KC08343718" toolname="ODAH"/>
</dgraphic2>
</dgraphic>
<ditem>
<ditemtext>
<ptxt>
<phrase category="" id="KC08343719" phrase-urn="urn:x-nevis:phrase:0800c8af81dbe276">      Check cab#@#@#110#g to <xref>
<ref id="KC08343720"/>
</xref>.</phrase>
</ptxt>
</ditemtext>
</ditem>
</diaglist>
<grate>
<graphic id="KC08343721" width="column">
<href>0900c8af800570c#@#@#9#.jpeg</href>
</graphic>
</grate>
</test2>
</test1>
<question>Select "Continu#@#@#32#ied.
</question>
<resact-grp>
<result button="cont" comp="button" highlight="0"/>
<action j2008use="1" paperuse="1" screenuse="1">
<return value="FAULT FOUND"/>
</action>
</resact-grp>
</node>
</testgrp>
<testgrp id="KC02206443" j2008use="1" paperuse="1" resumable="1" screenuse="1" testgrp-id="f14" x="80" y="1040">
<title>
<phrase category="" id="KC08343722" phrase-urn="urn:x-nevis:phrase:0800c8af81dbe277">      Checking #@#@#11#tance</phrase>
</title>
<node>
<test1>
<diaglist>
<dgraphic>
<dgraphic1>
<graphic id="KC08343723">
<href>0900c8af80054d4#@#@#9#.jpeg</href>
</graphic>
</dgraphic1>
<dgraphic3>
<graphic id="KC08343724">
<href>0900c8af80054cc#@#@#9#.jpeg</href>
</graphic>
</dgraphic3>
</dgraphic>
<ditem>
<ptxt>
<phrase category="" id="KC08343725" phrase-urn="urn:x-nevis:phrase:0800c8af81dbe278">      Ignition off.</phrase>
</ptxt>
</ditem>
<ditem>
<ptxt>
<phrase category="" id="KC08343726" phrase-urn="urn:x-nevis:phrase:0800c8af81dbe279">      Disconnec#@#@#12#dule.</phrase>
</ptxt>
</ditem>
<ditem>
<ptxt>
<phrase category="" id="KC08343727" phrase-urn="urn:x-nevis:phrase:0800c8af81dbe27a">      Vacuum pu#@#@#11#cted.</phrase>
</ptxt>
</ditem>
<ditem>
<ptxt>
<phrase category="" id="KC08343728" phrase-urn="urn:x-nevis:phrase:0800c8af81dbe27b">      Cables di#@#@#6#cted.</phrase>
</ptxt>
</ditem>
</diaglist>
<test2>
<diaglist>
<dgraphic>
<dgraphic1>
<graphic id="KC08343729">
<href>0900c8af80127ef#@#@#9#.jpeg</href>
</graphic>
</dgraphic1>
<dgraphic2>
<graphic id="KC08343730">
<href>0900c8af80054d4#@#@#9#.jpeg</href>
</graphic>
<smarttool id="KC08343731" toolname="ODA"/>
</dgraphic2>
</dgraphic>
<ditem>
<ditemtext>
<ptxt>
<phrase category="" id="KC08343732" phrase-urn="urn:x-nevis:phrase:0800c8af81dbe27c">      Connect a#@#@#87#al 9.</phrase>
</ptxt>
</ditemtext>
</ditem>
</diaglist>
</test2>
</test1>
<question>The ohmmeter sh#@#@#23#
0 Ω.</question>
<resact-grp>
<result button="ok" comp="button" highlight="0"/>
<action j2008use="1" paperuse="0" screenuse="1">
<ptxt>
<xref>
<ref id="KC08343733"/>
</xref>
</ptxt>
</action>
</resact-grp>
<resact-grp>
<result button="notok" comp="button" highlight="0"/>
<action j2008use="1" paperuse="0" screenuse="1">
<ptxt>
<xref>
<ref id="KC08343734"/>
</xref>
</ptxt>
</action>
</resact-grp>
</node>
</testgrp>
<testgrp id="KC02206444" j2008use="1" paperuse="0" resumable="1" screenuse="1" testgrp-id="f14-1" x="240" y="1040">
<title>
<phrase category="" id="KC08343735" phrase-urn="urn:x-nevis:phrase:0800c8af81dbe27d">Checking for co#@#@#25#ation</phrase>
</title>
<node>
<test1>
<test2>
<diaglist>
<dgraphic>
<dgraphic1>
<graphic id="KC08343736">
<href>0900c8af80127ef#@#@#9#.jpeg</href>
</graphic>
</dgraphic1>
</dgraphic>
<ditem>
<ptxt>
<phrase category="" id="KC08343737" phrase-urn="urn:x-nevis:phrase:0800c8af81dbe27e">      Check con#@#@#104#g to <xref>
<ref id="KC08343738"/>
</xref> and loose conn#@#@#16#g to <xref>
<ref id="KC08343739"/>
</xref>.</phrase>
</ptxt>
</ditem>
</diaglist>
<grate>
<graphic id="KC08343740" width="column">
<href>0900c8af80056cb#@#@#9#.jpeg</href>
</graphic>
</grate>
</test2>
</test1>
<question>Select "Continu#@#@#32#ied.
</question>
<resact-grp>
<result button="cont" comp="button" highlight="0"/>
<action j2008use="1" paperuse="1" screenuse="1">
<return value="FAULT FOUND"/>
</action>
</resact-grp>
</node>
</testgrp>
<testgrp id="KC02206445" j2008use="1" paperuse="0" resumable="1" screenuse="1" testgrp-id="f14-2" x="240" y="1120">
<title>
<phrase category="" id="KC08343741" phrase-urn="urn:x-nevis:phrase:0800c8af81dbe27f">Checking for an#@#@#8#rcuit</phrase>
</title>
<node>
<test1>
<test2>
<diaglist>
<dgraphic>
<dgraphic1>
<graphic id="KC08343742">
<href>0900c8af80127ef#@#@#9#.jpeg</href>
</graphic>
</dgraphic1>
<dgraphic2>
<graphic id="KC08343743">
<href>0900c8af80054d4#@#@#9#.jpeg</href>
</graphic>
<smarttool active="press" id="KC08343744" toolname="ODAH"/>
</dgraphic2>
</dgraphic>
<ditem>
<ditemtext>
<ptxt>
<phrase category="" id="KC08343745" phrase-urn="urn:x-nevis:phrase:0800c8af81dbe280">      Check cab#@#@#92#g to <xref>
<ref id="KC08343746"/>
</xref>.</phrase>
</ptxt>
</ditemtext>
</ditem>
</diaglist>
<grate>
<graphic id="KC08343747" width="column">
<href>0900c8af800570b#@#@#9#.jpeg</href>
</graphic>
</grate>
</test2>
</test1>
<question>Select "Continu#@#@#32#ied.
</question>
<resact-grp>
<result button="cont" comp="button" highlight="0"/>
<action j2008use="1" paperuse="1" screenuse="1">
<return value="FAULT FOUND"/>
</action>
</resact-grp>
</node>
</testgrp>
<testgrp id="KC02206446" j2008use="1" paperuse="1" resumable="1" screenuse="1" testgrp-id="f15" x="80" y="1200">
<title>
<phrase category="" id="KC08343748" phrase-urn="urn:x-nevis:phrase:0800c8af81dbe281">      Checking #@#@#10# pump</phrase>
</title>
<node>
<test1>
<diaglist>
<dgraphic>
<dgraphic1>
<graphic id="KC08343749">
<href>0900c8af80054d4#@#@#9#.jpeg</href>
</graphic>
</dgraphic1>
</dgraphic>
<ditem>
<ptxt>
<phrase category="" id="KC08343750" phrase-urn="urn:x-nevis:phrase:0800c8af81dbe282">      Ignition off.</phrase>
</ptxt>
</ditem>
<ditem>
<ptxt>
<phrase category="" id="KC08343751" phrase-urn="urn:x-nevis:phrase:0800c8af81dbe283">      Vacuum pu#@#@#11#cted.</phrase>
</ptxt>
</ditem>
</diaglist>
<test2>
<diaglist>
<dgraphic>
<dgraphic1>
<graphic id="KC08343752">
<href>0900c8af80127ee#@#@#9#.jpeg</href>
</graphic>
</dgraphic1>
<dgraphic2>
<graphic id="KC08343753">
<href>0900c8af80054d4#@#@#9#.jpeg</href>
</graphic>
<smarttool id="KC08343754" toolname="ODA"/>
</dgraphic2>
</dgraphic>
<ditem>
<ditemtext>
<ptxt>
<phrase category="" id="KC08343755" phrase-urn="urn:x-nevis:phrase:0800c8af81dbe284">      Connect a#@#@#48#nd 3.</phrase>
</ptxt>
</ditemtext>
</ditem>
</diaglist>
</test2>
</test1>
<question>The ohmmeter sh#@#@#24#10 Ω.</question>
<resact-grp>
<result button="ok" comp="button" highlight="0"/>
<action j2008use="1" paperuse="0" screenuse="1">
<ptxt>
<xref>
<ref id="KC08343756"/>
</xref>
</ptxt>
</action>
</resact-grp>
<resact-grp>
<result button="notok" comp="button" highlight="0"/>
<action j2008use="1" paperuse="0" screenuse="1">
<ptxt>
<xref>
<ref id="KC08343757"/>
</xref>
</ptxt>
</action>
</resact-grp>
</node>
</testgrp>
<testgrp id="KC02206447" j2008use="1" paperuse="0" resumable="1" screenuse="1" testgrp-id="f15-1" x="240" y="1200">
<title>
<phrase category="" id="KC08343758" phrase-urn="urn:x-nevis:phrase:0800c8af81dbe285">Checking for co#@#@#25#ation</phrase>
</title>
<node>
<test1>
<test2>
<diaglist>
<dgraphic>
<dgraphic1>
<graphic id="KC08343759">
<href>0900c8af80127ee#@#@#9#.jpeg</href>
</graphic>
</dgraphic1>
</dgraphic>
<ditem>
<ptxt>
<phrase category="" id="KC08343760" phrase-urn="urn:x-nevis:phrase:0800c8af81dbe286">      Check con#@#@#104#g to <xref>
<ref id="KC08343761"/>
</xref> and loose conn#@#@#16#g to <xref>
<ref id="KC08343762"/>
</xref>.</phrase>
</ptxt>
</ditem>
</diaglist>
<grate>
<graphic id="KC08343763" width="column">
<href>0900c8af80056cb#@#@#9#.jpeg</href>
</graphic>
</grate>
</test2>
</test1>
<question>Select "Continu#@#@#32#ied.
</question>
<resact-grp>
<result button="cont" comp="button" highlight="0"/>
<action j2008use="1" paperuse="1" screenuse="1">
<return value="FAULT FOUND"/>
</action>
</resact-grp>
</node>
</testgrp>
<testgrp id="KC02206448" j2008use="1" paperuse="0" resumable="1" screenuse="1" testgrp-id="f15-2" x="240" y="1280">
<title>
<phrase category="" id="KC08343764" phrase-urn="urn:x-nevis:phrase:0800c8af81dbe287">Replacing component</phrase>
</title>
<node>
<test1>
<test2>
<diaglist>
<ditem>
<ptxt>
<phrase category="" id="KC08343765" phrase-urn="urn:x-nevis:phrase:0800c8af81dbe288">      Try a new#@#@#21#g to <xref>
<ref id="KC08343766"/>
</xref>.</phrase>
</ptxt>
</ditem>
</diaglist>
<grate>
<graphic id="KC08343767" width="column">
<href>0900c8af80127e9#@#@#9#.jpeg</href>
</graphic>
</grate>
</test2>
</test1>
<question>Select "Continu#@#@#32#ied.
</question>
<resact-grp>
<result button="cont" comp="button" highlight="0"/>
<action j2008use="1" paperuse="1" screenuse="1">
<return value="FAULT FOUND"/>
</action>
</resact-grp>
</node>
</testgrp>
<testgrp id="KC02206449" j2008use="1" paperuse="1" resumable="1" screenuse="1" testgrp-id="f16" x="80" y="1360">
<title>
<phrase category="" id="KC08343768" phrase-urn="urn:x-nevis:phrase:0800c8af81dbe289">      Checking #@#@#10#valve</phrase>
</title>
<node>
<test1>
<diaglist>
<dgraphic>
<dgraphic1>
<graphic id="KC08343769">
<href>0900c8af80054d5#@#@#9#.jpeg</href>
</graphic>
</dgraphic1>
</dgraphic>
<ditem>
<ptxt>
<phrase category="" id="KC08343770" phrase-urn="urn:x-nevis:phrase:0800c8af81dbe28a">      Ignition on.</phrase>
</ptxt>
</ditem>
<ditem>
<ptxt>
<phrase category="" id="KC08343771" phrase-urn="urn:x-nevis:phrase:0800c8af81dbe28b">      Connect t#@#@#63#nd 1.</phrase>
</ptxt>
</ditem>
<ditem>
<ptxt>
<phrase category="" id="KC08343772" phrase-urn="urn:x-nevis:phrase:0800c8af81dbe28c">      Connect t#@#@#258#al 9.</phrase>
</ptxt>
</ditem>
</diaglist>
<test2>
<diaglist>
<dgraphic>
<dgraphic1>
<graphic id="KC08343773">
<href>0900c8af80127ec#@#@#9#.jpeg</href>
</graphic>
</dgraphic1>
</dgraphic>
<ditem>
<ptxt>
<phrase category="" id="KC08343774" phrase-urn="urn:x-nevis:phrase:0800c8af81dbe28d">      The vacuu#@#@#99#WOT).</phrase>
</ptxt>
</ditem>
<ditem>
<ptxt>
<phrase category="" id="KC08343775" phrase-urn="urn:x-nevis:phrase:0800c8af81dbe28e">      Stop the #@#@#121#al 9.</phrase>
</ptxt>
</ditem>
<ditem>
<ptxt>
<phrase category="" id="KC08343776" phrase-urn="urn:x-nevis:phrase:0800c8af81dbe28f">      Depress b#@#@#6#edal.</phrase>
</ptxt>
</ditem>
</diaglist>
</test2>
</test1>
<question>The brake valve#@#@#55#ease.</question>
<resact-grp>
<result button="ok" comp="button" highlight="0"/>
<action j2008use="0" paperuse="1" screenuse="0">
<ptxt/>
</action>
<action j2008use="1" paperuse="1" screenuse="1">
<return value="FAULT NOT FOUND"/>
</action>
</resact-grp>
<resact-grp>
<result button="notok" comp="button" highlight="0"/>
<action j2008use="1" paperuse="1" screenuse="1">
<ptxt>
<xref>
<ref id="KC08343777"/>
</xref>.
</ptxt>
</action>
</resact-grp>
</node>
</testgrp>
<testgrp id="KC02206450" j2008use="1" paperuse="1" resumable="1" screenuse="1" testgrp-id="f17" x="80" y="1440">
<title>
<phrase category="" id="KC08343778" phrase-urn="urn:x-nevis:phrase:0800c8af81dbe290">      Adjusting#@#@#7#valve</phrase>
</title>
<node>
<test1>
<diaglist>
<dgraphic>
<dgraphic1>
<graphic id="KC08343779">
<href>0900c8af80054d4#@#@#9#.jpeg</href>
</graphic>
</dgraphic1>
</dgraphic>
<ditem>
<ptxt>
<phrase category="" id="KC08343780" phrase-urn="urn:x-nevis:phrase:0800c8af81dbe291">      Ignition off.</phrase>
</ptxt>
</ditem>
<ditem>
<ptxt>
<phrase category="" id="KC08343781" phrase-urn="urn:x-nevis:phrase:0800c8af81dbe292">      Disconnec#@#@#4#bles.</phrase>
</ptxt>
</ditem>
<ditem>
<ptxt>
<phrase category="" id="KC08343782" phrase-urn="urn:x-nevis:phrase:0800c8af81dbe293">      Slacken o#@#@#48#ases.</phrase>
</ptxt>
</ditem>
<ditem>
<ptxt>
<phrase category="" id="KC08343783" phrase-urn="urn:x-nevis:phrase:0800c8af81dbe294">      Valves sh#@#@#53#e up.</phrase>
</ptxt>
<hint>
<ptxt>
<phrase category="" id="KC08343784" phrase-urn="urn:x-nevis:phrase:0800c8af81dbe295">There are two v#@#@#14# see <xref>
<ref id="KC08343785"/>
</xref>.</phrase>
</ptxt>
</hint>
</ditem>
</diaglist>
<test2>
<diaglist>
<ditem>
<ptxt>
<phrase category="" id="KC08343786" phrase-urn="urn:x-nevis:phrase:0800c8af81dbe297">      Old valve#@#@#2#ype: </phrase>
</ptxt>
<ptxt>
<phrase category="" id="KC08343787" phrase-urn="urn:x-nevis:phrase:0800c8af81dbe298">      Play to e#@#@#38#0 mm.</phrase>
</ptxt>
<ptxt>
<phrase category="" id="KC08343788" phrase-urn="urn:x-nevis:phrase:0800c8af81dbe299">      Disconnec#@#@#36#lve. </phrase>
</ptxt>
<ptxt>
<phrase category="" id="KC08343789" phrase-urn="urn:x-nevis:phrase:0800c8af81dbe29a">      Check fun#@#@#23#eaks.</phrase>
</ptxt>
</ditem>
<ditem>
<ptxt>
<phrase category="" id="KC08343790" phrase-urn="urn:x-nevis:phrase:0800c8af81dbe29b">      New valve#@#@#2#ype: </phrase>
</ptxt>
<ptxt>
<phrase category="" id="KC08343791" phrase-urn="urn:x-nevis:phrase:0800c8af81dbe29c">      Depress p#@#@#44#alve.</phrase>
</ptxt>
<ptxt>
<phrase category="" id="KC08343792" phrase-urn="urn:x-nevis:phrase:0800c8af81dbe29d">      Pull pist#@#@#46#owly.</phrase>
</ptxt>
<ptxt>
<phrase category="" id="KC08343793" phrase-urn="urn:x-nevis:phrase:0800c8af81dbe29e">      Plastic t#@#@#49#tion.</phrase>
</ptxt>
</ditem>
</diaglist>
<grate>
<graphic id="KC08343794" width="column">
<href>0900c8af80127e9#@#@#9#.jpeg</href>
</graphic>
</grate>
</test2>
</test1>
<question>Is the brake va#@#@#2#e OK?</question>
<resact-grp>
<result button="yes" comp="button" highlight="0"/>
<action j2008use="1" paperuse="1" screenuse="1">
<return value="FAULT NOT FOUND"/>
</action>
</resact-grp>
<resact-grp>
<result button="no" comp="button" highlight="0"/>
<action j2008use="1" paperuse="0" screenuse="1">
<ptxt>
<xref>
<ref id="KC08343795"/>
</xref>
</ptxt>
</action>
</resact-grp>
</node>
</testgrp>
<testgrp id="KC02206451" j2008use="1" paperuse="0" resumable="1" screenuse="1" testgrp-id="f17-2" x="240" y="1440">
<title>
<phrase category="" id="KC08343796" phrase-urn="urn:x-nevis:phrase:0800c8af81dbe29f">Replacing component</phrase>
</title>
<node>
<test1>
<test2>
<diaglist>
<ditem>
<ptxt>
<phrase category="" id="KC08343797" phrase-urn="urn:x-nevis:phrase:0800c8af81dbe2a0">      Try a new#@#@#21#g to <xref>
<ref id="KC08343798"/>
</xref>.</phrase>
</ptxt>
</ditem>
</diaglist>
<grate>
<graphic id="KC08343799" width="column">
<href>0900c8af80127e9#@#@#9#.jpeg</href>
</graphic>
</grate>
</test2>
</test1>
<question>Select "Continu#@#@#32#ied.
</question>
<resact-grp>
<result button="cont" comp="button" highlight="0"/>
<action j2008use="1" paperuse="1" screenuse="1">
<return value="DONE"/>
</action>
</resact-grp>
</node>
</testgrp>
<testgrp id="KC02206452" j2008use="1" paperuse="1" resumable="1" screenuse="1" testgrp-id="f11-1" x="240" y="800">
<title>
<phrase category="" id="KC08343800" phrase-urn="urn:x-nevis:phrase:0800c8af81dbe2a1">Checking for leaks</phrase>
</title>
<node>
<test1>
<test2>
<diaglist>
<ditem>
<ptxt>
<phrase category="" id="KC08343801" phrase-urn="urn:x-nevis:phrase:0800c8af81dbe2a2">Check vacuum pu#@#@#31#eaks.</phrase>
</ptxt>
</ditem>
</diaglist>
<grate>
<graphic id="KC08343802" width="column">
<href>0900c8af80127e9#@#@#9#.jpeg</href>
</graphic>
</grate>
</test2>
</test1>
<question>Select "Continue".</question>
<resact-grp>
<result button="cont" comp="button" highlight="0"/>
<action j2008use="1" paperuse="1" screenuse="1">
<ptxt>
<xref>
<ref id="KC08343803"/>
</xref>
</ptxt>
</action>
</resact-grp>
</node>
</testgrp>
</diagnostic>
</servinfosub>