<?xml version="1.0" encoding="UTF-8"?><servinfosub IE-ID="en-US0900c8af8450d50e" docno="VCC-371061" id="nev13719963n1" original="sv-SE" servinfosubId="nev13719964n1-nev13742987n1" servinfosubRes="0900c8af8452a555" servinfosubRes2="urn:x-nevis:fragment:0900c8af8450d50e:0900c8af8452a555#nev13742987n1" xml:lang="en-US">
<operationnumbers>
<operationnumber>84134-2</operationnumber>
</operationnumbers>
<title id="nev13719958n72">Sill panel</title>
<procedure id="nev13719964n1-nev13764711n93">
<stepgrp boilerplate="false" context="" id="nev13719964n1-nev13764711n7">
<title id="nev13719964n1-nev13764711n91">Removal</title>
<procstep id="nev13719964n1-nev13764631n79">
<grate id="nev13719964n1-nev13764711n89">
<graphic id="nev13719964n1-nev13764711n90">
<href>0900c8af8452575#@#@#9#.jpeg</href>
</graphic>
</grate>
</procstep>
<procstep id="nev13719964n1-nev13764631n66">
<grate id="nev13719964n1-nev13764711n87">
<graphic id="nev13719964n1-nev13764711n88">
<href>0900c8af8452575#@#@#9#.jpeg</href>
</graphic>
</grate>
</procstep>
<procstep id="nev13719964n1-nev13764631n49">
<grate id="nev13719964n1-nev13764711n85">
<graphic id="nev13719964n1-nev13764711n86">
<href>0900c8af8452575#@#@#9#.jpeg</href>
</graphic>
</grate>
</procstep>
<procstep id="nev13719964n1-nev13764631n28">
<grate id="nev13719964n1-nev13764711n83">
<graphic id="nev13719964n1-nev13764711n84">
<href>0900c8af8452576#@#@#9#.jpeg</href>
</graphic>
</grate>
</procstep>
<procstep id="nev13719964n1-nev13764631n3">
<grate id="nev13719964n1-nev13764711n81">
<graphic id="nev13719964n1-nev13764711n82">
<href>0900c8af8346115#@#@#9#.jpeg</href>
</graphic>
</grate>
</procstep>
</stepgrp>
<stepgrp boilerplate="false" context="" id="nev13719964n1-nev13764711n5">
<title id="nev13719964n1-nev13764711n79">Installation</title>
<procstep id="nev13719964n1-nev13764664n14">
<para id="nev13719964n1-nev13764711n1">
<ptxt id="nev13719964n1-nev13764711n2">To install, rev#@#@#22#dure.</ptxt>
</para>
</procstep>
</stepgrp>
</procedure>
</servinfosub>