<?xml version="1.0" encoding="UTF-8"?><servinfosub IE-ID="en-US0900c8af800de50e" docno="VCC-143073" id="KC01348350" xml:lang="en-US">
<title>Sealing ring oi#@#@#12#acing</title>
<procedure id="KC01349872">
<proctools>
<toolitem id="KC07566498"/>
<toolitem id="KC07566499"/>
</proctools>
<note>
<ptxt>As the illustra#@#@#160#rect.</ptxt>
</note>
<stepgrp id="KC01349873">
<title>Removal</title>
<procstep id="KC01349874">
<title>Removing the tr#@#@#5#ssion</title>
<list1 enumtype="b" type="unordered">
<title>FWD</title>
<item>
<ptxt>for gasoline en#@#@#6# see <xref>
<ref id="KC07566500"/>
</xref>.</ptxt>
</item>
</list1>
<list1 enumtype="b" type="unordered">
<title>AWD</title>
<item>
<ptxt>for gasoline en#@#@#6# see <xref>
<ref id="KC07566501"/>
</xref>
</ptxt>
</item>
<item>
<ptxt>for diesel engi#@#@#4# see <xref>
<ref id="KC07566502"/>
</xref>.</ptxt>
</item>
</list1>
</procstep>
<procstep id="KC01349875">
<title>Removing the to#@#@#9#erter</title>
<para>
<ptxt>Pull the torque#@#@#85#mage.</ptxt>
</para>
</procstep>
<procstep id="KC01349876">
<title>Removing the se#@#@#23# pump</title>
<grate>
<graphic id="KC07566503" width="column">
<href>0900c8af8005dc6#@#@#9#.jpeg</href>
</graphic>
<graphtext>
<ptxt>Use extractor <toolitem id="KC07566504"/>.</ptxt>
</graphtext>
</grate>
</procstep>
</stepgrp>
<stepgrp id="KC01349877">
<title>Installation</title>
<procstep id="KC01349878">
<title>Installing a ne#@#@#25# pump</title>
<grate>
<graphic id="KC07566505" width="column">
<href>0900c8af8005dc7#@#@#9#.jpeg</href>
</graphic>
<graphtext>
<ptxt>Use drift <toolitem id="KC07566506"/>.</ptxt>
<note>
<ptxt>Drift 999 5117 #@#@#31#etin.</ptxt>
</note>
</graphtext>
</grate>
</procstep>
<procstep id="KC01349879">
<title>Installing the #@#@#11#erter</title>
<grate>
<graphic id="KC07566507">
<href>0900c8af8005dba#@#@#9#.jpeg</href>
</graphic>
<graphtext>
<para>
<ptxt>Lubricate the t#@#@#31# oil.</ptxt>
</para>
<note>
<ptxt>Take care not t#@#@#37#tion.</ptxt>
</note>
<para>
<ptxt>Make sure torqu#@#@#130#t be <emph>approximately 14 mm</emph>.
</ptxt>
</para>
</graphtext>
</grate>
</procstep>
<procstep id="KC01349880">
<title>Installing the #@#@#7#ssion</title>
<list1 enumtype="b" type="unordered">
<title>FWD</title>
<item>
<ptxt>for gasoline en#@#@#6# see <xref>
<ref id="KC07566508"/>
</xref>.</ptxt>
</item>
</list1>
<list1 enumtype="b" type="unordered">
<title>AWD</title>
<item>
<ptxt>for gasoline en#@#@#6# see <xref>
<ref id="KC07566509"/>
</xref>
</ptxt>
</item>
<item>
<ptxt>for diesel engi#@#@#4# see <xref>
<ref id="KC07566510"/>
</xref>.</ptxt>
</item>
</list1>
</procstep>
</stepgrp>
</procedure>
</servinfosub>