<?xml version="1.0" encoding="UTF-8"?><servinfosub IE-ID="en-US0900c8af848f0303" docno="VCC-095764" id="KC01214356" xml:lang="en-US">
<title>
<phrase category="" id="KC09634405" phrase-urn="urn:x-nevis:phrase:0800c8af8273f4c3">Replacing defec#@#@#21#rvoir</phrase>
</title>
<diagnostic j2008use="1" layout="0" paperuse="1" screenuse="1" type="test">
<testgrp IE-ID="en-US0900c8af848f0303_KC01276095" id="KC01276095" j2008use="1" paperuse="1" resumable="1" screenuse="1" testgrp-id="info20" x="120" y="80">
<title>
<phrase category="" id="KC09634406" phrase-urn="urn:x-nevis:phrase:0800c8af8273f4c4"/>
</title>
<subcalloutnode>
<diagcallout>
<xref>
<ref id="KC09634407"/>
</xref>
</diagcallout>
<rescall-grp>
<result comp="string" highlight="0" op="eq" return="NO"/>
<calloutaction>
<return value="FAULT NOT FOUND"/>
</calloutaction>
</rescall-grp>
<rescall-grp>
<result comp="string" highlight="0" op="eq" return="YES"/>
<calloutaction>
<ptxt>
<xref>
<ref id="KC09634408"/>
</xref>
</ptxt>
</calloutaction>
</rescall-grp>
</subcalloutnode>
</testgrp>
<testgrp id="KC01276096" j2008use="1" paperuse="1" resumable="1" screenuse="1" testgrp-id="gf1" x="120" y="160">
<title>
<phrase category="" id="KC09634409" phrase-urn="urn:x-nevis:phrase:0800c8af8273f4c5">Replacing defec#@#@#21#rvoir</phrase>
</title>
<node>
<test1>
<test2>
<ptxt id="nev14440471n100">
<phrase category="Faulttracing" id="nev14440473n1" phrase-urn="urn:x-nevis:phrase:0800c8af848f0249">Try with a new #@#@#17#voir.</phrase>
</ptxt>
<list1 id="nev14440471n98">
<title id="nev14440471n93">
<phrase category="Title" id="nev14440475n1" phrase-urn="urn:x-nevis:phrase:0800c8af81eb9de4">Other information</phrase>
</title>
<item id="nev14440471n97">
<ptxt id="nev14440471n96">
<xref id="nev14440471n95">
<ref id="l1233573405464"/>
</xref>
</ptxt>
</item>
</list1>
<grate>
<graphic id="KC09634413">
<href>0900c8af800596b#@#@#9#.jpeg</href>
</graphic>
</grate>
</test2>
</test1>
<question>
Select "Contin#@#@#33#ied.
</question>
<resact-grp>
<result button="cont" comp="button" highlight="0"/>
<action j2008use="1" paperuse="1" screenuse="1">
<return value="FAULT FOUND"/>
</action>
</resact-grp>
</node>
</testgrp>
</diagnostic>
</servinfosub>