<?xml version="1.0" encoding="UTF-8"?><servinfosub IE-ID="en-US0900c8af83e42303" docno="VCC-153593" id="KC02733501" xml:lang="en-US">
<title>
<phrase category="" id="KC09466631" phrase-urn="urn:x-nevis:phrase:0800c8af8270a6df">Signal too high</phrase>
</title>
<diagnostic j2008use="1" layout="1" paperuse="1" screenuse="1" type="test">
<testgrp IE-ID="en-US0900c8af83e42303_KC02771326" id="KC02771326" j2008use="1" paperuse="1" resumable="1" screenuse="1" testgrp-id="status" x="100" y="100">
<title>
<phrase category="" id="KC09466632" phrase-urn="urn:x-nevis:phrase:0800c8af8270a6e0">Checking the status </phrase>
</title>
<node>
<test1>
<note>
<ptxt>
<phrase category="" id="KC09466633" phrase-urn="urn:x-nevis:phrase:0800c8af8270a6e1">When reading of#@#@#121#sted.</phrase>
</ptxt>
</note>
<diaglist>
<dgraphic>
<dgraphic1>
<graphic id="KC09466634">
<href>0900c8af80054d5#@#@#9#.jpeg</href>
</graphic>
</dgraphic1>
</dgraphic>
<ditem>
<ptxt>
<phrase category="" id="KC09466635" phrase-urn="urn:x-nevis:phrase:0800c8af8270a6e2">The ignition mu#@#@#31#tic. </phrase>
</ptxt>
</ditem>
</diaglist>
<test2>
<ptxt>
<phrase category="" id="KC09466636" phrase-urn="urn:x-nevis:phrase:0800c8af8270a6e3">Check whether t#@#@#133#ed”. </phrase>
</ptxt>
<ptxt>
<phrase category="" id="KC09466637" phrase-urn="urn:x-nevis:phrase:0800c8af8270a6e4">The fault is pe#@#@#110#ted”.</phrase>
</ptxt>
<diaglist>
<dgraphic>
<dgraphic2>
<graphic id="KC09466638">
<href>0900c8af86c8681#@#@#9#.jpeg</href>
</graphic>
<smarttool active="press" id="KC09466639" toolname="YECM2090"/>
</dgraphic2>
</dgraphic>
</diaglist>
<grate>
<graphic id="KC09466641">
<href>0900c8af8005788#@#@#9#.jpeg</href>
</graphic>
</grate>
</test2>
</test1>
<question>
Select Continue.
</question>
<resact-grp>
<result button="cont" comp="button" highlight="0"/>
<action j2008use="1" paperuse="1" screenuse="1">
<ptxt>
<xref>
<ref id="KC09466643"/>
</xref>
</ptxt>
</action>
</resact-grp>
</node>
</testgrp>
<testgrp id="KC02771327" j2008use="1" paperuse="1" resumable="1" screenuse="1" testgrp-id="node1" x="140" y="260">
<title>
<phrase category="" id="KC09466644" phrase-urn="urn:x-nevis:phrase:0800c8af8270a6e7">Checking the co#@#@#14#iring</phrase>
</title>
<node>
<caution>
<ptxt>
<phrase category="" id="KC09466645" phrase-urn="urn:x-nevis:phrase:0800c8af8270a6e8">Do not apply ru#@#@#67#ctor.</phrase>
</ptxt>
</caution>
<test1>
<test2>
<para>
<ptxt>
<phrase category="" id="KC09466646" phrase-urn="urn:x-nevis:phrase:0800c8af8270a6e9">Check the cable#@#@#142#tage.</phrase>
</ptxt>
</para>
<para>
<ptxt>
<phrase category="" id="KC09466647" phrase-urn="urn:x-nevis:phrase:0800c8af8270a6ea">Check the cable#@#@#134#ound.</phrase>
</ptxt>
</para>
<para>
<ptxt>
<phrase category="" id="KC09466648" phrase-urn="urn:x-nevis:phrase:0800c8af8270a6eb">Try a new heate#@#@#71#ault.</phrase>
</ptxt>
</para>
<para>
<ptxt>
<phrase category="" id="KC09466649" phrase-urn="urn:x-nevis:phrase:0800c8af8270a6ec">Remedy as necessary.</phrase>
</ptxt>
</para>
<list1 enumtype="d" type="unordered">
<title>
<phrase category="" id="KC09466650" phrase-urn="urn:x-nevis:phrase:0800c8af8270a6ed">Other information</phrase>
</title>
<item>
<ptxt id="nev12723201n100">
<xref id="nev12723203n100">
<ref id="l1173266552311"/>
</xref>
</ptxt>
</item>
<item>
<ptxt id="nev12723201n97">
<xref id="nev12723201n96">
<ref id="l1173266572637"/>
</xref>
</ptxt>
</item>
<item>
<ptxt id="nev12723201n94">
<xref id="nev12723201n93">
<ref id="l1173266593588"/>
</xref>
</ptxt>
</item>
</list1>
<diaglist>
<dgraphic>
<dgraphic1>
<graphic id="KC09466657">
<href>0900c8af80058ce#@#@#9#.jpeg</href>
</graphic>
</dgraphic1>
<dgraphic2>
<graphic id="KC09466658">
<href>0900c8af86c8681#@#@#9#.jpeg</href>
</graphic>
<smarttool active="press" id="KC09466659" toolname="YECM2090"/>
</dgraphic2>
</dgraphic>
</diaglist>
<grate>
<graphic id="KC09466661">
<href>0900c8af8005788#@#@#9#.jpeg</href>
</graphic>
</grate>
</test2>
</test1>
<question>
Select Continue.
</question>
<resact-grp>
<result button="cont" comp="button" highlight="0"/>
<action j2008use="1" paperuse="1" screenuse="1">
<ptxt>
<xref>
<ref id="KC09466663"/>
</xref>
</ptxt>
</action>
</resact-grp>
</node>
</testgrp>
<testgrp id="KC02771328" j2008use="1" paperuse="1" resumable="1" screenuse="1" testgrp-id="ecm-ver1" x="60" y="440">
<title>
<phrase category="" id="KC09466664" phrase-urn="urn:x-nevis:phrase:0800c8af8270a6f3">Verification</phrase>
</title>
<subcalloutnode>
<diagcallout>
<xref>
<ref id="KC09466665"/>
</xref>
</diagcallout>
<rescall-grp>
<result comp="string" highlight="0" op="eq" return="VERIFICATION FAILED"/>
<calloutaction>
<ptxt>
<xref>
<ref id="KC09466666"/>
</xref>
</ptxt>
</calloutaction>
</rescall-grp>
<rescall-grp>
<result comp="string" highlight="0" op="eq" return="VERIFIED"/>
<calloutaction>
<return value="FAULT FOUND"/>
</calloutaction>
</rescall-grp>
</subcalloutnode>
</testgrp>
<testgrp id="KC02771329" j2008use="1" paperuse="1" resumable="1" screenuse="1" testgrp-id="info1" x="200" y="460">
<title>
<phrase category="" id="KC09466667" phrase-urn="urn:x-nevis:phrase:0800c8af8270a6f4">Fault-tracing i#@#@#5#ation</phrase>
</title>
<subcalloutnode>
<diagcallout>
<xref>
<ref id="KC09466668"/>
</xref>
</diagcallout>
<rescall-grp>
<result comp="string" highlight="0" op="eq" return="FAULTTRACING FAILED"/>
<calloutaction>
<return value="FAULTTRACING FAILED"/>
</calloutaction>
</rescall-grp>
<rescall-grp>
<result comp="string" highlight="0" op="eq" return="NEW TRY"/>
<calloutaction>
<ptxt>
<xref>
<ref id="KC09466669"/>
</xref>
</ptxt>
</calloutaction>
</rescall-grp>
</subcalloutnode>
</testgrp>
</diagnostic>
</servinfosub>