<?xml version="1.0" encoding="UTF-8"?><servinfosub IE-ID="en-US0900c8af844da316" docno="VCC-371290" id="nev13719182n1" original="sv-SE" servinfosubId="nev13719183n1-nev13719185n1" servinfosubRes="0900c8af844da320" servinfosubRes2="urn:x-nevis:fragment:0900c8af844da316:0900c8af844da320#nev13719185n1" xml:lang="en-US">
<title id="nev13719181n22">Front safety be#@#@#4#uckle</title>
<procedure id="nev13719183n1-nev13719184n29">
<note id="nev13719183n1-nev13719184n30">
<ptxt id="nev13719183n1-nev13719184n31">The illustratio#@#@#176#rect.</ptxt>
</note>
<stepgrp id="nev13719183n1-nev13719184n17">
<title id="nev13719183n1-nev13719184n32">Preparatory work</title>
<procstep id="nev13719183n1-nev13719184n75">
<title id="nev13719183n1-nev13719184n76">Disconnecting t#@#@#10# lead</title>
<grate id="nev13719183n1-nev13719184n77">
<graphic id="nev13719183n1-nev13719184n78">
<href>0900c8af8005714#@#@#11#.jpeg</href>
</graphic>
<graphtext id="nev13719183n1-nev13719184n79">
<para id="nev13719183n1-nev13719184n80">
<ptxt id="nev13719183n1-nev13719184n81">Ignition off.</ptxt>
<ptxt id="nev13719183n1-nev13719184n82">Disconnect the #@#@#24#See: <xref id="nev13719183n1-nev13719184n83">
<ref id="nev13719183n1-nev13719184n84"/>
</xref>. </ptxt>
</para>
</graphtext>
</grate>
</procstep>
</stepgrp>
<stepgrp id="nev13719183n1-nev13719184n21">
<title id="nev13719183n1-nev13719184n40">Removal</title>
<procstep id="nev13719183n1-nev13719184n85">
<title id="nev13719183n1-nev13719184n86">Removing the se#@#@#9#uckle</title>
<grate id="nev13719183n1-nev13719184n87">
<graphic id="nev13719183n1-nev13719184n88">
<href>0900c8af813594b#@#@#9#.jpeg</href>
</graphic>
<graphtext id="nev13719183n1-nev13719184n89">
<list1 enumtype="d" id="nev13719183n1-nev13719184n90" type="unordered">
<title id="nev13719183n1-nev13719184n91">Remove:</title>
<item id="nev13719183n1-nev13719184n92">
<ptxt id="nev13719183n1-nev13719187n4">the front seat #@#@#11#d in <xref id="nev13719183n1-nev13719187n5">
<ref id="nev13719183n1-nev13719187n6"/>
</xref>
</ptxt>
</item>
<item id="nev13719183n1-nev13719184n96">
<ptxt id="nev13719183n1-nev13719184n97">tie straps</ptxt>
</item>
<item id="nev13719183n1-nev13719184n98">
<ptxt id="nev13719183n1-nev13719184n99">the connector, x 1</ptxt>
</item>
<item id="nev13719183n1-nev13719184n100">
<ptxt id="nev13719183n1-nev13719187n1">the bolt, x1</ptxt>
</item>
<item id="nev13719183n1-nev13719187n2">
<ptxt id="nev13719183n1-nev13719187n3">the catch.</ptxt>
</item>
</list1>
</graphtext>
</grate>
</procstep>
</stepgrp>
<stepgrp id="nev13719183n1-nev13719184n25">
<title id="nev13719183n1-nev13719184n57">Installation</title>
<note id="nev13719183n1-nev13719184n58">
<ptxt id="nev13719183n1-nev13719184n59">For tightening #@#@#9#see: <xref id="nev13719183n1-nev13719184n60">
<ref id="nev13719183n1-nev13719184n26"/>
</xref>. </ptxt>
</note>
<procstep id="nev13719183n1-nev13719184n27">
<title id="nev13719183n1-nev13719184n61">Installing the #@#@#17#uckle</title>
<list1 enumtype="d" id="nev13719183n1-nev13719184n62" type="unordered">
<title id="nev13719183n1-nev13719184n63">Install:</title>
<item id="nev13719183n1-nev13719184n64">
<ptxt id="nev13719183n1-nev13719184n65">the catch</ptxt>
</item>
<item id="nev13719183n1-nev13719184n66">
<ptxt id="nev13719183n1-nev13719184n67">the 1 x M10 screw.</ptxt>
</item>
<item id="nev13719183n1-nev13719184n68">
<ptxt id="nev13719183n1-nev13719184n69">the connector</ptxt>
</item>
<item id="nev13719183n1-nev13719184n70">
<ptxt id="nev13719183n1-nev13719184n71">tie straps</ptxt>
</item>
<item id="nev13719183n1-nev13719184n72">
<ptxt id="nev13719183n1-nev13719187n7">the front seat #@#@#11#d in <xref id="nev13719183n1-nev13719187n8">
<ref id="nev13719183n1-nev13719187n9"/>
</xref>
</ptxt>
</item>
</list1>
</procstep>
</stepgrp>
</procedure>
</servinfosub>