<?xml version="1.0" encoding="UTF-8"?><servinfosub IE-ID="en-US0900c8af8067b316" docno="VCC-035939" id="KC02023426" xml:lang="en-US">
<title>Replacing washe#@#@#3#ozzle</title>
<procedure>
<stepgrp>
<procstep id="KC02222055">
<title>Removing</title>
<grate>
<graphic id="KC08355455" width="column">
<href>0900c8af803f534#@#@#9#.jpeg</href>
</graphic>
<graphtext>
<note>
<ptxt>If a customer c#@#@#147# mm).</ptxt>
<ptxt>0.9 mm nozzles #@#@#52#ers.
</ptxt>
<list1 enumtype="d" type="unordered">
<item>
<ptxt>854 -184793</ptxt>
</item>
<item>
<ptxt>855 -84141</ptxt>
</item>
</list1>
</note>
<list1>
<item>
<ptxt>Disconnect wash#@#@#10#hose.</ptxt>
</item>
<item>
<ptxt>Remove washer n#@#@#80#elow.</ptxt>
</item>
</list1>
</graphtext>
</grate>
</procstep>
<procstep id="KC02222056">
<title>Installing</title>
<grate>
<graphic id="KC08355456" width="column">
<href>0900c8af803f534#@#@#9#.jpeg</href>
</graphic>
<graphtext>
<note>
<ptxt>The P/Ns for th#@#@#36#same.</ptxt>
</note>
<list1>
<item>
<ptxt>Install washer #@#@#32#gage.</ptxt>
</item>
<item>
<ptxt>Connect hose to#@#@#130# to:
<xref>
<ref id="KC08355457"/>
</xref>. </ptxt>
</item>
</list1>
</graphtext>
</grate>
</procstep>
<procstep id="KC02222057">
<title>Adjusting washe#@#@#3#ozzle</title>
<grate>
<graphic id="KC08355458" width="column">
<href>0900c8af8067b31#@#@#9#.jpeg</href>
</graphic>
<graphtext>
<para>
<ptxt>Adjust washer j#@#@#52#ated.</ptxt>
<ptxt>Adjust washer n#@#@#52#clip.</ptxt>
<ptxt>The pattern of #@#@#57#tion.</ptxt>
</para>
<note>
<ptxt>The dimensions #@#@#31#n mm.</ptxt>
</note>
<caution>
<ptxt>Take care when #@#@#45#work.</ptxt>
</caution>
<caution>
<ptxt>Take care not t#@#@#33#ipes.</ptxt>
</caution>
</graphtext>
</grate>
</procstep>
</stepgrp>
</procedure>
</servinfosub>