<?xml version="1.0" encoding="UTF-8"?><servinfosub IE-ID="en-US0900c8af875ceb0a" docno="VCC-473679" id="nev21343623n1" original="sv-SE" servinfosubId="nev21343624n1-nev24128173n1" servinfosubRes="0900c8af875ceb0c" servinfosubRes2="urn:x-nevis:fragment:0900c8af875ceb0a:0900c8af875ceb0c#nev24128173n1" xml:lang="en-US">
<operationnumbers>
<operationnumber>87384-2</operationnumber>
</operationnumbers>
<title id="nev21343623n2">Temperature con#@#@#33#-zone</title>
<procedure id="nev21343624n1-nev25150647n2">
<stepgrp boilerplate="false" context="" id="nev21343624n1-nev25674020n80">
<title id="nev21343624n1-0800c8af844a46f6">Removal</title>
<procstep id="nev21343624n1-nev25150594n83">
<note id="nev21343624n1-0800c8af844a42fa">
<ptxt>Removal steps i#@#@#45#ails.</ptxt>
</note>
</procstep>
<procstep id="nev21343624n1-nev25150647n5">
<para id="nev21343624n1-nev25674020n78">
<ptxt id="nev21343624n1-nev25674020n79">Set the vehicle#@#@#36# mode<xref boilerplate="true" id="nev21343624n1-0800c8af865315ac">
<ref id="nev21343624n1-nev25150647n10"/>
</xref>
</ptxt>
</para>
</procstep>
<procstep id="nev21343624n1-nev25150648n1">
<para id="nev21343624n1-nev25674020n76">
<ptxt id="nev21343624n1-nev25674020n77">See information#@#@#15#rview<xref boilerplate="true" id="nev21343624n1-0800c8af866f0b67">
<ref id="nev21343624n1-nev25150648n6"/>
</xref>
</ptxt>
</para>
</procstep>
<procstep id="nev21343624n1-nev25150648n7">
<grate id="nev21343624n1-nev25674020n74">
<graphic id="nev21343624n1-nev25674020n75">
<href>0900c8af868d097#@#@#9#.jpeg</href>
</graphic>
<graphtext id="nev21343624n1-nev25674107n1">
<note id="nev21343624n1-0800c8af85b47f49">
<ptxt>Orientation view</ptxt>
</note>
</graphtext>
</grate>
</procstep>
<procstep id="nev21343624n1-nev25150649n3">
<grate id="nev21343624n1-nev25674020n72">
<graphic id="nev21343624n1-nev25674020n73">
<href>0900c8af868d0ca#@#@#9#.jpeg</href>
</graphic>
<graphtext id="nev21343624n1-nev25674111n1">
<para id="nev21343624n1-nev25674020n70">
<ptxt id="nev21343624n1-nev25674020n71">Fold the carpet#@#@#2#side.</ptxt>
</para>
</graphtext>
</grate>
</procstep>
<procstep id="nev21343624n1-nev25150594n71">
<grate id="nev21343624n1-nev25674020n68">
<graphic id="nev21343624n1-nev25674020n69">
<href>0900c8af8747020#@#@#9#.jpeg</href>
</graphic>
<graphtext id="nev21343624n1-nev25674115n1">
<para id="nev21343624n1-nev25674020n66">
<ptxt id="nev21343624n1-nev25674020n67">
<equipment equipmentid="" equipmentname="Interior trim remover" id="nev21343624n1-nev25150594n68"/>
</ptxt>
</para>
<para id="nev21343624n1-nev25674020n64">
<ptxt id="nev21343624n1-nev25674020n65">Remove the part#@#@#5#fully</ptxt>
</para>
<para id="nev21343624n1-nev25674020n62">
<ptxt id="nev21343624n1-nev25674020n63">Remove the mark#@#@#3#part.</ptxt>
</para>
</graphtext>
</grate>
</procstep>
<procstep id="nev21343624n1-nev25150594n61">
<grate id="nev21343624n1-nev25674020n60">
<graphic id="nev21343624n1-nev25674020n61">
<href>0900c8af8747020#@#@#9#.jpeg</href>
</graphic>
</grate>
</procstep>
<procstep id="nev21343624n1-nev25150594n58">
<grate id="nev21343624n1-nev25674020n58">
<graphic id="nev21343624n1-nev25674020n59">
<href>0900c8af8747028#@#@#9#.jpeg</href>
</graphic>
<graphtext id="nev21343624n1-nev25674125n1">
<caution id="nev21343624n1-0800c8af86052093">
<ptxt>Make sure that #@#@#35#ctly.</ptxt>
</caution>
<para id="nev21343624n1-nev25674020n56">
<ptxt id="nev21343624n1-nev25674020n57">Remove the part#@#@#5#fully</ptxt>
</para>
<para id="nev21343624n1-nev25674020n54">
<ptxt id="nev21343624n1-nev25674020n55">Fold marked par#@#@#3#side.</ptxt>
</para>
</graphtext>
</grate>
</procstep>
<procstep id="nev21343624n1-nev25150594n50">
<grate id="nev21343624n1-nev25674020n52">
<graphic id="nev21343624n1-nev25674020n53">
<href>0900c8af8747020#@#@#9#.jpeg</href>
</graphic>
<graphtext id="nev21343624n1-nev25674129n1">
<caution id="nev21343624n1-0800c8af851608e0">
<ptxt>Make sure that #@#@#33#ctly.</ptxt>
</caution>
<para id="nev21343624n1-nev25674020n50">
<ptxt id="nev21343624n1-nev25674020n51">Remove the screw.</ptxt>
</para>
<para id="nev21343624n1-nev25674020n48">
<ptxt id="nev21343624n1-nev25674020n49">
<torque id="nev21343624n1-nev25150594n44">
<ref id="nev21343624n1-nev25150594n42"/>
</torque>
</ptxt>
</para>
<para id="nev21343624n1-nev25674020n46">
<ptxt id="nev21343624n1-nev25674020n47">Remove the mark#@#@#3#part.</ptxt>
</para>
</graphtext>
</grate>
</procstep>
<procstep id="nev21343624n1-nev25150594n38">
<grate id="nev21343624n1-nev25674020n44">
<graphic id="nev21343624n1-nev25674020n45">
<href>0900c8af8747028#@#@#9#.jpeg</href>
</graphic>
</grate>
</procstep>
<procstep id="nev21343624n1-nev25150649n10">
<grate id="nev21343624n1-nev25674020n42">
<graphic id="nev21343624n1-nev25674020n43">
<href>0900c8af8747028#@#@#9#.jpeg</href>
</graphic>
<graphtext id="nev21343624n1-nev25674139n1">
<para id="nev21343624n1-nev25674020n40">
<ptxt id="nev21343624n1-nev25674020n41">Remove the screws.</ptxt>
</para>
<para id="nev21343624n1-nev25674020n38">
<ptxt id="nev21343624n1-nev25674020n39">Remove the part#@#@#5#fully</ptxt>
</para>
</graphtext>
</grate>
</procstep>
<procstep id="nev21343624n1-nev25150650n10">
<grate id="nev21343624n1-nev25674020n36">
<graphic id="nev21343624n1-nev25674020n37">
<href>0900c8af86707ad#@#@#9#.jpeg</href>
</graphic>
<graphtext id="nev21343624n1-nev25674143n1">
<para id="nev21343624n1-nev25674020n34">
<ptxt id="nev21343624n1-nev25674020n35">Disconnect the #@#@#5#ctor.</ptxt>
</para>
<para id="nev21343624n1-nev25674020n32">
<ptxt id="nev21343624n1-nev25674020n33">Remove the mark#@#@#3#part.</ptxt>
</para>
</graphtext>
</grate>
</procstep>
<procstep id="nev21343624n1-nev25150651n10">
<grate id="nev21343624n1-nev25674020n30">
<graphic id="nev21343624n1-nev25674020n31">
<href>0900c8af866c24c#@#@#9#.jpeg</href>
</graphic>
</grate>
</procstep>
</stepgrp>
<stepgrp boilerplate="false" context="" id="nev21343624n1-nev25674020n29">
<title id="nev21343624n1-0800c8af844a46f9">Installation</title>
<procstep id="nev21343624n1-nev25150652n5">
<para id="nev21343624n1-nev25674020n27">
<ptxt id="nev21343624n1-nev25674020n28">To install, rev#@#@#22#dure.</ptxt>
</para>
</procstep>
<procstep id="nev21343624n1-nev25674020n26">
<para id="nev21343624n1-nev25674020n24">
<ptxt id="nev21343624n1-nev25674020n25">Identify accord#@#@#126#otors</ptxt>
</para>
</procstep>
<procstep id="nev21343624n1-nev25674020n23">
<para id="nev21343624n1-nev25674020n21">
<ptxt id="nev21343624n1-nev25674020n22">Calibrate accor#@#@#127#otors</ptxt>
</para>
</procstep>
<procstep id="nev21343624n1-nev25150653n7">
<para id="nev21343624n1-nev25674020n19">
<ptxt id="nev21343624n1-nev25674020n20">Perform climate#@#@#10#cking<xref boilerplate="true" id="nev21343624n1-0800c8af8479bff0">
<ref id="nev21343624n1-nev25150654n2"/>
</xref>
</ptxt>
</para>
</procstep>
</stepgrp>
</procedure>
</servinfosub>