<?xml version="1.0" encoding="UTF-8"?><servinfosub IE-ID="en-US0900c8af8819cb0a" docno="VCC-370315" id="nev13712349n1" original="sv-SE" servinfosubId="nev13712350n1-nev29591940n1" servinfosubRes="0900c8af881ae0ed" servinfosubRes2="urn:x-nevis:fragment:0900c8af8819cb0a:0900c8af881ae0ed#nev29591940n1" xml:lang="en-US">
<operationnumbers>
<operationnumber>25418-2</operationnumber>
</operationnumbers>
<title id="nev13712348n48">Catalytic converter</title>
<procedure id="nev13712350n1-nev29592717n2">
<stepgrp boilerplate="false" context="" id="nev13712350n1-nev29621524n91">
<title id="nev13712350n1-0800c8af844a46f6">Removal</title>
<procstep id="nev13712350n1-nev29592717n5">
<note id="nev13712350n1-0800c8af844a42fa">
<ptxt>Removal steps i#@#@#45#ails.</ptxt>
</note>
</procstep>
<procstep id="nev13712350n1-nev29592717n8">
<list1 boilerplate="true" context="remove" enumtype="b" id="nev13712350n1-nev29592717n9" type="unordered">
<item id="nev13712350n1-nev29621524n90">
<ptxt id="nev13712350n1-nev29621524n89">lambda probe, front<xref boilerplate="true" id="nev13712350n1-0800c8af8679fb0e">
<ref id="nev13712350n1-nev29592718n4"/>
</xref>
</ptxt>
</item>
<item id="nev13712350n1-nev29621524n88">
<ptxt id="nev13712350n1-nev29621524n87">lambda probe, rear<xref boilerplate="true" id="nev13712350n1-0800c8af8679fb6c">
<ref id="nev13712350n1-nev29592718n9"/>
</xref>
</ptxt>
</item>
</list1>
</procstep>
<procstep id="nev13712350n1-nev29608212n58">
<grate id="nev13712350n1-nev29621524n85">
<graphic id="nev13712350n1-nev29621524n86">
<href>0900c8af881a813#@#@#9#.jpeg</href>
</graphic>
<graphtext id="nev13712350n1-nev29621535n1">
<para id="nev13712350n1-nev29621524n83">
<ptxt id="nev13712350n1-nev29621524n84">Remove the screws.</ptxt>
</para>
<para id="nev13712350n1-nev29621524n81">
<ptxt id="nev13712350n1-nev29621524n82">Fold marked par#@#@#3#side.</ptxt>
</para>
</graphtext>
</grate>
</procstep>
<procstep id="nev13712350n1-nev29608212n51">
<para id="nev13712350n1-nev29621524n79">
<ptxt id="nev13712350n1-nev29621524n80">Remove particle#@#@#9#etrol<xref boilerplate="true" id="nev13712350n1-0800c8af87cbc88f">
<ref id="nev13712350n1-nev29608212n48"/>
</xref>
</ptxt>
</para>
</procstep>
<procstep id="nev13712350n1-nev29592725n2">
<title id="nev13712350n1-0800c8af86ab226e">Vehicles with b#@#@#6#valve</title>
</procstep>
<procstep id="nev13712350n1-nev29592725n4">
<grate id="nev13712350n1-nev29621524n77">
<graphic id="nev13712350n1-nev29621524n78">
<href>0900c8af86a9a9d#@#@#9#.jpeg</href>
</graphic>
<graphtext id="nev13712350n1-nev29621542n1">
<note id="nev13712350n1-0800c8af86a30b92">
<ptxt>The image conte#@#@#75#sons.</ptxt>
</note>
<para id="nev13712350n1-nev29621524n75">
<ptxt id="nev13712350n1-nev29621524n76">Remove the screws.</ptxt>
</para>
<para id="nev13712350n1-nev29621524n73">
<ptxt id="nev13712350n1-nev29621524n74">Fold marked par#@#@#3#side.</ptxt>
</para>
<para id="nev13712350n1-nev29621524n71">
<ptxt id="nev13712350n1-nev29621524n72">
<torque id="nev13712350n1-nev29592726n5">
<ref id="nev13712350n1-nev29592726n6"/>
</torque>
</ptxt>
</para>
</graphtext>
</grate>
</procstep>
<procstep id="nev13712350n1-nev29592726n10">
<title id="nev13712350n1-0800c8af844a41e8">All vehicles</title>
</procstep>
<procstep id="nev13712350n1-nev29592727n2">
<grate id="nev13712350n1-nev29621524n69">
<graphic id="nev13712350n1-nev29621524n70">
<href>0900c8af881a81f#@#@#9#.jpeg</href>
</graphic>
<graphtext id="nev13712350n1-nev29621549n1">
<para id="nev13712350n1-nev29621524n67">
<ptxt id="nev13712350n1-nev29621524n68">Remove the screws.</ptxt>
</para>
<para id="nev13712350n1-nev29621524n65">
<ptxt id="nev13712350n1-nev29621524n66">Fold marked par#@#@#3#side.</ptxt>
</para>
<para id="nev13712350n1-nev29621524n63">
<ptxt id="nev13712350n1-nev29621524n64">
<torque id="nev13712350n1-nev29592728n1">
<ref id="nev13712350n1-nev29592728n2"/>
</torque>
</ptxt>
</para>
</graphtext>
</grate>
</procstep>
<procstep id="nev13712350n1-nev29592728n6">
<grate id="nev13712350n1-nev29621524n61">
<graphic id="nev13712350n1-nev29621524n62">
<href>0900c8af8646831#@#@#9#.jpeg</href>
</graphic>
<graphtext id="nev13712350n1-nev29621556n1">
<para id="nev13712350n1-nev29621524n59">
<ptxt id="nev13712350n1-nev29621524n60">Remove the screws.</ptxt>
</para>
<para id="nev13712350n1-nev29621524n57">
<ptxt id="nev13712350n1-nev29621524n58">Loosen the clips.</ptxt>
</para>
<para id="nev13712350n1-nev29621524n55">
<ptxt id="nev13712350n1-nev29621524n56">Remove the mark#@#@#3#part.</ptxt>
</para>
</graphtext>
</grate>
</procstep>
<procstep id="nev13712350n1-nev29592729n6">
<grate id="nev13712350n1-nev29621524n53">
<graphic id="nev13712350n1-nev29621524n54">
<href>0900c8af881ae0b#@#@#9#.jpeg</href>
</graphic>
<graphtext id="nev13712350n1-nev29621560n1">
<para id="nev13712350n1-nev29621524n51">
<ptxt id="nev13712350n1-nev29621524n52">Remove the nuts.</ptxt>
</para>
<para id="nev13712350n1-nev29621524n49">
<ptxt id="nev13712350n1-nev29621524n50">
<torque id="nev13712350n1-nev29592730n5">
<ref id="nev13712350n1-nev29592730n6"/>
</torque>
</ptxt>
</para>
</graphtext>
</grate>
</procstep>
<procstep id="nev13712350n1-nev29592730n7">
<grate id="nev13712350n1-nev29621524n47">
<graphic id="nev13712350n1-nev29621524n48">
<href>0900c8af87e5014#@#@#9#.jpeg</href>
</graphic>
<graphtext id="nev13712350n1-nev29621567n1">
<para id="nev13712350n1-nev29621524n45">
<ptxt id="nev13712350n1-nev29621524n46">Remove the screw.</ptxt>
</para>
<para id="nev13712350n1-nev29621524n43">
<ptxt id="nev13712350n1-nev29621524n44">Loosen the mark#@#@#5#tail.</ptxt>
</para>
<para id="nev13712350n1-nev29621524n41">
<ptxt id="nev13712350n1-nev29621524n42">
<torque id="nev13712350n1-nev29592731n8">
<ref id="nev13712350n1-nev29592731n9"/>
</torque>
</ptxt>
</para>
</graphtext>
</grate>
</procstep>
<procstep id="nev13712350n1-nev29592732n9">
<grate id="nev13712350n1-nev29621524n39">
<graphic id="nev13712350n1-nev29621524n40">
<href>0900c8af881ae0b#@#@#9#.jpeg</href>
</graphic>
<graphtext id="nev13712350n1-nev29621574n1">
<para id="nev13712350n1-nev29621524n37">
<ptxt id="nev13712350n1-nev29621524n38">Pull the compon#@#@#25#rrow.</ptxt>
</para>
</graphtext>
</grate>
</procstep>
<procstep id="nev13712350n1-nev29621524n36">
<grate id="nev13712350n1-nev29621524n34">
<graphic id="nev13712350n1-nev29621524n35">
<href>0900c8af87e60d7#@#@#9#.jpeg</href>
</graphic>
<graphtext id="nev13712350n1-nev29621578n1">
<para id="nev13712350n1-nev29621524n32">
<ptxt id="nev13712350n1-nev29621524n33">Remove the mark#@#@#3#part.</ptxt>
</para>
<para id="nev13712350n1-nev29621524n30">
<ptxt id="nev13712350n1-nev29621524n31">Make sure to re#@#@#33# new.</ptxt>
</para>
</graphtext>
</grate>
</procstep>
<procstep id="nev13712350n1-nev29621524n29">
<grate id="nev13712350n1-nev29621524n27">
<graphic id="nev13712350n1-nev29621524n28">
<href>0900c8af87e55e5#@#@#9#.jpeg</href>
</graphic>
<graphtext id="nev13712350n1-nev29621582n1">
<caution id="nev13712350n1-nev29621524n26">
<ptxt>Make sure that #@#@#63#rial.</ptxt>
</caution>
<para id="nev13712350n1-nev29621524n24">
<ptxt id="nev13712350n1-nev29621524n25">Remove the part#@#@#5#fully</ptxt>
</para>
<para id="nev13712350n1-nev29621524n22">
<ptxt id="nev13712350n1-nev29621524n23">Make sure to re#@#@#33# new.</ptxt>
</para>
</graphtext>
</grate>
</procstep>
</stepgrp>
<stepgrp boilerplate="false" context="" id="nev13712350n1-nev29621524n21">
<title id="nev13712350n1-0800c8af844a46f9">Installation</title>
<procstep id="nev13712350n1-nev29592734n4">
<para id="nev13712350n1-nev29621524n19">
<ptxt id="nev13712350n1-nev29621524n20">To install, rev#@#@#22#dure.</ptxt>
</para>
</procstep>
</stepgrp>
</procedure>
</servinfosub>