<?xml version="1.0" encoding="UTF-8"?><servinfosub IE-ID="en-US0900c8af82496b0a" docno="VCC-150562" id="KC02734783" xml:lang="en-US">
<title>
<phrase category="" id="KC07172986" phrase-urn="urn:x-nevis:phrase:0800c8af81a910b5">Diagnostic trou#@#@#30#-6C47</phrase>
</title>
<diagnostic type="condition">
<condgrp>
<condition type="condition">
<grate>
<graphic id="KC07172987" width="column">
<href>0900c8af80a53cc#@#@#9#.jpeg</href>
</graphic>
<graphtext>
<hint id="nev10678914n100">
<ptxt id="nev10678914n99">
<phrase category="Faulttracing" id="nev10678915n1" phrase-urn="urn:x-nevis:phrase:0800c8af8248a1bd">The diagnostic #@#@#97#ning.</phrase>
</ptxt>
</hint>
<para>
<ptxt>
<phrase category="" id="KC07172988" phrase-urn="urn:x-nevis:phrase:0800c8af81a910b6">The steering co#@#@#482#CEM).</phrase>
</ptxt>
</para>
<para>
<ptxt id="nev10678914n97">
<phrase category="Condition" id="nev10678917n1" phrase-urn="urn:x-nevis:phrase:0800c8af82496b15">The diagnostic #@#@#131#tion.</phrase>
</ptxt>
</para>
</graphtext>
</grate>
</condition>
</condgrp>
<condgrp>
<condition type="substitution">
<list1 enumtype="d">
<item>
<ptxt>
<phrase category="" id="KC07172990" phrase-urn="urn:x-nevis:phrase:0800c8af81a910b8">None.</phrase>
</ptxt>
</item>
</list1>
</condition>
<ps>
<list1 enumtype="d" type="unordered">
<item>
<ptxt>
<phrase category="" id="KC07172991" phrase-urn="urn:x-nevis:phrase:0800c8af81a910b9">Defective switc#@#@#42#tion.</phrase>
</ptxt>
</item>
</list1>
</ps>
</condgrp>
<condgrp>
<condition type="symptom">
<list1 enumtype="d" type="unordered">
<item>
<ptxt id="nev10678914n95">
<phrase category="Symptom" id="nev10678918n1" phrase-urn="urn:x-nevis:phrase:0800c8af8223cf42">Starter motor d#@#@#10#erate</phrase>
</ptxt>
</item>
</list1>
</condition>
</condgrp>
</diagnostic>
</servinfosub>