<?xml version="1.0" encoding="UTF-8"?><servinfosub IE-ID="en-US0900c8af8069db0a" docno="VCC-086678" id="KC02039839" xml:lang="en-US">
<title>
<phrase category="" id="KC09273188" phrase-urn="urn:x-nevis:phrase:0800c8af826cfcb7">Signal too low </phrase>
</title>
<diagnostic type="test">
<testgrp IE-ID="en-US0900c8af8069db0a_KC02162453" id="KC02162453" j2008use="1" paperuse="1" resumable="1" screenuse="1" testgrp-id="node3" x="120" y="80">
<title>
<phrase category="" id="KC09273189" phrase-urn="urn:x-nevis:phrase:0800c8af826cfcb9">Checking waterflow </phrase>
</title>
<node>
<test1>
<test2>
<para>
<ptxt>
<phrase category="" id="KC09273190" phrase-urn="urn:x-nevis:phrase:0800c8af826cfcba">Check if the li#@#@#110#way. </phrase>
</ptxt>
</para>
<para>
<ptxt>
<phrase category="" id="KC09273191" phrase-urn="urn:x-nevis:phrase:0800c8af826cfcbc">Remedy as neces#@#@#1#ary. </phrase>
</ptxt>
</para>
</test2>
</test1>
<question>
Was a fault de#@#@#4#ed? 
</question>
<resact-grp>
<result button="yes" comp="button" highlight="0"/>
<action j2008use="1" paperuse="1" screenuse="1">
<ptxt>
<xref>
<ref id="KC09273193"/>
</xref>
</ptxt>
</action>
</resact-grp>
<resact-grp>
<result button="no" comp="button" highlight="0"/>
<action j2008use="1" paperuse="1" screenuse="1">
<ptxt>
<xref>
<ref id="KC09273194"/>
</xref>
</ptxt>
</action>
</resact-grp>
</node>
</testgrp>
<testgrp id="KC02162454" j2008use="1" paperuse="1" resumable="1" screenuse="1" testgrp-id="node4" x="120" y="200">
<title>
<phrase category="" id="KC09273195" phrase-urn="urn:x-nevis:phrase:0800c8af826cfcbe">Checking coolan#@#@#16#nsor </phrase>
</title>
<node>
<test1>
<diaglist>
<dgraphic>
<dgraphic1>
<graphic id="KC09273196">
<href>0900c8af80054d3#@#@#9#.jpeg</href>
</graphic>
</dgraphic1>
</dgraphic>
<ditem>
<ptxt>
<phrase category="" id="KC09273197" phrase-urn="urn:x-nevis:phrase:0800c8af826cfcbf">Start engine. </phrase>
</ptxt>
</ditem>
<ditem>
<ptxt>
<phrase category="" id="KC09273198" phrase-urn="urn:x-nevis:phrase:0800c8af826cfcc0">Read off coolan#@#@#24#ter. </phrase>
</ptxt>
</ditem>
</diaglist>
<test2>
<ptxt>
<phrase category="" id="KC09273199" phrase-urn="urn:x-nevis:phrase:0800c8af826cfcc1">Check the engin#@#@#102#ine. </phrase>
</ptxt>
<diaglist>
<dgraphic>
<dgraphic2>
<graphic id="KC09273200">
<href>0900c8af8005433#@#@#9#.jpeg</href>
</graphic>
<smarttool active="press" id="KC09273201" toolname="EHEAA501"/>
</dgraphic2>
</dgraphic>
<ditem>
<ditemtext>
<ptxt>
<phrase category="" id="KC09273202" phrase-urn="urn:x-nevis:phrase:0800c8af826cfcc2"/>
</ptxt>
</ditemtext>
</ditem>
<ditem>
<ditemtext>
<ptxt>
<phrase category="" id="KC09273203" phrase-urn="urn:x-nevis:phrase:0800c8af826cfcc3"/>
</ptxt>
</ditemtext>
</ditem>
</diaglist>
</test2>
</test1>
<question>
Is the tempera#@#@#13#OK? 
</question>
<resact-grp>
<result button="yes" comp="button" highlight="0"/>
<action j2008use="1" paperuse="1" screenuse="1">
<ptxt>
<xref>
<ref id="KC09273205"/>
</xref>
</ptxt>
</action>
</resact-grp>
<resact-grp>
<result button="no" comp="button" highlight="0"/>
<action j2008use="1" paperuse="1" screenuse="1">
<ptxt>
<xref>
<ref id="KC09273206"/>
</xref>
</ptxt>
</action>
</resact-grp>
</node>
</testgrp>
<testgrp id="KC02162455" j2008use="1" paperuse="1" resumable="1" screenuse="1" testgrp-id="node5" x="120" y="360">
<title>
<phrase category="" id="KC09273207" phrase-urn="urn:x-nevis:phrase:0800c8af826cfcc5">Checking compon#@#@#10#bles </phrase>
</title>
<node>
<test1>
<test2>
<para>
<ptxt>
<phrase category="" id="KC09273208" phrase-urn="urn:x-nevis:phrase:0800c8af826cfcc6">Check engine co#@#@#63#r to <xref>
<ref id="KC09273209"/>
</xref>. </phrase>
</ptxt>
</para>
<para>
<ptxt>
<phrase category="" id="KC09273210" phrase-urn="urn:x-nevis:phrase:0800c8af826cfcc7">Remedy as neces#@#@#1#ary. </phrase>
</ptxt>
</para>
<list1 enumtype="d" type="unordered">
<title>
<phrase category="" id="KC09273211" phrase-urn="urn:x-nevis:phrase:0800c8af826cfcc8">Other information: </phrase>
</title>
<item>
<ptxt>
<phrase category="" id="KC09273212" phrase-urn="urn:x-nevis:phrase:0800c8af826cfcc9">To access/repla#@#@#29# see <xref>
<ref id="KC09273213"/>
</xref>. </phrase>
</ptxt>
</item>
<item>
<ptxt>
<phrase category="" id="KC09273214" phrase-urn="urn:x-nevis:phrase:0800c8af826cfcca">For other value#@#@#2# see <xref>
<ref id="KC09273215"/>
</xref>. </phrase>
</ptxt>
</item>
</list1>
<diaglist>
<dgraphic>
<dgraphic1>
<graphic id="KC09273216">
<href>0900c8af803f870#@#@#9#.jpeg</href>
</graphic>
</dgraphic1>
<dgraphic2>
<graphic id="KC09273217">
<href>0900c8af80054d4#@#@#9#.jpeg</href>
</graphic>
<smarttool active="press" id="KC09273218" toolname="ODAH"/>
</dgraphic2>
</dgraphic>
<ditem>
<ditemtext>
<ptxt>
<phrase category="" id="KC09273219" phrase-urn="urn:x-nevis:phrase:0800c8af826cfccb"/>
</ptxt>
</ditemtext>
</ditem>
</diaglist>
</test2>
</test1>
<question/>
<resact-grp>
<result button="cont" comp="button" highlight="0"/>
<action j2008use="1" paperuse="1" screenuse="1">
<ptxt>
<xref>
<ref id="KC09273221"/>
</xref>
</ptxt>
</action>
</resact-grp>
</node>
</testgrp>
<testgrp id="KC02162456" j2008use="1" paperuse="1" resumable="1" screenuse="1" testgrp-id="node6" x="280" y="360">
<title>
<phrase category="" id="KC09273222" phrase-urn="urn:x-nevis:phrase:0800c8af826cfccd">Checking compon#@#@#10#bles </phrase>
</title>
<node>
<test1>
<test2>
<para>
<ptxt>
<phrase category="" id="KC09273223" phrase-urn="urn:x-nevis:phrase:0800c8af826cfcce">Check fuel pump#@#@#80#g to <xref>
<ref id="KC09273224"/>
</xref>. </phrase>
</ptxt>
</para>
<para>
<ptxt>
<phrase category="" id="KC09273225" phrase-urn="urn:x-nevis:phrase:0800c8af826cfccf">Check cable bet#@#@#95#g to <xref>
<ref id="KC09273226"/>
</xref>. </phrase>
</ptxt>
</para>
<para>
<ptxt>
<phrase category="" id="KC09273227" phrase-urn="urn:x-nevis:phrase:0800c8af826cfcd0">Check cable bet#@#@#95#g to <xref>
<ref id="KC09273228"/>
</xref>. </phrase>
</ptxt>
</para>
<note>
<ptxt>
<phrase category="" id="KC09273229" phrase-urn="urn:x-nevis:phrase:0800c8af826cfcd1">Diagnostic trou#@#@#153#ble. </phrase>
</ptxt>
</note>
<para>
<ptxt>
<phrase category="" id="KC09273230" phrase-urn="urn:x-nevis:phrase:0800c8af826cfcd2">Remedy as neces#@#@#1#ary. </phrase>
</ptxt>
</para>
<list1 enumtype="d" type="unordered">
<title>
<phrase category="" id="KC09273231" phrase-urn="urn:x-nevis:phrase:0800c8af826cfcd3">Other information: </phrase>
</title>
<item>
<ptxt>
<phrase category="" id="KC09273232" phrase-urn="urn:x-nevis:phrase:0800c8af826cfcd4">To access the c#@#@#34# see <xref>
<ref id="KC09273233"/>
</xref>. </phrase>
</ptxt>
</item>
<item>
<ptxt>
<phrase category="" id="KC09273234" phrase-urn="urn:x-nevis:phrase:0800c8af826cfcd5">To access/repla#@#@#21# see <xref>
<ref id="KC09273235"/>
</xref>. </phrase>
</ptxt>
</item>
<item>
<ptxt>
<phrase category="" id="KC09273236" phrase-urn="urn:x-nevis:phrase:0800c8af826cfcd6">To access/repla#@#@#37# see <xref>
<ref id="KC09273237"/>
</xref>. </phrase>
</ptxt>
</item>
</list1>
<diaglist>
<dgraphic>
<dgraphic1>
<graphic id="KC09273238">
<href>0900c8af803f54f#@#@#9#.jpeg</href>
</graphic>
</dgraphic1>
<dgraphic2>
<graphic id="KC09273239">
<href>0900c8af80054d4#@#@#9#.jpeg</href>
</graphic>
<smarttool active="press" id="KC09273240" toolname="ODAH"/>
</dgraphic2>
</dgraphic>
<ditem>
<ditemtext>
<ptxt>
<phrase category="" id="KC09273241" phrase-urn="urn:x-nevis:phrase:0800c8af826cfcd7"/>
</ptxt>
</ditemtext>
</ditem>
</diaglist>
<grate>
<graphic id="KC09273242">
<href>0900c8af8005712#@#@#9#.jpeg</href>
</graphic>
</grate>
</test2>
</test1>
<question/>
<resact-grp>
<result button="cont" comp="button" highlight="0"/>
<action j2008use="1" paperuse="1" screenuse="1">
<ptxt>
<xref>
<ref id="KC09273244"/>
</xref>
</ptxt>
</action>
</resact-grp>
</node>
</testgrp>
<testgrp id="KC02162457" j2008use="1" paperuse="1" resumable="1" screenuse="1" testgrp-id="veria" x="400" y="480">
<title>
<phrase category="" id="KC09273245" phrase-urn="urn:x-nevis:phrase:0800c8af826cfcd9">Verification </phrase>
</title>
<subcalloutnode>
<diagcallout>
<xref>
<ref id="KC09273246"/>
</xref>
</diagcallout>
<rescall-grp>
<result comp="string" highlight="0" op="eq" return="VERIFICATION FAILED"/>
<calloutaction>
<ptxt>
<xref>
<ref id="KC09273247"/>
</xref>
</ptxt>
</calloutaction>
</rescall-grp>
<rescall-grp>
<result comp="string" highlight="0" op="eq" return="VERIFIED"/>
<calloutaction>
<return value="FAULT FOUND"/>
</calloutaction>
</rescall-grp>
<rescall-grp>
<result comp="string" highlight="0" op="eq" return="PAPER"/>
<calloutaction>
<return value="FAULT NOT FOUND"/>
</calloutaction>
</rescall-grp>
</subcalloutnode>
</testgrp>
<testgrp id="KC02162458" j2008use="1" paperuse="0" resumable="1" screenuse="1" testgrp-id="info1" x="400" y="560">
<title>
<phrase category="" id="KC09273248" phrase-urn="urn:x-nevis:phrase:0800c8af826cfcda">Fault-tracing i#@#@#6#tion </phrase>
</title>
<subcalloutnode>
<diagcallout>
<xref>
<ref id="KC09273249"/>
</xref>
</diagcallout>
<rescall-grp>
<result comp="string" highlight="0" op="eq" return="FAULTTRACING FAILED"/>
<calloutaction>
<return value="FAULTTRACING FAILED"/>
</calloutaction>
</rescall-grp>
<rescall-grp>
<result comp="string" highlight="0" op="eq" return="NEW TRY"/>
<calloutaction>
<ptxt>
<xref>
<ref id="KC09273250"/>
</xref>
</ptxt>
</calloutaction>
</rescall-grp>
<rescall-grp>
<result comp="string" highlight="0" op="eq" return="FAULT FOUND"/>
<calloutaction>
<return value="FAULT FOUND"/>
</calloutaction>
</rescall-grp>
</subcalloutnode>
</testgrp>
</diagnostic>
</servinfosub>