<?xml version="1.0" encoding="UTF-8"?><servinfosub IE-ID="en-US0900c8af85b97a0b" docno="VCC-458738" id="nev18592546n1" xml:lang="en-US">
<title>
<phrase category="Title" id="nev18592546n2" phrase-urn="urn:x-nevis:phrase:0800c8af81eb9a54">Diagnostic trou#@#@#21#ation</phrase>
<phrase category="Prefix" id="nev18592546n3" phrase-urn="urn:x-nevis:phrase:0800c8af8015c3f5">ECM</phrase>-P212037</title>
<diagnostic j2008use="1" paperuse="1" screenuse="1" type="condition">
<condgrp>
<condition type="condition">
<para id="nev18592546n4">
<ptxt id="nev18592546n5">
<phrase category="Condition" id="nev18592546n6" phrase-urn="urn:x-nevis:phrase:0800c8af845fe1b9">The engine cont#@#@#70#tion.</phrase>
</ptxt>
</para>
<para id="nev18592546n7">
<ptxt id="nev18592546n8">
<phrase category="Condition" id="nev18592546n9" phrase-urn="urn:x-nevis:phrase:0800c8af82c4843c">The diagnostic #@#@#59#that:</phrase>
</ptxt>
</para>
<list1 id="nev18592546n10">
<item id="nev18592547n1">
<ptxt id="nev18592547n2">
<phrase category="Condition" id="nev18592547n3" phrase-urn="urn:x-nevis:phrase:0800c8af8404b9fe">PWM-signal from#@#@#57#ency.</phrase>
</ptxt>
</item>
</list1>
<para id="nev18592547n4">
<ptxt id="nev18592547n5">
<phrase category="Condition" id="nev18592547n6" phrase-urn="urn:x-nevis:phrase:0800c8af82c479d6">The control mod#@#@#67#t of:</phrase>
</ptxt>
</para>
<list1 id="nev18592547n7">
<item id="nev18592547n8">
<ptxt id="nev18592547n9">
<phrase category="Condition" id="nev18592547n10" phrase-urn="urn:x-nevis:phrase:0800c8af82c47c8e">Ignition switch#@#@#8#n II.</phrase>
</ptxt>
</item>
</list1>
<note id="nev18592548n1">
<ptxt id="nev18592548n2">
<phrase category="Condition" id="nev18592548n3" phrase-urn="urn:x-nevis:phrase:0800c8af82c4844b">The control mod#@#@#132# met.</phrase>
</ptxt>
</note>
<grate>
<graphic id="nev18592548n4">
<href>0900c8af845fe0c#@#@#9#.jpeg</href>
</graphic>
</grate>
</condition>
</condgrp>
<condgrp>
<condition type="substitution">
<list1 enumtype="d" type="unordered">
<item>
<ptxt>
<phrase category="Substitution" id="nev18592548n5" phrase-urn="urn:x-nevis:phrase:0800c8af81eb9984">None.</phrase>
</ptxt>
</item>
</list1>
</condition>
<ps>
<list1 enumtype="d" type="unordered">
<item id="nev18592548n6">
<ptxt id="nev18592548n7">
<phrase category="Possible source" id="nev18592548n8" phrase-urn="urn:x-nevis:phrase:0800c8af81eb94db">Open-circuit in#@#@#13#able.</phrase>
</ptxt>
</item>
<item id="nev18592548n9">
<ptxt id="nev18592548n10">
<phrase category="Possible source" id="nev18592549n1" phrase-urn="urn:x-nevis:phrase:0800c8af81eb96ab">Short-circuit t#@#@#24#able.</phrase>
</ptxt>
</item>
<item>
<ptxt>
<phrase category="Possible source" id="nev18592549n2" phrase-urn="urn:x-nevis:phrase:0800c8af844f5f24">The signal cabl#@#@#34#tage.</phrase>
</ptxt>
</item>
<item id="nev18592549n3">
<ptxt id="nev18592549n4">
<phrase category="Possible source" id="nev18592549n5" phrase-urn="urn:x-nevis:phrase:0800c8af82d2d80c">Short-circuit t#@#@#30#able.</phrase>
</ptxt>
</item>
<item id="nev18592549n6">
<ptxt id="nev18592549n7">
<phrase category="Condition" id="nev18592549n8" phrase-urn="urn:x-nevis:phrase:0800c8af834d8759">The voltage fee#@#@#33#tage.</phrase>
</ptxt>
</item>
<item id="nev18592549n9">
<ptxt id="nev18592549n10">
<phrase category="Possible source" id="nev18592550n1" phrase-urn="urn:x-nevis:phrase:0800c8af81eabb2a">Damaged acceler#@#@#27#nsor.</phrase>
</ptxt>
</item>
</list1>
</ps>
</condgrp>
<condgrp>
<condition type="symptom">
<list1 enumtype="d" type="unordered">
<item id="nev18592550n2">
<ptxt id="nev18592550n3">
<phrase category="Symptom CSC" id="nev18592550n4" phrase-urn="urn:x-nevis:phrase:0800c8af8388f137">IV, Text window#@#@#27#ssage</phrase>
</ptxt>
</item>
<item>
<ptxt>
<phrase category="Symptom CSC" id="nev18592550n5" phrase-urn="urn:x-nevis:phrase:0800c8af8388f021">AK, Driving/Hes#@#@#33#times</phrase>
</ptxt>
</item>
<item id="nev18592550n6">
<ptxt id="nev18592550n7">
<phrase category="Symptom CSC" id="nev18592550n8" phrase-urn="urn:x-nevis:phrase:0800c8af8388f01b">AL, Driving/Hes#@#@#28#ation</phrase>
</ptxt>
</item>
<item id="nev18592550n9">
<ptxt id="nev18592550n10">
<phrase category="Symptom CSC" id="nev18592551n1" phrase-urn="urn:x-nevis:phrase:0800c8af8388f01f">AM, Driving/Hes#@#@#28#ation</phrase>
</ptxt>
</item>
</list1>
</condition>
</condgrp>
</diagnostic>
</servinfosub>