<?xml version="1.0" encoding="UTF-8"?><servinfosub IE-ID="en-US0900c8af84774a0b" docno="VCC-384091" id="nev14247155n1" original="sv-SE" servinfosubId="nev14247157n1-nev14247155n4" servinfosubRes="0900c8af84775712" servinfosubRes2="urn:x-nevis:fragment:0900c8af84774a0b:0900c8af84775712#nev14247155n4" xml:lang="en-US">
<title id="nev14247155n2">Rear Door Quart#@#@#10#Blind</title>
<procedure id="nev14247157n1-nev14250565n100">
<stepgrp boilerplate="false" context="" id="nev14247157n1-nev14250527n56">
<title id="nev14247157n1-nev14250565n99">Removal</title>
<procstep id="nev14247157n1-nev14250564n33">
<para id="nev14247157n1-nev14250565n94">
<ptxt id="nev14247157n1-nev14250565n96">Remove panel si#@#@#7# rear<xref boilerplate="true" id="nev14247157n1-nev14250565n97">
<ref id="nev14247157n1-nev14250565n95"/>
</xref>
</ptxt>
</para>
</procstep>
<procstep id="nev14247157n1-nev14250527n47">
<grate id="nev14247157n1-nev14250565n91">
<graphic id="nev14247157n1-nev14250565n92">
<href>0900c8af84774f4#@#@#9#.jpeg</href>
</graphic>
</grate>
</procstep>
<procstep id="nev14247157n1-nev14250527n30">
<grate id="nev14247157n1-nev14250565n89">
<graphic id="nev14247157n1-nev14250565n90">
<href>0900c8af84774f5#@#@#9#.jpeg</href>
</graphic>
</grate>
</procstep>
<procstep id="nev14247157n1-nev14250527n7">
<grate id="nev14247157n1-nev14250565n87">
<graphic id="nev14247157n1-nev14250565n88">
<href>0900c8af84774f4#@#@#9#.jpeg</href>
</graphic>
</grate>
</procstep>
</stepgrp>
<stepgrp boilerplate="false" context="" id="nev14247157n1-nev14250564n78">
<title id="nev14247157n1-nev14250565n86">Installation</title>
<procstep id="nev14247157n1-nev14250564n53">
<para id="nev14247157n1-nev14250565n82">
<ptxt id="nev14247157n1-nev14250565n83">To install, rev#@#@#22#dure.</ptxt>
</para>
</procstep>
</stepgrp>
</procedure>
</servinfosub>