<?xml version="1.0" encoding="UTF-8"?><servinfosub IE-ID="en-US0900c8af847e3a0b" docno="VCC-370292" id="nev13712076n1" original="sv-SE" servinfosubId="nev13712077n1-nev14379402n1" servinfosubRes="0900c8af84ad41cf" servinfosubRes2="urn:x-nevis:fragment:0900c8af847e3a0b:0900c8af84ad41cf#nev14379402n1" xml:lang="en-US">
<operationnumbers>
<operationnumber>23712-2</operationnumber>
</operationnumbers>
<title id="nev13712073n82">Fuel rail</title>
<procedure id="nev13712077n1-nev14769750n2">
<stepgrp boilerplate="false" context="" id="nev13712077n1-nev14769637n24">
<title id="nev13712077n1-nev14769750n4">Removal</title>
<procstep id="nev13712077n1-nev14769750n5">
<note id="nev13712077n1-nev14769750n7">
<ptxt>Removal steps i#@#@#45#ails.</ptxt>
</note>
</procstep>
<procstep id="nev13712077n1-nev14769750n8">
<para id="nev13712077n1-nev14769637n20">
<ptxt id="nev13712077n1-nev14769637n21">Follow instruct#@#@#42#ation<xref boilerplate="true" id="nev13712077n1-nev14769751n2">
<ref id="nev13712077n1-nev14769751n3"/>
</xref>
</ptxt>
</para>
</procstep>
<procstep id="nev13712077n1-nev14769751n4">
<para id="nev13712077n1-nev14769637n17">
<ptxt id="nev13712077n1-nev14769637n18">See information#@#@#39#ystem<xref boilerplate="true" id="nev13712077n1-nev14769751n8">
<ref id="nev13712077n1-nev14769751n9"/>
</xref>
</ptxt>
</para>
</procstep>
<procstep id="nev13712077n1-nev14769751n10">
<para id="nev13712077n1-nev14769637n14">
<ptxt id="nev13712077n1-nev14769637n15">Perform battery#@#@#24#cting<xref boilerplate="true" id="nev13712077n1-nev14769752n4">
<ref id="nev13712077n1-nev14769752n5"/>
</xref>
</ptxt>
</para>
</procstep>
<procstep id="nev13712077n1-nev14769752n6">
<list1 boilerplate="true" context="remove" enumtype="b" id="nev13712077n1-nev14769752n7" type="unordered">
<item id="nev13712077n1-nev14769637n12">
<ptxt id="nev13712077n1-nev14769637n11">Exhaust Gas Rec#@#@#24#ooler<xref boilerplate="true" id="nev13712077n1-nev14769753n1">
<ref id="nev13712077n1-nev14769753n2"/>
</xref>
</ptxt>
</item>
<item id="nev13712077n1-nev14769637n9">
<ptxt id="nev13712077n1-nev14769637n8">Exhaust Gas Rec#@#@#23#alve)<xref boilerplate="true" id="nev13712077n1-nev14769753n6">
<ref id="nev13712077n1-nev14769753n7"/>
</xref>
</ptxt>
</item>
</list1>
</procstep>
<procstep id="nev13712077n1-nev14769753n8">
<grate id="nev13712077n1-nev14769753n9">
<graphic id="nev13712077n1-nev14769753n10">
<href>0900c8af848a7fb#@#@#9#.jpeg</href>
</graphic>
<graphtext id="nev13712077n1-nev14769780n1">
<para id="nev13712077n1-nev14769637n5">
<ptxt id="nev13712077n1-nev14769637n6">
<torque id="nev13712077n1-nev14769754n4">
<ref id="nev13712077n1-nev14769754n5"/>
</torque>
</ptxt>
</para>
</graphtext>
</grate>
</procstep>
<procstep id="nev13712077n1-nev14769754n6">
<grate id="nev13712077n1-nev14769754n7">
<graphic id="nev13712077n1-nev14769754n8">
<href>0900c8af848a7fb#@#@#9#.jpeg</href>
</graphic>
<graphtext id="nev13712077n1-nev14769787n1">
<note id="nev13712077n1-nev14769755n1">
<ptxt>Use suitable pa#@#@#28#luid.</ptxt>
</note>
<para id="nev13712077n1-nev14769637n2">
<ptxt id="nev13712077n1-nev14769637n3">
<torque id="nev13712077n1-nev14769755n4">
<ref id="nev13712077n1-nev14769755n5"/>
</torque>
</ptxt>
</para>
</graphtext>
</grate>
</procstep>
<procstep id="nev13712077n1-nev14769755n6">
<grate id="nev13712077n1-nev14769755n7">
<graphic id="nev13712077n1-nev14769755n8">
<href>0900c8af848a8b9#@#@#9#.jpeg</href>
</graphic>
<graphtext id="nev13712077n1-nev14769794n1">
<caution id="nev13712077n1-nev14769756n1">
<ptxt>Make sure that #@#@#134#aned.</ptxt>
</caution>
<list1 enumtype="n" id="nev13712077n1-nev14769756n2" type="ordered">
<item id="nev13712077n1-nev14769761n100">
<ptxt id="nev13712077n1-nev14769761n99">
<torque id="nev13712077n1-nev14769756n5">
<ref id="nev13712077n1-nev14769756n6"/>
</torque>
</ptxt>
</item>
<item id="nev13712077n1-nev14769761n98">
<ptxt id="nev13712077n1-nev14769761n97">
<torque id="nev13712077n1-nev14769756n9">
<ref id="nev13712077n1-nev14769756n10"/>
</torque>
</ptxt>
</item>
</list1>
</graphtext>
</grate>
</procstep>
<procstep id="nev13712077n1-nev14769757n1">
<grate id="nev13712077n1-nev14769757n2">
<graphic id="nev13712077n1-nev14769757n3">
<href>0900c8af848a7ff#@#@#9#.jpeg</href>
</graphic>
<graphtext id="nev13712077n1-nev14769804n1">
<para id="nev13712077n1-nev14769761n95">
<ptxt id="nev13712077n1-nev14769761n96">
<torque id="nev13712077n1-nev14769757n7">
<ref id="nev13712077n1-nev14769757n8"/>
</torque>
</ptxt>
</para>
</graphtext>
</grate>
</procstep>
<procstep id="nev13712077n1-nev14769757n9">
<grate id="nev13712077n1-nev14769757n10">
<graphic id="nev13712077n1-nev14769758n1">
<href>0900c8af848a803#@#@#9#.jpeg</href>
</graphic>
<graphtext id="nev13712077n1-nev14769811n1">
<caution id="nev13712077n1-nev14769758n4">
<ptxt>Make sure that #@#@#134#aned.</ptxt>
</caution>
<para id="nev13712077n1-nev14769761n92">
<ptxt id="nev13712077n1-nev14769761n93">
<torque id="nev13712077n1-nev14769758n7">
<ref id="nev13712077n1-nev14769758n8"/>
</torque>
</ptxt>
</para>
</graphtext>
</grate>
</procstep>
<procstep id="nev13712077n1-nev14769758n9">
<grate id="nev13712077n1-nev14769758n10">
<graphic id="nev13712077n1-nev14769759n1">
<href>0900c8af84a387b#@#@#9#.jpeg</href>
</graphic>
<graphtext id="nev13712077n1-nev14769818n1">
<para id="nev13712077n1-nev14769761n90">
<ptxt id="nev13712077n1-nev14769761n91">
<torque id="nev13712077n1-nev14769759n5">
<ref id="nev13712077n1-nev14769759n6"/>
</torque>
</ptxt>
</para>
</graphtext>
</grate>
</procstep>
</stepgrp>
<stepgrp boilerplate="false" context="" id="nev13712077n1-nev14769761n89">
<title id="nev13712077n1-nev14769759n8">Installation</title>
<procstep id="nev13712077n1-nev14769759n9">
<para id="nev13712077n1-nev14769761n85">
<ptxt id="nev13712077n1-nev14769761n86">To install, rev#@#@#22#dure.</ptxt>
</para>
</procstep>
</stepgrp>
</procedure>
</servinfosub>