<?xml version="1.0" encoding="UTF-8"?><servinfosub IE-ID="en-US0900c8af83791a0b" docno="VCC-141165" id="KC01336277" xml:lang="en-US">
<title>
<phrase category="" id="KC09418782" phrase-urn="urn:x-nevis:phrase:0800c8af826ff0aa">Signal low</phrase>
</title>
<diagnostic j2008use="1" layout="0" paperuse="1" screenuse="1" type="test">
<testgrp IE-ID="en-US0900c8af83791a0b_KC01341100" id="KC01341100" j2008use="1" paperuse="1" resumable="1" screenuse="1" testgrp-id="node1" x="80" y="80">
<title>
<phrase category="" id="KC09418783" phrase-urn="urn:x-nevis:phrase:0800c8af826ff0b7">Checking compon#@#@#10#iring</phrase>
</title>
<node>
<test1>
<diaglist>
<dgraphic>
<dgraphic1>
<graphic id="KC09418784">
<href>0900c8af80054d4#@#@#9#.jpeg</href>
</graphic>
</dgraphic1>
<dgraphic2>
<graphic id="KC09418785">
<href>0900c8af80054d7#@#@#9#.jpeg</href>
</graphic>
</dgraphic2>
</dgraphic>
<ditem>
<ptxt>
<phrase category="" id="KC09418786" phrase-urn="urn:x-nevis:phrase:0800c8af826ff0c4">Ignition off</phrase>
</ptxt>
</ditem>
<ditem>
<ptxt>
<phrase category="" id="KC09418787" phrase-urn="urn:x-nevis:phrase:0800c8af826ff0d2">Disconnect the #@#@#32#anel </phrase>
</ptxt>
</ditem>
<ditem>
<ptxt>
<phrase category="" id="KC09418788" phrase-urn="urn:x-nevis:phrase:0800c8af826ff0df">Disconnect the #@#@#39#AUD).</phrase>
</ptxt>
</ditem>
</diaglist>
<test2>
<para>
<ptxt>
<phrase category="" id="KC09418789" phrase-urn="urn:x-nevis:phrase:0800c8af826ff0eb">Check the cable#@#@#113#ack. </phrase>
</ptxt>
</para>
<para>
<ptxt>
<phrase category="" id="KC09418790" phrase-urn="urn:x-nevis:phrase:0800c8af826ff0f5">Check the signa#@#@#126#und. </phrase>
</ptxt>
</para>
<para>
<ptxt>
<phrase category="" id="KC09418791" phrase-urn="urn:x-nevis:phrase:0800c8af826ff101">Check the signa#@#@#134#und. </phrase>
</ptxt>
</para>
<para>
<ptxt>
<phrase category="" id="KC09418792" phrase-urn="urn:x-nevis:phrase:0800c8af826ff10d">Check the resis#@#@#110#nite.</phrase>
</ptxt>
<ptxt>
<phrase category="" id="KC09418793" phrase-urn="urn:x-nevis:phrase:0800c8af826ff118">Check the resis#@#@#118#9 kΩ.</phrase>
</ptxt>
</para>
<para>
<ptxt>
<phrase category="" id="KC09418794" phrase-urn="urn:x-nevis:phrase:0800c8af826ff125">Remedy as necessary.</phrase>
</ptxt>
</para>
<list1 enumtype="d" type="unordered">
<title>
<phrase category="" id="KC09418795" phrase-urn="urn:x-nevis:phrase:0800c8af826ff132">Other information:</phrase>
</title>
<item>
<ptxt>
<phrase category="" id="KC09418796" phrase-urn="urn:x-nevis:phrase:0800c8af826ff141">To connect the #@#@#13# see <xref>
<ref id="KC09418797"/>
</xref>
</phrase>
</ptxt>
</item>
<item>
<ptxt>
<phrase category="" id="KC09418798" phrase-urn="urn:x-nevis:phrase:0800c8af826ff14e">To access or re#@#@#29# see <xref>
<ref id="KC09418799"/>
</xref>
</phrase>
</ptxt>
</item>
<item>
<ptxt>
<phrase category="Faulttracing" id="nev12024846n1" phrase-urn="urn:x-nevis:phrase:0800c8af837365f6">For information#@#@#14#, see</phrase>
<xref id="nev12087473n100">
<ref id="l1142587749187"/>
</xref>
</ptxt>
</item>
<item>
<ptxt>
<phrase category="" id="KC09418802" phrase-urn="urn:x-nevis:phrase:0800c8af826ff165">
<xref>
<ref id="KC09418803"/>
</xref>.</phrase>
</ptxt>
</item>
</list1>
<diaglist>
<dgraphic>
<dgraphic1>
<graphic id="KC09418804">
<href>0900c8af80058a8#@#@#9#.jpeg</href>
</graphic>
</dgraphic1>
<dgraphic2>
<graphic id="KC09418805">
<href>0900c8af80054d4#@#@#9#.jpeg</href>
</graphic>
<smarttool active="press" id="KC09418806" toolname="ODAH"/>
</dgraphic2>
</dgraphic>
</diaglist>
<grate>
<graphic id="KC09418808">
<href>0900c8af80056b4#@#@#9#.jpeg</href>
</graphic>
</grate>
</test2>
</test1>
<question>
Select Continue.
</question>
<resact-grp>
<result button="cont" comp="button" highlight="0"/>
<action j2008use="1" paperuse="1" screenuse="1">
<ptxt>
<xref>
<ref id="KC09418810"/>
</xref>
</ptxt>
</action>
</resact-grp>
</node>
</testgrp>
<testgrp id="KC01341101" j2008use="1" paperuse="1" resumable="1" screenuse="1" testgrp-id="veria" x="80" y="220">
<title>
<phrase category="" id="KC09418811" phrase-urn="urn:x-nevis:phrase:0800c8af826ff190">Verification</phrase>
</title>
<subcalloutnode>
<diagcallout>
<xref>
<ref id="KC09418812"/>
</xref>
</diagcallout>
<rescall-grp>
<result comp="string" highlight="0" op="eq" return="VERIFIED"/>
<calloutaction>
<return value="FAULT FOUND"/>
</calloutaction>
</rescall-grp>
<rescall-grp>
<result comp="string" highlight="0" op="eq" return="VERIFICATION FAILED"/>
<calloutaction>
<ptxt>
<xref>
<ref id="KC09418813"/>
</xref>
</ptxt>
</calloutaction>
</rescall-grp>
</subcalloutnode>
</testgrp>
<testgrp id="KC01341102" j2008use="1" paperuse="1" resumable="1" screenuse="1" testgrp-id="info1" x="80" y="380">
<title>
<phrase category="" id="KC09418814" phrase-urn="urn:x-nevis:phrase:0800c8af826ff19e">Fault-tracing i#@#@#5#ation</phrase>
</title>
<subcalloutnode>
<diagcallout>
<xref>
<ref id="KC09418815"/>
</xref>
</diagcallout>
<rescall-grp>
<result comp="string" highlight="0" op="eq" return="FAULTTRACING FAILED"/>
<calloutaction>
<return value="FAULTTRACING FAILED"/>
</calloutaction>
</rescall-grp>
<rescall-grp>
<result comp="string" highlight="0" op="eq" return="NEW TRY"/>
<calloutaction>
<ptxt>
<xref>
<ref id="KC09418816"/>
</xref>
</ptxt>
</calloutaction>
</rescall-grp>
</subcalloutnode>
</testgrp>
</diagnostic>
</servinfosub>