<?xml version="1.0" encoding="UTF-8"?><script xmlns:nevis="http://www.volvocars.com/namespaces/processing" xmlns:xlink="http://www.w3.org/1999/xlink" IE-ID="en-US0900c8af81d5fa0b" docno="VCC-235795" id="nev10104136n1" nevis:expl-profile="mdl644yr2000, mdl645yr2000, mdl644yr2003, mdl644yr2002, mdl645yr2002, mdl644yr2001, mdl644yr2004, mdl645yr2004, mdl645yr2003, mdl645yr2001" nevis:profile="urn:x-nevis:profile:0b00c8af802065ab urn:x-nevis:profile:0b00c8af802065ad urn:x-nevis:profile:0b00c8af802065af urn:x-nevis:profile:0b00c8af802065b3 urn:x-nevis:profile:0b00c8af802065b8 urn:x-nevis:profile:0b00c8af802065bf urn:x-nevis:profile:0b00c8af802065c5 urn:x-nevis:profile:0b00c8af802065ca urn:x-nevis:profile:0b00c8af802065cc urn:x-nevis:profile:0b00c8af802065e4" nevis:projectdocument="urn:x-nevis:projectdocument:0800c8af81d5fa0a" nevis:resource="0900c8af81d5fa22" nevis:resource2="urn:x-nevis:fragment:0900c8af81d5fa0b:0900c8af81d5fa22#nev10104136n1" nevis:session-id="" qualifierinfotype="14:00" type="" xml:lang="en-US"><title>Read switch rea#@#@#6#light</title><content gui="1" height="150" id="nev10104137n1-nev10104136n3" nevis:expl-profile="mdl644yr2000, mdl645yr2000, mdl644yr2003, mdl644yr2002, mdl645yr2002, mdl644yr2001, mdl644yr2004, mdl645yr2004, mdl645yr2003, mdl645yr2001" nevis:idfrom="nev10104137n1" nevis:prefix="nev10104137n1" nevis:profile="urn:x-nevis:profile:0b00c8af802065ab urn:x-nevis:profile:0b00c8af802065ad urn:x-nevis:profile:0b00c8af802065af urn:x-nevis:profile:0b00c8af802065b3 urn:x-nevis:profile:0b00c8af802065b8 urn:x-nevis:profile:0b00c8af802065bf urn:x-nevis:profile:0b00c8af802065c5 urn:x-nevis:profile:0b00c8af802065ca urn:x-nevis:profile:0b00c8af802065cc urn:x-nevis:profile:0b00c8af802065e4" nevis:resource="0900c8af81d5fa24" nevis:resource2="urn:x-nevis:fragment:0900c8af81d5fa0b:0900c8af81d5fa24#nev10104136n3" width="400" xml:lang="en-US"><nodes id="nev10104137n1-nev10104150n1"><node class="Components.StartNode" id="nev10104137n1-nev10104151n1" nodeid="Start" x="17" y="58"/><node class="Components.Repeater" id="nev10104137n1-nev10104152n1" nodeid="Iterator" x="112" y="56"/><node class="Components.ScriptButton" id="nev10104137n1-nev10104153n1" nodeid="Hide" x="20" y="210"><gui height="30" id="nev10104137n1-nev10104154n1" width="110" x="280" y="100"/><property class="String" id="nev10104137n1-nev10104155n1" name="Text" type="In" value="" visible="0"/><property class="String" id="nev10104137n1-nev10104156n1" name="StartDisabled" type="Internal" value="false" visible="1"/><extension id="nev10104137n1-nev10104157n1"><phrase category="Faulttracing" id="nev10104137n1-nev10104149n1" phrase-urn="urn:x-nevis:phrase:0800c8af81b6b138">Hide</phrase></extension></node><node class="Components.ScriptComponent" id="nev10104137n1-nev10104158n1" nodeid="CloseScript" x="173" y="344"/><node class="Components.IdentifierComponent" id="nev10104137n1-nev10104159n1" nodeid="Read" x="231" y="11"><property class="Parameter" id="nev10104137n1-nev10104160n1" name="Rear fog switch" type="Out" value="" visible="1"/><extension id="nev10104137n1-nev10104161n1"><identifier ecu="372302" ecuMode="EcuType" id="nev10104137n1-nev10104162n1" read="9" type="REOFF" value="02"><parameter id="nev10104137n1-nev10104163n1" name="Rear fog switch" textid="46751"/></identifier></extension></node><node class="Components.Gui.ParameterLabel" id="nev10104137n1-nev10104164n1" nodeid="Label" x="359" y="41"><gui height="70" id="nev10104137n1-nev10104165n1" width="380" x="10" y="10"/><property class="Parameter" id="nev10104137n1-nev10104166n1" name="Parameter" type="In" value="" visible="1"/><property class="String" id="nev10104137n1-nev10104167n1" name="Title" type="In" value="" visible="1"/><property class="String" id="nev10104137n1-nev10104168n1" name="Value" type="In" value="" visible="1"/><property class="String" id="nev10104137n1-nev10104169n1" name="Unit" type="In" value="" visible="1"/></node><node class="Components.VehComm" id="nev10104137n1-nev10104170n1" nodeid="StopDiagnosticSession" x="174" y="201"><property class="String" id="nev10104137n1-nev10104171n1" name="Mode" type="Internal" value="EcuType" visible="1"/><property class="Int" id="nev10104137n1-nev10104172n1" name="EcuType" type="In" value="372302" visible="0"/><property class="Int" id="nev10104137n1-nev10104173n1" name="ServiceId" type="In" value="27" visible="0"/><property class="String" id="nev10104137n1-nev10104174n1" name="EcuName" type="Out" value="" visible="1"/><property class="Response" id="nev10104137n1-nev10104175n1" name="Result" type="Out" value="" visible="1"/><extension id="nev10104137n1-nev10104176n1"/></node></nodes><handlers id="nev10104137n1-nev10104177n1"><eventhandler id="nev10104137n1-nev10104178n1" name="OnStart" node="Start"><call id="nev10104137n1-nev10104179n1" method="UpdateTitles" node="Read"/><call id="nev10104137n1-nev10104180n1" method="Start" node="Iterator"/></eventhandler><eventhandler id="nev10104137n1-nev10104181n1" name="OnRepeat" node="Iterator"><call id="nev10104137n1-nev10104182n1" method="Read" node="Read"/></eventhandler><eventhandler id="nev10104137n1-nev10104183n1" name="Click" node="Hide"><call id="nev10104137n1-nev10104184n1" method="Execute" node="StopDiagnosticSession"/><call id="nev10104137n1-nev10104185n1" method="CloseDialog" node="CloseScript"/></eventhandler><propertyhandler id="nev10104137n1-nev10104186n1" name="Rear fog switch" node="Read"><set id="nev10104137n1-nev10104187n1" node="Label" property="Parameter"/></propertyhandler></handlers></content></script>