<?xml version="1.0" encoding="UTF-8"?><servinfosub IE-ID="en-US0900c8af87ceb60f" docno="VCC-502622" id="nev27916384n1" original="sv-SE" servinfosubId="nev27916385n1-nev27916384n4" servinfosubRes="0900c8af87ceb62b" servinfosubRes2="urn:x-nevis:fragment:0900c8af87ceb60f:0900c8af87ceb62b#nev27916384n4" xml:lang="en-US">
<operationnumbers>
<operationnumber>83232-2</operationnumber>
<operationnumber>83233-2</operationnumber>
</operationnumbers>
<title id="nev27916384n2">Strut boot lid</title>
<procedure id="nev27916385n1-nev28239001n54">
<stepgrp boilerplate="false" context="" id="nev27916385n1-nev28239001n40">
<title id="nev27916385n1-0800c8af844a46f6">Removal</title>
<procstep id="nev27916385n1-nev28239001n51">
<grate id="nev27916385n1-nev28239001n38">
<graphic id="nev27916385n1-nev28239001n39">
<href>0900c8af87ceb52#@#@#9#.jpeg</href>
</graphic>
<graphtext id="nev27916385n1-nev28239910n1">
<para id="nev27916385n1-nev28239001n36">
<ptxt id="nev27916385n1-nev28239001n37">Loosen the clip.</ptxt>
</para>
</graphtext>
</grate>
</procstep>
<procstep id="nev27916385n1-nev28239001n48">
<grate id="nev27916385n1-nev28239001n34">
<graphic id="nev27916385n1-nev28239001n35">
<href>0900c8af87ceb52#@#@#9#.jpeg</href>
</graphic>
<graphtext id="nev27916385n1-nev28239914n1">
<para id="nev27916385n1-nev28239001n32">
<ptxt id="nev27916385n1-nev28239001n33">Loosen the clip.</ptxt>
</para>
<para id="nev27916385n1-nev28239001n30">
<ptxt id="nev27916385n1-nev28239001n31">Remove the mark#@#@#3#part.</ptxt>
</para>
</graphtext>
</grate>
</procstep>
</stepgrp>
<stepgrp boilerplate="false" context="" id="nev27916385n1-nev28239001n29">
<title id="nev27916385n1-0800c8af844a46f9">Installation</title>
<procstep id="nev27916385n1-nev28239001n43">
<para id="nev27916385n1-nev28239001n27">
<ptxt id="nev27916385n1-nev28239001n28">To install, rev#@#@#22#dure.</ptxt>
</para>
</procstep>
</stepgrp>
</procedure>
</servinfosub>