<?xml version="1.0" encoding="UTF-8"?><servinfosub IE-ID="en-US0900c8af8461660f" docno="VCC-370359" id="nev13713022n1" original="sv-SE" servinfosubId="nev13713023n1-nev13713022n4" servinfosubRes="0900c8af8461f80f" servinfosubRes2="urn:x-nevis:fragment:0900c8af8461660f:0900c8af8461f80f#nev13713022n4" xml:lang="en-US">
<operationnumbers>
<operationnumber>38661-2</operationnumber>
</operationnumbers>
<title id="nev13713021n27">Temperature sen#@#@#17# pump</title>
<procedure id="nev13713023n1-nev13713021n31">
<stepgrp boilerplate="false" context="" id="nev13713023n1-nev13908928n21">
<title id="nev13713023n1-nev13907996n12">Removal</title>
<procstep id="nev13713023n1-nev13898203n65">
<note id="nev13713023n1-nev13907996n11">
<ptxt>Removal steps i#@#@#45#ails.</ptxt>
</note>
</procstep>
<procstep id="nev13713023n1-nev13908928n55">
<warning id="nev13713023n1-nev13908928n18">
<ptxt>Avoid flames, s#@#@#23#nces.</ptxt>
</warning>
</procstep>
<procstep id="nev13713023n1-nev13907986n93">
<para id="nev13713023n1-nev13908928n15">
<ptxt id="nev13713023n1-nev13908928n16">Follow instruct#@#@#43#ystem<xref boilerplate="true" id="nev13713023n1-nev13907996n6">
<ref id="nev13713023n1-nev13907996n8"/>
</xref>
</ptxt>
</para>
</procstep>
<procstep id="nev13713023n1-nev13898182n19">
<para id="nev13713023n1-nev13908928n12">
<ptxt id="nev13713023n1-nev13908928n13">See information#@#@#40#ation<xref boilerplate="true" id="nev13713023n1-nev13907996n3">
<ref id="nev13713023n1-nev13898208n43"/>
</xref>
</ptxt>
</para>
</procstep>
<procstep id="nev13713023n1-nev13898182n14">
<grate id="nev13713023n1-nev13713021n43">
<graphic id="nev13713023n1-nev13713021n44">
<href>0900c8af82fa6ca#@#@#9#.jpeg</href>
</graphic>
</grate>
</procstep>
<procstep id="nev13713023n1-nev13898182n13">
<grate id="nev13713023n1-nev13713021n47">
<graphic id="nev13713023n1-nev13713021n48">
<href>0900c8af826ae98#@#@#9#.jpeg</href>
</graphic>
<graphtext id="nev13713023n1-nev13908970n1">
<para id="nev13713023n1-nev13908928n9">
<ptxt id="nev13713023n1-nev13908928n10">
<torque id="nev13713023n1-nev13713021n66">
<ref id="nev13713023n1-nev13713021n67"/>
</torque>
</ptxt>
</para>
</graphtext>
</grate>
</procstep>
</stepgrp>
<stepgrp boilerplate="false" context="" id="nev13713023n1-nev13908928n8">
<title id="nev13713023n1-nev13907998n99">Installation</title>
<procstep id="nev13713023n1-nev13713021n62">
<para id="nev13713023n1-nev13908928n4">
<ptxt id="nev13713023n1-nev13908928n5">To install, rev#@#@#22#dure.</ptxt>
</para>
</procstep>
</stepgrp>
</procedure>
</servinfosub>