<?xml version="1.0" encoding="UTF-8"?><diagnostic IE-ID="en-US0900c8af803f4807" docno="VCC-087421" id="KC01477247" type="test" xml:lang="en-US">
<title>
<phrase category="" id="KC07706356" phrase-urn="urn:x-nevis:phrase:0800c8af81baae1c">Verification</phrase>
</title>
<testgrp IE-ID="en-US0900c8af803f4807_KC01493492" id="KC01493492" j2008use="1" paperuse="1" resumable="1" screenuse="1" testgrp-id="verifnode" x="360" y="320">
<title>
<phrase category="" id="KC07706357" phrase-urn="urn:x-nevis:phrase:0800c8af81baae1d">Verification</phrase>
</title>
<node>
<test1>
<hint>
<ptxt>
<phrase category="" id="KC07706358" phrase-urn="urn:x-nevis:phrase:0800c8af81baae1e">After carrying #@#@#50#died.</phrase>
</ptxt>
</hint>
<diaglist>
<dgraphic>
<dgraphic1>
<graphic id="KC07706359">
<href>0900c8af80054d5#@#@#9#.jpeg</href>
</graphic>
</dgraphic1>
<dgraphic2>
<graphic id="KC07706360">
<href>0900c8af80054d7#@#@#9#.jpeg</href>
</graphic>
</dgraphic2>
</dgraphic>
<ditem>
<ptxt>
<phrase category="" id="KC07706361" phrase-urn="urn:x-nevis:phrase:0800c8af81baae1f">Ignition off</phrase>
</ptxt>
</ditem>
<ditem>
<ptxt>
<phrase category="" id="KC07706362" phrase-urn="urn:x-nevis:phrase:0800c8af81baae20">Reconnect conne#@#@#22#nents</phrase>
</ptxt>
</ditem>
<ditem>
<ptxt>
<phrase category="" id="KC07706363" phrase-urn="urn:x-nevis:phrase:0800c8af81baae21">Ignition on.</phrase>
</ptxt>
</ditem>
</diaglist>
<test2>
<para>
<ptxt>
<phrase category="" id="KC07706364" phrase-urn="urn:x-nevis:phrase:0800c8af81baae22">Read off thrott#@#@#27#tage.</phrase>
</ptxt>
</para>
<para>
<ptxt>
<phrase category="" id="KC07706365" phrase-urn="urn:x-nevis:phrase:0800c8af81baae23">The value of TH#@#@#135#tion.</phrase>
</ptxt>
</para>
<para>
<ptxt>
<phrase category="" id="KC07706366" phrase-urn="urn:x-nevis:phrase:0800c8af81baae24">The value of TH#@#@#123#OFF. </phrase>
</ptxt>
</para>
<diaglist>
<dgraphic>
<dgraphic2>
<graphic id="KC07706367">
<href>0900c8af8005433#@#@#9#.jpeg</href>
</graphic>
<smarttool active="press" id="KC07706368" toolname="EF13A516"/>
</dgraphic2>
</dgraphic>
<ditem>
<ditemtext>
<ptxt>
<phrase category="" id="KC07706369" phrase-urn="urn:x-nevis:phrase:0800c8af81baae25"/>
</ptxt>
</ditemtext>
</ditem>
<ditem>
<ditemtext>
<ptxt>
<phrase category="" id="KC07706370" phrase-urn="urn:x-nevis:phrase:0800c8af81baae26"/>
</ptxt>
</ditemtext>
</ditem>
</diaglist>
</test2>
</test1>
<question>Are these values OK?</question>
<resact-grp>
<result button="yes" comp="button" highlight="0"/>
<action j2008use="1" paperuse="1" screenuse="1">
<return value="VERIFIED"/>
</action>
</resact-grp>
<resact-grp>
<result button="no" comp="button" highlight="0"/>
<action j2008use="1" paperuse="0" screenuse="1">
<return value="VERIFICATION FAILED"/>
</action>
<action j2008use="0" paperuse="1" screenuse="0">
<return value="PAPER"/>
</action>
</resact-grp>
</node>
</testgrp>
</diagnostic>