<?xml version="1.0" encoding="UTF-8"?><servinfosub IE-ID="en-US0900c8af80132807" docno="VCC-130346" id="KC01183320" xml:lang="en-US">
<title>
<phrase category="" id="KC09394508" phrase-urn="urn:x-nevis:phrase:0800c8af826f8b4a">Signal missing.#@#@#11#fault</phrase>
</title>
<diagnostic type="test">
<testgrp IE-ID="en-US0900c8af80132807_KC01183321" id="KC01183321" j2008use="1" paperuse="1" resumable="1" screenuse="1" testgrp-id="start" x="120" y="80">
<title>
<phrase category="" id="KC09394509" phrase-urn="urn:x-nevis:phrase:0800c8af826f8b4b">Checking the wi#@#@#13#onent</phrase>
</title>
<node>
<hint>
<ptxt>
<phrase category="" id="KC09394510" phrase-urn="urn:x-nevis:phrase:0800c8af826f8b4c"> The antenna ca#@#@#72#post.</phrase>
</ptxt>
</hint>
<test1>
<diaglist>
<dgraphic>
<dgraphic1>
<graphic id="KC09394511">
<href>0900c8af80054d4#@#@#9#.jpeg</href>
</graphic>
</dgraphic1>
</dgraphic>
<ditem>
<ptxt>
<phrase category="" id="KC09394512" phrase-urn="urn:x-nevis:phrase:0800c8af826f8b4d">Ignition off.</phrase>
</ptxt>
</ditem>
</diaglist>
<test2>
<para>
<ptxt>
<phrase category="" id="KC09394513" phrase-urn="urn:x-nevis:phrase:0800c8af826f8b4e">Check the anten#@#@#145#g to <xref>
<ref id="KC09394514"/>
</xref>. </phrase>
</ptxt>
</para>
<para>
<ptxt>
<phrase category="" id="KC09394515" phrase-urn="urn:x-nevis:phrase:0800c8af826f8b4f">Try replacing t#@#@#48#able.</phrase>
</ptxt>
</para>
<para>
<ptxt>
<phrase category="" id="KC09394516" phrase-urn="urn:x-nevis:phrase:0800c8af826f8b50">Remedy as necessary.</phrase>
</ptxt>
</para>
<list1 enumtype="d" type="unordered">
<title>
<phrase category="" id="KC09394517" phrase-urn="urn:x-nevis:phrase:0800c8af826f8b51">Other information:</phrase>
</title>
<item>
<ptxt>
<phrase category="" id="KC09394518" phrase-urn="urn:x-nevis:phrase:0800c8af826f8b52">The GPS antenna#@#@#44# 60 Ω</phrase>
</ptxt>
</item>
<item>
<ptxt>
<phrase category="" id="KC09394519" phrase-urn="urn:x-nevis:phrase:0800c8af826f8b54">The resistance #@#@#187#round</phrase>
</ptxt>
</item>
<item>
<ptxt>
<phrase category="" id="KC09394520" phrase-urn="urn:x-nevis:phrase:0800c8af826f8b55">To access or re#@#@#26# see <xref>
<ref id="KC09394521"/>
</xref>
</phrase>
</ptxt>
</item>
<item>
<ptxt>
<phrase category="" id="KC09394522" phrase-urn="urn:x-nevis:phrase:0800c8af826f8b56">To access and r#@#@#19# see <xref>
<ref id="KC09394523"/>
</xref>
</phrase>
</ptxt>
</item>
<item>
<ptxt>
<phrase category="" id="KC09394524" phrase-urn="urn:x-nevis:phrase:0800c8af826f8b57">For information#@#@#30# see <xref>
<ref id="KC09394525"/>
</xref>.</phrase>
</ptxt>
</item>
</list1>
<diaglist>
<dgraphic>
<dgraphic1>
<graphic id="KC09394526">
<href>0900c8af8005b27#@#@#9#.jpeg</href>
</graphic>
</dgraphic1>
<dgraphic2>
<graphic id="KC09394527">
<href>0900c8af80054d4#@#@#9#.jpeg</href>
</graphic>
<smarttool active="press" id="KC09394528" toolname="ODAH"/>
</dgraphic2>
</dgraphic>
<ditem>
<ditemtext>
<ptxt>
<phrase category="" id="KC09394529" phrase-urn="urn:x-nevis:phrase:0800c8af826f8b59"/>
</ptxt>
</ditemtext>
</ditem>
</diaglist>
<grate>
<graphic id="KC09394530">
<href>0900c8af8005b28#@#@#9#.jpeg</href>
</graphic>
</grate>
</test2>
</test1>
<question>
Select "Contin#@#@#34#ed. 
</question>
<resact-grp>
<result button="cont" comp="button" highlight="0"/>
<action j2008use="1" paperuse="1" screenuse="1">
<ptxt>
<xref>
<ref id="KC09394532"/>
</xref>
</ptxt>
</action>
</resact-grp>
</node>
</testgrp>
<testgrp id="KC01183322" j2008use="1" paperuse="1" resumable="1" screenuse="1" testgrp-id="verifnode" x="120" y="240">
<title>
<phrase category="" id="KC09394533" phrase-urn="urn:x-nevis:phrase:0800c8af826f8b5b">Verification</phrase>
</title>
<subcalloutnode>
<diagcallout>
<xref>
<ref id="KC09394534"/>
</xref>
</diagcallout>
<rescall-grp>
<result comp="string" highlight="0" op="eq" return="VERIFIED"/>
<calloutaction>
<return value="FAULT FOUND"/>
</calloutaction>
</rescall-grp>
<rescall-grp>
<result comp="string" highlight="0" op="eq" return="VERIFICATION FAILED"/>
<calloutaction>
<ptxt>
<xref>
<ref id="KC09394535"/>
</xref>
</ptxt>
</calloutaction>
</rescall-grp>
</subcalloutnode>
</testgrp>
<testgrp id="KC01183323" j2008use="1" paperuse="1" resumable="1" screenuse="1" testgrp-id="info1" x="120" y="320">
<title>
<phrase category="" id="KC09394536" phrase-urn="urn:x-nevis:phrase:0800c8af826f8b5c">Fault-tracing i#@#@#5#ation</phrase>
</title>
<subcalloutnode>
<diagcallout>
<xref>
<ref id="KC09394537"/>
</xref>
</diagcallout>
<rescall-grp>
<result comp="string" highlight="0" op="eq" return="FAULTTRACING FAILED"/>
<calloutaction>
<return value="FAULTTRACING FAILED"/>
</calloutaction>
</rescall-grp>
<rescall-grp>
<result comp="string" highlight="0" op="eq" return="NEW TRY"/>
<calloutaction>
<ptxt>
<xref>
<ref id="KC09394538"/>
</xref>
</ptxt>
</calloutaction>
</rescall-grp>
</subcalloutnode>
</testgrp>
</diagnostic>
</servinfosub>