<?xml version="1.0" encoding="UTF-8"?><servinfosub IE-ID="en-US0900c8af8014a61d" docno="VCC-145739" id="KC01149366" servinfosubId="nev20682399n1-nev20682399n2" servinfosubRes="0900c8af862b8ad5" servinfosubRes2="urn:x-nevis:fragment:0900c8af8014a61d:0900c8af862b8ad5#nev20682399n2" xml:lang="en-US">
<title>Location of com#@#@#22#tment</title>
<topic>
<title/>
<grate pgwide="1">
<graphic id="nev20682399n1-KC05130341" width="page">
<href>0900c8af8005aec#@#@#9#.jpeg</href>
</graphic>
<graphtext>
<para>
<ptxt>Not all the fol#@#@#82#ypes.</ptxt>
</para>
<table frame="all" pgwide="1">
<tgroup cols="3" colsep="1" rowsep="1">
<colspec colwidth="35*"/>
<colspec colname="col2" colwidth="123*"/>
<colspec colname="col3" colwidth="174*"/>
<thead>
<row>
<entry/>
<entry align="justify" colname="col2" valign="top">
<ptxt>Component</ptxt>
</entry>
<entry align="justify" valign="top">
<ptxt>Remarks</ptxt>
</entry>
</row>
</thead>
<tbody>
<row>
<entry align="justify" valign="top">
<ptxt>1</ptxt>
</entry>
<entry align="justify" valign="top">
<ptxt>Engine coolant #@#@#19#ensor</ptxt>
</entry>
<entry align="justify" valign="top"/>
</row>
<row>
<entry align="justify" valign="top">
<ptxt>2</ptxt>
</entry>
<entry align="justify" valign="top">
<ptxt>Ground terminal</ptxt>
</entry>
<entry align="justify" valign="top"/>
</row>
<row>
<entry align="justify" valign="top">
<ptxt>3</ptxt>
</entry>
<entry align="justify" valign="top">
<ptxt>Coolant level sensor</ptxt>
</entry>
<entry align="justify" valign="top"/>
</row>
<row>
<entry align="justify" valign="top">
<ptxt>4</ptxt>
</entry>
<entry align="justify" valign="top">
<ptxt>Reset valve, ca#@#@#2#haft </ptxt>
</entry>
<entry align="justify" valign="top">
<ptxt>Exhaust and int#@#@#9#afts.</ptxt>
</entry>
</row>
<row>
<entry align="justify" valign="top">
<ptxt>5</ptxt>
</entry>
<entry align="justify" valign="top">
<ptxt>Turbocharger (T#@#@#11#valve</ptxt>
</entry>
<entry align="justify" valign="top">
<ptxt>Only turbocharg#@#@#10#gines</ptxt>
</entry>
</row>
<row>
<entry align="justify" valign="top">
<ptxt>6</ptxt>
</entry>
<entry align="justify" valign="top">
<ptxt>Camshaft sensor</ptxt>
</entry>
<entry align="justify" valign="top">
<ptxt>Exhaust and int#@#@#9#afts.</ptxt>
</entry>
</row>
<row>
<entry align="justify" valign="top">
<ptxt>7</ptxt>
</entry>
<entry align="justify" valign="top">
<ptxt>Brake pedal sensor</ptxt>
</entry>
<entry align="justify" valign="top"/>
</row>
<row>
<entry align="justify" valign="top">
<ptxt>8</ptxt>
</entry>
<entry align="justify" valign="top">
<ptxt>Engine speed (R#@#@#5#ensor</ptxt>
</entry>
<entry align="justify" valign="top"/>
</row>
<row>
<entry align="justify" valign="top">
<ptxt>9</ptxt>
</entry>
<entry align="justify" valign="top">
<ptxt>Outer temperatu#@#@#4#ensor</ptxt>
</entry>
<entry align="justify" valign="top"/>
</row>
<row>
<entry align="justify" valign="top">
<ptxt>10</ptxt>
</entry>
<entry align="justify" valign="top">
<ptxt>Power supply te#@#@#1#minal</ptxt>
</entry>
<entry align="justify" valign="top"/>
</row>
<row>
<entry align="justify" valign="top">
<ptxt>11</ptxt>
</entry>
<entry align="justify" valign="top">
<ptxt>Fusebox</ptxt>
</entry>
<entry align="justify" valign="top"/>
</row>
<row>
<entry align="justify" valign="top">
<ptxt>12</ptxt>
</entry>
<entry align="justify" valign="top">
<ptxt>Relay box</ptxt>
</entry>
<entry align="justify" valign="top"/>
</row>
<row>
<entry align="justify" valign="top">
<ptxt>13</ptxt>
</entry>
<entry align="justify" valign="top">
<ptxt>Mass air flow (#@#@#6#ensor</ptxt>
</entry>
<entry align="justify" valign="top"/>
</row>
<row>
<entry align="justify" valign="top">
<ptxt>14</ptxt>
</entry>
<entry align="justify" valign="top">
<ptxt>Ignition coil</ptxt>
</entry>
<entry align="justify" valign="top"/>
</row>
<row>
<entry align="justify" valign="top">
<ptxt>15</ptxt>
</entry>
<entry align="justify" valign="top">
<ptxt>Canister purge #@#@#5#valve</ptxt>
</entry>
<entry align="justify" valign="top"/>
</row>
<row>
<entry align="justify" valign="top">
<ptxt>16</ptxt>
</entry>
<entry align="justify" valign="top">
<ptxt>Boost pressure #@#@#1#ensor</ptxt>
</entry>
<entry align="justify" valign="top">
<ptxt>The intake air #@#@#63#nsor </ptxt>
</entry>
</row>
<row>
<entry align="left" valign="top">
<ptxt>17</ptxt>
</entry>
<entry align="justify" valign="top">
<ptxt>Fuel pressure sensor</ptxt>
</entry>
<entry align="justify" valign="top">
<ptxt>The fuel temper#@#@#50#nsor </ptxt>
</entry>
</row>
<row>
<entry align="justify" valign="top">
<ptxt>18</ptxt>
</entry>
<entry align="justify" valign="top">
<ptxt>Injector</ptxt>
</entry>
<entry align="justify" valign="top"/>
</row>
<row>
<entry align="justify" valign="top">
<ptxt>19</ptxt>
</entry>
<entry align="justify" valign="top">
<ptxt>Oil level sensor</ptxt>
</entry>
<entry align="justify" valign="top">
<ptxt>Located in the #@#@#5#rough</ptxt>
</entry>
</row>
<row>
<entry align="justify" valign="top">
<ptxt>20</ptxt>
</entry>
<entry align="justify" valign="top">
<ptxt>Engine cooling #@#@#18#odule</ptxt>
</entry>
<entry align="justify" valign="top"/>
</row>
<row>
<entry align="justify" valign="top">
<ptxt>21</ptxt>
</entry>
<entry align="justify" valign="top">
<ptxt>Throttle unit</ptxt>
</entry>
<entry align="justify" valign="top">
<ptxt>Also includes t#@#@#28#nsor </ptxt>
</entry>
</row>
<row>
<entry align="justify" valign="top">
<ptxt>22</ptxt>
</entry>
<entry align="justify" valign="top">
<ptxt>A/C pressure sensor</ptxt>
</entry>
<entry align="justify" valign="top"/>
</row>
<row>
<entry align="justify" valign="top">
<ptxt>23</ptxt>
</entry>
<entry align="justify" valign="top">
<ptxt>Knock sensor (KS)</ptxt>
</entry>
<entry align="justify" valign="top"/>
</row>
<row>
<entry align="justify" valign="top">
<ptxt>24</ptxt>
</entry>
<entry align="justify" valign="top">
<ptxt>Engine control unit</ptxt>
</entry>
<entry align="justify" valign="top"/>
</row>
<row>
<entry align="justify" valign="top">
<ptxt>25</ptxt>
</entry>
<entry align="justify" valign="top">
<ptxt>Engine cooling #@#@#19#dules</ptxt>
</entry>
<entry align="justify" valign="top"/>
</row>
</tbody>
</tgroup>
</table>
</graphtext>
</grate>
</topic>
</servinfosub>