<?xml version="1.0" encoding="UTF-8"?><servinfosub IE-ID="en-US0900c8af844d761d" docno="VCC-371054" id="nev13717820n1" original="sv-SE" servinfosubId="nev13717821n1-nev13717820n4" servinfosubRes="0900c8af844d7633" servinfosubRes2="urn:x-nevis:fragment:0900c8af844d761d:0900c8af844d7633#nev13717820n4" xml:lang="en-US">
<operationnumbers>
<operationnumber>8416-5</operationnumber>
</operationnumbers>
<title id="nev13717815n71">Emblem radiator#@#@#3#sking</title>
<imagedisclaimer id="nev13717821n1-nev13717815n74"/>
<procedure id="nev13717821n1-nev13717815n75">
<stepgrp boilerplate="true" context="removal" id="nev13717821n1-nev13717815n76">
<note id="nev13717821n1-nev13717815n77">
<ptxt id="nev13717821n1-nev13717815n78">Removal steps i#@#@#45#ails.</ptxt>
</note>
<procstep id="nev13717821n1-nev13717815n79">
<title id="nev13717821n1-nev13717815n80"/>
<para id="nev13717821n1-nev13717815n81">
<ptxt id="nev13717821n1-nev13717815n82">Remove the bumper. <xref boilerplate="true" id="nev13717821n1-nev13717815n83">
<ref id="nev13717821n1-nev13717815n84"/>
</xref>
</ptxt>
</para>
</procstep>
<procstep id="nev13717821n1-nev13717815n85">
<title id="nev13717821n1-nev13717815n86"/>
<grate id="nev13717821n1-nev13717815n87">
<graphic id="nev13717821n1-nev13717815n88">
<href>0900c8af842c161#@#@#9#.jpeg</href>
</graphic>
</grate>
</procstep>
<procstep id="nev13717821n1-nev13717815n89">
<title id="nev13717821n1-nev13717815n90"/>
<grate id="nev13717821n1-nev13717815n91">
<graphic id="nev13717821n1-nev13717815n92">
<href>0900c8af842c161#@#@#9#.jpeg</href>
</graphic>
</grate>
</procstep>
</stepgrp>
<stepgrp boilerplate="true" context="installation" id="nev13717821n1-nev13717815n93">
<procstep id="nev13717821n1-nev13717815n94">
<title id="nev13717821n1-nev13717815n95"/>
<para id="nev13717821n1-nev13717815n96">
<ptxt id="nev13717821n1-nev13717815n97">To install, rev#@#@#22#dure.</ptxt>
</para>
</procstep>
</stepgrp>
</procedure>
</servinfosub>