<?xml version="1.0" encoding="UTF-8"?><servinfosub IE-ID="en-US0900c8af8053661d" docno="VCC-135063" id="KC01631214" servinfosubId="nev20684953n1-nev20684953n2" servinfosubRes="0900c8af862c1a1d" servinfosubRes2="urn:x-nevis:fragment:0900c8af8053661d:0900c8af862c1a1d#nev20684953n2" xml:lang="en-US">
<title>Description of #@#@#5#eters</title>
<procedure>
<stepgrp id="nev20684953n1-KC01648333">
<title>Overview</title>
<procstep id="nev20684953n1-KC01648334">
<title>Driver's seat b#@#@#7#tened</title>
<para>
<ptxt>Reads off wheth#@#@#58#alse.</ptxt>
</para>
</procstep>
<procstep id="nev20684953n1-KC01648335">
<title>Front passenger#@#@#15#ened </title>
<para>
<ptxt>Reads off wheth#@#@#67#alse.</ptxt>
</para>
</procstep>
<procstep>
<title>Driver's seat b#@#@#23#ction</title>
<para>
<ptxt>Reads off wheth#@#@#80#False</ptxt>
</para>
</procstep>
<procstep id="nev20684953n1-KC01648336">
<title>Front passenger#@#@#30#ction</title>
<para>
<ptxt>Reads off wheth#@#@#81#False</ptxt>
</para>
</procstep>
<procstep id="nev20684953n1-KC01648337">
<title>Status of the l#@#@#20#ensor</title>
<para>
<ptxt>Reads off the s#@#@#100#ined.</ptxt>
</para>
</procstep>
<procstep id="nev20684953n1-KC01648338">
<title>Status of the r#@#@#21#ensor</title>
<para>
<ptxt>Reads off the s#@#@#100#ined.</ptxt>
</para>
</procstep>
<procstep id="nev20684953n1-KC01648339">
<title>The status of t#@#@#30#witch</title>
<para>
<ptxt>Reads off the s#@#@#108#ted. </ptxt>
</para>
</procstep>
<procstep id="nev20684953n1-KC01648340">
<title>Driver's seat b#@#@#13#rrent</title>
<para>
<ptxt>Reads off the c#@#@#66#n mA.</ptxt>
</para>
</procstep>
<procstep id="nev20684953n1-KC01648341">
<title>The front passe#@#@#16#uckle</title>
<para>
<ptxt>Reads off the c#@#@#73#n mA.</ptxt>
</para>
</procstep>
</stepgrp>
</procedure>
</servinfosub>