<?xml version="1.0" encoding="UTF-8"?><diagnostic IE-ID="en-US0900c8af85f0961d" docno="VCC-464878" id="nev19518447n1" j2008use="1" layout="0" paperuse="1" screenuse="1" type="test" xml:lang="en-US">
<title>
<phrase category="" id="nev19518447n2" phrase-urn="urn:x-nevis:phrase:0800c8af82725fe9">Verification</phrase>
</title>
<testgrp IE-ID="en-US0900c8af85f0961d_nev19518447n3" id="nev19518447n3" j2008use="1" paperuse="1" resumable="1" screenuse="1" testgrp-id="part1" x="120" y="100">
<title>
<phrase category="" id="nev19518447n4" phrase-urn="urn:x-nevis:phrase:0800c8af82725fea">Verification, part 1</phrase>
</title>
<node>
<test1>
<hint>
<ptxt>
<phrase category="" id="nev19518447n5" phrase-urn="urn:x-nevis:phrase:0800c8af82725fec">After carrying #@#@#50#died.</phrase>
</ptxt>
</hint>
<diaglist>
<dgraphic>
<dgraphic1>
<graphic id="nev19518447n6">
<href>0900c8af80054d3#@#@#9#.jpeg</href>
</graphic>
</dgraphic1>
<dgraphic2>
<graphic id="nev19518447n7">
<href>0900c8af80054d7#@#@#9#.jpeg</href>
</graphic>
</dgraphic2>
</dgraphic>
<ditem>
<ptxt>
<phrase category="" id="nev19518447n8" phrase-urn="urn:x-nevis:phrase:0800c8af82725fed">Verification co#@#@#100#ad.  </phrase>
</ptxt>
<ptxt>
<phrase category="" id="nev19518447n9" phrase-urn="urn:x-nevis:phrase:0800c8af82725fee">If the function#@#@#13#d as <emph>incorrect</emph> in part 1, the#@#@#9#does <emph>not</emph> need to be car#@#@#232#ment.</phrase>
</ptxt>
</ditem>
<ditem>
<ptxt>
<phrase category="" id="nev19518447n10" phrase-urn="urn:x-nevis:phrase:0800c8af82725fef">Ignition off</phrase>
</ptxt>
</ditem>
<ditem>
<ptxt>
<phrase category="" id="nev19518448n1" phrase-urn="urn:x-nevis:phrase:0800c8af82725ff0">Reconnect the c#@#@#22# etc.</phrase>
</ptxt>
</ditem>
<ditem>
<ptxt>
<phrase category="" id="nev19518448n2" phrase-urn="urn:x-nevis:phrase:0800c8af82725ff1">Start and run t#@#@#30#ture.</phrase>
</ptxt>
</ditem>
<ditem>
<ptxt>
<phrase category="" id="nev19518448n3" phrase-urn="urn:x-nevis:phrase:0800c8af82725ff2">Read off the sh#@#@#88#ion. </phrase>
</ptxt>
</ditem>
</diaglist>
<test2>
<para>
<ptxt>
<phrase category="" id="nev19518448n4" phrase-urn="urn:x-nevis:phrase:0800c8af82725ff3">Check that the #@#@#215#play.</phrase>
</ptxt>
</para>
<diaglist>
<dgraphic>
<dgraphic2>
<graphic id="nev19518448n5">
<href>0900c8af86c8681#@#@#9#.jpeg</href>
</graphic>
<smarttool active="press" id="l1362395769478"/>
</dgraphic2>
</dgraphic>
</diaglist>
</test2>
</test1>
<question>
Is the functio#@#@#1# OK?
</question>
<resact-grp>
<result button="yes" comp="button" highlight="0"/>
<action j2008use="1" paperuse="1" screenuse="1">
<ptxt>
<xref>
<ref id="nev19518448n9"/>
</xref>
</ptxt>
</action>
</resact-grp>
<resact-grp>
<result button="no" comp="button" highlight="0"/>
<action j2008use="1" paperuse="1" screenuse="1">
<return value="VERIFICATION FAILED"/>
</action>
</resact-grp>
</node>
</testgrp>
<testgrp id="nev19518448n10" j2008use="1" paperuse="1" resumable="1" screenuse="1" testgrp-id="part2" x="120" y="180">
<title>
<phrase category="" id="nev19518449n1" phrase-urn="urn:x-nevis:phrase:0800c8af82725ff6">Verification, part 2</phrase>
</title>
<node>
<test1>
<diaglist>
<dgraphic>
<dgraphic1>
<graphic id="nev19518449n2">
<href>0900c8af80054d3#@#@#9#.jpeg</href>
</graphic>
</dgraphic1>
</dgraphic>
<ditem>
<ptxt>
<phrase category="" id="nev19518449n3" phrase-urn="urn:x-nevis:phrase:0800c8af82725ff7">Test drive the #@#@#181#tics.</phrase>
</ptxt>
</ditem>
<ditem>
<ptxt>
<phrase category="" id="nev19518449n4" phrase-urn="urn:x-nevis:phrase:0800c8af82725ff8">Connect VCT2000#@#@#23#ctor <emph>without switchi#@#@#13#gine.</emph>
</phrase>
</ptxt>
</ditem>
<ditem>
<ptxt>
<phrase category="" id="nev19518449n5" phrase-urn="urn:x-nevis:phrase:0800c8af82725ff9">Read the diagno#@#@#109#list.</phrase>
</ptxt>
</ditem>
</diaglist>
<test2>
<note>
<ptxt>
<phrase category="" id="nev19518449n6" phrase-urn="urn:x-nevis:phrase:0800c8af82725ffa">If the engine i#@#@#94#ated.</phrase>
</ptxt>
</note>
<para>
<ptxt>
<phrase category="" id="nev19518449n7" phrase-urn="urn:x-nevis:phrase:0800c8af82725ffb">Check the fault#@#@#169#nted.</phrase>
</ptxt>
</para>
<diaglist>
<dgraphic>
<dgraphic2>
<graphic id="nev19518449n8">
<href>0900c8af86c8681#@#@#9#.jpeg</href>
</graphic>
<smarttool active="press" id="l1362395790928"/>
</dgraphic2>
</dgraphic>
</diaglist>
</test2>
</test1>
<question>
Is the functio#@#@#1# OK?
</question>
<resact-grp>
<result button="yes" comp="button" highlight="0"/>
<action j2008use="1" paperuse="1" screenuse="1">
<return value="VERIFIED"/>
</action>
</resact-grp>
<resact-grp>
<result button="no" comp="button" highlight="0"/>
<action j2008use="1" paperuse="1" screenuse="1">
<return value="VERIFICATION FAILED"/>
</action>
</resact-grp>
</node>
</testgrp>
</diagnostic>