<?xml version="1.0" encoding="UTF-8"?><servinfosub IE-ID="en-US0900c8af88034611" docno="VCC-371228" id="nev13718725n1" original="sv-SE" servinfosubId="nev13718726n1-nev13718733n1" servinfosubRes="0900c8af88034662" servinfosubRes2="urn:x-nevis:fragment:0900c8af88034611:0900c8af88034662#nev13718733n1" xml:lang="en-US">
<operationnumbers>
<operationnumber>87402-2</operationnumber>
</operationnumbers>
<title id="nev13718724n79">Evaporator</title>
<procedure id="nev13718726n1-nev13718732n22">
<stepgrp boilerplate="false" context="" id="nev13718726n1-nev29268366n5">
<title id="nev13718726n1-0800c8af844a46f6">Removal</title>
<procstep id="nev13718726n1-nev18464729n88">
<para id="nev13718726n1-nev29268366n3">
<ptxt id="nev13718726n1-nev29268366n4">Drain the refri#@#@#1#erant<xref boilerplate="true" id="nev13718726n1-0800c8af84530c38">
<ref id="nev13718726n1-nev18464729n85"/>
</xref>
</ptxt>
</para>
</procstep>
<procstep id="nev13718726n1-nev13718735n46">
<para id="nev13718726n1-nev29268366n1">
<ptxt id="nev13718726n1-nev29268366n2">Remove the expa#@#@#6#valve<xref boilerplate="true" id="nev13718726n1-0800c8af84563d56">
<ref id="nev13718726n1-nev18459904n92"/>
</xref>
</ptxt>
</para>
</procstep>
<procstep id="nev13718726n1-nev18460295n90">
<list1 boilerplate="true" context="remove" enumtype="b" id="nev13718726n1-nev18461437n67" type="unordered">
<item id="nev13718726n1-nev29268482n100">
<ptxt id="nev13718726n1-nev29268482n99">Pollen filter c#@#@#16#ystem<xref boilerplate="true" id="nev13718726n1-0800c8af85aff87e">
<ref id="nev13718726n1-nev18461437n59"/>
</xref>
</ptxt>
</item>
<item id="nev13718726n1-nev29268482n98">
<ptxt id="nev13718726n1-nev29268482n97">Control module #@#@#26#tment<xref boilerplate="true" id="nev13718726n1-0800c8af853f236c">
<ref id="nev13718726n1-nev18461437n51"/>
</xref>
</ptxt>
</item>
</list1>
</procstep>
<procstep id="nev13718726n1-nev29268482n96">
<grate id="nev13718726n1-nev29268482n94">
<graphic id="nev13718726n1-nev29268482n95">
<href>0900c8af8369cf7#@#@#9#.jpeg</href>
</graphic>
<graphtext id="nev13718726n1-nev29268499n1">
<para id="nev13718726n1-nev29268482n92">
<ptxt id="nev13718726n1-nev29268482n93">Release the locks.</ptxt>
</para>
<para id="nev13718726n1-nev29268482n90">
<ptxt id="nev13718726n1-nev29268482n91">Remove the mark#@#@#3#part.</ptxt>
</para>
</graphtext>
</grate>
</procstep>
<procstep id="nev13718726n1-nev13718735n71">
<grate id="nev13718726n1-nev29268482n88">
<graphic id="nev13718726n1-nev29268482n89">
<href>0900c8af8337d8a#@#@#9#.jpeg</href>
</graphic>
<graphtext id="nev13718726n1-nev29268503n1">
<para id="nev13718726n1-nev29268482n86">
<ptxt id="nev13718726n1-nev29268482n87">Remove the screws.</ptxt>
</para>
<para id="nev13718726n1-nev29268482n84">
<ptxt id="nev13718726n1-nev29268482n85">Remove the mark#@#@#3#part.</ptxt>
</para>
</graphtext>
</grate>
</procstep>
<procstep id="nev13718726n1-nev13718735n75">
<grate id="nev13718726n1-nev29268482n82">
<graphic id="nev13718726n1-nev29268482n83">
<href>0900c8af8337d8d#@#@#9#.jpeg</href>
</graphic>
<graphtext id="nev13718726n1-nev29268507n1">
<note id="nev13718726n1-0800c8af844a42ea">
<ptxt>Note the positi#@#@#30#oval.</ptxt>
</note>
</graphtext>
</grate>
</procstep>
<procstep id="nev13718726n1-nev18459904n70">
<grate id="nev13718726n1-nev29268482n80">
<graphic id="nev13718726n1-nev29268482n81">
<href>0900c8af85aff8b#@#@#9#.jpeg</href>
</graphic>
<graphtext id="nev13718726n1-nev29268511n1">
<warning id="nev13718726n1-0800c8af844a4837">
<ptxt>Be prepared to #@#@#18#luid.</ptxt>
</warning>
</graphtext>
</grate>
</procstep>
</stepgrp>
<stepgrp boilerplate="false" context="" id="nev13718726n1-nev29268482n79">
<title id="nev13718726n1-0800c8af844a46f9">Installation</title>
<procstep id="nev13718726n1-nev13718732n73">
<grate id="nev13718726n1-nev29268482n77">
<graphic id="nev13718726n1-nev29268482n78">
<href>0900c8af8337d8e#@#@#9#.jpeg</href>
</graphic>
<graphtext id="nev13718726n1-nev29268515n1">
<note id="nev13718726n1-0800c8af844a43a1">
<ptxt>Make sure that #@#@#47#rial.</ptxt>
</note>
<note id="nev13718726n1-0800c8af8457b4cb">
<ptxt>Use new seals.</ptxt>
</note>
<note id="nev13718726n1-0800c8af844a43c1">
<ptxt>Make sure that #@#@#25#ated.</ptxt>
</note>
<para id="nev13718726n1-nev29268482n75">
<ptxt id="nev13718726n1-nev29268482n76">Install the screws.</ptxt>
</para>
</graphtext>
</grate>
</procstep>
<procstep id="nev13718726n1-nev13718732n81">
<para id="nev13718726n1-nev29268482n73">
<ptxt id="nev13718726n1-nev29268482n74">Fit the expansi#@#@#3#valve<xref boilerplate="true" id="nev13718726n1-0800c8af84b97318">
<ref id="nev13718726n1-nev18460217n44"/>
</xref>
</ptxt>
</para>
</procstep>
<procstep id="nev13718726n1-nev13718732n87">
<grate id="nev13718726n1-nev29268482n71">
<graphic id="nev13718726n1-nev29268482n72">
<href>0900c8af8337d8a#@#@#9#.jpeg</href>
</graphic>
<graphtext id="nev13718726n1-nev29268522n1">
<para id="nev13718726n1-nev29268482n69">
<ptxt id="nev13718726n1-nev29268482n70">Install the mar#@#@#9#nent.</ptxt>
</para>
<para id="nev13718726n1-nev29268482n67">
<ptxt id="nev13718726n1-nev29268482n68">Install the screws.</ptxt>
</para>
</graphtext>
</grate>
</procstep>
<procstep id="nev13718726n1-nev13718735n21">
<list1 boilerplate="true" context="install" enumtype="b" id="nev13718726n1-nev13718735n23" type="unordered">
<item id="nev13718726n1-nev29268482n66">
<ptxt id="nev13718726n1-nev29268482n65">Pollen filter c#@#@#16#ystem<xref boilerplate="true" id="nev13718726n1-0800c8af85aff87e">
<ref id="nev13718726n1-nev18462896n42"/>
</xref>
</ptxt>
</item>
<item id="nev13718726n1-nev29268482n64">
<ptxt id="nev13718726n1-nev29268482n62">Control module #@#@#26#tment<xref boilerplate="true" id="nev13718726n1-nev29268482n63">
<ref id="nev13718726n1-nev29268482n61"/>
</xref>
</ptxt>
</item>
</list1>
</procstep>
<procstep id="nev13718726n1-nev18461437n30">
<para id="nev13718726n1-nev29268482n59">
<ptxt id="nev13718726n1-nev29268482n60">Fill refrigeran#@#@#5#lling<xref boilerplate="true" id="nev13718726n1-0800c8af848c1196">
<ref id="nev13718726n1-nev18461437n27"/>
</xref>
</ptxt>
</para>
</procstep>
<procstep id="nev13718726n1-nev13718735n14">
<para id="nev13718726n1-nev29268482n57">
<ptxt id="nev13718726n1-nev29268482n58">Perform climate#@#@#10#cking<xref boilerplate="true" id="nev13718726n1-0800c8af8479bff0">
<ref id="nev13718726n1-nev18460217n20"/>
</xref>
</ptxt>
</para>
</procstep>
</stepgrp>
</procedure>
</servinfosub>