<?xml version="1.0" encoding="UTF-8"?><servinfosub IE-ID="en-US0900c8af82c7a611" docno="VCC-266221" id="nev11039340n1" servinfosubId="nev20685144n1-nev20685144n2" servinfosubRes="0900c8af862c1ba9" servinfosubRes2="urn:x-nevis:fragment:0900c8af82c7a611:0900c8af862c1ba9#nev20685144n2" xml:lang="en-US">
<title id="nev11187970n250">Description of #@#@#24#ation</title>
<procedure id="nev20685144n1-nev11187970n248">
<hint id="nev20685144n1-nev11187970n246">
<ptxt id="nev20685144n1-nev11187970n244">All components/#@#@#140#kets.</ptxt>
</hint>
<stepgrp id="nev20685144n1-nev11187970n242">
<title id="nev20685144n1-nev11187970n240">Component/function</title>
<procstep id="nev20685144n1-nev11039340n2">
<title id="nev20685144n1-nev11187970n238">Electric feed pump</title>
<para id="nev20685144n1-nev11187970n236">
<ptxt id="nev20685144n1-nev11187970n234">The feed pump i#@#@#54#ling.</ptxt>
<ptxt id="nev20685144n1-nev11187970n232">A low humming n#@#@#53#ated.</ptxt>
<ptxt id="nev20685144n1-nev11211800n250">Note that the f#@#@#72#ates.</ptxt>
</para>
</procstep>
<procstep id="nev20685144n1-nev11039340n3">
<title id="nev20685144n1-nev11187970n230">Control valve </title>
<para id="nev20685144n1-nev11187970n228">
<ptxt id="nev20685144n1-nev11187970n226">The control val#@#@#61#noid.</ptxt>
<ptxt id="nev20685144n1-nev11187970n224">Following activ#@#@#132#ated.</ptxt>
</para>
<list1 enumtype="n" id="nev20685144n1-nev11187970n222" type="ordered">
<title id="nev20685144n1-nev11187970n220">The activation #@#@#21#ages:</title>
<item id="nev20685144n1-nev11187970n218">
<ptxt id="nev20685144n1-nev11187970n216">Min.</ptxt>
<ptxt id="nev20685144n1-nev11187970n214">Means a closed #@#@#130#axle.</ptxt>
</item>
<item id="nev20685144n1-nev11187970n212">
<ptxt id="nev20685144n1-nev11187970n210">Max.</ptxt>
<ptxt id="nev20685144n1-nev11187970n208">Means an open c#@#@#131#axle.</ptxt>
</item>
</list1>
</procstep>
</stepgrp>
</procedure>
</servinfosub>