<?xml version="1.0" encoding="UTF-8"?><servinfosub IE-ID="en-US0900c8af806a7611" docno="VCC-065046" id="KC02029443" xml:lang="en-US">
<title>Camshaft, repla#@#@#1#ement</title>
<procedure id="KC02295650">
<proctools>
<toolitem id="KC08458085"/>
<toolitem id="KC08458086"/>
<toolitem id="KC08458087"/>
<toolitem id="KC08458088"/>
<toolitem id="KC08458089"/>
<toolitem id="KC08458090"/>
<toolitem id="KC08458091"/>
<toolitem id="KC08458092"/>
<toolitem id="KC08458093"/>
<toolitem id="KC08458094"/>
</proctools>
<stepgrp id="KC02295651">
<title>Removal</title>
<procstep id="KC02295652">
<title/>
<ptxt>Remove:</ptxt>
<list1 enumtype="d" type="unordered">
<item>
<ptxt>alternator in c#@#@#21#tor.
</ptxt>
</item>
<item>
<ptxt>hose from inter#@#@#13#TIC).</ptxt>
</item>
<item>
<ptxt>hose extension #@#@#25#TIC).</ptxt>
</item>
<item>
<ptxt>power steering #@#@#13#cket.</ptxt>
</item>
<item>
<ptxt>hose for crankc#@#@#11#tion.</ptxt>
</item>
<item>
<ptxt>valve cover.</ptxt>
</item>
<item>
<ptxt>front and rear #@#@#14#vers.</ptxt>
</item>
</list1>
</procstep>
<procstep id="KC02295653">
<title>Turning engine</title>
<grate>
<graphic id="KC08458095" width="column">
<href>0900c8af8012b42#@#@#9#.jpeg</href>
</graphic>
<graphtext>
<ptxt>Turn engine unt#@#@#28#ion.
</ptxt>
<ptxt>Always use the #@#@#68#ench <toolitem id="KC08458096"/>.</ptxt>
<ptxt>Both cylinder 1#@#@#32#ards.</ptxt>
<ptxt>Flywheel at 'O'.</ptxt>
</graphtext>
</grate>
</procstep>
<procstep id="KC02295654">
<title>Removing belt f#@#@#16#ocket</title>
<grate>
<graphic id="KC08458097" width="column">
<href>0900c8af806a762#@#@#9#.jpeg</href>
</graphic>
<graphtext>
<ptxt>Unscrew expansi#@#@#51#stem.</ptxt>
<ptxt>Slacken coolant#@#@#35#oner.</ptxt>
<ptxt>Tighten two low#@#@#50#lant.</ptxt>
<ptxt>Remove belt fro#@#@#15#cket.</ptxt>
</graphtext>
</grate>
</procstep>
<procstep id="KC02295655">
<title>Removing camsha#@#@#12#ocket</title>
<grate>
<graphic id="KC08458098" width="column">
<href>0900c8af806a755#@#@#9#.jpeg</href>
</graphic>
<graphtext>
<ptxt>Use <toolitem id="KC08458099"/> to hold sprock#@#@#32#lt. 
</ptxt>
<note>
<ptxt>Make sure that #@#@#20#tate.</ptxt>
</note>
<ptxt>Tap sprocket to#@#@#18#haft.</ptxt>
</graphtext>
</grate>
</procstep>
<procstep id="KC02295656">
<title>Detaching belt #@#@#20# head</title>
<grate>
<graphic id="KC08458100" width="column">
<href>0900c8af806a755#@#@#9#.jpeg</href>
</graphic>
<graphtext>
<ptxt>Remove two uppe#@#@#14#lts.
</ptxt>
<ptxt>Bend out shield#@#@#68#bolt.</ptxt>
<ptxt>Keep shield in #@#@#31#wood.</ptxt>
</graphtext>
</grate>
</procstep>
<procstep id="KC02295657">
<title>Removing pump belt</title>
<grate>
<graphic id="KC08458101" width="column">
<href>0900c8af8012b42#@#@#9#.jpeg</href>
</graphic>
<graphtext>
<ptxt>Slacken mountin#@#@#54#sion.</ptxt>
<ptxt>Tighten one bol#@#@#36#tion.</ptxt>
<ptxt>Lift off belt.</ptxt>
</graphtext>
</grate>
</procstep>
<procstep id="KC02295658">
<title>Removing camsha#@#@#11#ocket</title>
<grate>
<graphic id="KC08458102" width="column">
<href>0900c8af8005d82#@#@#9#.jpeg</href>
</graphic>
<graphtext>
<ptxt>Remove camshaft#@#@#10#cket.</ptxt>
<ptxt>Hold sprocket i#@#@#11#with <toolitem id="KC08458103"/> and unscrew sp#@#@#14#ench <toolitem id="KC08458104"/>.</ptxt>
<note>
<ptxt>Take care not t#@#@#13#haft.</ptxt>
</note>
</graphtext>
</grate>
</procstep>
<procstep id="KC02295659">
<title>Removing vacuum#@#@#17#unger</title>
<grate>
<graphic id="KC08458105" width="column">
<href>0900c8af806a762#@#@#9#.jpeg</href>
</graphic>
<graphtext>
<ptxt>Remove pump ret#@#@#35#arch.</ptxt>
<ptxt>Withdraw plunge#@#@#16#head.</ptxt>
</graphtext>
</grate>
</procstep>
<procstep id="KC02295660">
<title>Removing camsha#@#@#10# caps</title>
<grate>
<graphic id="KC08458106" width="column">
<href>0900c8af806a762#@#@#9#.jpeg</href>
</graphic>
<graphtext>
<ptxt>Remove camshaft#@#@#17#nd
4.</ptxt>
</graphtext>
</grate>
</procstep>
<procstep id="KC02295661">
<title>Removing camsha#@#@#10# caps</title>
<grate>
<graphic id="KC08458107" width="column">
<href>0900c8af806a762#@#@#9#.jpeg</href>
</graphic>
<graphtext>
<ptxt>Remove camshaft#@#@#17#nd
3.</ptxt>
<ptxt>Slacken nuts cr#@#@#44#haft.</ptxt>
<ptxt>Lift away camsh#@#@#20#eals.</ptxt>
</graphtext>
</grate>
</procstep>
</stepgrp>
<stepgrp id="KC02295662">
<title>Installing</title>
<procstep id="KC02295663">
<title>Placing camshaf#@#@#13# head</title>
<grate>
<graphic id="KC08458108" width="column">
<href>0900c8af806a762#@#@#9#.jpeg</href>
</graphic>
<graphtext>
<ptxt>Lubricate conta#@#@#32#ings.</ptxt>
<ptxt>Place gauge <toolitem id="KC08458109"/> at rear of cam#@#@#1#haft.</ptxt>
<caution>
<ptxt>Both cams for n#@#@#49#rows.</ptxt>
</caution>
</graphtext>
</grate>
</procstep>
<procstep id="KC02295664">
<title>Installing cams#@#@#12#and 3</title>
<grate>
<graphic id="KC08458110" width="column">
<href>0900c8af806a762#@#@#9#.jpeg</href>
</graphic>
<graphtext>
<ptxt>Install caps co#@#@#22#-set.</ptxt>
<ptxt>Tighten nuts cr#@#@#55#auge <toolitem id="KC08458111"/>
at rear when t#@#@#10#caps.</ptxt>
</graphtext>
</grate>
</procstep>
<procstep id="KC02295665">
<title>Installing cams#@#@#10#hafts</title>
<grate>
<graphic id="KC08458112" width="column">
<href>0900c8af806a762#@#@#9#.jpeg</href>
</graphic>
<graphtext>
<ptxt>Remove gauge <toolitem id="KC08458113"/>.</ptxt>
<ptxt>Oil the seals.</ptxt>
<ptxt>Do not push in #@#@#63#rly. </ptxt>
</graphtext>
</grate>
</procstep>
<procstep id="KC02295666">
<title>Installing cams#@#@#12#and 4</title>
<grate>
<graphic id="KC08458114" width="column">
<href>0900c8af806a762#@#@#9#.jpeg</href>
</graphic>
<graphtext>
<ptxt>Make sure that #@#@#47#ctly.</ptxt>
<ptxt>Torque all four#@#@#1#caps.</ptxt>
<ptxt>Torque = 20 Nm #@#@#9#bs.).</ptxt>
</graphtext>
</grate>
</procstep>
<procstep id="KC02295667">
<title>Tap in oil seal#@#@#6#ottom</title>
<ptxt>Rear
oil seal: #@#@#7#pter <toolitem id="KC08458115"/>
and bolt for c#@#@#17#cket.</ptxt>
<ptxt>Front oil seal:#@#@#8#pter <toolitem id="KC08458116"/> and tap seal i#@#@#8#tion.</ptxt>
<ptxt>It is advisable#@#@#61# See <xref>
<ref id="KC08458117"/>
</xref> and <xref>
<ref id="KC08458118"/>
</xref>.</ptxt>
</procstep>
<procstep id="KC02295668">
<title/>
<grate>
<graphic id="KC08458119" width="column">
<href>0900c8af806a755#@#@#9#.jpeg</href>
</graphic>
<graphtext>
<ptxt>Install bolts f#@#@#9#over.</ptxt>
</graphtext>
</grate>
</procstep>
<procstep id="KC02295669">
<title>Installing gear#@#@#28#ocket</title>
<ptxt>Pull belt to en#@#@#47#gear.</ptxt>
<ptxt>Place belt over#@#@#44#belt.</ptxt>
<ptxt>Install center #@#@#93#ting.</ptxt>
</procstep>
<procstep id="KC02295670">
<title>Setting belt tension</title>
<grate>
<graphic id="KC08458120" width="column">
<href>0900c8af8067ada#@#@#9#.jpeg</href>
</graphic>
<graphtext>
<ptxt>Adjust tension #@#@#18#pump.</ptxt>
<ptxt>Use gauge <toolitem id="KC08458121"/> to check tension.</ptxt>
<ptxt>Attach gauge to#@#@#24#its.
</ptxt>
<ptxt>Stretch belt un#@#@#68#olts.</ptxt>
<ptxt>Depress belt wi#@#@#47#sion.</ptxt>
</graphtext>
</grate>
</procstep>
<procstep id="KC02295671">
<title>Make sure cyl. #@#@#9#.D.C.</title>
<grate>
<graphic id="KC08458122" width="column">
<href>0900c8af8012b44#@#@#9#.jpeg</href>
</graphic>
<graphtext>
<ptxt>Check 'O' mark #@#@#7#heel.</ptxt>
</graphtext>
</grate>
</procstep>
<procstep id="KC02295672">
<title>Setting camshaf#@#@#5#ition</title>
<para>
<ptxt>Set camshaft po#@#@#2#tion.</ptxt>
<ptxt>Place gauge <toolitem id="KC08458123"/> at rear of cam#@#@#1#haft.</ptxt>
<ptxt>Insert a 0.2 mm#@#@#86#ance.</ptxt>
</para>
</procstep>
<procstep id="KC02295673">
<title>Tightening cams#@#@#14#ocket</title>
<grate>
<graphic id="KC08458124" width="column">
<href>0900c8af8067ada#@#@#9#.jpeg</href>
</graphic>
<graphtext>
<ptxt>Use <toolitem id="KC08458125"/> to prevent spr#@#@#14#ning.</ptxt>
<ptxt>Torque center b#@#@#23#s.).
</ptxt>
<ptxt>Remove gauge <toolitem id="KC08458126"/> and feeler gau#@#@#17# pump</ptxt>
<ptxt>See <xref>
<ref id="KC08458127"/>
</xref>
and <xref>
<ref id="KC08458128"/>
</xref>.</ptxt>
</graphtext>
</grate>
</procstep>
<procstep id="KC02295674">
<title>Installing plun#@#@#14# pump</title>
<grate>
<graphic id="KC08458129" width="column">
<href>0900c8af806a762#@#@#9#.jpeg</href>
</graphic>
<graphtext>
<ptxt>Ensure cyl. 1 i#@#@#73#ther.</ptxt>
<ptxt>Flywheel at 'O'#@#@#1#mark.</ptxt>
</graphtext>
</grate>
</procstep>
<procstep id="KC02295675">
<title>Adjusting valve#@#@#5#rance</title>
<grate>
<graphic id="KC08458130" width="column">
<href>0900c8af8012b3f#@#@#9#.jpeg</href>
</graphic>
<graphtext>
<ptxt>See <xref>
<ref id="KC08458131"/>
</xref>.</ptxt>
<caution>
<ptxt>Valve clearance#@#@#54# km).</ptxt>
</caution>
</graphtext>
</grate>
</procstep>
<procstep id="KC02295676">
<title>Installing comp#@#@#1#nents</title>
<grate>
<graphic id="KC08458132" width="column">
<href>0900c8af806a75f#@#@#9#.jpeg</href>
</graphic>
<graphtext>
<ptxt>Install:</ptxt>
<list1 enumtype="d" type="unordered">
<item>
<ptxt>front and rear #@#@#13#overs</ptxt>
</item>
<item>
<ptxt>power steering #@#@#12#acket</ptxt>
</item>
<item>
<ptxt>alternator in c#@#@#20#ator
</ptxt>
</item>
<item>
<ptxt>valve cover</ptxt>
</item>
<item>
<ptxt>hose extension #@#@#24#
TIC)</ptxt>
</item>
<item>
<ptxt>hose from inter#@#@#12# TIC)</ptxt>
</item>
<item>
<ptxt>hose for crankc#@#@#10#ation</ptxt>
</item>
</list1>
<ptxt>After work whic#@#@#157#ator.</ptxt>
</graphtext>
</grate>
</procstep>
</stepgrp>
</procedure>
</servinfosub>